Datetime,Open,High,Low,Close,Volume,Dividends,Stock Splits
2022-10-06 09:30:00-04:00,111.41000366210938,113.61499786376953,111.41000366210938,111.8550033569336,0,0.0,0.0
2022-10-06 10:30:00-04:00,111.87000274658203,112.77999877929688,111.83999633789062,112.25499725341797,27582,0.0,0.0
2022-10-06 11:30:00-04:00,111.95999908447266,112.41000366210938,111.22000122070312,111.6500015258789,18790,0.0,0.0
2022-10-06 12:30:00-04:00,111.6500015258789,114.22000122070312,111.41999816894531,112.79000091552734,90361,0.0,0.0
2022-10-06 13:30:00-04:00,112.75,113.19999694824219,111.83499908447266,111.83499908447266,50207,0.0,0.0
2022-10-06 14:30:00-04:00,111.66000366210938,111.87000274658203,110.97000122070312,111.66000366210938,38599,0.0,0.0
2022-10-06 15:30:00-04:00,111.77999877929688,112.54000091552734,111.55000305175781,111.97000122070312,77953,0.0,0.0
2022-10-07 09:30:00-04:00,109.97000122070312,110.11000061035156,107.04000091552734,107.41999816894531,40921,0.0,0.0
2022-10-07 10:30:00-04:00,107.12000274658203,108.0,106.48999786376953,106.9000015258789,39564,0.0,0.0
2022-10-07 11:30:00-04:00,106.90499877929688,107.05000305175781,105.29000091552734,105.87999725341797,45086,0.0,0.0
2022-10-07 12:30:00-04:00,105.63999938964844,106.77999877929688,105.62999725341797,106.76000213623047,22754,0.0,0.0
2022-10-07 13:30:00-04:00,106.69499969482422,107.55999755859375,106.56999969482422,107.24500274658203,38299,0.0,0.0
2022-10-07 14:30:00-04:00,107.26000213623047,107.5,106.77210235595703,106.80500030517578,27474,0.0,0.0
2022-10-07 15:30:00-04:00,106.81999969482422,107.08000183105469,106.52999877929688,107.08000183105469,48176,0.0,0.0
2022-10-10 09:30:00-04:00,107.80000305175781,109.05999755859375,106.11000061035156,109.05999755859375,45659,0.0,0.0
2022-10-10 10:30:00-04:00,108.9749984741211,109.05999755859375,107.4800033569336,107.99539947509766,38464,0.0,0.0
2022-10-10 11:30:00-04:00,107.79000091552734,108.37000274658203,106.80000305175781,106.80000305175781,11324,0.0,0.0
2022-10-10 12:30:00-04:00,106.78500366210938,106.83000183105469,106.38999938964844,106.69000244140625,14093,0.0,0.0
2022-10-10 13:30:00-04:00,106.91999816894531,107.83000183105469,106.7699966430664,107.3499984741211,21883,0.0,0.0
2022-10-10 14:30:00-04:00,107.52999877929688,107.98500061035156,107.2300033569336,107.45500183105469,40227,0.0,0.0
2022-10-10 15:30:00-04:00,107.37000274658203,107.95500183105469,107.37000274658203,107.52999877929688,37983,0.0,0.0
2022-10-11 09:30:00-04:00,106.5999984741211,106.5999984741211,104.66000366210938,105.54000091552734,0,0.0,0.0
2022-10-11 10:30:00-04:00,105.36000061035156,106.76000213623047,105.16999816894531,106.5199966430664,33759,0.0,0.0
2022-10-11 11:30:00-04:00,106.45999908447266,107.37000274658203,106.37999725341797,107.37000274658203,21965,0.0,0.0
2022-10-11 12:30:00-04:00,107.58000183105469,108.10389709472656,107.0199966430664,107.30000305175781,12017,0.0,0.0
2022-10-11 13:30:00-04:00,107.28500366210938,107.62000274658203,107.0199966430664,107.43000030517578,16114,0.0,0.0
2022-10-11 14:30:00-04:00,107.66999816894531,107.66999816894531,105.2750015258789,105.80999755859375,19383,0.0,0.0
2022-10-11 15:30:00-04:00,105.75,106.20999908447266,105.375,106.02999877929688,53464,0.0,0.0
2022-10-12 09:30:00-04:00,106.73999786376953,106.73999786376953,104.86000061035156,105.63999938964844,51141,0.0,0.0
2022-10-12 10:30:00-04:00,105.50749969482422,105.6500015258789,104.48999786376953,105.57499694824219,28247,0.0,0.0
2022-10-12 11:30:00-04:00,105.58000183105469,106.16000366210938,105.29000091552734,105.42500305175781,13322,0.0,0.0
2022-10-12 12:30:00-04:00,105.54000091552734,106.79000091552734,105.45500183105469,106.5,25948,0.0,0.0
2022-10-12 13:30:00-04:00,106.48999786376953,106.76000213623047,105.94000244140625,106.5999984741211,69532,0.0,0.0
2022-10-12 14:30:00-04:00,106.66999816894531,107.12999725341797,106.47000122070312,106.69000244140625,29880,0.0,0.0
2022-10-12 15:30:00-04:00,106.69000244140625,107.02999877929688,106.68000030517578,107.0,105441,0.0,0.0
2022-10-13 09:30:00-04:00,103.51000213623047,105.82499694824219,100.01000213623047,104.8949966430664,84570,0.0,0.0
2022-10-13 10:30:00-04:00,104.80000305175781,108.10399627685547,104.76000213623047,107.7750015258789,41876,0.0,0.0
2022-10-13 11:30:00-04:00,107.44499969482422,109.56999969482422,107.44499969482422,108.0199966430664,25856,0.0,0.0
2022-10-13 12:30:00-04:00,108.01000213623047,109.91000366210938,107.95999908447266,109.80000305175781,25512,0.0,0.0
2022-10-13 13:30:00-04:00,110.02999877929688,110.16999816894531,109.19000244140625,109.19000244140625,41570,0.0,0.0
2022-10-13 14:30:00-04:00,109.33000183105469,110.0824966430664,109.12000274658203,109.33000183105469,44242,0.0,0.0
2022-10-13 15:30:00-04:00,109.33499908447266,109.5199966430664,108.63999938964844,108.8499984741211,96488,0.0,0.0
2022-10-14 09:30:00-04:00,110.16000366210938,110.36000061035156,105.96499633789062,106.95999908447266,0,0.0,0.0
2022-10-14 10:30:00-04:00,106.55999755859375,106.9800033569336,104.18499755859375,104.73999786376953,60357,0.0,0.0
2022-10-14 11:30:00-04:00,104.5199966430664,104.68000030517578,102.16500091552734,102.8499984741211,29399,0.0,0.0
2022-10-14 12:30:00-04:00,102.7750015258789,102.83000183105469,101.75499725341797,102.19000244140625,26563,0.0,0.0
2022-10-14 13:30:00-04:00,102.13999938964844,102.84120178222656,101.62000274658203,101.80999755859375,39466,0.0,0.0
2022-10-14 14:30:00-04:00,101.55999755859375,101.70999908447266,100.98999786376953,101.2300033569336,37448,0.0,0.0
2022-10-14 15:30:00-04:00,101.13999938964844,101.83499908447266,100.94000244140625,101.12000274658203,65101,0.0,0.0
2022-10-17 09:30:00-04:00,104.0199966430664,107.9000015258789,103.5250015258789,107.05000305175781,44499,0.0,0.0
2022-10-17 10:30:00-04:00,107.08999633789062,107.88999938964844,106.47000122070312,107.88999938964844,48553,0.0,0.0
2022-10-17 11:30:00-04:00,107.7699966430664,108.5,106.58000183105469,106.98179626464844,22525,0.0,0.0
2022-10-17 12:30:00-04:00,107.05000305175781,107.125,106.5999984741211,106.8949966430664,12867,0.0,0.0
2022-10-17 13:30:00-04:00,106.73999786376953,106.80000305175781,105.66500091552734,106.19999694824219,28552,0.0,0.0
2022-10-17 14:30:00-04:00,106.05999755859375,106.7698974609375,105.93000030517578,106.3280029296875,22577,0.0,0.0
2022-10-17 15:30:00-04:00,106.3499984741211,106.7300033569336,106.08999633789062,106.29499816894531,40059,0.0,0.0
2022-10-18 09:30:00-04:00,109.47000122070312,111.55999755859375,109.47000122070312,109.88500213623047,51053,0.0,0.0
2022-10-18 10:30:00-04:00,109.91999816894531,110.87999725341797,108.52999877929688,108.52999877929688,35328,0.0,0.0
2022-10-18 11:30:00-04:00,108.37310028076172,108.88999938964844,107.70999908447266,108.33000183105469,31394,0.0,0.0
2022-10-18 12:30:00-04:00,108.32499694824219,108.80999755859375,108.21589660644531,108.69999694824219,13910,0.0,0.0
2022-10-18 13:30:00-04:00,108.80999755859375,109.7300033569336,108.7699966430664,109.19999694824219,25941,0.0,0.0
2022-10-18 14:30:00-04:00,109.22000122070312,109.22000122070312,107.80999755859375,108.45999908447266,18100,0.0,0.0
2022-10-18 15:30:00-04:00,108.5,109.52999877929688,108.5,109.5199966430664,35931,0.0,0.0
2022-10-19 09:30:00-04:00,111.19999694824219,111.25,107.74250030517578,108.79000091552734,76166,0.0,0.0
2022-10-19 10:30:00-04:00,108.91500091552734,109.11000061035156,106.6449966430664,106.70999908447266,35142,0.0,0.0
2022-10-19 11:30:00-04:00,106.63999938964844,107.48999786376953,105.51000213623047,105.51000213623047,15876,0.0,0.0
2022-10-19 12:30:00-04:00,105.41999816894531,105.81999969482422,104.30999755859375,104.83999633789062,22362,0.0,0.0
2022-10-19 13:30:00-04:00,104.82499694824219,105.66999816894531,104.23999786376953,105.66999816894531,18925,0.0,0.0
2022-10-19 14:30:00-04:00,105.66000366210938,106.0,105.44000244140625,105.44999694824219,22444,0.0,0.0
2022-10-19 15:30:00-04:00,105.46089935302734,105.6500015258789,104.9800033569336,105.55500030517578,55740,0.0,0.0
2022-10-20 09:30:00-04:00,104.83000183105469,106.43000030517578,103.22100067138672,104.74500274658203,28418,0.0,0.0
2022-10-20 10:30:00-04:00,104.95999908447266,104.95999908447266,102.36000061035156,102.36000061035156,38394,0.0,0.0
2022-10-20 11:30:00-04:00,102.3499984741211,102.49870300292969,100.66999816894531,100.75,65209,0.0,0.0
2022-10-20 12:30:00-04:00,100.9800033569336,101.05999755859375,98.3550033569336,98.55999755859375,66340,0.0,0.0
2022-10-20 13:30:00-04:00,98.55500030517578,98.7699966430664,97.36000061035156,98.5999984741211,81861,0.0,0.0
2022-10-20 14:30:00-04:00,98.87999725341797,100.27999877929688,98.77999877929688,99.82499694824219,71227,0.0,0.0
2022-10-20 15:30:00-04:00,99.81500244140625,100.79000091552734,99.58499908447266,100.79000091552734,111729,0.0,0.0
2022-10-21 09:30:00-04:00,100.76000213623047,102.69999694824219,99.43180084228516,101.4749984741211,46898,0.0,0.0
2022-10-21 10:30:00-04:00,101.5999984741211,102.16000366210938,100.5999984741211,102.13999938964844,38931,0.0,0.0
2022-10-21 11:30:00-04:00,102.30000305175781,102.55500030517578,101.7300033569336,102.1500015258789,33266,0.0,0.0
2022-10-21 12:30:00-04:00,102.1500015258789,103.18000030517578,101.9800033569336,102.61000061035156,22975,0.0,0.0
2022-10-21 13:30:00-04:00,102.5999984741211,103.22000122070312,102.34500122070312,103.06999969482422,20593,0.0,0.0
2022-10-21 14:30:00-04:00,103.08000183105469,103.43000030517578,102.41999816894531,103.41000366210938,23354,0.0,0.0
2022-10-21 15:30:00-04:00,103.47000122070312,104.26000213623047,103.44999694824219,104.22000122070312,68028,0.0,0.0
2022-10-24 09:30:00-04:00,105.0,105.87999725341797,104.51000213623047,104.93000030517578,35866,0.0,0.0
2022-10-24 10:30:00-04:00,105.20999908447266,106.5199966430664,104.62999725341797,106.36000061035156,46467,0.0,0.0
2022-10-24 11:30:00-04:00,106.22000122070312,108.01000213623047,106.22000122070312,107.67350006103516,30358,0.0,0.0
2022-10-24 12:30:00-04:00,107.79000091552734,108.25,107.41999816894531,107.41999816894531,26988,0.0,0.0
2022-10-24 13:30:00-04:00,107.55000305175781,108.37000274658203,107.42500305175781,107.90499877929688,27720,0.0,0.0
2022-10-24 14:30:00-04:00,107.94000244140625,108.88999938964844,107.83000183105469,108.83999633789062,36005,0.0,0.0
2022-10-24 15:30:00-04:00,108.70500183105469,108.70500183105469,108.12000274658203,108.29000091552734,72483,0.0,0.0
2022-10-25 09:30:00-04:00,108.41000366210938,111.94999694824219,108.2750015258789,111.7300033569336,34269,0.0,0.0
2022-10-25 10:30:00-04:00,111.75,112.0199966430664,110.58999633789062,110.95500183105469,64053,0.0,0.0
2022-10-25 11:30:00-04:00,111.01000213623047,112.9800033569336,110.98999786376953,112.62000274658203,26232,0.0,0.0
2022-10-25 12:30:00-04:00,112.56999969482422,112.75,110.91999816894531,111.37999725341797,25076,0.0,0.0
2022-10-25 13:30:00-04:00,111.4800033569336,111.80000305175781,110.8499984741211,111.51000213623047,39692,0.0,0.0
2022-10-25 14:30:00-04:00,111.44000244140625,112.57499694824219,111.37999725341797,112.47000122070312,40025,0.0,0.0
2022-10-25 15:30:00-04:00,112.41999816894531,113.33999633789062,112.41999816894531,113.25,70092,0.0,0.0
2022-10-26 09:30:00-04:00,112.58000183105469,114.2300033569336,110.87000274658203,113.93000030517578,51415,0.0,0.0
2022-10-26 10:30:00-04:00,114.12000274658203,114.62000274658203,113.33000183105469,114.25,35629,0.0,0.0
2022-10-26 11:30:00-04:00,114.26000213623047,114.56999969482422,113.54000091552734,113.87000274658203,21154,0.0,0.0
2022-10-26 12:30:00-04:00,113.83000183105469,113.94999694824219,112.43000030517578,113.12999725341797,31308,0.0,0.0
2022-10-26 13:30:00-04:00,113.16000366210938,113.5199966430664,112.62000274658203,113.27999877929688,25893,0.0,0.0
2022-10-26 14:30:00-04:00,113.27999877929688,113.63999938964844,112.875,113.3499984741211,58328,0.0,0.0
2022-10-26 15:30:00-04:00,113.3499984741211,113.80000305175781,113.04000091552734,113.54000091552734,144245,0.0,0.0
2022-10-27 09:30:00-04:00,114.69000244140625,116.05999755859375,113.99829864501953,115.37000274658203,0,0.0,0.0
2022-10-27 10:30:00-04:00,115.2300033569336,116.56999969482422,114.16000366210938,116.19000244140625,60805,0.0,0.0
2022-10-27 11:30:00-04:00,116.3499984741211,118.19999694824219,116.18000030517578,117.63999938964844,57312,0.0,0.0
2022-10-27 12:30:00-04:00,117.69999694824219,119.36000061035156,117.45500183105469,118.52999877929688,54345,0.0,0.0
2022-10-27 13:30:00-04:00,118.62999725341797,119.16000366210938,117.31999969482422,117.33000183105469,43449,0.0,0.0
2022-10-27 14:30:00-04:00,117.26000213623047,117.26000213623047,116.1050033569336,116.33999633789062,45451,0.0,0.0
2022-10-27 15:30:00-04:00,116.13999938964844,116.55000305175781,115.87000274658203,116.0199966430664,121494,0.0,0.0
2022-10-28 09:30:00-04:00,116.2699966430664,118.20999908447266,115.67500305175781,117.29000091552734,0,0.0,0.0
2022-10-28 10:30:00-04:00,117.33999633789062,118.17500305175781,117.00090026855469,117.91999816894531,25431,0.0,0.0
2022-10-28 11:30:00-04:00,117.86000061035156,119.91000366210938,117.83000183105469,119.83000183105469,67948,0.0,0.0
2022-10-28 12:30:00-04:00,119.7750015258789,120.67500305175781,119.41000366210938,120.4749984741211,39622,0.0,0.0
2022-10-28 13:30:00-04:00,120.54000091552734,121.19000244140625,120.4749984741211,121.01499938964844,37560,0.0,0.0
2022-10-28 14:30:00-04:00,121.08000183105469,121.52999877929688,120.83499908447266,121.13999938964844,37247,0.0,0.0
2022-10-28 15:30:00-04:00,121.16999816894531,122.19000244140625,120.87999725341797,122.19000244140625,157011,0.0,0.0
2022-10-31 09:30:00-04:00,120.43000030517578,121.6449966430664,117.58999633789062,117.7699966430664,54172,0.0,0.0
2022-10-31 10:30:00-04:00,117.94000244140625,118.71499633789062,117.51000213623047,118.24960327148438,49858,0.0,0.0
2022-10-31 11:30:00-04:00,118.43000030517578,118.51499938964844,116.81999969482422,117.37000274658203,31980,0.0,0.0
2022-10-31 12:30:00-04:00,117.22000122070312,117.94000244140625,116.91000366210938,117.91000366210938,33926,0.0,0.0
2022-10-31 13:30:00-04:00,117.90750122070312,118.0999984741211,116.69999694824219,116.70379638671875,47279,0.0,0.0
2022-10-31 14:30:00-04:00,116.87000274658203,117.31999969482422,116.52999877929688,116.97000122070312,49847,0.0,0.0
2022-10-31 15:30:00-04:00,117.05000305175781,117.31999969482422,115.73999786376953,115.87000274658203,115579,0.0,0.0
2022-11-01 09:30:00-04:00,117.7699966430664,119.12000274658203,116.21499633789062,116.63249969482422,62366,0.0,0.0
2022-11-01 10:30:00-04:00,116.63500213623047,116.63500213623047,114.97000122070312,115.3499984741211,58756,0.0,0.0
2022-11-01 11:30:00-04:00,115.30000305175781,115.85399627685547,114.80500030517578,115.41999816894531,44244,0.0,0.0
2022-11-01 12:30:00-04:00,115.37000274658203,116.80999755859375,115.37000274658203,116.4800033569336,29764,0.0,0.0
2022-11-01 13:30:00-04:00,116.5802993774414,116.6050033569336,115.8895034790039,116.13999938964844,56811,0.0,0.0
2022-11-01 14:30:00-04:00,116.1500015258789,116.1500015258789,115.15499877929688,115.23999786376953,76715,0.0,0.0
2022-11-01 15:30:00-04:00,115.30999755859375,115.44000244140625,114.79000091552734,115.02999877929688,105094,0.0,0.0
2022-11-02 09:30:00-04:00,118.23999786376953,120.41000366210938,115.0,116.66000366210938,125966,0.0,0.0
2022-11-02 10:30:00-04:00,116.69999694824219,118.41000366210938,116.41000366210938,117.07499694824219,82621,0.0,0.0
2022-11-02 11:30:00-04:00,117.16999816894531,117.16999816894531,116.0199966430664,116.30999755859375,55671,0.0,0.0
2022-11-02 12:30:00-04:00,116.16999816894531,116.3499984741211,115.6500015258789,116.0,40890,0.0,0.0
2022-11-02 13:30:00-04:00,116.01000213623047,117.58499908447266,116.0,117.58499908447266,117624,0.0,0.0
2022-11-02 14:30:00-04:00,117.81999969482422,117.95500183105469,110.55000305175781,110.94000244140625,109124,0.0,0.0
2022-11-02 15:30:00-04:00,110.9000015258789,111.68000030517578,109.91999816894531,111.125,187544,0.0,0.0
2022-11-03 09:30:00-04:00,108.72000122070312,109.94999694824219,103.45999908447266,105.66999816894531,0,0.0,0.0
2022-11-03 10:30:00-04:00,105.93000030517578,106.29000091552734,104.61000061035156,105.13999938964844,67092,0.0,0.0
2022-11-03 11:30:00-04:00,105.0,107.91000366210938,104.94000244140625,107.58999633789062,57766,0.0,0.0
2022-11-03 12:30:00-04:00,107.5999984741211,108.19000244140625,107.04000091552734,107.23999786376953,40603,0.0,0.0
2022-11-03 13:30:00-04:00,107.12999725341797,110.87000274658203,107.06999969482422,109.5199966430664,66463,0.0,0.0
2022-11-03 14:30:00-04:00,109.61499786376953,110.97000122070312,109.51000213623047,110.27999877929688,114184,0.0,0.0
2022-11-03 15:30:00-04:00,110.38999938964844,110.63999938964844,108.4800033569336,109.08999633789062,82438,0.0,0.0
2022-11-04 09:30:00-04:00,111.22000122070312,111.83000183105469,108.55000305175781,109.94000244140625,44934,0.0,0.0
2022-11-04 10:30:00-04:00,110.03500366210938,110.95999908447266,109.43000030517578,109.95999908447266,34068,0.0,0.0
2022-11-04 11:30:00-04:00,109.9800033569336,110.08000183105469,107.73500061035156,108.05000305175781,19085,0.0,0.0
2022-11-04 12:30:00-04:00,107.8499984741211,107.93569946289062,107.08000183105469,107.11000061035156,15556,0.0,0.0
2022-11-04 13:30:00-04:00,107.22000122070312,107.41000366210938,106.79000091552734,107.33999633789062,20414,0.0,0.0
2022-11-04 14:30:00-04:00,107.18000030517578,108.9749984741211,107.18000030517578,108.88999938964844,33080,0.0,0.0
2022-11-04 15:30:00-04:00,108.66999816894531,109.37999725341797,108.59500122070312,108.9000015258789,56100,0.0,0.0
2022-11-07 09:30:00-05:00,109.93000030517578,109.93000030517578,107.43000030517578,107.80000305175781,24480,0.0,0.0
2022-11-07 10:30:00-05:00,107.62999725341797,108.3949966430664,107.43000030517578,108.0999984741211,30589,0.0,0.0
2022-11-07 11:30:00-05:00,108.5156021118164,108.6500015258789,108.06999969482422,108.62999725341797,16772,0.0,0.0
2022-11-07 12:30:00-05:00,108.55000305175781,109.58499908447266,108.55000305175781,109.44999694824219,22313,0.0,0.0
2022-11-07 13:30:00-05:00,109.44999694824219,110.13259887695312,109.29000091552734,110.0999984741211,23870,0.0,0.0
2022-11-07 14:30:00-05:00,109.94999694824219,110.61000061035156,109.94999694824219,110.55000305175781,20296,0.0,0.0
2022-11-07 15:30:00-05:00,110.72000122070312,111.0199966430664,110.31999969482422,110.95999908447266,48272,0.0,0.0
2022-11-08 09:30:00-05:00,112.44999694824219,113.61000061035156,111.0,113.05000305175781,39775,0.0,0.0
2022-11-08 10:30:00-05:00,113.46499633789062,114.51000213623047,112.91999816894531,114.33999633789062,22297,0.0,0.0
2022-11-08 11:30:00-05:00,114.33999633789062,115.18499755859375,114.33999633789062,114.72000122070312,27667,0.0,0.0
2022-11-08 12:30:00-05:00,114.83999633789062,114.83999633789062,112.04000091552734,112.04000091552734,28330,0.0,0.0
2022-11-08 13:30:00-05:00,111.93000030517578,112.91999816894531,111.73500061035156,111.73500061035156,87264,0.0,0.0
2022-11-08 14:30:00-05:00,111.73500061035156,113.94000244140625,111.73500061035156,113.94000244140625,41257,0.0,0.0
2022-11-08 15:30:00-05:00,113.86000061035156,114.55999755859375,113.86000061035156,114.44000244140625,60707,0.0,0.0
2022-11-09 09:30:00-05:00,112.12000274658203,115.95999908447266,112.12000274658203,115.04000091552734,33937,0.0,0.0
2022-11-09 10:30:00-05:00,115.19499969482422,115.19499969482422,113.5999984741211,114.73500061035156,24238,0.0,0.0
2022-11-09 11:30:00-05:00,114.66999816894531,115.62000274658203,113.87000274658203,114.16999816894531,30218,0.0,0.0
2022-11-09 12:30:00-05:00,114.31999969482422,114.68000030517578,114.0999984741211,114.19499969482422,25651,0.0,0.0
2022-11-09 13:30:00-05:00,114.06999969482422,114.33000183105469,113.31999969482422,114.12000274658203,33705,0.0,0.0
2022-11-09 14:30:00-05:00,114.12000274658203,114.27999877929688,113.12999725341797,113.8499984741211,43387,0.0,0.0
2022-11-09 15:30:00-05:00,113.68499755859375,113.77999877929688,112.94000244140625,113.37000274658203,46740,0.0,0.0
2022-11-10 09:30:00-05:00,122.38999938964844,131.10000610351562,121.4749984741211,130.9149932861328,81462,0.0,0.0
2022-11-10 10:30:00-05:00,131.0800018310547,133.1699981689453,129.5,132.53500366210938,75211,0.0,0.0
2022-11-10 11:30:00-05:00,132.72000122070312,133.69000244140625,131.5500030517578,131.8300018310547,86091,0.0,0.0
2022-11-10 12:30:00-05:00,131.67999267578125,131.86000061035156,130.74000549316406,131.67999267578125,35781,0.0,0.0
2022-11-10 13:30:00-05:00,131.72999572753906,132.08999633789062,130.91000366210938,131.10000610351562,48217,0.0,0.0
2022-11-10 14:30:00-05:00,131.11000061035156,131.17999267578125,130.08999633789062,130.9499969482422,52702,0.0,0.0
2022-11-10 15:30:00-05:00,130.99000549316406,131.52999877929688,130.61000061035156,130.69000244140625,135172,0.0,0.0
2022-11-11 09:30:00-05:00,129.5,137.47000122070312,129.5,137.14999389648438,41343,0.0,0.0
2022-11-11 10:30:00-05:00,136.9199981689453,137.49000549316406,135.5399932861328,135.6699981689453,53418,0.0,0.0
2022-11-11 11:30:00-05:00,135.57000732421875,135.89999389648438,133.9499969482422,135.2100067138672,33860,0.0,0.0
2022-11-11 12:30:00-05:00,135.41000366210938,138.13999938964844,134.9499969482422,137.72000122070312,54654,0.0,0.0
2022-11-11 13:30:00-05:00,137.5749969482422,139.38999938964844,137.4499969482422,139.375,59344,0.0,0.0
2022-11-11 14:30:00-05:00,139.27999877929688,140.97000122070312,135.96499633789062,136.25,152734,0.0,0.0
2022-11-11 15:30:00-05:00,136.30999755859375,137.2100067138672,135.99000549316406,136.52999877929688,101729,0.0,0.0
2022-11-14 09:30:00-05:00,134.16000366210938,135.24000549316406,131.35000610351562,131.67999267578125,43409,0.0,0.0
2022-11-14 10:30:00-05:00,131.5399932861328,131.9499969482422,130.0500030517578,130.49000549316406,34939,0.0,0.0
2022-11-14 11:30:00-05:00,130.41000366210938,131.3800048828125,129.85000610351562,130.38670349121094,30926,0.0,0.0
2022-11-14 12:30:00-05:00,130.6199951171875,131.2899932861328,130.27499389648438,130.9600067138672,35469,0.0,0.0
2022-11-14 13:30:00-05:00,130.83999633789062,131.25,129.6300048828125,129.69500732421875,51973,0.0,0.0
2022-11-14 14:30:00-05:00,129.6699981689453,130.3000030517578,128.38999938964844,128.49000549316406,55053,0.0,0.0
2022-11-14 15:30:00-05:00,128.6300048828125,128.6929931640625,127.08000183105469,127.2300033569336,72757,0.0,0.0
2022-11-15 09:30:00-05:00,130.4199981689453,131.5,127.87000274658203,128.97999572753906,26409,0.0,0.0
2022-11-15 10:30:00-05:00,128.92999267578125,130.90499877929688,128.92999267578125,130.22999572753906,48725,0.0,0.0
2022-11-15 11:30:00-05:00,130.02499389648438,130.77000427246094,129.41000366210938,129.41000366210938,23383,0.0,0.0
2022-11-15 12:30:00-05:00,129.49000549316406,130.77999877929688,128.72000122070312,129.19500732421875,40099,0.0,0.0
2022-11-15 13:30:00-05:00,129.33999633789062,130.92999267578125,128.65499877929688,130.86000061035156,23774,0.0,0.0
2022-11-15 14:30:00-05:00,130.86000061035156,131.72000122070312,130.0050048828125,130.5,37858,0.0,0.0
2022-11-15 15:30:00-05:00,130.3300018310547,130.58999633789062,129.6999969482422,129.97000122070312,52797,0.0,0.0
2022-11-16 09:30:00-05:00,128.7100067138672,128.9949951171875,126.11900329589844,127.30500030517578,58048,0.0,0.0
2022-11-16 10:30:00-05:00,126.9000015258789,127.86000061035156,125.94000244140625,126.86000061035156,20300,0.0,0.0
2022-11-16 11:30:00-05:00,126.66999816894531,127.25,126.05000305175781,126.56999969482422,16114,0.0,0.0
2022-11-16 12:30:00-05:00,126.41999816894531,127.05999755859375,126.41999816894531,126.86499786376953,18056,0.0,0.0
2022-11-16 13:30:00-05:00,126.87100219726562,127.3499984741211,126.5999984741211,127.3499984741211,25513,0.0,0.0
2022-11-16 14:30:00-05:00,127.31999969482422,127.95999908447266,127.19000244140625,127.23999786376953,31884,0.0,0.0
2022-11-16 15:30:00-05:00,127.1500015258789,127.97000122070312,127.0199966430664,127.26000213623047,69249,0.0,0.0
2022-11-17 09:30:00-05:00,124.04000091552734,126.1500015258789,120.8499984741211,120.8499984741211,26617,0.0,0.0
2022-11-17 10:30:00-05:00,120.5199966430664,120.70999908447266,119.5199966430664,120.03500366210938,28138,0.0,0.0
2022-11-17 11:30:00-05:00,120.0199966430664,122.02999877929688,119.55999755859375,121.4800033569336,26626,0.0,0.0
2022-11-17 12:30:00-05:00,121.29000091552734,122.88999938964844,121.29000091552734,122.5,20010,0.0,0.0
2022-11-17 13:30:00-05:00,122.33000183105469,122.52999877929688,121.61000061035156,121.66000366210938,34674,0.0,0.0
2022-11-17 14:30:00-05:00,121.81999969482422,121.94999694824219,119.87000274658203,119.98999786376953,37134,0.0,0.0
2022-11-17 15:30:00-05:00,119.88999938964844,120.80000305175781,119.88999938964844,120.12999725341797,80101,0.0,0.0
2022-11-18 09:30:00-05:00,123.01000213623047,123.01000213623047,119.34500122070312,120.55000305175781,0,0.0,0.0
2022-11-18 10:30:00-05:00,120.88999938964844,121.23999786376953,118.69000244140625,118.80000305175781,39006,0.0,0.0
2022-11-18 11:30:00-05:00,118.79000091552734,119.0199966430664,118.05000305175781,118.88500213623047,37514,0.0,0.0
2022-11-18 12:30:00-05:00,118.76000213623047,119.44999694824219,118.76000213623047,119.37999725341797,19301,0.0,0.0
2022-11-18 13:30:00-05:00,119.66000366210938,119.93000030517578,119.08499908447266,119.69000244140625,19550,0.0,0.0
2022-11-18 14:30:00-05:00,119.69000244140625,120.11499786376953,119.16999816894531,119.94000244140625,37287,0.0,0.0
2022-11-18 15:30:00-05:00,119.87999725341797,120.13999938964844,119.33999633789062,120.12000274658203,88901,0.0,0.0
2022-11-21 09:30:00-05:00,118.79000091552734,120.41000366210938,118.35009765625,119.51499938964844,23115,0.0,0.0
2022-11-21 10:30:00-05:00,119.86000061035156,121.0,119.86000061035156,120.7300033569336,21036,0.0,0.0
2022-11-21 11:30:00-05:00,120.71499633789062,120.71499633789062,119.55000305175781,120.11000061035156,18997,0.0,0.0
2022-11-21 12:30:00-05:00,120.36000061035156,120.62999725341797,119.91999816894531,120.2300033569336,31319,0.0,0.0
2022-11-21 13:30:00-05:00,120.16999816894531,121.08999633789062,120.16999816894531,120.97000122070312,50931,0.0,0.0
2022-11-21 14:30:00-05:00,120.88999938964844,121.63999938964844,120.7699966430664,121.63999938964844,37205,0.0,0.0
2022-11-21 15:30:00-05:00,121.83000183105469,122.12000274658203,121.50499725341797,121.80500030517578,51785,0.0,0.0
2022-11-22 09:30:00-05:00,123.69000244140625,125.06999969482422,123.0250015258789,124.58000183105469,31281,0.0,0.0
2022-11-22 10:30:00-05:00,124.73999786376953,124.95999908447266,123.97000122070312,124.58999633789062,31279,0.0,0.0
2022-11-22 11:30:00-05:00,124.58999633789062,124.8499984741211,124.3499984741211,124.83999633789062,33831,0.0,0.0
2022-11-22 12:30:00-05:00,124.8499984741211,124.86000061035156,123.9000015258789,124.05500030517578,31420,0.0,0.0
2022-11-22 13:30:00-05:00,124.0199966430664,124.08499908447266,123.58499908447266,123.96499633789062,23428,0.0,0.0
2022-11-22 14:30:00-05:00,124.0999984741211,124.31999969482422,123.83000183105469,123.98999786376953,23921,0.0,0.0
2022-11-22 15:30:00-05:00,124.08000183105469,124.16000366210938,123.1500015258789,123.19000244140625,41865,0.0,0.0
2022-11-23 09:30:00-05:00,123.31999969482422,124.95999908447266,122.81999969482422,124.75,0,0.0,0.0
2022-11-23 10:30:00-05:00,124.66500091552734,125.03500366210938,124.26000213623047,124.57499694824219,14414,0.0,0.0
2022-11-23 11:30:00-05:00,124.57499694824219,125.13999938964844,123.04000091552734,123.12000274658203,29844,0.0,0.0
2022-11-23 12:30:00-05:00,123.08000183105469,123.19999694824219,122.27999877929688,122.76000213623047,15644,0.0,0.0
2022-11-23 13:30:00-05:00,122.95390319824219,123.91000366210938,122.61000061035156,123.7750015258789,28794,0.0,0.0
2022-11-23 14:30:00-05:00,123.7300033569336,124.52200317382812,123.26000213623047,123.50499725341797,39443,0.0,0.0
2022-11-23 15:30:00-05:00,123.46499633789062,123.7699966430664,123.31999969482422,123.52999877929688,33442,0.0,0.0
2022-11-25 09:30:00-05:00,122.97000122070312,123.55500030517578,122.83999633789062,122.8499984741211,9707,0.0,0.0
2022-11-25 10:30:00-05:00,122.9000015258789,123.91000366210938,122.6500015258789,123.56999969482422,14326,0.0,0.0
2022-11-25 11:30:00-05:00,123.3949966430664,124.44999694824219,123.3949966430664,124.06999969482422,19829,0.0,0.0
2022-11-28 09:30:00-05:00,121.31999969482422,122.2300033569336,120.62010192871094,122.2300033569336,22492,0.0,0.0
2022-11-28 10:30:00-05:00,122.5,122.5,121.19000244140625,121.19000244140625,23643,0.0,0.0
2022-11-28 11:30:00-05:00,121.06520080566406,121.22850036621094,120.12999725341797,120.93000030517578,15143,0.0,0.0
2022-11-28 12:30:00-05:00,120.91999816894531,120.91999816894531,120.12999725341797,120.25499725341797,14048,0.0,0.0
2022-11-28 13:30:00-05:00,120.3499984741211,120.55899810791016,119.4000015258789,119.4000015258789,15158,0.0,0.0
2022-11-28 14:30:00-05:00,119.17720031738281,119.63999938964844,118.2699966430664,118.44999694824219,21192,0.0,0.0
2022-11-28 15:30:00-05:00,118.37999725341797,119.0199966430664,118.37999725341797,119.0199966430664,29319,0.0,0.0
2022-11-29 09:30:00-05:00,119.04000091552734,120.38999938964844,118.5009994506836,120.1449966430664,15131,0.0,0.0
2022-11-29 10:30:00-05:00,120.29499816894531,121.5,120.19999694824219,120.91000366210938,46918,0.0,0.0
2022-11-29 11:30:00-05:00,120.90499877929688,121.23999786376953,120.83000183105469,121.0,21853,0.0,0.0
2022-11-29 12:30:00-05:00,121.02749633789062,121.6500015258789,120.08000183105469,120.26499938964844,42957,0.0,0.0
2022-11-29 13:30:00-05:00,120.15499877929688,121.125,120.02999877929688,120.6500015258789,23993,0.0,0.0
2022-11-29 14:30:00-05:00,120.54000091552734,121.06999969482422,120.26570129394531,120.98030090332031,30987,0.0,0.0
2022-11-29 15:30:00-05:00,120.94999694824219,121.1500015258789,120.70999908447266,120.77999877929688,46342,0.0,0.0
2022-11-30 09:30:00-05:00,120.68000030517578,121.38999938964844,118.52999877929688,120.42990112304688,26501,0.0,0.0
2022-11-30 10:30:00-05:00,120.27999877929688,120.7300033569336,119.75,120.47000122070312,17075,0.0,0.0
2022-11-30 11:30:00-05:00,120.56500244140625,120.6572036743164,119.75,120.16470336914062,23336,0.0,0.0
2022-11-30 12:30:00-05:00,120.01000213623047,120.30000305175781,119.87000274658203,120.30000305175781,10784,0.0,0.0
2022-11-30 13:30:00-05:00,120.05000305175781,123.27999877929688,120.0,123.20500183105469,26623,0.0,0.0
2022-11-30 14:30:00-05:00,123.16999816894531,124.05000305175781,122.68000030517578,123.86000061035156,17604,0.0,0.0
2022-11-30 15:30:00-05:00,123.91999816894531,125.54000091552734,123.68000030517578,125.48999786376953,57288,0.0,0.0
2022-12-01 09:30:00-05:00,127.08000183105469,129.0,125.88999938964844,126.33999633789062,43097,0.0,0.0
2022-12-01 10:30:00-05:00,126.38999938964844,127.7249984741211,126.36000061035156,126.38999938964844,23003,0.0,0.0
2022-12-01 11:30:00-05:00,126.5999984741211,127.81999969482422,126.5999984741211,127.80000305175781,18337,0.0,0.0
2022-12-01 12:30:00-05:00,127.94999694824219,128.0,127.26000213623047,127.71990203857422,18397,0.0,0.0
2022-12-01 13:30:00-05:00,127.51069641113281,127.9800033569336,126.98999786376953,127.38999938964844,26041,0.0,0.0
2022-12-01 14:30:00-05:00,127.37999725341797,127.62999725341797,127.2249984741211,127.43000030517578,15267,0.0,0.0
2022-12-01 15:30:00-05:00,127.49510192871094,128.19000244140625,127.49510192871094,128.05999755859375,45151,0.0,0.0
2022-12-02 09:30:00-05:00,125.0199966430664,126.56999969482422,124.7603988647461,125.68000030517578,25131,0.0,0.0
2022-12-02 10:30:00-05:00,125.94000244140625,127.05000305175781,125.6449966430664,126.97000122070312,21970,0.0,0.0
2022-12-02 11:30:00-05:00,127.03500366210938,127.94499969482422,127.03500366210938,127.67500305175781,17406,0.0,0.0
2022-12-02 12:30:00-05:00,127.73999786376953,127.73999786376953,126.2300033569336,126.5999984741211,13043,0.0,0.0
2022-12-02 13:30:00-05:00,126.44000244140625,127.04000091552734,126.4175033569336,126.78399658203125,13781,0.0,0.0
2022-12-02 14:30:00-05:00,126.75,127.37000274658203,126.69000244140625,127.14430236816406,12685,0.0,0.0
2022-12-02 15:30:00-05:00,126.88999938964844,126.9800033569336,126.01000213623047,126.13999938964844,35281,0.0,0.0
2022-12-05 09:30:00-05:00,123.44999694824219,123.83999633789062,120.57499694824219,120.98999786376953,43877,0.0,0.0
2022-12-05 10:30:00-05:00,121.29000091552734,121.86000061035156,121.18000030517578,121.4800033569336,32059,0.0,0.0
2022-12-05 11:30:00-05:00,121.48500061035156,122.41000366210938,121.22000122070312,122.18000030517578,32479,0.0,0.0
2022-12-05 12:30:00-05:00,121.61499786376953,121.7300033569336,120.75,121.25,34885,0.0,0.0
2022-12-05 13:30:00-05:00,121.19000244140625,121.87999725341797,121.19000244140625,121.58999633789062,16964,0.0,0.0
2022-12-05 14:30:00-05:00,121.43000030517578,121.94999694824219,121.25499725341797,121.25499725341797,19958,0.0,0.0
2022-12-05 15:30:00-05:00,121.31999969482422,121.7300033569336,120.6500015258789,120.91999816894531,36184,0.0,0.0
2022-12-06 09:30:00-05:00,120.70999908447266,122.0,120.38999938964844,120.91000366210938,47771,0.0,0.0
2022-12-06 10:30:00-05:00,120.86000061035156,121.4800033569336,120.36000061035156,121.11000061035156,26625,0.0,0.0
2022-12-06 11:30:00-05:00,121.44059753417969,121.75,120.13999938964844,120.13999938964844,24493,0.0,0.0
2022-12-06 12:30:00-05:00,120.13999938964844,120.22000122070312,117.70500183105469,117.70500183105469,34992,0.0,0.0
2022-12-06 13:30:00-05:00,117.59500122070312,118.05500030517578,117.31500244140625,117.73999786376953,40565,0.0,0.0
2022-12-06 14:30:00-05:00,117.66999816894531,118.93000030517578,117.51000213623047,118.08999633789062,32856,0.0,0.0
2022-12-06 15:30:00-05:00,118.12000274658203,119.37999725341797,118.12000274658203,118.83999633789062,57446,0.0,0.0
2022-12-07 09:30:00-05:00,118.97000122070312,120.80989837646484,118.75,119.93000030517578,26570,0.0,0.0
2022-12-07 10:30:00-05:00,120.13999938964844,121.27999877929688,119.80999755859375,120.08000183105469,20312,0.0,0.0
2022-12-07 11:30:00-05:00,120.11499786376953,120.91999816894531,119.79010009765625,119.79010009765625,13558,0.0,0.0
2022-12-07 12:30:00-05:00,119.99009704589844,120.625,119.90499877929688,120.44000244140625,18416,0.0,0.0
2022-12-07 13:30:00-05:00,120.3499984741211,120.79000091552734,119.91500091552734,119.91999816894531,20918,0.0,0.0
2022-12-07 14:30:00-05:00,119.93000030517578,120.06500244140625,119.27999877929688,119.36000061035156,25556,0.0,0.0
2022-12-07 15:30:00-05:00,119.4000015258789,119.51499938964844,118.94000244140625,119.44999694824219,61239,0.0,0.0
2022-12-08 09:30:00-05:00,120.22000122070312,123.625,118.88999938964844,123.48999786376953,42025,0.0,0.0
2022-12-08 10:30:00-05:00,123.47000122070312,123.47000122070312,121.62000274658203,121.8949966430664,18483,0.0,0.0
2022-12-08 11:30:00-05:00,122.25,122.29000091552734,121.19000244140625,121.29000091552734,16796,0.0,0.0
2022-12-08 12:30:00-05:00,121.22000122070312,121.69000244140625,120.9000015258789,121.5250015258789,14959,0.0,0.0
2022-12-08 13:30:00-05:00,121.6050033569336,121.80000305175781,120.45500183105469,121.2699966430664,15970,0.0,0.0
2022-12-08 14:30:00-05:00,121.2699966430664,121.8499984741211,121.00499725341797,121.45999908447266,21712,0.0,0.0
2022-12-08 15:30:00-05:00,121.68000030517578,122.55999755859375,121.3499984741211,122.55999755859375,64988,0.0,0.0
2022-12-09 09:30:00-05:00,121.83999633789062,124.68000030517578,121.26000213623047,123.18000030517578,0,0.0,0.0
2022-12-09 10:30:00-05:00,122.94999694824219,123.70999908447266,122.0999984741211,122.50499725341797,19266,0.0,0.0
2022-12-09 11:30:00-05:00,122.44000244140625,122.61499786376953,121.62000274658203,121.69999694824219,19682,0.0,0.0
2022-12-09 12:30:00-05:00,121.80999755859375,122.05000305175781,121.0999984741211,121.0999984741211,14014,0.0,0.0
2022-12-09 13:30:00-05:00,121.23999786376953,121.3550033569336,120.16999816894531,120.88999938964844,28436,0.0,0.0
2022-12-09 14:30:00-05:00,120.7699966430664,120.95999908447266,120.43000030517578,120.44999694824219,25559,0.0,0.0
2022-12-09 15:30:00-05:00,120.62000274658203,120.62000274658203,119.19000244140625,119.22000122070312,59472,0.0,0.0
2022-12-12 09:30:00-05:00,120.02999877929688,121.26000213623047,119.44309997558594,120.83999633789062,24159,0.0,0.0
2022-12-12 10:30:00-05:00,120.77999877929688,121.57499694824219,120.05999755859375,121.56500244140625,24227,0.0,0.0
2022-12-12 11:30:00-05:00,121.31999969482422,121.31999969482422,119.46499633789062,119.54000091552734,37498,0.0,0.0
2022-12-12 12:30:00-05:00,119.55000305175781,120.0999984741211,119.29000091552734,120.0999984741211,17385,0.0,0.0
2022-12-12 13:30:00-05:00,120.19000244140625,121.01000213623047,120.0,120.8499984741211,31071,0.0,0.0
2022-12-12 14:30:00-05:00,120.86000061035156,121.1500015258789,120.66000366210938,120.93840026855469,34870,0.0,0.0
2022-12-12 15:30:00-05:00,120.98999786376953,120.98999786376953,119.63999938964844,120.38999938964844,96629,0.0,0.0
2022-12-13 09:30:00-05:00,127.0,128.99000549316406,124.11000061035156,124.12000274658203,33551,0.0,0.0
2022-12-13 10:30:00-05:00,124.19000244140625,124.8499984741211,123.61000061035156,124.24500274658203,28420,0.0,0.0
2022-12-13 11:30:00-05:00,124.36000061035156,124.55999755859375,122.19999694824219,122.66169738769531,20457,0.0,0.0
2022-12-13 12:30:00-05:00,122.48999786376953,122.78500366210938,121.73999786376953,122.69920349121094,11390,0.0,0.0
2022-12-13 13:30:00-05:00,122.61000061035156,122.77940368652344,122.20999908447266,122.33999633789062,13996,0.0,0.0
2022-12-13 14:30:00-05:00,122.47000122070312,123.44000244140625,122.19000244140625,122.63999938964844,18540,0.0,0.0
2022-12-13 15:30:00-05:00,122.68000030517578,123.44000244140625,122.68000030517578,123.26000213623047,35509,0.0,0.0
2022-12-14 09:30:00-05:00,122.73999786376953,125.3499984741211,122.31500244140625,124.68000030517578,23064,0.0,0.0
2022-12-14 10:30:00-05:00,124.98999786376953,125.54000091552734,124.63500213623047,125.51000213623047,13427,0.0,0.0
2022-12-14 11:30:00-05:00,125.3499984741211,126.1500015258789,124.7699966430664,124.7699966430664,36591,0.0,0.0
2022-12-14 12:30:00-05:00,124.98999786376953,125.41000366210938,124.31439971923828,125.12000274658203,14336,0.0,0.0
2022-12-14 13:30:00-05:00,125.11000061035156,125.77999877929688,122.41000366210938,123.16000366210938,34997,0.0,0.0
2022-12-14 14:30:00-05:00,123.29499816894531,123.90499877929688,121.73999786376953,121.73999786376953,41110,0.0,0.0
2022-12-14 15:30:00-05:00,121.4800033569336,122.86000061035156,121.11000061035156,122.26000213623047,36854,0.0,0.0
2022-12-15 09:30:00-05:00,119.5999984741211,119.5999984741211,117.2300033569336,118.31999969482422,22001,0.0,0.0
2022-12-15 10:30:00-05:00,118.01000213623047,118.56999969482422,116.80000305175781,117.45999908447266,25877,0.0,0.0
2022-12-15 11:30:00-05:00,117.69999694824219,119.0999984741211,117.56580352783203,118.92500305175781,17665,0.0,0.0
2022-12-15 12:30:00-05:00,119.48999786376953,119.69499969482422,118.93000030517578,119.0199966430664,23828,0.0,0.0
2022-12-15 13:30:00-05:00,119.1050033569336,119.2300033569336,118.30000305175781,118.63500213623047,26947,0.0,0.0
2022-12-15 14:30:00-05:00,118.66000366210938,119.94000244140625,118.66000366210938,119.36000061035156,31231,0.0,0.0
2022-12-15 15:30:00-05:00,119.44999694824219,119.63500213623047,118.37999725341797,118.47000122070312,52238,0.0,0.0
2022-12-16 09:30:00-05:00,116.38999938964844,118.55500030517578,116.33999633789062,116.33999633789062,20819,0.0,0.0
2022-12-16 10:30:00-05:00,116.23500061035156,117.20500183105469,116.13999938964844,116.86000061035156,19298,0.0,0.0
2022-12-16 11:30:00-05:00,116.93000030517578,116.9800033569336,116.22000122070312,116.25599670410156,17266,0.0,0.0
2022-12-16 12:30:00-05:00,116.23500061035156,116.9000015258789,115.7302017211914,116.54499816894531,17818,0.0,0.0
2022-12-16 13:30:00-05:00,116.55000305175781,117.81999969482422,116.55000305175781,116.98999786376953,24654,0.0,0.0
2022-12-16 14:30:00-05:00,116.98999786376953,117.91000366210938,116.66000366210938,117.7300033569336,35198,0.0,0.0
2022-12-16 15:30:00-05:00,117.79000091552734,118.09970092773438,116.75,116.87999725341797,87618,0.0,0.0
2022-12-19 09:30:00-05:00,117.38999938964844,117.40489959716797,115.96980285644531,116.56999969482422,15388,0.0,0.0
2022-12-19 10:30:00-05:00,117.0199966430664,117.0199966430664,115.16999816894531,116.05999755859375,23523,0.0,0.0
2022-12-19 11:30:00-05:00,116.2699966430664,116.43000030517578,115.61000061035156,115.73999786376953,21877,0.0,0.0
2022-12-19 12:30:00-05:00,115.62999725341797,115.83499908447266,115.2354965209961,115.3499984741211,10121,0.0,0.0
2022-12-19 13:30:00-05:00,115.31999969482422,115.56510162353516,114.75,114.98999786376953,27921,0.0,0.0
2022-12-19 14:30:00-05:00,115.05999755859375,115.22599792480469,114.11000061035156,115.0999984741211,25472,0.0,0.0
2022-12-19 15:30:00-05:00,115.04000091552734,115.91000366210938,115.04000091552734,115.8499984741211,56040,0.0,0.0
2022-12-20 09:30:00-05:00,115.08999633789062,116.2300033569336,115.0,116.0199966430664,36628,0.0,0.0
2022-12-20 10:30:00-05:00,116.2300033569336,116.37999725341797,115.3375015258789,115.5999984741211,22289,0.0,0.0
2022-12-20 11:30:00-05:00,115.5999984741211,116.10970306396484,115.29679870605469,115.57499694824219,16829,0.0,0.0
2022-12-20 12:30:00-05:00,115.59500122070312,116.12999725341797,115.36000061035156,115.9800033569336,13702,0.0,0.0
2022-12-20 13:30:00-05:00,115.9927978515625,116.23999786376953,115.61000061035156,115.74109649658203,19710,0.0,0.0
2022-12-20 14:30:00-05:00,115.86000061035156,115.87000274658203,115.12000274658203,115.62999725341797,17179,0.0,0.0
2022-12-20 15:30:00-05:00,115.66000366210938,115.66000366210938,114.68000030517578,114.69999694824219,41118,0.0,0.0
2022-12-21 09:30:00-05:00,115.7300033569336,118.13500213623047,115.27999877929688,118.13500213623047,23194,0.0,0.0
2022-12-21 10:30:00-05:00,117.90499877929688,118.73999786376953,117.62000274658203,118.73999786376953,20142,0.0,0.0
2022-12-21 11:30:00-05:00,118.81999969482422,118.83000183105469,118.2699966430664,118.4800033569336,13966,0.0,0.0
2022-12-21 12:30:00-05:00,118.31999969482422,119.12999725341797,118.08000183105469,118.91000366210938,18564,0.0,0.0
2022-12-21 13:30:00-05:00,118.81420135498047,119.81999969482422,118.70999908447266,119.48999786376953,48644,0.0,0.0
2022-12-21 14:30:00-05:00,119.48999786376953,120.05999755859375,118.81199645996094,118.86000061035156,55453,0.0,0.0
2022-12-21 15:30:00-05:00,118.75,119.38999938964844,118.75,119.37999725341797,61897,0.0,0.0
2022-12-22 09:30:00-05:00,117.33000183105469,117.41000366210938,115.70999908447266,116.0250015258789,28747,0.0,0.0
2022-12-22 10:30:00-05:00,116.0250015258789,116.0250015258789,114.97000122070312,115.60800170898438,20209,0.0,0.0
2022-12-22 11:30:00-05:00,115.62899780273438,115.69000244140625,114.94000244140625,114.95999908447266,31904,0.0,0.0
2022-12-22 12:30:00-05:00,114.88500213623047,114.88500213623047,113.25499725341797,114.0999984741211,37327,0.0,0.0
2022-12-22 13:30:00-05:00,114.12999725341797,115.68000030517578,113.80000305175781,115.62999725341797,40573,0.0,0.0
2022-12-22 14:30:00-05:00,115.72000122070312,116.38999938964844,115.13500213623047,116.05999755859375,33436,0.0,0.0
2022-12-22 15:30:00-05:00,116.12999725341797,116.1675033569336,115.57009887695312,116.0999984741211,48352,0.0,0.0
2022-12-23 09:30:00-05:00,116.16000366210938,116.4800033569336,114.55500030517578,115.33000183105469,0,0.0,0.0
2022-12-23 10:30:00-05:00,115.48999786376953,115.48999786376953,114.5,114.57499694824219,24855,0.0,0.0
2022-12-23 11:30:00-05:00,114.58999633789062,115.98999786376953,114.55999755859375,115.98999786376953,23165,0.0,0.0
2022-12-23 12:30:00-05:00,116.27999877929688,116.77999877929688,116.19000244140625,116.5,11974,0.0,0.0
2022-12-23 13:30:00-05:00,116.55999755859375,116.7300033569336,116.02999877929688,116.44200134277344,14994,0.0,0.0
2022-12-23 14:30:00-05:00,116.51000213623047,117.2699966430664,116.51000213623047,117.2699966430664,23672,0.0,0.0
2022-12-23 15:30:00-05:00,117.06999969482422,117.52999877929688,116.81999969482422,117.51000213623047,28016,0.0,0.0
2022-12-27 09:30:00-05:00,117.83000183105469,118.30999755859375,116.61000061035156,117.87999725341797,18111,0.0,0.0
2022-12-27 10:30:00-05:00,117.8499984741211,118.65070343017578,117.34100341796875,117.51000213623047,24357,0.0,0.0
2022-12-27 11:30:00-05:00,117.56340026855469,118.30999755859375,117.44999694824219,117.88500213623047,14510,0.0,0.0
2022-12-27 12:30:00-05:00,117.95500183105469,118.0,116.81999969482422,116.81999969482422,17702,0.0,0.0
2022-12-27 13:30:00-05:00,116.79000091552734,116.79000091552734,115.99590301513672,116.08999633789062,15511,0.0,0.0
2022-12-27 14:30:00-05:00,116.11000061035156,117.02999877929688,115.81500244140625,116.80999755859375,20467,0.0,0.0
2022-12-27 15:30:00-05:00,116.79000091552734,116.93900299072266,116.25,116.25,26607,0.0,0.0
2022-12-28 09:30:00-05:00,116.8499984741211,118.41000366210938,115.94999694824219,115.94999694824219,0,0.0,0.0
2022-12-28 10:30:00-05:00,115.9800033569336,116.33000183105469,115.27999877929688,115.6449966430664,30267,0.0,0.0
2022-12-28 11:30:00-05:00,115.58000183105469,115.59500122070312,114.72000122070312,115.0199966430664,18638,0.0,0.0
2022-12-28 12:30:00-05:00,115.11000061035156,116.69999694824219,115.11000061035156,116.125,18436,0.0,0.0
2022-12-28 13:30:00-05:00,116.04000091552734,116.20999908447266,115.01000213623047,115.20500183105469,21340,0.0,0.0
2022-12-28 14:30:00-05:00,115.0999984741211,115.44999694824219,114.30500030517578,114.9000015258789,44866,0.0,0.0
2022-12-28 15:30:00-05:00,114.9000015258789,115.25,114.36000061035156,114.36000061035156,55625,0.0,0.0
2022-12-29 09:30:00-05:00,115.81999969482422,117.9749984741211,115.81500244140625,117.9749984741211,12497,0.0,0.0
2022-12-29 10:30:00-05:00,118.0199966430664,119.16000366210938,117.86000061035156,118.44000244140625,27040,0.0,0.0
2022-12-29 11:30:00-05:00,119.02999877929688,119.80500030517578,118.82150268554688,119.4800033569336,18838,0.0,0.0
2022-12-29 12:30:00-05:00,119.48999786376953,120.2219009399414,119.44999694824219,119.63999938964844,17944,0.0,0.0
2022-12-29 13:30:00-05:00,119.70999908447266,119.70999908447266,119.36000061035156,119.36000061035156,10768,0.0,0.0
2022-12-29 14:30:00-05:00,119.18000030517578,119.47000122070312,118.16629791259766,118.60340118408203,22230,0.0,0.0
2022-12-29 15:30:00-05:00,118.80000305175781,119.62999725341797,118.72000122070312,119.05000305175781,36500,0.0,0.0
2022-12-30 09:30:00-05:00,117.80999755859375,118.98999786376953,117.44319915771484,118.79499816894531,21844,0.0,0.0
2022-12-30 10:30:00-05:00,118.74500274658203,118.7699966430664,116.81999969482422,116.88999938964844,17871,0.0,0.0
2022-12-30 11:30:00-05:00,116.875,117.77999877929688,116.875,117.7699966430664,16370,0.0,0.0
2022-12-30 12:30:00-05:00,117.70999908447266,118.03500366210938,116.68000030517578,116.81500244140625,9800,0.0,0.0
2022-12-30 13:30:00-05:00,117.08000183105469,117.27999877929688,116.45999908447266,116.77999877929688,15955,0.0,0.0
2022-12-30 14:30:00-05:00,116.7699966430664,117.29000091552734,116.31999969482422,117.0199966430664,16380,0.0,0.0
2022-12-30 15:30:00-05:00,117.0199966430664,117.6050033569336,116.79000091552734,117.33000183105469,20285,0.0,0.0
2023-01-03 09:30:00-05:00,120.01000213623047,120.97000122070312,116.62999725341797,116.9000015258789,22061,0.0,0.0
2023-01-03 10:30:00-05:00,116.84500122070312,118.08499908447266,116.55000305175781,117.36000061035156,33823,0.0,0.0
2023-01-03 11:30:00-05:00,117.0,117.37999725341797,116.12000274658203,117.18000030517578,27390,0.0,0.0
2023-01-03 12:30:00-05:00,117.30999755859375,117.86000061035156,116.61000061035156,117.04000091552734,21104,0.0,0.0
2023-01-03 13:30:00-05:00,117.26000213623047,117.76000213623047,116.66000366210938,117.43499755859375,29254,0.0,0.0
2023-01-03 14:30:00-05:00,117.40499877929688,118.81999969482422,117.22000122070312,118.38500213623047,31920,0.0,0.0
2023-01-03 15:30:00-05:00,118.41500091552734,118.66000366210938,117.44000244140625,117.83999633789062,54270,0.0,0.0
2023-01-04 09:30:00-05:00,119.2699966430664,120.8499984741211,118.24659729003906,118.38999938964844,0,0.0,0.0
2023-01-04 10:30:00-05:00,118.70999908447266,119.88500213623047,118.37000274658203,119.43000030517578,7760,0.0,0.0
2023-01-04 11:30:00-05:00,119.80000305175781,120.16999816894531,119.63999938964844,120.01000213623047,9146,0.0,0.0
2023-01-04 12:30:00-05:00,120.22000122070312,121.20500183105469,120.22000122070312,121.16000366210938,14833,0.0,0.0
2023-01-04 13:30:00-05:00,121.27999877929688,121.79499816894531,119.94000244140625,119.94000244140625,34819,0.0,0.0
2023-01-04 14:30:00-05:00,119.83000183105469,120.86000061035156,119.83000183105469,120.30000305175781,16017,0.0,0.0
2023-01-04 15:30:00-05:00,120.32499694824219,120.94999694824219,119.6500015258789,120.81999969482422,33864,0.0,0.0
2023-01-05 09:30:00-05:00,119.37999725341797,119.37999725341797,116.94000244140625,118.26000213623047,18223,0.0,0.0
2023-01-05 10:30:00-05:00,118.1500015258789,118.37999725341797,117.12999725341797,117.18009948730469,16624,0.0,0.0
2023-01-05 11:30:00-05:00,117.28500366210938,118.19999694824219,117.05999755859375,118.04000091552734,19781,0.0,0.0
2023-01-05 12:30:00-05:00,118.16000366210938,118.7323989868164,117.39900207519531,118.51000213623047,13429,0.0,0.0
2023-01-05 13:30:00-05:00,118.43000030517578,118.9800033569336,117.7699966430664,118.81500244140625,20956,0.0,0.0
2023-01-05 14:30:00-05:00,119.08000183105469,119.75499725341797,118.77999877929688,118.80999755859375,39047,0.0,0.0
2023-01-05 15:30:00-05:00,118.81999969482422,119.12999725341797,118.44999694824219,118.4800033569336,47165,0.0,0.0
2023-01-06 09:30:00-05:00,120.54000091552734,120.94999694824219,119.41000366210938,120.56999969482422,12617,0.0,0.0
2023-01-06 10:30:00-05:00,121.0,122.12000274658203,121.0,121.95999908447266,15236,0.0,0.0
2023-01-06 11:30:00-05:00,121.94000244140625,123.55000305175781,121.94000244140625,123.2699966430664,23237,0.0,0.0
2023-01-06 12:30:00-05:00,123.33000183105469,123.81999969482422,123.0,123.81999969482422,12483,0.0,0.0
2023-01-06 13:30:00-05:00,124.04000091552734,124.18000030517578,123.55000305175781,123.96499633789062,17958,0.0,0.0
2023-01-06 14:30:00-05:00,123.77999877929688,124.04000091552734,123.44499969482422,123.5199966430664,20315,0.0,0.0
2023-01-06 15:30:00-05:00,123.61000061035156,124.2699966430664,123.61000061035156,123.98999786376953,39371,0.0,0.0
2023-01-09 09:30:00-05:00,125.8499984741211,128.4499969482422,125.0,128.4199981689453,24909,0.0,0.0
2023-01-09 10:30:00-05:00,128.14500427246094,129.5399932861328,127.9000015258789,129.05999755859375,20723,0.0,0.0
2023-01-09 11:30:00-05:00,128.98500061035156,130.00999450683594,128.97349548339844,129.80999755859375,32209,0.0,0.0
2023-01-09 12:30:00-05:00,129.94000244140625,130.44000244140625,129.11000061035156,130.2550048828125,21603,0.0,0.0
2023-01-09 13:30:00-05:00,130.0,130.1199951171875,129.05999755859375,129.44000244140625,20330,0.0,0.0
2023-01-09 14:30:00-05:00,129.24000549316406,129.3000030517578,127.47000122070312,127.47000122070312,35432,0.0,0.0
2023-01-09 15:30:00-05:00,127.44000244140625,127.94000244140625,127.06999969482422,127.58999633789062,89483,0.0,0.0
2023-01-10 09:30:00-05:00,126.2300033569336,129.19000244140625,126.2300033569336,127.70999908447266,0,0.0,0.0
2023-01-10 10:30:00-05:00,127.54000091552734,127.98999786376953,126.37999725341797,127.44499969482422,37256,0.0,0.0
2023-01-10 11:30:00-05:00,127.41000366210938,127.87000274658203,127.20500183105469,127.49500274658203,22795,0.0,0.0
2023-01-10 12:30:00-05:00,127.55999755859375,127.73500061035156,127.29000091552734,127.53500366210938,18657,0.0,0.0
2023-01-10 13:30:00-05:00,127.5999984741211,128.51499938964844,127.38999938964844,128.39999389648438,16457,0.0,0.0
2023-01-10 14:30:00-05:00,128.4600067138672,128.60000610351562,127.86000061035156,128.2100067138672,27565,0.0,0.0
2023-01-10 15:30:00-05:00,128.1649932861328,129.5,128.10000610351562,129.14999389648438,56621,0.0,0.0
2023-01-11 09:30:00-05:00,129.0399932861328,130.89500427246094,127.46499633789062,129.41000366210938,37669,0.0,0.0
2023-01-11 10:30:00-05:00,129.17999267578125,129.73989868164062,127.37999725341797,127.76000213623047,37954,0.0,0.0
2023-01-11 11:30:00-05:00,127.73999786376953,129.0,127.71839904785156,128.83749389648438,28470,0.0,0.0
2023-01-11 12:30:00-05:00,128.75999450683594,129.0399932861328,128.5399932861328,128.80499267578125,16895,0.0,0.0
2023-01-11 13:30:00-05:00,128.8350067138672,129.10000610351562,128.5500030517578,128.61199951171875,27125,0.0,0.0
2023-01-11 14:30:00-05:00,128.7100067138672,130.1199951171875,128.4199981689453,129.9425048828125,30887,0.0,0.0
2023-01-11 15:30:00-05:00,130.02000427246094,130.0800018310547,128.8800048828125,129.3300018310547,71210,0.0,0.0
2023-01-12 09:30:00-05:00,131.08999633789062,131.08999633789062,127.33000183105469,129.25999450683594,0,0.0,0.0
2023-01-12 10:30:00-05:00,129.0850067138672,129.7100067138672,128.14999389648438,129.5500030517578,21277,0.0,0.0
2023-01-12 11:30:00-05:00,129.60040283203125,130.6649932861328,129.3000030517578,130.5500030517578,16881,0.0,0.0
2023-01-12 12:30:00-05:00,130.57000732421875,130.66000366210938,129.77000427246094,129.80999755859375,10578,0.0,0.0
2023-01-12 13:30:00-05:00,129.77000427246094,130.60000610351562,129.6116943359375,130.27000427246094,14452,0.0,0.0
2023-01-12 14:30:00-05:00,130.1699981689453,130.35000610351562,129.77999877929688,130.02999877929688,11814,0.0,0.0
2023-01-12 15:30:00-05:00,129.97000122070312,130.07000732421875,129.52000427246094,129.66000366210938,31074,0.0,0.0
2023-01-13 09:30:00-05:00,128.30999755859375,131.25999450683594,126.67500305175781,130.81500244140625,29789,0.0,0.0
2023-01-13 10:30:00-05:00,130.47999572753906,130.83999633789062,130.09500122070312,130.27000427246094,15688,0.0,0.0
2023-01-13 11:30:00-05:00,130.3000030517578,130.63999938964844,129.91000366210938,130.63999938964844,14282,0.0,0.0
2023-01-13 12:30:00-05:00,130.60000610351562,130.92999267578125,130.14309692382812,130.91000366210938,16351,0.0,0.0
2023-01-13 13:30:00-05:00,131.0500030517578,131.34500122070312,131.0,131.3000030517578,20272,0.0,0.0
2023-01-13 14:30:00-05:00,131.3699951171875,131.77999877929688,131.22000122070312,131.66000366210938,32862,0.0,0.0
2023-01-13 15:30:00-05:00,131.64999389648438,132.09500122070312,131.4499969482422,132.0500030517578,62898,0.0,0.0
2023-01-17 09:30:00-05:00,132.08999633789062,136.44000244140625,132.08999633789062,135.52999877929688,129521,0.0,0.0
2023-01-17 10:30:00-05:00,134.77499389648438,135.32000732421875,132.4199981689453,132.91000366210938,69480,0.0,0.0
2023-01-17 11:30:00-05:00,133.02000427246094,133.9149932861328,132.63999938964844,133.30999755859375,20388,0.0,0.0
2023-01-17 12:30:00-05:00,133.25999450683594,133.52000427246094,132.86000061035156,133.125,20395,0.0,0.0
2023-01-17 13:30:00-05:00,133.0500030517578,133.19000244140625,132.1300048828125,132.57000732421875,27411,0.0,0.0
2023-01-17 14:30:00-05:00,132.61000061035156,133.5800018310547,132.61000061035156,133.13999938964844,34204,0.0,0.0
2023-01-17 15:30:00-05:00,133.25999450683594,133.2949981689453,132.0500030517578,132.0500030517578,63647,0.0,0.0
2023-01-18 09:30:00-05:00,132.83999633789062,135.84739685058594,132.83999633789062,135.1300048828125,15445,0.0,0.0
2023-01-18 10:30:00-05:00,134.66000366210938,134.66000366210938,133.00999450683594,133.22999572753906,13898,0.0,0.0
2023-01-18 11:30:00-05:00,133.27000427246094,133.32000732421875,132.36000061035156,133.0,20959,0.0,0.0
2023-01-18 12:30:00-05:00,132.85000610351562,133.22000122070312,131.6999969482422,132.75999450683594,25223,0.0,0.0
2023-01-18 13:30:00-05:00,132.94000244140625,133.97000122070312,132.85000610351562,133.25,17809,0.0,0.0
2023-01-18 14:30:00-05:00,133.27000427246094,133.27000427246094,132.41000366210938,132.5500030517578,16591,0.0,0.0
2023-01-18 15:30:00-05:00,132.4499969482422,132.48500061035156,131.9949951171875,132.27999877929688,36833,0.0,0.0
2023-01-19 09:30:00-05:00,130.42999267578125,130.97000122070312,128.69000244140625,129.1300048828125,15887,0.0,0.0
2023-01-19 10:30:00-05:00,128.49000549316406,128.77499389648438,127.13999938964844,127.51000213623047,18830,0.0,0.0
2023-01-19 11:30:00-05:00,127.5999984741211,128.41769409179688,127.26000213623047,128.02000427246094,27562,0.0,0.0
2023-01-19 12:30:00-05:00,128.16000366210938,129.05999755859375,127.7699966430664,129.0050048828125,31065,0.0,0.0
2023-01-19 13:30:00-05:00,129.1199951171875,130.22999572753906,129.0,130.05499267578125,21511,0.0,0.0
2023-01-19 14:30:00-05:00,129.91000366210938,130.66000366210938,129.7899932861328,129.9199981689453,20887,0.0,0.0
2023-01-19 15:30:00-05:00,129.9199981689453,130.1699981689453,129.44000244140625,130.1699981689453,93170,0.0,0.0
2023-01-20 09:30:00-05:00,131.0399932861328,132.60000610351562,130.0500030517578,131.6199951171875,0,0.0,0.0
2023-01-20 10:30:00-05:00,131.89999389648438,132.1199951171875,131.13600158691406,131.13600158691406,50109,0.0,0.0
2023-01-20 11:30:00-05:00,131.27000427246094,132.24000549316406,131.1300048828125,132.13999938964844,30628,0.0,0.0
2023-01-20 12:30:00-05:00,132.1300048828125,132.5821075439453,132.0749969482422,132.0749969482422,13241,0.0,0.0
2023-01-20 13:30:00-05:00,132.14999389648438,133.63999938964844,132.14999389648438,133.63999938964844,25889,0.0,0.0
2023-01-20 14:30:00-05:00,133.69000244140625,135.22999572753906,133.69000244140625,134.67999267578125,32644,0.0,0.0
2023-01-20 15:30:00-05:00,134.61000061035156,135.89999389648438,134.24099731445312,135.89999389648438,55698,0.0,0.0
2023-01-23 09:30:00-05:00,135.72000122070312,138.0800018310547,134.72999572753906,137.72999572753906,25885,0.0,0.0
2023-01-23 10:30:00-05:00,137.55999755859375,137.78990173339844,136.14500427246094,137.74000549316406,29822,0.0,0.0
2023-01-23 11:30:00-05:00,137.00999450683594,138.0749969482422,137.00999450683594,137.9600067138672,17683,0.0,0.0
2023-01-23 12:30:00-05:00,137.97000122070312,138.22999572753906,137.72000122070312,137.97999572753906,22836,0.0,0.0
2023-01-23 13:30:00-05:00,138.24000549316406,138.52000427246094,137.66000366210938,137.66000366210938,18773,0.0,0.0
2023-01-23 14:30:00-05:00,137.52999877929688,138.2100067138672,137.02999877929688,137.77999877929688,14371,0.0,0.0
2023-01-23 15:30:00-05:00,137.92999267578125,138.72000122070312,137.85989379882812,138.72000122070312,40811,0.0,0.0
2023-01-24 09:30:00-05:00,138.1699981689453,139.82000732421875,137.25999450683594,138.74000549316406,0,0.0,0.0
2023-01-24 10:30:00-05:00,139.0399932861328,140.35000610351562,138.8699951171875,140.35000610351562,14932,0.0,0.0
2023-01-24 11:30:00-05:00,140.35000610351562,140.35000610351562,139.49000549316406,139.49000549316406,8681,0.0,0.0
2023-01-24 12:30:00-05:00,139.5800018310547,139.6300048828125,139.1199951171875,139.3925018310547,9511,0.0,0.0
2023-01-24 13:30:00-05:00,139.64999389648438,139.88999938964844,139.11000061035156,139.2899932861328,12386,0.0,0.0
2023-01-24 14:30:00-05:00,139.2899932861328,139.66000366210938,139.2899932861328,139.66000366210938,15461,0.0,0.0
2023-01-24 15:30:00-05:00,139.5500030517578,139.5500030517578,138.60000610351562,138.61000061035156,26222,0.0,0.0
2023-01-25 09:30:00-05:00,136.8300018310547,137.3000030517578,133.71499633789062,134.86000061035156,26034,0.0,0.0
2023-01-25 10:30:00-05:00,134.85499572753906,135.83999633789062,133.86000061035156,135.83999633789062,34843,0.0,0.0
2023-01-25 11:30:00-05:00,136.0500030517578,137.97000122070312,136.0500030517578,137.72000122070312,20230,0.0,0.0
2023-01-25 12:30:00-05:00,137.9199981689453,139.86000061035156,137.9199981689453,139.7449951171875,22115,0.0,0.0
2023-01-25 13:30:00-05:00,139.6999969482422,140.7100067138672,139.4499969482422,140.3699951171875,22839,0.0,0.0
2023-01-25 14:30:00-05:00,140.3800048828125,141.11000061035156,140.27999877929688,140.77999877929688,24673,0.0,0.0
2023-01-25 15:30:00-05:00,141.0399932861328,141.8699951171875,140.72000122070312,141.83999633789062,55746,0.0,0.0
2023-01-26 09:30:00-05:00,143.2899932861328,143.9600067138672,141.41000366210938,141.61000061035156,35005,0.0,0.0
2023-01-26 10:30:00-05:00,141.53750610351562,142.2100067138672,140.67999267578125,142.08999633789062,32164,0.0,0.0
2023-01-26 11:30:00-05:00,142.05999755859375,143.4149932861328,141.74000549316406,143.0,38661,0.0,0.0
2023-01-26 12:30:00-05:00,142.9949951171875,143.32000732421875,142.38999938964844,143.3000030517578,30710,0.0,0.0
2023-01-26 13:30:00-05:00,143.24000549316406,145.22000122070312,143.24000549316406,144.5,40411,0.0,0.0
2023-01-26 14:30:00-05:00,144.4949951171875,144.77999877929688,143.5500030517578,144.49749755859375,30384,0.0,0.0
2023-01-26 15:30:00-05:00,144.5,144.97999572753906,143.4600067138672,144.1300048828125,61864,0.0,0.0
2023-01-27 09:30:00-05:00,142.5399932861328,147.0,142.5399932861328,146.8800048828125,0,0.0,0.0
2023-01-27 10:30:00-05:00,146.71600341796875,147.8000030517578,146.5500030517578,147.69000244140625,46356,0.0,0.0
2023-01-27 11:30:00-05:00,147.7899932861328,148.8699951171875,147.60000610351562,148.41749572753906,53009,0.0,0.0
2023-01-27 12:30:00-05:00,148.52999877929688,149.39999389648438,148.47999572753906,148.85000610351562,35626,0.0,0.0
2023-01-27 13:30:00-05:00,148.9550018310547,149.40499877929688,148.0449981689453,149.40499877929688,23081,0.0,0.0
2023-01-27 14:30:00-05:00,149.39999389648438,150.72000122070312,149.02999877929688,149.5,157870,0.0,0.0
2023-01-27 15:30:00-05:00,149.55999755859375,149.55999755859375,147.25,147.25999450683594,138999,0.0,0.0
2023-01-30 09:30:00-05:00,145.44000244140625,147.60000610351562,144.5800018310547,146.39500427246094,36240,0.0,0.0
2023-01-30 10:30:00-05:00,146.5050048828125,146.5050048828125,144.44500732421875,146.14999389648438,36093,0.0,0.0
2023-01-30 11:30:00-05:00,146.10000610351562,146.99000549316406,145.61000061035156,146.1699981689453,30586,0.0,0.0
2023-01-30 12:30:00-05:00,146.1699981689453,147.3000030517578,146.07000732421875,146.88999938964844,25616,0.0,0.0
2023-01-30 13:30:00-05:00,146.8800048828125,146.8800048828125,145.52999877929688,145.7100067138672,23823,0.0,0.0
2023-01-30 14:30:00-05:00,145.9499969482422,146.44000244140625,145.47000122070312,145.7550048828125,30981,0.0,0.0
2023-01-30 15:30:00-05:00,145.75999450683594,146.35000610351562,145.16000366210938,145.38999938964844,65669,0.0,0.0
2023-01-31 09:30:00-05:00,146.30999755859375,148.89500427246094,146.30999755859375,148.89500427246094,0,0.0,0.0
2023-01-31 10:30:00-05:00,149.16000366210938,149.7550048828125,148.8800048828125,149.1999969482422,18919,0.0,0.0
2023-01-31 11:30:00-05:00,149.52000427246094,149.58999633789062,148.7100067138672,148.85000610351562,9823,0.0,0.0
2023-01-31 12:30:00-05:00,148.96499633789062,149.32000732421875,148.7100067138672,149.16000366210938,9921,0.0,0.0
2023-01-31 13:30:00-05:00,149.0500030517578,150.42999267578125,148.71449279785156,150.3000030517578,21552,0.0,0.0
2023-01-31 14:30:00-05:00,150.16000366210938,150.27000427246094,149.36000061035156,149.86000061035156,21149,0.0,0.0
2023-01-31 15:30:00-05:00,149.91000366210938,151.52999877929688,149.91000366210938,151.52000427246094,43496,0.0,0.0
2023-02-01 09:30:00-05:00,150.3800048828125,153.47000122070312,150.3800048828125,153.27999877929688,31358,0.0,0.0
2023-02-01 10:30:00-05:00,153.47999572753906,153.49000549316406,151.5,152.92999267578125,23294,0.0,0.0
2023-02-01 11:30:00-05:00,152.66000366210938,152.75999450683594,151.86000061035156,152.33999633789062,13268,0.0,0.0
2023-02-01 12:30:00-05:00,152.38999938964844,153.0500030517578,151.6199951171875,152.17999267578125,31761,0.0,0.0
2023-02-01 13:30:00-05:00,152.1699981689453,152.41000366210938,150.9250030517578,151.47999572753906,31206,0.0,0.0
2023-02-01 14:30:00-05:00,151.5800018310547,153.7899932861328,151.0399932861328,153.67999267578125,257055,0.0,0.0
2023-02-01 15:30:00-05:00,153.80499267578125,154.33999633789062,153.4499969482422,153.75999450683594,95272,0.0,0.0
2023-02-02 09:30:00-05:00,157.0800018310547,160.8699951171875,155.61000061035156,160.72999572753906,85926,0.0,0.0
2023-02-02 10:30:00-05:00,161.0,162.33999633789062,160.9199981689453,162.1649932861328,24068,0.0,0.0
2023-02-02 11:30:00-05:00,162.02999877929688,162.19000244140625,160.52000427246094,161.45669555664062,90301,0.0,0.0
2023-02-02 12:30:00-05:00,161.49000549316406,164.0,161.49000549316406,164.0,35888,0.0,0.0
2023-02-02 13:30:00-05:00,164.05999755859375,165.08999633789062,163.99710083007812,164.5,87088,0.0,0.0
2023-02-02 14:30:00-05:00,164.5,165.32000732421875,163.4199981689453,164.61000061035156,145304,0.0,0.0
2023-02-02 15:30:00-05:00,164.60000610351562,165.25,162.47999572753906,164.02999877929688,148460,0.0,0.0
2023-02-03 09:30:00-05:00,160.99000549316406,164.85499572753906,160.16000366210938,162.75999450683594,41691,0.0,0.0
2023-02-03 10:30:00-05:00,162.875,164.03179931640625,162.32000732421875,162.86000061035156,26111,0.0,0.0
2023-02-03 11:30:00-05:00,162.75999450683594,163.14999389648438,161.02000427246094,161.47000122070312,24223,0.0,0.0
2023-02-03 12:30:00-05:00,161.39999389648438,161.97999572753906,159.69000244140625,159.69000244140625,18232,0.0,0.0
2023-02-03 13:30:00-05:00,159.4593963623047,159.85000610351562,158.90499877929688,159.47000122070312,34714,0.0,0.0
2023-02-03 14:30:00-05:00,159.5399932861328,159.9499969482422,158.0399932861328,159.4199981689453,38782,0.0,0.0
2023-02-03 15:30:00-05:00,159.4499969482422,160.0500030517578,158.89500427246094,159.66000366210938,84989,0.0,0.0
2023-02-06 09:30:00-05:00,157.42999267578125,158.0,154.67999267578125,154.6999969482422,35093,0.0,0.0
2023-02-06 10:30:00-05:00,154.52000427246094,155.91250610351562,154.11900329589844,155.6750030517578,41995,0.0,0.0
2023-02-06 11:30:00-05:00,155.8300018310547,155.8975067138672,154.61000061035156,155.27000427246094,21508,0.0,0.0
2023-02-06 12:30:00-05:00,155.26499938964844,156.0,153.77000427246094,154.9949951171875,33598,0.0,0.0
2023-02-06 13:30:00-05:00,154.55999755859375,156.7100067138672,154.55999755859375,155.8175048828125,83320,0.0,0.0
2023-02-06 14:30:00-05:00,155.94200134277344,155.94200134277344,155.19000244140625,155.6199951171875,29697,0.0,0.0
2023-02-06 15:30:00-05:00,155.55999755859375,156.13999938964844,155.50999450683594,155.52000427246094,37496,0.0,0.0
2023-02-07 09:30:00-05:00,154.25999450683594,154.60000610351562,151.5850067138672,151.77000427246094,41203,0.0,0.0
2023-02-07 10:30:00-05:00,151.7949981689453,152.7899932861328,151.1699981689453,152.16000366210938,56761,0.0,0.0
2023-02-07 11:30:00-05:00,152.18499755859375,153.10000610351562,151.57119750976562,151.77999877929688,33572,0.0,0.0
2023-02-07 12:30:00-05:00,151.9199981689453,153.8800048828125,151.5500030517578,151.5500030517578,59163,0.0,0.0
2023-02-07 13:30:00-05:00,151.3800048828125,152.41000366210938,150.55999755859375,151.32000732421875,77132,0.0,0.0
2023-02-07 14:30:00-05:00,151.52499389648438,153.73500061035156,151.5,153.7100067138672,36334,0.0,0.0
2023-02-07 15:30:00-05:00,153.57000732421875,154.02999877929688,153.0500030517578,153.86000061035156,71146,0.0,0.0
2023-02-08 09:30:00-05:00,153.13999938964844,154.4499969482422,152.82000732421875,153.69000244140625,10406,0.0,0.0
2023-02-08 10:30:00-05:00,152.83999633789062,153.6199951171875,152.42999267578125,153.22000122070312,18146,0.0,0.0
2023-02-08 11:30:00-05:00,153.02000427246094,153.4727020263672,152.25999450683594,153.07000732421875,26552,0.0,0.0
2023-02-08 12:30:00-05:00,153.3699951171875,153.86000061035156,152.6699981689453,153.47999572753906,14115,0.0,0.0
2023-02-08 13:30:00-05:00,153.13999938964844,153.4866943359375,152.83999633789062,152.99000549316406,15049,0.0,0.0
2023-02-08 14:30:00-05:00,153.0675048828125,153.14999389648438,152.5,153.1475067138672,21444,0.0,0.0
2023-02-08 15:30:00-05:00,153.16000366210938,153.25,151.97999572753906,152.33999633789062,39981,0.0,0.0
2023-02-09 09:30:00-05:00,153.9499969482422,155.63999938964844,152.82000732421875,153.13999938964844,15295,0.0,0.0
2023-02-09 10:30:00-05:00,152.89999389648438,153.2899932861328,151.8300018310547,152.22000122070312,17188,0.0,0.0
2023-02-09 11:30:00-05:00,152.24000549316406,152.6699981689453,151.44000244140625,151.47000122070312,30922,0.0,0.0
2023-02-09 12:30:00-05:00,151.25999450683594,152.0050048828125,150.63999938964844,151.89999389648438,30916,0.0,0.0
2023-02-09 13:30:00-05:00,151.75999450683594,152.0800018310547,150.67999267578125,150.8699951171875,26305,0.0,0.0
2023-02-09 14:30:00-05:00,151.00999450683594,151.1699981689453,149.60000610351562,149.60000610351562,33172,0.0,0.0
2023-02-09 15:30:00-05:00,149.3800048828125,149.73500061035156,149.00999450683594,149.22999572753906,48977,0.0,0.0
2023-02-10 09:30:00-05:00,148.27000427246094,149.02000427246094,145.7899932861328,147.13999938964844,57432,0.0,0.0
2023-02-10 10:30:00-05:00,147.13999938964844,147.75999450683594,146.49000549316406,147.34779357910156,20072,0.0,0.0
2023-02-10 11:30:00-05:00,147.13999938964844,148.33999633789062,146.6199951171875,147.35000610351562,37679,0.0,0.0
2023-02-10 12:30:00-05:00,147.55999755859375,148.32000732421875,147.49000549316406,148.08999633789062,23255,0.0,0.0
2023-02-10 13:30:00-05:00,147.88999938964844,148.32000732421875,147.5399932861328,147.99000549316406,17470,0.0,0.0
2023-02-10 14:30:00-05:00,147.97000122070312,148.61500549316406,147.1699981689453,147.5399932861328,27083,0.0,0.0
2023-02-10 15:30:00-05:00,147.6699981689453,147.86000061035156,146.86000061035156,146.86000061035156,61680,0.0,0.0
2023-02-13 09:30:00-05:00,147.6699981689453,149.1699981689453,146.9600067138672,148.10000610351562,30927,0.0,0.0
2023-02-13 10:30:00-05:00,148.10000610351562,148.92999267578125,148.10000610351562,148.4250030517578,35000,0.0,0.0
2023-02-13 11:30:00-05:00,148.41000366210938,149.68820190429688,148.0399932861328,148.7100067138672,28372,0.0,0.0
2023-02-13 12:30:00-05:00,148.89999389648438,149.3300018310547,148.64999389648438,149.3300018310547,27662,0.0,0.0
2023-02-13 13:30:00-05:00,149.41000366210938,149.85499572753906,149.14999389648438,149.52000427246094,34554,0.0,0.0
2023-02-13 14:30:00-05:00,149.55999755859375,150.4550018310547,149.36000061035156,150.44000244140625,43188,0.0,0.0
2023-02-13 15:30:00-05:00,150.52000427246094,151.58999633789062,150.4324951171875,151.49000549316406,85475,0.0,0.0
2023-02-14 09:30:00-05:00,149.7899932861328,154.08999633789062,149.7899932861328,153.42999267578125,0,0.0,0.0
2023-02-14 10:30:00-05:00,153.4550018310547,154.5399932861328,151.4949951171875,153.97999572753906,191642,0.0,0.0
2023-02-14 11:30:00-05:00,153.64500427246094,155.9499969482422,152.86000061035156,155.81500244140625,166025,0.0,0.0
2023-02-14 12:30:00-05:00,155.86500549316406,157.89999389648438,154.86500549316406,157.74000549316406,105957,0.0,0.0
2023-02-14 13:30:00-05:00,157.75,157.90499877929688,156.63999938964844,156.9499969482422,96886,0.0,0.0
2023-02-14 14:30:00-05:00,157.07000732421875,158.05999755859375,156.75999450683594,157.6750030517578,98505,0.0,0.0
2023-02-14 15:30:00-05:00,157.57000732421875,157.8800048828125,156.25999450683594,156.36000061035156,134641,0.0,0.0
2023-02-15 09:30:00-05:00,150.24000549316406,156.4199981689453,145.55999755859375,153.8800048828125,116247,0.0,0.0
2023-02-15 10:30:00-05:00,153.92999267578125,154.25999450683594,152.77000427246094,153.9199981689453,127836,0.0,0.0
2023-02-15 11:30:00-05:00,154.0800018310547,155.47000122070312,153.85000610351562,154.55999755859375,66584,0.0,0.0
2023-02-15 12:30:00-05:00,154.5050048828125,157.0449981689453,153.4499969482422,156.80999755859375,73917,0.0,0.0
2023-02-15 13:30:00-05:00,156.99000549316406,158.21499633789062,156.6199951171875,157.85499572753906,29037,0.0,0.0
2023-02-15 14:30:00-05:00,157.89999389648438,159.0,157.85499572753906,158.93499755859375,53373,0.0,0.0
2023-02-15 15:30:00-05:00,158.88999938964844,159.61000061035156,158.8699951171875,158.89999389648438,81609,0.0,0.0
2023-02-16 09:30:00-05:00,153.7899932861328,155.63999938964844,152.11900329589844,152.5,42730,0.0,0.0
2023-02-16 10:30:00-05:00,152.6649932861328,153.61000061035156,151.74000549316406,152.25999450683594,76600,0.0,0.0
2023-02-16 11:30:00-05:00,152.4199981689453,154.60000610351562,151.6999969482422,153.6750030517578,55710,0.0,0.0
2023-02-16 12:30:00-05:00,153.82000732421875,154.8300018310547,153.27999877929688,153.27999877929688,36316,0.0,0.0
2023-02-16 13:30:00-05:00,153.24000549316406,153.97000122070312,152.63999938964844,153.4250030517578,39126,0.0,0.0
2023-02-16 14:30:00-05:00,153.23500061035156,153.35499572753906,151.67999267578125,151.67999267578125,71395,0.0,0.0
2023-02-16 15:30:00-05:00,151.55999755859375,152.6199951171875,151.14999389648438,152.42999267578125,116366,0.0,0.0
2023-02-17 09:30:00-05:00,151.2899932861328,154.42999267578125,151.1199951171875,153.30999755859375,112859,0.0,0.0
2023-02-17 10:30:00-05:00,153.52000427246094,154.0500030517578,151.75,152.3350067138672,57703,0.0,0.0
2023-02-17 11:30:00-05:00,152.4199981689453,153.60000610351562,152.0500030517578,153.26499938964844,30654,0.0,0.0
2023-02-17 12:30:00-05:00,153.19000244140625,154.0,152.97999572753906,153.25999450683594,44403,0.0,0.0
2023-02-17 13:30:00-05:00,153.3350067138672,153.3350067138672,151.77999877929688,152.11000061035156,49722,0.0,0.0
2023-02-17 14:30:00-05:00,152.02999877929688,152.32000732421875,151.22999572753906,151.75,57335,0.0,0.0
2023-02-17 15:30:00-05:00,151.8000030517578,152.4199981689453,151.60000610351562,152.3000030517578,126537,0.0,0.0
2023-02-21 09:30:00-05:00,148.5800018310547,150.99000549316406,147.0800018310547,147.0800018310547,78473,0.0,0.0
2023-02-21 10:30:00-05:00,147.07000732421875,147.58999633789062,145.47000122070312,145.9199981689453,44094,0.0,0.0
2023-02-21 11:30:00-05:00,145.9499969482422,147.22000122070312,145.9499969482422,146.90499877929688,37845,0.0,0.0
2023-02-21 12:30:00-05:00,146.80999755859375,147.52999877929688,146.27000427246094,146.40499877929688,29009,0.0,0.0
2023-02-21 13:30:00-05:00,146.52000427246094,146.80499267578125,145.5850067138672,145.9149932861328,40385,0.0,0.0
2023-02-21 14:30:00-05:00,145.91000366210938,146.88999938964844,145.72000122070312,146.86000061035156,53318,0.0,0.0
2023-02-21 15:30:00-05:00,146.86000061035156,147.1999969482422,146.55999755859375,147.05999755859375,109840,0.0,0.0
2023-02-22 09:30:00-05:00,147.94000244140625,149.94000244140625,146.25,146.5500030517578,30747,0.0,0.0
2023-02-22 10:30:00-05:00,146.38499450683594,147.25,145.81500244140625,146.7899932861328,32106,0.0,0.0
2023-02-22 11:30:00-05:00,146.81500244140625,147.57000732421875,146.81500244140625,147.02499389648438,23168,0.0,0.0
2023-02-22 12:30:00-05:00,146.8699951171875,147.75999450683594,146.41000366210938,147.75999450683594,28863,0.0,0.0
2023-02-22 13:30:00-05:00,147.74000549316406,148.13999938964844,147.08999633789062,147.7100067138672,33483,0.0,0.0
2023-02-22 14:30:00-05:00,147.69500732421875,147.85000610351562,146.86500549316406,147.38999938964844,39169,0.0,0.0
2023-02-22 15:30:00-05:00,147.32000732421875,148.05999755859375,147.00250244140625,148.05999755859375,61475,0.0,0.0
2023-02-23 09:30:00-05:00,149.99000549316406,150.00999450683594,148.5675048828125,148.9600067138672,25469,0.0,0.0
2023-02-23 10:30:00-05:00,148.75,149.02999877929688,147.1999969482422,147.38499450683594,24554,0.0,0.0
2023-02-23 11:30:00-05:00,147.45509338378906,147.55999755859375,145.55999755859375,146.05999755859375,31897,0.0,0.0
2023-02-23 12:30:00-05:00,145.9499969482422,146.1699981689453,145.66000366210938,145.97000122070312,28459,0.0,0.0
2023-02-23 13:30:00-05:00,146.02000427246094,147.71499633789062,145.7100067138672,147.39999389648438,45675,0.0,0.0
2023-02-23 14:30:00-05:00,147.5399932861328,149.44000244140625,147.22999572753906,149.44000244140625,64580,0.0,0.0
2023-02-23 15:30:00-05:00,149.39500427246094,149.75,149.0399932861328,149.5500030517578,104315,0.0,0.0
2023-02-24 09:30:00-05:00,146.6300048828125,147.74000549316406,146.14999389648438,147.50999450683594,31912,0.0,0.0
2023-02-24 10:30:00-05:00,147.58999633789062,148.19000244140625,146.57000732421875,147.74000549316406,51592,0.0,0.0
2023-02-24 11:30:00-05:00,147.7449951171875,148.66000366210938,147.74000549316406,148.11000061035156,33482,0.0,0.0
2023-02-24 12:30:00-05:00,148.00999450683594,148.1999969482422,147.47999572753906,147.81500244140625,62984,0.0,0.0
2023-02-24 13:30:00-05:00,147.69000244140625,148.38999938964844,147.4967041015625,148.1699981689453,23641,0.0,0.0
2023-02-24 14:30:00-05:00,148.22999572753906,149.32000732421875,147.64999389648438,148.84500122070312,31352,0.0,0.0
2023-02-24 15:30:00-05:00,148.8300018310547,149.30999755859375,148.39999389648438,148.80999755859375,104091,0.0,0.0
2023-02-27 09:30:00-05:00,150.47000122070312,151.77000427246094,149.72999572753906,150.55999755859375,13539,0.0,0.0
2023-02-27 10:30:00-05:00,150.66000366210938,150.66000366210938,149.4550018310547,150.24000549316406,18932,0.0,0.0
2023-02-27 11:30:00-05:00,149.99000549316406,150.39999389648438,149.38999938964844,149.4199981689453,15535,0.0,0.0
2023-02-27 12:30:00-05:00,149.52999877929688,150.3000030517578,149.0800018310547,149.0800018310547,19803,0.0,0.0
2023-02-27 13:30:00-05:00,149.13999938964844,149.47000122070312,148.4600067138672,148.64999389648438,20754,0.0,0.0
2023-02-27 14:30:00-05:00,148.6750030517578,148.80499267578125,147.69000244140625,148.0399932861328,20680,0.0,0.0
2023-02-27 15:30:00-05:00,147.99000549316406,148.52000427246094,147.60000610351562,148.50999450683594,42052,0.0,0.0
2023-02-28 09:30:00-05:00,148.89999389648438,151.00999450683594,148.89999389648438,150.52999877929688,15533,0.0,0.0
2023-02-28 10:30:00-05:00,150.4600067138672,151.1300048828125,150.25,150.88999938964844,18056,0.0,0.0
2023-02-28 11:30:00-05:00,151.05999755859375,151.0800018310547,150.35499572753906,150.44000244140625,24175,0.0,0.0
2023-02-28 12:30:00-05:00,150.5,150.86000061035156,150.19000244140625,150.5500030517578,17618,0.0,0.0
2023-02-28 13:30:00-05:00,150.6999969482422,150.72500610351562,149.47000122070312,149.47000122070312,12509,0.0,0.0
2023-02-28 14:30:00-05:00,149.39999389648438,149.60000610351562,148.35000610351562,148.66000366210938,26304,0.0,0.0
2023-02-28 15:30:00-05:00,148.69000244140625,148.69500732421875,148.13999938964844,148.33999633789062,56050,0.0,0.0
2023-03-01 09:30:00-05:00,148.24000549316406,149.35000610351562,147.77000427246094,148.0399932861328,16677,0.0,0.0
2023-03-01 10:30:00-05:00,147.8800048828125,149.0500030517578,147.4949951171875,147.97500610351562,39430,0.0,0.0
2023-03-01 11:30:00-05:00,147.97999572753906,148.0,146.93499755859375,147.2100067138672,30943,0.0,0.0
2023-03-01 12:30:00-05:00,147.17999267578125,148.13999938964844,146.72000122070312,146.72000122070312,25991,0.0,0.0
2023-03-01 13:30:00-05:00,146.63999938964844,146.78500366210938,145.76499938964844,145.76499938964844,20884,0.0,0.0
2023-03-01 14:30:00-05:00,145.64999389648438,145.8699951171875,144.7899932861328,145.1199951171875,57061,0.0,0.0
2023-03-01 15:30:00-05:00,145.11000061035156,145.47999572753906,144.9600067138672,145.3800048828125,80037,0.0,0.0
2023-03-02 09:30:00-05:00,143.7100067138672,145.3699951171875,142.52000427246094,145.3699951171875,14036,0.0,0.0
2023-03-02 10:30:00-05:00,145.44000244140625,146.47500610351562,145.25999450683594,145.80999755859375,11707,0.0,0.0
2023-03-02 11:30:00-05:00,145.69000244140625,145.88999938964844,145.02000427246094,145.6750030517578,10163,0.0,0.0
2023-03-02 12:30:00-05:00,145.92529296875,146.47999572753906,145.58999633789062,145.67010498046875,18477,0.0,0.0
2023-03-02 13:30:00-05:00,146.05999755859375,146.9445037841797,145.94000244140625,146.6999969482422,16251,0.0,0.0
2023-03-02 14:30:00-05:00,146.8000030517578,146.8800048828125,146.07000732421875,146.28500366210938,19060,0.0,0.0
2023-03-02 15:30:00-05:00,146.30999755859375,146.94309997558594,146.0800018310547,146.22999572753906,42005,0.0,0.0
2023-03-03 09:30:00-05:00,147.3000030517578,147.3249969482422,146.02999877929688,146.99000549316406,16117,0.0,0.0
2023-03-03 10:30:00-05:00,146.94000244140625,147.1999969482422,146.39999389648438,146.7100067138672,20749,0.0,0.0
2023-03-03 11:30:00-05:00,146.75,147.27000427246094,146.6199951171875,147.07000732421875,17669,0.0,0.0
2023-03-03 12:30:00-05:00,147.05999755859375,147.27000427246094,146.9149932861328,147.18499755859375,12526,0.0,0.0
2023-03-03 13:30:00-05:00,147.02999877929688,147.73500061035156,147.0,147.47000122070312,14370,0.0,0.0
2023-03-03 14:30:00-05:00,147.46499633789062,148.8000030517578,147.41900634765625,148.0500030517578,42164,0.0,0.0
2023-03-03 15:30:00-05:00,148.0449981689453,148.88999938964844,147.91000366210938,148.5800018310547,53789,0.0,0.0
2023-03-06 09:30:00-05:00,149.14999389648438,150.19000244140625,148.35000610351562,148.75999450683594,19803,0.0,0.0
2023-03-06 10:30:00-05:00,148.67999267578125,149.3000030517578,148.3300018310547,148.5,27839,0.0,0.0
2023-03-06 11:30:00-05:00,148.4127960205078,148.69000244140625,147.5500030517578,147.61000061035156,23670,0.0,0.0
2023-03-06 12:30:00-05:00,147.3800048828125,147.3800048828125,145.47000122070312,145.50999450683594,18785,0.0,0.0
2023-03-06 13:30:00-05:00,145.39999389648438,145.41650390625,144.24000549316406,144.44500732421875,34625,0.0,0.0
2023-03-06 14:30:00-05:00,144.44000244140625,145.25,144.42239379882812,144.64999389648438,36894,0.0,0.0
2023-03-06 15:30:00-05:00,144.5850067138672,145.52999877929688,144.5850067138672,145.4499969482422,54772,0.0,0.0
2023-03-07 09:30:00-05:00,145.32000732421875,146.32000732421875,143.6199951171875,145.22999572753906,21097,0.0,0.0
2023-03-07 10:30:00-05:00,145.44000244140625,147.3800048828125,145.28500366210938,145.67999267578125,42304,0.0,0.0
2023-03-07 11:30:00-05:00,145.64500427246094,146.9499969482422,145.42999267578125,146.9499969482422,21041,0.0,0.0
2023-03-07 12:30:00-05:00,146.7100067138672,146.99000549316406,145.86000061035156,145.9250030517578,17037,0.0,0.0
2023-03-07 13:30:00-05:00,146.07000732421875,146.07000732421875,145.16000366210938,145.6199951171875,37644,0.0,0.0
2023-03-07 14:30:00-05:00,145.6699981689453,145.9149932861328,145.38999938964844,145.6199951171875,63153,0.0,0.0
2023-03-07 15:30:00-05:00,145.6699981689453,145.89999389648438,144.6199951171875,144.75,70009,0.0,0.0
2023-03-08 09:30:00-05:00,145.24000549316406,145.99000549316406,143.76499938964844,144.7899932861328,19377,0.0,0.0
2023-03-08 10:30:00-05:00,144.77999877929688,145.47999572753906,143.9600067138672,145.10499572753906,18703,0.0,0.0
2023-03-08 11:30:00-05:00,145.13999938964844,145.82000732421875,144.5500030517578,145.38999938964844,18208,0.0,0.0
2023-03-08 12:30:00-05:00,145.22000122070312,145.6999969482422,144.7100067138672,144.85499572753906,13721,0.0,0.0
2023-03-08 13:30:00-05:00,144.88999938964844,145.0800018310547,144.43499755859375,145.0800018310547,19691,0.0,0.0
2023-03-08 14:30:00-05:00,144.97999572753906,145.97999572753906,144.75999450683594,145.59500122070312,41623,0.0,0.0
2023-03-08 15:30:00-05:00,145.6699981689453,146.3300018310547,145.6699981689453,145.7899932861328,25677,0.0,0.0
2023-03-09 09:30:00-05:00,146.22000122070312,148.64999389648438,145.9550018310547,146.33999633789062,25172,0.0,0.0
2023-03-09 10:30:00-05:00,146.39999389648438,146.8699951171875,145.86000061035156,146.18499755859375,14522,0.0,0.0
2023-03-09 11:30:00-05:00,146.32000732421875,146.74000549316406,145.74000549316406,146.72500610351562,21525,0.0,0.0
2023-03-09 12:30:00-05:00,146.7100067138672,147.10499572753906,146.27499389648438,146.52499389648438,54455,0.0,0.0
2023-03-09 13:30:00-05:00,146.44500732421875,146.44500732421875,144.6699981689453,145.5449981689453,31377,0.0,0.0
2023-03-09 14:30:00-05:00,145.27000427246094,145.80999755859375,143.25999450683594,144.27000427246094,107285,0.0,0.0
2023-03-09 15:30:00-05:00,144.26499938964844,144.67999267578125,143.125,143.4499969482422,109583,0.0,0.0
2023-03-10 09:30:00-05:00,143.6199951171875,143.6199951171875,137.6699981689453,137.97999572753906,54004,0.0,0.0
2023-03-10 10:30:00-05:00,138.11000061035156,139.9199981689453,136.9600067138672,139.5,159996,0.0,0.0
2023-03-10 11:30:00-05:00,139.55999755859375,139.8249969482422,135.6300048828125,135.9600067138672,109730,0.0,0.0
2023-03-10 12:30:00-05:00,136.00999450683594,136.75,133.47999572753906,133.6199951171875,77963,0.0,0.0
2023-03-10 13:30:00-05:00,133.57000732421875,134.36000061035156,132.8800048828125,134.10000610351562,66094,0.0,0.0
2023-03-10 14:30:00-05:00,134.22000122070312,136.69000244140625,133.66000366210938,134.5449981689453,130191,0.0,0.0
2023-03-10 15:30:00-05:00,134.55499267578125,135.6300048828125,133.97000122070312,135.61000061035156,164460,0.0,0.0
2023-03-13 09:30:00-04:00,132.85000610351562,135.4499969482422,132.22000122070312,134.02000427246094,123017,0.0,0.0
2023-03-13 10:30:00-04:00,134.16000366210938,136.77999877929688,133.97999572753906,136.77999877929688,27031,0.0,0.0
2023-03-13 11:30:00-04:00,136.41000366210938,137.35000610351562,135.25999450683594,135.28500366210938,31262,0.0,0.0
2023-03-13 12:30:00-04:00,135.625,136.6699981689453,135.05499267578125,136.1199951171875,42248,0.0,0.0
2023-03-13 13:30:00-04:00,136.0500030517578,136.39999389648438,135.7050018310547,136.0500030517578,22652,0.0,0.0
2023-03-13 14:30:00-04:00,136.4600067138672,136.60000610351562,135.22000122070312,135.61000061035156,35861,0.0,0.0
2023-03-13 15:30:00-04:00,135.71499633789062,136.42999267578125,135.71499633789062,135.96499633789062,71442,0.0,0.0
2023-03-14 09:30:00-04:00,139.16000366210938,141.64999389648438,139.16000366210938,141.6199951171875,59779,0.0,0.0
2023-03-14 10:30:00-04:00,141.61000061035156,142.39999389648438,141.1300048828125,141.83999633789062,48114,0.0,0.0
2023-03-14 11:30:00-04:00,141.85499572753906,141.85499572753906,140.64500427246094,140.64500427246094,30767,0.0,0.0
2023-03-14 12:30:00-04:00,140.61500549316406,140.9499969482422,138.52999877929688,138.9199981689453,56234,0.0,0.0
2023-03-14 13:30:00-04:00,138.80999755859375,139.17999267578125,137.25,138.10000610351562,30261,0.0,0.0
2023-03-14 14:30:00-04:00,138.10000610351562,138.36500549316406,136.6649932861328,137.19500732421875,52485,0.0,0.0
2023-03-14 15:30:00-04:00,137.22500610351562,138.8249969482422,137.21499633789062,138.74000549316406,80672,0.0,0.0
2023-03-15 09:30:00-04:00,135.08999633789062,137.55499267578125,135.08999633789062,136.5050048828125,30855,0.0,0.0
2023-03-15 10:30:00-04:00,136.4499969482422,136.69000244140625,134.73500061035156,135.40499877929688,63922,0.0,0.0
2023-03-15 11:30:00-04:00,135.38999938964844,135.4949951171875,132.44000244140625,132.8300018310547,40045,0.0,0.0
2023-03-15 12:30:00-04:00,133.00999450683594,133.22000122070312,131.32000732421875,133.22000122070312,21583,0.0,0.0
2023-03-15 13:30:00-04:00,133.10000610351562,134.3800048828125,131.97999572753906,134.3800048828125,27477,0.0,0.0
2023-03-15 14:30:00-04:00,134.19000244140625,135.05999755859375,133.6999969482422,135.02999877929688,38811,0.0,0.0
2023-03-15 15:30:00-04:00,135.0399932861328,135.07000732421875,133.64999389648438,134.47999572753906,61678,0.0,0.0
2023-03-16 09:30:00-04:00,133.02999877929688,135.25250244140625,131.47000122070312,134.66639709472656,20627,0.0,0.0
2023-03-16 10:30:00-04:00,134.61000061035156,138.83999633789062,134.61000061035156,138.75999450683594,65890,0.0,0.0
2023-03-16 11:30:00-04:00,138.3800048828125,138.77000427246094,137.0800018310547,137.19000244140625,42897,0.0,0.0
2023-03-16 12:30:00-04:00,137.19000244140625,137.80999755859375,136.67999267578125,137.36000061035156,35923,0.0,0.0
2023-03-16 13:30:00-04:00,137.2899932861328,137.40899658203125,136.2949981689453,136.86000061035156,41413,0.0,0.0
2023-03-16 14:30:00-04:00,136.77000427246094,138.33999633789062,136.4550018310547,138.1699981689453,32500,0.0,0.0
2023-03-16 15:30:00-04:00,138.07000732421875,138.07000732421875,136.86000061035156,137.08999633789062,56315,0.0,0.0
2023-03-17 09:30:00-04:00,136.32000732421875,136.47500610351562,133.71499633789062,134.47000122070312,14111,0.0,0.0
2023-03-17 10:30:00-04:00,134.64529418945312,134.64529418945312,133.22000122070312,133.22000122070312,25236,0.0,0.0
2023-03-17 11:30:00-04:00,133.49000549316406,133.86520385742188,133.0500030517578,133.49000549316406,20402,0.0,0.0
2023-03-17 12:30:00-04:00,133.49000549316406,134.0399932861328,133.14500427246094,133.77499389648438,40790,0.0,0.0
2023-03-17 13:30:00-04:00,133.3800048828125,133.85000610351562,132.77000427246094,132.85499572753906,25209,0.0,0.0
2023-03-17 14:30:00-04:00,132.91000366210938,133.83999633789062,132.77000427246094,133.63999938964844,39061,0.0,0.0
2023-03-17 15:30:00-04:00,133.4949951171875,133.4949951171875,132.73500061035156,132.92999267578125,47795,0.0,0.0
2023-03-20 09:30:00-04:00,132.5399932861328,134.88999938964844,132.5399932861328,134.16000366210938,13192,0.0,0.0
2023-03-20 10:30:00-04:00,134.25999450683594,134.6199951171875,133.8699951171875,134.4199981689453,19710,0.0,0.0
2023-03-20 11:30:00-04:00,134.50250244140625,134.50250244140625,132.82000732421875,132.8699951171875,18786,0.0,0.0
2023-03-20 12:30:00-04:00,132.85000610351562,133.85000610351562,132.77999877929688,133.6199951171875,18175,0.0,0.0
2023-03-20 13:30:00-04:00,133.7550048828125,133.97999572753906,133.22500610351562,133.52000427246094,15578,0.0,0.0
2023-03-20 14:30:00-04:00,133.52969360351562,133.52969360351562,132.66000366210938,133.1699981689453,28559,0.0,0.0
2023-03-20 15:30:00-04:00,133.1699981689453,133.6199951171875,133.0,133.0,38560,0.0,0.0
2023-03-21 09:30:00-04:00,135.2100067138672,137.44000244140625,135.1529998779297,136.83999633789062,14117,0.0,0.0
2023-03-21 10:30:00-04:00,137.08999633789062,137.08999633789062,136.02499389648438,136.61000061035156,11334,0.0,0.0
2023-03-21 11:30:00-04:00,136.75,136.8000030517578,135.7899932861328,136.05999755859375,14221,0.0,0.0
2023-03-21 12:30:00-04:00,136.125,136.4199981689453,135.6649932861328,136.27000427246094,11768,0.0,0.0
2023-03-21 13:30:00-04:00,136.3975067138672,136.41000366210938,135.52000427246094,135.74000549316406,11840,0.0,0.0
2023-03-21 14:30:00-04:00,135.72000122070312,136.22500610351562,135.44000244140625,136.22500610351562,23147,0.0,0.0
2023-03-21 15:30:00-04:00,136.14999389648438,136.69000244140625,136.02000427246094,136.3699951171875,34348,0.0,0.0
2023-03-22 09:30:00-04:00,135.66000366210938,136.1699981689453,133.89999389648438,136.02999877929688,26796,0.0,0.0
2023-03-22 10:30:00-04:00,136.08999633789062,136.3800048828125,135.44500732421875,135.97999572753906,30725,0.0,0.0
2023-03-22 11:30:00-04:00,136.08999633789062,136.22999572753906,135.33999633789062,135.86000061035156,29321,0.0,0.0
2023-03-22 12:30:00-04:00,135.722900390625,136.0500030517578,135.5,135.8000030517578,13241,0.0,0.0
2023-03-22 13:30:00-04:00,135.83999633789062,137.6199951171875,135.7100067138672,136.57000732421875,21653,0.0,0.0
2023-03-22 14:30:00-04:00,136.11000061035156,137.8000030517578,134.61000061035156,136.1699981689453,36625,0.0,0.0
2023-03-22 15:30:00-04:00,136.125,136.27999877929688,132.97000122070312,133.13999938964844,36842,0.0,0.0
2023-03-23 09:30:00-04:00,133.9199981689453,135.1300048828125,133.5,135.1199951171875,24847,0.0,0.0
2023-03-23 10:30:00-04:00,134.8350067138672,136.86500549316406,134.8249969482422,135.74000549316406,46464,0.0,0.0
2023-03-23 11:30:00-04:00,135.77999877929688,135.8800048828125,134.74000549316406,135.2550048828125,30442,0.0,0.0
2023-03-23 12:30:00-04:00,135.0800018310547,135.17999267578125,134.00999450683594,134.4250030517578,10639,0.0,0.0
2023-03-23 13:30:00-04:00,134.0449981689453,134.57000732421875,133.5,133.72000122070312,44629,0.0,0.0
2023-03-23 14:30:00-04:00,133.5800018310547,134.06500244140625,132.33999633789062,133.1999969482422,29471,0.0,0.0
2023-03-23 15:30:00-04:00,132.92999267578125,134.57000732421875,132.9199981689453,133.85000610351562,48289,0.0,0.0
2023-03-24 09:30:00-04:00,132.1699981689453,132.97999572753906,128.85000610351562,130.55999755859375,25946,0.0,0.0
2023-03-24 10:30:00-04:00,130.67999267578125,130.75,127.55999755859375,127.72000122070312,37799,0.0,0.0
2023-03-24 11:30:00-04:00,127.7249984741211,128.9199981689453,127.55870056152344,128.84100341796875,48219,0.0,0.0
2023-03-24 12:30:00-04:00,128.75999450683594,129.61500549316406,128.75,129.61000061035156,25876,0.0,0.0
2023-03-24 13:30:00-04:00,129.74000549316406,130.13499450683594,129.27000427246094,129.5,19404,0.0,0.0
2023-03-24 14:30:00-04:00,129.5500030517578,130.14500427246094,129.25999450683594,129.86000061035156,31363,0.0,0.0
2023-03-24 15:30:00-04:00,129.97000122070312,130.8000030517578,129.65499877929688,130.41000366210938,71133,0.0,0.0
2023-03-27 09:30:00-04:00,132.66000366210938,133.82000732421875,131.4499969482422,132.72999572753906,48197,0.0,0.0
2023-03-27 10:30:00-04:00,132.875,132.88499450683594,131.26429748535156,132.10000610351562,33840,0.0,0.0
2023-03-27 11:30:00-04:00,132.1699981689453,132.72000122070312,131.5800018310547,132.30999755859375,19455,0.0,0.0
2023-03-27 12:30:00-04:00,132.4199981689453,132.72000122070312,132.10000610351562,132.5749969482422,13969,0.0,0.0
2023-03-27 13:30:00-04:00,132.5800018310547,132.5800018310547,131.92999267578125,132.4600067138672,16557,0.0,0.0
2023-03-27 14:30:00-04:00,132.4250030517578,133.6300048828125,132.41000366210938,133.57000732421875,21644,0.0,0.0
2023-03-27 15:30:00-04:00,133.52000427246094,133.6699981689453,132.75,133.1999969482422,71718,0.0,0.0
2023-03-28 09:30:00-04:00,132.91000366210938,134.6999969482422,132.8300018310547,133.4199981689453,26647,0.0,0.0
2023-03-28 10:30:00-04:00,133.5850067138672,133.5850067138672,132.80999755859375,132.91000366210938,18355,0.0,0.0
2023-03-28 11:30:00-04:00,133.16000366210938,133.77999877929688,132.6199951171875,132.9499969482422,21512,0.0,0.0
2023-03-28 12:30:00-04:00,132.9499969482422,132.9499969482422,132.10000610351562,132.18499755859375,16169,0.0,0.0
2023-03-28 13:30:00-04:00,132.0399932861328,132.0399932861328,131.1999969482422,131.3000030517578,13421,0.0,0.0
2023-03-28 14:30:00-04:00,131.30999755859375,131.5800018310547,131.08999633789062,131.22500610351562,18628,0.0,0.0
2023-03-28 15:30:00-04:00,131.17999267578125,131.67999267578125,130.9149932861328,131.1699981689453,40572,0.0,0.0
2023-03-29 09:30:00-04:00,133.0800018310547,133.74000549316406,132.33999633789062,133.22000122070312,22826,0.0,0.0
2023-03-29 10:30:00-04:00,133.3800048828125,133.3800048828125,132.19000244140625,132.60000610351562,11077,0.0,0.0
2023-03-29 11:30:00-04:00,132.5800018310547,133.16949462890625,132.5399932861328,132.9199981689453,10473,0.0,0.0
2023-03-29 12:30:00-04:00,132.9600067138672,133.07000732421875,132.63999938964844,133.07000732421875,9078,0.0,0.0
2023-03-29 13:30:00-04:00,133.0,133.80499267578125,132.6999969482422,133.27000427246094,13934,0.0,0.0
2023-03-29 14:30:00-04:00,133.3061065673828,134.60989379882812,133.3061065673828,134.4600067138672,26085,0.0,0.0
2023-03-29 15:30:00-04:00,134.4600067138672,134.5800018310547,133.61000061035156,133.7100067138672,58723,0.0,0.0
2023-03-30 09:30:00-04:00,135.44000244140625,136.63999938964844,133.7899932861328,135.9250030517578,16330,0.0,0.0
2023-03-30 10:30:00-04:00,135.9499969482422,136.57000732421875,135.4199981689453,135.85000610351562,39199,0.0,0.0
2023-03-30 11:30:00-04:00,135.6649932861328,135.75999450683594,134.72999572753906,135.52999877929688,23753,0.0,0.0
2023-03-30 12:30:00-04:00,135.3125,135.8000030517578,134.0050048828125,134.26499938964844,33092,0.0,0.0
2023-03-30 13:30:00-04:00,134.21499633789062,134.80999755859375,133.9600067138672,134.55999755859375,16504,0.0,0.0
2023-03-30 14:30:00-04:00,134.4550018310547,134.48500061035156,133.1750030517578,133.1750030517578,29112,0.0,0.0
2023-03-30 15:30:00-04:00,133.1649932861328,133.9499969482422,132.91000366210938,133.38999938964844,58492,0.0,0.0
2023-03-31 09:30:00-04:00,134.74000549316406,135.80999755859375,133.74000549316406,135.15499877929688,12533,0.0,0.0
2023-03-31 10:30:00-04:00,135.19000244140625,136.41000366210938,134.5500030517578,136.41000366210938,30578,0.0,0.0
2023-03-31 11:30:00-04:00,136.42999267578125,136.8800048828125,136.2899932861328,136.6750030517578,13364,0.0,0.0
2023-03-31 12:30:00-04:00,136.6199951171875,136.6199951171875,135.66000366210938,135.66000366210938,7579,0.0,0.0
2023-03-31 13:30:00-04:00,135.4250030517578,135.81170654296875,135.13999938964844,135.13999938964844,12275,0.0,0.0
2023-03-31 14:30:00-04:00,135.3699951171875,136.7100067138672,135.13999938964844,136.60000610351562,20647,0.0,0.0
2023-03-31 15:30:00-04:00,136.58999633789062,136.9199981689453,136.11000061035156,136.88999938964844,38371,0.0,0.0
2023-04-03 09:30:00-04:00,135.99000549316406,136.5050048828125,134.9199981689453,135.47000122070312,32510,0.0,0.0
2023-04-03 10:30:00-04:00,135.30999755859375,135.5500030517578,132.8800048828125,133.57000732421875,42696,0.0,0.0
2023-04-03 11:30:00-04:00,133.47000122070312,134.5399932861328,133.24000549316406,134.44500732421875,25581,0.0,0.0
2023-04-03 12:30:00-04:00,134.3000030517578,134.39500427246094,133.58999633789062,133.58999633789062,15633,0.0,0.0
2023-04-03 13:30:00-04:00,133.60000610351562,134.22000122070312,133.4499969482422,134.2100067138672,23311,0.0,0.0
2023-04-03 14:30:00-04:00,134.30999755859375,134.61000061035156,133.89999389648438,134.3524932861328,32983,0.0,0.0
2023-04-03 15:30:00-04:00,134.35000610351562,135.05499267578125,134.35000610351562,134.47999572753906,37125,0.0,0.0
2023-04-04 09:30:00-04:00,135.4199981689453,135.50999450683594,132.8699951171875,133.0050048828125,12022,0.0,0.0
2023-04-04 10:30:00-04:00,132.88999938964844,133.08999633789062,130.0,130.3000030517578,25022,0.0,0.0
2023-04-04 11:30:00-04:00,130.30499267578125,130.30499267578125,129.2899932861328,129.75,22532,0.0,0.0
2023-04-04 12:30:00-04:00,129.7100067138672,130.1300048828125,129.52999877929688,129.9600067138672,21420,0.0,0.0
2023-04-04 13:30:00-04:00,130.0850067138672,130.6199951171875,129.47999572753906,129.7050018310547,23754,0.0,0.0
2023-04-04 14:30:00-04:00,129.69000244140625,130.0500030517578,129.52999877929688,129.72999572753906,19641,0.0,0.0
2023-04-04 15:30:00-04:00,129.77000427246094,130.30499267578125,129.5,130.22999572753906,37001,0.0,0.0
2023-04-05 09:30:00-04:00,128.77999877929688,129.24000549316406,127.08999633789062,127.37000274658203,21605,0.0,0.0
2023-04-05 10:30:00-04:00,127.38999938964844,127.41999816894531,126.27999877929688,126.69499969482422,60033,0.0,0.0
2023-04-05 11:30:00-04:00,126.86000061035156,127.16999816894531,126.45999908447266,126.5,56338,0.0,0.0
2023-04-05 12:30:00-04:00,126.5,126.625,125.5999984741211,126.52999877929688,22297,0.0,0.0
2023-04-05 13:30:00-04:00,126.40499877929688,127.33999633789062,125.86000061035156,126.75499725341797,26534,0.0,0.0
2023-04-05 14:30:00-04:00,126.8499984741211,127.54000091552734,126.75,127.16999816894531,26994,0.0,0.0
2023-04-05 15:30:00-04:00,127.22000122070312,128.10000610351562,126.93000030517578,127.94000244140625,71898,0.0,0.0
2023-04-06 09:30:00-04:00,127.58999633789062,128.57000732421875,126.52999877929688,128.0,39699,0.0,0.0
2023-04-06 10:30:00-04:00,127.91000366210938,128.8000030517578,127.4000015258789,128.50999450683594,45370,0.0,0.0
2023-04-06 11:30:00-04:00,128.5399932861328,129.26499938964844,128.17999267578125,128.80999755859375,20295,0.0,0.0
2023-04-06 12:30:00-04:00,128.9499969482422,129.50999450683594,128.6300048828125,129.22999572753906,21832,0.0,0.0
2023-04-06 13:30:00-04:00,129.30999755859375,129.34500122070312,128.75,129.2100067138672,12446,0.0,0.0
2023-04-06 14:30:00-04:00,129.19000244140625,129.35000610351562,128.92999267578125,129.19000244140625,16699,0.0,0.0
2023-04-06 15:30:00-04:00,129.19000244140625,129.3699951171875,128.9499969482422,129.3699951171875,43103,0.0,0.0
2023-04-10 09:30:00-04:00,131.02999877929688,134.0399932861328,131.02999877929688,133.52000427246094,39878,0.0,0.0
2023-04-10 10:30:00-04:00,133.83999633789062,134.5,133.39500427246094,133.7100067138672,20740,0.0,0.0
2023-04-10 11:30:00-04:00,133.77000427246094,133.80999755859375,132.61000061035156,133.24000549316406,23981,0.0,0.0
2023-04-10 12:30:00-04:00,133.32000732421875,134.17999267578125,133.25999450683594,133.88999938964844,19827,0.0,0.0
2023-04-10 13:30:00-04:00,133.8000030517578,134.30990600585938,133.2100067138672,133.89999389648438,17648,0.0,0.0
2023-04-10 14:30:00-04:00,133.94500732421875,134.07000732421875,133.5500030517578,133.9499969482422,29200,0.0,0.0
2023-04-10 15:30:00-04:00,133.9550018310547,134.64999389648438,133.7100067138672,133.7100067138672,68993,0.0,0.0
2023-04-11 09:30:00-04:00,134.49000549316406,137.02000427246094,134.49000549316406,135.5,14172,0.0,0.0
2023-04-11 10:30:00-04:00,135.41000366210938,136.27999877929688,135.22000122070312,136.02000427246094,17499,0.0,0.0
2023-04-11 11:30:00-04:00,135.9550018310547,136.67999267578125,135.75999450683594,136.11000061035156,25149,0.0,0.0
2023-04-11 12:30:00-04:00,136.1699981689453,136.3699951171875,135.52499389648438,135.94500732421875,111077,0.0,0.0
2023-04-11 13:30:00-04:00,135.9199981689453,136.49000549316406,135.72000122070312,135.89999389648438,37729,0.0,0.0
2023-04-11 14:30:00-04:00,136.02999877929688,136.61929321289062,135.99000549316406,136.56500244140625,26201,0.0,0.0
2023-04-11 15:30:00-04:00,136.5,136.5500030517578,135.9199981689453,136.27999877929688,56720,0.0,0.0
2023-04-12 09:30:00-04:00,138.36000061035156,140.57000732421875,136.85000610351562,137.25999450683594,43207,0.0,0.0
2023-04-12 10:30:00-04:00,137.26499938964844,137.35499572753906,136.4324951171875,137.22500610351562,21919,0.0,0.0
2023-04-12 11:30:00-04:00,137.27499389648438,138.72999572753906,137.17999267578125,138.59500122070312,24409,0.0,0.0
2023-04-12 12:30:00-04:00,138.58999633789062,139.0,138.00999450683594,139.0,21857,0.0,0.0
2023-04-12 13:30:00-04:00,139.02000427246094,139.09500122070312,137.42999267578125,137.83999633789062,39354,0.0,0.0
2023-04-12 14:30:00-04:00,137.86500549316406,138.17999267578125,136.9600067138672,137.35000610351562,75396,0.0,0.0
2023-04-12 15:30:00-04:00,137.33999633789062,137.73500061035156,136.0399932861328,136.0399932861328,70385,0.0,0.0
2023-04-13 09:30:00-04:00,136.52000427246094,136.72000122070312,134.90269470214844,135.72000122070312,13046,0.0,0.0
2023-04-13 10:30:00-04:00,135.69000244140625,135.69000244140625,135.1199951171875,135.1199951171875,19804,0.0,0.0
2023-04-13 11:30:00-04:00,135.2899932861328,135.80999755859375,134.58999633789062,135.4499969482422,18718,0.0,0.0
2023-04-13 12:30:00-04:00,135.44000244140625,136.5050048828125,135.14999389648438,136.5050048828125,26603,0.0,0.0
2023-04-13 13:30:00-04:00,136.69000244140625,137.27999877929688,136.69000244140625,136.98500061035156,14380,0.0,0.0
2023-04-13 14:30:00-04:00,137.10000610351562,137.11000061035156,136.65499877929688,136.94000244140625,18250,0.0,0.0
2023-04-13 15:30:00-04:00,136.99000549316406,137.0,136.4949951171875,136.55999755859375,39294,0.0,0.0
2023-04-14 09:30:00-04:00,136.0,139.5500030517578,136.0,138.02499389648438,39571,0.0,0.0
2023-04-14 10:30:00-04:00,138.0,138.10000610351562,136.55999755859375,136.55999755859375,13813,0.0,0.0
2023-04-14 11:30:00-04:00,136.52810668945312,136.99000549316406,136.0800018310547,136.0800018310547,16597,0.0,0.0
2023-04-14 12:30:00-04:00,136.1699981689453,136.1699981689453,135.41000366210938,135.41000366210938,10025,0.0,0.0
2023-04-14 13:30:00-04:00,135.30999755859375,135.6750030517578,134.5,134.5500030517578,28890,0.0,0.0
2023-04-14 14:30:00-04:00,134.625,135.5500030517578,134.625,135.2449951171875,42158,0.0,0.0
2023-04-14 15:30:00-04:00,135.32000732421875,136.05999755859375,135.1999969482422,135.77000427246094,56278,0.0,0.0
2023-04-17 09:30:00-04:00,136.4600067138672,137.4499969482422,135.68499755859375,136.16920471191406,12979,0.0,0.0
2023-04-17 10:30:00-04:00,136.47999572753906,136.8699951171875,136.08999633789062,136.67999267578125,15529,0.0,0.0
2023-04-17 11:30:00-04:00,136.19000244140625,137.3300018310547,135.9499969482422,136.99000549316406,21005,0.0,0.0
2023-04-17 12:30:00-04:00,136.85000610351562,136.97500610351562,136.1999969482422,136.4600067138672,18178,0.0,0.0
2023-04-17 13:30:00-04:00,136.53359985351562,136.72999572753906,135.66600036621094,135.99000549316406,21657,0.0,0.0
2023-04-17 14:30:00-04:00,136.08999633789062,137.52000427246094,136.0800018310547,137.52000427246094,23569,0.0,0.0
2023-04-17 15:30:00-04:00,137.6199951171875,137.6199951171875,137.1649932861328,137.49000549316406,33765,0.0,0.0
2023-04-18 09:30:00-04:00,138.52999877929688,138.7899932861328,137.41000366210938,138.16000366210938,18543,0.0,0.0
2023-04-18 10:30:00-04:00,138.02000427246094,138.13999938964844,137.3000030517578,137.55499267578125,31683,0.0,0.0
2023-04-18 11:30:00-04:00,137.60000610351562,138.69000244140625,137.5,138.625,15930,0.0,0.0
2023-04-18 12:30:00-04:00,138.85000610351562,138.92999267578125,138.4600067138672,138.6199951171875,9230,0.0,0.0
2023-04-18 13:30:00-04:00,138.57000732421875,138.97000122070312,138.17999267578125,138.39999389648438,9572,0.0,0.0
2023-04-18 14:30:00-04:00,138.36000061035156,139.22999572753906,137.9250030517578,138.52000427246094,14376,0.0,0.0
2023-04-18 15:30:00-04:00,138.47500610351562,138.99000549316406,138.4532928466797,138.55999755859375,36240,0.0,0.0
2023-04-19 09:30:00-04:00,137.80999755859375,137.80999755859375,136.47000122070312,137.13499450683594,16194,0.0,0.0
2023-04-19 10:30:00-04:00,137.3000030517578,137.80999755859375,137.1999969482422,137.1999969482422,11759,0.0,0.0
2023-04-19 11:30:00-04:00,137.11000061035156,137.8800048828125,137.11000061035156,137.80999755859375,10217,0.0,0.0
2023-04-19 12:30:00-04:00,137.77999877929688,138.24000549316406,137.75999450683594,138.06500244140625,17741,0.0,0.0
2023-04-19 13:30:00-04:00,138.22000122070312,138.57000732421875,138.05999755859375,138.50999450683594,10206,0.0,0.0
2023-04-19 14:30:00-04:00,138.52999877929688,139.17999267578125,138.52999877929688,138.97000122070312,18761,0.0,0.0
2023-04-19 15:30:00-04:00,138.9499969482422,139.5800018310547,138.60000610351562,139.4199981689453,39581,0.0,0.0
2023-04-20 09:30:00-04:00,138.35000610351562,139.63999938964844,137.52000427246094,139.63999938964844,30270,0.0,0.0
2023-04-20 10:30:00-04:00,139.58999633789062,140.74000549316406,139.5,139.5850067138672,27336,0.0,0.0
2023-04-20 11:30:00-04:00,139.5800018310547,140.5399932861328,139.25,140.17999267578125,21106,0.0,0.0
2023-04-20 12:30:00-04:00,140.3800048828125,141.6300048828125,140.30499267578125,141.08999633789062,16253,0.0,0.0
2023-04-20 13:30:00-04:00,141.13900756835938,141.13900756835938,140.17999267578125,140.49000549316406,11559,0.0,0.0
2023-04-20 14:30:00-04:00,140.33999633789062,140.4499969482422,139.4600067138672,139.58999633789062,20974,0.0,0.0
2023-04-20 15:30:00-04:00,139.6999969482422,140.5399932861328,139.6999969482422,140.5399932861328,46602,0.0,0.0
2023-04-21 09:30:00-04:00,141.13999938964844,141.13999938964844,139.80999755859375,140.46499633789062,12503,0.0,0.0
2023-04-21 10:30:00-04:00,140.32000732421875,140.32000732421875,139.27999877929688,140.17999267578125,10939,0.0,0.0
2023-04-21 11:30:00-04:00,140.5,140.5,139.69500732421875,139.7100067138672,12751,0.0,0.0
2023-04-21 12:30:00-04:00,139.55999755859375,139.6999969482422,139.02999877929688,139.02999877929688,17857,0.0,0.0
2023-04-21 13:30:00-04:00,139.1999969482422,140.27999877929688,139.1999969482422,140.24000549316406,16613,0.0,0.0
2023-04-21 14:30:00-04:00,140.08999633789062,140.08999633789062,139.47000122070312,139.52999877929688,17501,0.0,0.0
2023-04-21 15:30:00-04:00,139.44500732421875,140.08999633789062,139.07000732421875,139.8699951171875,46134,0.0,0.0
2023-04-24 09:30:00-04:00,140.0,142.0399932861328,140.0,141.52999877929688,18677,0.0,0.0
2023-04-24 10:30:00-04:00,141.72000122070312,141.94000244140625,140.11000061035156,140.27999877929688,12330,0.0,0.0
2023-04-24 11:30:00-04:00,140.5500030517578,140.80999755859375,140.27000427246094,140.47999572753906,14981,0.0,0.0
2023-04-24 12:30:00-04:00,140.6699981689453,141.14999389648438,140.55999755859375,140.77000427246094,9807,0.0,0.0
2023-04-24 13:30:00-04:00,140.97250366210938,141.30999755859375,140.8800048828125,140.88999938964844,9224,0.0,0.0
2023-04-24 14:30:00-04:00,140.8699951171875,142.25,140.80999755859375,142.19000244140625,37407,0.0,0.0
2023-04-24 15:30:00-04:00,142.1999969482422,142.8800048828125,142.0399932861328,142.72999572753906,101176,0.0,0.0
2023-04-25 09:30:00-04:00,141.97000122070312,143.11000061035156,141.8800048828125,142.88999938964844,61661,0.0,0.0
2023-04-25 10:30:00-04:00,142.88999938964844,143.07000732421875,142.27999877929688,142.98500061035156,47469,0.0,0.0
2023-04-25 11:30:00-04:00,142.8800048828125,142.94500732421875,142.30999755859375,142.75,26314,0.0,0.0
2023-04-25 12:30:00-04:00,142.7449951171875,142.86000061035156,142.0,142.10000610351562,32911,0.0,0.0
2023-04-25 13:30:00-04:00,142.03750610351562,142.7899932861328,142.02999877929688,142.7899932861328,34416,0.0,0.0
2023-04-25 14:30:00-04:00,142.86000061035156,143.10499572753906,142.07000732421875,142.27999877929688,68542,0.0,0.0
2023-04-25 15:30:00-04:00,142.25999450683594,142.30499267578125,141.35000610351562,141.35000610351562,96544,0.0,0.0
2023-04-26 09:30:00-04:00,140.94000244140625,141.57000732421875,139.94000244140625,139.94000244140625,16010,0.0,0.0
2023-04-26 10:30:00-04:00,139.97999572753906,141.08999633789062,139.26499938964844,140.8000030517578,32648,0.0,0.0
2023-04-26 11:30:00-04:00,140.5500030517578,140.8000030517578,139.8300018310547,140.8000030517578,19651,0.0,0.0
2023-04-26 12:30:00-04:00,140.8000030517578,142.0,140.67999267578125,141.77999877929688,30026,0.0,0.0
2023-04-26 13:30:00-04:00,141.8800048828125,142.0399932861328,140.63999938964844,140.92999267578125,32441,0.0,0.0
2023-04-26 14:30:00-04:00,140.875,141.0,140.14999389648438,140.72999572753906,65857,0.0,0.0
2023-04-26 15:30:00-04:00,140.69000244140625,140.9199981689453,139.71249389648438,140.24000549316406,93420,0.0,0.0
2023-04-27 09:30:00-04:00,141.6699981689453,141.9600067138672,140.68820190429688,141.4550018310547,18284,0.0,0.0
2023-04-27 10:30:00-04:00,141.57000732421875,142.06219482421875,140.25,141.0800018310547,15986,0.0,0.0
2023-04-27 11:30:00-04:00,141.22999572753906,142.6699981689453,140.94000244140625,142.6699981689453,29790,0.0,0.0
2023-04-27 12:30:00-04:00,142.61000061035156,142.88499450683594,141.69000244140625,142.72000122070312,16043,0.0,0.0
2023-04-27 13:30:00-04:00,143.02000427246094,143.17999267578125,142.66000366210938,143.05999755859375,22468,0.0,0.0
2023-04-27 14:30:00-04:00,143.06500244140625,143.1676025390625,142.5500030517578,142.55999755859375,27721,0.0,0.0
2023-04-27 15:30:00-04:00,142.55999755859375,143.50999450683594,142.55999755859375,143.49000549316406,79287,0.0,0.0
2023-04-28 09:30:00-04:00,143.4499969482422,146.6999969482422,143.4499969482422,146.0800018310547,19477,0.0,0.0
2023-04-28 10:30:00-04:00,146.13999938964844,147.0,145.52000427246094,146.41000366210938,29819,0.0,0.0
2023-04-28 11:30:00-04:00,146.5800018310547,147.55999755859375,146.42999267578125,147.3800048828125,27087,0.0,0.0
2023-04-28 12:30:00-04:00,147.3800048828125,148.55999755859375,147.3699951171875,148.1750030517578,19465,0.0,0.0
2023-04-28 13:30:00-04:00,148.11500549316406,148.3300018310547,147.5749969482422,147.9199981689453,20552,0.0,0.0
2023-04-28 14:30:00-04:00,148.22000122070312,148.49000549316406,146.9600067138672,147.25,31625,0.0,0.0
2023-04-28 15:30:00-04:00,147.3800048828125,148.02999877929688,147.0399932861328,147.67999267578125,56293,0.0,0.0
2023-05-01 09:30:00-04:00,147.75,149.16000366210938,146.9550018310547,147.02999877929688,20440,0.0,0.0
2023-05-01 10:30:00-04:00,147.21499633789062,147.72500610351562,146.16000366210938,146.46499633789062,17373,0.0,0.0
2023-05-01 11:30:00-04:00,146.6199951171875,147.85499572753906,146.4499969482422,147.56500244140625,23478,0.0,0.0
2023-05-01 12:30:00-04:00,147.6699981689453,148.35499572753906,147.6699981689453,147.98500061035156,11731,0.0,0.0
2023-05-01 13:30:00-04:00,147.7899932861328,147.9425048828125,147.410400390625,147.72000122070312,13176,0.0,0.0
2023-05-01 14:30:00-04:00,147.50999450683594,147.97999572753906,147.1999969482422,147.97999572753906,27921,0.0,0.0
2023-05-01 15:30:00-04:00,148.05999755859375,148.4199981689453,147.40499877929688,147.9600067138672,81503,0.0,0.0
2023-05-02 09:30:00-04:00,146.69000244140625,147.36500549316406,145.13499450683594,145.13499450683594,24682,0.0,0.0
2023-05-02 10:30:00-04:00,145.24000549316406,145.7100067138672,144.27000427246094,145.44000244140625,76809,0.0,0.0
2023-05-02 11:30:00-04:00,145.4499969482422,146.9499969482422,145.2899932861328,146.2100067138672,81111,0.0,0.0
2023-05-02 12:30:00-04:00,146.24000549316406,146.77999877929688,144.74000549316406,146.38499450683594,106267,0.0,0.0
2023-05-02 13:30:00-04:00,146.30999755859375,147.1999969482422,146.07000732421875,146.36500549316406,40503,0.0,0.0
2023-05-02 14:30:00-04:00,146.52999877929688,147.61000061035156,145.8800048828125,147.4824981689453,84087,0.0,0.0
2023-05-02 15:30:00-04:00,147.48500061035156,147.58999633789062,146.99000549316406,147.11000061035156,123986,0.0,0.0
2023-05-03 09:30:00-04:00,154.58999633789062,160.8300018310547,149.2100067138672,156.72999572753906,197934,0.0,0.0
2023-05-03 10:30:00-04:00,156.89999389648438,158.47500610351562,156.16000366210938,156.9499969482422,99080,0.0,0.0
2023-05-03 11:30:00-04:00,156.78500366210938,157.3699951171875,155.13999938964844,155.58999633789062,70929,0.0,0.0
2023-05-03 12:30:00-04:00,155.44000244140625,158.4499969482422,155.35000610351562,157.52999877929688,64765,0.0,0.0
2023-05-03 13:30:00-04:00,157.5,158.3699951171875,156.97000122070312,157.13999938964844,81142,0.0,0.0
2023-05-03 14:30:00-04:00,157.27999877929688,159.17999267578125,155.8000030517578,158.69500732421875,99917,0.0,0.0
2023-05-03 15:30:00-04:00,158.30999755859375,158.30999755859375,156.5500030517578,156.9199981689453,133227,0.0,0.0
2023-05-04 09:30:00-04:00,155.61000061035156,156.9600067138672,154.66000366210938,155.25,36369,0.0,0.0
2023-05-04 10:30:00-04:00,154.94000244140625,155.4199981689453,152.72999572753906,153.07000732421875,52466,0.0,0.0
2023-05-04 11:30:00-04:00,153.0449981689453,153.75,152.47000122070312,153.52999877929688,25147,0.0,0.0
2023-05-04 12:30:00-04:00,153.41000366210938,154.9199981689453,153.2100067138672,154.39999389648438,20357,0.0,0.0
2023-05-04 13:30:00-04:00,154.3350067138672,154.67999267578125,154.17999267578125,154.2949981689453,31226,0.0,0.0
2023-05-04 14:30:00-04:00,154.5,154.64999389648438,152.81500244140625,153.4499969482422,49206,0.0,0.0
2023-05-04 15:30:00-04:00,153.45249938964844,153.77999877929688,153.3000030517578,153.4199981689453,81668,0.0,0.0
2023-05-05 09:30:00-04:00,154.8300018310547,156.33999633789062,152.97000122070312,153.2899932861328,39655,0.0,0.0
2023-05-05 10:30:00-04:00,153.14999389648438,153.32000732421875,152.19000244140625,153.07000732421875,25649,0.0,0.0
2023-05-05 11:30:00-04:00,153.0850067138672,153.60000610351562,152.76010131835938,153.32000732421875,34915,0.0,0.0
2023-05-05 12:30:00-04:00,153.5,154.09500122070312,152.75,153.76499938964844,27862,0.0,0.0
2023-05-05 13:30:00-04:00,153.9199981689453,154.1199951171875,153.67999267578125,153.6999969482422,21281,0.0,0.0
2023-05-05 14:30:00-04:00,153.8300018310547,154.2050018310547,153.6300048828125,154.00999450683594,41448,0.0,0.0
2023-05-05 15:30:00-04:00,153.99000549316406,154.08999633789062,152.97999572753906,152.97999572753906,64691,0.0,0.0
2023-05-08 09:30:00-04:00,153.05999755859375,154.27000427246094,152.32000732421875,153.4600067138672,26211,0.0,0.0
2023-05-08 10:30:00-04:00,153.49000549316406,153.6199951171875,151.9149932861328,152.00999450683594,23772,0.0,0.0
2023-05-08 11:30:00-04:00,152.05999755859375,153.85000610351562,152.05999755859375,152.97999572753906,23140,0.0,0.0
2023-05-08 12:30:00-04:00,153.00999450683594,153.3800048828125,152.77000427246094,152.99000549316406,13981,0.0,0.0
2023-05-08 13:30:00-04:00,152.9600067138672,153.5,152.30999755859375,153.14999389648438,36601,0.0,0.0
2023-05-08 14:30:00-04:00,152.98089599609375,154.10000610351562,152.98089599609375,153.61099243164062,34667,0.0,0.0
2023-05-08 15:30:00-04:00,153.61000061035156,154.0,153.4199981689453,153.67999267578125,42244,0.0,0.0
2023-05-09 09:30:00-04:00,153.19000244140625,154.11000061035156,152.47999572753906,153.35000610351562,13223,0.0,0.0
2023-05-09 10:30:00-04:00,153.44000244140625,153.5800018310547,152.9499969482422,152.9499969482422,16942,0.0,0.0
2023-05-09 11:30:00-04:00,153.11000061035156,153.82000732421875,152.9499969482422,153.61000061035156,22412,0.0,0.0
2023-05-09 12:30:00-04:00,153.5500030517578,154.14999389648438,153.1750030517578,154.14999389648438,15238,0.0,0.0
2023-05-09 13:30:00-04:00,154.0399932861328,155.27999877929688,153.8300018310547,155.0749969482422,14009,0.0,0.0
2023-05-09 14:30:00-04:00,155.06500244140625,155.06500244140625,154.30999755859375,154.7899932861328,23135,0.0,0.0
2023-05-09 15:30:00-04:00,154.72999572753906,154.77499389648438,153.67999267578125,153.69000244140625,74658,0.0,0.0
2023-05-10 09:30:00-04:00,155.4199981689453,155.4199981689453,149.94000244140625,150.52999877929688,62620,0.0,0.0
2023-05-10 10:30:00-04:00,150.5,150.58999633789062,148.9199981689453,149.60000610351562,122247,0.0,0.0
2023-05-10 11:30:00-04:00,149.49000549316406,149.6999969482422,148.5399932861328,148.9600067138672,52701,0.0,0.0
2023-05-10 12:30:00-04:00,148.9499969482422,149.13999938964844,146.7899932861328,146.7899932861328,32979,0.0,0.0
2023-05-10 13:30:00-04:00,146.80999755859375,148.7100067138672,146.7949981689453,148.3300018310547,40040,0.0,0.0
2023-05-10 14:30:00-04:00,148.30499267578125,149.35000610351562,148.27499389648438,149.0399932861328,44061,0.0,0.0
2023-05-10 15:30:00-04:00,148.92999267578125,149.36000061035156,148.00999450683594,148.47000122070312,104633,0.0,0.0
2023-05-11 09:30:00-04:00,148.41000366210938,149.2100067138672,147.08999633789062,148.16000366210938,49896,0.0,0.0
2023-05-11 10:30:00-04:00,148.2100067138672,148.47500610351562,147.31500244140625,147.38999938964844,30276,0.0,0.0
2023-05-11 11:30:00-04:00,147.50999450683594,148.13999938964844,147.3699951171875,148.02999877929688,44904,0.0,0.0
2023-05-11 12:30:00-04:00,148.07000732421875,148.1699981689453,147.0399932861328,147.0399932861328,16938,0.0,0.0
2023-05-11 13:30:00-04:00,147.0800018310547,147.19000244140625,146.27999877929688,146.9250030517578,28378,0.0,0.0
2023-05-11 14:30:00-04:00,146.9250030517578,147.42999267578125,146.7899932861328,147.4199981689453,34498,0.0,0.0
2023-05-11 15:30:00-04:00,147.36000061035156,148.1199951171875,146.80999755859375,148.08999633789062,73355,0.0,0.0
2023-05-12 09:30:00-04:00,148.77000427246094,150.0749969482422,148.125,148.55999755859375,19033,0.0,0.0
2023-05-12 10:30:00-04:00,148.60000610351562,148.67999267578125,147.91000366210938,147.9550018310547,16728,0.0,0.0
2023-05-12 11:30:00-04:00,148.0500030517578,148.08999633789062,147.26499938964844,147.2949981689453,20092,0.0,0.0
2023-05-12 12:30:00-04:00,147.44000244140625,148.14999389648438,146.9600067138672,148.14999389648438,20776,0.0,0.0
2023-05-12 13:30:00-04:00,148.2899932861328,148.2899932861328,147.4149932861328,147.82000732421875,20062,0.0,0.0
2023-05-12 14:30:00-04:00,147.80999755859375,148.30999755859375,147.375,148.1999969482422,24110,0.0,0.0
2023-05-12 15:30:00-04:00,148.1999969482422,148.77000427246094,148.1999969482422,148.72999572753906,28989,0.0,0.0
2023-05-15 09:30:00-04:00,148.4499969482422,148.89999389648438,147.76499938964844,148.63999938964844,17816,0.0,0.0
2023-05-15 10:30:00-04:00,148.56500244140625,149.57000732421875,148.56500244140625,149.47999572753906,11912,0.0,0.0
2023-05-15 11:30:00-04:00,149.3699951171875,149.75999450683594,148.74000549316406,149.75999450683594,12208,0.0,0.0
2023-05-15 12:30:00-04:00,149.77999877929688,150.89999389648438,149.77999877929688,150.80999755859375,31703,0.0,0.0
2023-05-15 13:30:00-04:00,150.5800018310547,151.85000610351562,150.4600067138672,150.89999389648438,48541,0.0,0.0
2023-05-15 14:30:00-04:00,150.9199981689453,151.33999633789062,150.82000732421875,151.19000244140625,80228,0.0,0.0
2023-05-15 15:30:00-04:00,151.19000244140625,151.36000061035156,150.77000427246094,150.83999633789062,68307,0.0,0.0
2023-05-16 09:30:00-04:00,149.6699981689453,149.6699981689453,147.67999267578125,149.4499969482422,37889,0.0,0.0
2023-05-16 10:30:00-04:00,149.67999267578125,149.68499755859375,148.41000366210938,149.61000061035156,19172,0.0,0.0
2023-05-16 11:30:00-04:00,149.49000549316406,150.0,149.22000122070312,149.27999877929688,13903,0.0,0.0
2023-05-16 12:30:00-04:00,149.4499969482422,149.80999755859375,149.14999389648438,149.14999389648438,13889,0.0,0.0
2023-05-16 13:30:00-04:00,149.02499389648438,149.1300048828125,148.2949981689453,148.625,16202,0.0,0.0
2023-05-16 14:30:00-04:00,148.65499877929688,149.3000030517578,148.47500610351562,149.10459899902344,21541,0.0,0.0
2023-05-16 15:30:00-04:00,149.05999755859375,149.05999755859375,148.11000061035156,148.1699981689453,39142,0.0,0.0
2023-05-17 09:30:00-04:00,148.57000732421875,149.1300048828125,147.97999572753906,149.05999755859375,30099,0.0,0.0
2023-05-17 10:30:00-04:00,149.07000732421875,149.1699981689453,148.75999450683594,149.0,23513,0.0,0.0
2023-05-17 11:30:00-04:00,149.0894012451172,149.0894012451172,148.13999938964844,148.39990234375,19841,0.0,0.0
2023-05-17 12:30:00-04:00,148.47000122070312,149.64500427246094,148.3800048828125,149.19000244140625,18735,0.0,0.0
2023-05-17 13:30:00-04:00,149.35499572753906,149.84500122070312,149.2899932861328,149.595703125,20275,0.0,0.0
2023-05-17 14:30:00-04:00,149.5800018310547,149.97000122070312,149.1199951171875,149.38999938964844,27783,0.0,0.0
2023-05-17 15:30:00-04:00,149.52000427246094,150.02000427246094,149.2949981689453,149.4199981689453,60263,0.0,0.0
2023-05-18 09:30:00-04:00,149.8800048828125,150.90499877929688,149.2550048828125,150.80999755859375,56202,0.0,0.0
2023-05-18 10:30:00-04:00,150.8699951171875,151.67999267578125,149.91000366210938,151.3000030517578,56274,0.0,0.0
2023-05-18 11:30:00-04:00,151.2899932861328,151.64999389648438,150.1999969482422,150.22999572753906,34691,0.0,0.0
2023-05-18 12:30:00-04:00,150.5399932861328,150.90750122070312,150.22999572753906,150.46499633789062,19393,0.0,0.0
2023-05-18 13:30:00-04:00,150.4600067138672,151.1750030517578,150.1699981689453,151.0,19198,0.0,0.0
2023-05-18 14:30:00-04:00,150.96499633789062,151.8300018310547,150.92999267578125,151.6649932861328,27155,0.0,0.0
2023-05-18 15:30:00-04:00,151.82000732421875,153.02999877929688,151.72999572753906,153.02000427246094,63699,0.0,0.0
2023-05-19 09:30:00-04:00,154.41000366210938,154.61000061035156,150.3804931640625,150.3804931640625,0,0.0,0.0
2023-05-19 10:30:00-04:00,150.99000549316406,151.15870666503906,149.49000549316406,149.51499938964844,17888,0.0,0.0
2023-05-19 11:30:00-04:00,149.27499389648438,150.0,148.75799560546875,149.63999938964844,15097,0.0,0.0
2023-05-19 12:30:00-04:00,149.5800018310547,150.25,149.42999267578125,149.97000122070312,9435,0.0,0.0
2023-05-19 13:30:00-04:00,150.10000610351562,150.15499877929688,148.89999389648438,149.14999389648438,18708,0.0,0.0
2023-05-19 14:30:00-04:00,148.94000244140625,149.6199951171875,148.7899932861328,149.02999877929688,19115,0.0,0.0
2023-05-19 15:30:00-04:00,148.8300018310547,149.38499450683594,148.8300018310547,149.11000061035156,46563,0.0,0.0
2023-05-22 09:30:00-04:00,149.55999755859375,150.52000427246094,148.5500030517578,149.27999877929688,18977,0.0,0.0
2023-05-22 10:30:00-04:00,149.07009887695312,149.30999755859375,148.19000244140625,148.97999572753906,34985,0.0,0.0
2023-05-22 11:30:00-04:00,149.0050048828125,149.28990173339844,148.61000061035156,149.10000610351562,10692,0.0,0.0
2023-05-22 12:30:00-04:00,149.0,149.1199951171875,148.61000061035156,149.00999450683594,16106,0.0,0.0
2023-05-22 13:30:00-04:00,149.0,149.80999755859375,149.0,149.14999389648438,13714,0.0,0.0
2023-05-22 14:30:00-04:00,149.2899932861328,149.5800018310547,148.66000366210938,149.0399932861328,25906,0.0,0.0
2023-05-22 15:30:00-04:00,149.00999450683594,149.18499755859375,148.6999969482422,148.8300018310547,38762,0.0,0.0
2023-05-23 09:30:00-04:00,148.0,148.6999969482422,145.52999877929688,148.64500427246094,31449,0.0,0.0
2023-05-23 10:30:00-04:00,148.50999450683594,148.74000549316406,147.5,147.8800048828125,18557,0.0,0.0
2023-05-23 11:30:00-04:00,147.89999389648438,147.98500061035156,147.47500610351562,147.80999755859375,18164,0.0,0.0
2023-05-23 12:30:00-04:00,147.9149932861328,148.1300048828125,147.52999877929688,147.77000427246094,48452,0.0,0.0
2023-05-23 13:30:00-04:00,147.25999450683594,148.0800018310547,146.8699951171875,146.9949951171875,21486,0.0,0.0
2023-05-23 14:30:00-04:00,146.92999267578125,147.55999755859375,146.6699981689453,147.39999389648438,39706,0.0,0.0
2023-05-23 15:30:00-04:00,147.2449951171875,148.47999572753906,147.22999572753906,148.0,189297,0.0,0.0
2023-05-24 09:30:00-04:00,143.44000244140625,144.19000244140625,140.02000427246094,140.30999755859375,86855,0.0,0.0
2023-05-24 10:30:00-04:00,140.3300018310547,142.33999633789062,140.3300018310547,141.4199981689453,35892,0.0,0.0
2023-05-24 11:30:00-04:00,141.26499938964844,141.625,140.27999877929688,140.35000610351562,35866,0.0,0.0
2023-05-24 12:30:00-04:00,140.44000244140625,141.19000244140625,139.6649932861328,141.19000244140625,38404,0.0,0.0
2023-05-24 13:30:00-04:00,141.10000610351562,141.88999938964844,140.72000122070312,140.93499755859375,36053,0.0,0.0
2023-05-24 14:30:00-04:00,140.85499572753906,142.47999572753906,140.73500061035156,142.15499877929688,42270,0.0,0.0
2023-05-24 15:30:00-04:00,142.11500549316406,142.5050048828125,141.24000549316406,141.25,92635,0.0,0.0
2023-05-25 09:30:00-04:00,141.24000549316406,142.8699951171875,140.31500244140625,141.52000427246094,30872,0.0,0.0
2023-05-25 10:30:00-04:00,141.6300048828125,142.1750030517578,141.0399932861328,141.3800048828125,32225,0.0,0.0
2023-05-25 11:30:00-04:00,141.375,142.35000610351562,140.95660400390625,141.69000244140625,31265,0.0,0.0
2023-05-25 12:30:00-04:00,141.7100067138672,142.4499969482422,141.4250030517578,142.35499572753906,16268,0.0,0.0
2023-05-25 13:30:00-04:00,142.44000244140625,142.4499969482422,141.42999267578125,142.14500427246094,24899,0.0,0.0
2023-05-25 14:30:00-04:00,142.0399932861328,142.64999389648438,141.08999633789062,142.57000732421875,40552,0.0,0.0
2023-05-25 15:30:00-04:00,142.47000122070312,142.8300018310547,141.72999572753906,142.0,66790,0.0,0.0
2023-05-26 09:30:00-04:00,142.13999938964844,143.16000366210938,141.11000061035156,142.22999572753906,31251,0.0,0.0
2023-05-26 10:30:00-04:00,142.17999267578125,142.25999450683594,139.5399932861328,139.85000610351562,48665,0.0,0.0
2023-05-26 11:30:00-04:00,139.72999572753906,141.25,139.38999938964844,141.17999267578125,54919,0.0,0.0
2023-05-26 12:30:00-04:00,141.2899932861328,141.58999633789062,140.77000427246094,141.0,24447,0.0,0.0
2023-05-26 13:30:00-04:00,141.11000061035156,141.57000732421875,140.55499267578125,141.08999633789062,19023,0.0,0.0
2023-05-26 14:30:00-04:00,141.0850067138672,141.66000366210938,141.0399932861328,141.1300048828125,27615,0.0,0.0
2023-05-26 15:30:00-04:00,140.97000122070312,141.50999450683594,140.72999572753906,141.02999877929688,40739,0.0,0.0
2023-05-30 09:30:00-04:00,142.25,143.25,141.1374969482422,141.1374969482422,37871,0.0,0.0
2023-05-30 10:30:00-04:00,141.18130493164062,141.18130493164062,140.47999572753906,140.72500610351562,75351,0.0,0.0
2023-05-30 11:30:00-04:00,140.6199951171875,141.1699981689453,140.08999633789062,140.08999633789062,21995,0.0,0.0
2023-05-30 12:30:00-04:00,139.8699951171875,140.25,139.55499267578125,139.9550018310547,32279,0.0,0.0
2023-05-30 13:30:00-04:00,139.97500610351562,140.88999938964844,139.85009765625,140.88999938964844,18035,0.0,0.0
2023-05-30 14:30:00-04:00,140.7899932861328,141.44000244140625,140.7899932861328,141.26499938964844,20671,0.0,0.0
2023-05-30 15:30:00-04:00,141.1999969482422,141.1999969482422,140.38999938964844,140.4199981689453,55861,0.0,0.0
2023-05-31 09:30:00-04:00,139.99000549316406,141.16000366210938,137.60499572753906,138.36500549316406,42421,0.0,0.0
2023-05-31 10:30:00-04:00,138.3000030517578,138.55499267578125,137.6199951171875,137.75999450683594,41178,0.0,0.0
2023-05-31 11:30:00-04:00,137.64999389648438,138.07000732421875,137.24000549316406,137.35499572753906,33936,0.0,0.0
2023-05-31 12:30:00-04:00,137.52999877929688,138.14999389648438,137.44500732421875,138.10000610351562,15793,0.0,0.0
2023-05-31 13:30:00-04:00,138.10000610351562,138.38999938964844,137.8300018310547,138.1999969482422,24778,0.0,0.0
2023-05-31 14:30:00-04:00,138.1300048828125,138.22000122070312,137.1649932861328,137.52000427246094,40055,0.0,0.0
2023-05-31 15:30:00-04:00,137.42999267578125,138.13999938964844,137.42999267578125,137.80999755859375,75998,0.0,0.0
2023-06-01 09:30:00-04:00,137.6199951171875,138.19500732421875,136.75999450683594,137.89999389648438,57892,0.0,0.0
2023-06-01 10:30:00-04:00,137.75,139.24000549316406,137.6300048828125,139.14500427246094,28251,0.0,0.0
2023-06-01 11:30:00-04:00,139.11500549316406,139.3300018310547,138.72000122070312,138.8300018310547,24496,0.0,0.0
2023-06-01 12:30:00-04:00,138.97000122070312,138.97000122070312,138.4114990234375,138.4114990234375,22820,0.0,0.0
2023-06-01 13:30:00-04:00,138.718994140625,138.9499969482422,138.5399932861328,138.88999938964844,20898,0.0,0.0
2023-06-01 14:30:00-04:00,138.875,139.0800018310547,138.5800018310547,139.0,67619,0.0,0.0
2023-06-01 15:30:00-04:00,138.75,139.02000427246094,138.5500030517578,138.91000366210938,56966,0.0,0.0
2023-06-02 09:30:00-04:00,141.27000427246094,142.2100067138672,140.44000244140625,141.3800048828125,28749,0.0,0.0
2023-06-02 10:30:00-04:00,141.60000610351562,142.75,141.47000122070312,142.25999450683594,37099,0.0,0.0
2023-06-02 11:30:00-04:00,142.4600067138672,142.9600067138672,142.34500122070312,142.60800170898438,30433,0.0,0.0
2023-06-02 12:30:00-04:00,143.0,143.89999389648438,143.0,143.8800048828125,40801,0.0,0.0
2023-06-02 13:30:00-04:00,143.86000061035156,143.8800048828125,143.25999450683594,143.5,43387,0.0,0.0
2023-06-02 14:30:00-04:00,143.4600067138672,144.5,143.32000732421875,143.8300018310547,57983,0.0,0.0
2023-06-02 15:30:00-04:00,143.80999755859375,144.13999938964844,143.69000244140625,143.7899932861328,154152,0.0,0.0
2023-06-05 09:30:00-04:00,143.10000610351562,144.07000732421875,142.0,142.94000244140625,33319,0.0,0.0
2023-06-05 10:30:00-04:00,142.6750030517578,144.13999938964844,142.64999389648438,143.83810424804688,32681,0.0,0.0
2023-06-05 11:30:00-04:00,143.57000732421875,143.7100067138672,142.82000732421875,143.21499633789062,39502,0.0,0.0
2023-06-05 12:30:00-04:00,143.3249969482422,143.6199951171875,143.05999755859375,143.05999755859375,33944,0.0,0.0
2023-06-05 13:30:00-04:00,142.97999572753906,143.17799377441406,142.84500122070312,142.84500122070312,35696,0.0,0.0
2023-06-05 14:30:00-04:00,142.83999633789062,143.17999267578125,142.4600067138672,142.89999389648438,61684,0.0,0.0
2023-06-05 15:30:00-04:00,142.83999633789062,143.1699981689453,142.72999572753906,142.72999572753906,92896,0.0,0.0
2023-06-06 09:30:00-04:00,145.24000549316406,152.25999450683594,144.83999633789062,152.1125030517578,137960,0.0,0.0
2023-06-06 10:30:00-04:00,152.10499572753906,152.89990234375,151.6649932861328,151.97999572753906,44933,0.0,0.0
2023-06-06 11:30:00-04:00,152.1199951171875,152.1199951171875,151.39999389648438,151.55999755859375,29698,0.0,0.0
2023-06-06 12:30:00-04:00,151.6699981689453,152.13999938964844,150.89999389648438,151.22000122070312,23559,0.0,0.0
2023-06-06 13:30:00-04:00,151.1320037841797,151.52999877929688,150.60009765625,151.39500427246094,40160,0.0,0.0
2023-06-06 14:30:00-04:00,151.39500427246094,152.0399932861328,151.3000030517578,151.94000244140625,66071,0.0,0.0
2023-06-06 15:30:00-04:00,151.94000244140625,152.07000732421875,150.84500122070312,151.4199981689453,110560,0.0,0.0
2023-06-07 09:30:00-04:00,151.9499969482422,153.52000427246094,151.63499450683594,152.64999389648438,43856,0.0,0.0
2023-06-07 10:30:00-04:00,152.8000030517578,153.84500122070312,152.0,153.84500122070312,42873,0.0,0.0
2023-06-07 11:30:00-04:00,153.97000122070312,154.23500061035156,152.3699951171875,152.5,30226,0.0,0.0
2023-06-07 12:30:00-04:00,152.44000244140625,153.0,151.75,151.875,29651,0.0,0.0
2023-06-07 13:30:00-04:00,151.75999450683594,152.0500030517578,151.57000732421875,151.8000030517578,50906,0.0,0.0
2023-06-07 14:30:00-04:00,151.75999450683594,152.5399932861328,151.32000732421875,152.33999633789062,44646,0.0,0.0
2023-06-07 15:30:00-04:00,152.49000549316406,152.85000610351562,152.10000610351562,152.8300018310547,135510,0.0,0.0
2023-06-08 09:30:00-04:00,152.3699951171875,153.2550048828125,149.44500732421875,149.5800018310547,28340,0.0,0.0
2023-06-08 10:30:00-04:00,149.89500427246094,150.36000061035156,148.16000366210938,149.10000610351562,28676,0.0,0.0
2023-06-08 11:30:00-04:00,149.42999267578125,149.91000366210938,149.22000122070312,149.32000732421875,29784,0.0,0.0
2023-06-08 12:30:00-04:00,149.46499633789062,150.10000610351562,149.3800048828125,149.77000427246094,26836,0.0,0.0
2023-06-08 13:30:00-04:00,149.6199951171875,149.66250610351562,149.30999755859375,149.61000061035156,20549,0.0,0.0
2023-06-08 14:30:00-04:00,149.6300048828125,150.67999267578125,149.24000549316406,150.13999938964844,66180,0.0,0.0
2023-06-08 15:30:00-04:00,150.10499572753906,150.57000732421875,150.0,150.02999877929688,62645,0.0,0.0
2023-06-09 09:30:00-04:00,149.5800018310547,149.97500610351562,148.22999572753906,149.0050048828125,29777,0.0,0.0
2023-06-09 10:30:00-04:00,149.01499938964844,149.01499938964844,146.4949951171875,146.64999389648438,26241,0.0,0.0
2023-06-09 11:30:00-04:00,146.60000610351562,147.13999938964844,146.48500061035156,146.64999389648438,14898,0.0,0.0
2023-06-09 12:30:00-04:00,146.50999450683594,147.7550048828125,146.47000122070312,147.7550048828125,14447,0.0,0.0
2023-06-09 13:30:00-04:00,147.75999450683594,148.4698944091797,147.67410278320312,148.30999755859375,16795,0.0,0.0
2023-06-09 14:30:00-04:00,148.22999572753906,149.22000122070312,147.9324951171875,148.60000610351562,30101,0.0,0.0
2023-06-09 15:30:00-04:00,148.5800018310547,148.72500610351562,148.10000610351562,148.14999389648438,25202,0.0,0.0
2023-06-12 09:30:00-04:00,148.89999389648438,149.3000030517578,147.31500244140625,148.50999450683594,26232,0.0,0.0
2023-06-12 10:30:00-04:00,148.4250030517578,149.3000030517578,147.49000549316406,148.80999755859375,20954,0.0,0.0
2023-06-12 11:30:00-04:00,149.05999755859375,149.72999572753906,148.58999633789062,149.6649932861328,9720,0.0,0.0
2023-06-12 12:30:00-04:00,149.67999267578125,150.0050048828125,149.5,149.9949951171875,6666,0.0,0.0
2023-06-12 13:30:00-04:00,149.92999267578125,150.72000122070312,149.88999938964844,150.2949981689453,11925,0.0,0.0
2023-06-12 14:30:00-04:00,150.25999450683594,151.28500366210938,150.25999450683594,151.22999572753906,17444,0.0,0.0
2023-06-12 15:30:00-04:00,151.3249969482422,151.85499572753906,151.1699981689453,151.75999450683594,51889,0.0,0.0
2023-06-13 09:30:00-04:00,153.19000244140625,154.6750030517578,152.3249969482422,154.6750030517578,24709,0.0,0.0
2023-06-13 10:30:00-04:00,154.49000549316406,155.5800018310547,154.32000732421875,155.35000610351562,22621,0.0,0.0
2023-06-13 11:30:00-04:00,155.4600067138672,155.49000549316406,154.3800048828125,155.3300018310547,27918,0.0,0.0
2023-06-13 12:30:00-04:00,155.49000549316406,156.02499389648438,155.0850067138672,155.5500030517578,18944,0.0,0.0
2023-06-13 13:30:00-04:00,155.47000122070312,155.60000610351562,154.94000244140625,154.97999572753906,15739,0.0,0.0
2023-06-13 14:30:00-04:00,154.89999389648438,155.97000122070312,154.72999572753906,155.64999389648438,28334,0.0,0.0
2023-06-13 15:30:00-04:00,155.68499755859375,155.72000122070312,154.60000610351562,154.60000610351562,43483,0.0,0.0
2023-06-14 09:30:00-04:00,154.9199981689453,156.17999267578125,153.47000122070312,154.27999877929688,26489,0.0,0.0
2023-06-14 10:30:00-04:00,154.74000549316406,155.72000122070312,154.3249969482422,155.4550018310547,15222,0.0,0.0
2023-06-14 11:30:00-04:00,155.52000427246094,155.67999267578125,154.88999938964844,155.14999389648438,26036,0.0,0.0
2023-06-14 12:30:00-04:00,155.11000061035156,155.47999572753906,154.67999267578125,154.75,10760,0.0,0.0
2023-06-14 13:30:00-04:00,154.8300018310547,154.8699951171875,153.27999877929688,153.77999877929688,17990,0.0,0.0
2023-06-14 14:30:00-04:00,153.77999877929688,155.64999389648438,153.52000427246094,154.875,34775,0.0,0.0
2023-06-14 15:30:00-04:00,154.75,154.8699951171875,153.91000366210938,154.72999572753906,38299,0.0,0.0
2023-06-15 09:30:00-04:00,154.8000030517578,157.9600067138672,154.35000610351562,157.22999572753906,23289,0.0,0.0
2023-06-15 10:30:00-04:00,156.97000122070312,157.72000122070312,156.1649932861328,157.72000122070312,18473,0.0,0.0
2023-06-15 11:30:00-04:00,157.97500610351562,158.07000732421875,157.38999938964844,158.07000732421875,25550,0.0,0.0
2023-06-15 12:30:00-04:00,157.8000030517578,158.10000610351562,157.49000549316406,157.63999938964844,14853,0.0,0.0
2023-06-15 13:30:00-04:00,157.66000366210938,158.39999389648438,157.19000244140625,157.19000244140625,12034,0.0,0.0
2023-06-15 14:30:00-04:00,157.11500549316406,158.5800018310547,157.0800018310547,158.48500061035156,29660,0.0,0.0
2023-06-15 15:30:00-04:00,158.47999572753906,159.27999877929688,158.36500549316406,158.99000549316406,53004,0.0,0.0
2023-06-16 09:30:00-04:00,159.13999938964844,160.1699981689453,157.67999267578125,158.44000244140625,42951,0.0,0.0
2023-06-16 10:30:00-04:00,158.44000244140625,158.52999877929688,157.4199981689453,158.14999389648438,41760,0.0,0.0
2023-06-16 11:30:00-04:00,158.22999572753906,158.6999969482422,157.57000732421875,158.27999877929688,44721,0.0,0.0
2023-06-16 12:30:00-04:00,158.25999450683594,159.16000366210938,157.9499969482422,158.08999633789062,61980,0.0,0.0
2023-06-16 13:30:00-04:00,158.17999267578125,158.88999938964844,157.72000122070312,158.72999572753906,36819,0.0,0.0
2023-06-16 14:30:00-04:00,158.75,159.3800048828125,158.4499969482422,159.27000427246094,46364,0.0,0.0
2023-06-16 15:30:00-04:00,159.21499633789062,159.99000549316406,158.77000427246094,158.7899932861328,108867,0.0,0.0
2023-06-20 09:30:00-04:00,157.08999633789062,159.88999938964844,156.61000061035156,158.5800018310547,77765,0.0,0.0
2023-06-20 10:30:00-04:00,158.62730407714844,159.27999877929688,158.27999877929688,158.86500549316406,47820,0.0,0.0
2023-06-20 11:30:00-04:00,158.86500549316406,160.10000610351562,158.6699981689453,159.88999938964844,38379,0.0,0.0
2023-06-20 12:30:00-04:00,159.80999755859375,161.02999877929688,159.74000549316406,160.44500732421875,39518,0.0,0.0
2023-06-20 13:30:00-04:00,160.4550018310547,161.26499938964844,160.4550018310547,160.92999267578125,31046,0.0,0.0
2023-06-20 14:30:00-04:00,160.97999572753906,161.4199981689453,160.8300018310547,161.4199981689453,31207,0.0,0.0
2023-06-20 15:30:00-04:00,161.47000122070312,162.58999633789062,161.47000122070312,161.77999877929688,67506,0.0,0.0
2023-06-21 09:30:00-04:00,161.75,163.7100067138672,161.4250030517578,163.32000732421875,27470,0.0,0.0
2023-06-21 10:30:00-04:00,163.16000366210938,163.5,161.5399932861328,162.22000122070312,39029,0.0,0.0
2023-06-21 11:30:00-04:00,162.22000122070312,162.22000122070312,160.0,160.36500549316406,38458,0.0,0.0
2023-06-21 12:30:00-04:00,160.6999969482422,161.1699981689453,160.3800048828125,161.1699981689453,14030,0.0,0.0
2023-06-21 13:30:00-04:00,161.3699951171875,161.72999572753906,161.35000610351562,161.5050048828125,22731,0.0,0.0
2023-06-21 14:30:00-04:00,161.5,161.52999877929688,160.47999572753906,160.47999572753906,27439,0.0,0.0
2023-06-21 15:30:00-04:00,160.3800048828125,160.57000732421875,159.6199951171875,160.17999267578125,91342,0.0,0.0
2023-06-22 09:30:00-04:00,159.4499969482422,159.66000366210938,157.08999633789062,159.50999450683594,33617,0.0,0.0
2023-06-22 10:30:00-04:00,159.3800048828125,159.9499969482422,158.3300018310547,158.5675048828125,22493,0.0,0.0
2023-06-22 11:30:00-04:00,158.8699951171875,159.25,158.08999633789062,158.26499938964844,27954,0.0,0.0
2023-06-22 12:30:00-04:00,158.4600067138672,158.6300048828125,158.17999267578125,158.6300048828125,11646,0.0,0.0
2023-06-22 13:30:00-04:00,158.5399932861328,158.99000549316406,158.24000549316406,158.875,26328,0.0,0.0
2023-06-22 14:30:00-04:00,158.9600067138672,159.1999969482422,158.74000549316406,158.75999450683594,22482,0.0,0.0
2023-06-22 15:30:00-04:00,158.6300048828125,159.17999267578125,158.60499572753906,159.16000366210938,47656,0.0,0.0
2023-06-23 09:30:00-04:00,157.5800018310547,158.77999877929688,156.47999572753906,158.61500549316406,32000,0.0,0.0
2023-06-23 10:30:00-04:00,158.5850067138672,159.51499938964844,158.22999572753906,158.42999267578125,18156,0.0,0.0
2023-06-23 11:30:00-04:00,158.39999389648438,159.50999450683594,158.13999938964844,159.47000122070312,23045,0.0,0.0
2023-06-23 12:30:00-04:00,159.4199981689453,159.67999267578125,159.19500732421875,159.37930297851562,16335,0.0,0.0
2023-06-23 13:30:00-04:00,159.3699951171875,159.75999450683594,158.92999267578125,158.97000122070312,17632,0.0,0.0
2023-06-23 14:30:00-04:00,159.03500366210938,159.11000061035156,158.10499572753906,158.44500732421875,25825,0.0,0.0
2023-06-23 15:30:00-04:00,158.25100708007812,158.3925018310547,157.47000122070312,157.8699951171875,86712,0.0,0.0
2023-06-26 09:30:00-04:00,157.9600067138672,161.1699981689453,157.9600067138672,160.86000061035156,18686,0.0,0.0
2023-06-26 10:30:00-04:00,160.8800048828125,161.13999938964844,159.3800048828125,159.84500122070312,29465,0.0,0.0
2023-06-26 11:30:00-04:00,159.88999938964844,161.47999572753906,159.75,161.31629943847656,20083,0.0,0.0
2023-06-26 12:30:00-04:00,161.32000732421875,162.0399932861328,160.86000061035156,161.63999938964844,22568,0.0,0.0
2023-06-26 13:30:00-04:00,161.6699981689453,161.80999755859375,161.02000427246094,161.27999877929688,16809,0.0,0.0
2023-06-26 14:30:00-04:00,161.3800048828125,161.7100067138672,160.8300018310547,161.49000549316406,39409,0.0,0.0
2023-06-26 15:30:00-04:00,161.5800018310547,162.25,160.9199981689453,160.94000244140625,83077,0.0,0.0
2023-06-27 09:30:00-04:00,162.27999877929688,164.44500732421875,161.14999389648438,164.38999938964844,25305,0.0,0.0
2023-06-27 10:30:00-04:00,164.27000427246094,166.83999633789062,164.22000122070312,166.0,37544,0.0,0.0
2023-06-27 11:30:00-04:00,165.66000366210938,165.66000366210938,164.61000061035156,165.05099487304688,23450,0.0,0.0
2023-06-27 12:30:00-04:00,165.2899932861328,166.0,165.25,165.88999938964844,26458,0.0,0.0
2023-06-27 13:30:00-04:00,165.97999572753906,166.0800018310547,165.39999389648438,166.01499938964844,35599,0.0,0.0
2023-06-27 14:30:00-04:00,165.99000549316406,167.61000061035156,165.9199981689453,167.61000061035156,36338,0.0,0.0
2023-06-27 15:30:00-04:00,167.52999877929688,167.5800018310547,166.66000366210938,166.99000549316406,81198,0.0,0.0
2023-06-28 09:30:00-04:00,167.13999938964844,168.83999633789062,166.05999755859375,167.5800018310547,40458,0.0,0.0
2023-06-28 10:30:00-04:00,167.75999450683594,169.02999877929688,167.60000610351562,168.52999877929688,25784,0.0,0.0
2023-06-28 11:30:00-04:00,168.85000610351562,169.25999450683594,168.41000366210938,168.92999267578125,17148,0.0,0.0
2023-06-28 12:30:00-04:00,168.72999572753906,168.90750122070312,167.5399932861328,168.46499633789062,13154,0.0,0.0
2023-06-28 13:30:00-04:00,168.6199951171875,168.80999755859375,168.16000366210938,168.80999755859375,12246,0.0,0.0
2023-06-28 14:30:00-04:00,168.6999969482422,169.05999755859375,168.1649932861328,168.75999450683594,18905,0.0,0.0
2023-06-28 15:30:00-04:00,168.86000061035156,168.86000061035156,167.52999877929688,167.5500030517578,72701,0.0,0.0
2023-06-29 09:30:00-04:00,167.89999389648438,168.42999267578125,166.3699951171875,167.02000427246094,45141,0.0,0.0
2023-06-29 10:30:00-04:00,167.27000427246094,168.1300048828125,166.0800018310547,167.4499969482422,26158,0.0,0.0
2023-06-29 11:30:00-04:00,167.1699981689453,168.0500030517578,167.0,167.89999389648438,15561,0.0,0.0
2023-06-29 12:30:00-04:00,167.83999633789062,167.89999389648438,167.25,167.61000061035156,25007,0.0,0.0
2023-06-29 13:30:00-04:00,167.52499389648438,167.52499389648438,166.35000610351562,166.60000610351562,32771,0.0,0.0
2023-06-29 14:30:00-04:00,166.5399932861328,166.5399932861328,165.72999572753906,166.50999450683594,59926,0.0,0.0
2023-06-29 15:30:00-04:00,166.50999450683594,166.76499938964844,165.8699951171875,166.0500030517578,109403,0.0,0.0
2023-06-30 09:30:00-04:00,166.6699981689453,167.82000732421875,165.25999450683594,167.07000732421875,30936,0.0,0.0
2023-06-30 10:30:00-04:00,167.4600067138672,168.42999267578125,166.57000732421875,167.83999633789062,29466,0.0,0.0
2023-06-30 11:30:00-04:00,167.85000610351562,167.85000610351562,166.52000427246094,167.22999572753906,27626,0.0,0.0
2023-06-30 12:30:00-04:00,167.125,168.2100067138672,167.125,168.10000610351562,25288,0.0,0.0
2023-06-30 13:30:00-04:00,168.0800018310547,168.0800018310547,166.96499633789062,167.36500549316406,28559,0.0,0.0
2023-06-30 14:30:00-04:00,167.2899932861328,168.0500030517578,167.27000427246094,168.0,43744,0.0,0.0
2023-06-30 15:30:00-04:00,168.0,168.1300048828125,167.32000732421875,167.32000732421875,65232,0.0,0.0
2023-07-03 09:30:00-04:00,166.14999389648438,167.02999877929688,164.57000732421875,165.27000427246094,35088,0.0,0.0
2023-07-03 10:30:00-04:00,165.2899932861328,166.19000244140625,164.8300018310547,165.10000610351562,16502,0.0,0.0
2023-07-03 11:30:00-04:00,164.875,165.1300048828125,163.9600067138672,165.08999633789062,20238,0.0,0.0
2023-07-05 09:30:00-04:00,164.5500030517578,166.7100067138672,162.4499969482422,164.50059509277344,40413,0.0,0.0
2023-07-05 10:30:00-04:00,164.3000030517578,165.25999450683594,164.3000030517578,165.19000244140625,16748,0.0,0.0
2023-07-05 11:30:00-04:00,165.1999969482422,165.61000061035156,164.9199981689453,165.16000366210938,21106,0.0,0.0
2023-07-05 12:30:00-04:00,164.8800048828125,164.88999938964844,164.5,164.6300048828125,19785,0.0,0.0
2023-07-05 13:30:00-04:00,164.50999450683594,164.9199981689453,164.17999267578125,164.17999267578125,12153,0.0,0.0
2023-07-05 14:30:00-04:00,164.41000366210938,166.50999450683594,164.41000366210938,166.4199981689453,49725,0.0,0.0
2023-07-05 15:30:00-04:00,166.3699951171875,166.47999572753906,165.94000244140625,166.02000427246094,87414,0.0,0.0
2023-07-06 09:30:00-04:00,164.0800018310547,164.69000244140625,161.61000061035156,161.61000061035156,25423,0.0,0.0
2023-07-06 10:30:00-04:00,161.88999938964844,162.48500061035156,161.02499389648438,161.0399932861328,30344,0.0,0.0
2023-07-06 11:30:00-04:00,161.36000061035156,161.49000549316406,160.09500122070312,160.6300048828125,25981,0.0,0.0
2023-07-06 12:30:00-04:00,160.6199951171875,161.17999267578125,160.44000244140625,161.02999877929688,34726,0.0,0.0
2023-07-06 13:30:00-04:00,161.00999450683594,161.40499877929688,160.68499755859375,160.68499755859375,18404,0.0,0.0
2023-07-06 14:30:00-04:00,160.60000610351562,161.85000610351562,160.3800048828125,161.1199951171875,36171,0.0,0.0
2023-07-06 15:30:00-04:00,161.0500030517578,162.14999389648438,161.0500030517578,162.02000427246094,54107,0.0,0.0
2023-07-07 09:30:00-04:00,162.64999389648438,165.4499969482422,162.64999389648438,164.58999633789062,20896,0.0,0.0
2023-07-07 10:30:00-04:00,164.25,164.5,163.42999267578125,164.22000122070312,11545,0.0,0.0
2023-07-07 11:30:00-04:00,164.07000732421875,164.2100067138672,163.72999572753906,164.0399932861328,8276,0.0,0.0
2023-07-07 12:30:00-04:00,164.32000732421875,165.6199951171875,164.32000732421875,164.67999267578125,17614,0.0,0.0
2023-07-07 13:30:00-04:00,164.72999572753906,164.74000549316406,163.6699981689453,164.5399932861328,26290,0.0,0.0
2023-07-07 14:30:00-04:00,164.27000427246094,164.44000244140625,163.72000122070312,163.8300018310547,22600,0.0,0.0
2023-07-07 15:30:00-04:00,163.6699981689453,163.9324951171875,162.9499969482422,163.58999633789062,36554,0.0,0.0
2023-07-10 09:30:00-04:00,163.08999633789062,167.6199951171875,162.9949951171875,166.39999389648438,32111,0.0,0.0
2023-07-10 10:30:00-04:00,166.30999755859375,166.67999267578125,165.42999267578125,165.55499267578125,14105,0.0,0.0
2023-07-10 11:30:00-04:00,165.47999572753906,166.44000244140625,165.16000366210938,166.44000244140625,22837,0.0,0.0
2023-07-10 12:30:00-04:00,166.6898956298828,166.6898956298828,165.9550018310547,166.13999938964844,9453,0.0,0.0
2023-07-10 13:30:00-04:00,166.24000549316406,166.8699951171875,166.2100067138672,166.8249969482422,7367,0.0,0.0
2023-07-10 14:30:00-04:00,166.6699981689453,166.9199981689453,166.35000610351562,166.74000549316406,9999,0.0,0.0
2023-07-10 15:30:00-04:00,166.7729949951172,167.02000427246094,166.4600067138672,166.6699981689453,35712,0.0,0.0
2023-07-11 09:30:00-04:00,167.0,169.1199951171875,167.0,167.97999572753906,23944,0.0,0.0
2023-07-11 10:30:00-04:00,167.7899932861328,168.6199951171875,167.67999267578125,167.8800048828125,22563,0.0,0.0
2023-07-11 11:30:00-04:00,167.91000366210938,168.9149932861328,167.75779724121094,168.67999267578125,13805,0.0,0.0
2023-07-11 12:30:00-04:00,168.71499633789062,168.8699951171875,168.34500122070312,168.5399932861328,16628,0.0,0.0
2023-07-11 13:30:00-04:00,168.5050048828125,168.52499389648438,167.1999969482422,167.5050048828125,23250,0.0,0.0
2023-07-11 14:30:00-04:00,167.5800018310547,167.92999267578125,167.31500244140625,167.6999969482422,17888,0.0,0.0
2023-07-11 15:30:00-04:00,167.6999969482422,168.7100067138672,167.4550018310547,168.1699981689453,37244,0.0,0.0
2023-07-12 09:30:00-04:00,170.22000122070312,171.41000366210938,168.97999572753906,170.5,32922,0.0,0.0
2023-07-12 10:30:00-04:00,171.25999450683594,174.02999877929688,171.02000427246094,173.77000427246094,30370,0.0,0.0
2023-07-12 11:30:00-04:00,173.77499389648438,174.5,172.97889709472656,174.32000732421875,33726,0.0,0.0
2023-07-12 12:30:00-04:00,174.27000427246094,175.9600067138672,174.0,174.6300048828125,54168,0.0,0.0
2023-07-12 13:30:00-04:00,174.75,175.27999877929688,174.44000244140625,175.27999877929688,23172,0.0,0.0
2023-07-12 14:30:00-04:00,175.27999877929688,175.42999267578125,173.35000610351562,173.81500244140625,28255,0.0,0.0
2023-07-12 15:30:00-04:00,173.88999938964844,174.69000244140625,173.78500366210938,174.5800018310547,79306,0.0,0.0
2023-07-13 09:30:00-04:00,176.16000366210938,176.16000366210938,173.3699951171875,173.9600067138672,12000,0.0,0.0
2023-07-13 10:30:00-04:00,173.7899932861328,174.2899932861328,172.4600067138672,172.57000732421875,9247,0.0,0.0
2023-07-13 11:30:00-04:00,172.32000732421875,173.55999755859375,172.32000732421875,172.7899932861328,14584,0.0,0.0
2023-07-13 12:30:00-04:00,172.81500244140625,172.81500244140625,171.94000244140625,172.4149932861328,13436,0.0,0.0
2023-07-13 13:30:00-04:00,172.50999450683594,172.74000549316406,172.08999633789062,172.15499877929688,8929,0.0,0.0
2023-07-13 14:30:00-04:00,172.0399932861328,172.41000366210938,171.6199951171875,171.98500061035156,12572,0.0,0.0
2023-07-13 15:30:00-04:00,172.0800018310547,172.38999938964844,171.97000122070312,171.97999572753906,21231,0.0,0.0
2023-07-14 09:30:00-04:00,171.8000030517578,172.83999633789062,169.30999755859375,169.52000427246094,30401,0.0,0.0
2023-07-14 10:30:00-04:00,169.75999450683594,170.36000061035156,169.13999938964844,170.25999450683594,17846,0.0,0.0
2023-07-14 11:30:00-04:00,170.17999267578125,170.33999633789062,169.75999450683594,170.11000061035156,13075,0.0,0.0
2023-07-14 12:30:00-04:00,170.1199951171875,170.56900024414062,169.98500061035156,170.38999938964844,10662,0.0,0.0
2023-07-14 13:30:00-04:00,170.22999572753906,170.44000244140625,170.07000732421875,170.09500122070312,10284,0.0,0.0
2023-07-14 14:30:00-04:00,170.16000366210938,170.63999938964844,170.02000427246094,170.33999633789062,17807,0.0,0.0
2023-07-14 15:30:00-04:00,170.36000061035156,172.00999450683594,170.36000061035156,171.99000549316406,49582,0.0,0.0
2023-07-17 09:30:00-04:00,170.63999938964844,171.42999267578125,168.74000549316406,168.74000549316406,30873,0.0,0.0
2023-07-17 10:30:00-04:00,169.1199951171875,169.89999389648438,168.0,169.30999755859375,27099,0.0,0.0
2023-07-17 11:30:00-04:00,169.33999633789062,169.61000061035156,168.9199981689453,169.0800018310547,33964,0.0,0.0
2023-07-17 12:30:00-04:00,169.19000244140625,169.19500732421875,167.97999572753906,168.05499267578125,24101,0.0,0.0
2023-07-17 13:30:00-04:00,168.05499267578125,169.36990356445312,168.02999877929688,168.7100067138672,23793,0.0,0.0
2023-07-17 14:30:00-04:00,168.66000366210938,168.89999389648438,168.39999389648438,168.7449951171875,23801,0.0,0.0
2023-07-17 15:30:00-04:00,168.625,168.89999389648438,168.02000427246094,168.88999938964844,56019,0.0,0.0
2023-07-18 09:30:00-04:00,169.08999633789062,170.52999877929688,167.6699981689453,169.27999877929688,14860,0.0,0.0
2023-07-18 10:30:00-04:00,169.42999267578125,169.42999267578125,168.1999969482422,169.1699981689453,15227,0.0,0.0
2023-07-18 11:30:00-04:00,169.14999389648438,169.14999389648438,167.24000549316406,167.24000549316406,14432,0.0,0.0
2023-07-18 12:30:00-04:00,167.30499267578125,168.22000122070312,167.2899932861328,168.00999450683594,12779,0.0,0.0
2023-07-18 13:30:00-04:00,168.0,169.05999755859375,167.92999267578125,168.8300018310547,13362,0.0,0.0
2023-07-18 14:30:00-04:00,168.90499877929688,168.91000366210938,167.88499450683594,167.97000122070312,25177,0.0,0.0
2023-07-18 15:30:00-04:00,167.89999389648438,168.39999389648438,167.7899932861328,168.0800018310547,74676,0.0,0.0
2023-07-19 09:30:00-04:00,167.74000549316406,170.00999450683594,167.52999877929688,167.8249969482422,23406,0.0,0.0
2023-07-19 10:30:00-04:00,167.77999877929688,168.10000610351562,167.02499389648438,167.3800048828125,29168,0.0,0.0
2023-07-19 11:30:00-04:00,167.5,167.77000427246094,166.85499572753906,167.24000549316406,26745,0.0,0.0
2023-07-19 12:30:00-04:00,167.02999877929688,167.57000732421875,166.1999969482422,167.1999969482422,53619,0.0,0.0
2023-07-19 13:30:00-04:00,167.00999450683594,167.38999938964844,166.57000732421875,166.98500061035156,38194,0.0,0.0
2023-07-19 14:30:00-04:00,166.92999267578125,167.4499969482422,166.8300018310547,167.13999938964844,59183,0.0,0.0
2023-07-19 15:30:00-04:00,167.15499877929688,167.17999267578125,166.6999969482422,166.8000030517578,108864,0.0,0.0
2023-07-20 09:30:00-04:00,166.05999755859375,166.8419952392578,163.58999633789062,164.07000732421875,25710,0.0,0.0
2023-07-20 10:30:00-04:00,164.0500030517578,164.24000549316406,163.5,164.11500549316406,19271,0.0,0.0
2023-07-20 11:30:00-04:00,164.0800018310547,166.57000732421875,163.86000061035156,165.83999633789062,30711,0.0,0.0
2023-07-20 12:30:00-04:00,165.64999389648438,167.02999877929688,165.4250030517578,166.8300018310547,21211,0.0,0.0
2023-07-20 13:30:00-04:00,166.82000732421875,167.0399932861328,165.93499755859375,165.9949951171875,17437,0.0,0.0
2023-07-20 14:30:00-04:00,165.9149932861328,166.5800018310547,165.39500427246094,165.52999877929688,35066,0.0,0.0
2023-07-20 15:30:00-04:00,165.58999633789062,166.30999755859375,165.51499938964844,166.2899932861328,63670,0.0,0.0
2023-07-21 09:30:00-04:00,167.13999938964844,167.75,166.1699981689453,166.72000122070312,7861,0.0,0.0
2023-07-21 10:30:00-04:00,166.80999755859375,167.33999633789062,165.50999450683594,166.08999633789062,13437,0.0,0.0
2023-07-21 11:30:00-04:00,165.97000122070312,166.72569274902344,165.4199981689453,166.41000366210938,20296,0.0,0.0
2023-07-21 12:30:00-04:00,165.92999267578125,166.6013946533203,165.71600341796875,166.1732940673828,8153,0.0,0.0
2023-07-21 13:30:00-04:00,166.39999389648438,166.40499877929688,165.64999389648438,165.8000030517578,12392,0.0,0.0
2023-07-21 14:30:00-04:00,165.75999450683594,166.3000030517578,165.55999755859375,166.16000366210938,17262,0.0,0.0
2023-07-21 15:30:00-04:00,166.2100067138672,166.52999877929688,165.77000427246094,165.9600067138672,34107,0.0,0.0
2023-07-24 09:30:00-04:00,166.9199981689453,168.56500244140625,166.02999877929688,166.02999877929688,15982,0.0,0.0
2023-07-24 10:30:00-04:00,165.77000427246094,166.2613067626953,164.7899932861328,165.10499572753906,10586,0.0,0.0
2023-07-24 11:30:00-04:00,164.8300018310547,165.4499969482422,164.49000549316406,164.50799560546875,11779,0.0,0.0
2023-07-24 12:30:00-04:00,164.77000427246094,164.77000427246094,164.00999450683594,164.13999938964844,10028,0.0,0.0
2023-07-24 13:30:00-04:00,164.24000549316406,164.27999877929688,163.27999877929688,163.44000244140625,19116,0.0,0.0
2023-07-24 14:30:00-04:00,163.08999633789062,163.69000244140625,162.92999267578125,163.69000244140625,27275,0.0,0.0
2023-07-24 15:30:00-04:00,163.6300048828125,163.92999267578125,162.92999267578125,163.02999877929688,58539,0.0,0.0
2023-07-25 09:30:00-04:00,163.27000427246094,166.44000244140625,163.03500366210938,166.44000244140625,21895,0.0,0.0
2023-07-25 10:30:00-04:00,166.1300048828125,167.0,165.55999755859375,166.8300018310547,27013,0.0,0.0
2023-07-25 11:30:00-04:00,166.8300018310547,167.42999267578125,166.38999938964844,167.28500366210938,28447,0.0,0.0
2023-07-25 12:30:00-04:00,167.41000366210938,167.4199981689453,165.72999572753906,166.36000061035156,11608,0.0,0.0
2023-07-25 13:30:00-04:00,166.0800018310547,166.57000732421875,165.6750030517578,166.39999389648438,10486,0.0,0.0
2023-07-25 14:30:00-04:00,166.47000122070312,166.9600067138672,166.3000030517578,166.4949951171875,22634,0.0,0.0
2023-07-25 15:30:00-04:00,166.47500610351562,166.88999938964844,166.05999755859375,166.7100067138672,62584,0.0,0.0
2023-07-26 09:30:00-04:00,165.5,168.5399932861328,165.5,166.85000610351562,13777,0.0,0.0
2023-07-26 10:30:00-04:00,166.90499877929688,167.02000427246094,165.66000366210938,166.41000366210938,8813,0.0,0.0
2023-07-26 11:30:00-04:00,166.35670471191406,167.10000610351562,166.35670471191406,166.97000122070312,6485,0.0,0.0
2023-07-26 12:30:00-04:00,167.1199951171875,167.32000732421875,166.88999938964844,167.22999572753906,8939,0.0,0.0
2023-07-26 13:30:00-04:00,166.97999572753906,167.0449981689453,166.16000366210938,166.9149932861328,14052,0.0,0.0
2023-07-26 14:30:00-04:00,166.72999572753906,168.50999450683594,166.64999389648438,167.57000732421875,39505,0.0,0.0
2023-07-26 15:30:00-04:00,167.74000549316406,168.02000427246094,167.3350067138672,167.97000122070312,37524,0.0,0.0
2023-07-27 09:30:00-04:00,170.00999450683594,170.14999389648438,168.47999572753906,168.5500030517578,6988,0.0,0.0
2023-07-27 10:30:00-04:00,168.28500366210938,169.25,167.92999267578125,167.92999267578125,13298,0.0,0.0
2023-07-27 11:30:00-04:00,167.85000610351562,169.41000366210938,167.3699951171875,169.41000366210938,12119,0.0,0.0
2023-07-27 12:30:00-04:00,169.7899932861328,170.08999633789062,168.51499938964844,168.51499938964844,11041,0.0,0.0
2023-07-27 13:30:00-04:00,168.2899932861328,168.2899932861328,167.3699951171875,167.63999938964844,9783,0.0,0.0
2023-07-27 14:30:00-04:00,167.0,167.4600067138672,166.6199951171875,167.3350067138672,13827,0.0,0.0
2023-07-27 15:30:00-04:00,167.49000549316406,167.53500366210938,166.64100646972656,167.36000061035156,36121,0.0,0.0
2023-07-28 09:30:00-04:00,169.42999267578125,170.48500061035156,168.5,169.19500732421875,38198,0.0,0.0
2023-07-28 10:30:00-04:00,169.38999938964844,170.10499572753906,169.0,169.9499969482422,28523,0.0,0.0
2023-07-28 11:30:00-04:00,169.86000061035156,169.9600067138672,168.59500122070312,169.63999938964844,22798,0.0,0.0
2023-07-28 12:30:00-04:00,169.58749389648438,170.0500030517578,169.375,169.75,12216,0.0,0.0
2023-07-28 13:30:00-04:00,169.99000549316406,170.74000549316406,169.39999389648438,170.74000549316406,14907,0.0,0.0
2023-07-28 14:30:00-04:00,170.50999450683594,170.50999450683594,169.6425018310547,169.82749938964844,17200,0.0,0.0
2023-07-28 15:30:00-04:00,169.8699951171875,170.2899932861328,169.8699951171875,170.1999969482422,29429,0.0,0.0
2023-07-31 09:30:00-04:00,170.9199981689453,170.9199981689453,169.44000244140625,170.55499267578125,24350,0.0,0.0
2023-07-31 10:30:00-04:00,170.3175048828125,170.3699951171875,169.3800048828125,170.07000732421875,20917,0.0,0.0
2023-07-31 11:30:00-04:00,170.0500030517578,170.0800018310547,169.15359497070312,169.2899932861328,16540,0.0,0.0
2023-07-31 12:30:00-04:00,169.21499633789062,169.63999938964844,168.94000244140625,169.63999938964844,7540,0.0,0.0
2023-07-31 13:30:00-04:00,169.6999969482422,170.07000732421875,169.6699981689453,169.82000732421875,8864,0.0,0.0
2023-07-31 14:30:00-04:00,169.88209533691406,170.05999755859375,169.8249969482422,169.8699951171875,20064,0.0,0.0
2023-07-31 15:30:00-04:00,169.83999633789062,170.08999633789062,169.22999572753906,170.0,39267,0.0,0.0
2023-08-01 09:30:00-04:00,170.00999450683594,172.4600067138672,169.39500427246094,171.4600067138672,29562,0.0,0.0
2023-08-01 10:30:00-04:00,171.30999755859375,172.7949981689453,171.16000366210938,172.77000427246094,41666,0.0,0.0
2023-08-01 11:30:00-04:00,172.75999450683594,173.5399932861328,172.25,172.55999755859375,37562,0.0,0.0
2023-08-01 12:30:00-04:00,172.55999755859375,173.05999755859375,172.02000427246094,172.5500030517578,27985,0.0,0.0
2023-08-01 13:30:00-04:00,172.57000732421875,173.02499389648438,172.2050018310547,172.99000549316406,28943,0.0,0.0
2023-08-01 14:30:00-04:00,173.07000732421875,174.35000610351562,172.77000427246094,174.1699981689453,68275,0.0,0.0
2023-08-01 15:30:00-04:00,174.16000366210938,174.39999389648438,173.625,174.02000427246094,155840,0.0,0.0
2023-08-02 09:30:00-04:00,171.11000061035156,173.1529998779297,158.91000366210938,160.2324981689453,74431,0.0,0.0
2023-08-02 10:30:00-04:00,160.4550018310547,164.02999877929688,159.16000366210938,162.25,79244,0.0,0.0
2023-08-02 11:30:00-04:00,161.5399932861328,163.10000610351562,160.14500427246094,161.00999450683594,51891,0.0,0.0
2023-08-02 12:30:00-04:00,161.0,163.6699981689453,160.55999755859375,161.3699951171875,36187,0.0,0.0
2023-08-02 13:30:00-04:00,161.4199981689453,164.58999633789062,161.35000610351562,163.85000610351562,44742,0.0,0.0
2023-08-02 14:30:00-04:00,163.94000244140625,164.50999450683594,163.05499267578125,163.67999267578125,51059,0.0,0.0
2023-08-02 15:30:00-04:00,163.6750030517578,163.6750030517578,161.58999633789062,162.13999938964844,124339,0.0,0.0
2023-08-03 09:30:00-04:00,160.13999938964844,164.3524932861328,155.4199981689453,162.8350067138672,57198,0.0,0.0
2023-08-03 10:30:00-04:00,162.50999450683594,163.47000122070312,161.8699951171875,163.2550048828125,32549,0.0,0.0
2023-08-03 11:30:00-04:00,163.1649932861328,163.60499572753906,162.1300048828125,162.38999938964844,40522,0.0,0.0
2023-08-03 12:30:00-04:00,162.5500030517578,163.80999755859375,162.52000427246094,163.75999450683594,32032,0.0,0.0
2023-08-03 13:30:00-04:00,163.6199951171875,163.75,162.3699951171875,163.02999877929688,36691,0.0,0.0
2023-08-03 14:30:00-04:00,163.16000366210938,163.16000366210938,162.17999267578125,162.39500427246094,52560,0.0,0.0
2023-08-03 15:30:00-04:00,162.3300018310547,162.35000610351562,160.69000244140625,160.69000244140625,106312,0.0,0.0
2023-08-04 09:30:00-04:00,161.77999877929688,162.59010314941406,160.17999267578125,162.44500732421875,25136,0.0,0.0
2023-08-04 10:30:00-04:00,162.75999450683594,163.67999267578125,162.5399932861328,163.41000366210938,23418,0.0,0.0
2023-08-04 11:30:00-04:00,163.3800048828125,163.74000549316406,162.4550018310547,163.08999633789062,17485,0.0,0.0
2023-08-04 12:30:00-04:00,163.0500030517578,163.22000122070312,162.77999877929688,162.8699951171875,15130,0.0,0.0
2023-08-04 13:30:00-04:00,162.94000244140625,163.28500366210938,162.27000427246094,162.84500122070312,23429,0.0,0.0
2023-08-04 14:30:00-04:00,162.75999450683594,162.75999450683594,161.61000061035156,162.2100067138672,29147,0.0,0.0
2023-08-04 15:30:00-04:00,162.2100067138672,162.97000122070312,162.1999969482422,162.92999267578125,45889,0.0,0.0
2023-08-07 09:30:00-04:00,167.9600067138672,168.61000061035156,164.47000122070312,166.19000244140625,23086,0.0,0.0
2023-08-07 10:30:00-04:00,166.02499389648438,166.2100067138672,165.02000427246094,165.02000427246094,22189,0.0,0.0
2023-08-07 11:30:00-04:00,165.27999877929688,165.60000610351562,164.86500549316406,165.4250030517578,17611,0.0,0.0
2023-08-07 12:30:00-04:00,165.39500427246094,165.72999572753906,164.8800048828125,165.19000244140625,13956,0.0,0.0
2023-08-07 13:30:00-04:00,165.4199981689453,165.67999267578125,165.02999877929688,165.4600067138672,14824,0.0,0.0
2023-08-07 14:30:00-04:00,165.41000366210938,165.64999389648438,164.10000610351562,164.43800354003906,34376,0.0,0.0
2023-08-07 15:30:00-04:00,164.62579345703125,165.13499450683594,164.57000732421875,164.72999572753906,49037,0.0,0.0
2023-08-08 09:30:00-04:00,162.17999267578125,162.19500732421875,158.69000244140625,159.05999755859375,22361,0.0,0.0
2023-08-08 10:30:00-04:00,159.11000061035156,160.59019470214844,158.86000061035156,160.59019470214844,29463,0.0,0.0
2023-08-08 11:30:00-04:00,160.49000549316406,161.0399932861328,160.49000549316406,161.03500366210938,9291,0.0,0.0
2023-08-08 12:30:00-04:00,160.97999572753906,161.90249633789062,160.74000549316406,161.89999389648438,14781,0.0,0.0
2023-08-08 13:30:00-04:00,162.1750030517578,162.1750030517578,161.5050048828125,161.83999633789062,12935,0.0,0.0
2023-08-08 14:30:00-04:00,161.875,162.9600067138672,161.74000549316406,162.8350067138672,21194,0.0,0.0
2023-08-08 15:30:00-04:00,162.8300018310547,163.55999755859375,162.75,162.88999938964844,60496,0.0,0.0
2023-08-09 09:30:00-04:00,162.9499969482422,162.9499969482422,161.41000366210938,161.75,0,0.0,0.0
2023-08-09 10:30:00-04:00,162.14500427246094,162.57000732421875,161.17999267578125,161.21499633789062,16003,0.0,0.0
2023-08-09 11:30:00-04:00,161.36000061035156,161.44000244140625,160.38999938964844,160.94000244140625,22570,0.0,0.0
2023-08-09 12:30:00-04:00,161.2050018310547,162.16000366210938,161.1199951171875,161.80799865722656,14476,0.0,0.0
2023-08-09 13:30:00-04:00,162.01499938964844,162.11000061035156,161.5850067138672,162.10499572753906,18847,0.0,0.0
2023-08-09 14:30:00-04:00,162.1649932861328,162.64999389648438,161.77000427246094,162.39999389648438,21079,0.0,0.0
2023-08-09 15:30:00-04:00,162.32000732421875,162.32000732421875,161.72000122070312,161.82000732421875,31838,0.0,0.0
2023-08-10 09:30:00-04:00,162.42999267578125,164.16000366210938,162.42999267578125,163.8300018310547,6806,0.0,0.0
2023-08-10 10:30:00-04:00,163.6649932861328,163.81199645996094,162.5749969482422,163.81199645996094,11787,0.0,0.0
2023-08-10 11:30:00-04:00,163.30999755859375,163.65499877929688,161.8699951171875,161.8699951171875,23095,0.0,0.0
2023-08-10 12:30:00-04:00,161.88999938964844,162.66000366210938,161.74000549316406,162.42999267578125,10537,0.0,0.0
2023-08-10 13:30:00-04:00,162.6199951171875,162.97999572753906,162.1999969482422,162.52769470214844,14817,0.0,0.0
2023-08-10 14:30:00-04:00,162.7100067138672,163.3000030517578,162.61000061035156,163.13999938964844,12837,0.0,0.0
2023-08-10 15:30:00-04:00,163.0800018310547,163.27000427246094,162.89999389648438,163.1199951171875,21547,0.0,0.0
2023-08-11 09:30:00-04:00,162.57000732421875,163.77000427246094,162.39999389648438,163.63999938964844,11088,0.0,0.0
2023-08-11 10:30:00-04:00,163.6300048828125,164.22999572753906,162.77999877929688,162.97000122070312,15756,0.0,0.0
2023-08-11 11:30:00-04:00,162.80999755859375,163.13999938964844,162.13999938964844,162.56500244140625,18823,0.0,0.0
2023-08-11 12:30:00-04:00,162.72999572753906,162.77499389648438,161.8699951171875,162.77499389648438,18202,0.0,0.0
2023-08-11 13:30:00-04:00,162.91000366210938,163.39999389648438,162.27000427246094,162.89999389648438,16350,0.0,0.0
2023-08-11 14:30:00-04:00,162.94329833984375,163.00999450683594,162.58999633789062,162.6750030517578,17001,0.0,0.0
2023-08-11 15:30:00-04:00,162.66000366210938,162.8300018310547,161.8800048828125,161.97999572753906,41560,0.0,0.0
2023-08-14 09:30:00-04:00,161.72000122070312,161.72000122070312,160.91000366210938,160.94000244140625,0,0.0,0.0
2023-08-14 10:30:00-04:00,160.57000732421875,162.22000122070312,160.57000732421875,162.05999755859375,12404,0.0,0.0
2023-08-14 11:30:00-04:00,161.9550018310547,162.30499267578125,161.47999572753906,162.30499267578125,13768,0.0,0.0
2023-08-14 12:30:00-04:00,162.47000122070312,163.03500366210938,162.24000549316406,162.9550018310547,10135,0.0,0.0
2023-08-14 13:30:00-04:00,163.17999267578125,163.3000030517578,162.91000366210938,163.14999389648438,15319,0.0,0.0
2023-08-14 14:30:00-04:00,163.14999389648438,163.51499938964844,162.9149932861328,162.9149932861328,12400,0.0,0.0
2023-08-14 15:30:00-04:00,162.91000366210938,163.33999633789062,162.85000610351562,163.33999633789062,28592,0.0,0.0
2023-08-15 09:30:00-04:00,162.61000061035156,164.5050048828125,162.4199981689453,164.3800048828125,59608,0.0,0.0
2023-08-15 10:30:00-04:00,164.4600067138672,164.89999389648438,162.00999450683594,162.4499969482422,31714,0.0,0.0
2023-08-15 11:30:00-04:00,162.27999877929688,162.3300018310547,161.2899932861328,161.3000030517578,15399,0.0,0.0
2023-08-15 12:30:00-04:00,161.3800048828125,161.88999938964844,161.35000610351562,161.88999938964844,25126,0.0,0.0
2023-08-15 13:30:00-04:00,162.0,162.61500549316406,161.69000244140625,161.88999938964844,33451,0.0,0.0
2023-08-15 14:30:00-04:00,162.02999877929688,162.3699951171875,161.8699951171875,161.8699951171875,16795,0.0,0.0
2023-08-15 15:30:00-04:00,161.8300018310547,162.02999877929688,161.43499755859375,161.75,40462,0.0,0.0
2023-08-16 09:30:00-04:00,162.13999938964844,162.9600067138672,160.67999267578125,160.89999389648438,14725,0.0,0.0
2023-08-16 10:30:00-04:00,161.17999267578125,161.8000030517578,160.9969940185547,161.4600067138672,11832,0.0,0.0
2023-08-16 11:30:00-04:00,161.50999450683594,161.61000061035156,160.63499450683594,160.91000366210938,12605,0.0,0.0
2023-08-16 12:30:00-04:00,160.97500610351562,161.1699981689453,160.6300048828125,160.91000366210938,7358,0.0,0.0
2023-08-16 13:30:00-04:00,161.17999267578125,161.30999755859375,160.54750061035156,160.9550018310547,17844,0.0,0.0
2023-08-16 14:30:00-04:00,160.96499633789062,161.19000244140625,159.7100067138672,159.9600067138672,18118,0.0,0.0
2023-08-16 15:30:00-04:00,159.97000122070312,160.0800018310547,159.61500549316406,159.6999969482422,32052,0.0,0.0
2023-08-17 09:30:00-04:00,159.86000061035156,159.86000061035156,158.52000427246094,159.02000427246094,4979,0.0,0.0
2023-08-17 10:30:00-04:00,159.2899932861328,159.2899932861328,157.1199951171875,157.4149932861328,22557,0.0,0.0
2023-08-17 11:30:00-04:00,157.61000061035156,157.64500427246094,156.6699981689453,157.27000427246094,13849,0.0,0.0
2023-08-17 12:30:00-04:00,156.9199981689453,157.35499572753906,156.24000549316406,156.24000549316406,10567,0.0,0.0
2023-08-17 13:30:00-04:00,156.3699951171875,156.50999450683594,154.99000549316406,154.99000549316406,13815,0.0,0.0
2023-08-17 14:30:00-04:00,154.88499450683594,154.88499450683594,153.4949951171875,153.9550018310547,26272,0.0,0.0
2023-08-17 15:30:00-04:00,153.8800048828125,154.16000366210938,153.3000030517578,153.57000732421875,40939,0.0,0.0
2023-08-18 09:30:00-04:00,152.24000549316406,153.63499450683594,151.52999877929688,153.0500030517578,37330,0.0,0.0
2023-08-18 10:30:00-04:00,152.83999633789062,153.9499969482422,152.83999633789062,153.52000427246094,21033,0.0,0.0
2023-08-18 11:30:00-04:00,153.66000366210938,154.75999450683594,153.47000122070312,153.9600067138672,17544,0.0,0.0
2023-08-18 12:30:00-04:00,153.94500732421875,154.5399932861328,153.7100067138672,154.0800018310547,18148,0.0,0.0
2023-08-18 13:30:00-04:00,154.19000244140625,155.0500030517578,153.99000549316406,154.80999755859375,23528,0.0,0.0
2023-08-18 14:30:00-04:00,154.82000732421875,155.2899932861328,154.6699981689453,155.22999572753906,24307,0.0,0.0
2023-08-18 15:30:00-04:00,155.1999969482422,155.39999389648438,154.91000366210938,155.16000366210938,50648,0.0,0.0
2023-08-21 09:30:00-04:00,155.50999450683594,155.6300048828125,153.05499267578125,153.05499267578125,25861,0.0,0.0
2023-08-21 10:30:00-04:00,153.1999969482422,153.32000732421875,152.30499267578125,152.43499755859375,15151,0.0,0.0
2023-08-21 11:30:00-04:00,152.39500427246094,153.1009979248047,151.8699951171875,153.1009979248047,15561,0.0,0.0
2023-08-21 12:30:00-04:00,152.92999267578125,153.1199951171875,152.47999572753906,152.6699981689453,15849,0.0,0.0
2023-08-21 13:30:00-04:00,152.72500610351562,153.24000549316406,152.72500610351562,153.1750030517578,8747,0.0,0.0
2023-08-21 14:30:00-04:00,153.16000366210938,153.66000366210938,153.05999755859375,153.5399932861328,18771,0.0,0.0
2023-08-21 15:30:00-04:00,153.5675048828125,153.8000030517578,153.1699981689453,153.1699981689453,40818,0.0,0.0
2023-08-22 09:30:00-04:00,154.7100067138672,154.75999450683594,153.3000030517578,154.19500732421875,11321,0.0,0.0
2023-08-22 10:30:00-04:00,154.30999755859375,155.3249969482422,154.0500030517578,154.6699981689453,12140,0.0,0.0
2023-08-22 11:30:00-04:00,154.55499267578125,154.97999572753906,154.3300018310547,154.9199981689453,12767,0.0,0.0
2023-08-22 12:30:00-04:00,154.91000366210938,155.2949981689453,154.5500030517578,155.02000427246094,12132,0.0,0.0
2023-08-22 13:30:00-04:00,155.11000061035156,155.38999938964844,154.77000427246094,155.3800048828125,20775,0.0,0.0
2023-08-22 14:30:00-04:00,155.42999267578125,155.8249969482422,155.125,155.44000244140625,22173,0.0,0.0
2023-08-22 15:30:00-04:00,155.47999572753906,155.63999938964844,155.1199951171875,155.50999450683594,76164,0.0,0.0
2023-08-23 09:30:00-04:00,155.74000549316406,156.8249969482422,155.3800048828125,156.02499389648438,8496,0.0,0.0
2023-08-23 10:30:00-04:00,155.94000244140625,156.02130126953125,155.39500427246094,155.85499572753906,16718,0.0,0.0
2023-08-23 11:30:00-04:00,156.05999755859375,156.7100067138672,155.8800048828125,156.24000549316406,15483,0.0,0.0
2023-08-23 12:30:00-04:00,156.1699981689453,156.5500030517578,156.0800018310547,156.44000244140625,10524,0.0,0.0
2023-08-23 13:30:00-04:00,156.47000122070312,158.30999755859375,156.44000244140625,158.30999755859375,13767,0.0,0.0
2023-08-23 14:30:00-04:00,158.25999450683594,158.46499633789062,157.67779541015625,158.46499633789062,15277,0.0,0.0
2023-08-23 15:30:00-04:00,158.3699951171875,158.3699951171875,157.5399932861328,157.6199951171875,43668,0.0,0.0
2023-08-24 09:30:00-04:00,156.41000366210938,158.89999389648438,156.41000366210938,158.1699981689453,18946,0.0,0.0
2023-08-24 10:30:00-04:00,157.83999633789062,159.14500427246094,157.25,157.6300048828125,25647,0.0,0.0
2023-08-24 11:30:00-04:00,157.58999633789062,158.1658935546875,156.72999572753906,158.1658935546875,15617,0.0,0.0
2023-08-24 12:30:00-04:00,158.30999755859375,158.30999755859375,157.2899932861328,157.30999755859375,8823,0.0,0.0
2023-08-24 13:30:00-04:00,157.36500549316406,158.07000732421875,157.30999755859375,157.6649932861328,17293,0.0,0.0
2023-08-24 14:30:00-04:00,157.77999877929688,157.80999755859375,157.0399932861328,157.36000061035156,18150,0.0,0.0
2023-08-24 15:30:00-04:00,157.47500610351562,157.75,156.83999633789062,156.9149932861328,61014,0.0,0.0
2023-08-25 09:30:00-04:00,157.24000549316406,158.41000366210938,156.47999572753906,156.47999572753906,35091,0.0,0.0
2023-08-25 10:30:00-04:00,156.60000610351562,156.7899932861328,153.8800048828125,155.6999969482422,27975,0.0,0.0
2023-08-25 11:30:00-04:00,156.17999267578125,156.17999267578125,155.11000061035156,156.05999755859375,9389,0.0,0.0
2023-08-25 12:30:00-04:00,156.1699981689453,156.1699981689453,155.47500610351562,156.02499389648438,10989,0.0,0.0
2023-08-25 13:30:00-04:00,155.96499633789062,157.10499572753906,155.9600067138672,156.9600067138672,20487,0.0,0.0
2023-08-25 14:30:00-04:00,156.96499633789062,157.9600067138672,156.88999938964844,157.58999633789062,23559,0.0,0.0
2023-08-25 15:30:00-04:00,157.6300048828125,157.6300048828125,157.0399932861328,157.49000549316406,47595,0.0,0.0
2023-08-28 09:30:00-04:00,157.85000610351562,159.24220275878906,157.55999755859375,157.72000122070312,11597,0.0,0.0
2023-08-28 10:30:00-04:00,157.36000061035156,157.6750030517578,156.6699981689453,156.6699981689453,18235,0.0,0.0
2023-08-28 11:30:00-04:00,156.9550018310547,157.35000610351562,156.9499969482422,156.9499969482422,8823,0.0,0.0
2023-08-28 12:30:00-04:00,156.97500610351562,157.47000122070312,156.69000244140625,157.3800048828125,16157,0.0,0.0
2023-08-28 13:30:00-04:00,157.22000122070312,157.22999572753906,156.24000549316406,156.24000549316406,11763,0.0,0.0
2023-08-28 14:30:00-04:00,156.16000366210938,156.5399932861328,156.00999450683594,156.3300018310547,14245,0.0,0.0
2023-08-28 15:30:00-04:00,156.44000244140625,157.41000366210938,156.3300018310547,157.41000366210938,34755,0.0,0.0
2023-08-29 09:30:00-04:00,156.91000366210938,158.86000061035156,156.8800048828125,158.86000061035156,0,0.0,0.0
2023-08-29 10:30:00-04:00,159.02999877929688,160.5800018310547,158.83999633789062,160.5800018310547,18476,0.0,0.0
2023-08-29 11:30:00-04:00,160.71499633789062,161.7899932861328,160.6699981689453,161.7899932861328,6800,0.0,0.0
2023-08-29 12:30:00-04:00,161.5,162.24000549316406,161.41000366210938,162.24000549316406,7357,0.0,0.0
2023-08-29 13:30:00-04:00,162.1822967529297,162.3000030517578,161.7550048828125,161.7550048828125,6267,0.0,0.0
2023-08-29 14:30:00-04:00,161.86610412597656,162.47000122070312,161.82000732421875,162.47000122070312,12141,0.0,0.0
2023-08-29 15:30:00-04:00,162.5,162.58999633789062,162.07000732421875,162.58999633789062,23531,0.0,0.0
2023-08-30 09:30:00-04:00,161.85000610351562,164.85499572753906,161.85000610351562,164.18499755859375,10250,0.0,0.0
2023-08-30 10:30:00-04:00,164.52000427246094,165.5449981689453,164.52000427246094,165.1699981689453,9083,0.0,0.0
2023-08-30 11:30:00-04:00,165.22999572753906,166.24000549316406,165.22999572753906,166.1649932861328,21918,0.0,0.0
2023-08-30 12:30:00-04:00,166.33999633789062,166.8000030517578,166.0399932861328,166.72999572753906,14957,0.0,0.0
2023-08-30 13:30:00-04:00,166.75999450683594,167.77000427246094,166.58999633789062,167.77000427246094,24083,0.0,0.0
2023-08-30 14:30:00-04:00,167.5399932861328,168.35000610351562,167.27000427246094,167.7949981689453,33767,0.0,0.0
2023-08-30 15:30:00-04:00,167.47000122070312,168.02000427246094,166.80999755859375,167.9600067138672,69492,0.0,0.0
2023-08-31 09:30:00-04:00,168.0,170.50999450683594,168.0,169.10499572753906,24057,0.0,0.0
2023-08-31 10:30:00-04:00,169.1199951171875,169.63999938964844,168.82000732421875,169.61500549316406,25648,0.0,0.0
2023-08-31 11:30:00-04:00,169.77000427246094,170.69000244140625,169.47999572753906,170.14999389648438,36098,0.0,0.0
2023-08-31 12:30:00-04:00,170.6999969482422,170.72999572753906,170.22000122070312,170.72000122070312,12196,0.0,0.0
2023-08-31 13:30:00-04:00,170.62010192871094,170.77999877929688,170.0574951171875,170.69500732421875,13584,0.0,0.0
2023-08-31 14:30:00-04:00,170.6999969482422,171.2100067138672,170.4600067138672,171.10000610351562,33060,0.0,0.0
2023-08-31 15:30:00-04:00,171.08999633789062,171.39999389648438,170.8800048828125,171.1199951171875,67126,0.0,0.0
2023-09-01 09:30:00-04:00,172.52999877929688,174.0399932861328,171.82000732421875,173.4199981689453,10826,0.0,0.0
2023-09-01 10:30:00-04:00,173.40499877929688,173.52999877929688,171.75,172.75,19192,0.0,0.0
2023-09-01 11:30:00-04:00,172.57749938964844,172.57749938964844,171.29640197753906,171.97999572753906,14860,0.0,0.0
2023-09-01 12:30:00-04:00,172.02000427246094,172.3300018310547,171.58140563964844,172.3300018310547,7372,0.0,0.0
2023-09-01 13:30:00-04:00,172.3699951171875,172.5399932861328,172.12249755859375,172.34500122070312,10172,0.0,0.0
2023-09-01 14:30:00-04:00,172.3524932861328,173.0,171.8000030517578,172.6199951171875,17584,0.0,0.0
2023-09-01 15:30:00-04:00,172.6750030517578,173.14999389648438,172.49000549316406,172.7100067138672,58178,0.0,0.0
2023-09-05 09:30:00-04:00,173.0500030517578,173.22500610351562,166.85000610351562,167.81500244140625,44396,0.0,0.0
2023-09-05 10:30:00-04:00,167.80999755859375,169.9949951171875,167.75,169.78500366210938,25133,0.0,0.0
2023-09-05 11:30:00-04:00,169.78500366210938,170.14500427246094,168.30999755859375,168.97000122070312,59946,0.0,0.0
2023-09-05 12:30:00-04:00,169.07000732421875,169.71499633789062,168.4600067138672,168.6199951171875,24779,0.0,0.0
2023-09-05 13:30:00-04:00,168.13999938964844,168.9550018310547,168.13999938964844,168.92999267578125,21938,0.0,0.0
2023-09-05 14:30:00-04:00,168.89999389648438,169.2899932861328,168.6300048828125,168.64500427246094,35417,0.0,0.0
2023-09-05 15:30:00-04:00,168.6199951171875,169.61000061035156,168.4875030517578,169.0800018310547,77011,0.0,0.0
2023-09-06 09:30:00-04:00,168.8800048828125,170.6300048828125,167.97999572753906,168.875,48906,0.0,0.0
2023-09-06 10:30:00-04:00,168.875,169.1300048828125,166.71499633789062,166.94000244140625,104316,0.0,0.0
2023-09-06 11:30:00-04:00,166.68499755859375,166.85000610351562,165.69000244140625,165.8800048828125,34714,0.0,0.0
2023-09-06 12:30:00-04:00,165.69000244140625,166.6699981689453,164.47000122070312,166.39999389648438,46183,0.0,0.0
2023-09-06 13:30:00-04:00,166.47500610351562,166.47500610351562,165.24000549316406,165.5500030517578,31109,0.0,0.0
2023-09-06 14:30:00-04:00,165.28500366210938,165.5449981689453,164.52999877929688,165.5449981689453,24629,0.0,0.0
2023-09-06 15:30:00-04:00,165.4499969482422,165.4499969482422,164.14999389648438,164.1999969482422,66106,0.0,0.0
2023-09-07 09:30:00-04:00,162.72999572753906,163.42999267578125,160.47000122070312,160.66000366210938,26434,0.0,0.0
2023-09-07 10:30:00-04:00,160.9949951171875,161.82000732421875,160.125,161.58999633789062,39994,0.0,0.0
2023-09-07 11:30:00-04:00,161.22999572753906,161.88999938964844,160.75,161.88999938964844,24804,0.0,0.0
2023-09-07 12:30:00-04:00,161.8699951171875,161.8699951171875,161.07000732421875,161.51499938964844,19781,0.0,0.0
2023-09-07 13:30:00-04:00,161.52999877929688,162.85000610351562,161.36500549316406,162.5500030517578,18912,0.0,0.0
2023-09-07 14:30:00-04:00,162.52999877929688,163.8800048828125,162.35000610351562,163.1649932861328,26059,0.0,0.0
2023-09-07 15:30:00-04:00,163.0500030517578,163.74989318847656,163.0500030517578,163.72000122070312,70836,0.0,0.0
2023-09-08 09:30:00-04:00,162.6999969482422,164.5050048828125,162.6999969482422,163.9199981689453,16628,0.0,0.0
2023-09-08 10:30:00-04:00,163.39999389648438,164.0500030517578,163.25,163.88999938964844,24383,0.0,0.0
2023-09-08 11:30:00-04:00,163.89999389648438,164.27999877929688,163.2899932861328,163.74249267578125,18718,0.0,0.0
2023-09-08 12:30:00-04:00,163.77000427246094,163.84500122070312,163.4600067138672,163.7100067138672,7342,0.0,0.0
2023-09-08 13:30:00-04:00,163.8699951171875,163.8699951171875,163.19000244140625,163.44000244140625,35263,0.0,0.0
2023-09-08 14:30:00-04:00,163.5,163.55990600585938,161.02999877929688,161.0399932861328,55906,0.0,0.0
2023-09-08 15:30:00-04:00,161.08999633789062,161.72000122070312,161.0399932861328,161.55999755859375,96568,0.0,0.0
2023-09-11 09:30:00-04:00,162.36000061035156,164.33999633789062,162.19000244140625,163.1649932861328,9859,0.0,0.0
2023-09-11 10:30:00-04:00,162.35000610351562,162.35000610351562,160.1999969482422,160.4499969482422,21097,0.0,0.0
2023-09-11 11:30:00-04:00,160.4550018310547,161.21119689941406,160.00999450683594,161.19000244140625,12406,0.0,0.0
2023-09-11 12:30:00-04:00,161.4499969482422,162.55990600585938,160.91000366210938,162.55990600585938,12597,0.0,0.0
2023-09-11 13:30:00-04:00,162.27999877929688,162.27999877929688,161.11000061035156,161.14999389648438,12488,0.0,0.0
2023-09-11 14:30:00-04:00,161.00999450683594,161.83999633789062,160.50999450683594,161.80499267578125,28996,0.0,0.0
2023-09-11 15:30:00-04:00,161.81500244140625,162.86000061035156,161.6649932861328,162.55999755859375,94061,0.0,0.0
2023-09-12 09:30:00-04:00,161.92999267578125,163.08999633789062,161.0399932861328,162.19000244140625,23053,0.0,0.0
2023-09-12 10:30:00-04:00,161.85000610351562,162.14999389648438,160.44500732421875,160.97999572753906,19765,0.0,0.0
2023-09-12 11:30:00-04:00,161.19000244140625,161.41000366210938,160.6999969482422,161.23500061035156,22538,0.0,0.0
2023-09-12 12:30:00-04:00,161.2550048828125,162.05999755859375,161.2449951171875,161.91000366210938,9592,0.0,0.0
2023-09-12 13:30:00-04:00,161.77999877929688,162.15499877929688,161.57000732421875,161.77000427246094,11319,0.0,0.0
2023-09-12 14:30:00-04:00,161.75999450683594,161.97999572753906,161.1999969482422,161.8800048828125,38948,0.0,0.0
2023-09-12 15:30:00-04:00,162.02000427246094,162.74000549316406,161.8699951171875,161.89999389648438,50913,0.0,0.0
2023-09-13 09:30:00-04:00,161.42999267578125,162.3800048828125,159.09500122070312,160.6199951171875,18891,0.0,0.0
2023-09-13 10:30:00-04:00,160.85000610351562,161.14999389648438,160.17999267578125,160.64100646972656,8039,0.0,0.0
2023-09-13 11:30:00-04:00,160.86500549316406,161.86000061035156,160.6300048828125,161.86000061035156,9511,0.0,0.0
2023-09-13 12:30:00-04:00,161.86500549316406,162.10000610351562,161.16000366210938,161.5399932861328,14011,0.0,0.0
2023-09-13 13:30:00-04:00,161.35499572753906,161.94000244140625,161.0800018310547,161.11500549316406,20583,0.0,0.0
2023-09-13 14:30:00-04:00,161.00999450683594,161.38999938964844,160.4499969482422,161.19000244140625,31185,0.0,0.0
2023-09-13 15:30:00-04:00,161.3000030517578,162.5399932861328,161.27000427246094,161.27999877929688,64592,0.0,0.0
2023-09-14 09:30:00-04:00,162.2899932861328,163.83999633789062,162.2899932861328,163.1750030517578,18573,0.0,0.0
2023-09-14 10:30:00-04:00,162.97999572753906,164.5749969482422,162.97999572753906,164.42999267578125,10469,0.0,0.0
2023-09-14 11:30:00-04:00,164.11000061035156,164.1199951171875,163.0800018310547,163.125,13271,0.0,0.0
2023-09-14 12:30:00-04:00,163.21499633789062,164.1199951171875,163.21499633789062,163.80499267578125,12545,0.0,0.0
2023-09-14 13:30:00-04:00,163.9149932861328,164.1999969482422,163.47999572753906,164.1999969482422,11524,0.0,0.0
2023-09-14 14:30:00-04:00,164.1199951171875,164.4600067138672,163.8300018310547,164.27999877929688,50719,0.0,0.0
2023-09-14 15:30:00-04:00,164.17999267578125,164.67999267578125,163.7899932861328,164.5399932861328,50652,0.0,0.0
2023-09-15 09:30:00-04:00,164.5500030517578,165.44000244140625,161.6300048828125,161.6300048828125,27764,0.0,0.0
2023-09-15 10:30:00-04:00,161.5800018310547,162.58999633789062,160.6699981689453,161.02000427246094,31182,0.0,0.0
2023-09-15 11:30:00-04:00,161.0,161.77000427246094,160.41000366210938,160.9199981689453,33524,0.0,0.0
2023-09-15 12:30:00-04:00,160.75,160.97000122070312,160.41000366210938,160.41000366210938,11184,0.0,0.0
2023-09-15 13:30:00-04:00,160.35000610351562,160.74000549316406,160.10000610351562,160.17999267578125,15243,0.0,0.0
2023-09-15 14:30:00-04:00,160.2100067138672,160.61500549316406,159.75100708007812,159.92999267578125,18439,0.0,0.0
2023-09-15 15:30:00-04:00,159.92999267578125,160.11000061035156,158.97000122070312,159.4199981689453,83010,0.0,0.0
2023-09-18 09:30:00-04:00,159.7100067138672,161.60000610351562,158.88999938964844,161.5,17093,0.0,0.0
2023-09-18 10:30:00-04:00,161.36000061035156,161.91000366210938,161.07000732421875,161.75,33289,0.0,0.0
2023-09-18 11:30:00-04:00,161.8300018310547,162.10499572753906,160.57000732421875,160.94000244140625,16690,0.0,0.0
2023-09-18 12:30:00-04:00,161.05999755859375,161.41000366210938,160.85000610351562,161.09500122070312,17484,0.0,0.0
2023-09-18 13:30:00-04:00,161.0399932861328,161.52999877929688,159.59500122070312,159.59500122070312,30732,0.0,0.0
2023-09-18 14:30:00-04:00,159.58999633789062,160.02999877929688,158.9499969482422,159.07000732421875,22410,0.0,0.0
2023-09-18 15:30:00-04:00,158.93499755859375,159.0124969482422,157.80999755859375,157.91000366210938,69006,0.0,0.0
2023-09-19 09:30:00-04:00,157.8000030517578,159.32000732421875,156.0,156.5399932861328,26415,0.0,0.0
2023-09-19 10:30:00-04:00,156.5,156.60000610351562,155.69000244140625,156.0850067138672,33113,0.0,0.0
2023-09-19 11:30:00-04:00,155.97999572753906,156.08999633789062,155.58999633789062,155.89999389648438,16150,0.0,0.0
2023-09-19 12:30:00-04:00,155.85499572753906,155.86000061035156,155.27000427246094,155.47000122070312,12108,0.0,0.0
2023-09-19 13:30:00-04:00,155.52630615234375,156.11000061035156,155.52630615234375,155.92999267578125,55522,0.0,0.0
2023-09-19 14:30:00-04:00,156.0,156.7100067138672,155.82000732421875,156.24000549316406,60232,0.0,0.0
2023-09-19 15:30:00-04:00,156.27000427246094,156.5800018310547,156.00999450683594,156.36000061035156,67961,0.0,0.0
2023-09-20 09:30:00-04:00,157.05999755859375,159.3000030517578,157.05999755859375,158.7050018310547,23867,0.0,0.0
2023-09-20 10:30:00-04:00,158.7550048828125,158.7550048828125,157.94000244140625,158.52999877929688,22211,0.0,0.0
2023-09-20 11:30:00-04:00,158.49000549316406,160.4698944091797,158.49000549316406,160.4698944091797,26806,0.0,0.0
2023-09-20 12:30:00-04:00,160.2550048828125,160.2550048828125,159.72999572753906,160.0399932861328,15064,0.0,0.0
2023-09-20 13:30:00-04:00,159.99000549316406,160.42999267578125,159.22000122070312,160.4199981689453,18352,0.0,0.0
2023-09-20 14:30:00-04:00,160.02999877929688,160.30999755859375,158.91000366210938,159.44000244140625,35239,0.0,0.0
2023-09-20 15:30:00-04:00,159.36000061035156,159.51499938964844,158.47999572753906,158.8800048828125,61192,0.0,0.0
2023-09-21 09:30:00-04:00,156.75999450683594,156.8350067138672,154.42999267578125,154.8300018310547,21506,0.0,0.0
2023-09-21 10:30:00-04:00,154.6649932861328,154.83999633789062,154.07000732421875,154.5,27306,0.0,0.0
2023-09-21 11:30:00-04:00,154.47000122070312,155.125,154.1999969482422,154.53179931640625,16887,0.0,0.0
2023-09-21 12:30:00-04:00,154.47500610351562,155.2550048828125,154.33999633789062,155.2550048828125,23425,0.0,0.0
2023-09-21 13:30:00-04:00,155.38499450683594,155.61500549316406,155.10000610351562,155.10000610351562,14769,0.0,0.0
2023-09-21 14:30:00-04:00,154.91000366210938,154.9600067138672,153.8000030517578,153.80499267578125,22302,0.0,0.0
2023-09-21 15:30:00-04:00,153.92999267578125,153.9499969482422,153.13999938964844,153.2100067138672,30018,0.0,0.0
2023-09-22 09:30:00-04:00,154.49000549316406,155.27999877929688,153.1300048828125,153.8800048828125,19520,0.0,0.0
2023-09-22 10:30:00-04:00,153.89999389648438,155.39500427246094,153.8800048828125,155.1750030517578,18114,0.0,0.0
2023-09-22 11:30:00-04:00,154.9499969482422,155.24000549316406,154.69000244140625,154.83999633789062,31227,0.0,0.0
2023-09-22 12:30:00-04:00,154.72500610351562,155.8975067138672,154.69500732421875,155.57000732421875,22835,0.0,0.0
2023-09-22 13:30:00-04:00,155.7548065185547,155.86279296875,154.1300048828125,154.30999755859375,46691,0.0,0.0
2023-09-22 14:30:00-04:00,154.47000122070312,155.69000244140625,154.27999877929688,155.64999389648438,54950,0.0,0.0
2023-09-22 15:30:00-04:00,155.64500427246094,155.83999633789062,154.9949951171875,155.25,95856,0.0,0.0
2023-09-25 09:30:00-04:00,154.4499969482422,156.17999267578125,154.23500061035156,155.24000549316406,12540,0.0,0.0
2023-09-25 10:30:00-04:00,155.50999450683594,157.61000061035156,155.2301025390625,157.52999877929688,21200,0.0,0.0
2023-09-25 11:30:00-04:00,157.375,157.9199981689453,157.30999755859375,157.9199981689453,18828,0.0,0.0
2023-09-25 12:30:00-04:00,157.7449951171875,157.7449951171875,157.24000549316406,157.42999267578125,16308,0.0,0.0
2023-09-25 13:30:00-04:00,157.52000427246094,157.75,157.19000244140625,157.72000122070312,13834,0.0,0.0
2023-09-25 14:30:00-04:00,157.7100067138672,157.95899963378906,156.55499267578125,157.36000061035156,32010,0.0,0.0
2023-09-25 15:30:00-04:00,157.52999877929688,157.8300018310547,157.2899932861328,157.58999633789062,44449,0.0,0.0
2023-09-26 09:30:00-04:00,161.0800018310547,164.49000549316406,159.8350067138672,164.49000549316406,67965,0.0,0.0
2023-09-26 10:30:00-04:00,164.36000061035156,164.41000366210938,161.9550018310547,163.65499877929688,39860,0.0,0.0
2023-09-26 11:30:00-04:00,163.80999755859375,164.08999633789062,162.83999633789062,163.2899932861328,29343,0.0,0.0
2023-09-26 12:30:00-04:00,163.2899932861328,163.2899932861328,161.0500030517578,162.35000610351562,51417,0.0,0.0
2023-09-26 13:30:00-04:00,162.27000427246094,162.88499450683594,161.48500061035156,161.52999877929688,38527,0.0,0.0
2023-09-26 14:30:00-04:00,161.69000244140625,161.72999572753906,160.0,160.0399932861328,36698,0.0,0.0
2023-09-26 15:30:00-04:00,160.00999450683594,160.83999633789062,159.91000366210938,160.32000732421875,74960,0.0,0.0
2023-09-27 09:30:00-04:00,161.7899932861328,163.6300048828125,160.64999389648438,163.6300048828125,14270,0.0,0.0
2023-09-27 10:30:00-04:00,163.64999389648438,163.77999877929688,162.13999938964844,162.48500061035156,22907,0.0,0.0
2023-09-27 11:30:00-04:00,162.5399932861328,163.05999755859375,161.6199951171875,162.10000610351562,20542,0.0,0.0
2023-09-27 12:30:00-04:00,162.2899932861328,162.40109252929688,161.00999450683594,161.0800018310547,11036,0.0,0.0
2023-09-27 13:30:00-04:00,161.00999450683594,161.8000030517578,160.9199981689453,161.8000030517578,16338,0.0,0.0
2023-09-27 14:30:00-04:00,162.16000366210938,163.36000061035156,162.00999450683594,163.25,17480,0.0,0.0
2023-09-27 15:30:00-04:00,163.2100067138672,163.2899932861328,162.3300018310547,162.42999267578125,64965,0.0,0.0
2023-09-28 09:30:00-04:00,162.77000427246094,166.08999633789062,162.58999633789062,166.08999633789062,31395,0.0,0.0
2023-09-28 10:30:00-04:00,165.5800018310547,166.52000427246094,164.82000732421875,165.72500610351562,18651,0.0,0.0
2023-09-28 11:30:00-04:00,165.94000244140625,167.14999389648438,165.91000366210938,167.14999389648438,11881,0.0,0.0
2023-09-28 12:30:00-04:00,167.52999877929688,167.61500549316406,166.7050018310547,166.7050018310547,15750,0.0,0.0
2023-09-28 13:30:00-04:00,166.5449981689453,166.91000366210938,166.1699981689453,166.7100067138672,12596,0.0,0.0
2023-09-28 14:30:00-04:00,166.89999389648438,167.0500030517578,164.89999389648438,165.47000122070312,42479,0.0,0.0
2023-09-28 15:30:00-04:00,165.2899932861328,165.2899932861328,163.97999572753906,164.0800018310547,51490,0.0,0.0
2023-09-29 09:30:00-04:00,166.1300048828125,167.19000244140625,163.77000427246094,166.69000244140625,24886,0.0,0.0
2023-09-29 10:30:00-04:00,166.6999969482422,166.9499969482422,166.01499938964844,166.63999938964844,10857,0.0,0.0
2023-09-29 11:30:00-04:00,165.91000366210938,166.25,164.4499969482422,165.0399932861328,16151,0.0,0.0
2023-09-29 12:30:00-04:00,165.1699981689453,165.1699981689453,163.32000732421875,164.19000244140625,15183,0.0,0.0
2023-09-29 13:30:00-04:00,164.0800018310547,164.3699951171875,163.39999389648438,164.0399932861328,25505,0.0,0.0
2023-09-29 14:30:00-04:00,163.53289794921875,164.64999389648438,163.53289794921875,164.11500549316406,19201,0.0,0.0
2023-09-29 15:30:00-04:00,163.99000549316406,164.39999389648438,163.06500244140625,163.55999755859375,39400,0.0,0.0
2023-10-02 09:30:00-04:00,163.41000366210938,164.88999938964844,162.16090393066406,164.32000732421875,8969,0.0,0.0
2023-10-02 10:30:00-04:00,164.3699951171875,165.9600067138672,163.94000244140625,165.88999938964844,16443,0.0,0.0
2023-10-02 11:30:00-04:00,165.60000610351562,165.97000122070312,163.57000732421875,164.0449981689453,16969,0.0,0.0
2023-10-02 12:30:00-04:00,164.0399932861328,164.0399932861328,162.98500061035156,163.72000122070312,11445,0.0,0.0
2023-10-02 13:30:00-04:00,163.67999267578125,164.02999877929688,163.36500549316406,163.4199981689453,18589,0.0,0.0
2023-10-02 14:30:00-04:00,163.4600067138672,163.83999633789062,161.82000732421875,162.52999877929688,22006,0.0,0.0
2023-10-02 15:30:00-04:00,162.4949951171875,162.75,161.83999633789062,162.52999877929688,44378,0.0,0.0
2023-10-03 09:30:00-04:00,161.22000122070312,162.47500610351562,158.44000244140625,158.57000732421875,32849,0.0,0.0
2023-10-03 10:30:00-04:00,158.39999389648438,159.82000732421875,158.2550048828125,158.52999877929688,28257,0.0,0.0
2023-10-03 11:30:00-04:00,158.64999389648438,159.32000732421875,157.05999755859375,158.88499450683594,33601,0.0,0.0
2023-10-03 12:30:00-04:00,158.88999938964844,158.99000549316406,156.97999572753906,157.1300048828125,27779,0.0,0.0
2023-10-03 13:30:00-04:00,157.3000030517578,157.3800048828125,156.69000244140625,156.72000122070312,29178,0.0,0.0
2023-10-03 14:30:00-04:00,156.67999267578125,157.85000610351562,156.64999389648438,156.77000427246094,25040,0.0,0.0
2023-10-03 15:30:00-04:00,156.92999267578125,158.58999633789062,156.92999267578125,158.5,63576,0.0,0.0
2023-10-04 09:30:00-04:00,159.5500030517578,160.32000732421875,157.00999450683594,157.00999450683594,15227,0.0,0.0
2023-10-04 10:30:00-04:00,156.97500610351562,158.27999877929688,156.8699951171875,157.8000030517578,22167,0.0,0.0
2023-10-04 11:30:00-04:00,157.8000030517578,158.69000244140625,157.44000244140625,158.5500030517578,22598,0.0,0.0
2023-10-04 12:30:00-04:00,158.55499267578125,159.01559448242188,158.16000366210938,158.16000366210938,17891,0.0,0.0
2023-10-04 13:30:00-04:00,158.35499572753906,158.35499572753906,157.41000366210938,157.41000366210938,18859,0.0,0.0
2023-10-04 14:30:00-04:00,157.44500732421875,158.80499267578125,157.42999267578125,158.6999969482422,24002,0.0,0.0
2023-10-04 15:30:00-04:00,158.75999450683594,159.2550048828125,158.32000732421875,158.9199981689453,32625,0.0,0.0
2023-10-05 09:30:00-04:00,158.1999969482422,159.375,157.32000732421875,158.08999633789062,13981,0.0,0.0
2023-10-05 10:30:00-04:00,158.05499267578125,158.22999572753906,156.4600067138672,156.6300048828125,17034,0.0,0.0
2023-10-05 11:30:00-04:00,156.47000122070312,156.88999938964844,155.6199951171875,156.38499450683594,28913,0.0,0.0
2023-10-05 12:30:00-04:00,156.82000732421875,156.8699951171875,155.92999267578125,156.1999969482422,17708,0.0,0.0
2023-10-05 13:30:00-04:00,156.08999633789062,157.55499267578125,156.0800018310547,157.49000549316406,28676,0.0,0.0
2023-10-05 14:30:00-04:00,157.5,158.0800018310547,157.22000122070312,157.85400390625,24220,0.0,0.0
2023-10-05 15:30:00-04:00,157.8699951171875,157.8699951171875,157.02000427246094,157.0399932861328,58529,0.0,0.0
2023-10-06 09:30:00-04:00,156.0399932861328,157.99000549316406,156.0399932861328,157.9199981689453,14800,0.0,0.0
2023-10-06 10:30:00-04:00,158.46499633789062,158.72000122070312,157.4199981689453,158.72000122070312,18722,0.0,0.0
2023-10-06 11:30:00-04:00,158.65499877929688,160.7050018310547,158.65499877929688,160.39500427246094,11902,0.0,0.0
2023-10-06 12:30:00-04:00,159.88999938964844,160.05999755859375,159.2519989013672,159.99000549316406,13765,0.0,0.0
2023-10-06 13:30:00-04:00,160.21499633789062,160.47000122070312,159.99000549316406,160.47000122070312,14743,0.0,0.0
2023-10-06 14:30:00-04:00,160.8300018310547,160.8699951171875,159.94000244140625,160.14999389648438,19188,0.0,0.0
2023-10-06 15:30:00-04:00,160.2050018310547,160.25999450683594,159.0500030517578,159.10000610351562,67152,0.0,0.0
2023-10-09 09:30:00-04:00,157.97999572753906,157.97999572753906,156.60000610351562,157.42999267578125,18021,0.0,0.0
2023-10-09 10:30:00-04:00,157.6199951171875,157.7449951171875,157.2899932861328,157.58009338378906,13843,0.0,0.0
2023-10-09 11:30:00-04:00,158.00999450683594,159.19000244140625,157.89999389648438,159.0800018310547,9056,0.0,0.0
2023-10-09 12:30:00-04:00,158.8300018310547,158.89999389648438,158.5500030517578,158.84500122070312,12070,0.0,0.0
2023-10-09 13:30:00-04:00,158.84500122070312,159.69500732421875,158.66000366210938,159.39999389648438,59093,0.0,0.0
2023-10-09 14:30:00-04:00,159.6999969482422,159.8249969482422,159.1999969482422,159.4250030517578,35499,0.0,0.0
2023-10-09 15:30:00-04:00,159.40499877929688,159.50999450683594,158.92999267578125,159.00999450683594,93229,0.0,0.0
2023-10-10 09:30:00-04:00,160.11000061035156,162.84500122070312,160.11000061035156,162.64999389648438,13024,0.0,0.0
2023-10-10 10:30:00-04:00,162.42999267578125,163.2633056640625,162.24000549316406,163.0050048828125,23344,0.0,0.0
2023-10-10 11:30:00-04:00,162.8000030517578,163.0800018310547,162.5399932861328,163.0749969482422,17841,0.0,0.0
2023-10-10 12:30:00-04:00,163.22000122070312,163.22000122070312,162.25,162.25,21972,0.0,0.0
2023-10-10 13:30:00-04:00,162.08999633789062,162.5749969482422,161.802001953125,162.10000610351562,20147,0.0,0.0
2023-10-10 14:30:00-04:00,162.0050048828125,162.2449951171875,161.66000366210938,161.74099731445312,27857,0.0,0.0
2023-10-10 15:30:00-04:00,161.7050018310547,162.0500030517578,161.27999877929688,161.47999572753906,78836,0.0,0.0
2023-10-11 09:30:00-04:00,162.02000427246094,163.77000427246094,161.67999267578125,162.14999389648438,13513,0.0,0.0
2023-10-11 10:30:00-04:00,162.1699981689453,162.1699981689453,160.58999633789062,161.4149932861328,16206,0.0,0.0
2023-10-11 11:30:00-04:00,161.32000732421875,161.5500030517578,160.64999389648438,160.66000366210938,16719,0.0,0.0
2023-10-11 12:30:00-04:00,160.82000732421875,160.97999572753906,160.38999938964844,160.80499267578125,11771,0.0,0.0
2023-10-11 13:30:00-04:00,160.80999755859375,161.3800048828125,160.80999755859375,161.24000549316406,11942,0.0,0.0
2023-10-11 14:30:00-04:00,161.22999572753906,162.83999633789062,161.22999572753906,162.6199951171875,32800,0.0,0.0
2023-10-11 15:30:00-04:00,162.5590057373047,163.02499389648438,162.1199951171875,162.24000549316406,77608,0.0,0.0
2023-10-12 09:30:00-04:00,161.3300018310547,161.86000061035156,158.27000427246094,159.2949981689453,25912,0.0,0.0
2023-10-12 10:30:00-04:00,158.72000122070312,158.94500732421875,157.7899932861328,158.44000244140625,20702,0.0,0.0
2023-10-12 11:30:00-04:00,158.89999389648438,158.89999389648438,157.7100067138672,158.02499389648438,13036,0.0,0.0
2023-10-12 12:30:00-04:00,157.92999267578125,158.08990478515625,155.97999572753906,155.97999572753906,13153,0.0,0.0
2023-10-12 13:30:00-04:00,155.80999755859375,155.80999755859375,154.19000244140625,155.10499572753906,16580,0.0,0.0
2023-10-12 14:30:00-04:00,155.11500549316406,155.60499572753906,155.11500549316406,155.27000427246094,14797,0.0,0.0
2023-10-12 15:30:00-04:00,155.3800048828125,155.70750427246094,154.72000122070312,154.74000549316406,56193,0.0,0.0
2023-10-13 09:30:00-04:00,154.27000427246094,155.5,152.77000427246094,155.5,21537,0.0,0.0
2023-10-13 10:30:00-04:00,155.65679931640625,156.0,153.41000366210938,153.91000366210938,18683,0.0,0.0
2023-10-13 11:30:00-04:00,153.8300018310547,154.44500732421875,153.11000061035156,153.5,18953,0.0,0.0
2023-10-13 12:30:00-04:00,153.36000061035156,153.3699951171875,151.74000549316406,151.74000549316406,15794,0.0,0.0
2023-10-13 13:30:00-04:00,151.875,152.24000549316406,151.75,151.9199981689453,17082,0.0,0.0
2023-10-13 14:30:00-04:00,151.9499969482422,152.41000366210938,151.77999877929688,152.3800048828125,14418,0.0,0.0
2023-10-13 15:30:00-04:00,152.4199981689453,152.74000549316406,152.17999267578125,152.2899932861328,61455,0.0,0.0
2023-10-16 09:30:00-04:00,153.61000061035156,156.0399932861328,152.99000549316406,155.30999755859375,31467,0.0,0.0
2023-10-16 10:30:00-04:00,155.5399932861328,155.5500030517578,154.5399932861328,154.82000732421875,19989,0.0,0.0
2023-10-16 11:30:00-04:00,154.92999267578125,155.05999755859375,154.32000732421875,154.3699951171875,10319,0.0,0.0
2023-10-16 12:30:00-04:00,154.41000366210938,154.60000610351562,153.11000061035156,153.50999450683594,24232,0.0,0.0
2023-10-16 13:30:00-04:00,153.57000732421875,153.8300018310547,153.42999267578125,153.5500030517578,14909,0.0,0.0
2023-10-16 14:30:00-04:00,153.5500030517578,154.17999267578125,153.41000366210938,154.16000366210938,23171,0.0,0.0
2023-10-16 15:30:00-04:00,154.15499877929688,154.81500244140625,153.83999633789062,154.64999389648438,47924,0.0,0.0
2023-10-17 09:30:00-04:00,152.6300048828125,157.0500030517578,152.6300048828125,156.13999938964844,34602,0.0,0.0
2023-10-17 10:30:00-04:00,155.9600067138672,156.81210327148438,155.80999755859375,156.48500061035156,18212,0.0,0.0
2023-10-17 11:30:00-04:00,156.4949951171875,158.02000427246094,156.4949951171875,157.9499969482422,18281,0.0,0.0
2023-10-17 12:30:00-04:00,157.7899932861328,157.7899932861328,156.5399932861328,156.86000061035156,16476,0.0,0.0
2023-10-17 13:30:00-04:00,156.80999755859375,156.97000122070312,155.83999633789062,155.92999267578125,21935,0.0,0.0
2023-10-17 14:30:00-04:00,155.88999938964844,156.5,155.7899932861328,156.36000061035156,24500,0.0,0.0
2023-10-17 15:30:00-04:00,156.35499572753906,156.44000244140625,155.32000732421875,155.86000061035156,46403,0.0,0.0
2023-10-18 09:30:00-04:00,154.80999755859375,154.80999755859375,148.97500610351562,148.97500610351562,86714,0.0,0.0
2023-10-18 10:30:00-04:00,148.97500610351562,149.0,145.61000061035156,146.31500244140625,44293,0.0,0.0
2023-10-18 11:30:00-04:00,146.47999572753906,146.74000549316406,144.86500549316406,144.86500549316406,46414,0.0,0.0
2023-10-18 12:30:00-04:00,144.8800048828125,145.6999969482422,144.67999267578125,144.77000427246094,23918,0.0,0.0
2023-10-18 13:30:00-04:00,144.90499877929688,144.94000244140625,143.26499938964844,143.26499938964844,44071,0.0,0.0
2023-10-18 14:30:00-04:00,143.3699951171875,144.1300048828125,142.63499450683594,143.38999938964844,53794,0.0,0.0
2023-10-18 15:30:00-04:00,143.38999938964844,143.58999633789062,142.38999938964844,142.47000122070312,132008,0.0,0.0
2023-10-19 09:30:00-04:00,142.8000030517578,146.07000732421875,141.77999877929688,144.52999877929688,69219,0.0,0.0
2023-10-19 10:30:00-04:00,144.3800048828125,144.58999633789062,143.63999938964844,144.19749450683594,26932,0.0,0.0
2023-10-19 11:30:00-04:00,144.1300048828125,145.3300018310547,144.0500030517578,144.3350067138672,45115,0.0,0.0
2023-10-19 12:30:00-04:00,143.9600067138672,145.0500030517578,142.55499267578125,143.97000122070312,35641,0.0,0.0
2023-10-19 13:30:00-04:00,144.0,144.0,142.28500366210938,142.40499877929688,26569,0.0,0.0
2023-10-19 14:30:00-04:00,142.2899932861328,142.2899932861328,140.6199951171875,140.8350067138672,60775,0.0,0.0
2023-10-19 15:30:00-04:00,140.86500549316406,141.08999633789062,139.8249969482422,140.82000732421875,138475,0.0,0.0
2023-10-20 09:30:00-04:00,141.25,141.64999389648438,137.4199981689453,138.4199981689453,28162,0.0,0.0
2023-10-20 10:30:00-04:00,138.58999633789062,139.44000244140625,137.3699951171875,137.85499572753906,31276,0.0,0.0
2023-10-20 11:30:00-04:00,137.86000061035156,138.85000610351562,137.7100067138672,138.16000366210938,56351,0.0,0.0
2023-10-20 12:30:00-04:00,138.1300048828125,138.6699981689453,137.2949981689453,138.06500244140625,62489,0.0,0.0
2023-10-20 13:30:00-04:00,138.1300048828125,138.66000366210938,137.41000366210938,137.66000366210938,44096,0.0,0.0
2023-10-20 14:30:00-04:00,137.61000061035156,138.05499267578125,137.3000030517578,137.88999938964844,47578,0.0,0.0
2023-10-20 15:30:00-04:00,137.86500549316406,138.05999755859375,137.13999938964844,137.14999389648438,84086,0.0,0.0
2023-10-23 09:30:00-04:00,136.74000549316406,137.27000427246094,135.58250427246094,136.89999389648438,57684,0.0,0.0
2023-10-23 10:30:00-04:00,136.60000610351562,137.19000244140625,136.14999389648438,137.03500366210938,41696,0.0,0.0
2023-10-23 11:30:00-04:00,137.02999877929688,138.19000244140625,136.5800018310547,137.0,36038,0.0,0.0
2023-10-23 12:30:00-04:00,136.92999267578125,138.3000030517578,136.92999267578125,137.4499969482422,39607,0.0,0.0
2023-10-23 13:30:00-04:00,137.3699951171875,137.7100067138672,136.67999267578125,137.1300048828125,32841,0.0,0.0
2023-10-23 14:30:00-04:00,137.08999633789062,137.27000427246094,136.27999877929688,136.55999755859375,26282,0.0,0.0
2023-10-23 15:30:00-04:00,136.47000122070312,136.63999938964844,135.58999633789062,135.89999389648438,91237,0.0,0.0
2023-10-24 09:30:00-04:00,137.19000244140625,137.19000244140625,135.42999267578125,135.57000732421875,14346,0.0,0.0
2023-10-24 10:30:00-04:00,135.55999755859375,136.4499969482422,134.3000030517578,134.49000549316406,40242,0.0,0.0
2023-10-24 11:30:00-04:00,134.3800048828125,134.64999389648438,133.82000732421875,133.8699951171875,23606,0.0,0.0
2023-10-24 12:30:00-04:00,134.09500122070312,134.3300018310547,133.59500122070312,133.6999969482422,13465,0.0,0.0
2023-10-24 13:30:00-04:00,133.73500061035156,134.0399932861328,133.38999938964844,133.77999877929688,25296,0.0,0.0
2023-10-24 14:30:00-04:00,133.89999389648438,135.5399932861328,133.75999450683594,135.3699951171875,30553,0.0,0.0
2023-10-24 15:30:00-04:00,135.47000122070312,135.5399932861328,134.23500061035156,134.8300018310547,53818,0.0,0.0
2023-10-25 09:30:00-04:00,133.4600067138672,133.4600067138672,130.64999389648438,131.44000244140625,47607,0.0,0.0
2023-10-25 10:30:00-04:00,131.47000122070312,132.2100067138672,130.8699951171875,131.57000732421875,52147,0.0,0.0
2023-10-25 11:30:00-04:00,131.5500030517578,132.07000732421875,131.2550048828125,131.67999267578125,28595,0.0,0.0
2023-10-25 12:30:00-04:00,131.7899932861328,131.7899932861328,130.82000732421875,131.28500366210938,17159,0.0,0.0
2023-10-25 13:30:00-04:00,131.17999267578125,131.6300048828125,130.67039489746094,131.6300048828125,20190,0.0,0.0
2023-10-25 14:30:00-04:00,131.72000122070312,131.97999572753906,131.41000366210938,131.59500122070312,28386,0.0,0.0
2023-10-25 15:30:00-04:00,131.44000244140625,131.66000366210938,131.07000732421875,131.27499389648438,43138,0.0,0.0
2023-10-26 09:30:00-04:00,132.5399932861328,133.47000122070312,131.5800018310547,133.47000122070312,31472,0.0,0.0
2023-10-26 10:30:00-04:00,133.30999755859375,135.39999389648438,132.80999755859375,135.27499389648438,24879,0.0,0.0
2023-10-26 11:30:00-04:00,135.21499633789062,135.35000610351562,133.14999389648438,133.3350067138672,27910,0.0,0.0
2023-10-26 12:30:00-04:00,133.32000732421875,133.4499969482422,132.38999938964844,132.75999450683594,20656,0.0,0.0
2023-10-26 13:30:00-04:00,132.5800018310547,133.0,132.38499450683594,132.55499267578125,17464,0.0,0.0
2023-10-26 14:30:00-04:00,132.75,133.19500732421875,132.1999969482422,132.24000549316406,34888,0.0,0.0
2023-10-26 15:30:00-04:00,132.22999572753906,132.44000244140625,131.77000427246094,132.17999267578125,47682,0.0,0.0
2023-10-27 09:30:00-04:00,133.0,133.5,131.3800048828125,132.7550048828125,30720,0.0,0.0
2023-10-27 10:30:00-04:00,133.11000061035156,134.0800018310547,132.90499877929688,133.9199981689453,15800,0.0,0.0
2023-10-27 11:30:00-04:00,133.97000122070312,134.24000549316406,132.85000610351562,133.14500427246094,21564,0.0,0.0
2023-10-27 12:30:00-04:00,133.16510009765625,133.25,131.88499450683594,132.125,20328,0.0,0.0
2023-10-27 13:30:00-04:00,132.11000061035156,132.47500610351562,131.92999267578125,132.1199951171875,29590,0.0,0.0
2023-10-27 14:30:00-04:00,132.1999969482422,133.85000610351562,132.14999389648438,133.7100067138672,85308,0.0,0.0
2023-10-27 15:30:00-04:00,133.72999572753906,134.1300048828125,133.47000122070312,133.6699981689453,125374,0.0,0.0
2023-10-30 09:30:00-04:00,134.6199951171875,135.44000244140625,133.71499633789062,133.92999267578125,35201,0.0,0.0
2023-10-30 10:30:00-04:00,134.1199951171875,135.6699981689453,134.09500122070312,135.66000366210938,24628,0.0,0.0
2023-10-30 11:30:00-04:00,135.89999389648438,136.64999389648438,134.8323974609375,136.02000427246094,40818,0.0,0.0
2023-10-30 12:30:00-04:00,135.84500122070312,136.50999450683594,135.8000030517578,136.50999450683594,34275,0.0,0.0
2023-10-30 13:30:00-04:00,136.77999877929688,137.47000122070312,136.74000549316406,137.17999267578125,30023,0.0,0.0
2023-10-30 14:30:00-04:00,137.05999755859375,138.2899932861328,136.85000610351562,137.89999389648438,53759,0.0,0.0
2023-10-30 15:30:00-04:00,137.83999633789062,138.0500030517578,137.18499755859375,137.33999633789062,136500,0.0,0.0
2023-10-31 09:30:00-04:00,136.64999389648438,138.0399932861328,135.80999755859375,137.0800018310547,64903,0.0,0.0
2023-10-31 10:30:00-04:00,137.16000366210938,138.75999450683594,137.1300048828125,138.49000549316406,44975,0.0,0.0
2023-10-31 11:30:00-04:00,138.5,138.9199981689453,137.05999755859375,137.77499389648438,85738,0.0,0.0
2023-10-31 12:30:00-04:00,137.72999572753906,138.47000122070312,137.08999633789062,137.08999633789062,26064,0.0,0.0
2023-10-31 13:30:00-04:00,137.19000244140625,137.63999938964844,137.00999450683594,137.16000366210938,30810,0.0,0.0
2023-10-31 14:30:00-04:00,137.13999938964844,138.35000610351562,137.13999938964844,137.80999755859375,78055,0.0,0.0
2023-10-31 15:30:00-04:00,137.8000030517578,138.00999450683594,137.4600067138672,137.89999389648438,170027,0.0,0.0
2023-11-01 09:30:00-04:00,124.12999725341797,128.41000366210938,118.79000091552734,124.76499938964844,351091,0.0,0.0
2023-11-01 10:30:00-04:00,124.66000366210938,125.68000030517578,122.58000183105469,123.29499816894531,201456,0.0,0.0
2023-11-01 11:30:00-04:00,123.31500244140625,123.44999694824219,119.52999877929688,119.88999938964844,166511,0.0,0.0
2023-11-01 12:30:00-04:00,119.83999633789062,120.41999816894531,118.55000305175781,119.12999725341797,134255,0.0,0.0
2023-11-01 13:30:00-04:00,119.05000305175781,119.81500244140625,116.80999755859375,118.05999755859375,225691,0.0,0.0
2023-11-01 14:30:00-04:00,118.13999938964844,123.98999786376953,117.7074966430664,123.87039947509766,314858,0.0,0.0
2023-11-01 15:30:00-04:00,123.86000061035156,124.63310241699219,122.58999633789062,123.30999755859375,330918,0.0,0.0
2023-11-02 09:30:00-04:00,126.7699966430664,131.5399932861328,126.7699966430664,131.27000427246094,117247,0.0,0.0
2023-11-02 10:30:00-04:00,131.1699981689453,131.49000549316406,129.44970703125,129.44970703125,69104,0.0,0.0
2023-11-02 11:30:00-04:00,129.42999267578125,129.50999450683594,126.83999633789062,126.9000015258789,63793,0.0,0.0
2023-11-02 12:30:00-04:00,126.91999816894531,128.6199951171875,126.62999725341797,128.58470153808594,110994,0.0,0.0
2023-11-02 13:30:00-04:00,128.5749969482422,129.57000732421875,128.30999755859375,129.1699981689453,90755,0.0,0.0
2023-11-02 14:30:00-04:00,129.11000061035156,129.35000610351562,127.33499908447266,127.93000030517578,89556,0.0,0.0
2023-11-02 15:30:00-04:00,127.94000244140625,128.0500030517578,126.94499969482422,127.68000030517578,164076,0.0,0.0
2023-11-03 09:30:00-04:00,129.72000122070312,133.92999267578125,129.72000122070312,132.4600067138672,88786,0.0,0.0
2023-11-03 10:30:00-04:00,132.13999938964844,132.36000061035156,128.27999877929688,128.2899932861328,61569,0.0,0.0
2023-11-03 11:30:00-04:00,128.4550018310547,130.33999633789062,128.2100067138672,129.4250030517578,50763,0.0,0.0
2023-11-03 12:30:00-04:00,129.64999389648438,130.125,128.58999633789062,128.77999877929688,30516,0.0,0.0
2023-11-03 13:30:00-04:00,128.75,129.97999572753906,128.3800048828125,129.4949951171875,48723,0.0,0.0
2023-11-03 14:30:00-04:00,129.48500061035156,129.97999572753906,128.8699951171875,128.93499755859375,85160,0.0,0.0
2023-11-03 15:30:00-04:00,128.8300018310547,128.99000549316406,127.19999694824219,127.82499694824219,117875,0.0,0.0
2023-11-06 09:30:00-05:00,127.61000061035156,128.09500122070312,125.69999694824219,127.3499984741211,34625,0.0,0.0
2023-11-06 10:30:00-05:00,127.43000030517578,127.78500366210938,126.0999984741211,127.20999908447266,54532,0.0,0.0
2023-11-06 11:30:00-05:00,127.18499755859375,128.1699981689453,127.18000030517578,127.36000061035156,63197,0.0,0.0
2023-11-06 12:30:00-05:00,127.3949966430664,128.0800018310547,126.6270980834961,127.4000015258789,54967,0.0,0.0
2023-11-06 13:30:00-05:00,127.45999908447266,127.45999908447266,125.56999969482422,126.47000122070312,33775,0.0,0.0
2023-11-06 14:30:00-05:00,126.375,127.36000061035156,126.36000061035156,127.03500366210938,50591,0.0,0.0
2023-11-06 15:30:00-05:00,127.04000091552734,127.61000061035156,126.2699966430664,126.27999877929688,165781,0.0,0.0
2023-11-07 09:30:00-05:00,125.72000122070312,127.98999786376953,125.22000122070312,126.01000213623047,19205,0.0,0.0
2023-11-07 10:30:00-05:00,126.06999969482422,127.4000015258789,125.9800033569336,126.875,25595,0.0,0.0
2023-11-07 11:30:00-05:00,127.0199966430664,127.3949966430664,126.7300033569336,126.9800033569336,35881,0.0,0.0
2023-11-07 12:30:00-05:00,126.98999786376953,127.47000122070312,126.81999969482422,126.91000366210938,21227,0.0,0.0
2023-11-07 13:30:00-05:00,127.06500244140625,127.48500061035156,126.16999816894531,126.16999816894531,31389,0.0,0.0
2023-11-07 14:30:00-05:00,126.15499877929688,127.06999969482422,125.94999694824219,126.69000244140625,85416,0.0,0.0
2023-11-07 15:30:00-05:00,126.6449966430664,127.30500030517578,126.4800033569336,126.87999725341797,94427,0.0,0.0
2023-11-08 09:30:00-05:00,126.48999786376953,128.35000610351562,126.48999786376953,126.76000213623047,25438,0.0,0.0
2023-11-08 10:30:00-05:00,127.12999725341797,127.30999755859375,126.55000305175781,127.0999984741211,40283,0.0,0.0
2023-11-08 11:30:00-05:00,127.08000183105469,127.09500122070312,126.27999877929688,126.73999786376953,23838,0.0,0.0
2023-11-08 12:30:00-05:00,126.62000274658203,127.13999938964844,126.55500030517578,127.07869720458984,19943,0.0,0.0
2023-11-08 13:30:00-05:00,127.03230285644531,127.30000305175781,126.98999786376953,127.23999786376953,21204,0.0,0.0
2023-11-08 14:30:00-05:00,127.18000030517578,127.58499908447266,126.9000015258789,127.08000183105469,27442,0.0,0.0
2023-11-08 15:30:00-05:00,127.05999755859375,127.05999755859375,126.13999938964844,126.22000122070312,70537,0.0,0.0
2023-11-09 09:30:00-05:00,127.30999755859375,127.30999755859375,125.68000030517578,126.63259887695312,28529,0.0,0.0
2023-11-09 10:30:00-05:00,126.70999908447266,127.0199966430664,125.87000274658203,126.88500213623047,21939,0.0,0.0
2023-11-09 11:30:00-05:00,126.87000274658203,127.6500015258789,126.79000091552734,127.47000122070312,33181,0.0,0.0
2023-11-09 12:30:00-05:00,127.40499877929688,127.52999877929688,126.06999969482422,126.56999969482422,22063,0.0,0.0
2023-11-09 13:30:00-05:00,126.45999908447266,126.70999908447266,125.2300033569336,125.2300033569336,36652,0.0,0.0
2023-11-09 14:30:00-05:00,125.30999755859375,125.38999938964844,124.04000091552734,124.12000274658203,46221,0.0,0.0
2023-11-09 15:30:00-05:00,124.12999725341797,124.16999816894531,123.62000274658203,124.06999969482422,121670,0.0,0.0
2023-11-10 09:30:00-05:00,125.02999877929688,125.9000015258789,124.13500213623047,124.45999908447266,19661,0.0,0.0
2023-11-10 10:30:00-05:00,124.56749725341797,126.02999877929688,124.56749725341797,125.80000305175781,21868,0.0,0.0
2023-11-10 11:30:00-05:00,125.69999694824219,126.12000274658203,125.52999877929688,126.0250015258789,17666,0.0,0.0
2023-11-10 12:30:00-05:00,126.0199966430664,126.56500244140625,125.1449966430664,125.6500015258789,32077,0.0,0.0
2023-11-10 13:30:00-05:00,125.7699966430664,126.87000274658203,125.66000366210938,126.73999786376953,16241,0.0,0.0
2023-11-10 14:30:00-05:00,126.83000183105469,126.83499908447266,126.44999694824219,126.83499908447266,27083,0.0,0.0
2023-11-10 15:30:00-05:00,126.77999877929688,126.80999755859375,126.30000305175781,126.69000244140625,41918,0.0,0.0
2023-11-13 09:30:00-05:00,126.0999984741211,127.12000274658203,125.66999816894531,126.23999786376953,32052,0.0,0.0
2023-11-13 10:30:00-05:00,126.19999694824219,126.83000183105469,126.19999694824219,126.4749984741211,24593,0.0,0.0
2023-11-13 11:30:00-05:00,126.4800033569336,127.18000030517578,126.4800033569336,126.95500183105469,31834,0.0,0.0
2023-11-13 12:30:00-05:00,126.94999694824219,127.30000305175781,126.71499633789062,127.11000061035156,39672,0.0,0.0
2023-11-13 13:30:00-05:00,127.18000030517578,127.5551986694336,126.94999694824219,127.33999633789062,31658,0.0,0.0
2023-11-13 14:30:00-05:00,127.3499984741211,127.44999694824219,126.51000213623047,126.8499984741211,30313,0.0,0.0
2023-11-13 15:30:00-05:00,126.91999816894531,126.9800033569336,126.12000274658203,126.24500274658203,59118,0.0,0.0
2023-11-14 09:30:00-05:00,130.02000427246094,132.41000366210938,128.17999267578125,131.75999450683594,33084,0.0,0.0
2023-11-14 10:30:00-05:00,132.38999938964844,135.60000610351562,132.38999938964844,135.60000610351562,40576,0.0,0.0
2023-11-14 11:30:00-05:00,135.43499755859375,135.6300048828125,135.00999450683594,135.38999938964844,35772,0.0,0.0
2023-11-14 12:30:00-05:00,135.58999633789062,136.36000061035156,135.53500366210938,135.83999633789062,82994,0.0,0.0
2023-11-14 13:30:00-05:00,135.82749938964844,136.3800048828125,135.65499877929688,136.3000030517578,27778,0.0,0.0
2023-11-14 14:30:00-05:00,136.38999938964844,136.67999267578125,135.9199981689453,136.36000061035156,42258,0.0,0.0
2023-11-14 15:30:00-05:00,136.25,136.57000732421875,136.15249633789062,136.55999755859375,85619,0.0,0.0
2023-11-15 09:30:00-05:00,136.99000549316406,141.89999389648438,136.85499572753906,141.19000244140625,135958,0.0,0.0
2023-11-15 10:30:00-05:00,141.3300018310547,142.13999938964844,140.4199981689453,141.02999877929688,62068,0.0,0.0
2023-11-15 11:30:00-05:00,141.14999389648438,141.3300018310547,139.97999572753906,140.76499938964844,57933,0.0,0.0
2023-11-15 12:30:00-05:00,140.72000122070312,141.28500366210938,139.69000244140625,140.42999267578125,84416,0.0,0.0
2023-11-15 13:30:00-05:00,140.4600067138672,140.97000122070312,139.55999755859375,140.2050018310547,81219,0.0,0.0
2023-11-15 14:30:00-05:00,140.17999267578125,140.17999267578125,139.36000061035156,139.7100067138672,83063,0.0,0.0
2023-11-15 15:30:00-05:00,139.72999572753906,139.8800048828125,139.0,139.14999389648438,108280,0.0,0.0
2023-11-16 09:30:00-05:00,138.1699981689453,139.6199951171875,137.6199951171875,138.25999450683594,25389,0.0,0.0
2023-11-16 10:30:00-05:00,138.3000030517578,138.30999755859375,136.57009887695312,136.57009887695312,20194,0.0,0.0
2023-11-16 11:30:00-05:00,136.69000244140625,136.69000244140625,135.91000366210938,136.35000610351562,56255,0.0,0.0
2023-11-16 12:30:00-05:00,136.30999755859375,137.17999267578125,136.02999877929688,136.6199951171875,50514,0.0,0.0
2023-11-16 13:30:00-05:00,136.625,137.13999938964844,136.08999633789062,136.7375030517578,50640,0.0,0.0
2023-11-16 14:30:00-05:00,136.74000549316406,137.6199951171875,136.74000549316406,137.11000061035156,40248,0.0,0.0
2023-11-16 15:30:00-05:00,137.1199951171875,137.3800048828125,136.76100158691406,137.07000732421875,115864,0.0,0.0
2023-11-17 09:30:00-05:00,138.75,139.08999633789062,137.2100067138672,138.55999755859375,46872,0.0,0.0
2023-11-17 10:30:00-05:00,138.5800018310547,139.0500030517578,138.1999969482422,138.74000549316406,35525,0.0,0.0
2023-11-17 11:30:00-05:00,139.16000366210938,139.41000366210938,138.47000122070312,138.64500427246094,37036,0.0,0.0
2023-11-17 12:30:00-05:00,138.69000244140625,138.69000244140625,138.03500366210938,138.4199981689453,12348,0.0,0.0
2023-11-17 13:30:00-05:00,138.1696014404297,138.88999938964844,138.1696014404297,138.4949951171875,17024,0.0,0.0
2023-11-17 14:30:00-05:00,138.58999633789062,138.61000061035156,138.0800018310547,138.3699951171875,50743,0.0,0.0
2023-11-17 15:30:00-05:00,138.39999389648438,138.52000427246094,138.08999633789062,138.47000122070312,54176,0.0,0.0
2023-11-20 09:30:00-05:00,138.7899932861328,140.27999877929688,137.3699951171875,139.64999389648438,32072,0.0,0.0
2023-11-20 10:30:00-05:00,139.52000427246094,140.3699951171875,139.1300048828125,139.14999389648438,36522,0.0,0.0
2023-11-20 11:30:00-05:00,139.1699981689453,139.7550048828125,138.94000244140625,138.9499969482422,73260,0.0,0.0
2023-11-20 12:30:00-05:00,138.94000244140625,140.2100067138672,138.94000244140625,139.9199981689453,58959,0.0,0.0
2023-11-20 13:30:00-05:00,140.02999877929688,140.44000244140625,139.6999969482422,139.97000122070312,32470,0.0,0.0
2023-11-20 14:30:00-05:00,140.0800018310547,140.22000122070312,139.2899932861328,139.55999755859375,51873,0.0,0.0
2023-11-20 15:30:00-05:00,139.5,139.66000366210938,138.5399932861328,138.92999267578125,128600,0.0,0.0
2023-11-21 09:30:00-05:00,137.80999755859375,139.2899932861328,137.80999755859375,138.08999633789062,13463,0.0,0.0
2023-11-21 10:30:00-05:00,137.9600067138672,138.88999938964844,137.7899932861328,138.86500549316406,22728,0.0,0.0
2023-11-21 11:30:00-05:00,139.0,139.0399932861328,138.57000732421875,138.72999572753906,22150,0.0,0.0
2023-11-21 12:30:00-05:00,138.86000061035156,139.41000366210938,138.41000366210938,138.53500366210938,15608,0.0,0.0
2023-11-21 13:30:00-05:00,138.5500030517578,138.94000244140625,138.1300048828125,138.28419494628906,22032,0.0,0.0
2023-11-21 14:30:00-05:00,138.35400390625,139.03500366210938,138.1300048828125,138.74000549316406,31015,0.0,0.0
2023-11-21 15:30:00-05:00,138.8300018310547,138.8300018310547,138.42999267578125,138.75999450683594,48992,0.0,0.0
2023-11-22 09:30:00-05:00,139.35000610351562,139.72000122070312,137.6199951171875,139.53500366210938,18093,0.0,0.0
2023-11-22 10:30:00-05:00,139.72000122070312,140.25,139.27999877929688,140.125,25498,0.0,0.0
2023-11-22 11:30:00-05:00,140.10000610351562,140.4774932861328,139.86000061035156,139.89999389648438,16932,0.0,0.0
2023-11-22 12:30:00-05:00,139.6699981689453,139.83999633789062,139.19000244140625,139.82000732421875,13173,0.0,0.0
2023-11-22 13:30:00-05:00,139.75999450683594,140.0,139.07000732421875,139.47000122070312,20821,0.0,0.0
2023-11-22 14:30:00-05:00,139.3800048828125,139.8300018310547,138.6699981689453,139.8000030517578,25452,0.0,0.0
2023-11-22 15:30:00-05:00,139.88999938964844,140.02000427246094,139.61749267578125,139.69000244140625,58306,0.0,0.0
2023-11-24 09:30:00-05:00,139.02999877929688,141.2100067138672,138.3699951171875,141.2100067138672,14736,0.0,0.0
2023-11-24 10:30:00-05:00,141.4654998779297,141.72999572753906,140.66000366210938,141.3350067138672,28799,0.0,0.0
2023-11-24 11:30:00-05:00,141.34500122070312,141.36000061035156,140.35000610351562,140.41000366210938,30190,0.0,0.0
2023-11-27 09:30:00-05:00,139.35000610351562,139.94000244140625,138.64999389648438,139.414306640625,12454,0.0,0.0
2023-11-27 10:30:00-05:00,139.39500427246094,139.62750244140625,139.11500549316406,139.19000244140625,27973,0.0,0.0
2023-11-27 11:30:00-05:00,139.3699951171875,139.8699951171875,139.1699981689453,139.2100067138672,18170,0.0,0.0
2023-11-27 12:30:00-05:00,139.22999572753906,139.6699981689453,139.22999572753906,139.3000030517578,16616,0.0,0.0
2023-11-27 13:30:00-05:00,139.2100067138672,140.02000427246094,139.00999450683594,139.8800048828125,28922,0.0,0.0
2023-11-27 14:30:00-05:00,139.8800048828125,140.17999267578125,139.7100067138672,140.08999633789062,29789,0.0,0.0
2023-11-27 15:30:00-05:00,140.16000366210938,140.39999389648438,139.72000122070312,139.72000122070312,72240,0.0,0.0
2023-11-28 09:30:00-05:00,139.47000122070312,139.47000122070312,138.14500427246094,138.42999267578125,16171,0.0,0.0
2023-11-28 10:30:00-05:00,138.6999969482422,139.2899932861328,138.56500244140625,138.64999389648438,23162,0.0,0.0
2023-11-28 11:30:00-05:00,138.7100067138672,139.1300048828125,137.5399932861328,137.57000732421875,20906,0.0,0.0
2023-11-28 12:30:00-05:00,137.5399932861328,137.5399932861328,136.8300018310547,136.97999572753906,21135,0.0,0.0
2023-11-28 13:30:00-05:00,136.9600067138672,137.2899932861328,136.8300018310547,136.83999633789062,17984,0.0,0.0
2023-11-28 14:30:00-05:00,136.75,137.4499969482422,136.75,137.00999450683594,28528,0.0,0.0
2023-11-28 15:30:00-05:00,136.8699951171875,137.4499969482422,136.63999938964844,137.08999633789062,65078,0.0,0.0
2023-11-29 09:30:00-05:00,138.3300018310547,139.47000122070312,137.71499633789062,138.7550048828125,24108,0.0,0.0
2023-11-29 10:30:00-05:00,138.77499389648438,139.6649932861328,138.2899932861328,139.32000732421875,48394,0.0,0.0
2023-11-29 11:30:00-05:00,139.32000732421875,139.5800018310547,138.9949951171875,139.36500549316406,64595,0.0,0.0
2023-11-29 12:30:00-05:00,139.3699951171875,139.95249938964844,139.0,139.8699951171875,39356,0.0,0.0
2023-11-29 13:30:00-05:00,139.875,139.94000244140625,139.42999267578125,139.4600067138672,59429,0.0,0.0
2023-11-29 14:30:00-05:00,139.41000366210938,139.50999450683594,138.6999969482422,138.6999969482422,48559,0.0,0.0
2023-11-29 15:30:00-05:00,138.7100067138672,138.97999572753906,138.0,138.18499755859375,115309,0.0,0.0
2023-11-30 09:30:00-05:00,138.58999633789062,141.78500366210938,138.16000366210938,141.3000030517578,52714,0.0,0.0
2023-11-30 10:30:00-05:00,141.22000122070312,142.125,140.35000610351562,141.1750030517578,35751,0.0,0.0
2023-11-30 11:30:00-05:00,141.0399932861328,141.66000366210938,140.2100067138672,140.4499969482422,62051,0.0,0.0
2023-11-30 12:30:00-05:00,140.53500366210938,141.2050018310547,139.97999572753906,141.0050048828125,40403,0.0,0.0
2023-11-30 13:30:00-05:00,140.92999267578125,141.73590087890625,140.5749969482422,141.13999938964844,81581,0.0,0.0
2023-11-30 14:30:00-05:00,141.24000549316406,141.49000549316406,140.4499969482422,140.47000122070312,48497,0.0,0.0
2023-11-30 15:30:00-05:00,140.44000244140625,141.4499969482422,140.44000244140625,140.82000732421875,92557,0.0,0.0
2023-12-01 09:30:00-05:00,140.75,141.61000061035156,140.3000030517578,141.22500610351562,59965,0.0,0.0
2023-12-01 10:30:00-05:00,141.30999755859375,143.0,141.07000732421875,142.83999633789062,89211,0.0,0.0
2023-12-01 11:30:00-05:00,142.85000610351562,145.7100067138672,142.6699981689453,145.5050048828125,51521,0.0,0.0
2023-12-01 12:30:00-05:00,145.6199951171875,146.1699981689453,145.57000732421875,145.99000549316406,38911,0.0,0.0
2023-12-01 13:30:00-05:00,146.03500366210938,146.25,145.25,145.25,35711,0.0,0.0
2023-12-01 14:30:00-05:00,145.25,146.9199981689453,145.25,146.7899932861328,48521,0.0,0.0
2023-12-01 15:30:00-05:00,146.9199981689453,147.57000732421875,146.52000427246094,147.25999450683594,101231,0.0,0.0
2023-12-04 09:30:00-05:00,146.13999938964844,147.52000427246094,144.44000244140625,144.49000549316406,46027,0.0,0.0
2023-12-04 10:30:00-05:00,144.52999877929688,144.63999938964844,142.75,143.66000366210938,28693,0.0,0.0
2023-12-04 11:30:00-05:00,143.60499572753906,144.61000061035156,143.55999755859375,143.7899932861328,25345,0.0,0.0
2023-12-04 12:30:00-05:00,143.78500366210938,143.99000549316406,142.38999938964844,142.38999938964844,23426,0.0,0.0
2023-12-04 13:30:00-05:00,142.42999267578125,142.72000122070312,141.99000549316406,141.99000549316406,30979,0.0,0.0
2023-12-04 14:30:00-05:00,142.0449981689453,142.38999938964844,141.49000549316406,142.1649932861328,35329,0.0,0.0
2023-12-04 15:30:00-05:00,142.218994140625,143.55999755859375,142.2100067138672,143.11000061035156,93514,0.0,0.0
2023-12-05 09:30:00-05:00,142.19000244140625,145.07000732421875,141.1654052734375,145.07000732421875,34757,0.0,0.0
2023-12-05 10:30:00-05:00,144.97999572753906,144.97999572753906,142.77999877929688,143.2949981689453,24044,0.0,0.0
2023-12-05 11:30:00-05:00,143.5,144.3300018310547,142.7100067138672,142.8000030517578,30638,0.0,0.0
2023-12-05 12:30:00-05:00,142.76730346679688,144.0850067138672,142.27000427246094,143.80499267578125,39930,0.0,0.0
2023-12-05 13:30:00-05:00,143.94000244140625,144.1999969482422,143.1999969482422,143.3804931640625,38384,0.0,0.0
2023-12-05 14:30:00-05:00,143.5,144.0,143.125,143.86500549316406,41480,0.0,0.0
2023-12-05 15:30:00-05:00,143.9199981689453,143.9199981689453,143.32000732421875,143.6699981689453,95203,0.0,0.0
2023-12-06 09:30:00-05:00,144.6699981689453,148.60499572753906,144.6699981689453,146.85060119628906,14828,0.0,0.0
2023-12-06 10:30:00-05:00,146.6199951171875,148.36000061035156,146.61000061035156,148.05999755859375,37379,0.0,0.0
2023-12-06 11:30:00-05:00,147.89999389648438,148.0399932861328,147.0050048828125,147.1750030517578,30124,0.0,0.0
2023-12-06 12:30:00-05:00,147.16000366210938,147.77999877929688,146.9221954345703,147.5399932861328,23656,0.0,0.0
2023-12-06 13:30:00-05:00,147.50999450683594,147.50999450683594,146.7449951171875,147.25,25807,0.0,0.0
2023-12-06 14:30:00-05:00,147.3000030517578,147.53500366210938,145.55999755859375,145.75,28900,0.0,0.0
2023-12-06 15:30:00-05:00,145.66000366210938,146.1199951171875,145.25,145.35000610351562,62362,0.0,0.0
2023-12-07 09:30:00-05:00,145.27000427246094,145.72999572753906,144.1300048828125,144.9600067138672,26463,0.0,0.0
2023-12-07 10:30:00-05:00,145.31039428710938,145.58999633789062,144.42999267578125,145.52999877929688,24685,0.0,0.0
2023-12-07 11:30:00-05:00,145.5399932861328,146.0399932861328,144.0,144.77999877929688,19708,0.0,0.0
2023-12-07 12:30:00-05:00,144.97999572753906,146.2899932861328,144.9499969482422,145.86000061035156,34421,0.0,0.0
2023-12-07 13:30:00-05:00,146.0500030517578,146.47000122070312,145.77000427246094,146.1300048828125,18320,0.0,0.0
2023-12-07 14:30:00-05:00,146.10000610351562,146.7100067138672,145.91000366210938,146.36000061035156,29740,0.0,0.0
2023-12-07 15:30:00-05:00,146.35499572753906,147.08999633789062,146.35000610351562,147.08999633789062,51721,0.0,0.0
2023-12-08 09:30:00-05:00,145.30999755859375,145.5500030517578,142.69000244140625,143.64999389648438,97164,0.0,0.0
2023-12-08 10:30:00-05:00,143.6199951171875,145.1199951171875,142.41000366210938,145.1199951171875,48734,0.0,0.0
2023-12-08 11:30:00-05:00,144.97999572753906,145.9499969482422,144.5,144.97999572753906,51505,0.0,0.0
2023-12-08 12:30:00-05:00,145.11000061035156,146.4600067138672,145.11000061035156,146.27999877929688,30162,0.0,0.0
2023-12-08 13:30:00-05:00,146.3800048828125,146.3800048828125,145.80999755859375,146.17999267578125,26615,0.0,0.0
2023-12-08 14:30:00-05:00,146.11000061035156,146.67999267578125,145.8300018310547,146.35000610351562,31784,0.0,0.0
2023-12-08 15:30:00-05:00,146.22000122070312,146.63999938964844,145.7100067138672,145.72999572753906,79057,0.0,0.0
2023-12-11 09:30:00-05:00,145.5500030517578,146.77999877929688,144.99000549316406,146.1699981689453,14591,0.0,0.0
2023-12-11 10:30:00-05:00,146.14999389648438,146.19500732421875,143.8000030517578,144.98500061035156,36212,0.0,0.0
2023-12-11 11:30:00-05:00,144.77000427246094,145.80999755859375,144.64999389648438,145.4600067138672,16928,0.0,0.0
2023-12-11 12:30:00-05:00,145.47999572753906,146.0399932861328,145.10499572753906,145.27499389648438,18227,0.0,0.0
2023-12-11 13:30:00-05:00,145.2799072265625,145.35000610351562,144.75999450683594,145.35000610351562,16341,0.0,0.0
2023-12-11 14:30:00-05:00,145.46499633789062,145.74000549316406,144.69000244140625,144.69000244140625,20912,0.0,0.0
2023-12-11 15:30:00-05:00,144.8000030517578,145.02000427246094,144.49000549316406,144.8699951171875,60614,0.0,0.0
2023-12-12 09:30:00-05:00,144.74000549316406,145.7418975830078,143.80499267578125,145.58999633789062,22603,0.0,0.0
2023-12-12 10:30:00-05:00,145.52000427246094,145.82000732421875,144.25999450683594,144.40499877929688,30697,0.0,0.0
2023-12-12 11:30:00-05:00,144.48500061035156,146.3699951171875,144.39500427246094,145.84500122070312,26886,0.0,0.0
2023-12-12 12:30:00-05:00,145.75999450683594,146.66000366210938,145.75999450683594,146.07000732421875,17831,0.0,0.0
2023-12-12 13:30:00-05:00,146.41000366210938,147.0500030517578,146.41000366210938,146.9199981689453,16302,0.0,0.0
2023-12-12 14:30:00-05:00,146.9499969482422,147.85000610351562,146.77999877929688,147.8000030517578,24267,0.0,0.0
2023-12-12 15:30:00-05:00,147.80499267578125,148.00999450683594,146.8699951171875,146.8800048828125,60765,0.0,0.0
2023-12-13 09:30:00-05:00,146.7100067138672,147.72000122070312,146.19859313964844,146.30999755859375,14882,0.0,0.0
2023-12-13 10:30:00-05:00,146.31500244140625,146.94000244140625,145.7899932861328,146.10000610351562,16965,0.0,0.0
2023-12-13 11:30:00-05:00,146.10000610351562,146.52999877929688,145.9499969482422,145.97999572753906,14335,0.0,0.0
2023-12-13 12:30:00-05:00,145.8350067138672,146.39999389648438,145.5500030517578,145.5500030517578,11798,0.0,0.0
2023-12-13 13:30:00-05:00,145.6699981689453,147.41000366210938,145.10000610351562,147.41000366210938,65530,0.0,0.0
2023-12-13 14:30:00-05:00,147.5449981689453,151.85000610351562,147.4499969482422,151.5449981689453,81919,0.0,0.0
2023-12-13 15:30:00-05:00,151.5850067138672,152.8300018310547,151.5850067138672,152.25999450683594,113319,0.0,0.0
2023-12-14 09:30:00-05:00,155.8699951171875,167.02999877929688,155.60000610351562,165.77999877929688,139577,0.0,0.0
2023-12-14 10:30:00-05:00,165.77000427246094,167.94000244140625,165.44000244140625,166.73500061035156,78592,0.0,0.0
2023-12-14 11:30:00-05:00,166.52000427246094,169.25999450683594,166.52000427246094,168.5050048828125,58420,0.0,0.0
2023-12-14 12:30:00-05:00,168.3000946044922,169.8000030517578,167.47999572753906,167.5399932861328,46675,0.0,0.0
2023-12-14 13:30:00-05:00,167.64999389648438,169.75999450683594,167.36000061035156,169.75999450683594,167686,0.0,0.0
2023-12-14 14:30:00-05:00,169.5749969482422,171.60499572753906,169.2100067138672,171.19000244140625,108282,0.0,0.0
2023-12-14 15:30:00-05:00,171.13999938964844,171.13999938964844,169.8000030517578,169.8000030517578,291639,0.0,0.0
2023-12-15 09:30:00-05:00,169.64999389648438,170.10499572753906,166.88999938964844,168.44000244140625,79801,0.0,0.0
2023-12-15 10:30:00-05:00,168.3300018310547,169.05999755859375,167.27999877929688,167.69000244140625,56989,0.0,0.0
2023-12-15 11:30:00-05:00,167.75,167.75999450683594,166.59500122070312,166.9600067138672,39450,0.0,0.0
2023-12-15 12:30:00-05:00,166.92999267578125,167.13999938964844,165.6999969482422,166.9499969482422,54283,0.0,0.0
2023-12-15 13:30:00-05:00,166.74000549316406,166.77000427246094,165.0500030517578,165.8000030517578,59604,0.0,0.0
2023-12-15 14:30:00-05:00,165.72999572753906,167.0800018310547,165.5500030517578,166.8000030517578,55586,0.0,0.0
2023-12-15 15:30:00-05:00,166.90499877929688,166.99000549316406,166.22000122070312,166.7899932861328,86990,0.0,0.0
2023-12-18 09:30:00-05:00,167.60000610351562,167.60000610351562,164.25,164.52000427246094,59360,0.0,0.0
2023-12-18 10:30:00-05:00,164.3000030517578,164.94479370117188,163.66000366210938,163.71499633789062,30502,0.0,0.0
2023-12-18 11:30:00-05:00,163.75,163.75,162.05999755859375,162.1699981689453,67766,0.0,0.0
2023-12-18 12:30:00-05:00,162.1649932861328,163.2949981689453,161.58999633789062,162.02000427246094,43762,0.0,0.0
2023-12-18 13:30:00-05:00,162.0749969482422,162.47500610351562,161.47999572753906,162.17999267578125,58596,0.0,0.0
2023-12-18 14:30:00-05:00,162.08999633789062,163.4600067138672,162.05999755859375,163.1300048828125,37003,0.0,0.0
2023-12-18 15:30:00-05:00,163.17999267578125,163.4499969482422,162.47999572753906,163.16000366210938,79498,0.0,0.0
2023-12-19 09:30:00-05:00,162.55999755859375,164.74000549316406,162.19000244140625,164.05999755859375,47145,0.0,0.0
2023-12-19 10:30:00-05:00,164.03500366210938,164.85000610351562,162.97999572753906,163.17999267578125,30872,0.0,0.0
2023-12-19 11:30:00-05:00,163.14999389648438,163.77499389648438,162.6199951171875,163.1300048828125,27934,0.0,0.0
2023-12-19 12:30:00-05:00,163.24000549316406,163.2550048828125,162.23500061035156,162.91000366210938,29337,0.0,0.0
2023-12-19 13:30:00-05:00,162.92999267578125,163.07000732421875,161.61500549316406,161.77000427246094,34153,0.0,0.0
2023-12-19 14:30:00-05:00,161.75,161.98500061035156,161.3699951171875,161.6699981689453,39047,0.0,0.0
2023-12-19 15:30:00-05:00,161.6750030517578,162.61000061035156,161.6750030517578,162.44000244140625,83631,0.0,0.0
2023-12-20 09:30:00-05:00,162.22999572753906,167.39500427246094,161.00999450683594,167.0,99112,0.0,0.0
2023-12-20 10:30:00-05:00,167.0500030517578,168.25999450683594,164.9949951171875,165.77999877929688,47353,0.0,0.0
2023-12-20 11:30:00-05:00,165.7899932861328,166.57000732421875,165.5,166.0500030517578,24138,0.0,0.0
2023-12-20 12:30:00-05:00,166.09500122070312,166.7100067138672,165.39999389648438,165.5399932861328,31016,0.0,0.0
2023-12-20 13:30:00-05:00,165.58999633789062,166.25999450683594,165.5749969482422,166.14500427246094,16273,0.0,0.0
2023-12-20 14:30:00-05:00,166.14999389648438,166.14999389648438,162.85000610351562,163.88999938964844,52885,0.0,0.0
2023-12-20 15:30:00-05:00,164.1199951171875,165.63999938964844,163.22000122070312,163.25,107902,0.0,0.0
2023-12-21 09:30:00-05:00,165.64999389648438,165.64999389648438,163.23500061035156,163.23500061035156,51236,0.0,0.0
2023-12-21 10:30:00-05:00,163.55999755859375,164.2449951171875,162.9199981689453,163.39500427246094,24937,0.0,0.0
2023-12-21 11:30:00-05:00,163.1999969482422,163.47000122070312,162.19000244140625,162.3699951171875,16942,0.0,0.0
2023-12-21 12:30:00-05:00,162.46499633789062,162.72799682617188,161.72000122070312,162.26499938964844,25472,0.0,0.0
2023-12-21 13:30:00-05:00,162.27000427246094,163.27499389648438,162.0500030517578,162.6999969482422,23182,0.0,0.0
2023-12-21 14:30:00-05:00,162.41000366210938,163.19290161132812,162.41000366210938,163.0,31234,0.0,0.0
2023-12-21 15:30:00-05:00,163.1199951171875,163.21499633789062,162.24000549316406,162.3000030517578,89919,0.0,0.0
2023-12-22 09:30:00-05:00,162.77000427246094,164.35000610351562,161.3800048828125,163.35000610351562,49061,0.0,0.0
2023-12-22 10:30:00-05:00,163.39500427246094,163.7375030517578,162.99209594726562,163.5,35642,0.0,0.0
2023-12-22 11:30:00-05:00,163.3300018310547,163.5500030517578,162.52000427246094,163.5500030517578,22772,0.0,0.0
2023-12-22 12:30:00-05:00,163.5749969482422,164.19500732421875,163.24000549316406,164.19500732421875,17641,0.0,0.0
2023-12-22 13:30:00-05:00,164.08999633789062,164.8300018310547,163.8800048828125,164.1999969482422,36252,0.0,0.0
2023-12-22 14:30:00-05:00,163.83999633789062,165.55999755859375,163.77499389648438,164.9499969482422,30755,0.0,0.0
2023-12-22 15:30:00-05:00,164.88999938964844,164.92999267578125,163.99000549316406,164.13999938964844,42853,0.0,0.0
2023-12-26 09:30:00-05:00,164.97000122070312,166.27000427246094,163.8699951171875,165.32000732421875,21277,0.0,0.0
2023-12-26 10:30:00-05:00,165.61000061035156,166.08999633789062,165.2899932861328,166.07000732421875,19015,0.0,0.0
2023-12-26 11:30:00-05:00,165.9250030517578,166.58999633789062,165.72000122070312,166.5,18236,0.0,0.0
2023-12-26 12:30:00-05:00,166.3000030517578,166.60000610351562,165.8699951171875,166.40499877929688,11389,0.0,0.0
2023-12-26 13:30:00-05:00,166.61000061035156,166.9499969482422,166.36000061035156,166.84500122070312,17858,0.0,0.0
2023-12-26 14:30:00-05:00,166.85499572753906,167.02999877929688,166.44000244140625,166.44000244140625,27484,0.0,0.0
2023-12-26 15:30:00-05:00,166.35000610351562,166.35000610351562,165.16000366210938,165.27999877929688,52050,0.0,0.0
2023-12-27 09:30:00-05:00,165.5399932861328,167.0399932861328,165.52999877929688,165.81619262695312,16358,0.0,0.0
2023-12-27 10:30:00-05:00,165.9207000732422,165.9207000732422,164.99000549316406,164.99000549316406,45909,0.0,0.0
2023-12-27 11:30:00-05:00,165.01499938964844,165.92999267578125,164.94000244140625,165.00999450683594,33706,0.0,0.0
2023-12-27 12:30:00-05:00,164.8800048828125,166.57000732421875,164.61000061035156,165.9550018310547,24964,0.0,0.0
2023-12-27 13:30:00-05:00,165.9949951171875,166.00999450683594,164.94000244140625,165.77999877929688,32264,0.0,0.0
2023-12-27 14:30:00-05:00,165.60000610351562,165.75999450683594,164.625,164.99000549316406,35574,0.0,0.0
2023-12-27 15:30:00-05:00,164.92999267578125,165.39999389648438,164.7899932861328,165.1999969482422,45577,0.0,0.0
2023-12-28 09:30:00-05:00,164.63999938964844,166.13499450683594,164.63999938964844,165.77499389648438,11788,0.0,0.0
2023-12-28 10:30:00-05:00,165.89999389648438,165.89999389648438,164.6750030517578,165.32000732421875,9337,0.0,0.0
2023-12-28 11:30:00-05:00,165.08999633789062,165.27999877929688,164.67999267578125,164.8699951171875,11083,0.0,0.0
2023-12-28 12:30:00-05:00,165.04649353027344,165.04649353027344,164.27000427246094,164.71499633789062,13175,0.0,0.0
2023-12-28 13:30:00-05:00,164.9600067138672,165.34500122070312,164.82000732421875,165.2899932861328,13575,0.0,0.0
2023-12-28 14:30:00-05:00,165.1699981689453,165.3300018310547,164.1999969482422,164.38999938964844,32117,0.0,0.0
2023-12-28 15:30:00-05:00,164.3300018310547,164.7100067138672,164.0,164.13999938964844,46460,0.0,0.0
2023-12-29 09:30:00-05:00,163.24000549316406,164.85000610351562,162.75999450683594,163.75999450683594,22947,0.0,0.0
2023-12-29 10:30:00-05:00,163.77999877929688,163.77999877929688,162.61000061035156,163.0399932861328,18361,0.0,0.0
2023-12-29 11:30:00-05:00,162.9199981689453,163.3350067138672,162.3699951171875,162.3699951171875,20575,0.0,0.0
2023-12-29 12:30:00-05:00,162.3000030517578,163.3699951171875,162.27000427246094,162.89999389648438,13414,0.0,0.0
2023-12-29 13:30:00-05:00,162.99000549316406,163.4149932861328,162.94000244140625,163.00999450683594,17734,0.0,0.0
2023-12-29 14:30:00-05:00,163.0,163.75999450683594,162.97999572753906,163.27999877929688,21352,0.0,0.0
2023-12-29 15:30:00-05:00,163.31500244140625,163.3699951171875,162.41000366210938,162.63999938964844,38227,0.0,0.0
2024-01-02 09:30:00-05:00,160.52999877929688,162.4600067138672,159.9040069580078,161.66000366210938,22162,0.0,0.0
2024-01-02 10:30:00-05:00,161.3000030517578,161.61000061035156,160.4600067138672,160.97000122070312,32811,0.0,0.0
2024-01-02 11:30:00-05:00,160.77999877929688,161.75999450683594,160.44000244140625,161.22000122070312,27260,0.0,0.0
2024-01-02 12:30:00-05:00,161.08999633789062,161.67999267578125,160.52000427246094,160.69000244140625,22223,0.0,0.0
2024-01-02 13:30:00-05:00,160.52000427246094,160.89999389648438,160.3699951171875,160.5850067138672,23103,0.0,0.0
2024-01-02 14:30:00-05:00,160.4499969482422,160.4499969482422,159.6199951171875,160.14999389648438,38692,0.0,0.0
2024-01-02 15:30:00-05:00,160.2100067138672,160.9199981689453,159.99000549316406,160.80999755859375,51834,0.0,0.0
2024-01-03 09:30:00-05:00,156.22999572753906,157.2050018310547,155.02000427246094,155.97000122070312,48576,0.0,0.0
2024-01-03 10:30:00-05:00,155.64999389648438,156.3699951171875,154.9600067138672,156.11000061035156,59020,0.0,0.0
2024-01-03 11:30:00-05:00,156.05999755859375,156.5417022705078,155.9199981689453,156.50999450683594,31545,0.0,0.0
2024-01-03 12:30:00-05:00,156.52499389648438,157.52000427246094,156.1699981689453,156.77000427246094,26443,0.0,0.0
2024-01-03 13:30:00-05:00,156.77000427246094,156.9199981689453,155.6999969482422,156.9199981689453,38608,0.0,0.0
2024-01-03 14:30:00-05:00,157.01499938964844,157.3350067138672,155.49000549316406,155.7899932861328,54473,0.0,0.0
2024-01-03 15:30:00-05:00,155.8800048828125,156.39999389648438,154.8300018310547,155.02000427246094,123317,0.0,0.0
2024-01-04 09:30:00-05:00,155.13999938964844,155.13999938964844,153.4199981689453,154.5,34779,0.0,0.0
2024-01-04 10:30:00-05:00,154.55999755859375,155.1300048828125,153.72999572753906,154.47000122070312,42581,0.0,0.0
2024-01-04 11:30:00-05:00,154.22999572753906,154.4250030517578,153.58999633789062,153.97999572753906,28136,0.0,0.0
2024-01-04 12:30:00-05:00,154.0,154.19000244140625,153.5449981689453,153.7899932861328,23502,0.0,0.0
2024-01-04 13:30:00-05:00,153.8350067138672,153.86000061035156,152.78500366210938,153.00999450683594,28906,0.0,0.0
2024-01-04 14:30:00-05:00,152.94000244140625,153.67999267578125,152.27499389648438,152.8699951171875,35396,0.0,0.0
2024-01-04 15:30:00-05:00,152.9199981689453,153.3000030517578,152.27000427246094,152.75,67597,0.0,0.0
2024-01-05 09:30:00-05:00,151.5500030517578,155.25999450683594,151.5500030517578,154.86500549316406,36232,0.0,0.0
2024-01-05 10:30:00-05:00,154.77000427246094,155.02000427246094,154.11500549316406,154.11500549316406,24413,0.0,0.0
2024-01-05 11:30:00-05:00,154.22000122070312,154.52000427246094,153.0,153.55999755859375,21958,0.0,0.0
2024-01-05 12:30:00-05:00,153.57000732421875,154.60000610351562,153.55499267578125,154.60000610351562,13412,0.0,0.0
2024-01-05 13:30:00-05:00,154.86000061035156,155.11000061035156,154.38499450683594,154.8800048828125,33580,0.0,0.0
2024-01-05 14:30:00-05:00,154.86000061035156,154.86500549316406,153.14999389648438,153.30099487304688,30336,0.0,0.0
2024-01-05 15:30:00-05:00,153.13999938964844,153.71499633789062,152.64999389648438,152.66000366210938,47751,0.0,0.0
2024-01-08 09:30:00-05:00,151.13999938964844,153.8300018310547,151.13999938964844,153.5,28488,0.0,0.0
2024-01-08 10:30:00-05:00,153.6300048828125,154.03500366210938,153.25999450683594,153.25999450683594,20992,0.0,0.0
2024-01-08 11:30:00-05:00,153.6199951171875,154.5399932861328,153.4199981689453,153.5800018310547,21304,0.0,0.0
2024-01-08 12:30:00-05:00,153.4499969482422,154.2550048828125,153.4499969482422,154.09500122070312,10844,0.0,0.0
2024-01-08 13:30:00-05:00,154.1199951171875,154.49200439453125,153.94700622558594,153.99000549316406,14579,0.0,0.0
2024-01-08 14:30:00-05:00,154.3249969482422,154.49000549316406,153.7100067138672,153.76499938964844,35406,0.0,0.0
2024-01-08 15:30:00-05:00,153.60000610351562,154.49000549316406,153.39999389648438,154.47000122070312,65108,0.0,0.0
2024-01-09 09:30:00-05:00,152.16000366210938,153.49000549316406,151.88999938964844,153.35000610351562,10018,0.0,0.0
2024-01-09 10:30:00-05:00,153.52000427246094,154.11000061035156,153.3699951171875,153.7050018310547,11731,0.0,0.0
2024-01-09 11:30:00-05:00,154.14500427246094,154.57000732421875,153.80499267578125,153.80499267578125,14412,0.0,0.0
2024-01-09 12:30:00-05:00,153.80999755859375,154.22500610351562,153.5399932861328,153.5399932861328,13124,0.0,0.0
2024-01-09 13:30:00-05:00,153.4499969482422,154.0500030517578,153.4499969482422,153.72999572753906,8496,0.0,0.0
2024-01-09 14:30:00-05:00,153.55999755859375,153.75,153.30499267578125,153.5800018310547,12769,0.0,0.0
2024-01-09 15:30:00-05:00,153.38999938964844,154.1300048828125,153.16000366210938,153.82000732421875,48157,0.0,0.0
2024-01-10 09:30:00-05:00,154.32000732421875,154.67999267578125,152.5800018310547,153.60000610351562,8439,0.0,0.0
2024-01-10 10:30:00-05:00,153.61000061035156,154.35000610351562,153.19000244140625,153.24000549316406,30219,0.0,0.0
2024-01-10 11:30:00-05:00,153.24000549316406,153.96249389648438,153.1699981689453,153.96249389648438,25076,0.0,0.0
2024-01-10 12:30:00-05:00,153.99000549316406,154.1999969482422,153.5,153.67999267578125,12682,0.0,0.0
2024-01-10 13:30:00-05:00,153.93499755859375,154.78500366210938,153.75,154.7550048828125,12754,0.0,0.0
2024-01-10 14:30:00-05:00,154.75999450683594,155.2899932861328,154.38999938964844,154.96499633789062,38113,0.0,0.0
2024-01-10 15:30:00-05:00,154.86000061035156,155.4600067138672,154.7100067138672,155.41000366210938,38479,0.0,0.0
2024-01-11 09:30:00-05:00,154.97999572753906,155.5800018310547,153.6199951171875,154.86500549316406,42405,0.0,0.0
2024-01-11 10:30:00-05:00,155.19000244140625,155.2100067138672,154.0,154.3800048828125,29173,0.0,0.0
2024-01-11 11:30:00-05:00,154.35499572753906,155.49000549316406,154.18319702148438,155.3699951171875,69793,0.0,0.0
2024-01-11 12:30:00-05:00,155.34500122070312,156.94500732421875,155.34500122070312,156.39999389648438,16177,0.0,0.0
2024-01-11 13:30:00-05:00,156.39999389648438,156.92999267578125,156.0,156.8300018310547,27138,0.0,0.0
2024-01-11 14:30:00-05:00,156.7899932861328,157.1699981689453,156.31500244140625,157.1699981689453,23342,0.0,0.0
2024-01-11 15:30:00-05:00,157.2100067138672,157.91000366210938,157.2100067138672,157.75999450683594,58919,0.0,0.0
2024-01-12 09:30:00-05:00,159.4600067138672,160.60000610351562,158.3000030517578,158.57000732421875,28990,0.0,0.0
2024-01-12 10:30:00-05:00,158.72000122070312,158.86000061035156,156.5601043701172,158.52000427246094,30007,0.0,0.0
2024-01-12 11:30:00-05:00,158.36000061035156,158.44000244140625,157.08999633789062,157.375,61773,0.0,0.0
2024-01-12 12:30:00-05:00,157.30499267578125,157.7100067138672,157.13999938964844,157.41000366210938,20483,0.0,0.0
2024-01-12 13:30:00-05:00,157.5500030517578,157.60000610351562,157.27999877929688,157.35499572753906,15426,0.0,0.0
2024-01-12 14:30:00-05:00,157.28500366210938,157.3000030517578,156.22000122070312,156.5319061279297,17219,0.0,0.0
2024-01-12 15:30:00-05:00,156.6750030517578,157.07000732421875,156.35499572753906,156.8000030517578,27500,0.0,0.0
2024-01-16 09:30:00-05:00,154.75,156.85000610351562,153.85000610351562,156.60499572753906,34292,0.0,0.0
2024-01-16 10:30:00-05:00,156.60499572753906,157.25,155.91000366210938,156.19000244140625,27514,0.0,0.0
2024-01-16 11:30:00-05:00,156.22000122070312,156.2949981689453,155.2899932861328,155.4499969482422,26623,0.0,0.0
2024-01-16 12:30:00-05:00,155.2949981689453,156.32000732421875,155.1999969482422,156.02999877929688,22836,0.0,0.0
2024-01-16 13:30:00-05:00,156.13999938964844,156.22500610351562,154.5800018310547,154.6199951171875,25717,0.0,0.0
2024-01-16 14:30:00-05:00,154.63999938964844,155.01499938964844,154.22999572753906,154.75999450683594,38958,0.0,0.0
2024-01-16 15:30:00-05:00,154.80999755859375,155.4250030517578,154.3249969482422,155.25,68492,0.0,0.0
2024-01-17 09:30:00-05:00,153.17999267578125,155.10000610351562,152.63999938964844,154.05999755859375,35165,0.0,0.0
2024-01-17 10:30:00-05:00,153.6999969482422,153.9600067138672,152.5500030517578,152.9499969482422,30914,0.0,0.0
2024-01-17 11:30:00-05:00,152.75,153.17999267578125,152.50999450683594,152.64500427246094,26603,0.0,0.0
2024-01-17 12:30:00-05:00,152.64500427246094,153.0399932861328,152.39500427246094,152.61500549316406,22245,0.0,0.0
2024-01-17 13:30:00-05:00,152.60499572753906,153.4199981689453,152.31500244140625,153.33999633789062,23283,0.0,0.0
2024-01-17 14:30:00-05:00,153.41000366210938,153.60000610351562,153.05999755859375,153.5,31603,0.0,0.0
2024-01-17 15:30:00-05:00,153.50999450683594,154.36000061035156,153.27999877929688,153.77000427246094,62736,0.0,0.0
2024-01-18 09:30:00-05:00,155.60000610351562,157.13999938964844,154.4199981689453,156.72500610351562,26103,0.0,0.0
2024-01-18 10:30:00-05:00,156.75,157.91000366210938,156.6999969482422,157.25999450683594,34404,0.0,0.0
2024-01-18 11:30:00-05:00,157.27000427246094,157.38999938964844,155.33999633789062,155.75,21422,0.0,0.0
2024-01-18 12:30:00-05:00,155.69000244140625,155.83999633789062,154.75,155.25,20194,0.0,0.0
2024-01-18 13:30:00-05:00,155.22500610351562,156.3000030517578,155.22500610351562,156.2100067138672,23418,0.0,0.0
2024-01-18 14:30:00-05:00,156.22000122070312,157.59500122070312,156.22000122070312,157.52000427246094,29707,0.0,0.0
2024-01-18 15:30:00-05:00,157.67999267578125,158.44000244140625,157.4199981689453,158.4199981689453,76810,0.0,0.0
2024-01-19 09:30:00-05:00,158.27000427246094,158.7050018310547,157.0399932861328,157.72500610351562,17297,0.0,0.0
2024-01-19 10:30:00-05:00,157.73500061035156,157.8300018310547,157.02999877929688,157.52999877929688,40461,0.0,0.0
2024-01-19 11:30:00-05:00,157.52999877929688,157.56500244140625,156.8074951171875,157.55499267578125,25981,0.0,0.0
2024-01-19 12:30:00-05:00,157.36000061035156,157.47999572753906,156.83999633789062,157.0050048828125,28089,0.0,0.0
2024-01-19 13:30:00-05:00,157.13999938964844,159.77000427246094,157.0,159.69000244140625,32886,0.0,0.0
2024-01-19 14:30:00-05:00,159.86000061035156,159.88999938964844,158.75,159.25,34675,0.0,0.0
2024-01-19 15:30:00-05:00,159.23500061035156,159.63999938964844,158.82000732421875,159.57000732421875,48647,0.0,0.0
2024-01-22 09:30:00-05:00,160.6999969482422,163.36500549316406,160.6999969482422,162.8350067138672,12408,0.0,0.0
2024-01-22 10:30:00-05:00,162.8350067138672,163.07000732421875,161.82000732421875,162.17999267578125,20435,0.0,0.0
2024-01-22 11:30:00-05:00,162.3300018310547,162.3699951171875,161.5,161.87710571289062,24570,0.0,0.0
2024-01-22 12:30:00-05:00,161.7550048828125,162.02999877929688,161.6649932861328,161.68499755859375,13936,0.0,0.0
2024-01-22 13:30:00-05:00,161.80999755859375,162.27999877929688,161.80999755859375,162.01499938964844,11754,0.0,0.0
2024-01-22 14:30:00-05:00,162.16000366210938,162.93499755859375,161.97999572753906,162.9199981689453,20302,0.0,0.0
2024-01-22 15:30:00-05:00,163.0,163.1699981689453,162.72999572753906,162.7899932861328,36984,0.0,0.0
2024-01-23 09:30:00-05:00,163.9600067138672,163.9600067138672,158.91000366210938,158.91000366210938,16513,0.0,0.0
2024-01-23 10:30:00-05:00,158.81500244140625,159.0,157.0,158.1300048828125,32669,0.0,0.0
2024-01-23 11:30:00-05:00,158.27000427246094,158.36000061035156,157.625,157.75999450683594,16539,0.0,0.0
2024-01-23 12:30:00-05:00,157.7449951171875,157.7449951171875,157.26499938964844,157.26499938964844,19179,0.0,0.0
2024-01-23 13:30:00-05:00,157.02999877929688,157.36000061035156,156.8350067138672,157.18099975585938,25516,0.0,0.0
2024-01-23 14:30:00-05:00,157.17999267578125,157.97999572753906,156.97999572753906,157.92999267578125,36043,0.0,0.0
2024-01-23 15:30:00-05:00,158.08999633789062,158.1909942626953,157.38999938964844,157.5399932861328,49987,0.0,0.0
2024-01-24 09:30:00-05:00,159.25,159.25,154.38999938964844,155.375,18698,0.0,0.0
2024-01-24 10:30:00-05:00,154.97999572753906,155.88999938964844,154.38499450683594,154.93499755859375,25592,0.0,0.0
2024-01-24 11:30:00-05:00,154.85499572753906,155.75999450683594,154.8524932861328,155.5399932861328,16044,0.0,0.0
2024-01-24 12:30:00-05:00,155.64999389648438,155.85000610351562,154.75,154.75,20232,0.0,0.0
2024-01-24 13:30:00-05:00,154.58999633789062,154.58999633789062,153.46499633789062,153.6999969482422,22459,0.0,0.0
2024-01-24 14:30:00-05:00,153.89999389648438,154.33990478515625,153.60499572753906,153.72999572753906,19427,0.0,0.0
2024-01-24 15:30:00-05:00,153.72999572753906,154.7100067138672,153.72999572753906,154.17999267578125,62588,0.0,0.0
2024-01-25 09:30:00-05:00,156.4499969482422,157.6199951171875,155.50999450683594,157.6199951171875,24022,0.0,0.0
2024-01-25 10:30:00-05:00,157.41000366210938,157.41000366210938,155.89999389648438,156.2449951171875,13162,0.0,0.0
2024-01-25 11:30:00-05:00,156.39999389648438,156.61000061035156,155.5399932861328,156.10000610351562,14501,0.0,0.0
2024-01-25 12:30:00-05:00,155.99949645996094,156.15499877929688,155.66000366210938,155.94000244140625,15287,0.0,0.0
2024-01-25 13:30:00-05:00,155.8800048828125,156.16000366210938,155.31500244140625,155.64999389648438,19977,0.0,0.0
2024-01-25 14:30:00-05:00,155.69000244140625,155.8000030517578,154.5800018310547,154.5800018310547,39559,0.0,0.0
2024-01-25 15:30:00-05:00,154.60000610351562,155.89999389648438,154.52999877929688,155.8300018310547,84150,0.0,0.0
2024-01-26 09:30:00-05:00,156.9199981689453,157.8800048828125,155.52000427246094,157.10499572753906,9757,0.0,0.0
2024-01-26 10:30:00-05:00,157.0850067138672,157.5399932861328,157.0,157.3699951171875,12222,0.0,0.0
2024-01-26 11:30:00-05:00,157.42999267578125,157.42999267578125,156.94000244140625,157.27000427246094,8271,0.0,0.0
2024-01-26 12:30:00-05:00,157.3350067138672,157.33999633789062,156.1199951171875,156.5500030517578,17114,0.0,0.0
2024-01-26 13:30:00-05:00,156.52000427246094,156.80999755859375,156.07000732421875,156.6300048828125,24303,0.0,0.0
2024-01-26 14:30:00-05:00,156.875,157.1999969482422,156.4600067138672,156.4600067138672,19350,0.0,0.0
2024-01-26 15:30:00-05:00,156.4199981689453,156.89500427246094,156.25999450683594,156.83999633789062,30505,0.0,0.0
2024-01-29 09:30:00-05:00,156.97000122070312,158.27499389648438,155.6699981689453,157.76499938964844,38155,0.0,0.0
2024-01-29 10:30:00-05:00,157.77000427246094,158.48500061035156,157.30499267578125,157.30499267578125,23357,0.0,0.0
2024-01-29 11:30:00-05:00,157.28050231933594,157.7550048828125,156.38999938964844,157.64500427246094,22872,0.0,0.0
2024-01-29 12:30:00-05:00,157.6199951171875,158.30499267578125,157.6199951171875,158.28500366210938,20134,0.0,0.0
2024-01-29 13:30:00-05:00,158.38999938964844,158.9600067138672,157.94000244140625,158.9600067138672,20810,0.0,0.0
2024-01-29 14:30:00-05:00,158.97500610351562,160.2899932861328,158.39999389648438,160.03500366210938,36195,0.0,0.0
2024-01-29 15:30:00-05:00,159.94500732421875,159.9499969482422,158.52999877929688,158.8000030517578,96906,0.0,0.0
2024-01-30 09:30:00-05:00,158.33999633789062,160.51499938964844,158.33999633789062,159.0,10482,0.0,0.0
2024-01-30 10:30:00-05:00,158.5749969482422,158.5749969482422,157.9499969482422,158.22000122070312,14828,0.0,0.0
2024-01-30 11:30:00-05:00,158.2050018310547,158.625,158.0850067138672,158.4600067138672,14083,0.0,0.0
2024-01-30 12:30:00-05:00,158.4949951171875,158.4949951171875,157.75999450683594,158.22000122070312,8822,0.0,0.0
2024-01-30 13:30:00-05:00,158.32000732421875,158.69000244140625,157.75999450683594,158.66000366210938,15931,0.0,0.0
2024-01-30 14:30:00-05:00,158.69000244140625,158.89999389648438,158.22999572753906,158.4600067138672,21810,0.0,0.0
2024-01-30 15:30:00-05:00,158.3699951171875,158.49000549316406,157.97000122070312,157.97999572753906,35765,0.0,0.0
2024-01-31 09:30:00-05:00,157.38999938964844,158.52999877929688,157.38999938964844,157.91140747070312,14533,0.0,0.0
2024-01-31 10:30:00-05:00,157.94500732421875,158.8800048828125,157.24000549316406,158.82000732421875,23943,0.0,0.0
2024-01-31 11:30:00-05:00,158.44000244140625,158.52999877929688,157.6300048828125,158.52999877929688,11994,0.0,0.0
2024-01-31 12:30:00-05:00,158.44000244140625,158.69500732421875,158.22000122070312,158.3249969482422,11905,0.0,0.0
2024-01-31 13:30:00-05:00,158.34500122070312,158.5800018310547,156.69500732421875,157.07000732421875,17705,0.0,0.0
2024-01-31 14:30:00-05:00,157.1199951171875,159.36500549316406,155.89999389648438,156.10000610351562,23587,0.0,0.0
2024-01-31 15:30:00-05:00,155.92999267578125,155.92999267578125,154.2899932861328,154.6199951171875,40586,0.0,0.0
2024-02-01 09:30:00-05:00,156.8000030517578,157.07000732421875,155.4600067138672,155.64500427246094,15002,0.0,0.0
2024-02-01 10:30:00-05:00,155.89999389648438,156.2550048828125,154.60000610351562,155.2100067138672,17036,0.0,0.0
2024-02-01 11:30:00-05:00,155.27999877929688,157.3000030517578,155.27999877929688,156.24000549316406,21878,0.0,0.0
2024-02-01 12:30:00-05:00,156.49000549316406,157.86500549316406,156.39999389648438,156.89999389648438,12407,0.0,0.0
2024-02-01 13:30:00-05:00,156.9499969482422,157.38999938964844,156.5050048828125,157.3300018310547,13722,0.0,0.0
2024-02-01 14:30:00-05:00,157.38999938964844,159.02999877929688,157.0,159.02999877929688,27173,0.0,0.0
2024-02-01 15:30:00-05:00,159.05499267578125,159.22000122070312,158.66000366210938,159.08999633789062,37663,0.0,0.0
2024-02-02 09:30:00-05:00,156.8800048828125,156.9499969482422,155.0399932861328,156.25999450683594,19422,0.0,0.0
2024-02-02 10:30:00-05:00,156.49000549316406,158.27000427246094,156.2899932861328,158.27000427246094,21105,0.0,0.0
2024-02-02 11:30:00-05:00,158.27999877929688,158.7899932861328,157.3800048828125,158.6300048828125,26816,0.0,0.0
2024-02-02 12:30:00-05:00,158.3800048828125,158.63999938964844,157.53500366210938,158.25,18711,0.0,0.0
2024-02-02 13:30:00-05:00,158.13009643554688,159.97999572753906,158.13009643554688,159.40499877929688,21283,0.0,0.0
2024-02-02 14:30:00-05:00,159.47999572753906,160.0800018310547,159.14500427246094,159.66000366210938,25905,0.0,0.0
2024-02-02 15:30:00-05:00,159.6649932861328,159.6649932861328,158.13999938964844,158.13999938964844,80378,0.0,0.0
2024-02-05 09:30:00-05:00,155.63999938964844,155.63999938964844,150.07000732421875,150.46499633789062,75590,0.0,0.0
2024-02-05 10:30:00-05:00,150.30999755859375,150.38999938964844,148.61000061035156,149.7449951171875,61760,0.0,0.0
2024-02-05 11:30:00-05:00,149.77499389648438,149.8699951171875,148.47999572753906,149.02000427246094,71817,0.0,0.0
2024-02-05 12:30:00-05:00,149.1199951171875,150.1199951171875,149.07000732421875,149.55999755859375,45411,0.0,0.0
2024-02-05 13:30:00-05:00,149.47000122070312,149.89999389648438,148.1199951171875,148.38999938964844,48733,0.0,0.0
2024-02-05 14:30:00-05:00,148.3699951171875,150.05999755859375,148.0500030517578,149.41000366210938,76209,0.0,0.0
2024-02-05 15:30:00-05:00,149.41000366210938,150.1199951171875,148.82000732421875,150.05999755859375,119307,0.0,0.0
2024-02-06 09:30:00-05:00,150.1699981689453,152.58999633789062,150.1699981689453,152.50999450683594,17099,0.0,0.0
2024-02-06 10:30:00-05:00,152.69000244140625,153.28500366210938,152.55999755859375,152.9499969482422,23379,0.0,0.0
2024-02-06 11:30:00-05:00,153.23500061035156,153.77499389648438,153.18499755859375,153.77499389648438,24537,0.0,0.0
2024-02-06 12:30:00-05:00,153.55999755859375,154.29200744628906,153.55999755859375,153.99000549316406,18977,0.0,0.0
2024-02-06 13:30:00-05:00,154.02999877929688,154.66000366210938,153.80999755859375,154.02999877929688,17352,0.0,0.0
2024-02-06 14:30:00-05:00,153.9250030517578,155.30990600585938,153.52000427246094,155.0800018310547,23732,0.0,0.0
2024-02-06 15:30:00-05:00,155.02999877929688,155.4499969482422,154.54400634765625,154.89999389648438,70397,0.0,0.0
2024-02-07 09:30:00-05:00,156.08999633789062,156.58999633789062,154.8800048828125,156.58999633789062,18622,0.0,0.0
2024-02-07 10:30:00-05:00,156.99000549316406,157.9199981689453,156.81500244140625,157.2100067138672,18812,0.0,0.0
2024-02-07 11:30:00-05:00,157.24000549316406,157.5500030517578,156.3699951171875,157.42999267578125,15118,0.0,0.0
2024-02-07 12:30:00-05:00,157.58999633789062,159.16000366210938,157.58999633789062,158.72999572753906,15170,0.0,0.0
2024-02-07 13:30:00-05:00,158.80999755859375,158.85000610351562,157.97500610351562,158.5399932861328,12064,0.0,0.0
2024-02-07 14:30:00-05:00,158.3300018310547,158.85000610351562,158.22000122070312,158.6750030517578,23829,0.0,0.0
2024-02-07 15:30:00-05:00,158.5399932861328,158.5399932861328,157.35000610351562,157.35000610351562,42985,0.0,0.0
2024-02-08 09:30:00-05:00,158.42999267578125,159.8249969482422,157.13999938964844,159.8249969482422,17397,0.0,0.0
2024-02-08 10:30:00-05:00,159.68499755859375,160.10000610351562,158.84500122070312,159.3300018310547,26389,0.0,0.0
2024-02-08 11:30:00-05:00,159.0500030517578,159.52000427246094,158.42999267578125,159.46499633789062,18372,0.0,0.0
2024-02-08 12:30:00-05:00,159.47000122070312,159.97999572753906,159.0500030517578,159.9199981689453,15147,0.0,0.0
2024-02-08 13:30:00-05:00,159.9774932861328,160.41000366210938,159.71749877929688,160.2050018310547,17441,0.0,0.0
2024-02-08 14:30:00-05:00,160.27999877929688,160.75999450683594,160.08999633789062,160.08999633789062,27648,0.0,0.0
2024-02-08 15:30:00-05:00,160.0063018798828,161.17999267578125,160.0063018798828,160.77999877929688,60838,0.0,0.0
2024-02-09 09:30:00-05:00,160.22000122070312,161.63999938964844,159.8699951171875,160.09500122070312,19865,0.0,0.0
2024-02-09 10:30:00-05:00,160.38999938964844,160.82000732421875,159.41000366210938,159.41000366210938,17961,0.0,0.0
2024-02-09 11:30:00-05:00,159.1699981689453,160.11090087890625,159.1699981689453,159.9499969482422,15133,0.0,0.0
2024-02-09 12:30:00-05:00,160.11000061035156,160.57000732421875,159.8000030517578,160.0601043701172,20965,0.0,0.0
2024-02-09 13:30:00-05:00,160.42999267578125,160.67990112304688,159.88999938964844,160.2899932861328,24974,0.0,0.0
2024-02-09 14:30:00-05:00,160.38999938964844,160.5449981689453,159.82000732421875,160.4600067138672,45567,0.0,0.0
2024-02-09 15:30:00-05:00,160.46499633789062,160.97500610351562,160.281005859375,160.6999969482422,58918,0.0,0.0
2024-02-12 09:30:00-05:00,160.77999877929688,161.88999938964844,160.77999877929688,161.24000549316406,19059,0.0,0.0
2024-02-12 10:30:00-05:00,161.27000427246094,162.39999389648438,161.26499938964844,162.30999755859375,30033,0.0,0.0
2024-02-12 11:30:00-05:00,162.36599731445312,162.77000427246094,161.64999389648438,161.8300018310547,32172,0.0,0.0
2024-02-12 12:30:00-05:00,161.80999755859375,162.52999877929688,161.69000244140625,162.0,33236,0.0,0.0
2024-02-12 13:30:00-05:00,161.94000244140625,162.2449951171875,161.27000427246094,162.2449951171875,40363,0.0,0.0
2024-02-12 14:30:00-05:00,162.4199981689453,162.88499450683594,162.1999969482422,162.39999389648438,28283,0.0,0.0
2024-02-12 15:30:00-05:00,162.33299255371094,163.38900756835938,162.30999755859375,163.1199951171875,55532,0.0,0.0
2024-02-13 09:30:00-05:00,155.94000244140625,156.8699951171875,153.5800018310547,155.5449981689453,45975,0.0,0.0
2024-02-13 10:30:00-05:00,155.74000549316406,157.24000549316406,155.07000732421875,157.14999389648438,60377,0.0,0.0
2024-02-13 11:30:00-05:00,157.14999389648438,157.88999938964844,156.6300048828125,156.6300048828125,31258,0.0,0.0
2024-02-13 12:30:00-05:00,156.5,157.11000061035156,155.89999389648438,156.0500030517578,38061,0.0,0.0
2024-02-13 13:30:00-05:00,156.02999877929688,156.0500030517578,154.57000732421875,154.77999877929688,40809,0.0,0.0
2024-02-13 14:30:00-05:00,154.67999267578125,154.99000549316406,152.97999572753906,153.69000244140625,72813,0.0,0.0
2024-02-13 15:30:00-05:00,153.72000122070312,154.3699951171875,153.56500244140625,153.8699951171875,113332,0.0,0.0
2024-02-14 09:30:00-05:00,161.7899932861328,166.35000610351562,155.0,159.8000030517578,177752,0.0,0.0
2024-02-14 10:30:00-05:00,160.10499572753906,161.25,155.80999755859375,160.88999938964844,109150,0.0,0.0
2024-02-14 11:30:00-05:00,160.5399932861328,162.39999389648438,159.58999633789062,162.39999389648438,51450,0.0,0.0
2024-02-14 12:30:00-05:00,162.8300018310547,164.16000366210938,162.57009887695312,163.5500030517578,45458,0.0,0.0
2024-02-14 13:30:00-05:00,163.67999267578125,166.97999572753906,163.67999267578125,165.7100067138672,72850,0.0,0.0
2024-02-14 14:30:00-05:00,165.94000244140625,168.97999572753906,165.94000244140625,168.72000122070312,81269,0.0,0.0
2024-02-14 15:30:00-05:00,168.6699981689453,168.6925048828125,166.2550048828125,167.1300048828125,130056,0.0,0.0
2024-02-15 09:30:00-05:00,169.25,169.31500244140625,166.5,167.60499572753906,72848,0.0,0.0
2024-02-15 10:30:00-05:00,167.4499969482422,167.98500061035156,165.64999389648438,167.22000122070312,53897,0.0,0.0
2024-02-15 11:30:00-05:00,167.07000732421875,169.97999572753906,166.86000061035156,169.52999877929688,63027,0.0,0.0
2024-02-15 12:30:00-05:00,169.30999755859375,169.99000549316406,168.4344024658203,169.8800048828125,55647,0.0,0.0
2024-02-15 13:30:00-05:00,169.74000549316406,170.07000732421875,168.22250366210938,168.49000549316406,56791,0.0,0.0
2024-02-15 14:30:00-05:00,168.27499389648438,168.69000244140625,166.1999969482422,167.50999450683594,65585,0.0,0.0
2024-02-15 15:30:00-05:00,167.49000549316406,168.3350067138672,167.27000427246094,168.24000549316406,84850,0.0,0.0
2024-02-16 09:30:00-05:00,165.49000549316406,166.67999267578125,164.0399932861328,166.33779907226562,73097,0.0,0.0
2024-02-16 10:30:00-05:00,166.52999877929688,167.3000030517578,165.64010620117188,166.375,59042,0.0,0.0
2024-02-16 11:30:00-05:00,166.40499877929688,167.8800048828125,165.35009765625,167.76589965820312,45598,0.0,0.0
2024-02-16 12:30:00-05:00,167.875,168.2550048828125,167.38999938964844,167.91000366210938,40947,0.0,0.0
2024-02-16 13:30:00-05:00,167.91000366210938,169.0399932861328,167.91000366210938,167.91000366210938,35561,0.0,0.0
2024-02-16 14:30:00-05:00,168.05999755859375,168.05999755859375,165.7100067138672,166.25,41490,0.0,0.0
2024-02-16 15:30:00-05:00,166.2100067138672,166.2100067138672,165.52999877929688,165.52999877929688,90235,0.0,0.0
2024-02-20 09:30:00-05:00,162.8000030517578,164.4250030517578,162.22000122070312,164.25,24290,0.0,0.0
2024-02-20 10:30:00-05:00,164.13999938964844,164.47999572753906,163.64999389648438,163.64999389648438,16565,0.0,0.0
2024-02-20 11:30:00-05:00,163.5749969482422,163.8000030517578,162.25,162.36500549316406,28308,0.0,0.0
2024-02-20 12:30:00-05:00,162.2899932861328,163.72000122070312,161.99000549316406,163.39999389648438,35771,0.0,0.0
2024-02-20 13:30:00-05:00,163.6199951171875,164.42999267578125,163.4199981689453,163.75,24438,0.0,0.0
2024-02-20 14:30:00-05:00,163.6999969482422,164.13999938964844,162.91000366210938,164.1300048828125,36538,0.0,0.0
2024-02-20 15:30:00-05:00,164.1999969482422,164.1999969482422,163.32000732421875,164.05999755859375,58881,0.0,0.0
2024-02-21 09:30:00-05:00,162.88999938964844,163.72999572753906,162.13499450683594,162.13499450683594,22535,0.0,0.0
2024-02-21 10:30:00-05:00,161.72329711914062,163.35000610351562,161.58999633789062,162.55999755859375,26958,0.0,0.0
2024-02-21 11:30:00-05:00,162.55999755859375,162.72999572753906,161.8699951171875,162.27999877929688,23363,0.0,0.0
2024-02-21 12:30:00-05:00,162.25999450683594,163.06500244140625,161.82000732421875,162.860107421875,32885,0.0,0.0
2024-02-21 13:30:00-05:00,162.94000244140625,163.7100067138672,162.80499267578125,163.10000610351562,22036,0.0,0.0
2024-02-21 14:30:00-05:00,163.10499572753906,163.17999267578125,161.85000610351562,162.32000732421875,23524,0.0,0.0
2024-02-21 15:30:00-05:00,162.3300018310547,163.52999877929688,162.3300018310547,163.1199951171875,45456,0.0,0.0
2024-02-22 09:30:00-05:00,163.77999877929688,165.63999938964844,163.63999938964844,165.22000122070312,79749,0.0,0.0
2024-02-22 10:30:00-05:00,165.125,167.1300048828125,164.4600067138672,166.00999450683594,66079,0.0,0.0
2024-02-22 11:30:00-05:00,166.27999877929688,166.27999877929688,164.65499877929688,165.05499267578125,20515,0.0,0.0
2024-02-22 12:30:00-05:00,165.06500244140625,165.11000061035156,164.3699951171875,164.55499267578125,22959,0.0,0.0
2024-02-22 13:30:00-05:00,164.60000610351562,165.92999267578125,164.58999633789062,165.92999267578125,39450,0.0,0.0
2024-02-22 14:30:00-05:00,166.0050048828125,166.03500366210938,164.52000427246094,164.52000427246094,36168,0.0,0.0
2024-02-22 15:30:00-05:00,164.5,165.27000427246094,164.1999969482422,165.16000366210938,77636,0.0,0.0
2024-02-23 09:30:00-05:00,164.66000366210938,167.88999938964844,163.75,166.80499267578125,30979,0.0,0.0
2024-02-23 10:30:00-05:00,166.80499267578125,167.57000732421875,165.14999389648438,166.41000366210938,27884,0.0,0.0
2024-02-23 11:30:00-05:00,166.50999450683594,167.1999969482422,166.2550048828125,167.16000366210938,27407,0.0,0.0
2024-02-23 12:30:00-05:00,167.07000732421875,168.10000610351562,166.6699981689453,168.10000610351562,23623,0.0,0.0
2024-02-23 13:30:00-05:00,168.16000366210938,168.69000244140625,167.80499267578125,167.9499969482422,35992,0.0,0.0
2024-02-23 14:30:00-05:00,168.05999755859375,168.17999267578125,167.4499969482422,167.58999633789062,37528,0.0,0.0
2024-02-23 15:30:00-05:00,167.44000244140625,168.42999267578125,167.0500030517578,167.69000244140625,60878,0.0,0.0
2024-02-26 09:30:00-05:00,167.44000244140625,169.00999450683594,167.13999938964844,168.78500366210938,19404,0.0,0.0
2024-02-26 10:30:00-05:00,168.75,168.88319396972656,167.90499877929688,168.36000061035156,11103,0.0,0.0
2024-02-26 11:30:00-05:00,168.3249969482422,168.80999755859375,168.00999450683594,168.49000549316406,18797,0.0,0.0
2024-02-26 12:30:00-05:00,168.46499633789062,168.46499633789062,167.34500122070312,167.34500122070312,12096,0.0,0.0
2024-02-26 13:30:00-05:00,167.0,167.5,166.4499969482422,166.58999633789062,19476,0.0,0.0
2024-02-26 14:30:00-05:00,166.54750061035156,167.1300048828125,166.00999450683594,166.91000366210938,40034,0.0,0.0
2024-02-26 15:30:00-05:00,166.85000610351562,166.85000610351562,165.5500030517578,165.55999755859375,64513,0.0,0.0
2024-02-27 09:30:00-05:00,166.82000732421875,167.77999877929688,165.46780395507812,165.94000244140625,32271,0.0,0.0
2024-02-27 10:30:00-05:00,166.13499450683594,166.25,165.3699951171875,165.55499267578125,26027,0.0,0.0
2024-02-27 11:30:00-05:00,165.3800048828125,165.82000732421875,165.07000732421875,165.36000061035156,19599,0.0,0.0
2024-02-27 12:30:00-05:00,165.3350067138672,165.60000610351562,164.72999572753906,164.72999572753906,15316,0.0,0.0
2024-02-27 13:30:00-05:00,164.6300048828125,165.3800048828125,164.39999389648438,165.3800048828125,18743,0.0,0.0
2024-02-27 14:30:00-05:00,165.5554962158203,165.5554962158203,163.89999389648438,165.16000366210938,72000,0.0,0.0
2024-02-27 15:30:00-05:00,165.1699981689453,165.52000427246094,164.8800048828125,164.8800048828125,63703,0.0,0.0
2024-02-28 09:30:00-05:00,163.6699981689453,165.5500030517578,163.52999877929688,165.42999267578125,33643,0.0,0.0
2024-02-28 10:30:00-05:00,165.33999633789062,165.625,164.9600067138672,165.38499450683594,25703,0.0,0.0
2024-02-28 11:30:00-05:00,165.39999389648438,165.8220977783203,165.0749969482422,165.6475067138672,21525,0.0,0.0
2024-02-28 12:30:00-05:00,165.55999755859375,165.625,165.2899932861328,165.61500549316406,16885,0.0,0.0
2024-02-28 13:30:00-05:00,165.63999938964844,165.64500427246094,165.25,165.25,31434,0.0,0.0
2024-02-28 14:30:00-05:00,165.25,165.58999633789062,165.02999877929688,165.2899932861328,59384,0.0,0.0
2024-02-28 15:30:00-05:00,165.2899932861328,165.5,164.9499969482422,165.02000427246094,83136,0.0,0.0
2024-02-29 09:30:00-05:00,166.27000427246094,168.35000610351562,165.58999633789062,167.75,24853,0.0,0.0
2024-02-29 10:30:00-05:00,167.75,169.66000366210938,167.61000061035156,169.66000366210938,53992,0.0,0.0
2024-02-29 11:30:00-05:00,169.49000549316406,169.5,167.85000610351562,168.77000427246094,84567,0.0,0.0
2024-02-29 12:30:00-05:00,168.8699951171875,169.47999572753906,168.3000030517578,169.25,30649,0.0,0.0
2024-02-29 13:30:00-05:00,169.44000244140625,169.57000732421875,168.60000610351562,168.60000610351562,75873,0.0,0.0
2024-02-29 14:30:00-05:00,168.9949951171875,169.36500549316406,168.8000030517578,168.83999633789062,28757,0.0,0.0
2024-02-29 15:30:00-05:00,168.7899932861328,168.92999267578125,168.25,168.25999450683594,110007,0.0,0.0
2024-03-01 09:30:00-05:00,168.1199951171875,168.46499633789062,166.94000244140625,168.08999633789062,20563,0.0,0.0
2024-03-01 10:30:00-05:00,167.5800018310547,169.32000732421875,167.22999572753906,169.05999755859375,13727,0.0,0.0
2024-03-01 11:30:00-05:00,168.9949951171875,169.80999755859375,168.22000122070312,169.80999755859375,24599,0.0,0.0
2024-03-01 12:30:00-05:00,169.81500244140625,169.9149932861328,169.35499572753906,169.50999450683594,16529,0.0,0.0
2024-03-01 13:30:00-05:00,169.50999450683594,170.0,169.45249938964844,169.9250030517578,30492,0.0,0.0
2024-03-01 14:30:00-05:00,169.9250030517578,170.5850067138672,169.8300018310547,170.5850067138672,34843,0.0,0.0
2024-03-01 15:30:00-05:00,170.5500030517578,171.74000549316406,170.5,171.72000122070312,68785,0.0,0.0
2024-03-04 09:30:00-05:00,171.5,174.6999969482422,171.5,173.99000549316406,19364,0.0,0.0
2024-03-04 10:30:00-05:00,173.97500610351562,174.74249267578125,173.5500030517578,174.2899932861328,23486,0.0,0.0
2024-03-04 11:30:00-05:00,174.2550048828125,174.7899932861328,174.14999389648438,174.64500427246094,22279,0.0,0.0
2024-03-04 12:30:00-05:00,174.75,174.97000122070312,174.4250030517578,174.80499267578125,22413,0.0,0.0
2024-03-04 13:30:00-05:00,174.9199981689453,174.9199981689453,174.58160400390625,174.64999389648438,37132,0.0,0.0
2024-03-04 14:30:00-05:00,174.64999389648438,174.8800048828125,174.52000427246094,174.6999969482422,53025,0.0,0.0
2024-03-04 15:30:00-05:00,174.69500732421875,175.05999755859375,174.35000610351562,175.0399932861328,104064,0.0,0.0
2024-03-05 09:30:00-05:00,173.72000122070312,174.92999267578125,170.26499938964844,170.41000366210938,22468,0.0,0.0
2024-03-05 10:30:00-05:00,170.27000427246094,171.82000732421875,170.25,170.5,81622,0.0,0.0
2024-03-05 11:30:00-05:00,170.91000366210938,171.4199981689453,170.3000030517578,170.88499450683594,24360,0.0,0.0
2024-03-05 12:30:00-05:00,170.72999572753906,171.2050018310547,170.36500549316406,170.65499877929688,46145,0.0,0.0
2024-03-05 13:30:00-05:00,170.67999267578125,171.00999450683594,170.25,170.76499938964844,28314,0.0,0.0
2024-03-05 14:30:00-05:00,170.6300048828125,170.80999755859375,170.36500549316406,170.64999389648438,152767,0.0,0.0
2024-03-05 15:30:00-05:00,170.64999389648438,171.32000732421875,170.46499633789062,170.69000244140625,125040,0.0,0.0
2024-03-06 09:30:00-05:00,173.44000244140625,173.5399932861328,171.42999267578125,172.07000732421875,62810,0.0,0.0
2024-03-06 10:30:00-05:00,171.97500610351562,175.27499389648438,171.97500610351562,174.52000427246094,41846,0.0,0.0
2024-03-06 11:30:00-05:00,174.6300048828125,175.2949981689453,174.10000610351562,175.1300048828125,15094,0.0,0.0
2024-03-06 12:30:00-05:00,175.0449981689453,175.39999389648438,174.38999938964844,174.47000122070312,13017,0.0,0.0
2024-03-06 13:30:00-05:00,174.65499877929688,174.94000244140625,173.97000122070312,174.85000610351562,47899,0.0,0.0
2024-03-06 14:30:00-05:00,174.9250030517578,174.99000549316406,174.25,174.92999267578125,36499,0.0,0.0
2024-03-06 15:30:00-05:00,174.9600067138672,175.5500030517578,174.77000427246094,174.97000122070312,64627,0.0,0.0
2024-03-07 09:30:00-05:00,176.38999938964844,178.39999389648438,176.38999938964844,178.02000427246094,30871,0.0,0.0
2024-03-07 10:30:00-05:00,178.0,178.3699951171875,177.6199951171875,178.3300018310547,21981,0.0,0.0
2024-03-07 11:30:00-05:00,178.26499938964844,179.27000427246094,177.83999633789062,179.1750030517578,51437,0.0,0.0
2024-03-07 12:30:00-05:00,178.92250061035156,179.14500427246094,177.73500061035156,178.25,39374,0.0,0.0
2024-03-07 13:30:00-05:00,178.27999877929688,179.125,178.27999877929688,178.7050018310547,14127,0.0,0.0
2024-03-07 14:30:00-05:00,178.47000122070312,179.16000366210938,178.2899932861328,179.14599609375,26422,0.0,0.0
2024-03-07 15:30:00-05:00,179.15499877929688,179.49000549316406,178.81500244140625,179.32000732421875,65091,0.0,0.0
2024-03-08 09:30:00-05:00,180.0,182.4949951171875,180.0,182.3800048828125,34546,0.0,0.0
2024-03-08 10:30:00-05:00,182.0,183.13999938964844,181.89999389648438,182.27000427246094,34610,0.0,0.0
2024-03-08 11:30:00-05:00,182.3000030517578,182.77999877929688,181.89999389648438,182.3300018310547,51411,0.0,0.0
2024-03-08 12:30:00-05:00,182.17999267578125,182.7100067138672,181.56500244140625,181.77000427246094,100974,0.0,0.0
2024-03-08 13:30:00-05:00,181.77000427246094,183.38999938964844,181.05999755859375,183.2899932861328,164043,0.0,0.0
2024-03-08 14:30:00-05:00,183.3699951171875,183.92999267578125,182.61000061035156,182.7100067138672,72688,0.0,0.0
2024-03-08 15:30:00-05:00,182.64999389648438,182.67999267578125,181.6999969482422,182.13999938964844,122618,0.0,0.0
2024-03-11 09:30:00-04:00,180.8699951171875,182.14999389648438,178.08999633789062,178.90499877929688,88292,0.0,0.0
2024-03-11 10:30:00-04:00,179.05999755859375,179.42999267578125,178.69000244140625,178.8800048828125,115907,0.0,0.0
2024-03-11 11:30:00-04:00,178.89999389648438,179.73500061035156,177.1699981689453,178.8699951171875,62576,0.0,0.0
2024-03-11 12:30:00-04:00,178.89999389648438,179.25999450683594,178.6999969482422,179.0,26442,0.0,0.0
2024-03-11 13:30:00-04:00,179.0,179.94000244140625,178.88499450683594,179.94000244140625,29195,0.0,0.0
2024-03-11 14:30:00-04:00,179.9199981689453,180.13999938964844,178.97000122070312,179.30999755859375,36593,0.0,0.0
2024-03-11 15:30:00-04:00,179.3000030517578,179.94000244140625,178.8800048828125,179.27999877929688,93716,0.0,0.0
2024-03-12 09:30:00-04:00,179.17999267578125,179.5449981689453,178.2899932861328,178.66000366210938,71805,0.0,0.0
2024-03-12 10:30:00-04:00,178.65499877929688,179.36000061035156,177.64010620117188,177.6999969482422,35962,0.0,0.0
2024-03-12 11:30:00-04:00,177.5500030517578,177.75,177.14999389648438,177.32000732421875,26273,0.0,0.0
2024-03-12 12:30:00-04:00,177.02000427246094,177.3000030517578,176.27999877929688,176.42999267578125,21196,0.0,0.0
2024-03-12 13:30:00-04:00,176.5500030517578,178.14950561523438,176.5500030517578,176.80999755859375,65988,0.0,0.0
2024-03-12 14:30:00-04:00,176.9600067138672,177.18499755859375,176.4600067138672,177.0675048828125,47370,0.0,0.0
2024-03-12 15:30:00-04:00,176.9499969482422,177.64999389648438,176.75999450683594,176.83999633789062,100069,0.0,0.0
2024-03-13 09:30:00-04:00,176.32000732421875,177.73500061035156,175.875,176.6699981689453,20747,0.0,0.0
2024-03-13 10:30:00-04:00,176.80999755859375,176.80999755859375,175.49000549316406,176.36000061035156,20666,0.0,0.0
2024-03-13 11:30:00-04:00,176.25999450683594,177.1999969482422,176.16000366210938,177.02000427246094,21275,0.0,0.0
2024-03-13 12:30:00-04:00,176.92999267578125,177.6199951171875,176.85000610351562,177.0800018310547,35951,0.0,0.0
2024-03-13 13:30:00-04:00,176.97000122070312,177.02000427246094,176.64500427246094,176.7050018310547,16064,0.0,0.0
2024-03-13 14:30:00-04:00,176.6999969482422,176.7550048828125,175.1999969482422,175.4550018310547,28518,0.0,0.0
2024-03-13 15:30:00-04:00,175.6750030517578,176.0800018310547,174.57000732421875,175.35000610351562,100016,0.0,0.0
2024-03-14 09:30:00-04:00,175.27999877929688,175.27999877929688,172.27999877929688,172.3000030517578,14657,0.0,0.0
2024-03-14 10:30:00-04:00,172.57000732421875,172.99000549316406,172.09500122070312,172.3249969482422,17836,0.0,0.0
2024-03-14 11:30:00-04:00,172.22000122070312,173.02999877929688,172.0,172.1199951171875,40207,0.0,0.0
2024-03-14 12:30:00-04:00,172.1074981689453,172.17999267578125,170.88999938964844,171.33999633789062,39658,0.0,0.0
2024-03-14 13:30:00-04:00,171.01010131835938,171.19000244140625,169.72999572753906,169.72999572753906,52631,0.0,0.0
2024-03-14 14:30:00-04:00,169.7100067138672,169.8000030517578,168.38499450683594,168.91000366210938,48237,0.0,0.0
2024-03-14 15:30:00-04:00,168.61000061035156,168.75999450683594,167.8249969482422,168.61000061035156,110794,0.0,0.0
2024-03-15 09:30:00-04:00,166.7100067138672,169.7906951904297,166.7100067138672,169.49000549316406,34365,0.0,0.0
2024-03-15 10:30:00-04:00,169.80999755859375,171.52999877929688,168.8000030517578,170.77000427246094,42078,0.0,0.0
2024-03-15 11:30:00-04:00,170.9550018310547,171.1699981689453,170.00999450683594,170.57000732421875,47373,0.0,0.0
2024-03-15 12:30:00-04:00,170.6199951171875,170.6199951171875,169.3000030517578,169.92999267578125,20377,0.0,0.0
2024-03-15 13:30:00-04:00,170.02999877929688,170.64999389648438,169.35000610351562,169.93499755859375,34888,0.0,0.0
2024-03-15 14:30:00-04:00,169.92999267578125,170.49000549316406,169.32000732421875,169.72999572753906,30206,0.0,0.0
2024-03-15 15:30:00-04:00,169.6999969482422,170.24000549316406,169.44000244140625,170.0,74679,0.0,0.0
2024-03-18 09:30:00-04:00,170.19000244140625,172.60000610351562,169.27999877929688,171.7100067138672,20136,0.0,0.0
2024-03-18 10:30:00-04:00,171.5500030517578,171.77000427246094,170.52999877929688,170.88499450683594,18882,0.0,0.0
2024-03-18 11:30:00-04:00,170.7899932861328,170.92999267578125,170.2100067138672,170.86000061035156,17416,0.0,0.0
2024-03-18 12:30:00-04:00,170.89999389648438,171.02999877929688,170.2100067138672,170.35499572753906,25717,0.0,0.0
2024-03-18 13:30:00-04:00,170.25999450683594,170.42999267578125,170.02999877929688,170.02999877929688,20187,0.0,0.0
2024-03-18 14:30:00-04:00,170.00999450683594,170.8000030517578,169.99000549316406,170.09500122070312,30198,0.0,0.0
2024-03-18 15:30:00-04:00,170.09500122070312,170.44000244140625,169.86500549316406,170.27000427246094,69104,0.0,0.0
2024-03-19 09:30:00-04:00,169.9199981689453,172.63499450683594,169.9199981689453,172.36500549316406,16036,0.0,0.0
2024-03-19 10:30:00-04:00,172.39500427246094,173.86000061035156,171.94000244140625,173.74000549316406,33283,0.0,0.0
2024-03-19 11:30:00-04:00,173.8800048828125,175.72000122070312,173.8800048828125,175.72000122070312,31919,0.0,0.0
2024-03-19 12:30:00-04:00,175.82000732421875,177.4600067138672,175.82000732421875,177.4600067138672,37271,0.0,0.0
2024-03-19 13:30:00-04:00,177.4199981689453,178.44000244140625,176.2899932861328,176.4949951171875,41587,0.0,0.0
2024-03-19 14:30:00-04:00,176.5500030517578,176.66000366210938,175.47500610351562,175.52999877929688,22687,0.0,0.0
2024-03-19 15:30:00-04:00,175.60000610351562,175.82000732421875,175.1999969482422,175.2100067138672,69235,0.0,0.0
2024-03-20 09:30:00-04:00,175.41000366210938,177.1699981689453,174.24560546875,177.0399932861328,12100,0.0,0.0
2024-03-20 10:30:00-04:00,177.0800018310547,177.13999938964844,176.08999633789062,177.0399932861328,14721,0.0,0.0
2024-03-20 11:30:00-04:00,177.11000061035156,177.5500030517578,176.22000122070312,176.22000122070312,22414,0.0,0.0
2024-03-20 12:30:00-04:00,176.05499267578125,176.47000122070312,175.66000366210938,175.7050018310547,10754,0.0,0.0
2024-03-20 13:30:00-04:00,175.82000732421875,178.24000549316406,175.82000732421875,177.05999755859375,13683,0.0,0.0
2024-03-20 14:30:00-04:00,176.57000732421875,178.6750030517578,176.49000549316406,178.47999572753906,23358,0.0,0.0
2024-03-20 15:30:00-04:00,178.8699951171875,179.0399932861328,177.55999755859375,178.3300018310547,44884,0.0,0.0
2024-03-21 09:30:00-04:00,179.72999572753906,182.30499267578125,179.5399932861328,182.30499267578125,20802,0.0,0.0
2024-03-21 10:30:00-04:00,182.23500061035156,186.3800048828125,182.2100067138672,184.5399932861328,49118,0.0,0.0
2024-03-21 11:30:00-04:00,184.5399932861328,185.16000366210938,184.4199981689453,184.8800048828125,23549,0.0,0.0
2024-03-21 12:30:00-04:00,185.17999267578125,185.8800048828125,184.92999267578125,185.8800048828125,20295,0.0,0.0
2024-03-21 13:30:00-04:00,186.1699981689453,188.00999450683594,185.8300018310547,187.875,49182,0.0,0.0
2024-03-21 14:30:00-04:00,187.99000549316406,187.99000549316406,185.8000030517578,186.0,68030,0.0,0.0
2024-03-21 15:30:00-04:00,186.11000061035156,187.27999877929688,185.4499969482422,185.69000244140625,159529,0.0,0.0
2024-03-22 09:30:00-04:00,185.38999938964844,185.38999938964844,183.9499969482422,184.0,13359,0.0,0.0
2024-03-22 10:30:00-04:00,183.9550018310547,184.07000732421875,183.25,183.8800048828125,15300,0.0,0.0
2024-03-22 11:30:00-04:00,184.0,184.27000427246094,183.2100067138672,183.2899932861328,16033,0.0,0.0
2024-03-22 12:30:00-04:00,183.58949279785156,184.27000427246094,182.9199981689453,184.27000427246094,36646,0.0,0.0
2024-03-22 13:30:00-04:00,184.34500122070312,185.14999389648438,183.89999389648438,185.14999389648438,14279,0.0,0.0
2024-03-22 14:30:00-04:00,185.0500030517578,185.30999755859375,184.5800018310547,184.8000030517578,19523,0.0,0.0
2024-03-22 15:30:00-04:00,184.8000030517578,185.50999450683594,184.75,185.38999938964844,43432,0.0,0.0
2024-03-25 09:30:00-04:00,185.1699981689453,186.4149932861328,184.6999969482422,184.89500427246094,28646,0.0,0.0
2024-03-25 10:30:00-04:00,184.8000030517578,185.8249969482422,184.75,185.02999877929688,19060,0.0,0.0
2024-03-25 11:30:00-04:00,184.67999267578125,184.72999572753906,183.24000549316406,183.4600067138672,16125,0.0,0.0
2024-03-25 12:30:00-04:00,183.25999450683594,183.42999267578125,183.02000427246094,183.3000030517578,7139,0.0,0.0
2024-03-25 13:30:00-04:00,183.47000122070312,183.97000122070312,183.25999450683594,183.5050048828125,11350,0.0,0.0
2024-03-25 14:30:00-04:00,183.5050048828125,183.63499450683594,181.6649932861328,181.6699981689453,35007,0.0,0.0
2024-03-25 15:30:00-04:00,181.72999572753906,182.08999633789062,181.1199951171875,181.14999389648438,45856,0.0,0.0
2024-03-26 09:30:00-04:00,182.44000244140625,182.98500061035156,181.22999572753906,181.47000122070312,35372,0.0,0.0
2024-03-26 10:30:00-04:00,181.63999938964844,182.27999877929688,181.53500366210938,182.00999450683594,10287,0.0,0.0
2024-03-26 11:30:00-04:00,182.02000427246094,182.1199951171875,180.92999267578125,181.67999267578125,19570,0.0,0.0
2024-03-26 12:30:00-04:00,181.9199981689453,182.0,181.1300048828125,181.19000244140625,10525,0.0,0.0
2024-03-26 13:30:00-04:00,181.0500030517578,181.94000244140625,180.63499450683594,181.94000244140625,27864,0.0,0.0
2024-03-26 14:30:00-04:00,182.1300048828125,182.25999450683594,180.77000427246094,180.94000244140625,26265,0.0,0.0
2024-03-26 15:30:00-04:00,180.902099609375,180.902099609375,180.19000244140625,180.41000366210938,46024,0.0,0.0
2024-03-27 09:30:00-04:00,182.24000549316406,183.05999755859375,181.30999755859375,181.77499389648438,7458,0.0,0.0
2024-03-27 10:30:00-04:00,181.875,182.86000061035156,181.64500427246094,182.72000122070312,33700,0.0,0.0
2024-03-27 11:30:00-04:00,182.60000610351562,183.1649932861328,182.51499938964844,183.11500549316406,9652,0.0,0.0
2024-03-27 12:30:00-04:00,183.25999450683594,183.30999755859375,182.3699951171875,182.3699951171875,12287,0.0,0.0
2024-03-27 13:30:00-04:00,182.49000549316406,182.49000549316406,181.72000122070312,181.89999389648438,13111,0.0,0.0
2024-03-27 14:30:00-04:00,181.90499877929688,182.91000366210938,181.79299926757812,182.77499389648438,33285,0.0,0.0
2024-03-27 15:30:00-04:00,182.72999572753906,183.86000061035156,182.2449951171875,183.47000122070312,62468,0.0,0.0
2024-03-28 09:30:00-04:00,180.3699951171875,180.90499877929688,175.1699981689453,176.49000549316406,112698,0.0,0.0
2024-03-28 10:30:00-04:00,176.7100067138672,176.99000549316406,175.44000244140625,175.9199981689453,39837,0.0,0.0
2024-03-28 11:30:00-04:00,175.69000244140625,176.61000061035156,175.0399932861328,175.1999969482422,42623,0.0,0.0
2024-03-28 12:30:00-04:00,175.13999938964844,175.77000427246094,174.8699951171875,175.25999450683594,37863,0.0,0.0
2024-03-28 13:30:00-04:00,175.35000610351562,176.22999572753906,174.63999938964844,175.19000244140625,43962,0.0,0.0
2024-03-28 14:30:00-04:00,175.14999389648438,176.22999572753906,174.50999450683594,175.29750061035156,84417,0.0,0.0
2024-03-28 15:30:00-04:00,175.39999389648438,176.06500244140625,174.4600067138672,174.4600067138672,126917,0.0,0.0
2024-04-01 09:30:00-04:00,174.38999938964844,175.88999938964844,171.3000030517578,174.08999633789062,38596,0.0,0.0
2024-04-01 10:30:00-04:00,174.05999755859375,175.64999389648438,173.83999633789062,175.64999389648438,47248,0.0,0.0
2024-04-01 11:30:00-04:00,175.52999877929688,175.64999389648438,174.47000122070312,174.83999633789062,42858,0.0,0.0
2024-04-01 12:30:00-04:00,174.80999755859375,175.33999633789062,174.22000122070312,174.52000427246094,25794,0.0,0.0
2024-04-01 13:30:00-04:00,174.41000366210938,175.13999938964844,173.58999633789062,173.60000610351562,31286,0.0,0.0
2024-04-01 14:30:00-04:00,173.5800018310547,174.9550018310547,173.2899932861328,173.5399932861328,45727,0.0,0.0
2024-04-01 15:30:00-04:00,173.44000244140625,173.85000610351562,172.88999938964844,173.8000030517578,93189,0.0,0.0
2024-04-02 09:30:00-04:00,171.85000610351562,172.88499450683594,167.97000122070312,167.97999572753906,27736,0.0,0.0
2024-04-02 10:30:00-04:00,168.25,168.97000122070312,166.63999938964844,167.08999633789062,29728,0.0,0.0
2024-04-02 11:30:00-04:00,166.89999389648438,167.3300018310547,166.16000366210938,166.50999450683594,30586,0.0,0.0
2024-04-02 12:30:00-04:00,166.51499938964844,166.6199951171875,165.8000030517578,166.3699951171875,26428,0.0,0.0
2024-04-02 13:30:00-04:00,166.36000061035156,166.36000061035156,165.0,165.9550018310547,51898,0.0,0.0
2024-04-02 14:30:00-04:00,165.67999267578125,166.03500366210938,164.98500061035156,165.47000122070312,41556,0.0,0.0
2024-04-02 15:30:00-04:00,165.50999450683594,166.1199951171875,165.2209930419922,165.4499969482422,97396,0.0,0.0
2024-04-03 09:30:00-04:00,165.52000427246094,167.16000366210938,165.52000427246094,166.30499267578125,11360,0.0,0.0
2024-04-03 10:30:00-04:00,166.30999755859375,167.74000549316406,166.30999755859375,167.625,18028,0.0,0.0
2024-04-03 11:30:00-04:00,167.6199951171875,167.65499877929688,166.6999969482422,167.11000061035156,23125,0.0,0.0
2024-04-03 12:30:00-04:00,167.13999938964844,167.3300018310547,166.24000549316406,166.31500244140625,20501,0.0,0.0
2024-04-03 13:30:00-04:00,166.34500122070312,167.08999633789062,166.3249969482422,166.9149932861328,36199,0.0,0.0
2024-04-03 14:30:00-04:00,166.94500732421875,166.94500732421875,165.52999877929688,166.16000366210938,27829,0.0,0.0
2024-04-03 15:30:00-04:00,166.125,167.42999267578125,166.0399932861328,167.32000732421875,59440,0.0,0.0
2024-04-04 09:30:00-04:00,169.39999389648438,171.47999572753906,169.39999389648438,171.30250549316406,18234,0.0,0.0
2024-04-04 10:30:00-04:00,171.52000427246094,172.07000732421875,170.53500366210938,171.05499267578125,21918,0.0,0.0
2024-04-04 11:30:00-04:00,171.1999969482422,171.83999633789062,170.57000732421875,171.41000366210938,23755,0.0,0.0
2024-04-04 12:30:00-04:00,171.41000366210938,171.58700561523438,170.9149932861328,171.0,14583,0.0,0.0
2024-04-04 13:30:00-04:00,170.9600067138672,171.4499969482422,168.14999389648438,168.27000427246094,22099,0.0,0.0
2024-04-04 14:30:00-04:00,168.1750030517578,168.1750030517578,166.16000366210938,166.2100067138672,23568,0.0,0.0
2024-04-04 15:30:00-04:00,166.38999938964844,167.2100067138672,166.1750030517578,167.0,45663,0.0,0.0
2024-04-05 09:30:00-04:00,165.66000366210938,168.22999572753906,165.66000366210938,168.1199951171875,20767,0.0,0.0
2024-04-05 10:30:00-04:00,167.97999572753906,168.38999938964844,167.5500030517578,168.08999633789062,14033,0.0,0.0
2024-04-05 11:30:00-04:00,168.0200958251953,169.58999633789062,168.0200958251953,169.5749969482422,20205,0.0,0.0
2024-04-05 12:30:00-04:00,169.53500366210938,169.88999938964844,169.22999572753906,169.5500030517578,23886,0.0,0.0
2024-04-05 13:30:00-04:00,169.5399932861328,169.60000610351562,168.6699981689453,169.05999755859375,18731,0.0,0.0
2024-04-05 14:30:00-04:00,169.05999755859375,169.6300048828125,168.80999755859375,169.2100067138672,29914,0.0,0.0
2024-04-05 15:30:00-04:00,169.08999633789062,169.92999267578125,169.0,169.89999389648438,39488,0.0,0.0
2024-04-08 09:30:00-04:00,171.05999755859375,172.77000427246094,171.05999755859375,172.52999877929688,18017,0.0,0.0
2024-04-08 10:30:00-04:00,172.3800048828125,173.0399932861328,172.35000610351562,172.8699951171875,20063,0.0,0.0
2024-04-08 11:30:00-04:00,172.72999572753906,173.11000061035156,171.9600067138672,173.10000610351562,20812,0.0,0.0
2024-04-08 12:30:00-04:00,173.0800018310547,173.86500549316406,173.0800018310547,173.47999572753906,24689,0.0,0.0
2024-04-08 13:30:00-04:00,173.62449645996094,174.76499938964844,173.47000122070312,174.47999572753906,29941,0.0,0.0
2024-04-08 14:30:00-04:00,174.3300018310547,174.52000427246094,173.97999572753906,174.39999389648438,30029,0.0,0.0
2024-04-08 15:30:00-04:00,174.3699951171875,174.82000732421875,174.0399932861328,174.14999389648438,91387,0.0,0.0
2024-04-09 09:30:00-04:00,176.7899932861328,179.83999633789062,176.7899932861328,178.75999450683594,51853,0.0,0.0
2024-04-09 10:30:00-04:00,178.69500732421875,180.2899932861328,176.7899932861328,179.63999938964844,54805,0.0,0.0
2024-04-09 11:30:00-04:00,179.33999633789062,180.27000427246094,178.86000061035156,180.11000061035156,25730,0.0,0.0
2024-04-09 12:30:00-04:00,180.13499450683594,180.77999877929688,180.0500030517578,180.58999633789062,35900,0.0,0.0
2024-04-09 13:30:00-04:00,180.75,181.46499633789062,180.0850067138672,180.0850067138672,26736,0.0,0.0
2024-04-09 14:30:00-04:00,179.99000549316406,181.5399932861328,179.99000549316406,181.4550018310547,45629,0.0,0.0
2024-04-09 15:30:00-04:00,181.4600067138672,181.80499267578125,180.2899932861328,180.30999755859375,109627,0.0,0.0
2024-04-10 09:30:00-04:00,175.72000122070312,175.72000122070312,170.44500732421875,174.91000366210938,49138,0.0,0.0
2024-04-10 10:30:00-04:00,174.97500610351562,175.63999938964844,174.0399932861328,175.0050048828125,29082,0.0,0.0
2024-04-10 11:30:00-04:00,175.0050048828125,175.0800018310547,173.39500427246094,173.6649932861328,28975,0.0,0.0
2024-04-10 12:30:00-04:00,173.5399932861328,173.5399932861328,171.42999267578125,171.92999267578125,30240,0.0,0.0
2024-04-10 13:30:00-04:00,171.7100067138672,172.05999755859375,170.72500610351562,170.72500610351562,31468,0.0,0.0
2024-04-10 14:30:00-04:00,170.72000122070312,173.4199981689453,170.67999267578125,173.0399932861328,51858,0.0,0.0
2024-04-10 15:30:00-04:00,172.7899932861328,173.1999969482422,171.8300018310547,171.85000610351562,120395,0.0,0.0
2024-04-11 09:30:00-04:00,171.85000610351562,173.35000610351562,171.85000610351562,172.74249267578125,27949,0.0,0.0
2024-04-11 10:30:00-04:00,172.64999389648438,173.9499969482422,172.64999389648438,172.94000244140625,36757,0.0,0.0
2024-04-11 11:30:00-04:00,173.0175018310547,174.5,172.97000122070312,174.0,17095,0.0,0.0
2024-04-11 12:30:00-04:00,174.0,174.60000610351562,173.3800048828125,173.7100067138672,22439,0.0,0.0
2024-04-11 13:30:00-04:00,173.72000122070312,174.52999877929688,173.22000122070312,174.22000122070312,22110,0.0,0.0
2024-04-11 14:30:00-04:00,174.1649932861328,174.1999969482422,173.14999389648438,173.52000427246094,30545,0.0,0.0
2024-04-11 15:30:00-04:00,173.38999938964844,173.94000244140625,173.2050018310547,173.8300018310547,55546,0.0,0.0
2024-04-12 09:30:00-04:00,172.33999633789062,172.33999633789062,169.3800048828125,169.90499877929688,27696,0.0,0.0
2024-04-12 10:30:00-04:00,169.75,170.28500366210938,168.7899932861328,170.28500366210938,26728,0.0,0.0
2024-04-12 11:30:00-04:00,170.36500549316406,170.72999572753906,169.66000366210938,169.7100067138672,21608,0.0,0.0
2024-04-12 12:30:00-04:00,169.6999969482422,169.75999450683594,168.3300018310547,168.4499969482422,17156,0.0,0.0
2024-04-12 13:30:00-04:00,168.2899932861328,169.49000549316406,168.21499633789062,168.21499633789062,30563,0.0,0.0
2024-04-12 14:30:00-04:00,168.42999267578125,169.3699951171875,167.92100524902344,167.92999267578125,27055,0.0,0.0
2024-04-12 15:30:00-04:00,168.0800018310547,169.4499969482422,167.86000061035156,169.4499969482422,78287,0.0,0.0
2024-04-15 09:30:00-04:00,171.0,171.0,165.99000549316406,166.02000427246094,26437,0.0,0.0
2024-04-15 10:30:00-04:00,166.06500244140625,166.39999389648438,165.16000366210938,165.95249938964844,18796,0.0,0.0
2024-04-15 11:30:00-04:00,166.13999938964844,168.16250610351562,166.05499267578125,167.22000122070312,16990,0.0,0.0
2024-04-15 12:30:00-04:00,167.17999267578125,167.2550048828125,165.72000122070312,165.7449951171875,14765,0.0,0.0
2024-04-15 13:30:00-04:00,165.5,166.38499450683594,165.00999450683594,165.5500030517578,14427,0.0,0.0
2024-04-15 14:30:00-04:00,165.60000610351562,165.8699951171875,165.00250244140625,165.1699981689453,20990,0.0,0.0
2024-04-15 15:30:00-04:00,165.39999389648438,166.49000549316406,165.32000732421875,166.41000366210938,41193,0.0,0.0
2024-04-16 09:30:00-04:00,164.9199981689453,166.05999755859375,163.6999969482422,165.99000549316406,16432,0.0,0.0
2024-04-16 10:30:00-04:00,165.7899932861328,166.1300048828125,164.92999267578125,165.47000122070312,17040,0.0,0.0
2024-04-16 11:30:00-04:00,165.55999755859375,167.0399932861328,165.22999572753906,166.69000244140625,32629,0.0,0.0
2024-04-16 12:30:00-04:00,166.27000427246094,166.47000122070312,165.8800048828125,165.9199981689453,9083,0.0,0.0
2024-04-16 13:30:00-04:00,165.5,165.74000549316406,163.89999389648438,164.30499267578125,20833,0.0,0.0
2024-04-16 14:30:00-04:00,164.5,165.97999572753906,164.44000244140625,165.47000122070312,30870,0.0,0.0
2024-04-16 15:30:00-04:00,165.3800048828125,165.3800048828125,163.89999389648438,163.91000366210938,45498,0.0,0.0
2024-04-17 09:30:00-04:00,164.47000122070312,164.58999633789062,162.5399932861328,162.81500244140625,11077,0.0,0.0
2024-04-17 10:30:00-04:00,162.81500244140625,162.81500244140625,161.91000366210938,161.9199981689453,13062,0.0,0.0
2024-04-17 11:30:00-04:00,161.8000030517578,163.4600067138672,161.53750610351562,162.625,24192,0.0,0.0
2024-04-17 12:30:00-04:00,162.5850067138672,163.10000610351562,162.44000244140625,163.07249450683594,9831,0.0,0.0
2024-04-17 13:30:00-04:00,163.07000732421875,163.07000732421875,161.82000732421875,162.25,11943,0.0,0.0
2024-04-17 14:30:00-04:00,162.125,162.83999633789062,161.0,161.0449981689453,13940,0.0,0.0
2024-04-17 15:30:00-04:00,161.22000122070312,161.41000366210938,160.49000549316406,160.49000549316406,54157,0.0,0.0
2024-04-18 09:30:00-04:00,160.94000244140625,161.07620239257812,158.9499969482422,160.3699951171875,21230,0.0,0.0
2024-04-18 10:30:00-04:00,160.63499450683594,161.0800018310547,160.03500366210938,160.59500122070312,23904,0.0,0.0
2024-04-18 11:30:00-04:00,160.52499389648438,161.55499267578125,160.0399932861328,161.55499267578125,21786,0.0,0.0
2024-04-18 12:30:00-04:00,161.49000549316406,161.6199951171875,159.14999389648438,159.3249969482422,19638,0.0,0.0
2024-04-18 13:30:00-04:00,159.22000122070312,159.22000122070312,157.91000366210938,158.36000061035156,29908,0.0,0.0
2024-04-18 14:30:00-04:00,158.0800018310547,158.46499633789062,157.5399932861328,158.0800018310547,19623,0.0,0.0
2024-04-18 15:30:00-04:00,158.3300018310547,158.66000366210938,158.11500549316406,158.25999450683594,50943,0.0,0.0
2024-04-19 09:30:00-04:00,157.3699951171875,159.2899932861328,157.3699951171875,158.53500366210938,11996,0.0,0.0
2024-04-19 10:30:00-04:00,158.52000427246094,158.7899932861328,156.91000366210938,157.2899932861328,31834,0.0,0.0
2024-04-19 11:30:00-04:00,157.26499938964844,157.27499389648438,155.85000610351562,155.94000244140625,24031,0.0,0.0
2024-04-19 12:30:00-04:00,155.89999389648438,156.88499450683594,155.89999389648438,156.57000732421875,25465,0.0,0.0
2024-04-19 13:30:00-04:00,156.3699951171875,157.0050048828125,155.3300018310547,155.3300018310547,26150,0.0,0.0
2024-04-19 14:30:00-04:00,155.3350067138672,155.44000244140625,154.4600067138672,155.4149932861328,36306,0.0,0.0
2024-04-19 15:30:00-04:00,155.35000610351562,156.16400146484375,155.0225067138672,155.86000061035156,59946,0.0,0.0
2024-04-22 09:30:00-04:00,157.00999450683594,157.00999450683594,154.8699951171875,155.4250030517578,16523,0.0,0.0
2024-04-22 10:30:00-04:00,155.5500030517578,157.11000061035156,155.44500732421875,155.44500732421875,36125,0.0,0.0
2024-04-22 11:30:00-04:00,155.5399932861328,157.52999877929688,155.5399932861328,157.14500427246094,35670,0.0,0.0
2024-04-22 12:30:00-04:00,157.27000427246094,157.97999572753906,156.63999938964844,157.97999572753906,19936,0.0,0.0
2024-04-22 13:30:00-04:00,158.10000610351562,158.38999938964844,157.8300018310547,158.3300018310547,13737,0.0,0.0
2024-04-22 14:30:00-04:00,158.4499969482422,159.1699981689453,157.89999389648438,158.0695037841797,32354,0.0,0.0
2024-04-22 15:30:00-04:00,158.0399932861328,158.14999389648438,156.97999572753906,157.0,57199,0.0,0.0
2024-04-23 09:30:00-04:00,157.97000122070312,161.05999755859375,156.75,160.4949951171875,25054,0.0,0.0
2024-04-23 10:30:00-04:00,160.5500030517578,162.25999450683594,160.05999755859375,162.25999450683594,30556,0.0,0.0
2024-04-23 11:30:00-04:00,162.08999633789062,162.44000244140625,161.57000732421875,162.44000244140625,18838,0.0,0.0
2024-04-23 12:30:00-04:00,162.75,163.10000610351562,161.5500030517578,161.6699981689453,14036,0.0,0.0
2024-04-23 13:30:00-04:00,161.6750030517578,163.5399932861328,161.6750030517578,163.5399932861328,15805,0.0,0.0
2024-04-23 14:30:00-04:00,163.6999969482422,163.6999969482422,162.4499969482422,162.5800018310547,23638,0.0,0.0
2024-04-23 15:30:00-04:00,162.4499969482422,163.19000244140625,162.38999938964844,162.7100067138672,45354,0.0,0.0
2024-04-24 09:30:00-04:00,162.64999389648438,166.33999633789062,162.64999389648438,164.5,25720,0.0,0.0
2024-04-24 10:30:00-04:00,164.22999572753906,164.50999450683594,163.02000427246094,163.6199951171875,27769,0.0,0.0
2024-04-24 11:30:00-04:00,163.5399932861328,163.65499877929688,162.47999572753906,163.47000122070312,21900,0.0,0.0
2024-04-24 12:30:00-04:00,163.25,164.08999633789062,162.55999755859375,164.08999633789062,23158,0.0,0.0
2024-04-24 13:30:00-04:00,164.1300048828125,164.5800018310547,163.3300018310547,163.3300018310547,27814,0.0,0.0
2024-04-24 14:30:00-04:00,163.41000366210938,164.35000610351562,163.25,164.26499938964844,27623,0.0,0.0
2024-04-24 15:30:00-04:00,164.16000366210938,164.4199981689453,163.6300048828125,163.75999450683594,76016,0.0,0.0
2024-04-25 09:30:00-04:00,161.49000549316406,161.8699951171875,159.22000122070312,161.3800048828125,18247,0.0,0.0
2024-04-25 10:30:00-04:00,160.5500030517578,161.35000610351562,160.13499450683594,160.89999389648438,22062,0.0,0.0
2024-04-25 11:30:00-04:00,161.1199951171875,162.9499969482422,160.81300354003906,162.5800018310547,22319,0.0,0.0
2024-04-25 12:30:00-04:00,162.7899932861328,163.02000427246094,161.92999267578125,162.30499267578125,19565,0.0,0.0
2024-04-25 13:30:00-04:00,162.4499969482422,163.05999755859375,162.25,162.63999938964844,11254,0.0,0.0
2024-04-25 14:30:00-04:00,162.77000427246094,163.8699951171875,162.67999267578125,163.74000549316406,40562,0.0,0.0
2024-04-25 15:30:00-04:00,163.62950134277344,163.77999877929688,162.57000732421875,162.86000061035156,76797,0.0,0.0
2024-04-26 09:30:00-04:00,162.9499969482422,165.86000061035156,161.32000732421875,163.8300018310547,21255,0.0,0.0
2024-04-26 10:30:00-04:00,163.83999633789062,164.17999267578125,162.77000427246094,163.16000366210938,23956,0.0,0.0
2024-04-26 11:30:00-04:00,163.12660217285156,163.3350067138672,162.8415069580078,163.27499389648438,9092,0.0,0.0
2024-04-26 12:30:00-04:00,163.3699951171875,165.02499389648438,163.35000610351562,165.02499389648438,13805,0.0,0.0
2024-04-26 13:30:00-04:00,164.99000549316406,165.125,163.50999450683594,163.64999389648438,21922,0.0,0.0
2024-04-26 14:30:00-04:00,163.5625,164.33999633789062,163.5500030517578,163.5500030517578,17690,0.0,0.0
2024-04-26 15:30:00-04:00,163.69500732421875,163.83999633789062,162.1699981689453,162.6199951171875,56201,0.0,0.0
2024-04-29 09:30:00-04:00,164.35000610351562,165.96519470214844,162.5800018310547,163.80999755859375,36628,0.0,0.0
2024-04-29 10:30:00-04:00,163.52000427246094,163.52000427246094,161.86500549316406,162.83999633789062,26359,0.0,0.0
2024-04-29 11:30:00-04:00,162.83999633789062,163.69000244140625,162.22000122070312,162.7050018310547,32045,0.0,0.0
2024-04-29 12:30:00-04:00,162.7050018310547,162.8300018310547,162.05999755859375,162.42999267578125,32444,0.0,0.0
2024-04-29 13:30:00-04:00,162.42999267578125,162.99000549316406,161.89999389648438,162.49000549316406,60021,0.0,0.0
2024-04-29 14:30:00-04:00,162.44000244140625,162.44000244140625,160.84500122070312,161.5500030517578,57344,0.0,0.0
2024-04-29 15:30:00-04:00,161.5800018310547,162.46499633789062,161.2899932861328,161.97000122070312,105105,0.0,0.0
2024-04-30 09:30:00-04:00,159.8699951171875,160.41000366210938,158.64999389648438,158.77000427246094,30658,0.0,0.0
2024-04-30 10:30:00-04:00,158.36500549316406,159.99000549316406,158.36500549316406,159.55999755859375,39350,0.0,0.0
2024-04-30 11:30:00-04:00,159.61000061035156,159.68499755859375,158.9199981689453,159.40499877929688,49160,0.0,0.0
2024-04-30 12:30:00-04:00,159.2899932861328,159.5500030517578,158.57000732421875,158.67999267578125,27515,0.0,0.0
2024-04-30 13:30:00-04:00,158.63999938964844,158.65499877929688,157.3000030517578,157.4600067138672,42181,0.0,0.0
2024-04-30 14:30:00-04:00,157.46499633789062,157.9199981689453,156.58999633789062,157.33999633789062,55285,0.0,0.0
2024-04-30 15:30:00-04:00,157.36000061035156,157.3800048828125,156.47999572753906,156.91000366210938,105193,0.0,0.0
2024-05-01 09:30:00-04:00,143.85000610351562,149.61000061035156,134.44500732421875,136.72000122070312,232830,0.0,0.0
2024-05-01 10:30:00-04:00,136.99000549316406,139.6300048828125,135.97000122070312,139.0800018310547,238033,0.0,0.0
2024-05-01 11:30:00-04:00,139.0749969482422,143.07000732421875,138.7949981689453,142.91000366210938,193909,0.0,0.0
2024-05-01 12:30:00-04:00,142.89500427246094,144.63999938964844,141.9864959716797,144.0050048828125,106911,0.0,0.0
2024-05-01 13:30:00-04:00,144.0749969482422,145.86000061035156,143.91009521484375,145.85000610351562,162616,0.0,0.0
2024-05-01 14:30:00-04:00,145.8699951171875,149.65499877929688,143.88999938964844,145.4550018310547,165709,0.0,0.0
2024-05-01 15:30:00-04:00,145.4550018310547,145.82000732421875,142.0800018310547,143.50999450683594,344466,0.0,0.0
2024-05-02 09:30:00-04:00,146.3300018310547,147.64999389648438,143.3699951171875,145.13999938964844,81473,0.0,0.0
2024-05-02 10:30:00-04:00,145.14500427246094,147.72000122070312,144.91000366210938,147.72000122070312,76176,0.0,0.0
2024-05-02 11:30:00-04:00,147.74000549316406,149.1999969482422,146.97999572753906,147.55999755859375,63636,0.0,0.0
2024-05-02 12:30:00-04:00,147.42999267578125,148.8000030517578,146.89500427246094,148.72000122070312,47193,0.0,0.0
2024-05-02 13:30:00-04:00,148.7899932861328,150.50999450683594,148.52999877929688,150.02999877929688,79987,0.0,0.0
2024-05-02 14:30:00-04:00,150.1999969482422,150.89999389648438,149.89999389648438,150.1999969482422,69810,0.0,0.0
2024-05-02 15:30:00-04:00,150.1999969482422,150.8000030517578,149.96499633789062,150.4600067138672,244268,0.0,0.0
2024-05-03 09:30:00-04:00,154.39999389648438,158.77999877929688,154.3699951171875,154.71499633789062,97484,0.0,0.0
2024-05-03 10:30:00-04:00,154.63900756835938,154.63900756835938,152.94500732421875,153.05999755859375,75809,0.0,0.0
2024-05-03 11:30:00-04:00,153.27000427246094,153.27999877929688,151.74000549316406,151.74000549316406,45476,0.0,0.0
2024-05-03 12:30:00-04:00,151.85000610351562,152.47000122070312,151.19000244140625,151.2689971923828,52333,0.0,0.0
2024-05-03 13:30:00-04:00,151.39999389648438,152.6999969482422,151.3090057373047,152.14500427246094,50210,0.0,0.0
2024-05-03 14:30:00-04:00,152.22999572753906,153.05999755859375,151.56500244140625,152.64999389648438,50063,0.0,0.0
2024-05-03 15:30:00-04:00,152.67999267578125,153.00999450683594,152.0,152.35000610351562,79380,0.0,0.0
2024-05-06 09:30:00-04:00,154.5800018310547,157.9550018310547,154.5800018310547,157.38999938964844,30357,0.0,0.0
2024-05-06 10:30:00-04:00,156.77000427246094,159.4600067138672,156.47999572753906,158.14500427246094,34426,0.0,0.0
2024-05-06 11:30:00-04:00,158.2899932861328,158.66000366210938,157.89500427246094,157.9550018310547,19953,0.0,0.0
2024-05-06 12:30:00-04:00,158.05999755859375,158.69000244140625,158.02000427246094,158.16000366210938,16528,0.0,0.0
2024-05-06 13:30:00-04:00,158.1199951171875,158.72999572753906,158.09500122070312,158.5449981689453,20251,0.0,0.0
2024-05-06 14:30:00-04:00,158.5399932861328,158.99000549316406,157.50999450683594,157.7100067138672,55534,0.0,0.0
2024-05-06 15:30:00-04:00,157.50999450683594,158.30499267578125,157.50999450683594,158.0,49557,0.0,0.0
2024-05-07 09:30:00-04:00,157.89999389648438,159.77999877929688,157.89999389648438,158.8249969482422,20375,0.0,0.0
2024-05-07 10:30:00-04:00,158.80499267578125,159.5500030517578,158.51499938964844,159.1750030517578,33076,0.0,0.0
2024-05-07 11:30:00-04:00,159.36990356445312,160.10000610351562,158.7899932861328,159.47000122070312,25606,0.0,0.0
2024-05-07 12:30:00-04:00,159.4499969482422,159.4550018310547,157.64999389648438,157.8699951171875,29933,0.0,0.0
2024-05-07 13:30:00-04:00,158.02999877929688,158.3800048828125,156.61000061035156,157.19000244140625,24341,0.0,0.0
2024-05-07 14:30:00-04:00,157.14500427246094,157.5500030517578,156.63999938964844,156.7100067138672,83364,0.0,0.0
2024-05-07 15:30:00-04:00,156.4499969482422,156.52000427246094,156.0500030517578,156.22999572753906,46952,0.0,0.0
2024-05-08 09:30:00-04:00,154.3800048828125,156.02999877929688,152.92999267578125,154.38999938964844,14609,0.0,0.0
2024-05-08 10:30:00-04:00,154.2949981689453,154.7550048828125,153.69500732421875,154.7550048828125,11857,0.0,0.0
2024-05-08 11:30:00-04:00,154.5800018310547,154.63999938964844,153.4499969482422,153.4499969482422,44865,0.0,0.0
2024-05-08 12:30:00-04:00,153.42999267578125,155.24000549316406,153.14500427246094,155.11000061035156,51509,0.0,0.0
2024-05-08 13:30:00-04:00,155.13999938964844,155.2899932861328,154.6999969482422,155.05999755859375,43646,0.0,0.0
2024-05-08 14:30:00-04:00,155.0,155.2100067138672,154.6999969482422,154.97500610351562,53231,0.0,0.0
2024-05-08 15:30:00-04:00,154.86000061035156,155.56500244140625,154.8300018310547,155.25999450683594,60838,0.0,0.0
2024-05-09 09:30:00-04:00,155.22999572753906,156.85000610351562,155.22999572753906,156.49000549316406,13564,0.0,0.0
2024-05-09 10:30:00-04:00,156.3699951171875,157.27499389648438,156.14999389648438,156.22500610351562,15439,0.0,0.0
2024-05-09 11:30:00-04:00,156.3800048828125,156.60000610351562,155.57000732421875,155.99940490722656,15653,0.0,0.0
2024-05-09 12:30:00-04:00,155.82000732421875,156.2899932861328,155.55999755859375,156.0449981689453,15309,0.0,0.0
2024-05-09 13:30:00-04:00,156.32000732421875,157.13999938964844,156.11000061035156,157.13999938964844,15075,0.0,0.0
2024-05-09 14:30:00-04:00,157.02999877929688,157.1999969482422,156.6750030517578,156.75999450683594,14267,0.0,0.0
2024-05-09 15:30:00-04:00,156.91000366210938,157.3800048828125,156.77999877929688,157.1699981689453,32143,0.0,0.0
2024-05-10 09:30:00-04:00,157.07000732421875,157.1750030517578,154.5800018310547,155.1999969482422,132442,0.0,0.0
2024-05-10 10:30:00-04:00,155.9149932861328,156.58999633789062,155.1300048828125,155.1999969482422,28013,0.0,0.0
2024-05-10 11:30:00-04:00,155.19500732421875,156.07000732421875,154.99000549316406,155.52499389648438,33014,0.0,0.0
2024-05-10 12:30:00-04:00,155.52999877929688,155.6699981689453,155.17999267578125,155.6199951171875,18127,0.0,0.0
2024-05-10 13:30:00-04:00,155.82000732421875,156.5500030517578,155.75,156.5500030517578,22045,0.0,0.0
2024-05-10 14:30:00-04:00,156.36109924316406,156.82000732421875,156.14999389648438,156.41749572753906,19252,0.0,0.0
2024-05-10 15:30:00-04:00,156.5800018310547,156.89999389648438,156.14999389648438,156.6699981689453,57271,0.0,0.0
2024-05-13 09:30:00-04:00,158.1699981689453,159.36000061035156,157.52999877929688,157.82000732421875,10818,0.0,0.0
2024-05-13 10:30:00-04:00,157.89999389648438,158.60000610351562,157.63999938964844,158.1300048828125,43364,0.0,0.0
2024-05-13 11:30:00-04:00,158.05999755859375,158.3699951171875,157.6300048828125,158.00999450683594,32554,0.0,0.0
2024-05-13 12:30:00-04:00,158.0,158.42999267578125,157.69000244140625,157.98800659179688,47936,0.0,0.0
2024-05-13 13:30:00-04:00,158.11000061035156,158.22000122070312,157.90499877929688,158.0800018310547,23904,0.0,0.0
2024-05-13 14:30:00-04:00,158.1699981689453,158.19000244140625,157.4199981689453,157.6699981689453,67622,0.0,0.0
2024-05-13 15:30:00-04:00,157.7100067138672,158.42999267578125,157.64500427246094,158.24000549316406,83417,0.0,0.0
2024-05-14 09:30:00-04:00,159.92999267578125,159.92999267578125,157.85000610351562,159.0,35256,0.0,0.0
2024-05-14 10:30:00-04:00,158.60000610351562,158.60000610351562,157.72000122070312,158.32000732421875,22765,0.0,0.0
2024-05-14 11:30:00-04:00,158.2949981689453,158.2949981689453,156.97999572753906,158.0850067138672,44117,0.0,0.0
2024-05-14 12:30:00-04:00,158.35000610351562,158.44000244140625,157.6999969482422,158.44000244140625,42807,0.0,0.0
2024-05-14 13:30:00-04:00,158.189697265625,158.25759887695312,157.52999877929688,157.64999389648438,38933,0.0,0.0
2024-05-14 14:30:00-04:00,157.47500610351562,157.9600067138672,156.64999389648438,157.3300018310547,32315,0.0,0.0
2024-05-14 15:30:00-04:00,157.39999389648438,158.58999633789062,157.25999450683594,158.39999389648438,52308,0.0,0.0
2024-05-15 09:30:00-04:00,161.02000427246094,161.25,159.09500122070312,159.7050018310547,24183,0.0,0.0
2024-05-15 10:30:00-04:00,159.92999267578125,160.18499755859375,159.34500122070312,159.91000366210938,28916,0.0,0.0
2024-05-15 11:30:00-04:00,159.77999877929688,160.6699981689453,159.77999877929688,160.1699981689453,12813,0.0,0.0
2024-05-15 12:30:00-04:00,160.14999389648438,160.27999877929688,159.93499755859375,160.2100067138672,12364,0.0,0.0
2024-05-15 13:30:00-04:00,160.2050018310547,160.72999572753906,160.1300048828125,160.60000610351562,22318,0.0,0.0
2024-05-15 14:30:00-04:00,160.58999633789062,160.67999267578125,160.13999938964844,160.6699981689453,16205,0.0,0.0
2024-05-15 15:30:00-04:00,160.55999755859375,160.55999755859375,159.67999267578125,159.6999969482422,56817,0.0,0.0
2024-05-16 09:30:00-04:00,159.08999633789062,159.08999633789062,157.5,157.5,26072,0.0,0.0
2024-05-16 10:30:00-04:00,157.11000061035156,157.9499969482422,156.6199951171875,157.02000427246094,12880,0.0,0.0
2024-05-16 11:30:00-04:00,157.14999389648438,157.1699981689453,156.42999267578125,156.5800018310547,9552,0.0,0.0
2024-05-16 12:30:00-04:00,156.33999633789062,156.74000549316406,155.97999572753906,156.18499755859375,6711,0.0,0.0
2024-05-16 13:30:00-04:00,156.1750030517578,156.1750030517578,153.88999938964844,153.97000122070312,23760,0.0,0.0
2024-05-16 14:30:00-04:00,154.10000610351562,154.74000549316406,153.88499450683594,154.17999267578125,37293,0.0,0.0
2024-05-16 15:30:00-04:00,154.125,154.125,152.9600067138672,153.3300018310547,97589,0.0,0.0
2024-05-17 09:30:00-04:00,153.92999267578125,155.13499450683594,153.92999267578125,155.07000732421875,9315,0.0,0.0
2024-05-17 10:30:00-04:00,155.2050018310547,155.22500610351562,154.0,154.0,11180,0.0,0.0
2024-05-17 11:30:00-04:00,153.6999969482422,154.0,153.3300018310547,153.3300018310547,9903,0.0,0.0
2024-05-17 12:30:00-04:00,153.58999633789062,153.58999633789062,152.2100067138672,152.52499389648438,15221,0.0,0.0
2024-05-17 13:30:00-04:00,152.2899932861328,152.61000061035156,151.3350067138672,151.8699951171875,26027,0.0,0.0
2024-05-17 14:30:00-04:00,151.86000061035156,152.8300018310547,151.46499633789062,152.3000030517578,41612,0.0,0.0
2024-05-17 15:30:00-04:00,152.24000549316406,152.41000366210938,151.85000610351562,151.89999389648438,68989,0.0,0.0
2024-05-20 09:30:00-04:00,152.35000610351562,153.6199951171875,151.2427978515625,153.2899932861328,7990,0.0,0.0
2024-05-20 10:30:00-04:00,153.38499450683594,154.0500030517578,153.0,153.97000122070312,28504,0.0,0.0
2024-05-20 11:30:00-04:00,153.9199981689453,154.1999969482422,153.68020629882812,153.81500244140625,17505,0.0,0.0
2024-05-20 12:30:00-04:00,153.80999755859375,153.92999267578125,152.7100067138672,152.82000732421875,20925,0.0,0.0
2024-05-20 13:30:00-04:00,152.90499877929688,153.25,152.27499389648438,153.11000061035156,21772,0.0,0.0
2024-05-20 14:30:00-04:00,153.17999267578125,153.75,152.94000244140625,153.40199279785156,31417,0.0,0.0
2024-05-20 15:30:00-04:00,153.33999633789062,153.6199951171875,153.0,153.6199951171875,47124,0.0,0.0
2024-05-21 09:30:00-04:00,152.83999633789062,153.0449981689453,151.3800048828125,153.0449981689453,19352,0.0,0.0
2024-05-21 10:30:00-04:00,152.8800048828125,154.27999877929688,152.8800048828125,153.72000122070312,11827,0.0,0.0
2024-05-21 11:30:00-04:00,153.25999450683594,153.76499938964844,153.1999969482422,153.5399932861328,11988,0.0,0.0
2024-05-21 12:30:00-04:00,153.33999633789062,153.53500366210938,153.1999969482422,153.53500366210938,8666,0.0,0.0
2024-05-21 13:30:00-04:00,153.50999450683594,153.65499877929688,153.0800018310547,153.5,12734,0.0,0.0
2024-05-21 14:30:00-04:00,153.50999450683594,153.5500030517578,152.5399932861328,153.1999969482422,23400,0.0,0.0
2024-05-21 15:30:00-04:00,153.25,154.47000122070312,153.00999450683594,154.4600067138672,52509,0.0,0.0
2024-05-22 09:30:00-04:00,153.72000122070312,157.11700439453125,153.72000122070312,156.7899932861328,34685,0.0,0.0
2024-05-22 10:30:00-04:00,156.6699981689453,157.64999389648438,156.0399932861328,157.02000427246094,31075,0.0,0.0
2024-05-22 11:30:00-04:00,157.02000427246094,157.64999389648438,156.86000061035156,157.64999389648438,29647,0.0,0.0
2024-05-22 12:30:00-04:00,157.7100067138672,158.30999755859375,157.52000427246094,157.5749969482422,59105,0.0,0.0
2024-05-22 13:30:00-04:00,157.5749969482422,157.5749969482422,156.1750030517578,156.27499389648438,53692,0.0,0.0
2024-05-22 14:30:00-04:00,156.25,156.69000244140625,155.97999572753906,156.27000427246094,58555,0.0,0.0
2024-05-22 15:30:00-04:00,156.36000061035156,156.5,154.92999267578125,155.67999267578125,99775,0.0,0.0
2024-05-23 09:30:00-04:00,156.86000061035156,156.86000061035156,152.39999389648438,152.74000549316406,39068,0.0,0.0
2024-05-23 10:30:00-04:00,153.20989990234375,154.0800018310547,153.00999450683594,153.5,15834,0.0,0.0
2024-05-23 11:30:00-04:00,153.52999877929688,154.25,153.52000427246094,153.9949951171875,23853,0.0,0.0
2024-05-23 12:30:00-04:00,154.10000610351562,154.22999572753906,153.76499938964844,153.78500366210938,30302,0.0,0.0
2024-05-23 13:30:00-04:00,152.80999755859375,152.80999755859375,151.22999572753906,151.5500030517578,11396,0.0,0.0
2024-05-23 14:30:00-04:00,151.7449951171875,152.2050018310547,151.3350067138672,151.81790161132812,23095,0.0,0.0
2024-05-23 15:30:00-04:00,151.8350067138672,153.0500030517578,151.8350067138672,152.86000061035156,61519,0.0,0.0
2024-05-24 09:30:00-04:00,153.63999938964844,153.63999938964844,152.25,152.6699981689453,7790,0.0,0.0
2024-05-24 10:30:00-04:00,152.9600067138672,152.9600067138672,151.67999267578125,151.72000122070312,10390,0.0,0.0
2024-05-24 11:30:00-04:00,151.7899932861328,152.75999450683594,151.36000061035156,152.59500122070312,17229,0.0,0.0
2024-05-24 12:30:00-04:00,152.47999572753906,154.1199951171875,152.47999572753906,154.1199951171875,17404,0.0,0.0
2024-05-24 13:30:00-04:00,154.06500244140625,154.36000061035156,153.4600067138672,153.60000610351562,16724,0.0,0.0
2024-05-24 14:30:00-04:00,153.35000610351562,154.2899932861328,152.89500427246094,154.2100067138672,38085,0.0,0.0
2024-05-24 15:30:00-04:00,154.3300018310547,154.77000427246094,154.00999450683594,154.27999877929688,54139,0.0,0.0
2024-05-28 09:30:00-04:00,155.8000030517578,156.0,153.28500366210938,153.52499389648438,19946,0.0,0.0
2024-05-28 10:30:00-04:00,153.39999389648438,154.82000732421875,153.1649932861328,154.52999877929688,11111,0.0,0.0
2024-05-28 11:30:00-04:00,154.60000610351562,154.60000610351562,153.5500030517578,153.85000610351562,12819,0.0,0.0
2024-05-28 12:30:00-04:00,154.0800018310547,154.0800018310547,153.3249969482422,153.5800018310547,12577,0.0,0.0
2024-05-28 13:30:00-04:00,153.5800018310547,153.9199981689453,152.89999389648438,153.07000732421875,29312,0.0,0.0
2024-05-28 14:30:00-04:00,152.6199951171875,152.6199951171875,151.37939453125,151.77000427246094,15324,0.0,0.0
2024-05-28 15:30:00-04:00,151.7899932861328,152.4499969482422,151.64999389648438,151.89999389648438,43235,0.0,0.0
2024-05-29 09:30:00-04:00,150.49000549316406,151.30999755859375,149.1300048828125,151.06900024414062,25577,0.0,0.0
2024-05-29 10:30:00-04:00,150.9250030517578,151.52000427246094,150.24000549316406,151.02000427246094,29134,0.0,0.0
2024-05-29 11:30:00-04:00,150.8800048828125,151.77999877929688,150.4600067138672,150.5800018310547,62735,0.0,0.0
2024-05-29 12:30:00-04:00,150.8000030517578,151.3300018310547,149.89500427246094,150.39999389648438,17563,0.0,0.0
2024-05-29 13:30:00-04:00,150.52499389648438,151.17999267578125,150.36000061035156,151.01499938964844,33209,0.0,0.0
2024-05-29 14:30:00-04:00,151.0800018310547,151.0800018310547,150.05130004882812,150.97000122070312,40405,0.0,0.0
2024-05-29 15:30:00-04:00,151.0,151.20750427246094,149.63499450683594,150.0399932861328,82722,0.0,0.0
2024-05-30 09:30:00-04:00,150.49000549316406,152.00999450683594,149.46499633789062,150.75,29451,0.0,0.0
2024-05-30 10:30:00-04:00,150.7050018310547,152.6699981689453,150.7050018310547,152.4149932861328,16904,0.0,0.0
2024-05-30 11:30:00-04:00,152.79989624023438,153.1999969482422,152.47999572753906,152.97999572753906,20898,0.0,0.0
2024-05-30 12:30:00-04:00,153.09500122070312,153.85000610351562,152.77000427246094,153.1761932373047,39551,0.0,0.0
2024-05-30 13:30:00-04:00,153.30999755859375,153.4199981689453,151.67999267578125,151.97999572753906,17918,0.0,0.0
2024-05-30 14:30:00-04:00,152.0500030517578,152.05999755859375,151.08999633789062,151.86000061035156,47270,0.0,0.0
2024-05-30 15:30:00-04:00,151.86000061035156,152.66000366210938,151.5399932861328,152.0800018310547,62235,0.0,0.0
2024-05-31 09:30:00-04:00,155.36000061035156,155.58999633789062,153.0500030517578,153.58999633789062,29323,0.0,0.0
2024-05-31 10:30:00-04:00,153.43499755859375,153.52000427246094,152.25,152.97000122070312,20463,0.0,0.0
2024-05-31 11:30:00-04:00,152.75,152.97999572753906,151.6300048828125,152.16000366210938,16671,0.0,0.0
2024-05-31 12:30:00-04:00,152.22999572753906,153.1199951171875,152.0500030517578,153.1199951171875,11655,0.0,0.0
2024-05-31 13:30:00-04:00,153.1925048828125,153.1925048828125,152.375,152.375,13117,0.0,0.0
2024-05-31 14:30:00-04:00,152.4499969482422,153.58999633789062,152.27000427246094,153.3800048828125,23319,0.0,0.0
2024-05-31 15:30:00-04:00,153.19000244140625,154.9499969482422,152.75999450683594,154.6300048828125,47315,0.0,0.0
2024-06-03 09:30:00-04:00,156.0800018310547,156.0800018310547,150.64999389648438,150.64999389648438,18285,0.0,0.0
2024-06-03 10:30:00-04:00,150.7899932861328,152.27999877929688,150.47999572753906,152.17999267578125,32533,0.0,0.0
2024-06-03 11:30:00-04:00,152.0500030517578,152.22000122070312,150.9600067138672,151.17999267578125,19849,0.0,0.0
2024-06-03 12:30:00-04:00,151.1750030517578,151.55999755859375,150.25999450683594,151.25999450683594,38243,0.0,0.0
2024-06-03 13:30:00-04:00,151.0500030517578,152.60000610351562,151.0500030517578,152.36000061035156,22566,0.0,0.0
2024-06-03 14:30:00-04:00,152.57000732421875,153.02999877929688,151.85000610351562,152.22000122070312,51602,0.0,0.0
2024-06-03 15:30:00-04:00,152.25999450683594,152.60499572753906,151.89999389648438,152.13999938964844,58658,0.0,0.0
2024-06-04 09:30:00-04:00,143.0500030517578,143.96499633789062,137.88999938964844,139.44500732421875,229431,0.0,0.0
2024-06-04 10:30:00-04:00,139.3800048828125,140.50999450683594,137.49000549316406,138.88999938964844,103523,0.0,0.0
2024-06-04 11:30:00-04:00,138.8699951171875,139.16000366210938,135.99000549316406,136.97500610351562,219165,0.0,0.0
2024-06-04 12:30:00-04:00,136.97000122070312,137.58999633789062,135.610107421875,136.4550018310547,91496,0.0,0.0
2024-06-04 13:30:00-04:00,136.5,137.27999877929688,135.8800048828125,136.076904296875,90644,0.0,0.0
2024-06-04 14:30:00-04:00,135.77999877929688,137.30999755859375,135.76499938964844,136.82000732421875,118504,0.0,0.0
2024-06-04 15:30:00-04:00,136.80999755859375,137.2100067138672,136.22999572753906,136.4600067138672,175917,0.0,0.0
2024-06-05 09:30:00-04:00,135.8300018310547,136.99000549316406,133.83999633789062,134.6999969482422,84126,0.0,0.0
2024-06-05 10:30:00-04:00,134.8699951171875,137.0,134.5800018310547,135.78500366210938,174429,0.0,0.0
2024-06-05 11:30:00-04:00,135.8000030517578,136.7100067138672,135.33999633789062,136.27999877929688,36931,0.0,0.0
2024-06-05 12:30:00-04:00,136.3249969482422,137.07000732421875,135.6649932861328,135.7949981689453,47955,0.0,0.0
2024-06-05 13:30:00-04:00,135.75999450683594,136.44500732421875,135.625,135.9250030517578,48469,0.0,0.0
2024-06-05 14:30:00-04:00,135.9250030517578,136.55999755859375,135.4700927734375,135.63999938964844,77150,0.0,0.0
2024-06-05 15:30:00-04:00,135.625,136.52000427246094,135.36000061035156,135.86000061035156,145911,0.0,0.0
2024-06-06 09:30:00-04:00,135.30999755859375,136.5,134.77000427246094,134.77000427246094,27319,0.0,0.0
2024-06-06 10:30:00-04:00,134.5399932861328,134.8000030517578,133.9499969482422,133.9550018310547,24773,0.0,0.0
2024-06-06 11:30:00-04:00,134.1300048828125,134.8000030517578,133.5,133.94500732421875,35656,0.0,0.0
2024-06-06 12:30:00-04:00,134.02999877929688,134.07000732421875,133.02000427246094,133.11500549316406,45507,0.0,0.0
2024-06-06 13:30:00-04:00,133.1199951171875,133.55999755859375,131.57000732421875,131.6199951171875,93569,0.0,0.0
2024-06-06 14:30:00-04:00,131.6199951171875,131.88499450683594,131.3300018310547,131.47000122070312,52718,0.0,0.0
2024-06-06 15:30:00-04:00,131.47999572753906,132.0749969482422,130.82000732421875,131.57000732421875,107345,0.0,0.0
2024-06-07 09:30:00-04:00,129.83999633789062,131.32000732421875,129.16000366210938,130.02000427246094,116906,0.0,0.0
2024-06-07 10:30:00-04:00,130.0500030517578,130.6300048828125,129.32000732421875,129.85000610351562,84195,0.0,0.0
2024-06-07 11:30:00-04:00,129.77999877929688,129.88999938964844,128.63999938964844,128.9600067138672,97083,0.0,0.0
2024-06-07 12:30:00-04:00,128.89999389648438,129.05999755859375,128.39999389648438,128.9199981689453,41315,0.0,0.0
2024-06-07 13:30:00-04:00,128.6999969482422,129.0,128.02000427246094,128.6699981689453,85662,0.0,0.0
2024-06-07 14:30:00-04:00,128.77000427246094,128.8800048828125,128.0500030517578,128.2100067138672,49339,0.0,0.0
2024-06-07 15:30:00-04:00,128.13999938964844,128.5399932861328,128.02999877929688,128.0800018310547,120165,0.0,0.0
2024-06-10 09:30:00-04:00,126.66000366210938,129.36000061035156,126.66000366210938,127.55999755859375,106749,0.0,0.0
2024-06-10 10:30:00-04:00,127.56999969482422,128.0749969482422,126.95500183105469,127.77999877929688,68069,0.0,0.0
2024-06-10 11:30:00-04:00,127.77999877929688,128.38499450683594,127.41000366210938,128.28750610351562,130318,0.0,0.0
2024-06-10 12:30:00-04:00,128.2949981689453,128.5500030517578,127.47000122070312,128.32000732421875,82003,0.0,0.0
2024-06-10 13:30:00-04:00,128.32000732421875,128.49000549316406,127.5199966430664,128.41000366210938,78272,0.0,0.0
2024-06-10 14:30:00-04:00,128.35499572753906,129.3699951171875,127.9800033569336,129.05160522460938,139227,0.0,0.0
2024-06-10 15:30:00-04:00,129.0500030517578,129.08999633789062,128.25,129.08999633789062,144648,0.0,0.0
2024-06-11 09:30:00-04:00,128.91000366210938,130.0050048828125,128.2949981689453,129.6300048828125,53646,0.0,0.0
2024-06-11 10:30:00-04:00,129.4600067138672,130.9499969482422,129.32000732421875,130.2899932861328,70706,0.0,0.0
2024-06-11 11:30:00-04:00,130.2899932861328,132.75999450683594,130.2899932861328,132.52000427246094,64952,0.0,0.0
2024-06-11 12:30:00-04:00,132.57000732421875,132.92990112304688,131.86000061035156,131.86000061035156,31904,0.0,0.0
2024-06-11 13:30:00-04:00,131.96499633789062,133.10000610351562,131.66000366210938,132.72999572753906,43011,0.0,0.0
2024-06-11 14:30:00-04:00,132.85000610351562,133.25,131.61000061035156,132.13499450683594,74125,0.0,0.0
2024-06-11 15:30:00-04:00,132.07000732421875,132.24000549316406,130.91000366210938,131.2100067138672,98792,0.0,0.0
2024-06-12 09:30:00-04:00,136.77000427246094,137.8000030517578,134.6699981689453,136.98500061035156,42086,0.0,0.0
2024-06-12 10:30:00-04:00,136.9149932861328,137.82000732421875,136.9149932861328,137.66000366210938,88160,0.0,0.0
2024-06-12 11:30:00-04:00,137.58999633789062,137.99000549316406,136.9499969482422,137.36000061035156,42859,0.0,0.0
2024-06-12 12:30:00-04:00,137.3175048828125,138.63999938964844,137.3175048828125,138.5225067138672,46440,0.0,0.0
2024-06-12 13:30:00-04:00,138.48500061035156,138.48500061035156,136.05999755859375,136.92999267578125,70685,0.0,0.0
2024-06-12 14:30:00-04:00,137.02999877929688,137.22999572753906,135.22000122070312,135.58999633789062,71467,0.0,0.0
2024-06-12 15:30:00-04:00,135.1699981689453,135.5500030517578,134.16000366210938,134.52999877929688,86463,0.0,0.0
2024-06-13 09:30:00-04:00,134.02999877929688,134.3800048828125,131.5,131.79750061035156,41356,0.0,0.0
2024-06-13 10:30:00-04:00,132.07000732421875,132.32000732421875,131.36000061035156,132.0,22340,0.0,0.0
2024-06-13 11:30:00-04:00,132.0,132.0500030517578,131.49000549316406,131.57339477539062,35451,0.0,0.0
2024-06-13 12:30:00-04:00,131.60000610351562,132.08999633789062,131.60000610351562,131.72999572753906,23114,0.0,0.0
2024-06-13 13:30:00-04:00,131.83999633789062,132.01499938964844,131.55499267578125,131.9499969482422,19644,0.0,0.0
2024-06-13 14:30:00-04:00,132.00999450683594,132.50999450683594,131.72000122070312,131.9600067138672,56699,0.0,0.0
2024-06-13 15:30:00-04:00,131.92999267578125,132.5500030517578,131.80999755859375,132.08999633789062,106789,0.0,0.0
2024-06-14 09:30:00-04:00,129.5800018310547,130.2449951171875,128.91000366210938,129.47000122070312,54327,0.0,0.0
2024-06-14 10:30:00-04:00,129.44000244140625,129.72999572753906,128.34500122070312,128.72000122070312,13678,0.0,0.0
2024-06-14 11:30:00-04:00,128.68499755859375,129.3699951171875,128.68499755859375,129.0,24074,0.0,0.0
2024-06-14 12:30:00-04:00,129.24000549316406,130.02999877929688,129.24000549316406,129.75,16361,0.0,0.0
2024-06-14 13:30:00-04:00,129.8000030517578,130.59500122070312,129.52999877929688,130.3000030517578,31690,0.0,0.0
2024-06-14 14:30:00-04:00,130.34500122070312,131.0500030517578,130.05999755859375,130.63499450683594,25131,0.0,0.0
2024-06-14 15:30:00-04:00,130.55999755859375,131.3800048828125,130.24000549316406,131.17999267578125,81453,0.0,0.0
2024-06-17 09:30:00-04:00,130.5500030517578,131.64999389648438,130.14999389648438,130.14999389648438,11591,0.0,0.0
2024-06-17 10:30:00-04:00,130.22500610351562,130.6199951171875,129.58999633789062,129.7050018310547,69966,0.0,0.0
2024-06-17 11:30:00-04:00,129.61500549316406,129.72999572753906,128.82000732421875,129.5800018310547,26898,0.0,0.0
2024-06-17 12:30:00-04:00,129.4199981689453,130.10000610351562,129.1300048828125,129.4250030517578,31737,0.0,0.0
2024-06-17 13:30:00-04:00,129.52999877929688,130.16000366210938,129.4149932861328,130.16000366210938,14547,0.0,0.0
2024-06-17 14:30:00-04:00,130.1750030517578,130.75,129.55999755859375,129.88999938964844,35723,0.0,0.0
2024-06-17 15:30:00-04:00,129.85000610351562,130.16900634765625,129.38999938964844,129.88999938964844,59504,0.0,0.0
2024-06-18 09:30:00-04:00,128.97999572753906,129.5500030517578,128.3300018310547,129.03500366210938,42088,0.0,0.0
2024-06-18 10:30:00-04:00,129.17999267578125,130.06500244140625,129.01010131835938,129.47000122070312,18171,0.0,0.0
2024-06-18 11:30:00-04:00,129.60000610351562,130.19500732421875,129.3300018310547,129.64999389648438,72118,0.0,0.0
2024-06-18 12:30:00-04:00,129.82000732421875,130.3800048828125,129.63999938964844,130.3800048828125,76857,0.0,0.0
2024-06-18 13:30:00-04:00,130.27999877929688,130.6199951171875,130.07000732421875,130.44500732421875,54520,0.0,0.0
2024-06-18 14:30:00-04:00,130.47999572753906,130.92579650878906,130.22999572753906,130.69000244140625,61007,0.0,0.0
2024-06-18 15:30:00-04:00,130.6999969482422,131.07000732421875,130.11000061035156,131.02000427246094,84025,0.0,0.0
2024-06-20 09:30:00-04:00,131.1699981689453,132.5050048828125,130.2958984375,131.8000030517578,88229,0.0,0.0
2024-06-20 10:30:00-04:00,131.66000366210938,131.6999969482422,131.0800018310547,131.3350067138672,127231,0.0,0.0
2024-06-20 11:30:00-04:00,131.47000122070312,131.60000610351562,130.5500030517578,130.7050018310547,22296,0.0,0.0
2024-06-20 12:30:00-04:00,130.61500549316406,130.80999755859375,129.7841033935547,130.01499938964844,45287,0.0,0.0
2024-06-20 13:30:00-04:00,130.1699981689453,130.8699951171875,129.9600067138672,130.42999267578125,22316,0.0,0.0
2024-06-20 14:30:00-04:00,130.47500610351562,131.47999572753906,130.2100067138672,131.41000366210938,44222,0.0,0.0
2024-06-20 15:30:00-04:00,131.41000366210938,131.49000549316406,130.83999633789062,131.3800048828125,56786,0.0,0.0
2024-06-21 09:30:00-04:00,130.92999267578125,131.85000610351562,128.22999572753906,129.5500030517578,55708,0.0,0.0
2024-06-21 10:30:00-04:00,129.61000061035156,130.44000244140625,129.14999389648438,130.17999267578125,127081,0.0,0.0
2024-06-21 11:30:00-04:00,130.0,130.05999755859375,129.38999938964844,129.92999267578125,21520,0.0,0.0
2024-06-21 12:30:00-04:00,129.92999267578125,130.1699981689453,129.67999267578125,129.89999389648438,18179,0.0,0.0
2024-06-21 13:30:00-04:00,129.99000549316406,130.07000732421875,129.17999267578125,129.80999755859375,21116,0.0,0.0
2024-06-21 14:30:00-04:00,129.74000549316406,130.17999267578125,129.30999755859375,130.17999267578125,78475,0.0,0.0
2024-06-21 15:30:00-04:00,130.0800018310547,130.89999389648438,130.0,130.80999755859375,68935,0.0,0.0
2024-06-24 09:30:00-04:00,131.24000549316406,132.5800018310547,130.7899932861328,131.5850067138672,23516,0.0,0.0
2024-06-24 10:30:00-04:00,131.7100067138672,132.63999938964844,131.7100067138672,132.63999938964844,13582,0.0,0.0
2024-06-24 11:30:00-04:00,132.70989990234375,132.97999572753906,131.85000610351562,131.98500061035156,21287,0.0,0.0
2024-06-24 12:30:00-04:00,131.85000610351562,132.0399932861328,130.97999572753906,131.25999450683594,30523,0.0,0.0
2024-06-24 13:30:00-04:00,131.23500061035156,131.77760314941406,131.14999389648438,131.5,28068,0.0,0.0
2024-06-24 14:30:00-04:00,131.5050048828125,132.25,131.26499938964844,131.60000610351562,28525,0.0,0.0
2024-06-24 15:30:00-04:00,131.5749969482422,131.8000030517578,131.14999389648438,131.24000549316406,59151,0.0,0.0
2024-06-25 09:30:00-04:00,128.77000427246094,129.4499969482422,126.44999694824219,127.0,78021,0.0,0.0
2024-06-25 10:30:00-04:00,126.56999969482422,127.01000213623047,124.22000122070312,124.48999786376953,88007,0.0,0.0
2024-06-25 11:30:00-04:00,124.61000061035156,124.69999694824219,124.01000213623047,124.68000030517578,78296,0.0,0.0
2024-06-25 12:30:00-04:00,124.625,125.80999755859375,124.23500061035156,125.6500015258789,38567,0.0,0.0
2024-06-25 13:30:00-04:00,125.69499969482422,126.30000305175781,125.36000061035156,126.30000305175781,58986,0.0,0.0
2024-06-25 14:30:00-04:00,126.31500244140625,126.31500244140625,125.29000091552734,125.51499938964844,44245,0.0,0.0
2024-06-25 15:30:00-04:00,125.45999908447266,125.55000305175781,125.07499694824219,125.47000122070312,85038,0.0,0.0
2024-06-26 09:30:00-04:00,124.41999816894531,125.94000244140625,124.41999816894531,125.48500061035156,28459,0.0,0.0
2024-06-26 10:30:00-04:00,125.30000305175781,125.31999969482422,124.62999725341797,124.87999725341797,31049,0.0,0.0
2024-06-26 11:30:00-04:00,124.56999969482422,125.55999755859375,124.51010131835938,125.33999633789062,26596,0.0,0.0
2024-06-26 12:30:00-04:00,125.3499984741211,125.3759994506836,124.45999908447266,124.76000213623047,70044,0.0,0.0
2024-06-26 13:30:00-04:00,124.54000091552734,125.0,124.1500015258789,124.76000213623047,43437,0.0,0.0
2024-06-26 14:30:00-04:00,124.63999938964844,124.63999938964844,123.76000213623047,123.93000030517578,35242,0.0,0.0
2024-06-26 15:30:00-04:00,123.94999694824219,124.38999938964844,123.80000305175781,123.80000305175781,146779,0.0,0.0
2024-06-27 09:30:00-04:00,123.62000274658203,123.9800033569336,122.9000015258789,123.29499816894531,43934,0.0,0.0
2024-06-27 10:30:00-04:00,123.33000183105469,123.33000183105469,122.37000274658203,122.58000183105469,25576,0.0,0.0
2024-06-27 11:30:00-04:00,122.7699966430664,122.7699966430664,121.82499694824219,121.9000015258789,103757,0.0,0.0
2024-06-27 12:30:00-04:00,121.93499755859375,122.25,121.8499984741211,121.91999816894531,112653,0.0,0.0
2024-06-27 13:30:00-04:00,121.8499984741211,122.83000183105469,121.8499984741211,122.21499633789062,47420,0.0,0.0
2024-06-27 14:30:00-04:00,122.05000305175781,122.5,121.62999725341797,122.38999938964844,60007,0.0,0.0
2024-06-27 15:30:00-04:00,122.33000183105469,122.5199966430664,121.7699966430664,122.19999694824219,152486,0.0,0.0
2024-06-28 09:30:00-04:00,122.79000091552734,124.52999877929688,122.69000244140625,124.1500015258789,58951,0.0,0.0
2024-06-28 10:30:00-04:00,124.33999633789062,124.68000030517578,122.69999694824219,123.05999755859375,51944,0.0,0.0
2024-06-28 11:30:00-04:00,123.06330108642578,123.06330108642578,122.51000213623047,122.55999755859375,30182,0.0,0.0
2024-06-28 12:30:00-04:00,122.6449966430664,122.77999877929688,121.73999786376953,121.76000213623047,21807,0.0,0.0
2024-06-28 13:30:00-04:00,121.6500015258789,122.12000274658203,121.19999694824219,121.87000274658203,40799,0.0,0.0
2024-06-28 14:30:00-04:00,121.80000305175781,121.9000015258789,121.2300033569336,121.37999725341797,30703,0.0,0.0
2024-06-28 15:30:00-04:00,121.30000305175781,121.8499984741211,121.05999755859375,121.25,127308,0.0,0.0
2024-07-01 09:30:00-04:00,121.93000030517578,122.02999877929688,120.0,120.55000305175781,34741,0.0,0.0
2024-07-01 10:30:00-04:00,120.36000061035156,120.36000061035156,118.79000091552734,119.11000061035156,41417,0.0,0.0
2024-07-01 11:30:00-04:00,118.98999786376953,119.27999877929688,118.36000061035156,118.36000061035156,41035,0.0,0.0
2024-07-01 12:30:00-04:00,118.27999877929688,118.55989837646484,117.83000183105469,117.91999816894531,46031,0.0,0.0
2024-07-01 13:30:00-04:00,117.93499755859375,118.33000183105469,117.69999694824219,117.86000061035156,25932,0.0,0.0
2024-07-01 14:30:00-04:00,117.83999633789062,117.98999786376953,117.48999786376953,117.54000091552734,35710,0.0,0.0
2024-07-01 15:30:00-04:00,117.55999755859375,117.95999908447266,117.23999786376953,117.44000244140625,95902,0.0,0.0
2024-07-02 09:30:00-04:00,117.16999816894531,117.73999786376953,115.86009979248047,116.0875015258789,51312,0.0,0.0
2024-07-02 10:30:00-04:00,116.05999755859375,116.69000244140625,115.55000305175781,116.45999908447266,43145,0.0,0.0
2024-07-02 11:30:00-04:00,116.37000274658203,116.68000030517578,116.16999816894531,116.56999969482422,87058,0.0,0.0
2024-07-02 12:30:00-04:00,116.58999633789062,116.69999694824219,116.02999877929688,116.19999694824219,33625,0.0,0.0
2024-07-02 13:30:00-04:00,116.18000030517578,116.70999908447266,116.0199966430664,116.51000213623047,34586,0.0,0.0
2024-07-02 14:30:00-04:00,116.58000183105469,117.05999755859375,116.45999908447266,117.01499938964844,41563,0.0,0.0
2024-07-02 15:30:00-04:00,116.95999908447266,116.95999908447266,116.44000244140625,116.56999969482422,82044,0.0,0.0
2024-07-03 09:30:00-04:00,116.55000305175781,117.80999755859375,115.80999755859375,117.4000015258789,28133,0.0,0.0
2024-07-03 10:30:00-04:00,117.4000015258789,118.08000183105469,116.95500183105469,117.69000244140625,39135,0.0,0.0
2024-07-03 11:30:00-04:00,117.73500061035156,118.55999755859375,117.13999938964844,118.47000122070312,69820,0.0,0.0
2024-07-05 09:30:00-04:00,117.11000061035156,118.37310028076172,116.69000244140625,116.7125015258789,67739,0.0,0.0
2024-07-05 10:30:00-04:00,116.75499725341797,117.18000030517578,116.46869659423828,117.0,63126,0.0,0.0
2024-07-05 11:30:00-04:00,116.87999725341797,117.33999633789062,116.7300033569336,116.94000244140625,69479,0.0,0.0
2024-07-05 12:30:00-04:00,116.8949966430664,117.08999633789062,116.36000061035156,116.55000305175781,33060,0.0,0.0
2024-07-05 13:30:00-04:00,116.44499969482422,116.54000091552734,116.1500015258789,116.2699966430664,24524,0.0,0.0
2024-07-05 14:30:00-04:00,116.28500366210938,116.58999633789062,116.19000244140625,116.4000015258789,121578,0.0,0.0
2024-07-05 15:30:00-04:00,116.44999694824219,116.69000244140625,116.38999938964844,116.52999877929688,92094,0.0,0.0
2024-07-08 09:30:00-04:00,117.1500015258789,118.18000030517578,116.87999725341797,117.22000122070312,44616,0.0,0.0
2024-07-08 10:30:00-04:00,117.03500366210938,118.31999969482422,116.98999786376953,117.88999938964844,81831,0.0,0.0
2024-07-08 11:30:00-04:00,117.80999755859375,117.83000183105469,116.94000244140625,116.94000244140625,46637,0.0,0.0
2024-07-08 12:30:00-04:00,116.9749984741211,117.28410339355469,116.69999694824219,116.71499633789062,41163,0.0,0.0
2024-07-08 13:30:00-04:00,116.69000244140625,116.77999877929688,116.37000274658203,116.58000183105469,26430,0.0,0.0
2024-07-08 14:30:00-04:00,116.5,116.87349700927734,116.37999725341797,116.56999969482422,34663,0.0,0.0
2024-07-08 15:30:00-04:00,116.55000305175781,116.56999969482422,116.29000091552734,116.30999755859375,127438,0.0,0.0
2024-07-09 09:30:00-04:00,116.19000244140625,116.8499984741211,115.08999633789062,115.91999816894531,108637,0.0,0.0
2024-07-09 10:30:00-04:00,115.83999633789062,115.97000122070312,114.5999984741211,115.20999908447266,76546,0.0,0.0
2024-07-09 11:30:00-04:00,115.32499694824219,115.75,114.94010162353516,115.5,81555,0.0,0.0
2024-07-09 12:30:00-04:00,115.74500274658203,116.68000030517578,115.6937026977539,116.44000244140625,37168,0.0,0.0
2024-07-09 13:30:00-04:00,116.31999969482422,116.69999694824219,115.93000030517578,116.31500244140625,39669,0.0,0.0
2024-07-09 14:30:00-04:00,116.30500030517578,116.44999694824219,115.5,115.69000244140625,83485,0.0,0.0
2024-07-09 15:30:00-04:00,115.7699966430664,116.0999984741211,115.33999633789062,115.58999633789062,184910,0.0,0.0
2024-07-10 09:30:00-04:00,116.05999755859375,119.0999984741211,115.54000091552734,118.23500061035156,82913,0.0,0.0
2024-07-10 10:30:00-04:00,118.02999877929688,118.875,117.79000091552734,118.30000305175781,68464,0.0,0.0
2024-07-10 11:30:00-04:00,118.25499725341797,119.77999877929688,118.01499938964844,119.69000244140625,58169,0.0,0.0
2024-07-10 12:30:00-04:00,119.62000274658203,120.22000122070312,119.18000030517578,119.6500015258789,259280,0.0,0.0
2024-07-10 13:30:00-04:00,119.62000274658203,119.63999938964844,119.19499969482422,119.43000030517578,68311,0.0,0.0
2024-07-10 14:30:00-04:00,119.30999755859375,120.07499694824219,119.1500015258789,119.94000244140625,130768,0.0,0.0
2024-07-10 15:30:00-04:00,119.9000015258789,120.25550079345703,119.83499908447266,120.16999816894531,193049,0.0,0.0
2024-07-11 09:30:00-04:00,122.97000122070312,127.58000183105469,122.44999694824219,126.87000274658203,66020,0.0,0.0
2024-07-11 10:30:00-04:00,127.0250015258789,130.27000427246094,126.51000213623047,129.4600067138672,148325,0.0,0.0
2024-07-11 11:30:00-04:00,129.3800048828125,129.4199981689453,127.70500183105469,127.7750015258789,152352,0.0,0.0
2024-07-11 12:30:00-04:00,127.66999816894531,128.30999755859375,126.80999755859375,127.94000244140625,72714,0.0,0.0
2024-07-11 13:30:00-04:00,127.94499969482422,128.49000549316406,127.69999694824219,128.35000610351562,63787,0.0,0.0
2024-07-11 14:30:00-04:00,128.35000610351562,129.3699951171875,128.35000610351562,129.3000030517578,78946,0.0,0.0
2024-07-11 15:30:00-04:00,129.32000732421875,129.8300018310547,129.22000122070312,129.36000061035156,179576,0.0,0.0
2024-07-12 09:30:00-04:00,129.94000244140625,132.68499755859375,129.74000549316406,132.5449981689453,45000,0.0,0.0
2024-07-12 10:30:00-04:00,132.5449981689453,132.59500122070312,131.6199951171875,132.07000732421875,67765,0.0,0.0
2024-07-12 11:30:00-04:00,132.0399932861328,132.1999969482422,131.5625,131.59500122070312,76715,0.0,0.0
2024-07-12 12:30:00-04:00,131.5850067138672,132.24000549316406,131.47000122070312,132.10000610351562,53718,0.0,0.0
2024-07-12 13:30:00-04:00,132.1999969482422,132.22999572753906,131.39999389648438,131.52999877929688,64788,0.0,0.0
2024-07-12 14:30:00-04:00,131.47999572753906,131.5500030517578,130.77999877929688,130.77999877929688,87266,0.0,0.0
2024-07-12 15:30:00-04:00,130.80999755859375,130.80999755859375,130.13999938964844,130.2100067138672,126832,0.0,0.0
2024-07-15 09:30:00-04:00,130.6999969482422,131.94000244140625,129.8000030517578,131.61500549316406,40287,0.0,0.0
2024-07-15 10:30:00-04:00,131.625,133.8699951171875,131.625,133.67999267578125,64891,0.0,0.0
2024-07-15 11:30:00-04:00,133.6699981689453,134.17999267578125,133.27000427246094,133.5500030517578,32067,0.0,0.0
2024-07-15 12:30:00-04:00,133.5399932861328,134.6300048828125,133.3699951171875,134.16000366210938,47561,0.0,0.0
2024-07-15 13:30:00-04:00,134.16000366210938,134.57000732421875,133.6300048828125,134.22000122070312,43152,0.0,0.0
2024-07-15 14:30:00-04:00,134.0500030517578,134.9499969482422,133.82000732421875,134.8249969482422,55969,0.0,0.0
2024-07-15 15:30:00-04:00,134.81500244140625,134.81500244140625,133.6300048828125,133.91000366210938,233994,0.0,0.0
2024-07-16 09:30:00-04:00,135.0399932861328,140.5500030517578,134.35000610351562,138.4149932861328,0,0.0,0.0
2024-07-16 10:30:00-04:00,138.27499389648438,139.90499877929688,138.22999572753906,139.69000244140625,47305,0.0,0.0
2024-07-16 11:30:00-04:00,139.69000244140625,141.10000610351562,138.75999450683594,141.10000610351562,59167,0.0,0.0
2024-07-16 12:30:00-04:00,140.9199981689453,141.67999267578125,140.47999572753906,141.02000427246094,56711,0.0,0.0
2024-07-16 13:30:00-04:00,140.91000366210938,142.11500549316406,140.91000366210938,142.11500549316406,39092,0.0,0.0
2024-07-16 14:30:00-04:00,142.1999969482422,143.3300018310547,141.49000549316406,143.0800018310547,83164,0.0,0.0
2024-07-16 15:30:00-04:00,143.14999389648438,143.5500030517578,142.80999755859375,143.5,182348,0.0,0.0
2024-07-17 09:30:00-04:00,142.4600067138672,145.63999938964844,141.55999755859375,143.6199951171875,118725,0.0,0.0
2024-07-17 10:30:00-04:00,143.6199951171875,144.30999755859375,142.96499633789062,143.91000366210938,74272,0.0,0.0
2024-07-17 11:30:00-04:00,143.86000061035156,143.94000244140625,142.4600067138672,142.4600067138672,98041,0.0,0.0
2024-07-17 12:30:00-04:00,142.36500549316406,142.36500549316406,141.32000732421875,141.9600067138672,66989,0.0,0.0
2024-07-17 13:30:00-04:00,142.0399932861328,142.4989013671875,141.72999572753906,142.4989013671875,56058,0.0,0.0
2024-07-17 14:30:00-04:00,142.3300018310547,142.44000244140625,141.6999969482422,141.85000610351562,109792,0.0,0.0
2024-07-17 15:30:00-04:00,141.82000732421875,141.86000061035156,140.19000244140625,140.25,202890,0.0,0.0
2024-07-18 09:30:00-04:00,140.3300018310547,143.9250030517578,139.09500122070312,141.91000366210938,116852,0.0,0.0
2024-07-18 10:30:00-04:00,141.92999267578125,142.10000610351562,140.5,140.75999450683594,91956,0.0,0.0
2024-07-18 11:30:00-04:00,140.52999877929688,141.2899932861328,140.5,140.75,45474,0.0,0.0
2024-07-18 12:30:00-04:00,140.72999572753906,141.69500732421875,140.72999572753906,141.47000122070312,20710,0.0,0.0
2024-07-18 13:30:00-04:00,141.6199951171875,141.6199951171875,139.42999267578125,139.7100067138672,143949,0.0,0.0
2024-07-18 14:30:00-04:00,139.69000244140625,140.0399932861328,136.88999938964844,137.0,215176,0.0,0.0
2024-07-18 15:30:00-04:00,136.8000030517578,138.21499633789062,136.77999877929688,137.0800018310547,194342,0.0,0.0
2024-07-19 09:30:00-04:00,136.58999633789062,136.58999633789062,134.25,134.25,56423,0.0,0.0
2024-07-19 10:30:00-04:00,134.24000549316406,135.27000427246094,132.5500030517578,132.5800018310547,47467,0.0,0.0
2024-07-19 11:30:00-04:00,132.72999572753906,134.39999389648438,132.55999755859375,134.39999389648438,86227,0.0,0.0
2024-07-19 12:30:00-04:00,134.38999938964844,134.5800018310547,133.7050018310547,134.47999572753906,91102,0.0,0.0
2024-07-19 13:30:00-04:00,134.3800048828125,134.72000122070312,133.99000549316406,133.99000549316406,84716,0.0,0.0
2024-07-19 14:30:00-04:00,133.8800048828125,135.50999450683594,133.52999877929688,135.3300018310547,46513,0.0,0.0
2024-07-19 15:30:00-04:00,135.30499267578125,135.36000061035156,134.5500030517578,135.1699981689453,78023,0.0,0.0
2024-07-22 09:30:00-04:00,137.64999389648438,137.64999389648438,133.9149932861328,135.74000549316406,76727,0.0,0.0
2024-07-22 10:30:00-04:00,135.47000122070312,137.0,135.47000122070312,136.32000732421875,26633,0.0,0.0
2024-07-22 11:30:00-04:00,136.31500244140625,136.77999877929688,136.05999755859375,136.35499572753906,32414,0.0,0.0
2024-07-22 12:30:00-04:00,136.3000030517578,137.24000549316406,135.9499969482422,137.14500427246094,28437,0.0,0.0
2024-07-22 13:30:00-04:00,137.08999633789062,137.75,137.08999633789062,137.52999877929688,27251,0.0,0.0
2024-07-22 14:30:00-04:00,137.48500061035156,138.75999450683594,137.48500061035156,138.3699951171875,38717,0.0,0.0
2024-07-22 15:30:00-04:00,138.4600067138672,139.27000427246094,138.33999633789062,139.22000122070312,81458,0.0,0.0
2024-07-23 09:30:00-04:00,138.52999877929688,140.5800018310547,138.375,140.3249969482422,15879,0.0,0.0
2024-07-23 10:30:00-04:00,140.22000122070312,140.6199951171875,138.60000610351562,138.89500427246094,41433,0.0,0.0
2024-07-23 11:30:00-04:00,139.0,139.36000061035156,138.5,138.75,24470,0.0,0.0
2024-07-23 12:30:00-04:00,138.74000549316406,138.88999938964844,138.6699981689453,138.69000244140625,11926,0.0,0.0
2024-07-23 13:30:00-04:00,138.72999572753906,139.27000427246094,138.5800018310547,139.07000732421875,16204,0.0,0.0
2024-07-23 14:30:00-04:00,139.05999755859375,139.89999389648438,138.97000122070312,139.69000244140625,28004,0.0,0.0
2024-07-23 15:30:00-04:00,139.47999572753906,139.47999572753906,138.88999938964844,139.1300048828125,52969,0.0,0.0
2024-07-24 09:30:00-04:00,138.02000427246094,139.72000122070312,136.82000732421875,137.80499267578125,12746,0.0,0.0
2024-07-24 10:30:00-04:00,139.23500061035156,139.64990234375,138.8350067138672,139.02499389648438,38987,0.0,0.0
2024-07-24 11:30:00-04:00,139.42999267578125,139.52999877929688,138.9199981689453,139.22000122070312,11995,0.0,0.0
2024-07-24 12:30:00-04:00,138.9199981689453,138.97500610351562,138.63999938964844,138.6750030517578,21342,0.0,0.0
2024-07-24 13:30:00-04:00,138.6699981689453,139.0399932861328,137.72999572753906,137.90499877929688,29614,0.0,0.0
2024-07-24 14:30:00-04:00,137.89500427246094,137.90499877929688,135.97999572753906,136.0050048828125,31992,0.0,0.0
2024-07-24 15:30:00-04:00,136.05999755859375,136.2899932861328,134.85000610351562,134.85000610351562,150854,0.0,0.0
2024-07-25 09:30:00-04:00,135.1999969482422,139.82000732421875,135.1999969482422,139.5675048828125,51422,0.0,0.0
2024-07-25 10:30:00-04:00,139.61500549316406,141.97999572753906,138.8800048828125,141.7100067138672,63157,0.0,0.0
2024-07-25 11:30:00-04:00,141.5449981689453,143.6300048828125,140.9199981689453,143.39810180664062,84399,0.0,0.0
2024-07-25 12:30:00-04:00,143.58999633789062,144.30999755859375,143.32000732421875,143.63999938964844,57323,0.0,0.0
2024-07-25 13:30:00-04:00,143.6199951171875,143.83999633789062,142.47889709472656,142.69000244140625,45129,0.0,0.0
2024-07-25 14:30:00-04:00,142.6999969482422,143.02000427246094,141.69500732421875,142.99000549316406,91649,0.0,0.0
2024-07-25 15:30:00-04:00,143.0,143.0,141.25,141.94000244140625,155960,0.0,0.0
2024-07-26 09:30:00-04:00,145.33999633789062,148.02000427246094,145.33999633789062,146.47000122070312,55026,0.0,0.0
2024-07-26 10:30:00-04:00,146.22999572753906,146.6999969482422,144.9600067138672,146.1199951171875,40681,0.0,0.0
2024-07-26 11:30:00-04:00,146.22999572753906,147.64999389648438,146.22999572753906,146.7100067138672,76791,0.0,0.0
2024-07-26 12:30:00-04:00,146.7899932861328,146.80499267578125,145.99009704589844,146.23500061035156,48398,0.0,0.0
2024-07-26 13:30:00-04:00,146.1699981689453,146.1699981689453,145.11000061035156,145.59500122070312,47488,0.0,0.0
2024-07-26 14:30:00-04:00,145.59500122070312,146.02000427246094,144.85000610351562,145.9600067138672,40129,0.0,0.0
2024-07-26 15:30:00-04:00,145.9600067138672,146.50999450683594,145.42999267578125,145.52000427246094,134411,0.0,0.0
2024-07-29 09:30:00-04:00,145.52999877929688,145.73500061035156,142.32000732421875,142.3800048828125,152377,0.0,0.0
2024-07-29 10:30:00-04:00,142.22999572753906,142.4550018310547,140.85000610351562,141.02000427246094,126630,0.0,0.0
2024-07-29 11:30:00-04:00,141.08999633789062,142.6999053955078,140.86500549316406,142.2550048828125,102606,0.0,0.0
2024-07-29 12:30:00-04:00,142.35000610351562,142.38999938964844,141.5800018310547,141.64999389648438,50933,0.0,0.0
2024-07-29 13:30:00-04:00,141.64999389648438,141.6999969482422,140.99000549316406,141.5399932861328,52241,0.0,0.0
2024-07-29 14:30:00-04:00,141.5399932861328,142.17999267578125,141.3699951171875,142.1300048828125,67140,0.0,0.0
2024-07-29 15:30:00-04:00,142.13499450683594,142.55999755859375,141.75,142.14999389648438,225330,0.0,0.0
2024-07-30 09:30:00-04:00,143.97999572753906,145.3000030517578,142.72000122070312,144.31500244140625,133190,0.0,0.0
2024-07-30 10:30:00-04:00,144.3249969482422,144.57000732421875,142.61000061035156,142.89500427246094,60811,0.0,0.0
2024-07-30 11:30:00-04:00,142.72000122070312,143.0500030517578,141.83999633789062,141.9600067138672,87978,0.0,0.0
2024-07-30 12:30:00-04:00,142.05499267578125,142.67999267578125,141.8300018310547,142.30999755859375,48192,0.0,0.0
2024-07-30 13:30:00-04:00,142.2899932861328,142.94500732421875,142.11000061035156,142.49000549316406,60280,0.0,0.0
2024-07-30 14:30:00-04:00,142.3300018310547,143.9250030517578,142.2100067138672,143.77000427246094,75199,0.0,0.0
2024-07-30 15:30:00-04:00,143.67999267578125,144.42999267578125,142.97000122070312,143.41000366210938,160710,0.0,0.0
2024-07-31 09:30:00-04:00,140.0,148.02499389648438,137.8699951171875,146.47500610351562,340880,0.0,0.0
2024-07-31 10:30:00-04:00,146.39999389648438,148.8300018310547,145.39999389648438,148.55999755859375,156555,0.0,0.0
2024-07-31 11:30:00-04:00,148.19500732421875,151.41000366210938,148.16000366210938,150.39999389648438,146367,0.0,0.0
2024-07-31 12:30:00-04:00,150.6999969482422,150.8300018310547,148.60000610351562,149.0050048828125,101983,0.0,0.0
2024-07-31 13:30:00-04:00,148.88999938964844,149.25,147.16000366210938,148.77499389648438,76804,0.0,0.0
2024-07-31 14:30:00-04:00,148.91000366210938,153.22000122070312,148.67999267578125,149.07000732421875,145209,0.0,0.0
2024-07-31 15:30:00-04:00,148.9600067138672,149.40499877929688,146.6699981689453,146.68499755859375,203503,0.0,0.0
2024-08-01 09:30:00-04:00,142.6699981689453,144.5399932861328,139.3800048828125,141.2899932861328,120079,0.0,0.0
2024-08-01 10:30:00-04:00,141.27999877929688,142.09500122070312,138.1300048828125,138.32000732421875,176913,0.0,0.0
2024-08-01 11:30:00-04:00,138.4600067138672,139.25999450683594,137.2449951171875,139.07000732421875,46626,0.0,0.0
2024-08-01 12:30:00-04:00,139.17999267578125,139.52999877929688,137.92999267578125,138.52499389648438,37171,0.0,0.0
2024-08-01 13:30:00-04:00,138.39999389648438,139.44000244140625,138.02999877929688,138.21499633789062,43996,0.0,0.0
2024-08-01 14:30:00-04:00,138.21499633789062,138.9499969482422,138.0,138.85499572753906,57213,0.0,0.0
2024-08-01 15:30:00-04:00,138.9600067138672,140.3800048828125,138.75,139.58999633789062,147387,0.0,0.0
2024-08-02 09:30:00-04:00,136.10000610351562,136.10000610351562,130.6999969482422,131.46499633789062,119457,0.0,0.0
2024-08-02 10:30:00-04:00,131.68299865722656,131.68299865722656,130.31500244140625,130.7550048828125,150610,0.0,0.0
2024-08-02 11:30:00-04:00,130.7550048828125,132.55999755859375,130.7550048828125,132.55999755859375,155309,0.0,0.0
2024-08-02 12:30:00-04:00,132.5,133.39999389648438,131.82000732421875,133.30499267578125,52186,0.0,0.0
2024-08-02 13:30:00-04:00,133.27499389648438,133.6999969482422,132.52099609375,133.6999969482422,32866,0.0,0.0
2024-08-02 14:30:00-04:00,133.72999572753906,136.7949981689453,133.7050018310547,136.72500610351562,76389,0.0,0.0
2024-08-02 15:30:00-04:00,136.80999755859375,137.1699981689453,135.0,135.44000244140625,238562,0.0,0.0
2024-08-05 09:30:00-04:00,129.0399932861328,134.4600067138672,127.12000274658203,132.7949981689453,60805,0.0,0.0
2024-08-05 10:30:00-04:00,132.6925048828125,134.1999969482422,132.23500061035156,133.6300048828125,42316,0.0,0.0
2024-08-05 11:30:00-04:00,133.55999755859375,135.0399932861328,133.5500030517578,134.52999877929688,75965,0.0,0.0
2024-08-05 12:30:00-04:00,134.47000122070312,134.48570251464844,131.8699951171875,132.92999267578125,43660,0.0,0.0
2024-08-05 13:30:00-04:00,132.88999938964844,134.07000732421875,132.27999877929688,132.97999572753906,34330,0.0,0.0
2024-08-05 14:30:00-04:00,132.82000732421875,133.08999633789062,131.7100067138672,132.42999267578125,44516,0.0,0.0
2024-08-05 15:30:00-04:00,132.63999938964844,133.0500030517578,131.0800018310547,132.8000030517578,115604,0.0,0.0
2024-08-06 09:30:00-04:00,132.55999755859375,134.697998046875,131.72500610351562,133.5399932861328,18613,0.0,0.0
2024-08-06 10:30:00-04:00,133.2100067138672,135.30140686035156,132.72000122070312,133.5,54682,0.0,0.0
2024-08-06 11:30:00-04:00,133.05999755859375,134.49000549316406,133.05999755859375,134.36000061035156,22482,0.0,0.0
2024-08-06 12:30:00-04:00,134.36000061035156,135.56939697265625,134.3000030517578,135.55999755859375,55998,0.0,0.0
2024-08-06 13:30:00-04:00,135.77999877929688,137.57000732421875,135.49000549316406,137.5399932861328,44157,0.0,0.0
2024-08-06 14:30:00-04:00,137.6300048828125,137.6300048828125,135.11000061035156,136.59500122070312,82701,0.0,0.0
2024-08-06 15:30:00-04:00,136.3300018310547,136.74000549316406,135.42999267578125,135.68499755859375,128342,0.0,0.0
2024-08-07 09:30:00-04:00,138.07000732421875,138.34500122070312,134.2899932861328,135.01499938964844,194326,0.0,0.0
2024-08-07 10:30:00-04:00,134.97000122070312,137.00999450683594,134.69500732421875,135.01499938964844,270465,0.0,0.0
2024-08-07 11:30:00-04:00,134.92999267578125,135.5500030517578,133.19000244140625,133.63499450683594,31679,0.0,0.0
2024-08-07 12:30:00-04:00,133.44000244140625,133.75999450683594,131.28500366210938,132.88999938964844,44405,0.0,0.0
2024-08-07 13:30:00-04:00,132.66000366210938,132.66000366210938,130.39500427246094,130.60000610351562,57593,0.0,0.0
2024-08-07 14:30:00-04:00,130.39999389648438,131.5,130.0522003173828,130.6750030517578,42128,0.0,0.0
2024-08-07 15:30:00-04:00,130.75,130.94000244140625,129.77000427246094,129.97999572753906,103726,0.0,0.0
2024-08-08 09:30:00-04:00,131.3699951171875,134.89999389648438,130.0800018310547,132.66000366210938,31793,0.0,0.0
2024-08-08 10:30:00-04:00,132.66000366210938,133.69000244140625,132.22000122070312,133.63499450683594,35917,0.0,0.0
2024-08-08 11:30:00-04:00,133.39999389648438,133.6999969482422,132.52000427246094,132.69000244140625,22467,0.0,0.0
2024-08-08 12:30:00-04:00,132.64999389648438,133.1699981689453,131.8000030517578,133.1699981689453,23858,0.0,0.0
2024-08-08 13:30:00-04:00,133.22999572753906,134.22999572753906,132.9600067138672,133.6699981689453,33242,0.0,0.0
2024-08-08 14:30:00-04:00,133.52000427246094,133.8699951171875,132.85000610351562,133.11500549316406,47931,0.0,0.0
2024-08-08 15:30:00-04:00,133.24000549316406,133.55999755859375,132.69000244140625,133.35000610351562,74043,0.0,0.0
2024-08-09 09:30:00-04:00,134.1300048828125,134.1300048828125,131.03500366210938,131.88499450683594,28821,0.0,0.0
2024-08-09 10:30:00-04:00,131.67999267578125,133.75,131.67999267578125,132.80499267578125,25913,0.0,0.0
2024-08-09 11:30:00-04:00,132.76499938964844,133.09500122070312,132.25999450683594,132.51100158691406,23744,0.0,0.0
2024-08-09 12:30:00-04:00,132.52000427246094,134.1199951171875,132.52000427246094,133.83999633789062,30771,0.0,0.0
2024-08-09 13:30:00-04:00,133.92999267578125,134.0500030517578,133.48500061035156,133.60000610351562,25844,0.0,0.0
2024-08-09 14:30:00-04:00,133.5800018310547,133.74000549316406,133.1699981689453,133.5449981689453,36484,0.0,0.0
2024-08-09 15:30:00-04:00,133.5500030517578,133.5500030517578,132.34500122070312,133.00999450683594,64786,0.0,0.0
2024-08-12 09:30:00-04:00,132.6300048828125,132.6300048828125,129.7050018310547,130.77000427246094,23680,0.0,0.0
2024-08-12 10:30:00-04:00,130.89999389648438,131.5,130.33999633789062,130.33999633789062,50360,0.0,0.0
2024-08-12 11:30:00-04:00,130.63999938964844,130.88999938964844,130.27000427246094,130.63999938964844,15105,0.0,0.0
2024-08-12 12:30:00-04:00,130.64500427246094,130.7899932861328,130.14999389648438,130.22999572753906,16911,0.0,0.0
2024-08-12 13:30:00-04:00,130.42999267578125,130.86000061035156,130.2158966064453,130.4550018310547,17473,0.0,0.0
2024-08-12 14:30:00-04:00,130.38999938964844,130.7100067138672,130.3699951171875,130.5399932861328,16974,0.0,0.0
2024-08-12 15:30:00-04:00,130.52999877929688,130.79800415039062,130.32000732421875,130.5,61007,0.0,0.0
2024-08-13 09:30:00-04:00,131.74000549316406,133.9499969482422,130.8350067138672,131.47999572753906,20551,0.0,0.0
2024-08-13 10:30:00-04:00,131.5850067138672,132.05499267578125,131.35000610351562,131.77999877929688,34762,0.0,0.0
2024-08-13 11:30:00-04:00,131.8699951171875,132.77000427246094,131.66000366210938,132.6300048828125,20098,0.0,0.0
2024-08-13 12:30:00-04:00,132.60000610351562,133.39999389648438,132.17999267578125,133.1300048828125,19932,0.0,0.0
2024-08-13 13:30:00-04:00,133.09500122070312,134.2100067138672,132.89999389648438,134.02000427246094,16410,0.0,0.0
2024-08-13 14:30:00-04:00,133.98500061035156,135.19000244140625,133.98500061035156,135.17999267578125,25694,0.0,0.0
2024-08-13 15:30:00-04:00,135.125,136.32000732421875,134.85000610351562,136.0800018310547,85238,0.0,0.0
2024-08-14 09:30:00-04:00,136.7100067138672,136.7100067138672,133.3699951171875,134.08999633789062,17021,0.0,0.0
2024-08-14 10:30:00-04:00,133.8000030517578,133.8000030517578,132.4499969482422,132.55999755859375,52214,0.0,0.0
2024-08-14 11:30:00-04:00,132.47999572753906,133.24000549316406,132.1999969482422,132.55999755859375,54440,0.0,0.0
2024-08-14 12:30:00-04:00,132.4199981689453,133.5800018310547,132.35499572753906,133.25999450683594,13601,0.0,0.0
2024-08-14 13:30:00-04:00,133.25,133.73500061035156,132.66000366210938,132.9600067138672,25530,0.0,0.0
2024-08-14 14:30:00-04:00,133.02000427246094,134.17999267578125,133.02000427246094,133.61000061035156,27383,0.0,0.0
2024-08-14 15:30:00-04:00,133.6199951171875,134.07000732421875,133.50999450683594,133.97000122070312,57031,0.0,0.0
2024-08-15 09:30:00-04:00,136.82000732421875,138.85499572753906,135.17999267578125,136.6699981689453,22190,0.0,0.0
2024-08-15 10:30:00-04:00,136.5050048828125,138.38999938964844,136.5050048828125,137.85000610351562,24716,0.0,0.0
2024-08-15 11:30:00-04:00,137.8800048828125,137.97000122070312,137.49000549316406,137.94000244140625,10939,0.0,0.0
2024-08-15 12:30:00-04:00,137.92999267578125,138.6199951171875,137.14999389648438,138.4600067138672,13414,0.0,0.0
2024-08-15 13:30:00-04:00,138.5142059326172,138.52000427246094,137.7100067138672,138.0399932861328,19315,0.0,0.0
2024-08-15 14:30:00-04:00,137.8300018310547,137.8300018310547,137.13999938964844,137.27999877929688,25727,0.0,0.0
2024-08-15 15:30:00-04:00,137.2899932861328,138.13999938964844,137.2100067138672,138.00999450683594,113307,0.0,0.0
2024-08-16 09:30:00-04:00,137.7100067138672,139.1649932861328,136.33999633789062,137.16000366210938,26785,0.0,0.0
2024-08-16 10:30:00-04:00,137.07000732421875,137.25999450683594,136.4600067138672,136.47999572753906,11182,0.0,0.0
2024-08-16 11:30:00-04:00,136.55499267578125,137.0500030517578,136.3350067138672,136.7050018310547,32093,0.0,0.0
2024-08-16 12:30:00-04:00,136.6999969482422,137.13999938964844,136.25999450683594,136.7050018310547,18095,0.0,0.0
2024-08-16 13:30:00-04:00,136.68499755859375,137.27999877929688,135.67999267578125,136.25999450683594,23095,0.0,0.0
2024-08-16 14:30:00-04:00,136.1750030517578,137.24000549316406,135.9936981201172,136.89999389648438,26073,0.0,0.0
2024-08-16 15:30:00-04:00,136.75999450683594,137.3000030517578,135.97999572753906,136.14999389648438,62247,0.0,0.0
2024-08-19 09:30:00-04:00,136.83999633789062,137.77499389648438,136.1300048828125,137.67999267578125,29521,0.0,0.0
2024-08-19 10:30:00-04:00,137.64999389648438,138.6699981689453,137.6199951171875,138.36000061035156,13993,0.0,0.0
2024-08-19 11:30:00-04:00,138.3800048828125,138.6300048828125,136.75100708007812,137.08999633789062,28235,0.0,0.0
2024-08-19 12:30:00-04:00,136.92100524902344,137.5800018310547,136.66000366210938,137.14999389648438,23537,0.0,0.0
2024-08-19 13:30:00-04:00,137.27000427246094,137.67999267578125,137.14999389648438,137.44000244140625,18754,0.0,0.0
2024-08-19 14:30:00-04:00,137.60000610351562,137.7949981689453,137.38999938964844,137.5800018310547,23571,0.0,0.0
2024-08-19 15:30:00-04:00,137.55999755859375,137.75,137.05999755859375,137.60000610351562,68319,0.0,0.0
2024-08-20 09:30:00-04:00,137.4600067138672,138.07000732421875,135.86000061035156,136.3350067138672,141405,0.0,0.0
2024-08-20 10:30:00-04:00,136.5,136.52999877929688,134.22999572753906,134.3350067138672,84331,0.0,0.0
2024-08-20 11:30:00-04:00,134.3249969482422,135.46499633789062,134.3249969482422,135.0800018310547,24047,0.0,0.0
2024-08-20 12:30:00-04:00,134.99000549316406,135.38999938964844,134.86500549316406,135.27000427246094,18248,0.0,0.0
2024-08-20 13:30:00-04:00,135.13999938964844,136.02000427246094,135.13999938964844,136.02000427246094,11083,0.0,0.0
2024-08-20 14:30:00-04:00,136.02000427246094,136.99000549316406,135.77999877929688,136.5019989013672,24990,0.0,0.0
2024-08-20 15:30:00-04:00,136.49000549316406,136.74000549316406,136.1999969482422,136.63999938964844,59225,0.0,0.0
2024-08-21 09:30:00-04:00,138.0,138.36000061035156,136.86500549316406,138.19000244140625,18118,0.0,0.0
2024-08-21 10:30:00-04:00,137.91000366210938,138.97999572753906,137.30999755859375,137.7050018310547,25111,0.0,0.0
2024-08-21 11:30:00-04:00,137.61000061035156,138.39999389648438,137.5500030517578,138.3800048828125,27432,0.0,0.0
2024-08-21 12:30:00-04:00,138.3000030517578,138.78500366210938,138.1909942626953,138.78500366210938,13364,0.0,0.0
2024-08-21 13:30:00-04:00,138.89999389648438,139.69000244140625,138.89999389648438,139.52000427246094,17199,0.0,0.0
2024-08-21 14:30:00-04:00,139.52999877929688,139.91900634765625,138.77999877929688,139.14999389648438,21563,0.0,0.0
2024-08-21 15:30:00-04:00,139.22000122070312,139.66000366210938,139.0,139.5399932861328,65125,0.0,0.0
2024-08-22 09:30:00-04:00,139.57000732421875,139.72999572753906,138.0399932861328,138.50750732421875,9901,0.0,0.0
2024-08-22 10:30:00-04:00,138.60499572753906,139.08999633789062,137.63999938964844,138.5500030517578,14186,0.0,0.0
2024-08-22 11:30:00-04:00,138.52000427246094,138.88999938964844,137.9669952392578,138.88999938964844,10040,0.0,0.0
2024-08-22 12:30:00-04:00,138.96499633789062,139.17999267578125,138.41000366210938,138.41000366210938,8705,0.0,0.0
2024-08-22 13:30:00-04:00,138.46499633789062,138.5850067138672,137.57000732421875,138.02999877929688,15791,0.0,0.0
2024-08-22 14:30:00-04:00,138.13999938964844,138.25,137.7899932861328,137.83999633789062,17379,0.0,0.0
2024-08-22 15:30:00-04:00,137.86000061035156,137.8800048828125,136.88999938964844,137.3300018310547,42764,0.0,0.0
2024-08-23 09:30:00-04:00,137.3699951171875,141.9600067138672,137.16000366210938,141.94000244140625,31940,0.0,0.0
2024-08-23 10:30:00-04:00,142.07000732421875,144.44000244140625,141.74009704589844,144.0399932861328,32873,0.0,0.0
2024-08-23 11:30:00-04:00,144.1649932861328,144.72000122070312,143.3000030517578,143.47500610351562,27943,0.0,0.0
2024-08-23 12:30:00-04:00,143.6300048828125,144.1699981689453,143.35000610351562,143.99000549316406,14903,0.0,0.0
2024-08-23 13:30:00-04:00,143.86500549316406,144.1699981689453,143.64999389648438,143.7899932861328,18832,0.0,0.0
2024-08-23 14:30:00-04:00,143.66000366210938,144.1999969482422,143.4199981689453,144.1999969482422,47012,0.0,0.0
2024-08-23 15:30:00-04:00,144.10800170898438,144.66000366210938,143.9600067138672,144.57000732421875,68792,0.0,0.0
2024-08-26 09:30:00-04:00,145.8300018310547,147.41000366210938,144.05999755859375,147.22999572753906,21849,0.0,0.0
2024-08-26 10:30:00-04:00,147.22999572753906,147.66000366210938,146.25010681152344,146.27000427246094,54863,0.0,0.0
2024-08-26 11:30:00-04:00,146.3249969482422,146.97999572753906,145.18499755859375,145.52499389648438,90955,0.0,0.0
2024-08-26 12:30:00-04:00,145.61500549316406,146.02000427246094,145.19000244140625,145.27999877929688,27395,0.0,0.0
2024-08-26 13:30:00-04:00,145.1999969482422,145.39999389648438,144.6199951171875,145.39999389648438,9994,0.0,0.0
2024-08-26 14:30:00-04:00,145.4199981689453,146.05999755859375,145.32000732421875,145.67999267578125,19427,0.0,0.0
2024-08-26 15:30:00-04:00,145.49000549316406,145.89999389648438,144.94000244140625,144.9499969482422,61597,0.0,0.0
2024-08-27 09:30:00-04:00,143.47000122070312,144.9199981689453,140.36000061035156,141.26499938964844,28700,0.0,0.0
2024-08-27 10:30:00-04:00,141.28500366210938,142.0408935546875,140.1300048828125,140.2935028076172,16420,0.0,0.0
2024-08-27 11:30:00-04:00,140.08999633789062,140.10000610351562,138.82000732421875,138.82000732421875,30543,0.0,0.0
2024-08-27 12:30:00-04:00,138.72000122070312,139.34500122070312,137.92999267578125,139.34500122070312,45374,0.0,0.0
2024-08-27 13:30:00-04:00,139.3300018310547,139.8300018310547,139.20750427246094,139.20750427246094,30934,0.0,0.0
2024-08-27 14:30:00-04:00,139.05999755859375,139.1649932861328,138.5399932861328,138.99000549316406,43069,0.0,0.0
2024-08-27 15:30:00-04:00,138.9499969482422,140.18899536132812,138.5399932861328,139.86000061035156,102371,0.0,0.0
2024-08-28 09:30:00-04:00,139.2100067138672,140.02999877929688,138.61000061035156,139.8800048828125,12148,0.0,0.0
2024-08-28 10:30:00-04:00,140.0800018310547,140.47999572753906,139.8000030517578,140.38999938964844,33545,0.0,0.0
2024-08-28 11:30:00-04:00,140.30999755859375,140.60000610351562,139.7899932861328,140.25,30188,0.0,0.0
2024-08-28 12:30:00-04:00,140.21499633789062,141.00999450683594,139.8000030517578,140.2899932861328,24707,0.0,0.0
2024-08-28 13:30:00-04:00,140.1999969482422,140.41000366210938,139.07000732421875,139.6999969482422,45500,0.0,0.0
2024-08-28 14:30:00-04:00,139.72000122070312,141.18499755859375,139.72000122070312,141.0800018310547,21359,0.0,0.0
2024-08-28 15:30:00-04:00,141.08999633789062,141.08999633789062,139.27999877929688,139.2899932861328,134979,0.0,0.0
2024-08-29 09:30:00-04:00,141.22999572753906,141.6699981689453,138.60000610351562,141.66000366210938,21280,0.0,0.0
2024-08-29 10:30:00-04:00,141.72000122070312,141.72000122070312,139.77000427246094,141.02389526367188,17251,0.0,0.0
2024-08-29 11:30:00-04:00,140.9499969482422,141.4149932861328,140.89999389648438,141.14999389648438,18057,0.0,0.0
2024-08-29 12:30:00-04:00,141.19000244140625,141.19000244140625,140.63009643554688,140.83999633789062,16396,0.0,0.0
2024-08-29 13:30:00-04:00,140.97000122070312,141.52499389648438,140.63499450683594,140.63499450683594,19788,0.0,0.0
2024-08-29 14:30:00-04:00,140.61500549316406,140.92999267578125,139.83999633789062,140.92999267578125,23756,0.0,0.0
2024-08-29 15:30:00-04:00,141.0,141.11000061035156,139.92999267578125,140.38999938964844,61728,0.0,0.0
2024-08-30 09:30:00-04:00,141.60000610351562,141.8800048828125,140.1199951171875,140.6699981689453,9650,0.0,0.0
2024-08-30 10:30:00-04:00,140.6699981689453,141.69000244140625,139.96499633789062,140.2825927734375,11442,0.0,0.0
2024-08-30 11:30:00-04:00,139.8300018310547,140.55999755859375,139.52999877929688,140.0,40772,0.0,0.0
2024-08-30 12:30:00-04:00,139.9949951171875,140.33999633789062,139.75999450683594,139.98500061035156,39723,0.0,0.0
2024-08-30 13:30:00-04:00,139.97999572753906,141.02999877929688,139.92999267578125,140.89999389648438,36761,0.0,0.0
2024-08-30 14:30:00-04:00,140.41000366210938,140.7899932861328,140.10000610351562,140.5449981689453,26337,0.0,0.0
2024-08-30 15:30:00-04:00,140.55499267578125,141.92999267578125,140.47500610351562,141.83999633789062,69300,0.0,0.0
2024-09-03 09:30:00-04:00,140.91000366210938,141.0500030517578,136.14999389648438,137.27999877929688,38398,0.0,0.0
2024-09-03 10:30:00-04:00,136.95750427246094,138.39500427246094,136.9499969482422,138.39500427246094,35324,0.0,0.0
2024-09-03 11:30:00-04:00,138.24000549316406,138.35000610351562,136.0500030517578,136.38499450683594,26601,0.0,0.0
2024-09-03 12:30:00-04:00,136.27999877929688,136.27999877929688,135.1300048828125,135.27999877929688,14962,0.0,0.0
2024-09-03 13:30:00-04:00,135.14999389648438,135.50999450683594,135.03500366210938,135.3000030517578,28590,0.0,0.0
2024-09-03 14:30:00-04:00,135.33999633789062,135.67999267578125,135.2100067138672,135.2899932861328,36404,0.0,0.0
2024-09-03 15:30:00-04:00,135.28500366210938,135.44000244140625,134.0500030517578,134.30999755859375,71231,0.0,0.0
2024-09-04 09:30:00-04:00,132.8699951171875,134.97999572753906,131.92999267578125,134.0,83418,0.0,0.0
2024-09-04 10:30:00-04:00,133.9499969482422,135.22999572753906,133.5,134.32000732421875,37465,0.0,0.0
2024-09-04 11:30:00-04:00,134.13999938964844,134.47999572753906,133.60000610351562,134.3699951171875,30971,0.0,0.0
2024-09-04 12:30:00-04:00,134.3699951171875,134.52000427246094,133.9199981689453,134.34500122070312,18028,0.0,0.0
2024-09-04 13:30:00-04:00,134.3800048828125,135.24000549316406,134.3000030517578,135.125,21495,0.0,0.0
2024-09-04 14:30:00-04:00,135.1125030517578,135.4499969482422,134.05499267578125,134.8350067138672,32529,0.0,0.0
2024-09-04 15:30:00-04:00,134.75,136.1199951171875,134.5399932861328,135.94000244140625,81124,0.0,0.0
2024-09-05 09:30:00-04:00,135.39999389648438,136.4232940673828,133.73500061035156,135.47500610351562,17243,0.0,0.0
2024-09-05 10:30:00-04:00,135.75,135.75,134.3300018310547,134.44000244140625,10729,0.0,0.0
2024-09-05 11:30:00-04:00,134.4199981689453,135.57000732421875,134.02999877929688,135.57000732421875,17406,0.0,0.0
2024-09-05 12:30:00-04:00,135.4550018310547,135.8000030517578,135.16000366210938,135.1699981689453,9545,0.0,0.0
2024-09-05 13:30:00-04:00,135.02000427246094,136.38999938964844,135.0050048828125,136.13499450683594,12020,0.0,0.0
2024-09-05 14:30:00-04:00,136.09500122070312,136.1699981689453,134.8800048828125,135.3800048828125,18565,0.0,0.0
2024-09-05 15:30:00-04:00,135.33340454101562,135.6999969482422,134.5500030517578,134.67999267578125,41404,0.0,0.0
2024-09-06 09:30:00-04:00,135.44000244140625,138.1999969482422,135.08999633789062,135.1300048828125,38177,0.0,0.0
2024-09-06 10:30:00-04:00,135.22000122070312,136.72000122070312,134.52000427246094,135.27999877929688,26975,0.0,0.0
2024-09-06 11:30:00-04:00,135.3300018310547,136.3249969482422,134.92999267578125,135.8000030517578,44356,0.0,0.0
2024-09-06 12:30:00-04:00,135.76409912109375,136.92999267578125,135.76409912109375,136.69500732421875,24738,0.0,0.0
2024-09-06 13:30:00-04:00,136.74000549316406,136.86000061035156,135.52999877929688,135.60000610351562,27374,0.0,0.0
2024-09-06 14:30:00-04:00,135.55999755859375,135.55999755859375,134.41000366210938,134.94000244140625,70602,0.0,0.0
2024-09-06 15:30:00-04:00,134.89999389648438,135.94000244140625,134.55499267578125,135.6999969482422,81899,0.0,0.0
2024-09-09 09:30:00-04:00,135.86000061035156,137.2899932861328,134.1300048828125,136.5500030517578,29068,0.0,0.0
2024-09-09 10:30:00-04:00,135.94000244140625,136.4199981689453,134.75999450683594,134.86500549316406,56154,0.0,0.0
2024-09-09 11:30:00-04:00,134.78500366210938,135.5500030517578,134.6300048828125,135.25999450683594,25326,0.0,0.0
2024-09-09 12:30:00-04:00,135.17999267578125,136.09500122070312,135.17999267578125,135.86000061035156,44548,0.0,0.0
2024-09-09 13:30:00-04:00,135.6999969482422,135.7899932861328,134.72000122070312,135.13999938964844,37447,0.0,0.0
2024-09-09 14:30:00-04:00,135.05999755859375,135.2899932861328,134.80999755859375,135.0399932861328,31206,0.0,0.0
2024-09-09 15:30:00-04:00,134.97000122070312,135.11000061035156,134.27000427246094,134.60000610351562,151103,0.0,0.0
2024-09-10 09:30:00-04:00,135.30999755859375,135.30999755859375,131.89999389648438,132.56500244140625,28639,0.0,0.0
2024-09-10 10:30:00-04:00,132.27999877929688,135.11000061035156,132.1750030517578,134.75,29192,0.0,0.0
2024-09-10 11:30:00-04:00,134.7550048828125,134.84500122070312,133.60499572753906,133.77000427246094,20191,0.0,0.0
2024-09-10 12:30:00-04:00,133.60000610351562,134.16000366210938,133.4499969482422,133.4499969482422,26740,0.0,0.0
2024-09-10 13:30:00-04:00,133.44000244140625,134.11000061035156,133.44000244140625,133.7949981689453,45258,0.0,0.0
2024-09-10 14:30:00-04:00,133.8000030517578,134.01499938964844,133.52000427246094,133.8300018310547,31265,0.0,0.0
2024-09-10 15:30:00-04:00,133.77000427246094,133.77000427246094,132.77000427246094,133.0500030517578,121798,0.0,0.0
2024-09-11 09:30:00-04:00,132.17999267578125,132.17999267578125,128.47999572753906,128.64500427246094,120264,0.0,0.0
2024-09-11 10:30:00-04:00,128.69000244140625,130.64500427246094,128.63999938964844,130.14999389648438,43875,0.0,0.0
2024-09-11 11:30:00-04:00,130.25,130.8000030517578,130.10000610351562,130.7899932861328,31664,0.0,0.0
2024-09-11 12:30:00-04:00,130.7899932861328,131.72999572753906,130.52999877929688,131.72999572753906,22455,0.0,0.0
2024-09-11 13:30:00-04:00,131.55999755859375,132.03750610351562,131.35000610351562,131.39999389648438,35513,0.0,0.0
2024-09-11 14:30:00-04:00,131.4600067138672,132.01499938964844,131.4600067138672,131.9499969482422,43639,0.0,0.0
2024-09-11 15:30:00-04:00,131.91000366210938,132.63999938964844,131.91000366210938,132.08999633789062,93295,0.0,0.0
2024-09-12 09:30:00-04:00,132.31500244140625,133.5399932861328,131.72999572753906,133.23500061035156,12122,0.0,0.0
2024-09-12 10:30:00-04:00,133.3780059814453,133.77499389648438,132.6199951171875,133.17999267578125,36538,0.0,0.0
2024-09-12 11:30:00-04:00,133.42999267578125,133.6699981689453,132.67999267578125,133.6699981689453,24116,0.0,0.0
2024-09-12 12:30:00-04:00,133.77000427246094,134.52999877929688,133.50999450683594,134.4550018310547,19810,0.0,0.0
2024-09-12 13:30:00-04:00,134.61000061035156,136.10499572753906,134.61000061035156,135.10000610351562,26189,0.0,0.0
2024-09-12 14:30:00-04:00,135.0800018310547,136.1699981689453,134.61500549316406,135.89999389648438,22880,0.0,0.0
2024-09-12 15:30:00-04:00,135.91000366210938,136.05999755859375,135.61000061035156,135.91000366210938,65700,0.0,0.0
2024-09-13 09:30:00-04:00,137.64999389648438,140.2899932861328,137.3300018310547,139.61000061035156,16304,0.0,0.0
2024-09-13 10:30:00-04:00,139.625,141.22000122070312,139.625,141.07000732421875,19639,0.0,0.0
2024-09-13 11:30:00-04:00,140.9600067138672,142.00999450683594,140.80999755859375,141.52999877929688,44038,0.0,0.0
2024-09-13 12:30:00-04:00,141.3800048828125,141.92999267578125,141.36000061035156,141.45010375976562,26320,0.0,0.0
2024-09-13 13:30:00-04:00,141.55499267578125,141.55499267578125,139.9499969482422,140.0800018310547,24476,0.0,0.0
2024-09-13 14:30:00-04:00,139.9199981689453,140.0,139.50999450683594,139.94000244140625,25268,0.0,0.0
2024-09-13 15:30:00-04:00,140.1999969482422,141.2100067138672,140.14500427246094,141.10000610351562,66326,0.0,0.0
2024-09-16 09:30:00-04:00,142.6300048828125,142.6300048828125,140.36000061035156,140.36000061035156,21190,0.0,0.0
2024-09-16 10:30:00-04:00,139.85000610351562,140.9199981689453,139.77999877929688,140.39999389648438,16071,0.0,0.0
2024-09-16 11:30:00-04:00,140.3000030517578,141.4499969482422,140.3000030517578,140.91250610351562,17004,0.0,0.0
2024-09-16 12:30:00-04:00,141.52999877929688,141.5500030517578,141.25,141.39999389648438,9458,0.0,0.0
2024-09-16 13:30:00-04:00,141.50999450683594,141.7100067138672,141.1999969482422,141.4600067138672,12244,0.0,0.0
2024-09-16 14:30:00-04:00,141.4499969482422,142.1999053955078,141.25999450683594,141.47000122070312,17487,0.0,0.0
2024-09-16 15:30:00-04:00,141.55999755859375,142.3300018310547,141.55999755859375,141.71499633789062,34000,0.0,0.0
2024-09-17 09:30:00-04:00,143.08999633789062,146.6699981689453,142.97999572753906,146.22000122070312,15366,0.0,0.0
2024-09-17 10:30:00-04:00,145.92999267578125,148.02999877929688,145.7449951171875,147.0500030517578,28960,0.0,0.0
2024-09-17 11:30:00-04:00,147.2100067138672,147.63999938964844,147.02999877929688,147.61000061035156,17583,0.0,0.0
2024-09-17 12:30:00-04:00,147.5749969482422,147.65499877929688,145.7100067138672,146.8300018310547,25304,0.0,0.0
2024-09-17 13:30:00-04:00,147.0,147.02999877929688,146.25,146.4600067138672,11322,0.0,0.0
2024-09-17 14:30:00-04:00,146.75999450683594,147.35000610351562,146.53500366210938,146.69000244140625,16512,0.0,0.0
2024-09-17 15:30:00-04:00,146.72999572753906,147.0800018310547,146.27000427246094,147.07000732421875,41489,0.0,0.0
2024-09-18 09:30:00-04:00,147.60000610351562,147.82000732421875,145.5500030517578,146.83999633789062,13435,0.0,0.0
2024-09-18 10:30:00-04:00,146.85000610351562,146.9499969482422,146.01499938964844,146.9499969482422,10220,0.0,0.0
2024-09-18 11:30:00-04:00,146.77000427246094,147.25999450683594,145.8699951171875,146.3699951171875,11779,0.0,0.0
2024-09-18 12:30:00-04:00,146.39999389648438,146.43499755859375,145.9600067138672,146.08999633789062,14931,0.0,0.0
2024-09-18 13:30:00-04:00,146.39999389648438,150.85000610351562,145.6300048828125,150.5,50189,0.0,0.0
2024-09-18 14:30:00-04:00,150.4949951171875,152.8634033203125,147.97999572753906,148.75999450683594,57183,0.0,0.0
2024-09-18 15:30:00-04:00,148.9499969482422,149.5050048828125,146.80999755859375,146.9199981689453,67413,0.0,0.0
2024-09-19 09:30:00-04:00,152.49000549316406,152.8699951171875,149.47000122070312,152.8699951171875,48017,0.0,0.0
2024-09-19 10:30:00-04:00,152.7949981689453,153.63999938964844,151.66000366210938,153.36000061035156,54607,0.0,0.0
2024-09-19 11:30:00-04:00,153.6199951171875,154.36000061035156,153.44000244140625,154.0500030517578,40613,0.0,0.0
2024-09-19 12:30:00-04:00,154.0399932861328,154.7449951171875,153.7550048828125,154.44500732421875,22717,0.0,0.0
2024-09-19 13:30:00-04:00,154.4499969482422,155.07000732421875,153.44000244140625,154.0800018310547,51501,0.0,0.0
2024-09-19 14:30:00-04:00,154.2100067138672,154.4199981689453,153.30999755859375,153.6699981689453,33501,0.0,0.0
2024-09-19 15:30:00-04:00,153.6699981689453,154.22000122070312,152.92999267578125,153.61000061035156,60775,0.0,0.0
2024-09-20 09:30:00-04:00,152.25,152.25,148.9199981689453,149.13999938964844,24737,0.0,0.0
2024-09-20 10:30:00-04:00,149.14500427246094,149.55999755859375,148.08880615234375,148.72500610351562,19360,0.0,0.0
2024-09-20 11:30:00-04:00,148.6649932861328,150.5500030517578,148.6649932861328,150.5500030517578,14835,0.0,0.0
2024-09-20 12:30:00-04:00,150.50999450683594,151.3300018310547,150.50999450683594,150.67999267578125,19599,0.0,0.0
2024-09-20 13:30:00-04:00,150.72999572753906,150.80999755859375,149.86000061035156,150.14999389648438,19925,0.0,0.0
2024-09-20 14:30:00-04:00,150.14999389648438,150.49899291992188,149.6999969482422,150.32400512695312,33647,0.0,0.0
2024-09-20 15:30:00-04:00,150.4550018310547,150.46499633789062,149.1699981689453,149.1999969482422,53584,0.0,0.0
2024-09-23 09:30:00-04:00,150.9600067138672,151.3800048828125,147.97999572753906,147.97999572753906,17596,0.0,0.0
2024-09-23 10:30:00-04:00,148.07000732421875,148.5800018310547,148.07000732421875,148.1750030517578,31064,0.0,0.0
2024-09-23 11:30:00-04:00,148.3699951171875,148.55870056152344,147.7100067138672,148.03500366210938,27479,0.0,0.0
2024-09-23 12:30:00-04:00,147.9550018310547,149.44500732421875,147.9550018310547,149.27000427246094,17850,0.0,0.0
2024-09-23 13:30:00-04:00,149.3000030517578,149.47000122070312,148.63499450683594,149.16000366210938,13385,0.0,0.0
2024-09-23 14:30:00-04:00,149.07000732421875,150.32000732421875,149.07000732421875,149.8699951171875,33083,0.0,0.0
2024-09-23 15:30:00-04:00,149.77000427246094,150.0,148.9600067138672,149.11000061035156,54666,0.0,0.0
2024-09-24 09:30:00-04:00,150.0,151.2100067138672,149.58999633789062,150.5500030517578,8118,0.0,0.0
2024-09-24 10:30:00-04:00,150.65499877929688,151.0,149.84500122070312,149.84500122070312,10840,0.0,0.0
2024-09-24 11:30:00-04:00,149.5800018310547,150.11000061035156,149.2100067138672,149.67999267578125,9214,0.0,0.0
2024-09-24 12:30:00-04:00,149.6300048828125,150.3800048828125,149.14999389648438,150.3800048828125,14021,0.0,0.0
2024-09-24 13:30:00-04:00,150.30999755859375,150.38999938964844,150.0800018310547,150.19000244140625,7678,0.0,0.0
2024-09-24 14:30:00-04:00,150.0399932861328,150.9199981689453,150.0399932861328,150.4199981689453,23828,0.0,0.0
2024-09-24 15:30:00-04:00,150.4199981689453,150.6300048828125,150.02999877929688,150.58999633789062,41840,0.0,0.0
2024-09-25 09:30:00-04:00,151.0,151.0,148.0800018310547,148.41749572753906,10199,0.0,0.0
2024-09-25 10:30:00-04:00,148.4550018310547,149.68499755859375,148.4550018310547,149.19000244140625,15683,0.0,0.0
2024-09-25 11:30:00-04:00,149.05999755859375,149.14500427246094,148.5,148.6300048828125,11350,0.0,0.0
2024-09-25 12:30:00-04:00,148.5500030517578,148.7100067138672,148.17999267578125,148.27999877929688,13091,0.0,0.0
2024-09-25 13:30:00-04:00,148.13999938964844,148.57000732421875,148.1199951171875,148.4949951171875,15152,0.0,0.0
2024-09-25 14:30:00-04:00,148.50999450683594,148.74000549316406,148.125,148.25,27926,0.0,0.0
2024-09-25 15:30:00-04:00,148.1300048828125,148.13999938964844,147.3300018310547,147.42999267578125,48622,0.0,0.0
2024-09-26 09:30:00-04:00,150.72999572753906,151.2725067138672,148.94000244140625,148.9499969482422,15726,0.0,0.0
2024-09-26 10:30:00-04:00,149.07000732421875,150.38980102539062,149.07000732421875,149.47000122070312,20971,0.0,0.0
2024-09-26 11:30:00-04:00,149.58999633789062,150.64999389648438,149.55999755859375,150.2949981689453,7905,0.0,0.0
2024-09-26 12:30:00-04:00,150.1699981689453,150.34500122070312,149.86000061035156,150.2100067138672,13724,0.0,0.0
2024-09-26 13:30:00-04:00,150.2100067138672,150.74000549316406,150.11000061035156,150.2050018310547,11773,0.0,0.0
2024-09-26 14:30:00-04:00,150.25,150.843994140625,150.07000732421875,150.32000732421875,20014,0.0,0.0
2024-09-26 15:30:00-04:00,150.24000549316406,150.82000732421875,149.8800048828125,150.82000732421875,34434,0.0,0.0
2024-09-27 09:30:00-04:00,152.49000549316406,153.72000122070312,151.21499633789062,153.5019989013672,12125,0.0,0.0
2024-09-27 10:30:00-04:00,153.6999969482422,153.88999938964844,152.94000244140625,153.58999633789062,19996,0.0,0.0
2024-09-27 11:30:00-04:00,153.76499938964844,154.18499755859375,153.22000122070312,153.52499389648438,69704,0.0,0.0
2024-09-27 12:30:00-04:00,153.6300048828125,153.74000549316406,152.27999877929688,152.39999389648438,75897,0.0,0.0
2024-09-27 13:30:00-04:00,152.38999938964844,153.07000732421875,151.52000427246094,151.59249877929688,16471,0.0,0.0
2024-09-27 14:30:00-04:00,151.38999938964844,152.41000366210938,151.375,151.55999755859375,17351,0.0,0.0
2024-09-27 15:30:00-04:00,151.50999450683594,151.66000366210938,151.17999267578125,151.19000244140625,41772,0.0,0.0
2024-09-30 09:30:00-04:00,150.0800018310547,152.1199951171875,149.47000122070312,150.75,16761,0.0,0.0
2024-09-30 10:30:00-04:00,150.86000061035156,151.5800018310547,150.86000061035156,151.25999450683594,10213,0.0,0.0
2024-09-30 11:30:00-04:00,150.97999572753906,150.97999572753906,149.9250030517578,150.3699951171875,25785,0.0,0.0
2024-09-30 12:30:00-04:00,150.2967071533203,150.91000366210938,150.2967071533203,150.91000366210938,8735,0.0,0.0
2024-09-30 13:30:00-04:00,150.75999450683594,151.11000061035156,148.97999572753906,149.17999267578125,19396,0.0,0.0
2024-09-30 14:30:00-04:00,149.0800018310547,149.9199981689453,148.77000427246094,149.86000061035156,27920,0.0,0.0
2024-09-30 15:30:00-04:00,149.86500549316406,151.00999450683594,149.27000427246094,150.8699951171875,51384,0.0,0.0
2024-10-01 09:30:00-04:00,150.91000366210938,150.91000366210938,146.00999450683594,148.6699981689453,24925,0.0,0.0
2024-10-01 10:30:00-04:00,148.3000030517578,149.41000366210938,147.8300018310547,149.33999633789062,18510,0.0,0.0
2024-10-01 11:30:00-04:00,149.58999633789062,149.92799377441406,149.33999633789062,149.92799377441406,24908,0.0,0.0
2024-10-01 12:30:00-04:00,149.83999633789062,150.08999633789062,149.0,149.0800018310547,29422,0.0,0.0
2024-10-01 13:30:00-04:00,149.22999572753906,150.625,149.1699981689453,150.47999572753906,14719,0.0,0.0
2024-10-01 14:30:00-04:00,150.76600646972656,150.76600646972656,149.80999755859375,150.10000610351562,25901,0.0,0.0
2024-10-01 15:30:00-04:00,150.0,150.0,149.1699981689453,149.6199951171875,45570,0.0,0.0
2024-10-02 09:30:00-04:00,148.36000061035156,150.5800018310547,147.94500732421875,149.38999938964844,10915,0.0,0.0
2024-10-02 10:30:00-04:00,149.08999633789062,150.10000610351562,148.77000427246094,149.49000549316406,28573,0.0,0.0
2024-10-02 11:30:00-04:00,149.6699981689453,149.67999267578125,148.44200134277344,149.07000732421875,18658,0.0,0.0
2024-10-02 12:30:00-04:00,148.77000427246094,148.82000732421875,148.55999755859375,148.7899932861328,16335,0.0,0.0
2024-10-02 13:30:00-04:00,148.66000366210938,149.5,148.64999389648438,148.90499877929688,15488,0.0,0.0
2024-10-02 14:30:00-04:00,148.89500427246094,149.32000732421875,148.89500427246094,149.14999389648438,23136,0.0,0.0
2024-10-02 15:30:00-04:00,149.05999755859375,149.3000030517578,148.61500549316406,148.97999572753906,35635,0.0,0.0
2024-10-03 09:30:00-04:00,148.0800018310547,148.64500427246094,146.6300048828125,147.30999755859375,14933,0.0,0.0
2024-10-03 10:30:00-04:00,147.1699981689453,147.75999450683594,147.02000427246094,147.52999877929688,19583,0.0,0.0
2024-10-03 11:30:00-04:00,147.77000427246094,148.1199951171875,147.44000244140625,147.7100067138672,14870,0.0,0.0
2024-10-03 12:30:00-04:00,147.69000244140625,147.69000244140625,147.0800018310547,147.15499877929688,16009,0.0,0.0
2024-10-03 13:30:00-04:00,147.17999267578125,147.47000122070312,147.00999450683594,147.47000122070312,26592,0.0,0.0
2024-10-03 14:30:00-04:00,147.43499755859375,147.54989624023438,146.75999450683594,147.25,22111,0.0,0.0
2024-10-03 15:30:00-04:00,147.22999572753906,147.5,146.52999877929688,147.2100067138672,53693,0.0,0.0
2024-10-04 09:30:00-04:00,149.22000122070312,149.36000061035156,146.25,146.5,15000,0.0,0.0
2024-10-04 10:30:00-04:00,146.91000366210938,147.8300018310547,145.46499633789062,145.57000732421875,22630,0.0,0.0
2024-10-04 11:30:00-04:00,145.6649932861328,146.5800018310547,145.08999633789062,145.08999633789062,21738,0.0,0.0
2024-10-04 12:30:00-04:00,144.92250061035156,145.94000244140625,144.85000610351562,145.60000610351562,26178,0.0,0.0
2024-10-04 13:30:00-04:00,145.67999267578125,145.8699951171875,144.6300048828125,144.63499450683594,31462,0.0,0.0
2024-10-04 14:30:00-04:00,144.69500732421875,144.8000030517578,144.14999389648438,144.5399932861328,24208,0.0,0.0
2024-10-04 15:30:00-04:00,144.44000244140625,144.7100067138672,143.97999572753906,144.22999572753906,44708,0.0,0.0
