Datetime,Open,High,Low,Close,Volume,Dividends,Stock Splits
2024-06-21 09:00:00+08:00,25.200000762939453,25.200000762939453,25.200000762939453,25.200000762939453,0,0.0,0.0
2024-06-21 09:05:00+08:00,25.149999618530273,25.149999618530273,25.100000381469727,25.100000381469727,6924,0.0,0.0
2024-06-21 09:10:00+08:00,25.100000381469727,25.100000381469727,25.100000381469727,25.100000381469727,1021,0.0,0.0
2024-06-21 09:15:00+08:00,25.049999237060547,25.049999237060547,25.049999237060547,25.049999237060547,10387,0.0,0.0
2024-06-21 09:20:00+08:00,25.049999237060547,25.149999618530273,25.049999237060547,25.149999618530273,4055,0.0,0.0
2024-06-21 09:25:00+08:00,25.100000381469727,25.200000762939453,25.100000381469727,25.200000762939453,11049,0.0,0.0
2024-06-21 09:30:00+08:00,25.149999618530273,25.200000762939453,25.149999618530273,25.149999618530273,29030,0.0,0.0
2024-06-21 09:35:00+08:00,25.149999618530273,25.149999618530273,25.149999618530273,25.149999618530273,4000,0.0,0.0
2024-06-21 09:40:00+08:00,25.149999618530273,25.149999618530273,25.149999618530273,25.149999618530273,3001,0.0,0.0
2024-06-21 09:55:00+08:00,25.200000762939453,25.200000762939453,25.100000381469727,25.100000381469727,4017,0.0,0.0
2024-06-21 10:00:00+08:00,25.149999618530273,25.149999618530273,25.100000381469727,25.100000381469727,3071,0.0,0.0
2024-06-21 10:10:00+08:00,25.149999618530273,25.149999618530273,25.149999618530273,25.149999618530273,4000,0.0,0.0
2024-06-21 10:15:00+08:00,25.200000762939453,25.200000762939453,25.100000381469727,25.149999618530273,7412,0.0,0.0
2024-06-21 10:20:00+08:00,25.149999618530273,25.149999618530273,25.100000381469727,25.100000381469727,6185,0.0,0.0
2024-06-21 10:30:00+08:00,25.100000381469727,25.149999618530273,25.100000381469727,25.149999618530273,2005,0.0,0.0
2024-06-21 10:35:00+08:00,25.149999618530273,25.149999618530273,25.149999618530273,25.149999618530273,4066,0.0,0.0
2024-06-21 10:40:00+08:00,25.149999618530273,25.149999618530273,25.149999618530273,25.149999618530273,2065,0.0,0.0
2024-06-21 10:45:00+08:00,25.149999618530273,25.149999618530273,25.149999618530273,25.149999618530273,15004,0.0,0.0
2024-06-21 10:55:00+08:00,25.149999618530273,25.149999618530273,25.149999618530273,25.149999618530273,7053,0.0,0.0
2024-06-21 11:00:00+08:00,25.149999618530273,25.149999618530273,25.149999618530273,25.149999618530273,4020,0.0,0.0
2024-06-21 11:10:00+08:00,25.149999618530273,25.149999618530273,25.149999618530273,25.149999618530273,1000,0.0,0.0
2024-06-21 11:15:00+08:00,25.200000762939453,25.200000762939453,25.200000762939453,25.200000762939453,3001,0.0,0.0
2024-06-21 11:20:00+08:00,25.149999618530273,25.149999618530273,25.149999618530273,25.149999618530273,5001,0.0,0.0
2024-06-21 11:30:00+08:00,25.149999618530273,25.149999618530273,25.149999618530273,25.149999618530273,2000,0.0,0.0
2024-06-21 11:35:00+08:00,25.149999618530273,25.149999618530273,25.149999618530273,25.149999618530273,2000,0.0,0.0
2024-06-21 11:40:00+08:00,25.149999618530273,25.149999618530273,25.149999618530273,25.149999618530273,11000,0.0,0.0
2024-06-21 11:45:00+08:00,25.149999618530273,25.200000762939453,25.149999618530273,25.149999618530273,19001,0.0,0.0
2024-06-21 11:50:00+08:00,25.100000381469727,25.100000381469727,25.100000381469727,25.100000381469727,2000,0.0,0.0
2024-06-21 11:55:00+08:00,25.149999618530273,25.200000762939453,25.149999618530273,25.200000762939453,11000,0.0,0.0
2024-06-21 12:00:00+08:00,25.200000762939453,25.200000762939453,25.200000762939453,25.200000762939453,1000,0.0,0.0
2024-06-21 12:05:00+08:00,25.149999618530273,25.149999618530273,25.100000381469727,25.100000381469727,5000,0.0,0.0
2024-06-21 12:10:00+08:00,25.200000762939453,25.200000762939453,25.200000762939453,25.200000762939453,5000,0.0,0.0
2024-06-21 12:15:00+08:00,25.200000762939453,25.200000762939453,25.200000762939453,25.200000762939453,9000,0.0,0.0
2024-06-21 12:20:00+08:00,25.200000762939453,25.200000762939453,25.200000762939453,25.200000762939453,6100,0.0,0.0
2024-06-21 12:25:00+08:00,25.200000762939453,25.200000762939453,25.200000762939453,25.200000762939453,1000,0.0,0.0
2024-06-21 12:30:00+08:00,25.200000762939453,25.200000762939453,25.149999618530273,25.149999618530273,14000,0.0,0.0
2024-06-21 12:35:00+08:00,25.149999618530273,25.149999618530273,25.149999618530273,25.149999618530273,5000,0.0,0.0
2024-06-21 12:40:00+08:00,25.200000762939453,25.200000762939453,25.149999618530273,25.149999618530273,3000,0.0,0.0
2024-06-21 12:45:00+08:00,25.100000381469727,25.100000381469727,25.100000381469727,25.100000381469727,1000,0.0,0.0
2024-06-21 12:50:00+08:00,25.149999618530273,25.149999618530273,25.149999618530273,25.149999618530273,8000,0.0,0.0
2024-06-21 12:55:00+08:00,25.149999618530273,25.149999618530273,25.149999618530273,25.149999618530273,2000,0.0,0.0
2024-06-21 13:00:00+08:00,25.149999618530273,25.149999618530273,25.100000381469727,25.149999618530273,11000,0.0,0.0
2024-06-21 13:15:00+08:00,25.149999618530273,25.149999618530273,25.149999618530273,25.149999618530273,8000,0.0,0.0
2024-06-21 13:20:00+08:00,25.149999618530273,25.149999618530273,25.100000381469727,25.149999618530273,8250,0.0,0.0
2024-06-24 09:00:00+08:00,25.200000762939453,25.200000762939453,25.049999237060547,25.049999237060547,0,0.0,0.0
2024-06-24 09:05:00+08:00,25.049999237060547,25.049999237060547,25.0,25.0,27006,0.0,0.0
2024-06-24 09:10:00+08:00,25.0,25.0,24.850000381469727,24.899999618530273,20142,0.0,0.0
2024-06-24 09:15:00+08:00,24.899999618530273,24.899999618530273,24.899999618530273,24.899999618530273,12000,0.0,0.0
2024-06-24 09:20:00+08:00,24.899999618530273,24.899999618530273,24.850000381469727,24.850000381469727,9010,0.0,0.0
2024-06-24 09:25:00+08:00,24.850000381469727,25.299999237060547,24.850000381469727,25.299999237060547,499000,0.0,0.0
2024-06-24 09:30:00+08:00,25.200000762939453,25.200000762939453,25.0,25.0,42165,0.0,0.0
2024-06-24 09:35:00+08:00,25.049999237060547,25.049999237060547,25.049999237060547,25.049999237060547,1004,0.0,0.0
2024-06-24 09:40:00+08:00,25.049999237060547,25.049999237060547,25.049999237060547,25.049999237060547,3000,0.0,0.0
2024-06-24 09:55:00+08:00,25.0,25.0,25.0,25.0,51005,0.0,0.0
2024-06-24 10:00:00+08:00,25.0,25.0,25.0,25.0,2000,0.0,0.0
2024-06-24 10:05:00+08:00,24.950000762939453,24.950000762939453,24.899999618530273,24.899999618530273,6000,0.0,0.0
2024-06-24 10:10:00+08:00,24.899999618530273,24.899999618530273,24.899999618530273,24.899999618530273,2000,0.0,0.0
2024-06-24 10:20:00+08:00,24.950000762939453,24.950000762939453,24.899999618530273,24.899999618530273,2002,0.0,0.0
2024-06-24 10:25:00+08:00,24.899999618530273,24.950000762939453,24.899999618530273,24.950000762939453,4000,0.0,0.0
2024-06-24 10:30:00+08:00,24.950000762939453,24.950000762939453,24.950000762939453,24.950000762939453,1000,0.0,0.0
2024-06-24 10:40:00+08:00,24.950000762939453,24.950000762939453,24.950000762939453,24.950000762939453,1000,0.0,0.0
2024-06-24 10:50:00+08:00,24.950000762939453,24.950000762939453,24.899999618530273,24.899999618530273,18200,0.0,0.0
2024-06-24 11:00:00+08:00,24.899999618530273,24.899999618530273,24.899999618530273,24.899999618530273,14099,0.0,0.0
2024-06-24 11:15:00+08:00,24.899999618530273,24.899999618530273,24.899999618530273,24.899999618530273,1000,0.0,0.0
2024-06-24 11:25:00+08:00,24.899999618530273,24.899999618530273,24.899999618530273,24.899999618530273,2001,0.0,0.0
2024-06-24 11:30:00+08:00,24.899999618530273,24.899999618530273,24.850000381469727,24.850000381469727,31759,0.0,0.0
2024-06-24 11:35:00+08:00,24.850000381469727,24.850000381469727,24.799999237060547,24.799999237060547,10000,0.0,0.0
2024-06-24 11:40:00+08:00,24.799999237060547,24.799999237060547,24.799999237060547,24.799999237060547,2000,0.0,0.0
2024-06-24 11:45:00+08:00,24.799999237060547,24.799999237060547,24.799999237060547,24.799999237060547,10320,0.0,0.0
2024-06-24 11:50:00+08:00,24.799999237060547,24.799999237060547,24.799999237060547,24.799999237060547,10000,0.0,0.0
2024-06-24 11:55:00+08:00,24.799999237060547,24.799999237060547,24.799999237060547,24.799999237060547,2000,0.0,0.0
2024-06-24 12:00:00+08:00,24.850000381469727,24.850000381469727,24.850000381469727,24.850000381469727,1113,0.0,0.0
2024-06-24 12:10:00+08:00,24.850000381469727,24.850000381469727,24.850000381469727,24.850000381469727,2001,0.0,0.0
2024-06-24 12:15:00+08:00,24.850000381469727,24.850000381469727,24.850000381469727,24.850000381469727,23389,0.0,0.0
2024-06-24 12:25:00+08:00,24.850000381469727,24.899999618530273,24.850000381469727,24.899999618530273,7000,0.0,0.0
2024-06-24 12:30:00+08:00,24.850000381469727,24.850000381469727,24.799999237060547,24.799999237060547,3000,0.0,0.0
2024-06-24 12:35:00+08:00,24.850000381469727,24.850000381469727,24.799999237060547,24.799999237060547,29000,0.0,0.0
2024-06-24 12:40:00+08:00,24.850000381469727,24.850000381469727,24.799999237060547,24.799999237060547,5155,0.0,0.0
2024-06-24 12:45:00+08:00,24.799999237060547,24.799999237060547,24.799999237060547,24.799999237060547,34399,0.0,0.0
2024-06-24 12:50:00+08:00,24.799999237060547,24.799999237060547,24.700000762939453,24.75,24250,0.0,0.0
2024-06-24 12:55:00+08:00,24.75,24.75,24.75,24.75,7000,0.0,0.0
2024-06-24 13:00:00+08:00,24.75,24.75,24.75,24.75,8002,0.0,0.0
2024-06-24 13:05:00+08:00,24.700000762939453,24.75,24.700000762939453,24.700000762939453,56432,0.0,0.0
2024-06-24 13:10:00+08:00,24.649999618530273,24.700000762939453,24.649999618530273,24.649999618530273,20000,0.0,0.0
2024-06-24 13:15:00+08:00,24.649999618530273,24.700000762939453,24.649999618530273,24.700000762939453,26148,0.0,0.0
2024-06-24 13:20:00+08:00,24.700000762939453,24.700000762939453,24.700000762939453,24.700000762939453,24001,0.0,0.0
2024-06-25 09:00:00+08:00,24.649999618530273,24.649999618530273,24.649999618530273,24.649999618530273,0,0.0,0.0
2024-06-25 09:05:00+08:00,24.700000762939453,24.700000762939453,24.299999237060547,24.350000381469727,124052,0.0,0.0
2024-06-25 09:10:00+08:00,24.350000381469727,24.350000381469727,24.200000762939453,24.200000762939453,56822,0.0,0.0
2024-06-25 09:15:00+08:00,24.200000762939453,24.25,24.0,24.25,73381,0.0,0.0
2024-06-25 09:20:00+08:00,24.25,24.25,24.200000762939453,24.200000762939453,8389,0.0,0.0
2024-06-25 09:25:00+08:00,24.25,24.299999237060547,24.25,24.25,14050,0.0,0.0
2024-06-25 09:30:00+08:00,24.25,24.5,24.200000762939453,24.5,27000,0.0,0.0
2024-06-25 09:35:00+08:00,24.5,24.5,24.5,24.5,4000,0.0,0.0
2024-06-25 09:40:00+08:00,24.5,24.5,24.450000762939453,24.450000762939453,2097,0.0,0.0
2024-06-25 09:45:00+08:00,24.5,24.75,24.5,24.700000762939453,22121,0.0,0.0
2024-06-25 09:50:00+08:00,24.700000762939453,24.799999237060547,24.700000762939453,24.799999237060547,3004,0.0,0.0
2024-06-25 09:55:00+08:00,24.75,24.799999237060547,24.700000762939453,24.75,9451,0.0,0.0
2024-06-25 10:00:00+08:00,24.75,24.75,24.700000762939453,24.700000762939453,9000,0.0,0.0
2024-06-25 10:05:00+08:00,24.700000762939453,24.700000762939453,24.649999618530273,24.649999618530273,7000,0.0,0.0
2024-06-25 10:10:00+08:00,24.649999618530273,24.700000762939453,24.649999618530273,24.700000762939453,9000,0.0,0.0
2024-06-25 10:15:00+08:00,24.600000381469727,24.600000381469727,24.600000381469727,24.600000381469727,10300,0.0,0.0
2024-06-25 10:20:00+08:00,24.649999618530273,24.649999618530273,24.649999618530273,24.649999618530273,1004,0.0,0.0
2024-06-25 10:25:00+08:00,24.700000762939453,24.799999237060547,24.700000762939453,24.75,17000,0.0,0.0
2024-06-25 10:30:00+08:00,24.799999237060547,24.799999237060547,24.799999237060547,24.799999237060547,1000,0.0,0.0
2024-06-25 10:35:00+08:00,24.75,24.799999237060547,24.75,24.799999237060547,3000,0.0,0.0
2024-06-25 10:40:00+08:00,24.799999237060547,25.0,24.799999237060547,25.0,24000,0.0,0.0
2024-06-25 10:45:00+08:00,24.950000762939453,24.950000762939453,24.899999618530273,24.899999618530273,3047,0.0,0.0
2024-06-25 10:50:00+08:00,24.899999618530273,24.899999618530273,24.899999618530273,24.899999618530273,1000,0.0,0.0
2024-06-25 11:00:00+08:00,24.850000381469727,24.899999618530273,24.850000381469727,24.899999618530273,3000,0.0,0.0
2024-06-25 11:05:00+08:00,24.850000381469727,24.850000381469727,24.850000381469727,24.850000381469727,7000,0.0,0.0
2024-06-25 11:10:00+08:00,24.799999237060547,24.799999237060547,24.75,24.75,9000,0.0,0.0
2024-06-25 11:15:00+08:00,24.75,24.75,24.75,24.75,5500,0.0,0.0
2024-06-25 11:20:00+08:00,24.700000762939453,24.700000762939453,24.649999618530273,24.700000762939453,9081,0.0,0.0
2024-06-25 11:25:00+08:00,24.700000762939453,24.75,24.700000762939453,24.75,10000,0.0,0.0
2024-06-25 11:50:00+08:00,24.75,24.75,24.75,24.75,1000,0.0,0.0
2024-06-25 11:55:00+08:00,24.700000762939453,24.700000762939453,24.700000762939453,24.700000762939453,12001,0.0,0.0
2024-06-25 12:10:00+08:00,24.649999618530273,24.700000762939453,24.649999618530273,24.700000762939453,3000,0.0,0.0
2024-06-25 12:15:00+08:00,24.649999618530273,24.649999618530273,24.649999618530273,24.649999618530273,1000,0.0,0.0
2024-06-25 12:20:00+08:00,24.649999618530273,24.649999618530273,24.649999618530273,24.649999618530273,8027,0.0,0.0
2024-06-25 12:25:00+08:00,24.649999618530273,24.649999618530273,24.649999618530273,24.649999618530273,2000,0.0,0.0
2024-06-25 12:30:00+08:00,24.649999618530273,24.700000762939453,24.649999618530273,24.700000762939453,14000,0.0,0.0
2024-06-25 12:35:00+08:00,24.700000762939453,24.799999237060547,24.700000762939453,24.799999237060547,5000,0.0,0.0
2024-06-25 12:40:00+08:00,24.799999237060547,24.799999237060547,24.700000762939453,24.700000762939453,3000,0.0,0.0
2024-06-25 12:50:00+08:00,24.700000762939453,24.799999237060547,24.700000762939453,24.799999237060547,32000,0.0,0.0
2024-06-25 12:55:00+08:00,24.799999237060547,24.850000381469727,24.799999237060547,24.850000381469727,4001,0.0,0.0
2024-06-25 13:00:00+08:00,24.799999237060547,24.799999237060547,24.799999237060547,24.799999237060547,1028,0.0,0.0
2024-06-25 13:05:00+08:00,24.799999237060547,24.799999237060547,24.799999237060547,24.799999237060547,2000,0.0,0.0
2024-06-25 13:10:00+08:00,24.799999237060547,24.799999237060547,24.799999237060547,24.799999237060547,5600,0.0,0.0
2024-06-25 13:15:00+08:00,24.799999237060547,24.799999237060547,24.75,24.75,7000,0.0,0.0
2024-06-25 13:20:00+08:00,24.799999237060547,24.799999237060547,24.75,24.75,4600,0.0,0.0
2024-06-26 09:00:00+08:00,24.950000762939453,25.149999618530273,24.950000762939453,25.049999237060547,0,0.0,0.0
2024-06-26 09:05:00+08:00,25.049999237060547,25.049999237060547,25.049999237060547,25.049999237060547,5497,0.0,0.0
2024-06-26 09:10:00+08:00,25.0,25.149999618530273,25.0,25.049999237060547,26000,0.0,0.0
2024-06-26 09:15:00+08:00,25.049999237060547,25.049999237060547,25.049999237060547,25.049999237060547,4009,0.0,0.0
2024-06-26 09:20:00+08:00,25.0,25.0,25.0,25.0,1029,0.0,0.0
2024-06-26 09:25:00+08:00,25.049999237060547,25.149999618530273,25.049999237060547,25.100000381469727,39000,0.0,0.0
2024-06-26 09:30:00+08:00,25.049999237060547,25.100000381469727,25.049999237060547,25.100000381469727,5000,0.0,0.0
2024-06-26 09:35:00+08:00,25.100000381469727,25.100000381469727,25.049999237060547,25.049999237060547,7000,0.0,0.0
2024-06-26 09:40:00+08:00,25.049999237060547,25.049999237060547,25.049999237060547,25.049999237060547,5000,0.0,0.0
2024-06-26 09:45:00+08:00,25.049999237060547,25.049999237060547,25.049999237060547,25.049999237060547,2001,0.0,0.0
2024-06-26 09:50:00+08:00,25.0,25.049999237060547,25.0,25.049999237060547,22000,0.0,0.0
2024-06-26 09:55:00+08:00,25.049999237060547,25.100000381469727,25.049999237060547,25.100000381469727,10000,0.0,0.0
2024-06-26 10:00:00+08:00,25.100000381469727,25.100000381469727,25.100000381469727,25.100000381469727,3021,0.0,0.0
2024-06-26 10:05:00+08:00,25.100000381469727,25.100000381469727,25.100000381469727,25.100000381469727,2001,0.0,0.0
2024-06-26 10:10:00+08:00,25.100000381469727,25.149999618530273,25.100000381469727,25.149999618530273,16110,0.0,0.0
2024-06-26 10:15:00+08:00,25.100000381469727,25.100000381469727,25.100000381469727,25.100000381469727,3000,0.0,0.0
2024-06-26 10:20:00+08:00,25.100000381469727,25.100000381469727,25.100000381469727,25.100000381469727,1000,0.0,0.0
2024-06-26 10:25:00+08:00,25.100000381469727,25.149999618530273,25.100000381469727,25.149999618530273,26000,0.0,0.0
2024-06-26 10:30:00+08:00,25.149999618530273,25.149999618530273,25.100000381469727,25.100000381469727,4000,0.0,0.0
2024-06-26 10:35:00+08:00,25.149999618530273,25.149999618530273,25.149999618530273,25.149999618530273,7000,0.0,0.0
2024-06-26 10:40:00+08:00,25.200000762939453,25.25,25.200000762939453,25.25,47001,0.0,0.0
2024-06-26 10:45:00+08:00,25.200000762939453,25.299999237060547,25.200000762939453,25.299999237060547,23000,0.0,0.0
2024-06-26 10:50:00+08:00,25.299999237060547,25.399999618530273,25.25,25.350000381469727,43013,0.0,0.0
2024-06-26 10:55:00+08:00,25.299999237060547,25.299999237060547,25.25,25.25,9000,0.0,0.0
2024-06-26 11:00:00+08:00,25.299999237060547,25.299999237060547,25.299999237060547,25.299999237060547,1000,0.0,0.0
2024-06-26 11:05:00+08:00,25.25,25.25,25.25,25.25,2001,0.0,0.0
2024-06-26 11:10:00+08:00,25.25,25.25,25.25,25.25,3000,0.0,0.0
2024-06-26 11:15:00+08:00,25.200000762939453,25.25,25.200000762939453,25.200000762939453,21070,0.0,0.0
2024-06-26 11:20:00+08:00,25.149999618530273,25.200000762939453,25.149999618530273,25.149999618530273,13000,0.0,0.0
2024-06-26 11:25:00+08:00,25.100000381469727,25.100000381469727,25.100000381469727,25.100000381469727,1024,0.0,0.0
2024-06-26 11:30:00+08:00,25.100000381469727,25.100000381469727,25.100000381469727,25.100000381469727,11088,0.0,0.0
2024-06-26 11:40:00+08:00,25.049999237060547,25.049999237060547,25.049999237060547,25.049999237060547,1000,0.0,0.0
2024-06-26 11:45:00+08:00,25.049999237060547,25.049999237060547,25.049999237060547,25.049999237060547,1002,0.0,0.0
2024-06-26 11:50:00+08:00,25.049999237060547,25.100000381469727,25.049999237060547,25.100000381469727,5000,0.0,0.0
2024-06-26 11:55:00+08:00,25.100000381469727,25.100000381469727,25.100000381469727,25.100000381469727,5000,0.0,0.0
2024-06-26 12:00:00+08:00,25.100000381469727,25.100000381469727,25.100000381469727,25.100000381469727,7120,0.0,0.0
2024-06-26 12:05:00+08:00,25.149999618530273,25.149999618530273,25.149999618530273,25.149999618530273,2004,0.0,0.0
2024-06-26 12:25:00+08:00,25.100000381469727,25.149999618530273,25.100000381469727,25.149999618530273,18000,0.0,0.0
2024-06-26 12:35:00+08:00,25.100000381469727,25.149999618530273,25.100000381469727,25.149999618530273,3000,0.0,0.0
2024-06-26 12:40:00+08:00,25.100000381469727,25.100000381469727,25.100000381469727,25.100000381469727,1004,0.0,0.0
2024-06-26 12:45:00+08:00,25.100000381469727,25.100000381469727,25.049999237060547,25.049999237060547,28061,0.0,0.0
2024-06-26 12:50:00+08:00,25.049999237060547,25.049999237060547,25.049999237060547,25.049999237060547,1078,0.0,0.0
2024-06-26 12:55:00+08:00,25.049999237060547,25.149999618530273,25.049999237060547,25.100000381469727,21000,0.0,0.0
2024-06-26 13:00:00+08:00,25.100000381469727,25.149999618530273,25.100000381469727,25.100000381469727,4200,0.0,0.0
2024-06-26 13:05:00+08:00,25.100000381469727,25.149999618530273,25.100000381469727,25.149999618530273,13001,0.0,0.0
2024-06-26 13:10:00+08:00,25.149999618530273,25.25,25.149999618530273,25.200000762939453,23214,0.0,0.0
2024-06-26 13:20:00+08:00,25.149999618530273,25.200000762939453,25.149999618530273,25.200000762939453,10000,0.0,0.0
2024-06-27 09:00:00+08:00,25.0,25.0,25.0,25.0,0,0.0,0.0
2024-06-27 09:05:00+08:00,25.0,25.25,24.950000762939453,24.950000762939453,33023,0.0,0.0
2024-06-27 09:10:00+08:00,24.899999618530273,24.899999618530273,24.899999618530273,24.899999618530273,7215,0.0,0.0
2024-06-27 09:15:00+08:00,24.850000381469727,24.899999618530273,24.850000381469727,24.850000381469727,5110,0.0,0.0
2024-06-27 09:20:00+08:00,24.899999618530273,24.950000762939453,24.899999618530273,24.950000762939453,5026,0.0,0.0
2024-06-27 09:25:00+08:00,24.950000762939453,25.0,24.950000762939453,25.0,4344,0.0,0.0
2024-06-27 09:30:00+08:00,24.899999618530273,24.899999618530273,24.850000381469727,24.850000381469727,11000,0.0,0.0
2024-06-27 09:35:00+08:00,25.0,25.0,25.0,25.0,6004,0.0,0.0
2024-06-27 09:40:00+08:00,25.049999237060547,25.100000381469727,25.049999237060547,25.100000381469727,8000,0.0,0.0
2024-06-27 09:45:00+08:00,25.0,25.0,25.0,25.0,1000,0.0,0.0
2024-06-27 09:50:00+08:00,25.0,25.049999237060547,25.0,25.049999237060547,5240,0.0,0.0
2024-06-27 10:00:00+08:00,25.0,25.100000381469727,25.0,25.100000381469727,11000,0.0,0.0
2024-06-27 10:05:00+08:00,25.149999618530273,25.149999618530273,25.149999618530273,25.149999618530273,1000,0.0,0.0
2024-06-27 10:10:00+08:00,25.149999618530273,25.149999618530273,25.100000381469727,25.100000381469727,2000,0.0,0.0
2024-06-27 10:15:00+08:00,25.100000381469727,25.149999618530273,25.100000381469727,25.149999618530273,11052,0.0,0.0
2024-06-27 10:20:00+08:00,25.100000381469727,25.149999618530273,25.049999237060547,25.149999618530273,8000,0.0,0.0
2024-06-27 10:25:00+08:00,25.100000381469727,25.100000381469727,25.049999237060547,25.049999237060547,3000,0.0,0.0
2024-06-27 10:30:00+08:00,25.049999237060547,25.100000381469727,25.049999237060547,25.100000381469727,5000,0.0,0.0
2024-06-27 10:35:00+08:00,25.049999237060547,25.049999237060547,25.049999237060547,25.049999237060547,1000,0.0,0.0
2024-06-27 10:40:00+08:00,25.049999237060547,25.049999237060547,25.049999237060547,25.049999237060547,6005,0.0,0.0
2024-06-27 10:50:00+08:00,25.049999237060547,25.049999237060547,25.0,25.049999237060547,20174,0.0,0.0
2024-06-27 11:05:00+08:00,25.0,25.0,25.0,25.0,5055,0.0,0.0
2024-06-27 11:15:00+08:00,25.0,25.049999237060547,25.0,25.049999237060547,4198,0.0,0.0
2024-06-27 11:25:00+08:00,25.049999237060547,25.049999237060547,25.0,25.0,2000,0.0,0.0
2024-06-27 11:35:00+08:00,25.0,25.0,25.0,25.0,3000,0.0,0.0
2024-06-27 11:40:00+08:00,25.049999237060547,25.049999237060547,25.049999237060547,25.049999237060547,2000,0.0,0.0
2024-06-27 11:45:00+08:00,25.0,25.049999237060547,24.950000762939453,24.950000762939453,48386,0.0,0.0
2024-06-27 11:50:00+08:00,24.950000762939453,25.0,24.950000762939453,25.0,4001,0.0,0.0
2024-06-27 12:00:00+08:00,25.0,25.0,25.0,25.0,3000,0.0,0.0
2024-06-27 12:05:00+08:00,25.0,25.0,25.0,25.0,3000,0.0,0.0
2024-06-27 12:10:00+08:00,25.0,25.049999237060547,25.0,25.049999237060547,3000,0.0,0.0
2024-06-27 12:15:00+08:00,25.0,25.0,24.950000762939453,24.950000762939453,22000,0.0,0.0
2024-06-27 12:20:00+08:00,24.950000762939453,24.950000762939453,24.950000762939453,24.950000762939453,4000,0.0,0.0
2024-06-27 12:30:00+08:00,24.950000762939453,24.950000762939453,24.950000762939453,24.950000762939453,2000,0.0,0.0
2024-06-27 12:35:00+08:00,24.950000762939453,25.0,24.899999618530273,24.899999618530273,24314,0.0,0.0
2024-06-27 12:40:00+08:00,25.0,25.0,24.899999618530273,24.899999618530273,17562,0.0,0.0
2024-06-27 12:50:00+08:00,24.850000381469727,24.899999618530273,24.799999237060547,24.850000381469727,23000,0.0,0.0
2024-06-27 12:55:00+08:00,24.799999237060547,24.799999237060547,24.75,24.75,22742,0.0,0.0
2024-06-27 13:00:00+08:00,24.75,24.799999237060547,24.75,24.799999237060547,11000,0.0,0.0
2024-06-27 13:05:00+08:00,24.799999237060547,24.799999237060547,24.75,24.799999237060547,18000,0.0,0.0
2024-06-27 13:10:00+08:00,24.75,24.799999237060547,24.75,24.75,4000,0.0,0.0
2024-06-27 13:15:00+08:00,24.799999237060547,24.799999237060547,24.799999237060547,24.799999237060547,7000,0.0,0.0
2024-06-27 13:20:00+08:00,24.799999237060547,24.850000381469727,24.700000762939453,24.700000762939453,41000,0.0,0.0
2024-06-28 09:00:00+08:00,24.799999237060547,25.0,24.799999237060547,25.0,0,0.0,0.0
2024-06-28 09:05:00+08:00,25.049999237060547,25.149999618530273,25.049999237060547,25.149999618530273,6004,0.0,0.0
2024-06-28 09:10:00+08:00,25.149999618530273,25.200000762939453,25.149999618530273,25.200000762939453,24025,0.0,0.0
2024-06-28 09:15:00+08:00,25.200000762939453,25.299999237060547,25.200000762939453,25.299999237060547,24000,0.0,0.0
2024-06-28 09:20:00+08:00,25.299999237060547,25.549999237060547,25.299999237060547,25.5,65020,0.0,0.0
2024-06-28 09:25:00+08:00,25.5,25.5,25.450000762939453,25.450000762939453,24000,0.0,0.0
2024-06-28 09:30:00+08:00,25.450000762939453,25.450000762939453,25.299999237060547,25.299999237060547,25080,0.0,0.0
2024-06-28 09:35:00+08:00,25.299999237060547,25.399999618530273,25.25,25.350000381469727,28079,0.0,0.0
2024-06-28 09:40:00+08:00,25.350000381469727,25.399999618530273,25.350000381469727,25.399999618530273,10001,0.0,0.0
2024-06-28 09:45:00+08:00,25.399999618530273,25.549999237060547,25.399999618530273,25.549999237060547,95055,0.0,0.0
2024-06-28 09:50:00+08:00,25.549999237060547,25.600000381469727,25.549999237060547,25.549999237060547,50660,0.0,0.0
2024-06-28 09:55:00+08:00,25.549999237060547,25.549999237060547,25.350000381469727,25.350000381469727,33000,0.0,0.0
2024-06-28 10:00:00+08:00,25.399999618530273,25.399999618530273,25.399999618530273,25.399999618530273,3000,0.0,0.0
2024-06-28 10:05:00+08:00,25.399999618530273,25.399999618530273,25.399999618530273,25.399999618530273,1000,0.0,0.0
2024-06-28 10:10:00+08:00,25.350000381469727,25.350000381469727,25.350000381469727,25.350000381469727,2000,0.0,0.0
2024-06-28 10:15:00+08:00,25.350000381469727,25.350000381469727,25.350000381469727,25.350000381469727,5000,0.0,0.0
2024-06-28 10:20:00+08:00,25.350000381469727,25.399999618530273,25.350000381469727,25.399999618530273,11000,0.0,0.0
2024-06-28 10:25:00+08:00,25.399999618530273,25.399999618530273,25.350000381469727,25.350000381469727,2000,0.0,0.0
2024-06-28 10:30:00+08:00,25.350000381469727,25.399999618530273,25.350000381469727,25.399999618530273,3000,0.0,0.0
2024-06-28 10:35:00+08:00,25.399999618530273,25.399999618530273,25.399999618530273,25.399999618530273,3000,0.0,0.0
2024-06-28 10:40:00+08:00,25.350000381469727,25.350000381469727,25.350000381469727,25.350000381469727,7000,0.0,0.0
2024-06-28 10:45:00+08:00,25.299999237060547,25.299999237060547,25.299999237060547,25.299999237060547,3000,0.0,0.0
2024-06-28 10:50:00+08:00,25.299999237060547,25.299999237060547,25.299999237060547,25.299999237060547,12001,0.0,0.0
2024-06-28 10:55:00+08:00,25.299999237060547,25.299999237060547,25.299999237060547,25.299999237060547,1000,0.0,0.0
2024-06-28 11:00:00+08:00,25.25,25.25,25.25,25.25,4000,0.0,0.0
2024-06-28 11:05:00+08:00,25.299999237060547,25.350000381469727,25.299999237060547,25.350000381469727,3000,0.0,0.0
2024-06-28 11:10:00+08:00,25.25,25.25,25.25,25.25,6000,0.0,0.0
2024-06-28 11:15:00+08:00,25.25,25.25,25.25,25.25,2000,0.0,0.0
2024-06-28 11:20:00+08:00,25.299999237060547,25.299999237060547,25.25,25.25,6000,0.0,0.0
2024-06-28 11:25:00+08:00,25.25,25.25,25.25,25.25,1000,0.0,0.0
2024-06-28 11:30:00+08:00,25.25,25.25,25.25,25.25,5000,0.0,0.0
2024-06-28 11:35:00+08:00,25.200000762939453,25.200000762939453,25.200000762939453,25.200000762939453,5000,0.0,0.0
2024-06-28 11:40:00+08:00,25.200000762939453,25.25,25.200000762939453,25.25,9000,0.0,0.0
2024-06-28 11:45:00+08:00,25.25,25.299999237060547,25.25,25.299999237060547,8080,0.0,0.0
2024-06-28 11:50:00+08:00,25.25,25.25,25.25,25.25,2000,0.0,0.0
2024-06-28 11:55:00+08:00,25.25,25.299999237060547,25.25,25.299999237060547,4000,0.0,0.0
2024-06-28 12:00:00+08:00,25.299999237060547,25.299999237060547,25.299999237060547,25.299999237060547,14000,0.0,0.0
2024-06-28 12:05:00+08:00,25.299999237060547,25.350000381469727,25.299999237060547,25.350000381469727,13096,0.0,0.0
2024-06-28 12:10:00+08:00,25.350000381469727,25.5,25.350000381469727,25.450000762939453,85101,0.0,0.0
2024-06-28 12:15:00+08:00,25.450000762939453,25.5,25.399999618530273,25.399999618530273,15000,0.0,0.0
2024-06-28 12:25:00+08:00,25.450000762939453,25.450000762939453,25.399999618530273,25.399999618530273,11000,0.0,0.0
2024-06-28 12:30:00+08:00,25.399999618530273,25.399999618530273,25.399999618530273,25.399999618530273,3000,0.0,0.0
2024-06-28 12:35:00+08:00,25.350000381469727,25.350000381469727,25.350000381469727,25.350000381469727,4000,0.0,0.0
2024-06-28 12:40:00+08:00,25.299999237060547,25.399999618530273,25.299999237060547,25.399999618530273,7000,0.0,0.0
2024-06-28 12:45:00+08:00,25.399999618530273,25.399999618530273,25.399999618530273,25.399999618530273,2000,0.0,0.0
2024-06-28 12:50:00+08:00,25.399999618530273,25.399999618530273,25.399999618530273,25.399999618530273,1001,0.0,0.0
2024-06-28 12:55:00+08:00,25.350000381469727,25.399999618530273,25.350000381469727,25.399999618530273,20200,0.0,0.0
2024-06-28 13:00:00+08:00,25.399999618530273,25.399999618530273,25.350000381469727,25.350000381469727,9000,0.0,0.0
2024-06-28 13:05:00+08:00,25.350000381469727,25.350000381469727,25.350000381469727,25.350000381469727,10001,0.0,0.0
2024-06-28 13:10:00+08:00,25.350000381469727,25.399999618530273,25.200000762939453,25.399999618530273,18000,0.0,0.0
2024-06-28 13:15:00+08:00,25.299999237060547,25.350000381469727,25.25,25.350000381469727,28187,0.0,0.0
2024-06-28 13:20:00+08:00,25.350000381469727,25.350000381469727,25.299999237060547,25.350000381469727,12071,0.0,0.0
2024-07-01 09:00:00+08:00,25.399999618530273,25.399999618530273,25.399999618530273,25.399999618530273,0,0.0,0.0
2024-07-01 09:05:00+08:00,25.299999237060547,25.299999237060547,25.25,25.25,8012,0.0,0.0
2024-07-01 09:10:00+08:00,25.25,25.299999237060547,25.200000762939453,25.200000762939453,8100,0.0,0.0
2024-07-01 09:15:00+08:00,25.25,25.25,25.25,25.25,7001,0.0,0.0
2024-07-01 09:20:00+08:00,25.299999237060547,25.350000381469727,25.299999237060547,25.350000381469727,11000,0.0,0.0
2024-07-01 09:25:00+08:00,25.350000381469727,25.350000381469727,25.149999618530273,25.200000762939453,54566,0.0,0.0
2024-07-01 09:30:00+08:00,25.200000762939453,25.200000762939453,25.149999618530273,25.149999618530273,10000,0.0,0.0
2024-07-01 09:35:00+08:00,25.25,25.299999237060547,25.25,25.299999237060547,5000,0.0,0.0
2024-07-01 09:40:00+08:00,25.299999237060547,25.299999237060547,25.299999237060547,25.299999237060547,3001,0.0,0.0
2024-07-01 09:50:00+08:00,25.299999237060547,25.299999237060547,25.200000762939453,25.200000762939453,11001,0.0,0.0
2024-07-01 09:55:00+08:00,25.25,25.25,25.200000762939453,25.200000762939453,5173,0.0,0.0
2024-07-01 10:05:00+08:00,25.200000762939453,25.200000762939453,25.200000762939453,25.200000762939453,11000,0.0,0.0
2024-07-01 10:10:00+08:00,25.200000762939453,25.200000762939453,25.200000762939453,25.200000762939453,7000,0.0,0.0
2024-07-01 10:15:00+08:00,25.200000762939453,25.200000762939453,25.149999618530273,25.149999618530273,15000,0.0,0.0
2024-07-01 10:25:00+08:00,25.200000762939453,25.200000762939453,25.200000762939453,25.200000762939453,3000,0.0,0.0
2024-07-01 10:30:00+08:00,25.149999618530273,25.149999618530273,25.149999618530273,25.149999618530273,5000,0.0,0.0
2024-07-01 10:35:00+08:00,25.149999618530273,25.149999618530273,25.149999618530273,25.149999618530273,2000,0.0,0.0
2024-07-01 10:40:00+08:00,25.149999618530273,25.149999618530273,25.149999618530273,25.149999618530273,1020,0.0,0.0
2024-07-01 10:45:00+08:00,25.100000381469727,25.200000762939453,25.100000381469727,25.200000762939453,5000,0.0,0.0
2024-07-01 10:50:00+08:00,25.100000381469727,25.100000381469727,25.100000381469727,25.100000381469727,3000,0.0,0.0
2024-07-01 10:55:00+08:00,25.100000381469727,25.200000762939453,25.100000381469727,25.200000762939453,7001,0.0,0.0
2024-07-01 11:00:00+08:00,25.200000762939453,25.25,25.200000762939453,25.25,9000,0.0,0.0
2024-07-01 11:05:00+08:00,25.25,25.25,25.200000762939453,25.200000762939453,3118,0.0,0.0
2024-07-01 11:10:00+08:00,25.200000762939453,25.200000762939453,25.200000762939453,25.200000762939453,2000,0.0,0.0
2024-07-01 11:15:00+08:00,25.200000762939453,25.25,25.200000762939453,25.200000762939453,12000,0.0,0.0
2024-07-01 11:25:00+08:00,25.200000762939453,25.200000762939453,25.200000762939453,25.200000762939453,8000,0.0,0.0
2024-07-01 11:30:00+08:00,25.149999618530273,25.149999618530273,25.149999618530273,25.149999618530273,2000,0.0,0.0
2024-07-01 11:35:00+08:00,25.149999618530273,25.149999618530273,25.149999618530273,25.149999618530273,2069,0.0,0.0
2024-07-01 11:40:00+08:00,25.149999618530273,25.149999618530273,25.149999618530273,25.149999618530273,1000,0.0,0.0
2024-07-01 11:45:00+08:00,25.149999618530273,25.149999618530273,25.149999618530273,25.149999618530273,3019,0.0,0.0
2024-07-01 11:50:00+08:00,25.149999618530273,25.149999618530273,25.149999618530273,25.149999618530273,5000,0.0,0.0
2024-07-01 11:55:00+08:00,25.149999618530273,25.149999618530273,25.149999618530273,25.149999618530273,2000,0.0,0.0
2024-07-01 12:00:00+08:00,25.149999618530273,25.149999618530273,25.149999618530273,25.149999618530273,11000,0.0,0.0
2024-07-01 12:05:00+08:00,25.100000381469727,25.100000381469727,25.100000381469727,25.100000381469727,22000,0.0,0.0
2024-07-01 12:15:00+08:00,25.100000381469727,25.100000381469727,25.100000381469727,25.100000381469727,16299,0.0,0.0
2024-07-01 12:20:00+08:00,25.100000381469727,25.100000381469727,25.100000381469727,25.100000381469727,3000,0.0,0.0
2024-07-01 12:25:00+08:00,25.100000381469727,25.100000381469727,25.100000381469727,25.100000381469727,2039,0.0,0.0
2024-07-01 12:30:00+08:00,25.100000381469727,25.100000381469727,25.100000381469727,25.100000381469727,3000,0.0,0.0
2024-07-01 12:40:00+08:00,25.100000381469727,25.100000381469727,25.100000381469727,25.100000381469727,12000,0.0,0.0
2024-07-01 12:45:00+08:00,25.100000381469727,25.100000381469727,25.049999237060547,25.049999237060547,24000,0.0,0.0
2024-07-01 12:50:00+08:00,25.049999237060547,25.049999237060547,25.049999237060547,25.049999237060547,6000,0.0,0.0
2024-07-01 12:55:00+08:00,25.049999237060547,25.049999237060547,25.049999237060547,25.049999237060547,3001,0.0,0.0
2024-07-01 13:00:00+08:00,25.049999237060547,25.049999237060547,25.049999237060547,25.049999237060547,2000,0.0,0.0
2024-07-01 13:05:00+08:00,25.049999237060547,25.049999237060547,25.049999237060547,25.049999237060547,4100,0.0,0.0
2024-07-01 13:10:00+08:00,25.049999237060547,25.049999237060547,25.049999237060547,25.049999237060547,8202,0.0,0.0
2024-07-01 13:15:00+08:00,25.049999237060547,25.049999237060547,25.049999237060547,25.049999237060547,1191,0.0,0.0
2024-07-01 13:20:00+08:00,25.049999237060547,25.049999237060547,25.049999237060547,25.049999237060547,13000,0.0,0.0
2024-07-02 09:00:00+08:00,25.149999618530273,25.149999618530273,25.100000381469727,25.100000381469727,0,0.0,0.0
2024-07-02 09:05:00+08:00,25.049999237060547,25.049999237060547,25.0,25.0,17001,0.0,0.0
2024-07-02 09:10:00+08:00,25.0,25.0,24.899999618530273,24.899999618530273,10000,0.0,0.0
2024-07-02 09:15:00+08:00,24.850000381469727,24.899999618530273,24.799999237060547,24.799999237060547,39277,0.0,0.0
2024-07-02 09:20:00+08:00,24.799999237060547,24.850000381469727,24.700000762939453,24.75,22010,0.0,0.0
2024-07-02 09:25:00+08:00,24.799999237060547,24.799999237060547,24.799999237060547,24.799999237060547,6401,0.0,0.0
2024-07-02 09:30:00+08:00,24.850000381469727,24.850000381469727,24.799999237060547,24.850000381469727,5000,0.0,0.0
2024-07-02 09:35:00+08:00,24.799999237060547,24.799999237060547,24.799999237060547,24.799999237060547,2007,0.0,0.0
2024-07-02 09:40:00+08:00,24.799999237060547,24.850000381469727,24.799999237060547,24.850000381469727,2002,0.0,0.0
2024-07-02 09:45:00+08:00,24.850000381469727,24.850000381469727,24.850000381469727,24.850000381469727,1000,0.0,0.0
2024-07-02 09:50:00+08:00,24.850000381469727,24.899999618530273,24.850000381469727,24.899999618530273,9001,0.0,0.0
2024-07-02 09:55:00+08:00,24.950000762939453,24.950000762939453,24.850000381469727,24.950000762939453,23000,0.0,0.0
2024-07-02 10:00:00+08:00,24.950000762939453,25.049999237060547,24.950000762939453,25.049999237060547,28112,0.0,0.0
2024-07-02 10:05:00+08:00,24.950000762939453,24.950000762939453,24.950000762939453,24.950000762939453,3067,0.0,0.0
2024-07-02 10:20:00+08:00,24.950000762939453,24.950000762939453,24.899999618530273,24.899999618530273,4002,0.0,0.0
2024-07-02 10:25:00+08:00,24.899999618530273,24.950000762939453,24.799999237060547,24.950000762939453,10000,0.0,0.0
2024-07-02 10:30:00+08:00,24.850000381469727,24.899999618530273,24.850000381469727,24.899999618530273,2074,0.0,0.0
2024-07-02 10:35:00+08:00,24.899999618530273,24.899999618530273,24.899999618530273,24.899999618530273,1000,0.0,0.0
2024-07-02 10:40:00+08:00,24.899999618530273,24.899999618530273,24.799999237060547,24.799999237060547,31023,0.0,0.0
2024-07-02 10:50:00+08:00,24.799999237060547,24.799999237060547,24.799999237060547,24.799999237060547,5001,0.0,0.0
2024-07-02 10:55:00+08:00,24.799999237060547,24.799999237060547,24.799999237060547,24.799999237060547,2001,0.0,0.0
2024-07-02 11:10:00+08:00,24.799999237060547,24.850000381469727,24.75,24.75,19026,0.0,0.0
2024-07-02 11:15:00+08:00,24.75,24.799999237060547,24.75,24.75,13003,0.0,0.0
2024-07-02 11:20:00+08:00,24.700000762939453,24.75,24.700000762939453,24.75,4100,0.0,0.0
2024-07-02 11:35:00+08:00,24.799999237060547,24.799999237060547,24.799999237060547,24.799999237060547,2000,0.0,0.0
2024-07-02 11:45:00+08:00,24.799999237060547,24.799999237060547,24.75,24.75,4157,0.0,0.0
2024-07-02 11:50:00+08:00,24.75,24.799999237060547,24.75,24.799999237060547,11329,0.0,0.0
2024-07-02 12:00:00+08:00,24.799999237060547,24.850000381469727,24.799999237060547,24.850000381469727,3000,0.0,0.0
2024-07-02 12:05:00+08:00,24.799999237060547,24.799999237060547,24.799999237060547,24.799999237060547,1000,0.0,0.0
2024-07-02 12:10:00+08:00,24.799999237060547,24.799999237060547,24.799999237060547,24.799999237060547,1000,0.0,0.0
2024-07-02 12:15:00+08:00,24.799999237060547,24.799999237060547,24.799999237060547,24.799999237060547,2000,0.0,0.0
2024-07-02 12:20:00+08:00,24.799999237060547,24.799999237060547,24.799999237060547,24.799999237060547,3000,0.0,0.0
2024-07-02 12:25:00+08:00,24.799999237060547,24.850000381469727,24.799999237060547,24.799999237060547,7000,0.0,0.0
2024-07-02 12:30:00+08:00,24.799999237060547,24.799999237060547,24.799999237060547,24.799999237060547,1000,0.0,0.0
2024-07-02 12:35:00+08:00,24.799999237060547,24.850000381469727,24.75,24.850000381469727,25000,0.0,0.0
2024-07-02 12:40:00+08:00,24.850000381469727,24.850000381469727,24.850000381469727,24.850000381469727,0,0.0,0.0
2024-07-02 12:45:00+08:00,24.799999237060547,24.799999237060547,24.700000762939453,24.700000762939453,329614,0.0,0.0
2024-07-02 12:50:00+08:00,24.700000762939453,24.75,24.700000762939453,24.700000762939453,7025,0.0,0.0
2024-07-02 12:55:00+08:00,24.75,24.850000381469727,24.75,24.850000381469727,6200,0.0,0.0
2024-07-02 13:00:00+08:00,24.850000381469727,24.850000381469727,24.850000381469727,24.850000381469727,1000,0.0,0.0
2024-07-02 13:05:00+08:00,24.75,24.75,24.75,24.75,1052,0.0,0.0
2024-07-02 13:10:00+08:00,24.75,24.75,24.75,24.75,3005,0.0,0.0
2024-07-02 13:15:00+08:00,24.75,24.799999237060547,24.75,24.75,17199,0.0,0.0
2024-07-02 13:20:00+08:00,24.799999237060547,24.899999618530273,24.75,24.899999618530273,20140,0.0,0.0
2024-07-03 09:00:00+08:00,25.0,25.0,25.0,25.0,5000,0.0,0.0
2024-07-03 09:05:00+08:00,25.0,25.200000762939453,25.0,25.200000762939453,28000,0.0,0.0
2024-07-03 09:10:00+08:00,25.450000762939453,25.600000381469727,25.399999618530273,25.450000762939453,154120,0.0,0.0
2024-07-03 09:15:00+08:00,25.450000762939453,25.5,25.350000381469727,25.350000381469727,11003,0.0,0.0
2024-07-03 09:20:00+08:00,25.399999618530273,25.450000762939453,25.399999618530273,25.450000762939453,13020,0.0,0.0
2024-07-03 09:25:00+08:00,25.5,25.600000381469727,25.5,25.549999237060547,64000,0.0,0.0
2024-07-03 09:30:00+08:00,25.549999237060547,25.700000762939453,25.549999237060547,25.649999618530273,71140,0.0,0.0
2024-07-03 09:35:00+08:00,25.649999618530273,25.700000762939453,25.600000381469727,25.600000381469727,32510,0.0,0.0
2024-07-03 09:40:00+08:00,25.600000381469727,25.600000381469727,25.5,25.600000381469727,30000,0.0,0.0
2024-07-03 09:45:00+08:00,25.600000381469727,25.600000381469727,25.5,25.5,3005,0.0,0.0
2024-07-03 09:50:00+08:00,25.5,25.5,25.399999618530273,25.399999618530273,16396,0.0,0.0
2024-07-03 09:55:00+08:00,25.399999618530273,25.399999618530273,25.399999618530273,25.399999618530273,3117,0.0,0.0
2024-07-03 10:00:00+08:00,25.399999618530273,25.399999618530273,25.399999618530273,25.399999618530273,1000,0.0,0.0
2024-07-03 10:05:00+08:00,25.450000762939453,25.450000762939453,25.450000762939453,25.450000762939453,5034,0.0,0.0
2024-07-03 10:10:00+08:00,25.399999618530273,25.399999618530273,25.399999618530273,25.399999618530273,0,0.0,0.0
2024-07-03 10:15:00+08:00,25.399999618530273,25.399999618530273,25.399999618530273,25.399999618530273,451345,0.0,0.0
2024-07-03 10:20:00+08:00,25.399999618530273,25.399999618530273,25.399999618530273,25.399999618530273,4003,0.0,0.0
2024-07-03 10:25:00+08:00,25.399999618530273,25.399999618530273,25.350000381469727,25.350000381469727,5000,0.0,0.0
2024-07-03 10:30:00+08:00,25.350000381469727,25.350000381469727,25.350000381469727,25.350000381469727,4100,0.0,0.0
2024-07-03 10:45:00+08:00,25.350000381469727,25.350000381469727,25.350000381469727,25.350000381469727,1000,0.0,0.0
2024-07-03 10:50:00+08:00,25.350000381469727,25.350000381469727,25.350000381469727,25.350000381469727,2000,0.0,0.0
2024-07-03 10:55:00+08:00,25.350000381469727,25.350000381469727,25.299999237060547,25.350000381469727,4000,0.0,0.0
2024-07-03 11:05:00+08:00,25.350000381469727,25.350000381469727,25.299999237060547,25.299999237060547,2000,0.0,0.0
2024-07-03 11:10:00+08:00,25.299999237060547,25.399999618530273,25.299999237060547,25.399999618530273,27006,0.0,0.0
2024-07-03 11:15:00+08:00,25.450000762939453,25.450000762939453,25.450000762939453,25.450000762939453,1000,0.0,0.0
2024-07-03 11:20:00+08:00,25.399999618530273,25.399999618530273,25.399999618530273,25.399999618530273,4008,0.0,0.0
2024-07-03 11:30:00+08:00,25.350000381469727,25.350000381469727,25.350000381469727,25.350000381469727,2001,0.0,0.0
2024-07-03 11:35:00+08:00,25.299999237060547,25.299999237060547,25.299999237060547,25.299999237060547,7000,0.0,0.0
2024-07-03 11:40:00+08:00,25.350000381469727,25.350000381469727,25.350000381469727,25.350000381469727,16000,0.0,0.0
2024-07-03 11:50:00+08:00,25.350000381469727,25.350000381469727,25.299999237060547,25.299999237060547,2001,0.0,0.0
2024-07-03 12:05:00+08:00,25.350000381469727,25.350000381469727,25.350000381469727,25.350000381469727,3000,0.0,0.0
2024-07-03 12:10:00+08:00,25.350000381469727,25.350000381469727,25.350000381469727,25.350000381469727,11000,0.0,0.0
2024-07-03 12:15:00+08:00,25.299999237060547,25.299999237060547,25.299999237060547,25.299999237060547,3241,0.0,0.0
2024-07-03 12:40:00+08:00,25.350000381469727,25.350000381469727,25.299999237060547,25.299999237060547,6000,0.0,0.0
2024-07-03 12:45:00+08:00,25.399999618530273,25.399999618530273,25.399999618530273,25.399999618530273,1200,0.0,0.0
2024-07-03 12:50:00+08:00,25.350000381469727,25.350000381469727,25.350000381469727,25.350000381469727,2052,0.0,0.0
2024-07-03 12:55:00+08:00,25.350000381469727,25.350000381469727,25.350000381469727,25.350000381469727,16000,0.0,0.0
2024-07-03 13:00:00+08:00,25.399999618530273,25.399999618530273,25.350000381469727,25.350000381469727,8306,0.0,0.0
2024-07-03 13:05:00+08:00,25.350000381469727,25.350000381469727,25.350000381469727,25.350000381469727,4000,0.0,0.0
2024-07-03 13:10:00+08:00,25.350000381469727,25.350000381469727,25.350000381469727,25.350000381469727,13000,0.0,0.0
2024-07-03 13:15:00+08:00,25.350000381469727,25.399999618530273,25.350000381469727,25.350000381469727,10000,0.0,0.0
2024-07-03 13:20:00+08:00,25.350000381469727,25.399999618530273,25.350000381469727,25.399999618530273,13000,0.0,0.0
2024-07-04 09:00:00+08:00,25.549999237060547,25.75,25.399999618530273,25.399999618530273,48000,0.0,0.0
2024-07-04 09:05:00+08:00,25.399999618530273,25.399999618530273,25.399999618530273,25.399999618530273,8004,0.0,0.0
2024-07-04 09:10:00+08:00,25.450000762939453,25.450000762939453,25.399999618530273,25.399999618530273,19000,0.0,0.0
2024-07-04 09:15:00+08:00,25.399999618530273,25.399999618530273,25.299999237060547,25.299999237060547,10032,0.0,0.0
2024-07-04 09:20:00+08:00,25.399999618530273,25.5,25.399999618530273,25.5,14000,0.0,0.0
2024-07-04 09:30:00+08:00,25.399999618530273,25.5,25.399999618530273,25.5,13022,0.0,0.0
2024-07-04 09:35:00+08:00,25.5,25.549999237060547,25.5,25.549999237060547,7000,0.0,0.0
2024-07-04 09:40:00+08:00,25.549999237060547,25.549999237060547,25.399999618530273,25.399999618530273,10033,0.0,0.0
2024-07-04 09:45:00+08:00,25.399999618530273,25.399999618530273,25.399999618530273,25.399999618530273,12066,0.0,0.0
2024-07-04 09:50:00+08:00,25.399999618530273,25.5,25.399999618530273,25.399999618530273,25078,0.0,0.0
2024-07-04 09:55:00+08:00,25.399999618530273,25.399999618530273,25.399999618530273,25.399999618530273,2050,0.0,0.0
2024-07-04 10:00:00+08:00,25.399999618530273,25.399999618530273,25.399999618530273,25.399999618530273,4000,0.0,0.0
2024-07-04 10:05:00+08:00,25.399999618530273,25.399999618530273,25.399999618530273,25.399999618530273,5050,0.0,0.0
2024-07-04 10:10:00+08:00,25.399999618530273,25.399999618530273,25.399999618530273,25.399999618530273,2000,0.0,0.0
2024-07-04 10:15:00+08:00,25.399999618530273,25.399999618530273,25.399999618530273,25.399999618530273,17111,0.0,0.0
2024-07-04 10:20:00+08:00,25.399999618530273,25.399999618530273,25.350000381469727,25.399999618530273,12000,0.0,0.0
2024-07-04 10:25:00+08:00,25.399999618530273,25.450000762939453,25.399999618530273,25.450000762939453,10035,0.0,0.0
2024-07-04 10:30:00+08:00,25.450000762939453,25.549999237060547,25.450000762939453,25.549999237060547,39211,0.0,0.0
2024-07-04 10:35:00+08:00,25.549999237060547,25.549999237060547,25.549999237060547,25.549999237060547,4001,0.0,0.0
2024-07-04 10:40:00+08:00,25.549999237060547,25.549999237060547,25.549999237060547,25.549999237060547,2000,0.0,0.0
2024-07-04 10:45:00+08:00,25.5,25.5,25.5,25.5,2000,0.0,0.0
2024-07-04 10:50:00+08:00,25.5,25.5,25.5,25.5,2001,0.0,0.0
2024-07-04 10:55:00+08:00,25.450000762939453,25.450000762939453,25.450000762939453,25.450000762939453,1001,0.0,0.0
2024-07-04 11:00:00+08:00,25.450000762939453,25.450000762939453,25.450000762939453,25.450000762939453,3000,0.0,0.0
2024-07-04 11:05:00+08:00,25.399999618530273,25.399999618530273,25.399999618530273,25.399999618530273,11000,0.0,0.0
2024-07-04 11:15:00+08:00,25.399999618530273,25.399999618530273,25.399999618530273,25.399999618530273,6000,0.0,0.0
2024-07-04 11:20:00+08:00,25.399999618530273,25.399999618530273,25.399999618530273,25.399999618530273,6000,0.0,0.0
2024-07-04 11:30:00+08:00,25.399999618530273,25.399999618530273,25.399999618530273,25.399999618530273,3000,0.0,0.0
2024-07-04 11:35:00+08:00,25.350000381469727,25.350000381469727,25.350000381469727,25.350000381469727,2000,0.0,0.0
2024-07-04 11:40:00+08:00,25.399999618530273,25.399999618530273,25.399999618530273,25.399999618530273,1131,0.0,0.0
2024-07-04 11:50:00+08:00,25.399999618530273,25.399999618530273,25.350000381469727,25.350000381469727,5200,0.0,0.0
2024-07-04 12:00:00+08:00,25.350000381469727,25.399999618530273,25.350000381469727,25.399999618530273,9190,0.0,0.0
2024-07-04 12:05:00+08:00,25.399999618530273,25.399999618530273,25.299999237060547,25.299999237060547,25000,0.0,0.0
2024-07-04 12:20:00+08:00,25.350000381469727,25.350000381469727,25.299999237060547,25.299999237060547,12595,0.0,0.0
2024-07-04 12:30:00+08:00,25.299999237060547,25.299999237060547,25.299999237060547,25.299999237060547,12000,0.0,0.0
2024-07-04 12:35:00+08:00,25.299999237060547,25.299999237060547,25.299999237060547,25.299999237060547,9000,0.0,0.0
2024-07-04 12:40:00+08:00,25.399999618530273,25.399999618530273,25.350000381469727,25.350000381469727,4000,0.0,0.0
2024-07-04 12:45:00+08:00,25.350000381469727,25.350000381469727,25.350000381469727,25.350000381469727,11000,0.0,0.0
2024-07-04 12:50:00+08:00,25.350000381469727,25.350000381469727,25.350000381469727,25.350000381469727,5001,0.0,0.0
2024-07-04 12:55:00+08:00,25.299999237060547,25.299999237060547,25.299999237060547,25.299999237060547,1000,0.0,0.0
2024-07-04 13:00:00+08:00,25.350000381469727,25.350000381469727,25.350000381469727,25.350000381469727,8000,0.0,0.0
2024-07-04 13:05:00+08:00,25.350000381469727,25.350000381469727,25.299999237060547,25.299999237060547,6000,0.0,0.0
2024-07-04 13:15:00+08:00,25.299999237060547,25.299999237060547,25.299999237060547,25.299999237060547,19099,0.0,0.0
2024-07-04 13:20:00+08:00,25.25,25.299999237060547,25.149999618530273,25.149999618530273,39853,0.0,0.0
2024-07-05 09:00:00+08:00,25.299999237060547,25.399999618530273,25.299999237060547,25.399999618530273,0,0.0,0.0
2024-07-05 09:05:00+08:00,25.399999618530273,25.450000762939453,25.399999618530273,25.450000762939453,5002,0.0,0.0
2024-07-05 09:10:00+08:00,25.450000762939453,25.450000762939453,25.450000762939453,25.450000762939453,6019,0.0,0.0
2024-07-05 09:15:00+08:00,25.399999618530273,25.399999618530273,25.299999237060547,25.350000381469727,28047,0.0,0.0
2024-07-05 09:20:00+08:00,25.399999618530273,25.399999618530273,25.350000381469727,25.350000381469727,6018,0.0,0.0
2024-07-05 09:25:00+08:00,25.299999237060547,25.350000381469727,25.200000762939453,25.25,33411,0.0,0.0
2024-07-05 09:30:00+08:00,25.350000381469727,25.350000381469727,25.350000381469727,25.350000381469727,5003,0.0,0.0
2024-07-05 09:40:00+08:00,25.350000381469727,25.350000381469727,25.299999237060547,25.299999237060547,16328,0.0,0.0
2024-07-05 09:45:00+08:00,25.299999237060547,25.299999237060547,25.25,25.25,7000,0.0,0.0
2024-07-05 09:50:00+08:00,25.399999618530273,25.450000762939453,25.399999618530273,25.399999618530273,52000,0.0,0.0
2024-07-05 10:00:00+08:00,25.399999618530273,25.399999618530273,25.399999618530273,25.399999618530273,10000,0.0,0.0
2024-07-05 10:05:00+08:00,25.450000762939453,25.5,25.450000762939453,25.5,19440,0.0,0.0
2024-07-05 10:10:00+08:00,25.5,25.549999237060547,25.5,25.549999237060547,31181,0.0,0.0
2024-07-05 10:15:00+08:00,25.549999237060547,25.600000381469727,25.549999237060547,25.600000381469727,20521,0.0,0.0
2024-07-05 10:20:00+08:00,25.600000381469727,25.600000381469727,25.549999237060547,25.600000381469727,9000,0.0,0.0
2024-07-05 10:25:00+08:00,25.600000381469727,25.649999618530273,25.5,25.600000381469727,28150,0.0,0.0
2024-07-05 10:30:00+08:00,25.600000381469727,25.75,25.600000381469727,25.700000762939453,115000,0.0,0.0
2024-07-05 10:35:00+08:00,25.700000762939453,25.75,25.649999618530273,25.75,49000,0.0,0.0
2024-07-05 10:40:00+08:00,25.75,25.75,25.700000762939453,25.700000762939453,31000,0.0,0.0
2024-07-05 10:45:00+08:00,25.700000762939453,25.700000762939453,25.700000762939453,25.700000762939453,22015,0.0,0.0
2024-07-05 10:50:00+08:00,25.700000762939453,25.799999237060547,25.700000762939453,25.799999237060547,51001,0.0,0.0
2024-07-05 10:55:00+08:00,25.799999237060547,25.799999237060547,25.75,25.75,28004,0.0,0.0
2024-07-05 11:00:00+08:00,25.700000762939453,25.75,25.700000762939453,25.700000762939453,15395,0.0,0.0
2024-07-05 11:05:00+08:00,25.700000762939453,25.700000762939453,25.600000381469727,25.649999618530273,20001,0.0,0.0
2024-07-05 11:10:00+08:00,25.649999618530273,25.700000762939453,25.649999618530273,25.700000762939453,8400,0.0,0.0
2024-07-05 11:15:00+08:00,25.700000762939453,25.75,25.700000762939453,25.75,0,0.0,0.0
2024-07-05 11:20:00+08:00,25.75,25.75,25.75,25.75,645936,0.0,0.0
2024-07-05 11:25:00+08:00,25.75,25.799999237060547,25.75,25.75,13015,0.0,0.0
2024-07-05 11:30:00+08:00,25.75,25.75,25.700000762939453,25.75,24000,0.0,0.0
2024-07-05 11:35:00+08:00,25.75,25.899999618530273,25.75,25.850000381469727,95210,0.0,0.0
2024-07-05 11:40:00+08:00,25.850000381469727,25.850000381469727,25.850000381469727,25.850000381469727,12030,0.0,0.0
2024-07-05 11:45:00+08:00,25.850000381469727,25.899999618530273,25.799999237060547,25.799999237060547,21000,0.0,0.0
2024-07-05 11:50:00+08:00,25.799999237060547,25.899999618530273,25.799999237060547,25.899999618530273,14000,0.0,0.0
2024-07-05 11:55:00+08:00,25.899999618530273,25.899999618530273,25.899999618530273,25.899999618530273,15000,0.0,0.0
2024-07-05 12:00:00+08:00,25.850000381469727,25.899999618530273,25.850000381469727,25.850000381469727,12150,0.0,0.0
2024-07-05 12:05:00+08:00,25.850000381469727,25.850000381469727,25.799999237060547,25.799999237060547,4000,0.0,0.0
2024-07-05 12:10:00+08:00,25.850000381469727,25.899999618530273,25.850000381469727,25.850000381469727,8012,0.0,0.0
2024-07-05 12:15:00+08:00,25.850000381469727,25.850000381469727,25.799999237060547,25.799999237060547,40283,0.0,0.0
2024-07-05 12:20:00+08:00,25.799999237060547,25.799999237060547,25.799999237060547,25.799999237060547,9490,0.0,0.0
2024-07-05 12:25:00+08:00,25.799999237060547,25.850000381469727,25.799999237060547,25.850000381469727,13018,0.0,0.0
2024-07-05 12:30:00+08:00,25.850000381469727,25.850000381469727,25.850000381469727,25.850000381469727,6002,0.0,0.0
2024-07-05 12:35:00+08:00,25.850000381469727,25.850000381469727,25.850000381469727,25.850000381469727,10100,0.0,0.0
2024-07-05 12:40:00+08:00,25.850000381469727,25.899999618530273,25.799999237060547,25.850000381469727,25096,0.0,0.0
2024-07-05 12:45:00+08:00,25.850000381469727,25.899999618530273,25.850000381469727,25.850000381469727,10000,0.0,0.0
2024-07-05 12:50:00+08:00,25.850000381469727,25.950000762939453,25.850000381469727,25.950000762939453,117000,0.0,0.0
2024-07-05 12:55:00+08:00,25.950000762939453,26.149999618530273,25.950000762939453,26.100000381469727,134616,0.0,0.0
2024-07-05 13:00:00+08:00,26.100000381469727,26.149999618530273,26.049999237060547,26.149999618530273,31924,0.0,0.0
2024-07-05 13:05:00+08:00,26.100000381469727,26.100000381469727,26.049999237060547,26.100000381469727,14051,0.0,0.0
2024-07-05 13:10:00+08:00,26.049999237060547,26.100000381469727,26.0,26.0,36000,0.0,0.0
2024-07-05 13:15:00+08:00,26.049999237060547,26.049999237060547,26.0,26.0,38001,0.0,0.0
2024-07-05 13:20:00+08:00,26.049999237060547,26.149999618530273,26.049999237060547,26.100000381469727,56595,0.0,0.0
2024-07-08 09:00:00+08:00,26.200000762939453,26.200000762939453,25.950000762939453,26.0,0,0.0,0.0
2024-07-08 09:05:00+08:00,26.0,26.200000762939453,26.0,26.200000762939453,58042,0.0,0.0
2024-07-08 09:10:00+08:00,26.25,26.25,26.100000381469727,26.100000381469727,41000,0.0,0.0
2024-07-08 09:15:00+08:00,26.049999237060547,26.100000381469727,26.0,26.049999237060547,26660,0.0,0.0
2024-07-08 09:20:00+08:00,26.0,26.049999237060547,25.950000762939453,25.950000762939453,66035,0.0,0.0
2024-07-08 09:25:00+08:00,25.950000762939453,25.950000762939453,25.899999618530273,25.950000762939453,19000,0.0,0.0
2024-07-08 09:30:00+08:00,25.899999618530273,25.899999618530273,25.799999237060547,25.799999237060547,93075,0.0,0.0
2024-07-08 09:35:00+08:00,25.799999237060547,25.799999237060547,25.700000762939453,25.75,45001,0.0,0.0
2024-07-08 09:40:00+08:00,25.75,25.799999237060547,25.75,25.75,10040,0.0,0.0
2024-07-08 09:45:00+08:00,25.799999237060547,25.799999237060547,25.75,25.75,10000,0.0,0.0
2024-07-08 09:50:00+08:00,25.799999237060547,25.850000381469727,25.75,25.850000381469727,26000,0.0,0.0
2024-07-08 09:55:00+08:00,25.799999237060547,25.899999618530273,25.75,25.899999618530273,57150,0.0,0.0
2024-07-08 10:00:00+08:00,25.950000762939453,25.950000762939453,25.899999618530273,25.899999618530273,10760,0.0,0.0
2024-07-08 10:05:00+08:00,25.899999618530273,25.899999618530273,25.899999618530273,25.899999618530273,7000,0.0,0.0
2024-07-08 10:10:00+08:00,25.899999618530273,26.0,25.899999618530273,25.899999618530273,6100,0.0,0.0
2024-07-08 10:15:00+08:00,25.899999618530273,25.899999618530273,25.899999618530273,25.899999618530273,1050,0.0,0.0
2024-07-08 10:20:00+08:00,25.899999618530273,25.899999618530273,25.899999618530273,25.899999618530273,3496,0.0,0.0
2024-07-08 10:25:00+08:00,25.899999618530273,25.899999618530273,25.899999618530273,25.899999618530273,5200,0.0,0.0
2024-07-08 10:30:00+08:00,25.899999618530273,25.899999618530273,25.899999618530273,25.899999618530273,2000,0.0,0.0
2024-07-08 10:35:00+08:00,25.899999618530273,25.899999618530273,25.899999618530273,25.899999618530273,3000,0.0,0.0
2024-07-08 10:40:00+08:00,25.899999618530273,25.899999618530273,25.899999618530273,25.899999618530273,1000,0.0,0.0
2024-07-08 10:45:00+08:00,25.899999618530273,25.899999618530273,25.850000381469727,25.850000381469727,11001,0.0,0.0
2024-07-08 10:50:00+08:00,25.850000381469727,25.899999618530273,25.850000381469727,25.899999618530273,14002,0.0,0.0
2024-07-08 10:55:00+08:00,25.899999618530273,25.899999618530273,25.850000381469727,25.850000381469727,10050,0.0,0.0
2024-07-08 11:00:00+08:00,25.850000381469727,25.850000381469727,25.799999237060547,25.799999237060547,22004,0.0,0.0
2024-07-08 11:05:00+08:00,25.799999237060547,25.799999237060547,25.75,25.75,2207,0.0,0.0
2024-07-08 11:10:00+08:00,25.799999237060547,25.799999237060547,25.799999237060547,25.799999237060547,16603,0.0,0.0
2024-07-08 11:15:00+08:00,25.799999237060547,25.799999237060547,25.799999237060547,25.799999237060547,14012,0.0,0.0
2024-07-08 11:20:00+08:00,25.799999237060547,25.799999237060547,25.799999237060547,25.799999237060547,1033,0.0,0.0
2024-07-08 11:25:00+08:00,25.799999237060547,25.799999237060547,25.700000762939453,25.700000762939453,41000,0.0,0.0
2024-07-08 11:30:00+08:00,25.700000762939453,25.75,25.700000762939453,25.75,11090,0.0,0.0
2024-07-08 11:35:00+08:00,25.700000762939453,25.799999237060547,25.700000762939453,25.799999237060547,4450,0.0,0.0
2024-07-08 11:40:00+08:00,25.75,25.75,25.700000762939453,25.75,6000,0.0,0.0
2024-07-08 11:45:00+08:00,25.700000762939453,25.700000762939453,25.700000762939453,25.700000762939453,32040,0.0,0.0
2024-07-08 11:50:00+08:00,25.700000762939453,25.700000762939453,25.700000762939453,25.700000762939453,1000,0.0,0.0
2024-07-08 11:55:00+08:00,25.700000762939453,25.700000762939453,25.700000762939453,25.700000762939453,24002,0.0,0.0
2024-07-08 12:00:00+08:00,25.700000762939453,25.700000762939453,25.700000762939453,25.700000762939453,3029,0.0,0.0
2024-07-08 12:05:00+08:00,25.700000762939453,25.700000762939453,25.700000762939453,25.700000762939453,2000,0.0,0.0
2024-07-08 12:10:00+08:00,25.649999618530273,25.700000762939453,25.649999618530273,25.700000762939453,4000,0.0,0.0
2024-07-08 12:15:00+08:00,25.649999618530273,25.700000762939453,25.649999618530273,25.700000762939453,13001,0.0,0.0
2024-07-08 12:25:00+08:00,25.75,25.75,25.75,25.75,6000,0.0,0.0
2024-07-08 12:35:00+08:00,25.700000762939453,25.700000762939453,25.700000762939453,25.700000762939453,13250,0.0,0.0
2024-07-08 12:40:00+08:00,25.700000762939453,25.700000762939453,25.700000762939453,25.700000762939453,11110,0.0,0.0
2024-07-08 12:45:00+08:00,25.649999618530273,25.649999618530273,25.649999618530273,25.649999618530273,12000,0.0,0.0
2024-07-08 12:50:00+08:00,25.649999618530273,25.649999618530273,25.649999618530273,25.649999618530273,1001,0.0,0.0
2024-07-08 12:55:00+08:00,25.649999618530273,25.649999618530273,25.649999618530273,25.649999618530273,9010,0.0,0.0
2024-07-08 13:00:00+08:00,25.700000762939453,25.700000762939453,25.700000762939453,25.700000762939453,4000,0.0,0.0
2024-07-08 13:05:00+08:00,25.649999618530273,25.75,25.649999618530273,25.649999618530273,10436,0.0,0.0
2024-07-08 13:10:00+08:00,25.649999618530273,25.700000762939453,25.649999618530273,25.700000762939453,15068,0.0,0.0
2024-07-08 13:15:00+08:00,25.700000762939453,25.700000762939453,25.700000762939453,25.700000762939453,4000,0.0,0.0
2024-07-08 13:20:00+08:00,25.700000762939453,25.75,25.700000762939453,25.75,14139,0.0,0.0
2024-07-09 09:00:00+08:00,25.700000762939453,25.899999618530273,25.700000762939453,25.850000381469727,27000,0.0,0.0
2024-07-09 09:05:00+08:00,25.850000381469727,25.850000381469727,25.850000381469727,25.850000381469727,15100,0.0,0.0
2024-07-09 09:10:00+08:00,25.799999237060547,25.799999237060547,25.799999237060547,25.799999237060547,35001,0.0,0.0
2024-07-09 09:15:00+08:00,25.799999237060547,25.850000381469727,25.75,25.75,6200,0.0,0.0
2024-07-09 09:20:00+08:00,25.75,25.799999237060547,25.75,25.799999237060547,2000,0.0,0.0
2024-07-09 09:25:00+08:00,25.799999237060547,25.799999237060547,25.700000762939453,25.75,10000,0.0,0.0
2024-07-09 09:30:00+08:00,25.75,25.75,25.700000762939453,25.700000762939453,45101,0.0,0.0
2024-07-09 09:35:00+08:00,25.700000762939453,25.700000762939453,25.549999237060547,25.600000381469727,29200,0.0,0.0
2024-07-09 09:40:00+08:00,25.549999237060547,25.549999237060547,25.350000381469727,25.350000381469727,41069,0.0,0.0
2024-07-09 09:45:00+08:00,25.350000381469727,25.399999618530273,25.299999237060547,25.350000381469727,39279,0.0,0.0
2024-07-09 09:50:00+08:00,25.299999237060547,25.299999237060547,25.149999618530273,25.149999618530273,42100,0.0,0.0
2024-07-09 09:55:00+08:00,25.149999618530273,25.149999618530273,25.100000381469727,25.100000381469727,22000,0.0,0.0
2024-07-09 10:00:00+08:00,25.100000381469727,25.100000381469727,25.100000381469727,25.100000381469727,10155,0.0,0.0
2024-07-09 10:05:00+08:00,25.100000381469727,25.100000381469727,25.0,25.0,66020,0.0,0.0
2024-07-09 10:10:00+08:00,25.0,25.100000381469727,25.0,25.100000381469727,9100,0.0,0.0
2024-07-09 10:15:00+08:00,25.200000762939453,25.25,25.200000762939453,25.200000762939453,27000,0.0,0.0
2024-07-09 10:20:00+08:00,25.100000381469727,25.200000762939453,25.100000381469727,25.200000762939453,12000,0.0,0.0
2024-07-09 10:25:00+08:00,25.299999237060547,25.299999237060547,25.299999237060547,25.299999237060547,3000,0.0,0.0
2024-07-09 10:30:00+08:00,25.299999237060547,25.299999237060547,25.25,25.299999237060547,13098,0.0,0.0
2024-07-09 10:35:00+08:00,25.25,25.25,25.200000762939453,25.200000762939453,5010,0.0,0.0
2024-07-09 10:45:00+08:00,25.200000762939453,25.299999237060547,25.149999618530273,25.25,10040,0.0,0.0
2024-07-09 10:50:00+08:00,25.25,25.25,25.200000762939453,25.200000762939453,5000,0.0,0.0
2024-07-09 10:55:00+08:00,25.200000762939453,25.200000762939453,25.049999237060547,25.049999237060547,34000,0.0,0.0
2024-07-09 11:00:00+08:00,25.100000381469727,25.100000381469727,25.049999237060547,25.049999237060547,12000,0.0,0.0
2024-07-09 11:10:00+08:00,25.049999237060547,25.100000381469727,25.049999237060547,25.100000381469727,2000,0.0,0.0
2024-07-09 11:15:00+08:00,25.149999618530273,25.149999618530273,25.100000381469727,25.100000381469727,3000,0.0,0.0
2024-07-09 11:20:00+08:00,25.100000381469727,25.100000381469727,25.100000381469727,25.100000381469727,5000,0.0,0.0
2024-07-09 11:25:00+08:00,25.100000381469727,25.100000381469727,25.049999237060547,25.100000381469727,22317,0.0,0.0
2024-07-09 11:30:00+08:00,25.149999618530273,25.149999618530273,25.149999618530273,25.149999618530273,12000,0.0,0.0
2024-07-09 11:35:00+08:00,25.149999618530273,25.149999618530273,25.149999618530273,25.149999618530273,3000,0.0,0.0
2024-07-09 11:40:00+08:00,25.149999618530273,25.149999618530273,25.100000381469727,25.149999618530273,4000,0.0,0.0
2024-07-09 11:45:00+08:00,25.100000381469727,25.100000381469727,25.100000381469727,25.100000381469727,1000,0.0,0.0
2024-07-09 11:50:00+08:00,25.100000381469727,25.100000381469727,25.100000381469727,25.100000381469727,8000,0.0,0.0
2024-07-09 11:55:00+08:00,25.149999618530273,25.149999618530273,25.149999618530273,25.149999618530273,9030,0.0,0.0
2024-07-09 12:05:00+08:00,25.149999618530273,25.149999618530273,25.149999618530273,25.149999618530273,4030,0.0,0.0
2024-07-09 12:10:00+08:00,25.149999618530273,25.149999618530273,25.149999618530273,25.149999618530273,1130,0.0,0.0
2024-07-09 12:15:00+08:00,25.149999618530273,25.149999618530273,25.149999618530273,25.149999618530273,2000,0.0,0.0
2024-07-09 12:20:00+08:00,25.149999618530273,25.149999618530273,25.149999618530273,25.149999618530273,1100,0.0,0.0
2024-07-09 12:25:00+08:00,25.200000762939453,25.200000762939453,25.200000762939453,25.200000762939453,3000,0.0,0.0
2024-07-09 12:30:00+08:00,25.200000762939453,25.200000762939453,25.200000762939453,25.200000762939453,1000,0.0,0.0
2024-07-09 12:35:00+08:00,25.200000762939453,25.25,25.200000762939453,25.25,2000,0.0,0.0
2024-07-09 12:40:00+08:00,25.25,25.25,25.25,25.25,2000,0.0,0.0
2024-07-09 12:45:00+08:00,25.25,25.25,25.25,25.25,2000,0.0,0.0
2024-07-09 12:50:00+08:00,25.200000762939453,25.200000762939453,25.200000762939453,25.200000762939453,2038,0.0,0.0
2024-07-09 12:55:00+08:00,25.200000762939453,25.200000762939453,25.149999618530273,25.200000762939453,10000,0.0,0.0
2024-07-09 13:00:00+08:00,25.200000762939453,25.200000762939453,25.200000762939453,25.200000762939453,2000,0.0,0.0
2024-07-09 13:05:00+08:00,25.200000762939453,25.299999237060547,25.200000762939453,25.299999237060547,11000,0.0,0.0
2024-07-09 13:10:00+08:00,25.25,25.25,25.25,25.25,6002,0.0,0.0
2024-07-09 13:15:00+08:00,25.25,25.25,25.25,25.25,11000,0.0,0.0
2024-07-09 13:20:00+08:00,25.25,25.299999237060547,25.25,25.299999237060547,4000,0.0,0.0
2024-07-10 09:00:00+08:00,25.450000762939453,25.450000762939453,25.200000762939453,25.200000762939453,6000,0.0,0.0
2024-07-10 09:05:00+08:00,25.299999237060547,25.299999237060547,25.200000762939453,25.200000762939453,2001,0.0,0.0
2024-07-10 09:10:00+08:00,25.200000762939453,25.25,25.200000762939453,25.25,6006,0.0,0.0
2024-07-10 09:20:00+08:00,25.299999237060547,25.399999618530273,25.299999237060547,25.399999618530273,8004,0.0,0.0
2024-07-10 09:25:00+08:00,25.399999618530273,25.399999618530273,25.350000381469727,25.350000381469727,16001,0.0,0.0
2024-07-10 09:30:00+08:00,25.350000381469727,25.450000762939453,25.299999237060547,25.450000762939453,23000,0.0,0.0
2024-07-10 09:35:00+08:00,25.450000762939453,25.450000762939453,25.450000762939453,25.450000762939453,1000,0.0,0.0
2024-07-10 09:40:00+08:00,25.5,25.5,25.5,25.5,8501,0.0,0.0
2024-07-10 09:45:00+08:00,25.5,25.549999237060547,25.5,25.5,27013,0.0,0.0
2024-07-10 09:50:00+08:00,25.5,25.549999237060547,25.450000762939453,25.450000762939453,8350,0.0,0.0
2024-07-10 09:55:00+08:00,25.450000762939453,25.450000762939453,25.399999618530273,25.399999618530273,3000,0.0,0.0
2024-07-10 10:00:00+08:00,25.350000381469727,25.350000381469727,25.299999237060547,25.299999237060547,12000,0.0,0.0
2024-07-10 10:05:00+08:00,25.350000381469727,25.350000381469727,25.350000381469727,25.350000381469727,10000,0.0,0.0
2024-07-10 10:10:00+08:00,25.399999618530273,25.399999618530273,25.399999618530273,25.399999618530273,3000,0.0,0.0
2024-07-10 10:15:00+08:00,25.399999618530273,25.450000762939453,25.399999618530273,25.450000762939453,4000,0.0,0.0
2024-07-10 10:20:00+08:00,25.450000762939453,25.549999237060547,25.450000762939453,25.549999237060547,43000,0.0,0.0
2024-07-10 10:25:00+08:00,25.549999237060547,25.600000381469727,25.399999618530273,25.450000762939453,16000,0.0,0.0
2024-07-10 10:35:00+08:00,25.450000762939453,25.450000762939453,25.450000762939453,25.450000762939453,4000,0.0,0.0
2024-07-10 10:40:00+08:00,25.450000762939453,25.450000762939453,25.450000762939453,25.450000762939453,2000,0.0,0.0
2024-07-10 10:45:00+08:00,25.450000762939453,25.450000762939453,25.399999618530273,25.399999618530273,6000,0.0,0.0
2024-07-10 10:50:00+08:00,25.399999618530273,25.399999618530273,25.399999618530273,25.399999618530273,3000,0.0,0.0
2024-07-10 10:55:00+08:00,25.5,25.5,25.5,25.5,20000,0.0,0.0
2024-07-10 11:00:00+08:00,25.5,25.5,25.5,25.5,5000,0.0,0.0
2024-07-10 11:05:00+08:00,25.5,25.5,25.5,25.5,8000,0.0,0.0
2024-07-10 11:10:00+08:00,25.549999237060547,25.600000381469727,25.549999237060547,25.600000381469727,30000,0.0,0.0
2024-07-10 11:15:00+08:00,25.549999237060547,25.549999237060547,25.549999237060547,25.549999237060547,5000,0.0,0.0
2024-07-10 11:20:00+08:00,25.549999237060547,25.600000381469727,25.549999237060547,25.600000381469727,20050,0.0,0.0
2024-07-10 11:25:00+08:00,25.600000381469727,25.600000381469727,25.549999237060547,25.549999237060547,4000,0.0,0.0
2024-07-10 11:30:00+08:00,25.549999237060547,25.600000381469727,25.5,25.5,23000,0.0,0.0
2024-07-10 11:35:00+08:00,25.5,25.600000381469727,25.5,25.600000381469727,17000,0.0,0.0
2024-07-10 11:40:00+08:00,25.549999237060547,25.549999237060547,25.5,25.5,17000,0.0,0.0
2024-07-10 11:45:00+08:00,25.600000381469727,25.600000381469727,25.600000381469727,25.600000381469727,8126,0.0,0.0
2024-07-10 11:55:00+08:00,25.600000381469727,25.600000381469727,25.600000381469727,25.600000381469727,3000,0.0,0.0
2024-07-10 12:00:00+08:00,25.600000381469727,25.600000381469727,25.549999237060547,25.549999237060547,25000,0.0,0.0
2024-07-10 12:05:00+08:00,25.549999237060547,25.600000381469727,25.549999237060547,25.600000381469727,6000,0.0,0.0
2024-07-10 12:10:00+08:00,25.549999237060547,25.549999237060547,25.549999237060547,25.549999237060547,2000,0.0,0.0
2024-07-10 12:15:00+08:00,25.549999237060547,25.549999237060547,25.5,25.5,11000,0.0,0.0
2024-07-10 12:20:00+08:00,25.5,25.5,25.5,25.5,2000,0.0,0.0
2024-07-10 12:25:00+08:00,25.5,25.549999237060547,25.5,25.5,40000,0.0,0.0
2024-07-10 12:30:00+08:00,25.549999237060547,25.549999237060547,25.5,25.5,5000,0.0,0.0
2024-07-10 12:35:00+08:00,25.549999237060547,25.549999237060547,25.549999237060547,25.549999237060547,7000,0.0,0.0
2024-07-10 12:40:00+08:00,25.549999237060547,25.549999237060547,25.549999237060547,25.549999237060547,8001,0.0,0.0
2024-07-10 12:45:00+08:00,25.5,25.5,25.5,25.5,6000,0.0,0.0
2024-07-10 12:50:00+08:00,25.5,25.5,25.5,25.5,1000,0.0,0.0
2024-07-10 12:55:00+08:00,25.5,25.5,25.450000762939453,25.450000762939453,18000,0.0,0.0
2024-07-10 13:00:00+08:00,25.450000762939453,25.450000762939453,25.350000381469727,25.399999618530273,14000,0.0,0.0
2024-07-10 13:05:00+08:00,25.399999618530273,25.399999618530273,25.399999618530273,25.399999618530273,8317,0.0,0.0
2024-07-10 13:10:00+08:00,25.350000381469727,25.350000381469727,25.350000381469727,25.350000381469727,2000,0.0,0.0
2024-07-10 13:15:00+08:00,25.350000381469727,25.350000381469727,25.350000381469727,25.350000381469727,4000,0.0,0.0
2024-07-10 13:20:00+08:00,25.350000381469727,25.5,25.350000381469727,25.450000762939453,12000,0.0,0.0
2024-07-11 09:00:00+08:00,25.399999618530273,25.450000762939453,25.399999618530273,25.450000762939453,6000,0.0,0.0
2024-07-11 09:05:00+08:00,25.450000762939453,25.5,25.399999618530273,25.5,35002,0.0,0.0
2024-07-11 09:10:00+08:00,25.5,25.5,25.450000762939453,25.450000762939453,2000,0.0,0.0
2024-07-11 09:15:00+08:00,25.399999618530273,25.399999618530273,25.299999237060547,25.299999237060547,13468,0.0,0.0
2024-07-11 09:20:00+08:00,25.25,25.299999237060547,25.25,25.299999237060547,4102,0.0,0.0
2024-07-11 09:25:00+08:00,25.299999237060547,25.399999618530273,25.299999237060547,25.399999618530273,6001,0.0,0.0
2024-07-11 09:30:00+08:00,25.399999618530273,25.399999618530273,25.350000381469727,25.350000381469727,5000,0.0,0.0
2024-07-11 09:35:00+08:00,25.350000381469727,25.350000381469727,25.299999237060547,25.299999237060547,36048,0.0,0.0
2024-07-11 09:40:00+08:00,25.299999237060547,25.299999237060547,25.25,25.299999237060547,17000,0.0,0.0
2024-07-11 09:45:00+08:00,25.350000381469727,25.549999237060547,25.299999237060547,25.549999237060547,76011,0.0,0.0
2024-07-11 09:50:00+08:00,25.549999237060547,25.600000381469727,25.549999237060547,25.600000381469727,32000,0.0,0.0
2024-07-11 09:55:00+08:00,25.600000381469727,25.600000381469727,25.399999618530273,25.399999618530273,22000,0.0,0.0
2024-07-11 10:00:00+08:00,25.350000381469727,25.399999618530273,25.350000381469727,25.399999618530273,4500,0.0,0.0
2024-07-11 10:05:00+08:00,25.399999618530273,25.399999618530273,25.399999618530273,25.399999618530273,2000,0.0,0.0
2024-07-11 10:10:00+08:00,25.350000381469727,25.350000381469727,25.350000381469727,25.350000381469727,6000,0.0,0.0
2024-07-11 10:15:00+08:00,25.350000381469727,25.350000381469727,25.350000381469727,25.350000381469727,2000,0.0,0.0
2024-07-11 10:20:00+08:00,25.350000381469727,25.350000381469727,25.350000381469727,25.350000381469727,5000,0.0,0.0
2024-07-11 10:25:00+08:00,25.350000381469727,25.350000381469727,25.350000381469727,25.350000381469727,7000,0.0,0.0
2024-07-11 10:30:00+08:00,25.399999618530273,25.399999618530273,25.350000381469727,25.350000381469727,5055,0.0,0.0
2024-07-11 10:35:00+08:00,25.399999618530273,25.399999618530273,25.399999618530273,25.399999618530273,11000,0.0,0.0
2024-07-11 10:40:00+08:00,25.399999618530273,25.399999618530273,25.399999618530273,25.399999618530273,1000,0.0,0.0
2024-07-11 10:45:00+08:00,25.399999618530273,25.399999618530273,25.399999618530273,25.399999618530273,1000,0.0,0.0
2024-07-11 10:50:00+08:00,25.399999618530273,25.399999618530273,25.399999618530273,25.399999618530273,2000,0.0,0.0
2024-07-11 10:55:00+08:00,25.350000381469727,25.399999618530273,25.350000381469727,25.399999618530273,8000,0.0,0.0
2024-07-11 11:00:00+08:00,25.399999618530273,25.399999618530273,25.399999618530273,25.399999618530273,2373,0.0,0.0
2024-07-11 11:05:00+08:00,25.399999618530273,25.399999618530273,25.399999618530273,25.399999618530273,2177,0.0,0.0
2024-07-11 11:15:00+08:00,25.350000381469727,25.350000381469727,25.350000381469727,25.350000381469727,1000,0.0,0.0
2024-07-11 11:20:00+08:00,25.399999618530273,25.399999618530273,25.350000381469727,25.350000381469727,3000,0.0,0.0
2024-07-11 11:25:00+08:00,25.350000381469727,25.399999618530273,25.350000381469727,25.399999618530273,2000,0.0,0.0
2024-07-11 11:30:00+08:00,25.399999618530273,25.399999618530273,25.399999618530273,25.399999618530273,1000,0.0,0.0
2024-07-11 11:40:00+08:00,25.399999618530273,25.399999618530273,25.350000381469727,25.350000381469727,4000,0.0,0.0
2024-07-11 11:45:00+08:00,25.399999618530273,25.399999618530273,25.399999618530273,25.399999618530273,1000,0.0,0.0
2024-07-11 11:50:00+08:00,25.399999618530273,25.399999618530273,25.399999618530273,25.399999618530273,2000,0.0,0.0
2024-07-11 12:00:00+08:00,25.399999618530273,25.399999618530273,25.399999618530273,25.399999618530273,1000,0.0,0.0
2024-07-11 12:05:00+08:00,25.350000381469727,25.399999618530273,25.350000381469727,25.350000381469727,20001,0.0,0.0
2024-07-11 12:10:00+08:00,25.350000381469727,25.350000381469727,25.350000381469727,25.350000381469727,9229,0.0,0.0
2024-07-11 12:15:00+08:00,25.350000381469727,25.350000381469727,25.350000381469727,25.350000381469727,1000,0.0,0.0
2024-07-11 12:20:00+08:00,25.350000381469727,25.350000381469727,25.350000381469727,25.350000381469727,2000,0.0,0.0
2024-07-11 12:25:00+08:00,25.350000381469727,25.350000381469727,25.350000381469727,25.350000381469727,2000,0.0,0.0
2024-07-11 12:30:00+08:00,25.299999237060547,25.350000381469727,25.299999237060547,25.350000381469727,20560,0.0,0.0
2024-07-11 12:35:00+08:00,25.350000381469727,25.350000381469727,25.350000381469727,25.350000381469727,2000,0.0,0.0
2024-07-11 12:45:00+08:00,25.350000381469727,25.399999618530273,25.350000381469727,25.399999618530273,5000,0.0,0.0
2024-07-11 12:50:00+08:00,25.350000381469727,25.399999618530273,25.350000381469727,25.399999618530273,9001,0.0,0.0
2024-07-11 13:00:00+08:00,25.350000381469727,25.350000381469727,25.299999237060547,25.299999237060547,19077,0.0,0.0
2024-07-11 13:05:00+08:00,25.299999237060547,25.299999237060547,25.299999237060547,25.299999237060547,6201,0.0,0.0
2024-07-11 13:10:00+08:00,25.299999237060547,25.299999237060547,25.299999237060547,25.299999237060547,11061,0.0,0.0
2024-07-11 13:15:00+08:00,25.350000381469727,25.350000381469727,25.299999237060547,25.299999237060547,18000,0.0,0.0
2024-07-11 13:20:00+08:00,25.299999237060547,25.350000381469727,25.299999237060547,25.350000381469727,6001,0.0,0.0
2024-07-12 09:00:00+08:00,25.100000381469727,25.299999237060547,25.100000381469727,25.299999237060547,15000,0.0,0.0
2024-07-12 09:05:00+08:00,25.299999237060547,25.299999237060547,25.299999237060547,25.299999237060547,1000,0.0,0.0
2024-07-12 09:10:00+08:00,25.25,25.299999237060547,25.25,25.299999237060547,2001,0.0,0.0
2024-07-12 09:15:00+08:00,25.350000381469727,25.350000381469727,25.350000381469727,25.350000381469727,2000,0.0,0.0
2024-07-12 09:20:00+08:00,25.350000381469727,25.350000381469727,25.299999237060547,25.299999237060547,8000,0.0,0.0
2024-07-12 09:25:00+08:00,25.25,25.25,25.149999618530273,25.149999618530273,25000,0.0,0.0
2024-07-12 09:30:00+08:00,25.149999618530273,25.200000762939453,25.149999618530273,25.200000762939453,3000,0.0,0.0
2024-07-12 09:35:00+08:00,25.200000762939453,25.350000381469727,25.200000762939453,25.350000381469727,11000,0.0,0.0
2024-07-12 09:40:00+08:00,25.25,25.25,25.25,25.25,1000,0.0,0.0
2024-07-12 09:50:00+08:00,25.25,25.25,25.25,25.25,26000,0.0,0.0
2024-07-12 09:55:00+08:00,25.350000381469727,25.350000381469727,25.299999237060547,25.299999237060547,10000,0.0,0.0
2024-07-12 10:00:00+08:00,25.299999237060547,25.299999237060547,25.299999237060547,25.299999237060547,1000,0.0,0.0
2024-07-12 10:05:00+08:00,25.350000381469727,25.350000381469727,25.350000381469727,25.350000381469727,2000,0.0,0.0
2024-07-12 10:10:00+08:00,25.299999237060547,25.299999237060547,25.299999237060547,25.299999237060547,1261,0.0,0.0
2024-07-12 10:15:00+08:00,25.350000381469727,25.450000762939453,25.350000381469727,25.450000762939453,20600,0.0,0.0
2024-07-12 10:20:00+08:00,25.5,25.5,25.5,25.5,13000,0.0,0.0
2024-07-12 10:25:00+08:00,25.5,25.5,25.450000762939453,25.450000762939453,2000,0.0,0.0
2024-07-12 10:30:00+08:00,25.5,25.549999237060547,25.5,25.549999237060547,4135,0.0,0.0
2024-07-12 10:35:00+08:00,25.600000381469727,25.600000381469727,25.600000381469727,25.600000381469727,5001,0.0,0.0
2024-07-12 10:40:00+08:00,25.600000381469727,25.600000381469727,25.600000381469727,25.600000381469727,1000,0.0,0.0
2024-07-12 10:45:00+08:00,25.549999237060547,25.549999237060547,25.549999237060547,25.549999237060547,14000,0.0,0.0
2024-07-12 10:50:00+08:00,25.549999237060547,25.549999237060547,25.549999237060547,25.549999237060547,7003,0.0,0.0
2024-07-12 10:55:00+08:00,25.5,25.5,25.5,25.5,5000,0.0,0.0
2024-07-12 11:00:00+08:00,25.5,25.5,25.5,25.5,21160,0.0,0.0
2024-07-12 11:05:00+08:00,25.549999237060547,25.549999237060547,25.5,25.5,4500,0.0,0.0
2024-07-12 11:15:00+08:00,25.5,25.5,25.5,25.5,12000,0.0,0.0
2024-07-12 11:30:00+08:00,25.450000762939453,25.5,25.450000762939453,25.5,15000,0.0,0.0
2024-07-12 11:35:00+08:00,25.399999618530273,25.399999618530273,25.399999618530273,25.399999618530273,2002,0.0,0.0
2024-07-12 11:40:00+08:00,25.399999618530273,25.399999618530273,25.399999618530273,25.399999618530273,1081,0.0,0.0
2024-07-12 11:45:00+08:00,25.450000762939453,25.450000762939453,25.450000762939453,25.450000762939453,1000,0.0,0.0
2024-07-12 12:00:00+08:00,25.450000762939453,25.450000762939453,25.399999618530273,25.399999618530273,10056,0.0,0.0
2024-07-12 12:05:00+08:00,25.450000762939453,25.450000762939453,25.450000762939453,25.450000762939453,2000,0.0,0.0
2024-07-12 12:10:00+08:00,25.450000762939453,25.450000762939453,25.450000762939453,25.450000762939453,14000,0.0,0.0
2024-07-12 12:15:00+08:00,25.450000762939453,25.450000762939453,25.399999618530273,25.399999618530273,10000,0.0,0.0
2024-07-12 12:20:00+08:00,25.399999618530273,25.399999618530273,25.399999618530273,25.399999618530273,1000,0.0,0.0
2024-07-12 12:25:00+08:00,25.399999618530273,25.399999618530273,25.399999618530273,25.399999618530273,4000,0.0,0.0
2024-07-12 12:30:00+08:00,25.399999618530273,25.399999618530273,25.399999618530273,25.399999618530273,13100,0.0,0.0
2024-07-12 12:35:00+08:00,25.399999618530273,25.5,25.399999618530273,25.5,28100,0.0,0.0
2024-07-12 12:40:00+08:00,25.5,25.5,25.5,25.5,57268,0.0,0.0
2024-07-12 12:45:00+08:00,25.450000762939453,25.450000762939453,25.450000762939453,25.450000762939453,1000,0.0,0.0
2024-07-12 12:50:00+08:00,25.450000762939453,25.450000762939453,25.399999618530273,25.399999618530273,12000,0.0,0.0
2024-07-12 12:55:00+08:00,25.450000762939453,25.450000762939453,25.399999618530273,25.399999618530273,7148,0.0,0.0
2024-07-12 13:00:00+08:00,25.399999618530273,25.399999618530273,25.399999618530273,25.399999618530273,4000,0.0,0.0
2024-07-12 13:05:00+08:00,25.399999618530273,25.399999618530273,25.399999618530273,25.399999618530273,4000,0.0,0.0
2024-07-12 13:10:00+08:00,25.350000381469727,25.399999618530273,25.350000381469727,25.399999618530273,9010,0.0,0.0
2024-07-12 13:15:00+08:00,25.399999618530273,25.399999618530273,25.399999618530273,25.399999618530273,3023,0.0,0.0
2024-07-12 13:20:00+08:00,25.399999618530273,25.450000762939453,25.399999618530273,25.450000762939453,5100,0.0,0.0
2024-07-15 09:00:00+08:00,26.100000381469727,27.799999237060547,26.100000381469727,27.75,454451,0.0,0.0
2024-07-15 09:05:00+08:00,27.75,27.799999237060547,27.100000381469727,27.149999618530273,603000,0.0,0.0
2024-07-15 09:10:00+08:00,27.149999618530273,27.299999237060547,27.049999237060547,27.100000381469727,267066,0.0,0.0
2024-07-15 09:15:00+08:00,27.100000381469727,27.100000381469727,26.799999237060547,26.850000381469727,269522,0.0,0.0
2024-07-15 09:20:00+08:00,26.899999618530273,26.899999618530273,26.649999618530273,26.700000762939453,169516,0.0,0.0
2024-07-15 09:25:00+08:00,26.700000762939453,26.75,26.600000381469727,26.700000762939453,90381,0.0,0.0
2024-07-15 09:30:00+08:00,26.649999618530273,27.0,26.600000381469727,27.0,187747,0.0,0.0
2024-07-15 09:35:00+08:00,27.0,27.0,26.799999237060547,26.799999237060547,117471,0.0,0.0
2024-07-15 09:40:00+08:00,26.799999237060547,26.850000381469727,26.75,26.75,62524,0.0,0.0
2024-07-15 09:45:00+08:00,26.799999237060547,26.899999618530273,26.75,26.799999237060547,53103,0.0,0.0
2024-07-15 09:50:00+08:00,26.799999237060547,26.950000762939453,26.799999237060547,26.950000762939453,80459,0.0,0.0
2024-07-15 09:55:00+08:00,26.950000762939453,26.950000762939453,26.850000381469727,26.950000762939453,48501,0.0,0.0
2024-07-15 10:00:00+08:00,26.899999618530273,27.200000762939453,26.899999618530273,27.100000381469727,298641,0.0,0.0
2024-07-15 10:05:00+08:00,27.100000381469727,27.149999618530273,27.0,27.0,182071,0.0,0.0
2024-07-15 10:10:00+08:00,27.049999237060547,27.049999237060547,26.899999618530273,26.899999618530273,36040,0.0,0.0
2024-07-15 10:15:00+08:00,26.899999618530273,26.950000762939453,26.799999237060547,26.850000381469727,119469,0.0,0.0
2024-07-15 10:20:00+08:00,26.850000381469727,26.899999618530273,26.799999237060547,26.799999237060547,47909,0.0,0.0
2024-07-15 10:25:00+08:00,26.75,26.799999237060547,26.75,26.799999237060547,11000,0.0,0.0
2024-07-15 10:30:00+08:00,26.799999237060547,26.899999618530273,26.799999237060547,26.899999618530273,13000,0.0,0.0
2024-07-15 10:35:00+08:00,26.950000762939453,26.950000762939453,26.850000381469727,26.850000381469727,16000,0.0,0.0
2024-07-15 10:40:00+08:00,26.899999618530273,26.899999618530273,26.850000381469727,26.850000381469727,29641,0.0,0.0
2024-07-15 10:45:00+08:00,26.850000381469727,26.850000381469727,26.799999237060547,26.799999237060547,29325,0.0,0.0
2024-07-15 10:50:00+08:00,26.799999237060547,26.799999237060547,26.799999237060547,26.799999237060547,14030,0.0,0.0
2024-07-15 10:55:00+08:00,26.799999237060547,26.799999237060547,26.799999237060547,26.799999237060547,7589,0.0,0.0
2024-07-15 11:00:00+08:00,26.799999237060547,26.799999237060547,26.75,26.799999237060547,12306,0.0,0.0
2024-07-15 11:05:00+08:00,26.799999237060547,26.799999237060547,26.799999237060547,26.799999237060547,5020,0.0,0.0
2024-07-15 11:10:00+08:00,26.799999237060547,26.799999237060547,26.799999237060547,26.799999237060547,9228,0.0,0.0
2024-07-15 11:15:00+08:00,26.799999237060547,26.799999237060547,26.799999237060547,26.799999237060547,12757,0.0,0.0
2024-07-15 11:20:00+08:00,26.799999237060547,26.799999237060547,26.799999237060547,26.799999237060547,13234,0.0,0.0
2024-07-15 11:25:00+08:00,26.799999237060547,26.850000381469727,26.799999237060547,26.850000381469727,17040,0.0,0.0
2024-07-15 11:30:00+08:00,26.850000381469727,26.850000381469727,26.75,26.75,38050,0.0,0.0
2024-07-15 11:35:00+08:00,26.75,26.75,26.75,26.75,30461,0.0,0.0
2024-07-15 11:40:00+08:00,26.75,26.75,26.700000762939453,26.700000762939453,9000,0.0,0.0
2024-07-15 11:45:00+08:00,26.700000762939453,26.700000762939453,26.700000762939453,26.700000762939453,15000,0.0,0.0
2024-07-15 11:50:00+08:00,26.700000762939453,26.75,26.700000762939453,26.75,47100,0.0,0.0
2024-07-15 11:55:00+08:00,26.75,26.75,26.700000762939453,26.700000762939453,21000,0.0,0.0
2024-07-15 12:00:00+08:00,26.75,26.75,26.75,26.75,15334,0.0,0.0
2024-07-15 12:05:00+08:00,26.799999237060547,26.799999237060547,26.700000762939453,26.700000762939453,18003,0.0,0.0
2024-07-15 12:10:00+08:00,26.700000762939453,26.75,26.700000762939453,26.700000762939453,6000,0.0,0.0
2024-07-15 12:15:00+08:00,26.700000762939453,26.75,26.700000762939453,26.700000762939453,25000,0.0,0.0
2024-07-15 12:20:00+08:00,26.649999618530273,26.700000762939453,26.649999618530273,26.700000762939453,79926,0.0,0.0
2024-07-15 12:25:00+08:00,26.700000762939453,26.700000762939453,26.700000762939453,26.700000762939453,16000,0.0,0.0
2024-07-15 12:30:00+08:00,26.700000762939453,26.75,26.700000762939453,26.75,23000,0.0,0.0
2024-07-15 12:35:00+08:00,26.75,26.799999237060547,26.75,26.799999237060547,12190,0.0,0.0
2024-07-15 12:40:00+08:00,26.799999237060547,26.799999237060547,26.75,26.75,26117,0.0,0.0
2024-07-15 12:45:00+08:00,26.75,26.75,26.75,26.75,4103,0.0,0.0
2024-07-15 12:50:00+08:00,26.75,26.75,26.700000762939453,26.700000762939453,27304,0.0,0.0
2024-07-15 12:55:00+08:00,26.75,26.75,26.700000762939453,26.75,44310,0.0,0.0
2024-07-15 13:00:00+08:00,26.75,26.75,26.700000762939453,26.700000762939453,36577,0.0,0.0
2024-07-15 13:05:00+08:00,26.649999618530273,26.700000762939453,26.600000381469727,26.649999618530273,154102,0.0,0.0
2024-07-15 13:10:00+08:00,26.600000381469727,26.649999618530273,26.600000381469727,26.600000381469727,53290,0.0,0.0
2024-07-15 13:15:00+08:00,26.600000381469727,26.700000762939453,26.600000381469727,26.649999618530273,35200,0.0,0.0
2024-07-15 13:20:00+08:00,26.649999618530273,26.75,26.649999618530273,26.75,77115,0.0,0.0
2024-07-16 09:00:00+08:00,26.950000762939453,27.149999618530273,26.899999618530273,26.899999618530273,300000,0.0,0.0
2024-07-16 09:05:00+08:00,26.899999618530273,26.899999618530273,26.799999237060547,26.850000381469727,54000,0.0,0.0
2024-07-16 09:10:00+08:00,26.850000381469727,26.950000762939453,26.799999237060547,26.950000762939453,158042,0.0,0.0
2024-07-16 09:15:00+08:00,26.950000762939453,26.950000762939453,26.75,26.75,50100,0.0,0.0
2024-07-16 09:20:00+08:00,26.75,26.799999237060547,26.75,26.799999237060547,26261,0.0,0.0
2024-07-16 09:25:00+08:00,26.799999237060547,26.799999237060547,26.75,26.799999237060547,68840,0.0,0.0
2024-07-16 09:30:00+08:00,26.799999237060547,26.799999237060547,26.75,26.799999237060547,16130,0.0,0.0
2024-07-16 09:35:00+08:00,26.799999237060547,26.799999237060547,26.700000762939453,26.75,18160,0.0,0.0
2024-07-16 09:40:00+08:00,26.75,26.899999618530273,26.75,26.799999237060547,69030,0.0,0.0
2024-07-16 09:45:00+08:00,26.799999237060547,26.799999237060547,26.700000762939453,26.75,36986,0.0,0.0
2024-07-16 09:50:00+08:00,26.75,26.75,26.649999618530273,26.700000762939453,60648,0.0,0.0
2024-07-16 09:55:00+08:00,26.700000762939453,26.700000762939453,26.600000381469727,26.600000381469727,50218,0.0,0.0
2024-07-16 10:00:00+08:00,26.700000762939453,26.700000762939453,26.649999618530273,26.649999618530273,5498,0.0,0.0
2024-07-16 10:05:00+08:00,26.649999618530273,26.700000762939453,26.649999618530273,26.649999618530273,14798,0.0,0.0
2024-07-16 10:10:00+08:00,26.649999618530273,26.649999618530273,26.649999618530273,26.649999618530273,9000,0.0,0.0
2024-07-16 10:15:00+08:00,26.649999618530273,26.649999618530273,26.649999618530273,26.649999618530273,7001,0.0,0.0
2024-07-16 10:20:00+08:00,26.700000762939453,26.700000762939453,26.700000762939453,26.700000762939453,8501,0.0,0.0
2024-07-16 10:25:00+08:00,26.700000762939453,26.700000762939453,26.700000762939453,26.700000762939453,6000,0.0,0.0
2024-07-16 10:30:00+08:00,26.700000762939453,26.700000762939453,26.700000762939453,26.700000762939453,7000,0.0,0.0
2024-07-16 10:35:00+08:00,26.700000762939453,26.700000762939453,26.700000762939453,26.700000762939453,7300,0.0,0.0
2024-07-16 10:40:00+08:00,26.700000762939453,26.700000762939453,26.649999618530273,26.649999618530273,8495,0.0,0.0
2024-07-16 10:45:00+08:00,26.649999618530273,26.700000762939453,26.649999618530273,26.700000762939453,7284,0.0,0.0
2024-07-16 10:50:00+08:00,26.700000762939453,26.700000762939453,26.700000762939453,26.700000762939453,6090,0.0,0.0
2024-07-16 10:55:00+08:00,26.700000762939453,26.75,26.700000762939453,26.700000762939453,12210,0.0,0.0
2024-07-16 11:00:00+08:00,26.700000762939453,26.700000762939453,26.649999618530273,26.649999618530273,4000,0.0,0.0
2024-07-16 11:05:00+08:00,26.700000762939453,26.700000762939453,26.700000762939453,26.700000762939453,10329,0.0,0.0
2024-07-16 11:10:00+08:00,26.700000762939453,26.700000762939453,26.700000762939453,26.700000762939453,9000,0.0,0.0
2024-07-16 11:15:00+08:00,26.700000762939453,26.700000762939453,26.600000381469727,26.600000381469727,72728,0.0,0.0
2024-07-16 11:20:00+08:00,26.600000381469727,26.600000381469727,26.600000381469727,26.600000381469727,6414,0.0,0.0
2024-07-16 11:25:00+08:00,26.600000381469727,26.600000381469727,26.600000381469727,26.600000381469727,8004,0.0,0.0
2024-07-16 11:30:00+08:00,26.600000381469727,26.600000381469727,26.600000381469727,26.600000381469727,18183,0.0,0.0
2024-07-16 11:35:00+08:00,26.600000381469727,26.600000381469727,26.600000381469727,26.600000381469727,18225,0.0,0.0
2024-07-16 11:40:00+08:00,26.600000381469727,26.600000381469727,26.549999237060547,26.549999237060547,5555,0.0,0.0
2024-07-16 11:45:00+08:00,26.549999237060547,26.549999237060547,26.549999237060547,26.549999237060547,3000,0.0,0.0
2024-07-16 11:50:00+08:00,26.549999237060547,26.549999237060547,26.549999237060547,26.549999237060547,10001,0.0,0.0
2024-07-16 11:55:00+08:00,26.600000381469727,26.600000381469727,26.600000381469727,26.600000381469727,11021,0.0,0.0
2024-07-16 12:00:00+08:00,26.600000381469727,26.600000381469727,26.600000381469727,26.600000381469727,3000,0.0,0.0
2024-07-16 12:05:00+08:00,26.600000381469727,26.600000381469727,26.549999237060547,26.549999237060547,3000,0.0,0.0
2024-07-16 12:10:00+08:00,26.549999237060547,26.600000381469727,26.549999237060547,26.600000381469727,15001,0.0,0.0
2024-07-16 12:15:00+08:00,26.600000381469727,26.600000381469727,26.600000381469727,26.600000381469727,5009,0.0,0.0
2024-07-16 12:20:00+08:00,26.600000381469727,26.600000381469727,26.600000381469727,26.600000381469727,8001,0.0,0.0
2024-07-16 12:25:00+08:00,26.600000381469727,26.600000381469727,26.549999237060547,26.600000381469727,7036,0.0,0.0
2024-07-16 12:30:00+08:00,26.600000381469727,26.600000381469727,26.549999237060547,26.549999237060547,14111,0.0,0.0
2024-07-16 12:35:00+08:00,26.549999237060547,26.549999237060547,26.549999237060547,26.549999237060547,28910,0.0,0.0
2024-07-16 12:40:00+08:00,26.549999237060547,26.549999237060547,26.5,26.5,58083,0.0,0.0
2024-07-16 12:45:00+08:00,26.549999237060547,26.549999237060547,26.549999237060547,26.549999237060547,10099,0.0,0.0
2024-07-16 12:50:00+08:00,26.549999237060547,26.549999237060547,26.5,26.5,42562,0.0,0.0
2024-07-16 12:55:00+08:00,26.5,26.5,26.5,26.5,12000,0.0,0.0
2024-07-16 13:00:00+08:00,26.5,26.5,26.450000762939453,26.450000762939453,20584,0.0,0.0
2024-07-16 13:05:00+08:00,26.450000762939453,26.450000762939453,26.399999618530273,26.399999618530273,23853,0.0,0.0
2024-07-16 13:10:00+08:00,26.450000762939453,26.450000762939453,26.399999618530273,26.450000762939453,10017,0.0,0.0
2024-07-16 13:15:00+08:00,26.450000762939453,26.450000762939453,26.399999618530273,26.399999618530273,19000,0.0,0.0
2024-07-16 13:20:00+08:00,26.399999618530273,26.5,26.399999618530273,26.5,22164,0.0,0.0
2024-07-17 09:00:00+08:00,26.450000762939453,26.450000762939453,26.399999618530273,26.399999618530273,45000,0.0,0.0
2024-07-17 09:05:00+08:00,26.450000762939453,26.450000762939453,26.200000762939453,26.200000762939453,32000,0.0,0.0
2024-07-17 09:10:00+08:00,26.100000381469727,26.100000381469727,26.049999237060547,26.049999237060547,52806,0.0,0.0
2024-07-17 09:15:00+08:00,26.049999237060547,26.200000762939453,26.0,26.200000762939453,84619,0.0,0.0
2024-07-17 09:20:00+08:00,26.200000762939453,26.200000762939453,26.149999618530273,26.200000762939453,4019,0.0,0.0
2024-07-17 09:25:00+08:00,26.200000762939453,26.200000762939453,26.149999618530273,26.200000762939453,19350,0.0,0.0
2024-07-17 09:30:00+08:00,26.149999618530273,26.149999618530273,26.149999618530273,26.149999618530273,10000,0.0,0.0
2024-07-17 09:35:00+08:00,26.149999618530273,26.149999618530273,26.100000381469727,26.149999618530273,18003,0.0,0.0
2024-07-17 09:40:00+08:00,26.149999618530273,26.149999618530273,26.100000381469727,26.149999618530273,10000,0.0,0.0
2024-07-17 09:45:00+08:00,26.200000762939453,26.200000762939453,26.200000762939453,26.200000762939453,8137,0.0,0.0
2024-07-17 09:50:00+08:00,26.149999618530273,26.200000762939453,26.149999618530273,26.200000762939453,0,0.0,0.0
2024-07-17 09:55:00+08:00,26.25,26.25,26.25,26.25,303544,0.0,0.0
2024-07-17 10:00:00+08:00,26.200000762939453,26.25,26.200000762939453,26.25,16000,0.0,0.0
2024-07-17 10:05:00+08:00,26.25,26.299999237060547,26.25,26.299999237060547,21000,0.0,0.0
2024-07-17 10:10:00+08:00,26.299999237060547,26.399999618530273,26.299999237060547,26.299999237060547,42201,0.0,0.0
2024-07-17 10:15:00+08:00,26.350000381469727,26.399999618530273,26.299999237060547,26.350000381469727,14100,0.0,0.0
2024-07-17 10:20:00+08:00,26.350000381469727,26.350000381469727,26.299999237060547,26.299999237060547,8020,0.0,0.0
2024-07-17 10:25:00+08:00,26.350000381469727,26.350000381469727,26.350000381469727,26.350000381469727,6000,0.0,0.0
2024-07-17 10:30:00+08:00,26.350000381469727,26.350000381469727,26.299999237060547,26.299999237060547,6100,0.0,0.0
2024-07-17 10:35:00+08:00,26.350000381469727,26.399999618530273,26.299999237060547,26.299999237060547,8000,0.0,0.0
2024-07-17 10:40:00+08:00,26.299999237060547,26.399999618530273,26.299999237060547,26.399999618530273,16000,0.0,0.0
2024-07-17 10:45:00+08:00,26.399999618530273,26.450000762939453,26.399999618530273,26.399999618530273,52000,0.0,0.0
2024-07-17 10:50:00+08:00,26.450000762939453,26.450000762939453,26.450000762939453,26.450000762939453,7000,0.0,0.0
2024-07-17 10:55:00+08:00,26.450000762939453,26.450000762939453,26.450000762939453,26.450000762939453,3200,0.0,0.0
2024-07-17 11:00:00+08:00,26.450000762939453,26.450000762939453,26.450000762939453,26.450000762939453,5450,0.0,0.0
2024-07-17 11:05:00+08:00,26.450000762939453,26.5,26.450000762939453,26.450000762939453,5300,0.0,0.0
2024-07-17 11:10:00+08:00,26.450000762939453,26.5,26.450000762939453,26.5,32021,0.0,0.0
2024-07-17 11:15:00+08:00,26.5,26.5,26.5,26.5,3000,0.0,0.0
2024-07-17 11:20:00+08:00,26.5,26.5,26.450000762939453,26.450000762939453,24003,0.0,0.0
2024-07-17 11:25:00+08:00,26.450000762939453,26.450000762939453,26.450000762939453,26.450000762939453,4038,0.0,0.0
2024-07-17 11:30:00+08:00,26.450000762939453,26.5,26.450000762939453,26.5,4000,0.0,0.0
2024-07-17 11:35:00+08:00,26.5,26.5,26.5,26.5,4000,0.0,0.0
2024-07-17 11:40:00+08:00,26.450000762939453,26.450000762939453,26.450000762939453,26.450000762939453,10373,0.0,0.0
2024-07-17 11:45:00+08:00,26.399999618530273,26.450000762939453,26.399999618530273,26.450000762939453,12110,0.0,0.0
2024-07-17 11:50:00+08:00,26.399999618530273,26.399999618530273,26.399999618530273,26.399999618530273,6000,0.0,0.0
2024-07-17 11:55:00+08:00,26.399999618530273,26.399999618530273,26.399999618530273,26.399999618530273,9000,0.0,0.0
2024-07-17 12:00:00+08:00,26.399999618530273,26.399999618530273,26.399999618530273,26.399999618530273,10055,0.0,0.0
2024-07-17 12:05:00+08:00,26.450000762939453,26.450000762939453,26.450000762939453,26.450000762939453,9000,0.0,0.0
2024-07-17 12:10:00+08:00,26.5,26.549999237060547,26.5,26.549999237060547,91099,0.0,0.0
2024-07-17 12:15:00+08:00,26.600000381469727,26.600000381469727,26.549999237060547,26.549999237060547,12000,0.0,0.0
2024-07-17 12:20:00+08:00,26.549999237060547,26.549999237060547,26.549999237060547,26.549999237060547,5000,0.0,0.0
2024-07-17 12:25:00+08:00,26.549999237060547,26.549999237060547,26.549999237060547,26.549999237060547,2000,0.0,0.0
2024-07-17 12:30:00+08:00,26.549999237060547,26.549999237060547,26.549999237060547,26.549999237060547,4301,0.0,0.0
2024-07-17 12:35:00+08:00,26.549999237060547,26.600000381469727,26.5,26.5,14009,0.0,0.0
2024-07-17 12:40:00+08:00,26.549999237060547,26.549999237060547,26.549999237060547,26.549999237060547,4050,0.0,0.0
2024-07-17 12:45:00+08:00,26.549999237060547,26.549999237060547,26.549999237060547,26.549999237060547,1000,0.0,0.0
2024-07-17 12:55:00+08:00,26.5,26.5,26.5,26.5,10000,0.0,0.0
2024-07-17 13:00:00+08:00,26.5,26.5,26.5,26.5,15000,0.0,0.0
2024-07-17 13:05:00+08:00,26.5,26.549999237060547,26.5,26.549999237060547,16000,0.0,0.0
2024-07-17 13:10:00+08:00,26.549999237060547,26.549999237060547,26.5,26.5,21000,0.0,0.0
2024-07-17 13:15:00+08:00,26.549999237060547,26.549999237060547,26.5,26.5,24008,0.0,0.0
2024-07-17 13:20:00+08:00,26.5,26.549999237060547,26.450000762939453,26.5,11250,0.0,0.0
2024-07-18 09:00:00+08:00,26.549999237060547,26.549999237060547,25.799999237060547,25.799999237060547,72000,0.0,0.0
2024-07-18 09:05:00+08:00,25.899999618530273,26.299999237060547,25.850000381469727,26.299999237060547,24238,0.0,0.0
2024-07-18 09:10:00+08:00,26.299999237060547,26.299999237060547,26.049999237060547,26.049999237060547,17181,0.0,0.0
2024-07-18 09:15:00+08:00,26.0,26.149999618530273,26.0,26.149999618530273,14001,0.0,0.0
2024-07-18 09:20:00+08:00,26.149999618530273,26.149999618530273,26.149999618530273,26.149999618530273,6000,0.0,0.0
2024-07-18 09:25:00+08:00,26.149999618530273,26.149999618530273,26.100000381469727,26.100000381469727,10000,0.0,0.0
2024-07-18 09:30:00+08:00,26.149999618530273,26.149999618530273,26.100000381469727,26.100000381469727,4000,0.0,0.0
2024-07-18 09:35:00+08:00,26.149999618530273,26.200000762939453,26.149999618530273,26.149999618530273,13301,0.0,0.0
2024-07-18 09:40:00+08:00,26.149999618530273,26.149999618530273,26.100000381469727,26.100000381469727,31051,0.0,0.0
2024-07-18 09:45:00+08:00,26.049999237060547,26.049999237060547,26.049999237060547,26.049999237060547,22000,0.0,0.0
2024-07-18 09:50:00+08:00,26.049999237060547,26.100000381469727,26.049999237060547,26.100000381469727,16370,0.0,0.0
2024-07-18 09:55:00+08:00,26.100000381469727,26.100000381469727,26.100000381469727,26.100000381469727,9003,0.0,0.0
2024-07-18 10:00:00+08:00,26.049999237060547,26.049999237060547,26.0,26.0,53122,0.0,0.0
2024-07-18 10:05:00+08:00,25.950000762939453,26.0,25.950000762939453,25.950000762939453,19000,0.0,0.0
2024-07-18 10:10:00+08:00,26.0,26.0,25.950000762939453,26.0,13210,0.0,0.0
2024-07-18 10:15:00+08:00,26.0,26.0,25.850000381469727,25.850000381469727,35596,0.0,0.0
2024-07-18 10:20:00+08:00,25.799999237060547,25.799999237060547,25.700000762939453,25.700000762939453,58042,0.0,0.0
2024-07-18 10:25:00+08:00,25.700000762939453,25.75,25.700000762939453,25.75,19476,0.0,0.0
2024-07-18 10:30:00+08:00,25.75,25.75,25.700000762939453,25.700000762939453,25000,0.0,0.0
2024-07-18 10:35:00+08:00,25.700000762939453,25.700000762939453,25.700000762939453,25.700000762939453,11000,0.0,0.0
2024-07-18 10:40:00+08:00,25.75,25.799999237060547,25.75,25.75,4000,0.0,0.0
2024-07-18 10:45:00+08:00,25.75,25.75,25.75,25.75,1000,0.0,0.0
2024-07-18 10:50:00+08:00,25.700000762939453,25.700000762939453,25.700000762939453,25.700000762939453,1000,0.0,0.0
2024-07-18 10:55:00+08:00,25.700000762939453,25.700000762939453,25.700000762939453,25.700000762939453,5000,0.0,0.0
2024-07-18 11:00:00+08:00,25.700000762939453,25.700000762939453,25.649999618530273,25.700000762939453,22000,0.0,0.0
2024-07-18 11:05:00+08:00,25.700000762939453,25.700000762939453,25.700000762939453,25.700000762939453,7654,0.0,0.0
2024-07-18 11:10:00+08:00,25.649999618530273,25.700000762939453,25.649999618530273,25.700000762939453,14000,0.0,0.0
2024-07-18 11:15:00+08:00,25.700000762939453,25.700000762939453,25.700000762939453,25.700000762939453,6003,0.0,0.0
2024-07-18 11:20:00+08:00,25.700000762939453,25.700000762939453,25.649999618530273,25.649999618530273,4070,0.0,0.0
2024-07-18 11:25:00+08:00,25.700000762939453,25.700000762939453,25.700000762939453,25.700000762939453,8000,0.0,0.0
2024-07-18 11:30:00+08:00,25.75,25.75,25.700000762939453,25.700000762939453,15000,0.0,0.0
2024-07-18 11:35:00+08:00,25.700000762939453,25.700000762939453,25.700000762939453,25.700000762939453,2000,0.0,0.0
2024-07-18 11:40:00+08:00,25.700000762939453,25.700000762939453,25.700000762939453,25.700000762939453,3030,0.0,0.0
2024-07-18 11:45:00+08:00,25.700000762939453,25.700000762939453,25.700000762939453,25.700000762939453,1551,0.0,0.0
2024-07-18 11:55:00+08:00,25.75,25.75,25.75,25.75,3127,0.0,0.0
2024-07-18 12:00:00+08:00,25.75,25.75,25.700000762939453,25.700000762939453,6001,0.0,0.0
2024-07-18 12:05:00+08:00,25.75,25.75,25.75,25.75,1000,0.0,0.0
2024-07-18 12:10:00+08:00,25.75,25.75,25.700000762939453,25.75,11001,0.0,0.0
2024-07-18 12:15:00+08:00,25.75,25.75,25.700000762939453,25.700000762939453,3002,0.0,0.0
2024-07-18 12:20:00+08:00,25.75,25.75,25.700000762939453,25.700000762939453,32022,0.0,0.0
2024-07-18 12:25:00+08:00,25.700000762939453,25.75,25.700000762939453,25.75,10620,0.0,0.0
2024-07-18 12:30:00+08:00,25.700000762939453,25.700000762939453,25.700000762939453,25.700000762939453,6698,0.0,0.0
2024-07-18 12:35:00+08:00,25.700000762939453,25.700000762939453,25.700000762939453,25.700000762939453,14000,0.0,0.0
2024-07-18 12:40:00+08:00,25.700000762939453,25.700000762939453,25.700000762939453,25.700000762939453,7100,0.0,0.0
2024-07-18 12:45:00+08:00,25.75,25.75,25.700000762939453,25.700000762939453,2000,0.0,0.0
2024-07-18 12:50:00+08:00,25.75,25.75,25.75,25.75,2553,0.0,0.0
2024-07-18 13:00:00+08:00,25.75,25.75,25.700000762939453,25.700000762939453,16000,0.0,0.0
2024-07-18 13:05:00+08:00,25.75,25.75,25.700000762939453,25.700000762939453,13000,0.0,0.0
2024-07-18 13:10:00+08:00,25.700000762939453,25.700000762939453,25.700000762939453,25.700000762939453,19000,0.0,0.0
2024-07-18 13:15:00+08:00,25.700000762939453,25.700000762939453,25.649999618530273,25.649999618530273,17000,0.0,0.0
2024-07-18 13:20:00+08:00,25.700000762939453,25.75,25.700000762939453,25.700000762939453,17032,0.0,0.0
2024-07-19 09:00:00+08:00,25.5,25.5,25.399999618530273,25.450000762939453,28000,0.0,0.0
2024-07-19 09:05:00+08:00,25.450000762939453,25.450000762939453,25.399999618530273,25.450000762939453,16013,0.0,0.0
2024-07-19 09:10:00+08:00,25.450000762939453,25.5,25.450000762939453,25.450000762939453,4002,0.0,0.0
2024-07-19 09:15:00+08:00,25.450000762939453,25.450000762939453,25.350000381469727,25.350000381469727,49810,0.0,0.0
2024-07-19 09:20:00+08:00,25.350000381469727,25.350000381469727,25.350000381469727,25.350000381469727,13000,0.0,0.0
2024-07-19 09:25:00+08:00,25.350000381469727,25.549999237060547,25.350000381469727,25.549999237060547,42000,0.0,0.0
2024-07-19 09:30:00+08:00,25.549999237060547,25.549999237060547,25.549999237060547,25.549999237060547,1003,0.0,0.0
2024-07-19 09:35:00+08:00,25.450000762939453,25.450000762939453,25.450000762939453,25.450000762939453,2000,0.0,0.0
2024-07-19 09:40:00+08:00,25.450000762939453,25.450000762939453,25.399999618530273,25.399999618530273,5067,0.0,0.0
2024-07-19 09:45:00+08:00,25.399999618530273,25.399999618530273,25.350000381469727,25.350000381469727,12000,0.0,0.0
2024-07-19 09:50:00+08:00,25.299999237060547,25.299999237060547,25.299999237060547,25.299999237060547,4000,0.0,0.0
2024-07-19 09:55:00+08:00,25.350000381469727,25.350000381469727,25.200000762939453,25.200000762939453,41000,0.0,0.0
2024-07-19 10:00:00+08:00,25.200000762939453,25.200000762939453,25.100000381469727,25.100000381469727,35904,0.0,0.0
2024-07-19 10:05:00+08:00,25.100000381469727,25.100000381469727,25.100000381469727,25.100000381469727,7047,0.0,0.0
2024-07-19 10:10:00+08:00,25.100000381469727,25.149999618530273,25.100000381469727,25.100000381469727,14006,0.0,0.0
2024-07-19 10:15:00+08:00,25.100000381469727,25.149999618530273,25.100000381469727,25.149999618530273,2200,0.0,0.0
2024-07-19 10:20:00+08:00,25.100000381469727,25.149999618530273,25.100000381469727,25.149999618530273,3000,0.0,0.0
2024-07-19 10:25:00+08:00,25.100000381469727,25.100000381469727,25.100000381469727,25.100000381469727,20594,0.0,0.0
2024-07-19 10:30:00+08:00,25.049999237060547,25.049999237060547,25.049999237060547,25.049999237060547,1000,0.0,0.0
2024-07-19 10:35:00+08:00,25.100000381469727,25.100000381469727,25.049999237060547,25.049999237060547,12179,0.0,0.0
2024-07-19 10:40:00+08:00,25.100000381469727,25.25,25.100000381469727,25.25,38200,0.0,0.0
2024-07-19 10:45:00+08:00,25.25,25.25,25.25,25.25,8000,0.0,0.0
2024-07-19 10:50:00+08:00,25.200000762939453,25.200000762939453,25.200000762939453,25.200000762939453,5700,0.0,0.0
2024-07-19 10:55:00+08:00,25.200000762939453,25.200000762939453,25.200000762939453,25.200000762939453,2042,0.0,0.0
2024-07-19 11:00:00+08:00,25.200000762939453,25.200000762939453,25.200000762939453,25.200000762939453,1000,0.0,0.0
2024-07-19 11:05:00+08:00,25.25,25.25,25.25,25.25,1000,0.0,0.0
2024-07-19 11:10:00+08:00,25.200000762939453,25.200000762939453,25.200000762939453,25.200000762939453,2204,0.0,0.0
2024-07-19 11:15:00+08:00,25.25,25.25,25.25,25.25,2112,0.0,0.0
2024-07-19 11:30:00+08:00,25.200000762939453,25.200000762939453,25.200000762939453,25.200000762939453,2100,0.0,0.0
2024-07-19 11:40:00+08:00,25.200000762939453,25.200000762939453,25.200000762939453,25.200000762939453,3000,0.0,0.0
2024-07-19 11:45:00+08:00,25.200000762939453,25.200000762939453,25.200000762939453,25.200000762939453,2200,0.0,0.0
2024-07-19 11:50:00+08:00,25.200000762939453,25.200000762939453,25.149999618530273,25.149999618530273,11000,0.0,0.0
2024-07-19 11:55:00+08:00,25.149999618530273,25.25,25.149999618530273,25.25,43002,0.0,0.0
2024-07-19 12:00:00+08:00,25.25,25.25,25.200000762939453,25.200000762939453,17000,0.0,0.0
2024-07-19 12:05:00+08:00,25.200000762939453,25.200000762939453,25.149999618530273,25.149999618530273,3784,0.0,0.0
2024-07-19 12:10:00+08:00,25.149999618530273,25.149999618530273,25.100000381469727,25.100000381469727,19000,0.0,0.0
2024-07-19 12:15:00+08:00,25.149999618530273,25.149999618530273,25.149999618530273,25.149999618530273,2023,0.0,0.0
2024-07-19 12:30:00+08:00,25.149999618530273,25.149999618530273,25.049999237060547,25.049999237060547,35693,0.0,0.0
2024-07-19 12:35:00+08:00,25.049999237060547,25.049999237060547,25.0,25.049999237060547,23067,0.0,0.0
2024-07-19 12:40:00+08:00,25.049999237060547,25.049999237060547,25.049999237060547,25.049999237060547,7000,0.0,0.0
2024-07-19 12:45:00+08:00,25.100000381469727,25.100000381469727,25.049999237060547,25.049999237060547,10003,0.0,0.0
2024-07-19 12:50:00+08:00,25.049999237060547,25.049999237060547,25.0,25.0,9028,0.0,0.0
2024-07-19 12:55:00+08:00,25.0,25.049999237060547,25.0,25.0,8452,0.0,0.0
2024-07-19 13:00:00+08:00,25.0,25.049999237060547,25.0,25.049999237060547,10099,0.0,0.0
2024-07-19 13:05:00+08:00,25.0,25.0,25.0,25.0,27500,0.0,0.0
2024-07-19 13:10:00+08:00,25.0,25.049999237060547,25.0,25.0,57017,0.0,0.0
2024-07-19 13:15:00+08:00,25.0,25.0,24.950000762939453,24.950000762939453,6100,0.0,0.0
2024-07-19 13:20:00+08:00,24.950000762939453,25.0,24.899999618530273,24.899999618530273,50001,0.0,0.0
