Datetime,Open,High,Low,Close,Volume,Dividends,Stock Splits
2024-09-30 09:00:00+09:00,3340.0,3350.0,3340.0,3345.0,0,0.0,0.0
2024-09-30 09:02:00+09:00,3355.0,3355.0,3355.0,3355.0,91,0.0,0.0
2024-09-30 09:03:00+09:00,3350.0,3350.0,3320.0,3350.0,911,0.0,0.0
2024-09-30 09:04:00+09:00,3345.0,3345.0,3345.0,3345.0,0,0.0,0.0
2024-09-30 09:06:00+09:00,3345.0,3345.0,3325.0,3325.0,686,0.0,0.0
2024-09-30 09:07:00+09:00,3320.0,3320.0,3320.0,3320.0,148,0.0,0.0
2024-09-30 09:08:00+09:00,3315.0,3315.0,3315.0,3315.0,0,0.0,0.0
2024-09-30 09:09:00+09:00,3320.0,3320.0,3320.0,3320.0,42,0.0,0.0
2024-09-30 09:10:00+09:00,3320.0,3320.0,3320.0,3320.0,0,0.0,0.0
2024-09-30 09:12:00+09:00,3345.0,3345.0,3345.0,3345.0,5,0.0,0.0
2024-09-30 09:13:00+09:00,3335.0,3335.0,3335.0,3335.0,0,0.0,0.0
2024-09-30 09:14:00+09:00,3330.0,3330.0,3330.0,3330.0,199,0.0,0.0
2024-09-30 09:15:00+09:00,3345.0,3345.0,3345.0,3345.0,61,0.0,0.0
2024-09-30 09:16:00+09:00,3350.0,3350.0,3350.0,3350.0,0,0.0,0.0
2024-09-30 09:17:00+09:00,3330.0,3330.0,3305.0,3305.0,4203,0.0,0.0
2024-09-30 09:18:00+09:00,3320.0,3320.0,3310.0,3310.0,0,0.0,0.0
2024-09-30 09:20:00+09:00,3310.0,3320.0,3310.0,3320.0,382,0.0,0.0
2024-09-30 09:21:00+09:00,3345.0,3345.0,3345.0,3345.0,28,0.0,0.0
2024-09-30 09:23:00+09:00,3345.0,3345.0,3345.0,3345.0,2,0.0,0.0
2024-09-30 09:26:00+09:00,3345.0,3345.0,3310.0,3310.0,994,0.0,0.0
2024-09-30 09:27:00+09:00,3310.0,3310.0,3310.0,3310.0,177,0.0,0.0
2024-09-30 09:28:00+09:00,3310.0,3320.0,3305.0,3305.0,3041,0.0,0.0
2024-09-30 09:29:00+09:00,3310.0,3310.0,3305.0,3310.0,0,0.0,0.0
2024-09-30 09:31:00+09:00,3305.0,3305.0,3305.0,3305.0,20,0.0,0.0
2024-09-30 09:33:00+09:00,3315.0,3315.0,3305.0,3305.0,409,0.0,0.0
2024-09-30 09:34:00+09:00,3300.0,3315.0,3300.0,3300.0,289,0.0,0.0
2024-09-30 09:35:00+09:00,3300.0,3300.0,3300.0,3300.0,0,0.0,0.0
2024-09-30 09:36:00+09:00,3295.0,3295.0,3290.0,3290.0,694,0.0,0.0
2024-09-30 09:38:00+09:00,3300.0,3300.0,3300.0,3300.0,2,0.0,0.0
2024-09-30 09:39:00+09:00,3300.0,3300.0,3300.0,3300.0,2,0.0,0.0
2024-09-30 09:41:00+09:00,3290.0,3290.0,3285.0,3285.0,16,0.0,0.0
2024-09-30 09:42:00+09:00,3285.0,3285.0,3285.0,3285.0,0,0.0,0.0
2024-09-30 09:43:00+09:00,3285.0,3285.0,3285.0,3285.0,595,0.0,0.0
2024-09-30 09:44:00+09:00,3300.0,3300.0,3300.0,3300.0,0,0.0,0.0
2024-09-30 09:45:00+09:00,3310.0,3325.0,3310.0,3325.0,205,0.0,0.0
2024-09-30 09:46:00+09:00,3325.0,3325.0,3320.0,3320.0,23,0.0,0.0
2024-09-30 09:47:00+09:00,3320.0,3320.0,3255.0,3255.0,2530,0.0,0.0
2024-09-30 09:48:00+09:00,3315.0,3315.0,3270.0,3270.0,0,0.0,0.0
2024-09-30 09:51:00+09:00,3270.0,3300.0,3270.0,3300.0,40,0.0,0.0
2024-09-30 09:53:00+09:00,3270.0,3270.0,3270.0,3270.0,94,0.0,0.0
2024-09-30 09:55:00+09:00,3300.0,3300.0,3300.0,3300.0,0,0.0,0.0
2024-09-30 09:57:00+09:00,3295.0,3295.0,3295.0,3295.0,1,0.0,0.0
2024-09-30 09:59:00+09:00,3290.0,3290.0,3290.0,3290.0,199,0.0,0.0
2024-09-30 10:00:00+09:00,3290.0,3290.0,3275.0,3275.0,0,0.0,0.0
2024-09-30 10:01:00+09:00,3270.0,3270.0,3265.0,3265.0,1810,0.0,0.0
2024-09-30 10:02:00+09:00,3275.0,3275.0,3255.0,3260.0,1009,0.0,0.0
2024-09-30 10:03:00+09:00,3260.0,3270.0,3260.0,3270.0,0,0.0,0.0
2024-09-30 10:04:00+09:00,3270.0,3270.0,3270.0,3270.0,136,0.0,0.0
2024-09-30 10:05:00+09:00,3270.0,3275.0,3265.0,3265.0,23,0.0,0.0
2024-09-30 10:06:00+09:00,3265.0,3275.0,3265.0,3275.0,3,0.0,0.0
2024-09-30 10:08:00+09:00,3275.0,3275.0,3275.0,3275.0,4,0.0,0.0
2024-09-30 10:09:00+09:00,3275.0,3275.0,3265.0,3265.0,99,0.0,0.0
2024-09-30 10:10:00+09:00,3265.0,3265.0,3265.0,3265.0,0,0.0,0.0
2024-09-30 10:11:00+09:00,3260.0,3260.0,3260.0,3260.0,68,0.0,0.0
2024-09-30 10:12:00+09:00,3260.0,3260.0,3260.0,3260.0,0,0.0,0.0
2024-09-30 10:13:00+09:00,3260.0,3260.0,3260.0,3260.0,24,0.0,0.0
2024-09-30 10:14:00+09:00,3260.0,3265.0,3245.0,3265.0,3433,0.0,0.0
2024-09-30 10:16:00+09:00,3245.0,3245.0,3240.0,3240.0,735,0.0,0.0
2024-09-30 10:17:00+09:00,3265.0,3265.0,3265.0,3265.0,0,0.0,0.0
2024-09-30 10:18:00+09:00,3265.0,3265.0,3265.0,3265.0,0,0.0,0.0
2024-09-30 10:21:00+09:00,3265.0,3265.0,3265.0,3265.0,50,0.0,0.0
2024-09-30 10:23:00+09:00,3250.0,3250.0,3250.0,3250.0,2,0.0,0.0
2024-09-30 10:24:00+09:00,3250.0,3250.0,3250.0,3250.0,2,0.0,0.0
2024-09-30 10:26:00+09:00,3250.0,3250.0,3250.0,3250.0,19,0.0,0.0
2024-09-30 10:29:00+09:00,3250.0,3250.0,3250.0,3250.0,102,0.0,0.0
2024-09-30 10:30:00+09:00,3250.0,3250.0,3250.0,3250.0,10,0.0,0.0
2024-09-30 10:31:00+09:00,3250.0,3250.0,3250.0,3250.0,5,0.0,0.0
2024-09-30 10:32:00+09:00,3265.0,3265.0,3265.0,3265.0,1,0.0,0.0
2024-09-30 10:33:00+09:00,3250.0,3250.0,3250.0,3250.0,265,0.0,0.0
2024-09-30 10:35:00+09:00,3250.0,3250.0,3250.0,3250.0,0,0.0,0.0
2024-09-30 10:36:00+09:00,3265.0,3265.0,3265.0,3265.0,2,0.0,0.0
2024-09-30 10:37:00+09:00,3265.0,3265.0,3265.0,3265.0,35,0.0,0.0
2024-09-30 10:39:00+09:00,3265.0,3265.0,3265.0,3265.0,2,0.0,0.0
2024-09-30 10:40:00+09:00,3265.0,3265.0,3265.0,3265.0,5,0.0,0.0
2024-09-30 10:41:00+09:00,3265.0,3265.0,3265.0,3265.0,0,0.0,0.0
2024-09-30 10:42:00+09:00,3265.0,3265.0,3265.0,3265.0,8,0.0,0.0
2024-09-30 10:44:00+09:00,3265.0,3265.0,3245.0,3245.0,1475,0.0,0.0
2024-09-30 10:45:00+09:00,3245.0,3245.0,3245.0,3245.0,128,0.0,0.0
2024-09-30 10:49:00+09:00,3265.0,3265.0,3245.0,3245.0,150,0.0,0.0
2024-09-30 10:50:00+09:00,3245.0,3245.0,3235.0,3235.0,896,0.0,0.0
2024-09-30 10:52:00+09:00,3235.0,3235.0,3235.0,3235.0,140,0.0,0.0
2024-09-30 10:56:00+09:00,3245.0,3245.0,3235.0,3235.0,1319,0.0,0.0
2024-09-30 10:57:00+09:00,3235.0,3235.0,3235.0,3235.0,27,0.0,0.0
2024-09-30 10:58:00+09:00,3240.0,3245.0,3240.0,3240.0,0,0.0,0.0
2024-09-30 10:59:00+09:00,3235.0,3235.0,3235.0,3235.0,69,0.0,0.0
2024-09-30 11:00:00+09:00,3235.0,3235.0,3235.0,3235.0,5,0.0,0.0
2024-09-30 11:01:00+09:00,3235.0,3235.0,3235.0,3235.0,9,0.0,0.0
2024-09-30 11:02:00+09:00,3235.0,3245.0,3235.0,3245.0,7,0.0,0.0
2024-09-30 11:03:00+09:00,3235.0,3235.0,3235.0,3235.0,0,0.0,0.0
2024-09-30 11:04:00+09:00,3230.0,3230.0,3230.0,3230.0,631,0.0,0.0
2024-09-30 11:05:00+09:00,3245.0,3245.0,3245.0,3245.0,0,0.0,0.0
2024-09-30 11:06:00+09:00,3245.0,3245.0,3245.0,3245.0,2,0.0,0.0
2024-09-30 11:07:00+09:00,3240.0,3240.0,3240.0,3240.0,9,0.0,0.0
2024-09-30 11:08:00+09:00,3240.0,3240.0,3240.0,3240.0,27,0.0,0.0
2024-09-30 11:09:00+09:00,3240.0,3240.0,3240.0,3240.0,4,0.0,0.0
2024-09-30 11:10:00+09:00,3240.0,3240.0,3235.0,3235.0,52,0.0,0.0
2024-09-30 11:11:00+09:00,3235.0,3235.0,3235.0,3235.0,19,0.0,0.0
2024-09-30 11:12:00+09:00,3235.0,3250.0,3235.0,3250.0,89,0.0,0.0
2024-09-30 11:13:00+09:00,3230.0,3230.0,3230.0,3230.0,54,0.0,0.0
2024-09-30 11:19:00+09:00,3235.0,3235.0,3230.0,3230.0,232,0.0,0.0
2024-09-30 11:25:00+09:00,3230.0,3230.0,3230.0,3230.0,211,0.0,0.0
2024-09-30 11:26:00+09:00,3230.0,3240.0,3230.0,3240.0,0,0.0,0.0
2024-09-30 11:27:00+09:00,3240.0,3240.0,3240.0,3240.0,12,0.0,0.0
2024-09-30 11:28:00+09:00,3235.0,3235.0,3235.0,3235.0,111,0.0,0.0
2024-09-30 11:30:00+09:00,3250.0,3250.0,3250.0,3250.0,0,0.0,0.0
2024-09-30 11:31:00+09:00,3235.0,3235.0,3235.0,3235.0,13,0.0,0.0
2024-09-30 11:36:00+09:00,3235.0,3235.0,3230.0,3230.0,1000,0.0,0.0
2024-09-30 11:38:00+09:00,3250.0,3250.0,3250.0,3250.0,2,0.0,0.0
2024-09-30 11:40:00+09:00,3230.0,3230.0,3230.0,3230.0,43,0.0,0.0
2024-09-30 11:46:00+09:00,3245.0,3245.0,3245.0,3245.0,0,0.0,0.0
2024-09-30 11:49:00+09:00,3250.0,3250.0,3250.0,3250.0,1,0.0,0.0
2024-09-30 11:50:00+09:00,3245.0,3245.0,3245.0,3245.0,3,0.0,0.0
2024-09-30 11:51:00+09:00,3250.0,3250.0,3250.0,3250.0,1,0.0,0.0
2024-09-30 11:52:00+09:00,3250.0,3265.0,3250.0,3265.0,29,0.0,0.0
2024-09-30 11:53:00+09:00,3265.0,3265.0,3230.0,3230.0,1397,0.0,0.0
2024-09-30 11:54:00+09:00,3260.0,3260.0,3260.0,3260.0,0,0.0,0.0
2024-09-30 11:55:00+09:00,3260.0,3260.0,3260.0,3260.0,5,0.0,0.0
2024-09-30 11:58:00+09:00,3235.0,3255.0,3235.0,3255.0,2,0.0,0.0
2024-09-30 12:00:00+09:00,3235.0,3265.0,3235.0,3265.0,313,0.0,0.0
2024-09-30 12:02:00+09:00,3260.0,3260.0,3260.0,3260.0,14,0.0,0.0
2024-09-30 12:03:00+09:00,3260.0,3260.0,3260.0,3260.0,0,0.0,0.0
2024-09-30 12:04:00+09:00,3260.0,3260.0,3260.0,3260.0,6,0.0,0.0
2024-09-30 12:06:00+09:00,3235.0,3235.0,3235.0,3235.0,2,0.0,0.0
2024-09-30 12:07:00+09:00,3235.0,3235.0,3235.0,3235.0,19,0.0,0.0
2024-09-30 12:09:00+09:00,3235.0,3235.0,3235.0,3235.0,505,0.0,0.0
2024-09-30 12:10:00+09:00,3235.0,3235.0,3235.0,3235.0,0,0.0,0.0
2024-09-30 12:13:00+09:00,3230.0,3230.0,3230.0,3230.0,336,0.0,0.0
2024-09-30 12:14:00+09:00,3235.0,3235.0,3235.0,3235.0,0,0.0,0.0
2024-09-30 12:18:00+09:00,3255.0,3255.0,3255.0,3255.0,0,0.0,0.0
2024-09-30 12:19:00+09:00,3255.0,3255.0,3255.0,3255.0,59,0.0,0.0
2024-09-30 12:20:00+09:00,3255.0,3255.0,3255.0,3255.0,170,0.0,0.0
2024-09-30 12:22:00+09:00,3255.0,3255.0,3250.0,3250.0,174,0.0,0.0
2024-09-30 12:23:00+09:00,3250.0,3250.0,3250.0,3250.0,142,0.0,0.0
2024-09-30 12:25:00+09:00,3250.0,3250.0,3240.0,3240.0,1973,0.0,0.0
2024-09-30 12:28:00+09:00,3245.0,3245.0,3245.0,3245.0,0,0.0,0.0
2024-09-30 12:30:00+09:00,3245.0,3245.0,3245.0,3245.0,19,0.0,0.0
2024-09-30 12:31:00+09:00,3260.0,3265.0,3260.0,3265.0,0,0.0,0.0
2024-09-30 12:32:00+09:00,3250.0,3250.0,3250.0,3250.0,2,0.0,0.0
2024-09-30 12:33:00+09:00,3255.0,3265.0,3250.0,3265.0,41,0.0,0.0
2024-09-30 12:34:00+09:00,3250.0,3250.0,3250.0,3250.0,1,0.0,0.0
2024-09-30 12:36:00+09:00,3265.0,3265.0,3265.0,3265.0,2,0.0,0.0
2024-09-30 12:37:00+09:00,3265.0,3265.0,3265.0,3265.0,4,0.0,0.0
2024-09-30 12:39:00+09:00,3265.0,3265.0,3265.0,3265.0,2,0.0,0.0
2024-09-30 12:41:00+09:00,3265.0,3265.0,3265.0,3265.0,1,0.0,0.0
2024-09-30 12:46:00+09:00,3265.0,3265.0,3265.0,3265.0,399,0.0,0.0
2024-09-30 12:48:00+09:00,3265.0,3265.0,3265.0,3265.0,0,0.0,0.0
2024-09-30 12:49:00+09:00,3265.0,3265.0,3265.0,3265.0,19,0.0,0.0
2024-09-30 12:51:00+09:00,3270.0,3270.0,3270.0,3270.0,49,0.0,0.0
2024-09-30 12:53:00+09:00,3265.0,3265.0,3255.0,3255.0,724,0.0,0.0
2024-09-30 12:54:00+09:00,3270.0,3270.0,3265.0,3265.0,0,0.0,0.0
2024-09-30 12:55:00+09:00,3270.0,3275.0,3270.0,3275.0,208,0.0,0.0
2024-09-30 12:56:00+09:00,3275.0,3275.0,3275.0,3275.0,6,0.0,0.0
2024-09-30 12:57:00+09:00,3275.0,3275.0,3275.0,3275.0,12,0.0,0.0
2024-09-30 12:58:00+09:00,3275.0,3280.0,3270.0,3280.0,191,0.0,0.0
2024-09-30 12:59:00+09:00,3280.0,3280.0,3280.0,3280.0,6,0.0,0.0
2024-09-30 13:00:00+09:00,3275.0,3280.0,3275.0,3280.0,12,0.0,0.0
2024-09-30 13:01:00+09:00,3280.0,3280.0,3280.0,3280.0,1,0.0,0.0
2024-09-30 13:03:00+09:00,3280.0,3280.0,3280.0,3280.0,5,0.0,0.0
2024-09-30 13:04:00+09:00,3280.0,3280.0,3280.0,3280.0,12,0.0,0.0
2024-09-30 13:05:00+09:00,3275.0,3280.0,3275.0,3280.0,500,0.0,0.0
2024-09-30 13:06:00+09:00,3280.0,3280.0,3280.0,3280.0,0,0.0,0.0
2024-09-30 13:07:00+09:00,3280.0,3285.0,3280.0,3285.0,142,0.0,0.0
2024-09-30 13:08:00+09:00,3290.0,3290.0,3290.0,3290.0,2,0.0,0.0
2024-09-30 13:09:00+09:00,3285.0,3285.0,3285.0,3285.0,11,0.0,0.0
2024-09-30 13:10:00+09:00,3290.0,3290.0,3290.0,3290.0,0,0.0,0.0
2024-09-30 13:12:00+09:00,3290.0,3290.0,3285.0,3285.0,4,0.0,0.0
2024-09-30 13:16:00+09:00,3275.0,3280.0,3275.0,3280.0,199,0.0,0.0
2024-09-30 13:17:00+09:00,3280.0,3290.0,3280.0,3290.0,46,0.0,0.0
2024-09-30 13:21:00+09:00,3285.0,3285.0,3285.0,3285.0,3,0.0,0.0
2024-09-30 13:22:00+09:00,3285.0,3285.0,3285.0,3285.0,2,0.0,0.0
2024-09-30 13:23:00+09:00,3270.0,3280.0,3250.0,3280.0,781,0.0,0.0
2024-09-30 13:27:00+09:00,3270.0,3280.0,3270.0,3270.0,4,0.0,0.0
2024-09-30 13:28:00+09:00,3270.0,3270.0,3265.0,3265.0,14,0.0,0.0
2024-09-30 13:33:00+09:00,3265.0,3265.0,3265.0,3265.0,69,0.0,0.0
2024-09-30 13:34:00+09:00,3265.0,3265.0,3265.0,3265.0,261,0.0,0.0
2024-09-30 13:35:00+09:00,3260.0,3260.0,3260.0,3260.0,0,0.0,0.0
2024-09-30 13:36:00+09:00,3260.0,3260.0,3255.0,3255.0,101,0.0,0.0
2024-09-30 13:41:00+09:00,3265.0,3265.0,3265.0,3265.0,2,0.0,0.0
2024-09-30 13:42:00+09:00,3255.0,3255.0,3255.0,3255.0,849,0.0,0.0
2024-09-30 13:43:00+09:00,3255.0,3255.0,3255.0,3255.0,0,0.0,0.0
2024-09-30 13:45:00+09:00,3250.0,3250.0,3250.0,3250.0,1142,0.0,0.0
2024-09-30 13:47:00+09:00,3250.0,3250.0,3250.0,3250.0,0,0.0,0.0
2024-09-30 13:48:00+09:00,3255.0,3255.0,3250.0,3250.0,79,0.0,0.0
2024-09-30 13:50:00+09:00,3250.0,3250.0,3245.0,3245.0,220,0.0,0.0
2024-09-30 13:51:00+09:00,3255.0,3255.0,3245.0,3245.0,273,0.0,0.0
2024-09-30 13:52:00+09:00,3240.0,3245.0,3235.0,3245.0,828,0.0,0.0
2024-09-30 13:53:00+09:00,3245.0,3255.0,3245.0,3255.0,3,0.0,0.0
2024-09-30 13:55:00+09:00,3255.0,3255.0,3255.0,3255.0,1,0.0,0.0
2024-09-30 13:59:00+09:00,3240.0,3255.0,3240.0,3255.0,2,0.0,0.0
2024-09-30 14:00:00+09:00,3240.0,3240.0,3240.0,3240.0,34,0.0,0.0
2024-09-30 14:01:00+09:00,3240.0,3250.0,3240.0,3250.0,0,0.0,0.0
2024-09-30 14:02:00+09:00,3240.0,3240.0,3240.0,3240.0,20,0.0,0.0
2024-09-30 14:03:00+09:00,3240.0,3240.0,3240.0,3240.0,67,0.0,0.0
2024-09-30 14:04:00+09:00,3240.0,3240.0,3240.0,3240.0,0,0.0,0.0
2024-09-30 14:05:00+09:00,3240.0,3240.0,3240.0,3240.0,566,0.0,0.0
2024-09-30 14:08:00+09:00,3245.0,3245.0,3240.0,3240.0,0,0.0,0.0
2024-09-30 14:09:00+09:00,3240.0,3240.0,3240.0,3240.0,114,0.0,0.0
2024-09-30 14:11:00+09:00,3240.0,3240.0,3235.0,3235.0,2121,0.0,0.0
2024-09-30 14:12:00+09:00,3235.0,3235.0,3225.0,3225.0,1482,0.0,0.0
2024-09-30 14:14:00+09:00,3235.0,3235.0,3235.0,3235.0,0,0.0,0.0
2024-09-30 14:15:00+09:00,3235.0,3235.0,3235.0,3235.0,0,0.0,0.0
2024-09-30 14:16:00+09:00,3225.0,3225.0,3225.0,3225.0,190,0.0,0.0
2024-09-30 14:20:00+09:00,3235.0,3235.0,3235.0,3235.0,168,0.0,0.0
2024-09-30 14:21:00+09:00,3235.0,3235.0,3235.0,3235.0,152,0.0,0.0
2024-09-30 14:22:00+09:00,3235.0,3245.0,3235.0,3235.0,46,0.0,0.0
2024-09-30 14:23:00+09:00,3245.0,3245.0,3245.0,3245.0,2,0.0,0.0
2024-09-30 14:24:00+09:00,3245.0,3245.0,3245.0,3245.0,19,0.0,0.0
2024-09-30 14:27:00+09:00,3245.0,3245.0,3245.0,3245.0,128,0.0,0.0
2024-09-30 14:31:00+09:00,3245.0,3250.0,3245.0,3250.0,0,0.0,0.0
2024-09-30 14:32:00+09:00,3245.0,3245.0,3245.0,3245.0,14,0.0,0.0
2024-09-30 14:33:00+09:00,3250.0,3250.0,3250.0,3250.0,1,0.0,0.0
2024-09-30 14:34:00+09:00,3240.0,3240.0,3240.0,3240.0,823,0.0,0.0
2024-09-30 14:35:00+09:00,3245.0,3245.0,3245.0,3245.0,0,0.0,0.0
2024-09-30 14:36:00+09:00,3250.0,3250.0,3245.0,3250.0,79,0.0,0.0
2024-09-30 14:37:00+09:00,3245.0,3245.0,3245.0,3245.0,239,0.0,0.0
2024-09-30 14:38:00+09:00,3240.0,3250.0,3240.0,3250.0,52,0.0,0.0
2024-09-30 14:41:00+09:00,3250.0,3250.0,3250.0,3250.0,1199,0.0,0.0
2024-09-30 14:44:00+09:00,3240.0,3240.0,3240.0,3240.0,0,0.0,0.0
2024-09-30 14:45:00+09:00,3250.0,3250.0,3250.0,3250.0,1,0.0,0.0
2024-09-30 14:46:00+09:00,3250.0,3250.0,3250.0,3250.0,19,0.0,0.0
2024-09-30 14:48:00+09:00,3240.0,3240.0,3240.0,3240.0,0,0.0,0.0
2024-09-30 14:50:00+09:00,3245.0,3245.0,3235.0,3235.0,216,0.0,0.0
2024-09-30 14:51:00+09:00,3240.0,3240.0,3240.0,3240.0,2,0.0,0.0
2024-09-30 14:54:00+09:00,3240.0,3240.0,3240.0,3240.0,133,0.0,0.0
2024-09-30 14:56:00+09:00,3250.0,3250.0,3250.0,3250.0,0,0.0,0.0
2024-10-02 09:00:00+09:00,3170.0,3230.0,3170.0,3200.0,0,0.0,0.0
2024-10-02 09:01:00+09:00,3190.0,3190.0,3170.0,3170.0,0,0.0,0.0
2024-10-02 09:02:00+09:00,3170.0,3180.0,3165.0,3180.0,1134,0.0,0.0
2024-10-02 09:03:00+09:00,3180.0,3185.0,3180.0,3185.0,0,0.0,0.0
2024-10-02 09:04:00+09:00,3185.0,3185.0,3185.0,3185.0,23,0.0,0.0
2024-10-02 09:05:00+09:00,3185.0,3190.0,3180.0,3180.0,624,0.0,0.0
2024-10-02 09:06:00+09:00,3180.0,3180.0,3180.0,3180.0,215,0.0,0.0
2024-10-02 09:07:00+09:00,3180.0,3180.0,3170.0,3175.0,534,0.0,0.0
2024-10-02 09:08:00+09:00,3175.0,3175.0,3175.0,3175.0,65,0.0,0.0
2024-10-02 09:09:00+09:00,3175.0,3190.0,3175.0,3190.0,114,0.0,0.0
2024-10-02 09:10:00+09:00,3175.0,3175.0,3160.0,3170.0,961,0.0,0.0
2024-10-02 09:11:00+09:00,3160.0,3170.0,3160.0,3170.0,414,0.0,0.0
2024-10-02 09:12:00+09:00,3170.0,3170.0,3170.0,3170.0,11,0.0,0.0
2024-10-02 09:13:00+09:00,3170.0,3170.0,3165.0,3165.0,665,0.0,0.0
2024-10-02 09:15:00+09:00,3185.0,3185.0,3185.0,3185.0,382,0.0,0.0
2024-10-02 09:16:00+09:00,3190.0,3190.0,3190.0,3190.0,63,0.0,0.0
2024-10-02 09:17:00+09:00,3190.0,3190.0,3185.0,3185.0,247,0.0,0.0
2024-10-02 09:20:00+09:00,3185.0,3190.0,3185.0,3185.0,280,0.0,0.0
2024-10-02 09:21:00+09:00,3185.0,3185.0,3185.0,3185.0,380,0.0,0.0
2024-10-02 09:22:00+09:00,3170.0,3185.0,3170.0,3185.0,20,0.0,0.0
2024-10-02 09:25:00+09:00,3185.0,3185.0,3185.0,3185.0,98,0.0,0.0
2024-10-02 09:26:00+09:00,3185.0,3185.0,3180.0,3180.0,582,0.0,0.0
2024-10-02 09:28:00+09:00,3180.0,3180.0,3180.0,3180.0,167,0.0,0.0
2024-10-02 09:29:00+09:00,3180.0,3180.0,3180.0,3180.0,35,0.0,0.0
2024-10-02 09:30:00+09:00,3180.0,3190.0,3180.0,3180.0,524,0.0,0.0
2024-10-02 09:31:00+09:00,3180.0,3180.0,3180.0,3180.0,0,0.0,0.0
2024-10-02 09:33:00+09:00,3180.0,3180.0,3170.0,3170.0,17,0.0,0.0
2024-10-02 09:34:00+09:00,3170.0,3170.0,3165.0,3165.0,4593,0.0,0.0
2024-10-02 09:35:00+09:00,3165.0,3165.0,3165.0,3165.0,0,0.0,0.0
2024-10-02 09:37:00+09:00,3165.0,3165.0,3165.0,3165.0,2,0.0,0.0
2024-10-02 09:38:00+09:00,3165.0,3165.0,3165.0,3165.0,2,0.0,0.0
2024-10-02 09:39:00+09:00,3165.0,3165.0,3165.0,3165.0,70,0.0,0.0
2024-10-02 09:40:00+09:00,3165.0,3165.0,3160.0,3165.0,215,0.0,0.0
2024-10-02 09:43:00+09:00,3165.0,3165.0,3155.0,3155.0,1715,0.0,0.0
2024-10-02 09:44:00+09:00,3180.0,3180.0,3180.0,3180.0,0,0.0,0.0
2024-10-02 09:45:00+09:00,3180.0,3180.0,3180.0,3180.0,11,0.0,0.0
2024-10-02 09:46:00+09:00,3180.0,3180.0,3180.0,3180.0,691,0.0,0.0
2024-10-02 09:47:00+09:00,3180.0,3180.0,3180.0,3180.0,0,0.0,0.0
2024-10-02 09:48:00+09:00,3180.0,3180.0,3180.0,3180.0,1,0.0,0.0
2024-10-02 09:49:00+09:00,3180.0,3180.0,3180.0,3180.0,40,0.0,0.0
2024-10-02 09:51:00+09:00,3180.0,3180.0,3180.0,3180.0,20,0.0,0.0
2024-10-02 09:52:00+09:00,3180.0,3180.0,3180.0,3180.0,0,0.0,0.0
2024-10-02 09:54:00+09:00,3180.0,3180.0,3180.0,3180.0,23,0.0,0.0
2024-10-02 09:57:00+09:00,3180.0,3180.0,3180.0,3180.0,131,0.0,0.0
2024-10-02 09:58:00+09:00,3180.0,3180.0,3180.0,3180.0,36,0.0,0.0
2024-10-02 09:59:00+09:00,3180.0,3195.0,3180.0,3195.0,3515,0.0,0.0
2024-10-02 10:01:00+09:00,3200.0,3200.0,3200.0,3200.0,0,0.0,0.0
2024-10-02 10:03:00+09:00,3200.0,3200.0,3200.0,3200.0,26,0.0,0.0
2024-10-02 10:04:00+09:00,3200.0,3205.0,3200.0,3200.0,769,0.0,0.0
2024-10-02 10:05:00+09:00,3200.0,3215.0,3190.0,3215.0,1194,0.0,0.0
2024-10-02 10:06:00+09:00,3185.0,3185.0,3185.0,3185.0,10,0.0,0.0
2024-10-02 10:07:00+09:00,3210.0,3210.0,3210.0,3210.0,18,0.0,0.0
2024-10-02 10:13:00+09:00,3200.0,3200.0,3200.0,3200.0,395,0.0,0.0
2024-10-02 10:14:00+09:00,3200.0,3200.0,3200.0,3200.0,0,0.0,0.0
2024-10-02 10:16:00+09:00,3195.0,3195.0,3195.0,3195.0,0,0.0,0.0
2024-10-02 10:17:00+09:00,3195.0,3195.0,3190.0,3190.0,59,0.0,0.0
2024-10-02 10:18:00+09:00,3190.0,3190.0,3190.0,3190.0,132,0.0,0.0
2024-10-02 10:19:00+09:00,3190.0,3190.0,3190.0,3190.0,14,0.0,0.0
2024-10-02 10:22:00+09:00,3190.0,3190.0,3190.0,3190.0,10,0.0,0.0
2024-10-02 10:25:00+09:00,3195.0,3195.0,3195.0,3195.0,553,0.0,0.0
2024-10-02 10:28:00+09:00,3195.0,3195.0,3195.0,3195.0,0,0.0,0.0
2024-10-02 10:29:00+09:00,3210.0,3210.0,3210.0,3210.0,1,0.0,0.0
2024-10-02 10:30:00+09:00,3210.0,3210.0,3210.0,3210.0,148,0.0,0.0
2024-10-02 10:31:00+09:00,3215.0,3225.0,3215.0,3225.0,0,0.0,0.0
2024-10-02 10:35:00+09:00,3225.0,3225.0,3210.0,3210.0,296,0.0,0.0
2024-10-02 10:36:00+09:00,3230.0,3230.0,3230.0,3230.0,0,0.0,0.0
2024-10-02 10:37:00+09:00,3230.0,3230.0,3230.0,3230.0,63,0.0,0.0
2024-10-02 10:38:00+09:00,3230.0,3230.0,3230.0,3230.0,0,0.0,0.0
2024-10-02 10:42:00+09:00,3210.0,3210.0,3210.0,3210.0,131,0.0,0.0
2024-10-02 10:44:00+09:00,3200.0,3215.0,3200.0,3215.0,0,0.0,0.0
2024-10-02 10:45:00+09:00,3200.0,3200.0,3200.0,3200.0,0,0.0,0.0
2024-10-02 10:47:00+09:00,3200.0,3215.0,3200.0,3215.0,1,0.0,0.0
2024-10-02 10:49:00+09:00,3215.0,3215.0,3215.0,3215.0,4,0.0,0.0
2024-10-02 10:56:00+09:00,3210.0,3210.0,3210.0,3210.0,2,0.0,0.0
2024-10-02 10:57:00+09:00,3210.0,3210.0,3210.0,3210.0,4,0.0,0.0
2024-10-02 11:01:00+09:00,3215.0,3215.0,3215.0,3215.0,61,0.0,0.0
2024-10-02 11:03:00+09:00,3215.0,3215.0,3215.0,3215.0,5,0.0,0.0
2024-10-02 11:04:00+09:00,3215.0,3215.0,3215.0,3215.0,66,0.0,0.0
2024-10-02 11:05:00+09:00,3215.0,3220.0,3215.0,3220.0,0,0.0,0.0
2024-10-02 11:08:00+09:00,3230.0,3230.0,3230.0,3230.0,1134,0.0,0.0
2024-10-02 11:09:00+09:00,3230.0,3230.0,3230.0,3230.0,1620,0.0,0.0
2024-10-02 11:10:00+09:00,3230.0,3260.0,3230.0,3260.0,0,0.0,0.0
2024-10-02 11:11:00+09:00,3225.0,3255.0,3220.0,3250.0,305,0.0,0.0
2024-10-02 11:14:00+09:00,3245.0,3245.0,3245.0,3245.0,1,0.0,0.0
2024-10-02 11:15:00+09:00,3240.0,3240.0,3240.0,3240.0,0,0.0,0.0
2024-10-02 11:16:00+09:00,3240.0,3240.0,3240.0,3240.0,19,0.0,0.0
2024-10-02 11:18:00+09:00,3220.0,3220.0,3220.0,3220.0,0,0.0,0.0
2024-10-02 11:19:00+09:00,3235.0,3235.0,3235.0,3235.0,1,0.0,0.0
2024-10-02 11:21:00+09:00,3235.0,3235.0,3235.0,3235.0,411,0.0,0.0
2024-10-02 11:22:00+09:00,3235.0,3240.0,3235.0,3240.0,3,0.0,0.0
2024-10-02 11:26:00+09:00,3235.0,3235.0,3235.0,3235.0,84,0.0,0.0
2024-10-02 11:28:00+09:00,3235.0,3235.0,3235.0,3235.0,0,0.0,0.0
2024-10-02 11:40:00+09:00,3235.0,3235.0,3235.0,3235.0,80,0.0,0.0
2024-10-02 11:41:00+09:00,3235.0,3235.0,3230.0,3230.0,0,0.0,0.0
2024-10-02 11:51:00+09:00,3230.0,3230.0,3230.0,3230.0,96,0.0,0.0
2024-10-02 11:54:00+09:00,3230.0,3230.0,3230.0,3230.0,0,0.0,0.0
2024-10-02 11:55:00+09:00,3235.0,3235.0,3235.0,3235.0,0,0.0,0.0
2024-10-02 11:56:00+09:00,3230.0,3230.0,3230.0,3230.0,3,0.0,0.0
2024-10-02 11:58:00+09:00,3240.0,3240.0,3240.0,3240.0,0,0.0,0.0
2024-10-02 12:00:00+09:00,3240.0,3240.0,3240.0,3240.0,2,0.0,0.0
2024-10-02 12:02:00+09:00,3240.0,3240.0,3240.0,3240.0,19,0.0,0.0
2024-10-02 12:06:00+09:00,3240.0,3240.0,3240.0,3240.0,82,0.0,0.0
2024-10-02 12:07:00+09:00,3240.0,3240.0,3240.0,3240.0,43,0.0,0.0
2024-10-02 12:11:00+09:00,3240.0,3240.0,3240.0,3240.0,0,0.0,0.0
2024-10-02 12:12:00+09:00,3230.0,3230.0,3230.0,3230.0,194,0.0,0.0
2024-10-02 12:19:00+09:00,3230.0,3230.0,3230.0,3230.0,2,0.0,0.0
2024-10-02 12:25:00+09:00,3235.0,3235.0,3235.0,3235.0,2,0.0,0.0
2024-10-02 12:26:00+09:00,3235.0,3235.0,3235.0,3235.0,825,0.0,0.0
2024-10-02 12:31:00+09:00,3240.0,3240.0,3240.0,3240.0,0,0.0,0.0
2024-10-02 12:32:00+09:00,3240.0,3240.0,3240.0,3240.0,1,0.0,0.0
2024-10-02 12:33:00+09:00,3240.0,3240.0,3240.0,3240.0,0,0.0,0.0
2024-10-02 12:34:00+09:00,3240.0,3240.0,3240.0,3240.0,50,0.0,0.0
2024-10-02 12:35:00+09:00,3240.0,3245.0,3240.0,3245.0,85,0.0,0.0
2024-10-02 12:37:00+09:00,3235.0,3235.0,3235.0,3235.0,12,0.0,0.0
2024-10-02 12:40:00+09:00,3240.0,3240.0,3230.0,3230.0,835,0.0,0.0
2024-10-02 12:41:00+09:00,3240.0,3240.0,3240.0,3240.0,0,0.0,0.0
2024-10-02 12:43:00+09:00,3250.0,3255.0,3230.0,3255.0,12,0.0,0.0
2024-10-02 12:44:00+09:00,3255.0,3255.0,3255.0,3255.0,23,0.0,0.0
2024-10-02 12:45:00+09:00,3255.0,3265.0,3255.0,3265.0,480,0.0,0.0
2024-10-02 12:46:00+09:00,3265.0,3265.0,3260.0,3265.0,64,0.0,0.0
2024-10-02 12:47:00+09:00,3265.0,3265.0,3265.0,3265.0,267,0.0,0.0
2024-10-02 12:48:00+09:00,3265.0,3270.0,3265.0,3270.0,280,0.0,0.0
2024-10-02 12:50:00+09:00,3260.0,3270.0,3260.0,3260.0,35,0.0,0.0
2024-10-02 12:51:00+09:00,3260.0,3260.0,3260.0,3260.0,26,0.0,0.0
2024-10-02 12:52:00+09:00,3270.0,3280.0,3270.0,3280.0,435,0.0,0.0
2024-10-02 12:53:00+09:00,3270.0,3270.0,3270.0,3270.0,0,0.0,0.0
2024-10-02 13:00:00+09:00,3260.0,3260.0,3260.0,3260.0,195,0.0,0.0
2024-10-02 13:02:00+09:00,3265.0,3265.0,3265.0,3265.0,0,0.0,0.0
2024-10-02 13:03:00+09:00,3265.0,3265.0,3265.0,3265.0,4,0.0,0.0
2024-10-02 13:05:00+09:00,3265.0,3265.0,3260.0,3260.0,501,0.0,0.0
2024-10-02 13:08:00+09:00,3255.0,3255.0,3255.0,3255.0,2,0.0,0.0
2024-10-02 13:09:00+09:00,3265.0,3265.0,3265.0,3265.0,1,0.0,0.0
2024-10-02 13:10:00+09:00,3265.0,3265.0,3265.0,3265.0,13,0.0,0.0
2024-10-02 13:11:00+09:00,3265.0,3265.0,3265.0,3265.0,93,0.0,0.0
2024-10-02 13:15:00+09:00,3260.0,3265.0,3260.0,3265.0,141,0.0,0.0
2024-10-02 13:21:00+09:00,3260.0,3260.0,3260.0,3260.0,0,0.0,0.0
2024-10-02 13:22:00+09:00,3260.0,3260.0,3260.0,3260.0,39,0.0,0.0
2024-10-02 13:24:00+09:00,3260.0,3260.0,3260.0,3260.0,0,0.0,0.0
2024-10-02 13:25:00+09:00,3260.0,3260.0,3260.0,3260.0,151,0.0,0.0
2024-10-02 13:26:00+09:00,3265.0,3265.0,3265.0,3265.0,0,0.0,0.0
2024-10-02 13:27:00+09:00,3265.0,3265.0,3265.0,3265.0,149,0.0,0.0
2024-10-02 13:30:00+09:00,3265.0,3265.0,3265.0,3265.0,10,0.0,0.0
2024-10-02 13:32:00+09:00,3260.0,3260.0,3260.0,3260.0,25,0.0,0.0
2024-10-02 13:33:00+09:00,3265.0,3265.0,3265.0,3265.0,0,0.0,0.0
2024-10-02 13:34:00+09:00,3255.0,3255.0,3250.0,3250.0,13,0.0,0.0
2024-10-02 13:35:00+09:00,3245.0,3245.0,3240.0,3240.0,18,0.0,0.0
2024-10-02 13:38:00+09:00,3265.0,3265.0,3240.0,3240.0,7,0.0,0.0
2024-10-02 13:40:00+09:00,3245.0,3245.0,3240.0,3240.0,35,0.0,0.0
2024-10-02 13:43:00+09:00,3250.0,3250.0,3240.0,3240.0,42,0.0,0.0
2024-10-02 13:44:00+09:00,3250.0,3250.0,3250.0,3250.0,0,0.0,0.0
2024-10-02 13:47:00+09:00,3250.0,3270.0,3250.0,3270.0,499,0.0,0.0
2024-10-02 13:49:00+09:00,3255.0,3265.0,3255.0,3260.0,131,0.0,0.0
2024-10-02 13:50:00+09:00,3265.0,3270.0,3265.0,3265.0,11,0.0,0.0
2024-10-02 13:54:00+09:00,3260.0,3260.0,3260.0,3260.0,3,0.0,0.0
2024-10-02 13:55:00+09:00,3260.0,3260.0,3255.0,3255.0,75,0.0,0.0
2024-10-02 13:56:00+09:00,3250.0,3250.0,3250.0,3250.0,19,0.0,0.0
2024-10-02 14:00:00+09:00,3250.0,3250.0,3250.0,3250.0,78,0.0,0.0
2024-10-02 14:05:00+09:00,3245.0,3245.0,3245.0,3245.0,2,0.0,0.0
2024-10-02 14:06:00+09:00,3240.0,3250.0,3240.0,3250.0,150,0.0,0.0
2024-10-02 14:07:00+09:00,3240.0,3240.0,3235.0,3235.0,1789,0.0,0.0
2024-10-02 14:09:00+09:00,3240.0,3260.0,3240.0,3260.0,240,0.0,0.0
2024-10-02 14:14:00+09:00,3260.0,3260.0,3260.0,3260.0,0,0.0,0.0
2024-10-02 14:21:00+09:00,3255.0,3255.0,3255.0,3255.0,0,0.0,0.0
2024-10-02 14:22:00+09:00,3255.0,3255.0,3255.0,3255.0,0,0.0,0.0
2024-10-02 14:23:00+09:00,3255.0,3255.0,3255.0,3255.0,2,0.0,0.0
2024-10-02 14:25:00+09:00,3255.0,3255.0,3255.0,3255.0,1,0.0,0.0
2024-10-02 14:31:00+09:00,3250.0,3250.0,3250.0,3250.0,33,0.0,0.0
2024-10-02 14:34:00+09:00,3255.0,3255.0,3255.0,3255.0,1,0.0,0.0
2024-10-02 14:37:00+09:00,3240.0,3240.0,3230.0,3230.0,2841,0.0,0.0
2024-10-02 14:38:00+09:00,3230.0,3235.0,3230.0,3235.0,0,0.0,0.0
2024-10-02 14:39:00+09:00,3230.0,3230.0,3225.0,3225.0,32,0.0,0.0
2024-10-02 14:40:00+09:00,3225.0,3240.0,3225.0,3230.0,883,0.0,0.0
2024-10-02 14:41:00+09:00,3240.0,3240.0,3240.0,3240.0,1,0.0,0.0
2024-10-02 14:44:00+09:00,3240.0,3240.0,3225.0,3225.0,63,0.0,0.0
2024-10-02 14:45:00+09:00,3240.0,3240.0,3240.0,3240.0,0,0.0,0.0
2024-10-02 14:49:00+09:00,3240.0,3240.0,3240.0,3240.0,200,0.0,0.0
2024-10-02 14:50:00+09:00,3225.0,3225.0,3200.0,3200.0,2200,0.0,0.0
2024-10-02 14:52:00+09:00,3235.0,3235.0,3225.0,3225.0,5,0.0,0.0
2024-10-02 14:53:00+09:00,3220.0,3235.0,3215.0,3230.0,5,0.0,0.0
2024-10-02 14:54:00+09:00,3235.0,3235.0,3235.0,3235.0,1,0.0,0.0
2024-10-02 14:55:00+09:00,3225.0,3225.0,3225.0,3225.0,1,0.0,0.0
2024-10-02 14:57:00+09:00,3220.0,3220.0,3210.0,3210.0,197,0.0,0.0
2024-10-02 14:58:00+09:00,3230.0,3230.0,3200.0,3205.0,345,0.0,0.0
2024-10-02 14:59:00+09:00,3225.0,3225.0,3225.0,3225.0,0,0.0,0.0
2024-10-04 09:00:00+09:00,3210.0,3210.0,3210.0,3210.0,0,0.0,0.0
2024-10-04 09:01:00+09:00,3210.0,3210.0,3210.0,3210.0,0,0.0,0.0
2024-10-04 09:02:00+09:00,3205.0,3205.0,3205.0,3205.0,0,0.0,0.0
2024-10-04 09:03:00+09:00,3205.0,3205.0,3205.0,3205.0,60,0.0,0.0
2024-10-04 09:04:00+09:00,3205.0,3205.0,3205.0,3205.0,6,0.0,0.0
2024-10-04 09:05:00+09:00,3205.0,3210.0,3205.0,3210.0,1385,0.0,0.0
2024-10-04 09:06:00+09:00,3250.0,3250.0,3250.0,3250.0,0,0.0,0.0
2024-10-04 09:08:00+09:00,3250.0,3250.0,3250.0,3250.0,118,0.0,0.0
2024-10-04 09:09:00+09:00,3225.0,3225.0,3210.0,3210.0,446,0.0,0.0
2024-10-04 09:10:00+09:00,3205.0,3205.0,3200.0,3200.0,374,0.0,0.0
2024-10-04 09:15:00+09:00,3210.0,3210.0,3210.0,3210.0,127,0.0,0.0
2024-10-04 09:16:00+09:00,3230.0,3230.0,3210.0,3210.0,29,0.0,0.0
2024-10-04 09:17:00+09:00,3205.0,3205.0,3200.0,3200.0,745,0.0,0.0
2024-10-04 09:18:00+09:00,3190.0,3200.0,3190.0,3200.0,115,0.0,0.0
2024-10-04 09:19:00+09:00,3180.0,3195.0,3180.0,3195.0,111,0.0,0.0
2024-10-04 09:20:00+09:00,3195.0,3195.0,3185.0,3185.0,80,0.0,0.0
2024-10-04 09:21:00+09:00,3195.0,3195.0,3195.0,3195.0,0,0.0,0.0
2024-10-04 09:22:00+09:00,3195.0,3195.0,3195.0,3195.0,103,0.0,0.0
2024-10-04 09:23:00+09:00,3195.0,3195.0,3180.0,3180.0,256,0.0,0.0
2024-10-04 09:24:00+09:00,3195.0,3195.0,3195.0,3195.0,0,0.0,0.0
2024-10-04 09:25:00+09:00,3195.0,3195.0,3195.0,3195.0,0,0.0,0.0
2024-10-04 09:26:00+09:00,3180.0,3195.0,3180.0,3195.0,3,0.0,0.0
2024-10-04 09:27:00+09:00,3195.0,3195.0,3195.0,3195.0,9,0.0,0.0
2024-10-04 09:29:00+09:00,3195.0,3195.0,3195.0,3195.0,5,0.0,0.0
2024-10-04 09:31:00+09:00,3195.0,3195.0,3195.0,3195.0,15,0.0,0.0
2024-10-04 09:32:00+09:00,3195.0,3195.0,3195.0,3195.0,25,0.0,0.0
2024-10-04 09:33:00+09:00,3195.0,3195.0,3195.0,3195.0,0,0.0,0.0
2024-10-04 09:34:00+09:00,3195.0,3195.0,3195.0,3195.0,42,0.0,0.0
2024-10-04 09:35:00+09:00,3195.0,3195.0,3195.0,3195.0,135,0.0,0.0
2024-10-04 09:36:00+09:00,3200.0,3200.0,3200.0,3200.0,37,0.0,0.0
2024-10-04 09:40:00+09:00,3210.0,3210.0,3210.0,3210.0,53,0.0,0.0
2024-10-04 09:41:00+09:00,3210.0,3225.0,3210.0,3225.0,50,0.0,0.0
2024-10-04 09:42:00+09:00,3225.0,3225.0,3225.0,3225.0,23,0.0,0.0
2024-10-04 09:43:00+09:00,3225.0,3225.0,3225.0,3225.0,0,0.0,0.0
2024-10-04 09:44:00+09:00,3225.0,3225.0,3225.0,3225.0,24,0.0,0.0
2024-10-04 09:46:00+09:00,3220.0,3220.0,3220.0,3220.0,6,0.0,0.0
2024-10-04 09:48:00+09:00,3220.0,3220.0,3220.0,3220.0,1763,0.0,0.0
2024-10-04 09:49:00+09:00,3220.0,3220.0,3220.0,3220.0,240,0.0,0.0
2024-10-04 09:51:00+09:00,3200.0,3200.0,3200.0,3200.0,791,0.0,0.0
2024-10-04 09:56:00+09:00,3200.0,3200.0,3200.0,3200.0,178,0.0,0.0
2024-10-04 09:58:00+09:00,3200.0,3200.0,3200.0,3200.0,378,0.0,0.0
2024-10-04 10:00:00+09:00,3200.0,3200.0,3200.0,3200.0,242,0.0,0.0
2024-10-04 10:01:00+09:00,3200.0,3200.0,3200.0,3200.0,0,0.0,0.0
2024-10-04 10:02:00+09:00,3200.0,3220.0,3200.0,3220.0,33,0.0,0.0
2024-10-04 10:03:00+09:00,3220.0,3220.0,3220.0,3220.0,1,0.0,0.0
2024-10-04 10:05:00+09:00,3220.0,3225.0,3220.0,3225.0,515,0.0,0.0
2024-10-04 10:06:00+09:00,3225.0,3225.0,3225.0,3225.0,0,0.0,0.0
2024-10-04 10:08:00+09:00,3225.0,3225.0,3225.0,3225.0,50,0.0,0.0
2024-10-04 10:13:00+09:00,3225.0,3225.0,3225.0,3225.0,0,0.0,0.0
2024-10-04 10:19:00+09:00,3225.0,3225.0,3225.0,3225.0,2,0.0,0.0
2024-10-04 10:21:00+09:00,3225.0,3225.0,3225.0,3225.0,299,0.0,0.0
2024-10-04 10:23:00+09:00,3225.0,3225.0,3225.0,3225.0,169,0.0,0.0
2024-10-04 10:24:00+09:00,3225.0,3225.0,3225.0,3225.0,0,0.0,0.0
2024-10-04 10:25:00+09:00,3230.0,3230.0,3230.0,3230.0,0,0.0,0.0
2024-10-04 10:34:00+09:00,3230.0,3230.0,3230.0,3230.0,44,0.0,0.0
2024-10-04 10:39:00+09:00,3230.0,3230.0,3230.0,3230.0,170,0.0,0.0
2024-10-04 10:41:00+09:00,3235.0,3235.0,3235.0,3235.0,0,0.0,0.0
2024-10-04 10:42:00+09:00,3225.0,3235.0,3225.0,3235.0,2,0.0,0.0
2024-10-04 10:43:00+09:00,3235.0,3240.0,3235.0,3240.0,149,0.0,0.0
2024-10-04 10:49:00+09:00,3240.0,3240.0,3235.0,3235.0,645,0.0,0.0
2024-10-04 10:50:00+09:00,3235.0,3235.0,3235.0,3235.0,5,0.0,0.0
2024-10-04 10:53:00+09:00,3235.0,3235.0,3235.0,3235.0,20,0.0,0.0
2024-10-04 10:55:00+09:00,3235.0,3235.0,3235.0,3235.0,10,0.0,0.0
2024-10-04 10:59:00+09:00,3240.0,3240.0,3240.0,3240.0,54,0.0,0.0
2024-10-04 11:00:00+09:00,3245.0,3245.0,3245.0,3245.0,0,0.0,0.0
2024-10-04 11:01:00+09:00,3245.0,3245.0,3245.0,3245.0,3,0.0,0.0
2024-10-04 11:02:00+09:00,3245.0,3245.0,3245.0,3245.0,11,0.0,0.0
2024-10-04 11:03:00+09:00,3245.0,3245.0,3245.0,3245.0,1,0.0,0.0
2024-10-04 11:04:00+09:00,3245.0,3245.0,3245.0,3245.0,780,0.0,0.0
2024-10-04 11:05:00+09:00,3240.0,3240.0,3235.0,3235.0,990,0.0,0.0
2024-10-04 11:06:00+09:00,3245.0,3245.0,3245.0,3245.0,2,0.0,0.0
2024-10-04 11:07:00+09:00,3245.0,3245.0,3245.0,3245.0,199,0.0,0.0
2024-10-04 11:13:00+09:00,3245.0,3245.0,3225.0,3225.0,73,0.0,0.0
2024-10-04 11:21:00+09:00,3245.0,3245.0,3245.0,3245.0,3,0.0,0.0
2024-10-04 11:23:00+09:00,3230.0,3230.0,3230.0,3230.0,4,0.0,0.0
2024-10-04 11:24:00+09:00,3245.0,3245.0,3245.0,3245.0,8,0.0,0.0
2024-10-04 11:26:00+09:00,3240.0,3245.0,3240.0,3245.0,39,0.0,0.0
2024-10-04 11:28:00+09:00,3245.0,3245.0,3245.0,3245.0,0,0.0,0.0
2024-10-04 11:29:00+09:00,3245.0,3245.0,3245.0,3245.0,9,0.0,0.0
2024-10-04 11:30:00+09:00,3245.0,3245.0,3245.0,3245.0,10,0.0,0.0
2024-10-04 11:31:00+09:00,3245.0,3245.0,3245.0,3245.0,2,0.0,0.0
2024-10-04 11:34:00+09:00,3245.0,3245.0,3245.0,3245.0,155,0.0,0.0
2024-10-04 11:42:00+09:00,3245.0,3245.0,3245.0,3245.0,132,0.0,0.0
2024-10-04 11:44:00+09:00,3245.0,3245.0,3245.0,3245.0,6,0.0,0.0
2024-10-04 11:46:00+09:00,3245.0,3245.0,3245.0,3245.0,0,0.0,0.0
2024-10-04 11:50:00+09:00,3230.0,3230.0,3230.0,3230.0,14,0.0,0.0
2024-10-04 11:51:00+09:00,3245.0,3245.0,3245.0,3245.0,2,0.0,0.0
2024-10-04 11:53:00+09:00,3245.0,3245.0,3245.0,3245.0,283,0.0,0.0
2024-10-04 11:54:00+09:00,3230.0,3230.0,3230.0,3230.0,18,0.0,0.0
2024-10-04 11:56:00+09:00,3230.0,3230.0,3215.0,3220.0,1204,0.0,0.0
2024-10-04 11:57:00+09:00,3220.0,3220.0,3215.0,3215.0,278,0.0,0.0
2024-10-04 11:59:00+09:00,3235.0,3235.0,3235.0,3235.0,0,0.0,0.0
2024-10-04 12:02:00+09:00,3215.0,3215.0,3200.0,3200.0,346,0.0,0.0
2024-10-04 12:03:00+09:00,3230.0,3230.0,3230.0,3230.0,0,0.0,0.0
2024-10-04 12:05:00+09:00,3225.0,3225.0,3225.0,3225.0,200,0.0,0.0
2024-10-04 12:06:00+09:00,3225.0,3225.0,3225.0,3225.0,0,0.0,0.0
2024-10-04 12:08:00+09:00,3200.0,3200.0,3200.0,3200.0,400,0.0,0.0
2024-10-04 12:09:00+09:00,3220.0,3220.0,3200.0,3220.0,0,0.0,0.0
2024-10-04 12:15:00+09:00,3210.0,3210.0,3210.0,3210.0,19,0.0,0.0
2024-10-04 12:19:00+09:00,3210.0,3210.0,3205.0,3205.0,32,0.0,0.0
2024-10-04 12:22:00+09:00,3205.0,3205.0,3205.0,3205.0,0,0.0,0.0
2024-10-04 12:23:00+09:00,3210.0,3210.0,3205.0,3205.0,8,0.0,0.0
2024-10-04 12:24:00+09:00,3205.0,3205.0,3205.0,3205.0,245,0.0,0.0
2024-10-04 12:25:00+09:00,3205.0,3205.0,3200.0,3200.0,693,0.0,0.0
2024-10-04 12:26:00+09:00,3215.0,3215.0,3215.0,3215.0,0,0.0,0.0
2024-10-04 12:32:00+09:00,3215.0,3215.0,3215.0,3215.0,3,0.0,0.0
2024-10-04 12:33:00+09:00,3215.0,3215.0,3215.0,3215.0,31,0.0,0.0
2024-10-04 12:40:00+09:00,3215.0,3215.0,3210.0,3210.0,2,0.0,0.0
2024-10-04 12:41:00+09:00,3210.0,3210.0,3210.0,3210.0,2,0.0,0.0
2024-10-04 12:44:00+09:00,3205.0,3205.0,3205.0,3205.0,1,0.0,0.0
2024-10-04 12:45:00+09:00,3205.0,3205.0,3200.0,3200.0,539,0.0,0.0
2024-10-04 12:46:00+09:00,3200.0,3200.0,3200.0,3200.0,31,0.0,0.0
2024-10-04 12:48:00+09:00,3200.0,3200.0,3200.0,3200.0,0,0.0,0.0
2024-10-04 12:50:00+09:00,3195.0,3195.0,3195.0,3195.0,10,0.0,0.0
2024-10-04 12:52:00+09:00,3195.0,3200.0,3195.0,3200.0,12,0.0,0.0
2024-10-04 12:53:00+09:00,3195.0,3200.0,3195.0,3200.0,208,0.0,0.0
2024-10-04 12:56:00+09:00,3200.0,3200.0,3200.0,3200.0,0,0.0,0.0
2024-10-04 13:00:00+09:00,3195.0,3195.0,3190.0,3190.0,964,0.0,0.0
2024-10-04 13:03:00+09:00,3200.0,3200.0,3200.0,3200.0,0,0.0,0.0
2024-10-04 13:07:00+09:00,3185.0,3185.0,3180.0,3180.0,3373,0.0,0.0
2024-10-04 13:10:00+09:00,3180.0,3180.0,3180.0,3180.0,57,0.0,0.0
2024-10-04 13:14:00+09:00,3180.0,3180.0,3180.0,3180.0,52,0.0,0.0
2024-10-04 13:15:00+09:00,3180.0,3180.0,3175.0,3175.0,367,0.0,0.0
2024-10-04 13:18:00+09:00,3185.0,3185.0,3185.0,3185.0,0,0.0,0.0
2024-10-04 13:19:00+09:00,3175.0,3175.0,3175.0,3175.0,1388,0.0,0.0
2024-10-04 13:22:00+09:00,3185.0,3185.0,3185.0,3185.0,0,0.0,0.0
2024-10-04 13:24:00+09:00,3185.0,3185.0,3185.0,3185.0,640,0.0,0.0
2024-10-04 13:28:00+09:00,3185.0,3185.0,3185.0,3185.0,0,0.0,0.0
2024-10-04 13:29:00+09:00,3185.0,3185.0,3185.0,3185.0,399,0.0,0.0
2024-10-04 13:32:00+09:00,3200.0,3200.0,3200.0,3200.0,0,0.0,0.0
2024-10-04 13:33:00+09:00,3200.0,3200.0,3200.0,3200.0,57,0.0,0.0
2024-10-04 13:34:00+09:00,3200.0,3200.0,3200.0,3200.0,40,0.0,0.0
2024-10-04 13:35:00+09:00,3200.0,3200.0,3200.0,3200.0,3,0.0,0.0
2024-10-04 13:36:00+09:00,3185.0,3185.0,3185.0,3185.0,2,0.0,0.0
2024-10-04 13:37:00+09:00,3200.0,3200.0,3200.0,3200.0,1,0.0,0.0
2024-10-04 13:38:00+09:00,3200.0,3200.0,3200.0,3200.0,19,0.0,0.0
2024-10-04 13:40:00+09:00,3190.0,3190.0,3185.0,3185.0,1007,0.0,0.0
2024-10-04 13:41:00+09:00,3200.0,3200.0,3200.0,3200.0,0,0.0,0.0
2024-10-04 13:43:00+09:00,3200.0,3200.0,3200.0,3200.0,9,0.0,0.0
2024-10-04 13:45:00+09:00,3200.0,3200.0,3200.0,3200.0,533,0.0,0.0
2024-10-04 13:46:00+09:00,3205.0,3205.0,3200.0,3205.0,0,0.0,0.0
2024-10-04 13:48:00+09:00,3205.0,3205.0,3205.0,3205.0,747,0.0,0.0
2024-10-04 13:56:00+09:00,3190.0,3190.0,3190.0,3190.0,482,0.0,0.0
2024-10-04 13:58:00+09:00,3190.0,3190.0,3190.0,3190.0,0,0.0,0.0
2024-10-04 14:00:00+09:00,3190.0,3190.0,3190.0,3190.0,97,0.0,0.0
2024-10-04 14:02:00+09:00,3205.0,3205.0,3205.0,3205.0,0,0.0,0.0
2024-10-04 14:04:00+09:00,3205.0,3205.0,3205.0,3205.0,10,0.0,0.0
2024-10-04 14:07:00+09:00,3205.0,3205.0,3205.0,3205.0,2,0.0,0.0
2024-10-04 14:11:00+09:00,3205.0,3205.0,3205.0,3205.0,1,0.0,0.0
2024-10-04 14:12:00+09:00,3200.0,3200.0,3200.0,3200.0,3,0.0,0.0
2024-10-04 14:13:00+09:00,3190.0,3200.0,3190.0,3200.0,70,0.0,0.0
2024-10-04 14:15:00+09:00,3205.0,3205.0,3205.0,3205.0,0,0.0,0.0
2024-10-04 14:17:00+09:00,3195.0,3195.0,3195.0,3195.0,13,0.0,0.0
2024-10-04 14:19:00+09:00,3200.0,3200.0,3200.0,3200.0,0,0.0,0.0
2024-10-04 14:21:00+09:00,3195.0,3195.0,3190.0,3190.0,63,0.0,0.0
2024-10-04 14:22:00+09:00,3190.0,3190.0,3190.0,3190.0,21,0.0,0.0
2024-10-04 14:27:00+09:00,3190.0,3190.0,3190.0,3190.0,206,0.0,0.0
2024-10-04 14:30:00+09:00,3190.0,3190.0,3190.0,3190.0,208,0.0,0.0
2024-10-04 14:31:00+09:00,3190.0,3190.0,3190.0,3190.0,2,0.0,0.0
2024-10-04 14:34:00+09:00,3190.0,3190.0,3190.0,3190.0,3,0.0,0.0
2024-10-04 14:36:00+09:00,3190.0,3235.0,3190.0,3225.0,5059,0.0,0.0
2024-10-04 14:37:00+09:00,3210.0,3215.0,3210.0,3210.0,622,0.0,0.0
2024-10-04 14:43:00+09:00,3220.0,3220.0,3220.0,3220.0,15,0.0,0.0
2024-10-04 14:44:00+09:00,3220.0,3220.0,3220.0,3220.0,0,0.0,0.0
2024-10-04 14:49:00+09:00,3205.0,3205.0,3205.0,3205.0,31,0.0,0.0
2024-10-04 14:50:00+09:00,3205.0,3205.0,3205.0,3205.0,161,0.0,0.0
2024-10-04 14:51:00+09:00,3200.0,3205.0,3200.0,3205.0,0,0.0,0.0
2024-10-04 14:52:00+09:00,3195.0,3195.0,3190.0,3190.0,23,0.0,0.0
2024-10-04 14:53:00+09:00,3200.0,3200.0,3200.0,3200.0,0,0.0,0.0
2024-10-04 14:54:00+09:00,3195.0,3195.0,3195.0,3195.0,9,0.0,0.0
2024-10-04 14:56:00+09:00,3195.0,3195.0,3195.0,3195.0,19,0.0,0.0
2024-10-04 14:57:00+09:00,3190.0,3190.0,3185.0,3190.0,2059,0.0,0.0
2024-10-04 14:58:00+09:00,3185.0,3185.0,3185.0,3185.0,1,0.0,0.0
