Datetime,Open,High,Low,Close,Volume,Dividends,Stock Splits
2025-02-17 09:00:00+08:00,66.80000305175781,66.80000305175781,66.5,66.5,0,0.0,0.0
2025-02-17 09:01:00+08:00,66.5999984741211,66.69999694824219,66.5,66.69999694824219,9000,0.0,0.0
2025-02-17 09:03:00+08:00,66.69999694824219,66.80000305175781,66.5999984741211,66.80000305175781,55000,0.0,0.0
2025-02-17 09:04:00+08:00,67.0,67.0,67.0,67.0,1000,0.0,0.0
2025-02-17 09:05:00+08:00,67.0,67.0,67.0,67.0,6000,0.0,0.0
2025-02-17 09:06:00+08:00,67.0,67.0999984741211,67.0,67.0999984741211,10000,0.0,0.0
2025-02-17 09:07:00+08:00,67.0,67.0,66.69999694824219,66.80000305175781,34000,0.0,0.0
2025-02-17 09:08:00+08:00,66.69999694824219,66.69999694824219,66.5,66.5,35000,0.0,0.0
2025-02-17 09:09:00+08:00,66.5,66.5999984741211,66.4000015258789,66.5999984741211,7474,0.0,0.0
2025-02-17 09:10:00+08:00,66.69999694824219,66.69999694824219,66.69999694824219,66.69999694824219,1050,0.0,0.0
2025-02-17 09:14:00+08:00,66.69999694824219,66.69999694824219,66.69999694824219,66.69999694824219,2000,0.0,0.0
2025-02-17 09:15:00+08:00,66.69999694824219,66.69999694824219,66.69999694824219,66.69999694824219,1005,0.0,0.0
2025-02-17 09:16:00+08:00,66.69999694824219,66.69999694824219,66.69999694824219,66.69999694824219,1000,0.0,0.0
2025-02-17 09:17:00+08:00,66.69999694824219,66.69999694824219,66.5999984741211,66.5999984741211,8096,0.0,0.0
2025-02-17 09:18:00+08:00,66.5999984741211,66.5999984741211,66.5,66.5,18060,0.0,0.0
2025-02-17 09:19:00+08:00,66.5,66.5,66.4000015258789,66.4000015258789,9523,0.0,0.0
2025-02-17 09:20:00+08:00,66.4000015258789,66.5,66.4000015258789,66.5,12000,0.0,0.0
2025-02-17 09:21:00+08:00,66.5,66.5,66.5,66.5,11120,0.0,0.0
2025-02-17 09:22:00+08:00,66.5,66.5,66.4000015258789,66.4000015258789,4050,0.0,0.0
2025-02-17 09:24:00+08:00,66.5,66.5,66.5,66.5,5000,0.0,0.0
2025-02-17 09:25:00+08:00,66.5,66.5,66.4000015258789,66.5,7097,0.0,0.0
2025-02-17 09:26:00+08:00,66.5,66.5,66.5,66.5,7020,0.0,0.0
2025-02-17 09:27:00+08:00,66.5,66.5,66.5,66.5,5000,0.0,0.0
2025-02-17 09:28:00+08:00,66.4000015258789,66.5,66.4000015258789,66.4000015258789,26500,0.0,0.0
2025-02-17 09:29:00+08:00,66.4000015258789,66.4000015258789,66.4000015258789,66.4000015258789,6001,0.0,0.0
2025-02-17 09:30:00+08:00,66.4000015258789,66.4000015258789,66.19999694824219,66.30000305175781,31050,0.0,0.0
2025-02-17 09:31:00+08:00,66.19999694824219,66.19999694824219,66.0,66.0999984741211,32933,0.0,0.0
2025-02-17 09:32:00+08:00,66.0,66.0999984741211,66.0,66.0,21000,0.0,0.0
2025-02-17 09:33:00+08:00,66.0,66.0,65.9000015258789,65.9000015258789,22287,0.0,0.0
2025-02-17 09:34:00+08:00,65.9000015258789,66.0,65.9000015258789,66.0,2001,0.0,0.0
2025-02-17 09:35:00+08:00,66.0,66.19999694824219,66.0,66.0999984741211,8020,0.0,0.0
2025-02-17 09:36:00+08:00,66.0,66.0999984741211,65.9000015258789,65.9000015258789,22250,0.0,0.0
2025-02-17 09:37:00+08:00,65.9000015258789,65.9000015258789,65.80000305175781,65.80000305175781,4030,0.0,0.0
2025-02-17 09:38:00+08:00,65.9000015258789,65.9000015258789,65.9000015258789,65.9000015258789,3440,0.0,0.0
2025-02-17 09:39:00+08:00,66.0,66.0,66.0,66.0,14000,0.0,0.0
2025-02-17 09:41:00+08:00,66.0999984741211,66.0999984741211,66.0999984741211,66.0999984741211,2000,0.0,0.0
2025-02-17 09:42:00+08:00,66.0999984741211,66.19999694824219,66.0999984741211,66.19999694824219,3025,0.0,0.0
2025-02-17 09:43:00+08:00,66.0999984741211,66.0999984741211,66.0999984741211,66.0999984741211,2000,0.0,0.0
2025-02-17 09:44:00+08:00,66.0999984741211,66.0999984741211,66.0999984741211,66.0999984741211,2010,0.0,0.0
2025-02-17 09:45:00+08:00,66.19999694824219,66.19999694824219,66.19999694824219,66.19999694824219,2005,0.0,0.0
2025-02-17 09:46:00+08:00,66.19999694824219,66.19999694824219,66.19999694824219,66.19999694824219,1000,0.0,0.0
2025-02-17 09:47:00+08:00,66.19999694824219,66.19999694824219,66.0999984741211,66.0999984741211,10000,0.0,0.0
2025-02-17 09:48:00+08:00,66.0999984741211,66.19999694824219,66.0999984741211,66.19999694824219,8000,0.0,0.0
2025-02-17 09:49:00+08:00,66.19999694824219,66.19999694824219,66.19999694824219,66.19999694824219,1560,0.0,0.0
2025-02-17 09:52:00+08:00,66.30000305175781,66.30000305175781,66.30000305175781,66.30000305175781,2000,0.0,0.0
2025-02-17 09:53:00+08:00,66.19999694824219,66.19999694824219,65.80000305175781,65.80000305175781,85795,0.0,0.0
2025-02-17 09:54:00+08:00,65.80000305175781,66.0,65.5999984741211,65.5999984741211,40432,0.0,0.0
2025-02-17 09:55:00+08:00,65.69999694824219,65.69999694824219,65.5999984741211,65.5999984741211,11606,0.0,0.0
2025-02-17 09:56:00+08:00,65.69999694824219,65.69999694824219,65.5999984741211,65.69999694824219,9110,0.0,0.0
2025-02-17 09:57:00+08:00,65.5999984741211,65.80000305175781,65.5999984741211,65.5999984741211,10050,0.0,0.0
2025-02-17 09:58:00+08:00,65.69999694824219,65.69999694824219,65.5999984741211,65.5999984741211,20000,0.0,0.0
2025-02-17 09:59:00+08:00,65.69999694824219,65.69999694824219,65.69999694824219,65.69999694824219,1000,0.0,0.0
2025-02-17 10:00:00+08:00,65.69999694824219,65.69999694824219,65.5999984741211,65.5999984741211,5063,0.0,0.0
2025-02-17 10:01:00+08:00,65.69999694824219,65.69999694824219,65.5999984741211,65.5999984741211,6127,0.0,0.0
2025-02-17 10:02:00+08:00,65.69999694824219,65.69999694824219,65.69999694824219,65.69999694824219,1000,0.0,0.0
2025-02-17 10:03:00+08:00,65.80000305175781,65.80000305175781,65.80000305175781,65.80000305175781,3012,0.0,0.0
2025-02-17 10:04:00+08:00,65.69999694824219,65.69999694824219,65.5999984741211,65.5999984741211,9191,0.0,0.0
2025-02-17 10:05:00+08:00,65.69999694824219,65.69999694824219,65.69999694824219,65.69999694824219,5000,0.0,0.0
2025-02-17 10:06:00+08:00,65.69999694824219,65.69999694824219,65.69999694824219,65.69999694824219,4050,0.0,0.0
2025-02-17 10:07:00+08:00,65.69999694824219,65.69999694824219,65.69999694824219,65.69999694824219,2000,0.0,0.0
2025-02-17 10:08:00+08:00,65.80000305175781,65.80000305175781,65.80000305175781,65.80000305175781,2000,0.0,0.0
2025-02-17 10:09:00+08:00,65.80000305175781,65.80000305175781,65.80000305175781,65.80000305175781,1000,0.0,0.0
2025-02-17 10:10:00+08:00,65.69999694824219,65.69999694824219,65.69999694824219,65.69999694824219,2000,0.0,0.0
2025-02-17 10:11:00+08:00,65.69999694824219,65.69999694824219,65.5999984741211,65.5999984741211,29000,0.0,0.0
2025-02-17 10:12:00+08:00,65.5999984741211,65.5999984741211,65.5,65.5999984741211,16004,0.0,0.0
2025-02-17 10:13:00+08:00,65.5,65.5999984741211,65.5,65.5999984741211,10000,0.0,0.0
2025-02-17 10:14:00+08:00,65.5999984741211,65.5999984741211,65.5,65.5,16760,0.0,0.0
2025-02-17 10:15:00+08:00,65.5999984741211,65.5999984741211,65.5999984741211,65.5999984741211,3300,0.0,0.0
2025-02-17 10:16:00+08:00,65.69999694824219,65.69999694824219,65.5999984741211,65.5999984741211,4000,0.0,0.0
2025-02-17 10:17:00+08:00,65.5999984741211,65.5999984741211,65.5999984741211,65.5999984741211,9060,0.0,0.0
2025-02-17 10:18:00+08:00,65.5999984741211,65.5999984741211,65.5999984741211,65.5999984741211,1000,0.0,0.0
2025-02-17 10:19:00+08:00,65.5999984741211,65.5999984741211,65.5999984741211,65.5999984741211,8000,0.0,0.0
2025-02-17 10:20:00+08:00,65.5999984741211,65.5999984741211,65.5999984741211,65.5999984741211,6290,0.0,0.0
2025-02-17 10:21:00+08:00,65.5999984741211,65.5999984741211,65.5,65.5999984741211,16300,0.0,0.0
2025-02-17 10:22:00+08:00,65.5,65.5999984741211,65.5,65.5,11000,0.0,0.0
2025-02-17 10:23:00+08:00,65.5,65.5999984741211,65.5,65.5999984741211,7020,0.0,0.0
2025-02-17 10:25:00+08:00,65.5999984741211,65.5999984741211,65.5999984741211,65.5999984741211,3000,0.0,0.0
2025-02-17 10:26:00+08:00,65.5999984741211,65.5999984741211,65.5999984741211,65.5999984741211,1200,0.0,0.0
2025-02-17 10:27:00+08:00,65.5999984741211,65.5999984741211,65.5999984741211,65.5999984741211,4001,0.0,0.0
2025-02-17 10:28:00+08:00,65.5,65.5999984741211,65.5,65.5999984741211,20000,0.0,0.0
2025-02-17 10:29:00+08:00,65.5999984741211,65.5999984741211,65.5999984741211,65.5999984741211,1000,0.0,0.0
2025-02-17 10:30:00+08:00,65.5999984741211,65.5999984741211,65.5999984741211,65.5999984741211,5100,0.0,0.0
2025-02-17 10:31:00+08:00,65.5,65.5,65.5,65.5,10000,0.0,0.0
2025-02-17 10:32:00+08:00,65.5,65.5,65.5,65.5,2000,0.0,0.0
2025-02-17 10:33:00+08:00,65.5999984741211,65.5999984741211,65.5,65.5,2148,0.0,0.0
2025-02-17 10:34:00+08:00,65.5,65.5,65.5,65.5,4000,0.0,0.0
2025-02-17 10:35:00+08:00,65.5999984741211,65.5999984741211,65.5999984741211,65.5999984741211,4064,0.0,0.0
2025-02-17 10:36:00+08:00,65.5999984741211,65.5999984741211,65.5999984741211,65.5999984741211,1293,0.0,0.0
2025-02-17 10:37:00+08:00,65.5999984741211,65.5999984741211,65.5999984741211,65.5999984741211,1000,0.0,0.0
2025-02-17 10:39:00+08:00,65.5999984741211,65.5999984741211,65.5999984741211,65.5999984741211,5000,0.0,0.0
2025-02-17 10:40:00+08:00,65.5999984741211,65.5999984741211,65.5999984741211,65.5999984741211,1000,0.0,0.0
2025-02-17 10:41:00+08:00,65.5,65.5999984741211,65.5,65.5999984741211,7000,0.0,0.0
2025-02-17 10:42:00+08:00,65.5999984741211,65.5999984741211,65.5999984741211,65.5999984741211,5000,0.0,0.0
2025-02-17 10:43:00+08:00,65.5,65.5,65.5,65.5,2165,0.0,0.0
2025-02-17 10:46:00+08:00,65.5999984741211,65.5999984741211,65.5,65.5999984741211,3000,0.0,0.0
2025-02-17 10:47:00+08:00,65.5,65.5,65.5,65.5,2020,0.0,0.0
2025-02-17 10:48:00+08:00,65.5,65.5999984741211,65.5,65.5999984741211,2150,0.0,0.0
2025-02-17 10:51:00+08:00,65.5999984741211,65.5999984741211,65.5999984741211,65.5999984741211,7040,0.0,0.0
2025-02-17 10:52:00+08:00,65.5999984741211,65.5999984741211,65.5999984741211,65.5999984741211,3020,0.0,0.0
2025-02-17 10:53:00+08:00,65.5999984741211,65.5999984741211,65.5999984741211,65.5999984741211,1131,0.0,0.0
2025-02-17 10:54:00+08:00,65.5999984741211,65.5999984741211,65.5999984741211,65.5999984741211,3100,0.0,0.0
2025-02-17 10:55:00+08:00,65.5999984741211,65.5999984741211,65.5999984741211,65.5999984741211,2016,0.0,0.0
2025-02-17 10:56:00+08:00,65.5999984741211,65.5999984741211,65.5999984741211,65.5999984741211,2200,0.0,0.0
2025-02-17 10:57:00+08:00,65.5999984741211,65.5999984741211,65.5999984741211,65.5999984741211,2000,0.0,0.0
2025-02-17 10:58:00+08:00,65.5999984741211,65.5999984741211,65.5999984741211,65.5999984741211,1000,0.0,0.0
2025-02-17 10:59:00+08:00,65.5999984741211,65.5999984741211,65.5999984741211,65.5999984741211,13032,0.0,0.0
2025-02-17 11:00:00+08:00,65.5999984741211,65.5999984741211,65.5999984741211,65.5999984741211,1000,0.0,0.0
2025-02-17 11:01:00+08:00,65.5999984741211,65.5999984741211,65.5999984741211,65.5999984741211,2000,0.0,0.0
2025-02-17 11:03:00+08:00,65.5999984741211,65.5999984741211,65.5999984741211,65.5999984741211,20000,0.0,0.0
2025-02-17 11:04:00+08:00,65.69999694824219,65.69999694824219,65.69999694824219,65.69999694824219,1125,0.0,0.0
2025-02-17 11:06:00+08:00,65.69999694824219,65.69999694824219,65.69999694824219,65.69999694824219,2101,0.0,0.0
2025-02-17 11:07:00+08:00,65.69999694824219,65.69999694824219,65.69999694824219,65.69999694824219,11000,0.0,0.0
2025-02-17 11:08:00+08:00,65.69999694824219,65.80000305175781,65.69999694824219,65.80000305175781,3042,0.0,0.0
2025-02-17 11:10:00+08:00,65.80000305175781,65.80000305175781,65.80000305175781,65.80000305175781,1010,0.0,0.0
2025-02-17 11:12:00+08:00,65.80000305175781,65.80000305175781,65.80000305175781,65.80000305175781,3061,0.0,0.0
2025-02-17 11:15:00+08:00,65.80000305175781,65.80000305175781,65.80000305175781,65.80000305175781,5000,0.0,0.0
2025-02-17 11:16:00+08:00,65.80000305175781,65.80000305175781,65.80000305175781,65.80000305175781,4000,0.0,0.0
2025-02-17 11:17:00+08:00,65.80000305175781,65.80000305175781,65.80000305175781,65.80000305175781,2092,0.0,0.0
2025-02-17 11:19:00+08:00,65.80000305175781,65.80000305175781,65.80000305175781,65.80000305175781,9438,0.0,0.0
2025-02-17 11:26:00+08:00,65.80000305175781,65.80000305175781,65.80000305175781,65.80000305175781,1000,0.0,0.0
2025-02-17 11:30:00+08:00,65.80000305175781,65.80000305175781,65.80000305175781,65.80000305175781,1100,0.0,0.0
2025-02-17 11:31:00+08:00,65.9000015258789,66.0,65.9000015258789,66.0,22051,0.0,0.0
2025-02-17 11:32:00+08:00,65.9000015258789,65.9000015258789,65.9000015258789,65.9000015258789,3140,0.0,0.0
2025-02-17 11:33:00+08:00,66.0,66.0,66.0,66.0,1053,0.0,0.0
2025-02-17 11:35:00+08:00,66.0,66.0,66.0,66.0,1157,0.0,0.0
2025-02-17 11:36:00+08:00,66.0,66.0,66.0,66.0,2000,0.0,0.0
2025-02-17 11:37:00+08:00,66.0,66.0,66.0,66.0,3006,0.0,0.0
2025-02-17 11:40:00+08:00,66.0,66.19999694824219,66.0,66.19999694824219,27542,0.0,0.0
2025-02-17 11:41:00+08:00,66.19999694824219,66.19999694824219,66.19999694824219,66.19999694824219,3000,0.0,0.0
2025-02-17 11:42:00+08:00,66.19999694824219,66.30000305175781,66.19999694824219,66.19999694824219,5000,0.0,0.0
2025-02-17 11:43:00+08:00,66.19999694824219,66.19999694824219,66.19999694824219,66.19999694824219,1000,0.0,0.0
2025-02-17 11:45:00+08:00,66.30000305175781,66.30000305175781,66.30000305175781,66.30000305175781,2000,0.0,0.0
2025-02-17 11:46:00+08:00,66.30000305175781,66.30000305175781,66.30000305175781,66.30000305175781,2000,0.0,0.0
2025-02-17 11:49:00+08:00,66.19999694824219,66.19999694824219,66.19999694824219,66.19999694824219,1201,0.0,0.0
2025-02-17 11:50:00+08:00,66.19999694824219,66.19999694824219,66.19999694824219,66.19999694824219,1200,0.0,0.0
2025-02-17 11:54:00+08:00,66.19999694824219,66.19999694824219,66.19999694824219,66.19999694824219,1000,0.0,0.0
2025-02-17 11:55:00+08:00,66.0999984741211,66.0999984741211,66.0999984741211,66.0999984741211,3060,0.0,0.0
2025-02-17 11:59:00+08:00,66.0999984741211,66.0999984741211,66.0999984741211,66.0999984741211,1000,0.0,0.0
2025-02-17 12:00:00+08:00,66.0,66.0,66.0,66.0,3000,0.0,0.0
2025-02-17 12:01:00+08:00,66.0,66.0,66.0,66.0,2050,0.0,0.0
2025-02-17 12:03:00+08:00,66.0999984741211,66.0999984741211,66.0999984741211,66.0999984741211,1000,0.0,0.0
2025-02-17 12:04:00+08:00,66.0,66.0,66.0,66.0,5225,0.0,0.0
2025-02-17 12:13:00+08:00,66.0999984741211,66.0999984741211,66.0999984741211,66.0999984741211,1000,0.0,0.0
2025-02-17 12:14:00+08:00,66.0999984741211,66.0999984741211,66.0999984741211,66.0999984741211,1000,0.0,0.0
2025-02-17 12:15:00+08:00,66.0999984741211,66.0999984741211,66.0999984741211,66.0999984741211,1001,0.0,0.0
2025-02-17 12:17:00+08:00,66.0999984741211,66.19999694824219,66.0999984741211,66.19999694824219,20100,0.0,0.0
2025-02-17 12:18:00+08:00,66.30000305175781,66.30000305175781,66.30000305175781,66.30000305175781,8000,0.0,0.0
2025-02-17 12:19:00+08:00,66.30000305175781,66.30000305175781,66.30000305175781,66.30000305175781,1000,0.0,0.0
2025-02-17 12:20:00+08:00,66.4000015258789,66.4000015258789,66.4000015258789,66.4000015258789,2000,0.0,0.0
2025-02-17 12:21:00+08:00,66.4000015258789,66.5,66.4000015258789,66.5,7037,0.0,0.0
2025-02-17 12:22:00+08:00,66.5,66.5,66.5,66.5,2000,0.0,0.0
2025-02-17 12:23:00+08:00,66.5,66.5,66.5,66.5,1054,0.0,0.0
2025-02-17 12:26:00+08:00,66.5,66.5,66.5,66.5,1045,0.0,0.0
2025-02-17 12:27:00+08:00,66.4000015258789,66.4000015258789,66.4000015258789,66.4000015258789,6000,0.0,0.0
2025-02-17 12:28:00+08:00,66.4000015258789,66.4000015258789,66.4000015258789,66.4000015258789,4067,0.0,0.0
2025-02-17 12:29:00+08:00,66.30000305175781,66.30000305175781,66.30000305175781,66.30000305175781,12052,0.0,0.0
2025-02-17 12:33:00+08:00,66.19999694824219,66.30000305175781,66.19999694824219,66.30000305175781,4000,0.0,0.0
2025-02-17 12:34:00+08:00,66.30000305175781,66.30000305175781,66.30000305175781,66.30000305175781,2000,0.0,0.0
2025-02-17 12:35:00+08:00,66.30000305175781,66.30000305175781,66.30000305175781,66.30000305175781,7000,0.0,0.0
2025-02-17 12:36:00+08:00,66.30000305175781,66.30000305175781,66.30000305175781,66.30000305175781,1000,0.0,0.0
2025-02-17 12:38:00+08:00,66.4000015258789,66.4000015258789,66.4000015258789,66.4000015258789,2000,0.0,0.0
2025-02-17 12:39:00+08:00,66.4000015258789,66.4000015258789,66.4000015258789,66.4000015258789,1000,0.0,0.0
2025-02-17 12:40:00+08:00,66.4000015258789,66.4000015258789,66.4000015258789,66.4000015258789,1160,0.0,0.0
2025-02-17 12:41:00+08:00,66.19999694824219,66.19999694824219,66.19999694824219,66.19999694824219,2100,0.0,0.0
2025-02-17 12:42:00+08:00,66.30000305175781,66.4000015258789,66.30000305175781,66.4000015258789,2100,0.0,0.0
2025-02-17 12:44:00+08:00,66.4000015258789,66.4000015258789,66.4000015258789,66.4000015258789,6000,0.0,0.0
2025-02-17 12:46:00+08:00,66.4000015258789,66.4000015258789,66.4000015258789,66.4000015258789,2101,0.0,0.0
2025-02-17 12:48:00+08:00,66.5,66.5,66.5,66.5,1039,0.0,0.0
2025-02-17 12:50:00+08:00,66.5,66.5,66.5,66.5,2000,0.0,0.0
2025-02-17 12:54:00+08:00,66.4000015258789,66.4000015258789,66.4000015258789,66.4000015258789,11153,0.0,0.0
2025-02-17 12:55:00+08:00,66.30000305175781,66.30000305175781,66.30000305175781,66.30000305175781,2016,0.0,0.0
2025-02-17 12:57:00+08:00,66.30000305175781,66.30000305175781,66.30000305175781,66.30000305175781,12000,0.0,0.0
2025-02-17 12:58:00+08:00,66.30000305175781,66.4000015258789,66.30000305175781,66.30000305175781,3000,0.0,0.0
2025-02-17 12:59:00+08:00,66.30000305175781,66.30000305175781,66.30000305175781,66.30000305175781,1000,0.0,0.0
2025-02-17 13:00:00+08:00,66.4000015258789,66.4000015258789,66.4000015258789,66.4000015258789,2553,0.0,0.0
2025-02-17 13:01:00+08:00,66.4000015258789,66.4000015258789,66.4000015258789,66.4000015258789,1000,0.0,0.0
2025-02-17 13:02:00+08:00,66.4000015258789,66.4000015258789,66.30000305175781,66.30000305175781,2000,0.0,0.0
2025-02-17 13:03:00+08:00,66.30000305175781,66.30000305175781,66.30000305175781,66.30000305175781,1000,0.0,0.0
2025-02-17 13:04:00+08:00,66.30000305175781,66.30000305175781,66.30000305175781,66.30000305175781,1100,0.0,0.0
2025-02-17 13:05:00+08:00,66.30000305175781,66.30000305175781,66.30000305175781,66.30000305175781,2001,0.0,0.0
2025-02-17 13:06:00+08:00,66.30000305175781,66.30000305175781,66.30000305175781,66.30000305175781,8000,0.0,0.0
2025-02-17 13:07:00+08:00,66.30000305175781,66.30000305175781,66.30000305175781,66.30000305175781,8000,0.0,0.0
2025-02-17 13:08:00+08:00,66.4000015258789,66.4000015258789,66.30000305175781,66.30000305175781,11001,0.0,0.0
2025-02-17 13:09:00+08:00,66.30000305175781,66.30000305175781,66.30000305175781,66.30000305175781,7000,0.0,0.0
2025-02-17 13:10:00+08:00,66.4000015258789,66.4000015258789,66.4000015258789,66.4000015258789,1000,0.0,0.0
2025-02-17 13:12:00+08:00,66.30000305175781,66.4000015258789,66.30000305175781,66.4000015258789,16001,0.0,0.0
2025-02-17 13:13:00+08:00,66.4000015258789,66.4000015258789,66.4000015258789,66.4000015258789,1259,0.0,0.0
2025-02-17 13:15:00+08:00,66.4000015258789,66.4000015258789,66.4000015258789,66.4000015258789,1002,0.0,0.0
2025-02-17 13:16:00+08:00,66.5,66.5,66.5,66.5,2050,0.0,0.0
2025-02-17 13:18:00+08:00,66.5,66.5,66.4000015258789,66.4000015258789,2259,0.0,0.0
2025-02-17 13:19:00+08:00,66.4000015258789,66.4000015258789,66.4000015258789,66.4000015258789,1000,0.0,0.0
2025-02-17 13:20:00+08:00,66.5,66.5,66.5,66.5,1000,0.0,0.0
2025-02-17 13:21:00+08:00,66.5,66.5,66.4000015258789,66.5,10000,0.0,0.0
2025-02-17 13:22:00+08:00,66.4000015258789,66.4000015258789,66.4000015258789,66.4000015258789,12000,0.0,0.0
2025-02-17 13:23:00+08:00,66.4000015258789,66.4000015258789,66.4000015258789,66.4000015258789,1000,0.0,0.0
2025-02-17 13:24:00+08:00,66.4000015258789,66.4000015258789,66.30000305175781,66.4000015258789,6034,0.0,0.0
2025-02-18 09:00:00+08:00,66.80000305175781,66.80000305175781,66.80000305175781,66.80000305175781,0,0.0,0.0
2025-02-18 09:01:00+08:00,66.80000305175781,66.80000305175781,66.80000305175781,66.80000305175781,12000,0.0,0.0
2025-02-18 09:02:00+08:00,66.80000305175781,66.80000305175781,66.80000305175781,66.80000305175781,2000,0.0,0.0
2025-02-18 09:04:00+08:00,66.69999694824219,66.69999694824219,66.69999694824219,66.69999694824219,4000,0.0,0.0
2025-02-18 09:05:00+08:00,66.69999694824219,66.69999694824219,66.69999694824219,66.69999694824219,1000,0.0,0.0
2025-02-18 09:06:00+08:00,66.69999694824219,66.69999694824219,66.69999694824219,66.69999694824219,10000,0.0,0.0
2025-02-18 09:07:00+08:00,66.69999694824219,66.69999694824219,66.69999694824219,66.69999694824219,1000,0.0,0.0
2025-02-18 09:08:00+08:00,66.80000305175781,66.80000305175781,66.80000305175781,66.80000305175781,5203,0.0,0.0
2025-02-18 09:11:00+08:00,66.80000305175781,66.80000305175781,66.80000305175781,66.80000305175781,2035,0.0,0.0
2025-02-18 09:13:00+08:00,66.80000305175781,66.80000305175781,66.80000305175781,66.80000305175781,1227,0.0,0.0
2025-02-18 09:14:00+08:00,66.80000305175781,66.80000305175781,66.80000305175781,66.80000305175781,1000,0.0,0.0
2025-02-18 09:15:00+08:00,66.69999694824219,66.69999694824219,66.69999694824219,66.69999694824219,3000,0.0,0.0
2025-02-18 09:16:00+08:00,66.80000305175781,66.80000305175781,66.80000305175781,66.80000305175781,4000,0.0,0.0
2025-02-18 09:17:00+08:00,66.69999694824219,66.69999694824219,66.69999694824219,66.69999694824219,3123,0.0,0.0
2025-02-18 09:18:00+08:00,66.80000305175781,66.80000305175781,66.80000305175781,66.80000305175781,1295,0.0,0.0
2025-02-18 09:20:00+08:00,66.80000305175781,66.80000305175781,66.80000305175781,66.80000305175781,5046,0.0,0.0
2025-02-18 09:24:00+08:00,66.80000305175781,66.80000305175781,66.69999694824219,66.69999694824219,2000,0.0,0.0
2025-02-18 09:26:00+08:00,66.80000305175781,66.80000305175781,66.80000305175781,66.80000305175781,1162,0.0,0.0
2025-02-18 09:30:00+08:00,66.80000305175781,66.80000305175781,66.80000305175781,66.80000305175781,1000,0.0,0.0
2025-02-18 09:31:00+08:00,66.9000015258789,67.0,66.9000015258789,67.0,21250,0.0,0.0
2025-02-18 09:33:00+08:00,67.0,67.0,67.0,67.0,1500,0.0,0.0
2025-02-18 09:35:00+08:00,67.0,67.0,66.80000305175781,66.80000305175781,4000,0.0,0.0
2025-02-18 09:37:00+08:00,66.9000015258789,66.9000015258789,66.9000015258789,66.9000015258789,1000,0.0,0.0
2025-02-18 09:38:00+08:00,66.9000015258789,66.9000015258789,66.9000015258789,66.9000015258789,1001,0.0,0.0
2025-02-18 09:39:00+08:00,66.9000015258789,66.9000015258789,66.9000015258789,66.9000015258789,2100,0.0,0.0
2025-02-18 09:41:00+08:00,66.9000015258789,66.9000015258789,66.9000015258789,66.9000015258789,2020,0.0,0.0
2025-02-18 09:43:00+08:00,66.9000015258789,66.9000015258789,66.9000015258789,66.9000015258789,1109,0.0,0.0
2025-02-18 09:44:00+08:00,67.0,67.0,67.0,67.0,1180,0.0,0.0
2025-02-18 09:45:00+08:00,67.0,67.0,67.0,67.0,2000,0.0,0.0
2025-02-18 09:46:00+08:00,67.0,67.0,67.0,67.0,1005,0.0,0.0
2025-02-18 09:48:00+08:00,66.9000015258789,66.9000015258789,66.9000015258789,66.9000015258789,2000,0.0,0.0
2025-02-18 09:53:00+08:00,66.80000305175781,66.80000305175781,66.80000305175781,66.80000305175781,4000,0.0,0.0
2025-02-18 09:55:00+08:00,66.69999694824219,66.69999694824219,66.69999694824219,66.69999694824219,3028,0.0,0.0
2025-02-18 09:59:00+08:00,66.5999984741211,66.69999694824219,66.5999984741211,66.69999694824219,3022,0.0,0.0
2025-02-18 10:05:00+08:00,66.5999984741211,66.5999984741211,66.5999984741211,66.5999984741211,2000,0.0,0.0
2025-02-18 10:06:00+08:00,66.5999984741211,66.5999984741211,66.5999984741211,66.5999984741211,3050,0.0,0.0
2025-02-18 10:16:00+08:00,66.80000305175781,66.80000305175781,66.80000305175781,66.80000305175781,2000,0.0,0.0
2025-02-18 10:17:00+08:00,66.80000305175781,66.80000305175781,66.80000305175781,66.80000305175781,2069,0.0,0.0
2025-02-18 10:22:00+08:00,66.69999694824219,66.69999694824219,66.69999694824219,66.69999694824219,2000,0.0,0.0
2025-02-18 10:23:00+08:00,66.69999694824219,66.69999694824219,66.69999694824219,66.69999694824219,1090,0.0,0.0
2025-02-18 10:31:00+08:00,66.5999984741211,66.5999984741211,66.5999984741211,66.5999984741211,5001,0.0,0.0
2025-02-18 10:38:00+08:00,66.69999694824219,66.69999694824219,66.5999984741211,66.5999984741211,2063,0.0,0.0
2025-02-18 10:44:00+08:00,66.5999984741211,66.5999984741211,66.5999984741211,66.5999984741211,1000,0.0,0.0
2025-02-18 10:50:00+08:00,66.69999694824219,66.69999694824219,66.69999694824219,66.69999694824219,1001,0.0,0.0
2025-02-18 10:53:00+08:00,66.80000305175781,66.80000305175781,66.80000305175781,66.80000305175781,3000,0.0,0.0
2025-02-18 10:57:00+08:00,66.80000305175781,66.80000305175781,66.80000305175781,66.80000305175781,3163,0.0,0.0
2025-02-18 11:07:00+08:00,66.69999694824219,66.69999694824219,66.69999694824219,66.69999694824219,1097,0.0,0.0
2025-02-18 11:14:00+08:00,66.69999694824219,66.69999694824219,66.69999694824219,66.69999694824219,3003,0.0,0.0
2025-02-18 11:22:00+08:00,66.69999694824219,66.69999694824219,66.69999694824219,66.69999694824219,2023,0.0,0.0
2025-02-18 11:25:00+08:00,66.69999694824219,66.69999694824219,66.69999694824219,66.69999694824219,3100,0.0,0.0
2025-02-18 11:26:00+08:00,66.69999694824219,66.69999694824219,66.5999984741211,66.5999984741211,12011,0.0,0.0
2025-02-18 11:27:00+08:00,66.5999984741211,66.5999984741211,66.5999984741211,66.5999984741211,1000,0.0,0.0
2025-02-18 11:28:00+08:00,66.69999694824219,66.69999694824219,66.69999694824219,66.69999694824219,1102,0.0,0.0
2025-02-18 11:30:00+08:00,66.69999694824219,66.69999694824219,66.69999694824219,66.69999694824219,1020,0.0,0.0
2025-02-18 11:31:00+08:00,66.69999694824219,66.69999694824219,66.69999694824219,66.69999694824219,2000,0.0,0.0
2025-02-18 11:32:00+08:00,66.80000305175781,66.9000015258789,66.80000305175781,66.9000015258789,6020,0.0,0.0
2025-02-18 11:34:00+08:00,66.80000305175781,66.80000305175781,66.80000305175781,66.80000305175781,1010,0.0,0.0
2025-02-18 11:39:00+08:00,66.9000015258789,66.9000015258789,66.9000015258789,66.9000015258789,1015,0.0,0.0
2025-02-18 11:40:00+08:00,66.80000305175781,66.80000305175781,66.80000305175781,66.80000305175781,2006,0.0,0.0
2025-02-18 11:42:00+08:00,66.9000015258789,66.9000015258789,66.9000015258789,66.9000015258789,1001,0.0,0.0
2025-02-18 11:45:00+08:00,66.80000305175781,66.80000305175781,66.80000305175781,66.80000305175781,4020,0.0,0.0
2025-02-18 11:49:00+08:00,66.9000015258789,66.9000015258789,66.9000015258789,66.9000015258789,1000,0.0,0.0
2025-02-18 11:50:00+08:00,66.80000305175781,66.80000305175781,66.80000305175781,66.80000305175781,3030,0.0,0.0
2025-02-18 12:01:00+08:00,66.80000305175781,66.80000305175781,66.80000305175781,66.80000305175781,2021,0.0,0.0
2025-02-18 12:06:00+08:00,66.80000305175781,66.80000305175781,66.80000305175781,66.80000305175781,1390,0.0,0.0
2025-02-18 12:11:00+08:00,66.80000305175781,66.80000305175781,66.69999694824219,66.69999694824219,4000,0.0,0.0
2025-02-18 12:13:00+08:00,66.5999984741211,66.5999984741211,66.5999984741211,66.5999984741211,1090,0.0,0.0
2025-02-18 12:19:00+08:00,66.5999984741211,66.5999984741211,66.5999984741211,66.5999984741211,1001,0.0,0.0
2025-02-18 12:20:00+08:00,66.5999984741211,66.5999984741211,66.5999984741211,66.5999984741211,1000,0.0,0.0
2025-02-18 12:23:00+08:00,66.69999694824219,66.69999694824219,66.69999694824219,66.69999694824219,1000,0.0,0.0
2025-02-18 12:25:00+08:00,66.69999694824219,66.69999694824219,66.69999694824219,66.69999694824219,4000,0.0,0.0
2025-02-18 12:26:00+08:00,66.69999694824219,66.69999694824219,66.69999694824219,66.69999694824219,1001,0.0,0.0
2025-02-18 12:28:00+08:00,66.69999694824219,66.69999694824219,66.69999694824219,66.69999694824219,4000,0.0,0.0
2025-02-18 12:30:00+08:00,66.69999694824219,66.69999694824219,66.5999984741211,66.5999984741211,2015,0.0,0.0
2025-02-18 12:36:00+08:00,66.5999984741211,66.5999984741211,66.5999984741211,66.5999984741211,2005,0.0,0.0
2025-02-18 12:37:00+08:00,66.5999984741211,66.69999694824219,66.5999984741211,66.69999694824219,5000,0.0,0.0
2025-02-18 12:41:00+08:00,66.69999694824219,66.69999694824219,66.69999694824219,66.69999694824219,1000,0.0,0.0
2025-02-18 12:42:00+08:00,66.69999694824219,66.69999694824219,66.69999694824219,66.69999694824219,1130,0.0,0.0
2025-02-18 12:45:00+08:00,66.5999984741211,66.5999984741211,66.5999984741211,66.5999984741211,5050,0.0,0.0
2025-02-18 12:46:00+08:00,66.5999984741211,66.5999984741211,66.5999984741211,66.5999984741211,1240,0.0,0.0
2025-02-18 12:51:00+08:00,66.5999984741211,66.5999984741211,66.5999984741211,66.5999984741211,3000,0.0,0.0
2025-02-18 12:56:00+08:00,66.69999694824219,66.69999694824219,66.69999694824219,66.69999694824219,1000,0.0,0.0
2025-02-18 12:59:00+08:00,66.69999694824219,66.69999694824219,66.69999694824219,66.69999694824219,1050,0.0,0.0
2025-02-18 13:02:00+08:00,66.69999694824219,66.69999694824219,66.69999694824219,66.69999694824219,1020,0.0,0.0
2025-02-18 13:03:00+08:00,66.69999694824219,66.69999694824219,66.69999694824219,66.69999694824219,4020,0.0,0.0
2025-02-18 13:05:00+08:00,66.69999694824219,66.69999694824219,66.69999694824219,66.69999694824219,1049,0.0,0.0
2025-02-18 13:07:00+08:00,66.69999694824219,66.69999694824219,66.69999694824219,66.69999694824219,3000,0.0,0.0
2025-02-18 13:08:00+08:00,66.69999694824219,66.69999694824219,66.69999694824219,66.69999694824219,1001,0.0,0.0
2025-02-18 13:09:00+08:00,66.69999694824219,66.69999694824219,66.69999694824219,66.69999694824219,1000,0.0,0.0
2025-02-18 13:10:00+08:00,66.69999694824219,66.69999694824219,66.69999694824219,66.69999694824219,3007,0.0,0.0
2025-02-18 13:11:00+08:00,66.69999694824219,66.69999694824219,66.69999694824219,66.69999694824219,2000,0.0,0.0
2025-02-18 13:12:00+08:00,66.69999694824219,66.69999694824219,66.69999694824219,66.69999694824219,1000,0.0,0.0
2025-02-18 13:13:00+08:00,66.69999694824219,66.69999694824219,66.5999984741211,66.5999984741211,20000,0.0,0.0
2025-02-18 13:15:00+08:00,66.5999984741211,66.5999984741211,66.5999984741211,66.5999984741211,2000,0.0,0.0
2025-02-18 13:18:00+08:00,66.69999694824219,66.69999694824219,66.69999694824219,66.69999694824219,10000,0.0,0.0
2025-02-18 13:20:00+08:00,66.69999694824219,66.69999694824219,66.69999694824219,66.69999694824219,5300,0.0,0.0
2025-02-18 13:21:00+08:00,66.69999694824219,66.69999694824219,66.69999694824219,66.69999694824219,1500,0.0,0.0
2025-02-18 13:22:00+08:00,66.69999694824219,66.69999694824219,66.69999694824219,66.69999694824219,2000,0.0,0.0
2025-02-18 13:23:00+08:00,66.69999694824219,66.69999694824219,66.69999694824219,66.69999694824219,1000,0.0,0.0
2025-02-18 13:24:00+08:00,66.69999694824219,66.69999694824219,66.69999694824219,66.69999694824219,3000,0.0,0.0
2025-02-19 09:00:00+08:00,67.80000305175781,68.4000015258789,67.80000305175781,68.30000305175781,0,0.0,0.0
2025-02-19 09:01:00+08:00,68.0999984741211,68.0999984741211,67.9000015258789,67.9000015258789,17000,0.0,0.0
2025-02-19 09:02:00+08:00,68.0,68.5,67.80000305175781,68.5,66000,0.0,0.0
2025-02-19 09:03:00+08:00,68.4000015258789,68.5,68.30000305175781,68.5,44000,0.0,0.0
2025-02-19 09:04:00+08:00,68.5,68.5,68.30000305175781,68.30000305175781,14000,0.0,0.0
2025-02-19 09:05:00+08:00,68.30000305175781,68.30000305175781,68.0,68.0,16000,0.0,0.0
2025-02-19 09:06:00+08:00,68.0,68.0,67.80000305175781,67.9000015258789,13000,0.0,0.0
2025-02-19 09:07:00+08:00,67.80000305175781,67.9000015258789,67.80000305175781,67.9000015258789,18000,0.0,0.0
2025-02-19 09:08:00+08:00,67.9000015258789,68.0,67.9000015258789,67.9000015258789,8000,0.0,0.0
2025-02-19 09:09:00+08:00,67.9000015258789,67.9000015258789,67.9000015258789,67.9000015258789,2568,0.0,0.0
2025-02-19 09:10:00+08:00,67.9000015258789,68.0999984741211,67.80000305175781,68.0,11079,0.0,0.0
2025-02-19 09:11:00+08:00,68.0999984741211,68.19999694824219,68.0,68.19999694824219,11141,0.0,0.0
2025-02-19 09:12:00+08:00,68.0999984741211,68.0999984741211,68.0,68.0,7486,0.0,0.0
2025-02-19 09:13:00+08:00,68.0,68.0,68.0,68.0,2098,0.0,0.0
2025-02-19 09:14:00+08:00,67.9000015258789,67.9000015258789,67.9000015258789,67.9000015258789,1125,0.0,0.0
2025-02-19 09:15:00+08:00,67.9000015258789,67.9000015258789,67.9000015258789,67.9000015258789,5000,0.0,0.0
2025-02-19 09:16:00+08:00,67.80000305175781,67.80000305175781,67.69999694824219,67.69999694824219,7159,0.0,0.0
2025-02-19 09:17:00+08:00,67.69999694824219,67.69999694824219,67.69999694824219,67.69999694824219,1010,0.0,0.0
2025-02-19 09:18:00+08:00,67.69999694824219,67.80000305175781,67.69999694824219,67.80000305175781,2080,0.0,0.0
2025-02-19 09:19:00+08:00,67.80000305175781,67.80000305175781,67.80000305175781,67.80000305175781,1000,0.0,0.0
2025-02-19 09:20:00+08:00,67.80000305175781,67.80000305175781,67.80000305175781,67.80000305175781,1000,0.0,0.0
2025-02-19 09:21:00+08:00,67.9000015258789,67.9000015258789,67.9000015258789,67.9000015258789,5000,0.0,0.0
2025-02-19 09:22:00+08:00,67.9000015258789,67.9000015258789,67.80000305175781,67.9000015258789,10002,0.0,0.0
2025-02-19 09:24:00+08:00,67.9000015258789,67.9000015258789,67.9000015258789,67.9000015258789,5020,0.0,0.0
2025-02-19 09:25:00+08:00,67.80000305175781,67.80000305175781,67.80000305175781,67.80000305175781,1000,0.0,0.0
2025-02-19 09:28:00+08:00,67.80000305175781,67.80000305175781,67.69999694824219,67.69999694824219,3000,0.0,0.0
2025-02-19 09:29:00+08:00,67.5999984741211,67.5999984741211,67.5999984741211,67.5999984741211,5038,0.0,0.0
2025-02-19 09:31:00+08:00,67.5999984741211,67.5999984741211,67.5999984741211,67.5999984741211,2000,0.0,0.0
2025-02-19 09:32:00+08:00,67.5,67.5,67.5,67.5,3000,0.0,0.0
2025-02-19 09:33:00+08:00,67.5999984741211,67.69999694824219,67.5999984741211,67.69999694824219,3015,0.0,0.0
2025-02-19 09:34:00+08:00,67.69999694824219,67.69999694824219,67.69999694824219,67.69999694824219,343833,0.0,0.0
2025-02-19 09:35:00+08:00,67.5999984741211,67.5999984741211,67.5999984741211,67.5999984741211,2000,0.0,0.0
2025-02-19 09:36:00+08:00,67.5999984741211,67.5999984741211,67.5999984741211,67.5999984741211,1003,0.0,0.0
2025-02-19 09:37:00+08:00,67.5999984741211,67.5999984741211,67.5999984741211,67.5999984741211,1000,0.0,0.0
2025-02-19 09:39:00+08:00,67.5999984741211,67.5999984741211,67.5,67.5999984741211,3010,0.0,0.0
2025-02-19 09:40:00+08:00,67.5999984741211,67.5999984741211,67.5999984741211,67.5999984741211,6348,0.0,0.0
2025-02-19 09:42:00+08:00,67.69999694824219,67.69999694824219,67.69999694824219,67.69999694824219,1011,0.0,0.0
2025-02-19 09:44:00+08:00,67.69999694824219,67.69999694824219,67.69999694824219,67.69999694824219,1000,0.0,0.0
2025-02-19 09:45:00+08:00,67.80000305175781,67.80000305175781,67.80000305175781,67.80000305175781,1071,0.0,0.0
2025-02-19 09:46:00+08:00,67.80000305175781,67.80000305175781,67.80000305175781,67.80000305175781,1001,0.0,0.0
2025-02-19 09:47:00+08:00,67.80000305175781,67.80000305175781,67.80000305175781,67.80000305175781,1000,0.0,0.0
2025-02-19 09:48:00+08:00,67.69999694824219,67.69999694824219,67.69999694824219,67.69999694824219,1001,0.0,0.0
2025-02-19 09:52:00+08:00,67.80000305175781,67.80000305175781,67.80000305175781,67.80000305175781,1060,0.0,0.0
2025-02-19 09:54:00+08:00,67.80000305175781,67.80000305175781,67.80000305175781,67.80000305175781,2000,0.0,0.0
2025-02-19 09:55:00+08:00,67.80000305175781,67.80000305175781,67.80000305175781,67.80000305175781,3205,0.0,0.0
2025-02-19 09:58:00+08:00,67.80000305175781,67.80000305175781,67.80000305175781,67.80000305175781,5000,0.0,0.0
2025-02-19 09:59:00+08:00,67.80000305175781,67.80000305175781,67.80000305175781,67.80000305175781,6001,0.0,0.0
2025-02-19 10:00:00+08:00,67.80000305175781,67.80000305175781,67.69999694824219,67.69999694824219,10000,0.0,0.0
2025-02-19 10:01:00+08:00,67.69999694824219,67.69999694824219,67.69999694824219,67.69999694824219,1301,0.0,0.0
2025-02-19 10:02:00+08:00,67.69999694824219,67.69999694824219,67.5999984741211,67.5999984741211,4000,0.0,0.0
2025-02-19 10:03:00+08:00,67.5999984741211,67.5999984741211,67.5999984741211,67.5999984741211,3000,0.0,0.0
2025-02-19 10:04:00+08:00,67.5999984741211,67.5999984741211,67.5999984741211,67.5999984741211,6000,0.0,0.0
2025-02-19 10:05:00+08:00,67.5999984741211,67.5999984741211,67.5999984741211,67.5999984741211,1000,0.0,0.0
2025-02-19 10:07:00+08:00,67.5999984741211,67.69999694824219,67.5999984741211,67.69999694824219,6000,0.0,0.0
2025-02-19 10:09:00+08:00,67.5999984741211,67.5999984741211,67.5999984741211,67.5999984741211,1001,0.0,0.0
2025-02-19 10:11:00+08:00,67.69999694824219,67.69999694824219,67.69999694824219,67.69999694824219,1061,0.0,0.0
2025-02-19 10:15:00+08:00,67.80000305175781,67.80000305175781,67.80000305175781,67.80000305175781,3005,0.0,0.0
2025-02-19 10:17:00+08:00,67.80000305175781,67.80000305175781,67.80000305175781,67.80000305175781,2031,0.0,0.0
2025-02-19 10:19:00+08:00,67.80000305175781,67.80000305175781,67.80000305175781,67.80000305175781,1100,0.0,0.0
2025-02-19 10:22:00+08:00,67.80000305175781,67.80000305175781,67.80000305175781,67.80000305175781,3008,0.0,0.0
2025-02-19 10:23:00+08:00,67.9000015258789,67.9000015258789,67.9000015258789,67.9000015258789,1005,0.0,0.0
2025-02-19 10:24:00+08:00,67.80000305175781,67.80000305175781,67.5999984741211,67.5999984741211,14010,0.0,0.0
2025-02-19 10:25:00+08:00,67.5999984741211,67.5999984741211,67.5999984741211,67.5999984741211,1000,0.0,0.0
2025-02-19 10:31:00+08:00,67.5999984741211,67.5999984741211,67.5999984741211,67.5999984741211,1000,0.0,0.0
2025-02-19 10:32:00+08:00,67.5999984741211,67.5999984741211,67.5999984741211,67.5999984741211,15000,0.0,0.0
2025-02-19 10:33:00+08:00,67.5999984741211,67.5999984741211,67.5999984741211,67.5999984741211,2000,0.0,0.0
2025-02-19 10:34:00+08:00,67.5999984741211,67.5999984741211,67.5999984741211,67.5999984741211,2000,0.0,0.0
2025-02-19 10:35:00+08:00,67.5999984741211,67.5999984741211,67.5999984741211,67.5999984741211,1000,0.0,0.0
2025-02-19 10:36:00+08:00,67.5,67.5,67.5,67.5,5025,0.0,0.0
2025-02-19 10:40:00+08:00,67.5,67.5,67.5,67.5,1000,0.0,0.0
2025-02-19 10:42:00+08:00,67.5,67.5,67.5,67.5,4000,0.0,0.0
2025-02-19 10:45:00+08:00,67.4000015258789,67.4000015258789,67.4000015258789,67.4000015258789,1000,0.0,0.0
2025-02-19 10:47:00+08:00,67.4000015258789,67.4000015258789,67.4000015258789,67.4000015258789,7076,0.0,0.0
2025-02-19 10:48:00+08:00,67.30000305175781,67.30000305175781,67.19999694824219,67.19999694824219,4234,0.0,0.0
2025-02-19 10:50:00+08:00,67.19999694824219,67.19999694824219,67.19999694824219,67.19999694824219,2000,0.0,0.0
2025-02-19 10:51:00+08:00,67.30000305175781,67.30000305175781,67.30000305175781,67.30000305175781,2000,0.0,0.0
2025-02-19 10:52:00+08:00,67.30000305175781,67.30000305175781,67.30000305175781,67.30000305175781,3000,0.0,0.0
2025-02-19 10:55:00+08:00,67.30000305175781,67.4000015258789,67.19999694824219,67.4000015258789,11000,0.0,0.0
2025-02-19 10:56:00+08:00,67.30000305175781,67.30000305175781,67.30000305175781,67.30000305175781,1001,0.0,0.0
2025-02-19 10:57:00+08:00,67.4000015258789,67.4000015258789,67.4000015258789,67.4000015258789,6050,0.0,0.0
2025-02-19 10:58:00+08:00,67.4000015258789,67.4000015258789,67.4000015258789,67.4000015258789,5000,0.0,0.0
2025-02-19 10:59:00+08:00,67.4000015258789,67.4000015258789,67.4000015258789,67.4000015258789,2000,0.0,0.0
2025-02-19 11:04:00+08:00,67.4000015258789,67.4000015258789,67.4000015258789,67.4000015258789,5000,0.0,0.0
2025-02-19 11:05:00+08:00,67.4000015258789,67.4000015258789,67.4000015258789,67.4000015258789,1000,0.0,0.0
2025-02-19 11:07:00+08:00,67.4000015258789,67.4000015258789,67.4000015258789,67.4000015258789,1001,0.0,0.0
2025-02-19 11:09:00+08:00,67.4000015258789,67.4000015258789,67.4000015258789,67.4000015258789,3000,0.0,0.0
2025-02-19 11:11:00+08:00,67.4000015258789,67.4000015258789,67.4000015258789,67.4000015258789,3000,0.0,0.0
2025-02-19 11:13:00+08:00,67.4000015258789,67.4000015258789,67.4000015258789,67.4000015258789,2070,0.0,0.0
2025-02-19 11:16:00+08:00,67.4000015258789,67.4000015258789,67.4000015258789,67.4000015258789,1000,0.0,0.0
2025-02-19 11:17:00+08:00,67.4000015258789,67.4000015258789,67.4000015258789,67.4000015258789,10001,0.0,0.0
2025-02-19 11:20:00+08:00,67.5,67.5,67.5,67.5,1104,0.0,0.0
2025-02-19 11:21:00+08:00,67.4000015258789,67.4000015258789,67.4000015258789,67.4000015258789,1000,0.0,0.0
2025-02-19 11:23:00+08:00,67.4000015258789,67.4000015258789,67.4000015258789,67.4000015258789,1002,0.0,0.0
2025-02-19 11:29:00+08:00,67.30000305175781,67.30000305175781,67.30000305175781,67.30000305175781,3000,0.0,0.0
2025-02-19 11:30:00+08:00,67.30000305175781,67.30000305175781,67.30000305175781,67.30000305175781,6002,0.0,0.0
2025-02-19 11:33:00+08:00,67.30000305175781,67.30000305175781,67.30000305175781,67.30000305175781,5050,0.0,0.0
2025-02-19 11:37:00+08:00,67.30000305175781,67.30000305175781,67.30000305175781,67.30000305175781,5000,0.0,0.0
2025-02-19 11:38:00+08:00,67.19999694824219,67.19999694824219,67.19999694824219,67.19999694824219,5000,0.0,0.0
2025-02-19 11:39:00+08:00,67.19999694824219,67.19999694824219,67.19999694824219,67.19999694824219,1000,0.0,0.0
2025-02-19 11:41:00+08:00,67.30000305175781,67.30000305175781,67.30000305175781,67.30000305175781,6000,0.0,0.0
2025-02-19 11:44:00+08:00,67.30000305175781,67.30000305175781,67.30000305175781,67.30000305175781,5000,0.0,0.0
2025-02-19 11:46:00+08:00,67.30000305175781,67.30000305175781,67.30000305175781,67.30000305175781,1000,0.0,0.0
2025-02-19 11:47:00+08:00,67.30000305175781,67.30000305175781,67.30000305175781,67.30000305175781,5000,0.0,0.0
2025-02-19 11:48:00+08:00,67.30000305175781,67.30000305175781,67.30000305175781,67.30000305175781,5000,0.0,0.0
2025-02-19 11:51:00+08:00,67.30000305175781,67.30000305175781,67.30000305175781,67.30000305175781,1001,0.0,0.0
2025-02-19 11:52:00+08:00,67.30000305175781,67.30000305175781,67.30000305175781,67.30000305175781,5000,0.0,0.0
2025-02-19 11:53:00+08:00,67.30000305175781,67.30000305175781,67.30000305175781,67.30000305175781,1000,0.0,0.0
2025-02-19 11:56:00+08:00,67.19999694824219,67.19999694824219,67.19999694824219,67.19999694824219,8428,0.0,0.0
2025-02-19 11:58:00+08:00,67.0999984741211,67.0999984741211,67.0999984741211,67.0999984741211,4000,0.0,0.0
2025-02-19 11:59:00+08:00,67.0999984741211,67.0999984741211,67.0999984741211,67.0999984741211,1000,0.0,0.0
2025-02-19 12:00:00+08:00,67.0999984741211,67.19999694824219,67.0999984741211,67.19999694824219,3000,0.0,0.0
2025-02-19 12:01:00+08:00,67.19999694824219,67.19999694824219,67.19999694824219,67.19999694824219,1000,0.0,0.0
2025-02-19 12:02:00+08:00,67.19999694824219,67.19999694824219,67.19999694824219,67.19999694824219,1005,0.0,0.0
2025-02-19 12:08:00+08:00,67.19999694824219,67.19999694824219,67.19999694824219,67.19999694824219,5020,0.0,0.0
2025-02-19 12:10:00+08:00,67.19999694824219,67.19999694824219,67.19999694824219,67.19999694824219,1000,0.0,0.0
2025-02-19 12:11:00+08:00,67.19999694824219,67.19999694824219,67.19999694824219,67.19999694824219,5000,0.0,0.0
2025-02-19 12:12:00+08:00,67.19999694824219,67.19999694824219,67.19999694824219,67.19999694824219,1000,0.0,0.0
2025-02-19 12:13:00+08:00,67.0999984741211,67.0999984741211,67.0999984741211,67.0999984741211,4000,0.0,0.0
2025-02-19 12:15:00+08:00,67.0999984741211,67.0999984741211,67.0,67.0,12715,0.0,0.0
2025-02-19 12:17:00+08:00,67.0,67.0,67.0,67.0,1005,0.0,0.0
2025-02-19 12:22:00+08:00,67.0,67.0,67.0,67.0,2001,0.0,0.0
2025-02-19 12:27:00+08:00,67.0,67.0,67.0,67.0,6020,0.0,0.0
2025-02-19 12:29:00+08:00,67.0,67.0,67.0,67.0,2000,0.0,0.0
2025-02-19 12:30:00+08:00,67.0999984741211,67.0999984741211,67.0999984741211,67.0999984741211,1179,0.0,0.0
2025-02-19 12:34:00+08:00,67.0999984741211,67.0999984741211,67.0999984741211,67.0999984741211,2051,0.0,0.0
2025-02-19 12:39:00+08:00,67.0999984741211,67.0999984741211,67.0999984741211,67.0999984741211,1000,0.0,0.0
2025-02-19 12:40:00+08:00,67.0,67.0,67.0,67.0,1005,0.0,0.0
2025-02-19 12:42:00+08:00,67.0,67.0,67.0,67.0,3001,0.0,0.0
2025-02-19 12:44:00+08:00,67.0,67.0999984741211,67.0,67.0999984741211,10090,0.0,0.0
2025-02-19 12:45:00+08:00,67.0,67.0,67.0,67.0,1508,0.0,0.0
2025-02-19 12:47:00+08:00,67.0,67.0,67.0,67.0,3000,0.0,0.0
2025-02-19 12:48:00+08:00,67.0999984741211,67.19999694824219,67.0999984741211,67.19999694824219,27025,0.0,0.0
2025-02-19 12:49:00+08:00,67.19999694824219,67.19999694824219,67.19999694824219,67.19999694824219,1000,0.0,0.0
2025-02-19 12:50:00+08:00,67.19999694824219,67.19999694824219,67.19999694824219,67.19999694824219,1000,0.0,0.0
2025-02-19 12:53:00+08:00,67.19999694824219,67.19999694824219,67.19999694824219,67.19999694824219,3000,0.0,0.0
2025-02-19 12:54:00+08:00,67.30000305175781,67.4000015258789,67.30000305175781,67.4000015258789,10000,0.0,0.0
2025-02-19 12:55:00+08:00,67.4000015258789,67.4000015258789,67.4000015258789,67.4000015258789,1000,0.0,0.0
2025-02-19 12:56:00+08:00,67.19999694824219,67.19999694824219,67.19999694824219,67.19999694824219,1000,0.0,0.0
2025-02-19 12:59:00+08:00,67.19999694824219,67.30000305175781,67.19999694824219,67.30000305175781,2000,0.0,0.0
2025-02-19 13:01:00+08:00,67.30000305175781,67.30000305175781,67.30000305175781,67.30000305175781,1000,0.0,0.0
2025-02-19 13:02:00+08:00,67.30000305175781,67.30000305175781,67.30000305175781,67.30000305175781,2000,0.0,0.0
2025-02-19 13:03:00+08:00,67.19999694824219,67.19999694824219,67.19999694824219,67.19999694824219,3000,0.0,0.0
2025-02-19 13:04:00+08:00,67.19999694824219,67.19999694824219,67.19999694824219,67.19999694824219,4000,0.0,0.0
2025-02-19 13:06:00+08:00,67.19999694824219,67.19999694824219,67.19999694824219,67.19999694824219,2030,0.0,0.0
2025-02-19 13:08:00+08:00,67.0999984741211,67.19999694824219,67.0999984741211,67.19999694824219,3001,0.0,0.0
2025-02-19 13:10:00+08:00,67.19999694824219,67.19999694824219,67.0,67.0,11000,0.0,0.0
2025-02-19 13:11:00+08:00,67.0,67.0,67.0,67.0,11030,0.0,0.0
2025-02-19 13:12:00+08:00,67.0,67.0,67.0,67.0,2000,0.0,0.0
2025-02-19 13:13:00+08:00,67.0,67.0,67.0,67.0,9000,0.0,0.0
2025-02-19 13:14:00+08:00,67.0,67.0,67.0,67.0,4000,0.0,0.0
2025-02-19 13:15:00+08:00,67.0,67.0,67.0,67.0,2000,0.0,0.0
2025-02-19 13:16:00+08:00,67.0,67.0,67.0,67.0,1000,0.0,0.0
2025-02-19 13:17:00+08:00,67.0,67.0999984741211,67.0,67.0999984741211,5000,0.0,0.0
2025-02-19 13:18:00+08:00,67.0999984741211,67.0999984741211,67.0999984741211,67.0999984741211,2005,0.0,0.0
2025-02-19 13:19:00+08:00,67.0,67.0,67.0,67.0,1000,0.0,0.0
2025-02-19 13:20:00+08:00,67.0,67.0,67.0,67.0,4000,0.0,0.0
2025-02-19 13:21:00+08:00,66.9000015258789,67.0,66.9000015258789,67.0,5063,0.0,0.0
2025-02-19 13:22:00+08:00,67.0,67.0,67.0,67.0,1000,0.0,0.0
2025-02-19 13:23:00+08:00,66.9000015258789,66.9000015258789,66.9000015258789,66.9000015258789,5000,0.0,0.0
2025-02-19 13:24:00+08:00,67.0,67.0999984741211,66.9000015258789,67.0999984741211,7000,0.0,0.0
2025-02-20 09:00:00+08:00,67.0999984741211,67.30000305175781,67.0999984741211,67.30000305175781,0,0.0,0.0
2025-02-20 09:01:00+08:00,67.4000015258789,67.4000015258789,67.30000305175781,67.30000305175781,5000,0.0,0.0
2025-02-20 09:02:00+08:00,67.30000305175781,67.30000305175781,67.30000305175781,67.30000305175781,9000,0.0,0.0
2025-02-20 09:03:00+08:00,67.19999694824219,67.4000015258789,67.19999694824219,67.4000015258789,11000,0.0,0.0
2025-02-20 09:04:00+08:00,67.4000015258789,67.4000015258789,67.4000015258789,67.4000015258789,3000,0.0,0.0
2025-02-20 09:06:00+08:00,67.4000015258789,67.4000015258789,67.4000015258789,67.4000015258789,49000,0.0,0.0
2025-02-20 09:07:00+08:00,67.4000015258789,67.4000015258789,67.4000015258789,67.4000015258789,2000,0.0,0.0
2025-02-20 09:09:00+08:00,67.4000015258789,67.4000015258789,67.4000015258789,67.4000015258789,3618,0.0,0.0
2025-02-20 09:13:00+08:00,67.4000015258789,67.5,67.4000015258789,67.5,16000,0.0,0.0
2025-02-20 09:14:00+08:00,67.5999984741211,67.5999984741211,67.5,67.5,2000,0.0,0.0
2025-02-20 09:18:00+08:00,67.4000015258789,67.5999984741211,67.4000015258789,67.5999984741211,4000,0.0,0.0
2025-02-20 09:19:00+08:00,67.69999694824219,67.69999694824219,67.5999984741211,67.5999984741211,6000,0.0,0.0
2025-02-20 09:20:00+08:00,67.5999984741211,67.80000305175781,67.5999984741211,67.5999984741211,10008,0.0,0.0
2025-02-20 09:21:00+08:00,67.69999694824219,67.80000305175781,67.69999694824219,67.80000305175781,8000,0.0,0.0
2025-02-20 09:22:00+08:00,67.9000015258789,68.0999984741211,67.9000015258789,68.0999984741211,15340,0.0,0.0
2025-02-20 09:23:00+08:00,68.0,68.0999984741211,68.0,68.0999984741211,8000,0.0,0.0
2025-02-20 09:24:00+08:00,68.0,68.0,68.0,68.0,1000,0.0,0.0
2025-02-20 09:25:00+08:00,68.0,68.0,67.80000305175781,67.80000305175781,6200,0.0,0.0
2025-02-20 09:26:00+08:00,67.80000305175781,67.80000305175781,67.80000305175781,67.80000305175781,1000,0.0,0.0
2025-02-20 09:27:00+08:00,67.80000305175781,67.80000305175781,67.80000305175781,67.80000305175781,2000,0.0,0.0
2025-02-20 09:28:00+08:00,67.80000305175781,67.80000305175781,67.80000305175781,67.80000305175781,2030,0.0,0.0
2025-02-20 09:29:00+08:00,67.9000015258789,67.9000015258789,67.9000015258789,67.9000015258789,1000,0.0,0.0
2025-02-20 09:30:00+08:00,67.80000305175781,67.80000305175781,67.80000305175781,67.80000305175781,6000,0.0,0.0
2025-02-20 09:32:00+08:00,67.69999694824219,67.80000305175781,67.69999694824219,67.80000305175781,2000,0.0,0.0
2025-02-20 09:33:00+08:00,67.69999694824219,67.80000305175781,67.5999984741211,67.5999984741211,10001,0.0,0.0
2025-02-20 09:35:00+08:00,67.5,67.5,67.5,67.5,1000,0.0,0.0
2025-02-20 09:36:00+08:00,67.5,67.5,67.5,67.5,2000,0.0,0.0
2025-02-20 09:37:00+08:00,67.5999984741211,67.5999984741211,67.5999984741211,67.5999984741211,3000,0.0,0.0
2025-02-20 09:40:00+08:00,67.69999694824219,67.69999694824219,67.69999694824219,67.69999694824219,3150,0.0,0.0
2025-02-20 09:41:00+08:00,67.69999694824219,67.69999694824219,67.69999694824219,67.69999694824219,1050,0.0,0.0
2025-02-20 09:43:00+08:00,67.69999694824219,67.69999694824219,67.69999694824219,67.69999694824219,2061,0.0,0.0
2025-02-20 09:47:00+08:00,67.69999694824219,67.69999694824219,67.69999694824219,67.69999694824219,2100,0.0,0.0
2025-02-20 09:49:00+08:00,67.5999984741211,67.5999984741211,67.5,67.5,14000,0.0,0.0
2025-02-20 09:50:00+08:00,67.5999984741211,67.5999984741211,67.5999984741211,67.5999984741211,2000,0.0,0.0
2025-02-20 09:51:00+08:00,67.5999984741211,67.5999984741211,67.5,67.5999984741211,3001,0.0,0.0
2025-02-20 09:55:00+08:00,67.5999984741211,67.5999984741211,67.5999984741211,67.5999984741211,2050,0.0,0.0
2025-02-20 09:56:00+08:00,67.5999984741211,67.5999984741211,67.5999984741211,67.5999984741211,2001,0.0,0.0
2025-02-20 09:59:00+08:00,67.5999984741211,67.5999984741211,67.5999984741211,67.5999984741211,2000,0.0,0.0
2025-02-20 10:00:00+08:00,67.5,67.5,67.5,67.5,12305,0.0,0.0
2025-02-20 10:02:00+08:00,67.4000015258789,67.4000015258789,67.4000015258789,67.4000015258789,1000,0.0,0.0
2025-02-20 10:03:00+08:00,67.4000015258789,67.4000015258789,67.4000015258789,67.4000015258789,4003,0.0,0.0
2025-02-20 10:05:00+08:00,67.4000015258789,67.4000015258789,67.4000015258789,67.4000015258789,1100,0.0,0.0
2025-02-20 10:07:00+08:00,67.30000305175781,67.30000305175781,67.30000305175781,67.30000305175781,1000,0.0,0.0
2025-02-20 10:08:00+08:00,67.4000015258789,67.4000015258789,67.4000015258789,67.4000015258789,2140,0.0,0.0
2025-02-20 10:10:00+08:00,67.4000015258789,67.4000015258789,67.4000015258789,67.4000015258789,2133,0.0,0.0
2025-02-20 10:17:00+08:00,67.5,67.5,67.5,67.5,1000,0.0,0.0
2025-02-20 10:18:00+08:00,67.5,67.5,67.5,67.5,3000,0.0,0.0
2025-02-20 10:19:00+08:00,67.5,67.5,67.5,67.5,2000,0.0,0.0
2025-02-20 10:20:00+08:00,67.69999694824219,67.69999694824219,67.69999694824219,67.69999694824219,1311,0.0,0.0
2025-02-20 10:24:00+08:00,67.5,67.5,67.5,67.5,1001,0.0,0.0
2025-02-20 10:25:00+08:00,67.5,67.5,67.5,67.5,1000,0.0,0.0
2025-02-20 10:26:00+08:00,67.5999984741211,67.5999984741211,67.5999984741211,67.5999984741211,1000,0.0,0.0
2025-02-20 10:28:00+08:00,67.5,67.5,67.5,67.5,1050,0.0,0.0
2025-02-20 10:34:00+08:00,67.4000015258789,67.4000015258789,67.4000015258789,67.4000015258789,5000,0.0,0.0
2025-02-20 10:35:00+08:00,67.4000015258789,67.4000015258789,67.4000015258789,67.4000015258789,1000,0.0,0.0
2025-02-20 10:39:00+08:00,67.4000015258789,67.4000015258789,67.4000015258789,67.4000015258789,2000,0.0,0.0
2025-02-20 10:45:00+08:00,67.4000015258789,67.5,67.4000015258789,67.5,2001,0.0,0.0
2025-02-20 10:47:00+08:00,67.5,67.5,67.5,67.5,1000,0.0,0.0
2025-02-20 10:52:00+08:00,67.5,67.5,67.5,67.5,4000,0.0,0.0
2025-02-20 10:53:00+08:00,67.5,67.5,67.5,67.5,2164,0.0,0.0
2025-02-20 10:54:00+08:00,67.5,67.5,67.5,67.5,2001,0.0,0.0
2025-02-20 10:57:00+08:00,67.5999984741211,67.5999984741211,67.5999984741211,67.5999984741211,3040,0.0,0.0
2025-02-20 11:00:00+08:00,67.5,67.5,67.5,67.5,1000,0.0,0.0
2025-02-20 11:03:00+08:00,67.5999984741211,67.5999984741211,67.5999984741211,67.5999984741211,1000,0.0,0.0
2025-02-20 11:05:00+08:00,67.5999984741211,67.5999984741211,67.5999984741211,67.5999984741211,1050,0.0,0.0
2025-02-20 11:07:00+08:00,67.5999984741211,67.5999984741211,67.5999984741211,67.5999984741211,1000,0.0,0.0
2025-02-20 11:08:00+08:00,67.5999984741211,67.5999984741211,67.5999984741211,67.5999984741211,1000,0.0,0.0
2025-02-20 11:09:00+08:00,67.5999984741211,67.5999984741211,67.5999984741211,67.5999984741211,5070,0.0,0.0
2025-02-20 11:15:00+08:00,67.5999984741211,67.5999984741211,67.5999984741211,67.5999984741211,3000,0.0,0.0
2025-02-20 11:16:00+08:00,67.69999694824219,67.69999694824219,67.69999694824219,67.69999694824219,5001,0.0,0.0
2025-02-20 11:20:00+08:00,67.69999694824219,67.69999694824219,67.69999694824219,67.69999694824219,1001,0.0,0.0
2025-02-20 11:24:00+08:00,67.69999694824219,67.69999694824219,67.69999694824219,67.69999694824219,1000,0.0,0.0
2025-02-20 11:25:00+08:00,67.5999984741211,67.5999984741211,67.5999984741211,67.5999984741211,4002,0.0,0.0
2025-02-20 11:27:00+08:00,67.5,67.5,67.5,67.5,6000,0.0,0.0
2025-02-20 11:31:00+08:00,67.5,67.5,67.5,67.5,1029,0.0,0.0
2025-02-20 11:32:00+08:00,67.4000015258789,67.4000015258789,67.4000015258789,67.4000015258789,2000,0.0,0.0
2025-02-20 11:33:00+08:00,67.4000015258789,67.4000015258789,67.4000015258789,67.4000015258789,1249,0.0,0.0
2025-02-20 11:36:00+08:00,67.5,67.5,67.5,67.5,2426,0.0,0.0
2025-02-20 11:42:00+08:00,67.4000015258789,67.4000015258789,67.4000015258789,67.4000015258789,6074,0.0,0.0
2025-02-20 11:45:00+08:00,67.4000015258789,67.4000015258789,67.4000015258789,67.4000015258789,14000,0.0,0.0
2025-02-20 11:46:00+08:00,67.4000015258789,67.4000015258789,67.4000015258789,67.4000015258789,16027,0.0,0.0
2025-02-20 11:48:00+08:00,67.30000305175781,67.30000305175781,67.30000305175781,67.30000305175781,1000,0.0,0.0
2025-02-20 11:49:00+08:00,67.30000305175781,67.30000305175781,67.30000305175781,67.30000305175781,1001,0.0,0.0
2025-02-20 11:51:00+08:00,67.30000305175781,67.30000305175781,67.30000305175781,67.30000305175781,5000,0.0,0.0
2025-02-20 11:52:00+08:00,67.30000305175781,67.30000305175781,67.30000305175781,67.30000305175781,1000,0.0,0.0
2025-02-20 11:54:00+08:00,67.30000305175781,67.30000305175781,67.0999984741211,67.0999984741211,22000,0.0,0.0
2025-02-20 11:55:00+08:00,67.0999984741211,67.0999984741211,67.0999984741211,67.0999984741211,7000,0.0,0.0
2025-02-20 11:56:00+08:00,67.0999984741211,67.0999984741211,67.0999984741211,67.0999984741211,5000,0.0,0.0
2025-02-20 11:57:00+08:00,67.19999694824219,67.19999694824219,67.19999694824219,67.19999694824219,2100,0.0,0.0
2025-02-20 12:03:00+08:00,67.19999694824219,67.19999694824219,67.19999694824219,67.19999694824219,3250,0.0,0.0
2025-02-20 12:04:00+08:00,67.19999694824219,67.19999694824219,67.19999694824219,67.19999694824219,1173,0.0,0.0
2025-02-20 12:09:00+08:00,67.19999694824219,67.19999694824219,67.19999694824219,67.19999694824219,1000,0.0,0.0
2025-02-20 12:15:00+08:00,67.19999694824219,67.19999694824219,67.19999694824219,67.19999694824219,2043,0.0,0.0
2025-02-20 12:32:00+08:00,67.19999694824219,67.19999694824219,67.19999694824219,67.19999694824219,5020,0.0,0.0
2025-02-20 12:34:00+08:00,67.19999694824219,67.19999694824219,67.19999694824219,67.19999694824219,1000,0.0,0.0
2025-02-20 12:38:00+08:00,67.19999694824219,67.19999694824219,67.19999694824219,67.19999694824219,11001,0.0,0.0
2025-02-20 12:40:00+08:00,67.0999984741211,67.0999984741211,67.0999984741211,67.0999984741211,2366,0.0,0.0
2025-02-20 12:46:00+08:00,67.30000305175781,67.30000305175781,67.30000305175781,67.30000305175781,4000,0.0,0.0
2025-02-20 12:47:00+08:00,67.30000305175781,67.30000305175781,67.30000305175781,67.30000305175781,1012,0.0,0.0
2025-02-20 12:51:00+08:00,67.30000305175781,67.30000305175781,67.30000305175781,67.30000305175781,4000,0.0,0.0
2025-02-20 12:55:00+08:00,67.30000305175781,67.30000305175781,67.30000305175781,67.30000305175781,4011,0.0,0.0
2025-02-20 12:56:00+08:00,67.30000305175781,67.30000305175781,67.30000305175781,67.30000305175781,2000,0.0,0.0
2025-02-20 12:58:00+08:00,67.30000305175781,67.30000305175781,67.30000305175781,67.30000305175781,1000,0.0,0.0
2025-02-20 12:59:00+08:00,67.30000305175781,67.30000305175781,67.30000305175781,67.30000305175781,1060,0.0,0.0
2025-02-20 13:00:00+08:00,67.30000305175781,67.30000305175781,67.30000305175781,67.30000305175781,1000,0.0,0.0
2025-02-20 13:02:00+08:00,67.30000305175781,67.30000305175781,67.30000305175781,67.30000305175781,3050,0.0,0.0
2025-02-20 13:03:00+08:00,67.4000015258789,67.4000015258789,67.4000015258789,67.4000015258789,3000,0.0,0.0
2025-02-20 13:04:00+08:00,67.30000305175781,67.30000305175781,67.30000305175781,67.30000305175781,1388,0.0,0.0
2025-02-20 13:06:00+08:00,67.4000015258789,67.4000015258789,67.4000015258789,67.4000015258789,2000,0.0,0.0
2025-02-20 13:07:00+08:00,67.4000015258789,67.4000015258789,67.4000015258789,67.4000015258789,1008,0.0,0.0
2025-02-20 13:08:00+08:00,67.30000305175781,67.30000305175781,67.30000305175781,67.30000305175781,1092,0.0,0.0
2025-02-20 13:09:00+08:00,67.30000305175781,67.30000305175781,67.30000305175781,67.30000305175781,1000,0.0,0.0
2025-02-20 13:10:00+08:00,67.19999694824219,67.30000305175781,67.19999694824219,67.30000305175781,2450,0.0,0.0
2025-02-20 13:12:00+08:00,67.19999694824219,67.19999694824219,67.19999694824219,67.19999694824219,1211,0.0,0.0
2025-02-20 13:13:00+08:00,67.19999694824219,67.19999694824219,67.19999694824219,67.19999694824219,7000,0.0,0.0
2025-02-20 13:14:00+08:00,67.0999984741211,67.19999694824219,67.0999984741211,67.19999694824219,4000,0.0,0.0
2025-02-20 13:15:00+08:00,67.19999694824219,67.19999694824219,67.19999694824219,67.19999694824219,1000,0.0,0.0
2025-02-20 13:17:00+08:00,67.0999984741211,67.0999984741211,67.0999984741211,67.0999984741211,2011,0.0,0.0
2025-02-20 13:18:00+08:00,67.30000305175781,67.4000015258789,67.30000305175781,67.4000015258789,14000,0.0,0.0
2025-02-20 13:19:00+08:00,67.5,67.5,67.5,67.5,3000,0.0,0.0
2025-02-20 13:20:00+08:00,67.5,67.5999984741211,67.5,67.5999984741211,7000,0.0,0.0
2025-02-20 13:22:00+08:00,67.5999984741211,67.69999694824219,67.5999984741211,67.69999694824219,9000,0.0,0.0
2025-02-20 13:23:00+08:00,67.69999694824219,67.80000305175781,67.69999694824219,67.69999694824219,12000,0.0,0.0
2025-02-20 13:24:00+08:00,67.69999694824219,67.80000305175781,67.5999984741211,67.69999694824219,14038,0.0,0.0
2025-02-21 09:00:00+08:00,68.0,68.0,67.9000015258789,67.9000015258789,0,0.0,0.0
2025-02-21 09:01:00+08:00,67.9000015258789,67.9000015258789,67.9000015258789,67.9000015258789,13000,0.0,0.0
2025-02-21 09:02:00+08:00,67.9000015258789,68.0999984741211,67.9000015258789,68.0999984741211,12000,0.0,0.0
2025-02-21 09:03:00+08:00,68.0999984741211,68.0999984741211,68.0,68.0,2000,0.0,0.0
2025-02-21 09:04:00+08:00,68.0,68.19999694824219,68.0,68.19999694824219,4000,0.0,0.0
2025-02-21 09:05:00+08:00,68.0999984741211,68.0999984741211,67.9000015258789,67.9000015258789,17000,0.0,0.0
2025-02-21 09:06:00+08:00,67.9000015258789,67.9000015258789,67.9000015258789,67.9000015258789,4000,0.0,0.0
2025-02-21 09:07:00+08:00,67.9000015258789,67.9000015258789,67.9000015258789,67.9000015258789,1000,0.0,0.0
2025-02-21 09:08:00+08:00,67.9000015258789,67.9000015258789,67.9000015258789,67.9000015258789,3000,0.0,0.0
2025-02-21 09:09:00+08:00,67.80000305175781,67.80000305175781,67.80000305175781,67.80000305175781,16260,0.0,0.0
2025-02-21 09:10:00+08:00,67.80000305175781,67.80000305175781,67.69999694824219,67.69999694824219,4000,0.0,0.0
2025-02-21 09:11:00+08:00,67.80000305175781,67.80000305175781,67.80000305175781,67.80000305175781,4050,0.0,0.0
2025-02-21 09:12:00+08:00,67.80000305175781,68.19999694824219,67.80000305175781,68.19999694824219,69000,0.0,0.0
2025-02-21 09:13:00+08:00,68.19999694824219,68.19999694824219,68.19999694824219,68.19999694824219,8000,0.0,0.0
2025-02-21 09:14:00+08:00,68.19999694824219,68.19999694824219,68.19999694824219,68.19999694824219,4469,0.0,0.0
2025-02-21 09:15:00+08:00,68.19999694824219,68.19999694824219,68.0999984741211,68.0999984741211,5000,0.0,0.0
2025-02-21 09:16:00+08:00,68.19999694824219,68.19999694824219,68.19999694824219,68.19999694824219,3100,0.0,0.0
2025-02-21 09:17:00+08:00,68.19999694824219,68.19999694824219,68.19999694824219,68.19999694824219,3001,0.0,0.0
2025-02-21 09:18:00+08:00,68.19999694824219,68.19999694824219,68.19999694824219,68.19999694824219,198920,0.0,0.0
2025-02-21 09:20:00+08:00,68.0999984741211,68.0999984741211,68.0,68.0,4000,0.0,0.0
2025-02-21 09:21:00+08:00,67.80000305175781,67.80000305175781,67.80000305175781,67.80000305175781,3085,0.0,0.0
2025-02-21 09:22:00+08:00,67.80000305175781,68.0,67.69999694824219,67.69999694824219,16105,0.0,0.0
2025-02-21 09:24:00+08:00,67.80000305175781,67.80000305175781,67.80000305175781,67.80000305175781,1020,0.0,0.0
2025-02-21 09:26:00+08:00,67.80000305175781,67.80000305175781,67.80000305175781,67.80000305175781,5000,0.0,0.0
2025-02-21 09:28:00+08:00,67.9000015258789,67.9000015258789,67.9000015258789,67.9000015258789,1000,0.0,0.0
2025-02-21 09:31:00+08:00,68.0,68.0,68.0,68.0,1000,0.0,0.0
2025-02-21 09:32:00+08:00,68.0,68.0,68.0,68.0,6000,0.0,0.0
2025-02-21 09:33:00+08:00,68.0999984741211,68.0999984741211,68.0999984741211,68.0999984741211,2010,0.0,0.0
2025-02-21 09:34:00+08:00,68.0999984741211,68.19999694824219,68.0999984741211,68.19999694824219,4000,0.0,0.0
2025-02-21 09:35:00+08:00,68.0999984741211,68.19999694824219,68.0999984741211,68.19999694824219,5150,0.0,0.0
2025-02-21 09:36:00+08:00,68.0999984741211,68.0999984741211,68.0,68.0,4000,0.0,0.0
2025-02-21 09:37:00+08:00,68.0,68.0,68.0,68.0,2000,0.0,0.0
2025-02-21 09:38:00+08:00,68.0,68.0,68.0,68.0,1000,0.0,0.0
2025-02-21 09:39:00+08:00,68.0999984741211,68.0999984741211,68.0,68.0,4000,0.0,0.0
2025-02-21 09:41:00+08:00,68.0,68.0,68.0,68.0,5000,0.0,0.0
2025-02-21 09:42:00+08:00,68.0,68.0,68.0,68.0,3000,0.0,0.0
2025-02-21 09:43:00+08:00,67.9000015258789,68.0,67.9000015258789,68.0,2000,0.0,0.0
2025-02-21 09:44:00+08:00,68.0,68.0,67.9000015258789,67.9000015258789,3129,0.0,0.0
2025-02-21 09:46:00+08:00,67.9000015258789,67.9000015258789,67.9000015258789,67.9000015258789,1041,0.0,0.0
2025-02-21 09:48:00+08:00,68.0,68.0,68.0,68.0,2000,0.0,0.0
2025-02-21 09:49:00+08:00,68.0,68.0999984741211,68.0,68.0999984741211,6000,0.0,0.0
2025-02-21 09:50:00+08:00,68.19999694824219,68.30000305175781,68.19999694824219,68.30000305175781,8368,0.0,0.0
2025-02-21 09:51:00+08:00,68.30000305175781,68.30000305175781,68.19999694824219,68.19999694824219,8000,0.0,0.0
2025-02-21 09:52:00+08:00,68.0999984741211,68.0999984741211,68.0999984741211,68.0999984741211,1000,0.0,0.0
2025-02-21 09:53:00+08:00,68.0999984741211,68.0999984741211,68.0999984741211,68.0999984741211,1000,0.0,0.0
2025-02-21 09:54:00+08:00,68.0999984741211,68.0999984741211,68.0999984741211,68.0999984741211,4001,0.0,0.0
2025-02-21 09:55:00+08:00,68.0999984741211,68.0999984741211,68.0,68.0,10000,0.0,0.0
2025-02-21 09:56:00+08:00,68.0,68.0,67.9000015258789,67.9000015258789,7000,0.0,0.0
2025-02-21 09:57:00+08:00,67.9000015258789,67.9000015258789,67.9000015258789,67.9000015258789,1000,0.0,0.0
2025-02-21 09:58:00+08:00,67.9000015258789,67.9000015258789,67.9000015258789,67.9000015258789,2000,0.0,0.0
2025-02-21 09:59:00+08:00,67.9000015258789,67.9000015258789,67.80000305175781,67.80000305175781,2450,0.0,0.0
2025-02-21 10:00:00+08:00,67.80000305175781,67.80000305175781,67.80000305175781,67.80000305175781,1000,0.0,0.0
2025-02-21 10:01:00+08:00,67.80000305175781,67.80000305175781,67.80000305175781,67.80000305175781,4001,0.0,0.0
2025-02-21 10:02:00+08:00,67.69999694824219,67.69999694824219,67.69999694824219,67.69999694824219,1000,0.0,0.0
2025-02-21 10:03:00+08:00,67.69999694824219,67.69999694824219,67.69999694824219,67.69999694824219,1015,0.0,0.0
2025-02-21 10:04:00+08:00,67.69999694824219,67.69999694824219,67.69999694824219,67.69999694824219,1000,0.0,0.0
2025-02-21 10:05:00+08:00,67.80000305175781,67.80000305175781,67.80000305175781,67.80000305175781,1142,0.0,0.0
2025-02-21 10:10:00+08:00,67.9000015258789,67.9000015258789,67.9000015258789,67.9000015258789,1100,0.0,0.0
2025-02-21 10:13:00+08:00,67.80000305175781,67.80000305175781,67.80000305175781,67.80000305175781,3200,0.0,0.0
2025-02-21 10:16:00+08:00,67.80000305175781,67.80000305175781,67.80000305175781,67.80000305175781,1278,0.0,0.0
2025-02-21 10:17:00+08:00,67.80000305175781,67.80000305175781,67.80000305175781,67.80000305175781,2002,0.0,0.0
2025-02-21 10:18:00+08:00,67.80000305175781,67.80000305175781,67.80000305175781,67.80000305175781,1201,0.0,0.0
2025-02-21 10:19:00+08:00,67.80000305175781,67.80000305175781,67.80000305175781,67.80000305175781,1051,0.0,0.0
2025-02-21 10:20:00+08:00,67.69999694824219,67.69999694824219,67.69999694824219,67.69999694824219,1000,0.0,0.0
2025-02-21 10:21:00+08:00,67.69999694824219,67.69999694824219,67.69999694824219,67.69999694824219,2000,0.0,0.0
2025-02-21 10:22:00+08:00,67.69999694824219,67.69999694824219,67.5,67.5,29031,0.0,0.0
2025-02-21 10:23:00+08:00,67.4000015258789,67.4000015258789,67.4000015258789,67.4000015258789,2020,0.0,0.0
2025-02-21 10:24:00+08:00,67.4000015258789,67.4000015258789,67.4000015258789,67.4000015258789,1075,0.0,0.0
2025-02-21 10:25:00+08:00,67.4000015258789,67.4000015258789,67.4000015258789,67.4000015258789,1001,0.0,0.0
2025-02-21 10:27:00+08:00,67.5,67.5,67.5,67.5,0,0.0,0.0
2025-02-21 10:28:00+08:00,67.5999984741211,67.5999984741211,67.5999984741211,67.5999984741211,385396,0.0,0.0
2025-02-21 10:29:00+08:00,67.5999984741211,67.5999984741211,67.5999984741211,67.5999984741211,2001,0.0,0.0
2025-02-21 10:35:00+08:00,67.69999694824219,67.69999694824219,67.69999694824219,67.69999694824219,1200,0.0,0.0
2025-02-21 10:36:00+08:00,67.5999984741211,67.5999984741211,67.5999984741211,67.5999984741211,1000,0.0,0.0
2025-02-21 10:38:00+08:00,67.5999984741211,67.5999984741211,67.5999984741211,67.5999984741211,2002,0.0,0.0
2025-02-21 10:42:00+08:00,67.5,67.5,67.5,67.5,9000,0.0,0.0
2025-02-21 10:45:00+08:00,67.5,67.5,67.5,67.5,2000,0.0,0.0
2025-02-21 10:46:00+08:00,67.5999984741211,67.5999984741211,67.5999984741211,67.5999984741211,1001,0.0,0.0
2025-02-21 10:51:00+08:00,67.4000015258789,67.4000015258789,67.4000015258789,67.4000015258789,10251,0.0,0.0
2025-02-21 10:56:00+08:00,67.4000015258789,67.4000015258789,67.4000015258789,67.4000015258789,4000,0.0,0.0
2025-02-21 10:58:00+08:00,67.4000015258789,67.4000015258789,67.4000015258789,67.4000015258789,1000,0.0,0.0
2025-02-21 11:00:00+08:00,67.4000015258789,67.4000015258789,67.4000015258789,67.4000015258789,3348,0.0,0.0
2025-02-21 11:01:00+08:00,67.4000015258789,67.4000015258789,67.30000305175781,67.30000305175781,6245,0.0,0.0
2025-02-21 11:02:00+08:00,67.19999694824219,67.30000305175781,67.19999694824219,67.19999694824219,9825,0.0,0.0
2025-02-21 11:03:00+08:00,67.19999694824219,67.19999694824219,67.19999694824219,67.19999694824219,1000,0.0,0.0
2025-02-21 11:04:00+08:00,67.19999694824219,67.19999694824219,67.19999694824219,67.19999694824219,6000,0.0,0.0
2025-02-21 11:05:00+08:00,67.30000305175781,67.30000305175781,67.30000305175781,67.30000305175781,1001,0.0,0.0
2025-02-21 11:13:00+08:00,67.5,67.5,67.5,67.5,1001,0.0,0.0
2025-02-21 11:16:00+08:00,67.4000015258789,67.4000015258789,67.4000015258789,67.4000015258789,1000,0.0,0.0
2025-02-21 11:21:00+08:00,67.30000305175781,67.30000305175781,67.30000305175781,67.30000305175781,1000,0.0,0.0
2025-02-21 11:24:00+08:00,67.19999694824219,67.30000305175781,67.19999694824219,67.30000305175781,2001,0.0,0.0
2025-02-21 11:26:00+08:00,67.4000015258789,67.4000015258789,67.4000015258789,67.4000015258789,1044,0.0,0.0
2025-02-21 11:27:00+08:00,67.30000305175781,67.30000305175781,67.30000305175781,67.30000305175781,1000,0.0,0.0
2025-02-21 11:30:00+08:00,67.19999694824219,67.19999694824219,67.19999694824219,67.19999694824219,1001,0.0,0.0
2025-02-21 11:33:00+08:00,67.30000305175781,67.30000305175781,67.30000305175781,67.30000305175781,455317,0.0,0.0
2025-02-21 11:36:00+08:00,67.4000015258789,67.4000015258789,67.4000015258789,67.4000015258789,1005,0.0,0.0
2025-02-21 11:44:00+08:00,67.4000015258789,67.4000015258789,67.4000015258789,67.4000015258789,10051,0.0,0.0
2025-02-21 11:46:00+08:00,67.30000305175781,67.30000305175781,67.30000305175781,67.30000305175781,3000,0.0,0.0
2025-02-21 11:48:00+08:00,67.30000305175781,67.30000305175781,67.30000305175781,67.30000305175781,1565,0.0,0.0
2025-02-21 11:53:00+08:00,67.30000305175781,67.30000305175781,67.30000305175781,67.30000305175781,1000,0.0,0.0
2025-02-21 11:54:00+08:00,67.30000305175781,67.30000305175781,67.19999694824219,67.19999694824219,4000,0.0,0.0
2025-02-21 11:55:00+08:00,67.30000305175781,67.30000305175781,67.30000305175781,67.30000305175781,1001,0.0,0.0
2025-02-21 11:59:00+08:00,67.30000305175781,67.30000305175781,67.30000305175781,67.30000305175781,1017,0.0,0.0
2025-02-21 12:05:00+08:00,67.19999694824219,67.19999694824219,67.19999694824219,67.19999694824219,4001,0.0,0.0
2025-02-21 12:10:00+08:00,67.30000305175781,67.30000305175781,67.30000305175781,67.30000305175781,1001,0.0,0.0
2025-02-21 12:12:00+08:00,67.19999694824219,67.19999694824219,67.19999694824219,67.19999694824219,1100,0.0,0.0
2025-02-21 12:17:00+08:00,67.19999694824219,67.19999694824219,67.19999694824219,67.19999694824219,2002,0.0,0.0
2025-02-21 12:19:00+08:00,67.19999694824219,67.19999694824219,67.19999694824219,67.19999694824219,1000,0.0,0.0
2025-02-21 12:21:00+08:00,67.19999694824219,67.19999694824219,67.19999694824219,67.19999694824219,11384,0.0,0.0
2025-02-21 12:22:00+08:00,67.0999984741211,67.0999984741211,67.0999984741211,67.0999984741211,13229,0.0,0.0
2025-02-21 12:24:00+08:00,67.0,67.0,67.0,67.0,6007,0.0,0.0
2025-02-21 12:25:00+08:00,67.0999984741211,67.0999984741211,67.0999984741211,67.0999984741211,1000,0.0,0.0
2025-02-21 12:26:00+08:00,67.0,67.0,67.0,67.0,18127,0.0,0.0
2025-02-21 12:27:00+08:00,67.0,67.0,67.0,67.0,3000,0.0,0.0
2025-02-21 12:28:00+08:00,67.0,67.0,67.0,67.0,2000,0.0,0.0
2025-02-21 12:29:00+08:00,67.0,67.0,67.0,67.0,1000,0.0,0.0
2025-02-21 12:30:00+08:00,66.9000015258789,66.9000015258789,66.9000015258789,66.9000015258789,2021,0.0,0.0
2025-02-21 12:31:00+08:00,66.9000015258789,66.9000015258789,66.9000015258789,66.9000015258789,4020,0.0,0.0
2025-02-21 12:35:00+08:00,67.0,67.0,67.0,67.0,5000,0.0,0.0
2025-02-21 12:36:00+08:00,67.0,67.0,67.0,67.0,1101,0.0,0.0
2025-02-21 12:38:00+08:00,67.0999984741211,67.0999984741211,67.0999984741211,67.0999984741211,1000,0.0,0.0
2025-02-21 12:39:00+08:00,67.0999984741211,67.0999984741211,67.0999984741211,67.0999984741211,1001,0.0,0.0
2025-02-21 12:40:00+08:00,67.0999984741211,67.19999694824219,67.0999984741211,67.0999984741211,2000,0.0,0.0
2025-02-21 12:41:00+08:00,67.19999694824219,67.19999694824219,67.19999694824219,67.19999694824219,2104,0.0,0.0
2025-02-21 12:43:00+08:00,67.0999984741211,67.0999984741211,67.0999984741211,67.0999984741211,1000,0.0,0.0
2025-02-21 12:44:00+08:00,67.0999984741211,67.0999984741211,67.0999984741211,67.0999984741211,1000,0.0,0.0
2025-02-21 12:45:00+08:00,67.0999984741211,67.0999984741211,67.0999984741211,67.0999984741211,3001,0.0,0.0
2025-02-21 12:49:00+08:00,67.0,67.0999984741211,67.0,67.0999984741211,6001,0.0,0.0
2025-02-21 12:51:00+08:00,67.0999984741211,67.0999984741211,67.0999984741211,67.0999984741211,1021,0.0,0.0
2025-02-21 12:54:00+08:00,67.19999694824219,67.19999694824219,67.19999694824219,67.19999694824219,1000,0.0,0.0
2025-02-21 12:55:00+08:00,67.19999694824219,67.19999694824219,67.0999984741211,67.0999984741211,2001,0.0,0.0
2025-02-21 12:56:00+08:00,67.0999984741211,67.0999984741211,67.0999984741211,67.0999984741211,1101,0.0,0.0
2025-02-21 12:58:00+08:00,67.0999984741211,67.0999984741211,67.0999984741211,67.0999984741211,2001,0.0,0.0
2025-02-21 13:01:00+08:00,67.0999984741211,67.19999694824219,67.0999984741211,67.19999694824219,2051,0.0,0.0
2025-02-21 13:09:00+08:00,67.0999984741211,67.0999984741211,67.0999984741211,67.0999984741211,2000,0.0,0.0
2025-02-21 13:10:00+08:00,67.0999984741211,67.0999984741211,67.0999984741211,67.0999984741211,1000,0.0,0.0
2025-02-21 13:11:00+08:00,67.0,67.0999984741211,67.0,67.0,5020,0.0,0.0
2025-02-21 13:12:00+08:00,67.0,67.0,67.0,67.0,3000,0.0,0.0
2025-02-21 13:17:00+08:00,67.0,67.0,67.0,67.0,1000,0.0,0.0
2025-02-21 13:18:00+08:00,67.0,67.0,67.0,67.0,6264,0.0,0.0
2025-02-21 13:19:00+08:00,67.0,67.0,67.0,67.0,3736,0.0,0.0
2025-02-21 13:21:00+08:00,67.0,67.0,67.0,67.0,1003,0.0,0.0
2025-02-21 13:22:00+08:00,67.0,67.0,67.0,67.0,9000,0.0,0.0
2025-02-21 13:23:00+08:00,67.0,67.0,67.0,67.0,8000,0.0,0.0
