Datetime,Open,High,Low,Close,Volume,Dividends,Stock Splits
2024-07-08 09:00:00+09:00,2315.0,2315.0,2300.0,2300.0,0,0.0,0.0
2024-07-08 09:01:00+09:00,2300.0,2305.0,2295.0,2300.0,11521,0.0,0.0
2024-07-08 09:02:00+09:00,2305.0,2330.0,2300.0,2325.0,18883,0.0,0.0
2024-07-08 09:03:00+09:00,2320.0,2325.0,2320.0,2320.0,3259,0.0,0.0
2024-07-08 09:04:00+09:00,2325.0,2340.0,2320.0,2330.0,11951,0.0,0.0
2024-07-08 09:05:00+09:00,2330.0,2340.0,2330.0,2340.0,7947,0.0,0.0
2024-07-08 09:06:00+09:00,2330.0,2340.0,2325.0,2330.0,8512,0.0,0.0
2024-07-08 09:07:00+09:00,2330.0,2340.0,2330.0,2335.0,7947,0.0,0.0
2024-07-08 09:08:00+09:00,2335.0,2365.0,2335.0,2365.0,48902,0.0,0.0
2024-07-08 09:09:00+09:00,2355.0,2400.0,2350.0,2385.0,59090,0.0,0.0
2024-07-08 09:10:00+09:00,2385.0,2390.0,2370.0,2380.0,51060,0.0,0.0
2024-07-08 09:11:00+09:00,2375.0,2415.0,2370.0,2405.0,105318,0.0,0.0
2024-07-08 09:12:00+09:00,2415.0,2425.0,2395.0,2420.0,68675,0.0,0.0
2024-07-08 09:13:00+09:00,2420.0,2425.0,2415.0,2420.0,76030,0.0,0.0
2024-07-08 09:14:00+09:00,2420.0,2435.0,2400.0,2425.0,95305,0.0,0.0
2024-07-08 09:15:00+09:00,2435.0,2480.0,2425.0,2480.0,130950,0.0,0.0
2024-07-08 09:16:00+09:00,2480.0,2500.0,2465.0,2470.0,247163,0.0,0.0
2024-07-08 09:17:00+09:00,2470.0,2515.0,2455.0,2515.0,263371,0.0,0.0
2024-07-08 09:18:00+09:00,2515.0,2545.0,2485.0,2545.0,201230,0.0,0.0
2024-07-08 09:20:00+09:00,2520.0,2535.0,2520.0,2535.0,84297,0.0,0.0
2024-07-08 09:21:00+09:00,2535.0,2540.0,2500.0,2525.0,237370,0.0,0.0
2024-07-08 09:22:00+09:00,2520.0,2525.0,2505.0,2515.0,65383,0.0,0.0
2024-07-08 09:23:00+09:00,2515.0,2520.0,2485.0,2500.0,113170,0.0,0.0
2024-07-08 09:24:00+09:00,2495.0,2505.0,2480.0,2480.0,78612,0.0,0.0
2024-07-08 09:25:00+09:00,2485.0,2500.0,2470.0,2490.0,127771,0.0,0.0
2024-07-08 09:26:00+09:00,2495.0,2530.0,2490.0,2525.0,113111,0.0,0.0
2024-07-08 09:27:00+09:00,2530.0,2600.0,2525.0,2595.0,412995,0.0,0.0
2024-07-08 09:28:00+09:00,2585.0,2670.0,2585.0,2650.0,534828,0.0,0.0
2024-07-08 09:29:00+09:00,2660.0,2740.0,2635.0,2655.0,667683,0.0,0.0
2024-07-08 09:30:00+09:00,2655.0,2660.0,2600.0,2615.0,281512,0.0,0.0
2024-07-08 09:31:00+09:00,2615.0,2630.0,2605.0,2620.0,193993,0.0,0.0
2024-07-08 09:32:00+09:00,2615.0,2665.0,2610.0,2650.0,232640,0.0,0.0
2024-07-08 09:33:00+09:00,2655.0,2675.0,2630.0,2670.0,141887,0.0,0.0
2024-07-08 09:34:00+09:00,2670.0,2720.0,2660.0,2705.0,400985,0.0,0.0
2024-07-08 09:35:00+09:00,2710.0,2720.0,2670.0,2700.0,272784,0.0,0.0
2024-07-08 09:36:00+09:00,2705.0,2720.0,2670.0,2675.0,178717,0.0,0.0
2024-07-08 09:37:00+09:00,2675.0,2675.0,2650.0,2665.0,92044,0.0,0.0
2024-07-08 09:38:00+09:00,2665.0,2695.0,2655.0,2685.0,106734,0.0,0.0
2024-07-08 09:39:00+09:00,2680.0,2735.0,2670.0,2725.0,264368,0.0,0.0
2024-07-08 09:40:00+09:00,2725.0,2740.0,2705.0,2720.0,313763,0.0,0.0
2024-07-08 09:41:00+09:00,2715.0,2725.0,2680.0,2700.0,178736,0.0,0.0
2024-07-08 09:42:00+09:00,2695.0,2700.0,2660.0,2680.0,71272,0.0,0.0
2024-07-08 09:43:00+09:00,2690.0,2720.0,2670.0,2715.0,264285,0.0,0.0
2024-07-08 09:44:00+09:00,2710.0,2770.0,2710.0,2765.0,465879,0.0,0.0
2024-07-08 09:45:00+09:00,2765.0,2765.0,2740.0,2750.0,290038,0.0,0.0
2024-07-08 09:46:00+09:00,2745.0,2765.0,2745.0,2755.0,153926,0.0,0.0
2024-07-08 09:47:00+09:00,2760.0,2760.0,2720.0,2725.0,113640,0.0,0.0
2024-07-08 09:48:00+09:00,2725.0,2760.0,2720.0,2750.0,172464,0.0,0.0
2024-07-08 09:49:00+09:00,2745.0,2750.0,2730.0,2745.0,86114,0.0,0.0
2024-07-08 09:50:00+09:00,2735.0,2735.0,2715.0,2725.0,131696,0.0,0.0
2024-07-08 09:51:00+09:00,2725.0,2740.0,2720.0,2720.0,85631,0.0,0.0
2024-07-08 09:52:00+09:00,2720.0,2730.0,2695.0,2715.0,175485,0.0,0.0
2024-07-08 09:53:00+09:00,2715.0,2730.0,2710.0,2725.0,33626,0.0,0.0
2024-07-08 09:54:00+09:00,2735.0,2735.0,2710.0,2720.0,115762,0.0,0.0
2024-07-08 09:55:00+09:00,2715.0,2720.0,2700.0,2705.0,124364,0.0,0.0
2024-07-08 09:56:00+09:00,2710.0,2725.0,2705.0,2720.0,77802,0.0,0.0
2024-07-08 09:57:00+09:00,2770.0,2770.0,2770.0,2770.0,0,0.0,0.0
2024-07-08 09:59:00+09:00,2775.0,2830.0,2770.0,2820.0,9846847,0.0,0.0
2024-07-08 10:00:00+09:00,2830.0,2865.0,2820.0,2845.0,519898,0.0,0.0
2024-07-08 10:01:00+09:00,2850.0,2900.0,2845.0,2895.0,524946,0.0,0.0
2024-07-08 10:02:00+09:00,2895.0,2930.0,2880.0,2905.0,557427,0.0,0.0
2024-07-08 10:03:00+09:00,2905.0,2910.0,2865.0,2885.0,330061,0.0,0.0
2024-07-08 10:04:00+09:00,2885.0,2895.0,2865.0,2880.0,256301,0.0,0.0
2024-07-08 10:05:00+09:00,2880.0,2880.0,2855.0,2860.0,148846,0.0,0.0
2024-07-08 10:06:00+09:00,2865.0,2875.0,2850.0,2870.0,210730,0.0,0.0
2024-07-08 10:07:00+09:00,2865.0,2870.0,2850.0,2855.0,134852,0.0,0.0
2024-07-08 10:08:00+09:00,2855.0,2860.0,2840.0,2845.0,103492,0.0,0.0
2024-07-08 10:09:00+09:00,2845.0,2875.0,2840.0,2855.0,142858,0.0,0.0
2024-07-08 10:10:00+09:00,2855.0,2875.0,2850.0,2855.0,103597,0.0,0.0
2024-07-08 10:11:00+09:00,2855.0,2875.0,2855.0,2870.0,91549,0.0,0.0
2024-07-08 10:12:00+09:00,2870.0,2880.0,2855.0,2855.0,127135,0.0,0.0
2024-07-08 10:13:00+09:00,2855.0,2865.0,2840.0,2845.0,114893,0.0,0.0
2024-07-08 10:14:00+09:00,2850.0,2850.0,2835.0,2840.0,84060,0.0,0.0
2024-07-08 10:15:00+09:00,2840.0,2850.0,2835.0,2850.0,72031,0.0,0.0
2024-07-08 10:16:00+09:00,2850.0,2850.0,2835.0,2835.0,94766,0.0,0.0
2024-07-08 10:17:00+09:00,2835.0,2845.0,2825.0,2830.0,92440,0.0,0.0
2024-07-08 10:18:00+09:00,2830.0,2835.0,2800.0,2825.0,267448,0.0,0.0
2024-07-08 10:19:00+09:00,2830.0,2835.0,2820.0,2835.0,92166,0.0,0.0
2024-07-08 10:20:00+09:00,2830.0,2835.0,2825.0,2830.0,43606,0.0,0.0
2024-07-08 10:21:00+09:00,2830.0,2835.0,2825.0,2825.0,22176,0.0,0.0
2024-07-08 10:22:00+09:00,2810.0,2825.0,2790.0,2800.0,172486,0.0,0.0
2024-07-08 10:23:00+09:00,2790.0,2805.0,2790.0,2805.0,115100,0.0,0.0
2024-07-08 10:24:00+09:00,2800.0,2805.0,2795.0,2800.0,45756,0.0,0.0
2024-07-08 10:25:00+09:00,2800.0,2835.0,2795.0,2825.0,110466,0.0,0.0
2024-07-08 10:26:00+09:00,2830.0,2835.0,2825.0,2835.0,51630,0.0,0.0
2024-07-08 10:27:00+09:00,2835.0,2840.0,2820.0,2820.0,75710,0.0,0.0
2024-07-08 10:28:00+09:00,2825.0,2825.0,2810.0,2815.0,41019,0.0,0.0
2024-07-08 10:29:00+09:00,2820.0,2820.0,2720.0,2755.0,335435,0.0,0.0
2024-07-08 10:30:00+09:00,2770.0,2790.0,2755.0,2785.0,72123,0.0,0.0
2024-07-08 10:31:00+09:00,2785.0,2790.0,2780.0,2780.0,58492,0.0,0.0
2024-07-08 10:32:00+09:00,2780.0,2785.0,2775.0,2780.0,55027,0.0,0.0
2024-07-08 10:33:00+09:00,2780.0,2780.0,2740.0,2765.0,109171,0.0,0.0
2024-07-08 10:34:00+09:00,2760.0,2765.0,2740.0,2755.0,85946,0.0,0.0
2024-07-08 10:35:00+09:00,2745.0,2755.0,2735.0,2735.0,81469,0.0,0.0
2024-07-08 10:36:00+09:00,2735.0,2755.0,2735.0,2750.0,93060,0.0,0.0
2024-07-08 10:37:00+09:00,2745.0,2760.0,2730.0,2735.0,62504,0.0,0.0
2024-07-08 10:38:00+09:00,2740.0,2740.0,2730.0,2735.0,39966,0.0,0.0
2024-07-08 10:39:00+09:00,2735.0,2750.0,2730.0,2750.0,40602,0.0,0.0
2024-07-08 10:40:00+09:00,2750.0,2750.0,2730.0,2730.0,39623,0.0,0.0
2024-07-08 10:41:00+09:00,2735.0,2750.0,2730.0,2750.0,24071,0.0,0.0
2024-07-08 10:42:00+09:00,2750.0,2750.0,2740.0,2740.0,12591,0.0,0.0
2024-07-08 10:43:00+09:00,2745.0,2760.0,2740.0,2755.0,69381,0.0,0.0
2024-07-08 10:44:00+09:00,2755.0,2760.0,2725.0,2730.0,98893,0.0,0.0
2024-07-08 10:45:00+09:00,2730.0,2740.0,2725.0,2730.0,44401,0.0,0.0
2024-07-08 10:46:00+09:00,2735.0,2745.0,2730.0,2745.0,56858,0.0,0.0
2024-07-08 10:47:00+09:00,2745.0,2745.0,2730.0,2735.0,30505,0.0,0.0
2024-07-08 10:48:00+09:00,2735.0,2745.0,2735.0,2740.0,16307,0.0,0.0
2024-07-08 10:49:00+09:00,2745.0,2750.0,2725.0,2735.0,40158,0.0,0.0
2024-07-08 10:50:00+09:00,2735.0,2740.0,2725.0,2735.0,30835,0.0,0.0
2024-07-08 10:51:00+09:00,2740.0,2745.0,2730.0,2745.0,29541,0.0,0.0
2024-07-08 10:52:00+09:00,2740.0,2750.0,2735.0,2740.0,49623,0.0,0.0
2024-07-08 10:53:00+09:00,2745.0,2745.0,2695.0,2700.0,230013,0.0,0.0
2024-07-08 10:54:00+09:00,2705.0,2715.0,2700.0,2715.0,36254,0.0,0.0
2024-07-08 10:55:00+09:00,2715.0,2730.0,2695.0,2720.0,87876,0.0,0.0
2024-07-08 10:56:00+09:00,2720.0,2725.0,2710.0,2715.0,18837,0.0,0.0
2024-07-08 10:57:00+09:00,2715.0,2725.0,2710.0,2710.0,19784,0.0,0.0
2024-07-08 10:58:00+09:00,2715.0,2715.0,2695.0,2705.0,58884,0.0,0.0
2024-07-08 10:59:00+09:00,2705.0,2730.0,2700.0,2725.0,58477,0.0,0.0
2024-07-08 11:00:00+09:00,2730.0,2730.0,2720.0,2725.0,21713,0.0,0.0
2024-07-08 11:01:00+09:00,2730.0,2740.0,2725.0,2725.0,66733,0.0,0.0
2024-07-08 11:02:00+09:00,2730.0,2730.0,2720.0,2725.0,17951,0.0,0.0
2024-07-08 11:03:00+09:00,2730.0,2735.0,2725.0,2730.0,29372,0.0,0.0
2024-07-08 11:04:00+09:00,2725.0,2740.0,2710.0,2720.0,87066,0.0,0.0
2024-07-08 11:05:00+09:00,2710.0,2720.0,2710.0,2715.0,20907,0.0,0.0
2024-07-08 11:06:00+09:00,2720.0,2720.0,2710.0,2710.0,14435,0.0,0.0
2024-07-08 11:07:00+09:00,2715.0,2715.0,2700.0,2710.0,59479,0.0,0.0
2024-07-08 11:08:00+09:00,2705.0,2715.0,2705.0,2715.0,34325,0.0,0.0
2024-07-08 11:09:00+09:00,2710.0,2730.0,2710.0,2725.0,42644,0.0,0.0
2024-07-08 11:10:00+09:00,2730.0,2730.0,2700.0,2705.0,80525,0.0,0.0
2024-07-08 11:11:00+09:00,2700.0,2715.0,2700.0,2710.0,49461,0.0,0.0
2024-07-08 11:12:00+09:00,2705.0,2720.0,2695.0,2700.0,68582,0.0,0.0
2024-07-08 11:13:00+09:00,2705.0,2705.0,2690.0,2690.0,64114,0.0,0.0
2024-07-08 11:14:00+09:00,2695.0,2710.0,2690.0,2710.0,79244,0.0,0.0
2024-07-08 11:15:00+09:00,2705.0,2715.0,2705.0,2715.0,18246,0.0,0.0
2024-07-08 11:16:00+09:00,2710.0,2715.0,2700.0,2700.0,37201,0.0,0.0
2024-07-08 11:17:00+09:00,2705.0,2715.0,2700.0,2715.0,17284,0.0,0.0
2024-07-08 11:18:00+09:00,2710.0,2720.0,2710.0,2715.0,26649,0.0,0.0
2024-07-08 11:19:00+09:00,2710.0,2730.0,2710.0,2720.0,44859,0.0,0.0
2024-07-08 11:20:00+09:00,2725.0,2735.0,2720.0,2720.0,78331,0.0,0.0
2024-07-08 11:21:00+09:00,2730.0,2730.0,2710.0,2720.0,40329,0.0,0.0
2024-07-08 11:22:00+09:00,2715.0,2720.0,2710.0,2720.0,11059,0.0,0.0
2024-07-08 11:23:00+09:00,2720.0,2720.0,2715.0,2715.0,12181,0.0,0.0
2024-07-08 11:24:00+09:00,2715.0,2720.0,2710.0,2715.0,12104,0.0,0.0
2024-07-08 11:25:00+09:00,2715.0,2720.0,2710.0,2720.0,13222,0.0,0.0
2024-07-08 11:26:00+09:00,2715.0,2720.0,2710.0,2710.0,18741,0.0,0.0
2024-07-08 11:27:00+09:00,2715.0,2715.0,2705.0,2715.0,28989,0.0,0.0
2024-07-08 11:28:00+09:00,2715.0,2715.0,2705.0,2710.0,28334,0.0,0.0
2024-07-08 11:29:00+09:00,2710.0,2710.0,2700.0,2705.0,21603,0.0,0.0
2024-07-08 11:30:00+09:00,2710.0,2715.0,2700.0,2710.0,6228,0.0,0.0
2024-07-08 11:31:00+09:00,2710.0,2710.0,2705.0,2710.0,6599,0.0,0.0
2024-07-08 11:32:00+09:00,2710.0,2710.0,2700.0,2710.0,14277,0.0,0.0
2024-07-08 11:33:00+09:00,2710.0,2710.0,2700.0,2705.0,31390,0.0,0.0
2024-07-08 11:34:00+09:00,2705.0,2705.0,2695.0,2700.0,39981,0.0,0.0
2024-07-08 11:35:00+09:00,2700.0,2705.0,2690.0,2690.0,21613,0.0,0.0
2024-07-08 11:36:00+09:00,2690.0,2695.0,2685.0,2685.0,102753,0.0,0.0
2024-07-08 11:37:00+09:00,2685.0,2700.0,2685.0,2685.0,50812,0.0,0.0
2024-07-08 11:38:00+09:00,2690.0,2690.0,2680.0,2690.0,24789,0.0,0.0
2024-07-08 11:39:00+09:00,2690.0,2690.0,2685.0,2690.0,15807,0.0,0.0
2024-07-08 11:40:00+09:00,2685.0,2690.0,2680.0,2685.0,40086,0.0,0.0
2024-07-08 11:41:00+09:00,2690.0,2700.0,2690.0,2700.0,23173,0.0,0.0
2024-07-08 11:42:00+09:00,2700.0,2705.0,2695.0,2700.0,20560,0.0,0.0
2024-07-08 11:43:00+09:00,2700.0,2705.0,2695.0,2705.0,28927,0.0,0.0
2024-07-08 11:44:00+09:00,2700.0,2710.0,2700.0,2705.0,4425,0.0,0.0
2024-07-08 11:45:00+09:00,2700.0,2705.0,2695.0,2700.0,10498,0.0,0.0
2024-07-08 11:46:00+09:00,2700.0,2705.0,2695.0,2705.0,6115,0.0,0.0
2024-07-08 11:47:00+09:00,2700.0,2715.0,2700.0,2710.0,17817,0.0,0.0
2024-07-08 11:48:00+09:00,2710.0,2715.0,2700.0,2710.0,10351,0.0,0.0
2024-07-08 11:49:00+09:00,2705.0,2715.0,2705.0,2715.0,10124,0.0,0.0
2024-07-08 11:50:00+09:00,2715.0,2715.0,2705.0,2710.0,19679,0.0,0.0
2024-07-08 11:51:00+09:00,2705.0,2710.0,2705.0,2705.0,7547,0.0,0.0
2024-07-08 11:52:00+09:00,2705.0,2710.0,2705.0,2710.0,3670,0.0,0.0
2024-07-08 11:53:00+09:00,2710.0,2715.0,2705.0,2715.0,5462,0.0,0.0
2024-07-08 11:54:00+09:00,2715.0,2715.0,2710.0,2715.0,17646,0.0,0.0
2024-07-08 11:55:00+09:00,2715.0,2720.0,2710.0,2720.0,15828,0.0,0.0
2024-07-08 11:56:00+09:00,2720.0,2725.0,2715.0,2725.0,27108,0.0,0.0
2024-07-08 11:57:00+09:00,2725.0,2735.0,2720.0,2725.0,55356,0.0,0.0
2024-07-08 11:58:00+09:00,2725.0,2735.0,2720.0,2730.0,83527,0.0,0.0
2024-07-08 11:59:00+09:00,2730.0,2730.0,2720.0,2730.0,21045,0.0,0.0
2024-07-08 12:00:00+09:00,2730.0,2735.0,2715.0,2715.0,18753,0.0,0.0
2024-07-08 12:01:00+09:00,2715.0,2720.0,2705.0,2710.0,26365,0.0,0.0
2024-07-08 12:02:00+09:00,2710.0,2715.0,2705.0,2710.0,4577,0.0,0.0
2024-07-08 12:03:00+09:00,2710.0,2710.0,2700.0,2710.0,16912,0.0,0.0
2024-07-08 12:04:00+09:00,2700.0,2710.0,2700.0,2700.0,17511,0.0,0.0
2024-07-08 12:05:00+09:00,2705.0,2705.0,2700.0,2700.0,8723,0.0,0.0
2024-07-08 12:06:00+09:00,2705.0,2705.0,2695.0,2700.0,20627,0.0,0.0
2024-07-08 12:07:00+09:00,2695.0,2700.0,2695.0,2700.0,13505,0.0,0.0
2024-07-08 12:08:00+09:00,2700.0,2710.0,2695.0,2710.0,19636,0.0,0.0
2024-07-08 12:09:00+09:00,2710.0,2725.0,2710.0,2725.0,9432,0.0,0.0
2024-07-08 12:10:00+09:00,2725.0,2725.0,2715.0,2720.0,19363,0.0,0.0
2024-07-08 12:11:00+09:00,2725.0,2730.0,2720.0,2720.0,13625,0.0,0.0
2024-07-08 12:12:00+09:00,2725.0,2725.0,2710.0,2720.0,18492,0.0,0.0
2024-07-08 12:13:00+09:00,2720.0,2720.0,2710.0,2720.0,9433,0.0,0.0
2024-07-08 12:14:00+09:00,2725.0,2725.0,2715.0,2715.0,4087,0.0,0.0
2024-07-08 12:15:00+09:00,2720.0,2720.0,2710.0,2715.0,1713,0.0,0.0
2024-07-08 12:16:00+09:00,2715.0,2715.0,2700.0,2705.0,18943,0.0,0.0
2024-07-08 12:17:00+09:00,2700.0,2715.0,2700.0,2715.0,4589,0.0,0.0
2024-07-08 12:18:00+09:00,2710.0,2710.0,2705.0,2710.0,3020,0.0,0.0
2024-07-08 12:19:00+09:00,2710.0,2710.0,2700.0,2705.0,7155,0.0,0.0
2024-07-08 12:20:00+09:00,2705.0,2710.0,2705.0,2710.0,2215,0.0,0.0
2024-07-08 12:21:00+09:00,2710.0,2715.0,2705.0,2715.0,10339,0.0,0.0
2024-07-08 12:22:00+09:00,2710.0,2715.0,2710.0,2710.0,5027,0.0,0.0
2024-07-08 12:23:00+09:00,2710.0,2710.0,2705.0,2710.0,2617,0.0,0.0
2024-07-08 12:24:00+09:00,2710.0,2715.0,2705.0,2715.0,22155,0.0,0.0
2024-07-08 12:25:00+09:00,2710.0,2715.0,2705.0,2705.0,5874,0.0,0.0
2024-07-08 12:26:00+09:00,2710.0,2715.0,2710.0,2710.0,1841,0.0,0.0
2024-07-08 12:27:00+09:00,2710.0,2710.0,2705.0,2710.0,7449,0.0,0.0
2024-07-08 12:28:00+09:00,2710.0,2710.0,2705.0,2710.0,9989,0.0,0.0
2024-07-08 12:29:00+09:00,2705.0,2710.0,2700.0,2705.0,9299,0.0,0.0
2024-07-08 12:30:00+09:00,2705.0,2705.0,2700.0,2705.0,4802,0.0,0.0
2024-07-08 12:31:00+09:00,2710.0,2710.0,2705.0,2705.0,5576,0.0,0.0
2024-07-08 12:32:00+09:00,2710.0,2720.0,2705.0,2720.0,40392,0.0,0.0
2024-07-08 12:33:00+09:00,2720.0,2720.0,2715.0,2720.0,2395,0.0,0.0
2024-07-08 12:35:00+09:00,2710.0,2710.0,2710.0,2710.0,24495,0.0,0.0
2024-07-08 12:36:00+09:00,2715.0,2720.0,2710.0,2715.0,258,0.0,0.0
2024-07-08 12:38:00+09:00,2725.0,2725.0,2720.0,2720.0,19954,0.0,0.0
2024-07-08 12:39:00+09:00,2720.0,2720.0,2705.0,2715.0,13105,0.0,0.0
2024-07-08 12:40:00+09:00,2715.0,2715.0,2700.0,2700.0,11026,0.0,0.0
2024-07-08 12:41:00+09:00,2710.0,2715.0,2705.0,2715.0,3571,0.0,0.0
2024-07-08 12:42:00+09:00,2715.0,2720.0,2710.0,2715.0,9260,0.0,0.0
2024-07-08 12:43:00+09:00,2715.0,2720.0,2710.0,2715.0,3095,0.0,0.0
2024-07-08 12:44:00+09:00,2715.0,2715.0,2670.0,2685.0,148663,0.0,0.0
2024-07-08 12:45:00+09:00,2680.0,2695.0,2675.0,2690.0,21981,0.0,0.0
2024-07-08 12:46:00+09:00,2685.0,2690.0,2675.0,2680.0,21110,0.0,0.0
2024-07-08 12:47:00+09:00,2675.0,2685.0,2655.0,2670.0,81771,0.0,0.0
2024-07-08 12:48:00+09:00,2670.0,2680.0,2665.0,2675.0,61587,0.0,0.0
2024-07-08 12:49:00+09:00,2675.0,2685.0,2675.0,2680.0,15565,0.0,0.0
2024-07-08 12:50:00+09:00,2680.0,2685.0,2675.0,2675.0,9053,0.0,0.0
2024-07-08 12:51:00+09:00,2675.0,2680.0,2675.0,2680.0,7886,0.0,0.0
2024-07-08 12:52:00+09:00,2680.0,2685.0,2680.0,2680.0,6240,0.0,0.0
2024-07-08 12:53:00+09:00,2680.0,2685.0,2675.0,2675.0,7196,0.0,0.0
2024-07-08 12:54:00+09:00,2680.0,2685.0,2675.0,2680.0,7096,0.0,0.0
2024-07-08 12:55:00+09:00,2685.0,2695.0,2680.0,2690.0,6507,0.0,0.0
2024-07-08 12:56:00+09:00,2690.0,2695.0,2685.0,2690.0,4984,0.0,0.0
2024-07-08 12:57:00+09:00,2685.0,2690.0,2680.0,2680.0,7550,0.0,0.0
2024-07-08 12:58:00+09:00,2680.0,2690.0,2680.0,2685.0,7615,0.0,0.0
2024-07-08 12:59:00+09:00,2685.0,2690.0,2680.0,2685.0,9722,0.0,0.0
2024-07-08 13:00:00+09:00,2685.0,2685.0,2665.0,2665.0,45454,0.0,0.0
2024-07-08 13:01:00+09:00,2670.0,2675.0,2660.0,2665.0,52319,0.0,0.0
2024-07-08 13:02:00+09:00,2660.0,2675.0,2660.0,2670.0,12622,0.0,0.0
2024-07-08 13:03:00+09:00,2670.0,2670.0,2660.0,2660.0,27104,0.0,0.0
2024-07-08 13:04:00+09:00,2665.0,2670.0,2665.0,2665.0,18219,0.0,0.0
2024-07-08 13:05:00+09:00,2665.0,2670.0,2660.0,2665.0,16984,0.0,0.0
2024-07-08 13:06:00+09:00,2665.0,2670.0,2650.0,2650.0,45056,0.0,0.0
2024-07-08 13:07:00+09:00,2650.0,2665.0,2645.0,2660.0,63020,0.0,0.0
2024-07-08 13:08:00+09:00,2660.0,2660.0,2645.0,2655.0,30089,0.0,0.0
2024-07-08 13:09:00+09:00,2660.0,2665.0,2655.0,2660.0,15275,0.0,0.0
2024-07-08 13:10:00+09:00,2660.0,2660.0,2650.0,2655.0,16041,0.0,0.0
2024-07-08 13:11:00+09:00,2655.0,2655.0,2645.0,2655.0,17177,0.0,0.0
2024-07-08 13:12:00+09:00,2655.0,2655.0,2645.0,2645.0,13844,0.0,0.0
2024-07-08 13:13:00+09:00,2645.0,2670.0,2640.0,2670.0,46577,0.0,0.0
2024-07-08 13:14:00+09:00,2670.0,2670.0,2660.0,2660.0,7852,0.0,0.0
2024-07-08 13:15:00+09:00,2660.0,2665.0,2660.0,2665.0,3246,0.0,0.0
2024-07-08 13:16:00+09:00,2665.0,2665.0,2660.0,2665.0,15625,0.0,0.0
2024-07-08 13:17:00+09:00,2670.0,2670.0,2660.0,2665.0,0,0.0,0.0
2024-07-08 13:18:00+09:00,2665.0,2670.0,2660.0,2665.0,5171,0.0,0.0
2024-07-08 13:19:00+09:00,2660.0,2665.0,2660.0,2665.0,7714,0.0,0.0
2024-07-08 13:20:00+09:00,2665.0,2685.0,2655.0,2670.0,46389,0.0,0.0
2024-07-08 13:21:00+09:00,2660.0,2690.0,2660.0,2675.0,37738,0.0,0.0
2024-07-08 13:22:00+09:00,2680.0,2685.0,2665.0,2680.0,83439,0.0,0.0
2024-07-08 13:23:00+09:00,2675.0,2680.0,2660.0,2660.0,17442,0.0,0.0
2024-07-08 13:24:00+09:00,2660.0,2680.0,2655.0,2670.0,29456,0.0,0.0
2024-07-08 13:25:00+09:00,2675.0,2675.0,2665.0,2665.0,12692,0.0,0.0
2024-07-08 13:26:00+09:00,2670.0,2675.0,2650.0,2665.0,68982,0.0,0.0
2024-07-08 13:27:00+09:00,2655.0,2665.0,2650.0,2650.0,16338,0.0,0.0
2024-07-08 13:28:00+09:00,2650.0,2665.0,2650.0,2655.0,5688,0.0,0.0
2024-07-08 13:29:00+09:00,2655.0,2665.0,2650.0,2655.0,11846,0.0,0.0
2024-07-08 13:30:00+09:00,2655.0,2665.0,2650.0,2655.0,9063,0.0,0.0
2024-07-08 13:31:00+09:00,2650.0,2655.0,2640.0,2645.0,30238,0.0,0.0
2024-07-08 13:32:00+09:00,2645.0,2650.0,2635.0,2645.0,36844,0.0,0.0
2024-07-08 13:33:00+09:00,2645.0,2650.0,2635.0,2640.0,18479,0.0,0.0
2024-07-08 13:34:00+09:00,2640.0,2645.0,2635.0,2640.0,15338,0.0,0.0
2024-07-08 13:35:00+09:00,2640.0,2640.0,2630.0,2635.0,44901,0.0,0.0
2024-07-08 13:36:00+09:00,2630.0,2635.0,2625.0,2625.0,65534,0.0,0.0
2024-07-08 13:37:00+09:00,2630.0,2635.0,2625.0,2630.0,31853,0.0,0.0
2024-07-08 13:38:00+09:00,2635.0,2635.0,2630.0,2630.0,12303,0.0,0.0
2024-07-08 13:39:00+09:00,2635.0,2640.0,2630.0,2640.0,18045,0.0,0.0
2024-07-08 13:40:00+09:00,2635.0,2640.0,2630.0,2640.0,11814,0.0,0.0
2024-07-08 13:41:00+09:00,2635.0,2645.0,2635.0,2645.0,18599,0.0,0.0
2024-07-08 13:42:00+09:00,2640.0,2645.0,2640.0,2645.0,11050,0.0,0.0
2024-07-08 13:43:00+09:00,2640.0,2645.0,2625.0,2630.0,29930,0.0,0.0
2024-07-08 13:44:00+09:00,2630.0,2630.0,2620.0,2620.0,48183,0.0,0.0
2024-07-08 13:45:00+09:00,2620.0,2625.0,2615.0,2620.0,56098,0.0,0.0
2024-07-08 13:46:00+09:00,2615.0,2630.0,2610.0,2625.0,26202,0.0,0.0
2024-07-08 13:47:00+09:00,2630.0,2630.0,2620.0,2620.0,11669,0.0,0.0
2024-07-08 13:48:00+09:00,2620.0,2630.0,2620.0,2625.0,6819,0.0,0.0
2024-07-08 13:49:00+09:00,2625.0,2625.0,2620.0,2620.0,8214,0.0,0.0
2024-07-08 13:50:00+09:00,2620.0,2620.0,2615.0,2620.0,9526,0.0,0.0
2024-07-08 13:51:00+09:00,2615.0,2620.0,2615.0,2615.0,9378,0.0,0.0
2024-07-08 13:52:00+09:00,2615.0,2630.0,2615.0,2630.0,53673,0.0,0.0
2024-07-08 13:53:00+09:00,2630.0,2630.0,2625.0,2630.0,4984,0.0,0.0
2024-07-08 13:54:00+09:00,2625.0,2635.0,2625.0,2635.0,7810,0.0,0.0
2024-07-08 13:55:00+09:00,2635.0,2635.0,2625.0,2630.0,13517,0.0,0.0
2024-07-08 13:56:00+09:00,2625.0,2640.0,2625.0,2640.0,19667,0.0,0.0
2024-07-08 13:57:00+09:00,2640.0,2640.0,2630.0,2630.0,10154,0.0,0.0
2024-07-08 13:58:00+09:00,2630.0,2635.0,2625.0,2625.0,10246,0.0,0.0
2024-07-08 13:59:00+09:00,2625.0,2635.0,2625.0,2635.0,9823,0.0,0.0
2024-07-08 14:00:00+09:00,2635.0,2640.0,2630.0,2640.0,5848,0.0,0.0
2024-07-08 14:01:00+09:00,2640.0,2640.0,2630.0,2630.0,11766,0.0,0.0
2024-07-08 14:02:00+09:00,2630.0,2635.0,2625.0,2625.0,8222,0.0,0.0
2024-07-08 14:03:00+09:00,2630.0,2635.0,2625.0,2630.0,2643,0.0,0.0
2024-07-08 14:04:00+09:00,2625.0,2630.0,2625.0,2630.0,17449,0.0,0.0
2024-07-08 14:05:00+09:00,2625.0,2630.0,2625.0,2630.0,14032,0.0,0.0
2024-07-08 14:06:00+09:00,2625.0,2630.0,2625.0,2630.0,10886,0.0,0.0
2024-07-08 14:07:00+09:00,2630.0,2630.0,2625.0,2625.0,6146,0.0,0.0
2024-07-08 14:08:00+09:00,2625.0,2630.0,2620.0,2625.0,9406,0.0,0.0
2024-07-08 14:09:00+09:00,2630.0,2630.0,2625.0,2630.0,5339,0.0,0.0
2024-07-08 14:10:00+09:00,2625.0,2630.0,2620.0,2630.0,10819,0.0,0.0
2024-07-08 14:11:00+09:00,2625.0,2630.0,2620.0,2620.0,4979,0.0,0.0
2024-07-08 14:12:00+09:00,2625.0,2640.0,2615.0,2640.0,54689,0.0,0.0
2024-07-08 14:13:00+09:00,2640.0,2645.0,2630.0,2640.0,19986,0.0,0.0
2024-07-08 14:14:00+09:00,2645.0,2645.0,2640.0,2645.0,17385,0.0,0.0
2024-07-08 14:15:00+09:00,2645.0,2660.0,2640.0,2655.0,33194,0.0,0.0
2024-07-08 14:16:00+09:00,2650.0,2665.0,2650.0,2665.0,43116,0.0,0.0
2024-07-08 14:17:00+09:00,2665.0,2665.0,2645.0,2645.0,20881,0.0,0.0
2024-07-08 14:18:00+09:00,2650.0,2660.0,2645.0,2660.0,34191,0.0,0.0
2024-07-08 14:19:00+09:00,2655.0,2685.0,2650.0,2675.0,131293,0.0,0.0
2024-07-08 14:20:00+09:00,2675.0,2675.0,2665.0,2670.0,44159,0.0,0.0
2024-07-08 14:21:00+09:00,2665.0,2680.0,2665.0,2675.0,33191,0.0,0.0
2024-07-08 14:22:00+09:00,2680.0,2685.0,2670.0,2675.0,85773,0.0,0.0
2024-07-08 14:23:00+09:00,2680.0,2680.0,2665.0,2675.0,44555,0.0,0.0
2024-07-08 14:24:00+09:00,2670.0,2685.0,2670.0,2680.0,42940,0.0,0.0
2024-07-08 14:25:00+09:00,2685.0,2685.0,2655.0,2665.0,66678,0.0,0.0
2024-07-08 14:26:00+09:00,2660.0,2665.0,2660.0,2660.0,29544,0.0,0.0
2024-07-08 14:27:00+09:00,2660.0,2660.0,2645.0,2650.0,28628,0.0,0.0
2024-07-08 14:28:00+09:00,2645.0,2650.0,2635.0,2645.0,37752,0.0,0.0
2024-07-08 14:29:00+09:00,2650.0,2650.0,2640.0,2650.0,9757,0.0,0.0
2024-07-08 14:30:00+09:00,2650.0,2650.0,2640.0,2645.0,9081,0.0,0.0
2024-07-08 14:31:00+09:00,2645.0,2650.0,2645.0,2645.0,14593,0.0,0.0
2024-07-08 14:32:00+09:00,2650.0,2650.0,2645.0,2645.0,10497,0.0,0.0
2024-07-08 14:33:00+09:00,2645.0,2660.0,2645.0,2660.0,8059,0.0,0.0
2024-07-08 14:34:00+09:00,2655.0,2660.0,2645.0,2650.0,20022,0.0,0.0
2024-07-08 14:35:00+09:00,2645.0,2660.0,2645.0,2655.0,12200,0.0,0.0
2024-07-08 14:36:00+09:00,2660.0,2665.0,2655.0,2655.0,13099,0.0,0.0
2024-07-08 14:37:00+09:00,2660.0,2660.0,2650.0,2660.0,10190,0.0,0.0
2024-07-08 14:38:00+09:00,2655.0,2660.0,2650.0,2650.0,12545,0.0,0.0
2024-07-08 14:39:00+09:00,2655.0,2660.0,2650.0,2650.0,9465,0.0,0.0
2024-07-08 14:40:00+09:00,2650.0,2655.0,2645.0,2645.0,10204,0.0,0.0
2024-07-08 14:41:00+09:00,2650.0,2650.0,2640.0,2640.0,18519,0.0,0.0
2024-07-08 14:42:00+09:00,2640.0,2645.0,2640.0,2640.0,9591,0.0,0.0
2024-07-08 14:43:00+09:00,2645.0,2650.0,2645.0,2650.0,4503,0.0,0.0
2024-07-08 14:44:00+09:00,2650.0,2650.0,2645.0,2645.0,3569,0.0,0.0
2024-07-08 14:45:00+09:00,2645.0,2650.0,2645.0,2650.0,7908,0.0,0.0
2024-07-08 14:46:00+09:00,2650.0,2650.0,2640.0,2645.0,25113,0.0,0.0
2024-07-08 14:47:00+09:00,2645.0,2645.0,2640.0,2640.0,17653,0.0,0.0
2024-07-08 14:48:00+09:00,2640.0,2645.0,2635.0,2635.0,17818,0.0,0.0
2024-07-08 14:49:00+09:00,2635.0,2640.0,2630.0,2640.0,19739,0.0,0.0
2024-07-08 14:50:00+09:00,2640.0,2645.0,2635.0,2640.0,16714,0.0,0.0
2024-07-08 14:51:00+09:00,2640.0,2650.0,2640.0,2645.0,7559,0.0,0.0
2024-07-08 14:52:00+09:00,2650.0,2660.0,2640.0,2660.0,15643,0.0,0.0
2024-07-08 14:53:00+09:00,2655.0,2670.0,2655.0,2665.0,26117,0.0,0.0
2024-07-08 14:54:00+09:00,2670.0,2675.0,2665.0,2675.0,24600,0.0,0.0
2024-07-08 14:55:00+09:00,2675.0,2675.0,2665.0,2670.0,29390,0.0,0.0
2024-07-08 14:56:00+09:00,2665.0,2670.0,2660.0,2665.0,14957,0.0,0.0
2024-07-08 14:57:00+09:00,2670.0,2670.0,2660.0,2665.0,13157,0.0,0.0
2024-07-08 14:58:00+09:00,2665.0,2670.0,2665.0,2670.0,14067,0.0,0.0
2024-07-08 14:59:00+09:00,2670.0,2675.0,2665.0,2670.0,12876,0.0,0.0
2024-07-09 09:00:00+09:00,2705.0,2760.0,2705.0,2750.0,195463,0.0,0.0
2024-07-09 09:01:00+09:00,2755.0,2760.0,2715.0,2720.0,150896,0.0,0.0
2024-07-09 09:03:00+09:00,2875.0,2880.0,2835.0,2870.0,893055,0.0,0.0
2024-07-09 09:04:00+09:00,2875.0,2920.0,2835.0,2910.0,415962,0.0,0.0
2024-07-09 09:05:00+09:00,2905.0,2945.0,2900.0,2910.0,446293,0.0,0.0
2024-07-09 09:06:00+09:00,2915.0,2920.0,2875.0,2885.0,246832,0.0,0.0
2024-07-09 09:07:00+09:00,2885.0,2890.0,2855.0,2875.0,170964,0.0,0.0
2024-07-09 09:08:00+09:00,2875.0,2880.0,2835.0,2845.0,261051,0.0,0.0
2024-07-09 09:09:00+09:00,2840.0,2850.0,2800.0,2805.0,203802,0.0,0.0
2024-07-09 09:10:00+09:00,2805.0,2830.0,2805.0,2805.0,205468,0.0,0.0
2024-07-09 09:11:00+09:00,2805.0,2810.0,2765.0,2770.0,257999,0.0,0.0
2024-07-09 09:12:00+09:00,2770.0,2785.0,2740.0,2760.0,212429,0.0,0.0
2024-07-09 09:13:00+09:00,2755.0,2780.0,2750.0,2780.0,94007,0.0,0.0
2024-07-09 09:14:00+09:00,2780.0,2790.0,2770.0,2775.0,119730,0.0,0.0
2024-07-09 09:15:00+09:00,2775.0,2780.0,2765.0,2770.0,77816,0.0,0.0
2024-07-09 09:16:00+09:00,2770.0,2770.0,2750.0,2755.0,80317,0.0,0.0
2024-07-09 09:17:00+09:00,2760.0,2770.0,2750.0,2770.0,74941,0.0,0.0
2024-07-09 09:18:00+09:00,2765.0,2770.0,2760.0,2765.0,29251,0.0,0.0
2024-07-09 09:19:00+09:00,2765.0,2770.0,2750.0,2750.0,100338,0.0,0.0
2024-07-09 09:20:00+09:00,2750.0,2760.0,2745.0,2750.0,87109,0.0,0.0
2024-07-09 09:21:00+09:00,2755.0,2755.0,2740.0,2745.0,41957,0.0,0.0
2024-07-09 09:22:00+09:00,2750.0,2750.0,2740.0,2740.0,42622,0.0,0.0
2024-07-09 09:23:00+09:00,2740.0,2740.0,2720.0,2740.0,137517,0.0,0.0
2024-07-09 09:24:00+09:00,2740.0,2750.0,2730.0,2750.0,25177,0.0,0.0
2024-07-09 09:25:00+09:00,2750.0,2755.0,2735.0,2735.0,40335,0.0,0.0
2024-07-09 09:26:00+09:00,2740.0,2745.0,2725.0,2735.0,44087,0.0,0.0
2024-07-09 09:27:00+09:00,2735.0,2750.0,2730.0,2745.0,29421,0.0,0.0
2024-07-09 09:28:00+09:00,2745.0,2755.0,2740.0,2755.0,37786,0.0,0.0
2024-07-09 09:29:00+09:00,2755.0,2755.0,2735.0,2740.0,28321,0.0,0.0
2024-07-09 09:30:00+09:00,2740.0,2760.0,2740.0,2755.0,22770,0.0,0.0
2024-07-09 09:31:00+09:00,2750.0,2765.0,2750.0,2755.0,37939,0.0,0.0
2024-07-09 09:32:00+09:00,2755.0,2760.0,2750.0,2755.0,34120,0.0,0.0
2024-07-09 09:33:00+09:00,2760.0,2760.0,2740.0,2740.0,22111,0.0,0.0
2024-07-09 09:34:00+09:00,2740.0,2745.0,2735.0,2740.0,21844,0.0,0.0
2024-07-09 09:35:00+09:00,2740.0,2740.0,2710.0,2715.0,91995,0.0,0.0
2024-07-09 09:36:00+09:00,2720.0,2730.0,2710.0,2720.0,16154,0.0,0.0
2024-07-09 09:37:00+09:00,2725.0,2730.0,2715.0,2730.0,20362,0.0,0.0
2024-07-09 09:38:00+09:00,2725.0,2745.0,2720.0,2735.0,16880,0.0,0.0
2024-07-09 09:39:00+09:00,2740.0,2745.0,2735.0,2745.0,29297,0.0,0.0
2024-07-09 09:40:00+09:00,2745.0,2750.0,2740.0,2750.0,57302,0.0,0.0
2024-07-09 09:41:00+09:00,2745.0,2755.0,2745.0,2750.0,29692,0.0,0.0
2024-07-09 09:42:00+09:00,2750.0,2755.0,2745.0,2745.0,26780,0.0,0.0
2024-07-09 09:43:00+09:00,2745.0,2745.0,2735.0,2735.0,15634,0.0,0.0
2024-07-09 09:44:00+09:00,2740.0,2740.0,2735.0,2740.0,8234,0.0,0.0
2024-07-09 09:45:00+09:00,2740.0,2745.0,2735.0,2740.0,36742,0.0,0.0
2024-07-09 09:46:00+09:00,2740.0,2740.0,2735.0,2735.0,0,0.0,0.0
2024-07-09 09:47:00+09:00,2735.0,2740.0,2735.0,2735.0,8807,0.0,0.0
2024-07-09 09:48:00+09:00,2735.0,2740.0,2730.0,2730.0,4814,0.0,0.0
2024-07-09 09:49:00+09:00,2730.0,2735.0,2725.0,2725.0,15117,0.0,0.0
2024-07-09 09:50:00+09:00,2730.0,2740.0,2720.0,2740.0,43596,0.0,0.0
2024-07-09 09:51:00+09:00,2740.0,2750.0,2730.0,2740.0,25722,0.0,0.0
2024-07-09 09:52:00+09:00,2740.0,2740.0,2735.0,2735.0,2047,0.0,0.0
2024-07-09 09:53:00+09:00,2735.0,2740.0,2730.0,2730.0,7776,0.0,0.0
2024-07-09 09:54:00+09:00,2710.0,2720.0,2710.0,2715.0,234836,0.0,0.0
2024-07-09 09:55:00+09:00,2720.0,2725.0,2715.0,2725.0,23294,0.0,0.0
2024-07-09 09:56:00+09:00,2720.0,2735.0,2720.0,2730.0,16357,0.0,0.0
2024-07-09 09:57:00+09:00,2735.0,2735.0,2710.0,2720.0,128303,0.0,0.0
2024-07-09 09:58:00+09:00,2710.0,2730.0,2710.0,2720.0,24405,0.0,0.0
2024-07-09 09:59:00+09:00,2725.0,2730.0,2715.0,2730.0,19849,0.0,0.0
2024-07-09 10:00:00+09:00,2725.0,2735.0,2715.0,2715.0,27840,0.0,0.0
2024-07-09 10:01:00+09:00,2725.0,2725.0,2710.0,2715.0,37568,0.0,0.0
2024-07-09 10:02:00+09:00,2720.0,2720.0,2705.0,2715.0,62251,0.0,0.0
2024-07-09 10:03:00+09:00,2710.0,2715.0,2710.0,2710.0,13523,0.0,0.0
2024-07-09 10:04:00+09:00,2715.0,2715.0,2705.0,2705.0,44226,0.0,0.0
2024-07-09 10:05:00+09:00,2705.0,2710.0,2705.0,2705.0,18615,0.0,0.0
2024-07-09 10:06:00+09:00,2710.0,2720.0,2705.0,2720.0,18064,0.0,0.0
2024-07-09 10:07:00+09:00,2720.0,2725.0,2715.0,2720.0,7472,0.0,0.0
2024-07-09 10:08:00+09:00,2720.0,2725.0,2715.0,2720.0,13335,0.0,0.0
2024-07-09 10:09:00+09:00,2720.0,2735.0,2720.0,2730.0,28819,0.0,0.0
2024-07-09 10:10:00+09:00,2730.0,2735.0,2720.0,2725.0,5935,0.0,0.0
2024-07-09 10:11:00+09:00,2720.0,2725.0,2720.0,2720.0,9848,0.0,0.0
2024-07-09 10:12:00+09:00,2720.0,2730.0,2715.0,2730.0,16814,0.0,0.0
2024-07-09 10:13:00+09:00,2730.0,2730.0,2720.0,2725.0,0,0.0,0.0
2024-07-09 10:14:00+09:00,2725.0,2725.0,2720.0,2725.0,6329,0.0,0.0
2024-07-09 10:15:00+09:00,2720.0,2725.0,2720.0,2720.0,10278,0.0,0.0
2024-07-09 10:16:00+09:00,2715.0,2720.0,2715.0,2720.0,14615,0.0,0.0
2024-07-09 10:17:00+09:00,2720.0,2720.0,2715.0,2715.0,5054,0.0,0.0
2024-07-09 10:18:00+09:00,2715.0,2720.0,2715.0,2720.0,5370,0.0,0.0
2024-07-09 10:19:00+09:00,2715.0,2720.0,2710.0,2710.0,22233,0.0,0.0
2024-07-09 10:20:00+09:00,2710.0,2730.0,2710.0,2715.0,34751,0.0,0.0
2024-07-09 10:21:00+09:00,2720.0,2730.0,2720.0,2730.0,8007,0.0,0.0
2024-07-09 10:22:00+09:00,2730.0,2730.0,2720.0,2725.0,6971,0.0,0.0
2024-07-09 10:23:00+09:00,2725.0,2725.0,2720.0,2725.0,4672,0.0,0.0
2024-07-09 10:24:00+09:00,2725.0,2725.0,2720.0,2720.0,4438,0.0,0.0
2024-07-09 10:25:00+09:00,2725.0,2725.0,2720.0,2720.0,2658,0.0,0.0
2024-07-09 10:26:00+09:00,2720.0,2725.0,2705.0,2705.0,28941,0.0,0.0
2024-07-09 10:27:00+09:00,2705.0,2720.0,2705.0,2705.0,12348,0.0,0.0
2024-07-09 10:28:00+09:00,2710.0,2710.0,2705.0,2710.0,8141,0.0,0.0
2024-07-09 10:29:00+09:00,2710.0,2710.0,2705.0,2710.0,10778,0.0,0.0
2024-07-09 10:30:00+09:00,2710.0,2715.0,2705.0,2710.0,8006,0.0,0.0
2024-07-09 10:31:00+09:00,2705.0,2710.0,2700.0,2700.0,36352,0.0,0.0
2024-07-09 10:32:00+09:00,2700.0,2710.0,2700.0,2700.0,24553,0.0,0.0
2024-07-09 10:33:00+09:00,2705.0,2710.0,2695.0,2700.0,19238,0.0,0.0
2024-07-09 10:34:00+09:00,2700.0,2700.0,2695.0,2695.0,22865,0.0,0.0
2024-07-09 10:35:00+09:00,2695.0,2700.0,2690.0,2695.0,31940,0.0,0.0
2024-07-09 10:36:00+09:00,2690.0,2695.0,2675.0,2685.0,54286,0.0,0.0
2024-07-09 10:37:00+09:00,2680.0,2700.0,2675.0,2690.0,48345,0.0,0.0
2024-07-09 10:38:00+09:00,2695.0,2695.0,2685.0,2690.0,11114,0.0,0.0
2024-07-09 10:39:00+09:00,2690.0,2695.0,2685.0,2690.0,6541,0.0,0.0
2024-07-09 10:40:00+09:00,2690.0,2690.0,2685.0,2690.0,12946,0.0,0.0
2024-07-09 10:41:00+09:00,2685.0,2690.0,2680.0,2685.0,10159,0.0,0.0
2024-07-09 10:42:00+09:00,2685.0,2685.0,2675.0,2675.0,19300,0.0,0.0
2024-07-09 10:43:00+09:00,2675.0,2680.0,2675.0,2675.0,16103,0.0,0.0
2024-07-09 10:44:00+09:00,2675.0,2680.0,2670.0,2670.0,20040,0.0,0.0
2024-07-09 10:45:00+09:00,2670.0,2670.0,2660.0,2670.0,46839,0.0,0.0
2024-07-09 10:46:00+09:00,2670.0,2670.0,2660.0,2660.0,18436,0.0,0.0
2024-07-09 10:47:00+09:00,2665.0,2670.0,2655.0,2665.0,31761,0.0,0.0
2024-07-09 10:48:00+09:00,2665.0,2670.0,2660.0,2665.0,8000,0.0,0.0
2024-07-09 10:49:00+09:00,2665.0,2670.0,2660.0,2670.0,11721,0.0,0.0
2024-07-09 10:50:00+09:00,2670.0,2675.0,2670.0,2675.0,14237,0.0,0.0
2024-07-09 10:51:00+09:00,2675.0,2675.0,2665.0,2670.0,9864,0.0,0.0
2024-07-09 10:52:00+09:00,2670.0,2680.0,2665.0,2680.0,17217,0.0,0.0
2024-07-09 10:53:00+09:00,2680.0,2680.0,2675.0,2680.0,3950,0.0,0.0
2024-07-09 10:54:00+09:00,2680.0,2680.0,2665.0,2665.0,20330,0.0,0.0
2024-07-09 10:55:00+09:00,2675.0,2675.0,2655.0,2675.0,30091,0.0,0.0
2024-07-09 10:56:00+09:00,2670.0,2670.0,2665.0,2665.0,13613,0.0,0.0
2024-07-09 10:57:00+09:00,2670.0,2670.0,2665.0,2665.0,8881,0.0,0.0
2024-07-09 10:58:00+09:00,2665.0,2670.0,2660.0,2670.0,8414,0.0,0.0
2024-07-09 10:59:00+09:00,2665.0,2675.0,2665.0,2665.0,19079,0.0,0.0
2024-07-09 11:00:00+09:00,2680.0,2680.0,2665.0,2675.0,2586,0.0,0.0
2024-07-09 11:01:00+09:00,2675.0,2680.0,2675.0,2680.0,7198,0.0,0.0
2024-07-09 11:02:00+09:00,2680.0,2685.0,2680.0,2685.0,511,0.0,0.0
2024-07-09 11:03:00+09:00,2680.0,2690.0,2680.0,2690.0,8415,0.0,0.0
2024-07-09 11:04:00+09:00,2690.0,2690.0,2685.0,2690.0,1439,0.0,0.0
2024-07-09 11:05:00+09:00,2685.0,2700.0,2685.0,2695.0,14515,0.0,0.0
2024-07-09 11:06:00+09:00,2700.0,2705.0,2680.0,2690.0,29251,0.0,0.0
2024-07-09 11:07:00+09:00,2690.0,2690.0,2675.0,2680.0,6173,0.0,0.0
2024-07-09 11:08:00+09:00,2675.0,2685.0,2675.0,2680.0,12336,0.0,0.0
2024-07-09 11:09:00+09:00,2680.0,2680.0,2680.0,2680.0,465,0.0,0.0
2024-07-09 11:10:00+09:00,2680.0,2680.0,2670.0,2680.0,5733,0.0,0.0
2024-07-09 11:11:00+09:00,2680.0,2685.0,2675.0,2685.0,1193,0.0,0.0
2024-07-09 11:12:00+09:00,2685.0,2685.0,2680.0,2680.0,5852,0.0,0.0
2024-07-09 11:13:00+09:00,2685.0,2685.0,2685.0,2685.0,1519,0.0,0.0
2024-07-09 11:14:00+09:00,2680.0,2685.0,2675.0,2680.0,4391,0.0,0.0
2024-07-09 11:15:00+09:00,2685.0,2690.0,2680.0,2690.0,3522,0.0,0.0
2024-07-09 11:16:00+09:00,2685.0,2685.0,2680.0,2685.0,933,0.0,0.0
2024-07-09 11:17:00+09:00,2685.0,2690.0,2685.0,2690.0,221,0.0,0.0
2024-07-09 11:18:00+09:00,2690.0,2695.0,2680.0,2680.0,12769,0.0,0.0
2024-07-09 11:19:00+09:00,2685.0,2695.0,2680.0,2680.0,1505,0.0,0.0
2024-07-09 11:20:00+09:00,2680.0,2680.0,2680.0,2680.0,3403,0.0,0.0
2024-07-09 11:21:00+09:00,2680.0,2690.0,2680.0,2680.0,11593,0.0,0.0
2024-07-09 11:22:00+09:00,2675.0,2680.0,2675.0,2675.0,2778,0.0,0.0
2024-07-09 11:23:00+09:00,2675.0,2680.0,2670.0,2680.0,3770,0.0,0.0
2024-07-09 11:24:00+09:00,2675.0,2675.0,2670.0,2675.0,2834,0.0,0.0
2024-07-09 11:25:00+09:00,2675.0,2680.0,2675.0,2675.0,1540,0.0,0.0
2024-07-09 11:26:00+09:00,2675.0,2675.0,2670.0,2675.0,4795,0.0,0.0
2024-07-09 11:27:00+09:00,2675.0,2675.0,2670.0,2670.0,3507,0.0,0.0
2024-07-09 11:28:00+09:00,2670.0,2675.0,2665.0,2665.0,3352,0.0,0.0
2024-07-09 11:29:00+09:00,2665.0,2675.0,2665.0,2670.0,2938,0.0,0.0
2024-07-09 11:30:00+09:00,2670.0,2680.0,2665.0,2680.0,9862,0.0,0.0
2024-07-09 11:31:00+09:00,2680.0,2680.0,2675.0,2680.0,12057,0.0,0.0
2024-07-09 11:32:00+09:00,2680.0,2685.0,2680.0,2685.0,10021,0.0,0.0
2024-07-09 11:33:00+09:00,2685.0,2685.0,2680.0,2680.0,2958,0.0,0.0
2024-07-09 11:34:00+09:00,2680.0,2685.0,2680.0,2680.0,4266,0.0,0.0
2024-07-09 11:35:00+09:00,2685.0,2685.0,2680.0,2680.0,3929,0.0,0.0
2024-07-09 11:36:00+09:00,2675.0,2700.0,2675.0,2695.0,18684,0.0,0.0
2024-07-09 11:37:00+09:00,2695.0,2700.0,2695.0,2700.0,22366,0.0,0.0
2024-07-09 11:38:00+09:00,2700.0,2705.0,2695.0,2700.0,14250,0.0,0.0
2024-07-09 11:39:00+09:00,2700.0,2700.0,2695.0,2695.0,5226,0.0,0.0
2024-07-09 11:40:00+09:00,2695.0,2700.0,2690.0,2695.0,5934,0.0,0.0
2024-07-09 11:41:00+09:00,2695.0,2695.0,2690.0,2690.0,1923,0.0,0.0
2024-07-09 11:42:00+09:00,2695.0,2700.0,2690.0,2690.0,3146,0.0,0.0
2024-07-09 11:43:00+09:00,2690.0,2695.0,2690.0,2695.0,0,0.0,0.0
2024-07-09 11:44:00+09:00,2695.0,2695.0,2690.0,2695.0,11993,0.0,0.0
2024-07-09 11:45:00+09:00,2695.0,2695.0,2690.0,2695.0,4231,0.0,0.0
2024-07-09 11:46:00+09:00,2695.0,2695.0,2690.0,2695.0,2538,0.0,0.0
2024-07-09 11:47:00+09:00,2695.0,2695.0,2690.0,2690.0,1442,0.0,0.0
2024-07-09 11:48:00+09:00,2690.0,2695.0,2690.0,2690.0,2859,0.0,0.0
2024-07-09 11:49:00+09:00,2695.0,2695.0,2690.0,2690.0,2628,0.0,0.0
2024-07-09 11:50:00+09:00,2690.0,2705.0,2690.0,2695.0,10021,0.0,0.0
2024-07-09 11:51:00+09:00,2700.0,2700.0,2700.0,2700.0,2466,0.0,0.0
2024-07-09 11:52:00+09:00,2705.0,2705.0,2700.0,2700.0,1872,0.0,0.0
2024-07-09 11:53:00+09:00,2700.0,2705.0,2700.0,2705.0,1542,0.0,0.0
2024-07-09 11:54:00+09:00,2705.0,2710.0,2705.0,2705.0,3838,0.0,0.0
2024-07-09 11:55:00+09:00,2705.0,2720.0,2705.0,2720.0,37561,0.0,0.0
2024-07-09 11:56:00+09:00,2720.0,2725.0,2715.0,2725.0,16574,0.0,0.0
2024-07-09 11:57:00+09:00,2725.0,2740.0,2720.0,2740.0,49048,0.0,0.0
2024-07-09 11:58:00+09:00,2740.0,2740.0,2730.0,2740.0,44955,0.0,0.0
2024-07-09 11:59:00+09:00,2740.0,2740.0,2730.0,2735.0,17523,0.0,0.0
2024-07-09 12:00:00+09:00,2740.0,2740.0,2730.0,2735.0,14680,0.0,0.0
2024-07-09 12:01:00+09:00,2730.0,2735.0,2725.0,2730.0,5824,0.0,0.0
2024-07-09 12:02:00+09:00,2730.0,2730.0,2720.0,2725.0,7013,0.0,0.0
2024-07-09 12:03:00+09:00,2720.0,2720.0,2715.0,2715.0,9156,0.0,0.0
2024-07-09 12:04:00+09:00,2715.0,2720.0,2715.0,2715.0,8703,0.0,0.0
2024-07-09 12:05:00+09:00,2720.0,2720.0,2710.0,2710.0,10352,0.0,0.0
2024-07-09 12:06:00+09:00,2710.0,2715.0,2710.0,2715.0,748,0.0,0.0
2024-07-09 12:07:00+09:00,2710.0,2715.0,2710.0,2715.0,10195,0.0,0.0
2024-07-09 12:08:00+09:00,2715.0,2720.0,2715.0,2720.0,1873,0.0,0.0
2024-07-09 12:09:00+09:00,2715.0,2720.0,2715.0,2720.0,969,0.0,0.0
2024-07-09 12:10:00+09:00,2720.0,2720.0,2715.0,2720.0,9032,0.0,0.0
2024-07-09 12:11:00+09:00,2720.0,2725.0,2715.0,2725.0,744,0.0,0.0
2024-07-09 12:12:00+09:00,2725.0,2735.0,2725.0,2735.0,10578,0.0,0.0
2024-07-09 12:13:00+09:00,2735.0,2735.0,2730.0,2730.0,3383,0.0,0.0
2024-07-09 12:14:00+09:00,2730.0,2730.0,2720.0,2725.0,5364,0.0,0.0
2024-07-09 12:15:00+09:00,2725.0,2730.0,2715.0,2715.0,53222,0.0,0.0
2024-07-09 12:16:00+09:00,2715.0,2725.0,2710.0,2720.0,0,0.0,0.0
2024-07-09 12:17:00+09:00,2725.0,2725.0,2725.0,2725.0,7716,0.0,0.0
2024-07-09 12:18:00+09:00,2725.0,2730.0,2725.0,2730.0,2760,0.0,0.0
2024-07-09 12:19:00+09:00,2730.0,2730.0,2725.0,2730.0,6681,0.0,0.0
2024-07-09 12:20:00+09:00,2730.0,2730.0,2725.0,2725.0,8985,0.0,0.0
2024-07-09 12:21:00+09:00,2725.0,2725.0,2720.0,2720.0,1097,0.0,0.0
2024-07-09 12:22:00+09:00,2720.0,2725.0,2720.0,2720.0,7228,0.0,0.0
2024-07-09 12:23:00+09:00,2720.0,2720.0,2715.0,2720.0,5273,0.0,0.0
2024-07-09 12:24:00+09:00,2720.0,2720.0,2715.0,2715.0,4187,0.0,0.0
2024-07-09 12:25:00+09:00,2715.0,2720.0,2715.0,2720.0,2997,0.0,0.0
2024-07-09 12:26:00+09:00,2720.0,2725.0,2720.0,2725.0,8088,0.0,0.0
2024-07-09 12:27:00+09:00,2725.0,2730.0,2725.0,2730.0,1255,0.0,0.0
2024-07-09 12:28:00+09:00,2725.0,2730.0,2720.0,2730.0,9302,0.0,0.0
2024-07-09 12:29:00+09:00,2730.0,2730.0,2720.0,2725.0,9470,0.0,0.0
2024-07-09 12:30:00+09:00,2725.0,2725.0,2720.0,2725.0,9363,0.0,0.0
2024-07-09 12:31:00+09:00,2725.0,2725.0,2720.0,2725.0,5012,0.0,0.0
2024-07-09 12:32:00+09:00,2720.0,2725.0,2720.0,2720.0,5188,0.0,0.0
2024-07-09 12:33:00+09:00,2720.0,2725.0,2720.0,2720.0,3255,0.0,0.0
2024-07-09 12:34:00+09:00,2720.0,2730.0,2720.0,2730.0,25899,0.0,0.0
2024-07-09 12:35:00+09:00,2730.0,2730.0,2730.0,2730.0,10788,0.0,0.0
2024-07-09 12:36:00+09:00,2730.0,2730.0,2725.0,2730.0,5507,0.0,0.0
2024-07-09 12:37:00+09:00,2735.0,2740.0,2725.0,2740.0,26581,0.0,0.0
2024-07-09 12:38:00+09:00,2740.0,2740.0,2735.0,2735.0,6162,0.0,0.0
2024-07-09 12:39:00+09:00,2740.0,2740.0,2735.0,2740.0,4724,0.0,0.0
2024-07-09 12:40:00+09:00,2740.0,2745.0,2740.0,2740.0,40701,0.0,0.0
2024-07-09 12:41:00+09:00,2740.0,2745.0,2725.0,2735.0,52333,0.0,0.0
2024-07-09 12:42:00+09:00,2730.0,2735.0,2730.0,2730.0,3361,0.0,0.0
2024-07-09 12:43:00+09:00,2730.0,2730.0,2730.0,2730.0,10942,0.0,0.0
2024-07-09 12:44:00+09:00,2725.0,2730.0,2725.0,2730.0,2500,0.0,0.0
2024-07-09 12:45:00+09:00,2730.0,2740.0,2730.0,2740.0,2125,0.0,0.0
2024-07-09 12:46:00+09:00,2730.0,2740.0,2725.0,2725.0,8673,0.0,0.0
2024-07-09 12:47:00+09:00,2725.0,2735.0,2725.0,2725.0,2299,0.0,0.0
2024-07-09 12:48:00+09:00,2730.0,2730.0,2725.0,2725.0,1358,0.0,0.0
2024-07-09 12:49:00+09:00,2725.0,2725.0,2720.0,2725.0,5059,0.0,0.0
2024-07-09 12:50:00+09:00,2725.0,2725.0,2720.0,2720.0,5070,0.0,0.0
2024-07-09 12:51:00+09:00,2725.0,2725.0,2720.0,2725.0,2928,0.0,0.0
2024-07-09 12:52:00+09:00,2720.0,2725.0,2710.0,2720.0,20014,0.0,0.0
2024-07-09 12:53:00+09:00,2710.0,2725.0,2710.0,2715.0,18066,0.0,0.0
2024-07-09 12:54:00+09:00,2730.0,2730.0,2720.0,2725.0,5866,0.0,0.0
2024-07-09 12:55:00+09:00,2725.0,2725.0,2725.0,2725.0,717,0.0,0.0
2024-07-09 12:56:00+09:00,2725.0,2730.0,2720.0,2725.0,1966,0.0,0.0
2024-07-09 12:57:00+09:00,2730.0,2735.0,2720.0,2720.0,4271,0.0,0.0
2024-07-09 12:58:00+09:00,2735.0,2735.0,2720.0,2735.0,1677,0.0,0.0
2024-07-09 12:59:00+09:00,2735.0,2745.0,2735.0,2745.0,23189,0.0,0.0
2024-07-09 13:00:00+09:00,2745.0,2745.0,2735.0,2740.0,5906,0.0,0.0
2024-07-09 13:01:00+09:00,2745.0,2745.0,2735.0,2735.0,6126,0.0,0.0
2024-07-09 13:02:00+09:00,2735.0,2740.0,2735.0,2740.0,1621,0.0,0.0
2024-07-09 13:03:00+09:00,2740.0,2740.0,2735.0,2740.0,14273,0.0,0.0
2024-07-09 13:04:00+09:00,2740.0,2740.0,2735.0,2740.0,2473,0.0,0.0
2024-07-09 13:05:00+09:00,2740.0,2740.0,2735.0,2740.0,8177,0.0,0.0
2024-07-09 13:06:00+09:00,2740.0,2740.0,2735.0,2735.0,7804,0.0,0.0
2024-07-09 13:07:00+09:00,2735.0,2740.0,2735.0,2740.0,18036,0.0,0.0
2024-07-09 13:08:00+09:00,2740.0,2740.0,2735.0,2735.0,1084,0.0,0.0
2024-07-09 13:09:00+09:00,2740.0,2740.0,2735.0,2735.0,9097,0.0,0.0
2024-07-09 13:10:00+09:00,2735.0,2740.0,2735.0,2740.0,3700,0.0,0.0
2024-07-09 13:11:00+09:00,2740.0,2740.0,2735.0,2740.0,6304,0.0,0.0
2024-07-09 13:12:00+09:00,2735.0,2735.0,2730.0,2735.0,6786,0.0,0.0
2024-07-09 13:13:00+09:00,2735.0,2745.0,2735.0,2745.0,14592,0.0,0.0
2024-07-09 13:14:00+09:00,2745.0,2745.0,2740.0,2740.0,4798,0.0,0.0
2024-07-09 13:15:00+09:00,2740.0,2740.0,2735.0,2740.0,4490,0.0,0.0
2024-07-09 13:16:00+09:00,2735.0,2735.0,2730.0,2730.0,4049,0.0,0.0
2024-07-09 13:17:00+09:00,2735.0,2735.0,2720.0,2720.0,28427,0.0,0.0
2024-07-09 13:18:00+09:00,2720.0,2720.0,2720.0,2720.0,4207,0.0,0.0
2024-07-09 13:19:00+09:00,2720.0,2730.0,2715.0,2715.0,5362,0.0,0.0
2024-07-09 13:20:00+09:00,2715.0,2730.0,2715.0,2730.0,953,0.0,0.0
2024-07-09 13:21:00+09:00,2725.0,2730.0,2720.0,2720.0,5112,0.0,0.0
2024-07-09 13:22:00+09:00,2720.0,2725.0,2715.0,2720.0,8254,0.0,0.0
2024-07-09 13:23:00+09:00,2720.0,2720.0,2715.0,2720.0,6197,0.0,0.0
2024-07-09 13:24:00+09:00,2715.0,2720.0,2715.0,2715.0,1755,0.0,0.0
2024-07-09 13:25:00+09:00,2715.0,2720.0,2715.0,2720.0,1968,0.0,0.0
2024-07-09 13:26:00+09:00,2720.0,2725.0,2720.0,2720.0,3848,0.0,0.0
2024-07-09 13:27:00+09:00,2720.0,2725.0,2720.0,2725.0,1739,0.0,0.0
2024-07-09 13:28:00+09:00,2720.0,2725.0,2720.0,2720.0,1255,0.0,0.0
2024-07-09 13:29:00+09:00,2720.0,2725.0,2720.0,2725.0,3969,0.0,0.0
2024-07-09 13:30:00+09:00,2720.0,2720.0,2720.0,2720.0,5417,0.0,0.0
2024-07-09 13:31:00+09:00,2720.0,2720.0,2715.0,2715.0,6379,0.0,0.0
2024-07-09 13:32:00+09:00,2715.0,2720.0,2715.0,2715.0,11295,0.0,0.0
2024-07-09 13:33:00+09:00,2715.0,2715.0,2710.0,2715.0,9468,0.0,0.0
2024-07-09 13:34:00+09:00,2715.0,2720.0,2715.0,2720.0,10140,0.0,0.0
2024-07-09 13:35:00+09:00,2715.0,2715.0,2700.0,2710.0,27580,0.0,0.0
2024-07-09 13:36:00+09:00,2710.0,2710.0,2705.0,2705.0,12003,0.0,0.0
2024-07-09 13:37:00+09:00,2705.0,2710.0,2705.0,2705.0,1419,0.0,0.0
2024-07-09 13:38:00+09:00,2710.0,2710.0,2700.0,2700.0,11399,0.0,0.0
2024-07-09 13:39:00+09:00,2700.0,2705.0,2690.0,2700.0,16400,0.0,0.0
2024-07-09 13:40:00+09:00,2700.0,2700.0,2695.0,2695.0,1461,0.0,0.0
2024-07-09 13:41:00+09:00,2695.0,2705.0,2695.0,2695.0,8703,0.0,0.0
2024-07-09 13:42:00+09:00,2695.0,2695.0,2690.0,2695.0,32094,0.0,0.0
2024-07-09 13:43:00+09:00,2690.0,2700.0,2690.0,2695.0,2576,0.0,0.0
2024-07-09 13:44:00+09:00,2695.0,2705.0,2695.0,2705.0,2244,0.0,0.0
2024-07-09 13:45:00+09:00,2705.0,2705.0,2700.0,2700.0,8586,0.0,0.0
2024-07-09 13:46:00+09:00,2700.0,2705.0,2695.0,2700.0,3962,0.0,0.0
2024-07-09 13:47:00+09:00,2695.0,2700.0,2695.0,2700.0,3395,0.0,0.0
2024-07-09 13:48:00+09:00,2700.0,2705.0,2695.0,2705.0,2281,0.0,0.0
2024-07-09 13:49:00+09:00,2705.0,2715.0,2705.0,2715.0,3579,0.0,0.0
2024-07-09 13:50:00+09:00,2715.0,2720.0,2710.0,2710.0,3951,0.0,0.0
2024-07-09 13:51:00+09:00,2715.0,2720.0,2710.0,2720.0,2964,0.0,0.0
2024-07-09 13:52:00+09:00,2720.0,2720.0,2715.0,2715.0,230,0.0,0.0
2024-07-09 13:53:00+09:00,2715.0,2715.0,2710.0,2715.0,6488,0.0,0.0
2024-07-09 13:54:00+09:00,2715.0,2715.0,2710.0,2710.0,261,0.0,0.0
2024-07-09 13:55:00+09:00,2715.0,2715.0,2710.0,2715.0,2438,0.0,0.0
2024-07-09 13:56:00+09:00,2715.0,2715.0,2715.0,2715.0,0,0.0,0.0
2024-07-09 13:57:00+09:00,2715.0,2720.0,2715.0,2720.0,9465,0.0,0.0
2024-07-09 13:58:00+09:00,2720.0,2720.0,2715.0,2720.0,3254,0.0,0.0
2024-07-09 13:59:00+09:00,2720.0,2720.0,2715.0,2720.0,4076,0.0,0.0
2024-07-09 14:00:00+09:00,2715.0,2720.0,2715.0,2720.0,2323,0.0,0.0
2024-07-09 14:01:00+09:00,2725.0,2725.0,2720.0,2725.0,11512,0.0,0.0
2024-07-09 14:02:00+09:00,2720.0,2725.0,2720.0,2725.0,2946,0.0,0.0
2024-07-09 14:03:00+09:00,2725.0,2725.0,2720.0,2720.0,2734,0.0,0.0
2024-07-09 14:04:00+09:00,2720.0,2725.0,2720.0,2725.0,14756,0.0,0.0
2024-07-09 14:05:00+09:00,2725.0,2725.0,2720.0,2725.0,1201,0.0,0.0
2024-07-09 14:06:00+09:00,2715.0,2720.0,2715.0,2715.0,688,0.0,0.0
2024-07-09 14:07:00+09:00,2720.0,2720.0,2715.0,2715.0,2149,0.0,0.0
2024-07-09 14:08:00+09:00,2715.0,2720.0,2715.0,2715.0,1408,0.0,0.0
2024-07-09 14:09:00+09:00,2715.0,2720.0,2715.0,2715.0,1240,0.0,0.0
2024-07-09 14:10:00+09:00,2715.0,2720.0,2715.0,2720.0,2043,0.0,0.0
2024-07-09 14:11:00+09:00,2720.0,2735.0,2720.0,2735.0,56201,0.0,0.0
2024-07-09 14:12:00+09:00,2735.0,2735.0,2730.0,2735.0,3599,0.0,0.0
2024-07-09 14:13:00+09:00,2730.0,2735.0,2725.0,2730.0,7161,0.0,0.0
2024-07-09 14:14:00+09:00,2730.0,2730.0,2725.0,2725.0,6775,0.0,0.0
2024-07-09 14:15:00+09:00,2725.0,2725.0,2720.0,2725.0,1586,0.0,0.0
2024-07-09 14:16:00+09:00,2725.0,2725.0,2725.0,2725.0,3641,0.0,0.0
2024-07-09 14:17:00+09:00,2725.0,2745.0,2725.0,2745.0,74482,0.0,0.0
2024-07-09 14:18:00+09:00,2745.0,2750.0,2730.0,2745.0,15925,0.0,0.0
2024-07-09 14:19:00+09:00,2745.0,2745.0,2735.0,2740.0,5806,0.0,0.0
2024-07-09 14:20:00+09:00,2740.0,2740.0,2735.0,2740.0,83,0.0,0.0
2024-07-09 14:21:00+09:00,2740.0,2740.0,2725.0,2725.0,3153,0.0,0.0
2024-07-09 14:22:00+09:00,2730.0,2730.0,2730.0,2730.0,2503,0.0,0.0
2024-07-09 14:23:00+09:00,2730.0,2730.0,2730.0,2730.0,3890,0.0,0.0
2024-07-09 14:24:00+09:00,2730.0,2730.0,2725.0,2725.0,2985,0.0,0.0
2024-07-09 14:25:00+09:00,2730.0,2735.0,2725.0,2730.0,2851,0.0,0.0
2024-07-09 14:26:00+09:00,2730.0,2730.0,2725.0,2730.0,2229,0.0,0.0
2024-07-09 14:27:00+09:00,2730.0,2730.0,2725.0,2730.0,7673,0.0,0.0
2024-07-09 14:28:00+09:00,2735.0,2735.0,2725.0,2725.0,5223,0.0,0.0
2024-07-09 14:29:00+09:00,2725.0,2735.0,2725.0,2730.0,160,0.0,0.0
2024-07-09 14:30:00+09:00,2730.0,2730.0,2730.0,2730.0,3685,0.0,0.0
2024-07-09 14:31:00+09:00,2730.0,2735.0,2730.0,2730.0,5346,0.0,0.0
2024-07-09 14:32:00+09:00,2730.0,2730.0,2730.0,2730.0,296,0.0,0.0
2024-07-09 14:33:00+09:00,2730.0,2735.0,2730.0,2735.0,3543,0.0,0.0
2024-07-09 14:34:00+09:00,2730.0,2735.0,2730.0,2730.0,1710,0.0,0.0
2024-07-09 14:35:00+09:00,2735.0,2735.0,2730.0,2735.0,0,0.0,0.0
2024-07-09 14:36:00+09:00,2735.0,2735.0,2730.0,2730.0,1008,0.0,0.0
2024-07-09 14:37:00+09:00,2730.0,2730.0,2730.0,2730.0,5199,0.0,0.0
2024-07-09 14:38:00+09:00,2725.0,2735.0,2725.0,2735.0,5800,0.0,0.0
2024-07-09 14:39:00+09:00,2735.0,2735.0,2730.0,2730.0,2334,0.0,0.0
2024-07-09 14:40:00+09:00,2730.0,2730.0,2725.0,2730.0,1838,0.0,0.0
2024-07-09 14:41:00+09:00,2725.0,2730.0,2725.0,2730.0,1726,0.0,0.0
2024-07-09 14:42:00+09:00,2730.0,2735.0,2730.0,2735.0,30060,0.0,0.0
2024-07-09 14:43:00+09:00,2735.0,2740.0,2730.0,2735.0,2862,0.0,0.0
2024-07-09 14:44:00+09:00,2735.0,2735.0,2730.0,2735.0,3381,0.0,0.0
2024-07-09 14:45:00+09:00,2735.0,2735.0,2730.0,2735.0,3506,0.0,0.0
2024-07-09 14:46:00+09:00,2730.0,2740.0,2730.0,2735.0,4864,0.0,0.0
2024-07-09 14:47:00+09:00,2740.0,2740.0,2735.0,2735.0,9679,0.0,0.0
2024-07-09 14:48:00+09:00,2735.0,2740.0,2730.0,2735.0,6478,0.0,0.0
2024-07-09 14:49:00+09:00,2735.0,2735.0,2730.0,2735.0,458,0.0,0.0
2024-07-09 14:50:00+09:00,2730.0,2740.0,2730.0,2740.0,38438,0.0,0.0
2024-07-09 14:51:00+09:00,2740.0,2740.0,2735.0,2735.0,1937,0.0,0.0
2024-07-09 14:52:00+09:00,2735.0,2740.0,2735.0,2735.0,2202,0.0,0.0
2024-07-09 14:53:00+09:00,2735.0,2745.0,2735.0,2745.0,17684,0.0,0.0
2024-07-09 14:54:00+09:00,2745.0,2750.0,2740.0,2750.0,36688,0.0,0.0
2024-07-09 14:55:00+09:00,2750.0,2765.0,2750.0,2755.0,49312,0.0,0.0
2024-07-09 14:56:00+09:00,2755.0,2760.0,2750.0,2760.0,16482,0.0,0.0
2024-07-09 14:57:00+09:00,2765.0,2765.0,2760.0,2765.0,10133,0.0,0.0
2024-07-09 14:58:00+09:00,2760.0,2765.0,2750.0,2755.0,10010,0.0,0.0
2024-07-09 14:59:00+09:00,2750.0,2755.0,2750.0,2755.0,3038,0.0,0.0
2024-07-10 09:00:00+09:00,2755.0,2765.0,2750.0,2760.0,58156,0.0,0.0
2024-07-10 09:01:00+09:00,2760.0,2765.0,2730.0,2735.0,35839,0.0,0.0
2024-07-10 09:02:00+09:00,2745.0,2780.0,2740.0,2775.0,65871,0.0,0.0
2024-07-10 09:03:00+09:00,2775.0,2800.0,2770.0,2780.0,92822,0.0,0.0
2024-07-10 09:04:00+09:00,2795.0,2805.0,2775.0,2775.0,85992,0.0,0.0
2024-07-10 09:05:00+09:00,2775.0,2780.0,2740.0,2745.0,58327,0.0,0.0
2024-07-10 09:06:00+09:00,2745.0,2760.0,2735.0,2740.0,29746,0.0,0.0
2024-07-10 09:07:00+09:00,2735.0,2740.0,2730.0,2730.0,35975,0.0,0.0
2024-07-10 09:08:00+09:00,2730.0,2735.0,2705.0,2720.0,64388,0.0,0.0
2024-07-10 09:09:00+09:00,2710.0,2720.0,2700.0,2700.0,55712,0.0,0.0
2024-07-10 09:10:00+09:00,2705.0,2735.0,2700.0,2730.0,30473,0.0,0.0
2024-07-10 09:11:00+09:00,2725.0,2730.0,2710.0,2715.0,21389,0.0,0.0
2024-07-10 09:12:00+09:00,2720.0,2720.0,2700.0,2710.0,22183,0.0,0.0
2024-07-10 09:13:00+09:00,2710.0,2715.0,2705.0,2710.0,13921,0.0,0.0
2024-07-10 09:14:00+09:00,2710.0,2715.0,2675.0,2680.0,103432,0.0,0.0
2024-07-10 09:15:00+09:00,2695.0,2720.0,2685.0,2720.0,38365,0.0,0.0
2024-07-10 09:16:00+09:00,2720.0,2725.0,2715.0,2720.0,16137,0.0,0.0
2024-07-10 09:17:00+09:00,2725.0,2735.0,2715.0,2735.0,19677,0.0,0.0
2024-07-10 09:18:00+09:00,2740.0,2745.0,2700.0,2700.0,38477,0.0,0.0
2024-07-10 09:19:00+09:00,2725.0,2745.0,2725.0,2745.0,21470,0.0,0.0
2024-07-10 09:20:00+09:00,2740.0,2750.0,2740.0,2750.0,7232,0.0,0.0
2024-07-10 09:21:00+09:00,2745.0,2750.0,2735.0,2740.0,13094,0.0,0.0
2024-07-10 09:22:00+09:00,2740.0,2750.0,2735.0,2745.0,10426,0.0,0.0
2024-07-10 09:23:00+09:00,2745.0,2745.0,2720.0,2745.0,15588,0.0,0.0
2024-07-10 09:24:00+09:00,2740.0,2740.0,2715.0,2740.0,16666,0.0,0.0
2024-07-10 09:25:00+09:00,2735.0,2735.0,2710.0,2730.0,38830,0.0,0.0
2024-07-10 09:26:00+09:00,2730.0,2730.0,2710.0,2720.0,14400,0.0,0.0
2024-07-10 09:27:00+09:00,2720.0,2720.0,2690.0,2715.0,59216,0.0,0.0
2024-07-10 09:28:00+09:00,2715.0,2720.0,2695.0,2720.0,18419,0.0,0.0
2024-07-10 09:29:00+09:00,2720.0,2725.0,2710.0,2715.0,8263,0.0,0.0
2024-07-10 09:30:00+09:00,2720.0,2725.0,2710.0,2715.0,7225,0.0,0.0
2024-07-10 09:31:00+09:00,2715.0,2740.0,2715.0,2740.0,16098,0.0,0.0
2024-07-10 09:32:00+09:00,2735.0,2750.0,2735.0,2745.0,34692,0.0,0.0
2024-07-10 09:33:00+09:00,2750.0,2775.0,2745.0,2765.0,43322,0.0,0.0
2024-07-10 09:34:00+09:00,2765.0,2770.0,2750.0,2765.0,16030,0.0,0.0
2024-07-10 09:35:00+09:00,2765.0,2765.0,2755.0,2755.0,14769,0.0,0.0
2024-07-10 09:36:00+09:00,2755.0,2770.0,2755.0,2760.0,24722,0.0,0.0
2024-07-10 09:37:00+09:00,2770.0,2770.0,2750.0,2755.0,34768,0.0,0.0
2024-07-10 09:38:00+09:00,2750.0,2765.0,2750.0,2760.0,10198,0.0,0.0
2024-07-10 09:39:00+09:00,2765.0,2765.0,2755.0,2760.0,4871,0.0,0.0
2024-07-10 09:40:00+09:00,2755.0,2760.0,2755.0,2760.0,1699,0.0,0.0
2024-07-10 09:41:00+09:00,2755.0,2760.0,2755.0,2760.0,17502,0.0,0.0
2024-07-10 09:42:00+09:00,2755.0,2755.0,2750.0,2755.0,10212,0.0,0.0
2024-07-10 09:43:00+09:00,2750.0,2750.0,2740.0,2740.0,31102,0.0,0.0
2024-07-10 09:44:00+09:00,2740.0,2740.0,2735.0,2735.0,10752,0.0,0.0
2024-07-10 09:45:00+09:00,2735.0,2735.0,2720.0,2720.0,6715,0.0,0.0
2024-07-10 09:46:00+09:00,2720.0,2725.0,2720.0,2720.0,7880,0.0,0.0
2024-07-10 09:47:00+09:00,2720.0,2730.0,2720.0,2725.0,10666,0.0,0.0
2024-07-10 09:48:00+09:00,2725.0,2725.0,2700.0,2700.0,18704,0.0,0.0
2024-07-10 09:49:00+09:00,2705.0,2715.0,2705.0,2715.0,9070,0.0,0.0
2024-07-10 09:50:00+09:00,2720.0,2720.0,2715.0,2715.0,8297,0.0,0.0
2024-07-10 09:51:00+09:00,2715.0,2720.0,2710.0,2720.0,9102,0.0,0.0
2024-07-10 09:52:00+09:00,2720.0,2720.0,2710.0,2710.0,2280,0.0,0.0
2024-07-10 09:53:00+09:00,2720.0,2720.0,2710.0,2720.0,579,0.0,0.0
2024-07-10 09:54:00+09:00,2725.0,2730.0,2725.0,2730.0,16424,0.0,0.0
2024-07-10 09:55:00+09:00,2725.0,2725.0,2720.0,2720.0,7702,0.0,0.0
2024-07-10 09:56:00+09:00,2720.0,2720.0,2720.0,2720.0,4322,0.0,0.0
2024-07-10 09:57:00+09:00,2730.0,2730.0,2725.0,2725.0,5534,0.0,0.0
2024-07-10 09:58:00+09:00,2735.0,2735.0,2730.0,2735.0,1901,0.0,0.0
2024-07-10 09:59:00+09:00,2735.0,2745.0,2735.0,2745.0,5501,0.0,0.0
2024-07-10 10:00:00+09:00,2745.0,2750.0,2740.0,2745.0,14946,0.0,0.0
2024-07-10 10:01:00+09:00,2740.0,2745.0,2735.0,2735.0,5557,0.0,0.0
2024-07-10 10:02:00+09:00,2740.0,2755.0,2740.0,2755.0,8686,0.0,0.0
2024-07-10 10:03:00+09:00,2755.0,2755.0,2740.0,2755.0,3582,0.0,0.0
2024-07-10 10:04:00+09:00,2755.0,2760.0,2755.0,2760.0,4441,0.0,0.0
2024-07-10 10:05:00+09:00,2760.0,2765.0,2755.0,2765.0,10104,0.0,0.0
2024-07-10 10:06:00+09:00,2760.0,2780.0,2760.0,2775.0,41945,0.0,0.0
2024-07-10 10:07:00+09:00,2780.0,2780.0,2770.0,2775.0,35602,0.0,0.0
2024-07-10 10:08:00+09:00,2770.0,2770.0,2765.0,2770.0,13477,0.0,0.0
2024-07-10 10:09:00+09:00,2775.0,2780.0,2770.0,2780.0,8412,0.0,0.0
2024-07-10 10:10:00+09:00,2775.0,2775.0,2770.0,2770.0,12198,0.0,0.0
2024-07-10 10:11:00+09:00,2765.0,2765.0,2765.0,2765.0,9618,0.0,0.0
2024-07-10 10:12:00+09:00,2765.0,2765.0,2755.0,2760.0,8865,0.0,0.0
2024-07-10 10:13:00+09:00,2760.0,2765.0,2760.0,2760.0,3526,0.0,0.0
2024-07-10 10:14:00+09:00,2760.0,2765.0,2755.0,2760.0,2843,0.0,0.0
2024-07-10 10:15:00+09:00,2760.0,2760.0,2755.0,2755.0,5180,0.0,0.0
2024-07-10 10:16:00+09:00,2750.0,2755.0,2750.0,2755.0,17418,0.0,0.0
2024-07-10 10:17:00+09:00,2760.0,2765.0,2755.0,2760.0,7894,0.0,0.0
2024-07-10 10:18:00+09:00,2760.0,2765.0,2755.0,2755.0,6363,0.0,0.0
2024-07-10 10:19:00+09:00,2765.0,2765.0,2755.0,2760.0,9790,0.0,0.0
2024-07-10 10:20:00+09:00,2760.0,2760.0,2755.0,2760.0,2370,0.0,0.0
2024-07-10 10:21:00+09:00,2760.0,2765.0,2760.0,2765.0,6736,0.0,0.0
2024-07-10 10:22:00+09:00,2765.0,2765.0,2760.0,2765.0,3490,0.0,0.0
2024-07-10 10:23:00+09:00,2765.0,2765.0,2760.0,2765.0,1237,0.0,0.0
2024-07-10 10:24:00+09:00,2760.0,2760.0,2755.0,2760.0,6625,0.0,0.0
2024-07-10 10:25:00+09:00,2760.0,2760.0,2755.0,2755.0,2260,0.0,0.0
2024-07-10 10:26:00+09:00,2760.0,2760.0,2755.0,2760.0,1414,0.0,0.0
2024-07-10 10:27:00+09:00,2755.0,2755.0,2745.0,2755.0,31242,0.0,0.0
2024-07-10 10:28:00+09:00,2750.0,2760.0,2750.0,2760.0,3609,0.0,0.0
2024-07-10 10:29:00+09:00,2760.0,2760.0,2750.0,2750.0,4141,0.0,0.0
2024-07-10 10:30:00+09:00,2755.0,2760.0,2750.0,2760.0,1613,0.0,0.0
2024-07-10 10:31:00+09:00,2755.0,2765.0,2755.0,2755.0,1401,0.0,0.0
2024-07-10 10:32:00+09:00,2755.0,2775.0,2755.0,2775.0,15287,0.0,0.0
2024-07-10 10:33:00+09:00,2775.0,2775.0,2770.0,2775.0,4132,0.0,0.0
2024-07-10 10:34:00+09:00,2775.0,2775.0,2765.0,2770.0,5164,0.0,0.0
2024-07-10 10:35:00+09:00,2770.0,2770.0,2765.0,2770.0,1884,0.0,0.0
2024-07-10 10:36:00+09:00,2770.0,2775.0,2765.0,2765.0,4268,0.0,0.0
2024-07-10 10:37:00+09:00,2765.0,2775.0,2765.0,2770.0,9754,0.0,0.0
2024-07-10 10:38:00+09:00,2775.0,2775.0,2770.0,2775.0,6168,0.0,0.0
2024-07-10 10:39:00+09:00,2770.0,2780.0,2770.0,2780.0,15903,0.0,0.0
2024-07-10 10:40:00+09:00,2775.0,2775.0,2765.0,2775.0,10292,0.0,0.0
2024-07-10 10:41:00+09:00,2770.0,2775.0,2760.0,2770.0,5650,0.0,0.0
2024-07-10 10:42:00+09:00,2765.0,2765.0,2755.0,2760.0,6878,0.0,0.0
2024-07-10 10:43:00+09:00,2760.0,2760.0,2755.0,2755.0,133,0.0,0.0
2024-07-10 10:44:00+09:00,2755.0,2760.0,2755.0,2755.0,7136,0.0,0.0
2024-07-10 10:45:00+09:00,2760.0,2775.0,2755.0,2775.0,12404,0.0,0.0
2024-07-10 10:46:00+09:00,2775.0,2775.0,2755.0,2760.0,1896,0.0,0.0
2024-07-10 10:47:00+09:00,2760.0,2760.0,2760.0,2760.0,2591,0.0,0.0
2024-07-10 10:48:00+09:00,2760.0,2770.0,2760.0,2765.0,7051,0.0,0.0
2024-07-10 10:49:00+09:00,2765.0,2770.0,2760.0,2760.0,3111,0.0,0.0
2024-07-10 10:50:00+09:00,2765.0,2765.0,2755.0,2760.0,8695,0.0,0.0
2024-07-10 10:51:00+09:00,2760.0,2760.0,2745.0,2745.0,10598,0.0,0.0
2024-07-10 10:52:00+09:00,2745.0,2745.0,2735.0,2740.0,11155,0.0,0.0
2024-07-10 10:53:00+09:00,2740.0,2745.0,2735.0,2740.0,3252,0.0,0.0
2024-07-10 10:54:00+09:00,2740.0,2745.0,2735.0,2740.0,3770,0.0,0.0
2024-07-10 10:55:00+09:00,2745.0,2745.0,2730.0,2730.0,16404,0.0,0.0
2024-07-10 10:56:00+09:00,2735.0,2745.0,2730.0,2745.0,3125,0.0,0.0
2024-07-10 10:57:00+09:00,2740.0,2745.0,2735.0,2745.0,1605,0.0,0.0
2024-07-10 10:58:00+09:00,2745.0,2745.0,2740.0,2745.0,4992,0.0,0.0
2024-07-10 10:59:00+09:00,2740.0,2745.0,2730.0,2730.0,3616,0.0,0.0
2024-07-10 11:00:00+09:00,2735.0,2735.0,2725.0,2730.0,5762,0.0,0.0
2024-07-10 11:01:00+09:00,2730.0,2740.0,2730.0,2730.0,8414,0.0,0.0
2024-07-10 11:02:00+09:00,2730.0,2730.0,2725.0,2725.0,769,0.0,0.0
2024-07-10 11:03:00+09:00,2740.0,2740.0,2725.0,2725.0,6933,0.0,0.0
2024-07-10 11:04:00+09:00,2730.0,2740.0,2725.0,2740.0,15702,0.0,0.0
2024-07-10 11:05:00+09:00,2740.0,2740.0,2725.0,2725.0,1340,0.0,0.0
2024-07-10 11:06:00+09:00,2730.0,2730.0,2730.0,2730.0,0,0.0,0.0
2024-07-10 11:07:00+09:00,2730.0,2730.0,2725.0,2725.0,1511,0.0,0.0
2024-07-10 11:08:00+09:00,2725.0,2730.0,2720.0,2730.0,8047,0.0,0.0
2024-07-10 11:09:00+09:00,2730.0,2730.0,2715.0,2715.0,15460,0.0,0.0
2024-07-10 11:10:00+09:00,2720.0,2720.0,2715.0,2715.0,7358,0.0,0.0
2024-07-10 11:11:00+09:00,2715.0,2720.0,2715.0,2720.0,4423,0.0,0.0
2024-07-10 11:12:00+09:00,2720.0,2730.0,2720.0,2730.0,4722,0.0,0.0
2024-07-10 11:13:00+09:00,2725.0,2730.0,2725.0,2725.0,1946,0.0,0.0
2024-07-10 11:14:00+09:00,2725.0,2735.0,2725.0,2730.0,2579,0.0,0.0
2024-07-10 11:15:00+09:00,2730.0,2730.0,2720.0,2730.0,10036,0.0,0.0
2024-07-10 11:16:00+09:00,2730.0,2730.0,2725.0,2730.0,582,0.0,0.0
2024-07-10 11:17:00+09:00,2725.0,2730.0,2725.0,2725.0,1705,0.0,0.0
2024-07-10 11:18:00+09:00,2725.0,2730.0,2725.0,2730.0,3364,0.0,0.0
2024-07-10 11:19:00+09:00,2730.0,2730.0,2720.0,2725.0,22578,0.0,0.0
2024-07-10 11:20:00+09:00,2725.0,2725.0,2720.0,2725.0,4409,0.0,0.0
2024-07-10 11:21:00+09:00,2725.0,2725.0,2720.0,2725.0,4860,0.0,0.0
2024-07-10 11:22:00+09:00,2725.0,2730.0,2725.0,2730.0,7324,0.0,0.0
2024-07-10 11:23:00+09:00,2730.0,2730.0,2725.0,2725.0,17171,0.0,0.0
2024-07-10 11:24:00+09:00,2725.0,2740.0,2725.0,2740.0,9896,0.0,0.0
2024-07-10 11:25:00+09:00,2730.0,2745.0,2730.0,2745.0,3413,0.0,0.0
2024-07-10 11:26:00+09:00,2745.0,2750.0,2740.0,2745.0,3998,0.0,0.0
2024-07-10 11:27:00+09:00,2745.0,2750.0,2740.0,2745.0,6103,0.0,0.0
2024-07-10 11:28:00+09:00,2745.0,2750.0,2745.0,2745.0,2395,0.0,0.0
2024-07-10 11:29:00+09:00,2750.0,2750.0,2745.0,2745.0,2659,0.0,0.0
2024-07-10 11:30:00+09:00,2745.0,2750.0,2735.0,2735.0,13396,0.0,0.0
2024-07-10 11:31:00+09:00,2735.0,2740.0,2730.0,2735.0,1540,0.0,0.0
2024-07-10 11:32:00+09:00,2740.0,2740.0,2735.0,2735.0,4266,0.0,0.0
2024-07-10 11:33:00+09:00,2735.0,2735.0,2730.0,2730.0,2863,0.0,0.0
2024-07-10 11:34:00+09:00,2730.0,2735.0,2725.0,2725.0,5776,0.0,0.0
2024-07-10 11:35:00+09:00,2725.0,2735.0,2725.0,2730.0,4658,0.0,0.0
2024-07-10 11:36:00+09:00,2730.0,2735.0,2730.0,2735.0,5885,0.0,0.0
2024-07-10 11:37:00+09:00,2730.0,2735.0,2730.0,2735.0,2628,0.0,0.0
2024-07-10 11:38:00+09:00,2730.0,2735.0,2730.0,2730.0,4277,0.0,0.0
2024-07-10 11:39:00+09:00,2730.0,2735.0,2730.0,2735.0,4447,0.0,0.0
2024-07-10 11:40:00+09:00,2735.0,2735.0,2725.0,2725.0,5176,0.0,0.0
2024-07-10 11:41:00+09:00,2725.0,2730.0,2720.0,2730.0,7859,0.0,0.0
2024-07-10 11:42:00+09:00,2725.0,2730.0,2725.0,2725.0,1431,0.0,0.0
2024-07-10 11:43:00+09:00,2725.0,2730.0,2720.0,2730.0,886,0.0,0.0
2024-07-10 11:44:00+09:00,2730.0,2730.0,2725.0,2725.0,2997,0.0,0.0
2024-07-10 11:45:00+09:00,2725.0,2730.0,2720.0,2725.0,5902,0.0,0.0
2024-07-10 11:46:00+09:00,2725.0,2730.0,2720.0,2730.0,1720,0.0,0.0
2024-07-10 11:47:00+09:00,2725.0,2725.0,2720.0,2725.0,247,0.0,0.0
2024-07-10 11:48:00+09:00,2725.0,2725.0,2720.0,2720.0,13131,0.0,0.0
2024-07-10 11:49:00+09:00,2715.0,2720.0,2715.0,2715.0,1106,0.0,0.0
2024-07-10 11:50:00+09:00,2720.0,2720.0,2715.0,2720.0,3434,0.0,0.0
2024-07-10 11:51:00+09:00,2720.0,2720.0,2715.0,2720.0,2925,0.0,0.0
2024-07-10 11:52:00+09:00,2720.0,2720.0,2715.0,2720.0,5557,0.0,0.0
2024-07-10 11:53:00+09:00,2715.0,2725.0,2710.0,2710.0,14369,0.0,0.0
2024-07-10 11:54:00+09:00,2715.0,2715.0,2710.0,2710.0,11465,0.0,0.0
2024-07-10 11:55:00+09:00,2710.0,2715.0,2710.0,2715.0,7252,0.0,0.0
2024-07-10 11:56:00+09:00,2715.0,2720.0,2710.0,2715.0,2245,0.0,0.0
2024-07-10 11:57:00+09:00,2715.0,2715.0,2715.0,2715.0,2524,0.0,0.0
2024-07-10 11:58:00+09:00,2720.0,2725.0,2720.0,2725.0,3169,0.0,0.0
2024-07-10 11:59:00+09:00,2725.0,2725.0,2715.0,2715.0,208,0.0,0.0
2024-07-10 12:00:00+09:00,2720.0,2720.0,2715.0,2715.0,8450,0.0,0.0
2024-07-10 12:01:00+09:00,2715.0,2715.0,2710.0,2710.0,12286,0.0,0.0
2024-07-10 12:02:00+09:00,2715.0,2715.0,2700.0,2705.0,28977,0.0,0.0
2024-07-10 12:03:00+09:00,2700.0,2705.0,2700.0,2705.0,8684,0.0,0.0
2024-07-10 12:04:00+09:00,2705.0,2710.0,2705.0,2710.0,9148,0.0,0.0
2024-07-10 12:05:00+09:00,2710.0,2710.0,2705.0,2710.0,1459,0.0,0.0
2024-07-10 12:06:00+09:00,2710.0,2710.0,2700.0,2710.0,10110,0.0,0.0
2024-07-10 12:07:00+09:00,2705.0,2710.0,2695.0,2700.0,20526,0.0,0.0
2024-07-10 12:08:00+09:00,2700.0,2705.0,2700.0,2700.0,5654,0.0,0.0
2024-07-10 12:09:00+09:00,2705.0,2705.0,2690.0,2705.0,13617,0.0,0.0
2024-07-10 12:10:00+09:00,2700.0,2705.0,2695.0,2700.0,5167,0.0,0.0
2024-07-10 12:11:00+09:00,2695.0,2700.0,2695.0,2695.0,2259,0.0,0.0
2024-07-10 12:12:00+09:00,2695.0,2700.0,2695.0,2700.0,1833,0.0,0.0
2024-07-10 12:13:00+09:00,2700.0,2700.0,2695.0,2700.0,5069,0.0,0.0
2024-07-10 12:14:00+09:00,2700.0,2705.0,2695.0,2705.0,1549,0.0,0.0
2024-07-10 12:15:00+09:00,2705.0,2705.0,2700.0,2700.0,1066,0.0,0.0
2024-07-10 12:16:00+09:00,2700.0,2700.0,2700.0,2700.0,0,0.0,0.0
2024-07-10 12:17:00+09:00,2700.0,2710.0,2700.0,2705.0,3063,0.0,0.0
2024-07-10 12:18:00+09:00,2710.0,2710.0,2705.0,2705.0,288,0.0,0.0
2024-07-10 12:19:00+09:00,2705.0,2705.0,2705.0,2705.0,17,0.0,0.0
2024-07-10 12:20:00+09:00,2710.0,2710.0,2710.0,2710.0,0,0.0,0.0
2024-07-10 12:21:00+09:00,2710.0,2710.0,2705.0,2705.0,5799,0.0,0.0
2024-07-10 12:22:00+09:00,2705.0,2705.0,2700.0,2700.0,9464,0.0,0.0
2024-07-10 12:23:00+09:00,2705.0,2705.0,2700.0,2705.0,1112,0.0,0.0
2024-07-10 12:24:00+09:00,2705.0,2705.0,2700.0,2705.0,712,0.0,0.0
2024-07-10 12:25:00+09:00,2705.0,2705.0,2700.0,2705.0,3778,0.0,0.0
2024-07-10 12:26:00+09:00,2705.0,2705.0,2700.0,2705.0,3091,0.0,0.0
2024-07-10 12:27:00+09:00,2700.0,2705.0,2700.0,2705.0,7590,0.0,0.0
2024-07-10 12:28:00+09:00,2705.0,2705.0,2700.0,2705.0,2411,0.0,0.0
2024-07-10 12:29:00+09:00,2705.0,2705.0,2700.0,2705.0,1300,0.0,0.0
2024-07-10 12:30:00+09:00,2705.0,2705.0,2700.0,2705.0,878,0.0,0.0
2024-07-10 12:31:00+09:00,2705.0,2705.0,2700.0,2705.0,1852,0.0,0.0
2024-07-10 12:32:00+09:00,2705.0,2705.0,2705.0,2705.0,4278,0.0,0.0
2024-07-10 12:33:00+09:00,2705.0,2705.0,2700.0,2705.0,11739,0.0,0.0
2024-07-10 12:34:00+09:00,2705.0,2710.0,2705.0,2710.0,3977,0.0,0.0
2024-07-10 12:35:00+09:00,2710.0,2710.0,2705.0,2710.0,197,0.0,0.0
2024-07-10 12:36:00+09:00,2710.0,2710.0,2705.0,2710.0,1897,0.0,0.0
2024-07-10 12:37:00+09:00,2710.0,2710.0,2710.0,2710.0,1083,0.0,0.0
2024-07-10 12:38:00+09:00,2710.0,2710.0,2705.0,2710.0,4200,0.0,0.0
2024-07-10 12:39:00+09:00,2710.0,2710.0,2705.0,2710.0,649,0.0,0.0
2024-07-10 12:40:00+09:00,2710.0,2710.0,2705.0,2710.0,2760,0.0,0.0
2024-07-10 12:41:00+09:00,2710.0,2710.0,2705.0,2705.0,896,0.0,0.0
2024-07-10 12:42:00+09:00,2710.0,2710.0,2705.0,2710.0,6075,0.0,0.0
2024-07-10 12:43:00+09:00,2710.0,2715.0,2705.0,2715.0,7128,0.0,0.0
2024-07-10 12:44:00+09:00,2720.0,2725.0,2715.0,2715.0,5175,0.0,0.0
2024-07-10 12:45:00+09:00,2715.0,2715.0,2710.0,2715.0,3321,0.0,0.0
2024-07-10 12:46:00+09:00,2715.0,2715.0,2705.0,2705.0,5605,0.0,0.0
2024-07-10 12:47:00+09:00,2705.0,2710.0,2705.0,2705.0,1197,0.0,0.0
2024-07-10 12:48:00+09:00,2705.0,2710.0,2705.0,2705.0,4475,0.0,0.0
2024-07-10 12:49:00+09:00,2705.0,2705.0,2705.0,2705.0,1633,0.0,0.0
2024-07-10 12:50:00+09:00,2705.0,2710.0,2700.0,2700.0,2904,0.0,0.0
2024-07-10 12:51:00+09:00,2710.0,2715.0,2710.0,2715.0,2962,0.0,0.0
2024-07-10 12:52:00+09:00,2715.0,2715.0,2710.0,2715.0,0,0.0,0.0
2024-07-10 12:53:00+09:00,2715.0,2715.0,2710.0,2715.0,620,0.0,0.0
2024-07-10 12:54:00+09:00,2715.0,2715.0,2710.0,2710.0,2678,0.0,0.0
2024-07-10 12:55:00+09:00,2710.0,2715.0,2710.0,2710.0,548,0.0,0.0
2024-07-10 12:56:00+09:00,2710.0,2710.0,2710.0,2710.0,1728,0.0,0.0
2024-07-10 12:57:00+09:00,2710.0,2715.0,2710.0,2710.0,1930,0.0,0.0
2024-07-10 12:58:00+09:00,2705.0,2710.0,2705.0,2705.0,2937,0.0,0.0
2024-07-10 12:59:00+09:00,2705.0,2710.0,2705.0,2710.0,1532,0.0,0.0
2024-07-10 13:00:00+09:00,2710.0,2710.0,2710.0,2710.0,0,0.0,0.0
2024-07-10 13:01:00+09:00,2710.0,2710.0,2705.0,2705.0,6550,0.0,0.0
2024-07-10 13:02:00+09:00,2710.0,2710.0,2710.0,2710.0,229,0.0,0.0
2024-07-10 13:03:00+09:00,2705.0,2705.0,2700.0,2705.0,612,0.0,0.0
2024-07-10 13:04:00+09:00,2705.0,2705.0,2700.0,2705.0,2448,0.0,0.0
2024-07-10 13:05:00+09:00,2705.0,2705.0,2705.0,2705.0,2967,0.0,0.0
2024-07-10 13:06:00+09:00,2705.0,2710.0,2705.0,2710.0,1689,0.0,0.0
2024-07-10 13:07:00+09:00,2710.0,2710.0,2705.0,2705.0,7115,0.0,0.0
2024-07-10 13:08:00+09:00,2710.0,2710.0,2705.0,2705.0,2845,0.0,0.0
2024-07-10 13:09:00+09:00,2705.0,2705.0,2700.0,2705.0,2627,0.0,0.0
2024-07-10 13:10:00+09:00,2705.0,2705.0,2700.0,2705.0,571,0.0,0.0
2024-07-10 13:11:00+09:00,2700.0,2705.0,2700.0,2705.0,2970,0.0,0.0
2024-07-10 13:12:00+09:00,2705.0,2705.0,2705.0,2705.0,804,0.0,0.0
2024-07-10 13:13:00+09:00,2705.0,2705.0,2700.0,2705.0,2731,0.0,0.0
2024-07-10 13:14:00+09:00,2705.0,2710.0,2700.0,2700.0,2828,0.0,0.0
2024-07-10 13:15:00+09:00,2700.0,2710.0,2700.0,2705.0,10003,0.0,0.0
2024-07-10 13:16:00+09:00,2705.0,2705.0,2700.0,2705.0,1485,0.0,0.0
2024-07-10 13:17:00+09:00,2705.0,2705.0,2700.0,2700.0,6186,0.0,0.0
2024-07-10 13:18:00+09:00,2700.0,2710.0,2700.0,2710.0,2369,0.0,0.0
2024-07-10 13:19:00+09:00,2710.0,2715.0,2705.0,2710.0,3060,0.0,0.0
2024-07-10 13:20:00+09:00,2710.0,2710.0,2705.0,2705.0,273,0.0,0.0
2024-07-10 13:21:00+09:00,2705.0,2705.0,2705.0,2705.0,1213,0.0,0.0
2024-07-10 13:22:00+09:00,2710.0,2710.0,2700.0,2700.0,18169,0.0,0.0
2024-07-10 13:23:00+09:00,2700.0,2710.0,2700.0,2700.0,298,0.0,0.0
2024-07-10 13:24:00+09:00,2700.0,2700.0,2695.0,2700.0,6617,0.0,0.0
2024-07-10 13:25:00+09:00,2700.0,2700.0,2695.0,2695.0,12679,0.0,0.0
2024-07-10 13:26:00+09:00,2695.0,2695.0,2680.0,2680.0,39753,0.0,0.0
2024-07-10 13:27:00+09:00,2680.0,2685.0,2680.0,2685.0,7773,0.0,0.0
2024-07-10 13:28:00+09:00,2685.0,2695.0,2680.0,2680.0,16299,0.0,0.0
2024-07-10 13:29:00+09:00,2695.0,2695.0,2680.0,2695.0,0,0.0,0.0
2024-07-10 13:30:00+09:00,2685.0,2690.0,2680.0,2685.0,5458,0.0,0.0
2024-07-10 13:31:00+09:00,2680.0,2685.0,2680.0,2685.0,6527,0.0,0.0
2024-07-10 13:32:00+09:00,2685.0,2685.0,2680.0,2685.0,0,0.0,0.0
2024-07-10 13:33:00+09:00,2685.0,2685.0,2675.0,2680.0,16145,0.0,0.0
2024-07-10 13:34:00+09:00,2675.0,2680.0,2675.0,2680.0,5268,0.0,0.0
2024-07-10 13:35:00+09:00,2680.0,2690.0,2680.0,2690.0,6903,0.0,0.0
2024-07-10 13:36:00+09:00,2690.0,2690.0,2680.0,2690.0,1989,0.0,0.0
2024-07-10 13:37:00+09:00,2690.0,2695.0,2690.0,2695.0,2975,0.0,0.0
2024-07-10 13:38:00+09:00,2695.0,2695.0,2690.0,2695.0,8448,0.0,0.0
2024-07-10 13:39:00+09:00,2695.0,2705.0,2695.0,2705.0,237,0.0,0.0
2024-07-10 13:40:00+09:00,2705.0,2705.0,2700.0,2705.0,7705,0.0,0.0
2024-07-10 13:41:00+09:00,2710.0,2715.0,2705.0,2705.0,7744,0.0,0.0
2024-07-10 13:42:00+09:00,2710.0,2715.0,2705.0,2710.0,5484,0.0,0.0
2024-07-10 13:43:00+09:00,2710.0,2710.0,2710.0,2710.0,10315,0.0,0.0
2024-07-10 13:44:00+09:00,2710.0,2710.0,2705.0,2705.0,0,0.0,0.0
2024-07-10 13:45:00+09:00,2705.0,2705.0,2700.0,2700.0,450,0.0,0.0
2024-07-10 13:46:00+09:00,2700.0,2705.0,2700.0,2705.0,2794,0.0,0.0
2024-07-10 13:47:00+09:00,2700.0,2705.0,2700.0,2705.0,3599,0.0,0.0
2024-07-10 13:48:00+09:00,2700.0,2705.0,2700.0,2705.0,2451,0.0,0.0
2024-07-10 13:49:00+09:00,2705.0,2730.0,2705.0,2730.0,10163,0.0,0.0
2024-07-10 13:50:00+09:00,2725.0,2725.0,2715.0,2715.0,3143,0.0,0.0
2024-07-10 13:51:00+09:00,2710.0,2720.0,2710.0,2720.0,520,0.0,0.0
2024-07-10 13:52:00+09:00,2720.0,2725.0,2720.0,2720.0,2810,0.0,0.0
2024-07-10 13:53:00+09:00,2720.0,2720.0,2720.0,2720.0,3468,0.0,0.0
2024-07-10 13:54:00+09:00,2720.0,2720.0,2715.0,2720.0,141,0.0,0.0
2024-07-10 13:55:00+09:00,2720.0,2720.0,2715.0,2720.0,1130,0.0,0.0
2024-07-10 13:56:00+09:00,2715.0,2715.0,2710.0,2710.0,5606,0.0,0.0
2024-07-10 13:57:00+09:00,2715.0,2715.0,2710.0,2710.0,0,0.0,0.0
2024-07-10 13:58:00+09:00,2710.0,2710.0,2705.0,2705.0,7690,0.0,0.0
2024-07-10 13:59:00+09:00,2700.0,2705.0,2700.0,2700.0,3717,0.0,0.0
2024-07-10 14:00:00+09:00,2710.0,2710.0,2700.0,2710.0,426,0.0,0.0
2024-07-10 14:01:00+09:00,2705.0,2710.0,2705.0,2710.0,33,0.0,0.0
2024-07-10 14:02:00+09:00,2710.0,2710.0,2710.0,2710.0,1735,0.0,0.0
2024-07-10 14:03:00+09:00,2710.0,2710.0,2705.0,2705.0,802,0.0,0.0
2024-07-10 14:05:00+09:00,2710.0,2710.0,2710.0,2710.0,6261,0.0,0.0
2024-07-10 14:06:00+09:00,2710.0,2710.0,2705.0,2710.0,0,0.0,0.0
2024-07-10 14:07:00+09:00,2710.0,2715.0,2710.0,2715.0,350,0.0,0.0
2024-07-10 14:08:00+09:00,2715.0,2715.0,2710.0,2710.0,4873,0.0,0.0
2024-07-10 14:09:00+09:00,2710.0,2710.0,2710.0,2710.0,0,0.0,0.0
2024-07-10 14:10:00+09:00,2705.0,2710.0,2705.0,2710.0,4352,0.0,0.0
2024-07-10 14:11:00+09:00,2710.0,2715.0,2705.0,2705.0,845,0.0,0.0
2024-07-10 14:12:00+09:00,2710.0,2710.0,2705.0,2705.0,2237,0.0,0.0
2024-07-10 14:13:00+09:00,2710.0,2710.0,2705.0,2705.0,872,0.0,0.0
2024-07-10 14:14:00+09:00,2705.0,2705.0,2705.0,2705.0,349,0.0,0.0
2024-07-10 14:15:00+09:00,2705.0,2705.0,2700.0,2700.0,9358,0.0,0.0
2024-07-10 14:16:00+09:00,2700.0,2705.0,2695.0,2695.0,6143,0.0,0.0
2024-07-10 14:17:00+09:00,2695.0,2705.0,2695.0,2695.0,0,0.0,0.0
2024-07-10 14:18:00+09:00,2695.0,2700.0,2695.0,2695.0,1523,0.0,0.0
2024-07-10 14:19:00+09:00,2695.0,2700.0,2695.0,2695.0,6235,0.0,0.0
2024-07-10 14:20:00+09:00,2700.0,2700.0,2695.0,2700.0,1462,0.0,0.0
2024-07-10 14:21:00+09:00,2700.0,2705.0,2700.0,2705.0,6149,0.0,0.0
2024-07-10 14:22:00+09:00,2705.0,2710.0,2705.0,2705.0,2144,0.0,0.0
2024-07-10 14:23:00+09:00,2705.0,2710.0,2705.0,2710.0,2586,0.0,0.0
2024-07-10 14:24:00+09:00,2705.0,2705.0,2705.0,2705.0,595,0.0,0.0
2024-07-10 14:25:00+09:00,2710.0,2710.0,2705.0,2705.0,5877,0.0,0.0
2024-07-10 14:26:00+09:00,2700.0,2700.0,2695.0,2700.0,3749,0.0,0.0
2024-07-10 14:27:00+09:00,2700.0,2700.0,2695.0,2695.0,2012,0.0,0.0
2024-07-10 14:28:00+09:00,2695.0,2700.0,2695.0,2700.0,1565,0.0,0.0
2024-07-10 14:29:00+09:00,2700.0,2700.0,2695.0,2695.0,2356,0.0,0.0
2024-07-10 14:30:00+09:00,2705.0,2705.0,2705.0,2705.0,0,0.0,0.0
2024-07-10 14:31:00+09:00,2705.0,2705.0,2695.0,2700.0,3622,0.0,0.0
2024-07-10 14:32:00+09:00,2700.0,2700.0,2700.0,2700.0,5532,0.0,0.0
2024-07-10 14:33:00+09:00,2700.0,2705.0,2700.0,2705.0,236,0.0,0.0
2024-07-10 14:34:00+09:00,2705.0,2715.0,2700.0,2715.0,13291,0.0,0.0
2024-07-10 14:35:00+09:00,2715.0,2715.0,2700.0,2710.0,3620,0.0,0.0
2024-07-10 14:36:00+09:00,2710.0,2710.0,2710.0,2710.0,2079,0.0,0.0
2024-07-10 14:37:00+09:00,2710.0,2710.0,2700.0,2700.0,2607,0.0,0.0
2024-07-10 14:38:00+09:00,2705.0,2705.0,2700.0,2705.0,350,0.0,0.0
2024-07-10 14:39:00+09:00,2705.0,2705.0,2700.0,2705.0,93,0.0,0.0
2024-07-10 14:40:00+09:00,2705.0,2705.0,2700.0,2705.0,1501,0.0,0.0
2024-07-10 14:41:00+09:00,2700.0,2705.0,2700.0,2705.0,1472,0.0,0.0
2024-07-10 14:42:00+09:00,2705.0,2705.0,2705.0,2705.0,10730,0.0,0.0
2024-07-10 14:43:00+09:00,2705.0,2710.0,2700.0,2710.0,0,0.0,0.0
2024-07-10 14:44:00+09:00,2710.0,2715.0,2705.0,2710.0,3693,0.0,0.0
2024-07-10 14:45:00+09:00,2710.0,2710.0,2705.0,2705.0,6718,0.0,0.0
2024-07-10 14:46:00+09:00,2705.0,2705.0,2705.0,2705.0,624,0.0,0.0
2024-07-10 14:47:00+09:00,2705.0,2705.0,2695.0,2705.0,2429,0.0,0.0
2024-07-10 14:48:00+09:00,2705.0,2705.0,2695.0,2705.0,786,0.0,0.0
2024-07-10 14:49:00+09:00,2695.0,2705.0,2695.0,2700.0,572,0.0,0.0
2024-07-10 14:50:00+09:00,2700.0,2700.0,2695.0,2695.0,3969,0.0,0.0
2024-07-10 14:51:00+09:00,2700.0,2700.0,2695.0,2695.0,6210,0.0,0.0
2024-07-10 14:52:00+09:00,2695.0,2700.0,2695.0,2700.0,1489,0.0,0.0
2024-07-10 14:53:00+09:00,2700.0,2700.0,2695.0,2695.0,1243,0.0,0.0
2024-07-10 14:54:00+09:00,2695.0,2695.0,2695.0,2695.0,685,0.0,0.0
2024-07-10 14:55:00+09:00,2695.0,2705.0,2695.0,2705.0,4792,0.0,0.0
2024-07-10 14:56:00+09:00,2700.0,2705.0,2700.0,2705.0,1407,0.0,0.0
2024-07-10 14:57:00+09:00,2705.0,2705.0,2700.0,2700.0,14570,0.0,0.0
2024-07-10 14:58:00+09:00,2700.0,2705.0,2700.0,2705.0,3475,0.0,0.0
2024-07-10 14:59:00+09:00,2700.0,2705.0,2700.0,2705.0,1420,0.0,0.0
2024-07-11 09:00:00+09:00,2730.0,2730.0,2685.0,2720.0,62397,0.0,0.0
2024-07-11 09:01:00+09:00,2715.0,2720.0,2705.0,2715.0,31698,0.0,0.0
2024-07-11 09:02:00+09:00,2715.0,2725.0,2700.0,2710.0,31701,0.0,0.0
2024-07-11 09:03:00+09:00,2710.0,2710.0,2685.0,2685.0,35640,0.0,0.0
2024-07-11 09:04:00+09:00,2685.0,2710.0,2685.0,2700.0,20177,0.0,0.0
2024-07-11 09:05:00+09:00,2700.0,2710.0,2700.0,2705.0,3533,0.0,0.0
2024-07-11 09:06:00+09:00,2705.0,2705.0,2695.0,2700.0,12821,0.0,0.0
2024-07-11 09:07:00+09:00,2700.0,2700.0,2690.0,2695.0,12417,0.0,0.0
2024-07-11 09:08:00+09:00,2695.0,2730.0,2690.0,2730.0,39918,0.0,0.0
2024-07-11 09:09:00+09:00,2730.0,2740.0,2720.0,2730.0,33541,0.0,0.0
2024-07-11 09:10:00+09:00,2730.0,2765.0,2730.0,2765.0,77472,0.0,0.0
2024-07-11 09:11:00+09:00,2765.0,2765.0,2730.0,2745.0,59846,0.0,0.0
2024-07-11 09:12:00+09:00,2745.0,2750.0,2735.0,2740.0,31098,0.0,0.0
2024-07-11 09:13:00+09:00,2740.0,2745.0,2720.0,2725.0,29076,0.0,0.0
2024-07-11 09:14:00+09:00,2715.0,2740.0,2710.0,2715.0,31792,0.0,0.0
2024-07-11 09:15:00+09:00,2715.0,2735.0,2715.0,2730.0,13383,0.0,0.0
2024-07-11 09:16:00+09:00,2730.0,2730.0,2715.0,2725.0,15527,0.0,0.0
2024-07-11 09:17:00+09:00,2725.0,2730.0,2720.0,2730.0,9524,0.0,0.0
2024-07-11 09:18:00+09:00,2730.0,2730.0,2720.0,2725.0,6246,0.0,0.0
2024-07-11 09:19:00+09:00,2720.0,2740.0,2720.0,2735.0,12128,0.0,0.0
2024-07-11 09:20:00+09:00,2730.0,2800.0,2730.0,2790.0,133787,0.0,0.0
2024-07-11 09:21:00+09:00,2790.0,2815.0,2785.0,2795.0,210274,0.0,0.0
2024-07-11 09:22:00+09:00,2805.0,2830.0,2790.0,2825.0,162619,0.0,0.0
2024-07-11 09:23:00+09:00,2830.0,2840.0,2790.0,2805.0,171825,0.0,0.0
2024-07-11 09:24:00+09:00,2805.0,2805.0,2780.0,2805.0,85593,0.0,0.0
2024-07-11 09:25:00+09:00,2805.0,2850.0,2790.0,2845.0,120592,0.0,0.0
2024-07-11 09:26:00+09:00,2845.0,2865.0,2825.0,2865.0,256975,0.0,0.0
2024-07-11 09:27:00+09:00,2865.0,2875.0,2855.0,2870.0,272327,0.0,0.0
2024-07-11 09:28:00+09:00,2870.0,2880.0,2835.0,2850.0,133589,0.0,0.0
2024-07-11 09:29:00+09:00,2855.0,2860.0,2805.0,2820.0,124801,0.0,0.0
2024-07-11 09:30:00+09:00,2820.0,2820.0,2800.0,2800.0,58479,0.0,0.0
2024-07-11 09:31:00+09:00,2800.0,2805.0,2780.0,2790.0,96829,0.0,0.0
2024-07-11 09:32:00+09:00,2790.0,2800.0,2785.0,2790.0,37547,0.0,0.0
2024-07-11 09:33:00+09:00,2790.0,2795.0,2790.0,2795.0,31321,0.0,0.0
2024-07-11 09:34:00+09:00,2795.0,2795.0,2775.0,2780.0,65355,0.0,0.0
2024-07-11 09:35:00+09:00,2780.0,2805.0,2775.0,2805.0,60527,0.0,0.0
2024-07-11 09:36:00+09:00,2800.0,2805.0,2790.0,2805.0,21254,0.0,0.0
2024-07-11 09:37:00+09:00,2805.0,2835.0,2800.0,2835.0,56861,0.0,0.0
2024-07-11 09:38:00+09:00,2830.0,2835.0,2815.0,2820.0,38457,0.0,0.0
2024-07-11 09:39:00+09:00,2825.0,2825.0,2815.0,2820.0,14586,0.0,0.0
2024-07-11 09:40:00+09:00,2815.0,2820.0,2810.0,2810.0,16917,0.0,0.0
2024-07-11 09:41:00+09:00,2810.0,2840.0,2805.0,2835.0,63030,0.0,0.0
2024-07-11 09:42:00+09:00,2835.0,2845.0,2830.0,2835.0,33559,0.0,0.0
2024-07-11 09:43:00+09:00,2845.0,2885.0,2840.0,2885.0,177389,0.0,0.0
2024-07-11 09:44:00+09:00,2880.0,2920.0,2875.0,2915.0,400807,0.0,0.0
2024-07-11 09:45:00+09:00,2915.0,2935.0,2885.0,2915.0,426727,0.0,0.0
2024-07-11 09:46:00+09:00,2915.0,2955.0,2905.0,2950.0,459798,0.0,0.0
2024-07-11 09:47:00+09:00,2955.0,2955.0,2925.0,2940.0,323739,0.0,0.0
2024-07-11 09:48:00+09:00,2940.0,2945.0,2895.0,2930.0,236875,0.0,0.0
2024-07-11 09:49:00+09:00,2930.0,2935.0,2905.0,2905.0,99217,0.0,0.0
2024-07-11 09:50:00+09:00,2910.0,2915.0,2890.0,2915.0,148133,0.0,0.0
2024-07-11 09:51:00+09:00,2910.0,2950.0,2910.0,2945.0,263000,0.0,0.0
2024-07-11 09:52:00+09:00,2940.0,2990.0,2935.0,2990.0,502613,0.0,0.0
2024-07-11 09:53:00+09:00,2990.0,3000.0,2980.0,3000.0,445903,0.0,0.0
2024-07-11 09:55:00+09:00,3030.0,3050.0,3020.0,3040.0,365920,0.0,0.0
2024-07-11 09:56:00+09:00,3040.0,3050.0,3005.0,3015.0,474384,0.0,0.0
2024-07-11 09:57:00+09:00,3010.0,3040.0,3000.0,3015.0,433804,0.0,0.0
2024-07-11 09:58:00+09:00,3010.0,3030.0,3000.0,3015.0,240733,0.0,0.0
2024-07-11 09:59:00+09:00,3010.0,3015.0,2970.0,3000.0,305361,0.0,0.0
2024-07-11 10:00:00+09:00,3005.0,3075.0,3000.0,3070.0,528690,0.0,0.0
2024-07-11 10:01:00+09:00,3070.0,3090.0,3045.0,3090.0,366197,0.0,0.0
2024-07-11 10:02:00+09:00,3090.0,3095.0,3075.0,3080.0,364013,0.0,0.0
2024-07-11 10:03:00+09:00,3080.0,3120.0,3065.0,3105.0,527418,0.0,0.0
2024-07-11 10:04:00+09:00,3105.0,3155.0,3105.0,3155.0,484758,0.0,0.0
2024-07-11 10:05:00+09:00,3155.0,3155.0,3090.0,3095.0,373671,0.0,0.0
2024-07-11 10:06:00+09:00,3095.0,3150.0,3085.0,3100.0,381345,0.0,0.0
2024-07-11 10:07:00+09:00,3100.0,3115.0,3085.0,3085.0,194790,0.0,0.0
2024-07-11 10:08:00+09:00,3090.0,3090.0,3050.0,3085.0,337812,0.0,0.0
2024-07-11 10:09:00+09:00,3085.0,3115.0,3080.0,3095.0,161614,0.0,0.0
2024-07-11 10:10:00+09:00,3090.0,3130.0,3060.0,3125.0,251340,0.0,0.0
2024-07-11 10:11:00+09:00,3120.0,3145.0,3115.0,3120.0,287975,0.0,0.0
2024-07-11 10:12:00+09:00,3120.0,3155.0,3105.0,3130.0,316373,0.0,0.0
2024-07-11 10:13:00+09:00,3130.0,3150.0,3120.0,3145.0,163527,0.0,0.0
2024-07-11 10:14:00+09:00,3145.0,3150.0,3120.0,3135.0,209820,0.0,0.0
2024-07-11 10:15:00+09:00,3130.0,3140.0,3125.0,3130.0,90755,0.0,0.0
2024-07-11 10:16:00+09:00,3130.0,3130.0,3085.0,3090.0,134822,0.0,0.0
2024-07-11 10:17:00+09:00,3085.0,3095.0,3070.0,3070.0,188374,0.0,0.0
2024-07-11 10:18:00+09:00,3070.0,3075.0,3050.0,3060.0,162252,0.0,0.0
2024-07-11 10:19:00+09:00,3060.0,3065.0,3045.0,3065.0,141833,0.0,0.0
2024-07-11 10:20:00+09:00,3065.0,3100.0,3060.0,3090.0,132030,0.0,0.0
2024-07-11 10:21:00+09:00,3090.0,3095.0,3085.0,3090.0,92532,0.0,0.0
2024-07-11 10:22:00+09:00,3085.0,3095.0,3040.0,3045.0,142302,0.0,0.0
2024-07-11 10:23:00+09:00,3045.0,3065.0,3025.0,3050.0,214548,0.0,0.0
2024-07-11 10:24:00+09:00,3050.0,3055.0,3020.0,3040.0,118000,0.0,0.0
2024-07-11 10:25:00+09:00,3040.0,3055.0,3020.0,3030.0,100713,0.0,0.0
2024-07-11 10:26:00+09:00,3030.0,3045.0,3025.0,3040.0,87556,0.0,0.0
2024-07-11 10:27:00+09:00,3035.0,3065.0,3035.0,3060.0,76715,0.0,0.0
2024-07-11 10:28:00+09:00,3060.0,3060.0,3045.0,3060.0,52633,0.0,0.0
2024-07-11 10:29:00+09:00,3055.0,3075.0,3045.0,3065.0,50091,0.0,0.0
2024-07-11 10:30:00+09:00,3070.0,3080.0,3060.0,3060.0,77988,0.0,0.0
2024-07-11 10:31:00+09:00,3060.0,3065.0,3045.0,3045.0,42215,0.0,0.0
2024-07-11 10:32:00+09:00,3045.0,3050.0,3030.0,3035.0,30511,0.0,0.0
2024-07-11 10:33:00+09:00,3035.0,3035.0,3020.0,3030.0,64422,0.0,0.0
2024-07-11 10:34:00+09:00,3025.0,3035.0,3025.0,3035.0,43530,0.0,0.0
2024-07-11 10:35:00+09:00,3035.0,3035.0,3030.0,3035.0,24879,0.0,0.0
2024-07-11 10:36:00+09:00,3035.0,3055.0,3035.0,3045.0,35701,0.0,0.0
2024-07-11 10:37:00+09:00,3040.0,3085.0,3040.0,3085.0,106175,0.0,0.0
2024-07-11 10:38:00+09:00,3085.0,3090.0,3060.0,3075.0,90508,0.0,0.0
2024-07-11 10:39:00+09:00,3080.0,3080.0,3055.0,3060.0,68421,0.0,0.0
2024-07-11 10:40:00+09:00,3070.0,3070.0,3045.0,3060.0,63612,0.0,0.0
2024-07-11 10:41:00+09:00,3055.0,3070.0,3050.0,3060.0,42103,0.0,0.0
2024-07-11 10:42:00+09:00,3065.0,3065.0,3035.0,3035.0,86454,0.0,0.0
2024-07-11 10:43:00+09:00,3040.0,3045.0,3025.0,3035.0,70181,0.0,0.0
2024-07-11 10:44:00+09:00,3040.0,3045.0,3015.0,3020.0,78277,0.0,0.0
2024-07-11 10:45:00+09:00,3015.0,3025.0,2985.0,3005.0,251993,0.0,0.0
2024-07-11 10:46:00+09:00,3005.0,3020.0,3005.0,3015.0,59165,0.0,0.0
2024-07-11 10:47:00+09:00,3015.0,3045.0,3010.0,3040.0,56309,0.0,0.0
2024-07-11 10:48:00+09:00,3040.0,3075.0,3040.0,3070.0,108843,0.0,0.0
2024-07-11 10:49:00+09:00,3075.0,3080.0,3065.0,3070.0,92543,0.0,0.0
2024-07-11 10:50:00+09:00,3070.0,3080.0,3060.0,3070.0,59266,0.0,0.0
2024-07-11 10:51:00+09:00,3080.0,3080.0,3080.0,3080.0,41120,0.0,0.0
2024-07-11 10:52:00+09:00,3075.0,3110.0,3075.0,3105.0,176489,0.0,0.0
2024-07-11 10:53:00+09:00,3150.0,3180.0,3145.0,3175.0,543815,0.0,0.0
2024-07-11 10:54:00+09:00,3175.0,3180.0,3120.0,3150.0,370298,0.0,0.0
2024-07-11 10:55:00+09:00,3150.0,3175.0,3135.0,3170.0,226317,0.0,0.0
2024-07-11 10:56:00+09:00,3170.0,3190.0,3165.0,3190.0,336871,0.0,0.0
2024-07-11 10:57:00+09:00,3190.0,3200.0,3180.0,3200.0,320893,0.0,0.0
2024-07-11 10:58:00+09:00,3200.0,3200.0,3180.0,3190.0,235958,0.0,0.0
2024-07-11 10:59:00+09:00,3190.0,3210.0,3185.0,3210.0,362267,0.0,0.0
2024-07-11 11:00:00+09:00,3210.0,3230.0,3185.0,3185.0,418831,0.0,0.0
2024-07-11 11:01:00+09:00,3190.0,3195.0,3160.0,3185.0,265237,0.0,0.0
2024-07-11 11:02:00+09:00,3180.0,3195.0,3160.0,3170.0,160943,0.0,0.0
2024-07-11 11:03:00+09:00,3170.0,3190.0,3165.0,3170.0,84305,0.0,0.0
2024-07-11 11:04:00+09:00,3175.0,3185.0,3125.0,3170.0,226863,0.0,0.0
2024-07-11 11:05:00+09:00,3155.0,3185.0,3155.0,3170.0,135640,0.0,0.0
2024-07-11 11:06:00+09:00,3175.0,3175.0,3140.0,3150.0,111185,0.0,0.0
2024-07-11 11:07:00+09:00,3150.0,3175.0,3150.0,3160.0,56533,0.0,0.0
2024-07-11 11:08:00+09:00,3160.0,3165.0,3150.0,3155.0,53810,0.0,0.0
2024-07-11 11:09:00+09:00,3155.0,3185.0,3150.0,3180.0,127827,0.0,0.0
2024-07-11 11:10:00+09:00,3180.0,3220.0,3175.0,3220.0,234007,0.0,0.0
2024-07-11 11:11:00+09:00,3220.0,3245.0,3205.0,3240.0,303136,0.0,0.0
2024-07-11 11:12:00+09:00,3245.0,3245.0,3195.0,3200.0,210590,0.0,0.0
2024-07-11 11:13:00+09:00,3195.0,3220.0,3185.0,3210.0,144898,0.0,0.0
2024-07-11 11:14:00+09:00,3205.0,3205.0,3180.0,3180.0,144229,0.0,0.0
2024-07-11 11:15:00+09:00,3180.0,3190.0,3175.0,3190.0,62775,0.0,0.0
2024-07-11 11:16:00+09:00,3185.0,3195.0,3180.0,3195.0,66400,0.0,0.0
2024-07-11 11:17:00+09:00,3185.0,3215.0,3185.0,3200.0,101945,0.0,0.0
2024-07-11 11:18:00+09:00,3200.0,3205.0,3180.0,3190.0,91769,0.0,0.0
2024-07-11 11:19:00+09:00,3185.0,3195.0,3165.0,3170.0,134017,0.0,0.0
2024-07-11 11:20:00+09:00,3165.0,3180.0,3165.0,3175.0,49892,0.0,0.0
2024-07-11 11:21:00+09:00,3170.0,3180.0,3165.0,3175.0,38004,0.0,0.0
2024-07-11 11:22:00+09:00,3175.0,3205.0,3170.0,3205.0,134124,0.0,0.0
2024-07-11 11:23:00+09:00,3205.0,3210.0,3190.0,3195.0,67707,0.0,0.0
2024-07-11 11:24:00+09:00,3190.0,3195.0,3170.0,3170.0,74329,0.0,0.0
2024-07-11 11:25:00+09:00,3175.0,3180.0,3170.0,3180.0,52102,0.0,0.0
2024-07-11 11:26:00+09:00,3175.0,3185.0,3170.0,3170.0,31797,0.0,0.0
2024-07-11 11:27:00+09:00,3170.0,3175.0,3160.0,3165.0,112825,0.0,0.0
2024-07-11 11:28:00+09:00,3170.0,3170.0,3160.0,3160.0,39150,0.0,0.0
2024-07-11 11:29:00+09:00,3165.0,3170.0,3155.0,3165.0,45518,0.0,0.0
2024-07-11 11:30:00+09:00,3165.0,3170.0,3160.0,3165.0,22839,0.0,0.0
2024-07-11 11:31:00+09:00,3165.0,3165.0,3155.0,3155.0,43671,0.0,0.0
2024-07-11 11:32:00+09:00,3155.0,3175.0,3155.0,3175.0,38550,0.0,0.0
2024-07-11 11:33:00+09:00,3175.0,3180.0,3145.0,3150.0,101529,0.0,0.0
2024-07-11 11:34:00+09:00,3145.0,3155.0,3140.0,3155.0,78980,0.0,0.0
2024-07-11 11:35:00+09:00,3150.0,3155.0,3135.0,3145.0,82684,0.0,0.0
2024-07-11 11:36:00+09:00,3145.0,3155.0,3140.0,3155.0,40313,0.0,0.0
2024-07-11 11:37:00+09:00,3155.0,3155.0,3140.0,3140.0,35933,0.0,0.0
2024-07-11 11:38:00+09:00,3140.0,3145.0,3125.0,3130.0,116183,0.0,0.0
2024-07-11 11:39:00+09:00,3130.0,3130.0,3120.0,3120.0,84841,0.0,0.0
2024-07-11 11:40:00+09:00,3120.0,3125.0,3115.0,3125.0,52459,0.0,0.0
2024-07-11 11:41:00+09:00,3120.0,3150.0,3120.0,3145.0,70632,0.0,0.0
2024-07-11 11:42:00+09:00,3145.0,3160.0,3140.0,3155.0,50855,0.0,0.0
2024-07-11 11:43:00+09:00,3160.0,3170.0,3155.0,3170.0,77775,0.0,0.0
2024-07-11 11:44:00+09:00,3170.0,3180.0,3170.0,3180.0,76534,0.0,0.0
2024-07-11 11:45:00+09:00,3175.0,3185.0,3175.0,3185.0,66429,0.0,0.0
2024-07-11 11:46:00+09:00,3185.0,3190.0,3165.0,3165.0,84328,0.0,0.0
2024-07-11 11:47:00+09:00,3165.0,3165.0,3155.0,3165.0,29192,0.0,0.0
2024-07-11 11:48:00+09:00,3165.0,3165.0,3155.0,3155.0,32616,0.0,0.0
2024-07-11 11:49:00+09:00,3155.0,3160.0,3140.0,3140.0,37803,0.0,0.0
2024-07-11 11:50:00+09:00,3150.0,3150.0,3140.0,3140.0,29617,0.0,0.0
2024-07-11 11:51:00+09:00,3140.0,3160.0,3140.0,3160.0,24111,0.0,0.0
2024-07-11 11:52:00+09:00,3160.0,3170.0,3150.0,3155.0,20711,0.0,0.0
2024-07-11 11:53:00+09:00,3155.0,3170.0,3155.0,3160.0,18288,0.0,0.0
2024-07-11 11:54:00+09:00,3160.0,3165.0,3155.0,3155.0,10692,0.0,0.0
2024-07-11 11:55:00+09:00,3160.0,3165.0,3155.0,3160.0,12363,0.0,0.0
2024-07-11 11:56:00+09:00,3150.0,3160.0,3145.0,3145.0,23723,0.0,0.0
2024-07-11 11:57:00+09:00,3140.0,3145.0,3130.0,3140.0,54252,0.0,0.0
2024-07-11 11:58:00+09:00,3140.0,3140.0,3115.0,3120.0,66467,0.0,0.0
2024-07-11 11:59:00+09:00,3120.0,3135.0,3120.0,3135.0,24770,0.0,0.0
2024-07-11 12:00:00+09:00,3135.0,3155.0,3130.0,3155.0,28370,0.0,0.0
2024-07-11 12:01:00+09:00,3150.0,3160.0,3140.0,3140.0,30709,0.0,0.0
2024-07-11 12:02:00+09:00,3140.0,3145.0,3135.0,3140.0,14387,0.0,0.0
2024-07-11 12:03:00+09:00,3140.0,3140.0,3130.0,3130.0,20252,0.0,0.0
2024-07-11 12:04:00+09:00,3125.0,3135.0,3125.0,3125.0,23074,0.0,0.0
2024-07-11 12:05:00+09:00,3125.0,3135.0,3125.0,3130.0,17750,0.0,0.0
2024-07-11 12:06:00+09:00,3130.0,3140.0,3125.0,3135.0,16188,0.0,0.0
2024-07-11 12:07:00+09:00,3140.0,3140.0,3125.0,3130.0,20844,0.0,0.0
2024-07-11 12:08:00+09:00,3125.0,3130.0,3115.0,3115.0,57937,0.0,0.0
2024-07-11 12:09:00+09:00,3115.0,3115.0,3085.0,3105.0,149681,0.0,0.0
2024-07-11 12:10:00+09:00,3105.0,3110.0,3090.0,3095.0,53971,0.0,0.0
2024-07-11 12:11:00+09:00,3090.0,3100.0,3085.0,3095.0,76921,0.0,0.0
2024-07-11 12:12:00+09:00,3095.0,3105.0,3090.0,3095.0,43605,0.0,0.0
2024-07-11 12:13:00+09:00,3095.0,3100.0,3080.0,3095.0,74481,0.0,0.0
2024-07-11 12:14:00+09:00,3090.0,3095.0,3085.0,3090.0,27831,0.0,0.0
2024-07-11 12:15:00+09:00,3090.0,3105.0,3090.0,3105.0,34058,0.0,0.0
2024-07-11 12:16:00+09:00,3105.0,3125.0,3100.0,3125.0,84761,0.0,0.0
2024-07-11 12:17:00+09:00,3125.0,3140.0,3120.0,3140.0,66594,0.0,0.0
2024-07-11 12:18:00+09:00,3140.0,3140.0,3125.0,3125.0,58735,0.0,0.0
2024-07-11 12:19:00+09:00,3130.0,3135.0,3120.0,3125.0,27550,0.0,0.0
2024-07-11 12:20:00+09:00,3125.0,3130.0,3115.0,3115.0,22070,0.0,0.0
2024-07-11 12:21:00+09:00,3120.0,3145.0,3115.0,3145.0,52902,0.0,0.0
2024-07-11 12:22:00+09:00,3145.0,3175.0,3140.0,3165.0,150715,0.0,0.0
2024-07-11 12:23:00+09:00,3160.0,3170.0,3160.0,3165.0,68681,0.0,0.0
2024-07-11 12:24:00+09:00,3165.0,3170.0,3155.0,3155.0,34418,0.0,0.0
2024-07-11 12:25:00+09:00,3155.0,3155.0,3110.0,3130.0,70645,0.0,0.0
2024-07-11 12:26:00+09:00,3130.0,3150.0,3130.0,3145.0,31481,0.0,0.0
2024-07-11 12:27:00+09:00,3145.0,3145.0,3125.0,3135.0,27863,0.0,0.0
2024-07-11 12:28:00+09:00,3130.0,3135.0,3125.0,3130.0,25221,0.0,0.0
2024-07-11 12:29:00+09:00,3130.0,3135.0,3125.0,3130.0,16951,0.0,0.0
2024-07-11 12:30:00+09:00,3130.0,3130.0,3110.0,3115.0,33953,0.0,0.0
2024-07-11 12:31:00+09:00,3115.0,3135.0,3105.0,3125.0,41813,0.0,0.0
2024-07-11 12:32:00+09:00,3130.0,3135.0,3100.0,3100.0,74201,0.0,0.0
2024-07-11 12:33:00+09:00,3105.0,3130.0,3100.0,3120.0,15563,0.0,0.0
2024-07-11 12:34:00+09:00,3110.0,3110.0,3105.0,3110.0,33563,0.0,0.0
2024-07-11 12:35:00+09:00,3105.0,3110.0,3100.0,3110.0,25108,0.0,0.0
2024-07-11 12:36:00+09:00,3110.0,3110.0,3100.0,3110.0,21267,0.0,0.0
2024-07-11 12:37:00+09:00,3110.0,3115.0,3105.0,3110.0,24145,0.0,0.0
2024-07-11 12:38:00+09:00,3110.0,3110.0,3090.0,3095.0,82258,0.0,0.0
2024-07-11 12:39:00+09:00,3100.0,3100.0,3090.0,3095.0,17089,0.0,0.0
2024-07-11 12:40:00+09:00,3095.0,3100.0,3095.0,3100.0,22034,0.0,0.0
2024-07-11 12:41:00+09:00,3100.0,3110.0,3100.0,3100.0,22766,0.0,0.0
2024-07-11 12:42:00+09:00,3105.0,3110.0,3095.0,3095.0,34564,0.0,0.0
2024-07-11 12:43:00+09:00,3095.0,3105.0,3095.0,3100.0,15478,0.0,0.0
2024-07-11 12:44:00+09:00,3100.0,3100.0,3080.0,3090.0,80643,0.0,0.0
2024-07-11 12:45:00+09:00,3100.0,3100.0,3090.0,3095.0,18217,0.0,0.0
2024-07-11 12:46:00+09:00,3100.0,3120.0,3095.0,3115.0,37007,0.0,0.0
2024-07-11 12:47:00+09:00,3120.0,3130.0,3100.0,3105.0,72348,0.0,0.0
2024-07-11 12:48:00+09:00,3105.0,3130.0,3100.0,3125.0,60775,0.0,0.0
2024-07-11 12:49:00+09:00,3120.0,3125.0,3115.0,3120.0,15025,0.0,0.0
2024-07-11 12:50:00+09:00,3120.0,3125.0,3120.0,3120.0,14815,0.0,0.0
2024-07-11 12:51:00+09:00,3120.0,3120.0,3100.0,3100.0,34667,0.0,0.0
2024-07-11 12:52:00+09:00,3100.0,3100.0,3080.0,3085.0,67981,0.0,0.0
2024-07-11 12:53:00+09:00,3085.0,3085.0,3050.0,3060.0,160140,0.0,0.0
2024-07-11 12:54:00+09:00,3065.0,3070.0,3060.0,3065.0,42364,0.0,0.0
2024-07-11 12:55:00+09:00,3065.0,3080.0,3060.0,3075.0,29999,0.0,0.0
2024-07-11 12:56:00+09:00,3075.0,3080.0,3075.0,3075.0,17818,0.0,0.0
2024-07-11 12:57:00+09:00,3080.0,3085.0,3065.0,3075.0,54790,0.0,0.0
2024-07-11 12:58:00+09:00,3080.0,3080.0,3075.0,3075.0,15584,0.0,0.0
2024-07-11 12:59:00+09:00,3075.0,3080.0,3065.0,3075.0,20873,0.0,0.0
2024-07-11 13:00:00+09:00,3080.0,3080.0,3070.0,3070.0,16586,0.0,0.0
2024-07-11 13:01:00+09:00,3070.0,3070.0,3060.0,3060.0,39894,0.0,0.0
2024-07-11 13:02:00+09:00,3065.0,3075.0,3055.0,3070.0,42130,0.0,0.0
2024-07-11 13:03:00+09:00,3065.0,3075.0,3060.0,3060.0,17589,0.0,0.0
2024-07-11 13:04:00+09:00,3060.0,3070.0,3055.0,3060.0,32655,0.0,0.0
2024-07-11 13:05:00+09:00,3055.0,3080.0,3055.0,3080.0,48036,0.0,0.0
2024-07-11 13:06:00+09:00,3075.0,3085.0,3075.0,3085.0,24047,0.0,0.0
2024-07-11 13:07:00+09:00,3080.0,3095.0,3080.0,3095.0,31827,0.0,0.0
2024-07-11 13:08:00+09:00,3095.0,3095.0,3080.0,3085.0,21099,0.0,0.0
2024-07-11 13:09:00+09:00,3080.0,3090.0,3080.0,3080.0,18180,0.0,0.0
2024-07-11 13:10:00+09:00,3080.0,3085.0,3065.0,3065.0,23823,0.0,0.0
2024-07-11 13:11:00+09:00,3070.0,3075.0,3060.0,3060.0,18875,0.0,0.0
2024-07-11 13:12:00+09:00,3060.0,3070.0,3060.0,3060.0,23747,0.0,0.0
2024-07-11 13:13:00+09:00,3060.0,3060.0,3045.0,3050.0,55326,0.0,0.0
2024-07-11 13:14:00+09:00,3050.0,3055.0,3050.0,3050.0,38314,0.0,0.0
2024-07-11 13:15:00+09:00,3055.0,3065.0,3045.0,3060.0,32933,0.0,0.0
2024-07-11 13:16:00+09:00,3060.0,3060.0,3050.0,3055.0,7295,0.0,0.0
2024-07-11 13:17:00+09:00,3050.0,3055.0,3045.0,3045.0,24849,0.0,0.0
2024-07-11 13:18:00+09:00,3045.0,3055.0,3040.0,3050.0,71626,0.0,0.0
2024-07-11 13:19:00+09:00,3050.0,3070.0,3050.0,3070.0,22232,0.0,0.0
2024-07-11 13:20:00+09:00,3065.0,3075.0,3045.0,3050.0,76796,0.0,0.0
2024-07-11 13:21:00+09:00,3060.0,3060.0,3040.0,3050.0,26887,0.0,0.0
2024-07-11 13:22:00+09:00,3040.0,3050.0,3020.0,3030.0,121821,0.0,0.0
2024-07-11 13:23:00+09:00,3025.0,3035.0,3020.0,3025.0,49584,0.0,0.0
2024-07-11 13:24:00+09:00,3030.0,3035.0,3020.0,3025.0,49767,0.0,0.0
2024-07-11 13:25:00+09:00,3020.0,3025.0,3010.0,3015.0,129096,0.0,0.0
2024-07-11 13:26:00+09:00,3020.0,3040.0,3015.0,3035.0,42868,0.0,0.0
2024-07-11 13:27:00+09:00,3035.0,3035.0,3030.0,3035.0,28632,0.0,0.0
2024-07-11 13:28:00+09:00,3030.0,3050.0,3030.0,3045.0,58256,0.0,0.0
2024-07-11 13:29:00+09:00,3045.0,3060.0,3045.0,3050.0,29762,0.0,0.0
2024-07-11 13:30:00+09:00,3050.0,3060.0,3045.0,3055.0,37831,0.0,0.0
2024-07-11 13:31:00+09:00,3050.0,3050.0,3045.0,3045.0,17705,0.0,0.0
2024-07-11 13:32:00+09:00,3045.0,3050.0,3035.0,3045.0,21236,0.0,0.0
2024-07-11 13:33:00+09:00,3040.0,3045.0,3030.0,3035.0,10326,0.0,0.0
2024-07-11 13:34:00+09:00,3035.0,3040.0,3030.0,3035.0,14755,0.0,0.0
2024-07-11 13:35:00+09:00,3035.0,3035.0,3030.0,3035.0,21418,0.0,0.0
2024-07-11 13:36:00+09:00,3035.0,3045.0,3035.0,3040.0,27597,0.0,0.0
2024-07-11 13:37:00+09:00,3040.0,3045.0,3035.0,3035.0,13940,0.0,0.0
2024-07-11 13:38:00+09:00,3035.0,3035.0,3025.0,3025.0,16935,0.0,0.0
2024-07-11 13:39:00+09:00,3025.0,3030.0,3015.0,3020.0,66971,0.0,0.0
2024-07-11 13:40:00+09:00,3020.0,3020.0,3010.0,3010.0,43210,0.0,0.0
2024-07-11 13:41:00+09:00,3015.0,3020.0,3010.0,3015.0,39285,0.0,0.0
2024-07-11 13:42:00+09:00,3015.0,3020.0,3010.0,3015.0,11812,0.0,0.0
2024-07-11 13:43:00+09:00,3015.0,3025.0,3015.0,3025.0,21949,0.0,0.0
2024-07-11 13:44:00+09:00,3020.0,3040.0,3020.0,3040.0,25518,0.0,0.0
2024-07-11 13:45:00+09:00,3030.0,3040.0,3015.0,3025.0,40353,0.0,0.0
2024-07-11 13:46:00+09:00,3025.0,3030.0,3020.0,3025.0,6575,0.0,0.0
2024-07-11 13:47:00+09:00,3030.0,3030.0,3010.0,3010.0,31900,0.0,0.0
2024-07-11 13:48:00+09:00,3010.0,3015.0,3005.0,3010.0,30619,0.0,0.0
2024-07-11 13:49:00+09:00,3005.0,3025.0,3005.0,3020.0,18252,0.0,0.0
2024-07-11 13:50:00+09:00,3025.0,3025.0,3015.0,3015.0,37284,0.0,0.0
2024-07-11 13:51:00+09:00,3015.0,3015.0,2990.0,3000.0,124921,0.0,0.0
2024-07-11 13:52:00+09:00,3000.0,3005.0,2995.0,2995.0,23007,0.0,0.0
2024-07-11 13:53:00+09:00,3000.0,3010.0,2995.0,3010.0,50915,0.0,0.0
2024-07-11 13:54:00+09:00,3010.0,3010.0,2995.0,2995.0,22350,0.0,0.0
2024-07-11 13:55:00+09:00,2995.0,3000.0,2990.0,2995.0,58489,0.0,0.0
2024-07-11 13:56:00+09:00,2995.0,2995.0,2975.0,2975.0,58255,0.0,0.0
2024-07-11 13:57:00+09:00,2975.0,2995.0,2975.0,2985.0,65227,0.0,0.0
2024-07-11 13:58:00+09:00,2985.0,3000.0,2975.0,3000.0,73052,0.0,0.0
2024-07-11 13:59:00+09:00,3000.0,3010.0,2995.0,3005.0,20465,0.0,0.0
2024-07-11 14:00:00+09:00,3010.0,3010.0,3000.0,3005.0,10938,0.0,0.0
2024-07-11 14:01:00+09:00,3010.0,3010.0,3005.0,3010.0,10020,0.0,0.0
2024-07-11 14:02:00+09:00,3005.0,3010.0,3000.0,3005.0,12009,0.0,0.0
2024-07-11 14:03:00+09:00,3000.0,3005.0,2990.0,2990.0,21661,0.0,0.0
2024-07-11 14:04:00+09:00,2995.0,3000.0,2990.0,2995.0,7282,0.0,0.0
2024-07-11 14:05:00+09:00,2995.0,3005.0,2995.0,3000.0,31361,0.0,0.0
2024-07-11 14:06:00+09:00,3010.0,3010.0,3000.0,3010.0,6347,0.0,0.0
2024-07-11 14:07:00+09:00,3010.0,3025.0,3010.0,3010.0,68637,0.0,0.0
2024-07-11 14:08:00+09:00,3015.0,3020.0,3010.0,3020.0,15914,0.0,0.0
2024-07-11 14:09:00+09:00,3020.0,3020.0,3005.0,3010.0,37347,0.0,0.0
2024-07-11 14:10:00+09:00,3010.0,3020.0,3000.0,3005.0,22436,0.0,0.0
2024-07-11 14:11:00+09:00,3005.0,3010.0,2995.0,2995.0,31256,0.0,0.0
2024-07-11 14:12:00+09:00,3005.0,3005.0,2990.0,2995.0,18167,0.0,0.0
2024-07-11 14:13:00+09:00,2990.0,3000.0,2990.0,3000.0,17847,0.0,0.0
2024-07-11 14:14:00+09:00,3000.0,3000.0,2995.0,2995.0,18988,0.0,0.0
2024-07-11 14:15:00+09:00,2995.0,3000.0,2995.0,2995.0,6782,0.0,0.0
2024-07-11 14:16:00+09:00,2995.0,3015.0,2995.0,3015.0,19478,0.0,0.0
2024-07-11 14:17:00+09:00,3015.0,3015.0,2995.0,3000.0,18436,0.0,0.0
2024-07-11 14:18:00+09:00,3000.0,3020.0,2995.0,3015.0,29661,0.0,0.0
2024-07-11 14:19:00+09:00,3020.0,3030.0,3015.0,3030.0,34247,0.0,0.0
2024-07-11 14:20:00+09:00,3025.0,3030.0,3020.0,3025.0,22361,0.0,0.0
2024-07-11 14:21:00+09:00,3020.0,3030.0,3015.0,3020.0,32999,0.0,0.0
2024-07-11 14:22:00+09:00,3015.0,3015.0,3010.0,3010.0,19699,0.0,0.0
2024-07-11 14:23:00+09:00,3010.0,3020.0,3010.0,3015.0,4582,0.0,0.0
2024-07-11 14:24:00+09:00,3020.0,3030.0,2990.0,2995.0,69911,0.0,0.0
2024-07-11 14:25:00+09:00,2990.0,3010.0,2990.0,3005.0,39856,0.0,0.0
2024-07-11 14:26:00+09:00,3005.0,3010.0,2995.0,2995.0,14211,0.0,0.0
2024-07-11 14:27:00+09:00,3000.0,3025.0,2990.0,3010.0,65524,0.0,0.0
2024-07-11 14:28:00+09:00,3000.0,3010.0,2990.0,2995.0,58296,0.0,0.0
2024-07-11 14:29:00+09:00,3000.0,3000.0,2975.0,2980.0,122086,0.0,0.0
2024-07-11 14:30:00+09:00,2980.0,3000.0,2975.0,2985.0,41524,0.0,0.0
2024-07-11 14:31:00+09:00,2995.0,2995.0,2980.0,2995.0,16314,0.0,0.0
2024-07-11 14:32:00+09:00,2990.0,2995.0,2985.0,2985.0,14266,0.0,0.0
2024-07-11 14:33:00+09:00,2990.0,2990.0,2985.0,2985.0,8945,0.0,0.0
2024-07-11 14:34:00+09:00,2990.0,2995.0,2985.0,2995.0,7212,0.0,0.0
2024-07-11 14:35:00+09:00,2990.0,3000.0,2990.0,2995.0,17746,0.0,0.0
2024-07-11 14:36:00+09:00,3000.0,3010.0,2995.0,3005.0,27135,0.0,0.0
2024-07-11 14:37:00+09:00,3005.0,3015.0,3000.0,3010.0,25036,0.0,0.0
2024-07-11 14:38:00+09:00,3010.0,3015.0,3000.0,3010.0,33668,0.0,0.0
2024-07-11 14:39:00+09:00,3005.0,3015.0,3005.0,3010.0,16412,0.0,0.0
2024-07-11 14:40:00+09:00,3015.0,3015.0,3000.0,3005.0,19752,0.0,0.0
2024-07-11 14:41:00+09:00,3005.0,3010.0,2995.0,3000.0,19452,0.0,0.0
2024-07-11 14:42:00+09:00,3000.0,3000.0,2995.0,2995.0,10649,0.0,0.0
2024-07-11 14:43:00+09:00,2995.0,3000.0,2985.0,2995.0,23689,0.0,0.0
2024-07-11 14:44:00+09:00,2995.0,2995.0,2985.0,2990.0,10050,0.0,0.0
2024-07-11 14:45:00+09:00,2990.0,2995.0,2985.0,2990.0,13308,0.0,0.0
2024-07-11 14:46:00+09:00,2990.0,3010.0,2990.0,3005.0,31789,0.0,0.0
2024-07-11 14:47:00+09:00,3005.0,3005.0,3000.0,3005.0,12573,0.0,0.0
2024-07-11 14:48:00+09:00,3005.0,3030.0,3005.0,3025.0,67206,0.0,0.0
2024-07-11 14:49:00+09:00,3030.0,3030.0,3005.0,3015.0,61209,0.0,0.0
2024-07-11 14:50:00+09:00,3020.0,3020.0,3000.0,3010.0,23166,0.0,0.0
2024-07-11 14:51:00+09:00,3000.0,3015.0,3000.0,3005.0,15663,0.0,0.0
2024-07-11 14:52:00+09:00,3000.0,3010.0,3000.0,3010.0,10206,0.0,0.0
2024-07-11 14:53:00+09:00,3005.0,3015.0,2990.0,2995.0,51170,0.0,0.0
2024-07-11 14:54:00+09:00,2995.0,3005.0,2995.0,3000.0,17096,0.0,0.0
2024-07-11 14:55:00+09:00,3000.0,3000.0,2995.0,2995.0,19478,0.0,0.0
2024-07-11 14:56:00+09:00,3000.0,3005.0,2995.0,3000.0,22612,0.0,0.0
2024-07-11 14:57:00+09:00,3000.0,3000.0,2995.0,3000.0,5678,0.0,0.0
2024-07-11 14:58:00+09:00,2995.0,3000.0,2990.0,3000.0,27135,0.0,0.0
2024-07-11 14:59:00+09:00,3000.0,3010.0,3000.0,3005.0,23417,0.0,0.0
2024-07-12 09:00:00+09:00,3075.0,3095.0,3065.0,3090.0,222838,0.0,0.0
2024-07-12 09:01:00+09:00,3085.0,3095.0,3050.0,3055.0,208490,0.0,0.0
2024-07-12 09:02:00+09:00,3050.0,3065.0,3035.0,3035.0,182668,0.0,0.0
2024-07-12 09:03:00+09:00,3040.0,3040.0,3020.0,3020.0,84568,0.0,0.0
2024-07-12 09:04:00+09:00,3020.0,3055.0,3010.0,3050.0,98706,0.0,0.0
2024-07-12 09:05:00+09:00,3050.0,3055.0,3025.0,3035.0,57808,0.0,0.0
2024-07-12 09:06:00+09:00,3030.0,3040.0,3010.0,3015.0,63229,0.0,0.0
2024-07-12 09:07:00+09:00,3015.0,3020.0,2950.0,2960.0,347224,0.0,0.0
2024-07-12 09:08:00+09:00,2960.0,2970.0,2940.0,2950.0,157867,0.0,0.0
2024-07-12 09:09:00+09:00,2950.0,2975.0,2940.0,2965.0,124063,0.0,0.0
2024-07-12 09:10:00+09:00,2965.0,2970.0,2950.0,2955.0,45962,0.0,0.0
2024-07-12 09:11:00+09:00,2960.0,2980.0,2955.0,2980.0,26387,0.0,0.0
2024-07-12 09:12:00+09:00,2975.0,2985.0,2965.0,2970.0,57541,0.0,0.0
2024-07-12 09:13:00+09:00,2970.0,3000.0,2965.0,2995.0,63319,0.0,0.0
2024-07-12 09:14:00+09:00,2990.0,3000.0,2980.0,2990.0,46860,0.0,0.0
2024-07-12 09:15:00+09:00,2990.0,2990.0,2980.0,2980.0,37856,0.0,0.0
2024-07-12 09:16:00+09:00,2985.0,2985.0,2970.0,2975.0,25282,0.0,0.0
2024-07-12 09:17:00+09:00,2975.0,3005.0,2970.0,2990.0,43146,0.0,0.0
2024-07-12 09:18:00+09:00,2995.0,2995.0,2980.0,2980.0,12623,0.0,0.0
2024-07-12 09:19:00+09:00,2990.0,2995.0,2980.0,2985.0,13102,0.0,0.0
2024-07-12 09:20:00+09:00,2985.0,2995.0,2980.0,2995.0,21015,0.0,0.0
2024-07-12 09:21:00+09:00,2995.0,2995.0,2975.0,2985.0,29357,0.0,0.0
2024-07-12 09:22:00+09:00,2985.0,2985.0,2970.0,2975.0,20161,0.0,0.0
2024-07-12 09:23:00+09:00,2975.0,2975.0,2960.0,2960.0,55595,0.0,0.0
2024-07-12 09:24:00+09:00,2960.0,2970.0,2955.0,2965.0,22976,0.0,0.0
2024-07-12 09:25:00+09:00,2965.0,2980.0,2960.0,2965.0,25956,0.0,0.0
2024-07-12 09:26:00+09:00,2965.0,2985.0,2965.0,2980.0,38083,0.0,0.0
2024-07-12 09:27:00+09:00,2980.0,3000.0,2975.0,2985.0,22181,0.0,0.0
2024-07-12 09:28:00+09:00,2995.0,3000.0,2990.0,3000.0,10336,0.0,0.0
2024-07-12 09:29:00+09:00,2995.0,3015.0,2995.0,3015.0,30657,0.0,0.0
2024-07-12 09:30:00+09:00,3015.0,3065.0,3015.0,3060.0,72091,0.0,0.0
2024-07-12 09:31:00+09:00,3060.0,3065.0,3020.0,3020.0,104404,0.0,0.0
2024-07-12 09:32:00+09:00,3025.0,3030.0,3010.0,3015.0,24434,0.0,0.0
2024-07-12 09:33:00+09:00,3015.0,3020.0,3010.0,3010.0,13070,0.0,0.0
2024-07-12 09:34:00+09:00,3010.0,3015.0,3000.0,3000.0,15157,0.0,0.0
2024-07-12 09:35:00+09:00,3000.0,3015.0,3000.0,3010.0,18213,0.0,0.0
2024-07-12 09:36:00+09:00,3000.0,3020.0,2995.0,3020.0,26651,0.0,0.0
2024-07-12 09:37:00+09:00,3010.0,3020.0,3010.0,3020.0,11155,0.0,0.0
2024-07-12 09:38:00+09:00,3020.0,3020.0,3005.0,3010.0,11961,0.0,0.0
2024-07-12 09:39:00+09:00,3005.0,3010.0,3005.0,3005.0,8469,0.0,0.0
2024-07-12 09:40:00+09:00,3005.0,3005.0,2990.0,2995.0,25682,0.0,0.0
2024-07-12 09:41:00+09:00,3000.0,3010.0,2990.0,3010.0,8119,0.0,0.0
2024-07-12 09:42:00+09:00,3005.0,3015.0,3005.0,3010.0,9024,0.0,0.0
2024-07-12 09:43:00+09:00,3010.0,3010.0,2995.0,3000.0,16611,0.0,0.0
2024-07-12 09:44:00+09:00,3000.0,3000.0,2975.0,2980.0,30894,0.0,0.0
2024-07-12 09:45:00+09:00,2980.0,2980.0,2975.0,2980.0,10791,0.0,0.0
2024-07-12 09:46:00+09:00,2970.0,2975.0,2970.0,2970.0,26864,0.0,0.0
2024-07-12 09:47:00+09:00,2970.0,2980.0,2970.0,2980.0,4028,0.0,0.0
2024-07-12 09:48:00+09:00,2980.0,2990.0,2975.0,2975.0,9113,0.0,0.0
2024-07-12 09:49:00+09:00,2975.0,2975.0,2965.0,2970.0,11610,0.0,0.0
2024-07-12 09:50:00+09:00,2970.0,2970.0,2960.0,2965.0,14370,0.0,0.0
2024-07-12 09:51:00+09:00,2960.0,2965.0,2960.0,2965.0,12072,0.0,0.0
2024-07-12 09:52:00+09:00,2965.0,2965.0,2945.0,2950.0,54565,0.0,0.0
2024-07-12 09:53:00+09:00,2950.0,2950.0,2940.0,2940.0,35540,0.0,0.0
2024-07-12 09:54:00+09:00,2935.0,2940.0,2930.0,2930.0,87235,0.0,0.0
2024-07-12 09:55:00+09:00,2930.0,2930.0,2910.0,2915.0,49645,0.0,0.0
2024-07-12 09:56:00+09:00,2915.0,2935.0,2910.0,2920.0,57857,0.0,0.0
2024-07-12 09:57:00+09:00,2920.0,2925.0,2910.0,2925.0,5579,0.0,0.0
2024-07-12 09:58:00+09:00,2920.0,2940.0,2915.0,2935.0,9791,0.0,0.0
2024-07-12 09:59:00+09:00,2935.0,2935.0,2925.0,2925.0,8370,0.0,0.0
2024-07-12 10:00:00+09:00,2930.0,2930.0,2900.0,2905.0,43071,0.0,0.0
2024-07-12 10:01:00+09:00,2900.0,2905.0,2890.0,2895.0,73247,0.0,0.0
2024-07-12 10:02:00+09:00,2900.0,2900.0,2890.0,2895.0,16387,0.0,0.0
2024-07-12 10:03:00+09:00,2895.0,2905.0,2885.0,2890.0,29224,0.0,0.0
2024-07-12 10:04:00+09:00,2885.0,2890.0,2885.0,2885.0,27117,0.0,0.0
2024-07-12 10:05:00+09:00,2885.0,2885.0,2870.0,2880.0,56911,0.0,0.0
2024-07-12 10:06:00+09:00,2880.0,2890.0,2870.0,2880.0,24522,0.0,0.0
2024-07-12 10:07:00+09:00,2880.0,2890.0,2880.0,2890.0,11885,0.0,0.0
2024-07-12 10:08:00+09:00,2890.0,2905.0,2885.0,2905.0,14159,0.0,0.0
2024-07-12 10:09:00+09:00,2905.0,2940.0,2905.0,2915.0,28319,0.0,0.0
2024-07-12 10:10:00+09:00,2915.0,2920.0,2915.0,2915.0,10836,0.0,0.0
2024-07-12 10:11:00+09:00,2915.0,2920.0,2895.0,2895.0,28342,0.0,0.0
2024-07-12 10:12:00+09:00,2900.0,2900.0,2885.0,2885.0,11472,0.0,0.0
2024-07-12 10:13:00+09:00,2890.0,2895.0,2885.0,2885.0,8962,0.0,0.0
2024-07-12 10:14:00+09:00,2890.0,2890.0,2880.0,2885.0,11770,0.0,0.0
2024-07-12 10:15:00+09:00,2885.0,2900.0,2885.0,2895.0,8521,0.0,0.0
2024-07-12 10:16:00+09:00,2900.0,2910.0,2900.0,2910.0,7984,0.0,0.0
2024-07-12 10:17:00+09:00,2910.0,2910.0,2900.0,2900.0,17278,0.0,0.0
2024-07-12 10:18:00+09:00,2900.0,2905.0,2895.0,2895.0,23354,0.0,0.0
2024-07-12 10:19:00+09:00,2895.0,2900.0,2890.0,2890.0,1676,0.0,0.0
2024-07-12 10:20:00+09:00,2890.0,2905.0,2885.0,2895.0,9940,0.0,0.0
2024-07-12 10:21:00+09:00,2900.0,2900.0,2885.0,2890.0,9263,0.0,0.0
2024-07-12 10:22:00+09:00,2885.0,2890.0,2885.0,2885.0,10866,0.0,0.0
2024-07-12 10:23:00+09:00,2895.0,2900.0,2895.0,2900.0,11461,0.0,0.0
2024-07-12 10:24:00+09:00,2900.0,2910.0,2900.0,2910.0,6259,0.0,0.0
2024-07-12 10:25:00+09:00,2910.0,2925.0,2910.0,2925.0,10074,0.0,0.0
2024-07-12 10:26:00+09:00,2920.0,2925.0,2915.0,2915.0,9380,0.0,0.0
2024-07-12 10:27:00+09:00,2915.0,2915.0,2905.0,2910.0,7688,0.0,0.0
2024-07-12 10:28:00+09:00,2910.0,2910.0,2905.0,2905.0,192,0.0,0.0
2024-07-12 10:29:00+09:00,2905.0,2910.0,2905.0,2905.0,2384,0.0,0.0
2024-07-12 10:30:00+09:00,2905.0,2910.0,2905.0,2910.0,1454,0.0,0.0
2024-07-12 10:31:00+09:00,2910.0,2910.0,2905.0,2905.0,3873,0.0,0.0
2024-07-12 10:32:00+09:00,2905.0,2910.0,2905.0,2905.0,4507,0.0,0.0
2024-07-12 10:33:00+09:00,2910.0,2910.0,2905.0,2910.0,12094,0.0,0.0
2024-07-12 10:34:00+09:00,2910.0,2910.0,2905.0,2910.0,535,0.0,0.0
2024-07-12 10:35:00+09:00,2910.0,2910.0,2900.0,2900.0,13814,0.0,0.0
2024-07-12 10:36:00+09:00,2900.0,2900.0,2895.0,2900.0,7814,0.0,0.0
2024-07-12 10:37:00+09:00,2895.0,2895.0,2885.0,2895.0,21779,0.0,0.0
2024-07-12 10:38:00+09:00,2895.0,2895.0,2885.0,2890.0,5862,0.0,0.0
2024-07-12 10:39:00+09:00,2890.0,2895.0,2885.0,2895.0,3473,0.0,0.0
2024-07-12 10:40:00+09:00,2885.0,2895.0,2880.0,2880.0,17206,0.0,0.0
2024-07-12 10:41:00+09:00,2890.0,2890.0,2880.0,2880.0,7709,0.0,0.0
2024-07-12 10:42:00+09:00,2885.0,2885.0,2880.0,2880.0,9921,0.0,0.0
2024-07-12 10:43:00+09:00,2885.0,2890.0,2880.0,2890.0,4000,0.0,0.0
2024-07-12 10:44:00+09:00,2890.0,2895.0,2880.0,2885.0,7099,0.0,0.0
2024-07-12 10:45:00+09:00,2885.0,2895.0,2880.0,2895.0,9823,0.0,0.0
2024-07-12 10:46:00+09:00,2885.0,2895.0,2885.0,2895.0,1329,0.0,0.0
2024-07-12 10:47:00+09:00,2895.0,2900.0,2890.0,2900.0,3234,0.0,0.0
2024-07-12 10:48:00+09:00,2900.0,2905.0,2895.0,2905.0,5622,0.0,0.0
2024-07-12 10:49:00+09:00,2905.0,2905.0,2900.0,2900.0,5135,0.0,0.0
2024-07-12 10:50:00+09:00,2900.0,2905.0,2900.0,2905.0,2455,0.0,0.0
2024-07-12 10:51:00+09:00,2905.0,2905.0,2900.0,2900.0,860,0.0,0.0
2024-07-12 10:52:00+09:00,2900.0,2905.0,2900.0,2905.0,2019,0.0,0.0
2024-07-12 10:53:00+09:00,2905.0,2905.0,2900.0,2905.0,1541,0.0,0.0
2024-07-12 10:54:00+09:00,2900.0,2905.0,2900.0,2900.0,2707,0.0,0.0
2024-07-12 10:55:00+09:00,2900.0,2905.0,2895.0,2900.0,9823,0.0,0.0
2024-07-12 10:56:00+09:00,2895.0,2910.0,2895.0,2905.0,12231,0.0,0.0
2024-07-12 10:57:00+09:00,2905.0,2910.0,2900.0,2910.0,1565,0.0,0.0
2024-07-12 10:58:00+09:00,2905.0,2905.0,2895.0,2895.0,11649,0.0,0.0
2024-07-12 10:59:00+09:00,2895.0,2900.0,2895.0,2895.0,1703,0.0,0.0
2024-07-12 11:00:00+09:00,2895.0,2900.0,2890.0,2890.0,8224,0.0,0.0
2024-07-12 11:01:00+09:00,2895.0,2895.0,2890.0,2890.0,6661,0.0,0.0
2024-07-12 11:02:00+09:00,2890.0,2890.0,2885.0,2890.0,2626,0.0,0.0
2024-07-12 11:03:00+09:00,2885.0,2890.0,2880.0,2885.0,15214,0.0,0.0
2024-07-12 11:04:00+09:00,2885.0,2885.0,2875.0,2875.0,24122,0.0,0.0
2024-07-12 11:05:00+09:00,2880.0,2885.0,2875.0,2880.0,8037,0.0,0.0
2024-07-12 11:06:00+09:00,2880.0,2885.0,2880.0,2885.0,17660,0.0,0.0
2024-07-12 11:07:00+09:00,2880.0,2885.0,2875.0,2880.0,18261,0.0,0.0
2024-07-12 11:08:00+09:00,2880.0,2885.0,2880.0,2885.0,3399,0.0,0.0
2024-07-12 11:09:00+09:00,2880.0,2885.0,2880.0,2880.0,6964,0.0,0.0
2024-07-12 11:10:00+09:00,2885.0,2885.0,2885.0,2885.0,3396,0.0,0.0
2024-07-12 11:11:00+09:00,2880.0,2885.0,2880.0,2880.0,6209,0.0,0.0
2024-07-12 11:12:00+09:00,2880.0,2885.0,2880.0,2885.0,3200,0.0,0.0
2024-07-12 11:13:00+09:00,2880.0,2885.0,2880.0,2880.0,2910,0.0,0.0
2024-07-12 11:14:00+09:00,2885.0,2885.0,2880.0,2885.0,725,0.0,0.0
2024-07-12 11:15:00+09:00,2885.0,2895.0,2885.0,2895.0,3913,0.0,0.0
2024-07-12 11:16:00+09:00,2895.0,2895.0,2885.0,2885.0,5795,0.0,0.0
2024-07-12 11:17:00+09:00,2885.0,2890.0,2880.0,2880.0,9072,0.0,0.0
2024-07-12 11:18:00+09:00,2880.0,2885.0,2880.0,2880.0,1286,0.0,0.0
2024-07-12 11:19:00+09:00,2880.0,2885.0,2880.0,2885.0,6075,0.0,0.0
2024-07-12 11:20:00+09:00,2880.0,2885.0,2880.0,2880.0,4489,0.0,0.0
2024-07-12 11:21:00+09:00,2880.0,2885.0,2880.0,2885.0,1554,0.0,0.0
2024-07-12 11:22:00+09:00,2885.0,2885.0,2880.0,2880.0,1461,0.0,0.0
2024-07-12 11:23:00+09:00,2880.0,2890.0,2880.0,2885.0,3566,0.0,0.0
2024-07-12 11:24:00+09:00,2885.0,2885.0,2880.0,2885.0,7145,0.0,0.0
2024-07-12 11:25:00+09:00,2885.0,2890.0,2885.0,2885.0,4987,0.0,0.0
2024-07-12 11:26:00+09:00,2885.0,2885.0,2880.0,2880.0,9021,0.0,0.0
2024-07-12 11:27:00+09:00,2885.0,2885.0,2880.0,2885.0,4006,0.0,0.0
2024-07-12 11:28:00+09:00,2885.0,2885.0,2880.0,2880.0,7001,0.0,0.0
2024-07-12 11:29:00+09:00,2885.0,2890.0,2885.0,2885.0,2186,0.0,0.0
2024-07-12 11:30:00+09:00,2885.0,2890.0,2880.0,2885.0,4350,0.0,0.0
2024-07-12 11:31:00+09:00,2885.0,2895.0,2885.0,2895.0,6443,0.0,0.0
2024-07-12 11:32:00+09:00,2895.0,2895.0,2890.0,2890.0,609,0.0,0.0
2024-07-12 11:33:00+09:00,2890.0,2895.0,2890.0,2895.0,194,0.0,0.0
2024-07-12 11:34:00+09:00,2895.0,2900.0,2890.0,2900.0,4206,0.0,0.0
2024-07-12 11:35:00+09:00,2895.0,2905.0,2890.0,2905.0,7864,0.0,0.0
2024-07-12 11:36:00+09:00,2900.0,2910.0,2895.0,2895.0,2914,0.0,0.0
2024-07-12 11:37:00+09:00,2895.0,2905.0,2895.0,2900.0,10309,0.0,0.0
2024-07-12 11:38:00+09:00,2905.0,2910.0,2890.0,2910.0,10312,0.0,0.0
2024-07-12 11:39:00+09:00,2910.0,2910.0,2905.0,2910.0,2036,0.0,0.0
2024-07-12 11:40:00+09:00,2910.0,2910.0,2895.0,2900.0,6073,0.0,0.0
2024-07-12 11:41:00+09:00,2900.0,2900.0,2890.0,2890.0,6224,0.0,0.0
2024-07-12 11:42:00+09:00,2890.0,2895.0,2890.0,2890.0,4143,0.0,0.0
2024-07-12 11:43:00+09:00,2890.0,2890.0,2890.0,2890.0,876,0.0,0.0
2024-07-12 11:44:00+09:00,2895.0,2895.0,2890.0,2890.0,2164,0.0,0.0
2024-07-12 11:45:00+09:00,2890.0,2895.0,2890.0,2890.0,5178,0.0,0.0
2024-07-12 11:46:00+09:00,2890.0,2890.0,2885.0,2890.0,9492,0.0,0.0
2024-07-12 11:47:00+09:00,2885.0,2895.0,2885.0,2890.0,2896,0.0,0.0
2024-07-12 11:48:00+09:00,2890.0,2890.0,2880.0,2885.0,22822,0.0,0.0
2024-07-12 11:49:00+09:00,2880.0,2885.0,2880.0,2880.0,7289,0.0,0.0
2024-07-12 11:50:00+09:00,2880.0,2885.0,2875.0,2880.0,12087,0.0,0.0
2024-07-12 11:51:00+09:00,2875.0,2880.0,2870.0,2870.0,23517,0.0,0.0
2024-07-12 11:52:00+09:00,2880.0,2880.0,2860.0,2865.0,44197,0.0,0.0
2024-07-12 11:53:00+09:00,2860.0,2860.0,2855.0,2855.0,20996,0.0,0.0
2024-07-12 11:54:00+09:00,2860.0,2860.0,2855.0,2860.0,4391,0.0,0.0
2024-07-12 11:55:00+09:00,2860.0,2865.0,2855.0,2860.0,7831,0.0,0.0
2024-07-12 11:56:00+09:00,2860.0,2865.0,2850.0,2850.0,15625,0.0,0.0
2024-07-12 11:57:00+09:00,2855.0,2855.0,2840.0,2845.0,53490,0.0,0.0
2024-07-12 11:58:00+09:00,2845.0,2850.0,2835.0,2845.0,31734,0.0,0.0
2024-07-12 11:59:00+09:00,2850.0,2850.0,2845.0,2845.0,5416,0.0,0.0
2024-07-12 12:00:00+09:00,2850.0,2855.0,2845.0,2855.0,8074,0.0,0.0
2024-07-12 12:01:00+09:00,2855.0,2855.0,2850.0,2855.0,1382,0.0,0.0
2024-07-12 12:02:00+09:00,2855.0,2855.0,2850.0,2855.0,3195,0.0,0.0
2024-07-12 12:03:00+09:00,2855.0,2860.0,2855.0,2860.0,2049,0.0,0.0
2024-07-12 12:04:00+09:00,2855.0,2860.0,2845.0,2850.0,12076,0.0,0.0
2024-07-12 12:05:00+09:00,2850.0,2855.0,2850.0,2855.0,5191,0.0,0.0
2024-07-12 12:06:00+09:00,2855.0,2865.0,2855.0,2865.0,5516,0.0,0.0
2024-07-12 12:07:00+09:00,2865.0,2870.0,2855.0,2855.0,8912,0.0,0.0
2024-07-12 12:08:00+09:00,2855.0,2855.0,2850.0,2850.0,2821,0.0,0.0
2024-07-12 12:09:00+09:00,2850.0,2855.0,2845.0,2845.0,22704,0.0,0.0
2024-07-12 12:10:00+09:00,2850.0,2855.0,2845.0,2850.0,0,0.0,0.0
2024-07-12 12:11:00+09:00,2855.0,2865.0,2850.0,2865.0,4539,0.0,0.0
2024-07-12 12:12:00+09:00,2865.0,2870.0,2860.0,2870.0,1535,0.0,0.0
2024-07-12 12:13:00+09:00,2875.0,2875.0,2870.0,2870.0,868,0.0,0.0
2024-07-12 12:14:00+09:00,2865.0,2870.0,2860.0,2865.0,3030,0.0,0.0
2024-07-12 12:15:00+09:00,2865.0,2865.0,2860.0,2860.0,422,0.0,0.0
2024-07-12 12:16:00+09:00,2860.0,2865.0,2860.0,2860.0,1992,0.0,0.0
2024-07-12 12:17:00+09:00,2865.0,2865.0,2860.0,2865.0,1097,0.0,0.0
2024-07-12 12:18:00+09:00,2865.0,2865.0,2855.0,2860.0,8199,0.0,0.0
2024-07-12 12:19:00+09:00,2860.0,2860.0,2855.0,2860.0,7552,0.0,0.0
2024-07-12 12:20:00+09:00,2860.0,2860.0,2860.0,2860.0,0,0.0,0.0
2024-07-12 12:21:00+09:00,2855.0,2860.0,2855.0,2860.0,2195,0.0,0.0
2024-07-12 12:22:00+09:00,2855.0,2860.0,2825.0,2845.0,61764,0.0,0.0
2024-07-12 12:23:00+09:00,2850.0,2860.0,2830.0,2855.0,16693,0.0,0.0
2024-07-12 12:24:00+09:00,2850.0,2850.0,2840.0,2840.0,4521,0.0,0.0
2024-07-12 12:25:00+09:00,2840.0,2845.0,2830.0,2830.0,14093,0.0,0.0
2024-07-12 12:26:00+09:00,2840.0,2845.0,2830.0,2845.0,3892,0.0,0.0
2024-07-12 12:27:00+09:00,2840.0,2845.0,2835.0,2845.0,4097,0.0,0.0
2024-07-12 12:28:00+09:00,2845.0,2845.0,2835.0,2840.0,7517,0.0,0.0
2024-07-12 12:29:00+09:00,2840.0,2845.0,2835.0,2835.0,12595,0.0,0.0
2024-07-12 12:30:00+09:00,2835.0,2840.0,2830.0,2830.0,7516,0.0,0.0
2024-07-12 12:31:00+09:00,2835.0,2840.0,2835.0,2840.0,3375,0.0,0.0
2024-07-12 12:32:00+09:00,2835.0,2840.0,2830.0,2830.0,3828,0.0,0.0
2024-07-12 12:33:00+09:00,2835.0,2835.0,2830.0,2835.0,3146,0.0,0.0
2024-07-12 12:34:00+09:00,2835.0,2845.0,2835.0,2845.0,6137,0.0,0.0
2024-07-12 12:35:00+09:00,2840.0,2845.0,2835.0,2840.0,2911,0.0,0.0
2024-07-12 12:36:00+09:00,2840.0,2840.0,2835.0,2835.0,1363,0.0,0.0
2024-07-12 12:37:00+09:00,2835.0,2840.0,2835.0,2840.0,2838,0.0,0.0
2024-07-12 12:38:00+09:00,2840.0,2845.0,2835.0,2835.0,2065,0.0,0.0
2024-07-12 12:39:00+09:00,2840.0,2840.0,2815.0,2815.0,54712,0.0,0.0
2024-07-12 12:40:00+09:00,2815.0,2825.0,2815.0,2815.0,17848,0.0,0.0
2024-07-12 12:41:00+09:00,2815.0,2825.0,2810.0,2815.0,24806,0.0,0.0
2024-07-12 12:42:00+09:00,2815.0,2820.0,2810.0,2820.0,12191,0.0,0.0
2024-07-12 12:43:00+09:00,2820.0,2830.0,2815.0,2825.0,11648,0.0,0.0
2024-07-12 12:44:00+09:00,2825.0,2825.0,2820.0,2825.0,2537,0.0,0.0
2024-07-12 12:45:00+09:00,2825.0,2830.0,2825.0,2830.0,6176,0.0,0.0
2024-07-12 12:46:00+09:00,2830.0,2835.0,2825.0,2830.0,3057,0.0,0.0
2024-07-12 12:47:00+09:00,2830.0,2835.0,2830.0,2835.0,1216,0.0,0.0
2024-07-12 12:48:00+09:00,2830.0,2830.0,2825.0,2825.0,1696,0.0,0.0
2024-07-12 12:49:00+09:00,2830.0,2830.0,2825.0,2830.0,4189,0.0,0.0
2024-07-12 12:50:00+09:00,2825.0,2830.0,2810.0,2810.0,35371,0.0,0.0
2024-07-12 12:51:00+09:00,2810.0,2815.0,2810.0,2815.0,4836,0.0,0.0
2024-07-12 12:52:00+09:00,2810.0,2815.0,2810.0,2810.0,8967,0.0,0.0
2024-07-12 12:53:00+09:00,2810.0,2820.0,2810.0,2810.0,6034,0.0,0.0
2024-07-12 12:54:00+09:00,2815.0,2815.0,2810.0,2815.0,13879,0.0,0.0
2024-07-12 12:55:00+09:00,2815.0,2820.0,2810.0,2820.0,2480,0.0,0.0
2024-07-12 12:56:00+09:00,2820.0,2820.0,2815.0,2820.0,2152,0.0,0.0
2024-07-12 12:57:00+09:00,2820.0,2820.0,2810.0,2820.0,5694,0.0,0.0
2024-07-12 12:58:00+09:00,2810.0,2820.0,2810.0,2820.0,8175,0.0,0.0
2024-07-12 12:59:00+09:00,2820.0,2820.0,2815.0,2815.0,3361,0.0,0.0
2024-07-12 13:00:00+09:00,2815.0,2820.0,2810.0,2810.0,15466,0.0,0.0
2024-07-12 13:01:00+09:00,2810.0,2820.0,2810.0,2815.0,9674,0.0,0.0
2024-07-12 13:02:00+09:00,2815.0,2820.0,2810.0,2820.0,4913,0.0,0.0
2024-07-12 13:03:00+09:00,2820.0,2830.0,2815.0,2830.0,19768,0.0,0.0
2024-07-12 13:04:00+09:00,2830.0,2835.0,2825.0,2835.0,5872,0.0,0.0
2024-07-12 13:05:00+09:00,2830.0,2840.0,2825.0,2830.0,4338,0.0,0.0
2024-07-12 13:06:00+09:00,2825.0,2825.0,2815.0,2815.0,7254,0.0,0.0
2024-07-12 13:07:00+09:00,2820.0,2820.0,2815.0,2815.0,7757,0.0,0.0
2024-07-12 13:08:00+09:00,2820.0,2820.0,2810.0,2810.0,6560,0.0,0.0
2024-07-12 13:09:00+09:00,2815.0,2815.0,2810.0,2815.0,4679,0.0,0.0
2024-07-12 13:10:00+09:00,2815.0,2815.0,2810.0,2810.0,4739,0.0,0.0
2024-07-12 13:11:00+09:00,2815.0,2820.0,2815.0,2815.0,9598,0.0,0.0
2024-07-12 13:12:00+09:00,2820.0,2820.0,2815.0,2820.0,0,0.0,0.0
2024-07-12 13:13:00+09:00,2820.0,2820.0,2815.0,2820.0,2556,0.0,0.0
2024-07-12 13:14:00+09:00,2815.0,2825.0,2815.0,2825.0,2751,0.0,0.0
2024-07-12 13:15:00+09:00,2820.0,2825.0,2820.0,2825.0,619,0.0,0.0
2024-07-12 13:16:00+09:00,2825.0,2830.0,2825.0,2825.0,7575,0.0,0.0
2024-07-12 13:17:00+09:00,2825.0,2825.0,2820.0,2825.0,878,0.0,0.0
2024-07-12 13:18:00+09:00,2825.0,2830.0,2820.0,2830.0,1735,0.0,0.0
2024-07-12 13:19:00+09:00,2830.0,2830.0,2820.0,2825.0,4128,0.0,0.0
2024-07-12 13:20:00+09:00,2825.0,2830.0,2820.0,2830.0,1229,0.0,0.0
2024-07-12 13:21:00+09:00,2830.0,2830.0,2825.0,2830.0,4247,0.0,0.0
2024-07-12 13:22:00+09:00,2830.0,2835.0,2825.0,2830.0,4112,0.0,0.0
2024-07-12 13:23:00+09:00,2825.0,2835.0,2825.0,2835.0,5776,0.0,0.0
2024-07-12 13:24:00+09:00,2835.0,2835.0,2825.0,2825.0,9182,0.0,0.0
2024-07-12 13:25:00+09:00,2830.0,2830.0,2825.0,2830.0,2043,0.0,0.0
2024-07-12 13:26:00+09:00,2825.0,2830.0,2825.0,2825.0,3385,0.0,0.0
2024-07-12 13:27:00+09:00,2830.0,2830.0,2825.0,2830.0,10816,0.0,0.0
2024-07-12 13:28:00+09:00,2820.0,2835.0,2820.0,2835.0,10229,0.0,0.0
2024-07-12 13:29:00+09:00,2835.0,2845.0,2830.0,2845.0,10658,0.0,0.0
2024-07-12 13:30:00+09:00,2845.0,2845.0,2835.0,2840.0,15526,0.0,0.0
2024-07-12 13:31:00+09:00,2840.0,2840.0,2830.0,2830.0,3755,0.0,0.0
2024-07-12 13:32:00+09:00,2830.0,2840.0,2830.0,2840.0,4462,0.0,0.0
2024-07-12 13:33:00+09:00,2840.0,2840.0,2835.0,2840.0,851,0.0,0.0
2024-07-12 13:34:00+09:00,2840.0,2840.0,2830.0,2830.0,3544,0.0,0.0
2024-07-12 13:35:00+09:00,2830.0,2830.0,2825.0,2825.0,2691,0.0,0.0
2024-07-12 13:36:00+09:00,2825.0,2830.0,2825.0,2830.0,7196,0.0,0.0
2024-07-12 13:37:00+09:00,2830.0,2835.0,2830.0,2835.0,3375,0.0,0.0
2024-07-12 13:38:00+09:00,2830.0,2835.0,2830.0,2835.0,1445,0.0,0.0
2024-07-12 13:39:00+09:00,2830.0,2835.0,2825.0,2830.0,4304,0.0,0.0
2024-07-12 13:40:00+09:00,2830.0,2830.0,2820.0,2820.0,24786,0.0,0.0
2024-07-12 13:41:00+09:00,2820.0,2830.0,2820.0,2830.0,11656,0.0,0.0
2024-07-12 13:42:00+09:00,2830.0,2830.0,2815.0,2820.0,4896,0.0,0.0
2024-07-12 13:43:00+09:00,2820.0,2820.0,2810.0,2810.0,35304,0.0,0.0
2024-07-12 13:44:00+09:00,2810.0,2815.0,2805.0,2810.0,15122,0.0,0.0
2024-07-12 13:45:00+09:00,2810.0,2815.0,2805.0,2810.0,10067,0.0,0.0
2024-07-12 13:46:00+09:00,2810.0,2815.0,2805.0,2810.0,1735,0.0,0.0
2024-07-12 13:47:00+09:00,2810.0,2815.0,2810.0,2815.0,3011,0.0,0.0
2024-07-12 13:48:00+09:00,2820.0,2820.0,2815.0,2820.0,307,0.0,0.0
2024-07-12 13:49:00+09:00,2820.0,2820.0,2815.0,2820.0,1194,0.0,0.0
2024-07-12 13:50:00+09:00,2820.0,2820.0,2815.0,2815.0,9444,0.0,0.0
2024-07-12 13:51:00+09:00,2815.0,2820.0,2815.0,2820.0,3567,0.0,0.0
2024-07-12 13:52:00+09:00,2820.0,2820.0,2815.0,2815.0,2105,0.0,0.0
2024-07-12 13:53:00+09:00,2820.0,2825.0,2815.0,2825.0,4249,0.0,0.0
2024-07-12 13:54:00+09:00,2825.0,2825.0,2820.0,2820.0,1781,0.0,0.0
2024-07-12 13:55:00+09:00,2820.0,2825.0,2820.0,2825.0,3757,0.0,0.0
2024-07-12 13:56:00+09:00,2825.0,2825.0,2820.0,2825.0,3251,0.0,0.0
2024-07-12 13:57:00+09:00,2825.0,2830.0,2825.0,2825.0,2426,0.0,0.0
2024-07-12 13:58:00+09:00,2830.0,2830.0,2820.0,2825.0,3168,0.0,0.0
2024-07-12 13:59:00+09:00,2830.0,2830.0,2820.0,2825.0,487,0.0,0.0
2024-07-12 14:00:00+09:00,2825.0,2825.0,2810.0,2810.0,10865,0.0,0.0
2024-07-12 14:01:00+09:00,2815.0,2815.0,2805.0,2815.0,24695,0.0,0.0
2024-07-12 14:02:00+09:00,2815.0,2815.0,2810.0,2810.0,1971,0.0,0.0
2024-07-12 14:03:00+09:00,2815.0,2815.0,2810.0,2815.0,834,0.0,0.0
2024-07-12 14:04:00+09:00,2815.0,2815.0,2810.0,2815.0,1259,0.0,0.0
2024-07-12 14:05:00+09:00,2815.0,2815.0,2810.0,2810.0,3666,0.0,0.0
2024-07-12 14:06:00+09:00,2815.0,2815.0,2805.0,2810.0,5214,0.0,0.0
2024-07-12 14:07:00+09:00,2810.0,2810.0,2805.0,2805.0,3674,0.0,0.0
2024-07-12 14:08:00+09:00,2805.0,2810.0,2800.0,2805.0,35114,0.0,0.0
2024-07-12 14:09:00+09:00,2810.0,2820.0,2810.0,2815.0,9298,0.0,0.0
2024-07-12 14:10:00+09:00,2815.0,2820.0,2810.0,2810.0,2707,0.0,0.0
2024-07-12 14:11:00+09:00,2810.0,2820.0,2810.0,2820.0,0,0.0,0.0
2024-07-12 14:12:00+09:00,2815.0,2820.0,2815.0,2815.0,5466,0.0,0.0
2024-07-12 14:13:00+09:00,2810.0,2815.0,2810.0,2815.0,3714,0.0,0.0
2024-07-12 14:14:00+09:00,2815.0,2815.0,2815.0,2815.0,1019,0.0,0.0
2024-07-12 14:15:00+09:00,2815.0,2820.0,2815.0,2820.0,3486,0.0,0.0
2024-07-12 14:16:00+09:00,2820.0,2820.0,2810.0,2820.0,4420,0.0,0.0
2024-07-12 14:17:00+09:00,2820.0,2820.0,2810.0,2810.0,1336,0.0,0.0
2024-07-12 14:18:00+09:00,2810.0,2815.0,2810.0,2810.0,5875,0.0,0.0
2024-07-12 14:19:00+09:00,2810.0,2815.0,2800.0,2805.0,11929,0.0,0.0
2024-07-12 14:20:00+09:00,2800.0,2805.0,2800.0,2805.0,4731,0.0,0.0
2024-07-12 14:21:00+09:00,2805.0,2805.0,2800.0,2800.0,8304,0.0,0.0
2024-07-12 14:22:00+09:00,2800.0,2805.0,2800.0,2805.0,3039,0.0,0.0
2024-07-12 14:23:00+09:00,2805.0,2805.0,2800.0,2805.0,13254,0.0,0.0
2024-07-12 14:24:00+09:00,2805.0,2805.0,2800.0,2805.0,1384,0.0,0.0
2024-07-12 14:25:00+09:00,2805.0,2805.0,2800.0,2805.0,2375,0.0,0.0
2024-07-12 14:26:00+09:00,2805.0,2805.0,2800.0,2805.0,2828,0.0,0.0
2024-07-12 14:27:00+09:00,2805.0,2805.0,2800.0,2805.0,15567,0.0,0.0
2024-07-12 14:28:00+09:00,2805.0,2805.0,2770.0,2770.0,154270,0.0,0.0
2024-07-12 14:29:00+09:00,2770.0,2775.0,2770.0,2770.0,3907,0.0,0.0
2024-07-12 14:31:00+09:00,2775.0,2800.0,2775.0,2795.0,40383,0.0,0.0
2024-07-12 14:32:00+09:00,2795.0,2800.0,2790.0,2800.0,15739,0.0,0.0
2024-07-12 14:33:00+09:00,2800.0,2800.0,2790.0,2790.0,22777,0.0,0.0
2024-07-12 14:34:00+09:00,2795.0,2800.0,2795.0,2800.0,9459,0.0,0.0
2024-07-12 14:35:00+09:00,2800.0,2800.0,2795.0,2795.0,4976,0.0,0.0
2024-07-12 14:36:00+09:00,2795.0,2810.0,2795.0,2810.0,12880,0.0,0.0
2024-07-12 14:37:00+09:00,2810.0,2810.0,2805.0,2810.0,5198,0.0,0.0
2024-07-12 14:38:00+09:00,2810.0,2810.0,2800.0,2810.0,16347,0.0,0.0
2024-07-12 14:39:00+09:00,2810.0,2815.0,2810.0,2810.0,7988,0.0,0.0
2024-07-12 14:40:00+09:00,2810.0,2810.0,2805.0,2810.0,3869,0.0,0.0
2024-07-12 14:41:00+09:00,2810.0,2815.0,2810.0,2810.0,5800,0.0,0.0
2024-07-12 14:42:00+09:00,2810.0,2815.0,2805.0,2810.0,7717,0.0,0.0
2024-07-12 14:43:00+09:00,2810.0,2810.0,2805.0,2805.0,4571,0.0,0.0
2024-07-12 14:44:00+09:00,2810.0,2810.0,2805.0,2805.0,1271,0.0,0.0
2024-07-12 14:45:00+09:00,2805.0,2805.0,2795.0,2805.0,17872,0.0,0.0
2024-07-12 14:46:00+09:00,2800.0,2805.0,2795.0,2800.0,6171,0.0,0.0
2024-07-12 14:47:00+09:00,2800.0,2805.0,2800.0,2800.0,6014,0.0,0.0
2024-07-12 14:48:00+09:00,2800.0,2805.0,2795.0,2795.0,8349,0.0,0.0
2024-07-12 14:49:00+09:00,2795.0,2800.0,2790.0,2790.0,13997,0.0,0.0
2024-07-12 14:50:00+09:00,2800.0,2800.0,2785.0,2790.0,6912,0.0,0.0
2024-07-12 14:51:00+09:00,2790.0,2790.0,2790.0,2790.0,7232,0.0,0.0
2024-07-12 14:52:00+09:00,2790.0,2790.0,2785.0,2790.0,2610,0.0,0.0
2024-07-12 14:53:00+09:00,2785.0,2795.0,2785.0,2785.0,22079,0.0,0.0
2024-07-12 14:54:00+09:00,2785.0,2795.0,2785.0,2790.0,5850,0.0,0.0
2024-07-12 14:55:00+09:00,2790.0,2795.0,2785.0,2790.0,20477,0.0,0.0
2024-07-12 14:56:00+09:00,2795.0,2800.0,2785.0,2800.0,12454,0.0,0.0
2024-07-12 14:57:00+09:00,2800.0,2800.0,2790.0,2795.0,11457,0.0,0.0
2024-07-12 14:58:00+09:00,2795.0,2800.0,2790.0,2800.0,1332,0.0,0.0
2024-07-12 14:59:00+09:00,2800.0,2800.0,2795.0,2795.0,3619,0.0,0.0
