Datetime,Open,High,Low,Close,Volume,Dividends,Stock Splits
2024-09-09 09:30:00-04:00,40.47999954223633,40.560001373291016,40.439998626708984,40.54999923706055,110952,0.0,0.0
2024-09-09 09:31:00-04:00,40.58000183105469,40.595001220703125,40.55030059814453,40.584999084472656,20620,0.0,0.0
2024-09-09 09:32:00-04:00,40.58000183105469,40.58000183105469,40.52109909057617,40.540000915527344,9780,0.0,0.0
2024-09-09 09:33:00-04:00,40.53499984741211,40.53499984741211,40.51499938964844,40.51499938964844,6664,0.0,0.0
2024-09-09 09:34:00-04:00,40.51499938964844,40.560001373291016,40.5099983215332,40.560001373291016,6140,0.0,0.0
2024-09-09 09:35:00-04:00,40.560001373291016,40.560001373291016,40.52009963989258,40.52009963989258,3852,0.0,0.0
2024-09-09 09:36:00-04:00,40.52000045776367,40.540000915527344,40.52000045776367,40.540000915527344,3575,0.0,0.0
2024-09-09 09:37:00-04:00,40.54499816894531,40.56999969482422,40.54499816894531,40.560001373291016,3765,0.0,0.0
2024-09-09 09:38:00-04:00,40.529998779296875,40.540000915527344,40.529998779296875,40.540000915527344,1735,0.0,0.0
2024-09-09 09:39:00-04:00,40.535701751708984,40.535701751708984,40.52000045776367,40.52000045776367,1404,0.0,0.0
2024-09-09 09:40:00-04:00,40.53010177612305,40.57500076293945,40.53010177612305,40.57500076293945,3646,0.0,0.0
2024-09-09 09:41:00-04:00,40.57500076293945,40.57500076293945,40.54999923706055,40.55659866333008,6815,0.0,0.0
2024-09-09 09:42:00-04:00,40.560001373291016,40.57500076293945,40.54999923706055,40.564998626708984,6936,0.0,0.0
2024-09-09 09:43:00-04:00,40.57569885253906,40.58000183105469,40.56399917602539,40.57569885253906,3198,0.0,0.0
2024-09-09 09:44:00-04:00,40.56999969482422,40.57500076293945,40.525001525878906,40.529998779296875,3728,0.0,0.0
2024-09-09 09:45:00-04:00,40.540000915527344,40.560001373291016,40.5,40.505001068115234,10145,0.0,0.0
2024-09-09 09:46:00-04:00,40.505001068115234,40.505001068115234,40.4901008605957,40.4901008605957,2630,0.0,0.0
2024-09-09 09:47:00-04:00,40.4900016784668,40.4900016784668,40.4900016784668,40.4900016784668,1444,0.0,0.0
2024-09-09 09:48:00-04:00,40.5,40.505001068115234,40.47010040283203,40.494998931884766,11898,0.0,0.0
2024-09-09 09:49:00-04:00,40.5099983215332,40.52000045776367,40.4900016784668,40.52000045776367,7159,0.0,0.0
2024-09-09 09:50:00-04:00,40.52000045776367,40.52000045776367,40.5,40.5099983215332,1277,0.0,0.0
2024-09-09 09:51:00-04:00,40.510398864746094,40.51499938964844,40.499900817871094,40.499900817871094,3812,0.0,0.0
2024-09-09 09:52:00-04:00,40.505001068115234,40.540000915527344,40.505001068115234,40.540000915527344,2747,0.0,0.0
2024-09-09 09:53:00-04:00,40.540000915527344,40.61000061035156,40.540000915527344,40.599998474121094,4489,0.0,0.0
2024-09-09 09:54:00-04:00,40.61000061035156,40.6150016784668,40.584999084472656,40.59000015258789,3123,0.0,0.0
2024-09-09 09:55:00-04:00,40.59000015258789,40.599998474121094,40.58000183105469,40.59000015258789,1928,0.0,0.0
2024-09-09 09:56:00-04:00,40.595001220703125,40.599998474121094,40.59000015258789,40.59000015258789,2393,0.0,0.0
2024-09-09 09:57:00-04:00,40.595001220703125,40.599998474121094,40.595001220703125,40.599998474121094,1377,0.0,0.0
2024-09-09 09:58:00-04:00,40.60810089111328,40.6150016784668,40.60499954223633,40.61000061035156,6007,0.0,0.0
2024-09-09 09:59:00-04:00,40.61000061035156,40.619998931884766,40.59000015258789,40.59000015258789,10045,0.0,0.0
2024-09-09 10:00:00-04:00,40.59000015258789,40.6150016784668,40.59000015258789,40.599998474121094,3122,0.0,0.0
2024-09-09 10:01:00-04:00,40.599998474121094,40.599998474121094,40.595001220703125,40.599998474121094,513,0.0,0.0
2024-09-09 10:02:00-04:00,40.599998474121094,40.599998474121094,40.58000183105469,40.59120178222656,3118,0.0,0.0
2024-09-09 10:03:00-04:00,40.599998474121094,40.599998474121094,40.584999084472656,40.584999084472656,2638,0.0,0.0
2024-09-09 10:04:00-04:00,40.59000015258789,40.59000015258789,40.57500076293945,40.59000015258789,2361,0.0,0.0
2024-09-09 10:05:00-04:00,40.599998474121094,40.61000061035156,40.59000015258789,40.599998474121094,3354,0.0,0.0
2024-09-09 10:06:00-04:00,40.60499954223633,40.625,40.60499954223633,40.625,2067,0.0,0.0
2024-09-09 10:07:00-04:00,40.6254997253418,40.62950134277344,40.619998931884766,40.619998931884766,2129,0.0,0.0
2024-09-09 10:08:00-04:00,40.619998931884766,40.630001068115234,40.60499954223633,40.630001068115234,19008,0.0,0.0
2024-09-09 10:09:00-04:00,40.625,40.63349914550781,40.619998931884766,40.630001068115234,5237,0.0,0.0
2024-09-09 10:10:00-04:00,40.6349983215332,40.6349983215332,40.61000061035156,40.61000061035156,7041,0.0,0.0
2024-09-09 10:11:00-04:00,40.619998931884766,40.63990020751953,40.6150016784668,40.619998931884766,14775,0.0,0.0
2024-09-09 10:12:00-04:00,40.619998931884766,40.620601654052734,40.6150016784668,40.619998931884766,10351,0.0,0.0
2024-09-09 10:13:00-04:00,40.619998931884766,40.619998931884766,40.599998474121094,40.61000061035156,5333,0.0,0.0
2024-09-09 10:14:00-04:00,40.61000061035156,40.630001068115234,40.61000061035156,40.625,5602,0.0,0.0
2024-09-09 10:15:00-04:00,40.619998931884766,40.625,40.619998931884766,40.62120056152344,703,0.0,0.0
2024-09-09 10:16:00-04:00,40.630001068115234,40.63999938964844,40.625,40.63999938964844,3987,0.0,0.0
2024-09-09 10:17:00-04:00,40.63999938964844,40.650001525878906,40.63999938964844,40.64500045776367,9540,0.0,0.0
2024-09-09 10:18:00-04:00,40.63999938964844,40.654998779296875,40.63999938964844,40.650001525878906,5742,0.0,0.0
2024-09-09 10:19:00-04:00,40.650001525878906,40.65010070800781,40.6349983215332,40.64500045776367,12032,0.0,0.0
2024-09-09 10:20:00-04:00,40.641300201416016,40.654998779296875,40.641300201416016,40.64500045776367,17755,0.0,0.0
2024-09-09 10:21:00-04:00,40.64500045776367,40.64500045776367,40.62009811401367,40.630001068115234,6414,0.0,0.0
2024-09-09 10:22:00-04:00,40.6349983215332,40.6349983215332,40.625,40.625,1662,0.0,0.0
2024-09-09 10:23:00-04:00,40.630001068115234,40.63999938964844,40.619998931884766,40.619998931884766,6173,0.0,0.0
2024-09-09 10:24:00-04:00,40.625,40.62799835205078,40.619998931884766,40.620399475097656,3942,0.0,0.0
2024-09-09 10:25:00-04:00,40.625,40.63999938964844,40.6150016784668,40.619998931884766,9069,0.0,0.0
2024-09-09 10:26:00-04:00,40.619998931884766,40.6349983215332,40.619998931884766,40.62799835205078,7601,0.0,0.0
2024-09-09 10:27:00-04:00,40.624000549316406,40.630001068115234,40.619998931884766,40.619998931884766,3956,0.0,0.0
2024-09-09 10:28:00-04:00,40.630001068115234,40.6349983215332,40.630001068115234,40.630001068115234,4132,0.0,0.0
2024-09-09 10:29:00-04:00,40.630001068115234,40.6349983215332,40.59040069580078,40.59040069580078,8432,0.0,0.0
2024-09-09 10:30:00-04:00,40.599998474121094,40.619998931884766,40.595001220703125,40.619998931884766,26335,0.0,0.0
2024-09-09 10:31:00-04:00,40.625,40.625,40.599998474121094,40.60219955444336,17783,0.0,0.0
2024-09-09 10:32:00-04:00,40.609901428222656,40.63999938964844,40.600101470947266,40.63999938964844,25725,0.0,0.0
2024-09-09 10:33:00-04:00,40.63999938964844,40.654998779296875,40.6349983215332,40.64500045776367,9727,0.0,0.0
2024-09-09 10:34:00-04:00,40.640499114990234,40.640499114990234,40.640499114990234,40.640499114990234,12304,0.0,0.0
2024-09-09 10:35:00-04:00,40.630699157714844,40.6349983215332,40.599998474121094,40.599998474121094,17561,0.0,0.0
2024-09-09 10:36:00-04:00,40.60499954223633,40.61000061035156,40.595001220703125,40.59939956665039,13659,0.0,0.0
2024-09-09 10:37:00-04:00,40.595001220703125,40.61000061035156,40.5901985168457,40.60499954223633,16899,0.0,0.0
2024-09-09 10:38:00-04:00,40.61000061035156,40.61000061035156,40.57500076293945,40.59000015258789,27720,0.0,0.0
2024-09-09 10:39:00-04:00,40.595001220703125,40.61000061035156,40.595001220703125,40.61000061035156,9683,0.0,0.0
2024-09-09 10:40:00-04:00,40.619998931884766,40.630001068115234,40.61009979248047,40.630001068115234,8150,0.0,0.0
2024-09-09 10:41:00-04:00,40.625,40.630001068115234,40.61009979248047,40.61920166015625,5278,0.0,0.0
2024-09-09 10:42:00-04:00,40.61429977416992,40.619998931884766,40.60089874267578,40.60499954223633,4151,0.0,0.0
2024-09-09 10:43:00-04:00,40.61000061035156,40.6150016784668,40.600101470947266,40.60499954223633,11499,0.0,0.0
2024-09-09 10:44:00-04:00,40.60499954223633,40.60499954223633,40.584999084472656,40.584999084472656,10442,0.0,0.0
2024-09-09 10:45:00-04:00,40.58100128173828,40.60070037841797,40.58100128173828,40.595001220703125,12113,0.0,0.0
2024-09-09 10:46:00-04:00,40.599998474121094,40.630001068115234,40.599998474121094,40.61029815673828,16921,0.0,0.0
2024-09-09 10:47:00-04:00,40.61429977416992,40.6150016784668,40.61429977416992,40.6150016784668,1885,0.0,0.0
2024-09-09 10:48:00-04:00,40.619998931884766,40.619998931884766,40.599998474121094,40.611698150634766,7067,0.0,0.0
2024-09-09 10:49:00-04:00,40.611000061035156,40.630001068115234,40.611000061035156,40.62070083618164,14849,0.0,0.0
2024-09-09 10:50:00-04:00,40.630001068115234,40.632198333740234,40.630001068115234,40.632198333740234,5002,0.0,0.0
2024-09-09 10:52:00-04:00,40.62099838256836,40.62540054321289,40.62099838256836,40.625,14977,0.0,0.0
2024-09-09 10:53:00-04:00,40.625,40.625,40.61149978637695,40.61149978637695,3856,0.0,0.0
2024-09-09 10:54:00-04:00,40.619998931884766,40.630001068115234,40.619998931884766,40.630001068115234,4686,0.0,0.0
2024-09-09 10:55:00-04:00,40.63999938964844,40.650001525878906,40.63999938964844,40.650001525878906,1062,0.0,0.0
2024-09-09 10:56:00-04:00,40.64500045776367,40.654998779296875,40.64500045776367,40.654998779296875,4613,0.0,0.0
2024-09-09 10:57:00-04:00,40.654998779296875,40.65999984741211,40.640098571777344,40.65999984741211,6794,0.0,0.0
2024-09-09 10:58:00-04:00,40.66889953613281,40.68000030517578,40.65999984741211,40.68000030517578,3516,0.0,0.0
2024-09-09 10:59:00-04:00,40.67499923706055,40.68000030517578,40.670101165771484,40.67499923706055,2307,0.0,0.0
2024-09-09 11:00:00-04:00,40.67499923706055,40.689998626708984,40.67499923706055,40.689998626708984,14512,0.0,0.0
2024-09-09 11:01:00-04:00,40.689998626708984,40.709999084472656,40.68000030517578,40.70500183105469,13669,0.0,0.0
2024-09-09 11:02:00-04:00,40.70000076293945,40.736000061035156,40.70000076293945,40.736000061035156,6191,0.0,0.0
2024-09-09 11:03:00-04:00,40.75,40.77000045776367,40.75,40.75,8786,0.0,0.0
2024-09-09 11:04:00-04:00,40.744998931884766,40.749000549316406,40.724998474121094,40.724998474121094,4260,0.0,0.0
2024-09-09 11:05:00-04:00,40.72999954223633,40.7400016784668,40.72999954223633,40.7400016784668,1275,0.0,0.0
2024-09-09 11:06:00-04:00,40.7400016784668,40.742000579833984,40.733699798583984,40.736000061035156,6546,0.0,0.0
2024-09-09 11:07:00-04:00,40.7400016784668,40.744998931884766,40.7400016784668,40.7400016784668,756,0.0,0.0
2024-09-09 11:08:00-04:00,40.7400016784668,40.749900817871094,40.724998474121094,40.72999954223633,4698,0.0,0.0
2024-09-09 11:09:00-04:00,40.725399017333984,40.725399017333984,40.72010040283203,40.724998474121094,1073,0.0,0.0
2024-09-09 11:10:00-04:00,40.724998474121094,40.72999954223633,40.720001220703125,40.724998474121094,2333,0.0,0.0
2024-09-09 11:11:00-04:00,40.724998474121094,40.72999954223633,40.72200012207031,40.72999954223633,2644,0.0,0.0
2024-09-09 11:12:00-04:00,40.729000091552734,40.72999954223633,40.71009826660156,40.720001220703125,5465,0.0,0.0
2024-09-09 11:13:00-04:00,40.72999954223633,40.72999954223633,40.70209884643555,40.70209884643555,3444,0.0,0.0
2024-09-09 11:14:00-04:00,40.70000076293945,40.70000076293945,40.66999816894531,40.66999816894531,7083,0.0,0.0
2024-09-09 11:15:00-04:00,40.66999816894531,40.67499923706055,40.66999816894531,40.66999816894531,2715,0.0,0.0
2024-09-09 11:16:00-04:00,40.665000915527344,40.68000030517578,40.66419982910156,40.68000030517578,6798,0.0,0.0
2024-09-09 11:17:00-04:00,40.68000030517578,40.689998626708984,40.68000030517578,40.689998626708984,2346,0.0,0.0
2024-09-09 11:18:00-04:00,40.685001373291016,40.685001373291016,40.68000030517578,40.68000030517578,1494,0.0,0.0
2024-09-09 11:19:00-04:00,40.685001373291016,40.685001373291016,40.675498962402344,40.67919921875,1672,0.0,0.0
2024-09-09 11:20:00-04:00,40.68000030517578,40.68579864501953,40.68000030517578,40.685001373291016,8107,0.0,0.0
2024-09-09 11:21:00-04:00,40.685001373291016,40.685001373291016,40.685001373291016,40.685001373291016,754,0.0,0.0
2024-09-09 11:22:00-04:00,40.68000030517578,40.69540023803711,40.67499923706055,40.689998626708984,11309,0.0,0.0
2024-09-09 11:23:00-04:00,40.685001373291016,40.685001373291016,40.68000030517578,40.68000030517578,826,0.0,0.0
2024-09-09 11:24:00-04:00,40.68000030517578,40.6879997253418,40.665000915527344,40.665000915527344,4263,0.0,0.0
2024-09-09 11:25:00-04:00,40.66999816894531,40.67599868774414,40.66999816894531,40.66999816894531,2332,0.0,0.0
2024-09-09 11:26:00-04:00,40.66429901123047,40.66999816894531,40.650001525878906,40.650001525878906,2739,0.0,0.0
2024-09-09 11:27:00-04:00,40.6599006652832,40.6599006652832,40.654998779296875,40.654998779296875,1129,0.0,0.0
2024-09-09 11:28:00-04:00,40.65480041503906,40.6697998046875,40.65449905395508,40.665000915527344,2340,0.0,0.0
2024-09-09 11:29:00-04:00,40.66699981689453,40.66699981689453,40.64500045776367,40.650001525878906,10765,0.0,0.0
2024-09-09 11:30:00-04:00,40.650001525878906,40.665000915527344,40.650001525878906,40.665000915527344,1474,0.0,0.0
2024-09-09 11:31:00-04:00,40.665000915527344,40.689998626708984,40.665000915527344,40.689998626708984,8570,0.0,0.0
2024-09-09 11:32:00-04:00,40.689998626708984,40.70669937133789,40.689998626708984,40.70500183105469,6329,0.0,0.0
2024-09-09 11:33:00-04:00,40.706199645996094,40.709999084472656,40.70000076293945,40.704200744628906,3769,0.0,0.0
2024-09-09 11:34:00-04:00,40.69499969482422,40.69499969482422,40.68299865722656,40.68299865722656,2903,0.0,0.0
2024-09-09 11:35:00-04:00,40.685001373291016,40.685001373291016,40.67499923706055,40.679901123046875,4554,0.0,0.0
2024-09-09 11:36:00-04:00,40.67499923706055,40.689998626708984,40.67499923706055,40.685001373291016,6908,0.0,0.0
2024-09-09 11:37:00-04:00,40.68000030517578,40.68000030517578,40.67499923706055,40.67499923706055,758,0.0,0.0
2024-09-09 11:38:00-04:00,40.68000030517578,40.69499969482422,40.68000030517578,40.689998626708984,5440,0.0,0.0
2024-09-09 11:39:00-04:00,40.70000076293945,40.70500183105469,40.70000076293945,40.70500183105469,606,0.0,0.0
2024-09-09 11:40:00-04:00,40.70500183105469,40.709999084472656,40.70000076293945,40.709999084472656,2902,0.0,0.0
2024-09-09 11:41:00-04:00,40.70000076293945,40.71500015258789,40.70000076293945,40.709999084472656,10537,0.0,0.0
2024-09-09 11:42:00-04:00,40.709999084472656,40.71500015258789,40.70000076293945,40.71500015258789,5175,0.0,0.0
2024-09-09 11:43:00-04:00,40.71500015258789,40.720001220703125,40.709999084472656,40.71500015258789,3063,0.0,0.0
2024-09-09 11:44:00-04:00,40.720001220703125,40.724998474121094,40.720001220703125,40.72050094604492,4928,0.0,0.0
2024-09-09 11:45:00-04:00,40.720001220703125,40.72999954223633,40.709999084472656,40.72999954223633,17994,0.0,0.0
2024-09-09 11:46:00-04:00,40.72999954223633,40.73500061035156,40.72010040283203,40.724998474121094,7728,0.0,0.0
2024-09-09 11:47:00-04:00,40.72999954223633,40.75,40.72999954223633,40.75,12611,0.0,0.0
2024-09-09 11:48:00-04:00,40.750999450683594,40.755001068115234,40.75,40.755001068115234,3795,0.0,0.0
2024-09-09 11:49:00-04:00,40.75600051879883,40.75600051879883,40.7400016784668,40.748600006103516,2876,0.0,0.0
2024-09-09 11:50:00-04:00,40.744998931884766,40.744998931884766,40.731998443603516,40.731998443603516,1071,0.0,0.0
2024-09-09 11:51:00-04:00,40.7400016784668,40.7400016784668,40.73500061035156,40.73500061035156,3819,0.0,0.0
2024-09-09 11:52:00-04:00,40.72999954223633,40.72999954223633,40.72999954223633,40.72999954223633,2252,0.0,0.0
2024-09-09 11:53:00-04:00,40.72999954223633,40.72999954223633,40.724998474121094,40.724998474121094,952,0.0,0.0
2024-09-09 11:54:00-04:00,40.72589874267578,40.73550033569336,40.72589874267578,40.73379898071289,2753,0.0,0.0
2024-09-09 11:55:00-04:00,40.724998474121094,40.724998474121094,40.724998474121094,40.724998474121094,0,0.0,0.0
2024-09-09 11:56:00-04:00,40.72589874267578,40.72999954223633,40.720001220703125,40.724998474121094,1044829,0.0,0.0
2024-09-09 11:57:00-04:00,40.72549819946289,40.72800064086914,40.720001220703125,40.72629928588867,1576,0.0,0.0
2024-09-09 11:58:00-04:00,40.724998474121094,40.724998474121094,40.70750045776367,40.70750045776367,1822,0.0,0.0
2024-09-09 11:59:00-04:00,40.70600128173828,40.70600128173828,40.70500183105469,40.70500183105469,688,0.0,0.0
2024-09-09 12:00:00-04:00,40.70500183105469,40.724998474121094,40.70000076293945,40.724998474121094,5198,0.0,0.0
2024-09-09 12:01:00-04:00,40.72999954223633,40.744998931884766,40.72999954223633,40.7400016784668,4017,0.0,0.0
2024-09-09 12:02:00-04:00,40.74800109863281,40.7599983215332,40.74800109863281,40.7599983215332,2152,0.0,0.0
2024-09-09 12:03:00-04:00,40.7599983215332,40.76499938964844,40.755001068115234,40.7599983215332,4433,0.0,0.0
2024-09-09 12:04:00-04:00,40.76020050048828,40.76499938964844,40.76020050048828,40.76499938964844,1428,0.0,0.0
2024-09-09 12:05:00-04:00,40.76499938964844,40.77000045776367,40.760101318359375,40.76499938964844,4423,0.0,0.0
2024-09-09 12:06:00-04:00,40.76499938964844,40.77000045776367,40.750099182128906,40.750099182128906,1997,0.0,0.0
2024-09-09 12:07:00-04:00,40.75,40.75,40.7400016784668,40.7400016784668,7574,0.0,0.0
2024-09-09 12:08:00-04:00,40.74580001831055,40.74580001831055,40.71500015258789,40.71500015258789,7001,0.0,0.0
2024-09-09 12:09:00-04:00,40.71189880371094,40.71799850463867,40.71189880371094,40.71799850463867,2942,0.0,0.0
2024-09-09 12:10:00-04:00,40.720001220703125,40.724998474121094,40.720001220703125,40.720001220703125,4727,0.0,0.0
2024-09-09 12:11:00-04:00,40.720001220703125,40.72800064086914,40.720001220703125,40.724998474121094,1897,0.0,0.0
2024-09-09 12:12:00-04:00,40.72999954223633,40.72999954223633,40.720001220703125,40.72600173950195,5529,0.0,0.0
2024-09-09 12:13:00-04:00,40.724998474121094,40.75,40.724998474121094,40.75,4630,0.0,0.0
2024-09-09 12:14:00-04:00,40.7400016784668,40.744998931884766,40.72999954223633,40.72999954223633,5095,0.0,0.0
2024-09-09 12:15:00-04:00,40.72999954223633,40.73500061035156,40.72999954223633,40.73500061035156,383,0.0,0.0
2024-09-09 12:16:00-04:00,40.73529815673828,40.73529815673828,40.72999954223633,40.73500061035156,5667,0.0,0.0
2024-09-09 12:17:00-04:00,40.7400016784668,40.744998931884766,40.7400016784668,40.744998931884766,1539,0.0,0.0
2024-09-09 12:18:00-04:00,40.74700164794922,40.76499938964844,40.74409866333008,40.76499938964844,5307,0.0,0.0
2024-09-09 12:19:00-04:00,40.76599884033203,40.77000045776367,40.7599983215332,40.77000045776367,3324,0.0,0.0
2024-09-09 12:20:00-04:00,40.7599983215332,40.7599983215332,40.75130081176758,40.75600051879883,3612,0.0,0.0
2024-09-09 12:21:00-04:00,40.755001068115234,40.755001068115234,40.7400016784668,40.74599838256836,6427,0.0,0.0
2024-09-09 12:22:00-04:00,40.74869918823242,40.74879837036133,40.7400016784668,40.74599838256836,876,0.0,0.0
2024-09-09 12:23:00-04:00,40.744998931884766,40.74599838256836,40.7400016784668,40.7400016784668,2185,0.0,0.0
2024-09-09 12:24:00-04:00,40.730201721191406,40.7400016784668,40.730201721191406,40.7400016784668,2746,0.0,0.0
2024-09-09 12:25:00-04:00,40.744998931884766,40.744998931884766,40.744998931884766,40.744998931884766,908,0.0,0.0
2024-09-09 12:26:00-04:00,40.744998931884766,40.75,40.744998931884766,40.75,633,0.0,0.0
2024-09-09 12:27:00-04:00,40.74599838256836,40.755001068115234,40.74599838256836,40.75,3144,0.0,0.0
2024-09-09 12:28:00-04:00,40.75,40.75,40.75,40.75,421,0.0,0.0
2024-09-09 12:29:00-04:00,40.75,40.75,40.75,40.75,1641,0.0,0.0
2024-09-09 12:30:00-04:00,40.75,40.755001068115234,40.75,40.755001068115234,782,0.0,0.0
2024-09-09 12:31:00-04:00,40.75410079956055,40.7599983215332,40.75410079956055,40.7599983215332,1009,0.0,0.0
2024-09-09 12:32:00-04:00,40.7599983215332,40.769798278808594,40.7599983215332,40.769798278808594,2167,0.0,0.0
2024-09-09 12:33:00-04:00,40.76499938964844,40.76499938964844,40.7599983215332,40.7599983215332,2457,0.0,0.0
2024-09-09 12:34:00-04:00,40.7599983215332,40.769901275634766,40.75450134277344,40.76369857788086,2834,0.0,0.0
2024-09-09 12:35:00-04:00,40.76319885253906,40.76499938964844,40.7599983215332,40.7599983215332,3603,0.0,0.0
2024-09-09 12:36:00-04:00,40.7599983215332,40.765201568603516,40.755001068115234,40.765201568603516,3661,0.0,0.0
2024-09-09 12:37:00-04:00,40.76499938964844,40.76499938964844,40.76499938964844,40.76499938964844,1028,0.0,0.0
2024-09-09 12:38:00-04:00,40.77000045776367,40.77000045776367,40.76499938964844,40.77000045776367,2969,0.0,0.0
2024-09-09 12:39:00-04:00,40.77000045776367,40.775001525878906,40.76599884033203,40.775001525878906,1971,0.0,0.0
2024-09-09 12:40:00-04:00,40.775001525878906,40.78889846801758,40.775001525878906,40.779998779296875,2699,0.0,0.0
2024-09-09 12:41:00-04:00,40.78499984741211,40.788700103759766,40.779998779296875,40.78499984741211,2221,0.0,0.0
2024-09-09 12:42:00-04:00,40.78799819946289,40.790000915527344,40.77000045776367,40.77000045776367,5270,0.0,0.0
2024-09-09 12:43:00-04:00,40.76499938964844,40.77000045776367,40.76369857788086,40.76369857788086,3712,0.0,0.0
2024-09-09 12:44:00-04:00,40.76129913330078,40.77000045776367,40.76129913330078,40.77000045776367,1784,0.0,0.0
2024-09-09 12:45:00-04:00,40.765201568603516,40.765201568603516,40.762001037597656,40.762001037597656,1105,0.0,0.0
2024-09-09 12:46:00-04:00,40.77000045776367,40.77000045776367,40.77000045776367,40.77000045776367,1826,0.0,0.0
2024-09-09 12:47:00-04:00,40.775001525878906,40.775001525878906,40.7599983215332,40.7599983215332,1490,0.0,0.0
2024-09-09 12:48:00-04:00,40.765201568603516,40.765201568603516,40.744998931884766,40.744998931884766,1148,0.0,0.0
2024-09-09 12:49:00-04:00,40.7400016784668,40.75,40.7400016784668,40.744998931884766,781,0.0,0.0
2024-09-09 12:50:00-04:00,40.7400016784668,40.7400016784668,40.73249816894531,40.73500061035156,2490,0.0,0.0
2024-09-09 12:51:00-04:00,40.73500061035156,40.73500061035156,40.72999954223633,40.73249816894531,1816,0.0,0.0
2024-09-09 12:52:00-04:00,40.73500061035156,40.736000061035156,40.734039306640625,40.73500061035156,1676,0.0,0.0
2024-09-09 12:53:00-04:00,40.72999954223633,40.73500061035156,40.72999954223633,40.73500061035156,1396,0.0,0.0
2024-09-09 12:54:00-04:00,40.73500061035156,40.73500061035156,40.72999954223633,40.72999954223633,2216,0.0,0.0
2024-09-09 12:55:00-04:00,40.72999954223633,40.72999954223633,40.72529983520508,40.72999954223633,2746,0.0,0.0
2024-09-09 12:56:00-04:00,40.7400016784668,40.7400016784668,40.73500061035156,40.7400016784668,1241,0.0,0.0
2024-09-09 12:57:00-04:00,40.736000061035156,40.739498138427734,40.736000061035156,40.739498138427734,3322,0.0,0.0
2024-09-09 12:58:00-04:00,40.7400016784668,40.755001068115234,40.7400016784668,40.755001068115234,2695,0.0,0.0
2024-09-09 12:59:00-04:00,40.755001068115234,40.7599983215332,40.75,40.75,4624,0.0,0.0
2024-09-09 13:00:00-04:00,40.744998931884766,40.755001068115234,40.74340057373047,40.755001068115234,3423,0.0,0.0
2024-09-09 13:01:00-04:00,40.75,40.755001068115234,40.75,40.755001068115234,2865,0.0,0.0
2024-09-09 13:02:00-04:00,40.755001068115234,40.755001068115234,40.755001068115234,40.755001068115234,167,0.0,0.0
2024-09-09 13:03:00-04:00,40.755001068115234,40.755001068115234,40.75,40.75,1375,0.0,0.0
2024-09-09 13:04:00-04:00,40.755001068115234,40.755001068115234,40.744998931884766,40.744998931884766,1579,0.0,0.0
2024-09-09 13:05:00-04:00,40.744998931884766,40.744998931884766,40.720001220703125,40.724998474121094,13238,0.0,0.0
2024-09-09 13:06:00-04:00,40.72999954223633,40.73500061035156,40.72999954223633,40.73500061035156,1874,0.0,0.0
2024-09-09 13:07:00-04:00,40.73500061035156,40.744998931884766,40.72999954223633,40.744998931884766,4156,0.0,0.0
2024-09-09 13:08:00-04:00,40.75,40.75,40.7400016784668,40.744998931884766,5557,0.0,0.0
2024-09-09 13:09:00-04:00,40.7400016784668,40.7400016784668,40.731201171875,40.731201171875,1780,0.0,0.0
2024-09-09 13:10:00-04:00,40.73500061035156,40.73500061035156,40.73500061035156,40.73500061035156,165,0.0,0.0
2024-09-09 13:11:00-04:00,40.73500061035156,40.735599517822266,40.72999954223633,40.72999954223633,3970,0.0,0.0
2024-09-09 13:12:00-04:00,40.73860168457031,40.73860168457031,40.72999954223633,40.73500061035156,920,0.0,0.0
2024-09-09 13:13:00-04:00,40.73500061035156,40.737998962402344,40.73500061035156,40.73500061035156,680,0.0,0.0
2024-09-09 13:14:00-04:00,40.73500061035156,40.73500061035156,40.72999954223633,40.72999954223633,2724,0.0,0.0
2024-09-09 13:15:00-04:00,40.73500061035156,40.73500061035156,40.720001220703125,40.720001220703125,1996,0.0,0.0
2024-09-09 13:16:00-04:00,40.724998474121094,40.724998474121094,40.720001220703125,40.720001220703125,8800,0.0,0.0
2024-09-09 13:17:00-04:00,40.720001220703125,40.724998474121094,40.720001220703125,40.7234992980957,7222,0.0,0.0
2024-09-09 13:18:00-04:00,40.72999954223633,40.72999954223633,40.72999954223633,40.72999954223633,387,0.0,0.0
2024-09-09 13:19:00-04:00,40.724998474121094,40.724998474121094,40.724998474121094,40.724998474121094,264,0.0,0.0
2024-09-09 13:20:00-04:00,40.720001220703125,40.724998474121094,40.720001220703125,40.724998474121094,2293,0.0,0.0
2024-09-09 13:21:00-04:00,40.724998474121094,40.724998474121094,40.720001220703125,40.720001220703125,800,0.0,0.0
2024-09-09 13:22:00-04:00,40.720001220703125,40.720001220703125,40.720001220703125,40.720001220703125,559,0.0,0.0
2024-09-09 13:23:00-04:00,40.73500061035156,40.73500061035156,40.73500061035156,40.73500061035156,2573,0.0,0.0
2024-09-09 13:24:00-04:00,40.73500061035156,40.73500061035156,40.724998474121094,40.72999954223633,1326,0.0,0.0
2024-09-09 13:25:00-04:00,40.72999954223633,40.72999954223633,40.72999954223633,40.72999954223633,932,0.0,0.0
2024-09-09 13:26:00-04:00,40.73500061035156,40.75,40.73500061035156,40.75,3432,0.0,0.0
2024-09-09 13:27:00-04:00,40.75550079345703,40.75550079345703,40.75550079345703,40.75550079345703,283,0.0,0.0
2024-09-09 13:28:00-04:00,40.755001068115234,40.755001068115234,40.755001068115234,40.755001068115234,439,0.0,0.0
2024-09-09 13:29:00-04:00,40.7599983215332,40.76499938964844,40.7599983215332,40.76499938964844,1858,0.0,0.0
2024-09-09 13:30:00-04:00,40.76499938964844,40.76599884033203,40.7598991394043,40.7598991394043,3399,0.0,0.0
2024-09-09 13:31:00-04:00,40.755001068115234,40.75519943237305,40.75,40.755001068115234,1231,0.0,0.0
2024-09-09 13:32:00-04:00,40.755001068115234,40.765201568603516,40.75,40.765201568603516,3348,0.0,0.0
2024-09-09 13:33:00-04:00,40.76499938964844,40.76499938964844,40.755001068115234,40.7599983215332,2462,0.0,0.0
2024-09-09 13:34:00-04:00,40.7599983215332,40.7599983215332,40.755001068115234,40.755001068115234,1812,0.0,0.0
2024-09-09 13:35:00-04:00,40.75600051879883,40.7599983215332,40.75360107421875,40.7599983215332,2681,0.0,0.0
2024-09-09 13:36:00-04:00,40.7599983215332,40.7599983215332,40.75,40.755001068115234,4047,0.0,0.0
2024-09-09 13:37:00-04:00,40.755001068115234,40.7599983215332,40.7510986328125,40.75519943237305,3756,0.0,0.0
2024-09-09 13:38:00-04:00,40.7599983215332,40.77000045776367,40.7599983215332,40.76499938964844,8676,0.0,0.0
2024-09-09 13:39:00-04:00,40.77000045776367,40.77000045776367,40.76499938964844,40.76499938964844,2370,0.0,0.0
2024-09-09 13:40:00-04:00,40.76900100708008,40.779998779296875,40.76900100708008,40.775001525878906,3313,0.0,0.0
2024-09-09 13:41:00-04:00,40.775001525878906,40.7765007019043,40.76499938964844,40.76499938964844,6438,0.0,0.0
2024-09-09 13:42:00-04:00,40.76559829711914,40.76559829711914,40.75,40.75,2493,0.0,0.0
2024-09-09 13:43:00-04:00,40.75,40.757999420166016,40.74399948120117,40.74399948120117,4413,0.0,0.0
2024-09-09 13:44:00-04:00,40.7400016784668,40.744998931884766,40.7400016784668,40.744998931884766,1749,0.0,0.0
2024-09-09 13:45:00-04:00,40.744998931884766,40.75,40.744998931884766,40.75,456,0.0,0.0
2024-09-09 13:46:00-04:00,40.744998931884766,40.75,40.744998931884766,40.75,3345,0.0,0.0
2024-09-09 13:47:00-04:00,40.75600051879883,40.75600051879883,40.744998931884766,40.744998931884766,1662,0.0,0.0
2024-09-09 13:48:00-04:00,40.75,40.75,40.75,40.75,811,0.0,0.0
2024-09-09 13:49:00-04:00,40.75,40.757198333740234,40.75,40.755001068115234,4570,0.0,0.0
2024-09-09 13:50:00-04:00,40.755001068115234,40.75790023803711,40.75,40.75,8728,0.0,0.0
2024-09-09 13:51:00-04:00,40.75,40.75,40.744998931884766,40.744998931884766,1149,0.0,0.0
2024-09-09 13:52:00-04:00,40.744998931884766,40.75,40.7400016784668,40.74530029296875,5984,0.0,0.0
2024-09-09 13:53:00-04:00,40.744998931884766,40.744998931884766,40.744998931884766,40.744998931884766,102,0.0,0.0
2024-09-09 13:54:00-04:00,40.7400016784668,40.7400016784668,40.72999954223633,40.72999954223633,6075,0.0,0.0
2024-09-09 13:55:00-04:00,40.73500061035156,40.73500061035156,40.72999954223633,40.72999954223633,1358,0.0,0.0
2024-09-09 13:56:00-04:00,40.724998474121094,40.72570037841797,40.720001220703125,40.720001220703125,1303,0.0,0.0
2024-09-09 13:57:00-04:00,40.720001220703125,40.720001220703125,40.71500015258789,40.71500015258789,3500,0.0,0.0
2024-09-09 13:58:00-04:00,40.720001220703125,40.720001220703125,40.71500015258789,40.71500015258789,2842,0.0,0.0
2024-09-09 13:59:00-04:00,40.71110153198242,40.71500015258789,40.71110153198242,40.71500015258789,809,0.0,0.0
2024-09-09 14:00:00-04:00,40.709999084472656,40.720001220703125,40.709999084472656,40.720001220703125,5164,0.0,0.0
2024-09-09 14:01:00-04:00,40.720001220703125,40.720001220703125,40.71500015258789,40.71500015258789,1261,0.0,0.0
2024-09-09 14:02:00-04:00,40.720001220703125,40.720001220703125,40.7140007019043,40.71879959106445,1628,0.0,0.0
2024-09-09 14:03:00-04:00,40.709999084472656,40.71500015258789,40.709999084472656,40.71500015258789,1251,0.0,0.0
2024-09-09 14:04:00-04:00,40.7156982421875,40.7156982421875,40.709999084472656,40.712398529052734,4400,0.0,0.0
2024-09-09 14:05:00-04:00,40.710411071777344,40.720001220703125,40.710411071777344,40.71070098876953,3702,0.0,0.0
2024-09-09 14:06:00-04:00,40.71500015258789,40.720001220703125,40.71500015258789,40.720001220703125,2961,0.0,0.0
2024-09-09 14:07:00-04:00,40.71500015258789,40.71500015258789,40.71500015258789,40.71500015258789,549,0.0,0.0
2024-09-09 14:08:00-04:00,40.71500015258789,40.720001220703125,40.71500015258789,40.720001220703125,1418,0.0,0.0
2024-09-09 14:09:00-04:00,40.71030044555664,40.71500015258789,40.70500183105469,40.70500183105469,4113,0.0,0.0
2024-09-09 14:10:00-04:00,40.70000076293945,40.709999084472656,40.70000076293945,40.709999084472656,3221,0.0,0.0
2024-09-09 14:11:00-04:00,40.7156982421875,40.717498779296875,40.71500015258789,40.717498779296875,1901,0.0,0.0
2024-09-09 14:12:00-04:00,40.720001220703125,40.724998474121094,40.71419906616211,40.71419906616211,4525,0.0,0.0
2024-09-09 14:14:00-04:00,40.720001220703125,40.724998474121094,40.720001220703125,40.720001220703125,2454,0.0,0.0
2024-09-09 14:15:00-04:00,40.720001220703125,40.72999954223633,40.720001220703125,40.724998474121094,3112,0.0,0.0
2024-09-09 14:16:00-04:00,40.720001220703125,40.720001220703125,40.709999084472656,40.709999084472656,3560,0.0,0.0
2024-09-09 14:17:00-04:00,40.70600128173828,40.724998474121094,40.70500183105469,40.72010040283203,7236,0.0,0.0
2024-09-09 14:18:00-04:00,40.72420120239258,40.728599548339844,40.72420120239258,40.72570037841797,930,0.0,0.0
2024-09-09 14:19:00-04:00,40.72549819946289,40.72549819946289,40.724998474121094,40.724998474121094,859,0.0,0.0
2024-09-09 14:20:00-04:00,40.724998474121094,40.72999954223633,40.724998474121094,40.72999954223633,2300,0.0,0.0
2024-09-09 14:21:00-04:00,40.72999954223633,40.73500061035156,40.72999954223633,40.72999954223633,4278,0.0,0.0
2024-09-09 14:22:00-04:00,40.72600173950195,40.72600173950195,40.72600173950195,40.72600173950195,403,0.0,0.0
2024-09-09 14:23:00-04:00,40.72999954223633,40.72999954223633,40.72380065917969,40.724998474121094,986,0.0,0.0
2024-09-09 14:24:00-04:00,40.72999954223633,40.72999954223633,40.72570037841797,40.72570037841797,595,0.0,0.0
2024-09-09 14:25:00-04:00,40.72999954223633,40.73500061035156,40.724998474121094,40.72529983520508,4286,0.0,0.0
2024-09-09 14:26:00-04:00,40.72999954223633,40.72999954223633,40.724300384521484,40.724300384521484,374,0.0,0.0
2024-09-09 14:27:00-04:00,40.72999954223633,40.72999954223633,40.724998474121094,40.724998474121094,779,0.0,0.0
2024-09-09 14:28:00-04:00,40.724998474121094,40.724998474121094,40.71950149536133,40.720001220703125,6838,0.0,0.0
2024-09-09 14:29:00-04:00,40.720001220703125,40.724998474121094,40.720001220703125,40.720001220703125,4573,0.0,0.0
2024-09-09 14:30:00-04:00,40.728599548339844,40.728599548339844,40.713199615478516,40.713199615478516,3436,0.0,0.0
2024-09-09 14:31:00-04:00,40.720001220703125,40.72999954223633,40.71500015258789,40.724998474121094,2888,0.0,0.0
2024-09-09 14:32:00-04:00,40.72999954223633,40.72999954223633,40.71200180053711,40.71200180053711,9145,0.0,0.0
2024-09-09 14:33:00-04:00,40.71989822387695,40.72999954223633,40.71989822387695,40.724998474121094,1935,0.0,0.0
2024-09-09 14:34:00-04:00,40.724998474121094,40.724998474121094,40.71500015258789,40.71500015258789,3799,0.0,0.0
2024-09-09 14:35:00-04:00,40.71910095214844,40.71910095214844,40.71500015258789,40.71500015258789,1249,0.0,0.0
2024-09-09 14:36:00-04:00,40.71870040893555,40.71989822387695,40.71500015258789,40.71989822387695,907,0.0,0.0
2024-09-09 14:37:00-04:00,40.714500427246094,40.720001220703125,40.714500427246094,40.71500015258789,5649,0.0,0.0
2024-09-09 14:38:00-04:00,40.720001220703125,40.720001220703125,40.71500015258789,40.71500015258789,984,0.0,0.0
2024-09-09 14:39:00-04:00,40.709999084472656,40.709999084472656,40.70000076293945,40.70000076293945,5883,0.0,0.0
2024-09-09 14:40:00-04:00,40.69419860839844,40.69419860839844,40.69419860839844,40.69419860839844,241,0.0,0.0
2024-09-09 14:41:00-04:00,40.70000076293945,40.709999084472656,40.70000076293945,40.709999084472656,4115,0.0,0.0
2024-09-09 14:42:00-04:00,40.709999084472656,40.724998474121094,40.70330047607422,40.720001220703125,4921,0.0,0.0
2024-09-09 14:43:00-04:00,40.72999954223633,40.7400016784668,40.72990036010742,40.7400016784668,3810,0.0,0.0
2024-09-09 14:44:00-04:00,40.73249816894531,40.7400016784668,40.73249816894531,40.7400016784668,2600,0.0,0.0
2024-09-09 14:45:00-04:00,40.73500061035156,40.73630142211914,40.72999954223633,40.73500061035156,2933,0.0,0.0
2024-09-09 14:46:00-04:00,40.73500061035156,40.73500061035156,40.720001220703125,40.720001220703125,5492,0.0,0.0
2024-09-09 14:47:00-04:00,40.720001220703125,40.72999954223633,40.717201232910156,40.72999954223633,3269,0.0,0.0
2024-09-09 14:48:00-04:00,40.73500061035156,40.736000061035156,40.730201721191406,40.735801696777344,1404,0.0,0.0
2024-09-09 14:49:00-04:00,40.739898681640625,40.75,40.739898681640625,40.744300842285156,2754,0.0,0.0
2024-09-09 14:50:00-04:00,40.744998931884766,40.74599838256836,40.74209976196289,40.74209976196289,2871,0.0,0.0
2024-09-09 14:51:00-04:00,40.744998931884766,40.75,40.735801696777344,40.75,3309,0.0,0.0
2024-09-09 14:52:00-04:00,40.744998931884766,40.768001556396484,40.744998931884766,40.76789855957031,11679,0.0,0.0
2024-09-09 14:53:00-04:00,40.77000045776367,40.77000045776367,40.76499938964844,40.77000045776367,4938,0.0,0.0
2024-09-09 14:54:00-04:00,40.77000045776367,40.77000045776367,40.77000045776367,40.77000045776367,1529,0.0,0.0
2024-09-09 14:55:00-04:00,40.77000045776367,40.77000045776367,40.76499938964844,40.76499938964844,2235,0.0,0.0
2024-09-09 14:56:00-04:00,40.76499938964844,40.76499938964844,40.76499938964844,40.76499938964844,1199,0.0,0.0
2024-09-09 14:57:00-04:00,40.7599983215332,40.77000045776367,40.7599983215332,40.76599884033203,1677,0.0,0.0
2024-09-09 14:58:00-04:00,40.76499938964844,40.766998291015625,40.76499938964844,40.76499938964844,3564,0.0,0.0
2024-09-09 14:59:00-04:00,40.76499938964844,40.77000045776367,40.7599983215332,40.76430130004883,12272,0.0,0.0
2024-09-09 15:00:00-04:00,40.76499938964844,40.77000045776367,40.7599983215332,40.76499938964844,22631,0.0,0.0
2024-09-09 15:01:00-04:00,40.76499938964844,40.79600143432617,40.7599983215332,40.79600143432617,14562,0.0,0.0
2024-09-09 15:02:00-04:00,40.79499816894531,40.79999923706055,40.79010009765625,40.79010009765625,6074,0.0,0.0
2024-09-09 15:03:00-04:00,40.79499816894531,40.79499816894531,40.790000915527344,40.790000915527344,1517,0.0,0.0
2024-09-09 15:04:00-04:00,40.790000915527344,40.79499816894531,40.7843017578125,40.7843017578125,3226,0.0,0.0
2024-09-09 15:05:00-04:00,40.78499984741211,40.78499984741211,40.775001525878906,40.779998779296875,7507,0.0,0.0
2024-09-09 15:06:00-04:00,40.78499984741211,40.78499984741211,40.775001525878906,40.77880096435547,2548,0.0,0.0
2024-09-09 15:07:00-04:00,40.775001525878906,40.790000915527344,40.775001525878906,40.790000915527344,5780,0.0,0.0
2024-09-09 15:08:00-04:00,40.79499816894531,40.79499816894531,40.779998779296875,40.78499984741211,6059,0.0,0.0
2024-09-09 15:09:00-04:00,40.779998779296875,40.78499984741211,40.775001525878906,40.779998779296875,7208,0.0,0.0
2024-09-09 15:10:00-04:00,40.779998779296875,40.786399841308594,40.775001525878906,40.779998779296875,4583,0.0,0.0
2024-09-09 15:11:00-04:00,40.785499572753906,40.78990173339844,40.779998779296875,40.78499984741211,7917,0.0,0.0
2024-09-09 15:12:00-04:00,40.78499984741211,40.78499984741211,40.78499984741211,40.78499984741211,683,0.0,0.0
2024-09-09 15:13:00-04:00,40.78499984741211,40.790000915527344,40.78499984741211,40.78499984741211,2089,0.0,0.0
2024-09-09 15:14:00-04:00,40.78329849243164,40.78879928588867,40.78020095825195,40.78020095825195,3085,0.0,0.0
2024-09-09 15:15:00-04:00,40.790000915527344,40.79999923706055,40.790000915527344,40.79499816894531,4998,0.0,0.0
2024-09-09 15:16:00-04:00,40.79499816894531,40.79999923706055,40.79010009765625,40.79999923706055,2935,0.0,0.0
2024-09-09 15:17:00-04:00,40.79499816894531,40.79999923706055,40.79100036621094,40.79499816894531,5170,0.0,0.0
2024-09-09 15:18:00-04:00,40.790000915527344,40.79999923706055,40.790000915527344,40.79999923706055,2937,0.0,0.0
2024-09-09 15:19:00-04:00,40.79499816894531,40.79800033569336,40.78499984741211,40.79499816894531,5260,0.0,0.0
2024-09-09 15:20:00-04:00,40.790000915527344,40.79499816894531,40.790000915527344,40.79499816894531,3210,0.0,0.0
2024-09-09 15:21:00-04:00,40.79499816894531,40.79999923706055,40.79499816894531,40.79999923706055,1115,0.0,0.0
2024-09-09 15:22:00-04:00,40.79499816894531,40.79999923706055,40.790000915527344,40.790000915527344,2444,0.0,0.0
2024-09-09 15:23:00-04:00,40.790000915527344,40.79499816894531,40.78099822998047,40.79499816894531,9331,0.0,0.0
2024-09-09 15:24:00-04:00,40.79100036621094,40.79100036621094,40.790000915527344,40.790000915527344,2634,0.0,0.0
2024-09-09 15:25:00-04:00,40.790000915527344,40.790000915527344,40.78419876098633,40.78419876098633,6322,0.0,0.0
2024-09-09 15:26:00-04:00,40.78499984741211,40.79999923706055,40.780799865722656,40.79999923706055,11399,0.0,0.0
2024-09-09 15:27:00-04:00,40.79499816894531,40.79999923706055,40.790000915527344,40.79999923706055,10123,0.0,0.0
2024-09-09 15:28:00-04:00,40.79010009765625,40.79999923706055,40.790000915527344,40.79499816894531,5136,0.0,0.0
2024-09-09 15:29:00-04:00,40.79499816894531,40.810001373291016,40.79499816894531,40.80500030517578,22527,0.0,0.0
2024-09-09 15:30:00-04:00,40.80500030517578,40.810001373291016,40.800498962402344,40.80500030517578,9413,0.0,0.0
2024-09-09 15:31:00-04:00,40.80500030517578,40.810001373291016,40.80500030517578,40.80500030517578,2846,0.0,0.0
2024-09-09 15:32:00-04:00,40.80500030517578,40.80500030517578,40.80500030517578,40.80500030517578,2791,0.0,0.0
2024-09-09 15:33:00-04:00,40.810001373291016,40.810001373291016,40.79999923706055,40.79999923706055,9349,0.0,0.0
2024-09-09 15:34:00-04:00,40.79999923706055,40.80500030517578,40.7599983215332,40.7599983215332,18423,0.0,0.0
2024-09-09 15:35:00-04:00,40.76499938964844,40.77000045776367,40.750099182128906,40.755001068115234,39634,0.0,0.0
2024-09-09 15:36:00-04:00,40.755001068115234,40.790000915527344,40.755001068115234,40.790000915527344,18152,0.0,0.0
2024-09-09 15:37:00-04:00,40.78499984741211,40.790000915527344,40.775001525878906,40.775001525878906,11892,0.0,0.0
2024-09-09 15:38:00-04:00,40.775001525878906,40.77989959716797,40.775001525878906,40.775001525878906,3067,0.0,0.0
2024-09-09 15:39:00-04:00,40.779998779296875,40.790000915527344,40.779998779296875,40.790000915527344,5058,0.0,0.0
2024-09-09 15:40:00-04:00,40.78499984741211,40.78499984741211,40.775001525878906,40.775001525878906,8165,0.0,0.0
2024-09-09 15:41:00-04:00,40.775001525878906,40.77870178222656,40.77000045776367,40.77870178222656,3368,0.0,0.0
2024-09-09 15:42:00-04:00,40.775001525878906,40.79499816894531,40.77000045776367,40.79499816894531,14281,0.0,0.0
2024-09-09 15:43:00-04:00,40.79499816894531,40.79499816894531,40.790000915527344,40.79499816894531,3334,0.0,0.0
2024-09-09 15:44:00-04:00,40.79499816894531,40.79499816894531,40.79499816894531,40.79499816894531,1803,0.0,0.0
2024-09-09 15:45:00-04:00,40.79499816894531,40.79499816894531,40.775001525878906,40.775001525878906,16992,0.0,0.0
2024-09-09 15:46:00-04:00,40.775001525878906,40.78499984741211,40.775001525878906,40.779998779296875,14970,0.0,0.0
2024-09-09 15:47:00-04:00,40.78499984741211,40.79970169067383,40.78499984741211,40.79970169067383,7912,0.0,0.0
2024-09-09 15:48:00-04:00,40.79499816894531,40.808799743652344,40.794700622558594,40.80500030517578,16461,0.0,0.0
2024-09-09 15:49:00-04:00,40.80500030517578,40.806400299072266,40.79999923706055,40.80500030517578,6131,0.0,0.0
2024-09-09 15:50:00-04:00,40.80500030517578,40.80500030517578,40.77000045776367,40.775001525878906,28210,0.0,0.0
2024-09-09 15:51:00-04:00,40.775001525878906,40.779998779296875,40.77009963989258,40.775001525878906,9187,0.0,0.0
2024-09-09 15:52:00-04:00,40.775001525878906,40.779998779296875,40.76100158691406,40.775001525878906,51999,0.0,0.0
2024-09-09 15:53:00-04:00,40.77880096435547,40.77880096435547,40.7599983215332,40.76100158691406,16700,0.0,0.0
2024-09-09 15:54:00-04:00,40.76499938964844,40.77000045776367,40.76499938964844,40.76499938964844,15007,0.0,0.0
2024-09-09 15:55:00-04:00,40.76499938964844,40.779998779296875,40.76499938964844,40.775001525878906,46168,0.0,0.0
2024-09-09 15:56:00-04:00,40.775001525878906,40.779998779296875,40.76100158691406,40.766998291015625,43003,0.0,0.0
2024-09-09 15:57:00-04:00,40.77000045776367,40.779998779296875,40.76499938964844,40.775001525878906,65872,0.0,0.0
2024-09-09 15:58:00-04:00,40.77000045776367,40.779998779296875,40.7599983215332,40.775001525878906,138955,0.0,0.0
2024-09-09 15:59:00-04:00,40.779998779296875,40.79999923706055,40.775001525878906,40.790000915527344,133305,0.0,0.0
2024-09-10 09:30:00-04:00,40.79999923706055,40.83000183105469,40.66999816894531,40.709999084472656,96185,0.0,0.0
2024-09-10 09:31:00-04:00,40.70000076293945,40.72999954223633,40.685001373291016,40.70000076293945,36592,0.0,0.0
2024-09-10 09:32:00-04:00,40.70000076293945,40.70000076293945,40.660099029541016,40.69499969482422,16648,0.0,0.0
2024-09-10 09:33:00-04:00,40.66999816894531,40.709999084472656,40.66999816894531,40.709999084472656,4773,0.0,0.0
2024-09-10 09:34:00-04:00,40.689998626708984,40.709999084472656,40.68000030517578,40.68000030517578,4620,0.0,0.0
2024-09-10 09:35:00-04:00,40.65999984741211,40.66999816894531,40.63999938964844,40.66999816894531,10731,0.0,0.0
2024-09-10 09:36:00-04:00,40.68000030517578,40.709999084472656,40.66899871826172,40.699100494384766,6207,0.0,0.0
2024-09-10 09:37:00-04:00,40.70500183105469,40.720001220703125,40.689998626708984,40.689998626708984,10051,0.0,0.0
2024-09-10 09:38:00-04:00,40.720001220703125,40.75,40.720001220703125,40.75,1003,0.0,0.0
2024-09-10 09:39:00-04:00,40.76020050048828,40.779998779296875,40.76020050048828,40.76499938964844,6122,0.0,0.0
2024-09-10 09:40:00-04:00,40.7599983215332,40.7599983215332,40.7400016784668,40.75,5101,0.0,0.0
2024-09-10 09:41:00-04:00,40.75,40.75,40.72999954223633,40.7400016784668,1301,0.0,0.0
2024-09-10 09:42:00-04:00,40.7400016784668,40.7400016784668,40.72999954223633,40.7400016784668,1948,0.0,0.0
2024-09-10 09:43:00-04:00,40.7400016784668,40.755001068115234,40.724998474121094,40.724998474121094,3085,0.0,0.0
2024-09-10 09:44:00-04:00,40.70500183105469,40.70500183105469,40.70500183105469,40.70500183105469,316,0.0,0.0
2024-09-10 09:45:00-04:00,40.709999084472656,40.72999954223633,40.709999084472656,40.72999954223633,13506,0.0,0.0
2024-09-10 09:46:00-04:00,40.72999954223633,40.732601165771484,40.709999084472656,40.72999954223633,4496,0.0,0.0
2024-09-10 09:47:00-04:00,40.73059844970703,40.73059844970703,40.679901123046875,40.679901123046875,8305,0.0,0.0
2024-09-10 09:48:00-04:00,40.67499923706055,40.67499923706055,40.650001525878906,40.650001525878906,2501,0.0,0.0
2024-09-10 09:49:00-04:00,40.650001525878906,40.66469955444336,40.650001525878906,40.6505012512207,6613,0.0,0.0
2024-09-10 09:50:00-04:00,40.650001525878906,40.650001525878906,40.63999938964844,40.64500045776367,905,0.0,0.0
2024-09-10 09:51:00-04:00,40.62689971923828,40.62689971923828,40.62689971923828,40.62689971923828,2488,0.0,0.0
2024-09-10 09:52:00-04:00,40.61949920654297,40.630001068115234,40.61000061035156,40.61000061035156,5103,0.0,0.0
2024-09-10 09:53:00-04:00,40.6150016784668,40.630001068115234,40.59000015258789,40.59000015258789,5946,0.0,0.0
2024-09-10 09:54:00-04:00,40.599998474121094,40.630001068115234,40.599998474121094,40.619998931884766,5270,0.0,0.0
2024-09-10 09:55:00-04:00,40.61029815673828,40.61029815673828,40.59000015258789,40.61000061035156,7816,0.0,0.0
2024-09-10 09:56:00-04:00,40.61000061035156,40.625,40.61000061035156,40.619998931884766,1951,0.0,0.0
2024-09-10 09:57:00-04:00,40.625,40.6349983215332,40.619998931884766,40.630001068115234,6376,0.0,0.0
2024-09-10 09:58:00-04:00,40.6349983215332,40.654998779296875,40.630001068115234,40.654998779296875,2683,0.0,0.0
2024-09-10 09:59:00-04:00,40.650001525878906,40.650001525878906,40.64099884033203,40.64099884033203,1727,0.0,0.0
2024-09-10 10:00:00-04:00,40.63999938964844,40.650001525878906,40.625,40.630001068115234,5431,0.0,0.0
2024-09-10 10:01:00-04:00,40.630001068115234,40.6349983215332,40.625,40.630001068115234,2660,0.0,0.0
2024-09-10 10:02:00-04:00,40.630001068115234,40.63999938964844,40.625,40.63999938964844,2322,0.0,0.0
2024-09-10 10:03:00-04:00,40.64299011230469,40.650001525878906,40.625,40.630001068115234,2071,0.0,0.0
2024-09-10 10:04:00-04:00,40.630001068115234,40.6349983215332,40.619998931884766,40.625,1074,0.0,0.0
2024-09-10 10:05:00-04:00,40.619998931884766,40.625,40.61000061035156,40.61000061035156,3493,0.0,0.0
2024-09-10 10:06:00-04:00,40.61000061035156,40.61000061035156,40.595001220703125,40.60499954223633,6753,0.0,0.0
2024-09-10 10:07:00-04:00,40.599998474121094,40.599998474121094,40.58000183105469,40.589698791503906,2993,0.0,0.0
2024-09-10 10:08:00-04:00,40.59000015258789,40.61000061035156,40.58000183105469,40.61000061035156,7448,0.0,0.0
2024-09-10 10:09:00-04:00,40.619998931884766,40.619998931884766,40.599998474121094,40.6150016784668,4076,0.0,0.0
2024-09-10 10:10:00-04:00,40.6150016784668,40.619998931884766,40.59000015258789,40.599998474121094,6880,0.0,0.0
2024-09-10 10:11:00-04:00,40.599998474121094,40.599998474121094,40.560001373291016,40.584999084472656,9013,0.0,0.0
2024-09-10 10:12:00-04:00,40.58000183105469,40.58000183105469,40.560001373291016,40.560001373291016,5714,0.0,0.0
2024-09-10 10:13:00-04:00,40.560001373291016,40.560001373291016,40.540000915527344,40.540000915527344,3637,0.0,0.0
2024-09-10 10:14:00-04:00,40.52450180053711,40.52450180053711,40.52119827270508,40.52119827270508,19669,0.0,0.0
2024-09-10 10:15:00-04:00,40.52000045776367,40.529998779296875,40.52000045776367,40.529998779296875,752,0.0,0.0
2024-09-10 10:16:00-04:00,40.53499984741211,40.54499816894531,40.52000045776367,40.52000045776367,4041,0.0,0.0
2024-09-10 10:17:00-04:00,40.52000045776367,40.529998779296875,40.51499938964844,40.52000045776367,1826,0.0,0.0
2024-09-10 10:18:00-04:00,40.5099983215332,40.5099983215332,40.5,40.505001068115234,2783,0.0,0.0
2024-09-10 10:19:00-04:00,40.50251770019531,40.5099983215332,40.5,40.5099983215332,9964,0.0,0.0
2024-09-10 10:20:00-04:00,40.51499938964844,40.5546989440918,40.5099983215332,40.54999923706055,21597,0.0,0.0
2024-09-10 10:21:00-04:00,40.54499816894531,40.560001373291016,40.54499816894531,40.54999923706055,8873,0.0,0.0
2024-09-10 10:22:00-04:00,40.55500030517578,40.560001373291016,40.52000045776367,40.529998779296875,31642,0.0,0.0
2024-09-10 10:23:00-04:00,40.53499984741211,40.560001373291016,40.53499984741211,40.54499816894531,7910,0.0,0.0
2024-09-10 10:24:00-04:00,40.54499816894531,40.54999923706055,40.540000915527344,40.54050064086914,4631,0.0,0.0
2024-09-10 10:25:00-04:00,40.54999923706055,40.54999923706055,40.53499984741211,40.53499984741211,11767,0.0,0.0
2024-09-10 10:26:00-04:00,40.53499984741211,40.540000915527344,40.5099983215332,40.53499984741211,10680,0.0,0.0
2024-09-10 10:27:00-04:00,40.53499984741211,40.53499984741211,40.52000045776367,40.52000045776367,3793,0.0,0.0
2024-09-10 10:28:00-04:00,40.51499938964844,40.51499938964844,40.474998474121094,40.474998474121094,34579,0.0,0.0
2024-09-10 10:29:00-04:00,40.47999954223633,40.525001525878906,40.47999954223633,40.5099983215332,14854,0.0,0.0
2024-09-10 10:30:00-04:00,40.51499938964844,40.51499938964844,40.4900016784668,40.5,8244,0.0,0.0
2024-09-10 10:31:00-04:00,40.4900016784668,40.4900016784668,40.47999954223633,40.47999954223633,5680,0.0,0.0
2024-09-10 10:32:00-04:00,40.46500015258789,40.46500015258789,40.45500183105469,40.45500183105469,1470,0.0,0.0
2024-09-10 10:33:00-04:00,40.45500183105469,40.4900016784668,40.439998626708984,40.45000076293945,48850,0.0,0.0
2024-09-10 10:34:00-04:00,40.45000076293945,40.45500183105469,40.439998626708984,40.439998626708984,58872,0.0,0.0
2024-09-10 10:35:00-04:00,40.435001373291016,40.435001373291016,40.4033203125,40.41460037231445,12674,0.0,0.0
2024-09-10 10:36:00-04:00,40.41999816894531,40.43000030517578,40.41569900512695,40.41999816894531,5730,0.0,0.0
2024-09-10 10:37:00-04:00,40.41999816894531,40.43000030517578,40.41999816894531,40.42499923706055,3799,0.0,0.0
2024-09-10 10:38:00-04:00,40.43000030517578,40.459999084472656,40.43000030517578,40.459999084472656,12882,0.0,0.0
2024-09-10 10:39:00-04:00,40.44499969482422,40.459999084472656,40.44499969482422,40.459999084472656,2793,0.0,0.0
2024-09-10 10:40:00-04:00,40.45500183105469,40.474998474121094,40.45500183105469,40.46500015258789,13590,0.0,0.0
2024-09-10 10:41:00-04:00,40.46500015258789,40.470001220703125,40.4640007019043,40.46500015258789,2836,0.0,0.0
2024-09-10 10:42:00-04:00,40.46500015258789,40.5099983215332,40.46500015258789,40.5099983215332,14263,0.0,0.0
2024-09-10 10:43:00-04:00,40.51499938964844,40.51499938964844,40.505001068115234,40.5099983215332,3344,0.0,0.0
2024-09-10 10:44:00-04:00,40.506900787353516,40.52000045776367,40.506900787353516,40.52000045776367,1566,0.0,0.0
2024-09-10 10:45:00-04:00,40.5099983215332,40.52000045776367,40.5099983215332,40.52000045776367,6393,0.0,0.0
2024-09-10 10:46:00-04:00,40.525001525878906,40.540000915527344,40.52000045776367,40.52000045776367,4899,0.0,0.0
2024-09-10 10:47:00-04:00,40.52000045776367,40.53499984741211,40.51499938964844,40.53499984741211,9824,0.0,0.0
2024-09-10 10:48:00-04:00,40.529998779296875,40.529998779296875,40.494998931884766,40.5,3494,0.0,0.0
2024-09-10 10:49:00-04:00,40.50680160522461,40.529998779296875,40.50680160522461,40.529998779296875,2828,0.0,0.0
2024-09-10 10:50:00-04:00,40.529998779296875,40.53499984741211,40.525001525878906,40.525001525878906,4692,0.0,0.0
2024-09-10 10:51:00-04:00,40.525001525878906,40.529998779296875,40.505001068115234,40.505001068115234,4784,0.0,0.0
2024-09-10 10:52:00-04:00,40.5099983215332,40.5099983215332,40.5,40.505001068115234,3258,0.0,0.0
2024-09-10 10:53:00-04:00,40.51499938964844,40.529998779296875,40.51499938964844,40.529998779296875,1251,0.0,0.0
2024-09-10 10:54:00-04:00,40.525001525878906,40.525001525878906,40.513999938964844,40.52000045776367,4419,0.0,0.0
2024-09-10 10:55:00-04:00,40.51499938964844,40.51499938964844,40.5,40.5,2693,0.0,0.0
2024-09-10 10:58:00-04:00,40.470001220703125,40.470001220703125,40.459999084472656,40.470001220703125,41780,0.0,0.0
2024-09-10 10:59:00-04:00,40.474998474121094,40.47999954223633,40.470001220703125,40.474998474121094,4066,0.0,0.0
2024-09-10 11:00:00-04:00,40.47999954223633,40.47999954223633,40.44499969482422,40.45000076293945,5595,0.0,0.0
2024-09-10 11:01:00-04:00,40.45000076293945,40.45000076293945,40.435001373291016,40.439998626708984,6299,0.0,0.0
2024-09-10 11:02:00-04:00,40.439998626708984,40.45000076293945,40.439998626708984,40.44499969482422,3034,0.0,0.0
2024-09-10 11:03:00-04:00,40.439998626708984,40.45000076293945,40.435001373291016,40.44499969482422,2494,0.0,0.0
2024-09-10 11:04:00-04:00,40.44499969482422,40.470001220703125,40.44499969482422,40.459999084472656,2540,0.0,0.0
2024-09-10 11:05:00-04:00,40.45009994506836,40.45500183105469,40.45009994506836,40.45500183105469,246,0.0,0.0
2024-09-10 11:06:00-04:00,40.45500183105469,40.47999954223633,40.45000076293945,40.474998474121094,37721,0.0,0.0
2024-09-10 11:07:00-04:00,40.474998474121094,40.494998931884766,40.474998474121094,40.494998931884766,9298,0.0,0.0
2024-09-10 11:08:00-04:00,40.4900016784668,40.4900016784668,40.48099899291992,40.4900016784668,2013,0.0,0.0
2024-09-10 11:09:00-04:00,40.5,40.505001068115234,40.5,40.5,1235,0.0,0.0
2024-09-10 11:10:00-04:00,40.5099983215332,40.529998779296875,40.5099983215332,40.52000045776367,14260,0.0,0.0
2024-09-10 11:11:00-04:00,40.52000045776367,40.52000045776367,40.51499938964844,40.52000045776367,1730,0.0,0.0
2024-09-10 11:12:00-04:00,40.52000045776367,40.52000045776367,40.505001068115234,40.505001068115234,12023,0.0,0.0
2024-09-10 11:13:00-04:00,40.505001068115234,40.51499938964844,40.505001068115234,40.5099983215332,1778,0.0,0.0
2024-09-10 11:14:00-04:00,40.5099983215332,40.519901275634766,40.505001068115234,40.5099983215332,4330,0.0,0.0
2024-09-10 11:15:00-04:00,40.51369857788086,40.52000045776367,40.510101318359375,40.51499938964844,1555,0.0,0.0
2024-09-10 11:16:00-04:00,40.5099983215332,40.5099983215332,40.49100112915039,40.49100112915039,5524,0.0,0.0
2024-09-10 11:17:00-04:00,40.4900016784668,40.494998931884766,40.480098724365234,40.48500061035156,3386,0.0,0.0
2024-09-10 11:18:00-04:00,40.47999954223633,40.48500061035156,40.474998474121094,40.47999954223633,4136,0.0,0.0
2024-09-10 11:19:00-04:00,40.47999954223633,40.489898681640625,40.47999954223633,40.489898681640625,3260,0.0,0.0
2024-09-10 11:20:00-04:00,40.48500061035156,40.5099983215332,40.48500061035156,40.5099983215332,5474,0.0,0.0
2024-09-10 11:21:00-04:00,40.5099983215332,40.5099983215332,40.494998931884766,40.505001068115234,2468,0.0,0.0
2024-09-10 11:22:00-04:00,40.505001068115234,40.5099983215332,40.505001068115234,40.505001068115234,2094,0.0,0.0
2024-09-10 11:23:00-04:00,40.5099983215332,40.5099983215332,40.5,40.5,6729,0.0,0.0
2024-09-10 11:24:00-04:00,40.505001068115234,40.505001068115234,40.5,40.5,1084,0.0,0.0
2024-09-10 11:25:00-04:00,40.505001068115234,40.52000045776367,40.5,40.5099983215332,7188,0.0,0.0
2024-09-10 11:26:00-04:00,40.51499938964844,40.519901275634766,40.51499938964844,40.51499938964844,1228,0.0,0.0
2024-09-10 11:27:00-04:00,40.510101318359375,40.51499938964844,40.505001068115234,40.51499938964844,2145,0.0,0.0
2024-09-10 11:28:00-04:00,40.51499938964844,40.51499938964844,40.51499938964844,40.51499938964844,645,0.0,0.0
2024-09-10 11:29:00-04:00,40.52470016479492,40.529998779296875,40.52470016479492,40.529998779296875,1155,0.0,0.0
2024-09-10 11:30:00-04:00,40.529998779296875,40.54999923706055,40.529998779296875,40.540000915527344,1734,0.0,0.0
2024-09-10 11:31:00-04:00,40.540000915527344,40.540000915527344,40.540000915527344,40.540000915527344,713,0.0,0.0
2024-09-10 11:32:00-04:00,40.540000915527344,40.54499816894531,40.540000915527344,40.54499816894531,1898,0.0,0.0
2024-09-10 11:33:00-04:00,40.529998779296875,40.540000915527344,40.529998779296875,40.540000915527344,5343,0.0,0.0
2024-09-10 11:34:00-04:00,40.53499984741211,40.53499984741211,40.525001525878906,40.529998779296875,2203,0.0,0.0
2024-09-10 11:35:00-04:00,40.529998779296875,40.531700134277344,40.525001525878906,40.531700134277344,922,0.0,0.0
2024-09-10 11:36:00-04:00,40.53499984741211,40.53499984741211,40.51340103149414,40.51340103149414,4264,0.0,0.0
2024-09-10 11:37:00-04:00,40.5099983215332,40.5099983215332,40.505001068115234,40.5099983215332,2075,0.0,0.0
2024-09-10 11:38:00-04:00,40.5099983215332,40.51499938964844,40.5099983215332,40.5099983215332,2136,0.0,0.0
2024-09-10 11:39:00-04:00,40.5099983215332,40.5099983215332,40.5099983215332,40.5099983215332,1141,0.0,0.0
2024-09-10 11:41:00-04:00,40.505001068115234,40.505001068115234,40.4900016784668,40.4900016784668,1867,0.0,0.0
2024-09-10 11:42:00-04:00,40.5,40.5,40.5,40.5,1319,0.0,0.0
2024-09-10 11:43:00-04:00,40.5,40.5,40.5,40.5,1455,0.0,0.0
2024-09-10 11:44:00-04:00,40.4900016784668,40.4900016784668,40.470001220703125,40.470001220703125,3499,0.0,0.0
2024-09-10 11:45:00-04:00,40.470001220703125,40.474998474121094,40.46500015258789,40.474998474121094,2463,0.0,0.0
2024-09-10 11:46:00-04:00,40.470001220703125,40.470001220703125,40.46500015258789,40.46500015258789,1338,0.0,0.0
2024-09-10 11:47:00-04:00,40.465999603271484,40.470001220703125,40.465999603271484,40.470001220703125,885,0.0,0.0
2024-09-10 11:48:00-04:00,40.46500015258789,40.47999954223633,40.46500015258789,40.47999954223633,4455,0.0,0.0
2024-09-10 11:49:00-04:00,40.474998474121094,40.474998474121094,40.46500015258789,40.470001220703125,5972,0.0,0.0
2024-09-10 11:50:00-04:00,40.459999084472656,40.459999084472656,40.439998626708984,40.439998626708984,5862,0.0,0.0
2024-09-10 11:51:00-04:00,40.44499969482422,40.45000076293945,40.44499969482422,40.45000076293945,1887,0.0,0.0
2024-09-10 11:52:00-04:00,40.44499969482422,40.44499969482422,40.40999984741211,40.43410110473633,18200,0.0,0.0
2024-09-10 11:53:00-04:00,40.435001373291016,40.435001373291016,40.42499923706055,40.43000030517578,2622,0.0,0.0
2024-09-10 11:54:00-04:00,40.41999816894531,40.42499923706055,40.41999816894531,40.42060089111328,1348,0.0,0.0
2024-09-10 11:55:00-04:00,40.41999816894531,40.41999816894531,40.40999984741211,40.40999984741211,363,0.0,0.0
2024-09-10 11:56:00-04:00,40.415000915527344,40.43000030517578,40.41299819946289,40.43000030517578,1022,0.0,0.0
2024-09-10 11:57:00-04:00,40.43000030517578,40.43000030517578,40.41999816894531,40.41999816894531,1500,0.0,0.0
2024-09-10 11:58:00-04:00,40.40999984741211,40.40999984741211,40.404998779296875,40.40999984741211,9990,0.0,0.0
2024-09-10 11:59:00-04:00,40.400001525878906,40.400001525878906,40.38999938964844,40.38999938964844,4313,0.0,0.0
2024-09-10 12:00:00-04:00,40.380001068115234,40.380001068115234,40.36000061035156,40.3650016784668,4477,0.0,0.0
2024-09-10 12:01:00-04:00,40.3650016784668,40.3650016784668,40.334999084472656,40.334999084472656,15020,0.0,0.0
2024-09-10 12:02:00-04:00,40.334999084472656,40.334999084472656,40.31999969482422,40.32500076293945,8831,0.0,0.0
2024-09-10 12:03:00-04:00,40.31999969482422,40.32500076293945,40.29999923706055,40.29999923706055,11225,0.0,0.0
2024-09-10 12:04:00-04:00,40.30099868774414,40.32500076293945,40.30030059814453,40.32500076293945,3422,0.0,0.0
2024-09-10 12:05:00-04:00,40.33000183105469,40.34000015258789,40.33000183105469,40.34000015258789,1280,0.0,0.0
2024-09-10 12:06:00-04:00,40.334999084472656,40.334999084472656,40.33000183105469,40.33000183105469,4046,0.0,0.0
2024-09-10 12:07:00-04:00,40.33000183105469,40.33000183105469,40.32500076293945,40.33000183105469,2800,0.0,0.0
2024-09-10 12:08:00-04:00,40.334999084472656,40.34000015258789,40.334999084472656,40.34000015258789,3641,0.0,0.0
2024-09-10 12:09:00-04:00,40.345001220703125,40.35929870605469,40.345001220703125,40.35499954223633,5639,0.0,0.0
2024-09-10 12:10:00-04:00,40.35499954223633,40.36000061035156,40.345001220703125,40.36000061035156,1920,0.0,0.0
2024-09-10 12:11:00-04:00,40.35169982910156,40.36000061035156,40.35169982910156,40.36000061035156,2385,0.0,0.0
2024-09-10 12:12:00-04:00,40.36000061035156,40.36000061035156,40.35499954223633,40.35499954223633,1344,0.0,0.0
2024-09-10 12:13:00-04:00,40.3557014465332,40.36000061035156,40.3557014465332,40.36000061035156,713,0.0,0.0
2024-09-10 12:14:00-04:00,40.3650016784668,40.369998931884766,40.36000061035156,40.3650016784668,1939,0.0,0.0
2024-09-10 12:15:00-04:00,40.369998931884766,40.38570022583008,40.369998931884766,40.3849983215332,3662,0.0,0.0
2024-09-10 12:16:00-04:00,40.380001068115234,40.380001068115234,40.36000061035156,40.36000061035156,2943,0.0,0.0
2024-09-10 12:17:00-04:00,40.36000061035156,40.36000061035156,40.35499954223633,40.36000061035156,2001,0.0,0.0
2024-09-10 12:18:00-04:00,40.35499954223633,40.36000061035156,40.349998474121094,40.35499954223633,8444,0.0,0.0
2024-09-10 12:19:00-04:00,40.35499954223633,40.36000061035156,40.35499954223633,40.36000061035156,1054,0.0,0.0
2024-09-10 12:20:00-04:00,40.3650016784668,40.3650016784668,40.36000061035156,40.36000061035156,661,0.0,0.0
2024-09-10 12:21:00-04:00,40.35499954223633,40.35499954223633,40.34000015258789,40.342498779296875,3476,0.0,0.0
2024-09-10 12:22:00-04:00,40.34000015258789,40.34000015258789,40.33000183105469,40.33000183105469,2719,0.0,0.0
2024-09-10 12:23:00-04:00,40.33000183105469,40.34000015258789,40.33000183105469,40.34000015258789,5939,0.0,0.0
2024-09-10 12:24:00-04:00,40.33000183105469,40.33000183105469,40.32500076293945,40.32500076293945,1428,0.0,0.0
2024-09-10 12:25:00-04:00,40.32500076293945,40.32500076293945,40.31999969482422,40.32500076293945,1069,0.0,0.0
2024-09-10 12:26:00-04:00,40.33000183105469,40.34000015258789,40.32500076293945,40.329898834228516,6853,0.0,0.0
2024-09-10 12:27:00-04:00,40.33000183105469,40.349998474121094,40.33000183105469,40.345001220703125,1452,0.0,0.0
2024-09-10 12:28:00-04:00,40.345001220703125,40.345001220703125,40.34090042114258,40.34090042114258,702,0.0,0.0
2024-09-10 12:29:00-04:00,40.345001220703125,40.349998474121094,40.34000015258789,40.34000015258789,6851,0.0,0.0
2024-09-10 12:30:00-04:00,40.345001220703125,40.345001220703125,40.345001220703125,40.345001220703125,1078,0.0,0.0
2024-09-10 12:31:00-04:00,40.345001220703125,40.35499954223633,40.345001220703125,40.349998474121094,3145,0.0,0.0
2024-09-10 12:32:00-04:00,40.345001220703125,40.345001220703125,40.3302001953125,40.33430099487305,2923,0.0,0.0
2024-09-10 12:33:00-04:00,40.34000015258789,40.345001220703125,40.34000015258789,40.34000015258789,1864,0.0,0.0
2024-09-10 12:34:00-04:00,40.34000015258789,40.34000015258789,40.34000015258789,40.34000015258789,995,0.0,0.0
2024-09-10 12:35:00-04:00,40.345001220703125,40.34560012817383,40.345001220703125,40.34560012817383,757,0.0,0.0
2024-09-10 12:36:00-04:00,40.345001220703125,40.35499954223633,40.345001220703125,40.349998474121094,1493,0.0,0.0
2024-09-10 12:37:00-04:00,40.35499954223633,40.35499954223633,40.35499954223633,40.35499954223633,498,0.0,0.0
2024-09-10 12:38:00-04:00,40.36000061035156,40.36000061035156,40.34560012817383,40.34560012817383,3252,0.0,0.0
2024-09-10 12:39:00-04:00,40.349998474121094,40.349998474121094,40.34000015258789,40.34000015258789,1795,0.0,0.0
2024-09-10 12:40:00-04:00,40.33000183105469,40.33000183105469,40.31999969482422,40.31999969482422,4154,0.0,0.0
2024-09-10 12:41:00-04:00,40.314998626708984,40.314998626708984,40.314998626708984,40.314998626708984,318,0.0,0.0
2024-09-10 12:42:00-04:00,40.314998626708984,40.314998626708984,40.310001373291016,40.310001373291016,1328,0.0,0.0
2024-09-10 12:43:00-04:00,40.29999923706055,40.305599212646484,40.29999923706055,40.29999923706055,1629,0.0,0.0
2024-09-10 12:44:00-04:00,40.29999923706055,40.31999969482422,40.29999923706055,40.314998626708984,3143,0.0,0.0
2024-09-10 12:45:00-04:00,40.31999969482422,40.31999969482422,40.31010055541992,40.31999969482422,4898,0.0,0.0
2024-09-10 12:46:00-04:00,40.31999969482422,40.31999969482422,40.310001373291016,40.314998626708984,2853,0.0,0.0
2024-09-10 12:47:00-04:00,40.31999969482422,40.31999969482422,40.29999923706055,40.310001373291016,7839,0.0,0.0
2024-09-10 12:48:00-04:00,40.30500030517578,40.31999969482422,40.29499816894531,40.29499816894531,6487,0.0,0.0
2024-09-10 12:49:00-04:00,40.29999923706055,40.29999923706055,40.290000915527344,40.29499816894531,3429,0.0,0.0
2024-09-10 12:50:00-04:00,40.29499816894531,40.29999923706055,40.290000915527344,40.29999923706055,6479,0.0,0.0
2024-09-10 12:51:00-04:00,40.29999923706055,40.29999923706055,40.29999923706055,40.29999923706055,299,0.0,0.0
2024-09-10 12:52:00-04:00,40.29999923706055,40.310001373291016,40.29999923706055,40.30500030517578,6231,0.0,0.0
2024-09-10 12:53:00-04:00,40.310001373291016,40.32500076293945,40.310001373291016,40.31999969482422,10117,0.0,0.0
2024-09-10 12:54:00-04:00,40.31999969482422,40.334999084472656,40.31010055541992,40.334999084472656,2677,0.0,0.0
2024-09-10 12:55:00-04:00,40.34000015258789,40.345001220703125,40.31999969482422,40.31999969482422,11311,0.0,0.0
2024-09-10 12:56:00-04:00,40.310001373291016,40.310001373291016,40.310001373291016,40.310001373291016,1832,0.0,0.0
2024-09-10 12:57:00-04:00,40.310001373291016,40.314998626708984,40.29999923706055,40.29999923706055,5765,0.0,0.0
2024-09-10 12:58:00-04:00,40.30500030517578,40.314998626708984,40.29999923706055,40.314998626708984,1596,0.0,0.0
2024-09-10 12:59:00-04:00,40.310001373291016,40.310001373291016,40.28499984741211,40.28499984741211,4178,0.0,0.0
2024-09-10 13:00:00-04:00,40.28499984741211,40.290000915527344,40.2400016784668,40.2400016784668,39730,0.0,0.0
2024-09-10 13:01:00-04:00,40.23500061035156,40.2400016784668,40.22999954223633,40.22999954223633,2905,0.0,0.0
2024-09-10 13:02:00-04:00,40.224998474121094,40.224998474121094,40.209999084472656,40.209999084472656,2665,0.0,0.0
2024-09-10 13:03:00-04:00,40.21080017089844,40.21500015258789,40.209999084472656,40.21500015258789,3314,0.0,0.0
2024-09-10 13:04:00-04:00,40.21500015258789,40.244998931884766,40.21500015258789,40.2400016784668,3421,0.0,0.0
2024-09-10 13:05:00-04:00,40.23500061035156,40.244998931884766,40.23500061035156,40.244998931884766,3648,0.0,0.0
2024-09-10 13:06:00-04:00,40.244998931884766,40.244998931884766,40.22999954223633,40.23500061035156,2532,0.0,0.0
2024-09-10 13:07:00-04:00,40.23500061035156,40.255001068115234,40.220001220703125,40.255001068115234,11981,0.0,0.0
2024-09-10 13:08:00-04:00,40.255001068115234,40.2599983215332,40.255001068115234,40.2599983215332,3295,0.0,0.0
2024-09-10 13:09:00-04:00,40.2599983215332,40.26499938964844,40.255001068115234,40.2599983215332,4567,0.0,0.0
2024-09-10 13:10:00-04:00,40.26499938964844,40.27000045776367,40.26499938964844,40.27000045776367,1665,0.0,0.0
2024-09-10 13:11:00-04:00,40.27000045776367,40.275001525878906,40.2599983215332,40.2599983215332,2549,0.0,0.0
2024-09-10 13:12:00-04:00,40.2598991394043,40.270301818847656,40.255001068115234,40.270301818847656,3913,0.0,0.0
2024-09-10 13:13:00-04:00,40.275001525878906,40.279998779296875,40.275001525878906,40.279998779296875,556,0.0,0.0
2024-09-10 13:14:00-04:00,40.275001525878906,40.275001525878906,40.26499938964844,40.27000045776367,4939,0.0,0.0
2024-09-10 13:15:00-04:00,40.2599983215332,40.26499938964844,40.2599983215332,40.26499938964844,1349,0.0,0.0
2024-09-10 13:16:00-04:00,40.27000045776367,40.275001525878906,40.27000045776367,40.275001525878906,6005,0.0,0.0
2024-09-10 13:17:00-04:00,40.275001525878906,40.275001525878906,40.231300354003906,40.23500061035156,27066,0.0,0.0
2024-09-10 13:18:00-04:00,40.23500061035156,40.2400016784668,40.22999954223633,40.22999954223633,5060,0.0,0.0
2024-09-10 13:19:00-04:00,40.23500061035156,40.255001068115234,40.23500061035156,40.255001068115234,7279,0.0,0.0
2024-09-10 13:20:00-04:00,40.25,40.25,40.220001220703125,40.220001220703125,4636,0.0,0.0
2024-09-10 13:21:00-04:00,40.209999084472656,40.224998474121094,40.209999084472656,40.224998474121094,3468,0.0,0.0
2024-09-10 13:22:00-04:00,40.224998474121094,40.244998931884766,40.224998474121094,40.2400016784668,2446,0.0,0.0
2024-09-10 13:23:00-04:00,40.23500061035156,40.23500061035156,40.22129821777344,40.224998474121094,4842,0.0,0.0
2024-09-10 13:24:00-04:00,40.22010040283203,40.23500061035156,40.22010040283203,40.23500061035156,1637,0.0,0.0
2024-09-10 13:25:00-04:00,40.23500061035156,40.23500061035156,40.209999084472656,40.224998474121094,17804,0.0,0.0
2024-09-10 13:26:00-04:00,40.224998474121094,40.224998474121094,40.209999084472656,40.21500015258789,2964,0.0,0.0
2024-09-10 13:27:00-04:00,40.21500015258789,40.224998474121094,40.21500015258789,40.224998474121094,2827,0.0,0.0
2024-09-10 13:28:00-04:00,40.224998474121094,40.22999954223633,40.224998474121094,40.22999954223633,1123,0.0,0.0
2024-09-10 13:29:00-04:00,40.224998474121094,40.22999954223633,40.220001220703125,40.224998474121094,2205,0.0,0.0
2024-09-10 13:30:00-04:00,40.220001220703125,40.22600173950195,40.21500015258789,40.224998474121094,2378,0.0,0.0
2024-09-10 13:31:00-04:00,40.21500015258789,40.220001220703125,40.20500183105469,40.220001220703125,5084,0.0,0.0
2024-09-10 13:32:00-04:00,40.21500015258789,40.224998474121094,40.21500015258789,40.224998474121094,2457,0.0,0.0
2024-09-10 13:33:00-04:00,40.220001220703125,40.22999954223633,40.220001220703125,40.220001220703125,4800,0.0,0.0
2024-09-10 13:34:00-04:00,40.21500015258789,40.220001220703125,40.21500015258789,40.220001220703125,856,0.0,0.0
2024-09-10 13:35:00-04:00,40.21500015258789,40.22999954223633,40.21500015258789,40.22990036010742,5181,0.0,0.0
2024-09-10 13:36:00-04:00,40.22999954223633,40.23500061035156,40.220001220703125,40.224998474121094,10864,0.0,0.0
2024-09-10 13:37:00-04:00,40.225101470947266,40.22999954223633,40.220001220703125,40.22999954223633,1403,0.0,0.0
2024-09-10 13:38:00-04:00,40.22560119628906,40.22560119628906,40.2239990234375,40.2239990234375,1704,0.0,0.0
2024-09-10 13:39:00-04:00,40.224998474121094,40.22999954223633,40.224998474121094,40.22999954223633,2366,0.0,0.0
2024-09-10 13:40:00-04:00,40.220001220703125,40.22999954223633,40.220001220703125,40.224998474121094,4891,0.0,0.0
2024-09-10 13:41:00-04:00,40.224998474121094,40.224998474121094,40.19499969482422,40.20000076293945,12552,0.0,0.0
2024-09-10 13:42:00-04:00,40.19499969482422,40.19499969482422,40.189998626708984,40.189998626708984,2782,0.0,0.0
2024-09-10 13:43:00-04:00,40.189998626708984,40.209999084472656,40.189998626708984,40.20500183105469,5565,0.0,0.0
2024-09-10 13:44:00-04:00,40.20500183105469,40.20500183105469,40.20000076293945,40.20000076293945,1621,0.0,0.0
2024-09-10 13:45:00-04:00,40.20000076293945,40.209999084472656,40.20000076293945,40.209999084472656,2989,0.0,0.0
2024-09-10 13:46:00-04:00,40.209999084472656,40.220001220703125,40.209999084472656,40.220001220703125,1748,0.0,0.0
2024-09-10 13:47:00-04:00,40.224998474121094,40.23500061035156,40.224998474121094,40.22999954223633,5609,0.0,0.0
2024-09-10 13:48:00-04:00,40.22999954223633,40.22999954223633,40.22010040283203,40.224998474121094,1243,0.0,0.0
2024-09-10 13:49:00-04:00,40.22999954223633,40.23500061035156,40.220001220703125,40.220001220703125,2489,0.0,0.0
2024-09-10 13:50:00-04:00,40.224998474121094,40.224998474121094,40.209999084472656,40.209999084472656,3051,0.0,0.0
2024-09-10 13:52:00-04:00,40.209999084472656,40.209999084472656,40.20000076293945,40.20000076293945,1240,0.0,0.0
2024-09-10 13:53:00-04:00,40.20500183105469,40.20500183105469,40.17499923706055,40.17499923706055,8273,0.0,0.0
2024-09-10 13:54:00-04:00,40.17499923706055,40.189998626708984,40.17499923706055,40.18000030517578,2396,0.0,0.0
2024-09-10 13:55:00-04:00,40.189998626708984,40.189998626708984,40.18000030517578,40.18199920654297,1228,0.0,0.0
2024-09-10 13:56:00-04:00,40.18000030517578,40.185001373291016,40.17100143432617,40.185001373291016,4445,0.0,0.0
2024-09-10 13:57:00-04:00,40.185001373291016,40.20000076293945,40.185001373291016,40.189998626708984,6235,0.0,0.0
2024-09-10 13:58:00-04:00,40.18000030517578,40.18000030517578,40.17499923706055,40.18000030517578,1347,0.0,0.0
2024-09-10 13:59:00-04:00,40.17499923706055,40.17499923706055,40.16999816894531,40.16999816894531,8734,0.0,0.0
2024-09-10 14:00:00-04:00,40.17499923706055,40.18000030517578,40.17499923706055,40.18000030517578,3415,0.0,0.0
2024-09-10 14:01:00-04:00,40.18000030517578,40.18000030517578,40.15999984741211,40.16999816894531,3870,0.0,0.0
2024-09-10 14:02:00-04:00,40.16999816894531,40.16999816894531,40.15999984741211,40.165000915527344,3807,0.0,0.0
2024-09-10 14:03:00-04:00,40.16999816894531,40.16999816894531,40.165000915527344,40.165000915527344,4336,0.0,0.0
2024-09-10 14:04:00-04:00,40.16999816894531,40.18000030517578,40.16999816894531,40.18000030517578,1909,0.0,0.0
2024-09-10 14:05:00-04:00,40.16999816894531,40.16999816894531,40.15999984741211,40.160301208496094,4360,0.0,0.0
2024-09-10 14:06:00-04:00,40.16999816894531,40.16999816894531,40.154998779296875,40.154998779296875,2434,0.0,0.0
2024-09-10 14:07:00-04:00,40.150001525878906,40.150001525878906,40.099998474121094,40.1150016784668,27290,0.0,0.0
2024-09-10 14:08:00-04:00,40.11009979248047,40.1150016784668,40.11009979248047,40.11159896850586,1531,0.0,0.0
2024-09-10 14:09:00-04:00,40.11759948730469,40.119998931884766,40.1150016784668,40.119998931884766,2263,0.0,0.0
2024-09-10 14:10:00-04:00,40.1150016784668,40.1150016784668,40.1150016784668,40.1150016784668,685,0.0,0.0
2024-09-10 14:11:00-04:00,40.1150016784668,40.1150016784668,40.099998474121094,40.099998474121094,6297,0.0,0.0
2024-09-10 14:12:00-04:00,40.099300384521484,40.10499954223633,40.095001220703125,40.10499954223633,9245,0.0,0.0
2024-09-10 14:13:00-04:00,40.10499954223633,40.1150016784668,40.099998474121094,40.099998474121094,6328,0.0,0.0
2024-09-10 14:14:00-04:00,40.099998474121094,40.11000061035156,40.099998474121094,40.10499954223633,3126,0.0,0.0
2024-09-10 14:15:00-04:00,40.099998474121094,40.099998474121094,40.071800231933594,40.071800231933594,16086,0.0,0.0
2024-09-10 14:16:00-04:00,40.08000183105469,40.084999084472656,40.08000183105469,40.084999084472656,1405,0.0,0.0
2024-09-10 14:17:00-04:00,40.084999084472656,40.084999084472656,40.079498291015625,40.08000183105469,2783,0.0,0.0
2024-09-10 14:18:00-04:00,40.07500076293945,40.080101013183594,40.06999969482422,40.06999969482422,5588,0.0,0.0
2024-09-10 14:19:00-04:00,40.07500076293945,40.09000015258789,40.07500076293945,40.0831298828125,4358,0.0,0.0
2024-09-10 14:20:00-04:00,40.0831298828125,40.095001220703125,40.0831298828125,40.09000015258789,3981,0.0,0.0
2024-09-10 14:21:00-04:00,40.09000015258789,40.095001220703125,40.089900970458984,40.09000015258789,11959,0.0,0.0
2024-09-10 14:22:00-04:00,40.084999084472656,40.09000015258789,40.05500030517578,40.05500030517578,6825,0.0,0.0
2024-09-10 14:23:00-04:00,40.05500030517578,40.064998626708984,40.040000915527344,40.060001373291016,21092,0.0,0.0
2024-09-10 14:24:00-04:00,40.04999923706055,40.064998626708984,40.040000915527344,40.060001373291016,4581,0.0,0.0
2024-09-10 14:25:00-04:00,40.064998626708984,40.06999969482422,40.06010055541992,40.06010055541992,3284,0.0,0.0
2024-09-10 14:26:00-04:00,40.060001373291016,40.064998626708984,40.05030059814453,40.05030059814453,5413,0.0,0.0
2024-09-10 14:27:00-04:00,40.064998626708984,40.06999969482422,40.06399917602539,40.064998626708984,7704,0.0,0.0
2024-09-10 14:28:00-04:00,40.07500076293945,40.084999084472656,40.07500076293945,40.084999084472656,2261,0.0,0.0
2024-09-10 14:29:00-04:00,40.095001220703125,40.095001220703125,40.084999084472656,40.084999084472656,2475,0.0,0.0
2024-09-10 14:30:00-04:00,40.08772659301758,40.099998474121094,40.08772659301758,40.095001220703125,3140,0.0,0.0
2024-09-10 14:31:00-04:00,40.099998474121094,40.125,40.099998474121094,40.11000061035156,6877,0.0,0.0
2024-09-10 14:32:00-04:00,40.11000061035156,40.11000061035156,40.10499954223633,40.11000061035156,1935,0.0,0.0
2024-09-10 14:33:00-04:00,40.099998474121094,40.1150016784668,40.099998474121094,40.1150016784668,2922,0.0,0.0
2024-09-10 14:34:00-04:00,40.1172981262207,40.125,40.11000061035156,40.125,3182,0.0,0.0
2024-09-10 14:35:00-04:00,40.130001068115234,40.13999938964844,40.125,40.130001068115234,5572,0.0,0.0
2024-09-10 14:36:00-04:00,40.130001068115234,40.13999938964844,40.12009811401367,40.13999938964844,7489,0.0,0.0
2024-09-10 14:37:00-04:00,40.13999938964844,40.154998779296875,40.13999938964844,40.150001525878906,3654,0.0,0.0
2024-09-10 14:38:00-04:00,40.14500045776367,40.1599006652832,40.14500045776367,40.154998779296875,8490,0.0,0.0
2024-09-10 14:39:00-04:00,40.154998779296875,40.15999984741211,40.150001525878906,40.154998779296875,3149,0.0,0.0
2024-09-10 14:40:00-04:00,40.1599006652832,40.165000915527344,40.150001525878906,40.150001525878906,8341,0.0,0.0
2024-09-10 14:41:00-04:00,40.1427001953125,40.150001525878906,40.13999938964844,40.13999938964844,3152,0.0,0.0
2024-09-10 14:42:00-04:00,40.1349983215332,40.13999938964844,40.119998931884766,40.13999938964844,6376,0.0,0.0
2024-09-10 14:43:00-04:00,40.13990020751953,40.1505012512207,40.1349983215332,40.150001525878906,7221,0.0,0.0
2024-09-10 14:44:00-04:00,40.150001525878906,40.154998779296875,40.14469909667969,40.14469909667969,4136,0.0,0.0
2024-09-10 14:45:00-04:00,40.1416015625,40.154998779296875,40.1416015625,40.154998779296875,1404,0.0,0.0
2024-09-10 14:46:00-04:00,40.150001525878906,40.150001525878906,40.14500045776367,40.14500045776367,2260,0.0,0.0
2024-09-10 14:47:00-04:00,40.144901275634766,40.144901275634766,40.13999938964844,40.140098571777344,3231,0.0,0.0
2024-09-10 14:48:00-04:00,40.14500045776367,40.150001525878906,40.13999938964844,40.150001525878906,5749,0.0,0.0
2024-09-10 14:49:00-04:00,40.14500045776367,40.15999984741211,40.14500045776367,40.15999984741211,5983,0.0,0.0
2024-09-10 14:50:00-04:00,40.16999816894531,40.185001373291016,40.16999816894531,40.18000030517578,1948,0.0,0.0
2024-09-10 14:51:00-04:00,40.17499923706055,40.189998626708984,40.17499923706055,40.18000030517578,1949,0.0,0.0
2024-09-10 14:52:00-04:00,40.18000030517578,40.185001373291016,40.18000030517578,40.185001373291016,2897,0.0,0.0
2024-09-10 14:53:00-04:00,40.185001373291016,40.189998626708984,40.18009948730469,40.18009948730469,2356,0.0,0.0
2024-09-10 14:54:00-04:00,40.16999816894531,40.19499969482422,40.16999816894531,40.19499969482422,4164,0.0,0.0
2024-09-10 14:55:00-04:00,40.20000076293945,40.20500183105469,40.20000076293945,40.20000076293945,3369,0.0,0.0
2024-09-10 14:56:00-04:00,40.20500183105469,40.20687484741211,40.20000076293945,40.20500183105469,2721,0.0,0.0
2024-09-10 14:57:00-04:00,40.20500183105469,40.20500183105469,40.189998626708984,40.20000076293945,5404,0.0,0.0
2024-09-10 14:58:00-04:00,40.20000076293945,40.20000076293945,40.19499969482422,40.19499969482422,813,0.0,0.0
2024-09-10 14:59:00-04:00,40.19499969482422,40.20000076293945,40.185001373291016,40.185001373291016,4516,0.0,0.0
2024-09-10 15:00:00-04:00,40.189998626708984,40.189998626708984,40.185001373291016,40.185001373291016,1818,0.0,0.0
2024-09-10 15:01:00-04:00,40.18000030517578,40.18000030517578,40.16999816894531,40.16999816894531,1212,0.0,0.0
2024-09-10 15:02:00-04:00,40.17499923706055,40.18000030517578,40.15999984741211,40.15999984741211,1370,0.0,0.0
2024-09-10 15:03:00-04:00,40.15999984741211,40.17499923706055,40.154998779296875,40.15999984741211,12743,0.0,0.0
2024-09-10 15:04:00-04:00,40.15999984741211,40.165000915527344,40.15999984741211,40.15999984741211,3679,0.0,0.0
2024-09-10 15:05:00-04:00,40.154998779296875,40.154998779296875,40.154998779296875,40.154998779296875,163,0.0,0.0
2024-09-10 15:06:00-04:00,40.1510009765625,40.15999984741211,40.1349983215332,40.13999938964844,9231,0.0,0.0
2024-09-10 15:07:00-04:00,40.13999938964844,40.150001525878906,40.1349983215332,40.14500045776367,12621,0.0,0.0
2024-09-10 15:08:00-04:00,40.14500045776367,40.150001525878906,40.140098571777344,40.150001525878906,9869,0.0,0.0
2024-09-10 15:09:00-04:00,40.14780044555664,40.16999816894531,40.14500045776367,40.16999816894531,12742,0.0,0.0
2024-09-10 15:10:00-04:00,40.16999816894531,40.16999816894531,40.1510009765625,40.165000915527344,7795,0.0,0.0
2024-09-10 15:11:00-04:00,40.16999816894531,40.17599868774414,40.15999984741211,40.165000915527344,22993,0.0,0.0
2024-09-10 15:12:00-04:00,40.15999984741211,40.165000915527344,40.15999984741211,40.165000915527344,620,0.0,0.0
2024-09-10 15:13:00-04:00,40.164100646972656,40.164100646972656,40.15999984741211,40.15999984741211,591,0.0,0.0
2024-09-10 15:14:00-04:00,40.165000915527344,40.165000915527344,40.13999938964844,40.13999938964844,23124,0.0,0.0
2024-09-10 15:15:00-04:00,40.1349983215332,40.13999938964844,40.1349983215332,40.1349983215332,1608,0.0,0.0
2024-09-10 15:16:00-04:00,40.130001068115234,40.1349983215332,40.11000061035156,40.11000061035156,5882,0.0,0.0
2024-09-10 15:17:00-04:00,40.11009979248047,40.1150016784668,40.11000061035156,40.1150016784668,2275,0.0,0.0
2024-09-10 15:18:00-04:00,40.1150016784668,40.1150016784668,40.11000061035156,40.11000061035156,3009,0.0,0.0
2024-09-10 15:19:00-04:00,40.119998931884766,40.14500045776367,40.119998931884766,40.14500045776367,5765,0.0,0.0
2024-09-10 15:20:00-04:00,40.14500045776367,40.15999984741211,40.14500045776367,40.15599822998047,2786,0.0,0.0
2024-09-10 15:21:00-04:00,40.150001525878906,40.1599006652832,40.150001525878906,40.154998779296875,3432,0.0,0.0
2024-09-10 15:22:00-04:00,40.15999984741211,40.165000915527344,40.15999984741211,40.165000915527344,4209,0.0,0.0
2024-09-10 15:23:00-04:00,40.15999984741211,40.165000915527344,40.154998779296875,40.165000915527344,9424,0.0,0.0
2024-09-10 15:24:00-04:00,40.165000915527344,40.16999816894531,40.15999984741211,40.165000915527344,6539,0.0,0.0
2024-09-10 15:25:00-04:00,40.165000915527344,40.165000915527344,40.154998779296875,40.154998779296875,4741,0.0,0.0
2024-09-10 15:26:00-04:00,40.15999984741211,40.16999816894531,40.15999984741211,40.165000915527344,4716,0.0,0.0
2024-09-10 15:27:00-04:00,40.16999816894531,40.189998626708984,40.16999816894531,40.189998626708984,13058,0.0,0.0
2024-09-10 15:28:00-04:00,40.189998626708984,40.20000076293945,40.189998626708984,40.1952018737793,5202,0.0,0.0
2024-09-10 15:29:00-04:00,40.20000076293945,40.20000076293945,40.189998626708984,40.189998626708984,7786,0.0,0.0
2024-09-10 15:30:00-04:00,40.189998626708984,40.21500015258789,40.18000030517578,40.21009826660156,13091,0.0,0.0
2024-09-10 15:31:00-04:00,40.21500015258789,40.220001220703125,40.20000076293945,40.20000076293945,11692,0.0,0.0
2024-09-10 15:32:00-04:00,40.19499969482422,40.19499969482422,40.185001373291016,40.185001373291016,8157,0.0,0.0
2024-09-10 15:33:00-04:00,40.18000030517578,40.18000030517578,40.16999816894531,40.18000030517578,5156,0.0,0.0
2024-09-10 15:34:00-04:00,40.18000030517578,40.18000030517578,40.16999816894531,40.18000030517578,3642,0.0,0.0
2024-09-10 15:35:00-04:00,40.17499923706055,40.185001373291016,40.16999816894531,40.18000030517578,29633,0.0,0.0
2024-09-10 15:36:00-04:00,40.18000030517578,40.18000030517578,40.165000915527344,40.17499923706055,14011,0.0,0.0
2024-09-10 15:37:00-04:00,40.17499923706055,40.18000030517578,40.16999816894531,40.17499923706055,2949,0.0,0.0
2024-09-10 15:38:00-04:00,40.17499923706055,40.17890167236328,40.15999984741211,40.16999816894531,15183,0.0,0.0
2024-09-10 15:39:00-04:00,40.16999816894531,40.16999816894531,40.15999984741211,40.16999816894531,5511,0.0,0.0
2024-09-10 15:40:00-04:00,40.16999816894531,40.18000030517578,40.16999816894531,40.18000030517578,5304,0.0,0.0
2024-09-10 15:41:00-04:00,40.17499923706055,40.19499969482422,40.17499923706055,40.19499969482422,10857,0.0,0.0
2024-09-10 15:42:00-04:00,40.19499969482422,40.20000076293945,40.189998626708984,40.20000076293945,5793,0.0,0.0
2024-09-10 15:43:00-04:00,40.20000076293945,40.20000076293945,40.19499969482422,40.20000076293945,7593,0.0,0.0
2024-09-10 15:44:00-04:00,40.19499969482422,40.19499969482422,40.150001525878906,40.154998779296875,30380,0.0,0.0
2024-09-10 15:45:00-04:00,40.150001525878906,40.154998779296875,40.1349983215332,40.1349983215332,12153,0.0,0.0
2024-09-10 15:46:00-04:00,40.1349983215332,40.1349983215332,40.130001068115234,40.1349983215332,2467,0.0,0.0
2024-09-10 15:47:00-04:00,40.13999938964844,40.165000915527344,40.1349983215332,40.165000915527344,14438,0.0,0.0
2024-09-10 15:48:00-04:00,40.15999984741211,40.165000915527344,40.15999984741211,40.15999984741211,10126,0.0,0.0
2024-09-10 15:49:00-04:00,40.15999984741211,40.16600036621094,40.15999984741211,40.15999984741211,8062,0.0,0.0
2024-09-10 15:50:00-04:00,40.16999816894531,40.27000045776367,40.15999984741211,40.26499938964844,135953,0.0,0.0
2024-09-10 15:51:00-04:00,40.27000045776367,40.275001525878906,40.220001220703125,40.224998474121094,56409,0.0,0.0
2024-09-10 15:52:00-04:00,40.22999954223633,40.25,40.22999954223633,40.25,21635,0.0,0.0
2024-09-10 15:53:00-04:00,40.25,40.255001068115234,40.244998931884766,40.255001068115234,10453,0.0,0.0
2024-09-10 15:54:00-04:00,40.25,40.279998779296875,40.25,40.279998779296875,14187,0.0,0.0
2024-09-10 15:55:00-04:00,40.275001525878906,40.279998779296875,40.22999954223633,40.22999954223633,24526,0.0,0.0
2024-09-10 15:56:00-04:00,40.23500061035156,40.2400016784668,40.22999954223633,40.23500061035156,26552,0.0,0.0
2024-09-10 15:57:00-04:00,40.23500061035156,40.2599983215332,40.23500061035156,40.2599983215332,41553,0.0,0.0
2024-09-10 15:58:00-04:00,40.255001068115234,40.2599983215332,40.244998931884766,40.25,51347,0.0,0.0
2024-09-10 15:59:00-04:00,40.25,40.279998779296875,40.25,40.26499938964844,139516,0.0,0.0
2024-09-11 09:30:00-04:00,40.20000076293945,40.2599983215332,40.18000030517578,40.20000076293945,71783,0.0,0.0
2024-09-11 09:31:00-04:00,40.20000076293945,40.209999084472656,40.16999816894531,40.189998626708984,20169,0.0,0.0
2024-09-11 09:32:00-04:00,40.18000030517578,40.18000030517578,40.13999938964844,40.150001525878906,5609,0.0,0.0
2024-09-11 09:33:00-04:00,40.1510009765625,40.1510009765625,40.11000061035156,40.11000061035156,4205,0.0,0.0
2024-09-11 09:34:00-04:00,40.119998931884766,40.130001068115234,40.11000061035156,40.11000061035156,6710,0.0,0.0
2024-09-11 09:35:00-04:00,40.099998474121094,40.099998474121094,40.0724983215332,40.08000183105469,2797,0.0,0.0
2024-09-11 09:36:00-04:00,40.08000183105469,40.11000061035156,40.07500076293945,40.104801177978516,3622,0.0,0.0
2024-09-11 09:37:00-04:00,40.099998474121094,40.099998474121094,40.060001373291016,40.065101623535156,10769,0.0,0.0
2024-09-11 09:38:00-04:00,40.04999923706055,40.04999923706055,40.029998779296875,40.029998779296875,8493,0.0,0.0
2024-09-11 09:39:00-04:00,40.025001525878906,40.025001525878906,39.974998474121094,39.994998931884766,42105,0.0,0.0
2024-09-11 09:40:00-04:00,40.0,40.005001068115234,39.970001220703125,39.97999954223633,10006,0.0,0.0
2024-09-11 09:41:00-04:00,40.0,40.02000045776367,39.9900016784668,40.005001068115234,7041,0.0,0.0
2024-09-11 09:42:00-04:00,40.0,40.0,39.970001220703125,39.970001220703125,4020,0.0,0.0
2024-09-11 09:43:00-04:00,39.96500015258789,39.96500015258789,39.95000076293945,39.95500183105469,5613,0.0,0.0
2024-09-11 09:44:00-04:00,39.959999084472656,40.0,39.959999084472656,40.0,8778,0.0,0.0
2024-09-11 09:45:00-04:00,40.005001068115234,40.029998779296875,40.005001068115234,40.029998779296875,11166,0.0,0.0
2024-09-11 09:46:00-04:00,40.03499984741211,40.060001373291016,40.03499984741211,40.060001373291016,5571,0.0,0.0
2024-09-11 09:47:00-04:00,40.04999923706055,40.060001373291016,40.04499816894531,40.05059814453125,4982,0.0,0.0
2024-09-11 09:48:00-04:00,40.04999923706055,40.04999923706055,40.02000045776367,40.04999923706055,17278,0.0,0.0
2024-09-11 09:49:00-04:00,40.060001373291016,40.060001373291016,40.04999923706055,40.04999923706055,2122,0.0,0.0
2024-09-11 09:50:00-04:00,40.029998779296875,40.029998779296875,40.02000045776367,40.02000045776367,699,0.0,0.0
2024-09-11 09:51:00-04:00,40.02000045776367,40.02000045776367,39.994998931884766,39.994998931884766,5389,0.0,0.0
2024-09-11 09:52:00-04:00,39.99599838256836,40.0,39.97999954223633,40.0,14174,0.0,0.0
2024-09-11 09:53:00-04:00,40.0,40.0099983215332,39.9900016784668,40.005001068115234,10169,0.0,0.0
2024-09-11 09:54:00-04:00,40.0099983215332,40.025001525878906,40.0,40.005001068115234,9237,0.0,0.0
2024-09-11 09:55:00-04:00,40.0099983215332,40.0099983215332,39.974998474121094,39.974998474121094,7002,0.0,0.0
2024-09-11 09:56:00-04:00,39.974998474121094,39.97999954223633,39.939998626708984,39.939998626708984,5005,0.0,0.0
2024-09-11 09:57:00-04:00,39.939998626708984,39.9453010559082,39.939998626708984,39.94499969482422,1901,0.0,0.0
2024-09-11 09:58:00-04:00,39.939998626708984,39.959999084472656,39.935001373291016,39.95500183105469,2637,0.0,0.0
2024-09-11 09:59:00-04:00,39.959999084472656,39.959999084472656,39.95000076293945,39.95000076293945,2735,0.0,0.0
2024-09-11 10:00:00-04:00,39.915000915527344,39.915000915527344,39.90999984741211,39.90999984741211,20036,0.0,0.0
2024-09-11 10:01:00-04:00,39.904998779296875,39.904998779296875,39.87200164794922,39.88999938964844,12683,0.0,0.0
2024-09-11 10:02:00-04:00,39.880001068115234,39.880001068115234,39.834999084472656,39.849998474121094,4633,0.0,0.0
2024-09-11 10:03:00-04:00,39.86000061035156,39.86000061035156,39.81999969482422,39.81999969482422,6648,0.0,0.0
2024-09-11 10:04:00-04:00,39.814998626708984,39.81999969482422,39.80500030517578,39.810001373291016,8366,0.0,0.0
2024-09-11 10:05:00-04:00,39.80009841918945,39.80009841918945,39.7599983215332,39.77000045776367,14414,0.0,0.0
2024-09-11 10:06:00-04:00,39.76499938964844,39.79999923706055,39.76499938964844,39.79499816894531,3946,0.0,0.0
2024-09-11 10:07:00-04:00,39.80500030517578,39.83000183105469,39.80500030517578,39.82500076293945,3021,0.0,0.0
2024-09-11 10:08:00-04:00,39.834999084472656,39.86000061035156,39.834999084472656,39.86000061035156,5672,0.0,0.0
2024-09-11 10:09:00-04:00,39.8650016784668,39.880001068115234,39.86069869995117,39.880001068115234,7343,0.0,0.0
2024-09-11 10:10:00-04:00,39.8849983215332,39.8849983215332,39.851600646972656,39.851600646972656,3313,0.0,0.0
2024-09-11 10:11:00-04:00,39.86069869995117,39.875999450683594,39.86000061035156,39.869998931884766,2921,0.0,0.0
2024-09-11 10:12:00-04:00,39.8849983215332,39.8849983215332,39.880001068115234,39.880001068115234,1788,0.0,0.0
2024-09-11 10:13:00-04:00,39.880001068115234,39.89500045776367,39.880001068115234,39.89500045776367,4475,0.0,0.0
2024-09-11 10:14:00-04:00,39.8849983215332,39.8849983215332,39.86000061035156,39.869998931884766,7395,0.0,0.0
2024-09-11 10:15:00-04:00,39.869998931884766,39.875,39.85499954223633,39.85499954223633,9905,0.0,0.0
2024-09-11 10:16:00-04:00,39.85499954223633,39.86000061035156,39.845001220703125,39.845001220703125,8584,0.0,0.0
2024-09-11 10:17:00-04:00,39.845001220703125,39.849998474121094,39.81999969482422,39.81999969482422,7330,0.0,0.0
2024-09-11 10:18:00-04:00,39.81999969482422,39.84000015258789,39.814998626708984,39.82500076293945,13213,0.0,0.0
2024-09-11 10:19:00-04:00,39.82500076293945,39.82870101928711,39.80500030517578,39.814998626708984,2266,0.0,0.0
2024-09-11 10:20:00-04:00,39.814998626708984,39.81890106201172,39.790000915527344,39.79499816894531,14255,0.0,0.0
2024-09-11 10:21:00-04:00,39.79499816894531,39.810001373291016,39.79010009765625,39.80500030517578,7515,0.0,0.0
2024-09-11 10:22:00-04:00,39.80500030517578,39.80500030517578,39.779998779296875,39.790000915527344,12463,0.0,0.0
2024-09-11 10:23:00-04:00,39.79499816894531,39.80500030517578,39.79499816894531,39.79499816894531,3878,0.0,0.0
2024-09-11 10:24:00-04:00,39.79499816894531,39.79499816894531,39.775001525878906,39.775001525878906,4344,0.0,0.0
2024-09-11 10:25:00-04:00,39.77000045776367,39.77000045776367,39.76499938964844,39.76499938964844,3914,0.0,0.0
2024-09-11 10:26:00-04:00,39.76499938964844,39.79499816894531,39.76499938964844,39.793800354003906,12587,0.0,0.0
2024-09-11 10:27:00-04:00,39.79499816894531,39.83000183105469,39.79499816894531,39.82500076293945,11517,0.0,0.0
2024-09-11 10:28:00-04:00,39.814998626708984,39.81999969482422,39.810001373291016,39.81999969482422,3499,0.0,0.0
2024-09-11 10:29:00-04:00,39.82500076293945,39.82500076293945,39.79999923706055,39.819801330566406,7583,0.0,0.0
2024-09-11 10:30:00-04:00,39.810001373291016,39.810001373291016,39.790000915527344,39.790000915527344,4319,0.0,0.0
2024-09-11 10:31:00-04:00,39.79999923706055,39.79999923706055,39.78499984741211,39.78499984741211,4367,0.0,0.0
2024-09-11 10:32:00-04:00,39.779998779296875,39.790000915527344,39.76499938964844,39.779998779296875,3836,0.0,0.0
2024-09-11 10:33:00-04:00,39.790000915527344,39.810001373291016,39.790000915527344,39.79999923706055,1986,0.0,0.0
2024-09-11 10:34:00-04:00,39.790000915527344,39.810001373291016,39.790000915527344,39.790000915527344,5210,0.0,0.0
2024-09-11 10:35:00-04:00,39.79999923706055,39.79999923706055,39.775001525878906,39.779998779296875,7150,0.0,0.0
2024-09-11 10:37:00-04:00,39.82500076293945,39.82500076293945,39.810001373291016,39.810001373291016,12904,0.0,0.0
2024-09-11 10:38:00-04:00,39.816001892089844,39.816001892089844,39.79899978637695,39.79899978637695,2243,0.0,0.0
2024-09-11 10:39:00-04:00,39.79499816894531,39.810001373291016,39.79499816894531,39.810001373291016,5630,0.0,0.0
2024-09-11 10:40:00-04:00,39.80500030517578,39.80500030517578,39.77000045776367,39.775001525878906,2516,0.0,0.0
2024-09-11 10:41:00-04:00,39.779998779296875,39.810001373291016,39.77320098876953,39.810001373291016,11556,0.0,0.0
2024-09-11 10:42:00-04:00,39.79999923706055,39.810001373291016,39.79499816894531,39.80500030517578,2902,0.0,0.0
2024-09-11 10:43:00-04:00,39.810001373291016,39.83000183105469,39.80500030517578,39.83000183105469,6392,0.0,0.0
2024-09-11 10:44:00-04:00,39.82500076293945,39.82500076293945,39.79999923706055,39.79999923706055,3564,0.0,0.0
2024-09-11 10:45:00-04:00,39.79999923706055,39.80500030517578,39.79999923706055,39.79999923706055,1490,0.0,0.0
2024-09-11 10:46:00-04:00,39.810001373291016,39.82500076293945,39.810001373291016,39.81999969482422,2679,0.0,0.0
2024-09-11 10:47:00-04:00,39.81999969482422,39.83000183105469,39.81999969482422,39.83000183105469,2236,0.0,0.0
2024-09-11 10:48:00-04:00,39.820098876953125,39.82500076293945,39.814300537109375,39.814300537109375,7192,0.0,0.0
2024-09-11 10:49:00-04:00,39.810001373291016,39.810001373291016,39.80500030517578,39.810001373291016,2683,0.0,0.0
2024-09-11 10:50:00-04:00,39.810001373291016,39.86000061035156,39.810001373291016,39.86000061035156,3911,0.0,0.0
2024-09-11 10:51:00-04:00,39.86000061035156,39.8656005859375,39.86000061035156,39.8650016784668,3602,0.0,0.0
2024-09-11 10:52:00-04:00,39.8650016784668,39.8650016784668,39.84049987792969,39.849998474121094,4183,0.0,0.0
2024-09-11 10:53:00-04:00,39.849998474121094,39.85530090332031,39.84400177001953,39.849998474121094,4872,0.0,0.0
2024-09-11 10:54:00-04:00,39.845001220703125,39.849998474121094,39.834999084472656,39.84000015258789,5624,0.0,0.0
2024-09-11 10:55:00-04:00,39.8473014831543,39.86000061035156,39.845001220703125,39.86000061035156,4440,0.0,0.0
2024-09-11 10:56:00-04:00,39.869998931884766,39.89799880981445,39.869998931884766,39.89500045776367,10811,0.0,0.0
2024-09-11 10:57:00-04:00,39.900001525878906,39.900001525878906,39.88999938964844,39.88999938964844,8481,0.0,0.0
2024-09-11 10:58:00-04:00,39.880001068115234,39.8849983215332,39.880001068115234,39.8849983215332,2901,0.0,0.0
2024-09-11 10:59:00-04:00,39.88890075683594,39.89500045776367,39.88890075683594,39.89500045776367,1721,0.0,0.0
2024-09-11 11:00:00-04:00,39.89500045776367,39.89500045776367,39.88999938964844,39.88999938964844,2371,0.0,0.0
2024-09-11 11:01:00-04:00,39.90999984741211,39.90999984741211,39.90650177001953,39.90650177001953,7189,0.0,0.0
2024-09-11 11:02:00-04:00,39.904998779296875,39.915000915527344,39.900001525878906,39.915000915527344,3986,0.0,0.0
2024-09-11 11:03:00-04:00,39.91999816894531,39.929901123046875,39.91999816894531,39.920501708984375,11398,0.0,0.0
2024-09-11 11:04:00-04:00,39.92499923706055,39.92499923706055,39.904998779296875,39.90999984741211,1832,0.0,0.0
2024-09-11 11:05:00-04:00,39.904998779296875,39.90599822998047,39.880001068115234,39.900001525878906,10872,0.0,0.0
2024-09-11 11:06:00-04:00,39.900001525878906,39.91999816894531,39.900001525878906,39.91999816894531,5351,0.0,0.0
2024-09-11 11:07:00-04:00,39.92599868774414,39.93000030517578,39.92499923706055,39.92499923706055,1743,0.0,0.0
2024-09-11 11:08:00-04:00,39.92499923706055,39.93000030517578,39.91999816894531,39.93000030517578,1286,0.0,0.0
2024-09-11 11:09:00-04:00,39.93989944458008,39.93989944458008,39.93000030517578,39.93000030517578,2219,0.0,0.0
2024-09-11 11:10:00-04:00,39.93000030517578,39.939998626708984,39.93000030517578,39.939998626708984,2093,0.0,0.0
2024-09-11 11:11:00-04:00,39.94499969482422,39.96620178222656,39.94499969482422,39.96620178222656,3715,0.0,0.0
2024-09-11 11:12:00-04:00,39.970001220703125,39.98619842529297,39.970001220703125,39.98500061035156,2990,0.0,0.0
2024-09-11 11:13:00-04:00,39.9900016784668,39.9900016784668,39.97999954223633,39.98500061035156,2394,0.0,0.0
2024-09-11 11:14:00-04:00,39.9900016784668,39.9900016784668,39.98500061035156,39.9900016784668,9535,0.0,0.0
2024-09-11 11:15:00-04:00,39.98649978637695,39.999900817871094,39.980098724365234,39.9900016784668,8355,0.0,0.0
2024-09-11 11:16:00-04:00,39.98500061035156,39.994998931884766,39.98500061035156,39.994998931884766,1524,0.0,0.0
2024-09-11 11:17:00-04:00,39.9900016784668,39.994998931884766,39.9900016784668,39.994998931884766,1812,0.0,0.0
2024-09-11 11:18:00-04:00,39.9900016784668,39.99729919433594,39.96500015258789,39.970001220703125,3428,0.0,0.0
2024-09-11 11:19:00-04:00,39.97999954223633,39.97999954223633,39.974998474121094,39.97999954223633,2929,0.0,0.0
2024-09-11 11:20:00-04:00,39.97600173950195,39.98500061035156,39.974998474121094,39.98429870605469,2548,0.0,0.0
2024-09-11 11:21:00-04:00,39.98500061035156,39.98500061035156,39.972999572753906,39.97600173950195,3033,0.0,0.0
2024-09-11 11:22:00-04:00,39.970001220703125,39.970001220703125,39.95500183105469,39.95500183105469,2551,0.0,0.0
2024-09-11 11:23:00-04:00,39.95500183105469,39.95500183105469,39.939998626708984,39.94499969482422,2252,0.0,0.0
2024-09-11 11:24:00-04:00,39.94499969482422,39.959999084472656,39.94499969482422,39.959999084472656,1344,0.0,0.0
2024-09-11 11:25:00-04:00,39.959999084472656,39.970001220703125,39.94499969482422,39.970001220703125,3935,0.0,0.0
2024-09-11 11:26:00-04:00,39.974998474121094,39.974998474121094,39.959999084472656,39.959999084472656,3023,0.0,0.0
2024-09-11 11:27:00-04:00,39.959999084472656,39.970001220703125,39.959999084472656,39.970001220703125,1680,0.0,0.0
2024-09-11 11:28:00-04:00,39.97529983520508,39.97999954223633,39.974998474121094,39.974998474121094,933,0.0,0.0
2024-09-11 11:29:00-04:00,39.97010040283203,39.9900016784668,39.97010040283203,39.98500061035156,4291,0.0,0.0
2024-09-11 11:30:00-04:00,39.98500061035156,40.00529861450195,39.98500061035156,40.00529861450195,3158,0.0,0.0
2024-09-11 11:31:00-04:00,40.005001068115234,40.01599884033203,40.005001068115234,40.00680160522461,4517,0.0,0.0
2024-09-11 11:32:00-04:00,40.0098991394043,40.02000045776367,40.0098991394043,40.01499938964844,4927,0.0,0.0
2024-09-11 11:33:00-04:00,40.01499938964844,40.029998779296875,40.01499938964844,40.029998779296875,8689,0.0,0.0
2024-09-11 11:34:00-04:00,40.029998779296875,40.029998779296875,40.02000045776367,40.02000045776367,2354,0.0,0.0
2024-09-11 11:35:00-04:00,40.025001525878906,40.025001525878906,40.01499938964844,40.01499938964844,2152,0.0,0.0
2024-09-11 11:36:00-04:00,40.02000045776367,40.02000045776367,40.014400482177734,40.014400482177734,3075,0.0,0.0
2024-09-11 11:37:00-04:00,40.01499938964844,40.01789855957031,40.01499938964844,40.01789855957031,793,0.0,0.0
2024-09-11 11:38:00-04:00,40.01499938964844,40.029998779296875,40.01499938964844,40.01499938964844,4226,0.0,0.0
2024-09-11 11:39:00-04:00,40.01850128173828,40.01850128173828,40.0099983215332,40.0099983215332,855,0.0,0.0
2024-09-11 11:40:00-04:00,40.02000045776367,40.029998779296875,40.01499938964844,40.01499938964844,2411,0.0,0.0
2024-09-11 11:41:00-04:00,40.02000045776367,40.029998779296875,40.0099983215332,40.01860046386719,5661,0.0,0.0
2024-09-11 11:42:00-04:00,40.0161018371582,40.02000045776367,40.01369857788086,40.02000045776367,3041,0.0,0.0
2024-09-11 11:43:00-04:00,40.015499114990234,40.015499114990234,40.0,40.005001068115234,3535,0.0,0.0
2024-09-11 11:44:00-04:00,40.0,40.0,39.994998931884766,39.994998931884766,2839,0.0,0.0
2024-09-11 11:45:00-04:00,40.0,40.0,39.9900016784668,39.99599838256836,2924,0.0,0.0
2024-09-11 11:46:00-04:00,39.994998931884766,40.01499938964844,39.994998931884766,40.005001068115234,5000,0.0,0.0
2024-09-11 11:47:00-04:00,40.005001068115234,40.013999938964844,40.005001068115234,40.005001068115234,3125,0.0,0.0
2024-09-11 11:48:00-04:00,40.005001068115234,40.02000045776367,40.005001068115234,40.0099983215332,2429,0.0,0.0
2024-09-11 11:49:00-04:00,40.01499938964844,40.02000045776367,40.01499938964844,40.01499938964844,867,0.0,0.0
2024-09-11 11:50:00-04:00,40.02000045776367,40.025001525878906,39.994998931884766,39.994998931884766,22127,0.0,0.0
2024-09-11 11:51:00-04:00,39.9900016784668,40.0,39.9900016784668,40.0,8126,0.0,0.0
2024-09-11 11:52:00-04:00,40.0,40.0099983215332,40.0,40.00960159301758,1788,0.0,0.0
2024-09-11 11:53:00-04:00,40.0099983215332,40.02000045776367,40.0099983215332,40.02000045776367,2867,0.0,0.0
2024-09-11 11:54:00-04:00,40.02000045776367,40.025001525878906,40.02000045776367,40.02000045776367,6093,0.0,0.0
2024-09-11 11:55:00-04:00,40.01499938964844,40.029998779296875,40.01499938964844,40.02939987182617,7320,0.0,0.0
2024-09-11 11:56:00-04:00,40.02000045776367,40.02000045776367,39.970001220703125,39.97999954223633,5776,0.0,0.0
2024-09-11 11:57:00-04:00,39.97999954223633,39.97999954223633,39.95009994506836,39.959999084472656,6964,0.0,0.0
2024-09-11 11:58:00-04:00,39.959999084472656,39.980201721191406,39.959999084472656,39.980201721191406,2564,0.0,0.0
2024-09-11 11:59:00-04:00,39.97999954223633,39.97999954223633,39.974998474121094,39.97999954223633,1748,0.0,0.0
2024-09-11 12:00:00-04:00,39.981998443603516,39.9900016784668,39.974998474121094,39.98500061035156,5686,0.0,0.0
2024-09-11 12:01:00-04:00,39.98500061035156,39.994998931884766,39.98099899291992,39.994998931884766,4568,0.0,0.0
2024-09-11 12:02:00-04:00,40.0,40.0099983215332,39.9900016784668,40.005001068115234,6538,0.0,0.0
2024-09-11 12:03:00-04:00,40.0099983215332,40.02000045776367,40.005001068115234,40.0098991394043,10705,0.0,0.0
2024-09-11 12:04:00-04:00,40.01029968261719,40.04999923706055,40.0099983215332,40.04999923706055,8456,0.0,0.0
2024-09-11 12:05:00-04:00,40.05500030517578,40.05500030517578,40.029998779296875,40.029998779296875,21243,0.0,0.0
2024-09-11 12:06:00-04:00,40.029998779296875,40.060001373291016,40.029998779296875,40.060001373291016,6261,0.0,0.0
2024-09-11 12:07:00-04:00,40.05500030517578,40.09000015258789,40.05500030517578,40.09000015258789,11248,0.0,0.0
2024-09-11 12:08:00-04:00,40.09880065917969,40.09880065917969,40.084999084472656,40.084999084472656,612,0.0,0.0
2024-09-11 12:09:00-04:00,40.095001220703125,40.095001220703125,40.084999084472656,40.09000015258789,2133,0.0,0.0
2024-09-11 12:10:00-04:00,40.08000183105469,40.099998474121094,40.08000183105469,40.099998474121094,2571,0.0,0.0
2024-09-11 12:11:00-04:00,40.099998474121094,40.10900115966797,40.099998474121094,40.099998474121094,4174,0.0,0.0
2024-09-11 12:12:00-04:00,40.099998474121094,40.099998474121094,40.07500076293945,40.07500076293945,5053,0.0,0.0
2024-09-11 12:13:00-04:00,40.07500076293945,40.07500076293945,40.05500030517578,40.05500030517578,2559,0.0,0.0
2024-09-11 12:14:00-04:00,40.05009841918945,40.060001373291016,40.040000915527344,40.060001373291016,11653,0.0,0.0
2024-09-11 12:15:00-04:00,40.060001373291016,40.06999969482422,40.060001373291016,40.06999969482422,3348,0.0,0.0
2024-09-11 12:16:00-04:00,40.064998626708984,40.06999969482422,40.05160140991211,40.05160140991211,4140,0.0,0.0
2024-09-11 12:17:00-04:00,40.04999923706055,40.04999923706055,40.04499816894531,40.04990005493164,3135,0.0,0.0
2024-09-11 12:18:00-04:00,40.040000915527344,40.04750061035156,40.040000915527344,40.04499816894531,3980,0.0,0.0
2024-09-11 12:19:00-04:00,40.040000915527344,40.04899978637695,40.040000915527344,40.040000915527344,2923,0.0,0.0
2024-09-11 12:20:00-04:00,40.04999923706055,40.05500030517578,40.04999923706055,40.04999923706055,3690,0.0,0.0
2024-09-11 12:21:00-04:00,40.04999923706055,40.05059814453125,40.04990005493164,40.05009841918945,6011,0.0,0.0
2024-09-11 12:22:00-04:00,40.060001373291016,40.06999969482422,40.060001373291016,40.060001373291016,6543,0.0,0.0
2024-09-11 12:23:00-04:00,40.05500030517578,40.060001373291016,40.04010009765625,40.04010009765625,5255,0.0,0.0
2024-09-11 12:24:00-04:00,40.04499816894531,40.05500030517578,40.043701171875,40.04999923706055,17052,0.0,0.0
2024-09-11 12:25:00-04:00,40.05009841918945,40.05009841918945,40.04999923706055,40.04999923706055,4438,0.0,0.0
2024-09-11 12:26:00-04:00,40.04999923706055,40.060001373291016,40.04999923706055,40.05500030517578,4641,0.0,0.0
2024-09-11 12:27:00-04:00,40.05870056152344,40.060001373291016,40.04999923706055,40.04999923706055,2608,0.0,0.0
2024-09-11 12:28:00-04:00,40.05030059814453,40.064998626708984,40.05030059814453,40.064998626708984,7163,0.0,0.0
2024-09-11 12:29:00-04:00,40.064998626708984,40.06999969482422,40.04999923706055,40.06999969482422,6649,0.0,0.0
2024-09-11 12:30:00-04:00,40.06999969482422,40.07500076293945,40.05500030517578,40.05500030517578,2366,0.0,0.0
2024-09-11 12:31:00-04:00,40.05500030517578,40.066001892089844,40.05500030517578,40.060001373291016,2694,0.0,0.0
2024-09-11 12:32:00-04:00,40.05500030517578,40.05500030517578,40.04899978637695,40.05500030517578,5480,0.0,0.0
2024-09-11 12:33:00-04:00,40.060001373291016,40.099998474121094,40.060001373291016,40.099998474121094,3602,0.0,0.0
2024-09-11 12:34:00-04:00,40.099998474121094,40.099998474121094,40.084999084472656,40.084999084472656,1439,0.0,0.0
2024-09-11 12:35:00-04:00,40.09000015258789,40.10599899291992,40.09000015258789,40.095001220703125,2107,0.0,0.0
2024-09-11 12:36:00-04:00,40.09000015258789,40.09000015258789,40.084999084472656,40.084999084472656,1230,0.0,0.0
2024-09-11 12:37:00-04:00,40.08169937133789,40.099998474121094,40.08169937133789,40.095001220703125,2308,0.0,0.0
2024-09-11 12:38:00-04:00,40.09000015258789,40.09000015258789,40.06999969482422,40.07500076293945,5630,0.0,0.0
2024-09-11 12:39:00-04:00,40.06999969482422,40.08000183105469,40.06999969482422,40.07500076293945,2562,0.0,0.0
2024-09-11 12:40:00-04:00,40.07500076293945,40.08000183105469,40.07500076293945,40.08000183105469,1392,0.0,0.0
2024-09-11 12:41:00-04:00,40.08000183105469,40.08000183105469,40.072601318359375,40.07500076293945,817,0.0,0.0
2024-09-11 12:42:00-04:00,40.07500076293945,40.084999084472656,40.07500076293945,40.08000183105469,3595,0.0,0.0
2024-09-11 12:43:00-04:00,40.07500076293945,40.07500076293945,40.07500076293945,40.07500076293945,555,0.0,0.0
2024-09-11 12:44:00-04:00,40.07500076293945,40.07500076293945,40.06529998779297,40.06529998779297,3787,0.0,0.0
2024-09-11 12:45:00-04:00,40.06999969482422,40.07979965209961,40.06999969482422,40.07979965209961,803,0.0,0.0
2024-09-11 12:46:00-04:00,40.07500076293945,40.07500076293945,40.07500076293945,40.07500076293945,695,0.0,0.0
2024-09-11 12:47:00-04:00,40.07500076293945,40.079898834228516,40.07500076293945,40.07500076293945,1830,0.0,0.0
2024-09-11 12:48:00-04:00,40.07469940185547,40.08000183105469,40.07469940185547,40.08000183105469,2787,0.0,0.0
2024-09-11 12:49:00-04:00,40.09000015258789,40.09000015258789,40.0880012512207,40.0880012512207,738,0.0,0.0
2024-09-11 12:50:00-04:00,40.08000183105469,40.09000015258789,40.08000183105469,40.084999084472656,2218,0.0,0.0
2024-09-11 12:51:00-04:00,40.08000183105469,40.09000015258789,40.08000183105469,40.09000015258789,5795,0.0,0.0
2024-09-11 12:52:00-04:00,40.084999084472656,40.09000015258789,40.064998626708984,40.064998626708984,21502,0.0,0.0
2024-09-11 12:53:00-04:00,40.060001373291016,40.07239532470703,40.060001373291016,40.064998626708984,8546,0.0,0.0
2024-09-11 12:54:00-04:00,40.06999969482422,40.06999969482422,40.06999969482422,40.06999969482422,1360,0.0,0.0
2024-09-11 12:55:00-04:00,40.060001373291016,40.060001373291016,40.04999923706055,40.04999923706055,1478,0.0,0.0
2024-09-11 12:56:00-04:00,40.05500030517578,40.060001373291016,40.05009841918945,40.05500030517578,1638,0.0,0.0
2024-09-11 12:57:00-04:00,40.04999923706055,40.060001373291016,40.04999923706055,40.05500030517578,2423,0.0,0.0
2024-09-11 12:58:00-04:00,40.055999755859375,40.059898376464844,40.05440139770508,40.05440139770508,1329,0.0,0.0
2024-09-11 12:59:00-04:00,40.05500030517578,40.06999969482422,40.05500030517578,40.064998626708984,4999,0.0,0.0
2024-09-11 13:00:00-04:00,40.064998626708984,40.06809997558594,40.06100082397461,40.06809997558594,1114,0.0,0.0
2024-09-11 13:01:00-04:00,40.064998626708984,40.06999969482422,40.062599182128906,40.06999969482422,1918,0.0,0.0
2024-09-11 13:02:00-04:00,40.08000183105469,40.0880012512207,40.07500076293945,40.08000183105469,4019,0.0,0.0
2024-09-11 13:03:00-04:00,40.09000015258789,40.099998474121094,40.09000015258789,40.099998474121094,1710,0.0,0.0
2024-09-11 13:04:00-04:00,40.100799560546875,40.11000061035156,40.0900993347168,40.0900993347168,3058,0.0,0.0
2024-09-11 13:05:00-04:00,40.095001220703125,40.095001220703125,40.08000183105469,40.08000183105469,2242,0.0,0.0
2024-09-11 13:06:00-04:00,40.08000183105469,40.084999084472656,40.08000183105469,40.084999084472656,2180,0.0,0.0
2024-09-11 13:07:00-04:00,40.081298828125,40.09000015258789,40.081298828125,40.09000015258789,1293,0.0,0.0
2024-09-11 13:08:00-04:00,40.08000183105469,40.08000183105469,40.07500076293945,40.07500076293945,2156,0.0,0.0
2024-09-11 13:09:00-04:00,40.06999969482422,40.06999969482422,40.060001373291016,40.060001373291016,4268,0.0,0.0
2024-09-11 13:10:00-04:00,40.064998626708984,40.09000015258789,40.064998626708984,40.09000015258789,6521,0.0,0.0
2024-09-11 13:11:00-04:00,40.08000183105469,40.099998474121094,40.08000183105469,40.099998474121094,904,0.0,0.0
2024-09-11 13:12:00-04:00,40.11000061035156,40.130001068115234,40.11000061035156,40.130001068115234,3113,0.0,0.0
2024-09-11 13:13:00-04:00,40.130001068115234,40.130001068115234,40.112300872802734,40.112300872802734,1823,0.0,0.0
2024-09-11 13:14:00-04:00,40.125,40.130001068115234,40.125,40.130001068115234,2939,0.0,0.0
2024-09-11 13:15:00-04:00,40.130001068115234,40.130001068115234,40.11000061035156,40.1150016784668,5759,0.0,0.0
2024-09-11 13:16:00-04:00,40.113800048828125,40.119998931884766,40.113800048828125,40.11980056762695,1519,0.0,0.0
2024-09-11 13:17:00-04:00,40.1150016784668,40.115299224853516,40.1150016784668,40.1150016784668,2599,0.0,0.0
2024-09-11 13:18:00-04:00,40.119998931884766,40.125,40.119998931884766,40.119998931884766,5072,0.0,0.0
2024-09-11 13:19:00-04:00,40.119998931884766,40.119998931884766,40.11000061035156,40.1150016784668,4422,0.0,0.0
2024-09-11 13:20:00-04:00,40.1150016784668,40.1150016784668,40.084999084472656,40.095401763916016,3995,0.0,0.0
2024-09-11 13:21:00-04:00,40.09000015258789,40.09000015258789,40.09000015258789,40.09000015258789,507,0.0,0.0
2024-09-11 13:22:00-04:00,40.09000015258789,40.09000015258789,40.0831413269043,40.0831413269043,1152,0.0,0.0
2024-09-11 13:23:00-04:00,40.09000015258789,40.095001220703125,40.09000015258789,40.09000015258789,9716,0.0,0.0
2024-09-11 13:24:00-04:00,40.095001220703125,40.099998474121094,40.08000183105469,40.099998474121094,10827,0.0,0.0
2024-09-11 13:25:00-04:00,40.099998474121094,40.130001068115234,40.099998474121094,40.130001068115234,2185,0.0,0.0
2024-09-11 13:26:00-04:00,40.130001068115234,40.130001068115234,40.125,40.125,715,0.0,0.0
2024-09-11 13:27:00-04:00,40.125,40.12540054321289,40.119998931884766,40.125,2937,0.0,0.0
2024-09-11 13:28:00-04:00,40.119998931884766,40.119998931884766,40.11000061035156,40.1150016784668,4796,0.0,0.0
2024-09-11 13:29:00-04:00,40.1150016784668,40.130001068115234,40.11000061035156,40.119998931884766,5828,0.0,0.0
2024-09-11 13:30:00-04:00,40.119998931884766,40.130001068115234,40.119998931884766,40.130001068115234,2263,0.0,0.0
2024-09-11 13:31:00-04:00,40.125,40.130001068115234,40.119998931884766,40.119998931884766,2453,0.0,0.0
2024-09-11 13:32:00-04:00,40.11429977416992,40.14500045776367,40.11429977416992,40.13999938964844,4368,0.0,0.0
2024-09-11 13:33:00-04:00,40.13990020751953,40.13999938964844,40.1349983215332,40.13999938964844,1487,0.0,0.0
2024-09-11 13:34:00-04:00,40.13999938964844,40.13999938964844,40.125,40.130001068115234,4324,0.0,0.0
2024-09-11 13:35:00-04:00,40.130001068115234,40.130001068115234,40.125,40.125,2812,0.0,0.0
2024-09-11 13:36:00-04:00,40.119998931884766,40.119998931884766,40.1150016784668,40.119998931884766,1857,0.0,0.0
2024-09-11 13:37:00-04:00,40.11109924316406,40.1150016784668,40.109901428222656,40.109901428222656,906,0.0,0.0
2024-09-11 13:38:00-04:00,40.10499954223633,40.10499954223633,40.10499954223633,40.10499954223633,1740,0.0,0.0
2024-09-11 13:39:00-04:00,40.11000061035156,40.130001068115234,40.11000061035156,40.119998931884766,9341,0.0,0.0
2024-09-11 13:40:00-04:00,40.119998931884766,40.130001068115234,40.119998931884766,40.119998931884766,2056,0.0,0.0
2024-09-11 13:41:00-04:00,40.12799835205078,40.14500045776367,40.120601654052734,40.14500045776367,3920,0.0,0.0
2024-09-11 13:42:00-04:00,40.150001525878906,40.15999984741211,40.150001525878906,40.15999984741211,3388,0.0,0.0
2024-09-11 13:43:00-04:00,40.154998779296875,40.15919876098633,40.150001525878906,40.154998779296875,1896,0.0,0.0
2024-09-11 13:44:00-04:00,40.150001525878906,40.150001525878906,40.1150016784668,40.13999938964844,19744,0.0,0.0
2024-09-11 13:45:00-04:00,40.13999938964844,40.150001525878906,40.13999938964844,40.150001525878906,1769,0.0,0.0
2024-09-11 13:46:00-04:00,40.165000915527344,40.16999816894531,40.15999984741211,40.1609992980957,2167,0.0,0.0
2024-09-11 13:47:00-04:00,40.15999984741211,40.17499923706055,40.150001525878906,40.17499923706055,10662,0.0,0.0
2024-09-11 13:48:00-04:00,40.17499923706055,40.185001373291016,40.16999816894531,40.17499923706055,17290,0.0,0.0
2024-09-11 13:49:00-04:00,40.17599868774414,40.189998626708984,40.17599868774414,40.189998626708984,4326,0.0,0.0
2024-09-11 13:50:00-04:00,40.189998626708984,40.19499969482422,40.189998626708984,40.189998626708984,4970,0.0,0.0
2024-09-11 13:51:00-04:00,40.18000030517578,40.18790054321289,40.165000915527344,40.165000915527344,2228,0.0,0.0
2024-09-11 13:52:00-04:00,40.165000915527344,40.16999816894531,40.165000915527344,40.16669845581055,2353,0.0,0.0
2024-09-11 13:53:00-04:00,40.169898986816406,40.18000030517578,40.169898986816406,40.17499923706055,3800,0.0,0.0
2024-09-11 13:54:00-04:00,40.15999984741211,40.15999984741211,40.14500045776367,40.14500045776367,3420,0.0,0.0
2024-09-11 13:55:00-04:00,40.150001525878906,40.150001525878906,40.14500045776367,40.150001525878906,2552,0.0,0.0
2024-09-11 13:56:00-04:00,40.150001525878906,40.1599006652832,40.13999938964844,40.13999938964844,2939,0.0,0.0
2024-09-11 13:57:00-04:00,40.13999938964844,40.14080047607422,40.125,40.130001068115234,2661,0.0,0.0
2024-09-11 13:58:00-04:00,40.1349983215332,40.13880157470703,40.130001068115234,40.13880157470703,1692,0.0,0.0
2024-09-11 13:59:00-04:00,40.13999938964844,40.13999938964844,40.125,40.130001068115234,3449,0.0,0.0
2024-09-11 14:00:00-04:00,40.130001068115234,40.130001068115234,40.125,40.125,2070,0.0,0.0
2024-09-11 14:01:00-04:00,40.1150016784668,40.119998931884766,40.1150016784668,40.1150016784668,1134,0.0,0.0
2024-09-11 14:02:00-04:00,40.1150016784668,40.119998931884766,40.1150016784668,40.119998931884766,2147,0.0,0.0
2024-09-11 14:04:00-04:00,40.125,40.130001068115234,40.125,40.130001068115234,2117,0.0,0.0
2024-09-11 14:05:00-04:00,40.119998931884766,40.130001068115234,40.1150016784668,40.130001068115234,4584,0.0,0.0
2024-09-11 14:06:00-04:00,40.125,40.130001068115234,40.125,40.130001068115234,998,0.0,0.0
2024-09-11 14:07:00-04:00,40.12200164794922,40.130001068115234,40.12200164794922,40.125,3148,0.0,0.0
2024-09-11 14:08:00-04:00,40.130001068115234,40.160499572753906,40.130001068115234,40.160499572753906,5315,0.0,0.0
2024-09-11 14:09:00-04:00,40.15999984741211,40.15999984741211,40.14500045776367,40.150001525878906,3231,0.0,0.0
2024-09-11 14:10:00-04:00,40.154998779296875,40.165000915527344,40.13999938964844,40.140098571777344,4717,0.0,0.0
2024-09-11 14:11:00-04:00,40.1349983215332,40.1349983215332,40.125,40.125,2737,0.0,0.0
2024-09-11 14:12:00-04:00,40.11180114746094,40.125,40.11180114746094,40.125,3120,0.0,0.0
2024-09-11 14:13:00-04:00,40.125,40.125,40.125,40.125,513,0.0,0.0
2024-09-11 14:14:00-04:00,40.119998931884766,40.119998931884766,40.1150016784668,40.1150016784668,1210,0.0,0.0
2024-09-11 14:15:00-04:00,40.1150016784668,40.1150016784668,40.112998962402344,40.112998962402344,718,0.0,0.0
2024-09-11 14:16:00-04:00,40.119998931884766,40.130001068115234,40.119998931884766,40.125,2546,0.0,0.0
2024-09-11 14:17:00-04:00,40.119998931884766,40.119998931884766,40.10499954223633,40.10499954223633,2148,0.0,0.0
2024-09-11 14:18:00-04:00,40.1150016784668,40.119998931884766,40.1150016784668,40.119998931884766,1550,0.0,0.0
2024-09-11 14:19:00-04:00,40.10499954223633,40.10599899291992,40.10499954223633,40.10499954223633,1757,0.0,0.0
2024-09-11 14:20:00-04:00,40.099998474121094,40.11000061035156,40.095001220703125,40.10599899291992,8407,0.0,0.0
2024-09-11 14:21:00-04:00,40.109901428222656,40.1150016784668,40.109901428222656,40.1150016784668,1622,0.0,0.0
2024-09-11 14:22:00-04:00,40.118099212646484,40.130001068115234,40.1150016784668,40.130001068115234,6224,0.0,0.0
2024-09-11 14:23:00-04:00,40.130001068115234,40.13240051269531,40.119998931884766,40.125,6919,0.0,0.0
2024-09-11 14:24:00-04:00,40.125,40.130001068115234,40.125,40.130001068115234,2394,0.0,0.0
2024-09-11 14:25:00-04:00,40.13100051879883,40.1349983215332,40.13100051879883,40.1349983215332,1885,0.0,0.0
2024-09-11 14:26:00-04:00,40.1349983215332,40.1349983215332,40.11399841308594,40.11399841308594,1487,0.0,0.0
2024-09-11 14:27:00-04:00,40.119998931884766,40.119998931884766,40.11000061035156,40.1150016784668,9549,0.0,0.0
2024-09-11 14:28:00-04:00,40.119998931884766,40.12689208984375,40.11009979248047,40.1150016784668,6563,0.0,0.0
2024-09-11 14:29:00-04:00,40.1150016784668,40.119998931884766,40.11000061035156,40.119998931884766,3922,0.0,0.0
2024-09-11 14:30:00-04:00,40.1150016784668,40.1150016784668,40.095001220703125,40.095001220703125,12995,0.0,0.0
2024-09-11 14:31:00-04:00,40.09239959716797,40.13999938964844,40.09239959716797,40.13999938964844,8389,0.0,0.0
2024-09-11 14:32:00-04:00,40.1349983215332,40.14500045776367,40.1349983215332,40.14500045776367,2386,0.0,0.0
2024-09-11 14:33:00-04:00,40.14500045776367,40.154998779296875,40.13999938964844,40.150001525878906,3590,0.0,0.0
2024-09-11 14:34:00-04:00,40.154998779296875,40.154998779296875,40.154998779296875,40.154998779296875,2090,0.0,0.0
2024-09-11 14:35:00-04:00,40.154998779296875,40.154998779296875,40.1349983215332,40.1349983215332,5721,0.0,0.0
2024-09-11 14:36:00-04:00,40.130001068115234,40.130001068115234,40.1150016784668,40.130001068115234,1476,0.0,0.0
2024-09-11 14:37:00-04:00,40.1349983215332,40.14500045776367,40.130001068115234,40.1349983215332,4014,0.0,0.0
2024-09-11 14:38:00-04:00,40.1349983215332,40.13999938964844,40.130001068115234,40.13999938964844,4535,0.0,0.0
2024-09-11 14:39:00-04:00,40.13999938964844,40.14500045776367,40.13999938964844,40.14500045776367,2105,0.0,0.0
2024-09-11 14:40:00-04:00,40.15999984741211,40.15999984741211,40.1349983215332,40.13999938964844,4212,0.0,0.0
2024-09-11 14:41:00-04:00,40.150001525878906,40.165000915527344,40.150001525878906,40.154998779296875,4076,0.0,0.0
2024-09-11 14:42:00-04:00,40.165000915527344,40.16999816894531,40.150001525878906,40.15999984741211,10314,0.0,0.0
2024-09-11 14:43:00-04:00,40.15999984741211,40.15999984741211,40.150001525878906,40.150001525878906,2762,0.0,0.0
2024-09-11 14:44:00-04:00,40.154998779296875,40.15999984741211,40.150001525878906,40.150001525878906,4496,0.0,0.0
2024-09-11 14:45:00-04:00,40.154998779296875,40.15999984741211,40.154998779296875,40.154998779296875,1616,0.0,0.0
2024-09-11 14:46:00-04:00,40.150001525878906,40.16999816894531,40.150001525878906,40.15589904785156,11985,0.0,0.0
2024-09-11 14:47:00-04:00,40.15999984741211,40.15999984741211,40.14500045776367,40.15999984741211,3166,0.0,0.0
2024-09-11 14:48:00-04:00,40.15999984741211,40.16999816894531,40.15169906616211,40.165000915527344,3155,0.0,0.0
2024-09-11 14:49:00-04:00,40.165000915527344,40.165000915527344,40.154998779296875,40.154998779296875,3626,0.0,0.0
2024-09-11 14:50:00-04:00,40.150001525878906,40.150001525878906,40.150001525878906,40.150001525878906,978,0.0,0.0
2024-09-11 14:51:00-04:00,40.14500045776367,40.14500045776367,40.13999938964844,40.13999938964844,3799,0.0,0.0
2024-09-11 14:52:00-04:00,40.13999938964844,40.150001525878906,40.130001068115234,40.13999938964844,3659,0.0,0.0
2024-09-11 14:53:00-04:00,40.1349983215332,40.1349983215332,40.125,40.125,1163,0.0,0.0
2024-09-11 14:54:00-04:00,40.130001068115234,40.13999938964844,40.125,40.125,5930,0.0,0.0
2024-09-11 14:55:00-04:00,40.130001068115234,40.13999938964844,40.130001068115234,40.13990020751953,8113,0.0,0.0
2024-09-11 14:56:00-04:00,40.14500045776367,40.14500045776367,40.14400100708008,40.14500045776367,901,0.0,0.0
2024-09-11 14:57:00-04:00,40.13999938964844,40.13999938964844,40.124000549316406,40.124000549316406,3662,0.0,0.0
2024-09-11 14:58:00-04:00,40.135501861572266,40.135501861572266,40.119998931884766,40.119998931884766,1835,0.0,0.0
2024-09-11 14:59:00-04:00,40.119998931884766,40.125,40.1150016784668,40.1150016784668,5197,0.0,0.0
2024-09-11 15:00:00-04:00,40.1150016784668,40.1150016784668,40.11000061035156,40.1150016784668,4734,0.0,0.0
2024-09-11 15:02:00-04:00,40.130001068115234,40.130001068115234,40.12200164794922,40.12200164794922,4301,0.0,0.0
2024-09-11 15:03:00-04:00,40.125,40.130001068115234,40.1244010925293,40.130001068115234,3319,0.0,0.0
2024-09-11 15:04:00-04:00,40.130001068115234,40.1349983215332,40.125,40.1349983215332,1983,0.0,0.0
2024-09-11 15:05:00-04:00,40.1349983215332,40.1349983215332,40.130001068115234,40.1349983215332,1230,0.0,0.0
2024-09-11 15:06:00-04:00,40.1349983215332,40.150001525878906,40.1349983215332,40.14500045776367,1719,0.0,0.0
2024-09-11 15:07:00-04:00,40.150001525878906,40.154998779296875,40.14500045776367,40.154998779296875,1975,0.0,0.0
2024-09-11 15:08:00-04:00,40.15999984741211,40.17499923706055,40.15999984741211,40.15999984741211,9677,0.0,0.0
2024-09-11 15:09:00-04:00,40.15999984741211,40.15999984741211,40.150001525878906,40.150001525878906,3255,0.0,0.0
2024-09-11 15:10:00-04:00,40.154998779296875,40.154998779296875,40.14500045776367,40.14500045776367,1377,0.0,0.0
2024-09-11 15:11:00-04:00,40.14500045776367,40.14500045776367,40.13010025024414,40.13010025024414,4011,0.0,0.0
2024-09-11 15:12:00-04:00,40.13019943237305,40.14500045776367,40.13010025024414,40.13999938964844,11607,0.0,0.0
2024-09-11 15:13:00-04:00,40.13999938964844,40.150001525878906,40.13999938964844,40.150001525878906,4023,0.0,0.0
2024-09-11 15:14:00-04:00,40.151100158691406,40.154998779296875,40.150001525878906,40.150001525878906,587,0.0,0.0
2024-09-11 15:15:00-04:00,40.150001525878906,40.154998779296875,40.14179992675781,40.154998779296875,4096,0.0,0.0
2024-09-11 15:16:00-04:00,40.15999984741211,40.15999984741211,40.15399932861328,40.154998779296875,4034,0.0,0.0
2024-09-11 15:17:00-04:00,40.150001525878906,40.150001525878906,40.13349914550781,40.13399887084961,2394,0.0,0.0
2024-09-11 15:18:00-04:00,40.1349983215332,40.13999938964844,40.130001068115234,40.13999938964844,3446,0.0,0.0
2024-09-11 15:19:00-04:00,40.13999938964844,40.150001525878906,40.13999938964844,40.150001525878906,3462,0.0,0.0
2024-09-11 15:20:00-04:00,40.150001525878906,40.150001525878906,40.1421012878418,40.150001525878906,1399,0.0,0.0
2024-09-11 15:21:00-04:00,40.150001525878906,40.15999984741211,40.150001525878906,40.154998779296875,3576,0.0,0.0
2024-09-11 15:22:00-04:00,40.154998779296875,40.154998779296875,40.150001525878906,40.154998779296875,2156,0.0,0.0
2024-09-11 15:23:00-04:00,40.15999984741211,40.15999984741211,40.154998779296875,40.15999984741211,3014,0.0,0.0
2024-09-11 15:24:00-04:00,40.16999816894531,40.1775016784668,40.165000915527344,40.1775016784668,6619,0.0,0.0
2024-09-11 15:25:00-04:00,40.17499923706055,40.19499969482422,40.17499923706055,40.183998107910156,16568,0.0,0.0
2024-09-11 15:26:00-04:00,40.185001373291016,40.185001373291016,40.17499923706055,40.17838668823242,2466,0.0,0.0
2024-09-11 15:27:00-04:00,40.17100143432617,40.18000030517578,40.17100143432617,40.17499923706055,1845,0.0,0.0
2024-09-11 15:28:00-04:00,40.17499923706055,40.18000030517578,40.17499923706055,40.18000030517578,573,0.0,0.0
2024-09-11 15:29:00-04:00,40.17060089111328,40.18000030517578,40.17060089111328,40.17499923706055,1399,0.0,0.0
2024-09-11 15:30:00-04:00,40.17499923706055,40.185001373291016,40.17499923706055,40.18000030517578,38536,0.0,0.0
2024-09-11 15:31:00-04:00,40.18000030517578,40.189998626708984,40.17499923706055,40.189998626708984,8042,0.0,0.0
2024-09-11 15:32:00-04:00,40.189998626708984,40.189998626708984,40.180999755859375,40.180999755859375,11364,0.0,0.0
2024-09-11 15:33:00-04:00,40.185001373291016,40.19499969482422,40.185001373291016,40.190101623535156,4992,0.0,0.0
2024-09-11 15:34:00-04:00,40.20000076293945,40.21500015258789,40.19499969482422,40.21500015258789,18549,0.0,0.0
2024-09-11 15:35:00-04:00,40.215999603271484,40.220001220703125,40.20500183105469,40.209999084472656,16830,0.0,0.0
2024-09-11 15:36:00-04:00,40.220001220703125,40.220001220703125,40.21500015258789,40.21500015258789,1227,0.0,0.0
2024-09-11 15:37:00-04:00,40.220001220703125,40.23500061035156,40.21139907836914,40.224998474121094,15814,0.0,0.0
2024-09-11 15:38:00-04:00,40.22999954223633,40.22999954223633,40.20500183105469,40.20500183105469,10226,0.0,0.0
2024-09-11 15:39:00-04:00,40.20500183105469,40.20869827270508,40.20000076293945,40.20869827270508,6532,0.0,0.0
2024-09-11 15:40:00-04:00,40.20500183105469,40.20500183105469,40.19129943847656,40.1963996887207,14286,0.0,0.0
2024-09-11 15:41:00-04:00,40.189998626708984,40.189998626708984,40.154998779296875,40.15999984741211,23052,0.0,0.0
2024-09-11 15:42:00-04:00,40.16999816894531,40.16999816894531,40.15999984741211,40.15999984741211,6937,0.0,0.0
2024-09-11 15:43:00-04:00,40.15999984741211,40.15999984741211,40.150001525878906,40.150901794433594,21092,0.0,0.0
2024-09-11 15:44:00-04:00,40.1599006652832,40.18000030517578,40.150001525878906,40.18000030517578,17319,0.0,0.0
2024-09-11 15:45:00-04:00,40.17499923706055,40.17499923706055,40.16460037231445,40.16460037231445,7441,0.0,0.0
2024-09-11 15:46:00-04:00,40.15999984741211,40.17499923706055,40.15999984741211,40.16999816894531,10656,0.0,0.0
2024-09-11 15:47:00-04:00,40.16999816894531,40.16999816894531,40.15999984741211,40.16999816894531,13186,0.0,0.0
2024-09-11 15:48:00-04:00,40.16999816894531,40.18000030517578,40.165000915527344,40.16999816894531,13666,0.0,0.0
2024-09-11 15:49:00-04:00,40.16999816894531,40.19499969482422,40.169898986816406,40.19499969482422,21855,0.0,0.0
2024-09-11 15:50:00-04:00,40.20000076293945,40.279998779296875,40.189998626708984,40.23500061035156,130810,0.0,0.0
2024-09-11 15:51:00-04:00,40.23500061035156,40.244998931884766,40.21009826660156,40.21500015258789,28840,0.0,0.0
2024-09-11 15:52:00-04:00,40.21500015258789,40.220001220703125,40.209999084472656,40.21500015258789,8535,0.0,0.0
2024-09-11 15:53:00-04:00,40.220001220703125,40.224998474121094,40.209999084472656,40.21500015258789,16683,0.0,0.0
2024-09-11 15:54:00-04:00,40.220001220703125,40.2400016784668,40.209999084472656,40.22999954223633,43320,0.0,0.0
2024-09-11 15:55:00-04:00,40.23500061035156,40.26499938964844,40.23500061035156,40.26499938964844,21439,0.0,0.0
2024-09-11 15:56:00-04:00,40.26499938964844,40.26499938964844,40.25,40.25,37682,0.0,0.0
2024-09-11 15:57:00-04:00,40.255001068115234,40.2599983215332,40.22999954223633,40.22999954223633,62805,0.0,0.0
2024-09-11 15:58:00-04:00,40.22999954223633,40.25,40.220001220703125,40.2400016784668,64964,0.0,0.0
2024-09-11 15:59:00-04:00,40.25,40.25,40.220001220703125,40.25,82511,0.0,0.0
2024-09-12 09:30:00-04:00,40.380001068115234,40.380001068115234,40.310001373291016,40.349998474121094,62127,0.0,0.0
2024-09-12 09:33:00-04:00,40.29499816894531,40.29499816894531,40.279998779296875,40.290000915527344,23186,0.0,0.0
2024-09-12 09:34:00-04:00,40.310001373291016,40.310001373291016,40.30500030517578,40.30500030517578,406,0.0,0.0
2024-09-12 09:35:00-04:00,40.290000915527344,40.334999084472656,40.290000915527344,40.32320022583008,1707,0.0,0.0
2024-09-12 09:36:00-04:00,40.349998474121094,40.379798889160156,40.34000015258789,40.359901428222656,5891,0.0,0.0
2024-09-12 09:37:00-04:00,40.34000015258789,40.345001220703125,40.310001373291016,40.310001373291016,5445,0.0,0.0
2024-09-12 09:38:00-04:00,40.310001373291016,40.31999969482422,40.29999923706055,40.314998626708984,8107,0.0,0.0
2024-09-12 09:39:00-04:00,40.33000183105469,40.36000061035156,40.33000183105469,40.36000061035156,1157,0.0,0.0
2024-09-12 09:40:00-04:00,40.36000061035156,40.40999984741211,40.36000061035156,40.38999938964844,9996,0.0,0.0
2024-09-12 09:41:00-04:00,40.3849983215332,40.38999938964844,40.3849983215332,40.38999938964844,667,0.0,0.0
2024-09-12 09:42:00-04:00,40.39500045776367,40.404998779296875,40.380001068115234,40.380001068115234,3463,0.0,0.0
2024-09-12 09:43:00-04:00,40.369998931884766,40.38999938964844,40.369998931884766,40.38999938964844,1601,0.0,0.0
2024-09-12 09:44:00-04:00,40.38999938964844,40.38999938964844,40.380001068115234,40.3849983215332,5413,0.0,0.0
2024-09-12 09:45:00-04:00,40.380001068115234,40.38999938964844,40.34000015258789,40.34000015258789,15521,0.0,0.0
2024-09-12 09:46:00-04:00,40.33000183105469,40.38999938964844,40.33000183105469,40.375,10902,0.0,0.0
2024-09-12 09:47:00-04:00,40.369998931884766,40.369998931884766,40.35499954223633,40.359798431396484,6654,0.0,0.0
2024-09-12 09:48:00-04:00,40.349998474121094,40.349998474121094,40.314998626708984,40.31999969482422,7335,0.0,0.0
2024-09-12 09:49:00-04:00,40.31999969482422,40.31999969482422,40.29499816894531,40.29999923706055,9365,0.0,0.0
2024-09-12 09:51:00-04:00,40.271400451660156,40.271400451660156,40.27000045776367,40.27000045776367,6872,0.0,0.0
2024-09-12 09:52:00-04:00,40.26499938964844,40.29999923706055,40.26499938964844,40.29999923706055,1991,0.0,0.0
2024-09-12 09:53:00-04:00,40.279998779296875,40.290000915527344,40.26499938964844,40.290000915527344,5959,0.0,0.0
2024-09-12 09:54:00-04:00,40.290000915527344,40.305198669433594,40.290000915527344,40.29999923706055,2339,0.0,0.0
2024-09-12 09:55:00-04:00,40.29499816894531,40.310001373291016,40.29499816894531,40.310001373291016,2537,0.0,0.0
2024-09-12 09:56:00-04:00,40.31999969482422,40.33000183105469,40.310001373291016,40.310001373291016,2837,0.0,0.0
2024-09-12 09:57:00-04:00,40.29499816894531,40.29600143432617,40.279998779296875,40.279998779296875,7807,0.0,0.0
2024-09-12 09:58:00-04:00,40.27000045776367,40.27000045776367,40.255001068115234,40.255001068115234,3304,0.0,0.0
2024-09-12 09:59:00-04:00,40.255001068115234,40.255001068115234,40.224998474121094,40.224998474121094,6046,0.0,0.0
2024-09-12 10:00:00-04:00,40.23500061035156,40.255001068115234,40.21500015258789,40.22999954223633,4485,0.0,0.0
2024-09-12 10:01:00-04:00,40.22999954223633,40.244998931884766,40.22999954223633,40.22999954223633,3330,0.0,0.0
2024-09-12 10:02:00-04:00,40.2400016784668,40.27000045776367,40.23500061035156,40.2599983215332,15125,0.0,0.0
2024-09-12 10:03:00-04:00,40.2599983215332,40.2599983215332,40.25230026245117,40.25230026245117,1577,0.0,0.0
2024-09-12 10:04:00-04:00,40.27000045776367,40.27000045776367,40.255001068115234,40.255001068115234,978,0.0,0.0
2024-09-12 10:05:00-04:00,40.263301849365234,40.27000045776367,40.263301849365234,40.27000045776367,4912,0.0,0.0
2024-09-12 10:06:00-04:00,40.279998779296875,40.28499984741211,40.275001525878906,40.275001525878906,2923,0.0,0.0
2024-09-12 10:07:00-04:00,40.279998779296875,40.28010177612305,40.275001525878906,40.275001525878906,4237,0.0,0.0
2024-09-12 10:08:00-04:00,40.290000915527344,40.296199798583984,40.28499984741211,40.28499984741211,1263,0.0,0.0
2024-09-12 10:09:00-04:00,40.30500030517578,40.314998626708984,40.30500030517578,40.30500030517578,3069,0.0,0.0
2024-09-12 10:10:00-04:00,40.310001373291016,40.310001373291016,40.28499984741211,40.28499984741211,742,0.0,0.0
2024-09-12 10:11:00-04:00,40.290000915527344,40.29499816894531,40.28499984741211,40.28499984741211,3009,0.0,0.0
2024-09-12 10:12:00-04:00,40.279998779296875,40.314998626708984,40.279998779296875,40.314998626708984,8173,0.0,0.0
2024-09-12 10:13:00-04:00,40.310001373291016,40.33000183105469,40.30500030517578,40.33000183105469,4184,0.0,0.0
2024-09-12 10:14:00-04:00,40.334999084472656,40.36000061035156,40.334999084472656,40.349998474121094,8308,0.0,0.0
2024-09-12 10:15:00-04:00,40.34000015258789,40.349998474121094,40.334999084472656,40.349998474121094,1326,0.0,0.0
2024-09-12 10:16:00-04:00,40.345001220703125,40.349998474121094,40.33000183105469,40.345001220703125,5598,0.0,0.0
2024-09-12 10:17:00-04:00,40.349998474121094,40.349998474121094,40.33000183105469,40.33000183105469,1714,0.0,0.0
2024-09-12 10:18:00-04:00,40.334999084472656,40.345001220703125,40.334999084472656,40.334999084472656,4218,0.0,0.0
2024-09-12 10:19:00-04:00,40.349998474121094,40.35499954223633,40.345001220703125,40.345001220703125,2022,0.0,0.0
2024-09-12 10:20:00-04:00,40.35499954223633,40.369998931884766,40.349998474121094,40.349998474121094,2636,0.0,0.0
2024-09-12 10:21:00-04:00,40.349998474121094,40.35499954223633,40.345001220703125,40.349998474121094,3256,0.0,0.0
2024-09-12 10:22:00-04:00,40.345001220703125,40.36000061035156,40.345001220703125,40.36000061035156,2499,0.0,0.0
2024-09-12 10:23:00-04:00,40.34000015258789,40.34000015258789,40.34000015258789,40.34000015258789,237,0.0,0.0
2024-09-12 10:24:00-04:00,40.345001220703125,40.345001220703125,40.34000015258789,40.34000015258789,1035,0.0,0.0
2024-09-12 10:25:00-04:00,40.33000183105469,40.3380012512207,40.30500030517578,40.314998626708984,2267,0.0,0.0
2024-09-12 10:26:00-04:00,40.31999969482422,40.32500076293945,40.310001373291016,40.310001373291016,1586,0.0,0.0
2024-09-12 10:27:00-04:00,40.310001373291016,40.310001373291016,40.29499816894531,40.29499816894531,2543,0.0,0.0
2024-09-12 10:28:00-04:00,40.290000915527344,40.305999755859375,40.28499984741211,40.290000915527344,1852,0.0,0.0
2024-09-12 10:29:00-04:00,40.28499984741211,40.290000915527344,40.279998779296875,40.279998779296875,633,0.0,0.0
2024-09-12 10:30:00-04:00,40.275001525878906,40.279998779296875,40.27000045776367,40.27000045776367,1307,0.0,0.0
2024-09-12 10:31:00-04:00,40.279998779296875,40.29499816894531,40.279998779296875,40.279998779296875,4222,0.0,0.0
2024-09-12 10:32:00-04:00,40.279998779296875,40.279998779296875,40.255001068115234,40.255001068115234,4959,0.0,0.0
2024-09-12 10:33:00-04:00,40.25,40.2599983215332,40.244998931884766,40.244998931884766,4141,0.0,0.0
2024-09-12 10:34:00-04:00,40.244998931884766,40.27000045776367,40.2400016784668,40.26499938964844,3614,0.0,0.0
2024-09-12 10:35:00-04:00,40.2599983215332,40.26499938964844,40.25,40.255001068115234,4140,0.0,0.0
2024-09-12 10:36:00-04:00,40.27000045776367,40.27000045776367,40.2599983215332,40.27000045776367,2929,0.0,0.0
2024-09-12 10:38:00-04:00,40.279998779296875,40.279998779296875,40.272499084472656,40.272701263427734,2097,0.0,0.0
2024-09-12 10:39:00-04:00,40.279998779296875,40.290000915527344,40.279998779296875,40.290000915527344,409,0.0,0.0
2024-09-12 10:40:00-04:00,40.279998779296875,40.279998779296875,40.27000045776367,40.27000045776367,1656,0.0,0.0
2024-09-12 10:41:00-04:00,40.29990005493164,40.29990005493164,40.29499816894531,40.29499816894531,2032,0.0,0.0
2024-09-12 10:42:00-04:00,40.29999923706055,40.310001373291016,40.29999923706055,40.310001373291016,5047,0.0,0.0
2024-09-12 10:43:00-04:00,40.29999923706055,40.310001373291016,40.29999923706055,40.310001373291016,11669,0.0,0.0
2024-09-12 10:44:00-04:00,40.31719970703125,40.334999084472656,40.31719970703125,40.334999084472656,3325,0.0,0.0
2024-09-12 10:45:00-04:00,40.33399963378906,40.34000015258789,40.33000183105469,40.34000015258789,3046,0.0,0.0
2024-09-12 10:46:00-04:00,40.34000015258789,40.34000015258789,40.34000015258789,40.34000015258789,2180,0.0,0.0
2024-09-12 10:47:00-04:00,40.36000061035156,40.380001068115234,40.36000061035156,40.380001068115234,5451,0.0,0.0
2024-09-12 10:48:00-04:00,40.369998931884766,40.38999938964844,40.36000061035156,40.3849983215332,9219,0.0,0.0
2024-09-12 10:49:00-04:00,40.3849983215332,40.38999938964844,40.3849983215332,40.38999938964844,5902,0.0,0.0
2024-09-12 10:50:00-04:00,40.400001525878906,40.400001525878906,40.369998931884766,40.369998931884766,5365,0.0,0.0
2024-09-12 10:51:00-04:00,40.369998931884766,40.37990188598633,40.3650016784668,40.37990188598633,1086,0.0,0.0
2024-09-12 10:52:00-04:00,40.369998931884766,40.375,40.369998931884766,40.375,811,0.0,0.0
2024-09-12 10:54:00-04:00,40.36000061035156,40.36000061035156,40.36000061035156,40.36000061035156,14416,0.0,0.0
2024-09-12 10:55:00-04:00,40.36000061035156,40.3650016784668,40.36000061035156,40.36240005493164,1514,0.0,0.0
2024-09-12 10:56:00-04:00,40.40079879760742,40.40079879760742,40.40079879760742,40.40079879760742,7952,0.0,0.0
2024-09-12 10:57:00-04:00,40.400001525878906,40.40620040893555,40.39250183105469,40.39250183105469,6544,0.0,0.0
2024-09-12 10:58:00-04:00,40.390201568603516,40.39500045776367,40.3650016784668,40.3650016784668,5799,0.0,0.0
2024-09-12 10:59:00-04:00,40.3650016784668,40.369998931884766,40.352901458740234,40.352901458740234,7307,0.0,0.0
2024-09-12 11:00:00-04:00,40.349998474121094,40.35200119018555,40.349998474121094,40.349998474121094,1959,0.0,0.0
2024-09-12 11:01:00-04:00,40.349998474121094,40.36000061035156,40.349998474121094,40.36000061035156,1257,0.0,0.0
2024-09-12 11:02:00-04:00,40.369998931884766,40.369998931884766,40.369998931884766,40.369998931884766,642,0.0,0.0
2024-09-12 11:03:00-04:00,40.3650016784668,40.36970138549805,40.360198974609375,40.360198974609375,2474,0.0,0.0
2024-09-12 11:04:00-04:00,40.36000061035156,40.36000061035156,40.36000061035156,40.36000061035156,1362,0.0,0.0
2024-09-12 11:05:00-04:00,40.37990188598633,40.37990188598633,40.37990188598633,40.37990188598633,1594,0.0,0.0
2024-09-12 11:06:00-04:00,40.375,40.375,40.36000061035156,40.375,2485,0.0,0.0
2024-09-12 11:07:00-04:00,40.380001068115234,40.3849983215332,40.3650016784668,40.3650016784668,4989,0.0,0.0
2024-09-12 11:08:00-04:00,40.36000061035156,40.369998931884766,40.36000061035156,40.369998931884766,1861,0.0,0.0
2024-09-12 11:09:00-04:00,40.369998931884766,40.369998931884766,40.3650016784668,40.3650016784668,575,0.0,0.0
2024-09-12 11:10:00-04:00,40.36000061035156,40.3650016784668,40.36000061035156,40.3650016784668,655,0.0,0.0
2024-09-12 11:11:00-04:00,40.3650016784668,40.369998931884766,40.34000015258789,40.349998474121094,16165,0.0,0.0
2024-09-12 11:13:00-04:00,40.34000015258789,40.349998474121094,40.34000015258789,40.349998474121094,11588,0.0,0.0
2024-09-12 11:14:00-04:00,40.35499954223633,40.35499954223633,40.349998474121094,40.349998474121094,2184,0.0,0.0
2024-09-12 11:15:00-04:00,40.349998474121094,40.349998474121094,40.33000183105469,40.34000015258789,4791,0.0,0.0
2024-09-12 11:16:00-04:00,40.34000015258789,40.34989929199219,40.34000015258789,40.34000015258789,4734,0.0,0.0
2024-09-12 11:17:00-04:00,40.34000015258789,40.345001220703125,40.31999969482422,40.31999969482422,5252,0.0,0.0
2024-09-12 11:18:00-04:00,40.33000183105469,40.338600158691406,40.32500076293945,40.32500076293945,2541,0.0,0.0
2024-09-12 11:19:00-04:00,40.31999969482422,40.32500076293945,40.31999969482422,40.32500076293945,1507,0.0,0.0
2024-09-12 11:20:00-04:00,40.31999969482422,40.33000183105469,40.314998626708984,40.31999969482422,1814,0.0,0.0
2024-09-12 11:21:00-04:00,40.33000183105469,40.345001220703125,40.33000183105469,40.34000015258789,4068,0.0,0.0
2024-09-12 11:22:00-04:00,40.345401763916016,40.345401763916016,40.34000015258789,40.34000015258789,6775,0.0,0.0
2024-09-12 11:24:00-04:00,40.345001220703125,40.345001220703125,40.33000183105469,40.33000183105469,7505,0.0,0.0
2024-09-12 11:25:00-04:00,40.334999084472656,40.334999084472656,40.33000183105469,40.33000183105469,1191,0.0,0.0
2024-09-12 11:26:00-04:00,40.33000183105469,40.33000183105469,40.31999969482422,40.33000183105469,2175,0.0,0.0
2024-09-12 11:27:00-04:00,40.34000015258789,40.34000015258789,40.32339859008789,40.32339859008789,11472,0.0,0.0
2024-09-12 11:28:00-04:00,40.33000183105469,40.34000015258789,40.32500076293945,40.32500076293945,9580,0.0,0.0
2024-09-12 11:29:00-04:00,40.32659912109375,40.34000015258789,40.32500076293945,40.32500076293945,8798,0.0,0.0
2024-09-12 11:30:00-04:00,40.32500076293945,40.32500076293945,40.30500030517578,40.30500030517578,2434,0.0,0.0
2024-09-12 11:31:00-04:00,40.310001373291016,40.33000183105469,40.310001373291016,40.33000183105469,32130,0.0,0.0
2024-09-12 11:32:00-04:00,40.33000183105469,40.33000183105469,40.31999969482422,40.32500076293945,2280,0.0,0.0
2024-09-12 11:33:00-04:00,40.320098876953125,40.34000015258789,40.31999969482422,40.33000183105469,19976,0.0,0.0
2024-09-12 11:34:00-04:00,40.34000015258789,40.367401123046875,40.34000015258789,40.367401123046875,5472,0.0,0.0
2024-09-12 11:35:00-04:00,40.3650016784668,40.369998931884766,40.36009979248047,40.369998931884766,3446,0.0,0.0
2024-09-12 11:36:00-04:00,40.36000061035156,40.36000061035156,40.36000061035156,40.36000061035156,1567,0.0,0.0
2024-09-12 11:37:00-04:00,40.3650016784668,40.369998931884766,40.36000061035156,40.36000061035156,468,0.0,0.0
2024-09-12 11:38:00-04:00,40.3650016784668,40.369998931884766,40.3650016784668,40.3650016784668,1193,0.0,0.0
2024-09-12 11:39:00-04:00,40.3650016784668,40.37009811401367,40.36000061035156,40.36000061035156,7877,0.0,0.0
2024-09-12 11:40:00-04:00,40.36000061035156,40.380001068115234,40.36000061035156,40.380001068115234,4993,0.0,0.0
2024-09-12 11:41:00-04:00,40.375,40.38999938964844,40.375,40.37620162963867,2210,0.0,0.0
2024-09-12 11:42:00-04:00,40.380001068115234,40.380001068115234,40.369998931884766,40.369998931884766,1155,0.0,0.0
2024-09-12 11:43:00-04:00,40.369998931884766,40.369998931884766,40.369998931884766,40.369998931884766,266,0.0,0.0
2024-09-12 11:44:00-04:00,40.36090087890625,40.369998931884766,40.36090087890625,40.369998931884766,5293,0.0,0.0
2024-09-12 11:45:00-04:00,40.369998931884766,40.369998931884766,40.36000061035156,40.3650016784668,3211,0.0,0.0
2024-09-12 11:46:00-04:00,40.36000061035156,40.36000061035156,40.34000015258789,40.34000015258789,1909,0.0,0.0
2024-09-12 11:47:00-04:00,40.349998474121094,40.369998931884766,40.349998474121094,40.36000061035156,3128,0.0,0.0
2024-09-12 11:48:00-04:00,40.35499954223633,40.35499954223633,40.34000015258789,40.349998474121094,3110,0.0,0.0
2024-09-12 11:49:00-04:00,40.349998474121094,40.349998474121094,40.345001220703125,40.349998474121094,1599,0.0,0.0
2024-09-12 11:50:00-04:00,40.349998474121094,40.349998474121094,40.33000183105469,40.334999084472656,1655,0.0,0.0
2024-09-12 11:51:00-04:00,40.334999084472656,40.345001220703125,40.334999084472656,40.34170150756836,3544,0.0,0.0
2024-09-12 11:52:00-04:00,40.34000015258789,40.34000015258789,40.34000015258789,40.34000015258789,2504,0.0,0.0
2024-09-12 11:53:00-04:00,40.334999084472656,40.334999084472656,40.334999084472656,40.334999084472656,441,0.0,0.0
2024-09-12 11:54:00-04:00,40.34000015258789,40.34230041503906,40.34000015258789,40.34230041503906,1207,0.0,0.0
2024-09-12 11:55:00-04:00,40.34000015258789,40.34000015258789,40.34000015258789,40.34000015258789,3308,0.0,0.0
2024-09-12 11:56:00-04:00,40.34000015258789,40.34000015258789,40.339900970458984,40.339900970458984,5379,0.0,0.0
2024-09-12 11:57:00-04:00,40.334999084472656,40.34000015258789,40.334999084472656,40.34000015258789,3580,0.0,0.0
2024-09-12 11:58:00-04:00,40.34000015258789,40.34000015258789,40.34000015258789,40.34000015258789,1323,0.0,0.0
2024-09-12 11:59:00-04:00,40.334999084472656,40.34000015258789,40.334999084472656,40.334999084472656,1189,0.0,0.0
2024-09-12 12:00:00-04:00,40.34000015258789,40.34000015258789,40.34000015258789,40.34000015258789,577,0.0,0.0
2024-09-12 12:01:00-04:00,40.34000015258789,40.34669876098633,40.34000015258789,40.345001220703125,1935,0.0,0.0
2024-09-12 12:02:00-04:00,40.34000015258789,40.345001220703125,40.34000015258789,40.34000015258789,2713,0.0,0.0
2024-09-12 12:03:00-04:00,40.33000183105469,40.334999084472656,40.33000183105469,40.334999084472656,1343,0.0,0.0
2024-09-12 12:04:00-04:00,40.34000015258789,40.345001220703125,40.34000015258789,40.345001220703125,4864,0.0,0.0
2024-09-12 12:05:00-04:00,40.34600067138672,40.36000061035156,40.34000015258789,40.36000061035156,6128,0.0,0.0
2024-09-12 12:06:00-04:00,40.36000061035156,40.369998931884766,40.36000061035156,40.3650016784668,2141,0.0,0.0
2024-09-12 12:07:00-04:00,40.36000061035156,40.36000061035156,40.34000015258789,40.345001220703125,12929,0.0,0.0
2024-09-12 12:08:00-04:00,40.34669876098633,40.349998474121094,40.34000015258789,40.349998474121094,8732,0.0,0.0
2024-09-12 12:09:00-04:00,40.349998474121094,40.35499954223633,40.345001220703125,40.349998474121094,7057,0.0,0.0
2024-09-12 12:10:00-04:00,40.345001220703125,40.349998474121094,40.34000015258789,40.34000015258789,2336,0.0,0.0
2024-09-12 12:12:00-04:00,40.34000015258789,40.34000015258789,40.33000183105469,40.33000183105469,3174,0.0,0.0
2024-09-12 12:13:00-04:00,40.32500076293945,40.33789825439453,40.31999969482422,40.33000183105469,7569,0.0,0.0
2024-09-12 12:14:00-04:00,40.32500076293945,40.32500076293945,40.29999923706055,40.31999969482422,28271,0.0,0.0
2024-09-12 12:15:00-04:00,40.31999969482422,40.31999969482422,40.310001373291016,40.314998626708984,3641,0.0,0.0
2024-09-12 12:16:00-04:00,40.314998626708984,40.314998626708984,40.310001373291016,40.310001373291016,2965,0.0,0.0
2024-09-12 12:17:00-04:00,40.30500030517578,40.30500030517578,40.29570007324219,40.29999923706055,5829,0.0,0.0
2024-09-12 12:18:00-04:00,40.29499816894531,40.30500030517578,40.29499816894531,40.30500030517578,1067,0.0,0.0
2024-09-12 12:19:00-04:00,40.30500030517578,40.310001373291016,40.29999923706055,40.310001373291016,3325,0.0,0.0
2024-09-12 12:20:00-04:00,40.319000244140625,40.319000244140625,40.314998626708984,40.314998626708984,943,0.0,0.0
2024-09-12 12:21:00-04:00,40.31999969482422,40.31999969482422,40.31999969482422,40.31999969482422,1377,0.0,0.0
2024-09-12 12:22:00-04:00,40.33000183105469,40.33000183105469,40.32500076293945,40.32500076293945,2680,0.0,0.0
2024-09-12 12:23:00-04:00,40.31999969482422,40.31999969482422,40.314998626708984,40.31999969482422,1539,0.0,0.0
2024-09-12 12:24:00-04:00,40.320098876953125,40.320098876953125,40.31480026245117,40.31999969482422,1238,0.0,0.0
2024-09-12 12:25:00-04:00,40.31999969482422,40.33000183105469,40.31999969482422,40.33000183105469,3567,0.0,0.0
2024-09-12 12:26:00-04:00,40.31999969482422,40.32500076293945,40.314998626708984,40.32500076293945,1784,0.0,0.0
2024-09-12 12:27:00-04:00,40.31999969482422,40.32500076293945,40.31999969482422,40.31999969482422,824,0.0,0.0
2024-09-12 12:28:00-04:00,40.33000183105469,40.33000183105469,40.33000183105469,40.33000183105469,225,0.0,0.0
2024-09-12 12:29:00-04:00,40.33000183105469,40.33000183105469,40.31999969482422,40.32490158081055,1348,0.0,0.0
2024-09-12 12:30:00-04:00,40.33000183105469,40.33000183105469,40.32099914550781,40.32099914550781,232,0.0,0.0
2024-09-12 12:31:00-04:00,40.326698303222656,40.326698303222656,40.31999969482422,40.31999969482422,1540,0.0,0.0
2024-09-12 12:32:00-04:00,40.31999969482422,40.329200744628906,40.31999969482422,40.329200744628906,2117,0.0,0.0
2024-09-12 12:33:00-04:00,40.31999969482422,40.32500076293945,40.310001373291016,40.32500076293945,5384,0.0,0.0
2024-09-12 12:34:00-04:00,40.33000183105469,40.33000183105469,40.33000183105469,40.33000183105469,589,0.0,0.0
2024-09-12 12:35:00-04:00,40.32500076293945,40.32500076293945,40.32170104980469,40.32170104980469,1034,0.0,0.0
2024-09-12 12:37:00-04:00,40.32500076293945,40.32500076293945,40.31999969482422,40.31999969482422,2359,0.0,0.0
2024-09-12 12:38:00-04:00,40.32490158081055,40.32500076293945,40.31999969482422,40.31999969482422,1469,0.0,0.0
2024-09-12 12:39:00-04:00,40.31999969482422,40.31999969482422,40.310001373291016,40.310001373291016,4488,0.0,0.0
2024-09-12 12:40:00-04:00,40.310001373291016,40.310001373291016,40.29999923706055,40.30500030517578,1640,0.0,0.0
2024-09-12 12:41:00-04:00,40.310001373291016,40.31489944458008,40.310001373291016,40.31010055541992,827,0.0,0.0
2024-09-12 12:42:00-04:00,40.310001373291016,40.310001373291016,40.30030059814453,40.30030059814453,1009,0.0,0.0
2024-09-12 12:43:00-04:00,40.310001373291016,40.314998626708984,40.310001373291016,40.310001373291016,4681,0.0,0.0
2024-09-12 12:44:00-04:00,40.314998626708984,40.314998626708984,40.314998626708984,40.314998626708984,384,0.0,0.0
2024-09-12 12:45:00-04:00,40.314998626708984,40.32500076293945,40.310001373291016,40.32500076293945,7014,0.0,0.0
2024-09-12 12:46:00-04:00,40.31999969482422,40.33000183105469,40.31999969482422,40.33000183105469,2448,0.0,0.0
2024-09-12 12:47:00-04:00,40.33000183105469,40.33000183105469,40.310001373291016,40.310001373291016,12206,0.0,0.0
2024-09-12 12:48:00-04:00,40.314998626708984,40.314998626708984,40.310001373291016,40.310001373291016,2098,0.0,0.0
2024-09-12 12:49:00-04:00,40.29999923706055,40.310001373291016,40.29499816894531,40.310001373291016,9410,0.0,0.0
2024-09-12 12:50:00-04:00,40.310001373291016,40.31999969482422,40.310001373291016,40.31999969482422,1876,0.0,0.0
2024-09-12 12:51:00-04:00,40.31999969482422,40.31999969482422,40.310001373291016,40.314998626708984,1766,0.0,0.0
2024-09-12 12:52:00-04:00,40.33000183105469,40.33000183105469,40.33000183105469,40.33000183105469,1546,0.0,0.0
2024-09-12 12:53:00-04:00,40.31999969482422,40.329898834228516,40.31999969482422,40.325599670410156,841,0.0,0.0
2024-09-12 12:54:00-04:00,40.31999969482422,40.32500076293945,40.31999969482422,40.32500076293945,874,0.0,0.0
2024-09-12 12:55:00-04:00,40.349998474121094,40.349998474121094,40.34000015258789,40.34000015258789,392,0.0,0.0
2024-09-12 12:56:00-04:00,40.34000015258789,40.34000015258789,40.32500076293945,40.32500076293945,3526,0.0,0.0
2024-09-12 12:57:00-04:00,40.33000183105469,40.345001220703125,40.31999969482422,40.31999969482422,22006,0.0,0.0
2024-09-12 12:58:00-04:00,40.32500076293945,40.349998474121094,40.32500076293945,40.349998474121094,14459,0.0,0.0
2024-09-12 12:59:00-04:00,40.34989929199219,40.349998474121094,40.345001220703125,40.345001220703125,1250,0.0,0.0
2024-09-12 13:00:00-04:00,40.349998474121094,40.356998443603516,40.34400177001953,40.349998474121094,3047,0.0,0.0
2024-09-12 13:01:00-04:00,40.352699279785156,40.35499954223633,40.349998474121094,40.35499954223633,5720,0.0,0.0
2024-09-12 13:02:00-04:00,40.349998474121094,40.35499954223633,40.349998474121094,40.350101470947266,4008,0.0,0.0
2024-09-12 13:03:00-04:00,40.36000061035156,40.36000061035156,40.349998474121094,40.349998474121094,2560,0.0,0.0
2024-09-12 13:04:00-04:00,40.349998474121094,40.36000061035156,40.349998474121094,40.36000061035156,1612,0.0,0.0
2024-09-12 13:05:00-04:00,40.36000061035156,40.369998931884766,40.350101470947266,40.350101470947266,8263,0.0,0.0
2024-09-12 13:06:00-04:00,40.36000061035156,40.36149978637695,40.35499954223633,40.35499954223633,4305,0.0,0.0
2024-09-12 13:07:00-04:00,40.36000061035156,40.3650016784668,40.35499954223633,40.36199951171875,2120,0.0,0.0
2024-09-12 13:08:00-04:00,40.369998931884766,40.369998931884766,40.3650016784668,40.369998931884766,3687,0.0,0.0
2024-09-12 13:09:00-04:00,40.3650016784668,40.369998931884766,40.36000061035156,40.36119842529297,24775,0.0,0.0
2024-09-12 13:10:00-04:00,40.369998931884766,40.380001068115234,40.369998931884766,40.369998931884766,5935,0.0,0.0
2024-09-12 13:11:00-04:00,40.369998931884766,40.369998931884766,40.34560012817383,40.35499954223633,4589,0.0,0.0
2024-09-12 13:12:00-04:00,40.345001220703125,40.349998474121094,40.345001220703125,40.349998474121094,4067,0.0,0.0
2024-09-12 13:13:00-04:00,40.349998474121094,40.349998474121094,40.345001220703125,40.345001220703125,1265,0.0,0.0
2024-09-12 13:14:00-04:00,40.3406982421875,40.349998474121094,40.340599060058594,40.349998474121094,3171,0.0,0.0
2024-09-12 13:15:00-04:00,40.349998474121094,40.3650016784668,40.349998474121094,40.3650016784668,6416,0.0,0.0
2024-09-12 13:16:00-04:00,40.3650016784668,40.369998931884766,40.3650016784668,40.369998931884766,3529,0.0,0.0
2024-09-12 13:17:00-04:00,40.36989974975586,40.369998931884766,40.36989974975586,40.369998931884766,463,0.0,0.0
2024-09-12 13:18:00-04:00,40.3650016784668,40.3651008605957,40.36000061035156,40.36000061035156,2309,0.0,0.0
2024-09-12 13:19:00-04:00,40.3650016784668,40.36600112915039,40.36000061035156,40.36000061035156,1728,0.0,0.0
2024-09-12 13:20:00-04:00,40.36000061035156,40.36000061035156,40.36000061035156,40.36000061035156,835,0.0,0.0
2024-09-12 13:21:00-04:00,40.35459899902344,40.35499954223633,40.349998474121094,40.35110092163086,1987,0.0,0.0
2024-09-12 13:22:00-04:00,40.35749816894531,40.35749816894531,40.35499954223633,40.35499954223633,2104,0.0,0.0
2024-09-12 13:23:00-04:00,40.35499954223633,40.35499954223633,40.34000015258789,40.34000015258789,4017,0.0,0.0
2024-09-12 13:24:00-04:00,40.345001220703125,40.349998474121094,40.345001220703125,40.349998474121094,2652,0.0,0.0
2024-09-12 13:25:00-04:00,40.36000061035156,40.3650016784668,40.36000061035156,40.36000061035156,2911,0.0,0.0
2024-09-12 13:26:00-04:00,40.369998931884766,40.37779998779297,40.369998931884766,40.375,2133,0.0,0.0
2024-09-12 13:27:00-04:00,40.369998931884766,40.375,40.36000061035156,40.36000061035156,8616,0.0,0.0
2024-09-12 13:28:00-04:00,40.36000061035156,40.3650016784668,40.36000061035156,40.3650016784668,592,0.0,0.0
2024-09-12 13:29:00-04:00,40.36000061035156,40.36000061035156,40.35499954223633,40.3557014465332,1180,0.0,0.0
2024-09-12 13:30:00-04:00,40.35499954223633,40.35499954223633,40.349998474121094,40.35499954223633,1253,0.0,0.0
2024-09-12 13:31:00-04:00,40.349998474121094,40.36000061035156,40.349998474121094,40.35499954223633,868,0.0,0.0
2024-09-12 13:32:00-04:00,40.35449981689453,40.35449981689453,40.349998474121094,40.349998474121094,2050,0.0,0.0
2024-09-12 13:33:00-04:00,40.35499954223633,40.35499954223633,40.349998474121094,40.349998474121094,453,0.0,0.0
2024-09-12 13:34:00-04:00,40.349998474121094,40.35499954223633,40.349998474121094,40.35499954223633,3590,0.0,0.0
2024-09-12 13:35:00-04:00,40.36000061035156,40.3656005859375,40.36000061035156,40.3656005859375,3370,0.0,0.0
2024-09-12 13:36:00-04:00,40.3650016784668,40.3650016784668,40.36000061035156,40.36000061035156,2400,0.0,0.0
2024-09-12 13:37:00-04:00,40.36000061035156,40.369998931884766,40.36000061035156,40.369998931884766,3057,0.0,0.0
2024-09-12 13:38:00-04:00,40.369998931884766,40.369998931884766,40.369998931884766,40.369998931884766,164,0.0,0.0
2024-09-12 13:39:00-04:00,40.3650016784668,40.369998931884766,40.364601135253906,40.369998931884766,1168,0.0,0.0
2024-09-12 13:40:00-04:00,40.369998931884766,40.369998931884766,40.36000061035156,40.369998931884766,4406,0.0,0.0
2024-09-12 13:41:00-04:00,40.369998931884766,40.369998931884766,40.369998931884766,40.369998931884766,2811,0.0,0.0
2024-09-12 13:42:00-04:00,40.36000061035156,40.369998931884766,40.36000061035156,40.369998931884766,455,0.0,0.0
2024-09-12 13:43:00-04:00,40.3656005859375,40.36920166015625,40.36000061035156,40.36920166015625,2879,0.0,0.0
2024-09-12 13:44:00-04:00,40.36000061035156,40.36800003051758,40.36000061035156,40.36000061035156,3634,0.0,0.0
2024-09-12 13:45:00-04:00,40.36009979248047,40.369998931884766,40.36009979248047,40.369998931884766,5029,0.0,0.0
2024-09-12 13:46:00-04:00,40.369998931884766,40.38999938964844,40.36000061035156,40.3849983215332,15314,0.0,0.0
2024-09-12 13:47:00-04:00,40.37699890136719,40.37699890136719,40.369998931884766,40.369998931884766,3502,0.0,0.0
2024-09-12 13:48:00-04:00,40.36000061035156,40.36000061035156,40.349998474121094,40.36000061035156,3682,0.0,0.0
2024-09-12 13:49:00-04:00,40.35499954223633,40.35499954223633,40.35499954223633,40.35499954223633,322,0.0,0.0
2024-09-12 13:51:00-04:00,40.35499954223633,40.36000061035156,40.349998474121094,40.36000061035156,3415,0.0,0.0
2024-09-12 13:52:00-04:00,40.3650016784668,40.37990188598633,40.3650016784668,40.377498626708984,1977,0.0,0.0
2024-09-12 13:53:00-04:00,40.375,40.37990188598633,40.36000061035156,40.369998931884766,10873,0.0,0.0
2024-09-12 13:54:00-04:00,40.369998931884766,40.375,40.369998931884766,40.37310028076172,3928,0.0,0.0
2024-09-12 13:55:00-04:00,40.369998931884766,40.375,40.369998931884766,40.375,594,0.0,0.0
2024-09-12 13:56:00-04:00,40.375,40.375,40.369998931884766,40.369998931884766,10517,0.0,0.0
2024-09-12 13:57:00-04:00,40.369998931884766,40.369998931884766,40.3650016784668,40.3656005859375,757,0.0,0.0
2024-09-12 13:58:00-04:00,40.3650016784668,40.3650016784668,40.36000061035156,40.3650016784668,863,0.0,0.0
2024-09-12 13:59:00-04:00,40.36000061035156,40.36000061035156,40.35499954223633,40.36000061035156,1082,0.0,0.0
2024-09-12 14:00:00-04:00,40.35499954223633,40.35499954223633,40.349998474121094,40.349998474121094,1095,0.0,0.0
2024-09-12 14:01:00-04:00,40.349998474121094,40.349998474121094,40.34600067138672,40.349998474121094,2368,0.0,0.0
2024-09-12 14:02:00-04:00,40.35499954223633,40.35499954223633,40.345001220703125,40.35499954223633,4808,0.0,0.0
2024-09-12 14:03:00-04:00,40.349998474121094,40.349998474121094,40.349998474121094,40.349998474121094,1579,0.0,0.0
2024-09-12 14:04:00-04:00,40.349998474121094,40.35499954223633,40.349998474121094,40.349998474121094,2288,0.0,0.0
2024-09-12 14:05:00-04:00,40.349998474121094,40.349998474121094,40.345001220703125,40.345001220703125,1130,0.0,0.0
2024-09-12 14:06:00-04:00,40.34000015258789,40.34000015258789,40.334999084472656,40.334999084472656,1666,0.0,0.0
2024-09-12 14:07:00-04:00,40.333499908447266,40.333499908447266,40.33000183105469,40.33000183105469,1854,0.0,0.0
2024-09-12 14:08:00-04:00,40.33000183105469,40.33000183105469,40.31999969482422,40.32500076293945,2484,0.0,0.0
2024-09-12 14:09:00-04:00,40.32500076293945,40.32500076293945,40.314998626708984,40.32500076293945,8412,0.0,0.0
2024-09-12 14:10:00-04:00,40.32500076293945,40.334999084472656,40.32500076293945,40.334999084472656,1574,0.0,0.0
2024-09-12 14:11:00-04:00,40.330101013183594,40.334999084472656,40.33000183105469,40.33409881591797,1540,0.0,0.0
2024-09-12 14:12:00-04:00,40.33599853515625,40.33649826049805,40.33599853515625,40.33649826049805,294,0.0,0.0
2024-09-12 14:13:00-04:00,40.334999084472656,40.34000015258789,40.33430099487305,40.34000015258789,3772,0.0,0.0
2024-09-12 14:14:00-04:00,40.3400993347168,40.3400993347168,40.34000015258789,40.34000015258789,682,0.0,0.0
2024-09-12 14:15:00-04:00,40.34000015258789,40.3557014465332,40.34000015258789,40.349998474121094,6078,0.0,0.0
2024-09-12 14:16:00-04:00,40.357601165771484,40.357601165771484,40.357601165771484,40.357601165771484,7835,0.0,0.0
2024-09-12 14:17:00-04:00,40.36000061035156,40.39469909667969,40.35499954223633,40.38999938964844,27537,0.0,0.0
2024-09-12 14:18:00-04:00,40.3849983215332,40.3849983215332,40.380001068115234,40.3849983215332,3138,0.0,0.0
2024-09-12 14:19:00-04:00,40.3849983215332,40.3849983215332,40.380001068115234,40.380001068115234,1336,0.0,0.0
2024-09-12 14:20:00-04:00,40.380001068115234,40.3849983215332,40.369998931884766,40.37990188598633,13539,0.0,0.0
2024-09-12 14:21:00-04:00,40.380001068115234,40.38999938964844,40.37459945678711,40.38999938964844,2807,0.0,0.0
2024-09-12 14:22:00-04:00,40.38999938964844,40.39500045776367,40.38999938964844,40.39500045776367,1027,0.0,0.0
2024-09-12 14:23:00-04:00,40.39500045776367,40.39500045776367,40.39500045776367,40.39500045776367,624,0.0,0.0
2024-09-12 14:24:00-04:00,40.38999938964844,40.39500045776367,40.38999938964844,40.39500045776367,5384,0.0,0.0
2024-09-12 14:25:00-04:00,40.39500045776367,40.415000915527344,40.38999938964844,40.41019821166992,2981,0.0,0.0
2024-09-12 14:26:00-04:00,40.41019821166992,40.415000915527344,40.40999984741211,40.415000915527344,1177,0.0,0.0
2024-09-12 14:27:00-04:00,40.415000915527344,40.415000915527344,40.415000915527344,40.415000915527344,232,0.0,0.0
2024-09-12 14:28:00-04:00,40.41999816894531,40.43000030517578,40.41999816894531,40.42499923706055,7696,0.0,0.0
2024-09-12 14:29:00-04:00,40.41999816894531,40.41999816894531,40.40999984741211,40.40999984741211,3289,0.0,0.0
2024-09-12 14:30:00-04:00,40.41999816894531,40.42499923706055,40.41999816894531,40.42499923706055,1843,0.0,0.0
2024-09-12 14:31:00-04:00,40.42499923706055,40.435001373291016,40.4109001159668,40.4109001159668,6524,0.0,0.0
2024-09-12 14:32:00-04:00,40.415000915527344,40.419700622558594,40.404998779296875,40.40999984741211,3210,0.0,0.0
2024-09-12 14:33:00-04:00,40.41339874267578,40.41339874267578,40.405601501464844,40.406700134277344,8370,0.0,0.0
2024-09-12 14:34:00-04:00,40.40999984741211,40.419898986816406,40.40999984741211,40.415000915527344,4906,0.0,0.0
2024-09-12 14:35:00-04:00,40.40999984741211,40.415000915527344,40.40999984741211,40.40999984741211,1754,0.0,0.0
2024-09-12 14:36:00-04:00,40.40999984741211,40.40999984741211,40.40999984741211,40.40999984741211,2262,0.0,0.0
2024-09-12 14:37:00-04:00,40.404998779296875,40.40999984741211,40.38999938964844,40.38999938964844,15868,0.0,0.0
2024-09-12 14:38:00-04:00,40.400001525878906,40.40999984741211,40.400001525878906,40.404998779296875,11659,0.0,0.0
2024-09-12 14:39:00-04:00,40.4099006652832,40.4099006652832,40.404998779296875,40.404998779296875,1088,0.0,0.0
2024-09-12 14:40:00-04:00,40.400001525878906,40.40999984741211,40.400001525878906,40.404998779296875,767,0.0,0.0
2024-09-12 14:41:00-04:00,40.40340042114258,40.40340042114258,40.40340042114258,40.40340042114258,640,0.0,0.0
2024-09-12 14:42:00-04:00,40.400001525878906,40.40999984741211,40.400001525878906,40.400001525878906,12510,0.0,0.0
2024-09-12 14:43:00-04:00,40.40999984741211,40.40999984741211,40.404998779296875,40.40999984741211,4079,0.0,0.0
2024-09-12 14:44:00-04:00,40.404998779296875,40.404998779296875,40.400001525878906,40.404998779296875,3959,0.0,0.0
2024-09-12 14:45:00-04:00,40.404998779296875,40.404998779296875,40.400001525878906,40.400001525878906,2151,0.0,0.0
2024-09-12 14:46:00-04:00,40.405601501464844,40.40639877319336,40.38999938964844,40.39500045776367,4578,0.0,0.0
2024-09-12 14:47:00-04:00,40.38999938964844,40.404998779296875,40.38999938964844,40.40129852294922,2283,0.0,0.0
2024-09-12 14:48:00-04:00,40.404998779296875,40.404998779296875,40.404300689697266,40.404300689697266,1222,0.0,0.0
2024-09-12 14:49:00-04:00,40.400001525878906,40.404998779296875,40.400001525878906,40.404998779296875,2215,0.0,0.0
2024-09-12 14:50:00-04:00,40.404998779296875,40.40999984741211,40.39500045776367,40.404998779296875,17345,0.0,0.0
2024-09-12 14:51:00-04:00,40.39500045776367,40.39500045776367,40.369998931884766,40.375,4760,0.0,0.0
2024-09-12 14:52:00-04:00,40.37879943847656,40.37879943847656,40.36000061035156,40.369998931884766,3513,0.0,0.0
2024-09-12 14:53:00-04:00,40.36000061035156,40.3650016784668,40.35499954223633,40.357398986816406,5943,0.0,0.0
2024-09-12 14:54:00-04:00,40.355499267578125,40.380001068115234,40.355499267578125,40.380001068115234,10105,0.0,0.0
2024-09-12 14:55:00-04:00,40.380001068115234,40.38999938964844,40.380001068115234,40.38999938964844,1541,0.0,0.0
2024-09-12 14:56:00-04:00,40.38999938964844,40.39500045776367,40.380001068115234,40.38999938964844,5500,0.0,0.0
2024-09-12 14:57:00-04:00,40.38999938964844,40.38999938964844,40.3849983215332,40.38999938964844,6915,0.0,0.0
2024-09-12 14:58:00-04:00,40.380001068115234,40.38999938964844,40.380001068115234,40.38999938964844,1587,0.0,0.0
2024-09-12 14:59:00-04:00,40.38600158691406,40.400001525878906,40.38330078125,40.400001525878906,5966,0.0,0.0
2024-09-12 15:00:00-04:00,40.40999984741211,40.40999984741211,40.402000427246094,40.402000427246094,1146,0.0,0.0
2024-09-12 15:01:00-04:00,40.40999984741211,40.41999816894531,40.404998779296875,40.40999984741211,4114,0.0,0.0
2024-09-12 15:02:00-04:00,40.40999984741211,40.415000915527344,40.404998779296875,40.404998779296875,2624,0.0,0.0
2024-09-12 15:03:00-04:00,40.400001525878906,40.400001525878906,40.38999938964844,40.38999938964844,1928,0.0,0.0
2024-09-12 15:04:00-04:00,40.39799880981445,40.39799880981445,40.38999938964844,40.38999938964844,5360,0.0,0.0
2024-09-12 15:05:00-04:00,40.38999938964844,40.400001525878906,40.3849983215332,40.400001525878906,4568,0.0,0.0
2024-09-12 15:06:00-04:00,40.39500045776367,40.400001525878906,40.39500045776367,40.39500045776367,2254,0.0,0.0
2024-09-12 15:07:00-04:00,40.38999938964844,40.39500045776367,40.380001068115234,40.38560104370117,5227,0.0,0.0
2024-09-12 15:08:00-04:00,40.38999938964844,40.39500045776367,40.38999938964844,40.39500045776367,2147,0.0,0.0
2024-09-12 15:09:00-04:00,40.39500045776367,40.400001525878906,40.39179992675781,40.39500045776367,2765,0.0,0.0
2024-09-12 15:10:00-04:00,40.400001525878906,40.404998779296875,40.39500045776367,40.404998779296875,2828,0.0,0.0
2024-09-12 15:11:00-04:00,40.40999984741211,40.40999984741211,40.400001525878906,40.400001525878906,2087,0.0,0.0
2024-09-12 15:12:00-04:00,40.40999984741211,40.41999816894531,40.40999984741211,40.415000915527344,5347,0.0,0.0
2024-09-12 15:13:00-04:00,40.415000915527344,40.420101165771484,40.415000915527344,40.420101165771484,3104,0.0,0.0
2024-09-12 15:14:00-04:00,40.42499923706055,40.42499923706055,40.4203987121582,40.4203987121582,1243,0.0,0.0
2024-09-12 15:15:00-04:00,40.42499923706055,40.43000030517578,40.415000915527344,40.42499923706055,6769,0.0,0.0
2024-09-12 15:16:00-04:00,40.42499923706055,40.43000030517578,40.41999816894531,40.41999816894531,1832,0.0,0.0
2024-09-12 15:17:00-04:00,40.41999816894531,40.41999816894531,40.41999816894531,40.41999816894531,750,0.0,0.0
2024-09-12 15:18:00-04:00,40.419898986816406,40.42499923706055,40.40999984741211,40.41999816894531,1760,0.0,0.0
2024-09-12 15:19:00-04:00,40.41999816894531,40.42499923706055,40.41999816894531,40.42499923706055,3697,0.0,0.0
2024-09-12 15:20:00-04:00,40.42499923706055,40.42499923706055,40.42499923706055,40.42499923706055,626,0.0,0.0
2024-09-12 15:21:00-04:00,40.42216873168945,40.43000030517578,40.41999816894531,40.41999816894531,1559,0.0,0.0
2024-09-12 15:22:00-04:00,40.42499923706055,40.42499923706055,40.41999816894531,40.41999816894531,549,0.0,0.0
2024-09-12 15:23:00-04:00,40.42499923706055,40.43000030517578,40.42359924316406,40.43000030517578,905,0.0,0.0
2024-09-12 15:24:00-04:00,40.42499923706055,40.43989944458008,40.42499923706055,40.435001373291016,3134,0.0,0.0
2024-09-12 15:25:00-04:00,40.435001373291016,40.435001373291016,40.435001373291016,40.435001373291016,1370,0.0,0.0
2024-09-12 15:26:00-04:00,40.43009948730469,40.439998626708984,40.43000030517578,40.439998626708984,3662,0.0,0.0
2024-09-12 15:27:00-04:00,40.439998626708984,40.45500183105469,40.439998626708984,40.45500183105469,9055,0.0,0.0
2024-09-12 15:28:00-04:00,40.45000076293945,40.45000076293945,40.44499969482422,40.44499969482422,3256,0.0,0.0
2024-09-12 15:29:00-04:00,40.45000076293945,40.45500183105469,40.45000076293945,40.45000076293945,2350,0.0,0.0
2024-09-12 15:30:00-04:00,40.44499969482422,40.45500183105469,40.44499969482422,40.45500183105469,2926,0.0,0.0
2024-09-12 15:31:00-04:00,40.45500183105469,40.45500183105469,40.45500183105469,40.45500183105469,1725,0.0,0.0
2024-09-12 15:32:00-04:00,40.45500183105469,40.45500183105469,40.44499969482422,40.44499969482422,8349,0.0,0.0
2024-09-12 15:33:00-04:00,40.44499969482422,40.45000076293945,40.43000030517578,40.43000030517578,23225,0.0,0.0
2024-09-12 15:34:00-04:00,40.41999816894531,40.41999816894531,40.41999816894531,40.41999816894531,5071,0.0,0.0
2024-09-12 15:35:00-04:00,40.43000030517578,40.439998626708984,40.43000030517578,40.439998626708984,6032,0.0,0.0
2024-09-12 15:36:00-04:00,40.439998626708984,40.44779968261719,40.43450164794922,40.44499969482422,4842,0.0,0.0
2024-09-12 15:37:00-04:00,40.440101623535156,40.45000076293945,40.440101623535156,40.44499969482422,4086,0.0,0.0
2024-09-12 15:38:00-04:00,40.44499969482422,40.45000076293945,40.44499969482422,40.45000076293945,2144,0.0,0.0
2024-09-12 15:39:00-04:00,40.45000076293945,40.45500183105469,40.45000076293945,40.45000076293945,13832,0.0,0.0
2024-09-12 15:40:00-04:00,40.45719909667969,40.459999084472656,40.45000076293945,40.459999084472656,4645,0.0,0.0
2024-09-12 15:41:00-04:00,40.45500183105469,40.459999084472656,40.452301025390625,40.452301025390625,3212,0.0,0.0
2024-09-12 15:42:00-04:00,40.45000076293945,40.456298828125,40.448001861572266,40.45000076293945,15849,0.0,0.0
2024-09-12 15:43:00-04:00,40.44499969482422,40.45000076293945,40.44499969482422,40.44499969482422,2555,0.0,0.0
2024-09-12 15:44:00-04:00,40.439998626708984,40.44499969482422,40.439998626708984,40.439998626708984,10634,0.0,0.0
2024-09-12 15:45:00-04:00,40.435001373291016,40.43989944458008,40.43000030517578,40.43989944458008,2378,0.0,0.0
2024-09-12 15:46:00-04:00,40.439998626708984,40.46500015258789,40.439998626708984,40.459999084472656,21167,0.0,0.0
2024-09-12 15:47:00-04:00,40.459999084472656,40.459999084472656,40.45009994506836,40.459999084472656,7294,0.0,0.0
2024-09-12 15:48:00-04:00,40.459999084472656,40.474998474121094,40.459999084472656,40.474998474121094,38190,0.0,0.0
2024-09-12 15:49:00-04:00,40.470001220703125,40.475799560546875,40.46500015258789,40.46500015258789,24536,0.0,0.0
2024-09-12 15:50:00-04:00,40.46500015258789,40.505001068115234,40.46500015258789,40.505001068115234,72135,0.0,0.0
2024-09-12 15:51:00-04:00,40.505001068115234,40.506900787353516,40.47999954223633,40.48500061035156,43212,0.0,0.0
2024-09-12 15:52:00-04:00,40.48500061035156,40.5,40.48500061035156,40.4900016784668,36217,0.0,0.0
2024-09-12 15:53:00-04:00,40.4900016784668,40.494998931884766,40.474998474121094,40.474998474121094,35550,0.0,0.0
2024-09-12 15:54:00-04:00,40.470001220703125,40.474998474121094,40.46500015258789,40.470001220703125,16460,0.0,0.0
2024-09-12 15:55:00-04:00,40.470001220703125,40.48500061035156,40.45000076293945,40.47999954223633,53016,0.0,0.0
2024-09-12 15:58:00-04:00,40.474998474121094,40.48500061035156,40.474998474121094,40.48500061035156,98308,0.0,0.0
2024-09-12 15:59:00-04:00,40.48500061035156,40.4900016784668,40.470001220703125,40.4900016784668,147591,0.0,0.0
2024-09-13 09:30:00-04:00,40.4900016784668,40.540000915527344,40.4900016784668,40.529998779296875,40815,0.0,0.0
2024-09-13 09:31:00-04:00,40.53499984741211,40.555599212646484,40.5099983215332,40.52000045776367,27514,0.0,0.0
2024-09-13 09:32:00-04:00,40.529998779296875,40.560001373291016,40.529998779296875,40.54059982299805,3716,0.0,0.0
2024-09-13 09:33:00-04:00,40.529998779296875,40.529998779296875,40.5,40.5,2788,0.0,0.0
2024-09-13 09:34:00-04:00,40.5099983215332,40.525001525878906,40.5099983215332,40.525001525878906,2433,0.0,0.0
2024-09-13 09:35:00-04:00,40.529998779296875,40.560001373291016,40.529998779296875,40.560001373291016,3283,0.0,0.0
2024-09-13 09:36:00-04:00,40.565799713134766,40.59000015258789,40.560001373291016,40.560001373291016,15130,0.0,0.0
2024-09-13 09:37:00-04:00,40.560001373291016,40.56999969482422,40.540000915527344,40.560001373291016,10762,0.0,0.0
2024-09-13 09:38:00-04:00,40.560001373291016,40.59000015258789,40.560001373291016,40.58000183105469,6254,0.0,0.0
2024-09-13 09:39:00-04:00,40.59000015258789,40.619998931884766,40.59000015258789,40.61000061035156,3630,0.0,0.0
2024-09-13 09:40:00-04:00,40.59000015258789,40.625,40.59000015258789,40.60499954223633,2024,0.0,0.0
2024-09-13 09:41:00-04:00,40.60499954223633,40.62990188598633,40.60499954223633,40.6150016784668,1505,0.0,0.0
2024-09-13 09:42:00-04:00,40.6150016784668,40.6150016784668,40.599998474121094,40.61000061035156,4141,0.0,0.0
2024-09-13 09:43:00-04:00,40.6150016784668,40.619998931884766,40.61000061035156,40.6150016784668,975,0.0,0.0
2024-09-13 09:44:00-04:00,40.619998931884766,40.625,40.6150016784668,40.625,1282,0.0,0.0
2024-09-13 09:45:00-04:00,40.630001068115234,40.650001525878906,40.630001068115234,40.650001525878906,2079,0.0,0.0
2024-09-13 09:46:00-04:00,40.650001525878906,40.67499923706055,40.650001525878906,40.670501708984375,6689,0.0,0.0
2024-09-13 09:47:00-04:00,40.679901123046875,40.685001373291016,40.650001525878906,40.65999984741211,4670,0.0,0.0
2024-09-13 09:48:00-04:00,40.64500045776367,40.64500045776367,40.6349983215332,40.6349983215332,3066,0.0,0.0
2024-09-13 09:49:00-04:00,40.630001068115234,40.630001068115234,40.619998931884766,40.625,4524,0.0,0.0
2024-09-13 09:50:00-04:00,40.619998931884766,40.6349983215332,40.619998931884766,40.625,4340,0.0,0.0
2024-09-13 09:51:00-04:00,40.619998931884766,40.630001068115234,40.61000061035156,40.61000061035156,5872,0.0,0.0
2024-09-13 09:52:00-04:00,40.599998474121094,40.599998474121094,40.58000183105469,40.58000183105469,3571,0.0,0.0
2024-09-13 09:53:00-04:00,40.58000183105469,40.58000183105469,40.56999969482422,40.56999969482422,1282,0.0,0.0
2024-09-13 09:54:00-04:00,40.57500076293945,40.5802001953125,40.56999969482422,40.58000183105469,8178,0.0,0.0
2024-09-13 09:55:00-04:00,40.57500076293945,40.58000183105469,40.57500076293945,40.58000183105469,3008,0.0,0.0
2024-09-13 09:56:00-04:00,40.58000183105469,40.58000183105469,40.56999969482422,40.58000183105469,2261,0.0,0.0
2024-09-13 09:57:00-04:00,40.57500076293945,40.58000183105469,40.56999969482422,40.58000183105469,2269,0.0,0.0
2024-09-13 09:58:00-04:00,40.57500076293945,40.57500076293945,40.57500076293945,40.57500076293945,2777,0.0,0.0
2024-09-13 09:59:00-04:00,40.57500076293945,40.58000183105469,40.560001373291016,40.58000183105469,2516,0.0,0.0
2024-09-13 10:00:00-04:00,40.56999969482422,40.59000015258789,40.540000915527344,40.54999923706055,14310,0.0,0.0
2024-09-13 10:01:00-04:00,40.540000915527344,40.540000915527344,40.520999908447266,40.53499984741211,3476,0.0,0.0
2024-09-13 10:02:00-04:00,40.52000045776367,40.52000045776367,40.50199890136719,40.51499938964844,2293,0.0,0.0
2024-09-13 10:03:00-04:00,40.52000045776367,40.52000045776367,40.494998931884766,40.494998931884766,3748,0.0,0.0
2024-09-13 10:04:00-04:00,40.4900016784668,40.4900016784668,40.474998474121094,40.4900016784668,3073,0.0,0.0
2024-09-13 10:05:00-04:00,40.494998931884766,40.5,40.48500061035156,40.48500061035156,6164,0.0,0.0
2024-09-13 10:06:00-04:00,40.4900016784668,40.5099983215332,40.4900016784668,40.5,4519,0.0,0.0
2024-09-13 10:07:00-04:00,40.5099983215332,40.5099983215332,40.5,40.5099983215332,2568,0.0,0.0
2024-09-13 10:08:00-04:00,40.510101318359375,40.52000045776367,40.505001068115234,40.505001068115234,4860,0.0,0.0
2024-09-13 10:09:00-04:00,40.5099983215332,40.51499938964844,40.505001068115234,40.5099983215332,4552,0.0,0.0
2024-09-13 10:10:00-04:00,40.5099983215332,40.52000045776367,40.5099983215332,40.5099983215332,5215,0.0,0.0
2024-09-13 10:11:00-04:00,40.52000045776367,40.529998779296875,40.52000045776367,40.525001525878906,1119,0.0,0.0
2024-09-13 10:12:00-04:00,40.525001525878906,40.53499984741211,40.52000045776367,40.53499984741211,3379,0.0,0.0
2024-09-13 10:13:00-04:00,40.525001525878906,40.54999923706055,40.52000045776367,40.54999923706055,7142,0.0,0.0
2024-09-13 10:14:00-04:00,40.54499816894531,40.54499816894531,40.53499984741211,40.53499984741211,4045,0.0,0.0
2024-09-13 10:15:00-04:00,40.529998779296875,40.529998779296875,40.525001525878906,40.529998779296875,951,0.0,0.0
2024-09-13 10:16:00-04:00,40.529998779296875,40.540000915527344,40.52009963989258,40.53499984741211,2139,0.0,0.0
2024-09-13 10:17:00-04:00,40.53499984741211,40.540000915527344,40.529998779296875,40.540000915527344,4740,0.0,0.0
2024-09-13 10:18:00-04:00,40.54999923706055,40.55500030517578,40.54999923706055,40.55500030517578,908,0.0,0.0
2024-09-13 10:19:00-04:00,40.55500030517578,40.58000183105469,40.55500030517578,40.58000183105469,8510,0.0,0.0
2024-09-13 10:20:00-04:00,40.56999969482422,40.58000183105469,40.56999969482422,40.57500076293945,2021,0.0,0.0
2024-09-13 10:21:00-04:00,40.57500076293945,40.59000015258789,40.57099914550781,40.59000015258789,5652,0.0,0.0
2024-09-13 10:22:00-04:00,40.584999084472656,40.584999084472656,40.584999084472656,40.584999084472656,1122,0.0,0.0
2024-09-13 10:23:00-04:00,40.58000183105469,40.59000015258789,40.58000183105469,40.59000015258789,1372,0.0,0.0
2024-09-13 10:24:00-04:00,40.595001220703125,40.61000061035156,40.595001220703125,40.61000061035156,4781,0.0,0.0
2024-09-13 10:25:00-04:00,40.60403823852539,40.619998931884766,40.60403823852539,40.61000061035156,2775,0.0,0.0
2024-09-13 10:26:00-04:00,40.630001068115234,40.634700775146484,40.625,40.625,3774,0.0,0.0
2024-09-13 10:27:00-04:00,40.619998931884766,40.625,40.6150016784668,40.619998931884766,1709,0.0,0.0
2024-09-13 10:28:00-04:00,40.619998931884766,40.619998931884766,40.599998474121094,40.6150016784668,20908,0.0,0.0
2024-09-13 10:29:00-04:00,40.61000061035156,40.619998931884766,40.599998474121094,40.619998931884766,2808,0.0,0.0
2024-09-13 10:30:00-04:00,40.6150016784668,40.625,40.61000061035156,40.6150016784668,4148,0.0,0.0
2024-09-13 10:31:00-04:00,40.6150016784668,40.6150016784668,40.60499954223633,40.60499954223633,3550,0.0,0.0
2024-09-13 10:32:00-04:00,40.61000061035156,40.61000061035156,40.595001220703125,40.596500396728516,1413,0.0,0.0
2024-09-13 10:33:00-04:00,40.595001220703125,40.595001220703125,40.56999969482422,40.57500076293945,5018,0.0,0.0
2024-09-13 10:34:00-04:00,40.56999969482422,40.59000015258789,40.56999969482422,40.58000183105469,10429,0.0,0.0
2024-09-13 10:35:00-04:00,40.584999084472656,40.584999084472656,40.56119918823242,40.56999969482422,3687,0.0,0.0
2024-09-13 10:36:00-04:00,40.584999084472656,40.584999084472656,40.584999084472656,40.584999084472656,668,0.0,0.0
2024-09-13 10:37:00-04:00,40.59000015258789,40.59000015258789,40.57500076293945,40.57500076293945,2095,0.0,0.0
2024-09-13 10:38:00-04:00,40.58000183105469,40.595001220703125,40.58000183105469,40.584999084472656,6453,0.0,0.0
2024-09-13 10:39:00-04:00,40.59000015258789,40.599998474121094,40.59000015258789,40.599998474121094,2098,0.0,0.0
2024-09-13 10:40:00-04:00,40.599998474121094,40.61000061035156,40.599998474121094,40.61000061035156,1586,0.0,0.0
2024-09-13 10:41:00-04:00,40.599998474121094,40.599998474121094,40.58359909057617,40.59980010986328,2276,0.0,0.0
2024-09-13 10:42:00-04:00,40.59000015258789,40.61000061035156,40.59000015258789,40.60499954223633,2370,0.0,0.0
2024-09-13 10:43:00-04:00,40.60499954223633,40.619998931884766,40.599998474121094,40.619998931884766,3739,0.0,0.0
2024-09-13 10:44:00-04:00,40.645999908447266,40.645999908447266,40.63999938964844,40.64500045776367,5848,0.0,0.0
2024-09-13 10:45:00-04:00,40.63999938964844,40.63999938964844,40.630001068115234,40.63999938964844,2565,0.0,0.0
2024-09-13 10:46:00-04:00,40.630001068115234,40.6349983215332,40.6150016784668,40.6150016784668,2824,0.0,0.0
2024-09-13 10:47:00-04:00,40.61709976196289,40.619998931884766,40.6150016784668,40.6150016784668,597,0.0,0.0
2024-09-13 10:48:00-04:00,40.6150016784668,40.619998931884766,40.61000061035156,40.61000061035156,2442,0.0,0.0
2024-09-13 10:49:00-04:00,40.61000061035156,40.61000061035156,40.595001220703125,40.595001220703125,1448,0.0,0.0
2024-09-13 10:50:00-04:00,40.595001220703125,40.595001220703125,40.59000015258789,40.59000015258789,1987,0.0,0.0
2024-09-13 10:51:00-04:00,40.59000015258789,40.59000015258789,40.59000015258789,40.59000015258789,1710,0.0,0.0
2024-09-13 10:52:00-04:00,40.59000015258789,40.59000015258789,40.56999969482422,40.58000183105469,7046,0.0,0.0
2024-09-13 10:53:00-04:00,40.58000183105469,40.595001220703125,40.57500076293945,40.59000015258789,5318,0.0,0.0
2024-09-13 10:54:00-04:00,40.59000015258789,40.59000015258789,40.58140182495117,40.584999084472656,2251,0.0,0.0
2024-09-13 10:55:00-04:00,40.59000015258789,40.59000015258789,40.580101013183594,40.584999084472656,2866,0.0,0.0
2024-09-13 10:56:00-04:00,40.584999084472656,40.586700439453125,40.58000183105469,40.586700439453125,5971,0.0,0.0
2024-09-13 10:57:00-04:00,40.58000183105469,40.58000183105469,40.560001373291016,40.56999969482422,11861,0.0,0.0
2024-09-13 10:58:00-04:00,40.56999969482422,40.57500076293945,40.56129837036133,40.56129837036133,5910,0.0,0.0
2024-09-13 10:59:00-04:00,40.560001373291016,40.57500076293945,40.560001373291016,40.57500076293945,3233,0.0,0.0
2024-09-13 11:00:00-04:00,40.56999969482422,40.56999969482422,40.560001373291016,40.560001373291016,2325,0.0,0.0
2024-09-13 11:01:00-04:00,40.560001373291016,40.57500076293945,40.560001373291016,40.560001373291016,6701,0.0,0.0
2024-09-13 11:02:00-04:00,40.560001373291016,40.564998626708984,40.55500030517578,40.55500030517578,3496,0.0,0.0
2024-09-13 11:03:00-04:00,40.560001373291016,40.564998626708984,40.54999923706055,40.55500030517578,10633,0.0,0.0
2024-09-13 11:04:00-04:00,40.560001373291016,40.560001373291016,40.54499816894531,40.54499816894531,7900,0.0,0.0
2024-09-13 11:05:00-04:00,40.54999923706055,40.560001373291016,40.540000915527344,40.560001373291016,30323,0.0,0.0
2024-09-13 11:06:00-04:00,40.560001373291016,40.560001373291016,40.529998779296875,40.53200149536133,3261,0.0,0.0
2024-09-13 11:07:00-04:00,40.53499984741211,40.53499984741211,40.525001525878906,40.529998779296875,2379,0.0,0.0
2024-09-13 11:08:00-04:00,40.53499984741211,40.54499816894531,40.529998779296875,40.529998779296875,3252,0.0,0.0
2024-09-13 11:09:00-04:00,40.53499984741211,40.54999923706055,40.53499984741211,40.54999923706055,2588,0.0,0.0
2024-09-13 11:10:00-04:00,40.54999923706055,40.54999923706055,40.54499816894531,40.54499816894531,1261,0.0,0.0
2024-09-13 11:11:00-04:00,40.54999923706055,40.54999923706055,40.540000915527344,40.540000915527344,1764,0.0,0.0
2024-09-13 11:12:00-04:00,40.540000915527344,40.54999923706055,40.540000915527344,40.54999923706055,7462,0.0,0.0
2024-09-13 11:13:00-04:00,40.54999923706055,40.560001373291016,40.54999923706055,40.559898376464844,1741,0.0,0.0
2024-09-13 11:14:00-04:00,40.54999923706055,40.553001403808594,40.54499816894531,40.54999923706055,3720,0.0,0.0
2024-09-13 11:15:00-04:00,40.55500030517578,40.55500030517578,40.54999923706055,40.54999923706055,2663,0.0,0.0
2024-09-13 11:16:00-04:00,40.560001373291016,40.560001373291016,40.54999923706055,40.54999923706055,2586,0.0,0.0
2024-09-13 11:17:00-04:00,40.55009841918945,40.55500030517578,40.54999923706055,40.54999923706055,882,0.0,0.0
2024-09-13 11:18:00-04:00,40.54999923706055,40.55970001220703,40.54499816894531,40.54499816894531,6619,0.0,0.0
2024-09-13 11:19:00-04:00,40.55550003051758,40.55550003051758,40.54999923706055,40.55009841918945,4870,0.0,0.0
2024-09-13 11:20:00-04:00,40.54499816894531,40.54999923706055,40.54499816894531,40.54999923706055,1654,0.0,0.0
2024-09-13 11:21:00-04:00,40.55500030517578,40.564998626708984,40.55500030517578,40.564998626708984,1927,0.0,0.0
2024-09-13 11:22:00-04:00,40.56999969482422,40.58000183105469,40.560001373291016,40.58000183105469,2456,0.0,0.0
2024-09-13 11:23:00-04:00,40.59000015258789,40.59000015258789,40.58000183105469,40.58000183105469,1059,0.0,0.0
2024-09-13 11:24:00-04:00,40.58000183105469,40.58000183105469,40.58000183105469,40.58000183105469,1536,0.0,0.0
2024-09-13 11:25:00-04:00,40.584999084472656,40.59000015258789,40.58399963378906,40.58399963378906,1154,0.0,0.0
2024-09-13 11:26:00-04:00,40.58000183105469,40.584999084472656,40.58000183105469,40.584999084472656,4610,0.0,0.0
2024-09-13 11:27:00-04:00,40.581199645996094,40.58399963378906,40.57149887084961,40.58399963378906,4122,0.0,0.0
2024-09-13 11:28:00-04:00,40.581600189208984,40.589500427246094,40.560001373291016,40.58380126953125,23398,0.0,0.0
2024-09-13 11:29:00-04:00,40.58000183105469,40.584999084472656,40.570098876953125,40.570098876953125,2734,0.0,0.0
2024-09-13 11:30:00-04:00,40.57500076293945,40.58000183105469,40.56999969482422,40.58000183105469,6292,0.0,0.0
2024-09-13 11:31:00-04:00,40.56999969482422,40.56999969482422,40.55220031738281,40.56399917602539,10857,0.0,0.0
2024-09-13 11:32:00-04:00,40.564998626708984,40.56999969482422,40.564998626708984,40.56999969482422,3794,0.0,0.0
2024-09-13 11:33:00-04:00,40.56999969482422,40.57500076293945,40.56999969482422,40.56999969482422,4075,0.0,0.0
2024-09-13 11:34:00-04:00,40.564998626708984,40.564998626708984,40.560001373291016,40.560001373291016,627,0.0,0.0
2024-09-13 11:35:00-04:00,40.56399917602539,40.56399917602539,40.560001373291016,40.560001373291016,730,0.0,0.0
2024-09-13 11:36:00-04:00,40.560001373291016,40.56119918823242,40.560001373291016,40.56119918823242,438,0.0,0.0
2024-09-13 11:37:00-04:00,40.564998626708984,40.564998626708984,40.54999923706055,40.54999923706055,2304,0.0,0.0
2024-09-13 11:38:00-04:00,40.54999923706055,40.54999923706055,40.54499816894531,40.54499816894531,3175,0.0,0.0
2024-09-13 11:39:00-04:00,40.540000915527344,40.54999923706055,40.540000915527344,40.54999923706055,495,0.0,0.0
2024-09-13 11:40:00-04:00,40.54499816894531,40.55500030517578,40.54499816894531,40.55500030517578,1205,0.0,0.0
2024-09-13 11:41:00-04:00,40.564998626708984,40.56990051269531,40.564998626708984,40.564998626708984,1413,0.0,0.0
2024-09-13 11:42:00-04:00,40.560699462890625,40.56999969482422,40.560699462890625,40.56999969482422,3584,0.0,0.0
2024-09-13 11:43:00-04:00,40.574100494384766,40.57500076293945,40.570098876953125,40.570098876953125,1733,0.0,0.0
2024-09-13 11:45:00-04:00,40.57500076293945,40.57889938354492,40.57500076293945,40.57500076293945,447,0.0,0.0
2024-09-13 11:46:00-04:00,40.575199127197266,40.59000015258789,40.575199127197266,40.5807991027832,7225,0.0,0.0
2024-09-13 11:47:00-04:00,40.589900970458984,40.599998474121094,40.584999084472656,40.584999084472656,19883,0.0,0.0
2024-09-13 11:48:00-04:00,40.584999084472656,40.589900970458984,40.584999084472656,40.584999084472656,793,0.0,0.0
2024-09-13 11:49:00-04:00,40.58420181274414,40.584999084472656,40.581600189208984,40.581600189208984,2316,0.0,0.0
2024-09-13 11:50:00-04:00,40.58000183105469,40.584999084472656,40.58000183105469,40.584999084472656,11338,0.0,0.0
2024-09-13 11:51:00-04:00,40.59000015258789,40.595001220703125,40.59000015258789,40.595001220703125,2306,0.0,0.0
2024-09-13 11:52:00-04:00,40.597999572753906,40.597999572753906,40.584999084472656,40.584999084472656,2390,0.0,0.0
2024-09-13 11:53:00-04:00,40.584999084472656,40.59000015258789,40.58000183105469,40.58000183105469,993,0.0,0.0
2024-09-13 11:54:00-04:00,40.588623046875,40.589900970458984,40.581600189208984,40.581600189208984,16555,0.0,0.0
2024-09-13 11:55:00-04:00,40.59000015258789,40.595001220703125,40.59000015258789,40.59000015258789,10609,0.0,0.0
2024-09-13 11:56:00-04:00,40.595001220703125,40.59989929199219,40.58000183105469,40.584999084472656,13972,0.0,0.0
2024-09-13 11:57:00-04:00,40.59000015258789,40.59000015258789,40.584999084472656,40.59000015258789,1398,0.0,0.0
2024-09-13 11:58:00-04:00,40.59000015258789,40.59000015258789,40.59000015258789,40.59000015258789,815,0.0,0.0
2024-09-13 11:59:00-04:00,40.595001220703125,40.59989929199219,40.59000015258789,40.59000015258789,16424,0.0,0.0
2024-09-13 12:00:00-04:00,40.59000015258789,40.595001220703125,40.59000015258789,40.59000015258789,1767,0.0,0.0
2024-09-13 12:01:00-04:00,40.59000015258789,40.59230041503906,40.584999084472656,40.59230041503906,9918,0.0,0.0
2024-09-13 12:02:00-04:00,40.59000015258789,40.59000015258789,40.58000183105469,40.59000015258789,3360,0.0,0.0
2024-09-13 12:03:00-04:00,40.595001220703125,40.595001220703125,40.595001220703125,40.595001220703125,953,0.0,0.0
2024-09-13 12:04:00-04:00,40.595001220703125,40.595001220703125,40.59000015258789,40.595001220703125,758,0.0,0.0
2024-09-13 12:05:00-04:00,40.599998474121094,40.599998474121094,40.599998474121094,40.599998474121094,1216,0.0,0.0
2024-09-13 12:06:00-04:00,40.60499954223633,40.60599899291992,40.595001220703125,40.599998474121094,2490,0.0,0.0
2024-09-13 12:07:00-04:00,40.59120178222656,40.619998931884766,40.59120178222656,40.619998931884766,4190,0.0,0.0
2024-09-13 12:08:00-04:00,40.619998931884766,40.619998931884766,40.61000061035156,40.619998931884766,8792,0.0,0.0
2024-09-13 12:09:00-04:00,40.61000061035156,40.619998931884766,40.61000061035156,40.619998931884766,901,0.0,0.0
2024-09-13 12:10:00-04:00,40.619998931884766,40.619998931884766,40.61000061035156,40.61000061035156,4358,0.0,0.0
2024-09-13 12:11:00-04:00,40.61000061035156,40.610599517822266,40.61000061035156,40.61000061035156,1123,0.0,0.0
2024-09-13 12:12:00-04:00,40.610801696777344,40.610801696777344,40.610801696777344,40.610801696777344,1688,0.0,0.0
2024-09-13 12:13:00-04:00,40.6150016784668,40.619998931884766,40.61399841308594,40.61399841308594,1466,0.0,0.0
2024-09-13 12:14:00-04:00,40.6150016784668,40.6150016784668,40.61000061035156,40.61000061035156,2794,0.0,0.0
2024-09-13 12:15:00-04:00,40.619998931884766,40.62009811401367,40.619998931884766,40.619998931884766,5457,0.0,0.0
2024-09-13 12:16:00-04:00,40.6150016784668,40.6150016784668,40.6150016784668,40.6150016784668,1285,0.0,0.0
2024-09-13 12:17:00-04:00,40.6150016784668,40.619998931884766,40.6150016784668,40.619998931884766,3346,0.0,0.0
2024-09-13 12:18:00-04:00,40.630001068115234,40.6349983215332,40.630001068115234,40.630001068115234,3987,0.0,0.0
2024-09-13 12:19:00-04:00,40.63100051879883,40.63130187988281,40.63100051879883,40.63119888305664,552,0.0,0.0
2024-09-13 12:20:00-04:00,40.63010025024414,40.63010025024414,40.625,40.625,4404,0.0,0.0
2024-09-13 12:21:00-04:00,40.625,40.625,40.61149978637695,40.61149978637695,2454,0.0,0.0
2024-09-13 12:22:00-04:00,40.61989974975586,40.619998931884766,40.6150016784668,40.619998931884766,1262,0.0,0.0
2024-09-13 12:23:00-04:00,40.619998931884766,40.619998931884766,40.61000061035156,40.61199951171875,674,0.0,0.0
2024-09-13 12:24:00-04:00,40.61000061035156,40.61000061035156,40.599998474121094,40.599998474121094,1458,0.0,0.0
2024-09-13 12:25:00-04:00,40.595001220703125,40.599998474121094,40.59400177001953,40.598899841308594,1901,0.0,0.0
2024-09-13 12:26:00-04:00,40.595001220703125,40.595001220703125,40.595001220703125,40.595001220703125,534,0.0,0.0
2024-09-13 12:27:00-04:00,40.5900993347168,40.599998474121094,40.59000015258789,40.595001220703125,1592,0.0,0.0
2024-09-13 12:28:00-04:00,40.595001220703125,40.595001220703125,40.58000183105469,40.584999084472656,53673,0.0,0.0
2024-09-13 12:29:00-04:00,40.584999084472656,40.584999084472656,40.58000183105469,40.58000183105469,1213,0.0,0.0
2024-09-13 12:30:00-04:00,40.57109832763672,40.57109832763672,40.564998626708984,40.564998626708984,1892,0.0,0.0
2024-09-13 12:31:00-04:00,40.560001373291016,40.560001373291016,40.54010009765625,40.54010009765625,9059,0.0,0.0
2024-09-13 12:32:00-04:00,40.540000915527344,40.54499816894531,40.540000915527344,40.540000915527344,2389,0.0,0.0
2024-09-13 12:33:00-04:00,40.540000915527344,40.54499816894531,40.53499984741211,40.54499816894531,7951,0.0,0.0
2024-09-13 12:34:00-04:00,40.5348014831543,40.54499816894531,40.5348014831543,40.54399871826172,1894,0.0,0.0
2024-09-13 12:35:00-04:00,40.54280090332031,40.560001373291016,40.54280090332031,40.560001373291016,9878,0.0,0.0
2024-09-13 12:36:00-04:00,40.560001373291016,40.56399917602539,40.560001373291016,40.560001373291016,1674,0.0,0.0
2024-09-13 12:37:00-04:00,40.560001373291016,40.564998626708984,40.560001373291016,40.560001373291016,850,0.0,0.0
2024-09-13 12:38:00-04:00,40.560001373291016,40.56639862060547,40.554100036621094,40.55500030517578,3184,0.0,0.0
2024-09-13 12:39:00-04:00,40.55500030517578,40.559898376464844,40.54999923706055,40.55500030517578,4258,0.0,0.0
2024-09-13 12:40:00-04:00,40.55500030517578,40.558998107910156,40.55500030517578,40.55500030517578,1355,0.0,0.0
2024-09-13 12:41:00-04:00,40.560001373291016,40.564998626708984,40.560001373291016,40.564998626708984,4270,0.0,0.0
2024-09-13 12:42:00-04:00,40.564998626708984,40.56520080566406,40.564998626708984,40.56520080566406,606,0.0,0.0
2024-09-13 12:43:00-04:00,40.564998626708984,40.56800079345703,40.560001373291016,40.564998626708984,12816,0.0,0.0
2024-09-13 12:44:00-04:00,40.56999969482422,40.585201263427734,40.56999969482422,40.58000183105469,4480,0.0,0.0
2024-09-13 12:45:00-04:00,40.57400131225586,40.58000183105469,40.57400131225586,40.58000183105469,973,0.0,0.0
2024-09-13 12:46:00-04:00,40.57979965209961,40.579898834228516,40.574100494384766,40.57500076293945,5402,0.0,0.0
2024-09-13 12:47:00-04:00,40.57500076293945,40.58000183105469,40.57500076293945,40.57979965209961,733,0.0,0.0
2024-09-13 12:48:00-04:00,40.57500076293945,40.575199127197266,40.56999969482422,40.57500076293945,6854,0.0,0.0
2024-09-13 12:49:00-04:00,40.57500076293945,40.58000183105469,40.571998596191406,40.57500076293945,768,0.0,0.0
2024-09-13 12:50:00-04:00,40.56999969482422,40.57500076293945,40.56999969482422,40.573299407958984,2491,0.0,0.0
2024-09-13 12:51:00-04:00,40.57740020751953,40.58000183105469,40.57500076293945,40.58000183105469,3241,0.0,0.0
2024-09-13 12:52:00-04:00,40.58000183105469,40.584999084472656,40.58000183105469,40.584999084472656,985,0.0,0.0
2024-09-13 12:53:00-04:00,40.58100128173828,40.59000015258789,40.58100128173828,40.59000015258789,2160,0.0,0.0
2024-09-13 12:54:00-04:00,40.58219909667969,40.59000015258789,40.58219909667969,40.59000015258789,1599,0.0,0.0
2024-09-13 12:55:00-04:00,40.585201263427734,40.59000015258789,40.584999084472656,40.584999084472656,824,0.0,0.0
2024-09-13 12:56:00-04:00,40.584999084472656,40.584999084472656,40.581199645996094,40.581199645996094,969,0.0,0.0
2024-09-13 12:58:00-04:00,40.59000015258789,40.59000015258789,40.584999084472656,40.584999084472656,2719,0.0,0.0
2024-09-13 12:59:00-04:00,40.584999084472656,40.595001220703125,40.584999084472656,40.59000015258789,16777,0.0,0.0
2024-09-13 13:00:00-04:00,40.584999084472656,40.584999084472656,40.580299377441406,40.58300018310547,2434,0.0,0.0
2024-09-13 13:01:00-04:00,40.584999084472656,40.59000015258789,40.584999084472656,40.59000015258789,12739,0.0,0.0
2024-09-13 13:02:00-04:00,40.58169937133789,40.59000015258789,40.58169937133789,40.584999084472656,922,0.0,0.0
2024-09-13 13:03:00-04:00,40.584999084472656,40.584999084472656,40.58000183105469,40.584999084472656,935,0.0,0.0
2024-09-13 13:04:00-04:00,40.58530044555664,40.58530044555664,40.58530044555664,40.58530044555664,331,0.0,0.0
2024-09-13 13:05:00-04:00,40.58000183105469,40.584999084472656,40.57500076293945,40.58000183105469,2699,0.0,0.0
2024-09-13 13:06:00-04:00,40.57500076293945,40.58259963989258,40.57500076293945,40.58000183105469,2706,0.0,0.0
2024-09-13 13:07:00-04:00,40.58000183105469,40.58000183105469,40.56999969482422,40.56999969482422,6605,0.0,0.0
2024-09-13 13:08:00-04:00,40.56999969482422,40.56999969482422,40.564998626708984,40.564998626708984,2229,0.0,0.0
2024-09-13 13:09:00-04:00,40.56999969482422,40.56999969482422,40.56209945678711,40.56999969482422,3314,0.0,0.0
2024-09-13 13:10:00-04:00,40.56999969482422,40.56999969482422,40.56999969482422,40.56999969482422,1551,0.0,0.0
2024-09-13 13:11:00-04:00,40.56999969482422,40.57500076293945,40.56999969482422,40.57500076293945,730,0.0,0.0
2024-09-13 13:12:00-04:00,40.57500076293945,40.57500076293945,40.57500076293945,40.57500076293945,1329,0.0,0.0
2024-09-13 13:13:00-04:00,40.56999969482422,40.57500076293945,40.56999969482422,40.56999969482422,811,0.0,0.0
2024-09-13 13:14:00-04:00,40.57170104980469,40.57500076293945,40.57170104980469,40.57500076293945,826,0.0,0.0
2024-09-13 13:15:00-04:00,40.56999969482422,40.56999969482422,40.560001373291016,40.564998626708984,1641,0.0,0.0
2024-09-13 13:16:00-04:00,40.56999969482422,40.57500076293945,40.560001373291016,40.57500076293945,4285,0.0,0.0
2024-09-13 13:17:00-04:00,40.57500076293945,40.57889938354492,40.56999969482422,40.57889938354492,4326,0.0,0.0
2024-09-13 13:18:00-04:00,40.572200775146484,40.58000183105469,40.572200775146484,40.57500076293945,1238,0.0,0.0
2024-09-13 13:19:00-04:00,40.56999969482422,40.56999969482422,40.56999969482422,40.56999969482422,226,0.0,0.0
2024-09-13 13:20:00-04:00,40.58000183105469,40.58000183105469,40.57400131225586,40.57400131225586,222,0.0,0.0
2024-09-13 13:21:00-04:00,40.58000183105469,40.58000183105469,40.57500076293945,40.57500076293945,430,0.0,0.0
2024-09-13 13:22:00-04:00,40.56999969482422,40.57500076293945,40.56999969482422,40.57500076293945,504,0.0,0.0
2024-09-13 13:23:00-04:00,40.56999969482422,40.57500076293945,40.56999969482422,40.57500076293945,1932,0.0,0.0
2024-09-13 13:24:00-04:00,40.58000183105469,40.584999084472656,40.58000183105469,40.584999084472656,985,0.0,0.0
2024-09-13 13:25:00-04:00,40.584999084472656,40.584999084472656,40.584999084472656,40.584999084472656,1355,0.0,0.0
2024-09-13 13:26:00-04:00,40.59000015258789,40.59000015258789,40.580101013183594,40.580101013183594,1184,0.0,0.0
2024-09-13 13:27:00-04:00,40.584999084472656,40.584999084472656,40.58399963378906,40.584999084472656,3849,0.0,0.0
2024-09-13 13:28:00-04:00,40.584999084472656,40.59000015258789,40.584999084472656,40.59000015258789,636,0.0,0.0
2024-09-13 13:29:00-04:00,40.580101013183594,40.580101013183594,40.580101013183594,40.580101013183594,2113,0.0,0.0
2024-09-13 13:30:00-04:00,40.59000015258789,40.595001220703125,40.59000015258789,40.595001220703125,1612,0.0,0.0
2024-09-13 13:31:00-04:00,40.59159851074219,40.595001220703125,40.591400146484375,40.595001220703125,2189,0.0,0.0
2024-09-13 13:32:00-04:00,40.595001220703125,40.6150016784668,40.595001220703125,40.6150016784668,2192,0.0,0.0
2024-09-13 13:33:00-04:00,40.619998931884766,40.63999938964844,40.619998931884766,40.63999938964844,5838,0.0,0.0
2024-09-13 13:34:00-04:00,40.64500045776367,40.64500045776367,40.63999938964844,40.63999938964844,1981,0.0,0.0
2024-09-13 13:36:00-04:00,40.64500045776367,40.64540100097656,40.64400100708008,40.64400100708008,896,0.0,0.0
2024-09-13 13:37:00-04:00,40.650001525878906,40.654998779296875,40.650001525878906,40.650001525878906,5121,0.0,0.0
2024-09-13 13:38:00-04:00,40.64500045776367,40.650001525878906,40.63999938964844,40.650001525878906,2226,0.0,0.0
2024-09-13 13:39:00-04:00,40.65010070800781,40.65010070800781,40.65010070800781,40.65010070800781,1074,0.0,0.0
2024-09-13 13:40:00-04:00,40.654998779296875,40.65999984741211,40.650001525878906,40.65999984741211,2619,0.0,0.0
2024-09-13 13:41:00-04:00,40.665000915527344,40.665000915527344,40.65999984741211,40.65999984741211,1290,0.0,0.0
2024-09-13 13:43:00-04:00,40.66400146484375,40.665000915527344,40.630001068115234,40.64400100708008,19579,0.0,0.0
2024-09-13 13:44:00-04:00,40.650001525878906,40.650001525878906,40.63999938964844,40.63999938964844,2983,0.0,0.0
2024-09-13 13:45:00-04:00,40.63999938964844,40.63999938964844,40.630001068115234,40.63990020751953,2038,0.0,0.0
2024-09-13 13:46:00-04:00,40.63999938964844,40.63999938964844,40.630001068115234,40.630001068115234,4358,0.0,0.0
2024-09-13 13:47:00-04:00,40.63999938964844,40.650001525878906,40.63999938964844,40.650001525878906,3750,0.0,0.0
2024-09-13 13:48:00-04:00,40.650001525878906,40.650001525878906,40.64500045776367,40.650001525878906,1657,0.0,0.0
2024-09-13 13:49:00-04:00,40.652000427246094,40.654998779296875,40.652000427246094,40.652198791503906,663,0.0,0.0
2024-09-13 13:50:00-04:00,40.654998779296875,40.654998779296875,40.654598236083984,40.654598236083984,827,0.0,0.0
2024-09-13 13:51:00-04:00,40.654998779296875,40.654998779296875,40.654998779296875,40.654998779296875,470,0.0,0.0
2024-09-13 13:52:00-04:00,40.654998779296875,40.654998779296875,40.654998779296875,40.654998779296875,1452,0.0,0.0
2024-09-13 13:53:00-04:00,40.654998779296875,40.654998779296875,40.650001525878906,40.654998779296875,495,0.0,0.0
2024-09-13 13:54:00-04:00,40.650001525878906,40.654998779296875,40.64500045776367,40.654998779296875,7478,0.0,0.0
2024-09-13 13:55:00-04:00,40.650001525878906,40.6599006652832,40.650001525878906,40.654998779296875,1304,0.0,0.0
2024-09-13 13:57:00-04:00,40.65599822998047,40.65599822998047,40.6421012878418,40.650001525878906,7302,0.0,0.0
2024-09-13 13:58:00-04:00,40.650001525878906,40.654998779296875,40.650001525878906,40.654998779296875,2062,0.0,0.0
2024-09-13 13:59:00-04:00,40.654998779296875,40.65999984741211,40.654998779296875,40.65999984741211,8374,0.0,0.0
2024-09-13 14:00:00-04:00,40.660099029541016,40.665000915527344,40.6349983215332,40.6349983215332,9832,0.0,0.0
2024-09-13 14:01:00-04:00,40.63999938964844,40.63999938964844,40.6349983215332,40.63999938964844,3541,0.0,0.0
2024-09-13 14:02:00-04:00,40.63999938964844,40.64500045776367,40.63999938964844,40.64500045776367,1376,0.0,0.0
2024-09-13 14:03:00-04:00,40.650001525878906,40.650001525878906,40.650001525878906,40.650001525878906,2631,0.0,0.0
2024-09-13 14:04:00-04:00,40.650001525878906,40.650001525878906,40.64189910888672,40.650001525878906,1390,0.0,0.0
2024-09-13 14:05:00-04:00,40.650001525878906,40.65510177612305,40.63999938964844,40.65510177612305,5618,0.0,0.0
2024-09-13 14:06:00-04:00,40.654998779296875,40.67499923706055,40.654998779296875,40.67129898071289,3621,0.0,0.0
2024-09-13 14:07:00-04:00,40.66999816894531,40.68000030517578,40.665000915527344,40.67499923706055,7129,0.0,0.0
2024-09-13 14:08:00-04:00,40.67499923706055,40.69499969482422,40.67499923706055,40.69499969482422,5606,0.0,0.0
2024-09-13 14:09:00-04:00,40.69990158081055,40.69990158081055,40.689998626708984,40.69499969482422,792,0.0,0.0
2024-09-13 14:10:00-04:00,40.69499969482422,40.695098876953125,40.69499969482422,40.695098876953125,1603,0.0,0.0
2024-09-13 14:11:00-04:00,40.69499969482422,40.69499969482422,40.69499969482422,40.69499969482422,799,0.0,0.0
2024-09-13 14:12:00-04:00,40.69499969482422,40.70000076293945,40.689998626708984,40.689998626708984,2451,0.0,0.0
2024-09-13 14:14:00-04:00,40.689998626708984,40.69499969482422,40.689998626708984,40.69499969482422,2095,0.0,0.0
2024-09-13 14:15:00-04:00,40.69499969482422,40.70000076293945,40.69499969482422,40.69499969482422,3303,0.0,0.0
2024-09-13 14:16:00-04:00,40.69499969482422,40.70000076293945,40.694000244140625,40.69499969482422,5508,0.0,0.0
2024-09-13 14:17:00-04:00,40.69499969482422,40.69919967651367,40.689998626708984,40.69499969482422,6309,0.0,0.0
2024-09-13 14:18:00-04:00,40.69499969482422,40.70000076293945,40.689998626708984,40.70000076293945,7779,0.0,0.0
2024-09-13 14:19:00-04:00,40.70000076293945,40.70500183105469,40.70000076293945,40.70479965209961,3014,0.0,0.0
2024-09-13 14:20:00-04:00,40.70000076293945,40.70000076293945,40.68000030517578,40.685001373291016,14004,0.0,0.0
2024-09-13 14:21:00-04:00,40.685001373291016,40.70500183105469,40.685001373291016,40.7046012878418,27366,0.0,0.0
2024-09-13 14:22:00-04:00,40.709999084472656,40.709999084472656,40.70009994506836,40.702999114990234,17306,0.0,0.0
2024-09-13 14:23:00-04:00,40.70000076293945,40.70000076293945,40.69499969482422,40.69499969482422,5904,0.0,0.0
2024-09-13 14:24:00-04:00,40.69499969482422,40.69990158081055,40.685001373291016,40.69380187988281,11927,0.0,0.0
2024-09-13 14:25:00-04:00,40.690101623535156,40.69620132446289,40.67499923706055,40.67499923706055,11823,0.0,0.0
2024-09-13 14:26:00-04:00,40.68000030517578,40.69499969482422,40.68000030517578,40.685001373291016,7404,0.0,0.0
2024-09-13 14:27:00-04:00,40.685001373291016,40.68989944458008,40.67499923706055,40.685001373291016,8600,0.0,0.0
2024-09-13 14:28:00-04:00,40.689998626708984,40.69990158081055,40.689998626708984,40.69160079956055,3046,0.0,0.0
2024-09-13 14:29:00-04:00,40.69499969482422,40.70000076293945,40.69499969482422,40.69499969482422,2915,0.0,0.0
2024-09-13 14:30:00-04:00,40.689998626708984,40.69990158081055,40.685001373291016,40.69499969482422,5219,0.0,0.0
2024-09-13 14:31:00-04:00,40.690101623535156,40.69499969482422,40.690101623535156,40.694000244140625,2313,0.0,0.0
2024-09-13 14:32:00-04:00,40.69499969482422,40.70000076293945,40.69459915161133,40.69499969482422,1596,0.0,0.0
2024-09-13 14:33:00-04:00,40.69499969482422,40.70000076293945,40.689998626708984,40.70000076293945,2989,0.0,0.0
2024-09-13 14:34:00-04:00,40.689998626708984,40.70000076293945,40.689998626708984,40.69499969482422,3516,0.0,0.0
2024-09-13 14:35:00-04:00,40.69499969482422,40.70000076293945,40.689998626708984,40.689998626708984,1041,0.0,0.0
2024-09-13 14:36:00-04:00,40.689998626708984,40.689998626708984,40.68080139160156,40.685001373291016,7035,0.0,0.0
2024-09-13 14:37:00-04:00,40.68989944458008,40.689998626708984,40.685001373291016,40.685001373291016,3952,0.0,0.0
2024-09-13 14:38:00-04:00,40.685001373291016,40.685001373291016,40.68000030517578,40.685001373291016,1505,0.0,0.0
2024-09-13 14:39:00-04:00,40.68619918823242,40.68989944458008,40.66999816894531,40.66999816894531,8502,0.0,0.0
2024-09-13 14:40:00-04:00,40.66999816894531,40.68000030517578,40.66999816894531,40.67499923706055,1469,0.0,0.0
2024-09-13 14:41:00-04:00,40.66999816894531,40.68000030517578,40.66999816894531,40.68000030517578,3457,0.0,0.0
2024-09-13 14:42:00-04:00,40.68000030517578,40.689998626708984,40.67499923706055,40.689998626708984,4497,0.0,0.0
2024-09-13 14:43:00-04:00,40.689998626708984,40.689998626708984,40.67499923706055,40.67499923706055,6159,0.0,0.0
2024-09-13 14:44:00-04:00,40.67499923706055,40.68000030517578,40.67499923706055,40.68000030517578,2609,0.0,0.0
2024-09-13 14:45:00-04:00,40.67499923706055,40.68000030517578,40.66999816894531,40.66999816894531,3038,0.0,0.0
2024-09-13 14:46:00-04:00,40.67499923706055,40.694000244140625,40.67169952392578,40.694000244140625,6379,0.0,0.0
2024-09-13 14:47:00-04:00,40.689998626708984,40.689998626708984,40.685001373291016,40.685001373291016,2146,0.0,0.0
2024-09-13 14:48:00-04:00,40.685001373291016,40.70000076293945,40.68000030517578,40.69499969482422,7390,0.0,0.0
2024-09-13 14:49:00-04:00,40.69499969482422,40.69990158081055,40.69499969482422,40.69499969482422,3004,0.0,0.0
2024-09-13 14:50:00-04:00,40.689998626708984,40.689998626708984,40.685001373291016,40.685001373291016,1761,0.0,0.0
2024-09-13 14:51:00-04:00,40.685001373291016,40.685001373291016,40.67499923706055,40.67499923706055,4019,0.0,0.0
2024-09-13 14:52:00-04:00,40.67499923706055,40.67499923706055,40.66999816894531,40.67499923706055,1991,0.0,0.0
2024-09-13 14:53:00-04:00,40.66999816894531,40.66999816894531,40.665000915527344,40.665000915527344,2689,0.0,0.0
2024-09-13 14:54:00-04:00,40.665000915527344,40.685001373291016,40.665000915527344,40.685001373291016,5569,0.0,0.0
2024-09-13 14:55:00-04:00,40.685001373291016,40.689998626708984,40.685001373291016,40.685001373291016,1591,0.0,0.0
2024-09-13 14:56:00-04:00,40.68299865722656,40.70000076293945,40.68000030517578,40.69449996948242,9912,0.0,0.0
2024-09-13 14:57:00-04:00,40.689998626708984,40.70000076293945,40.689998626708984,40.689998626708984,2698,0.0,0.0
2024-09-13 14:58:00-04:00,40.689998626708984,40.689998626708984,40.685001373291016,40.685001373291016,2739,0.0,0.0
2024-09-13 14:59:00-04:00,40.689998626708984,40.70000076293945,40.685001373291016,40.69499969482422,5559,0.0,0.0
2024-09-13 15:00:00-04:00,40.69499969482422,40.70500183105469,40.69499969482422,40.70500183105469,3921,0.0,0.0
2024-09-13 15:01:00-04:00,40.70500183105469,40.70949935913086,40.70500183105469,40.70500183105469,2311,0.0,0.0
2024-09-13 15:02:00-04:00,40.70500183105469,40.70500183105469,40.70000076293945,40.70315170288086,1930,0.0,0.0
2024-09-13 15:03:00-04:00,40.69499969482422,40.69499969482422,40.689998626708984,40.69499969482422,3720,0.0,0.0
2024-09-13 15:04:00-04:00,40.69499969482422,40.70000076293945,40.68220138549805,40.70000076293945,7442,0.0,0.0
2024-09-13 15:05:00-04:00,40.69499969482422,40.70500183105469,40.69499969482422,40.70500183105469,2732,0.0,0.0
2024-09-13 15:06:00-04:00,40.70000076293945,40.70000076293945,40.685001373291016,40.685001373291016,5121,0.0,0.0
2024-09-13 15:07:00-04:00,40.689998626708984,40.689998626708984,40.685001373291016,40.685001373291016,2705,0.0,0.0
2024-09-13 15:08:00-04:00,40.685001373291016,40.689998626708984,40.685001373291016,40.689998626708984,6075,0.0,0.0
2024-09-13 15:09:00-04:00,40.689998626708984,40.689998626708984,40.685001373291016,40.685001373291016,4342,0.0,0.0
2024-09-13 15:10:00-04:00,40.685001373291016,40.689998626708984,40.68000030517578,40.685001373291016,4978,0.0,0.0
2024-09-13 15:11:00-04:00,40.689998626708984,40.69499969482422,40.689998626708984,40.69499969482422,2002,0.0,0.0
2024-09-13 15:12:00-04:00,40.69499969482422,40.695098876953125,40.694400787353516,40.69499969482422,3784,0.0,0.0
2024-09-13 15:13:00-04:00,40.694000244140625,40.70000076293945,40.689998626708984,40.689998626708984,3212,0.0,0.0
2024-09-13 15:14:00-04:00,40.69499969482422,40.69499969482422,40.69499969482422,40.69499969482422,2242,0.0,0.0
2024-09-13 15:15:00-04:00,40.69499969482422,40.69499969482422,40.69499969482422,40.69499969482422,1586,0.0,0.0
2024-09-13 15:16:00-04:00,40.69499969482422,40.70000076293945,40.690101623535156,40.70000076293945,3083,0.0,0.0
2024-09-13 15:17:00-04:00,40.69499969482422,40.71500015258789,40.69499969482422,40.71500015258789,11660,0.0,0.0
2024-09-13 15:18:00-04:00,40.71500015258789,40.71500015258789,40.71500015258789,40.71500015258789,1625,0.0,0.0
2024-09-13 15:19:00-04:00,40.720001220703125,40.73500061035156,40.71500015258789,40.73500061035156,14146,0.0,0.0
2024-09-13 15:20:00-04:00,40.73500061035156,40.73500061035156,40.73500061035156,40.73500061035156,2361,0.0,0.0
2024-09-13 15:21:00-04:00,40.73500061035156,40.744998931884766,40.733699798583984,40.744998931884766,4344,0.0,0.0
2024-09-13 15:22:00-04:00,40.744998931884766,40.744998931884766,40.73500061035156,40.7400016784668,10313,0.0,0.0
2024-09-13 15:23:00-04:00,40.73500061035156,40.75,40.73500061035156,40.744998931884766,8678,0.0,0.0
2024-09-13 15:24:00-04:00,40.744998931884766,40.75,40.744998931884766,40.744998931884766,2882,0.0,0.0
2024-09-13 15:25:00-04:00,40.744998931884766,40.75,40.744998931884766,40.75,3270,0.0,0.0
2024-09-13 15:26:00-04:00,40.744998931884766,40.75,40.7406005859375,40.75,3304,0.0,0.0
2024-09-13 15:27:00-04:00,40.744998931884766,40.75,40.720001220703125,40.720001220703125,14480,0.0,0.0
2024-09-13 15:28:00-04:00,40.724998474121094,40.724998474121094,40.71500015258789,40.720001220703125,5677,0.0,0.0
2024-09-13 15:29:00-04:00,40.71500015258789,40.71929931640625,40.709999084472656,40.71500015258789,6374,0.0,0.0
2024-09-13 15:30:00-04:00,40.71070098876953,40.71500015258789,40.69449996948242,40.695098876953125,13670,0.0,0.0
2024-09-13 15:31:00-04:00,40.70000076293945,40.7081413269043,40.70000076293945,40.70500183105469,4057,0.0,0.0
2024-09-13 15:32:00-04:00,40.70000076293945,40.709999084472656,40.70000076293945,40.70500183105469,9442,0.0,0.0
2024-09-13 15:33:00-04:00,40.70500183105469,40.709999084472656,40.69499969482422,40.69499969482422,8589,0.0,0.0
2024-09-13 15:34:00-04:00,40.689998626708984,40.69499969482422,40.685001373291016,40.685001373291016,9721,0.0,0.0
2024-09-13 15:35:00-04:00,40.685001373291016,40.71500015258789,40.685001373291016,40.71500015258789,12609,0.0,0.0
2024-09-13 15:36:00-04:00,40.71500015258789,40.720001220703125,40.709999084472656,40.709999084472656,2910,0.0,0.0
2024-09-13 15:37:00-04:00,40.71500015258789,40.72999954223633,40.71500015258789,40.72999954223633,11442,0.0,0.0
2024-09-13 15:38:00-04:00,40.72999954223633,40.7400016784668,40.724998474121094,40.73500061035156,17138,0.0,0.0
2024-09-13 15:39:00-04:00,40.73500061035156,40.76499938964844,40.73500061035156,40.76499938964844,21774,0.0,0.0
2024-09-13 15:40:00-04:00,40.76499938964844,40.775001525878906,40.760101318359375,40.76499938964844,20730,0.0,0.0
2024-09-13 15:41:00-04:00,40.77000045776367,40.77000045776367,40.76499938964844,40.76499938964844,7312,0.0,0.0
2024-09-13 15:42:00-04:00,40.76499938964844,40.77000045776367,40.7599983215332,40.76499938964844,7590,0.0,0.0
2024-09-13 15:43:00-04:00,40.76499938964844,40.77000045776367,40.76499938964844,40.77000045776367,11226,0.0,0.0
2024-09-13 15:44:00-04:00,40.77000045776367,40.779998779296875,40.77000045776367,40.779300689697266,9423,0.0,0.0
2024-09-13 15:45:00-04:00,40.775001525878906,40.78499984741211,40.775001525878906,40.775001525878906,17780,0.0,0.0
2024-09-13 15:46:00-04:00,40.779998779296875,40.779998779296875,40.76499938964844,40.779998779296875,28041,0.0,0.0
2024-09-13 15:47:00-04:00,40.77069854736328,40.779998779296875,40.763999938964844,40.76499938964844,18757,0.0,0.0
2024-09-13 15:48:00-04:00,40.76369857788086,40.77000045776367,40.7599983215332,40.7599983215332,4702,0.0,0.0
2024-09-13 15:49:00-04:00,40.763999938964844,40.77000045776367,40.75,40.755001068115234,13378,0.0,0.0
2024-09-13 15:50:00-04:00,40.75,40.790000915527344,40.75,40.775001525878906,54436,0.0,0.0
2024-09-13 15:51:00-04:00,40.779998779296875,40.779998779296875,40.7599983215332,40.76499938964844,42018,0.0,0.0
2024-09-13 15:52:00-04:00,40.76499938964844,40.779998779296875,40.76499938964844,40.76499938964844,24509,0.0,0.0
2024-09-13 15:53:00-04:00,40.76499938964844,40.76499938964844,40.7400016784668,40.744998931884766,79340,0.0,0.0
2024-09-13 15:54:00-04:00,40.75,40.75,40.73500061035156,40.73500061035156,32703,0.0,0.0
2024-09-13 15:55:00-04:00,40.73500061035156,40.75,40.73300552368164,40.7400016784668,61184,0.0,0.0
2024-09-13 15:56:00-04:00,40.744998931884766,40.75,40.7400016784668,40.744998931884766,10050,0.0,0.0
2024-09-13 15:57:00-04:00,40.7400016784668,40.744998931884766,40.720001220703125,40.73500061035156,94023,0.0,0.0
2024-09-13 15:58:00-04:00,40.73500061035156,40.7400016784668,40.73500061035156,40.73500061035156,13645,0.0,0.0
2024-09-13 15:59:00-04:00,40.73500061035156,40.75,40.72999954223633,40.73500061035156,87404,0.0,0.0
