Datetime,Open,High,Low,Close,Volume,Dividends,Stock Splits
2024-09-09 09:30:00-04:00,18.700000762939453,18.700000762939453,18.700000762939453,18.700000762939453,0,0.0,0.0
2024-09-09 09:37:00-04:00,18.784500122070312,18.784500122070312,18.784500122070312,18.784500122070312,296,0.0,0.0
2024-09-09 09:41:00-04:00,18.700000762939453,18.700000762939453,18.700000762939453,18.700000762939453,2124,0.0,0.0
2024-09-09 09:46:00-04:00,18.719999313354492,18.770000457763672,18.719999313354492,18.770000457763672,1090,0.0,0.0
2024-09-09 09:48:00-04:00,18.66010093688965,18.66010093688965,18.66010093688965,18.66010093688965,1068,0.0,0.0
2024-09-09 09:50:00-04:00,18.685199737548828,18.685199737548828,18.685199737548828,18.685199737548828,250,0.0,0.0
2024-09-09 09:52:00-04:00,18.719999313354492,18.719999313354492,18.719999313354492,18.719999313354492,200,0.0,0.0
2024-09-09 09:53:00-04:00,18.719999313354492,18.72100067138672,18.719999313354492,18.72100067138672,1050,0.0,0.0
2024-09-09 09:54:00-04:00,18.719999313354492,18.719999313354492,18.719999313354492,18.719999313354492,1102,0.0,0.0
2024-09-09 09:56:00-04:00,18.719999313354492,18.719999313354492,18.719999313354492,18.719999313354492,250,0.0,0.0
2024-09-09 10:00:00-04:00,18.719999313354492,18.719999313354492,18.719999313354492,18.719999313354492,337,0.0,0.0
2024-09-09 10:03:00-04:00,18.69099998474121,18.69099998474121,18.69099998474121,18.69099998474121,761,0.0,0.0
2024-09-09 10:08:00-04:00,18.719999313354492,18.719999313354492,18.719999313354492,18.719999313354492,600,0.0,0.0
2024-09-09 10:10:00-04:00,18.700000762939453,18.723899841308594,18.700000762939453,18.723899841308594,1013,0.0,0.0
2024-09-09 10:16:00-04:00,18.69059944152832,18.69059944152832,18.69059944152832,18.69059944152832,1400,0.0,0.0
2024-09-09 10:18:00-04:00,18.759899139404297,18.759899139404297,18.759899139404297,18.759899139404297,1000,0.0,0.0
2024-09-09 10:19:00-04:00,18.729999542236328,18.759899139404297,18.729999542236328,18.759899139404297,1364,0.0,0.0
2024-09-09 10:24:00-04:00,18.7367000579834,18.7367000579834,18.7367000579834,18.7367000579834,1000,0.0,0.0
2024-09-09 10:25:00-04:00,18.75,18.75,18.75,18.75,951,0.0,0.0
2024-09-09 10:52:00-04:00,18.709999084472656,18.709999084472656,18.709999084472656,18.709999084472656,100,0.0,0.0
2024-09-09 10:53:00-04:00,18.719999313354492,18.719999313354492,18.670000076293945,18.700000762939453,20800,0.0,0.0
2024-09-09 10:54:00-04:00,18.73940086364746,18.73940086364746,18.73940086364746,18.73940086364746,785,0.0,0.0
2024-09-09 10:55:00-04:00,18.719999313354492,18.719999313354492,18.688199996948242,18.688199996948242,494,0.0,0.0
2024-09-09 11:00:00-04:00,18.68000030517578,18.68000030517578,18.68000030517578,18.68000030517578,4611,0.0,0.0
2024-09-09 11:06:00-04:00,18.68000030517578,18.68000030517578,18.68000030517578,18.68000030517578,231,0.0,0.0
2024-09-09 11:14:00-04:00,18.7052001953125,18.7052001953125,18.7052001953125,18.7052001953125,415,0.0,0.0
2024-09-09 11:17:00-04:00,18.691999435424805,18.691999435424805,18.68000030517578,18.68000030517578,1691,0.0,0.0
2024-09-09 11:20:00-04:00,18.700000762939453,18.700000762939453,18.700000762939453,18.700000762939453,103,0.0,0.0
2024-09-09 11:22:00-04:00,18.700199127197266,18.700199127197266,18.690000534057617,18.690000534057617,3293,0.0,0.0
2024-09-09 11:23:00-04:00,18.690000534057617,18.690000534057617,18.649999618530273,18.672100067138672,12582,0.0,0.0
2024-09-09 11:28:00-04:00,18.690000534057617,18.690000534057617,18.690000534057617,18.690000534057617,12672,0.0,0.0
2024-09-09 11:31:00-04:00,18.704999923706055,18.704999923706055,18.704999923706055,18.704999923706055,2246,0.0,0.0
2024-09-09 11:32:00-04:00,18.711999893188477,18.711999893188477,18.711999893188477,18.711999893188477,406,0.0,0.0
2024-09-09 11:37:00-04:00,18.68000030517578,18.68000030517578,18.68000030517578,18.68000030517578,240,0.0,0.0
2024-09-09 11:48:00-04:00,18.719999313354492,18.719999313354492,18.719999313354492,18.719999313354492,500,0.0,0.0
2024-09-09 11:49:00-04:00,18.704999923706055,18.704999923706055,18.704999923706055,18.704999923706055,244,0.0,0.0
2024-09-09 11:57:00-04:00,18.704999923706055,18.708099365234375,18.704999923706055,18.708099365234375,860,0.0,0.0
2024-09-09 12:04:00-04:00,18.719999313354492,18.719999313354492,18.719999313354492,18.719999313354492,840,0.0,0.0
2024-09-09 12:06:00-04:00,18.719999313354492,18.719999313354492,18.709999084472656,18.709999084472656,1050,0.0,0.0
2024-09-09 12:18:00-04:00,18.719999313354492,18.719999313354492,18.719999313354492,18.719999313354492,1074,0.0,0.0
2024-09-09 12:22:00-04:00,18.719999313354492,18.721799850463867,18.719999313354492,18.719999313354492,1656,0.0,0.0
2024-09-09 12:24:00-04:00,18.719999313354492,18.719999313354492,18.719999313354492,18.719999313354492,106,0.0,0.0
2024-09-09 12:26:00-04:00,18.719999313354492,18.719999313354492,18.719999313354492,18.719999313354492,1000,0.0,0.0
2024-09-09 12:27:00-04:00,18.719999313354492,18.719999313354492,18.719999313354492,18.719999313354492,1213,0.0,0.0
2024-09-09 12:35:00-04:00,18.729999542236328,18.729999542236328,18.719999313354492,18.719999313354492,918,0.0,0.0
2024-09-09 12:44:00-04:00,18.72260093688965,18.72260093688965,18.719999313354492,18.719999313354492,2775,0.0,0.0
2024-09-09 12:48:00-04:00,18.719999313354492,18.719999313354492,18.719999313354492,18.719999313354492,130,0.0,0.0
2024-09-09 12:51:00-04:00,18.709999084472656,18.709999084472656,18.709999084472656,18.709999084472656,102,0.0,0.0
2024-09-09 12:53:00-04:00,18.709999084472656,18.719999313354492,18.709999084472656,18.719999313354492,1141,0.0,0.0
2024-09-09 13:00:00-04:00,18.719999313354492,18.719999313354492,18.719999313354492,18.719999313354492,685,0.0,0.0
2024-09-09 13:01:00-04:00,18.729999542236328,18.729999542236328,18.729999542236328,18.729999542236328,685,0.0,0.0
2024-09-09 13:02:00-04:00,18.719999313354492,18.719999313354492,18.719999313354492,18.719999313354492,600,0.0,0.0
2024-09-09 13:08:00-04:00,18.719999313354492,18.719999313354492,18.719999313354492,18.719999313354492,202,0.0,0.0
2024-09-09 13:12:00-04:00,18.72599983215332,18.72599983215332,18.719999313354492,18.719999313354492,888,0.0,0.0
2024-09-09 13:15:00-04:00,18.709999084472656,18.709999084472656,18.709999084472656,18.709999084472656,421,0.0,0.0
2024-09-09 13:16:00-04:00,18.700000762939453,18.700000762939453,18.690000534057617,18.700000762939453,3639,0.0,0.0
2024-09-09 13:24:00-04:00,18.690000534057617,18.690000534057617,18.690000534057617,18.690000534057617,1455,0.0,0.0
2024-09-09 13:26:00-04:00,18.700000762939453,18.700000762939453,18.700000762939453,18.700000762939453,205,0.0,0.0
2024-09-09 13:27:00-04:00,18.700000762939453,18.700000762939453,18.690000534057617,18.690000534057617,2306,0.0,0.0
2024-09-09 13:33:00-04:00,18.700000762939453,18.700000762939453,18.700000762939453,18.700000762939453,180,0.0,0.0
2024-09-09 13:39:00-04:00,18.700000762939453,18.704999923706055,18.700000762939453,18.704999923706055,330,0.0,0.0
2024-09-09 13:43:00-04:00,18.700000762939453,18.700000762939453,18.700000762939453,18.700000762939453,1957,0.0,0.0
2024-09-09 13:46:00-04:00,18.690000534057617,18.690000534057617,18.690000534057617,18.690000534057617,189,0.0,0.0
2024-09-09 13:51:00-04:00,18.69890022277832,18.69890022277832,18.69890022277832,18.69890022277832,199,0.0,0.0
2024-09-09 14:04:00-04:00,18.700000762939453,18.700000762939453,18.690000534057617,18.69499969482422,1756,0.0,0.0
2024-09-09 14:11:00-04:00,18.690000534057617,18.690000534057617,18.670000076293945,18.670000076293945,551,0.0,0.0
2024-09-09 14:14:00-04:00,18.699100494384766,18.699100494384766,18.699100494384766,18.699100494384766,602,0.0,0.0
2024-09-09 14:17:00-04:00,18.68000030517578,18.68000030517578,18.65999984741211,18.65999984741211,2210,0.0,0.0
2024-09-09 14:18:00-04:00,18.67970085144043,18.67970085144043,18.67970085144043,18.67970085144043,650,0.0,0.0
2024-09-09 14:19:00-04:00,18.672000885009766,18.672000885009766,18.672000885009766,18.672000885009766,247,0.0,0.0
2024-09-09 14:20:00-04:00,18.670000076293945,18.670000076293945,18.670000076293945,18.670000076293945,462,0.0,0.0
2024-09-09 14:42:00-04:00,18.68000030517578,18.68413734436035,18.68000030517578,18.68413734436035,892,0.0,0.0
2024-09-09 14:44:00-04:00,18.700000762939453,18.700000762939453,18.700000762939453,18.700000762939453,195,0.0,0.0
2024-09-09 14:47:00-04:00,18.709999084472656,18.709999084472656,18.709999084472656,18.709999084472656,3061,0.0,0.0
2024-09-09 14:50:00-04:00,18.709999084472656,18.709999084472656,18.709999084472656,18.709999084472656,1010,0.0,0.0
2024-09-09 14:52:00-04:00,18.702299118041992,18.702299118041992,18.69499969482422,18.69499969482422,1710,0.0,0.0
2024-09-09 14:55:00-04:00,18.709999084472656,18.709999084472656,18.709999084472656,18.709999084472656,1089,0.0,0.0
2024-09-09 14:58:00-04:00,18.700000762939453,18.709999084472656,18.700000762939453,18.709999084472656,631,0.0,0.0
2024-09-09 14:59:00-04:00,18.709999084472656,18.709999084472656,18.709999084472656,18.709999084472656,1306,0.0,0.0
2024-09-09 15:00:00-04:00,18.7189998626709,18.7189998626709,18.709999084472656,18.709999084472656,3139,0.0,0.0
2024-09-09 15:02:00-04:00,18.709999084472656,18.709999084472656,18.709999084472656,18.709999084472656,100,0.0,0.0
2024-09-09 15:03:00-04:00,18.709999084472656,18.709999084472656,18.709999084472656,18.709999084472656,200,0.0,0.0
2024-09-09 15:04:00-04:00,18.709999084472656,18.709999084472656,18.709999084472656,18.709999084472656,220,0.0,0.0
2024-09-09 15:05:00-04:00,18.700000762939453,18.700000762939453,18.68000030517578,18.68000030517578,1710,0.0,0.0
2024-09-09 15:08:00-04:00,18.69499969482422,18.69499969482422,18.69499969482422,18.69499969482422,122,0.0,0.0
2024-09-09 15:12:00-04:00,18.695600509643555,18.695600509643555,18.695600509643555,18.695600509643555,501,0.0,0.0
2024-09-09 15:18:00-04:00,18.700000762939453,18.709999084472656,18.700000762939453,18.709999084472656,560,0.0,0.0
2024-09-09 15:20:00-04:00,18.690000534057617,18.69499969482422,18.690000534057617,18.69499969482422,755,0.0,0.0
2024-09-09 15:22:00-04:00,18.70800018310547,18.70800018310547,18.700000762939453,18.700000762939453,599,0.0,0.0
2024-09-09 15:23:00-04:00,18.704999923706055,18.70800018310547,18.704999923706055,18.70800018310547,581,0.0,0.0
2024-09-09 15:24:00-04:00,18.704999923706055,18.704999923706055,18.704999923706055,18.704999923706055,220,0.0,0.0
2024-09-09 15:25:00-04:00,18.70800018310547,18.70800018310547,18.70800018310547,18.70800018310547,300,0.0,0.0
2024-09-09 15:26:00-04:00,18.704999923706055,18.709999084472656,18.704999923706055,18.709999084472656,681,0.0,0.0
2024-09-09 15:27:00-04:00,18.709999084472656,18.709999084472656,18.70009994506836,18.70009994506836,712,0.0,0.0
2024-09-09 15:30:00-04:00,18.70199966430664,18.709999084472656,18.70199966430664,18.709999084472656,627,0.0,0.0
2024-09-09 15:31:00-04:00,18.709999084472656,18.718000411987305,18.709999084472656,18.718000411987305,692,0.0,0.0
2024-09-09 15:32:00-04:00,18.709999084472656,18.709999084472656,18.700000762939453,18.700000762939453,412,0.0,0.0
2024-09-09 15:33:00-04:00,18.709999084472656,18.718000411987305,18.709999084472656,18.709999084472656,1363,0.0,0.0
2024-09-09 15:35:00-04:00,18.700000762939453,18.718000411987305,18.700000762939453,18.700000762939453,3083,0.0,0.0
2024-09-09 15:37:00-04:00,18.700000762939453,18.70800018310547,18.700000762939453,18.700000762939453,1802,0.0,0.0
2024-09-09 15:38:00-04:00,18.700000762939453,18.704999923706055,18.700000762939453,18.704999923706055,683,0.0,0.0
2024-09-09 15:40:00-04:00,18.704999923706055,18.704999923706055,18.704999923706055,18.704999923706055,216,0.0,0.0
2024-09-09 15:42:00-04:00,18.704999923706055,18.704999923706055,18.704999923706055,18.704999923706055,100,0.0,0.0
2024-09-09 15:43:00-04:00,18.700000762939453,18.700000762939453,18.700000762939453,18.700000762939453,1804,0.0,0.0
2024-09-09 15:44:00-04:00,18.704999923706055,18.704999923706055,18.704999923706055,18.704999923706055,108,0.0,0.0
2024-09-09 15:45:00-04:00,18.700000762939453,18.700000762939453,18.700000762939453,18.700000762939453,383,0.0,0.0
2024-09-09 15:46:00-04:00,18.694799423217773,18.700000762939453,18.694799423217773,18.700000762939453,1640,0.0,0.0
2024-09-09 15:47:00-04:00,18.700000762939453,18.700000762939453,18.700000762939453,18.700000762939453,2268,0.0,0.0
2024-09-09 15:48:00-04:00,18.700000762939453,18.700000762939453,18.700000762939453,18.700000762939453,636,0.0,0.0
2024-09-09 15:49:00-04:00,18.70400047302246,18.709999084472656,18.700000762939453,18.709999084472656,1028,0.0,0.0
2024-09-09 15:50:00-04:00,18.700000762939453,18.704999923706055,18.700000762939453,18.704999923706055,1885,0.0,0.0
2024-09-09 15:51:00-04:00,18.704999923706055,18.704999923706055,18.704999923706055,18.704999923706055,401,0.0,0.0
2024-09-09 15:52:00-04:00,18.704999923706055,18.709999084472656,18.704999923706055,18.709999084472656,568,0.0,0.0
2024-09-09 15:53:00-04:00,18.704999923706055,18.719999313354492,18.704999923706055,18.71500015258789,454,0.0,0.0
2024-09-09 15:54:00-04:00,18.709999084472656,18.71500015258789,18.709999084472656,18.709999084472656,417,0.0,0.0
2024-09-09 15:55:00-04:00,18.71500015258789,18.71500015258789,18.700000762939453,18.700000762939453,2002,0.0,0.0
2024-09-09 15:56:00-04:00,18.71500015258789,18.71500015258789,18.71500015258789,18.71500015258789,233,0.0,0.0
2024-09-09 15:57:00-04:00,18.71500015258789,18.719999313354492,18.709999084472656,18.709999084472656,1653,0.0,0.0
2024-09-09 15:58:00-04:00,18.719999313354492,18.719999313354492,18.719999313354492,18.719999313354492,431,0.0,0.0
2024-09-09 15:59:00-04:00,18.72800064086914,18.72800064086914,18.719999313354492,18.719999313354492,1348,0.0,0.0
2024-09-10 09:30:00-04:00,18.700000762939453,18.700000762939453,18.68000030517578,18.68000030517578,0,0.0,0.0
2024-09-10 09:32:00-04:00,18.709999084472656,18.729999542236328,18.709999084472656,18.729900360107422,11151,0.0,0.0
2024-09-10 09:34:00-04:00,18.7549991607666,18.7549991607666,18.7549991607666,18.7549991607666,517,0.0,0.0
2024-09-10 09:41:00-04:00,18.739999771118164,18.739999771118164,18.739999771118164,18.739999771118164,500,0.0,0.0
2024-09-10 09:42:00-04:00,18.739999771118164,18.739999771118164,18.739999771118164,18.739999771118164,850,0.0,0.0
2024-09-10 09:44:00-04:00,18.731399536132812,18.763399124145508,18.731399536132812,18.763399124145508,711,0.0,0.0
2024-09-10 09:45:00-04:00,18.700000762939453,18.700000762939453,18.700000762939453,18.700000762939453,342,0.0,0.0
2024-09-10 09:46:00-04:00,18.70949935913086,18.70949935913086,18.70949935913086,18.70949935913086,2763,0.0,0.0
2024-09-10 09:47:00-04:00,18.690000534057617,18.690000534057617,18.690000534057617,18.690000534057617,450,0.0,0.0
2024-09-10 09:49:00-04:00,18.739999771118164,18.739999771118164,18.739999771118164,18.739999771118164,107,0.0,0.0
2024-09-10 09:52:00-04:00,18.739999771118164,18.739999771118164,18.739999771118164,18.739999771118164,350,0.0,0.0
2024-09-10 09:55:00-04:00,18.732999801635742,18.732999801635742,18.732999801635742,18.732999801635742,461,0.0,0.0
2024-09-10 09:56:00-04:00,18.729999542236328,18.729999542236328,18.690000534057617,18.690000534057617,1000,0.0,0.0
2024-09-10 09:57:00-04:00,18.700000762939453,18.7189998626709,18.700000762939453,18.7189998626709,3680,0.0,0.0
2024-09-10 09:59:00-04:00,18.700000762939453,18.700000762939453,18.700000762939453,18.700000762939453,100,0.0,0.0
2024-09-10 10:02:00-04:00,18.68000030517578,18.68000030517578,18.68000030517578,18.68000030517578,200,0.0,0.0
2024-09-10 10:03:00-04:00,18.68000030517578,18.690000534057617,18.68000030517578,18.690000534057617,1238,0.0,0.0
2024-09-10 10:04:00-04:00,18.684999465942383,18.684999465942383,18.684999465942383,18.684999465942383,701,0.0,0.0
2024-09-10 10:06:00-04:00,18.68000030517578,18.68000030517578,18.649999618530273,18.65999984741211,4236,0.0,0.0
2024-09-10 10:09:00-04:00,18.689800262451172,18.689800262451172,18.689800262451172,18.689800262451172,550,0.0,0.0
2024-09-10 10:11:00-04:00,18.68000030517578,18.690000534057617,18.68000030517578,18.690000534057617,919,0.0,0.0
2024-09-10 10:16:00-04:00,18.690000534057617,18.690000534057617,18.690000534057617,18.690000534057617,1208,0.0,0.0
2024-09-10 10:17:00-04:00,18.704999923706055,18.704999923706055,18.704999923706055,18.704999923706055,100,0.0,0.0
2024-09-10 10:20:00-04:00,18.690000534057617,18.690000534057617,18.690000534057617,18.690000534057617,231,0.0,0.0
2024-09-10 10:22:00-04:00,18.697999954223633,18.704999923706055,18.694000244140625,18.704999923706055,1564,0.0,0.0
2024-09-10 10:23:00-04:00,18.709999084472656,18.709999084472656,18.709999084472656,18.709999084472656,750,0.0,0.0
2024-09-10 10:26:00-04:00,18.733999252319336,18.733999252319336,18.733999252319336,18.733999252319336,1365,0.0,0.0
2024-09-10 10:30:00-04:00,18.75,18.760000228881836,18.75,18.75,1443,0.0,0.0
2024-09-10 10:31:00-04:00,18.75,18.75,18.75,18.75,615,0.0,0.0
2024-09-10 10:32:00-04:00,18.740100860595703,18.740100860595703,18.740100860595703,18.740100860595703,520,0.0,0.0
2024-09-10 10:34:00-04:00,18.75,18.75,18.75,18.75,696,0.0,0.0
2024-09-10 10:36:00-04:00,18.749799728393555,18.749799728393555,18.749799728393555,18.749799728393555,551,0.0,0.0
2024-09-10 10:39:00-04:00,18.75,18.75,18.75,18.75,100,0.0,0.0
2024-09-10 10:42:00-04:00,18.739999771118164,18.739999771118164,18.729999542236328,18.729999542236328,801,0.0,0.0
2024-09-10 10:44:00-04:00,18.73069953918457,18.735000610351562,18.73069953918457,18.735000610351562,1221,0.0,0.0
2024-09-10 10:48:00-04:00,18.729999542236328,18.729999542236328,18.729999542236328,18.729999542236328,337,0.0,0.0
2024-09-10 10:49:00-04:00,18.739999771118164,18.739999771118164,18.739999771118164,18.739999771118164,200,0.0,0.0
2024-09-10 10:50:00-04:00,18.735000610351562,18.735000610351562,18.735000610351562,18.735000610351562,300,0.0,0.0
2024-09-10 10:53:00-04:00,18.730100631713867,18.730100631713867,18.730100631713867,18.730100631713867,411,0.0,0.0
2024-09-10 10:56:00-04:00,18.739999771118164,18.739999771118164,18.739999771118164,18.739999771118164,411,0.0,0.0
2024-09-10 10:59:00-04:00,18.739999771118164,18.75,18.739999771118164,18.75,3117,0.0,0.0
2024-09-10 11:02:00-04:00,18.739999771118164,18.739999771118164,18.739999771118164,18.739999771118164,100,0.0,0.0
2024-09-10 11:03:00-04:00,18.7406005859375,18.7406005859375,18.7406005859375,18.7406005859375,392,0.0,0.0
2024-09-10 11:04:00-04:00,18.75,18.75,18.749000549316406,18.749799728393555,3966,0.0,0.0
2024-09-10 11:06:00-04:00,18.75,18.75,18.75,18.75,1188,0.0,0.0
2024-09-10 11:07:00-04:00,18.75,18.75,18.75,18.75,200,0.0,0.0
2024-09-10 11:11:00-04:00,18.740100860595703,18.740100860595703,18.740100860595703,18.740100860595703,1001,0.0,0.0
2024-09-10 11:12:00-04:00,18.739999771118164,18.739999771118164,18.719999313354492,18.719999313354492,470,0.0,0.0
2024-09-10 11:13:00-04:00,18.729999542236328,18.746999740600586,18.729999542236328,18.746999740600586,506,0.0,0.0
2024-09-10 11:18:00-04:00,18.7450008392334,18.7450008392334,18.7450008392334,18.7450008392334,190,0.0,0.0
2024-09-10 11:22:00-04:00,18.75,18.75,18.729999542236328,18.729999542236328,488,0.0,0.0
2024-09-10 11:23:00-04:00,18.729999542236328,18.729999542236328,18.729999542236328,18.729999542236328,0,0.0,0.0
2024-09-10 11:25:00-04:00,18.735000610351562,18.739999771118164,18.735000610351562,18.739999771118164,59198,0.0,0.0
2024-09-10 11:29:00-04:00,18.739999771118164,18.739999771118164,18.739999771118164,18.739999771118164,375,0.0,0.0
2024-09-10 11:34:00-04:00,18.75,18.75,18.75,18.75,511,0.0,0.0
2024-09-10 11:35:00-04:00,18.729999542236328,18.729999542236328,18.729999542236328,18.729999542236328,100,0.0,0.0
2024-09-10 11:36:00-04:00,18.729999542236328,18.729999542236328,18.719999313354492,18.719999313354492,580,0.0,0.0
2024-09-10 11:37:00-04:00,18.700000762939453,18.700000762939453,18.700000762939453,18.700000762939453,100,0.0,0.0
2024-09-10 11:39:00-04:00,18.710399627685547,18.710399627685547,18.710399627685547,18.710399627685547,700,0.0,0.0
2024-09-10 11:41:00-04:00,18.709999084472656,18.709999084472656,18.700000762939453,18.700000762939453,733,0.0,0.0
2024-09-10 11:42:00-04:00,18.700000762939453,18.709999084472656,18.700000762939453,18.709999084472656,1413,0.0,0.0
2024-09-10 11:44:00-04:00,18.719999313354492,18.719999313354492,18.719999313354492,18.719999313354492,228,0.0,0.0
2024-09-10 11:48:00-04:00,18.725000381469727,18.729999542236328,18.725000381469727,18.729999542236328,500,0.0,0.0
2024-09-10 11:50:00-04:00,18.725000381469727,18.725000381469727,18.725000381469727,18.725000381469727,193,0.0,0.0
2024-09-10 11:51:00-04:00,18.729900360107422,18.729900360107422,18.729900360107422,18.729900360107422,350,0.0,0.0
2024-09-10 11:53:00-04:00,18.725000381469727,18.729999542236328,18.725000381469727,18.729999542236328,786,0.0,0.0
2024-09-10 11:56:00-04:00,18.725000381469727,18.725000381469727,18.725000381469727,18.725000381469727,400,0.0,0.0
2024-09-10 11:57:00-04:00,18.719999313354492,18.719999313354492,18.68000030517578,18.68000030517578,2630,0.0,0.0
2024-09-10 11:58:00-04:00,18.68000030517578,18.68000030517578,18.68000030517578,18.68000030517578,0,0.0,0.0
2024-09-10 12:01:00-04:00,18.690000534057617,18.690000534057617,18.684999465942383,18.684999465942383,69864,0.0,0.0
2024-09-10 12:03:00-04:00,18.690000534057617,18.690000534057617,18.690000534057617,18.690000534057617,133,0.0,0.0
2024-09-10 12:04:00-04:00,18.687999725341797,18.690000534057617,18.687999725341797,18.690000534057617,1539,0.0,0.0
2024-09-10 12:08:00-04:00,18.670000076293945,18.68000030517578,18.65999984741211,18.68000030517578,1300,0.0,0.0
2024-09-10 12:09:00-04:00,18.69700050354004,18.69700050354004,18.69700050354004,18.69700050354004,175,0.0,0.0
2024-09-10 12:10:00-04:00,18.700000762939453,18.700000762939453,18.700000762939453,18.700000762939453,200,0.0,0.0
2024-09-10 12:11:00-04:00,18.700000762939453,18.700000762939453,18.700000762939453,18.700000762939453,200,0.0,0.0
2024-09-10 12:12:00-04:00,18.68160057067871,18.68160057067871,18.68160057067871,18.68160057067871,690,0.0,0.0
2024-09-10 12:13:00-04:00,18.697999954223633,18.697999954223633,18.697999954223633,18.697999954223633,217,0.0,0.0
2024-09-10 12:15:00-04:00,18.69339942932129,18.69339942932129,18.69339942932129,18.69339942932129,802,0.0,0.0
2024-09-10 12:17:00-04:00,18.699899673461914,18.699899673461914,18.699899673461914,18.699899673461914,500,0.0,0.0
2024-09-10 12:18:00-04:00,18.700000762939453,18.700000762939453,18.700000762939453,18.700000762939453,703,0.0,0.0
2024-09-10 12:20:00-04:00,18.71980094909668,18.71980094909668,18.71980094909668,18.71980094909668,1602,0.0,0.0
2024-09-10 12:21:00-04:00,18.719999313354492,18.729999542236328,18.709999084472656,18.709999084472656,1407,0.0,0.0
2024-09-10 12:22:00-04:00,18.719999313354492,18.729999542236328,18.713300704956055,18.729999542236328,702,0.0,0.0
2024-09-10 12:23:00-04:00,18.719999313354492,18.719999313354492,18.719999313354492,18.719999313354492,911,0.0,0.0
2024-09-10 12:28:00-04:00,18.729999542236328,18.739999771118164,18.729999542236328,18.739999771118164,819,0.0,0.0
2024-09-10 12:42:00-04:00,18.739999771118164,18.739999771118164,18.739999771118164,18.739999771118164,410,0.0,0.0
2024-09-10 12:43:00-04:00,18.735000610351562,18.735000610351562,18.735000610351562,18.735000610351562,600,0.0,0.0
2024-09-10 12:44:00-04:00,18.735000610351562,18.735000610351562,18.700000762939453,18.719999313354492,3673,0.0,0.0
2024-09-10 12:47:00-04:00,18.725000381469727,18.725000381469727,18.725000381469727,18.725000381469727,100,0.0,0.0
2024-09-10 12:50:00-04:00,18.729999542236328,18.729999542236328,18.729999542236328,18.729999542236328,200,0.0,0.0
2024-09-10 12:52:00-04:00,18.725000381469727,18.725000381469727,18.725000381469727,18.725000381469727,138,0.0,0.0
2024-09-10 12:57:00-04:00,18.7450008392334,18.7450008392334,18.7450008392334,18.7450008392334,1100,0.0,0.0
2024-09-10 12:59:00-04:00,18.739999771118164,18.739999771118164,18.739999771118164,18.739999771118164,145,0.0,0.0
2024-09-10 13:02:00-04:00,18.749900817871094,18.749900817871094,18.749900817871094,18.749900817871094,385,0.0,0.0
2024-09-10 13:08:00-04:00,18.749900817871094,18.749900817871094,18.729999542236328,18.730100631713867,2274,0.0,0.0
2024-09-10 13:09:00-04:00,18.739099502563477,18.739099502563477,18.739099502563477,18.739099502563477,200,0.0,0.0
2024-09-10 13:10:00-04:00,18.7406005859375,18.7406005859375,18.7406005859375,18.7406005859375,1000,0.0,0.0
2024-09-10 13:11:00-04:00,18.745100021362305,18.745100021362305,18.73200035095215,18.736000061035156,1388,0.0,0.0
2024-09-10 13:13:00-04:00,18.735000610351562,18.735000610351562,18.735000610351562,18.735000610351562,1000,0.0,0.0
2024-09-10 13:14:00-04:00,18.735000610351562,18.735000610351562,18.729999542236328,18.735000610351562,1786,0.0,0.0
2024-09-10 13:16:00-04:00,18.729999542236328,18.729999542236328,18.729999542236328,18.729999542236328,753,0.0,0.0
2024-09-10 13:23:00-04:00,18.739999771118164,18.739999771118164,18.739999771118164,18.739999771118164,100,0.0,0.0
2024-09-10 13:24:00-04:00,18.739999771118164,18.739999771118164,18.739999771118164,18.739999771118164,194,0.0,0.0
2024-09-10 13:27:00-04:00,18.749900817871094,18.749900817871094,18.740100860595703,18.743799209594727,3003,0.0,0.0
2024-09-10 13:31:00-04:00,18.742000579833984,18.7450008392334,18.742000579833984,18.7450008392334,784,0.0,0.0
2024-09-10 13:35:00-04:00,18.739999771118164,18.739999771118164,18.739999771118164,18.739999771118164,132,0.0,0.0
2024-09-10 13:38:00-04:00,18.739999771118164,18.739999771118164,18.725000381469727,18.731700897216797,1220,0.0,0.0
2024-09-10 13:41:00-04:00,18.739999771118164,18.739999771118164,18.739999771118164,18.739999771118164,201,0.0,0.0
2024-09-10 13:46:00-04:00,18.731000900268555,18.731000900268555,18.731000900268555,18.731000900268555,100,0.0,0.0
2024-09-10 13:48:00-04:00,18.729999542236328,18.729999542236328,18.729999542236328,18.729999542236328,100,0.0,0.0
2024-09-10 13:49:00-04:00,18.739900588989258,18.739900588989258,18.739900588989258,18.739900588989258,430,0.0,0.0
2024-09-10 13:50:00-04:00,18.735000610351562,18.735000610351562,18.735000610351562,18.735000610351562,200,0.0,0.0
2024-09-10 13:51:00-04:00,18.731000900268555,18.731000900268555,18.731000900268555,18.731000900268555,100,0.0,0.0
2024-09-10 13:53:00-04:00,18.739999771118164,18.739999771118164,18.739999771118164,18.739999771118164,189,0.0,0.0
2024-09-10 13:56:00-04:00,18.735000610351562,18.735000610351562,18.719999313354492,18.720399856567383,1640,0.0,0.0
2024-09-10 13:58:00-04:00,18.719999313354492,18.719999313354492,18.719999313354492,18.719999313354492,300,0.0,0.0
2024-09-10 13:59:00-04:00,18.72800064086914,18.72800064086914,18.72800064086914,18.72800064086914,207,0.0,0.0
2024-09-10 14:04:00-04:00,18.719999313354492,18.719999313354492,18.719999313354492,18.719999313354492,100,0.0,0.0
2024-09-10 14:05:00-04:00,18.719999313354492,18.719999313354492,18.709999084472656,18.71500015258789,700,0.0,0.0
2024-09-10 14:07:00-04:00,18.718000411987305,18.718000411987305,18.718000411987305,18.718000411987305,327,0.0,0.0
2024-09-10 14:10:00-04:00,18.709999084472656,18.71500015258789,18.709999084472656,18.71500015258789,300,0.0,0.0
2024-09-10 14:14:00-04:00,18.709999084472656,18.709999084472656,18.709999084472656,18.709999084472656,279,0.0,0.0
2024-09-10 14:18:00-04:00,18.701000213623047,18.701000213623047,18.701000213623047,18.701000213623047,994,0.0,0.0
2024-09-10 14:19:00-04:00,18.700000762939453,18.704999923706055,18.700000762939453,18.704999923706055,200,0.0,0.0
2024-09-10 14:20:00-04:00,18.704999923706055,18.704999923706055,18.704999923706055,18.704999923706055,457,0.0,0.0
2024-09-10 14:21:00-04:00,18.704999923706055,18.704999923706055,18.704999923706055,18.704999923706055,1896,0.0,0.0
2024-09-10 14:22:00-04:00,18.704999923706055,18.704999923706055,18.704999923706055,18.704999923706055,700,0.0,0.0
2024-09-10 14:23:00-04:00,18.70199966430664,18.70199966430664,18.70199966430664,18.70199966430664,100,0.0,0.0
2024-09-10 14:24:00-04:00,18.704999923706055,18.729999542236328,18.704999923706055,18.729999542236328,1400,0.0,0.0
2024-09-10 14:25:00-04:00,18.709999084472656,18.709999084472656,18.709999084472656,18.709999084472656,2500,0.0,0.0
2024-09-10 14:26:00-04:00,18.719999313354492,18.719999313354492,18.719999313354492,18.719999313354492,242,0.0,0.0
2024-09-10 14:34:00-04:00,18.711999893188477,18.719999313354492,18.711999893188477,18.71500015258789,413,0.0,0.0
2024-09-10 14:36:00-04:00,18.719999313354492,18.719999313354492,18.700000762939453,18.704999923706055,2781,0.0,0.0
2024-09-10 14:38:00-04:00,18.704999923706055,18.704999923706055,18.700000762939453,18.700000762939453,1535,0.0,0.0
2024-09-10 14:41:00-04:00,18.70989990234375,18.70989990234375,18.70989990234375,18.70989990234375,500,0.0,0.0
2024-09-10 14:42:00-04:00,18.704999923706055,18.704999923706055,18.704999923706055,18.704999923706055,400,0.0,0.0
2024-09-10 14:44:00-04:00,18.70989990234375,18.70989990234375,18.70989990234375,18.70989990234375,1000,0.0,0.0
2024-09-10 14:45:00-04:00,18.704999923706055,18.704999923706055,18.704999923706055,18.704999923706055,430,0.0,0.0
2024-09-10 14:46:00-04:00,18.709999084472656,18.709999084472656,18.700700759887695,18.700700759887695,882,0.0,0.0
2024-09-10 14:47:00-04:00,18.709999084472656,18.709999084472656,18.709999084472656,18.709999084472656,193,0.0,0.0
2024-09-10 14:51:00-04:00,18.71190071105957,18.71190071105957,18.71190071105957,18.71190071105957,945,0.0,0.0
2024-09-10 14:56:00-04:00,18.722000122070312,18.722000122070312,18.722000122070312,18.722000122070312,200,0.0,0.0
2024-09-10 14:59:00-04:00,18.709999084472656,18.709999084472656,18.709999084472656,18.709999084472656,150,0.0,0.0
2024-09-10 15:01:00-04:00,18.71500015258789,18.71500015258789,18.711999893188477,18.711999893188477,483,0.0,0.0
2024-09-10 15:02:00-04:00,18.709999084472656,18.709999084472656,18.709999084472656,18.709999084472656,123,0.0,0.0
2024-09-10 15:05:00-04:00,18.709999084472656,18.709999084472656,18.709999084472656,18.709999084472656,104,0.0,0.0
2024-09-10 15:07:00-04:00,18.71500015258789,18.71500015258789,18.71500015258789,18.71500015258789,245,0.0,0.0
2024-09-10 15:08:00-04:00,18.71500015258789,18.71500015258789,18.71500015258789,18.71500015258789,800,0.0,0.0
2024-09-10 15:09:00-04:00,18.710100173950195,18.710100173950195,18.690000534057617,18.690000534057617,1192,0.0,0.0
2024-09-10 15:10:00-04:00,18.690000534057617,18.690000534057617,18.690000534057617,18.690000534057617,301,0.0,0.0
2024-09-10 15:12:00-04:00,18.690000534057617,18.690000534057617,18.690000534057617,18.690000534057617,725,0.0,0.0
2024-09-10 15:14:00-04:00,18.69499969482422,18.69499969482422,18.69499969482422,18.69499969482422,276,0.0,0.0
2024-09-10 15:15:00-04:00,18.700000762939453,18.700000762939453,18.69499969482422,18.69499969482422,484,0.0,0.0
2024-09-10 15:18:00-04:00,18.700000762939453,18.700000762939453,18.700000762939453,18.700000762939453,742,0.0,0.0
2024-09-10 15:19:00-04:00,18.71500015258789,18.71500015258789,18.71500015258789,18.71500015258789,100,0.0,0.0
2024-09-10 15:20:00-04:00,18.700300216674805,18.709999084472656,18.700300216674805,18.709999084472656,1369,0.0,0.0
2024-09-10 15:26:00-04:00,18.719600677490234,18.719600677490234,18.7189998626709,18.7189998626709,778,0.0,0.0
2024-09-10 15:27:00-04:00,18.712600708007812,18.729999542236328,18.712600708007812,18.729999542236328,700,0.0,0.0
2024-09-10 15:28:00-04:00,18.709999084472656,18.709999084472656,18.709999084472656,18.709999084472656,100,0.0,0.0
2024-09-10 15:29:00-04:00,18.71500015258789,18.719999313354492,18.700000762939453,18.709999084472656,2054,0.0,0.0
2024-09-10 15:32:00-04:00,18.709999084472656,18.719600677490234,18.709999084472656,18.719600677490234,811,0.0,0.0
2024-09-10 15:36:00-04:00,18.7189998626709,18.729999542236328,18.7189998626709,18.729999542236328,1010,0.0,0.0
2024-09-10 15:37:00-04:00,18.719999313354492,18.719999313354492,18.719999313354492,18.719999313354492,377,0.0,0.0
2024-09-10 15:38:00-04:00,18.719100952148438,18.719100952148438,18.719100952148438,18.719100952148438,191,0.0,0.0
2024-09-10 15:39:00-04:00,18.71500015258789,18.71500015258789,18.71500015258789,18.71500015258789,200,0.0,0.0
2024-09-10 15:41:00-04:00,18.709999084472656,18.709999084472656,18.704999923706055,18.704999923706055,252,0.0,0.0
2024-09-10 15:42:00-04:00,18.700000762939453,18.700000762939453,18.695899963378906,18.695899963378906,739,0.0,0.0
2024-09-10 15:43:00-04:00,18.69499969482422,18.69499969482422,18.69499969482422,18.69499969482422,400,0.0,0.0
2024-09-10 15:45:00-04:00,18.69499969482422,18.69499969482422,18.69499969482422,18.69499969482422,100,0.0,0.0
2024-09-10 15:46:00-04:00,18.69499969482422,18.69499969482422,18.684999465942383,18.684999465942383,5443,0.0,0.0
2024-09-10 15:47:00-04:00,18.684999465942383,18.684999465942383,18.684999465942383,18.684999465942383,350,0.0,0.0
2024-09-10 15:48:00-04:00,18.684999465942383,18.684999465942383,18.68000030517578,18.68000030517578,500,0.0,0.0
2024-09-10 15:49:00-04:00,18.690000534057617,18.690000534057617,18.690000534057617,18.690000534057617,593,0.0,0.0
2024-09-10 15:50:00-04:00,18.704999923706055,18.704999923706055,18.704999923706055,18.704999923706055,180,0.0,0.0
2024-09-10 15:51:00-04:00,18.69499969482422,18.69499969482422,18.69499969482422,18.69499969482422,128,0.0,0.0
2024-09-10 15:52:00-04:00,18.690000534057617,18.690000534057617,18.690000534057617,18.690000534057617,443,0.0,0.0
2024-09-10 15:55:00-04:00,18.709999084472656,18.709999084472656,18.700000762939453,18.709999084472656,5470,0.0,0.0
2024-09-10 15:56:00-04:00,18.700000762939453,18.700000762939453,18.700000762939453,18.700000762939453,385,0.0,0.0
2024-09-10 15:57:00-04:00,18.700000762939453,18.704999923706055,18.700000762939453,18.704999923706055,844,0.0,0.0
2024-09-10 15:58:00-04:00,18.704999923706055,18.71500015258789,18.704999923706055,18.71500015258789,2500,0.0,0.0
2024-09-10 15:59:00-04:00,18.71500015258789,18.71500015258789,18.700000762939453,18.70199966430664,1920,0.0,0.0
2024-09-11 09:30:00-04:00,18.719999313354492,18.719999313354492,18.719999313354492,18.719999313354492,0,0.0,0.0
2024-09-11 09:32:00-04:00,18.672300338745117,18.672300338745117,18.672300338745117,18.672300338745117,3986,0.0,0.0
2024-09-11 09:37:00-04:00,18.709999084472656,18.709999084472656,18.709999084472656,18.709999084472656,101,0.0,0.0
2024-09-11 09:40:00-04:00,18.739999771118164,18.739999771118164,18.739999771118164,18.739999771118164,265,0.0,0.0
2024-09-11 09:46:00-04:00,18.719999313354492,18.719999313354492,18.719999313354492,18.719999313354492,624,0.0,0.0
2024-09-11 09:47:00-04:00,18.738000869750977,18.738000869750977,18.69099998474121,18.69099998474121,498,0.0,0.0
2024-09-11 09:49:00-04:00,18.729999542236328,18.729999542236328,18.729999542236328,18.729999542236328,200,0.0,0.0
2024-09-11 09:50:00-04:00,18.719999313354492,18.719999313354492,18.719999313354492,18.719999313354492,425,0.0,0.0
2024-09-11 09:51:00-04:00,18.739999771118164,18.739999771118164,18.719999313354492,18.719999313354492,8371,0.0,0.0
2024-09-11 09:52:00-04:00,18.70560073852539,18.70560073852539,18.70560073852539,18.70560073852539,300,0.0,0.0
2024-09-11 09:55:00-04:00,18.738000869750977,18.738000869750977,18.738000869750977,18.738000869750977,200,0.0,0.0
2024-09-11 10:01:00-04:00,18.719999313354492,18.725000381469727,18.719999313354492,18.725000381469727,675,0.0,0.0
2024-09-11 10:03:00-04:00,18.719999313354492,18.719999313354492,18.719999313354492,18.719999313354492,1500,0.0,0.0
2024-09-11 10:04:00-04:00,18.729999542236328,18.729999542236328,18.709999084472656,18.719999313354492,2188,0.0,0.0
2024-09-11 10:05:00-04:00,18.719999313354492,18.719999313354492,18.719999313354492,18.719999313354492,1600,0.0,0.0
2024-09-11 10:06:00-04:00,18.719999313354492,18.719999313354492,18.709999084472656,18.709999084472656,1190,0.0,0.0
2024-09-11 10:08:00-04:00,18.709999084472656,18.709999084472656,18.709999084472656,18.709999084472656,100,0.0,0.0
2024-09-11 10:12:00-04:00,18.709999084472656,18.719999313354492,18.709999084472656,18.709999084472656,3280,0.0,0.0
2024-09-11 10:13:00-04:00,18.701000213623047,18.70400047302246,18.701000213623047,18.70400047302246,1118,0.0,0.0
2024-09-11 10:14:00-04:00,18.709999084472656,18.709999084472656,18.709999084472656,18.709999084472656,420,0.0,0.0
2024-09-11 10:15:00-04:00,18.700000762939453,18.700000762939453,18.700000762939453,18.700000762939453,1534,0.0,0.0
2024-09-11 10:16:00-04:00,18.709999084472656,18.709999084472656,18.709999084472656,18.709999084472656,1928,0.0,0.0
2024-09-11 10:18:00-04:00,18.700000762939453,18.700000762939453,18.690000534057617,18.690000534057617,1236,0.0,0.0
2024-09-11 10:19:00-04:00,18.690000534057617,18.690000534057617,18.68000030517578,18.68000030517578,519,0.0,0.0
2024-09-11 10:21:00-04:00,18.670000076293945,18.670000076293945,18.670000076293945,18.670000076293945,100,0.0,0.0
2024-09-11 10:22:00-04:00,18.670000076293945,18.670000076293945,18.670000076293945,18.670000076293945,200,0.0,0.0
2024-09-11 10:23:00-04:00,18.670000076293945,18.670000076293945,18.670000076293945,18.670000076293945,1076,0.0,0.0
2024-09-11 10:24:00-04:00,18.68320083618164,18.68320083618164,18.68320083618164,18.68320083618164,539,0.0,0.0
2024-09-11 10:26:00-04:00,18.68000030517578,18.68000030517578,18.68000030517578,18.68000030517578,120,0.0,0.0
2024-09-11 10:30:00-04:00,18.695999145507812,18.695999145507812,18.695999145507812,18.695999145507812,200,0.0,0.0
2024-09-11 10:31:00-04:00,18.700000762939453,18.700000762939453,18.69729995727539,18.69729995727539,1282,0.0,0.0
2024-09-11 10:33:00-04:00,18.709999084472656,18.709999084472656,18.709999084472656,18.709999084472656,1293,0.0,0.0
2024-09-11 10:38:00-04:00,18.719999313354492,18.719999313354492,18.719999313354492,18.719999313354492,746,0.0,0.0
2024-09-11 10:40:00-04:00,18.719999313354492,18.719999313354492,18.719999313354492,18.719999313354492,511,0.0,0.0
2024-09-11 10:46:00-04:00,18.719999313354492,18.719999313354492,18.719999313354492,18.719999313354492,234,0.0,0.0
2024-09-11 10:51:00-04:00,18.719999313354492,18.719999313354492,18.719999313354492,18.719999313354492,485,0.0,0.0
2024-09-11 10:53:00-04:00,18.719999313354492,18.719999313354492,18.719999313354492,18.719999313354492,1017,0.0,0.0
2024-09-11 10:54:00-04:00,18.739999771118164,18.739999771118164,18.719999313354492,18.719999313354492,836,0.0,0.0
2024-09-11 10:59:00-04:00,18.719999313354492,18.719999313354492,18.719999313354492,18.719999313354492,100,0.0,0.0
2024-09-11 11:01:00-04:00,18.739999771118164,18.739999771118164,18.725000381469727,18.725000381469727,1223,0.0,0.0
2024-09-11 11:06:00-04:00,18.725000381469727,18.725000381469727,18.725000381469727,18.725000381469727,104,0.0,0.0
2024-09-11 11:08:00-04:00,18.729999542236328,18.729999542236328,18.725000381469727,18.725000381469727,305,0.0,0.0
2024-09-11 11:17:00-04:00,18.725000381469727,18.725000381469727,18.725000381469727,18.725000381469727,779,0.0,0.0
2024-09-11 11:19:00-04:00,18.725000381469727,18.725000381469727,18.725000381469727,18.725000381469727,304,0.0,0.0
2024-09-11 11:22:00-04:00,18.725000381469727,18.739999771118164,18.725000381469727,18.739900588989258,1700,0.0,0.0
2024-09-11 11:25:00-04:00,18.739999771118164,18.739999771118164,18.739999771118164,18.739999771118164,300,0.0,0.0
2024-09-11 11:28:00-04:00,18.739999771118164,18.739999771118164,18.739999771118164,18.739999771118164,700,0.0,0.0
2024-09-11 11:33:00-04:00,18.770000457763672,18.770000457763672,18.770000457763672,18.770000457763672,140,0.0,0.0
2024-09-11 11:37:00-04:00,18.770000457763672,18.770000457763672,18.770000457763672,18.770000457763672,200,0.0,0.0
2024-09-11 11:38:00-04:00,18.760099411010742,18.760099411010742,18.760099411010742,18.760099411010742,1100,0.0,0.0
2024-09-11 11:39:00-04:00,18.76449966430664,18.76449966430664,18.76449966430664,18.76449966430664,600,0.0,0.0
2024-09-11 11:40:00-04:00,18.780000686645508,18.780000686645508,18.780000686645508,18.780000686645508,1025,0.0,0.0
2024-09-11 11:43:00-04:00,18.770000457763672,18.770000457763672,18.770000457763672,18.770000457763672,302,0.0,0.0
2024-09-11 11:45:00-04:00,18.769699096679688,18.769699096679688,18.769699096679688,18.769699096679688,429,0.0,0.0
2024-09-11 11:46:00-04:00,18.770000457763672,18.770000457763672,18.770000457763672,18.770000457763672,964,0.0,0.0
2024-09-11 11:48:00-04:00,18.767900466918945,18.767900466918945,18.767900466918945,18.767900466918945,162,0.0,0.0
2024-09-11 11:50:00-04:00,18.760000228881836,18.760000228881836,18.719999313354492,18.75,3350,0.0,0.0
2024-09-11 11:51:00-04:00,18.75,18.75,18.75,18.75,119,0.0,0.0
2024-09-11 11:52:00-04:00,18.762500762939453,18.762500762939453,18.75,18.75,800,0.0,0.0
2024-09-11 12:00:00-04:00,18.7632999420166,18.7632999420166,18.7632999420166,18.7632999420166,1000,0.0,0.0
2024-09-11 12:04:00-04:00,18.75,18.75,18.75,18.75,200,0.0,0.0
2024-09-11 12:08:00-04:00,18.77989959716797,18.77989959716797,18.77989959716797,18.77989959716797,625,0.0,0.0
2024-09-11 12:09:00-04:00,18.75,18.75,18.75,18.75,518,0.0,0.0
2024-09-11 12:27:00-04:00,18.75,18.75,18.75,18.75,1025,0.0,0.0
2024-09-11 12:31:00-04:00,18.75,18.75,18.75,18.75,437,0.0,0.0
2024-09-11 12:33:00-04:00,18.729999542236328,18.729999542236328,18.729999542236328,18.729999542236328,179,0.0,0.0
2024-09-11 12:38:00-04:00,18.729999542236328,18.729999542236328,18.729999542236328,18.729999542236328,141,0.0,0.0
2024-09-11 12:41:00-04:00,18.729999542236328,18.729999542236328,18.729999542236328,18.729999542236328,115,0.0,0.0
2024-09-11 12:45:00-04:00,18.729999542236328,18.7430362701416,18.729999542236328,18.7430362701416,253,0.0,0.0
2024-09-11 12:48:00-04:00,18.729999542236328,18.729999542236328,18.729999542236328,18.729999542236328,100,0.0,0.0
2024-09-11 12:50:00-04:00,18.75,18.760000228881836,18.75,18.760000228881836,330,0.0,0.0
2024-09-11 12:51:00-04:00,18.75,18.75,18.75,18.75,313,0.0,0.0
2024-09-11 12:57:00-04:00,18.75,18.75,18.75,18.75,200,0.0,0.0
2024-09-11 12:59:00-04:00,18.760000228881836,18.760000228881836,18.760000228881836,18.760000228881836,661,0.0,0.0
2024-09-11 13:16:00-04:00,18.769899368286133,18.769899368286133,18.760000228881836,18.760000228881836,2870,0.0,0.0
2024-09-11 13:21:00-04:00,18.763399124145508,18.763399124145508,18.763399124145508,18.763399124145508,1600,0.0,0.0
2024-09-11 13:24:00-04:00,18.760000228881836,18.768999099731445,18.760000228881836,18.760000228881836,3130,0.0,0.0
2024-09-11 13:35:00-04:00,18.75,18.75,18.75,18.75,758,0.0,0.0
2024-09-11 13:42:00-04:00,18.75279998779297,18.75279998779297,18.750699996948242,18.750699996948242,300,0.0,0.0
2024-09-11 13:44:00-04:00,18.766000747680664,18.766000747680664,18.766000747680664,18.766000747680664,720,0.0,0.0
2024-09-11 13:47:00-04:00,18.729999542236328,18.729999542236328,18.729999542236328,18.729999542236328,200,0.0,0.0
2024-09-11 13:49:00-04:00,18.75,18.75,18.75,18.75,131,0.0,0.0
2024-09-11 13:53:00-04:00,18.75,18.75,18.75,18.75,200,0.0,0.0
2024-09-11 13:54:00-04:00,18.75,18.75,18.75,18.75,343,0.0,0.0
2024-09-11 14:00:00-04:00,18.769699096679688,18.769699096679688,18.769699096679688,18.769699096679688,535,0.0,0.0
2024-09-11 14:07:00-04:00,18.75822639465332,18.75822639465332,18.75822639465332,18.75822639465332,1162,0.0,0.0
2024-09-11 14:11:00-04:00,18.762500762939453,18.762500762939453,18.7549991607666,18.7549991607666,1706,0.0,0.0
2024-09-11 14:17:00-04:00,18.760000228881836,18.760000228881836,18.760000228881836,18.760000228881836,600,0.0,0.0
2024-09-11 14:18:00-04:00,18.7549991607666,18.770000457763672,18.7549991607666,18.7549991607666,700,0.0,0.0
2024-09-11 14:19:00-04:00,18.758800506591797,18.758800506591797,18.7549991607666,18.7549991607666,1370,0.0,0.0
2024-09-11 14:23:00-04:00,18.770000457763672,18.770000457763672,18.7549991607666,18.7549991607666,894,0.0,0.0
2024-09-11 14:24:00-04:00,18.760000228881836,18.770000457763672,18.760000228881836,18.760000228881836,1208,0.0,0.0
2024-09-11 14:27:00-04:00,18.751399993896484,18.7593994140625,18.750600814819336,18.7593994140625,2330,0.0,0.0
2024-09-11 14:28:00-04:00,18.75,18.75,18.75,18.75,180,0.0,0.0
2024-09-11 14:29:00-04:00,18.760000228881836,18.760000228881836,18.760000228881836,18.760000228881836,178,0.0,0.0
2024-09-11 14:30:00-04:00,18.750099182128906,18.750099182128906,18.750099182128906,18.750099182128906,640,0.0,0.0
2024-09-11 14:32:00-04:00,18.745100021362305,18.745100021362305,18.745100021362305,18.745100021362305,265,0.0,0.0
2024-09-11 14:37:00-04:00,18.760000228881836,18.760000228881836,18.760000228881836,18.760000228881836,1350,0.0,0.0
2024-09-11 14:38:00-04:00,18.760000228881836,18.760000228881836,18.760000228881836,18.760000228881836,125,0.0,0.0
2024-09-11 14:42:00-04:00,18.760000228881836,18.760000228881836,18.760000228881836,18.760000228881836,577,0.0,0.0
2024-09-11 14:48:00-04:00,18.770000457763672,18.770000457763672,18.760000228881836,18.760000228881836,911,0.0,0.0
2024-09-11 14:55:00-04:00,18.75779914855957,18.75779914855957,18.75779914855957,18.75779914855957,140,0.0,0.0
2024-09-11 15:04:00-04:00,18.7549991607666,18.7549991607666,18.7549991607666,18.7549991607666,358,0.0,0.0
2024-09-11 15:05:00-04:00,18.75779914855957,18.75779914855957,18.7549991607666,18.7549991607666,2817,0.0,0.0
2024-09-11 15:07:00-04:00,18.7549991607666,18.7549991607666,18.7549991607666,18.7549991607666,460,0.0,0.0
2024-09-11 15:08:00-04:00,18.739999771118164,18.739999771118164,18.739999771118164,18.739999771118164,100,0.0,0.0
2024-09-11 15:10:00-04:00,18.7549991607666,18.7549991607666,18.7549991607666,18.7549991607666,393,0.0,0.0
2024-09-11 15:12:00-04:00,18.7549991607666,18.7549991607666,18.7549991607666,18.7549991607666,250,0.0,0.0
2024-09-11 15:17:00-04:00,18.739999771118164,18.739999771118164,18.739999771118164,18.739999771118164,266,0.0,0.0
2024-09-11 15:23:00-04:00,18.769899368286133,18.769899368286133,18.769899368286133,18.769899368286133,100,0.0,0.0
2024-09-11 15:24:00-04:00,18.75659942626953,18.75659942626953,18.75659942626953,18.75659942626953,371,0.0,0.0
2024-09-11 15:26:00-04:00,18.760000228881836,18.76180076599121,18.75,18.75,3679,0.0,0.0
2024-09-11 15:29:00-04:00,18.760000228881836,18.760000228881836,18.760000228881836,18.760000228881836,732,0.0,0.0
2024-09-11 15:30:00-04:00,18.761999130249023,18.761999130249023,18.760000228881836,18.760000228881836,2900,0.0,0.0
2024-09-11 15:31:00-04:00,18.760000228881836,18.760000228881836,18.75,18.760000228881836,1254,0.0,0.0
2024-09-11 15:32:00-04:00,18.758800506591797,18.758800506591797,18.758800506591797,18.758800506591797,133,0.0,0.0
2024-09-11 15:35:00-04:00,18.75,18.75,18.75,18.75,256,0.0,0.0
2024-09-11 15:37:00-04:00,18.75,18.760000228881836,18.75,18.760000228881836,555,0.0,0.0
2024-09-11 15:39:00-04:00,18.760000228881836,18.760000228881836,18.760000228881836,18.760000228881836,193,0.0,0.0
2024-09-11 15:42:00-04:00,18.760000228881836,18.760000228881836,18.760000228881836,18.760000228881836,103,0.0,0.0
2024-09-11 15:43:00-04:00,18.75,18.75,18.75,18.75,118,0.0,0.0
2024-09-11 15:45:00-04:00,18.7549991607666,18.7549991607666,18.75,18.75,261,0.0,0.0
2024-09-11 15:46:00-04:00,18.7549991607666,18.7549991607666,18.75,18.75,327,0.0,0.0
2024-09-11 15:48:00-04:00,18.7549991607666,18.7549991607666,18.75,18.7549991607666,490,0.0,0.0
2024-09-11 15:49:00-04:00,18.760000228881836,18.790000915527344,18.7549991607666,18.764999389648438,6032,0.0,0.0
2024-09-11 15:50:00-04:00,18.75,18.764999389648438,18.75,18.764999389648438,573,0.0,0.0
2024-09-11 15:51:00-04:00,18.75,18.75,18.75,18.75,221,0.0,0.0
2024-09-11 15:52:00-04:00,18.75,18.770000457763672,18.75,18.770000457763672,300,0.0,0.0
2024-09-11 15:54:00-04:00,18.760000228881836,18.760000228881836,18.760000228881836,18.760000228881836,194,0.0,0.0
2024-09-11 15:55:00-04:00,18.760000228881836,18.780000686645508,18.760000228881836,18.780000686645508,547,0.0,0.0
2024-09-11 15:56:00-04:00,18.760000228881836,18.760000228881836,18.760000228881836,18.760000228881836,634,0.0,0.0
2024-09-11 15:57:00-04:00,18.760000228881836,18.770000457763672,18.760000228881836,18.770000457763672,1401,0.0,0.0
2024-09-11 15:58:00-04:00,18.770000457763672,18.770000457763672,18.770000457763672,18.770000457763672,311,0.0,0.0
2024-09-11 15:59:00-04:00,18.770000457763672,18.790000915527344,18.770000457763672,18.790000915527344,4075,0.0,0.0
2024-09-12 09:30:00-04:00,18.809999465942383,18.809999465942383,18.780000686645508,18.780000686645508,4362,0.0,0.0
2024-09-12 09:32:00-04:00,18.756999969482422,18.756999969482422,18.756999969482422,18.756999969482422,403,0.0,0.0
2024-09-12 09:38:00-04:00,18.77440071105957,18.77440071105957,18.77440071105957,18.77440071105957,1054,0.0,0.0
2024-09-12 09:41:00-04:00,18.700000762939453,18.700000762939453,18.700000762939453,18.700000762939453,197,0.0,0.0
2024-09-12 09:45:00-04:00,18.790000915527344,18.790000915527344,18.790000915527344,18.790000915527344,200,0.0,0.0
2024-09-12 09:46:00-04:00,18.790000915527344,18.790000915527344,18.766700744628906,18.766700744628906,519,0.0,0.0
2024-09-12 09:54:00-04:00,18.780000686645508,18.780000686645508,18.780000686645508,18.780000686645508,210,0.0,0.0
2024-09-12 10:05:00-04:00,18.780000686645508,18.780000686645508,18.766000747680664,18.766000747680664,556,0.0,0.0
2024-09-12 10:11:00-04:00,18.780000686645508,18.780000686645508,18.780000686645508,18.780000686645508,200,0.0,0.0
2024-09-12 10:15:00-04:00,18.799999237060547,18.799999237060547,18.790000915527344,18.790000915527344,404,0.0,0.0
2024-09-12 10:18:00-04:00,18.818899154663086,18.818899154663086,18.818899154663086,18.818899154663086,162,0.0,0.0
2024-09-12 10:21:00-04:00,18.819000244140625,18.81999969482422,18.819000244140625,18.819900512695312,761,0.0,0.0
2024-09-12 10:27:00-04:00,18.809999465942383,18.81999969482422,18.809999465942383,18.81999969482422,1317,0.0,0.0
2024-09-12 10:28:00-04:00,18.807100296020508,18.807100296020508,18.807100296020508,18.807100296020508,134,0.0,0.0
2024-09-12 10:43:00-04:00,18.815200805664062,18.815200805664062,18.815200805664062,18.815200805664062,5430,0.0,0.0
2024-09-12 10:46:00-04:00,18.799999237060547,18.799999237060547,18.799999237060547,18.799999237060547,2435,0.0,0.0
2024-09-12 10:47:00-04:00,18.84000015258789,18.84000015258789,18.84000015258789,18.84000015258789,1325,0.0,0.0
2024-09-12 10:52:00-04:00,18.810199737548828,18.810199737548828,18.810199737548828,18.810199737548828,455,0.0,0.0
2024-09-12 10:57:00-04:00,18.809999465942383,18.809999465942383,18.809999465942383,18.809999465942383,1226,0.0,0.0
2024-09-12 10:58:00-04:00,18.81999969482422,18.81999969482422,18.809999465942383,18.809999465942383,342,0.0,0.0
2024-09-12 10:59:00-04:00,18.801799774169922,18.801799774169922,18.801799774169922,18.801799774169922,379,0.0,0.0
2024-09-12 11:04:00-04:00,18.809999465942383,18.809999465942383,18.809999465942383,18.809999465942383,101,0.0,0.0
2024-09-12 11:11:00-04:00,18.829999923706055,18.84000015258789,18.829999923706055,18.84000015258789,436,0.0,0.0
2024-09-12 11:12:00-04:00,18.84000015258789,18.84000015258789,18.84000015258789,18.84000015258789,1576,0.0,0.0
2024-09-12 11:16:00-04:00,18.799999237060547,18.800199508666992,18.770000457763672,18.770000457763672,1540,0.0,0.0
2024-09-12 11:19:00-04:00,18.809200286865234,18.809200286865234,18.809200286865234,18.809200286865234,310,0.0,0.0
2024-09-12 11:27:00-04:00,18.800600051879883,18.804800033569336,18.800600051879883,18.804800033569336,1047,0.0,0.0
2024-09-12 11:28:00-04:00,18.829999923706055,18.829999923706055,18.795000076293945,18.795000076293945,350,0.0,0.0
2024-09-12 11:29:00-04:00,18.799999237060547,18.799999237060547,18.799999237060547,18.799999237060547,202,0.0,0.0
2024-09-12 11:30:00-04:00,18.795000076293945,18.795000076293945,18.795000076293945,18.795000076293945,622,0.0,0.0
2024-09-12 11:31:00-04:00,18.807086944580078,18.807086944580078,18.807086944580078,18.807086944580078,1549,0.0,0.0
2024-09-12 11:40:00-04:00,18.781999588012695,18.799999237060547,18.781999588012695,18.799999237060547,5590,0.0,0.0
2024-09-12 11:42:00-04:00,18.810300827026367,18.810300827026367,18.810300827026367,18.810300827026367,2185,0.0,0.0
2024-09-12 11:44:00-04:00,18.80900001525879,18.815000534057617,18.80900001525879,18.815000534057617,1306,0.0,0.0
2024-09-12 11:46:00-04:00,18.81999969482422,18.81999969482422,18.81999969482422,18.81999969482422,825,0.0,0.0
2024-09-12 11:47:00-04:00,18.815000534057617,18.829999923706055,18.815000534057617,18.829999923706055,1700,0.0,0.0
2024-09-12 11:48:00-04:00,18.815000534057617,18.815000534057617,18.815000534057617,18.815000534057617,1610,0.0,0.0
2024-09-12 11:50:00-04:00,18.81999969482422,18.81999969482422,18.81999969482422,18.81999969482422,100,0.0,0.0
2024-09-12 11:51:00-04:00,18.825000762939453,18.825000762939453,18.825000762939453,18.825000762939453,115,0.0,0.0
2024-09-12 11:53:00-04:00,18.81999969482422,18.81999969482422,18.81999969482422,18.81999969482422,100,0.0,0.0
2024-09-12 11:54:00-04:00,18.81999969482422,18.81999969482422,18.81999969482422,18.81999969482422,305,0.0,0.0
2024-09-12 11:55:00-04:00,18.825000762939453,18.825000762939453,18.81999969482422,18.81999969482422,215,0.0,0.0
2024-09-12 11:56:00-04:00,18.81999969482422,18.81999969482422,18.81999969482422,18.81999969482422,164,0.0,0.0
2024-09-12 12:04:00-04:00,18.81999969482422,18.82990074157715,18.81999969482422,18.82990074157715,1500,0.0,0.0
2024-09-12 12:08:00-04:00,18.81999969482422,18.81999969482422,18.81999969482422,18.81999969482422,784,0.0,0.0
2024-09-12 12:17:00-04:00,18.81999969482422,18.829999923706055,18.81999969482422,18.827499389648438,2820,0.0,0.0
2024-09-12 12:18:00-04:00,18.825000762939453,18.84000015258789,18.825000762939453,18.84000015258789,3614,0.0,0.0
2024-09-12 12:20:00-04:00,18.829200744628906,18.829200744628906,18.829200744628906,18.829200744628906,1015,0.0,0.0
2024-09-12 12:21:00-04:00,18.81999969482422,18.81999969482422,18.81999969482422,18.81999969482422,1197,0.0,0.0
2024-09-12 12:28:00-04:00,18.81999969482422,18.81999969482422,18.81999969482422,18.81999969482422,299,0.0,0.0
2024-09-12 12:34:00-04:00,18.815000534057617,18.81999969482422,18.815000534057617,18.81999969482422,319,0.0,0.0
2024-09-12 12:37:00-04:00,18.815000534057617,18.81999969482422,18.815000534057617,18.815000534057617,715,0.0,0.0
2024-09-12 12:40:00-04:00,18.81800079345703,18.819900512695312,18.815000534057617,18.815000534057617,415,0.0,0.0
2024-09-12 12:43:00-04:00,18.815000534057617,18.815000534057617,18.815000534057617,18.815000534057617,210,0.0,0.0
2024-09-12 12:44:00-04:00,18.81999969482422,18.81999969482422,18.815000534057617,18.815000534057617,310,0.0,0.0
2024-09-12 12:46:00-04:00,18.815000534057617,18.81999969482422,18.815000534057617,18.81999969482422,1200,0.0,0.0
2024-09-12 12:47:00-04:00,18.81999969482422,18.82990074157715,18.809999465942383,18.81999969482422,4048,0.0,0.0
2024-09-12 12:52:00-04:00,18.81999969482422,18.81999969482422,18.81999969482422,18.81999969482422,208,0.0,0.0
2024-09-12 13:00:00-04:00,18.815000534057617,18.815000534057617,18.815000534057617,18.815000534057617,501,0.0,0.0
2024-09-12 13:04:00-04:00,18.81800079345703,18.81800079345703,18.815000534057617,18.815000534057617,703,0.0,0.0
2024-09-12 13:07:00-04:00,18.81800079345703,18.81800079345703,18.81800079345703,18.81800079345703,753,0.0,0.0
2024-09-12 13:11:00-04:00,18.81800079345703,18.81800079345703,18.815000534057617,18.815000534057617,758,0.0,0.0
2024-09-12 13:15:00-04:00,18.81800079345703,18.81999969482422,18.815000534057617,18.816600799560547,1131,0.0,0.0
2024-09-12 13:17:00-04:00,18.81369972229004,18.81369972229004,18.81369972229004,18.81369972229004,741,0.0,0.0
2024-09-12 13:19:00-04:00,18.81999969482422,18.81999969482422,18.81999969482422,18.81999969482422,1756,0.0,0.0
2024-09-12 13:28:00-04:00,18.825000762939453,18.825000762939453,18.825000762939453,18.825000762939453,100,0.0,0.0
2024-09-12 13:30:00-04:00,18.825000762939453,18.825000762939453,18.82469940185547,18.82469940185547,539,0.0,0.0
2024-09-12 13:34:00-04:00,18.825000762939453,18.827699661254883,18.825000762939453,18.827699661254883,1265,0.0,0.0
2024-09-12 13:35:00-04:00,18.81999969482422,18.81999969482422,18.81999969482422,18.81999969482422,100,0.0,0.0
2024-09-12 13:38:00-04:00,18.825000762939453,18.825000762939453,18.825000762939453,18.825000762939453,1000,0.0,0.0
2024-09-12 13:39:00-04:00,18.829999923706055,18.84000015258789,18.82990074157715,18.84000015258789,2917,0.0,0.0
2024-09-12 13:52:00-04:00,18.849899291992188,18.849899291992188,18.849899291992188,18.849899291992188,1112,0.0,0.0
2024-09-12 13:57:00-04:00,18.84000015258789,18.850000381469727,18.84000015258789,18.850000381469727,300,0.0,0.0
2024-09-12 14:00:00-04:00,18.850000381469727,18.850000381469727,18.84000015258789,18.844999313354492,2713,0.0,0.0
2024-09-12 14:02:00-04:00,18.860000610351562,18.860000610351562,18.860000610351562,18.860000610351562,847,0.0,0.0
2024-09-12 14:08:00-04:00,18.860000610351562,18.860000610351562,18.860000610351562,18.860000610351562,982,0.0,0.0
2024-09-12 14:09:00-04:00,18.860000610351562,18.8700008392334,18.860000610351562,18.8700008392334,678,0.0,0.0
2024-09-12 14:11:00-04:00,18.860000610351562,18.860000610351562,18.860000610351562,18.860000610351562,225,0.0,0.0
2024-09-12 14:12:00-04:00,18.860000610351562,18.860000610351562,18.860000610351562,18.860000610351562,100,0.0,0.0
2024-09-12 14:17:00-04:00,18.860000610351562,18.860000610351562,18.860000610351562,18.860000610351562,860,0.0,0.0
2024-09-12 14:21:00-04:00,18.860000610351562,18.860000610351562,18.860000610351562,18.860000610351562,169,0.0,0.0
2024-09-12 14:27:00-04:00,18.8700008392334,18.8700008392334,18.862699508666992,18.862699508666992,1504,0.0,0.0
2024-09-12 14:30:00-04:00,18.860000610351562,18.860000610351562,18.860000610351562,18.860000610351562,1616,0.0,0.0
2024-09-12 14:37:00-04:00,18.869800567626953,18.869800567626953,18.855499267578125,18.860000610351562,2870,0.0,0.0
2024-09-12 14:38:00-04:00,18.8700008392334,18.8700008392334,18.8700008392334,18.8700008392334,100,0.0,0.0
2024-09-12 14:39:00-04:00,18.8700008392334,18.8700008392334,18.8700008392334,18.8700008392334,720,0.0,0.0
2024-09-12 14:42:00-04:00,18.869400024414062,18.869400024414062,18.869400024414062,18.869400024414062,192,0.0,0.0
2024-09-12 14:52:00-04:00,18.850000381469727,18.850000381469727,18.850000381469727,18.850000381469727,400,0.0,0.0
2024-09-12 14:55:00-04:00,18.860000610351562,18.860000610351562,18.860000610351562,18.860000610351562,3583,0.0,0.0
2024-09-12 15:00:00-04:00,18.860000610351562,18.860000610351562,18.860000610351562,18.860000610351562,177,0.0,0.0
2024-09-12 15:02:00-04:00,18.85300064086914,18.860000610351562,18.85300064086914,18.860000610351562,2196,0.0,0.0
2024-09-12 15:13:00-04:00,18.861099243164062,18.861099243164062,18.861099243164062,18.861099243164062,1361,0.0,0.0
2024-09-12 15:16:00-04:00,18.850000381469727,18.850000381469727,18.850000381469727,18.850000381469727,100,0.0,0.0
2024-09-12 15:23:00-04:00,18.851999282836914,18.854999542236328,18.850000381469727,18.854999542236328,2478,0.0,0.0
2024-09-12 15:25:00-04:00,18.860000610351562,18.860000610351562,18.854999542236328,18.854999542236328,255,0.0,0.0
2024-09-12 15:26:00-04:00,18.858999252319336,18.858999252319336,18.858999252319336,18.858999252319336,250,0.0,0.0
2024-09-12 15:32:00-04:00,18.854299545288086,18.854299545288086,18.854299545288086,18.854299545288086,126,0.0,0.0
2024-09-12 15:33:00-04:00,18.854999542236328,18.85770034790039,18.854999542236328,18.85770034790039,1775,0.0,0.0
2024-09-12 15:37:00-04:00,18.854999542236328,18.860000610351562,18.854999542236328,18.854999542236328,1500,0.0,0.0
2024-09-12 15:40:00-04:00,18.854999542236328,18.854999542236328,18.854999542236328,18.854999542236328,251,0.0,0.0
2024-09-12 15:45:00-04:00,18.860000610351562,18.8700008392334,18.860000610351562,18.860000610351562,1300,0.0,0.0
2024-09-12 15:46:00-04:00,18.860000610351562,18.860000610351562,18.860000610351562,18.860000610351562,362,0.0,0.0
2024-09-12 15:47:00-04:00,18.8700008392334,18.8700008392334,18.860000610351562,18.860000610351562,3893,0.0,0.0
2024-09-12 15:48:00-04:00,18.8700008392334,18.8700008392334,18.8700008392334,18.8700008392334,3147,0.0,0.0
2024-09-12 15:49:00-04:00,18.860000610351562,18.860000610351562,18.860000610351562,18.860000610351562,100,0.0,0.0
2024-09-12 15:50:00-04:00,18.862899780273438,18.8700008392334,18.862899780273438,18.865699768066406,1233,0.0,0.0
2024-09-12 15:51:00-04:00,18.864999771118164,18.864999771118164,18.864999771118164,18.864999771118164,110,0.0,0.0
2024-09-12 15:53:00-04:00,18.864999771118164,18.864999771118164,18.864999771118164,18.864999771118164,283,0.0,0.0
2024-09-12 15:54:00-04:00,18.860200881958008,18.860200881958008,18.860200881958008,18.860200881958008,100,0.0,0.0
2024-09-12 15:55:00-04:00,18.860000610351562,18.8700008392334,18.860000610351562,18.8700008392334,411,0.0,0.0
2024-09-12 15:56:00-04:00,18.860000610351562,18.860000610351562,18.860000610351562,18.860000610351562,101,0.0,0.0
2024-09-12 15:57:00-04:00,18.860000610351562,18.860000610351562,18.820199966430664,18.829999923706055,13624,0.0,0.0
2024-09-12 15:58:00-04:00,18.829999923706055,18.829999923706055,18.829999923706055,18.829999923706055,241,0.0,0.0
2024-09-12 15:59:00-04:00,18.84000015258789,18.84000015258789,18.84000015258789,18.84000015258789,300,0.0,0.0
2024-09-13 09:30:00-04:00,18.8700008392334,18.8700008392334,18.8700008392334,18.8700008392334,0,0.0,0.0
2024-09-13 09:31:00-04:00,18.81399917602539,18.8700008392334,18.81399917602539,18.8700008392334,1600,0.0,0.0
2024-09-13 09:32:00-04:00,18.8700008392334,18.8700008392334,18.8700008392334,18.8700008392334,115,0.0,0.0
2024-09-13 09:33:00-04:00,18.860000610351562,18.8700008392334,18.860000610351562,18.8700008392334,585,0.0,0.0
2024-09-13 09:34:00-04:00,18.809999465942383,18.8700008392334,18.809999465942383,18.8700008392334,7662,0.0,0.0
2024-09-13 09:39:00-04:00,18.93000030517578,18.93000030517578,18.929899215698242,18.93000030517578,919,0.0,0.0
2024-09-13 09:41:00-04:00,18.923999786376953,18.923999786376953,18.923999786376953,18.923999786376953,1801,0.0,0.0
2024-09-13 09:44:00-04:00,18.92009925842285,18.93000030517578,18.92009925842285,18.93000030517578,955,0.0,0.0
2024-09-13 09:45:00-04:00,18.923900604248047,18.923900604248047,18.923900604248047,18.923900604248047,1150,0.0,0.0
2024-09-13 09:47:00-04:00,18.926300048828125,18.93000030517578,18.926300048828125,18.93000030517578,487,0.0,0.0
2024-09-13 09:48:00-04:00,18.959999084472656,18.959999084472656,18.959999084472656,18.959999084472656,100,0.0,0.0
2024-09-13 09:49:00-04:00,18.95199966430664,18.95199966430664,18.95199966430664,18.95199966430664,421,0.0,0.0
2024-09-13 09:59:00-04:00,18.954999923706055,18.954999923706055,18.941999435424805,18.941999435424805,1450,0.0,0.0
2024-09-13 10:00:00-04:00,18.950000762939453,18.950000762939453,18.950000762939453,18.950000762939453,200,0.0,0.0
2024-09-13 10:01:00-04:00,18.94300079345703,18.950000762939453,18.940000534057617,18.940000534057617,1830,0.0,0.0
2024-09-13 10:02:00-04:00,18.91029930114746,18.91029930114746,18.90999984741211,18.90999984741211,1851,0.0,0.0
2024-09-13 10:03:00-04:00,18.891799926757812,18.891799926757812,18.891799926757812,18.891799926757812,500,0.0,0.0
2024-09-13 10:07:00-04:00,18.91610336303711,18.91610336303711,18.91610336303711,18.91610336303711,2356,0.0,0.0
2024-09-13 10:08:00-04:00,18.889999389648438,18.889999389648438,18.889999389648438,18.889999389648438,100,0.0,0.0
2024-09-13 10:10:00-04:00,18.902000427246094,18.902000427246094,18.902000427246094,18.902000427246094,353,0.0,0.0
2024-09-13 10:11:00-04:00,18.899999618530273,18.899999618530273,18.899999618530273,18.899999618530273,445,0.0,0.0
2024-09-13 10:14:00-04:00,18.907400131225586,18.907400131225586,18.907400131225586,18.907400131225586,200,0.0,0.0
2024-09-13 10:15:00-04:00,18.920000076293945,18.920000076293945,18.920000076293945,18.920000076293945,582,0.0,0.0
2024-09-13 10:16:00-04:00,18.929899215698242,18.929899215698242,18.929899215698242,18.929899215698242,470,0.0,0.0
2024-09-13 10:21:00-04:00,18.892000198364258,18.892000198364258,18.892000198364258,18.892000198364258,430,0.0,0.0
2024-09-13 10:22:00-04:00,18.889999389648438,18.889999389648438,18.889999389648438,18.889999389648438,351,0.0,0.0
2024-09-13 10:25:00-04:00,18.890100479125977,18.890100479125977,18.890100479125977,18.890100479125977,5765,0.0,0.0
2024-09-13 10:26:00-04:00,18.90999984741211,18.90999984741211,18.90999984741211,18.90999984741211,100,0.0,0.0
2024-09-13 10:33:00-04:00,18.899999618530273,18.899999618530273,18.899999618530273,18.899999618530273,605,0.0,0.0
2024-09-13 10:35:00-04:00,18.899999618530273,18.899999618530273,18.899999618530273,18.899999618530273,500,0.0,0.0
2024-09-13 10:36:00-04:00,18.889999389648438,18.889999389648438,18.889999389648438,18.889999389648438,200,0.0,0.0
2024-09-13 10:39:00-04:00,18.894899368286133,18.894899368286133,18.894899368286133,18.894899368286133,1061,0.0,0.0
2024-09-13 10:40:00-04:00,18.895000457763672,18.895000457763672,18.895000457763672,18.895000457763672,250,0.0,0.0
2024-09-13 10:42:00-04:00,18.889999389648438,18.889999389648438,18.8799991607666,18.8799991607666,500,0.0,0.0
2024-09-13 10:44:00-04:00,18.8799991607666,18.8799991607666,18.8799991607666,18.8799991607666,0,0.0,0.0
2024-09-13 10:46:00-04:00,18.899999618530273,18.899999618530273,18.898500442504883,18.898500442504883,44221,0.0,0.0
2024-09-13 10:47:00-04:00,18.920000076293945,18.920000076293945,18.91990089416504,18.91990089416504,700,0.0,0.0
2024-09-13 10:49:00-04:00,18.90999984741211,18.90999984741211,18.90999984741211,18.90999984741211,221,0.0,0.0
2024-09-13 10:50:00-04:00,18.892000198364258,18.899999618530273,18.892000198364258,18.899999618530273,351,0.0,0.0
2024-09-13 10:55:00-04:00,18.905000686645508,18.905000686645508,18.905000686645508,18.905000686645508,100,0.0,0.0
2024-09-13 10:56:00-04:00,18.90999984741211,18.93000030517578,18.90999984741211,18.929899215698242,1900,0.0,0.0
2024-09-13 10:58:00-04:00,18.93000030517578,18.93000030517578,18.93000030517578,18.93000030517578,705,0.0,0.0
2024-09-13 11:01:00-04:00,18.93000030517578,18.93000030517578,18.920000076293945,18.920000076293945,900,0.0,0.0
2024-09-13 11:07:00-04:00,18.93000030517578,18.93000030517578,18.93000030517578,18.93000030517578,100,0.0,0.0
2024-09-13 11:08:00-04:00,18.93000030517578,18.93000030517578,18.93000030517578,18.93000030517578,200,0.0,0.0
2024-09-13 11:10:00-04:00,18.920000076293945,18.920000076293945,18.920000076293945,18.920000076293945,404,0.0,0.0
2024-09-13 11:11:00-04:00,18.924999237060547,18.924999237060547,18.924999237060547,18.924999237060547,1914,0.0,0.0
2024-09-13 11:12:00-04:00,18.924999237060547,18.924999237060547,18.924999237060547,18.924999237060547,124,0.0,0.0
2024-09-13 11:17:00-04:00,18.923999786376953,18.923999786376953,18.923999786376953,18.923999786376953,1175,0.0,0.0
2024-09-13 11:18:00-04:00,18.920000076293945,18.93000030517578,18.915000915527344,18.920000076293945,2167,0.0,0.0
2024-09-13 11:20:00-04:00,18.944000244140625,18.944000244140625,18.944000244140625,18.944000244140625,378,0.0,0.0
2024-09-13 11:22:00-04:00,18.940000534057617,18.944700241088867,18.940000534057617,18.944700241088867,809,0.0,0.0
2024-09-13 11:25:00-04:00,18.93000030517578,18.934999465942383,18.920000076293945,18.920000076293945,3200,0.0,0.0
2024-09-13 11:26:00-04:00,18.924999237060547,18.924999237060547,18.924999237060547,18.924999237060547,120,0.0,0.0
2024-09-13 11:28:00-04:00,18.93000030517578,18.941499710083008,18.93000030517578,18.941499710083008,391,0.0,0.0
2024-09-13 11:31:00-04:00,18.940000534057617,18.950000762939453,18.940000534057617,18.950000762939453,841,0.0,0.0
2024-09-13 11:34:00-04:00,18.94499969482422,18.94499969482422,18.94499969482422,18.94499969482422,106,0.0,0.0
2024-09-13 11:37:00-04:00,18.947999954223633,18.947999954223633,18.947999954223633,18.947999954223633,458,0.0,0.0
2024-09-13 11:40:00-04:00,18.950000762939453,18.950000762939453,18.940000534057617,18.950000762939453,844,0.0,0.0
2024-09-13 11:41:00-04:00,18.940000534057617,18.940000534057617,18.93000030517578,18.93000030517578,300,0.0,0.0
2024-09-13 11:44:00-04:00,18.950000762939453,18.950000762939453,18.950000762939453,18.950000762939453,608,0.0,0.0
2024-09-13 11:49:00-04:00,18.950000762939453,18.950000762939453,18.950000762939453,18.950000762939453,346,0.0,0.0
2024-09-13 11:50:00-04:00,18.94499969482422,18.94499969482422,18.94499969482422,18.94499969482422,182,0.0,0.0
2024-09-13 11:53:00-04:00,18.93000030517578,18.950000762939453,18.93000030517578,18.94499969482422,393,0.0,0.0
2024-09-13 11:54:00-04:00,18.940099716186523,18.940099716186523,18.940099716186523,18.940099716186523,200,0.0,0.0
2024-09-13 11:55:00-04:00,18.950000762939453,18.955799102783203,18.950000762939453,18.955799102783203,700,0.0,0.0
2024-09-13 11:58:00-04:00,18.95509910583496,18.95509910583496,18.954999923706055,18.954999923706055,806,0.0,0.0
2024-09-13 11:59:00-04:00,18.950000762939453,18.959999084472656,18.93000030517578,18.959999084472656,4350,0.0,0.0
2024-09-13 12:01:00-04:00,18.950000762939453,18.959999084472656,18.950000762939453,18.959999084472656,634,0.0,0.0
2024-09-13 12:02:00-04:00,18.959999084472656,18.959999084472656,18.959999084472656,18.959999084472656,111,0.0,0.0
2024-09-13 12:06:00-04:00,18.959999084472656,18.959999084472656,18.959999084472656,18.959999084472656,492,0.0,0.0
2024-09-13 12:07:00-04:00,18.969999313354492,18.969999313354492,18.969999313354492,18.969999313354492,140,0.0,0.0
2024-09-13 12:09:00-04:00,18.959999084472656,18.9689998626709,18.959999084472656,18.9689998626709,1248,0.0,0.0
2024-09-13 12:11:00-04:00,18.950000762939453,18.950000762939453,18.950000762939453,18.950000762939453,402,0.0,0.0
2024-09-13 12:17:00-04:00,18.95490074157715,18.955900192260742,18.95490074157715,18.955900192260742,465,0.0,0.0
2024-09-13 12:18:00-04:00,18.95949935913086,18.95949935913086,18.95949935913086,18.95949935913086,500,0.0,0.0
2024-09-13 12:24:00-04:00,18.954999923706055,18.95989990234375,18.954999923706055,18.95989990234375,535,0.0,0.0
2024-09-13 12:28:00-04:00,18.950000762939453,18.950000762939453,18.950000762939453,18.950000762939453,1026,0.0,0.0
2024-09-13 12:31:00-04:00,18.950000762939453,18.950000762939453,18.950000762939453,18.950000762939453,100,0.0,0.0
2024-09-13 12:32:00-04:00,18.959999084472656,18.969999313354492,18.959999084472656,18.959999084472656,1200,0.0,0.0
2024-09-13 12:33:00-04:00,18.959999084472656,18.969999313354492,18.95989990234375,18.968000411987305,1200,0.0,0.0
2024-09-13 12:36:00-04:00,18.969999313354492,18.969999313354492,18.969999313354492,18.969999313354492,107,0.0,0.0
2024-09-13 12:41:00-04:00,18.970600128173828,18.970600128173828,18.970600128173828,18.970600128173828,1075,0.0,0.0
2024-09-13 12:42:00-04:00,18.959999084472656,18.969999313354492,18.959999084472656,18.969999313354492,1483,0.0,0.0
2024-09-13 12:45:00-04:00,18.959999084472656,18.959999084472656,18.959999084472656,18.959999084472656,1000,0.0,0.0
2024-09-13 12:46:00-04:00,18.95509910583496,18.95509910583496,18.95509910583496,18.95509910583496,400,0.0,0.0
2024-09-13 12:49:00-04:00,18.959999084472656,18.959999084472656,18.940000534057617,18.940000534057617,917,0.0,0.0
2024-09-13 12:50:00-04:00,18.94499969482422,18.94499969482422,18.94499969482422,18.94499969482422,399,0.0,0.0
2024-09-13 12:51:00-04:00,18.94499969482422,18.950000762939453,18.94499969482422,18.950000762939453,200,0.0,0.0
2024-09-13 12:52:00-04:00,18.954999923706055,18.959999084472656,18.954999923706055,18.959999084472656,206,0.0,0.0
2024-09-13 12:54:00-04:00,18.95989990234375,18.969999313354492,18.95989990234375,18.959999084472656,5600,0.0,0.0
2024-09-13 12:56:00-04:00,18.959999084472656,18.959999084472656,18.959999084472656,18.959999084472656,1000,0.0,0.0
2024-09-13 12:58:00-04:00,18.969999313354492,18.969999313354492,18.969999313354492,18.969999313354492,3600,0.0,0.0
2024-09-13 12:59:00-04:00,18.959999084472656,18.959999084472656,18.950000762939453,18.950000762939453,751,0.0,0.0
2024-09-13 13:00:00-04:00,18.96500015258789,18.96500015258789,18.96500015258789,18.96500015258789,132,0.0,0.0
2024-09-13 13:02:00-04:00,18.959999084472656,18.959999084472656,18.959999084472656,18.959999084472656,283,0.0,0.0
2024-09-13 13:07:00-04:00,18.959999084472656,18.959999084472656,18.959999084472656,18.959999084472656,507,0.0,0.0
2024-09-13 13:10:00-04:00,18.959999084472656,18.959999084472656,18.959999084472656,18.959999084472656,442,0.0,0.0
2024-09-13 13:11:00-04:00,18.949899673461914,18.959999084472656,18.949899673461914,18.959999084472656,800,0.0,0.0
2024-09-13 13:12:00-04:00,18.952800750732422,18.952800750732422,18.952800750732422,18.952800750732422,400,0.0,0.0
2024-09-13 13:13:00-04:00,18.959999084472656,18.969999313354492,18.959999084472656,18.96500015258789,4300,0.0,0.0
2024-09-13 13:15:00-04:00,18.96500015258789,18.969999313354492,18.96500015258789,18.969999313354492,200,0.0,0.0
2024-09-13 13:16:00-04:00,18.969999313354492,18.969999313354492,18.96500015258789,18.96500015258789,3000,0.0,0.0
2024-09-13 13:18:00-04:00,18.969999313354492,18.969999313354492,18.969999313354492,18.969999313354492,200,0.0,0.0
2024-09-13 13:19:00-04:00,18.966705322265625,18.966705322265625,18.959999084472656,18.959999084472656,911,0.0,0.0
2024-09-13 13:21:00-04:00,18.954999923706055,18.959999084472656,18.94499969482422,18.959999084472656,1600,0.0,0.0
2024-09-13 13:24:00-04:00,18.959999084472656,18.959999084472656,18.959999084472656,18.959999084472656,300,0.0,0.0
2024-09-13 13:25:00-04:00,18.95639991760254,18.95639991760254,18.95639991760254,18.95639991760254,343,0.0,0.0
2024-09-13 13:27:00-04:00,18.959999084472656,18.959999084472656,18.950000762939453,18.950000762939453,600,0.0,0.0
2024-09-13 13:28:00-04:00,18.954999923706055,18.954999923706055,18.954999923706055,18.954999923706055,1365,0.0,0.0
2024-09-13 13:29:00-04:00,18.950000762939453,18.950000762939453,18.950000762939453,18.950000762939453,110,0.0,0.0
2024-09-13 13:32:00-04:00,18.959999084472656,18.969999313354492,18.959999084472656,18.969999313354492,3488,0.0,0.0
2024-09-13 13:33:00-04:00,18.969999313354492,18.969999313354492,18.969999313354492,18.969999313354492,100,0.0,0.0
2024-09-13 13:34:00-04:00,18.959999084472656,18.959999084472656,18.959999084472656,18.959999084472656,526,0.0,0.0
2024-09-13 13:35:00-04:00,18.959999084472656,18.959999084472656,18.959999084472656,18.959999084472656,400,0.0,0.0
2024-09-13 13:36:00-04:00,18.96500015258789,18.96500015258789,18.96500015258789,18.96500015258789,100,0.0,0.0
2024-09-13 13:37:00-04:00,18.96500015258789,18.96500015258789,18.959999084472656,18.959999084472656,558,0.0,0.0
2024-09-13 13:41:00-04:00,18.969999313354492,18.969999313354492,18.9689998626709,18.9689998626709,232,0.0,0.0
2024-09-13 13:44:00-04:00,18.959999084472656,18.959999084472656,18.959999084472656,18.959999084472656,491,0.0,0.0
2024-09-13 13:45:00-04:00,18.959999084472656,18.959999084472656,18.959999084472656,18.959999084472656,205,0.0,0.0
2024-09-13 13:46:00-04:00,18.959999084472656,18.959999084472656,18.959999084472656,18.959999084472656,100,0.0,0.0
2024-09-13 13:51:00-04:00,18.961599349975586,18.961599349975586,18.961599349975586,18.961599349975586,200,0.0,0.0
2024-09-13 13:52:00-04:00,18.969999313354492,18.969999313354492,18.968000411987305,18.969999313354492,300,0.0,0.0
2024-09-13 13:54:00-04:00,18.96500015258789,18.96500015258789,18.959999084472656,18.959999084472656,640,0.0,0.0
2024-09-13 13:57:00-04:00,18.959999084472656,18.959999084472656,18.959999084472656,18.959999084472656,344,0.0,0.0
2024-09-13 14:02:00-04:00,18.969999313354492,18.969999313354492,18.959999084472656,18.959999084472656,500,0.0,0.0
2024-09-13 14:06:00-04:00,18.958999633789062,18.958999633789062,18.950000762939453,18.950000762939453,531,0.0,0.0
2024-09-13 14:07:00-04:00,18.954999923706055,18.954999923706055,18.954999923706055,18.954999923706055,100,0.0,0.0
2024-09-13 14:08:00-04:00,18.954999923706055,18.969999313354492,18.954999923706055,18.969999313354492,1308,0.0,0.0
2024-09-13 14:09:00-04:00,18.96500015258789,18.96739959716797,18.96500015258789,18.96739959716797,300,0.0,0.0
2024-09-13 14:12:00-04:00,18.960100173950195,18.96500015258789,18.960100173950195,18.96500015258789,500,0.0,0.0
2024-09-13 14:13:00-04:00,18.969999313354492,18.969999313354492,18.959999084472656,18.959999084472656,449,0.0,0.0
2024-09-13 14:18:00-04:00,18.96500015258789,18.96500015258789,18.96500015258789,18.96500015258789,100,0.0,0.0
2024-09-13 14:20:00-04:00,18.969999313354492,18.969999313354492,18.969999313354492,18.969999313354492,100,0.0,0.0
2024-09-13 14:22:00-04:00,18.969999313354492,18.969999313354492,18.969999313354492,18.969999313354492,100,0.0,0.0
2024-09-13 14:24:00-04:00,18.969999313354492,18.969999313354492,18.94499969482422,18.94499969482422,861,0.0,0.0
2024-09-13 14:25:00-04:00,18.940000534057617,18.940000534057617,18.940000534057617,18.940000534057617,700,0.0,0.0
2024-09-13 14:28:00-04:00,18.940000534057617,18.940000534057617,18.93910026550293,18.93910026550293,920,0.0,0.0
2024-09-13 14:29:00-04:00,18.934900283813477,18.934900283813477,18.934900283813477,18.934900283813477,500,0.0,0.0
2024-09-13 14:30:00-04:00,18.937999725341797,18.937999725341797,18.933799743652344,18.934999465942383,750,0.0,0.0
2024-09-13 14:31:00-04:00,18.940000534057617,18.940000534057617,18.940000534057617,18.940000534057617,100,0.0,0.0
2024-09-13 14:32:00-04:00,18.93000030517578,18.93000030517578,18.93000030517578,18.93000030517578,178,0.0,0.0
2024-09-13 14:33:00-04:00,18.937999725341797,18.937999725341797,18.937999725341797,18.937999725341797,112,0.0,0.0
2024-09-13 14:34:00-04:00,18.933000564575195,18.940000534057617,18.933000564575195,18.940000534057617,350,0.0,0.0
2024-09-13 14:35:00-04:00,18.940000534057617,18.959999084472656,18.940000534057617,18.950000762939453,1165,0.0,0.0
2024-09-13 14:36:00-04:00,18.959999084472656,18.959999084472656,18.950000762939453,18.950000762939453,400,0.0,0.0
2024-09-13 14:38:00-04:00,18.959999084472656,18.959999084472656,18.959999084472656,18.959999084472656,100,0.0,0.0
2024-09-13 14:39:00-04:00,18.95009994506836,18.95800018310547,18.95009994506836,18.957500457763672,400,0.0,0.0
2024-09-13 14:41:00-04:00,18.959999084472656,18.959999084472656,18.959999084472656,18.959999084472656,100,0.0,0.0
2024-09-13 14:42:00-04:00,18.969999313354492,18.969999313354492,18.969999313354492,18.969999313354492,206,0.0,0.0
2024-09-13 14:44:00-04:00,18.959999084472656,18.959999084472656,18.959999084472656,18.959999084472656,368,0.0,0.0
2024-09-13 14:46:00-04:00,18.966999053955078,18.966999053955078,18.966999053955078,18.966999053955078,197,0.0,0.0
2024-09-13 14:47:00-04:00,18.96500015258789,18.96500015258789,18.95800018310547,18.95800018310547,421,0.0,0.0
2024-09-13 14:48:00-04:00,18.959999084472656,18.959999084472656,18.95989990234375,18.95989990234375,945,0.0,0.0
2024-09-13 14:51:00-04:00,18.959999084472656,18.96500015258789,18.959999084472656,18.96500015258789,461,0.0,0.0
2024-09-13 14:54:00-04:00,18.96500015258789,18.96500015258789,18.954999923706055,18.954999923706055,1357,0.0,0.0
2024-09-13 14:55:00-04:00,18.954999923706055,18.959999084472656,18.954999923706055,18.95989990234375,1520,0.0,0.0
2024-09-13 14:57:00-04:00,18.95009994506836,18.95400047302246,18.95009994506836,18.95400047302246,215,0.0,0.0
2024-09-13 14:58:00-04:00,18.954999923706055,18.954999923706055,18.954999923706055,18.954999923706055,363,0.0,0.0
2024-09-13 14:59:00-04:00,18.959999084472656,18.959999084472656,18.959999084472656,18.959999084472656,100,0.0,0.0
2024-09-13 15:01:00-04:00,18.95989990234375,18.95989990234375,18.95989990234375,18.95989990234375,1000,0.0,0.0
2024-09-13 15:05:00-04:00,18.94499969482422,18.94499969482422,18.94499969482422,18.94499969482422,2166,0.0,0.0
2024-09-13 15:06:00-04:00,18.940000534057617,18.940000534057617,18.940000534057617,18.940000534057617,211,0.0,0.0
2024-09-13 15:07:00-04:00,18.949600219726562,18.949600219726562,18.949600219726562,18.949600219726562,420,0.0,0.0
2024-09-13 15:08:00-04:00,18.94499969482422,18.94499969482422,18.94499969482422,18.94499969482422,495,0.0,0.0
2024-09-13 15:09:00-04:00,18.94300079345703,18.944700241088867,18.94300079345703,18.944700241088867,462,0.0,0.0
2024-09-13 15:12:00-04:00,18.93000030517578,18.934999465942383,18.920000076293945,18.928800582885742,4844,0.0,0.0
2024-09-13 15:14:00-04:00,18.91200065612793,18.920000076293945,18.90999984741211,18.91119956970215,1076,0.0,0.0
2024-09-13 15:16:00-04:00,18.902799606323242,18.902799606323242,18.902799606323242,18.902799606323242,304,0.0,0.0
2024-09-13 15:21:00-04:00,18.915000915527344,18.915000915527344,18.915000915527344,18.915000915527344,1554,0.0,0.0
2024-09-13 15:23:00-04:00,18.915000915527344,18.915000915527344,18.915000915527344,18.915000915527344,180,0.0,0.0
2024-09-13 15:25:00-04:00,18.950000762939453,18.950000762939453,18.950000762939453,18.950000762939453,140,0.0,0.0
2024-09-13 15:27:00-04:00,18.950000762939453,18.950000762939453,18.950000762939453,18.950000762939453,201,0.0,0.0
2024-09-13 15:29:00-04:00,18.950000762939453,18.950000762939453,18.940000534057617,18.940000534057617,1000,0.0,0.0
2024-09-13 15:30:00-04:00,18.950000762939453,18.950000762939453,18.950000762939453,18.950000762939453,134,0.0,0.0
2024-09-13 15:31:00-04:00,18.950000762939453,18.950000762939453,18.950000762939453,18.950000762939453,628,0.0,0.0
2024-09-13 15:32:00-04:00,18.94499969482422,18.950000762939453,18.94499969482422,18.950000762939453,366,0.0,0.0
2024-09-13 15:36:00-04:00,18.950000762939453,18.950000762939453,18.950000762939453,18.950000762939453,1082,0.0,0.0
2024-09-13 15:37:00-04:00,18.94499969482422,18.94499969482422,18.94499969482422,18.94499969482422,217,0.0,0.0
2024-09-13 15:40:00-04:00,18.941999435424805,18.94499969482422,18.941999435424805,18.94499969482422,1587,0.0,0.0
2024-09-13 15:41:00-04:00,18.940000534057617,18.940000534057617,18.934999465942383,18.934999465942383,649,0.0,0.0
2024-09-13 15:46:00-04:00,18.94499969482422,18.94499969482422,18.94499969482422,18.94499969482422,525,0.0,0.0
2024-09-13 15:49:00-04:00,18.94499969482422,18.950000762939453,18.92449951171875,18.92449951171875,2260,0.0,0.0
2024-09-13 15:50:00-04:00,18.924999237060547,18.924999237060547,18.920000076293945,18.920000076293945,906,0.0,0.0
2024-09-13 15:51:00-04:00,18.920000076293945,18.920000076293945,18.920000076293945,18.920000076293945,336,0.0,0.0
2024-09-13 15:52:00-04:00,18.920000076293945,18.920000076293945,18.920000076293945,18.920000076293945,459,0.0,0.0
2024-09-13 15:53:00-04:00,18.924999237060547,18.924999237060547,18.924999237060547,18.924999237060547,200,0.0,0.0
2024-09-13 15:55:00-04:00,18.93269920349121,18.93269920349121,18.93269920349121,18.93269920349121,700,0.0,0.0
2024-09-13 15:56:00-04:00,18.940000534057617,18.940000534057617,18.940000534057617,18.940000534057617,150,0.0,0.0
2024-09-13 15:57:00-04:00,18.945499420166016,18.954999923706055,18.945499420166016,18.950300216674805,1684,0.0,0.0
2024-09-13 15:58:00-04:00,18.959999084472656,18.959999084472656,18.950000762939453,18.950000762939453,250,0.0,0.0
2024-09-13 15:59:00-04:00,18.959999084472656,18.959999084472656,18.950000762939453,18.954999923706055,1744,0.0,0.0
