Datetime,Open,High,Low,Close,Volume,Dividends,Stock Splits
2024-09-09 09:30:00-04:00,150.33999633789062,150.60499572753906,150.33999633789062,150.58999633789062,17382,0.0,0.0
2024-09-09 09:31:00-04:00,150.3800048828125,150.6300048828125,150.27999877929688,150.6300048828125,21838,0.0,0.0
2024-09-09 09:32:00-04:00,150.6300048828125,150.77000427246094,150.52000427246094,150.77000427246094,2601,0.0,0.0
2024-09-09 09:33:00-04:00,150.74000549316406,150.74000549316406,150.5449981689453,150.5449981689453,1868,0.0,0.0
2024-09-09 09:34:00-04:00,150.25,150.5,150.25,150.5,5883,0.0,0.0
2024-09-09 09:36:00-04:00,150.8800048828125,150.88999938964844,150.8800048828125,150.88999938964844,905,0.0,0.0
2024-09-09 09:38:00-04:00,150.74000549316406,150.9149932861328,150.74000549316406,150.9149932861328,1478,0.0,0.0
2024-09-09 09:39:00-04:00,151.02000427246094,151.02000427246094,150.9199981689453,151.0,1956,0.0,0.0
2024-09-09 09:40:00-04:00,151.0800018310547,151.08999633789062,151.0800018310547,151.08999633789062,1936,0.0,0.0
2024-09-09 09:41:00-04:00,151.02999877929688,151.1699981689453,150.9600067138672,151.0850067138672,4202,0.0,0.0
2024-09-09 09:43:00-04:00,151.38999938964844,151.38999938964844,151.2100067138672,151.2100067138672,2344,0.0,0.0
2024-09-09 09:44:00-04:00,151.50999450683594,151.5500030517578,151.50999450683594,151.51499938964844,1103,0.0,0.0
2024-09-09 09:45:00-04:00,151.52000427246094,151.52000427246094,151.19500732421875,151.19500732421875,2621,0.0,0.0
2024-09-09 09:46:00-04:00,151.19000244140625,151.31500244140625,151.19000244140625,151.31500244140625,2114,0.0,0.0
2024-09-09 09:47:00-04:00,151.1999969482422,151.36749267578125,151.19000244140625,151.36749267578125,2139,0.0,0.0
2024-09-09 09:48:00-04:00,151.28500366210938,151.28500366210938,151.28500366210938,151.28500366210938,580,0.0,0.0
2024-09-09 09:49:00-04:00,151.41000366210938,151.47000122070312,151.41000366210938,151.47000122070312,1119,0.0,0.0
2024-09-09 09:50:00-04:00,151.41000366210938,151.41000366210938,151.3300018310547,151.3300018310547,1093,0.0,0.0
2024-09-09 09:51:00-04:00,151.36000061035156,151.4199981689453,151.3000030517578,151.4199981689453,1511,0.0,0.0
2024-09-09 09:52:00-04:00,151.41000366210938,151.4550018310547,151.38499450683594,151.38499450683594,2549,0.0,0.0
2024-09-09 09:53:00-04:00,151.375,151.44000244140625,151.375,151.44000244140625,2200,0.0,0.0
2024-09-09 09:54:00-04:00,151.52000427246094,151.5800018310547,151.52000427246094,151.5800018310547,2535,0.0,0.0
2024-09-09 09:55:00-04:00,151.51499938964844,151.6199951171875,151.47999572753906,151.47999572753906,5844,0.0,0.0
2024-09-09 09:56:00-04:00,151.39999389648438,151.39999389648438,151.39999389648438,151.39999389648438,290,0.0,0.0
2024-09-09 09:57:00-04:00,151.39999389648438,151.39999389648438,151.39999389648438,151.39999389648438,244,0.0,0.0
2024-09-09 09:58:00-04:00,151.4499969482422,151.47999572753906,151.4499969482422,151.47999572753906,2864,0.0,0.0
2024-09-09 09:59:00-04:00,151.47500610351562,151.47500610351562,151.24000549316406,151.26499938964844,5007,0.0,0.0
2024-09-09 10:00:00-04:00,151.22999572753906,151.35499572753906,151.22999572753906,151.35499572753906,2045,0.0,0.0
2024-09-09 10:01:00-04:00,151.34500122070312,151.34500122070312,151.19000244140625,151.19000244140625,2515,0.0,0.0
2024-09-09 10:02:00-04:00,151.27000427246094,151.32000732421875,151.27000427246094,151.27999877929688,1597,0.0,0.0
2024-09-09 10:03:00-04:00,151.25,151.25,151.16000366210938,151.1999969482422,1826,0.0,0.0
2024-09-09 10:04:00-04:00,151.14999389648438,151.22999572753906,151.14999389648438,151.22999572753906,3080,0.0,0.0
2024-09-09 10:05:00-04:00,151.1999969482422,151.22999572753906,151.1699981689453,151.2050018310547,3643,0.0,0.0
2024-09-09 10:06:00-04:00,151.22999572753906,151.22999572753906,151.22999572753906,151.22999572753906,570,0.0,0.0
2024-09-09 10:07:00-04:00,151.3000030517578,151.32000732421875,151.13999938964844,151.14999389648438,6911,0.0,0.0
2024-09-09 10:08:00-04:00,151.1699981689453,151.17999267578125,151.0500030517578,151.16000366210938,4047,0.0,0.0
2024-09-09 10:09:00-04:00,151.13999938964844,151.13999938964844,151.1300048828125,151.13999938964844,1092,0.0,0.0
2024-09-09 10:10:00-04:00,151.14500427246094,151.19000244140625,151.14500427246094,151.19000244140625,2274,0.0,0.0
2024-09-09 10:11:00-04:00,151.2100067138672,151.2949981689453,151.2100067138672,151.2899932861328,3408,0.0,0.0
2024-09-09 10:12:00-04:00,151.2550048828125,151.25999450683594,151.22000122070312,151.24000549316406,4987,0.0,0.0
2024-09-09 10:13:00-04:00,151.27999877929688,151.32000732421875,151.25,151.2949981689453,2752,0.0,0.0
2024-09-09 10:14:00-04:00,151.34500122070312,151.35499572753906,151.2899932861328,151.31500244140625,3749,0.0,0.0
2024-09-09 10:15:00-04:00,151.30999755859375,151.30999755859375,151.22000122070312,151.22000122070312,2718,0.0,0.0
2024-09-09 10:16:00-04:00,151.25,151.25,151.21499633789062,151.21499633789062,1202,0.0,0.0
2024-09-09 10:17:00-04:00,151.2100067138672,151.24000549316406,151.16000366210938,151.16000366210938,5366,0.0,0.0
2024-09-09 10:18:00-04:00,151.14999389648438,151.17999267578125,151.14999389648438,151.17999267578125,2471,0.0,0.0
2024-09-09 10:19:00-04:00,151.08999633789062,151.08999633789062,151.07000732421875,151.07000732421875,1524,0.0,0.0
2024-09-09 10:20:00-04:00,150.97000122070312,151.08999633789062,150.97000122070312,151.08999633789062,2103,0.0,0.0
2024-09-09 10:21:00-04:00,151.16000366210938,151.1999969482422,151.16000366210938,151.1999969482422,1406,0.0,0.0
2024-09-09 10:22:00-04:00,151.14999389648438,151.14999389648438,151.0399932861328,151.08999633789062,4018,0.0,0.0
2024-09-09 10:23:00-04:00,151.0399932861328,151.19000244140625,151.0399932861328,151.19000244140625,799,0.0,0.0
2024-09-09 10:24:00-04:00,151.18499755859375,151.18499755859375,151.02000427246094,151.02000427246094,2828,0.0,0.0
2024-09-09 10:25:00-04:00,151.08999633789062,151.08999633789062,150.98500061035156,150.98500061035156,1854,0.0,0.0
2024-09-09 10:26:00-04:00,151.0399932861328,151.05999755859375,151.00010681152344,151.05999755859375,1518,0.0,0.0
2024-09-09 10:27:00-04:00,151.05999755859375,151.10000610351562,150.97000122070312,151.00999450683594,3507,0.0,0.0
2024-09-09 10:28:00-04:00,150.98500061035156,151.0749969482422,150.97999572753906,151.05999755859375,2327,0.0,0.0
2024-09-09 10:29:00-04:00,151.0,151.0,150.94000244140625,150.94000244140625,846,0.0,0.0
2024-09-09 10:30:00-04:00,150.91000366210938,150.91000366210938,150.8800048828125,150.8800048828125,1803,0.0,0.0
2024-09-09 10:31:00-04:00,150.8000030517578,150.8000030517578,150.8000030517578,150.8000030517578,144,0.0,0.0
2024-09-09 10:32:00-04:00,150.75999450683594,150.8800048828125,150.75999450683594,150.8300018310547,3966,0.0,0.0
2024-09-09 10:33:00-04:00,150.83999633789062,150.83999633789062,150.7100067138672,150.7100067138672,3174,0.0,0.0
2024-09-09 10:34:00-04:00,150.66000366210938,150.66000366210938,150.6199951171875,150.6300048828125,1135,0.0,0.0
2024-09-09 10:35:00-04:00,150.58999633789062,150.618896484375,150.5749969482422,150.58999633789062,1373,0.0,0.0
2024-09-09 10:36:00-04:00,150.57000732421875,150.75,150.57000732421875,150.75,6711,0.0,0.0
2024-09-09 10:37:00-04:00,150.69000244140625,150.69000244140625,150.5500030517578,150.60000610351562,3866,0.0,0.0
2024-09-09 10:38:00-04:00,150.5800018310547,150.60000610351562,150.52999877929688,150.52999877929688,3938,0.0,0.0
2024-09-09 10:39:00-04:00,150.50999450683594,150.50999450683594,150.46499633789062,150.46499633789062,1821,0.0,0.0
2024-09-09 10:40:00-04:00,150.4550018310547,150.47999572753906,150.4550018310547,150.47999572753906,1423,0.0,0.0
2024-09-09 10:41:00-04:00,150.39999389648438,150.47000122070312,150.39999389648438,150.43499755859375,1077,0.0,0.0
2024-09-09 10:42:00-04:00,150.47000122070312,150.5,150.39999389648438,150.4199981689453,4724,0.0,0.0
2024-09-09 10:43:00-04:00,150.38999938964844,150.4199981689453,150.3300018310547,150.3300018310547,2224,0.0,0.0
2024-09-09 10:44:00-04:00,150.3800048828125,150.39999389648438,150.3800048828125,150.3800048828125,1202,0.0,0.0
2024-09-09 10:45:00-04:00,150.3699951171875,150.44500732421875,150.36000061035156,150.44500732421875,3655,0.0,0.0
2024-09-09 10:46:00-04:00,150.41000366210938,150.41000366210938,150.3800048828125,150.3800048828125,1291,0.0,0.0
2024-09-09 10:47:00-04:00,150.32000732421875,150.4250030517578,150.32000732421875,150.4250030517578,2379,0.0,0.0
2024-09-09 10:49:00-04:00,150.5399932861328,150.57000732421875,150.52499389648438,150.55999755859375,4216,0.0,0.0
2024-09-09 10:50:00-04:00,150.5,150.5,150.42999267578125,150.44000244140625,2431,0.0,0.0
2024-09-09 10:51:00-04:00,150.44000244140625,150.44000244140625,150.44000244140625,150.44000244140625,1850,0.0,0.0
2024-09-09 10:52:00-04:00,150.41000366210938,150.47999572753906,150.41000366210938,150.47999572753906,1530,0.0,0.0
2024-09-09 10:53:00-04:00,150.4499969482422,150.4600067138672,150.38999938964844,150.41000366210938,2691,0.0,0.0
2024-09-09 10:54:00-04:00,150.47000122070312,150.60000610351562,150.47000122070312,150.47000122070312,2180,0.0,0.0
2024-09-09 10:55:00-04:00,150.47000122070312,150.52000427246094,150.47000122070312,150.47000122070312,1880,0.0,0.0
2024-09-09 10:56:00-04:00,150.4499969482422,150.4499969482422,150.41000366210938,150.41000366210938,1261,0.0,0.0
2024-09-09 10:57:00-04:00,150.41000366210938,150.47000122070312,150.3800048828125,150.41000366210938,2233,0.0,0.0
2024-09-09 10:58:00-04:00,150.39999389648438,150.4499969482422,150.3699951171875,150.39999389648438,1992,0.0,0.0
2024-09-09 10:59:00-04:00,150.4499969482422,150.4499969482422,150.31500244140625,150.31500244140625,3008,0.0,0.0
2024-09-09 11:00:00-04:00,150.31500244140625,150.35000610351562,150.3000030517578,150.35000610351562,2086,0.0,0.0
2024-09-09 11:01:00-04:00,150.27000427246094,150.27499389648438,150.27000427246094,150.27499389648438,3734,0.0,0.0
2024-09-09 11:02:00-04:00,150.24000549316406,150.28500366210938,150.24000549316406,150.2449951171875,1640,0.0,0.0
2024-09-09 11:03:00-04:00,150.30999755859375,150.33999633789062,150.27499389648438,150.33999633789062,2743,0.0,0.0
2024-09-09 11:04:00-04:00,150.27000427246094,150.3000030517578,150.27000427246094,150.27499389648438,1899,0.0,0.0
2024-09-09 11:05:00-04:00,150.24000549316406,150.24000549316406,150.24000549316406,150.24000549316406,101,0.0,0.0
2024-09-09 11:07:00-04:00,150.24000549316406,150.27999877929688,150.22999572753906,150.22999572753906,7188,0.0,0.0
2024-09-09 11:08:00-04:00,150.27999877929688,150.3249969482422,150.24000549316406,150.3249969482422,2644,0.0,0.0
2024-09-09 11:09:00-04:00,150.35000610351562,150.35000610351562,150.24000549316406,150.27999877929688,3138,0.0,0.0
2024-09-09 11:10:00-04:00,150.2550048828125,150.2550048828125,150.2550048828125,150.2550048828125,720,0.0,0.0
2024-09-09 11:11:00-04:00,150.25399780273438,150.2899932861328,150.22999572753906,150.22999572753906,1495,0.0,0.0
2024-09-09 11:12:00-04:00,150.2550048828125,150.2550048828125,150.16000366210938,150.16000366210938,1941,0.0,0.0
2024-09-09 11:13:00-04:00,150.14999389648438,150.16000366210938,150.05999755859375,150.10499572753906,5598,0.0,0.0
2024-09-09 11:14:00-04:00,150.17999267578125,150.22999572753906,150.15499877929688,150.16000366210938,2987,0.0,0.0
2024-09-09 11:15:00-04:00,150.13999938964844,150.14999389648438,150.11000061035156,150.14999389648438,1342,0.0,0.0
2024-09-09 11:16:00-04:00,150.14999389648438,150.2100067138672,150.14999389648438,150.2100067138672,2467,0.0,0.0
2024-09-09 11:18:00-04:00,150.1999969482422,150.22000122070312,150.1699981689453,150.1927947998047,3183,0.0,0.0
2024-09-09 11:19:00-04:00,150.1999969482422,150.1999969482422,150.0800018310547,150.0800018310547,3324,0.0,0.0
2024-09-09 11:20:00-04:00,150.0500030517578,150.0800018310547,150.0399932861328,150.0399932861328,2746,0.0,0.0
2024-09-09 11:21:00-04:00,150.0500030517578,150.0800018310547,150.02999877929688,150.02999877929688,1353,0.0,0.0
2024-09-09 11:22:00-04:00,150.0800018310547,150.1199951171875,150.0800018310547,150.0800018310547,2489,0.0,0.0
2024-09-09 11:23:00-04:00,150.11000061035156,150.1649932861328,150.07000732421875,150.1649932861328,1528,0.0,0.0
2024-09-09 11:24:00-04:00,150.1649932861328,150.2100067138672,150.1649932861328,150.1699981689453,944,0.0,0.0
2024-09-09 11:25:00-04:00,150.17999267578125,150.17999267578125,150.0800018310547,150.0800018310547,3853,0.0,0.0
2024-09-09 11:26:00-04:00,150.05999755859375,150.06500244140625,150.02999877929688,150.06500244140625,1254,0.0,0.0
2024-09-09 11:27:00-04:00,150.0399932861328,150.06500244140625,150.02999877929688,150.0500030517578,1903,0.0,0.0
2024-09-09 11:28:00-04:00,150.0399932861328,150.08999633789062,150.0399932861328,150.08999633789062,3687,0.0,0.0
2024-09-09 11:29:00-04:00,150.11000061035156,150.2100067138672,150.08999633789062,150.18499755859375,7793,0.0,0.0
2024-09-09 11:30:00-04:00,150.2100067138672,150.22000122070312,150.17999267578125,150.18499755859375,5816,0.0,0.0
2024-09-09 11:31:00-04:00,150.16000366210938,150.16000366210938,150.0399932861328,150.11000061035156,3973,0.0,0.0
2024-09-09 11:32:00-04:00,150.11000061035156,150.16000366210938,150.0800018310547,150.16000366210938,2211,0.0,0.0
2024-09-09 11:33:00-04:00,150.1199951171875,150.2100067138672,150.1199951171875,150.16000366210938,2639,0.0,0.0
2024-09-09 11:34:00-04:00,150.16000366210938,150.16000366210938,150.07000732421875,150.10499572753906,1537,0.0,0.0
2024-09-09 11:35:00-04:00,150.0800018310547,150.0800018310547,150.0,150.0,1872,0.0,0.0
2024-09-09 11:36:00-04:00,150.0399932861328,150.10000610351562,150.0,150.10000610351562,2979,0.0,0.0
2024-09-09 11:37:00-04:00,150.10499572753906,150.10499572753906,150.10499572753906,150.10499572753906,592,0.0,0.0
2024-09-09 11:38:00-04:00,150.125,150.16000366210938,150.0500030517578,150.11000061035156,3400,0.0,0.0
2024-09-09 11:39:00-04:00,150.1300048828125,150.16000366210938,150.1300048828125,150.14500427246094,2842,0.0,0.0
2024-09-09 11:40:00-04:00,150.17999267578125,150.17999267578125,150.17999267578125,150.17999267578125,930,0.0,0.0
2024-09-09 11:41:00-04:00,150.1999969482422,150.25999450683594,150.1999969482422,150.25999450683594,3659,0.0,0.0
2024-09-09 11:42:00-04:00,150.25999450683594,150.25999450683594,150.22000122070312,150.22000122070312,704,0.0,0.0
2024-09-09 11:43:00-04:00,150.25999450683594,150.2899932861328,150.22000122070312,150.22999572753906,3972,0.0,0.0
2024-09-09 11:44:00-04:00,150.23500061035156,150.23500061035156,150.17999267578125,150.1999969482422,3085,0.0,0.0
2024-09-09 11:45:00-04:00,150.17999267578125,150.25,150.17999267578125,150.22000122070312,1038,0.0,0.0
2024-09-09 11:46:00-04:00,150.23500061035156,150.25999450683594,150.1750030517578,150.18499755859375,6107,0.0,0.0
2024-09-09 11:47:00-04:00,150.22999572753906,150.3000030517578,150.22999572753906,150.25,2266,0.0,0.0
2024-09-09 11:48:00-04:00,150.25,150.2899932861328,150.22000122070312,150.22000122070312,4069,0.0,0.0
2024-09-09 11:49:00-04:00,150.22000122070312,150.23500061035156,150.1699981689453,150.22000122070312,4499,0.0,0.0
2024-09-09 11:50:00-04:00,150.21499633789062,150.3000030517578,150.21499633789062,150.3000030517578,2711,0.0,0.0
2024-09-09 11:51:00-04:00,150.27999877929688,150.27999877929688,150.27000427246094,150.27000427246094,1122,0.0,0.0
2024-09-09 11:52:00-04:00,150.25,150.3000030517578,150.25,150.3000030517578,2240,0.0,0.0
2024-09-09 11:54:00-04:00,150.33999633789062,150.3699951171875,150.3300018310547,150.3300018310547,2710,0.0,0.0
2024-09-09 11:55:00-04:00,150.30999755859375,150.32000732421875,150.17999267578125,150.17999267578125,5455,0.0,0.0
2024-09-09 11:56:00-04:00,150.27000427246094,150.27000427246094,150.2550048828125,150.2550048828125,845,0.0,0.0
2024-09-09 11:57:00-04:00,150.2550048828125,150.2550048828125,150.1699981689453,150.1999969482422,1451,0.0,0.0
2024-09-09 11:58:00-04:00,150.19000244140625,150.19000244140625,150.07000732421875,150.07000732421875,1806,0.0,0.0
2024-09-09 11:59:00-04:00,150.10000610351562,150.14999389648438,150.0850067138672,150.1199951171875,2286,0.0,0.0
2024-09-09 12:00:00-04:00,150.1300048828125,150.17999267578125,150.1300048828125,150.15499877929688,2327,0.0,0.0
2024-09-09 12:01:00-04:00,150.2100067138672,150.2100067138672,150.14999389648438,150.14999389648438,1543,0.0,0.0
2024-09-09 12:02:00-04:00,150.1999969482422,150.22999572753906,150.1999969482422,150.22999572753906,1852,0.0,0.0
2024-09-09 12:03:00-04:00,150.22999572753906,150.27999877929688,150.22999572753906,150.27999877929688,1673,0.0,0.0
2024-09-09 12:04:00-04:00,150.2899932861328,150.30499267578125,150.27000427246094,150.27000427246094,1764,0.0,0.0
2024-09-09 12:05:00-04:00,150.26499938964844,150.26499938964844,150.24000549316406,150.24000549316406,536,0.0,0.0
2024-09-09 12:06:00-04:00,150.24000549316406,150.2899932861328,150.24000549316406,150.27999877929688,3333,0.0,0.0
2024-09-09 12:07:00-04:00,150.30999755859375,150.32850646972656,150.28500366210938,150.32850646972656,3549,0.0,0.0
2024-09-09 12:08:00-04:00,150.3000030517578,150.3000030517578,150.2100067138672,150.22000122070312,27101,0.0,0.0
2024-09-09 12:09:00-04:00,150.24000549316406,150.25,150.22999572753906,150.25,2143,0.0,0.0
2024-09-09 12:10:00-04:00,150.25999450683594,150.25999450683594,150.25999450683594,150.25999450683594,1374,0.0,0.0
2024-09-09 12:11:00-04:00,150.25999450683594,150.25999450683594,150.22999572753906,150.22999572753906,1030,0.0,0.0
2024-09-09 12:12:00-04:00,150.24000549316406,150.24000549316406,150.2100067138672,150.21499633789062,6462,0.0,0.0
2024-09-09 12:13:00-04:00,150.1999969482422,150.21499633789062,150.1999969482422,150.21499633789062,876,0.0,0.0
2024-09-09 12:14:00-04:00,150.24000549316406,150.3000030517578,150.21499633789062,150.27000427246094,6800,0.0,0.0
2024-09-09 12:15:00-04:00,150.27999877929688,150.31500244140625,150.27999877929688,150.2899932861328,2485,0.0,0.0
2024-09-09 12:16:00-04:00,150.35000610351562,150.35000610351562,150.3249969482422,150.3249969482422,737,0.0,0.0
2024-09-09 12:17:00-04:00,150.32000732421875,150.38999938964844,150.32000732421875,150.36000061035156,3804,0.0,0.0
2024-09-09 12:18:00-04:00,150.35499572753906,150.3699951171875,150.35499572753906,150.35499572753906,2499,0.0,0.0
2024-09-09 12:19:00-04:00,150.35499572753906,150.4149932861328,150.35000610351562,150.4149932861328,6643,0.0,0.0
2024-09-09 12:20:00-04:00,150.4149932861328,150.4149932861328,150.38999938964844,150.38999938964844,3083,0.0,0.0
2024-09-09 12:21:00-04:00,150.41000366210938,150.44000244140625,150.41000366210938,150.42999267578125,1589,0.0,0.0
2024-09-09 12:22:00-04:00,150.47000122070312,150.48500061035156,150.42999267578125,150.4600067138672,3201,0.0,0.0
2024-09-09 12:23:00-04:00,150.4490966796875,150.4490966796875,150.35000610351562,150.36000061035156,3689,0.0,0.0
2024-09-09 12:24:00-04:00,150.3249969482422,150.3300018310547,150.2899932861328,150.2899932861328,492,0.0,0.0
2024-09-09 12:25:00-04:00,150.32000732421875,150.35000610351562,150.32000732421875,150.32000732421875,708,0.0,0.0
2024-09-09 12:26:00-04:00,150.32000732421875,150.32000732421875,150.3000030517578,150.3000030517578,2315,0.0,0.0
2024-09-09 12:27:00-04:00,150.30999755859375,150.38999938964844,150.30999755859375,150.38499450683594,3343,0.0,0.0
2024-09-09 12:28:00-04:00,150.36000061035156,150.4250030517578,150.36000061035156,150.4250030517578,4084,0.0,0.0
2024-09-09 12:29:00-04:00,150.41000366210938,150.41000366210938,150.39999389648438,150.40499877929688,2264,0.0,0.0
2024-09-09 12:30:00-04:00,150.4199981689453,150.4199981689453,150.4199981689453,150.4199981689453,2762,0.0,0.0
2024-09-09 12:31:00-04:00,150.4250030517578,150.44000244140625,150.39999389648438,150.44000244140625,835,0.0,0.0
2024-09-09 12:32:00-04:00,150.43499755859375,150.4600067138672,150.4199981689453,150.44000244140625,3539,0.0,0.0
2024-09-09 12:33:00-04:00,150.42999267578125,150.47999572753906,150.42999267578125,150.4499969482422,31404,0.0,0.0
2024-09-09 12:34:00-04:00,150.46429443359375,150.46429443359375,150.4199981689453,150.42050170898438,3940,0.0,0.0
2024-09-09 12:35:00-04:00,150.47000122070312,150.52000427246094,150.47000122070312,150.50999450683594,2109,0.0,0.0
2024-09-09 12:36:00-04:00,150.49000549316406,150.55499267578125,150.49000549316406,150.55499267578125,1912,0.0,0.0
2024-09-09 12:37:00-04:00,150.5500030517578,150.61000061035156,150.5500030517578,150.61000061035156,2293,0.0,0.0
2024-09-09 12:38:00-04:00,150.6699981689453,150.75,150.6699981689453,150.75,1177,0.0,0.0
2024-09-09 12:39:00-04:00,150.78500366210938,150.8350067138672,150.78500366210938,150.8350067138672,2829,0.0,0.0
2024-09-09 12:40:00-04:00,150.9199981689453,150.9199981689453,150.9199981689453,150.9199981689453,298,0.0,0.0
2024-09-09 12:41:00-04:00,150.9199981689453,150.9199981689453,150.80499267578125,150.80499267578125,4100,0.0,0.0
2024-09-09 12:42:00-04:00,150.8300018310547,150.86000061035156,150.8300018310547,150.86000061035156,1327,0.0,0.0
2024-09-09 12:43:00-04:00,150.8699951171875,150.8699951171875,150.8300018310547,150.8300018310547,1295,0.0,0.0
2024-09-09 12:44:00-04:00,150.77000427246094,150.88999938964844,150.77000427246094,150.88999938964844,3138,0.0,0.0
2024-09-09 12:45:00-04:00,150.89500427246094,150.94000244140625,150.89500427246094,150.94000244140625,1505,0.0,0.0
2024-09-09 12:46:00-04:00,150.9499969482422,150.9499969482422,150.9499969482422,150.9499969482422,1476,0.0,0.0
2024-09-09 12:48:00-04:00,150.9199981689453,150.93499755859375,150.8800048828125,150.8800048828125,2445,0.0,0.0
2024-09-09 12:49:00-04:00,150.88999938964844,150.91000366210938,150.88900756835938,150.91000366210938,949,0.0,0.0
2024-09-09 12:50:00-04:00,150.89500427246094,150.9250030517578,150.89500427246094,150.9250030517578,1732,0.0,0.0
2024-09-09 12:51:00-04:00,150.9250030517578,150.9250030517578,150.9250030517578,150.9250030517578,591,0.0,0.0
2024-09-09 12:52:00-04:00,150.9499969482422,150.99000549316406,150.9499969482422,150.97000122070312,3083,0.0,0.0
2024-09-09 12:53:00-04:00,151.0,151.0,151.0,151.0,269,0.0,0.0
2024-09-09 12:54:00-04:00,151.0,151.0,150.97000122070312,150.97500610351562,2070,0.0,0.0
2024-09-09 12:55:00-04:00,150.9600067138672,150.96499633789062,150.9600067138672,150.96499633789062,1297,0.0,0.0
2024-09-09 12:56:00-04:00,151.0,151.02000427246094,151.0,151.02000427246094,971,0.0,0.0
2024-09-09 12:57:00-04:00,151.02000427246094,151.125,151.02000427246094,151.125,3049,0.0,0.0
2024-09-09 12:58:00-04:00,151.1300048828125,151.1699981689453,151.1300048828125,151.16000366210938,1306,0.0,0.0
2024-09-09 12:59:00-04:00,151.1699981689453,151.1699981689453,151.1199951171875,151.1199951171875,1610,0.0,0.0
2024-09-09 13:00:00-04:00,151.14999389648438,151.1649932861328,151.1300048828125,151.1649932861328,817,0.0,0.0
2024-09-09 13:01:00-04:00,151.10000610351562,151.125,151.0399932861328,151.0399932861328,7892,0.0,0.0
2024-09-09 13:02:00-04:00,151.0,151.0399932861328,151.0,151.0399932861328,740,0.0,0.0
2024-09-09 13:03:00-04:00,151.0050048828125,151.02000427246094,150.99000549316406,151.00999450683594,2942,0.0,0.0
2024-09-09 13:04:00-04:00,151.00999450683594,151.11500549316406,151.00999450683594,151.11500549316406,1796,0.0,0.0
2024-09-09 13:05:00-04:00,151.11500549316406,151.11500549316406,151.11500549316406,151.11500549316406,471,0.0,0.0
2024-09-09 13:06:00-04:00,151.13999938964844,151.13999938964844,151.06500244140625,151.06500244140625,2261,0.0,0.0
2024-09-09 13:07:00-04:00,151.08999633789062,151.08999633789062,151.0800018310547,151.08999633789062,876,0.0,0.0
2024-09-09 13:08:00-04:00,151.08999633789062,151.10000610351562,151.05999755859375,151.05999755859375,2441,0.0,0.0
2024-09-09 13:09:00-04:00,151.0749969482422,151.0749969482422,151.02999877929688,151.02999877929688,811,0.0,0.0
2024-09-09 13:10:00-04:00,151.02999877929688,151.02999877929688,151.0,151.0,1810,0.0,0.0
2024-09-09 13:11:00-04:00,151.0,151.0,150.9499969482422,150.9499969482422,658,0.0,0.0
2024-09-09 13:12:00-04:00,150.9499969482422,150.9499969482422,150.9149932861328,150.9149932861328,1760,0.0,0.0
2024-09-09 13:13:00-04:00,150.91000366210938,150.91000366210938,150.8300018310547,150.83999633789062,1153,0.0,0.0
2024-09-09 13:14:00-04:00,150.89999389648438,150.89999389648438,150.8000030517578,150.8000030517578,822,0.0,0.0
2024-09-09 13:15:00-04:00,150.80999755859375,150.8300018310547,150.78500366210938,150.8300018310547,3412,0.0,0.0
2024-09-09 13:16:00-04:00,150.8699951171875,150.91000366210938,150.84500122070312,150.84500122070312,3594,0.0,0.0
2024-09-09 13:17:00-04:00,150.86000061035156,150.875,150.82000732421875,150.82000732421875,4670,0.0,0.0
2024-09-09 13:18:00-04:00,150.82000732421875,150.82000732421875,150.82000732421875,150.82000732421875,541,0.0,0.0
2024-09-09 13:19:00-04:00,150.84649658203125,150.84649658203125,150.7899932861328,150.7899932861328,1074,0.0,0.0
2024-09-09 13:20:00-04:00,150.86000061035156,150.86000061035156,150.80999755859375,150.80999755859375,2101,0.0,0.0
2024-09-09 13:21:00-04:00,150.80999755859375,150.80999755859375,150.77999877929688,150.77999877929688,1315,0.0,0.0
2024-09-09 13:22:00-04:00,150.8300018310547,150.8300018310547,150.80999755859375,150.80999755859375,1067,0.0,0.0
2024-09-09 13:23:00-04:00,150.83999633789062,150.8800048828125,150.83999633789062,150.86000061035156,4710,0.0,0.0
2024-09-09 13:24:00-04:00,150.8699951171875,150.8699951171875,150.83999633789062,150.83999633789062,1500,0.0,0.0
2024-09-09 13:25:00-04:00,150.8350067138672,150.8350067138672,150.80999755859375,150.80999755859375,856,0.0,0.0
2024-09-09 13:26:00-04:00,150.8000030517578,150.88999938964844,150.8000030517578,150.8699951171875,2704,0.0,0.0
2024-09-09 13:27:00-04:00,150.875,150.875,150.8300018310547,150.8300018310547,1823,0.0,0.0
2024-09-09 13:28:00-04:00,150.8300018310547,150.8300018310547,150.8249969482422,150.8300018310547,901,0.0,0.0
2024-09-09 13:29:00-04:00,150.7899932861328,150.82989501953125,150.7899932861328,150.82989501953125,952,0.0,0.0
2024-09-09 13:30:00-04:00,150.78500366210938,150.78500366210938,150.75,150.75999450683594,1919,0.0,0.0
2024-09-09 13:31:00-04:00,150.74000549316406,150.74000549316406,150.7100067138672,150.72000122070312,1597,0.0,0.0
2024-09-09 13:32:00-04:00,150.6999969482422,150.72999572753906,150.66000366210938,150.72999572753906,4236,0.0,0.0
2024-09-09 13:33:00-04:00,150.6999969482422,150.6999969482422,150.6999969482422,150.6999969482422,821,0.0,0.0
2024-09-09 13:34:00-04:00,150.7050018310547,150.7299041748047,150.6699981689453,150.6699981689453,1305,0.0,0.0
2024-09-09 13:35:00-04:00,150.69500732421875,150.75999450683594,150.69500732421875,150.75,2610,0.0,0.0
2024-09-09 13:36:00-04:00,150.74000549316406,150.74000549316406,150.74000549316406,150.74000549316406,1184,0.0,0.0
2024-09-09 13:38:00-04:00,150.77999877929688,150.8800048828125,150.77999877929688,150.8800048828125,1777,0.0,0.0
2024-09-09 13:39:00-04:00,150.8800048828125,150.8800048828125,150.8800048828125,150.8800048828125,495,0.0,0.0
2024-09-09 13:40:00-04:00,150.86500549316406,150.86500549316406,150.7899932861328,150.7899932861328,2882,0.0,0.0
2024-09-09 13:41:00-04:00,150.8000030517578,150.8000030517578,150.75,150.75,2028,0.0,0.0
2024-09-09 13:42:00-04:00,150.75,150.75,150.69000244140625,150.69500732421875,2360,0.0,0.0
2024-09-09 13:43:00-04:00,150.72000122070312,150.72999572753906,150.67999267578125,150.67999267578125,1230,0.0,0.0
2024-09-09 13:44:00-04:00,150.67999267578125,150.71499633789062,150.67999267578125,150.67999267578125,1540,0.0,0.0
2024-09-09 13:45:00-04:00,150.67999267578125,150.67999267578125,150.64999389648438,150.6699981689453,2717,0.0,0.0
2024-09-09 13:46:00-04:00,150.72000122070312,150.75,150.7100067138672,150.75,1738,0.0,0.0
2024-09-09 13:47:00-04:00,150.7100067138672,150.72999572753906,150.7100067138672,150.72999572753906,1358,0.0,0.0
2024-09-09 13:48:00-04:00,150.74000549316406,150.75999450683594,150.74000549316406,150.75,820,0.0,0.0
2024-09-09 13:49:00-04:00,150.75,150.75,150.75,150.75,370,0.0,0.0
2024-09-09 13:50:00-04:00,150.72999572753906,150.72999572753906,150.67999267578125,150.68499755859375,3554,0.0,0.0
2024-09-09 13:51:00-04:00,150.66000366210938,150.66000366210938,150.6300048828125,150.6300048828125,2536,0.0,0.0
2024-09-09 13:52:00-04:00,150.59500122070312,150.66000366210938,150.59500122070312,150.6300048828125,1912,0.0,0.0
2024-09-09 13:53:00-04:00,150.65499877929688,150.65499877929688,150.65499877929688,150.65499877929688,529,0.0,0.0
2024-09-09 13:54:00-04:00,150.67999267578125,150.7100067138672,150.66000366210938,150.66000366210938,1867,0.0,0.0
2024-09-09 13:55:00-04:00,150.6699981689453,150.6699981689453,150.63999938964844,150.63999938964844,1018,0.0,0.0
2024-09-09 13:56:00-04:00,150.58999633789062,150.625,150.5800018310547,150.5800018310547,1591,0.0,0.0
2024-09-09 13:57:00-04:00,150.625,150.625,150.625,150.625,450,0.0,0.0
2024-09-09 13:58:00-04:00,150.60000610351562,150.63999938964844,150.60000610351562,150.61000061035156,2624,0.0,0.0
2024-09-09 13:59:00-04:00,150.61000061035156,150.61000061035156,150.52000427246094,150.5449981689453,3945,0.0,0.0
2024-09-09 14:00:00-04:00,150.5399932861328,150.5399932861328,150.52000427246094,150.52000427246094,1219,0.0,0.0
2024-09-09 14:01:00-04:00,150.55999755859375,150.55999755859375,150.5399932861328,150.5399932861328,746,0.0,0.0
2024-09-09 14:02:00-04:00,150.50999450683594,150.51499938964844,150.5,150.5,1893,0.0,0.0
2024-09-09 14:03:00-04:00,150.4600067138672,150.48500061035156,150.44500732421875,150.48500061035156,1121,0.0,0.0
2024-09-09 14:04:00-04:00,150.48500061035156,150.51499938964844,150.48500061035156,150.4949951171875,3793,0.0,0.0
2024-09-09 14:05:00-04:00,150.4949951171875,150.50999450683594,150.4600067138672,150.46499633789062,2822,0.0,0.0
2024-09-09 14:06:00-04:00,150.5,150.50999450683594,150.39999389648438,150.39999389648438,4993,0.0,0.0
2024-09-09 14:07:00-04:00,150.36500549316406,150.39999389648438,150.32000732421875,150.39999389648438,1354,0.0,0.0
2024-09-09 14:08:00-04:00,150.39999389648438,150.39999389648438,150.30999755859375,150.30999755859375,1074,0.0,0.0
2024-09-09 14:09:00-04:00,150.27000427246094,150.29949951171875,150.25999450683594,150.27499389648438,2283,0.0,0.0
2024-09-09 14:10:00-04:00,150.24000549316406,150.27499389648438,150.24000549316406,150.24000549316406,746,0.0,0.0
2024-09-09 14:11:00-04:00,150.2899932861328,150.32000732421875,150.2899932861328,150.3000030517578,2836,0.0,0.0
2024-09-09 14:12:00-04:00,150.32000732421875,150.32000732421875,150.30999755859375,150.30999755859375,980,0.0,0.0
2024-09-09 14:13:00-04:00,150.30999755859375,150.40499877929688,150.3000030517578,150.40499877929688,10593,0.0,0.0
2024-09-09 14:14:00-04:00,150.4499969482422,150.4550018310547,150.4499969482422,150.4550018310547,719,0.0,0.0
2024-09-09 14:15:00-04:00,150.49000549316406,150.5,150.4600067138672,150.4600067138672,2309,0.0,0.0
2024-09-09 14:16:00-04:00,150.4600067138672,150.4600067138672,150.38999938964844,150.40499877929688,6041,0.0,0.0
2024-09-09 14:17:00-04:00,150.38999938964844,150.38999938964844,150.36000061035156,150.36000061035156,3718,0.0,0.0
2024-09-09 14:18:00-04:00,150.30999755859375,150.30999755859375,150.30999755859375,150.30999755859375,250,0.0,0.0
2024-09-09 14:19:00-04:00,150.3155059814453,150.35000610351562,150.3155059814453,150.3300018310547,2653,0.0,0.0
2024-09-09 14:20:00-04:00,150.3000030517578,150.3300018310547,150.3000030517578,150.3300018310547,3023,0.0,0.0
2024-09-09 14:21:00-04:00,150.3000030517578,150.3000030517578,150.25999450683594,150.25999450683594,2485,0.0,0.0
2024-09-09 14:22:00-04:00,150.25,150.25,150.22999572753906,150.22999572753906,1909,0.0,0.0
2024-09-09 14:23:00-04:00,150.22000122070312,150.27999877929688,150.22000122070312,150.27999877929688,2010,0.0,0.0
2024-09-09 14:24:00-04:00,150.27000427246094,150.27000427246094,150.25,150.25,1216,0.0,0.0
2024-09-09 14:25:00-04:00,150.2899932861328,150.3000030517578,150.2449951171875,150.2449951171875,2120,0.0,0.0
2024-09-09 14:26:00-04:00,150.2449951171875,150.2449951171875,150.24000549316406,150.24000549316406,1168,0.0,0.0
2024-09-09 14:27:00-04:00,150.24000549316406,150.2899932861328,150.19000244140625,150.19000244140625,3871,0.0,0.0
2024-09-09 14:28:00-04:00,150.1649932861328,150.2198944091797,150.1649932861328,150.17999267578125,1366,0.0,0.0
2024-09-09 14:29:00-04:00,150.19500732421875,150.1999969482422,150.19500732421875,150.1999969482422,1379,0.0,0.0
2024-09-09 14:30:00-04:00,150.19000244140625,150.19000244140625,150.1300048828125,150.15499877929688,2905,0.0,0.0
2024-09-09 14:31:00-04:00,150.16000366210938,150.1750030517578,150.13999938964844,150.13999938964844,3383,0.0,0.0
2024-09-09 14:32:00-04:00,150.1300048828125,150.1750030517578,150.11000061035156,150.1750030517578,4758,0.0,0.0
2024-09-09 14:34:00-04:00,150.13999938964844,150.13999938964844,150.10000610351562,150.11000061035156,1911,0.0,0.0
2024-09-09 14:35:00-04:00,150.125,150.125,150.08999633789062,150.10000610351562,1728,0.0,0.0
2024-09-09 14:36:00-04:00,150.08999633789062,150.1199951171875,150.08999633789062,150.1199951171875,1351,0.0,0.0
2024-09-09 14:37:00-04:00,150.08999633789062,150.11000061035156,150.0800018310547,150.11000061035156,1199,0.0,0.0
2024-09-09 14:38:00-04:00,150.09500122070312,150.14999389648438,150.05999755859375,150.0800018310547,4885,0.0,0.0
2024-09-09 14:39:00-04:00,150.05999755859375,150.0800018310547,150.02999877929688,150.02999877929688,2550,0.0,0.0
2024-09-09 14:40:00-04:00,150.0399932861328,150.05999755859375,150.0399932861328,150.05999755859375,2607,0.0,0.0
2024-09-09 14:42:00-04:00,150.11000061035156,150.11000061035156,150.05999755859375,150.05999755859375,2891,0.0,0.0
2024-09-09 14:43:00-04:00,150.0850067138672,150.0850067138672,150.0850067138672,150.0850067138672,994,0.0,0.0
2024-09-09 14:44:00-04:00,150.1199951171875,150.19000244140625,150.1199951171875,150.19000244140625,3357,0.0,0.0
2024-09-09 14:45:00-04:00,150.2100067138672,150.22999572753906,150.19000244140625,150.19000244140625,4334,0.0,0.0
2024-09-09 14:46:00-04:00,150.19000244140625,150.19000244140625,150.19000244140625,150.19000244140625,828,0.0,0.0
2024-09-09 14:47:00-04:00,150.1699981689453,150.1699981689453,150.13999938964844,150.14500427246094,3092,0.0,0.0
2024-09-09 14:48:00-04:00,150.1199951171875,150.19000244140625,150.1199951171875,150.19000244140625,2411,0.0,0.0
2024-09-09 14:49:00-04:00,150.1649932861328,150.1699981689453,150.1199951171875,150.1699981689453,2560,0.0,0.0
2024-09-09 14:50:00-04:00,150.19000244140625,150.2299041748047,150.17999267578125,150.19500732421875,2509,0.0,0.0
2024-09-09 14:51:00-04:00,150.1846923828125,150.1846923828125,150.16000366210938,150.16000366210938,2940,0.0,0.0
2024-09-09 14:52:00-04:00,150.1199951171875,150.1199951171875,150.1199951171875,150.1199951171875,720,0.0,0.0
2024-09-09 14:53:00-04:00,150.17889404296875,150.25,150.16000366210938,150.25,5634,0.0,0.0
2024-09-09 14:54:00-04:00,150.19500732421875,150.2100067138672,150.18499755859375,150.19500732421875,3458,0.0,0.0
2024-09-09 14:55:00-04:00,150.22000122070312,150.22999572753906,150.22000122070312,150.22000122070312,630,0.0,0.0
2024-09-09 14:56:00-04:00,150.23890686035156,150.23890686035156,150.1999969482422,150.1999969482422,1689,0.0,0.0
2024-09-09 14:57:00-04:00,150.2100067138672,150.25,150.2100067138672,150.2100067138672,3878,0.0,0.0
2024-09-09 14:58:00-04:00,150.22000122070312,150.23460388183594,150.22000122070312,150.22000122070312,1986,0.0,0.0
2024-09-09 14:59:00-04:00,150.2100067138672,150.2899932861328,150.2100067138672,150.28500366210938,4786,0.0,0.0
2024-09-09 15:00:00-04:00,150.25999450683594,150.25999450683594,150.1999969482422,150.22000122070312,7737,0.0,0.0
2024-09-09 15:01:00-04:00,150.1999969482422,150.25,150.19000244140625,150.25,1894,0.0,0.0
2024-09-09 15:02:00-04:00,150.27000427246094,150.27000427246094,150.25999450683594,150.25999450683594,5233,0.0,0.0
2024-09-09 15:03:00-04:00,150.24000549316406,150.25,150.1999969482422,150.22999572753906,3944,0.0,0.0
2024-09-09 15:04:00-04:00,150.22000122070312,150.22000122070312,150.16000366210938,150.1699981689453,3187,0.0,0.0
2024-09-09 15:05:00-04:00,150.16000366210938,150.2100067138672,150.16000366210938,150.2050018310547,4055,0.0,0.0
2024-09-09 15:06:00-04:00,150.1999969482422,150.2449951171875,150.1999969482422,150.22000122070312,2684,0.0,0.0
2024-09-09 15:07:00-04:00,150.22000122070312,150.22000122070312,150.22000122070312,150.22000122070312,562,0.0,0.0
2024-09-09 15:08:00-04:00,150.22479248046875,150.3300018310547,150.2100067138672,150.30999755859375,5126,0.0,0.0
2024-09-09 15:09:00-04:00,150.3300018310547,150.3699951171875,150.3300018310547,150.35499572753906,6394,0.0,0.0
2024-09-09 15:10:00-04:00,150.33999633789062,150.35499572753906,150.3300018310547,150.3300018310547,11367,0.0,0.0
2024-09-09 15:11:00-04:00,150.3350067138672,150.3350067138672,150.22000122070312,150.22000122070312,54117,0.0,0.0
2024-09-09 15:12:00-04:00,150.19500732421875,150.22000122070312,150.19000244140625,150.19000244140625,51267,0.0,0.0
2024-09-09 15:13:00-04:00,150.24000549316406,150.36000061035156,150.22999572753906,150.36000061035156,57515,0.0,0.0
2024-09-09 15:14:00-04:00,150.3300018310547,150.41000366210938,150.3300018310547,150.40499877929688,2785,0.0,0.0
2024-09-09 15:15:00-04:00,150.40499877929688,150.4199981689453,150.36000061035156,150.36000061035156,2936,0.0,0.0
2024-09-09 15:16:00-04:00,150.35499572753906,150.41000366210938,150.3209991455078,150.3209991455078,7406,0.0,0.0
2024-09-09 15:17:00-04:00,150.3800048828125,150.3800048828125,150.3509979248047,150.3800048828125,4089,0.0,0.0
2024-09-09 15:18:00-04:00,150.38999938964844,150.38999938964844,150.3209991455078,150.35850524902344,4592,0.0,0.0
2024-09-09 15:19:00-04:00,150.36000061035156,150.36000061035156,150.30999755859375,150.30999755859375,5651,0.0,0.0
2024-09-09 15:20:00-04:00,150.2899932861328,150.2949981689453,150.25999450683594,150.25999450683594,3078,0.0,0.0
2024-09-09 15:21:00-04:00,150.25999450683594,150.25999450683594,150.2010040283203,150.22000122070312,2920,0.0,0.0
2024-09-09 15:22:00-04:00,150.22000122070312,150.22500610351562,150.1750030517578,150.1750030517578,3315,0.0,0.0
2024-09-09 15:23:00-04:00,150.14999389648438,150.14999389648438,150.11000061035156,150.1199951171875,2412,0.0,0.0
2024-09-09 15:24:00-04:00,150.1199951171875,150.1199951171875,150.0500030517578,150.0850067138672,2530,0.0,0.0
2024-09-09 15:25:00-04:00,150.0260009765625,150.02999877929688,149.97999572753906,149.97999572753906,7048,0.0,0.0
2024-09-09 15:26:00-04:00,149.97999572753906,150.0749969482422,149.97999572753906,150.02999877929688,5903,0.0,0.0
2024-09-09 15:27:00-04:00,150.07000732421875,150.21499633789062,150.07000732421875,150.2050018310547,8992,0.0,0.0
2024-09-09 15:28:00-04:00,150.1999969482422,150.40499877929688,150.1999969482422,150.40499877929688,4939,0.0,0.0
2024-09-09 15:29:00-04:00,150.41000366210938,150.44000244140625,150.4010009765625,150.4010009765625,4192,0.0,0.0
2024-09-09 15:30:00-04:00,150.4010009765625,150.4199981689453,150.3699951171875,150.38999938964844,3945,0.0,0.0
2024-09-09 15:31:00-04:00,150.3800048828125,150.3800048828125,150.3000030517578,150.3000030517578,2941,0.0,0.0
2024-09-09 15:32:00-04:00,150.3000030517578,150.42999267578125,150.3000030517578,150.4199981689453,6100,0.0,0.0
2024-09-09 15:33:00-04:00,150.42999267578125,150.42999267578125,150.34100341796875,150.34100341796875,2835,0.0,0.0
2024-09-09 15:34:00-04:00,150.35499572753906,150.38999938964844,150.34100341796875,150.3509979248047,4976,0.0,0.0
2024-09-09 15:35:00-04:00,150.35000610351562,150.35000610351562,150.31100463867188,150.31500244140625,2829,0.0,0.0
2024-09-09 15:36:00-04:00,150.30999755859375,150.44000244140625,150.30999755859375,150.42999267578125,5600,0.0,0.0
2024-09-09 15:37:00-04:00,150.38999938964844,150.38999938964844,150.2899932861328,150.3000030517578,7515,0.0,0.0
2024-09-09 15:38:00-04:00,150.2899932861328,150.38499450683594,150.27099609375,150.38499450683594,5698,0.0,0.0
2024-09-09 15:39:00-04:00,150.375,150.47000122070312,150.375,150.4499969482422,4003,0.0,0.0
2024-09-09 15:40:00-04:00,150.47000122070312,150.49000549316406,150.4499969482422,150.4600067138672,7174,0.0,0.0
2024-09-09 15:41:00-04:00,150.49000549316406,150.5500030517578,150.47000122070312,150.5500030517578,5453,0.0,0.0
2024-09-09 15:42:00-04:00,150.5399932861328,150.5399932861328,150.47999572753906,150.5,8485,0.0,0.0
2024-09-09 15:43:00-04:00,150.5050048828125,150.5800018310547,150.4709930419922,150.52000427246094,16685,0.0,0.0
2024-09-09 15:44:00-04:00,150.5,150.5,150.43099975585938,150.44000244140625,5847,0.0,0.0
2024-09-09 15:45:00-04:00,150.4499969482422,150.47000122070312,150.3000030517578,150.32000732421875,12827,0.0,0.0
2024-09-09 15:46:00-04:00,150.31500244140625,150.3350067138672,150.27099609375,150.2899932861328,4919,0.0,0.0
2024-09-09 15:47:00-04:00,150.2949981689453,150.37100219726562,150.2949981689453,150.37100219726562,5082,0.0,0.0
2024-09-09 15:48:00-04:00,150.39500427246094,150.39500427246094,150.27000427246094,150.2899932861328,8889,0.0,0.0
2024-09-09 15:49:00-04:00,150.30999755859375,150.30999755859375,150.2310028076172,150.2310028076172,9487,0.0,0.0
2024-09-09 15:50:00-04:00,150.22999572753906,150.25999450683594,150.0850067138672,150.22999572753906,14184,0.0,0.0
2024-09-09 15:51:00-04:00,150.22500610351562,150.32000732421875,150.1999969482422,150.21099853515625,13034,0.0,0.0
2024-09-09 15:52:00-04:00,150.24000549316406,150.25999450683594,150.1999969482422,150.22000122070312,28352,0.0,0.0
2024-09-09 15:53:00-04:00,150.22000122070312,150.24000549316406,150.1199951171875,150.1300048828125,16768,0.0,0.0
2024-09-09 15:54:00-04:00,150.1300048828125,150.4199981689453,150.1300048828125,150.3800048828125,15657,0.0,0.0
2024-09-09 15:55:00-04:00,150.47999572753906,150.62249755859375,150.3800048828125,150.61000061035156,43413,0.0,0.0
2024-09-09 15:56:00-04:00,150.625,150.625,150.54100036621094,150.55999755859375,31534,0.0,0.0
2024-09-09 15:57:00-04:00,150.55999755859375,150.66000366210938,150.55099487304688,150.64999389648438,23855,0.0,0.0
2024-09-09 15:58:00-04:00,150.63999938964844,150.8000030517578,150.63999938964844,150.7899932861328,34888,0.0,0.0
2024-09-09 15:59:00-04:00,150.7899932861328,150.83999633789062,150.75,150.8000030517578,89111,0.0,0.0
2024-09-10 09:30:00-04:00,150.9550018310547,151.10000610351562,150.9199981689453,151.10000610351562,11689,0.0,0.0
2024-09-10 09:31:00-04:00,150.8000030517578,150.8000030517578,150.8000030517578,150.8000030517578,2915,0.0,0.0
2024-09-10 09:34:00-04:00,150.7100067138672,150.71499633789062,150.60000610351562,150.60000610351562,1746,0.0,0.0
2024-09-10 09:35:00-04:00,150.4600067138672,150.5753936767578,150.4600067138672,150.5753936767578,2542,0.0,0.0
2024-09-10 09:36:00-04:00,150.67999267578125,150.67999267578125,150.49000549316406,150.63499450683594,17476,0.0,0.0
2024-09-10 09:37:00-04:00,150.69000244140625,150.82000732421875,150.63499450683594,150.82000732421875,3983,0.0,0.0
2024-09-10 09:38:00-04:00,150.82000732421875,150.9499969482422,150.74000549316406,150.87240600585938,3499,0.0,0.0
2024-09-10 09:39:00-04:00,150.99000549316406,151.0399932861328,150.89500427246094,151.0399932861328,1502,0.0,0.0
2024-09-10 09:41:00-04:00,150.94000244140625,151.02999877929688,150.94000244140625,151.02000427246094,11734,0.0,0.0
2024-09-10 09:42:00-04:00,150.9199981689453,150.9600067138672,150.80999755859375,150.86000061035156,5974,0.0,0.0
2024-09-10 09:43:00-04:00,150.7899932861328,150.93499755859375,150.7899932861328,150.85000610351562,5562,0.0,0.0
2024-09-10 09:44:00-04:00,150.7899932861328,150.7899932861328,150.61000061035156,150.625,2605,0.0,0.0
2024-09-10 09:45:00-04:00,150.6199951171875,150.69500732421875,150.5449981689453,150.66000366210938,4553,0.0,0.0
2024-09-10 09:46:00-04:00,150.64999389648438,150.74000549316406,150.64999389648438,150.73500061035156,5159,0.0,0.0
2024-09-10 09:47:00-04:00,150.72999572753906,150.7550048828125,150.6300048828125,150.67999267578125,5996,0.0,0.0
2024-09-10 09:48:00-04:00,150.72000122070312,150.77999877929688,150.72000122070312,150.72000122070312,7235,0.0,0.0
2024-09-10 09:49:00-04:00,150.72000122070312,150.86000061035156,150.63999938964844,150.64999389648438,24546,0.0,0.0
2024-09-10 09:50:00-04:00,150.64999389648438,150.7449951171875,150.5800018310547,150.7449951171875,4501,0.0,0.0
2024-09-10 09:51:00-04:00,150.7449951171875,150.8094940185547,150.7449951171875,150.78500366210938,2764,0.0,0.0
2024-09-10 09:52:00-04:00,150.86000061035156,150.86000061035156,150.77999877929688,150.7949981689453,3248,0.0,0.0
2024-09-10 09:53:00-04:00,150.8350067138672,150.8350067138672,150.75,150.75999450683594,1908,0.0,0.0
2024-09-10 09:54:00-04:00,150.66000366210938,150.66000366210938,150.52000427246094,150.57000732421875,3748,0.0,0.0
2024-09-10 09:55:00-04:00,150.52499389648438,150.52499389648438,150.3300018310547,150.3300018310547,5541,0.0,0.0
2024-09-10 09:56:00-04:00,150.26499938964844,150.26499938964844,150.1199951171875,150.1199951171875,2409,0.0,0.0
2024-09-10 09:57:00-04:00,150.11000061035156,150.11000061035156,150.02000427246094,150.02000427246094,2849,0.0,0.0
2024-09-10 09:58:00-04:00,150.14500427246094,150.22000122070312,150.1300048828125,150.22000122070312,2611,0.0,0.0
2024-09-10 09:59:00-04:00,150.22500610351562,150.30499267578125,150.11500549316406,150.11500549316406,2286,0.0,0.0
2024-09-10 10:00:00-04:00,150.11500549316406,150.1750030517578,150.07000732421875,150.1750030517578,2581,0.0,0.0
2024-09-10 10:01:00-04:00,150.0399932861328,150.0399932861328,149.97000122070312,150.0399932861328,1927,0.0,0.0
2024-09-10 10:02:00-04:00,150.02999877929688,150.07000732421875,149.9499969482422,150.07000732421875,2018,0.0,0.0
2024-09-10 10:03:00-04:00,150.07000732421875,150.08999633789062,150.07000732421875,150.0749969482422,1448,0.0,0.0
2024-09-10 10:04:00-04:00,150.0399932861328,150.0749969482422,150.0399932861328,150.06500244140625,2015,0.0,0.0
2024-09-10 10:06:00-04:00,150.55999755859375,150.55999755859375,150.55999755859375,150.55999755859375,18342,0.0,0.0
2024-09-10 10:07:00-04:00,150.50999450683594,150.66000366210938,150.50999450683594,150.66000366210938,2566,0.0,0.0
2024-09-10 10:09:00-04:00,150.69000244140625,150.6999969482422,150.69000244140625,150.6999969482422,2745,0.0,0.0
2024-09-10 10:10:00-04:00,150.58999633789062,150.6300048828125,150.58999633789062,150.6300048828125,998,0.0,0.0
2024-09-10 10:11:00-04:00,150.5800018310547,150.5800018310547,150.3800048828125,150.5500030517578,13610,0.0,0.0
2024-09-10 10:12:00-04:00,150.55499267578125,150.625,150.55499267578125,150.61000061035156,1186,0.0,0.0
2024-09-10 10:13:00-04:00,150.76499938964844,150.7899932861328,150.72999572753906,150.75999450683594,2284,0.0,0.0
2024-09-10 10:14:00-04:00,150.75999450683594,150.77999877929688,150.67999267578125,150.71499633789062,4167,0.0,0.0
2024-09-10 10:15:00-04:00,150.68719482421875,150.68719482421875,150.6300048828125,150.63999938964844,2757,0.0,0.0
2024-09-10 10:17:00-04:00,150.66000366210938,150.75999450683594,150.66000366210938,150.67999267578125,3273,0.0,0.0
2024-09-10 10:18:00-04:00,150.6699981689453,150.6699981689453,150.55999755859375,150.64999389648438,3967,0.0,0.0
2024-09-10 10:19:00-04:00,150.6999969482422,150.6999969482422,150.69000244140625,150.69000244140625,1076,0.0,0.0
2024-09-10 10:20:00-04:00,150.69000244140625,150.72000122070312,150.6300048828125,150.72000122070312,2830,0.0,0.0
2024-09-10 10:21:00-04:00,150.64999389648438,150.64999389648438,150.52999877929688,150.52999877929688,3096,0.0,0.0
2024-09-10 10:22:00-04:00,150.5800018310547,150.5800018310547,150.52999877929688,150.52999877929688,1114,0.0,0.0
2024-09-10 10:23:00-04:00,150.47999572753906,150.47999572753906,150.4434051513672,150.4434051513672,2129,0.0,0.0
2024-09-10 10:24:00-04:00,150.49000549316406,150.49000549316406,150.4499969482422,150.4499969482422,1141,0.0,0.0
2024-09-10 10:25:00-04:00,150.48500061035156,150.55999755859375,150.48500061035156,150.52999877929688,2396,0.0,0.0
2024-09-10 10:26:00-04:00,150.55999755859375,150.60000610351562,150.55999755859375,150.60000610351562,1045,0.0,0.0
2024-09-10 10:27:00-04:00,150.60499572753906,150.60499572753906,150.52000427246094,150.52000427246094,1726,0.0,0.0
2024-09-10 10:28:00-04:00,150.5800018310547,150.58999633789062,150.50999450683594,150.52999877929688,3033,0.0,0.0
2024-09-10 10:29:00-04:00,150.52000427246094,150.6855010986328,150.52000427246094,150.6855010986328,1759,0.0,0.0
2024-09-10 10:30:00-04:00,150.60000610351562,150.6199951171875,150.5399932861328,150.5399932861328,1807,0.0,0.0
2024-09-10 10:31:00-04:00,150.5500030517578,150.6199951171875,150.50999450683594,150.50999450683594,2732,0.0,0.0
2024-09-10 10:32:00-04:00,150.5,150.58999633789062,150.47000122070312,150.58999633789062,4202,0.0,0.0
2024-09-10 10:33:00-04:00,150.5399932861328,150.67999267578125,150.5399932861328,150.6750030517578,5295,0.0,0.0
2024-09-10 10:34:00-04:00,150.64999389648438,150.6699981689453,150.60000610351562,150.61000061035156,4709,0.0,0.0
2024-09-10 10:35:00-04:00,150.6300048828125,150.6300048828125,150.5399932861328,150.5399932861328,3009,0.0,0.0
2024-09-10 10:36:00-04:00,150.5,150.60000610351562,150.47000122070312,150.47000122070312,2987,0.0,0.0
2024-09-10 10:37:00-04:00,150.4199981689453,150.4199981689453,150.4199981689453,150.4199981689453,460,0.0,0.0
2024-09-10 10:38:00-04:00,150.33999633789062,150.38499450683594,150.25999450683594,150.25999450683594,3577,0.0,0.0
2024-09-10 10:39:00-04:00,150.27000427246094,150.27000427246094,150.27000427246094,150.27000427246094,848,0.0,0.0
2024-09-10 10:40:00-04:00,150.32000732421875,150.32000732421875,150.27999877929688,150.27999877929688,650,0.0,0.0
2024-09-10 10:41:00-04:00,150.25999450683594,150.39999389648438,150.2100067138672,150.2100067138672,3077,0.0,0.0
2024-09-10 10:42:00-04:00,150.1999969482422,150.3249969482422,150.1999969482422,150.3249969482422,2289,0.0,0.0
2024-09-10 10:43:00-04:00,150.3300018310547,150.3300018310547,150.10000610351562,150.10000610351562,2285,0.0,0.0
2024-09-10 10:44:00-04:00,150.10000610351562,150.10000610351562,150.02999877929688,150.02999877929688,1908,0.0,0.0
2024-09-10 10:45:00-04:00,149.97999572753906,150.01499938964844,149.97999572753906,150.01499938964844,909,0.0,0.0
2024-09-10 10:46:00-04:00,150.02000427246094,150.17999267578125,150.0,150.1699981689453,5211,0.0,0.0
2024-09-10 10:47:00-04:00,150.1300048828125,150.14999389648438,150.1199951171875,150.14999389648438,3060,0.0,0.0
2024-09-10 10:48:00-04:00,150.10000610351562,150.17999267578125,150.10000610351562,150.1699981689453,1521,0.0,0.0
2024-09-10 10:49:00-04:00,150.22500610351562,150.2899932861328,150.22500610351562,150.2899932861328,2378,0.0,0.0
2024-09-10 10:50:00-04:00,150.30499267578125,150.3350067138672,150.2949981689453,150.30499267578125,5263,0.0,0.0
2024-09-10 10:51:00-04:00,150.27000427246094,150.3000030517578,150.1199951171875,150.16000366210938,4098,0.0,0.0
2024-09-10 10:52:00-04:00,150.17999267578125,150.22000122070312,150.14999389648438,150.19500732421875,5310,0.0,0.0
2024-09-10 10:53:00-04:00,150.16900634765625,150.22830200195312,150.16900634765625,150.19000244140625,3141,0.0,0.0
2024-09-10 10:54:00-04:00,150.19000244140625,150.22999572753906,150.1300048828125,150.13499450683594,5538,0.0,0.0
2024-09-10 10:55:00-04:00,150.13499450683594,150.14999389648438,150.0449981689453,150.10000610351562,4748,0.0,0.0
2024-09-10 10:56:00-04:00,150.10000610351562,150.1699981689453,150.08999633789062,150.13999938964844,2720,0.0,0.0
2024-09-10 10:57:00-04:00,150.1300048828125,150.1300048828125,150.08250427246094,150.10000610351562,4541,0.0,0.0
2024-09-10 10:58:00-04:00,150.0749969482422,150.0749969482422,149.89999389648438,149.9600067138672,13346,0.0,0.0
2024-09-10 10:59:00-04:00,149.93499755859375,149.97250366210938,149.88169860839844,149.97000122070312,6220,0.0,0.0
2024-09-10 11:00:00-04:00,149.88999938964844,149.88999938964844,149.83999633789062,149.88999938964844,2709,0.0,0.0
2024-09-10 11:01:00-04:00,149.80999755859375,149.80999755859375,149.80999755859375,149.80999755859375,4720,0.0,0.0
2024-09-10 11:02:00-04:00,149.75999450683594,149.80999755859375,149.75999450683594,149.77999877929688,1258,0.0,0.0
2024-09-10 11:03:00-04:00,149.77999877929688,149.7899932861328,149.74000549316406,149.77999877929688,1509,0.0,0.0
2024-09-10 11:04:00-04:00,149.8000030517578,149.88499450683594,149.8000030517578,149.88499450683594,2853,0.0,0.0
2024-09-10 11:05:00-04:00,149.8699951171875,149.8699951171875,149.77000427246094,149.85000610351562,4015,0.0,0.0
2024-09-10 11:06:00-04:00,149.80999755859375,149.8699951171875,149.7899932861328,149.7899932861328,1133,0.0,0.0
2024-09-10 11:07:00-04:00,149.7899932861328,149.9149932861328,149.7899932861328,149.8699951171875,4323,0.0,0.0
2024-09-10 11:08:00-04:00,149.8699951171875,149.9199981689453,149.83999633789062,149.9199981689453,1649,0.0,0.0
2024-09-10 11:09:00-04:00,149.97999572753906,150.0500030517578,149.97000122070312,150.0500030517578,1737,0.0,0.0
2024-09-10 11:10:00-04:00,150.0850067138672,150.1300048828125,150.07000732421875,150.07000732421875,1763,0.0,0.0
2024-09-10 11:12:00-04:00,150.07000732421875,150.07000732421875,150.07000732421875,150.07000732421875,16405,0.0,0.0
2024-09-10 11:13:00-04:00,150.0500030517578,150.05499267578125,150.02999877929688,150.0500030517578,1188,0.0,0.0
2024-09-10 11:14:00-04:00,150.0500030517578,150.0500030517578,149.98500061035156,149.99000549316406,5742,0.0,0.0
2024-09-10 11:15:00-04:00,150.02999877929688,150.06500244140625,150.02999877929688,150.02999877929688,1420,0.0,0.0
2024-09-10 11:16:00-04:00,150.02999877929688,150.05499267578125,149.9600067138672,149.9600067138672,2370,0.0,0.0
2024-09-10 11:17:00-04:00,149.94000244140625,150.0800018310547,149.92999267578125,150.0500030517578,16133,0.0,0.0
2024-09-10 11:18:00-04:00,150.05250549316406,150.0800018310547,150.02999877929688,150.0800018310547,1669,0.0,0.0
2024-09-10 11:19:00-04:00,150.0800018310547,150.10000610351562,150.07000732421875,150.07249450683594,5012,0.0,0.0
2024-09-10 11:20:00-04:00,150.1199951171875,150.1199951171875,150.0,150.02000427246094,3227,0.0,0.0
2024-09-10 11:21:00-04:00,150.0,150.00540161132812,150.0,150.00540161132812,587,0.0,0.0
2024-09-10 11:22:00-04:00,149.97999572753906,150.03500366210938,149.97999572753906,150.02499389648438,1527,0.0,0.0
2024-09-10 11:23:00-04:00,150.02000427246094,150.02000427246094,149.9499969482422,149.97000122070312,936,0.0,0.0
2024-09-10 11:24:00-04:00,149.97000122070312,150.0800018310547,149.97000122070312,150.02999877929688,1878,0.0,0.0
2024-09-10 11:25:00-04:00,150.07000732421875,150.1199951171875,150.0399932861328,150.1199951171875,1690,0.0,0.0
2024-09-10 11:26:00-04:00,150.08999633789062,150.1199951171875,150.02000427246094,150.02000427246094,3815,0.0,0.0
2024-09-10 11:27:00-04:00,150.08999633789062,150.08999633789062,150.0399932861328,150.0399932861328,1514,0.0,0.0
2024-09-10 11:28:00-04:00,150.05999755859375,150.06500244140625,150.02000427246094,150.05999755859375,1848,0.0,0.0
2024-09-10 11:29:00-04:00,150.10000610351562,150.10000610351562,150.07000732421875,150.0749969482422,2587,0.0,0.0
2024-09-10 11:30:00-04:00,150.0399932861328,150.06500244140625,149.99000549316406,150.06500244140625,3010,0.0,0.0
2024-09-10 11:31:00-04:00,150.0625,150.0625,149.9600067138672,150.0500030517578,3727,0.0,0.0
2024-09-10 11:32:00-04:00,150.0800018310547,150.11000061035156,150.02999877929688,150.11000061035156,4172,0.0,0.0
2024-09-10 11:33:00-04:00,150.10000610351562,150.10000610351562,149.97999572753906,149.97999572753906,2320,0.0,0.0
2024-09-10 11:34:00-04:00,149.92999267578125,149.92999267578125,149.92999267578125,149.92999267578125,288,0.0,0.0
2024-09-10 11:35:00-04:00,149.8699951171875,149.8699951171875,149.86000061035156,149.86000061035156,1202,0.0,0.0
2024-09-10 11:36:00-04:00,149.8300018310547,149.83999633789062,149.7899932861328,149.7899932861328,2380,0.0,0.0
2024-09-10 11:37:00-04:00,149.7700958251953,149.80499267578125,149.75999450683594,149.75999450683594,3161,0.0,0.0
2024-09-10 11:38:00-04:00,149.80999755859375,149.85000610351562,149.77000427246094,149.8000030517578,5763,0.0,0.0
2024-09-10 11:39:00-04:00,149.8300018310547,149.8350067138672,149.8300018310547,149.8350067138672,1419,0.0,0.0
2024-09-10 11:40:00-04:00,149.8498992919922,149.9199981689453,149.77999877929688,149.77999877929688,3083,0.0,0.0
2024-09-10 11:41:00-04:00,149.75999450683594,149.81500244140625,149.75999450683594,149.8074951171875,1492,0.0,0.0
2024-09-10 11:42:00-04:00,149.77000427246094,149.86000061035156,149.77000427246094,149.86000061035156,1346,0.0,0.0
2024-09-10 11:43:00-04:00,149.91000366210938,149.92999267578125,149.88999938964844,149.88999938964844,2161,0.0,0.0
2024-09-10 11:44:00-04:00,149.8800048828125,149.90499877929688,149.80999755859375,149.80999755859375,2115,0.0,0.0
2024-09-10 11:45:00-04:00,149.75,149.75999450683594,149.7449951171875,149.7449951171875,1708,0.0,0.0
2024-09-10 11:46:00-04:00,149.77000427246094,149.80990600585938,149.69000244140625,149.75999450683594,2396,0.0,0.0
2024-09-10 11:47:00-04:00,149.69000244140625,149.75,149.69000244140625,149.72000122070312,1742,0.0,0.0
2024-09-10 11:48:00-04:00,149.76499938964844,149.77000427246094,149.6300048828125,149.6300048828125,2613,0.0,0.0
2024-09-10 11:49:00-04:00,149.61500549316406,149.63999938964844,149.57000732421875,149.58999633789062,1392,0.0,0.0
2024-09-10 11:50:00-04:00,149.58999633789062,149.6199951171875,149.38999938964844,149.38999938964844,4194,0.0,0.0
2024-09-10 11:51:00-04:00,149.4199981689453,149.5,149.3800048828125,149.4499969482422,2658,0.0,0.0
2024-09-10 11:52:00-04:00,149.4550018310547,149.4550018310547,149.33999633789062,149.33999633789062,2960,0.0,0.0
2024-09-10 11:53:00-04:00,149.38999938964844,149.4499969482422,149.3699951171875,149.3699951171875,841,0.0,0.0
2024-09-10 11:54:00-04:00,149.42999267578125,149.52000427246094,149.42999267578125,149.52000427246094,1788,0.0,0.0
2024-09-10 11:55:00-04:00,149.51499938964844,149.5800018310547,149.51499938964844,149.57000732421875,4740,0.0,0.0
2024-09-10 11:56:00-04:00,149.6199951171875,149.63999938964844,149.6199951171875,149.6199951171875,1500,0.0,0.0
2024-09-10 11:57:00-04:00,149.66000366210938,149.66000366210938,149.60000610351562,149.64500427246094,1896,0.0,0.0
2024-09-10 11:58:00-04:00,149.60000610351562,149.60000610351562,149.5399932861328,149.5399932861328,1443,0.0,0.0
2024-09-10 11:59:00-04:00,149.5,149.5,149.3800048828125,149.41000366210938,1923,0.0,0.0
2024-09-10 12:00:00-04:00,149.39500427246094,149.41000366210938,149.35000610351562,149.41000366210938,1913,0.0,0.0
2024-09-10 12:01:00-04:00,149.38999938964844,149.39999389648438,149.3300018310547,149.3300018310547,1284,0.0,0.0
2024-09-10 12:02:00-04:00,149.33999633789062,149.33999633789062,149.17999267578125,149.23500061035156,3751,0.0,0.0
2024-09-10 12:03:00-04:00,149.1999969482422,149.1999969482422,149.08999633789062,149.1699981689453,1649,0.0,0.0
2024-09-10 12:04:00-04:00,149.1199951171875,149.1199951171875,149.1199951171875,149.1199951171875,897,0.0,0.0
2024-09-10 12:05:00-04:00,149.16000366210938,149.24000549316406,149.16000366210938,149.24000549316406,4437,0.0,0.0
2024-09-10 12:06:00-04:00,149.25,149.27499389648438,149.2100067138672,149.2449951171875,2591,0.0,0.0
2024-09-10 12:07:00-04:00,149.1999969482422,149.1999969482422,149.1199951171875,149.1199951171875,1509,0.0,0.0
2024-09-10 12:08:00-04:00,149.16000366210938,149.22999572753906,149.05999755859375,149.11000061035156,3585,0.0,0.0
2024-09-10 12:09:00-04:00,149.16000366210938,149.16000366210938,149.07000732421875,149.07000732421875,1413,0.0,0.0
2024-09-10 12:10:00-04:00,149.0500030517578,149.1199951171875,149.0500030517578,149.05999755859375,1584,0.0,0.0
2024-09-10 12:11:00-04:00,149.14500427246094,149.1699981689453,149.1300048828125,149.1300048828125,2048,0.0,0.0
2024-09-10 12:12:00-04:00,149.1300048828125,149.16000366210938,149.0500030517578,149.0500030517578,2909,0.0,0.0
2024-09-10 12:13:00-04:00,149.10000610351562,149.13999938964844,149.10000610351562,149.13999938964844,324,0.0,0.0
2024-09-10 12:14:00-04:00,149.1199951171875,149.19000244140625,149.07000732421875,149.19000244140625,4319,0.0,0.0
2024-09-10 12:15:00-04:00,149.2100067138672,149.25999450683594,149.2100067138672,149.25999450683594,1656,0.0,0.0
2024-09-10 12:16:00-04:00,149.27999877929688,149.30999755859375,149.27999877929688,149.30999755859375,1563,0.0,0.0
2024-09-10 12:17:00-04:00,149.31500244140625,149.3300018310547,149.2899932861328,149.32000732421875,2852,0.0,0.0
2024-09-10 12:18:00-04:00,149.3459930419922,149.3459930419922,149.22250366210938,149.22250366210938,1912,0.0,0.0
2024-09-10 12:19:00-04:00,149.2100067138672,149.36000061035156,149.2100067138672,149.34500122070312,3653,0.0,0.0
2024-09-10 12:20:00-04:00,149.4199981689453,149.43499755859375,149.4199981689453,149.43499755859375,931,0.0,0.0
2024-09-10 12:21:00-04:00,149.41000366210938,149.4550018310547,149.3300018310547,149.3300018310547,4163,0.0,0.0
2024-09-10 12:22:00-04:00,149.27999877929688,149.41000366210938,149.27999877929688,149.41000366210938,3531,0.0,0.0
2024-09-10 12:23:00-04:00,149.42999267578125,149.43499755859375,149.42999267578125,149.43499755859375,827,0.0,0.0
2024-09-10 12:24:00-04:00,149.41000366210938,149.44000244140625,149.41000366210938,149.44000244140625,1287,0.0,0.0
2024-09-10 12:25:00-04:00,149.43499755859375,149.47999572753906,149.43499755859375,149.4600067138672,2513,0.0,0.0
2024-09-10 12:26:00-04:00,149.4600067138672,149.49000549316406,149.4600067138672,149.47999572753906,2021,0.0,0.0
2024-09-10 12:27:00-04:00,149.47000122070312,149.47000122070312,149.4499969482422,149.4499969482422,286,0.0,0.0
2024-09-10 12:28:00-04:00,149.44000244140625,149.44000244140625,149.3800048828125,149.39999389648438,2119,0.0,0.0
2024-09-10 12:29:00-04:00,149.39999389648438,149.47000122070312,149.39999389648438,149.47000122070312,1873,0.0,0.0
2024-09-10 12:30:00-04:00,149.4698944091797,149.47000122070312,149.4001007080078,149.4001007080078,953,0.0,0.0
2024-09-10 12:31:00-04:00,149.47000122070312,149.5500030517578,149.47000122070312,149.5500030517578,4995,0.0,0.0
2024-09-10 12:32:00-04:00,149.5500030517578,149.57000732421875,149.48500061035156,149.48500061035156,2494,0.0,0.0
2024-09-10 12:33:00-04:00,149.47000122070312,149.55499267578125,149.47000122070312,149.55499267578125,2628,0.0,0.0
2024-09-10 12:35:00-04:00,149.52000427246094,149.5800018310547,149.52000427246094,149.52999877929688,1087,0.0,0.0
2024-09-10 12:36:00-04:00,149.50999450683594,149.52499389648438,149.4600067138672,149.5050048828125,4267,0.0,0.0
2024-09-10 12:37:00-04:00,149.52000427246094,149.60000610351562,149.52000427246094,149.60000610351562,3197,0.0,0.0
2024-09-10 12:38:00-04:00,149.597900390625,149.61000061035156,149.597900390625,149.61000061035156,880,0.0,0.0
2024-09-10 12:39:00-04:00,149.61000061035156,149.61000061035156,149.61000061035156,149.61000061035156,407,0.0,0.0
2024-09-10 12:40:00-04:00,149.60499572753906,149.60499572753906,149.5500030517578,149.5800018310547,1874,0.0,0.0
2024-09-10 12:41:00-04:00,149.58999633789062,149.58999633789062,149.49000549316406,149.49000549316406,1070,0.0,0.0
2024-09-10 12:42:00-04:00,149.5500030517578,149.5500030517578,149.52000427246094,149.53500366210938,1887,0.0,0.0
2024-09-10 12:43:00-04:00,149.42999267578125,149.4550018310547,149.39999389648438,149.44949340820312,1777,0.0,0.0
2024-09-10 12:44:00-04:00,149.4499969482422,149.5500030517578,149.4499969482422,149.5500030517578,3682,0.0,0.0
2024-09-10 12:45:00-04:00,149.57000732421875,149.57000732421875,149.5399932861328,149.55499267578125,1904,0.0,0.0
2024-09-10 12:46:00-04:00,149.52999877929688,149.52999877929688,149.52999877929688,149.52999877929688,386,0.0,0.0
2024-09-10 12:47:00-04:00,149.60000610351562,149.61000061035156,149.60000610351562,149.61000061035156,835,0.0,0.0
2024-09-10 12:48:00-04:00,149.61000061035156,149.61000061035156,149.5800018310547,149.5850067138672,878,0.0,0.0
2024-09-10 12:49:00-04:00,149.5500030517578,149.63999938964844,149.5500030517578,149.60000610351562,7301,0.0,0.0
2024-09-10 12:50:00-04:00,149.6199951171875,149.6199951171875,149.55999755859375,149.55999755859375,2663,0.0,0.0
2024-09-10 12:51:00-04:00,149.5749969482422,149.5749969482422,149.55999755859375,149.55999755859375,691,0.0,0.0
2024-09-10 12:52:00-04:00,149.5500030517578,149.72000122070312,149.5500030517578,149.69000244140625,10959,0.0,0.0
2024-09-10 12:53:00-04:00,149.7100067138672,149.82400512695312,149.7100067138672,149.75999450683594,3983,0.0,0.0
2024-09-10 12:54:00-04:00,149.7949981689453,149.80999755859375,149.75999450683594,149.77499389648438,1791,0.0,0.0
2024-09-10 12:55:00-04:00,149.75,149.75,149.75,149.75,937,0.0,0.0
2024-09-10 12:56:00-04:00,149.72999572753906,149.72999572753906,149.69000244140625,149.69000244140625,655,0.0,0.0
2024-09-10 12:57:00-04:00,149.6999969482422,149.75999450683594,149.6999969482422,149.6999969482422,2278,0.0,0.0
2024-09-10 12:58:00-04:00,149.74000549316406,149.74000549316406,149.66000366210938,149.66000366210938,1279,0.0,0.0
2024-09-10 12:59:00-04:00,149.66000366210938,149.69500732421875,149.63999938964844,149.63999938964844,1385,0.0,0.0
2024-09-10 13:00:00-04:00,149.66000366210938,149.66000366210938,149.63999938964844,149.63999938964844,740,0.0,0.0
2024-09-10 13:01:00-04:00,149.6699981689453,149.6999969482422,149.63999938964844,149.69000244140625,2597,0.0,0.0
2024-09-10 13:02:00-04:00,149.66000366210938,149.66000366210938,149.55999755859375,149.55999755859375,2788,0.0,0.0
2024-09-10 13:03:00-04:00,149.5500030517578,149.60000610351562,149.5500030517578,149.60000610351562,1454,0.0,0.0
2024-09-10 13:04:00-04:00,149.5800018310547,149.59500122070312,149.5399932861328,149.5399932861328,4478,0.0,0.0
2024-09-10 13:05:00-04:00,149.5399932861328,149.55999755859375,149.5399932861328,149.5399932861328,823,0.0,0.0
2024-09-10 13:06:00-04:00,149.5500030517578,149.57000732421875,149.52999877929688,149.5449981689453,3507,0.0,0.0
2024-09-10 13:07:00-04:00,149.52000427246094,149.5449981689453,149.5,149.5,2277,0.0,0.0
2024-09-10 13:08:00-04:00,149.47999572753906,149.5,149.4600067138672,149.5,1286,0.0,0.0
2024-09-10 13:09:00-04:00,149.55999755859375,149.55999755859375,149.52000427246094,149.52000427246094,3025,0.0,0.0
2024-09-10 13:10:00-04:00,149.5500030517578,149.61000061035156,149.5500030517578,149.5500030517578,2589,0.0,0.0
2024-09-10 13:11:00-04:00,149.60000610351562,149.6300048828125,149.60000610351562,149.6300048828125,1588,0.0,0.0
2024-09-10 13:12:00-04:00,149.66000366210938,149.66000366210938,149.66000366210938,149.66000366210938,1368,0.0,0.0
2024-09-10 13:13:00-04:00,149.69000244140625,149.69000244140625,149.69000244140625,149.69000244140625,205,0.0,0.0
2024-09-10 13:14:00-04:00,149.69000244140625,149.72000122070312,149.67999267578125,149.69000244140625,2444,0.0,0.0
2024-09-10 13:15:00-04:00,149.74000549316406,149.74000549316406,149.6699981689453,149.6699981689453,1685,0.0,0.0
2024-09-10 13:16:00-04:00,149.69500732421875,149.69500732421875,149.5800018310547,149.63999938964844,2630,0.0,0.0
2024-09-10 13:17:00-04:00,149.63999938964844,149.69000244140625,149.63999938964844,149.6699981689453,1959,0.0,0.0
2024-09-10 13:18:00-04:00,149.69000244140625,149.69000244140625,149.6300048828125,149.6300048828125,1939,0.0,0.0
2024-09-10 13:19:00-04:00,149.6199951171875,149.6199951171875,149.6199951171875,149.6199951171875,918,0.0,0.0
2024-09-10 13:20:00-04:00,149.52000427246094,149.5500030517578,149.52000427246094,149.5500030517578,741,0.0,0.0
2024-09-10 13:21:00-04:00,149.42999267578125,149.47999572753906,149.42999267578125,149.47999572753906,1774,0.0,0.0
2024-09-10 13:22:00-04:00,149.4499969482422,149.5,149.4499969482422,149.5,2577,0.0,0.0
2024-09-10 13:23:00-04:00,149.44500732421875,149.44500732421875,149.3800048828125,149.3800048828125,1664,0.0,0.0
2024-09-10 13:24:00-04:00,149.3800048828125,149.4600067138672,149.3800048828125,149.4550018310547,2845,0.0,0.0
2024-09-10 13:25:00-04:00,149.4550018310547,149.4550018310547,149.39999389648438,149.39999389648438,3302,0.0,0.0
2024-09-10 13:26:00-04:00,149.36000061035156,149.3699951171875,149.36000061035156,149.36500549316406,1692,0.0,0.0
2024-09-10 13:27:00-04:00,149.4199981689453,149.4600067138672,149.4199981689453,149.44119262695312,2649,0.0,0.0
2024-09-10 13:28:00-04:00,149.4499969482422,149.4499969482422,149.39999389648438,149.42999267578125,2816,0.0,0.0
2024-09-10 13:29:00-04:00,149.41000366210938,149.44000244140625,149.3699951171875,149.3699951171875,2367,0.0,0.0
2024-09-10 13:30:00-04:00,149.32000732421875,149.3231964111328,149.2899932861328,149.30499267578125,900,0.0,0.0
2024-09-10 13:31:00-04:00,149.30259704589844,149.32000732421875,149.2899932861328,149.2899932861328,4353,0.0,0.0
2024-09-10 13:32:00-04:00,149.33999633789062,149.35000610351562,149.2899932861328,149.30999755859375,1210,0.0,0.0
2024-09-10 13:33:00-04:00,149.3000030517578,149.3800048828125,149.3000030517578,149.375,1661,0.0,0.0
2024-09-10 13:34:00-04:00,149.35000610351562,149.35000610351562,149.32000732421875,149.33299255371094,1723,0.0,0.0
2024-09-10 13:35:00-04:00,149.3350067138672,149.33749389648438,149.3000030517578,149.3000030517578,1969,0.0,0.0
2024-09-10 13:36:00-04:00,149.30999755859375,149.30999755859375,149.30999755859375,149.30999755859375,918,0.0,0.0
2024-09-10 13:37:00-04:00,149.30999755859375,149.35000610351562,149.30999755859375,149.3300018310547,3388,0.0,0.0
2024-09-10 13:38:00-04:00,149.2949981689453,149.2949981689453,149.2100067138672,149.2100067138672,997,0.0,0.0
2024-09-10 13:39:00-04:00,149.22999572753906,149.2449951171875,149.2100067138672,149.2100067138672,1337,0.0,0.0
2024-09-10 13:40:00-04:00,149.27999877929688,149.3300018310547,149.27999877929688,149.3300018310547,2652,0.0,0.0
2024-09-10 13:41:00-04:00,149.31500244140625,149.31500244140625,149.31500244140625,149.31500244140625,353,0.0,0.0
2024-09-10 13:42:00-04:00,149.33999633789062,149.42999267578125,149.33999633789062,149.39999389648438,5766,0.0,0.0
2024-09-10 13:43:00-04:00,149.41000366210938,149.4499969482422,149.3800048828125,149.39999389648438,2481,0.0,0.0
2024-09-10 13:44:00-04:00,149.33999633789062,149.5,149.33999633789062,149.5,7600,0.0,0.0
2024-09-10 13:45:00-04:00,149.52000427246094,149.52000427246094,149.52000427246094,149.52000427246094,411,0.0,0.0
2024-09-10 13:46:00-04:00,149.50999450683594,149.50999450683594,149.50999450683594,149.50999450683594,699,0.0,0.0
2024-09-10 13:48:00-04:00,149.47000122070312,149.5,149.44000244140625,149.44000244140625,1846,0.0,0.0
2024-09-10 13:49:00-04:00,149.47000122070312,149.47000122070312,149.47000122070312,149.47000122070312,999,0.0,0.0
2024-09-10 13:50:00-04:00,149.47000122070312,149.49000549316406,149.47000122070312,149.49000549316406,2605,0.0,0.0
2024-09-10 13:51:00-04:00,149.52999877929688,149.52999877929688,149.47999572753906,149.47999572753906,495,0.0,0.0
2024-09-10 13:52:00-04:00,149.47999572753906,149.50059509277344,149.44000244140625,149.4600067138672,5396,0.0,0.0
2024-09-10 13:53:00-04:00,149.44000244140625,149.47000122070312,149.41000366210938,149.4499969482422,8754,0.0,0.0
2024-09-10 13:54:00-04:00,149.47999572753906,149.52000427246094,149.47999572753906,149.52000427246094,1738,0.0,0.0
2024-09-10 13:55:00-04:00,149.52999877929688,149.52999877929688,149.5,149.52000427246094,1406,0.0,0.0
2024-09-10 13:57:00-04:00,149.5,149.5,149.5,149.5,301,0.0,0.0
2024-09-10 13:58:00-04:00,149.4600067138672,149.49000549316406,149.4600067138672,149.4600067138672,1879,0.0,0.0
2024-09-10 13:59:00-04:00,149.4600067138672,149.50999450683594,149.4600067138672,149.47999572753906,881,0.0,0.0
2024-09-10 14:00:00-04:00,149.5,149.53500366210938,149.47999572753906,149.53500366210938,1676,0.0,0.0
2024-09-10 14:01:00-04:00,149.53500366210938,149.6199951171875,149.52000427246094,149.6199951171875,3015,0.0,0.0
2024-09-10 14:02:00-04:00,149.57000732421875,149.59500122070312,149.56500244140625,149.5749969482422,3320,0.0,0.0
2024-09-10 14:03:00-04:00,149.60000610351562,149.6699981689453,149.60000610351562,149.63999938964844,3307,0.0,0.0
2024-09-10 14:04:00-04:00,149.66000366210938,149.66000366210938,149.66000366210938,149.66000366210938,401,0.0,0.0
2024-09-10 14:05:00-04:00,149.6699981689453,149.67999267578125,149.66000366210938,149.6699981689453,1794,0.0,0.0
2024-09-10 14:06:00-04:00,149.63999938964844,149.69000244140625,149.63999938964844,149.6699981689453,1798,0.0,0.0
2024-09-10 14:07:00-04:00,149.63999938964844,149.63999938964844,149.5500030517578,149.5500030517578,2808,0.0,0.0
2024-09-10 14:08:00-04:00,149.60000610351562,149.72000122070312,149.60000610351562,149.66000366210938,5300,0.0,0.0
2024-09-10 14:10:00-04:00,149.6699981689453,149.67999267578125,149.6699981689453,149.67999267578125,1518,0.0,0.0
2024-09-10 14:11:00-04:00,149.6999969482422,149.6999969482422,149.6699981689453,149.6699981689453,1092,0.0,0.0
2024-09-10 14:12:00-04:00,149.7100067138672,149.72000122070312,149.6699981689453,149.68499755859375,1227,0.0,0.0
2024-09-10 14:13:00-04:00,149.6300048828125,149.72999572753906,149.6300048828125,149.6999969482422,2595,0.0,0.0
2024-09-10 14:14:00-04:00,149.6999969482422,149.77999877929688,149.6999969482422,149.7550048828125,1314,0.0,0.0
2024-09-10 14:15:00-04:00,149.77999877929688,149.77999877929688,149.77999877929688,149.77999877929688,1069,0.0,0.0
2024-09-10 14:16:00-04:00,149.77999877929688,149.77999877929688,149.74000549316406,149.74000549316406,1407,0.0,0.0
2024-09-10 14:17:00-04:00,149.6999969482422,149.77000427246094,149.6999969482422,149.6999969482422,678,0.0,0.0
2024-09-10 14:18:00-04:00,149.75999450683594,149.75999450683594,149.75999450683594,149.75999450683594,2095,0.0,0.0
2024-09-10 14:19:00-04:00,149.77999877929688,149.7899932861328,149.77999877929688,149.7899932861328,1155,0.0,0.0
2024-09-10 14:20:00-04:00,149.82000732421875,149.8350067138672,149.82000732421875,149.8350067138672,2488,0.0,0.0
2024-09-10 14:21:00-04:00,149.8300018310547,149.85000610351562,149.8300018310547,149.85000610351562,1175,0.0,0.0
2024-09-10 14:22:00-04:00,149.83999633789062,149.875,149.82000732421875,149.875,3430,0.0,0.0
2024-09-10 14:23:00-04:00,149.9250030517578,149.9250030517578,149.9250030517578,149.9250030517578,604,0.0,0.0
2024-09-10 14:24:00-04:00,149.9600067138672,149.9600067138672,149.9600067138672,149.9600067138672,1718,0.0,0.0
2024-09-10 14:25:00-04:00,150.0,150.0,150.0,150.0,911,0.0,0.0
2024-09-10 14:26:00-04:00,149.97999572753906,150.0,149.97999572753906,150.0,478,0.0,0.0
2024-09-10 14:27:00-04:00,150.00999450683594,150.02000427246094,149.99000549316406,150.0,1727,0.0,0.0
2024-09-10 14:28:00-04:00,150.02999877929688,150.05999755859375,150.02999877929688,150.05499267578125,2470,0.0,0.0
2024-09-10 14:29:00-04:00,150.1199951171875,150.1300048828125,150.11000061035156,150.1300048828125,1399,0.0,0.0
2024-09-10 14:30:00-04:00,150.125,150.1300048828125,150.08999633789062,150.08999633789062,5890,0.0,0.0
2024-09-10 14:31:00-04:00,150.14999389648438,150.22999572753906,150.14999389648438,150.22500610351562,3069,0.0,0.0
2024-09-10 14:32:00-04:00,150.2100067138672,150.22000122070312,150.2100067138672,150.22000122070312,962,0.0,0.0
2024-09-10 14:33:00-04:00,150.25,150.25,150.24000549316406,150.24000549316406,2648,0.0,0.0
2024-09-10 14:34:00-04:00,150.25,150.25,150.22999572753906,150.22999572753906,1071,0.0,0.0
2024-09-10 14:35:00-04:00,150.2100067138672,150.27999877929688,150.2100067138672,150.27999877929688,2406,0.0,0.0
2024-09-10 14:36:00-04:00,150.28500366210938,150.32000732421875,150.25999450683594,150.32000732421875,5818,0.0,0.0
2024-09-10 14:37:00-04:00,150.3300018310547,150.36000061035156,150.3300018310547,150.36000061035156,1397,0.0,0.0
2024-09-10 14:38:00-04:00,150.39999389648438,150.44500732421875,150.39500427246094,150.44500732421875,1710,0.0,0.0
2024-09-10 14:39:00-04:00,150.4550018310547,150.4550018310547,150.41000366210938,150.4250030517578,3689,0.0,0.0
2024-09-10 14:40:00-04:00,150.4199981689453,150.4199981689453,150.3350067138672,150.3350067138672,2738,0.0,0.0
2024-09-10 14:41:00-04:00,150.34500122070312,150.34500122070312,150.28379821777344,150.2949981689453,2088,0.0,0.0
2024-09-10 14:42:00-04:00,150.2949981689453,150.2949981689453,150.25,150.25,2071,0.0,0.0
2024-09-10 14:43:00-04:00,150.28500366210938,150.28500366210938,150.2550048828125,150.2550048828125,1370,0.0,0.0
2024-09-10 14:44:00-04:00,150.27000427246094,150.27000427246094,150.25,150.25,1457,0.0,0.0
2024-09-10 14:45:00-04:00,150.27499389648438,150.28500366210938,150.27000427246094,150.27999877929688,4018,0.0,0.0
2024-09-10 14:46:00-04:00,150.2899932861328,150.2899932861328,150.22999572753906,150.24000549316406,4531,0.0,0.0
2024-09-10 14:47:00-04:00,150.2449951171875,150.25999450683594,150.22000122070312,150.25999450683594,1975,0.0,0.0
2024-09-10 14:48:00-04:00,150.27999877929688,150.3000030517578,150.27999877929688,150.2899932861328,1528,0.0,0.0
2024-09-10 14:49:00-04:00,150.2899932861328,150.2899932861328,150.24000549316406,150.2449951171875,3016,0.0,0.0
2024-09-10 14:50:00-04:00,150.2449951171875,150.30999755859375,150.2449951171875,150.30999755859375,3299,0.0,0.0
2024-09-10 14:51:00-04:00,150.3000030517578,150.30999755859375,150.27999877929688,150.3000030517578,3167,0.0,0.0
2024-09-10 14:52:00-04:00,150.32000732421875,150.32000732421875,150.30499267578125,150.30499267578125,893,0.0,0.0
2024-09-10 14:53:00-04:00,150.32000732421875,150.36000061035156,150.32000732421875,150.34500122070312,2882,0.0,0.0
2024-09-10 14:54:00-04:00,150.34500122070312,150.34500122070312,150.32000732421875,150.32000732421875,5876,0.0,0.0
2024-09-10 14:55:00-04:00,150.3300018310547,150.3300018310547,150.26499938964844,150.27999877929688,3822,0.0,0.0
2024-09-10 14:56:00-04:00,150.30999755859375,150.3249969482422,150.30999755859375,150.3249969482422,2128,0.0,0.0
2024-09-10 14:57:00-04:00,150.3300018310547,150.3300018310547,150.28500366210938,150.30499267578125,2878,0.0,0.0
2024-09-10 14:58:00-04:00,150.30999755859375,150.41749572753906,150.2899932861328,150.41749572753906,4220,0.0,0.0
2024-09-10 14:59:00-04:00,150.4600067138672,150.4600067138672,150.42999267578125,150.44000244140625,4540,0.0,0.0
2024-09-10 15:00:00-04:00,150.4199981689453,150.46499633789062,150.41000366210938,150.4575958251953,6571,0.0,0.0
2024-09-10 15:01:00-04:00,150.50999450683594,150.50999450683594,150.4600067138672,150.47000122070312,2950,0.0,0.0
2024-09-10 15:02:00-04:00,150.4499969482422,150.50999450683594,150.44000244140625,150.5050048828125,5773,0.0,0.0
2024-09-10 15:03:00-04:00,150.5500030517578,150.5500030517578,150.52999877929688,150.52999877929688,1938,0.0,0.0
2024-09-10 15:04:00-04:00,150.60240173339844,150.60240173339844,150.57000732421875,150.57000732421875,2848,0.0,0.0
2024-09-10 15:05:00-04:00,150.55999755859375,150.58999633789062,150.55999755859375,150.58999633789062,4971,0.0,0.0
2024-09-10 15:06:00-04:00,150.5399932861328,150.55999755859375,150.5399932861328,150.55999755859375,1968,0.0,0.0
2024-09-10 15:07:00-04:00,150.52999877929688,150.55499267578125,150.47999572753906,150.47999572753906,3988,0.0,0.0
2024-09-10 15:08:00-04:00,150.47999572753906,150.47999572753906,150.47500610351562,150.47999572753906,1950,0.0,0.0
2024-09-10 15:09:00-04:00,150.4600067138672,150.52200317382812,150.4600067138672,150.52200317382812,3843,0.0,0.0
2024-09-10 15:10:00-04:00,150.50999450683594,150.52999877929688,150.50999450683594,150.52999877929688,3331,0.0,0.0
2024-09-10 15:11:00-04:00,150.50999450683594,150.58999633789062,150.50999450683594,150.57000732421875,6922,0.0,0.0
2024-09-10 15:12:00-04:00,150.57000732421875,150.66000366210938,150.57000732421875,150.66000366210938,3551,0.0,0.0
2024-09-10 15:13:00-04:00,150.69000244140625,150.83999633789062,150.67999267578125,150.80499267578125,11124,0.0,0.0
2024-09-10 15:14:00-04:00,150.78500366210938,150.80999755859375,150.78500366210938,150.80999755859375,2792,0.0,0.0
2024-09-10 15:15:00-04:00,150.80499267578125,150.8350067138672,150.8032989501953,150.8350067138672,3985,0.0,0.0
2024-09-10 15:16:00-04:00,150.84500122070312,150.84500122070312,150.74000549316406,150.74000549316406,16712,0.0,0.0
2024-09-10 15:17:00-04:00,150.72999572753906,150.72999572753906,150.6699981689453,150.71499633789062,6243,0.0,0.0
2024-09-10 15:18:00-04:00,150.72500610351562,150.72500610351562,150.67999267578125,150.67999267578125,4251,0.0,0.0
2024-09-10 15:19:00-04:00,150.67999267578125,150.69000244140625,150.67999267578125,150.69000244140625,1917,0.0,0.0
2024-09-10 15:20:00-04:00,150.6999969482422,150.7100067138672,150.69000244140625,150.7050018310547,7868,0.0,0.0
2024-09-10 15:21:00-04:00,150.7050018310547,150.7050018310547,150.6699981689453,150.69500732421875,6714,0.0,0.0
2024-09-10 15:22:00-04:00,150.69500732421875,150.69500732421875,150.65499877929688,150.65499877929688,3711,0.0,0.0
2024-09-10 15:23:00-04:00,150.65499877929688,150.65499877929688,150.57000732421875,150.5800018310547,5047,0.0,0.0
2024-09-10 15:24:00-04:00,150.5850067138672,150.59500122070312,150.5850067138672,150.59500122070312,4136,0.0,0.0
2024-09-10 15:25:00-04:00,150.58999633789062,150.6300048828125,150.5800018310547,150.6300048828125,5551,0.0,0.0
2024-09-10 15:26:00-04:00,150.625,150.6300048828125,150.625,150.6300048828125,929,0.0,0.0
2024-09-10 15:27:00-04:00,150.64999389648438,150.64999389648438,150.61000061035156,150.625,1845,0.0,0.0
2024-09-10 15:28:00-04:00,150.6300048828125,150.72000122070312,150.6199951171875,150.7100067138672,6314,0.0,0.0
2024-09-10 15:29:00-04:00,150.7100067138672,150.7100067138672,150.65499877929688,150.66000366210938,8123,0.0,0.0
2024-09-10 15:30:00-04:00,150.6649932861328,150.6999969482422,150.6199951171875,150.6999969482422,6824,0.0,0.0
2024-09-10 15:31:00-04:00,150.74000549316406,150.7449951171875,150.68499755859375,150.7100067138672,6538,0.0,0.0
2024-09-10 15:32:00-04:00,150.7100067138672,150.7100067138672,150.67999267578125,150.69500732421875,8864,0.0,0.0
2024-09-10 15:33:00-04:00,150.72000122070312,150.72000122070312,150.6999969482422,150.7100067138672,6178,0.0,0.0
2024-09-10 15:34:00-04:00,150.7100067138672,150.71499633789062,150.7100067138672,150.7100067138672,1181,0.0,0.0
2024-09-10 15:35:00-04:00,150.7100067138672,150.7100067138672,150.59500122070312,150.6300048828125,9333,0.0,0.0
2024-09-10 15:36:00-04:00,150.6300048828125,150.63499450683594,150.60000610351562,150.61500549316406,4485,0.0,0.0
2024-09-10 15:37:00-04:00,150.61500549316406,150.66000366210938,150.5800018310547,150.66000366210938,7216,0.0,0.0
2024-09-10 15:38:00-04:00,150.63999938964844,150.67999267578125,150.63999938964844,150.6699981689453,6489,0.0,0.0
2024-09-10 15:39:00-04:00,150.6699981689453,150.72999572753906,150.66000366210938,150.72999572753906,6985,0.0,0.0
2024-09-10 15:40:00-04:00,150.75,150.80499267578125,150.75,150.80499267578125,5220,0.0,0.0
2024-09-10 15:41:00-04:00,150.82000732421875,150.82000732421875,150.80999755859375,150.82000732421875,3374,0.0,0.0
2024-09-10 15:42:00-04:00,150.80999755859375,150.86000061035156,150.80999755859375,150.86000061035156,6159,0.0,0.0
2024-09-10 15:43:00-04:00,150.86000061035156,150.92999267578125,150.7899932861328,150.7949981689453,26554,0.0,0.0
2024-09-10 15:44:00-04:00,150.7949981689453,150.8249969482422,150.7949981689453,150.8249969482422,4573,0.0,0.0
2024-09-10 15:45:00-04:00,150.83999633789062,150.83999633789062,150.82000732421875,150.83999633789062,8087,0.0,0.0
2024-09-10 15:46:00-04:00,150.86000061035156,151.01499938964844,150.86000061035156,151.01499938964844,8823,0.0,0.0
2024-09-10 15:47:00-04:00,151.07000732421875,151.07000732421875,151.02000427246094,151.0500030517578,6672,0.0,0.0
2024-09-10 15:48:00-04:00,151.03500366210938,151.0500030517578,150.92999267578125,150.92999267578125,13776,0.0,0.0
2024-09-10 15:49:00-04:00,150.92999267578125,150.92999267578125,150.88999938964844,150.90499877929688,6649,0.0,0.0
2024-09-10 15:50:00-04:00,150.88999938964844,150.9199981689453,150.8300018310547,150.83999633789062,19172,0.0,0.0
2024-09-10 15:51:00-04:00,150.83999633789062,150.9600067138672,150.8249969482422,150.9550018310547,38746,0.0,0.0
2024-09-10 15:52:00-04:00,150.97000122070312,151.13999938964844,150.97000122070312,151.1199951171875,12991,0.0,0.0
2024-09-10 15:53:00-04:00,151.13999938964844,151.2100067138672,151.0449981689453,151.10000610351562,33140,0.0,0.0
2024-09-10 15:54:00-04:00,151.06500244140625,151.11000061035156,150.8300018310547,151.02000427246094,75601,0.0,0.0
2024-09-10 15:55:00-04:00,151.0,151.05999755859375,150.85000610351562,151.0500030517578,59273,0.0,0.0
2024-09-10 15:56:00-04:00,151.0500030517578,151.10499572753906,150.91000366210938,151.02000427246094,62204,0.0,0.0
2024-09-10 15:57:00-04:00,151.02000427246094,151.0500030517578,150.91000366210938,150.9149932861328,34746,0.0,0.0
2024-09-10 15:58:00-04:00,150.9250030517578,150.97000122070312,150.90499877929688,150.9459991455078,26073,0.0,0.0
2024-09-10 15:59:00-04:00,150.94000244140625,150.9499969482422,150.75999450683594,150.77999877929688,88046,0.0,0.0
2024-09-11 09:30:00-04:00,150.85000610351562,150.88499450683594,150.49009704589844,150.88499450683594,21283,0.0,0.0
2024-09-11 09:32:00-04:00,150.8249969482422,150.8249969482422,150.65499877929688,150.67999267578125,1649,0.0,0.0
2024-09-11 09:33:00-04:00,150.55999755859375,150.55999755859375,150.49000549316406,150.5449981689453,1770,0.0,0.0
2024-09-11 09:34:00-04:00,150.24000549316406,150.5500030517578,150.24000549316406,150.5500030517578,1802,0.0,0.0
2024-09-11 09:35:00-04:00,150.4600067138672,150.66000366210938,150.43499755859375,150.66000366210938,710,0.0,0.0
2024-09-11 09:36:00-04:00,150.47000122070312,150.47000122070312,150.47000122070312,150.47000122070312,142,0.0,0.0
2024-09-11 09:37:00-04:00,150.2100067138672,150.39999389648438,150.1300048828125,150.39999389648438,2242,0.0,0.0
2024-09-11 09:38:00-04:00,150.3350067138672,150.55499267578125,150.28579711914062,150.55499267578125,1642,0.0,0.0
2024-09-11 09:39:00-04:00,150.4499969482422,150.57000732421875,150.3800048828125,150.3800048828125,3100,0.0,0.0
2024-09-11 09:40:00-04:00,150.1999969482422,150.375,150.1999969482422,150.3000030517578,1965,0.0,0.0
2024-09-11 09:41:00-04:00,150.25999450683594,150.30499267578125,150.08999633789062,150.27000427246094,3799,0.0,0.0
2024-09-11 09:42:00-04:00,150.38999938964844,150.38999938964844,150.16000366210938,150.22999572753906,1352,0.0,0.0
2024-09-11 09:43:00-04:00,150.0800018310547,150.09500122070312,149.86500549316406,149.86500549316406,4864,0.0,0.0
2024-09-11 09:44:00-04:00,149.8000030517578,149.80499267578125,149.65499877929688,149.6750030517578,4832,0.0,0.0
2024-09-11 09:45:00-04:00,149.47000122070312,149.47000122070312,149.39999389648438,149.39999389648438,2573,0.0,0.0
2024-09-11 09:46:00-04:00,149.55999755859375,149.60000610351562,149.39999389648438,149.53500366210938,1932,0.0,0.0
2024-09-11 09:47:00-04:00,149.5428009033203,149.5428009033203,149.4145050048828,149.4145050048828,718,0.0,0.0
2024-09-11 09:48:00-04:00,149.61000061035156,149.63999938964844,149.61000061035156,149.63499450683594,2784,0.0,0.0
2024-09-11 09:49:00-04:00,149.5399932861328,149.55499267578125,149.35000610351562,149.4499969482422,8815,0.0,0.0
2024-09-11 09:50:00-04:00,149.44500732421875,149.6199951171875,149.44500732421875,149.6199951171875,879,0.0,0.0
2024-09-11 09:51:00-04:00,149.42999267578125,149.42999267578125,149.42999267578125,149.42999267578125,436,0.0,0.0
2024-09-11 09:52:00-04:00,149.5800018310547,149.69000244140625,149.47999572753906,149.69000244140625,3534,0.0,0.0
2024-09-11 09:53:00-04:00,149.69000244140625,149.9550018310547,149.69000244140625,149.9550018310547,1751,0.0,0.0
2024-09-11 09:54:00-04:00,150.0399932861328,150.1999969482422,150.0399932861328,150.1999969482422,3402,0.0,0.0
2024-09-11 09:55:00-04:00,150.11500549316406,150.14999389648438,150.11500549316406,150.14999389648438,529,0.0,0.0
2024-09-11 09:56:00-04:00,150.1300048828125,150.1300048828125,150.0399932861328,150.0449981689453,2196,0.0,0.0
2024-09-11 09:57:00-04:00,150.01499938964844,150.02000427246094,149.9199981689453,149.9199981689453,1344,0.0,0.0
2024-09-11 09:59:00-04:00,149.9600067138672,149.9600067138672,149.75999450683594,149.85000610351562,1000,0.0,0.0
2024-09-11 10:00:00-04:00,149.80999755859375,149.80999755859375,149.5,149.55999755859375,2113,0.0,0.0
2024-09-11 10:01:00-04:00,149.5500030517578,149.5500030517578,149.38999938964844,149.38999938964844,7176,0.0,0.0
2024-09-11 10:02:00-04:00,149.3699951171875,149.3699951171875,149.1999969482422,149.25,3627,0.0,0.0
2024-09-11 10:03:00-04:00,149.3000030517578,149.3000030517578,149.03500366210938,149.05499267578125,4264,0.0,0.0
2024-09-11 10:04:00-04:00,149.05499267578125,149.10000610351562,148.92999267578125,149.0749969482422,3657,0.0,0.0
2024-09-11 10:05:00-04:00,149.00999450683594,149.14999389648438,149.00999450683594,149.0850067138672,2794,0.0,0.0
2024-09-11 10:06:00-04:00,149.02000427246094,149.10000610351562,148.97999572753906,149.10000610351562,2854,0.0,0.0
2024-09-11 10:07:00-04:00,149.1199951171875,149.16000366210938,149.0850067138672,149.10000610351562,1547,0.0,0.0
2024-09-11 10:08:00-04:00,149.13999938964844,149.2100067138672,149.13999938964844,149.19000244140625,2172,0.0,0.0
2024-09-11 10:09:00-04:00,149.2100067138672,149.2100067138672,149.0850067138672,149.13999938964844,1416,0.0,0.0
2024-09-11 10:10:00-04:00,149.16000366210938,149.16000366210938,149.0500030517578,149.0500030517578,1034,0.0,0.0
2024-09-11 10:11:00-04:00,148.94000244140625,148.99000549316406,148.94000244140625,148.99000549316406,2288,0.0,0.0
2024-09-11 10:12:00-04:00,149.02000427246094,149.02000427246094,148.86070251464844,148.87820434570312,3348,0.0,0.0
2024-09-11 10:13:00-04:00,148.93499755859375,148.99000549316406,148.93499755859375,148.99000549316406,511,0.0,0.0
2024-09-11 10:14:00-04:00,148.93499755859375,148.93499755859375,148.55999755859375,148.6699981689453,4718,0.0,0.0
2024-09-11 10:15:00-04:00,148.61500549316406,148.61500549316406,148.61500549316406,148.61500549316406,3757,0.0,0.0
2024-09-11 10:16:00-04:00,148.5800018310547,148.625,148.5399932861328,148.5399932861328,2456,0.0,0.0
2024-09-11 10:17:00-04:00,148.5800018310547,148.60000610351562,148.51499938964844,148.60000610351562,2595,0.0,0.0
2024-09-11 10:18:00-04:00,148.60000610351562,148.60000610351562,148.5749969482422,148.5749969482422,1093,0.0,0.0
2024-09-11 10:19:00-04:00,148.50360107421875,148.54969787597656,148.47999572753906,148.54969787597656,2392,0.0,0.0
2024-09-11 10:20:00-04:00,148.58999633789062,148.58999633789062,148.5,148.5,1413,0.0,0.0
2024-09-11 10:21:00-04:00,148.60499572753906,148.69500732421875,148.60499572753906,148.69500732421875,1901,0.0,0.0
2024-09-11 10:22:00-04:00,148.72999572753906,148.75,148.72999572753906,148.75,769,0.0,0.0
2024-09-11 10:23:00-04:00,148.86000061035156,148.91000366210938,148.8300018310547,148.88999938964844,3220,0.0,0.0
2024-09-11 10:24:00-04:00,148.86000061035156,148.86000061035156,148.82000732421875,148.82000732421875,1572,0.0,0.0
2024-09-11 10:25:00-04:00,148.7100067138672,148.7100067138672,148.63999938964844,148.63999938964844,1703,0.0,0.0
2024-09-11 10:27:00-04:00,148.6699981689453,148.6699981689453,148.60000610351562,148.60000610351562,1900,0.0,0.0
2024-09-11 10:28:00-04:00,148.60000610351562,148.60000610351562,148.52499389648438,148.52499389648438,1130,0.0,0.0
2024-09-11 10:29:00-04:00,148.52999877929688,148.52999877929688,148.5,148.5,1251,0.0,0.0
2024-09-11 10:30:00-04:00,148.42999267578125,148.42999267578125,148.3300018310547,148.3350067138672,2296,0.0,0.0
2024-09-11 10:31:00-04:00,148.38999938964844,148.49000549316406,148.3719940185547,148.4600067138672,3352,0.0,0.0
2024-09-11 10:32:00-04:00,148.38999938964844,148.39999389648438,148.25999450683594,148.25999450683594,3339,0.0,0.0
2024-09-11 10:33:00-04:00,148.46499633789062,148.47999572753906,148.46499633789062,148.47000122070312,1531,0.0,0.0
2024-09-11 10:35:00-04:00,148.52000427246094,148.52000427246094,148.50729370117188,148.50999450683594,1006,0.0,0.0
2024-09-11 10:36:00-04:00,148.57000732421875,148.57000732421875,148.42999267578125,148.42999267578125,1593,0.0,0.0
2024-09-11 10:37:00-04:00,148.41000366210938,148.4199981689453,148.3000030517578,148.34500122070312,11805,0.0,0.0
2024-09-11 10:38:00-04:00,148.3300018310547,148.35000610351562,148.3300018310547,148.35000610351562,1223,0.0,0.0
2024-09-11 10:39:00-04:00,148.38999938964844,148.39999389648438,148.38999938964844,148.38999938964844,3240,0.0,0.0
2024-09-11 10:41:00-04:00,148.3000030517578,148.3000030517578,148.27000427246094,148.27000427246094,1028,0.0,0.0
2024-09-11 10:42:00-04:00,148.30499267578125,148.30499267578125,148.3000030517578,148.3000030517578,1112,0.0,0.0
2024-09-11 10:43:00-04:00,148.3000030517578,148.35000610351562,148.27999877929688,148.2949981689453,2892,0.0,0.0
2024-09-11 10:44:00-04:00,148.30880737304688,148.30880737304688,148.22999572753906,148.24000549316406,1458,0.0,0.0
2024-09-11 10:45:00-04:00,148.32000732421875,148.35000610351562,148.32000732421875,148.32000732421875,2751,0.0,0.0
2024-09-11 10:46:00-04:00,148.27000427246094,148.27499389648438,148.25,148.27000427246094,1120,0.0,0.0
2024-09-11 10:47:00-04:00,148.2899932861328,148.3699951171875,148.2899932861328,148.3300018310547,2527,0.0,0.0
2024-09-11 10:48:00-04:00,148.3300018310547,148.3300018310547,148.3300018310547,148.3300018310547,1202,0.0,0.0
2024-09-11 10:49:00-04:00,148.33999633789062,148.33999633789062,148.33999633789062,148.33999633789062,510,0.0,0.0
2024-09-11 10:50:00-04:00,148.3249969482422,148.38999938964844,148.3249969482422,148.38999938964844,3431,0.0,0.0
2024-09-11 10:51:00-04:00,148.35000610351562,148.4600067138672,148.32000732421875,148.4199981689453,8411,0.0,0.0
2024-09-11 10:52:00-04:00,148.4600067138672,148.51499938964844,148.4499969482422,148.47500610351562,3198,0.0,0.0
2024-09-11 10:53:00-04:00,148.47500610351562,148.47500610351562,148.3800048828125,148.39999389648438,3442,0.0,0.0
2024-09-11 10:54:00-04:00,148.38999938964844,148.44000244140625,148.38999938964844,148.44000244140625,2182,0.0,0.0
2024-09-11 10:55:00-04:00,148.47999572753906,148.47999572753906,148.33999633789062,148.38999938964844,4165,0.0,0.0
2024-09-11 10:56:00-04:00,148.42999267578125,148.44000244140625,148.39999389648438,148.44000244140625,5815,0.0,0.0
2024-09-11 10:57:00-04:00,148.30999755859375,148.38999938964844,148.30999755859375,148.38499450683594,3205,0.0,0.0
2024-09-11 10:58:00-04:00,148.35000610351562,148.58999633789062,148.35000610351562,148.55999755859375,4765,0.0,0.0
2024-09-11 10:59:00-04:00,148.55340576171875,148.55999755859375,148.52999877929688,148.55499267578125,2223,0.0,0.0
2024-09-11 11:00:00-04:00,148.50999450683594,148.50999450683594,148.38999938964844,148.4600067138672,4365,0.0,0.0
2024-09-11 11:01:00-04:00,148.5,148.50999450683594,148.44000244140625,148.44000244140625,2094,0.0,0.0
2024-09-11 11:02:00-04:00,148.4600067138672,148.4600067138672,148.4499969482422,148.4499969482422,1807,0.0,0.0
2024-09-11 11:03:00-04:00,148.47999572753906,148.6199951171875,148.47999572753906,148.6199951171875,5410,0.0,0.0
2024-09-11 11:04:00-04:00,148.5800018310547,148.5800018310547,148.5,148.5,1985,0.0,0.0
2024-09-11 11:05:00-04:00,148.52000427246094,148.60499572753906,148.52000427246094,148.60499572753906,2250,0.0,0.0
2024-09-11 11:07:00-04:00,148.6699981689453,148.77999877929688,148.6699981689453,148.77999877929688,747,0.0,0.0
2024-09-11 11:08:00-04:00,148.77999877929688,148.77999877929688,148.76499938964844,148.76499938964844,2428,0.0,0.0
2024-09-11 11:10:00-04:00,148.72000122070312,148.72000122070312,148.6199951171875,148.6699981689453,3749,0.0,0.0
2024-09-11 11:12:00-04:00,148.66000366210938,148.8249969482422,148.66000366210938,148.8249969482422,2679,0.0,0.0
2024-09-11 11:13:00-04:00,148.85000610351562,148.99000549316406,148.85000610351562,148.99000549316406,4638,0.0,0.0
2024-09-11 11:14:00-04:00,149.01499938964844,149.01499938964844,148.92999267578125,148.92999267578125,2017,0.0,0.0
2024-09-11 11:15:00-04:00,148.88499450683594,148.88499450683594,148.83999633789062,148.86000061035156,643,0.0,0.0
2024-09-11 11:16:00-04:00,148.9199981689453,148.9199981689453,148.89500427246094,148.89500427246094,888,0.0,0.0
2024-09-11 11:17:00-04:00,148.9149932861328,148.9149932861328,148.8699951171875,148.8699951171875,1539,0.0,0.0
2024-09-11 11:18:00-04:00,148.86000061035156,148.91000366210938,148.86000061035156,148.91000366210938,575,0.0,0.0
2024-09-11 11:19:00-04:00,148.88999938964844,148.92999267578125,148.8800048828125,148.8800048828125,1500,0.0,0.0
2024-09-11 11:20:00-04:00,148.89500427246094,148.89500427246094,148.89500427246094,148.89500427246094,377,0.0,0.0
2024-09-11 11:21:00-04:00,148.94500732421875,148.94500732421875,148.8800048828125,148.889404296875,2172,0.0,0.0
2024-09-11 11:22:00-04:00,148.88999938964844,148.88999938964844,148.82000732421875,148.82000732421875,1326,0.0,0.0
2024-09-11 11:23:00-04:00,148.85000610351562,148.8699951171875,148.85000610351562,148.85499572753906,1616,0.0,0.0
2024-09-11 11:24:00-04:00,148.83999633789062,148.83999633789062,148.67999267578125,148.72999572753906,5625,0.0,0.0
2024-09-11 11:25:00-04:00,148.72500610351562,148.8000030517578,148.72500610351562,148.8000030517578,1640,0.0,0.0
2024-09-11 11:26:00-04:00,148.77999877929688,148.8800048828125,148.77499389648438,148.86000061035156,2960,0.0,0.0
2024-09-11 11:27:00-04:00,148.82000732421875,148.82000732421875,148.82000732421875,148.82000732421875,635,0.0,0.0
2024-09-11 11:28:00-04:00,148.8699951171875,148.92999267578125,148.8699951171875,148.91000366210938,1711,0.0,0.0
2024-09-11 11:29:00-04:00,148.8800048828125,148.8800048828125,148.8249969482422,148.8249969482422,2561,0.0,0.0
2024-09-11 11:31:00-04:00,148.77999877929688,148.77999877929688,148.77999877929688,148.77999877929688,263,0.0,0.0
2024-09-11 11:32:00-04:00,148.7949981689453,148.7949981689453,148.77000427246094,148.77000427246094,1903,0.0,0.0
2024-09-11 11:33:00-04:00,148.86500549316406,148.86500549316406,148.83999633789062,148.83999633789062,559,0.0,0.0
2024-09-11 11:34:00-04:00,148.85499572753906,148.92999267578125,148.85499572753906,148.92999267578125,1576,0.0,0.0
2024-09-11 11:35:00-04:00,148.9199981689453,148.94000244140625,148.9199981689453,148.94000244140625,2061,0.0,0.0
2024-09-11 11:36:00-04:00,149.05999755859375,149.05999755859375,149.05999755859375,149.05999755859375,433,0.0,0.0
2024-09-11 11:37:00-04:00,149.0500030517578,149.05499267578125,149.0399932861328,149.05499267578125,1386,0.0,0.0
2024-09-11 11:38:00-04:00,149.0800018310547,149.0800018310547,149.0800018310547,149.0800018310547,724,0.0,0.0
2024-09-11 11:39:00-04:00,149.18499755859375,149.1999969482422,149.14999389648438,149.1999969482422,2427,0.0,0.0
2024-09-11 11:40:00-04:00,149.24000549316406,149.2550048828125,149.24000549316406,149.2550048828125,1105,0.0,0.0
2024-09-11 11:42:00-04:00,149.35000610351562,149.35000610351562,149.35000610351562,149.35000610351562,840,0.0,0.0
2024-09-11 11:43:00-04:00,149.44000244140625,149.47000122070312,149.42999267578125,149.42999267578125,2986,0.0,0.0
2024-09-11 11:44:00-04:00,149.4149932861328,149.4149932861328,149.4149932861328,149.4149932861328,425,0.0,0.0
2024-09-11 11:45:00-04:00,149.47999572753906,149.47999572753906,149.47999572753906,149.47999572753906,510,0.0,0.0
2024-09-11 11:46:00-04:00,149.50999450683594,149.5800018310547,149.4600067138672,149.47999572753906,3307,0.0,0.0
2024-09-11 11:47:00-04:00,149.4499969482422,149.4499969482422,149.44000244140625,149.4499969482422,1023,0.0,0.0
2024-09-11 11:48:00-04:00,149.49000549316406,149.49000549316406,149.4600067138672,149.4600067138672,1077,0.0,0.0
2024-09-11 11:49:00-04:00,149.43499755859375,149.43499755859375,149.43499755859375,149.43499755859375,891,0.0,0.0
2024-09-11 11:50:00-04:00,149.42999267578125,149.42999267578125,149.38999938964844,149.39500427246094,984,0.0,0.0
2024-09-11 11:51:00-04:00,149.44000244140625,149.44000244140625,149.44000244140625,149.44000244140625,422,0.0,0.0
2024-09-11 11:52:00-04:00,149.3800048828125,149.3800048828125,149.3800048828125,149.3800048828125,1250,0.0,0.0
2024-09-11 11:53:00-04:00,149.4199981689453,149.4199981689453,149.35000610351562,149.3699951171875,1818,0.0,0.0
2024-09-11 11:54:00-04:00,149.35000610351562,149.35000610351562,149.3000030517578,149.32000732421875,3842,0.0,0.0
2024-09-11 11:55:00-04:00,149.27000427246094,149.27000427246094,149.25999450683594,149.25999450683594,1719,0.0,0.0
2024-09-11 11:56:00-04:00,149.25999450683594,149.25999450683594,149.0,149.0,4121,0.0,0.0
2024-09-11 11:57:00-04:00,149.0449981689453,149.21499633789062,149.0449981689453,149.21499633789062,4138,0.0,0.0
2024-09-11 11:58:00-04:00,149.27000427246094,149.3300018310547,149.27000427246094,149.3300018310547,649,0.0,0.0
2024-09-11 11:59:00-04:00,149.38999938964844,149.5,149.38999938964844,149.5,1533,0.0,0.0
2024-09-11 12:00:00-04:00,149.55999755859375,149.55999755859375,149.55999755859375,149.55999755859375,338,0.0,0.0
2024-09-11 12:01:00-04:00,149.5500030517578,149.57000732421875,149.4600067138672,149.4949951171875,6691,0.0,0.0
2024-09-11 12:02:00-04:00,149.52999877929688,149.58999633789062,149.52999877929688,149.5800018310547,1440,0.0,0.0
2024-09-11 12:03:00-04:00,149.66990661621094,149.66990661621094,149.6199951171875,149.6199951171875,1843,0.0,0.0
2024-09-11 12:04:00-04:00,149.63999938964844,149.82000732421875,149.6300048828125,149.82000732421875,3690,0.0,0.0
2024-09-11 12:05:00-04:00,149.91000366210938,150.0399932861328,149.91000366210938,150.0,2763,0.0,0.0
2024-09-11 12:06:00-04:00,149.9499969482422,150.0,149.9499969482422,150.0,580,0.0,0.0
2024-09-11 12:07:00-04:00,149.94000244140625,149.94000244140625,149.94000244140625,149.94000244140625,163,0.0,0.0
2024-09-11 12:08:00-04:00,149.99000549316406,149.99000549316406,149.9600067138672,149.9600067138672,1661,0.0,0.0
2024-09-11 12:09:00-04:00,149.9499969482422,149.9499969482422,149.88999938964844,149.88999938964844,3627,0.0,0.0
2024-09-11 12:10:00-04:00,149.8800048828125,149.9199981689453,149.875,149.9199981689453,2499,0.0,0.0
2024-09-11 12:11:00-04:00,149.9199981689453,149.9199981689453,149.89999389648438,149.9199981689453,2099,0.0,0.0
2024-09-11 12:13:00-04:00,149.89999389648438,149.89999389648438,149.8350067138672,149.85000610351562,2217,0.0,0.0
2024-09-11 12:14:00-04:00,149.85000610351562,149.85000610351562,149.85000610351562,149.85000610351562,573,0.0,0.0
2024-09-11 12:15:00-04:00,149.7949981689453,149.7949981689453,149.7899932861328,149.7899932861328,1040,0.0,0.0
2024-09-11 12:16:00-04:00,149.7949981689453,149.7949981689453,149.7949981689453,149.7949981689453,385,0.0,0.0
2024-09-11 12:17:00-04:00,149.77999877929688,149.77999877929688,149.75999450683594,149.77999877929688,1101,0.0,0.0
2024-09-11 12:19:00-04:00,149.81500244140625,149.8699951171875,149.81500244140625,149.8699951171875,1465,0.0,0.0
2024-09-11 12:20:00-04:00,150.0,150.02999877929688,150.0,150.02499389648438,4775,0.0,0.0
2024-09-11 12:21:00-04:00,150.07000732421875,150.07000732421875,150.02999877929688,150.0399932861328,1984,0.0,0.0
2024-09-11 12:22:00-04:00,150.02999877929688,150.02999877929688,149.99000549316406,149.99000549316406,1953,0.0,0.0
2024-09-11 12:23:00-04:00,149.84500122070312,149.84500122070312,149.84500122070312,149.84500122070312,979,0.0,0.0
2024-09-11 12:25:00-04:00,149.9149932861328,149.9149932861328,149.91000366210938,149.91000366210938,816,0.0,0.0
2024-09-11 12:26:00-04:00,149.91000366210938,149.92379760742188,149.89999389648438,149.89999389648438,3829,0.0,0.0
2024-09-11 12:27:00-04:00,149.9499969482422,150.0,149.94000244140625,150.0,1628,0.0,0.0
2024-09-11 12:28:00-04:00,149.97000122070312,149.99000549316406,149.97000122070312,149.98500061035156,2727,0.0,0.0
2024-09-11 12:29:00-04:00,149.97999572753906,149.97999572753906,149.97000122070312,149.97000122070312,787,0.0,0.0
2024-09-11 12:30:00-04:00,149.97000122070312,150.0,149.97000122070312,149.97000122070312,1519,0.0,0.0
2024-09-11 12:31:00-04:00,149.94000244140625,149.97999572753906,149.91000366210938,149.91000366210938,4401,0.0,0.0
2024-09-11 12:32:00-04:00,149.94000244140625,149.97000122070312,149.94000244140625,149.97000122070312,754,0.0,0.0
2024-09-11 12:33:00-04:00,149.9600067138672,150.00999450683594,149.9600067138672,149.97000122070312,1320,0.0,0.0
2024-09-11 12:34:00-04:00,149.9550018310547,149.9550018310547,149.9550018310547,149.9550018310547,688,0.0,0.0
2024-09-11 12:36:00-04:00,149.83999633789062,149.83999633789062,149.7449951171875,149.7449951171875,2444,0.0,0.0
2024-09-11 12:37:00-04:00,149.77999877929688,149.875,149.77999877929688,149.875,1323,0.0,0.0
2024-09-11 12:38:00-04:00,149.86000061035156,149.86000061035156,149.80499267578125,149.80999755859375,1296,0.0,0.0
2024-09-11 12:39:00-04:00,149.8699951171875,149.99000549316406,149.8699951171875,149.94500732421875,3229,0.0,0.0
2024-09-11 12:40:00-04:00,149.96499633789062,149.97000122070312,149.875,149.875,3255,0.0,0.0
2024-09-11 12:41:00-04:00,149.85000610351562,149.85000610351562,149.85000610351562,149.85000610351562,289,0.0,0.0
2024-09-11 12:42:00-04:00,149.83999633789062,149.84249877929688,149.83999633789062,149.84249877929688,428,0.0,0.0
2024-09-11 12:43:00-04:00,149.84500122070312,149.84500122070312,149.84500122070312,149.84500122070312,498,0.0,0.0
2024-09-11 12:44:00-04:00,149.82000732421875,149.8300018310547,149.8000030517578,149.8300018310547,1280,0.0,0.0
2024-09-11 12:45:00-04:00,149.80499267578125,149.80499267578125,149.80499267578125,149.80499267578125,1757,0.0,0.0
2024-09-11 12:48:00-04:00,149.77000427246094,149.77000427246094,149.77000427246094,149.77000427246094,318,0.0,0.0
2024-09-11 12:49:00-04:00,149.83999633789062,149.88999938964844,149.83999633789062,149.88999938964844,2947,0.0,0.0
2024-09-11 12:51:00-04:00,149.9499969482422,149.9499969482422,149.9499969482422,149.9499969482422,572,0.0,0.0
2024-09-11 12:52:00-04:00,150.0,150.02999877929688,149.97000122070312,150.02499389648438,1937,0.0,0.0
2024-09-11 12:53:00-04:00,150.0,150.0449981689453,149.99000549316406,150.0449981689453,3773,0.0,0.0
2024-09-11 12:54:00-04:00,150.0749969482422,150.25,150.0749969482422,150.25,6769,0.0,0.0
2024-09-11 12:55:00-04:00,150.24000549316406,150.33999633789062,150.24000549316406,150.33999633789062,7789,0.0,0.0
2024-09-11 12:56:00-04:00,150.34500122070312,150.4600067138672,150.3300018310547,150.4199981689453,9456,0.0,0.0
2024-09-11 12:57:00-04:00,150.4199981689453,150.4199981689453,150.2949981689453,150.2949981689453,4141,0.0,0.0
2024-09-11 12:58:00-04:00,150.3000030517578,150.39999389648438,150.3000030517578,150.39999389648438,996,0.0,0.0
2024-09-11 12:59:00-04:00,150.34500122070312,150.41000366210938,150.34500122070312,150.39500427246094,1357,0.0,0.0
2024-09-11 13:00:00-04:00,150.4199981689453,150.4199981689453,150.39999389648438,150.39999389648438,2093,0.0,0.0
2024-09-11 13:01:00-04:00,150.47999572753906,150.5,150.47999572753906,150.5,955,0.0,0.0
2024-09-11 13:02:00-04:00,150.52999877929688,150.52999877929688,150.4499969482422,150.49000549316406,2617,0.0,0.0
2024-09-11 13:03:00-04:00,150.5500030517578,150.5749969482422,150.5500030517578,150.5749969482422,1154,0.0,0.0
2024-09-11 13:04:00-04:00,150.55999755859375,150.5800018310547,150.55999755859375,150.5749969482422,1859,0.0,0.0
2024-09-11 13:05:00-04:00,150.55999755859375,150.56500244140625,150.5500030517578,150.56500244140625,1856,0.0,0.0
2024-09-11 13:06:00-04:00,150.60499572753906,150.60499572753906,150.60499572753906,150.60499572753906,847,0.0,0.0
2024-09-11 13:07:00-04:00,150.69500732421875,150.7550048828125,150.69000244140625,150.71499633789062,4580,0.0,0.0
2024-09-11 13:08:00-04:00,150.71499633789062,150.71499633789062,150.5850067138672,150.5850067138672,2581,0.0,0.0
2024-09-11 13:09:00-04:00,150.5800018310547,150.72999572753906,150.5800018310547,150.65499877929688,5832,0.0,0.0
2024-09-11 13:10:00-04:00,150.67999267578125,150.69000244140625,150.65499877929688,150.6699981689453,1337,0.0,0.0
2024-09-11 13:11:00-04:00,150.68499755859375,150.72000122070312,150.66000366210938,150.72000122070312,1493,0.0,0.0
2024-09-11 13:12:00-04:00,150.69000244140625,150.75990295410156,150.69000244140625,150.69500732421875,1486,0.0,0.0
2024-09-11 13:13:00-04:00,150.72500610351562,150.72500610351562,150.69000244140625,150.69000244140625,985,0.0,0.0
2024-09-11 13:14:00-04:00,150.6649932861328,150.6750030517578,150.63999938964844,150.6649932861328,2040,0.0,0.0
2024-09-11 13:15:00-04:00,150.65499877929688,150.65499877929688,150.61000061035156,150.61000061035156,934,0.0,0.0
2024-09-11 13:16:00-04:00,150.64999389648438,150.64999389648438,150.5800018310547,150.58999633789062,1537,0.0,0.0
2024-09-11 13:17:00-04:00,150.59500122070312,150.59500122070312,150.5749969482422,150.5749969482422,1677,0.0,0.0
2024-09-11 13:19:00-04:00,150.56500244140625,150.56500244140625,150.51499938964844,150.5399932861328,5041,0.0,0.0
2024-09-11 13:20:00-04:00,150.47999572753906,150.5,150.38499450683594,150.4250030517578,2378,0.0,0.0
2024-09-11 13:21:00-04:00,150.44000244140625,150.44000244140625,150.43499755859375,150.43499755859375,661,0.0,0.0
2024-09-11 13:22:00-04:00,150.36000061035156,150.36000061035156,150.36000061035156,150.36000061035156,857,0.0,0.0
2024-09-11 13:23:00-04:00,150.36000061035156,150.36000061035156,150.32000732421875,150.32000732421875,2683,0.0,0.0
2024-09-11 13:24:00-04:00,150.2899932861328,150.3249969482422,150.22500610351562,150.22999572753906,1602,0.0,0.0
2024-09-11 13:25:00-04:00,150.27999877929688,150.33999633789062,150.27999877929688,150.33999633789062,2221,0.0,0.0
2024-09-11 13:26:00-04:00,150.28990173339844,150.28990173339844,150.28990173339844,150.28990173339844,867,0.0,0.0
2024-09-11 13:27:00-04:00,150.30999755859375,150.30999755859375,150.30999755859375,150.30999755859375,647,0.0,0.0
2024-09-11 13:28:00-04:00,150.3000030517578,150.36500549316406,150.3000030517578,150.36000061035156,762,0.0,0.0
2024-09-11 13:29:00-04:00,150.32000732421875,150.32000732421875,150.32000732421875,150.32000732421875,2368,0.0,0.0
2024-09-11 13:30:00-04:00,150.35000610351562,150.35000610351562,150.30999755859375,150.33999633789062,1159,0.0,0.0
2024-09-11 13:31:00-04:00,150.30999755859375,150.4199981689453,150.30999755859375,150.4199981689453,7507,0.0,0.0
2024-09-11 13:32:00-04:00,150.4499969482422,150.52999877929688,150.4499969482422,150.52999877929688,1780,0.0,0.0
2024-09-11 13:33:00-04:00,150.55999755859375,150.55999755859375,150.55999755859375,150.55999755859375,140,0.0,0.0
2024-09-11 13:34:00-04:00,150.52999877929688,150.52999877929688,150.52999877929688,150.52999877929688,1005,0.0,0.0
2024-09-11 13:35:00-04:00,150.58999633789062,150.58999633789062,150.5800018310547,150.5800018310547,1100,0.0,0.0
2024-09-11 13:36:00-04:00,150.63999938964844,150.65499877929688,150.63999938964844,150.63999938964844,3073,0.0,0.0
2024-09-11 13:37:00-04:00,150.61000061035156,150.63499450683594,150.61000061035156,150.63499450683594,967,0.0,0.0
2024-09-11 13:38:00-04:00,150.6699981689453,150.72000122070312,150.6699981689453,150.72000122070312,1751,0.0,0.0
2024-09-11 13:39:00-04:00,150.8000030517578,150.80499267578125,150.8000030517578,150.80499267578125,2255,0.0,0.0
2024-09-11 13:40:00-04:00,150.8300018310547,150.8699951171875,150.77999877929688,150.7899932861328,4786,0.0,0.0
2024-09-11 13:41:00-04:00,150.83999633789062,150.84800720214844,150.8350067138672,150.8350067138672,869,0.0,0.0
2024-09-11 13:42:00-04:00,150.8699951171875,150.8699951171875,150.85000610351562,150.85000610351562,17069,0.0,0.0
2024-09-11 13:43:00-04:00,150.86000061035156,150.86000061035156,150.82000732421875,150.84500122070312,4648,0.0,0.0
2024-09-11 13:44:00-04:00,150.90499877929688,150.90499877929688,150.77999877929688,150.80499267578125,27055,0.0,0.0
2024-09-11 13:45:00-04:00,150.80499267578125,150.85000610351562,150.80499267578125,150.85000610351562,1062,0.0,0.0
2024-09-11 13:46:00-04:00,150.83999633789062,150.86000061035156,150.83999633789062,150.86000061035156,966,0.0,0.0
2024-09-11 13:47:00-04:00,150.89999389648438,150.99000549316406,150.8699951171875,150.91000366210938,6279,0.0,0.0
2024-09-11 13:48:00-04:00,150.9149932861328,150.94500732421875,150.9149932861328,150.94500732421875,901,0.0,0.0
2024-09-11 13:49:00-04:00,150.95249938964844,150.9600067138672,150.94500732421875,150.9600067138672,511,0.0,0.0
2024-09-11 13:50:00-04:00,150.93499755859375,150.97999572753906,150.93499755859375,150.97000122070312,1559,0.0,0.0
2024-09-11 13:51:00-04:00,150.97500610351562,150.97999572753906,150.97500610351562,150.97999572753906,293,0.0,0.0
2024-09-11 13:52:00-04:00,150.9499969482422,150.9600067138672,150.83999633789062,150.83999633789062,3114,0.0,0.0
2024-09-11 13:53:00-04:00,150.875,150.89999389648438,150.875,150.89999389648438,1914,0.0,0.0
2024-09-11 13:54:00-04:00,150.75,150.77999877929688,150.74000549316406,150.74000549316406,349,0.0,0.0
2024-09-11 13:55:00-04:00,150.74000549316406,150.74000549316406,150.69000244140625,150.69000244140625,688,0.0,0.0
2024-09-11 13:56:00-04:00,150.6699981689453,150.6750030517578,150.6699981689453,150.6750030517578,425,0.0,0.0
2024-09-11 13:57:00-04:00,150.4600067138672,150.50999450683594,150.4600067138672,150.49000549316406,1058,0.0,0.0
2024-09-11 13:58:00-04:00,150.47000122070312,150.47000122070312,150.47000122070312,150.47000122070312,207,0.0,0.0
2024-09-11 13:59:00-04:00,150.47000122070312,150.47000122070312,150.47000122070312,150.47000122070312,860,0.0,0.0
2024-09-11 14:00:00-04:00,150.50999450683594,150.50999450683594,150.49000549316406,150.49000549316406,465,0.0,0.0
2024-09-11 14:01:00-04:00,150.50999450683594,150.5749969482422,150.50999450683594,150.5749969482422,2681,0.0,0.0
2024-09-11 14:03:00-04:00,150.5050048828125,150.55999755859375,150.5050048828125,150.55999755859375,1361,0.0,0.0
2024-09-11 14:04:00-04:00,150.5399932861328,150.61500549316406,150.5399932861328,150.61500549316406,1249,0.0,0.0
2024-09-11 14:05:00-04:00,150.55999755859375,150.55999755859375,150.55999755859375,150.55999755859375,966,0.0,0.0
2024-09-11 14:06:00-04:00,150.61500549316406,150.61500549316406,150.61500549316406,150.61500549316406,695,0.0,0.0
2024-09-11 14:07:00-04:00,150.5500030517578,150.59109497070312,150.5500030517578,150.5800018310547,3157,0.0,0.0
2024-09-11 14:08:00-04:00,150.625,150.6999969482422,150.625,150.6999969482422,1013,0.0,0.0
2024-09-11 14:09:00-04:00,150.66000366210938,150.69500732421875,150.66000366210938,150.69500732421875,491,0.0,0.0
2024-09-11 14:10:00-04:00,150.6999969482422,150.77000427246094,150.6999969482422,150.77000427246094,1182,0.0,0.0
2024-09-11 14:11:00-04:00,150.72000122070312,150.72000122070312,150.7100067138672,150.7100067138672,736,0.0,0.0
2024-09-11 14:12:00-04:00,150.60000610351562,150.60000610351562,150.60000610351562,150.60000610351562,375,0.0,0.0
2024-09-11 14:13:00-04:00,150.60000610351562,150.60000610351562,150.60000610351562,150.60000610351562,365,0.0,0.0
2024-09-11 14:14:00-04:00,150.59500122070312,150.59500122070312,150.59500122070312,150.59500122070312,466,0.0,0.0
2024-09-11 14:15:00-04:00,150.58999633789062,150.58999633789062,150.55999755859375,150.55999755859375,2609,0.0,0.0
2024-09-11 14:16:00-04:00,150.60000610351562,150.60499572753906,150.58999633789062,150.58999633789062,975,0.0,0.0
2024-09-11 14:17:00-04:00,150.5399932861328,150.5399932861328,150.5,150.5,2188,0.0,0.0
2024-09-11 14:19:00-04:00,150.47500610351562,150.47500610351562,150.47500610351562,150.47500610351562,3036,0.0,0.0
2024-09-11 14:20:00-04:00,150.4949951171875,150.4949951171875,150.46499633789062,150.46499633789062,1242,0.0,0.0
2024-09-11 14:22:00-04:00,150.4949951171875,150.52999877929688,150.4949951171875,150.52499389648438,1115,0.0,0.0
2024-09-11 14:23:00-04:00,150.52000427246094,150.52000427246094,150.5050048828125,150.5050048828125,2425,0.0,0.0
2024-09-11 14:24:00-04:00,150.55999755859375,150.5749969482422,150.55999755859375,150.5749969482422,1569,0.0,0.0
2024-09-11 14:27:00-04:00,150.55999755859375,150.74000549316406,150.55999755859375,150.72999572753906,5870,0.0,0.0
2024-09-11 14:28:00-04:00,150.75,150.77000427246094,150.66000366210938,150.71499633789062,5177,0.0,0.0
2024-09-11 14:29:00-04:00,150.6999969482422,150.75,150.6999969482422,150.75,569,0.0,0.0
2024-09-11 14:30:00-04:00,150.77999877929688,150.85000610351562,150.77000427246094,150.8350067138672,2517,0.0,0.0
2024-09-11 14:32:00-04:00,150.85000610351562,150.85000610351562,150.85000610351562,150.85000610351562,374,0.0,0.0
2024-09-11 14:33:00-04:00,150.83999633789062,150.89999389648438,150.83999633789062,150.89999389648438,871,0.0,0.0
2024-09-11 14:34:00-04:00,150.93499755859375,150.9600067138672,150.93099975585938,150.9600067138672,829,0.0,0.0
2024-09-11 14:35:00-04:00,150.94000244140625,150.94000244140625,150.8249969482422,150.8249969482422,2716,0.0,0.0
2024-09-11 14:36:00-04:00,150.86000061035156,150.88499450683594,150.84500122070312,150.88499450683594,1469,0.0,0.0
2024-09-11 14:37:00-04:00,150.9199981689453,150.9550018310547,150.9199981689453,150.9550018310547,1406,0.0,0.0
2024-09-11 14:38:00-04:00,150.97999572753906,150.97999572753906,150.97999572753906,150.97999572753906,500,0.0,0.0
2024-09-11 14:39:00-04:00,150.9499969482422,150.9600067138672,150.94000244140625,150.9600067138672,1901,0.0,0.0
2024-09-11 14:40:00-04:00,151.0500030517578,151.07000732421875,151.03500366210938,151.07000732421875,1717,0.0,0.0
2024-09-11 14:41:00-04:00,151.11000061035156,151.1199951171875,151.11000061035156,151.1199951171875,1358,0.0,0.0
2024-09-11 14:42:00-04:00,151.0800018310547,151.2100067138672,151.0800018310547,151.14999389648438,6571,0.0,0.0
2024-09-11 14:43:00-04:00,151.07000732421875,151.07000732421875,151.07000732421875,151.07000732421875,737,0.0,0.0
2024-09-11 14:44:00-04:00,151.07000732421875,151.19000244140625,151.05999755859375,151.19000244140625,1890,0.0,0.0
2024-09-11 14:45:00-04:00,151.2050018310547,151.2050018310547,151.1699981689453,151.1699981689453,1316,0.0,0.0
2024-09-11 14:46:00-04:00,151.17999267578125,151.17999267578125,151.1699981689453,151.1699981689453,1239,0.0,0.0
2024-09-11 14:47:00-04:00,151.1199951171875,151.17999267578125,151.11000061035156,151.15499877929688,2114,0.0,0.0
2024-09-11 14:48:00-04:00,151.2100067138672,151.26100158691406,151.2100067138672,151.2550048828125,1933,0.0,0.0
2024-09-11 14:49:00-04:00,151.17999267578125,151.17999267578125,151.17999267578125,151.17999267578125,629,0.0,0.0
2024-09-11 14:50:00-04:00,151.19000244140625,151.19000244140625,151.125,151.14500427246094,2408,0.0,0.0
2024-09-11 14:51:00-04:00,151.10000610351562,151.10000610351562,151.08999633789062,151.08999633789062,835,0.0,0.0
2024-09-11 14:52:00-04:00,151.11000061035156,151.11000061035156,151.0800018310547,151.0800018310547,336,0.0,0.0
2024-09-11 14:53:00-04:00,151.05999755859375,151.07000732421875,151.02000427246094,151.0449981689453,1909,0.0,0.0
2024-09-11 14:54:00-04:00,150.99000549316406,151.0399932861328,150.99000549316406,151.0399932861328,2013,0.0,0.0
2024-09-11 14:55:00-04:00,151.00999450683594,151.0800018310547,151.00999450683594,151.0800018310547,2713,0.0,0.0
2024-09-11 14:56:00-04:00,151.1300048828125,151.1300048828125,151.0800018310547,151.09500122070312,2849,0.0,0.0
2024-09-11 14:57:00-04:00,151.0800018310547,151.08999633789062,151.05999755859375,151.08999633789062,1716,0.0,0.0
2024-09-11 14:58:00-04:00,151.0800018310547,151.10000610351562,151.0500030517578,151.0500030517578,2248,0.0,0.0
2024-09-11 14:59:00-04:00,151.00999450683594,151.01100158691406,150.99000549316406,151.01100158691406,1072,0.0,0.0
2024-09-11 15:00:00-04:00,150.99000549316406,151.02999877929688,150.99000549316406,151.02999877929688,839,0.0,0.0
2024-09-11 15:01:00-04:00,151.0449981689453,151.0449981689453,151.02000427246094,151.02000427246094,1453,0.0,0.0
2024-09-11 15:02:00-04:00,151.01930236816406,151.01930236816406,151.01930236816406,151.01930236816406,1919,0.0,0.0
2024-09-11 15:03:00-04:00,151.02999877929688,151.02999877929688,151.01499938964844,151.01499938964844,894,0.0,0.0
2024-09-11 15:04:00-04:00,150.99000549316406,151.02000427246094,150.98500061035156,151.02000427246094,2537,0.0,0.0
2024-09-11 15:05:00-04:00,151.0,151.0,150.997802734375,150.997802734375,709,0.0,0.0
2024-09-11 15:06:00-04:00,150.99000549316406,151.00999450683594,150.97500610351562,151.00999450683594,3675,0.0,0.0
2024-09-11 15:07:00-04:00,150.97999572753906,150.97999572753906,150.97999572753906,150.97999572753906,239,0.0,0.0
2024-09-11 15:08:00-04:00,150.97500610351562,151.02999877929688,150.97500610351562,151.02000427246094,2270,0.0,0.0
2024-09-11 15:09:00-04:00,150.98500061035156,150.99000549316406,150.9600067138672,150.97000122070312,2080,0.0,0.0
2024-09-11 15:10:00-04:00,150.96499633789062,150.99000549316406,150.96499633789062,150.99000549316406,2865,0.0,0.0
2024-09-11 15:11:00-04:00,151.00999450683594,151.00999450683594,150.99000549316406,150.99000549316406,860,0.0,0.0
2024-09-11 15:12:00-04:00,151.0050048828125,151.0050048828125,150.99000549316406,150.99000549316406,2110,0.0,0.0
2024-09-11 15:13:00-04:00,150.9810028076172,151.08999633789062,150.9810028076172,151.08999633789062,3760,0.0,0.0
2024-09-11 15:14:00-04:00,151.07000732421875,151.07000732421875,151.0500030517578,151.0500030517578,2418,0.0,0.0
2024-09-11 15:16:00-04:00,150.9949951171875,150.9949951171875,150.9949951171875,150.9949951171875,7193,0.0,0.0
2024-09-11 15:17:00-04:00,151.0,151.0399932861328,151.0,151.0399932861328,1505,0.0,0.0
2024-09-11 15:18:00-04:00,151.00999450683594,151.02499389648438,150.97999572753906,151.02499389648438,1703,0.0,0.0
2024-09-11 15:19:00-04:00,151.02000427246094,151.05499267578125,151.02000427246094,151.05499267578125,1752,0.0,0.0
2024-09-11 15:20:00-04:00,151.0449981689453,151.1199951171875,151.04100036621094,151.1199951171875,2316,0.0,0.0
2024-09-11 15:21:00-04:00,151.11500549316406,151.13999938964844,151.10000610351562,151.13999938964844,2611,0.0,0.0
2024-09-11 15:22:00-04:00,151.17999267578125,151.22500610351562,151.17999267578125,151.22500610351562,2819,0.0,0.0
2024-09-11 15:23:00-04:00,151.25,151.2949981689453,151.25,151.2949981689453,2776,0.0,0.0
2024-09-11 15:24:00-04:00,151.27000427246094,151.2949981689453,151.24000549316406,151.25,3764,0.0,0.0
2024-09-11 15:25:00-04:00,151.27999877929688,151.34500122070312,151.27999877929688,151.3000030517578,4191,0.0,0.0
2024-09-11 15:26:00-04:00,151.3000030517578,151.3000030517578,151.27000427246094,151.27000427246094,2140,0.0,0.0
2024-09-11 15:27:00-04:00,151.24000549316406,151.27000427246094,151.21499633789062,151.24000549316406,3221,0.0,0.0
2024-09-11 15:28:00-04:00,151.24099731445312,151.27999877929688,151.24099731445312,151.26199340820312,2702,0.0,0.0
2024-09-11 15:29:00-04:00,151.22000122070312,151.22000122070312,151.2050018310547,151.22000122070312,1820,0.0,0.0
2024-09-11 15:30:00-04:00,151.2550048828125,151.2550048828125,151.1840057373047,151.1840057373047,3256,0.0,0.0
2024-09-11 15:31:00-04:00,151.22000122070312,151.22000122070312,151.22000122070312,151.22000122070312,1883,0.0,0.0
2024-09-11 15:32:00-04:00,151.16000366210938,151.16000366210938,151.02780151367188,151.0850067138672,4048,0.0,0.0
2024-09-11 15:33:00-04:00,151.05999755859375,151.07000732421875,151.05999755859375,151.07000732421875,1485,0.0,0.0
2024-09-11 15:34:00-04:00,151.0800018310547,151.08999633789062,151.00999450683594,151.00999450683594,2371,0.0,0.0
2024-09-11 15:35:00-04:00,151.03500366210938,151.03500366210938,151.03500366210938,151.03500366210938,970,0.0,0.0
2024-09-11 15:36:00-04:00,150.97999572753906,151.01499938964844,150.97999572753906,151.0,3213,0.0,0.0
2024-09-11 15:37:00-04:00,151.00999450683594,151.02999877929688,151.00999450683594,151.02999877929688,1607,0.0,0.0
2024-09-11 15:38:00-04:00,151.02099609375,151.05999755859375,150.9709930419922,150.9709930419922,3983,0.0,0.0
2024-09-11 15:39:00-04:00,151.0,151.01499938964844,151.0,151.0,2230,0.0,0.0
2024-09-11 15:40:00-04:00,150.97999572753906,151.0,150.97999572753906,151.0,2336,0.0,0.0
2024-09-11 15:41:00-04:00,151.0,151.00999450683594,150.89999389648438,150.906005859375,3237,0.0,0.0
2024-09-11 15:42:00-04:00,150.91000366210938,150.91000366210938,150.86000061035156,150.86500549316406,1823,0.0,0.0
2024-09-11 15:43:00-04:00,150.86500549316406,150.86500549316406,150.74000549316406,150.77999877929688,3382,0.0,0.0
2024-09-11 15:44:00-04:00,150.74000549316406,150.88999938964844,150.74000549316406,150.88999938964844,4282,0.0,0.0
2024-09-11 15:45:00-04:00,150.89999389648438,150.91000366210938,150.87100219726562,150.89999389648438,3446,0.0,0.0
2024-09-11 15:46:00-04:00,150.91000366210938,150.99000549316406,150.91000366210938,150.94000244140625,6302,0.0,0.0
2024-09-11 15:47:00-04:00,150.94000244140625,150.9600067138672,150.94000244140625,150.9499969482422,2092,0.0,0.0
2024-09-11 15:48:00-04:00,150.99000549316406,151.07000732421875,150.98500061035156,150.99099731445312,13817,0.0,0.0
2024-09-11 15:49:00-04:00,151.0,151.0749969482422,150.9709930419922,151.0749969482422,3996,0.0,0.0
2024-09-11 15:50:00-04:00,151.05999755859375,151.07000732421875,150.9499969482422,150.97000122070312,12171,0.0,0.0
2024-09-11 15:51:00-04:00,151.0,151.00790405273438,151.0,151.0,6732,0.0,0.0
2024-09-11 15:52:00-04:00,151.02499389648438,151.11000061035156,151.00999450683594,151.0850067138672,12673,0.0,0.0
2024-09-11 15:53:00-04:00,151.07000732421875,151.1999969482422,151.05999755859375,151.1999969482422,11444,0.0,0.0
2024-09-11 15:54:00-04:00,151.17999267578125,151.18499755859375,150.9600067138672,151.125,23931,0.0,0.0
2024-09-11 15:55:00-04:00,151.16000366210938,151.21499633789062,151.1300048828125,151.1999969482422,16286,0.0,0.0
2024-09-11 15:56:00-04:00,151.2100067138672,151.28500366210938,151.2100067138672,151.27000427246094,19190,0.0,0.0
2024-09-11 15:57:00-04:00,151.25999450683594,151.33999633789062,151.22000122070312,151.3300018310547,21828,0.0,0.0
2024-09-11 15:58:00-04:00,151.33999633789062,151.39999389648438,151.2899932861328,151.30999755859375,36430,0.0,0.0
2024-09-11 15:59:00-04:00,151.2899932861328,151.38999938964844,151.10000610351562,151.1999969482422,88609,0.0,0.0
2024-09-12 09:30:00-04:00,151.49000549316406,151.8350067138672,151.3300018310547,151.8350067138672,78488,0.0,0.0
2024-09-12 09:31:00-04:00,152.39999389648438,152.39999389648438,152.39999389648438,152.39999389648438,592,0.0,0.0
2024-09-12 09:32:00-04:00,152.4199981689453,152.75,151.9199981689453,152.0050048828125,2939,0.0,0.0
2024-09-12 09:33:00-04:00,151.9600067138672,151.96499633789062,151.9600067138672,151.96499633789062,558,0.0,0.0
2024-09-12 09:34:00-04:00,151.92999267578125,152.05999755859375,151.92999267578125,152.05999755859375,1671,0.0,0.0
2024-09-12 09:35:00-04:00,152.19000244140625,152.19000244140625,152.19000244140625,152.19000244140625,200,0.0,0.0
2024-09-12 09:36:00-04:00,152.19000244140625,152.25999450683594,151.97000122070312,151.97999572753906,3093,0.0,0.0
2024-09-12 09:37:00-04:00,152.0800018310547,152.0800018310547,152.0800018310547,152.0800018310547,566,0.0,0.0
2024-09-12 09:38:00-04:00,151.77000427246094,151.77000427246094,151.74000549316406,151.74000549316406,1721,0.0,0.0
2024-09-12 09:39:00-04:00,151.76499938964844,151.76499938964844,151.76499938964844,151.76499938964844,1040,0.0,0.0
2024-09-12 09:40:00-04:00,151.9199981689453,151.9199981689453,151.89999389648438,151.89999389648438,1177,0.0,0.0
2024-09-12 09:41:00-04:00,151.75999450683594,151.81500244140625,151.6699981689453,151.81500244140625,940,0.0,0.0
2024-09-12 09:42:00-04:00,151.85000610351562,151.85000610351562,151.67999267578125,151.67999267578125,3058,0.0,0.0
2024-09-12 09:43:00-04:00,151.75,151.82000732421875,151.72999572753906,151.7449951171875,1918,0.0,0.0
2024-09-12 09:44:00-04:00,151.8300018310547,151.91000366210938,151.71499633789062,151.74000549316406,2815,0.0,0.0
2024-09-12 09:45:00-04:00,151.77999877929688,151.77999877929688,151.77999877929688,151.77999877929688,1606,0.0,0.0
2024-09-12 09:47:00-04:00,151.88999938964844,151.88999938964844,151.88999938964844,151.88999938964844,2051,0.0,0.0
2024-09-12 09:49:00-04:00,151.99000549316406,152.01499938964844,151.88999938964844,151.88999938964844,2156,0.0,0.0
2024-09-12 09:50:00-04:00,151.99000549316406,151.99000549316406,151.69000244140625,151.74000549316406,4363,0.0,0.0
2024-09-12 09:51:00-04:00,151.72000122070312,151.72000122070312,151.59500122070312,151.59500122070312,1125,0.0,0.0
2024-09-12 09:52:00-04:00,151.6699981689453,151.6699981689453,151.55999755859375,151.55999755859375,2493,0.0,0.0
2024-09-12 09:53:00-04:00,151.5,151.5,151.39999389648438,151.4600067138672,1427,0.0,0.0
2024-09-12 09:54:00-04:00,151.4199981689453,151.4199981689453,151.4199981689453,151.4199981689453,507,0.0,0.0
2024-09-12 09:55:00-04:00,151.39999389648438,151.42999267578125,151.39999389648438,151.42999267578125,819,0.0,0.0
2024-09-12 09:56:00-04:00,151.51499938964844,151.5399932861328,151.49000549316406,151.49000549316406,902,0.0,0.0
2024-09-12 09:57:00-04:00,151.41000366210938,151.41000366210938,151.3000030517578,151.3000030517578,3509,0.0,0.0
2024-09-12 09:58:00-04:00,151.17999267578125,151.17999267578125,151.13499450683594,151.17999267578125,2149,0.0,0.0
2024-09-12 09:59:00-04:00,151.1750030517578,151.27000427246094,151.13999938964844,151.27000427246094,891,0.0,0.0
2024-09-12 10:00:00-04:00,151.17999267578125,151.27000427246094,151.08999633789062,151.08999633789062,5182,0.0,0.0
2024-09-12 10:01:00-04:00,151.30990600585938,151.30990600585938,151.14999389648438,151.23500061035156,2844,0.0,0.0
2024-09-12 10:03:00-04:00,151.2100067138672,151.22500610351562,151.17999267578125,151.21499633789062,2359,0.0,0.0
2024-09-12 10:04:00-04:00,151.1699981689453,151.1699981689453,151.1699981689453,151.1699981689453,719,0.0,0.0
2024-09-12 10:05:00-04:00,151.1199951171875,151.1199951171875,151.1199951171875,151.1199951171875,595,0.0,0.0
2024-09-12 10:06:00-04:00,151.1300048828125,151.3000030517578,151.1300048828125,151.3000030517578,770,0.0,0.0
2024-09-12 10:07:00-04:00,151.27999877929688,151.27999877929688,151.1199951171875,151.1999969482422,3693,0.0,0.0
2024-09-12 10:08:00-04:00,151.22999572753906,151.22999572753906,151.22999572753906,151.22999572753906,305,0.0,0.0
2024-09-12 10:09:00-04:00,151.25999450683594,151.32000732421875,151.25999450683594,151.26499938964844,1376,0.0,0.0
2024-09-12 10:10:00-04:00,151.21009826660156,151.21009826660156,151.2100067138672,151.2100067138672,698,0.0,0.0
2024-09-12 10:11:00-04:00,151.3699951171875,151.42999267578125,151.34010314941406,151.42999267578125,2657,0.0,0.0
2024-09-12 10:13:00-04:00,151.33999633789062,151.35000610351562,151.26010131835938,151.35000610351562,4071,0.0,0.0
2024-09-12 10:14:00-04:00,151.3699951171875,151.3699951171875,151.3699951171875,151.3699951171875,1490,0.0,0.0
2024-09-12 10:15:00-04:00,151.34500122070312,151.42999267578125,151.34500122070312,151.4149932861328,2485,0.0,0.0
2024-09-12 10:16:00-04:00,151.33999633789062,151.44000244140625,151.3249969482422,151.41000366210938,4224,0.0,0.0
2024-09-12 10:17:00-04:00,151.4600067138672,151.52999877929688,151.4600067138672,151.52999877929688,2982,0.0,0.0
2024-09-12 10:18:00-04:00,151.47000122070312,151.6300048828125,151.47000122070312,151.52499389648438,4608,0.0,0.0
2024-09-12 10:19:00-04:00,151.64500427246094,151.64999389648438,151.64500427246094,151.64500427246094,663,0.0,0.0
2024-09-12 10:20:00-04:00,151.6300048828125,151.6300048828125,151.5399932861328,151.5399932861328,2144,0.0,0.0
2024-09-12 10:21:00-04:00,151.5800018310547,151.61380004882812,151.5800018310547,151.61380004882812,648,0.0,0.0
2024-09-12 10:22:00-04:00,151.60499572753906,151.60499572753906,151.5500030517578,151.5500030517578,2365,0.0,0.0
2024-09-12 10:23:00-04:00,151.5399932861328,151.5399932861328,151.5399932861328,151.5399932861328,845,0.0,0.0
2024-09-12 10:24:00-04:00,151.4600067138672,151.57000732421875,151.41000366210938,151.57000732421875,3070,0.0,0.0
2024-09-12 10:25:00-04:00,151.57000732421875,151.67999267578125,151.53500366210938,151.6699981689453,3138,0.0,0.0
2024-09-12 10:26:00-04:00,151.6750030517578,151.6999969482422,151.6750030517578,151.6999969482422,4051,0.0,0.0
2024-09-12 10:27:00-04:00,151.6699981689453,151.6699981689453,151.54110717773438,151.60000610351562,3642,0.0,0.0
2024-09-12 10:28:00-04:00,151.6300048828125,151.8350067138672,151.6300048828125,151.7899932861328,3152,0.0,0.0
2024-09-12 10:29:00-04:00,151.7899932861328,151.82000732421875,151.6649932861328,151.82000732421875,7110,0.0,0.0
2024-09-12 10:31:00-04:00,151.7949981689453,151.85499572753906,151.77999877929688,151.85499572753906,2330,0.0,0.0
2024-09-12 10:32:00-04:00,151.86000061035156,151.86000061035156,151.7899932861328,151.7899932861328,2502,0.0,0.0
2024-09-12 10:33:00-04:00,151.75,151.7550048828125,151.75,151.7550048828125,501,0.0,0.0
2024-09-12 10:34:00-04:00,151.8000030517578,151.89999389648438,151.77999877929688,151.83999633789062,3994,0.0,0.0
2024-09-12 10:35:00-04:00,151.83999633789062,151.83999633789062,151.5,151.5,7111,0.0,0.0
2024-09-12 10:36:00-04:00,151.56500244140625,151.61000061035156,151.5,151.61000061035156,2154,0.0,0.0
2024-09-12 10:37:00-04:00,151.67999267578125,151.69000244140625,151.6300048828125,151.67999267578125,2671,0.0,0.0
2024-09-12 10:38:00-04:00,151.6699981689453,151.6999969482422,151.6699981689453,151.69309997558594,2109,0.0,0.0
2024-09-12 10:39:00-04:00,151.69500732421875,151.69500732421875,151.69500732421875,151.69500732421875,2130,0.0,0.0
2024-09-12 10:40:00-04:00,151.72000122070312,151.75999450683594,151.72000122070312,151.75999450683594,1300,0.0,0.0
2024-09-12 10:41:00-04:00,151.7899932861328,151.84500122070312,151.7899932861328,151.84500122070312,2297,0.0,0.0
2024-09-12 10:42:00-04:00,151.82000732421875,151.86000061035156,151.77000427246094,151.82000732421875,1698,0.0,0.0
2024-09-12 10:43:00-04:00,151.75,151.80999755859375,151.75,151.80999755859375,1790,0.0,0.0
2024-09-12 10:44:00-04:00,151.80999755859375,151.9199981689453,151.80999755859375,151.9199981689453,3420,0.0,0.0
2024-09-12 10:45:00-04:00,151.9199981689453,151.9600067138672,151.9149932861328,151.9149932861328,2730,0.0,0.0
2024-09-12 10:46:00-04:00,151.9499969482422,152.02000427246094,151.9499969482422,152.02000427246094,3627,0.0,0.0
2024-09-12 10:47:00-04:00,152.06500244140625,152.1300048828125,152.02999877929688,152.1300048828125,1741,0.0,0.0
2024-09-12 10:48:00-04:00,152.08999633789062,152.1300048828125,152.08999633789062,152.1300048828125,960,0.0,0.0
2024-09-12 10:49:00-04:00,152.14999389648438,152.14999389648438,152.14999389648438,152.14999389648438,113,0.0,0.0
2024-09-12 10:50:00-04:00,152.14999389648438,152.14999389648438,152.14999389648438,152.14999389648438,1023,0.0,0.0
2024-09-12 10:51:00-04:00,152.1199951171875,152.17999267578125,152.1199951171875,152.17999267578125,3868,0.0,0.0
2024-09-12 10:52:00-04:00,152.17999267578125,152.25999450683594,152.1199951171875,152.25999450683594,2685,0.0,0.0
2024-09-12 10:53:00-04:00,152.25,152.25,152.160400390625,152.160400390625,1957,0.0,0.0
2024-09-12 10:54:00-04:00,152.18499755859375,152.22000122070312,152.18499755859375,152.22000122070312,1099,0.0,0.0
2024-09-12 10:55:00-04:00,152.22999572753906,152.27000427246094,152.22000122070312,152.27000427246094,1404,0.0,0.0
2024-09-12 10:56:00-04:00,152.3350067138672,152.34500122070312,152.3350067138672,152.34500122070312,1055,0.0,0.0
2024-09-12 10:57:00-04:00,152.32000732421875,152.32000732421875,152.29989624023438,152.29989624023438,2640,0.0,0.0
2024-09-12 10:58:00-04:00,152.22999572753906,152.22999572753906,152.16000366210938,152.2100067138672,2425,0.0,0.0
2024-09-12 10:59:00-04:00,152.2100067138672,152.22000122070312,152.1199951171875,152.1999969482422,4247,0.0,0.0
2024-09-12 11:00:00-04:00,152.1750030517578,152.22000122070312,152.0800018310547,152.0800018310547,2182,0.0,0.0
2024-09-12 11:01:00-04:00,152.1199951171875,152.19000244140625,152.11500549316406,152.19000244140625,1345,0.0,0.0
2024-09-12 11:02:00-04:00,152.22000122070312,152.22000122070312,152.19000244140625,152.19000244140625,1072,0.0,0.0
2024-09-12 11:03:00-04:00,152.19000244140625,152.22999572753906,152.19000244140625,152.22999572753906,2138,0.0,0.0
2024-09-12 11:04:00-04:00,152.22999572753906,152.27000427246094,152.22000122070312,152.22000122070312,5305,0.0,0.0
2024-09-12 11:05:00-04:00,152.22999572753906,152.22999572753906,152.22999572753906,152.22999572753906,1333,0.0,0.0
2024-09-12 11:06:00-04:00,152.14500427246094,152.1750030517578,152.13999938964844,152.13999938964844,632,0.0,0.0
2024-09-12 11:07:00-04:00,152.13999938964844,152.13999938964844,152.10000610351562,152.10000610351562,1668,0.0,0.0
2024-09-12 11:09:00-04:00,152.00999450683594,152.00999450683594,152.00999450683594,152.00999450683594,3501,0.0,0.0
2024-09-12 11:10:00-04:00,152.00999450683594,152.00999450683594,152.00999450683594,152.00999450683594,200,0.0,0.0
2024-09-12 11:11:00-04:00,152.13999938964844,152.13999938964844,152.13999938964844,152.13999938964844,3702,0.0,0.0
2024-09-12 11:12:00-04:00,152.19000244140625,152.19000244140625,152.19000244140625,152.19000244140625,255,0.0,0.0
2024-09-12 11:13:00-04:00,152.22000122070312,152.35000610351562,152.22000122070312,152.35000610351562,6119,0.0,0.0
2024-09-12 11:14:00-04:00,152.3000030517578,152.30999755859375,152.3000030517578,152.30999755859375,707,0.0,0.0
2024-09-12 11:15:00-04:00,152.31500244140625,152.36000061035156,152.2100067138672,152.2100067138672,3101,0.0,0.0
2024-09-12 11:16:00-04:00,152.1909942626953,152.22500610351562,152.1909942626953,152.22500610351562,1337,0.0,0.0
2024-09-12 11:17:00-04:00,152.22999572753906,152.30999755859375,152.22999572753906,152.30999755859375,2409,0.0,0.0
2024-09-12 11:18:00-04:00,152.30999755859375,152.36000061035156,152.2899932861328,152.2899932861328,3152,0.0,0.0
2024-09-12 11:19:00-04:00,152.2100067138672,152.27000427246094,152.19000244140625,152.19000244140625,2310,0.0,0.0
2024-09-12 11:20:00-04:00,152.14999389648438,152.16000366210938,152.14999389648438,152.14999389648438,1238,0.0,0.0
2024-09-12 11:21:00-04:00,152.10000610351562,152.10000610351562,152.10000610351562,152.10000610351562,163,0.0,0.0
2024-09-12 11:22:00-04:00,152.13999938964844,152.13999938964844,151.99000549316406,151.99000549316406,2283,0.0,0.0
2024-09-12 11:23:00-04:00,152.0050048828125,152.0399932861328,151.94000244140625,151.94000244140625,3886,0.0,0.0
2024-09-12 11:24:00-04:00,151.97999572753906,151.97999572753906,151.9600067138672,151.9600067138672,1931,0.0,0.0
2024-09-12 11:28:00-04:00,152.0,152.0,152.0,152.0,3077,0.0,0.0
2024-09-12 11:29:00-04:00,151.9600067138672,151.9600067138672,151.9250030517578,151.9250030517578,777,0.0,0.0
2024-09-12 11:30:00-04:00,151.89999389648438,151.89999389648438,151.89999389648438,151.89999389648438,1104,0.0,0.0
2024-09-12 11:31:00-04:00,151.88999938964844,151.9199981689453,151.88999938964844,151.9199981689453,1508,0.0,0.0
2024-09-12 11:32:00-04:00,151.91400146484375,151.9199981689453,151.88999938964844,151.88999938964844,1907,0.0,0.0
2024-09-12 11:33:00-04:00,151.75999450683594,151.75999450683594,151.75999450683594,151.75999450683594,455,0.0,0.0
2024-09-12 11:34:00-04:00,151.80999755859375,151.80999755859375,151.75999450683594,151.75999450683594,1756,0.0,0.0
2024-09-12 11:35:00-04:00,151.80999755859375,151.86000061035156,151.80999755859375,151.86000061035156,2658,0.0,0.0
2024-09-12 11:36:00-04:00,151.9499969482422,151.97000122070312,151.94000244140625,151.97000122070312,1373,0.0,0.0
2024-09-12 11:37:00-04:00,151.97999572753906,151.97999572753906,151.97000122070312,151.97000122070312,900,0.0,0.0
2024-09-12 11:38:00-04:00,152.02999877929688,152.02999877929688,152.02999877929688,152.02999877929688,384,0.0,0.0
2024-09-12 11:39:00-04:00,151.9600067138672,151.9600067138672,151.9600067138672,151.9600067138672,1839,0.0,0.0
2024-09-12 11:41:00-04:00,151.97000122070312,152.02999877929688,151.97000122070312,152.02999877929688,1440,0.0,0.0
2024-09-12 11:42:00-04:00,151.94000244140625,151.94000244140625,151.94000244140625,151.94000244140625,563,0.0,0.0
2024-09-12 11:44:00-04:00,151.94000244140625,151.94000244140625,151.90499877929688,151.90499877929688,2196,0.0,0.0
2024-09-12 11:45:00-04:00,151.9499969482422,151.9499969482422,151.9199981689453,151.9199981689453,1046,0.0,0.0
2024-09-12 11:46:00-04:00,151.88999938964844,151.9199981689453,151.88499450683594,151.9199981689453,1589,0.0,0.0
2024-09-12 11:47:00-04:00,151.91000366210938,151.91000366210938,151.91000366210938,151.91000366210938,674,0.0,0.0
2024-09-12 11:48:00-04:00,151.91000366210938,151.97999572753906,151.91000366210938,151.97999572753906,10054,0.0,0.0
2024-09-12 11:49:00-04:00,151.97500610351562,151.97500610351562,151.91000366210938,151.91000366210938,2092,0.0,0.0
2024-09-12 11:50:00-04:00,151.83999633789062,151.83999633789062,151.83999633789062,151.83999633789062,716,0.0,0.0
2024-09-12 11:51:00-04:00,151.83999633789062,151.8699951171875,151.83999633789062,151.86000061035156,794,0.0,0.0
2024-09-12 11:52:00-04:00,151.86500549316406,151.8699951171875,151.83999633789062,151.83999633789062,2542,0.0,0.0
2024-09-12 11:53:00-04:00,151.8300018310547,151.8300018310547,151.8300018310547,151.8300018310547,447,0.0,0.0
2024-09-12 11:54:00-04:00,151.8300018310547,151.8300018310547,151.8300018310547,151.8300018310547,1066,0.0,0.0
2024-09-12 11:55:00-04:00,151.85000610351562,151.85000610351562,151.85000610351562,151.85000610351562,1919,0.0,0.0
2024-09-12 11:56:00-04:00,151.9199981689453,152.00999450683594,151.9199981689453,151.98500061035156,2852,0.0,0.0
2024-09-12 11:57:00-04:00,151.88999938964844,151.88999938964844,151.88999938964844,151.88999938964844,1134,0.0,0.0
2024-09-12 11:58:00-04:00,151.8800048828125,151.8800048828125,151.8300018310547,151.86000061035156,1358,0.0,0.0
2024-09-12 11:59:00-04:00,151.86000061035156,151.86000061035156,151.83999633789062,151.85000610351562,1600,0.0,0.0
2024-09-12 12:00:00-04:00,151.88999938964844,151.88999938964844,151.85000610351562,151.85000610351562,892,0.0,0.0
2024-09-12 12:01:00-04:00,151.8800048828125,151.8800048828125,151.85000610351562,151.85000610351562,2080,0.0,0.0
2024-09-12 12:02:00-04:00,151.86000061035156,151.86000061035156,151.86000061035156,151.86000061035156,767,0.0,0.0
2024-09-12 12:03:00-04:00,151.82000732421875,151.85299682617188,151.80999755859375,151.80999755859375,1195,0.0,0.0
2024-09-12 12:04:00-04:00,151.83999633789062,151.83999633789062,151.83999633789062,151.83999633789062,769,0.0,0.0
2024-09-12 12:05:00-04:00,151.8000030517578,151.83999633789062,151.8000030517578,151.8000030517578,1066,0.0,0.0
2024-09-12 12:06:00-04:00,151.83999633789062,151.83999633789062,151.83999633789062,151.83999633789062,1246,0.0,0.0
2024-09-12 12:07:00-04:00,151.8000030517578,151.83999633789062,151.8000030517578,151.83999633789062,1780,0.0,0.0
2024-09-12 12:08:00-04:00,151.7899932861328,151.7899932861328,151.7550048828125,151.7550048828125,1366,0.0,0.0
2024-09-12 12:09:00-04:00,151.77000427246094,151.7899932861328,151.77000427246094,151.7899932861328,1952,0.0,0.0
2024-09-12 12:10:00-04:00,151.75999450683594,151.75999450683594,151.75999450683594,151.75999450683594,1094,0.0,0.0
2024-09-12 12:11:00-04:00,151.69000244140625,151.77000427246094,151.69000244140625,151.77000427246094,1233,0.0,0.0
2024-09-12 12:13:00-04:00,151.6999969482422,151.72000122070312,151.6999969482422,151.72000122070312,1950,0.0,0.0
2024-09-12 12:14:00-04:00,151.74000549316406,151.74000549316406,151.74000549316406,151.74000549316406,675,0.0,0.0
2024-09-12 12:16:00-04:00,151.7550048828125,151.7899932861328,151.7550048828125,151.7899932861328,2851,0.0,0.0
2024-09-12 12:17:00-04:00,151.75999450683594,151.77450561523438,151.74000549316406,151.77450561523438,2006,0.0,0.0
2024-09-12 12:18:00-04:00,151.75,151.75999450683594,151.75,151.75999450683594,480,0.0,0.0
2024-09-12 12:19:00-04:00,151.82000732421875,151.83999633789062,151.77999877929688,151.826904296875,1795,0.0,0.0
2024-09-12 12:20:00-04:00,151.80999755859375,151.83999633789062,151.80999755859375,151.83999633789062,1357,0.0,0.0
2024-09-12 12:21:00-04:00,151.83999633789062,151.83999633789062,151.83999633789062,151.83999633789062,494,0.0,0.0
2024-09-12 12:22:00-04:00,151.82000732421875,151.82000732421875,151.80499267578125,151.80499267578125,1160,0.0,0.0
2024-09-12 12:23:00-04:00,151.7899932861328,151.7899932861328,151.6699981689453,151.70989990234375,2459,0.0,0.0
2024-09-12 12:24:00-04:00,151.6699981689453,151.72000122070312,151.6699981689453,151.72000122070312,2283,0.0,0.0
2024-09-12 12:26:00-04:00,151.75999450683594,151.75999450683594,151.75999450683594,151.75999450683594,1609,0.0,0.0
2024-09-12 12:27:00-04:00,151.7449951171875,151.7449951171875,151.72000122070312,151.72000122070312,2128,0.0,0.0
2024-09-12 12:28:00-04:00,151.75,151.75,151.75,151.75,526,0.0,0.0
2024-09-12 12:29:00-04:00,151.7100067138672,151.7100067138672,151.6999969482422,151.6999969482422,556,0.0,0.0
2024-09-12 12:30:00-04:00,151.6999969482422,151.6999969482422,151.65499877929688,151.6999969482422,1583,0.0,0.0
2024-09-12 12:31:00-04:00,151.72999572753906,151.72999572753906,151.72999572753906,151.72999572753906,314,0.0,0.0
2024-09-12 12:32:00-04:00,151.7100067138672,151.74000549316406,151.7100067138672,151.7100067138672,1105,0.0,0.0
2024-09-12 12:33:00-04:00,151.6750030517578,151.6750030517578,151.6750030517578,151.6750030517578,2032,0.0,0.0
2024-09-12 12:35:00-04:00,151.6699981689453,151.6699981689453,151.6699981689453,151.6699981689453,362,0.0,0.0
2024-09-12 12:36:00-04:00,151.68499755859375,151.69000244140625,151.68499755859375,151.69000244140625,581,0.0,0.0
2024-09-12 12:37:00-04:00,151.66000366210938,151.66000366210938,151.66000366210938,151.66000366210938,851,0.0,0.0
2024-09-12 12:38:00-04:00,151.69000244140625,151.69000244140625,151.69000244140625,151.69000244140625,867,0.0,0.0
2024-09-12 12:39:00-04:00,151.64999389648438,151.64999389648438,151.64999389648438,151.64999389648438,1322,0.0,0.0
2024-09-12 12:40:00-04:00,151.61000061035156,151.61000061035156,151.58999633789062,151.58999633789062,693,0.0,0.0
2024-09-12 12:41:00-04:00,151.66000366210938,151.68499755859375,151.66000366210938,151.68499755859375,819,0.0,0.0
2024-09-12 12:42:00-04:00,151.72000122070312,151.72000122070312,151.6999969482422,151.6999969482422,1569,0.0,0.0
2024-09-12 12:43:00-04:00,151.74000549316406,151.74000549316406,151.74000549316406,151.74000549316406,390,0.0,0.0
2024-09-12 12:44:00-04:00,151.7406005859375,151.7899932861328,151.7406005859375,151.7899932861328,1503,0.0,0.0
2024-09-12 12:46:00-04:00,151.86000061035156,151.89999389648438,151.86000061035156,151.89999389648438,1203,0.0,0.0
2024-09-12 12:47:00-04:00,151.89999389648438,151.97000122070312,151.89999389648438,151.97000122070312,3517,0.0,0.0
2024-09-12 12:48:00-04:00,151.98500061035156,151.98500061035156,151.98500061035156,151.98500061035156,172,0.0,0.0
2024-09-12 12:49:00-04:00,152.0500030517578,152.0500030517578,152.0,152.0,595,0.0,0.0
2024-09-12 12:50:00-04:00,152.0,152.0399932861328,152.0,152.0399932861328,1936,0.0,0.0
2024-09-12 12:51:00-04:00,152.06500244140625,152.08999633789062,152.0399932861328,152.0449981689453,5778,0.0,0.0
2024-09-12 12:52:00-04:00,152.0449981689453,152.0800018310547,152.0449981689453,152.0800018310547,860,0.0,0.0
2024-09-12 12:53:00-04:00,152.10499572753906,152.10499572753906,152.05999755859375,152.05999755859375,990,0.0,0.0
2024-09-12 12:54:00-04:00,152.06500244140625,152.11000061035156,152.06500244140625,152.09500122070312,9605,0.0,0.0
2024-09-12 12:55:00-04:00,152.11000061035156,152.11000061035156,152.11000061035156,152.11000061035156,400,0.0,0.0
2024-09-12 12:56:00-04:00,152.08999633789062,152.1125030517578,152.08999633789062,152.10000610351562,1952,0.0,0.0
2024-09-12 12:57:00-04:00,152.13999938964844,152.22000122070312,152.125,152.22000122070312,1733,0.0,0.0
2024-09-12 12:58:00-04:00,152.2100067138672,152.2100067138672,152.2100067138672,152.2100067138672,909,0.0,0.0
2024-09-12 13:00:00-04:00,152.25999450683594,152.27499389648438,152.21499633789062,152.21499633789062,1915,0.0,0.0
2024-09-12 13:01:00-04:00,152.22999572753906,152.22999572753906,152.1876983642578,152.1876983642578,1128,0.0,0.0
2024-09-12 13:02:00-04:00,152.1999969482422,152.1999969482422,152.19000244140625,152.19000244140625,464,0.0,0.0
2024-09-12 13:03:00-04:00,152.2050018310547,152.2050018310547,152.17999267578125,152.17999267578125,2112,0.0,0.0
2024-09-12 13:04:00-04:00,152.14999389648438,152.14999389648438,152.13999938964844,152.13999938964844,1388,0.0,0.0
2024-09-12 13:05:00-04:00,152.19000244140625,152.19000244140625,152.19000244140625,152.19000244140625,764,0.0,0.0
2024-09-12 13:06:00-04:00,152.2100067138672,152.2100067138672,152.2100067138672,152.2100067138672,1041,0.0,0.0
2024-09-12 13:08:00-04:00,152.17999267578125,152.25999450683594,152.17999267578125,152.25999450683594,1745,0.0,0.0
2024-09-12 13:09:00-04:00,152.25999450683594,152.25999450683594,152.25999450683594,152.25999450683594,184,0.0,0.0
2024-09-12 13:10:00-04:00,152.25999450683594,152.25999450683594,152.25999450683594,152.25999450683594,1364,0.0,0.0
2024-09-12 13:11:00-04:00,152.28500366210938,152.28500366210938,152.25999450683594,152.25999450683594,1450,0.0,0.0
2024-09-12 13:12:00-04:00,152.24000549316406,152.3000030517578,152.24000549316406,152.29750061035156,1075,0.0,0.0
2024-09-12 13:13:00-04:00,152.2949981689453,152.2949981689453,152.2949981689453,152.2949981689453,1553,0.0,0.0
2024-09-12 13:15:00-04:00,152.3000030517578,152.3000030517578,152.3000030517578,152.3000030517578,755,0.0,0.0
2024-09-12 13:16:00-04:00,152.27000427246094,152.27000427246094,152.27000427246094,152.27000427246094,1061,0.0,0.0
2024-09-12 13:17:00-04:00,152.2949981689453,152.2949981689453,152.2949981689453,152.2949981689453,217,0.0,0.0
2024-09-12 13:18:00-04:00,152.32000732421875,152.32000732421875,152.25999450683594,152.25999450683594,4241,0.0,0.0
2024-09-12 13:19:00-04:00,152.27499389648438,152.27499389648438,152.22019958496094,152.22019958496094,5078,0.0,0.0
2024-09-12 13:20:00-04:00,152.25999450683594,152.25999450683594,152.25,152.25,764,0.0,0.0
2024-09-12 13:21:00-04:00,152.27999877929688,152.28500366210938,152.27499389648438,152.28500366210938,1311,0.0,0.0
2024-09-12 13:22:00-04:00,152.27000427246094,152.27000427246094,152.27000427246094,152.27000427246094,207,0.0,0.0
2024-09-12 13:23:00-04:00,152.32000732421875,152.32000732421875,152.3000030517578,152.30999755859375,1705,0.0,0.0
2024-09-12 13:24:00-04:00,152.33999633789062,152.38999938964844,152.33999633789062,152.38999938964844,2153,0.0,0.0
2024-09-12 13:25:00-04:00,152.40499877929688,152.40499877929688,152.38999938964844,152.38999938964844,1026,0.0,0.0
2024-09-12 13:27:00-04:00,152.40499877929688,152.4600067138672,152.39999389648438,152.4600067138672,2976,0.0,0.0
2024-09-12 13:28:00-04:00,152.4199981689453,152.4199981689453,152.4199981689453,152.4199981689453,224,0.0,0.0
2024-09-12 13:29:00-04:00,152.38999938964844,152.39999389648438,152.3699951171875,152.39999389648438,2267,0.0,0.0
2024-09-12 13:30:00-04:00,152.4600067138672,152.4600067138672,152.4600067138672,152.4600067138672,2015,0.0,0.0
2024-09-12 13:31:00-04:00,152.42999267578125,152.47999572753906,152.42999267578125,152.47000122070312,1551,0.0,0.0
2024-09-12 13:32:00-04:00,152.44000244140625,152.47000122070312,152.44000244140625,152.46499633789062,1380,0.0,0.0
2024-09-12 13:33:00-04:00,152.47999572753906,152.47999572753906,152.42999267578125,152.42999267578125,1576,0.0,0.0
2024-09-12 13:34:00-04:00,152.4499969482422,152.49000549316406,152.4499969482422,152.47999572753906,2248,0.0,0.0
2024-09-12 13:35:00-04:00,152.47999572753906,152.50999450683594,152.47000122070312,152.50999450683594,2615,0.0,0.0
2024-09-12 13:36:00-04:00,152.5399932861328,152.5500030517578,152.50999450683594,152.50999450683594,1647,0.0,0.0
2024-09-12 13:37:00-04:00,152.50999450683594,152.50999450683594,152.50999450683594,152.50999450683594,1177,0.0,0.0
2024-09-12 13:38:00-04:00,152.5399932861328,152.57000732421875,152.5399932861328,152.57000732421875,1982,0.0,0.0
2024-09-12 13:39:00-04:00,152.60000610351562,152.60000610351562,152.56500244140625,152.56500244140625,1358,0.0,0.0
2024-09-12 13:40:00-04:00,152.60000610351562,152.60000610351562,152.5800018310547,152.5800018310547,2511,0.0,0.0
2024-09-12 13:41:00-04:00,152.5800018310547,152.60000610351562,152.57000732421875,152.58999633789062,3564,0.0,0.0
2024-09-12 13:42:00-04:00,152.58999633789062,152.58999633789062,152.52000427246094,152.52000427246094,2206,0.0,0.0
2024-09-12 13:43:00-04:00,152.50999450683594,152.5500030517578,152.50999450683594,152.5500030517578,2259,0.0,0.0
2024-09-12 13:44:00-04:00,152.5500030517578,152.55999755859375,152.5301055908203,152.55999755859375,747,0.0,0.0
2024-09-12 13:45:00-04:00,152.60000610351562,152.66000366210938,152.60000610351562,152.66000366210938,1423,0.0,0.0
2024-09-12 13:46:00-04:00,152.6999969482422,152.73500061035156,152.6999969482422,152.73500061035156,1287,0.0,0.0
2024-09-12 13:47:00-04:00,152.7899932861328,152.7899932861328,152.74000549316406,152.74000549316406,681,0.0,0.0
2024-09-12 13:48:00-04:00,152.77999877929688,152.77999877929688,152.77999877929688,152.77999877929688,545,0.0,0.0
2024-09-12 13:49:00-04:00,152.74000549316406,152.74000549316406,152.74000549316406,152.74000549316406,2021,0.0,0.0
2024-09-12 13:50:00-04:00,152.75,152.7899932861328,152.75,152.7899932861328,1746,0.0,0.0
2024-09-12 13:51:00-04:00,152.82000732421875,152.82000732421875,152.82000732421875,152.82000732421875,519,0.0,0.0
2024-09-12 13:52:00-04:00,152.88999938964844,152.88999938964844,152.875,152.88999938964844,589,0.0,0.0
2024-09-12 13:53:00-04:00,152.88999938964844,152.91000366210938,152.86000061035156,152.86000061035156,3157,0.0,0.0
2024-09-12 13:54:00-04:00,152.85000610351562,152.875,152.85000610351562,152.875,532,0.0,0.0
2024-09-12 13:55:00-04:00,152.89999389648438,152.94000244140625,152.89999389648438,152.94000244140625,1391,0.0,0.0
2024-09-12 13:56:00-04:00,152.97999572753906,152.99000549316406,152.9550018310547,152.9550018310547,3855,0.0,0.0
2024-09-12 13:57:00-04:00,152.9499969482422,153.0,152.91000366210938,153.0,3052,0.0,0.0
2024-09-12 13:58:00-04:00,152.98500061035156,152.99000549316406,152.97999572753906,152.99000549316406,1561,0.0,0.0
2024-09-12 13:59:00-04:00,153.0,153.0,152.9499969482422,152.97000122070312,3516,0.0,0.0
2024-09-12 14:00:00-04:00,152.97000122070312,152.97500610351562,152.9600067138672,152.97500610351562,1362,0.0,0.0
2024-09-12 14:01:00-04:00,152.9199981689453,152.92999267578125,152.88499450683594,152.92999267578125,2593,0.0,0.0
2024-09-12 14:02:00-04:00,152.88499450683594,152.88999938964844,152.88499450683594,152.88999938964844,868,0.0,0.0
2024-09-12 14:04:00-04:00,152.89999389648438,152.89999389648438,152.89999389648438,152.89999389648438,1881,0.0,0.0
2024-09-12 14:06:00-04:00,152.92999267578125,152.9600067138672,152.91000366210938,152.9199981689453,3957,0.0,0.0
2024-09-12 14:07:00-04:00,152.8800048828125,152.9199981689453,152.8800048828125,152.9199981689453,1523,0.0,0.0
2024-09-12 14:08:00-04:00,152.89999389648438,152.89999389648438,152.88999938964844,152.88999938964844,2099,0.0,0.0
2024-09-12 14:09:00-04:00,152.85910034179688,152.8699951171875,152.85000610351562,152.85000610351562,2237,0.0,0.0
2024-09-12 14:10:00-04:00,152.8800048828125,152.8800048828125,152.86500549316406,152.86500549316406,1685,0.0,0.0
2024-09-12 14:11:00-04:00,152.83749389648438,152.875,152.83749389648438,152.875,1229,0.0,0.0
2024-09-12 14:12:00-04:00,152.88999938964844,152.88999938964844,152.88999938964844,152.88999938964844,844,0.0,0.0
2024-09-12 14:13:00-04:00,152.88999938964844,152.88999938964844,152.88999938964844,152.88999938964844,348,0.0,0.0
2024-09-12 14:14:00-04:00,152.86000061035156,152.8699951171875,152.8031005859375,152.8031005859375,2997,0.0,0.0
2024-09-12 14:15:00-04:00,152.77999877929688,152.80270385742188,152.77999877929688,152.80270385742188,1991,0.0,0.0
2024-09-12 14:16:00-04:00,152.82000732421875,152.83999633789062,152.82000732421875,152.83999633789062,2096,0.0,0.0
2024-09-12 14:17:00-04:00,152.84500122070312,152.84500122070312,152.84500122070312,152.84500122070312,2199,0.0,0.0
2024-09-12 14:18:00-04:00,152.8300018310547,152.8300018310547,152.8300018310547,152.8300018310547,224,0.0,0.0
2024-09-12 14:19:00-04:00,152.82000732421875,152.82000732421875,152.7899932861328,152.7899932861328,947,0.0,0.0
2024-09-12 14:20:00-04:00,152.8300018310547,152.8300018310547,152.8300018310547,152.8300018310547,996,0.0,0.0
2024-09-12 14:21:00-04:00,152.83999633789062,152.8699951171875,152.8300018310547,152.8699951171875,3192,0.0,0.0
2024-09-12 14:22:00-04:00,152.89999389648438,152.92999267578125,152.88999938964844,152.88999938964844,2772,0.0,0.0
2024-09-12 14:23:00-04:00,152.8800048828125,152.88999938964844,152.8800048828125,152.88499450683594,2787,0.0,0.0
2024-09-12 14:24:00-04:00,152.8699951171875,152.87570190429688,152.86000061035156,152.8699951171875,2513,0.0,0.0
2024-09-12 14:25:00-04:00,152.88499450683594,152.88499450683594,152.88499450683594,152.88499450683594,271,0.0,0.0
2024-09-12 14:26:00-04:00,152.88499450683594,152.88499450683594,152.8699951171875,152.8699951171875,1922,0.0,0.0
2024-09-12 14:27:00-04:00,152.875,152.875,152.83999633789062,152.83999633789062,1290,0.0,0.0
2024-09-12 14:28:00-04:00,152.8699951171875,152.88999938964844,152.85000610351562,152.85000610351562,3684,0.0,0.0
2024-09-12 14:29:00-04:00,152.83999633789062,152.83999633789062,152.83999633789062,152.83999633789062,1120,0.0,0.0
2024-09-12 14:30:00-04:00,152.82000732421875,152.8800048828125,152.82000732421875,152.86000061035156,4199,0.0,0.0
2024-09-12 14:31:00-04:00,152.8300018310547,152.8300018310547,152.75,152.75,1301,0.0,0.0
2024-09-12 14:32:00-04:00,152.77999877929688,152.77999877929688,152.72999572753906,152.72999572753906,1254,0.0,0.0
2024-09-12 14:33:00-04:00,152.74000549316406,152.75,152.6999969482422,152.6999969482422,1738,0.0,0.0
2024-09-12 14:34:00-04:00,152.68499755859375,152.75,152.68499755859375,152.75,2321,0.0,0.0
2024-09-12 14:36:00-04:00,152.74000549316406,152.74000549316406,152.74000549316406,152.74000549316406,884,0.0,0.0
2024-09-12 14:37:00-04:00,152.75,152.8300018310547,152.75,152.8000030517578,3611,0.0,0.0
2024-09-12 14:39:00-04:00,152.80250549316406,152.80499267578125,152.80250549316406,152.80499267578125,658,0.0,0.0
2024-09-12 14:40:00-04:00,152.80999755859375,152.8300018310547,152.80999755859375,152.8300018310547,2034,0.0,0.0
2024-09-12 14:41:00-04:00,152.80999755859375,152.82000732421875,152.80999755859375,152.82000732421875,842,0.0,0.0
2024-09-12 14:42:00-04:00,152.8000030517578,152.8179931640625,152.77000427246094,152.7899932861328,2818,0.0,0.0
2024-09-12 14:43:00-04:00,152.83999633789062,152.83999633789062,152.83999633789062,152.83999633789062,1610,0.0,0.0
2024-09-12 14:44:00-04:00,152.83999633789062,152.83999633789062,152.83999633789062,152.83999633789062,362,0.0,0.0
2024-09-12 14:45:00-04:00,152.83999633789062,152.83999633789062,152.74000549316406,152.74000549316406,3216,0.0,0.0
2024-09-12 14:46:00-04:00,152.72000122070312,152.8000030517578,152.72000122070312,152.8000030517578,1411,0.0,0.0
2024-09-12 14:47:00-04:00,152.77000427246094,152.77000427246094,152.77000427246094,152.77000427246094,1886,0.0,0.0
2024-09-12 14:48:00-04:00,152.72000122070312,152.72000122070312,152.72000122070312,152.72000122070312,907,0.0,0.0
2024-09-12 14:49:00-04:00,152.68499755859375,152.68499755859375,152.68499755859375,152.68499755859375,755,0.0,0.0
2024-09-12 14:50:00-04:00,152.65499877929688,152.65499877929688,152.65499877929688,152.65499877929688,489,0.0,0.0
2024-09-12 14:51:00-04:00,152.6199951171875,152.6199951171875,152.27000427246094,152.27000427246094,4165,0.0,0.0
2024-09-12 14:52:00-04:00,152.22000122070312,152.30499267578125,152.22000122070312,152.30499267578125,3435,0.0,0.0
2024-09-12 14:53:00-04:00,152.3300018310547,152.3300018310547,152.3300018310547,152.3300018310547,862,0.0,0.0
2024-09-12 14:54:00-04:00,152.3300018310547,152.36000061035156,152.3300018310547,152.36000061035156,1649,0.0,0.0
2024-09-12 14:55:00-04:00,152.40499877929688,152.5,152.40499877929688,152.5,2102,0.0,0.0
2024-09-12 14:56:00-04:00,152.4499969482422,152.4499969482422,152.38999938964844,152.39999389648438,2353,0.0,0.0
2024-09-12 14:57:00-04:00,152.4199981689453,152.5399932861328,152.4199981689453,152.50999450683594,4109,0.0,0.0
2024-09-12 14:58:00-04:00,152.4600067138672,152.47500610351562,152.4600067138672,152.47500610351562,582,0.0,0.0
2024-09-12 14:59:00-04:00,152.52999877929688,152.52999877929688,152.4499969482422,152.4499969482422,2117,0.0,0.0
2024-09-12 15:00:00-04:00,152.47999572753906,152.4949951171875,152.47999572753906,152.4949951171875,633,0.0,0.0
2024-09-12 15:01:00-04:00,152.47000122070312,152.47000122070312,152.4600067138672,152.4600067138672,1334,0.0,0.0
2024-09-12 15:02:00-04:00,152.47000122070312,152.52999877929688,152.4600067138672,152.52999877929688,1802,0.0,0.0
2024-09-12 15:03:00-04:00,152.58999633789062,152.58999633789062,152.54200744628906,152.54200744628906,2206,0.0,0.0
2024-09-12 15:04:00-04:00,152.5800018310547,152.6300048828125,152.5800018310547,152.6300048828125,1292,0.0,0.0
2024-09-12 15:05:00-04:00,152.6300048828125,152.66000366210938,152.6300048828125,152.66000366210938,1755,0.0,0.0
2024-09-12 15:06:00-04:00,152.67999267578125,152.67999267578125,152.67999267578125,152.67999267578125,1053,0.0,0.0
2024-09-12 15:07:00-04:00,152.6300048828125,152.6300048828125,152.57000732421875,152.60499572753906,2299,0.0,0.0
2024-09-12 15:08:00-04:00,152.64500427246094,152.67999267578125,152.64500427246094,152.67999267578125,677,0.0,0.0
2024-09-12 15:09:00-04:00,152.67999267578125,152.67999267578125,152.67999267578125,152.67999267578125,1522,0.0,0.0
2024-09-12 15:10:00-04:00,152.67999267578125,152.69000244140625,152.67999267578125,152.69000244140625,1523,0.0,0.0
2024-09-12 15:11:00-04:00,152.6999969482422,152.7050018310547,152.6699981689453,152.6699981689453,1777,0.0,0.0
2024-09-12 15:12:00-04:00,152.67999267578125,152.74000549316406,152.67999267578125,152.74000549316406,4044,0.0,0.0
2024-09-12 15:13:00-04:00,152.77000427246094,152.77000427246094,152.77000427246094,152.77000427246094,3098,0.0,0.0
2024-09-12 15:15:00-04:00,152.73500061035156,152.77999877929688,152.73500061035156,152.77999877929688,1901,0.0,0.0
2024-09-12 15:16:00-04:00,152.76499938964844,152.77000427246094,152.75,152.77000427246094,1985,0.0,0.0
2024-09-12 15:17:00-04:00,152.74000549316406,152.74000549316406,152.74000549316406,152.74000549316406,738,0.0,0.0
2024-09-12 15:18:00-04:00,152.81500244140625,152.81500244140625,152.80999755859375,152.80999755859375,1004,0.0,0.0
2024-09-12 15:19:00-04:00,152.8300018310547,152.85499572753906,152.8300018310547,152.8300018310547,2766,0.0,0.0
2024-09-12 15:21:00-04:00,152.80999755859375,152.8300018310547,152.80999755859375,152.80999755859375,5545,0.0,0.0
2024-09-12 15:22:00-04:00,152.80130004882812,152.82000732421875,152.80130004882812,152.82000732421875,1153,0.0,0.0
2024-09-12 15:23:00-04:00,152.81500244140625,152.81500244140625,152.77999877929688,152.77999877929688,2474,0.0,0.0
2024-09-12 15:24:00-04:00,152.7899932861328,152.8249969482422,152.7899932861328,152.80999755859375,3318,0.0,0.0
2024-09-12 15:25:00-04:00,152.83999633789062,152.83999633789062,152.83999633789062,152.83999633789062,2260,0.0,0.0
2024-09-12 15:26:00-04:00,152.8699951171875,152.8699951171875,152.86000061035156,152.86000061035156,791,0.0,0.0
2024-09-12 15:27:00-04:00,152.8699951171875,152.8800048828125,152.82000732421875,152.82000732421875,4393,0.0,0.0
2024-09-12 15:28:00-04:00,152.84500122070312,152.84750366210938,152.84500122070312,152.84500122070312,1211,0.0,0.0
2024-09-12 15:29:00-04:00,152.84500122070312,152.86500549316406,152.84500122070312,152.86000061035156,3173,0.0,0.0
2024-09-12 15:30:00-04:00,152.86000061035156,152.86000061035156,152.8300018310547,152.85000610351562,3228,0.0,0.0
2024-09-12 15:31:00-04:00,152.84500122070312,152.85000610351562,152.80999755859375,152.80999755859375,3017,0.0,0.0
2024-09-12 15:32:00-04:00,152.8000030517578,152.8249969482422,152.78500366210938,152.8249969482422,2400,0.0,0.0
2024-09-12 15:33:00-04:00,152.83999633789062,152.8800048828125,152.83999633789062,152.875,4043,0.0,0.0
2024-09-12 15:34:00-04:00,152.86000061035156,152.88999938964844,152.83999633789062,152.83999633789062,3402,0.0,0.0
2024-09-12 15:35:00-04:00,152.85499572753906,152.9199981689453,152.8300018310547,152.88999938964844,6056,0.0,0.0
2024-09-12 15:36:00-04:00,152.8300018310547,152.8699951171875,152.8300018310547,152.8574981689453,3652,0.0,0.0
2024-09-12 15:37:00-04:00,152.86000061035156,152.86000061035156,152.8300018310547,152.8300018310547,2993,0.0,0.0
2024-09-12 15:38:00-04:00,152.81500244140625,152.83999633789062,152.7899932861328,152.7899932861328,3992,0.0,0.0
2024-09-12 15:39:00-04:00,152.7949981689453,152.80999755859375,152.7949981689453,152.80999755859375,3448,0.0,0.0
2024-09-12 15:40:00-04:00,152.8000030517578,152.8300018310547,152.77999877929688,152.8300018310547,9429,0.0,0.0
2024-09-12 15:41:00-04:00,152.85000610351562,152.89999389648438,152.85000610351562,152.86500549316406,4784,0.0,0.0
2024-09-12 15:42:00-04:00,152.86000061035156,152.88999938964844,152.85000610351562,152.85000610351562,4167,0.0,0.0
2024-09-12 15:43:00-04:00,152.83999633789062,152.9499969482422,152.83999633789062,152.94000244140625,4459,0.0,0.0
2024-09-12 15:44:00-04:00,152.9600067138672,152.9600067138672,152.8800048828125,152.8800048828125,4746,0.0,0.0
2024-09-12 15:45:00-04:00,152.88999938964844,152.88999938964844,152.83999633789062,152.86000061035156,4782,0.0,0.0
2024-09-12 15:46:00-04:00,152.8699951171875,152.8699951171875,152.8350067138672,152.85000610351562,4255,0.0,0.0
2024-09-12 15:47:00-04:00,152.8699951171875,152.88999938964844,152.80999755859375,152.80999755859375,5547,0.0,0.0
2024-09-12 15:48:00-04:00,152.8300018310547,152.83999633789062,152.81500244140625,152.8249969482422,3616,0.0,0.0
2024-09-12 15:49:00-04:00,152.80999755859375,152.82000732421875,152.75999450683594,152.77000427246094,5900,0.0,0.0
2024-09-12 15:50:00-04:00,152.75999450683594,152.82000732421875,152.63999938964844,152.72000122070312,12828,0.0,0.0
2024-09-12 15:51:00-04:00,152.75999450683594,152.83999633789062,152.72000122070312,152.72000122070312,7471,0.0,0.0
2024-09-12 15:52:00-04:00,152.72000122070312,152.75,152.7100067138672,152.72999572753906,5908,0.0,0.0
2024-09-12 15:53:00-04:00,152.72999572753906,152.75,152.66000366210938,152.72999572753906,10158,0.0,0.0
2024-09-12 15:54:00-04:00,152.72999572753906,152.8000030517578,152.64999389648438,152.6699981689453,22020,0.0,0.0
2024-09-12 15:55:00-04:00,152.66000366210938,152.6699981689453,152.55999755859375,152.6699981689453,19743,0.0,0.0
2024-09-12 15:56:00-04:00,152.63999938964844,152.77000427246094,152.6300048828125,152.74000549316406,28311,0.0,0.0
2024-09-12 15:57:00-04:00,152.73500061035156,152.75,152.63999938964844,152.64500427246094,29029,0.0,0.0
2024-09-12 15:58:00-04:00,152.63999938964844,152.72999572753906,152.6199951171875,152.72000122070312,35342,0.0,0.0
2024-09-12 15:59:00-04:00,152.7100067138672,152.77000427246094,152.61000061035156,152.67999267578125,58655,0.0,0.0
2024-09-13 09:30:00-04:00,153.4600067138672,153.4600067138672,153.19500732421875,153.19500732421875,11711,0.0,0.0
2024-09-13 09:31:00-04:00,153.60000610351562,153.89999389648438,153.3350067138672,153.89999389648438,2164,0.0,0.0
2024-09-13 09:32:00-04:00,153.89999389648438,154.1199951171875,153.66000366210938,154.0,1560,0.0,0.0
2024-09-13 09:33:00-04:00,153.85000610351562,154.00999450683594,153.85000610351562,154.00999450683594,800,0.0,0.0
2024-09-13 09:34:00-04:00,154.24000549316406,154.24000549316406,153.78250122070312,153.78250122070312,2820,0.0,0.0
2024-09-13 09:35:00-04:00,153.9199981689453,154.0800018310547,153.7949981689453,154.07000732421875,4999,0.0,0.0
2024-09-13 09:36:00-04:00,153.94000244140625,153.94000244140625,153.94000244140625,153.94000244140625,135,0.0,0.0
2024-09-13 09:37:00-04:00,153.94000244140625,153.94000244140625,153.77000427246094,153.77000427246094,1036,0.0,0.0
2024-09-13 09:38:00-04:00,153.8350067138672,153.8350067138672,153.8350067138672,153.8350067138672,6960,0.0,0.0
2024-09-13 09:39:00-04:00,153.6999969482422,153.7216033935547,153.6999969482422,153.7216033935547,5109,0.0,0.0
2024-09-13 09:40:00-04:00,153.55999755859375,153.57000732421875,153.55999755859375,153.57000732421875,447,0.0,0.0
2024-09-13 09:41:00-04:00,153.6300048828125,153.6300048828125,153.59750366210938,153.59750366210938,1920,0.0,0.0
2024-09-13 09:42:00-04:00,153.80999755859375,153.89999389648438,153.80999755859375,153.89999389648438,803,0.0,0.0
2024-09-13 09:43:00-04:00,153.89500427246094,153.97999572753906,153.89500427246094,153.97999572753906,1587,0.0,0.0
2024-09-13 09:44:00-04:00,154.00999450683594,154.00999450683594,154.00999450683594,154.00999450683594,570,0.0,0.0
2024-09-13 09:45:00-04:00,154.02000427246094,154.02000427246094,154.02000427246094,154.02000427246094,364,0.0,0.0
2024-09-13 09:46:00-04:00,154.13999938964844,154.2899932861328,154.0500030517578,154.2899932861328,3830,0.0,0.0
2024-09-13 09:47:00-04:00,154.2949981689453,154.2949981689453,154.10000610351562,154.1699981689453,2865,0.0,0.0
2024-09-13 09:48:00-04:00,154.14999389648438,154.17999267578125,154.14999389648438,154.17999267578125,5759,0.0,0.0
2024-09-13 09:49:00-04:00,154.1750030517578,154.1750030517578,153.94000244140625,153.96499633789062,3757,0.0,0.0
2024-09-13 09:50:00-04:00,153.9600067138672,153.9600067138672,153.8800048828125,153.8800048828125,1080,0.0,0.0
2024-09-13 09:51:00-04:00,153.80999755859375,153.80999755859375,153.70750427246094,153.75,1552,0.0,0.0
2024-09-13 09:52:00-04:00,153.85000610351562,153.85000610351562,153.77000427246094,153.77000427246094,535,0.0,0.0
2024-09-13 09:53:00-04:00,153.73500061035156,153.77999877929688,153.72000122070312,153.72000122070312,814,0.0,0.0
2024-09-13 09:54:00-04:00,153.66000366210938,153.77999877929688,153.66000366210938,153.77999877929688,2197,0.0,0.0
2024-09-13 09:55:00-04:00,153.74000549316406,153.80999755859375,153.6999969482422,153.80999755859375,1153,0.0,0.0
2024-09-13 09:56:00-04:00,153.72999572753906,153.72999572753906,153.57000732421875,153.57000732421875,1669,0.0,0.0
2024-09-13 09:57:00-04:00,153.5800018310547,153.75,153.5800018310547,153.75,2406,0.0,0.0
2024-09-13 09:58:00-04:00,153.72999572753906,153.77999877929688,153.69500732421875,153.77999877929688,1241,0.0,0.0
2024-09-13 09:59:00-04:00,153.72999572753906,153.82000732421875,153.72999572753906,153.82000732421875,1044,0.0,0.0
2024-09-13 10:00:00-04:00,153.89999389648438,153.89999389648438,153.6750030517578,153.67999267578125,4717,0.0,0.0
2024-09-13 10:01:00-04:00,153.5531005859375,153.5531005859375,153.5531005859375,153.5531005859375,1207,0.0,0.0
2024-09-13 10:02:00-04:00,153.72999572753906,153.82000732421875,153.72999572753906,153.7550048828125,1602,0.0,0.0
2024-09-13 10:03:00-04:00,153.64999389648438,153.6999969482422,153.60000610351562,153.64990234375,2921,0.0,0.0
2024-09-13 10:04:00-04:00,153.50599670410156,153.52000427246094,153.50599670410156,153.52000427246094,1705,0.0,0.0
2024-09-13 10:05:00-04:00,153.47999572753906,153.52499389648438,153.4199981689453,153.4199981689453,2487,0.0,0.0
2024-09-13 10:06:00-04:00,153.4600067138672,153.61000061035156,153.4600067138672,153.61000061035156,2375,0.0,0.0
2024-09-13 10:07:00-04:00,153.5399932861328,153.61000061035156,153.52999877929688,153.61000061035156,2882,0.0,0.0
2024-09-13 10:08:00-04:00,153.6300048828125,153.64999389648438,153.6300048828125,153.64999389648438,920,0.0,0.0
2024-09-13 10:09:00-04:00,153.57000732421875,153.63999938964844,153.55999755859375,153.63999938964844,2463,0.0,0.0
2024-09-13 10:11:00-04:00,153.7100067138672,153.82000732421875,153.7100067138672,153.80999755859375,1498,0.0,0.0
2024-09-13 10:12:00-04:00,153.82000732421875,153.82000732421875,153.74000549316406,153.74000549316406,2678,0.0,0.0
2024-09-13 10:13:00-04:00,153.8000030517578,153.8000030517578,153.8000030517578,153.8000030517578,3469,0.0,0.0
2024-09-13 10:14:00-04:00,153.80999755859375,153.8300018310547,153.6999969482422,153.6999969482422,3802,0.0,0.0
2024-09-13 10:16:00-04:00,153.77000427246094,153.77000427246094,153.77000427246094,153.77000427246094,362,0.0,0.0
2024-09-13 10:17:00-04:00,153.77000427246094,153.80999755859375,153.77000427246094,153.80999755859375,1397,0.0,0.0
2024-09-13 10:18:00-04:00,153.8800048828125,153.89999389648438,153.8249969482422,153.88999938964844,7139,0.0,0.0
2024-09-13 10:19:00-04:00,153.89999389648438,153.91000366210938,153.89500427246094,153.89500427246094,1649,0.0,0.0
2024-09-13 10:20:00-04:00,153.94000244140625,154.01499938964844,153.94000244140625,153.9600067138672,1358,0.0,0.0
2024-09-13 10:21:00-04:00,153.9199981689453,153.9550018310547,153.89500427246094,153.89500427246094,2970,0.0,0.0
2024-09-13 10:22:00-04:00,153.89500427246094,153.93499755859375,153.89500427246094,153.93499755859375,2096,0.0,0.0
2024-09-13 10:23:00-04:00,153.9499969482422,153.97999572753906,153.9499969482422,153.97999572753906,917,0.0,0.0
2024-09-13 10:24:00-04:00,153.99000549316406,153.99000549316406,153.9199981689453,153.99000549316406,4190,0.0,0.0
2024-09-13 10:25:00-04:00,154.07000732421875,154.08999633789062,154.02000427246094,154.08999633789062,910,0.0,0.0
2024-09-13 10:26:00-04:00,154.07000732421875,154.0800018310547,154.0050048828125,154.00999450683594,2898,0.0,0.0
2024-09-13 10:27:00-04:00,153.9499969482422,153.9499969482422,153.9499969482422,153.9499969482422,248,0.0,0.0
2024-09-13 10:28:00-04:00,153.94000244140625,153.94000244140625,153.86000061035156,153.94000244140625,3140,0.0,0.0
2024-09-13 10:30:00-04:00,153.99000549316406,154.00999450683594,153.81500244140625,153.81500244140625,3217,0.0,0.0
2024-09-13 10:31:00-04:00,153.77999877929688,153.92999267578125,153.77000427246094,153.92999267578125,3935,0.0,0.0
2024-09-13 10:33:00-04:00,153.86000061035156,153.86000061035156,153.80499267578125,153.81500244140625,2063,0.0,0.0
2024-09-13 10:34:00-04:00,153.8350067138672,153.8350067138672,153.8350067138672,153.8350067138672,1153,0.0,0.0
2024-09-13 10:35:00-04:00,153.77999877929688,153.77999877929688,153.7100067138672,153.7100067138672,2712,0.0,0.0
2024-09-13 10:36:00-04:00,153.7100067138672,153.80999755859375,153.7100067138672,153.80999755859375,2222,0.0,0.0
2024-09-13 10:37:00-04:00,153.7899932861328,153.86000061035156,153.7899932861328,153.86000061035156,1727,0.0,0.0
2024-09-13 10:39:00-04:00,153.85000610351562,153.89999389648438,153.85000610351562,153.89999389648438,2695,0.0,0.0
2024-09-13 10:40:00-04:00,153.9149932861328,153.9149932861328,153.9149932861328,153.9149932861328,339,0.0,0.0
2024-09-13 10:41:00-04:00,153.89999389648438,153.89999389648438,153.8800048828125,153.88999938964844,2430,0.0,0.0
2024-09-13 10:42:00-04:00,153.9250030517578,153.9250030517578,153.875,153.875,1225,0.0,0.0
2024-09-13 10:43:00-04:00,153.91000366210938,153.97000122070312,153.91000366210938,153.97000122070312,1113,0.0,0.0
2024-09-13 10:44:00-04:00,153.97000122070312,154.16000366210938,153.97000122070312,154.16000366210938,4593,0.0,0.0
2024-09-13 10:45:00-04:00,154.139892578125,154.1999969482422,154.1300048828125,154.1999969482422,36299,0.0,0.0
2024-09-13 10:46:00-04:00,154.14349365234375,154.19000244140625,154.14349365234375,154.19000244140625,794,0.0,0.0
2024-09-13 10:47:00-04:00,154.16000366210938,154.24000549316406,154.13999938964844,154.2100067138672,5421,0.0,0.0
2024-09-13 10:48:00-04:00,154.1999969482422,154.1999969482422,154.08999633789062,154.09500122070312,2457,0.0,0.0
2024-09-13 10:49:00-04:00,154.06500244140625,154.1699981689453,154.06500244140625,154.1699981689453,1521,0.0,0.0
2024-09-13 10:50:00-04:00,154.1699981689453,154.1999969482422,154.14999389648438,154.14999389648438,1949,0.0,0.0
2024-09-13 10:51:00-04:00,154.02999877929688,154.02999877929688,154.02830505371094,154.02830505371094,1159,0.0,0.0
2024-09-13 10:52:00-04:00,153.99000549316406,154.02000427246094,153.99000549316406,154.02000427246094,1168,0.0,0.0
2024-09-13 10:53:00-04:00,154.0399932861328,154.0500030517578,153.97999572753906,153.97999572753906,934,0.0,0.0
2024-09-13 10:54:00-04:00,154.05999755859375,154.05999755859375,154.01499938964844,154.01499938964844,2172,0.0,0.0
2024-09-13 10:55:00-04:00,154.0500030517578,154.0800018310547,154.02999877929688,154.03500366210938,2557,0.0,0.0
2024-09-13 10:57:00-04:00,154.06500244140625,154.06500244140625,153.94500732421875,153.94500732421875,6934,0.0,0.0
2024-09-13 10:58:00-04:00,153.9499969482422,153.9499969482422,153.93499755859375,153.93499755859375,697,0.0,0.0
2024-09-13 10:59:00-04:00,154.0,154.05499267578125,154.0,154.05499267578125,2573,0.0,0.0
2024-09-13 11:00:00-04:00,154.00999450683594,154.00999450683594,154.00999450683594,154.00999450683594,1412,0.0,0.0
2024-09-13 11:01:00-04:00,154.0,154.0,153.97999572753906,153.97999572753906,1628,0.0,0.0
2024-09-13 11:02:00-04:00,153.94000244140625,153.94000244140625,153.94000244140625,153.94000244140625,474,0.0,0.0
2024-09-13 11:03:00-04:00,153.89999389648438,153.89999389648438,153.82000732421875,153.84500122070312,1555,0.0,0.0
2024-09-13 11:04:00-04:00,153.82000732421875,153.83999633789062,153.77999877929688,153.83999633789062,3319,0.0,0.0
2024-09-13 11:05:00-04:00,153.91000366210938,153.97500610351562,153.91000366210938,153.97500610351562,1371,0.0,0.0
2024-09-13 11:06:00-04:00,153.9250030517578,153.9250030517578,153.9250030517578,153.9250030517578,1128,0.0,0.0
2024-09-13 11:07:00-04:00,153.89999389648438,153.89999389648438,153.89999389648438,153.89999389648438,1528,0.0,0.0
2024-09-13 11:08:00-04:00,153.84500122070312,153.88499450683594,153.84500122070312,153.8699951171875,688,0.0,0.0
2024-09-13 11:09:00-04:00,153.8699951171875,153.8699951171875,153.85499572753906,153.85499572753906,1306,0.0,0.0
2024-09-13 11:10:00-04:00,153.86500549316406,153.9049072265625,153.86500549316406,153.89500427246094,1267,0.0,0.0
2024-09-13 11:11:00-04:00,153.9199981689453,153.9199981689453,153.89500427246094,153.89500427246094,2761,0.0,0.0
2024-09-13 11:12:00-04:00,153.97000122070312,154.08999633789062,153.97000122070312,154.08999633789062,2476,0.0,0.0
2024-09-13 11:13:00-04:00,154.1199951171875,154.17999267578125,154.1199951171875,154.1699981689453,1359,0.0,0.0
2024-09-13 11:14:00-04:00,154.1199951171875,154.1199951171875,154.08999633789062,154.08999633789062,2187,0.0,0.0
2024-09-13 11:15:00-04:00,154.1300048828125,154.1300048828125,154.1300048828125,154.1300048828125,603,0.0,0.0
2024-09-13 11:16:00-04:00,154.13250732421875,154.13250732421875,154.13250732421875,154.13250732421875,155,0.0,0.0
2024-09-13 11:17:00-04:00,154.0800018310547,154.1199951171875,154.0800018310547,154.1199951171875,2581,0.0,0.0
2024-09-13 11:18:00-04:00,154.0800018310547,154.08999633789062,154.0800018310547,154.08999633789062,2004,0.0,0.0
2024-09-13 11:19:00-04:00,154.07000732421875,154.07000732421875,154.07000732421875,154.07000732421875,681,0.0,0.0
2024-09-13 11:20:00-04:00,154.0500030517578,154.08999633789062,154.02999877929688,154.0850067138672,2324,0.0,0.0
2024-09-13 11:21:00-04:00,154.1300048828125,154.2100067138672,154.1300048828125,154.2100067138672,1808,0.0,0.0
2024-09-13 11:22:00-04:00,154.24000549316406,154.2458038330078,154.24000549316406,154.2458038330078,1176,0.0,0.0
2024-09-13 11:23:00-04:00,154.3000030517578,154.3000030517578,154.1999969482422,154.24000549316406,4452,0.0,0.0
2024-09-13 11:24:00-04:00,154.3000030517578,154.33999633789062,154.27000427246094,154.27000427246094,2205,0.0,0.0
2024-09-13 11:25:00-04:00,154.27999877929688,154.2899932861328,154.25,154.2899932861328,1359,0.0,0.0
2024-09-13 11:26:00-04:00,154.24000549316406,154.25999450683594,154.2100067138672,154.25999450683594,1425,0.0,0.0
2024-09-13 11:27:00-04:00,154.25999450683594,154.25999450683594,154.24000549316406,154.24000549316406,1361,0.0,0.0
2024-09-13 11:28:00-04:00,154.19000244140625,154.19000244140625,154.13999938964844,154.18499755859375,1612,0.0,0.0
2024-09-13 11:29:00-04:00,154.19000244140625,154.19000244140625,154.14999389648438,154.1699981689453,2574,0.0,0.0
2024-09-13 11:30:00-04:00,154.22000122070312,154.2899932861328,154.22000122070312,154.25,3462,0.0,0.0
2024-09-13 11:31:00-04:00,154.33999633789062,154.33999633789062,154.33999633789062,154.33999633789062,238,0.0,0.0
2024-09-13 11:32:00-04:00,154.33999633789062,154.4199981689453,154.33999633789062,154.4199981689453,1881,0.0,0.0
2024-09-13 11:33:00-04:00,154.42999267578125,154.44000244140625,154.4250030517578,154.44000244140625,997,0.0,0.0
2024-09-13 11:34:00-04:00,154.44000244140625,154.47000122070312,154.44000244140625,154.47000122070312,263,0.0,0.0
2024-09-13 11:35:00-04:00,154.47000122070312,154.47000122070312,154.4149932861328,154.4149932861328,1158,0.0,0.0
2024-09-13 11:36:00-04:00,154.42999267578125,154.4499969482422,154.42999267578125,154.4499969482422,880,0.0,0.0
2024-09-13 11:37:00-04:00,154.47000122070312,154.47000122070312,154.4199981689453,154.4199981689453,3234,0.0,0.0
2024-09-13 11:38:00-04:00,154.4250030517578,154.4250030517578,154.4250030517578,154.4250030517578,342,0.0,0.0
2024-09-13 11:39:00-04:00,154.44500732421875,154.4499969482422,154.44500732421875,154.44500732421875,810,0.0,0.0
2024-09-13 11:40:00-04:00,154.4600067138672,154.4600067138672,154.38999938964844,154.38999938964844,1714,0.0,0.0
2024-09-13 11:41:00-04:00,154.4550018310547,154.47000122070312,154.4550018310547,154.47000122070312,801,0.0,0.0
2024-09-13 11:42:00-04:00,154.5,154.5,154.5,154.5,778,0.0,0.0
2024-09-13 11:43:00-04:00,154.52999877929688,154.52999877929688,154.42999267578125,154.42999267578125,1887,0.0,0.0
2024-09-13 11:44:00-04:00,154.4499969482422,154.47999572753906,154.4499969482422,154.47999572753906,2201,0.0,0.0
2024-09-13 11:45:00-04:00,154.47999572753906,154.47999572753906,154.4499969482422,154.4499969482422,733,0.0,0.0
2024-09-13 11:46:00-04:00,154.47000122070312,154.47000122070312,154.44000244140625,154.47000122070312,956,0.0,0.0
2024-09-13 11:47:00-04:00,154.44000244140625,154.5,154.44000244140625,154.5,3600,0.0,0.0
2024-09-13 11:48:00-04:00,154.5800018310547,154.5800018310547,154.5800018310547,154.5800018310547,736,0.0,0.0
2024-09-13 11:49:00-04:00,154.59500122070312,154.6199951171875,154.59500122070312,154.6199951171875,1065,0.0,0.0
2024-09-13 11:50:00-04:00,154.63999938964844,154.63999938964844,154.625,154.625,645,0.0,0.0
2024-09-13 11:51:00-04:00,154.64999389648438,154.67999267578125,154.64500427246094,154.64500427246094,1814,0.0,0.0
2024-09-13 11:52:00-04:00,154.63999938964844,154.6699981689453,154.62899780273438,154.6699981689453,1448,0.0,0.0
2024-09-13 11:53:00-04:00,154.64500427246094,154.64999389648438,154.61000061035156,154.61000061035156,2118,0.0,0.0
2024-09-13 11:54:00-04:00,154.63999938964844,154.63999938964844,154.51499938964844,154.51499938964844,2858,0.0,0.0
2024-09-13 11:55:00-04:00,154.52999877929688,154.58290100097656,154.52999877929688,154.58290100097656,1623,0.0,0.0
2024-09-13 11:56:00-04:00,154.5749969482422,154.60000610351562,154.5500030517578,154.60000610351562,1517,0.0,0.0
2024-09-13 11:57:00-04:00,154.60000610351562,154.63999938964844,154.5500030517578,154.58999633789062,1828,0.0,0.0
2024-09-13 11:58:00-04:00,154.5500030517578,154.6199951171875,154.5500030517578,154.6199951171875,892,0.0,0.0
2024-09-13 11:59:00-04:00,154.61000061035156,154.6199951171875,154.60000610351562,154.60000610351562,920,0.0,0.0
2024-09-13 12:00:00-04:00,154.6199951171875,154.67999267578125,154.58999633789062,154.67999267578125,2618,0.0,0.0
2024-09-13 12:01:00-04:00,154.72000122070312,154.7595977783203,154.6999969482422,154.7550048828125,2389,0.0,0.0
2024-09-13 12:02:00-04:00,154.75999450683594,154.76499938964844,154.72000122070312,154.76499938964844,1102,0.0,0.0
2024-09-13 12:03:00-04:00,154.75999450683594,154.80999755859375,154.72999572753906,154.80999755859375,3105,0.0,0.0
2024-09-13 12:04:00-04:00,154.77499389648438,154.77499389648438,154.77499389648438,154.77499389648438,451,0.0,0.0
2024-09-13 12:05:00-04:00,154.7899932861328,154.8800048828125,154.7899932861328,154.8699951171875,3802,0.0,0.0
2024-09-13 12:06:00-04:00,154.86000061035156,154.86000061035156,154.82000732421875,154.82000732421875,2504,0.0,0.0
2024-09-13 12:07:00-04:00,154.8350067138672,154.8350067138672,154.8350067138672,154.8350067138672,313,0.0,0.0
2024-09-13 12:08:00-04:00,154.8350067138672,154.8350067138672,154.8000030517578,154.8000030517578,2139,0.0,0.0
2024-09-13 12:09:00-04:00,154.80999755859375,154.80999755859375,154.80999755859375,154.80999755859375,456,0.0,0.0
2024-09-13 12:10:00-04:00,154.81500244140625,154.81500244140625,154.8125,154.81500244140625,1209,0.0,0.0
2024-09-13 12:11:00-04:00,154.7899932861328,154.8300018310547,154.7899932861328,154.81500244140625,2629,0.0,0.0
2024-09-13 12:12:00-04:00,154.83999633789062,154.88999938964844,154.83999633789062,154.86500549316406,5976,0.0,0.0
2024-09-13 12:13:00-04:00,154.8795928955078,154.89999389648438,154.75,154.75,3810,0.0,0.0
2024-09-13 12:14:00-04:00,154.77000427246094,154.8000030517578,154.7550048828125,154.8000030517578,3999,0.0,0.0
2024-09-13 12:15:00-04:00,154.82000732421875,154.82000732421875,154.77000427246094,154.77000427246094,1822,0.0,0.0
2024-09-13 12:16:00-04:00,154.78500366210938,154.89500427246094,154.78500366210938,154.89500427246094,2510,0.0,0.0
2024-09-13 12:17:00-04:00,154.89849853515625,154.89849853515625,154.89500427246094,154.89500427246094,1648,0.0,0.0
2024-09-13 12:18:00-04:00,154.94000244140625,155.0050048828125,154.92999267578125,155.0050048828125,2931,0.0,0.0
2024-09-13 12:19:00-04:00,155.0,155.02999877929688,154.99000549316406,154.99000549316406,1387,0.0,0.0
2024-09-13 12:20:00-04:00,154.9949951171875,154.9949951171875,154.92999267578125,154.9600067138672,4368,0.0,0.0
2024-09-13 12:21:00-04:00,154.92999267578125,154.92999267578125,154.86000061035156,154.88999938964844,1426,0.0,0.0
2024-09-13 12:22:00-04:00,154.9199981689453,154.96499633789062,154.89010620117188,154.89010620117188,6525,0.0,0.0
2024-09-13 12:24:00-04:00,154.8350067138672,154.8350067138672,154.8000030517578,154.8000030517578,1644,0.0,0.0
2024-09-13 12:25:00-04:00,154.82000732421875,154.8300018310547,154.7899932861328,154.8300018310547,1461,0.0,0.0
2024-09-13 12:26:00-04:00,154.85000610351562,154.85000610351562,154.85000610351562,154.85000610351562,1272,0.0,0.0
2024-09-13 12:28:00-04:00,154.80999755859375,154.8350067138672,154.80999755859375,154.8350067138672,1713,0.0,0.0
2024-09-13 12:29:00-04:00,154.77000427246094,154.77000427246094,154.76499938964844,154.76499938964844,1084,0.0,0.0
2024-09-13 12:30:00-04:00,154.8000030517578,154.8000030517578,154.75059509277344,154.78500366210938,2584,0.0,0.0
2024-09-13 12:31:00-04:00,154.82000732421875,154.82000732421875,154.8000030517578,154.81500244140625,1368,0.0,0.0
2024-09-13 12:32:00-04:00,154.81500244140625,154.81500244140625,154.74000549316406,154.74000549316406,1499,0.0,0.0
2024-09-13 12:33:00-04:00,154.71499633789062,154.71499633789062,154.71499633789062,154.71499633789062,1182,0.0,0.0
2024-09-13 12:34:00-04:00,154.7550048828125,154.7899932861328,154.75,154.77999877929688,2923,0.0,0.0
2024-09-13 12:35:00-04:00,154.78500366210938,154.78500366210938,154.7550048828125,154.75999450683594,1475,0.0,0.0
2024-09-13 12:36:00-04:00,154.69000244140625,154.69000244140625,154.69000244140625,154.69000244140625,1562,0.0,0.0
2024-09-13 12:39:00-04:00,154.77000427246094,154.77000427246094,154.77000427246094,154.77000427246094,3397,0.0,0.0
2024-09-13 12:41:00-04:00,154.74000549316406,154.74000549316406,154.74000549316406,154.74000549316406,234,0.0,0.0
2024-09-13 12:42:00-04:00,154.74000549316406,154.74000549316406,154.74000549316406,154.74000549316406,309,0.0,0.0
2024-09-13 12:43:00-04:00,154.74000549316406,154.80499267578125,154.74000549316406,154.80499267578125,3241,0.0,0.0
2024-09-13 12:44:00-04:00,154.83999633789062,154.8699951171875,154.8249969482422,154.8249969482422,1737,0.0,0.0
2024-09-13 12:45:00-04:00,154.8249969482422,154.8249969482422,154.77999877929688,154.77999877929688,1893,0.0,0.0
2024-09-13 12:46:00-04:00,154.80999755859375,154.80999755859375,154.80999755859375,154.80999755859375,201,0.0,0.0
2024-09-13 12:47:00-04:00,154.80999755859375,154.8699951171875,154.80999755859375,154.8699951171875,1722,0.0,0.0
2024-09-13 12:48:00-04:00,154.88499450683594,154.89999389648438,154.8800048828125,154.8800048828125,1342,0.0,0.0
2024-09-13 12:49:00-04:00,154.8800048828125,154.93499755859375,154.86000061035156,154.88999938964844,9644,0.0,0.0
2024-09-13 12:50:00-04:00,154.8800048828125,154.93499755859375,154.86000061035156,154.93499755859375,3358,0.0,0.0
2024-09-13 12:51:00-04:00,154.9600067138672,154.9600067138672,154.9499969482422,154.9600067138672,2724,0.0,0.0
2024-09-13 12:52:00-04:00,155.03500366210938,155.03500366210938,154.97000122070312,154.97000122070312,3189,0.0,0.0
2024-09-13 12:54:00-04:00,154.91000366210938,154.91000366210938,154.88999938964844,154.89500427246094,1801,0.0,0.0
2024-09-13 12:55:00-04:00,154.86500549316406,154.87269592285156,154.86500549316406,154.87269592285156,2909,0.0,0.0
2024-09-13 12:56:00-04:00,154.8300018310547,154.8300018310547,154.8300018310547,154.8300018310547,1321,0.0,0.0
2024-09-13 12:57:00-04:00,154.91000366210938,154.9199981689453,154.91000366210938,154.9199981689453,1024,0.0,0.0
2024-09-13 12:58:00-04:00,154.94000244140625,154.94000244140625,154.9199981689453,154.9199981689453,3600,0.0,0.0
2024-09-13 12:59:00-04:00,154.93499755859375,154.9550018310547,154.92999267578125,154.92999267578125,1538,0.0,0.0
2024-09-13 13:00:00-04:00,154.9600067138672,154.97999572753906,154.95480346679688,154.97000122070312,1352,0.0,0.0
2024-09-13 13:01:00-04:00,154.97000122070312,154.97000122070312,154.9600067138672,154.9600067138672,887,0.0,0.0
2024-09-13 13:02:00-04:00,154.97430419921875,155.02000427246094,154.9600067138672,155.02000427246094,2889,0.0,0.0
2024-09-13 13:03:00-04:00,155.00999450683594,155.0800018310547,155.00999450683594,155.0800018310547,2539,0.0,0.0
2024-09-13 13:04:00-04:00,155.07000732421875,155.07000732421875,155.07000732421875,155.07000732421875,621,0.0,0.0
2024-09-13 13:05:00-04:00,155.0500030517578,155.1199951171875,155.0500030517578,155.1199951171875,2472,0.0,0.0
2024-09-13 13:06:00-04:00,155.1300048828125,155.14999389648438,155.1300048828125,155.14999389648438,1269,0.0,0.0
2024-09-13 13:07:00-04:00,155.1300048828125,155.1300048828125,155.1199951171875,155.1199951171875,2535,0.0,0.0
2024-09-13 13:09:00-04:00,155.1199951171875,155.14999389648438,155.1199951171875,155.13999938964844,2192,0.0,0.0
2024-09-13 13:10:00-04:00,155.10499572753906,155.10499572753906,155.10499572753906,155.10499572753906,783,0.0,0.0
2024-09-13 13:11:00-04:00,155.08999633789062,155.08999633789062,155.0500030517578,155.0800018310547,1205,0.0,0.0
2024-09-13 13:12:00-04:00,155.03500366210938,155.03500366210938,155.03500366210938,155.03500366210938,1318,0.0,0.0
2024-09-13 13:13:00-04:00,155.0500030517578,155.08999633789062,155.0500030517578,155.08999633789062,1551,0.0,0.0
2024-09-13 13:14:00-04:00,155.08999633789062,155.09120178222656,155.05999755859375,155.07000732421875,1888,0.0,0.0
2024-09-13 13:15:00-04:00,155.05999755859375,155.05999755859375,155.0399932861328,155.0500030517578,2333,0.0,0.0
2024-09-13 13:17:00-04:00,155.0399932861328,155.0449981689453,155.0399932861328,155.0399932861328,1749,0.0,0.0
2024-09-13 13:18:00-04:00,155.0399932861328,155.07000732421875,155.0399932861328,155.07000732421875,1884,0.0,0.0
2024-09-13 13:19:00-04:00,155.0800018310547,155.08999633789062,155.0800018310547,155.0850067138672,905,0.0,0.0
2024-09-13 13:20:00-04:00,155.0850067138672,155.0850067138672,155.01499938964844,155.0399932861328,3075,0.0,0.0
2024-09-13 13:21:00-04:00,155.02999877929688,155.02999877929688,154.9499969482422,154.97999572753906,2126,0.0,0.0
2024-09-13 13:22:00-04:00,154.97999572753906,155.02499389648438,154.97999572753906,155.02000427246094,2795,0.0,0.0
2024-09-13 13:23:00-04:00,155.0399932861328,155.0399932861328,155.0399932861328,155.0399932861328,140,0.0,0.0
2024-09-13 13:24:00-04:00,155.0399932861328,155.07000732421875,155.0,155.07000732421875,3778,0.0,0.0
2024-09-13 13:25:00-04:00,155.10000610351562,155.11000061035156,155.05999755859375,155.05999755859375,1915,0.0,0.0
2024-09-13 13:26:00-04:00,155.11000061035156,155.1199951171875,155.11000061035156,155.1199951171875,2102,0.0,0.0
2024-09-13 13:28:00-04:00,155.1199951171875,155.17999267578125,155.1199951171875,155.17999267578125,2175,0.0,0.0
2024-09-13 13:29:00-04:00,155.16000366210938,155.16000366210938,155.14999389648438,155.15499877929688,1604,0.0,0.0
2024-09-13 13:30:00-04:00,155.15499877929688,155.17999267578125,155.1490020751953,155.1750030517578,2502,0.0,0.0
2024-09-13 13:31:00-04:00,155.1699981689453,155.19500732421875,155.1699981689453,155.19500732421875,1569,0.0,0.0
2024-09-13 13:32:00-04:00,155.17999267578125,155.17999267578125,155.17999267578125,155.17999267578125,867,0.0,0.0
2024-09-13 13:33:00-04:00,155.17999267578125,155.1999969482422,155.1699981689453,155.1750030517578,2401,0.0,0.0
2024-09-13 13:34:00-04:00,155.1999969482422,155.21499633789062,155.1999969482422,155.21499633789062,890,0.0,0.0
2024-09-13 13:35:00-04:00,155.21499633789062,155.27000427246094,155.21249389648438,155.22000122070312,4573,0.0,0.0
2024-09-13 13:36:00-04:00,155.22000122070312,155.25,155.2100067138672,155.25,1214,0.0,0.0
2024-09-13 13:37:00-04:00,155.25,155.3000030517578,155.24000549316406,155.3000030517578,2730,0.0,0.0
2024-09-13 13:38:00-04:00,155.36000061035156,155.36000061035156,155.36000061035156,155.36000061035156,957,0.0,0.0
2024-09-13 13:39:00-04:00,155.41000366210938,155.4199981689453,155.41000366210938,155.4199981689453,1299,0.0,0.0
2024-09-13 13:40:00-04:00,155.42999267578125,155.42999267578125,155.3031005859375,155.3031005859375,4627,0.0,0.0
2024-09-13 13:42:00-04:00,155.25,155.25999450683594,155.2449951171875,155.25,1584,0.0,0.0
2024-09-13 13:43:00-04:00,155.25,155.2899932861328,155.25,155.27499389648438,2545,0.0,0.0
2024-09-13 13:44:00-04:00,155.29440307617188,155.29440307617188,155.2550048828125,155.2550048828125,1464,0.0,0.0
2024-09-13 13:45:00-04:00,155.27499389648438,155.27499389648438,155.22300720214844,155.25759887695312,2209,0.0,0.0
2024-09-13 13:46:00-04:00,155.27000427246094,155.3300018310547,155.27000427246094,155.30999755859375,3000,0.0,0.0
2024-09-13 13:47:00-04:00,155.3350067138672,155.3350067138672,155.3350067138672,155.3350067138672,554,0.0,0.0
2024-09-13 13:48:00-04:00,155.34500122070312,155.36000061035156,155.32000732421875,155.32000732421875,3293,0.0,0.0
2024-09-13 13:49:00-04:00,155.3000030517578,155.30999755859375,155.3000030517578,155.3000030517578,2879,0.0,0.0
2024-09-13 13:50:00-04:00,155.2899932861328,155.2899932861328,155.2899932861328,155.2899932861328,793,0.0,0.0
2024-09-13 13:51:00-04:00,155.2899932861328,155.35499572753906,155.27999877929688,155.35499572753906,4312,0.0,0.0
2024-09-13 13:52:00-04:00,155.36000061035156,155.36500549316406,155.31500244140625,155.31500244140625,2896,0.0,0.0
2024-09-13 13:53:00-04:00,155.3000030517578,155.3800048828125,155.2899932861328,155.3699951171875,3884,0.0,0.0
2024-09-13 13:54:00-04:00,155.32000732421875,155.35000610351562,155.31500244140625,155.3350067138672,1951,0.0,0.0
2024-09-13 13:55:00-04:00,155.32000732421875,155.32000732421875,155.32000732421875,155.32000732421875,873,0.0,0.0
2024-09-13 13:56:00-04:00,155.32000732421875,155.35000610351562,155.32000732421875,155.35000610351562,1312,0.0,0.0
2024-09-13 13:57:00-04:00,155.35499572753906,155.38999938964844,155.35499572753906,155.38999938964844,2319,0.0,0.0
2024-09-13 13:58:00-04:00,155.39999389648438,155.39999389648438,155.39999389648438,155.39999389648438,3173,0.0,0.0
2024-09-13 13:59:00-04:00,155.30499267578125,155.31700134277344,155.30499267578125,155.31700134277344,1113,0.0,0.0
2024-09-13 14:00:00-04:00,155.375,155.375,155.14920043945312,155.14920043945312,4089,0.0,0.0
2024-09-13 14:01:00-04:00,155.1999969482422,155.2100067138672,155.14500427246094,155.17999267578125,2356,0.0,0.0
2024-09-13 14:02:00-04:00,155.14999389648438,155.1750030517578,155.11500549316406,155.11500549316406,2636,0.0,0.0
2024-09-13 14:03:00-04:00,155.14999389648438,155.1699981689453,155.1199951171875,155.1699981689453,3425,0.0,0.0
2024-09-13 14:04:00-04:00,155.19000244140625,155.19000244140625,155.19000244140625,155.19000244140625,856,0.0,0.0
2024-09-13 14:05:00-04:00,155.1999969482422,155.1999969482422,155.1750030517578,155.18629455566406,1037,0.0,0.0
2024-09-13 14:06:00-04:00,155.18499755859375,155.18499755859375,155.0500030517578,155.08999633789062,3709,0.0,0.0
2024-09-13 14:07:00-04:00,155.08999633789062,155.1300048828125,155.0800018310547,155.1300048828125,1848,0.0,0.0
2024-09-13 14:08:00-04:00,155.14999389648438,155.19000244140625,155.14999389648438,155.19000244140625,2057,0.0,0.0
2024-09-13 14:09:00-04:00,155.18499755859375,155.18499755859375,155.125,155.14999389648438,2262,0.0,0.0
2024-09-13 14:10:00-04:00,155.1300048828125,155.13999938964844,155.1199951171875,155.1199951171875,882,0.0,0.0
2024-09-13 14:12:00-04:00,155.10499572753906,155.1199951171875,155.02000427246094,155.09500122070312,6494,0.0,0.0
2024-09-13 14:13:00-04:00,155.0800018310547,155.10000610351562,155.0749969482422,155.0800018310547,1065,0.0,0.0
2024-09-13 14:14:00-04:00,155.1199951171875,155.1199951171875,155.1199951171875,155.1199951171875,481,0.0,0.0
2024-09-13 14:15:00-04:00,155.10499572753906,155.13999938964844,155.0800018310547,155.0800018310547,3944,0.0,0.0
2024-09-13 14:16:00-04:00,155.10000610351562,155.10000610351562,155.08999633789062,155.08999633789062,1209,0.0,0.0
2024-09-13 14:17:00-04:00,155.0800018310547,155.08999633789062,155.0800018310547,155.0800018310547,1515,0.0,0.0
2024-09-13 14:18:00-04:00,155.02000427246094,155.03500366210938,154.97000122070312,155.02000427246094,4338,0.0,0.0
2024-09-13 14:20:00-04:00,155.0500030517578,155.0800018310547,155.0500030517578,155.0800018310547,817,0.0,0.0
2024-09-13 14:21:00-04:00,155.0449981689453,155.0449981689453,155.0449981689453,155.0449981689453,654,0.0,0.0
2024-09-13 14:22:00-04:00,155.0800018310547,155.0800018310547,155.02999877929688,155.0399932861328,3560,0.0,0.0
2024-09-13 14:23:00-04:00,154.97000122070312,154.97000122070312,154.92999267578125,154.92999267578125,1070,0.0,0.0
2024-09-13 14:24:00-04:00,154.97000122070312,154.99000549316406,154.88999938964844,154.88999938964844,3567,0.0,0.0
2024-09-13 14:25:00-04:00,154.88999938964844,154.91000366210938,154.86000061035156,154.86500549316406,3069,0.0,0.0
2024-09-13 14:26:00-04:00,154.89999389648438,154.9600067138672,154.88499450683594,154.94500732421875,1870,0.0,0.0
2024-09-13 14:27:00-04:00,154.94500732421875,154.94500732421875,154.85800170898438,154.88999938964844,3901,0.0,0.0
2024-09-13 14:28:00-04:00,154.86000061035156,154.9250030517578,154.85499572753906,154.9250030517578,2377,0.0,0.0
2024-09-13 14:29:00-04:00,154.92999267578125,154.92999267578125,154.89999389648438,154.89999389648438,1972,0.0,0.0
2024-09-13 14:30:00-04:00,154.90499877929688,154.90499877929688,154.83999633789062,154.8699951171875,3180,0.0,0.0
2024-09-13 14:31:00-04:00,154.89999389648438,154.91000366210938,154.8800048828125,154.8800048828125,1706,0.0,0.0
2024-09-13 14:32:00-04:00,154.86000061035156,154.89999389648438,154.86000061035156,154.89500427246094,2628,0.0,0.0
2024-09-13 14:33:00-04:00,154.89500427246094,154.89500427246094,154.88999938964844,154.88999938964844,2092,0.0,0.0
2024-09-13 14:34:00-04:00,154.94000244140625,154.97000122070312,154.94000244140625,154.97000122070312,973,0.0,0.0
2024-09-13 14:35:00-04:00,154.97500610351562,154.97500610351562,154.97500610351562,154.97500610351562,372,0.0,0.0
2024-09-13 14:36:00-04:00,154.9600067138672,154.9600067138672,154.85000610351562,154.8800048828125,2306,0.0,0.0
2024-09-13 14:37:00-04:00,154.84500122070312,154.85000610351562,154.84500122070312,154.85000610351562,517,0.0,0.0
2024-09-13 14:38:00-04:00,154.83999633789062,154.85000610351562,154.8350067138672,154.85000610351562,1654,0.0,0.0
2024-09-13 14:39:00-04:00,154.86000061035156,154.86000061035156,154.80999755859375,154.8249969482422,2274,0.0,0.0
2024-09-13 14:40:00-04:00,154.8300018310547,154.8300018310547,154.8300018310547,154.8300018310547,319,0.0,0.0
2024-09-13 14:41:00-04:00,154.80999755859375,154.90499877929688,154.80999755859375,154.90499877929688,4310,0.0,0.0
2024-09-13 14:42:00-04:00,154.91000366210938,154.97999572753906,154.91000366210938,154.97999572753906,1743,0.0,0.0
2024-09-13 14:43:00-04:00,154.99000549316406,154.99000549316406,154.88499450683594,154.89999389648438,3736,0.0,0.0
2024-09-13 14:44:00-04:00,154.88999938964844,154.9499969482422,154.8699951171875,154.9499969482422,2220,0.0,0.0
2024-09-13 14:45:00-04:00,154.97500610351562,154.98500061035156,154.97500610351562,154.98500061035156,657,0.0,0.0
2024-09-13 14:46:00-04:00,155.0,155.0,154.94000244140625,154.9600067138672,1749,0.0,0.0
2024-09-13 14:47:00-04:00,154.96499633789062,154.96499633789062,154.94000244140625,154.94000244140625,757,0.0,0.0
2024-09-13 14:48:00-04:00,154.97999572753906,154.98500061035156,154.9499969482422,154.9600067138672,2185,0.0,0.0
2024-09-13 14:49:00-04:00,154.97999572753906,154.97999572753906,154.9600067138672,154.97000122070312,2006,0.0,0.0
2024-09-13 14:50:00-04:00,154.9600067138672,154.96499633789062,154.94000244140625,154.94000244140625,3263,0.0,0.0
2024-09-13 14:51:00-04:00,154.94000244140625,155.0,154.9199981689453,154.97999572753906,3939,0.0,0.0
2024-09-13 14:52:00-04:00,155.00999450683594,155.00999450683594,154.99000549316406,154.99000549316406,1783,0.0,0.0
2024-09-13 14:53:00-04:00,154.99000549316406,155.0,154.97000122070312,154.97000122070312,2427,0.0,0.0
2024-09-13 14:54:00-04:00,154.97999572753906,154.97999572753906,154.9600067138672,154.96499633789062,1978,0.0,0.0
2024-09-13 14:55:00-04:00,154.9199981689453,154.9499969482422,154.9149932861328,154.9499969482422,2197,0.0,0.0
2024-09-13 14:56:00-04:00,154.9550018310547,155.0,154.94000244140625,155.0,4135,0.0,0.0
2024-09-13 14:57:00-04:00,155.02999877929688,155.05499267578125,154.99000549316406,154.99000549316406,15549,0.0,0.0
2024-09-13 14:58:00-04:00,154.97999572753906,155.0399932861328,154.9499969482422,155.0399932861328,2693,0.0,0.0
2024-09-13 14:59:00-04:00,155.02000427246094,155.02999877929688,154.9499969482422,154.9499969482422,3730,0.0,0.0
2024-09-13 15:00:00-04:00,154.9149932861328,154.92999267578125,154.88999938964844,154.88999938964844,2857,0.0,0.0
2024-09-13 15:01:00-04:00,154.8800048828125,154.88999938964844,154.82000732421875,154.88999938964844,3880,0.0,0.0
2024-09-13 15:02:00-04:00,154.89999389648438,154.94000244140625,154.8699951171875,154.94000244140625,5147,0.0,0.0
2024-09-13 15:03:00-04:00,154.9499969482422,154.99000549316406,154.9499969482422,154.98500061035156,4407,0.0,0.0
2024-09-13 15:04:00-04:00,155.02000427246094,155.02000427246094,154.9499969482422,154.9499969482422,3699,0.0,0.0
2024-09-13 15:05:00-04:00,154.97999572753906,155.0399932861328,154.97999572753906,155.0399932861328,2721,0.0,0.0
2024-09-13 15:06:00-04:00,155.02000427246094,155.03500366210938,155.02000427246094,155.03500366210938,1758,0.0,0.0
2024-09-13 15:07:00-04:00,155.05999755859375,155.05999755859375,154.9600067138672,154.97999572753906,3132,0.0,0.0
2024-09-13 15:08:00-04:00,154.9499969482422,154.9499969482422,154.9499969482422,154.9499969482422,681,0.0,0.0
2024-09-13 15:09:00-04:00,154.97999572753906,154.97999572753906,154.97000122070312,154.97000122070312,2241,0.0,0.0
2024-09-13 15:10:00-04:00,154.97999572753906,154.99000549316406,154.97999572753906,154.99000549316406,2056,0.0,0.0
2024-09-13 15:11:00-04:00,154.99000549316406,154.9949951171875,154.9149932861328,154.9149932861328,3178,0.0,0.0
2024-09-13 15:12:00-04:00,154.9600067138672,155.02000427246094,154.9600067138672,155.02000427246094,1167,0.0,0.0
2024-09-13 15:13:00-04:00,155.02000427246094,155.07000732421875,154.96499633789062,155.05999755859375,8319,0.0,0.0
2024-09-13 15:14:00-04:00,155.07000732421875,155.12249755859375,155.05499267578125,155.12249755859375,1763,0.0,0.0
2024-09-13 15:15:00-04:00,155.125,155.18499755859375,155.125,155.18499755859375,3005,0.0,0.0
2024-09-13 15:16:00-04:00,155.21499633789062,155.24000549316406,155.17999267578125,155.17999267578125,9397,0.0,0.0
2024-09-13 15:18:00-04:00,155.27999877929688,155.2899932861328,155.27999877929688,155.2899932861328,2325,0.0,0.0
2024-09-13 15:19:00-04:00,155.2899932861328,155.2949981689453,155.24000549316406,155.24000549316406,3555,0.0,0.0
2024-09-13 15:20:00-04:00,155.23500061035156,155.23500061035156,155.2050018310547,155.22000122070312,3660,0.0,0.0
2024-09-13 15:21:00-04:00,155.21249389648438,155.22000122070312,155.1999969482422,155.2100067138672,3555,0.0,0.0
2024-09-13 15:22:00-04:00,155.22999572753906,155.23500061035156,155.1999969482422,155.2100067138672,2743,0.0,0.0
2024-09-13 15:23:00-04:00,155.22500610351562,155.3300018310547,155.22000122070312,155.3300018310547,4663,0.0,0.0
2024-09-13 15:24:00-04:00,155.32000732421875,155.33999633789062,155.32000732421875,155.33999633789062,1689,0.0,0.0
2024-09-13 15:25:00-04:00,155.33999633789062,155.3800048828125,155.3300018310547,155.3800048828125,4071,0.0,0.0
2024-09-13 15:26:00-04:00,155.3699951171875,155.3699951171875,155.33999633789062,155.35000610351562,2068,0.0,0.0
2024-09-13 15:27:00-04:00,155.36000061035156,155.36000061035156,155.3000030517578,155.3000030517578,4161,0.0,0.0
2024-09-13 15:28:00-04:00,155.3000030517578,155.32000732421875,155.28500366210938,155.30999755859375,4126,0.0,0.0
2024-09-13 15:29:00-04:00,155.2899932861328,155.2899932861328,155.2899932861328,155.2899932861328,2209,0.0,0.0
2024-09-13 15:30:00-04:00,155.32000732421875,155.35000610351562,155.2899932861328,155.2899932861328,4853,0.0,0.0
2024-09-13 15:31:00-04:00,155.3000030517578,155.35000610351562,155.3000030517578,155.3300018310547,4296,0.0,0.0
2024-09-13 15:32:00-04:00,155.35000610351562,155.38999938964844,155.33999633789062,155.38999938964844,2721,0.0,0.0
2024-09-13 15:33:00-04:00,155.4199981689453,155.47000122070312,155.375,155.44000244140625,15569,0.0,0.0
2024-09-13 15:34:00-04:00,155.44500732421875,155.44500732421875,155.3800048828125,155.3800048828125,6342,0.0,0.0
2024-09-13 15:35:00-04:00,155.3800048828125,155.3800048828125,155.33999633789062,155.3800048828125,6458,0.0,0.0
2024-09-13 15:36:00-04:00,155.3800048828125,155.3800048828125,155.3800048828125,155.3800048828125,3356,0.0,0.0
2024-09-13 15:37:00-04:00,155.36000061035156,155.39999389648438,155.33999633789062,155.36000061035156,7204,0.0,0.0
2024-09-13 15:38:00-04:00,155.32870483398438,155.3699951171875,155.32870483398438,155.33999633789062,3702,0.0,0.0
2024-09-13 15:39:00-04:00,155.32000732421875,155.38499450683594,155.27999877929688,155.3699951171875,6138,0.0,0.0
2024-09-13 15:40:00-04:00,155.35499572753906,155.40499877929688,155.35499572753906,155.40499877929688,6136,0.0,0.0
2024-09-13 15:41:00-04:00,155.38999938964844,155.38999938964844,155.3300018310547,155.3300018310547,4739,0.0,0.0
2024-09-13 15:42:00-04:00,155.33999633789062,155.3699951171875,155.33999633789062,155.3699951171875,3020,0.0,0.0
2024-09-13 15:43:00-04:00,155.3699951171875,155.3800048828125,155.36000061035156,155.3800048828125,4692,0.0,0.0
2024-09-13 15:44:00-04:00,155.38499450683594,155.42999267578125,155.3699951171875,155.42999267578125,5722,0.0,0.0
2024-09-13 15:45:00-04:00,155.44000244140625,155.44000244140625,155.38999938964844,155.39999389648438,5985,0.0,0.0
2024-09-13 15:46:00-04:00,155.38999938964844,155.40499877929688,155.38499450683594,155.38499450683594,3520,0.0,0.0
2024-09-13 15:47:00-04:00,155.3699951171875,155.3699951171875,155.2899932861328,155.36000061035156,9101,0.0,0.0
2024-09-13 15:48:00-04:00,155.3699951171875,155.39999389648438,155.3699951171875,155.39500427246094,4803,0.0,0.0
2024-09-13 15:49:00-04:00,155.38999938964844,155.38999938964844,155.36000061035156,155.38999938964844,6027,0.0,0.0
2024-09-13 15:50:00-04:00,155.42999267578125,155.4600067138672,155.3800048828125,155.4600067138672,16095,0.0,0.0
2024-09-13 15:51:00-04:00,155.5050048828125,155.52000427246094,155.4499969482422,155.52000427246094,8200,0.0,0.0
2024-09-13 15:52:00-04:00,155.52000427246094,155.5500030517578,155.47000122070312,155.4949951171875,13594,0.0,0.0
2024-09-13 15:53:00-04:00,155.47999572753906,155.50999450683594,155.47999572753906,155.48500061035156,9686,0.0,0.0
2024-09-13 15:54:00-04:00,155.47000122070312,155.47999572753906,155.44000244140625,155.47999572753906,10603,0.0,0.0
2024-09-13 15:55:00-04:00,155.4600067138672,155.4600067138672,155.3350067138672,155.3699951171875,17404,0.0,0.0
2024-09-13 15:56:00-04:00,155.3699951171875,155.4550018310547,155.36500549316406,155.40499877929688,18850,0.0,0.0
2024-09-13 15:57:00-04:00,155.39999389648438,155.39999389648438,155.30499267578125,155.3800048828125,28085,0.0,0.0
2024-09-13 15:58:00-04:00,155.3800048828125,155.44000244140625,155.3699951171875,155.4149932861328,26826,0.0,0.0
2024-09-13 15:59:00-04:00,155.4149932861328,155.44000244140625,155.14999389648438,155.25,64892,0.0,0.0
