Datetime,Open,High,Low,Close,Volume,Dividends,Stock Splits
2024-10-07 09:00:00+09:00,986.0,986.0,986.0,986.0,0,0.0,0.0
2024-10-07 09:01:00+09:00,985.0,986.0,985.0,986.0,2447,0.0,0.0
2024-10-07 09:02:00+09:00,986.0,986.0,986.0,986.0,0,0.0,0.0
2024-10-07 09:03:00+09:00,990.0,990.0,990.0,990.0,0,0.0,0.0
2024-10-07 09:04:00+09:00,990.0,990.0,986.0,986.0,6,0.0,0.0
2024-10-07 09:05:00+09:00,987.0,987.0,986.0,986.0,65,0.0,0.0
2024-10-07 09:08:00+09:00,985.0,985.0,985.0,985.0,0,0.0,0.0
2024-10-07 09:09:00+09:00,987.0,987.0,987.0,987.0,2,0.0,0.0
2024-10-07 09:12:00+09:00,987.0,987.0,987.0,987.0,167,0.0,0.0
2024-10-07 09:14:00+09:00,988.0,988.0,988.0,988.0,0,0.0,0.0
2024-10-07 09:17:00+09:00,990.0,997.0,990.0,997.0,2279,0.0,0.0
2024-10-07 09:19:00+09:00,995.0,995.0,995.0,995.0,2,0.0,0.0
2024-10-07 09:20:00+09:00,991.0,991.0,991.0,991.0,1,0.0,0.0
2024-10-07 09:21:00+09:00,996.0,999.0,996.0,999.0,856,0.0,0.0
2024-10-07 09:22:00+09:00,999.0,1006.0,999.0,1005.0,165,0.0,0.0
2024-10-07 09:23:00+09:00,998.0,998.0,998.0,998.0,756,0.0,0.0
2024-10-07 09:24:00+09:00,999.0,999.0,998.0,998.0,566,0.0,0.0
2024-10-07 09:25:00+09:00,1002.0,1004.0,997.0,997.0,0,0.0,0.0
2024-10-07 09:26:00+09:00,1001.0,1001.0,998.0,998.0,6,0.0,0.0
2024-10-07 09:27:00+09:00,1003.0,1007.0,1001.0,1001.0,2337,0.0,0.0
2024-10-07 09:28:00+09:00,1004.0,1005.0,1000.0,1005.0,45,0.0,0.0
2024-10-07 09:29:00+09:00,1001.0,1005.0,1001.0,1001.0,0,0.0,0.0
2024-10-07 09:30:00+09:00,1005.0,1005.0,1001.0,1001.0,5,0.0,0.0
2024-10-07 09:31:00+09:00,1001.0,1010.0,1001.0,1010.0,544,0.0,0.0
2024-10-07 09:32:00+09:00,1007.0,1007.0,1007.0,1007.0,4,0.0,0.0
2024-10-07 09:33:00+09:00,1003.0,1008.0,1003.0,1006.0,34,0.0,0.0
2024-10-07 09:34:00+09:00,1003.0,1003.0,1001.0,1001.0,99,0.0,0.0
2024-10-07 09:35:00+09:00,1000.0,1000.0,999.0,999.0,113,0.0,0.0
2024-10-07 09:36:00+09:00,999.0,1004.0,999.0,999.0,15,0.0,0.0
2024-10-07 09:37:00+09:00,1003.0,1003.0,998.0,998.0,3,0.0,0.0
2024-10-07 09:39:00+09:00,1004.0,1004.0,997.0,997.0,29,0.0,0.0
2024-10-07 09:40:00+09:00,1000.0,1000.0,1000.0,1000.0,1,0.0,0.0
2024-10-07 09:41:00+09:00,1000.0,1000.0,1000.0,1000.0,107,0.0,0.0
2024-10-07 09:42:00+09:00,998.0,998.0,998.0,998.0,0,0.0,0.0
2024-10-07 09:43:00+09:00,1004.0,1014.0,1004.0,1005.0,625,0.0,0.0
2024-10-07 09:44:00+09:00,1009.0,1009.0,1003.0,1004.0,54,0.0,0.0
2024-10-07 09:45:00+09:00,1011.0,1011.0,1011.0,1011.0,41,0.0,0.0
2024-10-07 09:46:00+09:00,1011.0,1012.0,1004.0,1010.0,30,0.0,0.0
2024-10-07 09:47:00+09:00,1009.0,1009.0,1004.0,1004.0,1,0.0,0.0
2024-10-07 09:48:00+09:00,1009.0,1009.0,1004.0,1004.0,26,0.0,0.0
2024-10-07 09:49:00+09:00,1009.0,1009.0,1004.0,1004.0,39,0.0,0.0
2024-10-07 09:50:00+09:00,1003.0,1005.0,1003.0,1005.0,16,0.0,0.0
2024-10-07 09:55:00+09:00,1004.0,1004.0,1003.0,1003.0,21,0.0,0.0
2024-10-07 09:57:00+09:00,1004.0,1004.0,1003.0,1003.0,15,0.0,0.0
2024-10-07 09:58:00+09:00,1003.0,1003.0,1003.0,1003.0,1,0.0,0.0
2024-10-07 09:59:00+09:00,1004.0,1004.0,1004.0,1004.0,1,0.0,0.0
2024-10-07 10:00:00+09:00,1004.0,1004.0,1004.0,1004.0,895,0.0,0.0
2024-10-07 10:01:00+09:00,1003.0,1004.0,1003.0,1004.0,0,0.0,0.0
2024-10-07 10:02:00+09:00,1003.0,1003.0,1003.0,1003.0,1,0.0,0.0
2024-10-07 10:03:00+09:00,1003.0,1012.0,1003.0,1012.0,3313,0.0,0.0
2024-10-07 10:04:00+09:00,1011.0,1011.0,1005.0,1009.0,22,0.0,0.0
2024-10-07 10:05:00+09:00,1007.0,1010.0,1007.0,1010.0,4,0.0,0.0
2024-10-07 10:06:00+09:00,1007.0,1011.0,1007.0,1007.0,6,0.0,0.0
2024-10-07 10:07:00+09:00,1007.0,1007.0,1007.0,1007.0,9,0.0,0.0
2024-10-07 10:08:00+09:00,1007.0,1008.0,1007.0,1008.0,16,0.0,0.0
2024-10-07 10:09:00+09:00,1008.0,1008.0,1008.0,1008.0,27,0.0,0.0
2024-10-07 10:10:00+09:00,1011.0,1011.0,1011.0,1011.0,5,0.0,0.0
2024-10-07 10:11:00+09:00,1008.0,1008.0,1008.0,1008.0,13,0.0,0.0
2024-10-07 10:12:00+09:00,1011.0,1015.0,1011.0,1015.0,1218,0.0,0.0
2024-10-07 10:13:00+09:00,1014.0,1015.0,1007.0,1015.0,0,0.0,0.0
2024-10-07 10:14:00+09:00,1008.0,1014.0,1007.0,1007.0,17,0.0,0.0
2024-10-07 10:15:00+09:00,1008.0,1015.0,1008.0,1011.0,17,0.0,0.0
2024-10-07 10:16:00+09:00,1013.0,1014.0,1011.0,1012.0,9,0.0,0.0
2024-10-07 10:17:00+09:00,1012.0,1012.0,1011.0,1011.0,8,0.0,0.0
2024-10-07 10:18:00+09:00,1011.0,1011.0,1010.0,1011.0,12,0.0,0.0
2024-10-07 10:19:00+09:00,1007.0,1007.0,1007.0,1007.0,21,0.0,0.0
2024-10-07 10:20:00+09:00,1008.0,1012.0,1008.0,1012.0,11,0.0,0.0
2024-10-07 10:22:00+09:00,1008.0,1011.0,1007.0,1007.0,33,0.0,0.0
2024-10-07 10:23:00+09:00,1007.0,1007.0,1007.0,1007.0,714,0.0,0.0
2024-10-07 10:24:00+09:00,1005.0,1005.0,1005.0,1005.0,0,0.0,0.0
2024-10-07 10:26:00+09:00,1005.0,1005.0,1005.0,1005.0,11,0.0,0.0
2024-10-07 10:27:00+09:00,1006.0,1006.0,1006.0,1006.0,10,0.0,0.0
2024-10-07 10:28:00+09:00,1007.0,1008.0,1007.0,1008.0,47,0.0,0.0
2024-10-07 10:29:00+09:00,1006.0,1006.0,1006.0,1006.0,13,0.0,0.0
2024-10-07 10:31:00+09:00,1006.0,1006.0,1001.0,1006.0,12767,0.0,0.0
2024-10-07 10:35:00+09:00,1002.0,1002.0,1002.0,1002.0,20,0.0,0.0
2024-10-07 10:36:00+09:00,1003.0,1003.0,970.0,987.0,11449,0.0,0.0
2024-10-07 10:37:00+09:00,987.0,996.0,985.0,996.0,2709,0.0,0.0
2024-10-07 10:38:00+09:00,997.0,1008.0,997.0,1006.0,140,0.0,0.0
2024-10-07 10:39:00+09:00,1003.0,1008.0,1003.0,1003.0,57,0.0,0.0
2024-10-07 10:40:00+09:00,1007.0,1007.0,1007.0,1007.0,5,0.0,0.0
2024-10-07 10:41:00+09:00,1003.0,1003.0,1003.0,1003.0,22,0.0,0.0
2024-10-07 10:42:00+09:00,1002.0,1002.0,1001.0,1001.0,0,0.0,0.0
2024-10-07 10:43:00+09:00,1001.0,1001.0,994.0,996.0,2926,0.0,0.0
2024-10-07 10:44:00+09:00,996.0,998.0,996.0,998.0,6,0.0,0.0
2024-10-07 10:45:00+09:00,997.0,1005.0,997.0,1005.0,87,0.0,0.0
2024-10-07 10:46:00+09:00,1005.0,1007.0,1003.0,1005.0,55,0.0,0.0
2024-10-07 10:47:00+09:00,1005.0,1005.0,1005.0,1005.0,20,0.0,0.0
2024-10-07 10:48:00+09:00,1004.0,1005.0,1000.0,1005.0,12,0.0,0.0
2024-10-07 10:49:00+09:00,1003.0,1004.0,1000.0,1002.0,20,0.0,0.0
2024-10-07 10:51:00+09:00,1000.0,1005.0,1000.0,1000.0,73,0.0,0.0
2024-10-07 10:52:00+09:00,1003.0,1005.0,1000.0,1004.0,25,0.0,0.0
2024-10-07 11:01:00+09:00,1002.0,1002.0,1002.0,1002.0,16,0.0,0.0
2024-10-07 11:02:00+09:00,1002.0,1002.0,1002.0,1002.0,14,0.0,0.0
2024-10-07 11:03:00+09:00,1003.0,1003.0,1003.0,1003.0,0,0.0,0.0
2024-10-07 11:05:00+09:00,1003.0,1004.0,1003.0,1004.0,280,0.0,0.0
2024-10-07 11:06:00+09:00,1004.0,1004.0,1004.0,1004.0,14,0.0,0.0
2024-10-07 11:08:00+09:00,1003.0,1003.0,1000.0,1002.0,557,0.0,0.0
2024-10-07 11:09:00+09:00,1000.0,1002.0,1000.0,1002.0,29,0.0,0.0
2024-10-07 11:10:00+09:00,1002.0,1004.0,1002.0,1004.0,142,0.0,0.0
2024-10-07 11:21:00+09:00,1002.0,1003.0,1002.0,1003.0,23,0.0,0.0
2024-10-07 11:25:00+09:00,1003.0,1004.0,1003.0,1004.0,364,0.0,0.0
2024-10-07 11:34:00+09:00,1005.0,1005.0,1002.0,1003.0,1391,0.0,0.0
2024-10-07 11:37:00+09:00,1002.0,1002.0,999.0,1000.0,1296,0.0,0.0
2024-10-07 11:52:00+09:00,1000.0,1000.0,1000.0,1000.0,0,0.0,0.0
2024-10-07 11:53:00+09:00,1000.0,1000.0,1000.0,1000.0,1024,0.0,0.0
2024-10-07 11:56:00+09:00,1000.0,1001.0,1000.0,1001.0,23,0.0,0.0
2024-10-07 11:57:00+09:00,1000.0,1002.0,1000.0,1002.0,3,0.0,0.0
2024-10-07 11:58:00+09:00,1000.0,1006.0,1000.0,1006.0,12,0.0,0.0
2024-10-07 12:01:00+09:00,1001.0,1006.0,1001.0,1006.0,13,0.0,0.0
2024-10-07 12:03:00+09:00,1002.0,1002.0,1002.0,1002.0,21,0.0,0.0
2024-10-07 12:06:00+09:00,1004.0,1007.0,1002.0,1002.0,101,0.0,0.0
2024-10-07 12:19:00+09:00,1003.0,1003.0,1001.0,1001.0,999,0.0,0.0
2024-10-07 12:23:00+09:00,1000.0,1000.0,1000.0,1000.0,16,0.0,0.0
2024-10-07 12:31:00+09:00,1000.0,1000.0,1000.0,1000.0,13,0.0,0.0
2024-10-07 12:38:00+09:00,1000.0,1000.0,1000.0,1000.0,16,0.0,0.0
2024-10-07 12:39:00+09:00,999.0,1000.0,999.0,1000.0,26,0.0,0.0
2024-10-07 12:41:00+09:00,1000.0,1000.0,1000.0,1000.0,2,0.0,0.0
2024-10-07 12:45:00+09:00,1000.0,1000.0,1000.0,1000.0,159,0.0,0.0
2024-10-07 12:47:00+09:00,1001.0,1001.0,1001.0,1001.0,0,0.0,0.0
2024-10-07 12:48:00+09:00,1001.0,1001.0,1001.0,1001.0,0,0.0,0.0
2024-10-07 12:49:00+09:00,1001.0,1001.0,1001.0,1001.0,20,0.0,0.0
2024-10-07 12:50:00+09:00,1001.0,1001.0,1001.0,1001.0,50,0.0,0.0
2024-10-07 12:51:00+09:00,1001.0,1001.0,1001.0,1001.0,0,0.0,0.0
2024-10-07 12:59:00+09:00,1001.0,1001.0,1001.0,1001.0,34,0.0,0.0
2024-10-07 13:00:00+09:00,1001.0,1001.0,1001.0,1001.0,0,0.0,0.0
2024-10-07 13:01:00+09:00,1001.0,1001.0,1001.0,1001.0,25,0.0,0.0
2024-10-07 13:02:00+09:00,1000.0,1000.0,1000.0,1000.0,0,0.0,0.0
2024-10-07 13:06:00+09:00,1001.0,1001.0,1001.0,1001.0,26,0.0,0.0
2024-10-07 13:07:00+09:00,1000.0,1000.0,1000.0,1000.0,0,0.0,0.0
2024-10-07 13:08:00+09:00,1001.0,1001.0,1001.0,1001.0,180,0.0,0.0
2024-10-07 13:10:00+09:00,1000.0,1000.0,1000.0,1000.0,0,0.0,0.0
2024-10-07 13:11:00+09:00,1001.0,1001.0,1001.0,1001.0,2799,0.0,0.0
2024-10-07 13:13:00+09:00,1002.0,1002.0,1002.0,1002.0,0,0.0,0.0
2024-10-07 13:16:00+09:00,1002.0,1002.0,1002.0,1002.0,16,0.0,0.0
2024-10-07 13:18:00+09:00,1002.0,1002.0,1002.0,1002.0,1357,0.0,0.0
2024-10-07 13:19:00+09:00,1001.0,1001.0,999.0,999.0,940,0.0,0.0
2024-10-07 13:21:00+09:00,1000.0,1000.0,1000.0,1000.0,460,0.0,0.0
2024-10-07 13:23:00+09:00,1002.0,1002.0,1002.0,1002.0,20,0.0,0.0
2024-10-07 13:24:00+09:00,1002.0,1002.0,1002.0,1002.0,60,0.0,0.0
2024-10-07 13:26:00+09:00,1002.0,1002.0,1002.0,1002.0,190,0.0,0.0
2024-10-07 13:28:00+09:00,1002.0,1002.0,1002.0,1002.0,0,0.0,0.0
2024-10-07 13:29:00+09:00,1002.0,1002.0,1002.0,1002.0,283,0.0,0.0
2024-10-07 13:30:00+09:00,1003.0,1003.0,1003.0,1003.0,0,0.0,0.0
2024-10-07 13:31:00+09:00,1002.0,1007.0,1002.0,1007.0,1043,0.0,0.0
2024-10-07 13:33:00+09:00,1002.0,1003.0,1001.0,1003.0,606,0.0,0.0
2024-10-07 13:37:00+09:00,999.0,999.0,998.0,998.0,1500,0.0,0.0
2024-10-07 13:39:00+09:00,999.0,999.0,998.0,998.0,361,0.0,0.0
2024-10-07 13:40:00+09:00,997.0,997.0,989.0,991.0,1019,0.0,0.0
2024-10-07 13:41:00+09:00,991.0,996.0,991.0,992.0,61,0.0,0.0
2024-10-07 13:42:00+09:00,992.0,992.0,989.0,991.0,420,0.0,0.0
2024-10-07 13:43:00+09:00,992.0,992.0,992.0,992.0,0,0.0,0.0
2024-10-07 13:45:00+09:00,994.0,996.0,994.0,996.0,64004,0.0,0.0
2024-10-07 13:47:00+09:00,996.0,996.0,996.0,996.0,7,0.0,0.0
2024-10-07 13:51:00+09:00,997.0,997.0,997.0,997.0,10,0.0,0.0
2024-10-07 13:52:00+09:00,998.0,998.0,998.0,998.0,0,0.0,0.0
2024-10-07 13:54:00+09:00,998.0,998.0,998.0,998.0,7,0.0,0.0
2024-10-07 13:55:00+09:00,999.0,999.0,998.0,999.0,13,0.0,0.0
2024-10-07 13:56:00+09:00,999.0,999.0,999.0,999.0,23,0.0,0.0
2024-10-07 13:58:00+09:00,998.0,999.0,996.0,999.0,342,0.0,0.0
2024-10-07 14:01:00+09:00,999.0,999.0,999.0,999.0,115,0.0,0.0
2024-10-07 14:04:00+09:00,1000.0,1000.0,1000.0,1000.0,78,0.0,0.0
2024-10-07 14:05:00+09:00,999.0,999.0,999.0,999.0,34,0.0,0.0
2024-10-07 14:07:00+09:00,999.0,999.0,999.0,999.0,350,0.0,0.0
2024-10-07 14:08:00+09:00,999.0,1000.0,999.0,1000.0,22,0.0,0.0
2024-10-07 14:10:00+09:00,999.0,1000.0,999.0,1000.0,16,0.0,0.0
2024-10-07 14:14:00+09:00,1000.0,1000.0,1000.0,1000.0,1003,0.0,0.0
2024-10-07 14:15:00+09:00,1001.0,1001.0,1001.0,1001.0,0,0.0,0.0
2024-10-07 14:16:00+09:00,1001.0,1001.0,1001.0,1001.0,4,0.0,0.0
2024-10-07 14:17:00+09:00,1001.0,1001.0,1000.0,1001.0,108,0.0,0.0
2024-10-07 14:18:00+09:00,1000.0,1000.0,997.0,999.0,623,0.0,0.0
2024-10-07 14:19:00+09:00,999.0,999.0,999.0,999.0,670,0.0,0.0
2024-10-07 14:21:00+09:00,1000.0,1000.0,1000.0,1000.0,0,0.0,0.0
2024-10-07 14:22:00+09:00,998.0,998.0,996.0,996.0,176,0.0,0.0
2024-10-07 14:23:00+09:00,999.0,999.0,999.0,999.0,32,0.0,0.0
2024-10-07 14:24:00+09:00,999.0,999.0,999.0,999.0,8,0.0,0.0
2024-10-07 14:28:00+09:00,999.0,1002.0,999.0,1002.0,67,0.0,0.0
2024-10-07 14:29:00+09:00,1002.0,1002.0,1000.0,1000.0,0,0.0,0.0
2024-10-07 14:33:00+09:00,1000.0,1000.0,999.0,999.0,999,0.0,0.0
2024-10-07 14:37:00+09:00,999.0,999.0,999.0,999.0,500,0.0,0.0
2024-10-07 14:41:00+09:00,1000.0,1000.0,1000.0,1000.0,26,0.0,0.0
2024-10-07 14:44:00+09:00,1002.0,1004.0,1002.0,1004.0,96,0.0,0.0
2024-10-07 14:45:00+09:00,1002.0,1004.0,1000.0,1003.0,26,0.0,0.0
2024-10-07 14:46:00+09:00,1001.0,1003.0,1001.0,1002.0,36,0.0,0.0
2024-10-07 14:48:00+09:00,1002.0,1003.0,1001.0,1001.0,19,0.0,0.0
2024-10-07 14:49:00+09:00,1001.0,1002.0,1001.0,1002.0,10,0.0,0.0
2024-10-07 14:50:00+09:00,1003.0,1004.0,1003.0,1004.0,36,0.0,0.0
2024-10-07 14:51:00+09:00,1004.0,1004.0,1003.0,1003.0,12,0.0,0.0
2024-10-07 14:53:00+09:00,1004.0,1004.0,1004.0,1004.0,2,0.0,0.0
2024-10-07 14:55:00+09:00,1001.0,1001.0,1000.0,1000.0,1882,0.0,0.0
2024-10-07 14:56:00+09:00,1001.0,1001.0,1001.0,1001.0,0,0.0,0.0
2024-10-07 14:57:00+09:00,1002.0,1002.0,1002.0,1002.0,218,0.0,0.0
2024-10-07 14:58:00+09:00,1003.0,1003.0,999.0,999.0,2326,0.0,0.0
2024-10-08 09:00:00+09:00,1003.0,1003.0,1000.0,1000.0,643,0.0,0.0
2024-10-08 09:02:00+09:00,1003.0,1003.0,1003.0,1003.0,8004,0.0,0.0
2024-10-08 09:03:00+09:00,1003.0,1003.0,1000.0,1003.0,0,0.0,0.0
2024-10-08 09:04:00+09:00,1002.0,1002.0,1002.0,1002.0,2177,0.0,0.0
2024-10-08 09:05:00+09:00,1000.0,1007.0,999.0,1007.0,0,0.0,0.0
2024-10-08 09:06:00+09:00,1008.0,1008.0,1008.0,1008.0,0,0.0,0.0
2024-10-08 09:12:00+09:00,1000.0,1000.0,999.0,999.0,2748,0.0,0.0
2024-10-08 09:14:00+09:00,1000.0,1000.0,999.0,1000.0,0,0.0,0.0
2024-10-08 09:15:00+09:00,999.0,1001.0,999.0,1001.0,9,0.0,0.0
2024-10-08 09:16:00+09:00,999.0,1001.0,999.0,1001.0,6,0.0,0.0
2024-10-08 09:17:00+09:00,1001.0,1005.0,1001.0,1005.0,498,0.0,0.0
2024-10-08 09:20:00+09:00,1001.0,1004.0,1001.0,1004.0,299,0.0,0.0
2024-10-08 09:22:00+09:00,1001.0,1001.0,1001.0,1001.0,164,0.0,0.0
2024-10-08 09:30:00+09:00,1001.0,1001.0,1001.0,1001.0,2674,0.0,0.0
2024-10-08 09:32:00+09:00,999.0,999.0,999.0,999.0,2,0.0,0.0
2024-10-08 09:33:00+09:00,1001.0,1001.0,1001.0,1001.0,1,0.0,0.0
2024-10-08 09:35:00+09:00,1001.0,1001.0,1001.0,1001.0,0,0.0,0.0
2024-10-08 09:37:00+09:00,1000.0,1000.0,1000.0,1000.0,1640,0.0,0.0
2024-10-08 09:40:00+09:00,1001.0,1001.0,1001.0,1001.0,0,0.0,0.0
2024-10-08 09:41:00+09:00,1001.0,1001.0,999.0,999.0,10,0.0,0.0
2024-10-08 09:43:00+09:00,999.0,999.0,999.0,999.0,17,0.0,0.0
2024-10-08 09:45:00+09:00,1001.0,1001.0,1001.0,1001.0,0,0.0,0.0
2024-10-08 09:48:00+09:00,1001.0,1002.0,1001.0,1002.0,509,0.0,0.0
2024-10-08 09:51:00+09:00,1002.0,1002.0,1002.0,1002.0,1170,0.0,0.0
2024-10-08 09:54:00+09:00,1002.0,1006.0,1002.0,1005.0,0,0.0,0.0
2024-10-08 09:55:00+09:00,1001.0,1006.0,1001.0,1006.0,8,0.0,0.0
2024-10-08 09:56:00+09:00,1002.0,1006.0,1002.0,1006.0,9,0.0,0.0
2024-10-08 09:57:00+09:00,1002.0,1002.0,1002.0,1002.0,4,0.0,0.0
2024-10-08 09:58:00+09:00,1005.0,1005.0,1005.0,1005.0,0,0.0,0.0
2024-10-08 09:59:00+09:00,1004.0,1004.0,1004.0,1004.0,1,0.0,0.0
2024-10-08 10:00:00+09:00,1004.0,1004.0,1003.0,1003.0,49,0.0,0.0
2024-10-08 10:03:00+09:00,1005.0,1005.0,1003.0,1003.0,11,0.0,0.0
2024-10-08 10:04:00+09:00,1003.0,1003.0,1003.0,1003.0,1,0.0,0.0
2024-10-08 10:06:00+09:00,1004.0,1004.0,1004.0,1004.0,1,0.0,0.0
2024-10-08 10:08:00+09:00,1003.0,1003.0,1003.0,1003.0,8,0.0,0.0
2024-10-08 10:12:00+09:00,1003.0,1003.0,1003.0,1003.0,1,0.0,0.0
2024-10-08 10:26:00+09:00,1003.0,1003.0,1003.0,1003.0,719,0.0,0.0
2024-10-08 10:31:00+09:00,1002.0,1002.0,1002.0,1002.0,0,0.0,0.0
2024-10-08 10:34:00+09:00,1001.0,1001.0,1000.0,1000.0,658,0.0,0.0
2024-10-08 10:36:00+09:00,1000.0,1000.0,1000.0,1000.0,312,0.0,0.0
2024-10-08 10:39:00+09:00,1000.0,1000.0,1000.0,1000.0,600,0.0,0.0
2024-10-08 10:40:00+09:00,1002.0,1004.0,1002.0,1004.0,206,0.0,0.0
2024-10-08 10:45:00+09:00,1002.0,1003.0,1002.0,1003.0,20,0.0,0.0
2024-10-08 10:58:00+09:00,1002.0,1003.0,1002.0,1003.0,11,0.0,0.0
2024-10-08 10:59:00+09:00,1002.0,1003.0,1002.0,1003.0,20,0.0,0.0
2024-10-08 11:00:00+09:00,1002.0,1003.0,1002.0,1003.0,0,0.0,0.0
2024-10-08 11:08:00+09:00,1001.0,1001.0,1001.0,1001.0,14,0.0,0.0
2024-10-08 11:10:00+09:00,1000.0,1000.0,1000.0,1000.0,0,0.0,0.0
2024-10-08 11:15:00+09:00,1000.0,1000.0,997.0,1000.0,2706,0.0,0.0
2024-10-08 11:16:00+09:00,999.0,999.0,999.0,999.0,0,0.0,0.0
2024-10-08 11:17:00+09:00,999.0,999.0,999.0,999.0,26,0.0,0.0
2024-10-08 11:18:00+09:00,999.0,999.0,996.0,998.0,992,0.0,0.0
2024-10-08 11:23:00+09:00,996.0,996.0,996.0,996.0,2,0.0,0.0
2024-10-08 11:26:00+09:00,998.0,998.0,998.0,998.0,1,0.0,0.0
2024-10-08 11:28:00+09:00,996.0,997.0,996.0,997.0,1,0.0,0.0
2024-10-08 11:32:00+09:00,996.0,996.0,996.0,996.0,2,0.0,0.0
2024-10-08 11:50:00+09:00,998.0,998.0,998.0,998.0,21,0.0,0.0
2024-10-08 11:52:00+09:00,998.0,998.0,998.0,998.0,62,0.0,0.0
2024-10-08 11:56:00+09:00,998.0,998.0,998.0,998.0,0,0.0,0.0
2024-10-08 12:02:00+09:00,998.0,998.0,998.0,998.0,0,0.0,0.0
2024-10-08 12:03:00+09:00,998.0,998.0,998.0,998.0,627,0.0,0.0
2024-10-08 12:11:00+09:00,1000.0,1000.0,1000.0,1000.0,1,0.0,0.0
2024-10-08 12:19:00+09:00,998.0,1000.0,998.0,1000.0,2,0.0,0.0
2024-10-08 12:22:00+09:00,1000.0,1003.0,1000.0,1001.0,495,0.0,0.0
2024-10-08 12:26:00+09:00,1000.0,1000.0,1000.0,1000.0,1094,0.0,0.0
2024-10-08 12:27:00+09:00,1001.0,1003.0,1001.0,1003.0,0,0.0,0.0
2024-10-08 12:28:00+09:00,1002.0,1002.0,1002.0,1002.0,2,0.0,0.0
2024-10-08 12:31:00+09:00,1001.0,1001.0,1001.0,1001.0,56,0.0,0.0
2024-10-08 12:44:00+09:00,999.0,1000.0,999.0,1000.0,1858,0.0,0.0
2024-10-08 12:47:00+09:00,1000.0,1000.0,1000.0,1000.0,11,0.0,0.0
2024-10-08 12:48:00+09:00,1000.0,1000.0,999.0,999.0,540,0.0,0.0
2024-10-08 12:56:00+09:00,1000.0,1000.0,1000.0,1000.0,28,0.0,0.0
2024-10-08 13:07:00+09:00,1000.0,1001.0,1000.0,1001.0,15,0.0,0.0
2024-10-08 13:16:00+09:00,1000.0,1000.0,1000.0,1000.0,715,0.0,0.0
2024-10-08 13:17:00+09:00,999.0,999.0,999.0,999.0,2038,0.0,0.0
2024-10-08 13:18:00+09:00,999.0,999.0,999.0,999.0,1000,0.0,0.0
2024-10-08 13:19:00+09:00,1000.0,1000.0,1000.0,1000.0,0,0.0,0.0
2024-10-08 13:21:00+09:00,1000.0,1000.0,1000.0,1000.0,5,0.0,0.0
2024-10-08 13:23:00+09:00,1000.0,1000.0,999.0,999.0,7,0.0,0.0
2024-10-08 13:24:00+09:00,1000.0,1000.0,1000.0,1000.0,3,0.0,0.0
2024-10-08 13:27:00+09:00,1000.0,1000.0,1000.0,1000.0,274,0.0,0.0
2024-10-08 13:28:00+09:00,1001.0,1001.0,1001.0,1001.0,0,0.0,0.0
2024-10-08 13:36:00+09:00,1001.0,1001.0,1001.0,1001.0,2,0.0,0.0
2024-10-08 13:48:00+09:00,1001.0,1001.0,1000.0,1001.0,369,0.0,0.0
2024-10-08 13:50:00+09:00,1000.0,1001.0,1000.0,1001.0,1048,0.0,0.0
2024-10-08 13:56:00+09:00,1001.0,1003.0,1001.0,1003.0,19,0.0,0.0
2024-10-08 13:58:00+09:00,1001.0,1003.0,1000.0,1000.0,8,0.0,0.0
2024-10-08 13:59:00+09:00,1001.0,1003.0,1001.0,1003.0,2,0.0,0.0
2024-10-08 14:08:00+09:00,1000.0,1000.0,999.0,999.0,195,0.0,0.0
2024-10-08 14:11:00+09:00,1000.0,1002.0,1000.0,1002.0,0,0.0,0.0
2024-10-08 14:16:00+09:00,999.0,1002.0,996.0,1002.0,3004,0.0,0.0
2024-10-08 14:20:00+09:00,997.0,997.0,997.0,997.0,6,0.0,0.0
2024-10-08 14:21:00+09:00,1001.0,1001.0,996.0,996.0,81,0.0,0.0
2024-10-08 14:22:00+09:00,997.0,999.0,997.0,997.0,14,0.0,0.0
2024-10-08 14:24:00+09:00,999.0,1002.0,999.0,1002.0,3,0.0,0.0
2024-10-08 14:28:00+09:00,999.0,999.0,999.0,999.0,1,0.0,0.0
2024-10-08 14:29:00+09:00,1002.0,1002.0,999.0,1001.0,10,0.0,0.0
2024-10-08 14:31:00+09:00,999.0,1002.0,999.0,999.0,17,0.0,0.0
2024-10-08 14:32:00+09:00,1000.0,1002.0,999.0,1002.0,22,0.0,0.0
2024-10-08 14:33:00+09:00,999.0,1002.0,999.0,999.0,13,0.0,0.0
2024-10-08 14:34:00+09:00,999.0,1002.0,997.0,999.0,18,0.0,0.0
2024-10-08 14:41:00+09:00,998.0,998.0,998.0,998.0,8,0.0,0.0
2024-10-08 14:47:00+09:00,999.0,999.0,999.0,999.0,0,0.0,0.0
2024-10-08 14:48:00+09:00,999.0,999.0,999.0,999.0,1,0.0,0.0
2024-10-08 14:51:00+09:00,998.0,999.0,998.0,999.0,3,0.0,0.0
2024-10-08 14:52:00+09:00,998.0,998.0,998.0,998.0,35,0.0,0.0
2024-10-08 14:57:00+09:00,999.0,999.0,998.0,998.0,1079,0.0,0.0
2024-10-08 14:58:00+09:00,997.0,997.0,997.0,997.0,2034,0.0,0.0
2024-10-08 14:59:00+09:00,999.0,999.0,999.0,999.0,0,0.0,0.0
2024-10-10 09:00:00+09:00,1000.0,1000.0,1000.0,1000.0,0,0.0,0.0
2024-10-10 09:06:00+09:00,1003.0,1005.0,1003.0,1005.0,18,0.0,0.0
2024-10-10 09:07:00+09:00,1004.0,1004.0,1004.0,1004.0,2,0.0,0.0
2024-10-10 09:08:00+09:00,1004.0,1004.0,1004.0,1004.0,2,0.0,0.0
2024-10-10 09:09:00+09:00,1004.0,1004.0,1000.0,1004.0,11,0.0,0.0
2024-10-10 09:10:00+09:00,1003.0,1004.0,1000.0,1004.0,151,0.0,0.0
2024-10-10 09:13:00+09:00,1003.0,1004.0,999.0,999.0,5570,0.0,0.0
2024-10-10 09:14:00+09:00,1000.0,1000.0,999.0,999.0,0,0.0,0.0
2024-10-10 09:15:00+09:00,1000.0,1000.0,1000.0,1000.0,506,0.0,0.0
2024-10-10 09:16:00+09:00,1001.0,1002.0,1001.0,1002.0,0,0.0,0.0
2024-10-10 09:17:00+09:00,1001.0,1001.0,1001.0,1001.0,136,0.0,0.0
2024-10-10 09:18:00+09:00,1001.0,1002.0,1001.0,1002.0,0,0.0,0.0
2024-10-10 09:19:00+09:00,1002.0,1002.0,1001.0,1002.0,92,0.0,0.0
2024-10-10 09:20:00+09:00,1002.0,1002.0,1002.0,1002.0,54,0.0,0.0
2024-10-10 09:21:00+09:00,1002.0,1002.0,999.0,999.0,41,0.0,0.0
2024-10-10 09:22:00+09:00,999.0,999.0,999.0,999.0,199,0.0,0.0
2024-10-10 09:23:00+09:00,999.0,999.0,999.0,999.0,0,0.0,0.0
2024-10-10 09:24:00+09:00,999.0,999.0,997.0,997.0,6817,0.0,0.0
2024-10-10 09:25:00+09:00,998.0,998.0,996.0,996.0,0,0.0,0.0
2024-10-10 09:26:00+09:00,998.0,998.0,998.0,998.0,0,0.0,0.0
2024-10-10 09:27:00+09:00,996.0,996.0,996.0,996.0,19,0.0,0.0
2024-10-10 09:28:00+09:00,996.0,996.0,995.0,995.0,1741,0.0,0.0
2024-10-10 09:29:00+09:00,996.0,996.0,996.0,996.0,7,0.0,0.0
2024-10-10 09:30:00+09:00,998.0,998.0,998.0,998.0,0,0.0,0.0
2024-10-10 09:31:00+09:00,996.0,998.0,996.0,998.0,11,0.0,0.0
2024-10-10 09:32:00+09:00,998.0,998.0,998.0,998.0,3,0.0,0.0
2024-10-10 09:33:00+09:00,998.0,998.0,996.0,996.0,418,0.0,0.0
2024-10-10 09:34:00+09:00,997.0,998.0,997.0,998.0,401,0.0,0.0
2024-10-10 09:36:00+09:00,998.0,1001.0,998.0,1001.0,574,0.0,0.0
2024-10-10 09:38:00+09:00,998.0,998.0,997.0,997.0,1417,0.0,0.0
2024-10-10 09:39:00+09:00,997.0,997.0,997.0,997.0,0,0.0,0.0
2024-10-10 09:40:00+09:00,998.0,998.0,998.0,998.0,0,0.0,0.0
2024-10-10 09:41:00+09:00,997.0,997.0,997.0,997.0,280,0.0,0.0
2024-10-10 09:42:00+09:00,998.0,998.0,998.0,998.0,0,0.0,0.0
2024-10-10 09:45:00+09:00,998.0,998.0,998.0,998.0,5,0.0,0.0
2024-10-10 09:46:00+09:00,997.0,998.0,997.0,998.0,22,0.0,0.0
2024-10-10 09:47:00+09:00,997.0,997.0,997.0,997.0,15,0.0,0.0
2024-10-10 09:48:00+09:00,997.0,997.0,997.0,997.0,0,0.0,0.0
2024-10-10 09:49:00+09:00,997.0,999.0,997.0,999.0,1334,0.0,0.0
2024-10-10 09:50:00+09:00,999.0,999.0,999.0,999.0,0,0.0,0.0
2024-10-10 09:51:00+09:00,1002.0,1002.0,999.0,999.0,11,0.0,0.0
2024-10-10 09:52:00+09:00,999.0,999.0,999.0,999.0,0,0.0,0.0
2024-10-10 09:54:00+09:00,999.0,999.0,999.0,999.0,20,0.0,0.0
2024-10-10 09:55:00+09:00,1002.0,1004.0,999.0,1002.0,340,0.0,0.0
2024-10-10 09:57:00+09:00,999.0,999.0,999.0,999.0,1,0.0,0.0
2024-10-10 09:58:00+09:00,1002.0,1003.0,1002.0,1003.0,18,0.0,0.0
2024-10-10 09:59:00+09:00,1003.0,1003.0,999.0,999.0,19,0.0,0.0
2024-10-10 10:00:00+09:00,1002.0,1003.0,1002.0,1002.0,23,0.0,0.0
2024-10-10 10:01:00+09:00,1002.0,1003.0,999.0,999.0,825,0.0,0.0
2024-10-10 10:02:00+09:00,1000.0,1001.0,1000.0,1001.0,0,0.0,0.0
2024-10-10 10:03:00+09:00,1001.0,1003.0,1000.0,1003.0,17,0.0,0.0
2024-10-10 10:04:00+09:00,1000.0,1003.0,1000.0,1003.0,18,0.0,0.0
2024-10-10 10:05:00+09:00,1003.0,1003.0,1000.0,1003.0,12,0.0,0.0
2024-10-10 10:06:00+09:00,1000.0,1003.0,1000.0,1003.0,30,0.0,0.0
2024-10-10 10:07:00+09:00,1003.0,1003.0,1000.0,1003.0,13,0.0,0.0
2024-10-10 10:08:00+09:00,1003.0,1003.0,1003.0,1003.0,10,0.0,0.0
2024-10-10 10:14:00+09:00,1003.0,1003.0,1003.0,1003.0,5,0.0,0.0
2024-10-10 10:15:00+09:00,1003.0,1004.0,1000.0,1004.0,21,0.0,0.0
2024-10-10 10:19:00+09:00,1003.0,1003.0,999.0,999.0,35,0.0,0.0
2024-10-10 10:22:00+09:00,999.0,1001.0,999.0,1001.0,136,0.0,0.0
2024-10-10 10:23:00+09:00,1001.0,1004.0,1001.0,1001.0,17,0.0,0.0
2024-10-10 10:24:00+09:00,1002.0,1002.0,1002.0,1002.0,0,0.0,0.0
2024-10-10 10:26:00+09:00,1002.0,1003.0,1002.0,1003.0,9,0.0,0.0
2024-10-10 10:27:00+09:00,1003.0,1004.0,1000.0,1004.0,17,0.0,0.0
2024-10-10 10:32:00+09:00,1001.0,1004.0,1001.0,1004.0,11,0.0,0.0
2024-10-10 10:33:00+09:00,1001.0,1001.0,1001.0,1001.0,999,0.0,0.0
2024-10-10 10:35:00+09:00,1000.0,1000.0,1000.0,1000.0,20,0.0,0.0
2024-10-10 10:36:00+09:00,1000.0,1000.0,1000.0,1000.0,10,0.0,0.0
2024-10-10 10:37:00+09:00,1000.0,1000.0,1000.0,1000.0,0,0.0,0.0
2024-10-10 10:38:00+09:00,1000.0,1000.0,1000.0,1000.0,20,0.0,0.0
2024-10-10 10:39:00+09:00,1000.0,1000.0,1000.0,1000.0,3890,0.0,0.0
2024-10-10 10:40:00+09:00,1000.0,1002.0,1000.0,1002.0,0,0.0,0.0
2024-10-10 10:41:00+09:00,1001.0,1003.0,1001.0,1003.0,18,0.0,0.0
2024-10-10 10:43:00+09:00,1001.0,1001.0,1001.0,1001.0,0,0.0,0.0
2024-10-10 10:51:00+09:00,1001.0,1001.0,1001.0,1001.0,22,0.0,0.0
2024-10-10 10:52:00+09:00,1002.0,1003.0,1002.0,1003.0,0,0.0,0.0
2024-10-10 10:53:00+09:00,1001.0,1001.0,1000.0,1000.0,2020,0.0,0.0
2024-10-10 10:54:00+09:00,1003.0,1003.0,1003.0,1003.0,0,0.0,0.0
2024-10-10 11:04:00+09:00,1002.0,1002.0,1002.0,1002.0,16,0.0,0.0
2024-10-10 11:05:00+09:00,1002.0,1002.0,1002.0,1002.0,0,0.0,0.0
2024-10-10 11:07:00+09:00,1003.0,1004.0,1002.0,1002.0,424,0.0,0.0
2024-10-10 11:09:00+09:00,1002.0,1002.0,1002.0,1002.0,8,0.0,0.0
2024-10-10 11:11:00+09:00,1002.0,1003.0,1002.0,1003.0,2,0.0,0.0
2024-10-10 11:12:00+09:00,1003.0,1003.0,1003.0,1003.0,39,0.0,0.0
2024-10-10 11:13:00+09:00,1002.0,1003.0,1002.0,1003.0,47,0.0,0.0
2024-10-10 11:14:00+09:00,1002.0,1002.0,1002.0,1002.0,19,0.0,0.0
2024-10-10 11:15:00+09:00,1003.0,1003.0,1003.0,1003.0,193,0.0,0.0
2024-10-10 11:16:00+09:00,1003.0,1003.0,1003.0,1003.0,6,0.0,0.0
2024-10-10 11:17:00+09:00,1003.0,1003.0,1003.0,1003.0,15,0.0,0.0
2024-10-10 11:18:00+09:00,1003.0,1003.0,1002.0,1003.0,194,0.0,0.0
2024-10-10 11:19:00+09:00,1003.0,1003.0,1003.0,1003.0,229,0.0,0.0
2024-10-10 11:20:00+09:00,1003.0,1003.0,1003.0,1003.0,49,0.0,0.0
2024-10-10 11:23:00+09:00,1004.0,1004.0,1002.0,1004.0,540,0.0,0.0
2024-10-10 11:24:00+09:00,1004.0,1004.0,1002.0,1002.0,0,0.0,0.0
2024-10-10 11:25:00+09:00,1004.0,1004.0,1004.0,1004.0,82,0.0,0.0
2024-10-10 11:26:00+09:00,1004.0,1004.0,1002.0,1004.0,100,0.0,0.0
2024-10-10 11:27:00+09:00,1004.0,1007.0,1003.0,1007.0,2037,0.0,0.0
2024-10-10 11:28:00+09:00,1007.0,1010.0,1007.0,1010.0,66,0.0,0.0
2024-10-10 11:29:00+09:00,1010.0,1011.0,1007.0,1011.0,34,0.0,0.0
2024-10-10 11:31:00+09:00,1011.0,1011.0,1011.0,1011.0,115,0.0,0.0
2024-10-10 11:32:00+09:00,1012.0,1012.0,1012.0,1012.0,76,0.0,0.0
2024-10-10 11:33:00+09:00,1007.0,1007.0,1007.0,1007.0,0,0.0,0.0
2024-10-10 11:34:00+09:00,1010.0,1010.0,1010.0,1010.0,2,0.0,0.0
2024-10-10 11:35:00+09:00,1007.0,1007.0,1005.0,1005.0,2001,0.0,0.0
2024-10-10 11:36:00+09:00,1006.0,1007.0,1004.0,1005.0,29,0.0,0.0
2024-10-10 11:37:00+09:00,1005.0,1007.0,1005.0,1005.0,11,0.0,0.0
2024-10-10 11:38:00+09:00,1005.0,1007.0,1005.0,1007.0,12,0.0,0.0
2024-10-10 11:39:00+09:00,1005.0,1005.0,1005.0,1005.0,10,0.0,0.0
2024-10-10 11:40:00+09:00,1006.0,1007.0,1006.0,1007.0,1,0.0,0.0
2024-10-10 11:44:00+09:00,1006.0,1007.0,1006.0,1007.0,10,0.0,0.0
2024-10-10 11:45:00+09:00,1004.0,1007.0,1004.0,1007.0,16,0.0,0.0
2024-10-10 11:46:00+09:00,1006.0,1006.0,1006.0,1006.0,2,0.0,0.0
2024-10-10 11:47:00+09:00,1006.0,1007.0,1006.0,1007.0,6,0.0,0.0
2024-10-10 11:49:00+09:00,1006.0,1007.0,1006.0,1007.0,4,0.0,0.0
2024-10-10 11:53:00+09:00,1006.0,1006.0,1006.0,1006.0,1,0.0,0.0
2024-10-10 11:54:00+09:00,1006.0,1007.0,1006.0,1007.0,5,0.0,0.0
2024-10-10 11:55:00+09:00,1004.0,1004.0,1004.0,1004.0,2,0.0,0.0
2024-10-10 12:02:00+09:00,1004.0,1004.0,1003.0,1004.0,736,0.0,0.0
2024-10-10 12:03:00+09:00,1004.0,1004.0,1004.0,1004.0,0,0.0,0.0
2024-10-10 12:09:00+09:00,1002.0,1002.0,1002.0,1002.0,8,0.0,0.0
2024-10-10 12:15:00+09:00,1004.0,1006.0,1004.0,1006.0,24,0.0,0.0
2024-10-10 12:16:00+09:00,1004.0,1006.0,1004.0,1006.0,2,0.0,0.0
2024-10-10 12:22:00+09:00,1003.0,1003.0,1002.0,1002.0,2,0.0,0.0
2024-10-10 12:31:00+09:00,1002.0,1002.0,1002.0,1002.0,400,0.0,0.0
2024-10-10 12:32:00+09:00,1002.0,1002.0,1001.0,1001.0,1304,0.0,0.0
2024-10-10 12:33:00+09:00,1002.0,1002.0,1002.0,1002.0,0,0.0,0.0
2024-10-10 12:35:00+09:00,1002.0,1002.0,1002.0,1002.0,38,0.0,0.0
2024-10-10 12:36:00+09:00,1002.0,1002.0,1000.0,1000.0,615,0.0,0.0
2024-10-10 12:38:00+09:00,1000.0,1000.0,999.0,999.0,170,0.0,0.0
2024-10-10 12:39:00+09:00,999.0,999.0,999.0,999.0,0,0.0,0.0
2024-10-10 12:43:00+09:00,999.0,999.0,999.0,999.0,168,0.0,0.0
2024-10-10 12:44:00+09:00,999.0,1000.0,998.0,1000.0,93,0.0,0.0
2024-10-10 12:49:00+09:00,998.0,998.0,997.0,997.0,174,0.0,0.0
2024-10-10 12:50:00+09:00,997.0,997.0,997.0,997.0,96,0.0,0.0
2024-10-10 12:52:00+09:00,1000.0,1000.0,1000.0,1000.0,0,0.0,0.0
2024-10-10 12:57:00+09:00,997.0,999.0,997.0,999.0,20,0.0,0.0
2024-10-10 13:01:00+09:00,999.0,999.0,999.0,999.0,1,0.0,0.0
2024-10-10 13:10:00+09:00,998.0,998.0,997.0,997.0,281,0.0,0.0
2024-10-10 13:12:00+09:00,999.0,999.0,999.0,999.0,0,0.0,0.0
2024-10-10 13:13:00+09:00,997.0,999.0,997.0,999.0,4,0.0,0.0
2024-10-10 13:18:00+09:00,997.0,997.0,997.0,997.0,4,0.0,0.0
2024-10-10 13:24:00+09:00,997.0,997.0,997.0,997.0,4,0.0,0.0
2024-10-10 13:25:00+09:00,999.0,999.0,999.0,999.0,0,0.0,0.0
2024-10-10 13:28:00+09:00,997.0,997.0,997.0,997.0,14,0.0,0.0
2024-10-10 13:29:00+09:00,997.0,997.0,997.0,997.0,4,0.0,0.0
2024-10-10 13:32:00+09:00,997.0,997.0,997.0,997.0,1,0.0,0.0
2024-10-10 13:35:00+09:00,997.0,997.0,997.0,997.0,8,0.0,0.0
2024-10-10 13:37:00+09:00,997.0,997.0,997.0,997.0,0,0.0,0.0
2024-10-10 13:40:00+09:00,997.0,997.0,997.0,997.0,6,0.0,0.0
2024-10-10 13:41:00+09:00,997.0,997.0,997.0,997.0,3,0.0,0.0
2024-10-10 13:42:00+09:00,997.0,997.0,997.0,997.0,3,0.0,0.0
2024-10-10 13:43:00+09:00,997.0,997.0,997.0,997.0,28,0.0,0.0
2024-10-10 13:44:00+09:00,997.0,997.0,997.0,997.0,0,0.0,0.0
2024-10-10 13:45:00+09:00,997.0,997.0,997.0,997.0,3,0.0,0.0
2024-10-10 13:47:00+09:00,997.0,997.0,997.0,997.0,0,0.0,0.0
2024-10-10 13:50:00+09:00,997.0,997.0,997.0,997.0,6,0.0,0.0
2024-10-10 13:51:00+09:00,997.0,997.0,997.0,997.0,0,0.0,0.0
2024-10-10 13:54:00+09:00,998.0,998.0,998.0,998.0,83,0.0,0.0
2024-10-10 13:55:00+09:00,997.0,997.0,997.0,997.0,1471,0.0,0.0
2024-10-10 13:56:00+09:00,997.0,997.0,997.0,997.0,0,0.0,0.0
2024-10-10 13:59:00+09:00,997.0,997.0,997.0,997.0,0,0.0,0.0
2024-10-10 14:05:00+09:00,999.0,999.0,999.0,999.0,1,0.0,0.0
2024-10-10 14:14:00+09:00,997.0,997.0,997.0,997.0,2,0.0,0.0
2024-10-10 14:17:00+09:00,997.0,997.0,996.0,996.0,2286,0.0,0.0
2024-10-10 14:18:00+09:00,995.0,995.0,995.0,995.0,0,0.0,0.0
2024-10-10 14:20:00+09:00,995.0,995.0,995.0,995.0,60,0.0,0.0
2024-10-10 14:24:00+09:00,998.0,998.0,998.0,998.0,10,0.0,0.0
2024-10-10 14:26:00+09:00,998.0,998.0,998.0,998.0,5,0.0,0.0
2024-10-10 14:30:00+09:00,995.0,995.0,995.0,995.0,4502,0.0,0.0
2024-10-10 14:31:00+09:00,994.0,994.0,994.0,994.0,0,0.0,0.0
2024-10-10 14:32:00+09:00,994.0,994.0,994.0,994.0,5,0.0,0.0
2024-10-10 14:33:00+09:00,994.0,995.0,994.0,995.0,34,0.0,0.0
2024-10-10 14:35:00+09:00,994.0,996.0,994.0,996.0,83,0.0,0.0
2024-10-10 14:36:00+09:00,995.0,998.0,995.0,998.0,4,0.0,0.0
2024-10-10 14:37:00+09:00,995.0,998.0,995.0,998.0,1031,0.0,0.0
2024-10-10 14:38:00+09:00,995.0,999.0,995.0,999.0,0,0.0,0.0
2024-10-10 14:39:00+09:00,998.0,999.0,995.0,999.0,3507,0.0,0.0
2024-10-10 14:40:00+09:00,995.0,995.0,995.0,995.0,7,0.0,0.0
2024-10-10 14:43:00+09:00,999.0,999.0,999.0,999.0,0,0.0,0.0
2024-10-10 14:50:00+09:00,998.0,999.0,998.0,999.0,34,0.0,0.0
2024-10-10 14:52:00+09:00,998.0,999.0,998.0,998.0,26,0.0,0.0
2024-10-10 14:53:00+09:00,999.0,999.0,999.0,999.0,1,0.0,0.0
2024-10-10 14:56:00+09:00,998.0,999.0,998.0,999.0,28,0.0,0.0
2024-10-11 09:00:00+09:00,1002.0,1002.0,1002.0,1002.0,571,0.0,0.0
2024-10-11 09:01:00+09:00,1002.0,1002.0,1002.0,1002.0,0,0.0,0.0
2024-10-11 09:04:00+09:00,1002.0,1002.0,1000.0,1000.0,20,0.0,0.0
2024-10-11 09:08:00+09:00,1000.0,1002.0,1000.0,1002.0,11,0.0,0.0
2024-10-11 09:09:00+09:00,1002.0,1002.0,1000.0,1002.0,5,0.0,0.0
2024-10-11 09:11:00+09:00,1002.0,1002.0,1002.0,1002.0,2,0.0,0.0
2024-10-11 09:12:00+09:00,1000.0,1001.0,1000.0,1001.0,122,0.0,0.0
2024-10-11 09:13:00+09:00,996.0,996.0,996.0,996.0,0,0.0,0.0
2024-10-11 09:18:00+09:00,1000.0,1000.0,996.0,996.0,118,0.0,0.0
2024-10-11 09:19:00+09:00,995.0,995.0,995.0,995.0,2,0.0,0.0
2024-10-11 09:20:00+09:00,996.0,996.0,996.0,996.0,1,0.0,0.0
2024-10-11 09:22:00+09:00,995.0,995.0,995.0,995.0,0,0.0,0.0
2024-10-11 09:25:00+09:00,995.0,995.0,995.0,995.0,196,0.0,0.0
2024-10-11 09:28:00+09:00,995.0,995.0,995.0,995.0,104,0.0,0.0
2024-10-11 09:31:00+09:00,995.0,995.0,995.0,995.0,0,0.0,0.0
2024-10-11 09:35:00+09:00,995.0,995.0,995.0,995.0,16,0.0,0.0
2024-10-11 09:42:00+09:00,997.0,997.0,997.0,997.0,22,0.0,0.0
2024-10-11 09:43:00+09:00,997.0,997.0,997.0,997.0,0,0.0,0.0
2024-10-11 09:44:00+09:00,997.0,997.0,997.0,997.0,617,0.0,0.0
2024-10-11 09:53:00+09:00,997.0,997.0,997.0,997.0,0,0.0,0.0
2024-10-11 09:54:00+09:00,998.0,998.0,998.0,998.0,1,0.0,0.0
2024-10-11 09:57:00+09:00,998.0,998.0,996.0,996.0,24,0.0,0.0
2024-10-11 09:58:00+09:00,996.0,996.0,996.0,996.0,309,0.0,0.0
2024-10-11 09:59:00+09:00,997.0,997.0,997.0,997.0,33,0.0,0.0
2024-10-11 10:02:00+09:00,997.0,1000.0,997.0,1000.0,0,0.0,0.0
2024-10-11 10:03:00+09:00,998.0,998.0,998.0,998.0,7,0.0,0.0
2024-10-11 10:04:00+09:00,998.0,998.0,998.0,998.0,2,0.0,0.0
2024-10-11 10:11:00+09:00,998.0,1000.0,998.0,998.0,18,0.0,0.0
2024-10-11 10:12:00+09:00,998.0,998.0,998.0,998.0,0,0.0,0.0
2024-10-11 10:13:00+09:00,999.0,1002.0,999.0,1001.0,45,0.0,0.0
2024-10-11 10:14:00+09:00,999.0,1002.0,999.0,1002.0,20,0.0,0.0
2024-10-11 10:15:00+09:00,999.0,1002.0,999.0,1002.0,5,0.0,0.0
2024-10-11 10:17:00+09:00,999.0,999.0,999.0,999.0,3,0.0,0.0
2024-10-11 10:23:00+09:00,999.0,1000.0,999.0,1000.0,4,0.0,0.0
2024-10-11 10:31:00+09:00,1000.0,1000.0,1000.0,1000.0,2679,0.0,0.0
2024-10-11 10:32:00+09:00,1001.0,1001.0,1001.0,1001.0,0,0.0,0.0
2024-10-11 10:33:00+09:00,1002.0,1002.0,1001.0,1002.0,282,0.0,0.0
2024-10-11 10:35:00+09:00,1002.0,1002.0,1002.0,1002.0,1004,0.0,0.0
2024-10-11 10:37:00+09:00,1002.0,1002.0,1001.0,1001.0,0,0.0,0.0
2024-10-11 10:38:00+09:00,1001.0,1001.0,1001.0,1001.0,2,0.0,0.0
2024-10-11 10:40:00+09:00,1001.0,1001.0,1001.0,1001.0,23,0.0,0.0
2024-10-11 10:41:00+09:00,1002.0,1002.0,1002.0,1002.0,7,0.0,0.0
2024-10-11 10:42:00+09:00,1002.0,1002.0,1002.0,1002.0,506,0.0,0.0
2024-10-11 10:43:00+09:00,1002.0,1002.0,1002.0,1002.0,122,0.0,0.0
2024-10-11 10:44:00+09:00,1003.0,1003.0,1003.0,1003.0,1,0.0,0.0
2024-10-11 10:45:00+09:00,1003.0,1003.0,1003.0,1003.0,97,0.0,0.0
2024-10-11 10:46:00+09:00,1003.0,1003.0,1002.0,1003.0,95,0.0,0.0
2024-10-11 10:48:00+09:00,1002.0,1002.0,995.0,999.0,4011,0.0,0.0
2024-10-11 10:49:00+09:00,999.0,999.0,999.0,999.0,3,0.0,0.0
2024-10-11 10:51:00+09:00,997.0,997.0,997.0,997.0,320,0.0,0.0
2024-10-11 10:53:00+09:00,998.0,998.0,998.0,998.0,4,0.0,0.0
2024-10-11 10:54:00+09:00,998.0,998.0,998.0,998.0,6,0.0,0.0
2024-10-11 10:55:00+09:00,1000.0,1003.0,1000.0,1003.0,4,0.0,0.0
2024-10-11 10:56:00+09:00,1000.0,1003.0,1000.0,1003.0,15,0.0,0.0
2024-10-11 10:57:00+09:00,1000.0,1000.0,1000.0,1000.0,0,0.0,0.0
2024-10-11 11:08:00+09:00,998.0,998.0,997.0,997.0,321,0.0,0.0
2024-10-11 11:09:00+09:00,998.0,998.0,998.0,998.0,0,0.0,0.0
2024-10-11 11:10:00+09:00,998.0,998.0,993.0,996.0,2863,0.0,0.0
2024-10-11 11:11:00+09:00,996.0,996.0,996.0,996.0,26,0.0,0.0
2024-10-11 11:12:00+09:00,996.0,996.0,996.0,996.0,16,0.0,0.0
2024-10-11 11:13:00+09:00,996.0,996.0,996.0,996.0,6,0.0,0.0
2024-10-11 11:14:00+09:00,997.0,1003.0,997.0,997.0,58,0.0,0.0
2024-10-11 11:15:00+09:00,997.0,997.0,997.0,997.0,29,0.0,0.0
2024-10-11 11:16:00+09:00,997.0,997.0,997.0,997.0,23,0.0,0.0
2024-10-11 11:17:00+09:00,997.0,997.0,997.0,997.0,27,0.0,0.0
2024-10-11 11:18:00+09:00,997.0,997.0,997.0,997.0,7,0.0,0.0
2024-10-11 11:29:00+09:00,999.0,999.0,999.0,999.0,0,0.0,0.0
2024-10-11 11:38:00+09:00,999.0,999.0,999.0,999.0,19,0.0,0.0
2024-10-11 11:39:00+09:00,999.0,999.0,999.0,999.0,0,0.0,0.0
2024-10-11 11:44:00+09:00,998.0,998.0,995.0,995.0,4,0.0,0.0
2024-10-11 11:45:00+09:00,998.0,999.0,998.0,999.0,10,0.0,0.0
2024-10-11 12:07:00+09:00,995.0,995.0,995.0,995.0,1,0.0,0.0
2024-10-11 12:09:00+09:00,998.0,998.0,998.0,998.0,2,0.0,0.0
2024-10-11 12:16:00+09:00,998.0,1002.0,998.0,1002.0,570,0.0,0.0
2024-10-11 12:19:00+09:00,998.0,1003.0,998.0,1003.0,1017,0.0,0.0
2024-10-11 12:22:00+09:00,999.0,1000.0,999.0,1000.0,115,0.0,0.0
2024-10-11 12:52:00+09:00,999.0,999.0,999.0,999.0,0,0.0,0.0
2024-10-11 12:59:00+09:00,997.0,997.0,997.0,997.0,200,0.0,0.0
2024-10-11 13:02:00+09:00,997.0,997.0,996.0,996.0,1831,0.0,0.0
2024-10-11 13:03:00+09:00,996.0,996.0,996.0,996.0,32,0.0,0.0
2024-10-11 13:05:00+09:00,996.0,996.0,995.0,996.0,153,0.0,0.0
2024-10-11 13:07:00+09:00,995.0,995.0,993.0,993.0,577,0.0,0.0
2024-10-11 13:08:00+09:00,996.0,996.0,996.0,996.0,4,0.0,0.0
2024-10-11 13:11:00+09:00,996.0,996.0,996.0,996.0,16,0.0,0.0
2024-10-11 13:15:00+09:00,996.0,996.0,996.0,996.0,7,0.0,0.0
2024-10-11 13:16:00+09:00,996.0,1000.0,996.0,1000.0,1047,0.0,0.0
2024-10-11 13:17:00+09:00,997.0,1000.0,997.0,1000.0,5,0.0,0.0
2024-10-11 13:18:00+09:00,997.0,1000.0,997.0,1000.0,14,0.0,0.0
2024-10-11 13:21:00+09:00,1000.0,1000.0,1000.0,1000.0,4,0.0,0.0
2024-10-11 13:22:00+09:00,1000.0,1000.0,1000.0,1000.0,8,0.0,0.0
2024-10-11 13:26:00+09:00,1000.0,1000.0,997.0,997.0,1091,0.0,0.0
2024-10-11 13:27:00+09:00,1001.0,1001.0,1001.0,1001.0,7,0.0,0.0
2024-10-11 13:28:00+09:00,999.0,1002.0,999.0,1002.0,14,0.0,0.0
2024-10-11 13:30:00+09:00,999.0,1002.0,999.0,1002.0,7,0.0,0.0
2024-10-11 13:31:00+09:00,1002.0,1002.0,1002.0,1002.0,3,0.0,0.0
2024-10-11 13:46:00+09:00,999.0,1004.0,999.0,1004.0,1764,0.0,0.0
2024-10-11 13:47:00+09:00,1003.0,1003.0,997.0,997.0,0,0.0,0.0
2024-10-11 13:49:00+09:00,997.0,997.0,996.0,996.0,290,0.0,0.0
2024-10-11 13:59:00+09:00,996.0,996.0,996.0,996.0,2,0.0,0.0
2024-10-11 14:00:00+09:00,996.0,996.0,996.0,996.0,1,0.0,0.0
2024-10-11 14:01:00+09:00,997.0,1000.0,997.0,1000.0,75,0.0,0.0
2024-10-11 14:04:00+09:00,996.0,996.0,996.0,996.0,54,0.0,0.0
2024-10-11 14:05:00+09:00,998.0,999.0,998.0,999.0,30,0.0,0.0
2024-10-11 14:06:00+09:00,999.0,999.0,999.0,999.0,7,0.0,0.0
2024-10-11 14:07:00+09:00,999.0,999.0,999.0,999.0,0,0.0,0.0
2024-10-11 14:08:00+09:00,999.0,1000.0,999.0,1000.0,54,0.0,0.0
2024-10-11 14:09:00+09:00,999.0,1000.0,999.0,999.0,11,0.0,0.0
2024-10-11 14:10:00+09:00,999.0,1000.0,999.0,999.0,24,0.0,0.0
2024-10-11 14:13:00+09:00,998.0,998.0,998.0,998.0,0,0.0,0.0
2024-10-11 14:15:00+09:00,998.0,998.0,998.0,998.0,21,0.0,0.0
2024-10-11 14:17:00+09:00,998.0,998.0,998.0,998.0,1051,0.0,0.0
2024-10-11 14:21:00+09:00,996.0,996.0,996.0,996.0,3564,0.0,0.0
2024-10-11 14:22:00+09:00,998.0,998.0,998.0,998.0,0,0.0,0.0
2024-10-11 14:25:00+09:00,996.0,996.0,996.0,996.0,740,0.0,0.0
2024-10-11 14:29:00+09:00,998.0,998.0,998.0,998.0,0,0.0,0.0
2024-10-11 14:35:00+09:00,996.0,996.0,996.0,996.0,446,0.0,0.0
2024-10-11 14:36:00+09:00,996.0,996.0,996.0,996.0,5591,0.0,0.0
2024-10-11 14:37:00+09:00,996.0,996.0,996.0,996.0,0,0.0,0.0
2024-10-11 14:44:00+09:00,996.0,996.0,996.0,996.0,200,0.0,0.0
2024-10-11 14:46:00+09:00,996.0,996.0,996.0,996.0,400,0.0,0.0
2024-10-11 14:51:00+09:00,998.0,998.0,998.0,998.0,38,0.0,0.0
2024-10-11 14:57:00+09:00,998.0,998.0,998.0,998.0,2,0.0,0.0
