Datetime,Open,High,Low,Close,Volume,Dividends,Stock Splits
2024-09-19 09:30:00-04:00,6.369999885559082,6.53000020980835,6.369999885559082,6.510000228881836,87752,0.0,0.0
2024-09-19 09:35:00-04:00,6.510000228881836,6.570000171661377,6.489999771118164,6.570000171661377,34602,0.0,0.0
2024-09-19 09:40:00-04:00,6.570000171661377,6.570899963378906,6.460000038146973,6.460000038146973,50709,0.0,0.0
2024-09-19 09:45:00-04:00,6.454999923706055,6.460000038146973,6.389999866485596,6.414999961853027,21670,0.0,0.0
2024-09-19 09:50:00-04:00,6.414999961853027,6.489999771118164,6.414999961853027,6.480000019073486,29401,0.0,0.0
2024-09-19 09:55:00-04:00,6.480000019073486,6.525000095367432,6.449999809265137,6.454999923706055,98760,0.0,0.0
2024-09-19 10:00:00-04:00,6.449999809265137,6.460000038146973,6.315000057220459,6.364999771118164,120690,0.0,0.0
2024-09-19 10:05:00-04:00,6.360000133514404,6.380000114440918,6.355000019073486,6.355000019073486,71154,0.0,0.0
2024-09-19 10:10:00-04:00,6.360000133514404,6.375,6.355000019073486,6.360000133514404,20887,0.0,0.0
2024-09-19 10:15:00-04:00,6.369999885559082,6.449999809265137,6.3649001121521,6.449999809265137,86792,0.0,0.0
2024-09-19 10:20:00-04:00,6.449999809265137,6.449999809265137,6.400000095367432,6.401299953460693,41259,0.0,0.0
2024-09-19 10:25:00-04:00,6.400000095367432,6.425000190734863,6.389999866485596,6.425000190734863,38250,0.0,0.0
2024-09-19 10:30:00-04:00,6.425000190734863,6.465000152587891,6.420000076293945,6.465000152587891,31098,0.0,0.0
2024-09-19 10:35:00-04:00,6.46999979019165,6.505000114440918,6.46999979019165,6.505000114440918,61393,0.0,0.0
2024-09-19 10:40:00-04:00,6.505000114440918,6.505000114440918,6.454999923706055,6.460000038146973,64848,0.0,0.0
2024-09-19 10:45:00-04:00,6.460000038146973,6.480000019073486,6.445000171661377,6.465000152587891,46534,0.0,0.0
2024-09-19 10:50:00-04:00,6.465000152587891,6.465000152587891,6.420000076293945,6.425000190734863,38123,0.0,0.0
2024-09-19 10:55:00-04:00,6.425000190734863,6.465000152587891,6.420000076293945,6.460000038146973,41109,0.0,0.0
2024-09-19 11:00:00-04:00,6.465000152587891,6.494999885559082,6.465000152587891,6.494999885559082,12977,0.0,0.0
2024-09-19 11:05:00-04:00,6.494999885559082,6.5,6.489999771118164,6.494999885559082,13895,0.0,0.0
2024-09-19 11:10:00-04:00,6.494999885559082,6.5,6.454999923706055,6.454999923706055,51808,0.0,0.0
2024-09-19 11:15:00-04:00,6.449999809265137,6.460000038146973,6.425000190734863,6.440000057220459,61294,0.0,0.0
2024-09-19 11:20:00-04:00,6.440000057220459,6.5,6.440000057220459,6.480000019073486,47454,0.0,0.0
2024-09-19 11:25:00-04:00,6.485000133514404,6.489999771118164,6.474999904632568,6.480000019073486,20468,0.0,0.0
2024-09-19 11:30:00-04:00,6.485000133514404,6.494999885559082,6.480000019073486,6.494999885559082,8042,0.0,0.0
2024-09-19 11:35:00-04:00,6.489999771118164,6.494999885559082,6.460000038146973,6.46999979019165,29424,0.0,0.0
2024-09-19 11:40:00-04:00,6.46999979019165,6.474999904632568,6.460000038146973,6.474999904632568,15626,0.0,0.0
2024-09-19 11:45:00-04:00,6.46999979019165,6.480000019073486,6.46999979019165,6.480000019073486,25429,0.0,0.0
2024-09-19 11:50:00-04:00,6.474999904632568,6.494999885559082,6.445000171661377,6.494999885559082,42555,0.0,0.0
2024-09-19 11:55:00-04:00,6.5,6.5,6.480000019073486,6.485000133514404,19868,0.0,0.0
2024-09-19 12:00:00-04:00,6.480000019073486,6.510000228881836,6.480000019073486,6.510000228881836,21115,0.0,0.0
2024-09-19 12:05:00-04:00,6.505000114440918,6.545000076293945,6.504000186920166,6.541100025177002,22891,0.0,0.0
2024-09-19 12:10:00-04:00,6.545000076293945,6.559999942779541,6.545000076293945,6.559999942779541,29935,0.0,0.0
2024-09-19 12:15:00-04:00,6.559999942779541,6.585000038146973,6.54010009765625,6.541900157928467,37813,0.0,0.0
2024-09-19 12:20:00-04:00,6.542782783508301,6.545000076293945,6.534999847412109,6.534999847412109,13060,0.0,0.0
2024-09-19 12:25:00-04:00,6.53000020980835,6.534999847412109,6.519999980926514,6.525000095367432,31715,0.0,0.0
2024-09-19 12:30:00-04:00,6.519999980926514,6.550000190734863,6.519999980926514,6.545000076293945,31770,0.0,0.0
2024-09-19 12:35:00-04:00,6.545000076293945,6.550000190734863,6.545000076293945,6.550000190734863,5955,0.0,0.0
2024-09-19 12:40:00-04:00,6.545000076293945,6.559999942779541,6.539999961853027,6.554999828338623,28842,0.0,0.0
2024-09-19 12:45:00-04:00,6.554999828338623,6.559999942779541,6.539999961853027,6.545000076293945,26929,0.0,0.0
2024-09-19 12:50:00-04:00,6.545000076293945,6.559999942779541,6.539999961853027,6.55049991607666,17879,0.0,0.0
2024-09-19 12:55:00-04:00,6.554999828338623,6.559999942779541,6.534999847412109,6.550000190734863,38549,0.0,0.0
2024-09-19 13:00:00-04:00,6.554999828338623,6.570000171661377,6.550000190734863,6.550000190734863,17886,0.0,0.0
2024-09-19 13:05:00-04:00,6.550000190734863,6.550000190734863,6.534999847412109,6.539999961853027,16479,0.0,0.0
2024-09-19 13:10:00-04:00,6.534999847412109,6.539999961853027,6.53000020980835,6.534999847412109,9617,0.0,0.0
2024-09-19 13:15:00-04:00,6.539999961853027,6.559999942779541,6.539999961853027,6.554999828338623,42868,0.0,0.0
2024-09-19 13:20:00-04:00,6.559999942779541,6.585999965667725,6.554999828338623,6.579999923706055,20662,0.0,0.0
2024-09-19 13:25:00-04:00,6.585000038146973,6.590000152587891,6.565000057220459,6.565000057220459,33769,0.0,0.0
2024-09-19 13:30:00-04:00,6.559999942779541,6.585000038146973,6.559999942779541,6.585000038146973,21118,0.0,0.0
2024-09-19 13:35:00-04:00,6.585000038146973,6.599999904632568,6.585000038146973,6.585000038146973,56263,0.0,0.0
2024-09-19 13:40:00-04:00,6.580699920654297,6.580699920654297,6.570000171661377,6.574999809265137,11060,0.0,0.0
2024-09-19 13:45:00-04:00,6.574999809265137,6.579999923706055,6.559999942779541,6.559999942779541,27022,0.0,0.0
2024-09-19 13:50:00-04:00,6.559999942779541,6.610000133514404,6.559999942779541,6.610000133514404,37413,0.0,0.0
2024-09-19 13:55:00-04:00,6.610000133514404,6.619999885559082,6.610000133514404,6.614999771118164,17444,0.0,0.0
2024-09-19 14:00:00-04:00,6.610000133514404,6.619999885559082,6.610000133514404,6.614999771118164,8084,0.0,0.0
2024-09-19 14:05:00-04:00,6.614999771118164,6.619999885559082,6.599999904632568,6.605000019073486,60082,0.0,0.0
2024-09-19 14:10:00-04:00,6.599999904632568,6.630000114440918,6.59499979019165,6.614999771118164,40197,0.0,0.0
2024-09-19 14:15:00-04:00,6.610000133514404,6.610000133514404,6.590000152587891,6.59499979019165,32809,0.0,0.0
2024-09-19 14:20:00-04:00,6.59499979019165,6.59499979019165,6.539999961853027,6.545000076293945,51483,0.0,0.0
2024-09-19 14:25:00-04:00,6.539999961853027,6.539999961853027,6.510000228881836,6.510000228881836,45049,0.0,0.0
2024-09-19 14:30:00-04:00,6.514999866485596,6.519999980926514,6.505000114440918,6.510000228881836,20728,0.0,0.0
2024-09-19 14:35:00-04:00,6.510000228881836,6.539999961853027,6.5,6.534999847412109,33156,0.0,0.0
2024-09-19 14:40:00-04:00,6.534999847412109,6.534999847412109,6.53000020980835,6.534999847412109,14490,0.0,0.0
2024-09-19 14:45:00-04:00,6.53000020980835,6.539999961853027,6.525000095367432,6.53000020980835,30743,0.0,0.0
2024-09-19 14:50:00-04:00,6.53000020980835,6.534999847412109,6.519999980926514,6.53000020980835,18595,0.0,0.0
2024-09-19 14:55:00-04:00,6.519999980926514,6.539999961853027,6.519999980926514,6.534999847412109,38340,0.0,0.0
2024-09-19 15:00:00-04:00,6.534999847412109,6.534999847412109,6.414999961853027,6.480000019073486,198366,0.0,0.0
2024-09-19 15:05:00-04:00,6.480000019073486,6.5,6.480000019073486,6.494999885559082,10507,0.0,0.0
2024-09-19 15:10:00-04:00,6.485000133514404,6.485000133514404,6.454999923706055,6.474999904632568,58225,0.0,0.0
2024-09-19 15:15:00-04:00,6.474999904632568,6.474999904632568,6.449999809265137,6.454999923706055,28817,0.0,0.0
2024-09-19 15:20:00-04:00,6.454999923706055,6.460000038146973,6.440000057220459,6.440000057220459,49109,0.0,0.0
2024-09-19 15:25:00-04:00,6.445000171661377,6.465000152587891,6.414999961853027,6.460000038146973,78092,0.0,0.0
2024-09-19 15:30:00-04:00,6.460000038146973,6.465000152587891,6.449999809265137,6.449999809265137,46296,0.0,0.0
2024-09-19 15:35:00-04:00,6.449999809265137,6.46999979019165,6.445000171661377,6.465000152587891,66203,0.0,0.0
2024-09-19 15:40:00-04:00,6.46999979019165,6.510000228881836,6.46999979019165,6.5,57736,0.0,0.0
2024-09-19 15:45:00-04:00,6.5,6.525000095367432,6.5,6.5,130043,0.0,0.0
2024-09-19 15:50:00-04:00,6.510000228881836,6.510000228881836,6.489999771118164,6.489999771118164,92779,0.0,0.0
2024-09-19 15:55:00-04:00,6.480000019073486,6.5,6.46999979019165,6.489999771118164,299381,0.0,0.0
2024-09-20 09:30:00-04:00,6.389999866485596,6.559999942779541,6.324999809265137,6.349999904632568,245634,0.0,0.0
2024-09-20 09:35:00-04:00,6.360000133514404,6.400000095367432,6.349999904632568,6.380000114440918,30235,0.0,0.0
2024-09-20 09:40:00-04:00,6.369999885559082,6.480000019073486,6.369999885559082,6.480000019073486,50664,0.0,0.0
2024-09-20 09:45:00-04:00,6.480000019073486,6.494999885559082,6.460000038146973,6.480000019073486,35404,0.0,0.0
2024-09-20 09:50:00-04:00,6.488900184631348,6.559999942779541,6.485000133514404,6.539999961853027,53848,0.0,0.0
2024-09-20 09:55:00-04:00,6.545000076293945,6.605000019073486,6.525000095367432,6.570000171661377,61707,0.0,0.0
2024-09-20 10:00:00-04:00,6.559999942779541,6.619999885559082,6.559999942779541,6.619999885559082,18894,0.0,0.0
2024-09-20 10:05:00-04:00,6.619999885559082,6.635000228881836,6.53000020980835,6.53000020980835,28841,0.0,0.0
2024-09-20 10:10:00-04:00,6.534999847412109,6.599999904632568,6.53000020980835,6.599999904632568,28284,0.0,0.0
2024-09-20 10:15:00-04:00,6.599999904632568,6.644999980926514,6.590000152587891,6.630000114440918,18289,0.0,0.0
2024-09-20 10:20:00-04:00,6.630000114440918,6.6875,6.610000133514404,6.610000133514404,32217,0.0,0.0
2024-09-20 10:25:00-04:00,6.610000133514404,6.614999771118164,6.579999923706055,6.610000133514404,16021,0.0,0.0
2024-09-20 10:30:00-04:00,6.610000133514404,6.659999847412109,6.610000133514404,6.650000095367432,27234,0.0,0.0
2024-09-20 10:35:00-04:00,6.639999866485596,6.659999847412109,6.619999885559082,6.619999885559082,23606,0.0,0.0
2024-09-20 10:40:00-04:00,6.619999885559082,6.630000114440918,6.570000171661377,6.574999809265137,27787,0.0,0.0
2024-09-20 10:45:00-04:00,6.570000171661377,6.579999923706055,6.550000190734863,6.550000190734863,19729,0.0,0.0
2024-09-20 10:50:00-04:00,6.550000190734863,6.565000057220459,6.510000228881836,6.525000095367432,113553,0.0,0.0
2024-09-20 10:55:00-04:00,6.519999980926514,6.53000020980835,6.510000228881836,6.514999866485596,70011,0.0,0.0
2024-09-20 11:00:00-04:00,6.514999866485596,6.539999961853027,6.510000228881836,6.53000020980835,22107,0.0,0.0
2024-09-20 11:05:00-04:00,6.53000020980835,6.534999847412109,6.5,6.53000020980835,45801,0.0,0.0
2024-09-20 11:10:00-04:00,6.53000020980835,6.585000038146973,6.519999980926514,6.585000038146973,29202,0.0,0.0
2024-09-20 11:15:00-04:00,6.585000038146973,6.605000019073486,6.579999923706055,6.605000019073486,12339,0.0,0.0
2024-09-20 11:20:00-04:00,6.605000019073486,6.614999771118164,6.585000038146973,6.614999771118164,30234,0.0,0.0
2024-09-20 11:25:00-04:00,6.610000133514404,6.610000133514404,6.59499979019165,6.599999904632568,16188,0.0,0.0
2024-09-20 11:30:00-04:00,6.599999904632568,6.639999866485596,6.59499979019165,6.630000114440918,32769,0.0,0.0
2024-09-20 11:35:00-04:00,6.635000228881836,6.659999847412109,6.635000228881836,6.65500020980835,32754,0.0,0.0
2024-09-20 11:40:00-04:00,6.659999847412109,6.664999961853027,6.65500020980835,6.659999847412109,12169,0.0,0.0
2024-09-20 11:45:00-04:00,6.659999847412109,6.690000057220459,6.659999847412109,6.684999942779541,14054,0.0,0.0
2024-09-20 11:50:00-04:00,6.690000057220459,6.699999809265137,6.684999942779541,6.690800189971924,15359,0.0,0.0
2024-09-20 11:55:00-04:00,6.690000057220459,6.704999923706055,6.690000057220459,6.704999923706055,6654,0.0,0.0
2024-09-20 12:00:00-04:00,6.699999809265137,6.735000133514404,6.695000171661377,6.735000133514404,49360,0.0,0.0
2024-09-20 12:05:00-04:00,6.730000019073486,6.758999824523926,6.730000019073486,6.75,28897,0.0,0.0
2024-09-20 12:10:00-04:00,6.75,6.755000114440918,6.710000038146973,6.710000038146973,34298,0.0,0.0
2024-09-20 12:15:00-04:00,6.710000038146973,6.710000038146973,6.679999828338623,6.690000057220459,20554,0.0,0.0
2024-09-20 12:20:00-04:00,6.690000057220459,6.71999979019165,6.690000057220459,6.711900234222412,24299,0.0,0.0
2024-09-20 12:25:00-04:00,6.71999979019165,6.71999979019165,6.630000114440918,6.630000114440918,50482,0.0,0.0
2024-09-20 12:30:00-04:00,6.630000114440918,6.630000114440918,6.59499979019165,6.599999904632568,12440,0.0,0.0
2024-09-20 12:35:00-04:00,6.599999904632568,6.630000114440918,6.599999904632568,6.619999885559082,26092,0.0,0.0
2024-09-20 12:40:00-04:00,6.619999885559082,6.619999885559082,6.599999904632568,6.610000133514404,40983,0.0,0.0
2024-09-20 12:45:00-04:00,6.614999771118164,6.614999771118164,6.590000152587891,6.59499979019165,16038,0.0,0.0
2024-09-20 12:50:00-04:00,6.59499979019165,6.614999771118164,6.59499979019165,6.610000133514404,11393,0.0,0.0
2024-09-20 12:55:00-04:00,6.610000133514404,6.619999885559082,6.590000152587891,6.59499979019165,79753,0.0,0.0
2024-09-20 13:00:00-04:00,6.590000152587891,6.599999904632568,6.570000171661377,6.570000171661377,24666,0.0,0.0
2024-09-20 13:05:00-04:00,6.574999809265137,6.579999923706055,6.570000171661377,6.570000171661377,10793,0.0,0.0
2024-09-20 13:10:00-04:00,6.570000171661377,6.614999771118164,6.570000171661377,6.614999771118164,53395,0.0,0.0
2024-09-20 13:15:00-04:00,6.619999885559082,6.630000114440918,6.610000133514404,6.625,33279,0.0,0.0
2024-09-20 13:20:00-04:00,6.625,6.630000114440918,6.610000133514404,6.610000133514404,29066,0.0,0.0
2024-09-20 13:25:00-04:00,6.610000133514404,6.619999885559082,6.599999904632568,6.610000133514404,23050,0.0,0.0
2024-09-20 13:30:00-04:00,6.605000019073486,6.614999771118164,6.599999904632568,6.605000019073486,17342,0.0,0.0
2024-09-20 13:35:00-04:00,6.605000019073486,6.610000133514404,6.59499979019165,6.605000019073486,24730,0.0,0.0
2024-09-20 13:40:00-04:00,6.610000133514404,6.675000190734863,6.610000133514404,6.659999847412109,31109,0.0,0.0
2024-09-20 13:45:00-04:00,6.659999847412109,6.675000190734863,6.659999847412109,6.664999961853027,11829,0.0,0.0
2024-09-20 13:50:00-04:00,6.664999961853027,6.679999828338623,6.659999847412109,6.670000076293945,18618,0.0,0.0
2024-09-20 13:55:00-04:00,6.670000076293945,6.704999923706055,6.670000076293945,6.704999923706055,27615,0.0,0.0
2024-09-20 14:00:00-04:00,6.704999923706055,6.710000038146973,6.670000076293945,6.679999828338623,35901,0.0,0.0
2024-09-20 14:05:00-04:00,6.679999828338623,6.690000057220459,6.679999828338623,6.679999828338623,13410,0.0,0.0
2024-09-20 14:10:00-04:00,6.679999828338623,6.699999809265137,6.679999828338623,6.695000171661377,13011,0.0,0.0
2024-09-20 14:15:00-04:00,6.695000171661377,6.71999979019165,6.690000057220459,6.71999979019165,27944,0.0,0.0
2024-09-20 14:20:00-04:00,6.715000152587891,6.71999979019165,6.690000057220459,6.690000057220459,24743,0.0,0.0
2024-09-20 14:25:00-04:00,6.690000057220459,6.699999809265137,6.690000057220459,6.690000057220459,12294,0.0,0.0
2024-09-20 14:30:00-04:00,6.690000057220459,6.690000057220459,6.670000076293945,6.690000057220459,30454,0.0,0.0
2024-09-20 14:35:00-04:00,6.684999942779541,6.715000152587891,6.675000190734863,6.699999809265137,71812,0.0,0.0
2024-09-20 14:40:00-04:00,6.699999809265137,6.710000038146973,6.690000057220459,6.699999809265137,20878,0.0,0.0
2024-09-20 14:45:00-04:00,6.699999809265137,6.710000038146973,6.699999809265137,6.699999809265137,21760,0.0,0.0
2024-09-20 14:50:00-04:00,6.699999809265137,6.710000038146973,6.699999809265137,6.699999809265137,23176,0.0,0.0
2024-09-20 14:55:00-04:00,6.699999809265137,6.704999923706055,6.65500020980835,6.659999847412109,51387,0.0,0.0
2024-09-20 15:00:00-04:00,6.662399768829346,6.695000171661377,6.650000095367432,6.684999942779541,45398,0.0,0.0
2024-09-20 15:05:00-04:00,6.679999828338623,6.690000057220459,6.670000076293945,6.670000076293945,33775,0.0,0.0
2024-09-20 15:10:00-04:00,6.670000076293945,6.679999828338623,6.659999847412109,6.659999847412109,22016,0.0,0.0
2024-09-20 15:15:00-04:00,6.664999961853027,6.664999961853027,6.614999771118164,6.614999771118164,50114,0.0,0.0
2024-09-20 15:20:00-04:00,6.619999885559082,6.636703968048096,6.610000133514404,6.619999885559082,66327,0.0,0.0
2024-09-20 15:25:00-04:00,6.619999885559082,6.639999866485596,6.619999885559082,6.630000114440918,73957,0.0,0.0
2024-09-20 15:30:00-04:00,6.635000228881836,6.635000228881836,6.579999923706055,6.579999923706055,66980,0.0,0.0
2024-09-20 15:35:00-04:00,6.579999923706055,6.605000019073486,6.550000190734863,6.550000190734863,125252,0.0,0.0
2024-09-20 15:40:00-04:00,6.554999828338623,6.565000057220459,6.53000020980835,6.53000020980835,94130,0.0,0.0
2024-09-20 15:45:00-04:00,6.534999847412109,6.539999961853027,6.465000152587891,6.474999904632568,203696,0.0,0.0
2024-09-20 15:50:00-04:00,6.46999979019165,6.550000190734863,6.465000152587891,6.534999847412109,106366,0.0,0.0
2024-09-20 15:55:00-04:00,6.534999847412109,6.559999942779541,6.510000228881836,6.559999942779541,217820,0.0,0.0
2024-09-23 09:30:00-04:00,6.519999980926514,6.619999885559082,6.5,6.619999885559082,53393,0.0,0.0
2024-09-23 09:35:00-04:00,6.619999885559082,6.78000020980835,6.619999885559082,6.775000095367432,86096,0.0,0.0
2024-09-23 09:40:00-04:00,6.769999980926514,6.917200088500977,6.769999980926514,6.889999866485596,238654,0.0,0.0
2024-09-23 09:45:00-04:00,6.889999866485596,6.909999847412109,6.78000020980835,6.815000057220459,101091,0.0,0.0
2024-09-23 09:50:00-04:00,6.815000057220459,6.847099781036377,6.804999828338623,6.804999828338623,95234,0.0,0.0
2024-09-23 09:55:00-04:00,6.809999942779541,6.829999923706055,6.769999980926514,6.769999980926514,72279,0.0,0.0
2024-09-23 10:00:00-04:00,6.775000095367432,6.875,6.760000228881836,6.875,84548,0.0,0.0
2024-09-23 10:05:00-04:00,6.875,6.934999942779541,6.850100040435791,6.929999828338623,119054,0.0,0.0
2024-09-23 10:10:00-04:00,6.934999942779541,6.940000057220459,6.900000095367432,6.920000076293945,69308,0.0,0.0
2024-09-23 10:15:00-04:00,6.914999961853027,6.914999961853027,6.855000019073486,6.90749979019165,106409,0.0,0.0
2024-09-23 10:20:00-04:00,6.909999847412109,6.940000057220459,6.900000095367432,6.934999942779541,33010,0.0,0.0
2024-09-23 10:25:00-04:00,6.934999942779541,7.01800012588501,6.929999828338623,6.96999979019165,125099,0.0,0.0
2024-09-23 10:30:00-04:00,6.974999904632568,6.974999904632568,6.900000095367432,6.900000095367432,96659,0.0,0.0
2024-09-23 10:35:00-04:00,6.900000095367432,7.010000228881836,6.889999866485596,6.994999885559082,87577,0.0,0.0
2024-09-23 10:40:00-04:00,6.989999771118164,6.994999885559082,6.925000190734863,6.934999942779541,141866,0.0,0.0
2024-09-23 10:45:00-04:00,6.929999828338623,6.960000038146973,6.920000076293945,6.934999942779541,112349,0.0,0.0
2024-09-23 10:50:00-04:00,6.934999942779541,6.940000057220459,6.920000076293945,6.925000190734863,62675,0.0,0.0
2024-09-23 10:55:00-04:00,6.855000019073486,6.860000133514404,6.800000190734863,6.800000190734863,69991,0.0,0.0
2024-09-23 11:00:00-04:00,6.800000190734863,6.824999809265137,6.75,6.75,55222,0.0,0.0
2024-09-23 11:05:00-04:00,6.75,6.75,6.715000152587891,6.71999979019165,47263,0.0,0.0
2024-09-23 11:10:00-04:00,6.710000038146973,6.760000228881836,6.684000015258789,6.744999885559082,50648,0.0,0.0
2024-09-23 11:15:00-04:00,6.739999771118164,6.75,6.695000171661377,6.71999979019165,60930,0.0,0.0
2024-09-23 11:20:00-04:00,6.710000038146973,6.730000019073486,6.710000038146973,6.730000019073486,21521,0.0,0.0
2024-09-23 11:25:00-04:00,6.735000133514404,6.735000133514404,6.699999809265137,6.710000038146973,50588,0.0,0.0
2024-09-23 11:30:00-04:00,6.710000038146973,6.730000019073486,6.704999923706055,6.724999904632568,35320,0.0,0.0
2024-09-23 11:35:00-04:00,6.730000019073486,6.800000190734863,6.730000019073486,6.795000076293945,42268,0.0,0.0
2024-09-23 11:40:00-04:00,6.800000190734863,6.84499979019165,6.789999961853027,6.840000152587891,37761,0.0,0.0
2024-09-23 11:45:00-04:00,6.84499979019165,6.860000133514404,6.84499979019165,6.849999904632568,19946,0.0,0.0
2024-09-23 11:50:00-04:00,6.860000133514404,6.860000133514404,6.849999904632568,6.855000019073486,28960,0.0,0.0
2024-09-23 11:55:00-04:00,6.855000019073486,6.855000019073486,6.820000171661377,6.829999923706055,67377,0.0,0.0
2024-09-23 12:00:00-04:00,6.829999923706055,6.829999923706055,6.809999942779541,6.829999923706055,22814,0.0,0.0
2024-09-23 12:05:00-04:00,6.824999809265137,6.829999923706055,6.789999961853027,6.789999961853027,29715,0.0,0.0
2024-09-23 12:10:00-04:00,6.795000076293945,6.800000190734863,6.78000020980835,6.789999961853027,14403,0.0,0.0
2024-09-23 12:15:00-04:00,6.78000020980835,6.784999847412109,6.760000228881836,6.784999847412109,32976,0.0,0.0
2024-09-23 12:20:00-04:00,6.784999847412109,6.809999942779541,6.784999847412109,6.800000190734863,36587,0.0,0.0
2024-09-23 12:25:00-04:00,6.800000190734863,6.809999942779541,6.800000190734863,6.800000190734863,25809,0.0,0.0
2024-09-23 12:30:00-04:00,6.800000190734863,6.855000019073486,6.78000020980835,6.78000020980835,72676,0.0,0.0
2024-09-23 12:35:00-04:00,6.789999961853027,6.804999828338623,6.760000228881836,6.764999866485596,32981,0.0,0.0
2024-09-23 12:40:00-04:00,6.769999980926514,6.840000152587891,6.75,6.75,106953,0.0,0.0
2024-09-23 12:45:00-04:00,6.739999771118164,6.755000114440918,6.704999923706055,6.755000114440918,66293,0.0,0.0
2024-09-23 12:50:00-04:00,6.755000114440918,6.760000228881836,6.735000133514404,6.739999771118164,49811,0.0,0.0
2024-09-23 12:55:00-04:00,6.739999771118164,6.769999980926514,6.735000133514404,6.760000228881836,59250,0.0,0.0
2024-09-23 13:00:00-04:00,6.760000228881836,6.809999942779541,6.760000228881836,6.789999961853027,66134,0.0,0.0
2024-09-23 13:05:00-04:00,6.795000076293945,6.820000171661377,6.789999961853027,6.800000190734863,190291,0.0,0.0
2024-09-23 13:10:00-04:00,6.800000190734863,6.829999923706055,6.795000076293945,6.815000057220459,95214,0.0,0.0
2024-09-23 13:15:00-04:00,6.815000057220459,6.815000057220459,6.800000190734863,6.804999828338623,26818,0.0,0.0
2024-09-23 13:20:00-04:00,6.809999942779541,6.864999771118164,6.800000190734863,6.815000057220459,106031,0.0,0.0
2024-09-23 13:25:00-04:00,6.815000057220459,6.840000152587891,6.800000190734863,6.815000057220459,40684,0.0,0.0
2024-09-23 13:30:00-04:00,6.820000171661377,6.840000152587891,6.820000171661377,6.827499866485596,75134,0.0,0.0
2024-09-23 13:35:00-04:00,6.820000171661377,6.889999866485596,6.815000057220459,6.840000152587891,104093,0.0,0.0
2024-09-23 13:40:00-04:00,6.849999904632568,6.849999904632568,6.820000171661377,6.824999809265137,37300,0.0,0.0
2024-09-23 13:45:00-04:00,6.824999809265137,6.840000152587891,6.820000171661377,6.824999809265137,62382,0.0,0.0
2024-09-23 13:50:00-04:00,6.829999923706055,6.829999923706055,6.809999942779541,6.817500114440918,36414,0.0,0.0
2024-09-23 13:55:00-04:00,6.809999942779541,6.815000057220459,6.78000020980835,6.784999847412109,25270,0.0,0.0
2024-09-23 14:00:00-04:00,6.78000020980835,6.784999847412109,6.75,6.764999866485596,40761,0.0,0.0
2024-09-23 14:05:00-04:00,6.764999866485596,6.769999980926514,6.739999771118164,6.75,25535,0.0,0.0
2024-09-23 14:10:00-04:00,6.75,6.760000228881836,6.739999771118164,6.755000114440918,23752,0.0,0.0
2024-09-23 14:15:00-04:00,6.755000114440918,6.78000020980835,6.75,6.775000095367432,41543,0.0,0.0
2024-09-23 14:20:00-04:00,6.78000020980835,6.795000076293945,6.775000095367432,6.784999847412109,43786,0.0,0.0
2024-09-23 14:25:00-04:00,6.784999847412109,6.789999961853027,6.78000020980835,6.78000020980835,25003,0.0,0.0
2024-09-23 14:30:00-04:00,6.78000020980835,6.78000020980835,6.769999980926514,6.769999980926514,42586,0.0,0.0
2024-09-23 14:35:00-04:00,6.769999980926514,6.769999980926514,6.760000228881836,6.764999866485596,23769,0.0,0.0
2024-09-23 14:40:00-04:00,6.764999866485596,6.769999980926514,6.75,6.75,39549,0.0,0.0
2024-09-23 14:45:00-04:00,6.75,6.760000228881836,6.739999771118164,6.739999771118164,27227,0.0,0.0
2024-09-23 14:50:00-04:00,6.739999771118164,6.744999885559082,6.699999809265137,6.699999809265137,53594,0.0,0.0
2024-09-23 14:55:00-04:00,6.699999809265137,6.715000152587891,6.699999809265137,6.704999923706055,53636,0.0,0.0
2024-09-23 15:00:00-04:00,6.704999923706055,6.710000038146973,6.690000057220459,6.695000171661377,47297,0.0,0.0
2024-09-23 15:05:00-04:00,6.699999809265137,6.730000019073486,6.699999809265137,6.71999979019165,43855,0.0,0.0
2024-09-23 15:10:00-04:00,6.71999979019165,6.769999980926514,6.710000038146973,6.769999980926514,51189,0.0,0.0
2024-09-23 15:15:00-04:00,6.769999980926514,6.789999961853027,6.764999866485596,6.789999961853027,45530,0.0,0.0
2024-09-23 15:20:00-04:00,6.789999961853027,6.795000076293945,6.78000020980835,6.784999847412109,50349,0.0,0.0
2024-09-23 15:25:00-04:00,6.784999847412109,6.789999961853027,6.775000095367432,6.78000020980835,64103,0.0,0.0
2024-09-23 15:30:00-04:00,6.784999847412109,6.784999847412109,6.769999980926514,6.775000095367432,59989,0.0,0.0
2024-09-23 15:35:00-04:00,6.775000095367432,6.78000020980835,6.710000038146973,6.71999979019165,102389,0.0,0.0
2024-09-23 15:40:00-04:00,6.715000152587891,6.71999979019165,6.695000171661377,6.710000038146973,95904,0.0,0.0
2024-09-23 15:45:00-04:00,6.710000038146973,6.744999885559082,6.699999809265137,6.735000133514404,128491,0.0,0.0
2024-09-23 15:50:00-04:00,6.735000133514404,6.735000133514404,6.65500020980835,6.684999942779541,147882,0.0,0.0
2024-09-23 15:55:00-04:00,6.690000057220459,6.710000038146973,6.670000076293945,6.690000057220459,287205,0.0,0.0
2024-09-24 09:30:00-04:00,6.739999771118164,6.835000038146973,6.739999771118164,6.821400165557861,33372,0.0,0.0
2024-09-24 09:35:00-04:00,6.820000171661377,6.855000019073486,6.755000114440918,6.760000228881836,14772,0.0,0.0
2024-09-24 09:40:00-04:00,6.764999866485596,6.820000171661377,6.764999866485596,6.820000171661377,12859,0.0,0.0
2024-09-24 09:45:00-04:00,6.815000057220459,6.840000152587891,6.815000057220459,6.815000057220459,12201,0.0,0.0
2024-09-24 09:50:00-04:00,6.815000057220459,6.820000171661377,6.795000076293945,6.804999828338623,11741,0.0,0.0
2024-09-24 09:55:00-04:00,6.800000190734863,6.855000019073486,6.800000190734863,6.855000019073486,34275,0.0,0.0
2024-09-24 10:00:00-04:00,6.849999904632568,6.889999866485596,6.829999923706055,6.889999866485596,39663,0.0,0.0
2024-09-24 10:05:00-04:00,6.894999980926514,6.895999908447266,6.849999904632568,6.875,26962,0.0,0.0
2024-09-24 10:10:00-04:00,6.880000114440918,6.894999980926514,6.869999885559082,6.894999980926514,25017,0.0,0.0
2024-09-24 10:15:00-04:00,6.894999980926514,6.934999942779541,6.889999866485596,6.914999961853027,31490,0.0,0.0
2024-09-24 10:20:00-04:00,6.914999961853027,6.945000171661377,6.900000095367432,6.925000190734863,31103,0.0,0.0
2024-09-24 10:25:00-04:00,6.920000076293945,6.960000038146973,6.870100021362305,6.870100021362305,52669,0.0,0.0
2024-09-24 10:30:00-04:00,6.875,6.929999828338623,6.875,6.894999980926514,75465,0.0,0.0
2024-09-24 10:35:00-04:00,6.900000095367432,6.909999847412109,6.869999885559082,6.869999885559082,66070,0.0,0.0
2024-09-24 10:40:00-04:00,6.864999771118164,6.894999980926514,6.829999923706055,6.894999980926514,32971,0.0,0.0
2024-09-24 10:45:00-04:00,6.900000095367432,6.946000099182129,6.849999904632568,6.855000019073486,54676,0.0,0.0
2024-09-24 10:50:00-04:00,6.860000133514404,6.880000114440918,6.855000019073486,6.875,55328,0.0,0.0
2024-09-24 10:55:00-04:00,6.875,6.934999942779541,6.869999885559082,6.929999828338623,182208,0.0,0.0
2024-09-24 11:00:00-04:00,6.940000057220459,7.0,6.934999942779541,7.0,37079,0.0,0.0
2024-09-24 11:05:00-04:00,7.0,7.010000228881836,6.990200042724609,6.994999885559082,18076,0.0,0.0
2024-09-24 11:10:00-04:00,7.0,7.010000228881836,6.945000171661377,6.960000038146973,52444,0.0,0.0
2024-09-24 11:15:00-04:00,6.960000038146973,6.985000133514404,6.949999809265137,6.954999923706055,49751,0.0,0.0
2024-09-24 11:20:00-04:00,6.960000038146973,6.96999979019165,6.958000183105469,6.965000152587891,10814,0.0,0.0
2024-09-24 11:25:00-04:00,6.965000152587891,6.965000152587891,6.925000190734863,6.934999942779541,31368,0.0,0.0
2024-09-24 11:30:00-04:00,6.934999942779541,6.974999904632568,6.909999847412109,6.974999904632568,101594,0.0,0.0
2024-09-24 11:35:00-04:00,6.974999904632568,7.010000228881836,6.974999904632568,7.010000228881836,13807,0.0,0.0
2024-09-24 11:40:00-04:00,7.010000228881836,7.010000228881836,6.980000019073486,6.989999771118164,24052,0.0,0.0
2024-09-24 11:45:00-04:00,6.989999771118164,6.999899864196777,6.960000038146973,6.965000152587891,28422,0.0,0.0
2024-09-24 11:50:00-04:00,6.960000038146973,6.960000038146973,6.925000190734863,6.954999923706055,12356,0.0,0.0
2024-09-24 11:55:00-04:00,6.954999923706055,6.980000019073486,6.950099945068359,6.960000038146973,34622,0.0,0.0
2024-09-24 12:00:00-04:00,6.954999923706055,6.965000152587891,6.954999923706055,6.965000152587891,15080,0.0,0.0
2024-09-24 12:05:00-04:00,6.960000038146973,6.965000152587891,6.914999961853027,6.914999961853027,21551,0.0,0.0
2024-09-24 12:10:00-04:00,6.900000095367432,6.909999847412109,6.889999866485596,6.909999847412109,17542,0.0,0.0
2024-09-24 12:15:00-04:00,6.900000095367432,6.909999847412109,6.889999866485596,6.909999847412109,19533,0.0,0.0
2024-09-24 12:20:00-04:00,6.914999961853027,6.920000076293945,6.912099838256836,6.914999961853027,7270,0.0,0.0
2024-09-24 12:25:00-04:00,6.909999847412109,6.949999809265137,6.900000095367432,6.949999809265137,23350,0.0,0.0
2024-09-24 12:30:00-04:00,6.960000038146973,6.960000038146973,6.929999828338623,6.929999828338623,26426,0.0,0.0
2024-09-24 12:35:00-04:00,6.934999942779541,6.940000057220459,6.920000076293945,6.925000190734863,24756,0.0,0.0
2024-09-24 12:40:00-04:00,6.925000190734863,6.925000190734863,6.920000076293945,6.925000190734863,6637,0.0,0.0
2024-09-24 12:45:00-04:00,6.925000190734863,6.925000190734863,6.900000095367432,6.90500020980835,17634,0.0,0.0
2024-09-24 12:50:00-04:00,6.90500020980835,6.940000057220459,6.90500020980835,6.940000057220459,16381,0.0,0.0
2024-09-24 12:55:00-04:00,6.934999942779541,6.940000057220459,6.929999828338623,6.934999942779541,49347,0.0,0.0
2024-09-24 13:00:00-04:00,6.934999942779541,6.954999923706055,6.929999828338623,6.954999923706055,13646,0.0,0.0
2024-09-24 13:05:00-04:00,6.949999809265137,6.949999809265137,6.934899806976318,6.945000171661377,33750,0.0,0.0
2024-09-24 13:10:00-04:00,6.940000057220459,6.954999923706055,6.940000057220459,6.954999923706055,17426,0.0,0.0
2024-09-24 13:15:00-04:00,6.954999923706055,6.989999771118164,6.949999809265137,6.989999771118164,25303,0.0,0.0
2024-09-24 13:20:00-04:00,6.985000133514404,7.034999847412109,6.9807000160217285,7.014999866485596,27585,0.0,0.0
2024-09-24 13:25:00-04:00,7.019999980926514,7.03000020980835,7.005000114440918,7.005000114440918,10764,0.0,0.0
2024-09-24 13:30:00-04:00,7.005000114440918,7.010000228881836,6.980000019073486,6.985000133514404,36036,0.0,0.0
2024-09-24 13:35:00-04:00,6.985000133514404,6.989999771118164,6.985000133514404,6.985000133514404,7310,0.0,0.0
2024-09-24 13:40:00-04:00,6.989999771118164,6.994999885559082,6.96999979019165,6.974999904632568,20483,0.0,0.0
2024-09-24 13:45:00-04:00,6.974999904632568,6.980000019073486,6.965000152587891,6.965000152587891,14416,0.0,0.0
2024-09-24 13:50:00-04:00,6.965000152587891,6.96999979019165,6.965000152587891,6.965000152587891,7666,0.0,0.0
2024-09-24 13:55:00-04:00,6.965000152587891,6.96999979019165,6.960000038146973,6.965000152587891,15210,0.0,0.0
2024-09-24 14:00:00-04:00,6.965000152587891,6.989999771118164,6.960000038146973,6.989200115203857,24860,0.0,0.0
2024-09-24 14:05:00-04:00,6.989999771118164,7.0,6.985000133514404,7.0,19021,0.0,0.0
2024-09-24 14:10:00-04:00,6.994999885559082,7.0,6.974999904632568,6.974999904632568,39510,0.0,0.0
2024-09-24 14:15:00-04:00,6.974999904632568,6.974999904632568,6.960000038146973,6.96999979019165,12064,0.0,0.0
2024-09-24 14:20:00-04:00,6.960000038146973,6.96999979019165,6.960000038146973,6.965000152587891,10781,0.0,0.0
2024-09-24 14:25:00-04:00,6.965000152587891,6.96999979019165,6.954999923706055,6.965000152587891,19823,0.0,0.0
2024-09-24 14:30:00-04:00,6.965000152587891,7.005000114440918,6.960000038146973,6.994999885559082,29344,0.0,0.0
2024-09-24 14:35:00-04:00,7.0,7.005000114440918,6.989999771118164,6.994999885559082,55836,0.0,0.0
2024-09-24 14:40:00-04:00,6.989999771118164,7.0,6.989999771118164,6.994999885559082,9654,0.0,0.0
2024-09-24 14:45:00-04:00,6.994999885559082,7.0,6.96999979019165,6.974999904632568,27717,0.0,0.0
2024-09-24 14:50:00-04:00,6.974999904632568,6.974999904632568,6.909999847412109,6.914999961853027,50764,0.0,0.0
2024-09-24 14:55:00-04:00,6.909999847412109,6.920000076293945,6.889999866485596,6.894999980926514,30456,0.0,0.0
2024-09-24 15:00:00-04:00,6.894999980926514,6.925000190734863,6.894999980926514,6.914999961853027,32700,0.0,0.0
2024-09-24 15:05:00-04:00,6.909999847412109,6.920000076293945,6.909999847412109,6.914999961853027,10552,0.0,0.0
2024-09-24 15:10:00-04:00,6.914999961853027,6.914999961853027,6.900000095367432,6.900000095367432,12648,0.0,0.0
2024-09-24 15:15:00-04:00,6.90500020980835,6.934999942779541,6.900000095367432,6.934999942779541,38057,0.0,0.0
2024-09-24 15:20:00-04:00,6.935999870300293,6.945000171661377,6.929999828338623,6.945000171661377,22778,0.0,0.0
2024-09-24 15:25:00-04:00,6.940000057220459,6.945000171661377,6.929999828338623,6.945000171661377,41625,0.0,0.0
2024-09-24 15:30:00-04:00,6.945000171661377,6.945000171661377,6.914999961853027,6.914999961853027,24765,0.0,0.0
2024-09-24 15:35:00-04:00,6.914999961853027,6.914999961853027,6.860000133514404,6.885000228881836,44620,0.0,0.0
2024-09-24 15:40:00-04:00,6.885000228881836,6.900000095367432,6.880000114440918,6.889999866485596,16556,0.0,0.0
2024-09-24 15:45:00-04:00,6.894999980926514,6.934999942779541,6.889999866485596,6.929999828338623,57551,0.0,0.0
2024-09-24 15:50:00-04:00,6.929999828338623,6.949999809265137,6.909999847412109,6.909999847412109,84734,0.0,0.0
2024-09-24 15:55:00-04:00,6.914999961853027,6.980000019073486,6.894999980926514,6.980000019073486,391746,0.0,0.0
2024-09-25 09:30:00-04:00,6.929999828338623,7.03000020980835,6.90500020980835,6.909999847412109,45479,0.0,0.0
2024-09-25 09:35:00-04:00,6.920000076293945,6.949999809265137,6.849999904632568,6.945000171661377,212975,0.0,0.0
2024-09-25 09:40:00-04:00,6.945000171661377,7.025000095367432,6.940000057220459,6.994999885559082,59003,0.0,0.0
2024-09-25 09:45:00-04:00,7.0,7.025000095367432,6.960000038146973,6.960000038146973,45195,0.0,0.0
2024-09-25 09:50:00-04:00,6.954999923706055,6.986999988555908,6.925000190734863,6.980000019073486,36625,0.0,0.0
2024-09-25 09:55:00-04:00,6.96999979019165,7.0,6.940000057220459,6.994999885559082,33876,0.0,0.0
2024-09-25 10:00:00-04:00,6.989999771118164,7.050000190734863,6.989999771118164,7.039999961853027,31745,0.0,0.0
2024-09-25 10:05:00-04:00,7.045000076293945,7.050000190734863,7.0,7.014999866485596,20613,0.0,0.0
2024-09-25 10:10:00-04:00,7.014999866485596,7.019999980926514,6.954999923706055,6.96999979019165,37412,0.0,0.0
2024-09-25 10:15:00-04:00,6.960000038146973,7.0,6.954999923706055,6.994999885559082,27716,0.0,0.0
2024-09-25 10:20:00-04:00,6.994999885559082,6.994999885559082,6.949999809265137,6.953999996185303,47702,0.0,0.0
2024-09-25 10:25:00-04:00,6.954999923706055,6.985000133514404,6.934999942779541,6.985000133514404,62363,0.0,0.0
2024-09-25 10:30:00-04:00,6.989999771118164,7.050000190734863,6.985000133514404,7.014999866485596,55758,0.0,0.0
2024-09-25 10:35:00-04:00,7.025000095367432,7.085000038146973,7.005000114440918,7.065000057220459,66304,0.0,0.0
2024-09-25 10:40:00-04:00,7.070000171661377,7.070000171661377,7.014999866485596,7.034999847412109,129293,0.0,0.0
2024-09-25 10:45:00-04:00,7.03000020980835,7.034999847412109,6.994999885559082,7.0,20111,0.0,0.0
2024-09-25 10:50:00-04:00,7.0,7.010000228881836,7.0,7.005000114440918,14208,0.0,0.0
2024-09-25 10:55:00-04:00,7.0,7.010000228881836,6.994999885559082,7.005000114440918,12578,0.0,0.0
2024-09-25 11:00:00-04:00,7.005000114440918,7.019999980926514,6.989999771118164,7.019999980926514,30496,0.0,0.0
2024-09-25 11:05:00-04:00,7.019999980926514,7.065000057220459,7.014999866485596,7.065000057220459,29335,0.0,0.0
2024-09-25 11:10:00-04:00,7.059999942779541,7.059999942779541,7.014999866485596,7.03000020980835,21836,0.0,0.0
2024-09-25 11:15:00-04:00,7.034999847412109,7.034999847412109,7.019999980926514,7.019999980926514,6306,0.0,0.0
2024-09-25 11:20:00-04:00,7.025000095367432,7.03000020980835,7.010000228881836,7.014999866485596,11071,0.0,0.0
2024-09-25 11:25:00-04:00,7.010000228881836,7.014999866485596,6.989999771118164,6.989999771118164,12651,0.0,0.0
2024-09-25 11:30:00-04:00,6.989999771118164,7.0,6.989999771118164,6.989999771118164,20633,0.0,0.0
2024-09-25 11:35:00-04:00,6.994999885559082,7.014999866485596,6.989999771118164,7.010000228881836,17973,0.0,0.0
2024-09-25 11:40:00-04:00,7.019999980926514,7.03000020980835,7.0,7.005000114440918,20764,0.0,0.0
2024-09-25 11:45:00-04:00,7.005000114440918,7.03000020980835,7.005000114440918,7.019999980926514,13148,0.0,0.0
2024-09-25 11:50:00-04:00,7.025000095367432,7.046000003814697,7.005000114440918,7.045000076293945,32095,0.0,0.0
2024-09-25 11:55:00-04:00,7.04010009765625,7.050000190734863,7.03000020980835,7.03000020980835,15638,0.0,0.0
2024-09-25 12:00:00-04:00,7.034999847412109,7.070000171661377,7.034999847412109,7.059999942779541,20381,0.0,0.0
2024-09-25 12:05:00-04:00,7.065000057220459,7.079999923706055,7.059999942779541,7.074999809265137,19296,0.0,0.0
2024-09-25 12:10:00-04:00,7.074999809265137,7.099999904632568,7.074999809265137,7.09499979019165,23249,0.0,0.0
2024-09-25 12:15:00-04:00,7.09499979019165,7.099999904632568,7.079999923706055,7.085000038146973,16519,0.0,0.0
2024-09-25 12:20:00-04:00,7.085000038146973,7.09499979019165,7.074999809265137,7.079999923706055,31102,0.0,0.0
2024-09-25 12:25:00-04:00,7.085000038146973,7.090000152587891,7.074999809265137,7.074999809265137,13372,0.0,0.0
2024-09-25 12:30:00-04:00,7.070000171661377,7.074999809265137,7.050000190734863,7.054999828338623,16786,0.0,0.0
2024-09-25 12:35:00-04:00,7.054999828338623,7.059999942779541,7.050000190734863,7.054999828338623,11431,0.0,0.0
2024-09-25 12:40:00-04:00,7.054999828338623,7.099999904632568,7.050000190734863,7.09499979019165,47680,0.0,0.0
2024-09-25 12:45:00-04:00,7.09499979019165,7.110000133514404,7.09499979019165,7.099999904632568,33946,0.0,0.0
2024-09-25 12:50:00-04:00,7.105000019073486,7.135000228881836,7.105000019073486,7.119999885559082,22435,0.0,0.0
2024-09-25 12:55:00-04:00,7.119999885559082,7.119999885559082,7.099999904632568,7.113999843597412,19880,0.0,0.0
2024-09-25 13:00:00-04:00,7.110000133514404,7.119999885559082,7.09499979019165,7.114999771118164,23619,0.0,0.0
2024-09-25 13:05:00-04:00,7.110000133514404,7.130000114440918,7.105000019073486,7.105000019073486,16718,0.0,0.0
2024-09-25 13:10:00-04:00,7.105000019073486,7.139999866485596,7.105000019073486,7.135000228881836,17072,0.0,0.0
2024-09-25 13:15:00-04:00,7.130000114440918,7.170000076293945,7.130000114440918,7.15500020980835,24480,0.0,0.0
2024-09-25 13:20:00-04:00,7.150000095367432,7.159999847412109,7.139999866485596,7.144999980926514,11863,0.0,0.0
2024-09-25 13:25:00-04:00,7.144999980926514,7.159999847412109,7.139999866485596,7.15500020980835,26080,0.0,0.0
2024-09-25 13:30:00-04:00,7.15500020980835,7.170000076293945,7.150000095367432,7.15500020980835,24890,0.0,0.0
2024-09-25 13:35:00-04:00,7.150000095367432,7.199999809265137,7.150000095367432,7.184999942779541,45772,0.0,0.0
2024-09-25 13:40:00-04:00,7.190000057220459,7.190000057220459,7.070000171661377,7.073999881744385,79046,0.0,0.0
2024-09-25 13:45:00-04:00,7.074999809265137,7.079899787902832,7.039999961853027,7.045000076293945,27063,0.0,0.0
2024-09-25 13:50:00-04:00,7.045000076293945,7.050000190734863,7.010000228881836,7.025000095367432,79715,0.0,0.0
2024-09-25 13:55:00-04:00,7.025000095367432,7.025000095367432,6.989999771118164,6.994999885559082,72699,0.0,0.0
2024-09-25 14:00:00-04:00,7.0,7.010000228881836,6.989999771118164,7.005000114440918,49246,0.0,0.0
2024-09-25 14:05:00-04:00,7.0,7.010000228881836,6.985000133514404,6.985000133514404,71857,0.0,0.0
2024-09-25 14:10:00-04:00,6.989999771118164,7.019999980926514,6.980000019073486,7.010000228881836,49819,0.0,0.0
2024-09-25 14:15:00-04:00,7.014999866485596,7.070000171661377,7.014999866485596,7.070000171661377,23405,0.0,0.0
2024-09-25 14:20:00-04:00,7.070000171661377,7.070000171661377,7.050000190734863,7.050000190734863,13230,0.0,0.0
2024-09-25 14:25:00-04:00,7.054999828338623,7.074999809265137,7.045000076293945,7.074999809265137,17735,0.0,0.0
2024-09-25 14:30:00-04:00,7.070000171661377,7.090000152587891,7.070000171661377,7.090000152587891,10474,0.0,0.0
2024-09-25 14:35:00-04:00,7.085000038146973,7.099999904632568,7.079999923706055,7.085000038146973,20228,0.0,0.0
2024-09-25 14:40:00-04:00,7.085000038146973,7.090000152587891,7.070000171661377,7.074999809265137,11746,0.0,0.0
2024-09-25 14:45:00-04:00,7.074999809265137,7.079999923706055,7.059999942779541,7.059999942779541,18901,0.0,0.0
2024-09-25 14:50:00-04:00,7.059999942779541,7.059999942779541,7.050000190734863,7.054999828338623,11158,0.0,0.0
2024-09-25 14:55:00-04:00,7.050000190734863,7.070000171661377,7.045000076293945,7.050000190734863,25684,0.0,0.0
2024-09-25 15:00:00-04:00,7.054999828338623,7.085000038146973,7.050000190734863,7.074999809265137,25120,0.0,0.0
2024-09-25 15:05:00-04:00,7.070000171661377,7.070000171661377,7.059999942779541,7.065000057220459,17780,0.0,0.0
2024-09-25 15:10:00-04:00,7.065000057220459,7.070000171661377,7.050000190734863,7.065000057220459,18079,0.0,0.0
2024-09-25 15:15:00-04:00,7.065000057220459,7.070000171661377,7.045000076293945,7.045000076293945,21133,0.0,0.0
2024-09-25 15:20:00-04:00,7.045000076293945,7.050000190734863,7.019999980926514,7.025000095367432,33405,0.0,0.0
2024-09-25 15:25:00-04:00,7.025000095367432,7.070000171661377,7.025000095367432,7.065000057220459,50252,0.0,0.0
2024-09-25 15:30:00-04:00,7.065000057220459,7.070000171661377,7.039999961853027,7.045000076293945,34587,0.0,0.0
2024-09-25 15:35:00-04:00,7.045000076293945,7.045000076293945,7.034999847412109,7.045000076293945,33700,0.0,0.0
2024-09-25 15:40:00-04:00,7.050000190734863,7.050000190734863,7.03000020980835,7.034999847412109,36976,0.0,0.0
2024-09-25 15:45:00-04:00,7.03000020980835,7.050000190734863,7.03000020980835,7.045000076293945,50614,0.0,0.0
2024-09-25 15:50:00-04:00,7.050000190734863,7.090000152587891,7.049900054931641,7.065000057220459,82847,0.0,0.0
2024-09-25 15:55:00-04:00,7.070000171661377,7.090000152587891,7.059999942779541,7.059999942779541,356065,0.0,0.0
2024-09-26 09:30:00-04:00,7.199999809265137,7.210000038146973,7.130000114440918,7.199999809265137,20751,0.0,0.0
2024-09-26 09:35:00-04:00,7.199999809265137,7.25,7.170000076293945,7.210000038146973,9021,0.0,0.0
2024-09-26 09:40:00-04:00,7.210000038146973,7.295000076293945,7.210000038146973,7.289999961853027,17696,0.0,0.0
2024-09-26 09:45:00-04:00,7.288000106811523,7.300000190734863,7.25,7.260000228881836,15309,0.0,0.0
2024-09-26 09:50:00-04:00,7.275000095367432,7.275000095367432,7.170000076293945,7.170000076293945,10860,0.0,0.0
2024-09-26 09:55:00-04:00,7.168399810791016,7.190000057220459,7.150000095367432,7.190000057220459,18362,0.0,0.0
2024-09-26 10:00:00-04:00,7.210000038146973,7.284999847412109,7.190000057220459,7.190000057220459,42712,0.0,0.0
2024-09-26 10:05:00-04:00,7.190000057220459,7.190000057220459,7.135000228881836,7.135000228881836,13661,0.0,0.0
2024-09-26 10:10:00-04:00,7.139999866485596,7.15500020980835,7.110000133514404,7.110000133514404,8457,0.0,0.0
2024-09-26 10:15:00-04:00,7.119999885559082,7.135000228881836,7.119999885559082,7.130000114440918,8901,0.0,0.0
2024-09-26 10:20:00-04:00,7.119999885559082,7.119999885559082,7.065000057220459,7.065999984741211,10189,0.0,0.0
2024-09-26 10:25:00-04:00,7.061999797821045,7.085000038146973,7.061999797821045,7.079999923706055,14976,0.0,0.0
2024-09-26 10:30:00-04:00,7.085000038146973,7.09499979019165,7.070000171661377,7.090000152587891,5226,0.0,0.0
2024-09-26 10:35:00-04:00,7.080100059509277,7.085000038146973,7.054999828338623,7.070000171661377,15535,0.0,0.0
2024-09-26 10:40:00-04:00,7.070000171661377,7.079999923706055,7.054999828338623,7.054999828338623,8455,0.0,0.0
2024-09-26 10:45:00-04:00,7.054999828338623,7.070000171661377,7.050000190734863,7.054999828338623,5513,0.0,0.0
2024-09-26 10:50:00-04:00,7.050000190734863,7.054999828338623,7.025000095367432,7.025000095367432,7840,0.0,0.0
2024-09-26 10:55:00-04:00,7.019999980926514,7.025000095367432,6.980000019073486,7.010300159454346,31896,0.0,0.0
2024-09-26 11:00:00-04:00,7.010000228881836,7.070000171661377,7.010000228881836,7.025000095367432,20091,0.0,0.0
2024-09-26 11:05:00-04:00,7.039999961853027,7.054999828338623,7.005000114440918,7.034999847412109,13274,0.0,0.0
2024-09-26 11:10:00-04:00,7.039999961853027,7.039999961853027,7.019999980926514,7.019999980926514,5540,0.0,0.0
2024-09-26 11:15:00-04:00,7.025000095367432,7.03000020980835,7.005000114440918,7.005000114440918,42738,0.0,0.0
2024-09-26 11:20:00-04:00,7.005000114440918,7.019999980926514,6.994999885559082,7.010000228881836,8085,0.0,0.0
2024-09-26 11:25:00-04:00,7.0,7.010000228881836,6.985000133514404,7.0,11192,0.0,0.0
2024-09-26 11:30:00-04:00,7.010000228881836,7.03000020980835,7.010000228881836,7.019999980926514,4465,0.0,0.0
2024-09-26 11:35:00-04:00,7.025000095367432,7.050000190734863,7.014999866485596,7.045000076293945,11195,0.0,0.0
2024-09-26 11:40:00-04:00,7.050000190734863,7.059999942779541,7.045000076293945,7.059999942779541,5613,0.0,0.0
2024-09-26 11:45:00-04:00,7.079999923706055,7.079999923706055,7.050000190734863,7.050099849700928,3958,0.0,0.0
2024-09-26 11:50:00-04:00,7.054999828338623,7.079999923706055,7.045000076293945,7.045000076293945,15239,0.0,0.0
2024-09-26 11:55:00-04:00,7.045000076293945,7.050000190734863,7.03000020980835,7.034999847412109,7019,0.0,0.0
2024-09-26 12:00:00-04:00,7.034999847412109,7.070000171661377,7.034999847412109,7.065000057220459,13533,0.0,0.0
2024-09-26 12:05:00-04:00,7.065000057220459,7.090000152587891,7.065000057220459,7.085000038146973,9741,0.0,0.0
2024-09-26 12:10:00-04:00,7.090000152587891,7.110000133514404,7.090000152587891,7.099999904632568,5572,0.0,0.0
2024-09-26 12:15:00-04:00,7.105000019073486,7.139999866485596,7.099999904632568,7.105000019073486,11124,0.0,0.0
2024-09-26 12:20:00-04:00,7.110000133514404,7.119999885559082,7.099999904632568,7.114999771118164,15877,0.0,0.0
2024-09-26 12:25:00-04:00,7.119999885559082,7.119999885559082,7.079999923706055,7.085000038146973,26719,0.0,0.0
2024-09-26 12:30:00-04:00,7.0894999504089355,7.105000019073486,7.079999923706055,7.105000019073486,23260,0.0,0.0
2024-09-26 12:35:00-04:00,7.105000019073486,7.139999866485596,7.099999904632568,7.135000228881836,6427,0.0,0.0
2024-09-26 12:40:00-04:00,7.139999866485596,7.139999866485596,7.130000114440918,7.130000114440918,2830,0.0,0.0
2024-09-26 12:45:00-04:00,7.130000114440918,7.139999866485596,7.125,7.136000156402588,22216,0.0,0.0
2024-09-26 12:50:00-04:00,7.130000114440918,7.1392998695373535,7.120200157165527,7.125,26837,0.0,0.0
2024-09-26 12:55:00-04:00,7.125,7.125999927520752,7.110000133514404,7.110000133514404,5980,0.0,0.0
2024-09-26 13:00:00-04:00,7.110000133514404,7.129899978637695,7.079999923706055,7.079999923706055,11263,0.0,0.0
2024-09-26 13:05:00-04:00,7.079999923706055,7.090000152587891,7.079999923706055,7.090000152587891,14632,0.0,0.0
2024-09-26 13:10:00-04:00,7.091700077056885,7.099699974060059,7.090000152587891,7.09499979019165,8576,0.0,0.0
2024-09-26 13:15:00-04:00,7.09499979019165,7.130000114440918,7.09499979019165,7.119999885559082,22764,0.0,0.0
2024-09-26 13:20:00-04:00,7.119999885559082,7.125,7.110000133514404,7.114999771118164,21600,0.0,0.0
2024-09-26 13:25:00-04:00,7.110000133514404,7.130000114440918,7.100100040435791,7.130000114440918,12283,0.0,0.0
2024-09-26 13:30:00-04:00,7.130000114440918,7.165999889373779,7.130000114440918,7.150000095367432,7816,0.0,0.0
2024-09-26 13:35:00-04:00,7.15500020980835,7.15500020980835,7.135000228881836,7.144999980926514,9489,0.0,0.0
2024-09-26 13:40:00-04:00,7.139999866485596,7.144999980926514,7.130000114440918,7.130099773406982,10414,0.0,0.0
2024-09-26 13:45:00-04:00,7.135000228881836,7.159999847412109,7.130000114440918,7.159999847412109,16943,0.0,0.0
2024-09-26 13:50:00-04:00,7.159999847412109,7.170000076293945,7.140100002288818,7.164999961853027,34919,0.0,0.0
2024-09-26 13:55:00-04:00,7.170000076293945,7.179999828338623,7.150100231170654,7.150100231170654,56953,0.0,0.0
2024-09-26 14:00:00-04:00,7.15500020980835,7.169899940490723,7.135000228881836,7.169899940490723,45625,0.0,0.0
2024-09-26 14:05:00-04:00,7.164999961853027,7.170000076293945,7.130000114440918,7.139800071716309,42279,0.0,0.0
2024-09-26 14:10:00-04:00,7.135000228881836,7.179999828338623,7.135000228881836,7.165599822998047,18558,0.0,0.0
2024-09-26 14:15:00-04:00,7.164999961853027,7.170000076293945,7.15500020980835,7.159999847412109,6767,0.0,0.0
2024-09-26 14:20:00-04:00,7.15500020980835,7.170000076293945,7.15500020980835,7.15500020980835,14020,0.0,0.0
2024-09-26 14:25:00-04:00,7.15500020980835,7.159999847412109,7.144999980926514,7.15500020980835,12673,0.0,0.0
2024-09-26 14:30:00-04:00,7.15500020980835,7.159999847412109,7.150000095367432,7.15500020980835,9473,0.0,0.0
2024-09-26 14:35:00-04:00,7.150000095367432,7.15500020980835,7.14169979095459,7.150000095367432,13495,0.0,0.0
2024-09-26 14:40:00-04:00,7.150000095367432,7.15500020980835,7.135000228881836,7.144999980926514,12836,0.0,0.0
2024-09-26 14:45:00-04:00,7.144999980926514,7.184999942779541,7.144999980926514,7.170000076293945,25777,0.0,0.0
2024-09-26 14:50:00-04:00,7.170000076293945,7.184999942779541,7.164999961853027,7.179999828338623,16056,0.0,0.0
2024-09-26 14:55:00-04:00,7.179999828338623,7.210000038146973,7.179999828338623,7.184999942779541,22222,0.0,0.0
2024-09-26 15:00:00-04:00,7.184999942779541,7.199999809265137,7.184999942779541,7.195000171661377,11366,0.0,0.0
2024-09-26 15:05:00-04:00,7.199999809265137,7.199999809265137,7.190000057220459,7.190000057220459,7078,0.0,0.0
2024-09-26 15:10:00-04:00,7.190000057220459,7.25,7.184999942779541,7.21999979019165,45160,0.0,0.0
2024-09-26 15:15:00-04:00,7.215000152587891,7.215000152587891,7.170000076293945,7.170000076293945,17087,0.0,0.0
2024-09-26 15:20:00-04:00,7.170000076293945,7.179999828338623,7.159999847412109,7.164999961853027,15877,0.0,0.0
2024-09-26 15:25:00-04:00,7.159999847412109,7.164999961853027,7.150000095367432,7.159999847412109,16433,0.0,0.0
2024-09-26 15:30:00-04:00,7.159999847412109,7.159999847412109,7.125,7.144999980926514,35512,0.0,0.0
2024-09-26 15:35:00-04:00,7.139999866485596,7.15500020980835,7.130000114440918,7.135000228881836,46894,0.0,0.0
2024-09-26 15:40:00-04:00,7.135000228881836,7.144999980926514,7.135000228881836,7.144999980926514,23078,0.0,0.0
2024-09-26 15:45:00-04:00,7.139999866485596,7.159999847412109,7.135000228881836,7.150000095367432,49396,0.0,0.0
2024-09-26 15:50:00-04:00,7.150000095367432,7.150000095367432,7.110000133514404,7.119999885559082,89463,0.0,0.0
2024-09-26 15:55:00-04:00,7.114999771118164,7.159999847412109,7.110000133514404,7.144999980926514,221673,0.0,0.0
2024-09-27 09:30:00-04:00,7.239999771118164,7.239999771118164,7.159999847412109,7.210000038146973,26429,0.0,0.0
2024-09-27 09:35:00-04:00,7.21999979019165,7.21999979019165,7.195000171661377,7.199999809265137,7179,0.0,0.0
2024-09-27 09:40:00-04:00,7.199999809265137,7.25,7.199999809265137,7.199999809265137,12018,0.0,0.0
2024-09-27 09:45:00-04:00,7.195000171661377,7.199999809265137,7.175000190734863,7.195000171661377,11685,0.0,0.0
2024-09-27 09:50:00-04:00,7.190000057220459,7.21999979019165,7.170000076293945,7.215000152587891,26263,0.0,0.0
2024-09-27 09:55:00-04:00,7.21999979019165,7.230000019073486,7.199999809265137,7.21999979019165,24384,0.0,0.0
2024-09-27 10:00:00-04:00,7.21999979019165,7.25,7.190000057220459,7.199999809265137,65107,0.0,0.0
2024-09-27 10:05:00-04:00,7.199999809265137,7.25,7.199999809265137,7.21999979019165,21089,0.0,0.0
2024-09-27 10:10:00-04:00,7.215000152587891,7.21999979019165,7.195000171661377,7.199999809265137,12237,0.0,0.0
2024-09-27 10:15:00-04:00,7.210000038146973,7.210000038146973,7.159999847412109,7.159999847412109,6669,0.0,0.0
2024-09-27 10:20:00-04:00,7.164999961853027,7.210000038146973,7.164999961853027,7.204999923706055,11505,0.0,0.0
2024-09-27 10:25:00-04:00,7.210000038146973,7.224999904632568,7.195000171661377,7.195000171661377,8186,0.0,0.0
2024-09-27 10:30:00-04:00,7.199999809265137,7.204999923706055,7.150000095367432,7.190000057220459,32733,0.0,0.0
2024-09-27 10:35:00-04:00,7.184999942779541,7.230000019073486,7.184999942779541,7.230000019073486,36355,0.0,0.0
2024-09-27 10:40:00-04:00,7.225299835205078,7.25,7.190000057220459,7.195000171661377,36000,0.0,0.0
2024-09-27 10:45:00-04:00,7.195000171661377,7.199999809265137,7.159999847412109,7.164999961853027,28378,0.0,0.0
2024-09-27 10:50:00-04:00,7.170000076293945,7.179999828338623,7.164999961853027,7.175000190734863,8603,0.0,0.0
2024-09-27 10:55:00-04:00,7.175000190734863,7.175000190734863,7.114999771118164,7.125,27628,0.0,0.0
2024-09-27 11:00:00-04:00,7.119999885559082,7.125,7.099999904632568,7.099999904632568,15100,0.0,0.0
2024-09-27 11:05:00-04:00,7.109899997711182,7.119999885559082,7.105000019073486,7.114999771118164,6602,0.0,0.0
2024-09-27 11:10:00-04:00,7.114999771118164,7.119999885559082,7.070000171661377,7.071243762969971,12722,0.0,0.0
2024-09-27 11:15:00-04:00,7.059999942779541,7.059999942779541,7.019999980926514,7.019999980926514,12042,0.0,0.0
2024-09-27 11:20:00-04:00,7.025000095367432,7.039999961853027,7.014999866485596,7.034999847412109,39406,0.0,0.0
2024-09-27 11:25:00-04:00,7.034999847412109,7.070000171661377,7.034999847412109,7.045000076293945,13278,0.0,0.0
2024-09-27 11:30:00-04:00,7.045000076293945,7.054999828338623,7.045000076293945,7.050000190734863,8076,0.0,0.0
2024-09-27 11:35:00-04:00,7.050000190734863,7.079999923706055,7.039999961853027,7.074999809265137,6455,0.0,0.0
2024-09-27 11:40:00-04:00,7.079999923706055,7.085000038146973,7.074999809265137,7.074999809265137,5728,0.0,0.0
2024-09-27 11:45:00-04:00,7.074999809265137,7.079999923706055,7.070000171661377,7.074999809265137,3621,0.0,0.0
2024-09-27 11:50:00-04:00,7.074999809265137,7.074999809265137,7.059999942779541,7.065000057220459,5082,0.0,0.0
2024-09-27 11:55:00-04:00,7.059999942779541,7.070000171661377,7.059999942779541,7.065000057220459,7505,0.0,0.0
2024-09-27 12:00:00-04:00,7.059999942779541,7.090000152587891,7.054999828338623,7.059999942779541,8519,0.0,0.0
2024-09-27 12:05:00-04:00,7.059999942779541,7.070000171661377,7.054999828338623,7.059999942779541,7919,0.0,0.0
2024-09-27 12:10:00-04:00,7.054999828338623,7.059999942779541,7.039999961853027,7.050000190734863,22169,0.0,0.0
2024-09-27 12:15:00-04:00,7.045000076293945,7.050000190734863,7.039999961853027,7.045000076293945,4877,0.0,0.0
2024-09-27 12:20:00-04:00,7.045000076293945,7.050000190734863,7.03000020980835,7.034999847412109,7330,0.0,0.0
2024-09-27 12:25:00-04:00,7.03000020980835,7.03000020980835,6.920000076293945,6.929999828338623,357595,0.0,0.0
2024-09-27 12:30:00-04:00,6.929999828338623,6.940000057220459,6.900000095367432,6.929999828338623,69280,0.0,0.0
2024-09-27 12:35:00-04:00,6.929999828338623,6.929999828338623,6.900000095367432,6.909999847412109,38370,0.0,0.0
2024-09-27 12:40:00-04:00,6.90500020980835,6.909999847412109,6.894999980926514,6.90500020980835,21274,0.0,0.0
2024-09-27 12:45:00-04:00,6.900000095367432,6.929999828338623,6.900000095367432,6.929999828338623,17792,0.0,0.0
2024-09-27 12:50:00-04:00,6.925000190734863,6.980000019073486,6.925000190734863,6.96999979019165,25863,0.0,0.0
2024-09-27 12:55:00-04:00,6.96999979019165,6.974999904632568,6.965000152587891,6.96999979019165,6685,0.0,0.0
2024-09-27 13:00:00-04:00,6.965000152587891,6.965000152587891,6.934999942779541,6.934999942779541,8923,0.0,0.0
2024-09-27 13:05:00-04:00,6.929999828338623,6.934999942779541,6.909999847412109,6.909999847412109,18611,0.0,0.0
2024-09-27 13:10:00-04:00,6.9045000076293945,6.920000076293945,6.900000095367432,6.914999961853027,14048,0.0,0.0
2024-09-27 13:15:00-04:00,6.914999961853027,6.920000076293945,6.909999847412109,6.920000076293945,7516,0.0,0.0
2024-09-27 13:20:00-04:00,6.919899940490723,6.925000190734863,6.914999961853027,6.920000076293945,13388,0.0,0.0
2024-09-27 13:25:00-04:00,6.920000076293945,6.940000057220459,6.920000076293945,6.940000057220459,11934,0.0,0.0
2024-09-27 13:30:00-04:00,6.929999828338623,6.940000057220459,6.925000190734863,6.925000190734863,9013,0.0,0.0
2024-09-27 13:35:00-04:00,6.920000076293945,6.929999828338623,6.914999961853027,6.929999828338623,14548,0.0,0.0
2024-09-27 13:40:00-04:00,6.920000076293945,6.920000076293945,6.920000076293945,6.920000076293945,1550,0.0,0.0
2024-09-27 13:45:00-04:00,6.920000076293945,6.925099849700928,6.909999847412109,6.909999847412109,6342,0.0,0.0
2024-09-27 13:50:00-04:00,6.909999847412109,6.954999923706055,6.909999847412109,6.949999809265137,25211,0.0,0.0
2024-09-27 13:55:00-04:00,6.949999809265137,6.965000152587891,6.949999809265137,6.965000152587891,8887,0.0,0.0
2024-09-27 14:00:00-04:00,6.96999979019165,7.0,6.96999979019165,6.985000133514404,33186,0.0,0.0
2024-09-27 14:05:00-04:00,6.989999771118164,7.0,6.989999771118164,7.0,4992,0.0,0.0
2024-09-27 14:10:00-04:00,7.005000114440918,7.010000228881836,7.0,7.010000228881836,6574,0.0,0.0
2024-09-27 14:15:00-04:00,7.005000114440918,7.010000228881836,6.974999904632568,6.980000019073486,46672,0.0,0.0
2024-09-27 14:20:00-04:00,7.0,7.0,6.989999771118164,6.989999771118164,11323,0.0,0.0
2024-09-27 14:25:00-04:00,6.994999885559082,7.0,6.985000133514404,6.994999885559082,68431,0.0,0.0
2024-09-27 14:30:00-04:00,6.994999885559082,7.005000114440918,6.990900039672852,6.994999885559082,14135,0.0,0.0
2024-09-27 14:35:00-04:00,6.994999885559082,7.039999961853027,6.989999771118164,7.019999980926514,21120,0.0,0.0
2024-09-27 14:40:00-04:00,7.019999980926514,7.03000020980835,7.019999980926514,7.03000020980835,5020,0.0,0.0
2024-09-27 14:45:00-04:00,7.034999847412109,7.039999961853027,7.03000020980835,7.03000020980835,5406,0.0,0.0
2024-09-27 14:50:00-04:00,7.03000020980835,7.04010009765625,7.03000020980835,7.034999847412109,5907,0.0,0.0
2024-09-27 14:55:00-04:00,7.034999847412109,7.054999828338623,7.03000020980835,7.034999847412109,10422,0.0,0.0
2024-09-27 15:00:00-04:00,7.034999847412109,7.050000190734863,7.025000095367432,7.050000190734863,9690,0.0,0.0
2024-09-27 15:05:00-04:00,7.045000076293945,7.045000076293945,7.03000020980835,7.034999847412109,9861,0.0,0.0
2024-09-27 15:10:00-04:00,7.034999847412109,7.034999847412109,7.005000114440918,7.005000114440918,10407,0.0,0.0
2024-09-27 15:15:00-04:00,7.005000114440918,7.019999980926514,6.989999771118164,7.019999980926514,22008,0.0,0.0
2024-09-27 15:20:00-04:00,7.019999980926514,7.034999847412109,7.019999980926514,7.025000095367432,9620,0.0,0.0
2024-09-27 15:25:00-04:00,7.025000095367432,7.03000020980835,7.019999980926514,7.025000095367432,6595,0.0,0.0
2024-09-27 15:30:00-04:00,7.03000020980835,7.03000020980835,7.014999866485596,7.014999866485596,21287,0.0,0.0
2024-09-27 15:35:00-04:00,7.010000228881836,7.010000228881836,6.989999771118164,6.994999885559082,48952,0.0,0.0
2024-09-27 15:40:00-04:00,6.989999771118164,7.0,6.985000133514404,6.989999771118164,49984,0.0,0.0
2024-09-27 15:45:00-04:00,6.994999885559082,7.005000114440918,6.980000019073486,6.994999885559082,66167,0.0,0.0
2024-09-27 15:50:00-04:00,6.989999771118164,7.0,6.909999847412109,6.925000190734863,107778,0.0,0.0
2024-09-27 15:55:00-04:00,6.9217000007629395,6.929999828338623,6.889999866485596,6.889999866485596,219770,0.0,0.0
2024-09-30 09:30:00-04:00,6.925000190734863,7.019999980926514,6.880000114440918,7.019999980926514,54145,0.0,0.0
2024-09-30 09:35:00-04:00,7.010000228881836,7.019999980926514,6.989999771118164,7.019999980926514,24774,0.0,0.0
2024-09-30 09:40:00-04:00,7.03000020980835,7.039999961853027,6.989999771118164,7.020199775695801,37362,0.0,0.0
2024-09-30 09:45:00-04:00,7.03000020980835,7.03000020980835,6.980000019073486,6.985000133514404,19348,0.0,0.0
2024-09-30 09:50:00-04:00,6.985000133514404,7.014999866485596,6.985000133514404,7.014999866485596,34581,0.0,0.0
2024-09-30 09:55:00-04:00,7.010000228881836,7.010000228881836,6.945000171661377,7.0,30331,0.0,0.0
2024-09-30 10:00:00-04:00,7.0,7.010000228881836,6.994999885559082,7.0,6999,0.0,0.0
2024-09-30 10:05:00-04:00,7.0,7.0192999839782715,6.989999771118164,7.0192999839782715,21007,0.0,0.0
2024-09-30 10:10:00-04:00,7.019999980926514,7.019999980926514,6.989999771118164,7.010000228881836,17076,0.0,0.0
2024-09-30 10:15:00-04:00,7.010000228881836,7.010000228881836,6.974999904632568,7.0,49936,0.0,0.0
2024-09-30 10:20:00-04:00,7.0,7.010000228881836,6.985000133514404,7.010000228881836,23532,0.0,0.0
2024-09-30 10:25:00-04:00,7.010000228881836,7.03000020980835,7.005000114440918,7.005000114440918,8603,0.0,0.0
2024-09-30 10:30:00-04:00,7.010000228881836,7.045000076293945,7.010000228881836,7.045000076293945,10065,0.0,0.0
2024-09-30 10:35:00-04:00,7.050000190734863,7.070000171661377,7.050000190734863,7.059999942779541,6257,0.0,0.0
2024-09-30 10:40:00-04:00,7.059999942779541,7.059999942779541,7.045000076293945,7.054999828338623,13443,0.0,0.0
2024-09-30 10:45:00-04:00,7.059999942779541,7.059999942779541,7.039999961853027,7.059999942779541,12097,0.0,0.0
2024-09-30 10:50:00-04:00,7.054999828338623,7.090000152587891,7.054999828338623,7.090000152587891,10066,0.0,0.0
2024-09-30 10:55:00-04:00,7.09499979019165,7.099999904632568,7.090000152587891,7.09499979019165,7164,0.0,0.0
2024-09-30 11:00:00-04:00,7.099999904632568,7.150000095367432,7.090000152587891,7.125,17585,0.0,0.0
2024-09-30 11:05:00-04:00,7.130000114440918,7.135000228881836,7.125,7.125,3761,0.0,0.0
2024-09-30 11:10:00-04:00,7.130000114440918,7.159999847412109,7.130000114440918,7.159999847412109,7030,0.0,0.0
2024-09-30 11:15:00-04:00,7.159999847412109,7.159999847412109,7.130000114440918,7.139999866485596,10700,0.0,0.0
2024-09-30 11:20:00-04:00,7.139999866485596,7.159999847412109,7.139999866485596,7.159999847412109,7397,0.0,0.0
2024-09-30 11:25:00-04:00,7.150000095367432,7.150000095367432,7.130000114440918,7.130000114440918,6709,0.0,0.0
2024-09-30 11:30:00-04:00,7.130000114440918,7.130000114440918,7.105000019073486,7.110000133514404,5801,0.0,0.0
2024-09-30 11:35:00-04:00,7.110000133514404,7.110000133514404,7.085000038146973,7.085000038146973,11803,0.0,0.0
2024-09-30 11:40:00-04:00,7.085000038146973,7.090000152587891,7.074999809265137,7.079999923706055,8281,0.0,0.0
2024-09-30 11:45:00-04:00,7.079999923706055,7.079999923706055,7.065000057220459,7.070000171661377,5776,0.0,0.0
2024-09-30 11:50:00-04:00,7.070000171661377,7.079999923706055,7.054999828338623,7.074999809265137,6689,0.0,0.0
2024-09-30 11:55:00-04:00,7.074999809265137,7.099999904632568,7.070000171661377,7.095600128173828,15829,0.0,0.0
2024-09-30 12:00:00-04:00,7.09499979019165,7.099999904632568,7.090000152587891,7.09499979019165,6297,0.0,0.0
2024-09-30 12:05:00-04:00,7.09499979019165,7.119999885559082,7.090000152587891,7.114999771118164,8249,0.0,0.0
2024-09-30 12:10:00-04:00,7.110000133514404,7.119999885559082,7.099999904632568,7.105000019073486,7591,0.0,0.0
2024-09-30 12:15:00-04:00,7.099999904632568,7.110000133514404,7.09499979019165,7.105000019073486,11815,0.0,0.0
2024-09-30 12:20:00-04:00,7.105000019073486,7.130000114440918,7.105000019073486,7.125,7421,0.0,0.0
2024-09-30 12:25:00-04:00,7.125,7.135000228881836,7.125,7.135000228881836,2621,0.0,0.0
2024-09-30 12:30:00-04:00,7.135000228881836,7.179999828338623,7.130000114440918,7.175000190734863,17079,0.0,0.0
2024-09-30 12:35:00-04:00,7.179999828338623,7.179999828338623,7.170000076293945,7.179999828338623,2060,0.0,0.0
2024-09-30 12:40:00-04:00,7.179999828338623,7.190000057220459,7.170000076293945,7.190000057220459,3761,0.0,0.0
2024-09-30 12:45:00-04:00,7.179999828338623,7.190000057220459,7.179999828338623,7.184999942779541,4863,0.0,0.0
2024-09-30 12:50:00-04:00,7.179999828338623,7.190000057220459,7.179999828338623,7.179999828338623,4490,0.0,0.0
2024-09-30 12:55:00-04:00,7.184999942779541,7.190000057220459,7.179999828338623,7.190000057220459,3435,0.0,0.0
2024-09-30 13:00:00-04:00,7.184999942779541,7.210000038146973,7.175000190734863,7.204999923706055,11961,0.0,0.0
2024-09-30 13:05:00-04:00,7.210000038146973,7.264999866485596,7.210000038146973,7.260000228881836,25015,0.0,0.0
2024-09-30 13:10:00-04:00,7.25,7.264999866485596,7.244999885559082,7.255000114440918,39336,0.0,0.0
2024-09-30 13:15:00-04:00,7.255000114440918,7.284999847412109,7.255000114440918,7.284999847412109,8058,0.0,0.0
2024-09-30 13:20:00-04:00,7.284999847412109,7.289999961853027,7.28000020980835,7.284999847412109,6334,0.0,0.0
2024-09-30 13:25:00-04:00,7.289999961853027,7.289999961853027,7.260000228881836,7.264999866485596,11176,0.0,0.0
2024-09-30 13:30:00-04:00,7.2624921798706055,7.264999866485596,7.25,7.255000114440918,10303,0.0,0.0
2024-09-30 13:35:00-04:00,7.255000114440918,7.260000228881836,7.25,7.255000114440918,6650,0.0,0.0
2024-09-30 13:40:00-04:00,7.255000114440918,7.269999980926514,7.25,7.269999980926514,19737,0.0,0.0
2024-09-30 13:45:00-04:00,7.260000228881836,7.289999961853027,7.260000228881836,7.289999961853027,20808,0.0,0.0
2024-09-30 13:50:00-04:00,7.289999961853027,7.296000003814697,7.284999847412109,7.296000003814697,6362,0.0,0.0
2024-09-30 13:55:00-04:00,7.295000076293945,7.320000171661377,7.295000076293945,7.320000171661377,15287,0.0,0.0
2024-09-30 14:00:00-04:00,7.315000057220459,7.320000171661377,7.295000076293945,7.304999828338623,12015,0.0,0.0
2024-09-30 14:05:00-04:00,7.300000190734863,7.300000190734863,7.28000020980835,7.284999847412109,3565,0.0,0.0
2024-09-30 14:10:00-04:00,7.289999961853027,7.289999961853027,7.260000228881836,7.264999866485596,10832,0.0,0.0
2024-09-30 14:15:00-04:00,7.264999866485596,7.269999980926514,7.260000228881836,7.260000228881836,5122,0.0,0.0
2024-09-30 14:20:00-04:00,7.260000228881836,7.295000076293945,7.255000114440918,7.295000076293945,92560,0.0,0.0
2024-09-30 14:25:00-04:00,7.300000190734863,7.329999923706055,7.295000076293945,7.329999923706055,17646,0.0,0.0
2024-09-30 14:30:00-04:00,7.324999809265137,7.340000152587891,7.315000057220459,7.320000171661377,18960,0.0,0.0
2024-09-30 14:35:00-04:00,7.310299873352051,7.3343000411987305,7.309999942779541,7.324999809265137,15203,0.0,0.0
2024-09-30 14:40:00-04:00,7.320000171661377,7.34499979019165,7.320000171661377,7.335000038146973,10781,0.0,0.0
2024-09-30 14:45:00-04:00,7.335000038146973,7.349999904632568,7.335000038146973,7.34499979019165,10358,0.0,0.0
2024-09-30 14:50:00-04:00,7.34499979019165,7.355000019073486,7.324999809265137,7.355000019073486,7463,0.0,0.0
2024-09-30 14:55:00-04:00,7.355000019073486,7.355000019073486,7.320000171661377,7.324999809265137,11760,0.0,0.0
2024-09-30 15:00:00-04:00,7.320000171661377,7.324999809265137,7.300099849700928,7.320000171661377,12358,0.0,0.0
2024-09-30 15:05:00-04:00,7.315000057220459,7.315000057220459,7.300000190734863,7.303500175476074,9321,0.0,0.0
2024-09-30 15:10:00-04:00,7.309999942779541,7.309999942779541,7.269999980926514,7.300000190734863,24614,0.0,0.0
2024-09-30 15:15:00-04:00,7.300000190734863,7.309999942779541,7.295000076293945,7.309999942779541,8630,0.0,0.0
2024-09-30 15:20:00-04:00,7.309999942779541,7.335000038146973,7.304999828338623,7.324999809265137,13933,0.0,0.0
2024-09-30 15:25:00-04:00,7.329999923706055,7.335000038146973,7.320000171661377,7.335000038146973,13447,0.0,0.0
2024-09-30 15:30:00-04:00,7.340000152587891,7.364999771118164,7.329999923706055,7.355000019073486,32637,0.0,0.0
2024-09-30 15:35:00-04:00,7.355000019073486,7.375,7.350900173187256,7.375,16717,0.0,0.0
2024-09-30 15:40:00-04:00,7.380000114440918,7.389999866485596,7.349999904632568,7.380000114440918,43237,0.0,0.0
2024-09-30 15:45:00-04:00,7.380000114440918,7.385000228881836,7.360000133514404,7.385000228881836,32040,0.0,0.0
2024-09-30 15:50:00-04:00,7.385000228881836,7.440000057220459,7.385000228881836,7.440000057220459,61289,0.0,0.0
2024-09-30 15:55:00-04:00,7.440000057220459,7.460000038146973,7.380000114440918,7.389999866485596,313589,0.0,0.0
2024-10-01 09:30:00-04:00,7.340000152587891,7.340000152587891,7.170000076293945,7.199999809265137,54802,0.0,0.0
2024-10-01 09:35:00-04:00,7.195000171661377,7.195000171661377,7.099999904632568,7.159900188446045,18535,0.0,0.0
2024-10-01 09:40:00-04:00,7.150000095367432,7.15500020980835,7.099999904632568,7.099999904632568,19191,0.0,0.0
2024-10-01 09:45:00-04:00,7.099999904632568,7.119900226593018,7.050000190734863,7.107999801635742,20737,0.0,0.0
2024-10-01 09:50:00-04:00,7.110000133514404,7.125,7.059999942779541,7.070000171661377,49655,0.0,0.0
2024-10-01 09:55:00-04:00,7.070000171661377,7.119999885559082,7.039999961853027,7.119999885559082,5842,0.0,0.0
2024-10-01 10:00:00-04:00,7.110000133514404,7.170000076293945,7.099999904632568,7.150000095367432,25899,0.0,0.0
2024-10-01 10:05:00-04:00,7.139999866485596,7.139999866485596,7.019999980926514,7.025000095367432,15467,0.0,0.0
2024-10-01 10:10:00-04:00,7.019999980926514,7.025000095367432,6.990300178527832,6.990300178527832,12263,0.0,0.0
2024-10-01 10:15:00-04:00,6.994999885559082,7.039999961853027,6.989999771118164,7.014999866485596,25231,0.0,0.0
2024-10-01 10:20:00-04:00,7.014999866485596,7.054999828338623,7.014999866485596,7.034999847412109,17686,0.0,0.0
2024-10-01 10:25:00-04:00,7.03000020980835,7.03000020980835,6.994999885559082,7.0,13494,0.0,0.0
2024-10-01 10:30:00-04:00,7.0,7.019999980926514,6.974999904632568,6.994999885559082,78653,0.0,0.0
2024-10-01 10:35:00-04:00,6.989999771118164,7.050000190734863,6.989999771118164,7.03000020980835,12082,0.0,0.0
2024-10-01 10:40:00-04:00,7.03000020980835,7.03000020980835,6.914999961853027,6.960000038146973,130345,0.0,0.0
2024-10-01 10:45:00-04:00,6.960000038146973,7.010000228881836,6.960000038146973,6.994999885559082,29342,0.0,0.0
2024-10-01 10:50:00-04:00,6.994999885559082,7.0,6.945000171661377,6.954999923706055,28711,0.0,0.0
2024-10-01 10:55:00-04:00,6.949999809265137,6.96999979019165,6.949999809265137,6.954999923706055,56792,0.0,0.0
2024-10-01 11:00:00-04:00,6.954999923706055,6.960000038146973,6.934999942779541,6.934999942779541,25965,0.0,0.0
2024-10-01 11:05:00-04:00,6.929999828338623,6.940000057220459,6.909999847412109,6.914999961853027,12414,0.0,0.0
2024-10-01 11:10:00-04:00,6.914999961853027,6.920000076293945,6.900000095367432,6.914999961853027,37521,0.0,0.0
2024-10-01 11:15:00-04:00,6.920000076293945,6.974999904632568,6.920000076293945,6.960000038146973,86476,0.0,0.0
2024-10-01 11:20:00-04:00,6.954999923706055,6.965000152587891,6.934999942779541,6.960000038146973,16131,0.0,0.0
2024-10-01 11:25:00-04:00,6.960000038146973,6.974999904632568,6.960000038146973,6.965000152587891,35924,0.0,0.0
2024-10-01 11:30:00-04:00,6.965000152587891,7.010000228881836,6.960000038146973,7.0,73198,0.0,0.0
2024-10-01 11:35:00-04:00,6.989999771118164,7.019999980926514,6.985000133514404,7.005000114440918,19797,0.0,0.0
2024-10-01 11:40:00-04:00,7.0,7.019999980926514,7.0,7.005000114440918,10512,0.0,0.0
2024-10-01 11:45:00-04:00,7.005000114440918,7.010000228881836,6.989999771118164,7.0,18255,0.0,0.0
2024-10-01 11:50:00-04:00,6.994999885559082,7.0,6.989999771118164,7.0,3323,0.0,0.0
2024-10-01 11:55:00-04:00,7.0,7.0,6.989999771118164,6.989999771118164,15902,0.0,0.0
2024-10-01 12:00:00-04:00,6.989999771118164,6.994999885559082,6.985000133514404,6.989999771118164,26920,0.0,0.0
2024-10-01 12:05:00-04:00,6.994999885559082,7.0,6.994999885559082,7.0,6438,0.0,0.0
2024-10-01 12:10:00-04:00,7.0,7.005000114440918,6.994999885559082,6.994999885559082,6099,0.0,0.0
2024-10-01 12:15:00-04:00,6.994999885559082,7.005000114440918,6.989999771118164,6.994999885559082,11554,0.0,0.0
2024-10-01 12:20:00-04:00,6.994999885559082,7.0,6.989999771118164,6.994999885559082,4042,0.0,0.0
2024-10-01 12:25:00-04:00,6.989999771118164,7.0,6.989999771118164,6.994999885559082,10686,0.0,0.0
2024-10-01 12:30:00-04:00,6.994999885559082,7.005000114440918,6.994999885559082,7.005000114440918,17355,0.0,0.0
2024-10-01 12:35:00-04:00,7.0,7.0,6.985000133514404,6.994999885559082,25260,0.0,0.0
2024-10-01 12:40:00-04:00,6.989999771118164,7.0,6.985000133514404,6.989999771118164,33247,0.0,0.0
2024-10-01 12:45:00-04:00,6.989999771118164,6.989999771118164,6.909999847412109,6.914999961853027,60883,0.0,0.0
2024-10-01 12:50:00-04:00,6.920000076293945,6.949999809265137,6.920000076293945,6.949999809265137,21695,0.0,0.0
2024-10-01 12:55:00-04:00,6.949999809265137,6.980000019073486,6.945000171661377,6.980000019073486,12502,0.0,0.0
2024-10-01 13:00:00-04:00,6.980000019073486,7.0,6.980000019073486,6.994999885559082,15580,0.0,0.0
2024-10-01 13:05:00-04:00,6.994999885559082,7.0,6.989999771118164,6.994999885559082,10191,0.0,0.0
2024-10-01 13:10:00-04:00,6.989999771118164,7.0,6.989999771118164,6.989999771118164,7249,0.0,0.0
2024-10-01 13:15:00-04:00,6.989999771118164,6.994999885559082,6.989999771118164,6.989999771118164,15855,0.0,0.0
2024-10-01 13:20:00-04:00,6.994999885559082,6.994999885559082,6.965000152587891,6.985000133514404,46402,0.0,0.0
2024-10-01 13:25:00-04:00,6.985000133514404,6.989999771118164,6.980000019073486,6.985000133514404,4004,0.0,0.0
2024-10-01 13:30:00-04:00,6.980000019073486,7.005000114440918,6.980000019073486,7.005000114440918,19771,0.0,0.0
2024-10-01 13:35:00-04:00,7.0,7.0,6.980000019073486,6.985000133514404,22754,0.0,0.0
2024-10-01 13:40:00-04:00,6.985000133514404,7.010000228881836,6.980000019073486,6.994999885559082,18108,0.0,0.0
2024-10-01 13:45:00-04:00,6.994999885559082,6.994999885559082,6.989999771118164,6.989999771118164,960,0.0,0.0
2024-10-01 13:50:00-04:00,6.989999771118164,6.994999885559082,6.989999771118164,6.989999771118164,13744,0.0,0.0
2024-10-01 13:55:00-04:00,6.989999771118164,7.010000228881836,6.940000057220459,6.940000057220459,103002,0.0,0.0
2024-10-01 14:00:00-04:00,6.945000171661377,6.974999904632568,6.945000171661377,6.974999904632568,19610,0.0,0.0
2024-10-01 14:05:00-04:00,6.96999979019165,6.985000133514404,6.96999979019165,6.985000133514404,3723,0.0,0.0
2024-10-01 14:10:00-04:00,6.989999771118164,7.005000114440918,6.989999771118164,6.994999885559082,20402,0.0,0.0
2024-10-01 14:15:00-04:00,6.994999885559082,7.0,6.96999979019165,6.96999979019165,44131,0.0,0.0
2024-10-01 14:20:00-04:00,6.960000038146973,6.965000152587891,6.940000057220459,6.940000057220459,4635,0.0,0.0
2024-10-01 14:25:00-04:00,6.945000171661377,6.954999923706055,6.945000171661377,6.954999923706055,12783,0.0,0.0
2024-10-01 14:30:00-04:00,6.954999923706055,6.960000038146973,6.940000057220459,6.940000057220459,20698,0.0,0.0
2024-10-01 14:35:00-04:00,6.940000057220459,6.945000171661377,6.940000057220459,6.940000057220459,4038,0.0,0.0
2024-10-01 14:40:00-04:00,6.949999809265137,6.949999809265137,6.940000057220459,6.940000057220459,1230,0.0,0.0
2024-10-01 14:45:00-04:00,6.945000171661377,6.954999923706055,6.945000171661377,6.945000171661377,20548,0.0,0.0
2024-10-01 14:50:00-04:00,6.940000057220459,6.946000099182129,6.920000076293945,6.920000076293945,11442,0.0,0.0
2024-10-01 14:55:00-04:00,6.925000190734863,6.940000057220459,6.925000190734863,6.929999828338623,19235,0.0,0.0
2024-10-01 15:00:00-04:00,6.929999828338623,6.929999828338623,6.920000076293945,6.925000190734863,7249,0.0,0.0
2024-10-01 15:05:00-04:00,6.920000076293945,6.925000190734863,6.920000076293945,6.925000190734863,6062,0.0,0.0
2024-10-01 15:10:00-04:00,6.925000190734863,6.925000190734863,6.909999847412109,6.914999961853027,9024,0.0,0.0
2024-10-01 15:15:00-04:00,6.920000076293945,6.920000076293945,6.90500020980835,6.914999961853027,38902,0.0,0.0
2024-10-01 15:20:00-04:00,6.914999961853027,6.920000076293945,6.909999847412109,6.914999961853027,11186,0.0,0.0
2024-10-01 15:25:00-04:00,6.909999847412109,6.914999961853027,6.909999847412109,6.909999847412109,16601,0.0,0.0
2024-10-01 15:30:00-04:00,6.909999847412109,6.909999847412109,6.810699939727783,6.829999923706055,101196,0.0,0.0
2024-10-01 15:35:00-04:00,6.829999923706055,6.835000038146973,6.820000171661377,6.820000171661377,19011,0.0,0.0
2024-10-01 15:40:00-04:00,6.824999809265137,6.8379998207092285,6.820000171661377,6.824999809265137,51764,0.0,0.0
2024-10-01 15:45:00-04:00,6.820000171661377,6.875,6.815000057220459,6.875,93394,0.0,0.0
2024-10-01 15:50:00-04:00,6.869999885559082,6.880000114440918,6.84499979019165,6.855000019073486,54113,0.0,0.0
2024-10-01 15:55:00-04:00,6.849999904632568,6.860000133514404,6.829999923706055,6.849999904632568,156733,0.0,0.0
2024-10-02 09:30:00-04:00,6.789999961853027,6.900000095367432,6.789999961853027,6.880000114440918,145689,0.0,0.0
2024-10-02 09:35:00-04:00,6.869999885559082,6.989999771118164,6.864999771118164,6.985000133514404,61100,0.0,0.0
2024-10-02 09:40:00-04:00,6.985000133514404,7.010000228881836,6.965000152587891,7.010000228881836,37755,0.0,0.0
2024-10-02 09:45:00-04:00,7.005000114440918,7.059999942779541,7.005000114440918,7.0447001457214355,14224,0.0,0.0
2024-10-02 09:50:00-04:00,7.050000190734863,7.065000057220459,7.014999866485596,7.03000020980835,15400,0.0,0.0
2024-10-02 09:55:00-04:00,7.03000020980835,7.065000057220459,7.03000020980835,7.059999942779541,57926,0.0,0.0
2024-10-02 10:00:00-04:00,7.059999942779541,7.110000133514404,7.059999942779541,7.105000019073486,16189,0.0,0.0
2024-10-02 10:05:00-04:00,7.110000133514404,7.144999980926514,7.09499979019165,7.130000114440918,20771,0.0,0.0
2024-10-02 10:10:00-04:00,7.130000114440918,7.159999847412109,7.110099792480469,7.118000030517578,18614,0.0,0.0
2024-10-02 10:15:00-04:00,7.114999771118164,7.114999771118164,7.067999839782715,7.079999923706055,14211,0.0,0.0
2024-10-02 10:20:00-04:00,7.074999809265137,7.079999923706055,7.019999980926514,7.039999961853027,8673,0.0,0.0
2024-10-02 10:25:00-04:00,7.034999847412109,7.074999809265137,7.034999847412109,7.050000190734863,14299,0.0,0.0
2024-10-02 10:30:00-04:00,7.050000190734863,7.059999942779541,7.034999847412109,7.045000076293945,12610,0.0,0.0
2024-10-02 10:35:00-04:00,7.039999961853027,7.105000019073486,7.028800010681152,7.050000190734863,100206,0.0,0.0
2024-10-02 10:40:00-04:00,7.039999961853027,7.039999961853027,7.014999866485596,7.039999961853027,12657,0.0,0.0
2024-10-02 10:45:00-04:00,7.034999847412109,7.034999847412109,6.991399765014648,7.0,22767,0.0,0.0
2024-10-02 10:50:00-04:00,6.989999771118164,6.994999885559082,6.96999979019165,6.980000019073486,37492,0.0,0.0
2024-10-02 10:55:00-04:00,6.985000133514404,6.989999771118164,6.980000019073486,6.9899001121521,9025,0.0,0.0
2024-10-02 11:00:00-04:00,6.985000133514404,7.014999866485596,6.985000133514404,7.014999866485596,16117,0.0,0.0
2024-10-02 11:05:00-04:00,7.019999980926514,7.019999980926514,7.0,7.010000228881836,6084,0.0,0.0
2024-10-02 11:10:00-04:00,7.010000228881836,7.014999866485596,6.989999771118164,6.994999885559082,24452,0.0,0.0
2024-10-02 11:15:00-04:00,6.994999885559082,7.0,6.989999771118164,6.998000144958496,7040,0.0,0.0
2024-10-02 11:20:00-04:00,6.994999885559082,7.0,6.940000057220459,6.949999809265137,46175,0.0,0.0
2024-10-02 11:25:00-04:00,6.940000057220459,6.949999809265137,6.900000095367432,6.909999847412109,18630,0.0,0.0
2024-10-02 11:30:00-04:00,6.909999847412109,6.909999847412109,6.885000228881836,6.90500020980835,25247,0.0,0.0
2024-10-02 11:35:00-04:00,6.90500020980835,6.929999828338623,6.900000095367432,6.925000190734863,30787,0.0,0.0
2024-10-02 11:40:00-04:00,6.925000190734863,6.965000152587891,6.910099983215332,6.954999923706055,19814,0.0,0.0
2024-10-02 11:45:00-04:00,6.954999923706055,6.960000038146973,6.900000095367432,6.909999847412109,39342,0.0,0.0
2024-10-02 11:50:00-04:00,6.914999961853027,6.929999828338623,6.880000114440918,6.894999980926514,25603,0.0,0.0
2024-10-02 11:55:00-04:00,6.900000095367432,6.929999828338623,6.889999866485596,6.925000190734863,18480,0.0,0.0
2024-10-02 12:00:00-04:00,6.925000190734863,6.925000190734863,6.90500020980835,6.90500020980835,17389,0.0,0.0
2024-10-02 12:05:00-04:00,6.90500020980835,6.909999847412109,6.900000095367432,6.90500020980835,12374,0.0,0.0
2024-10-02 12:10:00-04:00,6.90500020980835,6.909999847412109,6.889999866485596,6.894999980926514,23839,0.0,0.0
2024-10-02 12:15:00-04:00,6.894999980926514,6.900000095367432,6.889999866485596,6.894999980926514,20755,0.0,0.0
2024-10-02 12:20:00-04:00,6.894999980926514,6.934999942779541,6.889999866485596,6.934999942779541,16782,0.0,0.0
2024-10-02 12:25:00-04:00,6.940000057220459,6.960000038146973,6.934999942779541,6.954999923706055,20572,0.0,0.0
2024-10-02 12:30:00-04:00,6.954999923706055,6.960000038146973,6.940000057220459,6.954999923706055,20418,0.0,0.0
2024-10-02 12:35:00-04:00,6.960000038146973,6.965000152587891,6.954999923706055,6.954999923706055,15271,0.0,0.0
2024-10-02 12:40:00-04:00,6.954999923706055,6.954999923706055,6.949999809265137,6.954999923706055,8609,0.0,0.0
2024-10-02 12:45:00-04:00,6.954999923706055,6.954999923706055,6.949999809265137,6.954999923706055,5182,0.0,0.0
2024-10-02 12:50:00-04:00,6.954999923706055,6.96999979019165,6.954999923706055,6.965000152587891,17046,0.0,0.0
2024-10-02 12:55:00-04:00,6.965000152587891,6.989999771118164,6.960000038146973,6.985000133514404,28071,0.0,0.0
2024-10-02 13:00:00-04:00,6.985000133514404,7.0,6.985000133514404,7.0,10825,0.0,0.0
2024-10-02 13:05:00-04:00,7.0,7.005000114440918,6.985000133514404,6.994999885559082,21202,0.0,0.0
2024-10-02 13:10:00-04:00,6.989999771118164,6.989999771118164,6.985000133514404,6.985000133514404,8179,0.0,0.0
2024-10-02 13:15:00-04:00,6.985000133514404,6.985000133514404,6.980000019073486,6.980000019073486,1928,0.0,0.0
2024-10-02 13:20:00-04:00,6.985000133514404,6.994999885559082,6.985000133514404,6.990799903869629,9333,0.0,0.0
2024-10-02 13:25:00-04:00,6.994999885559082,7.0,6.994999885559082,6.994999885559082,3676,0.0,0.0
2024-10-02 13:30:00-04:00,6.989999771118164,6.994999885559082,6.980000019073486,6.980000019073486,30745,0.0,0.0
2024-10-02 13:35:00-04:00,6.980000019073486,6.989999771118164,6.980000019073486,6.980000019073486,19724,0.0,0.0
2024-10-02 13:40:00-04:00,6.985000133514404,6.994999885559082,6.985000133514404,6.989999771118164,60760,0.0,0.0
2024-10-02 13:45:00-04:00,6.989999771118164,6.989999771118164,6.965000152587891,6.974999904632568,40882,0.0,0.0
2024-10-02 13:50:00-04:00,6.980000019073486,6.980000019073486,6.96999979019165,6.974999904632568,17290,0.0,0.0
2024-10-02 13:55:00-04:00,6.974999904632568,6.974999904632568,6.974999904632568,6.974999904632568,1476,0.0,0.0
2024-10-02 14:00:00-04:00,6.974999904632568,6.974999904632568,6.960000038146973,6.960000038146973,37993,0.0,0.0
2024-10-02 14:05:00-04:00,6.960000038146973,6.960000038146973,6.949999809265137,6.949999809265137,10218,0.0,0.0
2024-10-02 14:10:00-04:00,6.949999809265137,6.954999923706055,6.949999809265137,6.949999809265137,5342,0.0,0.0
2024-10-02 14:15:00-04:00,6.949999809265137,6.974999904632568,6.949999809265137,6.974999904632568,51749,0.0,0.0
2024-10-02 14:20:00-04:00,6.974999904632568,6.974999904632568,6.96999979019165,6.96999979019165,6817,0.0,0.0
2024-10-02 14:25:00-04:00,6.96999979019165,6.974999904632568,6.929999828338623,6.940000057220459,58683,0.0,0.0
2024-10-02 14:30:00-04:00,6.940000057220459,6.949999809265137,6.940000057220459,6.945000171661377,9499,0.0,0.0
2024-10-02 14:35:00-04:00,6.949999809265137,6.949999809265137,6.940000057220459,6.945000171661377,18686,0.0,0.0
2024-10-02 14:40:00-04:00,6.940000057220459,6.954999923706055,6.940000057220459,6.954999923706055,17173,0.0,0.0
2024-10-02 14:45:00-04:00,6.954999923706055,6.954999923706055,6.940000057220459,6.940000057220459,13524,0.0,0.0
2024-10-02 14:50:00-04:00,6.940000057220459,6.945000171661377,6.940000057220459,6.940000057220459,14106,0.0,0.0
2024-10-02 14:55:00-04:00,6.940000057220459,6.945000171661377,6.929999828338623,6.929999828338623,30824,0.0,0.0
2024-10-02 15:00:00-04:00,6.929999828338623,6.934999942779541,6.929999828338623,6.929999828338623,7828,0.0,0.0
2024-10-02 15:05:00-04:00,6.929999828338623,6.945000171661377,6.929999828338623,6.945000171661377,27985,0.0,0.0
2024-10-02 15:10:00-04:00,6.945000171661377,6.945000171661377,6.909999847412109,6.913000106811523,39482,0.0,0.0
2024-10-02 15:15:00-04:00,6.909999847412109,6.914999961853027,6.909999847412109,6.909999847412109,19597,0.0,0.0
2024-10-02 15:20:00-04:00,6.909999847412109,6.909999847412109,6.78000020980835,6.795000076293945,96773,0.0,0.0
2024-10-02 15:25:00-04:00,6.795000076293945,6.795000076293945,6.77400016784668,6.784999847412109,33141,0.0,0.0
2024-10-02 15:30:00-04:00,6.784999847412109,6.784999847412109,6.75,6.760000228881836,101379,0.0,0.0
2024-10-02 15:35:00-04:00,6.760000228881836,6.78000020980835,6.75,6.775000095367432,57978,0.0,0.0
2024-10-02 15:40:00-04:00,6.775000095367432,6.800000190734863,6.769999980926514,6.784999847412109,72226,0.0,0.0
2024-10-02 15:45:00-04:00,6.784999847412109,6.800000190734863,6.78000020980835,6.789999961853027,51348,0.0,0.0
2024-10-02 15:50:00-04:00,6.789999961853027,6.789999961853027,6.739999771118164,6.739999771118164,88712,0.0,0.0
2024-10-02 15:55:00-04:00,6.739999771118164,6.75,6.71999979019165,6.71999979019165,225127,0.0,0.0
2024-10-03 09:30:00-04:00,6.659999847412109,6.809999942779541,6.659999847412109,6.809999942779541,18277,0.0,0.0
2024-10-03 09:35:00-04:00,6.764999866485596,6.78000020980835,6.650000095367432,6.679999828338623,34655,0.0,0.0
2024-10-03 09:40:00-04:00,6.679999828338623,6.679999828338623,6.659999847412109,6.659999847412109,15695,0.0,0.0
2024-10-03 09:45:00-04:00,6.659999847412109,6.664999961853027,6.625,6.639999866485596,26109,0.0,0.0
2024-10-03 09:50:00-04:00,6.639999866485596,6.670000076293945,6.619999885559082,6.630000114440918,26216,0.0,0.0
2024-10-03 09:55:00-04:00,6.619999885559082,6.71999979019165,6.619999885559082,6.710000038146973,13837,0.0,0.0
2024-10-03 10:00:00-04:00,6.699999809265137,6.75,6.699999809265137,6.730000019073486,35457,0.0,0.0
2024-10-03 10:05:00-04:00,6.724999904632568,6.724999904632568,6.684999942779541,6.704999923706055,34328,0.0,0.0
2024-10-03 10:10:00-04:00,6.704999923706055,6.730000019073486,6.679999828338623,6.690000057220459,30183,0.0,0.0
2024-10-03 10:15:00-04:00,6.690000057220459,6.71999979019165,6.690000057220459,6.715000152587891,13557,0.0,0.0
2024-10-03 10:20:00-04:00,6.710000038146973,6.715000152587891,6.619999885559082,6.664999961853027,51867,0.0,0.0
2024-10-03 10:25:00-04:00,6.670000076293945,6.679999828338623,6.651899814605713,6.670000076293945,16615,0.0,0.0
2024-10-03 10:30:00-04:00,6.675000190734863,6.724999904632568,6.670000076293945,6.71999979019165,14265,0.0,0.0
2024-10-03 10:35:00-04:00,6.71999979019165,6.735000133514404,6.695000171661377,6.699999809265137,17417,0.0,0.0
2024-10-03 10:40:00-04:00,6.695000171661377,6.710000038146973,6.680099964141846,6.704999923706055,17507,0.0,0.0
2024-10-03 10:45:00-04:00,6.699999809265137,6.735000133514404,6.699999809265137,6.735000133514404,10652,0.0,0.0
2024-10-03 10:50:00-04:00,6.735000133514404,6.755000114440918,6.735000133514404,6.744999885559082,21199,0.0,0.0
2024-10-03 10:55:00-04:00,6.739999771118164,6.75,6.735000133514404,6.735000133514404,20634,0.0,0.0
2024-10-03 11:00:00-04:00,6.735000133514404,6.735000133514404,6.679999828338623,6.679999828338623,12002,0.0,0.0
2024-10-03 11:05:00-04:00,6.684999942779541,6.695000171661377,6.684999942779541,6.690000057220459,8624,0.0,0.0
2024-10-03 11:10:00-04:00,6.684999942779541,6.710000038146973,6.679999828338623,6.710000038146973,10338,0.0,0.0
2024-10-03 11:15:00-04:00,6.71999979019165,6.75,6.715000152587891,6.744999885559082,9439,0.0,0.0
2024-10-03 11:20:00-04:00,6.744999885559082,6.809999942779541,6.739999771118164,6.789999961853027,41698,0.0,0.0
2024-10-03 11:25:00-04:00,6.789999961853027,6.789999961853027,6.760000228881836,6.764999866485596,12629,0.0,0.0
2024-10-03 11:30:00-04:00,6.760000228881836,6.78000020980835,6.760000228881836,6.764999866485596,7145,0.0,0.0
2024-10-03 11:35:00-04:00,6.760000228881836,6.760000228881836,6.75,6.755000114440918,5451,0.0,0.0
2024-10-03 11:40:00-04:00,6.755000114440918,6.755000114440918,6.730000019073486,6.744999885559082,11538,0.0,0.0
2024-10-03 11:45:00-04:00,6.744999885559082,6.760000228881836,6.744999885559082,6.760000228881836,5305,0.0,0.0
2024-10-03 11:50:00-04:00,6.755000114440918,6.760000228881836,6.75,6.75,5530,0.0,0.0
2024-10-03 11:55:00-04:00,6.760000228881836,6.760000228881836,6.75,6.760000228881836,3791,0.0,0.0
2024-10-03 12:00:00-04:00,6.75,6.755000114440918,6.730999946594238,6.730999946594238,6328,0.0,0.0
2024-10-03 12:05:00-04:00,6.735000133514404,6.75,6.735000133514404,6.75,4713,0.0,0.0
2024-10-03 12:10:00-04:00,6.75,6.755000114440918,6.744999885559082,6.755000114440918,5286,0.0,0.0
2024-10-03 12:15:00-04:00,6.755000114440918,6.755000114440918,6.744999885559082,6.755000114440918,7637,0.0,0.0
2024-10-03 12:20:00-04:00,6.755000114440918,6.78000020980835,6.75,6.775000095367432,17240,0.0,0.0
2024-10-03 12:25:00-04:00,6.775000095367432,6.78000020980835,6.760000228881836,6.764999866485596,14227,0.0,0.0
2024-10-03 12:30:00-04:00,6.760000228881836,6.769999980926514,6.755000114440918,6.755000114440918,9465,0.0,0.0
2024-10-03 12:35:00-04:00,6.760000228881836,6.769999980926514,6.75,6.755000114440918,9689,0.0,0.0
2024-10-03 12:40:00-04:00,6.75,6.75,6.739999771118164,6.739999771118164,3186,0.0,0.0
2024-10-03 12:45:00-04:00,6.739999771118164,6.744999885559082,6.739999771118164,6.739999771118164,3497,0.0,0.0
2024-10-03 12:50:00-04:00,6.739999771118164,6.739999771118164,6.710000038146973,6.710000038146973,17455,0.0,0.0
2024-10-03 12:55:00-04:00,6.715000152587891,6.724999904632568,6.715000152587891,6.715000152587891,7747,0.0,0.0
2024-10-03 13:00:00-04:00,6.710000038146973,6.710000038146973,6.704999923706055,6.704999923706055,4090,0.0,0.0
2024-10-03 13:05:00-04:00,6.710000038146973,6.710000038146973,6.699999809265137,6.704999923706055,5101,0.0,0.0
2024-10-03 13:10:00-04:00,6.699999809265137,6.710000038146973,6.699999809265137,6.699999809265137,3612,0.0,0.0
2024-10-03 13:15:00-04:00,6.704999923706055,6.710000038146973,6.704999923706055,6.704999923706055,3991,0.0,0.0
2024-10-03 13:20:00-04:00,6.704999923706055,6.724999904632568,6.704999923706055,6.71999979019165,21594,0.0,0.0
2024-10-03 13:25:00-04:00,6.71999979019165,6.71999979019165,6.690000057220459,6.690000057220459,9071,0.0,0.0
2024-10-03 13:30:00-04:00,6.690000057220459,6.695000171661377,6.684999942779541,6.690000057220459,7852,0.0,0.0
2024-10-03 13:35:00-04:00,6.695000171661377,6.699999809265137,6.690000057220459,6.690000057220459,6020,0.0,0.0
2024-10-03 13:40:00-04:00,6.695000171661377,6.699999809265137,6.684000015258789,6.699999809265137,11724,0.0,0.0
2024-10-03 13:45:00-04:00,6.695000171661377,6.715000152587891,6.695000171661377,6.715000152587891,12571,0.0,0.0
2024-10-03 13:50:00-04:00,6.715000152587891,6.724999904632568,6.710000038146973,6.710000038146973,14751,0.0,0.0
2024-10-03 13:55:00-04:00,6.710000038146973,6.710000038146973,6.690000057220459,6.695000171661377,8520,0.0,0.0
2024-10-03 14:00:00-04:00,6.699999809265137,6.704999923706055,6.695000171661377,6.704999923706055,11273,0.0,0.0
2024-10-03 14:05:00-04:00,6.710000038146973,6.715000152587891,6.704999923706055,6.704999923706055,12355,0.0,0.0
2024-10-03 14:10:00-04:00,6.704999923706055,6.704999923706055,6.699999809265137,6.699999809265137,4348,0.0,0.0
2024-10-03 14:15:00-04:00,6.704999923706055,6.71999979019165,6.704999923706055,6.715000152587891,12637,0.0,0.0
2024-10-03 14:20:00-04:00,6.715000152587891,6.739999771118164,6.710000038146973,6.739999771118164,15095,0.0,0.0
2024-10-03 14:25:00-04:00,6.739999771118164,6.764999866485596,6.739999771118164,6.750100135803223,12899,0.0,0.0
2024-10-03 14:30:00-04:00,6.754670143127441,6.754670143127441,6.739999771118164,6.744999885559082,8390,0.0,0.0
2024-10-03 14:35:00-04:00,6.744999885559082,6.765999794006348,6.739999771118164,6.760000228881836,22127,0.0,0.0
2024-10-03 14:40:00-04:00,6.760000228881836,6.760000228881836,6.754000186920166,6.755000114440918,7479,0.0,0.0
2024-10-03 14:45:00-04:00,6.75,6.755000114440918,6.74399995803833,6.744999885559082,18179,0.0,0.0
2024-10-03 14:50:00-04:00,6.744999885559082,6.75,6.730000019073486,6.730000019073486,12493,0.0,0.0
2024-10-03 14:55:00-04:00,6.730000019073486,6.745999813079834,6.730000019073486,6.744999885559082,13419,0.0,0.0
2024-10-03 15:00:00-04:00,6.744999885559082,6.75,6.71999979019165,6.75,22141,0.0,0.0
2024-10-03 15:05:00-04:00,6.755000114440918,6.755000114440918,6.744999885559082,6.744999885559082,8954,0.0,0.0
2024-10-03 15:10:00-04:00,6.744999885559082,6.744999885559082,6.71999979019165,6.724999904632568,11341,0.0,0.0
2024-10-03 15:15:00-04:00,6.724999904632568,6.730000019073486,6.71999979019165,6.730000019073486,11189,0.0,0.0
2024-10-03 15:20:00-04:00,6.730000019073486,6.739999771118164,6.71999979019165,6.724999904632568,18336,0.0,0.0
2024-10-03 15:25:00-04:00,6.730000019073486,6.730000019073486,6.71999979019165,6.724999904632568,21899,0.0,0.0
2024-10-03 15:30:00-04:00,6.724999904632568,6.730000019073486,6.71999979019165,6.724999904632568,18892,0.0,0.0
2024-10-03 15:35:00-04:00,6.730000019073486,6.730000019073486,6.715000152587891,6.724999904632568,36019,0.0,0.0
2024-10-03 15:40:00-04:00,6.724999904632568,6.730000019073486,6.710000038146973,6.710899829864502,40717,0.0,0.0
2024-10-03 15:45:00-04:00,6.710000038146973,6.735000133514404,6.699999809265137,6.735000133514404,67469,0.0,0.0
2024-10-03 15:50:00-04:00,6.735000133514404,6.769999980926514,6.735000133514404,6.769999980926514,69240,0.0,0.0
2024-10-03 15:55:00-04:00,6.769999980926514,6.769999980926514,6.739999771118164,6.739999771118164,253331,0.0,0.0
2024-10-04 09:30:00-04:00,6.849999904632568,6.96999979019165,6.809999942779541,6.940000057220459,26774,0.0,0.0
2024-10-04 09:35:00-04:00,6.920000076293945,6.960000038146973,6.920000076293945,6.960000038146973,5371,0.0,0.0
2024-10-04 09:40:00-04:00,6.929999828338623,7.0,6.909999847412109,7.0,14204,0.0,0.0
2024-10-04 09:45:00-04:00,7.019999980926514,7.079999923706055,6.989999771118164,7.039999961853027,45999,0.0,0.0
2024-10-04 09:50:00-04:00,7.03000020980835,7.03000020980835,6.949999809265137,6.96999979019165,21181,0.0,0.0
2024-10-04 09:55:00-04:00,6.960000038146973,6.960000038146973,6.894999980926514,6.929999828338623,13090,0.0,0.0
2024-10-04 10:00:00-04:00,6.929999828338623,6.929999828338623,6.90500020980835,6.90500020980835,10390,0.0,0.0
2024-10-04 10:05:00-04:00,6.90500020980835,6.914999961853027,6.849999904632568,6.869999885559082,22937,0.0,0.0
2024-10-04 10:10:00-04:00,6.869999885559082,6.940000057220459,6.855000019073486,6.934999942779541,12064,0.0,0.0
2024-10-04 10:15:00-04:00,6.929999828338623,6.949999809265137,6.914999961853027,6.940000057220459,12149,0.0,0.0
2024-10-04 10:20:00-04:00,6.934999942779541,6.934999942779541,6.900000095367432,6.90500020980835,10199,0.0,0.0
2024-10-04 10:25:00-04:00,6.909999847412109,6.929999828338623,6.880000114440918,6.889999866485596,7836,0.0,0.0
2024-10-04 10:30:00-04:00,6.894999980926514,6.925000190734863,6.880000114440918,6.90500020980835,10088,0.0,0.0
2024-10-04 10:35:00-04:00,6.909999847412109,6.920000076293945,6.880000114440918,6.885000228881836,6421,0.0,0.0
2024-10-04 10:40:00-04:00,6.885000228881836,6.920000076293945,6.885000228881836,6.920000076293945,7536,0.0,0.0
2024-10-04 10:45:00-04:00,6.920000076293945,6.925000190734863,6.909999847412109,6.920000076293945,7163,0.0,0.0
2024-10-04 10:50:00-04:00,6.929999828338623,6.970099925994873,6.929999828338623,6.96999979019165,7637,0.0,0.0
2024-10-04 10:55:00-04:00,6.96999979019165,7.014999866485596,6.96999979019165,6.985000133514404,60667,0.0,0.0
2024-10-04 11:00:00-04:00,6.985000133514404,7.0,6.980000019073486,6.980000019073486,14592,0.0,0.0
2024-10-04 11:05:00-04:00,6.974999904632568,6.989999771118164,6.960000038146973,6.980000019073486,28050,0.0,0.0
2024-10-04 11:10:00-04:00,6.989999771118164,6.989999771118164,6.965000152587891,6.96999979019165,4962,0.0,0.0
2024-10-04 11:15:00-04:00,6.96999979019165,6.985000133514404,6.965000152587891,6.985000133514404,4743,0.0,0.0
2024-10-04 11:20:00-04:00,6.980000019073486,6.980000019073486,6.945000171661377,6.965000152587891,5369,0.0,0.0
2024-10-04 11:25:00-04:00,6.960000038146973,6.965000152587891,6.949999809265137,6.954999923706055,1697,0.0,0.0
2024-10-04 11:30:00-04:00,6.954999923706055,6.954999923706055,6.929999828338623,6.940000057220459,4560,0.0,0.0
2024-10-04 11:35:00-04:00,6.945000171661377,6.954999923706055,6.945000171661377,6.949999809265137,2746,0.0,0.0
2024-10-04 11:40:00-04:00,6.949999809265137,6.949999809265137,6.945000171661377,6.945000171661377,2731,0.0,0.0
2024-10-04 11:45:00-04:00,6.945000171661377,6.960000038146973,6.945000171661377,6.960000038146973,1296,0.0,0.0
2024-10-04 11:50:00-04:00,6.954999923706055,6.985000133514404,6.954999923706055,6.985000133514404,2944,0.0,0.0
2024-10-04 11:55:00-04:00,6.985000133514404,6.989999771118164,6.985000133514404,6.989999771118164,2913,0.0,0.0
2024-10-04 12:00:00-04:00,6.989999771118164,7.0,6.985000133514404,6.985000133514404,4112,0.0,0.0
2024-10-04 12:05:00-04:00,6.985000133514404,6.985000133514404,6.96999979019165,6.96999979019165,2282,0.0,0.0
2024-10-04 12:10:00-04:00,6.965000152587891,6.999899864196777,6.965000152587891,6.994999885559082,6442,0.0,0.0
2024-10-04 12:15:00-04:00,7.0,7.010000228881836,7.0,7.0,4268,0.0,0.0
2024-10-04 12:20:00-04:00,7.0,7.0,6.989999771118164,6.989999771118164,1579,0.0,0.0
2024-10-04 12:25:00-04:00,6.994999885559082,7.014999866485596,6.989999771118164,7.014999866485596,8341,0.0,0.0
2024-10-04 12:30:00-04:00,7.019999980926514,7.025000095367432,6.991099834442139,7.010000228881836,28455,0.0,0.0
2024-10-04 12:35:00-04:00,7.019999980926514,7.050000190734863,7.019999980926514,7.050000190734863,7195,0.0,0.0
2024-10-04 12:40:00-04:00,7.050000190734863,7.059999942779541,7.039999961853027,7.050000190734863,4661,0.0,0.0
2024-10-04 12:45:00-04:00,7.059999942779541,7.065000057220459,7.050000190734863,7.050000190734863,3561,0.0,0.0
2024-10-04 12:50:00-04:00,7.050000190734863,7.050000190734863,7.03000020980835,7.030600070953369,6605,0.0,0.0
2024-10-04 12:55:00-04:00,7.031000137329102,7.039999961853027,7.03000020980835,7.034999847412109,3790,0.0,0.0
2024-10-04 13:00:00-04:00,7.03000020980835,7.03000020980835,7.025000095367432,7.025000095367432,3862,0.0,0.0
2024-10-04 13:05:00-04:00,7.019999980926514,7.025000095367432,7.014999866485596,7.025000095367432,10659,0.0,0.0
2024-10-04 13:10:00-04:00,7.03000020980835,7.03000020980835,7.025000095367432,7.025000095367432,1433,0.0,0.0
2024-10-04 13:15:00-04:00,7.025000095367432,7.03000020980835,7.025000095367432,7.025000095367432,3055,0.0,0.0
2024-10-04 13:20:00-04:00,7.025000095367432,7.025000095367432,7.014999866485596,7.014999866485596,3571,0.0,0.0
2024-10-04 13:25:00-04:00,7.010000228881836,7.010000228881836,6.994999885559082,7.0,8852,0.0,0.0
2024-10-04 13:30:00-04:00,6.989999771118164,7.005000114440918,6.985000133514404,6.989999771118164,10505,0.0,0.0
2024-10-04 13:35:00-04:00,6.994999885559082,7.0,6.989999771118164,7.0,5842,0.0,0.0
2024-10-04 13:40:00-04:00,6.994999885559082,7.025000095367432,6.994999885559082,7.025000095367432,3720,0.0,0.0
2024-10-04 13:45:00-04:00,7.019999980926514,7.019999980926514,7.014999866485596,7.019999980926514,5192,0.0,0.0
2024-10-04 13:50:00-04:00,7.014999866485596,7.019999980926514,7.010000228881836,7.010000228881836,3867,0.0,0.0
2024-10-04 13:55:00-04:00,7.005000114440918,7.010000228881836,6.994999885559082,6.994999885559082,3953,0.0,0.0
2024-10-04 14:00:00-04:00,6.994999885559082,7.019999980926514,6.99399995803833,7.019000053405762,13157,0.0,0.0
2024-10-04 14:05:00-04:00,7.014999866485596,7.03000020980835,7.0100998878479,7.025000095367432,8353,0.0,0.0
2024-10-04 14:10:00-04:00,7.019999980926514,7.019999980926514,7.005000114440918,7.019999980926514,6268,0.0,0.0
2024-10-04 14:15:00-04:00,7.014999866485596,7.019999980926514,7.014999866485596,7.014999866485596,2423,0.0,0.0
2024-10-04 14:20:00-04:00,7.019999980926514,7.03000020980835,7.019999980926514,7.025000095367432,6357,0.0,0.0
2024-10-04 14:25:00-04:00,7.03000020980835,7.03000020980835,7.014999866485596,7.014999866485596,9617,0.0,0.0
2024-10-04 14:30:00-04:00,7.0142998695373535,7.0142998695373535,7.0,7.010000228881836,11839,0.0,0.0
2024-10-04 14:35:00-04:00,7.019999980926514,7.019999980926514,7.014999866485596,7.019999980926514,1817,0.0,0.0
2024-10-04 14:40:00-04:00,7.019999980926514,7.03000020980835,7.014999866485596,7.014999866485596,13351,0.0,0.0
2024-10-04 14:45:00-04:00,7.019999980926514,7.03000020980835,7.019999980926514,7.025000095367432,6423,0.0,0.0
2024-10-04 14:50:00-04:00,7.020999908447266,7.03000020980835,7.0,7.0,35042,0.0,0.0
2024-10-04 14:55:00-04:00,7.005000114440918,7.005000114440918,6.980000019073486,6.980000019073486,22636,0.0,0.0
2024-10-04 15:00:00-04:00,6.980000019073486,6.980000019073486,6.929999828338623,6.929999828338623,36520,0.0,0.0
2024-10-04 15:05:00-04:00,6.929999828338623,6.949999809265137,6.929999828338623,6.949999809265137,45539,0.0,0.0
2024-10-04 15:10:00-04:00,6.949999809265137,6.949999809265137,6.934999942779541,6.945000171661377,28978,0.0,0.0
2024-10-04 15:15:00-04:00,6.949999809265137,6.949999809265137,6.929999828338623,6.934999942779541,17007,0.0,0.0
2024-10-04 15:20:00-04:00,6.929999828338623,6.949999809265137,6.929999828338623,6.945000171661377,21945,0.0,0.0
2024-10-04 15:25:00-04:00,6.949999809265137,6.949999809265137,6.940000057220459,6.940000057220459,7487,0.0,0.0
2024-10-04 15:30:00-04:00,6.940000057220459,6.940000057220459,6.869999885559082,6.875,111459,0.0,0.0
2024-10-04 15:35:00-04:00,6.869999885559082,6.900000095367432,6.860000133514404,6.885000228881836,42686,0.0,0.0
2024-10-04 15:40:00-04:00,6.885000228881836,6.894999980926514,6.880000114440918,6.894999980926514,23919,0.0,0.0
2024-10-04 15:45:00-04:00,6.889999866485596,6.900000095367432,6.869999885559082,6.869999885559082,28571,0.0,0.0
2024-10-04 15:50:00-04:00,6.870100021362305,6.885000228881836,6.840000152587891,6.840000152587891,83221,0.0,0.0
2024-10-04 15:55:00-04:00,6.840000152587891,6.840000152587891,6.809999942779541,6.809999942779541,163778,0.0,0.0
2024-10-07 09:30:00-04:00,6.800000190734863,6.809999942779541,6.78000020980835,6.795000076293945,33939,0.0,0.0
2024-10-07 09:35:00-04:00,6.795000076293945,6.809999942779541,6.760000228881836,6.760000228881836,10991,0.0,0.0
2024-10-07 09:40:00-04:00,6.764999866485596,6.769999980926514,6.71999979019165,6.730000019073486,8290,0.0,0.0
2024-10-07 09:45:00-04:00,6.71999979019165,6.769999980926514,6.710000038146973,6.764999866485596,13282,0.0,0.0
2024-10-07 09:50:00-04:00,6.769999980926514,6.809999942779541,6.755000114440918,6.764999866485596,18792,0.0,0.0
2024-10-07 09:55:00-04:00,6.760000228881836,6.800000190734863,6.755000114440918,6.784999847412109,10725,0.0,0.0
2024-10-07 10:00:00-04:00,6.78000020980835,6.795000076293945,6.71999979019165,6.735000133514404,26751,0.0,0.0
2024-10-07 10:05:00-04:00,6.735000133514404,6.760000228881836,6.684999942779541,6.695000171661377,26086,0.0,0.0
2024-10-07 10:10:00-04:00,6.699900150299072,6.730000019073486,6.670000076293945,6.675000190734863,15520,0.0,0.0
2024-10-07 10:15:00-04:00,6.670000076293945,6.675000190734863,6.644000053405762,6.644000053405762,12464,0.0,0.0
2024-10-07 10:20:00-04:00,6.644999980926514,6.644999980926514,6.619999885559082,6.625,10836,0.0,0.0
2024-10-07 10:25:00-04:00,6.619999885559082,6.625,6.610000133514404,6.614999771118164,10839,0.0,0.0
2024-10-07 10:30:00-04:00,6.614999771118164,6.619999885559082,6.590000152587891,6.59499979019165,14097,0.0,0.0
2024-10-07 10:35:00-04:00,6.590000152587891,6.59499979019165,6.565000057220459,6.574999809265137,11727,0.0,0.0
2024-10-07 10:40:00-04:00,6.570000171661377,6.570000171661377,6.550000190734863,6.554999828338623,12332,0.0,0.0
2024-10-07 10:45:00-04:00,6.554999828338623,6.570000171661377,6.539999961853027,6.550000190734863,16466,0.0,0.0
2024-10-07 10:50:00-04:00,6.559999942779541,6.570000171661377,6.534999847412109,6.534999847412109,9323,0.0,0.0
2024-10-07 10:55:00-04:00,6.53000020980835,6.534999847412109,6.519999980926514,6.519999980926514,9442,0.0,0.0
2024-10-07 11:00:00-04:00,6.519999980926514,6.550000190734863,6.510000228881836,6.545000076293945,31966,0.0,0.0
2024-10-07 11:05:00-04:00,6.550000190734863,6.550000190734863,6.519999980926514,6.519999980926514,4624,0.0,0.0
2024-10-07 11:10:00-04:00,6.519999980926514,6.53000020980835,6.480000019073486,6.489999771118164,22593,0.0,0.0
2024-10-07 11:15:00-04:00,6.485000133514404,6.489999771118164,6.480000019073486,6.485000133514404,6012,0.0,0.0
2024-10-07 11:20:00-04:00,6.480000019073486,6.489999771118164,6.460000038146973,6.465000152587891,12609,0.0,0.0
2024-10-07 11:25:00-04:00,6.465000152587891,6.485000133514404,6.460000038146973,6.46999979019165,13227,0.0,0.0
2024-10-07 11:30:00-04:00,6.460000038146973,6.460000038146973,6.409999847412109,6.420000076293945,29881,0.0,0.0
2024-10-07 11:35:00-04:00,6.420000076293945,6.425000190734863,6.400000095367432,6.400000095367432,22235,0.0,0.0
2024-10-07 11:40:00-04:00,6.400000095367432,6.4141998291015625,6.385000228881836,6.385000228881836,26771,0.0,0.0
2024-10-07 11:45:00-04:00,6.385000228881836,6.389999866485596,6.380000114440918,6.385000228881836,5651,0.0,0.0
2024-10-07 11:50:00-04:00,6.385000228881836,6.400000095367432,6.375,6.385000228881836,11978,0.0,0.0
2024-10-07 11:55:00-04:00,6.380000114440918,6.380000114440918,6.360000133514404,6.369999885559082,11820,0.0,0.0
2024-10-07 12:00:00-04:00,6.360000133514404,6.369999885559082,6.360000133514404,6.363999843597412,5745,0.0,0.0
2024-10-07 12:05:00-04:00,6.364999771118164,6.375,6.355000019073486,6.375,12401,0.0,0.0
2024-10-07 12:10:00-04:00,6.369999885559082,6.375,6.360000133514404,6.369999885559082,4587,0.0,0.0
2024-10-07 12:15:00-04:00,6.364999771118164,6.389999866485596,6.364999771118164,6.380000114440918,5117,0.0,0.0
2024-10-07 12:20:00-04:00,6.380000114440918,6.380000114440918,6.369999885559082,6.369999885559082,3807,0.0,0.0
2024-10-07 12:25:00-04:00,6.369999885559082,6.380000114440918,6.364999771118164,6.380000114440918,11261,0.0,0.0
2024-10-07 12:30:00-04:00,6.369999885559082,6.375,6.364999771118164,6.375,8567,0.0,0.0
2024-10-07 12:35:00-04:00,6.369999885559082,6.395999908447266,6.369999885559082,6.389999866485596,7195,0.0,0.0
2024-10-07 12:40:00-04:00,6.389999866485596,6.394999980926514,6.385000228881836,6.389900207519531,5027,0.0,0.0
2024-10-07 12:45:00-04:00,6.385000228881836,6.399199962615967,6.385000228881836,6.385000228881836,5324,0.0,0.0
2024-10-07 12:50:00-04:00,6.389999866485596,6.429999828338623,6.389999866485596,6.425000190734863,11304,0.0,0.0
2024-10-07 12:55:00-04:00,6.425000190734863,6.440000057220459,6.400000095367432,6.400000095367432,11332,0.0,0.0
2024-10-07 13:00:00-04:00,6.400000095367432,6.40500020980835,6.385000228881836,6.40500020980835,5534,0.0,0.0
2024-10-07 13:05:00-04:00,6.40500020980835,6.420000076293945,6.394999980926514,6.414999961853027,8880,0.0,0.0
2024-10-07 13:10:00-04:00,6.414999961853027,6.440000057220459,6.414999961853027,6.440000057220459,7512,0.0,0.0
2024-10-07 13:15:00-04:00,6.449999809265137,6.454999923706055,6.425000190734863,6.434999942779541,14774,0.0,0.0
2024-10-07 13:20:00-04:00,6.440000057220459,6.440000057220459,6.420000076293945,6.420000076293945,3857,0.0,0.0
2024-10-07 13:25:00-04:00,6.425000190734863,6.429999828338623,6.420000076293945,6.420000076293945,6394,0.0,0.0
2024-10-07 13:30:00-04:00,6.409999847412109,6.420000076293945,6.409999847412109,6.414999961853027,5813,0.0,0.0
2024-10-07 13:35:00-04:00,6.414999961853027,6.425000190734863,6.40500020980835,6.414999961853027,11213,0.0,0.0
2024-10-07 13:40:00-04:00,6.414999961853027,6.414999961853027,6.400000095367432,6.40500020980835,4254,0.0,0.0
2024-10-07 13:45:00-04:00,6.40500020980835,6.409999847412109,6.389999866485596,6.389999866485596,7452,0.0,0.0
2024-10-07 13:50:00-04:00,6.394999980926514,6.400000095367432,6.385000228881836,6.389999866485596,10993,0.0,0.0
2024-10-07 13:55:00-04:00,6.394999980926514,6.400000095367432,6.375,6.400000095367432,13781,0.0,0.0
2024-10-07 14:00:00-04:00,6.389999866485596,6.389999866485596,6.360000133514404,6.364999771118164,7628,0.0,0.0
2024-10-07 14:05:00-04:00,6.360000133514404,6.369999885559082,6.360000133514404,6.360000133514404,2854,0.0,0.0
2024-10-07 14:10:00-04:00,6.366099834442139,6.369999885559082,6.355000019073486,6.355000019073486,9082,0.0,0.0
2024-10-07 14:15:00-04:00,6.355000019073486,6.355999946594238,6.34499979019165,6.34499979019165,7194,0.0,0.0
2024-10-07 14:20:00-04:00,6.34499979019165,6.360000133514404,6.34499979019165,6.355000019073486,15090,0.0,0.0
2024-10-07 14:25:00-04:00,6.355000019073486,6.360000133514404,6.340000152587891,6.340000152587891,6281,0.0,0.0
2024-10-07 14:30:00-04:00,6.335000038146973,6.375,6.315000057220459,6.360000133514404,27351,0.0,0.0
2024-10-07 14:35:00-04:00,6.349999904632568,6.380000114440918,6.349999904632568,6.375,4766,0.0,0.0
2024-10-07 14:40:00-04:00,6.380000114440918,6.380000114440918,6.369999885559082,6.375,3929,0.0,0.0
2024-10-07 14:45:00-04:00,6.375,6.375,6.34499979019165,6.34499979019165,8792,0.0,0.0
2024-10-07 14:50:00-04:00,6.34499979019165,6.349999904632568,6.335000038146973,6.34499979019165,6766,0.0,0.0
2024-10-07 14:55:00-04:00,6.34499979019165,6.380000114440918,6.329999923706055,6.364999771118164,37295,0.0,0.0
2024-10-07 15:00:00-04:00,6.375,6.380000114440918,6.369999885559082,6.375,4066,0.0,0.0
2024-10-07 15:05:00-04:00,6.375,6.380000114440918,6.360000133514404,6.375,15045,0.0,0.0
2024-10-07 15:10:00-04:00,6.380000114440918,6.380000114440918,6.340000152587891,6.34499979019165,19266,0.0,0.0
2024-10-07 15:15:00-04:00,6.340000152587891,6.3460001945495605,6.329999923706055,6.335000038146973,11658,0.0,0.0
2024-10-07 15:20:00-04:00,6.335000038146973,6.340000152587891,6.329999923706055,6.335000038146973,12449,0.0,0.0
2024-10-07 15:25:00-04:00,6.340000152587891,6.34499979019165,6.329999923706055,6.335000038146973,11904,0.0,0.0
2024-10-07 15:30:00-04:00,6.329999923706055,6.329999923706055,6.309999942779541,6.329999923706055,31879,0.0,0.0
2024-10-07 15:35:00-04:00,6.320000171661377,6.320000171661377,6.289999961853027,6.309999942779541,41526,0.0,0.0
2024-10-07 15:40:00-04:00,6.300000190734863,6.34499979019165,6.300000190734863,6.340000152587891,38297,0.0,0.0
2024-10-07 15:45:00-04:00,6.340000152587891,6.355000019073486,6.329999923706055,6.349999904632568,46062,0.0,0.0
2024-10-07 15:50:00-04:00,6.349999904632568,6.360000133514404,6.340000152587891,6.355000019073486,35393,0.0,0.0
2024-10-07 15:55:00-04:00,6.349999904632568,6.359899997711182,6.269999980926514,6.269999980926514,310318,0.0,0.0
2024-10-08 09:30:00-04:00,6.260000228881836,6.28000020980835,6.179999828338623,6.195000171661377,31797,0.0,0.0
2024-10-08 09:35:00-04:00,6.195000171661377,6.195000171661377,6.150000095367432,6.170000076293945,4969,0.0,0.0
2024-10-08 09:40:00-04:00,6.159999847412109,6.190000057220459,6.15500020980835,6.164999961853027,12240,0.0,0.0
2024-10-08 09:45:00-04:00,6.159999847412109,6.175000190734863,6.159999847412109,6.175000190734863,4619,0.0,0.0
2024-10-08 09:50:00-04:00,6.179999828338623,6.184999942779541,6.164999961853027,6.170000076293945,9536,0.0,0.0
2024-10-08 09:55:00-04:00,6.170000076293945,6.190000057220459,6.164999961853027,6.184999942779541,10459,0.0,0.0
2024-10-08 10:00:00-04:00,6.184999942779541,6.190000057220459,6.15500020980835,6.164999961853027,16839,0.0,0.0
2024-10-08 10:05:00-04:00,6.159999847412109,6.159999847412109,6.099999904632568,6.099999904632568,14558,0.0,0.0
2024-10-08 10:10:00-04:00,6.099999904632568,6.105000019073486,6.065000057220459,6.070000171661377,18948,0.0,0.0
2024-10-08 10:15:00-04:00,6.078000068664551,6.119999885559082,6.078000068664551,6.110000133514404,9836,0.0,0.0
2024-10-08 10:20:00-04:00,6.110000133514404,6.110000133514404,6.065000057220459,6.065000057220459,13024,0.0,0.0
2024-10-08 10:25:00-04:00,6.065000057220459,6.085000038146973,6.065000057220459,6.085000038146973,12696,0.0,0.0
2024-10-08 10:30:00-04:00,6.085000038146973,6.159999847412109,6.085000038146973,6.150000095367432,12264,0.0,0.0
2024-10-08 10:35:00-04:00,6.144999980926514,6.1483001708984375,6.135000228881836,6.144999980926514,7257,0.0,0.0
2024-10-08 10:40:00-04:00,6.150000095367432,6.190000057220459,6.150000095367432,6.175000190734863,21076,0.0,0.0
2024-10-08 10:45:00-04:00,6.179999828338623,6.204999923706055,6.164999961853027,6.204999923706055,6866,0.0,0.0
2024-10-08 10:50:00-04:00,6.204999923706055,6.275000095367432,6.204999923706055,6.260000228881836,22517,0.0,0.0
2024-10-08 10:55:00-04:00,6.255000114440918,6.264999866485596,6.224999904632568,6.224999904632568,9283,0.0,0.0
2024-10-08 11:00:00-04:00,6.224999904632568,6.235000133514404,6.224999904632568,6.235000133514404,4420,0.0,0.0
2024-10-08 11:05:00-04:00,6.230000019073486,6.230000019073486,6.21999979019165,6.220300197601318,4804,0.0,0.0
2024-10-08 11:10:00-04:00,6.21999979019165,6.260000228881836,6.204999923706055,6.255000114440918,25790,0.0,0.0
2024-10-08 11:15:00-04:00,6.255000114440918,6.255000114440918,6.244999885559082,6.244999885559082,4118,0.0,0.0
2024-10-08 11:20:00-04:00,6.244999885559082,6.269999980926514,6.244999885559082,6.260000228881836,10131,0.0,0.0
2024-10-08 11:25:00-04:00,6.260000228881836,6.269999980926514,6.25,6.255000114440918,10390,0.0,0.0
2024-10-08 11:30:00-04:00,6.255000114440918,6.264999866485596,6.239999771118164,6.244999885559082,7232,0.0,0.0
2024-10-08 11:35:00-04:00,6.25,6.275000095367432,6.239999771118164,6.264999866485596,8392,0.0,0.0
2024-10-08 11:40:00-04:00,6.260000228881836,6.269999980926514,6.260000228881836,6.26200008392334,4388,0.0,0.0
2024-10-08 11:45:00-04:00,6.264999866485596,6.264999866485596,6.230000019073486,6.230000019073486,7156,0.0,0.0
2024-10-08 11:50:00-04:00,6.235000133514404,6.25,6.235000133514404,6.244999885559082,6734,0.0,0.0
2024-10-08 11:55:00-04:00,6.244999885559082,6.260000228881836,6.239999771118164,6.260000228881836,3964,0.0,0.0
2024-10-08 12:00:00-04:00,6.255000114440918,6.260000228881836,6.25,6.25,5819,0.0,0.0
2024-10-08 12:05:00-04:00,6.260000228881836,6.269999980926514,6.260000228881836,6.264999866485596,13333,0.0,0.0
2024-10-08 12:10:00-04:00,6.264999866485596,6.269999980926514,6.264999866485596,6.269999980926514,5233,0.0,0.0
2024-10-08 12:15:00-04:00,6.269999980926514,6.269999980926514,6.260000228881836,6.264999866485596,5694,0.0,0.0
2024-10-08 12:20:00-04:00,6.260000228881836,6.260000228881836,6.239999771118164,6.244999885559082,6280,0.0,0.0
2024-10-08 12:25:00-04:00,6.244999885559082,6.255000114440918,6.239999771118164,6.244999885559082,6547,0.0,0.0
2024-10-08 12:30:00-04:00,6.25,6.25,6.244999885559082,6.25,6587,0.0,0.0
2024-10-08 12:35:00-04:00,6.241399765014648,6.25,6.241000175476074,6.244999885559082,3444,0.0,0.0
2024-10-08 12:40:00-04:00,6.25,6.25,6.239999771118164,6.239999771118164,3492,0.0,0.0
2024-10-08 12:45:00-04:00,6.25,6.255000114440918,6.239999771118164,6.239999771118164,9930,0.0,0.0
2024-10-08 12:50:00-04:00,6.239999771118164,6.244999885559082,6.224999904632568,6.224999904632568,11767,0.0,0.0
2024-10-08 12:55:00-04:00,6.224999904632568,6.230000019073486,6.21999979019165,6.224999904632568,3207,0.0,0.0
2024-10-08 13:00:00-04:00,6.230000019073486,6.230000019073486,6.210000038146973,6.210000038146973,5933,0.0,0.0
2024-10-08 13:05:00-04:00,6.210000038146973,6.21999979019165,6.204999923706055,6.210000038146973,11280,0.0,0.0
2024-10-08 13:10:00-04:00,6.215000152587891,6.21999979019165,6.215000152587891,6.21999979019165,2180,0.0,0.0
2024-10-08 13:15:00-04:00,6.21999979019165,6.21999979019165,6.210000038146973,6.21999979019165,2683,0.0,0.0
2024-10-08 13:20:00-04:00,6.215000152587891,6.21999979019165,6.210000038146973,6.21999979019165,3451,0.0,0.0
2024-10-08 13:25:00-04:00,6.21999979019165,6.21999979019165,6.199999809265137,6.215000152587891,13268,0.0,0.0
2024-10-08 13:30:00-04:00,6.21999979019165,6.21999979019165,6.210000038146973,6.210000038146973,3233,0.0,0.0
2024-10-08 13:35:00-04:00,6.215000152587891,6.215000152587891,6.215000152587891,6.215000152587891,2459,0.0,0.0
2024-10-08 13:40:00-04:00,6.215000152587891,6.21999979019165,6.215000152587891,6.215000152587891,2982,0.0,0.0
2024-10-08 13:45:00-04:00,6.215000152587891,6.230000019073486,6.215000152587891,6.230000019073486,8109,0.0,0.0
2024-10-08 13:50:00-04:00,6.230000019073486,6.239999771118164,6.224999904632568,6.235000133514404,11190,0.0,0.0
2024-10-08 13:55:00-04:00,6.235000133514404,6.269999980926514,6.230000019073486,6.269999980926514,25030,0.0,0.0
2024-10-08 14:00:00-04:00,6.264999866485596,6.269999980926514,6.25,6.25,9600,0.0,0.0
2024-10-08 14:05:00-04:00,6.255000114440918,6.255000114440918,6.239999771118164,6.244999885559082,4326,0.0,0.0
2024-10-08 14:10:00-04:00,6.244999885559082,6.25,6.244999885559082,6.244999885559082,2034,0.0,0.0
2024-10-08 14:15:00-04:00,6.244999885559082,6.289999961853027,6.239999771118164,6.284999847412109,42572,0.0,0.0
2024-10-08 14:20:00-04:00,6.284999847412109,6.300000190734863,6.28000020980835,6.284999847412109,81706,0.0,0.0
2024-10-08 14:25:00-04:00,6.289999961853027,6.289999961853027,6.21999979019165,6.21999979019165,12284,0.0,0.0
2024-10-08 14:30:00-04:00,6.21999979019165,6.239999771118164,6.21999979019165,6.239999771118164,18372,0.0,0.0
2024-10-08 14:35:00-04:00,6.235000133514404,6.239999771118164,6.235000133514404,6.23799991607666,5942,0.0,0.0
2024-10-08 14:40:00-04:00,6.239999771118164,6.239999771118164,6.230000019073486,6.230000019073486,4700,0.0,0.0
2024-10-08 14:45:00-04:00,6.235000133514404,6.239999771118164,6.21999979019165,6.224999904632568,7815,0.0,0.0
2024-10-08 14:50:00-04:00,6.230000019073486,6.230000019073486,6.199999809265137,6.204999923706055,13846,0.0,0.0
2024-10-08 14:55:00-04:00,6.199999809265137,6.210000038146973,6.199999809265137,6.199999809265137,15628,0.0,0.0
2024-10-08 15:00:00-04:00,6.199999809265137,6.199999809265137,6.190000057220459,6.199999809265137,6805,0.0,0.0
2024-10-08 15:05:00-04:00,6.195000171661377,6.195000171661377,6.179999828338623,6.184999942779541,6650,0.0,0.0
2024-10-08 15:10:00-04:00,6.184999942779541,6.190000057220459,6.175000190734863,6.175000190734863,6008,0.0,0.0
2024-10-08 15:15:00-04:00,6.175000190734863,6.175000190734863,6.170000076293945,6.175000190734863,5997,0.0,0.0
2024-10-08 15:20:00-04:00,6.175000190734863,6.179999828338623,6.170000076293945,6.179999828338623,6755,0.0,0.0
2024-10-08 15:25:00-04:00,6.179999828338623,6.179999828338623,6.170000076293945,6.175000190734863,5202,0.0,0.0
2024-10-08 15:30:00-04:00,6.175000190734863,6.179999828338623,6.170000076293945,6.170000076293945,16699,0.0,0.0
2024-10-08 15:35:00-04:00,6.175000190734863,6.175000190734863,6.159999847412109,6.159999847412109,15440,0.0,0.0
2024-10-08 15:40:00-04:00,6.164999961853027,6.170000076293945,6.159999847412109,6.159999847412109,20135,0.0,0.0
2024-10-08 15:45:00-04:00,6.159999847412109,6.164999961853027,6.15500020980835,6.159999847412109,28020,0.0,0.0
2024-10-08 15:50:00-04:00,6.164999961853027,6.164999961853027,6.150000095367432,6.15500020980835,21245,0.0,0.0
2024-10-08 15:55:00-04:00,6.15500020980835,6.159999847412109,6.099999904632568,6.099999904632568,208002,0.0,0.0
2024-10-09 09:30:00-04:00,6.079999923706055,6.119999885559082,6.039999961853027,6.085000038146973,10227,0.0,0.0
2024-10-09 09:35:00-04:00,6.070000171661377,6.074999809265137,6.054999828338623,6.070000171661377,3566,0.0,0.0
2024-10-09 09:40:00-04:00,6.067999839782715,6.074999809265137,6.067999839782715,6.070000171661377,2112,0.0,0.0
2024-10-09 09:45:00-04:00,6.065000057220459,6.074999809265137,6.045000076293945,6.045000076293945,5964,0.0,0.0
2024-10-09 09:50:00-04:00,6.045000076293945,6.099999904632568,6.045000076293945,6.099999904632568,11122,0.0,0.0
2024-10-09 09:55:00-04:00,6.130000114440918,6.130000114440918,6.114999771118164,6.119999885559082,5559,0.0,0.0
2024-10-09 10:00:00-04:00,6.110000133514404,6.114999771118164,6.059999942779541,6.059999942779541,34762,0.0,0.0
2024-10-09 10:05:00-04:00,6.059999942779541,6.059999942779541,6.014999866485596,6.050000190734863,20460,0.0,0.0
2024-10-09 10:10:00-04:00,6.059999942779541,6.114999771118164,6.059999942779541,6.109099864959717,8229,0.0,0.0
2024-10-09 10:15:00-04:00,6.099999904632568,6.099999904632568,6.079999923706055,6.079999923706055,2687,0.0,0.0
2024-10-09 10:20:00-04:00,6.070000171661377,6.09499979019165,6.025000095367432,6.090000152587891,48858,0.0,0.0
2024-10-09 10:25:00-04:00,6.090000152587891,6.090000152587891,6.074999809265137,6.079999923706055,3878,0.0,0.0
2024-10-09 10:30:00-04:00,6.079999923706055,6.085999965667725,6.079999923706055,6.085000038146973,5215,0.0,0.0
2024-10-09 10:35:00-04:00,6.085000038146973,6.085000038146973,6.050000190734863,6.050000190734863,5598,0.0,0.0
2024-10-09 10:40:00-04:00,6.039999961853027,6.039999961853027,6.03000020980835,6.039999961853027,4359,0.0,0.0
2024-10-09 10:45:00-04:00,6.050000190734863,6.070000171661377,6.045000076293945,6.070000171661377,3841,0.0,0.0
2024-10-09 10:50:00-04:00,6.074999809265137,6.074999809265137,6.070000171661377,6.074999809265137,3171,0.0,0.0
2024-10-09 10:55:00-04:00,6.074999809265137,6.090000152587891,6.074999809265137,6.079999923706055,3977,0.0,0.0
2024-10-09 11:00:00-04:00,6.079999923706055,6.079999923706055,6.065000057220459,6.070000171661377,5821,0.0,0.0
2024-10-09 11:05:00-04:00,6.065000057220459,6.079999923706055,6.065000057220459,6.079999923706055,4427,0.0,0.0
2024-10-09 11:10:00-04:00,6.065000057220459,6.07420015335083,6.065000057220459,6.07420015335083,1941,0.0,0.0
2024-10-09 11:15:00-04:00,6.074999809265137,6.099999904632568,6.074999809265137,6.099999904632568,5551,0.0,0.0
2024-10-09 11:20:00-04:00,6.099999904632568,6.114999771118164,6.099999904632568,6.114999771118164,1398,0.0,0.0
2024-10-09 11:25:00-04:00,6.110000133514404,6.135000228881836,6.110000133514404,6.119999885559082,11810,0.0,0.0
2024-10-09 11:30:00-04:00,6.125,6.125,6.110000133514404,6.110000133514404,2779,0.0,0.0
2024-10-09 11:35:00-04:00,6.099999904632568,6.109899997711182,6.090000152587891,6.090000152587891,3366,0.0,0.0
2024-10-09 11:40:00-04:00,6.09499979019165,6.099999904632568,6.09499979019165,6.099999904632568,4258,0.0,0.0
2024-10-09 11:45:00-04:00,6.105000019073486,6.114999771118164,6.085000038146973,6.090000152587891,10679,0.0,0.0
2024-10-09 11:50:00-04:00,6.090000152587891,6.090000152587891,6.079999923706055,6.085000038146973,3281,0.0,0.0
2024-10-09 11:55:00-04:00,6.085000038146973,6.09499979019165,6.085000038146973,6.09499979019165,7430,0.0,0.0
2024-10-09 12:00:00-04:00,6.090000152587891,6.090000152587891,6.090000152587891,6.090000152587891,318,0.0,0.0
2024-10-09 12:05:00-04:00,6.09499979019165,6.105000019073486,6.09499979019165,6.105000019073486,11199,0.0,0.0
2024-10-09 12:10:00-04:00,6.100399971008301,6.105000019073486,6.090000152587891,6.090000152587891,8245,0.0,0.0
2024-10-09 12:15:00-04:00,6.079999923706055,6.114999771118164,6.079999923706055,6.114999771118164,12083,0.0,0.0
2024-10-09 12:20:00-04:00,6.110000133514404,6.110000133514404,6.099999904632568,6.105000019073486,2401,0.0,0.0
2024-10-09 12:25:00-04:00,6.104800224304199,6.135000228881836,6.104800224304199,6.119999885559082,12224,0.0,0.0
2024-10-09 12:30:00-04:00,6.119999885559082,6.119999885559082,6.099999904632568,6.099999904632568,3303,0.0,0.0
2024-10-09 12:35:00-04:00,6.099999904632568,6.110000133514404,6.099999904632568,6.099999904632568,4014,0.0,0.0
2024-10-09 12:40:00-04:00,6.099999904632568,6.105000019073486,6.09499979019165,6.099999904632568,8521,0.0,0.0
2024-10-09 12:45:00-04:00,6.105000019073486,6.105000019073486,6.105000019073486,6.105000019073486,1289,0.0,0.0
2024-10-09 12:50:00-04:00,6.105000019073486,6.110000133514404,6.090000152587891,6.090000152587891,6331,0.0,0.0
2024-10-09 12:55:00-04:00,6.090000152587891,6.09499979019165,6.090000152587891,6.09499979019165,2424,0.0,0.0
2024-10-09 13:00:00-04:00,6.09499979019165,6.09499979019165,6.085000038146973,6.090000152587891,7560,0.0,0.0
2024-10-09 13:05:00-04:00,6.090000152587891,6.099999904632568,6.090000152587891,6.090000152587891,7402,0.0,0.0
2024-10-09 13:10:00-04:00,6.090000152587891,6.105000019073486,6.090000152587891,6.105000019073486,8973,0.0,0.0
2024-10-09 13:15:00-04:00,6.105000019073486,6.114999771118164,6.105000019073486,6.105000019073486,6010,0.0,0.0
2024-10-09 13:20:00-04:00,6.105000019073486,6.105000019073486,6.099999904632568,6.099999904632568,6517,0.0,0.0
2024-10-09 13:25:00-04:00,6.105000019073486,6.105999946594238,6.090000152587891,6.090000152587891,7050,0.0,0.0
2024-10-09 13:30:00-04:00,6.090000152587891,6.105000019073486,6.090000152587891,6.099999904632568,5826,0.0,0.0
2024-10-09 13:35:00-04:00,6.099999904632568,6.099999904632568,6.090000152587891,6.09499979019165,3603,0.0,0.0
2024-10-09 13:40:00-04:00,6.090000152587891,6.105000019073486,6.090000152587891,6.099999904632568,4745,0.0,0.0
2024-10-09 13:45:00-04:00,6.099999904632568,6.099999904632568,6.090000152587891,6.09499979019165,6463,0.0,0.0
2024-10-09 13:50:00-04:00,6.09499979019165,6.099999904632568,6.079999923706055,6.099999904632568,15643,0.0,0.0
2024-10-09 13:55:00-04:00,6.090000152587891,6.090000152587891,6.074999809265137,6.079999923706055,9502,0.0,0.0
2024-10-09 14:00:00-04:00,6.079999923706055,6.079999923706055,6.054999828338623,6.059999942779541,9215,0.0,0.0
2024-10-09 14:05:00-04:00,6.059999942779541,6.065000057220459,6.050000190734863,6.059999942779541,3817,0.0,0.0
2024-10-09 14:10:00-04:00,6.059999942779541,6.059999942779541,6.050000190734863,6.050000190734863,4547,0.0,0.0
2024-10-09 14:15:00-04:00,6.054999828338623,6.054999828338623,6.039999961853027,6.039999961853027,3956,0.0,0.0
2024-10-09 14:20:00-04:00,6.039999961853027,6.039999961853027,6.019999980926514,6.019999980926514,8031,0.0,0.0
2024-10-09 14:25:00-04:00,6.019999980926514,6.026000022888184,6.0,6.026000022888184,15231,0.0,0.0
2024-10-09 14:30:00-04:00,6.019999980926514,6.019999980926514,6.0,6.014999866485596,23869,0.0,0.0
2024-10-09 14:35:00-04:00,6.014999866485596,6.019999980926514,6.010000228881836,6.010000228881836,7355,0.0,0.0
2024-10-09 14:40:00-04:00,6.010000228881836,6.010000228881836,5.980000019073486,5.980000019073486,27754,0.0,0.0
2024-10-09 14:45:00-04:00,5.980000019073486,5.9899001121521,5.980000019073486,5.985000133514404,8991,0.0,0.0
2024-10-09 14:50:00-04:00,5.980000019073486,5.989999771118164,5.96999979019165,5.974999904632568,12139,0.0,0.0
2024-10-09 14:55:00-04:00,5.974999904632568,5.994999885559082,5.96999979019165,5.985000133514404,22120,0.0,0.0
2024-10-09 15:00:00-04:00,5.980899810791016,6.0,5.980000019073486,6.0,6477,0.0,0.0
2024-10-09 15:05:00-04:00,5.994999885559082,5.994999885559082,5.980000019073486,5.980000019073486,11928,0.0,0.0
2024-10-09 15:10:00-04:00,5.980000019073486,5.980000019073486,5.960000038146973,5.960000038146973,15263,0.0,0.0
2024-10-09 15:15:00-04:00,5.965000152587891,5.985000133514404,5.960000038146973,5.985000133514404,11983,0.0,0.0
2024-10-09 15:20:00-04:00,5.980000019073486,5.980000019073486,5.960000038146973,5.96999979019165,11072,0.0,0.0
2024-10-09 15:25:00-04:00,5.96999979019165,5.974999904632568,5.960000038146973,5.960000038146973,9933,0.0,0.0
2024-10-09 15:30:00-04:00,5.96999979019165,5.974999904632568,5.960000038146973,5.965000152587891,35171,0.0,0.0
2024-10-09 15:35:00-04:00,5.965000152587891,5.96999979019165,5.960000038146973,5.965000152587891,8717,0.0,0.0
2024-10-09 15:40:00-04:00,5.965000152587891,5.980000019073486,5.960000038146973,5.974999904632568,17940,0.0,0.0
2024-10-09 15:45:00-04:00,5.974999904632568,5.980000019073486,5.949999809265137,5.954999923706055,35812,0.0,0.0
2024-10-09 15:50:00-04:00,5.960000038146973,5.980000019073486,5.954999923706055,5.974999904632568,51022,0.0,0.0
2024-10-09 15:55:00-04:00,5.9781999588012695,5.994999885559082,5.909999847412109,5.909999847412109,297624,0.0,0.0
2024-10-10 09:30:00-04:00,5.849999904632568,5.849999904632568,5.710000038146973,5.78000020980835,29800,0.0,0.0
2024-10-10 09:35:00-04:00,5.789999961853027,5.800000190734863,5.71999979019165,5.769999980926514,16409,0.0,0.0
2024-10-10 09:40:00-04:00,5.784999847412109,5.784999847412109,5.760000228881836,5.760000228881836,6012,0.0,0.0
2024-10-10 09:45:00-04:00,5.769999980926514,5.78000020980835,5.730000019073486,5.760000228881836,19525,0.0,0.0
2024-10-10 09:50:00-04:00,5.769999980926514,5.829999923706055,5.769999980926514,5.829999923706055,10486,0.0,0.0
2024-10-10 09:55:00-04:00,5.820000171661377,5.855000019073486,5.809999942779541,5.820000171661377,18126,0.0,0.0
2024-10-10 10:00:00-04:00,5.820000171661377,5.875,5.820000171661377,5.869999885559082,16506,0.0,0.0
2024-10-10 10:05:00-04:00,5.864999771118164,5.864999771118164,5.840000152587891,5.864999771118164,13094,0.0,0.0
2024-10-10 10:10:00-04:00,5.869999885559082,5.900000095367432,5.864999771118164,5.885000228881836,23064,0.0,0.0
2024-10-10 10:15:00-04:00,5.880000114440918,5.909999847412109,5.869999885559082,5.909999847412109,24148,0.0,0.0
2024-10-10 10:20:00-04:00,5.913899898529053,5.913899898529053,5.894999980926514,5.900000095367432,8333,0.0,0.0
2024-10-10 10:25:00-04:00,5.909999847412109,5.914999961853027,5.90500020980835,5.914999961853027,4545,0.0,0.0
2024-10-10 10:30:00-04:00,5.914999961853027,5.914999961853027,5.90500020980835,5.914999961853027,6263,0.0,0.0
2024-10-10 10:35:00-04:00,5.909999847412109,5.914999961853027,5.90500020980835,5.914999961853027,5505,0.0,0.0
2024-10-10 10:40:00-04:00,5.909999847412109,5.914999961853027,5.909999847412109,5.914999961853027,1985,0.0,0.0
2024-10-10 10:45:00-04:00,5.909999847412109,5.909999847412109,5.900000095367432,5.90500020980835,3804,0.0,0.0
2024-10-10 10:50:00-04:00,5.90500020980835,5.914999961853027,5.894999980926514,5.90500020980835,12365,0.0,0.0
2024-10-10 10:55:00-04:00,5.909999847412109,5.914999961853027,5.90500020980835,5.909999847412109,8532,0.0,0.0
2024-10-10 11:00:00-04:00,5.900000095367432,5.900000095367432,5.869999885559082,5.869999885559082,12781,0.0,0.0
2024-10-10 11:05:00-04:00,5.875,5.914999961853027,5.875,5.909999847412109,8368,0.0,0.0
2024-10-10 11:10:00-04:00,5.90500020980835,5.90500020980835,5.90500020980835,5.90500020980835,1228,0.0,0.0
2024-10-10 11:15:00-04:00,5.900000095367432,5.900000095367432,5.849999904632568,5.849999904632568,6130,0.0,0.0
2024-10-10 11:20:00-04:00,5.849999904632568,5.880000114440918,5.849999904632568,5.875,17260,0.0,0.0
2024-10-10 11:25:00-04:00,5.869999885559082,5.869999885559082,5.84499979019165,5.849899768829346,6188,0.0,0.0
2024-10-10 11:30:00-04:00,5.855000019073486,5.855000019073486,5.840000152587891,5.84499979019165,4146,0.0,0.0
2024-10-10 11:35:00-04:00,5.84499979019165,5.849999904632568,5.840000152587891,5.849999904632568,3545,0.0,0.0
2024-10-10 11:40:00-04:00,5.84499979019165,5.84499979019165,5.829999923706055,5.84499979019165,14464,0.0,0.0
2024-10-10 11:45:00-04:00,5.840000152587891,5.855000019073486,5.830399990081787,5.840000152587891,27732,0.0,0.0
2024-10-10 11:50:00-04:00,5.840000152587891,5.840000152587891,5.815000057220459,5.829999923706055,17485,0.0,0.0
2024-10-10 11:55:00-04:00,5.829999923706055,5.840000152587891,5.829999923706055,5.840000152587891,22218,0.0,0.0
2024-10-10 12:00:00-04:00,5.839900016784668,5.855000019073486,5.835000038146973,5.84499979019165,19027,0.0,0.0
2024-10-10 12:05:00-04:00,5.84499979019165,5.849999904632568,5.835000038146973,5.835000038146973,20512,0.0,0.0
2024-10-10 12:10:00-04:00,5.835000038146973,5.849999904632568,5.835000038146973,5.835000038146973,12382,0.0,0.0
2024-10-10 12:15:00-04:00,5.835000038146973,5.850599765777588,5.835000038146973,5.850599765777588,15265,0.0,0.0
2024-10-10 12:20:00-04:00,5.855000019073486,5.855000019073486,5.849999904632568,5.855000019073486,2224,0.0,0.0
2024-10-10 12:25:00-04:00,5.849999904632568,5.849999904632568,5.840000152587891,5.849999904632568,6252,0.0,0.0
2024-10-10 12:30:00-04:00,5.849999904632568,5.849999904632568,5.840000152587891,5.840000152587891,2736,0.0,0.0
2024-10-10 12:35:00-04:00,5.840000152587891,5.860000133514404,5.829999923706055,5.854599952697754,9950,0.0,0.0
2024-10-10 12:40:00-04:00,5.849999904632568,5.849999904632568,5.829999923706055,5.829999923706055,7759,0.0,0.0
2024-10-10 12:45:00-04:00,5.829999923706055,5.829999923706055,5.809999942779541,5.815000057220459,4213,0.0,0.0
2024-10-10 12:50:00-04:00,5.809999942779541,5.820000171661377,5.809999942779541,5.809999942779541,4414,0.0,0.0
2024-10-10 12:55:00-04:00,5.815000057220459,5.820000171661377,5.803999900817871,5.803999900817871,10765,0.0,0.0
2024-10-10 13:00:00-04:00,5.804999828338623,5.804999828338623,5.800000190734863,5.800000190734863,4203,0.0,0.0
2024-10-10 13:05:00-04:00,5.800000190734863,5.804999828338623,5.789999961853027,5.789999961853027,5265,0.0,0.0
2024-10-10 13:10:00-04:00,5.795000076293945,5.815000057220459,5.795000076293945,5.815000057220459,7361,0.0,0.0
2024-10-10 13:15:00-04:00,5.815000057220459,5.824999809265137,5.809999942779541,5.824999809265137,3442,0.0,0.0
2024-10-10 13:20:00-04:00,5.824999809265137,5.829999923706055,5.820000171661377,5.820000171661377,5941,0.0,0.0
2024-10-10 13:25:00-04:00,5.820000171661377,5.820000171661377,5.809999942779541,5.815000057220459,5194,0.0,0.0
2024-10-10 13:30:00-04:00,5.820000171661377,5.829999923706055,5.820000171661377,5.824999809265137,4529,0.0,0.0
2024-10-10 13:35:00-04:00,5.829999923706055,5.838699817657471,5.815000057220459,5.815000057220459,6396,0.0,0.0
2024-10-10 13:40:00-04:00,5.815000057220459,5.815000057220459,5.809999942779541,5.815000057220459,3053,0.0,0.0
2024-10-10 13:45:00-04:00,5.815000057220459,5.815000057220459,5.804999828338623,5.804999828338623,5633,0.0,0.0
2024-10-10 13:50:00-04:00,5.804999828338623,5.809999942779541,5.800000190734863,5.809999942779541,4990,0.0,0.0
2024-10-10 13:55:00-04:00,5.809999942779541,5.815000057220459,5.809999942779541,5.809999942779541,2409,0.0,0.0
2024-10-10 14:00:00-04:00,5.815000057220459,5.815000057220459,5.800000190734863,5.804999828338623,5867,0.0,0.0
2024-10-10 14:05:00-04:00,5.800000190734863,5.804999828338623,5.78000020980835,5.784999847412109,8285,0.0,0.0
2024-10-10 14:10:00-04:00,5.784999847412109,5.840000152587891,5.784999847412109,5.840000152587891,22285,0.0,0.0
2024-10-10 14:15:00-04:00,5.835000038146973,5.849999904632568,5.835000038146973,5.849999904632568,28449,0.0,0.0
2024-10-10 14:20:00-04:00,5.84499979019165,5.864999771118164,5.84499979019165,5.864999771118164,7072,0.0,0.0
2024-10-10 14:25:00-04:00,5.864999771118164,5.889999866485596,5.864999771118164,5.885000228881836,6956,0.0,0.0
2024-10-10 14:30:00-04:00,5.885000228881836,5.889999866485596,5.880000114440918,5.889999866485596,2716,0.0,0.0
2024-10-10 14:35:00-04:00,5.885000228881836,5.885000228881836,5.875,5.875,8560,0.0,0.0
2024-10-10 14:40:00-04:00,5.869999885559082,5.885000228881836,5.869999885559082,5.875,17746,0.0,0.0
2024-10-10 14:45:00-04:00,5.875,5.880000114440918,5.864999771118164,5.864999771118164,8267,0.0,0.0
2024-10-10 14:50:00-04:00,5.864999771118164,5.869999885559082,5.864999771118164,5.864999771118164,2331,0.0,0.0
2024-10-10 14:55:00-04:00,5.864999771118164,5.875,5.855000019073486,5.864999771118164,16633,0.0,0.0
2024-10-10 15:00:00-04:00,5.864999771118164,5.869999885559082,5.862500190734863,5.864999771118164,2739,0.0,0.0
2024-10-10 15:05:00-04:00,5.864999771118164,5.869999885559082,5.860000133514404,5.864999771118164,8740,0.0,0.0
2024-10-10 15:10:00-04:00,5.864999771118164,5.880000114440918,5.864999771118164,5.880000114440918,10163,0.0,0.0
2024-10-10 15:15:00-04:00,5.875,5.875,5.869999885559082,5.875,23387,0.0,0.0
2024-10-10 15:20:00-04:00,5.875,5.875,5.869999885559082,5.875,8544,0.0,0.0
2024-10-10 15:25:00-04:00,5.875,5.875,5.860000133514404,5.869999885559082,18030,0.0,0.0
2024-10-10 15:30:00-04:00,5.860000133514404,5.880000114440918,5.849999904632568,5.869999885559082,24687,0.0,0.0
2024-10-10 15:35:00-04:00,5.864999771118164,5.869999885559082,5.864999771118164,5.869999885559082,7785,0.0,0.0
2024-10-10 15:40:00-04:00,5.869999885559082,5.900000095367432,5.869999885559082,5.894999980926514,36691,0.0,0.0
2024-10-10 15:45:00-04:00,5.900000095367432,5.900000095367432,5.880000114440918,5.894999980926514,25773,0.0,0.0
2024-10-10 15:50:00-04:00,5.894999980926514,5.90500020980835,5.889999866485596,5.894999980926514,40054,0.0,0.0
2024-10-10 15:55:00-04:00,5.894999980926514,5.929999828338623,5.889999866485596,5.929999828338623,181723,0.0,0.0
2024-10-11 09:30:00-04:00,5.909999847412109,5.96999979019165,5.909999847412109,5.960000038146973,6251,0.0,0.0
2024-10-11 09:35:00-04:00,5.960000038146973,5.960000038146973,5.940000057220459,5.949999809265137,1199,0.0,0.0
2024-10-11 09:40:00-04:00,5.954999923706055,5.985000133514404,5.949999809265137,5.980000019073486,9675,0.0,0.0
2024-10-11 09:45:00-04:00,5.989999771118164,5.994999885559082,5.980000019073486,5.980000019073486,3155,0.0,0.0
2024-10-11 09:50:00-04:00,5.980000019073486,6.010000228881836,5.980000019073486,5.985000133514404,5769,0.0,0.0
2024-10-11 09:55:00-04:00,5.989999771118164,5.994999885559082,5.949999809265137,5.96999979019165,18938,0.0,0.0
2024-10-11 10:00:00-04:00,5.954999923706055,6.014999866485596,5.954999923706055,6.014999866485596,6179,0.0,0.0
2024-10-11 10:05:00-04:00,6.010000228881836,6.014999866485596,6.005000114440918,6.014999866485596,3163,0.0,0.0
2024-10-11 10:10:00-04:00,6.014999866485596,6.065000057220459,5.940000057220459,5.949900150299072,137412,0.0,0.0
2024-10-11 10:15:00-04:00,5.945000171661377,5.949999809265137,5.925000190734863,5.929999828338623,23649,0.0,0.0
2024-10-11 10:20:00-04:00,5.934999942779541,5.945000171661377,5.9309000968933105,5.934999942779541,6345,0.0,0.0
2024-10-11 10:25:00-04:00,5.934999942779541,5.934999942779541,5.91480016708374,5.914999961853027,2858,0.0,0.0
2024-10-11 10:30:00-04:00,5.920000076293945,5.934999942779541,5.909999847412109,5.909999847412109,6728,0.0,0.0
2024-10-11 10:35:00-04:00,5.920000076293945,5.925000190734863,5.920000076293945,5.925000190734863,1743,0.0,0.0
2024-10-11 10:40:00-04:00,5.925000190734863,5.929999828338623,5.914999961853027,5.914999961853027,7920,0.0,0.0
2024-10-11 10:45:00-04:00,5.909999847412109,5.909999847412109,5.90500020980835,5.90500020980835,2406,0.0,0.0
2024-10-11 10:50:00-04:00,5.905399799346924,5.909999847412109,5.889999866485596,5.894999980926514,13566,0.0,0.0
2024-10-11 10:55:00-04:00,5.894999980926514,5.894999980926514,5.885000228881836,5.885000228881836,4503,0.0,0.0
2024-10-11 11:00:00-04:00,5.885000228881836,5.889999866485596,5.869999885559082,5.885000228881836,11877,0.0,0.0
2024-10-11 11:05:00-04:00,5.885000228881836,5.894999980926514,5.880000114440918,5.885000228881836,9708,0.0,0.0
2024-10-11 11:10:00-04:00,5.885000228881836,5.885000228881836,5.874000072479248,5.875,3351,0.0,0.0
2024-10-11 11:15:00-04:00,5.875,5.889999866485596,5.864999771118164,5.869999885559082,21168,0.0,0.0
2024-10-11 11:20:00-04:00,5.864999771118164,5.875,5.864999771118164,5.864999771118164,9084,0.0,0.0
2024-10-11 11:25:00-04:00,5.869999885559082,5.894999980926514,5.869999885559082,5.894999980926514,8313,0.0,0.0
2024-10-11 11:30:00-04:00,5.894999980926514,5.929999828338623,5.889999866485596,5.920000076293945,8530,0.0,0.0
2024-10-11 11:35:00-04:00,5.916900157928467,5.925000190734863,5.916900157928467,5.920000076293945,3774,0.0,0.0
2024-10-11 11:40:00-04:00,5.925000190734863,5.925000190734863,5.914999961853027,5.914999961853027,3905,0.0,0.0
2024-10-11 11:45:00-04:00,5.909999847412109,5.920000076293945,5.909999847412109,5.920000076293945,3710,0.0,0.0
2024-10-11 11:50:00-04:00,5.919899940490723,5.929999828338623,5.919899940490723,5.920000076293945,6414,0.0,0.0
2024-10-11 11:55:00-04:00,5.925000190734863,5.925000190734863,5.920000076293945,5.925000190734863,1520,0.0,0.0
2024-10-11 12:00:00-04:00,5.920000076293945,5.925000190734863,5.914999961853027,5.925000190734863,2754,0.0,0.0
2024-10-11 12:05:00-04:00,5.925000190734863,5.925000190734863,5.909999847412109,5.909999847412109,3385,0.0,0.0
2024-10-11 12:10:00-04:00,5.909999847412109,5.934999942779541,5.909999847412109,5.934999942779541,4352,0.0,0.0
2024-10-11 12:15:00-04:00,5.940000057220459,5.945000171661377,5.934999942779541,5.945000171661377,5736,0.0,0.0
2024-10-11 12:20:00-04:00,5.934999942779541,5.949999809265137,5.934999942779541,5.949999809265137,3977,0.0,0.0
2024-10-11 12:25:00-04:00,5.949999809265137,5.954999923706055,5.945000171661377,5.954999923706055,4335,0.0,0.0
2024-10-11 12:30:00-04:00,5.949999809265137,5.949999809265137,5.945000171661377,5.945000171661377,1510,0.0,0.0
2024-10-11 12:35:00-04:00,5.945000171661377,5.960000038146973,5.945000171661377,5.960000038146973,3713,0.0,0.0
2024-10-11 12:40:00-04:00,5.954999923706055,5.960000038146973,5.949999809265137,5.949999809265137,542,0.0,0.0
2024-10-11 12:45:00-04:00,5.949999809265137,5.974999904632568,5.949999809265137,5.974999904632568,5035,0.0,0.0
2024-10-11 12:50:00-04:00,5.974999904632568,5.980000019073486,5.974999904632568,5.980000019073486,2272,0.0,0.0
2024-10-11 12:55:00-04:00,5.974999904632568,5.980000019073486,5.965000152587891,5.974999904632568,7954,0.0,0.0
2024-10-11 13:00:00-04:00,5.980000019073486,5.989999771118164,5.96999979019165,5.974999904632568,16436,0.0,0.0
2024-10-11 13:05:00-04:00,5.974999904632568,5.989999771118164,5.96999979019165,5.989999771118164,7204,0.0,0.0
2024-10-11 13:10:00-04:00,5.989999771118164,5.994999885559082,5.985000133514404,5.989999771118164,5466,0.0,0.0
2024-10-11 13:15:00-04:00,5.985000133514404,5.989999771118164,5.974999904632568,5.974999904632568,4066,0.0,0.0
2024-10-11 13:20:00-04:00,5.974999904632568,5.985000133514404,5.974999904632568,5.974999904632568,7996,0.0,0.0
2024-10-11 13:25:00-04:00,5.974999904632568,6.0,5.974999904632568,5.994999885559082,3868,0.0,0.0
2024-10-11 13:30:00-04:00,5.994999885559082,6.0,5.990799903869629,5.990799903869629,2700,0.0,0.0
2024-10-11 13:35:00-04:00,6.0,6.074999809265137,5.994999885559082,6.074999809265137,73460,0.0,0.0
2024-10-11 13:40:00-04:00,6.079999923706055,6.099999904632568,6.079999923706055,6.09499979019165,20023,0.0,0.0
2024-10-11 13:45:00-04:00,6.09499979019165,6.114999771118164,6.09499979019165,6.114999771118164,31134,0.0,0.0
2024-10-11 13:50:00-04:00,6.1149001121521,6.130000114440918,6.079999923706055,6.085000038146973,68594,0.0,0.0
2024-10-11 13:55:00-04:00,6.085000038146973,6.085000038146973,6.059999942779541,6.070000171661377,14661,0.0,0.0
2024-10-11 14:00:00-04:00,6.065000057220459,6.065000057220459,5.960000038146973,5.984000205993652,95237,0.0,0.0
2024-10-11 14:05:00-04:00,5.980000019073486,5.989999771118164,5.980000019073486,5.980000019073486,5534,0.0,0.0
2024-10-11 14:10:00-04:00,5.980000019073486,5.989999771118164,5.980000019073486,5.985000133514404,17771,0.0,0.0
2024-10-11 14:15:00-04:00,5.980000019073486,6.03000020980835,5.980000019073486,6.025000095367432,19067,0.0,0.0
2024-10-11 14:20:00-04:00,6.025000095367432,6.034999847412109,6.019999980926514,6.0279998779296875,20735,0.0,0.0
2024-10-11 14:25:00-04:00,6.025000095367432,6.034999847412109,6.025000095367432,6.034999847412109,6007,0.0,0.0
2024-10-11 14:30:00-04:00,6.034999847412109,6.059999942779541,6.03000020980835,6.059999942779541,21242,0.0,0.0
2024-10-11 14:35:00-04:00,6.054999828338623,6.059999942779541,6.053999900817871,6.054999828338623,4187,0.0,0.0
2024-10-11 14:40:00-04:00,6.054999828338623,6.059999942779541,6.054999828338623,6.059999942779541,2906,0.0,0.0
2024-10-11 14:45:00-04:00,6.054999828338623,6.070000171661377,6.054999828338623,6.065000057220459,16893,0.0,0.0
2024-10-11 14:50:00-04:00,6.065000057220459,6.070000171661377,6.050000190734863,6.054999828338623,18967,0.0,0.0
2024-10-11 14:55:00-04:00,6.054999828338623,6.059999942779541,6.050000190734863,6.054999828338623,5062,0.0,0.0
2024-10-11 15:00:00-04:00,6.054999828338623,6.090000152587891,6.050000190734863,6.090000152587891,29433,0.0,0.0
2024-10-11 15:05:00-04:00,6.090000152587891,6.099999904632568,6.085000038146973,6.09499979019165,9204,0.0,0.0
2024-10-11 15:10:00-04:00,6.09499979019165,6.099999904632568,6.090000152587891,6.09499979019165,2994,0.0,0.0
2024-10-11 15:15:00-04:00,6.099999904632568,6.110000133514404,6.09499979019165,6.09499979019165,26085,0.0,0.0
2024-10-11 15:20:00-04:00,6.09499979019165,6.099999904632568,6.090000152587891,6.09499979019165,6914,0.0,0.0
2024-10-11 15:25:00-04:00,6.09499979019165,6.099999904632568,6.084000110626221,6.085000038146973,37370,0.0,0.0
2024-10-11 15:30:00-04:00,6.085000038146973,6.085000038146973,6.034999847412109,6.045000076293945,50351,0.0,0.0
2024-10-11 15:35:00-04:00,6.045000076293945,6.059999942779541,6.033999919891357,6.045000076293945,22733,0.0,0.0
2024-10-11 15:40:00-04:00,6.045000076293945,6.050000190734863,6.013999938964844,6.014999866485596,40930,0.0,0.0
2024-10-11 15:45:00-04:00,6.019999980926514,6.065000057220459,6.014999866485596,6.054999828338623,42975,0.0,0.0
2024-10-11 15:50:00-04:00,6.0507001876831055,6.070000171661377,6.050000190734863,6.054999828338623,53938,0.0,0.0
2024-10-11 15:55:00-04:00,6.059999942779541,6.079999923706055,6.050000190734863,6.059999942779541,131123,0.0,0.0
2024-10-14 09:30:00-04:00,6.039999961853027,6.039999961853027,5.920000076293945,5.929999828338623,15967,0.0,0.0
2024-10-14 09:35:00-04:00,5.980000019073486,5.980000019073486,5.920000076293945,5.920000076293945,9986,0.0,0.0
2024-10-14 09:40:00-04:00,5.920000076293945,5.96999979019165,5.909999847412109,5.960000038146973,13477,0.0,0.0
2024-10-14 09:45:00-04:00,5.954999923706055,5.96999979019165,5.940000057220459,5.960000038146973,10166,0.0,0.0
2024-10-14 09:50:00-04:00,5.96999979019165,5.989999771118164,5.9217000007629395,5.9217000007629395,13781,0.0,0.0
2024-10-14 09:55:00-04:00,5.920000076293945,5.920000076293945,5.885000228881836,5.900000095367432,10719,0.0,0.0
2024-10-14 10:00:00-04:00,5.900000095367432,5.929999828338623,5.900000095367432,5.920000076293945,11058,0.0,0.0
2024-10-14 10:05:00-04:00,5.909999847412109,5.909999847412109,5.869999885559082,5.894000053405762,9670,0.0,0.0
2024-10-14 10:10:00-04:00,5.900000095367432,5.934999942779541,5.894000053405762,5.931700229644775,19200,0.0,0.0
2024-10-14 10:15:00-04:00,5.929999828338623,5.929999828338623,5.860000133514404,5.860000133514404,23421,0.0,0.0
2024-10-14 10:20:00-04:00,5.869999885559082,5.875,5.864999771118164,5.864999771118164,2855,0.0,0.0
2024-10-14 10:25:00-04:00,5.864999771118164,5.864999771118164,5.835000038146973,5.835000038146973,4490,0.0,0.0
2024-10-14 10:30:00-04:00,5.835000038146973,5.835000038146973,5.809999942779541,5.809999942779541,10110,0.0,0.0
2024-10-14 10:35:00-04:00,5.804999828338623,5.809999942779541,5.784999847412109,5.804999828338623,32116,0.0,0.0
2024-10-14 10:40:00-04:00,5.804999828338623,5.809700012207031,5.78000020980835,5.789999961853027,37681,0.0,0.0
2024-10-14 10:45:00-04:00,5.794000148773193,5.7993998527526855,5.78000020980835,5.784999847412109,16576,0.0,0.0
2024-10-14 10:50:00-04:00,5.784999847412109,5.784999847412109,5.769999980926514,5.784999847412109,10648,0.0,0.0
2024-10-14 10:55:00-04:00,5.783999919891357,5.789999961853027,5.775000095367432,5.775000095367432,8545,0.0,0.0
2024-10-14 11:00:00-04:00,5.78000020980835,5.824999809265137,5.769999980926514,5.804999828338623,46914,0.0,0.0
2024-10-14 11:05:00-04:00,5.809999942779541,5.820000171661377,5.795000076293945,5.820000171661377,18069,0.0,0.0
2024-10-14 11:10:00-04:00,5.829999923706055,5.84499979019165,5.820000171661377,5.829999923706055,8576,0.0,0.0
2024-10-14 11:15:00-04:00,5.840000152587891,5.849999904632568,5.835000038146973,5.849999904632568,5265,0.0,0.0
2024-10-14 11:20:00-04:00,5.84499979019165,5.849999904632568,5.824999809265137,5.824999809265137,36582,0.0,0.0
2024-10-14 11:25:00-04:00,5.824999809265137,5.829999923706055,5.820000171661377,5.824999809265137,6023,0.0,0.0
2024-10-14 11:30:00-04:00,5.820000171661377,5.824999809265137,5.809999942779541,5.815000057220459,13063,0.0,0.0
2024-10-14 11:35:00-04:00,5.815000057220459,5.820000171661377,5.811299800872803,5.811299800872803,4290,0.0,0.0
2024-10-14 11:40:00-04:00,5.809999942779541,5.829999923706055,5.809999942779541,5.824999809265137,8099,0.0,0.0
2024-10-14 11:45:00-04:00,5.824999809265137,5.849899768829346,5.824999809265137,5.829999923706055,38981,0.0,0.0
2024-10-14 11:50:00-04:00,5.829999923706055,5.835999965667725,5.829999923706055,5.829999923706055,6214,0.0,0.0
2024-10-14 11:55:00-04:00,5.829999923706055,5.849999904632568,5.829999923706055,5.835999965667725,19974,0.0,0.0
2024-10-14 12:00:00-04:00,5.829999923706055,5.839900016784668,5.820000171661377,5.825900077819824,41884,0.0,0.0
2024-10-14 12:05:00-04:00,5.829899787902832,5.835999965667725,5.820000171661377,5.824999809265137,26717,0.0,0.0
2024-10-14 12:10:00-04:00,5.824999809265137,5.860000133514404,5.824999809265137,5.855000019073486,16074,0.0,0.0
2024-10-14 12:15:00-04:00,5.855000019073486,5.885000228881836,5.855000019073486,5.885000228881836,22859,0.0,0.0
2024-10-14 12:20:00-04:00,5.889999866485596,5.900000095367432,5.875,5.875,15010,0.0,0.0
2024-10-14 12:25:00-04:00,5.875,5.885000228881836,5.875,5.885000228881836,9653,0.0,0.0
2024-10-14 12:30:00-04:00,5.885000228881836,5.889999866485596,5.875,5.875,6983,0.0,0.0
2024-10-14 12:35:00-04:00,5.869999885559082,5.869999885559082,5.849999904632568,5.849999904632568,14333,0.0,0.0
2024-10-14 12:40:00-04:00,5.860000133514404,5.860000133514404,5.849999904632568,5.849999904632568,2121,0.0,0.0
2024-10-14 12:45:00-04:00,5.849999904632568,5.853700160980225,5.840000152587891,5.840000152587891,5196,0.0,0.0
2024-10-14 12:50:00-04:00,5.849999904632568,5.849999904632568,5.835000038146973,5.835000038146973,12705,0.0,0.0
2024-10-14 12:55:00-04:00,5.840000152587891,5.860000133514404,5.840000152587891,5.855000019073486,9433,0.0,0.0
2024-10-14 13:00:00-04:00,5.855000019073486,5.860000133514404,5.849999904632568,5.849999904632568,6944,0.0,0.0
2024-10-14 13:05:00-04:00,5.84499979019165,5.859899997711182,5.84499979019165,5.849999904632568,13178,0.0,0.0
2024-10-14 13:10:00-04:00,5.849999904632568,5.855000019073486,5.840000152587891,5.84499979019165,4537,0.0,0.0
2024-10-14 13:15:00-04:00,5.84499979019165,5.849999904632568,5.84499979019165,5.84499979019165,6292,0.0,0.0
2024-10-14 13:20:00-04:00,5.84499979019165,5.849999904632568,5.840000152587891,5.84499979019165,3225,0.0,0.0
2024-10-14 13:25:00-04:00,5.84499979019165,5.849999904632568,5.829999923706055,5.829999923706055,9620,0.0,0.0
2024-10-14 13:30:00-04:00,5.835000038146973,5.840000152587891,5.829999923706055,5.840000152587891,2092,0.0,0.0
2024-10-14 13:35:00-04:00,5.840000152587891,5.855000019073486,5.829999923706055,5.849999904632568,18882,0.0,0.0
2024-10-14 13:40:00-04:00,5.849999904632568,5.859899997711182,5.840000152587891,5.849999904632568,15332,0.0,0.0
2024-10-14 13:45:00-04:00,5.855000019073486,5.860000133514404,5.850100040435791,5.855000019073486,3699,0.0,0.0
2024-10-14 13:50:00-04:00,5.855000019073486,5.860000133514404,5.8520002365112305,5.855000019073486,2883,0.0,0.0
2024-10-14 13:55:00-04:00,5.855000019073486,5.860000133514404,5.849999904632568,5.849999904632568,3604,0.0,0.0
2024-10-14 14:00:00-04:00,5.849999904632568,5.849999904632568,5.829999923706055,5.829999923706055,15386,0.0,0.0
2024-10-14 14:05:00-04:00,5.835000038146973,5.840000152587891,5.829999923706055,5.835000038146973,5136,0.0,0.0
2024-10-14 14:10:00-04:00,5.835000038146973,5.855500221252441,5.829999923706055,5.855500221252441,20731,0.0,0.0
2024-10-14 14:15:00-04:00,5.860000133514404,5.900000095367432,5.855000019073486,5.869999885559082,32984,0.0,0.0
2024-10-14 14:20:00-04:00,5.864999771118164,5.869999885559082,5.829999923706055,5.829999923706055,11567,0.0,0.0
2024-10-14 14:25:00-04:00,5.829999923706055,5.829999923706055,5.829899787902832,5.829899787902832,7251,0.0,0.0
2024-10-14 14:30:00-04:00,5.824999809265137,5.829999923706055,5.820000171661377,5.824999809265137,9223,0.0,0.0
2024-10-14 14:35:00-04:00,5.820000171661377,5.829999923706055,5.820000171661377,5.824999809265137,3239,0.0,0.0
2024-10-14 14:40:00-04:00,5.820000171661377,5.829999923706055,5.820000171661377,5.820000171661377,5433,0.0,0.0
2024-10-14 14:45:00-04:00,5.824999809265137,5.835000038146973,5.815000057220459,5.815000057220459,16221,0.0,0.0
2024-10-14 14:50:00-04:00,5.809999942779541,5.835000038146973,5.804999828338623,5.824999809265137,34110,0.0,0.0
2024-10-14 14:55:00-04:00,5.824999809265137,5.829999923706055,5.820000171661377,5.820000171661377,13900,0.0,0.0
2024-10-14 15:00:00-04:00,5.809999942779541,5.820000171661377,5.809999942779541,5.820000171661377,21413,0.0,0.0
2024-10-14 15:05:00-04:00,5.820000171661377,5.820000171661377,5.812900066375732,5.820000171661377,5020,0.0,0.0
2024-10-14 15:10:00-04:00,5.820000171661377,5.824999809265137,5.809999942779541,5.809999942779541,9651,0.0,0.0
2024-10-14 15:15:00-04:00,5.815000057220459,5.820000171661377,5.800000190734863,5.804999828338623,7709,0.0,0.0
2024-10-14 15:20:00-04:00,5.809999942779541,5.809999942779541,5.800000190734863,5.804999828338623,7640,0.0,0.0
2024-10-14 15:25:00-04:00,5.804999828338623,5.809999942779541,5.789999961853027,5.804999828338623,42457,0.0,0.0
2024-10-14 15:30:00-04:00,5.804999828338623,5.835000038146973,5.804999828338623,5.824999809265137,28023,0.0,0.0
2024-10-14 15:35:00-04:00,5.820000171661377,5.820000171661377,5.789999961853027,5.795000076293945,21658,0.0,0.0
2024-10-14 15:40:00-04:00,5.800000190734863,5.800000190734863,5.789999961853027,5.795000076293945,13811,0.0,0.0
2024-10-14 15:45:00-04:00,5.795000076293945,5.804999828338623,5.789999961853027,5.795000076293945,34278,0.0,0.0
2024-10-14 15:50:00-04:00,5.795000076293945,5.809999942779541,5.789999961853027,5.795000076293945,54352,0.0,0.0
2024-10-14 15:55:00-04:00,5.795000076293945,5.800000190734863,5.760000228881836,5.772500038146973,162747,0.0,0.0
2024-10-15 09:30:00-04:00,5.71999979019165,5.775000095367432,5.71999979019165,5.739999771118164,18247,0.0,0.0
2024-10-15 09:35:00-04:00,5.809999942779541,5.809999942779541,5.679999828338623,5.699999809265137,16608,0.0,0.0
2024-10-15 09:40:00-04:00,5.710000038146973,5.755000114440918,5.710000038146973,5.75,16294,0.0,0.0
2024-10-15 09:45:00-04:00,5.769999980926514,5.889999866485596,5.764999866485596,5.888199806213379,12293,0.0,0.0
2024-10-15 09:50:00-04:00,5.880000114440918,5.889999866485596,5.860000133514404,5.875,16856,0.0,0.0
2024-10-15 09:55:00-04:00,5.869999885559082,5.894999980926514,5.864999771118164,5.864999771118164,8211,0.0,0.0
2024-10-15 10:00:00-04:00,5.869999885559082,5.894999980926514,5.864999771118164,5.894999980926514,7822,0.0,0.0
2024-10-15 10:05:00-04:00,5.900000095367432,5.940000057220459,5.900000095367432,5.940000057220459,6305,0.0,0.0
2024-10-15 10:10:00-04:00,5.940000057220459,5.945000171661377,5.90500020980835,5.90500020980835,16171,0.0,0.0
2024-10-15 10:15:00-04:00,5.90500020980835,5.940000057220459,5.90500020980835,5.940000057220459,7183,0.0,0.0
2024-10-15 10:20:00-04:00,5.949999809265137,5.985000133514404,5.949999809265137,5.980000019073486,7107,0.0,0.0
2024-10-15 10:25:00-04:00,5.980000019073486,6.0,5.965000152587891,5.989999771118164,3463,0.0,0.0
2024-10-15 10:30:00-04:00,5.98360013961792,5.985000133514404,5.929999828338623,5.944900035858154,22010,0.0,0.0
2024-10-15 10:35:00-04:00,5.940100193023682,5.949999809265137,5.88100004196167,5.885000228881836,16638,0.0,0.0
2024-10-15 10:40:00-04:00,5.889999866485596,5.900000095367432,5.880000114440918,5.885000228881836,9626,0.0,0.0
2024-10-15 10:45:00-04:00,5.885000228881836,5.929999828338623,5.864999771118164,5.929999828338623,21213,0.0,0.0
2024-10-15 10:50:00-04:00,5.920000076293945,5.974999904632568,5.909999847412109,5.974999904632568,8269,0.0,0.0
2024-10-15 10:55:00-04:00,5.980000019073486,6.005000114440918,5.945000171661377,6.005000114440918,19773,0.0,0.0
2024-10-15 11:00:00-04:00,6.0,6.050000190734863,6.0,6.050000190734863,9730,0.0,0.0
2024-10-15 11:05:00-04:00,6.045000076293945,6.059999942779541,6.034999847412109,6.045000076293945,25728,0.0,0.0
2024-10-15 11:10:00-04:00,6.039999961853027,6.045000076293945,6.019999980926514,6.034999847412109,14089,0.0,0.0
2024-10-15 11:15:00-04:00,6.039999961853027,6.059999942779541,6.034999847412109,6.054999828338623,10614,0.0,0.0
2024-10-15 11:20:00-04:00,6.054999828338623,6.070000171661377,6.010000228881836,6.039999961853027,43103,0.0,0.0
2024-10-15 11:25:00-04:00,6.039999961853027,6.050000190734863,6.031099796295166,6.050000190734863,13901,0.0,0.0
2024-10-15 11:30:00-04:00,6.050000190734863,6.070000171661377,6.050000190734863,6.065000057220459,9770,0.0,0.0
2024-10-15 11:35:00-04:00,6.065000057220459,6.065000057220459,6.045000076293945,6.054999828338623,16854,0.0,0.0
2024-10-15 11:40:00-04:00,6.054999828338623,6.054999828338623,6.050000190734863,6.054999828338623,5510,0.0,0.0
2024-10-15 11:45:00-04:00,6.050000190734863,6.054999828338623,6.019999980926514,6.025000095367432,24228,0.0,0.0
2024-10-15 11:50:00-04:00,6.03000020980835,6.034999847412109,6.014999866485596,6.014999866485596,15429,0.0,0.0
2024-10-15 11:55:00-04:00,6.010000228881836,6.019999980926514,6.005000114440918,6.014999866485596,7275,0.0,0.0
2024-10-15 12:00:00-04:00,6.014999866485596,6.045000076293945,6.011300086975098,6.045000076293945,23652,0.0,0.0
2024-10-15 12:05:00-04:00,6.045000076293945,6.045000076293945,6.034999847412109,6.034999847412109,5574,0.0,0.0
2024-10-15 12:10:00-04:00,6.039999961853027,6.054999828338623,6.033999919891357,6.054999828338623,34813,0.0,0.0
2024-10-15 12:15:00-04:00,6.050000190734863,6.050000190734863,6.045000076293945,6.045000076293945,18587,0.0,0.0
2024-10-15 12:20:00-04:00,6.045000076293945,6.050000190734863,6.039999961853027,6.045000076293945,23463,0.0,0.0
2024-10-15 12:25:00-04:00,6.045000076293945,6.070000171661377,6.045000076293945,6.059999942779541,25583,0.0,0.0
2024-10-15 12:30:00-04:00,6.065000057220459,6.065000057220459,6.050000190734863,6.059999942779541,7306,0.0,0.0
2024-10-15 12:35:00-04:00,6.054999828338623,6.105000019073486,6.054999828338623,6.074999809265137,41624,0.0,0.0
2024-10-15 12:40:00-04:00,6.070000171661377,6.070000171661377,6.054999828338623,6.065000057220459,13779,0.0,0.0
2024-10-15 12:45:00-04:00,6.065000057220459,6.067999839782715,6.059999942779541,6.065000057220459,17033,0.0,0.0
2024-10-15 12:50:00-04:00,6.059999942779541,6.059999942779541,6.045000076293945,6.059999942779541,13069,0.0,0.0
2024-10-15 12:55:00-04:00,6.054999828338623,6.059899806976318,6.050000190734863,6.054999828338623,12840,0.0,0.0
2024-10-15 13:00:00-04:00,6.054999828338623,6.059899806976318,6.034999847412109,6.045499801635742,35790,0.0,0.0
2024-10-15 13:05:00-04:00,6.045000076293945,6.045000076293945,6.034999847412109,6.035999774932861,7545,0.0,0.0
2024-10-15 13:10:00-04:00,6.03000020980835,6.054999828338623,6.025000095367432,6.054999828338623,47258,0.0,0.0
2024-10-15 13:15:00-04:00,6.054999828338623,6.059999942779541,6.050000190734863,6.054999828338623,22256,0.0,0.0
2024-10-15 13:20:00-04:00,6.054999828338623,6.059999942779541,6.050000190734863,6.054999828338623,12927,0.0,0.0
2024-10-15 13:25:00-04:00,6.054999828338623,6.059999942779541,6.050000190734863,6.050000190734863,17093,0.0,0.0
2024-10-15 13:30:00-04:00,6.054999828338623,6.119999885559082,6.054999828338623,6.105000019073486,34612,0.0,0.0
2024-10-15 13:35:00-04:00,6.105000019073486,6.125,6.105000019073486,6.119999885559082,7438,0.0,0.0
2024-10-15 13:40:00-04:00,6.114999771118164,6.170000076293945,6.114999771118164,6.15500020980835,23323,0.0,0.0
2024-10-15 13:45:00-04:00,6.15500020980835,6.159999847412109,6.130000114440918,6.130000114440918,19586,0.0,0.0
2024-10-15 13:50:00-04:00,6.119999885559082,6.125,6.09499979019165,6.125,25417,0.0,0.0
2024-10-15 13:55:00-04:00,6.125,6.130000114440918,6.090000152587891,6.090000152587891,17874,0.0,0.0
2024-10-15 14:00:00-04:00,6.085000038146973,6.099999904632568,6.085000038146973,6.090000152587891,9755,0.0,0.0
2024-10-15 14:05:00-04:00,6.09499979019165,6.099999904632568,6.090000152587891,6.090000152587891,7931,0.0,0.0
2024-10-15 14:10:00-04:00,6.099999904632568,6.105000019073486,6.09499979019165,6.105000019073486,15604,0.0,0.0
2024-10-15 14:15:00-04:00,6.105000019073486,6.105000019073486,6.09499979019165,6.099999904632568,11594,0.0,0.0
2024-10-15 14:20:00-04:00,6.09499979019165,6.09499979019165,6.074999809265137,6.074999809265137,20720,0.0,0.0
2024-10-15 14:25:00-04:00,6.074999809265137,6.074999809265137,6.054999828338623,6.054999828338623,8618,0.0,0.0
2024-10-15 14:30:00-04:00,6.054999828338623,6.090000152587891,6.054999828338623,6.079999923706055,38133,0.0,0.0
2024-10-15 14:35:00-04:00,6.079999923706055,6.079999923706055,6.065000057220459,6.065000057220459,15640,0.0,0.0
2024-10-15 14:40:00-04:00,6.065000057220459,6.070000171661377,6.065000057220459,6.070000171661377,10120,0.0,0.0
2024-10-15 14:45:00-04:00,6.070000171661377,6.074999809265137,6.070000171661377,6.074999809265137,4126,0.0,0.0
2024-10-15 14:50:00-04:00,6.078000068664551,6.079999923706055,6.074999809265137,6.074999809265137,11949,0.0,0.0
2024-10-15 14:55:00-04:00,6.074999809265137,6.074999809265137,6.059999942779541,6.065000057220459,22790,0.0,0.0
2024-10-15 15:00:00-04:00,6.070000171661377,6.074999809265137,6.065000057220459,6.074999809265137,14191,0.0,0.0
2024-10-15 15:05:00-04:00,6.079999923706055,6.079999923706055,6.065000057220459,6.065000057220459,25805,0.0,0.0
2024-10-15 15:10:00-04:00,6.065000057220459,6.070000171661377,6.054999828338623,6.054999828338623,14159,0.0,0.0
2024-10-15 15:15:00-04:00,6.054999828338623,6.065000057220459,6.045000076293945,6.065000057220459,28125,0.0,0.0
2024-10-15 15:20:00-04:00,6.065000057220459,6.074999809265137,6.065000057220459,6.065000057220459,10598,0.0,0.0
2024-10-15 15:25:00-04:00,6.065000057220459,6.085000038146973,6.065000057220459,6.074999809265137,27580,0.0,0.0
2024-10-15 15:30:00-04:00,6.070000171661377,6.070000171661377,6.054999828338623,6.065000057220459,29033,0.0,0.0
2024-10-15 15:35:00-04:00,6.065000057220459,6.065000057220459,6.050000190734863,6.059999942779541,20349,0.0,0.0
2024-10-15 15:40:00-04:00,6.059999942779541,6.070000171661377,6.059999942779541,6.070000171661377,12563,0.0,0.0
2024-10-15 15:45:00-04:00,6.065000057220459,6.074999809265137,6.059999942779541,6.074999809265137,19924,0.0,0.0
2024-10-15 15:50:00-04:00,6.074999809265137,6.099999904632568,6.070000171661377,6.090000152587891,63206,0.0,0.0
2024-10-15 15:55:00-04:00,6.085000038146973,6.159999847412109,6.085000038146973,6.159999847412109,269978,0.0,0.0
2024-10-16 09:30:00-04:00,6.260000228881836,6.27209997177124,6.15500020980835,6.15500020980835,38915,0.0,0.0
2024-10-16 09:35:00-04:00,6.159999847412109,6.179999828338623,6.159999847412109,6.179999828338623,7358,0.0,0.0
2024-10-16 09:40:00-04:00,6.170000076293945,6.184999942779541,6.144999980926514,6.170000076293945,16559,0.0,0.0
2024-10-16 09:45:00-04:00,6.159999847412109,6.170000076293945,6.119999885559082,6.119999885559082,20152,0.0,0.0
2024-10-16 09:50:00-04:00,6.110899925231934,6.110899925231934,6.050000190734863,6.070000171661377,4971,0.0,0.0
2024-10-16 09:55:00-04:00,6.059999942779541,6.090000152587891,6.059999942779541,6.090000152587891,7774,0.0,0.0
2024-10-16 10:00:00-04:00,6.085000038146973,6.099999904632568,6.070000171661377,6.070000171661377,12743,0.0,0.0
2024-10-16 10:05:00-04:00,6.079899787902832,6.09499979019165,6.045000076293945,6.045000076293945,19832,0.0,0.0
2024-10-16 10:10:00-04:00,6.045000076293945,6.059999942779541,6.039999961853027,6.050000190734863,8286,0.0,0.0
2024-10-16 10:15:00-04:00,6.050000190734863,6.074999809265137,6.034999847412109,6.070000171661377,10100,0.0,0.0
2024-10-16 10:20:00-04:00,6.070000171661377,6.070000171661377,6.039999961853027,6.045000076293945,4951,0.0,0.0
2024-10-16 10:25:00-04:00,6.039999961853027,6.045000076293945,6.025000095367432,6.025000095367432,6455,0.0,0.0
2024-10-16 10:30:00-04:00,6.025000095367432,6.039999961853027,6.019999980926514,6.03000020980835,7359,0.0,0.0
2024-10-16 10:35:00-04:00,6.034999847412109,6.034999847412109,6.019999980926514,6.03000020980835,5485,0.0,0.0
2024-10-16 10:40:00-04:00,6.03000020980835,6.059999942779541,6.025000095367432,6.059999942779541,11884,0.0,0.0
2024-10-16 10:45:00-04:00,6.065000057220459,6.065000057220459,6.039999961853027,6.045000076293945,8759,0.0,0.0
2024-10-16 10:50:00-04:00,6.050000190734863,6.059999942779541,6.045000076293945,6.045000076293945,7351,0.0,0.0
2024-10-16 10:55:00-04:00,6.045000076293945,6.054999828338623,6.045000076293945,6.054999828338623,4868,0.0,0.0
2024-10-16 11:00:00-04:00,6.054999828338623,6.059999942779541,6.019999980926514,6.019999980926514,9357,0.0,0.0
2024-10-16 11:05:00-04:00,6.019999980926514,6.03000020980835,6.005000114440918,6.03000020980835,6585,0.0,0.0
2024-10-16 11:10:00-04:00,6.025000095367432,6.069799900054932,6.025000095367432,6.059999942779541,9574,0.0,0.0
2024-10-16 11:15:00-04:00,6.054999828338623,6.059999942779541,6.054999828338623,6.054999828338623,6335,0.0,0.0
2024-10-16 11:20:00-04:00,6.054999828338623,6.054999828338623,6.03000020980835,6.033999919891357,10146,0.0,0.0
2024-10-16 11:25:00-04:00,6.039999961853027,6.039999961853027,6.03000020980835,6.039999961853027,3262,0.0,0.0
2024-10-16 11:30:00-04:00,6.034999847412109,6.045000076293945,6.03000020980835,6.03000020980835,8705,0.0,0.0
2024-10-16 11:35:00-04:00,6.03000020980835,6.039999961853027,6.019999980926514,6.025000095367432,3785,0.0,0.0
2024-10-16 11:40:00-04:00,6.025000095367432,6.039999961853027,6.025000095367432,6.025000095367432,7413,0.0,0.0
2024-10-16 11:45:00-04:00,6.025000095367432,6.039999961853027,6.019999980926514,6.03000020980835,12601,0.0,0.0
2024-10-16 11:50:00-04:00,6.025000095367432,6.03000020980835,6.025000095367432,6.025000095367432,4699,0.0,0.0
2024-10-16 11:55:00-04:00,6.03000020980835,6.039999961853027,6.025000095367432,6.039999961853027,5883,0.0,0.0
2024-10-16 12:00:00-04:00,6.039999961853027,6.050000190734863,6.034999847412109,6.034999847412109,10478,0.0,0.0
2024-10-16 12:05:00-04:00,6.034999847412109,6.039999961853027,6.034999847412109,6.039999961853027,4071,0.0,0.0
2024-10-16 12:10:00-04:00,6.050000190734863,6.054999828338623,6.034999847412109,6.054999828338623,7464,0.0,0.0
2024-10-16 12:15:00-04:00,6.054999828338623,6.059999942779541,6.050000190734863,6.054999828338623,2758,0.0,0.0
2024-10-16 12:20:00-04:00,6.054999828338623,6.065000057220459,6.054999828338623,6.065000057220459,5225,0.0,0.0
2024-10-16 12:25:00-04:00,6.059999942779541,6.070000171661377,6.050000190734863,6.050000190734863,6165,0.0,0.0
2024-10-16 12:30:00-04:00,6.039999961853027,6.045000076293945,6.014999866485596,6.039999961853027,10474,0.0,0.0
2024-10-16 12:35:00-04:00,6.045000076293945,6.045000076293945,6.034999847412109,6.045000076293945,6042,0.0,0.0
2024-10-16 12:40:00-04:00,6.045000076293945,6.050000190734863,6.039999961853027,6.050000190734863,1975,0.0,0.0
2024-10-16 12:45:00-04:00,6.04010009765625,6.050000190734863,6.039999961853027,6.039999961853027,12730,0.0,0.0
2024-10-16 12:50:00-04:00,6.039999961853027,6.050000190734863,6.03000020980835,6.045000076293945,10475,0.0,0.0
2024-10-16 12:55:00-04:00,6.045000076293945,6.050000190734863,6.045000076293945,6.050000190734863,2163,0.0,0.0
2024-10-16 13:00:00-04:00,6.039999961853027,6.045000076293945,6.03000020980835,6.045000076293945,7776,0.0,0.0
2024-10-16 13:05:00-04:00,6.045000076293945,6.050000190734863,6.03000020980835,6.03000020980835,4258,0.0,0.0
2024-10-16 13:10:00-04:00,6.039999961853027,6.059999942779541,6.034999847412109,6.059999942779541,6714,0.0,0.0
2024-10-16 13:15:00-04:00,6.059999942779541,6.079999923706055,6.059999942779541,6.074999809265137,4914,0.0,0.0
2024-10-16 13:20:00-04:00,6.079999923706055,6.105000019073486,6.079999923706055,6.105000019073486,4093,0.0,0.0
2024-10-16 13:25:00-04:00,6.099999904632568,6.099999904632568,6.090000152587891,6.099999904632568,8567,0.0,0.0
2024-10-16 13:30:00-04:00,6.09499979019165,6.110000133514404,6.090000152587891,6.105000019073486,11032,0.0,0.0
2024-10-16 13:35:00-04:00,6.110000133514404,6.119999885559082,6.099999904632568,6.114999771118164,5115,0.0,0.0
2024-10-16 13:40:00-04:00,6.119999885559082,6.119999885559082,6.114999771118164,6.119699954986572,3100,0.0,0.0
2024-10-16 13:45:00-04:00,6.119999885559082,6.119999885559082,6.114999771118164,6.119999885559082,3463,0.0,0.0
2024-10-16 13:50:00-04:00,6.114999771118164,6.135000228881836,6.110000133514404,6.125,13231,0.0,0.0
2024-10-16 13:55:00-04:00,6.119999885559082,6.125,6.114999771118164,6.114999771118164,5390,0.0,0.0
2024-10-16 14:00:00-04:00,6.119999885559082,6.119999885559082,6.110000133514404,6.114999771118164,11376,0.0,0.0
2024-10-16 14:05:00-04:00,6.119999885559082,6.150000095367432,6.105000019073486,6.150000095367432,18193,0.0,0.0
2024-10-16 14:10:00-04:00,6.144999980926514,6.150000095367432,6.144999980926514,6.150000095367432,3586,0.0,0.0
2024-10-16 14:15:00-04:00,6.159999847412109,6.179999828338623,6.159999847412109,6.179999828338623,8439,0.0,0.0
2024-10-16 14:20:00-04:00,6.179999828338623,6.184999942779541,6.1707000732421875,6.175000190734863,7009,0.0,0.0
2024-10-16 14:25:00-04:00,6.175000190734863,6.175000190734863,6.159999847412109,6.164999961853027,8152,0.0,0.0
2024-10-16 14:30:00-04:00,6.164999961853027,6.164999961853027,6.150000095367432,6.159999847412109,15581,0.0,0.0
2024-10-16 14:35:00-04:00,6.159999847412109,6.170000076293945,6.150000095367432,6.150000095367432,15955,0.0,0.0
2024-10-16 14:40:00-04:00,6.159999847412109,6.164999961853027,6.15500020980835,6.164999961853027,9931,0.0,0.0
2024-10-16 14:45:00-04:00,6.164999961853027,6.170000076293945,6.15500020980835,6.159999847412109,7673,0.0,0.0
2024-10-16 14:50:00-04:00,6.170000076293945,6.21999979019165,6.170000076293945,6.215000152587891,20225,0.0,0.0
2024-10-16 14:55:00-04:00,6.210000038146973,6.21999979019165,6.210000038146973,6.215000152587891,11695,0.0,0.0
2024-10-16 15:00:00-04:00,6.210000038146973,6.210000038146973,6.199999809265137,6.210000038146973,12718,0.0,0.0
2024-10-16 15:05:00-04:00,6.204999923706055,6.21999979019165,6.199999809265137,6.21999979019165,8246,0.0,0.0
2024-10-16 15:10:00-04:00,6.21999979019165,6.230000019073486,6.21999979019165,6.224999904632568,5681,0.0,0.0
2024-10-16 15:15:00-04:00,6.230000019073486,6.230000019073486,6.224999904632568,6.230000019073486,7683,0.0,0.0
2024-10-16 15:20:00-04:00,6.230000019073486,6.25,6.230000019073486,6.235000133514404,14222,0.0,0.0
2024-10-16 15:25:00-04:00,6.239999771118164,6.244999885559082,6.21999979019165,6.224999904632568,24409,0.0,0.0
2024-10-16 15:30:00-04:00,6.224999904632568,6.25,6.224999904632568,6.25,14909,0.0,0.0
2024-10-16 15:35:00-04:00,6.244999885559082,6.25,6.21999979019165,6.21999979019165,34706,0.0,0.0
2024-10-16 15:40:00-04:00,6.21999979019165,6.21999979019165,6.179999828338623,6.210000038146973,46339,0.0,0.0
2024-10-16 15:45:00-04:00,6.215000152587891,6.21999979019165,6.195000171661377,6.199999809265137,32551,0.0,0.0
2024-10-16 15:50:00-04:00,6.199999809265137,6.210000038146973,6.179999828338623,6.204999923706055,55364,0.0,0.0
2024-10-16 15:55:00-04:00,6.199999809265137,6.210000038146973,6.179999828338623,6.210000038146973,126697,0.0,0.0
2024-10-17 09:30:00-04:00,6.230000019073486,6.230000019073486,6.159999847412109,6.159999847412109,11920,0.0,0.0
2024-10-17 09:35:00-04:00,6.210000038146973,6.210000038146973,6.161900043487549,6.171599864959717,1116,0.0,0.0
2024-10-17 09:40:00-04:00,6.179999828338623,6.179999828338623,6.159999847412109,6.164999961853027,6746,0.0,0.0
2024-10-17 09:45:00-04:00,6.159999847412109,6.190000057220459,6.159999847412109,6.190000057220459,6912,0.0,0.0
2024-10-17 09:50:00-04:00,6.184999942779541,6.184999942779541,6.170000076293945,6.170000076293945,2072,0.0,0.0
2024-10-17 09:55:00-04:00,6.159999847412109,6.159999847412109,6.139999866485596,6.144999980926514,1798,0.0,0.0
2024-10-17 10:00:00-04:00,6.150000095367432,6.199999809265137,6.150000095367432,6.170000076293945,5657,0.0,0.0
2024-10-17 10:05:00-04:00,6.170000076293945,6.199999809265137,6.170000076293945,6.199999809265137,5232,0.0,0.0
2024-10-17 10:10:00-04:00,6.199999809265137,6.204999923706055,6.175000190734863,6.175000190734863,5260,0.0,0.0
2024-10-17 10:15:00-04:00,6.170000076293945,6.170000076293945,6.150000095367432,6.159999847412109,3061,0.0,0.0
2024-10-17 10:20:00-04:00,6.15500020980835,6.170000076293945,6.15500020980835,6.170000076293945,3429,0.0,0.0
2024-10-17 10:25:00-04:00,6.170000076293945,6.170000076293945,6.144999980926514,6.150000095367432,2373,0.0,0.0
2024-10-17 10:30:00-04:00,6.150000095367432,6.150000095367432,6.139999866485596,6.144999980926514,2801,0.0,0.0
2024-10-17 10:35:00-04:00,6.150000095367432,6.164999961853027,6.139999866485596,6.164999961853027,5803,0.0,0.0
2024-10-17 10:40:00-04:00,6.164999961853027,6.164999961853027,6.154399871826172,6.15500020980835,9706,0.0,0.0
2024-10-17 10:45:00-04:00,6.15500020980835,6.184999942779541,6.15500020980835,6.184999942779541,2348,0.0,0.0
2024-10-17 10:50:00-04:00,6.184999942779541,6.210000038146973,6.184999942779541,6.210000038146973,3471,0.0,0.0
2024-10-17 10:55:00-04:00,6.21999979019165,6.21999979019165,6.190000057220459,6.195000171661377,2972,0.0,0.0
2024-10-17 11:00:00-04:00,6.190000057220459,6.199999809265137,6.184999942779541,6.199999809265137,2203,0.0,0.0
2024-10-17 11:05:00-04:00,6.195000171661377,6.195000171661377,6.190000057220459,6.190000057220459,508,0.0,0.0
2024-10-17 11:10:00-04:00,6.195000171661377,6.199999809265137,6.190000057220459,6.199999809265137,6020,0.0,0.0
2024-10-17 11:15:00-04:00,6.195000171661377,6.199999809265137,6.190000057220459,6.190000057220459,3322,0.0,0.0
2024-10-17 11:20:00-04:00,6.179999828338623,6.190000057220459,6.179999828338623,6.190000057220459,1772,0.0,0.0
2024-10-17 11:25:00-04:00,6.195000171661377,6.195000171661377,6.179999828338623,6.184999942779541,3828,0.0,0.0
2024-10-17 11:30:00-04:00,6.179999828338623,6.184999942779541,6.179999828338623,6.184999942779541,1867,0.0,0.0
2024-10-17 11:35:00-04:00,6.184999942779541,6.185999870300293,6.179999828338623,6.184999942779541,2036,0.0,0.0
2024-10-17 11:40:00-04:00,6.184999942779541,6.184999942779541,6.159999847412109,6.159999847412109,2874,0.0,0.0
2024-10-17 11:45:00-04:00,6.159999847412109,6.165999889373779,6.159999847412109,6.159999847412109,2025,0.0,0.0
2024-10-17 11:50:00-04:00,6.159999847412109,6.175000190734863,6.159999847412109,6.175000190734863,5891,0.0,0.0
2024-10-17 11:55:00-04:00,6.179999828338623,6.179999828338623,6.170000076293945,6.170000076293945,2330,0.0,0.0
2024-10-17 12:00:00-04:00,6.170000076293945,6.170000076293945,6.164999961853027,6.164999961853027,2112,0.0,0.0
2024-10-17 12:05:00-04:00,6.170000076293945,6.170000076293945,6.159900188446045,6.165999889373779,9317,0.0,0.0
2024-10-17 12:10:00-04:00,6.164999961853027,6.164999961853027,6.144999980926514,6.150000095367432,2222,0.0,0.0
2024-10-17 12:15:00-04:00,6.15500020980835,6.165999889373779,6.15500020980835,6.159999847412109,5494,0.0,0.0
2024-10-17 12:20:00-04:00,6.159999847412109,6.170000076293945,6.159999847412109,6.164999961853027,1833,0.0,0.0
2024-10-17 12:25:00-04:00,6.164999961853027,6.170000076293945,6.159999847412109,6.170000076293945,2393,0.0,0.0
2024-10-17 12:30:00-04:00,6.164999961853027,6.179900169372559,6.164999961853027,6.175000190734863,4575,0.0,0.0
2024-10-17 12:35:00-04:00,6.179999828338623,6.21999979019165,6.170499801635742,6.21999979019165,11253,0.0,0.0
2024-10-17 12:40:00-04:00,6.21999979019165,6.21999979019165,6.210000038146973,6.21999979019165,5701,0.0,0.0
2024-10-17 12:45:00-04:00,6.21999979019165,6.22599983215332,6.219900131225586,6.224999904632568,9441,0.0,0.0
2024-10-17 12:50:00-04:00,6.21999979019165,6.22599983215332,6.210100173950195,6.21999979019165,26195,0.0,0.0
2024-10-17 12:55:00-04:00,6.21999979019165,6.224999904632568,6.195000171661377,6.204999923706055,27016,0.0,0.0
2024-10-17 13:00:00-04:00,6.200099945068359,6.204999923706055,6.190000057220459,6.199999809265137,6695,0.0,0.0
2024-10-17 13:05:00-04:00,6.195000171661377,6.204999923706055,6.195000171661377,6.199999809265137,5475,0.0,0.0
2024-10-17 13:10:00-04:00,6.199999809265137,6.199999809265137,6.192500114440918,6.195000171661377,8536,0.0,0.0
2024-10-17 13:15:00-04:00,6.190000057220459,6.199999809265137,6.179999828338623,6.179999828338623,3247,0.0,0.0
2024-10-17 13:20:00-04:00,6.184999942779541,6.184999942779541,6.179999828338623,6.184999942779541,3109,0.0,0.0
2024-10-17 13:25:00-04:00,6.179999828338623,6.199999809265137,6.179999828338623,6.195000171661377,6114,0.0,0.0
2024-10-17 13:30:00-04:00,6.199999809265137,6.210000038146973,6.199999809265137,6.210000038146973,2904,0.0,0.0
2024-10-17 13:35:00-04:00,6.210000038146973,6.210000038146973,6.199999809265137,6.20419979095459,5256,0.0,0.0
2024-10-17 13:40:00-04:00,6.210000038146973,6.210000038146973,6.199999809265137,6.210000038146973,660,0.0,0.0
2024-10-17 13:45:00-04:00,6.210000038146973,6.210000038146973,6.204999923706055,6.210000038146973,1232,0.0,0.0
2024-10-17 13:50:00-04:00,6.204999923706055,6.210000038146973,6.195000171661377,6.195000171661377,5083,0.0,0.0
2024-10-17 13:55:00-04:00,6.195000171661377,6.195000171661377,6.175000190734863,6.175000190734863,2963,0.0,0.0
2024-10-17 14:00:00-04:00,6.179999828338623,6.184999942779541,6.179999828338623,6.184999942779541,3376,0.0,0.0
2024-10-17 14:05:00-04:00,6.184999942779541,6.184999942779541,6.179999828338623,6.184999942779541,4161,0.0,0.0
2024-10-17 14:10:00-04:00,6.179999828338623,6.179999828338623,6.179999828338623,6.179999828338623,674,0.0,0.0
2024-10-17 14:15:00-04:00,6.184999942779541,6.184999942779541,6.164999961853027,6.164999961853027,4808,0.0,0.0
2024-10-17 14:20:00-04:00,6.159999847412109,6.170000076293945,6.159999847412109,6.170000076293945,5040,0.0,0.0
2024-10-17 14:25:00-04:00,6.170000076293945,6.176000118255615,6.170000076293945,6.170000076293945,4341,0.0,0.0
2024-10-17 14:30:00-04:00,6.179900169372559,6.184999942779541,6.175000190734863,6.175000190734863,7104,0.0,0.0
2024-10-17 14:35:00-04:00,6.176000118255615,6.176000118255615,6.159999847412109,6.159999847412109,11374,0.0,0.0
2024-10-17 14:40:00-04:00,6.170000076293945,6.175000190734863,6.170000076293945,6.170000076293945,2518,0.0,0.0
2024-10-17 14:45:00-04:00,6.179999828338623,6.184999942779541,6.179999828338623,6.184999942779541,3848,0.0,0.0
2024-10-17 14:50:00-04:00,6.190000057220459,6.190000057220459,6.170499801635742,6.176000118255615,4161,0.0,0.0
2024-10-17 14:55:00-04:00,6.176000118255615,6.176000118255615,6.150000095367432,6.15500020980835,10392,0.0,0.0
2024-10-17 15:00:00-04:00,6.15500020980835,6.159999847412109,6.150000095367432,6.159999847412109,7002,0.0,0.0
2024-10-17 15:05:00-04:00,6.1519999504089355,6.166751861572266,6.144999980926514,6.166751861572266,18821,0.0,0.0
2024-10-17 15:10:00-04:00,6.160099983215332,6.164999961853027,6.160099983215332,6.164999961853027,3658,0.0,0.0
2024-10-17 15:15:00-04:00,6.170000076293945,6.170000076293945,6.159999847412109,6.164999961853027,10677,0.0,0.0
2024-10-17 15:20:00-04:00,6.164999961853027,6.170000076293945,6.159999847412109,6.164000034332275,3539,0.0,0.0
2024-10-17 15:25:00-04:00,6.169000148773193,6.179999828338623,6.159999847412109,6.179999828338623,18562,0.0,0.0
2024-10-17 15:30:00-04:00,6.179999828338623,6.179999828338623,6.170100212097168,6.175000190734863,9181,0.0,0.0
2024-10-17 15:35:00-04:00,6.170000076293945,6.175000190734863,6.169899940490723,6.175000190734863,15714,0.0,0.0
2024-10-17 15:40:00-04:00,6.170100212097168,6.190000057220459,6.170000076293945,6.184999942779541,28056,0.0,0.0
2024-10-17 15:45:00-04:00,6.190000057220459,6.21999979019165,6.180300235748291,6.215000152587891,79962,0.0,0.0
2024-10-17 15:50:00-04:00,6.215000152587891,6.260000228881836,6.215000152587891,6.240099906921387,59880,0.0,0.0
2024-10-17 15:55:00-04:00,6.239999771118164,6.260000228881836,6.214000225067139,6.260000228881836,123020,0.0,0.0
2024-10-18 09:30:00-04:00,6.309999942779541,6.309999942779541,6.264999866485596,6.264999866485596,25026,0.0,0.0
2024-10-18 09:35:00-04:00,6.260000228881836,6.289999961853027,6.260000228881836,6.289999961853027,912,0.0,0.0
2024-10-18 09:40:00-04:00,6.289999961853027,6.340000152587891,6.284999847412109,6.340000152587891,6003,0.0,0.0
2024-10-18 09:45:00-04:00,6.359899997711182,6.364999771118164,6.359899997711182,6.364999771118164,1798,0.0,0.0
2024-10-18 09:50:00-04:00,6.364999771118164,6.385000228881836,6.364999771118164,6.385000228881836,3623,0.0,0.0
2024-10-18 09:55:00-04:00,6.385000228881836,6.385000228881836,6.260000228881836,6.264999866485596,84218,0.0,0.0
2024-10-18 10:00:00-04:00,6.264999866485596,6.28000020980835,6.239999771118164,6.239999771118164,11187,0.0,0.0
2024-10-18 10:05:00-04:00,6.239999771118164,6.239999771118164,6.21999979019165,6.224999904632568,6707,0.0,0.0
2024-10-18 10:10:00-04:00,6.224999904632568,6.224999904632568,6.199999809265137,6.199999809265137,7242,0.0,0.0
2024-10-18 10:15:00-04:00,6.199999809265137,6.215000152587891,6.199999809265137,6.199999809265137,2998,0.0,0.0
2024-10-18 10:20:00-04:00,6.199999809265137,6.199999809265137,6.175000190734863,6.179999828338623,3781,0.0,0.0
2024-10-18 10:25:00-04:00,6.179999828338623,6.199999809265137,6.179999828338623,6.199999809265137,4024,0.0,0.0
2024-10-18 10:30:00-04:00,6.199999809265137,6.210000038146973,6.195000171661377,6.204999923706055,3355,0.0,0.0
2024-10-18 10:35:00-04:00,6.199999809265137,6.204999923706055,6.175000190734863,6.179999828338623,9169,0.0,0.0
2024-10-18 10:40:00-04:00,6.170000076293945,6.175000190734863,6.139999866485596,6.139999866485596,3819,0.0,0.0
2024-10-18 10:45:00-04:00,6.139999866485596,6.139999866485596,6.130000114440918,6.135000228881836,3136,0.0,0.0
2024-10-18 10:50:00-04:00,6.139999866485596,6.144999980926514,6.135000228881836,6.135000228881836,4924,0.0,0.0
2024-10-18 10:55:00-04:00,6.135000228881836,6.159999847412109,6.135000228881836,6.159999847412109,2588,0.0,0.0
2024-10-18 11:00:00-04:00,6.15500020980835,6.15500020980835,6.144999980926514,6.15500020980835,4364,0.0,0.0
2024-10-18 11:05:00-04:00,6.15500020980835,6.175000190734863,6.150000095367432,6.150000095367432,11927,0.0,0.0
2024-10-18 11:10:00-04:00,6.15500020980835,6.159999847412109,6.144999980926514,6.150000095367432,5594,0.0,0.0
2024-10-18 11:15:00-04:00,6.139999866485596,6.155300140380859,6.135000228881836,6.150000095367432,10808,0.0,0.0
2024-10-18 11:20:00-04:00,6.139999866485596,6.139999866485596,6.119999885559082,6.130000114440918,8159,0.0,0.0
2024-10-18 11:25:00-04:00,6.125,6.150000095367432,6.125,6.144999980926514,2733,0.0,0.0
2024-10-18 11:30:00-04:00,6.144999980926514,6.159999847412109,6.144999980926514,6.150000095367432,4919,0.0,0.0
2024-10-18 11:35:00-04:00,6.150000095367432,6.170000076293945,6.150000095367432,6.170000076293945,4244,0.0,0.0
2024-10-18 11:40:00-04:00,6.175000190734863,6.179999828338623,6.164999961853027,6.170000076293945,8767,0.0,0.0
2024-10-18 11:45:00-04:00,6.170000076293945,6.170000076293945,6.15500020980835,6.15500020980835,4491,0.0,0.0
2024-10-18 11:50:00-04:00,6.15500020980835,6.164999961853027,6.150000095367432,6.164999961853027,1928,0.0,0.0
2024-10-18 11:55:00-04:00,6.164999961853027,6.179999828338623,6.164999961853027,6.179999828338623,5655,0.0,0.0
2024-10-18 12:00:00-04:00,6.184999942779541,6.195000171661377,6.179999828338623,6.195000171661377,4742,0.0,0.0
2024-10-18 12:05:00-04:00,6.195000171661377,6.199999809265137,6.190000057220459,6.195000171661377,3530,0.0,0.0
2024-10-18 12:10:00-04:00,6.195000171661377,6.195000171661377,6.179999828338623,6.195000171661377,5751,0.0,0.0
2024-10-18 12:15:00-04:00,6.199900150299072,6.210000038146973,6.195000171661377,6.204999923706055,10964,0.0,0.0
2024-10-18 12:20:00-04:00,6.204999923706055,6.215000152587891,6.199999809265137,6.199999809265137,4359,0.0,0.0
2024-10-18 12:25:00-04:00,6.210000038146973,6.215000152587891,6.210000038146973,6.215000152587891,2635,0.0,0.0
2024-10-18 12:30:00-04:00,6.215000152587891,6.215000152587891,6.204999923706055,6.204999923706055,5388,0.0,0.0
2024-10-18 12:35:00-04:00,6.199999809265137,6.204999923706055,6.190000057220459,6.195000171661377,5490,0.0,0.0
2024-10-18 12:40:00-04:00,6.190000057220459,6.195899963378906,6.190000057220459,6.195000171661377,3174,0.0,0.0
2024-10-18 12:45:00-04:00,6.195000171661377,6.195000171661377,6.175000190734863,6.175000190734863,4050,0.0,0.0
2024-10-18 12:50:00-04:00,6.170000076293945,6.175000190734863,6.170000076293945,6.175000190734863,2436,0.0,0.0
2024-10-18 12:55:00-04:00,6.175000190734863,6.175000190734863,6.159999847412109,6.159999847412109,9059,0.0,0.0
2024-10-18 13:00:00-04:00,6.164999961853027,6.170000076293945,6.15500020980835,6.15500020980835,7981,0.0,0.0
2024-10-18 13:05:00-04:00,6.159999847412109,6.159999847412109,6.150000095367432,6.15500020980835,3029,0.0,0.0
2024-10-18 13:10:00-04:00,6.15500020980835,6.159999847412109,6.15500020980835,6.159999847412109,1666,0.0,0.0
2024-10-18 13:15:00-04:00,6.159999847412109,6.159999847412109,6.150000095367432,6.150100231170654,3965,0.0,0.0
2024-10-18 13:20:00-04:00,6.15500020980835,6.159999847412109,6.150000095367432,6.15500020980835,5596,0.0,0.0
2024-10-18 13:25:00-04:00,6.150000095367432,6.159999847412109,6.150000095367432,6.1595001220703125,7406,0.0,0.0
2024-10-18 13:30:00-04:00,6.150000095367432,6.170000076293945,6.150000095367432,6.159999847412109,10276,0.0,0.0
2024-10-18 13:35:00-04:00,6.159999847412109,6.164999961853027,6.139999866485596,6.144999980926514,9815,0.0,0.0
2024-10-18 13:40:00-04:00,6.139999866485596,6.139999866485596,6.114999771118164,6.114999771118164,4543,0.0,0.0
2024-10-18 13:45:00-04:00,6.110000133514404,6.119999885559082,6.110000133514404,6.114999771118164,3546,0.0,0.0
2024-10-18 13:50:00-04:00,6.114999771118164,6.129799842834473,6.110000133514404,6.125,7645,0.0,0.0
2024-10-18 13:55:00-04:00,6.119999885559082,6.126399993896484,6.119999885559082,6.125,7702,0.0,0.0
2024-10-18 14:00:00-04:00,6.125,6.150000095367432,6.114999771118164,6.144999980926514,7562,0.0,0.0
2024-10-18 14:05:00-04:00,6.144999980926514,6.150000095367432,6.135000228881836,6.144999980926514,6723,0.0,0.0
2024-10-18 14:10:00-04:00,6.144999980926514,6.144999980926514,6.144999980926514,6.144999980926514,1887,0.0,0.0
2024-10-18 14:15:00-04:00,6.144999980926514,6.164999961853027,6.144999980926514,6.164999961853027,4028,0.0,0.0
2024-10-18 14:20:00-04:00,6.164999961853027,6.164999961853027,6.150000095367432,6.150000095367432,4161,0.0,0.0
2024-10-18 14:25:00-04:00,6.15500020980835,6.15500020980835,6.139999866485596,6.139999866485596,3325,0.0,0.0
2024-10-18 14:30:00-04:00,6.144999980926514,6.144999980926514,6.135000228881836,6.135000228881836,3035,0.0,0.0
2024-10-18 14:35:00-04:00,6.135000228881836,6.144999980926514,6.135000228881836,6.139999866485596,5712,0.0,0.0
2024-10-18 14:40:00-04:00,6.139999866485596,6.15500020980835,6.139999866485596,6.15500020980835,2667,0.0,0.0
2024-10-18 14:45:00-04:00,6.15500020980835,6.15500020980835,6.150000095367432,6.15500020980835,2822,0.0,0.0
2024-10-18 14:50:00-04:00,6.150000095367432,6.15500020980835,6.139999866485596,6.139999866485596,21039,0.0,0.0
2024-10-18 14:55:00-04:00,6.139999866485596,6.139999866485596,6.130000114440918,6.130000114440918,8640,0.0,0.0
2024-10-18 15:00:00-04:00,6.135000228881836,6.150000095367432,6.130000114440918,6.144999980926514,4708,0.0,0.0
2024-10-18 15:05:00-04:00,6.144999980926514,6.144999980926514,6.144999980926514,6.144999980926514,2606,0.0,0.0
2024-10-18 15:10:00-04:00,6.144999980926514,6.144999980926514,6.135000228881836,6.139999866485596,3916,0.0,0.0
2024-10-18 15:15:00-04:00,6.135000228881836,6.135000228881836,6.130000114440918,6.135000228881836,2920,0.0,0.0
2024-10-18 15:20:00-04:00,6.135000228881836,6.139999866485596,6.13100004196167,6.135000228881836,3310,0.0,0.0
2024-10-18 15:25:00-04:00,6.139999866485596,6.139999866485596,6.135000228881836,6.135000228881836,5562,0.0,0.0
2024-10-18 15:30:00-04:00,6.135000228881836,6.135000228881836,6.114999771118164,6.125,11250,0.0,0.0
2024-10-18 15:35:00-04:00,6.125,6.130000114440918,6.114999771118164,6.114999771118164,7530,0.0,0.0
2024-10-18 15:40:00-04:00,6.114999771118164,6.119999885559082,6.114999771118164,6.119999885559082,4883,0.0,0.0
2024-10-18 15:45:00-04:00,6.119999885559082,6.130000114440918,6.114999771118164,6.125,13605,0.0,0.0
2024-10-18 15:50:00-04:00,6.125,6.125,6.099999904632568,6.114999771118164,41895,0.0,0.0
2024-10-18 15:55:00-04:00,6.114999771118164,6.130000114440918,6.090000152587891,6.119100093841553,99859,0.0,0.0
