Datetime,Open,High,Low,Close,Volume,Dividends,Stock Splits
2024-09-20 09:30:00-04:00,41.4900016784668,41.4900016784668,41.4900016784668,41.4900016784668,67759,0.0,0.0
2024-09-20 09:35:00-04:00,41.44499969482422,41.44499969482422,41.44499969482422,41.44499969482422,120,0.0,0.0
2024-09-20 09:40:00-04:00,41.44499969482422,41.566898345947266,41.130001068115234,41.39939880371094,7183,0.0,0.0
2024-09-20 09:45:00-04:00,41.36000061035156,41.36000061035156,40.849998474121094,40.97999954223633,14970,0.0,0.0
2024-09-20 09:50:00-04:00,40.869998931884766,40.869998931884766,40.55500030517578,40.599998474121094,3403,0.0,0.0
2024-09-20 09:55:00-04:00,40.625,40.667999267578125,40.52000045776367,40.54999923706055,2888,0.0,0.0
2024-09-20 10:00:00-04:00,40.5,40.689998626708984,40.31999969482422,40.61000061035156,5488,0.0,0.0
2024-09-20 10:05:00-04:00,40.63999938964844,40.720001220703125,40.45000076293945,40.45000076293945,13907,0.0,0.0
2024-09-20 10:10:00-04:00,40.439998626708984,40.439998626708984,40.22999954223633,40.22999954223633,7443,0.0,0.0
2024-09-20 10:15:00-04:00,40.2400016784668,40.40999984741211,40.13999938964844,40.380001068115234,13707,0.0,0.0
2024-09-20 10:20:00-04:00,40.34000015258789,40.35499954223633,40.255001068115234,40.35499954223633,2710,0.0,0.0
2024-09-20 10:25:00-04:00,40.349998474121094,40.349998474121094,40.220001220703125,40.220001220703125,1715,0.0,0.0
2024-09-20 10:30:00-04:00,40.220001220703125,40.220001220703125,40.189998626708984,40.189998626708984,1840,0.0,0.0
2024-09-20 10:35:00-04:00,40.244998931884766,40.38999938964844,40.244998931884766,40.38999938964844,4603,0.0,0.0
2024-09-20 10:40:00-04:00,40.400001525878906,40.61000061035156,40.400001525878906,40.61000061035156,7891,0.0,0.0
2024-09-20 10:45:00-04:00,40.61000061035156,40.65999984741211,40.560001373291016,40.61000061035156,1530,0.0,0.0
2024-09-20 10:50:00-04:00,40.61000061035156,40.66999816894531,40.61000061035156,40.61000061035156,1384,0.0,0.0
2024-09-20 10:55:00-04:00,40.65999984741211,40.7599983215332,40.63999938964844,40.665000915527344,6849,0.0,0.0
2024-09-20 11:00:00-04:00,40.66999816894531,40.66999816894531,40.58000183105469,40.58000183105469,2147,0.0,0.0
2024-09-20 11:05:00-04:00,40.6349983215332,40.65999984741211,40.439998626708984,40.439998626708984,3834,0.0,0.0
2024-09-20 11:10:00-04:00,40.45500183105469,40.459999084472656,40.290000915527344,40.310001373291016,1447,0.0,0.0
2024-09-20 11:15:00-04:00,40.25,40.33000183105469,40.220001220703125,40.31999969482422,4691,0.0,0.0
2024-09-20 11:20:00-04:00,40.279998779296875,40.31999969482422,40.2400016784668,40.279998779296875,3022,0.0,0.0
2024-09-20 11:25:00-04:00,40.27000045776367,40.27000045776367,40.27000045776367,40.27000045776367,885,0.0,0.0
2024-09-20 11:30:00-04:00,40.2599983215332,40.29999923706055,40.16999816894531,40.220001220703125,10269,0.0,0.0
2024-09-20 11:35:00-04:00,40.31999969482422,40.4202995300293,40.150001525878906,40.15999984741211,6615,0.0,0.0
2024-09-20 11:40:00-04:00,40.099998474121094,40.349998474121094,40.099998474121094,40.349998474121094,3870,0.0,0.0
2024-09-20 11:45:00-04:00,40.31999969482422,40.31999969482422,40.20009994506836,40.290000915527344,461,0.0,0.0
2024-09-20 11:50:00-04:00,40.29999923706055,40.29999923706055,40.189998626708984,40.209999084472656,3093,0.0,0.0
2024-09-20 11:55:00-04:00,40.2400016784668,40.33000183105469,40.2400016784668,40.290000915527344,3745,0.0,0.0
2024-09-20 12:00:00-04:00,40.22999954223633,40.22999954223633,40.150001525878906,40.220001220703125,2963,0.0,0.0
2024-09-20 12:05:00-04:00,40.290000915527344,40.29999923706055,40.290000915527344,40.29999923706055,1107,0.0,0.0
2024-09-20 12:10:00-04:00,40.388301849365234,40.38999938964844,40.3849983215332,40.3849983215332,1034,0.0,0.0
2024-09-20 12:15:00-04:00,40.33000183105469,40.33000183105469,40.130001068115234,40.130001068115234,7566,0.0,0.0
2024-09-20 12:20:00-04:00,40.060001373291016,40.16999816894531,40.060001373291016,40.16999816894531,5404,0.0,0.0
2024-09-20 12:25:00-04:00,40.15999984741211,40.25,40.13999938964844,40.13999938964844,3887,0.0,0.0
2024-09-20 12:30:00-04:00,40.130001068115234,40.27000045776367,40.130001068115234,40.25,2650,0.0,0.0
2024-09-20 12:35:00-04:00,40.22999954223633,40.279998779296875,40.209999084472656,40.279998779296875,788,0.0,0.0
2024-09-20 12:40:00-04:00,40.244998931884766,40.244998931884766,40.2400016784668,40.2400016784668,1241,0.0,0.0
2024-09-20 12:45:00-04:00,40.27000045776367,40.279998779296875,40.2599983215332,40.279998779296875,2280,0.0,0.0
2024-09-20 12:50:00-04:00,40.290000915527344,40.29999923706055,40.220001220703125,40.220001220703125,3810,0.0,0.0
2024-09-20 12:55:00-04:00,40.220001220703125,40.220001220703125,40.189998626708984,40.189998626708984,1277,0.0,0.0
2024-09-20 13:00:00-04:00,40.15999984741211,40.17499923706055,40.095001220703125,40.095001220703125,6567,0.0,0.0
2024-09-20 13:05:00-04:00,40.060001373291016,40.14500045776367,40.029998779296875,40.14500045776367,3006,0.0,0.0
2024-09-20 13:10:00-04:00,40.13999938964844,40.209999084472656,40.13999938964844,40.209999084472656,2154,0.0,0.0
2024-09-20 13:15:00-04:00,40.16999816894531,40.314998626708984,40.16999816894531,40.314998626708984,2271,0.0,0.0
2024-09-20 13:20:00-04:00,40.26499938964844,40.334999084472656,40.185001373291016,40.185001373291016,4630,0.0,0.0
2024-09-20 13:25:00-04:00,40.19499969482422,40.19499969482422,40.04999923706055,40.04999923706055,2188,0.0,0.0
2024-09-20 13:30:00-04:00,40.040000915527344,40.04999923706055,40.0099983215332,40.04999923706055,1185,0.0,0.0
2024-09-20 13:35:00-04:00,40.0,40.05500030517578,40.0,40.05500030517578,722,0.0,0.0
2024-09-20 13:40:00-04:00,40.02000045776367,40.04999923706055,39.900001525878906,39.93479919433594,8127,0.0,0.0
2024-09-20 13:45:00-04:00,39.900001525878906,40.0,39.900001525878906,39.939998626708984,8308,0.0,0.0
2024-09-20 13:50:00-04:00,39.970001220703125,40.18000030517578,39.93000030517578,40.1150016784668,6838,0.0,0.0
2024-09-20 13:55:00-04:00,40.130001068115234,40.18000030517578,40.099998474121094,40.15999984741211,5417,0.0,0.0
2024-09-20 14:00:00-04:00,40.15999984741211,40.373600006103516,40.15999984741211,40.31999969482422,7813,0.0,0.0
2024-09-20 14:05:00-04:00,40.310001373291016,40.619998931884766,40.310001373291016,40.619998931884766,21894,0.0,0.0
2024-09-20 14:10:00-04:00,40.61000061035156,40.86000061035156,40.61000061035156,40.83000183105469,17227,0.0,0.0
2024-09-20 14:15:00-04:00,40.834999084472656,40.85499954223633,40.81999969482422,40.85499954223633,2028,0.0,0.0
2024-09-20 14:20:00-04:00,40.810001373291016,40.82500076293945,40.77000045776367,40.78499984741211,7271,0.0,0.0
2024-09-20 14:25:00-04:00,40.779998779296875,40.779998779296875,40.779998779296875,40.779998779296875,166,0.0,0.0
2024-09-20 14:30:00-04:00,40.779998779296875,40.90999984741211,40.709999084472656,40.897499084472656,10525,0.0,0.0
2024-09-20 14:35:00-04:00,40.900001525878906,40.91999816894531,40.7400016784668,40.76919937133789,6646,0.0,0.0
2024-09-20 14:40:00-04:00,40.7599983215332,40.90999984741211,40.7599983215332,40.90999984741211,4142,0.0,0.0
2024-09-20 14:45:00-04:00,40.88999938964844,40.939998626708984,40.88999938964844,40.91999816894531,2651,0.0,0.0
2024-09-20 14:50:00-04:00,40.95500183105469,41.0,40.95500183105469,40.959999084472656,1201,0.0,0.0
2024-09-20 14:55:00-04:00,40.959999084472656,40.97999954223633,40.880001068115234,40.880001068115234,6542,0.0,0.0
2024-09-20 15:00:00-04:00,40.880001068115234,40.95000076293945,40.7599983215332,40.7599983215332,5616,0.0,0.0
2024-09-20 15:05:00-04:00,40.73500061035156,40.73500061035156,40.68000030517578,40.68000030517578,1035,0.0,0.0
2024-09-20 15:10:00-04:00,40.68000030517578,40.72999954223633,40.650001525878906,40.709999084472656,4107,0.0,0.0
2024-09-20 15:15:00-04:00,40.68000030517578,40.779998779296875,40.599998474121094,40.599998474121094,6102,0.0,0.0
2024-09-20 15:20:00-04:00,40.59000015258789,40.650001525878906,40.5,40.5,2520,0.0,0.0
2024-09-20 15:25:00-04:00,40.51499938964844,40.630001068115234,40.49020004272461,40.54999923706055,7967,0.0,0.0
2024-09-20 15:30:00-04:00,40.54999923706055,40.630001068115234,40.51499938964844,40.54999923706055,13863,0.0,0.0
2024-09-20 15:35:00-04:00,40.529998779296875,40.70000076293945,40.529998779296875,40.63999938964844,11451,0.0,0.0
2024-09-20 15:40:00-04:00,40.665000915527344,40.810001373291016,40.63999938964844,40.7599983215332,8566,0.0,0.0
2024-09-20 15:45:00-04:00,40.77000045776367,40.81999969482422,40.5099983215332,40.557498931884766,57953,0.0,0.0
2024-09-20 15:50:00-04:00,40.599998474121094,40.790000915527344,40.5099983215332,40.529998779296875,41756,0.0,0.0
2024-09-20 15:55:00-04:00,40.529998779296875,40.790000915527344,40.400001525878906,40.77000045776367,121470,0.0,0.0
2024-09-23 09:30:00-04:00,40.77000045776367,40.77000045776367,40.36000061035156,40.599998474121094,4377,0.0,0.0
2024-09-23 09:35:00-04:00,40.51499938964844,40.51499938964844,40.36000061035156,40.36000061035156,783,0.0,0.0
2024-09-23 09:40:00-04:00,40.55139923095703,40.55139923095703,40.55139923095703,40.55139923095703,758,0.0,0.0
2024-09-23 09:45:00-04:00,40.51250076293945,40.540000915527344,40.36000061035156,40.36000061035156,1943,0.0,0.0
2024-09-23 09:50:00-04:00,40.470001220703125,40.5099983215332,40.25,40.5099983215332,4413,0.0,0.0
2024-09-23 09:55:00-04:00,40.36000061035156,40.599998474121094,40.36000061035156,40.599998474121094,3187,0.0,0.0
2024-09-23 10:00:00-04:00,40.60499954223633,40.60499954223633,40.60499954223633,40.60499954223633,212,0.0,0.0
2024-09-23 10:05:00-04:00,40.7400016784668,40.81999969482422,40.599998474121094,40.599998474121094,0,0.0,0.0
2024-09-23 10:10:00-04:00,40.583499908447266,40.6349983215332,40.56999969482422,40.6349983215332,21505,0.0,0.0
2024-09-23 10:15:00-04:00,40.654998779296875,40.82500076293945,40.540000915527344,40.720001220703125,2918,0.0,0.0
2024-09-23 10:20:00-04:00,40.66999816894531,40.66999816894531,40.65999984741211,40.65999984741211,750,0.0,0.0
2024-09-23 10:25:00-04:00,40.650001525878906,40.72999954223633,40.650001525878906,40.72999954223633,2886,0.0,0.0
2024-09-23 10:30:00-04:00,40.7400016784668,40.93000030517578,40.709999084472656,40.709999084472656,6693,0.0,0.0
2024-09-23 10:35:00-04:00,40.861000061035156,40.861000061035156,40.65999984741211,40.66999816894531,2191,0.0,0.0
2024-09-23 10:40:00-04:00,40.630001068115234,40.689998626708984,40.5099983215332,40.5099983215332,3450,0.0,0.0
2024-09-23 10:45:00-04:00,40.52000045776367,40.52000045776367,40.47999954223633,40.47999954223633,777,0.0,0.0
2024-09-23 10:50:00-04:00,40.599998474121094,40.599998474121094,40.599998474121094,40.599998474121094,468,0.0,0.0
2024-09-23 10:55:00-04:00,40.470001220703125,40.47999954223633,40.36000061035156,40.47999954223633,3789,0.0,0.0
2024-09-23 11:00:00-04:00,40.41999816894531,40.41999816894531,40.369998931884766,40.380001068115234,1304,0.0,0.0
2024-09-23 11:05:00-04:00,40.34000015258789,40.34000015258789,40.34000015258789,40.34000015258789,431,0.0,0.0
2024-09-23 11:10:00-04:00,40.34000015258789,40.41889953613281,40.33000183105469,40.380001068115234,1010,0.0,0.0
2024-09-23 11:15:00-04:00,40.349998474121094,40.349998474121094,40.349998474121094,40.349998474121094,323,0.0,0.0
2024-09-23 11:20:00-04:00,40.36000061035156,40.47999954223633,40.36000061035156,40.47999954223633,3221,0.0,0.0
2024-09-23 11:25:00-04:00,40.58000183105469,40.58000183105469,40.54999923706055,40.54999923706055,636,0.0,0.0
2024-09-23 11:30:00-04:00,40.54999923706055,40.54999923706055,40.54999923706055,40.54999923706055,642,0.0,0.0
2024-09-23 11:35:00-04:00,40.61000061035156,40.61000061035156,40.41999816894531,40.41999816894531,4655,0.0,0.0
2024-09-23 11:40:00-04:00,40.38999938964844,40.41999816894531,40.32500076293945,40.34000015258789,2669,0.0,0.0
2024-09-23 11:45:00-04:00,40.334999084472656,40.45000076293945,40.334999084472656,40.45000076293945,1418,0.0,0.0
2024-09-23 11:50:00-04:00,40.45000076293945,40.45000076293945,40.41999816894531,40.45000076293945,1427,0.0,0.0
2024-09-23 11:55:00-04:00,40.46500015258789,40.47999954223633,40.43000030517578,40.43000030517578,1422,0.0,0.0
2024-09-23 12:00:00-04:00,40.41999816894531,40.41999816894531,40.400001525878906,40.41999816894531,1358,0.0,0.0
2024-09-23 12:05:00-04:00,40.400001525878906,40.415000915527344,40.310001373291016,40.310001373291016,1599,0.0,0.0
2024-09-23 12:10:00-04:00,40.31999969482422,40.34000015258789,40.31999969482422,40.34000015258789,760,0.0,0.0
2024-09-23 12:15:00-04:00,40.34000015258789,40.35499954223633,40.31999969482422,40.31999969482422,1302,0.0,0.0
2024-09-23 12:20:00-04:00,40.338401794433594,40.404998779296875,40.338401794433594,40.400001525878906,2942,0.0,0.0
2024-09-23 12:25:00-04:00,40.400001525878906,40.400001525878906,40.369998931884766,40.369998931884766,864,0.0,0.0
2024-09-23 12:30:00-04:00,40.38999938964844,40.38999938964844,40.29999923706055,40.334999084472656,10307,0.0,0.0
2024-09-23 12:35:00-04:00,40.334999084472656,40.40999984741211,40.334999084472656,40.33610153198242,11438,0.0,0.0
2024-09-23 12:40:00-04:00,40.36000061035156,40.45000076293945,40.33000183105469,40.38999938964844,20056,0.0,0.0
2024-09-23 12:45:00-04:00,40.349998474121094,40.349998474121094,40.209999084472656,40.27000045776367,7105,0.0,0.0
2024-09-23 12:50:00-04:00,40.31999969482422,40.349998474121094,40.290000915527344,40.349998474121094,1330,0.0,0.0
2024-09-23 12:55:00-04:00,40.349998474121094,40.349998474121094,40.349998474121094,40.349998474121094,716,0.0,0.0
2024-09-23 13:00:00-04:00,40.349998474121094,40.349998474121094,40.290000915527344,40.29309844970703,3008,0.0,0.0
2024-09-23 13:05:00-04:00,40.27799987792969,40.29999923706055,40.150001525878906,40.275001525878906,4962,0.0,0.0
2024-09-23 13:10:00-04:00,40.27000045776367,40.400001525878906,40.27000045776367,40.400001525878906,1690,0.0,0.0
2024-09-23 13:15:00-04:00,40.400001525878906,40.42499923706055,40.33000183105469,40.33000183105469,1905,0.0,0.0
2024-09-23 13:20:00-04:00,40.36000061035156,40.36000061035156,40.35499954223633,40.35499954223633,872,0.0,0.0
2024-09-23 13:25:00-04:00,40.36000061035156,40.38999938964844,40.36000061035156,40.38999938964844,495,0.0,0.0
2024-09-23 13:30:00-04:00,40.349998474121094,40.349998474121094,40.29999923706055,40.31999969482422,2798,0.0,0.0
2024-09-23 13:35:00-04:00,40.349998474121094,40.400001525878906,40.349998474121094,40.38999938964844,3907,0.0,0.0
2024-09-23 13:40:00-04:00,40.380001068115234,40.38999938964844,40.31999969482422,40.34000015258789,2567,0.0,0.0
2024-09-23 13:45:00-04:00,40.35499954223633,40.35499954223633,40.31999969482422,40.31999969482422,1280,0.0,0.0
2024-09-23 13:50:00-04:00,40.349998474121094,40.35499954223633,40.334999084472656,40.34000015258789,2426,0.0,0.0
2024-09-23 13:55:00-04:00,40.33000183105469,40.345001220703125,40.279998779296875,40.33000183105469,5696,0.0,0.0
2024-09-23 14:00:00-04:00,40.33000183105469,40.33000183105469,40.18000030517578,40.18000030517578,6184,0.0,0.0
2024-09-23 14:05:00-04:00,40.18000030517578,40.18000030517578,40.18000030517578,40.18000030517578,868,0.0,0.0
2024-09-23 14:10:00-04:00,40.220001220703125,40.34000015258789,40.220001220703125,40.290000915527344,1475,0.0,0.0
2024-09-23 14:15:00-04:00,40.349998474121094,40.349998474121094,40.290000915527344,40.34000015258789,3262,0.0,0.0
2024-09-23 14:20:00-04:00,40.380001068115234,40.380001068115234,40.31999969482422,40.380001068115234,1986,0.0,0.0
2024-09-23 14:25:00-04:00,40.380001068115234,40.380001068115234,40.380001068115234,40.380001068115234,937,0.0,0.0
2024-09-23 14:30:00-04:00,40.41999816894531,40.459999084472656,40.400001525878906,40.459999084472656,3707,0.0,0.0
2024-09-23 14:35:00-04:00,40.474998474121094,40.47999954223633,40.43000030517578,40.47999954223633,2790,0.0,0.0
2024-09-23 14:40:00-04:00,40.4900016784668,40.4900016784668,40.41999816894531,40.41999816894531,3383,0.0,0.0
2024-09-23 14:45:00-04:00,40.45000076293945,40.45000076293945,40.31999969482422,40.380001068115234,7833,0.0,0.0
2024-09-23 14:50:00-04:00,40.349998474121094,40.349998474121094,40.257999420166016,40.29499816894531,3436,0.0,0.0
2024-09-23 14:55:00-04:00,40.310001373291016,40.38999938964844,40.29499816894531,40.38999938964844,3565,0.0,0.0
2024-09-23 15:00:00-04:00,40.400001525878906,40.41999816894531,40.3849983215332,40.41999816894531,1522,0.0,0.0
2024-09-23 15:05:00-04:00,40.41999816894531,40.41999816894531,40.36000061035156,40.380001068115234,4798,0.0,0.0
2024-09-23 15:10:00-04:00,40.377498626708984,40.5099983215332,40.377498626708984,40.474998474121094,6134,0.0,0.0
2024-09-23 15:15:00-04:00,40.4900016784668,40.52000045776367,40.47999954223633,40.52000045776367,3019,0.0,0.0
2024-09-23 15:20:00-04:00,40.540000915527344,40.59000015258789,40.36000061035156,40.36000061035156,15083,0.0,0.0
2024-09-23 15:25:00-04:00,40.349998474121094,40.36000061035156,40.279998779296875,40.36000061035156,5517,0.0,0.0
2024-09-23 15:30:00-04:00,40.349998474121094,40.380001068115234,40.290000915527344,40.380001068115234,9634,0.0,0.0
2024-09-23 15:35:00-04:00,40.38999938964844,40.38999938964844,40.310001373291016,40.34000015258789,7537,0.0,0.0
2024-09-23 15:40:00-04:00,40.34000015258789,40.36000061035156,40.22999954223633,40.29999923706055,13732,0.0,0.0
2024-09-23 15:45:00-04:00,40.29999923706055,40.459999084472656,40.220001220703125,40.41999816894531,17440,0.0,0.0
2024-09-23 15:50:00-04:00,40.43000030517578,40.459999084472656,40.2400016784668,40.33000183105469,21639,0.0,0.0
2024-09-23 15:55:00-04:00,40.31999969482422,40.45000076293945,40.279998779296875,40.369998931884766,31467,0.0,0.0
2024-09-24 09:30:00-04:00,40.13999938964844,40.71500015258789,40.13999938964844,40.59000015258789,30298,0.0,0.0
2024-09-24 09:35:00-04:00,40.529998779296875,40.529998779296875,40.150001525878906,40.25199890136719,1156,0.0,0.0
2024-09-24 09:40:00-04:00,40.28499984741211,40.290000915527344,40.060001373291016,40.13999938964844,2806,0.0,0.0
2024-09-24 09:45:00-04:00,40.150001525878906,40.189998626708984,39.939998626708984,40.189998626708984,1731,0.0,0.0
2024-09-24 09:50:00-04:00,40.38999938964844,40.38999938964844,40.38999938964844,40.38999938964844,220,0.0,0.0
2024-09-24 09:55:00-04:00,40.26499938964844,40.26499938964844,40.26499938964844,40.26499938964844,536,0.0,0.0
2024-09-24 10:00:00-04:00,40.16999816894531,40.16999816894531,39.970001220703125,40.15999984741211,1913,0.0,0.0
2024-09-24 10:05:00-04:00,40.09000015258789,40.189998626708984,40.02000045776367,40.18000030517578,4860,0.0,0.0
2024-09-24 10:10:00-04:00,40.16999816894531,40.16999816894531,40.16999816894531,40.16999816894531,281,0.0,0.0
2024-09-24 10:15:00-04:00,40.04999923706055,40.06999969482422,40.04999923706055,40.06999969482422,1625,0.0,0.0
2024-09-24 10:20:00-04:00,40.07500076293945,40.2599983215332,40.0,40.2599983215332,6786,0.0,0.0
2024-09-24 10:25:00-04:00,40.27000045776367,40.369998931884766,40.230899810791016,40.32500076293945,6348,0.0,0.0
2024-09-24 10:30:00-04:00,40.32500076293945,40.578800201416016,40.32500076293945,40.38999938964844,6021,0.0,0.0
2024-09-24 10:35:00-04:00,40.310001373291016,40.3849983215332,40.27000045776367,40.290000915527344,1434,0.0,0.0
2024-09-24 10:40:00-04:00,40.26499938964844,40.26499938964844,40.209999084472656,40.209999084472656,586,0.0,0.0
2024-09-24 10:45:00-04:00,40.150001525878906,40.150001525878906,40.150001525878906,40.150001525878906,334,0.0,0.0
2024-09-24 10:50:00-04:00,40.189998626708984,40.255001068115234,40.189998626708984,40.255001068115234,545,0.0,0.0
2024-09-24 10:55:00-04:00,40.26499938964844,40.33000183105469,40.209999084472656,40.209999084472656,792,0.0,0.0
2024-09-24 11:00:00-04:00,40.34000015258789,40.41999816894531,40.33000183105469,40.41999816894531,3673,0.0,0.0
2024-09-24 11:10:00-04:00,40.5099983215332,40.599998474121094,40.43000030517578,40.470001220703125,5283,0.0,0.0
2024-09-24 11:15:00-04:00,40.48500061035156,40.48500061035156,40.48500061035156,40.48500061035156,218,0.0,0.0
2024-09-24 11:20:00-04:00,40.459999084472656,40.459999084472656,40.43000030517578,40.45000076293945,684,0.0,0.0
2024-09-24 11:25:00-04:00,40.43000030517578,40.52000045776367,40.43000030517578,40.52000045776367,325,0.0,0.0
2024-09-24 11:30:00-04:00,40.439998626708984,40.529998779296875,40.439998626708984,40.529998779296875,419,0.0,0.0
2024-09-24 11:35:00-04:00,40.459999084472656,40.529998779296875,40.459999084472656,40.505001068115234,633,0.0,0.0
2024-09-24 11:40:00-04:00,40.505001068115234,40.505001068115234,40.505001068115234,40.505001068115234,480,0.0,0.0
2024-09-24 11:45:00-04:00,40.540000915527344,40.54999923706055,40.41999816894531,40.41999816894531,6937,0.0,0.0
2024-09-24 11:50:00-04:00,40.404998779296875,40.56999969482422,40.404998779296875,40.529998779296875,2394,0.0,0.0
2024-09-24 11:55:00-04:00,40.53499984741211,40.540000915527344,40.53499984741211,40.540000915527344,328,0.0,0.0
2024-09-24 12:00:00-04:00,40.540000915527344,40.540000915527344,40.540000915527344,40.540000915527344,139,0.0,0.0
2024-09-24 12:05:00-04:00,40.494998931884766,40.494998931884766,40.4203987121582,40.4203987121582,2764,0.0,0.0
2024-09-24 12:10:00-04:00,40.459999084472656,40.529998779296875,40.459999084472656,40.529998779296875,840,0.0,0.0
2024-09-24 12:15:00-04:00,40.5099983215332,40.540000915527344,40.47999954223633,40.47999954223633,5259,0.0,0.0
2024-09-24 12:20:00-04:00,40.494998931884766,40.494998931884766,40.369998931884766,40.38999938964844,3972,0.0,0.0
2024-09-24 12:25:00-04:00,40.3849983215332,40.3849983215332,40.2599983215332,40.34000015258789,3575,0.0,0.0
2024-09-24 12:30:00-04:00,40.33000183105469,40.33000183105469,40.15999984741211,40.15999984741211,4554,0.0,0.0
2024-09-24 12:35:00-04:00,40.15999984741211,40.15999984741211,40.13999938964844,40.15999984741211,831,0.0,0.0
2024-09-24 12:40:00-04:00,40.15999984741211,40.2599983215332,40.15999984741211,40.220001220703125,3816,0.0,0.0
2024-09-24 12:45:00-04:00,40.2599983215332,40.2599983215332,40.09000015258789,40.130001068115234,8319,0.0,0.0
2024-09-24 12:50:00-04:00,40.09000015258789,40.130001068115234,40.08000183105469,40.130001068115234,2847,0.0,0.0
2024-09-24 12:55:00-04:00,40.130001068115234,40.380001068115234,40.09000015258789,40.31999969482422,6657,0.0,0.0
2024-09-24 13:00:00-04:00,40.31999969482422,40.33000183105469,40.279998779296875,40.33000183105469,1881,0.0,0.0
2024-09-24 13:05:00-04:00,40.33000183105469,40.439998626708984,40.33000183105469,40.33000183105469,3282,0.0,0.0
2024-09-24 13:10:00-04:00,40.34320068359375,40.470001220703125,40.34320068359375,40.459999084472656,6608,0.0,0.0
2024-09-24 13:15:00-04:00,40.47999954223633,40.47999954223633,40.459999084472656,40.474998474121094,1449,0.0,0.0
2024-09-24 13:20:00-04:00,40.5,40.650001525878906,40.5,40.54999923706055,3838,0.0,0.0
2024-09-24 13:25:00-04:00,40.5099983215332,40.540000915527344,40.5,40.529998779296875,2345,0.0,0.0
2024-09-24 13:30:00-04:00,40.540000915527344,40.630001068115234,40.4900016784668,40.630001068115234,5861,0.0,0.0
2024-09-24 13:35:00-04:00,40.63999938964844,40.63999938964844,40.56999969482422,40.59000015258789,3357,0.0,0.0
2024-09-24 13:40:00-04:00,40.61000061035156,40.66999816894531,40.61000061035156,40.630001068115234,3594,0.0,0.0
2024-09-24 13:45:00-04:00,40.630001068115234,40.630001068115234,40.47999954223633,40.529998779296875,7897,0.0,0.0
2024-09-24 13:50:00-04:00,40.5099983215332,40.599998474121094,40.5099983215332,40.599998474121094,2381,0.0,0.0
2024-09-24 13:55:00-04:00,40.619998931884766,40.65999984741211,40.599998474121094,40.65999984741211,2611,0.0,0.0
2024-09-24 14:00:00-04:00,40.630001068115234,40.650001525878906,40.59000015258789,40.59000015258789,4847,0.0,0.0
2024-09-24 14:05:00-04:00,40.560001373291016,40.56999969482422,40.54999923706055,40.54999923706055,1981,0.0,0.0
2024-09-24 14:10:00-04:00,40.52000045776367,40.52000045776367,40.47999954223633,40.5099983215332,4594,0.0,0.0
2024-09-24 14:15:00-04:00,40.5099983215332,40.54999923706055,40.45000076293945,40.459999084472656,4914,0.0,0.0
2024-09-24 14:20:00-04:00,40.470001220703125,40.525001525878906,40.470001220703125,40.5099983215332,4049,0.0,0.0
2024-09-24 14:25:00-04:00,40.52000045776367,40.529998779296875,40.380001068115234,40.494998931884766,8918,0.0,0.0
2024-09-24 14:30:00-04:00,40.470001220703125,40.5099983215332,40.459999084472656,40.5099983215332,2521,0.0,0.0
2024-09-24 14:35:00-04:00,40.51499938964844,40.56999969482422,40.51499938964844,40.52000045776367,2939,0.0,0.0
2024-09-24 14:40:00-04:00,40.5099983215332,40.5099983215332,40.459999084472656,40.470001220703125,3905,0.0,0.0
2024-09-24 14:45:00-04:00,40.5,40.529998779296875,40.47999954223633,40.47999954223633,3306,0.0,0.0
2024-09-24 14:50:00-04:00,40.5,40.52000045776367,40.47999954223633,40.4900016784668,5619,0.0,0.0
2024-09-24 14:55:00-04:00,40.5,40.5,40.38999938964844,40.43000030517578,7281,0.0,0.0
2024-09-24 15:00:00-04:00,40.43000030517578,40.5,40.415000915527344,40.48500061035156,3685,0.0,0.0
2024-09-24 15:05:00-04:00,40.5,40.529998779296875,40.470001220703125,40.52000045776367,5472,0.0,0.0
2024-09-24 15:10:00-04:00,40.540000915527344,40.540000915527344,40.36000061035156,40.36000061035156,4443,0.0,0.0
2024-09-24 15:15:00-04:00,40.36000061035156,40.38999938964844,40.33000183105469,40.36000061035156,3439,0.0,0.0
2024-09-24 15:20:00-04:00,40.400001525878906,40.41999816894531,40.369998931884766,40.41999816894531,6536,0.0,0.0
2024-09-24 15:25:00-04:00,40.400001525878906,40.46500015258789,40.38999938964844,40.46500015258789,6253,0.0,0.0
2024-09-24 15:30:00-04:00,40.45000076293945,40.45000076293945,40.38999938964844,40.435001373291016,6006,0.0,0.0
2024-09-24 15:35:00-04:00,40.435001373291016,40.45000076293945,40.380001068115234,40.38999938964844,6578,0.0,0.0
2024-09-24 15:40:00-04:00,40.3849983215332,40.400001525878906,40.27000045776367,40.400001525878906,6860,0.0,0.0
2024-09-24 15:45:00-04:00,40.404998779296875,40.404998779296875,40.2400016784668,40.275001525878906,10225,0.0,0.0
2024-09-24 15:50:00-04:00,40.310001373291016,40.439998626708984,40.29999923706055,40.439998626708984,12282,0.0,0.0
2024-09-24 15:55:00-04:00,40.459999084472656,40.459999084472656,40.290000915527344,40.45000076293945,35031,0.0,0.0
2024-09-25 09:30:00-04:00,40.459999084472656,40.56999969482422,40.220001220703125,40.56999969482422,133243,0.0,0.0
2024-09-25 09:35:00-04:00,40.13999938964844,40.13999938964844,40.06999969482422,40.099998474121094,1097,0.0,0.0
2024-09-25 09:40:00-04:00,40.08000183105469,40.60329818725586,39.97999954223633,39.9900016784668,1974,0.0,0.0
2024-09-25 09:45:00-04:00,39.970001220703125,40.029998779296875,39.900001525878906,39.92190170288086,1957,0.0,0.0
2024-09-25 09:50:00-04:00,39.93000030517578,40.220001220703125,39.89500045776367,40.02000045776367,6410,0.0,0.0
2024-09-25 09:55:00-04:00,40.07500076293945,40.20000076293945,39.959999084472656,40.0099983215332,13479,0.0,0.0
2024-09-25 10:00:00-04:00,40.099998474121094,40.33000183105469,40.029998779296875,40.279998779296875,5428,0.0,0.0
2024-09-25 10:05:00-04:00,40.34000015258789,40.47999954223633,40.34000015258789,40.459999084472656,2862,0.0,0.0
2024-09-25 10:10:00-04:00,40.47999954223633,40.47999954223633,40.209999084472656,40.209999084472656,2586,0.0,0.0
2024-09-25 10:15:00-04:00,40.220001220703125,40.220001220703125,40.220001220703125,40.220001220703125,411,0.0,0.0
2024-09-25 10:20:00-04:00,40.18000030517578,40.18000030517578,40.064998626708984,40.07500076293945,3085,0.0,0.0
2024-09-25 10:25:00-04:00,40.060001373291016,40.078399658203125,40.060001373291016,40.06999969482422,934,0.0,0.0
2024-09-25 10:30:00-04:00,40.150001525878906,40.189998626708984,40.11000061035156,40.189998626708984,3544,0.0,0.0
2024-09-25 10:35:00-04:00,40.20000076293945,40.22999954223633,40.20000076293945,40.220001220703125,1423,0.0,0.0
2024-09-25 10:40:00-04:00,40.20000076293945,40.220001220703125,40.130001068115234,40.130001068115234,3385,0.0,0.0
2024-09-25 10:45:00-04:00,40.150001525878906,40.150001525878906,40.150001525878906,40.150001525878906,313,0.0,0.0
2024-09-25 10:50:00-04:00,40.095001220703125,40.095001220703125,40.095001220703125,40.095001220703125,2558,0.0,0.0
2024-09-25 11:00:00-04:00,40.11000061035156,40.11000061035156,40.11000061035156,40.11000061035156,605,0.0,0.0
2024-09-25 11:05:00-04:00,40.08000183105469,40.15999984741211,40.060001373291016,40.06999969482422,2025,0.0,0.0
2024-09-25 11:10:00-04:00,40.06999969482422,40.06999969482422,39.959999084472656,39.959999084472656,1560,0.0,0.0
2024-09-25 11:15:00-04:00,39.959999084472656,39.959999084472656,39.88999938964844,39.95000076293945,2706,0.0,0.0
2024-09-25 11:20:00-04:00,39.95000076293945,40.060001373291016,39.92499923706055,40.04999923706055,6327,0.0,0.0
2024-09-25 11:25:00-04:00,40.04999923706055,40.06999969482422,39.959999084472656,39.959999084472656,16748,0.0,0.0
2024-09-25 11:30:00-04:00,39.93000030517578,40.0,39.880001068115234,40.0,8629,0.0,0.0
2024-09-25 11:35:00-04:00,39.9900016784668,40.02000045776367,39.9900016784668,40.02000045776367,2462,0.0,0.0
2024-09-25 11:40:00-04:00,40.01499938964844,40.01499938964844,39.75,39.75,3809,0.0,0.0
2024-09-25 11:45:00-04:00,39.8650016784668,39.869998931884766,39.8650016784668,39.869998931884766,609,0.0,0.0
2024-09-25 11:50:00-04:00,39.90999984741211,39.91999816894531,39.90999984741211,39.91999816894531,484,0.0,0.0
2024-09-25 11:55:00-04:00,39.93000030517578,39.93000030517578,39.869998931884766,39.869998931884766,1095,0.0,0.0
2024-09-25 12:00:00-04:00,39.90999984741211,39.91999816894531,39.900001525878906,39.91999816894531,1119,0.0,0.0
2024-09-25 12:05:00-04:00,39.880001068115234,40.0,39.869998931884766,40.0,5699,0.0,0.0
2024-09-25 12:10:00-04:00,40.005001068115234,40.005001068115234,39.959999084472656,39.970001220703125,969,0.0,0.0
2024-09-25 12:15:00-04:00,40.0,40.0,40.0,40.0,873,0.0,0.0
2024-09-25 12:20:00-04:00,39.95000076293945,39.95000076293945,39.90999984741211,39.90999984741211,1889,0.0,0.0
2024-09-25 12:25:00-04:00,39.93000030517578,39.95500183105469,39.93000030517578,39.95500183105469,745,0.0,0.0
2024-09-25 12:30:00-04:00,39.97999954223633,39.97999954223633,39.91999816894531,39.959999084472656,2114,0.0,0.0
2024-09-25 12:35:00-04:00,39.939998626708984,39.939998626708984,39.939998626708984,39.939998626708984,636,0.0,0.0
2024-09-25 12:40:00-04:00,39.959999084472656,39.959999084472656,39.85499954223633,39.86000061035156,3010,0.0,0.0
2024-09-25 12:45:00-04:00,39.88999938964844,39.88999938964844,39.849998474121094,39.849998474121094,851,0.0,0.0
2024-09-25 12:50:00-04:00,39.880001068115234,39.88999938964844,39.83000183105469,39.880001068115234,2914,0.0,0.0
2024-09-25 12:55:00-04:00,39.8650016784668,39.8650016784668,39.689998626708984,39.689998626708984,4287,0.0,0.0
2024-09-25 13:00:00-04:00,39.689998626708984,39.689998626708984,39.58000183105469,39.650001525878906,2608,0.0,0.0
2024-09-25 13:05:00-04:00,39.54999923706055,39.599998474121094,39.54999923706055,39.57500076293945,1101,0.0,0.0
2024-09-25 13:10:00-04:00,39.529998779296875,39.54999923706055,39.33000183105469,39.36000061035156,4040,0.0,0.0
2024-09-25 13:15:00-04:00,39.36000061035156,39.400001525878906,39.2599983215332,39.2599983215332,1922,0.0,0.0
2024-09-25 13:20:00-04:00,39.316001892089844,39.329898834228516,39.316001892089844,39.329898834228516,1291,0.0,0.0
2024-09-25 13:25:00-04:00,39.275001525878906,39.31999969482422,39.2400016784668,39.2400016784668,10336,0.0,0.0
2024-09-25 13:30:00-04:00,39.27000045776367,39.290000915527344,39.15999984741211,39.20000076293945,2650,0.0,0.0
2024-09-25 13:35:00-04:00,39.20000076293945,39.290000915527344,39.15999984741211,39.22999954223633,5308,0.0,0.0
2024-09-25 13:40:00-04:00,39.220001220703125,39.38999938964844,39.19499969482422,39.38999938964844,13934,0.0,0.0
2024-09-25 13:45:00-04:00,39.38999938964844,39.47999954223633,39.349998474121094,39.47999954223633,5578,0.0,0.0
2024-09-25 13:50:00-04:00,39.61000061035156,39.709999084472656,39.61000061035156,39.709999084472656,2570,0.0,0.0
2024-09-25 13:55:00-04:00,39.709999084472656,39.869998931884766,39.709999084472656,39.77000045776367,9565,0.0,0.0
2024-09-25 14:00:00-04:00,39.779998779296875,39.88999938964844,39.70000076293945,39.79999923706055,21028,0.0,0.0
2024-09-25 14:05:00-04:00,39.790000915527344,39.880001068115234,39.790000915527344,39.869998931884766,7788,0.0,0.0
2024-09-25 14:10:00-04:00,39.869998931884766,40.04999923706055,39.869998931884766,40.0099983215332,4262,0.0,0.0
2024-09-25 14:15:00-04:00,40.0,40.0,39.834999084472656,39.89390182495117,4104,0.0,0.0
2024-09-25 14:20:00-04:00,39.834999084472656,39.970001220703125,39.5099983215332,39.54999923706055,10281,0.0,0.0
2024-09-25 14:25:00-04:00,39.47999954223633,39.72999954223633,39.459999084472656,39.61000061035156,11478,0.0,0.0
2024-09-25 14:30:00-04:00,39.61000061035156,39.66999816894531,39.36000061035156,39.470001220703125,9558,0.0,0.0
2024-09-25 14:35:00-04:00,39.380001068115234,39.5099983215332,39.380001068115234,39.5099983215332,9538,0.0,0.0
2024-09-25 14:40:00-04:00,39.46500015258789,39.5099983215332,39.400001525878906,39.435001373291016,9186,0.0,0.0
2024-09-25 14:45:00-04:00,39.435001373291016,39.52000045776367,39.43000030517578,39.52000045776367,10018,0.0,0.0
2024-09-25 14:50:00-04:00,39.540000915527344,39.540000915527344,39.43000030517578,39.470001220703125,7006,0.0,0.0
2024-09-25 14:55:00-04:00,39.540000915527344,39.619998931884766,39.540000915527344,39.619998931884766,4290,0.0,0.0
2024-09-25 15:00:00-04:00,39.619998931884766,39.619998931884766,39.41999816894531,39.45000076293945,9873,0.0,0.0
2024-09-25 15:05:00-04:00,39.380001068115234,39.470001220703125,39.380001068115234,39.435001373291016,6208,0.0,0.0
2024-09-25 15:10:00-04:00,39.439998626708984,39.650001525878906,39.439998626708984,39.650001525878906,16039,0.0,0.0
2024-09-25 15:15:00-04:00,39.63999938964844,39.68000030517578,39.61000061035156,39.63999938964844,11342,0.0,0.0
2024-09-25 15:20:00-04:00,39.63999938964844,39.68000030517578,39.54999923706055,39.66999816894531,17978,0.0,0.0
2024-09-25 15:25:00-04:00,39.66999816894531,39.814998626708984,39.650001525878906,39.810001373291016,8891,0.0,0.0
2024-09-25 15:30:00-04:00,39.86000061035156,39.86000061035156,39.810001373291016,39.86000061035156,7137,0.0,0.0
2024-09-25 15:35:00-04:00,39.81999969482422,39.83000183105469,39.709999084472656,39.7400016784668,13631,0.0,0.0
2024-09-25 15:40:00-04:00,39.7400016784668,39.90999984741211,39.720001220703125,39.81999969482422,19406,0.0,0.0
2024-09-25 15:45:00-04:00,39.79999923706055,39.880001068115234,39.79999923706055,39.869998931884766,15157,0.0,0.0
2024-09-25 15:50:00-04:00,39.869998931884766,39.869998931884766,39.7400016784668,39.81999969482422,27514,0.0,0.0
2024-09-25 15:55:00-04:00,39.81999969482422,39.900001525878906,39.75,39.88999938964844,72136,0.0,0.0
2024-09-26 09:30:00-04:00,40.130001068115234,40.345001220703125,40.130001068115234,40.31999969482422,8306,0.0,0.0
2024-09-26 09:35:00-04:00,40.29999923706055,40.619998931884766,40.29999923706055,40.40999984741211,5701,0.0,0.0
2024-09-26 09:40:00-04:00,40.30500030517578,40.30500030517578,40.30500030517578,40.30500030517578,140,0.0,0.0
2024-09-26 09:45:00-04:00,40.45000076293945,40.61000061035156,40.439998626708984,40.61000061035156,2267,0.0,0.0
2024-09-26 09:50:00-04:00,40.66999816894531,40.66999816894531,40.5,40.59000015258789,515,0.0,0.0
2024-09-26 09:55:00-04:00,40.54999923706055,40.54999923706055,40.54999923706055,40.54999923706055,264,0.0,0.0
2024-09-26 10:00:00-04:00,40.54999923706055,40.95000076293945,40.54999923706055,40.7599983215332,4728,0.0,0.0
2024-09-26 10:05:00-04:00,40.97999954223633,40.97999954223633,40.65999984741211,40.66999816894531,4934,0.0,0.0
2024-09-26 10:10:00-04:00,40.625,40.625,40.625,40.625,113,0.0,0.0
2024-09-26 10:15:00-04:00,40.619998931884766,40.65999984741211,40.619998931884766,40.65999984741211,966,0.0,0.0
2024-09-26 10:20:00-04:00,40.619998931884766,40.63999938964844,40.52000045776367,40.52000045776367,2517,0.0,0.0
2024-09-26 10:25:00-04:00,40.61000061035156,40.650001525878906,40.52000045776367,40.52000045776367,4673,0.0,0.0
2024-09-26 10:30:00-04:00,40.5099983215332,40.560001373291016,40.45500183105469,40.54999923706055,3730,0.0,0.0
2024-09-26 10:35:00-04:00,40.599998474121094,40.68000030517578,40.56999969482422,40.68000030517578,977,0.0,0.0
2024-09-26 10:40:00-04:00,40.63999938964844,40.63999938964844,40.41999816894531,40.46500015258789,4044,0.0,0.0
2024-09-26 10:50:00-04:00,40.41999816894531,40.43000030517578,40.41999816894531,40.43000030517578,401,0.0,0.0
2024-09-26 10:55:00-04:00,40.38999938964844,40.400001525878906,40.20000076293945,40.220001220703125,5308,0.0,0.0
2024-09-26 11:00:00-04:00,40.16999816894531,40.220001220703125,40.16999816894531,40.220001220703125,360,0.0,0.0
2024-09-26 11:05:00-04:00,40.25,40.279998779296875,40.18000030517578,40.279998779296875,3935,0.0,0.0
2024-09-26 11:10:00-04:00,40.279998779296875,40.279998779296875,40.22999954223633,40.2400016784668,3364,0.0,0.0
2024-09-26 11:15:00-04:00,40.2599983215332,40.33000183105469,40.25,40.290000915527344,4763,0.0,0.0
2024-09-26 11:20:00-04:00,40.27000045776367,40.380001068115234,40.220001220703125,40.380001068115234,4783,0.0,0.0
2024-09-26 11:25:00-04:00,40.31999969482422,40.31999969482422,40.220001220703125,40.220001220703125,2842,0.0,0.0
2024-09-26 11:30:00-04:00,40.279998779296875,40.43000030517578,40.279998779296875,40.43000030517578,3428,0.0,0.0
2024-09-26 11:35:00-04:00,40.40999984741211,40.525001525878906,40.36000061035156,40.525001525878906,4858,0.0,0.0
2024-09-26 11:40:00-04:00,40.5099983215332,40.560001373291016,40.470001220703125,40.5,4414,0.0,0.0
2024-09-26 11:45:00-04:00,40.470001220703125,40.4900016784668,40.36000061035156,40.36000061035156,3740,0.0,0.0
2024-09-26 11:50:00-04:00,40.404998779296875,40.459999084472656,40.369998931884766,40.459999084472656,1502,0.0,0.0
2024-09-26 11:55:00-04:00,40.43000030517578,40.55500030517578,40.400001525878906,40.55500030517578,3297,0.0,0.0
2024-09-26 12:00:00-04:00,40.560001373291016,40.56999969482422,40.34000015258789,40.380001068115234,8435,0.0,0.0
2024-09-26 12:05:00-04:00,40.415000915527344,40.415000915527344,40.369998931884766,40.369998931884766,900,0.0,0.0
2024-09-26 12:10:00-04:00,40.36000061035156,40.40999984741211,40.349998474121094,40.40999984741211,1905,0.0,0.0
2024-09-26 12:15:00-04:00,40.369998931884766,40.40999984741211,40.349998474121094,40.40999984741211,1902,0.0,0.0
2024-09-26 12:20:00-04:00,40.40999984741211,40.43000030517578,40.349998474121094,40.43000030517578,5668,0.0,0.0
2024-09-26 12:25:00-04:00,40.43000030517578,40.43000030517578,40.38750076293945,40.38750076293945,2604,0.0,0.0
2024-09-26 12:30:00-04:00,40.369998931884766,40.45000076293945,40.2599983215332,40.41999816894531,4661,0.0,0.0
2024-09-26 12:35:00-04:00,40.43000030517578,40.439998626708984,40.40999984741211,40.41999816894531,4264,0.0,0.0
2024-09-26 12:40:00-04:00,40.40999984741211,40.439998626708984,40.29999923706055,40.349998474121094,13657,0.0,0.0
2024-09-26 12:45:00-04:00,40.36000061035156,40.36000061035156,40.33000183105469,40.33000183105469,1253,0.0,0.0
2024-09-26 12:50:00-04:00,40.369998931884766,40.40999984741211,40.33000183105469,40.349998474121094,3162,0.0,0.0
2024-09-26 12:55:00-04:00,40.349998474121094,40.36000061035156,40.25,40.2599983215332,5322,0.0,0.0
2024-09-26 13:00:00-04:00,40.25,40.310001373291016,40.25,40.310001373291016,2363,0.0,0.0
2024-09-26 13:05:00-04:00,40.29999923706055,40.349998474121094,40.290000915527344,40.290000915527344,2751,0.0,0.0
2024-09-26 13:10:00-04:00,40.29499816894531,40.29750061035156,40.27000045776367,40.279998779296875,2131,0.0,0.0
2024-09-26 13:15:00-04:00,40.279998779296875,40.31999969482422,40.14500045776367,40.14500045776367,4946,0.0,0.0
2024-09-26 13:20:00-04:00,40.150001525878906,40.25,40.150001525878906,40.20000076293945,3090,0.0,0.0
2024-09-26 13:25:00-04:00,40.16999816894531,40.2400016784668,40.16999816894531,40.220001220703125,1532,0.0,0.0
2024-09-26 13:30:00-04:00,40.255001068115234,40.2599983215332,40.220001220703125,40.25,2246,0.0,0.0
2024-09-26 13:35:00-04:00,40.290000915527344,40.290000915527344,40.130001068115234,40.130001068115234,6352,0.0,0.0
2024-09-26 13:40:00-04:00,40.130001068115234,40.130001068115234,40.0,40.0099983215332,3939,0.0,0.0
2024-09-26 13:45:00-04:00,40.02000045776367,40.029998779296875,40.0,40.029998779296875,1609,0.0,0.0
2024-09-26 13:50:00-04:00,40.0,40.1150016784668,39.97999954223633,39.9900016784668,6413,0.0,0.0
2024-09-26 13:55:00-04:00,39.9900016784668,40.04999923706055,39.9900016784668,40.0,3988,0.0,0.0
2024-09-26 14:00:00-04:00,40.060001373291016,40.06999969482422,40.0099983215332,40.06999969482422,1749,0.0,0.0
2024-09-26 14:05:00-04:00,40.029998779296875,40.029998779296875,39.91999816894531,39.91999816894531,6687,0.0,0.0
2024-09-26 14:10:00-04:00,39.93000030517578,39.99359893798828,39.93000030517578,39.99359893798828,1876,0.0,0.0
2024-09-26 14:15:00-04:00,39.95000076293945,40.029998779296875,39.95000076293945,39.9900016784668,2697,0.0,0.0
2024-09-26 14:20:00-04:00,40.029998779296875,40.029998779296875,39.95000076293945,40.029998779296875,1734,0.0,0.0
2024-09-26 14:25:00-04:00,40.029998779296875,40.029998779296875,39.939998626708984,39.95000076293945,5591,0.0,0.0
2024-09-26 14:30:00-04:00,39.96500015258789,40.10499954223633,39.93000030517578,40.099998474121094,5058,0.0,0.0
2024-09-26 14:35:00-04:00,40.099998474121094,40.2599983215332,40.099998474121094,40.20000076293945,28247,0.0,0.0
2024-09-26 14:40:00-04:00,40.20500183105469,40.209999084472656,40.09000015258789,40.09000015258789,10093,0.0,0.0
2024-09-26 14:45:00-04:00,40.09000015258789,40.099998474121094,40.0099983215332,40.01499938964844,3735,0.0,0.0
2024-09-26 14:50:00-04:00,40.01499938964844,40.099998474121094,40.01499938964844,40.060001373291016,4811,0.0,0.0
2024-09-26 14:55:00-04:00,40.04999923706055,40.04999923706055,39.88999938964844,39.904998779296875,5900,0.0,0.0
2024-09-26 15:00:00-04:00,39.93000030517578,40.09000015258789,39.93000030517578,40.029998779296875,5613,0.0,0.0
2024-09-26 15:05:00-04:00,40.040000915527344,40.099998474121094,40.029998779296875,40.084999084472656,6195,0.0,0.0
2024-09-26 15:10:00-04:00,40.08000183105469,40.099998474121094,40.029998779296875,40.029998779296875,5856,0.0,0.0
2024-09-26 15:15:00-04:00,40.060001373291016,40.060001373291016,39.88999938964844,39.88999938964844,5241,0.0,0.0
2024-09-26 15:20:00-04:00,39.939998626708984,39.95000076293945,39.81999969482422,39.84000015258789,7433,0.0,0.0
2024-09-26 15:25:00-04:00,39.81999969482422,39.869998931884766,39.81999969482422,39.869998931884766,1718,0.0,0.0
2024-09-26 15:30:00-04:00,39.86000061035156,39.86000061035156,39.72999954223633,39.7599983215332,6039,0.0,0.0
2024-09-26 15:35:00-04:00,39.755001068115234,39.779998779296875,39.63999938964844,39.75,8179,0.0,0.0
2024-09-26 15:40:00-04:00,39.7599983215332,39.81439971923828,39.7599983215332,39.81439971923828,3207,0.0,0.0
2024-09-26 15:45:00-04:00,39.79999923706055,39.81999969482422,39.61000061035156,39.68000030517578,14796,0.0,0.0
2024-09-26 15:50:00-04:00,39.70000076293945,39.77000045776367,39.61000061035156,39.665000915527344,17963,0.0,0.0
2024-09-26 15:55:00-04:00,39.68000030517578,39.68000030517578,39.529998779296875,39.59000015258789,48390,0.0,0.0
2024-09-27 09:30:00-04:00,39.619998931884766,39.619998931884766,39.310001373291016,39.529998779296875,36583,0.0,0.0
2024-09-27 09:35:00-04:00,39.56999969482422,39.59000015258789,39.20000076293945,39.334999084472656,3155,0.0,0.0
2024-09-27 09:40:00-04:00,39.29999923706055,39.470001220703125,39.169498443603516,39.169498443603516,1238,0.0,0.0
2024-09-27 09:45:00-04:00,39.32500076293945,39.32500076293945,39.0,39.0,2422,0.0,0.0
2024-09-27 09:50:00-04:00,39.040000915527344,39.31999969482422,38.88999938964844,39.31999969482422,7038,0.0,0.0
2024-09-27 09:55:00-04:00,39.33000183105469,39.41999816894531,39.32500076293945,39.32500076293945,2291,0.0,0.0
2024-09-27 10:00:00-04:00,39.349998474121094,39.45000076293945,39.314998626708984,39.45000076293945,3718,0.0,0.0
2024-09-27 10:05:00-04:00,39.42729949951172,39.45000076293945,39.310001373291016,39.45000076293945,3076,0.0,0.0
2024-09-27 10:10:00-04:00,39.470001220703125,39.619998931884766,39.470001220703125,39.529998779296875,1984,0.0,0.0
2024-09-27 10:15:00-04:00,39.5900993347168,39.66619873046875,39.52000045776367,39.59000015258789,3989,0.0,0.0
2024-09-27 10:20:00-04:00,39.59000015258789,39.81999969482422,39.59000015258789,39.81999969482422,2829,0.0,0.0
2024-09-27 10:25:00-04:00,39.81999969482422,39.93989944458008,39.790000915527344,39.849998474121094,3715,0.0,0.0
2024-09-27 10:30:00-04:00,39.900001525878906,39.90999984741211,39.7400016784668,39.75,4461,0.0,0.0
2024-09-27 10:35:00-04:00,39.73500061035156,39.84000015258789,39.630001068115234,39.66999816894531,6817,0.0,0.0
2024-09-27 10:40:00-04:00,39.64500045776367,39.70000076293945,39.630001068115234,39.665000915527344,4894,0.0,0.0
2024-09-27 10:45:00-04:00,39.709999084472656,39.72999954223633,39.68000030517578,39.72999954223633,3353,0.0,0.0
2024-09-27 10:50:00-04:00,39.66999816894531,39.66999816894531,39.61000061035156,39.61000061035156,2361,0.0,0.0
2024-09-27 10:55:00-04:00,39.619998931884766,39.65999984741211,39.56999969482422,39.58000183105469,3569,0.0,0.0
2024-09-27 11:00:00-04:00,39.61000061035156,39.619998931884766,39.5,39.51499938964844,8800,0.0,0.0
2024-09-27 11:05:00-04:00,39.54999923706055,39.689998626708984,39.5099983215332,39.66999816894531,6262,0.0,0.0
2024-09-27 11:10:00-04:00,39.71500015258789,39.72999954223633,39.59000015258789,39.625,3637,0.0,0.0
2024-09-27 11:15:00-04:00,39.625,39.709999084472656,39.625,39.630001068115234,4369,0.0,0.0
2024-09-27 11:20:00-04:00,39.650001525878906,39.709999084472656,39.630001068115234,39.65999984741211,3388,0.0,0.0
2024-09-27 11:25:00-04:00,39.630001068115234,39.665000915527344,39.4900016784668,39.630001068115234,6006,0.0,0.0
2024-09-27 11:30:00-04:00,39.650001525878906,39.95500183105469,39.61000061035156,39.91999816894531,4668,0.0,0.0
2024-09-27 11:35:00-04:00,39.90999984741211,39.9900016784668,39.84000015258789,39.90999984741211,2563,0.0,0.0
2024-09-27 11:40:00-04:00,39.84000015258789,39.91999816894531,39.83000183105469,39.84000015258789,1355,0.0,0.0
2024-09-27 11:45:00-04:00,39.8650016784668,39.8650016784668,39.689998626708984,39.70500183105469,2735,0.0,0.0
2024-09-27 11:50:00-04:00,39.709999084472656,39.77000045776367,39.70500183105469,39.7400016784668,1245,0.0,0.0
2024-09-27 11:55:00-04:00,39.7400016784668,39.779998779296875,39.7400016784668,39.7400016784668,1727,0.0,0.0
2024-09-27 12:00:00-04:00,39.73500061035156,39.77000045776367,39.73500061035156,39.75,966,0.0,0.0
2024-09-27 12:05:00-04:00,39.72999954223633,39.810001373291016,39.72999954223633,39.779998779296875,5727,0.0,0.0
2024-09-27 12:10:00-04:00,39.75,39.755001068115234,39.599998474121094,39.6150016784668,4946,0.0,0.0
2024-09-27 12:15:00-04:00,39.650001525878906,39.68000030517578,39.625,39.68000030517578,2293,0.0,0.0
2024-09-27 12:20:00-04:00,39.689998626708984,39.75,39.65999984741211,39.689998626708984,2778,0.0,0.0
2024-09-27 12:25:00-04:00,39.689998626708984,39.7599983215332,39.65999984741211,39.7599983215332,4344,0.0,0.0
2024-09-27 12:30:00-04:00,39.81999969482422,39.81999969482422,39.70000076293945,39.709999084472656,2291,0.0,0.0
2024-09-27 12:35:00-04:00,39.672000885009766,39.70000076293945,39.63999938964844,39.689998626708984,2052,0.0,0.0
2024-09-27 12:40:00-04:00,39.67499923706055,39.70000076293945,39.59000015258789,39.59000015258789,2202,0.0,0.0
2024-09-27 12:45:00-04:00,39.595001220703125,39.63999938964844,39.595001220703125,39.6150016784668,1174,0.0,0.0
2024-09-27 12:50:00-04:00,39.599998474121094,39.75,39.56999969482422,39.75,4897,0.0,0.0
2024-09-27 12:55:00-04:00,39.720001220703125,39.7599983215332,39.65999984741211,39.65999984741211,1428,0.0,0.0
2024-09-27 13:00:00-04:00,39.70500183105469,39.75,39.689998626708984,39.71500015258789,2119,0.0,0.0
2024-09-27 13:05:00-04:00,39.73500061035156,39.75,39.529998779296875,39.529998779296875,4831,0.0,0.0
2024-09-27 13:10:00-04:00,39.529998779296875,39.599998474121094,39.529998779296875,39.599998474121094,4790,0.0,0.0
2024-09-27 13:15:00-04:00,39.599998474121094,39.67250061035156,39.58000183105469,39.67250061035156,2790,0.0,0.0
2024-09-27 13:20:00-04:00,39.720001220703125,39.77000045776367,39.70000076293945,39.7400016784668,2245,0.0,0.0
2024-09-27 13:25:00-04:00,39.7400016784668,39.7400016784668,39.6150016784668,39.724998474121094,4915,0.0,0.0
2024-09-27 13:30:00-04:00,39.73500061035156,39.73500061035156,39.63999938964844,39.63999938964844,1858,0.0,0.0
2024-09-27 13:35:00-04:00,39.72999954223633,39.72999954223633,39.650001525878906,39.69499969482422,1256,0.0,0.0
2024-09-27 13:40:00-04:00,39.654998779296875,39.720001220703125,39.64500045776367,39.665000915527344,1863,0.0,0.0
2024-09-27 13:45:00-04:00,39.66999816894531,39.77000045776367,39.63999938964844,39.77000045776367,6607,0.0,0.0
2024-09-27 13:50:00-04:00,39.810001373291016,39.84000015258789,39.720001220703125,39.72999954223633,3742,0.0,0.0
2024-09-27 13:55:00-04:00,39.68000030517578,39.7599983215332,39.68000030517578,39.724998474121094,1131,0.0,0.0
2024-09-27 14:00:00-04:00,39.7599983215332,39.77000045776367,39.7400016784668,39.744998931884766,2176,0.0,0.0
2024-09-27 14:05:00-04:00,39.7400016784668,39.90999984741211,39.7400016784668,39.89500045776367,3733,0.0,0.0
2024-09-27 14:10:00-04:00,39.90999984741211,39.932498931884766,39.880001068115234,39.880001068115234,2188,0.0,0.0
2024-09-27 14:15:00-04:00,39.91999816894531,39.91999816894531,39.84000015258789,39.845001220703125,2839,0.0,0.0
2024-09-27 14:20:00-04:00,39.86000061035156,39.900001525878906,39.849998474121094,39.880001068115234,2558,0.0,0.0
2024-09-27 14:25:00-04:00,39.86000061035156,39.86000061035156,39.77000045776367,39.79499816894531,2117,0.0,0.0
2024-09-27 14:30:00-04:00,39.72999954223633,39.7599983215332,39.65999984741211,39.70500183105469,4551,0.0,0.0
2024-09-27 14:35:00-04:00,39.68000030517578,39.81999969482422,39.68000030517578,39.81999969482422,4713,0.0,0.0
2024-09-27 14:40:00-04:00,39.79499816894531,39.80500030517578,39.7400016784668,39.7400016784668,3955,0.0,0.0
2024-09-27 14:45:00-04:00,39.810001373291016,39.880001068115234,39.810001373291016,39.869998931884766,3435,0.0,0.0
2024-09-27 14:50:00-04:00,39.875,39.90999984741211,39.869998931884766,39.90999984741211,2343,0.0,0.0
2024-09-27 14:55:00-04:00,39.90999984741211,40.0,39.900001525878906,39.900001525878906,6117,0.0,0.0
2024-09-27 15:00:00-04:00,39.939998626708984,40.0,39.88999938964844,39.96500015258789,3873,0.0,0.0
2024-09-27 15:05:00-04:00,39.95000076293945,39.97999954223633,39.91999816894531,39.970001220703125,3514,0.0,0.0
2024-09-27 15:10:00-04:00,39.91999816894531,39.932498931884766,39.709999084472656,39.709999084472656,7858,0.0,0.0
2024-09-27 15:15:00-04:00,39.7400016784668,39.77000045776367,39.650001525878906,39.769901275634766,12369,0.0,0.0
2024-09-27 15:20:00-04:00,39.7599983215332,39.83000183105469,39.7599983215332,39.79999923706055,4393,0.0,0.0
2024-09-27 15:25:00-04:00,39.810001373291016,39.85499954223633,39.790000915527344,39.849998474121094,7472,0.0,0.0
2024-09-27 15:30:00-04:00,39.834999084472656,39.880001068115234,39.83000183105469,39.849998474121094,6655,0.0,0.0
2024-09-27 15:35:00-04:00,39.86000061035156,39.869998931884766,39.77000045776367,39.77000045776367,8978,0.0,0.0
2024-09-27 15:40:00-04:00,39.790000915527344,39.880001068115234,39.77000045776367,39.845001220703125,11656,0.0,0.0
2024-09-27 15:45:00-04:00,39.84000015258789,39.869998931884766,39.75,39.76499938964844,12151,0.0,0.0
2024-09-27 15:50:00-04:00,39.779998779296875,39.779998779296875,39.68000030517578,39.724998474121094,24867,0.0,0.0
2024-09-27 15:55:00-04:00,39.720001220703125,39.720001220703125,39.52000045776367,39.54750061035156,78157,0.0,0.0
2024-09-30 09:30:00-04:00,39.130001068115234,39.13999938964844,39.099998474121094,39.099998474121094,34201,0.0,0.0
2024-09-30 09:35:00-04:00,39.0,39.310001373291016,39.0,39.14500045776367,9835,0.0,0.0
2024-09-30 09:40:00-04:00,39.209999084472656,39.35499954223633,39.209999084472656,39.35499954223633,4321,0.0,0.0
2024-09-30 09:45:00-04:00,39.279998779296875,39.279998779296875,39.279998779296875,39.279998779296875,256,0.0,0.0
2024-09-30 09:50:00-04:00,39.290000915527344,39.415000915527344,39.290000915527344,39.349998474121094,4064,0.0,0.0
2024-09-30 09:55:00-04:00,39.33000183105469,39.33000183105469,39.33000183105469,39.33000183105469,579,0.0,0.0
2024-09-30 10:00:00-04:00,39.33000183105469,39.41999816894531,39.33000183105469,39.400001525878906,2855,0.0,0.0
2024-09-30 10:05:00-04:00,39.47999954223633,39.625,39.439998626708984,39.439998626708984,4956,0.0,0.0
2024-09-30 10:10:00-04:00,39.439998626708984,39.439998626708984,39.290000915527344,39.290000915527344,1607,0.0,0.0
2024-09-30 10:15:00-04:00,39.334999084472656,39.334999084472656,39.099998474121094,39.099998474121094,7016,0.0,0.0
2024-09-30 10:25:00-04:00,39.189998626708984,39.189998626708984,39.150001525878906,39.150001525878906,659,0.0,0.0
2024-09-30 10:30:00-04:00,39.150001525878906,39.279998779296875,39.09000015258789,39.279998779296875,3063,0.0,0.0
2024-09-30 10:35:00-04:00,39.279998779296875,39.310001373291016,39.224998474121094,39.2599983215332,2772,0.0,0.0
2024-09-30 10:40:00-04:00,39.2599983215332,39.29999923706055,39.2599983215332,39.27000045776367,1632,0.0,0.0
2024-09-30 10:45:00-04:00,39.27000045776367,39.27000045776367,39.1150016784668,39.1150016784668,3089,0.0,0.0
2024-09-30 10:50:00-04:00,39.15999984741211,39.369998931884766,39.15999984741211,39.369998931884766,4531,0.0,0.0
2024-09-30 10:55:00-04:00,39.369998931884766,39.400001525878906,39.32500076293945,39.36000061035156,3389,0.0,0.0
2024-09-30 11:00:00-04:00,39.400001525878906,39.40999984741211,39.345001220703125,39.345001220703125,3017,0.0,0.0
2024-09-30 11:05:00-04:00,39.36000061035156,39.38999938964844,39.334999084472656,39.36000061035156,3242,0.0,0.0
2024-09-30 11:10:00-04:00,39.314998626708984,39.36000061035156,39.310001373291016,39.310001373291016,1734,0.0,0.0
2024-09-30 11:15:00-04:00,39.349998474121094,39.349998474121094,39.275001525878906,39.310001373291016,4393,0.0,0.0
2024-09-30 11:20:00-04:00,39.34000015258789,39.349998474121094,39.29499816894531,39.34000015258789,3305,0.0,0.0
2024-09-30 11:25:00-04:00,39.29999923706055,39.314998626708984,39.28499984741211,39.314998626708984,2625,0.0,0.0
2024-09-30 11:30:00-04:00,39.29999923706055,39.29999923706055,39.1349983215332,39.14500045776367,6548,0.0,0.0
2024-09-30 11:35:00-04:00,39.14500045776367,39.310001373291016,39.14500045776367,39.310001373291016,10181,0.0,0.0
2024-09-30 11:40:00-04:00,39.290000915527344,39.290000915527344,39.17499923706055,39.17499923706055,1746,0.0,0.0
2024-09-30 11:45:00-04:00,39.209999084472656,39.209999084472656,39.127498626708984,39.15999984741211,4154,0.0,0.0
2024-09-30 11:50:00-04:00,39.15999984741211,39.16999816894531,39.14500045776367,39.150001525878906,2369,0.0,0.0
2024-09-30 11:55:00-04:00,39.154998779296875,39.189998626708984,39.119998931884766,39.13999938964844,3453,0.0,0.0
2024-09-30 12:00:00-04:00,39.13999938964844,39.15999984741211,39.130001068115234,39.13999938964844,1676,0.0,0.0
2024-09-30 12:05:00-04:00,39.130001068115234,39.18000030517578,39.099998474121094,39.16999816894531,6893,0.0,0.0
2024-09-30 12:10:00-04:00,39.16999816894531,39.2599983215332,39.11000061035156,39.2599983215332,8380,0.0,0.0
2024-09-30 12:15:00-04:00,39.2599983215332,39.27000045776367,39.20000076293945,39.20000076293945,3330,0.0,0.0
2024-09-30 12:20:00-04:00,39.150001525878906,39.209999084472656,39.150001525878906,39.18000030517578,2456,0.0,0.0
2024-09-30 12:25:00-04:00,39.220001220703125,39.2400016784668,39.220001220703125,39.2400016784668,1967,0.0,0.0
2024-09-30 12:30:00-04:00,39.2400016784668,39.400001525878906,39.2400016784668,39.400001525878906,4529,0.0,0.0
2024-09-30 12:35:00-04:00,39.41999816894531,39.45000076293945,39.40999984741211,39.415000915527344,2417,0.0,0.0
2024-09-30 12:40:00-04:00,39.45000076293945,39.470001220703125,39.45000076293945,39.45000076293945,2457,0.0,0.0
2024-09-30 12:45:00-04:00,39.43000030517578,39.43000030517578,39.31999969482422,39.34000015258789,2512,0.0,0.0
2024-09-30 12:50:00-04:00,39.36000061035156,39.38999938964844,39.29999923706055,39.3650016784668,3225,0.0,0.0
2024-09-30 12:55:00-04:00,39.380001068115234,39.400001525878906,39.3650016784668,39.400001525878906,1875,0.0,0.0
2024-09-30 13:00:00-04:00,39.369998931884766,39.369998931884766,39.275001525878906,39.275001525878906,2051,0.0,0.0
2024-09-30 13:05:00-04:00,39.34000015258789,39.34000015258789,39.314998626708984,39.314998626708984,3692,0.0,0.0
2024-09-30 13:10:00-04:00,39.29999923706055,39.33000183105469,39.209999084472656,39.31999969482422,17848,0.0,0.0
2024-09-30 13:15:00-04:00,39.31999969482422,39.3849983215332,39.310001373291016,39.380001068115234,3810,0.0,0.0
2024-09-30 13:20:00-04:00,39.41999816894531,39.43000030517578,39.39500045776367,39.41999816894531,913,0.0,0.0
2024-09-30 13:25:00-04:00,39.41999816894531,39.41999816894531,39.34000015258789,39.38999938964844,6086,0.0,0.0
2024-09-30 13:30:00-04:00,39.3849983215332,39.40999984741211,39.3849983215332,39.40999984741211,2076,0.0,0.0
2024-09-30 13:35:00-04:00,39.40999984741211,39.40999984741211,39.38999938964844,39.400001525878906,4426,0.0,0.0
2024-09-30 13:40:00-04:00,39.400001525878906,39.5,39.39500045776367,39.4900016784668,6067,0.0,0.0
2024-09-30 13:45:00-04:00,39.470001220703125,39.470001220703125,39.45000076293945,39.46500015258789,842,0.0,0.0
2024-09-30 13:50:00-04:00,39.45000076293945,39.470001220703125,39.43000030517578,39.45000076293945,1204,0.0,0.0
2024-09-30 13:55:00-04:00,39.439998626708984,39.459999084472656,39.38999938964844,39.45000076293945,6290,0.0,0.0
2024-09-30 14:00:00-04:00,39.4375,39.46030044555664,39.4375,39.459999084472656,4605,0.0,0.0
2024-09-30 14:05:00-04:00,39.41999816894531,39.43000030517578,39.34749984741211,39.43000030517578,6101,0.0,0.0
2024-09-30 14:10:00-04:00,39.43000030517578,39.459999084472656,39.224998474121094,39.224998474121094,5511,0.0,0.0
2024-09-30 14:15:00-04:00,39.1974983215332,39.27000045776367,39.1974983215332,39.23500061035156,2734,0.0,0.0
2024-09-30 14:20:00-04:00,39.209999084472656,39.21500015258789,39.07500076293945,39.11000061035156,9139,0.0,0.0
2024-09-30 14:25:00-04:00,39.119998931884766,39.119998931884766,39.06999969482422,39.09000015258789,4879,0.0,0.0
2024-09-30 14:30:00-04:00,39.09000015258789,39.23500061035156,39.09000015258789,39.209999084472656,7198,0.0,0.0
2024-09-30 14:35:00-04:00,39.189998626708984,39.25,39.189998626708984,39.25,1421,0.0,0.0
2024-09-30 14:40:00-04:00,39.27000045776367,39.42499923706055,39.25,39.42499923706055,7310,0.0,0.0
2024-09-30 14:45:00-04:00,39.38999938964844,39.43000030517578,39.38999938964844,39.404998779296875,6565,0.0,0.0
2024-09-30 14:50:00-04:00,39.400001525878906,39.40999984741211,39.310001373291016,39.40999984741211,9801,0.0,0.0
2024-09-30 14:55:00-04:00,39.369998931884766,39.43000030517578,39.369998931884766,39.369998931884766,3489,0.0,0.0
2024-09-30 15:00:00-04:00,39.3650016784668,39.41999816894531,39.334999084472656,39.334999084472656,6303,0.0,0.0
2024-09-30 15:05:00-04:00,39.349998474121094,39.40999984741211,39.334999084472656,39.40999984741211,4690,0.0,0.0
2024-09-30 15:10:00-04:00,39.40999984741211,39.40999984741211,39.334999084472656,39.36000061035156,7391,0.0,0.0
2024-09-30 15:15:00-04:00,39.36000061035156,39.43000030517578,39.349998474121094,39.42499923706055,5112,0.0,0.0
2024-09-30 15:20:00-04:00,39.41999816894531,39.4900016784668,39.375,39.47999954223633,10183,0.0,0.0
2024-09-30 15:25:00-04:00,39.47999954223633,39.5,39.40999984741211,39.5,6871,0.0,0.0
2024-09-30 15:30:00-04:00,39.5099983215332,39.52000045776367,39.41999816894531,39.44499969482422,6909,0.0,0.0
2024-09-30 15:35:00-04:00,39.439998626708984,39.619998931884766,39.41999816894531,39.564998626708984,13408,0.0,0.0
2024-09-30 15:40:00-04:00,39.59000015258789,39.665000915527344,39.58000183105469,39.65999984741211,8623,0.0,0.0
2024-09-30 15:45:00-04:00,39.68000030517578,39.775001525878906,39.63999938964844,39.7599983215332,14458,0.0,0.0
2024-09-30 15:50:00-04:00,39.790000915527344,39.880001068115234,39.71500015258789,39.810001373291016,23806,0.0,0.0
2024-09-30 15:55:00-04:00,39.810001373291016,40.09000015258789,39.810001373291016,39.95000076293945,50270,0.0,0.0
2024-10-01 09:30:00-04:00,39.959999084472656,39.96500015258789,39.52000045776367,39.689998626708984,220708,0.0,0.0
2024-10-01 09:35:00-04:00,39.80500030517578,39.80500030517578,39.20000076293945,39.459999084472656,5073,0.0,0.0
2024-10-01 09:40:00-04:00,39.290000915527344,39.38999938964844,39.08000183105469,39.23500061035156,2452,0.0,0.0
2024-10-01 09:45:00-04:00,39.23500061035156,39.25,38.90999984741211,39.029998779296875,5537,0.0,0.0
2024-10-01 09:50:00-04:00,38.9900016784668,39.060001373291016,38.790000915527344,38.948001861572266,10949,0.0,0.0
2024-10-01 09:55:00-04:00,38.88999938964844,39.269901275634766,38.88999938964844,39.1349983215332,3402,0.0,0.0
2024-10-01 10:00:00-04:00,39.040000915527344,39.18000030517578,38.88999938964844,38.9900016784668,4253,0.0,0.0
2024-10-01 10:05:00-04:00,38.939998626708984,38.939998626708984,38.650001525878906,38.7400016784668,9163,0.0,0.0
2024-10-01 10:10:00-04:00,38.70000076293945,38.849998474121094,38.529998779296875,38.60499954223633,11651,0.0,0.0
2024-10-01 10:15:00-04:00,38.599998474121094,38.599998474121094,38.5359992980957,38.537498474121094,2721,0.0,0.0
2024-10-01 10:20:00-04:00,38.584999084472656,38.93000030517578,38.58000183105469,38.91999816894531,12861,0.0,0.0
2024-10-01 10:25:00-04:00,38.93000030517578,39.04990005493164,38.915000915527344,38.915000915527344,6633,0.0,0.0
2024-10-01 10:30:00-04:00,38.915000915527344,39.02000045776367,38.779998779296875,38.78499984741211,8922,0.0,0.0
2024-10-01 10:35:00-04:00,38.78499984741211,38.97949981689453,38.78499984741211,38.810001373291016,8072,0.0,0.0
2024-10-01 10:40:00-04:00,38.810001373291016,38.91999816894531,38.810001373291016,38.91999816894531,2292,0.0,0.0
2024-10-01 10:45:00-04:00,38.869998931884766,38.880001068115234,38.70000076293945,38.779998779296875,6024,0.0,0.0
2024-10-01 10:50:00-04:00,38.779998779296875,38.869998931884766,38.75,38.869998931884766,3522,0.0,0.0
2024-10-01 10:55:00-04:00,38.849998474121094,38.939998626708984,38.790000915527344,38.92499923706055,3958,0.0,0.0
2024-10-01 11:00:00-04:00,38.92499923706055,38.97999954223633,38.92499923706055,38.939998626708984,618,0.0,0.0
2024-10-01 11:05:00-04:00,38.91999816894531,38.91999816894531,38.755001068115234,38.755001068115234,7901,0.0,0.0
2024-10-01 11:10:00-04:00,38.7599983215332,38.79999923706055,38.66999816894531,38.66999816894531,6495,0.0,0.0
2024-10-01 11:15:00-04:00,38.630001068115234,38.630001068115234,38.57500076293945,38.630001068115234,2405,0.0,0.0
2024-10-01 11:20:00-04:00,38.66999816894531,38.77000045776367,38.654998779296875,38.689998626708984,2812,0.0,0.0
2024-10-01 11:25:00-04:00,38.720001220703125,38.7400016784668,38.68000030517578,38.68000030517578,1328,0.0,0.0
2024-10-01 11:30:00-04:00,38.75,38.7599983215332,38.66999816894531,38.709999084472656,4044,0.0,0.0
2024-10-01 11:35:00-04:00,38.69499969482422,38.75,38.5,38.51499938964844,7112,0.0,0.0
2024-10-01 11:40:00-04:00,38.51499938964844,38.58000183105469,38.51499938964844,38.564998626708984,2973,0.0,0.0
2024-10-01 11:45:00-04:00,38.52000045776367,38.52000045776367,38.34000015258789,38.38999938964844,9242,0.0,0.0
2024-10-01 11:50:00-04:00,38.349998474121094,38.529998779296875,38.349998474121094,38.4900016784668,7698,0.0,0.0
2024-10-01 11:55:00-04:00,38.4900016784668,38.540000915527344,38.45000076293945,38.52000045776367,3087,0.0,0.0
2024-10-01 12:00:00-04:00,38.560001373291016,38.709999084472656,38.560001373291016,38.709999084472656,4627,0.0,0.0
2024-10-01 12:05:00-04:00,38.709999084472656,38.810001373291016,38.68000030517578,38.68000030517578,14118,0.0,0.0
2024-10-01 12:10:00-04:00,38.71500015258789,38.81999969482422,38.71500015258789,38.73500061035156,13503,0.0,0.0
2024-10-01 12:15:00-04:00,38.76129913330078,38.98440170288086,38.76129913330078,38.95000076293945,7936,0.0,0.0
2024-10-01 12:20:00-04:00,38.959999084472656,38.9900016784668,38.86000061035156,38.88999938964844,4703,0.0,0.0
2024-10-01 12:25:00-04:00,38.875,38.875,38.790000915527344,38.79999923706055,2808,0.0,0.0
2024-10-01 12:30:00-04:00,38.79999923706055,38.84000015258789,38.63999938964844,38.790000915527344,47441,0.0,0.0
2024-10-01 12:35:00-04:00,38.81700134277344,39.01499938964844,38.790000915527344,38.95500183105469,73770,0.0,0.0
2024-10-01 12:40:00-04:00,38.91999816894531,39.02000045776367,38.91999816894531,38.939998626708984,6283,0.0,0.0
2024-10-01 12:45:00-04:00,38.959999084472656,38.970001220703125,38.90999984741211,38.970001220703125,3634,0.0,0.0
2024-10-01 12:50:00-04:00,39.0,39.20000076293945,38.939998626708984,39.20000076293945,5833,0.0,0.0
2024-10-01 12:55:00-04:00,39.189998626708984,39.189998626708984,38.970001220703125,39.02000045776367,5656,0.0,0.0
2024-10-01 13:00:00-04:00,39.0099983215332,39.0099983215332,38.939998626708984,38.939998626708984,1842,0.0,0.0
2024-10-01 13:05:00-04:00,38.88999938964844,38.88999938964844,38.71500015258789,38.7599983215332,1833,0.0,0.0
2024-10-01 13:10:00-04:00,38.7599983215332,38.810001373291016,38.709999084472656,38.80500030517578,2686,0.0,0.0
2024-10-01 13:15:00-04:00,38.7599983215332,38.77000045776367,38.70000076293945,38.724998474121094,1719,0.0,0.0
2024-10-01 13:20:00-04:00,38.72999954223633,38.7599983215332,38.61000061035156,38.720001220703125,4901,0.0,0.0
2024-10-01 13:25:00-04:00,38.70000076293945,38.72999954223633,38.70000076293945,38.72999954223633,553,0.0,0.0
2024-10-01 13:30:00-04:00,38.70000076293945,38.77000045776367,38.70000076293945,38.76499938964844,3066,0.0,0.0
2024-10-01 13:35:00-04:00,38.755001068115234,38.755001068115234,38.68000030517578,38.709999084472656,2262,0.0,0.0
2024-10-01 13:40:00-04:00,38.698001861572266,38.80500030517578,38.625,38.80500030517578,4736,0.0,0.0
2024-10-01 13:45:00-04:00,38.77000045776367,38.810001373291016,38.77000045776367,38.810001373291016,830,0.0,0.0
2024-10-01 13:50:00-04:00,38.81999969482422,38.90999984741211,38.81999969482422,38.849998474121094,5614,0.0,0.0
2024-10-01 13:55:00-04:00,38.849998474121094,38.93000030517578,38.849998474121094,38.90999984741211,2258,0.0,0.0
2024-10-01 14:00:00-04:00,38.939998626708984,38.95000076293945,38.912498474121094,38.95000076293945,1226,0.0,0.0
2024-10-01 14:05:00-04:00,38.95000076293945,39.0099983215332,38.95000076293945,38.994998931884766,4496,0.0,0.0
2024-10-01 14:10:00-04:00,38.99250030517578,39.01499938964844,38.880001068115234,39.005001068115234,5994,0.0,0.0
2024-10-01 14:15:00-04:00,39.002498626708984,39.14500045776367,39.002498626708984,39.13999938964844,2136,0.0,0.0
2024-10-01 14:20:00-04:00,39.15999984741211,39.15999984741211,39.06999969482422,39.125,2777,0.0,0.0
2024-10-01 14:25:00-04:00,39.119998931884766,39.150001525878906,39.09000015258789,39.150001525878906,1042,0.0,0.0
2024-10-01 14:30:00-04:00,39.119998931884766,39.27000045776367,39.11000061035156,39.154998779296875,10696,0.0,0.0
2024-10-01 14:35:00-04:00,39.154998779296875,39.154998779296875,39.0099983215332,39.01499938964844,3797,0.0,0.0
2024-10-01 14:40:00-04:00,39.01499938964844,39.029998779296875,38.90999984741211,38.970001220703125,8309,0.0,0.0
2024-10-01 14:45:00-04:00,38.970001220703125,38.9900016784668,38.91999816894531,38.939998626708984,4580,0.0,0.0
2024-10-01 14:50:00-04:00,38.939998626708984,38.939998626708984,38.869998931884766,38.869998931884766,3043,0.0,0.0
2024-10-01 14:55:00-04:00,38.88999938964844,38.974998474121094,38.88999938964844,38.96500015258789,3050,0.0,0.0
2024-10-01 15:00:00-04:00,38.96500015258789,38.96500015258789,38.91999816894531,38.91999816894531,2679,0.0,0.0
2024-10-01 15:05:00-04:00,38.91999816894531,39.040000915527344,38.915000915527344,38.98379898071289,8043,0.0,0.0
2024-10-01 15:10:00-04:00,38.97999954223633,38.97999954223633,38.880001068115234,38.900001525878906,3391,0.0,0.0
2024-10-01 15:15:00-04:00,38.869998931884766,38.88999938964844,38.84000015258789,38.849998474121094,3550,0.0,0.0
2024-10-01 15:20:00-04:00,38.849998474121094,38.900001525878906,38.81999969482422,38.8849983215332,6691,0.0,0.0
2024-10-01 15:25:00-04:00,38.88249969482422,38.91999816894531,38.86000061035156,38.91999816894531,5498,0.0,0.0
2024-10-01 15:30:00-04:00,38.904998779296875,38.95000076293945,38.86000061035156,38.86000061035156,4357,0.0,0.0
2024-10-01 15:35:00-04:00,38.849998474121094,38.86000061035156,38.59000015258789,38.59000015258789,8479,0.0,0.0
2024-10-01 15:40:00-04:00,38.560001373291016,38.779998779296875,38.502498626708984,38.75,10155,0.0,0.0
2024-10-01 15:45:00-04:00,38.755001068115234,38.880001068115234,38.72999954223633,38.77000045776367,20820,0.0,0.0
2024-10-01 15:50:00-04:00,38.775001525878906,38.86000061035156,38.72999954223633,38.744998931884766,16880,0.0,0.0
2024-10-01 15:55:00-04:00,38.75,38.880001068115234,38.720001220703125,38.880001068115234,71529,0.0,0.0
2024-10-02 09:30:00-04:00,38.880001068115234,39.14500045776367,38.61000061035156,38.720001220703125,8822,0.0,0.0
2024-10-02 09:35:00-04:00,38.5099983215332,38.724998474121094,38.150001525878906,38.32500076293945,38179,0.0,0.0
2024-10-02 09:40:00-04:00,38.45000076293945,38.650001525878906,38.25,38.59000015258789,38840,0.0,0.0
2024-10-02 09:45:00-04:00,38.650001525878906,38.77000045776367,38.650001525878906,38.77000045776367,2709,0.0,0.0
2024-10-02 09:50:00-04:00,38.66999816894531,38.66999816894531,38.150001525878906,38.244998931884766,23169,0.0,0.0
2024-10-02 09:55:00-04:00,38.244998931884766,38.470001220703125,38.244998931884766,38.43000030517578,5583,0.0,0.0
2024-10-02 10:00:00-04:00,38.47999954223633,38.5099983215332,38.43000030517578,38.43389892578125,1558,0.0,0.0
2024-10-02 10:05:00-04:00,38.45000076293945,38.529998779296875,38.369998931884766,38.529998779296875,4425,0.0,0.0
2024-10-02 10:10:00-04:00,38.6599006652832,38.790000915527344,38.6599006652832,38.790000915527344,1607,0.0,0.0
2024-10-02 10:15:00-04:00,38.790000915527344,38.875,38.790000915527344,38.875,3006,0.0,0.0
2024-10-02 10:20:00-04:00,38.8849983215332,38.88999938964844,38.77000045776367,38.77000045776367,2549,0.0,0.0
2024-10-02 10:25:00-04:00,38.810001373291016,38.81890106201172,38.650001525878906,38.650001525878906,3248,0.0,0.0
2024-10-02 10:30:00-04:00,38.689998626708984,38.689998626708984,38.52000045776367,38.525001525878906,4245,0.0,0.0
2024-10-02 10:35:00-04:00,38.5,38.599998474121094,38.45500183105469,38.52000045776367,3581,0.0,0.0
2024-10-02 10:40:00-04:00,38.59000015258789,38.619998931884766,38.560001373291016,38.61000061035156,5824,0.0,0.0
2024-10-02 10:45:00-04:00,38.61000061035156,38.70500183105469,38.61000061035156,38.70500183105469,2203,0.0,0.0
2024-10-02 10:50:00-04:00,38.70500183105469,38.709999084472656,38.650001525878906,38.654998779296875,2885,0.0,0.0
2024-10-02 10:55:00-04:00,38.599998474121094,38.654998779296875,38.599998474121094,38.61000061035156,3627,0.0,0.0
2024-10-02 11:00:00-04:00,38.63999938964844,38.650001525878906,38.63999938964844,38.650001525878906,508,0.0,0.0
2024-10-02 11:05:00-04:00,38.68000030517578,38.720001220703125,38.54999923706055,38.560001373291016,4867,0.0,0.0
2024-10-02 11:10:00-04:00,38.560001373291016,38.56999969482422,38.4900016784668,38.4900016784668,1998,0.0,0.0
2024-10-02 11:15:00-04:00,38.52000045776367,38.65999984741211,38.52000045776367,38.65999984741211,3172,0.0,0.0
2024-10-02 11:20:00-04:00,38.709999084472656,38.72999954223633,38.630001068115234,38.630001068115234,3248,0.0,0.0
2024-10-02 11:25:00-04:00,38.63999938964844,38.63999938964844,38.540000915527344,38.6150016784668,4144,0.0,0.0
2024-10-02 11:30:00-04:00,38.619998931884766,38.68000030517578,38.61759948730469,38.68000030517578,2557,0.0,0.0
2024-10-02 11:35:00-04:00,38.63999938964844,38.7400016784668,38.63999938964844,38.7400016784668,1307,0.0,0.0
2024-10-02 11:40:00-04:00,38.755001068115234,38.834999084472656,38.720001220703125,38.810001373291016,4725,0.0,0.0
2024-10-02 11:45:00-04:00,38.80500030517578,38.8400993347168,38.72999954223633,38.72999954223633,2870,0.0,0.0
2024-10-02 11:50:00-04:00,38.72999954223633,38.72999954223633,38.720001220703125,38.72999954223633,817,0.0,0.0
2024-10-02 11:55:00-04:00,38.7400016784668,38.7400016784668,38.7400016784668,38.7400016784668,526,0.0,0.0
2024-10-02 12:00:00-04:00,38.720001220703125,38.744998931884766,38.709999084472656,38.7400016784668,1353,0.0,0.0
2024-10-02 12:05:00-04:00,38.7400016784668,38.7400016784668,38.68000030517578,38.68000030517578,1388,0.0,0.0
2024-10-02 12:10:00-04:00,38.68000030517578,38.72999954223633,38.68000030517578,38.720001220703125,3707,0.0,0.0
2024-10-02 12:15:00-04:00,38.724998474121094,38.72999954223633,38.724998474121094,38.72999954223633,1325,0.0,0.0
2024-10-02 12:20:00-04:00,38.72999954223633,38.72999954223633,38.630001068115234,38.650001525878906,3246,0.0,0.0
2024-10-02 12:25:00-04:00,38.67499923706055,38.689998626708984,38.650001525878906,38.689998626708984,2717,0.0,0.0
2024-10-02 12:30:00-04:00,38.68000030517578,38.68000030517578,38.61000061035156,38.619998931884766,2360,0.0,0.0
2024-10-02 12:35:00-04:00,38.630001068115234,38.65999984741211,38.619998931884766,38.6349983215332,3981,0.0,0.0
2024-10-02 12:40:00-04:00,38.65999984741211,38.70000076293945,38.65999984741211,38.685001373291016,1829,0.0,0.0
2024-10-02 12:45:00-04:00,38.650001525878906,38.66999816894531,38.6349983215332,38.6349983215332,2455,0.0,0.0
2024-10-02 12:50:00-04:00,38.6349983215332,38.75,38.6349983215332,38.75,4158,0.0,0.0
2024-10-02 12:55:00-04:00,38.7599983215332,38.7599983215332,38.720001220703125,38.72999954223633,1345,0.0,0.0
2024-10-02 13:00:00-04:00,38.72999954223633,38.72999954223633,38.63999938964844,38.66999816894531,3197,0.0,0.0
2024-10-02 13:05:00-04:00,38.689998626708984,38.70000076293945,38.66999816894531,38.70000076293945,2136,0.0,0.0
2024-10-02 13:10:00-04:00,38.720001220703125,38.88999938964844,38.70000076293945,38.790000915527344,5316,0.0,0.0
2024-10-02 13:15:00-04:00,38.80500030517578,38.83000183105469,38.77000045776367,38.810001373291016,971,0.0,0.0
2024-10-02 13:20:00-04:00,38.81999969482422,38.849998474121094,38.81999969482422,38.849998474121094,590,0.0,0.0
2024-10-02 13:25:00-04:00,38.79999923706055,38.84000015258789,38.779998779296875,38.779998779296875,2105,0.0,0.0
2024-10-02 13:30:00-04:00,38.79999923706055,38.80500030517578,38.724998474121094,38.76499938964844,3410,0.0,0.0
2024-10-02 13:35:00-04:00,38.7599983215332,38.790000915527344,38.7400016784668,38.76499938964844,1564,0.0,0.0
2024-10-02 13:40:00-04:00,38.76499938964844,38.76499938964844,38.68000030517578,38.709999084472656,4347,0.0,0.0
2024-10-02 13:45:00-04:00,38.709999084472656,38.869998931884766,38.709999084472656,38.869998931884766,5299,0.0,0.0
2024-10-02 13:50:00-04:00,38.880001068115234,39.01250076293945,38.849998474121094,39.01250076293945,5241,0.0,0.0
2024-10-02 13:55:00-04:00,39.0,39.0099983215332,38.94499969482422,38.95000076293945,1827,0.0,0.0
2024-10-02 14:00:00-04:00,38.970001220703125,39.02000045776367,38.959999084472656,39.0,2780,0.0,0.0
2024-10-02 14:05:00-04:00,38.994998931884766,39.0,38.93000030517578,39.0,2810,0.0,0.0
2024-10-02 14:10:00-04:00,39.02000045776367,39.099998474121094,39.02000045776367,39.08000183105469,3524,0.0,0.0
2024-10-02 14:15:00-04:00,39.095001220703125,39.099998474121094,39.08000183105469,39.08000183105469,3422,0.0,0.0
2024-10-02 14:20:00-04:00,39.0724983215332,39.07500076293945,38.97999954223633,38.997501373291016,3229,0.0,0.0
2024-10-02 14:25:00-04:00,39.005001068115234,39.005001068115234,38.939998626708984,38.94499969482422,1879,0.0,0.0
2024-10-02 14:30:00-04:00,38.94499969482422,38.98500061035156,38.94499969482422,38.98500061035156,1822,0.0,0.0
2024-10-02 14:35:00-04:00,39.0,39.0,38.98500061035156,38.98500061035156,1355,0.0,0.0
2024-10-02 14:40:00-04:00,38.98699951171875,39.0,38.95000076293945,38.97999954223633,5049,0.0,0.0
2024-10-02 14:45:00-04:00,38.974998474121094,39.0724983215332,38.959999084472656,39.0724983215332,2954,0.0,0.0
2024-10-02 14:50:00-04:00,39.0880012512207,39.0880012512207,39.04999923706055,39.04999923706055,2575,0.0,0.0
2024-10-02 14:55:00-04:00,39.029998779296875,39.04999923706055,38.97999954223633,38.98500061035156,2963,0.0,0.0
2024-10-02 15:00:00-04:00,38.98500061035156,39.02000045776367,38.935001373291016,38.935001373291016,4169,0.0,0.0
2024-10-02 15:05:00-04:00,38.939998626708984,39.0,38.929298400878906,39.0,4865,0.0,0.0
2024-10-02 15:10:00-04:00,38.97999954223633,39.04999923706055,38.97999954223633,39.04999923706055,3472,0.0,0.0
2024-10-02 15:15:00-04:00,39.04999923706055,39.15999984741211,38.97999954223633,38.97999954223633,8340,0.0,0.0
2024-10-02 15:20:00-04:00,38.974998474121094,38.974998474121094,38.90999984741211,38.95500183105469,4236,0.0,0.0
2024-10-02 15:25:00-04:00,38.95500183105469,38.959999084472656,38.91999816894531,38.95500183105469,3775,0.0,0.0
2024-10-02 15:30:00-04:00,38.91999816894531,38.95500183105469,38.79999923706055,38.880001068115234,6030,0.0,0.0
2024-10-02 15:35:00-04:00,38.880001068115234,38.935001373291016,38.87900161743164,38.90999984741211,5658,0.0,0.0
2024-10-02 15:40:00-04:00,38.92499923706055,39.029998779296875,38.92499923706055,39.029998779296875,14725,0.0,0.0
2024-10-02 15:45:00-04:00,39.040000915527344,39.040000915527344,38.93000030517578,38.959999084472656,9680,0.0,0.0
2024-10-02 15:50:00-04:00,38.97999954223633,39.029998779296875,38.869998931884766,38.88999938964844,16456,0.0,0.0
2024-10-02 15:55:00-04:00,38.880001068115234,38.900001525878906,38.790000915527344,38.880001068115234,37928,0.0,0.0
2024-10-03 09:30:00-04:00,38.810001373291016,39.20000076293945,38.810001373291016,39.08000183105469,113284,0.0,0.0
2024-10-03 09:40:00-04:00,39.150001525878906,39.150001525878906,39.119998931884766,39.119998931884766,329,0.0,0.0
2024-10-03 09:45:00-04:00,39.03499984741211,39.13999938964844,38.91999816894531,39.029998779296875,4627,0.0,0.0
2024-10-03 09:50:00-04:00,39.029998779296875,39.09000015258789,38.9900016784668,39.029998779296875,2549,0.0,0.0
2024-10-03 09:55:00-04:00,39.084999084472656,39.09000015258789,39.040000915527344,39.09000015258789,1059,0.0,0.0
2024-10-03 10:00:00-04:00,39.09000015258789,39.119998931884766,38.89500045776367,39.060001373291016,306127,0.0,0.0
2024-10-03 10:05:00-04:00,39.060001373291016,39.36000061035156,39.0,39.20000076293945,7032,0.0,0.0
2024-10-03 10:10:00-04:00,39.2599983215332,39.404998779296875,39.2599983215332,39.34000015258789,4777,0.0,0.0
2024-10-03 10:15:00-04:00,39.29999923706055,39.459999084472656,39.29999923706055,39.459999084472656,1189,0.0,0.0
2024-10-03 10:20:00-04:00,39.529998779296875,39.529998779296875,39.31999969482422,39.369998931884766,4046,0.0,0.0
2024-10-03 10:25:00-04:00,39.28499984741211,39.349998474121094,39.1974983215332,39.224998474121094,3145,0.0,0.0
2024-10-03 10:30:00-04:00,39.224998474121094,39.27000045776367,39.15999984741211,39.25,3715,0.0,0.0
2024-10-03 10:35:00-04:00,39.25,39.25,39.185001373291016,39.189998626708984,1114,0.0,0.0
2024-10-03 10:40:00-04:00,39.209999084472656,39.209999084472656,39.0,39.060001373291016,4186,0.0,0.0
2024-10-03 10:45:00-04:00,39.119998931884766,39.22999954223633,39.119998931884766,39.22999954223633,1870,0.0,0.0
2024-10-03 10:50:00-04:00,39.1974983215332,39.2400016784668,39.09000015258789,39.1349983215332,4253,0.0,0.0
2024-10-03 10:55:00-04:00,39.119998931884766,39.119998931884766,38.755001068115234,38.755001068115234,3659,0.0,0.0
2024-10-03 11:00:00-04:00,38.75,38.89250183105469,38.724998474121094,38.849998474121094,3630,0.0,0.0
2024-10-03 11:05:00-04:00,38.88999938964844,39.060001373291016,38.88999938964844,39.04750061035156,2150,0.0,0.0
2024-10-03 11:10:00-04:00,39.0099983215332,39.029998779296875,38.84000015258789,38.84000015258789,4075,0.0,0.0
2024-10-03 11:15:00-04:00,38.834999084472656,38.93000030517578,38.834999084472656,38.8849983215332,2212,0.0,0.0
2024-10-03 11:20:00-04:00,38.8849983215332,38.95000076293945,38.8849983215332,38.93000030517578,2169,0.0,0.0
2024-10-03 11:25:00-04:00,39.0,39.0,38.880001068115234,38.93000030517578,4780,0.0,0.0
2024-10-03 11:30:00-04:00,38.959999084472656,39.0,38.94499969482422,39.0,1660,0.0,0.0
2024-10-03 11:35:00-04:00,39.0,39.04499816894531,38.91999816894531,38.96500015258789,5838,0.0,0.0
2024-10-03 11:40:00-04:00,39.02000045776367,39.20000076293945,39.02000045776367,39.14500045776367,14505,0.0,0.0
2024-10-03 11:45:00-04:00,39.189998626708984,39.20000076293945,39.099998474121094,39.099998474121094,3429,0.0,0.0
2024-10-03 11:50:00-04:00,39.10499954223633,39.11000061035156,39.08000183105469,39.09000015258789,1489,0.0,0.0
2024-10-03 11:55:00-04:00,39.130001068115234,39.130001068115234,38.974998474121094,38.97999954223633,2690,0.0,0.0
2024-10-03 12:00:00-04:00,38.96500015258789,39.060001373291016,38.959999084472656,39.05500030517578,2749,0.0,0.0
2024-10-03 12:05:00-04:00,39.060001373291016,39.06999969482422,39.02000045776367,39.060001373291016,2655,0.0,0.0
2024-10-03 12:10:00-04:00,39.08000183105469,39.08000183105469,39.08000183105469,39.08000183105469,539,0.0,0.0
2024-10-03 12:15:00-04:00,39.08000183105469,39.15999984741211,39.08000183105469,39.130001068115234,9703,0.0,0.0
2024-10-03 12:20:00-04:00,39.13999938964844,39.15999984741211,39.099998474121094,39.119998931884766,4329,0.0,0.0
2024-10-03 12:25:00-04:00,39.13249969482422,39.13999938964844,39.040000915527344,39.064998626708984,8044,0.0,0.0
2024-10-03 12:30:00-04:00,39.060001373291016,39.060001373291016,38.86000061035156,38.86000061035156,4547,0.0,0.0
2024-10-03 12:35:00-04:00,38.88999938964844,38.939998626708984,38.88999938964844,38.939998626708984,2208,0.0,0.0
2024-10-03 12:40:00-04:00,38.90999984741211,38.91999816894531,38.80500030517578,38.80500030517578,2643,0.0,0.0
2024-10-03 12:45:00-04:00,38.79999923706055,38.79999923706055,38.709999084472656,38.73500061035156,3140,0.0,0.0
2024-10-03 12:50:00-04:00,38.7400016784668,38.7599983215332,38.709999084472656,38.720001220703125,1877,0.0,0.0
2024-10-03 12:55:00-04:00,38.720001220703125,38.7599983215332,38.5,38.6150016784668,18486,0.0,0.0
2024-10-03 13:00:00-04:00,38.59000015258789,38.63999938964844,38.54999923706055,38.560001373291016,5087,0.0,0.0
2024-10-03 13:05:00-04:00,38.540000915527344,38.62540054321289,38.540000915527344,38.62540054321289,2700,0.0,0.0
2024-10-03 13:10:00-04:00,38.599998474121094,38.619998931884766,38.540000915527344,38.560001373291016,3738,0.0,0.0
2024-10-03 13:15:00-04:00,38.560001373291016,38.560001373291016,38.522499084472656,38.540000915527344,1127,0.0,0.0
2024-10-03 13:20:00-04:00,38.54999923706055,38.54999923706055,38.470001220703125,38.52000045776367,3425,0.0,0.0
2024-10-03 13:25:00-04:00,38.505001068115234,38.59000015258789,38.43000030517578,38.43000030517578,5359,0.0,0.0
2024-10-03 13:30:00-04:00,38.505001068115234,38.529998779296875,38.494998931884766,38.529998779296875,1250,0.0,0.0
2024-10-03 13:35:00-04:00,38.53499984741211,38.53499984741211,38.45000076293945,38.45000076293945,1355,0.0,0.0
2024-10-03 13:40:00-04:00,38.45500183105469,38.60499954223633,38.34000015258789,38.60499954223633,12364,0.0,0.0
2024-10-03 13:45:00-04:00,38.65999984741211,38.70500183105469,38.63999938964844,38.650001525878906,2124,0.0,0.0
2024-10-03 13:50:00-04:00,38.650001525878906,38.70000076293945,38.619998931884766,38.619998931884766,2539,0.0,0.0
2024-10-03 13:55:00-04:00,38.63999938964844,38.63999938964844,38.61000061035156,38.6150016784668,1382,0.0,0.0
2024-10-03 14:00:00-04:00,38.619998931884766,38.650001525878906,38.560001373291016,38.6349983215332,2961,0.0,0.0
2024-10-03 14:05:00-04:00,38.650001525878906,38.66999816894531,38.650001525878906,38.65999984741211,1174,0.0,0.0
2024-10-03 14:10:00-04:00,38.66999816894531,38.66999816894531,38.584999084472656,38.599998474121094,4036,0.0,0.0
2024-10-03 14:15:00-04:00,38.61000061035156,38.689998626708984,38.61000061035156,38.654998779296875,3054,0.0,0.0
2024-10-03 14:20:00-04:00,38.654998779296875,38.7400016784668,38.619998931884766,38.70000076293945,3280,0.0,0.0
2024-10-03 14:25:00-04:00,38.709999084472656,38.709999084472656,38.689998626708984,38.709999084472656,645,0.0,0.0
2024-10-03 14:30:00-04:00,38.689998626708984,38.70000076293945,38.59000015258789,38.650001525878906,6749,0.0,0.0
2024-10-03 14:35:00-04:00,38.6349983215332,38.66999816894531,38.6349983215332,38.65999984741211,1467,0.0,0.0
2024-10-03 14:40:00-04:00,38.65999984741211,38.68000030517578,38.630001068115234,38.6349983215332,1719,0.0,0.0
2024-10-03 14:45:00-04:00,38.619998931884766,38.630001068115234,38.52000045776367,38.52000045776367,6710,0.0,0.0
2024-10-03 14:50:00-04:00,38.52000045776367,38.61000061035156,38.5099983215332,38.61000061035156,3017,0.0,0.0
2024-10-03 14:55:00-04:00,38.619998931884766,38.619998931884766,38.54999923706055,38.59000015258789,3889,0.0,0.0
2024-10-03 15:00:00-04:00,38.599998474121094,38.599998474121094,38.52000045776367,38.59000015258789,3243,0.0,0.0
2024-10-03 15:05:00-04:00,38.599998474121094,38.61000061035156,38.5,38.54999923706055,6285,0.0,0.0
2024-10-03 15:10:00-04:00,38.529998779296875,38.529998779296875,38.439998626708984,38.439998626708984,3589,0.0,0.0
2024-10-03 15:15:00-04:00,38.435001373291016,38.56999969482422,38.40999984741211,38.54999923706055,11858,0.0,0.0
2024-10-03 15:20:00-04:00,38.560001373291016,38.56999969482422,38.0,38.4900016784668,21623,0.0,0.0
2024-10-03 15:25:00-04:00,38.4900016784668,38.4900016784668,38.36000061035156,38.400001525878906,6476,0.0,0.0
2024-10-03 15:30:00-04:00,38.38999938964844,38.400001525878906,38.279998779296875,38.349998474121094,20815,0.0,0.0
2024-10-03 15:35:00-04:00,38.34000015258789,38.349998474121094,38.150001525878906,38.220001220703125,13572,0.0,0.0
2024-10-03 15:40:00-04:00,38.20500183105469,38.2400016784668,38.13999938964844,38.22999954223633,12806,0.0,0.0
2024-10-03 15:45:00-04:00,38.22999954223633,38.41999816894531,38.16999816894531,38.415000915527344,18442,0.0,0.0
2024-10-03 15:50:00-04:00,38.38999938964844,38.5,38.34000015258789,38.48500061035156,27224,0.0,0.0
2024-10-03 15:55:00-04:00,38.4900016784668,38.52000045776367,38.38999938964844,38.439998626708984,43440,0.0,0.0
2024-10-04 09:30:00-04:00,39.029998779296875,39.18000030517578,39.029998779296875,39.16999816894531,65264,0.0,0.0
2024-10-04 09:35:00-04:00,39.31809997558594,39.31809997558594,38.56999969482422,38.56999969482422,5014,0.0,0.0
2024-10-04 09:40:00-04:00,38.619998931884766,38.83000183105469,38.619998931884766,38.814998626708984,2921,0.0,0.0
2024-10-04 09:45:00-04:00,38.834999084472656,38.834999084472656,38.82500076293945,38.82500076293945,796,0.0,0.0
2024-10-04 09:50:00-04:00,38.849998474121094,38.849998474121094,38.61000061035156,38.6150016784668,4970,0.0,0.0
2024-10-04 09:55:00-04:00,38.470001220703125,38.67499923706055,38.470001220703125,38.58000183105469,1812,0.0,0.0
2024-10-04 10:00:00-04:00,38.64500045776367,38.720001220703125,38.54999923706055,38.71500015258789,6005,0.0,0.0
2024-10-04 10:05:00-04:00,38.61000061035156,38.6875,38.4900016784668,38.61000061035156,8169,0.0,0.0
2024-10-04 10:10:00-04:00,38.529998779296875,38.6150016784668,38.4900016784668,38.6150016784668,4036,0.0,0.0
2024-10-04 10:15:00-04:00,38.65999984741211,38.665000915527344,38.52000045776367,38.599998474121094,6306,0.0,0.0
2024-10-04 10:20:00-04:00,38.630001068115234,38.63999938964844,38.459999084472656,38.459999084472656,1250,0.0,0.0
2024-10-04 10:25:00-04:00,38.38999938964844,38.46500015258789,38.29999923706055,38.310001373291016,1193,0.0,0.0
2024-10-04 10:30:00-04:00,38.380001068115234,38.48500061035156,38.349998474121094,38.375,7903,0.0,0.0
2024-10-04 10:35:00-04:00,38.380001068115234,38.400001525878906,38.310001373291016,38.334999084472656,1685,0.0,0.0
2024-10-04 10:40:00-04:00,38.334999084472656,38.345298767089844,38.334999084472656,38.345298767089844,780,0.0,0.0
2024-10-04 10:45:00-04:00,38.40999984741211,38.474998474121094,38.369998931884766,38.41999816894531,3813,0.0,0.0
2024-10-04 10:50:00-04:00,38.44499969482422,38.47999954223633,38.349998474121094,38.47999954223633,687,0.0,0.0
2024-10-04 10:55:00-04:00,38.400001525878906,38.5099983215332,38.400001525878906,38.474998474121094,3249,0.0,0.0
2024-10-04 11:00:00-04:00,38.439998626708984,38.64500045776367,38.43000030517578,38.630001068115234,12881,0.0,0.0
2024-10-04 11:05:00-04:00,38.52000045776367,38.59989929199219,38.5,38.5,3612,0.0,0.0
2024-10-04 11:10:00-04:00,38.560001373291016,38.560001373291016,38.459999084472656,38.5,1687,0.0,0.0
2024-10-04 11:15:00-04:00,38.45000076293945,38.474998474121094,38.43000030517578,38.43000030517578,2283,0.0,0.0
2024-10-04 11:20:00-04:00,38.415000915527344,38.415000915527344,38.36000061035156,38.36000061035156,301,0.0,0.0
2024-10-04 11:25:00-04:00,38.22999954223633,38.35499954223633,38.22999954223633,38.349998474121094,1077,0.0,0.0
2024-10-04 11:30:00-04:00,38.349998474121094,38.380001068115234,38.334999084472656,38.380001068115234,1777,0.0,0.0
2024-10-04 11:35:00-04:00,38.400001525878906,38.45000076293945,38.380001068115234,38.400001525878906,3962,0.0,0.0
2024-10-04 11:40:00-04:00,38.404998779296875,38.5,38.34000015258789,38.470001220703125,4609,0.0,0.0
2024-10-04 11:50:00-04:00,38.52000045776367,38.52000045776367,38.45000076293945,38.5099983215332,1231,0.0,0.0
2024-10-04 11:55:00-04:00,38.44499969482422,38.5,38.44499969482422,38.5,271,0.0,0.0
2024-10-04 12:00:00-04:00,38.5,38.52000045776367,38.439998626708984,38.494998931884766,1017,0.0,0.0
2024-10-04 12:05:00-04:00,38.529998779296875,38.529998779296875,38.45000076293945,38.470001220703125,2390,0.0,0.0
2024-10-04 12:10:00-04:00,38.5,38.60499954223633,38.5,38.59000015258789,4143,0.0,0.0
2024-10-04 12:15:00-04:00,38.59000015258789,38.61000061035156,38.59000015258789,38.599998474121094,1519,0.0,0.0
2024-10-04 12:20:00-04:00,38.58000183105469,38.58000183105469,38.5,38.5,4051,0.0,0.0
2024-10-04 12:25:00-04:00,38.45500183105469,38.45500183105469,38.380001068115234,38.38999938964844,1425,0.0,0.0
2024-10-04 12:30:00-04:00,38.380001068115234,38.404998779296875,38.34000015258789,38.34000015258789,2362,0.0,0.0
2024-10-04 12:35:00-04:00,38.31999969482422,38.4900016784668,38.290000915527344,38.4900016784668,3306,0.0,0.0
2024-10-04 12:40:00-04:00,38.5,38.599998474121094,38.48500061035156,38.505001068115234,6455,0.0,0.0
2024-10-04 12:45:00-04:00,38.505001068115234,38.50749969482422,38.47999954223633,38.502498626708984,1069,0.0,0.0
2024-10-04 12:50:00-04:00,38.51499938964844,38.52000045776367,38.47999954223633,38.5099983215332,2905,0.0,0.0
2024-10-04 12:55:00-04:00,38.5099983215332,38.619998931884766,38.5099983215332,38.619998931884766,3016,0.0,0.0
2024-10-04 13:00:00-04:00,38.6150016784668,38.619998931884766,38.4900016784668,38.4900016784668,2377,0.0,0.0
2024-10-04 13:05:00-04:00,38.5099983215332,38.657501220703125,38.5099983215332,38.630001068115234,2631,0.0,0.0
2024-10-04 13:10:00-04:00,38.599998474121094,38.599998474121094,38.5,38.505001068115234,3527,0.0,0.0
2024-10-04 13:15:00-04:00,38.505001068115234,38.58000183105469,38.505001068115234,38.58000183105469,864,0.0,0.0
2024-10-04 13:20:00-04:00,38.599998474121094,38.60499954223633,38.5099983215332,38.52429962158203,8341,0.0,0.0
2024-10-04 13:25:00-04:00,38.505001068115234,38.56370162963867,38.4900016784668,38.505001068115234,3031,0.0,0.0
2024-10-04 13:30:00-04:00,38.494998931884766,38.560001373291016,38.47999954223633,38.5,3948,0.0,0.0
2024-10-04 13:35:00-04:00,38.474998474121094,38.540000915527344,38.43000030517578,38.529998779296875,5319,0.0,0.0
2024-10-04 13:40:00-04:00,38.540000915527344,38.630001068115234,38.5,38.630001068115234,5065,0.0,0.0
2024-10-04 13:45:00-04:00,38.64250183105469,38.64250183105469,38.54999923706055,38.54999923706055,1281,0.0,0.0
2024-10-04 13:50:00-04:00,38.560001373291016,38.560001373291016,38.52000045776367,38.525001525878906,1754,0.0,0.0
2024-10-04 13:55:00-04:00,38.45000076293945,38.47999954223633,38.41999816894531,38.47249984741211,2613,0.0,0.0
2024-10-04 14:00:00-04:00,38.45500183105469,38.45500183105469,38.40999984741211,38.45500183105469,794,0.0,0.0
2024-10-04 14:05:00-04:00,38.43000030517578,38.470001220703125,38.42499923706055,38.46500015258789,2081,0.0,0.0
2024-10-04 14:10:00-04:00,38.45000076293945,38.45000076293945,38.45000076293945,38.45000076293945,310,0.0,0.0
2024-10-04 14:15:00-04:00,38.400001525878906,38.56999969482422,38.400001525878906,38.529998779296875,12812,0.0,0.0
2024-10-04 14:20:00-04:00,38.540000915527344,38.54999923706055,38.540000915527344,38.54999923706055,891,0.0,0.0
2024-10-04 14:25:00-04:00,38.54499816894531,38.54499816894531,38.54499816894531,38.54499816894531,404,0.0,0.0
2024-10-04 14:30:00-04:00,38.540000915527344,38.599998474121094,38.540000915527344,38.595001220703125,2460,0.0,0.0
2024-10-04 14:35:00-04:00,38.59000015258789,38.60499954223633,38.56999969482422,38.58000183105469,1886,0.0,0.0
2024-10-04 14:40:00-04:00,38.59000015258789,38.68000030517578,38.56999969482422,38.665000915527344,11566,0.0,0.0
2024-10-04 14:45:00-04:00,38.665000915527344,38.720001220703125,38.65999984741211,38.70500183105469,2166,0.0,0.0
2024-10-04 14:50:00-04:00,38.70500183105469,38.709999084472656,38.63999938964844,38.63999938964844,6303,0.0,0.0
2024-10-04 14:55:00-04:00,38.630001068115234,38.650001525878906,38.619998931884766,38.619998931884766,1878,0.0,0.0
2024-10-04 15:00:00-04:00,38.61000061035156,38.61000061035156,38.52000045776367,38.52000045776367,3224,0.0,0.0
2024-10-04 15:05:00-04:00,38.54499816894531,38.70500183105469,38.529998779296875,38.70500183105469,14888,0.0,0.0
2024-10-04 15:10:00-04:00,38.720001220703125,38.720001220703125,38.63999938964844,38.650001525878906,3866,0.0,0.0
2024-10-04 15:15:00-04:00,38.6349983215332,38.650001525878906,38.61000061035156,38.630001068115234,6041,0.0,0.0
2024-10-04 15:20:00-04:00,38.630001068115234,38.66999816894531,38.60499954223633,38.654998779296875,8235,0.0,0.0
2024-10-04 15:25:00-04:00,38.65999984741211,38.68000030517578,38.61600112915039,38.61600112915039,6172,0.0,0.0
2024-10-04 15:30:00-04:00,38.60100173950195,38.60100173950195,38.56999969482422,38.58000183105469,3027,0.0,0.0
2024-10-04 15:35:00-04:00,38.56999969482422,38.65999984741211,38.5,38.65999984741211,12876,0.0,0.0
2024-10-04 15:40:00-04:00,38.654998779296875,38.654998779296875,38.220001220703125,38.63999938964844,20244,0.0,0.0
2024-10-04 15:45:00-04:00,38.650001525878906,38.70000076293945,38.630001068115234,38.689998626708984,8080,0.0,0.0
2024-10-04 15:50:00-04:00,38.630001068115234,38.650001525878906,38.59000015258789,38.650001525878906,8315,0.0,0.0
2024-10-04 15:55:00-04:00,38.63999938964844,38.65999984741211,38.470001220703125,38.470001220703125,63306,0.0,0.0
2024-10-07 09:30:00-04:00,38.279998779296875,38.56999969482422,38.2400016784668,38.56999969482422,38885,0.0,0.0
2024-10-07 09:35:00-04:00,38.6150016784668,38.720001220703125,38.6150016784668,38.720001220703125,2634,0.0,0.0
2024-10-07 09:40:00-04:00,38.65999984741211,38.779998779296875,38.650001525878906,38.650001525878906,1545,0.0,0.0
2024-10-07 09:45:00-04:00,38.6349983215332,38.65999984741211,38.56999969482422,38.63999938964844,866,0.0,0.0
2024-10-07 09:50:00-04:00,38.7599983215332,38.86989974975586,38.75,38.86989974975586,789,0.0,0.0
2024-10-07 09:55:00-04:00,38.75,38.790000915527344,38.689998626708984,38.7400016784668,3165,0.0,0.0
2024-10-07 10:00:00-04:00,38.689998626708984,38.79499816894531,38.65999984741211,38.69499969482422,4201,0.0,0.0
2024-10-07 10:05:00-04:00,38.755001068115234,38.83000183105469,38.72999954223633,38.72999954223633,2216,0.0,0.0
2024-10-07 10:10:00-04:00,38.79999923706055,39.099998474121094,38.79999923706055,38.970001220703125,4634,0.0,0.0
2024-10-07 10:15:00-04:00,39.0,39.11000061035156,38.959999084472656,39.084999084472656,1569,0.0,0.0
2024-10-07 10:20:00-04:00,39.09000015258789,39.09000015258789,38.95000076293945,39.02000045776367,6056,0.0,0.0
2024-10-07 10:25:00-04:00,38.939998626708984,38.939998626708984,38.90999984741211,38.90999984741211,1396,0.0,0.0
2024-10-07 10:30:00-04:00,38.900001525878906,38.959999084472656,38.900001525878906,38.959999084472656,1859,0.0,0.0
2024-10-07 10:35:00-04:00,38.904998779296875,38.904998779296875,38.814998626708984,38.83000183105469,3405,0.0,0.0
2024-10-07 10:40:00-04:00,38.790000915527344,38.84000015258789,38.790000915527344,38.84000015258789,2228,0.0,0.0
2024-10-07 10:45:00-04:00,38.78010177612305,38.810001373291016,38.75,38.79499816894531,6385,0.0,0.0
2024-10-07 10:50:00-04:00,38.78499984741211,38.84000015258789,38.7400016784668,38.7400016784668,5142,0.0,0.0
2024-10-07 10:55:00-04:00,38.7400016784668,38.744998931884766,38.59000015258789,38.599998474121094,3682,0.0,0.0
2024-10-07 11:00:00-04:00,38.54999923706055,38.57500076293945,38.54999923706055,38.57500076293945,552,0.0,0.0
2024-10-07 11:05:00-04:00,38.63999938964844,38.650001525878906,38.560001373291016,38.650001525878906,721,0.0,0.0
2024-10-07 11:10:00-04:00,38.650001525878906,38.7599983215332,38.595001220703125,38.75,3172,0.0,0.0
2024-10-07 11:15:00-04:00,38.779998779296875,38.779998779296875,38.7599983215332,38.77000045776367,948,0.0,0.0
2024-10-07 11:20:00-04:00,38.86000061035156,38.86000061035156,38.72999954223633,38.7400016784668,6918,0.0,0.0
2024-10-07 11:25:00-04:00,38.744998931884766,38.744998931884766,38.650001525878906,38.68000030517578,2044,0.0,0.0
2024-10-07 11:30:00-04:00,38.650001525878906,38.65999984741211,38.58000183105469,38.65999984741211,1301,0.0,0.0
2024-10-07 11:35:00-04:00,38.61000061035156,38.61000061035156,38.61000061035156,38.61000061035156,386,0.0,0.0
2024-10-07 11:40:00-04:00,38.619998931884766,38.625,38.58000183105469,38.58000183105469,1748,0.0,0.0
2024-10-07 11:45:00-04:00,38.58000183105469,38.61000061035156,38.56999969482422,38.59000015258789,1963,0.0,0.0
2024-10-07 11:50:00-04:00,38.59000015258789,38.65999984741211,38.529998779296875,38.58000183105469,2922,0.0,0.0
2024-10-07 11:55:00-04:00,38.540000915527344,38.540000915527344,38.5099983215332,38.5099983215332,1652,0.0,0.0
2024-10-07 12:00:00-04:00,38.470001220703125,38.47999954223633,38.439998626708984,38.459999084472656,1926,0.0,0.0
2024-10-07 12:05:00-04:00,38.45000076293945,38.45000076293945,38.45000076293945,38.45000076293945,683,0.0,0.0
2024-10-07 12:10:00-04:00,38.439998626708984,38.47999954223633,38.43000030517578,38.47999954223633,3368,0.0,0.0
2024-10-07 12:15:00-04:00,38.5,38.58000183105469,38.5,38.58000183105469,2075,0.0,0.0
2024-10-07 12:20:00-04:00,38.58000183105469,38.61000061035156,38.58000183105469,38.61000061035156,1029,0.0,0.0
2024-10-07 12:25:00-04:00,38.59000015258789,38.59000015258789,38.41999816894531,38.41999816894531,3295,0.0,0.0
2024-10-07 12:30:00-04:00,38.439998626708984,38.439998626708984,38.439998626708984,38.439998626708984,2508,0.0,0.0
2024-10-07 12:35:00-04:00,38.46500015258789,38.46500015258789,38.45000076293945,38.459999084472656,623,0.0,0.0
2024-10-07 12:40:00-04:00,38.43000030517578,38.439998626708984,38.40999984741211,38.40999984741211,2050,0.0,0.0
2024-10-07 12:45:00-04:00,38.41999816894531,38.439998626708984,38.41999816894531,38.42499923706055,735,0.0,0.0
2024-10-07 12:50:00-04:00,38.439998626708984,38.439998626708984,38.415000915527344,38.415000915527344,2859,0.0,0.0
2024-10-07 12:55:00-04:00,38.380001068115234,38.380001068115234,38.29999923706055,38.375,4187,0.0,0.0
2024-10-07 13:00:00-04:00,38.349998474121094,38.369998931884766,38.349998474121094,38.369998931884766,595,0.0,0.0
2024-10-07 13:05:00-04:00,38.36000061035156,38.369998931884766,38.36000061035156,38.36000061035156,459,0.0,0.0
2024-10-07 13:10:00-04:00,38.36000061035156,38.560001373291016,38.36000061035156,38.53499984741211,7262,0.0,0.0
2024-10-07 13:15:00-04:00,38.560001373291016,38.560001373291016,38.548500061035156,38.548500061035156,974,0.0,0.0
2024-10-07 13:20:00-04:00,38.529998779296875,38.529998779296875,38.40999984741211,38.41999816894531,4469,0.0,0.0
2024-10-07 13:25:00-04:00,38.40999984741211,38.40999984741211,38.37200164794922,38.40999984741211,2571,0.0,0.0
2024-10-07 13:30:00-04:00,38.380001068115234,38.380001068115234,38.34600067138672,38.36000061035156,1725,0.0,0.0
2024-10-07 13:35:00-04:00,38.380001068115234,38.40999984741211,38.380001068115234,38.40999984741211,992,0.0,0.0
2024-10-07 13:40:00-04:00,38.41999816894531,38.439998626708984,38.41999816894531,38.42499923706055,1197,0.0,0.0
2024-10-07 13:45:00-04:00,38.40999984741211,38.439998626708984,38.36000061035156,38.380001068115234,4918,0.0,0.0
2024-10-07 13:50:00-04:00,38.380001068115234,38.400001525878906,38.36800003051758,38.369998931884766,1328,0.0,0.0
2024-10-07 13:55:00-04:00,38.36000061035156,38.375,38.36000061035156,38.375,581,0.0,0.0
2024-10-07 14:00:00-04:00,38.36000061035156,38.36000061035156,38.2599983215332,38.27000045776367,3455,0.0,0.0
2024-10-07 14:05:00-04:00,38.279998779296875,38.5,38.279998779296875,38.400001525878906,31320,0.0,0.0
2024-10-07 14:10:00-04:00,38.459999084472656,38.540000915527344,38.459999084472656,38.505001068115234,5744,0.0,0.0
2024-10-07 14:15:00-04:00,38.47999954223633,38.5,38.42499923706055,38.42499923706055,4096,0.0,0.0
2024-10-07 14:20:00-04:00,38.43000030517578,38.470001220703125,38.42499923706055,38.459999084472656,1947,0.0,0.0
2024-10-07 14:25:00-04:00,38.439998626708984,38.439998626708984,38.33000183105469,38.33000183105469,3119,0.0,0.0
2024-10-07 14:30:00-04:00,38.2400016784668,38.349998474121094,38.18000030517578,38.22999954223633,7950,0.0,0.0
2024-10-07 14:35:00-04:00,38.220001220703125,38.220001220703125,38.20000076293945,38.209999084472656,2575,0.0,0.0
2024-10-07 14:40:00-04:00,38.22999954223633,38.36000061035156,38.22999954223633,38.345001220703125,11163,0.0,0.0
2024-10-07 14:45:00-04:00,38.22999954223633,38.279998779296875,38.16999816894531,38.27000045776367,8258,0.0,0.0
2024-10-07 14:50:00-04:00,38.29999923706055,38.375,38.2400016784668,38.314998626708984,15984,0.0,0.0
2024-10-07 14:55:00-04:00,38.31999969482422,38.36000061035156,38.290000915527344,38.290000915527344,3959,0.0,0.0
2024-10-07 15:00:00-04:00,38.290000915527344,38.314998626708984,38.2599983215332,38.314998626708984,2603,0.0,0.0
2024-10-07 15:05:00-04:00,38.34000015258789,38.45000076293945,38.34000015258789,38.439998626708984,3728,0.0,0.0
2024-10-07 15:10:00-04:00,38.38999938964844,38.38999938964844,38.36000061035156,38.36000061035156,3969,0.0,0.0
2024-10-07 15:15:00-04:00,38.349998474121094,38.349998474121094,38.22999954223633,38.22999954223633,5301,0.0,0.0
2024-10-07 15:20:00-04:00,38.25,38.2599983215332,38.13999938964844,38.13999938964844,7882,0.0,0.0
2024-10-07 15:25:00-04:00,38.132999420166016,38.186100006103516,38.132999420166016,38.186100006103516,2052,0.0,0.0
2024-10-07 15:30:00-04:00,38.17499923706055,38.189998626708984,38.12099838256836,38.16999816894531,4930,0.0,0.0
2024-10-07 15:35:00-04:00,38.130001068115234,38.130001068115234,38.08000183105469,38.119998931884766,4127,0.0,0.0
2024-10-07 15:40:00-04:00,38.13999938964844,38.209999084472656,38.06999969482422,38.16999816894531,26152,0.0,0.0
2024-10-07 15:45:00-04:00,38.16999816894531,38.45000076293945,38.16999816894531,38.28499984741211,30400,0.0,0.0
2024-10-07 15:50:00-04:00,38.290000915527344,38.415000915527344,38.27000045776367,38.349998474121094,25815,0.0,0.0
2024-10-07 15:55:00-04:00,38.34000015258789,38.5099983215332,38.29999923706055,38.470001220703125,52098,0.0,0.0
2024-10-08 09:30:00-04:00,38.66999816894531,38.93000030517578,38.56999969482422,38.68000030517578,21515,0.0,0.0
2024-10-08 09:35:00-04:00,38.78799819946289,38.962501525878906,38.78799819946289,38.79999923706055,3838,0.0,0.0
2024-10-08 09:40:00-04:00,38.7400016784668,38.7400016784668,38.709999084472656,38.73500061035156,433,0.0,0.0
2024-10-08 09:45:00-04:00,38.67850112915039,38.67850112915039,38.5880012512207,38.60499954223633,854,0.0,0.0
2024-10-08 09:50:00-04:00,38.72999954223633,38.72999954223633,38.54999923706055,38.54999923706055,562,0.0,0.0
2024-10-08 09:55:00-04:00,38.70000076293945,38.7599983215332,38.689998626708984,38.689998626708984,964,0.0,0.0
2024-10-08 10:00:00-04:00,38.83000183105469,38.959999084472656,38.81999969482422,38.959999084472656,2309,0.0,0.0
2024-10-08 10:05:00-04:00,38.9093017578125,39.0099983215332,38.9093017578125,39.005001068115234,3191,0.0,0.0
2024-10-08 10:10:00-04:00,38.97999954223633,39.040000915527344,38.880001068115234,38.880001068115234,8889,0.0,0.0
2024-10-08 10:15:00-04:00,38.689998626708984,38.75,38.68000030517578,38.75,1078,0.0,0.0
2024-10-08 10:20:00-04:00,38.689998626708984,38.689998626708984,38.66999816894531,38.66999816894531,2557,0.0,0.0
2024-10-08 10:25:00-04:00,38.599998474121094,38.599998474121094,38.599998474121094,38.599998474121094,322,0.0,0.0
2024-10-08 10:30:00-04:00,38.70000076293945,38.70000076293945,38.61640167236328,38.64400100708008,1498,0.0,0.0
2024-10-08 10:35:00-04:00,38.689998626708984,38.689998626708984,38.59000015258789,38.685001373291016,516,0.0,0.0
2024-10-08 10:40:00-04:00,38.59000015258789,38.779998779296875,38.59000015258789,38.779998779296875,2096,0.0,0.0
2024-10-08 10:45:00-04:00,38.709999084472656,38.709999084472656,38.709999084472656,38.709999084472656,312,0.0,0.0
2024-10-08 10:50:00-04:00,38.7400016784668,38.7599983215332,38.709999084472656,38.709999084472656,3047,0.0,0.0
2024-10-08 11:10:00-04:00,38.689998626708984,38.689998626708984,38.61920166015625,38.61920166015625,2980,0.0,0.0
2024-10-08 11:15:00-04:00,38.619998931884766,38.75,38.619998931884766,38.75,2173,0.0,0.0
2024-10-08 11:20:00-04:00,38.720001220703125,38.731201171875,38.720001220703125,38.731201171875,1122,0.0,0.0
2024-10-08 11:30:00-04:00,38.689998626708984,38.720001220703125,38.59000015258789,38.59000015258789,2200,0.0,0.0
2024-10-08 11:35:00-04:00,38.54999923706055,38.595001220703125,38.380001068115234,38.380001068115234,4951,0.0,0.0
2024-10-08 11:40:00-04:00,38.400001525878906,38.400001525878906,38.310001373291016,38.33000183105469,2304,0.0,0.0
2024-10-08 11:45:00-04:00,38.293701171875,38.400001525878906,38.293701171875,38.29999923706055,9239,0.0,0.0
2024-10-08 11:50:00-04:00,38.34000015258789,38.40999984741211,38.314998626708984,38.380001068115234,1252,0.0,0.0
2024-10-08 11:55:00-04:00,38.380001068115234,38.38999938964844,38.380001068115234,38.38999938964844,861,0.0,0.0
2024-10-08 12:00:00-04:00,38.400001525878906,38.400001525878906,38.400001525878906,38.400001525878906,324,0.0,0.0
2024-10-08 12:05:00-04:00,38.439998626708984,38.5,38.41999816894531,38.5,2207,0.0,0.0
2024-10-08 12:10:00-04:00,38.54999923706055,38.54999923706055,38.52000045776367,38.54499816894531,1294,0.0,0.0
2024-10-08 12:15:00-04:00,38.5099983215332,38.5099983215332,38.5,38.5099983215332,1145,0.0,0.0
2024-10-08 12:25:00-04:00,38.5099983215332,38.564998626708984,38.5,38.54999923706055,1552,0.0,0.0
2024-10-08 12:30:00-04:00,38.560001373291016,38.560001373291016,38.4900016784668,38.4900016784668,3564,0.0,0.0
2024-10-08 12:35:00-04:00,38.47600173950195,38.529998779296875,38.47600173950195,38.529998779296875,1080,0.0,0.0
2024-10-08 12:45:00-04:00,38.52880096435547,38.52880096435547,38.439998626708984,38.439998626708984,2091,0.0,0.0
2024-10-08 12:50:00-04:00,38.439998626708984,38.439998626708984,38.439998626708984,38.439998626708984,462,0.0,0.0
2024-10-08 12:55:00-04:00,38.41999816894531,38.41999816894531,38.2599983215332,38.33000183105469,3705,0.0,0.0
2024-10-08 13:00:00-04:00,38.31999969482422,38.33000183105469,38.290000915527344,38.33000183105469,650,0.0,0.0
2024-10-08 13:05:00-04:00,38.30500030517578,38.36000061035156,38.2400016784668,38.34000015258789,9207,0.0,0.0
2024-10-08 13:10:00-04:00,38.34000015258789,38.45000076293945,38.31999969482422,38.45000076293945,1772,0.0,0.0
2024-10-08 13:15:00-04:00,38.349998474121094,38.40999984741211,38.349998474121094,38.38999938964844,1798,0.0,0.0
2024-10-08 13:20:00-04:00,38.34000015258789,38.45000076293945,38.34000015258789,38.404998779296875,29151,0.0,0.0
2024-10-08 13:25:00-04:00,38.404998779296875,38.41999816894531,38.33000183105469,38.3650016784668,5142,0.0,0.0
2024-10-08 13:30:00-04:00,38.43000030517578,38.43000030517578,38.40999984741211,38.40999984741211,1522,0.0,0.0
2024-10-08 13:35:00-04:00,38.404998779296875,38.45000076293945,38.27000045776367,38.33000183105469,109327,0.0,0.0
2024-10-08 13:40:00-04:00,38.34000015258789,38.369998931884766,38.279998779296875,38.369998931884766,5623,0.0,0.0
2024-10-08 13:45:00-04:00,38.41939926147461,38.459999084472656,38.36000061035156,38.38999938964844,4865,0.0,0.0
2024-10-08 13:50:00-04:00,38.36000061035156,38.38999938964844,38.36000061035156,38.36000061035156,1212,0.0,0.0
2024-10-08 13:55:00-04:00,38.3650016784668,38.380001068115234,38.34000015258789,38.380001068115234,2119,0.0,0.0
2024-10-08 14:00:00-04:00,38.375,38.380001068115234,38.34000015258789,38.349998474121094,3577,0.0,0.0
2024-10-08 14:05:00-04:00,38.369998931884766,38.529998779296875,38.369998931884766,38.529998779296875,6010,0.0,0.0
2024-10-08 14:10:00-04:00,38.5099983215332,38.5099983215332,38.470001220703125,38.4900016784668,2048,0.0,0.0
2024-10-08 14:15:00-04:00,38.470001220703125,38.5099983215332,38.470001220703125,38.5099983215332,2321,0.0,0.0
2024-10-08 14:20:00-04:00,38.560001373291016,38.619998931884766,38.52000045776367,38.525001525878906,3436,0.0,0.0
2024-10-08 14:25:00-04:00,38.52000045776367,38.52000045776367,38.422298431396484,38.439998626708984,2878,0.0,0.0
2024-10-08 14:30:00-04:00,38.439998626708984,38.470001220703125,38.439998626708984,38.459999084472656,4218,0.0,0.0
2024-10-08 14:35:00-04:00,38.45500183105469,38.54999923706055,38.43000030517578,38.54999923706055,5153,0.0,0.0
2024-10-08 14:40:00-04:00,38.54999923706055,38.54999923706055,38.400001525878906,38.439998626708984,4122,0.0,0.0
2024-10-08 14:45:00-04:00,38.44499969482422,38.459999084472656,38.349998474121094,38.349998474121094,3292,0.0,0.0
2024-10-08 14:50:00-04:00,38.349998474121094,38.38999938964844,38.33000183105469,38.33000183105469,3537,0.0,0.0
2024-10-08 14:55:00-04:00,38.32500076293945,38.45000076293945,38.32500076293945,38.400001525878906,3582,0.0,0.0
2024-10-08 15:00:00-04:00,38.3849983215332,38.43000030517578,38.0,38.43000030517578,14973,0.0,0.0
2024-10-08 15:05:00-04:00,38.459999084472656,38.5,38.459999084472656,38.5,1937,0.0,0.0
2024-10-08 15:10:00-04:00,38.5,38.5,38.29499816894531,38.33000183105469,11831,0.0,0.0
2024-10-08 15:15:00-04:00,38.33000183105469,38.34000015258789,38.33000183105469,38.33000183105469,999,0.0,0.0
2024-10-08 15:20:00-04:00,38.349998474121094,38.380001068115234,38.345001220703125,38.380001068115234,4976,0.0,0.0
2024-10-08 15:25:00-04:00,38.36000061035156,38.38999938964844,38.33000183105469,38.380001068115234,2795,0.0,0.0
2024-10-08 15:30:00-04:00,38.375,38.380001068115234,38.310001373291016,38.31999969482422,5924,0.0,0.0
2024-10-08 15:35:00-04:00,38.317501068115234,38.345001220703125,38.314998626708984,38.33000183105469,3570,0.0,0.0
2024-10-08 15:40:00-04:00,38.334999084472656,38.41999816894531,38.314998626708984,38.41999816894531,9313,0.0,0.0
2024-10-08 15:45:00-04:00,38.40999984741211,38.459999084472656,38.380001068115234,38.400001525878906,9422,0.0,0.0
2024-10-08 15:50:00-04:00,38.40999984741211,38.40999984741211,38.27000045776367,38.400001525878906,21779,0.0,0.0
2024-10-08 15:55:00-04:00,38.38999938964844,38.439998626708984,38.310001373291016,38.33000183105469,44988,0.0,0.0
2024-10-09 09:30:00-04:00,38.779998779296875,38.779998779296875,38.31999969482422,38.31999969482422,6534,0.0,0.0
2024-10-09 09:35:00-04:00,38.36000061035156,38.41999816894531,38.165000915527344,38.2400016784668,8805,0.0,0.0
2024-10-09 09:40:00-04:00,38.20000076293945,38.2400016784668,38.1349983215332,38.17940139770508,5716,0.0,0.0
2024-10-09 09:45:00-04:00,38.13999938964844,38.42470169067383,38.130001068115234,38.279998779296875,25797,0.0,0.0
2024-10-09 09:50:00-04:00,38.290000915527344,38.439998626708984,38.279998779296875,38.29499816894531,2700,0.0,0.0
2024-10-09 09:55:00-04:00,38.29999923706055,38.34000015258789,38.08000183105469,38.34000015258789,33354,0.0,0.0
2024-10-09 10:00:00-04:00,38.439998626708984,38.56999969482422,38.404998779296875,38.560001373291016,3794,0.0,0.0
2024-10-09 10:05:00-04:00,38.599998474121094,38.665000915527344,38.54999923706055,38.625,5404,0.0,0.0
2024-10-09 10:10:00-04:00,38.595001220703125,38.65999984741211,38.56999969482422,38.599998474121094,10351,0.0,0.0
2024-10-09 10:15:00-04:00,38.6150016784668,38.6150016784668,38.369998931884766,38.369998931884766,3927,0.0,0.0
2024-10-09 10:20:00-04:00,38.369998931884766,38.42499923706055,38.290000915527344,38.290000915527344,2642,0.0,0.0
2024-10-09 10:25:00-04:00,38.290000915527344,38.560001373291016,38.189998626708984,38.470001220703125,5014,0.0,0.0
2024-10-09 10:30:00-04:00,38.459999084472656,38.459999084472656,38.34000015258789,38.34000015258789,1881,0.0,0.0
2024-10-09 10:35:00-04:00,38.40999984741211,38.470001220703125,38.314998626708984,38.404998779296875,1608,0.0,0.0
2024-10-09 10:40:00-04:00,38.400001525878906,38.47999954223633,38.400001525878906,38.47999954223633,2486,0.0,0.0
2024-10-09 10:45:00-04:00,38.42499923706055,38.494998931884766,38.380001068115234,38.494998931884766,3107,0.0,0.0
2024-10-09 10:50:00-04:00,38.58000183105469,38.63999938964844,38.5099983215332,38.584999084472656,2005,0.0,0.0
2024-10-09 10:55:00-04:00,38.57500076293945,38.619998931884766,38.57500076293945,38.58000183105469,2435,0.0,0.0
2024-10-09 11:00:00-04:00,38.58000183105469,38.61000061035156,38.540000915527344,38.55500030517578,3896,0.0,0.0
2024-10-09 11:05:00-04:00,38.540000915527344,38.93000030517578,38.52000045776367,38.88999938964844,12335,0.0,0.0
2024-10-09 11:10:00-04:00,39.0,39.09000015258789,38.939998626708984,38.994998931884766,99581,0.0,0.0
2024-10-09 11:15:00-04:00,39.029998779296875,39.369998931884766,38.994998931884766,39.29999923706055,9335,0.0,0.0
2024-10-09 11:20:00-04:00,39.290000915527344,39.33000183105469,39.2400016784668,39.2400016784668,4810,0.0,0.0
2024-10-09 11:25:00-04:00,39.22999954223633,39.349998474121094,39.099998474121094,39.27000045776367,25174,0.0,0.0
2024-10-09 11:30:00-04:00,39.27000045776367,39.290000915527344,39.189998626708984,39.189998626708984,2781,0.0,0.0
2024-10-09 11:35:00-04:00,39.16999816894531,39.23500061035156,39.15999984741211,39.23500061035156,2009,0.0,0.0
2024-10-09 11:40:00-04:00,39.25,39.275001525878906,39.23500061035156,39.27000045776367,2709,0.0,0.0
2024-10-09 11:45:00-04:00,39.22999954223633,39.264198303222656,39.22999954223633,39.22999954223633,2280,0.0,0.0
2024-10-09 11:50:00-04:00,39.2400016784668,39.2400016784668,39.209999084472656,39.209999084472656,1758,0.0,0.0
2024-10-09 11:55:00-04:00,39.209999084472656,39.220001220703125,39.16999816894531,39.189998626708984,2759,0.0,0.0
2024-10-09 12:00:00-04:00,39.17499923706055,39.20000076293945,39.16999816894531,39.18000030517578,1701,0.0,0.0
2024-10-09 12:05:00-04:00,39.25,39.349998474121094,39.13999938964844,39.16999816894531,16311,0.0,0.0
2024-10-09 12:10:00-04:00,39.165000915527344,39.16999816894531,39.02000045776367,39.09000015258789,9435,0.0,0.0
2024-10-09 12:15:00-04:00,39.06999969482422,39.06999969482422,38.88999938964844,38.88999938964844,5926,0.0,0.0
2024-10-09 12:20:00-04:00,38.86000061035156,38.86000061035156,38.84000015258789,38.84000015258789,810,0.0,0.0
2024-10-09 12:25:00-04:00,38.86000061035156,38.900001525878906,38.79999923706055,38.84000015258789,3567,0.0,0.0
2024-10-09 12:30:00-04:00,38.80799865722656,38.81999969482422,38.66999816894531,38.7400016784668,13237,0.0,0.0
2024-10-09 12:35:00-04:00,38.724998474121094,38.75,38.720001220703125,38.75,2185,0.0,0.0
2024-10-09 12:40:00-04:00,38.7400016784668,38.86000061035156,38.7400016784668,38.849998474121094,2935,0.0,0.0
2024-10-09 12:45:00-04:00,38.900001525878906,38.91999816894531,38.83000183105469,38.86000061035156,3606,0.0,0.0
2024-10-09 12:50:00-04:00,38.83000183105469,38.900001525878906,38.775001525878906,38.900001525878906,4333,0.0,0.0
2024-10-09 12:55:00-04:00,38.845001220703125,38.845001220703125,38.83000183105469,38.83000183105469,1110,0.0,0.0
2024-10-09 13:00:00-04:00,38.83000183105469,38.834999084472656,38.810001373291016,38.834999084472656,1337,0.0,0.0
2024-10-09 13:05:00-04:00,38.86000061035156,38.880001068115234,38.86000061035156,38.880001068115234,2125,0.0,0.0
2024-10-09 13:10:00-04:00,38.88999938964844,38.915000915527344,38.88999938964844,38.915000915527344,1334,0.0,0.0
2024-10-09 13:15:00-04:00,38.91999816894531,39.0,38.90999984741211,38.90999984741211,7969,0.0,0.0
2024-10-09 13:20:00-04:00,38.90999984741211,38.97999954223633,38.900001525878906,38.97999954223633,2073,0.0,0.0
2024-10-09 13:25:00-04:00,39.0,39.0,38.959999084472656,38.97999954223633,4351,0.0,0.0
2024-10-09 13:30:00-04:00,38.970001220703125,38.970001220703125,38.959999084472656,38.959999084472656,1492,0.0,0.0
2024-10-09 13:35:00-04:00,38.959999084472656,38.96500015258789,38.84000015258789,38.849998474121094,5370,0.0,0.0
2024-10-09 13:40:00-04:00,38.845001220703125,38.845001220703125,38.81999969482422,38.84000015258789,2430,0.0,0.0
2024-10-09 13:45:00-04:00,38.849998474121094,38.904998779296875,38.849998474121094,38.880001068115234,3090,0.0,0.0
2024-10-09 13:50:00-04:00,38.869998931884766,38.880001068115234,38.810001373291016,38.849998474121094,3924,0.0,0.0
2024-10-09 13:55:00-04:00,38.86000061035156,38.880001068115234,38.86000061035156,38.880001068115234,1415,0.0,0.0
2024-10-09 14:00:00-04:00,38.875,38.875,38.81999969482422,38.85749816894531,2372,0.0,0.0
2024-10-09 14:05:00-04:00,38.86800003051758,38.92499923706055,38.834999084472656,38.834999084472656,5828,0.0,0.0
2024-10-09 14:10:00-04:00,38.834999084472656,38.88999938964844,38.810001373291016,38.810001373291016,4303,0.0,0.0
2024-10-09 14:15:00-04:00,38.810001373291016,38.810001373291016,38.720001220703125,38.720001220703125,4730,0.0,0.0
2024-10-09 14:20:00-04:00,38.720001220703125,38.84000015258789,38.689998626708984,38.84000015258789,5285,0.0,0.0
2024-10-09 14:25:00-04:00,38.880001068115234,38.93000030517578,38.880001068115234,38.89699935913086,4657,0.0,0.0
2024-10-09 14:30:00-04:00,38.900001525878906,38.93000030517578,38.77000045776367,38.849998474121094,6190,0.0,0.0
2024-10-09 14:35:00-04:00,38.86000061035156,38.875,38.86000061035156,38.875,1246,0.0,0.0
2024-10-09 14:40:00-04:00,38.88999938964844,38.88999938964844,38.81999969482422,38.834999084472656,2379,0.0,0.0
2024-10-09 14:45:00-04:00,38.86000061035156,38.95000076293945,38.84000015258789,38.89500045776367,4756,0.0,0.0
2024-10-09 14:50:00-04:00,38.900001525878906,38.97999954223633,38.900001525878906,38.97999954223633,4167,0.0,0.0
2024-10-09 14:55:00-04:00,38.970001220703125,38.970001220703125,38.810001373291016,38.900001525878906,7890,0.0,0.0
2024-10-09 15:00:00-04:00,38.91999816894531,38.970001220703125,38.834999084472656,38.84000015258789,7151,0.0,0.0
2024-10-09 15:05:00-04:00,38.83000183105469,38.869998931884766,38.77000045776367,38.79999923706055,7249,0.0,0.0
2024-10-09 15:10:00-04:00,38.814998626708984,38.869998931884766,38.75,38.869998931884766,9681,0.0,0.0
2024-10-09 15:15:00-04:00,38.869998931884766,38.959999084472656,38.79999923706055,38.80500030517578,7524,0.0,0.0
2024-10-09 15:20:00-04:00,38.79999923706055,38.91999816894531,38.78499984741211,38.900001525878906,12348,0.0,0.0
2024-10-09 15:25:00-04:00,38.88999938964844,39.0,38.88999938964844,38.9900016784668,14691,0.0,0.0
2024-10-09 15:30:00-04:00,38.970001220703125,39.154998779296875,38.959999084472656,38.97999954223633,37425,0.0,0.0
2024-10-09 15:35:00-04:00,38.9900016784668,39.02000045776367,38.88999938964844,38.88999938964844,16322,0.0,0.0
2024-10-09 15:40:00-04:00,38.900001525878906,39.02000045776367,38.900001525878906,39.01499938964844,14915,0.0,0.0
2024-10-09 15:45:00-04:00,39.01499938964844,39.029998779296875,38.95000076293945,39.0,19124,0.0,0.0
2024-10-09 15:50:00-04:00,39.0,39.060001373291016,38.959999084472656,38.970001220703125,42293,0.0,0.0
2024-10-09 15:55:00-04:00,38.970001220703125,39.0099983215332,38.86000061035156,38.97999954223633,81631,0.0,0.0
2024-10-10 09:30:00-04:00,38.52000045776367,38.970001220703125,38.4900016784668,38.4900016784668,7641,0.0,0.0
2024-10-10 09:35:00-04:00,38.970001220703125,38.970001220703125,38.41999816894531,38.52000045776367,1903,0.0,0.0
2024-10-10 09:40:00-04:00,38.52000045776367,38.564998626708984,38.40999984741211,38.40999984741211,1996,0.0,0.0
2024-10-10 09:45:00-04:00,38.38019943237305,38.63999938964844,38.38019943237305,38.55500030517578,22439,0.0,0.0
2024-10-10 09:50:00-04:00,38.55500030517578,38.70000076293945,38.55500030517578,38.560001373291016,13856,0.0,0.0
2024-10-10 09:55:00-04:00,38.650001525878906,38.68000030517578,38.16999816894531,38.27000045776367,15914,0.0,0.0
2024-10-10 10:00:00-04:00,38.33000183105469,38.334999084472656,38.2400016784668,38.310001373291016,2613,0.0,0.0
2024-10-10 10:05:00-04:00,38.310001373291016,38.400001525878906,38.2400016784668,38.400001525878906,8808,0.0,0.0
2024-10-10 10:10:00-04:00,38.5,38.61000061035156,38.5,38.61000061035156,5370,0.0,0.0
2024-10-10 10:15:00-04:00,38.55500030517578,38.57149887084961,38.540000915527344,38.54999923706055,3071,0.0,0.0
2024-10-10 10:20:00-04:00,38.560001373291016,38.560001373291016,38.42499923706055,38.42499923706055,3899,0.0,0.0
2024-10-10 10:25:00-04:00,38.459999084472656,38.47999954223633,38.310001373291016,38.380001068115234,4974,0.0,0.0
2024-10-10 10:30:00-04:00,38.35499954223633,38.3650016784668,38.31999969482422,38.32500076293945,2538,0.0,0.0
2024-10-10 10:35:00-04:00,38.32500076293945,38.32500076293945,38.209999084472656,38.29499816894531,5294,0.0,0.0
2024-10-10 10:40:00-04:00,38.290000915527344,38.33890151977539,38.290000915527344,38.290000915527344,2797,0.0,0.0
2024-10-10 10:45:00-04:00,38.250099182128906,38.33000183105469,38.25,38.29999923706055,4373,0.0,0.0
2024-10-10 10:50:00-04:00,38.33000183105469,38.34000015258789,38.33000183105469,38.33000183105469,1495,0.0,0.0
2024-10-10 10:55:00-04:00,38.349998474121094,38.36000061035156,38.32500076293945,38.349998474121094,3595,0.0,0.0
2024-10-10 11:00:00-04:00,38.35409927368164,38.35409927368164,38.29999923706055,38.32500076293945,2224,0.0,0.0
2024-10-10 11:05:00-04:00,38.34000015258789,38.494998931884766,38.33000183105469,38.494998931884766,5267,0.0,0.0
2024-10-10 11:10:00-04:00,38.494998931884766,38.56999969482422,38.4900016784668,38.55500030517578,5310,0.0,0.0
2024-10-10 11:15:00-04:00,38.54999923706055,38.54999923706055,38.38999938964844,38.38999938964844,34061,0.0,0.0
2024-10-10 11:20:00-04:00,38.380001068115234,38.41999816894531,38.349998474121094,38.41999816894531,2746,0.0,0.0
2024-10-10 11:25:00-04:00,38.41999816894531,38.439998626708984,38.334999084472656,38.334999084472656,2975,0.0,0.0
2024-10-10 11:30:00-04:00,38.345001220703125,38.400001525878906,38.345001220703125,38.400001525878906,2117,0.0,0.0
2024-10-10 11:35:00-04:00,38.400001525878906,38.5099983215332,38.400001525878906,38.45000076293945,6587,0.0,0.0
2024-10-10 11:40:00-04:00,38.45000076293945,38.45000076293945,38.40999984741211,38.435001373291016,2566,0.0,0.0
2024-10-10 11:45:00-04:00,38.43000030517578,38.43000030517578,38.400001525878906,38.42499923706055,1146,0.0,0.0
2024-10-10 11:50:00-04:00,38.42499923706055,38.42499923706055,38.36000061035156,38.36000061035156,3977,0.0,0.0
2024-10-10 11:55:00-04:00,38.369998931884766,38.39500045776367,38.369998931884766,38.39500045776367,1052,0.0,0.0
2024-10-10 12:00:00-04:00,38.380001068115234,38.459999084472656,38.380001068115234,38.400001525878906,5002,0.0,0.0
2024-10-10 12:05:00-04:00,38.39500045776367,38.39500045776367,38.39500045776367,38.39500045776367,1203,0.0,0.0
2024-10-10 12:10:00-04:00,38.39500045776367,38.404998779296875,38.38999938964844,38.38999938964844,2238,0.0,0.0
2024-10-10 12:15:00-04:00,38.369998931884766,38.459999084472656,38.34000015258789,38.45500183105469,5168,0.0,0.0
2024-10-10 12:20:00-04:00,38.45500183105469,38.45500183105469,38.43000030517578,38.43000030517578,1066,0.0,0.0
2024-10-10 12:25:00-04:00,38.459999084472656,38.46500015258789,38.400001525878906,38.41999816894531,3860,0.0,0.0
2024-10-10 12:30:00-04:00,38.42499923706055,38.44499969482422,38.40999984741211,38.44499969482422,1485,0.0,0.0
2024-10-10 12:35:00-04:00,38.43000030517578,38.470001220703125,38.43000030517578,38.439998626708984,1291,0.0,0.0
2024-10-10 12:40:00-04:00,38.45000076293945,38.470001220703125,38.43000030517578,38.439998626708984,3218,0.0,0.0
2024-10-10 12:45:00-04:00,38.44499969482422,38.45500183105469,38.39500045776367,38.400001525878906,3001,0.0,0.0
2024-10-10 12:50:00-04:00,38.404998779296875,38.47999954223633,38.404998779296875,38.470001220703125,4192,0.0,0.0
2024-10-10 12:55:00-04:00,38.47999954223633,38.5,38.46500015258789,38.48500061035156,3738,0.0,0.0
2024-10-10 13:00:00-04:00,38.48500061035156,38.52000045776367,38.47999954223633,38.494998931884766,26310,0.0,0.0
2024-10-10 13:05:00-04:00,38.47999954223633,38.494998931884766,38.34000015258789,38.35499954223633,4962,0.0,0.0
2024-10-10 13:10:00-04:00,38.40999984741211,38.439998626708984,38.38999938964844,38.41999816894531,1885,0.0,0.0
2024-10-10 13:15:00-04:00,38.41999816894531,38.44499969482422,38.36000061035156,38.43000030517578,6765,0.0,0.0
2024-10-10 13:20:00-04:00,38.41999816894531,38.5,38.41999816894531,38.47999954223633,2989,0.0,0.0
2024-10-10 13:25:00-04:00,38.470001220703125,38.470001220703125,38.380001068115234,38.400001525878906,2669,0.0,0.0
2024-10-10 13:30:00-04:00,38.38999938964844,38.43000030517578,38.38999938964844,38.404998779296875,2348,0.0,0.0
2024-10-10 13:35:00-04:00,38.40999984741211,38.40999984741211,38.369998931884766,38.38999938964844,2836,0.0,0.0
2024-10-10 13:40:00-04:00,38.439998626708984,38.439998626708984,38.41999816894531,38.439998626708984,2057,0.0,0.0
2024-10-10 13:45:00-04:00,38.44499969482422,38.44499969482422,38.369998931884766,38.369998931884766,3741,0.0,0.0
2024-10-10 13:50:00-04:00,38.38999938964844,38.40999984741211,38.349998474121094,38.40999984741211,3422,0.0,0.0
2024-10-10 13:55:00-04:00,38.40999984741211,38.43000030517578,38.400001525878906,38.41999816894531,2917,0.0,0.0
2024-10-10 14:00:00-04:00,38.47999954223633,38.47999954223633,38.43000030517578,38.45000076293945,4400,0.0,0.0
2024-10-10 14:05:00-04:00,38.45000076293945,38.459999084472656,38.400001525878906,38.415000915527344,5118,0.0,0.0
2024-10-10 14:10:00-04:00,38.415000915527344,38.415000915527344,38.400001525878906,38.415000915527344,1318,0.0,0.0
2024-10-10 14:15:00-04:00,38.40999984741211,38.40999984741211,38.369998931884766,38.380001068115234,4752,0.0,0.0
2024-10-10 14:20:00-04:00,38.369998931884766,38.3849983215332,38.36000061035156,38.3849983215332,2345,0.0,0.0
2024-10-10 14:25:00-04:00,38.3849983215332,38.3849983215332,38.380001068115234,38.380001068115234,2567,0.0,0.0
2024-10-10 14:30:00-04:00,38.38999938964844,38.400001525878906,38.369998931884766,38.39500045776367,2162,0.0,0.0
2024-10-10 14:35:00-04:00,38.40999984741211,38.47999954223633,38.38999938964844,38.400001525878906,8062,0.0,0.0
2024-10-10 14:40:00-04:00,38.400001525878906,38.43000030517578,38.380001068115234,38.404998779296875,2624,0.0,0.0
2024-10-10 14:45:00-04:00,38.39500045776367,38.41999816894531,38.3849983215332,38.41999816894531,3137,0.0,0.0
2024-10-10 14:50:00-04:00,38.40999984741211,38.41999816894531,38.40879821777344,38.41999816894531,1692,0.0,0.0
2024-10-10 14:55:00-04:00,38.41999816894531,38.43000030517578,38.40999984741211,38.41999816894531,2633,0.0,0.0
2024-10-10 15:00:00-04:00,38.415000915527344,38.41999816894531,38.40999984741211,38.415000915527344,2495,0.0,0.0
2024-10-10 15:05:00-04:00,38.415000915527344,38.43000030517578,38.40999984741211,38.43000030517578,4903,0.0,0.0
2024-10-10 15:10:00-04:00,38.43000030517578,38.45000076293945,38.369998931884766,38.375,6347,0.0,0.0
2024-10-10 15:15:00-04:00,38.36000061035156,38.38999938964844,38.36000061035156,38.380001068115234,3890,0.0,0.0
2024-10-10 15:20:00-04:00,38.380001068115234,38.41999816894531,38.380001068115234,38.41999816894531,4887,0.0,0.0
2024-10-10 15:25:00-04:00,38.43000030517578,38.43000030517578,38.38999938964844,38.38999938964844,5778,0.0,0.0
2024-10-10 15:30:00-04:00,38.380001068115234,38.38999938964844,38.375,38.3849983215332,4162,0.0,0.0
2024-10-10 15:35:00-04:00,38.38999938964844,38.505001068115234,38.387699127197266,38.459999084472656,17156,0.0,0.0
2024-10-10 15:40:00-04:00,38.459999084472656,38.5,38.45000076293945,38.5,16728,0.0,0.0
2024-10-10 15:45:00-04:00,38.5,38.5,38.4900016784668,38.494998931884766,19475,0.0,0.0
2024-10-10 15:50:00-04:00,38.5,38.52000045776367,38.47999954223633,38.5099983215332,54463,0.0,0.0
2024-10-10 15:55:00-04:00,38.5099983215332,38.61000061035156,38.470001220703125,38.5099983215332,80727,0.0,0.0
2024-10-11 09:30:00-04:00,38.619998931884766,38.88990020751953,38.599998474121094,38.599998474121094,30338,0.0,0.0
2024-10-11 09:35:00-04:00,38.685001373291016,38.720001220703125,38.540000915527344,38.61000061035156,2183,0.0,0.0
2024-10-11 09:40:00-04:00,38.630001068115234,38.80400085449219,38.630001068115234,38.80400085449219,1533,0.0,0.0
2024-10-11 09:45:00-04:00,38.724998474121094,38.810001373291016,38.619998931884766,38.619998931884766,1384,0.0,0.0
2024-10-11 09:50:00-04:00,38.720001220703125,39.0,38.70000076293945,38.94499969482422,7813,0.0,0.0
2024-10-11 09:55:00-04:00,39.0,39.0,38.86000061035156,38.898101806640625,6032,0.0,0.0
2024-10-11 10:00:00-04:00,38.91999816894531,38.93000030517578,38.91999816894531,38.92499923706055,1878,0.0,0.0
2024-10-11 10:05:00-04:00,38.92499923706055,38.97999954223633,38.90999984741211,38.97999954223633,845,0.0,0.0
2024-10-11 10:10:00-04:00,38.9900016784668,39.15999984741211,38.96500015258789,39.11000061035156,11752,0.0,0.0
2024-10-11 10:15:00-04:00,39.119998931884766,39.849998474121094,39.1150016784668,39.81999969482422,59688,0.0,0.0
2024-10-11 10:20:00-04:00,39.849998474121094,39.9900016784668,39.619998931884766,39.69990158081055,19038,0.0,0.0
2024-10-11 10:25:00-04:00,39.66999816894531,39.709999084472656,39.5099983215332,39.52000045776367,3845,0.0,0.0
2024-10-11 10:30:00-04:00,39.584999084472656,39.584999084472656,39.400001525878906,39.488399505615234,7648,0.0,0.0
2024-10-11 10:35:00-04:00,39.4900016784668,39.54499816894531,39.45500183105469,39.54499816894531,6115,0.0,0.0
2024-10-11 10:40:00-04:00,39.54999923706055,39.560001373291016,39.529998779296875,39.54999923706055,1759,0.0,0.0
2024-10-11 10:45:00-04:00,39.540000915527344,39.560001373291016,39.525001525878906,39.529998779296875,3209,0.0,0.0
2024-10-11 10:50:00-04:00,39.5099983215332,39.54499816894531,39.45500183105469,39.54499816894531,4071,0.0,0.0
2024-10-11 10:55:00-04:00,39.54499816894531,39.54499816894531,39.5,39.5,1445,0.0,0.0
2024-10-11 11:00:00-04:00,39.47999954223633,39.529998779296875,39.310001373291016,39.3650016784668,10498,0.0,0.0
2024-10-11 11:05:00-04:00,39.400001525878906,39.400001525878906,39.28499984741211,39.33000183105469,4279,0.0,0.0
2024-10-11 11:10:00-04:00,39.310001373291016,39.46500015258789,39.310001373291016,39.369998931884766,12856,0.0,0.0
2024-10-11 11:15:00-04:00,39.34000015258789,39.34000015258789,39.11000061035156,39.11000061035156,6981,0.0,0.0
2024-10-11 11:20:00-04:00,39.20500183105469,39.2400016784668,39.04999923706055,39.11000061035156,5168,0.0,0.0
2024-10-11 11:25:00-04:00,39.084999084472656,39.119998931884766,39.040000915527344,39.04999923706055,3878,0.0,0.0
2024-10-11 11:30:00-04:00,39.08000183105469,39.154998779296875,39.08000183105469,39.154998779296875,1289,0.0,0.0
2024-10-11 11:35:00-04:00,39.119998931884766,39.220001220703125,39.119998931884766,39.20000076293945,7295,0.0,0.0
2024-10-11 11:40:00-04:00,39.16999816894531,39.16999816894531,39.11000061035156,39.11000061035156,1822,0.0,0.0
2024-10-11 11:45:00-04:00,39.11000061035156,39.16999816894531,39.099998474121094,39.16999816894531,1639,0.0,0.0
2024-10-11 11:50:00-04:00,39.20000076293945,39.20000076293945,39.13999938964844,39.13999938964844,2540,0.0,0.0
2024-10-11 11:55:00-04:00,39.13999938964844,39.17499923706055,39.13999938964844,39.17499923706055,1707,0.0,0.0
2024-10-11 12:00:00-04:00,39.17499923706055,39.220001220703125,39.15999984741211,39.16999816894531,1989,0.0,0.0
2024-10-11 12:05:00-04:00,39.16999816894531,39.20000076293945,39.040000915527344,39.14500045776367,6210,0.0,0.0
2024-10-11 12:10:00-04:00,39.150001525878906,39.15999984741211,39.09000015258789,39.09000015258789,2125,0.0,0.0
2024-10-11 12:15:00-04:00,39.14500045776367,39.14500045776367,39.099998474121094,39.130001068115234,2204,0.0,0.0
2024-10-11 12:20:00-04:00,39.11000061035156,39.11000061035156,39.08000183105469,39.08000183105469,2603,0.0,0.0
2024-10-11 12:25:00-04:00,39.08000183105469,39.09000015258789,39.06999969482422,39.09000015258789,1200,0.0,0.0
2024-10-11 12:30:00-04:00,39.08000183105469,39.11000061035156,39.06999969482422,39.08000183105469,2479,0.0,0.0
2024-10-11 12:35:00-04:00,39.083499908447266,39.083499908447266,39.02000045776367,39.0343017578125,2408,0.0,0.0
2024-10-11 12:40:00-04:00,39.02000045776367,39.04669952392578,39.0099983215332,39.04669952392578,3039,0.0,0.0
2024-10-11 12:45:00-04:00,39.02000045776367,39.020301818847656,39.0,39.0,1299,0.0,0.0
2024-10-11 12:50:00-04:00,39.0099983215332,39.0099983215332,39.0099983215332,39.0099983215332,432,0.0,0.0
2024-10-11 12:55:00-04:00,39.0,39.119998931884766,39.0,39.119998931884766,2788,0.0,0.0
2024-10-11 13:00:00-04:00,39.106998443603516,39.13999938964844,39.099998474121094,39.13999938964844,2767,0.0,0.0
2024-10-11 13:05:00-04:00,39.099998474121094,39.099998474121094,39.029998779296875,39.029998779296875,2481,0.0,0.0
2024-10-11 13:10:00-04:00,39.029998779296875,39.064998626708984,39.02000045776367,39.02000045776367,1490,0.0,0.0
2024-10-11 13:15:00-04:00,39.02000045776367,39.02000045776367,39.0099983215332,39.02000045776367,1167,0.0,0.0
2024-10-11 13:20:00-04:00,39.00659942626953,39.040000915527344,39.00659942626953,39.040000915527344,1979,0.0,0.0
2024-10-11 13:25:00-04:00,39.03499984741211,39.13999938964844,39.03499984741211,39.102901458740234,4100,0.0,0.0
2024-10-11 13:30:00-04:00,39.08000183105469,39.1242790222168,39.06999969482422,39.088199615478516,1859,0.0,0.0
2024-10-11 13:35:00-04:00,39.095001220703125,39.13999938964844,39.08000183105469,39.119998931884766,3348,0.0,0.0
2024-10-11 13:40:00-04:00,39.14939880371094,39.189998626708984,39.119998931884766,39.189998626708984,6662,0.0,0.0
2024-10-11 13:45:00-04:00,39.20000076293945,39.290000915527344,39.15999984741211,39.290000915527344,1567,0.0,0.0
2024-10-11 13:50:00-04:00,39.189998626708984,39.189998626708984,39.16999816894531,39.18000030517578,2096,0.0,0.0
2024-10-11 13:55:00-04:00,39.15999984741211,39.20000076293945,39.15999984741211,39.16999816894531,3477,0.0,0.0
2024-10-11 14:00:00-04:00,39.16999816894531,39.220001220703125,39.16999816894531,39.21799850463867,4207,0.0,0.0
2024-10-11 14:05:00-04:00,39.224998474121094,39.224998474121094,39.16999816894531,39.185001373291016,2930,0.0,0.0
2024-10-11 14:10:00-04:00,39.18000030517578,39.189998626708984,39.15999984741211,39.17499923706055,1450,0.0,0.0
2024-10-11 14:15:00-04:00,39.189998626708984,39.220001220703125,39.18000030517578,39.20000076293945,3675,0.0,0.0
2024-10-11 14:20:00-04:00,39.20000076293945,39.20000076293945,39.189998626708984,39.189998626708984,1806,0.0,0.0
2024-10-11 14:25:00-04:00,39.189998626708984,39.220001220703125,39.189998626708984,39.20000076293945,2438,0.0,0.0
2024-10-11 14:30:00-04:00,39.20000076293945,39.209999084472656,39.165000915527344,39.165000915527344,5392,0.0,0.0
2024-10-11 14:35:00-04:00,39.150001525878906,39.150001525878906,39.08000183105469,39.095001220703125,3700,0.0,0.0
2024-10-11 14:40:00-04:00,39.06999969482422,39.099998474121094,39.06999969482422,39.099998474121094,1011,0.0,0.0
2024-10-11 14:45:00-04:00,39.095001220703125,39.10499954223633,39.08000183105469,39.08000183105469,2215,0.0,0.0
2024-10-11 14:50:00-04:00,39.08000183105469,39.08000183105469,39.0,39.0181999206543,5603,0.0,0.0
2024-10-11 14:55:00-04:00,39.02000045776367,39.06999969482422,39.01499938964844,39.02989959716797,6293,0.0,0.0
2024-10-11 15:00:00-04:00,39.0099983215332,39.040000915527344,38.994998931884766,39.02000045776367,10546,0.0,0.0
2024-10-11 15:05:00-04:00,39.01499938964844,39.130001068115234,39.0099983215332,39.099998474121094,11293,0.0,0.0
2024-10-11 15:10:00-04:00,39.09000015258789,39.130001068115234,39.060001373291016,39.060001373291016,5734,0.0,0.0
2024-10-11 15:15:00-04:00,39.02000045776367,39.08110046386719,39.02000045776367,39.04999923706055,2362,0.0,0.0
2024-10-11 15:20:00-04:00,39.099998474121094,39.127349853515625,39.08000183105469,39.08000183105469,8773,0.0,0.0
2024-10-11 15:25:00-04:00,39.09000015258789,39.09000015258789,39.0099983215332,39.029998779296875,3837,0.0,0.0
2024-10-11 15:30:00-04:00,39.029998779296875,39.060001373291016,39.02000045776367,39.04759979248047,7122,0.0,0.0
2024-10-11 15:35:00-04:00,39.029998779296875,39.029998779296875,38.939998626708984,38.9900016784668,7417,0.0,0.0
2024-10-11 15:40:00-04:00,39.0,39.0,38.941001892089844,38.970001220703125,8053,0.0,0.0
2024-10-11 15:45:00-04:00,38.952999114990234,39.040000915527344,38.952999114990234,39.02000045776367,14109,0.0,0.0
2024-10-11 15:50:00-04:00,39.02000045776367,39.04999923706055,38.97999954223633,39.025001525878906,32431,0.0,0.0
2024-10-11 15:55:00-04:00,39.02000045776367,39.13999938964844,38.981998443603516,39.130001068115234,68230,0.0,0.0
2024-10-14 09:30:00-04:00,39.40999984741211,39.93000030517578,39.40999984741211,39.45000076293945,6401,0.0,0.0
2024-10-14 09:35:00-04:00,39.650001525878906,39.650001525878906,39.150001525878906,39.150001525878906,379,0.0,0.0
2024-10-14 09:40:00-04:00,39.5099983215332,39.540000915527344,39.4900016784668,39.5,448,0.0,0.0
2024-10-14 09:45:00-04:00,39.4900016784668,39.625,39.4900016784668,39.625,2509,0.0,0.0
2024-10-14 09:50:00-04:00,39.6349983215332,39.654998779296875,39.58000183105469,39.58000183105469,1075,0.0,0.0
2024-10-14 10:00:00-04:00,39.56999969482422,39.63999938964844,39.4900016784668,39.505001068115234,7673,0.0,0.0
2024-10-14 10:05:00-04:00,39.5,39.5,39.5,39.5,704,0.0,0.0
2024-10-14 10:10:00-04:00,39.47999954223633,39.584999084472656,39.47999954223633,39.55500030517578,3175,0.0,0.0
2024-10-14 10:15:00-04:00,39.45000076293945,39.459999084472656,39.45000076293945,39.45000076293945,807,0.0,0.0
2024-10-14 10:20:00-04:00,39.369998931884766,39.459999084472656,39.369998931884766,39.380001068115234,849,0.0,0.0
2024-10-14 10:25:00-04:00,39.459999084472656,39.52000045776367,39.43000030517578,39.43000030517578,1834,0.0,0.0
2024-10-14 10:30:00-04:00,39.45800018310547,39.470001220703125,39.369998931884766,39.470001220703125,3163,0.0,0.0
2024-10-14 10:35:00-04:00,39.400001525878906,39.5,39.400001525878906,39.400001525878906,1346,0.0,0.0
2024-10-14 10:40:00-04:00,39.400001525878906,39.47919845581055,39.34000015258789,39.34000015258789,976,0.0,0.0
2024-10-14 10:45:00-04:00,39.400001525878906,39.45399856567383,39.38999938964844,39.42499923706055,951,0.0,0.0
2024-10-14 10:50:00-04:00,39.400001525878906,39.650001525878906,39.400001525878906,39.650001525878906,8432,0.0,0.0
2024-10-14 10:55:00-04:00,39.564998626708984,39.56999969482422,39.52000045776367,39.56999969482422,817,0.0,0.0
2024-10-14 11:00:00-04:00,39.540000915527344,39.619998931884766,39.5,39.599998474121094,3220,0.0,0.0
2024-10-14 11:05:00-04:00,39.68000030517578,39.72999954223633,39.6775016784668,39.71500015258789,1510,0.0,0.0
2024-10-14 11:10:00-04:00,39.755001068115234,40.0099983215332,39.755001068115234,40.0099983215332,13205,0.0,0.0
2024-10-14 11:15:00-04:00,40.029998779296875,40.10499954223633,40.029998779296875,40.060001373291016,3973,0.0,0.0
2024-10-14 11:20:00-04:00,40.060001373291016,40.08769989013672,40.0,40.02090072631836,5539,0.0,0.0
2024-10-14 11:25:00-04:00,40.02000045776367,40.130001068115234,39.994998931884766,40.130001068115234,4248,0.0,0.0
2024-10-14 11:30:00-04:00,40.099998474121094,40.1349983215332,40.099998474121094,40.130001068115234,1682,0.0,0.0
2024-10-14 11:35:00-04:00,40.119998931884766,40.209999084472656,40.119998931884766,40.209999084472656,4418,0.0,0.0
2024-10-14 11:40:00-04:00,40.21500015258789,40.2588996887207,40.21500015258789,40.2400016784668,1908,0.0,0.0
2024-10-14 11:45:00-04:00,40.22999954223633,40.27000045776367,40.220001220703125,40.220001220703125,2587,0.0,0.0
2024-10-14 11:50:00-04:00,40.22999954223633,40.22999954223633,40.15999984741211,40.15999984741211,2220,0.0,0.0
2024-10-14 11:55:00-04:00,40.15999984741211,40.16999816894531,40.1349983215332,40.16999816894531,2422,0.0,0.0
2024-10-14 12:00:00-04:00,40.130001068115234,40.130001068115234,40.130001068115234,40.130001068115234,242,0.0,0.0
2024-10-14 12:05:00-04:00,40.15999984741211,40.220001220703125,40.1349983215332,40.150001525878906,10704,0.0,0.0
2024-10-14 12:10:00-04:00,40.14500045776367,40.189998626708984,40.13999938964844,40.13999938964844,1538,0.0,0.0
2024-10-14 12:15:00-04:00,40.18000030517578,40.2400016784668,40.119998931884766,40.20000076293945,5610,0.0,0.0
2024-10-14 12:20:00-04:00,40.20000076293945,40.220001220703125,40.189998626708984,40.220001220703125,1596,0.0,0.0
2024-10-14 12:25:00-04:00,40.189998626708984,40.20000076293945,40.08000183105469,40.08000183105469,4392,0.0,0.0
2024-10-14 12:30:00-04:00,40.099998474121094,40.13999938964844,40.099998474121094,40.12070083618164,2827,0.0,0.0
2024-10-14 12:35:00-04:00,40.13999938964844,40.15999984741211,40.08000183105469,40.08000183105469,3896,0.0,0.0
2024-10-14 12:40:00-04:00,40.04999923706055,40.08000183105469,40.040000915527344,40.040000915527344,3211,0.0,0.0
2024-10-14 12:45:00-04:00,40.02000045776367,40.1349983215332,40.02000045776367,40.095001220703125,6672,0.0,0.0
2024-10-14 12:50:00-04:00,40.108001708984375,40.108001708984375,40.040000915527344,40.040000915527344,3896,0.0,0.0
2024-10-14 12:55:00-04:00,40.040000915527344,40.099998474121094,40.01499938964844,40.099998474121094,5004,0.0,0.0
2024-10-14 13:00:00-04:00,40.08409881591797,40.119998931884766,40.040000915527344,40.060001373291016,8942,0.0,0.0
2024-10-14 13:05:00-04:00,40.029998779296875,40.040000915527344,40.0099983215332,40.025001525878906,3926,0.0,0.0
2024-10-14 13:10:00-04:00,40.02000045776367,40.060001373291016,40.02000045776367,40.040000915527344,4797,0.0,0.0
2024-10-14 13:15:00-04:00,40.060001373291016,40.130001068115234,40.060001373291016,40.08000183105469,4846,0.0,0.0
2024-10-14 13:20:00-04:00,40.06999969482422,40.07630157470703,40.029998779296875,40.040000915527344,5134,0.0,0.0
2024-10-14 13:25:00-04:00,39.97999954223633,39.97999954223633,39.93000030517578,39.93000030517578,2345,0.0,0.0
2024-10-14 13:30:00-04:00,39.95000076293945,40.02000045776367,39.95000076293945,39.97999954223633,4753,0.0,0.0
2024-10-14 13:40:00-04:00,39.9900016784668,40.029998779296875,39.9900016784668,40.0,3789,0.0,0.0
2024-10-14 13:45:00-04:00,40.0,40.02000045776367,40.0,40.01499938964844,1435,0.0,0.0
2024-10-14 13:50:00-04:00,40.029998779296875,40.08089828491211,40.02000045776367,40.07500076293945,4718,0.0,0.0
2024-10-14 13:55:00-04:00,40.06999969482422,40.08000183105469,39.97999954223633,40.0099983215332,8256,0.0,0.0
2024-10-14 14:00:00-04:00,39.9900016784668,40.02000045776367,39.959999084472656,40.005001068115234,4045,0.0,0.0
2024-10-14 14:05:00-04:00,40.02000045776367,40.07500076293945,40.02000045776367,40.060001373291016,7390,0.0,0.0
2024-10-14 14:10:00-04:00,40.06999969482422,40.08000183105469,40.04999923706055,40.04999923706055,2709,0.0,0.0
2024-10-14 14:15:00-04:00,40.06999969482422,40.18000030517578,40.04999923706055,40.10499954223633,6992,0.0,0.0
2024-10-14 14:20:00-04:00,40.11000061035156,40.11000061035156,40.03499984741211,40.060001373291016,4228,0.0,0.0
2024-10-14 14:25:00-04:00,40.060001373291016,40.119998931884766,40.060001373291016,40.08000183105469,2558,0.0,0.0
2024-10-14 14:30:00-04:00,40.099998474121094,40.099998474121094,40.084999084472656,40.09000015258789,2018,0.0,0.0
2024-10-14 14:35:00-04:00,40.084999084472656,40.18000030517578,40.084999084472656,40.15999984741211,7931,0.0,0.0
2024-10-14 14:40:00-04:00,40.119998931884766,40.119998931884766,40.119998931884766,40.119998931884766,283,0.0,0.0
2024-10-14 14:45:00-04:00,40.130001068115234,40.150001525878906,40.11000061035156,40.150001525878906,5179,0.0,0.0
2024-10-14 14:50:00-04:00,40.15999984741211,40.189998626708984,40.150001525878906,40.15999984741211,2900,0.0,0.0
2024-10-14 14:55:00-04:00,40.150001525878906,40.150001525878906,40.119998931884766,40.119998931884766,5766,0.0,0.0
2024-10-14 15:00:00-04:00,40.119998931884766,40.310001373291016,40.11000061035156,40.29999923706055,12554,0.0,0.0
2024-10-14 15:05:00-04:00,40.30390167236328,40.30500030517578,40.2400016784668,40.2599983215332,9500,0.0,0.0
2024-10-14 15:10:00-04:00,40.255001068115234,40.27000045776367,40.25,40.25,2522,0.0,0.0
2024-10-14 15:15:00-04:00,40.2599983215332,40.27000045776367,40.244998931884766,40.244998931884766,4621,0.0,0.0
2024-10-14 15:20:00-04:00,40.2400016784668,40.25,40.209999084472656,40.224998474121094,4912,0.0,0.0
2024-10-14 15:25:00-04:00,40.22999954223633,40.23500061035156,40.220001220703125,40.220001220703125,6541,0.0,0.0
2024-10-14 15:30:00-04:00,40.220001220703125,40.255001068115234,40.220001220703125,40.22999954223633,8379,0.0,0.0
2024-10-14 15:35:00-04:00,40.22999954223633,40.2599983215332,40.22999954223633,40.23500061035156,7254,0.0,0.0
2024-10-14 15:40:00-04:00,40.2400016784668,40.2400016784668,40.209999084472656,40.21500015258789,8550,0.0,0.0
2024-10-14 15:45:00-04:00,40.209999084472656,40.209999084472656,40.185001373291016,40.19499969482422,9599,0.0,0.0
2024-10-14 15:50:00-04:00,40.19499969482422,40.220001220703125,40.130001068115234,40.15999984741211,27583,0.0,0.0
2024-10-14 15:55:00-04:00,40.150001525878906,40.18000030517578,40.09000015258789,40.10499954223633,82158,0.0,0.0
2024-10-15 09:30:00-04:00,40.27000045776367,40.380001068115234,40.13999938964844,40.29999923706055,7207,0.0,0.0
2024-10-15 09:35:00-04:00,40.15999984741211,40.34000015258789,40.06999969482422,40.19499969482422,10630,0.0,0.0
2024-10-15 09:40:00-04:00,40.19499969482422,40.310001373291016,40.189998626708984,40.19499969482422,2407,0.0,0.0
2024-10-15 09:45:00-04:00,40.19499969482422,40.349998474121094,40.19499969482422,40.209999084472656,5408,0.0,0.0
2024-10-15 09:50:00-04:00,40.220001220703125,40.220001220703125,40.11000061035156,40.11000061035156,999,0.0,0.0
2024-10-15 09:55:00-04:00,40.11000061035156,40.17499923706055,40.09000015258789,40.17499923706055,987,0.0,0.0
2024-10-15 10:00:00-04:00,40.17499923706055,40.31999969482422,40.15999984741211,40.165000915527344,8691,0.0,0.0
2024-10-15 10:05:00-04:00,40.165000915527344,40.5,40.165000915527344,40.459999084472656,18069,0.0,0.0
2024-10-15 10:10:00-04:00,40.43000030517578,40.5099983215332,40.34000015258789,40.43000030517578,6880,0.0,0.0
2024-10-15 10:15:00-04:00,40.439998626708984,40.7599983215332,40.439998626708984,40.7599983215332,14715,0.0,0.0
2024-10-15 10:20:00-04:00,40.68000030517578,40.88999938964844,40.63999938964844,40.82500076293945,8644,0.0,0.0
2024-10-15 10:25:00-04:00,40.834999084472656,40.869998931884766,40.75,40.75,5100,0.0,0.0
2024-10-15 10:30:00-04:00,40.720001220703125,40.87799835205078,40.66999816894531,40.77149963378906,9105,0.0,0.0
2024-10-15 10:35:00-04:00,40.61000061035156,40.61000061035156,40.61000061035156,40.61000061035156,160,0.0,0.0
2024-10-15 10:40:00-04:00,40.650001525878906,40.650001525878906,40.650001525878906,40.650001525878906,286,0.0,0.0
2024-10-15 10:45:00-04:00,40.72221755981445,40.959999084472656,40.560001373291016,40.915000915527344,39974,0.0,0.0
2024-10-15 10:50:00-04:00,40.939998626708984,40.95000076293945,40.849998474121094,40.900001525878906,4098,0.0,0.0
2024-10-15 10:55:00-04:00,40.900001525878906,40.900001525878906,40.689998626708984,40.814998626708984,19990,0.0,0.0
2024-10-15 11:00:00-04:00,40.814998626708984,40.9995002746582,40.75,40.94919967651367,14509,0.0,0.0
2024-10-15 11:05:00-04:00,40.937198638916016,40.937198638916016,40.937198638916016,40.937198638916016,822,0.0,0.0
2024-10-15 11:10:00-04:00,40.869998931884766,41.0,40.869998931884766,40.983299255371094,9132,0.0,0.0
2024-10-15 11:15:00-04:00,40.95000076293945,40.95500183105469,40.91999816894531,40.95500183105469,1936,0.0,0.0
2024-10-15 11:20:00-04:00,40.97999954223633,41.0,40.96500015258789,40.98500061035156,2175,0.0,0.0
2024-10-15 11:25:00-04:00,41.0,41.0099983215332,40.88999938964844,40.9900016784668,10947,0.0,0.0
2024-10-15 11:30:00-04:00,40.9900016784668,41.029998779296875,40.95000076293945,41.029998779296875,5412,0.0,0.0
2024-10-15 11:35:00-04:00,41.029998779296875,41.029998779296875,40.9900016784668,40.9900016784668,4433,0.0,0.0
2024-10-15 11:40:00-04:00,41.0099983215332,41.08000183105469,41.0099983215332,41.04999923706055,3682,0.0,0.0
2024-10-15 11:45:00-04:00,41.040000915527344,41.040000915527344,40.90999984741211,40.939998626708984,4499,0.0,0.0
2024-10-15 11:50:00-04:00,40.959999084472656,41.0099983215332,40.959999084472656,40.9900016784668,3646,0.0,0.0
2024-10-15 11:55:00-04:00,40.994998931884766,41.005001068115234,40.900001525878906,40.900001525878906,2884,0.0,0.0
2024-10-15 12:00:00-04:00,40.900001525878906,40.97999954223633,40.900001525878906,40.97999954223633,4496,0.0,0.0
2024-10-15 12:05:00-04:00,40.95000076293945,41.0099983215332,40.95000076293945,40.97999954223633,3843,0.0,0.0
2024-10-15 12:10:00-04:00,40.959999084472656,40.9900016784668,40.959999084472656,40.9900016784668,1372,0.0,0.0
2024-10-15 12:15:00-04:00,41.015098571777344,41.04999923706055,41.015098571777344,41.029998779296875,2720,0.0,0.0
2024-10-15 12:20:00-04:00,41.005001068115234,41.005001068115234,40.9900016784668,41.0,3257,0.0,0.0
2024-10-15 12:25:00-04:00,41.0,41.04999923706055,40.9900016784668,41.02000045776367,5528,0.0,0.0
2024-10-15 12:30:00-04:00,41.04999923706055,41.06999969482422,41.04999923706055,41.064998626708984,2743,0.0,0.0
2024-10-15 12:35:00-04:00,41.06999969482422,41.16999816894531,41.06999969482422,41.130001068115234,12597,0.0,0.0
2024-10-15 12:40:00-04:00,41.150901794433594,41.16999816894531,41.01499938964844,41.07500076293945,6501,0.0,0.0
2024-10-15 12:45:00-04:00,41.040000915527344,41.07500076293945,41.040000915527344,41.07500076293945,1370,0.0,0.0
2024-10-15 12:50:00-04:00,41.0099983215332,41.029998779296875,40.9900016784668,40.9900016784668,3738,0.0,0.0
2024-10-15 12:55:00-04:00,41.0099983215332,41.01499938964844,40.9900016784668,40.9900016784668,943,0.0,0.0
2024-10-15 13:00:00-04:00,41.0,41.064998626708984,40.97999954223633,41.040000915527344,5355,0.0,0.0
2024-10-15 13:05:00-04:00,41.04499816894531,41.04499816894531,40.994998931884766,41.02000045776367,2867,0.0,0.0
2024-10-15 13:10:00-04:00,41.02000045776367,41.029998779296875,40.98500061035156,41.02000045776367,3775,0.0,0.0
2024-10-15 13:15:00-04:00,41.02000045776367,41.03499984741211,41.0,41.03499984741211,2582,0.0,0.0
2024-10-15 13:20:00-04:00,41.029998779296875,41.119998931884766,41.029998779296875,41.119998931884766,3752,0.0,0.0
2024-10-15 13:25:00-04:00,41.130001068115234,41.130001068115234,41.125,41.130001068115234,952,0.0,0.0
2024-10-15 13:30:00-04:00,41.130001068115234,41.16999816894531,41.130001068115234,41.150001525878906,5904,0.0,0.0
2024-10-15 13:35:00-04:00,41.145999908447266,41.15999984741211,41.09000015258789,41.15999984741211,6519,0.0,0.0
2024-10-15 13:40:00-04:00,41.15999984741211,41.442298889160156,41.15999984741211,41.40999984741211,16772,0.0,0.0
2024-10-15 13:45:00-04:00,41.43000030517578,41.470001220703125,41.41999816894531,41.459999084472656,7727,0.0,0.0
2024-10-15 13:50:00-04:00,41.45000076293945,41.45000076293945,41.34000015258789,41.439998626708984,6830,0.0,0.0
2024-10-15 13:55:00-04:00,41.404998779296875,41.43000030517578,41.345001220703125,41.345001220703125,4176,0.0,0.0
2024-10-15 14:00:00-04:00,41.345001220703125,41.36000061035156,41.33000183105469,41.349998474121094,3659,0.0,0.0
2024-10-15 14:05:00-04:00,41.36000061035156,41.38999938964844,41.36000061035156,41.368499755859375,2164,0.0,0.0
2024-10-15 14:10:00-04:00,41.380001068115234,41.380001068115234,41.369998931884766,41.369998931884766,1233,0.0,0.0
2024-10-15 14:15:00-04:00,41.318599700927734,41.318599700927734,41.2599983215332,41.2599983215332,2025,0.0,0.0
2024-10-15 14:20:00-04:00,41.314998626708984,41.34000015258789,41.310001373291016,41.310001373291016,2540,0.0,0.0
2024-10-15 14:25:00-04:00,41.29999923706055,41.29999923706055,41.25,41.25,1621,0.0,0.0
2024-10-15 14:30:00-04:00,41.27000045776367,41.40999984741211,41.25,41.33000183105469,7527,0.0,0.0
2024-10-15 14:35:00-04:00,41.29999923706055,41.31999969482422,41.279998779296875,41.290000915527344,2624,0.0,0.0
2024-10-15 14:40:00-04:00,41.29999923706055,41.310001373291016,41.220001220703125,41.29999923706055,6403,0.0,0.0
2024-10-15 14:45:00-04:00,41.30500030517578,41.30500030517578,41.220001220703125,41.255001068115234,7870,0.0,0.0
2024-10-15 14:50:00-04:00,41.2400016784668,41.2400016784668,41.20539855957031,41.220001220703125,3210,0.0,0.0
2024-10-15 14:55:00-04:00,41.22999954223633,41.23889923095703,41.189998626708984,41.189998626708984,6597,0.0,0.0
2024-10-15 15:00:00-04:00,41.209999084472656,41.279998779296875,41.20000076293945,41.2400016784668,7173,0.0,0.0
2024-10-15 15:05:00-04:00,41.2599983215332,41.310001373291016,41.2400016784668,41.26599884033203,7544,0.0,0.0
2024-10-15 15:10:00-04:00,41.2400016784668,41.25,41.20000076293945,41.209999084472656,6011,0.0,0.0
2024-10-15 15:15:00-04:00,41.224998474121094,41.30500030517578,41.224998474121094,41.2599983215332,3033,0.0,0.0
2024-10-15 15:20:00-04:00,41.27000045776367,41.290000915527344,41.2400016784668,41.2400016784668,2112,0.0,0.0
2024-10-15 15:25:00-04:00,41.26499938964844,41.290000915527344,41.2400016784668,41.2400016784668,4804,0.0,0.0
2024-10-15 15:30:00-04:00,41.2599983215332,41.2599983215332,40.959999084472656,41.130001068115234,15857,0.0,0.0
2024-10-15 15:35:00-04:00,41.130001068115234,41.132198333740234,41.040000915527344,41.04999923706055,15463,0.0,0.0
2024-10-15 15:40:00-04:00,41.040000915527344,41.06800079345703,41.0,41.04499816894531,8530,0.0,0.0
2024-10-15 15:45:00-04:00,41.04499816894531,41.220001220703125,40.97999954223633,41.220001220703125,22858,0.0,0.0
2024-10-15 15:50:00-04:00,41.20000076293945,41.20000076293945,41.095001220703125,41.119998931884766,27454,0.0,0.0
2024-10-15 15:55:00-04:00,41.11000061035156,41.11000061035156,40.880001068115234,40.93000030517578,83349,0.0,0.0
2024-10-16 09:30:00-04:00,40.91999816894531,41.400001525878906,40.91999816894531,41.39360046386719,2561,0.0,0.0
2024-10-16 09:35:00-04:00,41.380001068115234,41.380001068115234,41.109798431396484,41.109798431396484,1956,0.0,0.0
2024-10-16 09:40:00-04:00,41.310001373291016,41.310001373291016,41.150001525878906,41.150001525878906,2001,0.0,0.0
2024-10-16 09:45:00-04:00,41.349998474121094,41.439998626708984,41.130001068115234,41.439998626708984,1229,0.0,0.0
2024-10-16 09:50:00-04:00,41.380001068115234,41.70000076293945,41.36000061035156,41.51679992675781,5740,0.0,0.0
2024-10-16 09:55:00-04:00,41.60499954223633,41.67300033569336,41.41999816894531,41.560001373291016,10065,0.0,0.0
2024-10-16 10:00:00-04:00,41.650001525878906,41.86000061035156,41.650001525878906,41.7599983215332,4787,0.0,0.0
2024-10-16 10:05:00-04:00,41.775001525878906,41.970001220703125,41.7599983215332,41.95000076293945,2445,0.0,0.0
2024-10-16 10:10:00-04:00,41.935001373291016,42.0,41.880001068115234,41.880001068115234,1493,0.0,0.0
2024-10-16 10:15:00-04:00,41.92499923706055,42.084999084472656,41.92499923706055,42.029998779296875,10416,0.0,0.0
2024-10-16 10:20:00-04:00,42.0,42.0,41.810001373291016,41.880001068115234,3292,0.0,0.0
2024-10-16 10:25:00-04:00,41.845001220703125,41.880001068115234,41.79499816894531,41.83000183105469,2764,0.0,0.0
2024-10-16 10:30:00-04:00,41.81999969482422,42.0099983215332,41.81999969482422,41.95000076293945,4261,0.0,0.0
2024-10-16 10:35:00-04:00,41.94599914550781,41.94599914550781,41.83000183105469,41.84000015258789,1840,0.0,0.0
2024-10-16 10:40:00-04:00,41.904998779296875,42.11869812011719,41.904998779296875,42.005001068115234,9859,0.0,0.0
2024-10-16 10:45:00-04:00,42.0,42.13999938964844,42.0,42.13999938964844,3516,0.0,0.0
2024-10-16 10:50:00-04:00,42.1349983215332,42.42499923706055,42.10499954223633,42.42499923706055,17014,0.0,0.0
2024-10-16 10:55:00-04:00,42.40999984741211,42.40999984741211,42.09000015258789,42.09000015258789,4967,0.0,0.0
2024-10-16 11:00:00-04:00,42.16999816894531,42.20880126953125,42.15999984741211,42.20000076293945,4455,0.0,0.0
2024-10-16 11:05:00-04:00,42.22999954223633,42.34000015258789,42.20500183105469,42.31999969482422,10017,0.0,0.0
2024-10-16 11:10:00-04:00,42.34000015258789,42.34000015258789,42.2400016784668,42.26810073852539,2358,0.0,0.0
2024-10-16 11:15:00-04:00,42.27000045776367,42.40999984741211,42.209999084472656,42.369998931884766,7058,0.0,0.0
2024-10-16 11:20:00-04:00,42.3650016784668,42.38999938964844,42.33000183105469,42.34000015258789,3022,0.0,0.0
2024-10-16 11:25:00-04:00,42.34000015258789,42.34000015258789,42.25,42.25,1583,0.0,0.0
2024-10-16 11:30:00-04:00,42.2400016784668,42.439998626708984,42.22999954223633,42.439998626708984,5835,0.0,0.0
2024-10-16 11:35:00-04:00,42.439998626708984,42.459999084472656,42.220001220703125,42.29999923706055,5082,0.0,0.0
2024-10-16 11:40:00-04:00,42.290000915527344,42.38999938964844,42.290000915527344,42.349998474121094,3436,0.0,0.0
2024-10-16 11:45:00-04:00,42.34000015258789,42.34000015258789,42.2400016784668,42.244998931884766,3373,0.0,0.0
2024-10-16 11:50:00-04:00,42.25,42.279998779296875,42.220001220703125,42.24700164794922,5071,0.0,0.0
2024-10-16 11:55:00-04:00,42.27000045776367,42.33000183105469,42.27000045776367,42.30500030517578,2729,0.0,0.0
2024-10-16 12:00:00-04:00,42.290000915527344,42.349998474121094,42.27009963989258,42.349998474121094,2966,0.0,0.0
2024-10-16 12:05:00-04:00,42.32500076293945,42.404998779296875,42.32500076293945,42.404998779296875,5992,0.0,0.0
2024-10-16 12:10:00-04:00,42.38999938964844,42.404998779296875,42.18000030517578,42.209999084472656,12884,0.0,0.0
2024-10-16 12:15:00-04:00,42.150001525878906,42.255001068115234,42.07500076293945,42.1150016784668,36333,0.0,0.0
2024-10-16 12:20:00-04:00,42.119998931884766,42.15999984741211,42.095001220703125,42.095001220703125,9388,0.0,0.0
2024-10-16 12:25:00-04:00,42.11000061035156,42.16999816894531,42.040000915527344,42.04999923706055,6560,0.0,0.0
2024-10-16 12:30:00-04:00,42.0099983215332,42.0099983215332,41.91999816894531,42.0,7540,0.0,0.0
2024-10-16 12:35:00-04:00,41.974998474121094,42.04999923706055,41.974998474121094,42.04999923706055,3008,0.0,0.0
2024-10-16 12:40:00-04:00,42.040000915527344,42.040000915527344,41.97999954223633,41.97999954223633,2561,0.0,0.0
2024-10-16 12:45:00-04:00,42.02000045776367,42.029998779296875,41.90999984741211,41.90999984741211,4994,0.0,0.0
2024-10-16 12:50:00-04:00,41.935001373291016,41.94499969482422,41.93000030517578,41.939998626708984,2526,0.0,0.0
2024-10-16 12:55:00-04:00,41.90999984741211,41.90999984741211,41.779998779296875,41.790000915527344,21354,0.0,0.0
2024-10-16 13:00:00-04:00,41.779998779296875,41.82500076293945,41.709999084472656,41.77000045776367,45474,0.0,0.0
2024-10-16 13:05:00-04:00,41.779998779296875,41.78499984741211,41.595001220703125,41.595001220703125,3451,0.0,0.0
2024-10-16 13:10:00-04:00,41.584999084472656,41.75,41.584999084472656,41.65999984741211,3771,0.0,0.0
2024-10-16 13:15:00-04:00,41.63999938964844,41.63999938964844,41.6349983215332,41.6349983215332,786,0.0,0.0
2024-10-16 13:20:00-04:00,41.650001525878906,41.73500061035156,41.6150016784668,41.665000915527344,4219,0.0,0.0
2024-10-16 13:25:00-04:00,41.65999984741211,41.68989944458008,41.630001068115234,41.630001068115234,872,0.0,0.0
2024-10-16 13:30:00-04:00,41.630001068115234,41.63890075683594,41.56999969482422,41.60499954223633,4132,0.0,0.0
2024-10-16 13:35:00-04:00,41.56999969482422,41.66999816894531,41.52000045776367,41.63999938964844,4626,0.0,0.0
2024-10-16 13:40:00-04:00,41.63999938964844,41.720001220703125,41.63999938964844,41.71500015258789,2388,0.0,0.0
2024-10-16 13:45:00-04:00,41.69499969482422,41.709999084472656,41.66999816894531,41.66999816894531,2091,0.0,0.0
2024-10-16 13:50:00-04:00,41.68000030517578,41.709999084472656,41.650001525878906,41.689998626708984,1487,0.0,0.0
2024-10-16 13:55:00-04:00,41.689998626708984,41.849998474121094,41.689998626708984,41.849998474121094,3079,0.0,0.0
2024-10-16 14:00:00-04:00,41.849998474121094,41.935001373291016,41.849998474121094,41.935001373291016,8129,0.0,0.0
2024-10-16 14:05:00-04:00,41.939998626708984,42.02000045776367,41.939998626708984,42.005001068115234,6618,0.0,0.0
2024-10-16 14:10:00-04:00,41.959999084472656,41.959999084472656,41.869998931884766,41.91999816894531,3996,0.0,0.0
2024-10-16 14:15:00-04:00,41.959999084472656,42.11000061035156,41.95500183105469,42.06999969482422,5168,0.0,0.0
2024-10-16 14:20:00-04:00,42.071998596191406,42.119998931884766,42.04499816894531,42.04999923706055,6905,0.0,0.0
2024-10-16 14:25:00-04:00,42.08000183105469,42.099998474121094,42.029998779296875,42.029998779296875,2586,0.0,0.0
2024-10-16 14:30:00-04:00,42.04999923706055,42.04999923706055,41.900001525878906,41.900001525878906,4735,0.0,0.0
2024-10-16 14:35:00-04:00,41.91999816894531,41.91999816894531,41.81999969482422,41.91999816894531,4682,0.0,0.0
2024-10-16 14:40:00-04:00,41.93000030517578,41.93000030517578,41.84000015258789,41.900001525878906,3187,0.0,0.0
2024-10-16 14:45:00-04:00,41.90999984741211,41.959999084472656,41.880001068115234,41.93000030517578,4682,0.0,0.0
2024-10-16 14:50:00-04:00,41.900001525878906,41.900001525878906,41.779998779296875,41.810001373291016,4637,0.0,0.0
2024-10-16 14:55:00-04:00,41.80500030517578,41.84000015258789,41.78499984741211,41.79499816894531,4154,0.0,0.0
2024-10-16 15:00:00-04:00,41.775001525878906,41.91999816894531,41.75,41.91999816894531,11587,0.0,0.0
2024-10-16 15:05:00-04:00,41.90999984741211,41.935001373291016,41.900001525878906,41.91999816894531,5537,0.0,0.0
2024-10-16 15:10:00-04:00,41.959999084472656,42.029998779296875,41.93000030517578,41.93000030517578,7689,0.0,0.0
2024-10-16 15:15:00-04:00,41.91999816894531,41.91999816894531,41.790000915527344,41.88999938964844,10281,0.0,0.0
2024-10-16 15:20:00-04:00,41.86000061035156,41.86000061035156,41.790000915527344,41.83000183105469,4960,0.0,0.0
2024-10-16 15:25:00-04:00,41.84000015258789,41.90999984741211,41.81999969482422,41.86000061035156,10566,0.0,0.0
2024-10-16 15:30:00-04:00,41.86000061035156,41.8650016784668,41.779998779296875,41.79999923706055,5777,0.0,0.0
2024-10-16 15:35:00-04:00,41.79999923706055,41.86000061035156,41.779998779296875,41.849998474121094,5878,0.0,0.0
2024-10-16 15:40:00-04:00,41.84000015258789,41.939998626708984,41.81999969482422,41.90999984741211,11406,0.0,0.0
2024-10-16 15:45:00-04:00,41.904998779296875,42.029998779296875,41.900001525878906,41.97999954223633,25001,0.0,0.0
2024-10-16 15:50:00-04:00,41.98500061035156,42.02000045776367,41.90999984741211,41.97999954223633,13300,0.0,0.0
2024-10-16 15:55:00-04:00,41.97999954223633,41.98500061035156,41.81999969482422,41.91999816894531,49603,0.0,0.0
2024-10-17 09:30:00-04:00,41.959999084472656,42.40999984741211,41.77000045776367,41.904998779296875,6051,0.0,0.0
2024-10-17 09:35:00-04:00,41.84000015258789,41.970001220703125,41.84000015258789,41.970001220703125,1837,0.0,0.0
2024-10-17 09:40:00-04:00,41.91999816894531,41.93000030517578,41.900001525878906,41.93000030517578,1086,0.0,0.0
2024-10-17 09:45:00-04:00,41.959999084472656,41.959999084472656,41.89500045776367,41.939998626708984,3256,0.0,0.0
2024-10-17 09:50:00-04:00,42.0,42.020198822021484,41.989601135253906,42.020198822021484,1421,0.0,0.0
2024-10-17 09:55:00-04:00,41.974998474121094,42.01499938964844,41.974998474121094,42.0,2054,0.0,0.0
2024-10-17 10:00:00-04:00,42.0,42.040000915527344,41.959999084472656,42.0,7235,0.0,0.0
2024-10-17 10:05:00-04:00,42.04999923706055,42.08000183105469,41.95000076293945,41.97999954223633,11321,0.0,0.0
2024-10-17 10:10:00-04:00,42.005001068115234,42.005001068115234,41.97999954223633,41.97999954223633,976,0.0,0.0
2024-10-17 10:15:00-04:00,41.970001220703125,42.02000045776367,41.939998626708984,42.02000045776367,3399,0.0,0.0
2024-10-17 10:20:00-04:00,42.0,42.040000915527344,41.959999084472656,42.01499938964844,4591,0.0,0.0
2024-10-17 10:25:00-04:00,42.01499938964844,42.02000045776367,41.88999938964844,41.88999938964844,1454,0.0,0.0
2024-10-17 10:30:00-04:00,42.027801513671875,42.027801513671875,41.8650016784668,41.8650016784668,1836,0.0,0.0
2024-10-17 10:35:00-04:00,41.86800003051758,41.86800003051758,41.845001220703125,41.845001220703125,1212,0.0,0.0
2024-10-17 10:40:00-04:00,41.790000915527344,41.790000915527344,41.72999954223633,41.7599983215332,1245,0.0,0.0
2024-10-17 10:45:00-04:00,41.775001525878906,41.775001525878906,41.7599983215332,41.7599983215332,1102,0.0,0.0
2024-10-17 10:50:00-04:00,41.775001525878906,41.90999984741211,41.7599983215332,41.90999984741211,6169,0.0,0.0
2024-10-17 10:55:00-04:00,41.869998931884766,41.869998931884766,41.790000915527344,41.80500030517578,2816,0.0,0.0
2024-10-17 11:00:00-04:00,41.80500030517578,41.83000183105469,41.68000030517578,41.68000030517578,6423,0.0,0.0
2024-10-17 11:05:00-04:00,41.66999816894531,41.84000015258789,41.66999816894531,41.83000183105469,3450,0.0,0.0
2024-10-17 11:10:00-04:00,41.82500076293945,41.86069869995117,41.790000915527344,41.790000915527344,1760,0.0,0.0
2024-10-17 11:15:00-04:00,41.790000915527344,41.91999816894531,41.790000915527344,41.900001525878906,2752,0.0,0.0
2024-10-17 11:20:00-04:00,41.900001525878906,41.900001525878906,41.880001068115234,41.880001068115234,594,0.0,0.0
2024-10-17 11:25:00-04:00,41.874000549316406,41.94499969482422,41.874000549316406,41.94499969482422,1159,0.0,0.0
2024-10-17 11:30:00-04:00,41.95500183105469,41.96500015258789,41.95000076293945,41.95000076293945,1712,0.0,0.0
2024-10-17 11:40:00-04:00,41.88999938964844,41.900001525878906,41.88999938964844,41.900001525878906,1435,0.0,0.0
2024-10-17 11:45:00-04:00,41.869998931884766,41.869998931884766,41.86000061035156,41.86000061035156,528,0.0,0.0
2024-10-17 11:50:00-04:00,41.845001220703125,41.89500045776367,41.845001220703125,41.89500045776367,1238,0.0,0.0
2024-10-17 11:55:00-04:00,41.939998626708984,41.939998626708984,41.88010025024414,41.88010025024414,1928,0.0,0.0
2024-10-17 12:00:00-04:00,41.89799880981445,41.900001525878906,41.880001068115234,41.880001068115234,1238,0.0,0.0
2024-10-17 12:05:00-04:00,41.869998931884766,41.8849983215332,41.869998931884766,41.8849983215332,502,0.0,0.0
2024-10-17 12:10:00-04:00,41.88999938964844,41.88999938964844,41.84000015258789,41.84000015258789,3726,0.0,0.0
2024-10-17 12:15:00-04:00,41.86000061035156,41.86000061035156,41.81999969482422,41.81999969482422,1146,0.0,0.0
2024-10-17 12:20:00-04:00,41.83000183105469,41.95000076293945,41.83000183105469,41.91999816894531,3952,0.0,0.0
2024-10-17 12:25:00-04:00,41.939998626708984,41.939998626708984,41.92499923706055,41.92499923706055,1092,0.0,0.0
2024-10-17 12:30:00-04:00,41.88999938964844,41.904998779296875,41.880001068115234,41.880001068115234,1244,0.0,0.0
2024-10-17 12:35:00-04:00,41.880001068115234,41.935001373291016,41.880001068115234,41.935001373291016,1070,0.0,0.0
2024-10-17 12:40:00-04:00,41.959999084472656,41.959999084472656,41.959999084472656,41.959999084472656,860,0.0,0.0
2024-10-17 12:45:00-04:00,41.935001373291016,41.935001373291016,41.93000030517578,41.93000030517578,852,0.0,0.0
2024-10-17 12:50:00-04:00,41.935001373291016,42.0,41.935001373291016,42.0,888,0.0,0.0
2024-10-17 12:55:00-04:00,42.0,42.01499938964844,42.0,42.0099983215332,3017,0.0,0.0
2024-10-17 13:00:00-04:00,41.959999084472656,41.970001220703125,41.90999984741211,41.915000915527344,1361,0.0,0.0
2024-10-17 13:05:00-04:00,41.88999938964844,41.88999938964844,41.869998931884766,41.8849983215332,1419,0.0,0.0
2024-10-17 13:10:00-04:00,41.8849983215332,41.8849983215332,41.8849983215332,41.8849983215332,648,0.0,0.0
2024-10-17 13:15:00-04:00,41.8849983215332,41.8849983215332,41.880001068115234,41.880001068115234,493,0.0,0.0
2024-10-17 13:20:00-04:00,41.8849983215332,41.8849983215332,41.869998931884766,41.869998931884766,1991,0.0,0.0
2024-10-17 13:25:00-04:00,41.88999938964844,41.88999938964844,41.88999938964844,41.88999938964844,519,0.0,0.0
2024-10-17 13:30:00-04:00,41.88999938964844,41.90999984741211,41.88999938964844,41.900001525878906,1702,0.0,0.0
2024-10-17 13:35:00-04:00,41.90999984741211,42.0,41.90999984741211,42.0,2730,0.0,0.0
2024-10-17 13:40:00-04:00,41.95000076293945,41.959999084472656,41.90999984741211,41.95000076293945,2287,0.0,0.0
2024-10-17 13:45:00-04:00,41.959999084472656,42.0,41.959999084472656,41.97999954223633,828,0.0,0.0
2024-10-17 13:50:00-04:00,42.0,42.0,41.98500061035156,42.0,3625,0.0,0.0
2024-10-17 13:55:00-04:00,41.97010040283203,42.0,41.97010040283203,42.0,2365,0.0,0.0
2024-10-17 14:00:00-04:00,41.97999954223633,41.98500061035156,41.970001220703125,41.970001220703125,1496,0.0,0.0
2024-10-17 14:05:00-04:00,41.95000076293945,41.95000076293945,41.86000061035156,41.86000061035156,3147,0.0,0.0
2024-10-17 14:10:00-04:00,41.849998474121094,41.849998474121094,41.83000183105469,41.83000183105469,1269,0.0,0.0
2024-10-17 14:15:00-04:00,41.83000183105469,41.83000183105469,41.70000076293945,41.70000076293945,5669,0.0,0.0
2024-10-17 14:20:00-04:00,41.70000076293945,41.7400016784668,41.650001525878906,41.685001373291016,5401,0.0,0.0
2024-10-17 14:25:00-04:00,41.685001373291016,41.709999084472656,41.650001525878906,41.650001525878906,2751,0.0,0.0
2024-10-17 14:30:00-04:00,41.650001525878906,41.68960189819336,41.599998474121094,41.599998474121094,6184,0.0,0.0
2024-10-17 14:35:00-04:00,41.619998931884766,41.619998931884766,41.540000915527344,41.56999969482422,3686,0.0,0.0
2024-10-17 14:40:00-04:00,41.54999923706055,41.56999969482422,41.540000915527344,41.540000915527344,3336,0.0,0.0
2024-10-17 14:45:00-04:00,41.55500030517578,41.650001525878906,41.540000915527344,41.619998931884766,11052,0.0,0.0
2024-10-17 14:50:00-04:00,41.61000061035156,41.630001068115234,41.595001220703125,41.61000061035156,1947,0.0,0.0
2024-10-17 14:55:00-04:00,41.61000061035156,41.61000061035156,41.56999969482422,41.58000183105469,3763,0.0,0.0
2024-10-17 15:00:00-04:00,41.584999084472656,41.619998931884766,41.58000183105469,41.61000061035156,5644,0.0,0.0
2024-10-17 15:05:00-04:00,41.6150016784668,41.6150016784668,41.560001373291016,41.599998474121094,6445,0.0,0.0
2024-10-17 15:10:00-04:00,41.595001220703125,41.63999938964844,41.56999969482422,41.619998931884766,7272,0.0,0.0
2024-10-17 15:15:00-04:00,41.625,41.630001068115234,41.599998474121094,41.599998474121094,2154,0.0,0.0
2024-10-17 15:20:00-04:00,41.599998474121094,41.63999938964844,41.599998474121094,41.619998931884766,7148,0.0,0.0
2024-10-17 15:25:00-04:00,41.630001068115234,41.630001068115234,41.599998474121094,41.6150016784668,5478,0.0,0.0
2024-10-17 15:30:00-04:00,41.599998474121094,41.6150016784668,41.58000183105469,41.58000183105469,7098,0.0,0.0
2024-10-17 15:35:00-04:00,41.58000183105469,41.599998474121094,41.5099983215332,41.5099983215332,9541,0.0,0.0
2024-10-17 15:40:00-04:00,41.5099983215332,41.5099983215332,41.40999984741211,41.43000030517578,14479,0.0,0.0
2024-10-17 15:45:00-04:00,41.43000030517578,41.43000030517578,41.349998474121094,41.38999938964844,16339,0.0,0.0
2024-10-17 15:50:00-04:00,41.369998931884766,41.40999984741211,41.2599983215332,41.400001525878906,29167,0.0,0.0
2024-10-17 15:55:00-04:00,41.404998779296875,41.43000030517578,41.29999923706055,41.29999923706055,83912,0.0,0.0
2024-10-18 09:30:00-04:00,41.45000076293945,41.724998474121094,41.45000076293945,41.564998626708984,15801,0.0,0.0
2024-10-18 09:35:00-04:00,41.47999954223633,41.630001068115234,41.47999954223633,41.61000061035156,738,0.0,0.0
2024-10-18 09:40:00-04:00,41.51499938964844,41.599998474121094,41.5,41.599998474121094,807,0.0,0.0
2024-10-18 09:45:00-04:00,41.459999084472656,41.630001068115234,41.459999084472656,41.540000915527344,1729,0.0,0.0
2024-10-18 09:50:00-04:00,41.529998779296875,41.68000030517578,41.439998626708984,41.66999816894531,2250,0.0,0.0
2024-10-18 09:55:00-04:00,41.70000076293945,41.97999954223633,41.70000076293945,41.97999954223633,1695,0.0,0.0
2024-10-18 10:00:00-04:00,41.68000030517578,41.900001525878906,41.650001525878906,41.875,12508,0.0,0.0
2024-10-18 10:05:00-04:00,41.959999084472656,41.974998474121094,41.8650016784668,41.8650016784668,2268,0.0,0.0
2024-10-18 10:10:00-04:00,41.92499923706055,41.939998626708984,41.79999923706055,41.79999923706055,4160,0.0,0.0
2024-10-18 10:15:00-04:00,41.83000183105469,41.84000015258789,41.75,41.75,3093,0.0,0.0
2024-10-18 10:20:00-04:00,41.63999938964844,41.63999938964844,41.630001068115234,41.630001068115234,549,0.0,0.0
2024-10-18 10:25:00-04:00,41.61000061035156,41.61000061035156,41.540000915527344,41.540000915527344,2251,0.0,0.0
2024-10-18 10:30:00-04:00,41.5099983215332,41.57500076293945,41.5099983215332,41.57500076293945,3788,0.0,0.0
2024-10-18 10:35:00-04:00,41.56999969482422,41.59000015258789,41.5099983215332,41.52000045776367,2303,0.0,0.0
2024-10-18 10:40:00-04:00,41.55500030517578,41.59000015258789,41.54999923706055,41.54999923706055,2374,0.0,0.0
2024-10-18 10:45:00-04:00,41.58000183105469,41.599998474121094,41.58000183105469,41.595001220703125,4543,0.0,0.0
2024-10-18 10:50:00-04:00,41.56999969482422,41.56999969482422,41.439998626708984,41.470001220703125,2246,0.0,0.0
2024-10-18 10:55:00-04:00,41.400001525878906,41.439998626708984,41.31999969482422,41.439998626708984,4847,0.0,0.0
2024-10-18 11:00:00-04:00,41.45500183105469,41.625,41.45000076293945,41.625,3686,0.0,0.0
2024-10-18 11:05:00-04:00,41.595001220703125,41.63999938964844,41.584999084472656,41.619998931884766,1484,0.0,0.0
2024-10-18 11:10:00-04:00,41.599998474121094,41.68000030517578,41.599998474121094,41.68000030517578,2966,0.0,0.0
2024-10-18 11:15:00-04:00,41.59000015258789,41.619998931884766,41.59000015258789,41.6150016784668,858,0.0,0.0
2024-10-18 11:20:00-04:00,41.619998931884766,41.654998779296875,41.529998779296875,41.529998779296875,2062,0.0,0.0
2024-10-18 11:25:00-04:00,41.529998779296875,41.560001373291016,41.52000045776367,41.560001373291016,9768,0.0,0.0
2024-10-18 11:30:00-04:00,41.57550048828125,41.57550048828125,41.56999969482422,41.56999969482422,378,0.0,0.0
2024-10-18 11:35:00-04:00,41.58000183105469,41.68000030517578,41.58000183105469,41.65999984741211,3036,0.0,0.0
2024-10-18 11:40:00-04:00,41.650001525878906,41.65999984741211,41.630001068115234,41.64500045776367,2203,0.0,0.0
2024-10-18 11:45:00-04:00,41.59000015258789,41.59000015258789,41.59000015258789,41.59000015258789,259,0.0,0.0
2024-10-18 11:50:00-04:00,41.59000015258789,41.6349983215332,41.52000045776367,41.54999923706055,2717,0.0,0.0
2024-10-18 11:55:00-04:00,41.595001220703125,41.595001220703125,41.595001220703125,41.595001220703125,551,0.0,0.0
2024-10-18 12:00:00-04:00,41.540000915527344,41.540000915527344,41.529998779296875,41.540000915527344,895,0.0,0.0
2024-10-18 12:05:00-04:00,41.540000915527344,41.560001373291016,41.47999954223633,41.5,5365,0.0,0.0
2024-10-18 12:10:00-04:00,41.51250076293945,41.51499938964844,41.470001220703125,41.470001220703125,2064,0.0,0.0
2024-10-18 12:15:00-04:00,41.5,41.68000030517578,41.5,41.64500045776367,8391,0.0,0.0
2024-10-18 12:25:00-04:00,41.64500045776367,41.650001525878906,41.64500045776367,41.650001525878906,694,0.0,0.0
2024-10-18 12:30:00-04:00,41.654998779296875,41.709999084472656,41.650001525878906,41.709999084472656,1547,0.0,0.0
2024-10-18 12:35:00-04:00,41.63999938964844,41.709999084472656,41.63999938964844,41.709999084472656,552,0.0,0.0
2024-10-18 12:40:00-04:00,41.70000076293945,41.72999954223633,41.66999816894531,41.709999084472656,10074,0.0,0.0
2024-10-18 12:45:00-04:00,41.709999084472656,41.709999084472656,41.689998626708984,41.689998626708984,562,0.0,0.0
2024-10-18 12:50:00-04:00,41.68000030517578,41.7599983215332,41.650001525878906,41.7599983215332,2201,0.0,0.0
2024-10-18 12:55:00-04:00,41.80500030517578,41.834999084472656,41.80500030517578,41.810001373291016,1085,0.0,0.0
2024-10-18 13:00:00-04:00,41.779998779296875,41.779998779296875,41.7599983215332,41.7599983215332,969,0.0,0.0
2024-10-18 13:05:00-04:00,41.7599983215332,41.84000015258789,41.7599983215332,41.83000183105469,1974,0.0,0.0
2024-10-18 13:10:00-04:00,41.880001068115234,41.880001068115234,41.880001068115234,41.880001068115234,118,0.0,0.0
2024-10-18 13:15:00-04:00,41.88690185546875,41.88690185546875,41.81999969482422,41.81999969482422,912,0.0,0.0
2024-10-18 13:20:00-04:00,41.84000015258789,42.0,41.84000015258789,41.948001861572266,3020,0.0,0.0
2024-10-18 13:30:00-04:00,42.0,42.0,42.0,42.0,586,0.0,0.0
2024-10-18 13:35:00-04:00,41.95000076293945,41.95000076293945,41.95000076293945,41.95000076293945,285,0.0,0.0
2024-10-18 13:40:00-04:00,42.0,42.04999923706055,42.0,42.04999923706055,1538,0.0,0.0
2024-10-18 13:45:00-04:00,42.06999969482422,42.0968017578125,42.02000045776367,42.05500030517578,3770,0.0,0.0
2024-10-18 13:50:00-04:00,42.05500030517578,42.05500030517578,42.0099983215332,42.05500030517578,1183,0.0,0.0
2024-10-18 13:55:00-04:00,42.0099983215332,42.0099983215332,42.0099983215332,42.0099983215332,218,0.0,0.0
2024-10-18 14:00:00-04:00,42.0099983215332,42.18960189819336,41.9900016784668,42.18960189819336,5326,0.0,0.0
2024-10-18 14:05:00-04:00,42.220001220703125,42.220001220703125,42.150001525878906,42.150001525878906,889,0.0,0.0
2024-10-18 14:10:00-04:00,42.1349983215332,42.154998779296875,42.09000015258789,42.09000015258789,4531,0.0,0.0
2024-10-18 14:15:00-04:00,42.09000015258789,42.099998474121094,42.040000915527344,42.06999969482422,2414,0.0,0.0
2024-10-18 14:20:00-04:00,42.060001373291016,42.060001373291016,42.04999923706055,42.05099868774414,551,0.0,0.0
2024-10-18 14:25:00-04:00,42.09000015258789,42.099998474121094,42.029998779296875,42.040000915527344,3085,0.0,0.0
2024-10-18 14:30:00-04:00,42.040000915527344,42.040000915527344,41.970001220703125,41.97999954223633,907,0.0,0.0
2024-10-18 14:35:00-04:00,41.97100067138672,42.02000045776367,41.959999084472656,42.02000045776367,3274,0.0,0.0
2024-10-18 14:40:00-04:00,41.97999954223633,42.018001556396484,41.97999954223633,42.0099983215332,2016,0.0,0.0
2024-10-18 14:45:00-04:00,42.02000045776367,42.02000045776367,41.970001220703125,41.9900016784668,3228,0.0,0.0
2024-10-18 14:50:00-04:00,41.97999954223633,41.97999954223633,41.91999816894531,41.91999816894531,2162,0.0,0.0
2024-10-18 14:55:00-04:00,41.90999984741211,41.90999984741211,41.81999969482422,41.86000061035156,3114,0.0,0.0
2024-10-18 15:00:00-04:00,41.83000183105469,41.869998931884766,41.82500076293945,41.869998931884766,17870,0.0,0.0
2024-10-18 15:05:00-04:00,41.900001525878906,41.994998931884766,41.88999938964844,41.9900016784668,2556,0.0,0.0
2024-10-18 15:10:00-04:00,41.9900016784668,42.0,41.900001525878906,41.90599822998047,4412,0.0,0.0
2024-10-18 15:15:00-04:00,41.88999938964844,42.0,41.880001068115234,42.0,5899,0.0,0.0
2024-10-18 15:20:00-04:00,42.02899932861328,42.02899932861328,41.959999084472656,41.959999084472656,1475,0.0,0.0
2024-10-18 15:25:00-04:00,41.99919891357422,42.0,41.98569869995117,41.98569869995117,2173,0.0,0.0
2024-10-18 15:30:00-04:00,41.9900016784668,42.0099983215332,41.834999084472656,41.95000076293945,9113,0.0,0.0
2024-10-18 15:35:00-04:00,41.91999816894531,41.9900016784668,41.89250183105469,41.89250183105469,7505,0.0,0.0
2024-10-18 15:40:00-04:00,41.88999938964844,41.91999816894531,41.869998931884766,41.900001525878906,13244,0.0,0.0
2024-10-18 15:45:00-04:00,41.88999938964844,42.02000045776367,41.88999938964844,41.91999816894531,13598,0.0,0.0
2024-10-18 15:50:00-04:00,41.90999984741211,41.939998626708984,41.77000045776367,41.80799865722656,59571,0.0,0.0
2024-10-18 15:55:00-04:00,41.79999923706055,41.900001525878906,41.650001525878906,41.88999938964844,111595,0.0,0.0
