Datetime,Open,High,Low,Close,Volume,Dividends,Stock Splits
2024-09-20 09:30:00-04:00,8.850000381469727,8.850000381469727,8.760000228881836,8.8100004196167,188465,0.0,0.0
2024-09-20 09:35:00-04:00,8.8100004196167,8.835000038146973,8.800000190734863,8.835000038146973,11805,0.0,0.0
2024-09-20 09:40:00-04:00,8.829999923706055,8.829999923706055,8.770000457763672,8.809900283813477,17906,0.0,0.0
2024-09-20 09:45:00-04:00,8.800000190734863,8.819999694824219,8.789999961853027,8.8100004196167,21197,0.0,0.0
2024-09-20 09:50:00-04:00,8.8149995803833,8.845000267028809,8.8100004196167,8.835000038146973,9831,0.0,0.0
2024-09-20 09:55:00-04:00,8.839900016784668,8.857999801635742,8.8100004196167,8.8100004196167,23130,0.0,0.0
2024-09-20 10:00:00-04:00,8.805299758911133,8.85990047454834,8.805299758911133,8.850000381469727,6579,0.0,0.0
2024-09-20 10:05:00-04:00,8.850000381469727,8.859999656677246,8.84000015258789,8.854999542236328,4305,0.0,0.0
2024-09-20 10:10:00-04:00,8.850000381469727,8.879899978637695,8.850000381469727,8.869999885559082,5072,0.0,0.0
2024-09-20 10:15:00-04:00,8.869999885559082,8.899999618530273,8.854999542236328,8.899999618530273,7039,0.0,0.0
2024-09-20 10:20:00-04:00,8.895000457763672,8.90999984741211,8.890000343322754,8.890000343322754,7042,0.0,0.0
2024-09-20 10:25:00-04:00,8.899999618530273,8.920000076293945,8.899999618530273,8.920000076293945,3714,0.0,0.0
2024-09-20 10:30:00-04:00,8.930000305175781,8.954000473022461,8.930000305175781,8.949999809265137,4751,0.0,0.0
2024-09-20 10:35:00-04:00,8.960000038146973,8.960000038146973,8.940199851989746,8.960000038146973,12215,0.0,0.0
2024-09-20 10:40:00-04:00,8.96500015258789,8.970000267028809,8.960000038146973,8.960000038146973,4554,0.0,0.0
2024-09-20 10:45:00-04:00,8.949999809265137,8.960000038146973,8.949999809265137,8.954999923706055,3764,0.0,0.0
2024-09-20 10:50:00-04:00,8.95989990234375,8.95989990234375,8.949999809265137,8.949999809265137,5098,0.0,0.0
2024-09-20 10:55:00-04:00,8.9399995803833,8.970000267028809,8.9399995803833,8.960000038146973,8548,0.0,0.0
2024-09-20 11:00:00-04:00,8.954999923706055,8.954999923706055,8.944999694824219,8.949199676513672,2452,0.0,0.0
2024-09-20 11:05:00-04:00,8.94909954071045,8.954999923706055,8.9399995803833,8.949999809265137,4316,0.0,0.0
2024-09-20 11:10:00-04:00,8.949999809265137,8.960000038146973,8.949999809265137,8.960000038146973,6855,0.0,0.0
2024-09-20 11:15:00-04:00,8.969300270080566,8.979900360107422,8.969300270080566,8.975000381469727,4016,0.0,0.0
2024-09-20 11:20:00-04:00,8.979999542236328,9.0,8.979999542236328,8.994999885559082,7807,0.0,0.0
2024-09-20 11:25:00-04:00,8.989999771118164,8.989999771118164,8.975000381469727,8.975000381469727,11608,0.0,0.0
2024-09-20 11:30:00-04:00,8.975000381469727,8.979999542236328,8.960000038146973,8.970000267028809,7866,0.0,0.0
2024-09-20 11:35:00-04:00,8.975000381469727,8.98900032043457,8.975000381469727,8.98900032043457,3783,0.0,0.0
2024-09-20 11:40:00-04:00,8.989999771118164,9.017399787902832,8.984999656677246,9.017399787902832,37508,0.0,0.0
2024-09-20 11:45:00-04:00,9.015000343322754,9.029999732971191,9.010000228881836,9.029999732971191,5158,0.0,0.0
2024-09-20 11:50:00-04:00,9.024999618530273,9.039999961853027,9.024999618530273,9.03499984741211,9882,0.0,0.0
2024-09-20 11:55:00-04:00,9.03499984741211,9.050000190734863,9.029999732971191,9.03499984741211,11143,0.0,0.0
2024-09-20 12:00:00-04:00,9.039999961853027,9.039999961853027,9.030599594116211,9.03499984741211,7064,0.0,0.0
2024-09-20 12:05:00-04:00,9.029999732971191,9.056400299072266,9.029999732971191,9.050000190734863,13360,0.0,0.0
2024-09-20 12:10:00-04:00,9.059900283813477,9.067399978637695,9.050000190734863,9.0649995803833,3183,0.0,0.0
2024-09-20 12:15:00-04:00,9.0600004196167,9.078900337219238,9.0600004196167,9.069999694824219,4423,0.0,0.0
2024-09-20 12:20:00-04:00,9.0649995803833,9.074999809265137,9.0649995803833,9.074999809265137,3941,0.0,0.0
2024-09-20 12:25:00-04:00,9.079999923706055,9.08899974822998,9.069999694824219,9.074999809265137,9674,0.0,0.0
2024-09-20 12:30:00-04:00,9.074999809265137,9.079999923706055,9.069999694824219,9.074999809265137,4641,0.0,0.0
2024-09-20 12:35:00-04:00,9.079999923706055,9.086600303649902,9.0600004196167,9.0649995803833,13765,0.0,0.0
2024-09-20 12:40:00-04:00,9.060099601745605,9.069999694824219,9.050000190734863,9.069999694824219,14231,0.0,0.0
2024-09-20 12:45:00-04:00,9.0649995803833,9.069999694824219,9.0600004196167,9.069999694824219,3722,0.0,0.0
2024-09-20 12:50:00-04:00,9.074999809265137,9.09000015258789,9.074999809265137,9.09000015258789,13395,0.0,0.0
2024-09-20 12:55:00-04:00,9.09000015258789,9.09000015258789,9.079999923706055,9.085000038146973,2641,0.0,0.0
2024-09-20 13:00:00-04:00,9.079999923706055,9.089900016784668,9.074999809265137,9.074999809265137,7951,0.0,0.0
2024-09-20 13:05:00-04:00,9.079899787902832,9.09000015258789,9.0649995803833,9.0649995803833,21630,0.0,0.0
2024-09-20 13:10:00-04:00,9.0600004196167,9.069999694824219,9.045700073242188,9.050000190734863,13946,0.0,0.0
2024-09-20 13:15:00-04:00,9.049099922180176,9.049099922180176,9.03499984741211,9.03499984741211,2067,0.0,0.0
2024-09-20 13:20:00-04:00,9.029999732971191,9.029999732971191,8.994000434875488,9.0,9771,0.0,0.0
2024-09-20 13:25:00-04:00,9.0,9.010000228881836,9.0,9.0,5552,0.0,0.0
2024-09-20 13:30:00-04:00,9.0,9.010000228881836,9.0,9.010000228881836,5590,0.0,0.0
2024-09-20 13:35:00-04:00,9.010000228881836,9.020000457763672,9.010000228881836,9.010000228881836,2605,0.0,0.0
2024-09-20 13:40:00-04:00,9.020000457763672,9.020000457763672,9.010000228881836,9.020000457763672,3762,0.0,0.0
2024-09-20 13:45:00-04:00,9.020000457763672,9.027600288391113,9.020000457763672,9.024999618530273,6185,0.0,0.0
2024-09-20 13:50:00-04:00,9.024999618530273,9.024999618530273,8.970000267028809,8.970000267028809,48307,0.0,0.0
2024-09-20 13:55:00-04:00,8.965299606323242,8.965299606323242,8.960000038146973,8.960000038146973,1647,0.0,0.0
2024-09-20 14:00:00-04:00,8.960000038146973,8.960000038146973,8.949999809265137,8.949999809265137,1783,0.0,0.0
2024-09-20 14:05:00-04:00,8.956999778747559,8.959099769592285,8.949999809265137,8.954400062561035,2715,0.0,0.0
2024-09-20 14:10:00-04:00,8.960000038146973,8.970000267028809,8.954999923706055,8.970000267028809,10603,0.0,0.0
2024-09-20 14:15:00-04:00,8.969200134277344,8.979999542236328,8.969200134277344,8.979999542236328,5582,0.0,0.0
2024-09-20 14:20:00-04:00,8.979999542236328,8.979999542236328,8.970000267028809,8.970000267028809,737,0.0,0.0
2024-09-20 14:25:00-04:00,8.970000267028809,8.975000381469727,8.970000267028809,8.970000267028809,891,0.0,0.0
2024-09-20 14:30:00-04:00,8.970000267028809,8.970000267028809,8.949999809265137,8.949999809265137,6654,0.0,0.0
2024-09-20 14:35:00-04:00,8.949999809265137,8.949999809265137,8.9399995803833,8.949999809265137,2101,0.0,0.0
2024-09-20 14:40:00-04:00,8.949999809265137,8.968999862670898,8.9399995803833,8.967300415039062,10801,0.0,0.0
2024-09-20 14:45:00-04:00,8.96500015258789,8.974100112915039,8.96500015258789,8.974100112915039,4014,0.0,0.0
2024-09-20 14:50:00-04:00,8.975000381469727,8.975000381469727,8.970000267028809,8.970000267028809,708,0.0,0.0
2024-09-20 14:55:00-04:00,8.970000267028809,8.994999885559082,8.96500015258789,8.96500015258789,32281,0.0,0.0
2024-09-20 15:00:00-04:00,8.960000038146973,8.970000267028809,8.954999923706055,8.960000038146973,9590,0.0,0.0
2024-09-20 15:05:00-04:00,8.96500015258789,8.970000267028809,8.96500015258789,8.96500015258789,4610,0.0,0.0
2024-09-20 15:10:00-04:00,8.970000267028809,8.989999771118164,8.970000267028809,8.975000381469727,36502,0.0,0.0
2024-09-20 15:15:00-04:00,8.975000381469727,8.979999542236328,8.975000381469727,8.975000381469727,4316,0.0,0.0
2024-09-20 15:20:00-04:00,8.979999542236328,8.979999542236328,8.96500015258789,8.96500015258789,8458,0.0,0.0
2024-09-20 15:25:00-04:00,8.96500015258789,8.96500015258789,8.960000038146973,8.960000038146973,4384,0.0,0.0
2024-09-20 15:30:00-04:00,8.96500015258789,8.96500015258789,8.954999923706055,8.956199645996094,18497,0.0,0.0
2024-09-20 15:35:00-04:00,8.949999809265137,8.954999923706055,8.9399995803833,8.944999694824219,17550,0.0,0.0
2024-09-20 15:40:00-04:00,8.944999694824219,8.949999809265137,8.914999961853027,8.914999961853027,23902,0.0,0.0
2024-09-20 15:45:00-04:00,8.90999984741211,8.90999984741211,8.875,8.875,27245,0.0,0.0
2024-09-20 15:50:00-04:00,8.880000114440918,8.880000114440918,8.829999923706055,8.84000015258789,40986,0.0,0.0
2024-09-20 15:55:00-04:00,8.845000267028809,8.869999885559082,8.819999694824219,8.850000381469727,71225,0.0,0.0
2024-09-23 09:30:00-04:00,8.9399995803833,8.940799713134766,8.920000076293945,8.940799713134766,16726,0.0,0.0
2024-09-23 09:35:00-04:00,8.949999809265137,9.010000228881836,8.949999809265137,8.989999771118164,9742,0.0,0.0
2024-09-23 09:40:00-04:00,9.0,9.050000190734863,9.0,9.050000190734863,4702,0.0,0.0
2024-09-23 09:45:00-04:00,9.039999961853027,9.050000190734863,8.989999771118164,9.050000190734863,12172,0.0,0.0
2024-09-23 09:50:00-04:00,9.0600004196167,9.09000015258789,9.0600004196167,9.085000038146973,7177,0.0,0.0
2024-09-23 09:55:00-04:00,9.09000015258789,9.09000015258789,9.079999923706055,9.085000038146973,8719,0.0,0.0
2024-09-23 10:00:00-04:00,9.100000381469727,9.130000114440918,9.100000381469727,9.11989974975586,8479,0.0,0.0
2024-09-23 10:05:00-04:00,9.119799613952637,9.145999908447266,9.114999771118164,9.140000343322754,11626,0.0,0.0
2024-09-23 10:10:00-04:00,9.130000114440918,9.135000228881836,9.125,9.125,5394,0.0,0.0
2024-09-23 10:15:00-04:00,9.119999885559082,9.125,9.114999771118164,9.119999885559082,6779,0.0,0.0
2024-09-23 10:20:00-04:00,9.114999771118164,9.119999885559082,9.109999656677246,9.109999656677246,8656,0.0,0.0
2024-09-23 10:25:00-04:00,9.104999542236328,9.114999771118164,9.104999542236328,9.109999656677246,1976,0.0,0.0
2024-09-23 10:30:00-04:00,9.114999771118164,9.114999771118164,9.100000381469727,9.100000381469727,5841,0.0,0.0
2024-09-23 10:35:00-04:00,9.100000381469727,9.100000381469727,9.0600004196167,9.0600004196167,11633,0.0,0.0
2024-09-23 10:40:00-04:00,9.0600004196167,9.074999809265137,9.0600004196167,9.074999809265137,5045,0.0,0.0
2024-09-23 10:45:00-04:00,9.074999809265137,9.079999923706055,9.0649995803833,9.0649995803833,5381,0.0,0.0
2024-09-23 10:50:00-04:00,9.0649995803833,9.065899848937988,9.06089973449707,9.065899848937988,1925,0.0,0.0
2024-09-23 10:55:00-04:00,9.069999694824219,9.069999694824219,9.0649995803833,9.0649995803833,4009,0.0,0.0
2024-09-23 11:00:00-04:00,9.0600004196167,9.0600004196167,9.03499984741211,9.03499984741211,7563,0.0,0.0
2024-09-23 11:05:00-04:00,9.039199829101562,9.039199829101562,9.024999618530273,9.024999618530273,5232,0.0,0.0
2024-09-23 11:10:00-04:00,9.024999618530273,9.039999961853027,9.020000457763672,9.024999618530273,6845,0.0,0.0
2024-09-23 11:15:00-04:00,9.020000457763672,9.020000457763672,9.010000228881836,9.015999794006348,5065,0.0,0.0
2024-09-23 11:20:00-04:00,9.010000228881836,9.018899917602539,9.010000228881836,9.018899917602539,1746,0.0,0.0
2024-09-23 11:25:00-04:00,9.020000457763672,9.020000457763672,9.010000228881836,9.010000228881836,3379,0.0,0.0
2024-09-23 11:30:00-04:00,9.0,9.005000114440918,8.984999656677246,8.984999656677246,12634,0.0,0.0
2024-09-23 11:35:00-04:00,8.984999656677246,8.989999771118164,8.976900100708008,8.976900100708008,4209,0.0,0.0
2024-09-23 11:40:00-04:00,8.975000381469727,8.979999542236328,8.970000267028809,8.975000381469727,1738,0.0,0.0
2024-09-23 11:45:00-04:00,8.975000381469727,8.989999771118164,8.975000381469727,8.986599922180176,3738,0.0,0.0
2024-09-23 11:50:00-04:00,8.994999885559082,9.010000228881836,8.989999771118164,9.005000114440918,15484,0.0,0.0
2024-09-23 11:55:00-04:00,9.0,9.0,8.975000381469727,8.975000381469727,4059,0.0,0.0
2024-09-23 12:00:00-04:00,8.970000267028809,8.970000267028809,8.960000038146973,8.960000038146973,1625,0.0,0.0
2024-09-23 12:05:00-04:00,8.96500015258789,8.97920036315918,8.96500015258789,8.975000381469727,4104,0.0,0.0
2024-09-23 12:10:00-04:00,8.970000267028809,8.970000267028809,8.949999809265137,8.949999809265137,8761,0.0,0.0
2024-09-23 12:15:00-04:00,8.949999809265137,8.970000267028809,8.944999694824219,8.970000267028809,10157,0.0,0.0
2024-09-23 12:20:00-04:00,8.970000267028809,8.970000267028809,8.96500015258789,8.96500015258789,1738,0.0,0.0
2024-09-23 12:25:00-04:00,8.96500015258789,8.970000267028809,8.960000038146973,8.960000038146973,4824,0.0,0.0
2024-09-23 12:30:00-04:00,8.969200134277344,8.970000267028809,8.960000038146973,8.967000007629395,3812,0.0,0.0
2024-09-23 12:35:00-04:00,8.975000381469727,8.975000381469727,8.970000267028809,8.970000267028809,1048,0.0,0.0
2024-09-23 12:40:00-04:00,8.970000267028809,8.970000267028809,8.970000267028809,8.970000267028809,106,0.0,0.0
2024-09-23 12:45:00-04:00,8.970000267028809,8.975000381469727,8.970000267028809,8.975000381469727,2426,0.0,0.0
2024-09-23 12:50:00-04:00,8.975000381469727,8.975000381469727,8.949999809265137,8.949999809265137,5826,0.0,0.0
2024-09-23 12:55:00-04:00,8.9399995803833,8.95110034942627,8.9399995803833,8.949999809265137,5455,0.0,0.0
2024-09-23 13:00:00-04:00,8.949999809265137,8.949999809265137,8.944999694824219,8.949000358581543,6629,0.0,0.0
2024-09-23 13:05:00-04:00,8.949999809265137,8.960000038146973,8.949999809265137,8.960000038146973,2717,0.0,0.0
2024-09-23 13:10:00-04:00,8.963399887084961,8.96500015258789,8.960000038146973,8.960000038146973,1126,0.0,0.0
2024-09-23 13:15:00-04:00,8.960000038146973,8.96500015258789,8.960000038146973,8.96500015258789,1758,0.0,0.0
2024-09-23 13:20:00-04:00,8.96500015258789,8.96500015258789,8.96500015258789,8.96500015258789,689,0.0,0.0
2024-09-23 13:25:00-04:00,8.960000038146973,8.96500015258789,8.960000038146973,8.96500015258789,999,0.0,0.0
2024-09-23 13:30:00-04:00,8.96500015258789,8.970000267028809,8.96500015258789,8.970000267028809,3470,0.0,0.0
2024-09-23 13:35:00-04:00,8.970100402832031,8.975000381469727,8.970000267028809,8.975000381469727,1651,0.0,0.0
2024-09-23 13:40:00-04:00,8.975000381469727,8.97920036315918,8.975000381469727,8.97920036315918,2175,0.0,0.0
2024-09-23 13:45:00-04:00,8.979999542236328,8.994999885559082,8.975000381469727,8.989999771118164,9063,0.0,0.0
2024-09-23 13:55:00-04:00,8.984999656677246,8.994999885559082,8.984999656677246,8.989999771118164,2992,0.0,0.0
2024-09-23 14:00:00-04:00,8.994999885559082,8.999199867248535,8.989999771118164,8.994999885559082,2068,0.0,0.0
2024-09-23 14:05:00-04:00,8.989999771118164,8.994999885559082,8.989999771118164,8.994999885559082,2378,0.0,0.0
2024-09-23 14:10:00-04:00,8.994999885559082,8.994999885559082,8.989999771118164,8.989999771118164,1584,0.0,0.0
2024-09-23 14:15:00-04:00,8.989999771118164,8.989999771118164,8.989999771118164,8.989999771118164,4689,0.0,0.0
2024-09-23 14:20:00-04:00,8.995800018310547,9.0,8.995800018310547,9.0,3293,0.0,0.0
2024-09-23 14:25:00-04:00,9.010000228881836,9.010000228881836,9.005000114440918,9.010000228881836,3293,0.0,0.0
2024-09-23 14:30:00-04:00,9.010000228881836,9.015000343322754,9.005000114440918,9.015000343322754,8179,0.0,0.0
2024-09-23 14:35:00-04:00,9.015000343322754,9.029999732971191,9.015000343322754,9.020000457763672,4334,0.0,0.0
2024-09-23 14:40:00-04:00,9.024999618530273,9.02929973602295,9.0,9.010000228881836,28241,0.0,0.0
2024-09-23 14:45:00-04:00,9.010000228881836,9.018799781799316,9.010000228881836,9.010000228881836,1929,0.0,0.0
2024-09-23 14:50:00-04:00,9.015000343322754,9.020999908447266,8.989999771118164,8.994999885559082,48777,0.0,0.0
2024-09-23 14:55:00-04:00,8.998700141906738,9.020000457763672,8.979999542236328,8.979999542236328,41529,0.0,0.0
2024-09-23 15:00:00-04:00,8.979999542236328,8.984999656677246,8.960000038146973,8.960000038146973,28124,0.0,0.0
2024-09-23 15:05:00-04:00,8.970000267028809,8.989999771118164,8.96500015258789,8.989999771118164,25638,0.0,0.0
2024-09-23 15:10:00-04:00,8.994999885559082,9.015000343322754,8.994999885559082,9.010000228881836,6187,0.0,0.0
2024-09-23 15:15:00-04:00,9.020000457763672,9.029999732971191,9.020000457763672,9.029999732971191,1481,0.0,0.0
2024-09-23 15:20:00-04:00,9.024999618530273,9.024999618530273,9.010000228881836,9.020000457763672,7852,0.0,0.0
2024-09-23 15:25:00-04:00,9.024999618530273,9.02910041809082,9.024999618530273,9.02910041809082,2900,0.0,0.0
2024-09-23 15:30:00-04:00,9.026825904846191,9.045000076293945,9.02400016784668,9.029999732971191,15577,0.0,0.0
2024-09-23 15:35:00-04:00,9.03499984741211,9.039899826049805,9.020000457763672,9.024999618530273,10895,0.0,0.0
2024-09-23 15:40:00-04:00,9.024999618530273,9.03499984741211,9.020000457763672,9.029999732971191,14246,0.0,0.0
2024-09-23 15:45:00-04:00,9.024999618530273,9.045000076293945,9.024999618530273,9.03499984741211,19791,0.0,0.0
2024-09-23 15:50:00-04:00,9.039999961853027,9.039999961853027,9.010000228881836,9.015000343322754,8786,0.0,0.0
2024-09-23 15:55:00-04:00,9.015000343322754,9.015000343322754,8.984999656677246,8.989999771118164,57855,0.0,0.0
2024-09-24 09:30:00-04:00,9.100000381469727,9.100000381469727,9.0,9.039999961853027,12113,0.0,0.0
2024-09-24 09:35:00-04:00,9.079999923706055,9.119999885559082,9.079999923706055,9.119999885559082,8943,0.0,0.0
2024-09-24 09:40:00-04:00,9.119999885559082,9.130000114440918,9.119999885559082,9.130000114440918,841,0.0,0.0
2024-09-24 09:45:00-04:00,9.125,9.125,9.100000381469727,9.109999656677246,6968,0.0,0.0
2024-09-24 09:50:00-04:00,9.100000381469727,9.140000343322754,9.100000381469727,9.140000343322754,7578,0.0,0.0
2024-09-24 09:55:00-04:00,9.140000343322754,9.149900436401367,9.140000343322754,9.14009952545166,10556,0.0,0.0
2024-09-24 10:00:00-04:00,9.140000343322754,9.15999984741211,9.130000114440918,9.15999984741211,11134,0.0,0.0
2024-09-24 10:05:00-04:00,9.154999732971191,9.175000190734863,9.149999618530273,9.175000190734863,3916,0.0,0.0
2024-09-24 10:10:00-04:00,9.175000190734863,9.180000305175781,9.154999732971191,9.159199714660645,7872,0.0,0.0
2024-09-24 10:15:00-04:00,9.149999618530273,9.149999618530273,9.149999618530273,9.149999618530273,990,0.0,0.0
2024-09-24 10:20:00-04:00,9.149999618530273,9.171299934387207,9.149999618530273,9.154999732971191,12838,0.0,0.0
2024-09-24 10:25:00-04:00,9.15999984741211,9.15999984741211,9.149999618530273,9.149999618530273,1563,0.0,0.0
2024-09-24 10:30:00-04:00,9.154999732971191,9.154999732971191,9.135000228881836,9.135000228881836,14567,0.0,0.0
2024-09-24 10:35:00-04:00,9.130000114440918,9.145000457763672,9.130000114440918,9.145000457763672,3934,0.0,0.0
2024-09-24 10:40:00-04:00,9.149999618530273,9.149999618530273,9.140000343322754,9.149999618530273,6015,0.0,0.0
2024-09-24 10:45:00-04:00,9.149999618530273,9.164999961853027,9.149999618530273,9.164999961853027,1954,0.0,0.0
2024-09-24 10:50:00-04:00,9.164999961853027,9.170000076293945,9.164999961853027,9.170000076293945,7336,0.0,0.0
2024-09-24 10:55:00-04:00,9.170000076293945,9.1850004196167,9.170000076293945,9.1850004196167,3645,0.0,0.0
2024-09-24 11:00:00-04:00,9.1850004196167,9.187899589538574,9.180000305175781,9.187899589538574,1658,0.0,0.0
2024-09-24 11:05:00-04:00,9.1850004196167,9.206000328063965,9.1850004196167,9.204999923706055,5881,0.0,0.0
2024-09-24 11:10:00-04:00,9.204999923706055,9.210000038146973,9.204999923706055,9.204999923706055,3041,0.0,0.0
2024-09-24 11:15:00-04:00,9.204999923706055,9.220000267028809,9.20009994506836,9.204999923706055,6221,0.0,0.0
2024-09-24 11:20:00-04:00,9.199999809265137,9.204999923706055,9.199999809265137,9.204999923706055,848,0.0,0.0
2024-09-24 11:25:00-04:00,9.204999923706055,9.210000038146973,9.204999923706055,9.204999923706055,2161,0.0,0.0
2024-09-24 11:30:00-04:00,9.204999923706055,9.215999603271484,9.199999809265137,9.204999923706055,4939,0.0,0.0
2024-09-24 11:35:00-04:00,9.204999923706055,9.204999923706055,9.194999694824219,9.194999694824219,3757,0.0,0.0
2024-09-24 11:40:00-04:00,9.194999694824219,9.194999694824219,9.1850004196167,9.1850004196167,3787,0.0,0.0
2024-09-24 11:45:00-04:00,9.1850004196167,9.194999694824219,9.180000305175781,9.1899995803833,8657,0.0,0.0
2024-09-24 11:50:00-04:00,9.1899995803833,9.194999694824219,9.1899995803833,9.194999694824219,1972,0.0,0.0
2024-09-24 11:55:00-04:00,9.194999694824219,9.194999694824219,9.1899995803833,9.194999694824219,1151,0.0,0.0
2024-09-24 12:00:00-04:00,9.194999694824219,9.199999809265137,9.1899995803833,9.1899995803833,11440,0.0,0.0
2024-09-24 12:05:00-04:00,9.180000305175781,9.195500373840332,9.180000305175781,9.1899995803833,4869,0.0,0.0
2024-09-24 12:10:00-04:00,9.194999694824219,9.194999694824219,9.1899995803833,9.1899995803833,2123,0.0,0.0
2024-09-24 12:15:00-04:00,9.199999809265137,9.204999923706055,9.199999809265137,9.204999923706055,2639,0.0,0.0
2024-09-24 12:20:00-04:00,9.206700325012207,9.21500015258789,9.204999923706055,9.210000038146973,2336,0.0,0.0
2024-09-24 12:25:00-04:00,9.210000038146973,9.219099998474121,9.199999809265137,9.209099769592285,3509,0.0,0.0
2024-09-24 12:30:00-04:00,9.204999923706055,9.210000038146973,9.204999923706055,9.210000038146973,3475,0.0,0.0
2024-09-24 12:35:00-04:00,9.210000038146973,9.210100173950195,9.210000038146973,9.210000038146973,2035,0.0,0.0
2024-09-24 12:40:00-04:00,9.210000038146973,9.210000038146973,9.20359992980957,9.204999923706055,3338,0.0,0.0
2024-09-24 12:45:00-04:00,9.204999923706055,9.204999923706055,9.204999923706055,9.204999923706055,945,0.0,0.0
2024-09-24 12:50:00-04:00,9.204999923706055,9.210000038146973,9.201199531555176,9.201199531555176,2171,0.0,0.0
2024-09-24 12:55:00-04:00,9.199999809265137,9.199999809265137,9.199999809265137,9.199999809265137,373,0.0,0.0
2024-09-24 13:00:00-04:00,9.220000267028809,9.225000381469727,9.220000267028809,9.225000381469727,9096,0.0,0.0
2024-09-24 13:05:00-04:00,9.220000267028809,9.239999771118164,9.220000267028809,9.239999771118164,6744,0.0,0.0
2024-09-24 13:10:00-04:00,9.230999946594238,9.234999656677246,9.229999542236328,9.234999656677246,2297,0.0,0.0
2024-09-24 13:15:00-04:00,9.239999771118164,9.25,9.239999771118164,9.244999885559082,7370,0.0,0.0
2024-09-24 13:20:00-04:00,9.25,9.260000228881836,9.25,9.255000114440918,3701,0.0,0.0
2024-09-24 13:25:00-04:00,9.255000114440918,9.256400108337402,9.244999885559082,9.244999885559082,5108,0.0,0.0
2024-09-24 13:30:00-04:00,9.244999885559082,9.25,9.239999771118164,9.25,3201,0.0,0.0
2024-09-24 13:35:00-04:00,9.25,9.25,9.239999771118164,9.239999771118164,3934,0.0,0.0
2024-09-24 13:40:00-04:00,9.244999885559082,9.25,9.244999885559082,9.244999885559082,3180,0.0,0.0
2024-09-24 13:45:00-04:00,9.244999885559082,9.265000343322754,9.244999885559082,9.260000228881836,8504,0.0,0.0
2024-09-24 13:50:00-04:00,9.260000228881836,9.265000343322754,9.260000228881836,9.265000343322754,893,0.0,0.0
2024-09-24 13:55:00-04:00,9.260000228881836,9.26669979095459,9.260000228881836,9.26669979095459,770,0.0,0.0
2024-09-24 14:00:00-04:00,9.260000228881836,9.265000343322754,9.25,9.25,3957,0.0,0.0
2024-09-24 14:05:00-04:00,9.250900268554688,9.255000114440918,9.250900268554688,9.255000114440918,2581,0.0,0.0
2024-09-24 14:10:00-04:00,9.255000114440918,9.258999824523926,9.25,9.258999824523926,3933,0.0,0.0
2024-09-24 14:15:00-04:00,9.25,9.255000114440918,9.25,9.255000114440918,2692,0.0,0.0
2024-09-24 14:20:00-04:00,9.255000114440918,9.255000114440918,9.25,9.255000114440918,1677,0.0,0.0
2024-09-24 14:25:00-04:00,9.255000114440918,9.265000343322754,9.255000114440918,9.265000343322754,5025,0.0,0.0
2024-09-24 14:30:00-04:00,9.260000228881836,9.26990032196045,9.255000114440918,9.26990032196045,6847,0.0,0.0
2024-09-24 14:35:00-04:00,9.265000343322754,9.265000343322754,9.244999885559082,9.25,31757,0.0,0.0
2024-09-24 14:40:00-04:00,9.244999885559082,9.244999885559082,9.244999885559082,9.244999885559082,801,0.0,0.0
2024-09-24 14:45:00-04:00,9.244999885559082,9.244999885559082,9.229999542236328,9.234999656677246,18963,0.0,0.0
2024-09-24 14:50:00-04:00,9.229999542236328,9.238800048828125,9.229999542236328,9.229999542236328,2644,0.0,0.0
2024-09-24 14:55:00-04:00,9.234999656677246,9.244999885559082,9.234999656677246,9.244999885559082,21153,0.0,0.0
2024-09-24 15:00:00-04:00,9.255000114440918,9.260000228881836,9.24120044708252,9.24120044708252,11165,0.0,0.0
2024-09-24 15:05:00-04:00,9.239999771118164,9.255000114440918,9.239999771118164,9.255000114440918,4631,0.0,0.0
2024-09-24 15:10:00-04:00,9.255000114440918,9.265000343322754,9.25,9.25,20713,0.0,0.0
2024-09-24 15:15:00-04:00,9.25,9.25529956817627,9.244999885559082,9.255000114440918,33283,0.0,0.0
2024-09-24 15:20:00-04:00,9.255000114440918,9.289999961853027,9.255000114440918,9.281999588012695,18284,0.0,0.0
2024-09-24 15:25:00-04:00,9.28499984741211,9.295000076293945,9.28499984741211,9.295000076293945,2498,0.0,0.0
2024-09-24 15:30:00-04:00,9.295000076293945,9.295000076293945,9.274999618530273,9.274999618530273,20632,0.0,0.0
2024-09-24 15:35:00-04:00,9.274999618530273,9.295000076293945,9.274999618530273,9.295000076293945,12917,0.0,0.0
2024-09-24 15:40:00-04:00,9.295000076293945,9.300000190734863,9.289999961853027,9.295000076293945,19509,0.0,0.0
2024-09-24 15:45:00-04:00,9.295000076293945,9.300000190734863,9.289999961853027,9.295000076293945,12075,0.0,0.0
2024-09-24 15:50:00-04:00,9.295000076293945,9.295000076293945,9.260000228881836,9.274999618530273,26208,0.0,0.0
2024-09-24 15:55:00-04:00,9.274999618530273,9.289999961853027,9.270000457763672,9.28499984741211,42702,0.0,0.0
2024-09-25 09:30:00-04:00,9.210000038146973,9.241000175476074,9.199999809265137,9.229999542236328,8399,0.0,0.0
2024-09-25 09:35:00-04:00,9.227499961853027,9.227499961853027,9.180000305175781,9.180000305175781,2259,0.0,0.0
2024-09-25 09:40:00-04:00,9.210000038146973,9.225000381469727,9.1899995803833,9.204999923706055,5807,0.0,0.0
2024-09-25 09:45:00-04:00,9.199999809265137,9.199999809265137,9.149999618530273,9.15999984741211,7800,0.0,0.0
2024-09-25 09:50:00-04:00,9.164999961853027,9.179699897766113,9.164999961853027,9.175000190734863,2961,0.0,0.0
2024-09-25 09:55:00-04:00,9.180000305175781,9.219799995422363,9.180000305175781,9.219799995422363,7184,0.0,0.0
2024-09-25 10:00:00-04:00,9.229999542236328,9.234999656677246,9.219400405883789,9.220000267028809,9707,0.0,0.0
2024-09-25 10:05:00-04:00,9.225000381469727,9.239999771118164,9.220000267028809,9.238800048828125,4823,0.0,0.0
2024-09-25 10:10:00-04:00,9.229999542236328,9.229999542236328,9.204999923706055,9.210000038146973,6800,0.0,0.0
2024-09-25 10:15:00-04:00,9.21500015258789,9.21500015258789,9.180000305175781,9.180000305175781,10402,0.0,0.0
2024-09-25 10:20:00-04:00,9.170000076293945,9.170000076293945,9.154999732971191,9.154999732971191,3986,0.0,0.0
2024-09-25 10:25:00-04:00,9.149999618530273,9.164999961853027,9.149999618530273,9.15999984741211,5782,0.0,0.0
2024-09-25 10:30:00-04:00,9.170000076293945,9.180000305175781,9.15999984741211,9.164999961853027,5953,0.0,0.0
2024-09-25 10:35:00-04:00,9.15999984741211,9.1899995803833,9.15999984741211,9.180000305175781,9658,0.0,0.0
2024-09-25 10:40:00-04:00,9.175000190734863,9.1806001663208,9.175000190734863,9.175000190734863,4622,0.0,0.0
2024-09-25 10:45:00-04:00,9.180000305175781,9.180000305175781,9.175000190734863,9.179400444030762,1066,0.0,0.0
2024-09-25 10:50:00-04:00,9.170000076293945,9.175000190734863,9.170000076293945,9.170000076293945,3361,0.0,0.0
2024-09-25 10:55:00-04:00,9.175000190734863,9.180000305175781,9.170000076293945,9.177000045776367,5373,0.0,0.0
2024-09-25 11:00:00-04:00,9.1850004196167,9.1899995803833,9.15999984741211,9.163999557495117,10151,0.0,0.0
2024-09-25 11:05:00-04:00,9.15999984741211,9.164999961853027,9.15999984741211,9.164999961853027,1414,0.0,0.0
2024-09-25 11:10:00-04:00,9.164999961853027,9.164999961853027,9.149999618530273,9.154999732971191,2296,0.0,0.0
2024-09-25 11:15:00-04:00,9.154999732971191,9.154999732971191,9.140000343322754,9.140000343322754,15703,0.0,0.0
2024-09-25 11:20:00-04:00,9.130000114440918,9.140000343322754,9.130000114440918,9.130000114440918,4031,0.0,0.0
2024-09-25 11:25:00-04:00,9.135000228881836,9.145000457763672,9.130000114440918,9.130000114440918,5790,0.0,0.0
2024-09-25 11:30:00-04:00,9.125,9.125,9.125,9.125,707,0.0,0.0
2024-09-25 11:35:00-04:00,9.130000114440918,9.130000114440918,9.109999656677246,9.114999771118164,8589,0.0,0.0
2024-09-25 11:40:00-04:00,9.114999771118164,9.114999771118164,9.109999656677246,9.109999656677246,1693,0.0,0.0
2024-09-25 11:45:00-04:00,9.110099792480469,9.110099792480469,9.109999656677246,9.109999656677246,8536,0.0,0.0
2024-09-25 11:50:00-04:00,9.109999656677246,9.109999656677246,9.100000381469727,9.100000381469727,4321,0.0,0.0
2024-09-25 11:55:00-04:00,9.100000381469727,9.119999885559082,9.100000381469727,9.114999771118164,7851,0.0,0.0
2024-09-25 12:00:00-04:00,9.114999771118164,9.140000343322754,9.114999771118164,9.140000343322754,5060,0.0,0.0
2024-09-25 12:05:00-04:00,9.145000457763672,9.145000457763672,9.139200210571289,9.140000343322754,6115,0.0,0.0
2024-09-25 12:10:00-04:00,9.140000343322754,9.154999732971191,9.140000343322754,9.154999732971191,4765,0.0,0.0
2024-09-25 12:15:00-04:00,9.154999732971191,9.154999732971191,9.140000343322754,9.140000343322754,3540,0.0,0.0
2024-09-25 12:20:00-04:00,9.140000343322754,9.154999732971191,9.140000343322754,9.145000457763672,6587,0.0,0.0
2024-09-25 12:25:00-04:00,9.140000343322754,9.149900436401367,9.140000343322754,9.149900436401367,563,0.0,0.0
2024-09-25 12:30:00-04:00,9.140999794006348,9.140999794006348,9.135000228881836,9.135000228881836,6363,0.0,0.0
2024-09-25 12:35:00-04:00,9.140000343322754,9.159099578857422,9.140000343322754,9.154999732971191,3445,0.0,0.0
2024-09-25 12:40:00-04:00,9.154999732971191,9.154999732971191,9.119999885559082,9.119999885559082,6356,0.0,0.0
2024-09-25 12:45:00-04:00,9.119999885559082,9.119999885559082,9.119999885559082,9.119999885559082,4216,0.0,0.0
2024-09-25 12:50:00-04:00,9.119999885559082,9.135000228881836,9.119999885559082,9.135000228881836,4218,0.0,0.0
2024-09-25 12:55:00-04:00,9.140000343322754,9.140000343322754,9.140000343322754,9.140000343322754,117,0.0,0.0
2024-09-25 13:00:00-04:00,9.140000343322754,9.140000343322754,9.135000228881836,9.135000228881836,2159,0.0,0.0
2024-09-25 13:05:00-04:00,9.130000114440918,9.135000228881836,9.130000114440918,9.135000228881836,1431,0.0,0.0
2024-09-25 13:10:00-04:00,9.130000114440918,9.135000228881836,9.125,9.125,11021,0.0,0.0
2024-09-25 13:15:00-04:00,9.130000114440918,9.130000114440918,9.114999771118164,9.114999771118164,2395,0.0,0.0
2024-09-25 13:20:00-04:00,9.114999771118164,9.114999771118164,9.109999656677246,9.114999771118164,1978,0.0,0.0
2024-09-25 13:25:00-04:00,9.11340045928955,9.135000228881836,9.11340045928955,9.114999771118164,7448,0.0,0.0
2024-09-25 13:30:00-04:00,9.109999656677246,9.109999656677246,9.109999656677246,9.109999656677246,580,0.0,0.0
2024-09-25 13:35:00-04:00,9.114999771118164,9.114999771118164,9.109999656677246,9.114999771118164,2606,0.0,0.0
2024-09-25 13:40:00-04:00,9.119999885559082,9.125,9.100000381469727,9.104999542236328,11415,0.0,0.0
2024-09-25 13:45:00-04:00,9.104999542236328,9.114999771118164,9.100000381469727,9.114999771118164,8955,0.0,0.0
2024-09-25 13:50:00-04:00,9.114999771118164,9.130000114440918,9.114999771118164,9.114999771118164,3556,0.0,0.0
2024-09-25 13:55:00-04:00,9.114999771118164,9.125,9.114999771118164,9.125,8660,0.0,0.0
2024-09-25 14:00:00-04:00,9.125,9.135000228881836,9.125,9.125,3128,0.0,0.0
2024-09-25 14:05:00-04:00,9.125,9.125,9.123499870300293,9.123499870300293,2827,0.0,0.0
2024-09-25 14:10:00-04:00,9.130000114440918,9.135000228881836,9.130000114440918,9.135000228881836,2112,0.0,0.0
2024-09-25 14:15:00-04:00,9.130000114440918,9.130000114440918,9.125,9.125,11057,0.0,0.0
2024-09-25 14:20:00-04:00,9.125,9.125,9.119999885559082,9.125,1051,0.0,0.0
2024-09-25 14:25:00-04:00,9.119999885559082,9.135000228881836,9.119999885559082,9.135000228881836,2868,0.0,0.0
2024-09-25 14:30:00-04:00,9.135000228881836,9.140000343322754,9.114999771118164,9.114999771118164,11703,0.0,0.0
2024-09-25 14:35:00-04:00,9.119999885559082,9.128800392150879,9.119999885559082,9.119999885559082,2405,0.0,0.0
2024-09-25 14:40:00-04:00,9.119999885559082,9.125,9.114999771118164,9.125,4486,0.0,0.0
2024-09-25 14:45:00-04:00,9.125,9.125,9.114999771118164,9.119999885559082,3286,0.0,0.0
2024-09-25 14:50:00-04:00,9.119999885559082,9.130000114440918,9.119999885559082,9.125,3790,0.0,0.0
2024-09-25 14:55:00-04:00,9.129300117492676,9.129300117492676,9.119999885559082,9.125,5394,0.0,0.0
2024-09-25 15:00:00-04:00,9.119999885559082,9.130000114440918,9.119999885559082,9.125,1939,0.0,0.0
2024-09-25 15:05:00-04:00,9.125,9.135000228881836,9.125,9.135000228881836,5284,0.0,0.0
2024-09-25 15:10:00-04:00,9.135000228881836,9.138699531555176,9.130000114440918,9.130000114440918,7249,0.0,0.0
2024-09-25 15:15:00-04:00,9.130000114440918,9.135000228881836,9.130000114440918,9.130000114440918,1063,0.0,0.0
2024-09-25 15:20:00-04:00,9.130000114440918,9.139300346374512,9.130000114440918,9.130000114440918,7997,0.0,0.0
2024-09-25 15:25:00-04:00,9.130000114440918,9.140000343322754,9.119999885559082,9.140000343322754,10872,0.0,0.0
2024-09-25 15:30:00-04:00,9.135000228881836,9.140000343322754,9.130000114440918,9.130000114440918,9409,0.0,0.0
2024-09-25 15:35:00-04:00,9.130000114440918,9.135600090026855,9.119999885559082,9.125,9151,0.0,0.0
2024-09-25 15:40:00-04:00,9.119999885559082,9.119999885559082,9.109999656677246,9.109999656677246,8156,0.0,0.0
2024-09-25 15:45:00-04:00,9.109999656677246,9.109999656677246,9.095000267028809,9.100000381469727,18638,0.0,0.0
2024-09-25 15:50:00-04:00,9.100000381469727,9.104999542236328,9.079999923706055,9.085000038146973,26183,0.0,0.0
2024-09-25 15:55:00-04:00,9.09000015258789,9.09000015258789,9.069999694824219,9.069999694824219,52471,0.0,0.0
2024-09-26 09:30:00-04:00,9.140000343322754,9.229999542236328,9.140000343322754,9.229999542236328,12804,0.0,0.0
2024-09-26 09:35:00-04:00,9.220000267028809,9.229999542236328,9.220000267028809,9.220000267028809,6534,0.0,0.0
2024-09-26 09:40:00-04:00,9.2121000289917,9.239999771118164,9.2121000289917,9.229999542236328,7304,0.0,0.0
2024-09-26 09:45:00-04:00,9.239999771118164,9.270000457763672,9.220000267028809,9.239999771118164,24655,0.0,0.0
2024-09-26 09:50:00-04:00,9.260000228881836,9.279999732971191,9.239999771118164,9.272000312805176,14324,0.0,0.0
2024-09-26 09:55:00-04:00,9.270000457763672,9.3100004196167,9.270000457763672,9.289999961853027,17380,0.0,0.0
2024-09-26 10:00:00-04:00,9.289999961853027,9.310099601745605,9.270000457763672,9.279999732971191,7188,0.0,0.0
2024-09-26 10:05:00-04:00,9.274999618530273,9.295000076293945,9.260000228881836,9.260000228881836,11635,0.0,0.0
2024-09-26 10:10:00-04:00,9.255000114440918,9.255000114440918,9.255000114440918,9.255000114440918,714,0.0,0.0
2024-09-26 10:15:00-04:00,9.255000114440918,9.260000228881836,9.229999542236328,9.260000228881836,10903,0.0,0.0
2024-09-26 10:20:00-04:00,9.265000343322754,9.274999618530273,9.260299682617188,9.274999618530273,3007,0.0,0.0
2024-09-26 10:25:00-04:00,9.279999732971191,9.289999961853027,9.279999732971191,9.289999961853027,7673,0.0,0.0
2024-09-26 10:30:00-04:00,9.28499984741211,9.305000305175781,9.279999732971191,9.300000190734863,6636,0.0,0.0
2024-09-26 10:35:00-04:00,9.3100004196167,9.3100004196167,9.298999786376953,9.300000190734863,4443,0.0,0.0
2024-09-26 10:40:00-04:00,9.300000190734863,9.300000190734863,9.279999732971191,9.279999732971191,5523,0.0,0.0
2024-09-26 10:45:00-04:00,9.279999732971191,9.29069995880127,9.279999732971191,9.279999732971191,3235,0.0,0.0
2024-09-26 10:50:00-04:00,9.279999732971191,9.279999732971191,9.260000228881836,9.270000457763672,7771,0.0,0.0
2024-09-26 10:55:00-04:00,9.279999732971191,9.279999732971191,9.279999732971191,9.279999732971191,1260,0.0,0.0
2024-09-26 11:00:00-04:00,9.279999732971191,9.295000076293945,9.279999732971191,9.289999961853027,9288,0.0,0.0
2024-09-26 11:05:00-04:00,9.295000076293945,9.305000305175781,9.289999961853027,9.305000305175781,6783,0.0,0.0
2024-09-26 11:10:00-04:00,9.305000305175781,9.309100151062012,9.279999732971191,9.295000076293945,10487,0.0,0.0
2024-09-26 11:15:00-04:00,9.289999961853027,9.305000305175781,9.289999961853027,9.300600051879883,1488,0.0,0.0
2024-09-26 11:20:00-04:00,9.300000190734863,9.3149995803833,9.300000190734863,9.3100004196167,3524,0.0,0.0
2024-09-26 11:25:00-04:00,9.3100004196167,9.3100004196167,9.3100004196167,9.3100004196167,2352,0.0,0.0
2024-09-26 11:30:00-04:00,9.3100004196167,9.3149995803833,9.3100004196167,9.3100004196167,1469,0.0,0.0
2024-09-26 11:35:00-04:00,9.3100004196167,9.3100004196167,9.295000076293945,9.3100004196167,7501,0.0,0.0
2024-09-26 11:40:00-04:00,9.3100004196167,9.3100004196167,9.300000190734863,9.3100004196167,2691,0.0,0.0
2024-09-26 11:45:00-04:00,9.319999694824219,9.319999694824219,9.319999694824219,9.319999694824219,2497,0.0,0.0
2024-09-26 11:50:00-04:00,9.324999809265137,9.350000381469727,9.319999694824219,9.350000381469727,9203,0.0,0.0
2024-09-26 11:55:00-04:00,9.345000267028809,9.349900245666504,9.34000015258789,9.345000267028809,2788,0.0,0.0
2024-09-26 12:00:00-04:00,9.34000015258789,9.34000015258789,9.3149995803833,9.319999694824219,15417,0.0,0.0
2024-09-26 12:05:00-04:00,9.319999694824219,9.335000038146973,9.319999694824219,9.319999694824219,7092,0.0,0.0
2024-09-26 12:10:00-04:00,9.324999809265137,9.335000038146973,9.324999809265137,9.329999923706055,1934,0.0,0.0
2024-09-26 12:15:00-04:00,9.34000015258789,9.348799705505371,9.324999809265137,9.324999809265137,10238,0.0,0.0
2024-09-26 12:20:00-04:00,9.319999694824219,9.335000038146973,9.3100004196167,9.335000038146973,12438,0.0,0.0
2024-09-26 12:25:00-04:00,9.34000015258789,9.379899978637695,9.34000015258789,9.379899978637695,14273,0.0,0.0
2024-09-26 12:30:00-04:00,9.369999885559082,9.369999885559082,9.359999656677246,9.359999656677246,4465,0.0,0.0
2024-09-26 12:35:00-04:00,9.359999656677246,9.395000457763672,9.359999656677246,9.395000457763672,8839,0.0,0.0
2024-09-26 12:40:00-04:00,9.395000457763672,9.395000457763672,9.385000228881836,9.395000457763672,6043,0.0,0.0
2024-09-26 12:45:00-04:00,9.39009952545166,9.399999618530273,9.39009952545166,9.399999618530273,3319,0.0,0.0
2024-09-26 12:50:00-04:00,9.399999618530273,9.414999961853027,9.399999618530273,9.414999961853027,8659,0.0,0.0
2024-09-26 12:55:00-04:00,9.414999961853027,9.414999961853027,9.399999618530273,9.399999618530273,16024,0.0,0.0
2024-09-26 13:00:00-04:00,9.401000022888184,9.411999702453613,9.399999618530273,9.40999984741211,7511,0.0,0.0
2024-09-26 13:05:00-04:00,9.404999732971191,9.40999984741211,9.399999618530273,9.404999732971191,4493,0.0,0.0
2024-09-26 13:10:00-04:00,9.404999732971191,9.404999732971191,9.380000114440918,9.39009952545166,20130,0.0,0.0
2024-09-26 13:15:00-04:00,9.395000457763672,9.395000457763672,9.359999656677246,9.359999656677246,26276,0.0,0.0
2024-09-26 13:20:00-04:00,9.369999885559082,9.375,9.369999885559082,9.375,2133,0.0,0.0
2024-09-26 13:25:00-04:00,9.369999885559082,9.390000343322754,9.369999885559082,9.390000343322754,6788,0.0,0.0
2024-09-26 13:30:00-04:00,9.390000343322754,9.395000457763672,9.390000343322754,9.394000053405762,836,0.0,0.0
2024-09-26 13:35:00-04:00,9.390000343322754,9.404999732971191,9.385000228881836,9.399999618530273,9140,0.0,0.0
2024-09-26 13:40:00-04:00,9.399999618530273,9.399999618530273,9.390000343322754,9.390000343322754,9049,0.0,0.0
2024-09-26 13:45:00-04:00,9.399999618530273,9.399999618530273,9.390000343322754,9.390000343322754,1904,0.0,0.0
2024-09-26 13:50:00-04:00,9.390000343322754,9.395000457763672,9.380000114440918,9.390000343322754,5861,0.0,0.0
2024-09-26 13:55:00-04:00,9.390000343322754,9.399999618530273,9.390000343322754,9.399999618530273,3698,0.0,0.0
2024-09-26 14:00:00-04:00,9.399999618530273,9.399999618530273,9.390000343322754,9.390000343322754,6203,0.0,0.0
2024-09-26 14:05:00-04:00,9.390000343322754,9.390000343322754,9.390000343322754,9.390000343322754,2156,0.0,0.0
2024-09-26 14:10:00-04:00,9.390000343322754,9.390000343322754,9.369999885559082,9.390000343322754,12829,0.0,0.0
2024-09-26 14:15:00-04:00,9.399999618530273,9.399999618530273,9.390000343322754,9.395000457763672,2262,0.0,0.0
2024-09-26 14:20:00-04:00,9.399999618530273,9.407500267028809,9.390000343322754,9.390000343322754,13213,0.0,0.0
2024-09-26 14:25:00-04:00,9.390000343322754,9.40999984741211,9.390000343322754,9.40999984741211,4979,0.0,0.0
2024-09-26 14:30:00-04:00,9.40999984741211,9.40999984741211,9.404999732971191,9.404999732971191,948,0.0,0.0
2024-09-26 14:35:00-04:00,9.404999732971191,9.414999961853027,9.404999732971191,9.404999732971191,3265,0.0,0.0
2024-09-26 14:40:00-04:00,9.40999984741211,9.414999961853027,9.399999618530273,9.399999618530273,3792,0.0,0.0
2024-09-26 14:45:00-04:00,9.399999618530273,9.404999732971191,9.399999618530273,9.404999732971191,1244,0.0,0.0
2024-09-26 14:50:00-04:00,9.399999618530273,9.40999984741211,9.399999618530273,9.40999984741211,3920,0.0,0.0
2024-09-26 14:55:00-04:00,9.40999984741211,9.419899940490723,9.399999618530273,9.399999618530273,6114,0.0,0.0
2024-09-26 15:00:00-04:00,9.399999618530273,9.404999732971191,9.399999618530273,9.399999618530273,6258,0.0,0.0
2024-09-26 15:05:00-04:00,9.408599853515625,9.408599853515625,9.399999618530273,9.399999618530273,848,0.0,0.0
2024-09-26 15:10:00-04:00,9.404999732971191,9.404999732971191,9.380000114440918,9.399999618530273,16397,0.0,0.0
2024-09-26 15:15:00-04:00,9.395000457763672,9.395000457763672,9.395000457763672,9.395000457763672,1714,0.0,0.0
2024-09-26 15:20:00-04:00,9.395000457763672,9.404999732971191,9.395000457763672,9.404999732971191,8873,0.0,0.0
2024-09-26 15:25:00-04:00,9.404999732971191,9.404999732971191,9.390000343322754,9.390000343322754,10918,0.0,0.0
2024-09-26 15:30:00-04:00,9.390000343322754,9.395000457763672,9.380000114440918,9.395000457763672,14650,0.0,0.0
2024-09-26 15:35:00-04:00,9.395000457763672,9.409000396728516,9.390000343322754,9.404999732971191,7152,0.0,0.0
2024-09-26 15:40:00-04:00,9.40999984741211,9.40999984741211,9.399999618530273,9.399999618530273,11252,0.0,0.0
2024-09-26 15:45:00-04:00,9.404999732971191,9.40999984741211,9.399999618530273,9.399999618530273,13394,0.0,0.0
2024-09-26 15:50:00-04:00,9.404999732971191,9.40999984741211,9.399999618530273,9.404999732971191,9260,0.0,0.0
2024-09-26 15:55:00-04:00,9.404999732971191,9.420000076293945,9.380000114440918,9.390000343322754,52910,0.0,0.0
2024-09-27 09:30:00-04:00,9.380000114440918,9.380000114440918,9.3100004196167,9.369999885559082,9810,0.0,0.0
2024-09-27 09:35:00-04:00,9.380000114440918,9.380000114440918,9.34000015258789,9.34000015258789,6580,0.0,0.0
2024-09-27 09:40:00-04:00,9.335000038146973,9.335000038146973,9.300000190734863,9.300000190734863,7889,0.0,0.0
2024-09-27 09:45:00-04:00,9.289999961853027,9.291999816894531,9.274999618530273,9.28499984741211,10258,0.0,0.0
2024-09-27 09:50:00-04:00,9.279999732971191,9.300000190734863,9.274999618530273,9.295000076293945,11301,0.0,0.0
2024-09-27 09:55:00-04:00,9.295000076293945,9.340299606323242,9.29069995880127,9.34000015258789,10415,0.0,0.0
2024-09-27 10:00:00-04:00,9.350000381469727,9.387999534606934,9.34000015258789,9.380000114440918,14404,0.0,0.0
2024-09-27 10:05:00-04:00,9.380000114440918,9.390000343322754,9.380000114440918,9.385000228881836,8578,0.0,0.0
2024-09-27 10:10:00-04:00,9.390000343322754,9.390000343322754,9.380000114440918,9.385000228881836,1227,0.0,0.0
2024-09-27 10:15:00-04:00,9.390000343322754,9.390000343322754,9.369999885559082,9.369999885559082,7910,0.0,0.0
2024-09-27 10:20:00-04:00,9.364999771118164,9.364999771118164,9.359999656677246,9.364999771118164,3706,0.0,0.0
2024-09-27 10:25:00-04:00,9.364999771118164,9.364999771118164,9.359999656677246,9.364999771118164,1482,0.0,0.0
2024-09-27 10:30:00-04:00,9.364999771118164,9.369999885559082,9.334600448608398,9.334600448608398,24628,0.0,0.0
2024-09-27 10:35:00-04:00,9.329999923706055,9.329999923706055,9.319999694824219,9.319999694824219,5402,0.0,0.0
2024-09-27 10:40:00-04:00,9.3149995803833,9.333999633789062,9.3100004196167,9.333999633789062,4512,0.0,0.0
2024-09-27 10:45:00-04:00,9.34000015258789,9.350000381469727,9.34000015258789,9.34000015258789,6610,0.0,0.0
2024-09-27 10:50:00-04:00,9.335000038146973,9.350000381469727,9.335000038146973,9.350000381469727,4292,0.0,0.0
2024-09-27 10:55:00-04:00,9.350000381469727,9.359999656677246,9.343999862670898,9.345000267028809,4634,0.0,0.0
2024-09-27 11:00:00-04:00,9.345000267028809,9.345000267028809,9.335000038146973,9.335000038146973,6047,0.0,0.0
2024-09-27 11:05:00-04:00,9.331299781799316,9.350000381469727,9.331299781799316,9.350000381469727,4689,0.0,0.0
2024-09-27 11:10:00-04:00,9.359999656677246,9.359999656677246,9.34000015258789,9.359999656677246,5913,0.0,0.0
2024-09-27 11:15:00-04:00,9.359999656677246,9.359999656677246,9.350000381469727,9.350000381469727,4715,0.0,0.0
2024-09-27 11:20:00-04:00,9.350000381469727,9.350000381469727,9.345000267028809,9.350000381469727,5481,0.0,0.0
2024-09-27 11:25:00-04:00,9.34000015258789,9.350000381469727,9.34000015258789,9.345000267028809,3265,0.0,0.0
2024-09-27 11:30:00-04:00,9.346400260925293,9.346400260925293,9.3149995803833,9.3149995803833,11096,0.0,0.0
2024-09-27 11:35:00-04:00,9.3100004196167,9.3100004196167,9.300000190734863,9.300000190734863,5018,0.0,0.0
2024-09-27 11:40:00-04:00,9.305000305175781,9.3100004196167,9.300000190734863,9.303999900817871,4242,0.0,0.0
2024-09-27 11:45:00-04:00,9.3100004196167,9.329999923706055,9.300800323486328,9.329999923706055,8634,0.0,0.0
2024-09-27 11:50:00-04:00,9.329999923706055,9.329999923706055,9.324999809265137,9.324999809265137,5673,0.0,0.0
2024-09-27 11:55:00-04:00,9.319999694824219,9.324999809265137,9.319999694824219,9.319999694824219,4026,0.0,0.0
2024-09-27 12:00:00-04:00,9.3149995803833,9.3149995803833,9.3149995803833,9.3149995803833,1344,0.0,0.0
2024-09-27 12:05:00-04:00,9.319999694824219,9.330100059509277,9.319999694824219,9.330100059509277,4453,0.0,0.0
2024-09-27 12:10:00-04:00,9.335000038146973,9.34000015258789,9.329999923706055,9.335000038146973,5126,0.0,0.0
2024-09-27 12:15:00-04:00,9.335000038146973,9.34000015258789,9.329999923706055,9.329999923706055,3785,0.0,0.0
2024-09-27 12:25:00-04:00,9.329999923706055,9.329999923706055,9.3100004196167,9.3100004196167,13087,0.0,0.0
2024-09-27 12:30:00-04:00,9.304400444030762,9.305000305175781,9.300000190734863,9.300000190734863,1558,0.0,0.0
2024-09-27 12:35:00-04:00,9.305000305175781,9.324999809265137,9.305000305175781,9.319999694824219,7451,0.0,0.0
2024-09-27 12:40:00-04:00,9.319999694824219,9.319999694824219,9.3100004196167,9.3100004196167,2686,0.0,0.0
2024-09-27 12:45:00-04:00,9.3149995803833,9.3149995803833,9.3100004196167,9.3149995803833,2396,0.0,0.0
2024-09-27 12:50:00-04:00,9.3149995803833,9.329999923706055,9.3149995803833,9.329999923706055,10575,0.0,0.0
2024-09-27 12:55:00-04:00,9.329999923706055,9.329999923706055,9.329999923706055,9.329999923706055,253,0.0,0.0
2024-09-27 13:00:00-04:00,9.336000442504883,9.336000442504883,9.329999923706055,9.335000038146973,3206,0.0,0.0
2024-09-27 13:05:00-04:00,9.335000038146973,9.354999542236328,9.335000038146973,9.354999542236328,9082,0.0,0.0
2024-09-27 13:10:00-04:00,9.350000381469727,9.350000381469727,9.350000381469727,9.350000381469727,1075,0.0,0.0
2024-09-27 13:15:00-04:00,9.350000381469727,9.350000381469727,9.335000038146973,9.345000267028809,7827,0.0,0.0
2024-09-27 13:20:00-04:00,9.34000015258789,9.34000015258789,9.34000015258789,9.34000015258789,433,0.0,0.0
2024-09-27 13:25:00-04:00,9.34000015258789,9.34000015258789,9.329999923706055,9.329999923706055,4057,0.0,0.0
2024-09-27 13:30:00-04:00,9.335000038146973,9.335000038146973,9.329999923706055,9.333999633789062,1643,0.0,0.0
2024-09-27 13:35:00-04:00,9.329999923706055,9.329999923706055,9.3100004196167,9.3100004196167,5893,0.0,0.0
2024-09-27 13:40:00-04:00,9.3100004196167,9.3100004196167,9.3100004196167,9.3100004196167,913,0.0,0.0
2024-09-27 13:45:00-04:00,9.3149995803833,9.319999694824219,9.3149995803833,9.3149995803833,3054,0.0,0.0
2024-09-27 13:50:00-04:00,9.3149995803833,9.3149995803833,9.3149995803833,9.3149995803833,450,0.0,0.0
2024-09-27 13:55:00-04:00,9.3149995803833,9.319999694824219,9.3100004196167,9.319999694824219,2019,0.0,0.0
2024-09-27 14:00:00-04:00,9.3149995803833,9.3149995803833,9.3149995803833,9.3149995803833,1704,0.0,0.0
2024-09-27 14:05:00-04:00,9.319999694824219,9.329999923706055,9.3149995803833,9.324999809265137,6940,0.0,0.0
2024-09-27 14:10:00-04:00,9.324299812316895,9.34000015258789,9.324299812316895,9.335000038146973,4838,0.0,0.0
2024-09-27 14:15:00-04:00,9.34000015258789,9.340200424194336,9.34000015258789,9.34000015258789,3573,0.0,0.0
2024-09-27 14:20:00-04:00,9.34000015258789,9.34000015258789,9.34000015258789,9.34000015258789,1126,0.0,0.0
2024-09-27 14:25:00-04:00,9.34000015258789,9.34000015258789,9.305000305175781,9.3100004196167,10377,0.0,0.0
2024-09-27 14:30:00-04:00,9.300000190734863,9.3100004196167,9.300000190734863,9.305000305175781,1406,0.0,0.0
2024-09-27 14:35:00-04:00,9.3100004196167,9.3100004196167,9.305000305175781,9.308899879455566,3112,0.0,0.0
2024-09-27 14:40:00-04:00,9.3100004196167,9.3100004196167,9.300000190734863,9.300000190734863,9079,0.0,0.0
2024-09-27 14:45:00-04:00,9.3100004196167,9.3149995803833,9.305000305175781,9.3100004196167,4257,0.0,0.0
2024-09-27 14:50:00-04:00,9.3149995803833,9.319999694824219,9.3100004196167,9.319000244140625,3030,0.0,0.0
2024-09-27 14:55:00-04:00,9.316499710083008,9.316499710083008,9.3149995803833,9.3149995803833,923,0.0,0.0
2024-09-27 15:00:00-04:00,9.3100004196167,9.318599700927734,9.300000190734863,9.300000190734863,6507,0.0,0.0
2024-09-27 15:05:00-04:00,9.300000190734863,9.300000190734863,9.279999732971191,9.289899826049805,4002,0.0,0.0
2024-09-27 15:10:00-04:00,9.28499984741211,9.289999961853027,9.279999732971191,9.28499984741211,4477,0.0,0.0
2024-09-27 15:15:00-04:00,9.288900375366211,9.288900375366211,9.260000228881836,9.265000343322754,14958,0.0,0.0
2024-09-27 15:20:00-04:00,9.265000343322754,9.270000457763672,9.25,9.25,5996,0.0,0.0
2024-09-27 15:25:00-04:00,9.255000114440918,9.270000457763672,9.25,9.270000457763672,17250,0.0,0.0
2024-09-27 15:30:00-04:00,9.270000457763672,9.27280044555664,9.260000228881836,9.265000343322754,12544,0.0,0.0
2024-09-27 15:35:00-04:00,9.260000228881836,9.265000343322754,9.25,9.260000228881836,24782,0.0,0.0
2024-09-27 15:40:00-04:00,9.260000228881836,9.260000228881836,9.255000114440918,9.255000114440918,5846,0.0,0.0
2024-09-27 15:45:00-04:00,9.255000114440918,9.279999732971191,9.255000114440918,9.260000228881836,47836,0.0,0.0
2024-09-27 15:50:00-04:00,9.260000228881836,9.260000228881836,9.25,9.255000114440918,25905,0.0,0.0
2024-09-27 15:55:00-04:00,9.255000114440918,9.279999732971191,9.255000114440918,9.265000343322754,97765,0.0,0.0
2024-09-30 09:30:00-04:00,9.25,9.25,9.25,9.25,10499,0.0,0.0
2024-09-30 09:35:00-04:00,9.220000267028809,9.220000267028809,9.170000076293945,9.170000076293945,6516,0.0,0.0
2024-09-30 09:40:00-04:00,9.1899995803833,9.210000038146973,9.1899995803833,9.210000038146973,3593,0.0,0.0
2024-09-30 09:45:00-04:00,9.220000267028809,9.220000267028809,9.1899995803833,9.210000038146973,4241,0.0,0.0
2024-09-30 09:50:00-04:00,9.233499526977539,9.249300003051758,9.229999542236328,9.249300003051758,3355,0.0,0.0
2024-09-30 09:55:00-04:00,9.239999771118164,9.244999885559082,9.229999542236328,9.229999542236328,6997,0.0,0.0
2024-09-30 10:00:00-04:00,9.229999542236328,9.234999656677246,9.222100257873535,9.229999542236328,9232,0.0,0.0
2024-09-30 10:05:00-04:00,9.239899635314941,9.239999771118164,9.229999542236328,9.239999771118164,1741,0.0,0.0
2024-09-30 10:10:00-04:00,9.239999771118164,9.244999885559082,9.239999771118164,9.239999771118164,7246,0.0,0.0
2024-09-30 10:15:00-04:00,9.239999771118164,9.244999885559082,9.239999771118164,9.244999885559082,506,0.0,0.0
2024-09-30 10:20:00-04:00,9.244999885559082,9.244999885559082,9.210000038146973,9.220000267028809,24197,0.0,0.0
2024-09-30 10:25:00-04:00,9.225000381469727,9.225000381469727,9.210000038146973,9.21500015258789,4560,0.0,0.0
2024-09-30 10:30:00-04:00,9.21500015258789,9.225000381469727,9.21500015258789,9.225000381469727,1149,0.0,0.0
2024-09-30 10:35:00-04:00,9.225000381469727,9.234999656677246,9.220000267028809,9.225000381469727,6655,0.0,0.0
2024-09-30 10:40:00-04:00,9.229999542236328,9.239999771118164,9.229999542236328,9.239800453186035,2394,0.0,0.0
2024-09-30 10:45:00-04:00,9.239999771118164,9.239999771118164,9.234999656677246,9.239999771118164,3068,0.0,0.0
2024-09-30 10:50:00-04:00,9.239999771118164,9.246000289916992,9.234999656677246,9.234999656677246,6447,0.0,0.0
2024-09-30 10:55:00-04:00,9.234999656677246,9.23900032043457,9.210000038146973,9.210000038146973,8186,0.0,0.0
2024-09-30 11:00:00-04:00,9.220000267028809,9.220000267028809,9.210700035095215,9.210700035095215,3892,0.0,0.0
2024-09-30 11:05:00-04:00,9.21500015258789,9.21500015258789,9.1899995803833,9.1899995803833,6994,0.0,0.0
2024-09-30 11:10:00-04:00,9.199999809265137,9.204999923706055,9.199999809265137,9.199999809265137,8526,0.0,0.0
2024-09-30 11:15:00-04:00,9.204999923706055,9.20989990234375,9.199999809265137,9.199999809265137,4867,0.0,0.0
2024-09-30 11:20:00-04:00,9.199999809265137,9.199999809265137,9.180000305175781,9.180000305175781,5328,0.0,0.0
2024-09-30 11:25:00-04:00,9.170000076293945,9.170000076293945,9.170000076293945,9.170000076293945,1243,0.0,0.0
2024-09-30 11:30:00-04:00,9.170000076293945,9.170000076293945,9.149999618530273,9.15999984741211,12708,0.0,0.0
2024-09-30 11:35:00-04:00,9.170000076293945,9.175000190734863,9.169899940490723,9.170000076293945,9444,0.0,0.0
2024-09-30 11:40:00-04:00,9.170000076293945,9.170000076293945,9.170000076293945,9.170000076293945,1979,0.0,0.0
2024-09-30 11:50:00-04:00,9.170000076293945,9.170000076293945,9.149999618530273,9.149999618530273,6347,0.0,0.0
2024-09-30 11:55:00-04:00,9.154999732971191,9.158900260925293,9.149999618530273,9.150799751281738,1895,0.0,0.0
2024-09-30 12:00:00-04:00,9.154999732971191,9.154999732971191,9.149999618530273,9.149999618530273,640,0.0,0.0
2024-09-30 12:05:00-04:00,9.15999984741211,9.175800323486328,9.15999984741211,9.170000076293945,10822,0.0,0.0
2024-09-30 12:10:00-04:00,9.170000076293945,9.170000076293945,9.149999618530273,9.15999984741211,2989,0.0,0.0
2024-09-30 12:15:00-04:00,9.15999984741211,9.164999961853027,9.15999984741211,9.164999961853027,1741,0.0,0.0
2024-09-30 12:20:00-04:00,9.15999984741211,9.15999984741211,9.14009952545166,9.149999618530273,5934,0.0,0.0
2024-09-30 12:25:00-04:00,9.149999618530273,9.149999618530273,9.145000457763672,9.145000457763672,2583,0.0,0.0
2024-09-30 12:30:00-04:00,9.145000457763672,9.145000457763672,9.140000343322754,9.140000343322754,774,0.0,0.0
2024-09-30 12:35:00-04:00,9.141300201416016,9.148900032043457,9.140000343322754,9.140000343322754,10976,0.0,0.0
2024-09-30 12:40:00-04:00,9.130000114440918,9.130000114440918,9.119999885559082,9.125,4657,0.0,0.0
2024-09-30 12:45:00-04:00,9.119999885559082,9.119999885559082,9.109999656677246,9.109999656677246,2580,0.0,0.0
2024-09-30 12:50:00-04:00,9.104999542236328,9.104999542236328,9.100000381469727,9.104999542236328,1740,0.0,0.0
2024-09-30 12:55:00-04:00,9.100000381469727,9.109999656677246,9.100000381469727,9.104999542236328,1612,0.0,0.0
2024-09-30 13:00:00-04:00,9.106300354003906,9.106300354003906,9.100000381469727,9.104999542236328,1743,0.0,0.0
2024-09-30 13:05:00-04:00,9.109999656677246,9.109999656677246,9.100000381469727,9.100000381469727,9365,0.0,0.0
2024-09-30 13:10:00-04:00,9.100000381469727,9.108799934387207,9.100000381469727,9.100000381469727,783,0.0,0.0
2024-09-30 13:15:00-04:00,9.104999542236328,9.104999542236328,9.100000381469727,9.100000381469727,1280,0.0,0.0
2024-09-30 13:20:00-04:00,9.104999542236328,9.104999542236328,9.09000015258789,9.09000015258789,8205,0.0,0.0
2024-09-30 13:25:00-04:00,9.095000267028809,9.104999542236328,9.095000267028809,9.09589958190918,4640,0.0,0.0
2024-09-30 13:30:00-04:00,9.099800109863281,9.104999542236328,9.099800109863281,9.104999542236328,2547,0.0,0.0
2024-09-30 13:35:00-04:00,9.109000205993652,9.109000205993652,9.104999542236328,9.104999542236328,437,0.0,0.0
2024-09-30 13:40:00-04:00,9.100000381469727,9.100000381469727,9.100000381469727,9.100000381469727,125,0.0,0.0
2024-09-30 13:45:00-04:00,9.105999946594238,9.114999771118164,9.095000267028809,9.100000381469727,12391,0.0,0.0
2024-09-30 13:50:00-04:00,9.094400405883789,9.104999542236328,9.094400405883789,9.104999542236328,5191,0.0,0.0
2024-09-30 13:55:00-04:00,9.100000381469727,9.100000381469727,9.09000015258789,9.09000015258789,2136,0.0,0.0
2024-09-30 14:00:00-04:00,9.09000015258789,9.095000267028809,9.09000015258789,9.09000015258789,4270,0.0,0.0
2024-09-30 14:05:00-04:00,9.085000038146973,9.109999656677246,9.079999923706055,9.109999656677246,10469,0.0,0.0
2024-09-30 14:10:00-04:00,9.109999656677246,9.109999656677246,9.09000015258789,9.09000015258789,6795,0.0,0.0
2024-09-30 14:15:00-04:00,9.085000038146973,9.085000038146973,9.085000038146973,9.085000038146973,154,0.0,0.0
2024-09-30 14:20:00-04:00,9.085000038146973,9.085000038146973,9.074999809265137,9.074999809265137,7283,0.0,0.0
2024-09-30 14:25:00-04:00,9.079999923706055,9.09000015258789,9.079999923706055,9.09000015258789,4893,0.0,0.0
2024-09-30 14:30:00-04:00,9.095000267028809,9.100000381469727,9.095000267028809,9.100000381469727,2327,0.0,0.0
2024-09-30 14:35:00-04:00,9.109999656677246,9.128899574279785,9.109999656677246,9.128899574279785,2400,0.0,0.0
2024-09-30 14:40:00-04:00,9.130000114440918,9.154999732971191,9.130000114440918,9.154999732971191,4979,0.0,0.0
2024-09-30 14:45:00-04:00,9.154999732971191,9.170000076293945,9.154999732971191,9.170000076293945,1728,0.0,0.0
2024-09-30 14:50:00-04:00,9.164999961853027,9.170000076293945,9.15999984741211,9.170000076293945,2236,0.0,0.0
2024-09-30 14:55:00-04:00,9.175000190734863,9.175000190734863,9.170000076293945,9.170000076293945,3694,0.0,0.0
2024-09-30 15:00:00-04:00,9.15999984741211,9.179900169372559,9.15999984741211,9.170100212097168,4687,0.0,0.0
2024-09-30 15:05:00-04:00,9.170100212097168,9.180000305175781,9.15999984741211,9.15999984741211,8551,0.0,0.0
2024-09-30 15:10:00-04:00,9.15999984741211,9.15999984741211,9.125,9.140999794006348,9943,0.0,0.0
2024-09-30 15:15:00-04:00,9.145000457763672,9.154999732971191,9.145000457763672,9.154999732971191,6867,0.0,0.0
2024-09-30 15:20:00-04:00,9.149999618530273,9.15999984741211,9.149999618530273,9.15999984741211,2322,0.0,0.0
2024-09-30 15:25:00-04:00,9.15999984741211,9.15999984741211,9.149999618530273,9.15999984741211,14279,0.0,0.0
2024-09-30 15:30:00-04:00,9.164999961853027,9.164999961853027,9.149999618530273,9.15999984741211,20243,0.0,0.0
2024-09-30 15:35:00-04:00,9.15999984741211,9.180000305175781,9.15999984741211,9.180000305175781,22369,0.0,0.0
2024-09-30 15:40:00-04:00,9.180000305175781,9.1850004196167,9.154999732971191,9.154999732971191,17775,0.0,0.0
2024-09-30 15:45:00-04:00,9.15999984741211,9.175000190734863,9.15999984741211,9.170000076293945,32667,0.0,0.0
2024-09-30 15:50:00-04:00,9.180000305175781,9.1899995803833,9.180000305175781,9.1850004196167,11472,0.0,0.0
2024-09-30 15:55:00-04:00,9.1850004196167,9.204999923706055,9.1850004196167,9.199999809265137,55935,0.0,0.0
2024-10-01 09:30:00-04:00,9.15999984741211,9.15999984741211,9.109999656677246,9.119999885559082,9838,0.0,0.0
2024-10-01 09:35:00-04:00,9.100000381469727,9.119999885559082,9.100000381469727,9.109999656677246,3014,0.0,0.0
2024-10-01 09:40:00-04:00,9.119999885559082,9.130000114440918,9.100000381469727,9.130000114440918,4439,0.0,0.0
2024-10-01 09:45:00-04:00,9.130000114440918,9.210000038146973,9.100000381469727,9.210000038146973,5331,0.0,0.0
2024-10-01 09:50:00-04:00,9.210000038146973,9.229999542236328,9.210000038146973,9.229999542236328,584,0.0,0.0
2024-10-01 09:55:00-04:00,9.239999771118164,9.265000343322754,9.239999771118164,9.265000343322754,486,0.0,0.0
2024-10-01 10:00:00-04:00,9.260000228881836,9.319999694824219,9.220000267028809,9.289999961853027,24973,0.0,0.0
2024-10-01 10:05:00-04:00,9.295000076293945,9.295000076293945,9.260000228881836,9.260000228881836,5480,0.0,0.0
2024-10-01 10:10:00-04:00,9.270000457763672,9.270000457763672,9.260000228881836,9.260000228881836,5083,0.0,0.0
2024-10-01 10:15:00-04:00,9.25,9.25,9.220000267028809,9.220000267028809,2225,0.0,0.0
2024-10-01 10:20:00-04:00,9.229999542236328,9.260000228881836,9.229999542236328,9.260000228881836,6364,0.0,0.0
2024-10-01 10:25:00-04:00,9.255000114440918,9.255000114440918,9.234999656677246,9.239999771118164,4480,0.0,0.0
2024-10-01 10:30:00-04:00,9.25,9.260000228881836,9.25,9.260000228881836,8041,0.0,0.0
2024-10-01 10:35:00-04:00,9.25,9.260000228881836,9.244999885559082,9.260000228881836,1723,0.0,0.0
2024-10-01 10:40:00-04:00,9.260000228881836,9.270000457763672,9.244999885559082,9.270000457763672,4889,0.0,0.0
2024-10-01 10:45:00-04:00,9.270000457763672,9.270000457763672,9.255000114440918,9.261767387390137,6972,0.0,0.0
2024-10-01 10:50:00-04:00,9.265000343322754,9.270299911499023,9.260000228881836,9.265000343322754,2844,0.0,0.0
2024-10-01 10:55:00-04:00,9.270000457763672,9.28499984741211,9.270000457763672,9.28499984741211,2344,0.0,0.0
2024-10-01 11:00:00-04:00,9.28499984741211,9.28499984741211,9.26830005645752,9.26830005645752,10351,0.0,0.0
2024-10-01 11:05:00-04:00,9.265000343322754,9.265000343322754,9.244999885559082,9.244999885559082,2189,0.0,0.0
2024-10-01 11:10:00-04:00,9.239999771118164,9.239999771118164,9.239999771118164,9.239999771118164,561,0.0,0.0
2024-10-01 11:15:00-04:00,9.239999771118164,9.239999771118164,9.200200080871582,9.200200080871582,9412,0.0,0.0
2024-10-01 11:20:00-04:00,9.210000038146973,9.239999771118164,9.210000038146973,9.229999542236328,5291,0.0,0.0
2024-10-01 11:25:00-04:00,9.239999771118164,9.239999771118164,9.232999801635742,9.239999771118164,3887,0.0,0.0
2024-10-01 11:30:00-04:00,9.239999771118164,9.244999885559082,9.237000465393066,9.24429988861084,3722,0.0,0.0
2024-10-01 11:35:00-04:00,9.244999885559082,9.25,9.244999885559082,9.25,3035,0.0,0.0
2024-10-01 11:40:00-04:00,9.255000114440918,9.265000343322754,9.244999885559082,9.244999885559082,4749,0.0,0.0
2024-10-01 11:45:00-04:00,9.249899864196777,9.249899864196777,9.234999656677246,9.239999771118164,3089,0.0,0.0
2024-10-01 11:50:00-04:00,9.25,9.25,9.248000144958496,9.25,1873,0.0,0.0
2024-10-01 11:55:00-04:00,9.25,9.259099960327148,9.229999542236328,9.229999542236328,7648,0.0,0.0
2024-10-01 12:00:00-04:00,9.228910446166992,9.244999885559082,9.228910446166992,9.229999542236328,6520,0.0,0.0
2024-10-01 12:05:00-04:00,9.229999542236328,9.239999771118164,9.229999542236328,9.239999771118164,1489,0.0,0.0
2024-10-01 12:10:00-04:00,9.244999885559082,9.28499984741211,9.244999885559082,9.279999732971191,14491,0.0,0.0
2024-10-01 12:15:00-04:00,9.28499984741211,9.28499984741211,9.28499984741211,9.28499984741211,613,0.0,0.0
2024-10-01 12:20:00-04:00,9.279999732971191,9.279999732971191,9.25,9.25,6560,0.0,0.0
2024-10-01 12:25:00-04:00,9.255000114440918,9.260000228881836,9.255000114440918,9.260000228881836,1637,0.0,0.0
2024-10-01 12:30:00-04:00,9.270000457763672,9.28499984741211,9.270000457763672,9.28499984741211,2116,0.0,0.0
2024-10-01 12:35:00-04:00,9.279999732971191,9.279999732971191,9.270000457763672,9.270000457763672,9206,0.0,0.0
2024-10-01 12:40:00-04:00,9.270000457763672,9.270000457763672,9.270000457763672,9.270000457763672,2214,0.0,0.0
2024-10-01 12:45:00-04:00,9.260000228881836,9.289400100708008,9.260000228881836,9.289400100708008,1937,0.0,0.0
2024-10-01 12:50:00-04:00,9.289999961853027,9.316300392150879,9.289999961853027,9.316300392150879,9300,0.0,0.0
2024-10-01 12:55:00-04:00,9.3100004196167,9.3100004196167,9.305000305175781,9.305000305175781,2112,0.0,0.0
2024-10-01 13:00:00-04:00,9.305000305175781,9.305000305175781,9.28499984741211,9.28499984741211,8452,0.0,0.0
2024-10-01 13:05:00-04:00,9.28499984741211,9.295000076293945,9.28499984741211,9.289999961853027,1934,0.0,0.0
2024-10-01 13:10:00-04:00,9.289999961853027,9.300000190734863,9.279999732971191,9.300000190734863,3101,0.0,0.0
2024-10-01 13:15:00-04:00,9.289999961853027,9.300000190734863,9.289999961853027,9.300000190734863,5665,0.0,0.0
2024-10-01 13:20:00-04:00,9.305000305175781,9.305000305175781,9.300000190734863,9.300000190734863,593,0.0,0.0
2024-10-01 13:25:00-04:00,9.300000190734863,9.3100004196167,9.300000190734863,9.300000190734863,3243,0.0,0.0
2024-10-01 13:30:00-04:00,9.3100004196167,9.329999923706055,9.3100004196167,9.3100004196167,8841,0.0,0.0
2024-10-01 13:35:00-04:00,9.3100004196167,9.319999694824219,9.305000305175781,9.319999694824219,2906,0.0,0.0
2024-10-01 13:40:00-04:00,9.329999923706055,9.329999923706055,9.32800006866455,9.32800006866455,756,0.0,0.0
2024-10-01 13:45:00-04:00,9.34000015258789,9.34000015258789,9.34000015258789,9.34000015258789,696,0.0,0.0
2024-10-01 13:50:00-04:00,9.340100288391113,9.350000381469727,9.340100288391113,9.350000381469727,2170,0.0,0.0
2024-10-01 13:55:00-04:00,9.35990047454834,9.359999656677246,9.35990047454834,9.359999656677246,1687,0.0,0.0
2024-10-01 14:00:00-04:00,9.359999656677246,9.359999656677246,9.324999809265137,9.324999809265137,25422,0.0,0.0
2024-10-01 14:05:00-04:00,9.329999923706055,9.329999923706055,9.324999809265137,9.324999809265137,2883,0.0,0.0
2024-10-01 14:10:00-04:00,9.319999694824219,9.324999809265137,9.319999694824219,9.324999809265137,3256,0.0,0.0
2024-10-01 14:15:00-04:00,9.319999694824219,9.319999694824219,9.3149995803833,9.3149995803833,2181,0.0,0.0
2024-10-01 14:20:00-04:00,9.3149995803833,9.3149995803833,9.3100004196167,9.3100004196167,5987,0.0,0.0
2024-10-01 14:25:00-04:00,9.319999694824219,9.319999694824219,9.3100004196167,9.3100004196167,3180,0.0,0.0
2024-10-01 14:30:00-04:00,9.3149995803833,9.3149995803833,9.300000190734863,9.300000190734863,2450,0.0,0.0
2024-10-01 14:35:00-04:00,9.300000190734863,9.310099601745605,9.293999671936035,9.305000305175781,15004,0.0,0.0
2024-10-01 14:40:00-04:00,9.305000305175781,9.305000305175781,9.300000190734863,9.305000305175781,5904,0.0,0.0
2024-10-01 14:45:00-04:00,9.3100004196167,9.3100004196167,9.300000190734863,9.305000305175781,5835,0.0,0.0
2024-10-01 14:50:00-04:00,9.300000190734863,9.305000305175781,9.300000190734863,9.300000190734863,4468,0.0,0.0
2024-10-01 14:55:00-04:00,9.300000190734863,9.305000305175781,9.300000190734863,9.305000305175781,556,0.0,0.0
2024-10-01 15:00:00-04:00,9.300000190734863,9.3100004196167,9.300000190734863,9.308699607849121,5367,0.0,0.0
2024-10-01 15:05:00-04:00,9.3100004196167,9.329999923706055,9.3100004196167,9.324999809265137,11706,0.0,0.0
2024-10-01 15:10:00-04:00,9.319999694824219,9.329999923706055,9.3100004196167,9.3100004196167,12082,0.0,0.0
2024-10-01 15:15:00-04:00,9.300000190734863,9.309000015258789,9.300000190734863,9.300000190734863,3875,0.0,0.0
2024-10-01 15:20:00-04:00,9.289999961853027,9.3100004196167,9.28499984741211,9.300000190734863,10338,0.0,0.0
2024-10-01 15:25:00-04:00,9.305000305175781,9.305000305175781,9.300000190734863,9.305000305175781,632,0.0,0.0
2024-10-01 15:30:00-04:00,9.300000190734863,9.300000190734863,9.270000457763672,9.270000457763672,19346,0.0,0.0
2024-10-01 15:35:00-04:00,9.265000343322754,9.270000457763672,9.255000114440918,9.265000343322754,12653,0.0,0.0
2024-10-01 15:40:00-04:00,9.260000228881836,9.260000228881836,9.229999542236328,9.234999656677246,9210,0.0,0.0
2024-10-01 15:45:00-04:00,9.229999542236328,9.239999771118164,9.225000381469727,9.239999771118164,36863,0.0,0.0
2024-10-01 15:50:00-04:00,9.229999542236328,9.229999542236328,9.194999694824219,9.199999809265137,38390,0.0,0.0
2024-10-01 15:55:00-04:00,9.194999694824219,9.220000267028809,9.1899995803833,9.220000267028809,94030,0.0,0.0
2024-10-02 09:30:00-04:00,9.399999618530273,9.40999984741211,9.380000114440918,9.380000114440918,6295,0.0,0.0
2024-10-02 09:35:00-04:00,9.369999885559082,9.420000076293945,9.364999771118164,9.414999961853027,5548,0.0,0.0
2024-10-02 09:40:00-04:00,9.420000076293945,9.4399995803833,9.390000343322754,9.390000343322754,11646,0.0,0.0
2024-10-02 09:45:00-04:00,9.399999618530273,9.479999542236328,9.399999618530273,9.479999542236328,9761,0.0,0.0
2024-10-02 09:50:00-04:00,9.479999542236328,9.479999542236328,9.449999809265137,9.46500015258789,9457,0.0,0.0
2024-10-02 09:55:00-04:00,9.470000267028809,9.470199584960938,9.437999725341797,9.4399995803833,9161,0.0,0.0
2024-10-02 10:00:00-04:00,9.449999809265137,9.460000038146973,9.430999755859375,9.430999755859375,6033,0.0,0.0
2024-10-02 10:05:00-04:00,9.4399995803833,9.460000038146973,9.4399995803833,9.444999694824219,10902,0.0,0.0
2024-10-02 10:10:00-04:00,9.444999694824219,9.444999694824219,9.4399995803833,9.4399995803833,3436,0.0,0.0
2024-10-02 10:15:00-04:00,9.4350004196167,9.449999809265137,9.4350004196167,9.449999809265137,5175,0.0,0.0
2024-10-02 10:20:00-04:00,9.449999809265137,9.449999809265137,9.4399995803833,9.444999694824219,7475,0.0,0.0
2024-10-02 10:25:00-04:00,9.4399995803833,9.449999809265137,9.4399995803833,9.449999809265137,7214,0.0,0.0
2024-10-02 10:30:00-04:00,9.4399995803833,9.4399995803833,9.430000305175781,9.437299728393555,3275,0.0,0.0
2024-10-02 10:35:00-04:00,9.4350004196167,9.4399995803833,9.420000076293945,9.4350004196167,10255,0.0,0.0
2024-10-02 10:40:00-04:00,9.4350004196167,9.4399995803833,9.4350004196167,9.4399995803833,1909,0.0,0.0
2024-10-02 10:45:00-04:00,9.444999694824219,9.449999809265137,9.444999694824219,9.449999809265137,662,0.0,0.0
2024-10-02 10:50:00-04:00,9.4399995803833,9.4399995803833,9.425000190734863,9.425000190734863,7163,0.0,0.0
2024-10-02 10:55:00-04:00,9.420000076293945,9.420000076293945,9.399999618530273,9.40999984741211,2659,0.0,0.0
2024-10-02 11:00:00-04:00,9.40939998626709,9.40999984741211,9.404999732971191,9.404999732971191,5823,0.0,0.0
2024-10-02 11:05:00-04:00,9.399999618530273,9.399999618530273,9.390000343322754,9.395000457763672,3160,0.0,0.0
2024-10-02 11:10:00-04:00,9.395000457763672,9.395000457763672,9.390000343322754,9.390000343322754,3740,0.0,0.0
2024-10-02 11:15:00-04:00,9.399999618530273,9.430000305175781,9.399999618530273,9.428999900817871,6475,0.0,0.0
2024-10-02 11:20:00-04:00,9.430000305175781,9.430000305175781,9.420000076293945,9.430000305175781,5190,0.0,0.0
2024-10-02 11:25:00-04:00,9.430000305175781,9.4350004196167,9.420000076293945,9.420000076293945,7725,0.0,0.0
2024-10-02 11:30:00-04:00,9.420000076293945,9.420000076293945,9.380000114440918,9.390000343322754,10198,0.0,0.0
2024-10-02 11:35:00-04:00,9.390000343322754,9.40999984741211,9.390000343322754,9.40999984741211,3668,0.0,0.0
2024-10-02 11:40:00-04:00,9.414199829101562,9.414199829101562,9.414199829101562,9.414199829101562,1077,0.0,0.0
2024-10-02 11:45:00-04:00,9.420000076293945,9.420000076293945,9.416999816894531,9.416999816894531,297,0.0,0.0
2024-10-02 11:50:00-04:00,9.414999961853027,9.414999961853027,9.404999732971191,9.404999732971191,5767,0.0,0.0
2024-10-02 11:55:00-04:00,9.408699989318848,9.40999984741211,9.408699989318848,9.40999984741211,364,0.0,0.0
2024-10-02 12:00:00-04:00,9.409199714660645,9.414999961853027,9.409199714660645,9.414999961853027,5293,0.0,0.0
2024-10-02 12:05:00-04:00,9.420000076293945,9.425000190734863,9.414999961853027,9.425000190734863,5787,0.0,0.0
2024-10-02 12:10:00-04:00,9.425000190734863,9.430000305175781,9.425000190734863,9.425000190734863,13593,0.0,0.0
2024-10-02 12:15:00-04:00,9.420000076293945,9.425000190734863,9.420000076293945,9.425000190734863,1487,0.0,0.0
2024-10-02 12:20:00-04:00,9.425999641418457,9.425999641418457,9.40999984741211,9.40999984741211,10075,0.0,0.0
2024-10-02 12:25:00-04:00,9.399999618530273,9.406000137329102,9.399999618530273,9.406000137329102,5061,0.0,0.0
2024-10-02 12:30:00-04:00,9.40999984741211,9.420000076293945,9.40999984741211,9.414999961853027,7340,0.0,0.0
2024-10-02 12:35:00-04:00,9.414999961853027,9.414999961853027,9.404999732971191,9.404999732971191,2569,0.0,0.0
2024-10-02 12:40:00-04:00,9.404999732971191,9.404999732971191,9.399999618530273,9.399999618530273,4729,0.0,0.0
2024-10-02 12:45:00-04:00,9.399999618530273,9.399999618530273,9.395000457763672,9.395000457763672,1443,0.0,0.0
2024-10-02 12:50:00-04:00,9.395000457763672,9.395000457763672,9.395000457763672,9.395000457763672,1967,0.0,0.0
2024-10-02 12:55:00-04:00,9.395000457763672,9.404999732971191,9.395000457763672,9.404999732971191,26024,0.0,0.0
2024-10-02 13:00:00-04:00,9.404999732971191,9.40999984741211,9.399999618530273,9.404999732971191,1701,0.0,0.0
2024-10-02 13:05:00-04:00,9.404999732971191,9.404999732971191,9.399999618530273,9.404999732971191,3407,0.0,0.0
2024-10-02 13:10:00-04:00,9.40999984741211,9.418999671936035,9.380000114440918,9.380000114440918,15061,0.0,0.0
2024-10-02 13:15:00-04:00,9.380000114440918,9.380000114440918,9.375,9.380000114440918,5899,0.0,0.0
2024-10-02 13:20:00-04:00,9.390000343322754,9.399999618530273,9.390000343322754,9.399999618530273,5391,0.0,0.0
2024-10-02 13:25:00-04:00,9.399999618530273,9.399999618530273,9.390000343322754,9.390000343322754,5702,0.0,0.0
2024-10-02 13:30:00-04:00,9.390000343322754,9.390000343322754,9.390000343322754,9.390000343322754,2125,0.0,0.0
2024-10-02 13:35:00-04:00,9.390000343322754,9.39799976348877,9.390000343322754,9.390000343322754,2318,0.0,0.0
2024-10-02 13:40:00-04:00,9.395000457763672,9.395000457763672,9.395000457763672,9.395000457763672,1424,0.0,0.0
2024-10-02 13:45:00-04:00,9.390000343322754,9.390000343322754,9.390000343322754,9.390000343322754,6336,0.0,0.0
2024-10-02 13:50:00-04:00,9.381099700927734,9.381099700927734,9.364999771118164,9.369999885559082,10842,0.0,0.0
2024-10-02 13:55:00-04:00,9.380000114440918,9.383700370788574,9.380000114440918,9.383700370788574,1421,0.0,0.0
2024-10-02 14:00:00-04:00,9.385000228881836,9.385000228881836,9.373800277709961,9.373800277709961,7137,0.0,0.0
2024-10-02 14:05:00-04:00,9.375,9.380000114440918,9.369999885559082,9.375,1945,0.0,0.0
2024-10-02 14:10:00-04:00,9.380000114440918,9.380000114440918,9.380000114440918,9.380000114440918,3895,0.0,0.0
2024-10-02 14:15:00-04:00,9.380000114440918,9.380000114440918,9.369999885559082,9.375,7579,0.0,0.0
2024-10-02 14:20:00-04:00,9.369999885559082,9.380000114440918,9.369999885559082,9.379899978637695,3202,0.0,0.0
2024-10-02 14:25:00-04:00,9.37600040435791,9.37600040435791,9.369999885559082,9.369999885559082,1827,0.0,0.0
2024-10-02 14:30:00-04:00,9.380000114440918,9.395000457763672,9.378000259399414,9.395000457763672,10164,0.0,0.0
2024-10-02 14:35:00-04:00,9.399999618530273,9.399999618530273,9.399999618530273,9.399999618530273,3076,0.0,0.0
2024-10-02 14:40:00-04:00,9.395000457763672,9.404999732971191,9.395000457763672,9.395000457763672,6315,0.0,0.0
2024-10-02 14:45:00-04:00,9.395000457763672,9.395000457763672,9.395000457763672,9.395000457763672,910,0.0,0.0
2024-10-02 14:50:00-04:00,9.395000457763672,9.39799976348877,9.395000457763672,9.39799976348877,1389,0.0,0.0
2024-10-02 14:55:00-04:00,9.390000343322754,9.395000457763672,9.390000343322754,9.395000457763672,1294,0.0,0.0
2024-10-02 15:00:00-04:00,9.390000343322754,9.390000343322754,9.350000381469727,9.350000381469727,14049,0.0,0.0
2024-10-02 15:05:00-04:00,9.359999656677246,9.380000114440918,9.359999656677246,9.380000114440918,9796,0.0,0.0
2024-10-02 15:10:00-04:00,9.380000114440918,9.380000114440918,9.375,9.380000114440918,8389,0.0,0.0
2024-10-02 15:15:00-04:00,9.380000114440918,9.380000114440918,9.369999885559082,9.380000114440918,4516,0.0,0.0
2024-10-02 15:20:00-04:00,9.380000114440918,9.390000343322754,9.380000114440918,9.390000343322754,6433,0.0,0.0
2024-10-02 15:25:00-04:00,9.390000343322754,9.404999732971191,9.390000343322754,9.399999618530273,4731,0.0,0.0
2024-10-02 15:30:00-04:00,9.40999984741211,9.430000305175781,9.40999984741211,9.430000305175781,12818,0.0,0.0
2024-10-02 15:35:00-04:00,9.4399995803833,9.460000038146973,9.4399995803833,9.454999923706055,17401,0.0,0.0
2024-10-02 15:40:00-04:00,9.454999923706055,9.460000038146973,9.449999809265137,9.449999809265137,12912,0.0,0.0
2024-10-02 15:45:00-04:00,9.449999809265137,9.46500015258789,9.444899559020996,9.46500015258789,8874,0.0,0.0
2024-10-02 15:50:00-04:00,9.46500015258789,9.46500015258789,9.4399995803833,9.460000038146973,22800,0.0,0.0
2024-10-02 15:55:00-04:00,9.449999809265137,9.489999771118164,9.449999809265137,9.489999771118164,55460,0.0,0.0
2024-10-03 09:30:00-04:00,9.470000267028809,9.470000267028809,9.434300422668457,9.4399995803833,5770,0.0,0.0
2024-10-03 09:35:00-04:00,9.440099716186523,9.460000038146973,9.420000076293945,9.460000038146973,2552,0.0,0.0
2024-10-03 09:40:00-04:00,9.460000038146973,9.479999542236328,9.449999809265137,9.46500015258789,2719,0.0,0.0
2024-10-03 09:45:00-04:00,9.460000038146973,9.5,9.449999809265137,9.5,6655,0.0,0.0
2024-10-03 09:50:00-04:00,9.529999732971191,9.539999961853027,9.479999542236328,9.539999961853027,26887,0.0,0.0
2024-10-03 09:55:00-04:00,9.539999961853027,9.5600004196167,9.525699615478516,9.545000076293945,11962,0.0,0.0
2024-10-03 10:00:00-04:00,9.569999694824219,9.569999694824219,9.539999961853027,9.545000076293945,4473,0.0,0.0
2024-10-03 10:05:00-04:00,9.550000190734863,9.579999923706055,9.539999961853027,9.569999694824219,3250,0.0,0.0
2024-10-03 10:10:00-04:00,9.569999694824219,9.649999618530273,9.569999694824219,9.649999618530273,8653,0.0,0.0
2024-10-03 10:15:00-04:00,9.649999618530273,9.670000076293945,9.640000343322754,9.640000343322754,12730,0.0,0.0
2024-10-03 10:20:00-04:00,9.639399528503418,9.65999984741211,9.630000114440918,9.649999618530273,8301,0.0,0.0
2024-10-03 10:25:00-04:00,9.649999618530273,9.687999725341797,9.640000343322754,9.6850004196167,14025,0.0,0.0
2024-10-03 10:30:00-04:00,9.6899995803833,9.699999809265137,9.680000305175781,9.6899995803833,10367,0.0,0.0
2024-10-03 10:35:00-04:00,9.710000038146973,9.710000038146973,9.649999618530273,9.649999618530273,8017,0.0,0.0
2024-10-03 10:40:00-04:00,9.649999618530273,9.65999984741211,9.640000343322754,9.65999984741211,4861,0.0,0.0
2024-10-03 10:45:00-04:00,9.65999984741211,9.670000076293945,9.65999984741211,9.669899940490723,1893,0.0,0.0
2024-10-03 10:50:00-04:00,9.670000076293945,9.675000190734863,9.670000076293945,9.675000190734863,2053,0.0,0.0
2024-10-03 10:55:00-04:00,9.680000305175781,9.680000305175781,9.649999618530273,9.649999618530273,4525,0.0,0.0
2024-10-03 11:00:00-04:00,9.649999618530273,9.659299850463867,9.635000228881836,9.640000343322754,8262,0.0,0.0
2024-10-03 11:05:00-04:00,9.649999618530273,9.649999618530273,9.635000228881836,9.635000228881836,2178,0.0,0.0
2024-10-03 11:10:00-04:00,9.640000343322754,9.640000343322754,9.630000114440918,9.635000228881836,4211,0.0,0.0
2024-10-03 11:15:00-04:00,9.637100219726562,9.640000343322754,9.630000114440918,9.639900207519531,3801,0.0,0.0
2024-10-03 11:20:00-04:00,9.630000114440918,9.640000343322754,9.630000114440918,9.635000228881836,2805,0.0,0.0
2024-10-03 11:25:00-04:00,9.640000343322754,9.640000343322754,9.635000228881836,9.635000228881836,1489,0.0,0.0
2024-10-03 11:30:00-04:00,9.639900207519531,9.639900207519531,9.604999542236328,9.629199981689453,5048,0.0,0.0
2024-10-03 11:35:00-04:00,9.625,9.635000228881836,9.625,9.630000114440918,2629,0.0,0.0
2024-10-03 11:40:00-04:00,9.640000343322754,9.640000343322754,9.640000343322754,9.640000343322754,3023,0.0,0.0
2024-10-03 11:45:00-04:00,9.630000114440918,9.640000343322754,9.630000114440918,9.635000228881836,4506,0.0,0.0
2024-10-03 11:50:00-04:00,9.630000114440918,9.645000457763672,9.630000114440918,9.645000457763672,2839,0.0,0.0
2024-10-03 11:55:00-04:00,9.645000457763672,9.654999732971191,9.645000457763672,9.645999908447266,4092,0.0,0.0
2024-10-03 12:00:00-04:00,9.640000343322754,9.649999618530273,9.635000228881836,9.649999618530273,3657,0.0,0.0
2024-10-03 12:05:00-04:00,9.649999618530273,9.664999961853027,9.649999618530273,9.664999961853027,1536,0.0,0.0
2024-10-03 12:10:00-04:00,9.664999961853027,9.669300079345703,9.664999961853027,9.664999961853027,749,0.0,0.0
2024-10-03 12:15:00-04:00,9.660799980163574,9.664999961853027,9.660799980163574,9.664999961853027,1507,0.0,0.0
2024-10-03 12:20:00-04:00,9.664999961853027,9.670000076293945,9.664999961853027,9.664999961853027,2417,0.0,0.0
2024-10-03 12:25:00-04:00,9.65999984741211,9.675000190734863,9.65999984741211,9.675000190734863,9082,0.0,0.0
2024-10-03 12:30:00-04:00,9.675000190734863,9.675000190734863,9.649999618530273,9.664999961853027,5141,0.0,0.0
2024-10-03 12:35:00-04:00,9.664999961853027,9.689900398254395,9.664999961853027,9.689900398254395,2081,0.0,0.0
2024-10-03 12:40:00-04:00,9.6850004196167,9.699999809265137,9.6850004196167,9.699999809265137,2578,0.0,0.0
2024-10-03 12:45:00-04:00,9.699999809265137,9.699999809265137,9.6850004196167,9.6899995803833,7250,0.0,0.0
2024-10-03 12:50:00-04:00,9.689499855041504,9.699999809265137,9.689499855041504,9.699999809265137,6300,0.0,0.0
2024-10-03 12:55:00-04:00,9.70009994506836,9.710000038146973,9.6899995803833,9.6899995803833,5680,0.0,0.0
2024-10-03 13:00:00-04:00,9.6899995803833,9.6899995803833,9.664999961853027,9.670000076293945,3362,0.0,0.0
2024-10-03 13:05:00-04:00,9.670000076293945,9.680000305175781,9.670000076293945,9.677000045776367,1967,0.0,0.0
2024-10-03 13:10:00-04:00,9.680000305175781,9.680000305175781,9.645000457763672,9.645000457763672,3638,0.0,0.0
2024-10-03 13:15:00-04:00,9.649999618530273,9.65999984741211,9.649999618530273,9.654999732971191,1856,0.0,0.0
2024-10-03 13:20:00-04:00,9.65999984741211,9.670000076293945,9.65999984741211,9.670000076293945,3784,0.0,0.0
2024-10-03 13:25:00-04:00,9.65999984741211,9.65999984741211,9.609999656677246,9.609999656677246,5232,0.0,0.0
2024-10-03 13:30:00-04:00,9.609999656677246,9.630000114440918,9.609999656677246,9.630000114440918,3012,0.0,0.0
2024-10-03 13:35:00-04:00,9.630999565124512,9.630999565124512,9.607799530029297,9.614999771118164,7103,0.0,0.0
2024-10-03 13:40:00-04:00,9.619999885559082,9.630000114440918,9.614999771118164,9.625,3236,0.0,0.0
2024-10-03 13:45:00-04:00,9.625,9.630000114440918,9.619999885559082,9.619999885559082,903,0.0,0.0
2024-10-03 13:50:00-04:00,9.625,9.635000228881836,9.619999885559082,9.630000114440918,5025,0.0,0.0
2024-10-03 13:55:00-04:00,9.640000343322754,9.640000343322754,9.604999542236328,9.609999656677246,6990,0.0,0.0
2024-10-03 14:00:00-04:00,9.609999656677246,9.609999656677246,9.600000381469727,9.600000381469727,6555,0.0,0.0
2024-10-03 14:05:00-04:00,9.604999542236328,9.618900299072266,9.604999542236328,9.609999656677246,3797,0.0,0.0
2024-10-03 14:10:00-04:00,9.600000381469727,9.619999885559082,9.600000381469727,9.619999885559082,2844,0.0,0.0
2024-10-03 14:15:00-04:00,9.619999885559082,9.623000144958496,9.614999771118164,9.623000144958496,1778,0.0,0.0
2024-10-03 14:20:00-04:00,9.619999885559082,9.619999885559082,9.614999771118164,9.614999771118164,1737,0.0,0.0
2024-10-03 14:25:00-04:00,9.619999885559082,9.619999885559082,9.614999771118164,9.614999771118164,1595,0.0,0.0
2024-10-03 14:30:00-04:00,9.609999656677246,9.609999656677246,9.604999542236328,9.604999542236328,2534,0.0,0.0
2024-10-03 14:35:00-04:00,9.609999656677246,9.609999656677246,9.585000038146973,9.585000038146973,3135,0.0,0.0
2024-10-03 14:40:00-04:00,9.585000038146973,9.585000038146973,9.574999809265137,9.574999809265137,18129,0.0,0.0
2024-10-03 14:45:00-04:00,9.574999809265137,9.585000038146973,9.5649995803833,9.5649995803833,16626,0.0,0.0
2024-10-03 14:50:00-04:00,9.5649995803833,9.569999694824219,9.5649995803833,9.569999694824219,808,0.0,0.0
2024-10-03 14:55:00-04:00,9.5649995803833,9.5649995803833,9.555000305175781,9.555000305175781,3574,0.0,0.0
2024-10-03 15:00:00-04:00,9.555000305175781,9.5600004196167,9.555000305175781,9.5600004196167,2920,0.0,0.0
2024-10-03 15:05:00-04:00,9.569999694824219,9.569999694824219,9.5649995803833,9.5649995803833,1554,0.0,0.0
2024-10-03 15:10:00-04:00,9.5649995803833,9.574999809265137,9.5649995803833,9.569999694824219,7836,0.0,0.0
2024-10-03 15:15:00-04:00,9.579999923706055,9.59000015258789,9.579999923706055,9.59000015258789,3269,0.0,0.0
2024-10-03 15:20:00-04:00,9.579999923706055,9.579999923706055,9.574999809265137,9.574999809265137,3009,0.0,0.0
2024-10-03 15:25:00-04:00,9.574999809265137,9.585000038146973,9.569999694824219,9.585000038146973,27626,0.0,0.0
2024-10-03 15:30:00-04:00,9.579999923706055,9.579999923706055,9.555000305175781,9.555000305175781,11026,0.0,0.0
2024-10-03 15:35:00-04:00,9.555000305175781,9.5600004196167,9.555000305175781,9.5600004196167,9283,0.0,0.0
2024-10-03 15:40:00-04:00,9.5649995803833,9.5649995803833,9.555000305175781,9.555000305175781,14008,0.0,0.0
2024-10-03 15:45:00-04:00,9.5600004196167,9.579999923706055,9.555000305175781,9.574999809265137,10427,0.0,0.0
2024-10-03 15:50:00-04:00,9.579999923706055,9.59000015258789,9.569999694824219,9.59000015258789,16557,0.0,0.0
2024-10-03 15:55:00-04:00,9.59000015258789,9.600000381469727,9.59000015258789,9.600000381469727,48897,0.0,0.0
2024-10-04 09:30:00-04:00,9.680000305175781,9.779999732971191,9.670000076293945,9.670000076293945,38952,0.0,0.0
2024-10-04 09:35:00-04:00,9.65999984741211,9.65999984741211,9.627599716186523,9.627599716186523,2616,0.0,0.0
2024-10-04 09:40:00-04:00,9.649999618530273,9.649999618530273,9.579999923706055,9.614999771118164,16257,0.0,0.0
2024-10-04 09:45:00-04:00,9.619999885559082,9.630000114440918,9.619999885559082,9.629300117492676,801,0.0,0.0
2024-10-04 09:50:00-04:00,9.624699592590332,9.640000343322754,9.619999885559082,9.640000343322754,2239,0.0,0.0
2024-10-04 09:55:00-04:00,9.619999885559082,9.654999732971191,9.619999885559082,9.649999618530273,8122,0.0,0.0
2024-10-04 10:00:00-04:00,9.649999618530273,9.65999984741211,9.640000343322754,9.65999984741211,2796,0.0,0.0
2024-10-04 10:05:00-04:00,9.664999961853027,9.664999961853027,9.614999771118164,9.619999885559082,3156,0.0,0.0
2024-10-04 10:10:00-04:00,9.630000114440918,9.640000343322754,9.625,9.640000343322754,3149,0.0,0.0
2024-10-04 10:15:00-04:00,9.630000114440918,9.639900207519531,9.630000114440918,9.639900207519531,1812,0.0,0.0
2024-10-04 10:20:00-04:00,9.630000114440918,9.630000114440918,9.59000015258789,9.59000015258789,4369,0.0,0.0
2024-10-04 10:25:00-04:00,9.59000015258789,9.600000381469727,9.579999923706055,9.600000381469727,4174,0.0,0.0
2024-10-04 10:30:00-04:00,9.59000015258789,9.595000267028809,9.569999694824219,9.569999694824219,3906,0.0,0.0
2024-10-04 10:35:00-04:00,9.579999923706055,9.579999923706055,9.5649995803833,9.5649995803833,940,0.0,0.0
2024-10-04 10:40:00-04:00,9.569999694824219,9.59000015258789,9.569999694824219,9.59000015258789,3179,0.0,0.0
2024-10-04 10:45:00-04:00,9.585000038146973,9.585000038146973,9.585000038146973,9.585000038146973,305,0.0,0.0
2024-10-04 10:50:00-04:00,9.585800170898438,9.59000015258789,9.585000038146973,9.59000015258789,2198,0.0,0.0
2024-10-04 10:55:00-04:00,9.59000015258789,9.595000267028809,9.585000038146973,9.59000015258789,3720,0.0,0.0
2024-10-04 11:00:00-04:00,9.585000038146973,9.59000015258789,9.585000038146973,9.59000015258789,566,0.0,0.0
2024-10-04 11:05:00-04:00,9.585000038146973,9.59000015258789,9.585000038146973,9.585000038146973,1481,0.0,0.0
2024-10-04 11:10:00-04:00,9.59000015258789,9.59000015258789,9.569999694824219,9.574999809265137,8190,0.0,0.0
2024-10-04 11:15:00-04:00,9.574999809265137,9.574999809265137,9.555000305175781,9.555000305175781,3275,0.0,0.0
2024-10-04 11:20:00-04:00,9.550000190734863,9.550000190734863,9.539999961853027,9.539999961853027,2620,0.0,0.0
2024-10-04 11:25:00-04:00,9.529999732971191,9.529999732971191,9.529999732971191,9.529999732971191,1377,0.0,0.0
2024-10-04 11:30:00-04:00,9.520000457763672,9.520000457763672,9.515000343322754,9.515000343322754,1031,0.0,0.0
2024-10-04 11:35:00-04:00,9.510000228881836,9.520000457763672,9.510000228881836,9.520000457763672,4703,0.0,0.0
2024-10-04 11:40:00-04:00,9.520000457763672,9.530099868774414,9.520000457763672,9.52079963684082,2875,0.0,0.0
2024-10-04 11:45:00-04:00,9.520000457763672,9.520000457763672,9.51099967956543,9.51099967956543,1466,0.0,0.0
2024-10-04 11:50:00-04:00,9.51990032196045,9.524999618530273,9.515000343322754,9.524999618530273,3826,0.0,0.0
2024-10-04 11:55:00-04:00,9.520000457763672,9.524999618530273,9.520000457763672,9.524999618530273,395,0.0,0.0
2024-10-04 12:00:00-04:00,9.524999618530273,9.524999618530273,9.515000343322754,9.515000343322754,1282,0.0,0.0
2024-10-04 12:05:00-04:00,9.516500473022461,9.520000457763672,9.512999534606934,9.520000457763672,1502,0.0,0.0
2024-10-04 12:10:00-04:00,9.520000457763672,9.53499984741211,9.520000457763672,9.53499984741211,3532,0.0,0.0
2024-10-04 12:15:00-04:00,9.539999961853027,9.550000190734863,9.539999961853027,9.54010009765625,1332,0.0,0.0
2024-10-04 12:20:00-04:00,9.539999961853027,9.545000076293945,9.524999618530273,9.524999618530273,8312,0.0,0.0
2024-10-04 12:25:00-04:00,9.520000457763672,9.539999961853027,9.520000457763672,9.53499984741211,9023,0.0,0.0
2024-10-04 12:30:00-04:00,9.53499984741211,9.539999961853027,9.53499984741211,9.53499984741211,1571,0.0,0.0
2024-10-04 12:35:00-04:00,9.539999961853027,9.539999961853027,9.529999732971191,9.529999732971191,769,0.0,0.0
2024-10-04 12:40:00-04:00,9.530200004577637,9.530200004577637,9.524999618530273,9.524999618530273,2278,0.0,0.0
2024-10-04 12:45:00-04:00,9.520000457763672,9.520000457763672,9.515000343322754,9.515000343322754,2138,0.0,0.0
2024-10-04 12:50:00-04:00,9.515000343322754,9.529999732971191,9.515000343322754,9.529999732971191,2335,0.0,0.0
2024-10-04 12:55:00-04:00,9.529999732971191,9.539999961853027,9.529999732971191,9.53499984741211,6220,0.0,0.0
2024-10-04 13:00:00-04:00,9.53499984741211,9.545000076293945,9.53499984741211,9.539999961853027,6309,0.0,0.0
2024-10-04 13:05:00-04:00,9.539999961853027,9.555000305175781,9.539999961853027,9.555000305175781,3929,0.0,0.0
2024-10-04 13:10:00-04:00,9.5600004196167,9.5600004196167,9.555000305175781,9.555000305175781,919,0.0,0.0
2024-10-04 13:15:00-04:00,9.550000190734863,9.555000305175781,9.545000076293945,9.550100326538086,4229,0.0,0.0
2024-10-04 13:20:00-04:00,9.5600004196167,9.5600004196167,9.5600004196167,9.5600004196167,237,0.0,0.0
2024-10-04 13:25:00-04:00,9.5600004196167,9.5600004196167,9.555000305175781,9.555000305175781,741,0.0,0.0
2024-10-04 13:30:00-04:00,9.550000190734863,9.555000305175781,9.539999961853027,9.539999961853027,5542,0.0,0.0
2024-10-04 13:35:00-04:00,9.539999961853027,9.539999961853027,9.524999618530273,9.529999732971191,3142,0.0,0.0
2024-10-04 13:40:00-04:00,9.529999732971191,9.529999732971191,9.529999732971191,9.529999732971191,1717,0.0,0.0
2024-10-04 13:45:00-04:00,9.529999732971191,9.53499984741211,9.529999732971191,9.53499984741211,837,0.0,0.0
2024-10-04 13:50:00-04:00,9.529999732971191,9.529999732971191,9.515000343322754,9.515000343322754,3343,0.0,0.0
2024-10-04 13:55:00-04:00,9.515000343322754,9.520000457763672,9.5,9.520000457763672,6190,0.0,0.0
2024-10-04 14:00:00-04:00,9.525699615478516,9.525699615478516,9.525699615478516,9.525699615478516,3024,0.0,0.0
2024-10-04 14:05:00-04:00,9.529999732971191,9.536199569702148,9.529999732971191,9.536199569702148,1846,0.0,0.0
2024-10-04 14:10:00-04:00,9.53499984741211,9.53499984741211,9.53499984741211,9.53499984741211,665,0.0,0.0
2024-10-04 14:15:00-04:00,9.529999732971191,9.529999732971191,9.529999732971191,9.529999732971191,873,0.0,0.0
2024-10-04 14:20:00-04:00,9.529999732971191,9.53499984741211,9.505000114440918,9.515000343322754,5846,0.0,0.0
2024-10-04 14:25:00-04:00,9.508999824523926,9.515000343322754,9.5,9.505000114440918,5356,0.0,0.0
2024-10-04 14:30:00-04:00,9.510000228881836,9.510000228881836,9.5,9.505000114440918,1769,0.0,0.0
2024-10-04 14:35:00-04:00,9.510000228881836,9.510000228881836,9.505000114440918,9.505000114440918,924,0.0,0.0
2024-10-04 14:40:00-04:00,9.5,9.505000114440918,9.5,9.505000114440918,10808,0.0,0.0
2024-10-04 14:45:00-04:00,9.505000114440918,9.505000114440918,9.505000114440918,9.505000114440918,640,0.0,0.0
2024-10-04 14:50:00-04:00,9.505000114440918,9.505000114440918,9.505000114440918,9.505000114440918,813,0.0,0.0
2024-10-04 14:55:00-04:00,9.505000114440918,9.518699645996094,9.5,9.510000228881836,4865,0.0,0.0
2024-10-04 15:00:00-04:00,9.505000114440918,9.510000228881836,9.505000114440918,9.510000228881836,1119,0.0,0.0
2024-10-04 15:05:00-04:00,9.510000228881836,9.510000228881836,9.510000228881836,9.510000228881836,3273,0.0,0.0
2024-10-04 15:10:00-04:00,9.510000228881836,9.510000228881836,9.505000114440918,9.505000114440918,1450,0.0,0.0
2024-10-04 15:15:00-04:00,9.510000228881836,9.510000228881836,9.505000114440918,9.510000228881836,1391,0.0,0.0
2024-10-04 15:20:00-04:00,9.510000228881836,9.510000228881836,9.484999656677246,9.484999656677246,18691,0.0,0.0
2024-10-04 15:25:00-04:00,9.484999656677246,9.489899635314941,9.484999656677246,9.484999656677246,2661,0.0,0.0
2024-10-04 15:30:00-04:00,9.479999542236328,9.479999542236328,9.475000381469727,9.475000381469727,3198,0.0,0.0
2024-10-04 15:35:00-04:00,9.475000381469727,9.489999771118164,9.46500015258789,9.484999656677246,7359,0.0,0.0
2024-10-04 15:40:00-04:00,9.479999542236328,9.479999542236328,9.460000038146973,9.46500015258789,7130,0.0,0.0
2024-10-04 15:45:00-04:00,9.46500015258789,9.518799781799316,9.46500015258789,9.510000228881836,18477,0.0,0.0
2024-10-04 15:50:00-04:00,9.515000343322754,9.529999732971191,9.510000228881836,9.520000457763672,9699,0.0,0.0
2024-10-04 15:55:00-04:00,9.524999618530273,9.539999961853027,9.489999771118164,9.489999771118164,59130,0.0,0.0
2024-10-07 09:30:00-04:00,9.470000267028809,9.475000381469727,9.449999809265137,9.460000038146973,13914,0.0,0.0
2024-10-07 09:35:00-04:00,9.479999542236328,9.505000114440918,9.479999542236328,9.479999542236328,1871,0.0,0.0
2024-10-07 09:40:00-04:00,9.479999542236328,9.5,9.479999542236328,9.5,2814,0.0,0.0
2024-10-07 09:45:00-04:00,9.52239990234375,9.52239990234375,9.510000228881836,9.510000228881836,1590,0.0,0.0
2024-10-07 09:50:00-04:00,9.520000457763672,9.520000457763672,9.510000228881836,9.510000228881836,2466,0.0,0.0
2024-10-07 09:55:00-04:00,9.520000457763672,9.520000457763672,9.5,9.5,3687,0.0,0.0
2024-10-07 10:00:00-04:00,9.505000114440918,9.515000343322754,9.5,9.510000228881836,5098,0.0,0.0
2024-10-07 10:05:00-04:00,9.520000457763672,9.520000457763672,9.5,9.510000228881836,8927,0.0,0.0
2024-10-07 10:10:00-04:00,9.524999618530273,9.525699615478516,9.520000457763672,9.520000457763672,1001,0.0,0.0
2024-10-07 10:15:00-04:00,9.520000457763672,9.520000457763672,9.5,9.505000114440918,2970,0.0,0.0
2024-10-07 10:20:00-04:00,9.509499549865723,9.509499549865723,9.489999771118164,9.489999771118164,8601,0.0,0.0
2024-10-07 10:25:00-04:00,9.494999885559082,9.505000114440918,9.489999771118164,9.5,7591,0.0,0.0
2024-10-07 10:30:00-04:00,9.509300231933594,9.510000228881836,9.505000114440918,9.505000114440918,2273,0.0,0.0
2024-10-07 10:35:00-04:00,9.505000114440918,9.505000114440918,9.479999542236328,9.484999656677246,8970,0.0,0.0
2024-10-07 10:40:00-04:00,9.484999656677246,9.505000114440918,9.484999656677246,9.505000114440918,2889,0.0,0.0
2024-10-07 10:45:00-04:00,9.5,9.508500099182129,9.5,9.5,2956,0.0,0.0
2024-10-07 10:50:00-04:00,9.510000228881836,9.515000343322754,9.505000114440918,9.515000343322754,2802,0.0,0.0
2024-10-07 10:55:00-04:00,9.515000343322754,9.520000457763672,9.5,9.5,2109,0.0,0.0
2024-10-07 11:00:00-04:00,9.5,9.509900093078613,9.5,9.5,1727,0.0,0.0
2024-10-07 11:05:00-04:00,9.505000114440918,9.505000114440918,9.505000114440918,9.505000114440918,207,0.0,0.0
2024-10-07 11:10:00-04:00,9.510000228881836,9.510000228881836,9.5,9.5,6647,0.0,0.0
2024-10-07 11:15:00-04:00,9.5,9.505000114440918,9.5,9.501199722290039,439,0.0,0.0
2024-10-07 11:20:00-04:00,9.509200096130371,9.53499984741211,9.505000114440918,9.529999732971191,6566,0.0,0.0
2024-10-07 11:25:00-04:00,9.529999732971191,9.529999732971191,9.520000457763672,9.524999618530273,15188,0.0,0.0
2024-10-07 11:30:00-04:00,9.524999618530273,9.524999618530273,9.505000114440918,9.505000114440918,8341,0.0,0.0
2024-10-07 11:35:00-04:00,9.505000114440918,9.506598472595215,9.489999771118164,9.489999771118164,5812,0.0,0.0
2024-10-07 11:40:00-04:00,9.489999771118164,9.494999885559082,9.489999771118164,9.494999885559082,3456,0.0,0.0
2024-10-07 11:45:00-04:00,9.494999885559082,9.505000114440918,9.494999885559082,9.505000114440918,16530,0.0,0.0
2024-10-07 11:50:00-04:00,9.505000114440918,9.509699821472168,9.505000114440918,9.505000114440918,6814,0.0,0.0
2024-10-07 11:55:00-04:00,9.505000114440918,9.505000114440918,9.505000114440918,9.505000114440918,1400,0.0,0.0
2024-10-07 12:00:00-04:00,9.505000114440918,9.510000228881836,9.505000114440918,9.505000114440918,945,0.0,0.0
2024-10-07 12:05:00-04:00,9.505000114440918,9.505000114440918,9.5,9.505000114440918,13377,0.0,0.0
2024-10-07 12:10:00-04:00,9.505000114440918,9.509900093078613,9.480899810791016,9.484999656677246,29525,0.0,0.0
2024-10-07 12:15:00-04:00,9.484999656677246,9.510000228881836,9.484999656677246,9.510000228881836,9578,0.0,0.0
2024-10-07 12:20:00-04:00,9.505000114440918,9.510000228881836,9.505000114440918,9.505000114440918,2781,0.0,0.0
2024-10-07 12:25:00-04:00,9.505000114440918,9.510000228881836,9.505000114440918,9.505000114440918,4361,0.0,0.0
2024-10-07 12:30:00-04:00,9.505000114440918,9.505000114440918,9.5,9.505000114440918,11080,0.0,0.0
2024-10-07 12:35:00-04:00,9.5024995803833,9.5024995803833,9.479999542236328,9.479999542236328,5429,0.0,0.0
2024-10-07 12:40:00-04:00,9.484999656677246,9.484999656677246,9.479999542236328,9.484999656677246,1119,0.0,0.0
2024-10-07 12:45:00-04:00,9.484999656677246,9.489999771118164,9.475000381469727,9.475000381469727,11970,0.0,0.0
2024-10-07 12:50:00-04:00,9.475000381469727,9.475000381469727,9.470000267028809,9.475000381469727,1554,0.0,0.0
2024-10-07 12:55:00-04:00,9.470000267028809,9.475000381469727,9.470000267028809,9.475000381469727,781,0.0,0.0
2024-10-07 13:00:00-04:00,9.475000381469727,9.475000381469727,9.470000267028809,9.475000381469727,1240,0.0,0.0
2024-10-07 13:05:00-04:00,9.475000381469727,9.475000381469727,9.475000381469727,9.475000381469727,1125,0.0,0.0
2024-10-07 13:10:00-04:00,9.475000381469727,9.479900360107422,9.46500015258789,9.475000381469727,11036,0.0,0.0
2024-10-07 13:15:00-04:00,9.475000381469727,9.475000381469727,9.475000381469727,9.475000381469727,956,0.0,0.0
2024-10-07 13:20:00-04:00,9.479999542236328,9.494999885559082,9.479999542236328,9.489999771118164,5677,0.0,0.0
2024-10-07 13:25:00-04:00,9.494999885559082,9.494999885559082,9.460000038146973,9.460000038146973,10512,0.0,0.0
2024-10-07 13:30:00-04:00,9.460000038146973,9.460000038146973,9.449999809265137,9.454999923706055,1582,0.0,0.0
2024-10-07 13:35:00-04:00,9.454999923706055,9.454999923706055,9.449999809265137,9.449999809265137,917,0.0,0.0
2024-10-07 13:40:00-04:00,9.449999809265137,9.449999809265137,9.420000076293945,9.420000076293945,14518,0.0,0.0
2024-10-07 13:45:00-04:00,9.420000076293945,9.425000190734863,9.420000076293945,9.420000076293945,4883,0.0,0.0
2024-10-07 13:50:00-04:00,9.422699928283691,9.422699928283691,9.40999984741211,9.40999984741211,7486,0.0,0.0
2024-10-07 13:55:00-04:00,9.40999984741211,9.420000076293945,9.404999732971191,9.420000076293945,13432,0.0,0.0
2024-10-07 14:00:00-04:00,9.414999961853027,9.414999961853027,9.414999961853027,9.414999961853027,607,0.0,0.0
2024-10-07 14:05:00-04:00,9.414999961853027,9.447999954223633,9.414999961853027,9.444999694824219,8357,0.0,0.0
2024-10-07 14:10:00-04:00,9.444999694824219,9.444999694824219,9.4350004196167,9.4350004196167,6020,0.0,0.0
2024-10-07 14:15:00-04:00,9.4350004196167,9.4399995803833,9.4350004196167,9.4350004196167,2664,0.0,0.0
2024-10-07 14:20:00-04:00,9.430000305175781,9.4350004196167,9.430000305175781,9.430000305175781,1457,0.0,0.0
2024-10-07 14:25:00-04:00,9.4350004196167,9.4350004196167,9.430000305175781,9.430000305175781,2175,0.0,0.0
2024-10-07 14:30:00-04:00,9.430000305175781,9.4350004196167,9.404999732971191,9.430000305175781,21328,0.0,0.0
2024-10-07 14:35:00-04:00,9.430000305175781,9.444999694824219,9.430000305175781,9.4399995803833,4443,0.0,0.0
2024-10-07 14:40:00-04:00,9.444999694824219,9.454999923706055,9.444999694824219,9.454999923706055,6585,0.0,0.0
2024-10-07 14:45:00-04:00,9.454999923706055,9.459699630737305,9.449999809265137,9.454999923706055,10034,0.0,0.0
2024-10-07 14:50:00-04:00,9.460000038146973,9.470000267028809,9.460000038146973,9.470000267028809,14191,0.0,0.0
2024-10-07 14:55:00-04:00,9.470000267028809,9.484999656677246,9.470000267028809,9.484999656677246,7132,0.0,0.0
2024-10-07 15:00:00-04:00,9.484999656677246,9.484999656677246,9.460000038146973,9.46500015258789,11109,0.0,0.0
2024-10-07 15:05:00-04:00,9.46500015258789,9.475000381469727,9.460000038146973,9.475000381469727,4418,0.0,0.0
2024-10-07 15:10:00-04:00,9.470000267028809,9.473999977111816,9.470000267028809,9.470000267028809,1336,0.0,0.0
2024-10-07 15:15:00-04:00,9.470000267028809,9.475000381469727,9.470000267028809,9.475000381469727,3012,0.0,0.0
2024-10-07 15:20:00-04:00,9.470000267028809,9.484999656677246,9.470000267028809,9.479999542236328,9700,0.0,0.0
2024-10-07 15:25:00-04:00,9.479999542236328,9.484999656677246,9.475000381469727,9.484999656677246,24007,0.0,0.0
2024-10-07 15:30:00-04:00,9.484999656677246,9.484999656677246,9.479999542236328,9.479999542236328,5376,0.0,0.0
2024-10-07 15:35:00-04:00,9.479999542236328,9.479999542236328,9.470000267028809,9.470000267028809,4460,0.0,0.0
2024-10-07 15:40:00-04:00,9.470000267028809,9.470000267028809,9.454999923706055,9.454999923706055,9153,0.0,0.0
2024-10-07 15:45:00-04:00,9.454999923706055,9.470000267028809,9.449999809265137,9.46500015258789,15683,0.0,0.0
2024-10-07 15:50:00-04:00,9.46500015258789,9.470000267028809,9.460000038146973,9.46500015258789,16816,0.0,0.0
2024-10-07 15:55:00-04:00,9.470000267028809,9.520000457763672,9.46500015258789,9.520000457763672,76161,0.0,0.0
2024-10-08 09:30:00-04:00,9.420000076293945,9.420000076293945,9.369999885559082,9.414999961853027,5762,0.0,0.0
2024-10-08 09:35:00-04:00,9.350000381469727,9.350000381469727,9.3100004196167,9.319999694824219,6996,0.0,0.0
2024-10-08 09:40:00-04:00,9.3100004196167,9.319999694824219,9.260000228881836,9.260000228881836,6621,0.0,0.0
2024-10-08 09:45:00-04:00,9.239999771118164,9.279999732971191,9.220000267028809,9.279999732971191,7147,0.0,0.0
2024-10-08 09:50:00-04:00,9.289999961853027,9.3100004196167,9.270000457763672,9.3100004196167,18803,0.0,0.0
2024-10-08 09:55:00-04:00,9.319999694824219,9.329999923706055,9.319999694824219,9.329999923706055,2118,0.0,0.0
2024-10-08 10:00:00-04:00,9.34000015258789,9.380000114440918,9.34000015258789,9.380000114440918,13585,0.0,0.0
2024-10-08 10:05:00-04:00,9.380000114440918,9.390000343322754,9.380000114440918,9.390000343322754,3702,0.0,0.0
2024-10-08 10:10:00-04:00,9.399999618530273,9.404999732971191,9.380000114440918,9.390000343322754,12410,0.0,0.0
2024-10-08 10:15:00-04:00,9.399999618530273,9.404999732971191,9.395000457763672,9.399900436401367,8003,0.0,0.0
2024-10-08 10:20:00-04:00,9.390000343322754,9.390000343322754,9.369999885559082,9.369999885559082,10960,0.0,0.0
2024-10-08 10:25:00-04:00,9.364999771118164,9.364999771118164,9.354999542236328,9.359999656677246,4890,0.0,0.0
2024-10-08 10:30:00-04:00,9.367899894714355,9.367899894714355,9.354999542236328,9.359999656677246,8451,0.0,0.0
2024-10-08 10:35:00-04:00,9.354999542236328,9.380000114440918,9.354999542236328,9.369999885559082,8459,0.0,0.0
2024-10-08 10:40:00-04:00,9.375,9.375,9.324999809265137,9.34000015258789,13624,0.0,0.0
2024-10-08 10:45:00-04:00,9.350000381469727,9.354999542236328,9.34529972076416,9.34529972076416,5100,0.0,0.0
2024-10-08 10:50:00-04:00,9.345000267028809,9.369999885559082,9.34000015258789,9.369999885559082,2419,0.0,0.0
2024-10-08 10:55:00-04:00,9.375,9.380000114440918,9.368800163269043,9.368800163269043,13097,0.0,0.0
2024-10-08 11:00:00-04:00,9.364999771118164,9.364999771118164,9.324999809265137,9.324999809265137,6218,0.0,0.0
2024-10-08 11:05:00-04:00,9.324999809265137,9.324999809265137,9.320099830627441,9.324700355529785,763,0.0,0.0
2024-10-08 11:10:00-04:00,9.324999809265137,9.329999923706055,9.319999694824219,9.319999694824219,6162,0.0,0.0
2024-10-08 11:15:00-04:00,9.319999694824219,9.319999694824219,9.309000015258789,9.3100004196167,8739,0.0,0.0
2024-10-08 11:20:00-04:00,9.3100004196167,9.335000038146973,9.3100004196167,9.329999923706055,8812,0.0,0.0
2024-10-08 11:25:00-04:00,9.329999923706055,9.335000038146973,9.319999694824219,9.319999694824219,11013,0.0,0.0
2024-10-08 11:30:00-04:00,9.320799827575684,9.335000038146973,9.320799827575684,9.335000038146973,7984,0.0,0.0
2024-10-08 11:35:00-04:00,9.335000038146973,9.34000015258789,9.330100059509277,9.335000038146973,13443,0.0,0.0
2024-10-08 11:40:00-04:00,9.329999923706055,9.359999656677246,9.329999923706055,9.357000350952148,4843,0.0,0.0
2024-10-08 11:45:00-04:00,9.350000381469727,9.354999542236328,9.34000015258789,9.34000015258789,9389,0.0,0.0
2024-10-08 11:50:00-04:00,9.345000267028809,9.354999542236328,9.34000015258789,9.34000015258789,7719,0.0,0.0
2024-10-08 11:55:00-04:00,9.345000267028809,9.345000267028809,9.343700408935547,9.345000267028809,1371,0.0,0.0
2024-10-08 12:00:00-04:00,9.345000267028809,9.354999542236328,9.345000267028809,9.354999542236328,2294,0.0,0.0
2024-10-08 12:05:00-04:00,9.359999656677246,9.359999656677246,9.345000267028809,9.345000267028809,4636,0.0,0.0
2024-10-08 12:10:00-04:00,9.345000267028809,9.350000381469727,9.345000267028809,9.347000122070312,3395,0.0,0.0
2024-10-08 12:15:00-04:00,9.345000267028809,9.345000267028809,9.345000267028809,9.345000267028809,643,0.0,0.0
2024-10-08 12:20:00-04:00,9.350000381469727,9.350000381469727,9.34000015258789,9.34000015258789,14515,0.0,0.0
2024-10-08 12:25:00-04:00,9.340800285339355,9.345000267028809,9.340800285339355,9.340900421142578,1601,0.0,0.0
2024-10-08 12:30:00-04:00,9.350000381469727,9.350000381469727,9.345000267028809,9.345000267028809,2223,0.0,0.0
2024-10-08 12:35:00-04:00,9.34000015258789,9.34000015258789,9.324999809265137,9.326000213623047,10512,0.0,0.0
2024-10-08 12:40:00-04:00,9.319999694824219,9.34000015258789,9.319999694824219,9.335000038146973,4164,0.0,0.0
2024-10-08 12:45:00-04:00,9.335000038146973,9.335000038146973,9.329999923706055,9.329999923706055,2698,0.0,0.0
2024-10-08 12:50:00-04:00,9.335000038146973,9.335000038146973,9.324999809265137,9.324999809265137,2949,0.0,0.0
2024-10-08 12:55:00-04:00,9.324999809265137,9.324999809265137,9.319999694824219,9.319999694824219,465,0.0,0.0
2024-10-08 13:00:00-04:00,9.319999694824219,9.329999923706055,9.319999694824219,9.319999694824219,2120,0.0,0.0
2024-10-08 13:05:00-04:00,9.324999809265137,9.380000114440918,9.324999809265137,9.380000114440918,17989,0.0,0.0
2024-10-08 13:10:00-04:00,9.390000343322754,9.390000343322754,9.385000228881836,9.390000343322754,13267,0.0,0.0
2024-10-08 13:15:00-04:00,9.385000228881836,9.406999588012695,9.385000228881836,9.404999732971191,7433,0.0,0.0
2024-10-08 13:20:00-04:00,9.40999984741211,9.40999984741211,9.40999984741211,9.40999984741211,825,0.0,0.0
2024-10-08 13:25:00-04:00,9.40999984741211,9.40999984741211,9.40999984741211,9.40999984741211,1500,0.0,0.0
2024-10-08 13:30:00-04:00,9.40999984741211,9.40999984741211,9.40999984741211,9.40999984741211,2613,0.0,0.0
2024-10-08 13:35:00-04:00,9.414999961853027,9.414999961853027,9.40999984741211,9.40999984741211,4003,0.0,0.0
2024-10-08 13:40:00-04:00,9.419899940490723,9.419899940490723,9.40999984741211,9.414999961853027,4626,0.0,0.0
2024-10-08 13:45:00-04:00,9.414999961853027,9.425000190734863,9.399999618530273,9.399999618530273,29786,0.0,0.0
2024-10-08 13:50:00-04:00,9.390000343322754,9.390000343322754,9.390000343322754,9.390000343322754,1264,0.0,0.0
2024-10-08 13:55:00-04:00,9.395000457763672,9.395000457763672,9.380000114440918,9.380000114440918,2671,0.0,0.0
2024-10-08 14:00:00-04:00,9.380000114440918,9.380000114440918,9.380000114440918,9.380000114440918,3094,0.0,0.0
2024-10-08 14:05:00-04:00,9.385000228881836,9.385000228881836,9.369999885559082,9.369999885559082,5610,0.0,0.0
2024-10-08 14:10:00-04:00,9.375,9.37600040435791,9.369999885559082,9.369999885559082,3202,0.0,0.0
2024-10-08 14:15:00-04:00,9.369999885559082,9.375,9.369999885559082,9.375,1397,0.0,0.0
2024-10-08 14:20:00-04:00,9.375,9.375,9.369999885559082,9.369999885559082,1370,0.0,0.0
2024-10-08 14:25:00-04:00,9.369999885559082,9.375,9.369999885559082,9.369999885559082,4931,0.0,0.0
2024-10-08 14:30:00-04:00,9.369999885559082,9.380000114440918,9.369999885559082,9.375,4876,0.0,0.0
2024-10-08 14:35:00-04:00,9.375,9.375,9.364999771118164,9.369999885559082,9245,0.0,0.0
2024-10-08 14:40:00-04:00,9.369999885559082,9.385000228881836,9.369999885559082,9.385000228881836,17188,0.0,0.0
2024-10-08 14:45:00-04:00,9.390000343322754,9.404999732971191,9.385000228881836,9.399999618530273,12825,0.0,0.0
2024-10-08 14:50:00-04:00,9.40999984741211,9.414999961853027,9.40999984741211,9.414999961853027,9328,0.0,0.0
2024-10-08 14:55:00-04:00,9.40999984741211,9.40999984741211,9.40999984741211,9.40999984741211,600,0.0,0.0
2024-10-08 15:00:00-04:00,9.414999961853027,9.414999961853027,9.40999984741211,9.40999984741211,3021,0.0,0.0
2024-10-08 15:05:00-04:00,9.420000076293945,9.420000076293945,9.399999618530273,9.404999732971191,17307,0.0,0.0
2024-10-08 15:10:00-04:00,9.404999732971191,9.428999900817871,9.399999618530273,9.428899765014648,12710,0.0,0.0
2024-10-08 15:15:00-04:00,9.420000076293945,9.425000190734863,9.399999618530273,9.399999618530273,11943,0.0,0.0
2024-10-08 15:20:00-04:00,9.409899711608887,9.40999984741211,9.399999618530273,9.399999618530273,3581,0.0,0.0
2024-10-08 15:25:00-04:00,9.399999618530273,9.404999732971191,9.390000343322754,9.390000343322754,23856,0.0,0.0
2024-10-08 15:30:00-04:00,9.380000114440918,9.385000228881836,9.369999885559082,9.375,3990,0.0,0.0
2024-10-08 15:35:00-04:00,9.369999885559082,9.369999885559082,9.359999656677246,9.369999885559082,6928,0.0,0.0
2024-10-08 15:40:00-04:00,9.359999656677246,9.369999885559082,9.354999542236328,9.364999771118164,11377,0.0,0.0
2024-10-08 15:45:00-04:00,9.364999771118164,9.399999618530273,9.364999771118164,9.395000457763672,26308,0.0,0.0
2024-10-08 15:50:00-04:00,9.399999618530273,9.399999618530273,9.380000114440918,9.385000228881836,17937,0.0,0.0
2024-10-08 15:55:00-04:00,9.385000228881836,9.385000228881836,9.345000267028809,9.350000381469727,63313,0.0,0.0
2024-10-09 09:30:00-04:00,9.279999732971191,9.279999732971191,9.239999771118164,9.239999771118164,5872,0.0,0.0
2024-10-09 09:35:00-04:00,9.244999885559082,9.255000114440918,9.15999984741211,9.170000076293945,10873,0.0,0.0
2024-10-09 09:40:00-04:00,9.170000076293945,9.170000076293945,9.149999618530273,9.166000366210938,4507,0.0,0.0
2024-10-09 09:45:00-04:00,9.170000076293945,9.194999694824219,9.15999984741211,9.15999984741211,3456,0.0,0.0
2024-10-09 09:50:00-04:00,9.164999961853027,9.229999542236328,9.164999961853027,9.220000267028809,11403,0.0,0.0
2024-10-09 09:55:00-04:00,9.225000381469727,9.25,9.220000267028809,9.25,5287,0.0,0.0
2024-10-09 10:00:00-04:00,9.260000228881836,9.260000228881836,9.260000228881836,9.260000228881836,4024,0.0,0.0
2024-10-09 10:05:00-04:00,9.260000228881836,9.274999618530273,9.255000114440918,9.274999618530273,7871,0.0,0.0
2024-10-09 10:10:00-04:00,9.28499984741211,9.300000190734863,9.279999732971191,9.279999732971191,12110,0.0,0.0
2024-10-09 10:15:00-04:00,9.28499984741211,9.289999961853027,9.255000114440918,9.279999732971191,9619,0.0,0.0
2024-10-09 10:20:00-04:00,9.279999732971191,9.279999732971191,9.220000267028809,9.25,24023,0.0,0.0
2024-10-09 10:25:00-04:00,9.265000343322754,9.270000457763672,9.265000343322754,9.270000457763672,1336,0.0,0.0
2024-10-09 10:30:00-04:00,9.279999732971191,9.300000190734863,9.279999732971191,9.289999961853027,7545,0.0,0.0
2024-10-09 10:35:00-04:00,9.289999961853027,9.295000076293945,9.289999961853027,9.289999961853027,3991,0.0,0.0
2024-10-09 10:40:00-04:00,9.289999961853027,9.3100004196167,9.289999961853027,9.3100004196167,4654,0.0,0.0
2024-10-09 10:45:00-04:00,9.316499710083008,9.329999923706055,9.3100004196167,9.3100004196167,5463,0.0,0.0
2024-10-09 10:50:00-04:00,9.3149995803833,9.3149995803833,9.305000305175781,9.305000305175781,3035,0.0,0.0
2024-10-09 10:55:00-04:00,9.3100004196167,9.319999694824219,9.3100004196167,9.3100004196167,6874,0.0,0.0
2024-10-09 11:00:00-04:00,9.3100004196167,9.3100004196167,9.289999961853027,9.300000190734863,2909,0.0,0.0
2024-10-09 11:05:00-04:00,9.304800033569336,9.319999694824219,9.304800033569336,9.319999694824219,2257,0.0,0.0
2024-10-09 11:10:00-04:00,9.324999809265137,9.324999809265137,9.324999809265137,9.324999809265137,2905,0.0,0.0
2024-10-09 11:15:00-04:00,9.324999809265137,9.324999809265137,9.28499984741211,9.295000076293945,8217,0.0,0.0
2024-10-09 11:20:00-04:00,9.295000076293945,9.305000305175781,9.289999961853027,9.291199684143066,4415,0.0,0.0
2024-10-09 11:25:00-04:00,9.300000190734863,9.305000305175781,9.300000190734863,9.300000190734863,5204,0.0,0.0
2024-10-09 11:30:00-04:00,9.295000076293945,9.295000076293945,9.289999961853027,9.289999961853027,3008,0.0,0.0
2024-10-09 11:35:00-04:00,9.291999816894531,9.291999816894531,9.289999961853027,9.289999961853027,1439,0.0,0.0
2024-10-09 11:40:00-04:00,9.300000190734863,9.300000190734863,9.290399551391602,9.290499687194824,9431,0.0,0.0
2024-10-09 11:45:00-04:00,9.289999961853027,9.29990005493164,9.289999961853027,9.289999961853027,4498,0.0,0.0
2024-10-09 11:50:00-04:00,9.300000190734863,9.300000190734863,9.270000457763672,9.274999618530273,8511,0.0,0.0
2024-10-09 11:55:00-04:00,9.270000457763672,9.295000076293945,9.270000457763672,9.289999961853027,9309,0.0,0.0
2024-10-09 12:00:00-04:00,9.289999961853027,9.289999961853027,9.270000457763672,9.270000457763672,7735,0.0,0.0
2024-10-09 12:05:00-04:00,9.279999732971191,9.28499984741211,9.279999732971191,9.28499984741211,1258,0.0,0.0
2024-10-09 12:10:00-04:00,9.289999961853027,9.289999961853027,9.28499984741211,9.28499984741211,2560,0.0,0.0
2024-10-09 12:15:00-04:00,9.28499984741211,9.289999961853027,9.279999732971191,9.279999732971191,5318,0.0,0.0
2024-10-09 12:20:00-04:00,9.279999732971191,9.28499984741211,9.270000457763672,9.270000457763672,5047,0.0,0.0
2024-10-09 12:25:00-04:00,9.270000457763672,9.278900146484375,9.270000457763672,9.270000457763672,6092,0.0,0.0
2024-10-09 12:30:00-04:00,9.265000343322754,9.265000343322754,9.255000114440918,9.255000114440918,2380,0.0,0.0
2024-10-09 12:35:00-04:00,9.255000114440918,9.255000114440918,9.255000114440918,9.255000114440918,615,0.0,0.0
2024-10-09 12:40:00-04:00,9.255000114440918,9.255000114440918,9.255000114440918,9.255000114440918,709,0.0,0.0
2024-10-09 12:45:00-04:00,9.260000228881836,9.260000228881836,9.254199981689453,9.254199981689453,7949,0.0,0.0
2024-10-09 12:50:00-04:00,9.25,9.260000228881836,9.25,9.258999824523926,4646,0.0,0.0
2024-10-09 12:55:00-04:00,9.255000114440918,9.260000228881836,9.25,9.258999824523926,3555,0.0,0.0
2024-10-09 13:00:00-04:00,9.265000343322754,9.270000457763672,9.260000228881836,9.260000228881836,2140,0.0,0.0
2024-10-09 13:05:00-04:00,9.260000228881836,9.268899917602539,9.244999885559082,9.244999885559082,12441,0.0,0.0
2024-10-09 13:10:00-04:00,9.244999885559082,9.274999618530273,9.244999885559082,9.270000457763672,7708,0.0,0.0
2024-10-09 13:15:00-04:00,9.274999618530273,9.274999618530273,9.260000228881836,9.260000228881836,6906,0.0,0.0
2024-10-09 13:20:00-04:00,9.265000343322754,9.270000457763672,9.255000114440918,9.255000114440918,28126,0.0,0.0
2024-10-09 13:25:00-04:00,9.255000114440918,9.260000228881836,9.220000267028809,9.220000267028809,16558,0.0,0.0
2024-10-09 13:30:00-04:00,9.225000381469727,9.239999771118164,9.199999809265137,9.239999771118164,27100,0.0,0.0
2024-10-09 13:35:00-04:00,9.25,9.25,9.239999771118164,9.25,1108,0.0,0.0
2024-10-09 13:40:00-04:00,9.25,9.255000114440918,9.248000144958496,9.255000114440918,3144,0.0,0.0
2024-10-09 13:45:00-04:00,9.260000228881836,9.274999618530273,9.260000228881836,9.270000457763672,7118,0.0,0.0
2024-10-09 13:50:00-04:00,9.270999908447266,9.279999732971191,9.265000343322754,9.265000343322754,4886,0.0,0.0
2024-10-09 13:55:00-04:00,9.265000343322754,9.265000343322754,9.265000343322754,9.265000343322754,2203,0.0,0.0
2024-10-09 14:00:00-04:00,9.270000457763672,9.274999618530273,9.270000457763672,9.270000457763672,16328,0.0,0.0
2024-10-09 14:05:00-04:00,9.270000457763672,9.274999618530273,9.270000457763672,9.270000457763672,5274,0.0,0.0
2024-10-09 14:10:00-04:00,9.274999618530273,9.279999732971191,9.270000457763672,9.274999618530273,1427,0.0,0.0
2024-10-09 14:15:00-04:00,9.270000457763672,9.270000457763672,9.239999771118164,9.239999771118164,26302,0.0,0.0
2024-10-09 14:20:00-04:00,9.240300178527832,9.25,9.240300178527832,9.25,2311,0.0,0.0
2024-10-09 14:30:00-04:00,9.260000228881836,9.270000457763672,9.256999969482422,9.267000198364258,6667,0.0,0.0
2024-10-09 14:35:00-04:00,9.270000457763672,9.270000457763672,9.267000198364258,9.267000198364258,8120,0.0,0.0
2024-10-09 14:40:00-04:00,9.270000457763672,9.274999618530273,9.265000343322754,9.274999618530273,4955,0.0,0.0
2024-10-09 14:45:00-04:00,9.279999732971191,9.279999732971191,9.270000457763672,9.270000457763672,4992,0.0,0.0
2024-10-09 14:50:00-04:00,9.274999618530273,9.276000022888184,9.270000457763672,9.270000457763672,2398,0.0,0.0
2024-10-09 14:55:00-04:00,9.270000457763672,9.270000457763672,9.25,9.25,14865,0.0,0.0
2024-10-09 15:00:00-04:00,9.255000114440918,9.255000114440918,9.25,9.25,2142,0.0,0.0
2024-10-09 15:05:00-04:00,9.25,9.253600120544434,9.21500015258789,9.21500015258789,15703,0.0,0.0
2024-10-09 15:10:00-04:00,9.210000038146973,9.220000267028809,9.210000038146973,9.220000267028809,6624,0.0,0.0
2024-10-09 15:15:00-04:00,9.225000381469727,9.225000381469727,9.22350025177002,9.225000381469727,1204,0.0,0.0
2024-10-09 15:20:00-04:00,9.225000381469727,9.229999542236328,9.21500015258789,9.21500015258789,18318,0.0,0.0
2024-10-09 15:25:00-04:00,9.21500015258789,9.220000267028809,9.21500015258789,9.21500015258789,3193,0.0,0.0
2024-10-09 15:30:00-04:00,9.21500015258789,9.21500015258789,9.194999694824219,9.21500015258789,12829,0.0,0.0
2024-10-09 15:35:00-04:00,9.21500015258789,9.220000267028809,9.21500015258789,9.21500015258789,9004,0.0,0.0
2024-10-09 15:40:00-04:00,9.21500015258789,9.220000267028809,9.21500015258789,9.219900131225586,4060,0.0,0.0
2024-10-09 15:45:00-04:00,9.220000267028809,9.229999542236328,9.210000038146973,9.220000267028809,18611,0.0,0.0
2024-10-09 15:50:00-04:00,9.210000038146973,9.220000267028809,9.199999809265137,9.199999809265137,15604,0.0,0.0
2024-10-09 15:55:00-04:00,9.204999923706055,9.220000267028809,9.1899995803833,9.199999809265137,42225,0.0,0.0
2024-10-10 09:30:00-04:00,9.180000305175781,9.239999771118164,9.109999656677246,9.229999542236328,10047,0.0,0.0
2024-10-10 09:35:00-04:00,9.229999542236328,9.3100004196167,9.210000038146973,9.289999961853027,13676,0.0,0.0
2024-10-10 09:40:00-04:00,9.289999961853027,9.300000190734863,9.279999732971191,9.279999732971191,5865,0.0,0.0
2024-10-10 09:45:00-04:00,9.279999732971191,9.289999961853027,9.279999732971191,9.289999961853027,1299,0.0,0.0
2024-10-10 09:50:00-04:00,9.289999961853027,9.319999694824219,9.279999732971191,9.300000190734863,17345,0.0,0.0
2024-10-10 09:55:00-04:00,9.300000190734863,9.350000381469727,9.295000076293945,9.34000015258789,21336,0.0,0.0
2024-10-10 10:00:00-04:00,9.34000015258789,9.354999542236328,9.319999694824219,9.329999923706055,8951,0.0,0.0
2024-10-10 10:05:00-04:00,9.329999923706055,9.329999923706055,9.279999732971191,9.279999732971191,10084,0.0,0.0
2024-10-10 10:10:00-04:00,9.289999961853027,9.319999694824219,9.289999961853027,9.319999694824219,7839,0.0,0.0
2024-10-10 10:15:00-04:00,9.319999694824219,9.319999694824219,9.3100004196167,9.3100004196167,5056,0.0,0.0
2024-10-10 10:20:00-04:00,9.3100004196167,9.3100004196167,9.300000190734863,9.300000190734863,4627,0.0,0.0
2024-10-10 10:25:00-04:00,9.3100004196167,9.3100004196167,9.300000190734863,9.305000305175781,4779,0.0,0.0
2024-10-10 10:30:00-04:00,9.300000190734863,9.305999755859375,9.300000190734863,9.300000190734863,4717,0.0,0.0
2024-10-10 10:35:00-04:00,9.305000305175781,9.3100004196167,9.279999732971191,9.279999732971191,7665,0.0,0.0
2024-10-10 10:40:00-04:00,9.279999732971191,9.279999732971191,9.25,9.25,13315,0.0,0.0
2024-10-10 10:45:00-04:00,9.239999771118164,9.244999885559082,9.1899995803833,9.21500015258789,26233,0.0,0.0
2024-10-10 10:50:00-04:00,9.220000267028809,9.234999656677246,9.210000038146973,9.220000267028809,11842,0.0,0.0
2024-10-10 10:55:00-04:00,9.225000381469727,9.229999542236328,9.210000038146973,9.210000038146973,4058,0.0,0.0
2024-10-10 11:00:00-04:00,9.220000267028809,9.229999542236328,9.220000267028809,9.229999542236328,3183,0.0,0.0
2024-10-10 11:05:00-04:00,9.239999771118164,9.239999771118164,9.229999542236328,9.229999542236328,8514,0.0,0.0
2024-10-10 11:10:00-04:00,9.229999542236328,9.239999771118164,9.229999542236328,9.239999771118164,2642,0.0,0.0
2024-10-10 11:15:00-04:00,9.239999771118164,9.255000114440918,9.239999771118164,9.255000114440918,2090,0.0,0.0
2024-10-10 11:20:00-04:00,9.255000114440918,9.270000457763672,9.25,9.270000457763672,8455,0.0,0.0
2024-10-10 11:25:00-04:00,9.274999618530273,9.279999732971191,9.260000228881836,9.260000228881836,6250,0.0,0.0
2024-10-10 11:30:00-04:00,9.260000228881836,9.270000457763672,9.260000228881836,9.270000457763672,4755,0.0,0.0
2024-10-10 11:35:00-04:00,9.274999618530273,9.28499984741211,9.270000457763672,9.270000457763672,7192,0.0,0.0
2024-10-10 11:40:00-04:00,9.255000114440918,9.260000228881836,9.255000114440918,9.260000228881836,1969,0.0,0.0
2024-10-10 11:45:00-04:00,9.270000457763672,9.270000457763672,9.270000457763672,9.270000457763672,2456,0.0,0.0
2024-10-10 11:50:00-04:00,9.270000457763672,9.270000457763672,9.260000228881836,9.260000228881836,7853,0.0,0.0
2024-10-10 11:55:00-04:00,9.260000228881836,9.265000343322754,9.260000228881836,9.260000228881836,5485,0.0,0.0
2024-10-10 12:00:00-04:00,9.260000228881836,9.265000343322754,9.255000114440918,9.255000114440918,6897,0.0,0.0
2024-10-10 12:05:00-04:00,9.260000228881836,9.270000457763672,9.260000228881836,9.270000457763672,2865,0.0,0.0
2024-10-10 12:15:00-04:00,9.279999732971191,9.289999961853027,9.274999618530273,9.274999618530273,8762,0.0,0.0
2024-10-10 12:20:00-04:00,9.274999618530273,9.274999618530273,9.265000343322754,9.265000343322754,5474,0.0,0.0
2024-10-10 12:25:00-04:00,9.270000457763672,9.270000457763672,9.265000343322754,9.265000343322754,637,0.0,0.0
2024-10-10 12:30:00-04:00,9.265000343322754,9.270000457763672,9.265000343322754,9.270000457763672,2758,0.0,0.0
2024-10-10 12:35:00-04:00,9.270000457763672,9.270000457763672,9.270000457763672,9.270000457763672,2589,0.0,0.0
2024-10-10 12:40:00-04:00,9.270000457763672,9.270000457763672,9.220000267028809,9.234999656677246,26933,0.0,0.0
2024-10-10 12:45:00-04:00,9.229999542236328,9.246700286865234,9.229999542236328,9.246700286865234,5572,0.0,0.0
2024-10-10 12:50:00-04:00,9.244999885559082,9.260000228881836,9.244999885559082,9.260000228881836,6102,0.0,0.0
2024-10-10 12:55:00-04:00,9.265000343322754,9.270000457763672,9.260000228881836,9.265000343322754,4316,0.0,0.0
2024-10-10 13:00:00-04:00,9.260000228881836,9.260000228881836,9.260000228881836,9.260000228881836,369,0.0,0.0
2024-10-10 13:05:00-04:00,9.260000228881836,9.265000343322754,9.260000228881836,9.260000228881836,1362,0.0,0.0
2024-10-10 13:10:00-04:00,9.270000457763672,9.274999618530273,9.270000457763672,9.274999618530273,5656,0.0,0.0
2024-10-10 13:15:00-04:00,9.274999618530273,9.28499984741211,9.274999618530273,9.28499984741211,2109,0.0,0.0
2024-10-10 13:20:00-04:00,9.28499984741211,9.28499984741211,9.279999732971191,9.279999732971191,6158,0.0,0.0
2024-10-10 13:25:00-04:00,9.270000457763672,9.279999732971191,9.265000343322754,9.265000343322754,8596,0.0,0.0
2024-10-10 13:30:00-04:00,9.260000228881836,9.265000343322754,9.260000228881836,9.265000343322754,937,0.0,0.0
2024-10-10 13:35:00-04:00,9.260000228881836,9.260000228881836,9.255000114440918,9.255000114440918,2779,0.0,0.0
2024-10-10 13:40:00-04:00,9.255000114440918,9.265000343322754,9.255000114440918,9.260000228881836,5224,0.0,0.0
2024-10-10 13:45:00-04:00,9.260000228881836,9.260000228881836,9.260000228881836,9.260000228881836,405,0.0,0.0
2024-10-10 13:50:00-04:00,9.260000228881836,9.270000457763672,9.260000228881836,9.265000343322754,4844,0.0,0.0
2024-10-10 13:55:00-04:00,9.269000053405762,9.276000022888184,9.269000053405762,9.274999618530273,4155,0.0,0.0
2024-10-10 14:00:00-04:00,9.274999618530273,9.279999732971191,9.274999618530273,9.279000282287598,1831,0.0,0.0
2024-10-10 14:05:00-04:00,9.274999618530273,9.274999618530273,9.265000343322754,9.265000343322754,9949,0.0,0.0
2024-10-10 14:10:00-04:00,9.270000457763672,9.270000457763672,9.265000343322754,9.270000457763672,1049,0.0,0.0
2024-10-10 14:15:00-04:00,9.265000343322754,9.265000343322754,9.265000343322754,9.265000343322754,1052,0.0,0.0
2024-10-10 14:20:00-04:00,9.265000343322754,9.277999877929688,9.265000343322754,9.277999877929688,4336,0.0,0.0
2024-10-10 14:25:00-04:00,9.274999618530273,9.28499984741211,9.274999618530273,9.28499984741211,1503,0.0,0.0
2024-10-10 14:30:00-04:00,9.289999961853027,9.289999961853027,9.274999618530273,9.274999618530273,6863,0.0,0.0
2024-10-10 14:35:00-04:00,9.274999618530273,9.277999877929688,9.274999618530273,9.277999877929688,501,0.0,0.0
2024-10-10 14:40:00-04:00,9.274800300598145,9.274800300598145,9.270000457763672,9.270000457763672,1012,0.0,0.0
2024-10-10 14:45:00-04:00,9.274999618530273,9.279999732971191,9.274999618530273,9.274999618530273,1035,0.0,0.0
2024-10-10 14:50:00-04:00,9.274999618530273,9.274999618530273,9.270000457763672,9.270000457763672,647,0.0,0.0
2024-10-10 14:55:00-04:00,9.274999618530273,9.274999618530273,9.270000457763672,9.274999618530273,1329,0.0,0.0
2024-10-10 15:00:00-04:00,9.270000457763672,9.274999618530273,9.270000457763672,9.274999618530273,1794,0.0,0.0
2024-10-10 15:05:00-04:00,9.274999618530273,9.274999618530273,9.255000114440918,9.255000114440918,10655,0.0,0.0
2024-10-10 15:10:00-04:00,9.255000114440918,9.28499984741211,9.255000114440918,9.28499984741211,11430,0.0,0.0
2024-10-10 15:15:00-04:00,9.279999732971191,9.28499984741211,9.279999732971191,9.28499984741211,1430,0.0,0.0
2024-10-10 15:20:00-04:00,9.28499984741211,9.3100004196167,9.28499984741211,9.300000190734863,6821,0.0,0.0
2024-10-10 15:25:00-04:00,9.300000190734863,9.305000305175781,9.289999961853027,9.305000305175781,14255,0.0,0.0
2024-10-10 15:30:00-04:00,9.305000305175781,9.305000305175781,9.289999961853027,9.289999961853027,4250,0.0,0.0
2024-10-10 15:35:00-04:00,9.289999961853027,9.289999961853027,9.289999961853027,9.289999961853027,247,0.0,0.0
2024-10-10 15:40:00-04:00,9.295000076293945,9.295000076293945,9.274999618530273,9.274999618530273,5902,0.0,0.0
2024-10-10 15:45:00-04:00,9.270000457763672,9.274999618530273,9.260000228881836,9.260000228881836,15834,0.0,0.0
2024-10-10 15:50:00-04:00,9.25,9.274999618530273,9.244999885559082,9.270000457763672,13377,0.0,0.0
2024-10-10 15:55:00-04:00,9.270000457763672,9.279999732971191,9.255000114440918,9.260000228881836,66576,0.0,0.0
2024-10-11 09:30:00-04:00,9.25,9.260000228881836,9.229999542236328,9.260000228881836,9833,0.0,0.0
2024-10-11 09:35:00-04:00,9.279999732971191,9.3100004196167,9.279999732971191,9.3100004196167,13146,0.0,0.0
2024-10-11 09:40:00-04:00,9.305000305175781,9.3100004196167,9.29699993133545,9.3100004196167,8613,0.0,0.0
2024-10-11 09:45:00-04:00,9.300000190734863,9.329999923706055,9.300000190734863,9.329999923706055,3625,0.0,0.0
2024-10-11 09:50:00-04:00,9.335000038146973,9.369999885559082,9.335000038146973,9.369999885559082,12418,0.0,0.0
2024-10-11 09:55:00-04:00,9.375,9.375,9.369999885559082,9.369999885559082,3432,0.0,0.0
2024-10-11 10:00:00-04:00,9.369999885559082,9.385000228881836,9.359999656677246,9.385000228881836,2384,0.0,0.0
2024-10-11 10:05:00-04:00,9.380000114440918,9.390000343322754,9.345000267028809,9.359999656677246,16394,0.0,0.0
2024-10-11 10:10:00-04:00,9.354999542236328,9.359999656677246,9.350000381469727,9.354999542236328,1301,0.0,0.0
2024-10-11 10:15:00-04:00,9.350000381469727,9.350000381469727,9.324999809265137,9.324999809265137,2861,0.0,0.0
2024-10-11 10:20:00-04:00,9.319999694824219,9.324999809265137,9.3149995803833,9.319999694824219,2671,0.0,0.0
2024-10-11 10:25:00-04:00,9.326199531555176,9.326199531555176,9.317000389099121,9.317000389099121,2959,0.0,0.0
2024-10-11 10:30:00-04:00,9.319999694824219,9.319999694824219,9.3100004196167,9.3100004196167,928,0.0,0.0
2024-10-11 10:35:00-04:00,9.319999694824219,9.324999809265137,9.3149995803833,9.324999809265137,1592,0.0,0.0
2024-10-11 10:40:00-04:00,9.319999694824219,9.319999694824219,9.303999900817871,9.303999900817871,6196,0.0,0.0
2024-10-11 10:45:00-04:00,9.309200286865234,9.309200286865234,9.279999732971191,9.288999557495117,6106,0.0,0.0
2024-10-11 10:50:00-04:00,9.279999732971191,9.279999732971191,9.270000457763672,9.270000457763672,1411,0.0,0.0
2024-10-11 10:55:00-04:00,9.260000228881836,9.270000457763672,9.256999969482422,9.270000457763672,5627,0.0,0.0
2024-10-11 11:00:00-04:00,9.270000457763672,9.270000457763672,9.244999885559082,9.244999885559082,2400,0.0,0.0
2024-10-11 11:05:00-04:00,9.244999885559082,9.244999885559082,9.244999885559082,9.244999885559082,229,0.0,0.0
2024-10-11 11:10:00-04:00,9.239999771118164,9.244999885559082,9.237000465393066,9.239999771118164,3895,0.0,0.0
2024-10-11 11:15:00-04:00,9.229999542236328,9.234999656677246,9.21500015258789,9.21500015258789,3374,0.0,0.0
2024-10-11 11:20:00-04:00,9.21500015258789,9.21500015258789,9.204999923706055,9.204999923706055,2413,0.0,0.0
2024-10-11 11:25:00-04:00,9.204999923706055,9.205900192260742,9.194999694824219,9.194999694824219,3185,0.0,0.0
2024-10-11 11:30:00-04:00,9.194999694824219,9.194999694824219,9.1899995803833,9.190600395202637,4824,0.0,0.0
2024-10-11 11:35:00-04:00,9.194999694824219,9.194999694824219,9.180000305175781,9.180000305175781,2519,0.0,0.0
2024-10-11 11:40:00-04:00,9.180000305175781,9.1850004196167,9.15999984741211,9.15999984741211,9294,0.0,0.0
2024-10-11 11:45:00-04:00,9.164999961853027,9.175000190734863,9.0600004196167,9.095000267028809,133044,0.0,0.0
2024-10-11 11:50:00-04:00,9.100000381469727,9.100000381469727,9.079999923706055,9.09000015258789,11572,0.0,0.0
2024-10-11 11:55:00-04:00,9.095000267028809,9.104999542236328,9.09000015258789,9.095000267028809,5340,0.0,0.0
2024-10-11 12:00:00-04:00,9.09000015258789,9.095000267028809,9.09000015258789,9.095000267028809,2270,0.0,0.0
2024-10-11 12:05:00-04:00,9.09000015258789,9.119999885559082,9.09000015258789,9.100000381469727,17250,0.0,0.0
2024-10-11 12:10:00-04:00,9.095000267028809,9.109999656677246,9.095000267028809,9.100000381469727,4781,0.0,0.0
2024-10-11 12:15:00-04:00,9.095800399780273,9.119999885559082,9.095800399780273,9.119999885559082,10606,0.0,0.0
2024-10-11 12:20:00-04:00,9.114999771118164,9.119999885559082,9.114999771118164,9.119999885559082,3909,0.0,0.0
2024-10-11 12:25:00-04:00,9.125,9.125,9.104999542236328,9.104999542236328,8698,0.0,0.0
2024-10-11 12:30:00-04:00,9.10569953918457,9.10569953918457,9.095000267028809,9.100000381469727,5431,0.0,0.0
2024-10-11 12:35:00-04:00,9.100000381469727,9.104999542236328,9.100000381469727,9.100000381469727,3871,0.0,0.0
2024-10-11 12:40:00-04:00,9.100000381469727,9.104999542236328,9.100000381469727,9.104999542236328,1857,0.0,0.0
2024-10-11 12:45:00-04:00,9.104999542236328,9.114999771118164,9.095000267028809,9.095000267028809,15293,0.0,0.0
2024-10-11 12:50:00-04:00,9.095000267028809,9.095000267028809,9.0649995803833,9.069999694824219,6503,0.0,0.0
2024-10-11 12:55:00-04:00,9.079999923706055,9.079999923706055,9.0600004196167,9.0600004196167,2641,0.0,0.0
2024-10-11 13:00:00-04:00,9.069999694824219,9.069999694824219,9.0600004196167,9.0600004196167,8889,0.0,0.0
2024-10-11 13:05:00-04:00,9.055000305175781,9.0649995803833,9.050000190734863,9.0600004196167,5628,0.0,0.0
2024-10-11 13:10:00-04:00,9.0600004196167,9.0649995803833,9.050000190734863,9.050000190734863,6436,0.0,0.0
2024-10-11 13:15:00-04:00,9.050000190734863,9.0649995803833,9.050000190734863,9.0649995803833,4538,0.0,0.0
2024-10-11 13:20:00-04:00,9.0649995803833,9.069999694824219,9.0649995803833,9.0649995803833,1684,0.0,0.0
2024-10-11 13:25:00-04:00,9.0649995803833,9.0649995803833,9.039999961853027,9.039999961853027,8630,0.0,0.0
2024-10-11 13:30:00-04:00,9.045000076293945,9.045000076293945,9.039999961853027,9.039999961853027,2298,0.0,0.0
2024-10-11 13:35:00-04:00,9.045000076293945,9.045000076293945,9.045000076293945,9.045000076293945,1348,0.0,0.0
2024-10-11 13:40:00-04:00,9.045000076293945,9.050000190734863,9.039999961853027,9.050000190734863,16866,0.0,0.0
2024-10-11 13:45:00-04:00,9.050000190734863,9.055000305175781,9.03499984741211,9.03499984741211,5505,0.0,0.0
2024-10-11 13:50:00-04:00,9.03499984741211,9.03499984741211,9.029999732971191,9.03499984741211,3171,0.0,0.0
2024-10-11 13:55:00-04:00,9.029999732971191,9.045000076293945,9.029999732971191,9.03499984741211,8793,0.0,0.0
2024-10-11 14:00:00-04:00,9.03499984741211,9.03499984741211,9.029999732971191,9.029999732971191,5417,0.0,0.0
2024-10-11 14:05:00-04:00,9.029999732971191,9.085000038146973,9.029999732971191,9.0649995803833,46495,0.0,0.0
2024-10-11 14:10:00-04:00,9.069999694824219,9.085000038146973,9.069999694824219,9.085000038146973,4714,0.0,0.0
2024-10-11 14:15:00-04:00,9.085000038146973,9.100000381469727,9.079999923706055,9.091400146484375,9748,0.0,0.0
2024-10-11 14:20:00-04:00,9.09000015258789,9.125,9.09000015258789,9.114999771118164,15150,0.0,0.0
2024-10-11 14:25:00-04:00,9.119999885559082,9.125,9.119999885559082,9.119999885559082,3755,0.0,0.0
2024-10-11 14:30:00-04:00,9.109999656677246,9.114999771118164,9.085000038146973,9.085000038146973,9057,0.0,0.0
2024-10-11 14:35:00-04:00,9.085000038146973,9.095000267028809,9.074999809265137,9.074999809265137,12954,0.0,0.0
2024-10-11 14:40:00-04:00,9.074999809265137,9.074999809265137,9.069999694824219,9.069999694824219,1108,0.0,0.0
2024-10-11 14:45:00-04:00,9.069999694824219,9.085000038146973,9.069999694824219,9.085000038146973,3745,0.0,0.0
2024-10-11 14:50:00-04:00,9.085000038146973,9.100000381469727,9.085000038146973,9.095000267028809,5719,0.0,0.0
2024-10-11 14:55:00-04:00,9.100000381469727,9.109999656677246,9.098999977111816,9.104999542236328,7614,0.0,0.0
2024-10-11 15:00:00-04:00,9.104999542236328,9.109999656677246,9.085000038146973,9.085000038146973,15722,0.0,0.0
2024-10-11 15:05:00-04:00,9.085000038146973,9.095000267028809,9.085000038146973,9.095000267028809,4437,0.0,0.0
2024-10-11 15:10:00-04:00,9.100000381469727,9.130000114440918,9.095000267028809,9.130000114440918,14936,0.0,0.0
2024-10-11 15:15:00-04:00,9.125,9.15999984741211,9.125,9.15999984741211,5613,0.0,0.0
2024-10-11 15:20:00-04:00,9.170000076293945,9.175000190734863,9.149999618530273,9.149999618530273,16719,0.0,0.0
2024-10-11 15:25:00-04:00,9.154999732971191,9.170000076293945,9.154999732971191,9.164999961853027,7128,0.0,0.0
2024-10-11 15:30:00-04:00,9.164999961853027,9.170000076293945,9.140000343322754,9.145000457763672,10727,0.0,0.0
2024-10-11 15:35:00-04:00,9.145000457763672,9.149999618530273,9.140000343322754,9.145000457763672,5622,0.0,0.0
2024-10-11 15:40:00-04:00,9.145000457763672,9.145000457763672,9.130000114440918,9.135000228881836,8795,0.0,0.0
2024-10-11 15:45:00-04:00,9.135000228881836,9.149999618530273,9.135000228881836,9.140000343322754,11089,0.0,0.0
2024-10-11 15:50:00-04:00,9.14900016784668,9.170000076293945,9.140000343322754,9.168700218200684,19310,0.0,0.0
2024-10-11 15:55:00-04:00,9.164999961853027,9.170000076293945,9.149999618530273,9.164999961853027,42689,0.0,0.0
2024-10-14 09:30:00-04:00,9.109999656677246,9.109999656677246,9.050000190734863,9.0600004196167,10344,0.0,0.0
2024-10-14 09:35:00-04:00,9.0600004196167,9.0600004196167,8.979999542236328,9.010000228881836,18856,0.0,0.0
2024-10-14 09:40:00-04:00,9.0,9.0,8.951600074768066,8.954999923706055,7753,0.0,0.0
2024-10-14 09:45:00-04:00,8.949999809265137,9.03499984741211,8.949999809265137,9.03499984741211,17670,0.0,0.0
2024-10-14 09:50:00-04:00,9.029999732971191,9.029999732971191,9.010000228881836,9.024999618530273,9107,0.0,0.0
2024-10-14 09:55:00-04:00,9.029999732971191,9.039999961853027,9.015000343322754,9.015000343322754,6304,0.0,0.0
2024-10-14 10:00:00-04:00,9.010000228881836,9.039999961853027,9.0,9.039999961853027,10063,0.0,0.0
2024-10-14 10:05:00-04:00,9.039999961853027,9.055000305175781,9.03499984741211,9.039999961853027,9023,0.0,0.0
2024-10-14 10:10:00-04:00,9.050000190734863,9.055000305175781,9.039999961853027,9.039999961853027,5600,0.0,0.0
2024-10-14 10:15:00-04:00,9.041999816894531,9.045000076293945,9.010000228881836,9.010000228881836,13499,0.0,0.0
2024-10-14 10:20:00-04:00,9.010000228881836,9.039400100708008,9.00469970703125,9.039400100708008,7870,0.0,0.0
2024-10-14 10:25:00-04:00,9.029999732971191,9.034000396728516,9.015000343322754,9.015000343322754,6435,0.0,0.0
2024-10-14 10:30:00-04:00,9.010000228881836,9.03499984741211,9.010000228881836,9.010000228881836,8513,0.0,0.0
2024-10-14 10:35:00-04:00,9.015000343322754,9.015000343322754,9.005000114440918,9.008999824523926,4290,0.0,0.0
2024-10-14 10:40:00-04:00,9.010000228881836,9.010000228881836,9.000100135803223,9.000100135803223,5326,0.0,0.0
2024-10-14 10:45:00-04:00,9.010000228881836,9.016500473022461,9.010000228881836,9.015000343322754,1882,0.0,0.0
2024-10-14 10:50:00-04:00,9.010000228881836,9.010000228881836,9.0,9.005000114440918,6984,0.0,0.0
2024-10-14 10:55:00-04:00,9.010000228881836,9.015000343322754,8.994999885559082,8.994999885559082,14630,0.0,0.0
2024-10-14 11:00:00-04:00,8.994999885559082,9.010000228881836,8.994999885559082,8.994999885559082,7546,0.0,0.0
2024-10-14 11:05:00-04:00,8.989999771118164,9.0,8.984999656677246,8.984999656677246,4706,0.0,0.0
2024-10-14 11:10:00-04:00,8.984999656677246,8.994999885559082,8.975000381469727,8.975000381469727,10356,0.0,0.0
2024-10-14 11:15:00-04:00,8.979999542236328,8.984999656677246,8.96500015258789,8.96500015258789,8039,0.0,0.0
2024-10-14 11:20:00-04:00,8.960000038146973,8.960000038146973,8.954999923706055,8.954999923706055,2802,0.0,0.0
2024-10-14 11:25:00-04:00,8.954999923706055,8.994999885559082,8.949999809265137,8.994999885559082,17872,0.0,0.0
2024-10-14 11:30:00-04:00,8.994999885559082,8.994999885559082,8.986000061035156,8.986000061035156,2698,0.0,0.0
2024-10-14 11:35:00-04:00,8.986000061035156,8.986000061035156,8.970000267028809,8.984999656677246,6383,0.0,0.0
2024-10-14 11:40:00-04:00,8.979999542236328,8.979999542236328,8.970000267028809,8.970000267028809,6196,0.0,0.0
2024-10-14 11:45:00-04:00,8.975000381469727,8.989999771118164,8.975000381469727,8.9753999710083,12339,0.0,0.0
2024-10-14 11:50:00-04:00,8.975000381469727,8.989999771118164,8.975000381469727,8.989999771118164,6166,0.0,0.0
2024-10-14 11:55:00-04:00,9.0,9.015000343322754,9.0,9.015000343322754,4086,0.0,0.0
2024-10-14 12:00:00-04:00,9.020000457763672,9.020000457763672,8.989999771118164,8.989999771118164,7090,0.0,0.0
2024-10-14 12:05:00-04:00,8.994999885559082,9.029999732971191,8.994999885559082,9.029999732971191,5460,0.0,0.0
2024-10-14 12:10:00-04:00,9.039999961853027,9.045000076293945,9.03499984741211,9.03499984741211,4259,0.0,0.0
2024-10-14 12:15:00-04:00,9.029999732971191,9.039999961853027,9.024999618530273,9.024999618530273,7250,0.0,0.0
2024-10-14 12:20:00-04:00,9.029999732971191,9.029999732971191,9.020000457763672,9.020000457763672,3131,0.0,0.0
2024-10-14 12:25:00-04:00,9.024999618530273,9.024999618530273,9.024999618530273,9.024999618530273,853,0.0,0.0
2024-10-14 12:30:00-04:00,9.024999618530273,9.029999732971191,9.005000114440918,9.005000114440918,10429,0.0,0.0
2024-10-14 12:35:00-04:00,9.005000114440918,9.010000228881836,9.005000114440918,9.008999824523926,3628,0.0,0.0
2024-10-14 12:40:00-04:00,9.020000457763672,9.024999618530273,9.015000343322754,9.01669979095459,6551,0.0,0.0
2024-10-14 12:45:00-04:00,9.015000343322754,9.024999618530273,9.015000343322754,9.024999618530273,3602,0.0,0.0
2024-10-14 12:50:00-04:00,9.024999618530273,9.029999732971191,9.020000457763672,9.020000457763672,7751,0.0,0.0
2024-10-14 12:55:00-04:00,9.020000457763672,9.020000457763672,9.010000228881836,9.015000343322754,2639,0.0,0.0
2024-10-14 13:00:00-04:00,9.020000457763672,9.024999618530273,9.010000228881836,9.015000343322754,4992,0.0,0.0
2024-10-14 13:05:00-04:00,9.015000343322754,9.015000343322754,9.015000343322754,9.015000343322754,428,0.0,0.0
2024-10-14 13:10:00-04:00,9.015000343322754,9.024999618530273,9.0,9.0,10683,0.0,0.0
2024-10-14 13:15:00-04:00,9.0,9.0,8.994999885559082,8.994999885559082,1968,0.0,0.0
2024-10-14 13:20:00-04:00,8.989999771118164,8.994999885559082,8.989999771118164,8.989999771118164,3294,0.0,0.0
2024-10-14 13:25:00-04:00,8.989999771118164,8.989999771118164,8.960000038146973,8.960000038146973,7535,0.0,0.0
2024-10-14 13:30:00-04:00,8.960000038146973,8.960000038146973,8.954999923706055,8.954999923706055,2100,0.0,0.0
2024-10-14 13:35:00-04:00,8.95989990234375,8.95989990234375,8.949999809265137,8.954999923706055,2830,0.0,0.0
2024-10-14 13:40:00-04:00,8.954999923706055,8.960000038146973,8.954999923706055,8.960000038146973,5557,0.0,0.0
2024-10-14 13:45:00-04:00,8.96500015258789,8.968999862670898,8.96500015258789,8.96500015258789,1311,0.0,0.0
2024-10-14 13:50:00-04:00,8.96500015258789,8.96500015258789,8.960000038146973,8.960000038146973,1833,0.0,0.0
2024-10-14 13:55:00-04:00,8.960000038146973,8.960000038146973,8.944999694824219,8.944999694824219,13777,0.0,0.0
2024-10-14 14:00:00-04:00,8.9399995803833,8.9399995803833,8.9350004196167,8.9399995803833,2894,0.0,0.0
2024-10-14 14:05:00-04:00,8.944999694824219,8.944999694824219,8.9399995803833,8.944999694824219,1768,0.0,0.0
2024-10-14 14:10:00-04:00,8.94909954071045,8.954999923706055,8.944999694824219,8.954999923706055,6277,0.0,0.0
2024-10-14 14:15:00-04:00,8.954999923706055,8.954999923706055,8.949999809265137,8.954999923706055,2491,0.0,0.0
2024-10-14 14:20:00-04:00,8.954999923706055,8.954999923706055,8.9350004196167,8.9350004196167,6444,0.0,0.0
2024-10-14 14:25:00-04:00,8.9350004196167,8.9399995803833,8.925000190734863,8.925000190734863,3174,0.0,0.0
2024-10-14 14:30:00-04:00,8.920000076293945,8.930000305175781,8.920000076293945,8.925000190734863,5844,0.0,0.0
2024-10-14 14:35:00-04:00,8.925000190734863,8.929900169372559,8.920000076293945,8.929900169372559,1648,0.0,0.0
2024-10-14 14:40:00-04:00,8.925000190734863,8.925000190734863,8.899999618530273,8.904999732971191,22563,0.0,0.0
2024-10-14 14:45:00-04:00,8.899999618530273,8.906000137329102,8.899999618530273,8.904999732971191,2597,0.0,0.0
2024-10-14 14:50:00-04:00,8.904999732971191,8.90999984741211,8.899999618530273,8.904999732971191,5921,0.0,0.0
2024-10-14 14:55:00-04:00,8.899999618530273,8.90999984741211,8.899999618530273,8.904999732971191,6713,0.0,0.0
2024-10-14 15:00:00-04:00,8.904999732971191,8.904999732971191,8.885000228881836,8.895000457763672,20465,0.0,0.0
2024-10-14 15:05:00-04:00,8.899999618530273,8.920000076293945,8.899999618530273,8.904999732971191,11073,0.0,0.0
2024-10-14 15:10:00-04:00,8.904999732971191,8.90999984741211,8.904999732971191,8.904999732971191,1372,0.0,0.0
2024-10-14 15:15:00-04:00,8.904999732971191,8.914999961853027,8.885000228881836,8.895000457763672,23306,0.0,0.0
2024-10-14 15:20:00-04:00,8.895000457763672,8.920000076293945,8.895000457763672,8.920000076293945,13808,0.0,0.0
2024-10-14 15:25:00-04:00,8.920000076293945,8.925000190734863,8.914999961853027,8.914999961853027,15641,0.0,0.0
2024-10-14 15:30:00-04:00,8.920000076293945,8.920000076293945,8.880000114440918,8.885000228881836,5962,0.0,0.0
2024-10-14 15:35:00-04:00,8.880000114440918,8.890000343322754,8.869999885559082,8.885000228881836,11200,0.0,0.0
2024-10-14 15:40:00-04:00,8.890000343322754,8.890000343322754,8.885000228881836,8.885000228881836,7241,0.0,0.0
2024-10-14 15:45:00-04:00,8.885000228881836,8.885000228881836,8.869999885559082,8.885000228881836,24341,0.0,0.0
2024-10-14 15:50:00-04:00,8.880000114440918,8.885000228881836,8.869999885559082,8.875,12442,0.0,0.0
2024-10-14 15:55:00-04:00,8.875,8.875,8.84000015258789,8.840999603271484,53380,0.0,0.0
2024-10-15 09:30:00-04:00,8.800000190734863,8.800000190734863,8.699999809265137,8.699999809265137,25148,0.0,0.0
2024-10-15 09:35:00-04:00,8.6899995803833,8.720000267028809,8.670000076293945,8.670000076293945,10813,0.0,0.0
2024-10-15 09:40:00-04:00,8.680000305175781,8.704700469970703,8.664999961853027,8.670000076293945,5846,0.0,0.0
2024-10-15 09:45:00-04:00,8.679900169372559,8.679900169372559,8.619999885559082,8.649999618530273,11112,0.0,0.0
2024-10-15 09:50:00-04:00,8.654999732971191,8.680000305175781,8.649999618530273,8.670000076293945,12338,0.0,0.0
2024-10-15 09:55:00-04:00,8.670000076293945,8.6850004196167,8.670000076293945,8.680000305175781,9500,0.0,0.0
2024-10-15 10:00:00-04:00,8.6850004196167,8.6850004196167,8.650099754333496,8.664999961853027,8336,0.0,0.0
2024-10-15 10:05:00-04:00,8.670000076293945,8.6850004196167,8.65999984741211,8.6850004196167,15005,0.0,0.0
2024-10-15 10:10:00-04:00,8.6899995803833,8.694999694824219,8.664999961853027,8.664999961853027,15895,0.0,0.0
2024-10-15 10:15:00-04:00,8.65999984741211,8.680000305175781,8.640000343322754,8.680000305175781,8925,0.0,0.0
2024-10-15 10:20:00-04:00,8.680000305175781,8.680000305175781,8.640000343322754,8.649999618530273,6899,0.0,0.0
2024-10-15 10:25:00-04:00,8.649999618530273,8.649999618530273,8.644000053405762,8.649999618530273,8621,0.0,0.0
2024-10-15 10:30:00-04:00,8.645000457763672,8.654999732971191,8.640000343322754,8.649999618530273,8608,0.0,0.0
2024-10-15 10:35:00-04:00,8.645000457763672,8.64739990234375,8.600000381469727,8.600000381469727,11727,0.0,0.0
2024-10-15 10:40:00-04:00,8.600000381469727,8.640000343322754,8.595000267028809,8.630000114440918,8633,0.0,0.0
2024-10-15 10:45:00-04:00,8.630000114440918,8.630000114440918,8.610300064086914,8.619999885559082,7706,0.0,0.0
2024-10-15 10:50:00-04:00,8.609999656677246,8.630000114440918,8.609999656677246,8.626999855041504,6630,0.0,0.0
2024-10-15 10:55:00-04:00,8.619999885559082,8.619999885559082,8.600000381469727,8.600000381469727,5372,0.0,0.0
2024-10-15 11:00:00-04:00,8.607999801635742,8.625,8.607999801635742,8.625,8412,0.0,0.0
2024-10-15 11:05:00-04:00,8.619999885559082,8.625,8.600000381469727,8.600000381469727,13444,0.0,0.0
2024-10-15 11:10:00-04:00,8.600000381469727,8.600000381469727,8.595000267028809,8.595000267028809,4042,0.0,0.0
2024-10-15 11:15:00-04:00,8.595000267028809,8.595000267028809,8.595000267028809,8.595000267028809,171,0.0,0.0
2024-10-15 11:20:00-04:00,8.600000381469727,8.600000381469727,8.595000267028809,8.599699974060059,5857,0.0,0.0
2024-10-15 11:25:00-04:00,8.600000381469727,8.600000381469727,8.579999923706055,8.585000038146973,10783,0.0,0.0
2024-10-15 11:30:00-04:00,8.585000038146973,8.595000267028809,8.579999923706055,8.595000267028809,8036,0.0,0.0
2024-10-15 11:35:00-04:00,8.59000015258789,8.619999885559082,8.59000015258789,8.600000381469727,12741,0.0,0.0
2024-10-15 11:40:00-04:00,8.595000267028809,8.619999885559082,8.595000267028809,8.614999771118164,3627,0.0,0.0
2024-10-15 11:45:00-04:00,8.609999656677246,8.609999656677246,8.600000381469727,8.604999542236328,7481,0.0,0.0
2024-10-15 11:50:00-04:00,8.604999542236328,8.604999542236328,8.600000381469727,8.604999542236328,5637,0.0,0.0
2024-10-15 11:55:00-04:00,8.600000381469727,8.600000381469727,8.579999923706055,8.583999633789062,7924,0.0,0.0
2024-10-15 12:00:00-04:00,8.580900192260742,8.59000015258789,8.579999923706055,8.585000038146973,3229,0.0,0.0
2024-10-15 12:05:00-04:00,8.585000038146973,8.614999771118164,8.585000038146973,8.614999771118164,12822,0.0,0.0
2024-10-15 12:10:00-04:00,8.609999656677246,8.609999656677246,8.59000015258789,8.595000267028809,6921,0.0,0.0
2024-10-15 12:15:00-04:00,8.597999572753906,8.600000381469727,8.59000015258789,8.595000267028809,3928,0.0,0.0
2024-10-15 12:20:00-04:00,8.595000267028809,8.599300384521484,8.59000015258789,8.59000015258789,3186,0.0,0.0
2024-10-15 12:25:00-04:00,8.59000015258789,8.597999572753906,8.579999923706055,8.579999923706055,11639,0.0,0.0
2024-10-15 12:30:00-04:00,8.585000038146973,8.585000038146973,8.579999923706055,8.585000038146973,3045,0.0,0.0
2024-10-15 12:35:00-04:00,8.59000015258789,8.59000015258789,8.585000038146973,8.585000038146973,3609,0.0,0.0
2024-10-15 12:40:00-04:00,8.585000038146973,8.585000038146973,8.569999694824219,8.569999694824219,9067,0.0,0.0
2024-10-15 12:45:00-04:00,8.574999809265137,8.579999923706055,8.5600004196167,8.5649995803833,35362,0.0,0.0
2024-10-15 12:50:00-04:00,8.5649995803833,8.569999694824219,8.550000190734863,8.5649995803833,10335,0.0,0.0
2024-10-15 12:55:00-04:00,8.5649995803833,8.565999984741211,8.5600004196167,8.5649995803833,4491,0.0,0.0
2024-10-15 13:00:00-04:00,8.5649995803833,8.574999809265137,8.5600004196167,8.569999694824219,8280,0.0,0.0
2024-10-15 13:05:00-04:00,8.570099830627441,8.570099830627441,8.5600004196167,8.568900108337402,3192,0.0,0.0
2024-10-15 13:10:00-04:00,8.5649995803833,8.569999694824219,8.5649995803833,8.569999694824219,6783,0.0,0.0
2024-10-15 13:15:00-04:00,8.569999694824219,8.585000038146973,8.569999694824219,8.579999923706055,12899,0.0,0.0
2024-10-15 13:20:00-04:00,8.579999923706055,8.595000267028809,8.569999694824219,8.59000015258789,10628,0.0,0.0
2024-10-15 13:25:00-04:00,8.585000038146973,8.59000015258789,8.579999923706055,8.585000038146973,4628,0.0,0.0
2024-10-15 13:30:00-04:00,8.585000038146973,8.59000015258789,8.579999923706055,8.59000015258789,14988,0.0,0.0
2024-10-15 13:35:00-04:00,8.579999923706055,8.579999923706055,8.569999694824219,8.574999809265137,5294,0.0,0.0
2024-10-15 13:40:00-04:00,8.574000358581543,8.574999809265137,8.569999694824219,8.569999694824219,2522,0.0,0.0
2024-10-15 13:45:00-04:00,8.574999809265137,8.59000015258789,8.574999809265137,8.585000038146973,10351,0.0,0.0
2024-10-15 13:50:00-04:00,8.585000038146973,8.600000381469727,8.585000038146973,8.592000007629395,7996,0.0,0.0
2024-10-15 13:55:00-04:00,8.592000007629395,8.595000267028809,8.569999694824219,8.574999809265137,16987,0.0,0.0
2024-10-15 14:00:00-04:00,8.569999694824219,8.579999923706055,8.569999694824219,8.569999694824219,2869,0.0,0.0
2024-10-15 14:05:00-04:00,8.574999809265137,8.574999809265137,8.5649995803833,8.5649995803833,7161,0.0,0.0
2024-10-15 14:10:00-04:00,8.5649995803833,8.569999694824219,8.5649995803833,8.569999694824219,3050,0.0,0.0
2024-10-15 14:15:00-04:00,8.5600004196167,8.5600004196167,8.539999961853027,8.540200233459473,5851,0.0,0.0
2024-10-15 14:20:00-04:00,8.545000076293945,8.550000190734863,8.539999961853027,8.545000076293945,7041,0.0,0.0
2024-10-15 14:25:00-04:00,8.545000076293945,8.545000076293945,8.520000457763672,8.53499984741211,18049,0.0,0.0
2024-10-15 14:30:00-04:00,8.539999961853027,8.555000305175781,8.539999961853027,8.555000305175781,6681,0.0,0.0
2024-10-15 14:35:00-04:00,8.555000305175781,8.555999755859375,8.55459976196289,8.555000305175781,1899,0.0,0.0
2024-10-15 14:40:00-04:00,8.555000305175781,8.559900283813477,8.529999732971191,8.529999732971191,13445,0.0,0.0
2024-10-15 14:45:00-04:00,8.530200004577637,8.550000190734863,8.520000457763672,8.550000190734863,12302,0.0,0.0
2024-10-15 14:50:00-04:00,8.545000076293945,8.545000076293945,8.529999732971191,8.539999961853027,5796,0.0,0.0
2024-10-15 14:55:00-04:00,8.539999961853027,8.545000076293945,8.53499984741211,8.539999961853027,9649,0.0,0.0
2024-10-15 15:00:00-04:00,8.539999961853027,8.539999961853027,8.515000343322754,8.515000343322754,8932,0.0,0.0
2024-10-15 15:05:00-04:00,8.515000343322754,8.515000343322754,8.494999885559082,8.494999885559082,24721,0.0,0.0
2024-10-15 15:10:00-04:00,8.5,8.509900093078613,8.484999656677246,8.484999656677246,17195,0.0,0.0
2024-10-15 15:15:00-04:00,8.484999656677246,8.484999656677246,8.470000267028809,8.470100402832031,12209,0.0,0.0
2024-10-15 15:20:00-04:00,8.475000381469727,8.494999885559082,8.475000381469727,8.489999771118164,29868,0.0,0.0
2024-10-15 15:25:00-04:00,8.489999771118164,8.494999885559082,8.484999656677246,8.484999656677246,14225,0.0,0.0
2024-10-15 15:30:00-04:00,8.484999656677246,8.484999656677246,8.430000305175781,8.449999809265137,20946,0.0,0.0
2024-10-15 15:35:00-04:00,8.4399995803833,8.470000267028809,8.4350004196167,8.444999694824219,23870,0.0,0.0
2024-10-15 15:40:00-04:00,8.4399995803833,8.4399995803833,8.414999961853027,8.420000076293945,24475,0.0,0.0
2024-10-15 15:45:00-04:00,8.420000076293945,8.420000076293945,8.390000343322754,8.414999961853027,39091,0.0,0.0
2024-10-15 15:50:00-04:00,8.414999961853027,8.425000190734863,8.399999618530273,8.40999984741211,31846,0.0,0.0
2024-10-15 15:55:00-04:00,8.40999984741211,8.40999984741211,8.375,8.390000343322754,94430,0.0,0.0
2024-10-16 09:30:00-04:00,8.430000305175781,8.449999809265137,8.399999618530273,8.449999809265137,11210,0.0,0.0
2024-10-16 09:35:00-04:00,8.449999809265137,8.449999809265137,8.430000305175781,8.430000305175781,1815,0.0,0.0
2024-10-16 09:40:00-04:00,8.430000305175781,8.4350004196167,8.399999618530273,8.399999618530273,5877,0.0,0.0
2024-10-16 09:45:00-04:00,8.40999984741211,8.419500350952148,8.399999618530273,8.399999618530273,2047,0.0,0.0
2024-10-16 09:50:00-04:00,8.380000114440918,8.404600143432617,8.369999885559082,8.404600143432617,19149,0.0,0.0
2024-10-16 09:55:00-04:00,8.40999984741211,8.449399948120117,8.40999984741211,8.444999694824219,15672,0.0,0.0
2024-10-16 10:00:00-04:00,8.449999809265137,8.454999923706055,8.430000305175781,8.4350004196167,15811,0.0,0.0
2024-10-16 10:05:00-04:00,8.4399995803833,8.449999809265137,8.420000076293945,8.420000076293945,19102,0.0,0.0
2024-10-16 10:10:00-04:00,8.425000190734863,8.449999809265137,8.420000076293945,8.4399995803833,13110,0.0,0.0
2024-10-16 10:15:00-04:00,8.4399995803833,8.489999771118164,8.4399995803833,8.470000267028809,11440,0.0,0.0
2024-10-16 10:20:00-04:00,8.470000267028809,8.470000267028809,8.460000038146973,8.460000038146973,5226,0.0,0.0
2024-10-16 10:25:00-04:00,8.460000038146973,8.494999885559082,8.460000038146973,8.489999771118164,18732,0.0,0.0
2024-10-16 10:30:00-04:00,8.489999771118164,8.510000228881836,8.489999771118164,8.5,12894,0.0,0.0
2024-10-16 10:35:00-04:00,8.489999771118164,8.489999771118164,8.46500015258789,8.489999771118164,11978,0.0,0.0
2024-10-16 10:40:00-04:00,8.489999771118164,8.5,8.489999771118164,8.5,12981,0.0,0.0
2024-10-16 10:45:00-04:00,8.5,8.510000228881836,8.5,8.5,7752,0.0,0.0
2024-10-16 10:50:00-04:00,8.505000114440918,8.510000228881836,8.505000114440918,8.510000228881836,14671,0.0,0.0
2024-10-16 10:55:00-04:00,8.515000343322754,8.529999732971191,8.513999938964844,8.529999732971191,6205,0.0,0.0
2024-10-16 11:00:00-04:00,8.529999732971191,8.529999732971191,8.510000228881836,8.51099967956543,6317,0.0,0.0
2024-10-16 11:05:00-04:00,8.510000228881836,8.515000343322754,8.505000114440918,8.510000228881836,9286,0.0,0.0
2024-10-16 11:10:00-04:00,8.510000228881836,8.520000457763672,8.510000228881836,8.515000343322754,7198,0.0,0.0
2024-10-16 11:15:00-04:00,8.510000228881836,8.510000228881836,8.5,8.5,4647,0.0,0.0
2024-10-16 11:20:00-04:00,8.510000228881836,8.520000457763672,8.505000114440918,8.520000457763672,12385,0.0,0.0
2024-10-16 11:25:00-04:00,8.524999618530273,8.524999618530273,8.454999923706055,8.46500015258789,60153,0.0,0.0
2024-10-16 11:30:00-04:00,8.46500015258789,8.470000267028809,8.454999923706055,8.454999923706055,7504,0.0,0.0
2024-10-16 11:35:00-04:00,8.454999923706055,8.46500015258789,8.4399995803833,8.449999809265137,13568,0.0,0.0
2024-10-16 11:40:00-04:00,8.449999809265137,8.449999809265137,8.430000305175781,8.430000305175781,4808,0.0,0.0
2024-10-16 11:45:00-04:00,8.438699722290039,8.438699722290039,8.404999732971191,8.4350004196167,15690,0.0,0.0
2024-10-16 11:50:00-04:00,8.438599586486816,8.4399995803833,8.430000305175781,8.4399995803833,10992,0.0,0.0
2024-10-16 11:55:00-04:00,8.444999694824219,8.449999809265137,8.4399995803833,8.444999694824219,4512,0.0,0.0
2024-10-16 12:00:00-04:00,8.444999694824219,8.460000038146973,8.4399995803833,8.444999694824219,13013,0.0,0.0
2024-10-16 12:05:00-04:00,8.4399995803833,8.4399995803833,8.430000305175781,8.43529987335205,6316,0.0,0.0
2024-10-16 12:10:00-04:00,8.430000305175781,8.43910026550293,8.430000305175781,8.430000305175781,2409,0.0,0.0
2024-10-16 12:15:00-04:00,8.430000305175781,8.454999923706055,8.430000305175781,8.449999809265137,17413,0.0,0.0
2024-10-16 12:20:00-04:00,8.449999809265137,8.449999809265137,8.4399995803833,8.4399995803833,2268,0.0,0.0
2024-10-16 12:25:00-04:00,8.449999809265137,8.460000038146973,8.444999694824219,8.454999923706055,4348,0.0,0.0
2024-10-16 12:30:00-04:00,8.454999923706055,8.454999923706055,8.444999694824219,8.449999809265137,8488,0.0,0.0
2024-10-16 12:35:00-04:00,8.454999923706055,8.454999923706055,8.444999694824219,8.444999694824219,7117,0.0,0.0
2024-10-16 12:40:00-04:00,8.4399995803833,8.444999694824219,8.4350004196167,8.4399995803833,11549,0.0,0.0
2024-10-16 12:45:00-04:00,8.444999694824219,8.454999923706055,8.444999694824219,8.444999694824219,4248,0.0,0.0
2024-10-16 12:50:00-04:00,8.4399995803833,8.4399995803833,8.425000190734863,8.430000305175781,25003,0.0,0.0
2024-10-16 12:55:00-04:00,8.425000190734863,8.430000305175781,8.414999961853027,8.425000190734863,6246,0.0,0.0
2024-10-16 13:00:00-04:00,8.420000076293945,8.4350004196167,8.420000076293945,8.430000305175781,48669,0.0,0.0
2024-10-16 13:05:00-04:00,8.430000305175781,8.4399995803833,8.425000190734863,8.4399995803833,5472,0.0,0.0
2024-10-16 13:10:00-04:00,8.4350004196167,8.454999923706055,8.4350004196167,8.454999923706055,4580,0.0,0.0
2024-10-16 13:15:00-04:00,8.449999809265137,8.475000381469727,8.447500228881836,8.475000381469727,7468,0.0,0.0
2024-10-16 13:20:00-04:00,8.475000381469727,8.479999542236328,8.475000381469727,8.479999542236328,3635,0.0,0.0
2024-10-16 13:25:00-04:00,8.484999656677246,8.484999656677246,8.470000267028809,8.470000267028809,14013,0.0,0.0
2024-10-16 13:30:00-04:00,8.47599983215332,8.47599983215332,8.46500015258789,8.46500015258789,7281,0.0,0.0
2024-10-16 13:35:00-04:00,8.460000038146973,8.46500015258789,8.449999809265137,8.460000038146973,19747,0.0,0.0
2024-10-16 13:40:00-04:00,8.46500015258789,8.46500015258789,8.460000038146973,8.46500015258789,790,0.0,0.0
2024-10-16 13:45:00-04:00,8.46500015258789,8.46500015258789,8.454999923706055,8.454999923706055,4946,0.0,0.0
2024-10-16 13:50:00-04:00,8.454999923706055,8.460000038146973,8.454999923706055,8.460000038146973,9967,0.0,0.0
2024-10-16 13:55:00-04:00,8.460000038146973,8.479999542236328,8.460000038146973,8.479999542236328,10507,0.0,0.0
2024-10-16 14:00:00-04:00,8.484999656677246,8.489999771118164,8.484999656677246,8.487000465393066,3273,0.0,0.0
2024-10-16 14:05:00-04:00,8.484999656677246,8.494999885559082,8.479999542236328,8.479999542236328,13987,0.0,0.0
2024-10-16 14:10:00-04:00,8.479999542236328,8.479999542236328,8.475000381469727,8.475000381469727,4189,0.0,0.0
2024-10-16 14:15:00-04:00,8.479999542236328,8.5,8.479999542236328,8.494999885559082,5859,0.0,0.0
2024-10-16 14:20:00-04:00,8.505000114440918,8.510000228881836,8.479999542236328,8.479999542236328,19521,0.0,0.0
2024-10-16 14:25:00-04:00,8.484999656677246,8.489999771118164,8.479999542236328,8.484999656677246,7829,0.0,0.0
2024-10-16 14:30:00-04:00,8.484999656677246,8.484999656677246,8.470000267028809,8.484999656677246,14683,0.0,0.0
2024-10-16 14:35:00-04:00,8.479999542236328,8.479999542236328,8.475000381469727,8.479999542236328,12964,0.0,0.0
2024-10-16 14:40:00-04:00,8.48009967803955,8.48009967803955,8.479999542236328,8.479999542236328,6099,0.0,0.0
2024-10-16 14:45:00-04:00,8.484999656677246,8.494999885559082,8.479999542236328,8.494999885559082,24908,0.0,0.0
2024-10-16 14:50:00-04:00,8.489999771118164,8.489999771118164,8.454999923706055,8.460000038146973,105518,0.0,0.0
2024-10-16 14:55:00-04:00,8.46500015258789,8.46500015258789,8.460000038146973,8.46500015258789,3568,0.0,0.0
2024-10-16 15:00:00-04:00,8.46500015258789,8.479999542236328,8.46500015258789,8.479999542236328,6907,0.0,0.0
2024-10-16 15:05:00-04:00,8.475000381469727,8.489999771118164,8.475000381469727,8.487000465393066,5629,0.0,0.0
2024-10-16 15:10:00-04:00,8.489999771118164,8.489999771118164,8.460000038146973,8.46500015258789,17521,0.0,0.0
2024-10-16 15:15:00-04:00,8.46399974822998,8.46500015258789,8.46399974822998,8.46500015258789,2255,0.0,0.0
2024-10-16 15:20:00-04:00,8.46500015258789,8.479999542236328,8.46500015258789,8.475000381469727,11534,0.0,0.0
2024-10-16 15:25:00-04:00,8.479999542236328,8.479999542236328,8.470000267028809,8.479999542236328,9013,0.0,0.0
2024-10-16 15:30:00-04:00,8.479999542236328,8.494999885559082,8.479999542236328,8.494999885559082,10484,0.0,0.0
2024-10-16 15:35:00-04:00,8.494999885559082,8.505000114440918,8.475000381469727,8.489999771118164,37273,0.0,0.0
2024-10-16 15:40:00-04:00,8.494999885559082,8.515000343322754,8.494999885559082,8.515000343322754,16251,0.0,0.0
2024-10-16 15:45:00-04:00,8.515000343322754,8.524999618530273,8.510000228881836,8.510000228881836,29126,0.0,0.0
2024-10-16 15:50:00-04:00,8.510000228881836,8.520000457763672,8.489999771118164,8.489999771118164,36726,0.0,0.0
2024-10-16 15:55:00-04:00,8.489999771118164,8.520000457763672,8.475000381469727,8.5,120042,0.0,0.0
2024-10-17 09:30:00-04:00,8.479999542236328,8.5,8.479999542236328,8.489999771118164,5816,0.0,0.0
2024-10-17 09:35:00-04:00,8.505000114440918,8.529999732971191,8.48799991607666,8.500100135803223,7145,0.0,0.0
2024-10-17 09:40:00-04:00,8.510000228881836,8.520000457763672,8.494999885559082,8.5,3545,0.0,0.0
2024-10-17 09:45:00-04:00,8.5,8.524999618530273,8.5,8.520000457763672,4386,0.0,0.0
2024-10-17 09:50:00-04:00,8.520099639892578,8.569999694824219,8.520099639892578,8.545000076293945,12399,0.0,0.0
2024-10-17 09:55:00-04:00,8.545000076293945,8.614999771118164,8.545000076293945,8.5600004196167,38267,0.0,0.0
2024-10-17 10:00:00-04:00,8.5600004196167,8.5649995803833,8.470000267028809,8.479999542236328,50092,0.0,0.0
2024-10-17 10:05:00-04:00,8.479999542236328,8.494999885559082,8.470000267028809,8.479999542236328,16938,0.0,0.0
2024-10-17 10:10:00-04:00,8.489999771118164,8.505000114440918,8.479999542236328,8.479999542236328,16959,0.0,0.0
2024-10-17 10:15:00-04:00,8.484999656677246,8.494999885559082,8.479999542236328,8.484999656677246,3850,0.0,0.0
2024-10-17 10:20:00-04:00,8.484999656677246,8.519100189208984,8.484999656677246,8.519100189208984,3579,0.0,0.0
2024-10-17 10:25:00-04:00,8.520000457763672,8.545000076293945,8.520000457763672,8.524999618530273,13031,0.0,0.0
2024-10-17 10:30:00-04:00,8.529999732971191,8.53499984741211,8.520000457763672,8.524999618530273,6194,0.0,0.0
2024-10-17 10:35:00-04:00,8.520000457763672,8.529999732971191,8.505000114440918,8.515000343322754,15147,0.0,0.0
2024-10-17 10:40:00-04:00,8.515000343322754,8.524999618530273,8.494999885559082,8.494999885559082,17948,0.0,0.0
2024-10-17 10:45:00-04:00,8.5,8.515000343322754,8.5,8.505000114440918,6556,0.0,0.0
2024-10-17 10:50:00-04:00,8.505499839782715,8.505499839782715,8.479999542236328,8.48009967803955,6133,0.0,0.0
2024-10-17 10:55:00-04:00,8.479999542236328,8.479999542236328,8.46500015258789,8.47659969329834,8416,0.0,0.0
2024-10-17 11:00:00-04:00,8.479999542236328,8.494999885559082,8.479999542236328,8.489999771118164,4704,0.0,0.0
2024-10-17 11:05:00-04:00,8.489999771118164,8.489999771118164,8.470000267028809,8.470000267028809,7552,0.0,0.0
2024-10-17 11:10:00-04:00,8.46500015258789,8.46500015258789,8.449000358581543,8.454999923706055,7848,0.0,0.0
2024-10-17 11:15:00-04:00,8.460000038146973,8.460000038146973,8.449000358581543,8.449000358581543,10278,0.0,0.0
2024-10-17 11:20:00-04:00,8.444999694824219,8.444999694824219,8.430299758911133,8.4350004196167,3077,0.0,0.0
2024-10-17 11:25:00-04:00,8.4350004196167,8.4350004196167,8.420000076293945,8.425000190734863,5991,0.0,0.0
2024-10-17 11:30:00-04:00,8.430000305175781,8.430000305175781,8.414999961853027,8.414999961853027,9371,0.0,0.0
2024-10-17 11:35:00-04:00,8.40999984741211,8.40999984741211,8.399999618530273,8.399999618530273,6515,0.0,0.0
2024-10-17 11:40:00-04:00,8.399999618530273,8.40999984741211,8.390000343322754,8.395000457763672,15566,0.0,0.0
2024-10-17 11:45:00-04:00,8.395000457763672,8.395000457763672,8.390000343322754,8.395000457763672,2998,0.0,0.0
2024-10-17 11:50:00-04:00,8.390000343322754,8.399999618530273,8.390000343322754,8.399900436401367,19289,0.0,0.0
2024-10-17 11:55:00-04:00,8.39009952545166,8.39009952545166,8.385000228881836,8.385000228881836,8265,0.0,0.0
2024-10-17 12:00:00-04:00,8.385000228881836,8.38599967956543,8.380000114440918,8.385000228881836,4527,0.0,0.0
2024-10-17 12:05:00-04:00,8.380000114440918,8.385000228881836,8.380000114440918,8.385000228881836,1929,0.0,0.0
2024-10-17 12:10:00-04:00,8.385000228881836,8.385000228881836,8.380000114440918,8.385000228881836,3408,0.0,0.0
2024-10-17 12:15:00-04:00,8.385000228881836,8.390000343322754,8.385000228881836,8.390000343322754,13354,0.0,0.0
2024-10-17 12:20:00-04:00,8.395000457763672,8.395000457763672,8.395000457763672,8.395000457763672,1405,0.0,0.0
2024-10-17 12:25:00-04:00,8.395000457763672,8.399999618530273,8.385000228881836,8.390000343322754,11952,0.0,0.0
2024-10-17 12:30:00-04:00,8.399999618530273,8.404999732971191,8.395000457763672,8.395000457763672,4853,0.0,0.0
2024-10-17 12:35:00-04:00,8.39009952545166,8.425000190734863,8.39009952545166,8.420000076293945,14283,0.0,0.0
2024-10-17 12:40:00-04:00,8.420000076293945,8.4350004196167,8.420000076293945,8.4350004196167,5287,0.0,0.0
2024-10-17 12:45:00-04:00,8.4350004196167,8.4350004196167,8.4350004196167,8.4350004196167,1437,0.0,0.0
2024-10-17 12:50:00-04:00,8.4350004196167,8.4350004196167,8.425000190734863,8.427000045776367,7184,0.0,0.0
2024-10-17 12:55:00-04:00,8.430000305175781,8.430000305175781,8.420000076293945,8.420000076293945,10461,0.0,0.0
2024-10-17 13:00:00-04:00,8.420000076293945,8.4399995803833,8.420000076293945,8.4350004196167,8566,0.0,0.0
2024-10-17 13:05:00-04:00,8.430000305175781,8.4350004196167,8.414999961853027,8.420000076293945,19368,0.0,0.0
2024-10-17 13:10:00-04:00,8.414999961853027,8.425000190734863,8.414999961853027,8.425000190734863,1900,0.0,0.0
2024-10-17 13:15:00-04:00,8.425000190734863,8.430000305175781,8.425000190734863,8.425000190734863,1527,0.0,0.0
2024-10-17 13:20:00-04:00,8.425000190734863,8.430000305175781,8.425000190734863,8.430000305175781,4952,0.0,0.0
2024-10-17 13:25:00-04:00,8.435999870300293,8.435999870300293,8.4350004196167,8.4350004196167,2079,0.0,0.0
2024-10-17 13:30:00-04:00,8.4350004196167,8.4399995803833,8.4350004196167,8.4350004196167,1502,0.0,0.0
2024-10-17 13:35:00-04:00,8.4350004196167,8.4350004196167,8.414999961853027,8.420000076293945,34109,0.0,0.0
2024-10-17 13:40:00-04:00,8.420000076293945,8.420000076293945,8.404999732971191,8.404999732971191,8298,0.0,0.0
2024-10-17 13:45:00-04:00,8.404999732971191,8.40999984741211,8.404999732971191,8.404999732971191,4415,0.0,0.0
2024-10-17 13:50:00-04:00,8.404999732971191,8.404999732971191,8.399999618530273,8.404999732971191,2532,0.0,0.0
2024-10-17 13:55:00-04:00,8.404999732971191,8.406000137329102,8.399999618530273,8.404999732971191,8633,0.0,0.0
2024-10-17 14:00:00-04:00,8.404999732971191,8.404999732971191,8.390000343322754,8.395000457763672,17216,0.0,0.0
2024-10-17 14:05:00-04:00,8.390000343322754,8.390000343322754,8.380000114440918,8.385000228881836,10471,0.0,0.0
2024-10-17 14:10:00-04:00,8.385000228881836,8.404999732971191,8.380000114440918,8.404999732971191,9872,0.0,0.0
2024-10-17 14:15:00-04:00,8.404999732971191,8.414999961853027,8.404999732971191,8.40999984741211,4135,0.0,0.0
2024-10-17 14:20:00-04:00,8.404999732971191,8.420000076293945,8.399999618530273,8.420000076293945,6422,0.0,0.0
2024-10-17 14:25:00-04:00,8.430000305175781,8.444999694824219,8.430000305175781,8.444999694824219,8657,0.0,0.0
2024-10-17 14:30:00-04:00,8.4399995803833,8.449000358581543,8.4350004196167,8.444999694824219,4630,0.0,0.0
2024-10-17 14:35:00-04:00,8.446000099182129,8.454999923706055,8.4399995803833,8.444999694824219,9442,0.0,0.0
2024-10-17 14:40:00-04:00,8.444999694824219,8.454999923706055,8.444999694824219,8.449999809265137,6609,0.0,0.0
2024-10-17 14:45:00-04:00,8.454999923706055,8.46500015258789,8.449999809265137,8.46500015258789,14239,0.0,0.0
2024-10-17 14:50:00-04:00,8.46500015258789,8.470000267028809,8.460000038146973,8.46500015258789,6409,0.0,0.0
2024-10-17 14:55:00-04:00,8.46500015258789,8.484999656677246,8.46500015258789,8.479999542236328,10776,0.0,0.0
2024-10-17 15:00:00-04:00,8.479999542236328,8.479999542236328,8.475000381469727,8.475000381469727,9021,0.0,0.0
2024-10-17 15:05:00-04:00,8.475000381469727,8.5,8.475000381469727,8.496999740600586,13172,0.0,0.0
2024-10-17 15:10:00-04:00,8.494999885559082,8.505000114440918,8.494999885559082,8.505000114440918,4865,0.0,0.0
2024-10-17 15:15:00-04:00,8.510000228881836,8.520000457763672,8.494999885559082,8.494999885559082,20056,0.0,0.0
2024-10-17 15:20:00-04:00,8.494999885559082,8.515000343322754,8.494999885559082,8.510000228881836,8301,0.0,0.0
2024-10-17 15:25:00-04:00,8.515000343322754,8.515000343322754,8.489999771118164,8.494999885559082,33027,0.0,0.0
2024-10-17 15:30:00-04:00,8.489999771118164,8.505000114440918,8.489999771118164,8.5,27136,0.0,0.0
2024-10-17 15:35:00-04:00,8.494999885559082,8.515000343322754,8.494999885559082,8.515000343322754,18288,0.0,0.0
2024-10-17 15:40:00-04:00,8.515000343322754,8.524999618530273,8.515000343322754,8.520000457763672,18535,0.0,0.0
2024-10-17 15:45:00-04:00,8.520000457763672,8.529999732971191,8.515000343322754,8.515000343322754,25103,0.0,0.0
2024-10-17 15:50:00-04:00,8.515000343322754,8.515000343322754,8.479999542236328,8.484999656677246,25370,0.0,0.0
2024-10-17 15:55:00-04:00,8.479999542236328,8.479999542236328,8.460000038146973,8.470000267028809,61512,0.0,0.0
2024-10-18 09:30:00-04:00,8.529999732971191,8.529999732971191,8.51990032196045,8.51990032196045,14566,0.0,0.0
2024-10-18 09:35:00-04:00,8.494999885559082,8.5068998336792,8.494400024414062,8.494400024414062,2222,0.0,0.0
2024-10-18 09:40:00-04:00,8.510000228881836,8.5600004196167,8.505000114440918,8.539999961853027,43529,0.0,0.0
2024-10-18 09:45:00-04:00,8.529999732971191,8.5600004196167,8.529999732971191,8.555000305175781,12566,0.0,0.0
2024-10-18 09:50:00-04:00,8.5600004196167,8.59000015258789,8.555000305175781,8.55519962310791,26918,0.0,0.0
2024-10-18 09:55:00-04:00,8.555000305175781,8.569999694824219,8.550000190734863,8.555000305175781,14219,0.0,0.0
2024-10-18 10:00:00-04:00,8.5649995803833,8.585000038146973,8.5600004196167,8.569999694824219,9313,0.0,0.0
2024-10-18 10:05:00-04:00,8.5649995803833,8.576399803161621,8.550000190734863,8.576399803161621,9953,0.0,0.0
2024-10-18 10:10:00-04:00,8.574999809265137,8.574999809265137,8.550000190734863,8.555000305175781,7717,0.0,0.0
2024-10-18 10:15:00-04:00,8.555000305175781,8.555000305175781,8.550000190734863,8.555000305175781,3371,0.0,0.0
2024-10-18 10:20:00-04:00,8.550000190734863,8.550000190734863,8.539999961853027,8.543999671936035,20525,0.0,0.0
2024-10-18 10:25:00-04:00,8.545000076293945,8.550000190734863,8.529999732971191,8.529999732971191,7977,0.0,0.0
2024-10-18 10:30:00-04:00,8.539799690246582,8.539999961853027,8.505999565124512,8.510000228881836,15068,0.0,0.0
2024-10-18 10:35:00-04:00,8.5,8.5,8.470000267028809,8.470000267028809,13638,0.0,0.0
2024-10-18 10:40:00-04:00,8.470000267028809,8.470100402832031,8.46500015258789,8.46969985961914,11265,0.0,0.0
2024-10-18 10:45:00-04:00,8.475000381469727,8.479999542236328,8.449999809265137,8.449999809265137,7682,0.0,0.0
2024-10-18 10:50:00-04:00,8.454999923706055,8.460000038146973,8.449999809265137,8.449999809265137,6781,0.0,0.0
2024-10-18 10:55:00-04:00,8.4399995803833,8.449899673461914,8.4399995803833,8.444999694824219,8905,0.0,0.0
2024-10-18 11:00:00-04:00,8.444000244140625,8.444999694824219,8.420000076293945,8.4350004196167,13447,0.0,0.0
2024-10-18 11:05:00-04:00,8.4399995803833,8.470000267028809,8.4399995803833,8.470000267028809,20341,0.0,0.0
2024-10-18 11:10:00-04:00,8.470000267028809,8.470000267028809,8.470000267028809,8.470000267028809,2446,0.0,0.0
2024-10-18 11:15:00-04:00,8.460000038146973,8.460000038146973,8.454999923706055,8.460000038146973,4074,0.0,0.0
2024-10-18 11:20:00-04:00,8.460000038146973,8.460000038146973,8.446999549865723,8.449999809265137,5676,0.0,0.0
2024-10-18 11:25:00-04:00,8.453399658203125,8.456999778747559,8.453399658203125,8.454999923706055,1858,0.0,0.0
2024-10-18 11:30:00-04:00,8.454999923706055,8.46500015258789,8.449999809265137,8.454999923706055,14253,0.0,0.0
2024-10-18 11:35:00-04:00,8.449999809265137,8.449999809265137,8.440099716186523,8.449999809265137,5669,0.0,0.0
2024-10-18 11:40:00-04:00,8.449999809265137,8.45479965209961,8.4399995803833,8.4399995803833,5133,0.0,0.0
2024-10-18 11:45:00-04:00,8.440099716186523,8.454999923706055,8.440099716186523,8.454999923706055,5005,0.0,0.0
2024-10-18 11:50:00-04:00,8.454999923706055,8.470000267028809,8.449999809265137,8.46500015258789,16963,0.0,0.0
2024-10-18 11:55:00-04:00,8.46500015258789,8.475000381469727,8.46500015258789,8.470000267028809,9883,0.0,0.0
2024-10-18 12:00:00-04:00,8.479999542236328,8.494999885559082,8.479999542236328,8.494999885559082,4676,0.0,0.0
2024-10-18 12:05:00-04:00,8.494999885559082,8.494999885559082,8.484999656677246,8.484999656677246,4812,0.0,0.0
2024-10-18 12:10:00-04:00,8.479999542236328,8.509900093078613,8.479999542236328,8.5,6886,0.0,0.0
2024-10-18 12:15:00-04:00,8.505000114440918,8.505000114440918,8.494999885559082,8.494999885559082,4308,0.0,0.0
2024-10-18 12:20:00-04:00,8.489999771118164,8.505000114440918,8.489999771118164,8.5,5988,0.0,0.0
2024-10-18 12:25:00-04:00,8.505000114440918,8.520000457763672,8.494999885559082,8.509900093078613,18477,0.0,0.0
2024-10-18 12:30:00-04:00,8.5,8.5,8.475000381469727,8.475000381469727,4457,0.0,0.0
2024-10-18 12:35:00-04:00,8.479999542236328,8.479999542236328,8.470000267028809,8.470000267028809,1363,0.0,0.0
2024-10-18 12:40:00-04:00,8.475000381469727,8.475000381469727,8.470000267028809,8.475000381469727,1434,0.0,0.0
2024-10-18 12:45:00-04:00,8.470000267028809,8.489999771118164,8.470000267028809,8.487000465393066,11779,0.0,0.0
2024-10-18 12:50:00-04:00,8.484999656677246,8.494999885559082,8.47700023651123,8.489999771118164,35752,0.0,0.0
2024-10-18 12:55:00-04:00,8.489999771118164,8.5,8.489999771118164,8.494999885559082,16521,0.0,0.0
2024-10-18 13:00:00-04:00,8.494999885559082,8.515000343322754,8.494999885559082,8.508999824523926,16101,0.0,0.0
2024-10-18 13:05:00-04:00,8.510000228881836,8.524999618530273,8.510000228881836,8.520000457763672,7403,0.0,0.0
2024-10-18 13:10:00-04:00,8.524999618530273,8.524999618530273,8.524999618530273,8.524999618530273,665,0.0,0.0
2024-10-18 13:15:00-04:00,8.524999618530273,8.524999618530273,8.510000228881836,8.510000228881836,7142,0.0,0.0
2024-10-18 13:20:00-04:00,8.510199546813965,8.529999732971191,8.510199546813965,8.524999618530273,6041,0.0,0.0
2024-10-18 13:25:00-04:00,8.524999618530273,8.539999961853027,8.520000457763672,8.539999961853027,35503,0.0,0.0
2024-10-18 13:30:00-04:00,8.53499984741211,8.550000190734863,8.529999732971191,8.539999961853027,43472,0.0,0.0
2024-10-18 13:35:00-04:00,8.529999732971191,8.550000190734863,8.520000457763672,8.550000190734863,23790,0.0,0.0
2024-10-18 13:40:00-04:00,8.539999961853027,8.550000190734863,8.539999961853027,8.550000190734863,1009,0.0,0.0
2024-10-18 13:45:00-04:00,8.550000190734863,8.569999694824219,8.54699993133545,8.569999694824219,24181,0.0,0.0
2024-10-18 13:50:00-04:00,8.5649995803833,8.569999694824219,8.5600004196167,8.5600004196167,15071,0.0,0.0
2024-10-18 13:55:00-04:00,8.5649995803833,8.569999694824219,8.5600004196167,8.5649995803833,9743,0.0,0.0
2024-10-18 14:00:00-04:00,8.5649995803833,8.569999694824219,8.5600004196167,8.569999694824219,12618,0.0,0.0
2024-10-18 14:05:00-04:00,8.5649995803833,8.579999923706055,8.5600004196167,8.569999694824219,16938,0.0,0.0
2024-10-18 14:10:00-04:00,8.5600004196167,8.585000038146973,8.5600004196167,8.579999923706055,24451,0.0,0.0
2024-10-18 14:15:00-04:00,8.574999809265137,8.59000015258789,8.574999809265137,8.59000015258789,24245,0.0,0.0
2024-10-18 14:20:00-04:00,8.59000015258789,8.600000381469727,8.579999923706055,8.585000038146973,14967,0.0,0.0
2024-10-18 14:25:00-04:00,8.579999923706055,8.59000015258789,8.5649995803833,8.579999923706055,34272,0.0,0.0
2024-10-18 14:30:00-04:00,8.569999694824219,8.579999923706055,8.5600004196167,8.579999923706055,26581,0.0,0.0
2024-10-18 14:35:00-04:00,8.569999694824219,8.579999923706055,8.569999694824219,8.574999809265137,3079,0.0,0.0
2024-10-18 14:40:00-04:00,8.574999809265137,8.59000015258789,8.569999694824219,8.574999809265137,51302,0.0,0.0
2024-10-18 14:45:00-04:00,8.574999809265137,8.59000015258789,8.5649995803833,8.569999694824219,40434,0.0,0.0
2024-10-18 14:50:00-04:00,8.5600004196167,8.579999923706055,8.555000305175781,8.579999923706055,14275,0.0,0.0
2024-10-18 14:55:00-04:00,8.579999923706055,8.59000015258789,8.569999694824219,8.569999694824219,33571,0.0,0.0
2024-10-18 15:00:00-04:00,8.574999809265137,8.579999923706055,8.555000305175781,8.555000305175781,10578,0.0,0.0
2024-10-18 15:05:00-04:00,8.555000305175781,8.569999694824219,8.555000305175781,8.569999694824219,5574,0.0,0.0
2024-10-18 15:10:00-04:00,8.569999694824219,8.569999694824219,8.5600004196167,8.5600004196167,5293,0.0,0.0
2024-10-18 15:15:00-04:00,8.5649995803833,8.569999694824219,8.5649995803833,8.5649995803833,4059,0.0,0.0
2024-10-18 15:20:00-04:00,8.5649995803833,8.5649995803833,8.555000305175781,8.555000305175781,11314,0.0,0.0
2024-10-18 15:25:00-04:00,8.555000305175781,8.569999694824219,8.550000190734863,8.569999694824219,14364,0.0,0.0
2024-10-18 15:30:00-04:00,8.569999694824219,8.585000038146973,8.569999694824219,8.571399688720703,18379,0.0,0.0
2024-10-18 15:35:00-04:00,8.574999809265137,8.579999923706055,8.574600219726562,8.574999809265137,2938,0.0,0.0
2024-10-18 15:40:00-04:00,8.569999694824219,8.569999694824219,8.5600004196167,8.5649995803833,16925,0.0,0.0
2024-10-18 15:45:00-04:00,8.569899559020996,8.569999694824219,8.5600004196167,8.5649995803833,8060,0.0,0.0
2024-10-18 15:50:00-04:00,8.5649995803833,8.5649995803833,8.550000190734863,8.555000305175781,22852,0.0,0.0
2024-10-18 15:55:00-04:00,8.550000190734863,8.550000190734863,8.539999961853027,8.539999961853027,52262,0.0,0.0
