Datetime,Open,High,Low,Close,Volume,Dividends,Stock Splits
2024-09-20 09:30:00-04:00,98.93000030517578,98.93000030517578,98.33000183105469,98.33000183105469,0,0.0,0.0
2024-09-20 09:45:00-04:00,98.2300033569336,98.2300033569336,98.04000091552734,98.04000091552734,1771,0.0,0.0
2024-09-20 09:50:00-04:00,97.5999984741211,97.5999984741211,97.5999984741211,97.5999984741211,314,0.0,0.0
2024-09-20 09:55:00-04:00,97.4800033569336,97.66000366210938,97.4800033569336,97.66000366210938,785,0.0,0.0
2024-09-20 10:00:00-04:00,97.47000122070312,97.8949966430664,97.47000122070312,97.8949966430664,1138,0.0,0.0
2024-09-20 10:10:00-04:00,97.83000183105469,98.16000366210938,97.83000183105469,97.84500122070312,1515,0.0,0.0
2024-09-20 10:15:00-04:00,98.11000061035156,98.16000366210938,98.11000061035156,98.16000366210938,1757,0.0,0.0
2024-09-20 10:25:00-04:00,98.69999694824219,98.69999694824219,98.69999694824219,98.69999694824219,349,0.0,0.0
2024-09-20 10:30:00-04:00,98.30000305175781,98.45999908447266,98.30000305175781,98.45999908447266,1721,0.0,0.0
2024-09-20 10:35:00-04:00,98.2300033569336,98.25,98.05999755859375,98.05999755859375,1089,0.0,0.0
2024-09-20 10:40:00-04:00,98.1449966430664,98.15499877929688,98.1449966430664,98.15499877929688,1204,0.0,0.0
2024-09-20 10:50:00-04:00,98.1050033569336,98.1050033569336,98.1050033569336,98.1050033569336,772,0.0,0.0
2024-09-20 10:55:00-04:00,97.97000122070312,98.06999969482422,97.91999816894531,98.06999969482422,692,0.0,0.0
2024-09-20 11:00:00-04:00,97.94000244140625,97.94000244140625,97.94000244140625,97.94000244140625,706,0.0,0.0
2024-09-20 11:05:00-04:00,97.94000244140625,97.94000244140625,97.94000244140625,97.94000244140625,413,0.0,0.0
2024-09-20 11:10:00-04:00,98.04499816894531,98.04499816894531,97.9000015258789,97.9000015258789,781,0.0,0.0
2024-09-20 11:15:00-04:00,97.80999755859375,97.80999755859375,97.79000091552734,97.79000091552734,869,0.0,0.0
2024-09-20 11:20:00-04:00,97.8949966430664,97.8949966430664,97.86000061035156,97.86000061035156,581,0.0,0.0
2024-09-20 11:25:00-04:00,97.79000091552734,97.91000366210938,97.77999877929688,97.91000366210938,1613,0.0,0.0
2024-09-20 11:30:00-04:00,97.7699966430664,97.80000305175781,97.62000274658203,97.66000366210938,1752,0.0,0.0
2024-09-20 11:35:00-04:00,97.83000183105469,98.05000305175781,97.80999755859375,98.05000305175781,3824,0.0,0.0
2024-09-20 11:40:00-04:00,97.95999908447266,98.19999694824219,97.83000183105469,98.19999694824219,3094,0.0,0.0
2024-09-20 11:45:00-04:00,98.20999908447266,98.25,98.1050033569336,98.1050033569336,1077,0.0,0.0
2024-09-20 11:50:00-04:00,98.06500244140625,98.25,98.06500244140625,98.08999633789062,861,0.0,0.0
2024-09-20 11:55:00-04:00,98.25,98.47000122070312,98.25,98.45999908447266,1811,0.0,0.0
2024-09-20 12:00:00-04:00,98.47000122070312,98.4800033569336,98.23999786376953,98.47000122070312,1649,0.0,0.0
2024-09-20 12:05:00-04:00,98.4800033569336,98.4800033569336,98.38999938964844,98.4800033569336,1098,0.0,0.0
2024-09-20 12:10:00-04:00,98.47000122070312,98.47000122070312,98.22000122070312,98.22000122070312,1568,0.0,0.0
2024-09-20 12:15:00-04:00,98.3499984741211,98.3499984741211,98.08000183105469,98.08000183105469,879,0.0,0.0
2024-09-20 12:20:00-04:00,98.23999786376953,98.30000305175781,98.18000030517578,98.20999908447266,1850,0.0,0.0
2024-09-20 12:25:00-04:00,98.27999877929688,98.30000305175781,98.18499755859375,98.20500183105469,1309,0.0,0.0
2024-09-20 12:30:00-04:00,98.29000091552734,98.41000366210938,98.29000091552734,98.4000015258789,3145,0.0,0.0
2024-09-20 12:35:00-04:00,98.44000244140625,98.5,98.41000366210938,98.5,1527,0.0,0.0
2024-09-20 12:40:00-04:00,98.42500305175781,98.48999786376953,98.4000015258789,98.42500305175781,696,0.0,0.0
2024-09-20 12:45:00-04:00,98.36000061035156,98.47000122070312,98.33999633789062,98.38500213623047,1510,0.0,0.0
2024-09-20 12:50:00-04:00,98.47000122070312,98.4800033569336,98.38500213623047,98.4800033569336,795,0.0,0.0
2024-09-20 12:55:00-04:00,98.41000366210938,98.4800033569336,98.33999633789062,98.44999694824219,1834,0.0,0.0
2024-09-20 13:00:00-04:00,98.44999694824219,98.47000122070312,98.27999877929688,98.27999877929688,868,0.0,0.0
2024-09-20 13:05:00-04:00,98.4000015258789,98.43000030517578,98.25,98.33499908447266,1657,0.0,0.0
2024-09-20 13:10:00-04:00,98.33499908447266,98.37999725341797,98.33499908447266,98.37999725341797,1461,0.0,0.0
2024-09-20 13:15:00-04:00,98.41999816894531,98.44999694824219,98.3499984741211,98.3499984741211,828,0.0,0.0
2024-09-20 13:20:00-04:00,98.44000244140625,98.44999694824219,98.37999725341797,98.41999816894531,601,0.0,0.0
2024-09-20 13:25:00-04:00,98.36000061035156,98.45999908447266,98.36000061035156,98.38999938964844,1229,0.0,0.0
2024-09-20 13:30:00-04:00,98.45999908447266,98.45999908447266,98.45999908447266,98.45999908447266,565,0.0,0.0
2024-09-20 13:35:00-04:00,98.44999694824219,98.45999908447266,98.19999694824219,98.31999969482422,2535,0.0,0.0
2024-09-20 13:45:00-04:00,98.12000274658203,98.12000274658203,98.12000274658203,98.12000274658203,558,0.0,0.0
2024-09-20 13:50:00-04:00,98.05999755859375,98.05999755859375,98.05999755859375,98.05999755859375,478,0.0,0.0
2024-09-20 13:55:00-04:00,98.04000091552734,98.04000091552734,97.97000122070312,97.97000122070312,1162,0.0,0.0
2024-09-20 14:00:00-04:00,97.94000244140625,97.94000244140625,97.93499755859375,97.93499755859375,547,0.0,0.0
2024-09-20 14:05:00-04:00,97.83499908447266,97.83499908447266,97.76000213623047,97.76000213623047,1193,0.0,0.0
2024-09-20 14:10:00-04:00,97.52999877929688,97.73999786376953,97.52999877929688,97.61000061035156,2436,0.0,0.0
2024-09-20 14:20:00-04:00,97.68000030517578,97.68000030517578,97.62000274658203,97.62000274658203,1335,0.0,0.0
2024-09-20 14:25:00-04:00,97.52999877929688,97.52999877929688,97.41999816894531,97.41999816894531,1668,0.0,0.0
2024-09-20 14:30:00-04:00,97.33999633789062,97.33999633789062,97.33999633789062,97.33999633789062,428,0.0,0.0
2024-09-20 14:35:00-04:00,97.16999816894531,97.16999816894531,97.08999633789062,97.08999633789062,949,0.0,0.0
2024-09-20 14:40:00-04:00,97.16000366210938,97.26000213623047,97.16000366210938,97.26000213623047,1893,0.0,0.0
2024-09-20 14:45:00-04:00,97.19999694824219,97.3550033569336,97.19999694824219,97.3550033569336,623,0.0,0.0
2024-09-20 14:50:00-04:00,97.3550033569336,97.3550033569336,97.26000213623047,97.31999969482422,1696,0.0,0.0
2024-09-20 14:55:00-04:00,97.41000366210938,97.45999908447266,97.4000015258789,97.45999908447266,1839,0.0,0.0
2024-09-20 15:05:00-04:00,97.33999633789062,97.4000015258789,97.23999786376953,97.23999786376953,915,0.0,0.0
2024-09-20 15:10:00-04:00,97.22000122070312,97.22000122070312,96.95999908447266,97.0199966430664,3918,0.0,0.0
2024-09-20 15:15:00-04:00,97.16999816894531,97.22000122070312,97.0999984741211,97.22000122070312,1705,0.0,0.0
2024-09-20 15:20:00-04:00,97.22000122070312,97.31999969482422,96.8499984741211,96.93000030517578,8686,0.0,0.0
2024-09-20 15:25:00-04:00,96.95999908447266,97.05000305175781,96.87000274658203,96.88999938964844,2787,0.0,0.0
2024-09-20 15:30:00-04:00,96.88500213623047,97.13749694824219,96.87999725341797,97.05000305175781,5966,0.0,0.0
2024-09-20 15:35:00-04:00,97.05500030517578,97.0999984741211,96.83999633789062,96.90249633789062,10048,0.0,0.0
2024-09-20 15:40:00-04:00,96.91000366210938,96.9800033569336,96.5999984741211,96.9800033569336,9458,0.0,0.0
2024-09-20 15:45:00-04:00,96.99500274658203,97.08000183105469,96.70999908447266,96.70999908447266,8872,0.0,0.0
2024-09-20 15:50:00-04:00,96.63999938964844,96.69999694824219,96.41000366210938,96.52999877929688,16848,0.0,0.0
2024-09-20 15:55:00-04:00,96.54000091552734,96.77999877929688,96.36000061035156,96.70500183105469,44797,0.0,0.0
2024-09-23 09:30:00-04:00,96.55000305175781,97.61000061035156,96.55000305175781,97.61000061035156,4374,0.0,0.0
2024-09-23 09:35:00-04:00,97.17500305175781,97.17500305175781,97.17500305175781,97.17500305175781,695,0.0,0.0
2024-09-23 09:45:00-04:00,96.83000183105469,97.17500305175781,96.5199966430664,96.55000305175781,5718,0.0,0.0
2024-09-23 09:50:00-04:00,96.5999984741211,96.5999984741211,96.5999984741211,96.5999984741211,960,0.0,0.0
2024-09-23 10:00:00-04:00,96.94999694824219,96.97000122070312,96.70999908447266,96.74500274658203,2330,0.0,0.0
2024-09-23 10:05:00-04:00,96.81999969482422,96.81999969482422,96.6500015258789,96.6500015258789,469,0.0,0.0
2024-09-23 10:10:00-04:00,96.7300033569336,96.7300033569336,96.7300033569336,96.7300033569336,395,0.0,0.0
2024-09-23 10:15:00-04:00,96.73999786376953,96.97000122070312,96.73999786376953,96.91000366210938,931,0.0,0.0
2024-09-23 10:20:00-04:00,97.02999877929688,97.04000091552734,96.91000366210938,96.91000366210938,1312,0.0,0.0
2024-09-23 10:25:00-04:00,96.91000366210938,97.19000244140625,96.91000366210938,97.0,4802,0.0,0.0
2024-09-23 10:30:00-04:00,96.94999694824219,96.94999694824219,96.94999694824219,96.94999694824219,481,0.0,0.0
2024-09-23 10:35:00-04:00,96.9000015258789,96.94999694824219,96.9000015258789,96.94999694824219,572,0.0,0.0
2024-09-23 10:40:00-04:00,96.94999694824219,97.19000244140625,96.94999694824219,97.08499908447266,990,0.0,0.0
2024-09-23 10:45:00-04:00,97.19000244140625,97.19000244140625,97.06999969482422,97.06999969482422,906,0.0,0.0
2024-09-23 10:55:00-04:00,97.07749938964844,97.08499908447266,97.07749938964844,97.08499908447266,2622,0.0,0.0
2024-09-23 11:00:00-04:00,97.08499908447266,97.08499908447266,97.08499908447266,97.08499908447266,287,0.0,0.0
2024-09-23 11:05:00-04:00,97.08000183105469,97.08000183105469,97.08000183105469,97.08000183105469,450,0.0,0.0
2024-09-23 11:10:00-04:00,96.9800033569336,97.23999786376953,96.96499633789062,97.22000122070312,3907,0.0,0.0
2024-09-23 11:15:00-04:00,97.22000122070312,97.22000122070312,97.22000122070312,97.22000122070312,712,0.0,0.0
2024-09-23 11:20:00-04:00,97.17500305175781,97.17500305175781,97.17500305175781,97.17500305175781,489,0.0,0.0
2024-09-23 11:25:00-04:00,97.23999786376953,97.26000213623047,97.19000244140625,97.26000213623047,1226,0.0,0.0
2024-09-23 11:30:00-04:00,97.3550033569336,97.36000061035156,97.3550033569336,97.36000061035156,750,0.0,0.0
2024-09-23 11:40:00-04:00,97.52999877929688,97.55000305175781,97.52999877929688,97.55000305175781,2131,0.0,0.0
2024-09-23 11:55:00-04:00,97.66999816894531,97.76110076904297,97.52999877929688,97.76110076904297,4109,0.0,0.0
2024-09-23 12:00:00-04:00,97.5,97.62000274658203,97.5,97.62000274658203,1052,0.0,0.0
2024-09-23 12:05:00-04:00,97.62000274658203,97.62999725341797,97.62000274658203,97.62999725341797,1261,0.0,0.0
2024-09-23 12:10:00-04:00,97.55000305175781,97.55999755859375,97.55000305175781,97.55999755859375,1227,0.0,0.0
2024-09-23 12:15:00-04:00,97.55999755859375,97.58000183105469,97.44999694824219,97.58000183105469,955,0.0,0.0
2024-09-23 12:20:00-04:00,97.54000091552734,97.58999633789062,97.5250015258789,97.5250015258789,752,0.0,0.0
2024-09-23 12:25:00-04:00,97.5250015258789,97.5250015258789,97.43000030517578,97.44999694824219,1368,0.0,0.0
2024-09-23 12:30:00-04:00,97.3499984741211,97.4000015258789,97.19999694824219,97.4000015258789,2553,0.0,0.0
2024-09-23 12:35:00-04:00,97.4000015258789,97.45999908447266,97.4000015258789,97.45999908447266,728,0.0,0.0
2024-09-23 12:40:00-04:00,97.29000091552734,97.29000091552734,97.2300033569336,97.2300033569336,609,0.0,0.0
2024-09-23 12:45:00-04:00,97.2300033569336,97.27999877929688,97.19999694824219,97.27999877929688,1751,0.0,0.0
2024-09-23 12:50:00-04:00,97.33000183105469,97.41000366210938,97.30000305175781,97.41000366210938,1157,0.0,0.0
2024-09-23 12:55:00-04:00,97.37999725341797,97.37999725341797,97.37999725341797,97.37999725341797,263,0.0,0.0
2024-09-23 13:00:00-04:00,97.38500213623047,97.38500213623047,97.21499633789062,97.21499633789062,3682,0.0,0.0
2024-09-23 13:05:00-04:00,97.21499633789062,97.21499633789062,97.01499938964844,97.15499877929688,2755,0.0,0.0
2024-09-23 13:10:00-04:00,97.0999984741211,97.18499755859375,97.06999969482422,97.07540130615234,3271,0.0,0.0
2024-09-23 13:15:00-04:00,97.25,97.25,97.18499755859375,97.18499755859375,625,0.0,0.0
2024-09-23 13:20:00-04:00,97.12000274658203,97.22000122070312,97.12000274658203,97.22000122070312,1258,0.0,0.0
2024-09-23 13:25:00-04:00,97.22000122070312,97.2300033569336,97.22000122070312,97.2300033569336,580,0.0,0.0
2024-09-23 13:30:00-04:00,97.23500061035156,97.3949966430664,97.23500061035156,97.3949966430664,3088,0.0,0.0
2024-09-23 13:35:00-04:00,97.47000122070312,97.47000122070312,97.3499984741211,97.41000366210938,1925,0.0,0.0
2024-09-23 13:40:00-04:00,97.41000366210938,97.41000366210938,97.26000213623047,97.31999969482422,3934,0.0,0.0
2024-09-23 13:45:00-04:00,97.2300033569336,97.26000213623047,97.2300033569336,97.26000213623047,865,0.0,0.0
2024-09-23 13:50:00-04:00,97.25,97.30999755859375,97.25,97.30999755859375,909,0.0,0.0
2024-09-23 13:55:00-04:00,97.22000122070312,97.25,97.22000122070312,97.25,1096,0.0,0.0
2024-09-23 14:00:00-04:00,97.19000244140625,97.19499969482422,97.08000183105469,97.08000183105469,1210,0.0,0.0
2024-09-23 14:05:00-04:00,97.08000183105469,97.11000061035156,97.04910278320312,97.04910278320312,3039,0.0,0.0
2024-09-23 14:10:00-04:00,97.1050033569336,97.13999938964844,96.95999908447266,96.95999908447266,4630,0.0,0.0
2024-09-23 14:15:00-04:00,97.0199966430664,97.0250015258789,96.9000015258789,97.0250015258789,1947,0.0,0.0
2024-09-23 14:20:00-04:00,97.0,97.0,96.94000244140625,96.94000244140625,308,0.0,0.0
2024-09-23 14:25:00-04:00,97.0,97.0,96.75,96.86499786376953,1398,0.0,0.0
2024-09-23 14:30:00-04:00,96.94000244140625,96.94000244140625,96.83999633789062,96.87999725341797,2537,0.0,0.0
2024-09-23 14:35:00-04:00,96.87999725341797,96.94989776611328,96.87000274658203,96.87999725341797,1977,0.0,0.0
2024-09-23 14:40:00-04:00,96.88999938964844,96.88999938964844,96.8499984741211,96.87000274658203,840,0.0,0.0
2024-09-23 14:45:00-04:00,96.87000274658203,96.88999938964844,96.79000091552734,96.875,1128,0.0,0.0
2024-09-23 14:50:00-04:00,96.87000274658203,96.87000274658203,96.87000274658203,96.87000274658203,419,0.0,0.0
2024-09-23 14:55:00-04:00,96.87000274658203,96.87000274658203,96.83000183105469,96.86499786376953,1641,0.0,0.0
2024-09-23 15:00:00-04:00,96.79000091552734,96.9000015258789,96.79000091552734,96.83000183105469,1633,0.0,0.0
2024-09-23 15:05:00-04:00,96.80500030517578,96.91000366210938,96.80500030517578,96.8499984741211,8723,0.0,0.0
2024-09-23 15:10:00-04:00,96.8499984741211,96.88999938964844,96.8499984741211,96.8499984741211,1714,0.0,0.0
2024-09-23 15:15:00-04:00,96.8499984741211,96.94850158691406,96.8499984741211,96.90499877929688,3016,0.0,0.0
2024-09-23 15:20:00-04:00,96.87770080566406,96.92500305175781,96.80999755859375,96.87999725341797,8065,0.0,0.0
2024-09-23 15:25:00-04:00,96.87999725341797,96.91999816894531,96.83999633789062,96.875,1301,0.0,0.0
2024-09-23 15:30:00-04:00,96.875,97.0,96.875,96.94000244140625,5355,0.0,0.0
2024-09-23 15:35:00-04:00,97.05000305175781,97.1449966430664,97.04000091552734,97.05999755859375,2203,0.0,0.0
2024-09-23 15:40:00-04:00,97.0999984741211,97.11000061035156,96.88999938964844,96.88999938964844,8083,0.0,0.0
2024-09-23 15:45:00-04:00,96.87999725341797,96.87999725341797,96.69999694824219,96.73999786376953,5859,0.0,0.0
2024-09-23 15:50:00-04:00,96.70999908447266,96.93000030517578,96.6510009765625,96.79000091552734,11441,0.0,0.0
2024-09-23 15:55:00-04:00,96.72000122070312,96.80000305175781,96.58999633789062,96.80000305175781,21823,0.0,0.0
2024-09-24 09:30:00-04:00,97.30999755859375,97.30999755859375,96.08999633789062,96.08999633789062,1335,0.0,0.0
2024-09-24 09:35:00-04:00,97.38629913330078,97.38629913330078,97.38629913330078,97.38629913330078,175,0.0,0.0
2024-09-24 09:40:00-04:00,96.55000305175781,96.55000305175781,96.55000305175781,96.55000305175781,0,0.0,0.0
2024-09-24 09:45:00-04:00,96.55500030517578,96.58999633789062,96.55500030517578,96.58999633789062,2077,0.0,0.0
2024-09-24 09:50:00-04:00,96.9800033569336,97.06600189208984,96.9800033569336,97.06600189208984,1057,0.0,0.0
2024-09-24 09:55:00-04:00,96.9000015258789,96.9800033569336,96.84500122070312,96.84500122070312,2202,0.0,0.0
2024-09-24 10:00:00-04:00,96.51000213623047,96.72000122070312,96.1875,96.72000122070312,1163,0.0,0.0
2024-09-24 10:05:00-04:00,96.75,96.75,96.55000305175781,96.55000305175781,1881,0.0,0.0
2024-09-24 10:10:00-04:00,96.55000305175781,96.55000305175781,96.41000366210938,96.41000366210938,205,0.0,0.0
2024-09-24 10:15:00-04:00,96.51000213623047,96.51000213623047,96.51000213623047,96.51000213623047,127,0.0,0.0
2024-09-24 10:20:00-04:00,96.51499938964844,96.61000061035156,96.51499938964844,96.61000061035156,1396,0.0,0.0
2024-09-24 10:30:00-04:00,96.58999633789062,96.66999816894531,96.58999633789062,96.66999816894531,690,0.0,0.0
2024-09-24 10:35:00-04:00,96.47000122070312,96.63999938964844,96.25,96.5,3358,0.0,0.0
2024-09-24 10:40:00-04:00,96.30000305175781,96.37000274658203,96.30000305175781,96.37000274658203,480,0.0,0.0
2024-09-24 10:45:00-04:00,96.43499755859375,96.70999908447266,96.36000061035156,96.36000061035156,4300,0.0,0.0
2024-09-24 10:50:00-04:00,96.36000061035156,96.5199966430664,96.16000366210938,96.27999877929688,1871,0.0,0.0
2024-09-24 10:55:00-04:00,96.1500015258789,96.38999938964844,96.1500015258789,96.30000305175781,2415,0.0,0.0
2024-09-24 11:00:00-04:00,96.52999877929688,96.9000015258789,96.47000122070312,96.9000015258789,1998,0.0,0.0
2024-09-24 11:05:00-04:00,96.91000366210938,96.94000244140625,96.84500122070312,96.94000244140625,809,0.0,0.0
2024-09-24 11:10:00-04:00,96.91999816894531,97.33999633789062,96.91999816894531,97.0199966430664,2916,0.0,0.0
2024-09-24 11:15:00-04:00,97.26000213623047,97.26000213623047,97.13500213623047,97.19000244140625,491,0.0,0.0
2024-09-24 11:20:00-04:00,97.05400085449219,97.12999725341797,96.97000122070312,97.05000305175781,2302,0.0,0.0
2024-09-24 11:25:00-04:00,96.95999908447266,96.95999908447266,96.94000244140625,96.94000244140625,1380,0.0,0.0
2024-09-24 11:30:00-04:00,96.9000015258789,97.0199966430664,96.75,96.7699966430664,6766,0.0,0.0
2024-09-24 11:40:00-04:00,96.8949966430664,96.8949966430664,96.13999938964844,96.38999938964844,4356,0.0,0.0
2024-09-24 11:45:00-04:00,96.33000183105469,96.3499984741211,96.16000366210938,96.18499755859375,2286,0.0,0.0
2024-09-24 11:50:00-04:00,96.17500305175781,96.18000030517578,96.0,96.0,2491,0.0,0.0
2024-09-24 11:55:00-04:00,96.0,96.00499725341797,95.9000015258789,95.9000015258789,7683,0.0,0.0
2024-09-24 12:00:00-04:00,95.83999633789062,96.11000061035156,95.83999633789062,96.11000061035156,1596,0.0,0.0
2024-09-24 12:05:00-04:00,96.1500015258789,96.1500015258789,95.95999908447266,96.05000305175781,2550,0.0,0.0
2024-09-24 12:10:00-04:00,96.01000213623047,96.01000213623047,95.72000122070312,95.72000122070312,1591,0.0,0.0
2024-09-24 12:15:00-04:00,95.83999633789062,95.92500305175781,95.83999633789062,95.92500305175781,729,0.0,0.0
2024-09-24 12:20:00-04:00,95.93000030517578,96.08999633789062,95.93000030517578,96.08999633789062,575,0.0,0.0
2024-09-24 12:25:00-04:00,96.05999755859375,96.05999755859375,95.75,95.75,2146,0.0,0.0
2024-09-24 12:35:00-04:00,95.69000244140625,95.70999908447266,95.58000183105469,95.58000183105469,3630,0.0,0.0
2024-09-24 12:40:00-04:00,95.56999969482422,95.56999969482422,95.56999969482422,95.56999969482422,114,0.0,0.0
2024-09-24 12:45:00-04:00,95.62999725341797,95.79499816894531,95.62999725341797,95.79499816894531,2333,0.0,0.0
2024-09-24 12:50:00-04:00,95.80999755859375,95.88500213623047,95.80999755859375,95.88500213623047,2189,0.0,0.0
2024-09-24 13:00:00-04:00,95.7699966430664,95.7699966430664,95.7699966430664,95.7699966430664,441,0.0,0.0
2024-09-24 13:05:00-04:00,95.8499984741211,95.9000015258789,95.8499984741211,95.9000015258789,3289,0.0,0.0
2024-09-24 13:10:00-04:00,95.9000015258789,95.9000015258789,95.75,95.75,6949,0.0,0.0
2024-09-24 13:20:00-04:00,95.83000183105469,95.83000183105469,95.83000183105469,95.83000183105469,672,0.0,0.0
2024-09-24 13:25:00-04:00,95.8499984741211,95.8499984741211,95.75,95.75,1061,0.0,0.0
2024-09-24 13:30:00-04:00,95.84500122070312,95.91500091552734,95.84500122070312,95.91500091552734,1037,0.0,0.0
2024-09-24 13:40:00-04:00,96.05999755859375,96.05999755859375,96.04000091552734,96.04000091552734,1065,0.0,0.0
2024-09-24 13:45:00-04:00,95.99500274658203,95.99500274658203,95.99500274658203,95.99500274658203,316,0.0,0.0
2024-09-24 13:50:00-04:00,95.97000122070312,95.9800033569336,95.86000061035156,95.86000061035156,1442,0.0,0.0
2024-09-24 14:00:00-04:00,95.87999725341797,95.87999725341797,95.81999969482422,95.83000183105469,469,0.0,0.0
2024-09-24 14:05:00-04:00,95.80999755859375,95.88500213623047,95.80999755859375,95.88500213623047,949,0.0,0.0
2024-09-24 14:10:00-04:00,95.87999725341797,95.88999938964844,95.7300033569336,95.7300033569336,4113,0.0,0.0
2024-09-24 14:15:00-04:00,95.69000244140625,95.69000244140625,95.69000244140625,95.69000244140625,280,0.0,0.0
2024-09-24 14:20:00-04:00,95.67749786376953,95.67749786376953,95.67749786376953,95.67749786376953,269,0.0,0.0
2024-09-24 14:25:00-04:00,95.66000366210938,95.66000366210938,95.6500015258789,95.6500015258789,557,0.0,0.0
2024-09-24 14:30:00-04:00,95.58000183105469,95.73999786376953,95.38999938964844,95.68499755859375,3909,0.0,0.0
2024-09-24 14:35:00-04:00,95.62000274658203,95.62000274658203,95.62000274658203,95.62000274658203,304,0.0,0.0
2024-09-24 14:40:00-04:00,95.6500015258789,95.6500015258789,95.5999984741211,95.5999984741211,607,0.0,0.0
2024-09-24 14:45:00-04:00,95.5999984741211,95.5999984741211,95.5,95.5,1707,0.0,0.0
2024-09-24 14:50:00-04:00,95.41500091552734,95.45500183105469,95.41500091552734,95.45500183105469,852,0.0,0.0
2024-09-24 14:55:00-04:00,95.38999938964844,95.38999938964844,95.33000183105469,95.37999725341797,2530,0.0,0.0
2024-09-24 15:05:00-04:00,95.43000030517578,95.69999694824219,95.43000030517578,95.69999694824219,3002,0.0,0.0
2024-09-24 15:10:00-04:00,95.79000091552734,95.79000091552734,95.69999694824219,95.69999694824219,1604,0.0,0.0
2024-09-24 15:15:00-04:00,95.75,95.75,95.75,95.75,487,0.0,0.0
2024-09-24 15:20:00-04:00,95.81999969482422,95.81999969482422,95.68000030517578,95.68000030517578,1438,0.0,0.0
2024-09-24 15:25:00-04:00,95.69000244140625,95.69999694824219,95.62999725341797,95.62999725341797,1884,0.0,0.0
2024-09-24 15:30:00-04:00,95.61000061035156,95.73999786376953,95.61000061035156,95.69000244140625,3372,0.0,0.0
2024-09-24 15:35:00-04:00,95.62999725341797,95.70999908447266,95.62999725341797,95.70999908447266,3356,0.0,0.0
2024-09-24 15:40:00-04:00,95.7300033569336,95.76000213623047,95.66999816894531,95.66999816894531,3050,0.0,0.0
2024-09-24 15:45:00-04:00,95.7300033569336,95.74500274658203,95.68000030517578,95.7300033569336,3952,0.0,0.0
2024-09-24 15:50:00-04:00,95.78500366210938,95.8499984741211,95.7300033569336,95.77999877929688,7071,0.0,0.0
2024-09-24 15:55:00-04:00,95.81999969482422,96.12000274658203,95.73999786376953,95.83999633789062,27508,0.0,0.0
2024-09-25 09:30:00-04:00,96.37999725341797,96.37999725341797,95.9749984741211,95.9749984741211,978,0.0,0.0
2024-09-25 09:35:00-04:00,96.07499694824219,96.07499694824219,96.07499694824219,96.07499694824219,268,0.0,0.0
2024-09-25 09:45:00-04:00,95.54000091552734,95.54000091552734,95.30000305175781,95.30000305175781,1658,0.0,0.0
2024-09-25 09:55:00-04:00,95.12999725341797,95.12999725341797,95.06999969482422,95.06999969482422,639,0.0,0.0
2024-09-25 10:00:00-04:00,95.0,95.05999755859375,95.0,95.05999755859375,15749,0.0,0.0
2024-09-25 10:05:00-04:00,94.96499633789062,94.96499633789062,94.96499633789062,94.96499633789062,390,0.0,0.0
2024-09-25 10:10:00-04:00,95.33499908447266,95.33499908447266,95.12000274658203,95.12000274658203,1413,0.0,0.0
2024-09-25 10:25:00-04:00,95.3550033569336,95.3550033569336,95.3550033569336,95.3550033569336,960,0.0,0.0
2024-09-25 10:30:00-04:00,95.27999877929688,95.27999877929688,95.0,95.0,3458,0.0,0.0
2024-09-25 10:35:00-04:00,95.11000061035156,95.33999633789062,94.9749984741211,95.27999877929688,16666,0.0,0.0
2024-09-25 10:40:00-04:00,95.30000305175781,95.30000305175781,95.30000305175781,95.30000305175781,319,0.0,0.0
2024-09-25 10:45:00-04:00,95.25,95.4000015258789,95.25,95.31500244140625,1738,0.0,0.0
2024-09-25 10:50:00-04:00,95.30000305175781,95.33999633789062,95.30000305175781,95.33999633789062,948,0.0,0.0
2024-09-25 10:55:00-04:00,95.4800033569336,95.55999755859375,95.44000244140625,95.5199966430664,3210,0.0,0.0
2024-09-25 11:00:00-04:00,95.52999877929688,95.6500015258789,95.52999877929688,95.54000091552734,891,0.0,0.0
2024-09-25 11:05:00-04:00,95.55999755859375,95.55999755859375,95.55999755859375,95.55999755859375,1515,0.0,0.0
2024-09-25 11:10:00-04:00,95.5469970703125,95.5469970703125,95.44999694824219,95.44999694824219,1306,0.0,0.0
2024-09-25 11:15:00-04:00,95.38999938964844,95.38999938964844,95.37000274658203,95.37000274658203,886,0.0,0.0
2024-09-25 11:25:00-04:00,95.41000366210938,95.41000366210938,95.30000305175781,95.30000305175781,1254,0.0,0.0
2024-09-25 11:30:00-04:00,95.32250213623047,95.33999633789062,95.11499786376953,95.25499725341797,4666,0.0,0.0
2024-09-25 11:45:00-04:00,95.16999816894531,95.16999816894531,95.13999938964844,95.1500015258789,804,0.0,0.0
2024-09-25 11:50:00-04:00,95.08000183105469,95.08000183105469,95.08000183105469,95.08000183105469,459,0.0,0.0
2024-09-25 11:55:00-04:00,95.13999938964844,95.16999816894531,95.13999938964844,95.16000366210938,953,0.0,0.0
2024-09-25 12:00:00-04:00,95.2698974609375,95.2698974609375,95.11000061035156,95.11000061035156,825,0.0,0.0
2024-09-25 12:15:00-04:00,95.11000061035156,95.36000061035156,95.11000061035156,95.36000061035156,3961,0.0,0.0
2024-09-25 12:20:00-04:00,95.2699966430664,95.29000091552734,95.2699966430664,95.29000091552734,1019,0.0,0.0
2024-09-25 12:35:00-04:00,95.25,95.25,95.20999908447266,95.22000122070312,968,0.0,0.0
2024-09-25 12:40:00-04:00,95.13999938964844,95.13999938964844,95.04000091552734,95.04000091552734,955,0.0,0.0
2024-09-25 12:45:00-04:00,95.12999725341797,95.12999725341797,95.12999725341797,95.12999725341797,767,0.0,0.0
2024-09-25 12:50:00-04:00,95.1500015258789,95.22000122070312,95.1500015258789,95.22000122070312,1480,0.0,0.0
2024-09-25 12:55:00-04:00,95.1500015258789,95.1500015258789,95.13500213623047,95.13500213623047,607,0.0,0.0
2024-09-25 13:00:00-04:00,95.06999969482422,95.06999969482422,95.03500366210938,95.04000091552734,454,0.0,0.0
2024-09-25 13:05:00-04:00,95.0250015258789,95.0250015258789,95.0250015258789,95.0250015258789,344,0.0,0.0
2024-09-25 13:10:00-04:00,95.19000244140625,95.26000213623047,95.19000244140625,95.26000213623047,1499,0.0,0.0
2024-09-25 13:15:00-04:00,95.44000244140625,95.59500122070312,95.44000244140625,95.59500122070312,576,0.0,0.0
2024-09-25 13:20:00-04:00,95.5,95.5,95.43000030517578,95.43000030517578,1092,0.0,0.0
2024-09-25 13:25:00-04:00,95.33999633789062,95.33999633789062,95.30999755859375,95.30999755859375,1106,0.0,0.0
2024-09-25 13:35:00-04:00,95.20999908447266,95.20999908447266,95.20999908447266,95.20999908447266,167,0.0,0.0
2024-09-25 13:40:00-04:00,95.21700286865234,95.21700286865234,95.21700286865234,95.21700286865234,405,0.0,0.0
2024-09-25 13:50:00-04:00,95.19999694824219,95.19999694824219,95.19999694824219,95.19999694824219,624,0.0,0.0
2024-09-25 13:55:00-04:00,95.29000091552734,95.44499969482422,95.29000091552734,95.44499969482422,2181,0.0,0.0
2024-09-25 14:00:00-04:00,95.37000274658203,95.37000274658203,95.37000274658203,95.37000274658203,333,0.0,0.0
2024-09-25 14:05:00-04:00,95.33999633789062,95.33999633789062,95.33000183105469,95.33000183105469,1470,0.0,0.0
2024-09-25 14:10:00-04:00,95.4000015258789,95.4000015258789,95.4000015258789,95.4000015258789,521,0.0,0.0
2024-09-25 14:15:00-04:00,95.41999816894531,95.48999786376953,95.36160278320312,95.48999786376953,2145,0.0,0.0
2024-09-25 14:20:00-04:00,95.44000244140625,95.45999908447266,95.36000061035156,95.36000061035156,1896,0.0,0.0
2024-09-25 14:35:00-04:00,95.27999877929688,95.27999877929688,95.27999877929688,95.27999877929688,589,0.0,0.0
2024-09-25 14:45:00-04:00,95.29000091552734,95.33999633789062,95.27999877929688,95.32499694824219,924,0.0,0.0
2024-09-25 14:50:00-04:00,95.29000091552734,95.30000305175781,95.29000091552734,95.30000305175781,1100,0.0,0.0
2024-09-25 14:55:00-04:00,95.27999877929688,95.48999786376953,95.27999877929688,95.43499755859375,3364,0.0,0.0
2024-09-25 15:00:00-04:00,95.45500183105469,95.51000213623047,95.45500183105469,95.5,1399,0.0,0.0
2024-09-25 15:10:00-04:00,95.55999755859375,95.56500244140625,95.5,95.56500244140625,2593,0.0,0.0
2024-09-25 15:20:00-04:00,95.51000213623047,95.51000213623047,95.4800033569336,95.4800033569336,1074,0.0,0.0
2024-09-25 15:25:00-04:00,95.44499969482422,95.44999694824219,95.44499969482422,95.44999694824219,652,0.0,0.0
2024-09-25 15:30:00-04:00,95.43000030517578,95.52999877929688,95.41999816894531,95.52999877929688,3134,0.0,0.0
2024-09-25 15:35:00-04:00,95.5999984741211,95.62000274658203,95.45999908447266,95.48999786376953,2937,0.0,0.0
2024-09-25 15:40:00-04:00,95.41999816894531,95.4800033569336,95.37000274658203,95.47000122070312,2052,0.0,0.0
2024-09-25 15:45:00-04:00,95.52999877929688,95.68000030517578,95.48999786376953,95.68000030517578,3361,0.0,0.0
2024-09-25 15:50:00-04:00,95.67500305175781,95.73999786376953,95.64700317382812,95.70500183105469,6192,0.0,0.0
2024-09-25 15:55:00-04:00,95.63999938964844,95.63999938964844,95.27999877929688,95.5,22566,0.0,0.0
2024-09-26 09:30:00-04:00,96.61000061035156,96.61000061035156,96.61000061035156,96.61000061035156,1194,0.0,0.0
2024-09-26 09:35:00-04:00,96.5199966430664,96.5199966430664,96.5199966430664,96.5199966430664,650,0.0,0.0
2024-09-26 10:00:00-04:00,96.69999694824219,96.75,96.08000183105469,96.08000183105469,3212,0.0,0.0
2024-09-26 10:20:00-04:00,95.91999816894531,95.91999816894531,95.70500183105469,95.70500183105469,1441,0.0,0.0
2024-09-26 10:30:00-04:00,95.77999877929688,96.00499725341797,95.5199966430664,95.86000061035156,16401,0.0,0.0
2024-09-26 10:35:00-04:00,95.8499984741211,95.98500061035156,95.69999694824219,95.98500061035156,14746,0.0,0.0
2024-09-26 10:40:00-04:00,95.94000244140625,96.13999938964844,95.93000030517578,96.11000061035156,3008,0.0,0.0
2024-09-26 10:45:00-04:00,96.08000183105469,96.54000091552734,96.08000183105469,96.41000366210938,2045,0.0,0.0
2024-09-26 10:50:00-04:00,96.48999786376953,96.54000091552734,96.2699966430664,96.43499755859375,4003,0.0,0.0
2024-09-26 10:55:00-04:00,96.37999725341797,96.44999694824219,96.25,96.30999755859375,1846,0.0,0.0
2024-09-26 11:00:00-04:00,96.2300033569336,96.23500061035156,96.2300033569336,96.2300033569336,842,0.0,0.0
2024-09-26 11:05:00-04:00,96.36499786376953,96.44000244140625,96.25,96.25499725341797,2176,0.0,0.0
2024-09-26 11:10:00-04:00,96.33200073242188,96.5,96.33200073242188,96.44000244140625,2226,0.0,0.0
2024-09-26 11:15:00-04:00,96.58000183105469,96.68000030517578,96.53500366210938,96.53500366210938,1270,0.0,0.0
2024-09-26 11:20:00-04:00,96.5199966430664,96.5199966430664,96.5199966430664,96.5199966430664,452,0.0,0.0
2024-09-26 11:25:00-04:00,96.44999694824219,96.45999908447266,96.31999969482422,96.43000030517578,1050,0.0,0.0
2024-09-26 11:35:00-04:00,96.23999786376953,96.23999786376953,95.88999938964844,95.88999938964844,1145,0.0,0.0
2024-09-26 11:45:00-04:00,95.94999694824219,95.95999908447266,95.94999694824219,95.95999908447266,703,0.0,0.0
2024-09-26 11:50:00-04:00,95.94000244140625,95.95999908447266,95.91000366210938,95.95999908447266,2196,0.0,0.0
2024-09-26 12:00:00-04:00,95.91999816894531,95.91999816894531,95.91999816894531,95.91999816894531,261,0.0,0.0
2024-09-26 12:05:00-04:00,95.84600067138672,95.95999908447266,95.83000183105469,95.83000183105469,2008,0.0,0.0
2024-09-26 12:10:00-04:00,95.7300033569336,95.7300033569336,95.72599792480469,95.72599792480469,339,0.0,0.0
2024-09-26 12:15:00-04:00,95.7699966430664,95.7699966430664,95.66999816894531,95.66999816894531,482,0.0,0.0
2024-09-26 12:20:00-04:00,95.70600128173828,95.71499633789062,95.70600128173828,95.71499633789062,985,0.0,0.0
2024-09-26 12:25:00-04:00,95.69999694824219,95.78250122070312,95.69999694824219,95.78250122070312,767,0.0,0.0
2024-09-26 12:30:00-04:00,95.69000244140625,95.7699966430664,95.5250015258789,95.7699966430664,6256,0.0,0.0
2024-09-26 12:45:00-04:00,95.75,95.75,95.75,95.75,198,0.0,0.0
2024-09-26 12:50:00-04:00,95.72000122070312,95.72000122070312,95.72000122070312,95.72000122070312,523,0.0,0.0
2024-09-26 12:55:00-04:00,95.69999694824219,95.69999694824219,95.69999694824219,95.69999694824219,216,0.0,0.0
2024-09-26 13:00:00-04:00,95.62000274658203,95.62000274658203,95.62000274658203,95.62000274658203,604,0.0,0.0
2024-09-26 13:05:00-04:00,95.55000305175781,95.55000305175781,95.48999786376953,95.48999786376953,2103,0.0,0.0
2024-09-26 13:15:00-04:00,95.5,95.5,95.48999786376953,95.49500274658203,919,0.0,0.0
2024-09-26 13:20:00-04:00,95.52999877929688,95.55000305175781,95.44999694824219,95.44999694824219,4193,0.0,0.0
2024-09-26 13:25:00-04:00,95.45700073242188,95.56999969482422,95.45700073242188,95.56999969482422,1427,0.0,0.0
2024-09-26 13:35:00-04:00,95.58999633789062,95.58999633789062,95.58000183105469,95.58000183105469,547,0.0,0.0
2024-09-26 13:40:00-04:00,95.55999755859375,95.58000183105469,95.55999755859375,95.58000183105469,426,0.0,0.0
2024-09-26 13:45:00-04:00,95.59400177001953,95.625,95.59400177001953,95.625,1433,0.0,0.0
2024-09-26 13:50:00-04:00,95.61000061035156,95.61000061035156,95.61000061035156,95.61000061035156,490,0.0,0.0
2024-09-26 13:55:00-04:00,95.62000274658203,95.72000122070312,95.62000274658203,95.62999725341797,2050,0.0,0.0
2024-09-26 14:00:00-04:00,95.6500015258789,95.6500015258789,95.6500015258789,95.6500015258789,127,0.0,0.0
2024-09-26 14:05:00-04:00,95.6500015258789,95.6500015258789,95.6500015258789,95.6500015258789,460,0.0,0.0
2024-09-26 14:10:00-04:00,95.5999984741211,95.61000061035156,95.54499816894531,95.55999755859375,2574,0.0,0.0
2024-09-26 14:15:00-04:00,95.56999969482422,95.56999969482422,95.56999969482422,95.56999969482422,462,0.0,0.0
2024-09-26 14:20:00-04:00,95.51000213623047,95.5199966430664,95.44400024414062,95.4749984741211,1110,0.0,0.0
2024-09-26 14:25:00-04:00,95.43499755859375,95.52999877929688,95.43499755859375,95.52999877929688,530,0.0,0.0
2024-09-26 14:30:00-04:00,95.45999908447266,95.45999908447266,95.36000061035156,95.43000030517578,1904,0.0,0.0
2024-09-26 14:45:00-04:00,95.38999938964844,95.38999938964844,95.24700164794922,95.25399780273438,3126,0.0,0.0
2024-09-26 14:50:00-04:00,95.38500213623047,95.41999816894531,95.33999633789062,95.41999816894531,870,0.0,0.0
2024-09-26 14:55:00-04:00,95.41999816894531,95.43000030517578,95.37999725341797,95.38999938964844,1411,0.0,0.0
2024-09-26 15:00:00-04:00,95.38999938964844,95.73999786376953,95.38999938964844,95.73999786376953,7023,0.0,0.0
2024-09-26 15:10:00-04:00,95.79000091552734,95.79000091552734,95.76000213623047,95.76000213623047,1606,0.0,0.0
2024-09-26 15:15:00-04:00,95.7699966430664,95.79000091552734,95.55999755859375,95.55999755859375,2180,0.0,0.0
2024-09-26 15:20:00-04:00,95.61000061035156,95.61000061035156,95.37999725341797,95.37999725341797,1925,0.0,0.0
2024-09-26 15:25:00-04:00,95.50499725341797,95.50499725341797,95.30000305175781,95.30000305175781,1391,0.0,0.0
2024-09-26 15:30:00-04:00,95.40499877929688,95.40499877929688,95.12000274658203,95.1500015258789,2623,0.0,0.0
2024-09-26 15:35:00-04:00,95.1500015258789,95.2300033569336,95.12999725341797,95.12999725341797,1952,0.0,0.0
2024-09-26 15:40:00-04:00,95.12999725341797,95.20999908447266,95.12999725341797,95.20999908447266,2716,0.0,0.0
2024-09-26 15:45:00-04:00,95.197998046875,95.19999694824219,95.12999725341797,95.19000244140625,5884,0.0,0.0
2024-09-26 15:50:00-04:00,95.19499969482422,95.54000091552734,95.19499969482422,95.48500061035156,11928,0.0,0.0
2024-09-26 15:55:00-04:00,95.4800033569336,95.66999816894531,95.4800033569336,95.62999725341797,22808,0.0,0.0
2024-09-27 09:30:00-04:00,96.5199966430664,96.5199966430664,96.5199966430664,96.5199966430664,1021,0.0,0.0
2024-09-27 09:45:00-04:00,96.18000030517578,96.18000030517578,96.05000305175781,96.18000030517578,1219,0.0,0.0
2024-09-27 10:00:00-04:00,96.68000030517578,96.81999969482422,96.68000030517578,96.81999969482422,1121,0.0,0.0
2024-09-27 10:10:00-04:00,96.55000305175781,96.82499694824219,96.55000305175781,96.82499694824219,360,0.0,0.0
2024-09-27 10:15:00-04:00,96.83000183105469,96.83000183105469,96.82499694824219,96.82499694824219,876,0.0,0.0
2024-09-27 10:20:00-04:00,96.97000122070312,97.21499633789062,96.77999877929688,96.79000091552734,3169,0.0,0.0
2024-09-27 10:35:00-04:00,97.18499755859375,97.18499755859375,97.18499755859375,97.18499755859375,761,0.0,0.0
2024-09-27 10:40:00-04:00,97.08999633789062,97.08999633789062,97.08999633789062,97.08999633789062,434,0.0,0.0
2024-09-27 10:50:00-04:00,97.20500183105469,97.20500183105469,97.20500183105469,97.20500183105469,622,0.0,0.0
2024-09-27 10:55:00-04:00,97.0999984741211,97.2300033569336,97.0999984741211,97.2300033569336,1006,0.0,0.0
2024-09-27 11:00:00-04:00,97.16000366210938,97.16000366210938,97.16000366210938,97.16000366210938,746,0.0,0.0
2024-09-27 11:05:00-04:00,97.19000244140625,97.19000244140625,97.19000244140625,97.19000244140625,282,0.0,0.0
2024-09-27 11:10:00-04:00,97.26499938964844,97.26499938964844,97.11000061035156,97.25,3074,0.0,0.0
2024-09-27 11:15:00-04:00,97.2300033569336,97.2300033569336,96.88999938964844,96.88999938964844,1392,0.0,0.0
2024-09-27 11:20:00-04:00,97.0,97.0,97.0,97.0,1124,0.0,0.0
2024-09-27 11:25:00-04:00,97.04000091552734,97.0999984741211,97.04000091552734,97.0999984741211,515,0.0,0.0
2024-09-27 11:30:00-04:00,97.02999877929688,97.19000244140625,97.02999877929688,97.13999938964844,1066,0.0,0.0
2024-09-27 11:35:00-04:00,97.0199966430664,97.0199966430664,97.0199966430664,97.0199966430664,509,0.0,0.0
2024-09-27 11:40:00-04:00,96.88999938964844,96.88999938964844,96.69999694824219,96.69999694824219,1799,0.0,0.0
2024-09-27 11:50:00-04:00,96.75,96.75,96.66000366210938,96.66000366210938,1512,0.0,0.0
2024-09-27 12:00:00-04:00,96.37000274658203,96.37000274658203,96.37000274658203,96.37000274658203,174,0.0,0.0
2024-09-27 12:05:00-04:00,96.2300033569336,96.2300033569336,96.2300033569336,96.2300033569336,526,0.0,0.0
2024-09-27 12:10:00-04:00,95.9800033569336,95.9800033569336,95.9800033569336,95.9800033569336,1742,0.0,0.0
2024-09-27 12:25:00-04:00,95.98500061035156,95.98500061035156,95.9000015258789,95.9000015258789,350,0.0,0.0
2024-09-27 12:30:00-04:00,95.9749984741211,95.9749984741211,95.9749984741211,95.9749984741211,327,0.0,0.0
2024-09-27 12:35:00-04:00,95.95999908447266,95.9800033569336,95.94000244140625,95.94000244140625,1281,0.0,0.0
2024-09-27 12:40:00-04:00,95.8499984741211,95.8499984741211,95.76000213623047,95.80000305175781,1743,0.0,0.0
2024-09-27 12:50:00-04:00,95.75,95.75,95.6500015258789,95.71499633789062,1790,0.0,0.0
2024-09-27 12:55:00-04:00,95.45999908447266,95.45999908447266,95.45999908447266,95.45999908447266,236,0.0,0.0
2024-09-27 13:00:00-04:00,95.44999694824219,95.44999694824219,95.44999694824219,95.44999694824219,865,0.0,0.0
2024-09-27 13:10:00-04:00,95.3550033569336,95.6500015258789,95.34500122070312,95.6500015258789,4702,0.0,0.0
2024-09-27 13:20:00-04:00,95.41999816894531,95.50499725341797,95.41999816894531,95.50499725341797,1845,0.0,0.0
2024-09-27 13:45:00-04:00,95.58000183105469,95.66000366210938,95.58000183105469,95.66000366210938,1454,0.0,0.0
2024-09-27 13:50:00-04:00,95.63999938964844,95.76000213623047,95.63999938964844,95.76000213623047,5813,0.0,0.0
2024-09-27 13:55:00-04:00,95.70999908447266,95.70999908447266,95.69999694824219,95.69999694824219,970,0.0,0.0
2024-09-27 14:05:00-04:00,95.62999725341797,95.62999725341797,95.62999725341797,95.62999725341797,739,0.0,0.0
2024-09-27 14:10:00-04:00,95.62000274658203,95.62000274658203,95.62000274658203,95.62000274658203,127,0.0,0.0
2024-09-27 14:15:00-04:00,95.625,95.94999694824219,95.625,95.81999969482422,2162,0.0,0.0
2024-09-27 14:20:00-04:00,96.01000213623047,96.05000305175781,96.01000213623047,96.01249694824219,2335,0.0,0.0
2024-09-27 14:25:00-04:00,96.05000305175781,96.05000305175781,96.02999877929688,96.04000091552734,604,0.0,0.0
2024-09-27 14:30:00-04:00,96.04000091552734,96.05000305175781,96.0,96.05000305175781,1614,0.0,0.0
2024-09-27 14:35:00-04:00,95.81999969482422,95.81999969482422,95.81999969482422,95.81999969482422,316,0.0,0.0
2024-09-27 14:40:00-04:00,95.97000122070312,96.05000305175781,95.97000122070312,96.05000305175781,390,0.0,0.0
2024-09-27 14:45:00-04:00,96.12000274658203,96.12000274658203,96.11000061035156,96.11000061035156,789,0.0,0.0
2024-09-27 14:55:00-04:00,96.16999816894531,96.33999633789062,96.16999816894531,96.33999633789062,1775,0.0,0.0
2024-09-27 15:00:00-04:00,96.30110168457031,96.30110168457031,96.30110168457031,96.30110168457031,403,0.0,0.0
2024-09-27 15:05:00-04:00,96.1500015258789,96.19999694824219,96.0199966430664,96.0199966430664,1933,0.0,0.0
2024-09-27 15:10:00-04:00,96.05999755859375,96.05999755859375,95.75,95.75,9456,0.0,0.0
2024-09-27 15:15:00-04:00,95.75,96.02999877929688,95.7300033569336,96.0250015258789,6106,0.0,0.0
2024-09-27 15:20:00-04:00,95.95999908447266,96.04000091552734,95.95999908447266,96.04000091552734,1002,0.0,0.0
2024-09-27 15:25:00-04:00,95.86499786376953,95.93000030517578,95.8499984741211,95.93000030517578,1647,0.0,0.0
2024-09-27 15:35:00-04:00,95.86000061035156,95.93499755859375,95.63500213623047,95.63999938964844,10956,0.0,0.0
2024-09-27 15:40:00-04:00,95.58000183105469,95.8550033569336,95.58000183105469,95.8550033569336,3488,0.0,0.0
2024-09-27 15:45:00-04:00,95.87000274658203,96.1500015258789,95.87000274658203,96.00499725341797,3376,0.0,0.0
2024-09-27 15:50:00-04:00,96.13999938964844,96.30999755859375,96.12999725341797,96.19000244140625,11541,0.0,0.0
2024-09-27 15:55:00-04:00,96.18000030517578,96.31999969482422,96.16000366210938,96.29000091552734,21636,0.0,0.0
2024-09-30 09:30:00-04:00,95.75499725341797,95.75499725341797,95.75499725341797,95.75499725341797,10753,0.0,0.0
2024-09-30 09:35:00-04:00,95.54000091552734,95.54000091552734,95.20999908447266,95.20999908447266,752,0.0,0.0
2024-09-30 09:40:00-04:00,95.21499633789062,95.21499633789062,95.06999969482422,95.06999969482422,288,0.0,0.0
2024-09-30 09:45:00-04:00,95.6500015258789,96.01000213623047,95.61000061035156,95.94499969482422,3547,0.0,0.0
2024-09-30 09:50:00-04:00,96.38999938964844,96.62000274658203,96.16000366210938,96.62000274658203,4549,0.0,0.0
2024-09-30 09:55:00-04:00,96.98999786376953,96.98999786376953,96.98999786376953,96.98999786376953,180,0.0,0.0
2024-09-30 10:00:00-04:00,96.87999725341797,96.91999816894531,96.87999725341797,96.91999816894531,399,0.0,0.0
2024-09-30 10:05:00-04:00,96.94999694824219,96.94999694824219,96.94999694824219,96.94999694824219,304,0.0,0.0
2024-09-30 10:10:00-04:00,96.92500305175781,97.2300033569336,96.44999694824219,96.58000183105469,1024,0.0,0.0
2024-09-30 10:15:00-04:00,97.01000213623047,97.01000213623047,97.0,97.0,474,0.0,0.0
2024-09-30 10:20:00-04:00,96.73999786376953,96.94000244140625,96.73999786376953,96.73999786376953,470,0.0,0.0
2024-09-30 10:25:00-04:00,97.01000213623047,97.01000213623047,96.29000091552734,96.29000091552734,2469,0.0,0.0
2024-09-30 10:30:00-04:00,96.27999877929688,96.55999755859375,96.18499755859375,96.50199890136719,2328,0.0,0.0
2024-09-30 10:35:00-04:00,96.75,96.75,96.7300033569336,96.7300033569336,441,0.0,0.0
2024-09-30 10:40:00-04:00,96.75,96.9000015258789,96.69000244140625,96.69000244140625,1351,0.0,0.0
2024-09-30 10:45:00-04:00,96.88999938964844,96.88999938964844,96.88999938964844,96.88999938964844,572,0.0,0.0
2024-09-30 10:50:00-04:00,96.88999938964844,96.88999938964844,96.62999725341797,96.62999725341797,1213,0.0,0.0
2024-09-30 10:55:00-04:00,96.5999984741211,96.8052978515625,96.5999984741211,96.8052978515625,728,0.0,0.0
2024-09-30 11:05:00-04:00,96.77999877929688,96.77999877929688,96.77999877929688,96.77999877929688,111,0.0,0.0
2024-09-30 11:10:00-04:00,96.81999969482422,96.93000030517578,96.81999969482422,96.93000030517578,2281,0.0,0.0
2024-09-30 11:15:00-04:00,96.93499755859375,97.16999816894531,96.93499755859375,97.16999816894531,311,0.0,0.0
2024-09-30 11:20:00-04:00,97.23999786376953,97.23999786376953,97.23999786376953,97.23999786376953,314,0.0,0.0
2024-09-30 11:25:00-04:00,96.87000274658203,96.87000274658203,96.81999969482422,96.81999969482422,1116,0.0,0.0
2024-09-30 11:30:00-04:00,96.54000091552734,96.54000091552734,96.54000091552734,96.54000091552734,550,0.0,0.0
2024-09-30 11:35:00-04:00,96.51000213623047,96.51000213623047,96.4000015258789,96.4000015258789,417,0.0,0.0
2024-09-30 11:40:00-04:00,96.23999786376953,96.23999786376953,96.23999786376953,96.23999786376953,367,0.0,0.0
2024-09-30 11:50:00-04:00,96.5999984741211,96.5999984741211,96.5999984741211,96.5999984741211,298,0.0,0.0
2024-09-30 11:55:00-04:00,96.62000274658203,96.62000274658203,96.5999984741211,96.62000274658203,739,0.0,0.0
2024-09-30 12:00:00-04:00,96.62000274658203,96.62000274658203,96.62000274658203,96.62000274658203,329,0.0,0.0
2024-09-30 12:05:00-04:00,96.52999877929688,96.52999877929688,96.51499938964844,96.51499938964844,1128,0.0,0.0
2024-09-30 12:10:00-04:00,96.53500366210938,96.69000244140625,96.53500366210938,96.69000244140625,264,0.0,0.0
2024-09-30 12:15:00-04:00,96.69000244140625,96.87000274658203,96.69000244140625,96.87000274658203,1514,0.0,0.0
2024-09-30 12:20:00-04:00,96.97000122070312,96.97000122070312,96.80999755859375,96.97000122070312,1524,0.0,0.0
2024-09-30 12:25:00-04:00,96.88999938964844,96.88999938964844,96.88999938964844,96.88999938964844,233,0.0,0.0
2024-09-30 12:30:00-04:00,96.93000030517578,96.94999694824219,96.93000030517578,96.94999694824219,420,0.0,0.0
2024-09-30 12:40:00-04:00,96.94999694824219,96.94999694824219,96.94999694824219,96.94999694824219,232,0.0,0.0
2024-09-30 12:45:00-04:00,96.95999908447266,96.95999908447266,96.79000091552734,96.81500244140625,2115,0.0,0.0
2024-09-30 13:05:00-04:00,96.9000015258789,96.91000366210938,96.9000015258789,96.91000366210938,587,0.0,0.0
2024-09-30 13:10:00-04:00,96.80999755859375,96.80999755859375,96.80999755859375,96.80999755859375,361,0.0,0.0
2024-09-30 13:15:00-04:00,96.88999938964844,96.91000366210938,96.87999725341797,96.91000366210938,1845,0.0,0.0
2024-09-30 13:20:00-04:00,97.12999725341797,97.12999725341797,97.12999725341797,97.12999725341797,538,0.0,0.0
2024-09-30 13:25:00-04:00,96.80999755859375,96.83999633789062,96.7699966430664,96.7699966430664,1857,0.0,0.0
2024-09-30 13:30:00-04:00,96.62000274658203,96.62000274658203,96.62000274658203,96.62000274658203,677,0.0,0.0
2024-09-30 13:40:00-04:00,96.72000122070312,96.7300033569336,96.72000122070312,96.72000122070312,1236,0.0,0.0
2024-09-30 13:45:00-04:00,96.94000244140625,96.94000244140625,96.72000122070312,96.72000122070312,1597,0.0,0.0
2024-09-30 13:55:00-04:00,96.55000305175781,96.55000305175781,96.55000305175781,96.55000305175781,497,0.0,0.0
2024-09-30 14:05:00-04:00,96.30999755859375,96.3550033569336,96.30000305175781,96.3550033569336,614,0.0,0.0
2024-09-30 14:10:00-04:00,96.3499984741211,96.3499984741211,96.13999938964844,96.19000244140625,965,0.0,0.0
2024-09-30 14:15:00-04:00,96.05000305175781,96.05000305175781,96.05000305175781,96.05000305175781,239,0.0,0.0
2024-09-30 14:20:00-04:00,96.05999755859375,96.05999755859375,95.7699966430664,95.7699966430664,1344,0.0,0.0
2024-09-30 14:25:00-04:00,95.94999694824219,95.95999908447266,95.91500091552734,95.94999694824219,1495,0.0,0.0
2024-09-30 14:30:00-04:00,95.92500305175781,96.18000030517578,95.92500305175781,96.12000274658203,1954,0.0,0.0
2024-09-30 14:35:00-04:00,96.25,96.25,96.25,96.25,471,0.0,0.0
2024-09-30 14:40:00-04:00,96.22000122070312,96.22000122070312,96.22000122070312,96.22000122070312,632,0.0,0.0
2024-09-30 14:45:00-04:00,96.4000015258789,96.4000015258789,96.4000015258789,96.4000015258789,406,0.0,0.0
2024-09-30 14:50:00-04:00,96.38999938964844,96.38999938964844,96.26000213623047,96.26499938964844,2483,0.0,0.0
2024-09-30 14:55:00-04:00,96.13500213623047,96.37999725341797,96.05000305175781,96.30500030517578,3866,0.0,0.0
2024-09-30 15:00:00-04:00,96.20999908447266,96.45999908447266,96.1500015258789,96.45999908447266,1818,0.0,0.0
2024-09-30 15:05:00-04:00,96.45999908447266,96.6449966430664,96.45999908447266,96.62999725341797,3080,0.0,0.0
2024-09-30 15:10:00-04:00,96.55999755859375,96.63999938964844,96.37999725341797,96.63999938964844,3707,0.0,0.0
2024-09-30 15:15:00-04:00,96.73999786376953,96.73999786376953,96.71499633789062,96.71499633789062,1021,0.0,0.0
2024-09-30 15:25:00-04:00,96.73999786376953,96.73999786376953,96.7239990234375,96.7239990234375,1481,0.0,0.0
2024-09-30 15:30:00-04:00,96.81999969482422,96.87999725341797,96.6050033569336,96.6050033569336,5896,0.0,0.0
2024-09-30 15:35:00-04:00,96.7300033569336,96.73999786376953,96.7300033569336,96.7300033569336,1319,0.0,0.0
2024-09-30 15:40:00-04:00,96.8499984741211,96.9000015258789,96.80000305175781,96.9000015258789,3983,0.0,0.0
2024-09-30 15:45:00-04:00,97.06999969482422,97.2300033569336,97.06500244140625,97.06500244140625,1636,0.0,0.0
2024-09-30 15:50:00-04:00,97.16999816894531,97.19999694824219,96.86000061035156,97.00499725341797,13829,0.0,0.0
2024-09-30 15:55:00-04:00,97.00499725341797,97.12000274658203,96.8499984741211,96.9800033569336,21475,0.0,0.0
2024-10-01 09:30:00-04:00,96.18000030517578,96.69999694824219,95.8550033569336,95.8550033569336,3509,0.0,0.0
2024-10-01 09:40:00-04:00,95.48999786376953,95.48999786376953,95.41000366210938,95.41000366210938,857,0.0,0.0
2024-10-01 09:50:00-04:00,94.99009704589844,95.3499984741211,94.69999694824219,95.3499984741211,9827,0.0,0.0
2024-10-01 09:55:00-04:00,95.4000015258789,95.4000015258789,95.4000015258789,95.4000015258789,716,0.0,0.0
2024-10-01 10:00:00-04:00,95.46499633789062,95.86000061035156,95.46499633789062,95.86000061035156,1084,0.0,0.0
2024-10-01 10:05:00-04:00,95.73999786376953,95.73999786376953,95.48999786376953,95.48999786376953,1928,0.0,0.0
2024-10-01 10:10:00-04:00,95.62000274658203,95.66000366210938,95.41999816894531,95.66000366210938,3272,0.0,0.0
2024-10-01 10:15:00-04:00,95.625,95.625,95.625,95.625,409,0.0,0.0
2024-10-01 10:20:00-04:00,95.83999633789062,96.01000213623047,95.83999633789062,95.9749984741211,2130,0.0,0.0
2024-10-01 10:25:00-04:00,96.05500030517578,96.05500030517578,95.62000274658203,95.62000274658203,1493,0.0,0.0
2024-10-01 10:30:00-04:00,95.69000244140625,95.69000244140625,95.41999816894531,95.63999938964844,1387,0.0,0.0
2024-10-01 10:35:00-04:00,95.7300033569336,95.7300033569336,95.7300033569336,95.7300033569336,1345,0.0,0.0
2024-10-01 10:45:00-04:00,95.66000366210938,95.66000366210938,95.61000061035156,95.61000061035156,1607,0.0,0.0
2024-10-01 10:50:00-04:00,95.81999969482422,95.81999969482422,95.71499633789062,95.71499633789062,1993,0.0,0.0
2024-10-01 10:55:00-04:00,95.94000244140625,96.45999908447266,95.94000244140625,96.45999908447266,3776,0.0,0.0
2024-10-01 11:00:00-04:00,96.44999694824219,96.62000274658203,96.33499908447266,96.38999938964844,5643,0.0,0.0
2024-10-01 11:05:00-04:00,96.3499984741211,96.44999694824219,96.21499633789062,96.3949966430664,9112,0.0,0.0
2024-10-01 11:10:00-04:00,96.41999816894531,96.58000183105469,96.37000274658203,96.58000183105469,1750,0.0,0.0
2024-10-01 11:15:00-04:00,96.4000015258789,96.4000015258789,96.38999938964844,96.38999938964844,287,0.0,0.0
2024-10-01 11:20:00-04:00,96.36000061035156,96.48500061035156,96.33000183105469,96.33999633789062,1609,0.0,0.0
2024-10-01 11:25:00-04:00,96.41000366210938,96.41000366210938,96.41000366210938,96.41000366210938,789,0.0,0.0
2024-10-01 11:30:00-04:00,96.66999816894531,96.66999816894531,96.46009826660156,96.46009826660156,646,0.0,0.0
2024-10-01 11:35:00-04:00,96.7300033569336,96.98999786376953,96.7300033569336,96.98999786376953,2004,0.0,0.0
2024-10-01 11:40:00-04:00,97.04000091552734,97.13999938964844,97.04000091552734,97.13999938964844,2986,0.0,0.0
2024-10-01 11:45:00-04:00,97.07499694824219,97.1500015258789,97.07499694824219,97.11499786376953,715,0.0,0.0
2024-10-01 11:50:00-04:00,97.09500122070312,97.23999786376953,97.09500122070312,97.23999786376953,997,0.0,0.0
2024-10-01 11:55:00-04:00,97.23999786376953,97.66000366210938,97.2354965209961,97.61000061035156,3208,0.0,0.0
2024-10-01 12:00:00-04:00,97.55999755859375,97.55999755859375,97.2300033569336,97.2300033569336,3552,0.0,0.0
2024-10-01 12:10:00-04:00,97.56999969482422,97.56999969482422,97.56999969482422,97.56999969482422,900,0.0,0.0
2024-10-01 12:15:00-04:00,97.62000274658203,98.2300033569336,97.52999877929688,98.13999938964844,11876,0.0,0.0
2024-10-01 12:20:00-04:00,97.97000122070312,98.01000213623047,97.75,97.95999908447266,8169,0.0,0.0
2024-10-01 12:25:00-04:00,97.95999908447266,98.02999877929688,97.8499984741211,97.94000244140625,70453,0.0,0.0
2024-10-01 12:30:00-04:00,97.8550033569336,98.0250015258789,97.8499984741211,98.0250015258789,9876,0.0,0.0
2024-10-01 12:35:00-04:00,97.94999694824219,98.16000366210938,97.94999694824219,98.0999984741211,17114,0.0,0.0
2024-10-01 12:40:00-04:00,98.16999816894531,98.65499877929688,97.91999816894531,98.61000061035156,36480,0.0,0.0
2024-10-01 12:45:00-04:00,98.61000061035156,98.61000061035156,98.5,98.50499725341797,9441,0.0,0.0
2024-10-01 12:50:00-04:00,98.6050033569336,98.62999725341797,97.93000030517578,97.93000030517578,39136,0.0,0.0
2024-10-01 12:55:00-04:00,97.8949966430664,97.8949966430664,97.87000274658203,97.87000274658203,1137,0.0,0.0
2024-10-01 13:00:00-04:00,97.86000061035156,97.86000061035156,97.7300033569336,97.83999633789062,893,0.0,0.0
2024-10-01 13:05:00-04:00,97.69000244140625,97.69000244140625,97.12999725341797,97.20999908447266,1963,0.0,0.0
2024-10-01 13:10:00-04:00,97.20999908447266,97.20999908447266,97.16999816894531,97.16999816894531,2702,0.0,0.0
2024-10-01 13:15:00-04:00,96.7249984741211,97.0,96.72000122070312,96.99500274658203,4584,0.0,0.0
2024-10-01 13:20:00-04:00,96.84500122070312,96.84500122070312,96.84500122070312,96.84500122070312,294,0.0,0.0
2024-10-01 13:30:00-04:00,96.79499816894531,96.79499816894531,96.79499816894531,96.79499816894531,534,0.0,0.0
2024-10-01 13:35:00-04:00,96.61000061035156,96.61000061035156,96.55000305175781,96.55000305175781,1666,0.0,0.0
2024-10-01 13:40:00-04:00,96.5,96.77999877929688,96.5,96.77999877929688,2311,0.0,0.0
2024-10-01 13:45:00-04:00,96.7750015258789,96.7750015258789,96.75,96.75,456,0.0,0.0
2024-10-01 13:50:00-04:00,96.75499725341797,96.75499725341797,96.75499725341797,96.75499725341797,107,0.0,0.0
2024-10-01 13:55:00-04:00,96.75,97.22000122070312,96.75,97.22000122070312,8747,0.0,0.0
2024-10-01 14:00:00-04:00,97.26000213623047,97.26000213623047,97.0,97.0,2702,0.0,0.0
2024-10-01 14:05:00-04:00,97.05500030517578,97.05500030517578,97.05500030517578,97.05500030517578,342,0.0,0.0
2024-10-01 14:10:00-04:00,97.1500015258789,97.1500015258789,97.06500244140625,97.06500244140625,683,0.0,0.0
2024-10-01 14:15:00-04:00,97.0,97.06500244140625,97.0,97.06500244140625,1124,0.0,0.0
2024-10-01 14:30:00-04:00,97.06500244140625,97.26499938964844,97.06500244140625,97.26499938964844,5090,0.0,0.0
2024-10-01 14:35:00-04:00,97.26499938964844,97.29000091552734,97.12999725341797,97.16500091552734,7375,0.0,0.0
2024-10-01 14:40:00-04:00,97.16999816894531,97.17500305175781,97.01000213623047,97.17500305175781,984,0.0,0.0
2024-10-01 14:45:00-04:00,97.01000213623047,97.12999725341797,96.95999908447266,96.97000122070312,1755,0.0,0.0
2024-10-01 14:50:00-04:00,96.80999755859375,96.83000183105469,96.78500366210938,96.78500366210938,1524,0.0,0.0
2024-10-01 14:55:00-04:00,96.78500366210938,96.78500366210938,96.70999908447266,96.73500061035156,1301,0.0,0.0
2024-10-01 15:00:00-04:00,96.69999694824219,96.95999908447266,96.69999694824219,96.95999908447266,2741,0.0,0.0
2024-10-01 15:05:00-04:00,96.95999908447266,96.99500274658203,96.95999908447266,96.99500274658203,1500,0.0,0.0
2024-10-01 15:10:00-04:00,96.8499984741211,96.88999938964844,96.72000122070312,96.72000122070312,2568,0.0,0.0
2024-10-01 15:15:00-04:00,96.61000061035156,96.69999694824219,96.48999786376953,96.48999786376953,1896,0.0,0.0
2024-10-01 15:20:00-04:00,96.48999786376953,96.5,96.31999969482422,96.38999938964844,3029,0.0,0.0
2024-10-01 15:25:00-04:00,96.33999633789062,96.33999633789062,96.0,96.26100158691406,8774,0.0,0.0
2024-10-01 15:30:00-04:00,96.33999633789062,96.33999633789062,96.13999938964844,96.13999938964844,3515,0.0,0.0
2024-10-01 15:35:00-04:00,96.12000274658203,96.47000122070312,96.0,96.38500213623047,5376,0.0,0.0
2024-10-01 15:40:00-04:00,96.44499969482422,96.44999694824219,96.3499984741211,96.3499984741211,2565,0.0,0.0
2024-10-01 15:45:00-04:00,96.33000183105469,96.55000305175781,96.24500274658203,96.55000305175781,2327,0.0,0.0
2024-10-01 15:50:00-04:00,96.52999877929688,96.68000030517578,96.33999633789062,96.68000030517578,4779,0.0,0.0
2024-10-01 15:55:00-04:00,96.69000244140625,96.73500061035156,96.43000030517578,96.55999755859375,18739,0.0,0.0
2024-10-02 09:30:00-04:00,95.91999816894531,96.1449966430664,95.91999816894531,96.1449966430664,1315,0.0,0.0
2024-10-02 09:35:00-04:00,95.8550033569336,95.94750213623047,95.08000183105469,95.08000183105469,3975,0.0,0.0
2024-10-02 09:40:00-04:00,95.18000030517578,95.37000274658203,95.11000061035156,95.11000061035156,1124,0.0,0.0
2024-10-02 09:50:00-04:00,95.73999786376953,95.8550033569336,95.66999816894531,95.8550033569336,6672,0.0,0.0
2024-10-02 09:55:00-04:00,95.79000091552734,95.91999816894531,95.68000030517578,95.91999816894531,1298,0.0,0.0
2024-10-02 10:00:00-04:00,95.91999816894531,95.91999816894531,95.63999938964844,95.63999938964844,673,0.0,0.0
2024-10-02 10:05:00-04:00,95.62000274658203,95.63999938964844,95.54000091552734,95.54000091552734,1883,0.0,0.0
2024-10-02 10:10:00-04:00,95.3499984741211,95.38999938964844,95.16999816894531,95.16999816894531,1762,0.0,0.0
2024-10-02 10:15:00-04:00,95.12000274658203,95.12000274658203,95.12000274658203,95.12000274658203,438,0.0,0.0
2024-10-02 10:20:00-04:00,95.12999725341797,95.12999725341797,94.81999969482422,94.81999969482422,1277,0.0,0.0
2024-10-02 10:30:00-04:00,94.93000030517578,95.1500015258789,94.88999938964844,95.05999755859375,1933,0.0,0.0
2024-10-02 10:35:00-04:00,94.86000061035156,94.86000061035156,94.81999969482422,94.81999969482422,672,0.0,0.0
2024-10-02 10:40:00-04:00,95.01000213623047,95.04000091552734,94.98999786376953,95.04000091552734,1724,0.0,0.0
2024-10-02 10:45:00-04:00,95.0999984741211,95.22000122070312,95.08999633789062,95.22000122070312,2370,0.0,0.0
2024-10-02 10:55:00-04:00,95.22000122070312,95.22000122070312,95.22000122070312,95.22000122070312,1640,0.0,0.0
2024-10-02 11:10:00-04:00,95.37000274658203,95.37000274658203,95.37000274658203,95.37000274658203,934,0.0,0.0
2024-10-02 11:20:00-04:00,95.16000366210938,95.16000366210938,95.05000305175781,95.05000305175781,1571,0.0,0.0
2024-10-02 11:25:00-04:00,94.98500061035156,94.98500061035156,94.98500061035156,94.98500061035156,462,0.0,0.0
2024-10-02 11:30:00-04:00,95.0199966430664,95.0199966430664,94.94000244140625,94.94000244140625,985,0.0,0.0
2024-10-02 11:35:00-04:00,94.80999755859375,94.81999969482422,94.79499816894531,94.81999969482422,1147,0.0,0.0
2024-10-02 11:40:00-04:00,94.92500305175781,95.04000091552734,94.92500305175781,95.0,2814,0.0,0.0
2024-10-02 11:45:00-04:00,95.0,95.0,95.0,95.0,638,0.0,0.0
2024-10-02 11:50:00-04:00,95.04000091552734,95.04000091552734,95.0,95.01000213623047,1011,0.0,0.0
2024-10-02 11:55:00-04:00,95.13999938964844,95.15499877929688,95.12999725341797,95.15499877929688,1076,0.0,0.0
2024-10-02 12:00:00-04:00,95.08999633789062,95.08999633789062,95.0,95.0,1549,0.0,0.0
2024-10-02 12:05:00-04:00,95.05999755859375,95.05999755859375,95.04000091552734,95.04000091552734,858,0.0,0.0
2024-10-02 12:10:00-04:00,95.19999694824219,95.19999694824219,95.19999694824219,95.19999694824219,273,0.0,0.0
2024-10-02 12:15:00-04:00,95.05999755859375,95.05999755859375,95.05999755859375,95.05999755859375,1408,0.0,0.0
2024-10-02 12:20:00-04:00,95.125,95.125,95.125,95.125,336,0.0,0.0
2024-10-02 12:25:00-04:00,95.16999816894531,95.16999816894531,95.06500244140625,95.06500244140625,1036,0.0,0.0
2024-10-02 12:35:00-04:00,95.0,95.08000183105469,94.95999908447266,95.07599639892578,1466,0.0,0.0
2024-10-02 12:40:00-04:00,95.18000030517578,95.19000244140625,95.1050033569336,95.19000244140625,2299,0.0,0.0
2024-10-02 12:55:00-04:00,95.2699966430664,95.37999725341797,95.25499725341797,95.37999725341797,4400,0.0,0.0
2024-10-02 13:05:00-04:00,95.31999969482422,95.5250015258789,95.31999969482422,95.4000015258789,11404,0.0,0.0
2024-10-02 13:10:00-04:00,95.48999786376953,95.48999786376953,95.36000061035156,95.36000061035156,1366,0.0,0.0
2024-10-02 13:15:00-04:00,95.5,95.54499816894531,95.5,95.54499816894531,1051,0.0,0.0
2024-10-02 13:20:00-04:00,95.54000091552734,95.7300033569336,95.5199966430664,95.7300033569336,3421,0.0,0.0
2024-10-02 13:25:00-04:00,95.95999908447266,95.95999908447266,95.83999633789062,95.83999633789062,1802,0.0,0.0
2024-10-02 13:30:00-04:00,95.8938980102539,95.8938980102539,95.8938980102539,95.8938980102539,931,0.0,0.0
2024-10-02 13:40:00-04:00,95.7699966430664,95.7699966430664,95.7699966430664,95.7699966430664,1388,0.0,0.0
2024-10-02 13:45:00-04:00,95.72039794921875,95.95500183105469,95.72039794921875,95.87999725341797,2786,0.0,0.0
2024-10-02 13:55:00-04:00,95.77999877929688,95.87000274658203,95.7699966430664,95.87000274658203,1028,0.0,0.0
2024-10-02 14:00:00-04:00,95.9000015258789,95.9000015258789,95.9000015258789,95.9000015258789,960,0.0,0.0
2024-10-02 14:05:00-04:00,95.8324966430664,95.8324966430664,95.83000183105469,95.83000183105469,387,0.0,0.0
2024-10-02 14:10:00-04:00,95.83000183105469,95.91999816894531,95.83000183105469,95.91999816894531,823,0.0,0.0
2024-10-02 14:15:00-04:00,95.95999908447266,96.0,95.86000061035156,96.0,5701,0.0,0.0
2024-10-02 14:20:00-04:00,95.95999908447266,96.01499938964844,95.95999908447266,95.97000122070312,984,0.0,0.0
2024-10-02 14:25:00-04:00,95.87000274658203,95.87000274658203,95.83000183105469,95.83000183105469,530,0.0,0.0
2024-10-02 14:30:00-04:00,95.93000030517578,95.93000030517578,95.93000030517578,95.93000030517578,985,0.0,0.0
2024-10-02 14:35:00-04:00,95.94000244140625,95.94000244140625,95.94000244140625,95.94000244140625,454,0.0,0.0
2024-10-02 14:40:00-04:00,95.93499755859375,95.93499755859375,95.93499755859375,95.93499755859375,514,0.0,0.0
2024-10-02 14:45:00-04:00,95.98999786376953,95.98999786376953,95.98999786376953,95.98999786376953,347,0.0,0.0
2024-10-02 14:50:00-04:00,96.0,96.05999755859375,96.0,96.0,2104,0.0,0.0
2024-10-02 14:55:00-04:00,95.94999694824219,95.94999694824219,95.94999694824219,95.94999694824219,651,0.0,0.0
2024-10-02 15:00:00-04:00,95.97000122070312,96.16000366210938,95.97000122070312,96.07499694824219,2111,0.0,0.0
2024-10-02 15:15:00-04:00,95.98999786376953,96.0,95.93000030517578,95.98999786376953,1948,0.0,0.0
2024-10-02 15:20:00-04:00,95.97000122070312,95.97000122070312,95.97000122070312,95.97000122070312,1161,0.0,0.0
2024-10-02 15:25:00-04:00,96.08999633789062,96.19499969482422,96.08999633789062,96.19499969482422,2758,0.0,0.0
2024-10-02 15:30:00-04:00,96.13999938964844,96.13999938964844,96.13999938964844,96.13999938964844,1284,0.0,0.0
2024-10-02 15:35:00-04:00,96.13500213623047,96.13500213623047,96.13500213623047,96.13500213623047,873,0.0,0.0
2024-10-02 15:40:00-04:00,96.16999816894531,96.30000305175781,96.12999725341797,96.30000305175781,4168,0.0,0.0
2024-10-02 15:45:00-04:00,96.36000061035156,96.43000030517578,96.36000061035156,96.37000274658203,4506,0.0,0.0
2024-10-02 15:50:00-04:00,96.44000244140625,96.5199966430664,96.22000122070312,96.43000030517578,11118,0.0,0.0
2024-10-02 15:55:00-04:00,96.45999908447266,96.48999786376953,95.97000122070312,96.05999755859375,45783,0.0,0.0
2024-10-03 09:30:00-04:00,96.11000061035156,96.81500244140625,96.11000061035156,96.81500244140625,4029,0.0,0.0
2024-10-03 09:40:00-04:00,96.29499816894531,96.29499816894531,96.29499816894531,96.29499816894531,100,0.0,0.0
2024-10-03 09:45:00-04:00,96.29499816894531,96.29499816894531,95.51499938964844,95.61000061035156,2382,0.0,0.0
2024-10-03 09:50:00-04:00,95.9000015258789,96.33999633789062,95.81999969482422,96.33999633789062,1833,0.0,0.0
2024-10-03 09:55:00-04:00,95.95500183105469,95.95500183105469,95.91999816894531,95.91999816894531,549,0.0,0.0
2024-10-03 10:00:00-04:00,95.95999908447266,96.23999786376953,95.87000274658203,96.08999633789062,2526,0.0,0.0
2024-10-03 10:05:00-04:00,96.05500030517578,96.08000183105469,95.94499969482422,95.97000122070312,1462,0.0,0.0
2024-10-03 10:10:00-04:00,95.95999908447266,95.95999908447266,95.66999816894531,95.66999816894531,2314,0.0,0.0
2024-10-03 10:15:00-04:00,95.78500366210938,95.78500366210938,95.78500366210938,95.78500366210938,850,0.0,0.0
2024-10-03 10:30:00-04:00,95.75,95.93800354003906,95.62000274658203,95.93800354003906,3611,0.0,0.0
2024-10-03 10:35:00-04:00,95.89099884033203,95.89099884033203,95.83000183105469,95.83000183105469,751,0.0,0.0
2024-10-03 10:40:00-04:00,95.55000305175781,95.61000061035156,95.41000366210938,95.41000366210938,1673,0.0,0.0
2024-10-03 10:45:00-04:00,95.4800033569336,95.70999908447266,95.44000244140625,95.70999908447266,2199,0.0,0.0
2024-10-03 10:50:00-04:00,95.91500091552734,96.09500122070312,95.91500091552734,96.09500122070312,844,0.0,0.0
2024-10-03 10:55:00-04:00,95.93000030517578,96.02999877929688,95.93000030517578,95.94000244140625,864,0.0,0.0
2024-10-03 11:05:00-04:00,95.80500030517578,95.80500030517578,95.80500030517578,95.80500030517578,571,0.0,0.0
2024-10-03 11:20:00-04:00,95.81999969482422,95.87000274658203,95.79499816894531,95.79499816894531,1295,0.0,0.0
2024-10-03 11:25:00-04:00,95.62999725341797,95.6500015258789,95.62000274658203,95.6500015258789,2257,0.0,0.0
2024-10-03 11:40:00-04:00,95.79000091552734,95.97000122070312,95.79000091552734,95.97000122070312,1025,0.0,0.0
2024-10-03 11:50:00-04:00,96.07499694824219,96.07499694824219,96.07499694824219,96.07499694824219,333,0.0,0.0
2024-10-03 11:55:00-04:00,96.1500015258789,96.19000244140625,96.1500015258789,96.1500015258789,1419,0.0,0.0
2024-10-03 12:00:00-04:00,96.12999725341797,96.12999725341797,96.12000274658203,96.12999725341797,772,0.0,0.0
2024-10-03 12:05:00-04:00,96.19000244140625,96.2300033569336,96.19000244140625,96.2300033569336,1180,0.0,0.0
2024-10-03 12:10:00-04:00,96.22000122070312,96.22000122070312,96.22000122070312,96.22000122070312,503,0.0,0.0
2024-10-03 12:15:00-04:00,96.1500015258789,96.1500015258789,96.1500015258789,96.1500015258789,375,0.0,0.0
2024-10-03 12:25:00-04:00,96.02999877929688,96.12000274658203,95.87999725341797,95.87999725341797,2888,0.0,0.0
2024-10-03 12:30:00-04:00,95.91500091552734,95.91500091552734,95.80999755859375,95.80999755859375,370,0.0,0.0
2024-10-03 12:35:00-04:00,95.79499816894531,95.87999725341797,95.68499755859375,95.87999725341797,4495,0.0,0.0
2024-10-03 12:40:00-04:00,95.82499694824219,95.82499694824219,95.76499938964844,95.76499938964844,1632,0.0,0.0
2024-10-03 12:45:00-04:00,95.66500091552734,95.66500091552734,95.66500091552734,95.66500091552734,633,0.0,0.0
2024-10-03 12:50:00-04:00,95.73999786376953,95.76000213623047,95.73999786376953,95.76000213623047,1222,0.0,0.0
2024-10-03 12:55:00-04:00,95.63999938964844,95.80999755859375,95.63999938964844,95.68000030517578,1307,0.0,0.0
2024-10-03 13:00:00-04:00,95.76000213623047,95.79000091552734,95.66500091552734,95.66500091552734,1561,0.0,0.0
2024-10-03 13:05:00-04:00,95.67749786376953,95.67749786376953,95.55000305175781,95.55000305175781,1698,0.0,0.0
2024-10-03 13:10:00-04:00,95.54000091552734,95.7300033569336,95.52999877929688,95.7300033569336,2242,0.0,0.0
2024-10-03 13:15:00-04:00,95.69499969482422,95.69499969482422,95.69499969482422,95.69499969482422,460,0.0,0.0
2024-10-03 13:25:00-04:00,95.94000244140625,95.94000244140625,95.71499633789062,95.71499633789062,1343,0.0,0.0
2024-10-03 13:30:00-04:00,95.65499877929688,95.76000213623047,95.65499877929688,95.76000213623047,905,0.0,0.0
2024-10-03 13:35:00-04:00,95.7573013305664,95.7573013305664,95.6500015258789,95.6500015258789,1048,0.0,0.0
2024-10-03 13:45:00-04:00,95.73999786376953,95.91999816894531,95.73999786376953,95.91999816894531,917,0.0,0.0
2024-10-03 13:50:00-04:00,95.88999938964844,96.0999984741211,95.88999938964844,96.0999984741211,3008,0.0,0.0
2024-10-03 14:00:00-04:00,96.03060150146484,96.03060150146484,95.95999908447266,95.95999908447266,1274,0.0,0.0
2024-10-03 14:05:00-04:00,95.98999786376953,96.08499908447266,95.94999694824219,96.08499908447266,4112,0.0,0.0
2024-10-03 14:10:00-04:00,96.12000274658203,96.19000244140625,96.12000274658203,96.16999816894531,1472,0.0,0.0
2024-10-03 14:15:00-04:00,96.19999694824219,96.41000366210938,96.19999694824219,96.41000366210938,1200,0.0,0.0
2024-10-03 14:20:00-04:00,96.36000061035156,96.51000213623047,96.3499984741211,96.41000366210938,5275,0.0,0.0
2024-10-03 14:25:00-04:00,96.56999969482422,96.58999633789062,96.49500274658203,96.52999877929688,2484,0.0,0.0
2024-10-03 14:35:00-04:00,96.49500274658203,96.56999969482422,96.49500274658203,96.5199966430664,1522,0.0,0.0
2024-10-03 14:40:00-04:00,96.5199966430664,96.5250015258789,96.47000122070312,96.5250015258789,880,0.0,0.0
2024-10-03 14:45:00-04:00,96.4800033569336,96.4800033569336,96.41000366210938,96.41000366210938,2224,0.0,0.0
2024-10-03 14:50:00-04:00,96.45999908447266,96.47000122070312,96.45999908447266,96.45999908447266,1445,0.0,0.0
2024-10-03 14:55:00-04:00,96.41999816894531,96.48999786376953,96.31999969482422,96.38999938964844,2065,0.0,0.0
2024-10-03 15:00:00-04:00,96.30000305175781,96.6500015258789,96.23500061035156,96.6500015258789,9024,0.0,0.0
2024-10-03 15:05:00-04:00,96.61000061035156,96.76000213623047,96.58000183105469,96.66999816894531,4665,0.0,0.0
2024-10-03 15:10:00-04:00,96.70500183105469,97.01000213623047,96.66999816894531,97.01000213623047,5367,0.0,0.0
2024-10-03 15:15:00-04:00,97.0,97.02999877929688,96.97000122070312,96.98500061035156,6446,0.0,0.0
2024-10-03 15:20:00-04:00,97.0,97.01000213623047,96.87999725341797,96.91000366210938,4727,0.0,0.0
2024-10-03 15:25:00-04:00,96.91000366210938,96.91999816894531,96.875,96.91000366210938,2920,0.0,0.0
2024-10-03 15:30:00-04:00,96.91000366210938,96.98999786376953,96.56500244140625,96.98500061035156,16894,0.0,0.0
2024-10-03 15:35:00-04:00,97.01000213623047,97.05000305175781,96.95099639892578,97.00499725341797,3748,0.0,0.0
2024-10-03 15:40:00-04:00,97.01100158691406,97.12000274658203,96.91999816894531,96.93000030517578,13264,0.0,0.0
2024-10-03 15:45:00-04:00,96.93000030517578,97.04000091552734,96.93000030517578,97.04000091552734,8651,0.0,0.0
2024-10-03 15:50:00-04:00,97.06999969482422,97.25,97.04000091552734,97.04499816894531,15336,0.0,0.0
2024-10-03 15:55:00-04:00,97.08999633789062,97.08999633789062,96.9000015258789,97.0,47918,0.0,0.0
2024-10-04 09:30:00-04:00,97.91000366210938,97.91000366210938,97.78500366210938,97.78500366210938,1337,0.0,0.0
2024-10-04 09:40:00-04:00,97.87000274658203,98.0,97.87000274658203,97.9800033569336,946,0.0,0.0
2024-10-04 09:45:00-04:00,97.9000015258789,98.1500015258789,97.9000015258789,98.1500015258789,346,0.0,0.0
2024-10-04 09:50:00-04:00,97.8949966430664,98.0999984741211,97.8949966430664,98.05999755859375,1811,0.0,0.0
2024-10-04 09:55:00-04:00,97.8949966430664,98.75,97.8949966430664,98.75,2788,0.0,0.0
2024-10-04 10:00:00-04:00,98.43000030517578,98.43000030517578,98.43000030517578,98.43000030517578,641,0.0,0.0
2024-10-04 10:05:00-04:00,98.05999755859375,98.05999755859375,98.05000305175781,98.05000305175781,1223,0.0,0.0
2024-10-04 10:10:00-04:00,97.94999694824219,98.26000213623047,97.94999694824219,98.2300033569336,2884,0.0,0.0
2024-10-04 10:15:00-04:00,98.30000305175781,98.30000305175781,98.30000305175781,98.30000305175781,162,0.0,0.0
2024-10-04 10:20:00-04:00,98.12000274658203,98.12000274658203,97.93499755859375,97.93499755859375,1911,0.0,0.0
2024-10-04 10:25:00-04:00,97.90499877929688,97.98999786376953,97.80500030517578,97.80500030517578,1906,0.0,0.0
2024-10-04 10:30:00-04:00,97.95999908447266,98.01000213623047,97.81500244140625,98.0,2273,0.0,0.0
2024-10-04 10:35:00-04:00,97.8270034790039,97.91000366210938,97.8270034790039,97.91000366210938,433,0.0,0.0
2024-10-04 10:45:00-04:00,97.7300033569336,97.83000183105469,97.69000244140625,97.83000183105469,1341,0.0,0.0
2024-10-04 10:50:00-04:00,97.79499816894531,97.91500091552734,97.68000030517578,97.91500091552734,2439,0.0,0.0
2024-10-04 10:55:00-04:00,97.87999725341797,97.87999725341797,97.83999633789062,97.86000061035156,872,0.0,0.0
2024-10-04 11:05:00-04:00,97.81999969482422,97.91500091552734,97.81999969482422,97.91500091552734,1065,0.0,0.0
2024-10-04 11:10:00-04:00,97.86499786376953,97.86499786376953,97.86499786376953,97.86499786376953,155,0.0,0.0
2024-10-04 11:15:00-04:00,97.78500366210938,97.83999633789062,97.752197265625,97.83999633789062,792,0.0,0.0
2024-10-04 11:20:00-04:00,97.80999755859375,97.86000061035156,97.62000274658203,97.77999877929688,2683,0.0,0.0
2024-10-04 11:25:00-04:00,97.78279876708984,97.78279876708984,97.77999877929688,97.77999877929688,337,0.0,0.0
2024-10-04 11:35:00-04:00,97.62999725341797,97.76000213623047,97.62879943847656,97.76000213623047,578,0.0,0.0
2024-10-04 11:40:00-04:00,97.91999816894531,97.9800033569336,97.80000305175781,97.9800033569336,1345,0.0,0.0
2024-10-04 11:50:00-04:00,97.88500213623047,97.88500213623047,97.76499938964844,97.86499786376953,2055,0.0,0.0
2024-10-04 11:55:00-04:00,97.7699966430664,97.86499786376953,97.7699966430664,97.86499786376953,591,0.0,0.0
2024-10-04 12:00:00-04:00,97.7300033569336,97.76000213623047,97.70999908447266,97.76000213623047,992,0.0,0.0
2024-10-04 12:05:00-04:00,97.58000183105469,97.80000305175781,97.58000183105469,97.69999694824219,2287,0.0,0.0
2024-10-04 12:20:00-04:00,97.5,97.69999694824219,97.5,97.63500213623047,3109,0.0,0.0
2024-10-04 12:30:00-04:00,97.5250015258789,97.63500213623047,97.4800033569336,97.4800033569336,1005,0.0,0.0
2024-10-04 12:35:00-04:00,97.5199966430664,97.69000244140625,97.5199966430664,97.69000244140625,1508,0.0,0.0
2024-10-04 12:40:00-04:00,97.67500305175781,97.70999908447266,97.67500305175781,97.67500305175781,1092,0.0,0.0
2024-10-04 12:45:00-04:00,97.79000091552734,97.80999755859375,97.79000091552734,97.80999755859375,911,0.0,0.0
2024-10-04 12:50:00-04:00,97.75,97.80000305175781,97.75,97.80000305175781,526,0.0,0.0
2024-10-04 12:55:00-04:00,97.80000305175781,97.88999938964844,97.80000305175781,97.88999938964844,1182,0.0,0.0
2024-10-04 13:00:00-04:00,97.91999816894531,97.97000122070312,97.91999816894531,97.97000122070312,489,0.0,0.0
2024-10-04 13:05:00-04:00,97.9000015258789,98.0,97.9000015258789,97.94999694824219,773,0.0,0.0
2024-10-04 13:10:00-04:00,97.91000366210938,97.91000366210938,97.83000183105469,97.91000366210938,632,0.0,0.0
2024-10-04 13:15:00-04:00,97.88999938964844,97.88999938964844,97.88999938964844,97.88999938964844,156,0.0,0.0
2024-10-04 13:20:00-04:00,97.88999938964844,97.9800033569336,97.88999938964844,97.94999694824219,1526,0.0,0.0
2024-10-04 13:25:00-04:00,97.83999633789062,97.91000366210938,97.83999633789062,97.8949966430664,624,0.0,0.0
2024-10-04 13:30:00-04:00,97.94000244140625,98.02999877929688,97.94000244140625,98.01499938964844,1562,0.0,0.0
2024-10-04 13:35:00-04:00,97.88999938964844,97.94999694824219,97.69000244140625,97.94999694824219,4036,0.0,0.0
2024-10-04 13:40:00-04:00,97.7699966430664,97.88500213623047,97.7699966430664,97.88500213623047,615,0.0,0.0
2024-10-04 13:45:00-04:00,97.9000015258789,97.9000015258789,97.9000015258789,97.9000015258789,350,0.0,0.0
2024-10-04 13:50:00-04:00,97.90499877929688,97.90499877929688,97.7300033569336,97.80000305175781,2099,0.0,0.0
2024-10-04 13:55:00-04:00,97.70500183105469,97.75,97.70500183105469,97.75,565,0.0,0.0
2024-10-04 14:00:00-04:00,97.70500183105469,97.70500183105469,97.70500183105469,97.70500183105469,230,0.0,0.0
2024-10-04 14:05:00-04:00,97.68000030517578,97.94000244140625,97.68000030517578,97.82499694824219,2484,0.0,0.0
2024-10-04 14:10:00-04:00,97.75,97.81999969482422,97.75,97.81999969482422,502,0.0,0.0
2024-10-04 14:15:00-04:00,97.73500061035156,97.73500061035156,97.73500061035156,97.73500061035156,403,0.0,0.0
2024-10-04 14:20:00-04:00,97.76499938964844,97.83999633789062,97.76499938964844,97.83999633789062,406,0.0,0.0
2024-10-04 14:25:00-04:00,97.87000274658203,97.88999938964844,97.87000274658203,97.87000274658203,745,0.0,0.0
2024-10-04 14:30:00-04:00,97.7699966430664,97.83000183105469,97.75499725341797,97.83000183105469,1346,0.0,0.0
2024-10-04 14:35:00-04:00,97.76499938964844,97.83000183105469,97.75,97.81999969482422,1268,0.0,0.0
2024-10-04 14:40:00-04:00,97.83000183105469,97.91999816894531,97.83000183105469,97.88999938964844,2210,0.0,0.0
2024-10-04 14:45:00-04:00,97.86499786376953,97.86499786376953,97.76899719238281,97.86499786376953,1073,0.0,0.0
2024-10-04 14:55:00-04:00,97.80000305175781,97.94999694824219,97.80000305175781,97.94999694824219,3171,0.0,0.0
2024-10-04 15:00:00-04:00,97.81999969482422,97.87999725341797,97.80000305175781,97.80000305175781,938,0.0,0.0
2024-10-04 15:05:00-04:00,97.80500030517578,97.80500030517578,97.80500030517578,97.80500030517578,547,0.0,0.0
2024-10-04 15:10:00-04:00,97.76000213623047,97.82499694824219,97.76000213623047,97.82499694824219,852,0.0,0.0
2024-10-04 15:15:00-04:00,97.7699966430664,97.88999938964844,97.7699966430664,97.80000305175781,1452,0.0,0.0
2024-10-04 15:20:00-04:00,97.76000213623047,97.9800033569336,97.76000213623047,97.9800033569336,3493,0.0,0.0
2024-10-04 15:25:00-04:00,98.0199966430664,98.04000091552734,97.98999786376953,98.0199966430664,987,0.0,0.0
2024-10-04 15:30:00-04:00,97.9800033569336,98.04000091552734,97.9800033569336,98.04000091552734,1799,0.0,0.0
2024-10-04 15:35:00-04:00,98.00499725341797,98.04000091552734,97.93499755859375,98.04000091552734,3172,0.0,0.0
2024-10-04 15:40:00-04:00,98.04000091552734,98.08000183105469,98.01000213623047,98.01000213623047,2775,0.0,0.0
2024-10-04 15:45:00-04:00,97.9000015258789,98.05999755859375,97.87000274658203,98.05999755859375,4152,0.0,0.0
2024-10-04 15:50:00-04:00,98.0199966430664,98.12000274658203,98.01000213623047,98.1050033569336,5578,0.0,0.0
2024-10-04 15:55:00-04:00,98.0999984741211,98.34500122070312,98.0,98.18000030517578,13381,0.0,0.0
2024-10-07 09:30:00-04:00,97.5999984741211,97.5999984741211,97.5999984741211,97.5999984741211,1369,0.0,0.0
2024-10-07 09:40:00-04:00,97.41000366210938,97.5,97.41000366210938,97.48999786376953,991,0.0,0.0
2024-10-07 09:50:00-04:00,97.13500213623047,97.13500213623047,97.13500213623047,97.13500213623047,835,0.0,0.0
2024-10-07 09:55:00-04:00,96.83000183105469,96.83000183105469,96.72000122070312,96.72000122070312,973,0.0,0.0
2024-10-07 10:00:00-04:00,96.9800033569336,97.19000244140625,96.9800033569336,97.19000244140625,1611,0.0,0.0
2024-10-07 10:10:00-04:00,96.95999908447266,96.95999908447266,96.95999908447266,96.95999908447266,427,0.0,0.0
2024-10-07 10:15:00-04:00,96.98999786376953,96.98999786376953,96.71499633789062,96.98999786376953,1345,0.0,0.0
2024-10-07 10:30:00-04:00,96.6050033569336,96.83000183105469,96.6050033569336,96.80000305175781,2043,0.0,0.0
2024-10-07 10:35:00-04:00,96.80000305175781,97.0,96.80000305175781,96.98999786376953,2035,0.0,0.0
2024-10-07 10:50:00-04:00,96.79000091552734,97.19999694824219,96.73999786376953,96.79000091552734,2056,0.0,0.0
2024-10-07 10:55:00-04:00,96.80999755859375,96.80999755859375,96.73999786376953,96.73999786376953,977,0.0,0.0
2024-10-07 11:05:00-04:00,96.4800033569336,96.56500244140625,96.4800033569336,96.56500244140625,725,0.0,0.0
2024-10-07 11:10:00-04:00,96.69000244140625,96.79000091552734,96.69000244140625,96.79000091552734,1540,0.0,0.0
2024-10-07 11:15:00-04:00,96.87999725341797,96.87999725341797,96.87999725341797,96.87999725341797,634,0.0,0.0
2024-10-07 11:20:00-04:00,96.9000015258789,96.98999786376953,96.73500061035156,96.98999786376953,652,0.0,0.0
2024-10-07 11:30:00-04:00,96.76000213623047,96.7699966430664,96.70999908447266,96.7699966430664,1347,0.0,0.0
2024-10-07 11:35:00-04:00,96.83000183105469,96.83999633789062,96.68250274658203,96.83000183105469,1137,0.0,0.0
2024-10-07 11:40:00-04:00,96.81999969482422,96.9800033569336,96.81999969482422,96.9800033569336,301,0.0,0.0
2024-10-07 11:45:00-04:00,96.80999755859375,96.80999755859375,96.80999755859375,96.80999755859375,297,0.0,0.0
2024-10-07 11:50:00-04:00,96.58999633789062,96.68000030517578,96.58999633789062,96.68000030517578,990,0.0,0.0
2024-10-07 11:55:00-04:00,96.72000122070312,96.72000122070312,96.72000122070312,96.72000122070312,1203,0.0,0.0
2024-10-07 12:05:00-04:00,96.69499969482422,96.83999633789062,96.69499969482422,96.73249816894531,567,0.0,0.0
2024-10-07 12:10:00-04:00,96.73999786376953,96.73999786376953,96.73999786376953,96.73999786376953,227,0.0,0.0
2024-10-07 12:15:00-04:00,96.71499633789062,96.86000061035156,96.5999984741211,96.5999984741211,1422,0.0,0.0
2024-10-07 12:35:00-04:00,96.7699966430664,96.7699966430664,96.7699966430664,96.7699966430664,238,0.0,0.0
2024-10-07 12:40:00-04:00,96.70999908447266,97.04000091552734,96.70999908447266,96.98500061035156,5226,0.0,0.0
2024-10-07 12:45:00-04:00,96.98500061035156,97.07499694824219,96.98500061035156,97.07499694824219,848,0.0,0.0
2024-10-07 12:55:00-04:00,97.19000244140625,97.20999908447266,97.02999877929688,97.20999908447266,991,0.0,0.0
2024-10-07 13:00:00-04:00,97.23999786376953,97.23999786376953,97.0,97.08999633789062,1781,0.0,0.0
2024-10-07 13:05:00-04:00,96.9749984741211,96.9749984741211,96.9749984741211,96.9749984741211,504,0.0,0.0
2024-10-07 13:10:00-04:00,97.0,97.01000213623047,96.95500183105469,96.95500183105469,917,0.0,0.0
2024-10-07 13:15:00-04:00,96.95500183105469,97.02999877929688,96.94750213623047,96.95500183105469,1745,0.0,0.0
2024-10-07 13:20:00-04:00,97.02999877929688,97.02999877929688,96.875,96.93499755859375,1779,0.0,0.0
2024-10-07 13:25:00-04:00,96.83000183105469,96.91999816894531,96.83000183105469,96.875,1566,0.0,0.0
2024-10-07 13:30:00-04:00,96.78500366210938,96.81999969482422,96.78500366210938,96.81999969482422,878,0.0,0.0
2024-10-07 13:35:00-04:00,96.92500305175781,96.9800033569336,96.92500305175781,96.9800033569336,768,0.0,0.0
2024-10-07 13:45:00-04:00,96.9800033569336,96.9800033569336,96.9800033569336,96.9800033569336,309,0.0,0.0
2024-10-07 13:55:00-04:00,97.01000213623047,97.01000213623047,96.97000122070312,96.97000122070312,603,0.0,0.0
2024-10-07 14:00:00-04:00,96.91999816894531,96.91999816894531,96.88500213623047,96.88500213623047,373,0.0,0.0
2024-10-07 14:05:00-04:00,96.93000030517578,96.93000030517578,96.93000030517578,96.93000030517578,531,0.0,0.0
2024-10-07 14:10:00-04:00,96.93000030517578,97.18000030517578,96.91000366210938,96.94999694824219,2397,0.0,0.0
2024-10-07 14:15:00-04:00,96.9800033569336,96.9800033569336,96.9800033569336,96.9800033569336,758,0.0,0.0
2024-10-07 14:25:00-04:00,96.91999816894531,96.91999816894531,96.875,96.875,252,0.0,0.0
2024-10-07 14:30:00-04:00,96.87000274658203,97.17500305175781,96.80000305175781,97.12999725341797,5953,0.0,0.0
2024-10-07 14:40:00-04:00,97.08000183105469,97.08000183105469,96.91999816894531,96.91999816894531,3868,0.0,0.0
2024-10-07 14:45:00-04:00,96.80500030517578,96.80500030517578,96.54000091552734,96.54000091552734,3448,0.0,0.0
2024-10-07 14:50:00-04:00,96.62999725341797,96.69000244140625,96.51000213623047,96.61000061035156,2936,0.0,0.0
2024-10-07 14:55:00-04:00,96.66000366210938,96.66000366210938,96.44999694824219,96.44999694824219,1381,0.0,0.0
2024-10-07 15:00:00-04:00,96.54000091552734,96.54000091552734,96.47000122070312,96.49500274658203,1371,0.0,0.0
2024-10-07 15:05:00-04:00,96.54000091552734,96.72000122070312,96.54000091552734,96.70999908447266,2634,0.0,0.0
2024-10-07 15:10:00-04:00,96.6500015258789,96.6500015258789,96.62999725341797,96.62999725341797,705,0.0,0.0
2024-10-07 15:15:00-04:00,96.5199966430664,96.66999816894531,96.48999786376953,96.48999786376953,1641,0.0,0.0
2024-10-07 15:20:00-04:00,96.5199966430664,96.5199966430664,96.4800033569336,96.4800033569336,907,0.0,0.0
2024-10-07 15:25:00-04:00,96.43000030517578,96.5989990234375,96.43000030517578,96.45999908447266,1952,0.0,0.0
2024-10-07 15:30:00-04:00,96.43000030517578,96.5989990234375,96.43000030517578,96.51000213623047,8615,0.0,0.0
2024-10-07 15:35:00-04:00,96.55000305175781,96.5989990234375,96.54000091552734,96.58999633789062,2483,0.0,0.0
2024-10-07 15:40:00-04:00,96.62999725341797,96.71600341796875,96.5999984741211,96.5999984741211,992,0.0,0.0
2024-10-07 15:45:00-04:00,96.70999908447266,96.74500274658203,96.69999694824219,96.69999694824219,1518,0.0,0.0
2024-10-07 15:50:00-04:00,96.70999908447266,96.75,96.58999633789062,96.66500091552734,8985,0.0,0.0
2024-10-07 15:55:00-04:00,96.73999786376953,96.98999786376953,96.51000213623047,96.76000213623047,24997,0.0,0.0
2024-10-08 09:30:00-04:00,97.20999908447266,97.375,96.94499969482422,97.375,1286,0.0,0.0
2024-10-08 09:50:00-04:00,96.43000030517578,96.43000030517578,96.43000030517578,96.43000030517578,525,0.0,0.0
2024-10-08 09:55:00-04:00,96.33999633789062,96.62999725341797,96.33999633789062,96.62999725341797,892,0.0,0.0
2024-10-08 10:00:00-04:00,96.45999908447266,96.58000183105469,96.31999969482422,96.58000183105469,1709,0.0,0.0
2024-10-08 10:05:00-04:00,96.375,96.375,96.375,96.375,218,0.0,0.0
2024-10-08 10:10:00-04:00,96.30500030517578,96.62000274658203,96.13500213623047,96.13500213623047,5290,0.0,0.0
2024-10-08 10:15:00-04:00,96.12999725341797,96.36000061035156,96.12999725341797,96.31500244140625,1017,0.0,0.0
2024-10-08 10:20:00-04:00,96.5,96.61000061035156,96.45249938964844,96.45999908447266,1236,0.0,0.0
2024-10-08 10:25:00-04:00,96.56999969482422,96.81999969482422,96.56999969482422,96.81999969482422,1975,0.0,0.0
2024-10-08 10:30:00-04:00,96.69100189208984,96.91000366210938,96.69100189208984,96.78500366210938,1020,0.0,0.0
2024-10-08 10:40:00-04:00,96.87000274658203,96.95999908447266,96.63999938964844,96.91999816894531,4868,0.0,0.0
2024-10-08 10:45:00-04:00,97.0999984741211,97.2699966430664,97.0999984741211,97.25,596,0.0,0.0
2024-10-08 10:50:00-04:00,97.20500183105469,97.38999938964844,97.20500183105469,97.38999938964844,1572,0.0,0.0
2024-10-08 10:55:00-04:00,97.12000274658203,97.38999938964844,97.0199966430664,97.38999938964844,1299,0.0,0.0
2024-10-08 11:00:00-04:00,97.05000305175781,97.05000305175781,97.05000305175781,97.05000305175781,329,0.0,0.0
2024-10-08 11:10:00-04:00,97.0199966430664,97.0199966430664,96.94999694824219,96.94999694824219,1084,0.0,0.0
2024-10-08 11:15:00-04:00,96.98999786376953,96.98999786376953,96.98999786376953,96.98999786376953,268,0.0,0.0
2024-10-08 11:20:00-04:00,96.98999786376953,97.02999877929688,96.98999786376953,97.02999877929688,716,0.0,0.0
2024-10-08 11:25:00-04:00,97.0999984741211,97.18000030517578,97.0999984741211,97.18000030517578,573,0.0,0.0
2024-10-08 11:30:00-04:00,96.80999755859375,96.80999755859375,96.80999755859375,96.80999755859375,107,0.0,0.0
2024-10-08 11:35:00-04:00,96.80500030517578,96.80500030517578,96.56999969482422,96.56999969482422,541,0.0,0.0
2024-10-08 11:40:00-04:00,96.79499816894531,96.79499816894531,96.79499816894531,96.79499816894531,229,0.0,0.0
2024-10-08 11:50:00-04:00,96.58999633789062,96.6500015258789,96.58999633789062,96.6500015258789,265,0.0,0.0
2024-10-08 11:55:00-04:00,96.81999969482422,96.9800033569336,96.81500244140625,96.97000122070312,1024,0.0,0.0
2024-10-08 12:05:00-04:00,97.0199966430664,97.0199966430664,96.6884994506836,96.6884994506836,523,0.0,0.0
2024-10-08 12:10:00-04:00,96.84500122070312,96.9800033569336,96.67009735107422,96.97000122070312,1062,0.0,0.0
2024-10-08 12:15:00-04:00,96.78500366210938,96.78500366210938,96.78500366210938,96.78500366210938,240,0.0,0.0
2024-10-08 12:20:00-04:00,96.9000015258789,97.08999633789062,96.88999938964844,97.08999633789062,1422,0.0,0.0
2024-10-08 12:35:00-04:00,96.96759796142578,97.0,96.96759796142578,97.0,964,0.0,0.0
2024-10-08 12:55:00-04:00,96.8499984741211,97.0,96.83999633789062,97.0,2692,0.0,0.0
2024-10-08 13:00:00-04:00,96.9749984741211,96.98500061035156,96.9749984741211,96.98500061035156,292,0.0,0.0
2024-10-08 13:05:00-04:00,96.98999786376953,96.98999786376953,96.98999786376953,96.98999786376953,628,0.0,0.0
2024-10-08 13:10:00-04:00,96.91500091552734,96.91500091552734,96.91500091552734,96.91500091552734,155,0.0,0.0
2024-10-08 13:15:00-04:00,96.83000183105469,97.0199966430664,96.79499816894531,97.0199966430664,2456,0.0,0.0
2024-10-08 13:20:00-04:00,96.99500274658203,96.99500274658203,96.99500274658203,96.99500274658203,847,0.0,0.0
2024-10-08 13:25:00-04:00,97.02999877929688,97.02999877929688,97.02999877929688,97.02999877929688,601,0.0,0.0
2024-10-08 13:35:00-04:00,97.0199966430664,97.0199966430664,96.95999908447266,96.95999908447266,713,0.0,0.0
2024-10-08 13:50:00-04:00,96.93499755859375,96.93499755859375,96.86000061035156,96.86000061035156,402,0.0,0.0
2024-10-08 13:55:00-04:00,97.02999877929688,97.05500030517578,97.02999877929688,97.05500030517578,1268,0.0,0.0
2024-10-08 14:05:00-04:00,97.06500244140625,97.09500122070312,97.06500244140625,97.09500122070312,913,0.0,0.0
2024-10-08 14:10:00-04:00,97.05439758300781,97.05439758300781,97.05439758300781,97.05439758300781,450,0.0,0.0
2024-10-08 14:15:00-04:00,97.05500030517578,97.05500030517578,96.97000122070312,97.04499816894531,2085,0.0,0.0
2024-10-08 14:30:00-04:00,96.91999816894531,96.94000244140625,96.91000366210938,96.94000244140625,1490,0.0,0.0
2024-10-08 14:40:00-04:00,97.0,97.06999969482422,96.93000030517578,97.05000305175781,3219,0.0,0.0
2024-10-08 14:45:00-04:00,97.12439727783203,97.12439727783203,96.98999786376953,96.98999786376953,1580,0.0,0.0
2024-10-08 14:50:00-04:00,96.9800033569336,96.9800033569336,96.91500091552734,96.91500091552734,1295,0.0,0.0
2024-10-08 14:55:00-04:00,96.97000122070312,97.0199966430664,96.91500091552734,97.0199966430664,1298,0.0,0.0
2024-10-08 15:00:00-04:00,97.0,97.0,97.0,97.0,737,0.0,0.0
2024-10-08 15:10:00-04:00,97.05000305175781,97.16999816894531,97.05000305175781,97.16999816894531,1747,0.0,0.0
2024-10-08 15:15:00-04:00,97.11000061035156,97.13500213623047,97.02999877929688,97.06500244140625,1595,0.0,0.0
2024-10-08 15:25:00-04:00,96.93000030517578,96.93000030517578,96.93000030517578,96.93000030517578,273,0.0,0.0
2024-10-08 15:30:00-04:00,96.91000366210938,96.91000366210938,96.9000015258789,96.9000015258789,584,0.0,0.0
2024-10-08 15:35:00-04:00,96.88999938964844,97.05999755859375,96.88500213623047,97.05999755859375,2674,0.0,0.0
2024-10-08 15:40:00-04:00,97.0,97.125,97.0,97.08000183105469,2194,0.0,0.0
2024-10-08 15:45:00-04:00,97.0,97.08999633789062,96.99500274658203,97.08999633789062,1217,0.0,0.0
2024-10-08 15:50:00-04:00,97.12999725341797,97.1500015258789,96.9800033569336,96.98999786376953,4378,0.0,0.0
2024-10-08 15:55:00-04:00,96.94999694824219,96.94999694824219,96.51000213623047,96.51000213623047,25491,0.0,0.0
2024-10-09 09:30:00-04:00,96.70999908447266,96.70999908447266,95.83000183105469,95.83000183105469,1321,0.0,0.0
2024-10-09 09:45:00-04:00,96.88999938964844,97.23999786376953,96.7699966430664,97.23999786376953,2858,0.0,0.0
2024-10-09 09:50:00-04:00,97.33999633789062,97.33999633789062,97.26000213623047,97.26000213623047,404,0.0,0.0
2024-10-09 09:55:00-04:00,97.51000213623047,97.51000213623047,97.4000015258789,97.4000015258789,332,0.0,0.0
2024-10-09 10:00:00-04:00,97.36000061035156,97.36000061035156,97.30999755859375,97.30999755859375,1293,0.0,0.0
2024-10-09 10:05:00-04:00,97.30999755859375,97.30999755859375,97.30999755859375,97.30999755859375,334,0.0,0.0
2024-10-09 10:10:00-04:00,97.55000305175781,97.6500015258789,97.5250015258789,97.61000061035156,1596,0.0,0.0
2024-10-09 10:15:00-04:00,97.61000061035156,97.61000061035156,97.31999969482422,97.38999938964844,2678,0.0,0.0
2024-10-09 10:30:00-04:00,97.31500244140625,97.31500244140625,97.31500244140625,97.31500244140625,690,0.0,0.0
2024-10-09 10:35:00-04:00,97.44999694824219,97.51000213623047,97.44999694824219,97.51000213623047,744,0.0,0.0
2024-10-09 10:40:00-04:00,97.45999908447266,97.45999908447266,97.45999908447266,97.45999908447266,528,0.0,0.0
2024-10-09 10:45:00-04:00,97.66999816894531,97.79000091552734,97.6500015258789,97.79000091552734,982,0.0,0.0
2024-10-09 10:50:00-04:00,97.68000030517578,97.68000030517578,97.36000061035156,97.44999694824219,2181,0.0,0.0
2024-10-09 10:55:00-04:00,97.41999816894531,97.41999816894531,97.3550033569336,97.3550033569336,380,0.0,0.0
2024-10-09 11:00:00-04:00,97.25,97.27999877929688,97.25,97.27999877929688,447,0.0,0.0
2024-10-09 11:05:00-04:00,97.43000030517578,97.5199966430664,97.43000030517578,97.5,758,0.0,0.0
2024-10-09 11:15:00-04:00,97.48999786376953,97.66000366210938,97.48999786376953,97.66000366210938,1141,0.0,0.0
2024-10-09 11:20:00-04:00,97.76000213623047,97.76000213623047,97.76000213623047,97.76000213623047,330,0.0,0.0
2024-10-09 11:25:00-04:00,97.92500305175781,98.26000213623047,97.92500305175781,98.0,2122,0.0,0.0
2024-10-09 11:30:00-04:00,98.0,98.06500244140625,98.0,98.06500244140625,342,0.0,0.0
2024-10-09 11:40:00-04:00,98.06999969482422,98.06999969482422,98.06999969482422,98.06999969482422,228,0.0,0.0
2024-10-09 11:45:00-04:00,98.20999908447266,98.20999908447266,98.19999694824219,98.19999694824219,704,0.0,0.0
2024-10-09 11:55:00-04:00,98.30999755859375,98.30999755859375,98.16999816894531,98.16999816894531,521,0.0,0.0
2024-10-09 12:00:00-04:00,98.30999755859375,98.30999755859375,98.02999877929688,98.16500091552734,662,0.0,0.0
2024-10-09 12:05:00-04:00,98.29000091552734,98.29000091552734,98.29000091552734,98.29000091552734,360,0.0,0.0
2024-10-09 12:10:00-04:00,98.31999969482422,98.31999969482422,98.31999969482422,98.31999969482422,333,0.0,0.0
2024-10-09 12:15:00-04:00,98.31999969482422,98.44999694824219,98.30000305175781,98.44999694824219,1365,0.0,0.0
2024-10-09 12:25:00-04:00,98.30999755859375,98.30999755859375,98.07499694824219,98.07499694824219,2361,0.0,0.0
2024-10-09 12:30:00-04:00,98.08999633789062,98.08999633789062,98.08999633789062,98.08999633789062,502,0.0,0.0
2024-10-09 12:40:00-04:00,98.05999755859375,98.07499694824219,98.05999755859375,98.07499694824219,615,0.0,0.0
2024-10-09 12:50:00-04:00,98.04000091552734,98.04000091552734,97.8550033569336,97.8550033569336,3290,0.0,0.0
2024-10-09 12:55:00-04:00,97.8550033569336,97.8550033569336,97.8550033569336,97.8550033569336,308,0.0,0.0
2024-10-09 13:00:00-04:00,97.94999694824219,97.94999694824219,97.8550033569336,97.8550033569336,545,0.0,0.0
2024-10-09 13:10:00-04:00,97.8550033569336,97.98999786376953,97.8550033569336,97.87000274658203,2277,0.0,0.0
2024-10-09 13:25:00-04:00,97.95999908447266,97.97000122070312,97.8499984741211,97.8499984741211,855,0.0,0.0
2024-10-09 13:30:00-04:00,97.93000030517578,97.93000030517578,97.93000030517578,97.93000030517578,330,0.0,0.0
2024-10-09 13:35:00-04:00,97.77999877929688,97.77999877929688,97.77999877929688,97.77999877929688,185,0.0,0.0
2024-10-09 13:40:00-04:00,97.77999877929688,97.77999877929688,97.72000122070312,97.72000122070312,1419,0.0,0.0
2024-10-09 13:45:00-04:00,97.77149963378906,97.77149963378906,97.73999786376953,97.73999786376953,367,0.0,0.0
2024-10-09 13:50:00-04:00,97.75,97.75,97.4749984741211,97.50499725341797,2138,0.0,0.0
2024-10-09 14:00:00-04:00,97.63999938964844,97.69999694824219,97.63999938964844,97.63999938964844,780,0.0,0.0
2024-10-09 14:05:00-04:00,97.77999877929688,97.77999877929688,97.73999786376953,97.77999877929688,778,0.0,0.0
2024-10-09 14:10:00-04:00,97.69000244140625,97.69000244140625,97.69000244140625,97.69000244140625,112,0.0,0.0
2024-10-09 14:15:00-04:00,97.62000274658203,97.62000274658203,97.58999633789062,97.58999633789062,731,0.0,0.0
2024-10-09 14:20:00-04:00,97.49500274658203,97.49500274658203,97.44000244140625,97.4800033569336,1507,0.0,0.0
2024-10-09 14:30:00-04:00,97.47000122070312,97.54000091552734,97.33000183105469,97.33000183105469,1135,0.0,0.0
2024-10-09 14:40:00-04:00,97.3949966430664,97.3949966430664,97.3949966430664,97.3949966430664,256,0.0,0.0
2024-10-09 14:45:00-04:00,97.36000061035156,97.41999816894531,97.33000183105469,97.33000183105469,1680,0.0,0.0
2024-10-09 14:50:00-04:00,97.19999694824219,97.30999755859375,97.16000366210938,97.19000244140625,800,0.0,0.0
2024-10-09 14:55:00-04:00,97.2750015258789,97.2750015258789,97.2750015258789,97.2750015258789,306,0.0,0.0
2024-10-09 15:00:00-04:00,97.2750015258789,97.2750015258789,97.2750015258789,97.2750015258789,181,0.0,0.0
2024-10-09 15:05:00-04:00,97.2750015258789,97.2750015258789,97.16000366210938,97.16000366210938,680,0.0,0.0
2024-10-09 15:10:00-04:00,97.16999816894531,97.20999908447266,97.05999755859375,97.15499877929688,2904,0.0,0.0
2024-10-09 15:15:00-04:00,97.25,97.25,97.2300033569336,97.2300033569336,543,0.0,0.0
2024-10-09 15:20:00-04:00,97.4000015258789,97.4000015258789,97.4000015258789,97.4000015258789,401,0.0,0.0
2024-10-09 15:25:00-04:00,97.41000366210938,97.44000244140625,97.36000061035156,97.42500305175781,1296,0.0,0.0
2024-10-09 15:30:00-04:00,97.36000061035156,97.36000061035156,97.25,97.30999755859375,2288,0.0,0.0
2024-10-09 15:35:00-04:00,97.38999938964844,97.38999938964844,97.38999938964844,97.38999938964844,583,0.0,0.0
2024-10-09 15:40:00-04:00,97.44000244140625,97.56999969482422,97.38999938964844,97.56999969482422,3071,0.0,0.0
2024-10-09 15:45:00-04:00,97.58999633789062,97.75,97.58999633789062,97.6500015258789,1551,0.0,0.0
2024-10-09 15:50:00-04:00,97.66999816894531,97.83000183105469,97.66999816894531,97.75,5922,0.0,0.0
2024-10-09 15:55:00-04:00,97.69000244140625,97.69000244140625,97.55000305175781,97.63999938964844,11695,0.0,0.0
2024-10-10 09:30:00-04:00,96.87999725341797,97.33000183105469,96.87999725341797,97.33000183105469,1619,0.0,0.0
2024-10-10 09:35:00-04:00,97.44999694824219,97.44999694824219,96.79000091552734,97.43499755859375,1242,0.0,0.0
2024-10-10 09:40:00-04:00,97.2249984741211,97.2249984741211,97.19000244140625,97.19000244140625,297,0.0,0.0
2024-10-10 09:45:00-04:00,96.88999938964844,97.375,96.88999938964844,97.08999633789062,1607,0.0,0.0
2024-10-10 09:50:00-04:00,97.37999725341797,97.37999725341797,97.33000183105469,97.37999725341797,766,0.0,0.0
2024-10-10 09:55:00-04:00,97.6500015258789,97.77999877929688,97.6500015258789,97.77999877929688,509,0.0,0.0
2024-10-10 10:00:00-04:00,97.79499816894531,97.9749984741211,97.79499816894531,97.88999938964844,1667,0.0,0.0
2024-10-10 10:10:00-04:00,97.86000061035156,97.86000061035156,97.69999694824219,97.78500366210938,2562,0.0,0.0
2024-10-10 10:15:00-04:00,97.9000015258789,97.9000015258789,97.9000015258789,97.9000015258789,1127,0.0,0.0
2024-10-10 10:25:00-04:00,98.0,98.0,97.82499694824219,97.82499694824219,1288,0.0,0.0
2024-10-10 10:30:00-04:00,97.82499694824219,97.91999816894531,97.79499816894531,97.79499816894531,750,0.0,0.0
2024-10-10 10:35:00-04:00,97.94000244140625,97.94000244140625,97.75,97.80999755859375,1506,0.0,0.0
2024-10-10 10:45:00-04:00,97.7300033569336,97.7300033569336,97.56500244140625,97.56500244140625,1278,0.0,0.0
2024-10-10 10:50:00-04:00,97.65499877929688,97.65499877929688,97.55500030517578,97.55500030517578,413,0.0,0.0
2024-10-10 10:55:00-04:00,97.48500061035156,97.48500061035156,97.31999969482422,97.36000061035156,1186,0.0,0.0
2024-10-10 11:00:00-04:00,97.30000305175781,97.4000015258789,97.30000305175781,97.4000015258789,1152,0.0,0.0
2024-10-10 11:05:00-04:00,97.8499984741211,97.8499984741211,97.8499984741211,97.8499984741211,327,0.0,0.0
2024-10-10 11:15:00-04:00,97.8499984741211,97.8499984741211,97.83999633789062,97.83999633789062,449,0.0,0.0
2024-10-10 11:20:00-04:00,97.80999755859375,97.80999755859375,97.73999786376953,97.73999786376953,303,0.0,0.0
2024-10-10 11:25:00-04:00,97.69000244140625,97.69999694824219,97.55999755859375,97.68000030517578,2990,0.0,0.0
2024-10-10 11:35:00-04:00,97.7699966430664,97.7699966430664,97.6449966430664,97.6449966430664,2331,0.0,0.0
2024-10-10 11:40:00-04:00,97.66000366210938,97.66000366210938,97.66000366210938,97.66000366210938,700,0.0,0.0
2024-10-10 11:50:00-04:00,97.54000091552734,97.70999908447266,97.54000091552734,97.62000274658203,2048,0.0,0.0
2024-10-10 11:55:00-04:00,97.66999816894531,97.66999816894531,97.62000274658203,97.6500015258789,571,0.0,0.0
2024-10-10 12:00:00-04:00,97.59500122070312,97.68499755859375,97.59500122070312,97.68499755859375,1687,0.0,0.0
2024-10-10 12:05:00-04:00,97.7300033569336,97.7300033569336,97.7300033569336,97.7300033569336,439,0.0,0.0
2024-10-10 12:10:00-04:00,97.63999938964844,97.63999938964844,97.63999938964844,97.63999938964844,506,0.0,0.0
2024-10-10 12:15:00-04:00,97.7030029296875,97.73999786376953,97.7030029296875,97.72000122070312,4230,0.0,0.0
2024-10-10 12:25:00-04:00,97.73999786376953,97.75,97.73999786376953,97.75,508,0.0,0.0
2024-10-10 12:30:00-04:00,97.77999877929688,97.91999816894531,97.77999877929688,97.91999816894531,3047,0.0,0.0
2024-10-10 12:35:00-04:00,98.0,98.0,98.0,98.0,208,0.0,0.0
2024-10-10 12:40:00-04:00,97.92500305175781,97.93499755859375,97.77999877929688,97.80000305175781,4993,0.0,0.0
2024-10-10 12:45:00-04:00,97.72000122070312,97.72000122070312,97.72000122070312,97.72000122070312,307,0.0,0.0
2024-10-10 12:50:00-04:00,97.73999786376953,97.83999633789062,97.73999786376953,97.80000305175781,5618,0.0,0.0
2024-10-10 12:55:00-04:00,97.81500244140625,97.81500244140625,97.80000305175781,97.80000305175781,1024,0.0,0.0
2024-10-10 13:00:00-04:00,97.72000122070312,97.75499725341797,97.70999908447266,97.75499725341797,1412,0.0,0.0
2024-10-10 13:15:00-04:00,97.7699966430664,97.78790283203125,97.68000030517578,97.78790283203125,4835,0.0,0.0
2024-10-10 13:20:00-04:00,97.72000122070312,97.75,97.64320373535156,97.73999786376953,1899,0.0,0.0
2024-10-10 13:30:00-04:00,97.80000305175781,97.80000305175781,97.80000305175781,97.80000305175781,759,0.0,0.0
2024-10-10 13:35:00-04:00,97.79000091552734,97.79000091552734,97.79000091552734,97.79000091552734,226,0.0,0.0
2024-10-10 13:40:00-04:00,97.80999755859375,97.80999755859375,97.80000305175781,97.80000305175781,706,0.0,0.0
2024-10-10 13:45:00-04:00,97.79000091552734,97.79000091552734,97.69000244140625,97.69000244140625,1574,0.0,0.0
2024-10-10 13:50:00-04:00,97.63999938964844,97.63999938964844,97.5999984741211,97.5999984741211,1310,0.0,0.0
2024-10-10 13:55:00-04:00,97.62000274658203,97.62000274658203,97.62000274658203,97.62000274658203,694,0.0,0.0
2024-10-10 14:10:00-04:00,97.56999969482422,97.56999969482422,97.5199966430664,97.5199966430664,505,0.0,0.0
2024-10-10 14:15:00-04:00,97.5199966430664,97.5199966430664,97.25,97.25,1549,0.0,0.0
2024-10-10 14:20:00-04:00,97.19999694824219,97.22000122070312,97.19999694824219,97.22000122070312,1157,0.0,0.0
2024-10-10 14:30:00-04:00,97.08999633789062,97.1500015258789,97.0199966430664,97.0199966430664,7827,0.0,0.0
2024-10-10 14:35:00-04:00,96.98750305175781,96.98750305175781,96.9800033569336,96.9800033569336,766,0.0,0.0
2024-10-10 14:40:00-04:00,96.94999694824219,97.05000305175781,96.94999694824219,97.02999877929688,1528,0.0,0.0
2024-10-10 14:50:00-04:00,96.97000122070312,96.9800033569336,96.94000244140625,96.97000122070312,1536,0.0,0.0
2024-10-10 14:55:00-04:00,97.0199966430664,97.11000061035156,97.0199966430664,97.11000061035156,748,0.0,0.0
2024-10-10 15:00:00-04:00,97.0999984741211,97.0999984741211,97.05500030517578,97.05500030517578,884,0.0,0.0
2024-10-10 15:05:00-04:00,96.94000244140625,96.94000244140625,96.93000030517578,96.93000030517578,1015,0.0,0.0
2024-10-10 15:10:00-04:00,96.97000122070312,96.97000122070312,96.9000015258789,96.93000030517578,2139,0.0,0.0
2024-10-10 15:15:00-04:00,96.97000122070312,96.98999786376953,96.95999908447266,96.95999908447266,1323,0.0,0.0
2024-10-10 15:20:00-04:00,96.94499969482422,96.94499969482422,96.80000305175781,96.80999755859375,2726,0.0,0.0
2024-10-10 15:30:00-04:00,96.75,96.75,96.5199966430664,96.5199966430664,1509,0.0,0.0
2024-10-10 15:35:00-04:00,96.6050033569336,96.62999725341797,96.58499908447266,96.58499908447266,1321,0.0,0.0
2024-10-10 15:40:00-04:00,96.54000091552734,96.54000091552734,96.52999877929688,96.52999877929688,1236,0.0,0.0
2024-10-10 15:45:00-04:00,96.55000305175781,96.55000305175781,96.37000274658203,96.44000244140625,8256,0.0,0.0
2024-10-10 15:50:00-04:00,96.38500213623047,96.66000366210938,96.36000061035156,96.54000091552734,6812,0.0,0.0
2024-10-10 15:55:00-04:00,96.55000305175781,96.66000366210938,96.44000244140625,96.66000366210938,26875,0.0,0.0
2024-10-11 09:30:00-04:00,96.6500015258789,97.23999786376953,96.6500015258789,97.23999786376953,2787,0.0,0.0
2024-10-11 09:35:00-04:00,97.25,97.41999816894531,97.25,97.41999816894531,1911,0.0,0.0
2024-10-11 09:50:00-04:00,97.375,97.375,97.375,97.375,498,0.0,0.0
2024-10-11 09:55:00-04:00,97.375,97.375,97.375,97.375,175,0.0,0.0
2024-10-11 10:00:00-04:00,97.06999969482422,97.18000030517578,97.06999969482422,97.09500122070312,1717,0.0,0.0
2024-10-11 10:05:00-04:00,97.0999984741211,97.80000305175781,97.0999984741211,97.56999969482422,3225,0.0,0.0
2024-10-11 10:15:00-04:00,97.69999694824219,98.0999984741211,97.69999694824219,97.94999694824219,2470,0.0,0.0
2024-10-11 10:20:00-04:00,97.80999755859375,97.80999755859375,97.75,97.75,2877,0.0,0.0
2024-10-11 10:35:00-04:00,97.54000091552734,97.54000091552734,97.54000091552734,97.54000091552734,279,0.0,0.0
2024-10-11 10:40:00-04:00,97.5,97.5199966430664,97.5,97.5199966430664,499,0.0,0.0
2024-10-11 10:45:00-04:00,97.38999938964844,97.38999938964844,97.38999938964844,97.38999938964844,488,0.0,0.0
2024-10-11 10:55:00-04:00,97.4000015258789,97.4000015258789,97.31999969482422,97.31999969482422,1393,0.0,0.0
2024-10-11 11:00:00-04:00,97.19000244140625,97.19000244140625,97.05000305175781,97.05000305175781,3726,0.0,0.0
2024-10-11 11:05:00-04:00,97.16999816894531,97.16999816894531,97.0999984741211,97.0999984741211,1038,0.0,0.0
2024-10-11 11:10:00-04:00,97.23999786376953,97.23999786376953,97.23999786376953,97.23999786376953,308,0.0,0.0
2024-10-11 11:15:00-04:00,97.48500061035156,97.5,97.30999755859375,97.37000274658203,2293,0.0,0.0
2024-10-11 11:20:00-04:00,97.375,97.375,97.375,97.375,175,0.0,0.0
2024-10-11 11:25:00-04:00,97.4800033569336,97.4800033569336,97.4800033569336,97.4800033569336,237,0.0,0.0
2024-10-11 11:30:00-04:00,97.375,97.375,97.375,97.375,335,0.0,0.0
2024-10-11 11:35:00-04:00,97.48999786376953,97.5,97.31999969482422,97.33999633789062,2994,0.0,0.0
2024-10-11 11:40:00-04:00,97.36000061035156,97.36000061035156,97.3499984741211,97.36000061035156,1741,0.0,0.0
2024-10-11 11:45:00-04:00,97.3499984741211,97.36000061035156,97.3499984741211,97.3499984741211,1017,0.0,0.0
2024-10-11 12:05:00-04:00,97.33000183105469,97.33000183105469,97.17500305175781,97.17500305175781,1083,0.0,0.0
2024-10-11 12:10:00-04:00,97.0199966430664,97.0199966430664,96.83999633789062,96.83999633789062,1018,0.0,0.0
2024-10-11 12:15:00-04:00,96.98999786376953,96.98999786376953,96.87000274658203,96.87000274658203,520,0.0,0.0
2024-10-11 12:25:00-04:00,96.87000274658203,96.87000274658203,96.8499984741211,96.8499984741211,755,0.0,0.0
2024-10-11 12:30:00-04:00,96.87999725341797,96.87999725341797,96.87999725341797,96.87999725341797,251,0.0,0.0
2024-10-11 12:35:00-04:00,96.86000061035156,96.86000061035156,96.86000061035156,96.86000061035156,173,0.0,0.0
2024-10-11 12:40:00-04:00,96.87999725341797,96.87999725341797,96.86000061035156,96.86000061035156,423,0.0,0.0
2024-10-11 12:45:00-04:00,96.94499969482422,96.94499969482422,96.94499969482422,96.94499969482422,559,0.0,0.0
2024-10-11 12:50:00-04:00,97.0199966430664,97.04499816894531,96.98999786376953,96.98999786376953,1742,0.0,0.0
2024-10-11 13:05:00-04:00,96.9800033569336,96.9800033569336,96.87999725341797,96.87999725341797,1447,0.0,0.0
2024-10-11 13:15:00-04:00,96.81999969482422,96.81999969482422,96.69000244140625,96.69000244140625,614,0.0,0.0
2024-10-11 13:20:00-04:00,96.69999694824219,96.9000015258789,96.69999694824219,96.9000015258789,3135,0.0,0.0
2024-10-11 13:25:00-04:00,97.05000305175781,97.05000305175781,97.05000305175781,97.05000305175781,276,0.0,0.0
2024-10-11 13:30:00-04:00,97.05999755859375,97.1500015258789,97.05999755859375,97.1500015258789,1422,0.0,0.0
2024-10-11 13:35:00-04:00,97.31500244140625,97.31500244140625,97.19000244140625,97.20999908447266,2630,0.0,0.0
2024-10-11 13:40:00-04:00,97.19999694824219,97.19999694824219,97.0999984741211,97.0999984741211,787,0.0,0.0
2024-10-11 13:45:00-04:00,97.25,97.25,97.25,97.25,1034,0.0,0.0
2024-10-11 13:50:00-04:00,97.16500091552734,97.16999816894531,97.16500091552734,97.16999816894531,572,0.0,0.0
2024-10-11 13:55:00-04:00,97.23999786376953,97.30500030517578,97.23999786376953,97.30500030517578,1184,0.0,0.0
2024-10-11 14:00:00-04:00,97.37000274658203,97.37999725341797,97.37000274658203,97.37999725341797,342,0.0,0.0
2024-10-11 14:05:00-04:00,97.31999969482422,97.34500122070312,97.25,97.30999755859375,1819,0.0,0.0
2024-10-11 14:10:00-04:00,97.26000213623047,97.26000213623047,97.2249984741211,97.2249984741211,618,0.0,0.0
2024-10-11 14:15:00-04:00,97.2300033569336,97.27999877929688,97.19999694824219,97.22000122070312,2613,0.0,0.0
2024-10-11 14:20:00-04:00,97.1500015258789,97.19999694824219,97.08000183105469,97.0999984741211,1652,0.0,0.0
2024-10-11 14:25:00-04:00,97.08999633789062,97.12000274658203,97.08999633789062,97.12000274658203,903,0.0,0.0
2024-10-11 14:30:00-04:00,97.12000274658203,97.1449966430664,97.12000274658203,97.1449966430664,777,0.0,0.0
2024-10-11 14:35:00-04:00,97.15499877929688,97.15499877929688,97.0,97.1050033569336,4292,0.0,0.0
2024-10-11 14:45:00-04:00,97.16000366210938,97.2249984741211,97.16000366210938,97.2249984741211,561,0.0,0.0
2024-10-11 14:50:00-04:00,97.2300033569336,97.29000091552734,97.18000030517578,97.2300033569336,3209,0.0,0.0
2024-10-11 15:00:00-04:00,97.19999694824219,97.22000122070312,97.19999694824219,97.22000122070312,636,0.0,0.0
2024-10-11 15:05:00-04:00,97.1500015258789,97.30000305175781,97.13999938964844,97.30000305175781,3295,0.0,0.0
2024-10-11 15:10:00-04:00,97.38999938964844,97.38999938964844,97.38999938964844,97.38999938964844,400,0.0,0.0
2024-10-11 15:15:00-04:00,97.41500091552734,97.41500091552734,97.38999938964844,97.38999938964844,796,0.0,0.0
2024-10-11 15:20:00-04:00,97.41999816894531,97.43000030517578,97.41000366210938,97.43000030517578,1153,0.0,0.0
2024-10-11 15:25:00-04:00,97.48999786376953,97.48999786376953,97.37100219726562,97.43499755859375,1567,0.0,0.0
2024-10-11 15:30:00-04:00,97.48999786376953,97.625,97.48999786376953,97.55500030517578,5247,0.0,0.0
2024-10-11 15:35:00-04:00,97.55999755859375,97.55999755859375,97.55999755859375,97.55999755859375,666,0.0,0.0
2024-10-11 15:40:00-04:00,97.5199966430664,97.56999969482422,97.50499725341797,97.56999969482422,1983,0.0,0.0
2024-10-11 15:45:00-04:00,97.55000305175781,97.66000366210938,97.52999877929688,97.63999938964844,6266,0.0,0.0
2024-10-11 15:50:00-04:00,97.63500213623047,97.72000122070312,97.58999633789062,97.58999633789062,8305,0.0,0.0
2024-10-11 15:55:00-04:00,97.62000274658203,97.6500015258789,97.4000015258789,97.51000213623047,13150,0.0,0.0
2024-10-14 09:30:00-04:00,97.30999755859375,97.5,97.30999755859375,97.5,777,0.0,0.0
2024-10-14 09:40:00-04:00,97.5,97.5,97.5,97.5,274,0.0,0.0
2024-10-14 09:45:00-04:00,97.77999877929688,98.19999694824219,97.77999877929688,98.19999694824219,2278,0.0,0.0
2024-10-14 09:50:00-04:00,98.05999755859375,98.15499877929688,97.69999694824219,97.69999694824219,2010,0.0,0.0
2024-10-14 09:55:00-04:00,97.72000122070312,97.72000122070312,97.72000122070312,97.72000122070312,159,0.0,0.0
2024-10-14 10:00:00-04:00,97.69999694824219,98.08000183105469,97.69999694824219,98.08000183105469,1090,0.0,0.0
2024-10-14 10:05:00-04:00,97.86000061035156,97.86000061035156,97.58999633789062,97.58999633789062,914,0.0,0.0
2024-10-14 10:10:00-04:00,97.76000213623047,97.76000213623047,97.66999816894531,97.66999816894531,422,0.0,0.0
2024-10-14 10:20:00-04:00,97.8949966430664,97.8949966430664,97.8949966430664,97.8949966430664,190,0.0,0.0
2024-10-14 10:35:00-04:00,97.91999816894531,97.91999816894531,97.91999816894531,97.91999816894531,180,0.0,0.0
2024-10-14 10:50:00-04:00,97.7300033569336,97.7300033569336,97.54499816894531,97.54499816894531,2024,0.0,0.0
2024-10-14 11:05:00-04:00,97.55500030517578,97.73999786376953,97.55500030517578,97.6050033569336,926,0.0,0.0
2024-10-14 11:10:00-04:00,97.61000061035156,97.61000061035156,97.4800033569336,97.4800033569336,2465,0.0,0.0
2024-10-14 11:15:00-04:00,97.58499908447266,97.66000366210938,97.58499908447266,97.66000366210938,4272,0.0,0.0
2024-10-14 11:20:00-04:00,97.54000091552734,97.54000091552734,97.54000091552734,97.54000091552734,421,0.0,0.0
2024-10-14 11:25:00-04:00,97.54000091552734,97.58999633789062,97.54000091552734,97.58999633789062,224,0.0,0.0
2024-10-14 11:30:00-04:00,97.5999984741211,97.5999984741211,97.58000183105469,97.58000183105469,1065,0.0,0.0
2024-10-14 11:45:00-04:00,97.6500015258789,97.6500015258789,97.6500015258789,97.6500015258789,206,0.0,0.0
2024-10-14 11:55:00-04:00,97.69000244140625,97.69000244140625,97.69000244140625,97.69000244140625,305,0.0,0.0
2024-10-14 12:00:00-04:00,97.62999725341797,97.62999725341797,97.62999725341797,97.62999725341797,593,0.0,0.0
2024-10-14 12:15:00-04:00,97.58999633789062,97.63999938964844,97.58000183105469,97.62000274658203,1555,0.0,0.0
2024-10-14 12:25:00-04:00,97.62000274658203,97.62000274658203,97.53500366210938,97.53500366210938,2948,0.0,0.0
2024-10-14 12:45:00-04:00,97.5,97.5,97.41999816894531,97.41999816894531,799,0.0,0.0
2024-10-14 12:50:00-04:00,97.63999938964844,97.67500305175781,97.63999938964844,97.67500305175781,737,0.0,0.0
2024-10-14 12:55:00-04:00,97.6500015258789,97.69999694824219,97.6500015258789,97.69999694824219,2997,0.0,0.0
2024-10-14 13:05:00-04:00,97.71499633789062,97.71499633789062,97.71499633789062,97.71499633789062,1333,0.0,0.0
2024-10-14 13:20:00-04:00,97.62999725341797,97.63999938964844,97.56500244140625,97.56500244140625,715,0.0,0.0
2024-10-14 13:25:00-04:00,97.56999969482422,97.56999969482422,97.56999969482422,97.56999969482422,326,0.0,0.0
2024-10-14 13:30:00-04:00,97.44999694824219,97.53500366210938,97.44999694824219,97.53500366210938,421,0.0,0.0
2024-10-14 13:35:00-04:00,97.4800033569336,97.4800033569336,97.4800033569336,97.4800033569336,595,0.0,0.0
2024-10-14 13:45:00-04:00,97.52999877929688,97.57499694824219,97.52999877929688,97.57499694824219,1252,0.0,0.0
2024-10-14 13:50:00-04:00,97.63999938964844,97.66999816894531,97.62000274658203,97.66999816894531,492,0.0,0.0
2024-10-14 13:55:00-04:00,97.58409881591797,97.79000091552734,97.58409881591797,97.79000091552734,689,0.0,0.0
2024-10-14 14:00:00-04:00,97.69999694824219,97.69999694824219,97.69999694824219,97.69999694824219,477,0.0,0.0
2024-10-14 14:10:00-04:00,97.83000183105469,97.83000183105469,97.76000213623047,97.76000213623047,1335,0.0,0.0
2024-10-14 14:15:00-04:00,97.79000091552734,97.80000305175781,97.79000091552734,97.79000091552734,761,0.0,0.0
2024-10-14 14:20:00-04:00,97.83000183105469,97.83000183105469,97.83000183105469,97.83000183105469,418,0.0,0.0
2024-10-14 14:25:00-04:00,97.80500030517578,97.80500030517578,97.80500030517578,97.80500030517578,336,0.0,0.0
2024-10-14 14:30:00-04:00,97.8499984741211,97.8499984741211,97.8499984741211,97.8499984741211,474,0.0,0.0
2024-10-14 14:40:00-04:00,97.80000305175781,97.80000305175781,97.80000305175781,97.80000305175781,435,0.0,0.0
2024-10-14 14:45:00-04:00,97.80000305175781,97.80000305175781,97.7699966430664,97.7699966430664,1255,0.0,0.0
2024-10-14 14:55:00-04:00,97.83999633789062,97.93000030517578,97.83999633789062,97.93000030517578,835,0.0,0.0
2024-10-14 15:00:00-04:00,97.93000030517578,97.93000030517578,97.86000061035156,97.91000366210938,2385,0.0,0.0
2024-10-14 15:05:00-04:00,97.92500305175781,97.92500305175781,97.8499984741211,97.8499984741211,1865,0.0,0.0
2024-10-14 15:15:00-04:00,97.83000183105469,97.83000183105469,97.83000183105469,97.83000183105469,775,0.0,0.0
2024-10-14 15:20:00-04:00,97.88999938964844,97.88999938964844,97.8740005493164,97.8740005493164,738,0.0,0.0
2024-10-14 15:25:00-04:00,97.88999938964844,97.91000366210938,97.87999725341797,97.87999725341797,3989,0.0,0.0
2024-10-14 15:35:00-04:00,97.92500305175781,97.92500305175781,97.92500305175781,97.92500305175781,749,0.0,0.0
2024-10-14 15:40:00-04:00,97.93499755859375,97.93499755859375,97.84500122070312,97.84500122070312,2294,0.0,0.0
2024-10-14 15:45:00-04:00,97.8499984741211,98.0,97.8499984741211,98.0,2744,0.0,0.0
2024-10-14 15:50:00-04:00,97.9800033569336,98.0999984741211,97.94999694824219,98.01000213623047,7116,0.0,0.0
2024-10-14 15:55:00-04:00,98.0199966430664,98.12000274658203,97.91000366210938,98.04000091552734,15003,0.0,0.0
2024-10-15 09:30:00-04:00,98.23999786376953,98.44999694824219,97.9000015258789,98.44999694824219,1845,0.0,0.0
2024-10-15 09:45:00-04:00,98.2699966430664,98.2699966430664,98.2699966430664,98.2699966430664,173,0.0,0.0
2024-10-15 09:50:00-04:00,98.35459899902344,98.35459899902344,98.35459899902344,98.35459899902344,375,0.0,0.0
2024-10-15 10:00:00-04:00,98.4000015258789,98.5199966430664,98.30000305175781,98.49500274658203,1469,0.0,0.0
2024-10-15 10:05:00-04:00,98.48500061035156,98.82499694824219,98.48500061035156,98.82499694824219,772,0.0,0.0
2024-10-15 10:10:00-04:00,98.73999786376953,99.1500015258789,98.73999786376953,99.12999725341797,2122,0.0,0.0
2024-10-15 10:15:00-04:00,99.13500213623047,99.38999938964844,99.13500213623047,99.27999877929688,2308,0.0,0.0
2024-10-15 10:20:00-04:00,99.27999877929688,99.5,99.05000305175781,99.33499908447266,5751,0.0,0.0
2024-10-15 10:25:00-04:00,99.43000030517578,99.77999877929688,99.43000030517578,99.69499969482422,1699,0.0,0.0
2024-10-15 10:30:00-04:00,99.57749938964844,99.57749938964844,99.16999816894531,99.29000091552734,12733,0.0,0.0
2024-10-15 10:35:00-04:00,99.0250015258789,99.0250015258789,99.0250015258789,99.0250015258789,424,0.0,0.0
2024-10-15 10:40:00-04:00,98.94000244140625,99.12000274658203,98.66000366210938,98.66000366210938,1993,0.0,0.0
2024-10-15 10:45:00-04:00,98.72000122070312,98.7699966430664,98.56500244140625,98.7699966430664,1147,0.0,0.0
2024-10-15 10:50:00-04:00,98.7699966430664,98.7699966430664,98.7699966430664,98.7699966430664,381,0.0,0.0
2024-10-15 10:55:00-04:00,98.7300033569336,98.7300033569336,98.30999755859375,98.51000213623047,1832,0.0,0.0
2024-10-15 11:00:00-04:00,98.5,98.55000305175781,98.4000015258789,98.55000305175781,1284,0.0,0.0
2024-10-15 11:10:00-04:00,98.51499938964844,98.51499938964844,98.36000061035156,98.36000061035156,1250,0.0,0.0
2024-10-15 11:15:00-04:00,98.2300033569336,98.2300033569336,98.16000366210938,98.17500305175781,2341,0.0,0.0
2024-10-15 11:20:00-04:00,98.17500305175781,98.57499694824219,98.17500305175781,98.57499694824219,8329,0.0,0.0
2024-10-15 11:25:00-04:00,98.56999969482422,98.56999969482422,98.56999969482422,98.56999969482422,573,0.0,0.0
2024-10-15 11:30:00-04:00,98.54000091552734,98.54000091552734,98.4749984741211,98.4749984741211,765,0.0,0.0
2024-10-15 11:35:00-04:00,98.4800033569336,98.4800033569336,98.4800033569336,98.4800033569336,367,0.0,0.0
2024-10-15 11:40:00-04:00,98.55999755859375,98.62000274658203,98.55999755859375,98.62000274658203,1493,0.0,0.0
2024-10-15 11:45:00-04:00,98.82990264892578,98.82990264892578,98.625,98.625,466,0.0,0.0
2024-10-15 11:50:00-04:00,98.49500274658203,98.6449966430664,98.4800033569336,98.4800033569336,1682,0.0,0.0
2024-10-15 11:55:00-04:00,98.47000122070312,98.47000122070312,98.26000213623047,98.26000213623047,1471,0.0,0.0
2024-10-15 12:05:00-04:00,98.42500305175781,98.42500305175781,98.20999908447266,98.20999908447266,572,0.0,0.0
2024-10-15 12:10:00-04:00,98.41000366210938,98.53500366210938,98.41000366210938,98.53500366210938,2598,0.0,0.0
2024-10-15 12:15:00-04:00,98.53500366210938,98.53500366210938,98.53500366210938,98.53500366210938,554,0.0,0.0
2024-10-15 12:25:00-04:00,98.47000122070312,98.54000091552734,98.41000366210938,98.54000091552734,611,0.0,0.0
2024-10-15 12:30:00-04:00,98.44000244140625,98.75,98.37000274658203,98.75,4867,0.0,0.0
2024-10-15 12:40:00-04:00,98.67500305175781,98.69000244140625,98.61000061035156,98.69000244140625,1226,0.0,0.0
2024-10-15 12:50:00-04:00,98.47000122070312,98.4800033569336,98.43000030517578,98.43000030517578,1357,0.0,0.0
2024-10-15 12:55:00-04:00,98.48999786376953,98.52999877929688,98.41000366210938,98.5250015258789,1938,0.0,0.0
2024-10-15 13:00:00-04:00,98.41000366210938,98.41000366210938,98.41000366210938,98.41000366210938,519,0.0,0.0
2024-10-15 13:05:00-04:00,98.41000366210938,98.41000366210938,98.36000061035156,98.36000061035156,638,0.0,0.0
2024-10-15 13:10:00-04:00,98.19000244140625,98.19000244140625,98.16000366210938,98.16500091552734,1761,0.0,0.0
2024-10-15 13:15:00-04:00,98.2249984741211,98.2249984741211,98.2249984741211,98.2249984741211,767,0.0,0.0
2024-10-15 13:25:00-04:00,98.16000366210938,98.2300033569336,98.12999725341797,98.2300033569336,865,0.0,0.0
2024-10-15 13:30:00-04:00,98.18000030517578,98.27999877929688,98.18000030517578,98.22000122070312,2102,0.0,0.0
2024-10-15 13:35:00-04:00,98.24500274658203,98.24500274658203,98.13999938964844,98.1449966430664,884,0.0,0.0
2024-10-15 13:40:00-04:00,98.11499786376953,98.11499786376953,98.11000061035156,98.11000061035156,803,0.0,0.0
2024-10-15 13:45:00-04:00,98.08000183105469,98.08000183105469,98.08000183105469,98.08000183105469,751,0.0,0.0
2024-10-15 13:55:00-04:00,97.98999786376953,97.99500274658203,97.88500213623047,97.99500274658203,4420,0.0,0.0
2024-10-15 14:05:00-04:00,97.80000305175781,97.87000274658203,97.67250061035156,97.67250061035156,1417,0.0,0.0
2024-10-15 14:10:00-04:00,97.70999908447266,97.81999969482422,97.70999908447266,97.75689697265625,1754,0.0,0.0
2024-10-15 14:15:00-04:00,97.76499938964844,97.76499938964844,97.52999877929688,97.59249877929688,1498,0.0,0.0
2024-10-15 14:20:00-04:00,97.61000061035156,97.61000061035156,97.61000061035156,97.61000061035156,290,0.0,0.0
2024-10-15 14:25:00-04:00,97.51000213623047,97.51000213623047,97.45999908447266,97.45999908447266,1891,0.0,0.0
2024-10-15 14:30:00-04:00,97.4800033569336,97.55000305175781,97.46499633789062,97.48999786376953,2261,0.0,0.0
2024-10-15 14:35:00-04:00,97.4000015258789,97.4000015258789,97.2699966430664,97.2699966430664,1504,0.0,0.0
2024-10-15 14:40:00-04:00,97.19000244140625,97.43000030517578,97.12999725341797,97.43000030517578,2565,0.0,0.0
2024-10-15 14:50:00-04:00,97.34500122070312,97.46499633789062,97.34500122070312,97.37999725341797,4723,0.0,0.0
2024-10-15 14:55:00-04:00,97.30000305175781,97.30000305175781,97.30000305175781,97.30000305175781,935,0.0,0.0
2024-10-15 15:00:00-04:00,97.30000305175781,97.30000305175781,97.29000091552734,97.29000091552734,2051,0.0,0.0
2024-10-15 15:05:00-04:00,97.23999786376953,97.26000213623047,97.16999816894531,97.19999694824219,2916,0.0,0.0
2024-10-15 15:10:00-04:00,97.16000366210938,97.20500183105469,97.16000366210938,97.20500183105469,1374,0.0,0.0
2024-10-15 15:15:00-04:00,97.12000274658203,97.12999725341797,97.11000061035156,97.11000061035156,1307,0.0,0.0
2024-10-15 15:20:00-04:00,97.12999725341797,97.12999725341797,97.12000274658203,97.12000274658203,1540,0.0,0.0
2024-10-15 15:25:00-04:00,97.11000061035156,97.11000061035156,96.87000274658203,96.87000274658203,2444,0.0,0.0
2024-10-15 15:30:00-04:00,96.86000061035156,96.97000122070312,96.63999938964844,96.75,5398,0.0,0.0
2024-10-15 15:35:00-04:00,96.73500061035156,96.81500244140625,96.68000030517578,96.81500244140625,5227,0.0,0.0
2024-10-15 15:40:00-04:00,96.70500183105469,96.94999694824219,96.69999694824219,96.70999908447266,5314,0.0,0.0
2024-10-15 15:45:00-04:00,96.7249984741211,96.8550033569336,96.66999816894531,96.8550033569336,5975,0.0,0.0
2024-10-15 15:50:00-04:00,96.91999816894531,96.98999786376953,96.80999755859375,96.94999694824219,8315,0.0,0.0
2024-10-15 15:55:00-04:00,96.87999725341797,96.87999725341797,96.56999969482422,96.80999755859375,26539,0.0,0.0
2024-10-16 09:30:00-04:00,97.6500015258789,97.6500015258789,97.29499816894531,97.3499984741211,1669,0.0,0.0
2024-10-16 09:35:00-04:00,97.38999938964844,97.38999938964844,97.38999938964844,97.38999938964844,145,0.0,0.0
2024-10-16 09:40:00-04:00,97.3949966430664,97.44499969482422,97.2667007446289,97.44499969482422,3174,0.0,0.0
2024-10-16 09:45:00-04:00,97.50499725341797,97.5199966430664,97.50499725341797,97.5199966430664,1102,0.0,0.0
2024-10-16 09:50:00-04:00,97.5250015258789,97.5250015258789,97.4000015258789,97.4000015258789,899,0.0,0.0
2024-10-16 09:55:00-04:00,97.54000091552734,97.54000091552734,97.54000091552734,97.54000091552734,415,0.0,0.0
2024-10-16 10:00:00-04:00,97.44000244140625,97.6050033569336,97.41999816894531,97.44999694824219,4588,0.0,0.0
2024-10-16 10:05:00-04:00,97.62000274658203,97.68499755859375,97.61000061035156,97.625,1461,0.0,0.0
2024-10-16 10:10:00-04:00,97.56999969482422,97.56999969482422,97.41999816894531,97.41999816894531,909,0.0,0.0
2024-10-16 10:15:00-04:00,97.6050033569336,97.6050033569336,97.6050033569336,97.6050033569336,2018,0.0,0.0
2024-10-16 10:25:00-04:00,97.62000274658203,97.76000213623047,97.62000274658203,97.68499755859375,2020,0.0,0.0
2024-10-16 10:30:00-04:00,97.5999984741211,97.6875,97.5999984741211,97.6875,1256,0.0,0.0
2024-10-16 10:35:00-04:00,97.73999786376953,97.76000213623047,97.69000244140625,97.69000244140625,1714,0.0,0.0
2024-10-16 10:40:00-04:00,97.7699966430664,97.7699966430664,97.7699966430664,97.7699966430664,519,0.0,0.0
2024-10-16 10:45:00-04:00,97.72000122070312,97.76499938964844,97.54000091552734,97.54000091552734,726,0.0,0.0
2024-10-16 10:50:00-04:00,97.58999633789062,97.62000274658203,97.58999633789062,97.62000274658203,464,0.0,0.0
2024-10-16 10:55:00-04:00,97.58000183105469,97.58000183105469,97.4000015258789,97.5250015258789,1451,0.0,0.0
2024-10-16 11:00:00-04:00,97.41000366210938,97.43000030517578,97.41000366210938,97.41000366210938,935,0.0,0.0
2024-10-16 11:05:00-04:00,97.30999755859375,97.37999725341797,97.30999755859375,97.37999725341797,399,0.0,0.0
2024-10-16 11:10:00-04:00,97.31999969482422,97.37000274658203,97.31999969482422,97.37000274658203,767,0.0,0.0
2024-10-16 11:15:00-04:00,97.36000061035156,97.43499755859375,97.36000061035156,97.43499755859375,596,0.0,0.0
2024-10-16 11:20:00-04:00,97.33000183105469,97.33000183105469,97.33000183105469,97.33000183105469,309,0.0,0.0
2024-10-16 11:25:00-04:00,97.33999633789062,97.45999908447266,97.25,97.25,5135,0.0,0.0
2024-10-16 11:30:00-04:00,97.2699966430664,97.2699966430664,97.26000213623047,97.26000213623047,1089,0.0,0.0
2024-10-16 11:40:00-04:00,97.22000122070312,97.22000122070312,97.0199966430664,97.0199966430664,1416,0.0,0.0
2024-10-16 11:45:00-04:00,97.00499725341797,97.00499725341797,96.91999816894531,96.91999816894531,1196,0.0,0.0
2024-10-16 11:55:00-04:00,96.93000030517578,96.93000030517578,96.86000061035156,96.86000061035156,719,0.0,0.0
2024-10-16 12:00:00-04:00,96.91999816894531,96.94000244140625,96.86000061035156,96.94000244140625,1405,0.0,0.0
2024-10-16 12:15:00-04:00,96.87999725341797,96.87999725341797,96.7699966430664,96.7699966430664,1231,0.0,0.0
2024-10-16 12:20:00-04:00,96.75,96.7699966430664,96.70999908447266,96.70999908447266,1456,0.0,0.0
2024-10-16 12:25:00-04:00,96.61000061035156,96.61000061035156,96.5999984741211,96.5999984741211,364,0.0,0.0
2024-10-16 12:30:00-04:00,96.5999984741211,96.61000061035156,96.5999984741211,96.61000061035156,377,0.0,0.0
2024-10-16 12:35:00-04:00,96.70999908447266,96.70999908447266,96.67500305175781,96.67500305175781,1198,0.0,0.0
2024-10-16 12:40:00-04:00,96.5999984741211,96.66999816894531,96.50499725341797,96.62000274658203,2388,0.0,0.0
2024-10-16 12:45:00-04:00,96.66999816894531,96.70500183105469,96.58000183105469,96.58000183105469,1075,0.0,0.0
2024-10-16 12:55:00-04:00,96.58000183105469,96.58999633789062,96.55000305175781,96.58999633789062,1606,0.0,0.0
2024-10-16 13:05:00-04:00,96.63999938964844,96.63999938964844,96.43000030517578,96.4800033569336,519,0.0,0.0
2024-10-16 13:10:00-04:00,96.44499969482422,96.44499969482422,96.44499969482422,96.44499969482422,431,0.0,0.0
2024-10-16 13:15:00-04:00,96.5,96.5,96.38999938964844,96.47000122070312,1184,0.0,0.0
2024-10-16 13:20:00-04:00,96.45999908447266,96.45999908447266,96.45999908447266,96.45999908447266,198,0.0,0.0
2024-10-16 13:25:00-04:00,96.52999877929688,96.52999877929688,96.52999877929688,96.52999877929688,767,0.0,0.0
2024-10-16 13:35:00-04:00,96.54499816894531,96.54499816894531,96.54499816894531,96.54499816894531,1695,0.0,0.0
2024-10-16 13:55:00-04:00,96.52999877929688,96.59500122070312,96.5199966430664,96.52999877929688,1876,0.0,0.0
2024-10-16 14:00:00-04:00,96.44000244140625,96.44000244140625,96.44000244140625,96.44000244140625,176,0.0,0.0
2024-10-16 14:05:00-04:00,96.54499816894531,96.61000061035156,96.54499816894531,96.61000061035156,1489,0.0,0.0
2024-10-16 14:10:00-04:00,96.56999969482422,96.56999969482422,96.56999969482422,96.56999969482422,542,0.0,0.0
2024-10-16 14:15:00-04:00,96.6500015258789,96.81999969482422,96.6500015258789,96.77999877929688,1969,0.0,0.0
2024-10-16 14:20:00-04:00,96.8499984741211,96.8499984741211,96.8499984741211,96.8499984741211,420,0.0,0.0
2024-10-16 14:25:00-04:00,96.7699966430664,96.81500244140625,96.7699966430664,96.81500244140625,1216,0.0,0.0
2024-10-16 14:30:00-04:00,96.73999786376953,96.73999786376953,96.70999908447266,96.7249984741211,587,0.0,0.0
2024-10-16 14:40:00-04:00,96.6500015258789,96.6500015258789,96.5999984741211,96.63500213623047,1074,0.0,0.0
2024-10-16 14:45:00-04:00,96.55999755859375,96.55999755859375,96.55999755859375,96.55999755859375,497,0.0,0.0
2024-10-16 14:50:00-04:00,96.61000061035156,96.63999938964844,96.48999786376953,96.48999786376953,2658,0.0,0.0
2024-10-16 14:55:00-04:00,96.51000213623047,96.62000274658203,96.51000213623047,96.62000274658203,1388,0.0,0.0
2024-10-16 15:00:00-04:00,96.54000091552734,96.54000091552734,96.52999877929688,96.52999877929688,695,0.0,0.0
2024-10-16 15:05:00-04:00,96.5250015258789,96.5250015258789,96.5250015258789,96.5250015258789,427,0.0,0.0
2024-10-16 15:10:00-04:00,96.61499786376953,96.61499786376953,96.43000030517578,96.43000030517578,1905,0.0,0.0
2024-10-16 15:15:00-04:00,96.54000091552734,96.56500244140625,96.5,96.56500244140625,3042,0.0,0.0
2024-10-16 15:25:00-04:00,96.55500030517578,96.6449966430664,96.55500030517578,96.59500122070312,1512,0.0,0.0
2024-10-16 15:30:00-04:00,96.58999633789062,96.58999633789062,96.5199966430664,96.5199966430664,2914,0.0,0.0
2024-10-16 15:35:00-04:00,96.6050033569336,96.66000366210938,96.6050033569336,96.66000366210938,1256,0.0,0.0
2024-10-16 15:40:00-04:00,96.7750015258789,96.7750015258789,96.68000030517578,96.7300033569336,3397,0.0,0.0
2024-10-16 15:45:00-04:00,96.73500061035156,96.74500274658203,96.69499969482422,96.69499969482422,2552,0.0,0.0
2024-10-16 15:50:00-04:00,96.73999786376953,96.73999786376953,96.52999877929688,96.52999877929688,5196,0.0,0.0
2024-10-16 15:55:00-04:00,96.48999786376953,96.55000305175781,96.30000305175781,96.45999908447266,16830,0.0,0.0
2024-10-17 09:30:00-04:00,96.47000122070312,96.47000122070312,96.47000122070312,96.47000122070312,944,0.0,0.0
2024-10-17 09:35:00-04:00,95.87999725341797,95.95220184326172,95.87999725341797,95.95220184326172,262,0.0,0.0
2024-10-17 09:40:00-04:00,96.2300033569336,96.58000183105469,96.2300033569336,96.58000183105469,1262,0.0,0.0
2024-10-17 09:45:00-04:00,96.12999725341797,96.12999725341797,96.12999725341797,96.12999725341797,728,0.0,0.0
2024-10-17 09:50:00-04:00,96.0999984741211,96.27999877929688,96.0999984741211,96.27999877929688,744,0.0,0.0
2024-10-17 10:00:00-04:00,96.08000183105469,96.08000183105469,95.86499786376953,95.86499786376953,1842,0.0,0.0
2024-10-17 10:05:00-04:00,95.86000061035156,95.88500213623047,95.70999908447266,95.88500213623047,1307,0.0,0.0
2024-10-17 10:10:00-04:00,96.02999877929688,96.16999816894531,96.02999877929688,96.16999816894531,819,0.0,0.0
2024-10-17 10:15:00-04:00,95.97000122070312,95.98999786376953,95.97000122070312,95.98999786376953,725,0.0,0.0
2024-10-17 10:20:00-04:00,95.98989868164062,95.98989868164062,95.66000366210938,95.66000366210938,2237,0.0,0.0
2024-10-17 10:25:00-04:00,95.7699966430664,95.7699966430664,95.6500015258789,95.6500015258789,350,0.0,0.0
2024-10-17 10:30:00-04:00,95.76499938964844,95.76499938964844,95.6500015258789,95.6500015258789,366,0.0,0.0
2024-10-17 10:35:00-04:00,95.66999816894531,95.66999816894531,95.66999816894531,95.66999816894531,276,0.0,0.0
2024-10-17 10:40:00-04:00,95.8499984741211,96.06999969482422,95.8499984741211,96.06999969482422,3325,0.0,0.0
2024-10-17 10:50:00-04:00,95.94999694824219,95.94999694824219,95.77999877929688,95.77999877929688,780,0.0,0.0
2024-10-17 10:55:00-04:00,95.62000274658203,95.62000274658203,95.5999984741211,95.5999984741211,641,0.0,0.0
2024-10-17 11:00:00-04:00,95.58000183105469,95.58000183105469,95.33000183105469,95.41000366210938,2763,0.0,0.0
2024-10-17 11:05:00-04:00,95.2699966430664,95.2699966430664,95.2699966430664,95.2699966430664,169,0.0,0.0
2024-10-17 11:10:00-04:00,95.25,95.25,95.0,95.25,2684,0.0,0.0
2024-10-17 11:15:00-04:00,95.30999755859375,95.30999755859375,95.30999755859375,95.30999755859375,286,0.0,0.0
2024-10-17 11:20:00-04:00,95.30000305175781,95.37000274658203,95.30000305175781,95.37000274658203,692,0.0,0.0
2024-10-17 11:25:00-04:00,95.51000213623047,95.68000030517578,95.44000244140625,95.68000030517578,611,0.0,0.0
2024-10-17 11:30:00-04:00,95.55000305175781,95.55000305175781,95.55000305175781,95.55000305175781,201,0.0,0.0
2024-10-17 11:35:00-04:00,95.6500015258789,95.78500366210938,95.5250015258789,95.78500366210938,3236,0.0,0.0
2024-10-17 11:40:00-04:00,95.78500366210938,95.86000061035156,95.78500366210938,95.86000061035156,1273,0.0,0.0
2024-10-17 11:45:00-04:00,95.87000274658203,95.87000274658203,95.8550033569336,95.8550033569336,2866,0.0,0.0
2024-10-17 11:50:00-04:00,95.8550033569336,96.01000213623047,95.8550033569336,96.01000213623047,1182,0.0,0.0
2024-10-17 11:55:00-04:00,96.04000091552734,96.23999786376953,96.0199966430664,96.23999786376953,2940,0.0,0.0
2024-10-17 12:00:00-04:00,96.1449966430664,96.1449966430664,96.1449966430664,96.1449966430664,278,0.0,0.0
2024-10-17 12:05:00-04:00,96.1449966430664,96.1449966430664,96.1449966430664,96.1449966430664,309,0.0,0.0
2024-10-17 12:10:00-04:00,96.1449966430664,96.1449966430664,96.1449966430664,96.1449966430664,345,0.0,0.0
2024-10-17 12:15:00-04:00,96.1500015258789,96.1500015258789,96.05999755859375,96.05999755859375,528,0.0,0.0
2024-10-17 12:20:00-04:00,96.1500015258789,96.1500015258789,96.02999877929688,96.1500015258789,549,0.0,0.0
2024-10-17 12:25:00-04:00,96.16000366210938,96.16000366210938,96.05999755859375,96.05999755859375,400,0.0,0.0
2024-10-17 12:30:00-04:00,96.05000305175781,96.05000305175781,95.94999694824219,95.94999694824219,2761,0.0,0.0
2024-10-17 12:35:00-04:00,95.94999694824219,96.15499877929688,95.94999694824219,96.15499877929688,1182,0.0,0.0
2024-10-17 12:40:00-04:00,96.11499786376953,96.11499786376953,96.11499786376953,96.11499786376953,386,0.0,0.0
2024-10-17 12:50:00-04:00,95.98999786376953,95.98999786376953,95.98999786376953,95.98999786376953,304,0.0,0.0
2024-10-17 12:55:00-04:00,95.98999786376953,96.05999755859375,95.95999908447266,96.05500030517578,2870,0.0,0.0
2024-10-17 13:05:00-04:00,96.0,96.0,95.99500274658203,95.99500274658203,305,0.0,0.0
2024-10-17 13:10:00-04:00,96.0,96.0,96.0,96.0,164,0.0,0.0
2024-10-17 13:15:00-04:00,95.97000122070312,95.9800033569336,95.97000122070312,95.9800033569336,356,0.0,0.0
2024-10-17 13:20:00-04:00,95.98999786376953,96.0,95.93000030517578,95.93000030517578,2240,0.0,0.0
2024-10-17 13:25:00-04:00,95.9749984741211,95.9749984741211,95.97000122070312,95.97000122070312,263,0.0,0.0
2024-10-17 13:30:00-04:00,95.9749984741211,95.9749984741211,95.87999725341797,95.97000122070312,377,0.0,0.0
2024-10-17 13:35:00-04:00,95.9749984741211,95.9749984741211,95.93000030517578,95.93000030517578,481,0.0,0.0
2024-10-17 13:40:00-04:00,95.9749984741211,96.06999969482422,95.9749984741211,95.98999786376953,1207,0.0,0.0
2024-10-17 13:50:00-04:00,95.97000122070312,96.08999633789062,95.9000015258789,96.08000183105469,2502,0.0,0.0
2024-10-17 13:55:00-04:00,96.12999725341797,96.13500213623047,96.12999725341797,96.13500213623047,487,0.0,0.0
2024-10-17 14:00:00-04:00,96.09500122070312,96.0999984741211,96.09500122070312,96.0999984741211,462,0.0,0.0
2024-10-17 14:05:00-04:00,96.0999984741211,96.1050033569336,96.02999877929688,96.02999877929688,666,0.0,0.0
2024-10-17 14:10:00-04:00,96.02999877929688,96.02999877929688,95.93000030517578,96.02999877929688,1959,0.0,0.0
2024-10-17 14:15:00-04:00,96.06999969482422,96.06999969482422,96.06999969482422,96.06999969482422,208,0.0,0.0
2024-10-17 14:20:00-04:00,96.08000183105469,96.08000183105469,96.08000183105469,96.08000183105469,163,0.0,0.0
2024-10-17 14:25:00-04:00,96.11000061035156,96.13999938964844,96.05999755859375,96.05999755859375,1857,0.0,0.0
2024-10-17 14:30:00-04:00,96.06999969482422,96.06999969482422,96.06999969482422,96.06999969482422,463,0.0,0.0
2024-10-17 14:35:00-04:00,96.0,96.13999938964844,96.0,96.05000305175781,714,0.0,0.0
2024-10-17 14:40:00-04:00,96.0,96.05000305175781,96.0,96.05000305175781,494,0.0,0.0
2024-10-17 14:45:00-04:00,96.1500015258789,96.22000122070312,96.05000305175781,96.22000122070312,1657,0.0,0.0
2024-10-17 14:50:00-04:00,96.31999969482422,96.31999969482422,96.2249984741211,96.2249984741211,1009,0.0,0.0
2024-10-17 15:00:00-04:00,96.2249984741211,96.2249984741211,96.0999984741211,96.12000274658203,2075,0.0,0.0
2024-10-17 15:05:00-04:00,96.19000244140625,96.2300033569336,96.1500015258789,96.19999694824219,2140,0.0,0.0
2024-10-17 15:10:00-04:00,96.21499633789062,96.21499633789062,96.19000244140625,96.19000244140625,1883,0.0,0.0
2024-10-17 15:15:00-04:00,96.23500061035156,96.30999755859375,96.23500061035156,96.2699966430664,1603,0.0,0.0
2024-10-17 15:20:00-04:00,96.33000183105469,96.37000274658203,96.30999755859375,96.37000274658203,1364,0.0,0.0
2024-10-17 15:25:00-04:00,96.43000030517578,96.4749984741211,96.43000030517578,96.4749984741211,727,0.0,0.0
2024-10-17 15:30:00-04:00,96.47000122070312,96.69000244140625,96.33999633789062,96.6500015258789,6840,0.0,0.0
2024-10-17 15:35:00-04:00,96.6449966430664,96.6500015258789,96.63500213623047,96.63500213623047,634,0.0,0.0
2024-10-17 15:40:00-04:00,96.63500213623047,96.69999694824219,96.62999725341797,96.63999938964844,3394,0.0,0.0
2024-10-17 15:45:00-04:00,96.68499755859375,96.8499984741211,96.68499755859375,96.8499984741211,3104,0.0,0.0
2024-10-17 15:50:00-04:00,96.75,96.80999755859375,96.58999633789062,96.71499633789062,8726,0.0,0.0
2024-10-17 15:55:00-04:00,96.76000213623047,96.97000122070312,96.76000213623047,96.95999908447266,19606,0.0,0.0
2024-10-18 09:30:00-04:00,96.91999816894531,96.91999816894531,95.4800033569336,95.5999984741211,13316,0.0,0.0
2024-10-18 09:35:00-04:00,95.27999877929688,95.69999694824219,95.18000030517578,95.36000061035156,3567,0.0,0.0
2024-10-18 09:40:00-04:00,95.05000305175781,95.3499984741211,94.94499969482422,95.3499984741211,4415,0.0,0.0
2024-10-18 09:45:00-04:00,95.23500061035156,95.4800033569336,95.23500061035156,95.41999816894531,3911,0.0,0.0
2024-10-18 09:50:00-04:00,95.46499633789062,95.46499633789062,95.46499633789062,95.46499633789062,632,0.0,0.0
2024-10-18 09:55:00-04:00,95.3499984741211,95.5,95.16999816894531,95.41500091552734,18635,0.0,0.0
2024-10-18 10:00:00-04:00,95.37000274658203,95.43000030517578,94.52999877929688,94.69999694824219,19050,0.0,0.0
2024-10-18 10:05:00-04:00,94.74500274658203,95.03250122070312,94.74500274658203,95.0199966430664,5941,0.0,0.0
2024-10-18 10:10:00-04:00,95.0199966430664,95.25,94.66000366210938,94.66000366210938,12181,0.0,0.0
2024-10-18 10:15:00-04:00,94.68000030517578,94.75,94.65579986572266,94.65579986572266,4515,0.0,0.0
2024-10-18 10:20:00-04:00,94.61499786376953,94.61499786376953,93.93000030517578,93.93000030517578,5707,0.0,0.0
2024-10-18 10:25:00-04:00,94.02999877929688,94.625,94.02999877929688,94.625,5547,0.0,0.0
2024-10-18 10:30:00-04:00,94.74500274658203,95.2699966430664,94.74500274658203,95.20999908447266,1548,0.0,0.0
2024-10-18 10:35:00-04:00,95.34500122070312,95.34500122070312,95.34500122070312,95.34500122070312,540,0.0,0.0
2024-10-18 10:40:00-04:00,95.27999877929688,95.27999877929688,95.27999877929688,95.27999877929688,298,0.0,0.0
2024-10-18 10:45:00-04:00,95.30999755859375,95.32499694824219,95.16000366210938,95.32499694824219,1410,0.0,0.0
2024-10-18 10:50:00-04:00,95.31999969482422,95.4000015258789,95.04000091552734,95.04000091552734,3194,0.0,0.0
2024-10-18 10:55:00-04:00,94.9000015258789,95.01000213623047,94.73500061035156,94.87999725341797,6462,0.0,0.0
2024-10-18 11:00:00-04:00,94.75499725341797,94.9000015258789,94.75499725341797,94.9000015258789,816,0.0,0.0
2024-10-18 11:05:00-04:00,95.0199966430664,95.19000244140625,95.0199966430664,95.04000091552734,3366,0.0,0.0
2024-10-18 11:15:00-04:00,95.0199966430664,95.0199966430664,95.0199966430664,95.0199966430664,367,0.0,0.0
2024-10-18 11:20:00-04:00,95.01499938964844,95.01499938964844,94.87000274658203,94.94000244140625,854,0.0,0.0
2024-10-18 11:25:00-04:00,94.79499816894531,95.02999877929688,94.76000213623047,95.02999877929688,971,0.0,0.0
2024-10-18 11:30:00-04:00,94.94999694824219,94.94999694824219,94.7249984741211,94.79499816894531,2322,0.0,0.0
2024-10-18 11:35:00-04:00,94.75,94.75,94.7249984741211,94.7249984741211,2092,0.0,0.0
2024-10-18 11:40:00-04:00,94.68499755859375,94.94000244140625,94.66000366210938,94.92500305175781,10257,0.0,0.0
2024-10-18 11:45:00-04:00,94.95500183105469,95.05000305175781,94.95500183105469,95.05000305175781,602,0.0,0.0
2024-10-18 11:50:00-04:00,94.97000122070312,94.97000122070312,94.83000183105469,94.83000183105469,3344,0.0,0.0
2024-10-18 11:55:00-04:00,94.75,94.94000244140625,94.69000244140625,94.93000030517578,4379,0.0,0.0
2024-10-18 12:00:00-04:00,95.11000061035156,95.11000061035156,95.11000061035156,95.11000061035156,663,0.0,0.0
2024-10-18 12:05:00-04:00,94.97000122070312,95.11000061035156,94.97000122070312,95.11000061035156,2184,0.0,0.0
2024-10-18 12:10:00-04:00,95.05999755859375,95.30000305175781,95.01000213623047,95.30000305175781,5907,0.0,0.0
2024-10-18 12:15:00-04:00,95.43000030517578,95.45999908447266,95.12999725341797,95.18000030517578,5673,0.0,0.0
2024-10-18 12:20:00-04:00,94.98999786376953,95.0,94.93499755859375,95.0,861,0.0,0.0
2024-10-18 12:25:00-04:00,94.9749984741211,94.9749984741211,94.9749984741211,94.9749984741211,499,0.0,0.0
2024-10-18 12:30:00-04:00,94.99500274658203,94.99500274658203,94.98999786376953,94.98999786376953,1477,0.0,0.0
2024-10-18 12:35:00-04:00,94.91000366210938,94.91999816894531,94.70500183105469,94.8550033569336,18090,0.0,0.0
2024-10-18 12:40:00-04:00,94.94000244140625,95.19000244140625,94.94000244140625,95.16500091552734,2459,0.0,0.0
2024-10-18 12:45:00-04:00,95.05999755859375,95.0999984741211,94.97000122070312,94.97000122070312,1359,0.0,0.0
2024-10-18 12:50:00-04:00,95.07499694824219,95.29000091552734,95.07499694824219,95.2699966430664,3117,0.0,0.0
2024-10-18 12:55:00-04:00,95.25,95.25,95.24500274658203,95.25,1051,0.0,0.0
2024-10-18 13:00:00-04:00,95.25,95.25,95.25,95.25,228,0.0,0.0
2024-10-18 13:05:00-04:00,95.25,95.31999969482422,95.25,95.25,841,0.0,0.0
2024-10-18 13:10:00-04:00,95.33000183105469,95.4000015258789,95.28500366210938,95.4000015258789,2572,0.0,0.0
2024-10-18 13:20:00-04:00,95.38999938964844,95.38999938964844,95.0999984741211,95.0999984741211,2791,0.0,0.0
2024-10-18 13:25:00-04:00,95.09500122070312,95.12999725341797,95.09500122070312,95.0999984741211,1294,0.0,0.0
2024-10-18 13:30:00-04:00,95.19000244140625,95.19000244140625,95.11000061035156,95.16000366210938,1602,0.0,0.0
2024-10-18 13:35:00-04:00,95.16000366210938,95.16000366210938,95.1500015258789,95.1500015258789,681,0.0,0.0
2024-10-18 13:40:00-04:00,95.16000366210938,95.375,95.1500015258789,95.26000213623047,1945,0.0,0.0
2024-10-18 13:45:00-04:00,95.2699966430664,95.31999969482422,95.13999938964844,95.25,2795,0.0,0.0
2024-10-18 13:50:00-04:00,95.25499725341797,95.25499725341797,95.05999755859375,95.05999755859375,1977,0.0,0.0
2024-10-18 13:55:00-04:00,94.88999938964844,95.0199966430664,94.88999938964844,95.0199966430664,1251,0.0,0.0
2024-10-18 14:00:00-04:00,94.83999633789062,95.04000091552734,94.83999633789062,95.04000091552734,3069,0.0,0.0
2024-10-18 14:10:00-04:00,94.98999786376953,95.06999969482422,94.98999786376953,95.0199966430664,1144,0.0,0.0
2024-10-18 14:15:00-04:00,95.0199966430664,95.06999969482422,94.97000122070312,95.05500030517578,3789,0.0,0.0
2024-10-18 14:20:00-04:00,95.08999633789062,95.08999633789062,94.94000244140625,94.94000244140625,2599,0.0,0.0
2024-10-18 14:25:00-04:00,94.94000244140625,94.94000244140625,94.75,94.83999633789062,2262,0.0,0.0
2024-10-18 14:30:00-04:00,94.7300033569336,94.86000061035156,94.72000122070312,94.86000061035156,1852,0.0,0.0
2024-10-18 14:35:00-04:00,94.75,94.75,94.62999725341797,94.62999725341797,1849,0.0,0.0
2024-10-18 14:40:00-04:00,94.62000274658203,94.7300033569336,94.62000274658203,94.70999908447266,2824,0.0,0.0
2024-10-18 14:45:00-04:00,94.69000244140625,94.72200012207031,94.66000366210938,94.66000366210938,1616,0.0,0.0
2024-10-18 14:50:00-04:00,94.68000030517578,94.7300033569336,94.2699966430664,94.2699966430664,4838,0.0,0.0
2024-10-18 14:55:00-04:00,94.30000305175781,94.38999938964844,94.13999938964844,94.25,6907,0.0,0.0
2024-10-18 15:00:00-04:00,94.13999938964844,94.13999938964844,94.02999877929688,94.09500122070312,1526,0.0,0.0
2024-10-18 15:05:00-04:00,94.125,94.3550033569336,94.08999633789062,94.3550033569336,2883,0.0,0.0
2024-10-18 15:10:00-04:00,94.26000213623047,94.2699966430664,94.13999938964844,94.13999938964844,2077,0.0,0.0
2024-10-18 15:15:00-04:00,94.125,94.18000030517578,94.1050033569336,94.18000030517578,2193,0.0,0.0
2024-10-18 15:20:00-04:00,94.1050033569336,94.16999816894531,94.05000305175781,94.11000061035156,3609,0.0,0.0
2024-10-18 15:25:00-04:00,94.05000305175781,94.05999755859375,93.95500183105469,94.05999755859375,7979,0.0,0.0
2024-10-18 15:30:00-04:00,93.9749984741211,93.9749984741211,93.87999725341797,93.9000015258789,2485,0.0,0.0
2024-10-18 15:35:00-04:00,93.87000274658203,93.9000015258789,93.70999908447266,93.7300033569336,8879,0.0,0.0
2024-10-18 15:40:00-04:00,93.7300033569336,93.8290023803711,93.58000183105469,93.58000183105469,5831,0.0,0.0
2024-10-18 15:45:00-04:00,93.55000305175781,93.6500015258789,93.55000305175781,93.63500213623047,11341,0.0,0.0
2024-10-18 15:50:00-04:00,93.58999633789062,93.70999908447266,93.44000244140625,93.70999908447266,19100,0.0,0.0
2024-10-18 15:55:00-04:00,93.69999694824219,93.81999969482422,93.5199966430664,93.77999877929688,40487,0.0,0.0
