Datetime,Open,High,Low,Close,Volume,Dividends,Stock Splits
2024-09-20 09:30:00-04:00,22.3799991607666,22.5,22.030000686645508,22.030000686645508,112979,0.0,0.0
2024-09-20 09:35:00-04:00,22.059999465942383,22.1299991607666,21.959999084472656,21.959999084472656,61009,0.0,0.0
2024-09-20 09:40:00-04:00,21.959999084472656,21.979999542236328,21.719999313354492,21.729999542236328,71022,0.0,0.0
2024-09-20 09:45:00-04:00,21.73900032043457,21.84000015258789,21.700000762939453,21.7450008392334,93756,0.0,0.0
2024-09-20 09:50:00-04:00,21.75,21.81999969482422,21.739999771118164,21.78499984741211,70913,0.0,0.0
2024-09-20 09:55:00-04:00,21.78499984741211,21.899999618530273,21.78499984741211,21.854999542236328,36996,0.0,0.0
2024-09-20 10:00:00-04:00,21.8700008392334,21.959999084472656,21.864999771118164,21.899999618530273,37872,0.0,0.0
2024-09-20 10:05:00-04:00,21.90999984741211,21.924999237060547,21.81999969482422,21.8700008392334,36576,0.0,0.0
2024-09-20 10:10:00-04:00,21.875,21.989999771118164,21.8700008392334,21.90999984741211,39356,0.0,0.0
2024-09-20 10:15:00-04:00,21.90999984741211,21.985000610351562,21.905000686645508,21.985000610351562,33846,0.0,0.0
2024-09-20 10:20:00-04:00,21.989999771118164,21.989999771118164,21.93000030517578,21.950000762939453,22905,0.0,0.0
2024-09-20 10:25:00-04:00,21.950000762939453,21.979999542236328,21.950000762939453,21.975000381469727,17581,0.0,0.0
2024-09-20 10:30:00-04:00,21.979999542236328,22.040000915527344,21.975000381469727,21.979999542236328,23500,0.0,0.0
2024-09-20 10:35:00-04:00,21.979999542236328,21.9950008392334,21.969999313354492,21.979999542236328,22777,0.0,0.0
2024-09-20 10:40:00-04:00,21.985000610351562,22.020000457763672,21.969999313354492,21.969999313354492,20679,0.0,0.0
2024-09-20 10:45:00-04:00,21.969999313354492,21.979999542236328,21.940000534057617,21.959999084472656,15438,0.0,0.0
2024-09-20 10:50:00-04:00,21.959999084472656,21.9950008392334,21.959999084472656,21.989999771118164,19930,0.0,0.0
2024-09-20 10:55:00-04:00,21.9950008392334,21.9950008392334,21.954999923706055,21.959999084472656,19607,0.0,0.0
2024-09-20 11:00:00-04:00,21.959999084472656,21.96500015258789,21.920000076293945,21.920000076293945,13570,0.0,0.0
2024-09-20 11:05:00-04:00,21.920000076293945,21.924999237060547,21.889999389648438,21.905000686645508,19937,0.0,0.0
2024-09-20 11:10:00-04:00,21.905000686645508,21.954999923706055,21.905000686645508,21.920000076293945,29822,0.0,0.0
2024-09-20 11:15:00-04:00,21.920000076293945,21.920000076293945,21.860000610351562,21.8700008392334,31809,0.0,0.0
2024-09-20 11:20:00-04:00,21.875,21.889999389648438,21.860000610351562,21.885000228881836,23277,0.0,0.0
2024-09-20 11:25:00-04:00,21.889999389648438,21.895000457763672,21.850000381469727,21.854999542236328,48035,0.0,0.0
2024-09-20 11:30:00-04:00,21.854999542236328,21.864999771118164,21.834999084472656,21.84000015258789,25177,0.0,0.0
2024-09-20 11:35:00-04:00,21.844999313354492,21.8799991607666,21.844999313354492,21.854999542236328,17681,0.0,0.0
2024-09-20 11:40:00-04:00,21.850000381469727,21.860000610351562,21.825000762939453,21.829999923706055,16238,0.0,0.0
2024-09-20 11:45:00-04:00,21.81999969482422,21.829999923706055,21.799999237060547,21.800899505615234,21155,0.0,0.0
2024-09-20 11:50:00-04:00,21.80069923400879,21.80470085144043,21.770000457763672,21.770000457763672,31160,0.0,0.0
2024-09-20 11:55:00-04:00,21.774999618530273,21.780000686645508,21.75,21.75,18437,0.0,0.0
2024-09-20 12:00:00-04:00,21.75,21.829999923706055,21.75,21.825000762939453,27969,0.0,0.0
2024-09-20 12:05:00-04:00,21.81999969482422,21.81999969482422,21.790000915527344,21.80500030517578,22929,0.0,0.0
2024-09-20 12:10:00-04:00,21.80500030517578,21.81999969482422,21.799999237060547,21.799999237060547,15976,0.0,0.0
2024-09-20 12:15:00-04:00,21.809999465942383,21.854999542236328,21.80500030517578,21.844999313354492,16679,0.0,0.0
2024-09-20 12:20:00-04:00,21.842500686645508,21.8799991607666,21.84000015258789,21.8799991607666,21086,0.0,0.0
2024-09-20 12:25:00-04:00,21.885000228881836,21.889999389648438,21.8799991607666,21.889999389648438,5450,0.0,0.0
2024-09-20 12:30:00-04:00,21.885000228881836,21.889999389648438,21.860000610351562,21.860000610351562,23515,0.0,0.0
2024-09-20 12:35:00-04:00,21.864999771118164,21.864999771118164,21.84000015258789,21.84000015258789,11899,0.0,0.0
2024-09-20 12:40:00-04:00,21.844999313354492,21.844999313354492,21.809999465942383,21.84000015258789,22522,0.0,0.0
2024-09-20 12:45:00-04:00,21.844999313354492,21.850000381469727,21.844999313354492,21.844999313354492,8692,0.0,0.0
2024-09-20 12:50:00-04:00,21.844999313354492,21.854999542236328,21.825000762939453,21.850000381469727,25208,0.0,0.0
2024-09-20 12:55:00-04:00,21.844999313354492,21.844999313354492,21.809999465942383,21.809999465942383,17870,0.0,0.0
2024-09-20 13:00:00-04:00,21.81999969482422,21.81999969482422,21.799999237060547,21.80500030517578,12169,0.0,0.0
2024-09-20 13:05:00-04:00,21.809999465942383,21.809999465942383,21.799999237060547,21.80500030517578,4615,0.0,0.0
2024-09-20 13:10:00-04:00,21.809999465942383,21.815000534057617,21.795000076293945,21.799999237060547,18332,0.0,0.0
2024-09-20 13:15:00-04:00,21.799999237060547,21.799999237060547,21.790000915527344,21.795000076293945,6560,0.0,0.0
2024-09-20 13:20:00-04:00,21.795000076293945,21.795000076293945,21.770000457763672,21.774999618530273,9742,0.0,0.0
2024-09-20 13:25:00-04:00,21.774999618530273,21.795000076293945,21.770000457763672,21.795000076293945,17749,0.0,0.0
2024-09-20 13:30:00-04:00,21.795000076293945,21.81999969482422,21.795000076293945,21.81999969482422,9075,0.0,0.0
2024-09-20 13:35:00-04:00,21.815000534057617,21.81999969482422,21.809999465942383,21.815000534057617,11700,0.0,0.0
2024-09-20 13:40:00-04:00,21.815000534057617,21.81999969482422,21.809999465942383,21.815000534057617,6447,0.0,0.0
2024-09-20 13:45:00-04:00,21.815000534057617,21.81999969482422,21.809999465942383,21.815000534057617,6593,0.0,0.0
2024-09-20 13:50:00-04:00,21.815000534057617,21.81999969482422,21.799999237060547,21.799999237060547,19143,0.0,0.0
2024-09-20 13:55:00-04:00,21.80500030517578,21.81999969482422,21.80500030517578,21.815000534057617,12783,0.0,0.0
2024-09-20 14:00:00-04:00,21.809999465942383,21.829999923706055,21.80500030517578,21.815000534057617,20841,0.0,0.0
2024-09-20 14:05:00-04:00,21.815000534057617,21.84000015258789,21.815000534057617,21.834999084472656,6657,0.0,0.0
2024-09-20 14:10:00-04:00,21.829999923706055,21.834999084472656,21.829999923706055,21.829999923706055,4472,0.0,0.0
2024-09-20 14:15:00-04:00,21.829999923706055,21.834999084472656,21.815000534057617,21.815000534057617,11627,0.0,0.0
2024-09-20 14:20:00-04:00,21.815000534057617,21.825000762939453,21.815000534057617,21.825000762939453,8130,0.0,0.0
2024-09-20 14:25:00-04:00,21.81999969482422,21.834999084472656,21.81999969482422,21.829999923706055,14933,0.0,0.0
2024-09-20 14:30:00-04:00,21.829999923706055,21.84000015258789,21.829999923706055,21.834999084472656,4411,0.0,0.0
2024-09-20 14:35:00-04:00,21.84000015258789,21.84000015258789,21.829999923706055,21.84000015258789,4370,0.0,0.0
2024-09-20 14:40:00-04:00,21.834999084472656,21.84000015258789,21.829999923706055,21.84000015258789,11910,0.0,0.0
2024-09-20 14:45:00-04:00,21.829999923706055,21.829999923706055,21.799999237060547,21.815000534057617,27999,0.0,0.0
2024-09-20 14:50:00-04:00,21.81999969482422,21.8700008392334,21.809999465942383,21.864999771118164,15108,0.0,0.0
2024-09-20 14:55:00-04:00,21.864999771118164,21.864999771118164,21.799999237060547,21.799999237060547,34201,0.0,0.0
2024-09-20 15:00:00-04:00,21.80500030517578,21.81999969482422,21.799999237060547,21.799999237060547,15100,0.0,0.0
2024-09-20 15:05:00-04:00,21.799999237060547,21.799999237060547,21.770000457763672,21.774999618530273,19053,0.0,0.0
2024-09-20 15:10:00-04:00,21.774999618530273,21.799999237060547,21.770000457763672,21.799999237060547,15645,0.0,0.0
2024-09-20 15:15:00-04:00,21.795000076293945,21.809999465942383,21.795000076293945,21.80500030517578,11302,0.0,0.0
2024-09-20 15:20:00-04:00,21.80500030517578,21.81999969482422,21.80500030517578,21.815000534057617,21244,0.0,0.0
2024-09-20 15:25:00-04:00,21.815000534057617,21.815000534057617,21.790000915527344,21.795000076293945,28209,0.0,0.0
2024-09-20 15:30:00-04:00,21.79010009765625,21.80500030517578,21.780000686645508,21.80500030517578,48051,0.0,0.0
2024-09-20 15:35:00-04:00,21.80500030517578,21.80500030517578,21.75,21.7549991607666,41290,0.0,0.0
2024-09-20 15:40:00-04:00,21.7549991607666,21.795000076293945,21.75,21.795000076293945,53477,0.0,0.0
2024-09-20 15:45:00-04:00,21.795000076293945,21.829999923706055,21.795000076293945,21.825000762939453,48440,0.0,0.0
2024-09-20 15:50:00-04:00,21.829999923706055,21.8799991607666,21.81999969482422,21.834999084472656,152153,0.0,0.0
2024-09-20 15:55:00-04:00,21.834999084472656,21.889999389648438,21.81999969482422,21.84000015258789,465865,0.0,0.0
2024-09-23 09:30:00-04:00,21.700000762939453,21.780000686645508,21.510000228881836,21.600000381469727,125934,0.0,0.0
2024-09-23 09:35:00-04:00,21.610000610351562,21.610000610351562,21.459999084472656,21.459999084472656,61102,0.0,0.0
2024-09-23 09:40:00-04:00,21.479999542236328,21.575000762939453,21.459999084472656,21.575000762939453,20987,0.0,0.0
2024-09-23 09:45:00-04:00,21.559999465942383,21.600000381469727,21.510000228881836,21.600000381469727,21675,0.0,0.0
2024-09-23 09:50:00-04:00,21.600000381469727,21.6299991607666,21.579999923706055,21.6299991607666,21919,0.0,0.0
2024-09-23 09:55:00-04:00,21.6299991607666,21.68000030517578,21.579999923706055,21.579999923706055,17187,0.0,0.0
2024-09-23 10:00:00-04:00,21.579999923706055,21.59000015258789,21.524999618530273,21.549999237060547,35671,0.0,0.0
2024-09-23 10:05:00-04:00,21.549999237060547,21.6200008392334,21.549999237060547,21.59000015258789,22682,0.0,0.0
2024-09-23 10:10:00-04:00,21.59000015258789,21.68000030517578,21.59000015258789,21.645000457763672,23576,0.0,0.0
2024-09-23 10:15:00-04:00,21.649999618530273,21.665000915527344,21.600000381469727,21.600000381469727,31869,0.0,0.0
2024-09-23 10:20:00-04:00,21.59000015258789,21.604999542236328,21.565000534057617,21.600000381469727,36715,0.0,0.0
2024-09-23 10:25:00-04:00,21.59000015258789,21.65999984741211,21.55500030517578,21.625,40880,0.0,0.0
2024-09-23 10:30:00-04:00,21.625,21.684999465942383,21.59000015258789,21.684999465942383,42165,0.0,0.0
2024-09-23 10:35:00-04:00,21.684999465942383,21.739999771118164,21.674999237060547,21.704999923706055,37137,0.0,0.0
2024-09-23 10:40:00-04:00,21.700000762939453,21.71500015258789,21.684999465942383,21.69499969482422,22002,0.0,0.0
2024-09-23 10:45:00-04:00,21.69499969482422,21.709999084472656,21.670000076293945,21.69499969482422,36585,0.0,0.0
2024-09-23 10:50:00-04:00,21.700000762939453,21.719999313354492,21.69499969482422,21.71500015258789,10818,0.0,0.0
2024-09-23 10:55:00-04:00,21.735000610351562,21.764999389648438,21.725000381469727,21.760000228881836,31381,0.0,0.0
2024-09-23 11:00:00-04:00,21.760000228881836,21.760000228881836,21.68000030517578,21.684999465942383,33951,0.0,0.0
2024-09-23 11:05:00-04:00,21.68000030517578,21.68000030517578,21.639999389648438,21.65999984741211,27590,0.0,0.0
2024-09-23 11:10:00-04:00,21.65999984741211,21.690000534057617,21.649999618530273,21.649999618530273,27585,0.0,0.0
2024-09-23 11:15:00-04:00,21.649999618530273,21.655000686645508,21.614999771118164,21.645000457763672,29833,0.0,0.0
2024-09-23 11:20:00-04:00,21.645000457763672,21.649999618530273,21.6299991607666,21.635000228881836,15651,0.0,0.0
2024-09-23 11:25:00-04:00,21.635000228881836,21.645000457763672,21.604999542236328,21.645000457763672,23276,0.0,0.0
2024-09-23 11:30:00-04:00,21.639999389648438,21.639999389648438,21.6200008392334,21.6200008392334,14536,0.0,0.0
2024-09-23 11:35:00-04:00,21.6200008392334,21.635000228881836,21.6200008392334,21.6200008392334,19182,0.0,0.0
2024-09-23 11:40:00-04:00,21.625,21.645000457763672,21.614999771118164,21.635000228881836,18125,0.0,0.0
2024-09-23 11:45:00-04:00,21.6299991607666,21.670000076293945,21.6299991607666,21.670000076293945,32903,0.0,0.0
2024-09-23 11:50:00-04:00,21.670000076293945,21.670000076293945,21.610000610351562,21.635000228881836,77715,0.0,0.0
2024-09-23 11:55:00-04:00,21.635000228881836,21.649999618530273,21.604999542236328,21.635000228881836,29590,0.0,0.0
2024-09-23 12:00:00-04:00,21.635000228881836,21.635000228881836,21.610000610351562,21.614999771118164,19573,0.0,0.0
2024-09-23 12:05:00-04:00,21.614999771118164,21.614999771118164,21.56999969482422,21.604999542236328,31174,0.0,0.0
2024-09-23 12:10:00-04:00,21.604999542236328,21.649999618530273,21.604999542236328,21.6200008392334,32540,0.0,0.0
2024-09-23 12:15:00-04:00,21.6299991607666,21.670000076293945,21.6200008392334,21.645000457763672,29040,0.0,0.0
2024-09-23 12:20:00-04:00,21.645000457763672,21.655000686645508,21.639999389648438,21.645000457763672,16333,0.0,0.0
2024-09-23 12:25:00-04:00,21.645000457763672,21.670000076293945,21.639999389648438,21.645000457763672,22454,0.0,0.0
2024-09-23 12:30:00-04:00,21.645000457763672,21.690000534057617,21.639999389648438,21.690000534057617,23698,0.0,0.0
2024-09-23 12:35:00-04:00,21.684999465942383,21.690000534057617,21.655000686645508,21.65999984741211,18585,0.0,0.0
2024-09-23 12:40:00-04:00,21.65999984741211,21.670000076293945,21.649999618530273,21.655000686645508,14689,0.0,0.0
2024-09-23 12:45:00-04:00,21.655000686645508,21.68000030517578,21.649999618530273,21.674999237060547,18574,0.0,0.0
2024-09-23 12:50:00-04:00,21.674999237060547,21.684999465942383,21.670000076293945,21.670000076293945,14661,0.0,0.0
2024-09-23 12:55:00-04:00,21.674999237060547,21.704999923706055,21.670000076293945,21.674999237060547,24116,0.0,0.0
2024-09-23 13:00:00-04:00,21.670000076293945,21.674999237060547,21.65999984741211,21.670000076293945,13941,0.0,0.0
2024-09-23 13:05:00-04:00,21.674999237060547,21.700000762939453,21.665000915527344,21.690000534057617,17395,0.0,0.0
2024-09-23 13:10:00-04:00,21.690000534057617,21.698999404907227,21.665000915527344,21.674999237060547,14678,0.0,0.0
2024-09-23 13:15:00-04:00,21.670000076293945,21.67530059814453,21.65999984741211,21.670000076293945,14541,0.0,0.0
2024-09-23 13:20:00-04:00,21.674999237060547,21.69499969482422,21.655000686645508,21.655000686645508,38774,0.0,0.0
2024-09-23 13:25:00-04:00,21.65999984741211,21.674999237060547,21.649999618530273,21.655000686645508,21047,0.0,0.0
2024-09-23 13:30:00-04:00,21.649999618530273,21.670000076293945,21.649999618530273,21.665000915527344,15230,0.0,0.0
2024-09-23 13:35:00-04:00,21.665000915527344,21.665000915527344,21.639999389648438,21.645000457763672,13872,0.0,0.0
2024-09-23 13:40:00-04:00,21.645000457763672,21.65999984741211,21.639999389648438,21.649999618530273,22807,0.0,0.0
2024-09-23 13:45:00-04:00,21.649999618530273,21.65999984741211,21.649999618530273,21.65999984741211,15123,0.0,0.0
2024-09-23 13:50:00-04:00,21.655000686645508,21.65999984741211,21.645000457763672,21.655000686645508,20692,0.0,0.0
2024-09-23 13:55:00-04:00,21.649999618530273,21.665000915527344,21.649999618530273,21.655000686645508,17278,0.0,0.0
2024-09-23 14:00:00-04:00,21.649999618530273,21.649999618530273,21.635000228881836,21.635000228881836,13133,0.0,0.0
2024-09-23 14:05:00-04:00,21.635000228881836,21.665000915527344,21.625,21.655000686645508,34061,0.0,0.0
2024-09-23 14:10:00-04:00,21.65999984741211,21.670000076293945,21.649999618530273,21.665000915527344,17153,0.0,0.0
2024-09-23 14:15:00-04:00,21.665000915527344,21.670000076293945,21.65999984741211,21.665000915527344,7410,0.0,0.0
2024-09-23 14:20:00-04:00,21.65999984741211,21.665000915527344,21.65999984741211,21.665000915527344,13447,0.0,0.0
2024-09-23 14:25:00-04:00,21.665000915527344,21.670000076293945,21.649999618530273,21.670000076293945,33476,0.0,0.0
2024-09-23 14:30:00-04:00,21.665000915527344,21.674999237060547,21.665000915527344,21.670000076293945,14497,0.0,0.0
2024-09-23 14:35:00-04:00,21.670000076293945,21.68000030517578,21.670000076293945,21.674999237060547,10326,0.0,0.0
2024-09-23 14:40:00-04:00,21.674999237060547,21.69499969482422,21.670000076293945,21.670000076293945,48333,0.0,0.0
2024-09-23 14:45:00-04:00,21.670000076293945,21.690000534057617,21.649999618530273,21.690000534057617,22818,0.0,0.0
2024-09-23 14:50:00-04:00,21.684999465942383,21.709999084472656,21.68000030517578,21.69499969482422,36560,0.0,0.0
2024-09-23 14:55:00-04:00,21.700000762939453,21.709999084472656,21.670000076293945,21.68000030517578,35673,0.0,0.0
2024-09-23 15:00:00-04:00,21.674999237060547,21.69499969482422,21.670000076293945,21.684999465942383,28197,0.0,0.0
2024-09-23 15:05:00-04:00,21.690000534057617,21.690000534057617,21.68000030517578,21.684999465942383,19484,0.0,0.0
2024-09-23 15:10:00-04:00,21.68000030517578,21.729999542236328,21.68000030517578,21.69499969482422,57973,0.0,0.0
2024-09-23 15:15:00-04:00,21.690000534057617,21.704999923706055,21.670000076293945,21.704999923706055,20307,0.0,0.0
2024-09-23 15:20:00-04:00,21.704999923706055,21.72599983215332,21.704999923706055,21.725000381469727,31444,0.0,0.0
2024-09-23 15:25:00-04:00,21.729999542236328,21.729999542236328,21.690000534057617,21.69499969482422,32059,0.0,0.0
2024-09-23 15:30:00-04:00,21.69499969482422,21.69499969482422,21.665000915527344,21.665000915527344,30413,0.0,0.0
2024-09-23 15:35:00-04:00,21.665000915527344,21.674999237060547,21.65999984741211,21.670000076293945,36336,0.0,0.0
2024-09-23 15:40:00-04:00,21.665000915527344,21.709999084472656,21.65999984741211,21.665000915527344,56962,0.0,0.0
2024-09-23 15:45:00-04:00,21.665000915527344,21.68000030517578,21.65999984741211,21.674999237060547,41064,0.0,0.0
2024-09-23 15:50:00-04:00,21.674999237060547,21.684999465942383,21.639999389648438,21.649999618530273,165570,0.0,0.0
2024-09-23 15:55:00-04:00,21.649999618530273,21.665000915527344,21.62299919128418,21.65999984741211,440443,0.0,0.0
2024-09-24 09:30:00-04:00,22.5,22.65999984741211,22.34000015258789,22.3700008392334,307998,0.0,0.0
2024-09-24 09:35:00-04:00,22.3700008392334,22.579999923706055,22.360000610351562,22.579999923706055,159895,0.0,0.0
2024-09-24 09:40:00-04:00,22.575000762939453,22.59000015258789,22.440000534057617,22.44499969482422,77754,0.0,0.0
2024-09-24 09:45:00-04:00,22.44499969482422,22.469999313354492,22.440000534057617,22.44499969482422,63364,0.0,0.0
2024-09-24 09:50:00-04:00,22.450000762939453,22.469999313354492,22.34000015258789,22.420000076293945,152965,0.0,0.0
2024-09-24 09:55:00-04:00,22.43000030517578,22.469999313354492,22.399999618530273,22.43000030517578,20644,0.0,0.0
2024-09-24 10:00:00-04:00,22.43000030517578,22.472299575805664,22.3799991607666,22.389999389648438,32594,0.0,0.0
2024-09-24 10:05:00-04:00,22.389999389648438,22.540000915527344,22.3799991607666,22.540000915527344,19140,0.0,0.0
2024-09-24 10:10:00-04:00,22.530000686645508,22.540000915527344,22.489999771118164,22.4950008392334,26646,0.0,0.0
2024-09-24 10:15:00-04:00,22.496000289916992,22.496000289916992,22.415000915527344,22.415000915527344,35915,0.0,0.0
2024-09-24 10:20:00-04:00,22.420000076293945,22.485000610351562,22.389999389648438,22.485000610351562,38048,0.0,0.0
2024-09-24 10:25:00-04:00,22.489999771118164,22.499099731445312,22.46500015258789,22.46500015258789,51880,0.0,0.0
2024-09-24 10:30:00-04:00,22.46500015258789,22.46500015258789,22.40999984741211,22.415000915527344,58683,0.0,0.0
2024-09-24 10:35:00-04:00,22.415000915527344,22.440000534057617,22.389999389648438,22.434999465942383,57905,0.0,0.0
2024-09-24 10:40:00-04:00,22.434999465942383,22.440000534057617,22.3700008392334,22.3700008392334,93458,0.0,0.0
2024-09-24 10:45:00-04:00,22.375,22.389999389648438,22.350000381469727,22.375,52282,0.0,0.0
2024-09-24 10:50:00-04:00,22.3700008392334,22.385000228881836,22.364999771118164,22.385000228881836,28038,0.0,0.0
2024-09-24 10:55:00-04:00,22.3799991607666,22.44499969482422,22.364999771118164,22.424999237060547,153891,0.0,0.0
2024-09-24 11:00:00-04:00,22.424999237060547,22.450000762939453,22.420000076293945,22.44499969482422,160909,0.0,0.0
2024-09-24 11:05:00-04:00,22.44499969482422,22.4950008392334,22.424999237060547,22.485000610351562,112007,0.0,0.0
2024-09-24 11:10:00-04:00,22.485000610351562,22.520000457763672,22.479999542236328,22.514999389648438,65629,0.0,0.0
2024-09-24 11:15:00-04:00,22.510000228881836,22.579999923706055,22.510000228881836,22.575000762939453,27186,0.0,0.0
2024-09-24 11:20:00-04:00,22.56999969482422,22.575000762939453,22.545000076293945,22.56999969482422,45463,0.0,0.0
2024-09-24 11:25:00-04:00,22.559999465942383,22.594999313354492,22.549999237060547,22.59000015258789,30321,0.0,0.0
2024-09-24 11:30:00-04:00,22.59000015258789,22.59000015258789,22.540000915527344,22.549999237060547,50425,0.0,0.0
2024-09-24 11:35:00-04:00,22.545000076293945,22.55500030517578,22.545000076293945,22.545000076293945,27982,0.0,0.0
2024-09-24 11:40:00-04:00,22.545000076293945,22.559999465942383,22.540000915527344,22.549999237060547,39313,0.0,0.0
2024-09-24 11:45:00-04:00,22.549999237060547,22.604999542236328,22.549999237060547,22.604999542236328,27092,0.0,0.0
2024-09-24 11:50:00-04:00,22.600000381469727,22.610000610351562,22.579999923706055,22.584999084472656,49726,0.0,0.0
2024-09-24 11:55:00-04:00,22.584999084472656,22.610000610351562,22.584999084472656,22.610000610351562,26763,0.0,0.0
2024-09-24 12:00:00-04:00,22.600000381469727,22.6299991607666,22.600000381469727,22.625,16142,0.0,0.0
2024-09-24 12:05:00-04:00,22.6200008392334,22.700000762939453,22.614999771118164,22.69499969482422,28847,0.0,0.0
2024-09-24 12:10:00-04:00,22.69499969482422,22.739999771118164,22.69499969482422,22.719999313354492,54628,0.0,0.0
2024-09-24 12:15:00-04:00,22.71500015258789,22.729999542236328,22.709999084472656,22.725000381469727,70128,0.0,0.0
2024-09-24 12:20:00-04:00,22.725000381469727,22.760000228881836,22.719999313354492,22.735000610351562,41218,0.0,0.0
2024-09-24 12:25:00-04:00,22.7367000579834,22.770000457763672,22.729999542236328,22.7549991607666,20908,0.0,0.0
2024-09-24 12:30:00-04:00,22.7549991607666,22.770000457763672,22.719999313354492,22.770000457763672,31097,0.0,0.0
2024-09-24 12:35:00-04:00,22.770000457763672,22.809999465942383,22.770000457763672,22.790000915527344,22329,0.0,0.0
2024-09-24 12:40:00-04:00,22.790000915527344,22.81999969482422,22.78499984741211,22.795000076293945,21911,0.0,0.0
2024-09-24 12:45:00-04:00,22.799999237060547,22.84000015258789,22.795000076293945,22.834999084472656,19714,0.0,0.0
2024-09-24 12:50:00-04:00,22.829999923706055,22.829999923706055,22.81999969482422,22.825000762939453,16318,0.0,0.0
2024-09-24 12:55:00-04:00,22.825000762939453,22.825000762939453,22.790000915527344,22.80500030517578,29817,0.0,0.0
2024-09-24 13:00:00-04:00,22.80500030517578,22.825000762939453,22.80500030517578,22.825000762939453,8930,0.0,0.0
2024-09-24 13:05:00-04:00,22.825000762939453,22.84000015258789,22.815000534057617,22.84000015258789,18819,0.0,0.0
2024-09-24 13:10:00-04:00,22.84000015258789,22.850000381469727,22.834999084472656,22.844999313354492,15083,0.0,0.0
2024-09-24 13:15:00-04:00,22.850000381469727,22.8799991607666,22.844999313354492,22.8799991607666,14850,0.0,0.0
2024-09-24 13:20:00-04:00,22.8799991607666,22.8799991607666,22.864999771118164,22.8700008392334,19109,0.0,0.0
2024-09-24 13:25:00-04:00,22.8700008392334,22.895000457763672,22.8700008392334,22.885000228881836,22627,0.0,0.0
2024-09-24 13:30:00-04:00,22.889999389648438,22.90999984741211,22.885000228881836,22.90999984741211,10501,0.0,0.0
2024-09-24 13:35:00-04:00,22.90999984741211,22.920000076293945,22.905000686645508,22.90999984741211,20869,0.0,0.0
2024-09-24 13:40:00-04:00,22.914199829101562,22.93000030517578,22.899999618530273,22.93000030517578,18929,0.0,0.0
2024-09-24 13:45:00-04:00,22.924999237060547,22.950000762939453,22.924999237060547,22.940000534057617,16627,0.0,0.0
2024-09-24 13:50:00-04:00,22.950000762939453,22.959999084472656,22.94499969482422,22.94499969482422,15134,0.0,0.0
2024-09-24 13:55:00-04:00,22.950000762939453,22.96500015258789,22.93000030517578,22.940000534057617,34788,0.0,0.0
2024-09-24 14:00:00-04:00,22.940000534057617,22.94499969482422,22.924999237060547,22.924999237060547,15551,0.0,0.0
2024-09-24 14:05:00-04:00,22.93000030517578,22.93000030517578,22.920000076293945,22.93000030517578,15942,0.0,0.0
2024-09-24 14:10:00-04:00,22.924999237060547,22.959999084472656,22.924999237060547,22.954999923706055,52225,0.0,0.0
2024-09-24 14:15:00-04:00,22.959999084472656,22.979999542236328,22.959999084472656,22.96500015258789,16256,0.0,0.0
2024-09-24 14:20:00-04:00,22.96500015258789,22.969999313354492,22.94499969482422,22.959999084472656,25060,0.0,0.0
2024-09-24 14:25:00-04:00,22.954999923706055,22.9950008392334,22.954999923706055,22.9950008392334,20307,0.0,0.0
2024-09-24 14:30:00-04:00,22.989999771118164,23.020000457763672,22.985000610351562,23.014999389648438,100790,0.0,0.0
2024-09-24 14:35:00-04:00,23.014999389648438,23.049999237060547,23.014999389648438,23.045000076293945,16090,0.0,0.0
2024-09-24 14:40:00-04:00,23.045000076293945,23.059900283813477,23.040000915527344,23.045000076293945,26041,0.0,0.0
2024-09-24 14:45:00-04:00,23.045000076293945,23.049999237060547,23.03459930419922,23.040000915527344,20985,0.0,0.0
2024-09-24 14:50:00-04:00,23.040000915527344,23.049999237060547,22.985000610351562,22.9950008392334,55534,0.0,0.0
2024-09-24 14:55:00-04:00,22.9950008392334,23.0049991607666,22.979999542236328,22.989999771118164,18355,0.0,0.0
2024-09-24 15:00:00-04:00,22.985000610351562,23.0,22.985000610351562,22.9950008392334,21650,0.0,0.0
2024-09-24 15:05:00-04:00,22.989999771118164,23.0049991607666,22.985000610351562,23.0,32381,0.0,0.0
2024-09-24 15:10:00-04:00,23.0,23.014999389648438,23.0,23.0,52948,0.0,0.0
2024-09-24 15:15:00-04:00,23.0,23.0049991607666,22.979999542236328,23.0,31997,0.0,0.0
2024-09-24 15:20:00-04:00,23.0,23.06999969482422,22.9950008392334,23.049999237060547,47524,0.0,0.0
2024-09-24 15:25:00-04:00,23.045000076293945,23.059999465942383,23.045000076293945,23.05500030517578,27357,0.0,0.0
2024-09-24 15:30:00-04:00,23.049999237060547,23.049999237060547,23.0,23.020000457763672,43885,0.0,0.0
2024-09-24 15:35:00-04:00,23.024999618530273,23.040000915527344,22.9950008392334,23.03499984741211,45457,0.0,0.0
2024-09-24 15:40:00-04:00,23.03499984741211,23.040000915527344,23.010000228881836,23.030000686645508,60719,0.0,0.0
2024-09-24 15:45:00-04:00,23.024999618530273,23.09000015258789,23.024999618530273,23.09000015258789,60716,0.0,0.0
2024-09-24 15:50:00-04:00,23.084999084472656,23.100000381469727,23.075000762939453,23.094999313354492,123041,0.0,0.0
2024-09-24 15:55:00-04:00,23.094999313354492,23.18000030517578,23.079999923706055,23.084999084472656,430450,0.0,0.0
2024-09-25 09:30:00-04:00,22.25,22.579999923706055,22.110000610351562,22.5049991607666,266926,0.0,0.0
2024-09-25 09:35:00-04:00,22.5049991607666,22.514999389648438,22.280000686645508,22.31999969482422,58421,0.0,0.0
2024-09-25 09:40:00-04:00,22.329999923706055,22.40999984741211,22.309999465942383,22.329999923706055,49584,0.0,0.0
2024-09-25 09:45:00-04:00,22.329999923706055,22.440000534057617,22.290000915527344,22.399999618530273,35768,0.0,0.0
2024-09-25 09:50:00-04:00,22.389999389648438,22.399999618530273,22.290000915527344,22.309999465942383,28703,0.0,0.0
2024-09-25 09:55:00-04:00,22.31999969482422,22.334999084472656,22.270000457763672,22.274999618530273,24022,0.0,0.0
2024-09-25 10:00:00-04:00,22.270000457763672,22.424999237060547,22.270000457763672,22.420000076293945,38866,0.0,0.0
2024-09-25 10:05:00-04:00,22.40999984741211,22.46500015258789,22.40999984741211,22.459999084472656,20078,0.0,0.0
2024-09-25 10:10:00-04:00,22.469999313354492,22.520000457763672,22.440000534057617,22.450000762939453,43902,0.0,0.0
2024-09-25 10:15:00-04:00,22.459999084472656,22.459999084472656,22.3799991607666,22.420000076293945,29334,0.0,0.0
2024-09-25 10:20:00-04:00,22.424999237060547,22.43000030517578,22.3799991607666,22.3799991607666,15693,0.0,0.0
2024-09-25 10:25:00-04:00,22.3799991607666,22.395000457763672,22.329999923706055,22.350000381469727,14647,0.0,0.0
2024-09-25 10:30:00-04:00,22.354999542236328,22.415000915527344,22.350000381469727,22.415000915527344,14138,0.0,0.0
2024-09-25 10:35:00-04:00,22.415000915527344,22.450000762939453,22.399999618530273,22.424999237060547,17285,0.0,0.0
2024-09-25 10:40:00-04:00,22.424999237060547,22.424999237060547,22.360000610351562,22.360000610351562,14604,0.0,0.0
2024-09-25 10:45:00-04:00,22.360000610351562,22.3700008392334,22.329999923706055,22.350000381469727,17426,0.0,0.0
2024-09-25 10:50:00-04:00,22.354999542236328,22.40999984741211,22.354999542236328,22.399999618530273,16511,0.0,0.0
2024-09-25 10:55:00-04:00,22.389999389648438,22.420000076293945,22.3700008392334,22.399999618530273,61694,0.0,0.0
2024-09-25 11:00:00-04:00,22.399999618530273,22.40999984741211,22.34000015258789,22.40999984741211,16858,0.0,0.0
2024-09-25 11:05:00-04:00,22.420000076293945,22.420000076293945,22.334999084472656,22.389999389648438,18733,0.0,0.0
2024-09-25 11:10:00-04:00,22.399999618530273,22.434999465942383,22.3799991607666,22.399999618530273,13292,0.0,0.0
2024-09-25 11:15:00-04:00,22.399999618530273,22.43000030517578,22.350000381469727,22.350000381469727,15130,0.0,0.0
2024-09-25 11:20:00-04:00,22.350000381469727,22.375,22.31999969482422,22.3700008392334,20510,0.0,0.0
2024-09-25 11:25:00-04:00,22.3700008392334,22.3700008392334,22.344999313354492,22.350000381469727,11463,0.0,0.0
2024-09-25 11:30:00-04:00,22.34000015258789,22.364999771118164,22.329999923706055,22.34000015258789,12507,0.0,0.0
2024-09-25 11:35:00-04:00,22.34000015258789,22.350000381469727,22.334999084472656,22.334999084472656,7333,0.0,0.0
2024-09-25 11:40:00-04:00,22.334999084472656,22.354999542236328,22.329999923706055,22.334999084472656,9846,0.0,0.0
2024-09-25 11:45:00-04:00,22.329999923706055,22.34000015258789,22.31999969482422,22.334999084472656,209164,0.0,0.0
2024-09-25 11:50:00-04:00,22.329999923706055,22.34000015258789,22.299999237060547,22.30500030517578,19727,0.0,0.0
2024-09-25 11:55:00-04:00,22.299999237060547,22.34000015258789,22.299999237060547,22.31999969482422,20573,0.0,0.0
2024-09-25 12:00:00-04:00,22.309999465942383,22.31999969482422,22.290000915527344,22.30500030517578,13463,0.0,0.0
2024-09-25 12:05:00-04:00,22.30500030517578,22.315000534057617,22.28499984741211,22.315000534057617,13254,0.0,0.0
2024-09-25 12:10:00-04:00,22.315000534057617,22.329999923706055,22.299999237060547,22.309999465942383,16013,0.0,0.0
2024-09-25 12:15:00-04:00,22.309999465942383,22.315000534057617,22.280000686645508,22.299999237060547,21721,0.0,0.0
2024-09-25 12:20:00-04:00,22.299999237060547,22.334999084472656,22.299999237060547,22.31999969482422,17280,0.0,0.0
2024-09-25 12:25:00-04:00,22.31999969482422,22.34000015258789,22.31999969482422,22.31999969482422,11838,0.0,0.0
2024-09-25 12:30:00-04:00,22.31999969482422,22.31999969482422,22.299999237060547,22.299999237060547,13719,0.0,0.0
2024-09-25 12:35:00-04:00,22.299999237060547,22.30500030517578,22.290000915527344,22.295000076293945,11392,0.0,0.0
2024-09-25 12:40:00-04:00,22.290000915527344,22.295799255371094,22.280000686645508,22.28499984741211,7143,0.0,0.0
2024-09-25 12:45:00-04:00,22.28499984741211,22.31999969482422,22.28499984741211,22.299999237060547,20419,0.0,0.0
2024-09-25 12:50:00-04:00,22.299999237060547,22.309999465942383,22.28499984741211,22.28499984741211,10519,0.0,0.0
2024-09-25 12:55:00-04:00,22.280000686645508,22.299999237060547,22.280000686645508,22.295000076293945,10763,0.0,0.0
2024-09-25 13:00:00-04:00,22.290000915527344,22.309999465942383,22.274999618530273,22.30500030517578,17718,0.0,0.0
2024-09-25 13:05:00-04:00,22.299999237060547,22.309999465942383,22.28499984741211,22.290000915527344,19899,0.0,0.0
2024-09-25 13:10:00-04:00,22.295000076293945,22.295000076293945,22.274999618530273,22.28499984741211,8421,0.0,0.0
2024-09-25 13:15:00-04:00,22.28499984741211,22.28499984741211,22.280000686645508,22.28499984741211,2752,0.0,0.0
2024-09-25 13:20:00-04:00,22.280000686645508,22.280000686645508,22.270000457763672,22.274999618530273,9464,0.0,0.0
2024-09-25 13:25:00-04:00,22.270000457763672,22.280000686645508,22.270000457763672,22.274999618530273,5979,0.0,0.0
2024-09-25 13:30:00-04:00,22.274999618530273,22.290000915527344,22.274999618530273,22.274999618530273,14582,0.0,0.0
2024-09-25 13:35:00-04:00,22.270000457763672,22.28499984741211,22.270000457763672,22.280000686645508,8446,0.0,0.0
2024-09-25 13:40:00-04:00,22.280000686645508,22.280000686645508,22.260000228881836,22.274999618530273,10934,0.0,0.0
2024-09-25 13:45:00-04:00,22.274999618530273,22.280000686645508,22.264999389648438,22.264999389648438,8203,0.0,0.0
2024-09-25 13:50:00-04:00,22.270000457763672,22.270000457763672,22.260000228881836,22.264999389648438,7605,0.0,0.0
2024-09-25 13:55:00-04:00,22.270000457763672,22.270000457763672,22.25,22.25,10280,0.0,0.0
2024-09-25 14:00:00-04:00,22.25,22.274999618530273,22.239999771118164,22.274999618530273,26345,0.0,0.0
2024-09-25 14:05:00-04:00,22.270000457763672,22.299999237060547,22.260000228881836,22.295000076293945,24377,0.0,0.0
2024-09-25 14:10:00-04:00,22.295000076293945,22.299999237060547,22.280000686645508,22.28499984741211,13072,0.0,0.0
2024-09-25 14:15:00-04:00,22.280000686645508,22.290000915527344,22.274999618530273,22.280000686645508,10003,0.0,0.0
2024-09-25 14:20:00-04:00,22.280000686645508,22.295000076293945,22.280000686645508,22.290000915527344,5590,0.0,0.0
2024-09-25 14:25:00-04:00,22.290000915527344,22.290000915527344,22.270000457763672,22.270000457763672,12648,0.0,0.0
2024-09-25 14:30:00-04:00,22.270000457763672,22.295000076293945,22.270000457763672,22.295000076293945,11501,0.0,0.0
2024-09-25 14:35:00-04:00,22.295000076293945,22.309999465942383,22.290000915527344,22.30500030517578,7578,0.0,0.0
2024-09-25 14:40:00-04:00,22.30500030517578,22.309999465942383,22.299999237060547,22.30500030517578,3542,0.0,0.0
2024-09-25 14:45:00-04:00,22.30500030517578,22.31999969482422,22.295000076293945,22.30500030517578,25777,0.0,0.0
2024-09-25 14:50:00-04:00,22.30500030517578,22.309999465942383,22.299999237060547,22.30500030517578,6364,0.0,0.0
2024-09-25 14:55:00-04:00,22.309999465942383,22.34000015258789,22.309999465942383,22.329999923706055,18614,0.0,0.0
2024-09-25 15:00:00-04:00,22.334999084472656,22.360000610351562,22.334999084472656,22.344999313354492,17207,0.0,0.0
2024-09-25 15:05:00-04:00,22.344999313354492,22.364999771118164,22.329999923706055,22.334999084472656,16770,0.0,0.0
2024-09-25 15:10:00-04:00,22.34000015258789,22.34000015258789,22.315000534057617,22.315000534057617,15908,0.0,0.0
2024-09-25 15:15:00-04:00,22.31999969482422,22.325000762939453,22.315000534057617,22.31999969482422,9471,0.0,0.0
2024-09-25 15:20:00-04:00,22.315000534057617,22.329999923706055,22.299999237060547,22.299999237060547,19927,0.0,0.0
2024-09-25 15:25:00-04:00,22.30500030517578,22.315000534057617,22.239999771118164,22.240100860595703,42232,0.0,0.0
2024-09-25 15:30:00-04:00,22.2450008392334,22.2450008392334,22.190000534057617,22.190000534057617,36404,0.0,0.0
2024-09-25 15:35:00-04:00,22.190000534057617,22.270000457763672,22.190000534057617,22.264999389648438,33808,0.0,0.0
2024-09-25 15:40:00-04:00,22.264999389648438,22.270000457763672,22.25,22.25480079650879,32662,0.0,0.0
2024-09-25 15:45:00-04:00,22.2549991607666,22.2549991607666,22.229999542236328,22.235000610351562,98394,0.0,0.0
2024-09-25 15:50:00-04:00,22.239999771118164,22.280000686645508,22.21500015258789,22.274999618530273,134821,0.0,0.0
2024-09-25 15:55:00-04:00,22.280000686645508,22.290000915527344,22.260000228881836,22.280000686645508,333823,0.0,0.0
2024-09-26 09:30:00-04:00,23.670000076293945,24.639999389648438,23.670000076293945,24.584999084472656,877216,0.0,0.0
2024-09-26 09:35:00-04:00,24.584999084472656,24.600000381469727,24.219999313354492,24.2549991607666,66344,0.0,0.0
2024-09-26 09:40:00-04:00,24.2450008392334,24.350000381469727,24.09000015258789,24.260000228881836,124684,0.0,0.0
2024-09-26 09:45:00-04:00,24.239999771118164,24.252500534057617,23.920000076293945,24.049999237060547,64190,0.0,0.0
2024-09-26 09:50:00-04:00,24.010000228881836,24.020000457763672,23.90999984741211,23.959999084472656,72117,0.0,0.0
2024-09-26 09:55:00-04:00,23.940000534057617,23.959999084472656,23.799999237060547,23.84000015258789,49247,0.0,0.0
2024-09-26 10:00:00-04:00,23.8700008392334,23.950000762939453,23.725000381469727,23.93000030517578,191324,0.0,0.0
2024-09-26 10:05:00-04:00,23.924999237060547,23.989999771118164,23.81999969482422,23.8700008392334,120449,0.0,0.0
2024-09-26 10:10:00-04:00,23.8700008392334,24.020000457763672,23.8700008392334,24.004899978637695,45904,0.0,0.0
2024-09-26 10:15:00-04:00,24.0049991607666,24.045000076293945,23.90999984741211,23.93000030517578,94207,0.0,0.0
2024-09-26 10:20:00-04:00,23.920000076293945,23.94499969482422,23.829999923706055,23.84000015258789,64260,0.0,0.0
2024-09-26 10:25:00-04:00,23.850000381469727,23.899999618530273,23.719999313354492,23.719999313354492,63305,0.0,0.0
2024-09-26 10:30:00-04:00,23.719999313354492,23.739999771118164,23.530000686645508,23.56999969482422,109053,0.0,0.0
2024-09-26 10:35:00-04:00,23.565000534057617,23.6200008392334,23.520000457763672,23.610000610351562,51177,0.0,0.0
2024-09-26 10:40:00-04:00,23.610000610351562,23.65999984741211,23.5,23.540000915527344,81895,0.0,0.0
2024-09-26 10:45:00-04:00,23.540000915527344,23.584999084472656,23.5,23.53499984741211,51594,0.0,0.0
2024-09-26 10:50:00-04:00,23.540000915527344,23.545000076293945,23.399999618530273,23.454999923706055,55720,0.0,0.0
2024-09-26 10:55:00-04:00,23.459999084472656,23.520000457763672,23.354999542236328,23.3700008392334,73463,0.0,0.0
2024-09-26 11:00:00-04:00,23.360000610351562,23.360000610351562,23.299999237060547,23.315000534057617,68571,0.0,0.0
2024-09-26 11:05:00-04:00,23.31999969482422,23.450000762939453,23.315000534057617,23.350099563598633,51845,0.0,0.0
2024-09-26 11:10:00-04:00,23.354999542236328,23.530000686645508,23.354999542236328,23.530000686645508,42474,0.0,0.0
2024-09-26 11:15:00-04:00,23.524999618530273,23.6200008392334,23.510000228881836,23.549999237060547,52667,0.0,0.0
2024-09-26 11:20:00-04:00,23.56999969482422,23.59000015258789,23.5,23.549999237060547,33685,0.0,0.0
2024-09-26 11:25:00-04:00,23.540000915527344,23.600000381469727,23.530000686645508,23.600000381469727,34174,0.0,0.0
2024-09-26 11:30:00-04:00,23.610000610351562,23.700000762939453,23.600000381469727,23.700000762939453,47179,0.0,0.0
2024-09-26 11:35:00-04:00,23.69499969482422,23.8700008392334,23.65999984741211,23.860000610351562,86265,0.0,0.0
2024-09-26 11:40:00-04:00,23.860000610351562,23.8700008392334,23.639999389648438,23.649999618530273,93166,0.0,0.0
2024-09-26 11:45:00-04:00,23.649999618530273,23.790000915527344,23.600000381469727,23.725000381469727,131058,0.0,0.0
2024-09-26 11:50:00-04:00,23.725000381469727,23.799999237060547,23.704999923706055,23.780000686645508,29833,0.0,0.0
2024-09-26 11:55:00-04:00,23.780000686645508,23.834999084472656,23.780000686645508,23.809999465942383,39123,0.0,0.0
2024-09-26 12:00:00-04:00,23.81999969482422,23.84000015258789,23.78499984741211,23.829999923706055,36337,0.0,0.0
2024-09-26 12:05:00-04:00,23.850000381469727,23.940000534057617,23.850000381469727,23.93000030517578,33884,0.0,0.0
2024-09-26 12:10:00-04:00,23.940000534057617,23.950000762939453,23.860000610351562,23.860000610351562,43765,0.0,0.0
2024-09-26 12:15:00-04:00,23.8700008392334,23.920000076293945,23.860000610351562,23.90999984741211,29644,0.0,0.0
2024-09-26 12:20:00-04:00,23.899999618530273,23.915000915527344,23.84000015258789,23.860000610351562,59750,0.0,0.0
2024-09-26 12:25:00-04:00,23.854999542236328,23.899999618530273,23.84000015258789,23.854999542236328,37539,0.0,0.0
2024-09-26 12:30:00-04:00,23.860000610351562,23.905000686645508,23.860000610351562,23.860000610351562,33558,0.0,0.0
2024-09-26 12:35:00-04:00,23.854999542236328,23.905000686645508,23.854999542236328,23.899999618530273,31775,0.0,0.0
2024-09-26 12:40:00-04:00,23.889999389648438,23.895000457763672,23.81999969482422,23.834999084472656,34012,0.0,0.0
2024-09-26 12:45:00-04:00,23.84000015258789,23.84000015258789,23.809999465942383,23.81999969482422,20681,0.0,0.0
2024-09-26 12:50:00-04:00,23.81999969482422,23.829999923706055,23.790000915527344,23.795000076293945,26559,0.0,0.0
2024-09-26 12:55:00-04:00,23.795000076293945,23.834999084472656,23.780000686645508,23.80500030517578,32912,0.0,0.0
2024-09-26 13:00:00-04:00,23.80500030517578,23.969999313354492,23.790000915527344,23.969999313354492,250010,0.0,0.0
2024-09-26 13:05:00-04:00,23.969999313354492,23.979999542236328,23.93000030517578,23.93000030517578,33057,0.0,0.0
2024-09-26 13:10:00-04:00,23.934999465942383,23.979999542236328,23.90999984741211,23.924999237060547,39122,0.0,0.0
2024-09-26 13:15:00-04:00,23.924999237060547,23.959999084472656,23.889999389648438,23.889999389648438,38503,0.0,0.0
2024-09-26 13:20:00-04:00,23.90999984741211,24.010000228881836,23.889999389648438,23.979999542236328,185685,0.0,0.0
2024-09-26 13:25:00-04:00,23.979999542236328,23.98200035095215,23.93000030517578,23.93000030517578,34189,0.0,0.0
2024-09-26 13:30:00-04:00,23.93000030517578,23.989999771118164,23.90999984741211,23.985000610351562,46377,0.0,0.0
2024-09-26 13:35:00-04:00,23.985000610351562,23.989999771118164,23.895000457763672,23.920000076293945,53823,0.0,0.0
2024-09-26 13:40:00-04:00,23.924999237060547,23.950000762939453,23.90999984741211,23.94499969482422,28873,0.0,0.0
2024-09-26 13:45:00-04:00,23.940099716186523,23.94499969482422,23.90999984741211,23.90999984741211,18306,0.0,0.0
2024-09-26 13:50:00-04:00,23.90999984741211,23.93000030517578,23.905000686645508,23.93000030517578,29115,0.0,0.0
2024-09-26 13:55:00-04:00,23.940000534057617,23.969999313354492,23.940000534057617,23.950000762939453,30921,0.0,0.0
2024-09-26 14:00:00-04:00,23.954999923706055,23.954999923706055,23.90999984741211,23.90999984741211,18186,0.0,0.0
2024-09-26 14:05:00-04:00,23.90999984741211,23.94499969482422,23.899999618530273,23.94499969482422,30985,0.0,0.0
2024-09-26 14:10:00-04:00,23.940000534057617,23.959999084472656,23.920000076293945,23.959999084472656,29936,0.0,0.0
2024-09-26 14:15:00-04:00,23.954999923706055,23.959999084472656,23.940000534057617,23.94499969482422,23045,0.0,0.0
2024-09-26 14:20:00-04:00,23.94499969482422,23.96500015258789,23.93000030517578,23.94499969482422,40392,0.0,0.0
2024-09-26 14:25:00-04:00,23.940000534057617,23.969999313354492,23.93000030517578,23.96500015258789,30195,0.0,0.0
2024-09-26 14:30:00-04:00,23.959999084472656,23.979999542236328,23.940000534057617,23.969999313354492,39949,0.0,0.0
2024-09-26 14:35:00-04:00,23.979999542236328,23.979999542236328,23.940000534057617,23.952999114990234,36564,0.0,0.0
2024-09-26 14:40:00-04:00,23.950000762939453,23.954999923706055,23.920000076293945,23.954999923706055,37269,0.0,0.0
2024-09-26 14:45:00-04:00,23.954999923706055,23.959999084472656,23.940000534057617,23.954999923706055,25784,0.0,0.0
2024-09-26 14:50:00-04:00,23.959999084472656,23.9950008392334,23.950000762939453,23.985000610351562,36738,0.0,0.0
2024-09-26 14:55:00-04:00,23.979999542236328,23.979999542236328,23.954999923706055,23.979999542236328,56188,0.0,0.0
2024-09-26 15:00:00-04:00,23.975000381469727,23.985000610351562,23.954999923706055,23.96500015258789,84624,0.0,0.0
2024-09-26 15:05:00-04:00,23.96500015258789,23.975000381469727,23.954999923706055,23.96500015258789,45112,0.0,0.0
2024-09-26 15:10:00-04:00,23.96500015258789,23.96500015258789,23.954999923706055,23.959999084472656,59773,0.0,0.0
2024-09-26 15:15:00-04:00,23.96500015258789,23.969999313354492,23.924999237060547,23.96500015258789,123078,0.0,0.0
2024-09-26 15:20:00-04:00,23.96500015258789,23.979999542236328,23.950000762939453,23.975000381469727,83646,0.0,0.0
2024-09-26 15:25:00-04:00,23.975000381469727,23.989999771118164,23.959999084472656,23.96500015258789,76009,0.0,0.0
2024-09-26 15:30:00-04:00,23.969999313354492,23.985000610351562,23.959999084472656,23.979999542236328,89288,0.0,0.0
2024-09-26 15:35:00-04:00,23.979999542236328,23.989999771118164,23.959999084472656,23.959999084472656,66015,0.0,0.0
2024-09-26 15:40:00-04:00,23.959999084472656,24.0,23.954999923706055,23.979999542236328,126347,0.0,0.0
2024-09-26 15:45:00-04:00,23.988000869750977,23.989999771118164,23.959999084472656,23.975000381469727,110979,0.0,0.0
2024-09-26 15:50:00-04:00,23.969999313354492,24.0,23.969999313354492,23.9950008392334,206532,0.0,0.0
2024-09-26 15:55:00-04:00,23.9950008392334,24.0049991607666,23.93000030517578,23.940000534057617,627091,0.0,0.0
2024-09-27 09:30:00-04:00,24.1200008392334,24.1299991607666,24.0,24.030000686645508,58957,0.0,0.0
2024-09-27 09:35:00-04:00,24.010000228881836,24.014999389648438,23.90999984741211,24.010000228881836,60434,0.0,0.0
2024-09-27 09:40:00-04:00,24.020000457763672,24.049999237060547,23.959999084472656,24.0,64661,0.0,0.0
2024-09-27 09:45:00-04:00,24.0049991607666,24.09000015258789,23.920000076293945,24.06999969482422,57326,0.0,0.0
2024-09-27 09:50:00-04:00,24.065000534057617,24.075000762939453,23.93000030517578,23.969999313354492,60931,0.0,0.0
2024-09-27 09:55:00-04:00,23.976999282836914,24.040000915527344,23.975000381469727,24.0,44446,0.0,0.0
2024-09-27 10:00:00-04:00,24.0,24.120800018310547,23.979999542236328,24.1200008392334,38241,0.0,0.0
2024-09-27 10:05:00-04:00,24.125,24.209999084472656,24.083599090576172,24.209999084472656,78112,0.0,0.0
2024-09-27 10:10:00-04:00,24.209999084472656,24.209999084472656,24.059999465942383,24.100000381469727,42763,0.0,0.0
2024-09-27 10:15:00-04:00,24.079999923706055,24.110000610351562,24.045000076293945,24.065000534057617,52475,0.0,0.0
2024-09-27 10:20:00-04:00,24.065000534057617,24.079999923706055,24.010000228881836,24.03499984741211,44781,0.0,0.0
2024-09-27 10:25:00-04:00,24.03059959411621,24.040000915527344,24.0,24.0,43241,0.0,0.0
2024-09-27 10:30:00-04:00,23.989999771118164,24.040000915527344,23.959999084472656,24.0049991607666,31453,0.0,0.0
2024-09-27 10:35:00-04:00,24.0,24.014999389648438,23.979999542236328,23.985000610351562,29642,0.0,0.0
2024-09-27 10:40:00-04:00,23.989999771118164,24.100000381469727,23.985000610351562,24.040000915527344,27634,0.0,0.0
2024-09-27 10:45:00-04:00,24.03499984741211,24.08930015563965,24.0,24.0049991607666,29974,0.0,0.0
2024-09-27 10:50:00-04:00,24.0049991607666,24.020000457763672,23.969999313354492,23.9950008392334,52616,0.0,0.0
2024-09-27 10:55:00-04:00,24.0,24.030000686645508,23.9950008392334,24.0049991607666,28126,0.0,0.0
2024-09-27 11:00:00-04:00,24.010000228881836,24.040000915527344,23.950000762939453,24.020000457763672,37574,0.0,0.0
2024-09-27 11:05:00-04:00,24.010000228881836,24.045000076293945,24.010000228881836,24.045000076293945,22158,0.0,0.0
2024-09-27 11:10:00-04:00,24.047500610351562,24.084999084472656,24.045000076293945,24.077499389648438,29271,0.0,0.0
2024-09-27 11:15:00-04:00,24.077499389648438,24.209999084472656,24.075000762939453,24.190000534057617,171313,0.0,0.0
2024-09-27 11:20:00-04:00,24.184999465942383,24.21500015258789,24.09000015258789,24.09000015258789,47955,0.0,0.0
2024-09-27 11:25:00-04:00,24.094999313354492,24.1200008392334,24.049999237060547,24.07069969177246,28301,0.0,0.0
2024-09-27 11:30:00-04:00,24.06999969482422,24.06999969482422,23.979999542236328,24.010000228881836,33810,0.0,0.0
2024-09-27 11:35:00-04:00,24.020000457763672,24.06999969482422,24.0049991607666,24.03499984741211,22075,0.0,0.0
2024-09-27 11:40:00-04:00,24.03499984741211,24.03499984741211,24.010000228881836,24.020000457763672,12093,0.0,0.0
2024-09-27 11:45:00-04:00,24.020000457763672,24.030000686645508,23.9950008392334,24.010000228881836,44244,0.0,0.0
2024-09-27 11:50:00-04:00,24.0,24.059999465942383,24.0,24.020000457763672,59531,0.0,0.0
2024-09-27 11:55:00-04:00,24.030000686645508,24.06999969482422,24.014999389648438,24.030000686645508,21144,0.0,0.0
2024-09-27 12:00:00-04:00,24.010000228881836,24.06999969482422,24.010000228881836,24.045000076293945,20292,0.0,0.0
2024-09-27 12:05:00-04:00,24.049999237060547,24.05500030517578,24.03499984741211,24.045000076293945,14333,0.0,0.0
2024-09-27 12:10:00-04:00,24.045000076293945,24.05500030517578,24.03499984741211,24.040000915527344,21944,0.0,0.0
2024-09-27 12:15:00-04:00,24.040000915527344,24.065000534057617,24.020000457763672,24.059999465942383,23174,0.0,0.0
2024-09-27 12:20:00-04:00,24.049999237060547,24.05500030517578,24.024999618530273,24.030000686645508,16593,0.0,0.0
2024-09-27 12:25:00-04:00,24.030000686645508,24.09000015258789,24.021900177001953,24.050899505615234,28329,0.0,0.0
2024-09-27 12:30:00-04:00,24.059999465942383,24.075000762939453,24.045000076293945,24.05500030517578,20138,0.0,0.0
2024-09-27 12:35:00-04:00,24.05500030517578,24.059999465942383,24.024999618530273,24.045000076293945,21004,0.0,0.0
2024-09-27 12:40:00-04:00,24.045000076293945,24.05500030517578,24.030000686645508,24.040000915527344,17322,0.0,0.0
2024-09-27 12:45:00-04:00,24.030000686645508,24.045000076293945,24.020000457763672,24.045000076293945,15993,0.0,0.0
2024-09-27 12:50:00-04:00,24.040000915527344,24.049999237060547,24.030000686645508,24.045000076293945,14225,0.0,0.0
2024-09-27 12:55:00-04:00,24.045000076293945,24.100000381469727,24.040000915527344,24.065000534057617,76308,0.0,0.0
2024-09-27 13:00:00-04:00,24.079999923706055,24.09950065612793,24.075000762939453,24.084999084472656,13163,0.0,0.0
2024-09-27 13:05:00-04:00,24.084999084472656,24.094999313354492,24.065000534057617,24.065000534057617,14830,0.0,0.0
2024-09-27 13:10:00-04:00,24.065000534057617,24.135000228881836,24.065000534057617,24.1200008392334,143870,0.0,0.0
2024-09-27 13:15:00-04:00,24.1200008392334,24.15999984741211,24.110000610351562,24.110000610351562,15858,0.0,0.0
2024-09-27 13:20:00-04:00,24.110000610351562,24.1200008392334,24.05500030517578,24.059999465942383,25790,0.0,0.0
2024-09-27 13:25:00-04:00,24.049999237060547,24.110000610351562,24.045000076293945,24.05500030517578,23658,0.0,0.0
2024-09-27 13:30:00-04:00,24.05500030517578,24.075000762939453,24.045000076293945,24.049999237060547,18194,0.0,0.0
2024-09-27 13:35:00-04:00,24.049999237060547,24.05500030517578,24.030000686645508,24.030000686645508,20599,0.0,0.0
2024-09-27 13:40:00-04:00,24.03499984741211,24.100000381469727,24.03499984741211,24.100000381469727,78640,0.0,0.0
2024-09-27 13:45:00-04:00,24.110000610351562,24.15999984741211,24.110000610351562,24.125,9057,0.0,0.0
2024-09-27 13:50:00-04:00,24.1299991607666,24.174999237060547,24.125,24.165000915527344,67825,0.0,0.0
2024-09-27 13:55:00-04:00,24.165000915527344,24.184999465942383,24.15999984741211,24.165000915527344,14652,0.0,0.0
2024-09-27 14:00:00-04:00,24.165000915527344,24.18000030517578,24.15999984741211,24.174999237060547,15981,0.0,0.0
2024-09-27 14:05:00-04:00,24.174999237060547,24.184999465942383,24.165000915527344,24.174999237060547,21467,0.0,0.0
2024-09-27 14:10:00-04:00,24.174999237060547,24.184999465942383,24.170000076293945,24.174999237060547,13287,0.0,0.0
2024-09-27 14:15:00-04:00,24.174999237060547,24.200000762939453,24.15999984741211,24.19499969482422,25973,0.0,0.0
2024-09-27 14:20:00-04:00,24.19499969482422,24.209999084472656,24.190000534057617,24.200000762939453,19814,0.0,0.0
2024-09-27 14:25:00-04:00,24.204999923706055,24.235000610351562,24.190000534057617,24.21500015258789,53674,0.0,0.0
2024-09-27 14:30:00-04:00,24.21500015258789,24.24679946899414,24.19499969482422,24.229999542236328,33313,0.0,0.0
2024-09-27 14:35:00-04:00,24.229999542236328,24.270000457763672,24.200000762939453,24.260000228881836,19978,0.0,0.0
2024-09-27 14:40:00-04:00,24.260000228881836,24.270000457763672,24.2549991607666,24.264999389648438,17123,0.0,0.0
2024-09-27 14:45:00-04:00,24.264999389648438,24.280000686645508,24.2549991607666,24.274999618530273,18999,0.0,0.0
2024-09-27 14:50:00-04:00,24.274999618530273,24.280000686645508,24.264999389648438,24.270000457763672,12917,0.0,0.0
2024-09-27 14:55:00-04:00,24.270000457763672,24.280000686645508,24.264999389648438,24.264999389648438,15415,0.0,0.0
2024-09-27 15:00:00-04:00,24.260000228881836,24.274999618530273,24.25,24.264999389648438,24951,0.0,0.0
2024-09-27 15:05:00-04:00,24.264999389648438,24.299999237060547,24.250099182128906,24.295000076293945,39670,0.0,0.0
2024-09-27 15:10:00-04:00,24.295000076293945,24.309999465942383,24.2549991607666,24.270000457763672,30263,0.0,0.0
2024-09-27 15:15:00-04:00,24.264999389648438,24.280000686645508,24.25,24.270000457763672,24569,0.0,0.0
2024-09-27 15:20:00-04:00,24.270000457763672,24.28499984741211,24.2549991607666,24.274999618530273,27015,0.0,0.0
2024-09-27 15:25:00-04:00,24.274999618530273,24.274999618530273,24.25,24.25,31177,0.0,0.0
2024-09-27 15:30:00-04:00,24.25,24.264999389648438,24.239999771118164,24.25,40678,0.0,0.0
2024-09-27 15:35:00-04:00,24.25,24.270000457763672,24.2450008392334,24.2549991607666,40180,0.0,0.0
2024-09-27 15:40:00-04:00,24.25,24.270000457763672,24.239999771118164,24.2549991607666,53277,0.0,0.0
2024-09-27 15:45:00-04:00,24.25,24.2549991607666,24.149999618530273,24.151100158691406,105278,0.0,0.0
2024-09-27 15:50:00-04:00,24.15999984741211,24.15999984741211,24.100000381469727,24.110000610351562,162447,0.0,0.0
2024-09-27 15:55:00-04:00,24.114999771118164,24.200000762939453,24.110000610351562,24.1299991607666,574644,0.0,0.0
2024-09-30 09:30:00-04:00,24.790000915527344,24.989999771118164,24.760000228881836,24.780000686645508,237435,0.0,0.0
2024-09-30 09:35:00-04:00,24.780000686645508,24.959999084472656,24.780000686645508,24.8799991607666,49922,0.0,0.0
2024-09-30 09:40:00-04:00,24.90999984741211,25.020000457763672,24.84000015258789,24.989999771118164,106822,0.0,0.0
2024-09-30 09:45:00-04:00,24.9950008392334,25.045000076293945,24.899999618530273,24.94499969482422,51561,0.0,0.0
2024-09-30 09:50:00-04:00,24.94499969482422,25.239999771118164,24.90999984741211,25.209999084472656,86553,0.0,0.0
2024-09-30 09:55:00-04:00,25.218000411987305,25.25,25.1299991607666,25.209999084472656,50818,0.0,0.0
2024-09-30 10:00:00-04:00,25.204999923706055,25.354999542236328,25.184999465942383,25.350000381469727,55915,0.0,0.0
2024-09-30 10:05:00-04:00,25.360000610351562,25.389999389648438,25.290000915527344,25.360000610351562,42973,0.0,0.0
2024-09-30 10:10:00-04:00,25.360000610351562,25.454999923706055,25.354999542236328,25.40999984741211,78664,0.0,0.0
2024-09-30 10:15:00-04:00,25.40999984741211,25.415000915527344,25.229999542236328,25.281200408935547,43450,0.0,0.0
2024-09-30 10:20:00-04:00,25.290000915527344,25.34000015258789,25.270000457763672,25.280000686645508,48269,0.0,0.0
2024-09-30 10:25:00-04:00,25.280000686645508,25.32819938659668,25.200000762939453,25.290000915527344,48063,0.0,0.0
2024-09-30 10:30:00-04:00,25.280000686645508,25.31999969482422,25.25,25.31999969482422,35429,0.0,0.0
2024-09-30 10:35:00-04:00,25.31999969482422,25.34000015258789,25.25,25.25,114231,0.0,0.0
2024-09-30 10:40:00-04:00,25.2450008392334,25.299999237060547,25.219999313354492,25.239999771118164,55645,0.0,0.0
2024-09-30 10:45:00-04:00,25.2549991607666,25.280000686645508,25.239999771118164,25.270000457763672,29750,0.0,0.0
2024-09-30 10:50:00-04:00,25.260000228881836,25.270000457763672,25.200000762939453,25.25,31500,0.0,0.0
2024-09-30 10:55:00-04:00,25.2549991607666,25.264999389648438,25.19499969482422,25.219999313354492,76108,0.0,0.0
2024-09-30 11:00:00-04:00,25.229999542236328,25.239999771118164,25.18000030517578,25.204999923706055,116120,0.0,0.0
2024-09-30 11:05:00-04:00,25.204999923706055,25.344999313354492,25.170000076293945,25.31999969482422,119546,0.0,0.0
2024-09-30 11:10:00-04:00,25.315000534057617,25.3700008392334,25.315000534057617,25.344999313354492,29452,0.0,0.0
2024-09-30 11:15:00-04:00,25.354999542236328,25.354999542236328,25.309999465942383,25.329999923706055,26454,0.0,0.0
2024-09-30 11:20:00-04:00,25.315000534057617,25.34000015258789,25.25,25.309999465942383,206605,0.0,0.0
2024-09-30 11:25:00-04:00,25.334999084472656,25.334999084472656,25.264999389648438,25.270000457763672,230222,0.0,0.0
2024-09-30 11:30:00-04:00,25.315000534057617,25.3700008392334,25.270000457763672,25.299999237060547,155061,0.0,0.0
2024-09-30 11:35:00-04:00,25.299999237060547,25.30500030517578,25.09000015258789,25.299999237060547,971263,0.0,0.0
2024-09-30 11:40:00-04:00,25.299999237060547,25.299999237060547,24.829999923706055,25.139999389648438,617029,0.0,0.0
2024-09-30 11:45:00-04:00,25.139999389648438,25.25,24.950000762939453,24.959999084472656,99907,0.0,0.0
2024-09-30 11:50:00-04:00,24.959999084472656,25.059999465942383,24.959999084472656,24.975000381469727,56003,0.0,0.0
2024-09-30 11:55:00-04:00,24.975000381469727,24.979999542236328,24.889999389648438,24.91069984436035,38071,0.0,0.0
2024-09-30 12:00:00-04:00,24.90999984741211,25.010000228881836,24.905000686645508,24.934999465942383,108406,0.0,0.0
2024-09-30 12:05:00-04:00,24.940000534057617,25.094999313354492,24.920000076293945,25.010000228881836,31060,0.0,0.0
2024-09-30 12:10:00-04:00,25.010000228881836,25.1200008392334,24.989999771118164,25.100000381469727,68787,0.0,0.0
2024-09-30 12:15:00-04:00,25.100000381469727,25.155000686645508,25.010000228881836,25.1299991607666,55892,0.0,0.0
2024-09-30 12:20:00-04:00,25.1299991607666,25.174999237060547,25.104999542236328,25.145000457763672,32342,0.0,0.0
2024-09-30 12:25:00-04:00,25.139999389648438,25.18000030517578,25.094999313354492,25.15999984741211,33736,0.0,0.0
2024-09-30 12:30:00-04:00,25.149999618530273,25.165000915527344,25.110000610351562,25.114999771118164,32692,0.0,0.0
2024-09-30 12:35:00-04:00,25.1200008392334,25.19499969482422,25.1200008392334,25.145000457763672,23283,0.0,0.0
2024-09-30 12:40:00-04:00,25.149999618530273,25.229999542236328,25.1299991607666,25.229999542236328,20177,0.0,0.0
2024-09-30 12:45:00-04:00,25.219999313354492,25.274999618530273,25.209999084472656,25.274999618530273,31466,0.0,0.0
2024-09-30 12:50:00-04:00,25.270000457763672,25.28499984741211,25.249900817871094,25.280000686645508,26958,0.0,0.0
2024-09-30 12:55:00-04:00,25.290000915527344,25.31999969482422,25.260000228881836,25.31999969482422,81359,0.0,0.0
2024-09-30 13:00:00-04:00,25.31999969482422,25.389999389648438,25.309999465942383,25.3700008392334,29837,0.0,0.0
2024-09-30 13:05:00-04:00,25.360000610351562,25.450000762939453,25.34079933166504,25.3799991607666,27481,0.0,0.0
2024-09-30 13:10:00-04:00,25.375,25.405000686645508,25.364999771118164,25.395000457763672,28097,0.0,0.0
2024-09-30 13:15:00-04:00,25.395000457763672,25.450000762939453,25.34000015258789,25.350000381469727,30573,0.0,0.0
2024-09-30 13:20:00-04:00,25.350000381469727,25.415000915527344,25.34000015258789,25.40999984741211,23522,0.0,0.0
2024-09-30 13:25:00-04:00,25.40999984741211,25.434999465942383,25.40999984741211,25.415000915527344,27283,0.0,0.0
2024-09-30 13:30:00-04:00,25.40999984741211,25.434999465942383,25.3799991607666,25.395000457763672,23734,0.0,0.0
2024-09-30 13:35:00-04:00,25.395000457763672,25.440000534057617,25.3799991607666,25.40999984741211,28553,0.0,0.0
2024-09-30 13:40:00-04:00,25.40999984741211,25.440000534057617,25.385000228881836,25.440000534057617,28758,0.0,0.0
2024-09-30 13:45:00-04:00,25.434999465942383,25.454999923706055,25.40999984741211,25.40999984741211,82475,0.0,0.0
2024-09-30 13:50:00-04:00,25.40999984741211,25.459999084472656,25.399999618530273,25.450000762939453,27331,0.0,0.0
2024-09-30 13:55:00-04:00,25.454999923706055,25.489999771118164,25.44499969482422,25.44499969482422,42361,0.0,0.0
2024-09-30 14:00:00-04:00,25.44499969482422,25.459999084472656,25.389999389648438,25.459999084472656,21675,0.0,0.0
2024-09-30 14:05:00-04:00,25.469999313354492,25.469999313354492,25.440000534057617,25.46500015258789,24842,0.0,0.0
2024-09-30 14:10:00-04:00,25.459999084472656,25.46500015258789,25.30500030517578,25.350000381469727,224367,0.0,0.0
2024-09-30 14:15:00-04:00,25.344999313354492,25.344999313354492,25.2549991607666,25.264999389648438,20286,0.0,0.0
2024-09-30 14:20:00-04:00,25.25,25.280000686645508,25.25,25.260000228881836,29667,0.0,0.0
2024-09-30 14:25:00-04:00,25.260000228881836,25.30500030517578,25.209999084472656,25.28499984741211,31123,0.0,0.0
2024-09-30 14:30:00-04:00,25.280000686645508,25.280000686645508,25.209999084472656,25.270000457763672,29233,0.0,0.0
2024-09-30 14:35:00-04:00,25.260000228881836,25.264999389648438,25.209999084472656,25.239999771118164,83144,0.0,0.0
2024-09-30 14:40:00-04:00,25.239999771118164,25.270000457763672,25.229999542236328,25.239999771118164,29812,0.0,0.0
2024-09-30 14:45:00-04:00,25.239999771118164,25.260000228881836,25.190000534057617,25.21500015258789,31670,0.0,0.0
2024-09-30 14:50:00-04:00,25.209999084472656,25.219999313354492,25.149999618530273,25.155000686645508,36775,0.0,0.0
2024-09-30 14:55:00-04:00,25.155000686645508,25.155000686645508,25.110000610351562,25.110000610351562,32455,0.0,0.0
2024-09-30 15:00:00-04:00,25.104999542236328,25.110000610351562,24.9950008392334,25.075000762939453,73028,0.0,0.0
2024-09-30 15:05:00-04:00,25.075000762939453,25.075000762939453,25.024999618530273,25.059999465942383,42206,0.0,0.0
2024-09-30 15:10:00-04:00,25.059999465942383,25.059999465942383,24.96500015258789,24.96500015258789,48062,0.0,0.0
2024-09-30 15:15:00-04:00,24.96500015258789,25.0,24.959999084472656,24.979999542236328,39298,0.0,0.0
2024-09-30 15:20:00-04:00,24.979999542236328,24.989999771118164,24.899999618530273,24.899999618530273,42350,0.0,0.0
2024-09-30 15:25:00-04:00,24.899999618530273,24.93000030517578,24.889999389648438,24.899999618530273,62531,0.0,0.0
2024-09-30 15:30:00-04:00,24.905000686645508,24.915000915527344,24.864999771118164,24.875,63280,0.0,0.0
2024-09-30 15:35:00-04:00,24.8700008392334,24.875,24.809999465942383,24.84000015258789,157632,0.0,0.0
2024-09-30 15:40:00-04:00,24.834999084472656,24.850000381469727,24.809999465942383,24.815000534057617,69003,0.0,0.0
2024-09-30 15:45:00-04:00,24.815000534057617,24.860000610351562,24.795000076293945,24.825000762939453,115860,0.0,0.0
2024-09-30 15:50:00-04:00,24.81999969482422,24.864999771118164,24.790000915527344,24.844999313354492,204914,0.0,0.0
2024-09-30 15:55:00-04:00,24.84000015258789,24.850000381469727,24.760000228881836,24.770000457763672,655301,0.0,0.0
2024-10-01 09:30:00-04:00,25.0,25.0,24.770000457763672,24.795000076293945,52540,0.0,0.0
2024-10-01 09:35:00-04:00,24.782800674438477,24.90999984741211,24.782800674438477,24.799999237060547,20453,0.0,0.0
2024-10-01 09:40:00-04:00,24.799999237060547,24.799999237060547,24.700000762939453,24.700000762939453,44024,0.0,0.0
2024-10-01 09:45:00-04:00,24.66710090637207,24.825000762939453,24.66710090637207,24.81999969482422,18712,0.0,0.0
2024-10-01 09:50:00-04:00,24.825000762939453,24.825000762939453,24.735000610351562,24.7450008392334,10216,0.0,0.0
2024-10-01 09:55:00-04:00,24.739999771118164,24.8700008392334,24.739999771118164,24.760000228881836,20611,0.0,0.0
2024-10-01 10:00:00-04:00,24.760000228881836,24.844999313354492,24.735000610351562,24.790000915527344,14695,0.0,0.0
2024-10-01 10:05:00-04:00,24.790000915527344,24.790000915527344,24.6299991607666,24.719999313354492,16357,0.0,0.0
2024-10-01 10:10:00-04:00,24.709999084472656,24.729999542236328,24.674999237060547,24.690000534057617,16506,0.0,0.0
2024-10-01 10:15:00-04:00,24.690000534057617,24.690000534057617,24.6299991607666,24.639999389648438,25224,0.0,0.0
2024-10-01 10:20:00-04:00,24.635000228881836,24.670000076293945,24.590999603271484,24.6200008392334,38519,0.0,0.0
2024-10-01 10:25:00-04:00,24.600000381469727,24.604999542236328,24.549999237060547,24.559999465942383,29531,0.0,0.0
2024-10-01 10:30:00-04:00,24.550500869750977,24.620100021362305,24.545000076293945,24.620100021362305,11475,0.0,0.0
2024-10-01 10:35:00-04:00,24.635000228881836,24.790000915527344,24.6200008392334,24.790000915527344,17926,0.0,0.0
2024-10-01 10:40:00-04:00,24.790000915527344,24.84000015258789,24.78179931640625,24.815000534057617,16146,0.0,0.0
2024-10-01 10:45:00-04:00,24.815000534057617,24.829999923706055,24.7549991607666,24.799999237060547,21175,0.0,0.0
2024-10-01 10:50:00-04:00,24.799999237060547,24.899999618530273,24.795000076293945,24.899999618530273,25552,0.0,0.0
2024-10-01 10:55:00-04:00,24.90999984741211,24.93000030517578,24.8799991607666,24.90999984741211,10766,0.0,0.0
2024-10-01 11:00:00-04:00,24.90999984741211,24.924999237060547,24.889999389648438,24.895000457763672,12252,0.0,0.0
2024-10-01 11:05:00-04:00,24.889999389648438,24.889999389648438,24.844999313354492,24.844999313354492,12903,0.0,0.0
2024-10-01 11:10:00-04:00,24.84000015258789,24.905000686645508,24.829999923706055,24.905000686645508,10051,0.0,0.0
2024-10-01 11:15:00-04:00,24.90999984741211,24.94499969482422,24.905000686645508,24.920000076293945,17312,0.0,0.0
2024-10-01 11:20:00-04:00,24.920000076293945,24.94099998474121,24.899999618530273,24.924999237060547,16474,0.0,0.0
2024-10-01 11:25:00-04:00,24.924999237060547,24.979999542236328,24.915000915527344,24.975000381469727,22947,0.0,0.0
2024-10-01 11:30:00-04:00,24.969999313354492,25.010000228881836,24.969999313354492,24.989999771118164,16018,0.0,0.0
2024-10-01 11:35:00-04:00,24.989999771118164,24.989999771118164,24.960100173950195,24.989999771118164,9391,0.0,0.0
2024-10-01 11:40:00-04:00,24.985000610351562,25.045000076293945,24.985000610351562,25.040000915527344,23770,0.0,0.0
2024-10-01 11:45:00-04:00,25.024999618530273,25.045000076293945,25.010000228881836,25.03499984741211,16640,0.0,0.0
2024-10-01 11:50:00-04:00,25.03499984741211,25.075000762939453,25.03499984741211,25.049999237060547,20780,0.0,0.0
2024-10-01 11:55:00-04:00,25.040000915527344,25.05500030517578,25.03499984741211,25.05500030517578,16939,0.0,0.0
2024-10-01 12:00:00-04:00,25.059999465942383,25.170000076293945,25.059999465942383,25.170000076293945,30362,0.0,0.0
2024-10-01 12:05:00-04:00,25.18000030517578,25.329999923706055,25.18000030517578,25.309999465942383,28054,0.0,0.0
2024-10-01 12:10:00-04:00,25.31999969482422,25.389999389648438,25.31999969482422,25.360000610351562,37030,0.0,0.0
2024-10-01 12:15:00-04:00,25.364999771118164,25.3700008392334,25.299999237060547,25.299999237060547,25830,0.0,0.0
2024-10-01 12:20:00-04:00,25.295000076293945,25.350000381469727,25.274999618530273,25.280000686645508,35000,0.0,0.0
2024-10-01 12:25:00-04:00,25.260000228881836,25.270000457763672,25.200000762939453,25.200000762939453,42838,0.0,0.0
2024-10-01 12:30:00-04:00,25.19499969482422,25.209999084472656,25.170000076293945,25.184999465942383,17795,0.0,0.0
2024-10-01 12:35:00-04:00,25.184999465942383,25.2549991607666,25.145000457763672,25.2549991607666,31882,0.0,0.0
2024-10-01 12:40:00-04:00,25.2549991607666,25.450000762939453,25.2549991607666,25.440000534057617,116311,0.0,0.0
2024-10-01 12:45:00-04:00,25.450000762939453,25.489999771118164,25.219999313354492,25.219999313354492,159874,0.0,0.0
2024-10-01 12:50:00-04:00,25.219999313354492,25.290000915527344,25.219999313354492,25.28499984741211,14788,0.0,0.0
2024-10-01 12:55:00-04:00,25.28499984741211,25.28499984741211,25.229999542236328,25.25,19349,0.0,0.0
2024-10-01 13:00:00-04:00,25.2549991607666,25.270000457763672,25.239999771118164,25.239999771118164,15635,0.0,0.0
2024-10-01 13:05:00-04:00,25.229999542236328,25.2450008392334,25.21500015258789,25.239999771118164,8659,0.0,0.0
2024-10-01 13:10:00-04:00,25.2406005859375,25.2406005859375,25.190000534057617,25.20400047302246,11013,0.0,0.0
2024-10-01 13:15:00-04:00,25.200000762939453,25.209999084472656,25.18000030517578,25.19499969482422,14916,0.0,0.0
2024-10-01 13:20:00-04:00,25.19499969482422,25.229999542236328,25.190900802612305,25.225000381469727,17504,0.0,0.0
2024-10-01 13:25:00-04:00,25.219999313354492,25.239999771118164,25.219999313354492,25.235000610351562,8241,0.0,0.0
2024-10-01 13:30:00-04:00,25.235000610351562,25.350000381469727,25.235000610351562,25.34000015258789,15210,0.0,0.0
2024-10-01 13:35:00-04:00,25.325000762939453,25.3700008392334,25.31999969482422,25.3700008392334,9819,0.0,0.0
2024-10-01 13:40:00-04:00,25.360000610351562,25.389999389648438,25.350099563598633,25.385000228881836,14821,0.0,0.0
2024-10-01 13:45:00-04:00,25.385000228881836,25.40999984741211,25.360000610351562,25.364999771118164,10734,0.0,0.0
2024-10-01 13:50:00-04:00,25.3700008392334,25.440000534057617,25.3700008392334,25.420000076293945,20812,0.0,0.0
2024-10-01 13:55:00-04:00,25.420000076293945,25.440000534057617,25.399999618530273,25.405000686645508,15549,0.0,0.0
2024-10-01 14:00:00-04:00,25.40999984741211,25.434999465942383,25.405000686645508,25.434999465942383,20018,0.0,0.0
2024-10-01 14:05:00-04:00,25.434999465942383,25.440000534057617,25.40999984741211,25.434999465942383,16337,0.0,0.0
2024-10-01 14:10:00-04:00,25.440000534057617,25.44499969482422,25.420000076293945,25.434999465942383,14571,0.0,0.0
2024-10-01 14:15:00-04:00,25.434999465942383,25.454999923706055,25.420000076293945,25.450000762939453,17971,0.0,0.0
2024-10-01 14:20:00-04:00,25.450000762939453,25.4950008392334,25.44499969482422,25.4950008392334,16255,0.0,0.0
2024-10-01 14:25:00-04:00,25.5,25.5049991607666,25.469999313354492,25.469999313354492,34896,0.0,0.0
2024-10-01 14:30:00-04:00,25.46500015258789,25.46500015258789,25.430099487304688,25.44499969482422,21595,0.0,0.0
2024-10-01 14:35:00-04:00,25.44499969482422,25.454999923706055,25.420000076293945,25.424999237060547,15428,0.0,0.0
2024-10-01 14:40:00-04:00,25.420000076293945,25.43000030517578,25.40999984741211,25.424999237060547,19666,0.0,0.0
2024-10-01 14:45:00-04:00,25.424999237060547,25.424999237060547,25.3799991607666,25.420000076293945,18021,0.0,0.0
2024-10-01 14:50:00-04:00,25.420000076293945,25.43000030517578,25.40999984741211,25.424999237060547,13985,0.0,0.0
2024-10-01 14:55:00-04:00,25.43000030517578,25.450000762939453,25.42099952697754,25.424999237060547,22796,0.0,0.0
2024-10-01 15:00:00-04:00,25.420000076293945,25.420000076293945,25.405000686645508,25.40999984741211,18292,0.0,0.0
2024-10-01 15:05:00-04:00,25.405000686645508,25.459999084472656,25.405000686645508,25.454999923706055,24048,0.0,0.0
2024-10-01 15:10:00-04:00,25.459999084472656,25.459999084472656,25.40999984741211,25.415000915527344,18753,0.0,0.0
2024-10-01 15:15:00-04:00,25.420000076293945,25.424999237060547,25.385000228881836,25.420000076293945,20627,0.0,0.0
2024-10-01 15:20:00-04:00,25.420000076293945,25.434999465942383,25.415000915527344,25.424999237060547,18372,0.0,0.0
2024-10-01 15:25:00-04:00,25.424999237060547,25.440000534057617,25.40999984741211,25.415000915527344,24380,0.0,0.0
2024-10-01 15:30:00-04:00,25.415000915527344,25.420000076293945,25.3700008392334,25.375,24917,0.0,0.0
2024-10-01 15:35:00-04:00,25.375,25.40999984741211,25.3700008392334,25.395000457763672,37395,0.0,0.0
2024-10-01 15:40:00-04:00,25.399999618530273,25.440000534057617,25.395000457763672,25.440000534057617,40856,0.0,0.0
2024-10-01 15:45:00-04:00,25.43199920654297,25.46500015258789,25.43000030517578,25.46500015258789,112697,0.0,0.0
2024-10-01 15:50:00-04:00,25.459999084472656,25.475000381469727,25.450000762939453,25.469999313354492,88586,0.0,0.0
2024-10-01 15:55:00-04:00,25.475000381469727,25.475000381469727,25.40999984741211,25.420000076293945,373794,0.0,0.0
2024-10-02 09:30:00-04:00,26.989999771118164,27.049999237060547,26.639999389648438,26.770000457763672,568713,0.0,0.0
2024-10-02 09:35:00-04:00,26.770000457763672,26.90999984741211,26.684999465942383,26.700000762939453,132330,0.0,0.0
2024-10-02 09:40:00-04:00,26.704999923706055,26.770000457763672,26.5,26.6299991607666,123126,0.0,0.0
2024-10-02 09:45:00-04:00,26.649999618530273,26.739999771118164,26.59000015258789,26.719999313354492,87362,0.0,0.0
2024-10-02 09:50:00-04:00,26.729999542236328,26.780000686645508,26.559999465942383,26.639999389648438,119897,0.0,0.0
2024-10-02 09:55:00-04:00,26.6299991607666,26.690000534057617,26.579999923706055,26.600000381469727,81910,0.0,0.0
2024-10-02 10:00:00-04:00,26.610000610351562,26.725000381469727,26.610000610351562,26.709999084472656,55822,0.0,0.0
2024-10-02 10:05:00-04:00,26.709999084472656,26.770000457763672,26.600000381469727,26.69499969482422,128842,0.0,0.0
2024-10-02 10:10:00-04:00,26.69499969482422,26.815000534057617,26.59000015258789,26.600000381469727,107751,0.0,0.0
2024-10-02 10:15:00-04:00,26.59000015258789,26.69499969482422,26.559999465942383,26.645000457763672,106251,0.0,0.0
2024-10-02 10:20:00-04:00,26.649999618530273,26.665000915527344,26.540000915527344,26.6299991607666,128227,0.0,0.0
2024-10-02 10:25:00-04:00,26.635000228881836,26.725000381469727,26.489999771118164,26.549999237060547,105663,0.0,0.0
2024-10-02 10:30:00-04:00,26.55500030517578,26.690000534057617,26.55500030517578,26.610000610351562,103886,0.0,0.0
2024-10-02 10:35:00-04:00,26.579999923706055,26.69499969482422,26.540000915527344,26.690000534057617,40536,0.0,0.0
2024-10-02 10:40:00-04:00,26.68000030517578,26.709999084472656,26.579999923706055,26.614999771118164,36511,0.0,0.0
2024-10-02 10:45:00-04:00,26.614999771118164,26.6299991607666,26.549999237060547,26.56999969482422,38567,0.0,0.0
2024-10-02 10:50:00-04:00,26.579999923706055,26.579999923706055,26.399999618530273,26.399999618530273,114393,0.0,0.0
2024-10-02 10:55:00-04:00,26.3799991607666,26.709999084472656,26.290000915527344,26.649999618530273,355219,0.0,0.0
2024-10-02 11:00:00-04:00,26.68000030517578,26.739999771118164,26.649999618530273,26.65999984741211,190422,0.0,0.0
2024-10-02 11:05:00-04:00,26.65999984741211,26.70989990234375,26.559999465942383,26.684999465942383,100659,0.0,0.0
2024-10-02 11:10:00-04:00,26.700000762939453,26.700000762939453,26.6200008392334,26.65169906616211,26825,0.0,0.0
2024-10-02 11:15:00-04:00,26.65999984741211,26.690000534057617,26.600000381469727,26.6299991607666,33573,0.0,0.0
2024-10-02 11:20:00-04:00,26.610000610351562,26.6299991607666,26.579999923706055,26.625,209660,0.0,0.0
2024-10-02 11:25:00-04:00,26.625,26.665000915527344,26.5674991607666,26.639999389648438,95709,0.0,0.0
2024-10-02 11:30:00-04:00,26.639999389648438,26.69499969482422,26.610000610351562,26.665000915527344,66698,0.0,0.0
2024-10-02 11:35:00-04:00,26.665000915527344,26.719999313354492,26.6299991607666,26.639999389648438,36245,0.0,0.0
2024-10-02 11:40:00-04:00,26.649999618530273,26.670000076293945,26.59000015258789,26.604999542236328,42486,0.0,0.0
2024-10-02 11:45:00-04:00,26.610000610351562,26.69499969482422,26.600000381469727,26.69499969482422,36834,0.0,0.0
2024-10-02 11:50:00-04:00,26.69499969482422,26.71500015258789,26.65999984741211,26.68000030517578,20759,0.0,0.0
2024-10-02 11:55:00-04:00,26.670000076293945,26.729999542236328,26.670000076293945,26.71500015258789,39813,0.0,0.0
2024-10-02 12:00:00-04:00,26.71500015258789,26.770000457763672,26.700000762939453,26.719999313354492,45109,0.0,0.0
2024-10-02 12:05:00-04:00,26.725000381469727,26.75,26.690000534057617,26.700000762939453,32523,0.0,0.0
2024-10-02 12:10:00-04:00,26.719999313354492,26.78499984741211,26.709999084472656,26.739999771118164,34198,0.0,0.0
2024-10-02 12:15:00-04:00,26.7450008392334,26.84000015258789,26.739999771118164,26.809999465942383,44446,0.0,0.0
2024-10-02 12:20:00-04:00,26.80500030517578,26.825000762939453,26.729999542236328,26.760000228881836,32952,0.0,0.0
2024-10-02 12:25:00-04:00,26.760000228881836,26.760000228881836,26.649999618530273,26.665000915527344,29637,0.0,0.0
2024-10-02 12:30:00-04:00,26.670000076293945,26.690000534057617,26.610000610351562,26.6299991607666,23369,0.0,0.0
2024-10-02 12:35:00-04:00,26.6299991607666,26.670000076293945,26.6200008392334,26.65999984741211,20202,0.0,0.0
2024-10-02 12:40:00-04:00,26.65999984741211,26.709999084472656,26.639999389648438,26.639999389648438,43688,0.0,0.0
2024-10-02 12:45:00-04:00,26.655000686645508,26.899999618530273,26.645000457763672,26.8799991607666,123993,0.0,0.0
2024-10-02 12:50:00-04:00,26.860000610351562,26.899999618530273,26.81999969482422,26.899999618530273,48252,0.0,0.0
2024-10-02 12:55:00-04:00,26.899999618530273,26.969999313354492,26.889999389648438,26.959999084472656,84670,0.0,0.0
2024-10-02 13:00:00-04:00,26.959999084472656,26.979999542236328,26.950000762939453,26.959999084472656,26556,0.0,0.0
2024-10-02 13:05:00-04:00,26.959999084472656,26.979999542236328,26.954999923706055,26.959999084472656,34292,0.0,0.0
2024-10-02 13:10:00-04:00,26.959999084472656,26.979999542236328,26.954999923706055,26.969999313354492,40263,0.0,0.0
2024-10-02 13:15:00-04:00,26.978900909423828,26.985000610351562,26.954999923706055,26.959999084472656,75162,0.0,0.0
2024-10-02 13:20:00-04:00,26.959999084472656,26.989999771118164,26.954999923706055,26.979999542236328,46872,0.0,0.0
2024-10-02 13:25:00-04:00,26.979999542236328,27.0049991607666,26.954999923706055,26.975000381469727,34035,0.0,0.0
2024-10-02 13:30:00-04:00,26.969999313354492,26.985000610351562,26.950000762939453,26.959999084472656,41167,0.0,0.0
2024-10-02 13:35:00-04:00,26.959999084472656,26.975000381469727,26.950000762939453,26.96500015258789,111130,0.0,0.0
2024-10-02 13:40:00-04:00,26.969999313354492,26.969999313354492,26.950000762939453,26.96500015258789,21943,0.0,0.0
2024-10-02 13:45:00-04:00,26.96500015258789,26.979999542236328,26.959999084472656,26.959999084472656,21643,0.0,0.0
2024-10-02 13:50:00-04:00,26.959999084472656,26.969999313354492,26.950000762939453,26.96500015258789,36509,0.0,0.0
2024-10-02 13:55:00-04:00,26.969999313354492,26.9950008392334,26.954999923706055,26.959999084472656,36019,0.0,0.0
2024-10-02 14:00:00-04:00,26.95199966430664,26.969999313354492,26.950000762939453,26.959999084472656,86849,0.0,0.0
2024-10-02 14:05:00-04:00,26.959999084472656,27.0,26.950000762939453,26.985000610351562,37392,0.0,0.0
2024-10-02 14:10:00-04:00,26.985000610351562,26.99959945678711,26.959999084472656,26.975000381469727,17450,0.0,0.0
2024-10-02 14:15:00-04:00,26.975000381469727,27.0049991607666,26.959999084472656,26.985000610351562,33928,0.0,0.0
2024-10-02 14:20:00-04:00,26.985000610351562,26.989999771118164,26.950000762939453,26.959999084472656,34218,0.0,0.0
2024-10-02 14:25:00-04:00,26.96500015258789,26.96500015258789,26.899999618530273,26.915000915527344,38860,0.0,0.0
2024-10-02 14:30:00-04:00,26.915000915527344,26.969999313354492,26.899999618530273,26.954999923706055,54423,0.0,0.0
2024-10-02 14:35:00-04:00,26.954999923706055,26.99250030517578,26.950000762939453,26.987600326538086,33990,0.0,0.0
2024-10-02 14:40:00-04:00,26.979999542236328,26.989999771118164,26.954999923706055,26.959999084472656,38509,0.0,0.0
2024-10-02 14:45:00-04:00,26.959999084472656,26.969999313354492,26.950000762939453,26.959999084472656,15901,0.0,0.0
2024-10-02 14:50:00-04:00,26.959999084472656,26.979999542236328,26.950000762939453,26.959999084472656,44111,0.0,0.0
2024-10-02 14:55:00-04:00,26.96500015258789,26.975000381469727,26.954999923706055,26.959999084472656,65460,0.0,0.0
2024-10-02 15:00:00-04:00,26.969999313354492,26.969999313354492,26.950000762939453,26.959999084472656,87227,0.0,0.0
2024-10-02 15:05:00-04:00,26.959999084472656,26.989999771118164,26.954999923706055,26.975000381469727,135476,0.0,0.0
2024-10-02 15:10:00-04:00,26.979999542236328,26.9950008392334,26.959999084472656,26.969999313354492,38495,0.0,0.0
2024-10-02 15:15:00-04:00,26.975000381469727,26.975000381469727,26.954999923706055,26.959999084472656,54822,0.0,0.0
2024-10-02 15:20:00-04:00,26.96500015258789,26.985000610351562,26.954999923706055,26.96500015258789,0,0.0,0.0
2024-10-02 15:25:00-04:00,26.96500015258789,26.969999313354492,26.950000762939453,26.959999084472656,50108,0.0,0.0
2024-10-02 15:30:00-04:00,26.959999084472656,26.975000381469727,26.952499389648438,26.96500015258789,103229,0.0,0.0
2024-10-02 15:35:00-04:00,26.96500015258789,27.0049991607666,26.959999084472656,26.9950008392334,168683,0.0,0.0
2024-10-02 15:40:00-04:00,26.9950008392334,27.0049991607666,26.959999084472656,26.9950008392334,208680,0.0,0.0
2024-10-02 15:45:00-04:00,26.9950008392334,27.010000228881836,26.969999313354492,26.985000610351562,434694,0.0,0.0
2024-10-02 15:50:00-04:00,26.979999542236328,26.989999771118164,26.959999084472656,26.989999771118164,302693,0.0,0.0
2024-10-02 15:55:00-04:00,26.989999771118164,27.049999237060547,26.959999084472656,26.959999084472656,802249,0.0,0.0
2024-10-03 09:30:00-04:00,26.420000076293945,26.799999237060547,26.25,26.700000762939453,592581,0.0,0.0
2024-10-03 09:35:00-04:00,26.700000762939453,26.719999313354492,26.600000381469727,26.639999389648438,59094,0.0,0.0
2024-10-03 09:40:00-04:00,26.639999389648438,26.690000534057617,26.549999237060547,26.649999618530273,72479,0.0,0.0
2024-10-03 09:45:00-04:00,26.639999389648438,26.732500076293945,26.579999923706055,26.600000381469727,75999,0.0,0.0
2024-10-03 09:50:00-04:00,26.604999542236328,26.719999313354492,26.594999313354492,26.670000076293945,30708,0.0,0.0
2024-10-03 09:55:00-04:00,26.700000762939453,26.704999923706055,26.610000610351562,26.639999389648438,21996,0.0,0.0
2024-10-03 10:00:00-04:00,26.639999389648438,26.71500015258789,26.600000381469727,26.709999084472656,44507,0.0,0.0
2024-10-03 10:05:00-04:00,26.69499969482422,26.799999237060547,26.68000030517578,26.795000076293945,39280,0.0,0.0
2024-10-03 10:10:00-04:00,26.795000076293945,26.795000076293945,26.649999618530273,26.709999084472656,31524,0.0,0.0
2024-10-03 10:15:00-04:00,26.709999084472656,26.770000457763672,26.649999618530273,26.670000076293945,20781,0.0,0.0
2024-10-03 10:20:00-04:00,26.670000076293945,26.670000076293945,26.610000610351562,26.645000457763672,26825,0.0,0.0
2024-10-03 10:25:00-04:00,26.639999389648438,26.670000076293945,26.614999771118164,26.639999389648438,17230,0.0,0.0
2024-10-03 10:30:00-04:00,26.625,26.6299991607666,26.600000381469727,26.600000381469727,89972,0.0,0.0
2024-10-03 10:35:00-04:00,26.604999542236328,26.655000686645508,26.600000381469727,26.635000228881836,251135,0.0,0.0
2024-10-03 10:40:00-04:00,26.6299991607666,26.68000030517578,26.610000610351562,26.65999984741211,25754,0.0,0.0
2024-10-03 10:45:00-04:00,26.670000076293945,26.68000030517578,26.6200008392334,26.6299991607666,19514,0.0,0.0
2024-10-03 10:50:00-04:00,26.6299991607666,26.655000686645508,26.6200008392334,26.645000457763672,13378,0.0,0.0
2024-10-03 10:55:00-04:00,26.639999389648438,26.670000076293945,26.610000610351562,26.610000610351562,24184,0.0,0.0
2024-10-03 11:00:00-04:00,26.610000610351562,26.625,26.600000381469727,26.610000610351562,32872,0.0,0.0
2024-10-03 11:05:00-04:00,26.610000610351562,26.645000457763672,26.530000686645508,26.530000686645508,62954,0.0,0.0
2024-10-03 11:10:00-04:00,26.489999771118164,26.540000915527344,26.485000610351562,26.540000915527344,19225,0.0,0.0
2024-10-03 11:15:00-04:00,26.540000915527344,26.55500030517578,26.520000457763672,26.530000686645508,14207,0.0,0.0
2024-10-03 11:20:00-04:00,26.514999389648438,26.520000457763672,26.395000457763672,26.399999618530273,21017,0.0,0.0
2024-10-03 11:25:00-04:00,26.405000686645508,26.434999465942383,26.350000381469727,26.434999465942383,16087,0.0,0.0
2024-10-03 11:30:00-04:00,26.420000076293945,26.43000030517578,26.3799991607666,26.43000030517578,11183,0.0,0.0
2024-10-03 11:35:00-04:00,26.424999237060547,26.459999084472656,26.415000915527344,26.454999923706055,9862,0.0,0.0
2024-10-03 11:40:00-04:00,26.459199905395508,26.469999313354492,26.399999618530273,26.399999618530273,16939,0.0,0.0
2024-10-03 11:45:00-04:00,26.399999618530273,26.405000686645508,26.364999771118164,26.405000686645508,24592,0.0,0.0
2024-10-03 11:50:00-04:00,26.40999984741211,26.420000076293945,26.405000686645508,26.40999984741211,11393,0.0,0.0
2024-10-03 11:55:00-04:00,26.399999618530273,26.400999069213867,26.350000381469727,26.364999771118164,21794,0.0,0.0
2024-10-03 12:00:00-04:00,26.360000610351562,26.360000610351562,26.325000762939453,26.34000015258789,16057,0.0,0.0
2024-10-03 12:05:00-04:00,26.344999313354492,26.344999313354492,26.300100326538086,26.325000762939453,28446,0.0,0.0
2024-10-03 12:10:00-04:00,26.325000762939453,26.40999984741211,26.325000762939453,26.389999389648438,62678,0.0,0.0
2024-10-03 12:15:00-04:00,26.389999389648438,26.395000457763672,26.3700008392334,26.395000457763672,7171,0.0,0.0
2024-10-03 12:20:00-04:00,26.395000457763672,26.405000686645508,26.385000228881836,26.405000686645508,9868,0.0,0.0
2024-10-03 12:25:00-04:00,26.40999984741211,26.40999984741211,26.3799991607666,26.385000228881836,7381,0.0,0.0
2024-10-03 12:30:00-04:00,26.3799991607666,26.3799991607666,26.344999313354492,26.3799991607666,21359,0.0,0.0
2024-10-03 12:35:00-04:00,26.385000228881836,26.40999984741211,26.364999771118164,26.385000228881836,11302,0.0,0.0
2024-10-03 12:40:00-04:00,26.385000228881836,26.395000457763672,26.3700008392334,26.377500534057617,12543,0.0,0.0
2024-10-03 12:45:00-04:00,26.375,26.43000030517578,26.332000732421875,26.420000076293945,25403,0.0,0.0
2024-10-03 12:50:00-04:00,26.420000076293945,26.424999237060547,26.3700008392334,26.420000076293945,15317,0.0,0.0
2024-10-03 12:55:00-04:00,26.424999237060547,26.43000030517578,26.40999984741211,26.40999984741211,8347,0.0,0.0
2024-10-03 13:00:00-04:00,26.40999984741211,26.40999984741211,26.344999313354492,26.364999771118164,16581,0.0,0.0
2024-10-03 13:05:00-04:00,26.3700008392334,26.459999084472656,26.364999771118164,26.459999084472656,13096,0.0,0.0
2024-10-03 13:10:00-04:00,26.450000762939453,26.450000762939453,26.389999389648438,26.405000686645508,40967,0.0,0.0
2024-10-03 13:15:00-04:00,26.405000686645508,26.40999984741211,26.3700008392334,26.3700008392334,21758,0.0,0.0
2024-10-03 13:20:00-04:00,26.375,26.43000030517578,26.375,26.43000030517578,22789,0.0,0.0
2024-10-03 13:25:00-04:00,26.43000030517578,26.440000534057617,26.395000457763672,26.415000915527344,15822,0.0,0.0
2024-10-03 13:30:00-04:00,26.40999984741211,26.415000915527344,26.399999618530273,26.415000915527344,89261,0.0,0.0
2024-10-03 13:35:00-04:00,26.415000915527344,26.415000915527344,26.3700008392334,26.395000457763672,25299,0.0,0.0
2024-10-03 13:40:00-04:00,26.395000457763672,26.405000686645508,26.360000610351562,26.375,82350,0.0,0.0
2024-10-03 13:45:00-04:00,26.375,26.395000457763672,26.3700008392334,26.395000457763672,9529,0.0,0.0
2024-10-03 13:50:00-04:00,26.395000457763672,26.40999984741211,26.389999389648438,26.405000686645508,12894,0.0,0.0
2024-10-03 13:55:00-04:00,26.405000686645508,26.405000686645508,26.3799991607666,26.395000457763672,13168,0.0,0.0
2024-10-03 14:00:00-04:00,26.395000457763672,26.40999984741211,26.395000457763672,26.405000686645508,8624,0.0,0.0
2024-10-03 14:05:00-04:00,26.405000686645508,26.469999313354492,26.389999389648438,26.46500015258789,21029,0.0,0.0
2024-10-03 14:10:00-04:00,26.469999313354492,26.5,26.450000762939453,26.450000762939453,15417,0.0,0.0
2024-10-03 14:15:00-04:00,26.450000762939453,26.469999313354492,26.440000534057617,26.46500015258789,19291,0.0,0.0
2024-10-03 14:20:00-04:00,26.46500015258789,26.475000381469727,26.415000915527344,26.44499969482422,26338,0.0,0.0
2024-10-03 14:25:00-04:00,26.450000762939453,26.454999923706055,26.405000686645508,26.40999984741211,20232,0.0,0.0
2024-10-03 14:30:00-04:00,26.399999618530273,26.399999618530273,26.3700008392334,26.385000228881836,18948,0.0,0.0
2024-10-03 14:35:00-04:00,26.385000228881836,26.43000030517578,26.385000228881836,26.415000915527344,21758,0.0,0.0
2024-10-03 14:40:00-04:00,26.415000915527344,26.420000076293945,26.389999389648438,26.389999389648438,22861,0.0,0.0
2024-10-03 14:45:00-04:00,26.395000457763672,26.450000762939453,26.395000457763672,26.43000030517578,202180,0.0,0.0
2024-10-03 14:50:00-04:00,26.424999237060547,26.424999237060547,26.399999618530273,26.40999984741211,13694,0.0,0.0
2024-10-03 14:55:00-04:00,26.405000686645508,26.415000915527344,26.375,26.385000228881836,22793,0.0,0.0
2024-10-03 15:00:00-04:00,26.3799991607666,26.3799991607666,26.274999618530273,26.28499984741211,19681,0.0,0.0
2024-10-03 15:05:00-04:00,26.280000686645508,26.28499984741211,26.274999618530273,26.274999618530273,11813,0.0,0.0
2024-10-03 15:10:00-04:00,26.270000457763672,26.309999465942383,26.264999389648438,26.30500030517578,69441,0.0,0.0
2024-10-03 15:15:00-04:00,26.309999465942383,26.420000076293945,26.309999465942383,26.420000076293945,27582,0.0,0.0
2024-10-03 15:20:00-04:00,26.415000915527344,26.43000030517578,26.3799991607666,26.405000686645508,33726,0.0,0.0
2024-10-03 15:25:00-04:00,26.405000686645508,26.420000076293945,26.399999618530273,26.405000686645508,36655,0.0,0.0
2024-10-03 15:30:00-04:00,26.399999618530273,26.450000762939453,26.329999923706055,26.424999237060547,204597,0.0,0.0
2024-10-03 15:35:00-04:00,26.43000030517578,26.440000534057617,26.385000228881836,26.434999465942383,46541,0.0,0.0
2024-10-03 15:40:00-04:00,26.434999465942383,26.440000534057617,26.415000915527344,26.424999237060547,38286,0.0,0.0
2024-10-03 15:45:00-04:00,26.424999237060547,26.454999923706055,26.415000915527344,26.44499969482422,71058,0.0,0.0
2024-10-03 15:50:00-04:00,26.440000534057617,26.454999923706055,26.399999618530273,26.434999465942383,215329,0.0,0.0
2024-10-03 15:55:00-04:00,26.434999465942383,26.489999771118164,26.43000030517578,26.469999313354492,487943,0.0,0.0
2024-10-04 09:30:00-04:00,27.0,27.5,27.0,27.209999084472656,360632,0.0,0.0
2024-10-04 09:35:00-04:00,27.219999313354492,27.360000610351562,27.149999618530273,27.350000381469727,40271,0.0,0.0
2024-10-04 09:40:00-04:00,27.34000015258789,27.479999542236328,27.290000915527344,27.434999465942383,47234,0.0,0.0
2024-10-04 09:45:00-04:00,27.420000076293945,27.43000030517578,27.260000228881836,27.260000228881836,37914,0.0,0.0
2024-10-04 09:50:00-04:00,27.229999542236328,27.239999771118164,26.899999618530273,26.93000030517578,326269,0.0,0.0
2024-10-04 09:55:00-04:00,26.93000030517578,27.049999237060547,26.8799991607666,27.03499984741211,59363,0.0,0.0
2024-10-04 10:00:00-04:00,27.03499984741211,27.149999618530273,27.0049991607666,27.094999313354492,59393,0.0,0.0
2024-10-04 10:05:00-04:00,27.079999923706055,27.34000015258789,27.079999923706055,27.309999465942383,101232,0.0,0.0
2024-10-04 10:10:00-04:00,27.309999465942383,27.31999969482422,27.049999237060547,27.059999465942383,79759,0.0,0.0
2024-10-04 10:15:00-04:00,27.079999923706055,27.239999771118164,27.079999923706055,27.139999389648438,99023,0.0,0.0
2024-10-04 10:20:00-04:00,27.149999618530273,27.209999084472656,27.1200008392334,27.139999389648438,31216,0.0,0.0
2024-10-04 10:25:00-04:00,27.139999389648438,27.219999313354492,27.139999389648438,27.190000534057617,27949,0.0,0.0
2024-10-04 10:30:00-04:00,27.165000915527344,27.165000915527344,26.94499969482422,27.010000228881836,256203,0.0,0.0
2024-10-04 10:35:00-04:00,27.014999389648438,27.075000762939453,26.985000610351562,27.031511306762695,88114,0.0,0.0
2024-10-04 10:40:00-04:00,27.030000686645508,27.040000915527344,26.959999084472656,27.0,34024,0.0,0.0
2024-10-04 10:45:00-04:00,27.0049991607666,27.020000457763672,26.959999084472656,26.960100173950195,17444,0.0,0.0
2024-10-04 10:50:00-04:00,26.969999313354492,26.985000610351562,26.90999984741211,26.93000030517578,28867,0.0,0.0
2024-10-04 10:55:00-04:00,26.920000076293945,26.93000030517578,26.84000015258789,26.8799991607666,34405,0.0,0.0
2024-10-04 11:00:00-04:00,26.889999389648438,26.889999389648438,26.75,26.760000228881836,31000,0.0,0.0
2024-10-04 11:05:00-04:00,26.770000457763672,26.84000015258789,26.770000457763672,26.80500030517578,18629,0.0,0.0
2024-10-04 11:10:00-04:00,26.80500030517578,26.889999389648438,26.790000915527344,26.8799991607666,29607,0.0,0.0
2024-10-04 11:15:00-04:00,26.8799991607666,26.899999618530273,26.844999313354492,26.844999313354492,13654,0.0,0.0
2024-10-04 11:20:00-04:00,26.850000381469727,26.969999313354492,26.84000015258789,26.969999313354492,29494,0.0,0.0
2024-10-04 11:25:00-04:00,26.96500015258789,27.0,26.959999084472656,26.989999771118164,23826,0.0,0.0
2024-10-04 11:30:00-04:00,26.989999771118164,27.0049991607666,26.959999084472656,26.969999313354492,18792,0.0,0.0
2024-10-04 11:35:00-04:00,26.969999313354492,27.114999771118164,26.969999313354492,27.059999465942383,91359,0.0,0.0
2024-10-04 11:40:00-04:00,27.065000534057617,27.15999984741211,27.030000686645508,27.030000686645508,62143,0.0,0.0
2024-10-04 11:45:00-04:00,27.020000457763672,27.274999618530273,27.020000457763672,27.25,831591,0.0,0.0
2024-10-04 11:50:00-04:00,27.260000228881836,27.344999313354492,27.030000686645508,27.260000228881836,176242,0.0,0.0
2024-10-04 11:55:00-04:00,27.260000228881836,27.315000534057617,27.25,27.280000686645508,19284,0.0,0.0
2024-10-04 12:00:00-04:00,27.280000686645508,27.30500030517578,27.25,27.270000457763672,34334,0.0,0.0
2024-10-04 12:05:00-04:00,27.270000457763672,27.299999237060547,27.200000762939453,27.280000686645508,142080,0.0,0.0
2024-10-04 12:10:00-04:00,27.274999618530273,27.350000381469727,27.274999618530273,27.309999465942383,25216,0.0,0.0
2024-10-04 12:15:00-04:00,27.31999969482422,27.325000762939453,27.239999771118164,27.299999237060547,72459,0.0,0.0
2024-10-04 12:20:00-04:00,27.299999237060547,27.30500030517578,27.2549991607666,27.2549991607666,21543,0.0,0.0
2024-10-04 12:25:00-04:00,27.25,27.28499984741211,27.25,27.270000457763672,16618,0.0,0.0
2024-10-04 12:30:00-04:00,27.269699096679688,27.269699096679688,27.200000762939453,27.25,41661,0.0,0.0
2024-10-04 12:35:00-04:00,27.260000228881836,27.260000228881836,27.190000534057617,27.260000228881836,89725,0.0,0.0
2024-10-04 12:40:00-04:00,27.260000228881836,27.264999389648438,27.239999771118164,27.25,24044,0.0,0.0
2024-10-04 12:45:00-04:00,27.256959915161133,27.260000228881836,27.239999771118164,27.260000228881836,22349,0.0,0.0
2024-10-04 12:50:00-04:00,27.264999389648438,27.290000915527344,27.2549991607666,27.280000686645508,13705,0.0,0.0
2024-10-04 12:55:00-04:00,27.290000915527344,27.290000915527344,27.25,27.25,8880,0.0,0.0
2024-10-04 13:00:00-04:00,27.25,27.280000686645508,27.25,27.2549991607666,19429,0.0,0.0
2024-10-04 13:05:00-04:00,27.25,27.260000228881836,27.239999771118164,27.260000228881836,29468,0.0,0.0
2024-10-04 13:10:00-04:00,27.2549991607666,27.264999389648438,27.2450008392334,27.2549991607666,21429,0.0,0.0
2024-10-04 13:15:00-04:00,27.25,27.260000228881836,27.2450008392334,27.25,8677,0.0,0.0
2024-10-04 13:20:00-04:00,27.2549991607666,27.290000915527344,27.239999771118164,27.270000457763672,22511,0.0,0.0
2024-10-04 13:25:00-04:00,27.270000457763672,27.28499984741211,27.260000228881836,27.260000228881836,8188,0.0,0.0
2024-10-04 13:30:00-04:00,27.260000228881836,27.270000457763672,27.2450008392334,27.25,19075,0.0,0.0
2024-10-04 13:35:00-04:00,27.2549991607666,27.290000915527344,27.25,27.290000915527344,68878,0.0,0.0
2024-10-04 13:40:00-04:00,27.290000915527344,27.299999237060547,27.270000457763672,27.299999237060547,13006,0.0,0.0
2024-10-04 13:45:00-04:00,27.299999237060547,27.309999465942383,27.260000228881836,27.260000228881836,16045,0.0,0.0
2024-10-04 13:50:00-04:00,27.25,27.270000457763672,27.2450008392334,27.25,23973,0.0,0.0
2024-10-04 13:55:00-04:00,27.25,27.260000228881836,27.2450008392334,27.25,21135,0.0,0.0
2024-10-04 14:00:00-04:00,27.25,27.2549991607666,27.21500015258789,27.25,64754,0.0,0.0
2024-10-04 14:05:00-04:00,27.25,27.270000457763672,27.2450008392334,27.260000228881836,15942,0.0,0.0
2024-10-04 14:10:00-04:00,27.264999389648438,27.264999389648438,27.25,27.2549991607666,15614,0.0,0.0
2024-10-04 14:15:00-04:00,27.25,27.274999618530273,27.25,27.274999618530273,39445,0.0,0.0
2024-10-04 14:20:00-04:00,27.274999618530273,27.277999877929688,27.25,27.264999389648438,27827,0.0,0.0
2024-10-04 14:25:00-04:00,27.270000457763672,27.289899826049805,27.264999389648438,27.280000686645508,20296,0.0,0.0
2024-10-04 14:30:00-04:00,27.274999618530273,27.280000686645508,27.2450008392334,27.25,23368,0.0,0.0
2024-10-04 14:35:00-04:00,27.25,27.260000228881836,27.2450008392334,27.2549991607666,30315,0.0,0.0
2024-10-04 14:40:00-04:00,27.2549991607666,27.260000228881836,27.110000610351562,27.149999618530273,43733,0.0,0.0
2024-10-04 14:45:00-04:00,27.149999618530273,27.190000534057617,27.149999618530273,27.15999984741211,22855,0.0,0.0
2024-10-04 14:50:00-04:00,27.149999618530273,27.15999984741211,27.059999465942383,27.06999969482422,28424,0.0,0.0
2024-10-04 14:55:00-04:00,27.065000534057617,27.065000534057617,26.985000610351562,27.0,26084,0.0,0.0
2024-10-04 15:00:00-04:00,26.989999771118164,26.989999771118164,26.959999084472656,26.979999542236328,19294,0.0,0.0
2024-10-04 15:05:00-04:00,26.979999542236328,26.989999771118164,26.940000534057617,26.954999923706055,104509,0.0,0.0
2024-10-04 15:10:00-04:00,26.954999923706055,26.96500015258789,26.90999984741211,26.90999984741211,32198,0.0,0.0
2024-10-04 15:15:00-04:00,26.915000915527344,26.920000076293945,26.8700008392334,26.8799991607666,29385,0.0,0.0
2024-10-04 15:20:00-04:00,26.8799991607666,26.888999938964844,26.860000610351562,26.888999938964844,37961,0.0,0.0
2024-10-04 15:25:00-04:00,26.8799991607666,26.93000030517578,26.860000610351562,26.899999618530273,36294,0.0,0.0
2024-10-04 15:30:00-04:00,26.899999618530273,26.929000854492188,26.875,26.924999237060547,38378,0.0,0.0
2024-10-04 15:35:00-04:00,26.924999237060547,26.93000030517578,26.8799991607666,26.924999237060547,45197,0.0,0.0
2024-10-04 15:40:00-04:00,26.924999237060547,26.989999771118164,26.924999237060547,26.985000610351562,46726,0.0,0.0
2024-10-04 15:45:00-04:00,26.985000610351562,27.020000457763672,26.975000381469727,26.989999771118164,74286,0.0,0.0
2024-10-04 15:50:00-04:00,26.989999771118164,26.989999771118164,26.920000076293945,26.985000610351562,169727,0.0,0.0
2024-10-04 15:55:00-04:00,26.985000610351562,27.030000686645508,26.959999084472656,26.989999771118164,419951,0.0,0.0
2024-10-07 09:30:00-04:00,27.200000762939453,27.5,26.940000534057617,27.100000381469727,85747,0.0,0.0
2024-10-07 09:35:00-04:00,27.075000762939453,27.15999984741211,26.90999984741211,27.1299991607666,88501,0.0,0.0
2024-10-07 09:40:00-04:00,27.1200008392334,27.170000076293945,27.06999969482422,27.165000915527344,26216,0.0,0.0
2024-10-07 09:45:00-04:00,27.170000076293945,27.309999465942383,27.149999618530273,27.260000228881836,40780,0.0,0.0
2024-10-07 09:50:00-04:00,27.25,27.290000915527344,27.13360023498535,27.170000076293945,23892,0.0,0.0
2024-10-07 09:55:00-04:00,27.170000076293945,27.18000030517578,27.06999969482422,27.079999923706055,20602,0.0,0.0
2024-10-07 10:00:00-04:00,27.079999923706055,27.104999542236328,26.93000030517578,26.960500717163086,33041,0.0,0.0
2024-10-07 10:05:00-04:00,26.950000762939453,26.959999084472656,26.829999923706055,26.889999389648438,33706,0.0,0.0
2024-10-07 10:10:00-04:00,26.895000457763672,26.924999237060547,26.850000381469727,26.920000076293945,20676,0.0,0.0
2024-10-07 10:15:00-04:00,26.90999984741211,26.90999984741211,26.690000534057617,26.700000762939453,41069,0.0,0.0
2024-10-07 10:20:00-04:00,26.690000534057617,26.729999542236328,26.670000076293945,26.704999923706055,25083,0.0,0.0
2024-10-07 10:25:00-04:00,26.700000762939453,26.700000762939453,26.584999084472656,26.604999542236328,94765,0.0,0.0
2024-10-07 10:30:00-04:00,26.600000381469727,26.600000381469727,26.510000228881836,26.510000228881836,40693,0.0,0.0
2024-10-07 10:35:00-04:00,26.520000457763672,26.520000457763672,26.389999389648438,26.44499969482422,47054,0.0,0.0
2024-10-07 10:40:00-04:00,26.459999084472656,26.475000381469727,26.420000076293945,26.469999313354492,37776,0.0,0.0
2024-10-07 10:45:00-04:00,26.469999313354492,26.54990005493164,26.469999313354492,26.54990005493164,29587,0.0,0.0
2024-10-07 10:50:00-04:00,26.540000915527344,26.540000915527344,26.450000762939453,26.479999542236328,224500,0.0,0.0
2024-10-07 10:55:00-04:00,26.459999084472656,26.459999084472656,26.364999771118164,26.375,27398,0.0,0.0
2024-10-07 11:00:00-04:00,26.360000610351562,26.3799991607666,26.329999923706055,26.350000381469727,15300,0.0,0.0
2024-10-07 11:05:00-04:00,26.389999389648438,26.389999389648438,26.315000534057617,26.34000015258789,31587,0.0,0.0
2024-10-07 11:10:00-04:00,26.350000381469727,26.399999618530273,26.18000030517578,26.235000610351562,75163,0.0,0.0
2024-10-07 11:15:00-04:00,26.229999542236328,26.260000228881836,26.174999237060547,26.239999771118164,64453,0.0,0.0
2024-10-07 11:20:00-04:00,26.229999542236328,26.270000457763672,26.200000762939453,26.225000381469727,42183,0.0,0.0
2024-10-07 11:25:00-04:00,26.225000381469727,26.290000915527344,26.190000534057617,26.290000915527344,52461,0.0,0.0
2024-10-07 11:30:00-04:00,26.290000915527344,26.40999984741211,26.290000915527344,26.385000228881836,39386,0.0,0.0
2024-10-07 11:35:00-04:00,26.40999984741211,26.440000534057617,26.389999389648438,26.40999984741211,24563,0.0,0.0
2024-10-07 11:40:00-04:00,26.399999618530273,26.440000534057617,26.334999084472656,26.3799991607666,29642,0.0,0.0
2024-10-07 11:45:00-04:00,26.3799991607666,26.399999618530273,26.344999313354492,26.350000381469727,28200,0.0,0.0
2024-10-07 11:50:00-04:00,26.360000610351562,26.360000610351562,26.260000228881836,26.309999465942383,22320,0.0,0.0
2024-10-07 11:55:00-04:00,26.309999465942383,26.489999771118164,26.280000686645508,26.489999771118164,21514,0.0,0.0
2024-10-07 12:00:00-04:00,26.4950008392334,26.584999084472656,26.485000610351562,26.540000915527344,17239,0.0,0.0
2024-10-07 12:05:00-04:00,26.530000686645508,26.56999969482422,26.510000228881836,26.56999969482422,16767,0.0,0.0
2024-10-07 12:10:00-04:00,26.565000534057617,26.639999389648438,26.565000534057617,26.639999389648438,70310,0.0,0.0
2024-10-07 12:15:00-04:00,26.649999618530273,26.65999984741211,26.604999542236328,26.6200008392334,11098,0.0,0.0
2024-10-07 12:20:00-04:00,26.610000610351562,26.6200008392334,26.559999465942383,26.56999969482422,14383,0.0,0.0
2024-10-07 12:25:00-04:00,26.56999969482422,26.575000762939453,26.514999389648438,26.56999969482422,14917,0.0,0.0
2024-10-07 12:30:00-04:00,26.559999465942383,26.59000015258789,26.53499984741211,26.59000015258789,9975,0.0,0.0
2024-10-07 12:35:00-04:00,26.6200008392334,26.6200008392334,26.579999923706055,26.579999923706055,20517,0.0,0.0
2024-10-07 12:40:00-04:00,26.579999923706055,26.59000015258789,26.565000534057617,26.56999969482422,10419,0.0,0.0
2024-10-07 12:45:00-04:00,26.575000762939453,26.600000381469727,26.545000076293945,26.600000381469727,15812,0.0,0.0
2024-10-07 12:50:00-04:00,26.610000610351562,26.639999389648438,26.600000381469727,26.635000228881836,12878,0.0,0.0
2024-10-07 12:55:00-04:00,26.625,26.639999389648438,26.610000610351562,26.6299991607666,11876,0.0,0.0
2024-10-07 13:00:00-04:00,26.6200008392334,26.6200008392334,26.604999542236328,26.610000610351562,8767,0.0,0.0
2024-10-07 13:05:00-04:00,26.600000381469727,26.625,26.594999313354492,26.604999542236328,14253,0.0,0.0
2024-10-07 13:10:00-04:00,26.604999542236328,26.649999618530273,26.604999542236328,26.6299991607666,13919,0.0,0.0
2024-10-07 13:15:00-04:00,26.6299991607666,26.670000076293945,26.6299991607666,26.65999984741211,15786,0.0,0.0
2024-10-07 13:20:00-04:00,26.65999984741211,26.670000076293945,26.649999618530273,26.65999984741211,12320,0.0,0.0
2024-10-07 13:25:00-04:00,26.65999984741211,26.709999084472656,26.649999618530273,26.68000030517578,22807,0.0,0.0
2024-10-07 13:30:00-04:00,26.68000030517578,26.735000610351562,26.670000076293945,26.735000610351562,16834,0.0,0.0
2024-10-07 13:35:00-04:00,26.739999771118164,26.739999771118164,26.709999084472656,26.725000381469727,13992,0.0,0.0
2024-10-07 13:40:00-04:00,26.725000381469727,26.799999237060547,26.719999313354492,26.790000915527344,21204,0.0,0.0
2024-10-07 13:45:00-04:00,26.79949951171875,26.809999465942383,26.780000686645508,26.799999237060547,14796,0.0,0.0
2024-10-07 13:50:00-04:00,26.799999237060547,26.809999465942383,26.7549991607666,26.7549991607666,16311,0.0,0.0
2024-10-07 13:55:00-04:00,26.7549991607666,26.81999969482422,26.7549991607666,26.81999969482422,17040,0.0,0.0
2024-10-07 14:00:00-04:00,26.809999465942383,26.825000762939453,26.774999618530273,26.780000686645508,17781,0.0,0.0
2024-10-07 14:05:00-04:00,26.78499984741211,26.809999465942383,26.7549991607666,26.809999465942383,38150,0.0,0.0
2024-10-07 14:10:00-04:00,26.81999969482422,26.84000015258789,26.799999237060547,26.81999969482422,12780,0.0,0.0
2024-10-07 14:15:00-04:00,26.809999465942383,26.850000381469727,26.799999237060547,26.809999465942383,16296,0.0,0.0
2024-10-07 14:20:00-04:00,26.809999465942383,26.829999923706055,26.799999237060547,26.809999465942383,17091,0.0,0.0
2024-10-07 14:25:00-04:00,26.81999969482422,26.829999923706055,26.80500030517578,26.81999969482422,12694,0.0,0.0
2024-10-07 14:30:00-04:00,26.80500030517578,26.809999465942383,26.7549991607666,26.780000686645508,35119,0.0,0.0
2024-10-07 14:35:00-04:00,26.780000686645508,26.81999969482422,26.760000228881836,26.790000915527344,18573,0.0,0.0
2024-10-07 14:40:00-04:00,26.790000915527344,26.809999465942383,26.78499984741211,26.790000915527344,15620,0.0,0.0
2024-10-07 14:45:00-04:00,26.770000457763672,26.780000686645508,26.71500015258789,26.725000381469727,180762,0.0,0.0
2024-10-07 14:50:00-04:00,26.729999542236328,26.760000228881836,26.709999084472656,26.725000381469727,18292,0.0,0.0
2024-10-07 14:55:00-04:00,26.725000381469727,26.75,26.709999084472656,26.709999084472656,24675,0.0,0.0
2024-10-07 15:00:00-04:00,26.709999084472656,26.729999542236328,26.59000015258789,26.610000610351562,30787,0.0,0.0
2024-10-07 15:05:00-04:00,26.604999542236328,26.6299991607666,26.593799591064453,26.610000610351562,14537,0.0,0.0
2024-10-07 15:10:00-04:00,26.604999542236328,26.6200008392334,26.584999084472656,26.604999542236328,16280,0.0,0.0
2024-10-07 15:15:00-04:00,26.604999542236328,26.6200008392334,26.600000381469727,26.6200008392334,16380,0.0,0.0
2024-10-07 15:20:00-04:00,26.6200008392334,26.65999984741211,26.614999771118164,26.65999984741211,27369,0.0,0.0
2024-10-07 15:25:00-04:00,26.655000686645508,26.7450008392334,26.655000686645508,26.700000762939453,69539,0.0,0.0
2024-10-07 15:30:00-04:00,26.69499969482422,26.719999313354492,26.674999237060547,26.719999313354492,192450,0.0,0.0
2024-10-07 15:35:00-04:00,26.719999313354492,26.770000457763672,26.713899612426758,26.735000610351562,55979,0.0,0.0
2024-10-07 15:40:00-04:00,26.735000610351562,26.739999771118164,26.691299438476562,26.700000762939453,41979,0.0,0.0
2024-10-07 15:45:00-04:00,26.700000762939453,26.75,26.69499969482422,26.75,63020,0.0,0.0
2024-10-07 15:50:00-04:00,26.7450008392334,26.760000228881836,26.729999542236328,26.75,117216,0.0,0.0
2024-10-07 15:55:00-04:00,26.790000915527344,26.790000915527344,26.741300582885742,26.790000915527344,341531,0.0,0.0
2024-10-08 09:30:00-04:00,25.700000762939453,25.959999084472656,25.540000915527344,25.780000686645508,289097,0.0,0.0
2024-10-08 09:35:00-04:00,25.809999465942383,26.079999923706055,25.809999465942383,26.0,32508,0.0,0.0
2024-10-08 09:40:00-04:00,25.979999542236328,26.020000457763672,25.809999465942383,25.895000457763672,74396,0.0,0.0
2024-10-08 09:45:00-04:00,25.889999389648438,25.950000762939453,25.799999237060547,25.799999237060547,78645,0.0,0.0
2024-10-08 09:50:00-04:00,25.790000915527344,25.834999084472656,25.700000762939453,25.799999237060547,60088,0.0,0.0
2024-10-08 09:55:00-04:00,25.809999465942383,25.81999969482422,25.709999084472656,25.735000610351562,38709,0.0,0.0
2024-10-08 10:00:00-04:00,25.735000610351562,25.825000762939453,25.625,25.81999969482422,65166,0.0,0.0
2024-10-08 10:05:00-04:00,25.81999969482422,25.90999984741211,25.799999237060547,25.905000686645508,46415,0.0,0.0
2024-10-08 10:10:00-04:00,25.899999618530273,25.940000534057617,25.8700008392334,25.93000030517578,36282,0.0,0.0
2024-10-08 10:15:00-04:00,25.93000030517578,25.969999313354492,25.885000228881836,25.96500015258789,127586,0.0,0.0
2024-10-08 10:20:00-04:00,25.96500015258789,26.079999923706055,25.954999923706055,26.0,55820,0.0,0.0
2024-10-08 10:25:00-04:00,26.0,26.010000228881836,25.950000762939453,25.9950008392334,25529,0.0,0.0
2024-10-08 10:30:00-04:00,25.989999771118164,26.094999313354492,25.979999542236328,26.094999313354492,42153,0.0,0.0
2024-10-08 10:35:00-04:00,26.09000015258789,26.125,25.959999084472656,26.0,57030,0.0,0.0
2024-10-08 10:40:00-04:00,26.0,26.020000457763672,25.959999084472656,26.020000457763672,37606,0.0,0.0
2024-10-08 10:45:00-04:00,26.030000686645508,26.084999084472656,26.014999389648438,26.059999465942383,41649,0.0,0.0
2024-10-08 10:50:00-04:00,26.059999465942383,26.09000015258789,26.030000686645508,26.09000015258789,24522,0.0,0.0
2024-10-08 10:55:00-04:00,26.09000015258789,26.135000228881836,26.09000015258789,26.100000381469727,27589,0.0,0.0
2024-10-08 11:00:00-04:00,26.100000381469727,26.110000610351562,26.024999618530273,26.079999923706055,30776,0.0,0.0
2024-10-08 11:05:00-04:00,26.079999923706055,26.09000015258789,26.014999389648438,26.030000686645508,19589,0.0,0.0
2024-10-08 11:10:00-04:00,26.03499984741211,26.100000381469727,26.030000686645508,26.100000381469727,17794,0.0,0.0
2024-10-08 11:15:00-04:00,26.100000381469727,26.104999542236328,26.040000915527344,26.040000915527344,17153,0.0,0.0
2024-10-08 11:20:00-04:00,26.040000915527344,26.079999923706055,26.024999618530273,26.024999618530273,24566,0.0,0.0
2024-10-08 11:25:00-04:00,26.010000228881836,26.010000228881836,25.975000381469727,25.975000381469727,15665,0.0,0.0
2024-10-08 11:30:00-04:00,25.969999313354492,26.03499984741211,25.969999313354492,26.030000686645508,18041,0.0,0.0
2024-10-08 11:35:00-04:00,26.030000686645508,26.065000534057617,26.020000457763672,26.05500030517578,22344,0.0,0.0
2024-10-08 11:40:00-04:00,26.05500030517578,26.059999465942383,26.045000076293945,26.049999237060547,16661,0.0,0.0
2024-10-08 11:45:00-04:00,26.049999237060547,26.110000610351562,26.049999237060547,26.110000610351562,28912,0.0,0.0
2024-10-08 11:50:00-04:00,26.1200008392334,26.135000228881836,26.079999923706055,26.079999923706055,18621,0.0,0.0
2024-10-08 11:55:00-04:00,26.079999923706055,26.100000381469727,26.06999969482422,26.100000381469727,14963,0.0,0.0
2024-10-08 12:00:00-04:00,26.100000381469727,26.104999542236328,26.059999465942383,26.084999084472656,17487,0.0,0.0
2024-10-08 12:05:00-04:00,26.09000015258789,26.094999313354492,26.030000686645508,26.030000686645508,18340,0.0,0.0
2024-10-08 12:10:00-04:00,26.03499984741211,26.040000915527344,26.010000228881836,26.024999618530273,23035,0.0,0.0
2024-10-08 12:15:00-04:00,26.020000457763672,26.040000915527344,26.0,26.0,20233,0.0,0.0
2024-10-08 12:20:00-04:00,26.010000228881836,26.049999237060547,26.0,26.020000457763672,36271,0.0,0.0
2024-10-08 12:25:00-04:00,26.014999389648438,26.024999618530273,25.950000762939453,25.9950008392334,221327,0.0,0.0
2024-10-08 12:30:00-04:00,25.989999771118164,26.065000534057617,25.989999771118164,26.059999465942383,27529,0.0,0.0
2024-10-08 12:35:00-04:00,26.059999465942383,26.059999465942383,26.040000915527344,26.05500030517578,14409,0.0,0.0
2024-10-08 12:40:00-04:00,26.05500030517578,26.059999465942383,26.010000228881836,26.024999618530273,12434,0.0,0.0
2024-10-08 12:45:00-04:00,26.024999618530273,26.024999618530273,26.0,26.014999389648438,18893,0.0,0.0
2024-10-08 12:50:00-04:00,26.020000457763672,26.059999465942383,26.014999389648438,26.040000915527344,19103,0.0,0.0
2024-10-08 12:55:00-04:00,26.040000915527344,26.06999969482422,26.020000457763672,26.065000534057617,14124,0.0,0.0
2024-10-08 13:00:00-04:00,26.065000534057617,26.065000534057617,25.899999618530273,25.959999084472656,53711,0.0,0.0
2024-10-08 13:05:00-04:00,25.959999084472656,26.0,25.959999084472656,25.969999313354492,11798,0.0,0.0
2024-10-08 13:10:00-04:00,25.969999313354492,26.0049991607666,25.969999313354492,25.985000610351562,13101,0.0,0.0
2024-10-08 13:15:00-04:00,25.989999771118164,25.9950008392334,25.954999923706055,25.989999771118164,23046,0.0,0.0
2024-10-08 13:20:00-04:00,25.989999771118164,25.9950008392334,25.969999313354492,25.9950008392334,21723,0.0,0.0
2024-10-08 13:25:00-04:00,25.9950008392334,25.9950008392334,25.979999542236328,25.985000610351562,20100,0.0,0.0
2024-10-08 13:30:00-04:00,25.985000610351562,26.0,25.959999084472656,25.96500015258789,16230,0.0,0.0
2024-10-08 13:35:00-04:00,25.969999313354492,25.969999313354492,25.950000762939453,25.950000762939453,12083,0.0,0.0
2024-10-08 13:40:00-04:00,25.954999923706055,25.989999771118164,25.950000762939453,25.979999542236328,35276,0.0,0.0
2024-10-08 13:45:00-04:00,25.979999542236328,26.0,25.959999084472656,25.959999084472656,15115,0.0,0.0
2024-10-08 13:50:00-04:00,25.950000762939453,25.975000381469727,25.924999237060547,25.975000381469727,15980,0.0,0.0
2024-10-08 13:55:00-04:00,25.969999313354492,25.979999542236328,25.959999084472656,25.969999313354492,12202,0.0,0.0
2024-10-08 14:00:00-04:00,25.969999313354492,26.0,25.959999084472656,25.9950008392334,16211,0.0,0.0
2024-10-08 14:05:00-04:00,26.0,26.024999618530273,25.989999771118164,25.989999771118164,20850,0.0,0.0
2024-10-08 14:10:00-04:00,25.9950008392334,26.0,25.969999313354492,25.979999542236328,43254,0.0,0.0
2024-10-08 14:15:00-04:00,25.975000381469727,25.9950008392334,25.950000762939453,25.969999313354492,20045,0.0,0.0
2024-10-08 14:20:00-04:00,25.975000381469727,25.989999771118164,25.959999084472656,25.96500015258789,13834,0.0,0.0
2024-10-08 14:25:00-04:00,25.969999313354492,26.0,25.969999313354492,26.0,58337,0.0,0.0
2024-10-08 14:30:00-04:00,26.0,26.020000457763672,25.979999542236328,26.014999389648438,22258,0.0,0.0
2024-10-08 14:35:00-04:00,26.010000228881836,26.014999389648438,25.9950008392334,26.014999389648438,16716,0.0,0.0
2024-10-08 14:40:00-04:00,26.010000228881836,26.040000915527344,26.010000228881836,26.030000686645508,50388,0.0,0.0
2024-10-08 14:45:00-04:00,26.030000686645508,26.040000915527344,26.020000457763672,26.030000686645508,19625,0.0,0.0
2024-10-08 14:50:00-04:00,26.03499984741211,26.03499984741211,26.0049991607666,26.010000228881836,19287,0.0,0.0
2024-10-08 14:55:00-04:00,26.0049991607666,26.0049991607666,25.989999771118164,25.989999771118164,15955,0.0,0.0
2024-10-08 15:00:00-04:00,25.9950008392334,25.9950008392334,25.8799991607666,25.924999237060547,35043,0.0,0.0
2024-10-08 15:05:00-04:00,25.924999237060547,25.954999923706055,25.895000457763672,25.920000076293945,16038,0.0,0.0
2024-10-08 15:10:00-04:00,25.93000030517578,25.979999542236328,25.920000076293945,25.979999542236328,17720,0.0,0.0
2024-10-08 15:15:00-04:00,25.975000381469727,26.024999618530273,25.975000381469727,26.0049991607666,33781,0.0,0.0
2024-10-08 15:20:00-04:00,26.0049991607666,26.010000228881836,25.979999542236328,26.0049991607666,31127,0.0,0.0
2024-10-08 15:25:00-04:00,26.0049991607666,26.020000457763672,25.969999313354492,26.0,38127,0.0,0.0
2024-10-08 15:30:00-04:00,25.9950008392334,26.0,25.969999313354492,25.985000610351562,42981,0.0,0.0
2024-10-08 15:35:00-04:00,25.989999771118164,26.010000228881836,25.950000762939453,25.9950008392334,33755,0.0,0.0
2024-10-08 15:40:00-04:00,25.9950008392334,26.010000228881836,25.969999313354492,25.989999771118164,49866,0.0,0.0
2024-10-08 15:45:00-04:00,25.985000610351562,26.030000686645508,25.979999542236328,26.024999618530273,56099,0.0,0.0
2024-10-08 15:50:00-04:00,26.030000686645508,26.05500030517578,26.020000457763672,26.040000915527344,119458,0.0,0.0
2024-10-08 15:55:00-04:00,26.03499984741211,26.079999923706055,25.9950008392334,26.030000686645508,336464,0.0,0.0
2024-10-09 09:30:00-04:00,25.219999313354492,25.520000457763672,24.780000686645508,24.854999542236328,117894,0.0,0.0
2024-10-09 09:35:00-04:00,24.81999969482422,25.049999237060547,24.809999465942383,25.020000457763672,47528,0.0,0.0
2024-10-09 09:40:00-04:00,25.040000915527344,25.170000076293945,25.030000686645508,25.170000076293945,29516,0.0,0.0
2024-10-09 09:45:00-04:00,25.174999237060547,25.270000457763672,25.1200008392334,25.25,103114,0.0,0.0
2024-10-09 09:50:00-04:00,25.260000228881836,25.450000762939453,25.200000762939453,25.209999084472656,78353,0.0,0.0
2024-10-09 09:55:00-04:00,25.2450008392334,25.31999969482422,25.18000030517578,25.200000762939453,38681,0.0,0.0
2024-10-09 10:00:00-04:00,25.209999084472656,25.280000686645508,25.110000610351562,25.110000610351562,62421,0.0,0.0
2024-10-09 10:05:00-04:00,25.100000381469727,25.110000610351562,25.020000457763672,25.09000015258789,30953,0.0,0.0
2024-10-09 10:10:00-04:00,25.084999084472656,25.139999389648438,25.040000915527344,25.079999923706055,33793,0.0,0.0
2024-10-09 10:15:00-04:00,25.079999923706055,25.110000610351562,25.030000686645508,25.110000610351562,31232,0.0,0.0
2024-10-09 10:20:00-04:00,25.125,25.21500015258789,25.09000015258789,25.21500015258789,24992,0.0,0.0
2024-10-09 10:25:00-04:00,25.21500015258789,25.25,25.149999618530273,25.239999771118164,39055,0.0,0.0
2024-10-09 10:30:00-04:00,25.2450008392334,25.280000686645508,25.219999313354492,25.25,17093,0.0,0.0
2024-10-09 10:35:00-04:00,25.2549991607666,25.2549991607666,25.190000534057617,25.190000534057617,13252,0.0,0.0
2024-10-09 10:40:00-04:00,25.190000534057617,25.219999313354492,25.170000076293945,25.19499969482422,12283,0.0,0.0
2024-10-09 10:45:00-04:00,25.19499969482422,25.21500015258789,25.15999984741211,25.21500015258789,9236,0.0,0.0
2024-10-09 10:50:00-04:00,25.21500015258789,25.229999542236328,25.190000534057617,25.229999542236328,8999,0.0,0.0
2024-10-09 10:55:00-04:00,25.219999313354492,25.299999237060547,25.219999313354492,25.299999237060547,12851,0.0,0.0
2024-10-09 11:00:00-04:00,25.299999237060547,25.299999237060547,25.264999389648438,25.299999237060547,18988,0.0,0.0
2024-10-09 11:05:00-04:00,25.30500030517578,25.344999313354492,25.274999618530273,25.344999313354492,360757,0.0,0.0
2024-10-09 11:10:00-04:00,25.350000381469727,25.364999771118164,25.299999237060547,25.364999771118164,25137,0.0,0.0
2024-10-09 11:15:00-04:00,25.364999771118164,25.364999771118164,25.290000915527344,25.334999084472656,17165,0.0,0.0
2024-10-09 11:20:00-04:00,25.334999084472656,25.389999389648438,25.329999923706055,25.389999389648438,22380,0.0,0.0
2024-10-09 11:25:00-04:00,25.389999389648438,25.405000686645508,25.360000610351562,25.375,28733,0.0,0.0
2024-10-09 11:30:00-04:00,25.375,25.375,25.31999969482422,25.354999542236328,28008,0.0,0.0
2024-10-09 11:35:00-04:00,25.354999542236328,25.385000228881836,25.344999313354492,25.385000228881836,24425,0.0,0.0
2024-10-09 11:40:00-04:00,25.385000228881836,25.43000030517578,25.385000228881836,25.415000915527344,20093,0.0,0.0
2024-10-09 11:45:00-04:00,25.415000915527344,25.56999969482422,25.40999984741211,25.514999389648438,29121,0.0,0.0
2024-10-09 11:50:00-04:00,25.520000457763672,25.520000457763672,25.420000076293945,25.440000534057617,13432,0.0,0.0
2024-10-09 11:55:00-04:00,25.440000534057617,25.510000228881836,25.440000534057617,25.510000228881836,176385,0.0,0.0
2024-10-09 12:00:00-04:00,25.510000228881836,25.510000228881836,25.43000030517578,25.479999542236328,7078,0.0,0.0
2024-10-09 12:05:00-04:00,25.479999542236328,25.5,25.420000076293945,25.424999237060547,23367,0.0,0.0
2024-10-09 12:10:00-04:00,25.424999237060547,25.440000534057617,25.389999389648438,25.40999984741211,49383,0.0,0.0
2024-10-09 12:15:00-04:00,25.40999984741211,25.40999984741211,25.360000610351562,25.389999389648438,10699,0.0,0.0
2024-10-09 12:20:00-04:00,25.389999389648438,25.46500015258789,25.3799991607666,25.43000030517578,12399,0.0,0.0
2024-10-09 12:25:00-04:00,25.424999237060547,25.5,25.420000076293945,25.5,28379,0.0,0.0
2024-10-09 12:30:00-04:00,25.489999771118164,25.489999771118164,25.450000762939453,25.459999084472656,11373,0.0,0.0
2024-10-09 12:35:00-04:00,25.46500015258789,25.46500015258789,25.40999984741211,25.40999984741211,6954,0.0,0.0
2024-10-09 12:40:00-04:00,25.43000030517578,25.485000610351562,25.43000030517578,25.485000610351562,7659,0.0,0.0
2024-10-09 12:45:00-04:00,25.489999771118164,25.510000228881836,25.450000762939453,25.5,10775,0.0,0.0
2024-10-09 12:50:00-04:00,25.4950008392334,25.5049991607666,25.469999313354492,25.479999542236328,5765,0.0,0.0
2024-10-09 12:55:00-04:00,25.479999542236328,25.5,25.469999313354492,25.485000610351562,5983,0.0,0.0
2024-10-09 13:00:00-04:00,25.485000610351562,25.5049991607666,25.469999313354492,25.469999313354492,11515,0.0,0.0
2024-10-09 13:05:00-04:00,25.479999542236328,25.510000228881836,25.479999542236328,25.5,8154,0.0,0.0
2024-10-09 13:10:00-04:00,25.5,25.514999389648438,25.469999313354492,25.469999313354492,9211,0.0,0.0
2024-10-09 13:15:00-04:00,25.46500015258789,25.46500015258789,25.440000534057617,25.440000534057617,0,0.0,0.0
2024-10-09 13:20:00-04:00,25.440000534057617,25.459999084472656,25.43000030517578,25.434999465942383,10974,0.0,0.0
2024-10-09 13:25:00-04:00,25.434999465942383,25.440000534057617,25.420000076293945,25.43000030517578,9130,0.0,0.0
2024-10-09 13:30:00-04:00,25.43000030517578,25.440000534057617,25.399999618530273,25.405000686645508,5304,0.0,0.0
2024-10-09 13:35:00-04:00,25.40999984741211,25.424999237060547,25.395000457763672,25.424999237060547,10047,0.0,0.0
2024-10-09 13:40:00-04:00,25.424999237060547,25.450000762939453,25.420000076293945,25.43000030517578,7183,0.0,0.0
2024-10-09 13:45:00-04:00,25.434999465942383,25.454999923706055,25.424999237060547,25.450000762939453,6523,0.0,0.0
2024-10-09 13:50:00-04:00,25.44499969482422,25.459999084472656,25.434999465942383,25.454999923706055,13915,0.0,0.0
2024-10-09 13:55:00-04:00,25.459999084472656,25.469999313354492,25.450000762939453,25.450000762939453,8752,0.0,0.0
2024-10-09 14:00:00-04:00,25.450000762939453,25.450000762939453,25.420000076293945,25.43000030517578,11284,0.0,0.0
2024-10-09 14:05:00-04:00,25.440000534057617,25.454999923706055,25.43000030517578,25.450000762939453,5087,0.0,0.0
2024-10-09 14:10:00-04:00,25.450000762939453,25.489999771118164,25.40999984741211,25.489999771118164,13510,0.0,0.0
2024-10-09 14:15:00-04:00,25.489999771118164,25.489999771118164,25.450000762939453,25.469999313354492,11544,0.0,0.0
2024-10-09 14:20:00-04:00,25.479999542236328,25.4950008392334,25.469999313354492,25.475000381469727,10896,0.0,0.0
2024-10-09 14:25:00-04:00,25.475000381469727,25.4950008392334,25.475000381469727,25.489999771118164,7254,0.0,0.0
2024-10-09 14:30:00-04:00,25.479999542236328,25.489999771118164,25.454999923706055,25.46500015258789,9319,0.0,0.0
2024-10-09 14:35:00-04:00,25.459999084472656,25.489999771118164,25.44499969482422,25.485000610351562,17318,0.0,0.0
2024-10-09 14:40:00-04:00,25.479999542236328,25.510000228881836,25.479999542236328,25.510000228881836,8362,0.0,0.0
2024-10-09 14:45:00-04:00,25.510000228881836,25.510000228881836,25.45050048828125,25.459999084472656,15906,0.0,0.0
2024-10-09 14:50:00-04:00,25.46500015258789,25.469999313354492,25.440000534057617,25.46500015258789,8213,0.0,0.0
2024-10-09 14:55:00-04:00,25.46500015258789,25.469999313354492,25.44499969482422,25.44499969482422,6964,0.0,0.0
2024-10-09 15:00:00-04:00,25.44499969482422,25.479999542236328,25.434999465942383,25.459999084472656,19444,0.0,0.0
2024-10-09 15:05:00-04:00,25.459999084472656,25.459999084472656,25.424999237060547,25.424999237060547,10363,0.0,0.0
2024-10-09 15:10:00-04:00,25.424999237060547,25.454999923706055,25.424999237060547,25.454999923706055,11018,0.0,0.0
2024-10-09 15:15:00-04:00,25.454999923706055,25.459999084472656,25.440000534057617,25.44499969482422,11510,0.0,0.0
2024-10-09 15:20:00-04:00,25.44499969482422,25.4950008392334,25.44499969482422,25.4950008392334,18504,0.0,0.0
2024-10-09 15:25:00-04:00,25.489999771118164,25.514999389648438,25.479999542236328,25.4950008392334,14632,0.0,0.0
2024-10-09 15:30:00-04:00,25.489999771118164,25.530000686645508,25.469999313354492,25.524999618530273,25478,0.0,0.0
2024-10-09 15:35:00-04:00,25.524999618530273,25.565000534057617,25.514999389648438,25.545000076293945,19489,0.0,0.0
2024-10-09 15:40:00-04:00,25.545000076293945,25.56999969482422,25.53499984741211,25.549999237060547,28822,0.0,0.0
2024-10-09 15:45:00-04:00,25.545000076293945,25.549999237060547,25.514999389648438,25.530000686645508,38958,0.0,0.0
2024-10-09 15:50:00-04:00,25.530000686645508,25.565000534057617,25.52199935913086,25.530000686645508,85279,0.0,0.0
2024-10-09 15:55:00-04:00,25.53499984741211,25.559999465942383,25.5049991607666,25.559999465942383,354656,0.0,0.0
2024-10-10 09:30:00-04:00,26.1200008392334,26.420000076293945,26.079999923706055,26.155000686645508,163153,0.0,0.0
2024-10-10 09:35:00-04:00,26.149999618530273,26.280000686645508,26.010000228881836,26.09000015258789,40019,0.0,0.0
2024-10-10 09:40:00-04:00,26.09000015258789,26.159900665283203,26.040000915527344,26.047500610351562,38183,0.0,0.0
2024-10-10 09:45:00-04:00,26.06999969482422,26.09000015258789,25.950000762939453,25.950000762939453,33624,0.0,0.0
2024-10-10 09:50:00-04:00,25.920000076293945,25.940000534057617,25.84000015258789,25.93000030517578,14321,0.0,0.0
2024-10-10 09:55:00-04:00,25.93000030517578,26.040000915527344,25.924999237060547,25.979999542236328,13461,0.0,0.0
2024-10-10 10:00:00-04:00,25.969999313354492,26.030000686645508,25.96500015258789,26.030000686645508,25313,0.0,0.0
2024-10-10 10:05:00-04:00,26.020000457763672,26.079999923706055,25.94499969482422,25.950000762939453,14904,0.0,0.0
2024-10-10 10:10:00-04:00,25.959999084472656,25.969999313354492,25.850000381469727,25.850000381469727,8504,0.0,0.0
2024-10-10 10:15:00-04:00,25.860000610351562,25.93000030517578,25.850000381469727,25.875,20791,0.0,0.0
2024-10-10 10:20:00-04:00,25.875,25.889999389648438,25.760000228881836,25.770000457763672,32025,0.0,0.0
2024-10-10 10:25:00-04:00,25.780000686645508,25.790000915527344,25.729999542236328,25.770000457763672,30272,0.0,0.0
2024-10-10 10:30:00-04:00,25.760000228881836,25.764999389648438,25.709999084472656,25.729999542236328,14346,0.0,0.0
2024-10-10 10:35:00-04:00,25.739999771118164,25.764999389648438,25.690000534057617,25.729999542236328,12333,0.0,0.0
2024-10-10 10:40:00-04:00,25.75,25.84000015258789,25.719999313354492,25.84000015258789,13519,0.0,0.0
2024-10-10 10:45:00-04:00,25.829999923706055,25.84000015258789,25.809999465942383,25.81999969482422,9833,0.0,0.0
2024-10-10 10:50:00-04:00,25.81999969482422,25.829999923706055,25.799999237060547,25.809999465942383,8255,0.0,0.0
2024-10-10 10:55:00-04:00,25.809999465942383,25.93000030517578,25.809999465942383,25.920000076293945,10155,0.0,0.0
2024-10-10 11:00:00-04:00,25.920000076293945,25.940000534057617,25.889999389648438,25.93000030517578,8086,0.0,0.0
2024-10-10 11:05:00-04:00,25.93000030517578,25.93000030517578,25.90999984741211,25.93000030517578,7578,0.0,0.0
2024-10-10 11:10:00-04:00,25.934999465942383,25.950000762939453,25.90999984741211,25.94499969482422,9054,0.0,0.0
2024-10-10 11:15:00-04:00,25.950000762939453,26.019899368286133,25.940000534057617,25.979999542236328,50824,0.0,0.0
2024-10-10 11:20:00-04:00,25.975000381469727,25.985000610351562,25.90999984741211,25.920000076293945,8920,0.0,0.0
2024-10-10 11:25:00-04:00,25.93000030517578,25.93000030517578,25.850000381469727,25.850000381469727,15497,0.0,0.0
2024-10-10 11:30:00-04:00,25.850000381469727,25.875,25.829999923706055,25.875,8107,0.0,0.0
2024-10-10 11:35:00-04:00,25.8700008392334,25.8799991607666,25.850000381469727,25.8799991607666,7278,0.0,0.0
2024-10-10 11:40:00-04:00,25.8700008392334,25.93000030517578,25.84000015258789,25.899999618530273,8709,0.0,0.0
2024-10-10 11:45:00-04:00,25.899999618530273,25.899999618530273,25.8799991607666,25.8799991607666,53418,0.0,0.0
2024-10-10 11:50:00-04:00,25.860000610351562,25.895000457763672,25.860000610351562,25.889999389648438,7626,0.0,0.0
2024-10-10 11:55:00-04:00,25.889999389648438,25.969999313354492,25.889999389648438,25.93000030517578,9163,0.0,0.0
2024-10-10 12:00:00-04:00,25.924999237060547,25.940000534057617,25.8700008392334,25.8700008392334,3376,0.0,0.0
2024-10-10 12:05:00-04:00,25.860000610351562,25.93000030517578,25.860000610351562,25.889999389648438,6796,0.0,0.0
2024-10-10 12:10:00-04:00,25.889999389648438,25.889999389648438,25.84000015258789,25.850000381469727,6578,0.0,0.0
2024-10-10 12:15:00-04:00,25.84000015258789,25.889999389648438,25.829999923706055,25.889999389648438,9280,0.0,0.0
2024-10-10 12:20:00-04:00,25.899900436401367,25.915000915527344,25.8700008392334,25.8799991607666,8112,0.0,0.0
2024-10-10 12:25:00-04:00,25.889999389648438,25.889999389648438,25.8700008392334,25.875,5797,0.0,0.0
2024-10-10 12:30:00-04:00,25.8799991607666,25.889999389648438,25.860000610351562,25.8799991607666,6627,0.0,0.0
2024-10-10 12:35:00-04:00,25.8799991607666,25.899999618530273,25.875,25.889999389648438,6166,0.0,0.0
2024-10-10 12:40:00-04:00,25.889999389648438,25.920000076293945,25.8799991607666,25.8799991607666,5398,0.0,0.0
2024-10-10 12:45:00-04:00,25.889999389648438,25.915000915527344,25.889999389648438,25.889999389648438,5729,0.0,0.0
2024-10-10 12:50:00-04:00,25.899999618530273,25.899999618530273,25.860000610351562,25.885000228881836,4827,0.0,0.0
2024-10-10 12:55:00-04:00,25.889999389648438,25.90999984741211,25.8799991607666,25.889999389648438,6830,0.0,0.0
2024-10-10 13:00:00-04:00,25.8799991607666,25.889999389648438,25.84000015258789,25.84000015258789,4574,0.0,0.0
2024-10-10 13:05:00-04:00,25.829999923706055,25.829999923706055,25.790000915527344,25.790000915527344,12799,0.0,0.0
2024-10-10 13:10:00-04:00,25.799999237060547,25.829999923706055,25.795000076293945,25.799999237060547,5845,0.0,0.0
2024-10-10 13:15:00-04:00,25.809999465942383,25.8700008392334,25.809999465942383,25.8700008392334,5086,0.0,0.0
2024-10-10 13:20:00-04:00,25.864999771118164,25.8799991607666,25.850000381469727,25.8799991607666,7167,0.0,0.0
2024-10-10 13:25:00-04:00,25.8799991607666,25.889999389648438,25.8700008392334,25.8700008392334,6479,0.0,0.0
2024-10-10 13:30:00-04:00,25.8799991607666,25.895000457763672,25.860000610351562,25.860000610351562,12411,0.0,0.0
2024-10-10 13:35:00-04:00,25.860000610351562,25.889999389648438,25.850000381469727,25.8799991607666,6695,0.0,0.0
2024-10-10 13:40:00-04:00,25.8700008392334,25.8700008392334,25.850000381469727,25.850000381469727,3748,0.0,0.0
2024-10-10 13:45:00-04:00,25.854999542236328,25.8700008392334,25.829999923706055,25.829999923706055,7009,0.0,0.0
2024-10-10 13:50:00-04:00,25.84000015258789,25.84000015258789,25.825000762939453,25.84000015258789,5974,0.0,0.0
2024-10-10 13:55:00-04:00,25.850000381469727,25.860000610351562,25.84000015258789,25.850000381469727,8581,0.0,0.0
2024-10-10 14:00:00-04:00,25.84000015258789,25.864999771118164,25.84000015258789,25.850000381469727,3601,0.0,0.0
2024-10-10 14:05:00-04:00,25.850000381469727,25.860000610351562,25.844999313354492,25.850000381469727,10050,0.0,0.0
2024-10-10 14:10:00-04:00,25.844999313354492,25.850000381469727,25.809999465942383,25.829999923706055,7861,0.0,0.0
2024-10-10 14:15:00-04:00,25.829999923706055,25.84000015258789,25.809999465942383,25.829999923706055,5930,0.0,0.0
2024-10-10 14:20:00-04:00,25.829999923706055,25.829999923706055,25.799999237060547,25.799999237060547,9346,0.0,0.0
2024-10-10 14:25:00-04:00,25.80660057067871,25.809999465942383,25.790000915527344,25.795000076293945,5641,0.0,0.0
2024-10-10 14:30:00-04:00,25.799999237060547,25.799999237060547,25.770000457763672,25.774999618530273,7474,0.0,0.0
2024-10-10 14:35:00-04:00,25.780000686645508,25.780000686645508,25.760000228881836,25.760000228881836,5064,0.0,0.0
2024-10-10 14:40:00-04:00,25.770000457763672,25.7721004486084,25.739999771118164,25.739999771118164,10205,0.0,0.0
2024-10-10 14:45:00-04:00,25.75,25.770000457763672,25.739999771118164,25.760000228881836,6818,0.0,0.0
2024-10-10 14:50:00-04:00,25.760000228881836,25.774999618530273,25.75,25.760000228881836,7001,0.0,0.0
2024-10-10 14:55:00-04:00,25.760000228881836,25.809999465942383,25.760000228881836,25.780000686645508,14319,0.0,0.0
2024-10-10 15:00:00-04:00,25.780000686645508,25.790000915527344,25.770000457763672,25.78499984741211,11726,0.0,0.0
2024-10-10 15:05:00-04:00,25.790000915527344,25.81999969482422,25.780000686645508,25.780000686645508,11775,0.0,0.0
2024-10-10 15:10:00-04:00,25.799999237060547,25.81999969482422,25.799999237060547,25.81999969482422,7516,0.0,0.0
2024-10-10 15:15:00-04:00,25.809999465942383,25.81999969482422,25.770000457763672,25.770000457763672,20944,0.0,0.0
2024-10-10 15:20:00-04:00,25.774999618530273,25.790000915527344,25.739999771118164,25.739999771118164,37664,0.0,0.0
2024-10-10 15:25:00-04:00,25.75,25.75,25.71500015258789,25.719999313354492,15978,0.0,0.0
2024-10-10 15:30:00-04:00,25.719999313354492,25.719999313354492,25.700000762939453,25.71500015258789,19155,0.0,0.0
2024-10-10 15:35:00-04:00,25.71500015258789,25.718700408935547,25.690000534057617,25.704999923706055,19824,0.0,0.0
2024-10-10 15:40:00-04:00,25.704999923706055,25.739999771118164,25.700000762939453,25.700000762939453,19277,0.0,0.0
2024-10-10 15:45:00-04:00,25.700000762939453,25.71500015258789,25.684999465942383,25.700000762939453,39996,0.0,0.0
2024-10-10 15:50:00-04:00,25.69499969482422,25.719999313354492,25.684999465942383,25.709999084472656,89787,0.0,0.0
2024-10-10 15:55:00-04:00,25.719999313354492,25.770000457763672,25.68000030517578,25.68000030517578,253776,0.0,0.0
2024-10-11 09:30:00-04:00,25.450000762939453,25.690000534057617,25.450000762939453,25.6200008392334,44329,0.0,0.0
2024-10-11 09:35:00-04:00,25.6299991607666,25.6299991607666,25.549999237060547,25.584999084472656,3713,0.0,0.0
2024-10-11 09:40:00-04:00,25.56999969482422,25.6200008392334,25.5,25.6200008392334,12991,0.0,0.0
2024-10-11 09:45:00-04:00,25.649999618530273,25.65999984741211,25.610000610351562,25.6299991607666,18660,0.0,0.0
2024-10-11 09:50:00-04:00,25.6299991607666,25.700000762939453,25.6299991607666,25.684999465942383,9285,0.0,0.0
2024-10-11 09:55:00-04:00,25.670000076293945,25.75,25.670000076293945,25.75,7368,0.0,0.0
2024-10-11 10:00:00-04:00,25.7450008392334,25.850000381469727,25.7450008392334,25.770000457763672,6126,0.0,0.0
2024-10-11 10:05:00-04:00,25.760000228881836,25.809999465942383,25.750200271606445,25.809999465942383,3432,0.0,0.0
2024-10-11 10:10:00-04:00,25.815000534057617,25.815000534057617,25.75,25.790000915527344,14869,0.0,0.0
2024-10-11 10:15:00-04:00,25.799999237060547,25.84000015258789,25.790000915527344,25.829999923706055,6425,0.0,0.0
2024-10-11 10:20:00-04:00,25.850000381469727,25.889999389648438,25.850000381469727,25.889999389648438,7146,0.0,0.0
2024-10-11 10:25:00-04:00,25.895000457763672,25.950000762939453,25.860000610351562,25.93000030517578,8705,0.0,0.0
2024-10-11 10:30:00-04:00,25.920000076293945,25.950000762939453,25.90999984741211,25.950000762939453,4499,0.0,0.0
2024-10-11 10:35:00-04:00,25.940000534057617,25.950000762939453,25.8700008392334,25.90999984741211,6578,0.0,0.0
2024-10-11 10:40:00-04:00,25.90999984741211,25.93000030517578,25.854999542236328,25.861000061035156,6198,0.0,0.0
2024-10-11 10:45:00-04:00,25.860000610351562,25.860000610351562,25.829999923706055,25.860000610351562,14733,0.0,0.0
2024-10-11 10:50:00-04:00,25.854999542236328,25.899999618530273,25.854999542236328,25.895000457763672,6433,0.0,0.0
2024-10-11 10:55:00-04:00,25.899999618530273,25.90999984741211,25.8799991607666,25.8799991607666,4526,0.0,0.0
2024-10-11 11:00:00-04:00,25.8799991607666,25.959999084472656,25.8799991607666,25.940000534057617,8806,0.0,0.0
2024-10-11 11:05:00-04:00,25.94499969482422,26.010000228881836,25.94499969482422,26.0049991607666,13279,0.0,0.0
2024-10-11 11:10:00-04:00,26.010000228881836,26.020000457763672,25.989999771118164,26.020000457763672,6901,0.0,0.0
2024-10-11 11:15:00-04:00,26.010000228881836,26.010000228881836,25.969999313354492,25.969999313354492,5718,0.0,0.0
2024-10-11 11:20:00-04:00,25.969999313354492,25.969999313354492,25.950000762939453,25.950000762939453,3573,0.0,0.0
2024-10-11 11:25:00-04:00,25.959999084472656,26.0,25.959999084472656,25.979999542236328,4792,0.0,0.0
2024-10-11 11:30:00-04:00,26.0,26.010000228881836,25.959999084472656,25.969999313354492,6836,0.0,0.0
2024-10-11 11:35:00-04:00,25.959999084472656,26.0,25.950000762939453,25.989999771118164,6835,0.0,0.0
2024-10-11 11:40:00-04:00,26.0,26.040000915527344,25.959999084472656,26.040000915527344,131589,0.0,0.0
2024-10-11 11:45:00-04:00,26.040000915527344,26.040000915527344,25.989999771118164,25.989999771118164,11141,0.0,0.0
2024-10-11 11:50:00-04:00,25.989999771118164,25.989999771118164,25.950000762939453,25.950000762939453,4695,0.0,0.0
2024-10-11 11:55:00-04:00,25.950000762939453,25.979999542236328,25.950000762939453,25.959999084472656,6166,0.0,0.0
2024-10-11 12:00:00-04:00,25.950000762939453,25.969999313354492,25.950000762939453,25.969999313354492,2735,0.0,0.0
2024-10-11 12:05:00-04:00,25.979999542236328,25.979999542236328,25.954999923706055,25.954999923706055,2522,0.0,0.0
2024-10-11 12:10:00-04:00,25.969999313354492,25.969999313354492,25.949199676513672,25.966999053955078,3148,0.0,0.0
2024-10-11 12:15:00-04:00,25.969999313354492,25.969999313354492,25.940000534057617,25.959999084472656,3359,0.0,0.0
2024-10-11 12:20:00-04:00,25.954999923706055,25.979999542236328,25.954999923706055,25.969999313354492,2497,0.0,0.0
2024-10-11 12:25:00-04:00,25.975000381469727,25.989900588989258,25.969999313354492,25.989900588989258,6393,0.0,0.0
2024-10-11 12:30:00-04:00,25.989999771118164,26.0049991607666,25.985000610351562,25.989999771118164,6250,0.0,0.0
2024-10-11 12:35:00-04:00,25.989999771118164,26.014999389648438,25.975000381469727,25.975000381469727,6935,0.0,0.0
2024-10-11 12:40:00-04:00,25.979999542236328,25.985000610351562,25.979999542236328,25.979999542236328,1106,0.0,0.0
2024-10-11 12:45:00-04:00,25.985000610351562,25.985000610351562,25.959999084472656,25.979999542236328,6705,0.0,0.0
2024-10-11 12:50:00-04:00,25.979999542236328,25.979999542236328,25.959999084472656,25.959999084472656,7125,0.0,0.0
2024-10-11 12:55:00-04:00,25.975000381469727,26.0,25.969999313354492,25.989999771118164,7034,0.0,0.0
2024-10-11 13:00:00-04:00,25.985000610351562,26.014999389648438,25.950000762939453,25.96500015258789,27826,0.0,0.0
2024-10-11 13:05:00-04:00,25.959999084472656,25.985000610351562,25.959999084472656,25.979999542236328,4072,0.0,0.0
2024-10-11 13:10:00-04:00,25.985000610351562,25.989999771118164,25.969999313354492,25.989999771118164,3603,0.0,0.0
2024-10-11 13:15:00-04:00,25.989999771118164,26.0049991607666,25.975000381469727,25.975000381469727,8765,0.0,0.0
2024-10-11 13:20:00-04:00,25.979999542236328,26.010000228881836,25.959999084472656,26.0049991607666,0,0.0,0.0
2024-10-11 13:25:00-04:00,26.0,26.014999389648438,26.0,26.0049991607666,6501,0.0,0.0
2024-10-11 13:30:00-04:00,26.010000228881836,26.014999389648438,25.979999542236328,25.989999771118164,7995,0.0,0.0
2024-10-11 13:35:00-04:00,26.0,26.020000457763672,25.979999542236328,26.020000457763672,8145,0.0,0.0
2024-10-11 13:40:00-04:00,26.030000686645508,26.045000076293945,26.020000457763672,26.020000457763672,5986,0.0,0.0
2024-10-11 13:45:00-04:00,26.030000686645508,26.031999588012695,26.010000228881836,26.010000228881836,7216,0.0,0.0
2024-10-11 13:50:00-04:00,26.020000457763672,26.030000686645508,26.020000457763672,26.020000457763672,3757,0.0,0.0
2024-10-11 13:55:00-04:00,26.030000686645508,26.03499984741211,26.020000457763672,26.020000457763672,3957,0.0,0.0
2024-10-11 14:00:00-04:00,26.024999618530273,26.030000686645508,26.0,26.0049991607666,9153,0.0,0.0
2024-10-11 14:05:00-04:00,26.010000228881836,26.010000228881836,25.969999313354492,26.0,11080,0.0,0.0
2024-10-11 14:10:00-04:00,25.989999771118164,26.010000228881836,25.979999542236328,25.979999542236328,8181,0.0,0.0
2024-10-11 14:15:00-04:00,25.989999771118164,26.0,25.989999771118164,26.0,2905,0.0,0.0
2024-10-11 14:20:00-04:00,25.989999771118164,25.989999771118164,25.975000381469727,25.979999542236328,6804,0.0,0.0
2024-10-11 14:25:00-04:00,25.979999542236328,25.989999771118164,25.96500015258789,25.969999313354492,5965,0.0,0.0
2024-10-11 14:30:00-04:00,25.969999313354492,25.969999313354492,25.959999084472656,25.969999313354492,4238,0.0,0.0
2024-10-11 14:35:00-04:00,25.96500015258789,25.979999542236328,25.96500015258789,25.979999542236328,5901,0.0,0.0
2024-10-11 14:40:00-04:00,25.989999771118164,25.989999771118164,25.950000762939453,25.96500015258789,5871,0.0,0.0
2024-10-11 14:45:00-04:00,25.979999542236328,25.989999771118164,25.979999542236328,25.989999771118164,3542,0.0,0.0
2024-10-11 14:50:00-04:00,25.985000610351562,26.0,25.959999084472656,25.959999084472656,6968,0.0,0.0
2024-10-11 14:55:00-04:00,25.96500015258789,25.979999542236328,25.96500015258789,25.979999542236328,29452,0.0,0.0
2024-10-11 15:00:00-04:00,25.979999542236328,25.985000610351562,25.959999084472656,25.975000381469727,8178,0.0,0.0
2024-10-11 15:05:00-04:00,25.975000381469727,26.0,25.959999084472656,25.9950008392334,6599,0.0,0.0
2024-10-11 15:10:00-04:00,25.9950008392334,26.0,25.979999542236328,25.979999542236328,14215,0.0,0.0
2024-10-11 15:15:00-04:00,25.979999542236328,25.979999542236328,25.924999237060547,25.924999237060547,23018,0.0,0.0
2024-10-11 15:20:00-04:00,25.920000076293945,25.969999313354492,25.920000076293945,25.950000762939453,31384,0.0,0.0
2024-10-11 15:25:00-04:00,25.954999923706055,25.96500015258789,25.93000030517578,25.940000534057617,67252,0.0,0.0
2024-10-11 15:30:00-04:00,25.94499969482422,25.989999771118164,25.93000030517578,25.985000610351562,17523,0.0,0.0
2024-10-11 15:35:00-04:00,25.989999771118164,26.0049991607666,25.969999313354492,25.975000381469727,16013,0.0,0.0
2024-10-11 15:40:00-04:00,25.969999313354492,25.985000610351562,25.959999084472656,25.96500015258789,25436,0.0,0.0
2024-10-11 15:45:00-04:00,25.96500015258789,25.975000381469727,25.940000534057617,25.954999923706055,20741,0.0,0.0
2024-10-11 15:50:00-04:00,25.954999923706055,26.010000228881836,25.93000030517578,26.0,94654,0.0,0.0
2024-10-11 15:55:00-04:00,25.9950008392334,26.010000228881836,25.969999313354492,25.989999771118164,254399,0.0,0.0
2024-10-14 09:30:00-04:00,25.68000030517578,25.850000381469727,25.65999984741211,25.770000457763672,189967,0.0,0.0
2024-10-14 09:35:00-04:00,25.770000457763672,25.825000762939453,25.739999771118164,25.739999771118164,10231,0.0,0.0
2024-10-14 09:40:00-04:00,25.729999542236328,25.895000457763672,25.68000030517578,25.8799991607666,17862,0.0,0.0
2024-10-14 09:45:00-04:00,25.8700008392334,25.959999084472656,25.850000381469727,25.920000076293945,21669,0.0,0.0
2024-10-14 09:50:00-04:00,25.920000076293945,26.040000915527344,25.915000915527344,25.979999542236328,111877,0.0,0.0
2024-10-14 09:55:00-04:00,25.959999084472656,25.979999542236328,25.934999465942383,25.975000381469727,15408,0.0,0.0
2024-10-14 10:00:00-04:00,25.975000381469727,25.9950008392334,25.940000534057617,25.985000610351562,18911,0.0,0.0
2024-10-14 10:05:00-04:00,25.989999771118164,26.010000228881836,25.875,25.8799991607666,20127,0.0,0.0
2024-10-14 10:10:00-04:00,25.8799991607666,25.90999984741211,25.8700008392334,25.899999618530273,8472,0.0,0.0
2024-10-14 10:15:00-04:00,25.899999618530273,25.924999237060547,25.889999389648438,25.90999984741211,11924,0.0,0.0
2024-10-14 10:20:00-04:00,25.905000686645508,25.975000381469727,25.899999618530273,25.969999313354492,15009,0.0,0.0
2024-10-14 10:25:00-04:00,25.96500015258789,25.979999542236328,25.940000534057617,25.959999084472656,10692,0.0,0.0
2024-10-14 10:30:00-04:00,25.959999084472656,25.969999313354492,25.94499969482422,25.96500015258789,7456,0.0,0.0
2024-10-14 10:35:00-04:00,25.954999923706055,25.975000381469727,25.950000762939453,25.969999313354492,23824,0.0,0.0
2024-10-14 10:40:00-04:00,25.96500015258789,26.0,25.94499969482422,26.0,23202,0.0,0.0
2024-10-14 10:45:00-04:00,26.0049991607666,26.030000686645508,25.975000381469727,25.975000381469727,7498,0.0,0.0
2024-10-14 10:50:00-04:00,25.975000381469727,25.979999542236328,25.954999923706055,25.979999542236328,9592,0.0,0.0
2024-10-14 10:55:00-04:00,25.985000610351562,25.9950008392334,25.975000381469727,25.975000381469727,7024,0.0,0.0
2024-10-14 11:00:00-04:00,25.975000381469727,26.0,25.975000381469727,25.985000610351562,7052,0.0,0.0
2024-10-14 11:05:00-04:00,25.985000610351562,25.999900817871094,25.979999542236328,25.979999542236328,6756,0.0,0.0
2024-10-14 11:10:00-04:00,25.979999542236328,26.010000228881836,25.979999542236328,25.985000610351562,10272,0.0,0.0
2024-10-14 11:15:00-04:00,25.989999771118164,26.040000915527344,25.989999771118164,26.0049991607666,10515,0.0,0.0
2024-10-14 11:20:00-04:00,26.0049991607666,26.0049991607666,25.975000381469727,25.975000381469727,8477,0.0,0.0
2024-10-14 11:25:00-04:00,25.975000381469727,26.0,25.969999313354492,25.975000381469727,7842,0.0,0.0
2024-10-14 11:30:00-04:00,25.975000381469727,25.979999542236328,25.954999923706055,25.975000381469727,8068,0.0,0.0
2024-10-14 11:35:00-04:00,25.975000381469727,25.9950008392334,25.969999313354492,25.9950008392334,7860,0.0,0.0
2024-10-14 11:40:00-04:00,25.989999771118164,25.989999771118164,25.979999542236328,25.979999542236328,2478,0.0,0.0
2024-10-14 11:45:00-04:00,25.979999542236328,25.9950008392334,25.959999084472656,25.985000610351562,12590,0.0,0.0
2024-10-14 11:50:00-04:00,25.989999771118164,26.0049991607666,25.989999771118164,26.0049991607666,4160,0.0,0.0
2024-10-14 11:55:00-04:00,26.010000228881836,26.045000076293945,26.010000228881836,26.045000076293945,6100,0.0,0.0
2024-10-14 12:00:00-04:00,26.040000915527344,26.049999237060547,26.030000686645508,26.03499984741211,4183,0.0,0.0
2024-10-14 12:05:00-04:00,26.03499984741211,26.03499984741211,25.979999542236328,25.9950008392334,8925,0.0,0.0
2024-10-14 12:10:00-04:00,25.979999542236328,26.0049991607666,25.979999542236328,25.989999771118164,8996,0.0,0.0
2024-10-14 12:15:00-04:00,25.989999771118164,25.989999771118164,25.950000762939453,25.954999923706055,4954,0.0,0.0
2024-10-14 12:20:00-04:00,25.959999084472656,25.959999084472656,25.950000762939453,25.954999923706055,12757,0.0,0.0
2024-10-14 12:25:00-04:00,25.959999084472656,25.959999084472656,25.954999923706055,25.959999084472656,3083,0.0,0.0
2024-10-14 12:30:00-04:00,25.959999084472656,25.96500015258789,25.950599670410156,25.954999923706055,6322,0.0,0.0
2024-10-14 12:35:00-04:00,25.950000762939453,25.950000762939453,25.93000030517578,25.93000030517578,8044,0.0,0.0
2024-10-14 12:40:00-04:00,25.920000076293945,25.950000762939453,25.920000076293945,25.94499969482422,3790,0.0,0.0
2024-10-14 12:45:00-04:00,25.940000534057617,25.950000762939453,25.93000030517578,25.940000534057617,6510,0.0,0.0
2024-10-14 12:50:00-04:00,25.94499969482422,25.94499969482422,25.93000030517578,25.940000534057617,2228,0.0,0.0
2024-10-14 12:55:00-04:00,25.940000534057617,25.959999084472656,25.938499450683594,25.954999923706055,10091,0.0,0.0
2024-10-14 13:00:00-04:00,25.950000762939453,25.954999923706055,25.941999435424805,25.94499969482422,4595,0.0,0.0
2024-10-14 13:05:00-04:00,25.94499969482422,25.94499969482422,25.93000030517578,25.934999465942383,3539,0.0,0.0
2024-10-14 13:10:00-04:00,25.934999465942383,25.940000534057617,25.905000686645508,25.90999984741211,8297,0.0,0.0
2024-10-14 13:15:00-04:00,25.90999984741211,25.93000030517578,25.90999984741211,25.93000030517578,6987,0.0,0.0
2024-10-14 13:20:00-04:00,25.940000534057617,25.94499969482422,25.940000534057617,25.94499969482422,2193,0.0,0.0
2024-10-14 13:25:00-04:00,25.94499969482422,25.954999923706055,25.934999465942383,25.934999465942383,5150,0.0,0.0
2024-10-14 13:30:00-04:00,25.934999465942383,25.950000762939453,25.934999465942383,25.940000534057617,2860,0.0,0.0
2024-10-14 13:35:00-04:00,25.94499969482422,25.954999923706055,25.94499969482422,25.950000762939453,6733,0.0,0.0
2024-10-14 13:40:00-04:00,25.94499969482422,25.94499969482422,25.93000030517578,25.93000030517578,5202,0.0,0.0
2024-10-14 13:45:00-04:00,25.940000534057617,25.94499969482422,25.940000534057617,25.940000534057617,3055,0.0,0.0
2024-10-14 13:50:00-04:00,25.94499969482422,25.950000762939453,25.899999618530273,25.899999618530273,12395,0.0,0.0
2024-10-14 13:55:00-04:00,25.899999618530273,25.920000076293945,25.899999618530273,25.90999984741211,8605,0.0,0.0
2024-10-14 14:00:00-04:00,25.90999984741211,25.90999984741211,25.885000228881836,25.889999389648438,6614,0.0,0.0
2024-10-14 14:05:00-04:00,25.889999389648438,25.920000076293945,25.889999389648438,25.91200065612793,4677,0.0,0.0
2024-10-14 14:10:00-04:00,25.920000076293945,25.934999465942383,25.920000076293945,25.934999465942383,7074,0.0,0.0
2024-10-14 14:15:00-04:00,25.934999465942383,25.934999465942383,25.93000030517578,25.93000030517578,6204,0.0,0.0
2024-10-14 14:20:00-04:00,25.934999465942383,25.934999465942383,25.90999984741211,25.920000076293945,5182,0.0,0.0
2024-10-14 14:25:00-04:00,25.920000076293945,25.934999465942383,25.920000076293945,25.924999237060547,11457,0.0,0.0
2024-10-14 14:30:00-04:00,25.93000030517578,25.940000534057617,25.93000030517578,25.93000030517578,9479,0.0,0.0
2024-10-14 14:35:00-04:00,25.93000030517578,25.94499969482422,25.93000030517578,25.94499969482422,4993,0.0,0.0
2024-10-14 14:40:00-04:00,25.94499969482422,25.950000762939453,25.940000534057617,25.94499969482422,11205,0.0,0.0
2024-10-14 14:45:00-04:00,25.94499969482422,25.950000762939453,25.924999237060547,25.934999465942383,12067,0.0,0.0
2024-10-14 14:50:00-04:00,25.93000030517578,25.934999465942383,25.924999237060547,25.924999237060547,4105,0.0,0.0
2024-10-14 14:55:00-04:00,25.93000030517578,25.934999465942383,25.924999237060547,25.93000030517578,7551,0.0,0.0
2024-10-14 15:00:00-04:00,25.924999237060547,25.934999465942383,25.924999237060547,25.924999237060547,9443,0.0,0.0
2024-10-14 15:05:00-04:00,25.924999237060547,25.940000534057617,25.924999237060547,25.93000030517578,6455,0.0,0.0
2024-10-14 15:10:00-04:00,25.940000534057617,25.940000534057617,25.924999237060547,25.924999237060547,6188,0.0,0.0
2024-10-14 15:15:00-04:00,25.924999237060547,25.950000762939453,25.920000076293945,25.950000762939453,9418,0.0,0.0
2024-10-14 15:20:00-04:00,25.940000534057617,25.940000534057617,25.910999298095703,25.920000076293945,18840,0.0,0.0
2024-10-14 15:25:00-04:00,25.93000030517578,25.934999465942383,25.90999984741211,25.915000915527344,11524,0.0,0.0
2024-10-14 15:30:00-04:00,25.920000076293945,25.924999237060547,25.899999618530273,25.915000915527344,16877,0.0,0.0
2024-10-14 15:35:00-04:00,25.915000915527344,25.920000076293945,25.889999389648438,25.895000457763672,15116,0.0,0.0
2024-10-14 15:40:00-04:00,25.895000457763672,25.905000686645508,25.895000457763672,25.899999618530273,22525,0.0,0.0
2024-10-14 15:45:00-04:00,25.895000457763672,25.915000915527344,25.885000228881836,25.905000686645508,34517,0.0,0.0
2024-10-14 15:50:00-04:00,25.905000686645508,25.934999465942383,25.885000228881836,25.924999237060547,82689,0.0,0.0
2024-10-14 15:55:00-04:00,25.93000030517578,25.979999542236328,25.90999984741211,25.950000762939453,190972,0.0,0.0
2024-10-15 09:30:00-04:00,25.209999084472656,25.239999771118164,25.000099182128906,25.100000381469727,110702,0.0,0.0
2024-10-15 09:35:00-04:00,25.1200008392334,25.1200008392334,24.989999771118164,25.010000228881836,165825,0.0,0.0
2024-10-15 09:40:00-04:00,25.040000915527344,25.149999618530273,25.010000228881836,25.149999618530273,46284,0.0,0.0
2024-10-15 09:45:00-04:00,25.1200008392334,25.125,25.0,25.059999465942383,47683,0.0,0.0
2024-10-15 09:50:00-04:00,25.06999969482422,25.209999084472656,25.059999465942383,25.200000762939453,25833,0.0,0.0
2024-10-15 09:55:00-04:00,25.19499969482422,25.209999084472656,25.1299991607666,25.165000915527344,17490,0.0,0.0
2024-10-15 10:00:00-04:00,25.170000076293945,25.170000076293945,25.110000610351562,25.1299991607666,18326,0.0,0.0
2024-10-15 10:05:00-04:00,25.1200008392334,25.15999984741211,25.079999923706055,25.135000228881836,20307,0.0,0.0
2024-10-15 10:10:00-04:00,25.135000228881836,25.170000076293945,25.09000015258789,25.1299991607666,23468,0.0,0.0
2024-10-15 10:15:00-04:00,25.1200008392334,25.170000076293945,25.084999084472656,25.149999618530273,24123,0.0,0.0
2024-10-15 10:20:00-04:00,25.15999984741211,25.174999237060547,25.079999923706055,25.110000610351562,23910,0.0,0.0
2024-10-15 10:25:00-04:00,25.110000610351562,25.110000610351562,25.05500030517578,25.075000762939453,19158,0.0,0.0
2024-10-15 10:30:00-04:00,25.06999969482422,25.1200008392334,25.065000534057617,25.079999923706055,32453,0.0,0.0
2024-10-15 10:35:00-04:00,25.079999923706055,25.079999923706055,25.030000686645508,25.059999465942383,35631,0.0,0.0
2024-10-15 10:40:00-04:00,25.065000534057617,25.065000534057617,25.020000457763672,25.025100708007812,19079,0.0,0.0
2024-10-15 10:45:00-04:00,25.024999618530273,25.145000457763672,25.024999618530273,25.1299991607666,47057,0.0,0.0
2024-10-15 10:50:00-04:00,25.139999389648438,25.184999465942383,25.1299991607666,25.1299991607666,34298,0.0,0.0
2024-10-15 10:55:00-04:00,25.1299991607666,25.155000686645508,25.1299991607666,25.149999618530273,18224,0.0,0.0
2024-10-15 11:00:00-04:00,25.139999389648438,25.149999618530273,25.110000610351562,25.145000457763672,23162,0.0,0.0
2024-10-15 11:05:00-04:00,25.139999389648438,25.149999618530273,25.125,25.135000228881836,21341,0.0,0.0
2024-10-15 11:10:00-04:00,25.1299991607666,25.139999389648438,25.070100784301758,25.079999923706055,25087,0.0,0.0
2024-10-15 11:15:00-04:00,25.079999923706055,25.088600158691406,25.065000534057617,25.075000762939453,19556,0.0,0.0
2024-10-15 11:20:00-04:00,25.075000762939453,25.094999313354492,25.049999237060547,25.049999237060547,27028,0.0,0.0
2024-10-15 11:25:00-04:00,25.049999237060547,25.100000381469727,25.049999237060547,25.100000381469727,19835,0.0,0.0
2024-10-15 11:30:00-04:00,25.094999313354492,25.114999771118164,25.075000762939453,25.084999084472656,22841,0.0,0.0
2024-10-15 11:35:00-04:00,25.075000762939453,25.084999084472656,25.020000457763672,25.020000457763672,21874,0.0,0.0
2024-10-15 11:40:00-04:00,25.020000457763672,25.059999465942383,24.989999771118164,25.020000457763672,36538,0.0,0.0
2024-10-15 11:45:00-04:00,25.014999389648438,25.014999389648438,24.950000762939453,24.969999313354492,23538,0.0,0.0
2024-10-15 11:50:00-04:00,24.979999542236328,24.979999542236328,24.959999084472656,24.96500015258789,19850,0.0,0.0
2024-10-15 11:55:00-04:00,24.969999313354492,24.975000381469727,24.940000534057617,24.959999084472656,21287,0.0,0.0
2024-10-15 12:00:00-04:00,24.96500015258789,24.979999542236328,24.950000762939453,24.950000762939453,25429,0.0,0.0
2024-10-15 12:05:00-04:00,24.950000762939453,24.969999313354492,24.950000762939453,24.969999313354492,12420,0.0,0.0
2024-10-15 12:10:00-04:00,24.96500015258789,24.96500015258789,24.90999984741211,24.90999984741211,18995,0.0,0.0
2024-10-15 12:15:00-04:00,24.899999618530273,24.905000686645508,24.875,24.905000686645508,14574,0.0,0.0
2024-10-15 12:20:00-04:00,24.905000686645508,24.905000686645508,24.875,24.899999618530273,15834,0.0,0.0
2024-10-15 12:25:00-04:00,24.899999618530273,24.90999984741211,24.8700008392334,24.895000457763672,19276,0.0,0.0
2024-10-15 12:30:00-04:00,24.899999618530273,24.899999618530273,24.829999923706055,24.844999313354492,28236,0.0,0.0
2024-10-15 12:35:00-04:00,24.850000381469727,24.920000076293945,24.850000381469727,24.8799991607666,21301,0.0,0.0
2024-10-15 12:40:00-04:00,24.8799991607666,24.895000457763672,24.860000610351562,24.864999771118164,13045,0.0,0.0
2024-10-15 12:45:00-04:00,24.860000610351562,24.889999389648438,24.844999313354492,24.885000228881836,15988,0.0,0.0
2024-10-15 12:50:00-04:00,24.8799991607666,24.8799991607666,24.829999923706055,24.850000381469727,13502,0.0,0.0
2024-10-15 12:55:00-04:00,24.854999542236328,24.889999389648438,24.84000015258789,24.875,45513,0.0,0.0
2024-10-15 13:00:00-04:00,24.8700008392334,24.899999618530273,24.840499877929688,24.889999389648438,54699,0.0,0.0
2024-10-15 13:05:00-04:00,24.889999389648438,24.889999389648438,24.8700008392334,24.875,13011,0.0,0.0
2024-10-15 13:10:00-04:00,24.875,24.899999618530273,24.847000122070312,24.889999389648438,15817,0.0,0.0
2024-10-15 13:15:00-04:00,24.889999389648438,24.90089988708496,24.8799991607666,24.889999389648438,13321,0.0,0.0
2024-10-15 13:20:00-04:00,24.895000457763672,24.895000457763672,24.860000610351562,24.8799991607666,17236,0.0,0.0
2024-10-15 13:25:00-04:00,24.8799991607666,24.885000228881836,24.81999969482422,24.850000381469727,28481,0.0,0.0
2024-10-15 13:30:00-04:00,24.84000015258789,24.8700008392334,24.834999084472656,24.864999771118164,17206,0.0,0.0
2024-10-15 13:35:00-04:00,24.860000610351562,24.864999771118164,24.84000015258789,24.844999313354492,20339,0.0,0.0
2024-10-15 13:40:00-04:00,24.850000381469727,24.864999771118164,24.829999923706055,24.829999923706055,14682,0.0,0.0
2024-10-15 13:45:00-04:00,24.829999923706055,24.829999923706055,24.799999237060547,24.809999465942383,62280,0.0,0.0
2024-10-15 13:50:00-04:00,24.81999969482422,24.875,24.81999969482422,24.84000015258789,24039,0.0,0.0
2024-10-15 13:55:00-04:00,24.834999084472656,24.84000015258789,24.799999237060547,24.809999465942383,16800,0.0,0.0
2024-10-15 14:00:00-04:00,24.809999465942383,24.829999923706055,24.795000076293945,24.825000762939453,15652,0.0,0.0
2024-10-15 14:05:00-04:00,24.825000762939453,24.829999923706055,24.809999465942383,24.809999465942383,13267,0.0,0.0
2024-10-15 14:10:00-04:00,24.815000534057617,24.825000762939453,24.799999237060547,24.799999237060547,11457,0.0,0.0
2024-10-15 14:15:00-04:00,24.80500030517578,24.84000015258789,24.80500030517578,24.809999465942383,18367,0.0,0.0
2024-10-15 14:20:00-04:00,24.809999465942383,24.854999542236328,24.80500030517578,24.850000381469727,13531,0.0,0.0
2024-10-15 14:25:00-04:00,24.850000381469727,24.8799991607666,24.75,24.760000228881836,27644,0.0,0.0
2024-10-15 14:30:00-04:00,24.764999389648438,24.780000686645508,24.739999771118164,24.75,16909,0.0,0.0
2024-10-15 14:35:00-04:00,24.7450008392334,24.7450008392334,24.690000534057617,24.739999771118164,70500,0.0,0.0
2024-10-15 14:40:00-04:00,24.75,24.774999618530273,24.709999084472656,24.71500015258789,17620,0.0,0.0
2024-10-15 14:45:00-04:00,24.719999313354492,24.770000457763672,24.709999084472656,24.770000457763672,18244,0.0,0.0
2024-10-15 14:50:00-04:00,24.760000228881836,24.799999237060547,24.75,24.780000686645508,17012,0.0,0.0
2024-10-15 14:55:00-04:00,24.774999618530273,24.81999969482422,24.774999618530273,24.809999465942383,20900,0.0,0.0
2024-10-15 15:00:00-04:00,24.809999465942383,24.829999923706055,24.80500030517578,24.815000534057617,17275,0.0,0.0
2024-10-15 15:05:00-04:00,24.815000534057617,24.81999969482422,24.78499984741211,24.795000076293945,18558,0.0,0.0
2024-10-15 15:10:00-04:00,24.799999237060547,24.81999969482422,24.760000228881836,24.770000457763672,30076,0.0,0.0
2024-10-15 15:15:00-04:00,24.764999389648438,24.78499984741211,24.725000381469727,24.7450008392334,22311,0.0,0.0
2024-10-15 15:20:00-04:00,24.7450008392334,24.7450008392334,24.719999313354492,24.735000610351562,18533,0.0,0.0
2024-10-15 15:25:00-04:00,24.735000610351562,24.735000610351562,24.69499969482422,24.725000381469727,39394,0.0,0.0
2024-10-15 15:30:00-04:00,24.729999542236328,24.764999389648438,24.729999542236328,24.7450008392334,45967,0.0,0.0
2024-10-15 15:35:00-04:00,24.7450008392334,24.7450008392334,24.690000534057617,24.725000381469727,36509,0.0,0.0
2024-10-15 15:40:00-04:00,24.725000381469727,24.729999542236328,24.68000030517578,24.71500015258789,68603,0.0,0.0
2024-10-15 15:45:00-04:00,24.719999313354492,24.760000228881836,24.704999923706055,24.7549991607666,58541,0.0,0.0
2024-10-15 15:50:00-04:00,24.760000228881836,24.81999969482422,24.760000228881836,24.80500030517578,213022,0.0,0.0
2024-10-15 15:55:00-04:00,24.80500030517578,24.80500030517578,24.735000610351562,24.770000457763672,430676,0.0,0.0
2024-10-16 09:30:00-04:00,25.479999542236328,25.479999542236328,25.15999984741211,25.40999984741211,57637,0.0,0.0
2024-10-16 09:35:00-04:00,25.40999984741211,25.489999771118164,25.360000610351562,25.489999771118164,35990,0.0,0.0
2024-10-16 09:40:00-04:00,25.489999771118164,25.56999969482422,25.475000381469727,25.524999618530273,139316,0.0,0.0
2024-10-16 09:45:00-04:00,25.514999389648438,25.625,25.5049991607666,25.59000015258789,18600,0.0,0.0
2024-10-16 09:50:00-04:00,25.579999923706055,25.579999923706055,25.489999771118164,25.520000457763672,19675,0.0,0.0
2024-10-16 09:55:00-04:00,25.520000457763672,25.649999618530273,25.459999084472656,25.649999618530273,17000,0.0,0.0
2024-10-16 10:00:00-04:00,25.635000228881836,25.645000457763672,25.56999969482422,25.59000015258789,34379,0.0,0.0
2024-10-16 10:05:00-04:00,25.59000015258789,25.6299991607666,25.579999923706055,25.610000610351562,18378,0.0,0.0
2024-10-16 10:10:00-04:00,25.604999542236328,25.614999771118164,25.559999465942383,25.56999969482422,10953,0.0,0.0
2024-10-16 10:15:00-04:00,25.56999969482422,25.575000762939453,25.540000915527344,25.559999465942383,16832,0.0,0.0
2024-10-16 10:20:00-04:00,25.56999969482422,25.639999389648438,25.56999969482422,25.6200008392334,15417,0.0,0.0
2024-10-16 10:25:00-04:00,25.6200008392334,25.639999389648438,25.579999923706055,25.59000015258789,14100,0.0,0.0
2024-10-16 10:30:00-04:00,25.600000381469727,25.600000381469727,25.540000915527344,25.59000015258789,9382,0.0,0.0
2024-10-16 10:35:00-04:00,25.579999923706055,25.594999313354492,25.559999465942383,25.59000015258789,16113,0.0,0.0
2024-10-16 10:40:00-04:00,25.579999923706055,25.600000381469727,25.565000534057617,25.575000762939453,16023,0.0,0.0
2024-10-16 10:45:00-04:00,25.579999923706055,25.59000015258789,25.559999465942383,25.59000015258789,12609,0.0,0.0
2024-10-16 10:50:00-04:00,25.59000015258789,25.594999313354492,25.53499984741211,25.540000915527344,17920,0.0,0.0
2024-10-16 10:55:00-04:00,25.540000915527344,25.56999969482422,25.530000686645508,25.56999969482422,12062,0.0,0.0
2024-10-16 11:00:00-04:00,25.56999969482422,25.59000015258789,25.552907943725586,25.552907943725586,7369,0.0,0.0
2024-10-16 11:05:00-04:00,25.559999465942383,25.559999465942383,25.530000686645508,25.540000915527344,11298,0.0,0.0
2024-10-16 11:10:00-04:00,25.540000915527344,25.540000915527344,25.520000457763672,25.53499984741211,9050,0.0,0.0
2024-10-16 11:15:00-04:00,25.540000915527344,25.549999237060547,25.530000686645508,25.530000686645508,9335,0.0,0.0
2024-10-16 11:20:00-04:00,25.53499984741211,25.56999969482422,25.530000686645508,25.559999465942383,10438,0.0,0.0
2024-10-16 11:25:00-04:00,25.56999969482422,25.600000381469727,25.540000915527344,25.600000381469727,10821,0.0,0.0
2024-10-16 11:30:00-04:00,25.600000381469727,25.604999542236328,25.584999084472656,25.584999084472656,8250,0.0,0.0
2024-10-16 11:35:00-04:00,25.584999084472656,25.635000228881836,25.575000762939453,25.635000228881836,9938,0.0,0.0
2024-10-16 11:40:00-04:00,25.639999389648438,25.639999389648438,25.59000015258789,25.625,11721,0.0,0.0
2024-10-16 11:45:00-04:00,25.6200008392334,25.625,25.59000015258789,25.594999313354492,6005,0.0,0.0
2024-10-16 11:50:00-04:00,25.600000381469727,25.604999542236328,25.579999923706055,25.584999084472656,6916,0.0,0.0
2024-10-16 11:55:00-04:00,25.59000015258789,25.59000015258789,25.559999465942383,25.565000534057617,7772,0.0,0.0
2024-10-16 12:00:00-04:00,25.559999465942383,25.565000534057617,25.5,25.510000228881836,13710,0.0,0.0
2024-10-16 12:05:00-04:00,25.5,25.53499984741211,25.4950008392334,25.530000686645508,29715,0.0,0.0
2024-10-16 12:10:00-04:00,25.524999618530273,25.530000686645508,25.520000457763672,25.524999618530273,9882,0.0,0.0
2024-10-16 12:15:00-04:00,25.524999618530273,25.524999618530273,25.469999313354492,25.520000457763672,37185,0.0,0.0
2024-10-16 12:20:00-04:00,25.520000457763672,25.559999465942383,25.510000228881836,25.510000228881836,14220,0.0,0.0
2024-10-16 12:25:00-04:00,25.510000228881836,25.514999389648438,25.479999542236328,25.479999542236328,13820,0.0,0.0
2024-10-16 12:30:00-04:00,25.479999542236328,25.479999542236328,25.420000076293945,25.440000534057617,11649,0.0,0.0
2024-10-16 12:35:00-04:00,25.440000534057617,25.469999313354492,25.43000030517578,25.469999313354492,11145,0.0,0.0
2024-10-16 12:40:00-04:00,25.479999542236328,25.5049991607666,25.479999542236328,25.4950008392334,11202,0.0,0.0
2024-10-16 12:45:00-04:00,25.5,25.5049991607666,25.479999542236328,25.5049991607666,17593,0.0,0.0
2024-10-16 12:50:00-04:00,25.5049991607666,25.510000228881836,25.5,25.5049991607666,63277,0.0,0.0
2024-10-16 12:55:00-04:00,25.5,25.53499984741211,25.4950008392334,25.53499984741211,14423,0.0,0.0
2024-10-16 13:00:00-04:00,25.53499984741211,25.559999465942383,25.53499984741211,25.545000076293945,8730,0.0,0.0
2024-10-16 13:05:00-04:00,25.540000915527344,25.59000015258789,25.540000915527344,25.584999084472656,8192,0.0,0.0
2024-10-16 13:10:00-04:00,25.584999084472656,25.600000381469727,25.579999923706055,25.579999923706055,5546,0.0,0.0
2024-10-16 13:15:00-04:00,25.56999969482422,25.575000762939453,25.549999237060547,25.565000534057617,9006,0.0,0.0
2024-10-16 13:20:00-04:00,25.565000534057617,25.584999084472656,25.565000534057617,25.584999084472656,4904,0.0,0.0
2024-10-16 13:25:00-04:00,25.579999923706055,25.584999084472656,25.549999237060547,25.575000762939453,10467,0.0,0.0
2024-10-16 13:30:00-04:00,25.56999969482422,25.56999969482422,25.55500030517578,25.559999465942383,8929,0.0,0.0
2024-10-16 13:35:00-04:00,25.553600311279297,25.55500030517578,25.520000457763672,25.530000686645508,5890,0.0,0.0
2024-10-16 13:40:00-04:00,25.530000686645508,25.540000915527344,25.5,25.53499984741211,10894,0.0,0.0
2024-10-16 13:45:00-04:00,25.530000686645508,25.530000686645508,25.5,25.5,5790,0.0,0.0
2024-10-16 13:50:00-04:00,25.5049991607666,25.510000228881836,25.489999771118164,25.5049991607666,5806,0.0,0.0
2024-10-16 13:55:00-04:00,25.5049991607666,25.514999389648438,25.489999771118164,25.489999771118164,7807,0.0,0.0
2024-10-16 14:00:00-04:00,25.5,25.510000228881836,25.483600616455078,25.4950008392334,9211,0.0,0.0
2024-10-16 14:05:00-04:00,25.5,25.5,25.489999771118164,25.5,4906,0.0,0.0
2024-10-16 14:10:00-04:00,25.4950008392334,25.510000228881836,25.489999771118164,25.5049991607666,6096,0.0,0.0
2024-10-16 14:15:00-04:00,25.510000228881836,25.520000457763672,25.5,25.5,7463,0.0,0.0
2024-10-16 14:20:00-04:00,25.5049991607666,25.524999618530273,25.5049991607666,25.524999618530273,6074,0.0,0.0
2024-10-16 14:25:00-04:00,25.520000457763672,25.520000457763672,25.510000228881836,25.514999389648438,5739,0.0,0.0
2024-10-16 14:30:00-04:00,25.514999389648438,25.514999389648438,25.5,25.5049991607666,18788,0.0,0.0
2024-10-16 14:35:00-04:00,25.5049991607666,25.514999389648438,25.485000610351562,25.5,20122,0.0,0.0
2024-10-16 14:40:00-04:00,25.5049991607666,25.5049991607666,25.485000610351562,25.5,19623,0.0,0.0
2024-10-16 14:45:00-04:00,25.5,25.5049991607666,25.4950008392334,25.5049991607666,14236,0.0,0.0
2024-10-16 14:50:00-04:00,25.5049991607666,25.5049991607666,25.485000610351562,25.4950008392334,19149,0.0,0.0
2024-10-16 14:55:00-04:00,25.4950008392334,25.5,25.489999771118164,25.489999771118164,7917,0.0,0.0
2024-10-16 15:00:00-04:00,25.4950008392334,25.5,25.475000381469727,25.475000381469727,31153,0.0,0.0
2024-10-16 15:05:00-04:00,25.479999542236328,25.489999771118164,25.479999542236328,25.485000610351562,7297,0.0,0.0
2024-10-16 15:10:00-04:00,25.489999771118164,25.5,25.475000381469727,25.479999542236328,24249,0.0,0.0
2024-10-16 15:15:00-04:00,25.485000610351562,25.4950008392334,25.485000610351562,25.489999771118164,9178,0.0,0.0
2024-10-16 15:20:00-04:00,25.4950008392334,25.4950008392334,25.489999771118164,25.4950008392334,15059,0.0,0.0
2024-10-16 15:25:00-04:00,25.4950008392334,25.520000457763672,25.4950008392334,25.4950008392334,29774,0.0,0.0
2024-10-16 15:30:00-04:00,25.489999771118164,25.4950008392334,25.46500015258789,25.479999542236328,32721,0.0,0.0
2024-10-16 15:35:00-04:00,25.487499237060547,25.487499237060547,25.46500015258789,25.46500015258789,10046,0.0,0.0
2024-10-16 15:40:00-04:00,25.469999313354492,25.489999771118164,25.469999313354492,25.475000381469727,20102,0.0,0.0
2024-10-16 15:45:00-04:00,25.469999313354492,25.469999313354492,25.454999923706055,25.454999923706055,26480,0.0,0.0
2024-10-16 15:50:00-04:00,25.450000762939453,25.459999084472656,25.399999618530273,25.415000915527344,117653,0.0,0.0
2024-10-16 15:55:00-04:00,25.40999984741211,25.459999084472656,25.385000228881836,25.43000030517578,308109,0.0,0.0
2024-10-17 09:30:00-04:00,24.8700008392334,24.920000076293945,24.739999771118164,24.81999969482422,66974,0.0,0.0
2024-10-17 09:35:00-04:00,24.790000915527344,24.84000015258789,24.75,24.84000015258789,12372,0.0,0.0
2024-10-17 09:40:00-04:00,24.850000381469727,24.8799991607666,24.81999969482422,24.834999084472656,16958,0.0,0.0
2024-10-17 09:45:00-04:00,24.84000015258789,24.899999618530273,24.799999237060547,24.860000610351562,13728,0.0,0.0
2024-10-17 09:50:00-04:00,24.850000381469727,24.8799991607666,24.825000762939453,24.8799991607666,18506,0.0,0.0
2024-10-17 09:55:00-04:00,24.860000610351562,24.93000030517578,24.829999923706055,24.905000686645508,14721,0.0,0.0
2024-10-17 10:00:00-04:00,24.899999618530273,24.899999618530273,24.850000381469727,24.889999389648438,13063,0.0,0.0
2024-10-17 10:05:00-04:00,24.889999389648438,24.899999618530273,24.829999923706055,24.889999389648438,10271,0.0,0.0
2024-10-17 10:10:00-04:00,24.8799991607666,24.8799991607666,24.834999084472656,24.854999542236328,11350,0.0,0.0
2024-10-17 10:15:00-04:00,24.809999465942383,24.860000610351562,24.809999465942383,24.860000610351562,13108,0.0,0.0
2024-10-17 10:20:00-04:00,24.861000061035156,24.8700008392334,24.829999923706055,24.829999923706055,8553,0.0,0.0
2024-10-17 10:25:00-04:00,24.829999923706055,24.834999084472656,24.799999237060547,24.834999084472656,9011,0.0,0.0
2024-10-17 10:30:00-04:00,24.84000015258789,24.860000610351562,24.770000457763672,24.799999237060547,13565,0.0,0.0
2024-10-17 10:35:00-04:00,24.799999237060547,24.799999237060547,24.760000228881836,24.794700622558594,9783,0.0,0.0
2024-10-17 10:40:00-04:00,24.799999237060547,24.799999237060547,24.700000762939453,24.704999923706055,30171,0.0,0.0
2024-10-17 10:45:00-04:00,24.709999084472656,24.770000457763672,24.709999084472656,24.770000457763672,12784,0.0,0.0
2024-10-17 10:50:00-04:00,24.764999389648438,24.764999389648438,24.739999771118164,24.7549991607666,13527,0.0,0.0
2024-10-17 10:55:00-04:00,24.75,24.780000686645508,24.739999771118164,24.780000686645508,10920,0.0,0.0
2024-10-17 11:00:00-04:00,24.78499984741211,24.790000915527344,24.739999771118164,24.75,6872,0.0,0.0
2024-10-17 11:05:00-04:00,24.7450008392334,24.7450008392334,24.709999084472656,24.735000610351562,15673,0.0,0.0
2024-10-17 11:10:00-04:00,24.735000610351562,24.760000228881836,24.709999084472656,24.725000381469727,9073,0.0,0.0
2024-10-17 11:15:00-04:00,24.719999313354492,24.729999542236328,24.690000534057617,24.690000534057617,7264,0.0,0.0
2024-10-17 11:20:00-04:00,24.690000534057617,24.691999435424805,24.68000030517578,24.690000534057617,4494,0.0,0.0
2024-10-17 11:25:00-04:00,24.700000762939453,24.739999771118164,24.700000762939453,24.729999542236328,6766,0.0,0.0
2024-10-17 11:30:00-04:00,24.729999542236328,24.739999771118164,24.704999923706055,24.729999542236328,11782,0.0,0.0
2024-10-17 11:35:00-04:00,24.719999313354492,24.719999313354492,24.670000076293945,24.690000534057617,7565,0.0,0.0
2024-10-17 11:40:00-04:00,24.690000534057617,24.690000534057617,24.639999389648438,24.649999618530273,6890,0.0,0.0
2024-10-17 11:45:00-04:00,24.649999618530273,24.670000076293945,24.639999389648438,24.670000076293945,10149,0.0,0.0
2024-10-17 11:50:00-04:00,24.65999984741211,24.68000030517578,24.65999984741211,24.674999237060547,4101,0.0,0.0
2024-10-17 11:55:00-04:00,24.6737003326416,24.68000030517578,24.655000686645508,24.68000030517578,7003,0.0,0.0
2024-10-17 12:00:00-04:00,24.674999237060547,24.68000030517578,24.649999618530273,24.665000915527344,5758,0.0,0.0
2024-10-17 12:05:00-04:00,24.670000076293945,24.690000534057617,24.655000686645508,24.665000915527344,6245,0.0,0.0
2024-10-17 12:10:00-04:00,24.670000076293945,24.670000076293945,24.645000457763672,24.645000457763672,6539,0.0,0.0
2024-10-17 12:15:00-04:00,24.649999618530273,24.690000534057617,24.649999618530273,24.684999465942383,5225,0.0,0.0
2024-10-17 12:20:00-04:00,24.68000030517578,24.69499969482422,24.65999984741211,24.69499969482422,6790,0.0,0.0
2024-10-17 12:25:00-04:00,24.690000534057617,24.709999084472656,24.674999237060547,24.700000762939453,11224,0.0,0.0
2024-10-17 12:30:00-04:00,24.69499969482422,24.709999084472656,24.68000030517578,24.700000762939453,4870,0.0,0.0
2024-10-17 12:35:00-04:00,24.700000762939453,24.709999084472656,24.700000762939453,24.700000762939453,3213,0.0,0.0
2024-10-17 12:40:00-04:00,24.69499969482422,24.704999923706055,24.69499969482422,24.700000762939453,6113,0.0,0.0
2024-10-17 12:45:00-04:00,24.704999923706055,24.72100067138672,24.704999923706055,24.719999313354492,4749,0.0,0.0
2024-10-17 12:50:00-04:00,24.71500015258789,24.75,24.71500015258789,24.71500015258789,7640,0.0,0.0
2024-10-17 12:55:00-04:00,24.71500015258789,24.719999313354492,24.704999923706055,24.719999313354492,2909,0.0,0.0
2024-10-17 13:00:00-04:00,24.709999084472656,24.709999084472656,24.68000030517578,24.68000030517578,3068,0.0,0.0
2024-10-17 13:05:00-04:00,24.670000076293945,24.690000534057617,24.65999984741211,24.684999465942383,8059,0.0,0.0
2024-10-17 13:10:00-04:00,24.684999465942383,24.684999465942383,24.670000076293945,24.670000076293945,3900,0.0,0.0
2024-10-17 13:15:00-04:00,24.674999237060547,24.674999237060547,24.65999984741211,24.665000915527344,6105,0.0,0.0
2024-10-17 13:20:00-04:00,24.670000076293945,24.674999237060547,24.65999984741211,24.665000915527344,3588,0.0,0.0
2024-10-17 13:25:00-04:00,24.665000915527344,24.665000915527344,24.665000915527344,24.665000915527344,1496,0.0,0.0
2024-10-17 13:30:00-04:00,24.665000915527344,24.665000915527344,24.639999389648438,24.649999618530273,12665,0.0,0.0
2024-10-17 13:35:00-04:00,24.645000457763672,24.645000457763672,24.6299991607666,24.635000228881836,8791,0.0,0.0
2024-10-17 13:40:00-04:00,24.635000228881836,24.635000228881836,24.614999771118164,24.6200008392334,5143,0.0,0.0
2024-10-17 13:45:00-04:00,24.610000610351562,24.625,24.610000610351562,24.614999771118164,5051,0.0,0.0
2024-10-17 13:50:00-04:00,24.614999771118164,24.649999618530273,24.614999771118164,24.649999618530273,12337,0.0,0.0
2024-10-17 13:55:00-04:00,24.645000457763672,24.65999984741211,24.645000457763672,24.645000457763672,9285,0.0,0.0
2024-10-17 14:00:00-04:00,24.649999618530273,24.649999618530273,24.635000228881836,24.635000228881836,4859,0.0,0.0
2024-10-17 14:05:00-04:00,24.635000228881836,24.635000228881836,24.6299991607666,24.635000228881836,3306,0.0,0.0
2024-10-17 14:10:00-04:00,24.63599967956543,24.639999389648438,24.625,24.635000228881836,8190,0.0,0.0
2024-10-17 14:15:00-04:00,24.639999389648438,24.639999389648438,24.600000381469727,24.614999771118164,33984,0.0,0.0
2024-10-17 14:20:00-04:00,24.6200008392334,24.6299991607666,24.6200008392334,24.625,10909,0.0,0.0
2024-10-17 14:25:00-04:00,24.625,24.6299991607666,24.625,24.6299991607666,2608,0.0,0.0
2024-10-17 14:30:00-04:00,24.6200008392334,24.639999389648438,24.6200008392334,24.639999389648438,8438,0.0,0.0
2024-10-17 14:35:00-04:00,24.635000228881836,24.639999389648438,24.614999771118164,24.6299991607666,26855,0.0,0.0
2024-10-17 14:40:00-04:00,24.6299991607666,24.639999389648438,24.625,24.635000228881836,4240,0.0,0.0
2024-10-17 14:45:00-04:00,24.639999389648438,24.649999618530273,24.6299991607666,24.639999389648438,5737,0.0,0.0
2024-10-17 14:50:00-04:00,24.649999618530273,24.69499969482422,24.649999618530273,24.69499969482422,18669,0.0,0.0
2024-10-17 14:55:00-04:00,24.690000534057617,24.71500015258789,24.690000534057617,24.709999084472656,22100,0.0,0.0
2024-10-17 15:00:00-04:00,24.700000762939453,24.709999084472656,24.684999465942383,24.690000534057617,22703,0.0,0.0
2024-10-17 15:05:00-04:00,24.690000534057617,24.700000762939453,24.65999984741211,24.700000762939453,13241,0.0,0.0
2024-10-17 15:10:00-04:00,24.69499969482422,24.700000762939453,24.68000030517578,24.684999465942383,14368,0.0,0.0
2024-10-17 15:15:00-04:00,24.690000534057617,24.69499969482422,24.665000915527344,24.670000076293945,11053,0.0,0.0
2024-10-17 15:20:00-04:00,24.65999984741211,24.665000915527344,24.649999618530273,24.655000686645508,11839,0.0,0.0
2024-10-17 15:25:00-04:00,24.655000686645508,24.670000076293945,24.655000686645508,24.670000076293945,11132,0.0,0.0
2024-10-17 15:30:00-04:00,24.65999984741211,24.65999984741211,24.645000457763672,24.645000457763672,25592,0.0,0.0
2024-10-17 15:35:00-04:00,24.649999618530273,24.65999984741211,24.639999389648438,24.65999984741211,16221,0.0,0.0
2024-10-17 15:40:00-04:00,24.65999984741211,24.670000076293945,24.65999984741211,24.65999984741211,12445,0.0,0.0
2024-10-17 15:45:00-04:00,24.665000915527344,24.764999389648438,24.65999984741211,24.764999389648438,39356,0.0,0.0
2024-10-17 15:50:00-04:00,24.770000457763672,24.829999923706055,24.770000457763672,24.80500030517578,237311,0.0,0.0
2024-10-17 15:55:00-04:00,24.799999237060547,24.81999969482422,24.760000228881836,24.770000457763672,332219,0.0,0.0
2024-10-18 09:30:00-04:00,25.5,25.700000762939453,25.3799991607666,25.459999084472656,71301,0.0,0.0
2024-10-18 09:35:00-04:00,25.459999084472656,25.489999771118164,25.360000610351562,25.399999618530273,16845,0.0,0.0
2024-10-18 09:40:00-04:00,25.3799991607666,25.420000076293945,25.31999969482422,25.3700008392334,18157,0.0,0.0
2024-10-18 09:45:00-04:00,25.360000610351562,25.360000610351562,25.260000228881836,25.274999618530273,7691,0.0,0.0
2024-10-18 09:50:00-04:00,25.229999542236328,25.280000686645508,25.209999084472656,25.280000686645508,9853,0.0,0.0
2024-10-18 09:55:00-04:00,25.280000686645508,25.399999618530273,25.270000457763672,25.3799991607666,15355,0.0,0.0
2024-10-18 10:00:00-04:00,25.3799991607666,25.3799991607666,25.239999771118164,25.260000228881836,36179,0.0,0.0
2024-10-18 10:05:00-04:00,25.270000457763672,25.360000610351562,25.270000457763672,25.350000381469727,9675,0.0,0.0
2024-10-18 10:10:00-04:00,25.34000015258789,25.354999542236328,25.290000915527344,25.34000015258789,21636,0.0,0.0
2024-10-18 10:15:00-04:00,25.31999969482422,25.350000381469727,25.290000915527344,25.350000381469727,12472,0.0,0.0
2024-10-18 10:20:00-04:00,25.360000610351562,25.389999389648438,25.329999923706055,25.389999389648438,14765,0.0,0.0
2024-10-18 10:25:00-04:00,25.389999389648438,25.440000534057617,25.3799991607666,25.43000030517578,15398,0.0,0.0
2024-10-18 10:30:00-04:00,25.450000762939453,25.469999313354492,25.399999618530273,25.399999618530273,14643,0.0,0.0
2024-10-18 10:35:00-04:00,25.389999389648438,25.43000030517578,25.315000534057617,25.31999969482422,23228,0.0,0.0
2024-10-18 10:40:00-04:00,25.34000015258789,25.3799991607666,25.34000015258789,25.360000610351562,8442,0.0,0.0
2024-10-18 10:45:00-04:00,25.3700008392334,25.399999618530273,25.3700008392334,25.399999618530273,10074,0.0,0.0
2024-10-18 10:50:00-04:00,25.389999389648438,25.415000915527344,25.385000228881836,25.40999984741211,7491,0.0,0.0
2024-10-18 10:55:00-04:00,25.399999618530273,25.450000762939453,25.389999389648438,25.44499969482422,11935,0.0,0.0
2024-10-18 11:00:00-04:00,25.44499969482422,25.450000762939453,25.395000457763672,25.395000457763672,11357,0.0,0.0
2024-10-18 11:05:00-04:00,25.389999389648438,25.415000915527344,25.385000228881836,25.415000915527344,19373,0.0,0.0
2024-10-18 11:10:00-04:00,25.420000076293945,25.420000076293945,25.389999389648438,25.399999618530273,8376,0.0,0.0
2024-10-18 11:15:00-04:00,25.405000686645508,25.405000686645508,25.360000610351562,25.3799991607666,9242,0.0,0.0
2024-10-18 11:20:00-04:00,25.3700008392334,25.3700008392334,25.34000015258789,25.360000610351562,5116,0.0,0.0
2024-10-18 11:25:00-04:00,25.360000610351562,25.364999771118164,25.350000381469727,25.360000610351562,10182,0.0,0.0
2024-10-18 11:30:00-04:00,25.360000610351562,25.364999771118164,25.350000381469727,25.364999771118164,5819,0.0,0.0
2024-10-18 11:35:00-04:00,25.360000610351562,25.3700008392334,25.344999313354492,25.364999771118164,10410,0.0,0.0
2024-10-18 11:40:00-04:00,25.360000610351562,25.375,25.350000381469727,25.360000610351562,8870,0.0,0.0
2024-10-18 11:45:00-04:00,25.360000610351562,25.375,25.354999542236328,25.360000610351562,7664,0.0,0.0
2024-10-18 11:50:00-04:00,25.350000381469727,25.350000381469727,25.31999969482422,25.329999923706055,7466,0.0,0.0
2024-10-18 11:55:00-04:00,25.31999969482422,25.334999084472656,25.30500030517578,25.309999465942383,7813,0.0,0.0
2024-10-18 12:00:00-04:00,25.315000534057617,25.325000762939453,25.299999237060547,25.325000762939453,13569,0.0,0.0
2024-10-18 12:05:00-04:00,25.329999923706055,25.364999771118164,25.325000762939453,25.360000610351562,9872,0.0,0.0
2024-10-18 12:10:00-04:00,25.354999542236328,25.3799991607666,25.354999542236328,25.3799991607666,7765,0.0,0.0
2024-10-18 12:15:00-04:00,25.3799991607666,25.420000076293945,25.3799991607666,25.40999984741211,11852,0.0,0.0
2024-10-18 12:20:00-04:00,25.405000686645508,25.424999237060547,25.405000686645508,25.40999984741211,4296,0.0,0.0
2024-10-18 12:25:00-04:00,25.40999984741211,25.43000030517578,25.395000457763672,25.415000915527344,8342,0.0,0.0
2024-10-18 12:30:00-04:00,25.405000686645508,25.40999984741211,25.389999389648438,25.389999389648438,11039,0.0,0.0
2024-10-18 12:35:00-04:00,25.385000228881836,25.420000076293945,25.385000228881836,25.389999389648438,7068,0.0,0.0
2024-10-18 12:40:00-04:00,25.389999389648438,25.395000457763672,25.364999771118164,25.3799991607666,6176,0.0,0.0
2024-10-18 12:45:00-04:00,25.3700008392334,25.3700008392334,25.31999969482422,25.329999923706055,7039,0.0,0.0
2024-10-18 12:50:00-04:00,25.325000762939453,25.329999923706055,25.31999969482422,25.329999923706055,9250,0.0,0.0
2024-10-18 12:55:00-04:00,25.329999923706055,25.344999313354492,25.325000762939453,25.344999313354492,7687,0.0,0.0
2024-10-18 13:00:00-04:00,25.344999313354492,25.344999313354492,25.334999084472656,25.334999084472656,3716,0.0,0.0
2024-10-18 13:05:00-04:00,25.329999923706055,25.329999923706055,25.315000534057617,25.325000762939453,11517,0.0,0.0
2024-10-18 13:10:00-04:00,25.325000762939453,25.344999313354492,25.325000762939453,25.344999313354492,7541,0.0,0.0
2024-10-18 13:15:00-04:00,25.34000015258789,25.34000015258789,25.299999237060547,25.325000762939453,13960,0.0,0.0
2024-10-18 13:20:00-04:00,25.325000762939453,25.34000015258789,25.315000534057617,25.31999969482422,12696,0.0,0.0
2024-10-18 13:25:00-04:00,25.329999923706055,25.34000015258789,25.31999969482422,25.334999084472656,8322,0.0,0.0
2024-10-18 13:30:00-04:00,25.334999084472656,25.350000381469727,25.334999084472656,25.344999313354492,22108,0.0,0.0
2024-10-18 13:35:00-04:00,25.34000015258789,25.344999313354492,25.309999465942383,25.325000762939453,6337,0.0,0.0
2024-10-18 13:40:00-04:00,25.31999969482422,25.329999923706055,25.315000534057617,25.31999969482422,11207,0.0,0.0
2024-10-18 13:45:00-04:00,25.315000534057617,25.31999969482422,25.299999237060547,25.315000534057617,7188,0.0,0.0
2024-10-18 13:50:00-04:00,25.315000534057617,25.329999923706055,25.315000534057617,25.325000762939453,12890,0.0,0.0
2024-10-18 13:55:00-04:00,25.325000762939453,25.329999923706055,25.309999465942383,25.315000534057617,4897,0.0,0.0
2024-10-18 14:00:00-04:00,25.31999969482422,25.34000015258789,25.30500030517578,25.31999969482422,19561,0.0,0.0
2024-10-18 14:05:00-04:00,25.329999923706055,25.350000381469727,25.329999923706055,25.350000381469727,8902,0.0,0.0
2024-10-18 14:10:00-04:00,25.34000015258789,25.360000610351562,25.329999923706055,25.344999313354492,8547,0.0,0.0
2024-10-18 14:15:00-04:00,25.34000015258789,25.364999771118164,25.34000015258789,25.350000381469727,8862,0.0,0.0
2024-10-18 14:20:00-04:00,25.350000381469727,25.360000610351562,25.344999313354492,25.344999313354492,7320,0.0,0.0
2024-10-18 14:25:00-04:00,25.34000015258789,25.34000015258789,25.31999969482422,25.31999969482422,9494,0.0,0.0
2024-10-18 14:30:00-04:00,25.325000762939453,25.325000762939453,25.290000915527344,25.290000915527344,9139,0.0,0.0
2024-10-18 14:35:00-04:00,25.290000915527344,25.299999237060547,25.28499984741211,25.299999237060547,11176,0.0,0.0
2024-10-18 14:40:00-04:00,25.30500030517578,25.31999969482422,25.295000076293945,25.30500030517578,11322,0.0,0.0
2024-10-18 14:45:00-04:00,25.30500030517578,25.30500030517578,25.274999618530273,25.299999237060547,12203,0.0,0.0
2024-10-18 14:50:00-04:00,25.299999237060547,25.299999237060547,25.28499984741211,25.28499984741211,8302,0.0,0.0
2024-10-18 14:55:00-04:00,25.28499984741211,25.309999465942383,25.280000686645508,25.299999237060547,18260,0.0,0.0
2024-10-18 15:00:00-04:00,25.295000076293945,25.299999237060547,25.264999389648438,25.274999618530273,16463,0.0,0.0
2024-10-18 15:05:00-04:00,25.274999618530273,25.280000686645508,25.260000228881836,25.264999389648438,11856,0.0,0.0
2024-10-18 15:10:00-04:00,25.264999389648438,25.290000915527344,25.260000228881836,25.287500381469727,14965,0.0,0.0
2024-10-18 15:15:00-04:00,25.28499984741211,25.299999237060547,25.274999618530273,25.274999618530273,10632,0.0,0.0
2024-10-18 15:20:00-04:00,25.280000686645508,25.28499984741211,25.260000228881836,25.274999618530273,23720,0.0,0.0
2024-10-18 15:25:00-04:00,25.274999618530273,25.28499984741211,25.270000457763672,25.280000686645508,16736,0.0,0.0
2024-10-18 15:30:00-04:00,25.280000686645508,25.280000686645508,25.209999084472656,25.229999542236328,18300,0.0,0.0
2024-10-18 15:35:00-04:00,25.21500015258789,25.219999313354492,25.190000534057617,25.190000534057617,26040,0.0,0.0
2024-10-18 15:40:00-04:00,25.190000534057617,25.225000381469727,25.18000030517578,25.190000534057617,40327,0.0,0.0
2024-10-18 15:45:00-04:00,25.190000534057617,25.204999923706055,25.149999618530273,25.15999984741211,50218,0.0,0.0
2024-10-18 15:50:00-04:00,25.15999984741211,25.260000228881836,25.139999389648438,25.235000610351562,134391,0.0,0.0
2024-10-18 15:55:00-04:00,25.229999542236328,25.264999389648438,25.170000076293945,25.18000030517578,399591,0.0,0.0
