Datetime,Open,High,Low,Close,Volume,Dividends,Stock Splits
2022-11-02 09:00:00+09:00,8090.0,8090.0,7960.0,7970.0,0,0.0,0.0
2022-11-02 10:00:00+09:00,7970.0,8020.0,7970.0,7990.0,3387,0.0,0.0
2022-11-02 11:00:00+09:00,7980.0,8000.0,7940.0,7990.0,16956,0.0,0.0
2022-11-02 12:00:00+09:00,7980.0,8010.0,7970.0,7970.0,3058,0.0,0.0
2022-11-02 13:00:00+09:00,7960.0,7980.0,7950.0,7970.0,2269,0.0,0.0
2022-11-02 14:00:00+09:00,7980.0,8020.0,7970.0,8020.0,5653,0.0,0.0
2022-11-03 09:00:00+09:00,7800.0,7860.0,7670.0,7810.0,0,0.0,0.0
2022-11-03 10:00:00+09:00,7800.0,7840.0,7760.0,7840.0,7183,0.0,0.0
2022-11-03 11:00:00+09:00,7840.0,7840.0,7790.0,7800.0,5951,0.0,0.0
2022-11-03 12:00:00+09:00,7800.0,7810.0,7760.0,7790.0,5626,0.0,0.0
2022-11-03 13:00:00+09:00,7790.0,7810.0,7770.0,7790.0,3573,0.0,0.0
2022-11-03 14:00:00+09:00,7800.0,7860.0,7790.0,7830.0,7715,0.0,0.0
2022-11-04 09:00:00+09:00,7820.0,7820.0,7730.0,7780.0,0,0.0,0.0
2022-11-04 10:00:00+09:00,7780.0,7800.0,7740.0,7790.0,7970,0.0,0.0
2022-11-04 11:00:00+09:00,7790.0,7840.0,7790.0,7800.0,3053,0.0,0.0
2022-11-04 12:00:00+09:00,7790.0,7810.0,7790.0,7790.0,1547,0.0,0.0
2022-11-04 13:00:00+09:00,7790.0,7850.0,7790.0,7840.0,4725,0.0,0.0
2022-11-04 14:00:00+09:00,7840.0,7870.0,7830.0,7860.0,1186,0.0,0.0
2022-11-07 09:00:00+09:00,7930.0,8040.0,7830.0,8020.0,0,0.0,0.0
2022-11-07 10:00:00+09:00,8020.0,8040.0,7990.0,8030.0,5555,0.0,0.0
2022-11-07 11:00:00+09:00,8030.0,8030.0,8000.0,8010.0,3057,0.0,0.0
2022-11-07 12:00:00+09:00,8010.0,8020.0,8000.0,8010.0,4161,0.0,0.0
2022-11-07 13:00:00+09:00,8010.0,8030.0,8000.0,8030.0,7629,0.0,0.0
2022-11-07 14:00:00+09:00,8030.0,8030.0,8010.0,8020.0,4200,0.0,0.0
2022-11-08 09:00:00+09:00,8040.0,8120.0,8040.0,8100.0,0,0.0,0.0
2022-11-08 10:00:00+09:00,8100.0,8100.0,8050.0,8080.0,15439,0.0,0.0
2022-11-08 11:00:00+09:00,8080.0,8100.0,8040.0,8060.0,16203,0.0,0.0
2022-11-08 12:00:00+09:00,8060.0,8080.0,8030.0,8080.0,14632,0.0,0.0
2022-11-08 13:00:00+09:00,8080.0,8110.0,8040.0,8050.0,19408,0.0,0.0
2022-11-08 14:00:00+09:00,8050.0,8090.0,8030.0,8070.0,22955,0.0,0.0
2022-11-09 09:00:00+09:00,8060.0,8290.0,8060.0,8250.0,0,0.0,0.0
2022-11-09 10:00:00+09:00,8240.0,8280.0,8200.0,8250.0,18069,0.0,0.0
2022-11-09 11:00:00+09:00,8250.0,8270.0,8220.0,8230.0,9105,0.0,0.0
2022-11-09 12:00:00+09:00,8240.0,8270.0,8210.0,8260.0,7814,0.0,0.0
2022-11-09 13:00:00+09:00,8270.0,8570.0,8270.0,8430.0,101917,0.0,0.0
2022-11-09 14:00:00+09:00,8420.0,8520.0,8370.0,8500.0,41857,0.0,0.0
2022-11-10 09:00:00+09:00,8260.0,8460.0,8200.0,8350.0,0,0.0,0.0
2022-11-10 10:00:00+09:00,8360.0,8440.0,8350.0,8360.0,9685,0.0,0.0
2022-11-10 11:00:00+09:00,8360.0,8400.0,8320.0,8370.0,7941,0.0,0.0
2022-11-10 12:00:00+09:00,8360.0,8370.0,8320.0,8350.0,2341,0.0,0.0
2022-11-10 13:00:00+09:00,8340.0,8400.0,8320.0,8340.0,7385,0.0,0.0
2022-11-10 14:00:00+09:00,8340.0,8390.0,8340.0,8360.0,3658,0.0,0.0
2022-11-11 09:00:00+09:00,8500.0,8500.0,8390.0,8390.0,0,0.0,0.0
2022-11-11 10:00:00+09:00,8390.0,8440.0,8290.0,8290.0,20863,0.0,0.0
2022-11-11 11:00:00+09:00,8290.0,8320.0,8280.0,8320.0,12663,0.0,0.0
2022-11-11 12:00:00+09:00,8320.0,8340.0,8290.0,8330.0,7290,0.0,0.0
2022-11-11 13:00:00+09:00,8340.0,8360.0,8280.0,8350.0,5997,0.0,0.0
2022-11-11 14:00:00+09:00,8350.0,8360.0,8310.0,8320.0,3824,0.0,0.0
2022-11-14 09:00:00+09:00,8280.0,8480.0,8280.0,8460.0,0,0.0,0.0
2022-11-14 10:00:00+09:00,8450.0,8490.0,8410.0,8460.0,15964,0.0,0.0
2022-11-14 11:00:00+09:00,8460.0,8520.0,8440.0,8480.0,14779,0.0,0.0
2022-11-14 12:00:00+09:00,8490.0,8530.0,8480.0,8490.0,8633,0.0,0.0
2022-11-14 13:00:00+09:00,8490.0,8500.0,8450.0,8460.0,9526,0.0,0.0
2022-11-14 14:00:00+09:00,8450.0,8460.0,8390.0,8400.0,9514,0.0,0.0
2022-11-15 09:00:00+09:00,8470.0,8470.0,8330.0,8360.0,0,0.0,0.0
2022-11-15 10:00:00+09:00,8390.0,8420.0,8340.0,8420.0,5188,0.0,0.0
2022-11-15 11:00:00+09:00,8420.0,8470.0,8370.0,8460.0,4855,0.0,0.0
2022-11-15 12:00:00+09:00,8460.0,8490.0,8430.0,8470.0,17693,0.0,0.0
2022-11-15 13:00:00+09:00,8470.0,8490.0,8400.0,8460.0,10376,0.0,0.0
2022-11-15 14:00:00+09:00,8430.0,8460.0,8380.0,8420.0,14307,0.0,0.0
2022-11-16 09:00:00+09:00,8500.0,9340.0,8410.0,9340.0,711425,0.0,0.0
2022-11-16 10:00:00+09:00,9300.0,9990.0,8900.0,9000.0,1342299,0.0,0.0
2022-11-16 11:00:00+09:00,9000.0,9000.0,8850.0,8860.0,70363,0.0,0.0
2022-11-16 12:00:00+09:00,8860.0,8880.0,8780.0,8830.0,59806,0.0,0.0
2022-11-16 13:00:00+09:00,8830.0,8860.0,8780.0,8840.0,36757,0.0,0.0
2022-11-16 14:00:00+09:00,8840.0,8860.0,8780.0,8830.0,37052,0.0,0.0
2022-11-17 10:00:00+09:00,8900.0,8900.0,8530.0,8600.0,93999,0.0,0.0
2022-11-17 11:00:00+09:00,8600.0,8640.0,8580.0,8590.0,11657,0.0,0.0
2022-11-17 12:00:00+09:00,8600.0,8630.0,8570.0,8600.0,12596,0.0,0.0
2022-11-17 13:00:00+09:00,8590.0,8640.0,8590.0,8590.0,9582,0.0,0.0
2022-11-17 14:00:00+09:00,8590.0,8620.0,8570.0,8600.0,13996,0.0,0.0
2022-11-18 09:00:00+09:00,8580.0,8610.0,8480.0,8490.0,0,0.0,0.0
2022-11-18 10:00:00+09:00,8500.0,8520.0,8410.0,8440.0,30576,0.0,0.0
2022-11-18 11:00:00+09:00,8440.0,8450.0,8350.0,8380.0,24241,0.0,0.0
2022-11-18 12:00:00+09:00,8380.0,8450.0,8380.0,8410.0,5350,0.0,0.0
2022-11-18 13:00:00+09:00,8410.0,8410.0,8360.0,8380.0,12757,0.0,0.0
2022-11-18 14:00:00+09:00,8380.0,8400.0,8330.0,8350.0,15857,0.0,0.0
2022-11-21 09:00:00+09:00,8270.0,8310.0,8140.0,8180.0,0,0.0,0.0
2022-11-21 10:00:00+09:00,8170.0,8180.0,8110.0,8140.0,11414,0.0,0.0
2022-11-21 11:00:00+09:00,8150.0,8180.0,8130.0,8170.0,8872,0.0,0.0
2022-11-21 12:00:00+09:00,8170.0,8200.0,8140.0,8150.0,7202,0.0,0.0
2022-11-21 13:00:00+09:00,8190.0,8190.0,8140.0,8190.0,3881,0.0,0.0
2022-11-21 14:00:00+09:00,8180.0,8190.0,8130.0,8170.0,9076,0.0,0.0
2022-11-22 09:00:00+09:00,8100.0,8280.0,8090.0,8210.0,0,0.0,0.0
2022-11-22 10:00:00+09:00,8210.0,8380.0,8210.0,8310.0,12786,0.0,0.0
2022-11-22 11:00:00+09:00,8310.0,8320.0,8260.0,8320.0,3498,0.0,0.0
2022-11-22 12:00:00+09:00,8270.0,8320.0,8260.0,8320.0,2959,0.0,0.0
2022-11-22 13:00:00+09:00,8320.0,8490.0,8320.0,8430.0,21939,0.0,0.0
2022-11-22 14:00:00+09:00,8430.0,8500.0,8390.0,8440.0,13366,0.0,0.0
2022-11-23 09:00:00+09:00,8410.0,8660.0,8410.0,8580.0,0,0.0,0.0
2022-11-23 10:00:00+09:00,8580.0,8590.0,8500.0,8530.0,8267,0.0,0.0
2022-11-23 11:00:00+09:00,8550.0,8560.0,8520.0,8550.0,1728,0.0,0.0
2022-11-23 12:00:00+09:00,8550.0,8550.0,8520.0,8540.0,2181,0.0,0.0
2022-11-23 13:00:00+09:00,8530.0,8620.0,8520.0,8550.0,11281,0.0,0.0
2022-11-23 14:00:00+09:00,8550.0,8600.0,8540.0,8580.0,7452,0.0,0.0
2022-11-24 09:00:00+09:00,8550.0,8600.0,8480.0,8550.0,0,0.0,0.0
2022-11-24 10:00:00+09:00,8560.0,8610.0,8550.0,8590.0,5422,0.0,0.0
2022-11-24 11:00:00+09:00,8590.0,8610.0,8560.0,8610.0,3472,0.0,0.0
2022-11-24 12:00:00+09:00,8600.0,8620.0,8570.0,8620.0,6713,0.0,0.0
2022-11-24 13:00:00+09:00,8620.0,8630.0,8540.0,8560.0,4831,0.0,0.0
2022-11-24 14:00:00+09:00,8560.0,8650.0,8560.0,8610.0,6493,0.0,0.0
2022-11-25 09:00:00+09:00,8680.0,8680.0,8540.0,8670.0,0,0.0,0.0
2022-11-25 10:00:00+09:00,8660.0,8710.0,8620.0,8670.0,8976,0.0,0.0
2022-11-25 11:00:00+09:00,8670.0,8680.0,8620.0,8620.0,4085,0.0,0.0
2022-11-25 12:00:00+09:00,8620.0,8650.0,8610.0,8610.0,2896,0.0,0.0
2022-11-25 13:00:00+09:00,8620.0,8630.0,8570.0,8570.0,3682,0.0,0.0
2022-11-25 14:00:00+09:00,8580.0,8680.0,8580.0,8600.0,1009,0.0,0.0
2022-11-28 09:00:00+09:00,8640.0,8640.0,8360.0,8360.0,0,0.0,0.0
2022-11-28 10:00:00+09:00,8360.0,8390.0,8340.0,8390.0,7407,0.0,0.0
2022-11-28 11:00:00+09:00,8390.0,8400.0,8370.0,8380.0,1673,0.0,0.0
2022-11-28 12:00:00+09:00,8380.0,8400.0,8360.0,8360.0,3308,0.0,0.0
2022-11-28 13:00:00+09:00,8360.0,8390.0,8340.0,8390.0,5794,0.0,0.0
2022-11-28 14:00:00+09:00,8390.0,8560.0,8370.0,8430.0,17265,0.0,0.0
2022-11-29 09:00:00+09:00,8400.0,8520.0,8320.0,8490.0,0,0.0,0.0
2022-11-29 10:00:00+09:00,8460.0,8510.0,8450.0,8490.0,4329,0.0,0.0
2022-11-29 11:00:00+09:00,8480.0,8530.0,8430.0,8500.0,2833,0.0,0.0
2022-11-29 12:00:00+09:00,8500.0,8500.0,8430.0,8490.0,1249,0.0,0.0
2022-11-29 13:00:00+09:00,8490.0,8500.0,8430.0,8500.0,1896,0.0,0.0
2022-11-29 14:00:00+09:00,8490.0,8510.0,8470.0,8510.0,2422,0.0,0.0
2022-11-30 09:00:00+09:00,8440.0,8620.0,8420.0,8620.0,0,0.0,0.0
2022-11-30 10:00:00+09:00,8610.0,8620.0,8570.0,8600.0,5078,0.0,0.0
2022-11-30 11:00:00+09:00,8590.0,8630.0,8560.0,8630.0,6586,0.0,0.0
2022-11-30 12:00:00+09:00,8630.0,8630.0,8580.0,8590.0,2663,0.0,0.0
2022-11-30 13:00:00+09:00,8590.0,8610.0,8570.0,8570.0,3763,0.0,0.0
2022-11-30 14:00:00+09:00,8590.0,8600.0,8570.0,8590.0,2605,0.0,0.0
2022-12-01 09:00:00+09:00,8640.0,8680.0,8580.0,8620.0,0,0.0,0.0
2022-12-01 10:00:00+09:00,8620.0,8720.0,8610.0,8700.0,12272,0.0,0.0
2022-12-01 11:00:00+09:00,8710.0,8730.0,8660.0,8680.0,7905,0.0,0.0
2022-12-01 12:00:00+09:00,8680.0,8690.0,8660.0,8680.0,2493,0.0,0.0
2022-12-01 13:00:00+09:00,8670.0,8720.0,8670.0,8690.0,7163,0.0,0.0
2022-12-01 14:00:00+09:00,8690.0,8700.0,8680.0,8690.0,3288,0.0,0.0
2022-12-02 09:00:00+09:00,8670.0,8670.0,8590.0,8620.0,0,0.0,0.0
2022-12-02 10:00:00+09:00,8610.0,8650.0,8610.0,8620.0,2517,0.0,0.0
2022-12-02 11:00:00+09:00,8620.0,8640.0,8620.0,8620.0,2074,0.0,0.0
2022-12-02 12:00:00+09:00,8630.0,8640.0,8620.0,8620.0,1106,0.0,0.0
2022-12-02 13:00:00+09:00,8620.0,8620.0,8580.0,8600.0,4834,0.0,0.0
2022-12-02 14:00:00+09:00,8600.0,8690.0,8590.0,8680.0,10230,0.0,0.0
2022-12-05 09:00:00+09:00,8710.0,8720.0,8600.0,8600.0,0,0.0,0.0
2022-12-05 10:00:00+09:00,8610.0,8680.0,8610.0,8670.0,636,0.0,0.0
2022-12-05 11:00:00+09:00,8660.0,8660.0,8610.0,8630.0,2577,0.0,0.0
2022-12-05 12:00:00+09:00,8630.0,8660.0,8620.0,8630.0,2668,0.0,0.0
2022-12-05 13:00:00+09:00,8630.0,8650.0,8620.0,8650.0,2332,0.0,0.0
2022-12-05 14:00:00+09:00,8640.0,8650.0,8610.0,8620.0,2195,0.0,0.0
2022-12-06 09:00:00+09:00,8710.0,8710.0,8470.0,8530.0,0,0.0,0.0
2022-12-06 10:00:00+09:00,8540.0,8590.0,8530.0,8560.0,1578,0.0,0.0
2022-12-06 11:00:00+09:00,8560.0,8580.0,8530.0,8540.0,295,0.0,0.0
2022-12-06 12:00:00+09:00,8540.0,8570.0,8490.0,8490.0,3835,0.0,0.0
2022-12-06 13:00:00+09:00,8500.0,8550.0,8500.0,8500.0,0,0.0,0.0
2022-12-06 14:00:00+09:00,8500.0,8520.0,8450.0,8450.0,21987,0.0,0.0
2022-12-07 09:00:00+09:00,8500.0,8720.0,8310.0,8590.0,35608,0.0,0.0
2022-12-07 10:00:00+09:00,8590.0,8590.0,8480.0,8520.0,5854,0.0,0.0
2022-12-07 11:00:00+09:00,8520.0,8540.0,8510.0,8510.0,3765,0.0,0.0
2022-12-07 12:00:00+09:00,8520.0,8570.0,8520.0,8520.0,2860,0.0,0.0
2022-12-07 13:00:00+09:00,8520.0,8530.0,8490.0,8490.0,2773,0.0,0.0
2022-12-07 14:00:00+09:00,8490.0,8520.0,8480.0,8490.0,5238,0.0,0.0
2022-12-08 09:00:00+09:00,8470.0,8690.0,8450.0,8510.0,0,0.0,0.0
2022-12-08 10:00:00+09:00,8500.0,8550.0,8390.0,8410.0,11660,0.0,0.0
2022-12-08 11:00:00+09:00,8490.0,8490.0,8430.0,8450.0,2211,0.0,0.0
2022-12-08 12:00:00+09:00,8450.0,8450.0,8430.0,8450.0,1437,0.0,0.0
2022-12-08 13:00:00+09:00,8450.0,8450.0,8370.0,8390.0,9808,0.0,0.0
2022-12-08 14:00:00+09:00,8380.0,8450.0,8340.0,8370.0,11493,0.0,0.0
2022-12-09 09:00:00+09:00,8390.0,8450.0,8330.0,8330.0,0,0.0,0.0
2022-12-09 10:00:00+09:00,8330.0,8400.0,8320.0,8390.0,6639,0.0,0.0
2022-12-09 11:00:00+09:00,8390.0,8400.0,8360.0,8360.0,1387,0.0,0.0
2022-12-09 12:00:00+09:00,8360.0,8460.0,8350.0,8440.0,6004,0.0,0.0
2022-12-09 13:00:00+09:00,8390.0,8550.0,8380.0,8500.0,9989,0.0,0.0
2022-12-09 14:00:00+09:00,8500.0,8500.0,8420.0,8480.0,2142,0.0,0.0
2022-12-12 09:00:00+09:00,8530.0,8530.0,8380.0,8400.0,0,0.0,0.0
2022-12-12 10:00:00+09:00,8400.0,8540.0,8390.0,8530.0,3657,0.0,0.0
2022-12-12 11:00:00+09:00,8530.0,8530.0,8450.0,8460.0,310,0.0,0.0
2022-12-12 12:00:00+09:00,8460.0,8460.0,8420.0,8460.0,898,0.0,0.0
2022-12-12 13:00:00+09:00,8460.0,8470.0,8430.0,8430.0,853,0.0,0.0
2022-12-12 14:00:00+09:00,8430.0,8460.0,8430.0,8430.0,2592,0.0,0.0
2022-12-13 09:00:00+09:00,8430.0,8490.0,8410.0,8410.0,0,0.0,0.0
2022-12-13 10:00:00+09:00,8410.0,8420.0,8380.0,8410.0,4320,0.0,0.0
2022-12-13 11:00:00+09:00,8430.0,8480.0,8400.0,8440.0,3227,0.0,0.0
2022-12-13 12:00:00+09:00,8450.0,8480.0,8420.0,8460.0,712,0.0,0.0
2022-12-13 13:00:00+09:00,8460.0,8460.0,8410.0,8420.0,2499,0.0,0.0
2022-12-13 14:00:00+09:00,8430.0,8450.0,8420.0,8440.0,2208,0.0,0.0
2022-12-14 09:00:00+09:00,8500.0,8510.0,8410.0,8460.0,0,0.0,0.0
2022-12-14 10:00:00+09:00,8470.0,8500.0,8460.0,8480.0,2598,0.0,0.0
2022-12-14 11:00:00+09:00,8470.0,8480.0,8450.0,8480.0,560,0.0,0.0
2022-12-14 12:00:00+09:00,8480.0,8520.0,8470.0,8520.0,2817,0.0,0.0
2022-12-14 13:00:00+09:00,8510.0,8520.0,8480.0,8500.0,1234,0.0,0.0
2022-12-14 14:00:00+09:00,8490.0,8500.0,8490.0,8490.0,0,0.0,0.0
2022-12-15 09:00:00+09:00,8500.0,8560.0,8450.0,8550.0,0,0.0,0.0
2022-12-15 10:00:00+09:00,8520.0,8550.0,8480.0,8480.0,5405,0.0,0.0
2022-12-15 11:00:00+09:00,8480.0,8520.0,8480.0,8500.0,1123,0.0,0.0
2022-12-15 12:00:00+09:00,8500.0,8500.0,8490.0,8490.0,835,0.0,0.0
2022-12-15 13:00:00+09:00,8490.0,8490.0,8450.0,8450.0,5443,0.0,0.0
2022-12-15 14:00:00+09:00,8450.0,8480.0,8440.0,8480.0,3105,0.0,0.0
2022-12-16 09:00:00+09:00,8420.0,8420.0,8280.0,8290.0,1519,0.0,0.0
2022-12-16 10:00:00+09:00,8290.0,8350.0,8280.0,8350.0,5332,0.0,0.0
2022-12-16 11:00:00+09:00,8350.0,8390.0,8330.0,8370.0,3272,0.0,0.0
2022-12-16 12:00:00+09:00,8370.0,8370.0,8340.0,8340.0,1040,0.0,0.0
2022-12-16 13:00:00+09:00,8330.0,8340.0,8280.0,8290.0,4267,0.0,0.0
2022-12-16 14:00:00+09:00,8280.0,8290.0,8270.0,8270.0,5659,0.0,0.0
2022-12-19 09:00:00+09:00,8320.0,8320.0,8170.0,8210.0,4647,0.0,0.0
2022-12-19 10:00:00+09:00,8210.0,8350.0,8210.0,8260.0,1536,0.0,0.0
2022-12-19 11:00:00+09:00,8260.0,8270.0,8260.0,8260.0,763,0.0,0.0
2022-12-19 12:00:00+09:00,8270.0,8290.0,8240.0,8240.0,4311,0.0,0.0
2022-12-19 13:00:00+09:00,8280.0,8280.0,8240.0,8280.0,339,0.0,0.0
2022-12-19 14:00:00+09:00,8250.0,8250.0,8210.0,8240.0,3270,0.0,0.0
2022-12-20 09:00:00+09:00,8020.0,8330.0,8020.0,8190.0,4909,0.0,0.0
2022-12-20 10:00:00+09:00,8190.0,8240.0,8190.0,8190.0,2854,0.0,0.0
2022-12-20 11:00:00+09:00,8190.0,8210.0,8170.0,8210.0,2399,0.0,0.0
2022-12-20 12:00:00+09:00,8190.0,8190.0,8090.0,8100.0,6083,0.0,0.0
2022-12-20 13:00:00+09:00,8100.0,8120.0,8060.0,8080.0,6016,0.0,0.0
2022-12-20 14:00:00+09:00,8080.0,8090.0,8020.0,8040.0,7533,0.0,0.0
2022-12-21 09:00:00+09:00,8090.0,8150.0,8000.0,8050.0,0,0.0,0.0
2022-12-21 10:00:00+09:00,8050.0,8090.0,8010.0,8060.0,3534,0.0,0.0
2022-12-21 11:00:00+09:00,8060.0,8110.0,8040.0,8040.0,1515,0.0,0.0
2022-12-21 12:00:00+09:00,8040.0,8100.0,8030.0,8090.0,881,0.0,0.0
2022-12-21 13:00:00+09:00,8080.0,8080.0,8040.0,8060.0,0,0.0,0.0
2022-12-21 14:00:00+09:00,8060.0,8070.0,8040.0,8050.0,16832,0.0,0.0
2022-12-22 09:00:00+09:00,8060.0,8180.0,8060.0,8120.0,0,0.0,0.0
2022-12-22 10:00:00+09:00,8120.0,8160.0,8120.0,8130.0,1378,0.0,0.0
2022-12-22 11:00:00+09:00,8130.0,8130.0,8080.0,8090.0,3117,0.0,0.0
2022-12-22 12:00:00+09:00,8110.0,8130.0,8110.0,8120.0,821,0.0,0.0
2022-12-22 13:00:00+09:00,8120.0,8130.0,8080.0,8130.0,2467,0.0,0.0
2022-12-22 14:00:00+09:00,8120.0,8120.0,8050.0,8080.0,1077,0.0,0.0
2022-12-23 09:00:00+09:00,8010.0,8060.0,7920.0,7930.0,6864,0.0,0.0
2022-12-23 10:00:00+09:00,7930.0,7950.0,7850.0,7950.0,15763,0.0,0.0
2022-12-23 11:00:00+09:00,7940.0,7950.0,7890.0,7890.0,8519,0.0,0.0
2022-12-23 12:00:00+09:00,7890.0,7900.0,7840.0,7860.0,20764,0.0,0.0
2022-12-23 13:00:00+09:00,7860.0,7900.0,7860.0,7860.0,2329,0.0,0.0
2022-12-23 14:00:00+09:00,7870.0,7880.0,7800.0,7800.0,16908,0.0,0.0
2022-12-26 09:00:00+09:00,7800.0,7920.0,7720.0,7790.0,0,0.0,0.0
2022-12-26 10:00:00+09:00,7790.0,7840.0,7770.0,7790.0,5249,0.0,0.0
2022-12-26 11:00:00+09:00,7790.0,7860.0,7780.0,7830.0,2576,0.0,0.0
2022-12-26 12:00:00+09:00,7820.0,7830.0,7780.0,7820.0,1620,0.0,0.0
2022-12-26 13:00:00+09:00,7820.0,7820.0,7790.0,7820.0,4068,0.0,0.0
2022-12-26 14:00:00+09:00,7820.0,7820.0,7770.0,7790.0,2123,0.0,0.0
2022-12-27 09:00:00+09:00,7760.0,7860.0,7760.0,7810.0,0,0.0,0.0
2022-12-27 10:00:00+09:00,7810.0,7950.0,7800.0,7910.0,5826,0.0,0.0
2022-12-27 11:00:00+09:00,7920.0,7930.0,7870.0,7890.0,3353,0.0,0.0
2022-12-27 12:00:00+09:00,7880.0,7920.0,7860.0,7920.0,1955,0.0,0.0
2022-12-27 13:00:00+09:00,7910.0,7920.0,7860.0,7860.0,765,0.0,0.0
2022-12-27 14:00:00+09:00,7860.0,7900.0,7860.0,7900.0,4486,0.0,0.0
2022-12-28 09:00:00+09:00,7860.0,7980.0,7850.0,7920.0,0,0.0,0.0
2022-12-28 10:00:00+09:00,7930.0,8050.0,7920.0,8020.0,6683,0.0,0.0
2022-12-28 11:00:00+09:00,8000.0,8020.0,7980.0,7980.0,3592,0.0,0.0
2022-12-28 12:00:00+09:00,7990.0,8000.0,7960.0,7970.0,2931,0.0,0.0
2022-12-28 13:00:00+09:00,7990.0,7990.0,7960.0,7980.0,1428,0.0,0.0
2022-12-28 14:00:00+09:00,7980.0,7990.0,7950.0,7970.0,1837,0.0,0.0
2022-12-29 09:00:00+09:00,8110.0,8110.0,7830.0,7830.0,0,0.0,0.0
2022-12-29 10:00:00+09:00,7840.0,7900.0,7790.0,7790.0,7017,0.0,0.0
2022-12-29 11:00:00+09:00,7760.0,7840.0,7760.0,7820.0,4749,0.0,0.0
2022-12-29 12:00:00+09:00,7830.0,7840.0,7780.0,7790.0,3643,0.0,0.0
2022-12-29 13:00:00+09:00,7790.0,7810.0,7780.0,7800.0,3495,0.0,0.0
2022-12-29 14:00:00+09:00,7800.0,7810.0,7780.0,7790.0,9679,0.0,0.0
2023-01-02 10:00:00+09:00,7760.0,7890.0,7760.0,7830.0,3602,0.0,0.0
2023-01-02 11:00:00+09:00,7830.0,7850.0,7800.0,7820.0,2154,0.0,0.0
2023-01-02 12:00:00+09:00,7810.0,7820.0,7720.0,7790.0,4142,0.0,0.0
2023-01-02 13:00:00+09:00,7720.0,7790.0,7720.0,7740.0,2345,0.0,0.0
2023-01-02 14:00:00+09:00,7740.0,7740.0,7670.0,7670.0,12273,0.0,0.0
2023-01-03 09:00:00+09:00,7520.0,7660.0,7500.0,7510.0,0,0.0,0.0
2023-01-03 10:00:00+09:00,7510.0,7510.0,7330.0,7400.0,15902,0.0,0.0
2023-01-03 11:00:00+09:00,7400.0,7480.0,7390.0,7480.0,4402,0.0,0.0
2023-01-03 12:00:00+09:00,7480.0,7920.0,7480.0,7700.0,26409,0.0,0.0
2023-01-03 13:00:00+09:00,7710.0,7710.0,7600.0,7680.0,8130,0.0,0.0
2023-01-03 14:00:00+09:00,7680.0,7740.0,7630.0,7700.0,5150,0.0,0.0
2023-01-04 09:00:00+09:00,7620.0,7740.0,7610.0,7730.0,0,0.0,0.0
2023-01-04 10:00:00+09:00,7740.0,7810.0,7720.0,7800.0,3637,0.0,0.0
2023-01-04 11:00:00+09:00,7800.0,7840.0,7780.0,7830.0,4044,0.0,0.0
2023-01-04 12:00:00+09:00,7830.0,7910.0,7830.0,7870.0,10167,0.0,0.0
2023-01-04 13:00:00+09:00,7860.0,7890.0,7810.0,7860.0,4549,0.0,0.0
2023-01-04 14:00:00+09:00,7870.0,7910.0,7860.0,7890.0,3536,0.0,0.0
2023-01-05 09:00:00+09:00,7970.0,8000.0,7870.0,7960.0,0,0.0,0.0
2023-01-05 10:00:00+09:00,7960.0,7980.0,7910.0,7960.0,2402,0.0,0.0
2023-01-05 11:00:00+09:00,7960.0,7970.0,7900.0,7910.0,2277,0.0,0.0
2023-01-05 12:00:00+09:00,7920.0,7940.0,7900.0,7910.0,4001,0.0,0.0
2023-01-05 13:00:00+09:00,7920.0,7920.0,7890.0,7920.0,2454,0.0,0.0
2023-01-05 14:00:00+09:00,7920.0,7950.0,7900.0,7950.0,643,0.0,0.0
2023-01-06 09:00:00+09:00,7870.0,8040.0,7870.0,8020.0,0,0.0,0.0
2023-01-06 10:00:00+09:00,8020.0,8050.0,7910.0,8050.0,18358,0.0,0.0
2023-01-06 11:00:00+09:00,8050.0,8110.0,8020.0,8070.0,6555,0.0,0.0
2023-01-06 12:00:00+09:00,8110.0,8110.0,8080.0,8090.0,2269,0.0,0.0
2023-01-06 13:00:00+09:00,8090.0,8140.0,8070.0,8130.0,3133,0.0,0.0
2023-01-06 14:00:00+09:00,8130.0,8140.0,8050.0,8060.0,3022,0.0,0.0
2023-01-09 09:00:00+09:00,8110.0,8280.0,8080.0,8200.0,7936,0.0,0.0
2023-01-09 10:00:00+09:00,8190.0,8190.0,8170.0,8180.0,2286,0.0,0.0
2023-01-09 11:00:00+09:00,8180.0,8230.0,8180.0,8220.0,4390,0.0,0.0
2023-01-09 12:00:00+09:00,8190.0,8220.0,8170.0,8210.0,15768,0.0,0.0
2023-01-09 13:00:00+09:00,8210.0,8220.0,8160.0,8190.0,11574,0.0,0.0
2023-01-09 14:00:00+09:00,8190.0,8250.0,8190.0,8240.0,5458,0.0,0.0
2023-01-10 09:00:00+09:00,8220.0,8400.0,8220.0,8400.0,0,0.0,0.0
2023-01-10 10:00:00+09:00,8400.0,8490.0,8360.0,8450.0,19912,0.0,0.0
2023-01-10 11:00:00+09:00,8440.0,8460.0,8400.0,8400.0,5770,0.0,0.0
2023-01-10 12:00:00+09:00,8400.0,8420.0,8360.0,8370.0,10958,0.0,0.0
2023-01-10 13:00:00+09:00,8400.0,8400.0,8340.0,8340.0,6008,0.0,0.0
2023-01-10 14:00:00+09:00,8350.0,8370.0,8310.0,8310.0,3468,0.0,0.0
2023-01-11 09:00:00+09:00,8570.0,8570.0,8410.0,8450.0,0,0.0,0.0
2023-01-11 10:00:00+09:00,8480.0,8530.0,8480.0,8490.0,3498,0.0,0.0
2023-01-11 11:00:00+09:00,8500.0,8530.0,8480.0,8490.0,949,0.0,0.0
2023-01-11 12:00:00+09:00,8490.0,8520.0,8450.0,8490.0,2197,0.0,0.0
2023-01-11 13:00:00+09:00,8520.0,8520.0,8470.0,8470.0,3344,0.0,0.0
2023-01-11 14:00:00+09:00,8470.0,8580.0,8430.0,8500.0,18803,0.0,0.0
2023-01-12 09:00:00+09:00,8570.0,8700.0,8480.0,8550.0,0,0.0,0.0
2023-01-12 10:00:00+09:00,8550.0,8550.0,8500.0,8510.0,14718,0.0,0.0
2023-01-12 11:00:00+09:00,8510.0,8550.0,8500.0,8550.0,8733,0.0,0.0
2023-01-12 12:00:00+09:00,8520.0,8560.0,8520.0,8560.0,2413,0.0,0.0
2023-01-12 13:00:00+09:00,8560.0,8590.0,8540.0,8570.0,8116,0.0,0.0
2023-01-12 14:00:00+09:00,8590.0,8600.0,8550.0,8570.0,3640,0.0,0.0
2023-01-13 09:00:00+09:00,8570.0,8610.0,8480.0,8560.0,0,0.0,0.0
2023-01-13 10:00:00+09:00,8570.0,8580.0,8540.0,8560.0,7958,0.0,0.0
2023-01-13 11:00:00+09:00,8540.0,8580.0,8510.0,8580.0,5127,0.0,0.0
2023-01-13 12:00:00+09:00,8580.0,8580.0,8520.0,8550.0,1662,0.0,0.0
2023-01-13 13:00:00+09:00,8550.0,8590.0,8550.0,8590.0,2092,0.0,0.0
2023-01-13 14:00:00+09:00,8590.0,8590.0,8550.0,8560.0,5060,0.0,0.0
2023-01-16 09:00:00+09:00,8520.0,8580.0,8480.0,8480.0,0,0.0,0.0
2023-01-16 10:00:00+09:00,8480.0,8500.0,8450.0,8500.0,9116,0.0,0.0
2023-01-16 11:00:00+09:00,8500.0,8560.0,8450.0,8470.0,5588,0.0,0.0
2023-01-16 12:00:00+09:00,8470.0,8510.0,8450.0,8500.0,3665,0.0,0.0
2023-01-16 13:00:00+09:00,8480.0,8490.0,8440.0,8450.0,5074,0.0,0.0
2023-01-16 14:00:00+09:00,8450.0,8490.0,8440.0,8440.0,11521,0.0,0.0
2023-01-17 09:00:00+09:00,8400.0,8560.0,8260.0,8280.0,0,0.0,0.0
2023-01-17 10:00:00+09:00,8270.0,8300.0,8150.0,8170.0,49980,0.0,0.0
2023-01-17 11:00:00+09:00,8160.0,8200.0,8100.0,8110.0,36005,0.0,0.0
2023-01-17 12:00:00+09:00,8110.0,8180.0,8070.0,8170.0,32351,0.0,0.0
2023-01-17 13:00:00+09:00,8170.0,8170.0,8130.0,8160.0,4357,0.0,0.0
2023-01-17 14:00:00+09:00,8160.0,8170.0,8120.0,8170.0,7028,0.0,0.0
2023-01-18 09:00:00+09:00,8200.0,8220.0,8110.0,8120.0,0,0.0,0.0
2023-01-18 10:00:00+09:00,8120.0,8180.0,8110.0,8110.0,11175,0.0,0.0
2023-01-18 11:00:00+09:00,8110.0,8180.0,8100.0,8150.0,0,0.0,0.0
2023-01-18 12:00:00+09:00,8150.0,8260.0,8150.0,8210.0,48110,0.0,0.0
2023-01-18 13:00:00+09:00,8210.0,8240.0,8140.0,8160.0,14782,0.0,0.0
2023-01-18 14:00:00+09:00,8160.0,8180.0,8120.0,8130.0,15807,0.0,0.0
2023-01-19 09:00:00+09:00,8080.0,8250.0,8080.0,8200.0,0,0.0,0.0
2023-01-19 10:00:00+09:00,8200.0,8280.0,8180.0,8240.0,9031,0.0,0.0
2023-01-19 11:00:00+09:00,8250.0,8330.0,8240.0,8330.0,8494,0.0,0.0
2023-01-19 12:00:00+09:00,8330.0,8330.0,8180.0,8180.0,17405,0.0,0.0
2023-01-19 13:00:00+09:00,8180.0,8190.0,8160.0,8160.0,10087,0.0,0.0
2023-01-19 14:00:00+09:00,8160.0,8230.0,8140.0,8150.0,29076,0.0,0.0
2023-01-20 09:00:00+09:00,8150.0,8290.0,8150.0,8230.0,0,0.0,0.0
2023-01-20 10:00:00+09:00,8220.0,8290.0,8220.0,8250.0,5341,0.0,0.0
2023-01-20 11:00:00+09:00,8260.0,8330.0,8260.0,8260.0,5922,0.0,0.0
2023-01-20 12:00:00+09:00,8290.0,8300.0,8250.0,8300.0,5309,0.0,0.0
2023-01-20 13:00:00+09:00,8300.0,8310.0,8260.0,8300.0,3498,0.0,0.0
2023-01-20 14:00:00+09:00,8300.0,8310.0,8260.0,8310.0,8741,0.0,0.0
2023-01-25 09:00:00+09:00,8370.0,8410.0,8350.0,8390.0,0,0.0,0.0
2023-01-25 10:00:00+09:00,8380.0,8510.0,8380.0,8480.0,14045,0.0,0.0
2023-01-25 11:00:00+09:00,8480.0,8510.0,8450.0,8460.0,18764,0.0,0.0
2023-01-25 12:00:00+09:00,8460.0,8550.0,8460.0,8530.0,14982,0.0,0.0
2023-01-25 13:00:00+09:00,8530.0,8550.0,8520.0,8540.0,9211,0.0,0.0
2023-01-25 14:00:00+09:00,8540.0,8560.0,8530.0,8560.0,6516,0.0,0.0
2023-01-26 09:00:00+09:00,8580.0,8690.0,8540.0,8650.0,27167,0.0,0.0
2023-01-26 10:00:00+09:00,8650.0,8730.0,8610.0,8620.0,14484,0.0,0.0
2023-01-26 11:00:00+09:00,8650.0,8660.0,8580.0,8630.0,9994,0.0,0.0
2023-01-26 12:00:00+09:00,8630.0,8670.0,8630.0,8650.0,4284,0.0,0.0
2023-01-26 13:00:00+09:00,8650.0,8660.0,8570.0,8580.0,9715,0.0,0.0
2023-01-26 14:00:00+09:00,8580.0,8610.0,8540.0,8590.0,13407,0.0,0.0
2023-01-27 09:00:00+09:00,8700.0,8800.0,8540.0,8620.0,46033,0.0,0.0
2023-01-27 10:00:00+09:00,8600.0,8720.0,8590.0,8720.0,13371,0.0,0.0
2023-01-27 11:00:00+09:00,8720.0,8740.0,8660.0,8680.0,13185,0.0,0.0
2023-01-27 12:00:00+09:00,8680.0,8740.0,8670.0,8700.0,8885,0.0,0.0
2023-01-27 13:00:00+09:00,8690.0,8690.0,8650.0,8670.0,5692,0.0,0.0
2023-01-27 14:00:00+09:00,8670.0,8690.0,8640.0,8680.0,6437,0.0,0.0
2023-01-30 09:00:00+09:00,8680.0,8890.0,8640.0,8840.0,0,0.0,0.0
2023-01-30 10:00:00+09:00,8840.0,8840.0,8750.0,8800.0,11307,0.0,0.0
2023-01-30 11:00:00+09:00,8800.0,8920.0,8800.0,8840.0,24590,0.0,0.0
2023-01-30 12:00:00+09:00,8840.0,8880.0,8810.0,8810.0,9149,0.0,0.0
2023-01-30 13:00:00+09:00,8800.0,8830.0,8800.0,8800.0,7330,0.0,0.0
2023-01-30 14:00:00+09:00,8800.0,8810.0,8690.0,8720.0,35586,0.0,0.0
2023-01-31 09:00:00+09:00,8790.0,8850.0,8690.0,8810.0,0,0.0,0.0
2023-01-31 10:00:00+09:00,8800.0,8820.0,8790.0,8810.0,11127,0.0,0.0
2023-01-31 11:00:00+09:00,8810.0,8830.0,8790.0,8820.0,7081,0.0,0.0
2023-01-31 12:00:00+09:00,8830.0,8870.0,8810.0,8860.0,5962,0.0,0.0
2023-01-31 13:00:00+09:00,8860.0,8860.0,8820.0,8860.0,4970,0.0,0.0
2023-01-31 14:00:00+09:00,8860.0,8870.0,8840.0,8850.0,8420,0.0,0.0
2023-02-01 09:00:00+09:00,8910.0,9030.0,8910.0,8940.0,0,0.0,0.0
2023-02-01 10:00:00+09:00,8940.0,8960.0,8910.0,8920.0,12764,0.0,0.0
2023-02-01 11:00:00+09:00,8920.0,9120.0,8910.0,9080.0,57927,0.0,0.0
2023-02-01 12:00:00+09:00,9080.0,9080.0,9020.0,9040.0,14011,0.0,0.0
2023-02-01 13:00:00+09:00,9030.0,9040.0,9010.0,9010.0,7760,0.0,0.0
2023-02-01 14:00:00+09:00,9010.0,9050.0,9000.0,9030.0,11942,0.0,0.0
2023-02-02 09:00:00+09:00,9100.0,9180.0,9000.0,9060.0,0,0.0,0.0
2023-02-02 10:00:00+09:00,9050.0,9050.0,9010.0,9030.0,8529,0.0,0.0
2023-02-02 11:00:00+09:00,9030.0,9060.0,9010.0,9040.0,3133,0.0,0.0
2023-02-02 12:00:00+09:00,9030.0,9060.0,9020.0,9030.0,4832,0.0,0.0
2023-02-02 13:00:00+09:00,9030.0,9060.0,9020.0,9050.0,8769,0.0,0.0
2023-02-02 14:00:00+09:00,9050.0,9070.0,9040.0,9050.0,5443,0.0,0.0
2023-02-03 09:00:00+09:00,9040.0,9100.0,9010.0,9100.0,14558,0.0,0.0
2023-02-03 10:00:00+09:00,9100.0,9160.0,9050.0,9120.0,14715,0.0,0.0
2023-02-03 11:00:00+09:00,9130.0,9200.0,9110.0,9160.0,19414,0.0,0.0
2023-02-03 12:00:00+09:00,9140.0,9170.0,9120.0,9150.0,4883,0.0,0.0
2023-02-03 13:00:00+09:00,9140.0,9150.0,9110.0,9140.0,3509,0.0,0.0
2023-02-03 14:00:00+09:00,9130.0,9160.0,9120.0,9120.0,12200,0.0,0.0
2023-02-06 09:00:00+09:00,9290.0,9290.0,9080.0,9200.0,0,0.0,0.0
2023-02-06 10:00:00+09:00,9200.0,9220.0,9150.0,9160.0,11975,0.0,0.0
2023-02-06 11:00:00+09:00,9160.0,9220.0,9160.0,9200.0,5672,0.0,0.0
2023-02-06 12:00:00+09:00,9200.0,9280.0,9200.0,9230.0,18422,0.0,0.0
2023-02-06 13:00:00+09:00,9240.0,9250.0,9150.0,9150.0,19175,0.0,0.0
2023-02-06 14:00:00+09:00,9150.0,9200.0,9110.0,9170.0,13233,0.0,0.0
2023-02-07 09:00:00+09:00,9140.0,9140.0,8970.0,9050.0,38655,0.0,0.0
2023-02-07 10:00:00+09:00,9050.0,9060.0,9010.0,9050.0,8196,0.0,0.0
2023-02-07 11:00:00+09:00,9050.0,9050.0,9000.0,9010.0,10359,0.0,0.0
2023-02-07 12:00:00+09:00,9010.0,9030.0,9010.0,9030.0,6516,0.0,0.0
2023-02-07 13:00:00+09:00,9030.0,9030.0,9010.0,9010.0,5856,0.0,0.0
2023-02-07 14:00:00+09:00,9010.0,9050.0,9000.0,9050.0,6655,0.0,0.0
2023-02-08 09:00:00+09:00,9050.0,9110.0,9020.0,9030.0,11426,0.0,0.0
2023-02-08 10:00:00+09:00,9030.0,9090.0,9020.0,9040.0,5111,0.0,0.0
2023-02-08 11:00:00+09:00,9040.0,9070.0,9020.0,9050.0,4693,0.0,0.0
2023-02-08 12:00:00+09:00,9050.0,9060.0,9020.0,9050.0,2632,0.0,0.0
2023-02-08 13:00:00+09:00,9050.0,9050.0,9020.0,9040.0,2591,0.0,0.0
2023-02-08 14:00:00+09:00,9030.0,9040.0,9020.0,9020.0,4985,0.0,0.0
2023-02-09 09:00:00+09:00,9020.0,9040.0,8960.0,8960.0,12468,0.0,0.0
2023-02-09 10:00:00+09:00,8960.0,8990.0,8920.0,8940.0,15944,0.0,0.0
2023-02-09 11:00:00+09:00,8950.0,8960.0,8910.0,8910.0,10331,0.0,0.0
2023-02-09 12:00:00+09:00,8910.0,8910.0,8820.0,8850.0,19772,0.0,0.0
2023-02-09 13:00:00+09:00,8840.0,8890.0,8840.0,8880.0,3624,0.0,0.0
2023-02-09 14:00:00+09:00,8890.0,8950.0,8880.0,8900.0,6010,0.0,0.0
2023-02-10 09:00:00+09:00,8950.0,8950.0,8760.0,8790.0,19752,0.0,0.0
2023-02-10 10:00:00+09:00,8770.0,8820.0,8750.0,8800.0,8359,0.0,0.0
2023-02-10 11:00:00+09:00,8810.0,8850.0,8800.0,8810.0,4447,0.0,0.0
2023-02-10 12:00:00+09:00,8810.0,8820.0,8760.0,8820.0,9663,0.0,0.0
2023-02-10 13:00:00+09:00,8790.0,8820.0,8780.0,8820.0,4347,0.0,0.0
2023-02-10 14:00:00+09:00,8800.0,8820.0,8760.0,8800.0,6572,0.0,0.0
2023-02-13 09:00:00+09:00,8760.0,9350.0,8760.0,8910.0,115066,0.0,0.0
2023-02-13 10:00:00+09:00,8920.0,8960.0,8870.0,8930.0,21249,0.0,0.0
2023-02-13 11:00:00+09:00,8930.0,8990.0,8910.0,8970.0,11720,0.0,0.0
2023-02-13 12:00:00+09:00,8980.0,9030.0,8960.0,9000.0,12263,0.0,0.0
2023-02-13 13:00:00+09:00,9000.0,9160.0,8950.0,9030.0,12858,0.0,0.0
2023-02-13 14:00:00+09:00,9020.0,9040.0,8980.0,9040.0,9023,0.0,0.0
2023-02-14 09:00:00+09:00,9020.0,9100.0,8990.0,9000.0,22521,0.0,0.0
2023-02-14 10:00:00+09:00,9010.0,9020.0,8980.0,8990.0,6410,0.0,0.0
2023-02-14 11:00:00+09:00,8990.0,9010.0,8990.0,9010.0,899,0.0,0.0
2023-02-14 12:00:00+09:00,9010.0,9060.0,9000.0,9050.0,2641,0.0,0.0
2023-02-14 13:00:00+09:00,9040.0,9050.0,8950.0,8960.0,6388,0.0,0.0
2023-02-14 14:00:00+09:00,8960.0,8990.0,8960.0,8970.0,3350,0.0,0.0
2023-02-15 09:00:00+09:00,8870.0,8890.0,8610.0,8610.0,0,0.0,0.0
2023-02-15 10:00:00+09:00,8610.0,8700.0,8600.0,8620.0,12462,0.0,0.0
2023-02-15 11:00:00+09:00,8650.0,8650.0,8540.0,8590.0,18927,0.0,0.0
2023-02-15 12:00:00+09:00,8600.0,8600.0,8560.0,8600.0,9323,0.0,0.0
2023-02-15 13:00:00+09:00,8580.0,8610.0,8550.0,8580.0,5098,0.0,0.0
2023-02-15 14:00:00+09:00,8580.0,8600.0,8560.0,8570.0,6898,0.0,0.0
2023-02-16 09:00:00+09:00,8480.0,8720.0,8480.0,8690.0,0,0.0,0.0
2023-02-16 10:00:00+09:00,8690.0,8710.0,8670.0,8710.0,3419,0.0,0.0
2023-02-16 11:00:00+09:00,8700.0,8720.0,8670.0,8710.0,2407,0.0,0.0
2023-02-16 12:00:00+09:00,8720.0,8740.0,8720.0,8720.0,4036,0.0,0.0
2023-02-16 13:00:00+09:00,8720.0,8740.0,8720.0,8730.0,2299,0.0,0.0
2023-02-16 14:00:00+09:00,8740.0,8750.0,8730.0,8740.0,3538,0.0,0.0
2023-02-17 09:00:00+09:00,8600.0,8820.0,8600.0,8820.0,0,0.0,0.0
2023-02-17 10:00:00+09:00,8810.0,8860.0,8700.0,8700.0,8740,0.0,0.0
2023-02-17 11:00:00+09:00,8710.0,8800.0,8700.0,8790.0,3307,0.0,0.0
2023-02-17 12:00:00+09:00,8800.0,8840.0,8770.0,8790.0,4115,0.0,0.0
2023-02-17 13:00:00+09:00,8790.0,8820.0,8770.0,8770.0,1110,0.0,0.0
2023-02-17 14:00:00+09:00,8800.0,8830.0,8760.0,8800.0,6344,0.0,0.0
2023-02-20 09:00:00+09:00,8800.0,8850.0,8720.0,8780.0,0,0.0,0.0
2023-02-20 10:00:00+09:00,8760.0,8890.0,8740.0,8820.0,4471,0.0,0.0
2023-02-20 11:00:00+09:00,8830.0,8860.0,8810.0,8840.0,2677,0.0,0.0
2023-02-20 12:00:00+09:00,8830.0,8880.0,8820.0,8850.0,4120,0.0,0.0
2023-02-20 13:00:00+09:00,8850.0,8890.0,8850.0,8860.0,7671,0.0,0.0
2023-02-20 14:00:00+09:00,8860.0,8890.0,8830.0,8870.0,4977,0.0,0.0
2023-02-21 09:00:00+09:00,8940.0,8990.0,8890.0,8950.0,0,0.0,0.0
2023-02-21 10:00:00+09:00,8950.0,8960.0,8910.0,8960.0,2343,0.0,0.0
2023-02-21 11:00:00+09:00,8960.0,8970.0,8920.0,8970.0,5090,0.0,0.0
2023-02-21 12:00:00+09:00,8950.0,8960.0,8850.0,8920.0,7806,0.0,0.0
2023-02-21 13:00:00+09:00,8910.0,8950.0,8910.0,8940.0,1392,0.0,0.0
2023-02-21 14:00:00+09:00,8940.0,8960.0,8910.0,8960.0,9478,0.0,0.0
2023-02-22 09:00:00+09:00,8930.0,9300.0,8930.0,9000.0,11689,0.0,0.0
2023-02-22 10:00:00+09:00,8990.0,8990.0,8920.0,8940.0,11463,0.0,0.0
2023-02-22 11:00:00+09:00,8940.0,8940.0,8880.0,8890.0,11967,0.0,0.0
2023-02-22 12:00:00+09:00,8880.0,8880.0,8750.0,8800.0,16907,0.0,0.0
2023-02-22 13:00:00+09:00,8800.0,8800.0,8710.0,8740.0,8104,0.0,0.0
2023-02-22 14:00:00+09:00,8730.0,8830.0,8700.0,8820.0,11873,0.0,0.0
2023-02-23 09:00:00+09:00,8830.0,8830.0,8650.0,8780.0,0,0.0,0.0
2023-02-23 10:00:00+09:00,8770.0,8810.0,8750.0,8780.0,6879,0.0,0.0
2023-02-23 11:00:00+09:00,8780.0,8820.0,8780.0,8820.0,4635,0.0,0.0
2023-02-23 12:00:00+09:00,8820.0,8830.0,8760.0,8830.0,4889,0.0,0.0
2023-02-23 13:00:00+09:00,8820.0,8850.0,8780.0,8840.0,1373,0.0,0.0
2023-02-23 14:00:00+09:00,8840.0,8920.0,8820.0,8840.0,9702,0.0,0.0
2023-02-24 09:00:00+09:00,8880.0,8880.0,8740.0,8770.0,0,0.0,0.0
2023-02-24 10:00:00+09:00,8800.0,8900.0,8760.0,8790.0,6774,0.0,0.0
2023-02-24 11:00:00+09:00,8780.0,8810.0,8740.0,8760.0,13154,0.0,0.0
2023-02-24 12:00:00+09:00,8800.0,8800.0,8740.0,8750.0,1858,0.0,0.0
2023-02-24 13:00:00+09:00,8750.0,8790.0,8710.0,8770.0,7071,0.0,0.0
2023-02-24 14:00:00+09:00,8720.0,8790.0,8710.0,8790.0,7917,0.0,0.0
2023-02-27 09:00:00+09:00,8730.0,8760.0,8650.0,8730.0,0,0.0,0.0
2023-02-27 10:00:00+09:00,8730.0,8760.0,8690.0,8750.0,4747,0.0,0.0
2023-02-27 11:00:00+09:00,8740.0,8770.0,8710.0,8750.0,2928,0.0,0.0
2023-02-27 12:00:00+09:00,8750.0,8750.0,8720.0,8720.0,1377,0.0,0.0
2023-02-27 13:00:00+09:00,8720.0,8750.0,8710.0,8740.0,1556,0.0,0.0
2023-02-27 14:00:00+09:00,8740.0,8740.0,8700.0,8700.0,2972,0.0,0.0
2023-02-28 09:00:00+09:00,8650.0,8810.0,8650.0,8770.0,0,0.0,0.0
2023-02-28 10:00:00+09:00,8770.0,8790.0,8750.0,8750.0,2884,0.0,0.0
2023-02-28 11:00:00+09:00,8750.0,8770.0,8750.0,8760.0,966,0.0,0.0
2023-02-28 12:00:00+09:00,8760.0,8770.0,8720.0,8770.0,4912,0.0,0.0
2023-02-28 13:00:00+09:00,8740.0,8760.0,8730.0,8750.0,1356,0.0,0.0
2023-02-28 14:00:00+09:00,8760.0,8770.0,8720.0,8720.0,3169,0.0,0.0
2023-03-02 09:00:00+09:00,8660.0,8830.0,8570.0,8830.0,0,0.0,0.0
2023-03-02 10:00:00+09:00,8800.0,8940.0,8800.0,8830.0,14069,0.0,0.0
2023-03-02 11:00:00+09:00,8830.0,8830.0,8770.0,8810.0,1740,0.0,0.0
2023-03-02 12:00:00+09:00,8810.0,8830.0,8790.0,8820.0,4034,0.0,0.0
2023-03-02 13:00:00+09:00,8820.0,8900.0,8820.0,8880.0,5326,0.0,0.0
2023-03-02 14:00:00+09:00,8890.0,8920.0,8850.0,8850.0,9650,0.0,0.0
2023-03-03 09:00:00+09:00,8900.0,8910.0,8840.0,8860.0,0,0.0,0.0
2023-03-03 10:00:00+09:00,8870.0,8880.0,8840.0,8840.0,3685,0.0,0.0
2023-03-03 11:00:00+09:00,8850.0,8850.0,8810.0,8830.0,4430,0.0,0.0
2023-03-03 12:00:00+09:00,8830.0,8860.0,8820.0,8850.0,2289,0.0,0.0
2023-03-03 13:00:00+09:00,8830.0,8840.0,8820.0,8830.0,824,0.0,0.0
2023-03-03 14:00:00+09:00,8840.0,8850.0,8830.0,8830.0,1240,0.0,0.0
2023-03-06 09:00:00+09:00,8830.0,8880.0,8730.0,8760.0,0,0.0,0.0
2023-03-06 10:00:00+09:00,8750.0,8790.0,8710.0,8790.0,5969,0.0,0.0
2023-03-06 11:00:00+09:00,8770.0,8810.0,8750.0,8770.0,4802,0.0,0.0
2023-03-06 12:00:00+09:00,8770.0,8800.0,8760.0,8780.0,1700,0.0,0.0
2023-03-06 13:00:00+09:00,8780.0,8800.0,8760.0,8800.0,3084,0.0,0.0
2023-03-06 14:00:00+09:00,8790.0,8800.0,8770.0,8800.0,2658,0.0,0.0
2023-03-07 09:00:00+09:00,8810.0,9020.0,8810.0,9010.0,0,0.0,0.0
2023-03-07 10:00:00+09:00,9010.0,9070.0,8950.0,9010.0,19956,0.0,0.0
2023-03-07 11:00:00+09:00,9010.0,9200.0,9010.0,9170.0,39745,0.0,0.0
2023-03-07 12:00:00+09:00,9170.0,9840.0,9100.0,9780.0,1439703,0.0,0.0
2023-03-07 13:00:00+09:00,9780.0,10280.0,9310.0,9440.0,1662660,0.0,0.0
2023-03-07 14:00:00+09:00,9430.0,9470.0,9340.0,9410.0,121106,0.0,0.0
2023-03-08 09:00:00+09:00,9370.0,9470.0,9160.0,9260.0,129193,0.0,0.0
2023-03-08 10:00:00+09:00,9270.0,9280.0,9200.0,9240.0,30741,0.0,0.0
2023-03-08 11:00:00+09:00,9260.0,9290.0,9190.0,9230.0,23701,0.0,0.0
2023-03-08 12:00:00+09:00,9230.0,9260.0,9200.0,9240.0,15204,0.0,0.0
2023-03-08 13:00:00+09:00,9250.0,9360.0,9220.0,9360.0,16741,0.0,0.0
2023-03-08 14:00:00+09:00,9350.0,9360.0,9230.0,9280.0,20286,0.0,0.0
2023-03-09 09:00:00+09:00,9260.0,9310.0,9140.0,9150.0,64737,0.0,0.0
2023-03-09 10:00:00+09:00,9140.0,9160.0,9050.0,9110.0,25699,0.0,0.0
2023-03-09 11:00:00+09:00,9110.0,9220.0,9090.0,9210.0,7841,0.0,0.0
2023-03-09 12:00:00+09:00,9210.0,9210.0,9110.0,9210.0,6681,0.0,0.0
2023-03-09 13:00:00+09:00,9200.0,9240.0,9160.0,9210.0,9606,0.0,0.0
2023-03-09 14:00:00+09:00,9200.0,9400.0,9180.0,9370.0,37730,0.0,0.0
2023-03-10 09:00:00+09:00,9240.0,9340.0,9110.0,9210.0,34641,0.0,0.0
2023-03-10 10:00:00+09:00,9200.0,9240.0,9160.0,9200.0,14103,0.0,0.0
2023-03-10 11:00:00+09:00,9170.0,9200.0,9120.0,9130.0,13343,0.0,0.0
2023-03-10 12:00:00+09:00,9120.0,9150.0,9090.0,9100.0,9851,0.0,0.0
2023-03-10 13:00:00+09:00,9100.0,9120.0,9070.0,9070.0,12134,0.0,0.0
2023-03-10 14:00:00+09:00,9070.0,9110.0,9020.0,9100.0,12819,0.0,0.0
2023-03-13 09:00:00+09:00,8950.0,9000.0,8670.0,8670.0,0,0.0,0.0
2023-03-13 10:00:00+09:00,8680.0,8730.0,8580.0,8700.0,26414,0.0,0.0
2023-03-13 11:00:00+09:00,8700.0,8770.0,8680.0,8740.0,7753,0.0,0.0
2023-03-13 12:00:00+09:00,8740.0,8840.0,8740.0,8830.0,6083,0.0,0.0
2023-03-13 13:00:00+09:00,8810.0,8810.0,8710.0,8780.0,5543,0.0,0.0
2023-03-13 14:00:00+09:00,8740.0,8800.0,8730.0,8740.0,4749,0.0,0.0
2023-03-14 09:00:00+09:00,8710.0,8750.0,8300.0,8330.0,0,0.0,0.0
2023-03-14 10:00:00+09:00,8300.0,8450.0,8290.0,8370.0,12925,0.0,0.0
2023-03-14 11:00:00+09:00,8370.0,8430.0,8350.0,8380.0,2853,0.0,0.0
2023-03-14 12:00:00+09:00,8390.0,8400.0,8350.0,8380.0,5178,0.0,0.0
2023-03-14 13:00:00+09:00,8390.0,8400.0,8320.0,8320.0,11338,0.0,0.0
2023-03-14 14:00:00+09:00,8350.0,8350.0,8220.0,8220.0,20614,0.0,0.0
2023-03-15 09:00:00+09:00,8190.0,8340.0,8190.0,8270.0,0,0.0,0.0
2023-03-15 10:00:00+09:00,8300.0,8360.0,8300.0,8320.0,9822,0.0,0.0
2023-03-15 11:00:00+09:00,8320.0,8360.0,8310.0,8350.0,5618,0.0,0.0
2023-03-15 12:00:00+09:00,8350.0,8400.0,8300.0,8400.0,9110,0.0,0.0
2023-03-15 13:00:00+09:00,8390.0,8410.0,8350.0,8400.0,3598,0.0,0.0
2023-03-15 14:00:00+09:00,8400.0,8420.0,8270.0,8340.0,9087,0.0,0.0
2023-03-16 09:00:00+09:00,8150.0,8300.0,8000.0,8190.0,0,0.0,0.0
2023-03-16 10:00:00+09:00,8190.0,8270.0,8160.0,8270.0,5482,0.0,0.0
2023-03-16 11:00:00+09:00,8240.0,8260.0,8220.0,8230.0,3209,0.0,0.0
2023-03-16 12:00:00+09:00,8230.0,8260.0,8180.0,8230.0,7085,0.0,0.0
2023-03-16 13:00:00+09:00,8220.0,8220.0,8160.0,8180.0,2092,0.0,0.0
2023-03-16 14:00:00+09:00,8190.0,8200.0,8150.0,8200.0,2160,0.0,0.0
2023-03-17 09:00:00+09:00,8280.0,8400.0,8200.0,8350.0,14799,0.0,0.0
2023-03-17 10:00:00+09:00,8350.0,8480.0,8250.0,8400.0,11563,0.0,0.0
2023-03-17 11:00:00+09:00,8440.0,8560.0,8440.0,8520.0,6146,0.0,0.0
2023-03-17 12:00:00+09:00,8520.0,8530.0,8480.0,8490.0,1762,0.0,0.0
2023-03-17 13:00:00+09:00,8500.0,8540.0,8470.0,8490.0,6179,0.0,0.0
2023-03-17 14:00:00+09:00,8490.0,8500.0,8440.0,8450.0,6488,0.0,0.0
2023-03-20 09:00:00+09:00,8460.0,8630.0,8450.0,8560.0,0,0.0,0.0
2023-03-20 10:00:00+09:00,8560.0,8640.0,8510.0,8510.0,22736,0.0,0.0
2023-03-20 11:00:00+09:00,8510.0,8620.0,8500.0,8590.0,3471,0.0,0.0
2023-03-20 12:00:00+09:00,8590.0,8590.0,8510.0,8510.0,1246,0.0,0.0
2023-03-20 13:00:00+09:00,8510.0,8540.0,8390.0,8410.0,8592,0.0,0.0
2023-03-20 14:00:00+09:00,8400.0,8520.0,8390.0,8450.0,5882,0.0,0.0
2023-03-21 09:00:00+09:00,8540.0,8550.0,8400.0,8440.0,7564,0.0,0.0
2023-03-21 10:00:00+09:00,8480.0,8480.0,8440.0,8470.0,1975,0.0,0.0
2023-03-21 11:00:00+09:00,8470.0,8470.0,8430.0,8440.0,1546,0.0,0.0
2023-03-21 12:00:00+09:00,8440.0,8440.0,8380.0,8420.0,7641,0.0,0.0
2023-03-21 13:00:00+09:00,8390.0,8400.0,8350.0,8380.0,3483,0.0,0.0
2023-03-21 14:00:00+09:00,8370.0,8430.0,8360.0,8360.0,7787,0.0,0.0
2023-03-22 09:00:00+09:00,8570.0,8570.0,8200.0,8220.0,0,0.0,0.0
2023-03-22 10:00:00+09:00,8220.0,8330.0,8170.0,8220.0,10928,0.0,0.0
2023-03-22 11:00:00+09:00,8220.0,8250.0,8200.0,8220.0,5821,0.0,0.0
2023-03-22 12:00:00+09:00,8220.0,8230.0,8160.0,8160.0,12740,0.0,0.0
2023-03-22 13:00:00+09:00,8170.0,8220.0,8150.0,8190.0,10236,0.0,0.0
2023-03-22 14:00:00+09:00,8220.0,8230.0,8190.0,8220.0,7015,0.0,0.0
2023-03-23 09:00:00+09:00,8150.0,8240.0,8140.0,8160.0,12701,0.0,0.0
2023-03-23 10:00:00+09:00,8150.0,8230.0,8140.0,8200.0,7968,0.0,0.0
2023-03-23 11:00:00+09:00,8230.0,8270.0,8200.0,8240.0,6490,0.0,0.0
2023-03-23 12:00:00+09:00,8240.0,8250.0,8210.0,8220.0,2182,0.0,0.0
2023-03-23 13:00:00+09:00,8210.0,8230.0,8180.0,8190.0,5631,0.0,0.0
2023-03-23 14:00:00+09:00,8190.0,8220.0,8150.0,8150.0,10317,0.0,0.0
2023-03-24 09:00:00+09:00,8120.0,8240.0,8110.0,8210.0,11353,0.0,0.0
2023-03-24 10:00:00+09:00,8210.0,8260.0,8150.0,8190.0,4721,0.0,0.0
2023-03-24 11:00:00+09:00,8170.0,8300.0,8170.0,8230.0,5227,0.0,0.0
2023-03-24 12:00:00+09:00,8260.0,8260.0,8210.0,8230.0,2954,0.0,0.0
2023-03-24 13:00:00+09:00,8230.0,8230.0,8210.0,8230.0,0,0.0,0.0
2023-03-24 14:00:00+09:00,8230.0,8230.0,8210.0,8230.0,5834,0.0,0.0
2023-03-27 09:00:00+09:00,8170.0,8350.0,8030.0,8090.0,0,0.0,0.0
2023-03-27 10:00:00+09:00,8050.0,8090.0,8030.0,8080.0,6268,0.0,0.0
2023-03-27 11:00:00+09:00,8080.0,8080.0,8020.0,8070.0,3889,0.0,0.0
2023-03-27 12:00:00+09:00,8080.0,8110.0,8040.0,8110.0,10543,0.0,0.0
2023-03-27 13:00:00+09:00,8130.0,8140.0,8040.0,8100.0,1504,0.0,0.0
2023-03-27 14:00:00+09:00,8100.0,8110.0,8090.0,8110.0,1482,0.0,0.0
2023-03-28 09:00:00+09:00,8180.0,8290.0,8130.0,8230.0,0,0.0,0.0
2023-03-28 10:00:00+09:00,8210.0,8270.0,8190.0,8260.0,5087,0.0,0.0
2023-03-28 11:00:00+09:00,8230.0,8260.0,8170.0,8240.0,5838,0.0,0.0
2023-03-28 12:00:00+09:00,8240.0,8320.0,8190.0,8280.0,6647,0.0,0.0
2023-03-28 13:00:00+09:00,8290.0,8300.0,8210.0,8280.0,2420,0.0,0.0
2023-03-28 14:00:00+09:00,8280.0,8290.0,8230.0,8290.0,1727,0.0,0.0
2023-03-29 09:00:00+09:00,8350.0,8390.0,8270.0,8370.0,11411,0.0,0.0
2023-03-29 10:00:00+09:00,8380.0,8450.0,8380.0,8400.0,9875,0.0,0.0
2023-03-29 11:00:00+09:00,8400.0,8420.0,8370.0,8380.0,6263,0.0,0.0
2023-03-29 12:00:00+09:00,8390.0,8420.0,8380.0,8420.0,2992,0.0,0.0
2023-03-29 13:00:00+09:00,8420.0,8430.0,8370.0,8420.0,5802,0.0,0.0
2023-03-29 14:00:00+09:00,8420.0,8420.0,8380.0,8390.0,6489,0.0,0.0
2023-03-30 09:00:00+09:00,8440.0,8500.0,8360.0,8380.0,10137,0.0,0.0
2023-03-30 10:00:00+09:00,8380.0,8450.0,8380.0,8440.0,29180,0.0,0.0
2023-03-30 11:00:00+09:00,8400.0,8440.0,8400.0,8440.0,3445,0.0,0.0
2023-03-30 12:00:00+09:00,8440.0,8470.0,8430.0,8470.0,5492,0.0,0.0
2023-03-30 13:00:00+09:00,8470.0,8520.0,8470.0,8480.0,9127,0.0,0.0
2023-03-30 14:00:00+09:00,8480.0,8510.0,8470.0,8500.0,6628,0.0,0.0
2023-03-31 09:00:00+09:00,8500.0,8510.0,8380.0,8380.0,15278,0.0,0.0
2023-03-31 10:00:00+09:00,8380.0,8430.0,8380.0,8390.0,3996,0.0,0.0
2023-03-31 11:00:00+09:00,8400.0,8410.0,8360.0,8400.0,6935,0.0,0.0
2023-03-31 12:00:00+09:00,8360.0,8380.0,8350.0,8380.0,4064,0.0,0.0
2023-03-31 13:00:00+09:00,8380.0,8390.0,8320.0,8380.0,0,0.0,0.0
2023-03-31 14:00:00+09:00,8370.0,8380.0,8310.0,8320.0,47188,0.0,0.0
2023-04-03 09:00:00+09:00,8450.0,8450.0,8200.0,8360.0,0,0.0,0.0
2023-04-03 10:00:00+09:00,8360.0,8380.0,8310.0,8370.0,4829,0.0,0.0
2023-04-03 11:00:00+09:00,8370.0,8380.0,8340.0,8360.0,1907,0.0,0.0
2023-04-03 12:00:00+09:00,8380.0,8400.0,8370.0,8380.0,5471,0.0,0.0
2023-04-03 13:00:00+09:00,8390.0,8400.0,8340.0,8360.0,4931,0.0,0.0
2023-04-03 14:00:00+09:00,8390.0,8410.0,8350.0,8370.0,3177,0.0,0.0
2023-04-04 09:00:00+09:00,8340.0,8410.0,8320.0,8390.0,0,0.0,0.0
2023-04-04 10:00:00+09:00,8380.0,8410.0,8350.0,8390.0,18630,0.0,0.0
2023-04-04 11:00:00+09:00,8390.0,8440.0,8350.0,8360.0,10763,0.0,0.0
2023-04-04 12:00:00+09:00,8360.0,8420.0,8360.0,8400.0,1681,0.0,0.0
2023-04-04 13:00:00+09:00,8390.0,8420.0,8370.0,8400.0,4550,0.0,0.0
2023-04-04 14:00:00+09:00,8400.0,8400.0,8350.0,8370.0,6790,0.0,0.0
2023-04-05 09:00:00+09:00,8400.0,8430.0,8300.0,8320.0,7877,0.0,0.0
2023-04-05 10:00:00+09:00,8330.0,8340.0,8300.0,8310.0,5205,0.0,0.0
2023-04-05 11:00:00+09:00,8320.0,8370.0,8300.0,8330.0,3689,0.0,0.0
2023-04-05 12:00:00+09:00,8340.0,8370.0,8330.0,8370.0,843,0.0,0.0
2023-04-05 13:00:00+09:00,8370.0,8390.0,8350.0,8380.0,2986,0.0,0.0
2023-04-05 14:00:00+09:00,8380.0,8380.0,8310.0,8340.0,6954,0.0,0.0
2023-04-06 09:00:00+09:00,8300.0,8360.0,8150.0,8200.0,29098,0.0,0.0
2023-04-06 10:00:00+09:00,8200.0,8220.0,8180.0,8200.0,2977,0.0,0.0
2023-04-06 11:00:00+09:00,8200.0,8220.0,8180.0,8180.0,2262,0.0,0.0
2023-04-06 12:00:00+09:00,8180.0,8200.0,8130.0,8140.0,14854,0.0,0.0
2023-04-06 13:00:00+09:00,8130.0,8190.0,8130.0,8150.0,2971,0.0,0.0
2023-04-06 14:00:00+09:00,8140.0,8160.0,8080.0,8150.0,14201,0.0,0.0
2023-04-07 09:00:00+09:00,8200.0,8200.0,8070.0,8100.0,11891,0.0,0.0
2023-04-07 10:00:00+09:00,8100.0,8120.0,8080.0,8100.0,5904,0.0,0.0
2023-04-07 11:00:00+09:00,8110.0,8130.0,8080.0,8090.0,3822,0.0,0.0
2023-04-07 12:00:00+09:00,8090.0,8100.0,8070.0,8090.0,6804,0.0,0.0
2023-04-07 13:00:00+09:00,8090.0,8090.0,8050.0,8060.0,11254,0.0,0.0
2023-04-07 14:00:00+09:00,8060.0,8070.0,8050.0,8060.0,5006,0.0,0.0
2023-04-10 09:00:00+09:00,8080.0,8080.0,7900.0,7900.0,0,0.0,0.0
2023-04-10 10:00:00+09:00,7900.0,7930.0,7830.0,7850.0,36371,0.0,0.0
2023-04-10 11:00:00+09:00,7850.0,7860.0,7780.0,7830.0,19937,0.0,0.0
2023-04-10 12:00:00+09:00,7820.0,7870.0,7820.0,7850.0,7497,0.0,0.0
2023-04-10 13:00:00+09:00,7850.0,7880.0,7830.0,7880.0,8808,0.0,0.0
2023-04-10 14:00:00+09:00,7880.0,7880.0,7820.0,7850.0,7465,0.0,0.0
2023-04-11 09:00:00+09:00,7840.0,7980.0,7760.0,7840.0,19838,0.0,0.0
2023-04-11 10:00:00+09:00,7780.0,7990.0,7780.0,7990.0,19224,0.0,0.0
2023-04-11 11:00:00+09:00,7980.0,7980.0,7900.0,7910.0,1783,0.0,0.0
2023-04-11 12:00:00+09:00,7900.0,7940.0,7900.0,7930.0,5116,0.0,0.0
2023-04-11 13:00:00+09:00,7930.0,7980.0,7910.0,7980.0,7068,0.0,0.0
2023-04-11 14:00:00+09:00,7980.0,8000.0,7950.0,7980.0,8243,0.0,0.0
2023-04-12 09:00:00+09:00,7970.0,8030.0,7950.0,8010.0,16408,0.0,0.0
2023-04-12 10:00:00+09:00,8020.0,8060.0,7980.0,8000.0,7568,0.0,0.0
2023-04-12 11:00:00+09:00,8010.0,8050.0,7990.0,8010.0,2325,0.0,0.0
2023-04-12 12:00:00+09:00,8040.0,8040.0,7990.0,7990.0,3241,0.0,0.0
2023-04-12 13:00:00+09:00,7990.0,8020.0,7980.0,8010.0,3833,0.0,0.0
2023-04-12 14:00:00+09:00,8010.0,8030.0,7970.0,7990.0,7331,0.0,0.0
2023-04-13 09:00:00+09:00,7980.0,7990.0,7850.0,7970.0,0,0.0,0.0
2023-04-13 10:00:00+09:00,7970.0,7980.0,7920.0,7930.0,4272,0.0,0.0
2023-04-13 11:00:00+09:00,7940.0,7960.0,7910.0,7950.0,5607,0.0,0.0
2023-04-13 12:00:00+09:00,7950.0,7960.0,7930.0,7950.0,3045,0.0,0.0
2023-04-13 13:00:00+09:00,7950.0,7950.0,7910.0,7950.0,7866,0.0,0.0
2023-04-13 14:00:00+09:00,7930.0,7940.0,7920.0,7940.0,2613,0.0,0.0
2023-04-14 09:00:00+09:00,7950.0,8050.0,7950.0,8000.0,0,0.0,0.0
2023-04-14 10:00:00+09:00,7990.0,8110.0,7960.0,8090.0,13474,0.0,0.0
2023-04-14 11:00:00+09:00,8070.0,8080.0,7970.0,7980.0,4729,0.0,0.0
2023-04-14 12:00:00+09:00,7990.0,8040.0,7980.0,8010.0,1964,0.0,0.0
2023-04-14 13:00:00+09:00,8010.0,8010.0,7970.0,8000.0,5283,0.0,0.0
2023-04-14 14:00:00+09:00,8010.0,8010.0,7980.0,7990.0,2524,0.0,0.0
2023-04-17 09:00:00+09:00,8040.0,8040.0,7980.0,7990.0,0,0.0,0.0
2023-04-17 10:00:00+09:00,8030.0,8100.0,7990.0,8090.0,19714,0.0,0.0
2023-04-17 11:00:00+09:00,8080.0,8270.0,8080.0,8150.0,10309,0.0,0.0
2023-04-17 12:00:00+09:00,8160.0,8160.0,8100.0,8140.0,4264,0.0,0.0
2023-04-17 13:00:00+09:00,8140.0,8160.0,8120.0,8140.0,3857,0.0,0.0
2023-04-17 14:00:00+09:00,8130.0,8150.0,8120.0,8130.0,2368,0.0,0.0
2023-04-18 09:00:00+09:00,8160.0,8170.0,8020.0,8070.0,0,0.0,0.0
2023-04-18 10:00:00+09:00,8070.0,8150.0,8020.0,8060.0,2260,0.0,0.0
2023-04-18 11:00:00+09:00,8060.0,8120.0,8060.0,8100.0,1599,0.0,0.0
2023-04-18 12:00:00+09:00,8090.0,8090.0,8040.0,8040.0,4703,0.0,0.0
2023-04-18 13:00:00+09:00,8050.0,8100.0,8050.0,8090.0,1408,0.0,0.0
2023-04-18 14:00:00+09:00,8080.0,8090.0,8010.0,8040.0,10454,0.0,0.0
2023-04-19 09:00:00+09:00,8050.0,8130.0,7980.0,8090.0,15413,0.0,0.0
2023-04-19 10:00:00+09:00,8080.0,8120.0,8080.0,8080.0,2927,0.0,0.0
2023-04-19 11:00:00+09:00,8090.0,8120.0,8070.0,8100.0,2255,0.0,0.0
2023-04-19 12:00:00+09:00,8110.0,8110.0,8070.0,8090.0,3645,0.0,0.0
2023-04-19 13:00:00+09:00,8090.0,8160.0,8070.0,8130.0,26513,0.0,0.0
2023-04-19 14:00:00+09:00,8130.0,8130.0,8080.0,8120.0,2721,0.0,0.0
2023-04-20 09:00:00+09:00,8120.0,9020.0,8120.0,8440.0,1124872,0.0,0.0
2023-04-20 10:00:00+09:00,8410.0,8440.0,8260.0,8370.0,202634,0.0,0.0
2023-04-20 11:00:00+09:00,8370.0,8580.0,8360.0,8440.0,73739,0.0,0.0
2023-04-20 12:00:00+09:00,8430.0,8680.0,8420.0,8540.0,157682,0.0,0.0
2023-04-20 13:00:00+09:00,8550.0,8650.0,8480.0,8480.0,51509,0.0,0.0
2023-04-20 14:00:00+09:00,8480.0,8570.0,8360.0,8500.0,58764,0.0,0.0
2023-04-21 09:00:00+09:00,8540.0,11060.0,8420.0,10200.0,3579486,0.0,0.0
2023-04-21 10:00:00+09:00,10230.0,10410.0,9160.0,9160.0,1272474,0.0,0.0
2023-04-21 11:00:00+09:00,9180.0,9350.0,9000.0,9340.0,510348,0.0,0.0
2023-04-21 12:00:00+09:00,9340.0,9440.0,9140.0,9440.0,389849,0.0,0.0
2023-04-21 13:00:00+09:00,9430.0,9890.0,9290.0,9320.0,871352,0.0,0.0
2023-04-21 14:00:00+09:00,9320.0,9390.0,9210.0,9300.0,215409,0.0,0.0
2023-04-24 09:00:00+09:00,9890.0,10160.0,9090.0,9230.0,0,0.0,0.0
2023-04-24 10:00:00+09:00,9230.0,9390.0,9170.0,9210.0,71650,0.0,0.0
2023-04-24 11:00:00+09:00,9220.0,9360.0,9090.0,9180.0,59818,0.0,0.0
2023-04-24 12:00:00+09:00,9170.0,9270.0,9040.0,9050.0,68970,0.0,0.0
2023-04-24 13:00:00+09:00,9050.0,9130.0,8820.0,8980.0,119163,0.0,0.0
2023-04-24 14:00:00+09:00,9010.0,9450.0,8920.0,9240.0,201749,0.0,0.0
2023-04-25 09:00:00+09:00,9040.0,9070.0,8720.0,8850.0,164121,0.0,0.0
2023-04-25 10:00:00+09:00,8830.0,9030.0,8740.0,8880.0,95079,0.0,0.0
2023-04-25 11:00:00+09:00,8870.0,9020.0,8780.0,8830.0,128251,0.0,0.0
2023-04-25 12:00:00+09:00,8850.0,8890.0,8720.0,8730.0,49537,0.0,0.0
2023-04-25 13:00:00+09:00,8730.0,8750.0,8590.0,8720.0,73866,0.0,0.0
2023-04-25 14:00:00+09:00,8720.0,8720.0,8600.0,8690.0,34175,0.0,0.0
2023-04-26 09:00:00+09:00,8580.0,9110.0,8540.0,8900.0,0,0.0,0.0
2023-04-26 10:00:00+09:00,8900.0,8900.0,8740.0,8840.0,50085,0.0,0.0
2023-04-26 11:00:00+09:00,8830.0,8960.0,8750.0,8800.0,43276,0.0,0.0
2023-04-26 12:00:00+09:00,8800.0,8860.0,8700.0,8790.0,47008,0.0,0.0
2023-04-26 13:00:00+09:00,8790.0,8960.0,8710.0,8880.0,101974,0.0,0.0
2023-04-26 14:00:00+09:00,8880.0,9420.0,8850.0,9140.0,752021,0.0,0.0
2023-04-27 09:00:00+09:00,8900.0,9250.0,8650.0,8780.0,360968,0.0,0.0
2023-04-27 10:00:00+09:00,8780.0,8830.0,8710.0,8750.0,48216,0.0,0.0
2023-04-27 11:00:00+09:00,8750.0,8760.0,8670.0,8760.0,49567,0.0,0.0
2023-04-27 12:00:00+09:00,8750.0,8840.0,8680.0,8790.0,29532,0.0,0.0
2023-04-27 13:00:00+09:00,8800.0,8810.0,8680.0,8700.0,44717,0.0,0.0
2023-04-27 14:00:00+09:00,8700.0,8720.0,8660.0,8660.0,46667,0.0,0.0
2023-04-28 09:00:00+09:00,8650.0,8760.0,8450.0,8460.0,0,0.0,0.0
2023-04-28 10:00:00+09:00,8460.0,8550.0,8400.0,8480.0,54200,0.0,0.0
2023-04-28 11:00:00+09:00,8510.0,8520.0,8420.0,8450.0,30387,0.0,0.0
2023-04-28 12:00:00+09:00,8480.0,8680.0,8440.0,8500.0,58557,0.0,0.0
2023-04-28 13:00:00+09:00,8500.0,8500.0,8430.0,8450.0,28322,0.0,0.0
2023-04-28 14:00:00+09:00,8450.0,8620.0,8440.0,8520.0,35273,0.0,0.0
2023-05-02 09:00:00+09:00,8400.0,8620.0,8400.0,8620.0,0,0.0,0.0
2023-05-02 10:00:00+09:00,8610.0,8620.0,8530.0,8550.0,20703,0.0,0.0
2023-05-02 11:00:00+09:00,8550.0,8650.0,8540.0,8570.0,27484,0.0,0.0
2023-05-02 12:00:00+09:00,8570.0,8640.0,8530.0,8620.0,18006,0.0,0.0
2023-05-02 13:00:00+09:00,8620.0,8680.0,8590.0,8650.0,26191,0.0,0.0
2023-05-02 14:00:00+09:00,8640.0,8670.0,8620.0,8650.0,16242,0.0,0.0
2023-05-03 09:00:00+09:00,8670.0,8900.0,8670.0,8870.0,0,0.0,0.0
2023-05-03 10:00:00+09:00,8850.0,8910.0,8760.0,8800.0,36759,0.0,0.0
2023-05-03 11:00:00+09:00,8800.0,8830.0,8750.0,8810.0,12333,0.0,0.0
2023-05-03 12:00:00+09:00,8810.0,8820.0,8750.0,8770.0,15318,0.0,0.0
2023-05-03 13:00:00+09:00,8770.0,8860.0,8710.0,8780.0,27715,0.0,0.0
2023-05-03 14:00:00+09:00,8780.0,8900.0,8740.0,8740.0,21849,0.0,0.0
2023-05-04 09:00:00+09:00,8920.0,8920.0,8510.0,8510.0,0,0.0,0.0
2023-05-04 10:00:00+09:00,8530.0,8570.0,8500.0,8520.0,24603,0.0,0.0
2023-05-04 11:00:00+09:00,8530.0,8580.0,8510.0,8530.0,12090,0.0,0.0
2023-05-04 12:00:00+09:00,8530.0,8590.0,8520.0,8590.0,9090,0.0,0.0
2023-05-04 13:00:00+09:00,8590.0,8610.0,8530.0,8570.0,8816,0.0,0.0
2023-05-04 14:00:00+09:00,8560.0,8620.0,8540.0,8620.0,10107,0.0,0.0
2023-05-08 09:00:00+09:00,8600.0,9040.0,8600.0,8860.0,8749,0.0,0.0
2023-05-08 10:00:00+09:00,8890.0,9030.0,8830.0,9030.0,76971,0.0,0.0
2023-05-08 11:00:00+09:00,9030.0,9070.0,8910.0,9010.0,70607,0.0,0.0
2023-05-08 12:00:00+09:00,9010.0,9080.0,8930.0,8960.0,98691,0.0,0.0
2023-05-08 13:00:00+09:00,8950.0,8990.0,8890.0,8900.0,25310,0.0,0.0
2023-05-08 14:00:00+09:00,8890.0,9110.0,8880.0,8900.0,125731,0.0,0.0
2023-05-09 09:00:00+09:00,9100.0,9220.0,8680.0,8720.0,0,0.0,0.0
2023-05-09 10:00:00+09:00,8720.0,8780.0,8700.0,8760.0,21152,0.0,0.0
2023-05-09 11:00:00+09:00,8770.0,9340.0,8740.0,9040.0,423260,0.0,0.0
2023-05-09 12:00:00+09:00,9040.0,9220.0,8900.0,8940.0,106007,0.0,0.0
2023-05-09 13:00:00+09:00,8940.0,9020.0,8880.0,8930.0,30421,0.0,0.0
2023-05-09 14:00:00+09:00,8920.0,8960.0,8900.0,8930.0,23540,0.0,0.0
2023-05-10 09:00:00+09:00,9110.0,9340.0,8920.0,8960.0,0,0.0,0.0
2023-05-10 10:00:00+09:00,8950.0,9010.0,8900.0,8930.0,49996,0.0,0.0
2023-05-10 11:00:00+09:00,8940.0,8980.0,8880.0,8900.0,16551,0.0,0.0
2023-05-10 12:00:00+09:00,8900.0,8940.0,8850.0,8860.0,20830,0.0,0.0
2023-05-10 13:00:00+09:00,8870.0,8920.0,8840.0,8920.0,11354,0.0,0.0
2023-05-10 14:00:00+09:00,8900.0,8920.0,8710.0,8780.0,43343,0.0,0.0
2023-05-11 09:00:00+09:00,8700.0,8810.0,8600.0,8730.0,0,0.0,0.0
2023-05-11 10:00:00+09:00,8740.0,8770.0,8690.0,8730.0,26280,0.0,0.0
2023-05-11 11:00:00+09:00,8730.0,8890.0,8720.0,8810.0,27564,0.0,0.0
2023-05-11 12:00:00+09:00,8780.0,8820.0,8740.0,8800.0,9881,0.0,0.0
2023-05-11 13:00:00+09:00,8800.0,8800.0,8740.0,8750.0,11522,0.0,0.0
2023-05-11 14:00:00+09:00,8750.0,8750.0,8680.0,8690.0,29312,0.0,0.0
2023-05-12 09:00:00+09:00,8690.0,8690.0,8290.0,8350.0,0,0.0,0.0
2023-05-12 10:00:00+09:00,8350.0,8380.0,8290.0,8320.0,26269,0.0,0.0
2023-05-12 11:00:00+09:00,8320.0,8320.0,8230.0,8240.0,42160,0.0,0.0
2023-05-12 12:00:00+09:00,8240.0,8260.0,8190.0,8220.0,38130,0.0,0.0
2023-05-12 13:00:00+09:00,8210.0,8280.0,8200.0,8210.0,19315,0.0,0.0
2023-05-12 14:00:00+09:00,8210.0,8270.0,8190.0,8190.0,17783,0.0,0.0
2023-05-15 09:00:00+09:00,8250.0,8370.0,8220.0,8330.0,0,0.0,0.0
2023-05-15 10:00:00+09:00,8300.0,8320.0,8250.0,8250.0,11045,0.0,0.0
2023-05-15 11:00:00+09:00,8250.0,8260.0,8150.0,8210.0,16021,0.0,0.0
2023-05-15 12:00:00+09:00,8210.0,8230.0,8170.0,8220.0,5094,0.0,0.0
2023-05-15 13:00:00+09:00,8220.0,8240.0,8170.0,8200.0,4247,0.0,0.0
2023-05-15 14:00:00+09:00,8240.0,8310.0,8180.0,8260.0,7745,0.0,0.0
2023-05-16 09:00:00+09:00,8310.0,8440.0,8290.0,8380.0,0,0.0,0.0
2023-05-16 10:00:00+09:00,8370.0,8400.0,8310.0,8360.0,7176,0.0,0.0
2023-05-16 11:00:00+09:00,8360.0,8400.0,8330.0,8400.0,7350,0.0,0.0
2023-05-16 12:00:00+09:00,8410.0,8570.0,8410.0,8560.0,57911,0.0,0.0
2023-05-16 13:00:00+09:00,8570.0,8820.0,8490.0,8750.0,166075,0.0,0.0
2023-05-16 14:00:00+09:00,8770.0,9140.0,8760.0,9020.0,579232,0.0,0.0
2023-05-17 09:00:00+09:00,8890.0,8900.0,8580.0,8670.0,225564,0.0,0.0
2023-05-17 10:00:00+09:00,8670.0,8690.0,8610.0,8650.0,40276,0.0,0.0
2023-05-17 11:00:00+09:00,8660.0,8730.0,8650.0,8730.0,22612,0.0,0.0
2023-05-17 12:00:00+09:00,8740.0,8800.0,8690.0,8750.0,24735,0.0,0.0
2023-05-17 13:00:00+09:00,8750.0,8790.0,8680.0,8700.0,23259,0.0,0.0
2023-05-17 14:00:00+09:00,8720.0,8730.0,8670.0,8700.0,15228,0.0,0.0
2023-05-18 09:00:00+09:00,8400.0,8440.0,8210.0,8370.0,0,0.0,0.0
2023-05-18 10:00:00+09:00,8360.0,8410.0,8340.0,8400.0,18612,0.0,0.0
2023-05-18 11:00:00+09:00,8360.0,8400.0,8350.0,8370.0,12694,0.0,0.0
2023-05-18 12:00:00+09:00,8380.0,8430.0,8350.0,8390.0,25402,0.0,0.0
2023-05-18 13:00:00+09:00,8380.0,8420.0,8360.0,8420.0,10120,0.0,0.0
2023-05-18 14:00:00+09:00,8410.0,8430.0,8350.0,8390.0,19759,0.0,0.0
2023-05-19 09:00:00+09:00,8410.0,8440.0,8340.0,8340.0,37183,0.0,0.0
2023-05-19 10:00:00+09:00,8350.0,8430.0,8350.0,8410.0,16227,0.0,0.0
2023-05-19 11:00:00+09:00,8420.0,8500.0,8380.0,8480.0,18914,0.0,0.0
2023-05-19 12:00:00+09:00,8470.0,8600.0,8440.0,8470.0,51527,0.0,0.0
2023-05-19 13:00:00+09:00,8480.0,8550.0,8470.0,8510.0,11193,0.0,0.0
2023-05-19 14:00:00+09:00,8500.0,8540.0,8470.0,8520.0,10689,0.0,0.0
2023-05-22 09:00:00+09:00,8500.0,8840.0,8500.0,8810.0,0,0.0,0.0
2023-05-22 10:00:00+09:00,8810.0,8870.0,8760.0,8860.0,60245,0.0,0.0
2023-05-22 11:00:00+09:00,8850.0,8890.0,8780.0,8800.0,23838,0.0,0.0
2023-05-22 12:00:00+09:00,8800.0,8820.0,8760.0,8770.0,12162,0.0,0.0
2023-05-22 13:00:00+09:00,8780.0,8880.0,8750.0,8820.0,21709,0.0,0.0
2023-05-22 14:00:00+09:00,8820.0,8820.0,8750.0,8800.0,19972,0.0,0.0
2023-05-23 09:00:00+09:00,8760.0,8850.0,8720.0,8790.0,41151,0.0,0.0
2023-05-23 10:00:00+09:00,8790.0,8840.0,8790.0,8790.0,15160,0.0,0.0
2023-05-23 11:00:00+09:00,8790.0,8820.0,8770.0,8780.0,9904,0.0,0.0
2023-05-23 12:00:00+09:00,8790.0,8830.0,8790.0,8810.0,8130,0.0,0.0
2023-05-23 13:00:00+09:00,8820.0,8850.0,8780.0,8820.0,10670,0.0,0.0
2023-05-23 14:00:00+09:00,8830.0,8850.0,8800.0,8800.0,12056,0.0,0.0
2023-05-24 09:00:00+09:00,8800.0,9210.0,8800.0,8980.0,159295,0.0,0.0
2023-05-24 10:00:00+09:00,8990.0,9010.0,8920.0,8970.0,25876,0.0,0.0
2023-05-24 11:00:00+09:00,9010.0,9190.0,8970.0,9090.0,142171,0.0,0.0
2023-05-24 12:00:00+09:00,9120.0,9180.0,9020.0,9140.0,48816,0.0,0.0
2023-05-24 13:00:00+09:00,9130.0,9160.0,8920.0,8950.0,50348,0.0,0.0
2023-05-24 14:00:00+09:00,8950.0,8970.0,8880.0,8920.0,27127,0.0,0.0
2023-05-25 09:00:00+09:00,8880.0,9010.0,8640.0,8840.0,0,0.0,0.0
2023-05-25 10:00:00+09:00,8860.0,9110.0,8710.0,8910.0,101500,0.0,0.0
2023-05-25 11:00:00+09:00,8910.0,9300.0,8910.0,9150.0,330398,0.0,0.0
2023-05-25 12:00:00+09:00,9150.0,9330.0,9100.0,9230.0,165721,0.0,0.0
2023-05-25 13:00:00+09:00,9230.0,9260.0,9020.0,9060.0,136456,0.0,0.0
2023-05-25 14:00:00+09:00,9120.0,9300.0,8950.0,9050.0,284089,0.0,0.0
2023-05-26 09:00:00+09:00,9230.0,9400.0,8990.0,8990.0,0,0.0,0.0
2023-05-26 10:00:00+09:00,9000.0,9260.0,8910.0,9130.0,98159,0.0,0.0
2023-05-26 11:00:00+09:00,9130.0,9290.0,9050.0,9180.0,110086,0.0,0.0
2023-05-26 12:00:00+09:00,9180.0,9220.0,9060.0,9090.0,34741,0.0,0.0
2023-05-26 13:00:00+09:00,9090.0,9130.0,9030.0,9080.0,28099,0.0,0.0
2023-05-26 14:00:00+09:00,9080.0,9110.0,9030.0,9060.0,30484,0.0,0.0
2023-05-30 09:00:00+09:00,8970.0,9010.0,8660.0,8730.0,0,0.0,0.0
2023-05-30 10:00:00+09:00,8730.0,8760.0,8700.0,8740.0,11537,0.0,0.0
2023-05-30 11:00:00+09:00,8740.0,8810.0,8670.0,8730.0,0,0.0,0.0
2023-05-30 12:00:00+09:00,8730.0,8770.0,8690.0,8760.0,137239,0.0,0.0
2023-05-30 13:00:00+09:00,8770.0,8800.0,8720.0,8800.0,9700,0.0,0.0
2023-05-30 14:00:00+09:00,8800.0,8810.0,8760.0,8770.0,9137,0.0,0.0
2023-05-31 09:00:00+09:00,8750.0,8980.0,8720.0,8970.0,0,0.0,0.0
2023-05-31 10:00:00+09:00,8970.0,9010.0,8880.0,8940.0,25981,0.0,0.0
2023-05-31 11:00:00+09:00,8920.0,9040.0,8910.0,8980.0,17315,0.0,0.0
2023-05-31 12:00:00+09:00,8980.0,8990.0,8930.0,8980.0,7368,0.0,0.0
2023-05-31 13:00:00+09:00,8950.0,8970.0,8920.0,8950.0,7509,0.0,0.0
2023-05-31 14:00:00+09:00,8950.0,9030.0,8930.0,8930.0,23033,0.0,0.0
2023-06-01 09:00:00+09:00,8920.0,8940.0,8790.0,8820.0,0,0.0,0.0
2023-06-01 10:00:00+09:00,8820.0,8870.0,8750.0,8780.0,18843,0.0,0.0
2023-06-01 11:00:00+09:00,8780.0,8810.0,8760.0,8790.0,11344,0.0,0.0
2023-06-01 12:00:00+09:00,8800.0,8860.0,8790.0,8860.0,3404,0.0,0.0
2023-06-01 13:00:00+09:00,8860.0,8900.0,8780.0,8790.0,6836,0.0,0.0
2023-06-01 14:00:00+09:00,8790.0,8840.0,8770.0,8820.0,16567,0.0,0.0
2023-06-02 09:00:00+09:00,8800.0,8950.0,8790.0,8920.0,34096,0.0,0.0
2023-06-02 10:00:00+09:00,8940.0,8990.0,8900.0,8950.0,17449,0.0,0.0
2023-06-02 11:00:00+09:00,8990.0,9000.0,8920.0,8930.0,11199,0.0,0.0
2023-06-02 12:00:00+09:00,8930.0,8970.0,8920.0,8940.0,3016,0.0,0.0
2023-06-02 13:00:00+09:00,8950.0,8950.0,8910.0,8950.0,5617,0.0,0.0
2023-06-02 14:00:00+09:00,8940.0,8940.0,8900.0,8940.0,7867,0.0,0.0
2023-06-05 09:00:00+09:00,8940.0,9050.0,8900.0,9000.0,0,0.0,0.0
2023-06-05 10:00:00+09:00,9010.0,9060.0,8990.0,9020.0,11001,0.0,0.0
2023-06-05 11:00:00+09:00,8990.0,9080.0,8990.0,9050.0,15092,0.0,0.0
2023-06-05 12:00:00+09:00,9050.0,9080.0,9010.0,9030.0,14159,0.0,0.0
2023-06-05 13:00:00+09:00,9040.0,9070.0,8990.0,8990.0,8356,0.0,0.0
2023-06-05 14:00:00+09:00,9000.0,9050.0,8990.0,9030.0,15030,0.0,0.0
2023-06-07 09:00:00+09:00,9080.0,9130.0,9040.0,9100.0,0,0.0,0.0
2023-06-07 10:00:00+09:00,9100.0,9460.0,9070.0,9230.0,318612,0.0,0.0
2023-06-07 11:00:00+09:00,9230.0,9250.0,9140.0,9140.0,30527,0.0,0.0
2023-06-07 12:00:00+09:00,9180.0,9200.0,9130.0,9160.0,17097,0.0,0.0
2023-06-07 13:00:00+09:00,9160.0,9170.0,9090.0,9120.0,24065,0.0,0.0
2023-06-07 14:00:00+09:00,9110.0,9160.0,9070.0,9080.0,34762,0.0,0.0
2023-06-08 09:00:00+09:00,9590.0,9640.0,9230.0,9230.0,547546,0.0,0.0
2023-06-08 10:00:00+09:00,9230.0,9260.0,9130.0,9150.0,81160,0.0,0.0
2023-06-08 11:00:00+09:00,9150.0,9210.0,9120.0,9130.0,25108,0.0,0.0
2023-06-08 12:00:00+09:00,9130.0,9180.0,9110.0,9130.0,18283,0.0,0.0
2023-06-08 13:00:00+09:00,9130.0,9130.0,9070.0,9120.0,39528,0.0,0.0
2023-06-08 14:00:00+09:00,9120.0,9180.0,9100.0,9120.0,15428,0.0,0.0
2023-06-09 09:00:00+09:00,9180.0,9440.0,9160.0,9270.0,0,0.0,0.0
2023-06-09 10:00:00+09:00,9270.0,9300.0,9220.0,9250.0,24467,0.0,0.0
2023-06-09 11:00:00+09:00,9250.0,9260.0,9200.0,9200.0,19101,0.0,0.0
2023-06-09 12:00:00+09:00,9210.0,9210.0,9160.0,9200.0,22663,0.0,0.0
2023-06-09 13:00:00+09:00,9190.0,9240.0,9140.0,9190.0,36235,0.0,0.0
2023-06-09 14:00:00+09:00,9190.0,9210.0,9140.0,9160.0,13691,0.0,0.0
2023-06-12 09:00:00+09:00,9190.0,9290.0,9140.0,9160.0,0,0.0,0.0
2023-06-12 10:00:00+09:00,9160.0,9200.0,9100.0,9120.0,17691,0.0,0.0
2023-06-12 11:00:00+09:00,9120.0,9140.0,9050.0,9060.0,15905,0.0,0.0
2023-06-12 12:00:00+09:00,9060.0,9070.0,8990.0,9030.0,15498,0.0,0.0
2023-06-12 13:00:00+09:00,9030.0,9070.0,9000.0,9020.0,12542,0.0,0.0
2023-06-12 14:00:00+09:00,9020.0,9050.0,9010.0,9020.0,8986,0.0,0.0
2023-06-13 09:00:00+09:00,8910.0,9100.0,8880.0,9010.0,0,0.0,0.0
2023-06-13 10:00:00+09:00,9020.0,9100.0,9000.0,9070.0,19179,0.0,0.0
2023-06-13 11:00:00+09:00,9070.0,9130.0,9050.0,9090.0,11485,0.0,0.0
2023-06-13 12:00:00+09:00,9090.0,9110.0,9050.0,9090.0,10836,0.0,0.0
2023-06-13 13:00:00+09:00,9090.0,9100.0,9020.0,9040.0,10390,0.0,0.0
2023-06-13 14:00:00+09:00,9050.0,9080.0,9030.0,9040.0,7554,0.0,0.0
2023-06-14 09:00:00+09:00,9040.0,9110.0,8970.0,9060.0,35570,0.0,0.0
2023-06-14 10:00:00+09:00,9060.0,9080.0,8980.0,9020.0,9002,0.0,0.0
2023-06-14 11:00:00+09:00,9020.0,9050.0,8940.0,8960.0,12372,0.0,0.0
2023-06-14 12:00:00+09:00,8960.0,9010.0,8900.0,9000.0,22000,0.0,0.0
2023-06-14 13:00:00+09:00,9000.0,9180.0,8990.0,9000.0,36747,0.0,0.0
2023-06-14 14:00:00+09:00,9000.0,9040.0,8930.0,9000.0,26962,0.0,0.0
2023-06-15 09:00:00+09:00,9050.0,9050.0,8920.0,8980.0,32028,0.0,0.0
2023-06-15 10:00:00+09:00,8990.0,9040.0,8940.0,8950.0,14661,0.0,0.0
2023-06-15 11:00:00+09:00,8950.0,8950.0,8790.0,8800.0,50841,0.0,0.0
2023-06-15 12:00:00+09:00,8810.0,8840.0,8790.0,8830.0,12089,0.0,0.0
2023-06-15 13:00:00+09:00,8830.0,8860.0,8810.0,8850.0,9051,0.0,0.0
2023-06-15 14:00:00+09:00,8850.0,8850.0,8800.0,8820.0,13071,0.0,0.0
2023-06-16 09:00:00+09:00,8880.0,8950.0,8820.0,8910.0,0,0.0,0.0
2023-06-16 10:00:00+09:00,8910.0,9040.0,8880.0,9010.0,20474,0.0,0.0
2023-06-16 11:00:00+09:00,9010.0,9060.0,8960.0,9000.0,16309,0.0,0.0
2023-06-16 12:00:00+09:00,9000.0,9020.0,8970.0,8980.0,3945,0.0,0.0
2023-06-16 13:00:00+09:00,8980.0,9010.0,8980.0,8980.0,5647,0.0,0.0
2023-06-16 14:00:00+09:00,8980.0,8990.0,8930.0,8950.0,6881,0.0,0.0
2023-06-19 09:00:00+09:00,9060.0,9250.0,9060.0,9110.0,188,0.0,0.0
2023-06-19 10:00:00+09:00,9110.0,9190.0,9090.0,9140.0,30573,0.0,0.0
2023-06-19 11:00:00+09:00,9170.0,9170.0,9090.0,9090.0,8899,0.0,0.0
2023-06-19 12:00:00+09:00,9100.0,9120.0,9040.0,9100.0,14701,0.0,0.0
2023-06-19 13:00:00+09:00,9100.0,9110.0,9080.0,9090.0,0,0.0,0.0
2023-06-19 14:00:00+09:00,9090.0,9190.0,9080.0,9150.0,167422,0.0,0.0
2023-06-20 09:00:00+09:00,9150.0,9250.0,9120.0,9180.0,64628,0.0,0.0
2023-06-20 10:00:00+09:00,9170.0,9200.0,9160.0,9180.0,17943,0.0,0.0
2023-06-20 11:00:00+09:00,9190.0,9210.0,9140.0,9140.0,11285,0.0,0.0
2023-06-20 12:00:00+09:00,9140.0,9140.0,9090.0,9120.0,12560,0.0,0.0
2023-06-20 13:00:00+09:00,9110.0,9130.0,9050.0,9080.0,11073,0.0,0.0
2023-06-20 14:00:00+09:00,9070.0,9100.0,9050.0,9080.0,15766,0.0,0.0
2023-06-21 09:00:00+09:00,9170.0,9170.0,9010.0,9030.0,0,0.0,0.0
2023-06-21 10:00:00+09:00,9030.0,9060.0,8960.0,8970.0,23116,0.0,0.0
2023-06-21 11:00:00+09:00,8980.0,9020.0,8960.0,8980.0,11327,0.0,0.0
2023-06-21 12:00:00+09:00,8980.0,9020.0,8980.0,9000.0,3012,0.0,0.0
2023-06-21 13:00:00+09:00,9000.0,9040.0,9000.0,9030.0,7342,0.0,0.0
2023-06-21 14:00:00+09:00,9000.0,9040.0,8970.0,8990.0,13613,0.0,0.0
2023-06-22 09:00:00+09:00,9070.0,9240.0,9050.0,9160.0,0,0.0,0.0
2023-06-22 10:00:00+09:00,9150.0,9150.0,9060.0,9080.0,21738,0.0,0.0
2023-06-22 11:00:00+09:00,9080.0,9170.0,9080.0,9130.0,9628,0.0,0.0
2023-06-22 12:00:00+09:00,9130.0,9130.0,9070.0,9110.0,5001,0.0,0.0
2023-06-22 13:00:00+09:00,9110.0,9130.0,9080.0,9090.0,6594,0.0,0.0
2023-06-22 14:00:00+09:00,9090.0,9100.0,9020.0,9070.0,12818,0.0,0.0
2023-06-23 09:00:00+09:00,9150.0,9150.0,8850.0,8860.0,0,0.0,0.0
2023-06-23 10:00:00+09:00,8850.0,8910.0,8820.0,8830.0,30485,0.0,0.0
2023-06-23 11:00:00+09:00,8830.0,8880.0,8820.0,8840.0,10221,0.0,0.0
2023-06-23 12:00:00+09:00,8840.0,8860.0,8830.0,8840.0,10048,0.0,0.0
2023-06-23 13:00:00+09:00,8840.0,8840.0,8810.0,8810.0,12024,0.0,0.0
2023-06-23 14:00:00+09:00,8810.0,8840.0,8810.0,8820.0,9165,0.0,0.0
2023-06-26 09:00:00+09:00,8800.0,8860.0,8750.0,8830.0,0,0.0,0.0
2023-06-26 10:00:00+09:00,8830.0,8890.0,8820.0,8850.0,10821,0.0,0.0
2023-06-26 11:00:00+09:00,8850.0,8880.0,8850.0,8870.0,4205,0.0,0.0
2023-06-26 12:00:00+09:00,8870.0,8920.0,8850.0,8920.0,5882,0.0,0.0
2023-06-26 13:00:00+09:00,8910.0,8920.0,8870.0,8880.0,1900,0.0,0.0
2023-06-26 14:00:00+09:00,8880.0,8890.0,8870.0,8880.0,4885,0.0,0.0
2023-06-27 09:00:00+09:00,8920.0,8950.0,8810.0,8860.0,0,0.0,0.0
2023-06-27 10:00:00+09:00,8870.0,8880.0,8810.0,8840.0,12024,0.0,0.0
2023-06-27 11:00:00+09:00,8840.0,8850.0,8820.0,8850.0,5796,0.0,0.0
2023-06-27 12:00:00+09:00,8850.0,8870.0,8830.0,8870.0,2709,0.0,0.0
2023-06-27 13:00:00+09:00,8870.0,8930.0,8870.0,8910.0,4188,0.0,0.0
2023-06-27 14:00:00+09:00,8910.0,8930.0,8890.0,8900.0,3872,0.0,0.0
2023-06-28 09:00:00+09:00,8900.0,8970.0,8800.0,8930.0,0,0.0,0.0
2023-06-28 10:00:00+09:00,8930.0,8930.0,8880.0,8890.0,3248,0.0,0.0
2023-06-28 11:00:00+09:00,8880.0,8960.0,8880.0,8910.0,7473,0.0,0.0
2023-06-28 12:00:00+09:00,8920.0,8960.0,8900.0,8920.0,4609,0.0,0.0
2023-06-28 13:00:00+09:00,8920.0,8920.0,8860.0,8870.0,8704,0.0,0.0
2023-06-28 14:00:00+09:00,8870.0,8910.0,8840.0,8860.0,3792,0.0,0.0
2023-06-29 09:00:00+09:00,8820.0,8870.0,8690.0,8790.0,0,100.0,0.0
2023-06-29 10:00:00+09:00,8790.0,8800.0,8670.0,8700.0,15123,0.0,0.0
2023-06-29 11:00:00+09:00,8700.0,8710.0,8570.0,8630.0,25732,0.0,0.0
2023-06-29 12:00:00+09:00,8580.0,8590.0,8510.0,8520.0,22566,0.0,0.0
2023-06-29 13:00:00+09:00,8530.0,8610.0,8530.0,8610.0,11520,0.0,0.0
2023-06-29 14:00:00+09:00,8610.0,8610.0,8540.0,8550.0,15332,0.0,0.0
2023-06-30 09:00:00+09:00,8530.0,8720.0,8510.0,8650.0,19402,0.0,0.0
2023-06-30 10:00:00+09:00,8650.0,8720.0,8650.0,8650.0,7084,0.0,0.0
2023-06-30 11:00:00+09:00,8660.0,8700.0,8640.0,8690.0,4247,0.0,0.0
2023-06-30 12:00:00+09:00,8680.0,8700.0,8600.0,8600.0,2570,0.0,0.0
2023-06-30 13:00:00+09:00,8610.0,8670.0,8600.0,8620.0,1831,0.0,0.0
2023-06-30 14:00:00+09:00,8620.0,8660.0,8600.0,8650.0,2892,0.0,0.0
2023-07-03 09:00:00+09:00,8710.0,8720.0,8610.0,8690.0,0,0.0,0.0
2023-07-03 10:00:00+09:00,8690.0,8720.0,8610.0,8660.0,9683,0.0,0.0
2023-07-03 11:00:00+09:00,8680.0,8700.0,8630.0,8640.0,3383,0.0,0.0
2023-07-03 12:00:00+09:00,8640.0,8690.0,8640.0,8680.0,1877,0.0,0.0
2023-07-03 13:00:00+09:00,8670.0,8670.0,8640.0,8650.0,2429,0.0,0.0
2023-07-03 14:00:00+09:00,8650.0,8730.0,8640.0,8700.0,4140,0.0,0.0
2023-07-04 09:00:00+09:00,8680.0,8740.0,8600.0,8600.0,15935,0.0,0.0
2023-07-04 10:00:00+09:00,8640.0,8640.0,8500.0,8530.0,26150,0.0,0.0
2023-07-04 11:00:00+09:00,8530.0,8570.0,8520.0,8570.0,4162,0.0,0.0
2023-07-04 12:00:00+09:00,8560.0,8570.0,8520.0,8550.0,1989,0.0,0.0
2023-07-04 13:00:00+09:00,8550.0,8590.0,8520.0,8580.0,14851,0.0,0.0
2023-07-04 14:00:00+09:00,8580.0,8610.0,8550.0,8570.0,2936,0.0,0.0
2023-07-05 09:00:00+09:00,8690.0,8690.0,8490.0,8500.0,0,0.0,0.0
2023-07-05 10:00:00+09:00,8500.0,8510.0,8440.0,8450.0,15477,0.0,0.0
2023-07-05 11:00:00+09:00,8450.0,8450.0,8400.0,8440.0,17930,0.0,0.0
2023-07-05 12:00:00+09:00,8430.0,8440.0,8410.0,8430.0,6949,0.0,0.0
2023-07-05 13:00:00+09:00,8430.0,8440.0,8420.0,8430.0,3674,0.0,0.0
2023-07-05 14:00:00+09:00,8430.0,8440.0,8410.0,8430.0,6752,0.0,0.0
2023-07-06 09:00:00+09:00,8450.0,8450.0,8260.0,8280.0,0,0.0,0.0
2023-07-06 10:00:00+09:00,8290.0,8340.0,8260.0,8330.0,10446,0.0,0.0
2023-07-06 11:00:00+09:00,8330.0,8340.0,8290.0,8290.0,2653,0.0,0.0
2023-07-06 12:00:00+09:00,8310.0,8340.0,8250.0,8260.0,10187,0.0,0.0
2023-07-06 13:00:00+09:00,8270.0,8300.0,8260.0,8280.0,3755,0.0,0.0
2023-07-06 14:00:00+09:00,8280.0,8310.0,8250.0,8310.0,7136,0.0,0.0
2023-07-07 09:00:00+09:00,8250.0,8250.0,8160.0,8200.0,14324,0.0,0.0
2023-07-07 10:00:00+09:00,8200.0,8220.0,8160.0,8190.0,13031,0.0,0.0
2023-07-07 11:00:00+09:00,8180.0,8180.0,8110.0,8110.0,13103,0.0,0.0
2023-07-07 12:00:00+09:00,8110.0,8150.0,8110.0,8150.0,4279,0.0,0.0
2023-07-07 13:00:00+09:00,8120.0,8150.0,8110.0,8110.0,5372,0.0,0.0
2023-07-07 14:00:00+09:00,8120.0,8130.0,8110.0,8120.0,6315,0.0,0.0
2023-07-10 09:00:00+09:00,8150.0,8230.0,8050.0,8220.0,0,0.0,0.0
2023-07-10 10:00:00+09:00,8200.0,8220.0,8190.0,8200.0,2067,0.0,0.0
2023-07-10 11:00:00+09:00,8200.0,8240.0,8190.0,8220.0,4014,0.0,0.0
2023-07-10 12:00:00+09:00,8240.0,8320.0,8230.0,8290.0,5999,0.0,0.0
2023-07-10 13:00:00+09:00,8290.0,8300.0,8230.0,8230.0,1440,0.0,0.0
2023-07-10 14:00:00+09:00,8260.0,8290.0,8200.0,8230.0,4178,0.0,0.0
2023-07-11 09:00:00+09:00,8190.0,8330.0,8190.0,8290.0,4951,0.0,0.0
2023-07-11 10:00:00+09:00,8280.0,8290.0,8210.0,8230.0,7657,0.0,0.0
2023-07-11 11:00:00+09:00,8240.0,8280.0,8230.0,8250.0,1216,0.0,0.0
2023-07-11 12:00:00+09:00,8250.0,8260.0,8230.0,8230.0,2013,0.0,0.0
2023-07-11 13:00:00+09:00,8250.0,8300.0,8220.0,8280.0,6461,0.0,0.0
2023-07-11 14:00:00+09:00,8280.0,8280.0,8240.0,8240.0,2895,0.0,0.0
2023-07-12 09:00:00+09:00,8420.0,8450.0,8310.0,8430.0,12263,0.0,0.0
2023-07-12 10:00:00+09:00,8440.0,8510.0,8410.0,8470.0,8439,0.0,0.0
2023-07-12 11:00:00+09:00,8500.0,8530.0,8410.0,8470.0,11110,0.0,0.0
2023-07-12 12:00:00+09:00,8470.0,8500.0,8440.0,8500.0,5190,0.0,0.0
2023-07-12 13:00:00+09:00,8500.0,8500.0,8460.0,8460.0,4490,0.0,0.0
2023-07-12 14:00:00+09:00,8460.0,8490.0,8440.0,8480.0,2528,0.0,0.0
2023-07-13 09:00:00+09:00,8530.0,8600.0,8420.0,8540.0,19360,0.0,0.0
2023-07-13 10:00:00+09:00,8540.0,8610.0,8520.0,8580.0,8409,0.0,0.0
2023-07-13 11:00:00+09:00,8580.0,8590.0,8540.0,8540.0,2795,0.0,0.0
2023-07-13 12:00:00+09:00,8540.0,8580.0,8500.0,8570.0,6864,0.0,0.0
2023-07-13 13:00:00+09:00,8520.0,8540.0,8470.0,8510.0,7124,0.0,0.0
2023-07-13 14:00:00+09:00,8520.0,8540.0,8500.0,8530.0,2741,0.0,0.0
2023-07-14 09:00:00+09:00,8580.0,8670.0,8460.0,8500.0,0,0.0,0.0
2023-07-14 10:00:00+09:00,8490.0,8510.0,8460.0,8490.0,2437,0.0,0.0
2023-07-14 11:00:00+09:00,8490.0,8550.0,8470.0,8510.0,4986,0.0,0.0
2023-07-14 12:00:00+09:00,8510.0,8550.0,8500.0,8540.0,1303,0.0,0.0
2023-07-14 13:00:00+09:00,8540.0,8670.0,8520.0,8570.0,13031,0.0,0.0
2023-07-14 14:00:00+09:00,8550.0,8710.0,8540.0,8600.0,30993,0.0,0.0
2023-07-17 09:00:00+09:00,8740.0,9200.0,8640.0,8980.0,483402,0.0,0.0
2023-07-17 10:00:00+09:00,9000.0,9060.0,8770.0,8870.0,95655,0.0,0.0
2023-07-17 11:00:00+09:00,8870.0,8870.0,8790.0,8800.0,28026,0.0,0.0
2023-07-17 12:00:00+09:00,8800.0,8890.0,8790.0,8840.0,19281,0.0,0.0
2023-07-17 13:00:00+09:00,8820.0,8880.0,8810.0,8860.0,11014,0.0,0.0
2023-07-17 14:00:00+09:00,8860.0,8910.0,8820.0,8870.0,19444,0.0,0.0
2023-07-18 09:00:00+09:00,9200.0,9250.0,8810.0,8810.0,228678,0.0,0.0
2023-07-18 10:00:00+09:00,8810.0,8870.0,8770.0,8790.0,26214,0.0,0.0
2023-07-18 11:00:00+09:00,8800.0,8810.0,8760.0,8760.0,11847,0.0,0.0
2023-07-18 12:00:00+09:00,8760.0,8780.0,8700.0,8730.0,24105,0.0,0.0
2023-07-18 13:00:00+09:00,8730.0,8740.0,8670.0,8690.0,21613,0.0,0.0
2023-07-18 14:00:00+09:00,8690.0,8720.0,8660.0,8670.0,24364,0.0,0.0
2023-07-19 09:00:00+09:00,8810.0,8810.0,8470.0,8490.0,53453,0.0,0.0
2023-07-19 10:00:00+09:00,8490.0,8530.0,8420.0,8510.0,16499,0.0,0.0
2023-07-19 11:00:00+09:00,8510.0,8520.0,8440.0,8450.0,10525,0.0,0.0
2023-07-19 12:00:00+09:00,8450.0,8500.0,8450.0,8450.0,3865,0.0,0.0
2023-07-19 13:00:00+09:00,8470.0,8500.0,8450.0,8470.0,4802,0.0,0.0
2023-07-19 14:00:00+09:00,8460.0,8470.0,8430.0,8430.0,7544,0.0,0.0
2023-07-20 09:00:00+09:00,8580.0,8600.0,8440.0,8500.0,25042,0.0,0.0
2023-07-20 10:00:00+09:00,8490.0,8510.0,8440.0,8460.0,12206,0.0,0.0
2023-07-20 11:00:00+09:00,8460.0,8520.0,8440.0,8490.0,12884,0.0,0.0
2023-07-20 12:00:00+09:00,8490.0,8510.0,8470.0,8480.0,4240,0.0,0.0
2023-07-20 13:00:00+09:00,8480.0,8560.0,8460.0,8560.0,4974,0.0,0.0
2023-07-20 14:00:00+09:00,8560.0,8570.0,8480.0,8560.0,4694,0.0,0.0
2023-07-21 09:00:00+09:00,8500.0,8730.0,8420.0,8460.0,0,0.0,0.0
2023-07-21 10:00:00+09:00,8460.0,8520.0,8430.0,8520.0,42077,0.0,0.0
2023-07-21 11:00:00+09:00,8500.0,8550.0,8460.0,8490.0,9871,0.0,0.0
2023-07-21 12:00:00+09:00,8490.0,8520.0,8440.0,8450.0,5691,0.0,0.0
2023-07-21 13:00:00+09:00,8470.0,8470.0,8420.0,8440.0,7700,0.0,0.0
2023-07-21 14:00:00+09:00,8440.0,8440.0,8410.0,8410.0,12870,0.0,0.0
2023-07-24 09:00:00+09:00,8410.0,8460.0,8190.0,8200.0,0,0.0,0.0
2023-07-24 10:00:00+09:00,8200.0,8250.0,8170.0,8220.0,10016,0.0,0.0
2023-07-24 11:00:00+09:00,8210.0,8220.0,8150.0,8160.0,16522,0.0,0.0
2023-07-24 12:00:00+09:00,8200.0,8200.0,8160.0,8160.0,5206,0.0,0.0
2023-07-24 13:00:00+09:00,8160.0,8210.0,8150.0,8210.0,10558,0.0,0.0
2023-07-24 14:00:00+09:00,8210.0,8210.0,8150.0,8190.0,9785,0.0,0.0
2023-07-25 09:00:00+09:00,8120.0,8300.0,8120.0,8200.0,19836,0.0,0.0
2023-07-25 10:00:00+09:00,8200.0,8250.0,8140.0,8140.0,15813,0.0,0.0
2023-07-25 11:00:00+09:00,8140.0,8160.0,8120.0,8140.0,10317,0.0,0.0
2023-07-25 12:00:00+09:00,8130.0,8160.0,8130.0,8140.0,3296,0.0,0.0
2023-07-25 13:00:00+09:00,8140.0,8160.0,8110.0,8110.0,21384,0.0,0.0
2023-07-25 14:00:00+09:00,8120.0,8130.0,8060.0,8090.0,16112,0.0,0.0
2023-07-26 09:00:00+09:00,8080.0,8110.0,7850.0,7850.0,66375,0.0,0.0
2023-07-26 10:00:00+09:00,7850.0,7880.0,7700.0,7730.0,41888,0.0,0.0
2023-07-26 11:00:00+09:00,7730.0,7800.0,7720.0,7760.0,14793,0.0,0.0
2023-07-26 12:00:00+09:00,7760.0,7790.0,7550.0,7600.0,24250,0.0,0.0
2023-07-26 13:00:00+09:00,7600.0,7670.0,7550.0,7610.0,14579,0.0,0.0
2023-07-26 14:00:00+09:00,7590.0,7720.0,7540.0,7680.0,14381,0.0,0.0
2023-07-27 09:00:00+09:00,7610.0,7900.0,7610.0,7890.0,16008,0.0,0.0
2023-07-27 10:00:00+09:00,7880.0,8020.0,7880.0,7990.0,10482,0.0,0.0
2023-07-27 11:00:00+09:00,7950.0,8010.0,7900.0,7940.0,7003,0.0,0.0
2023-07-27 12:00:00+09:00,7940.0,7940.0,7810.0,7870.0,4370,0.0,0.0
2023-07-27 13:00:00+09:00,7870.0,7880.0,7830.0,7880.0,3551,0.0,0.0
2023-07-27 14:00:00+09:00,7890.0,7900.0,7860.0,7880.0,4202,0.0,0.0
2023-07-28 09:00:00+09:00,7880.0,7930.0,7860.0,7930.0,6892,0.0,0.0
2023-07-28 10:00:00+09:00,7910.0,8010.0,7870.0,8000.0,6530,0.0,0.0
2023-07-28 11:00:00+09:00,8000.0,8050.0,7910.0,8000.0,6561,0.0,0.0
2023-07-28 12:00:00+09:00,8000.0,8030.0,7940.0,7950.0,5620,0.0,0.0
2023-07-28 13:00:00+09:00,7950.0,7990.0,7950.0,7960.0,963,0.0,0.0
2023-07-28 14:00:00+09:00,8000.0,8020.0,7950.0,8010.0,3106,0.0,0.0
2023-07-31 09:00:00+09:00,8000.0,8110.0,7980.0,8110.0,0,0.0,0.0
2023-07-31 10:00:00+09:00,8110.0,8160.0,8070.0,8140.0,5106,0.0,0.0
2023-07-31 11:00:00+09:00,8130.0,8150.0,8080.0,8130.0,6708,0.0,0.0
2023-07-31 12:00:00+09:00,8130.0,8150.0,8090.0,8100.0,2404,0.0,0.0
2023-07-31 13:00:00+09:00,8100.0,8130.0,8090.0,8120.0,2145,0.0,0.0
2023-07-31 14:00:00+09:00,8130.0,8130.0,8080.0,8080.0,2918,0.0,0.0
2023-08-01 09:00:00+09:00,8100.0,8150.0,8050.0,8110.0,7689,0.0,0.0
2023-08-01 10:00:00+09:00,8110.0,8140.0,8080.0,8140.0,4729,0.0,0.0
2023-08-01 11:00:00+09:00,8140.0,8140.0,8100.0,8120.0,986,0.0,0.0
2023-08-01 12:00:00+09:00,8120.0,8130.0,8100.0,8130.0,1767,0.0,0.0
2023-08-01 13:00:00+09:00,8130.0,8130.0,8060.0,8070.0,4810,0.0,0.0
2023-08-01 14:00:00+09:00,8090.0,8090.0,8050.0,8070.0,0,0.0,0.0
2023-08-02 09:00:00+09:00,8100.0,8150.0,8100.0,8140.0,3483,0.0,0.0
2023-08-02 10:00:00+09:00,8120.0,8180.0,8120.0,8150.0,5127,0.0,0.0
2023-08-02 11:00:00+09:00,8140.0,8150.0,8080.0,8090.0,3938,0.0,0.0
2023-08-02 12:00:00+09:00,8090.0,8110.0,8070.0,8080.0,2186,0.0,0.0
2023-08-02 13:00:00+09:00,8080.0,8080.0,8000.0,8000.0,3055,0.0,0.0
2023-08-02 14:00:00+09:00,8010.0,8070.0,8010.0,8020.0,1708,0.0,0.0
2023-08-03 09:00:00+09:00,7980.0,8050.0,7860.0,7970.0,6614,0.0,0.0
2023-08-03 10:00:00+09:00,7980.0,7990.0,7800.0,7810.0,12736,0.0,0.0
2023-08-03 11:00:00+09:00,7860.0,7870.0,7780.0,7790.0,6572,0.0,0.0
2023-08-03 12:00:00+09:00,7800.0,7920.0,7790.0,7870.0,3840,0.0,0.0
2023-08-03 13:00:00+09:00,7870.0,7900.0,7780.0,7850.0,3648,0.0,0.0
2023-08-03 14:00:00+09:00,7850.0,7900.0,7840.0,7850.0,9619,0.0,0.0
2023-08-04 09:00:00+09:00,7880.0,8090.0,7850.0,8050.0,9434,0.0,0.0
2023-08-04 10:00:00+09:00,8050.0,8140.0,8040.0,8110.0,8958,0.0,0.0
2023-08-04 11:00:00+09:00,8110.0,8110.0,8040.0,8050.0,1607,0.0,0.0
2023-08-04 12:00:00+09:00,8050.0,8060.0,8020.0,8030.0,1592,0.0,0.0
2023-08-04 13:00:00+09:00,8040.0,8070.0,8020.0,8030.0,3195,0.0,0.0
2023-08-04 14:00:00+09:00,8030.0,8130.0,8030.0,8100.0,6015,0.0,0.0
2023-08-07 09:00:00+09:00,8240.0,8620.0,8070.0,8290.0,269143,0.0,0.0
2023-08-07 10:00:00+09:00,8280.0,8320.0,8240.0,8300.0,11782,0.0,0.0
2023-08-07 11:00:00+09:00,8290.0,8420.0,8280.0,8350.0,14710,0.0,0.0
2023-08-07 12:00:00+09:00,8350.0,8370.0,8300.0,8350.0,20154,0.0,0.0
2023-08-07 13:00:00+09:00,8350.0,8350.0,8280.0,8340.0,12159,0.0,0.0
2023-08-07 14:00:00+09:00,8350.0,8360.0,8310.0,8360.0,7168,0.0,0.0
2023-08-08 09:00:00+09:00,8530.0,8530.0,8170.0,8200.0,33699,0.0,0.0
2023-08-08 10:00:00+09:00,8200.0,8200.0,8080.0,8090.0,18324,0.0,0.0
2023-08-08 11:00:00+09:00,8090.0,8170.0,8070.0,8160.0,5126,0.0,0.0
2023-08-08 12:00:00+09:00,8160.0,8160.0,8090.0,8110.0,4677,0.0,0.0
2023-08-08 13:00:00+09:00,8110.0,8140.0,8080.0,8140.0,5674,0.0,0.0
2023-08-08 14:00:00+09:00,8130.0,8140.0,8090.0,8090.0,3691,0.0,0.0
2023-08-09 09:00:00+09:00,8030.0,8150.0,8020.0,8120.0,8521,0.0,0.0
2023-08-09 10:00:00+09:00,8110.0,8120.0,8070.0,8120.0,6403,0.0,0.0
2023-08-09 11:00:00+09:00,8110.0,8110.0,8050.0,8110.0,6967,0.0,0.0
2023-08-09 12:00:00+09:00,8110.0,8120.0,8090.0,8120.0,3094,0.0,0.0
2023-08-09 13:00:00+09:00,8110.0,8130.0,8100.0,8100.0,3047,0.0,0.0
2023-08-09 14:00:00+09:00,8100.0,8130.0,8090.0,8120.0,5332,0.0,0.0
2023-08-10 09:00:00+09:00,8070.0,8250.0,8060.0,8200.0,25952,0.0,0.0
2023-08-10 10:00:00+09:00,8210.0,8230.0,8180.0,8210.0,6048,0.0,0.0
2023-08-10 11:00:00+09:00,8200.0,8270.0,8200.0,8210.0,11152,0.0,0.0
2023-08-10 12:00:00+09:00,8200.0,8220.0,8150.0,8180.0,4210,0.0,0.0
2023-08-10 13:00:00+09:00,8180.0,8180.0,8130.0,8130.0,3485,0.0,0.0
2023-08-10 14:00:00+09:00,8130.0,8150.0,8080.0,8120.0,11530,0.0,0.0
2023-08-11 09:00:00+09:00,8090.0,8150.0,8080.0,8120.0,0,0.0,0.0
2023-08-11 10:00:00+09:00,8110.0,8160.0,8110.0,8150.0,4431,0.0,0.0
2023-08-11 11:00:00+09:00,8150.0,8190.0,8140.0,8160.0,3775,0.0,0.0
2023-08-11 12:00:00+09:00,8170.0,8170.0,8140.0,8170.0,1407,0.0,0.0
2023-08-11 13:00:00+09:00,8160.0,8170.0,8140.0,8140.0,3006,0.0,0.0
2023-08-11 14:00:00+09:00,8140.0,8170.0,8120.0,8140.0,2494,0.0,0.0
2023-08-14 09:00:00+09:00,8190.0,8190.0,7950.0,7990.0,0,0.0,0.0
2023-08-14 10:00:00+09:00,7970.0,8000.0,7950.0,7960.0,8001,0.0,0.0
2023-08-14 11:00:00+09:00,7960.0,7990.0,7950.0,7960.0,2815,0.0,0.0
2023-08-14 12:00:00+09:00,7960.0,7970.0,7960.0,7970.0,1243,0.0,0.0
2023-08-14 13:00:00+09:00,7960.0,7990.0,7960.0,7970.0,3387,0.0,0.0
2023-08-14 14:00:00+09:00,7970.0,8000.0,7950.0,8000.0,5373,0.0,0.0
2023-08-16 09:00:00+09:00,7930.0,8000.0,7770.0,7790.0,0,0.0,0.0
2023-08-16 10:00:00+09:00,7790.0,7840.0,7770.0,7830.0,6023,0.0,0.0
2023-08-16 11:00:00+09:00,7840.0,7840.0,7810.0,7820.0,2283,0.0,0.0
2023-08-16 12:00:00+09:00,7810.0,7840.0,7810.0,7830.0,864,0.0,0.0
2023-08-16 13:00:00+09:00,7840.0,7860.0,7820.0,7820.0,4136,0.0,0.0
2023-08-16 14:00:00+09:00,7820.0,7860.0,7800.0,7800.0,5731,0.0,0.0
2023-08-17 09:00:00+09:00,7710.0,7780.0,7650.0,7720.0,19441,0.0,0.0
2023-08-17 10:00:00+09:00,7780.0,7780.0,7710.0,7710.0,4510,0.0,0.0
2023-08-17 11:00:00+09:00,7750.0,7750.0,7710.0,7740.0,2321,0.0,0.0
2023-08-17 12:00:00+09:00,7740.0,7770.0,7710.0,7710.0,5780,0.0,0.0
2023-08-17 13:00:00+09:00,7720.0,7750.0,7690.0,7740.0,6089,0.0,0.0
2023-08-17 14:00:00+09:00,7750.0,7750.0,7700.0,7720.0,4015,0.0,0.0
2023-08-18 09:00:00+09:00,7650.0,7730.0,7630.0,7670.0,5209,0.0,0.0
2023-08-18 10:00:00+09:00,7670.0,7700.0,7650.0,7670.0,6793,0.0,0.0
2023-08-18 11:00:00+09:00,7660.0,7820.0,7650.0,7750.0,12385,0.0,0.0
2023-08-18 12:00:00+09:00,7750.0,7770.0,7730.0,7750.0,2446,0.0,0.0
2023-08-18 13:00:00+09:00,7750.0,7750.0,7690.0,7690.0,2761,0.0,0.0
2023-08-18 14:00:00+09:00,7700.0,7740.0,7670.0,7720.0,4054,0.0,0.0
2023-08-21 09:00:00+09:00,7710.0,7880.0,7710.0,7860.0,0,0.0,0.0
2023-08-21 10:00:00+09:00,7840.0,7860.0,7810.0,7810.0,1778,0.0,0.0
2023-08-21 11:00:00+09:00,7850.0,7850.0,7820.0,7820.0,474,0.0,0.0
2023-08-21 12:00:00+09:00,7810.0,7830.0,7810.0,7830.0,394,0.0,0.0
2023-08-21 13:00:00+09:00,7820.0,7830.0,7720.0,7740.0,2902,0.0,0.0
2023-08-21 14:00:00+09:00,7740.0,7810.0,7740.0,7790.0,2168,0.0,0.0
2023-08-22 09:00:00+09:00,7730.0,7830.0,7700.0,7830.0,9107,0.0,0.0
2023-08-22 10:00:00+09:00,7830.0,7940.0,7730.0,7900.0,12737,0.0,0.0
2023-08-22 11:00:00+09:00,7890.0,8040.0,7890.0,7960.0,12026,0.0,0.0
2023-08-22 12:00:00+09:00,7960.0,7970.0,7900.0,7970.0,2173,0.0,0.0
2023-08-22 13:00:00+09:00,7960.0,7970.0,7900.0,7900.0,1156,0.0,0.0
2023-08-22 14:00:00+09:00,7930.0,7940.0,7860.0,7870.0,2024,0.0,0.0
2023-08-23 09:00:00+09:00,7830.0,7940.0,7770.0,7820.0,0,0.0,0.0
2023-08-23 10:00:00+09:00,7830.0,7940.0,7830.0,7900.0,2506,0.0,0.0
2023-08-23 11:00:00+09:00,7890.0,7890.0,7820.0,7820.0,562,0.0,0.0
2023-08-23 12:00:00+09:00,7820.0,7820.0,7780.0,7800.0,3887,0.0,0.0
2023-08-23 13:00:00+09:00,7800.0,7800.0,7780.0,7790.0,2240,0.0,0.0
2023-08-23 14:00:00+09:00,7790.0,7850.0,7770.0,7810.0,4352,0.0,0.0
2023-08-24 09:00:00+09:00,7770.0,7840.0,7750.0,7810.0,4247,0.0,0.0
2023-08-24 10:00:00+09:00,7820.0,7840.0,7800.0,7800.0,2063,0.0,0.0
2023-08-24 11:00:00+09:00,7780.0,7820.0,7760.0,7780.0,2197,0.0,0.0
2023-08-24 12:00:00+09:00,7780.0,7810.0,7780.0,7810.0,139,0.0,0.0
2023-08-24 13:00:00+09:00,7810.0,7810.0,7770.0,7780.0,1228,0.0,0.0
2023-08-24 14:00:00+09:00,7810.0,7820.0,7780.0,7780.0,1532,0.0,0.0
2023-08-25 09:00:00+09:00,7800.0,7940.0,7790.0,7840.0,9406,0.0,0.0
2023-08-25 10:00:00+09:00,7830.0,7880.0,7720.0,7750.0,5692,0.0,0.0
2023-08-25 11:00:00+09:00,7750.0,7810.0,7730.0,7790.0,6954,0.0,0.0
2023-08-25 12:00:00+09:00,7800.0,7800.0,7760.0,7760.0,3758,0.0,0.0
2023-08-25 13:00:00+09:00,7800.0,7800.0,7720.0,7720.0,4783,0.0,0.0
2023-08-25 14:00:00+09:00,7730.0,7790.0,7720.0,7790.0,11516,0.0,0.0
2023-08-28 09:00:00+09:00,7880.0,7890.0,7770.0,7860.0,0,0.0,0.0
2023-08-28 10:00:00+09:00,7840.0,7860.0,7810.0,7840.0,0,0.0,0.0
2023-08-28 11:00:00+09:00,7860.0,7900.0,7840.0,7860.0,19865,0.0,0.0
2023-08-28 12:00:00+09:00,7870.0,7890.0,7840.0,7890.0,1980,0.0,0.0
2023-08-28 13:00:00+09:00,7890.0,7890.0,7860.0,7870.0,943,0.0,0.0
2023-08-28 14:00:00+09:00,7870.0,7910.0,7840.0,7910.0,3641,0.0,0.0
2023-08-29 09:00:00+09:00,7850.0,7920.0,7840.0,7900.0,10007,0.0,0.0
2023-08-29 10:00:00+09:00,7900.0,7930.0,7840.0,7900.0,3899,0.0,0.0
2023-08-29 11:00:00+09:00,7900.0,7910.0,7880.0,7910.0,2456,0.0,0.0
2023-08-29 12:00:00+09:00,7910.0,7920.0,7890.0,7920.0,1576,0.0,0.0
2023-08-29 13:00:00+09:00,7920.0,7950.0,7850.0,7880.0,7949,0.0,0.0
2023-08-29 14:00:00+09:00,7890.0,7930.0,7880.0,7930.0,357,0.0,0.0
2023-08-30 09:00:00+09:00,7940.0,7960.0,7890.0,7930.0,3547,0.0,0.0
2023-08-30 10:00:00+09:00,7920.0,7920.0,7850.0,7870.0,1978,0.0,0.0
2023-08-30 11:00:00+09:00,7880.0,7910.0,7870.0,7880.0,894,0.0,0.0
2023-08-30 12:00:00+09:00,7880.0,7900.0,7830.0,7850.0,10180,0.0,0.0
2023-08-30 13:00:00+09:00,7890.0,7900.0,7850.0,7890.0,919,0.0,0.0
2023-08-30 14:00:00+09:00,7890.0,7900.0,7860.0,7880.0,2956,0.0,0.0
2023-08-31 09:00:00+09:00,7850.0,7900.0,7840.0,7860.0,2175,0.0,0.0
2023-08-31 10:00:00+09:00,7870.0,7880.0,7850.0,7850.0,3340,0.0,0.0
2023-08-31 11:00:00+09:00,7850.0,7880.0,7840.0,7840.0,3213,0.0,0.0
2023-08-31 12:00:00+09:00,7850.0,7850.0,7810.0,7810.0,2733,0.0,0.0
2023-08-31 13:00:00+09:00,7830.0,7840.0,7800.0,7840.0,757,0.0,0.0
2023-08-31 14:00:00+09:00,7830.0,7840.0,7790.0,7810.0,3658,0.0,0.0
2023-09-01 09:00:00+09:00,7770.0,7810.0,7750.0,7770.0,4280,0.0,0.0
2023-09-01 10:00:00+09:00,7780.0,7800.0,7750.0,7790.0,1458,0.0,0.0
2023-09-01 11:00:00+09:00,7800.0,7800.0,7760.0,7800.0,733,0.0,0.0
2023-09-01 12:00:00+09:00,7800.0,7800.0,7760.0,7770.0,640,0.0,0.0
2023-09-01 13:00:00+09:00,7770.0,7800.0,7760.0,7800.0,2669,0.0,0.0
2023-09-01 14:00:00+09:00,7800.0,7820.0,7770.0,7770.0,5235,0.0,0.0
2023-09-04 09:00:00+09:00,7700.0,7800.0,7700.0,7760.0,0,0.0,0.0
2023-09-04 10:00:00+09:00,7760.0,7790.0,7750.0,7790.0,1217,0.0,0.0
2023-09-04 11:00:00+09:00,7790.0,7810.0,7750.0,7800.0,4766,0.0,0.0
2023-09-04 12:00:00+09:00,7800.0,7820.0,7800.0,7820.0,2067,0.0,0.0
2023-09-04 13:00:00+09:00,7770.0,7810.0,7750.0,7780.0,591,0.0,0.0
2023-09-04 14:00:00+09:00,7780.0,7820.0,7780.0,7780.0,2534,0.0,0.0
2023-09-05 09:00:00+09:00,7810.0,7830.0,7760.0,7800.0,2705,0.0,0.0
2023-09-05 10:00:00+09:00,7780.0,7800.0,7760.0,7790.0,2130,0.0,0.0
2023-09-05 11:00:00+09:00,7790.0,7820.0,7790.0,7790.0,970,0.0,0.0
2023-09-05 12:00:00+09:00,7790.0,7820.0,7780.0,7810.0,1885,0.0,0.0
2023-09-05 13:00:00+09:00,7810.0,7810.0,7780.0,7800.0,575,0.0,0.0
2023-09-05 14:00:00+09:00,7780.0,7810.0,7770.0,7770.0,2495,0.0,0.0
2023-09-06 09:00:00+09:00,7800.0,7860.0,7790.0,7810.0,2438,0.0,0.0
2023-09-06 10:00:00+09:00,7790.0,7810.0,7780.0,7800.0,1195,0.0,0.0
2023-09-06 11:00:00+09:00,7800.0,7800.0,7760.0,7770.0,2381,0.0,0.0
2023-09-06 12:00:00+09:00,7770.0,7800.0,7770.0,7780.0,1089,0.0,0.0
2023-09-06 13:00:00+09:00,7780.0,7800.0,7760.0,7770.0,2553,0.0,0.0
2023-09-06 14:00:00+09:00,7770.0,7780.0,7760.0,7780.0,1480,0.0,0.0
2023-09-07 09:00:00+09:00,7830.0,7830.0,7760.0,7760.0,7212,0.0,0.0
2023-09-07 10:00:00+09:00,7760.0,7770.0,7720.0,7730.0,0,0.0,0.0
2023-09-07 11:00:00+09:00,7770.0,7780.0,7720.0,7720.0,16576,0.0,0.0
2023-09-07 12:00:00+09:00,7750.0,7750.0,7710.0,7750.0,1656,0.0,0.0
2023-09-07 13:00:00+09:00,7750.0,7780.0,7740.0,7740.0,1413,0.0,0.0
2023-09-07 14:00:00+09:00,7780.0,7780.0,7730.0,7750.0,1128,0.0,0.0
2023-09-08 09:00:00+09:00,9060.0,9680.0,9050.0,9210.0,3698517,0.0,0.0
2023-09-08 10:00:00+09:00,9220.0,9720.0,9190.0,9700.0,1385153,0.0,0.0
2023-09-08 11:00:00+09:00,9690.0,9880.0,9420.0,9520.0,1744587,0.0,0.0
2023-09-08 12:00:00+09:00,9530.0,9550.0,8570.0,8700.0,975989,0.0,0.0
2023-09-08 13:00:00+09:00,8700.0,9090.0,8590.0,8920.0,554957,0.0,0.0
2023-09-08 14:00:00+09:00,8920.0,8950.0,8140.0,8210.0,485404,0.0,0.0
2023-09-11 09:00:00+09:00,8100.0,8270.0,7920.0,7940.0,0,0.0,0.0
2023-09-11 10:00:00+09:00,7930.0,7940.0,7870.0,7880.0,90951,0.0,0.0
2023-09-11 11:00:00+09:00,7880.0,7950.0,7880.0,7910.0,16218,0.0,0.0
2023-09-11 12:00:00+09:00,7910.0,7930.0,7860.0,7870.0,37321,0.0,0.0
2023-09-11 13:00:00+09:00,7870.0,7890.0,7830.0,7830.0,43774,0.0,0.0
2023-09-11 14:00:00+09:00,7840.0,7860.0,7760.0,7810.0,78834,0.0,0.0
2023-09-12 09:00:00+09:00,7840.0,7870.0,7700.0,7740.0,96969,0.0,0.0
2023-09-12 10:00:00+09:00,7740.0,7770.0,7700.0,7740.0,59340,0.0,0.0
2023-09-12 11:00:00+09:00,7730.0,7770.0,7690.0,7700.0,63495,0.0,0.0
2023-09-12 12:00:00+09:00,7700.0,7770.0,7680.0,7730.0,21542,0.0,0.0
2023-09-12 13:00:00+09:00,7750.0,7770.0,7690.0,7690.0,20364,0.0,0.0
2023-09-12 14:00:00+09:00,7690.0,7700.0,7650.0,7660.0,47963,0.0,0.0
2023-09-13 09:00:00+09:00,7800.0,8570.0,7730.0,8000.0,1377068,0.0,0.0
2023-09-13 10:00:00+09:00,8010.0,8190.0,7950.0,7960.0,186654,0.0,0.0
2023-09-13 11:00:00+09:00,7970.0,8190.0,7970.0,8000.0,115752,0.0,0.0
2023-09-13 12:00:00+09:00,7970.0,8050.0,7900.0,7940.0,59933,0.0,0.0
2023-09-13 13:00:00+09:00,7930.0,8000.0,7850.0,7850.0,70056,0.0,0.0
2023-09-13 14:00:00+09:00,7860.0,7870.0,7750.0,7800.0,96044,0.0,0.0
2023-09-14 09:00:00+09:00,7890.0,7960.0,7800.0,7850.0,59676,0.0,0.0
2023-09-14 10:00:00+09:00,7840.0,7870.0,7790.0,7840.0,29223,0.0,0.0
2023-09-14 11:00:00+09:00,7830.0,7880.0,7820.0,7840.0,16368,0.0,0.0
2023-09-14 12:00:00+09:00,7830.0,7870.0,7810.0,7830.0,9008,0.0,0.0
2023-09-14 13:00:00+09:00,7820.0,7860.0,7810.0,7810.0,12626,0.0,0.0
2023-09-14 14:00:00+09:00,7820.0,7890.0,7810.0,7870.0,7415,0.0,0.0
2023-09-15 09:00:00+09:00,7830.0,7920.0,7820.0,7900.0,30326,0.0,0.0
2023-09-15 10:00:00+09:00,7890.0,7890.0,7830.0,7840.0,9688,0.0,0.0
2023-09-15 11:00:00+09:00,7840.0,7870.0,7800.0,7800.0,13572,0.0,0.0
2023-09-15 12:00:00+09:00,7810.0,7880.0,7800.0,7810.0,18062,0.0,0.0
2023-09-15 13:00:00+09:00,7820.0,7840.0,7790.0,7840.0,7886,0.0,0.0
2023-09-15 14:00:00+09:00,7830.0,7840.0,7800.0,7800.0,16360,0.0,0.0
2023-09-18 09:00:00+09:00,7830.0,7890.0,7780.0,7780.0,0,0.0,0.0
2023-09-18 10:00:00+09:00,7820.0,7820.0,7710.0,7730.0,24869,0.0,0.0
2023-09-18 11:00:00+09:00,7730.0,7900.0,7720.0,7820.0,42711,0.0,0.0
2023-09-18 12:00:00+09:00,7820.0,7820.0,7760.0,7800.0,4801,0.0,0.0
2023-09-18 13:00:00+09:00,7800.0,7800.0,7760.0,7790.0,5948,0.0,0.0
2023-09-18 14:00:00+09:00,7790.0,7790.0,7750.0,7750.0,18187,0.0,0.0
2023-09-19 09:00:00+09:00,7760.0,7780.0,7670.0,7760.0,43834,0.0,0.0
2023-09-19 10:00:00+09:00,7760.0,7790.0,7710.0,7740.0,10755,0.0,0.0
2023-09-19 11:00:00+09:00,7740.0,7760.0,7700.0,7710.0,8304,0.0,0.0
2023-09-19 12:00:00+09:00,7720.0,7750.0,7690.0,7710.0,12919,0.0,0.0
2023-09-19 13:00:00+09:00,7690.0,7710.0,7670.0,7670.0,14217,0.0,0.0
2023-09-19 14:00:00+09:00,7680.0,7710.0,7670.0,7700.0,11869,0.0,0.0
2023-09-20 09:00:00+09:00,7680.0,7730.0,7630.0,7710.0,18247,0.0,0.0
2023-09-20 10:00:00+09:00,7700.0,7720.0,7610.0,7660.0,17386,0.0,0.0
2023-09-20 11:00:00+09:00,7650.0,7690.0,7640.0,7670.0,3512,0.0,0.0
2023-09-20 12:00:00+09:00,7660.0,7670.0,7620.0,7650.0,5859,0.0,0.0
2023-09-20 13:00:00+09:00,7650.0,7660.0,7630.0,7660.0,4843,0.0,0.0
2023-09-20 14:00:00+09:00,7650.0,7660.0,7640.0,7650.0,3722,0.0,0.0
2023-09-21 09:00:00+09:00,7650.0,7660.0,7590.0,7600.0,22605,0.0,0.0
2023-09-21 10:00:00+09:00,7600.0,7610.0,7510.0,7520.0,26157,0.0,0.0
2023-09-21 11:00:00+09:00,7540.0,7540.0,7510.0,7540.0,10654,0.0,0.0
2023-09-21 12:00:00+09:00,7540.0,7540.0,7500.0,7530.0,13445,0.0,0.0
2023-09-21 13:00:00+09:00,7520.0,7540.0,7500.0,7510.0,18109,0.0,0.0
2023-09-21 14:00:00+09:00,7520.0,7540.0,7410.0,7410.0,26784,0.0,0.0
2023-09-22 09:00:00+09:00,7350.0,7540.0,7330.0,7450.0,16277,0.0,0.0
2023-09-22 10:00:00+09:00,7480.0,7490.0,7410.0,7450.0,8975,0.0,0.0
2023-09-22 11:00:00+09:00,7490.0,7550.0,7440.0,7440.0,3715,0.0,0.0
2023-09-22 12:00:00+09:00,7440.0,7540.0,7430.0,7450.0,5310,0.0,0.0
2023-09-22 13:00:00+09:00,7450.0,7520.0,7440.0,7440.0,1836,0.0,0.0
2023-09-22 14:00:00+09:00,7440.0,7490.0,7420.0,7430.0,14091,0.0,0.0
2023-09-25 09:00:00+09:00,7480.0,7480.0,7320.0,7370.0,0,0.0,0.0
2023-09-25 10:00:00+09:00,7390.0,7390.0,7320.0,7360.0,13649,0.0,0.0
2023-09-25 11:00:00+09:00,7340.0,7390.0,7330.0,7360.0,0,0.0,0.0
2023-09-25 12:00:00+09:00,7360.0,7390.0,7330.0,7380.0,32280,0.0,0.0
2023-09-25 13:00:00+09:00,7350.0,7380.0,7320.0,7320.0,4757,0.0,0.0
2023-09-25 14:00:00+09:00,7330.0,7350.0,7310.0,7310.0,8650,0.0,0.0
2023-09-26 09:00:00+09:00,7200.0,7300.0,7200.0,7210.0,19889,0.0,0.0
2023-09-26 10:00:00+09:00,7210.0,7230.0,7170.0,7170.0,12864,0.0,0.0
2023-09-26 11:00:00+09:00,7170.0,7200.0,7130.0,7170.0,5525,0.0,0.0
2023-09-26 12:00:00+09:00,7170.0,7220.0,7160.0,7160.0,1895,0.0,0.0
2023-09-26 13:00:00+09:00,7170.0,7190.0,7150.0,7170.0,5026,0.0,0.0
2023-09-26 14:00:00+09:00,7160.0,7220.0,7130.0,7190.0,5099,0.0,0.0
2023-09-27 09:00:00+09:00,7020.0,7140.0,7010.0,7140.0,8821,0.0,0.0
2023-09-27 10:00:00+09:00,7130.0,7200.0,7100.0,7110.0,3351,0.0,0.0
2023-09-27 11:00:00+09:00,7160.0,7170.0,7120.0,7130.0,888,0.0,0.0
2023-09-27 12:00:00+09:00,7150.0,7200.0,7120.0,7190.0,1767,0.0,0.0
2023-09-27 13:00:00+09:00,7190.0,7200.0,7140.0,7200.0,5048,0.0,0.0
2023-09-27 14:00:00+09:00,7190.0,7220.0,7180.0,7200.0,1958,0.0,0.0
2023-10-04 09:00:00+09:00,7100.0,7200.0,7040.0,7040.0,0,0.0,0.0
2023-10-04 10:00:00+09:00,7090.0,7090.0,7000.0,7050.0,16030,0.0,0.0
2023-10-04 11:00:00+09:00,7040.0,7070.0,7030.0,7060.0,5155,0.0,0.0
2023-10-04 12:00:00+09:00,7060.0,7180.0,7050.0,7100.0,3861,0.0,0.0
2023-10-04 13:00:00+09:00,7070.0,7120.0,7070.0,7120.0,1996,0.0,0.0
2023-10-04 14:00:00+09:00,7100.0,7100.0,7040.0,7040.0,4883,0.0,0.0
2023-10-05 09:00:00+09:00,7230.0,7230.0,7000.0,7010.0,10145,0.0,0.0
2023-10-05 10:00:00+09:00,7010.0,7100.0,7010.0,7070.0,3859,0.0,0.0
2023-10-05 11:00:00+09:00,7070.0,7070.0,7050.0,7050.0,0,0.0,0.0
2023-10-05 12:00:00+09:00,7070.0,7100.0,7060.0,7070.0,227,0.0,0.0
2023-10-05 13:00:00+09:00,7080.0,7080.0,7020.0,7030.0,3690,0.0,0.0
2023-10-05 14:00:00+09:00,7030.0,7080.0,6970.0,7000.0,11334,0.0,0.0
2023-10-06 09:00:00+09:00,6930.0,7030.0,6930.0,7030.0,7500,0.0,0.0
2023-10-06 10:00:00+09:00,7030.0,7070.0,7030.0,7050.0,5279,0.0,0.0
2023-10-06 11:00:00+09:00,7050.0,7090.0,7030.0,7090.0,3349,0.0,0.0
2023-10-06 12:00:00+09:00,7080.0,7090.0,7050.0,7090.0,455,0.0,0.0
2023-10-06 13:00:00+09:00,7090.0,7090.0,7060.0,7070.0,798,0.0,0.0
2023-10-06 14:00:00+09:00,7070.0,7380.0,7070.0,7110.0,19102,0.0,0.0
2023-10-10 09:00:00+09:00,7140.0,7380.0,7110.0,7270.0,0,0.0,0.0
2023-10-10 10:00:00+09:00,7290.0,7390.0,7220.0,7300.0,6336,0.0,0.0
2023-10-10 11:00:00+09:00,7290.0,7300.0,7230.0,7240.0,2728,0.0,0.0
2023-10-10 12:00:00+09:00,7240.0,7290.0,7220.0,7220.0,2503,0.0,0.0
2023-10-10 13:00:00+09:00,7230.0,7280.0,7180.0,7200.0,1715,0.0,0.0
2023-10-10 14:00:00+09:00,7190.0,7470.0,7180.0,7240.0,35858,0.0,0.0
2023-10-11 09:00:00+09:00,7330.0,7460.0,7310.0,7400.0,17338,0.0,0.0
2023-10-11 10:00:00+09:00,7370.0,7400.0,7330.0,7390.0,3787,0.0,0.0
2023-10-11 11:00:00+09:00,7390.0,7400.0,7350.0,7350.0,1829,0.0,0.0
2023-10-11 12:00:00+09:00,7350.0,7390.0,7340.0,7380.0,1463,0.0,0.0
2023-10-11 13:00:00+09:00,7370.0,7390.0,7340.0,7390.0,3029,0.0,0.0
2023-10-11 14:00:00+09:00,7350.0,7410.0,7350.0,7400.0,5981,0.0,0.0
2023-10-12 09:00:00+09:00,7340.0,7460.0,7300.0,7400.0,6748,0.0,0.0
2023-10-12 10:00:00+09:00,7400.0,7400.0,7320.0,7390.0,5380,0.0,0.0
2023-10-12 11:00:00+09:00,7390.0,7440.0,7390.0,7400.0,3983,0.0,0.0
2023-10-12 12:00:00+09:00,7400.0,7410.0,7340.0,7370.0,4931,0.0,0.0
2023-10-12 13:00:00+09:00,7390.0,7390.0,7380.0,7390.0,555,0.0,0.0
2023-10-12 14:00:00+09:00,7400.0,7420.0,7350.0,7350.0,3616,0.0,0.0
2023-10-13 09:00:00+09:00,7340.0,8390.0,7340.0,8000.0,1269203,0.0,0.0
2023-10-13 10:00:00+09:00,7990.0,8090.0,7770.0,8010.0,497775,0.0,0.0
2023-10-13 11:00:00+09:00,8010.0,8020.0,7690.0,7730.0,384448,0.0,0.0
2023-10-13 12:00:00+09:00,7730.0,7740.0,7520.0,7580.0,112630,0.0,0.0
2023-10-13 13:00:00+09:00,7620.0,7650.0,7530.0,7610.0,48673,0.0,0.0
2023-10-13 14:00:00+09:00,7590.0,7640.0,7530.0,7560.0,43101,0.0,0.0
2023-10-16 09:00:00+09:00,7650.0,7830.0,7510.0,7560.0,0,0.0,0.0
2023-10-16 10:00:00+09:00,7560.0,7590.0,7530.0,7570.0,12053,0.0,0.0
2023-10-16 11:00:00+09:00,7560.0,7650.0,7540.0,7650.0,7971,0.0,0.0
2023-10-16 12:00:00+09:00,7640.0,7990.0,7630.0,7760.0,150111,0.0,0.0
2023-10-16 13:00:00+09:00,7740.0,7740.0,7580.0,7620.0,23494,0.0,0.0
2023-10-16 14:00:00+09:00,7620.0,7720.0,7560.0,7570.0,27905,0.0,0.0
2023-10-17 09:00:00+09:00,7540.0,7620.0,7500.0,7530.0,46881,0.0,0.0
2023-10-17 10:00:00+09:00,7530.0,7550.0,7500.0,7520.0,11122,0.0,0.0
2023-10-17 11:00:00+09:00,7540.0,7560.0,7510.0,7560.0,6481,0.0,0.0
2023-10-17 12:00:00+09:00,7560.0,7570.0,7510.0,7540.0,9374,0.0,0.0
2023-10-17 13:00:00+09:00,7520.0,7540.0,7500.0,7530.0,8684,0.0,0.0
2023-10-17 14:00:00+09:00,7510.0,7520.0,7500.0,7520.0,8550,0.0,0.0
2023-10-18 09:00:00+09:00,7470.0,7650.0,7440.0,7610.0,35413,0.0,0.0
2023-10-18 10:00:00+09:00,7570.0,7580.0,7500.0,7520.0,7651,0.0,0.0
2023-10-18 11:00:00+09:00,7530.0,7570.0,7500.0,7510.0,5774,0.0,0.0
2023-10-18 12:00:00+09:00,7510.0,7570.0,7450.0,7460.0,19626,0.0,0.0
2023-10-18 13:00:00+09:00,7460.0,7510.0,7460.0,7470.0,2650,0.0,0.0
2023-10-18 14:00:00+09:00,7470.0,7490.0,7430.0,7490.0,13948,0.0,0.0
2023-10-19 09:00:00+09:00,7400.0,7470.0,7380.0,7410.0,0,0.0,0.0
2023-10-19 10:00:00+09:00,7410.0,7450.0,7370.0,7440.0,25811,0.0,0.0
2023-10-19 11:00:00+09:00,7370.0,7420.0,7250.0,7310.0,28932,0.0,0.0
2023-10-19 12:00:00+09:00,7270.0,7340.0,7270.0,7340.0,3289,0.0,0.0
2023-10-19 13:00:00+09:00,7300.0,7340.0,7270.0,7270.0,2895,0.0,0.0
2023-10-19 14:00:00+09:00,7270.0,7290.0,7220.0,7230.0,10075,0.0,0.0
2023-10-20 09:00:00+09:00,7230.0,7320.0,7030.0,7040.0,42622,0.0,0.0
2023-10-20 10:00:00+09:00,7040.0,7180.0,7040.0,7180.0,10158,0.0,0.0
2023-10-20 11:00:00+09:00,7180.0,7180.0,7080.0,7100.0,7635,0.0,0.0
2023-10-20 12:00:00+09:00,7100.0,7150.0,7080.0,7100.0,6392,0.0,0.0
2023-10-20 13:00:00+09:00,7110.0,7150.0,7090.0,7150.0,3026,0.0,0.0
2023-10-20 14:00:00+09:00,7150.0,7180.0,7100.0,7120.0,4608,0.0,0.0
2023-10-23 09:00:00+09:00,7000.0,7170.0,7000.0,7100.0,0,0.0,0.0
2023-10-23 10:00:00+09:00,7110.0,7230.0,7110.0,7170.0,4191,0.0,0.0
2023-10-23 11:00:00+09:00,7170.0,7170.0,7120.0,7120.0,1446,0.0,0.0
2023-10-23 12:00:00+09:00,7120.0,7220.0,7100.0,7140.0,3786,0.0,0.0
2023-10-23 13:00:00+09:00,7140.0,7140.0,7060.0,7130.0,11687,0.0,0.0
2023-10-23 14:00:00+09:00,7120.0,7130.0,7050.0,7130.0,7902,0.0,0.0
2023-10-24 09:00:00+09:00,7040.0,7140.0,7030.0,7030.0,11622,0.0,0.0
2023-10-24 10:00:00+09:00,7030.0,7090.0,7000.0,7010.0,14554,0.0,0.0
2023-10-24 11:00:00+09:00,7020.0,7060.0,7010.0,7030.0,5614,0.0,0.0
2023-10-24 12:00:00+09:00,7030.0,7060.0,7000.0,7020.0,9877,0.0,0.0
2023-10-24 13:00:00+09:00,7050.0,7090.0,7030.0,7090.0,1675,0.0,0.0
2023-10-24 14:00:00+09:00,7090.0,7120.0,7050.0,7110.0,13029,0.0,0.0
2023-10-25 09:00:00+09:00,7160.0,7240.0,7080.0,7190.0,8518,0.0,0.0
2023-10-25 10:00:00+09:00,7220.0,7700.0,7220.0,7580.0,150442,0.0,0.0
2023-10-25 11:00:00+09:00,7580.0,7870.0,7340.0,7370.0,484314,0.0,0.0
2023-10-25 12:00:00+09:00,7350.0,7430.0,7300.0,7370.0,33362,0.0,0.0
2023-10-25 13:00:00+09:00,7360.0,7360.0,7200.0,7270.0,38763,0.0,0.0
2023-10-25 14:00:00+09:00,7270.0,7280.0,7200.0,7210.0,25023,0.0,0.0
2023-10-26 09:00:00+09:00,7070.0,7160.0,7020.0,7060.0,0,0.0,0.0
2023-10-26 10:00:00+09:00,7060.0,7100.0,7050.0,7060.0,27220,0.0,0.0
2023-10-26 11:00:00+09:00,7060.0,7090.0,7050.0,7070.0,5718,0.0,0.0
2023-10-26 12:00:00+09:00,7060.0,7070.0,7030.0,7050.0,16416,0.0,0.0
2023-10-26 13:00:00+09:00,7050.0,7090.0,7000.0,7080.0,18811,0.0,0.0
2023-10-26 14:00:00+09:00,7090.0,7090.0,7010.0,7010.0,9170,0.0,0.0
2023-10-27 09:00:00+09:00,6970.0,7060.0,6950.0,6990.0,19461,0.0,0.0
2023-10-27 10:00:00+09:00,7010.0,7070.0,7010.0,7070.0,3757,0.0,0.0
2023-10-27 11:00:00+09:00,7070.0,7070.0,7050.0,7060.0,4133,0.0,0.0
2023-10-27 12:00:00+09:00,7060.0,7060.0,7000.0,7010.0,11575,0.0,0.0
2023-10-27 13:00:00+09:00,7000.0,7030.0,6990.0,7010.0,2496,0.0,0.0
2023-10-27 14:00:00+09:00,7010.0,7010.0,6990.0,7010.0,6383,0.0,0.0
2023-10-30 09:00:00+09:00,6920.0,7060.0,6920.0,7050.0,0,0.0,0.0
2023-10-30 10:00:00+09:00,7050.0,7080.0,7000.0,7080.0,3602,0.0,0.0
2023-10-30 11:00:00+09:00,7070.0,7120.0,7040.0,7050.0,3760,0.0,0.0
2023-10-30 12:00:00+09:00,7080.0,7090.0,7050.0,7080.0,1846,0.0,0.0
2023-10-30 13:00:00+09:00,7080.0,7090.0,7050.0,7090.0,9397,0.0,0.0
2023-10-30 14:00:00+09:00,7080.0,7080.0,7050.0,7060.0,1963,0.0,0.0
2023-10-31 09:00:00+09:00,7140.0,7180.0,7040.0,7040.0,11127,0.0,0.0
2023-10-31 10:00:00+09:00,7040.0,7050.0,7020.0,7040.0,2913,0.0,0.0
2023-10-31 11:00:00+09:00,7030.0,7030.0,6980.0,6980.0,6816,0.0,0.0
2023-10-31 12:00:00+09:00,7000.0,7020.0,6980.0,7010.0,6850,0.0,0.0
2023-10-31 13:00:00+09:00,7010.0,7010.0,6960.0,6970.0,6994,0.0,0.0
2023-10-31 14:00:00+09:00,6970.0,7020.0,6960.0,6980.0,3130,0.0,0.0
2023-11-01 09:00:00+09:00,7050.0,7090.0,7030.0,7080.0,5456,0.0,0.0
2023-11-01 10:00:00+09:00,7080.0,7090.0,7060.0,7060.0,2012,0.0,0.0
2023-11-01 11:00:00+09:00,7060.0,7080.0,7050.0,7050.0,697,0.0,0.0
2023-11-01 12:00:00+09:00,7060.0,7080.0,7040.0,7050.0,7310,0.0,0.0
2023-11-01 13:00:00+09:00,7070.0,7080.0,7050.0,7050.0,2833,0.0,0.0
2023-11-01 14:00:00+09:00,7060.0,7070.0,7050.0,7050.0,4568,0.0,0.0
2023-11-02 09:00:00+09:00,7190.0,7200.0,7100.0,7200.0,12990,0.0,0.0
2023-11-02 10:00:00+09:00,7200.0,7210.0,7150.0,7160.0,3557,0.0,0.0
2023-11-02 11:00:00+09:00,7180.0,7190.0,7160.0,7170.0,3952,0.0,0.0
2023-11-02 12:00:00+09:00,7180.0,7210.0,7170.0,7210.0,3746,0.0,0.0
2023-11-02 13:00:00+09:00,7200.0,7240.0,7180.0,7190.0,9517,0.0,0.0
2023-11-02 14:00:00+09:00,7200.0,7240.0,7180.0,7190.0,7352,0.0,0.0
2023-11-03 09:00:00+09:00,7300.0,7300.0,7130.0,7170.0,3668,0.0,0.0
2023-11-03 10:00:00+09:00,7170.0,7210.0,7160.0,7210.0,1576,0.0,0.0
2023-11-03 11:00:00+09:00,7200.0,7280.0,7190.0,7250.0,0,0.0,0.0
2023-11-03 12:00:00+09:00,7220.0,7240.0,7210.0,7210.0,16551,0.0,0.0
2023-11-03 13:00:00+09:00,7230.0,7230.0,7210.0,7230.0,1709,0.0,0.0
2023-11-03 14:00:00+09:00,7210.0,7240.0,7200.0,7240.0,3600,0.0,0.0
2023-11-06 09:00:00+09:00,7260.0,7310.0,7230.0,7310.0,0,0.0,0.0
2023-11-06 10:00:00+09:00,7310.0,7310.0,7250.0,7310.0,6033,0.0,0.0
2023-11-06 11:00:00+09:00,7300.0,7320.0,7260.0,7290.0,9569,0.0,0.0
2023-11-06 12:00:00+09:00,7290.0,7300.0,7280.0,7290.0,3863,0.0,0.0
2023-11-06 13:00:00+09:00,7300.0,7340.0,7300.0,7330.0,3515,0.0,0.0
2023-11-06 14:00:00+09:00,7330.0,7340.0,7290.0,7300.0,14256,0.0,0.0
2023-11-07 09:00:00+09:00,7310.0,7700.0,7240.0,7460.0,159280,0.0,0.0
2023-11-07 10:00:00+09:00,7430.0,8000.0,7400.0,7590.0,619682,0.0,0.0
2023-11-07 11:00:00+09:00,7590.0,7670.0,7450.0,7470.0,69012,0.0,0.0
2023-11-07 12:00:00+09:00,7470.0,7540.0,7410.0,7440.0,48278,0.0,0.0
2023-11-07 13:00:00+09:00,7420.0,7480.0,7370.0,7410.0,27845,0.0,0.0
2023-11-07 14:00:00+09:00,7400.0,7400.0,7250.0,7330.0,59278,0.0,0.0
2023-11-08 09:00:00+09:00,7290.0,7380.0,7240.0,7310.0,37030,0.0,0.0
2023-11-08 10:00:00+09:00,7300.0,7350.0,7260.0,7320.0,11237,0.0,0.0
2023-11-08 11:00:00+09:00,7270.0,7320.0,7270.0,7300.0,2896,0.0,0.0
2023-11-08 12:00:00+09:00,7290.0,7300.0,7260.0,7260.0,6497,0.0,0.0
2023-11-08 13:00:00+09:00,7270.0,7310.0,7260.0,7310.0,2362,0.0,0.0
2023-11-08 14:00:00+09:00,7300.0,7310.0,7230.0,7250.0,12703,0.0,0.0
2023-11-09 09:00:00+09:00,7210.0,7300.0,7170.0,7190.0,15648,0.0,0.0
2023-11-09 10:00:00+09:00,7190.0,7250.0,7180.0,7220.0,6293,0.0,0.0
2023-11-09 11:00:00+09:00,7240.0,7250.0,7190.0,7230.0,5001,0.0,0.0
2023-11-09 12:00:00+09:00,7230.0,7230.0,7180.0,7190.0,5633,0.0,0.0
2023-11-09 13:00:00+09:00,7200.0,7230.0,7180.0,7190.0,2496,0.0,0.0
2023-11-09 14:00:00+09:00,7220.0,7240.0,7180.0,7220.0,3462,0.0,0.0
2023-11-10 09:00:00+09:00,7160.0,7300.0,7160.0,7220.0,0,0.0,0.0
2023-11-10 10:00:00+09:00,7240.0,7260.0,7190.0,7210.0,24943,0.0,0.0
2023-11-10 11:00:00+09:00,7210.0,7240.0,7190.0,7190.0,4716,0.0,0.0
2023-11-10 12:00:00+09:00,7190.0,7200.0,7120.0,7140.0,14646,0.0,0.0
2023-11-10 13:00:00+09:00,7140.0,7180.0,7120.0,7150.0,8417,0.0,0.0
2023-11-10 14:00:00+09:00,7150.0,7200.0,7150.0,7150.0,5538,0.0,0.0
2023-11-13 09:00:00+09:00,7160.0,7200.0,7140.0,7140.0,0,0.0,0.0
2023-11-13 10:00:00+09:00,7150.0,7180.0,7130.0,7170.0,1634,0.0,0.0
2023-11-13 11:00:00+09:00,7170.0,7170.0,7080.0,7080.0,10655,0.0,0.0
2023-11-13 12:00:00+09:00,7080.0,7120.0,7050.0,7050.0,9589,0.0,0.0
2023-11-13 13:00:00+09:00,7060.0,7110.0,7030.0,7050.0,6593,0.0,0.0
2023-11-13 14:00:00+09:00,7050.0,7080.0,7000.0,7010.0,23052,0.0,0.0
2023-11-14 09:00:00+09:00,7020.0,7180.0,7020.0,7180.0,15545,0.0,0.0
2023-11-14 10:00:00+09:00,7170.0,7220.0,7140.0,7220.0,4738,0.0,0.0
2023-11-14 11:00:00+09:00,7220.0,7270.0,7150.0,7250.0,8219,0.0,0.0
2023-11-14 12:00:00+09:00,7250.0,7290.0,7240.0,7280.0,6143,0.0,0.0
2023-11-14 13:00:00+09:00,7270.0,7290.0,7250.0,7280.0,8891,0.0,0.0
2023-11-14 14:00:00+09:00,7280.0,7290.0,7230.0,7270.0,4589,0.0,0.0
2023-11-15 09:00:00+09:00,7230.0,7370.0,7230.0,7310.0,10958,0.0,0.0
2023-11-15 10:00:00+09:00,7320.0,7360.0,7320.0,7350.0,8672,0.0,0.0
2023-11-15 11:00:00+09:00,7350.0,7360.0,7330.0,7350.0,2309,0.0,0.0
2023-11-15 12:00:00+09:00,7340.0,7360.0,7330.0,7330.0,7273,0.0,0.0
2023-11-15 13:00:00+09:00,7330.0,7350.0,7320.0,7340.0,2179,0.0,0.0
2023-11-15 14:00:00+09:00,7340.0,7340.0,7310.0,7310.0,4196,0.0,0.0
2023-11-16 10:00:00+09:00,7260.0,7380.0,7260.0,7270.0,3980,0.0,0.0
2023-11-16 11:00:00+09:00,7290.0,7360.0,7270.0,7350.0,4744,0.0,0.0
2023-11-16 12:00:00+09:00,7340.0,7350.0,7330.0,7350.0,1099,0.0,0.0
2023-11-16 13:00:00+09:00,7350.0,7360.0,7300.0,7340.0,3230,0.0,0.0
2023-11-16 14:00:00+09:00,7340.0,7340.0,7310.0,7310.0,812,0.0,0.0
2023-11-17 09:00:00+09:00,7270.0,7360.0,7230.0,7240.0,4950,0.0,0.0
2023-11-17 10:00:00+09:00,7280.0,7300.0,7240.0,7300.0,2574,0.0,0.0
2023-11-17 11:00:00+09:00,7250.0,7270.0,7220.0,7220.0,5122,0.0,0.0
2023-11-17 12:00:00+09:00,7220.0,7260.0,7200.0,7210.0,3124,0.0,0.0
2023-11-17 13:00:00+09:00,7230.0,7230.0,7180.0,7190.0,3757,0.0,0.0
2023-11-17 14:00:00+09:00,7180.0,7250.0,7180.0,7200.0,1852,0.0,0.0
2023-11-20 09:00:00+09:00,7320.0,7320.0,7120.0,7230.0,0,0.0,0.0
2023-11-20 10:00:00+09:00,7230.0,7260.0,7220.0,7240.0,1903,0.0,0.0
2023-11-20 11:00:00+09:00,7250.0,7290.0,7230.0,7230.0,1839,0.0,0.0
2023-11-20 12:00:00+09:00,7250.0,7270.0,7220.0,7270.0,1699,0.0,0.0
2023-11-20 13:00:00+09:00,7240.0,7270.0,7230.0,7270.0,1627,0.0,0.0
2023-11-20 14:00:00+09:00,7270.0,7270.0,7230.0,7230.0,1949,0.0,0.0
2023-11-21 09:00:00+09:00,7230.0,7280.0,7210.0,7260.0,3910,0.0,0.0
2023-11-21 10:00:00+09:00,7260.0,7290.0,7250.0,7270.0,2661,0.0,0.0
2023-11-21 11:00:00+09:00,7290.0,7290.0,7260.0,7260.0,593,0.0,0.0
2023-11-21 12:00:00+09:00,7270.0,7280.0,7260.0,7280.0,782,0.0,0.0
2023-11-21 13:00:00+09:00,7280.0,7290.0,7220.0,7260.0,5662,0.0,0.0
2023-11-21 14:00:00+09:00,7250.0,7260.0,7170.0,7230.0,11904,0.0,0.0
2023-11-22 09:00:00+09:00,7220.0,7230.0,7150.0,7180.0,6543,0.0,0.0
2023-11-22 10:00:00+09:00,7170.0,7180.0,7130.0,7140.0,9672,0.0,0.0
2023-11-22 11:00:00+09:00,7140.0,7140.0,7100.0,7120.0,10740,0.0,0.0
2023-11-22 12:00:00+09:00,7130.0,7140.0,7100.0,7110.0,6898,0.0,0.0
2023-11-22 13:00:00+09:00,7120.0,7170.0,7110.0,7120.0,3894,0.0,0.0
2023-11-22 14:00:00+09:00,7120.0,7140.0,7110.0,7110.0,5970,0.0,0.0
2023-11-23 09:00:00+09:00,7130.0,7180.0,7110.0,7140.0,8464,0.0,0.0
2023-11-23 10:00:00+09:00,7140.0,7170.0,7120.0,7120.0,3965,0.0,0.0
2023-11-23 11:00:00+09:00,7120.0,7160.0,7120.0,7130.0,2096,0.0,0.0
2023-11-23 12:00:00+09:00,7130.0,7160.0,7120.0,7120.0,3347,0.0,0.0
2023-11-23 13:00:00+09:00,7120.0,7160.0,7120.0,7120.0,1690,0.0,0.0
2023-11-23 14:00:00+09:00,7120.0,7150.0,7090.0,7100.0,11166,0.0,0.0
2023-11-24 09:00:00+09:00,7180.0,7180.0,7120.0,7160.0,2993,0.0,0.0
2023-11-24 10:00:00+09:00,7160.0,7170.0,7150.0,7150.0,2321,0.0,0.0
2023-11-24 11:00:00+09:00,7150.0,7190.0,7140.0,7170.0,4080,0.0,0.0
2023-11-24 12:00:00+09:00,7170.0,7200.0,7160.0,7170.0,2944,0.0,0.0
2023-11-24 13:00:00+09:00,7170.0,7180.0,7160.0,7160.0,1276,0.0,0.0
2023-11-24 14:00:00+09:00,7160.0,7180.0,7150.0,7170.0,3549,0.0,0.0
2023-11-27 09:00:00+09:00,7180.0,7230.0,7180.0,7200.0,0,0.0,0.0
2023-11-27 10:00:00+09:00,7200.0,7210.0,7170.0,7210.0,4571,0.0,0.0
2023-11-27 11:00:00+09:00,7210.0,7220.0,7170.0,7180.0,3321,0.0,0.0
2023-11-27 12:00:00+09:00,7170.0,7180.0,7170.0,7170.0,5884,0.0,0.0
2023-11-27 13:00:00+09:00,7170.0,7200.0,7170.0,7170.0,1068,0.0,0.0
2023-11-27 14:00:00+09:00,7170.0,7210.0,7170.0,7170.0,1307,0.0,0.0
2023-11-28 09:00:00+09:00,7210.0,7220.0,7180.0,7200.0,3540,0.0,0.0
2023-11-28 10:00:00+09:00,7190.0,7190.0,7160.0,7160.0,1328,0.0,0.0
2023-11-28 11:00:00+09:00,7180.0,7190.0,7170.0,7170.0,862,0.0,0.0
2023-11-28 12:00:00+09:00,7170.0,7190.0,7140.0,7150.0,5575,0.0,0.0
2023-11-28 13:00:00+09:00,7150.0,7180.0,7130.0,7170.0,1953,0.0,0.0
2023-11-28 14:00:00+09:00,7160.0,7160.0,7120.0,7120.0,6862,0.0,0.0
2023-11-29 09:00:00+09:00,7160.0,7160.0,7130.0,7130.0,3763,0.0,0.0
2023-11-29 10:00:00+09:00,7140.0,7150.0,7120.0,7130.0,2152,0.0,0.0
2023-11-29 11:00:00+09:00,7120.0,7140.0,7110.0,7120.0,2167,0.0,0.0
2023-11-29 12:00:00+09:00,7120.0,7130.0,7120.0,7130.0,816,0.0,0.0
2023-11-29 13:00:00+09:00,7130.0,7140.0,7120.0,7130.0,2483,0.0,0.0
2023-11-29 14:00:00+09:00,7140.0,7140.0,7110.0,7110.0,7919,0.0,0.0
2023-11-30 09:00:00+09:00,7160.0,7180.0,7090.0,7120.0,2661,0.0,0.0
2023-11-30 10:00:00+09:00,7120.0,7150.0,7110.0,7110.0,2196,0.0,0.0
2023-11-30 11:00:00+09:00,7110.0,7130.0,7110.0,7110.0,2204,0.0,0.0
2023-11-30 12:00:00+09:00,7110.0,7150.0,7110.0,7150.0,940,0.0,0.0
2023-11-30 13:00:00+09:00,7150.0,7170.0,7140.0,7170.0,3033,0.0,0.0
2023-11-30 14:00:00+09:00,7170.0,7190.0,7150.0,7150.0,2004,0.0,0.0
2023-12-01 09:00:00+09:00,7170.0,7170.0,7100.0,7140.0,2082,0.0,0.0
2023-12-01 10:00:00+09:00,7140.0,7190.0,7140.0,7180.0,3120,0.0,0.0
2023-12-01 11:00:00+09:00,7180.0,7180.0,7140.0,7150.0,2810,0.0,0.0
2023-12-01 12:00:00+09:00,7150.0,7150.0,7140.0,7140.0,742,0.0,0.0
2023-12-01 13:00:00+09:00,7140.0,7180.0,7140.0,7180.0,1007,0.0,0.0
2023-12-01 14:00:00+09:00,7170.0,7230.0,7140.0,7170.0,6833,0.0,0.0
2023-12-04 09:00:00+09:00,8000.0,8000.0,7330.0,7350.0,338514,0.0,0.0
2023-12-04 10:00:00+09:00,7350.0,7630.0,7350.0,7510.0,185676,0.0,0.0
2023-12-04 11:00:00+09:00,7480.0,7550.0,7450.0,7470.0,36918,0.0,0.0
2023-12-04 12:00:00+09:00,7490.0,7500.0,7450.0,7470.0,24624,0.0,0.0
2023-12-04 13:00:00+09:00,7460.0,7490.0,7390.0,7430.0,23940,0.0,0.0
2023-12-04 14:00:00+09:00,7430.0,7430.0,7380.0,7410.0,9380,0.0,0.0
2023-12-05 09:00:00+09:00,7670.0,8080.0,7460.0,7670.0,1161210,0.0,0.0
2023-12-05 10:00:00+09:00,7680.0,7850.0,7520.0,7580.0,244333,0.0,0.0
2023-12-05 11:00:00+09:00,7580.0,7580.0,7440.0,7480.0,73611,0.0,0.0
2023-12-05 12:00:00+09:00,7470.0,7610.0,7450.0,7580.0,54893,0.0,0.0
2023-12-05 13:00:00+09:00,7580.0,7580.0,7480.0,7500.0,37311,0.0,0.0
2023-12-05 14:00:00+09:00,7490.0,7520.0,7360.0,7360.0,59431,0.0,0.0
2023-12-06 09:00:00+09:00,7520.0,7560.0,7360.0,7440.0,60581,0.0,0.0
2023-12-06 10:00:00+09:00,7440.0,7500.0,7390.0,7470.0,15324,0.0,0.0
2023-12-06 11:00:00+09:00,7470.0,7670.0,7440.0,7500.0,63750,0.0,0.0
2023-12-06 12:00:00+09:00,7510.0,7520.0,7450.0,7520.0,7987,0.0,0.0
2023-12-06 13:00:00+09:00,7520.0,7570.0,7480.0,7510.0,20932,0.0,0.0
2023-12-06 14:00:00+09:00,7510.0,7550.0,7490.0,7540.0,12682,0.0,0.0
2023-12-07 09:00:00+09:00,7450.0,7530.0,7370.0,7460.0,33520,0.0,0.0
2023-12-07 10:00:00+09:00,7450.0,7470.0,7380.0,7400.0,12970,0.0,0.0
2023-12-07 11:00:00+09:00,7400.0,7450.0,7370.0,7390.0,17609,0.0,0.0
2023-12-07 12:00:00+09:00,7390.0,7440.0,7390.0,7420.0,5888,0.0,0.0
2023-12-07 13:00:00+09:00,7410.0,7430.0,7390.0,7420.0,4383,0.0,0.0
2023-12-07 14:00:00+09:00,7420.0,7430.0,7380.0,7410.0,18574,0.0,0.0
2023-12-08 09:00:00+09:00,8160.0,9570.0,8100.0,8990.0,3530974,0.0,0.0
2023-12-08 10:00:00+09:00,8990.0,9160.0,8860.0,9000.0,703986,0.0,0.0
2023-12-08 11:00:00+09:00,9000.0,9000.0,8280.0,8370.0,782547,0.0,0.0
2023-12-08 12:00:00+09:00,8370.0,8400.0,8210.0,8280.0,306319,0.0,0.0
2023-12-08 13:00:00+09:00,8270.0,8290.0,8040.0,8100.0,295454,0.0,0.0
2023-12-08 14:00:00+09:00,8100.0,8450.0,8060.0,8110.0,684785,0.0,0.0
2023-12-11 09:00:00+09:00,8190.0,8250.0,7980.0,8100.0,0,0.0,0.0
2023-12-11 10:00:00+09:00,8100.0,8120.0,8020.0,8040.0,63882,0.0,0.0
2023-12-11 11:00:00+09:00,8040.0,8070.0,7980.0,7990.0,50863,0.0,0.0
2023-12-11 12:00:00+09:00,7990.0,8010.0,7940.0,7960.0,47335,0.0,0.0
2023-12-11 13:00:00+09:00,7960.0,7980.0,7940.0,7950.0,32838,0.0,0.0
2023-12-11 14:00:00+09:00,7950.0,7950.0,7860.0,7910.0,73968,0.0,0.0
2023-12-12 09:00:00+09:00,7710.0,7790.0,7610.0,7680.0,142940,0.0,0.0
2023-12-12 10:00:00+09:00,7680.0,7790.0,7630.0,7750.0,37927,0.0,0.0
2023-12-12 11:00:00+09:00,7750.0,7750.0,7720.0,7730.0,7409,0.0,0.0
2023-12-12 12:00:00+09:00,7730.0,7790.0,7720.0,7720.0,13018,0.0,0.0
2023-12-12 13:00:00+09:00,7730.0,7820.0,7700.0,7780.0,22457,0.0,0.0
2023-12-12 14:00:00+09:00,7780.0,7780.0,7670.0,7740.0,34374,0.0,0.0
2023-12-13 09:00:00+09:00,7620.0,7660.0,7440.0,7500.0,114682,0.0,0.0
2023-12-13 10:00:00+09:00,7500.0,7570.0,7500.0,7520.0,20447,0.0,0.0
2023-12-13 11:00:00+09:00,7520.0,7550.0,7480.0,7550.0,21813,0.0,0.0
2023-12-13 12:00:00+09:00,7550.0,7580.0,7520.0,7530.0,15659,0.0,0.0
2023-12-13 13:00:00+09:00,7550.0,7590.0,7540.0,7580.0,11650,0.0,0.0
2023-12-13 14:00:00+09:00,7570.0,7580.0,7510.0,7530.0,23356,0.0,0.0
2023-12-14 09:00:00+09:00,7590.0,7680.0,7520.0,7540.0,54620,0.0,0.0
2023-12-14 10:00:00+09:00,7550.0,7560.0,7510.0,7510.0,29576,0.0,0.0
2023-12-14 11:00:00+09:00,7510.0,7510.0,7480.0,7500.0,23266,0.0,0.0
2023-12-14 12:00:00+09:00,7500.0,7520.0,7490.0,7510.0,10960,0.0,0.0
2023-12-14 13:00:00+09:00,7510.0,7540.0,7500.0,7520.0,11909,0.0,0.0
2023-12-14 14:00:00+09:00,7530.0,7540.0,7450.0,7460.0,37671,0.0,0.0
2023-12-15 09:00:00+09:00,7520.0,7560.0,7400.0,7540.0,42233,0.0,0.0
2023-12-15 10:00:00+09:00,7540.0,7580.0,7530.0,7570.0,20551,0.0,0.0
2023-12-15 11:00:00+09:00,7570.0,7590.0,7560.0,7560.0,14468,0.0,0.0
2023-12-15 12:00:00+09:00,7560.0,7570.0,7510.0,7570.0,16827,0.0,0.0
2023-12-15 13:00:00+09:00,7570.0,7570.0,7520.0,7530.0,7710,0.0,0.0
2023-12-15 14:00:00+09:00,7520.0,7560.0,7520.0,7520.0,11092,0.0,0.0
2023-12-18 09:00:00+09:00,7550.0,7550.0,7420.0,7460.0,0,0.0,0.0
2023-12-18 10:00:00+09:00,7450.0,7460.0,7360.0,7450.0,40505,0.0,0.0
2023-12-18 11:00:00+09:00,7450.0,7450.0,7420.0,7420.0,8498,0.0,0.0
2023-12-18 12:00:00+09:00,7450.0,7450.0,7420.0,7450.0,7185,0.0,0.0
2023-12-18 13:00:00+09:00,7440.0,7460.0,7430.0,7440.0,4805,0.0,0.0
2023-12-18 14:00:00+09:00,7450.0,7460.0,7420.0,7440.0,12350,0.0,0.0
2023-12-19 09:00:00+09:00,7380.0,7480.0,7380.0,7450.0,49308,0.0,0.0
2023-12-19 10:00:00+09:00,7450.0,7460.0,7410.0,7410.0,14524,0.0,0.0
2023-12-19 11:00:00+09:00,7440.0,7520.0,7440.0,7490.0,26266,0.0,0.0
2023-12-19 12:00:00+09:00,7490.0,7490.0,7420.0,7450.0,7095,0.0,0.0
2023-12-19 13:00:00+09:00,7440.0,7460.0,7410.0,7430.0,10465,0.0,0.0
2023-12-19 14:00:00+09:00,7430.0,7460.0,7420.0,7430.0,7514,0.0,0.0
2023-12-20 09:00:00+09:00,7490.0,7520.0,7440.0,7470.0,18801,0.0,0.0
2023-12-20 10:00:00+09:00,7470.0,7490.0,7450.0,7480.0,19522,0.0,0.0
2023-12-20 11:00:00+09:00,7480.0,7480.0,7440.0,7460.0,7551,0.0,0.0
2023-12-20 12:00:00+09:00,7460.0,7490.0,7450.0,7450.0,6492,0.0,0.0
2023-12-20 13:00:00+09:00,7460.0,7460.0,7430.0,7440.0,14554,0.0,0.0
2023-12-20 14:00:00+09:00,7440.0,7460.0,7420.0,7460.0,17149,0.0,0.0
2023-12-21 09:00:00+09:00,7440.0,7480.0,7380.0,7430.0,15422,0.0,0.0
2023-12-21 10:00:00+09:00,7430.0,7450.0,7410.0,7420.0,12454,0.0,0.0
2023-12-21 11:00:00+09:00,7410.0,7440.0,7390.0,7400.0,12748,0.0,0.0
2023-12-21 12:00:00+09:00,7410.0,7420.0,7390.0,7410.0,6070,0.0,0.0
2023-12-21 13:00:00+09:00,7410.0,7430.0,7390.0,7390.0,13863,0.0,0.0
2023-12-21 14:00:00+09:00,7400.0,7410.0,7360.0,7380.0,24672,0.0,0.0
2023-12-22 09:00:00+09:00,7380.0,7470.0,7340.0,7380.0,24079,0.0,0.0
2023-12-22 10:00:00+09:00,7380.0,7420.0,7380.0,7410.0,4555,0.0,0.0
2023-12-22 11:00:00+09:00,7400.0,7410.0,7370.0,7380.0,12280,0.0,0.0
2023-12-22 12:00:00+09:00,7380.0,7410.0,7380.0,7390.0,2189,0.0,0.0
2023-12-22 13:00:00+09:00,7400.0,7420.0,7370.0,7400.0,9235,0.0,0.0
2023-12-22 14:00:00+09:00,7400.0,7420.0,7370.0,7400.0,7803,0.0,0.0
2023-12-26 09:00:00+09:00,7470.0,7490.0,7400.0,7400.0,0,0.0,0.0
2023-12-26 10:00:00+09:00,7400.0,7420.0,7390.0,7390.0,6979,0.0,0.0
2023-12-26 11:00:00+09:00,7400.0,7410.0,7380.0,7390.0,4108,0.0,0.0
2023-12-26 12:00:00+09:00,7390.0,7400.0,7370.0,7400.0,6587,0.0,0.0
2023-12-26 13:00:00+09:00,7380.0,7400.0,7370.0,7400.0,7053,0.0,0.0
2023-12-26 14:00:00+09:00,7390.0,7420.0,7390.0,7390.0,1865,0.0,0.0
2023-12-27 09:00:00+09:00,7400.0,7470.0,7250.0,7350.0,35998,0.0,0.0
2023-12-27 10:00:00+09:00,7350.0,7380.0,7280.0,7350.0,7903,0.0,0.0
2023-12-27 11:00:00+09:00,7350.0,7380.0,7330.0,7340.0,3777,0.0,0.0
2023-12-27 12:00:00+09:00,7350.0,7370.0,7320.0,7350.0,2805,0.0,0.0
2023-12-27 13:00:00+09:00,7360.0,7380.0,7340.0,7360.0,3196,0.0,0.0
2023-12-27 14:00:00+09:00,7360.0,7410.0,7360.0,7400.0,3559,0.0,0.0
2023-12-28 09:00:00+09:00,7430.0,7470.0,7320.0,7470.0,10676,0.0,0.0
2023-12-28 10:00:00+09:00,7460.0,7470.0,7440.0,7440.0,8601,0.0,0.0
2023-12-28 11:00:00+09:00,7440.0,7470.0,7440.0,7440.0,5916,0.0,0.0
2023-12-28 12:00:00+09:00,7440.0,7480.0,7440.0,7450.0,7698,0.0,0.0
2023-12-28 13:00:00+09:00,7450.0,7470.0,7440.0,7470.0,10315,0.0,0.0
2023-12-28 14:00:00+09:00,7470.0,7480.0,7440.0,7470.0,9786,0.0,0.0
2024-01-02 10:00:00+09:00,7490.0,7520.0,7410.0,7480.0,18310,0.0,0.0
2024-01-02 11:00:00+09:00,7490.0,7530.0,7480.0,7520.0,12005,0.0,0.0
2024-01-02 12:00:00+09:00,7520.0,7550.0,7510.0,7530.0,10087,0.0,0.0
2024-01-02 13:00:00+09:00,7530.0,7550.0,7520.0,7540.0,5784,0.0,0.0
2024-01-02 14:00:00+09:00,7540.0,7580.0,7520.0,7550.0,11290,0.0,0.0
2024-01-03 09:00:00+09:00,7570.0,7610.0,7500.0,7550.0,23668,0.0,0.0
2024-01-03 10:00:00+09:00,7550.0,7590.0,7540.0,7590.0,3486,0.0,0.0
2024-01-03 11:00:00+09:00,7580.0,7640.0,7570.0,7620.0,8915,0.0,0.0
2024-01-03 12:00:00+09:00,7620.0,8310.0,7610.0,7790.0,1194238,0.0,0.0
2024-01-03 13:00:00+09:00,7750.0,7810.0,7710.0,7710.0,82420,0.0,0.0
2024-01-03 14:00:00+09:00,7710.0,7770.0,7690.0,7730.0,31906,0.0,0.0
2024-01-04 09:00:00+09:00,7760.0,7800.0,7650.0,7760.0,69100,0.0,0.0
2024-01-04 10:00:00+09:00,7760.0,7850.0,7670.0,7800.0,65388,0.0,0.0
2024-01-04 11:00:00+09:00,7800.0,7950.0,7790.0,7860.0,148559,0.0,0.0
2024-01-04 12:00:00+09:00,7860.0,7860.0,7790.0,7800.0,25670,0.0,0.0
2024-01-04 13:00:00+09:00,7820.0,7840.0,7740.0,7740.0,19821,0.0,0.0
2024-01-04 14:00:00+09:00,7750.0,7810.0,7730.0,7770.0,16078,0.0,0.0
2024-01-05 09:00:00+09:00,7860.0,7870.0,7680.0,7750.0,37348,0.0,0.0
2024-01-05 10:00:00+09:00,7750.0,7870.0,7740.0,7810.0,14055,0.0,0.0
2024-01-05 11:00:00+09:00,7810.0,7810.0,7740.0,7750.0,14273,0.0,0.0
2024-01-05 12:00:00+09:00,7750.0,7770.0,7710.0,7740.0,15534,0.0,0.0
2024-01-05 13:00:00+09:00,7740.0,7740.0,7670.0,7690.0,25427,0.0,0.0
2024-01-05 14:00:00+09:00,7720.0,7730.0,7670.0,7690.0,10643,0.0,0.0
2024-01-08 09:00:00+09:00,7730.0,7820.0,7710.0,7780.0,0,0.0,0.0
2024-01-08 10:00:00+09:00,7800.0,7810.0,7770.0,7800.0,9819,0.0,0.0
2024-01-08 11:00:00+09:00,7790.0,7880.0,7750.0,7820.0,18220,0.0,0.0
2024-01-08 12:00:00+09:00,7810.0,7830.0,7730.0,7790.0,14163,0.0,0.0
2024-01-08 13:00:00+09:00,7790.0,7830.0,7750.0,7770.0,4518,0.0,0.0
2024-01-08 14:00:00+09:00,7770.0,7810.0,7750.0,7790.0,9970,0.0,0.0
2024-01-09 09:00:00+09:00,7800.0,7800.0,7710.0,7750.0,20718,0.0,0.0
2024-01-09 10:00:00+09:00,7780.0,7810.0,7750.0,7810.0,9019,0.0,0.0
2024-01-09 11:00:00+09:00,7810.0,7820.0,7780.0,7790.0,3535,0.0,0.0
2024-01-09 12:00:00+09:00,7790.0,7870.0,7790.0,7820.0,11253,0.0,0.0
2024-01-09 13:00:00+09:00,7850.0,7860.0,7800.0,7820.0,15512,0.0,0.0
2024-01-09 14:00:00+09:00,7820.0,7840.0,7810.0,7810.0,8926,0.0,0.0
2024-01-10 09:00:00+09:00,7850.0,7880.0,7800.0,7820.0,23049,0.0,0.0
2024-01-10 10:00:00+09:00,7830.0,7860.0,7820.0,7860.0,3818,0.0,0.0
2024-01-10 11:00:00+09:00,7850.0,7850.0,7820.0,7830.0,2100,0.0,0.0
2024-01-10 12:00:00+09:00,7830.0,7850.0,7820.0,7850.0,3210,0.0,0.0
2024-01-10 13:00:00+09:00,7850.0,7850.0,7720.0,7760.0,25396,0.0,0.0
2024-01-10 14:00:00+09:00,7760.0,7780.0,7720.0,7740.0,13527,0.0,0.0
2024-01-11 09:00:00+09:00,7790.0,7850.0,7720.0,7820.0,17952,0.0,0.0
2024-01-11 10:00:00+09:00,7840.0,7890.0,7820.0,7830.0,17208,0.0,0.0
2024-01-11 11:00:00+09:00,7840.0,7890.0,7840.0,7860.0,12106,0.0,0.0
2024-01-11 12:00:00+09:00,7860.0,7930.0,7860.0,7890.0,24916,0.0,0.0
2024-01-11 13:00:00+09:00,7880.0,7900.0,7860.0,7880.0,8060,0.0,0.0
2024-01-11 14:00:00+09:00,7870.0,7930.0,7860.0,7920.0,18854,0.0,0.0
2024-01-12 09:00:00+09:00,8200.0,8200.0,7840.0,8060.0,190383,0.0,0.0
2024-01-12 10:00:00+09:00,8060.0,8200.0,7940.0,8000.0,153977,0.0,0.0
2024-01-12 11:00:00+09:00,8000.0,8020.0,7960.0,7980.0,17780,0.0,0.0
2024-01-12 12:00:00+09:00,7980.0,8050.0,7950.0,7980.0,15394,0.0,0.0
2024-01-12 13:00:00+09:00,7980.0,8010.0,7920.0,7940.0,18715,0.0,0.0
2024-01-12 14:00:00+09:00,7940.0,7960.0,7880.0,7900.0,22143,0.0,0.0
2024-01-15 09:00:00+09:00,7820.0,8060.0,7820.0,8000.0,0,0.0,0.0
2024-01-15 10:00:00+09:00,7990.0,8050.0,7940.0,8000.0,44518,0.0,0.0
2024-01-15 11:00:00+09:00,8010.0,8200.0,7980.0,8100.0,113719,0.0,0.0
2024-01-15 12:00:00+09:00,8100.0,8110.0,8050.0,8060.0,23627,0.0,0.0
2024-01-15 13:00:00+09:00,8060.0,8060.0,7960.0,8020.0,16885,0.0,0.0
2024-01-15 14:00:00+09:00,8030.0,8060.0,7990.0,8050.0,10907,0.0,0.0
2024-01-16 09:00:00+09:00,8050.0,8060.0,7870.0,7910.0,48035,0.0,0.0
2024-01-16 10:00:00+09:00,7910.0,7960.0,7880.0,7910.0,15968,0.0,0.0
2024-01-16 11:00:00+09:00,7920.0,7990.0,7920.0,7940.0,2709,0.0,0.0
2024-01-16 12:00:00+09:00,7940.0,7940.0,7910.0,7930.0,5968,0.0,0.0
2024-01-16 13:00:00+09:00,7930.0,7950.0,7900.0,7930.0,9270,0.0,0.0
2024-01-16 14:00:00+09:00,7940.0,7950.0,7900.0,7920.0,6617,0.0,0.0
2024-01-17 09:00:00+09:00,7920.0,8080.0,7820.0,7960.0,49856,0.0,0.0
2024-01-17 10:00:00+09:00,7960.0,7980.0,7840.0,7860.0,20310,0.0,0.0
2024-01-17 11:00:00+09:00,7850.0,7870.0,7750.0,7790.0,18683,0.0,0.0
2024-01-17 12:00:00+09:00,7780.0,7820.0,7760.0,7780.0,10958,0.0,0.0
2024-01-17 13:00:00+09:00,7780.0,7780.0,7710.0,7780.0,14037,0.0,0.0
2024-01-17 14:00:00+09:00,7750.0,8100.0,7750.0,7910.0,99380,0.0,0.0
2024-01-18 09:00:00+09:00,8120.0,8370.0,7920.0,7990.0,314970,0.0,0.0
2024-01-18 10:00:00+09:00,8010.0,8290.0,7980.0,8130.0,120953,0.0,0.0
2024-01-18 11:00:00+09:00,8130.0,8190.0,8090.0,8110.0,69874,0.0,0.0
2024-01-18 12:00:00+09:00,8110.0,8190.0,8100.0,8120.0,35256,0.0,0.0
2024-01-18 13:00:00+09:00,8110.0,8270.0,8100.0,8260.0,89423,0.0,0.0
2024-01-18 14:00:00+09:00,8260.0,8270.0,8110.0,8140.0,61541,0.0,0.0
2024-01-19 09:00:00+09:00,8070.0,8120.0,8000.0,8080.0,59328,0.0,0.0
2024-01-19 10:00:00+09:00,8080.0,8200.0,8080.0,8170.0,27428,0.0,0.0
2024-01-19 11:00:00+09:00,8170.0,8190.0,8120.0,8120.0,18612,0.0,0.0
2024-01-19 12:00:00+09:00,8110.0,8130.0,8080.0,8080.0,18939,0.0,0.0
2024-01-19 13:00:00+09:00,8080.0,8100.0,8050.0,8060.0,10529,0.0,0.0
2024-01-19 14:00:00+09:00,8060.0,8130.0,8050.0,8110.0,14318,0.0,0.0
2024-01-22 09:00:00+09:00,8030.0,8110.0,7810.0,7850.0,0,0.0,0.0
2024-01-22 10:00:00+09:00,7870.0,7900.0,7830.0,7890.0,16171,0.0,0.0
2024-01-22 11:00:00+09:00,7900.0,7930.0,7880.0,7900.0,6085,0.0,0.0
2024-01-22 12:00:00+09:00,7910.0,7910.0,7880.0,7900.0,4912,0.0,0.0
2024-01-22 13:00:00+09:00,7900.0,7920.0,7880.0,7890.0,7476,0.0,0.0
2024-01-22 14:00:00+09:00,7890.0,7920.0,7850.0,7850.0,15920,0.0,0.0
2024-01-23 09:00:00+09:00,7880.0,7900.0,7830.0,7890.0,15726,0.0,0.0
2024-01-23 10:00:00+09:00,7880.0,7910.0,7860.0,7890.0,15344,0.0,0.0
2024-01-23 11:00:00+09:00,7890.0,7910.0,7890.0,7890.0,4393,0.0,0.0
2024-01-23 12:00:00+09:00,7890.0,7910.0,7880.0,7880.0,6563,0.0,0.0
2024-01-23 13:00:00+09:00,7880.0,7900.0,7830.0,7850.0,16027,0.0,0.0
2024-01-23 14:00:00+09:00,7850.0,7870.0,7830.0,7850.0,6192,0.0,0.0
2024-01-24 09:00:00+09:00,7830.0,7910.0,7770.0,7790.0,23574,0.0,0.0
2024-01-24 10:00:00+09:00,7790.0,7840.0,7760.0,7810.0,8956,0.0,0.0
2024-01-24 11:00:00+09:00,7790.0,7840.0,7760.0,7800.0,5242,0.0,0.0
2024-01-24 12:00:00+09:00,7780.0,7800.0,7770.0,7800.0,1747,0.0,0.0
2024-01-24 13:00:00+09:00,7800.0,7810.0,7740.0,7750.0,21315,0.0,0.0
2024-01-24 14:00:00+09:00,7750.0,7780.0,7710.0,7720.0,17179,0.0,0.0
2024-01-25 09:00:00+09:00,7710.0,7720.0,7570.0,7640.0,39973,0.0,0.0
2024-01-25 10:00:00+09:00,7590.0,7630.0,7530.0,7580.0,18927,0.0,0.0
2024-01-25 11:00:00+09:00,7610.0,7710.0,7580.0,7630.0,12102,0.0,0.0
2024-01-25 12:00:00+09:00,7620.0,7640.0,7590.0,7620.0,5013,0.0,0.0
2024-01-25 13:00:00+09:00,7650.0,7730.0,7620.0,7710.0,2460,0.0,0.0
2024-01-25 14:00:00+09:00,7710.0,7710.0,7620.0,7640.0,3264,0.0,0.0
2024-01-26 09:00:00+09:00,7610.0,7740.0,7570.0,7730.0,8765,0.0,0.0
2024-01-26 10:00:00+09:00,7730.0,7780.0,7700.0,7700.0,11670,0.0,0.0
2024-01-26 11:00:00+09:00,7730.0,7750.0,7700.0,7750.0,913,0.0,0.0
2024-01-26 12:00:00+09:00,7750.0,7770.0,7730.0,7760.0,2031,0.0,0.0
2024-01-26 13:00:00+09:00,7760.0,7760.0,7690.0,7700.0,6622,0.0,0.0
2024-01-26 14:00:00+09:00,7690.0,7740.0,7660.0,7730.0,2347,0.0,0.0
2024-01-29 09:00:00+09:00,7840.0,7840.0,7700.0,7700.0,0,0.0,0.0
2024-01-29 10:00:00+09:00,7700.0,7750.0,7700.0,7750.0,915,0.0,0.0
2024-01-29 11:00:00+09:00,7740.0,7750.0,7730.0,7740.0,707,0.0,0.0
2024-01-29 12:00:00+09:00,7740.0,7750.0,7720.0,7740.0,2856,0.0,0.0
2024-01-29 13:00:00+09:00,7740.0,7750.0,7710.0,7730.0,0,0.0,0.0
2024-01-29 14:00:00+09:00,7720.0,7730.0,7680.0,7680.0,20870,0.0,0.0
2024-01-30 09:00:00+09:00,7670.0,7800.0,7660.0,7670.0,7320,0.0,0.0
2024-01-30 10:00:00+09:00,7670.0,7700.0,7630.0,7670.0,3511,0.0,0.0
2024-01-30 11:00:00+09:00,7670.0,7720.0,7650.0,7700.0,2419,0.0,0.0
2024-01-30 12:00:00+09:00,7650.0,7700.0,7650.0,7700.0,5580,0.0,0.0
2024-01-30 13:00:00+09:00,7650.0,7680.0,7650.0,7670.0,2266,0.0,0.0
2024-01-30 14:00:00+09:00,7670.0,7720.0,7670.0,7720.0,2449,0.0,0.0
2024-01-31 09:00:00+09:00,7740.0,7760.0,7630.0,7710.0,10285,0.0,0.0
2024-01-31 10:00:00+09:00,7710.0,7720.0,7620.0,7650.0,12414,0.0,0.0
2024-01-31 11:00:00+09:00,7680.0,7680.0,7610.0,7630.0,6130,0.0,0.0
2024-01-31 12:00:00+09:00,7620.0,7640.0,7600.0,7610.0,3076,0.0,0.0
2024-01-31 13:00:00+09:00,7610.0,7620.0,7600.0,7610.0,6069,0.0,0.0
2024-01-31 14:00:00+09:00,7610.0,7620.0,7570.0,7600.0,7892,0.0,0.0
2024-02-01 09:00:00+09:00,7550.0,7620.0,7540.0,7600.0,14990,0.0,0.0
2024-02-01 10:00:00+09:00,7600.0,7600.0,7540.0,7590.0,8199,0.0,0.0
2024-02-01 11:00:00+09:00,7590.0,7620.0,7560.0,7620.0,7603,0.0,0.0
2024-02-01 12:00:00+09:00,7630.0,7710.0,7620.0,7700.0,2385,0.0,0.0
2024-02-01 13:00:00+09:00,7650.0,7700.0,7620.0,7620.0,2719,0.0,0.0
2024-02-01 14:00:00+09:00,7630.0,7660.0,7620.0,7620.0,3298,0.0,0.0
2024-02-02 09:00:00+09:00,7650.0,7760.0,7650.0,7750.0,8168,0.0,0.0
2024-02-02 10:00:00+09:00,7740.0,7760.0,7710.0,7730.0,6348,0.0,0.0
2024-02-02 11:00:00+09:00,7710.0,7740.0,7680.0,7740.0,4386,0.0,0.0
2024-02-02 12:00:00+09:00,7740.0,7760.0,7710.0,7750.0,4577,0.0,0.0
2024-02-02 13:00:00+09:00,7730.0,7750.0,7710.0,7710.0,3026,0.0,0.0
2024-02-02 14:00:00+09:00,7710.0,7750.0,7680.0,7720.0,5711,0.0,0.0
2024-02-05 09:00:00+09:00,7740.0,7760.0,7660.0,7700.0,0,0.0,0.0
2024-02-05 10:00:00+09:00,7710.0,7720.0,7700.0,7720.0,5105,0.0,0.0
2024-02-05 11:00:00+09:00,7720.0,7780.0,7710.0,7780.0,2779,0.0,0.0
2024-02-05 12:00:00+09:00,7780.0,7780.0,7740.0,7740.0,1399,0.0,0.0
2024-02-05 13:00:00+09:00,7760.0,7780.0,7740.0,7750.0,3197,0.0,0.0
2024-02-05 14:00:00+09:00,7750.0,7770.0,7730.0,7730.0,3183,0.0,0.0
2024-02-06 09:00:00+09:00,7740.0,7790.0,7590.0,7640.0,13100,0.0,0.0
2024-02-06 10:00:00+09:00,7640.0,7750.0,7610.0,7750.0,6245,0.0,0.0
2024-02-06 11:00:00+09:00,7740.0,7750.0,7670.0,7750.0,1558,0.0,0.0
2024-02-06 12:00:00+09:00,7750.0,7750.0,7710.0,7720.0,1209,0.0,0.0
2024-02-06 13:00:00+09:00,7720.0,7770.0,7710.0,7770.0,4322,0.0,0.0
2024-02-06 14:00:00+09:00,7750.0,7760.0,7700.0,7700.0,2293,0.0,0.0
2024-02-07 09:00:00+09:00,7740.0,7770.0,7690.0,7750.0,6718,0.0,0.0
2024-02-07 10:00:00+09:00,7760.0,7760.0,7710.0,7710.0,4529,0.0,0.0
2024-02-07 11:00:00+09:00,7710.0,7750.0,7710.0,7720.0,2177,0.0,0.0
2024-02-07 12:00:00+09:00,7720.0,7720.0,7700.0,7710.0,1348,0.0,0.0
2024-02-07 13:00:00+09:00,7720.0,7720.0,7700.0,7710.0,1155,0.0,0.0
2024-02-07 14:00:00+09:00,7700.0,7720.0,7690.0,7720.0,2254,0.0,0.0
2024-02-08 09:00:00+09:00,7720.0,7770.0,7620.0,7720.0,2801,0.0,0.0
2024-02-08 10:00:00+09:00,7710.0,7750.0,7650.0,7740.0,4770,0.0,0.0
2024-02-08 11:00:00+09:00,7710.0,7730.0,7660.0,7720.0,3108,0.0,0.0
2024-02-08 12:00:00+09:00,7710.0,7740.0,7640.0,7710.0,7730,0.0,0.0
2024-02-08 13:00:00+09:00,7710.0,7710.0,7670.0,7680.0,595,0.0,0.0
2024-02-08 14:00:00+09:00,7680.0,7710.0,7670.0,7680.0,2566,0.0,0.0
2024-02-13 09:00:00+09:00,7750.0,7750.0,7670.0,7740.0,0,0.0,0.0
2024-02-13 10:00:00+09:00,7740.0,7760.0,7700.0,7760.0,3595,0.0,0.0
2024-02-13 11:00:00+09:00,7760.0,7760.0,7730.0,7760.0,1705,0.0,0.0
2024-02-13 12:00:00+09:00,7760.0,7790.0,7760.0,7780.0,3758,0.0,0.0
2024-02-13 13:00:00+09:00,7780.0,7800.0,7760.0,7790.0,6573,0.0,0.0
2024-02-13 14:00:00+09:00,7790.0,7800.0,7760.0,7790.0,2462,0.0,0.0
2024-02-14 09:00:00+09:00,7670.0,7880.0,7670.0,7850.0,14470,0.0,0.0
2024-02-14 10:00:00+09:00,7860.0,7890.0,7840.0,7840.0,15234,0.0,0.0
2024-02-14 11:00:00+09:00,7850.0,7850.0,7830.0,7840.0,1959,0.0,0.0
2024-02-14 12:00:00+09:00,7840.0,7870.0,7840.0,7870.0,2390,0.0,0.0
2024-02-14 13:00:00+09:00,7870.0,7870.0,7850.0,7860.0,4164,0.0,0.0
2024-02-14 14:00:00+09:00,7850.0,7860.0,7840.0,7840.0,6089,0.0,0.0
2024-02-15 09:00:00+09:00,7900.0,7900.0,7820.0,7860.0,10174,0.0,0.0
2024-02-15 10:00:00+09:00,7860.0,7860.0,7820.0,7850.0,2612,0.0,0.0
2024-02-15 11:00:00+09:00,7850.0,7860.0,7830.0,7860.0,2508,0.0,0.0
2024-02-15 12:00:00+09:00,7840.0,7880.0,7840.0,7870.0,7358,0.0,0.0
2024-02-15 13:00:00+09:00,7870.0,7870.0,7850.0,7850.0,422,0.0,0.0
2024-02-15 14:00:00+09:00,7850.0,7870.0,7850.0,7870.0,1363,0.0,0.0
2024-02-16 09:00:00+09:00,7890.0,7890.0,7820.0,7830.0,8857,0.0,0.0
2024-02-16 10:00:00+09:00,7830.0,7870.0,7830.0,7870.0,3322,0.0,0.0
2024-02-16 11:00:00+09:00,7860.0,7880.0,7860.0,7880.0,4529,0.0,0.0
2024-02-16 12:00:00+09:00,7880.0,7890.0,7860.0,7880.0,6663,0.0,0.0
2024-02-16 13:00:00+09:00,7880.0,7880.0,7860.0,7870.0,2346,0.0,0.0
2024-02-16 14:00:00+09:00,7880.0,7940.0,7870.0,7930.0,20362,0.0,0.0
2024-02-19 09:00:00+09:00,7840.0,7990.0,7720.0,7980.0,0,0.0,0.0
2024-02-19 10:00:00+09:00,7980.0,7980.0,7920.0,7930.0,30934,0.0,0.0
2024-02-19 11:00:00+09:00,7930.0,7960.0,7920.0,7930.0,985,0.0,0.0
2024-02-19 12:00:00+09:00,7930.0,7950.0,7910.0,7950.0,5454,0.0,0.0
2024-02-19 13:00:00+09:00,7950.0,7960.0,7930.0,7930.0,2502,0.0,0.0
2024-02-19 14:00:00+09:00,7930.0,7950.0,7910.0,7940.0,3608,0.0,0.0
2024-02-20 09:00:00+09:00,7830.0,7950.0,7830.0,7870.0,4427,0.0,0.0
2024-02-20 10:00:00+09:00,7860.0,7900.0,7820.0,7860.0,7116,0.0,0.0
2024-02-20 11:00:00+09:00,7850.0,7890.0,7850.0,7890.0,518,0.0,0.0
2024-02-20 12:00:00+09:00,7870.0,7900.0,7860.0,7900.0,1898,0.0,0.0
2024-02-20 13:00:00+09:00,7900.0,7900.0,7850.0,7870.0,2068,0.0,0.0
2024-02-20 14:00:00+09:00,7860.0,7900.0,7850.0,7900.0,2326,0.0,0.0
2024-02-21 09:00:00+09:00,7910.0,7910.0,7830.0,7850.0,8195,0.0,0.0
2024-02-21 10:00:00+09:00,7860.0,7910.0,7860.0,7890.0,5483,0.0,0.0
2024-02-21 11:00:00+09:00,7900.0,7920.0,7860.0,7900.0,4510,0.0,0.0
2024-02-21 12:00:00+09:00,7900.0,7930.0,7890.0,7900.0,1378,0.0,0.0
2024-02-21 13:00:00+09:00,7920.0,7920.0,7880.0,7900.0,3419,0.0,0.0
2024-02-21 14:00:00+09:00,7900.0,7910.0,7870.0,7880.0,3381,0.0,0.0
2024-02-22 09:00:00+09:00,7950.0,7980.0,7890.0,7920.0,10639,0.0,0.0
2024-02-22 10:00:00+09:00,7910.0,7920.0,7880.0,7920.0,10356,0.0,0.0
2024-02-22 11:00:00+09:00,7910.0,7920.0,7880.0,7890.0,1132,0.0,0.0
2024-02-22 12:00:00+09:00,7890.0,7910.0,7880.0,7890.0,3109,0.0,0.0
2024-02-22 13:00:00+09:00,7890.0,7900.0,7870.0,7900.0,3716,0.0,0.0
2024-02-22 14:00:00+09:00,7880.0,7900.0,7860.0,7900.0,3032,0.0,0.0
2024-02-23 09:00:00+09:00,7840.0,7870.0,7770.0,7820.0,18547,0.0,0.0
2024-02-23 10:00:00+09:00,7800.0,7840.0,7770.0,7790.0,7462,0.0,0.0
2024-02-23 11:00:00+09:00,7790.0,7830.0,7780.0,7790.0,4985,0.0,0.0
2024-02-23 12:00:00+09:00,7790.0,7800.0,7750.0,7800.0,9731,0.0,0.0
2024-02-23 13:00:00+09:00,7750.0,7800.0,7750.0,7770.0,999,0.0,0.0
2024-02-23 14:00:00+09:00,7770.0,7790.0,7760.0,7770.0,2468,0.0,0.0
2024-02-26 09:00:00+09:00,7730.0,7780.0,7710.0,7730.0,0,0.0,0.0
2024-02-26 10:00:00+09:00,7740.0,7780.0,7710.0,7750.0,3838,0.0,0.0
2024-02-26 11:00:00+09:00,7760.0,7780.0,7750.0,7760.0,479,0.0,0.0
2024-02-26 12:00:00+09:00,7770.0,7780.0,7730.0,7780.0,1915,0.0,0.0
2024-02-26 13:00:00+09:00,7760.0,7800.0,7730.0,7800.0,4883,0.0,0.0
2024-02-26 14:00:00+09:00,7790.0,7800.0,7750.0,7750.0,1362,0.0,0.0
2024-02-27 09:00:00+09:00,7730.0,7790.0,7710.0,7730.0,10887,0.0,0.0
2024-02-27 10:00:00+09:00,7730.0,7770.0,7720.0,7720.0,1788,0.0,0.0
2024-02-27 11:00:00+09:00,7720.0,7760.0,7690.0,7730.0,7791,0.0,0.0
2024-02-27 12:00:00+09:00,7720.0,7780.0,7710.0,7770.0,3212,0.0,0.0
2024-02-27 13:00:00+09:00,7770.0,7840.0,7770.0,7790.0,10331,0.0,0.0
2024-02-27 14:00:00+09:00,7790.0,7820.0,7780.0,7810.0,7357,0.0,0.0
2024-02-28 09:00:00+09:00,7770.0,7850.0,7770.0,7820.0,6130,0.0,0.0
2024-02-28 10:00:00+09:00,7800.0,7850.0,7800.0,7850.0,3315,0.0,0.0
2024-02-28 11:00:00+09:00,7840.0,7840.0,7810.0,7810.0,1564,0.0,0.0
2024-02-28 12:00:00+09:00,7820.0,7820.0,7760.0,7780.0,5313,0.0,0.0
2024-02-28 13:00:00+09:00,7790.0,7820.0,7790.0,7820.0,1149,0.0,0.0
2024-02-28 14:00:00+09:00,7800.0,7820.0,7780.0,7810.0,895,0.0,0.0
2024-02-29 09:00:00+09:00,7720.0,7800.0,7720.0,7750.0,7805,0.0,0.0
2024-02-29 10:00:00+09:00,7760.0,7780.0,7750.0,7780.0,4687,0.0,0.0
2024-02-29 11:00:00+09:00,7760.0,7780.0,7760.0,7780.0,1710,0.0,0.0
2024-02-29 12:00:00+09:00,7780.0,7790.0,7750.0,7770.0,7164,0.0,0.0
2024-02-29 13:00:00+09:00,7770.0,7770.0,7750.0,7750.0,2910,0.0,0.0
2024-02-29 14:00:00+09:00,7750.0,7770.0,7720.0,7720.0,7284,0.0,0.0
2024-03-04 09:00:00+09:00,7740.0,7780.0,7720.0,7760.0,0,0.0,0.0
2024-03-04 10:00:00+09:00,7760.0,7780.0,7740.0,7770.0,4451,0.0,0.0
2024-03-04 11:00:00+09:00,7770.0,7820.0,7770.0,7810.0,4712,0.0,0.0
2024-03-04 12:00:00+09:00,7810.0,7840.0,7790.0,7820.0,3520,0.0,0.0
2024-03-04 13:00:00+09:00,7830.0,7830.0,7770.0,7790.0,3013,0.0,0.0
2024-03-04 14:00:00+09:00,7790.0,7790.0,7750.0,7760.0,4860,0.0,0.0
2024-03-05 09:00:00+09:00,7790.0,7800.0,7690.0,7720.0,7428,0.0,0.0
2024-03-05 10:00:00+09:00,7720.0,7720.0,7690.0,7700.0,3724,0.0,0.0
2024-03-05 11:00:00+09:00,7700.0,7720.0,7620.0,7620.0,16211,0.0,0.0
2024-03-05 12:00:00+09:00,7630.0,7670.0,7630.0,7660.0,3240,0.0,0.0
2024-03-05 13:00:00+09:00,7650.0,7680.0,7630.0,7650.0,6343,0.0,0.0
2024-03-05 14:00:00+09:00,7650.0,7660.0,7610.0,7610.0,7326,0.0,0.0
2024-03-06 09:00:00+09:00,7650.0,7660.0,7580.0,7660.0,5204,0.0,0.0
2024-03-06 10:00:00+09:00,7660.0,7660.0,7620.0,7620.0,1167,0.0,0.0
2024-03-06 11:00:00+09:00,7620.0,7630.0,7600.0,7630.0,1671,0.0,0.0
2024-03-06 12:00:00+09:00,7630.0,7630.0,7600.0,7610.0,503,0.0,0.0
2024-03-06 13:00:00+09:00,7600.0,7630.0,7580.0,7590.0,6527,0.0,0.0
2024-03-06 14:00:00+09:00,7590.0,7630.0,7590.0,7590.0,3564,0.0,0.0
2024-03-07 09:00:00+09:00,7640.0,7660.0,7390.0,7400.0,30673,0.0,0.0
2024-03-07 10:00:00+09:00,7390.0,7410.0,7340.0,7410.0,29960,0.0,0.0
2024-03-07 11:00:00+09:00,7410.0,7430.0,7390.0,7430.0,4277,0.0,0.0
2024-03-07 12:00:00+09:00,7430.0,7430.0,7400.0,7410.0,3506,0.0,0.0
2024-03-07 13:00:00+09:00,7430.0,7430.0,7400.0,7420.0,2869,0.0,0.0
2024-03-07 14:00:00+09:00,7410.0,7420.0,7390.0,7390.0,4054,0.0,0.0
2024-03-08 09:00:00+09:00,7420.0,7560.0,7400.0,7460.0,0,0.0,0.0
2024-03-08 10:00:00+09:00,7450.0,7480.0,7420.0,7470.0,6137,0.0,0.0
2024-03-08 11:00:00+09:00,7440.0,7470.0,7410.0,7410.0,4870,0.0,0.0
2024-03-08 12:00:00+09:00,7410.0,7420.0,7410.0,7420.0,1149,0.0,0.0
2024-03-08 13:00:00+09:00,7420.0,7420.0,7400.0,7410.0,4187,0.0,0.0
2024-03-08 14:00:00+09:00,7410.0,7420.0,7400.0,7400.0,581,0.0,0.0
2024-03-11 09:00:00+09:00,7400.0,7470.0,7370.0,7420.0,0,0.0,0.0
2024-03-11 10:00:00+09:00,7430.0,7480.0,7430.0,7460.0,4691,0.0,0.0
2024-03-11 11:00:00+09:00,7460.0,7480.0,7450.0,7480.0,1931,0.0,0.0
2024-03-11 12:00:00+09:00,7480.0,7480.0,7370.0,7400.0,4214,0.0,0.0
2024-03-11 13:00:00+09:00,7400.0,7460.0,7390.0,7430.0,3117,0.0,0.0
2024-03-11 14:00:00+09:00,7400.0,7420.0,7340.0,7350.0,13172,0.0,0.0
2024-03-12 09:00:00+09:00,7250.0,7370.0,7250.0,7360.0,11774,0.0,0.0
2024-03-12 10:00:00+09:00,7370.0,7390.0,7330.0,7370.0,3289,0.0,0.0
2024-03-12 11:00:00+09:00,7370.0,7420.0,7370.0,7400.0,1259,0.0,0.0
2024-03-12 12:00:00+09:00,7400.0,7420.0,7340.0,7390.0,1976,0.0,0.0
2024-03-12 13:00:00+09:00,7390.0,7390.0,7310.0,7310.0,2731,0.0,0.0
2024-03-12 14:00:00+09:00,7320.0,7340.0,7310.0,7320.0,954,0.0,0.0
2024-03-13 09:00:00+09:00,7460.0,7460.0,7300.0,7400.0,7312,0.0,0.0
2024-03-13 10:00:00+09:00,7400.0,7430.0,7360.0,7420.0,9533,0.0,0.0
2024-03-13 11:00:00+09:00,7400.0,7420.0,7390.0,7400.0,2497,0.0,0.0
2024-03-13 12:00:00+09:00,7400.0,7410.0,7390.0,7390.0,846,0.0,0.0
2024-03-13 13:00:00+09:00,7390.0,7400.0,7360.0,7380.0,3983,0.0,0.0
2024-03-13 14:00:00+09:00,7380.0,7410.0,7380.0,7400.0,1678,0.0,0.0
2024-03-14 09:00:00+09:00,7420.0,7420.0,7330.0,7340.0,6562,0.0,0.0
2024-03-14 10:00:00+09:00,7350.0,7390.0,7340.0,7360.0,4600,0.0,0.0
2024-03-14 11:00:00+09:00,7350.0,7390.0,7350.0,7360.0,919,0.0,0.0
2024-03-14 12:00:00+09:00,7360.0,7400.0,7360.0,7380.0,852,0.0,0.0
2024-03-14 13:00:00+09:00,7390.0,7420.0,7360.0,7420.0,4175,0.0,0.0
2024-03-14 14:00:00+09:00,7400.0,7420.0,7400.0,7420.0,830,0.0,0.0
2024-03-15 09:00:00+09:00,7340.0,7420.0,7340.0,7400.0,5563,0.0,0.0
2024-03-15 10:00:00+09:00,7400.0,7480.0,7370.0,7460.0,5345,0.0,0.0
2024-03-15 11:00:00+09:00,7440.0,7450.0,7390.0,7430.0,1574,0.0,0.0
2024-03-15 12:00:00+09:00,7420.0,7430.0,7410.0,7420.0,1535,0.0,0.0
2024-03-15 13:00:00+09:00,7420.0,7460.0,7410.0,7420.0,4444,0.0,0.0
2024-03-15 14:00:00+09:00,7420.0,7430.0,7370.0,7420.0,1105,0.0,0.0
2024-03-18 09:00:00+09:00,7320.0,7440.0,7320.0,7400.0,0,0.0,0.0
2024-03-18 10:00:00+09:00,7410.0,7420.0,7370.0,7420.0,1760,0.0,0.0
2024-03-18 11:00:00+09:00,7420.0,7440.0,7410.0,7410.0,910,0.0,0.0
2024-03-18 12:00:00+09:00,7410.0,7440.0,7410.0,7440.0,2645,0.0,0.0
2024-03-18 13:00:00+09:00,7450.0,7470.0,7450.0,7450.0,2438,0.0,0.0
2024-03-18 14:00:00+09:00,7450.0,7450.0,7400.0,7420.0,1848,0.0,0.0
2024-03-19 09:00:00+09:00,7440.0,7500.0,7420.0,7470.0,4125,0.0,0.0
2024-03-19 10:00:00+09:00,7470.0,7480.0,7360.0,7360.0,5508,0.0,0.0
2024-03-19 11:00:00+09:00,7400.0,7450.0,7400.0,7400.0,5462,0.0,0.0
2024-03-19 12:00:00+09:00,7400.0,7410.0,7310.0,7360.0,29467,0.0,0.0
2024-03-19 13:00:00+09:00,7370.0,7400.0,7360.0,7390.0,3367,0.0,0.0
2024-03-19 14:00:00+09:00,7380.0,7380.0,7370.0,7380.0,3250,0.0,0.0
2024-03-20 09:00:00+09:00,7430.0,7460.0,7340.0,7440.0,6699,0.0,0.0
2024-03-20 10:00:00+09:00,7420.0,7430.0,7400.0,7400.0,1016,0.0,0.0
2024-03-20 11:00:00+09:00,7400.0,7420.0,7360.0,7380.0,4085,0.0,0.0
2024-03-20 12:00:00+09:00,7380.0,7420.0,7360.0,7400.0,2590,0.0,0.0
2024-03-20 13:00:00+09:00,7390.0,7390.0,7370.0,7390.0,675,0.0,0.0
2024-03-20 14:00:00+09:00,7380.0,7400.0,7380.0,7380.0,2794,0.0,0.0
2024-03-21 09:00:00+09:00,7380.0,7440.0,7380.0,7440.0,3594,0.0,0.0
2024-03-21 10:00:00+09:00,7440.0,7470.0,7410.0,7420.0,6530,0.0,0.0
2024-03-21 11:00:00+09:00,7420.0,7440.0,7390.0,7400.0,2932,0.0,0.0
2024-03-21 12:00:00+09:00,7400.0,7440.0,7400.0,7430.0,1337,0.0,0.0
2024-03-21 13:00:00+09:00,7430.0,7460.0,7390.0,7390.0,4907,0.0,0.0
2024-03-21 14:00:00+09:00,7430.0,7450.0,7400.0,7450.0,270,0.0,0.0
2024-03-22 09:00:00+09:00,7420.0,7470.0,7400.0,7460.0,5259,0.0,0.0
2024-03-22 10:00:00+09:00,7480.0,7500.0,7440.0,7500.0,6933,0.0,0.0
2024-03-22 11:00:00+09:00,7470.0,7500.0,7460.0,7460.0,879,0.0,0.0
2024-03-22 12:00:00+09:00,7490.0,7560.0,7490.0,7540.0,3909,0.0,0.0
2024-03-22 13:00:00+09:00,7500.0,7580.0,7480.0,7570.0,4810,0.0,0.0
2024-03-22 14:00:00+09:00,7520.0,7560.0,7500.0,7510.0,2904,0.0,0.0
2024-03-25 09:00:00+09:00,7600.0,7660.0,7540.0,7650.0,0,0.0,0.0
2024-03-25 10:00:00+09:00,7650.0,7660.0,7580.0,7640.0,9414,0.0,0.0
2024-03-25 11:00:00+09:00,7600.0,7630.0,7550.0,7560.0,4950,0.0,0.0
2024-03-25 12:00:00+09:00,7560.0,7640.0,7540.0,7630.0,8344,0.0,0.0
2024-03-25 13:00:00+09:00,7630.0,7740.0,7610.0,7710.0,33295,0.0,0.0
2024-03-25 14:00:00+09:00,7710.0,7710.0,7650.0,7690.0,14039,0.0,0.0
2024-03-26 09:00:00+09:00,7650.0,7690.0,7590.0,7610.0,15481,0.0,0.0
2024-03-26 10:00:00+09:00,7620.0,7660.0,7600.0,7640.0,5137,0.0,0.0
2024-03-26 11:00:00+09:00,7630.0,7630.0,7610.0,7620.0,2480,0.0,0.0
2024-03-26 12:00:00+09:00,7620.0,7630.0,7600.0,7600.0,4313,0.0,0.0
2024-03-26 13:00:00+09:00,7600.0,7620.0,7570.0,7590.0,3488,0.0,0.0
2024-03-26 14:00:00+09:00,7600.0,7620.0,7570.0,7580.0,3987,0.0,0.0
2024-03-27 09:00:00+09:00,7570.0,7610.0,7540.0,7590.0,2750,0.0,0.0
2024-03-27 10:00:00+09:00,7590.0,7590.0,7560.0,7560.0,3736,0.0,0.0
2024-03-27 11:00:00+09:00,7560.0,7580.0,7500.0,7520.0,5224,0.0,0.0
2024-03-27 12:00:00+09:00,7510.0,7520.0,7400.0,7470.0,7679,0.0,0.0
2024-03-27 13:00:00+09:00,7500.0,7500.0,7450.0,7500.0,1852,0.0,0.0
2024-03-27 14:00:00+09:00,7510.0,7510.0,7460.0,7480.0,963,0.0,0.0
2024-03-28 09:00:00+09:00,7490.0,7520.0,7410.0,7510.0,2543,0.0,0.0
2024-03-28 10:00:00+09:00,7510.0,7570.0,7490.0,7530.0,7852,0.0,0.0
2024-03-28 11:00:00+09:00,7530.0,7550.0,7510.0,7550.0,934,0.0,0.0
2024-03-28 12:00:00+09:00,7510.0,7550.0,7480.0,7480.0,1147,0.0,0.0
2024-03-28 13:00:00+09:00,7470.0,7510.0,7470.0,7480.0,807,0.0,0.0
2024-03-28 14:00:00+09:00,7470.0,7520.0,7430.0,7430.0,10346,0.0,0.0
2024-03-29 09:00:00+09:00,7490.0,7490.0,7370.0,7440.0,9836,0.0,0.0
2024-03-29 10:00:00+09:00,7440.0,7450.0,7430.0,7430.0,1052,0.0,0.0
2024-03-29 11:00:00+09:00,7430.0,7440.0,7390.0,7390.0,7101,0.0,0.0
2024-03-29 12:00:00+09:00,7390.0,7440.0,7380.0,7440.0,3862,0.0,0.0
2024-03-29 13:00:00+09:00,7430.0,7430.0,7390.0,7390.0,2981,0.0,0.0
2024-03-29 14:00:00+09:00,7400.0,7410.0,7380.0,7400.0,2067,0.0,0.0
2024-04-01 09:00:00+09:00,7470.0,7480.0,7410.0,7440.0,0,0.0,0.0
2024-04-01 10:00:00+09:00,7440.0,7460.0,7430.0,7430.0,930,0.0,0.0
2024-04-01 11:00:00+09:00,7430.0,7440.0,7420.0,7420.0,980,0.0,0.0
2024-04-01 12:00:00+09:00,7460.0,7460.0,7450.0,7460.0,85,0.0,0.0
2024-04-01 13:00:00+09:00,7460.0,7480.0,7450.0,7480.0,786,0.0,0.0
2024-04-01 14:00:00+09:00,7470.0,7490.0,7470.0,7490.0,812,0.0,0.0
2024-04-02 09:00:00+09:00,7480.0,7520.0,7410.0,7460.0,7111,0.0,0.0
2024-04-02 10:00:00+09:00,7460.0,7510.0,7410.0,7500.0,8750,0.0,0.0
2024-04-02 11:00:00+09:00,7500.0,7500.0,7460.0,7470.0,4933,0.0,0.0
2024-04-02 12:00:00+09:00,7470.0,7480.0,7450.0,7470.0,1828,0.0,0.0
2024-04-02 13:00:00+09:00,7470.0,7500.0,7430.0,7490.0,5394,0.0,0.0
2024-04-02 14:00:00+09:00,7500.0,7570.0,7430.0,7480.0,10934,0.0,0.0
2024-04-03 09:00:00+09:00,7390.0,7560.0,7390.0,7550.0,15558,0.0,0.0
2024-04-03 10:00:00+09:00,7550.0,7550.0,7440.0,7440.0,3971,0.0,0.0
2024-04-03 11:00:00+09:00,7440.0,7450.0,7410.0,7440.0,3435,0.0,0.0
2024-04-03 12:00:00+09:00,7430.0,7480.0,7410.0,7440.0,1522,0.0,0.0
2024-04-03 13:00:00+09:00,7480.0,7500.0,7400.0,7430.0,8055,0.0,0.0
2024-04-03 14:00:00+09:00,7440.0,7480.0,7440.0,7440.0,2078,0.0,0.0
2024-04-04 09:00:00+09:00,7430.0,7540.0,7430.0,7490.0,8154,0.0,0.0
2024-04-04 10:00:00+09:00,7520.0,7520.0,7490.0,7500.0,2674,0.0,0.0
2024-04-04 11:00:00+09:00,7490.0,7500.0,7450.0,7450.0,6001,0.0,0.0
2024-04-04 12:00:00+09:00,7450.0,7460.0,7420.0,7440.0,1877,0.0,0.0
2024-04-04 13:00:00+09:00,7430.0,7450.0,7410.0,7420.0,2404,0.0,0.0
2024-04-04 14:00:00+09:00,7420.0,7440.0,7400.0,7420.0,3357,0.0,0.0
2024-04-05 09:00:00+09:00,7380.0,7490.0,7380.0,7440.0,3522,0.0,0.0
2024-04-05 10:00:00+09:00,7450.0,7480.0,7410.0,7470.0,3885,0.0,0.0
2024-04-05 11:00:00+09:00,7430.0,7470.0,7430.0,7440.0,1740,0.0,0.0
2024-04-05 12:00:00+09:00,7450.0,7470.0,7450.0,7470.0,5857,0.0,0.0
2024-04-05 13:00:00+09:00,7460.0,7490.0,7460.0,7480.0,3682,0.0,0.0
2024-04-05 14:00:00+09:00,7490.0,7490.0,7420.0,7420.0,3443,0.0,0.0
2024-04-08 09:00:00+09:00,7440.0,7450.0,7320.0,7420.0,0,0.0,0.0
2024-04-08 10:00:00+09:00,7440.0,7450.0,7370.0,7380.0,4516,0.0,0.0
2024-04-08 11:00:00+09:00,7380.0,7380.0,7360.0,7370.0,2050,0.0,0.0
2024-04-08 12:00:00+09:00,7370.0,7390.0,7350.0,7360.0,2484,0.0,0.0
2024-04-08 13:00:00+09:00,7360.0,7370.0,7350.0,7360.0,1001,0.0,0.0
2024-04-08 14:00:00+09:00,7370.0,7370.0,7310.0,7340.0,8957,0.0,0.0
2024-04-09 09:00:00+09:00,7320.0,7410.0,7320.0,7370.0,16548,0.0,0.0
2024-04-09 10:00:00+09:00,7410.0,7410.0,7370.0,7410.0,1552,0.0,0.0
2024-04-09 11:00:00+09:00,7380.0,7400.0,7350.0,7350.0,1026,0.0,0.0
2024-04-09 12:00:00+09:00,7350.0,7380.0,7330.0,7370.0,1378,0.0,0.0
2024-04-09 13:00:00+09:00,7340.0,7360.0,7310.0,7320.0,2475,0.0,0.0
2024-04-09 14:00:00+09:00,7320.0,7350.0,7320.0,7330.0,508,0.0,0.0
2024-04-11 09:00:00+09:00,7330.0,7340.0,7250.0,7320.0,5225,0.0,0.0
2024-04-11 10:00:00+09:00,7320.0,7340.0,7300.0,7300.0,772,0.0,0.0
2024-04-11 11:00:00+09:00,7310.0,7330.0,7300.0,7330.0,1876,0.0,0.0
2024-04-11 12:00:00+09:00,7320.0,7320.0,7300.0,7320.0,581,0.0,0.0
2024-04-11 13:00:00+09:00,7320.0,7320.0,7300.0,7310.0,667,0.0,0.0
2024-04-11 14:00:00+09:00,7310.0,7370.0,7310.0,7370.0,740,0.0,0.0
2024-04-12 09:00:00+09:00,7330.0,7430.0,7330.0,7410.0,2685,0.0,0.0
2024-04-12 10:00:00+09:00,7410.0,7410.0,7330.0,7410.0,2219,0.0,0.0
2024-04-12 11:00:00+09:00,7410.0,7410.0,7360.0,7380.0,2533,0.0,0.0
2024-04-12 12:00:00+09:00,7380.0,7400.0,7370.0,7390.0,1165,0.0,0.0
2024-04-12 13:00:00+09:00,7390.0,7390.0,7170.0,7180.0,48722,0.0,0.0
2024-04-12 14:00:00+09:00,7180.0,7250.0,7180.0,7240.0,8897,0.0,0.0
2024-04-15 09:00:00+09:00,7270.0,7270.0,7190.0,7230.0,0,0.0,0.0
2024-04-15 10:00:00+09:00,7230.0,7240.0,7210.0,7210.0,2648,0.0,0.0
2024-04-15 11:00:00+09:00,7220.0,7270.0,7220.0,7250.0,2506,0.0,0.0
2024-04-15 12:00:00+09:00,7260.0,7280.0,7250.0,7280.0,1975,0.0,0.0
2024-04-15 13:00:00+09:00,7280.0,7340.0,7270.0,7310.0,9621,0.0,0.0
2024-04-15 14:00:00+09:00,7300.0,7310.0,7260.0,7260.0,4650,0.0,0.0
2024-04-16 09:00:00+09:00,7250.0,7400.0,7240.0,7280.0,5489,0.0,0.0
2024-04-16 10:00:00+09:00,7290.0,7310.0,7220.0,7240.0,6439,0.0,0.0
2024-04-16 11:00:00+09:00,7240.0,7250.0,7200.0,7250.0,7467,0.0,0.0
2024-04-16 12:00:00+09:00,7250.0,7260.0,7220.0,7240.0,1860,0.0,0.0
2024-04-16 13:00:00+09:00,7250.0,7260.0,7220.0,7220.0,1115,0.0,0.0
2024-04-16 14:00:00+09:00,7220.0,7240.0,7200.0,7230.0,7064,0.0,0.0
2024-04-17 09:00:00+09:00,7230.0,7310.0,7190.0,7230.0,11987,0.0,0.0
2024-04-17 10:00:00+09:00,7210.0,7240.0,7190.0,7200.0,4556,0.0,0.0
2024-04-17 11:00:00+09:00,7200.0,7210.0,7160.0,7180.0,4453,0.0,0.0
2024-04-17 12:00:00+09:00,7200.0,7210.0,7180.0,7200.0,707,0.0,0.0
2024-04-17 13:00:00+09:00,7200.0,7220.0,7180.0,7220.0,961,0.0,0.0
2024-04-17 14:00:00+09:00,7190.0,7220.0,7170.0,7180.0,7300,0.0,0.0
2024-04-18 09:00:00+09:00,7140.0,7240.0,7140.0,7220.0,10218,0.0,0.0
2024-04-18 10:00:00+09:00,7220.0,7230.0,7210.0,7210.0,827,0.0,0.0
2024-04-18 11:00:00+09:00,7210.0,7230.0,7210.0,7220.0,1727,0.0,0.0
2024-04-18 12:00:00+09:00,7220.0,7230.0,7210.0,7230.0,513,0.0,0.0
2024-04-18 13:00:00+09:00,7230.0,7240.0,7220.0,7230.0,2469,0.0,0.0
2024-04-18 14:00:00+09:00,7230.0,7250.0,7220.0,7250.0,2179,0.0,0.0
2024-04-19 09:00:00+09:00,7250.0,7280.0,7210.0,7220.0,5190,0.0,0.0
2024-04-19 10:00:00+09:00,7260.0,7270.0,7220.0,7230.0,4542,0.0,0.0
2024-04-19 11:00:00+09:00,7230.0,7360.0,7220.0,7340.0,15047,0.0,0.0
2024-04-19 12:00:00+09:00,7340.0,7390.0,7160.0,7250.0,16896,0.0,0.0
2024-04-19 13:00:00+09:00,7230.0,7250.0,7180.0,7250.0,1216,0.0,0.0
2024-04-19 14:00:00+09:00,7250.0,7270.0,7200.0,7270.0,1557,0.0,0.0
2024-04-22 09:00:00+09:00,7200.0,7350.0,7200.0,7300.0,0,0.0,0.0
2024-04-22 10:00:00+09:00,7320.0,7320.0,7290.0,7310.0,2482,0.0,0.0
2024-04-22 11:00:00+09:00,7290.0,7290.0,7280.0,7290.0,3160,0.0,0.0
2024-04-22 12:00:00+09:00,7290.0,7330.0,7290.0,7320.0,3013,0.0,0.0
2024-04-22 13:00:00+09:00,7330.0,7330.0,7300.0,7320.0,1113,0.0,0.0
2024-04-22 14:00:00+09:00,7320.0,7330.0,7300.0,7320.0,3106,0.0,0.0
2024-04-23 09:00:00+09:00,7260.0,7320.0,7240.0,7320.0,5224,0.0,0.0
2024-04-23 10:00:00+09:00,7320.0,7320.0,7270.0,7310.0,1732,0.0,0.0
2024-04-23 11:00:00+09:00,7310.0,7310.0,7270.0,7270.0,533,0.0,0.0
2024-04-23 12:00:00+09:00,7280.0,7290.0,7280.0,7290.0,3192,0.0,0.0
2024-04-23 13:00:00+09:00,7290.0,7290.0,7280.0,7290.0,1281,0.0,0.0
2024-04-23 14:00:00+09:00,7300.0,7300.0,7280.0,7280.0,0,0.0,0.0
2024-04-24 09:00:00+09:00,7300.0,7330.0,7250.0,7280.0,4793,0.0,0.0
2024-04-24 10:00:00+09:00,7280.0,7300.0,7240.0,7290.0,5903,0.0,0.0
2024-04-24 11:00:00+09:00,7290.0,7300.0,7260.0,7270.0,1966,0.0,0.0
2024-04-24 12:00:00+09:00,7300.0,7300.0,7270.0,7290.0,1754,0.0,0.0
2024-04-24 13:00:00+09:00,7290.0,7310.0,7280.0,7310.0,839,0.0,0.0
2024-04-24 14:00:00+09:00,7300.0,7300.0,7290.0,7300.0,1261,0.0,0.0
2024-04-25 09:00:00+09:00,7330.0,7330.0,7300.0,7310.0,3267,0.0,0.0
2024-04-25 10:00:00+09:00,7310.0,7310.0,7250.0,7270.0,5318,0.0,0.0
2024-04-25 11:00:00+09:00,7270.0,7310.0,7260.0,7290.0,3289,0.0,0.0
2024-04-25 12:00:00+09:00,7290.0,7300.0,7290.0,7290.0,1841,0.0,0.0
2024-04-25 13:00:00+09:00,7290.0,7300.0,7290.0,7290.0,885,0.0,0.0
2024-04-25 14:00:00+09:00,7300.0,7300.0,7280.0,7280.0,3524,0.0,0.0
2024-04-26 09:00:00+09:00,7300.0,7310.0,7230.0,7260.0,2730,0.0,0.0
2024-04-26 10:00:00+09:00,7260.0,7290.0,7190.0,7290.0,13670,0.0,0.0
2024-04-26 11:00:00+09:00,7300.0,7330.0,7300.0,7320.0,1889,0.0,0.0
2024-04-26 12:00:00+09:00,7320.0,7320.0,7300.0,7300.0,445,0.0,0.0
2024-04-26 13:00:00+09:00,7310.0,7320.0,7290.0,7290.0,1703,0.0,0.0
2024-04-26 14:00:00+09:00,7290.0,7300.0,7270.0,7300.0,2352,0.0,0.0
2024-04-29 09:00:00+09:00,7340.0,7360.0,7290.0,7300.0,0,0.0,0.0
2024-04-29 10:00:00+09:00,7300.0,7320.0,7300.0,7300.0,5755,0.0,0.0
2024-04-29 11:00:00+09:00,7320.0,7330.0,7310.0,7320.0,3151,0.0,0.0
2024-04-29 12:00:00+09:00,7320.0,7340.0,7320.0,7330.0,4250,0.0,0.0
2024-04-29 13:00:00+09:00,7330.0,7330.0,7310.0,7310.0,1334,0.0,0.0
2024-04-29 14:00:00+09:00,7310.0,7330.0,7310.0,7330.0,916,0.0,0.0
2024-04-30 09:00:00+09:00,7350.0,7360.0,7320.0,7350.0,2389,0.0,0.0
2024-04-30 10:00:00+09:00,7330.0,7350.0,7330.0,7330.0,3610,0.0,0.0
2024-04-30 11:00:00+09:00,7320.0,7340.0,7320.0,7330.0,1126,0.0,0.0
2024-04-30 12:00:00+09:00,7330.0,7340.0,7320.0,7340.0,1438,0.0,0.0
2024-04-30 13:00:00+09:00,7330.0,7340.0,7310.0,7310.0,3880,0.0,0.0
2024-04-30 14:00:00+09:00,7320.0,7330.0,7320.0,7320.0,645,0.0,0.0
2024-05-02 09:00:00+09:00,7310.0,7340.0,7270.0,7300.0,0,0.0,0.0
2024-05-02 10:00:00+09:00,7300.0,7310.0,7280.0,7300.0,4369,0.0,0.0
2024-05-02 11:00:00+09:00,7300.0,7310.0,7290.0,7290.0,704,0.0,0.0
2024-05-02 12:00:00+09:00,7310.0,7310.0,7290.0,7290.0,986,0.0,0.0
2024-05-02 13:00:00+09:00,7290.0,7310.0,7290.0,7290.0,2154,0.0,0.0
2024-05-02 14:00:00+09:00,7300.0,7310.0,7290.0,7310.0,600,0.0,0.0
2024-05-03 09:00:00+09:00,7300.0,7340.0,7300.0,7320.0,5807,0.0,0.0
2024-05-03 10:00:00+09:00,7320.0,7330.0,7300.0,7300.0,1072,0.0,0.0
2024-05-03 11:00:00+09:00,7300.0,7320.0,7300.0,7310.0,1153,0.0,0.0
2024-05-03 12:00:00+09:00,7320.0,7340.0,7320.0,7340.0,1200,0.0,0.0
2024-05-03 13:00:00+09:00,7340.0,7350.0,7320.0,7330.0,1741,0.0,0.0
2024-05-03 14:00:00+09:00,7330.0,7330.0,7320.0,7330.0,1610,0.0,0.0
2024-05-07 09:00:00+09:00,7350.0,7370.0,7300.0,7320.0,0,0.0,0.0
2024-05-07 10:00:00+09:00,7320.0,7350.0,7300.0,7310.0,3158,0.0,0.0
2024-05-07 11:00:00+09:00,7310.0,7320.0,7300.0,7310.0,1999,0.0,0.0
2024-05-07 12:00:00+09:00,7320.0,7330.0,7310.0,7310.0,3811,0.0,0.0
2024-05-07 13:00:00+09:00,7310.0,7310.0,7300.0,7300.0,1823,0.0,0.0
2024-05-07 14:00:00+09:00,7300.0,7360.0,7290.0,7350.0,4462,0.0,0.0
2024-05-08 09:00:00+09:00,7490.0,7490.0,7360.0,7420.0,28431,0.0,0.0
2024-05-08 10:00:00+09:00,7420.0,7430.0,7360.0,7370.0,6060,0.0,0.0
2024-05-08 11:00:00+09:00,7380.0,7410.0,7380.0,7400.0,1688,0.0,0.0
2024-05-08 12:00:00+09:00,7410.0,7420.0,7380.0,7410.0,1299,0.0,0.0
2024-05-08 13:00:00+09:00,7380.0,7400.0,7350.0,7390.0,5973,0.0,0.0
2024-05-08 14:00:00+09:00,7370.0,7390.0,7360.0,7390.0,1583,0.0,0.0
2024-05-09 09:00:00+09:00,7370.0,7370.0,7320.0,7330.0,11136,0.0,0.0
2024-05-09 10:00:00+09:00,7340.0,7380.0,7320.0,7340.0,3703,0.0,0.0
2024-05-09 11:00:00+09:00,7340.0,7340.0,7310.0,7310.0,2307,0.0,0.0
2024-05-09 12:00:00+09:00,7320.0,7340.0,7310.0,7310.0,1913,0.0,0.0
2024-05-09 13:00:00+09:00,7310.0,7320.0,7300.0,7320.0,1364,0.0,0.0
2024-05-09 14:00:00+09:00,7320.0,7320.0,7280.0,7280.0,6334,0.0,0.0
2024-05-10 09:00:00+09:00,7380.0,7450.0,7330.0,7370.0,20220,0.0,0.0
2024-05-10 10:00:00+09:00,7370.0,7370.0,7330.0,7350.0,2622,0.0,0.0
2024-05-10 11:00:00+09:00,7350.0,7370.0,7340.0,7350.0,1672,0.0,0.0
2024-05-10 12:00:00+09:00,7360.0,7380.0,7360.0,7380.0,2577,0.0,0.0
2024-05-10 13:00:00+09:00,7380.0,7400.0,7360.0,7360.0,4089,0.0,0.0
2024-05-10 14:00:00+09:00,7380.0,7380.0,7360.0,7380.0,135,0.0,0.0
2024-05-13 09:00:00+09:00,7390.0,7400.0,7310.0,7360.0,0,0.0,0.0
2024-05-13 10:00:00+09:00,7380.0,7380.0,7340.0,7340.0,2206,0.0,0.0
2024-05-13 11:00:00+09:00,7340.0,7370.0,7320.0,7360.0,3709,0.0,0.0
2024-05-13 12:00:00+09:00,7340.0,7340.0,7290.0,7330.0,4156,0.0,0.0
2024-05-13 13:00:00+09:00,7330.0,7330.0,7300.0,7300.0,1318,0.0,0.0
2024-05-13 14:00:00+09:00,7300.0,7330.0,7300.0,7300.0,2751,0.0,0.0
2024-05-14 09:00:00+09:00,7300.0,7350.0,7290.0,7330.0,4281,0.0,0.0
2024-05-14 10:00:00+09:00,7330.0,7360.0,7320.0,7320.0,4590,0.0,0.0
2024-05-14 11:00:00+09:00,7350.0,7360.0,7320.0,7320.0,1536,0.0,0.0
2024-05-14 12:00:00+09:00,7320.0,7330.0,7290.0,7300.0,4576,0.0,0.0
2024-05-14 13:00:00+09:00,7310.0,7340.0,7300.0,7340.0,1954,0.0,0.0
2024-05-14 14:00:00+09:00,7300.0,7340.0,7300.0,7320.0,2988,0.0,0.0
2024-05-16 09:00:00+09:00,7330.0,7380.0,7270.0,7290.0,0,0.0,0.0
2024-05-16 10:00:00+09:00,7310.0,7320.0,7280.0,7280.0,2873,0.0,0.0
2024-05-16 11:00:00+09:00,7300.0,7310.0,7270.0,7310.0,5117,0.0,0.0
2024-05-16 12:00:00+09:00,7310.0,7310.0,7280.0,7280.0,1563,0.0,0.0
2024-05-16 13:00:00+09:00,7280.0,7300.0,7280.0,7290.0,695,0.0,0.0
2024-05-16 14:00:00+09:00,7300.0,7300.0,7280.0,7300.0,1142,0.0,0.0
2024-05-17 09:00:00+09:00,7380.0,7430.0,7350.0,7390.0,20015,0.0,0.0
2024-05-17 10:00:00+09:00,7390.0,7420.0,7370.0,7380.0,9644,0.0,0.0
2024-05-17 11:00:00+09:00,7390.0,7410.0,7380.0,7400.0,6787,0.0,0.0
2024-05-17 12:00:00+09:00,7400.0,7410.0,7390.0,7400.0,6923,0.0,0.0
2024-05-17 13:00:00+09:00,7400.0,7430.0,7400.0,7420.0,8892,0.0,0.0
2024-05-17 14:00:00+09:00,7420.0,7530.0,7410.0,7480.0,28635,0.0,0.0
2024-05-20 09:00:00+09:00,7490.0,7490.0,7410.0,7410.0,0,0.0,0.0
2024-05-20 10:00:00+09:00,7440.0,7480.0,7400.0,7430.0,5185,0.0,0.0
2024-05-20 11:00:00+09:00,7430.0,7440.0,7420.0,7420.0,1125,0.0,0.0
2024-05-20 12:00:00+09:00,7410.0,7440.0,7410.0,7420.0,1179,0.0,0.0
2024-05-20 13:00:00+09:00,7440.0,7440.0,7410.0,7440.0,1475,0.0,0.0
2024-05-20 14:00:00+09:00,7440.0,7480.0,7430.0,7480.0,5362,0.0,0.0
2024-05-21 09:00:00+09:00,7480.0,7500.0,7450.0,7470.0,5716,0.0,0.0
2024-05-21 10:00:00+09:00,7490.0,7610.0,7480.0,7580.0,29922,0.0,0.0
2024-05-21 11:00:00+09:00,7580.0,7590.0,7550.0,7570.0,7231,0.0,0.0
2024-05-21 12:00:00+09:00,7570.0,7580.0,7560.0,7570.0,5617,0.0,0.0
2024-05-21 13:00:00+09:00,7580.0,7590.0,7540.0,7540.0,6691,0.0,0.0
2024-05-21 14:00:00+09:00,7540.0,7540.0,7510.0,7530.0,1900,0.0,0.0
2024-05-22 09:00:00+09:00,7540.0,7560.0,7480.0,7510.0,6976,0.0,0.0
2024-05-22 10:00:00+09:00,7500.0,7510.0,7440.0,7470.0,15489,0.0,0.0
2024-05-22 11:00:00+09:00,7470.0,7490.0,7450.0,7490.0,1335,0.0,0.0
2024-05-22 12:00:00+09:00,7460.0,7490.0,7450.0,7490.0,1643,0.0,0.0
2024-05-22 13:00:00+09:00,7490.0,7490.0,7460.0,7470.0,649,0.0,0.0
2024-05-22 14:00:00+09:00,7490.0,7500.0,7430.0,7440.0,9155,0.0,0.0
2024-05-23 09:00:00+09:00,7480.0,7480.0,7360.0,7390.0,13365,0.0,0.0
2024-05-23 10:00:00+09:00,7390.0,7410.0,7370.0,7410.0,2763,0.0,0.0
2024-05-23 11:00:00+09:00,7410.0,7420.0,7390.0,7420.0,4209,0.0,0.0
2024-05-23 12:00:00+09:00,7400.0,7450.0,7400.0,7440.0,1454,0.0,0.0
2024-05-23 13:00:00+09:00,7440.0,7460.0,7390.0,7420.0,3895,0.0,0.0
2024-05-23 14:00:00+09:00,7410.0,7460.0,7390.0,7430.0,3767,0.0,0.0
2024-05-24 09:00:00+09:00,7390.0,7430.0,7370.0,7410.0,3143,0.0,0.0
2024-05-24 10:00:00+09:00,7410.0,7410.0,7380.0,7380.0,1232,0.0,0.0
2024-05-24 11:00:00+09:00,7410.0,7410.0,7380.0,7410.0,461,0.0,0.0
2024-05-24 12:00:00+09:00,7400.0,7430.0,7400.0,7430.0,1977,0.0,0.0
2024-05-24 13:00:00+09:00,7430.0,7460.0,7390.0,7410.0,2660,0.0,0.0
2024-05-24 14:00:00+09:00,7390.0,7430.0,7390.0,7400.0,1764,0.0,0.0
2024-05-27 09:00:00+09:00,7350.0,7400.0,7250.0,7380.0,1367,0.0,0.0
2024-05-27 10:00:00+09:00,7380.0,7400.0,7370.0,7390.0,2134,0.0,0.0
2024-05-27 11:00:00+09:00,7400.0,7400.0,7340.0,7390.0,4671,0.0,0.0
2024-05-27 12:00:00+09:00,7390.0,7410.0,7350.0,7380.0,2176,0.0,0.0
2024-05-27 13:00:00+09:00,7360.0,7380.0,7340.0,7340.0,3575,0.0,0.0
2024-05-27 14:00:00+09:00,7340.0,7380.0,7340.0,7350.0,2389,0.0,0.0
2024-05-28 09:00:00+09:00,7380.0,7410.0,7350.0,7370.0,4125,0.0,0.0
2024-05-28 10:00:00+09:00,7370.0,7430.0,7370.0,7400.0,4173,0.0,0.0
2024-05-28 11:00:00+09:00,7410.0,7410.0,7360.0,7390.0,2959,0.0,0.0
2024-05-28 12:00:00+09:00,7380.0,7400.0,7330.0,7390.0,6459,0.0,0.0
2024-05-28 13:00:00+09:00,7350.0,7380.0,7330.0,7330.0,865,0.0,0.0
2024-05-28 14:00:00+09:00,7360.0,7390.0,7330.0,7350.0,2535,0.0,0.0
2024-05-29 09:00:00+09:00,7390.0,7420.0,7330.0,7370.0,5732,0.0,0.0
2024-05-29 10:00:00+09:00,7340.0,7380.0,7340.0,7370.0,1684,0.0,0.0
2024-05-29 11:00:00+09:00,7380.0,7380.0,7340.0,7380.0,1578,0.0,0.0
2024-05-29 12:00:00+09:00,7380.0,7380.0,7350.0,7370.0,2570,0.0,0.0
2024-05-29 13:00:00+09:00,7380.0,7380.0,7360.0,7360.0,513,0.0,0.0
2024-05-29 14:00:00+09:00,7360.0,7370.0,7340.0,7370.0,3629,0.0,0.0
2024-05-30 09:00:00+09:00,7350.0,7350.0,7270.0,7270.0,5467,0.0,0.0
2024-05-30 10:00:00+09:00,7290.0,7310.0,7260.0,7270.0,2411,0.0,0.0
2024-05-30 11:00:00+09:00,7270.0,7300.0,7210.0,7250.0,10751,0.0,0.0
2024-05-30 12:00:00+09:00,7240.0,7270.0,7230.0,7250.0,1617,0.0,0.0
2024-05-30 13:00:00+09:00,7250.0,7280.0,7210.0,7240.0,8055,0.0,0.0
2024-05-30 14:00:00+09:00,7230.0,7240.0,7210.0,7220.0,13419,0.0,0.0
2024-05-31 09:00:00+09:00,7250.0,7270.0,7210.0,7220.0,2344,0.0,0.0
2024-05-31 10:00:00+09:00,7220.0,7330.0,7220.0,7260.0,2927,0.0,0.0
2024-05-31 11:00:00+09:00,7250.0,7300.0,7250.0,7250.0,591,0.0,0.0
2024-05-31 12:00:00+09:00,7260.0,7280.0,7250.0,7260.0,1596,0.0,0.0
2024-05-31 13:00:00+09:00,7280.0,7300.0,7210.0,7300.0,3494,0.0,0.0
2024-05-31 14:00:00+09:00,7280.0,7300.0,7240.0,7250.0,5439,0.0,0.0
2024-06-03 09:00:00+09:00,7330.0,7380.0,7300.0,7350.0,0,0.0,0.0
2024-06-03 10:00:00+09:00,7380.0,7400.0,7350.0,7400.0,4235,0.0,0.0
2024-06-03 11:00:00+09:00,7400.0,7430.0,7390.0,7420.0,3795,0.0,0.0
2024-06-03 12:00:00+09:00,7410.0,7430.0,7370.0,7430.0,7075,0.0,0.0
2024-06-03 13:00:00+09:00,7440.0,7460.0,7400.0,7440.0,2710,0.0,0.0
2024-06-03 14:00:00+09:00,7440.0,7460.0,7420.0,7440.0,6720,0.0,0.0
2024-06-04 09:00:00+09:00,7480.0,7480.0,7410.0,7450.0,5788,0.0,0.0
2024-06-04 10:00:00+09:00,7460.0,7480.0,7440.0,7450.0,5502,0.0,0.0
2024-06-04 11:00:00+09:00,7470.0,7500.0,7450.0,7490.0,4402,0.0,0.0
2024-06-04 12:00:00+09:00,7490.0,7510.0,7480.0,7490.0,3648,0.0,0.0
2024-06-04 13:00:00+09:00,7500.0,7560.0,7490.0,7530.0,6046,0.0,0.0
2024-06-04 14:00:00+09:00,7540.0,7560.0,7450.0,7470.0,13668,0.0,0.0
2024-06-05 09:00:00+09:00,7480.0,7500.0,7370.0,7380.0,9983,0.0,0.0
2024-06-05 10:00:00+09:00,7380.0,7450.0,7320.0,7420.0,5327,0.0,0.0
2024-06-05 11:00:00+09:00,7420.0,7470.0,7400.0,7410.0,1467,0.0,0.0
2024-06-05 12:00:00+09:00,7410.0,7410.0,7390.0,7390.0,417,0.0,0.0
2024-06-05 13:00:00+09:00,7390.0,7450.0,7380.0,7430.0,430,0.0,0.0
2024-06-05 14:00:00+09:00,7410.0,7410.0,7380.0,7410.0,2058,0.0,0.0
2024-06-07 09:00:00+09:00,7400.0,7470.0,7390.0,7470.0,0,0.0,0.0
2024-06-07 10:00:00+09:00,7470.0,7470.0,7380.0,7380.0,2666,0.0,0.0
2024-06-07 11:00:00+09:00,7380.0,7390.0,7350.0,7370.0,1773,0.0,0.0
2024-06-07 12:00:00+09:00,7360.0,7370.0,7310.0,7310.0,6885,0.0,0.0
2024-06-07 13:00:00+09:00,7350.0,7380.0,7330.0,7330.0,1045,0.0,0.0
2024-06-07 14:00:00+09:00,7330.0,7370.0,7320.0,7330.0,1354,0.0,0.0
2024-06-10 09:00:00+09:00,7350.0,7380.0,7330.0,7370.0,0,0.0,0.0
2024-06-10 10:00:00+09:00,7380.0,7460.0,7340.0,7400.0,8027,0.0,0.0
2024-06-10 11:00:00+09:00,7400.0,7400.0,7390.0,7400.0,437,0.0,0.0
2024-06-10 12:00:00+09:00,7390.0,7450.0,7390.0,7430.0,4941,0.0,0.0
2024-06-10 13:00:00+09:00,7430.0,7490.0,7410.0,7490.0,10095,0.0,0.0
2024-06-10 14:00:00+09:00,7490.0,7500.0,7470.0,7480.0,6841,0.0,0.0
2024-06-11 09:00:00+09:00,7450.0,7500.0,7440.0,7460.0,5079,0.0,0.0
2024-06-11 10:00:00+09:00,7440.0,7500.0,7410.0,7450.0,1206,0.0,0.0
2024-06-11 11:00:00+09:00,7450.0,7530.0,7410.0,7520.0,14464,0.0,0.0
2024-06-11 12:00:00+09:00,7500.0,7520.0,7460.0,7460.0,4375,0.0,0.0
2024-06-11 13:00:00+09:00,7460.0,7480.0,7440.0,7480.0,1884,0.0,0.0
2024-06-11 14:00:00+09:00,7480.0,7480.0,7440.0,7440.0,3933,0.0,0.0
2024-06-12 09:00:00+09:00,7380.0,7460.0,7380.0,7440.0,4077,0.0,0.0
2024-06-12 10:00:00+09:00,7440.0,7450.0,7410.0,7410.0,5165,0.0,0.0
2024-06-12 11:00:00+09:00,7410.0,7480.0,7410.0,7450.0,1179,0.0,0.0
2024-06-12 12:00:00+09:00,7480.0,7480.0,7450.0,7450.0,843,0.0,0.0
2024-06-12 13:00:00+09:00,7460.0,7470.0,7450.0,7460.0,1486,0.0,0.0
2024-06-12 14:00:00+09:00,7460.0,7480.0,7440.0,7470.0,1210,0.0,0.0
2024-06-13 09:00:00+09:00,7430.0,7530.0,7430.0,7490.0,4286,0.0,0.0
2024-06-13 10:00:00+09:00,7480.0,7490.0,7450.0,7450.0,2277,0.0,0.0
2024-06-13 11:00:00+09:00,7460.0,7460.0,7440.0,7460.0,2677,0.0,0.0
2024-06-13 12:00:00+09:00,7460.0,7460.0,7440.0,7440.0,2850,0.0,0.0
2024-06-13 13:00:00+09:00,7440.0,7450.0,7420.0,7420.0,3028,0.0,0.0
2024-06-13 14:00:00+09:00,7420.0,7450.0,7400.0,7440.0,1752,0.0,0.0
2024-06-14 09:00:00+09:00,7400.0,7430.0,7370.0,7390.0,2823,0.0,0.0
2024-06-14 10:00:00+09:00,7390.0,7430.0,7380.0,7410.0,2969,0.0,0.0
2024-06-14 11:00:00+09:00,7420.0,7440.0,7390.0,7400.0,810,0.0,0.0
2024-06-14 12:00:00+09:00,7400.0,7450.0,7390.0,7440.0,4519,0.0,0.0
2024-06-14 13:00:00+09:00,7450.0,7550.0,7440.0,7490.0,11153,0.0,0.0
2024-06-14 14:00:00+09:00,7490.0,7490.0,7450.0,7470.0,3358,0.0,0.0
2024-06-17 09:00:00+09:00,7470.0,7540.0,7440.0,7480.0,0,0.0,0.0
2024-06-17 10:00:00+09:00,7490.0,7500.0,7480.0,7480.0,1303,0.0,0.0
2024-06-17 11:00:00+09:00,7480.0,7500.0,7480.0,7490.0,3704,0.0,0.0
2024-06-17 12:00:00+09:00,7490.0,7510.0,7460.0,7510.0,6850,0.0,0.0
2024-06-17 13:00:00+09:00,7500.0,7500.0,7470.0,7480.0,1635,0.0,0.0
2024-06-17 14:00:00+09:00,7480.0,7490.0,7470.0,7480.0,2330,0.0,0.0
2024-06-18 09:00:00+09:00,7480.0,7480.0,7420.0,7460.0,5320,0.0,0.0
2024-06-18 10:00:00+09:00,7470.0,7480.0,7420.0,7430.0,1568,0.0,0.0
2024-06-18 11:00:00+09:00,7430.0,7650.0,7430.0,7540.0,35373,0.0,0.0
2024-06-18 12:00:00+09:00,7540.0,7570.0,7520.0,7540.0,9097,0.0,0.0
2024-06-18 13:00:00+09:00,7550.0,7560.0,7490.0,7510.0,14655,0.0,0.0
2024-06-18 14:00:00+09:00,7510.0,7550.0,7500.0,7510.0,7855,0.0,0.0
2024-06-19 09:00:00+09:00,7560.0,7570.0,7480.0,7500.0,10531,0.0,0.0
2024-06-19 10:00:00+09:00,7500.0,7500.0,7460.0,7470.0,5106,0.0,0.0
2024-06-19 11:00:00+09:00,7470.0,7470.0,7430.0,7440.0,5171,0.0,0.0
2024-06-19 12:00:00+09:00,7450.0,7470.0,7440.0,7460.0,1955,0.0,0.0
2024-06-19 13:00:00+09:00,7460.0,7480.0,7450.0,7450.0,1753,0.0,0.0
2024-06-19 14:00:00+09:00,7450.0,7470.0,7430.0,7460.0,7310,0.0,0.0
2024-06-20 09:00:00+09:00,7420.0,7520.0,7420.0,7460.0,3861,0.0,0.0
2024-06-20 10:00:00+09:00,7490.0,7510.0,7410.0,7490.0,12472,0.0,0.0
2024-06-20 11:00:00+09:00,7460.0,7500.0,7460.0,7480.0,3227,0.0,0.0
2024-06-20 12:00:00+09:00,7480.0,7500.0,7460.0,7460.0,1861,0.0,0.0
2024-06-20 13:00:00+09:00,7460.0,7490.0,7460.0,7480.0,1661,0.0,0.0
2024-06-20 14:00:00+09:00,7480.0,7480.0,7460.0,7470.0,1403,0.0,0.0
2024-06-21 09:00:00+09:00,7480.0,7490.0,7410.0,7450.0,4371,0.0,0.0
2024-06-21 10:00:00+09:00,7450.0,7470.0,7410.0,7420.0,2212,0.0,0.0
2024-06-21 11:00:00+09:00,7430.0,7440.0,7410.0,7410.0,1935,0.0,0.0
2024-06-21 12:00:00+09:00,7410.0,7440.0,7390.0,7400.0,5005,0.0,0.0
2024-06-21 13:00:00+09:00,7400.0,7430.0,7340.0,7350.0,7312,0.0,0.0
2024-06-21 14:00:00+09:00,7350.0,7370.0,7330.0,7360.0,10112,0.0,0.0
2024-06-24 09:00:00+09:00,7300.0,7360.0,7280.0,7350.0,0,0.0,0.0
2024-06-24 10:00:00+09:00,7350.0,7410.0,7310.0,7320.0,5513,0.0,0.0
2024-06-24 11:00:00+09:00,7320.0,7340.0,7310.0,7310.0,4623,0.0,0.0
2024-06-24 12:00:00+09:00,7340.0,7340.0,7300.0,7330.0,1611,0.0,0.0
2024-06-24 13:00:00+09:00,7330.0,7340.0,7300.0,7330.0,2244,0.0,0.0
2024-06-24 14:00:00+09:00,7340.0,7340.0,7310.0,7330.0,1641,0.0,0.0
2024-06-25 09:00:00+09:00,7350.0,7360.0,7300.0,7330.0,3685,0.0,0.0
2024-06-25 10:00:00+09:00,7330.0,7350.0,7310.0,7320.0,2416,0.0,0.0
2024-06-25 11:00:00+09:00,7330.0,7350.0,7310.0,7320.0,2649,0.0,0.0
2024-06-25 12:00:00+09:00,7320.0,7340.0,7320.0,7340.0,700,0.0,0.0
2024-06-25 13:00:00+09:00,7340.0,7350.0,7340.0,7350.0,1381,0.0,0.0
2024-06-25 14:00:00+09:00,7350.0,7360.0,7330.0,7340.0,2761,0.0,0.0
2024-06-26 09:00:00+09:00,7400.0,7400.0,7340.0,7390.0,3824,0.0,0.0
2024-06-26 10:00:00+09:00,7390.0,7390.0,7350.0,7380.0,2109,0.0,0.0
2024-06-26 11:00:00+09:00,7380.0,7380.0,7350.0,7350.0,272,0.0,0.0
2024-06-26 12:00:00+09:00,7350.0,7380.0,7330.0,7350.0,1582,0.0,0.0
2024-06-26 13:00:00+09:00,7340.0,7350.0,7340.0,7340.0,457,0.0,0.0
2024-06-26 14:00:00+09:00,7350.0,7370.0,7340.0,7370.0,2538,0.0,0.0
2024-06-27 09:00:00+09:00,7390.0,7390.0,7330.0,7330.0,3059,0.0,0.0
2024-06-27 10:00:00+09:00,7350.0,7380.0,7320.0,7380.0,2729,0.0,0.0
2024-06-27 11:00:00+09:00,7370.0,7390.0,7330.0,7330.0,5000,0.0,0.0
2024-06-27 12:00:00+09:00,7370.0,7370.0,7330.0,7350.0,926,0.0,0.0
2024-06-27 13:00:00+09:00,7350.0,8640.0,7330.0,7400.0,2001982,0.0,0.0
2024-06-27 14:00:00+09:00,7390.0,7430.0,7170.0,7230.0,225671,0.0,0.0
2024-06-28 09:00:00+09:00,7130.0,7250.0,7090.0,7230.0,64651,0.0,0.0
2024-06-28 10:00:00+09:00,7230.0,7250.0,7130.0,7190.0,28666,0.0,0.0
2024-06-28 11:00:00+09:00,7190.0,7220.0,7150.0,7160.0,7562,0.0,0.0
2024-06-28 12:00:00+09:00,7160.0,7200.0,7100.0,7180.0,11362,0.0,0.0
2024-06-28 13:00:00+09:00,7180.0,7200.0,7150.0,7170.0,5880,0.0,0.0
2024-06-28 14:00:00+09:00,7170.0,7180.0,7130.0,7160.0,12532,0.0,0.0
2024-07-01 09:00:00+09:00,7220.0,7450.0,7180.0,7310.0,0,0.0,0.0
2024-07-01 10:00:00+09:00,7310.0,7340.0,7260.0,7280.0,12989,0.0,0.0
2024-07-01 11:00:00+09:00,7280.0,7280.0,7240.0,7270.0,6622,0.0,0.0
2024-07-01 12:00:00+09:00,7260.0,7290.0,7230.0,7250.0,4114,0.0,0.0
2024-07-01 13:00:00+09:00,7240.0,7280.0,7210.0,7250.0,6804,0.0,0.0
2024-07-01 14:00:00+09:00,7240.0,7260.0,7220.0,7250.0,3496,0.0,0.0
2024-07-02 09:00:00+09:00,7280.0,7280.0,7170.0,7180.0,18341,0.0,0.0
2024-07-02 10:00:00+09:00,7190.0,7240.0,7160.0,7180.0,9072,0.0,0.0
2024-07-02 11:00:00+09:00,7180.0,7240.0,7180.0,7210.0,2513,0.0,0.0
2024-07-02 12:00:00+09:00,7210.0,7240.0,7180.0,7180.0,5058,0.0,0.0
2024-07-02 13:00:00+09:00,7180.0,7240.0,7150.0,7160.0,6270,0.0,0.0
2024-07-02 14:00:00+09:00,7160.0,7200.0,7160.0,7200.0,3173,0.0,0.0
2024-07-03 09:00:00+09:00,7300.0,7300.0,7150.0,7210.0,15183,0.0,0.0
2024-07-03 10:00:00+09:00,7170.0,7200.0,7050.0,7080.0,19485,0.0,0.0
2024-07-03 11:00:00+09:00,7090.0,7100.0,7050.0,7050.0,11542,0.0,0.0
2024-07-03 12:00:00+09:00,7060.0,7130.0,7030.0,7100.0,7019,0.0,0.0
2024-07-03 13:00:00+09:00,7100.0,7100.0,7030.0,7040.0,5340,0.0,0.0
2024-07-03 14:00:00+09:00,7030.0,7060.0,7030.0,7040.0,5259,0.0,0.0
2024-07-04 09:00:00+09:00,7030.0,7050.0,6950.0,7020.0,27082,0.0,0.0
2024-07-04 10:00:00+09:00,6990.0,7040.0,6990.0,7030.0,3600,0.0,0.0
2024-07-04 11:00:00+09:00,7030.0,7040.0,7000.0,7010.0,1791,0.0,0.0
2024-07-04 12:00:00+09:00,7010.0,7040.0,7000.0,7010.0,1445,0.0,0.0
2024-07-04 13:00:00+09:00,7010.0,7020.0,6950.0,6970.0,8989,0.0,0.0
2024-07-04 14:00:00+09:00,7010.0,7020.0,6970.0,7020.0,2490,0.0,0.0
2024-07-05 09:00:00+09:00,7000.0,7040.0,6980.0,7040.0,8118,0.0,0.0
2024-07-05 10:00:00+09:00,7040.0,7040.0,7000.0,7010.0,3108,0.0,0.0
2024-07-05 11:00:00+09:00,7030.0,7030.0,7000.0,7020.0,8907,0.0,0.0
2024-07-05 12:00:00+09:00,7010.0,7020.0,7000.0,7000.0,3587,0.0,0.0
2024-07-05 13:00:00+09:00,7000.0,7040.0,6970.0,6980.0,6843,0.0,0.0
2024-07-05 14:00:00+09:00,6990.0,7000.0,6980.0,7000.0,2360,0.0,0.0
2024-07-08 09:00:00+09:00,7050.0,7110.0,7000.0,7110.0,0,0.0,0.0
2024-07-08 10:00:00+09:00,7110.0,7120.0,7070.0,7090.0,10766,0.0,0.0
2024-07-08 11:00:00+09:00,7080.0,7110.0,7080.0,7100.0,749,0.0,0.0
2024-07-08 12:00:00+09:00,7090.0,7110.0,7090.0,7110.0,839,0.0,0.0
2024-07-08 13:00:00+09:00,7110.0,7110.0,7050.0,7110.0,3709,0.0,0.0
2024-07-08 14:00:00+09:00,7120.0,7140.0,7080.0,7100.0,3089,0.0,0.0
2024-07-09 09:00:00+09:00,7110.0,7150.0,7030.0,7110.0,6180,0.0,0.0
2024-07-09 10:00:00+09:00,7100.0,7110.0,7030.0,7070.0,8757,0.0,0.0
2024-07-09 11:00:00+09:00,7070.0,7090.0,7040.0,7060.0,1881,0.0,0.0
2024-07-09 12:00:00+09:00,7060.0,7120.0,7060.0,7100.0,4188,0.0,0.0
2024-07-09 13:00:00+09:00,7100.0,7100.0,7050.0,7090.0,6863,0.0,0.0
2024-07-09 14:00:00+09:00,7090.0,7090.0,7050.0,7080.0,768,0.0,0.0
2024-07-10 09:00:00+09:00,7080.0,7110.0,7050.0,7110.0,6735,0.0,0.0
2024-07-10 10:00:00+09:00,7110.0,7110.0,7030.0,7090.0,4018,0.0,0.0
2024-07-10 11:00:00+09:00,7070.0,7100.0,7030.0,7070.0,4608,0.0,0.0
2024-07-10 12:00:00+09:00,7070.0,7070.0,7040.0,7060.0,997,0.0,0.0
2024-07-10 13:00:00+09:00,7060.0,7100.0,7030.0,7060.0,6806,0.0,0.0
2024-07-10 14:00:00+09:00,7100.0,7110.0,7070.0,7090.0,4484,0.0,0.0
2024-07-11 09:00:00+09:00,7110.0,7120.0,7050.0,7090.0,8937,0.0,0.0
2024-07-11 10:00:00+09:00,7120.0,7150.0,7080.0,7090.0,3171,0.0,0.0
2024-07-11 11:00:00+09:00,7090.0,7100.0,7060.0,7080.0,3602,0.0,0.0
2024-07-11 12:00:00+09:00,7070.0,7140.0,7060.0,7120.0,2171,0.0,0.0
2024-07-11 13:00:00+09:00,7080.0,7100.0,7070.0,7100.0,778,0.0,0.0
2024-07-11 14:00:00+09:00,7100.0,7110.0,7070.0,7110.0,6356,0.0,0.0
2024-07-12 09:00:00+09:00,7090.0,7200.0,7080.0,7150.0,10785,0.0,0.0
2024-07-12 10:00:00+09:00,7150.0,7180.0,7110.0,7160.0,2976,0.0,0.0
2024-07-12 11:00:00+09:00,7160.0,7170.0,7110.0,7130.0,1962,0.0,0.0
2024-07-12 12:00:00+09:00,7130.0,7130.0,7110.0,7130.0,304,0.0,0.0
2024-07-12 13:00:00+09:00,7120.0,7130.0,7110.0,7120.0,2149,0.0,0.0
2024-07-12 14:00:00+09:00,7120.0,7120.0,7110.0,7110.0,1241,0.0,0.0
2024-07-15 09:00:00+09:00,7150.0,7150.0,7060.0,7110.0,0,0.0,0.0
2024-07-15 10:00:00+09:00,7110.0,7150.0,7080.0,7110.0,5399,0.0,0.0
2024-07-15 11:00:00+09:00,7090.0,7110.0,7080.0,7100.0,1242,0.0,0.0
2024-07-15 12:00:00+09:00,7100.0,7120.0,7080.0,7090.0,1879,0.0,0.0
2024-07-15 13:00:00+09:00,7100.0,7130.0,7090.0,7090.0,3494,0.0,0.0
2024-07-15 14:00:00+09:00,7120.0,7120.0,7080.0,7080.0,946,0.0,0.0
2024-07-16 09:00:00+09:00,7060.0,7100.0,7040.0,7100.0,3618,0.0,0.0
2024-07-16 10:00:00+09:00,7080.0,7100.0,7080.0,7100.0,1417,0.0,0.0
2024-07-16 11:00:00+09:00,7100.0,7130.0,7080.0,7120.0,996,0.0,0.0
2024-07-16 12:00:00+09:00,7130.0,7170.0,7120.0,7150.0,5842,0.0,0.0
2024-07-16 13:00:00+09:00,7160.0,7180.0,7150.0,7170.0,6153,0.0,0.0
2024-07-16 14:00:00+09:00,7170.0,7220.0,7160.0,7170.0,11332,0.0,0.0
2024-07-17 09:00:00+09:00,7170.0,7210.0,7150.0,7170.0,5282,0.0,0.0
2024-07-17 10:00:00+09:00,7170.0,7180.0,7130.0,7140.0,3114,0.0,0.0
2024-07-17 11:00:00+09:00,7170.0,7170.0,7140.0,7170.0,579,0.0,0.0
2024-07-17 12:00:00+09:00,7150.0,7170.0,7140.0,7160.0,2282,0.0,0.0
2024-07-17 13:00:00+09:00,7160.0,7170.0,7140.0,7170.0,3214,0.0,0.0
2024-07-17 14:00:00+09:00,7140.0,7170.0,7120.0,7130.0,5795,0.0,0.0
2024-07-18 09:00:00+09:00,7130.0,7140.0,7030.0,7120.0,14639,0.0,0.0
2024-07-18 10:00:00+09:00,7120.0,7120.0,7080.0,7090.0,1427,0.0,0.0
2024-07-18 11:00:00+09:00,7090.0,7100.0,7070.0,7070.0,1407,0.0,0.0
2024-07-18 12:00:00+09:00,7090.0,7110.0,7090.0,7090.0,572,0.0,0.0
2024-07-18 13:00:00+09:00,7090.0,7120.0,7080.0,7120.0,4762,0.0,0.0
2024-07-18 14:00:00+09:00,7110.0,7110.0,7060.0,7080.0,4102,0.0,0.0
2024-07-19 09:00:00+09:00,7110.0,7170.0,7060.0,7160.0,16029,0.0,0.0
2024-07-19 10:00:00+09:00,7160.0,7160.0,7090.0,7090.0,4408,0.0,0.0
2024-07-19 11:00:00+09:00,7090.0,7120.0,7080.0,7090.0,419,0.0,0.0
2024-07-19 12:00:00+09:00,7090.0,7090.0,7050.0,7070.0,3758,0.0,0.0
2024-07-19 13:00:00+09:00,7090.0,7090.0,7040.0,7090.0,2147,0.0,0.0
2024-07-19 14:00:00+09:00,7100.0,7120.0,7080.0,7090.0,1919,0.0,0.0
2024-07-22 09:00:00+09:00,7110.0,7140.0,7040.0,7050.0,0,0.0,0.0
2024-07-22 10:00:00+09:00,7050.0,7080.0,7000.0,7040.0,5334,0.0,0.0
2024-07-22 11:00:00+09:00,7030.0,7060.0,7010.0,7060.0,3708,0.0,0.0
2024-07-22 12:00:00+09:00,7060.0,7060.0,7010.0,7020.0,3028,0.0,0.0
2024-07-22 13:00:00+09:00,7020.0,7070.0,7020.0,7020.0,1299,0.0,0.0
2024-07-22 14:00:00+09:00,7030.0,7040.0,7020.0,7030.0,1414,0.0,0.0
2024-07-23 09:00:00+09:00,7050.0,7100.0,7040.0,7080.0,4409,0.0,0.0
2024-07-23 10:00:00+09:00,7080.0,7080.0,7020.0,7020.0,6668,0.0,0.0
2024-07-23 11:00:00+09:00,7020.0,7050.0,7000.0,7050.0,5802,0.0,0.0
2024-07-23 12:00:00+09:00,7040.0,7040.0,7010.0,7020.0,2398,0.0,0.0
2024-07-23 13:00:00+09:00,7020.0,7030.0,7000.0,7010.0,3793,0.0,0.0
2024-07-23 14:00:00+09:00,7010.0,7040.0,7000.0,7030.0,3212,0.0,0.0
2024-07-24 09:00:00+09:00,7010.0,7070.0,7000.0,7050.0,2571,0.0,0.0
2024-07-24 10:00:00+09:00,7050.0,7060.0,7020.0,7040.0,600,0.0,0.0
2024-07-24 11:00:00+09:00,7040.0,7060.0,7010.0,7020.0,1857,0.0,0.0
2024-07-24 12:00:00+09:00,7040.0,7060.0,7040.0,7040.0,81,0.0,0.0
2024-07-24 13:00:00+09:00,7050.0,7050.0,7010.0,7010.0,562,0.0,0.0
2024-07-24 14:00:00+09:00,7020.0,7040.0,7010.0,7040.0,1820,0.0,0.0
2024-07-25 09:00:00+09:00,6980.0,7000.0,6730.0,6770.0,45035,0.0,0.0
2024-07-25 10:00:00+09:00,6770.0,6800.0,6740.0,6800.0,7521,0.0,0.0
2024-07-25 11:00:00+09:00,6790.0,6850.0,6790.0,6810.0,2608,0.0,0.0
2024-07-25 12:00:00+09:00,6810.0,6840.0,6800.0,6830.0,650,0.0,0.0
2024-07-25 13:00:00+09:00,6830.0,6850.0,6810.0,6840.0,2075,0.0,0.0
2024-07-25 14:00:00+09:00,6850.0,6870.0,6830.0,6840.0,1373,0.0,0.0
2024-07-26 09:00:00+09:00,6840.0,6880.0,6790.0,6830.0,6179,0.0,0.0
2024-07-26 10:00:00+09:00,6830.0,6830.0,6800.0,6830.0,1771,0.0,0.0
2024-07-26 11:00:00+09:00,6830.0,6880.0,6800.0,6860.0,3757,0.0,0.0
2024-07-26 12:00:00+09:00,6840.0,6860.0,6840.0,6860.0,575,0.0,0.0
2024-07-26 13:00:00+09:00,6850.0,6860.0,6850.0,6850.0,0,0.0,0.0
2024-07-26 14:00:00+09:00,6850.0,6850.0,6830.0,6830.0,1560,0.0,0.0
2024-07-29 09:00:00+09:00,6860.0,6960.0,6860.0,6910.0,0,0.0,0.0
2024-07-29 10:00:00+09:00,6920.0,6950.0,6910.0,6910.0,2220,0.0,0.0
2024-07-29 11:00:00+09:00,6930.0,6930.0,6910.0,6910.0,640,0.0,0.0
2024-07-29 12:00:00+09:00,6910.0,6930.0,6900.0,6930.0,989,0.0,0.0
2024-07-29 13:00:00+09:00,6910.0,6930.0,6890.0,6920.0,714,0.0,0.0
2024-07-29 14:00:00+09:00,6920.0,6920.0,6900.0,6920.0,217,0.0,0.0
2024-07-30 09:00:00+09:00,6920.0,6940.0,6850.0,6910.0,6285,0.0,0.0
2024-07-30 10:00:00+09:00,6860.0,6900.0,6830.0,6850.0,6620,0.0,0.0
2024-07-30 11:00:00+09:00,6890.0,6890.0,6840.0,6840.0,1677,0.0,0.0
2024-07-30 12:00:00+09:00,6850.0,6870.0,6830.0,6870.0,2209,0.0,0.0
2024-07-30 13:00:00+09:00,6860.0,6870.0,6830.0,6840.0,624,0.0,0.0
2024-07-30 14:00:00+09:00,6860.0,6890.0,6800.0,6840.0,11442,0.0,0.0
2024-07-31 09:00:00+09:00,6840.0,6840.0,6760.0,6820.0,4709,0.0,0.0
2024-07-31 10:00:00+09:00,6820.0,6840.0,6760.0,6800.0,4455,0.0,0.0
2024-07-31 11:00:00+09:00,6780.0,6780.0,6710.0,6750.0,7801,0.0,0.0
2024-07-31 12:00:00+09:00,6750.0,6790.0,6740.0,6790.0,4136,0.0,0.0
2024-07-31 13:00:00+09:00,6790.0,6790.0,6760.0,6770.0,968,0.0,0.0
2024-07-31 14:00:00+09:00,6770.0,6830.0,6740.0,6820.0,9550,0.0,0.0
2024-08-01 09:00:00+09:00,6840.0,6910.0,6800.0,6860.0,9663,0.0,0.0
2024-08-01 10:00:00+09:00,6880.0,6890.0,6830.0,6840.0,1340,0.0,0.0
2024-08-01 11:00:00+09:00,6840.0,6890.0,6840.0,6840.0,794,0.0,0.0
2024-08-01 12:00:00+09:00,6860.0,6900.0,6860.0,6860.0,829,0.0,0.0
2024-08-01 13:00:00+09:00,6860.0,6890.0,6830.0,6870.0,5236,0.0,0.0
2024-08-01 14:00:00+09:00,6870.0,6880.0,6840.0,6870.0,1400,0.0,0.0
2024-08-02 09:00:00+09:00,6880.0,6880.0,6650.0,6680.0,21595,0.0,0.0
2024-08-02 10:00:00+09:00,6680.0,6720.0,6660.0,6710.0,2408,0.0,0.0
2024-08-02 11:00:00+09:00,6700.0,6720.0,6670.0,6670.0,9662,0.0,0.0
2024-08-02 12:00:00+09:00,6670.0,6690.0,6660.0,6680.0,4381,0.0,0.0
2024-08-02 13:00:00+09:00,6680.0,6720.0,6670.0,6670.0,2039,0.0,0.0
2024-08-02 14:00:00+09:00,6670.0,6690.0,6650.0,6660.0,8592,0.0,0.0
2024-08-05 09:00:00+09:00,6630.0,6650.0,6320.0,6360.0,0,0.0,0.0
2024-08-05 10:00:00+09:00,6370.0,6370.0,6210.0,6250.0,10336,0.0,0.0
2024-08-05 11:00:00+09:00,6260.0,6350.0,6220.0,6280.0,5957,0.0,0.0
2024-08-05 12:00:00+09:00,6280.0,6280.0,6210.0,6210.0,18080,0.0,0.0
2024-08-05 13:00:00+09:00,6210.0,6230.0,6120.0,6130.0,10930,0.0,0.0
2024-08-05 14:00:00+09:00,6120.0,6120.0,5600.0,5890.0,23401,0.0,0.0
2024-08-06 09:00:00+09:00,5860.0,6180.0,5860.0,6180.0,19955,0.0,0.0
2024-08-06 10:00:00+09:00,6180.0,6220.0,6050.0,6080.0,7982,0.0,0.0
2024-08-06 11:00:00+09:00,6080.0,6140.0,6020.0,6100.0,3410,0.0,0.0
2024-08-06 12:00:00+09:00,6100.0,6160.0,6100.0,6160.0,1644,0.0,0.0
2024-08-06 13:00:00+09:00,6150.0,6210.0,6120.0,6120.0,0,0.0,0.0
2024-08-06 14:00:00+09:00,6120.0,6240.0,6100.0,6160.0,43335,0.0,0.0
2024-08-07 09:00:00+09:00,6100.0,6280.0,6100.0,6280.0,13659,0.0,0.0
2024-08-07 10:00:00+09:00,6280.0,6280.0,6220.0,6260.0,1022,0.0,0.0
2024-08-07 11:00:00+09:00,6260.0,6350.0,6220.0,6280.0,1827,0.0,0.0
2024-08-07 12:00:00+09:00,6280.0,6290.0,6260.0,6290.0,958,0.0,0.0
2024-08-07 13:00:00+09:00,6290.0,6320.0,6270.0,6300.0,3184,0.0,0.0
2024-08-07 14:00:00+09:00,6300.0,6320.0,6270.0,6270.0,1705,0.0,0.0
2024-08-08 09:00:00+09:00,6260.0,6310.0,6200.0,6280.0,8439,0.0,0.0
2024-08-08 10:00:00+09:00,6280.0,6290.0,6230.0,6230.0,4631,0.0,0.0
2024-08-08 11:00:00+09:00,6240.0,6290.0,6240.0,6260.0,77,0.0,0.0
2024-08-08 12:00:00+09:00,6260.0,6340.0,6260.0,6270.0,1368,0.0,0.0
2024-08-08 13:00:00+09:00,6300.0,6630.0,6270.0,6490.0,30896,0.0,0.0
2024-08-08 14:00:00+09:00,6490.0,6510.0,6300.0,6470.0,20259,0.0,0.0
2024-08-09 09:00:00+09:00,6470.0,6660.0,6430.0,6550.0,21026,0.0,0.0
2024-08-09 10:00:00+09:00,6590.0,6590.0,6540.0,6540.0,3900,0.0,0.0
2024-08-09 11:00:00+09:00,6540.0,6610.0,6540.0,6600.0,2739,0.0,0.0
2024-08-09 12:00:00+09:00,6600.0,6610.0,6570.0,6580.0,2786,0.0,0.0
2024-08-09 13:00:00+09:00,6570.0,6580.0,6520.0,6570.0,8493,0.0,0.0
2024-08-09 14:00:00+09:00,6570.0,6610.0,6550.0,6600.0,3880,0.0,0.0
2024-08-12 09:00:00+09:00,6670.0,6810.0,6630.0,6790.0,0,0.0,0.0
2024-08-12 10:00:00+09:00,6770.0,6800.0,6740.0,6750.0,4873,0.0,0.0
2024-08-12 11:00:00+09:00,6740.0,6770.0,6740.0,6740.0,2869,0.0,0.0
2024-08-12 12:00:00+09:00,6750.0,6760.0,6700.0,6700.0,426,0.0,0.0
2024-08-12 13:00:00+09:00,6710.0,6710.0,6670.0,6710.0,1006,0.0,0.0
2024-08-12 14:00:00+09:00,6710.0,6780.0,6710.0,6740.0,2349,0.0,0.0
2024-08-13 09:00:00+09:00,6780.0,6820.0,6690.0,6800.0,12388,0.0,0.0
2024-08-13 10:00:00+09:00,6800.0,6810.0,6710.0,6780.0,5468,0.0,0.0
2024-08-13 11:00:00+09:00,6750.0,6760.0,6700.0,6700.0,1475,0.0,0.0
2024-08-13 12:00:00+09:00,6730.0,6800.0,6730.0,6780.0,1689,0.0,0.0
2024-08-13 13:00:00+09:00,6780.0,6800.0,6780.0,6790.0,2497,0.0,0.0
2024-08-13 14:00:00+09:00,6790.0,6790.0,6780.0,6780.0,1554,0.0,0.0
2024-08-14 09:00:00+09:00,6850.0,6980.0,6700.0,6820.0,19084,0.0,0.0
2024-08-14 10:00:00+09:00,6810.0,6860.0,6800.0,6850.0,2367,0.0,0.0
2024-08-14 11:00:00+09:00,6850.0,6860.0,6810.0,6850.0,1883,0.0,0.0
2024-08-14 12:00:00+09:00,6850.0,6860.0,6850.0,6850.0,817,0.0,0.0
2024-08-14 13:00:00+09:00,6850.0,6950.0,6850.0,6860.0,25271,0.0,0.0
2024-08-14 14:00:00+09:00,6870.0,7180.0,6590.0,6830.0,64530,0.0,0.0
2024-08-16 09:00:00+09:00,6800.0,6890.0,6770.0,6890.0,0,0.0,0.0
2024-08-16 10:00:00+09:00,6880.0,6880.0,6790.0,6790.0,3260,0.0,0.0
2024-08-16 11:00:00+09:00,6790.0,6800.0,6780.0,6780.0,2143,0.0,0.0
2024-08-16 12:00:00+09:00,6780.0,6830.0,6780.0,6790.0,4265,0.0,0.0
2024-08-16 13:00:00+09:00,6790.0,6880.0,6780.0,6850.0,7939,0.0,0.0
2024-08-16 14:00:00+09:00,6860.0,6890.0,6820.0,6820.0,4369,0.0,0.0
2024-08-19 09:00:00+09:00,6810.0,6870.0,6760.0,6810.0,0,0.0,0.0
2024-08-19 10:00:00+09:00,6830.0,6850.0,6750.0,6760.0,7553,0.0,0.0
2024-08-19 11:00:00+09:00,6770.0,6800.0,6730.0,6780.0,777,0.0,0.0
2024-08-19 12:00:00+09:00,6780.0,6840.0,6730.0,6740.0,5138,0.0,0.0
2024-08-19 13:00:00+09:00,6740.0,6860.0,6730.0,6850.0,6028,0.0,0.0
2024-08-19 14:00:00+09:00,6840.0,6880.0,6730.0,6780.0,7562,0.0,0.0
2024-08-20 09:00:00+09:00,6790.0,6920.0,6790.0,6920.0,3888,0.0,0.0
2024-08-20 10:00:00+09:00,6910.0,6920.0,6840.0,6910.0,2490,0.0,0.0
2024-08-20 11:00:00+09:00,6910.0,6970.0,6900.0,6940.0,8821,0.0,0.0
2024-08-20 12:00:00+09:00,6930.0,6970.0,6920.0,6950.0,4937,0.0,0.0
2024-08-20 13:00:00+09:00,6950.0,7010.0,6950.0,7000.0,9759,0.0,0.0
2024-08-20 14:00:00+09:00,6990.0,6990.0,6920.0,6920.0,5441,0.0,0.0
2024-08-21 09:00:00+09:00,6940.0,7010.0,6850.0,6940.0,4743,0.0,0.0
2024-08-21 10:00:00+09:00,6920.0,6980.0,6890.0,6910.0,498,0.0,0.0
2024-08-21 11:00:00+09:00,6900.0,6920.0,6890.0,6900.0,631,0.0,0.0
2024-08-21 12:00:00+09:00,6900.0,6940.0,6900.0,6920.0,412,0.0,0.0
2024-08-21 13:00:00+09:00,6910.0,6930.0,6840.0,6930.0,7526,0.0,0.0
2024-08-21 14:00:00+09:00,6890.0,6950.0,6880.0,6910.0,3177,0.0,0.0
2024-08-22 09:00:00+09:00,6890.0,6940.0,6830.0,6850.0,7480,0.0,0.0
2024-08-22 10:00:00+09:00,6870.0,6890.0,6840.0,6840.0,862,0.0,0.0
2024-08-22 11:00:00+09:00,6860.0,6880.0,6830.0,6840.0,772,0.0,0.0
2024-08-22 12:00:00+09:00,6860.0,6870.0,6810.0,6820.0,1893,0.0,0.0
2024-08-22 13:00:00+09:00,6830.0,6900.0,6810.0,6890.0,1464,0.0,0.0
2024-08-22 14:00:00+09:00,6890.0,6920.0,6870.0,6880.0,6219,0.0,0.0
2024-08-23 09:00:00+09:00,6840.0,6860.0,6750.0,6820.0,1189,0.0,0.0
2024-08-23 10:00:00+09:00,6820.0,6840.0,6750.0,6750.0,5368,0.0,0.0
2024-08-23 11:00:00+09:00,6770.0,6830.0,6750.0,6790.0,1330,0.0,0.0
2024-08-23 12:00:00+09:00,6820.0,6820.0,6790.0,6790.0,1989,0.0,0.0
2024-08-23 13:00:00+09:00,6800.0,6830.0,6800.0,6830.0,0,0.0,0.0
2024-08-23 14:00:00+09:00,6830.0,6860.0,6800.0,6860.0,231,0.0,0.0
2024-08-26 09:00:00+09:00,6830.0,6860.0,6750.0,6840.0,0,0.0,0.0
2024-08-26 10:00:00+09:00,6820.0,6820.0,6780.0,6810.0,1108,0.0,0.0
2024-08-26 11:00:00+09:00,6810.0,6820.0,6800.0,6800.0,241,0.0,0.0
2024-08-26 12:00:00+09:00,6800.0,6830.0,6650.0,6720.0,18123,0.0,0.0
2024-08-26 13:00:00+09:00,6720.0,6790.0,6720.0,6760.0,2232,0.0,0.0
2024-08-26 14:00:00+09:00,6760.0,6780.0,6710.0,6740.0,584,0.0,0.0
2024-08-27 09:00:00+09:00,6700.0,6750.0,6640.0,6750.0,3126,0.0,0.0
2024-08-27 10:00:00+09:00,6750.0,6750.0,6720.0,6740.0,934,0.0,0.0
2024-08-27 11:00:00+09:00,6740.0,6750.0,6740.0,6740.0,249,0.0,0.0
2024-08-27 12:00:00+09:00,6740.0,6740.0,6740.0,6740.0,821,0.0,0.0
2024-08-27 13:00:00+09:00,6740.0,6770.0,6700.0,6720.0,12329,0.0,0.0
2024-08-27 14:00:00+09:00,6720.0,6740.0,6720.0,6730.0,262,0.0,0.0
2024-08-28 09:00:00+09:00,6760.0,6830.0,6760.0,6800.0,2852,0.0,0.0
2024-08-28 10:00:00+09:00,6800.0,6830.0,6780.0,6780.0,4089,0.0,0.0
2024-08-28 11:00:00+09:00,6780.0,6790.0,6770.0,6770.0,1732,0.0,0.0
2024-08-28 12:00:00+09:00,6780.0,6790.0,6760.0,6760.0,1891,0.0,0.0
2024-08-28 13:00:00+09:00,6760.0,6770.0,6760.0,6770.0,25,0.0,0.0
2024-08-28 14:00:00+09:00,6770.0,6780.0,6750.0,6750.0,4017,0.0,0.0
2024-08-29 09:00:00+09:00,6670.0,6720.0,6670.0,6670.0,3723,0.0,0.0
2024-08-29 10:00:00+09:00,6710.0,6710.0,6700.0,6700.0,307,0.0,0.0
2024-08-29 11:00:00+09:00,6700.0,6710.0,6680.0,6710.0,5012,0.0,0.0
2024-08-29 12:00:00+09:00,6710.0,6770.0,6680.0,6770.0,12466,0.0,0.0
2024-08-29 13:00:00+09:00,6770.0,6770.0,6740.0,6750.0,2257,0.0,0.0
2024-08-29 14:00:00+09:00,6740.0,6750.0,6710.0,6720.0,179,0.0,0.0
2024-08-30 09:00:00+09:00,6660.0,6760.0,6660.0,6710.0,1558,0.0,0.0
2024-08-30 10:00:00+09:00,6710.0,6740.0,6700.0,6730.0,1831,0.0,0.0
2024-08-30 11:00:00+09:00,6730.0,6740.0,6710.0,6730.0,1665,0.0,0.0
2024-08-30 12:00:00+09:00,6720.0,6730.0,6710.0,6720.0,1334,0.0,0.0
2024-08-30 13:00:00+09:00,6720.0,6750.0,6710.0,6740.0,209,0.0,0.0
2024-08-30 14:00:00+09:00,6750.0,6790.0,6720.0,6790.0,7846,0.0,0.0
2024-09-02 09:00:00+09:00,6740.0,6790.0,6690.0,6700.0,0,0.0,0.0
2024-09-02 10:00:00+09:00,6700.0,6720.0,6690.0,6700.0,3789,0.0,0.0
2024-09-02 11:00:00+09:00,6700.0,6700.0,6660.0,6680.0,1369,0.0,0.0
2024-09-02 12:00:00+09:00,6680.0,6750.0,6680.0,6700.0,2432,0.0,0.0
2024-09-02 13:00:00+09:00,6700.0,6710.0,6680.0,6710.0,3507,0.0,0.0
2024-09-02 14:00:00+09:00,6740.0,6780.0,6680.0,6780.0,4179,0.0,0.0
2024-09-03 09:00:00+09:00,6670.0,6800.0,6670.0,6800.0,1272,0.0,0.0
2024-09-03 10:00:00+09:00,6790.0,6870.0,6720.0,6810.0,6069,0.0,0.0
2024-09-03 11:00:00+09:00,6810.0,6810.0,6740.0,6760.0,2020,0.0,0.0
2024-09-03 12:00:00+09:00,6750.0,6750.0,6720.0,6730.0,1148,0.0,0.0
2024-09-03 13:00:00+09:00,6740.0,6890.0,6730.0,6840.0,2472,0.0,0.0
2024-09-03 14:00:00+09:00,6840.0,6880.0,6820.0,6820.0,5230,0.0,0.0
2024-09-04 09:00:00+09:00,6710.0,6710.0,6650.0,6680.0,5449,0.0,0.0
2024-09-04 10:00:00+09:00,6680.0,6680.0,6660.0,6670.0,1327,0.0,0.0
2024-09-04 11:00:00+09:00,6670.0,6710.0,6670.0,6700.0,1867,0.0,0.0
2024-09-04 12:00:00+09:00,6710.0,6710.0,6680.0,6690.0,613,0.0,0.0
2024-09-04 13:00:00+09:00,6690.0,6700.0,6680.0,6690.0,2270,0.0,0.0
2024-09-04 14:00:00+09:00,6690.0,6690.0,6650.0,6670.0,7438,0.0,0.0
2024-09-05 09:00:00+09:00,6680.0,6720.0,6600.0,6720.0,1002,0.0,0.0
2024-09-05 10:00:00+09:00,6730.0,6740.0,6710.0,6710.0,756,0.0,0.0
2024-09-05 11:00:00+09:00,6700.0,6710.0,6620.0,6650.0,7477,0.0,0.0
2024-09-05 12:00:00+09:00,6620.0,6660.0,6610.0,6620.0,3199,0.0,0.0
2024-09-05 13:00:00+09:00,6620.0,6640.0,6580.0,6630.0,2895,0.0,0.0
2024-09-05 14:00:00+09:00,6610.0,6610.0,6580.0,6580.0,3434,0.0,0.0
2024-09-06 09:00:00+09:00,6510.0,6580.0,6460.0,6470.0,3535,0.0,0.0
2024-09-06 10:00:00+09:00,6480.0,6530.0,6460.0,6470.0,2461,0.0,0.0
2024-09-06 11:00:00+09:00,6460.0,6470.0,6450.0,6470.0,2814,0.0,0.0
2024-09-06 12:00:00+09:00,6470.0,6480.0,6460.0,6460.0,124,0.0,0.0
2024-09-06 13:00:00+09:00,6480.0,6510.0,6460.0,6510.0,2255,0.0,0.0
2024-09-06 14:00:00+09:00,6500.0,6520.0,6450.0,6460.0,7693,0.0,0.0
2024-09-09 09:00:00+09:00,6230.0,6390.0,6150.0,6350.0,0,0.0,0.0
2024-09-09 10:00:00+09:00,6350.0,6380.0,6330.0,6360.0,2297,0.0,0.0
2024-09-09 11:00:00+09:00,6350.0,6370.0,6340.0,6370.0,112,0.0,0.0
2024-09-09 12:00:00+09:00,6370.0,6390.0,6370.0,6390.0,345,0.0,0.0
2024-09-09 13:00:00+09:00,6390.0,6470.0,6390.0,6450.0,6699,0.0,0.0
2024-09-09 14:00:00+09:00,6450.0,6700.0,6440.0,6610.0,13082,0.0,0.0
2024-09-10 09:00:00+09:00,6630.0,6640.0,6560.0,6640.0,2057,0.0,0.0
2024-09-10 10:00:00+09:00,6650.0,6670.0,6620.0,6660.0,226,0.0,0.0
2024-09-10 11:00:00+09:00,6620.0,6660.0,6600.0,6600.0,1310,0.0,0.0
2024-09-10 12:00:00+09:00,6630.0,6640.0,6610.0,6640.0,596,0.0,0.0
2024-09-10 13:00:00+09:00,6640.0,6660.0,6630.0,6630.0,1580,0.0,0.0
2024-09-10 14:00:00+09:00,6640.0,6640.0,6620.0,6640.0,1094,0.0,0.0
2024-09-11 09:00:00+09:00,6560.0,6720.0,6560.0,6670.0,3411,0.0,0.0
2024-09-11 10:00:00+09:00,6650.0,6650.0,6600.0,6620.0,1208,0.0,0.0
2024-09-11 11:00:00+09:00,6600.0,6610.0,6560.0,6610.0,1300,0.0,0.0
2024-09-11 12:00:00+09:00,6560.0,6610.0,6560.0,6570.0,821,0.0,0.0
2024-09-11 13:00:00+09:00,6570.0,6570.0,6550.0,6560.0,725,0.0,0.0
2024-09-11 14:00:00+09:00,6550.0,6560.0,6480.0,6510.0,7279,0.0,0.0
2024-09-12 09:00:00+09:00,6580.0,6620.0,6580.0,6620.0,360,0.0,0.0
2024-09-12 10:00:00+09:00,6610.0,6620.0,6590.0,6620.0,1045,0.0,0.0
2024-09-12 11:00:00+09:00,6620.0,6700.0,6610.0,6640.0,3130,0.0,0.0
2024-09-12 12:00:00+09:00,6640.0,6650.0,6630.0,6640.0,957,0.0,0.0
2024-09-12 13:00:00+09:00,6660.0,6660.0,6650.0,6650.0,623,0.0,0.0
2024-09-12 14:00:00+09:00,6650.0,6680.0,6650.0,6680.0,302,0.0,0.0
2024-09-13 09:00:00+09:00,6700.0,6730.0,6660.0,6730.0,1298,0.0,0.0
2024-09-13 10:00:00+09:00,6730.0,6730.0,6710.0,6710.0,1481,0.0,0.0
2024-09-13 11:00:00+09:00,6710.0,6720.0,6700.0,6700.0,1595,0.0,0.0
2024-09-13 12:00:00+09:00,6700.0,6700.0,6700.0,6700.0,86,0.0,0.0
2024-09-13 13:00:00+09:00,6710.0,6720.0,6700.0,6720.0,2190,0.0,0.0
2024-09-13 14:00:00+09:00,6730.0,6730.0,6720.0,6720.0,546,0.0,0.0
2024-09-19 09:00:00+09:00,6620.0,6760.0,6620.0,6700.0,0,0.0,0.0
2024-09-19 10:00:00+09:00,6700.0,6740.0,6570.0,6640.0,7654,0.0,0.0
2024-09-19 11:00:00+09:00,6640.0,6660.0,6590.0,6600.0,417,0.0,0.0
2024-09-19 12:00:00+09:00,6610.0,6650.0,6610.0,6650.0,59,0.0,0.0
2024-09-19 13:00:00+09:00,6640.0,6680.0,6640.0,6680.0,220,0.0,0.0
2024-09-19 14:00:00+09:00,6680.0,6700.0,6680.0,6700.0,1128,0.0,0.0
2024-09-20 09:00:00+09:00,6690.0,6890.0,6690.0,6780.0,9068,0.0,0.0
2024-09-20 10:00:00+09:00,6790.0,6810.0,6750.0,6750.0,2674,0.0,0.0
2024-09-20 11:00:00+09:00,6730.0,6770.0,6730.0,6730.0,249,0.0,0.0
2024-09-20 12:00:00+09:00,6730.0,6770.0,6730.0,6770.0,1195,0.0,0.0
2024-09-20 13:00:00+09:00,6770.0,6800.0,6710.0,6730.0,4533,0.0,0.0
2024-09-20 14:00:00+09:00,6730.0,6770.0,6720.0,6770.0,1698,0.0,0.0
2024-09-23 09:00:00+09:00,6770.0,6770.0,6750.0,6770.0,0,0.0,0.0
2024-09-23 10:00:00+09:00,6770.0,6770.0,6750.0,6760.0,1437,0.0,0.0
2024-09-23 11:00:00+09:00,6760.0,6760.0,6740.0,6740.0,1448,0.0,0.0
2024-09-23 12:00:00+09:00,6750.0,6750.0,6730.0,6740.0,2365,0.0,0.0
2024-09-23 13:00:00+09:00,6740.0,6760.0,6740.0,6760.0,4108,0.0,0.0
2024-09-23 14:00:00+09:00,6760.0,6760.0,6720.0,6740.0,1016,0.0,0.0
2024-09-24 09:00:00+09:00,6730.0,6730.0,6630.0,6730.0,2956,0.0,0.0
2024-09-24 10:00:00+09:00,6730.0,6730.0,6680.0,6730.0,319,0.0,0.0
2024-09-24 11:00:00+09:00,6730.0,6730.0,6690.0,6690.0,0,0.0,0.0
2024-09-24 12:00:00+09:00,6690.0,6720.0,6690.0,6720.0,249,0.0,0.0
2024-09-24 13:00:00+09:00,6700.0,6700.0,6690.0,6700.0,421,0.0,0.0
2024-09-24 14:00:00+09:00,6700.0,6700.0,6700.0,6700.0,330,0.0,0.0
2024-09-25 09:00:00+09:00,6720.0,6750.0,6710.0,6730.0,1208,0.0,0.0
2024-09-25 10:00:00+09:00,6730.0,6730.0,6710.0,6720.0,712,0.0,0.0
2024-09-25 11:00:00+09:00,6710.0,6710.0,6700.0,6700.0,860,0.0,0.0
2024-09-25 12:00:00+09:00,6710.0,6720.0,6690.0,6720.0,21033,0.0,0.0
2024-09-25 13:00:00+09:00,6710.0,6730.0,6710.0,6730.0,3109,0.0,0.0
2024-09-25 14:00:00+09:00,6720.0,6730.0,6700.0,6700.0,393,0.0,0.0
2024-09-26 09:00:00+09:00,6720.0,6720.0,6670.0,6700.0,811,0.0,0.0
2024-09-26 10:00:00+09:00,6700.0,6700.0,6670.0,6690.0,1358,0.0,0.0
2024-09-26 11:00:00+09:00,6690.0,6700.0,6670.0,6670.0,1993,0.0,0.0
2024-09-26 12:00:00+09:00,6700.0,6700.0,6690.0,6690.0,803,0.0,0.0
2024-09-26 13:00:00+09:00,6690.0,6710.0,6690.0,6710.0,582,0.0,0.0
2024-09-26 14:00:00+09:00,6710.0,6710.0,6690.0,6710.0,230,0.0,0.0
2024-09-27 09:00:00+09:00,6810.0,6810.0,6690.0,6700.0,4788,0.0,0.0
2024-09-27 10:00:00+09:00,6740.0,6830.0,6730.0,6810.0,6477,0.0,0.0
2024-09-27 11:00:00+09:00,6800.0,6820.0,6750.0,6750.0,1870,0.0,0.0
2024-09-27 12:00:00+09:00,6740.0,6750.0,6710.0,6720.0,572,0.0,0.0
2024-09-27 13:00:00+09:00,6720.0,6750.0,6720.0,6730.0,559,0.0,0.0
2024-09-27 14:00:00+09:00,6750.0,6810.0,6740.0,6810.0,4337,0.0,0.0
2024-09-30 09:00:00+09:00,6730.0,6830.0,6730.0,6800.0,0,0.0,0.0
2024-09-30 10:00:00+09:00,6800.0,6810.0,6740.0,6750.0,2074,0.0,0.0
2024-09-30 11:00:00+09:00,6770.0,6800.0,6750.0,6780.0,1944,0.0,0.0
2024-09-30 12:00:00+09:00,6780.0,6800.0,6750.0,6790.0,1327,0.0,0.0
2024-09-30 13:00:00+09:00,6790.0,6790.0,6740.0,6740.0,1648,0.0,0.0
2024-09-30 14:00:00+09:00,6770.0,6770.0,6730.0,6770.0,1323,0.0,0.0
2024-10-02 09:00:00+09:00,6690.0,6730.0,6680.0,6730.0,0,0.0,0.0
2024-10-02 10:00:00+09:00,6750.0,6750.0,6700.0,6700.0,229,0.0,0.0
2024-10-02 11:00:00+09:00,6690.0,6700.0,6670.0,6690.0,880,0.0,0.0
2024-10-02 12:00:00+09:00,6700.0,6700.0,6680.0,6680.0,634,0.0,0.0
2024-10-02 13:00:00+09:00,6690.0,6710.0,6680.0,6690.0,170,0.0,0.0
2024-10-02 14:00:00+09:00,6690.0,6710.0,6650.0,6670.0,3962,0.0,0.0
2024-10-04 09:00:00+09:00,6610.0,6620.0,6560.0,6610.0,0,0.0,0.0
2024-10-04 10:00:00+09:00,6610.0,6620.0,6600.0,6600.0,135,0.0,0.0
2024-10-04 11:00:00+09:00,6620.0,6620.0,6600.0,6620.0,401,0.0,0.0
2024-10-04 12:00:00+09:00,6620.0,6620.0,6610.0,6610.0,563,0.0,0.0
2024-10-04 13:00:00+09:00,6620.0,6630.0,6620.0,6620.0,302,0.0,0.0
2024-10-04 14:00:00+09:00,6630.0,6630.0,6570.0,6590.0,2364,0.0,0.0
2024-10-07 09:00:00+09:00,6570.0,6620.0,6570.0,6570.0,0,0.0,0.0
2024-10-07 10:00:00+09:00,6610.0,6620.0,6580.0,6580.0,344,0.0,0.0
2024-10-07 11:00:00+09:00,6590.0,6630.0,6590.0,6630.0,805,0.0,0.0
2024-10-07 12:00:00+09:00,6630.0,6650.0,6600.0,6600.0,2709,0.0,0.0
2024-10-07 13:00:00+09:00,6650.0,6650.0,6600.0,6600.0,654,0.0,0.0
2024-10-07 14:00:00+09:00,6600.0,6650.0,6600.0,6620.0,54,0.0,0.0
2024-10-08 09:00:00+09:00,6560.0,6620.0,6560.0,6580.0,2476,0.0,0.0
2024-10-08 10:00:00+09:00,6600.0,6630.0,6600.0,6600.0,739,0.0,0.0
2024-10-08 11:00:00+09:00,6600.0,6630.0,6600.0,6610.0,65,0.0,0.0
2024-10-08 12:00:00+09:00,6610.0,6610.0,6420.0,6530.0,8734,0.0,0.0
2024-10-08 13:00:00+09:00,6530.0,6580.0,6530.0,6580.0,960,0.0,0.0
2024-10-08 14:00:00+09:00,6570.0,6570.0,6520.0,6530.0,806,0.0,0.0
2024-10-10 09:00:00+09:00,6530.0,6570.0,6530.0,6560.0,0,0.0,0.0
2024-10-10 10:00:00+09:00,6550.0,6560.0,6530.0,6540.0,343,0.0,0.0
2024-10-10 11:00:00+09:00,6540.0,6560.0,6520.0,6520.0,1311,0.0,0.0
2024-10-10 12:00:00+09:00,6510.0,6540.0,6500.0,6540.0,112,0.0,0.0
2024-10-10 13:00:00+09:00,6540.0,6550.0,6490.0,6550.0,342,0.0,0.0
2024-10-10 14:00:00+09:00,6500.0,6550.0,6490.0,6530.0,507,0.0,0.0
2024-10-11 09:00:00+09:00,6480.0,6540.0,6480.0,6510.0,50,0.0,0.0
2024-10-11 10:00:00+09:00,6510.0,6540.0,6500.0,6500.0,712,0.0,0.0
2024-10-11 11:00:00+09:00,6500.0,6500.0,6460.0,6460.0,869,0.0,0.0
2024-10-11 12:00:00+09:00,6460.0,6490.0,6440.0,6480.0,331,0.0,0.0
2024-10-11 13:00:00+09:00,6490.0,6490.0,6460.0,6460.0,243,0.0,0.0
2024-10-11 14:00:00+09:00,6460.0,6490.0,6460.0,6470.0,137,0.0,0.0
2024-10-14 09:00:00+09:00,6490.0,6500.0,6450.0,6460.0,0,0.0,0.0
2024-10-14 10:00:00+09:00,6460.0,6500.0,6400.0,6400.0,1723,0.0,0.0
2024-10-14 11:00:00+09:00,6420.0,6420.0,6400.0,6400.0,981,0.0,0.0
2024-10-14 12:00:00+09:00,6400.0,6410.0,6390.0,6410.0,2128,0.0,0.0
2024-10-14 13:00:00+09:00,6410.0,6410.0,6390.0,6390.0,855,0.0,0.0
2024-10-14 14:00:00+09:00,6390.0,6430.0,6390.0,6420.0,566,0.0,0.0
2024-10-15 09:00:00+09:00,6450.0,6960.0,6410.0,6660.0,67101,0.0,0.0
2024-10-15 10:00:00+09:00,6670.0,6710.0,6500.0,6540.0,20941,0.0,0.0
2024-10-15 11:00:00+09:00,6530.0,6590.0,6510.0,6550.0,1534,0.0,0.0
2024-10-15 12:00:00+09:00,6550.0,6550.0,6490.0,6550.0,7587,0.0,0.0
2024-10-15 13:00:00+09:00,6550.0,7400.0,6510.0,6560.0,761072,0.0,0.0
2024-10-15 14:00:00+09:00,6560.0,6560.0,6030.0,6320.0,115723,0.0,0.0
2024-10-16 09:00:00+09:00,6280.0,6330.0,6110.0,6170.0,23048,0.0,0.0
2024-10-16 10:00:00+09:00,6150.0,6180.0,6110.0,6180.0,16260,0.0,0.0
2024-10-16 11:00:00+09:00,6170.0,6300.0,6170.0,6180.0,4470,0.0,0.0
2024-10-16 12:00:00+09:00,6200.0,6240.0,6170.0,6240.0,661,0.0,0.0
2024-10-16 13:00:00+09:00,6250.0,6280.0,6240.0,6270.0,3096,0.0,0.0
2024-10-16 14:00:00+09:00,6260.0,6270.0,6170.0,6190.0,6885,0.0,0.0
2024-10-17 09:00:00+09:00,6230.0,6260.0,6150.0,6230.0,10847,0.0,0.0
2024-10-17 10:00:00+09:00,6190.0,6230.0,6190.0,6210.0,1373,0.0,0.0
2024-10-17 11:00:00+09:00,6190.0,6210.0,6170.0,6170.0,4666,0.0,0.0
2024-10-17 12:00:00+09:00,6170.0,6200.0,6170.0,6190.0,2731,0.0,0.0
2024-10-17 13:00:00+09:00,6180.0,6210.0,6180.0,6190.0,3283,0.0,0.0
2024-10-17 14:00:00+09:00,6210.0,6210.0,6180.0,6180.0,2268,0.0,0.0
2024-10-18 09:00:00+09:00,6230.0,6250.0,6180.0,6190.0,4389,0.0,0.0
2024-10-18 10:00:00+09:00,6190.0,6190.0,6170.0,6170.0,4864,0.0,0.0
2024-10-18 11:00:00+09:00,6170.0,6200.0,6160.0,6170.0,4011,0.0,0.0
2024-10-18 12:00:00+09:00,6170.0,6180.0,6160.0,6160.0,4486,0.0,0.0
2024-10-18 13:00:00+09:00,6190.0,6190.0,6140.0,6150.0,5893,0.0,0.0
2024-10-18 14:00:00+09:00,6150.0,6180.0,6150.0,6170.0,3004,0.0,0.0
2024-10-21 09:00:00+09:00,6160.0,6170.0,6120.0,6170.0,0,0.0,0.0
2024-10-21 10:00:00+09:00,6150.0,6190.0,6150.0,6170.0,1353,0.0,0.0
2024-10-21 11:00:00+09:00,6170.0,6190.0,6160.0,6180.0,2266,0.0,0.0
2024-10-21 12:00:00+09:00,6190.0,6190.0,6180.0,6190.0,6265,0.0,0.0
2024-10-21 13:00:00+09:00,6180.0,6190.0,6180.0,6180.0,569,0.0,0.0
2024-10-21 14:00:00+09:00,6180.0,6190.0,6180.0,6180.0,374,0.0,0.0
2024-10-22 09:00:00+09:00,6150.0,6410.0,6150.0,6200.0,20723,0.0,0.0
2024-10-22 10:00:00+09:00,6200.0,6480.0,6170.0,6190.0,16718,0.0,0.0
2024-10-22 11:00:00+09:00,6240.0,6240.0,6180.0,6180.0,1101,0.0,0.0
2024-10-22 12:00:00+09:00,6210.0,6210.0,6180.0,6180.0,1279,0.0,0.0
2024-10-22 13:00:00+09:00,6180.0,6200.0,6180.0,6190.0,512,0.0,0.0
2024-10-22 14:00:00+09:00,6190.0,6200.0,6180.0,6200.0,4279,0.0,0.0
2024-10-23 09:00:00+09:00,6170.0,6200.0,6170.0,6180.0,1691,0.0,0.0
2024-10-23 10:00:00+09:00,6200.0,6200.0,6180.0,6180.0,1266,0.0,0.0
2024-10-23 11:00:00+09:00,6190.0,6200.0,6190.0,6190.0,93,0.0,0.0
2024-10-23 12:00:00+09:00,6190.0,6230.0,6190.0,6230.0,3814,0.0,0.0
2024-10-23 13:00:00+09:00,6230.0,6280.0,6200.0,6220.0,1835,0.0,0.0
2024-10-23 14:00:00+09:00,6200.0,6220.0,6190.0,6190.0,1731,0.0,0.0
2024-10-24 09:00:00+09:00,6210.0,6260.0,6200.0,6220.0,3191,0.0,0.0
2024-10-24 10:00:00+09:00,6260.0,6270.0,6220.0,6270.0,1084,0.0,0.0
2024-10-24 11:00:00+09:00,6250.0,6250.0,6200.0,6210.0,3069,0.0,0.0
2024-10-24 12:00:00+09:00,6210.0,6250.0,6210.0,6250.0,260,0.0,0.0
2024-10-24 13:00:00+09:00,6210.0,6220.0,6210.0,6220.0,161,0.0,0.0
2024-10-24 14:00:00+09:00,6220.0,6240.0,6190.0,6200.0,7555,0.0,0.0
2024-10-25 09:00:00+09:00,6180.0,6200.0,6150.0,6160.0,2745,0.0,0.0
2024-10-25 10:00:00+09:00,6160.0,6170.0,6150.0,6160.0,1129,0.0,0.0
2024-10-25 11:00:00+09:00,6160.0,6170.0,6160.0,6170.0,1049,0.0,0.0
2024-10-25 12:00:00+09:00,6160.0,6170.0,6150.0,6160.0,2623,0.0,0.0
2024-10-25 13:00:00+09:00,6170.0,6170.0,6160.0,6160.0,2658,0.0,0.0
2024-10-25 14:00:00+09:00,6170.0,6190.0,6160.0,6180.0,5347,0.0,0.0
2024-10-28 09:00:00+09:00,6160.0,6180.0,6150.0,6160.0,0,0.0,0.0
2024-10-28 10:00:00+09:00,6150.0,6170.0,6150.0,6170.0,844,0.0,0.0
2024-10-28 11:00:00+09:00,6170.0,6170.0,6160.0,6160.0,384,0.0,0.0
2024-10-28 12:00:00+09:00,6160.0,6170.0,6160.0,6170.0,684,0.0,0.0
2024-10-28 13:00:00+09:00,6170.0,6170.0,6160.0,6160.0,1033,0.0,0.0
2024-10-28 14:00:00+09:00,6170.0,6180.0,6170.0,6180.0,591,0.0,0.0
2024-10-29 09:00:00+09:00,6170.0,6200.0,6170.0,6180.0,2670,0.0,0.0
2024-10-29 10:00:00+09:00,6180.0,6190.0,6170.0,6180.0,607,0.0,0.0
2024-10-29 11:00:00+09:00,6180.0,6190.0,6170.0,6170.0,940,0.0,0.0
2024-10-29 12:00:00+09:00,6190.0,6200.0,6180.0,6190.0,14994,0.0,0.0
2024-10-29 13:00:00+09:00,6190.0,6190.0,6180.0,6180.0,1263,0.0,0.0
2024-10-29 14:00:00+09:00,6190.0,6210.0,6190.0,6190.0,759,0.0,0.0
2024-10-30 09:00:00+09:00,6150.0,6210.0,6150.0,6180.0,3063,0.0,0.0
2024-10-30 10:00:00+09:00,6180.0,6210.0,6180.0,6180.0,753,0.0,0.0
2024-10-30 11:00:00+09:00,6190.0,6200.0,6180.0,6180.0,702,0.0,0.0
2024-10-30 12:00:00+09:00,6180.0,6190.0,6180.0,6180.0,453,0.0,0.0
2024-10-30 13:00:00+09:00,6190.0,6190.0,6180.0,6190.0,193,0.0,0.0
2024-10-30 14:00:00+09:00,6190.0,6190.0,6190.0,6190.0,84,0.0,0.0
2024-10-31 09:00:00+09:00,6190.0,6190.0,6150.0,6170.0,8081,0.0,0.0
2024-10-31 10:00:00+09:00,6170.0,6170.0,6150.0,6170.0,686,0.0,0.0
2024-10-31 11:00:00+09:00,6160.0,6160.0,6150.0,6150.0,5014,0.0,0.0
2024-10-31 12:00:00+09:00,6150.0,6170.0,6150.0,6170.0,1832,0.0,0.0
2024-10-31 13:00:00+09:00,6170.0,6190.0,6170.0,6170.0,232,0.0,0.0
2024-10-31 14:00:00+09:00,6170.0,6170.0,6150.0,6160.0,946,0.0,0.0
2024-11-01 09:00:00+09:00,6160.0,6170.0,6150.0,6160.0,930,0.0,0.0
2024-11-01 10:00:00+09:00,6160.0,6160.0,6150.0,6150.0,7334,0.0,0.0
2024-11-01 11:00:00+09:00,6160.0,6160.0,6150.0,6150.0,0,0.0,0.0
2024-11-01 12:00:00+09:00,6150.0,6150.0,6150.0,6150.0,26,0.0,0.0
2024-11-01 13:00:00+09:00,6150.0,6150.0,6140.0,6150.0,1519,0.0,0.0
2024-11-01 14:00:00+09:00,6150.0,6150.0,6130.0,6130.0,2535,0.0,0.0
