Datetime,Open,High,Low,Close,Volume,Dividends,Stock Splits
2022-11-02 09:00:00+09:00,108100.0,109000.0,106800.0,108400.0,0,0.0,0.0
2022-11-02 10:00:00+09:00,108400.0,108600.0,107800.0,108300.0,1800,0.0,0.0
2022-11-02 11:00:00+09:00,108200.0,110900.0,107700.0,110500.0,5213,0.0,0.0
2022-11-02 12:00:00+09:00,110500.0,110500.0,109600.0,109700.0,2192,0.0,0.0
2022-11-02 13:00:00+09:00,109700.0,110000.0,109400.0,109800.0,2187,0.0,0.0
2022-11-02 14:00:00+09:00,109800.0,110000.0,109300.0,109600.0,2145,0.0,0.0
2022-11-03 09:00:00+09:00,107000.0,108300.0,106500.0,107300.0,0,0.0,0.0
2022-11-03 10:00:00+09:00,107300.0,108300.0,107100.0,108100.0,2849,0.0,0.0
2022-11-03 11:00:00+09:00,108000.0,109300.0,107700.0,108700.0,2754,0.0,0.0
2022-11-03 12:00:00+09:00,108800.0,109400.0,108700.0,109400.0,1669,0.0,0.0
2022-11-03 13:00:00+09:00,109400.0,110400.0,109300.0,109800.0,4558,0.0,0.0
2022-11-03 14:00:00+09:00,109900.0,110000.0,109600.0,109700.0,3363,0.0,0.0
2022-11-04 09:00:00+09:00,107800.0,108700.0,106700.0,108300.0,0,0.0,0.0
2022-11-04 10:00:00+09:00,108400.0,109800.0,108000.0,108900.0,4074,0.0,0.0
2022-11-04 11:00:00+09:00,109100.0,109500.0,108200.0,108200.0,1494,0.0,0.0
2022-11-04 12:00:00+09:00,108300.0,108500.0,108000.0,108400.0,910,0.0,0.0
2022-11-04 13:00:00+09:00,108400.0,108900.0,108100.0,108900.0,1284,0.0,0.0
2022-11-04 14:00:00+09:00,109000.0,109200.0,108400.0,108700.0,1662,0.0,0.0
2022-11-07 09:00:00+09:00,108700.0,110700.0,108200.0,109900.0,0,0.0,0.0
2022-11-07 10:00:00+09:00,110000.0,110100.0,109100.0,110000.0,2985,0.0,0.0
2022-11-07 11:00:00+09:00,110000.0,110000.0,109200.0,110000.0,1829,0.0,0.0
2022-11-07 12:00:00+09:00,110000.0,110100.0,109700.0,110000.0,2244,0.0,0.0
2022-11-07 13:00:00+09:00,110000.0,110400.0,109800.0,110100.0,5060,0.0,0.0
2022-11-07 14:00:00+09:00,110300.0,110800.0,110000.0,110200.0,5744,0.0,0.0
2022-11-08 09:00:00+09:00,111300.0,112300.0,109700.0,111000.0,0,0.0,0.0
2022-11-08 10:00:00+09:00,111000.0,111200.0,109600.0,110400.0,5519,0.0,0.0
2022-11-08 11:00:00+09:00,110300.0,111100.0,110300.0,111100.0,4142,0.0,0.0
2022-11-08 12:00:00+09:00,111000.0,111100.0,110400.0,111000.0,3355,0.0,0.0
2022-11-08 13:00:00+09:00,111000.0,111100.0,110200.0,110700.0,3383,0.0,0.0
2022-11-08 14:00:00+09:00,110700.0,111100.0,110000.0,110500.0,3890,0.0,0.0
2022-11-09 09:00:00+09:00,111500.0,111500.0,109300.0,109700.0,0,0.0,0.0
2022-11-09 10:00:00+09:00,109700.0,110800.0,109600.0,109700.0,22214,0.0,0.0
2022-11-09 11:00:00+09:00,109700.0,109800.0,108100.0,108300.0,6853,0.0,0.0
2022-11-09 12:00:00+09:00,108400.0,109100.0,108100.0,108300.0,4335,0.0,0.0
2022-11-09 13:00:00+09:00,108300.0,108500.0,107500.0,107600.0,6977,0.0,0.0
2022-11-09 14:00:00+09:00,107500.0,108100.0,107500.0,108000.0,7640,0.0,0.0
2022-11-10 09:00:00+09:00,107500.0,107500.0,103300.0,103700.0,0,0.0,0.0
2022-11-10 10:00:00+09:00,103700.0,104500.0,103600.0,104100.0,9552,0.0,0.0
2022-11-10 11:00:00+09:00,104100.0,104400.0,103700.0,104100.0,5278,0.0,0.0
2022-11-10 12:00:00+09:00,104200.0,104300.0,103900.0,104100.0,2524,0.0,0.0
2022-11-10 13:00:00+09:00,104200.0,104800.0,104000.0,104200.0,2577,0.0,0.0
2022-11-10 14:00:00+09:00,104300.0,104600.0,103900.0,104000.0,2727,0.0,0.0
2022-11-11 09:00:00+09:00,107400.0,110500.0,107200.0,110000.0,0,0.0,0.0
2022-11-11 10:00:00+09:00,110000.0,110200.0,108900.0,109200.0,7405,0.0,0.0
2022-11-11 11:00:00+09:00,109300.0,109700.0,108800.0,109300.0,5676,0.0,0.0
2022-11-11 12:00:00+09:00,109400.0,109600.0,108700.0,109500.0,5765,0.0,0.0
2022-11-11 13:00:00+09:00,109400.0,110200.0,109200.0,109800.0,6488,0.0,0.0
2022-11-11 14:00:00+09:00,109900.0,110200.0,109500.0,110100.0,7501,0.0,0.0
2022-11-14 09:00:00+09:00,110000.0,110200.0,108500.0,109600.0,0,0.0,0.0
2022-11-14 10:00:00+09:00,109600.0,109800.0,108600.0,109800.0,3055,0.0,0.0
2022-11-14 11:00:00+09:00,109800.0,110400.0,109500.0,110400.0,7484,0.0,0.0
2022-11-14 12:00:00+09:00,110400.0,110900.0,110200.0,110500.0,4503,0.0,0.0
2022-11-14 13:00:00+09:00,110500.0,110800.0,109600.0,110700.0,7134,0.0,0.0
2022-11-14 14:00:00+09:00,110700.0,110700.0,109000.0,109200.0,6969,0.0,0.0
2022-11-15 09:00:00+09:00,108800.0,110100.0,108500.0,109000.0,0,0.0,0.0
2022-11-15 10:00:00+09:00,109100.0,110000.0,108400.0,110000.0,4730,0.0,0.0
2022-11-15 11:00:00+09:00,110100.0,110500.0,109900.0,110400.0,8933,0.0,0.0
2022-11-15 12:00:00+09:00,110400.0,111000.0,110400.0,110900.0,7684,0.0,0.0
2022-11-15 13:00:00+09:00,111000.0,113900.0,110900.0,113900.0,18225,0.0,0.0
2022-11-15 14:00:00+09:00,113900.0,114400.0,113000.0,114100.0,12556,0.0,0.0
2022-11-16 09:00:00+09:00,113200.0,114400.0,111300.0,111500.0,0,0.0,0.0
2022-11-16 10:00:00+09:00,111400.0,113300.0,111400.0,113200.0,6736,0.0,0.0
2022-11-16 11:00:00+09:00,113200.0,113800.0,113100.0,113300.0,3428,0.0,0.0
2022-11-16 12:00:00+09:00,113300.0,113800.0,113000.0,113000.0,2226,0.0,0.0
2022-11-16 13:00:00+09:00,113000.0,113100.0,112700.0,112900.0,4649,0.0,0.0
2022-11-16 14:00:00+09:00,113000.0,113100.0,111400.0,111700.0,6522,0.0,0.0
2022-11-17 10:00:00+09:00,111700.0,111700.0,108600.0,109200.0,5853,0.0,0.0
2022-11-17 11:00:00+09:00,109300.0,110100.0,108700.0,109500.0,2440,0.0,0.0
2022-11-17 12:00:00+09:00,109300.0,109600.0,108300.0,109400.0,2991,0.0,0.0
2022-11-17 13:00:00+09:00,109400.0,109900.0,108700.0,109500.0,1952,0.0,0.0
2022-11-17 14:00:00+09:00,109500.0,110200.0,108900.0,109600.0,3133,0.0,0.0
2022-11-18 09:00:00+09:00,108700.0,110300.0,108300.0,109800.0,0,0.0,0.0
2022-11-18 10:00:00+09:00,109800.0,110200.0,108900.0,110000.0,4540,0.0,0.0
2022-11-18 11:00:00+09:00,110100.0,110100.0,108400.0,109100.0,0,0.0,0.0
2022-11-18 12:00:00+09:00,109100.0,109100.0,108000.0,108600.0,13574,0.0,0.0
2022-11-18 13:00:00+09:00,108500.0,109200.0,108000.0,108800.0,3412,0.0,0.0
2022-11-18 14:00:00+09:00,108800.0,108900.0,106100.0,106400.0,11458,0.0,0.0
2022-11-21 09:00:00+09:00,108000.0,108100.0,106300.0,107300.0,0,0.0,0.0
2022-11-21 10:00:00+09:00,107300.0,107800.0,106600.0,107300.0,3258,0.0,0.0
2022-11-21 11:00:00+09:00,107300.0,107600.0,106700.0,107500.0,2234,0.0,0.0
2022-11-21 12:00:00+09:00,107400.0,107800.0,106700.0,107800.0,2098,0.0,0.0
2022-11-21 13:00:00+09:00,107800.0,108000.0,106700.0,106800.0,2035,0.0,0.0
2022-11-21 14:00:00+09:00,106800.0,107400.0,106700.0,107100.0,3256,0.0,0.0
2022-11-22 09:00:00+09:00,106400.0,107700.0,106300.0,106500.0,0,0.0,0.0
2022-11-22 10:00:00+09:00,106500.0,107200.0,105600.0,107100.0,4091,0.0,0.0
2022-11-22 11:00:00+09:00,107000.0,109300.0,107000.0,109300.0,4320,0.0,0.0
2022-11-22 12:00:00+09:00,109200.0,109300.0,108100.0,108800.0,3399,0.0,0.0
2022-11-22 13:00:00+09:00,108800.0,110400.0,108700.0,109800.0,5972,0.0,0.0
2022-11-22 14:00:00+09:00,109900.0,110000.0,108100.0,108400.0,6094,0.0,0.0
2022-11-23 09:00:00+09:00,109600.0,111100.0,108700.0,110300.0,0,0.0,0.0
2022-11-23 10:00:00+09:00,110300.0,110700.0,109800.0,110100.0,3962,0.0,0.0
2022-11-23 11:00:00+09:00,110100.0,110500.0,110000.0,110500.0,3856,0.0,0.0
2022-11-23 12:00:00+09:00,110500.0,110700.0,110300.0,110700.0,5620,0.0,0.0
2022-11-23 13:00:00+09:00,110700.0,110800.0,110000.0,110100.0,5919,0.0,0.0
2022-11-23 14:00:00+09:00,110200.0,110200.0,109700.0,110000.0,6744,0.0,0.0
2022-11-24 09:00:00+09:00,111100.0,112500.0,109600.0,109900.0,0,0.0,0.0
2022-11-24 10:00:00+09:00,109900.0,110200.0,109800.0,110100.0,2814,0.0,0.0
2022-11-24 11:00:00+09:00,110100.0,111600.0,109900.0,111600.0,7671,0.0,0.0
2022-11-24 12:00:00+09:00,111600.0,111600.0,110900.0,111000.0,1797,0.0,0.0
2022-11-24 13:00:00+09:00,110900.0,111700.0,110900.0,111600.0,3921,0.0,0.0
2022-11-24 14:00:00+09:00,111700.0,112100.0,111400.0,112100.0,7532,0.0,0.0
2022-11-25 09:00:00+09:00,112900.0,112900.0,109600.0,110100.0,0,0.0,0.0
2022-11-25 10:00:00+09:00,110200.0,110500.0,109700.0,109800.0,2804,0.0,0.0
2022-11-25 11:00:00+09:00,109900.0,110500.0,109800.0,110400.0,1804,0.0,0.0
2022-11-25 12:00:00+09:00,110400.0,111400.0,110000.0,110200.0,2666,0.0,0.0
2022-11-25 13:00:00+09:00,110200.0,110800.0,109800.0,110800.0,5067,0.0,0.0
2022-11-25 14:00:00+09:00,110900.0,111500.0,110800.0,111400.0,5610,0.0,0.0
2022-11-28 09:00:00+09:00,108900.0,110000.0,107900.0,108500.0,0,0.0,0.0
2022-11-28 10:00:00+09:00,108400.0,109900.0,107900.0,109300.0,2246,0.0,0.0
2022-11-28 11:00:00+09:00,109300.0,110300.0,109100.0,110200.0,1952,0.0,0.0
2022-11-28 12:00:00+09:00,110200.0,110300.0,109400.0,110100.0,1641,0.0,0.0
2022-11-28 13:00:00+09:00,110100.0,110300.0,109000.0,109400.0,1944,0.0,0.0
2022-11-28 14:00:00+09:00,109300.0,110300.0,109100.0,109800.0,6117,0.0,0.0
2022-11-29 09:00:00+09:00,109100.0,111400.0,107400.0,110000.0,0,0.0,0.0
2022-11-29 10:00:00+09:00,110000.0,113000.0,109900.0,112600.0,16517,0.0,0.0
2022-11-29 11:00:00+09:00,112500.0,112700.0,112100.0,112400.0,3313,0.0,0.0
2022-11-29 12:00:00+09:00,112500.0,112600.0,111900.0,112000.0,2709,0.0,0.0
2022-11-29 13:00:00+09:00,112000.0,113300.0,112000.0,113300.0,4946,0.0,0.0
2022-11-29 14:00:00+09:00,113300.0,115000.0,113300.0,114900.0,11008,0.0,0.0
2022-11-30 09:00:00+09:00,115000.0,119600.0,113700.0,119500.0,0,0.0,0.0
2022-11-30 10:00:00+09:00,119600.0,119600.0,117300.0,117400.0,7840,0.0,0.0
2022-11-30 11:00:00+09:00,117400.0,117400.0,116800.0,117000.0,3265,0.0,0.0
2022-11-30 12:00:00+09:00,117000.0,117100.0,116400.0,116500.0,2963,0.0,0.0
2022-11-30 13:00:00+09:00,116500.0,116600.0,116200.0,116600.0,3649,0.0,0.0
2022-11-30 14:00:00+09:00,116600.0,117400.0,116500.0,116700.0,4422,0.0,0.0
2022-12-01 09:00:00+09:00,120000.0,120500.0,118000.0,118500.0,0,0.0,0.0
2022-12-01 10:00:00+09:00,118400.0,118400.0,116100.0,116600.0,9245,0.0,0.0
2022-12-01 11:00:00+09:00,116600.0,118300.0,116300.0,116400.0,3159,0.0,0.0
2022-12-01 12:00:00+09:00,116600.0,116600.0,116000.0,116400.0,2818,0.0,0.0
2022-12-01 13:00:00+09:00,116400.0,116500.0,115400.0,115500.0,2630,0.0,0.0
2022-12-01 14:00:00+09:00,115500.0,116800.0,115400.0,116800.0,3614,0.0,0.0
2022-12-02 09:00:00+09:00,116100.0,116800.0,115000.0,116000.0,0,0.0,0.0
2022-12-02 10:00:00+09:00,116100.0,116900.0,115300.0,115500.0,1890,0.0,0.0
2022-12-02 11:00:00+09:00,115400.0,116200.0,115100.0,115500.0,1973,0.0,0.0
2022-12-02 12:00:00+09:00,115500.0,115800.0,115100.0,115700.0,1394,0.0,0.0
2022-12-02 13:00:00+09:00,115700.0,116700.0,115200.0,116700.0,2575,0.0,0.0
2022-12-02 14:00:00+09:00,116700.0,116800.0,115700.0,116100.0,2084,0.0,0.0
2022-12-05 09:00:00+09:00,115900.0,117900.0,115200.0,116800.0,0,0.0,0.0
2022-12-05 10:00:00+09:00,116800.0,117900.0,116300.0,117000.0,3144,0.0,0.0
2022-12-05 11:00:00+09:00,116900.0,117200.0,116600.0,117000.0,1936,0.0,0.0
2022-12-05 12:00:00+09:00,117000.0,117800.0,117000.0,117500.0,2287,0.0,0.0
2022-12-05 13:00:00+09:00,117600.0,117600.0,115900.0,116700.0,2157,0.0,0.0
2022-12-05 14:00:00+09:00,116700.0,117300.0,116300.0,116600.0,2092,0.0,0.0
2022-12-06 09:00:00+09:00,114300.0,115400.0,113900.0,114600.0,0,0.0,0.0
2022-12-06 10:00:00+09:00,114700.0,115400.0,114700.0,114900.0,897,0.0,0.0
2022-12-06 11:00:00+09:00,114800.0,115800.0,114800.0,115200.0,512,0.0,0.0
2022-12-06 12:00:00+09:00,115200.0,115500.0,114700.0,115200.0,843,0.0,0.0
2022-12-06 13:00:00+09:00,115200.0,115700.0,114900.0,115600.0,1353,0.0,0.0
2022-12-06 14:00:00+09:00,115400.0,115500.0,114900.0,115400.0,2616,0.0,0.0
2022-12-07 09:00:00+09:00,114500.0,116000.0,113300.0,114200.0,4379,0.0,0.0
2022-12-07 10:00:00+09:00,113900.0,116000.0,113800.0,115600.0,3162,0.0,0.0
2022-12-07 11:00:00+09:00,115800.0,116300.0,115500.0,115800.0,2086,0.0,0.0
2022-12-07 12:00:00+09:00,115800.0,116200.0,115200.0,116200.0,1520,0.0,0.0
2022-12-07 13:00:00+09:00,116100.0,116600.0,116000.0,116400.0,2436,0.0,0.0
2022-12-07 14:00:00+09:00,116400.0,116400.0,114700.0,114900.0,3202,0.0,0.0
2022-12-08 09:00:00+09:00,116000.0,117900.0,115100.0,117800.0,0,0.0,0.0
2022-12-08 10:00:00+09:00,117800.0,118700.0,117400.0,118700.0,7123,0.0,0.0
2022-12-08 11:00:00+09:00,118700.0,118800.0,115700.0,116200.0,5575,0.0,0.0
2022-12-08 12:00:00+09:00,116100.0,116800.0,115900.0,116300.0,3325,0.0,0.0
2022-12-08 13:00:00+09:00,116200.0,116300.0,115000.0,115000.0,3373,0.0,0.0
2022-12-08 14:00:00+09:00,115000.0,115500.0,114700.0,115000.0,2921,0.0,0.0
2022-12-09 09:00:00+09:00,116300.0,117300.0,115200.0,115700.0,0,0.0,0.0
2022-12-09 10:00:00+09:00,115700.0,116800.0,115600.0,116800.0,1986,0.0,0.0
2022-12-09 11:00:00+09:00,116800.0,117000.0,116200.0,116600.0,2217,0.0,0.0
2022-12-09 12:00:00+09:00,116600.0,117100.0,116400.0,116800.0,2184,0.0,0.0
2022-12-09 13:00:00+09:00,116800.0,117000.0,116600.0,116800.0,2343,0.0,0.0
2022-12-09 14:00:00+09:00,116900.0,116900.0,116100.0,116500.0,2386,0.0,0.0
2022-12-12 09:00:00+09:00,114700.0,115800.0,111800.0,112200.0,0,0.0,0.0
2022-12-12 10:00:00+09:00,112100.0,113600.0,111000.0,113600.0,4090,0.0,0.0
2022-12-12 11:00:00+09:00,113600.0,113900.0,113100.0,113900.0,591,0.0,0.0
2022-12-12 12:00:00+09:00,113900.0,114100.0,113500.0,113800.0,803,0.0,0.0
2022-12-12 13:00:00+09:00,113800.0,114700.0,113200.0,114300.0,2406,0.0,0.0
2022-12-12 14:00:00+09:00,114100.0,114200.0,113100.0,113500.0,2186,0.0,0.0
2022-12-13 09:00:00+09:00,112600.0,113800.0,107700.0,108100.0,0,0.0,0.0
2022-12-13 10:00:00+09:00,108000.0,111200.0,108000.0,110300.0,10310,0.0,0.0
2022-12-13 11:00:00+09:00,110200.0,110200.0,108500.0,109500.0,2667,0.0,0.0
2022-12-13 12:00:00+09:00,109600.0,110000.0,108900.0,109700.0,1463,0.0,0.0
2022-12-13 13:00:00+09:00,109700.0,110500.0,109700.0,110000.0,1770,0.0,0.0
2022-12-13 14:00:00+09:00,109900.0,111000.0,109700.0,110700.0,3649,0.0,0.0
2022-12-14 09:00:00+09:00,109900.0,115500.0,109900.0,114300.0,0,0.0,0.0
2022-12-14 10:00:00+09:00,114400.0,114500.0,112400.0,112900.0,6813,0.0,0.0
2022-12-14 11:00:00+09:00,112900.0,113000.0,112300.0,112600.0,2885,0.0,0.0
2022-12-14 12:00:00+09:00,112600.0,115000.0,112500.0,114400.0,9373,0.0,0.0
2022-12-14 13:00:00+09:00,114400.0,115500.0,114300.0,114900.0,4713,0.0,0.0
2022-12-14 14:00:00+09:00,115000.0,115200.0,114100.0,114100.0,5106,0.0,0.0
2022-12-15 09:00:00+09:00,114000.0,116000.0,113700.0,115500.0,0,0.0,0.0
2022-12-15 10:00:00+09:00,115600.0,115900.0,115000.0,115400.0,1908,0.0,0.0
2022-12-15 11:00:00+09:00,115300.0,116500.0,115300.0,116400.0,2231,0.0,0.0
2022-12-15 12:00:00+09:00,116400.0,116800.0,116300.0,116700.0,1936,0.0,0.0
2022-12-15 13:00:00+09:00,116700.0,116700.0,115000.0,115900.0,4747,0.0,0.0
2022-12-15 14:00:00+09:00,115900.0,116000.0,114900.0,115200.0,3000,0.0,0.0
2022-12-16 09:00:00+09:00,113900.0,116800.0,113800.0,116000.0,0,0.0,0.0
2022-12-16 10:00:00+09:00,116000.0,116200.0,112600.0,114200.0,7328,0.0,0.0
2022-12-16 11:00:00+09:00,114200.0,114400.0,114100.0,114400.0,1393,0.0,0.0
2022-12-16 12:00:00+09:00,114500.0,115000.0,114300.0,114700.0,2420,0.0,0.0
2022-12-16 13:00:00+09:00,114700.0,116100.0,114200.0,115300.0,3365,0.0,0.0
2022-12-16 14:00:00+09:00,115300.0,115700.0,114800.0,115200.0,3351,0.0,0.0
2022-12-19 09:00:00+09:00,115400.0,117000.0,114500.0,115800.0,4168,0.0,0.0
2022-12-19 10:00:00+09:00,115800.0,116200.0,115300.0,115800.0,2188,0.0,0.0
2022-12-19 11:00:00+09:00,115700.0,116700.0,115600.0,115800.0,2781,0.0,0.0
2022-12-19 12:00:00+09:00,115700.0,116000.0,115500.0,115600.0,1694,0.0,0.0
2022-12-19 13:00:00+09:00,115700.0,115800.0,115300.0,115500.0,1589,0.0,0.0
2022-12-19 14:00:00+09:00,115600.0,115700.0,115100.0,115400.0,1151,0.0,0.0
2022-12-20 09:00:00+09:00,115400.0,116200.0,114400.0,114900.0,0,0.0,0.0
2022-12-20 10:00:00+09:00,114800.0,115400.0,114400.0,115200.0,1896,0.0,0.0
2022-12-20 11:00:00+09:00,115200.0,115600.0,114900.0,115200.0,1529,0.0,0.0
2022-12-20 12:00:00+09:00,115200.0,115500.0,114400.0,114500.0,1447,0.0,0.0
2022-12-20 13:00:00+09:00,114500.0,114600.0,113600.0,114100.0,5849,0.0,0.0
2022-12-20 14:00:00+09:00,114200.0,115100.0,114000.0,114800.0,3992,0.0,0.0
2022-12-21 09:00:00+09:00,116000.0,118100.0,115100.0,117100.0,0,0.0,0.0
2022-12-21 10:00:00+09:00,117100.0,118000.0,116200.0,117900.0,4444,0.0,0.0
2022-12-21 11:00:00+09:00,117900.0,119000.0,117900.0,118700.0,4037,0.0,0.0
2022-12-21 12:00:00+09:00,118700.0,119100.0,118500.0,118800.0,4399,0.0,0.0
2022-12-21 13:00:00+09:00,118900.0,119100.0,118000.0,118300.0,6453,0.0,0.0
2022-12-21 14:00:00+09:00,117800.0,118300.0,117700.0,118000.0,5388,0.0,0.0
2022-12-22 09:00:00+09:00,119300.0,119500.0,116100.0,118000.0,0,0.0,0.0
2022-12-22 10:00:00+09:00,118000.0,118400.0,117300.0,117900.0,2812,0.0,0.0
2022-12-22 11:00:00+09:00,118000.0,118300.0,117600.0,117600.0,2677,0.0,0.0
2022-12-22 12:00:00+09:00,117700.0,118500.0,117600.0,118100.0,3756,0.0,0.0
2022-12-22 13:00:00+09:00,118000.0,118100.0,116800.0,117900.0,5158,0.0,0.0
2022-12-22 14:00:00+09:00,117900.0,118500.0,117700.0,118500.0,3607,0.0,0.0
2022-12-23 09:00:00+09:00,116900.0,117300.0,114800.0,115700.0,0,0.0,0.0
2022-12-23 10:00:00+09:00,115700.0,115700.0,114800.0,114800.0,2507,0.0,0.0
2022-12-23 11:00:00+09:00,114800.0,115200.0,114500.0,114600.0,2530,0.0,0.0
2022-12-23 12:00:00+09:00,114600.0,115300.0,114500.0,115000.0,2178,0.0,0.0
2022-12-23 13:00:00+09:00,115100.0,115800.0,115000.0,115800.0,2986,0.0,0.0
2022-12-23 14:00:00+09:00,115800.0,116000.0,114600.0,114700.0,2847,0.0,0.0
2022-12-26 09:00:00+09:00,114000.0,114700.0,113400.0,114200.0,0,0.0,0.0
2022-12-26 10:00:00+09:00,114200.0,115100.0,113900.0,115100.0,1793,0.0,0.0
2022-12-26 11:00:00+09:00,115100.0,117300.0,115100.0,116400.0,3039,0.0,0.0
2022-12-26 12:00:00+09:00,116400.0,117800.0,116400.0,117600.0,3230,0.0,0.0
2022-12-26 13:00:00+09:00,117600.0,118000.0,117100.0,117800.0,3300,0.0,0.0
2022-12-26 14:00:00+09:00,117800.0,118000.0,116900.0,117700.0,4358,0.0,0.0
2022-12-27 09:00:00+09:00,119000.0,119300.0,117200.0,118700.0,0,0.0,0.0
2022-12-27 10:00:00+09:00,118700.0,120000.0,118000.0,118200.0,17337,0.0,0.0
2022-12-27 11:00:00+09:00,118100.0,118800.0,117900.0,118000.0,2685,0.0,0.0
2022-12-27 12:00:00+09:00,118000.0,118500.0,117600.0,117600.0,2027,0.0,0.0
2022-12-27 13:00:00+09:00,117700.0,119500.0,117500.0,119400.0,3736,0.0,0.0
2022-12-27 14:00:00+09:00,119400.0,119600.0,118800.0,119100.0,4608,0.0,0.0
2022-12-28 09:00:00+09:00,118400.0,118400.0,115700.0,116600.0,0,400.0,0.0
2022-12-28 10:00:00+09:00,116500.0,117800.0,116100.0,117000.0,3573,0.0,0.0
2022-12-28 11:00:00+09:00,117000.0,118200.0,116600.0,118000.0,2374,0.0,0.0
2022-12-28 12:00:00+09:00,117900.0,118100.0,117100.0,117800.0,2760,0.0,0.0
2022-12-28 13:00:00+09:00,117800.0,117900.0,117300.0,117700.0,2407,0.0,0.0
2022-12-28 14:00:00+09:00,117700.0,117900.0,117100.0,117400.0,3306,0.0,0.0
2022-12-29 09:00:00+09:00,116100.0,116800.0,114100.0,114100.0,0,0.0,0.0
2022-12-29 10:00:00+09:00,114000.0,114400.0,113700.0,113800.0,2290,0.0,0.0
2022-12-29 11:00:00+09:00,113800.0,114600.0,113700.0,114000.0,1367,0.0,0.0
2022-12-29 12:00:00+09:00,113900.0,114000.0,113300.0,113400.0,2093,0.0,0.0
2022-12-29 13:00:00+09:00,113400.0,114300.0,113300.0,114300.0,1897,0.0,0.0
2022-12-29 14:00:00+09:00,114300.0,114300.0,113700.0,113800.0,2759,0.0,0.0
2023-01-02 10:00:00+09:00,115300.0,115700.0,112900.0,113800.0,2593,0.0,0.0
2023-01-02 11:00:00+09:00,113800.0,113800.0,112000.0,112100.0,1822,0.0,0.0
2023-01-02 12:00:00+09:00,112100.0,112300.0,111200.0,111200.0,2093,0.0,0.0
2023-01-02 13:00:00+09:00,111200.0,112100.0,110800.0,111000.0,2678,0.0,0.0
2023-01-02 14:00:00+09:00,110900.0,111900.0,110700.0,111600.0,2017,0.0,0.0
2023-01-03 09:00:00+09:00,112900.0,113200.0,108700.0,109300.0,0,0.0,0.0
2023-01-03 10:00:00+09:00,109300.0,109400.0,108100.0,108700.0,4805,0.0,0.0
2023-01-03 11:00:00+09:00,108700.0,110900.0,108400.0,110400.0,3310,0.0,0.0
2023-01-03 12:00:00+09:00,110500.0,111100.0,110100.0,110900.0,3077,0.0,0.0
2023-01-03 13:00:00+09:00,110900.0,111600.0,110900.0,111100.0,3115,0.0,0.0
2023-01-03 14:00:00+09:00,111300.0,112700.0,111200.0,112300.0,4517,0.0,0.0
2023-01-04 09:00:00+09:00,109100.0,112800.0,109100.0,110900.0,0,0.0,0.0
2023-01-04 10:00:00+09:00,111000.0,112000.0,110900.0,111900.0,2275,0.0,0.0
2023-01-04 11:00:00+09:00,111900.0,113000.0,111900.0,112100.0,2942,0.0,0.0
2023-01-04 12:00:00+09:00,112100.0,112600.0,112100.0,112500.0,1108,0.0,0.0
2023-01-04 13:00:00+09:00,112400.0,113700.0,112400.0,113400.0,2763,0.0,0.0
2023-01-04 14:00:00+09:00,113400.0,113800.0,112500.0,112600.0,2707,0.0,0.0
2023-01-05 09:00:00+09:00,113500.0,113500.0,110400.0,110800.0,0,0.0,0.0
2023-01-05 10:00:00+09:00,110900.0,110900.0,109400.0,109600.0,5273,0.0,0.0
2023-01-05 11:00:00+09:00,109600.0,109700.0,108900.0,109100.0,3509,0.0,0.0
2023-01-05 12:00:00+09:00,109100.0,109900.0,108900.0,109700.0,1939,0.0,0.0
2023-01-05 13:00:00+09:00,109700.0,110100.0,109100.0,109600.0,1504,0.0,0.0
2023-01-05 14:00:00+09:00,109500.0,109900.0,109100.0,109700.0,3182,0.0,0.0
2023-01-06 09:00:00+09:00,108500.0,109900.0,108500.0,108900.0,0,0.0,0.0
2023-01-06 10:00:00+09:00,108900.0,110500.0,108500.0,110000.0,2793,0.0,0.0
2023-01-06 11:00:00+09:00,110200.0,111600.0,109800.0,111100.0,3465,0.0,0.0
2023-01-06 12:00:00+09:00,111100.0,111800.0,110800.0,111000.0,1941,0.0,0.0
2023-01-06 13:00:00+09:00,110900.0,111200.0,110300.0,110900.0,2530,0.0,0.0
2023-01-06 14:00:00+09:00,110700.0,111300.0,110000.0,111100.0,3770,0.0,0.0
2023-01-09 09:00:00+09:00,111400.0,113300.0,111400.0,112100.0,0,0.0,0.0
2023-01-09 10:00:00+09:00,112300.0,112600.0,110600.0,111600.0,4225,0.0,0.0
2023-01-09 11:00:00+09:00,111700.0,111800.0,110200.0,110600.0,3255,0.0,0.0
2023-01-09 12:00:00+09:00,110400.0,110700.0,110100.0,110100.0,2189,0.0,0.0
2023-01-09 13:00:00+09:00,110100.0,110300.0,109800.0,110000.0,2656,0.0,0.0
2023-01-09 14:00:00+09:00,110000.0,110600.0,109900.0,110300.0,2616,0.0,0.0
2023-01-10 09:00:00+09:00,110700.0,111900.0,110100.0,110500.0,0,0.0,0.0
2023-01-10 10:00:00+09:00,110500.0,111100.0,110200.0,110500.0,2899,0.0,0.0
2023-01-10 11:00:00+09:00,110500.0,110600.0,109600.0,109900.0,3604,0.0,0.0
2023-01-10 12:00:00+09:00,109800.0,110500.0,109600.0,110200.0,3294,0.0,0.0
2023-01-10 13:00:00+09:00,110100.0,110500.0,109900.0,110300.0,3060,0.0,0.0
2023-01-10 14:00:00+09:00,110300.0,110700.0,110000.0,110600.0,2579,0.0,0.0
2023-01-11 09:00:00+09:00,110300.0,111800.0,110000.0,110700.0,0,0.0,0.0
2023-01-11 10:00:00+09:00,110700.0,111200.0,109900.0,110500.0,2501,0.0,0.0
2023-01-11 11:00:00+09:00,110500.0,111400.0,110100.0,110100.0,1999,0.0,0.0
2023-01-11 12:00:00+09:00,110100.0,110500.0,109900.0,110000.0,2106,0.0,0.0
2023-01-11 13:00:00+09:00,109900.0,110700.0,109800.0,110700.0,2853,0.0,0.0
2023-01-11 14:00:00+09:00,110800.0,111300.0,110100.0,110600.0,4221,0.0,0.0
2023-01-12 09:00:00+09:00,110500.0,111300.0,109000.0,109000.0,0,0.0,0.0
2023-01-12 10:00:00+09:00,109000.0,110000.0,108900.0,109700.0,1317,0.0,0.0
2023-01-12 11:00:00+09:00,109700.0,109800.0,109300.0,109700.0,1438,0.0,0.0
2023-01-12 12:00:00+09:00,109800.0,110000.0,109400.0,110000.0,827,0.0,0.0
2023-01-12 13:00:00+09:00,110000.0,110700.0,109700.0,110700.0,3147,0.0,0.0
2023-01-12 14:00:00+09:00,110600.0,110700.0,110400.0,110400.0,938,0.0,0.0
2023-01-13 09:00:00+09:00,109300.0,112300.0,109300.0,110900.0,0,0.0,0.0
2023-01-13 10:00:00+09:00,110900.0,111400.0,109800.0,110000.0,1953,0.0,0.0
2023-01-13 11:00:00+09:00,110100.0,110200.0,109600.0,109700.0,1435,0.0,0.0
2023-01-13 12:00:00+09:00,109700.0,110400.0,109500.0,109700.0,1973,0.0,0.0
2023-01-13 13:00:00+09:00,109700.0,110500.0,109600.0,110200.0,1597,0.0,0.0
2023-01-13 14:00:00+09:00,110200.0,110500.0,109600.0,110000.0,1477,0.0,0.0
2023-01-16 09:00:00+09:00,111200.0,112200.0,109600.0,112200.0,0,0.0,0.0
2023-01-16 10:00:00+09:00,112200.0,114300.0,112000.0,112100.0,14324,0.0,0.0
2023-01-16 11:00:00+09:00,112200.0,112500.0,109800.0,110000.0,4138,0.0,0.0
2023-01-16 12:00:00+09:00,110100.0,110500.0,109300.0,110300.0,3612,0.0,0.0
2023-01-16 13:00:00+09:00,110400.0,110600.0,109800.0,109900.0,3244,0.0,0.0
2023-01-16 14:00:00+09:00,110000.0,110300.0,109400.0,109600.0,4161,0.0,0.0
2023-01-17 09:00:00+09:00,109600.0,110500.0,109200.0,109400.0,0,0.0,0.0
2023-01-17 10:00:00+09:00,109600.0,109800.0,109100.0,109200.0,1735,0.0,0.0
2023-01-17 11:00:00+09:00,109200.0,109600.0,108000.0,108100.0,3852,0.0,0.0
2023-01-17 12:00:00+09:00,108200.0,108600.0,108000.0,108200.0,1919,0.0,0.0
2023-01-17 13:00:00+09:00,108300.0,108700.0,107900.0,108200.0,3782,0.0,0.0
2023-01-17 14:00:00+09:00,108300.0,109900.0,108200.0,109900.0,5308,0.0,0.0
2023-01-18 09:00:00+09:00,109000.0,111200.0,108900.0,110300.0,0,0.0,0.0
2023-01-18 10:00:00+09:00,110300.0,111000.0,109100.0,109900.0,2804,0.0,0.0
2023-01-18 11:00:00+09:00,109800.0,110900.0,109500.0,110500.0,1527,0.0,0.0
2023-01-18 12:00:00+09:00,110500.0,111100.0,110500.0,110700.0,1573,0.0,0.0
2023-01-18 13:00:00+09:00,110700.0,111100.0,110600.0,110800.0,1087,0.0,0.0
2023-01-18 14:00:00+09:00,110700.0,111100.0,110500.0,110900.0,1594,0.0,0.0
2023-01-19 09:00:00+09:00,109800.0,110900.0,108800.0,109300.0,0,0.0,0.0
2023-01-19 10:00:00+09:00,109200.0,110600.0,109000.0,110000.0,4362,0.0,0.0
2023-01-19 11:00:00+09:00,110000.0,110800.0,109600.0,110400.0,3094,0.0,0.0
2023-01-19 12:00:00+09:00,110400.0,111000.0,110100.0,110200.0,2330,0.0,0.0
2023-01-19 13:00:00+09:00,110200.0,111400.0,110000.0,111400.0,5436,0.0,0.0
2023-01-19 14:00:00+09:00,111300.0,111500.0,110900.0,111100.0,3434,0.0,0.0
2023-01-20 09:00:00+09:00,110300.0,112200.0,110300.0,111200.0,0,0.0,0.0
2023-01-20 10:00:00+09:00,111200.0,111600.0,110200.0,110600.0,1290,0.0,0.0
2023-01-20 11:00:00+09:00,110600.0,110700.0,110100.0,110100.0,1153,0.0,0.0
2023-01-20 12:00:00+09:00,110100.0,111000.0,110100.0,110900.0,890,0.0,0.0
2023-01-20 13:00:00+09:00,110900.0,110900.0,110100.0,110200.0,1295,0.0,0.0
2023-01-20 14:00:00+09:00,110200.0,110200.0,109900.0,110000.0,1117,0.0,0.0
2023-01-25 09:00:00+09:00,111000.0,113700.0,111000.0,113000.0,0,0.0,0.0
2023-01-25 10:00:00+09:00,113000.0,115600.0,112900.0,115500.0,7853,0.0,0.0
2023-01-25 11:00:00+09:00,115500.0,115900.0,115000.0,115500.0,2240,0.0,0.0
2023-01-25 12:00:00+09:00,115500.0,116000.0,115300.0,115800.0,2019,0.0,0.0
2023-01-25 13:00:00+09:00,115800.0,116700.0,115800.0,116600.0,4961,0.0,0.0
2023-01-25 14:00:00+09:00,116600.0,116800.0,115100.0,115600.0,4070,0.0,0.0
2023-01-26 09:00:00+09:00,118000.0,119500.0,116500.0,118200.0,0,0.0,0.0
2023-01-26 10:00:00+09:00,118200.0,119100.0,118200.0,118600.0,4373,0.0,0.0
2023-01-26 11:00:00+09:00,118700.0,119200.0,118500.0,118800.0,4485,0.0,0.0
2023-01-26 12:00:00+09:00,118900.0,121200.0,118700.0,121100.0,11479,0.0,0.0
2023-01-26 13:00:00+09:00,121200.0,121500.0,119700.0,119800.0,7427,0.0,0.0
2023-01-26 14:00:00+09:00,119800.0,120400.0,118700.0,119800.0,4868,0.0,0.0
2023-01-27 09:00:00+09:00,119500.0,121800.0,118300.0,120400.0,0,0.0,0.0
2023-01-27 10:00:00+09:00,120400.0,120500.0,119200.0,119300.0,3413,0.0,0.0
2023-01-27 11:00:00+09:00,119300.0,121000.0,119300.0,119700.0,1576,0.0,0.0
2023-01-27 12:00:00+09:00,119700.0,120100.0,119300.0,119300.0,1496,0.0,0.0
2023-01-27 13:00:00+09:00,119300.0,120200.0,119100.0,119400.0,2389,0.0,0.0
2023-01-27 14:00:00+09:00,119700.0,121000.0,119700.0,121000.0,4223,0.0,0.0
2023-01-30 09:00:00+09:00,120000.0,123500.0,119700.0,119900.0,0,0.0,0.0
2023-01-30 10:00:00+09:00,119900.0,122800.0,119800.0,120500.0,6525,0.0,0.0
2023-01-30 11:00:00+09:00,120400.0,120800.0,119700.0,120500.0,4718,0.0,0.0
2023-01-30 12:00:00+09:00,120500.0,122400.0,120400.0,122200.0,3880,0.0,0.0
2023-01-30 13:00:00+09:00,122200.0,122800.0,121700.0,122400.0,5395,0.0,0.0
2023-01-30 14:00:00+09:00,122400.0,122500.0,121100.0,121700.0,5536,0.0,0.0
2023-01-31 09:00:00+09:00,123000.0,124500.0,121400.0,122500.0,9440,0.0,0.0
2023-01-31 10:00:00+09:00,122500.0,123000.0,120900.0,121500.0,6025,0.0,0.0
2023-01-31 11:00:00+09:00,121600.0,121800.0,120500.0,121600.0,3693,0.0,0.0
2023-01-31 12:00:00+09:00,121700.0,121900.0,120600.0,121900.0,3538,0.0,0.0
2023-01-31 13:00:00+09:00,121800.0,122000.0,120800.0,121300.0,3752,0.0,0.0
2023-01-31 14:00:00+09:00,121300.0,122600.0,121200.0,122200.0,5334,0.0,0.0
2023-02-01 09:00:00+09:00,124200.0,124200.0,121800.0,122600.0,5643,0.0,0.0
2023-02-01 10:00:00+09:00,122500.0,123100.0,121900.0,122100.0,3649,0.0,0.0
2023-02-01 11:00:00+09:00,122300.0,122600.0,121500.0,122300.0,3233,0.0,0.0
2023-02-01 12:00:00+09:00,122400.0,122600.0,121800.0,122300.0,1917,0.0,0.0
2023-02-01 13:00:00+09:00,122300.0,122600.0,121800.0,122300.0,3106,0.0,0.0
2023-02-01 14:00:00+09:00,122300.0,122600.0,121900.0,122300.0,2140,0.0,0.0
2023-02-02 09:00:00+09:00,123600.0,123800.0,121600.0,121600.0,8359,0.0,0.0
2023-02-02 10:00:00+09:00,121600.0,122100.0,120900.0,121500.0,4098,0.0,0.0
2023-02-02 11:00:00+09:00,121600.0,121800.0,120700.0,121300.0,3756,0.0,0.0
2023-02-02 12:00:00+09:00,121300.0,122300.0,121300.0,121800.0,2528,0.0,0.0
2023-02-02 13:00:00+09:00,121800.0,122300.0,121500.0,121600.0,5168,0.0,0.0
2023-02-02 14:00:00+09:00,121600.0,122200.0,121600.0,121800.0,4594,0.0,0.0
2023-02-03 09:00:00+09:00,120500.0,123200.0,120400.0,121700.0,8972,0.0,0.0
2023-02-03 10:00:00+09:00,121600.0,122200.0,121200.0,121900.0,3277,0.0,0.0
2023-02-03 11:00:00+09:00,121900.0,122300.0,121500.0,122000.0,2269,0.0,0.0
2023-02-03 12:00:00+09:00,122000.0,122900.0,121800.0,122600.0,3269,0.0,0.0
2023-02-03 13:00:00+09:00,122600.0,123000.0,122300.0,122700.0,2779,0.0,0.0
2023-02-03 14:00:00+09:00,122700.0,122900.0,122500.0,122800.0,2533,0.0,0.0
2023-02-06 09:00:00+09:00,122000.0,124400.0,121600.0,123800.0,0,0.0,0.0
2023-02-06 10:00:00+09:00,123900.0,124400.0,123400.0,124100.0,4605,0.0,0.0
2023-02-06 11:00:00+09:00,124100.0,126200.0,124000.0,125700.0,6431,0.0,0.0
2023-02-06 12:00:00+09:00,125800.0,126200.0,125600.0,126000.0,4219,0.0,0.0
2023-02-06 13:00:00+09:00,126000.0,126100.0,124600.0,125000.0,6426,0.0,0.0
2023-02-06 14:00:00+09:00,124900.0,125800.0,124400.0,124600.0,5946,0.0,0.0
2023-02-07 09:00:00+09:00,124400.0,130400.0,123800.0,130000.0,19434,0.0,0.0
2023-02-07 10:00:00+09:00,130000.0,132300.0,129700.0,131200.0,16335,0.0,0.0
2023-02-07 11:00:00+09:00,131300.0,133400.0,131000.0,133400.0,10997,0.0,0.0
2023-02-07 12:00:00+09:00,133400.0,134800.0,133300.0,134300.0,9968,0.0,0.0
2023-02-07 13:00:00+09:00,134200.0,134800.0,132900.0,133600.0,11929,0.0,0.0
2023-02-07 14:00:00+09:00,133600.0,133900.0,132500.0,133400.0,12162,0.0,0.0
2023-02-08 09:00:00+09:00,133100.0,137100.0,133000.0,134200.0,5586,0.0,0.0
2023-02-08 10:00:00+09:00,134500.0,136000.0,134000.0,135100.0,5045,0.0,0.0
2023-02-08 11:00:00+09:00,135100.0,136500.0,135100.0,136400.0,4769,0.0,0.0
2023-02-08 12:00:00+09:00,136400.0,136500.0,135800.0,136200.0,2559,0.0,0.0
2023-02-08 13:00:00+09:00,136100.0,136300.0,135100.0,135600.0,3125,0.0,0.0
2023-02-08 14:00:00+09:00,135600.0,135600.0,134000.0,134800.0,4892,0.0,0.0
2023-02-09 09:00:00+09:00,136100.0,136600.0,134000.0,135400.0,6959,0.0,0.0
2023-02-09 10:00:00+09:00,135300.0,136700.0,135200.0,135700.0,4222,0.0,0.0
2023-02-09 11:00:00+09:00,135600.0,136400.0,135100.0,135100.0,3519,0.0,0.0
2023-02-09 12:00:00+09:00,135100.0,135300.0,135000.0,135200.0,3816,0.0,0.0
2023-02-09 13:00:00+09:00,135300.0,136000.0,135000.0,135900.0,4549,0.0,0.0
2023-02-09 14:00:00+09:00,136000.0,136000.0,135600.0,135700.0,5949,0.0,0.0
2023-02-10 09:00:00+09:00,136000.0,136600.0,133000.0,136100.0,0,0.0,0.0
2023-02-10 10:00:00+09:00,136100.0,138500.0,136100.0,136500.0,9317,0.0,0.0
2023-02-10 11:00:00+09:00,136500.0,137900.0,135600.0,137600.0,4165,0.0,0.0
2023-02-10 12:00:00+09:00,137600.0,138200.0,136500.0,137500.0,4812,0.0,0.0
2023-02-10 13:00:00+09:00,137500.0,138100.0,136000.0,136300.0,7844,0.0,0.0
2023-02-10 14:00:00+09:00,136300.0,137000.0,136000.0,136300.0,3915,0.0,0.0
2023-02-13 09:00:00+09:00,136500.0,138800.0,135500.0,137500.0,0,0.0,0.0
2023-02-13 10:00:00+09:00,137600.0,139200.0,137400.0,138300.0,7066,0.0,0.0
2023-02-13 11:00:00+09:00,138200.0,138800.0,137800.0,138400.0,2917,0.0,0.0
2023-02-13 12:00:00+09:00,138500.0,138700.0,138200.0,138600.0,945,0.0,0.0
2023-02-13 13:00:00+09:00,138600.0,139200.0,138200.0,139100.0,3517,0.0,0.0
2023-02-13 14:00:00+09:00,139100.0,139600.0,137600.0,138000.0,7623,0.0,0.0
2023-02-14 09:00:00+09:00,140000.0,141500.0,138800.0,140100.0,0,0.0,0.0
2023-02-14 10:00:00+09:00,140200.0,140500.0,139000.0,139000.0,3215,0.0,0.0
2023-02-14 11:00:00+09:00,139100.0,139300.0,138600.0,139100.0,2030,0.0,0.0
2023-02-14 12:00:00+09:00,139100.0,139100.0,137400.0,138400.0,2327,0.0,0.0
2023-02-14 13:00:00+09:00,138300.0,139300.0,138100.0,138800.0,3600,0.0,0.0
2023-02-14 14:00:00+09:00,138900.0,139300.0,138400.0,139300.0,3688,0.0,0.0
2023-02-15 09:00:00+09:00,139300.0,139800.0,136400.0,137000.0,0,0.0,0.0
2023-02-15 10:00:00+09:00,137000.0,141000.0,136600.0,139000.0,5142,0.0,0.0
2023-02-15 11:00:00+09:00,139000.0,139000.0,137000.0,138100.0,4408,0.0,0.0
2023-02-15 12:00:00+09:00,138200.0,139000.0,137600.0,138200.0,2645,0.0,0.0
2023-02-15 13:00:00+09:00,138100.0,138700.0,137800.0,138000.0,3713,0.0,0.0
2023-02-15 14:00:00+09:00,138000.0,138300.0,136700.0,136800.0,6591,0.0,0.0
2023-02-16 09:00:00+09:00,137800.0,141800.0,137800.0,140100.0,0,0.0,0.0
2023-02-16 10:00:00+09:00,140100.0,141300.0,140000.0,140700.0,8658,0.0,0.0
2023-02-16 11:00:00+09:00,140700.0,140900.0,139500.0,140000.0,3573,0.0,0.0
2023-02-16 12:00:00+09:00,140100.0,140600.0,139600.0,139900.0,2907,0.0,0.0
2023-02-16 13:00:00+09:00,140100.0,140500.0,139600.0,139800.0,2534,0.0,0.0
2023-02-16 14:00:00+09:00,139900.0,141000.0,139500.0,140800.0,3517,0.0,0.0
2023-02-17 09:00:00+09:00,138500.0,143500.0,138500.0,142900.0,0,0.0,0.0
2023-02-17 10:00:00+09:00,142800.0,143100.0,141300.0,142300.0,5337,0.0,0.0
2023-02-17 11:00:00+09:00,142300.0,142900.0,141900.0,142400.0,2998,0.0,0.0
2023-02-17 12:00:00+09:00,142300.0,142500.0,141300.0,142200.0,4617,0.0,0.0
2023-02-17 13:00:00+09:00,142300.0,142400.0,139600.0,141100.0,9151,0.0,0.0
2023-02-17 14:00:00+09:00,141200.0,142800.0,140800.0,142600.0,8647,0.0,0.0
2023-02-20 09:00:00+09:00,143500.0,143500.0,139700.0,142200.0,0,0.0,0.0
2023-02-20 10:00:00+09:00,142200.0,143900.0,142200.0,143400.0,6233,0.0,0.0
2023-02-20 11:00:00+09:00,143400.0,143700.0,142300.0,142600.0,1476,0.0,0.0
2023-02-20 12:00:00+09:00,142700.0,142900.0,142200.0,142300.0,2176,0.0,0.0
2023-02-20 13:00:00+09:00,142300.0,142900.0,141800.0,142200.0,4089,0.0,0.0
2023-02-20 14:00:00+09:00,142100.0,142400.0,140800.0,142300.0,3596,0.0,0.0
2023-02-21 09:00:00+09:00,142900.0,143000.0,138700.0,138700.0,7862,0.0,0.0
2023-02-21 10:00:00+09:00,138600.0,139700.0,138400.0,139200.0,5370,0.0,0.0
2023-02-21 11:00:00+09:00,139200.0,140000.0,139000.0,139600.0,3249,0.0,0.0
2023-02-21 12:00:00+09:00,139400.0,139600.0,138400.0,138700.0,5061,0.0,0.0
2023-02-21 13:00:00+09:00,138600.0,138800.0,138400.0,138500.0,3040,0.0,0.0
2023-02-21 14:00:00+09:00,138300.0,140100.0,138200.0,139000.0,7088,0.0,0.0
2023-02-22 09:00:00+09:00,138500.0,141000.0,138000.0,140900.0,8661,0.0,0.0
2023-02-22 10:00:00+09:00,140900.0,141500.0,139900.0,140000.0,6944,0.0,0.0
2023-02-22 11:00:00+09:00,140000.0,141000.0,139900.0,140900.0,3094,0.0,0.0
2023-02-22 12:00:00+09:00,140800.0,143500.0,140700.0,143200.0,8263,0.0,0.0
2023-02-22 13:00:00+09:00,143300.0,144700.0,143100.0,144300.0,14085,0.0,0.0
2023-02-22 14:00:00+09:00,144300.0,144400.0,143000.0,143200.0,6099,0.0,0.0
2023-02-23 09:00:00+09:00,143600.0,145500.0,142600.0,143700.0,0,0.0,0.0
2023-02-23 10:00:00+09:00,143700.0,144700.0,142200.0,142400.0,4241,0.0,0.0
2023-02-23 11:00:00+09:00,142300.0,143200.0,140000.0,142700.0,5713,0.0,0.0
2023-02-23 12:00:00+09:00,142800.0,143000.0,141500.0,142100.0,4248,0.0,0.0
2023-02-23 13:00:00+09:00,142200.0,143500.0,142100.0,143100.0,2447,0.0,0.0
2023-02-23 14:00:00+09:00,143200.0,143500.0,141400.0,142400.0,3298,0.0,0.0
2023-02-24 09:00:00+09:00,141900.0,142200.0,140100.0,140900.0,0,0.0,0.0
2023-02-24 10:00:00+09:00,140900.0,141000.0,136900.0,139500.0,16843,0.0,0.0
2023-02-24 11:00:00+09:00,139500.0,139900.0,138400.0,139400.0,5523,0.0,0.0
2023-02-24 12:00:00+09:00,139300.0,139600.0,138600.0,139100.0,2869,0.0,0.0
2023-02-24 13:00:00+09:00,139000.0,139300.0,137500.0,137500.0,8117,0.0,0.0
2023-02-24 14:00:00+09:00,137600.0,137800.0,135600.0,136000.0,18712,0.0,0.0
2023-02-27 09:00:00+09:00,135100.0,135300.0,132000.0,134100.0,0,0.0,0.0
2023-02-27 10:00:00+09:00,134000.0,135600.0,133500.0,134800.0,8002,0.0,0.0
2023-02-27 11:00:00+09:00,134800.0,135000.0,134300.0,134600.0,2657,0.0,0.0
2023-02-27 12:00:00+09:00,134500.0,135100.0,134400.0,135000.0,1724,0.0,0.0
2023-02-27 13:00:00+09:00,135000.0,135200.0,134700.0,134900.0,3177,0.0,0.0
2023-02-27 14:00:00+09:00,134800.0,135100.0,134600.0,134600.0,3745,0.0,0.0
2023-02-28 09:00:00+09:00,135800.0,137000.0,135500.0,136500.0,3446,0.0,0.0
2023-02-28 10:00:00+09:00,136500.0,136900.0,135500.0,136100.0,3190,0.0,0.0
2023-02-28 11:00:00+09:00,136100.0,137200.0,136000.0,137100.0,3495,0.0,0.0
2023-02-28 12:00:00+09:00,137200.0,138000.0,136900.0,137600.0,3963,0.0,0.0
2023-02-28 13:00:00+09:00,137600.0,138000.0,137300.0,137800.0,3052,0.0,0.0
2023-02-28 14:00:00+09:00,137800.0,138000.0,136200.0,137100.0,5115,0.0,0.0
2023-03-02 09:00:00+09:00,137200.0,138600.0,136700.0,138100.0,0,0.0,0.0
2023-03-02 10:00:00+09:00,138100.0,138100.0,136700.0,136800.0,5658,0.0,0.0
2023-03-02 11:00:00+09:00,136800.0,137400.0,136700.0,136800.0,3588,0.0,0.0
2023-03-02 12:00:00+09:00,136700.0,137000.0,136100.0,136200.0,7310,0.0,0.0
2023-03-02 13:00:00+09:00,136100.0,137100.0,136100.0,136500.0,2830,0.0,0.0
2023-03-02 14:00:00+09:00,136400.0,136700.0,136200.0,136500.0,5092,0.0,0.0
2023-03-03 09:00:00+09:00,135500.0,137900.0,134900.0,135900.0,5828,0.0,0.0
2023-03-03 10:00:00+09:00,136100.0,136700.0,134900.0,135600.0,3691,0.0,0.0
2023-03-03 11:00:00+09:00,135600.0,136400.0,135500.0,136400.0,1728,0.0,0.0
2023-03-03 12:00:00+09:00,136400.0,136800.0,135400.0,135500.0,3143,0.0,0.0
2023-03-03 13:00:00+09:00,135600.0,136000.0,134400.0,135100.0,6165,0.0,0.0
2023-03-03 14:00:00+09:00,135200.0,136500.0,134500.0,136300.0,8133,0.0,0.0
2023-03-06 09:00:00+09:00,136400.0,137600.0,135300.0,136800.0,0,0.0,0.0
2023-03-06 10:00:00+09:00,136800.0,137100.0,135600.0,136700.0,5983,0.0,0.0
2023-03-06 11:00:00+09:00,136800.0,137200.0,136300.0,137100.0,3120,0.0,0.0
2023-03-06 12:00:00+09:00,137100.0,137200.0,136500.0,136800.0,2871,0.0,0.0
2023-03-06 13:00:00+09:00,136700.0,137200.0,136500.0,136900.0,2641,0.0,0.0
2023-03-06 14:00:00+09:00,136900.0,137200.0,136700.0,137000.0,3957,0.0,0.0
2023-03-07 09:00:00+09:00,137200.0,137700.0,133500.0,134100.0,8063,0.0,0.0
2023-03-07 10:00:00+09:00,134100.0,134900.0,133100.0,133300.0,4669,0.0,0.0
2023-03-07 11:00:00+09:00,133600.0,134300.0,132700.0,133400.0,5550,0.0,0.0
2023-03-07 12:00:00+09:00,133300.0,134800.0,133300.0,134500.0,4893,0.0,0.0
2023-03-07 13:00:00+09:00,134400.0,135600.0,134000.0,135600.0,3547,0.0,0.0
2023-03-07 14:00:00+09:00,135300.0,136400.0,134900.0,135300.0,3707,0.0,0.0
2023-03-08 09:00:00+09:00,134400.0,134400.0,130200.0,131300.0,0,0.0,0.0
2023-03-08 10:00:00+09:00,131300.0,132100.0,130300.0,131900.0,5802,0.0,0.0
2023-03-08 11:00:00+09:00,131900.0,132100.0,130800.0,131800.0,4265,0.0,0.0
2023-03-08 12:00:00+09:00,131800.0,131800.0,131000.0,131600.0,2483,0.0,0.0
2023-03-08 13:00:00+09:00,131600.0,132000.0,130000.0,130300.0,6972,0.0,0.0
2023-03-08 14:00:00+09:00,130000.0,130600.0,129000.0,129400.0,13468,0.0,0.0
2023-03-09 09:00:00+09:00,129300.0,131400.0,129300.0,130000.0,5342,0.0,0.0
2023-03-09 10:00:00+09:00,129900.0,130300.0,128400.0,129400.0,5749,0.0,0.0
2023-03-09 11:00:00+09:00,129400.0,130100.0,129400.0,129700.0,4133,0.0,0.0
2023-03-09 12:00:00+09:00,129600.0,130300.0,129600.0,130100.0,4563,0.0,0.0
2023-03-09 13:00:00+09:00,130100.0,131200.0,130000.0,131100.0,3118,0.0,0.0
2023-03-09 14:00:00+09:00,131100.0,131600.0,130600.0,130700.0,2973,0.0,0.0
2023-03-10 09:00:00+09:00,129900.0,130000.0,126700.0,128700.0,10068,0.0,0.0
2023-03-10 10:00:00+09:00,128700.0,131500.0,128600.0,130200.0,3671,0.0,0.0
2023-03-10 11:00:00+09:00,130000.0,131000.0,129200.0,129500.0,4157,0.0,0.0
2023-03-10 12:00:00+09:00,129500.0,130300.0,129300.0,129900.0,1774,0.0,0.0
2023-03-10 13:00:00+09:00,129900.0,130000.0,129300.0,129600.0,2293,0.0,0.0
2023-03-10 14:00:00+09:00,129500.0,130000.0,129400.0,129800.0,3257,0.0,0.0
2023-03-13 09:00:00+09:00,129600.0,131600.0,128100.0,129800.0,0,0.0,0.0
2023-03-13 10:00:00+09:00,129800.0,130100.0,127600.0,127900.0,3107,0.0,0.0
2023-03-13 11:00:00+09:00,127900.0,130000.0,127900.0,129400.0,2549,0.0,0.0
2023-03-13 12:00:00+09:00,129600.0,130600.0,128800.0,129000.0,3081,0.0,0.0
2023-03-13 13:00:00+09:00,129400.0,129800.0,128000.0,128600.0,2853,0.0,0.0
2023-03-13 14:00:00+09:00,128600.0,129800.0,128500.0,129800.0,1644,0.0,0.0
2023-03-14 09:00:00+09:00,128100.0,129600.0,124100.0,127500.0,0,0.0,0.0
2023-03-14 10:00:00+09:00,127400.0,127700.0,126600.0,127200.0,3998,0.0,0.0
2023-03-14 11:00:00+09:00,127300.0,127300.0,126100.0,126100.0,4151,0.0,0.0
2023-03-14 12:00:00+09:00,126100.0,127600.0,126000.0,127100.0,5131,0.0,0.0
2023-03-14 13:00:00+09:00,127200.0,127500.0,126600.0,126800.0,4983,0.0,0.0
2023-03-14 14:00:00+09:00,126800.0,127400.0,126700.0,126900.0,5169,0.0,0.0
2023-03-15 09:00:00+09:00,129800.0,129800.0,126800.0,129000.0,0,0.0,0.0
2023-03-15 10:00:00+09:00,129100.0,133000.0,129000.0,132500.0,7749,0.0,0.0
2023-03-15 11:00:00+09:00,132500.0,133300.0,131200.0,131500.0,3565,0.0,0.0
2023-03-15 12:00:00+09:00,131500.0,131900.0,130400.0,130800.0,2624,0.0,0.0
2023-03-15 13:00:00+09:00,130300.0,133500.0,130300.0,132000.0,10030,0.0,0.0
2023-03-15 14:00:00+09:00,132000.0,132600.0,131200.0,132000.0,4112,0.0,0.0
2023-03-16 09:00:00+09:00,131800.0,134100.0,130300.0,134100.0,0,0.0,0.0
2023-03-16 10:00:00+09:00,134000.0,134700.0,131700.0,133500.0,4837,0.0,0.0
2023-03-16 11:00:00+09:00,133500.0,135000.0,132900.0,134800.0,3063,0.0,0.0
2023-03-16 12:00:00+09:00,134500.0,134500.0,132700.0,133400.0,3003,0.0,0.0
2023-03-16 13:00:00+09:00,133400.0,134400.0,130500.0,133000.0,3367,0.0,0.0
2023-03-16 14:00:00+09:00,133000.0,133300.0,131000.0,132400.0,3136,0.0,0.0
2023-03-17 09:00:00+09:00,136800.0,138700.0,134600.0,137700.0,0,0.0,0.0
2023-03-17 10:00:00+09:00,137900.0,138700.0,137300.0,137900.0,6720,0.0,0.0
2023-03-17 11:00:00+09:00,137900.0,138400.0,137400.0,137700.0,4146,0.0,0.0
2023-03-17 12:00:00+09:00,137700.0,138100.0,137500.0,138100.0,3596,0.0,0.0
2023-03-17 13:00:00+09:00,138100.0,140700.0,138000.0,139500.0,13384,0.0,0.0
2023-03-17 14:00:00+09:00,139500.0,139800.0,138700.0,139000.0,7462,0.0,0.0
2023-03-20 09:00:00+09:00,139400.0,141900.0,138300.0,139600.0,0,0.0,0.0
2023-03-20 10:00:00+09:00,139700.0,141000.0,139000.0,140100.0,3608,0.0,0.0
2023-03-20 11:00:00+09:00,140000.0,141400.0,140000.0,141100.0,3855,0.0,0.0
2023-03-20 12:00:00+09:00,141200.0,141400.0,139500.0,139800.0,3699,0.0,0.0
2023-03-20 13:00:00+09:00,139800.0,140400.0,139100.0,139500.0,1438,0.0,0.0
2023-03-20 14:00:00+09:00,139600.0,140400.0,139300.0,139300.0,2615,0.0,0.0
2023-03-21 09:00:00+09:00,141500.0,141500.0,139000.0,140900.0,0,0.0,0.0
2023-03-21 10:00:00+09:00,140900.0,141100.0,139100.0,139300.0,3498,0.0,0.0
2023-03-21 11:00:00+09:00,139300.0,139500.0,137600.0,138300.0,2158,0.0,0.0
2023-03-21 12:00:00+09:00,138200.0,138900.0,137900.0,138900.0,1384,0.0,0.0
2023-03-21 13:00:00+09:00,138900.0,139600.0,138000.0,138500.0,2503,0.0,0.0
2023-03-21 14:00:00+09:00,138600.0,139300.0,138100.0,138500.0,3582,0.0,0.0
2023-03-22 09:00:00+09:00,138600.0,139000.0,135300.0,135700.0,0,0.0,0.0
2023-03-22 10:00:00+09:00,135700.0,136500.0,134300.0,134500.0,6195,0.0,0.0
2023-03-22 11:00:00+09:00,134600.0,136200.0,134500.0,135300.0,3342,0.0,0.0
2023-03-22 12:00:00+09:00,135200.0,136200.0,134600.0,134600.0,3233,0.0,0.0
2023-03-22 13:00:00+09:00,134600.0,135500.0,134400.0,135100.0,3271,0.0,0.0
2023-03-22 14:00:00+09:00,135100.0,135900.0,134500.0,134700.0,4958,0.0,0.0
2023-03-23 09:00:00+09:00,134500.0,134600.0,133000.0,134600.0,3382,0.0,0.0
2023-03-23 10:00:00+09:00,134600.0,134600.0,133600.0,133700.0,1844,0.0,0.0
2023-03-23 11:00:00+09:00,133700.0,134700.0,133000.0,133300.0,5201,0.0,0.0
2023-03-23 12:00:00+09:00,133200.0,133800.0,133200.0,133500.0,2435,0.0,0.0
2023-03-23 13:00:00+09:00,133300.0,133900.0,133300.0,133400.0,3030,0.0,0.0
2023-03-23 14:00:00+09:00,133700.0,136200.0,133200.0,135700.0,6739,0.0,0.0
2023-03-24 09:00:00+09:00,134200.0,140300.0,133200.0,139000.0,0,0.0,0.0
2023-03-24 10:00:00+09:00,138900.0,140500.0,138100.0,139900.0,7639,0.0,0.0
2023-03-24 11:00:00+09:00,139900.0,139900.0,138400.0,139600.0,3220,0.0,0.0
2023-03-24 12:00:00+09:00,139500.0,140300.0,139500.0,140200.0,2762,0.0,0.0
2023-03-24 13:00:00+09:00,140200.0,141800.0,140100.0,141700.0,11679,0.0,0.0
2023-03-24 14:00:00+09:00,141800.0,142500.0,140800.0,142100.0,14678,0.0,0.0
2023-03-27 09:00:00+09:00,143100.0,143800.0,139800.0,139900.0,0,0.0,0.0
2023-03-27 10:00:00+09:00,139800.0,140500.0,139300.0,140000.0,3405,0.0,0.0
2023-03-27 11:00:00+09:00,140000.0,143300.0,140000.0,141600.0,5691,0.0,0.0
2023-03-27 12:00:00+09:00,141600.0,141900.0,140700.0,141100.0,1867,0.0,0.0
2023-03-27 13:00:00+09:00,141100.0,141500.0,140600.0,140800.0,2915,0.0,0.0
2023-03-27 14:00:00+09:00,140800.0,141600.0,140800.0,141300.0,3073,0.0,0.0
2023-03-28 09:00:00+09:00,140300.0,142900.0,139300.0,142800.0,0,0.0,0.0
2023-03-28 10:00:00+09:00,142800.0,146700.0,142700.0,145900.0,11221,0.0,0.0
2023-03-28 11:00:00+09:00,145900.0,146000.0,144800.0,145800.0,5420,0.0,0.0
2023-03-28 12:00:00+09:00,145800.0,145800.0,143600.0,143800.0,2958,0.0,0.0
2023-03-28 13:00:00+09:00,143800.0,144700.0,143200.0,144500.0,3587,0.0,0.0
2023-03-28 14:00:00+09:00,144400.0,145000.0,144200.0,144900.0,5101,0.0,0.0
2023-03-29 09:00:00+09:00,146400.0,146400.0,142300.0,143000.0,0,0.0,0.0
2023-03-29 10:00:00+09:00,143100.0,145200.0,142800.0,143400.0,4775,0.0,0.0
2023-03-29 11:00:00+09:00,143400.0,143500.0,142200.0,142200.0,2624,0.0,0.0
2023-03-29 12:00:00+09:00,142200.0,142600.0,142200.0,142600.0,835,0.0,0.0
2023-03-29 13:00:00+09:00,142600.0,142800.0,141900.0,142300.0,2695,0.0,0.0
2023-03-29 14:00:00+09:00,142300.0,143500.0,141100.0,142200.0,4307,0.0,0.0
2023-03-30 09:00:00+09:00,145600.0,149800.0,142900.0,149300.0,0,0.0,0.0
2023-03-30 10:00:00+09:00,149300.0,149900.0,148200.0,149000.0,9093,0.0,0.0
2023-03-30 11:00:00+09:00,149000.0,149000.0,148200.0,148900.0,5509,0.0,0.0
2023-03-30 12:00:00+09:00,148900.0,151000.0,148600.0,150300.0,15066,0.0,0.0
2023-03-30 13:00:00+09:00,150400.0,151700.0,149800.0,150500.0,8648,0.0,0.0
2023-03-30 14:00:00+09:00,150600.0,151600.0,150500.0,151300.0,5629,0.0,0.0
2023-03-31 09:00:00+09:00,153000.0,153200.0,149600.0,149700.0,0,0.0,0.0
2023-03-31 10:00:00+09:00,149700.0,150700.0,149300.0,149900.0,5597,0.0,0.0
2023-03-31 11:00:00+09:00,149900.0,151200.0,149700.0,149900.0,3536,0.0,0.0
2023-03-31 12:00:00+09:00,149800.0,151200.0,149700.0,150500.0,2682,0.0,0.0
2023-03-31 13:00:00+09:00,150300.0,152000.0,150200.0,150800.0,3697,0.0,0.0
2023-03-31 14:00:00+09:00,150600.0,152600.0,150600.0,152400.0,6745,0.0,0.0
2023-04-03 09:00:00+09:00,155400.0,155400.0,150500.0,151700.0,0,0.0,0.0
2023-04-03 10:00:00+09:00,151700.0,154100.0,151500.0,151700.0,4958,0.0,0.0
2023-04-03 11:00:00+09:00,151600.0,153000.0,151600.0,152600.0,2640,0.0,0.0
2023-04-03 12:00:00+09:00,152500.0,154500.0,152100.0,153700.0,3064,0.0,0.0
2023-04-03 13:00:00+09:00,153700.0,153700.0,152800.0,152900.0,5758,0.0,0.0
2023-04-03 14:00:00+09:00,152900.0,153200.0,152300.0,152700.0,5642,0.0,0.0
2023-04-04 09:00:00+09:00,152500.0,153300.0,150800.0,152100.0,4542,0.0,0.0
2023-04-04 10:00:00+09:00,152200.0,152700.0,151600.0,152000.0,3290,0.0,0.0
2023-04-04 11:00:00+09:00,152000.0,153200.0,151600.0,151800.0,5573,0.0,0.0
2023-04-04 12:00:00+09:00,151800.0,152300.0,150300.0,150600.0,5220,0.0,0.0
2023-04-04 13:00:00+09:00,150800.0,151800.0,150000.0,151500.0,6282,0.0,0.0
2023-04-04 14:00:00+09:00,151500.0,152400.0,150700.0,151600.0,6842,0.0,0.0
2023-04-05 09:00:00+09:00,151900.0,154000.0,149100.0,151500.0,0,0.0,0.0
2023-04-05 10:00:00+09:00,151300.0,152600.0,150600.0,152300.0,3998,0.0,0.0
2023-04-05 11:00:00+09:00,152500.0,152800.0,152000.0,152600.0,2221,0.0,0.0
2023-04-05 12:00:00+09:00,152700.0,153500.0,152600.0,153100.0,3299,0.0,0.0
2023-04-05 13:00:00+09:00,153000.0,153300.0,152800.0,152900.0,3172,0.0,0.0
2023-04-05 14:00:00+09:00,153000.0,156700.0,152800.0,154800.0,12012,0.0,0.0
2023-04-06 09:00:00+09:00,156700.0,156700.0,152600.0,154300.0,0,0.0,0.0
2023-04-06 10:00:00+09:00,154300.0,158100.0,154200.0,157800.0,6932,0.0,0.0
2023-04-06 11:00:00+09:00,157900.0,158100.0,155700.0,156400.0,3743,0.0,0.0
2023-04-06 12:00:00+09:00,156200.0,156800.0,155300.0,155600.0,1647,0.0,0.0
2023-04-06 13:00:00+09:00,155700.0,156200.0,155300.0,155600.0,1869,0.0,0.0
2023-04-06 14:00:00+09:00,155600.0,156300.0,154500.0,156000.0,4069,0.0,0.0
2023-04-07 09:00:00+09:00,155900.0,159400.0,155700.0,157500.0,0,0.0,0.0
2023-04-07 10:00:00+09:00,157500.0,158000.0,156300.0,158000.0,2915,0.0,0.0
2023-04-07 11:00:00+09:00,157900.0,158300.0,156800.0,157000.0,2995,0.0,0.0
2023-04-07 12:00:00+09:00,157000.0,157100.0,156100.0,156700.0,2828,0.0,0.0
2023-04-07 13:00:00+09:00,156700.0,157500.0,156200.0,156700.0,3248,0.0,0.0
2023-04-07 14:00:00+09:00,156500.0,157400.0,156400.0,157000.0,3824,0.0,0.0
2023-04-10 09:00:00+09:00,157700.0,159300.0,154500.0,156700.0,0,0.0,0.0
2023-04-10 10:00:00+09:00,156900.0,156900.0,154600.0,154600.0,3815,0.0,0.0
2023-04-10 11:00:00+09:00,154500.0,155000.0,153600.0,154300.0,3943,0.0,0.0
2023-04-10 12:00:00+09:00,154200.0,154600.0,153800.0,154100.0,3027,0.0,0.0
2023-04-10 13:00:00+09:00,154200.0,154600.0,153200.0,154000.0,3416,0.0,0.0
2023-04-10 14:00:00+09:00,153900.0,154500.0,153500.0,154400.0,3949,0.0,0.0
2023-04-11 09:00:00+09:00,154600.0,157200.0,153800.0,154800.0,0,0.0,0.0
2023-04-11 10:00:00+09:00,155100.0,157900.0,154700.0,157900.0,6264,0.0,0.0
2023-04-11 11:00:00+09:00,157900.0,158200.0,152800.0,154900.0,5231,0.0,0.0
2023-04-11 12:00:00+09:00,154800.0,155100.0,153300.0,153800.0,3554,0.0,0.0
2023-04-11 13:00:00+09:00,153700.0,154200.0,153000.0,153600.0,2551,0.0,0.0
2023-04-11 14:00:00+09:00,153600.0,155300.0,153100.0,155000.0,4243,0.0,0.0
2023-04-12 09:00:00+09:00,156100.0,156500.0,152400.0,154500.0,6922,0.0,0.0
2023-04-12 10:00:00+09:00,154500.0,155200.0,153700.0,154800.0,3656,0.0,0.0
2023-04-12 11:00:00+09:00,154700.0,155300.0,153600.0,153900.0,2996,0.0,0.0
2023-04-12 12:00:00+09:00,153900.0,154900.0,153600.0,153900.0,1761,0.0,0.0
2023-04-12 13:00:00+09:00,153800.0,154900.0,153200.0,154700.0,2368,0.0,0.0
2023-04-12 14:00:00+09:00,154700.0,155300.0,154100.0,154600.0,3702,0.0,0.0
2023-04-13 09:00:00+09:00,154800.0,156400.0,153900.0,155500.0,5260,0.0,0.0
2023-04-13 10:00:00+09:00,155800.0,156500.0,154900.0,156100.0,3558,0.0,0.0
2023-04-13 11:00:00+09:00,156200.0,156600.0,155900.0,156400.0,2213,0.0,0.0
2023-04-13 12:00:00+09:00,156300.0,156700.0,156100.0,156300.0,1915,0.0,0.0
2023-04-13 13:00:00+09:00,156400.0,156400.0,155400.0,156300.0,2306,0.0,0.0
2023-04-13 14:00:00+09:00,156200.0,157000.0,155700.0,156300.0,4060,0.0,0.0
2023-04-14 09:00:00+09:00,157800.0,158000.0,154500.0,154500.0,5598,0.0,0.0
2023-04-14 10:00:00+09:00,154500.0,155200.0,153100.0,153100.0,4956,0.0,0.0
2023-04-14 11:00:00+09:00,153100.0,153600.0,152600.0,153600.0,4639,0.0,0.0
2023-04-14 12:00:00+09:00,153500.0,153700.0,152800.0,153000.0,2807,0.0,0.0
2023-04-14 13:00:00+09:00,152900.0,153100.0,152100.0,152300.0,3056,0.0,0.0
2023-04-14 14:00:00+09:00,152300.0,153900.0,152100.0,153500.0,4098,0.0,0.0
2023-04-17 09:00:00+09:00,152700.0,155000.0,150900.0,152900.0,0,0.0,0.0
2023-04-17 10:00:00+09:00,152800.0,153600.0,151900.0,152500.0,5954,0.0,0.0
2023-04-17 11:00:00+09:00,152800.0,154000.0,151700.0,153900.0,3478,0.0,0.0
2023-04-17 12:00:00+09:00,153700.0,154100.0,153200.0,153700.0,2142,0.0,0.0
2023-04-17 13:00:00+09:00,153900.0,154000.0,153000.0,153500.0,1761,0.0,0.0
2023-04-17 14:00:00+09:00,153500.0,154400.0,153300.0,153800.0,3658,0.0,0.0
2023-04-18 09:00:00+09:00,152200.0,154000.0,152100.0,153700.0,3404,0.0,0.0
2023-04-18 10:00:00+09:00,153700.0,154200.0,152700.0,153900.0,2163,0.0,0.0
2023-04-18 11:00:00+09:00,153900.0,154200.0,152500.0,152700.0,2037,0.0,0.0
2023-04-18 12:00:00+09:00,152500.0,153200.0,152100.0,152400.0,1875,0.0,0.0
2023-04-18 13:00:00+09:00,152300.0,152700.0,152000.0,152500.0,1839,0.0,0.0
2023-04-18 14:00:00+09:00,152500.0,153900.0,152200.0,153400.0,3299,0.0,0.0
2023-04-19 09:00:00+09:00,154000.0,154000.0,151300.0,151800.0,4891,0.0,0.0
2023-04-19 10:00:00+09:00,151800.0,152600.0,151000.0,151400.0,4097,0.0,0.0
2023-04-19 11:00:00+09:00,151400.0,153800.0,151300.0,153800.0,3438,0.0,0.0
2023-04-19 12:00:00+09:00,153800.0,154300.0,153500.0,154100.0,3013,0.0,0.0
2023-04-19 13:00:00+09:00,154000.0,154800.0,154000.0,154600.0,4352,0.0,0.0
2023-04-19 14:00:00+09:00,154600.0,154900.0,154400.0,154600.0,3832,0.0,0.0
2023-04-20 09:00:00+09:00,154800.0,154800.0,152900.0,153500.0,0,0.0,0.0
2023-04-20 10:00:00+09:00,153500.0,155700.0,153500.0,154000.0,2896,0.0,0.0
2023-04-20 11:00:00+09:00,153800.0,154300.0,152800.0,153700.0,5103,0.0,0.0
2023-04-20 12:00:00+09:00,153700.0,154200.0,153000.0,153100.0,2363,0.0,0.0
2023-04-20 13:00:00+09:00,153000.0,153300.0,151200.0,151400.0,6480,0.0,0.0
2023-04-20 14:00:00+09:00,151300.0,151700.0,148400.0,149200.0,12442,0.0,0.0
2023-04-21 09:00:00+09:00,149400.0,152200.0,146000.0,149300.0,8105,0.0,0.0
2023-04-21 10:00:00+09:00,149300.0,150000.0,147900.0,148700.0,3688,0.0,0.0
2023-04-21 11:00:00+09:00,148800.0,149100.0,147700.0,148000.0,2246,0.0,0.0
2023-04-21 12:00:00+09:00,148000.0,150600.0,148000.0,149200.0,2623,0.0,0.0
2023-04-21 13:00:00+09:00,149400.0,150200.0,148300.0,148300.0,1238,0.0,0.0
2023-04-21 14:00:00+09:00,148300.0,150700.0,148200.0,150300.0,7867,0.0,0.0
2023-04-24 09:00:00+09:00,150900.0,150900.0,145200.0,145500.0,0,0.0,0.0
2023-04-24 10:00:00+09:00,145300.0,146300.0,142800.0,144100.0,10239,0.0,0.0
2023-04-24 11:00:00+09:00,144000.0,145100.0,143700.0,144600.0,3798,0.0,0.0
2023-04-24 12:00:00+09:00,144500.0,145100.0,144000.0,145100.0,3375,0.0,0.0
2023-04-24 13:00:00+09:00,145000.0,145200.0,144500.0,144900.0,2375,0.0,0.0
2023-04-24 14:00:00+09:00,144900.0,145600.0,144500.0,145400.0,2842,0.0,0.0
2023-04-25 09:00:00+09:00,144000.0,147100.0,142000.0,145400.0,0,0.0,0.0
2023-04-25 10:00:00+09:00,145500.0,146000.0,142000.0,143700.0,4810,0.0,0.0
2023-04-25 11:00:00+09:00,144100.0,144100.0,142600.0,143200.0,3297,0.0,0.0
2023-04-25 12:00:00+09:00,143300.0,144800.0,142500.0,142500.0,2005,0.0,0.0
2023-04-25 13:00:00+09:00,142500.0,143500.0,142200.0,143200.0,2129,0.0,0.0
2023-04-25 14:00:00+09:00,143100.0,143800.0,142600.0,143400.0,2041,0.0,0.0
2023-04-26 09:00:00+09:00,144300.0,144400.0,141600.0,144100.0,0,0.0,0.0
2023-04-26 10:00:00+09:00,144100.0,147300.0,144100.0,147000.0,6460,0.0,0.0
2023-04-26 11:00:00+09:00,147000.0,147200.0,144600.0,145600.0,4739,0.0,0.0
2023-04-26 12:00:00+09:00,145600.0,145600.0,144000.0,144800.0,3945,0.0,0.0
2023-04-26 13:00:00+09:00,144900.0,145200.0,144100.0,144600.0,3014,0.0,0.0
2023-04-26 14:00:00+09:00,144500.0,145600.0,144400.0,145200.0,3736,0.0,0.0
2023-04-27 09:00:00+09:00,146100.0,146900.0,143100.0,145800.0,0,0.0,0.0
2023-04-27 10:00:00+09:00,146100.0,146500.0,144300.0,146000.0,2661,0.0,0.0
2023-04-27 11:00:00+09:00,146000.0,147100.0,145800.0,146200.0,2290,0.0,0.0
2023-04-27 12:00:00+09:00,146300.0,146800.0,144200.0,144600.0,2102,0.0,0.0
2023-04-27 13:00:00+09:00,144600.0,146400.0,144500.0,146300.0,2246,0.0,0.0
2023-04-27 14:00:00+09:00,146300.0,146900.0,145800.0,146600.0,3989,0.0,0.0
2023-04-28 09:00:00+09:00,146400.0,148600.0,144300.0,147100.0,0,0.0,0.0
2023-04-28 10:00:00+09:00,147300.0,147800.0,145700.0,146800.0,3645,0.0,0.0
2023-04-28 11:00:00+09:00,147000.0,148000.0,145600.0,146100.0,4292,0.0,0.0
2023-04-28 12:00:00+09:00,146000.0,146200.0,145000.0,145300.0,2757,0.0,0.0
2023-04-28 13:00:00+09:00,145400.0,146100.0,145000.0,145300.0,2425,0.0,0.0
2023-04-28 14:00:00+09:00,145300.0,146300.0,145000.0,146200.0,2842,0.0,0.0
2023-05-02 09:00:00+09:00,146400.0,150500.0,145300.0,149200.0,0,0.0,0.0
2023-05-02 10:00:00+09:00,149200.0,150300.0,148200.0,148700.0,3684,0.0,0.0
2023-05-02 11:00:00+09:00,148700.0,149400.0,148500.0,149000.0,1644,0.0,0.0
2023-05-02 12:00:00+09:00,148900.0,149300.0,148500.0,148800.0,1328,0.0,0.0
2023-05-02 13:00:00+09:00,148900.0,149200.0,148300.0,148900.0,1748,0.0,0.0
2023-05-02 14:00:00+09:00,148900.0,149500.0,148500.0,149500.0,3563,0.0,0.0
2023-05-03 09:00:00+09:00,148400.0,148400.0,145400.0,146600.0,3737,0.0,0.0
2023-05-03 10:00:00+09:00,146400.0,146900.0,144200.0,144800.0,4132,0.0,0.0
2023-05-03 11:00:00+09:00,144700.0,147000.0,144700.0,145700.0,2143,0.0,0.0
2023-05-03 12:00:00+09:00,145900.0,146100.0,145100.0,145300.0,1362,0.0,0.0
2023-05-03 13:00:00+09:00,145200.0,146500.0,145100.0,146300.0,1612,0.0,0.0
2023-05-03 14:00:00+09:00,146200.0,146400.0,145300.0,145800.0,2782,0.0,0.0
2023-05-04 09:00:00+09:00,146400.0,147500.0,145100.0,145600.0,0,0.0,0.0
2023-05-04 10:00:00+09:00,145900.0,146500.0,145200.0,146300.0,1858,0.0,0.0
2023-05-04 11:00:00+09:00,146500.0,147000.0,145200.0,146500.0,1361,0.0,0.0
2023-05-04 12:00:00+09:00,146500.0,146700.0,145100.0,145600.0,2047,0.0,0.0
2023-05-04 13:00:00+09:00,145500.0,145900.0,145400.0,145600.0,946,0.0,0.0
2023-05-04 14:00:00+09:00,145800.0,146000.0,145300.0,145400.0,2058,0.0,0.0
2023-05-08 09:00:00+09:00,146600.0,148600.0,145500.0,147400.0,0,0.0,0.0
2023-05-08 10:00:00+09:00,147800.0,148300.0,146300.0,147100.0,2024,0.0,0.0
2023-05-08 11:00:00+09:00,147400.0,147800.0,146200.0,146500.0,1393,0.0,0.0
2023-05-08 12:00:00+09:00,146500.0,146900.0,146200.0,146700.0,755,0.0,0.0
2023-05-08 13:00:00+09:00,146900.0,147500.0,146000.0,146100.0,1338,0.0,0.0
2023-05-08 14:00:00+09:00,146100.0,146800.0,145200.0,146500.0,3175,0.0,0.0
2023-05-09 09:00:00+09:00,145100.0,146300.0,142000.0,142400.0,0,0.0,0.0
2023-05-09 10:00:00+09:00,142400.0,142600.0,139700.0,139700.0,5029,0.0,0.0
2023-05-09 11:00:00+09:00,139800.0,141700.0,139500.0,141600.0,4696,0.0,0.0
2023-05-09 12:00:00+09:00,141600.0,143300.0,141400.0,141700.0,2202,0.0,0.0
2023-05-09 13:00:00+09:00,141600.0,143100.0,141200.0,141800.0,3265,0.0,0.0
2023-05-09 14:00:00+09:00,142000.0,142600.0,141100.0,142600.0,4364,0.0,0.0
2023-05-10 09:00:00+09:00,143200.0,143400.0,141200.0,141200.0,0,0.0,0.0
2023-05-10 10:00:00+09:00,141200.0,141800.0,140100.0,140200.0,2932,0.0,0.0
2023-05-10 11:00:00+09:00,140200.0,140800.0,139700.0,140400.0,2892,0.0,0.0
2023-05-10 12:00:00+09:00,140600.0,141900.0,140500.0,141000.0,2559,0.0,0.0
2023-05-10 13:00:00+09:00,141000.0,141200.0,140300.0,140400.0,1993,0.0,0.0
2023-05-10 14:00:00+09:00,140400.0,141400.0,139800.0,139800.0,2940,0.0,0.0
2023-05-11 09:00:00+09:00,142200.0,142200.0,139900.0,140300.0,0,0.0,0.0
2023-05-11 10:00:00+09:00,140500.0,140600.0,138400.0,139100.0,4111,0.0,0.0
2023-05-11 11:00:00+09:00,139100.0,140400.0,138700.0,139000.0,2530,0.0,0.0
2023-05-11 12:00:00+09:00,139100.0,139800.0,138800.0,138900.0,1302,0.0,0.0
2023-05-11 13:00:00+09:00,138900.0,140400.0,138700.0,138900.0,2679,0.0,0.0
2023-05-11 14:00:00+09:00,139100.0,140400.0,138100.0,139900.0,7452,0.0,0.0
2023-05-12 09:00:00+09:00,140000.0,140000.0,136400.0,138200.0,5249,0.0,0.0
2023-05-12 10:00:00+09:00,138800.0,139500.0,137400.0,138000.0,2895,0.0,0.0
2023-05-12 11:00:00+09:00,138100.0,139000.0,137700.0,138100.0,3104,0.0,0.0
2023-05-12 12:00:00+09:00,138100.0,139000.0,138000.0,138200.0,1796,0.0,0.0
2023-05-12 13:00:00+09:00,138100.0,139100.0,138000.0,138800.0,2312,0.0,0.0
2023-05-12 14:00:00+09:00,138800.0,138800.0,138100.0,138300.0,1451,0.0,0.0
2023-05-15 09:00:00+09:00,136500.0,137700.0,131100.0,134300.0,0,0.0,0.0
2023-05-15 10:00:00+09:00,134400.0,134400.0,132000.0,132600.0,4803,0.0,0.0
2023-05-15 11:00:00+09:00,132800.0,134000.0,132800.0,133600.0,3567,0.0,0.0
2023-05-15 12:00:00+09:00,133600.0,134500.0,133300.0,134500.0,2734,0.0,0.0
2023-05-15 13:00:00+09:00,134500.0,136900.0,134500.0,136700.0,6614,0.0,0.0
2023-05-15 14:00:00+09:00,136700.0,139000.0,136400.0,138400.0,10186,0.0,0.0
2023-05-16 09:00:00+09:00,139000.0,141200.0,136000.0,137700.0,7185,0.0,0.0
2023-05-16 10:00:00+09:00,137900.0,139100.0,137000.0,139100.0,2895,0.0,0.0
2023-05-16 11:00:00+09:00,139100.0,140100.0,137400.0,139200.0,6684,0.0,0.0
2023-05-16 12:00:00+09:00,139200.0,139400.0,137700.0,138600.0,3312,0.0,0.0
2023-05-16 13:00:00+09:00,138600.0,139900.0,138500.0,138800.0,2804,0.0,0.0
2023-05-16 14:00:00+09:00,138900.0,140200.0,137900.0,138100.0,5409,0.0,0.0
2023-05-17 09:00:00+09:00,137100.0,138100.0,135100.0,136000.0,0,0.0,0.0
2023-05-17 10:00:00+09:00,136000.0,136700.0,135400.0,136700.0,4865,0.0,0.0
2023-05-17 11:00:00+09:00,136500.0,136900.0,136000.0,136400.0,3071,0.0,0.0
2023-05-17 12:00:00+09:00,136400.0,136800.0,136000.0,136300.0,2751,0.0,0.0
2023-05-17 13:00:00+09:00,136400.0,136900.0,136200.0,136800.0,3427,0.0,0.0
2023-05-17 14:00:00+09:00,136800.0,138800.0,136700.0,137600.0,6305,0.0,0.0
2023-05-18 09:00:00+09:00,138400.0,142200.0,138200.0,141100.0,6500,0.0,0.0
2023-05-18 10:00:00+09:00,141000.0,142200.0,140500.0,142100.0,4966,0.0,0.0
2023-05-18 11:00:00+09:00,142100.0,143600.0,141400.0,141600.0,6562,0.0,0.0
2023-05-18 12:00:00+09:00,141700.0,142000.0,140500.0,141800.0,4126,0.0,0.0
2023-05-18 13:00:00+09:00,141900.0,142600.0,140900.0,142300.0,3251,0.0,0.0
2023-05-18 14:00:00+09:00,142100.0,142400.0,141000.0,141500.0,4263,0.0,0.0
2023-05-19 09:00:00+09:00,144000.0,151400.0,143600.0,150600.0,0,0.0,0.0
2023-05-19 10:00:00+09:00,150500.0,152500.0,149400.0,152500.0,15427,0.0,0.0
2023-05-19 11:00:00+09:00,152500.0,155200.0,151100.0,153800.0,15332,0.0,0.0
2023-05-19 12:00:00+09:00,153900.0,155900.0,153800.0,154600.0,12515,0.0,0.0
2023-05-19 13:00:00+09:00,154800.0,157200.0,154000.0,157200.0,14234,0.0,0.0
2023-05-19 14:00:00+09:00,157200.0,159500.0,156400.0,159400.0,21620,0.0,0.0
2023-05-22 09:00:00+09:00,159200.0,159300.0,154100.0,154100.0,0,0.0,0.0
2023-05-22 10:00:00+09:00,154200.0,157700.0,153500.0,157100.0,9664,0.0,0.0
2023-05-22 11:00:00+09:00,157100.0,158700.0,154800.0,155600.0,7376,0.0,0.0
2023-05-22 12:00:00+09:00,155600.0,156200.0,155000.0,155300.0,3813,0.0,0.0
2023-05-22 13:00:00+09:00,155300.0,156000.0,154400.0,155400.0,6557,0.0,0.0
2023-05-22 14:00:00+09:00,155400.0,155400.0,153300.0,154400.0,7360,0.0,0.0
2023-05-23 09:00:00+09:00,155700.0,155900.0,154300.0,154700.0,0,0.0,0.0
2023-05-23 10:00:00+09:00,154700.0,154700.0,152100.0,152100.0,6064,0.0,0.0
2023-05-23 11:00:00+09:00,152400.0,153000.0,151100.0,151700.0,6000,0.0,0.0
2023-05-23 12:00:00+09:00,151700.0,152900.0,151700.0,151900.0,6270,0.0,0.0
2023-05-23 13:00:00+09:00,152000.0,153400.0,151500.0,153100.0,4759,0.0,0.0
2023-05-23 14:00:00+09:00,153100.0,154600.0,152700.0,153200.0,7815,0.0,0.0
2023-05-24 09:00:00+09:00,154300.0,155000.0,151200.0,154100.0,0,0.0,0.0
2023-05-24 10:00:00+09:00,154100.0,154200.0,152400.0,152600.0,3926,0.0,0.0
2023-05-24 11:00:00+09:00,152600.0,152700.0,151500.0,151500.0,4090,0.0,0.0
2023-05-24 12:00:00+09:00,151500.0,151800.0,150500.0,151600.0,4550,0.0,0.0
2023-05-24 13:00:00+09:00,151600.0,152500.0,151500.0,152100.0,3880,0.0,0.0
2023-05-24 14:00:00+09:00,152100.0,152800.0,151500.0,151500.0,3189,0.0,0.0
2023-05-25 09:00:00+09:00,155100.0,158000.0,153600.0,155400.0,0,0.0,0.0
2023-05-25 10:00:00+09:00,155400.0,156800.0,154200.0,154400.0,5590,0.0,0.0
2023-05-25 11:00:00+09:00,154500.0,155000.0,153000.0,153200.0,2720,0.0,0.0
2023-05-25 12:00:00+09:00,153200.0,153600.0,152200.0,152700.0,2693,0.0,0.0
2023-05-25 13:00:00+09:00,152700.0,153300.0,152200.0,153000.0,3530,0.0,0.0
2023-05-25 14:00:00+09:00,153000.0,153500.0,152400.0,152900.0,4017,0.0,0.0
2023-05-26 09:00:00+09:00,153700.0,157200.0,152000.0,156400.0,0,0.0,0.0
2023-05-26 10:00:00+09:00,156300.0,157800.0,155500.0,156500.0,6799,0.0,0.0
2023-05-26 11:00:00+09:00,156400.0,158200.0,156400.0,157600.0,6998,0.0,0.0
2023-05-26 12:00:00+09:00,157500.0,158400.0,156600.0,158100.0,7108,0.0,0.0
2023-05-26 13:00:00+09:00,158100.0,158300.0,156100.0,156800.0,7540,0.0,0.0
2023-05-26 14:00:00+09:00,156900.0,157300.0,154700.0,155100.0,9353,0.0,0.0
2023-05-30 09:00:00+09:00,159000.0,164100.0,156700.0,163300.0,0,0.0,0.0
2023-05-30 10:00:00+09:00,163300.0,168700.0,163200.0,167200.0,33276,0.0,0.0
2023-05-30 11:00:00+09:00,167200.0,167500.0,164000.0,165600.0,10131,0.0,0.0
2023-05-30 12:00:00+09:00,165500.0,166000.0,163700.0,164500.0,6203,0.0,0.0
2023-05-30 13:00:00+09:00,164500.0,164600.0,163100.0,163500.0,8294,0.0,0.0
2023-05-30 14:00:00+09:00,163500.0,163700.0,162900.0,163400.0,8236,0.0,0.0
2023-05-31 09:00:00+09:00,163000.0,163300.0,158200.0,161100.0,0,0.0,0.0
2023-05-31 10:00:00+09:00,161000.0,162800.0,160700.0,160900.0,4522,0.0,0.0
2023-05-31 11:00:00+09:00,160900.0,161000.0,159500.0,160000.0,4789,0.0,0.0
2023-05-31 12:00:00+09:00,160000.0,160700.0,159500.0,160000.0,3959,0.0,0.0
2023-05-31 13:00:00+09:00,160000.0,162400.0,160000.0,162200.0,4566,0.0,0.0
2023-05-31 14:00:00+09:00,162100.0,166100.0,161700.0,165200.0,17271,0.0,0.0
2023-06-01 09:00:00+09:00,162400.0,166300.0,162300.0,163900.0,9770,0.0,0.0
2023-06-01 10:00:00+09:00,163900.0,167300.0,163700.0,164800.0,3808,0.0,0.0
2023-06-01 11:00:00+09:00,164700.0,166800.0,164500.0,166200.0,3401,0.0,0.0
2023-06-01 12:00:00+09:00,166300.0,168900.0,166100.0,168700.0,6536,0.0,0.0
2023-06-01 13:00:00+09:00,168800.0,169000.0,167300.0,167300.0,7475,0.0,0.0
2023-06-01 14:00:00+09:00,167400.0,168500.0,166900.0,167800.0,4361,0.0,0.0
2023-06-02 09:00:00+09:00,167400.0,170900.0,166100.0,168800.0,11791,0.0,0.0
2023-06-02 10:00:00+09:00,168900.0,170000.0,166600.0,167900.0,5431,0.0,0.0
2023-06-02 11:00:00+09:00,167900.0,168400.0,167100.0,167300.0,3071,0.0,0.0
2023-06-02 12:00:00+09:00,167200.0,167700.0,166500.0,167000.0,3664,0.0,0.0
2023-06-02 13:00:00+09:00,167000.0,167500.0,166600.0,166600.0,5228,0.0,0.0
2023-06-02 14:00:00+09:00,166700.0,166700.0,166200.0,166200.0,4370,0.0,0.0
2023-06-05 09:00:00+09:00,169000.0,169100.0,162900.0,163600.0,0,0.0,0.0
2023-06-05 10:00:00+09:00,163600.0,164100.0,162700.0,162900.0,6600,0.0,0.0
2023-06-05 11:00:00+09:00,163000.0,163100.0,161900.0,162500.0,6447,0.0,0.0
2023-06-05 12:00:00+09:00,162500.0,162700.0,161900.0,162300.0,4643,0.0,0.0
2023-06-05 13:00:00+09:00,162300.0,163000.0,161800.0,162000.0,4689,0.0,0.0
2023-06-05 14:00:00+09:00,162000.0,163200.0,162000.0,162900.0,6226,0.0,0.0
2023-06-07 09:00:00+09:00,164000.0,169800.0,164000.0,168600.0,0,0.0,0.0
2023-06-07 10:00:00+09:00,168600.0,168800.0,167400.0,168600.0,4445,0.0,0.0
2023-06-07 11:00:00+09:00,168700.0,169000.0,168200.0,168400.0,2875,0.0,0.0
2023-06-07 12:00:00+09:00,168400.0,168400.0,167500.0,168300.0,2847,0.0,0.0
2023-06-07 13:00:00+09:00,168300.0,168400.0,167700.0,167700.0,2205,0.0,0.0
2023-06-07 14:00:00+09:00,167700.0,168400.0,167700.0,168300.0,2897,0.0,0.0
2023-06-08 09:00:00+09:00,166400.0,167600.0,165600.0,166600.0,0,0.0,0.0
2023-06-08 10:00:00+09:00,166800.0,168800.0,166600.0,167900.0,3987,0.0,0.0
2023-06-08 11:00:00+09:00,167900.0,168200.0,167000.0,167000.0,1718,0.0,0.0
2023-06-08 12:00:00+09:00,166900.0,167700.0,166900.0,167600.0,1082,0.0,0.0
2023-06-08 13:00:00+09:00,167700.0,167700.0,166500.0,166700.0,2199,0.0,0.0
2023-06-08 14:00:00+09:00,166700.0,167700.0,166600.0,166800.0,2742,0.0,0.0
2023-06-09 09:00:00+09:00,166600.0,166600.0,163300.0,165500.0,0,0.0,0.0
2023-06-09 10:00:00+09:00,165700.0,168000.0,165600.0,167900.0,4955,0.0,0.0
2023-06-09 11:00:00+09:00,167800.0,168500.0,166600.0,167000.0,3937,0.0,0.0
2023-06-09 12:00:00+09:00,167000.0,167000.0,164400.0,164600.0,5010,0.0,0.0
2023-06-09 13:00:00+09:00,164600.0,165200.0,164100.0,164400.0,4847,0.0,0.0
2023-06-09 14:00:00+09:00,164400.0,165000.0,163900.0,164800.0,7917,0.0,0.0
2023-06-12 09:00:00+09:00,167600.0,169400.0,166300.0,167600.0,0,0.0,0.0
2023-06-12 10:00:00+09:00,167800.0,167800.0,165000.0,165400.0,4783,0.0,0.0
2023-06-12 11:00:00+09:00,165500.0,166900.0,165500.0,166600.0,3838,0.0,0.0
2023-06-12 12:00:00+09:00,166600.0,167800.0,166600.0,167700.0,4087,0.0,0.0
2023-06-12 13:00:00+09:00,167800.0,168300.0,166800.0,166900.0,6065,0.0,0.0
2023-06-12 14:00:00+09:00,166900.0,168400.0,166700.0,168100.0,8353,0.0,0.0
2023-06-13 09:00:00+09:00,169700.0,174800.0,169700.0,173500.0,0,0.0,0.0
2023-06-13 10:00:00+09:00,173500.0,175700.0,173500.0,175600.0,12828,0.0,0.0
2023-06-13 11:00:00+09:00,175700.0,178500.0,175400.0,177000.0,14999,0.0,0.0
2023-06-13 12:00:00+09:00,177000.0,179000.0,176900.0,177500.0,10020,0.0,0.0
2023-06-13 13:00:00+09:00,177500.0,178500.0,176500.0,178000.0,14946,0.0,0.0
2023-06-13 14:00:00+09:00,177900.0,179000.0,175700.0,177500.0,25652,0.0,0.0
2023-06-14 09:00:00+09:00,176500.0,178900.0,176000.0,177400.0,16062,0.0,0.0
2023-06-14 10:00:00+09:00,177500.0,179500.0,176700.0,178400.0,10615,0.0,0.0
2023-06-14 11:00:00+09:00,178400.0,179300.0,176900.0,177500.0,9042,0.0,0.0
2023-06-14 12:00:00+09:00,177500.0,179500.0,176800.0,177600.0,9139,0.0,0.0
2023-06-14 13:00:00+09:00,177600.0,178000.0,176800.0,176900.0,8421,0.0,0.0
2023-06-14 14:00:00+09:00,177000.0,177700.0,175300.0,177000.0,13916,0.0,0.0
2023-06-15 09:00:00+09:00,179000.0,186100.0,178200.0,184600.0,23444,0.0,0.0
2023-06-15 10:00:00+09:00,184300.0,186000.0,182100.0,182400.0,8899,0.0,0.0
2023-06-15 11:00:00+09:00,182400.0,184500.0,181400.0,184300.0,5904,0.0,0.0
2023-06-15 12:00:00+09:00,184300.0,184800.0,182500.0,184500.0,2871,0.0,0.0
2023-06-15 13:00:00+09:00,184500.0,186000.0,183600.0,184400.0,5368,0.0,0.0
2023-06-15 14:00:00+09:00,184500.0,185400.0,184000.0,184500.0,4487,0.0,0.0
2023-06-16 09:00:00+09:00,184500.0,186500.0,183100.0,186300.0,0,0.0,0.0
2023-06-16 10:00:00+09:00,186200.0,186700.0,185400.0,185900.0,4614,0.0,0.0
2023-06-16 11:00:00+09:00,185900.0,186500.0,185300.0,186400.0,2066,0.0,0.0
2023-06-16 12:00:00+09:00,186400.0,186900.0,186300.0,186300.0,1659,0.0,0.0
2023-06-16 13:00:00+09:00,186400.0,186400.0,185200.0,185400.0,2023,0.0,0.0
2023-06-16 14:00:00+09:00,185400.0,186300.0,185000.0,186300.0,4944,0.0,0.0
2023-06-19 09:00:00+09:00,187000.0,188000.0,180400.0,182300.0,0,0.0,0.0
2023-06-19 10:00:00+09:00,182200.0,184400.0,181700.0,182100.0,3984,0.0,0.0
2023-06-19 11:00:00+09:00,182100.0,182100.0,180700.0,180900.0,4883,0.0,0.0
2023-06-19 12:00:00+09:00,180800.0,182200.0,180100.0,181300.0,4729,0.0,0.0
2023-06-19 13:00:00+09:00,181300.0,182300.0,180300.0,181900.0,2544,0.0,0.0
2023-06-19 14:00:00+09:00,181900.0,182000.0,181000.0,181100.0,3002,0.0,0.0
2023-06-20 09:00:00+09:00,180700.0,183500.0,180700.0,182400.0,0,0.0,0.0
2023-06-20 10:00:00+09:00,182400.0,182500.0,180900.0,181200.0,5514,0.0,0.0
2023-06-20 11:00:00+09:00,181100.0,181800.0,180800.0,181100.0,3843,0.0,0.0
2023-06-20 12:00:00+09:00,181100.0,184000.0,181000.0,183900.0,6281,0.0,0.0
2023-06-20 13:00:00+09:00,183900.0,184700.0,183400.0,183400.0,4035,0.0,0.0
2023-06-20 14:00:00+09:00,183400.0,183900.0,182500.0,182800.0,4178,0.0,0.0
2023-06-21 09:00:00+09:00,184600.0,184600.0,181900.0,183000.0,5087,0.0,0.0
2023-06-21 10:00:00+09:00,183000.0,183100.0,181400.0,181700.0,4748,0.0,0.0
2023-06-21 11:00:00+09:00,181800.0,182300.0,181700.0,181800.0,2713,0.0,0.0
2023-06-21 12:00:00+09:00,181900.0,182000.0,181500.0,181500.0,2846,0.0,0.0
2023-06-21 13:00:00+09:00,181500.0,181800.0,181400.0,181700.0,3359,0.0,0.0
2023-06-21 14:00:00+09:00,181800.0,181800.0,180200.0,180500.0,4468,0.0,0.0
2023-06-22 09:00:00+09:00,179800.0,183200.0,179200.0,181400.0,6064,0.0,0.0
2023-06-22 10:00:00+09:00,181400.0,184800.0,181300.0,183700.0,6260,0.0,0.0
2023-06-22 11:00:00+09:00,183700.0,183700.0,181900.0,182200.0,2527,0.0,0.0
2023-06-22 12:00:00+09:00,182300.0,182400.0,181600.0,182000.0,1565,0.0,0.0
2023-06-22 13:00:00+09:00,182100.0,182400.0,180600.0,180600.0,3351,0.0,0.0
2023-06-22 14:00:00+09:00,180600.0,180900.0,179000.0,179700.0,5391,0.0,0.0
2023-06-23 09:00:00+09:00,181100.0,183100.0,179300.0,180800.0,4061,0.0,0.0
2023-06-23 10:00:00+09:00,180800.0,181300.0,176600.0,178500.0,4014,0.0,0.0
2023-06-23 11:00:00+09:00,178500.0,180100.0,178300.0,179100.0,1914,0.0,0.0
2023-06-23 12:00:00+09:00,179100.0,179800.0,178700.0,178900.0,1143,0.0,0.0
2023-06-23 13:00:00+09:00,179000.0,179200.0,177900.0,177900.0,2521,0.0,0.0
2023-06-23 14:00:00+09:00,178000.0,178600.0,177700.0,178600.0,3115,0.0,0.0
2023-06-26 09:00:00+09:00,178600.0,181400.0,177600.0,181400.0,0,0.0,0.0
2023-06-26 10:00:00+09:00,181400.0,181500.0,175500.0,176600.0,5089,0.0,0.0
2023-06-26 11:00:00+09:00,176600.0,177600.0,176000.0,176300.0,1993,0.0,0.0
2023-06-26 12:00:00+09:00,176300.0,177400.0,176000.0,177000.0,1951,0.0,0.0
2023-06-26 13:00:00+09:00,177000.0,178400.0,177000.0,177700.0,2301,0.0,0.0
2023-06-26 14:00:00+09:00,177800.0,178400.0,177100.0,178300.0,2345,0.0,0.0
2023-06-27 09:00:00+09:00,176600.0,177900.0,175300.0,177500.0,0,0.0,0.0
2023-06-27 10:00:00+09:00,177400.0,178100.0,176100.0,178000.0,3712,0.0,0.0
2023-06-27 11:00:00+09:00,178100.0,178200.0,177000.0,177900.0,2981,0.0,0.0
2023-06-27 12:00:00+09:00,177900.0,178500.0,177700.0,178100.0,2861,0.0,0.0
2023-06-27 13:00:00+09:00,178000.0,178700.0,177800.0,178600.0,3321,0.0,0.0
2023-06-27 14:00:00+09:00,178500.0,179000.0,177800.0,178800.0,4585,0.0,0.0
2023-06-28 09:00:00+09:00,180800.0,182200.0,177700.0,182000.0,4256,0.0,0.0
2023-06-28 10:00:00+09:00,182000.0,183500.0,181600.0,183300.0,4244,0.0,0.0
2023-06-28 11:00:00+09:00,183300.0,184200.0,182500.0,184000.0,4287,0.0,0.0
2023-06-28 12:00:00+09:00,184100.0,186000.0,183400.0,184300.0,4627,0.0,0.0
2023-06-28 13:00:00+09:00,184300.0,184400.0,182900.0,183800.0,4083,0.0,0.0
2023-06-28 14:00:00+09:00,183800.0,184300.0,183200.0,184000.0,3846,0.0,0.0
2023-06-29 09:00:00+09:00,185500.0,186800.0,184000.0,185600.0,4529,0.0,0.0
2023-06-29 10:00:00+09:00,185500.0,188000.0,185500.0,187900.0,4740,0.0,0.0
2023-06-29 11:00:00+09:00,188000.0,190500.0,187300.0,188900.0,10496,0.0,0.0
2023-06-29 12:00:00+09:00,188700.0,190100.0,187600.0,188900.0,3377,0.0,0.0
2023-06-29 13:00:00+09:00,188900.0,189000.0,188100.0,189000.0,1906,0.0,0.0
2023-06-29 14:00:00+09:00,189000.0,189400.0,188300.0,189200.0,4373,0.0,0.0
2023-06-30 09:00:00+09:00,193000.0,193000.0,185500.0,188000.0,9339,0.0,0.0
2023-06-30 10:00:00+09:00,188000.0,188300.0,186700.0,188200.0,3941,0.0,0.0
2023-06-30 11:00:00+09:00,188000.0,188800.0,186300.0,186900.0,3906,0.0,0.0
2023-06-30 12:00:00+09:00,186900.0,187800.0,186700.0,187000.0,2255,0.0,0.0
2023-06-30 13:00:00+09:00,187000.0,188200.0,186000.0,187900.0,4548,0.0,0.0
2023-06-30 14:00:00+09:00,187900.0,189700.0,187200.0,188400.0,8358,0.0,0.0
2023-07-03 09:00:00+09:00,188000.0,192200.0,188000.0,191000.0,0,0.0,0.0
2023-07-03 10:00:00+09:00,191000.0,193300.0,190800.0,193000.0,6567,0.0,0.0
2023-07-03 11:00:00+09:00,193000.0,193500.0,192300.0,192600.0,4435,0.0,0.0
2023-07-03 12:00:00+09:00,192600.0,192600.0,190500.0,191200.0,3437,0.0,0.0
2023-07-03 13:00:00+09:00,191400.0,192500.0,190900.0,192500.0,3677,0.0,0.0
2023-07-03 14:00:00+09:00,192500.0,193100.0,192000.0,192600.0,4094,0.0,0.0
2023-07-04 09:00:00+09:00,192600.0,192900.0,188000.0,191100.0,0,0.0,0.0
2023-07-04 10:00:00+09:00,191100.0,193000.0,190500.0,191500.0,3553,0.0,0.0
2023-07-04 11:00:00+09:00,191500.0,192100.0,191100.0,191700.0,1571,0.0,0.0
2023-07-04 12:00:00+09:00,191600.0,192200.0,191300.0,192100.0,1212,0.0,0.0
2023-07-04 13:00:00+09:00,192200.0,193900.0,191900.0,192100.0,4005,0.0,0.0
2023-07-04 14:00:00+09:00,192100.0,193500.0,192100.0,193400.0,3367,0.0,0.0
2023-07-05 09:00:00+09:00,190700.0,192000.0,188700.0,191300.0,0,0.0,0.0
2023-07-05 10:00:00+09:00,191100.0,193300.0,190800.0,191800.0,3401,0.0,0.0
2023-07-05 11:00:00+09:00,191700.0,192000.0,190200.0,190300.0,1549,0.0,0.0
2023-07-05 12:00:00+09:00,190300.0,191900.0,190000.0,191000.0,1810,0.0,0.0
2023-07-05 13:00:00+09:00,191000.0,191700.0,190000.0,190700.0,3007,0.0,0.0
2023-07-05 14:00:00+09:00,190700.0,192000.0,190200.0,191700.0,3041,0.0,0.0
2023-07-06 09:00:00+09:00,190800.0,191800.0,186900.0,189600.0,0,0.0,0.0
2023-07-06 10:00:00+09:00,189700.0,189700.0,188400.0,188500.0,3037,0.0,0.0
2023-07-06 11:00:00+09:00,188600.0,188600.0,187000.0,187800.0,4169,0.0,0.0
2023-07-06 12:00:00+09:00,187800.0,187800.0,180000.0,185100.0,8712,0.0,0.0
2023-07-06 13:00:00+09:00,185100.0,186500.0,182000.0,184800.0,13380,0.0,0.0
2023-07-06 14:00:00+09:00,184900.0,187200.0,184700.0,186500.0,9147,0.0,0.0
2023-07-07 09:00:00+09:00,184800.0,186900.0,183500.0,184300.0,0,0.0,0.0
2023-07-07 10:00:00+09:00,184300.0,187400.0,183800.0,184000.0,4203,0.0,0.0
2023-07-07 11:00:00+09:00,183900.0,184000.0,181600.0,181800.0,4508,0.0,0.0
2023-07-07 12:00:00+09:00,181700.0,182500.0,180900.0,181100.0,4283,0.0,0.0
2023-07-07 13:00:00+09:00,181100.0,181100.0,179200.0,180000.0,7069,0.0,0.0
2023-07-07 14:00:00+09:00,180000.0,181900.0,179700.0,180700.0,5424,0.0,0.0
2023-07-10 09:00:00+09:00,180800.0,181000.0,172100.0,174000.0,0,0.0,0.0
2023-07-10 10:00:00+09:00,174000.0,178100.0,173900.0,174600.0,8023,0.0,0.0
2023-07-10 11:00:00+09:00,174700.0,175300.0,174000.0,174400.0,5074,0.0,0.0
2023-07-10 12:00:00+09:00,174500.0,175000.0,173600.0,174200.0,6389,0.0,0.0
2023-07-10 13:00:00+09:00,174200.0,176000.0,173600.0,175700.0,6404,0.0,0.0
2023-07-10 14:00:00+09:00,175800.0,176000.0,173200.0,173400.0,6796,0.0,0.0
2023-07-11 09:00:00+09:00,173700.0,175000.0,172000.0,173400.0,0,0.0,0.0
2023-07-11 10:00:00+09:00,173500.0,175000.0,172900.0,173800.0,5690,0.0,0.0
2023-07-11 11:00:00+09:00,173800.0,176400.0,173600.0,175200.0,3634,0.0,0.0
2023-07-11 12:00:00+09:00,175200.0,175600.0,174000.0,175400.0,3352,0.0,0.0
2023-07-11 13:00:00+09:00,175600.0,176400.0,175200.0,176400.0,3143,0.0,0.0
2023-07-11 14:00:00+09:00,176400.0,177800.0,175300.0,176900.0,4997,0.0,0.0
2023-07-12 09:00:00+09:00,176300.0,176300.0,168800.0,169600.0,15421,0.0,0.0
2023-07-12 10:00:00+09:00,169500.0,175400.0,169200.0,174900.0,14191,0.0,0.0
2023-07-12 11:00:00+09:00,174900.0,176200.0,174300.0,175400.0,5878,0.0,0.0
2023-07-12 12:00:00+09:00,175400.0,176300.0,174900.0,175500.0,5543,0.0,0.0
2023-07-12 13:00:00+09:00,175600.0,176700.0,174800.0,176300.0,5572,0.0,0.0
2023-07-12 14:00:00+09:00,176400.0,177800.0,174800.0,177500.0,7482,0.0,0.0
2023-07-13 09:00:00+09:00,181500.0,186900.0,180200.0,182900.0,0,0.0,0.0
2023-07-13 10:00:00+09:00,182900.0,185800.0,181800.0,183600.0,5705,0.0,0.0
2023-07-13 11:00:00+09:00,183700.0,184100.0,181400.0,182500.0,5692,0.0,0.0
2023-07-13 12:00:00+09:00,182400.0,184500.0,182300.0,183700.0,3847,0.0,0.0
2023-07-13 13:00:00+09:00,183700.0,185600.0,183100.0,185100.0,5380,0.0,0.0
2023-07-13 14:00:00+09:00,185000.0,188000.0,184900.0,187700.0,10253,0.0,0.0
2023-07-14 09:00:00+09:00,193000.0,197700.0,189000.0,193400.0,0,0.0,0.0
2023-07-14 10:00:00+09:00,193300.0,193400.0,189900.0,192000.0,9294,0.0,0.0
2023-07-14 11:00:00+09:00,192000.0,195000.0,190000.0,191700.0,10470,0.0,0.0
2023-07-14 12:00:00+09:00,191800.0,191800.0,189900.0,191400.0,8619,0.0,0.0
2023-07-14 13:00:00+09:00,191400.0,191800.0,190600.0,191300.0,6118,0.0,0.0
2023-07-14 14:00:00+09:00,191400.0,191500.0,189000.0,189300.0,9531,0.0,0.0
2023-07-17 09:00:00+09:00,192700.0,193000.0,185500.0,186800.0,0,0.0,0.0
2023-07-17 10:00:00+09:00,186800.0,189900.0,186600.0,187000.0,5096,0.0,0.0
2023-07-17 11:00:00+09:00,187000.0,189300.0,186800.0,188600.0,2683,0.0,0.0
2023-07-17 12:00:00+09:00,188600.0,189300.0,187500.0,188600.0,2512,0.0,0.0
2023-07-17 13:00:00+09:00,188600.0,189400.0,187500.0,189400.0,2180,0.0,0.0
2023-07-17 14:00:00+09:00,189300.0,190400.0,188500.0,190100.0,6597,0.0,0.0
2023-07-18 09:00:00+09:00,193300.0,193300.0,185500.0,189300.0,8136,0.0,0.0
2023-07-18 10:00:00+09:00,189000.0,193300.0,189000.0,190600.0,5858,0.0,0.0
2023-07-18 11:00:00+09:00,190600.0,191100.0,187500.0,187500.0,3561,0.0,0.0
2023-07-18 12:00:00+09:00,187600.0,190500.0,187300.0,189500.0,2965,0.0,0.0
2023-07-18 13:00:00+09:00,189500.0,189900.0,188700.0,189600.0,1859,0.0,0.0
2023-07-18 14:00:00+09:00,189800.0,190100.0,188800.0,189000.0,2993,0.0,0.0
2023-07-19 09:00:00+09:00,190300.0,192300.0,187000.0,188200.0,7473,0.0,0.0
2023-07-19 10:00:00+09:00,188200.0,188200.0,185000.0,185000.0,6566,0.0,0.0
2023-07-19 11:00:00+09:00,185000.0,186300.0,183500.0,185100.0,6566,0.0,0.0
2023-07-19 12:00:00+09:00,185200.0,187300.0,185000.0,185200.0,3805,0.0,0.0
2023-07-19 13:00:00+09:00,185300.0,188200.0,184800.0,188100.0,4748,0.0,0.0
2023-07-19 14:00:00+09:00,188200.0,189500.0,186900.0,187600.0,7299,0.0,0.0
2023-07-20 09:00:00+09:00,189200.0,190000.0,187300.0,188800.0,5946,0.0,0.0
2023-07-20 10:00:00+09:00,188800.0,190800.0,188800.0,189200.0,3925,0.0,0.0
2023-07-20 11:00:00+09:00,189100.0,189500.0,187400.0,187600.0,2657,0.0,0.0
2023-07-20 12:00:00+09:00,187600.0,189700.0,187600.0,189600.0,2183,0.0,0.0
2023-07-20 13:00:00+09:00,189600.0,190900.0,189000.0,190900.0,4482,0.0,0.0
2023-07-20 14:00:00+09:00,191000.0,191400.0,189000.0,190000.0,4956,0.0,0.0
2023-07-21 09:00:00+09:00,188800.0,188800.0,182200.0,185600.0,10361,0.0,0.0
2023-07-21 10:00:00+09:00,185900.0,186400.0,184500.0,185500.0,2971,0.0,0.0
2023-07-21 11:00:00+09:00,185500.0,186700.0,185500.0,186000.0,2099,0.0,0.0
2023-07-21 12:00:00+09:00,186100.0,186500.0,185500.0,186300.0,1805,0.0,0.0
2023-07-21 13:00:00+09:00,186300.0,186300.0,182700.0,182700.0,5488,0.0,0.0
2023-07-21 14:00:00+09:00,182700.0,184100.0,182500.0,183700.0,6810,0.0,0.0
2023-07-24 09:00:00+09:00,181900.0,185100.0,178000.0,183700.0,0,0.0,0.0
2023-07-24 10:00:00+09:00,183700.0,185100.0,183400.0,184000.0,3540,0.0,0.0
2023-07-24 11:00:00+09:00,184000.0,184500.0,183000.0,183100.0,3502,0.0,0.0
2023-07-24 12:00:00+09:00,183100.0,184000.0,182900.0,183900.0,1855,0.0,0.0
2023-07-24 13:00:00+09:00,183900.0,186400.0,183500.0,184800.0,4139,0.0,0.0
2023-07-24 14:00:00+09:00,184700.0,185100.0,183700.0,184700.0,4153,0.0,0.0
2023-07-25 09:00:00+09:00,185400.0,186700.0,183300.0,186500.0,6662,0.0,0.0
2023-07-25 10:00:00+09:00,186500.0,188600.0,186400.0,186900.0,5507,0.0,0.0
2023-07-25 11:00:00+09:00,187000.0,187500.0,184900.0,185100.0,3841,0.0,0.0
2023-07-25 12:00:00+09:00,185200.0,186200.0,185200.0,185600.0,2980,0.0,0.0
2023-07-25 13:00:00+09:00,185700.0,186100.0,185600.0,185900.0,2580,0.0,0.0
2023-07-25 14:00:00+09:00,186000.0,186100.0,185200.0,185800.0,4058,0.0,0.0
2023-07-26 09:00:00+09:00,186800.0,186800.0,181500.0,185000.0,9908,0.0,0.0
2023-07-26 10:00:00+09:00,185000.0,185200.0,182000.0,182600.0,8097,0.0,0.0
2023-07-26 11:00:00+09:00,182700.0,185000.0,182000.0,184900.0,4892,0.0,0.0
2023-07-26 12:00:00+09:00,184800.0,184900.0,183300.0,184700.0,4037,0.0,0.0
2023-07-26 13:00:00+09:00,184700.0,187500.0,183300.0,184000.0,13668,0.0,0.0
2023-07-26 14:00:00+09:00,183900.0,184500.0,181800.0,183700.0,9017,0.0,0.0
2023-07-27 09:00:00+09:00,183600.0,195700.0,183500.0,191500.0,25188,0.0,0.0
2023-07-27 10:00:00+09:00,191500.0,195800.0,191200.0,195700.0,10911,0.0,0.0
2023-07-27 11:00:00+09:00,195700.0,196600.0,193100.0,196000.0,8780,0.0,0.0
2023-07-27 12:00:00+09:00,196000.0,197000.0,193900.0,196500.0,11967,0.0,0.0
2023-07-27 13:00:00+09:00,196500.0,199900.0,195800.0,197800.0,16247,0.0,0.0
2023-07-27 14:00:00+09:00,197800.0,201000.0,197800.0,199500.0,27080,0.0,0.0
2023-07-28 09:00:00+09:00,202000.0,205000.0,196100.0,199000.0,17474,0.0,0.0
2023-07-28 10:00:00+09:00,199000.0,199800.0,195300.0,195300.0,7939,0.0,0.0
2023-07-28 11:00:00+09:00,195300.0,197800.0,195300.0,196800.0,2599,0.0,0.0
2023-07-28 12:00:00+09:00,196900.0,198700.0,196900.0,197800.0,2021,0.0,0.0
2023-07-28 13:00:00+09:00,197900.0,198500.0,197200.0,197600.0,3667,0.0,0.0
2023-07-28 14:00:00+09:00,197600.0,198500.0,197100.0,198300.0,4172,0.0,0.0
2023-07-31 09:00:00+09:00,205000.0,206500.0,197900.0,202000.0,0,0.0,0.0
2023-07-31 10:00:00+09:00,202500.0,206500.0,201500.0,205000.0,7444,0.0,0.0
2023-07-31 11:00:00+09:00,205000.0,205000.0,203000.0,204000.0,4704,0.0,0.0
2023-07-31 12:00:00+09:00,204000.0,204500.0,201500.0,202500.0,5024,0.0,0.0
2023-07-31 13:00:00+09:00,202500.0,203500.0,200000.0,201000.0,4996,0.0,0.0
2023-07-31 14:00:00+09:00,200500.0,203500.0,199900.0,202000.0,8346,0.0,0.0
2023-08-01 09:00:00+09:00,202000.0,204000.0,198500.0,198700.0,6838,0.0,0.0
2023-08-01 10:00:00+09:00,198700.0,200000.0,197400.0,197500.0,6334,0.0,0.0
2023-08-01 11:00:00+09:00,197500.0,200500.0,197400.0,199600.0,4039,0.0,0.0
2023-08-01 12:00:00+09:00,199700.0,200000.0,198700.0,199300.0,3050,0.0,0.0
2023-08-01 13:00:00+09:00,199300.0,202000.0,198700.0,201500.0,5863,0.0,0.0
2023-08-01 14:00:00+09:00,202000.0,203000.0,198100.0,198600.0,8314,0.0,0.0
2023-08-02 09:00:00+09:00,199800.0,202000.0,197100.0,198100.0,5824,0.0,0.0
2023-08-02 10:00:00+09:00,198100.0,198100.0,192000.0,193700.0,13217,0.0,0.0
2023-08-02 11:00:00+09:00,193600.0,193600.0,190300.0,191600.0,7078,0.0,0.0
2023-08-02 12:00:00+09:00,191600.0,193000.0,190700.0,192300.0,5197,0.0,0.0
2023-08-02 13:00:00+09:00,192300.0,194300.0,191300.0,191600.0,9421,0.0,0.0
2023-08-02 14:00:00+09:00,191600.0,193100.0,190700.0,191000.0,9862,0.0,0.0
2023-08-03 09:00:00+09:00,190500.0,191800.0,186500.0,191800.0,6649,0.0,0.0
2023-08-03 10:00:00+09:00,191800.0,192600.0,187200.0,187200.0,5018,0.0,0.0
2023-08-03 11:00:00+09:00,187300.0,188200.0,185600.0,186100.0,8234,0.0,0.0
2023-08-03 12:00:00+09:00,186300.0,188300.0,185200.0,187600.0,6038,0.0,0.0
2023-08-03 13:00:00+09:00,188000.0,189700.0,187100.0,188600.0,4976,0.0,0.0
2023-08-03 14:00:00+09:00,188400.0,191300.0,188000.0,189700.0,6455,0.0,0.0
2023-08-04 09:00:00+09:00,189200.0,190800.0,187500.0,188700.0,3814,0.0,0.0
2023-08-04 10:00:00+09:00,188700.0,190000.0,187900.0,188300.0,2661,0.0,0.0
2023-08-04 11:00:00+09:00,188200.0,190500.0,188100.0,189900.0,2005,0.0,0.0
2023-08-04 12:00:00+09:00,189700.0,190900.0,189100.0,189400.0,1873,0.0,0.0
2023-08-04 13:00:00+09:00,189500.0,190600.0,189200.0,190500.0,1677,0.0,0.0
2023-08-04 14:00:00+09:00,190600.0,191800.0,189900.0,190000.0,2801,0.0,0.0
2023-08-07 09:00:00+09:00,189300.0,190700.0,187000.0,189200.0,0,0.0,0.0
2023-08-07 10:00:00+09:00,189300.0,189600.0,187000.0,188400.0,3375,0.0,0.0
2023-08-07 11:00:00+09:00,188300.0,189600.0,187300.0,189600.0,2885,0.0,0.0
2023-08-07 12:00:00+09:00,189500.0,190200.0,189000.0,189200.0,3236,0.0,0.0
2023-08-07 13:00:00+09:00,189200.0,189500.0,187000.0,187300.0,4220,0.0,0.0
2023-08-07 14:00:00+09:00,187200.0,187400.0,185000.0,185600.0,6189,0.0,0.0
2023-08-08 09:00:00+09:00,188100.0,189600.0,186400.0,188200.0,4260,0.0,0.0
2023-08-08 10:00:00+09:00,188200.0,188500.0,185400.0,187500.0,4795,0.0,0.0
2023-08-08 11:00:00+09:00,187400.0,189200.0,187000.0,187800.0,2251,0.0,0.0
2023-08-08 12:00:00+09:00,187800.0,192200.0,187200.0,191200.0,4172,0.0,0.0
2023-08-08 13:00:00+09:00,191200.0,192200.0,189800.0,191400.0,4581,0.0,0.0
2023-08-08 14:00:00+09:00,191600.0,194100.0,191500.0,191800.0,10793,0.0,0.0
2023-08-09 09:00:00+09:00,194100.0,196500.0,191700.0,195200.0,18084,0.0,0.0
2023-08-09 10:00:00+09:00,195400.0,195500.0,194000.0,195200.0,2632,0.0,0.0
2023-08-09 11:00:00+09:00,195200.0,196900.0,195200.0,196900.0,8667,0.0,0.0
2023-08-09 12:00:00+09:00,196900.0,198700.0,196800.0,198400.0,5842,0.0,0.0
2023-08-09 13:00:00+09:00,198400.0,206000.0,198300.0,198300.0,15517,0.0,0.0
2023-08-09 14:00:00+09:00,198400.0,198600.0,196300.0,197400.0,8056,0.0,0.0
2023-08-10 09:00:00+09:00,214000.0,214000.0,179600.0,179600.0,100243,0.0,0.0
2023-08-10 10:00:00+09:00,179700.0,181600.0,178600.0,178900.0,33123,0.0,0.0
2023-08-10 11:00:00+09:00,178900.0,181900.0,178900.0,179000.0,19972,0.0,0.0
2023-08-10 12:00:00+09:00,178900.0,179400.0,176800.0,176900.0,27237,0.0,0.0
2023-08-10 13:00:00+09:00,176900.0,177000.0,175100.0,175600.0,23373,0.0,0.0
2023-08-10 14:00:00+09:00,175700.0,179500.0,175500.0,179500.0,25049,0.0,0.0
2023-08-11 09:00:00+09:00,178400.0,181800.0,177000.0,180200.0,14226,0.0,0.0
2023-08-11 10:00:00+09:00,180200.0,181300.0,179200.0,179700.0,6715,0.0,0.0
2023-08-11 11:00:00+09:00,179800.0,181200.0,179500.0,180500.0,4526,0.0,0.0
2023-08-11 12:00:00+09:00,180500.0,180800.0,179000.0,180600.0,4715,0.0,0.0
2023-08-11 13:00:00+09:00,180500.0,180900.0,179600.0,180100.0,4924,0.0,0.0
2023-08-11 14:00:00+09:00,180100.0,180300.0,179000.0,180000.0,5357,0.0,0.0
2023-08-14 09:00:00+09:00,178200.0,180300.0,174800.0,175200.0,0,0.0,0.0
2023-08-14 10:00:00+09:00,175200.0,176800.0,173700.0,174200.0,12180,0.0,0.0
2023-08-14 11:00:00+09:00,174000.0,174600.0,173200.0,174100.0,9214,0.0,0.0
2023-08-14 12:00:00+09:00,173900.0,176500.0,173900.0,176400.0,5537,0.0,0.0
2023-08-14 13:00:00+09:00,176400.0,176800.0,174900.0,175200.0,7146,0.0,0.0
2023-08-14 14:00:00+09:00,175200.0,176600.0,174600.0,175700.0,7538,0.0,0.0
2023-08-16 09:00:00+09:00,175800.0,178700.0,170500.0,170800.0,0,0.0,0.0
2023-08-16 10:00:00+09:00,170900.0,173500.0,170600.0,172400.0,11739,0.0,0.0
2023-08-16 11:00:00+09:00,172500.0,173300.0,170500.0,172200.0,6021,0.0,0.0
2023-08-16 12:00:00+09:00,172800.0,173500.0,172400.0,172500.0,3101,0.0,0.0
2023-08-16 13:00:00+09:00,172500.0,172800.0,171200.0,171500.0,4672,0.0,0.0
2023-08-16 14:00:00+09:00,171600.0,172100.0,170800.0,171000.0,7852,0.0,0.0
2023-08-17 09:00:00+09:00,170000.0,174000.0,170000.0,173500.0,11012,0.0,0.0
2023-08-17 10:00:00+09:00,173600.0,176500.0,173400.0,176000.0,8525,0.0,0.0
2023-08-17 11:00:00+09:00,176100.0,177000.0,175700.0,176800.0,3317,0.0,0.0
2023-08-17 12:00:00+09:00,176800.0,178600.0,175900.0,178500.0,7635,0.0,0.0
2023-08-17 13:00:00+09:00,178600.0,180500.0,178300.0,179800.0,8434,0.0,0.0
2023-08-17 14:00:00+09:00,179800.0,180500.0,177400.0,180500.0,11326,0.0,0.0
2023-08-18 09:00:00+09:00,177500.0,178700.0,174300.0,178700.0,10169,0.0,0.0
2023-08-18 10:00:00+09:00,178600.0,179800.0,176800.0,177500.0,8053,0.0,0.0
2023-08-18 11:00:00+09:00,177500.0,178500.0,176000.0,178000.0,6248,0.0,0.0
2023-08-18 12:00:00+09:00,177900.0,178500.0,177000.0,178000.0,2909,0.0,0.0
2023-08-18 13:00:00+09:00,178000.0,179500.0,177400.0,178300.0,4967,0.0,0.0
2023-08-18 14:00:00+09:00,178200.0,178300.0,177200.0,178200.0,4020,0.0,0.0
2023-08-21 09:00:00+09:00,181900.0,181900.0,176300.0,177000.0,0,0.0,0.0
2023-08-21 10:00:00+09:00,177000.0,179300.0,176600.0,178900.0,3938,0.0,0.0
2023-08-21 11:00:00+09:00,178900.0,179500.0,177900.0,179100.0,2224,0.0,0.0
2023-08-21 12:00:00+09:00,179200.0,179200.0,177600.0,177700.0,1433,0.0,0.0
2023-08-21 13:00:00+09:00,177700.0,179300.0,177600.0,178100.0,2226,0.0,0.0
2023-08-21 14:00:00+09:00,178000.0,178500.0,176300.0,176600.0,3653,0.0,0.0
2023-08-22 09:00:00+09:00,179500.0,181300.0,177200.0,178600.0,9280,0.0,0.0
2023-08-22 10:00:00+09:00,178700.0,178800.0,175800.0,176700.0,5543,0.0,0.0
2023-08-22 11:00:00+09:00,176800.0,178400.0,176300.0,178400.0,3637,0.0,0.0
2023-08-22 12:00:00+09:00,178400.0,180100.0,178300.0,179100.0,4046,0.0,0.0
2023-08-22 13:00:00+09:00,179200.0,179400.0,176200.0,176900.0,3072,0.0,0.0
2023-08-22 14:00:00+09:00,176900.0,177200.0,176200.0,176300.0,2526,0.0,0.0
2023-08-23 09:00:00+09:00,175000.0,178800.0,173300.0,176200.0,0,0.0,0.0
2023-08-23 10:00:00+09:00,176100.0,177200.0,175600.0,175600.0,4775,0.0,0.0
2023-08-23 11:00:00+09:00,175600.0,177500.0,175500.0,176800.0,3087,0.0,0.0
2023-08-23 12:00:00+09:00,177100.0,177200.0,174500.0,174500.0,3747,0.0,0.0
2023-08-23 13:00:00+09:00,174600.0,175600.0,173700.0,175000.0,3104,0.0,0.0
2023-08-23 14:00:00+09:00,175000.0,177300.0,174700.0,176800.0,5105,0.0,0.0
2023-08-24 09:00:00+09:00,179600.0,181500.0,176100.0,177100.0,14031,0.0,0.0
2023-08-24 10:00:00+09:00,177100.0,178700.0,177000.0,178300.0,3082,0.0,0.0
2023-08-24 11:00:00+09:00,178400.0,178500.0,177400.0,177400.0,2808,0.0,0.0
2023-08-24 12:00:00+09:00,177300.0,177800.0,176300.0,176800.0,2677,0.0,0.0
2023-08-24 13:00:00+09:00,177100.0,178300.0,176800.0,178200.0,2717,0.0,0.0
2023-08-24 14:00:00+09:00,178100.0,178400.0,177300.0,177500.0,4735,0.0,0.0
2023-08-25 09:00:00+09:00,172800.0,175700.0,172300.0,173000.0,14560,0.0,0.0
2023-08-25 10:00:00+09:00,173000.0,174000.0,173000.0,173900.0,4232,0.0,0.0
2023-08-25 11:00:00+09:00,173900.0,174400.0,172700.0,173200.0,2901,0.0,0.0
2023-08-25 12:00:00+09:00,173500.0,173500.0,172700.0,173000.0,2489,0.0,0.0
2023-08-25 13:00:00+09:00,173000.0,174900.0,173000.0,173400.0,3179,0.0,0.0
2023-08-25 14:00:00+09:00,173300.0,173900.0,173200.0,173300.0,3108,0.0,0.0
2023-08-28 09:00:00+09:00,175300.0,175800.0,171800.0,172000.0,0,0.0,0.0
2023-08-28 10:00:00+09:00,171900.0,172600.0,170900.0,172400.0,4845,0.0,0.0
2023-08-28 11:00:00+09:00,172500.0,173000.0,171400.0,171800.0,2007,0.0,0.0
2023-08-28 12:00:00+09:00,171800.0,172100.0,171500.0,171600.0,2125,0.0,0.0
2023-08-28 13:00:00+09:00,171600.0,172100.0,171400.0,171700.0,2276,0.0,0.0
2023-08-28 14:00:00+09:00,171700.0,172600.0,171600.0,172300.0,2955,0.0,0.0
2023-08-29 09:00:00+09:00,173500.0,174600.0,171000.0,171200.0,9485,0.0,0.0
2023-08-29 10:00:00+09:00,171300.0,172100.0,170900.0,171800.0,4331,0.0,0.0
2023-08-29 11:00:00+09:00,171900.0,174000.0,171900.0,173100.0,5049,0.0,0.0
2023-08-29 12:00:00+09:00,173200.0,175300.0,172600.0,173800.0,6748,0.0,0.0
2023-08-29 13:00:00+09:00,173700.0,174000.0,172500.0,172500.0,2840,0.0,0.0
2023-08-29 14:00:00+09:00,172500.0,175000.0,172500.0,173500.0,6737,0.0,0.0
2023-08-30 09:00:00+09:00,176700.0,179500.0,175900.0,177800.0,16218,0.0,0.0
2023-08-30 10:00:00+09:00,178000.0,178000.0,174000.0,174600.0,10399,0.0,0.0
2023-08-30 11:00:00+09:00,174500.0,176100.0,174400.0,175000.0,4579,0.0,0.0
2023-08-30 12:00:00+09:00,175100.0,175100.0,173700.0,173800.0,5941,0.0,0.0
2023-08-30 13:00:00+09:00,173800.0,175000.0,173600.0,173700.0,6935,0.0,0.0
2023-08-30 14:00:00+09:00,173700.0,175000.0,173500.0,173900.0,5484,0.0,0.0
2023-08-31 09:00:00+09:00,177600.0,177600.0,173800.0,176300.0,6496,0.0,0.0
2023-08-31 10:00:00+09:00,176200.0,177100.0,175400.0,176900.0,3030,0.0,0.0
2023-08-31 11:00:00+09:00,176800.0,177600.0,175400.0,177000.0,2650,0.0,0.0
2023-08-31 12:00:00+09:00,177000.0,178100.0,176300.0,176900.0,4417,0.0,0.0
2023-08-31 13:00:00+09:00,176800.0,177500.0,176700.0,177300.0,3128,0.0,0.0
2023-08-31 14:00:00+09:00,177300.0,179500.0,176900.0,178600.0,9951,0.0,0.0
2023-09-01 09:00:00+09:00,180100.0,197100.0,179800.0,194600.0,48889,0.0,0.0
2023-09-01 10:00:00+09:00,194600.0,196600.0,193700.0,195800.0,15614,0.0,0.0
2023-09-01 11:00:00+09:00,195700.0,196200.0,194200.0,195000.0,7759,0.0,0.0
2023-09-01 12:00:00+09:00,195000.0,198100.0,194200.0,198100.0,10783,0.0,0.0
2023-09-01 13:00:00+09:00,198100.0,198900.0,194000.0,194600.0,14725,0.0,0.0
2023-09-01 14:00:00+09:00,194600.0,195300.0,193400.0,194500.0,15638,0.0,0.0
2023-09-04 09:00:00+09:00,194000.0,194700.0,186000.0,189000.0,0,0.0,0.0
2023-09-04 10:00:00+09:00,189200.0,189700.0,186300.0,188500.0,5165,0.0,0.0
2023-09-04 11:00:00+09:00,188400.0,189000.0,186500.0,187900.0,2404,0.0,0.0
2023-09-04 12:00:00+09:00,187900.0,187900.0,186500.0,186700.0,3399,0.0,0.0
2023-09-04 13:00:00+09:00,186700.0,187900.0,185800.0,185800.0,4284,0.0,0.0
2023-09-04 14:00:00+09:00,185900.0,186000.0,185100.0,185100.0,4761,0.0,0.0
2023-09-05 09:00:00+09:00,184900.0,185800.0,182300.0,182500.0,6339,0.0,0.0
2023-09-05 10:00:00+09:00,182500.0,182500.0,180600.0,181700.0,4173,0.0,0.0
2023-09-05 11:00:00+09:00,181700.0,183300.0,181700.0,183200.0,2866,0.0,0.0
2023-09-05 12:00:00+09:00,183200.0,183700.0,182500.0,182800.0,2268,0.0,0.0
2023-09-05 13:00:00+09:00,182700.0,185600.0,182600.0,184300.0,3817,0.0,0.0
2023-09-05 14:00:00+09:00,184400.0,184600.0,182800.0,183400.0,2703,0.0,0.0
2023-09-06 09:00:00+09:00,184900.0,185000.0,180800.0,182000.0,4529,0.0,0.0
2023-09-06 10:00:00+09:00,182000.0,183000.0,181400.0,181900.0,1812,0.0,0.0
2023-09-06 11:00:00+09:00,182000.0,182900.0,181200.0,182400.0,1972,0.0,0.0
2023-09-06 12:00:00+09:00,182400.0,182800.0,181700.0,182800.0,1653,0.0,0.0
2023-09-06 13:00:00+09:00,182700.0,183300.0,181500.0,181900.0,1733,0.0,0.0
2023-09-06 14:00:00+09:00,181800.0,182500.0,181400.0,181600.0,2811,0.0,0.0
2023-09-07 09:00:00+09:00,181100.0,182200.0,179700.0,181000.0,4217,0.0,0.0
2023-09-07 10:00:00+09:00,181100.0,181400.0,177400.0,177600.0,6117,0.0,0.0
2023-09-07 11:00:00+09:00,178200.0,179600.0,177500.0,179100.0,3015,0.0,0.0
2023-09-07 12:00:00+09:00,179100.0,182500.0,178900.0,181700.0,4514,0.0,0.0
2023-09-07 13:00:00+09:00,181700.0,182500.0,180500.0,180700.0,3151,0.0,0.0
2023-09-07 14:00:00+09:00,180700.0,181400.0,179100.0,179900.0,5168,0.0,0.0
2023-09-08 09:00:00+09:00,181900.0,182300.0,179100.0,179300.0,7202,0.0,0.0
2023-09-08 10:00:00+09:00,179200.0,179300.0,177300.0,178500.0,5694,0.0,0.0
2023-09-08 11:00:00+09:00,178600.0,178600.0,177100.0,178000.0,3552,0.0,0.0
2023-09-08 12:00:00+09:00,177800.0,177800.0,176600.0,176900.0,5835,0.0,0.0
2023-09-08 13:00:00+09:00,176800.0,178300.0,175700.0,176700.0,7930,0.0,0.0
2023-09-08 14:00:00+09:00,176600.0,177600.0,176200.0,177300.0,7667,0.0,0.0
2023-09-11 09:00:00+09:00,180000.0,180000.0,176200.0,177000.0,0,0.0,0.0
2023-09-11 10:00:00+09:00,176700.0,177800.0,176200.0,177400.0,2440,0.0,0.0
2023-09-11 11:00:00+09:00,177300.0,178700.0,177300.0,177900.0,2194,0.0,0.0
2023-09-11 12:00:00+09:00,177900.0,179000.0,177700.0,178400.0,2372,0.0,0.0
2023-09-11 13:00:00+09:00,178300.0,181900.0,178300.0,181800.0,5333,0.0,0.0
2023-09-11 14:00:00+09:00,181800.0,182400.0,180100.0,182400.0,6281,0.0,0.0
2023-09-12 09:00:00+09:00,185400.0,186500.0,183800.0,185000.0,8327,0.0,0.0
2023-09-12 10:00:00+09:00,185000.0,185400.0,183600.0,184100.0,3092,0.0,0.0
2023-09-12 11:00:00+09:00,184100.0,185000.0,183800.0,184700.0,1865,0.0,0.0
2023-09-12 12:00:00+09:00,184700.0,184700.0,182400.0,183400.0,1925,0.0,0.0
2023-09-12 13:00:00+09:00,183500.0,185000.0,182900.0,183900.0,3701,0.0,0.0
2023-09-12 14:00:00+09:00,183900.0,184900.0,183500.0,183600.0,4946,0.0,0.0
2023-09-13 09:00:00+09:00,183600.0,186100.0,182600.0,183700.0,9521,0.0,0.0
2023-09-13 10:00:00+09:00,183700.0,183800.0,180800.0,181900.0,5460,0.0,0.0
2023-09-13 11:00:00+09:00,181800.0,182900.0,181200.0,182000.0,2719,0.0,0.0
2023-09-13 12:00:00+09:00,182100.0,182500.0,180900.0,181100.0,2674,0.0,0.0
2023-09-13 13:00:00+09:00,181200.0,183100.0,181000.0,182600.0,2404,0.0,0.0
2023-09-13 14:00:00+09:00,182700.0,183200.0,182200.0,182300.0,3599,0.0,0.0
2023-09-14 09:00:00+09:00,181200.0,185800.0,181100.0,185100.0,5884,0.0,0.0
2023-09-14 10:00:00+09:00,185200.0,185500.0,181100.0,182800.0,6939,0.0,0.0
2023-09-14 11:00:00+09:00,183100.0,187900.0,183100.0,187500.0,6534,0.0,0.0
2023-09-14 12:00:00+09:00,187500.0,187700.0,186000.0,186100.0,2527,0.0,0.0
2023-09-14 13:00:00+09:00,186100.0,186700.0,184800.0,186000.0,3639,0.0,0.0
2023-09-14 14:00:00+09:00,186000.0,186000.0,185400.0,185800.0,3845,0.0,0.0
2023-09-15 09:00:00+09:00,185600.0,186900.0,183700.0,184700.0,3604,0.0,0.0
2023-09-15 10:00:00+09:00,184700.0,185800.0,184500.0,185200.0,1223,0.0,0.0
2023-09-15 11:00:00+09:00,185100.0,185800.0,185000.0,185700.0,1086,0.0,0.0
2023-09-15 12:00:00+09:00,185600.0,186000.0,185100.0,185400.0,1146,0.0,0.0
2023-09-15 13:00:00+09:00,185400.0,185400.0,184000.0,184100.0,2178,0.0,0.0
2023-09-15 14:00:00+09:00,184100.0,184600.0,183400.0,183800.0,2270,0.0,0.0
2023-09-18 09:00:00+09:00,180800.0,184200.0,179800.0,179800.0,0,0.0,0.0
2023-09-18 10:00:00+09:00,179900.0,179900.0,175500.0,175500.0,8691,0.0,0.0
2023-09-18 11:00:00+09:00,175600.0,176100.0,174100.0,174400.0,7860,0.0,0.0
2023-09-18 12:00:00+09:00,174500.0,176000.0,174300.0,175100.0,5310,0.0,0.0
2023-09-18 13:00:00+09:00,175400.0,176600.0,174300.0,174300.0,6530,0.0,0.0
2023-09-18 14:00:00+09:00,174500.0,174800.0,174000.0,174000.0,8279,0.0,0.0
2023-09-19 09:00:00+09:00,176400.0,181100.0,175000.0,176600.0,12834,0.0,0.0
2023-09-19 10:00:00+09:00,176600.0,177600.0,175100.0,175200.0,4825,0.0,0.0
2023-09-19 11:00:00+09:00,175200.0,175500.0,174000.0,174500.0,3463,0.0,0.0
2023-09-19 12:00:00+09:00,174400.0,175500.0,174200.0,174900.0,3203,0.0,0.0
2023-09-19 13:00:00+09:00,174900.0,175100.0,174300.0,174500.0,2447,0.0,0.0
2023-09-19 14:00:00+09:00,174300.0,175300.0,174100.0,174900.0,4057,0.0,0.0
2023-09-20 09:00:00+09:00,175000.0,175500.0,172100.0,172800.0,5095,0.0,0.0
2023-09-20 10:00:00+09:00,173000.0,173000.0,171300.0,171400.0,3572,0.0,0.0
2023-09-20 11:00:00+09:00,171400.0,171800.0,170600.0,171500.0,3028,0.0,0.0
2023-09-20 12:00:00+09:00,171500.0,172400.0,171300.0,171300.0,934,0.0,0.0
2023-09-20 13:00:00+09:00,171400.0,171800.0,171000.0,171400.0,1700,0.0,0.0
2023-09-20 14:00:00+09:00,171400.0,172800.0,170100.0,171600.0,5786,0.0,0.0
2023-09-21 09:00:00+09:00,170200.0,170600.0,162900.0,163900.0,18431,0.0,0.0
2023-09-21 10:00:00+09:00,164000.0,164000.0,161100.0,162100.0,14793,0.0,0.0
2023-09-21 11:00:00+09:00,162000.0,163600.0,161700.0,162200.0,6614,0.0,0.0
2023-09-21 12:00:00+09:00,162300.0,162800.0,161000.0,161200.0,6845,0.0,0.0
2023-09-21 13:00:00+09:00,161200.0,161500.0,160000.0,160700.0,11594,0.0,0.0
2023-09-21 14:00:00+09:00,160700.0,162100.0,160500.0,161100.0,13124,0.0,0.0
2023-09-22 09:00:00+09:00,156400.0,157900.0,155600.0,156100.0,24046,0.0,0.0
2023-09-22 10:00:00+09:00,156100.0,158800.0,156100.0,157100.0,18308,0.0,0.0
2023-09-22 11:00:00+09:00,157000.0,158300.0,157000.0,157200.0,8603,0.0,0.0
2023-09-22 12:00:00+09:00,157200.0,158100.0,156900.0,156900.0,7372,0.0,0.0
2023-09-22 13:00:00+09:00,157000.0,158000.0,156900.0,157600.0,8701,0.0,0.0
2023-09-22 14:00:00+09:00,157500.0,157700.0,156600.0,156900.0,13065,0.0,0.0
2023-09-25 09:00:00+09:00,156900.0,159000.0,156300.0,158000.0,0,0.0,0.0
2023-09-25 10:00:00+09:00,158000.0,161200.0,157200.0,160200.0,6135,0.0,0.0
2023-09-25 11:00:00+09:00,160300.0,161600.0,160100.0,160600.0,3318,0.0,0.0
2023-09-25 12:00:00+09:00,160600.0,160900.0,159100.0,160500.0,2738,0.0,0.0
2023-09-25 13:00:00+09:00,160500.0,163000.0,160400.0,161600.0,6693,0.0,0.0
2023-09-25 14:00:00+09:00,161800.0,162800.0,161300.0,162600.0,7509,0.0,0.0
2023-09-26 09:00:00+09:00,162200.0,163600.0,160100.0,162900.0,7557,0.0,0.0
2023-09-26 10:00:00+09:00,162900.0,164600.0,162800.0,164100.0,4526,0.0,0.0
2023-09-26 11:00:00+09:00,164000.0,164500.0,163000.0,164400.0,3605,0.0,0.0
2023-09-26 12:00:00+09:00,164400.0,164900.0,163800.0,164100.0,3868,0.0,0.0
2023-09-26 13:00:00+09:00,164200.0,164700.0,163500.0,164000.0,2853,0.0,0.0
2023-09-26 14:00:00+09:00,164000.0,165500.0,163900.0,165300.0,5512,0.0,0.0
2023-09-27 09:00:00+09:00,162700.0,163500.0,160300.0,162900.0,5743,0.0,0.0
2023-09-27 10:00:00+09:00,162500.0,162700.0,160500.0,161100.0,5023,0.0,0.0
2023-09-27 11:00:00+09:00,161200.0,161600.0,159900.0,160000.0,2909,0.0,0.0
2023-09-27 12:00:00+09:00,160100.0,162000.0,159900.0,161600.0,2329,0.0,0.0
2023-09-27 13:00:00+09:00,161600.0,162700.0,161100.0,162100.0,2124,0.0,0.0
2023-09-27 14:00:00+09:00,162100.0,163900.0,162000.0,163500.0,2851,0.0,0.0
2023-10-04 09:00:00+09:00,163200.0,168100.0,160500.0,165500.0,0,0.0,0.0
2023-10-04 10:00:00+09:00,165500.0,167100.0,164800.0,167000.0,5898,0.0,0.0
2023-10-04 11:00:00+09:00,167100.0,167500.0,165900.0,166000.0,3993,0.0,0.0
2023-10-04 12:00:00+09:00,165900.0,166900.0,161600.0,166700.0,5398,0.0,0.0
2023-10-04 13:00:00+09:00,166700.0,167000.0,164700.0,166800.0,5535,0.0,0.0
2023-10-04 14:00:00+09:00,166900.0,167600.0,164400.0,166400.0,13402,0.0,0.0
2023-10-05 09:00:00+09:00,167900.0,168800.0,163000.0,165500.0,7002,0.0,0.0
2023-10-05 10:00:00+09:00,165400.0,168400.0,165400.0,168400.0,3376,0.0,0.0
2023-10-05 11:00:00+09:00,168400.0,168400.0,166900.0,168100.0,2361,0.0,0.0
2023-10-05 12:00:00+09:00,168100.0,168600.0,167800.0,168400.0,3341,0.0,0.0
2023-10-05 13:00:00+09:00,168300.0,168500.0,167200.0,167300.0,3028,0.0,0.0
2023-10-05 14:00:00+09:00,167300.0,167400.0,164700.0,164900.0,4710,0.0,0.0
2023-10-06 09:00:00+09:00,167800.0,168100.0,162500.0,165000.0,15716,0.0,0.0
2023-10-06 10:00:00+09:00,165000.0,168800.0,165000.0,167800.0,5435,0.0,0.0
2023-10-06 11:00:00+09:00,167900.0,168600.0,167200.0,168400.0,3728,0.0,0.0
2023-10-06 12:00:00+09:00,168400.0,168400.0,166500.0,166800.0,2887,0.0,0.0
2023-10-06 13:00:00+09:00,166800.0,167000.0,166000.0,166800.0,2244,0.0,0.0
2023-10-06 14:00:00+09:00,166700.0,166900.0,165200.0,165600.0,2424,0.0,0.0
2023-10-10 09:00:00+09:00,167900.0,169600.0,167200.0,167900.0,0,0.0,0.0
2023-10-10 10:00:00+09:00,167800.0,168000.0,166700.0,167500.0,2928,0.0,0.0
2023-10-10 11:00:00+09:00,167400.0,168200.0,166000.0,167600.0,3202,0.0,0.0
2023-10-10 12:00:00+09:00,167700.0,167800.0,166000.0,166100.0,1596,0.0,0.0
2023-10-10 13:00:00+09:00,166100.0,166300.0,165000.0,165300.0,2184,0.0,0.0
2023-10-10 14:00:00+09:00,165300.0,165400.0,161000.0,161700.0,6426,0.0,0.0
2023-10-11 09:00:00+09:00,163800.0,164600.0,160500.0,162200.0,8900,0.0,0.0
2023-10-11 10:00:00+09:00,162200.0,162600.0,161000.0,161900.0,3630,0.0,0.0
2023-10-11 11:00:00+09:00,161900.0,162000.0,161200.0,161400.0,2591,0.0,0.0
2023-10-11 12:00:00+09:00,161400.0,161800.0,160700.0,161800.0,3322,0.0,0.0
2023-10-11 13:00:00+09:00,161800.0,162000.0,158300.0,158300.0,7776,0.0,0.0
2023-10-11 14:00:00+09:00,158400.0,158400.0,155600.0,155700.0,18000,0.0,0.0
2023-10-12 09:00:00+09:00,157800.0,159400.0,156100.0,157400.0,9993,0.0,0.0
2023-10-12 10:00:00+09:00,157400.0,158100.0,155500.0,155700.0,4781,0.0,0.0
2023-10-12 11:00:00+09:00,155700.0,155800.0,152700.0,153100.0,9801,0.0,0.0
2023-10-12 12:00:00+09:00,153100.0,154300.0,152400.0,153700.0,9962,0.0,0.0
2023-10-12 13:00:00+09:00,153600.0,154600.0,153000.0,154200.0,10650,0.0,0.0
2023-10-12 14:00:00+09:00,154200.0,155000.0,153300.0,154600.0,11993,0.0,0.0
2023-10-13 09:00:00+09:00,154500.0,156700.0,153000.0,153400.0,8789,0.0,0.0
2023-10-13 10:00:00+09:00,153500.0,158300.0,153400.0,158200.0,7235,0.0,0.0
2023-10-13 11:00:00+09:00,158200.0,162100.0,158200.0,159400.0,11557,0.0,0.0
2023-10-13 12:00:00+09:00,159400.0,159800.0,157000.0,157400.0,4970,0.0,0.0
2023-10-13 13:00:00+09:00,157400.0,157800.0,156800.0,156900.0,5421,0.0,0.0
2023-10-13 14:00:00+09:00,156900.0,157400.0,156000.0,156700.0,6281,0.0,0.0
2023-10-16 09:00:00+09:00,155600.0,157400.0,153900.0,156700.0,0,0.0,0.0
2023-10-16 10:00:00+09:00,156700.0,156700.0,154500.0,155200.0,5092,0.0,0.0
2023-10-16 11:00:00+09:00,155300.0,155500.0,154200.0,154300.0,2231,0.0,0.0
2023-10-16 12:00:00+09:00,154300.0,154600.0,153100.0,153600.0,3460,0.0,0.0
2023-10-16 13:00:00+09:00,153500.0,154200.0,153300.0,153400.0,1782,0.0,0.0
2023-10-16 14:00:00+09:00,153400.0,155100.0,152200.0,154400.0,9528,0.0,0.0
2023-10-17 09:00:00+09:00,163000.0,163000.0,155400.0,158300.0,17935,0.0,0.0
2023-10-17 10:00:00+09:00,159300.0,161400.0,159300.0,161000.0,10370,0.0,0.0
2023-10-17 11:00:00+09:00,161100.0,162800.0,160900.0,162600.0,8643,0.0,0.0
2023-10-17 12:00:00+09:00,162700.0,163400.0,162000.0,162300.0,7159,0.0,0.0
2023-10-17 13:00:00+09:00,162200.0,162900.0,160400.0,160600.0,4957,0.0,0.0
2023-10-17 14:00:00+09:00,160600.0,161000.0,159200.0,160300.0,8519,0.0,0.0
2023-10-18 09:00:00+09:00,157500.0,160300.0,156500.0,157000.0,9331,0.0,0.0
2023-10-18 10:00:00+09:00,157100.0,158000.0,156300.0,157100.0,4138,0.0,0.0
2023-10-18 11:00:00+09:00,157200.0,158400.0,156300.0,156500.0,4362,0.0,0.0
2023-10-18 12:00:00+09:00,156600.0,156700.0,155500.0,155600.0,6495,0.0,0.0
2023-10-18 13:00:00+09:00,155600.0,155700.0,154500.0,154500.0,5697,0.0,0.0
2023-10-18 14:00:00+09:00,154600.0,155600.0,153800.0,155300.0,5528,0.0,0.0
2023-10-19 09:00:00+09:00,151600.0,154200.0,150300.0,154200.0,8529,0.0,0.0
2023-10-19 10:00:00+09:00,154200.0,155400.0,151300.0,151500.0,8584,0.0,0.0
2023-10-19 11:00:00+09:00,151500.0,151900.0,150300.0,150400.0,4743,0.0,0.0
2023-10-19 12:00:00+09:00,150500.0,151000.0,150000.0,150800.0,4870,0.0,0.0
2023-10-19 13:00:00+09:00,150800.0,150900.0,149900.0,149900.0,5549,0.0,0.0
2023-10-19 14:00:00+09:00,150000.0,151600.0,149200.0,151300.0,11988,0.0,0.0
2023-10-20 09:00:00+09:00,149800.0,151100.0,148300.0,148600.0,5748,0.0,0.0
2023-10-20 10:00:00+09:00,148700.0,149500.0,148100.0,148200.0,5686,0.0,0.0
2023-10-20 11:00:00+09:00,148200.0,150200.0,148100.0,149900.0,4472,0.0,0.0
2023-10-20 12:00:00+09:00,149600.0,149800.0,148300.0,148800.0,1858,0.0,0.0
2023-10-20 13:00:00+09:00,148900.0,151000.0,148100.0,149700.0,5364,0.0,0.0
2023-10-20 14:00:00+09:00,149700.0,150400.0,148000.0,148100.0,6780,0.0,0.0
2023-10-23 09:00:00+09:00,148800.0,150300.0,146800.0,148100.0,0,0.0,0.0
2023-10-23 10:00:00+09:00,148100.0,148900.0,146700.0,147700.0,3982,0.0,0.0
2023-10-23 11:00:00+09:00,147500.0,148300.0,146300.0,146500.0,3099,0.0,0.0
2023-10-23 12:00:00+09:00,146400.0,147400.0,146400.0,147100.0,1841,0.0,0.0
2023-10-23 13:00:00+09:00,147100.0,148200.0,147000.0,147300.0,2462,0.0,0.0
2023-10-23 14:00:00+09:00,147200.0,147700.0,146700.0,146900.0,3376,0.0,0.0
2023-10-24 09:00:00+09:00,149300.0,150300.0,147500.0,150100.0,8668,0.0,0.0
2023-10-24 10:00:00+09:00,150100.0,150100.0,147300.0,150100.0,5477,0.0,0.0
2023-10-24 11:00:00+09:00,149800.0,150700.0,149100.0,150100.0,5484,0.0,0.0
2023-10-24 12:00:00+09:00,150200.0,151100.0,150100.0,150600.0,4320,0.0,0.0
2023-10-24 13:00:00+09:00,150500.0,151500.0,149300.0,150900.0,6803,0.0,0.0
2023-10-24 14:00:00+09:00,151100.0,152900.0,151000.0,152200.0,10498,0.0,0.0
2023-10-25 09:00:00+09:00,154500.0,154500.0,150000.0,153000.0,8754,0.0,0.0
2023-10-25 10:00:00+09:00,153100.0,155100.0,152100.0,153000.0,5178,0.0,0.0
2023-10-25 11:00:00+09:00,153000.0,153000.0,152000.0,152100.0,2012,0.0,0.0
2023-10-25 12:00:00+09:00,152100.0,152300.0,151000.0,151200.0,2318,0.0,0.0
2023-10-25 13:00:00+09:00,151100.0,151200.0,148700.0,149100.0,10977,0.0,0.0
2023-10-25 14:00:00+09:00,148800.0,151500.0,148800.0,151100.0,5710,0.0,0.0
2023-10-26 09:00:00+09:00,144900.0,145500.0,141600.0,143900.0,18198,0.0,0.0
2023-10-26 10:00:00+09:00,143900.0,144500.0,142700.0,143000.0,6003,0.0,0.0
2023-10-26 11:00:00+09:00,143000.0,143800.0,142100.0,142300.0,5849,0.0,0.0
2023-10-26 12:00:00+09:00,142200.0,143800.0,142200.0,142400.0,4961,0.0,0.0
2023-10-26 13:00:00+09:00,142400.0,143000.0,142000.0,142500.0,5141,0.0,0.0
2023-10-26 14:00:00+09:00,142400.0,144200.0,142100.0,143100.0,9571,0.0,0.0
2023-10-27 09:00:00+09:00,142900.0,144900.0,140400.0,141800.0,9697,0.0,0.0
2023-10-27 10:00:00+09:00,141800.0,144700.0,141800.0,143900.0,5972,0.0,0.0
2023-10-27 11:00:00+09:00,143900.0,143900.0,142400.0,142800.0,2723,0.0,0.0
2023-10-27 12:00:00+09:00,142600.0,143800.0,142100.0,142600.0,2574,0.0,0.0
2023-10-27 13:00:00+09:00,142600.0,143700.0,141300.0,143300.0,4766,0.0,0.0
2023-10-27 14:00:00+09:00,143400.0,143800.0,142100.0,142700.0,3469,0.0,0.0
2023-10-30 09:00:00+09:00,143400.0,144800.0,142100.0,142600.0,0,0.0,0.0
2023-10-30 10:00:00+09:00,142700.0,144000.0,142500.0,144000.0,2412,0.0,0.0
2023-10-30 11:00:00+09:00,144000.0,144100.0,143000.0,144000.0,2564,0.0,0.0
2023-10-30 12:00:00+09:00,143900.0,144700.0,143300.0,144700.0,2920,0.0,0.0
2023-10-30 13:00:00+09:00,144700.0,144700.0,143400.0,143400.0,2763,0.0,0.0
2023-10-30 14:00:00+09:00,143400.0,143800.0,142400.0,143100.0,4940,0.0,0.0
2023-10-31 09:00:00+09:00,142800.0,145000.0,140600.0,141200.0,6985,0.0,0.0
2023-10-31 10:00:00+09:00,141200.0,142400.0,139500.0,142000.0,4145,0.0,0.0
2023-10-31 11:00:00+09:00,141900.0,143700.0,141100.0,143700.0,4566,0.0,0.0
2023-10-31 12:00:00+09:00,143700.0,143900.0,139300.0,139900.0,3911,0.0,0.0
2023-10-31 13:00:00+09:00,140000.0,142100.0,139000.0,140000.0,3924,0.0,0.0
2023-10-31 14:00:00+09:00,140000.0,141400.0,139600.0,140000.0,4413,0.0,0.0
2023-11-01 09:00:00+09:00,142100.0,143400.0,141300.0,141700.0,5440,0.0,0.0
2023-11-01 10:00:00+09:00,141800.0,144900.0,141800.0,142800.0,6150,0.0,0.0
2023-11-01 11:00:00+09:00,142800.0,143800.0,142700.0,143300.0,2368,0.0,0.0
2023-11-01 12:00:00+09:00,143300.0,144000.0,142400.0,142400.0,2062,0.0,0.0
2023-11-01 13:00:00+09:00,142500.0,142700.0,141700.0,142000.0,1822,0.0,0.0
2023-11-01 14:00:00+09:00,141900.0,142500.0,141500.0,142300.0,1637,0.0,0.0
2023-11-02 09:00:00+09:00,145300.0,148200.0,144800.0,146100.0,11967,0.0,0.0
2023-11-02 10:00:00+09:00,146100.0,148500.0,146000.0,148300.0,8004,0.0,0.0
2023-11-02 11:00:00+09:00,148400.0,149200.0,147700.0,148200.0,4698,0.0,0.0
2023-11-02 12:00:00+09:00,148200.0,149300.0,148200.0,148600.0,3983,0.0,0.0
2023-11-02 13:00:00+09:00,148600.0,149600.0,148500.0,149400.0,5425,0.0,0.0
2023-11-02 14:00:00+09:00,149400.0,150000.0,148700.0,149300.0,10196,0.0,0.0
2023-11-03 09:00:00+09:00,150200.0,152300.0,147500.0,150200.0,12604,0.0,0.0
2023-11-03 10:00:00+09:00,150300.0,151300.0,149900.0,150300.0,2590,0.0,0.0
2023-11-03 11:00:00+09:00,150300.0,151000.0,150200.0,151000.0,1773,0.0,0.0
2023-11-03 12:00:00+09:00,151000.0,151600.0,150800.0,151100.0,2917,0.0,0.0
2023-11-03 13:00:00+09:00,151100.0,153400.0,151000.0,153100.0,6542,0.0,0.0
2023-11-03 14:00:00+09:00,153200.0,153300.0,151700.0,152400.0,5462,0.0,0.0
2023-11-06 09:00:00+09:00,155000.0,159700.0,150600.0,159600.0,0,0.0,0.0
2023-11-06 10:00:00+09:00,159700.0,162800.0,158300.0,162200.0,25404,0.0,0.0
2023-11-06 11:00:00+09:00,162200.0,162300.0,159200.0,160000.0,7225,0.0,0.0
2023-11-06 12:00:00+09:00,159900.0,160900.0,159600.0,160400.0,4169,0.0,0.0
2023-11-06 13:00:00+09:00,160400.0,161200.0,160200.0,160600.0,4274,0.0,0.0
2023-11-06 14:00:00+09:00,160600.0,161800.0,159800.0,161500.0,15716,0.0,0.0
2023-11-07 09:00:00+09:00,161800.0,166400.0,160400.0,164000.0,19997,0.0,0.0
2023-11-07 10:00:00+09:00,164000.0,166000.0,161600.0,165800.0,12138,0.0,0.0
2023-11-07 11:00:00+09:00,165800.0,166300.0,162000.0,162600.0,9908,0.0,0.0
2023-11-07 12:00:00+09:00,162600.0,164400.0,161000.0,164300.0,6744,0.0,0.0
2023-11-07 13:00:00+09:00,164400.0,164700.0,163100.0,164300.0,6365,0.0,0.0
2023-11-07 14:00:00+09:00,164200.0,165600.0,163800.0,164700.0,8755,0.0,0.0
2023-11-08 09:00:00+09:00,163500.0,166900.0,163500.0,166300.0,9503,0.0,0.0
2023-11-08 10:00:00+09:00,166300.0,166600.0,165000.0,166300.0,3520,0.0,0.0
2023-11-08 11:00:00+09:00,166200.0,166400.0,165700.0,166200.0,2773,0.0,0.0
2023-11-08 12:00:00+09:00,166100.0,166400.0,164300.0,165000.0,4426,0.0,0.0
2023-11-08 13:00:00+09:00,165000.0,165500.0,164700.0,164800.0,3592,0.0,0.0
2023-11-08 14:00:00+09:00,165000.0,165200.0,164300.0,164600.0,8688,0.0,0.0
2023-11-09 09:00:00+09:00,162700.0,166700.0,162400.0,162600.0,5642,0.0,0.0
2023-11-09 10:00:00+09:00,162600.0,166200.0,162400.0,164500.0,3485,0.0,0.0
2023-11-09 11:00:00+09:00,164800.0,166200.0,164000.0,165700.0,1974,0.0,0.0
2023-11-09 12:00:00+09:00,165600.0,165700.0,164400.0,165100.0,1347,0.0,0.0
2023-11-09 13:00:00+09:00,165100.0,165800.0,164600.0,164900.0,1505,0.0,0.0
2023-11-09 14:00:00+09:00,165000.0,167100.0,164700.0,166500.0,4763,0.0,0.0
2023-11-10 09:00:00+09:00,163300.0,166200.0,156900.0,162500.0,25565,0.0,0.0
2023-11-10 10:00:00+09:00,162500.0,166400.0,161000.0,165700.0,8513,0.0,0.0
2023-11-10 11:00:00+09:00,165800.0,167000.0,164500.0,165800.0,6306,0.0,0.0
2023-11-10 12:00:00+09:00,165800.0,168300.0,165500.0,167000.0,6387,0.0,0.0
2023-11-10 13:00:00+09:00,168000.0,169800.0,167200.0,168900.0,7526,0.0,0.0
2023-11-10 14:00:00+09:00,168900.0,170900.0,168900.0,170300.0,6611,0.0,0.0
2023-11-13 09:00:00+09:00,172300.0,173700.0,166400.0,168200.0,0,0.0,0.0
2023-11-13 10:00:00+09:00,168200.0,169400.0,167000.0,169300.0,4209,0.0,0.0
2023-11-13 11:00:00+09:00,169300.0,169500.0,166900.0,166900.0,3789,0.0,0.0
2023-11-13 12:00:00+09:00,166900.0,167200.0,165800.0,165900.0,5693,0.0,0.0
2023-11-13 13:00:00+09:00,166000.0,166400.0,163900.0,164300.0,6611,0.0,0.0
2023-11-13 14:00:00+09:00,164300.0,167000.0,164300.0,166900.0,4090,0.0,0.0
2023-11-14 09:00:00+09:00,168200.0,168900.0,166900.0,168000.0,5034,0.0,0.0
2023-11-14 10:00:00+09:00,168100.0,169200.0,167200.0,167800.0,6981,0.0,0.0
2023-11-14 11:00:00+09:00,167800.0,169000.0,167800.0,168800.0,2766,0.0,0.0
2023-11-14 12:00:00+09:00,168800.0,170000.0,168000.0,169700.0,3921,0.0,0.0
2023-11-14 13:00:00+09:00,169700.0,172200.0,169600.0,171700.0,9433,0.0,0.0
2023-11-14 14:00:00+09:00,171800.0,172000.0,170100.0,171300.0,3829,0.0,0.0
2023-11-15 09:00:00+09:00,174400.0,174400.0,164100.0,164400.0,13598,0.0,0.0
2023-11-15 10:00:00+09:00,164300.0,165400.0,160900.0,162900.0,14110,0.0,0.0
2023-11-15 11:00:00+09:00,163000.0,163000.0,161500.0,161800.0,6301,0.0,0.0
2023-11-15 12:00:00+09:00,161800.0,162200.0,161100.0,161700.0,6857,0.0,0.0
2023-11-15 13:00:00+09:00,161700.0,164800.0,161200.0,164100.0,14461,0.0,0.0
2023-11-15 14:00:00+09:00,164300.0,164900.0,163500.0,163700.0,15809,0.0,0.0
2023-11-16 10:00:00+09:00,164700.0,164700.0,161700.0,163400.0,8464,0.0,0.0
2023-11-16 11:00:00+09:00,163500.0,165200.0,162700.0,162900.0,4822,0.0,0.0
2023-11-16 12:00:00+09:00,162700.0,163200.0,162200.0,162500.0,3112,0.0,0.0
2023-11-16 13:00:00+09:00,162500.0,163400.0,162200.0,163200.0,3540,0.0,0.0
2023-11-16 14:00:00+09:00,163200.0,163900.0,162700.0,163600.0,4749,0.0,0.0
2023-11-17 09:00:00+09:00,166000.0,170000.0,164500.0,169300.0,16192,0.0,0.0
2023-11-17 10:00:00+09:00,169400.0,169900.0,165500.0,165600.0,6883,0.0,0.0
2023-11-17 11:00:00+09:00,165500.0,165800.0,164100.0,164700.0,5654,0.0,0.0
2023-11-17 12:00:00+09:00,164600.0,164700.0,163200.0,163500.0,5892,0.0,0.0
2023-11-17 13:00:00+09:00,163600.0,163800.0,162600.0,163100.0,4616,0.0,0.0
2023-11-17 14:00:00+09:00,163000.0,164100.0,162800.0,163400.0,4989,0.0,0.0
2023-11-20 09:00:00+09:00,164300.0,165200.0,160200.0,161300.0,0,0.0,0.0
2023-11-20 10:00:00+09:00,161300.0,162700.0,161200.0,162700.0,2762,0.0,0.0
2023-11-20 11:00:00+09:00,162800.0,164200.0,162600.0,164100.0,2727,0.0,0.0
2023-11-20 12:00:00+09:00,164100.0,164400.0,163300.0,163400.0,1576,0.0,0.0
2023-11-20 13:00:00+09:00,163400.0,164300.0,163400.0,163900.0,2556,0.0,0.0
2023-11-20 14:00:00+09:00,163900.0,164000.0,162900.0,164000.0,2428,0.0,0.0
2023-11-21 09:00:00+09:00,164000.0,166900.0,161600.0,164600.0,15339,0.0,0.0
2023-11-21 10:00:00+09:00,164600.0,165000.0,163400.0,164100.0,3091,0.0,0.0
2023-11-21 11:00:00+09:00,164100.0,164900.0,163500.0,164100.0,2557,0.0,0.0
2023-11-21 12:00:00+09:00,164000.0,164700.0,163800.0,164500.0,2580,0.0,0.0
2023-11-21 13:00:00+09:00,164500.0,165000.0,163700.0,164700.0,3935,0.0,0.0
2023-11-21 14:00:00+09:00,164700.0,165700.0,164000.0,164900.0,3416,0.0,0.0
2023-11-22 09:00:00+09:00,165100.0,167600.0,164200.0,165200.0,6307,0.0,0.0
2023-11-22 10:00:00+09:00,165200.0,166500.0,165200.0,166000.0,3543,0.0,0.0
2023-11-22 11:00:00+09:00,166100.0,166700.0,165600.0,166600.0,2613,0.0,0.0
2023-11-22 12:00:00+09:00,166600.0,166700.0,165500.0,165700.0,1272,0.0,0.0
2023-11-22 13:00:00+09:00,165700.0,166300.0,165400.0,165900.0,3117,0.0,0.0
2023-11-22 14:00:00+09:00,165900.0,169700.0,165800.0,168300.0,9164,0.0,0.0
2023-11-23 09:00:00+09:00,169200.0,169200.0,166200.0,167700.0,4358,0.0,0.0
2023-11-23 10:00:00+09:00,167600.0,168600.0,167200.0,167800.0,2316,0.0,0.0
2023-11-23 11:00:00+09:00,167900.0,168600.0,167600.0,167700.0,2256,0.0,0.0
2023-11-23 12:00:00+09:00,167800.0,168500.0,167400.0,167500.0,2451,0.0,0.0
2023-11-23 13:00:00+09:00,167500.0,168200.0,167000.0,167400.0,2810,0.0,0.0
2023-11-23 14:00:00+09:00,167500.0,168300.0,167000.0,167200.0,4014,0.0,0.0
2023-11-24 09:00:00+09:00,167300.0,169800.0,166700.0,168600.0,4471,0.0,0.0
2023-11-24 10:00:00+09:00,168700.0,168700.0,167500.0,167500.0,1084,0.0,0.0
2023-11-24 11:00:00+09:00,167500.0,168000.0,167300.0,167700.0,1074,0.0,0.0
2023-11-24 12:00:00+09:00,167600.0,167800.0,166400.0,166700.0,1295,0.0,0.0
2023-11-24 13:00:00+09:00,166800.0,167100.0,166200.0,167000.0,1701,0.0,0.0
2023-11-24 14:00:00+09:00,167000.0,167400.0,166600.0,166800.0,1721,0.0,0.0
2023-11-27 09:00:00+09:00,166700.0,166700.0,163900.0,165500.0,0,0.0,0.0
2023-11-27 10:00:00+09:00,165600.0,165600.0,164400.0,164700.0,2862,0.0,0.0
2023-11-27 11:00:00+09:00,164600.0,164700.0,162800.0,163000.0,4421,0.0,0.0
2023-11-27 12:00:00+09:00,163000.0,163000.0,161700.0,161900.0,4069,0.0,0.0
2023-11-27 13:00:00+09:00,162000.0,163800.0,161700.0,163400.0,3883,0.0,0.0
2023-11-27 14:00:00+09:00,163400.0,166100.0,163000.0,165800.0,6564,0.0,0.0
2023-11-28 09:00:00+09:00,165900.0,166700.0,163800.0,164300.0,2262,0.0,0.0
2023-11-28 10:00:00+09:00,164800.0,166200.0,164300.0,166000.0,1426,0.0,0.0
2023-11-28 11:00:00+09:00,166100.0,166900.0,165300.0,165800.0,1910,0.0,0.0
2023-11-28 12:00:00+09:00,165800.0,165800.0,164600.0,164900.0,1212,0.0,0.0
2023-11-28 13:00:00+09:00,165100.0,165500.0,164800.0,165000.0,1154,0.0,0.0
2023-11-28 14:00:00+09:00,165000.0,165300.0,164300.0,164300.0,2095,0.0,0.0
2023-11-29 09:00:00+09:00,163100.0,164400.0,161600.0,162300.0,5450,0.0,0.0
2023-11-29 10:00:00+09:00,162200.0,163100.0,161600.0,161800.0,5269,0.0,0.0
2023-11-29 11:00:00+09:00,161800.0,162600.0,161600.0,161700.0,3184,0.0,0.0
2023-11-29 12:00:00+09:00,161700.0,162800.0,161400.0,162400.0,3347,0.0,0.0
2023-11-29 13:00:00+09:00,162500.0,162900.0,161700.0,161900.0,5554,0.0,0.0
2023-11-29 14:00:00+09:00,162000.0,162100.0,159300.0,159400.0,7584,0.0,0.0
2023-11-30 09:00:00+09:00,159000.0,161700.0,159000.0,160700.0,6334,0.0,0.0
2023-11-30 10:00:00+09:00,160700.0,161600.0,159900.0,160200.0,6645,0.0,0.0
2023-11-30 11:00:00+09:00,160100.0,160300.0,159400.0,159600.0,2497,0.0,0.0
2023-11-30 12:00:00+09:00,159600.0,160000.0,159200.0,160000.0,1873,0.0,0.0
2023-11-30 13:00:00+09:00,160000.0,161200.0,159900.0,160300.0,5055,0.0,0.0
2023-11-30 14:00:00+09:00,160400.0,160800.0,159900.0,160300.0,4108,0.0,0.0
2023-12-01 09:00:00+09:00,161000.0,161400.0,157600.0,159700.0,3690,0.0,0.0
2023-12-01 10:00:00+09:00,159700.0,160900.0,158900.0,158900.0,3189,0.0,0.0
2023-12-01 11:00:00+09:00,158900.0,159700.0,158700.0,159000.0,1751,0.0,0.0
2023-12-01 12:00:00+09:00,159100.0,159900.0,158700.0,159300.0,2405,0.0,0.0
2023-12-01 13:00:00+09:00,159300.0,161500.0,159100.0,160100.0,5023,0.0,0.0
2023-12-01 14:00:00+09:00,160100.0,162900.0,160000.0,162500.0,5427,0.0,0.0
2023-12-04 09:00:00+09:00,164000.0,164000.0,156700.0,156800.0,0,0.0,0.0
2023-12-04 10:00:00+09:00,156800.0,157000.0,154000.0,154200.0,7970,0.0,0.0
2023-12-04 11:00:00+09:00,154200.0,154900.0,154100.0,154300.0,6082,0.0,0.0
2023-12-04 12:00:00+09:00,154400.0,155700.0,154400.0,154500.0,6176,0.0,0.0
2023-12-04 13:00:00+09:00,154500.0,154900.0,154000.0,154100.0,5930,0.0,0.0
2023-12-04 14:00:00+09:00,154200.0,154400.0,153400.0,154400.0,7632,0.0,0.0
2023-12-05 09:00:00+09:00,152800.0,154400.0,151100.0,152400.0,5575,0.0,0.0
2023-12-05 10:00:00+09:00,152400.0,152600.0,150800.0,150900.0,5614,0.0,0.0
2023-12-05 11:00:00+09:00,150900.0,151100.0,150600.0,150800.0,2981,0.0,0.0
2023-12-05 12:00:00+09:00,150800.0,151200.0,150500.0,150600.0,2456,0.0,0.0
2023-12-05 13:00:00+09:00,150700.0,150700.0,148900.0,148900.0,6138,0.0,0.0
2023-12-05 14:00:00+09:00,148900.0,149800.0,148400.0,148500.0,4353,0.0,0.0
2023-12-06 09:00:00+09:00,148200.0,150200.0,147000.0,148000.0,5249,0.0,0.0
2023-12-06 10:00:00+09:00,148200.0,148700.0,147200.0,147500.0,5207,0.0,0.0
2023-12-06 11:00:00+09:00,147700.0,148500.0,147200.0,148500.0,6221,0.0,0.0
2023-12-06 12:00:00+09:00,148400.0,148500.0,147600.0,147700.0,7399,0.0,0.0
2023-12-06 13:00:00+09:00,147800.0,148400.0,147500.0,147700.0,5476,0.0,0.0
2023-12-06 14:00:00+09:00,147700.0,148300.0,147500.0,147900.0,4599,0.0,0.0
2023-12-07 09:00:00+09:00,148200.0,149700.0,146500.0,149000.0,3249,0.0,0.0
2023-12-07 10:00:00+09:00,149000.0,149300.0,148000.0,148200.0,3595,0.0,0.0
2023-12-07 11:00:00+09:00,148300.0,148300.0,147600.0,147900.0,1799,0.0,0.0
2023-12-07 12:00:00+09:00,147900.0,148000.0,147400.0,147500.0,1890,0.0,0.0
2023-12-07 13:00:00+09:00,147500.0,148100.0,147400.0,148000.0,2007,0.0,0.0
2023-12-07 14:00:00+09:00,148000.0,148100.0,147500.0,147800.0,2212,0.0,0.0
2023-12-08 09:00:00+09:00,149500.0,151400.0,148000.0,151300.0,4866,0.0,0.0
2023-12-08 10:00:00+09:00,151300.0,151300.0,149700.0,151000.0,3364,0.0,0.0
2023-12-08 11:00:00+09:00,151100.0,151200.0,150500.0,151100.0,2320,0.0,0.0
2023-12-08 12:00:00+09:00,151200.0,151600.0,151000.0,151200.0,3431,0.0,0.0
2023-12-08 13:00:00+09:00,151100.0,151500.0,150600.0,151200.0,3371,0.0,0.0
2023-12-08 14:00:00+09:00,151200.0,152600.0,151100.0,152300.0,7176,0.0,0.0
2023-12-11 09:00:00+09:00,153500.0,153500.0,151300.0,153500.0,0,0.0,0.0
2023-12-11 10:00:00+09:00,153500.0,153700.0,153000.0,153400.0,2810,0.0,0.0
2023-12-11 11:00:00+09:00,153400.0,153700.0,152900.0,153000.0,3010,0.0,0.0
2023-12-11 12:00:00+09:00,153100.0,153700.0,152500.0,153400.0,1266,0.0,0.0
2023-12-11 13:00:00+09:00,153300.0,153600.0,153100.0,153600.0,1128,0.0,0.0
2023-12-11 14:00:00+09:00,153600.0,184200.0,153400.0,155100.0,101087,0.0,0.0
2023-12-12 09:00:00+09:00,152700.0,159600.0,152700.0,154700.0,19637,0.0,0.0
2023-12-12 10:00:00+09:00,154700.0,155800.0,153500.0,154200.0,5976,0.0,0.0
2023-12-12 11:00:00+09:00,154200.0,154800.0,153700.0,154000.0,3169,0.0,0.0
2023-12-12 12:00:00+09:00,154000.0,154600.0,153800.0,154000.0,2380,0.0,0.0
2023-12-12 13:00:00+09:00,154200.0,155700.0,154000.0,154700.0,4140,0.0,0.0
2023-12-12 14:00:00+09:00,154700.0,154800.0,153900.0,154500.0,3377,0.0,0.0
2023-12-13 09:00:00+09:00,155900.0,164800.0,155800.0,159700.0,35461,0.0,0.0
2023-12-13 10:00:00+09:00,159700.0,163500.0,159600.0,161900.0,12488,0.0,0.0
2023-12-13 11:00:00+09:00,161900.0,163500.0,161800.0,163000.0,4091,0.0,0.0
2023-12-13 12:00:00+09:00,163100.0,163500.0,162400.0,162700.0,3801,0.0,0.0
2023-12-13 13:00:00+09:00,162800.0,165000.0,162500.0,164700.0,10014,0.0,0.0
2023-12-13 14:00:00+09:00,164500.0,164900.0,162700.0,162900.0,10040,0.0,0.0
2023-12-14 09:00:00+09:00,165600.0,169400.0,165600.0,168500.0,25195,0.0,0.0
2023-12-14 10:00:00+09:00,168500.0,168600.0,165300.0,165800.0,7850,0.0,0.0
2023-12-14 11:00:00+09:00,165600.0,166000.0,162100.0,163400.0,6255,0.0,0.0
2023-12-14 12:00:00+09:00,163300.0,164200.0,162200.0,162700.0,5113,0.0,0.0
2023-12-14 13:00:00+09:00,162700.0,164200.0,162400.0,163700.0,2585,0.0,0.0
2023-12-14 14:00:00+09:00,163700.0,165500.0,163400.0,164800.0,4650,0.0,0.0
2023-12-15 09:00:00+09:00,165100.0,167800.0,165100.0,166200.0,5402,0.0,0.0
2023-12-15 10:00:00+09:00,166100.0,166500.0,165200.0,165900.0,4563,0.0,0.0
2023-12-15 11:00:00+09:00,165900.0,166500.0,164000.0,164200.0,3120,0.0,0.0
2023-12-15 12:00:00+09:00,164300.0,164800.0,163500.0,164300.0,2607,0.0,0.0
2023-12-15 13:00:00+09:00,164300.0,165500.0,164200.0,165500.0,2370,0.0,0.0
2023-12-15 14:00:00+09:00,165400.0,166700.0,165100.0,166400.0,5211,0.0,0.0
2023-12-18 09:00:00+09:00,165700.0,166000.0,163800.0,164700.0,0,0.0,0.0
2023-12-18 10:00:00+09:00,164800.0,166200.0,164300.0,166000.0,2373,0.0,0.0
2023-12-18 11:00:00+09:00,166000.0,166500.0,164200.0,164200.0,3521,0.0,0.0
2023-12-18 12:00:00+09:00,164200.0,164200.0,163600.0,163700.0,3549,0.0,0.0
2023-12-18 13:00:00+09:00,163900.0,164200.0,163500.0,163800.0,2484,0.0,0.0
2023-12-18 14:00:00+09:00,163800.0,165300.0,163700.0,164700.0,5776,0.0,0.0
2023-12-19 09:00:00+09:00,164200.0,169300.0,164200.0,168000.0,14406,0.0,0.0
2023-12-19 10:00:00+09:00,168000.0,169600.0,167900.0,168800.0,6306,0.0,0.0
2023-12-19 11:00:00+09:00,168900.0,169800.0,168700.0,169600.0,5025,0.0,0.0
2023-12-19 12:00:00+09:00,169600.0,170500.0,167200.0,167300.0,6100,0.0,0.0
2023-12-19 13:00:00+09:00,167200.0,167800.0,167000.0,167300.0,2945,0.0,0.0
2023-12-19 14:00:00+09:00,167400.0,168800.0,167000.0,168800.0,4181,0.0,0.0
2023-12-20 09:00:00+09:00,168400.0,169000.0,167100.0,168300.0,6118,0.0,0.0
2023-12-20 10:00:00+09:00,168400.0,169200.0,167500.0,168100.0,3601,0.0,0.0
2023-12-20 11:00:00+09:00,168100.0,169100.0,167700.0,168100.0,3476,0.0,0.0
2023-12-20 12:00:00+09:00,168100.0,168500.0,167800.0,167900.0,2722,0.0,0.0
2023-12-20 13:00:00+09:00,167900.0,168500.0,167900.0,168100.0,1611,0.0,0.0
2023-12-20 14:00:00+09:00,168200.0,168200.0,167600.0,168100.0,3380,0.0,0.0
2023-12-21 09:00:00+09:00,167500.0,169200.0,166400.0,167400.0,3839,0.0,0.0
2023-12-21 10:00:00+09:00,167500.0,167500.0,164300.0,164300.0,8509,0.0,0.0
2023-12-21 11:00:00+09:00,164300.0,166300.0,163800.0,165300.0,5178,0.0,0.0
2023-12-21 12:00:00+09:00,165100.0,167000.0,165100.0,165900.0,3042,0.0,0.0
2023-12-21 13:00:00+09:00,165800.0,167300.0,165700.0,166100.0,3683,0.0,0.0
2023-12-21 14:00:00+09:00,166100.0,167800.0,165900.0,166600.0,2915,0.0,0.0
2023-12-22 09:00:00+09:00,170000.0,183900.0,169800.0,177600.0,56666,0.0,0.0
2023-12-22 10:00:00+09:00,177600.0,177900.0,175600.0,177400.0,14519,0.0,0.0
2023-12-22 11:00:00+09:00,177500.0,178100.0,175400.0,175700.0,9697,0.0,0.0
2023-12-22 12:00:00+09:00,175700.0,176900.0,175600.0,176300.0,3645,0.0,0.0
2023-12-22 13:00:00+09:00,176300.0,176700.0,174600.0,175200.0,6501,0.0,0.0
2023-12-22 14:00:00+09:00,175200.0,175300.0,173100.0,173700.0,7627,0.0,0.0
2023-12-26 09:00:00+09:00,173100.0,176000.0,172300.0,175500.0,0,0.0,0.0
2023-12-26 10:00:00+09:00,175600.0,175600.0,172600.0,173100.0,4336,0.0,0.0
2023-12-26 11:00:00+09:00,173100.0,173400.0,172300.0,172800.0,2831,0.0,0.0
2023-12-26 12:00:00+09:00,172700.0,173400.0,171900.0,172000.0,4427,0.0,0.0
2023-12-26 13:00:00+09:00,171900.0,172300.0,171400.0,171600.0,3020,0.0,0.0
2023-12-26 14:00:00+09:00,171600.0,173600.0,171600.0,173400.0,3705,0.0,0.0
2023-12-27 09:00:00+09:00,173100.0,174500.0,171200.0,171500.0,8055,400.0,0.0
2023-12-27 10:00:00+09:00,171600.0,173000.0,171100.0,172300.0,4063,0.0,0.0
2023-12-27 11:00:00+09:00,172400.0,173900.0,172200.0,172500.0,2179,0.0,0.0
2023-12-27 12:00:00+09:00,172500.0,174200.0,172200.0,173600.0,3425,0.0,0.0
2023-12-27 13:00:00+09:00,173800.0,174000.0,172500.0,172500.0,2674,0.0,0.0
2023-12-27 14:00:00+09:00,172500.0,174000.0,172400.0,173900.0,3994,0.0,0.0
2023-12-28 09:00:00+09:00,171800.0,174200.0,171800.0,172700.0,4835,0.0,0.0
2023-12-28 10:00:00+09:00,172800.0,174300.0,172500.0,173800.0,3412,0.0,0.0
2023-12-28 11:00:00+09:00,173800.0,174100.0,173500.0,174000.0,1092,0.0,0.0
2023-12-28 12:00:00+09:00,174100.0,174400.0,174000.0,174100.0,1359,0.0,0.0
2023-12-28 13:00:00+09:00,174100.0,174300.0,173900.0,174100.0,1800,0.0,0.0
2023-12-28 14:00:00+09:00,174100.0,174300.0,173300.0,173700.0,3206,0.0,0.0
2024-01-02 10:00:00+09:00,171700.0,179400.0,171500.0,178500.0,15701,0.0,0.0
2024-01-02 11:00:00+09:00,178400.0,183200.0,178000.0,183200.0,17065,0.0,0.0
2024-01-02 12:00:00+09:00,183100.0,184200.0,181100.0,183900.0,11147,0.0,0.0
2024-01-02 13:00:00+09:00,183800.0,183800.0,180800.0,182000.0,7836,0.0,0.0
2024-01-02 14:00:00+09:00,182000.0,184400.0,181900.0,182600.0,12645,0.0,0.0
2024-01-03 09:00:00+09:00,180000.0,181500.0,178000.0,178900.0,13139,0.0,0.0
2024-01-03 10:00:00+09:00,178900.0,180800.0,178300.0,180200.0,7071,0.0,0.0
2024-01-03 11:00:00+09:00,180300.0,181300.0,179700.0,180200.0,3162,0.0,0.0
2024-01-03 12:00:00+09:00,179900.0,180900.0,179700.0,180200.0,3362,0.0,0.0
2024-01-03 13:00:00+09:00,180200.0,180900.0,180000.0,180600.0,3244,0.0,0.0
2024-01-03 14:00:00+09:00,180600.0,180800.0,179600.0,180200.0,4546,0.0,0.0
2024-01-04 09:00:00+09:00,180600.0,191900.0,180200.0,191800.0,28937,0.0,0.0
2024-01-04 10:00:00+09:00,191800.0,192000.0,185500.0,185900.0,14686,0.0,0.0
2024-01-04 11:00:00+09:00,186000.0,187400.0,185500.0,186700.0,4396,0.0,0.0
2024-01-04 12:00:00+09:00,186700.0,187500.0,186000.0,187300.0,3570,0.0,0.0
2024-01-04 13:00:00+09:00,187300.0,188200.0,185500.0,188100.0,5402,0.0,0.0
2024-01-04 14:00:00+09:00,188000.0,188100.0,182600.0,183400.0,16023,0.0,0.0
2024-01-05 09:00:00+09:00,185000.0,185000.0,182100.0,182800.0,5770,0.0,0.0
2024-01-05 10:00:00+09:00,183400.0,183400.0,180500.0,182200.0,5498,0.0,0.0
2024-01-05 11:00:00+09:00,182100.0,182300.0,180500.0,180800.0,2002,0.0,0.0
2024-01-05 12:00:00+09:00,181300.0,181300.0,180200.0,180500.0,2151,0.0,0.0
2024-01-05 13:00:00+09:00,180700.0,182300.0,180300.0,182000.0,2268,0.0,0.0
2024-01-05 14:00:00+09:00,182100.0,182700.0,180600.0,180900.0,2612,0.0,0.0
2024-01-08 09:00:00+09:00,181800.0,183200.0,177100.0,181700.0,0,0.0,0.0
2024-01-08 10:00:00+09:00,181700.0,183300.0,180600.0,182700.0,3816,0.0,0.0
2024-01-08 11:00:00+09:00,182900.0,183000.0,179300.0,179600.0,4258,0.0,0.0
2024-01-08 12:00:00+09:00,179600.0,179900.0,179000.0,179600.0,2069,0.0,0.0
2024-01-08 13:00:00+09:00,179600.0,184000.0,178900.0,179700.0,3150,0.0,0.0
2024-01-08 14:00:00+09:00,179700.0,181900.0,178900.0,181000.0,3173,0.0,0.0
2024-01-09 09:00:00+09:00,184900.0,189400.0,182300.0,183400.0,13205,0.0,0.0
2024-01-09 10:00:00+09:00,183200.0,183600.0,181900.0,182000.0,3847,0.0,0.0
2024-01-09 11:00:00+09:00,181900.0,182800.0,180700.0,180800.0,3090,0.0,0.0
2024-01-09 12:00:00+09:00,180900.0,182500.0,180700.0,181000.0,1584,0.0,0.0
2024-01-09 13:00:00+09:00,180900.0,181800.0,180500.0,181600.0,2318,0.0,0.0
2024-01-09 14:00:00+09:00,181700.0,181700.0,179700.0,179800.0,2934,0.0,0.0
2024-01-10 09:00:00+09:00,182700.0,182700.0,178900.0,181200.0,4567,0.0,0.0
2024-01-10 10:00:00+09:00,181200.0,182500.0,180300.0,181600.0,3064,0.0,0.0
2024-01-10 11:00:00+09:00,181600.0,181700.0,179100.0,179400.0,3158,0.0,0.0
2024-01-10 12:00:00+09:00,179400.0,179900.0,178300.0,179300.0,4713,0.0,0.0
2024-01-10 13:00:00+09:00,179200.0,180000.0,179200.0,179400.0,2253,0.0,0.0
2024-01-10 14:00:00+09:00,179400.0,180900.0,179000.0,180000.0,3957,0.0,0.0
2024-01-11 09:00:00+09:00,180700.0,181200.0,177200.0,177500.0,6441,0.0,0.0
2024-01-11 10:00:00+09:00,177900.0,180200.0,177300.0,180100.0,3306,0.0,0.0
2024-01-11 11:00:00+09:00,180200.0,180700.0,179600.0,179600.0,2598,0.0,0.0
2024-01-11 12:00:00+09:00,179600.0,180400.0,179100.0,179300.0,821,0.0,0.0
2024-01-11 13:00:00+09:00,179300.0,179500.0,178200.0,178400.0,1589,0.0,0.0
2024-01-11 14:00:00+09:00,179000.0,180100.0,178000.0,178800.0,4739,0.0,0.0
2024-01-12 09:00:00+09:00,178800.0,181300.0,178300.0,178800.0,2834,0.0,0.0
2024-01-12 10:00:00+09:00,178800.0,180100.0,178300.0,179100.0,2496,0.0,0.0
2024-01-12 11:00:00+09:00,179000.0,179100.0,177900.0,178700.0,2991,0.0,0.0
2024-01-12 12:00:00+09:00,178800.0,179100.0,178200.0,178200.0,1110,0.0,0.0
2024-01-12 13:00:00+09:00,178200.0,179100.0,176700.0,177000.0,2976,0.0,0.0
2024-01-12 14:00:00+09:00,177000.0,179300.0,176100.0,179300.0,4576,0.0,0.0
2024-01-15 09:00:00+09:00,178000.0,179900.0,178000.0,179100.0,0,0.0,0.0
2024-01-15 10:00:00+09:00,179200.0,179500.0,176600.0,176900.0,3671,0.0,0.0
2024-01-15 11:00:00+09:00,176800.0,177300.0,176500.0,176800.0,2700,0.0,0.0
2024-01-15 12:00:00+09:00,176900.0,176900.0,176400.0,176400.0,1853,0.0,0.0
2024-01-15 13:00:00+09:00,176500.0,176800.0,175700.0,176000.0,1937,0.0,0.0
2024-01-15 14:00:00+09:00,176000.0,176200.0,174000.0,175100.0,3421,0.0,0.0
2024-01-16 09:00:00+09:00,175200.0,177500.0,174400.0,174500.0,7661,0.0,0.0
2024-01-16 10:00:00+09:00,175600.0,176000.0,173500.0,175600.0,6408,0.0,0.0
2024-01-16 11:00:00+09:00,175700.0,176200.0,175000.0,175400.0,2019,0.0,0.0
2024-01-16 12:00:00+09:00,175400.0,176900.0,175400.0,175800.0,2989,0.0,0.0
2024-01-16 13:00:00+09:00,175800.0,176100.0,175100.0,175500.0,1698,0.0,0.0
2024-01-16 14:00:00+09:00,175600.0,177000.0,175300.0,176700.0,4777,0.0,0.0
2024-01-17 09:00:00+09:00,178200.0,179300.0,174900.0,175400.0,4156,0.0,0.0
2024-01-17 10:00:00+09:00,175400.0,176200.0,174900.0,175600.0,2154,0.0,0.0
2024-01-17 11:00:00+09:00,175600.0,176000.0,175000.0,175700.0,3068,0.0,0.0
2024-01-17 12:00:00+09:00,175600.0,176900.0,174900.0,175800.0,2847,0.0,0.0
2024-01-17 13:00:00+09:00,175700.0,177100.0,175300.0,176400.0,2391,0.0,0.0
2024-01-17 14:00:00+09:00,176900.0,176900.0,174900.0,175500.0,2175,0.0,0.0
2024-01-18 09:00:00+09:00,177000.0,177000.0,174000.0,175100.0,3970,0.0,0.0
2024-01-18 10:00:00+09:00,175100.0,175300.0,173700.0,173700.0,3352,0.0,0.0
2024-01-18 11:00:00+09:00,173700.0,174700.0,173400.0,173500.0,2932,0.0,0.0
2024-01-18 12:00:00+09:00,173400.0,174300.0,173300.0,173900.0,1939,0.0,0.0
2024-01-18 13:00:00+09:00,174000.0,174000.0,171000.0,171300.0,5560,0.0,0.0
2024-01-18 14:00:00+09:00,171300.0,174500.0,171300.0,174400.0,3247,0.0,0.0
2024-01-19 09:00:00+09:00,176000.0,180700.0,176000.0,180500.0,11274,0.0,0.0
2024-01-19 10:00:00+09:00,180400.0,181900.0,180400.0,181500.0,8101,0.0,0.0
2024-01-19 11:00:00+09:00,181500.0,185300.0,181400.0,185200.0,12514,0.0,0.0
2024-01-19 12:00:00+09:00,185200.0,186700.0,185000.0,186000.0,9517,0.0,0.0
2024-01-19 13:00:00+09:00,185900.0,186700.0,185100.0,185300.0,9625,0.0,0.0
2024-01-19 14:00:00+09:00,185300.0,185500.0,182300.0,184900.0,9663,0.0,0.0
2024-01-22 09:00:00+09:00,187000.0,194900.0,187000.0,192100.0,0,0.0,0.0
2024-01-22 10:00:00+09:00,192800.0,192900.0,187000.0,189100.0,6535,0.0,0.0
2024-01-22 11:00:00+09:00,189100.0,189900.0,188000.0,189300.0,2915,0.0,0.0
2024-01-22 12:00:00+09:00,189200.0,189900.0,187200.0,188500.0,3452,0.0,0.0
2024-01-22 13:00:00+09:00,189000.0,189100.0,186600.0,187200.0,5104,0.0,0.0
2024-01-22 14:00:00+09:00,187200.0,188600.0,186600.0,188000.0,5737,0.0,0.0
2024-01-23 09:00:00+09:00,190000.0,191800.0,183900.0,184600.0,7669,0.0,0.0
2024-01-23 10:00:00+09:00,184600.0,185000.0,180000.0,180800.0,11676,0.0,0.0
2024-01-23 11:00:00+09:00,180900.0,183600.0,180900.0,181900.0,4000,0.0,0.0
2024-01-23 12:00:00+09:00,181800.0,182000.0,180400.0,180400.0,6113,0.0,0.0
2024-01-23 13:00:00+09:00,180500.0,181000.0,179900.0,180100.0,5774,0.0,0.0
2024-01-23 14:00:00+09:00,180000.0,181800.0,179900.0,181700.0,5035,0.0,0.0
2024-01-24 09:00:00+09:00,182000.0,183400.0,180200.0,183400.0,2673,0.0,0.0
2024-01-24 10:00:00+09:00,182900.0,184900.0,181100.0,181500.0,5263,0.0,0.0
2024-01-24 11:00:00+09:00,181900.0,183700.0,181500.0,181800.0,2821,0.0,0.0
2024-01-24 12:00:00+09:00,181800.0,182800.0,181200.0,181900.0,3174,0.0,0.0
2024-01-24 13:00:00+09:00,181800.0,184500.0,181200.0,184400.0,5070,0.0,0.0
2024-01-24 14:00:00+09:00,184400.0,187100.0,184100.0,187000.0,9485,0.0,0.0
2024-01-25 09:00:00+09:00,188300.0,191000.0,186600.0,186700.0,13205,0.0,0.0
2024-01-25 10:00:00+09:00,186700.0,187500.0,185200.0,185500.0,3482,0.0,0.0
2024-01-25 11:00:00+09:00,185900.0,188600.0,185500.0,185800.0,3161,0.0,0.0
2024-01-25 12:00:00+09:00,186000.0,187000.0,185300.0,187000.0,2460,0.0,0.0
2024-01-25 13:00:00+09:00,187000.0,187400.0,185000.0,185000.0,3453,0.0,0.0
2024-01-25 14:00:00+09:00,185000.0,187500.0,184400.0,185500.0,4759,0.0,0.0
2024-01-26 09:00:00+09:00,183200.0,185800.0,181700.0,182600.0,4206,0.0,0.0
2024-01-26 10:00:00+09:00,183000.0,186000.0,182600.0,185800.0,2527,0.0,0.0
2024-01-26 11:00:00+09:00,185800.0,186500.0,185100.0,185500.0,1985,0.0,0.0
2024-01-26 12:00:00+09:00,185500.0,186200.0,184900.0,185400.0,1478,0.0,0.0
2024-01-26 13:00:00+09:00,185800.0,185800.0,183200.0,184000.0,1883,0.0,0.0
2024-01-26 14:00:00+09:00,184000.0,184500.0,182700.0,182900.0,2527,0.0,0.0
2024-01-29 09:00:00+09:00,181000.0,181000.0,176600.0,178800.0,0,0.0,0.0
2024-01-29 10:00:00+09:00,178700.0,182000.0,178600.0,180900.0,2348,0.0,0.0
2024-01-29 11:00:00+09:00,180600.0,181200.0,178000.0,178400.0,2283,0.0,0.0
2024-01-29 12:00:00+09:00,178600.0,178800.0,177600.0,177900.0,2380,0.0,0.0
2024-01-29 13:00:00+09:00,177900.0,179600.0,177500.0,177800.0,3011,0.0,0.0
2024-01-29 14:00:00+09:00,178100.0,178800.0,177200.0,178500.0,5298,0.0,0.0
2024-01-30 09:00:00+09:00,178500.0,179700.0,176200.0,177500.0,3328,0.0,0.0
2024-01-30 10:00:00+09:00,177400.0,178500.0,176600.0,176900.0,3251,0.0,0.0
2024-01-30 11:00:00+09:00,177000.0,177900.0,176800.0,177700.0,2435,0.0,0.0
2024-01-30 12:00:00+09:00,177700.0,177800.0,176300.0,176400.0,2581,0.0,0.0
2024-01-30 13:00:00+09:00,176400.0,176400.0,175400.0,176200.0,2683,0.0,0.0
2024-01-30 14:00:00+09:00,176300.0,181800.0,176100.0,180100.0,6388,0.0,0.0
2024-01-31 09:00:00+09:00,179600.0,180500.0,177300.0,178600.0,1978,0.0,0.0
2024-01-31 10:00:00+09:00,178900.0,178900.0,176200.0,177000.0,2186,0.0,0.0
2024-01-31 11:00:00+09:00,177100.0,177300.0,175500.0,175600.0,2490,0.0,0.0
2024-01-31 12:00:00+09:00,175600.0,176500.0,175500.0,175600.0,2279,0.0,0.0
2024-01-31 13:00:00+09:00,175500.0,175600.0,171500.0,174000.0,6719,0.0,0.0
2024-01-31 14:00:00+09:00,174000.0,174900.0,172400.0,173500.0,6819,0.0,0.0
2024-02-01 09:00:00+09:00,171100.0,174600.0,167800.0,169300.0,6301,0.0,0.0
2024-02-01 10:00:00+09:00,169300.0,169300.0,164500.0,164500.0,10030,0.0,0.0
2024-02-01 11:00:00+09:00,164500.0,164500.0,162000.0,163200.0,10296,0.0,0.0
2024-02-01 12:00:00+09:00,163300.0,165400.0,162100.0,162100.0,9745,0.0,0.0
2024-02-01 13:00:00+09:00,162100.0,162200.0,159000.0,159500.0,16817,0.0,0.0
2024-02-01 14:00:00+09:00,159500.0,160600.0,158400.0,158700.0,16772,0.0,0.0
2024-02-02 09:00:00+09:00,161900.0,164400.0,156800.0,164200.0,12613,0.0,0.0
2024-02-02 10:00:00+09:00,164100.0,164600.0,161800.0,162400.0,8223,0.0,0.0
2024-02-02 11:00:00+09:00,162400.0,163900.0,160900.0,163000.0,5843,0.0,0.0
2024-02-02 12:00:00+09:00,163000.0,163900.0,162500.0,163600.0,3254,0.0,0.0
2024-02-02 13:00:00+09:00,163600.0,163700.0,160100.0,161700.0,7436,0.0,0.0
2024-02-02 14:00:00+09:00,161600.0,163400.0,161200.0,162400.0,6953,0.0,0.0
2024-02-05 09:00:00+09:00,164500.0,165700.0,162500.0,164400.0,0,0.0,0.0
2024-02-05 10:00:00+09:00,164300.0,165100.0,162800.0,163900.0,3065,0.0,0.0
2024-02-05 11:00:00+09:00,163900.0,163900.0,162900.0,163100.0,1215,0.0,0.0
2024-02-05 12:00:00+09:00,163600.0,163600.0,162300.0,162600.0,2706,0.0,0.0
2024-02-05 13:00:00+09:00,162300.0,163500.0,161100.0,161100.0,3029,0.0,0.0
2024-02-05 14:00:00+09:00,161200.0,162400.0,161000.0,161700.0,4640,0.0,0.0
2024-02-06 09:00:00+09:00,162100.0,163300.0,160600.0,161500.0,5672,0.0,0.0
2024-02-06 10:00:00+09:00,161500.0,163400.0,160900.0,162000.0,5101,0.0,0.0
2024-02-06 11:00:00+09:00,162000.0,162400.0,161300.0,161800.0,4230,0.0,0.0
2024-02-06 12:00:00+09:00,161800.0,162500.0,161000.0,161700.0,7077,0.0,0.0
2024-02-06 13:00:00+09:00,161800.0,163400.0,161300.0,162000.0,8073,0.0,0.0
2024-02-06 14:00:00+09:00,162100.0,163700.0,161900.0,162900.0,10365,0.0,0.0
2024-02-07 09:00:00+09:00,163300.0,163300.0,159700.0,160400.0,6406,0.0,0.0
2024-02-07 10:00:00+09:00,160800.0,161900.0,159500.0,159600.0,6894,0.0,0.0
2024-02-07 11:00:00+09:00,160200.0,160800.0,159600.0,160000.0,3973,0.0,0.0
2024-02-07 12:00:00+09:00,160000.0,161300.0,159900.0,160500.0,2075,0.0,0.0
2024-02-07 13:00:00+09:00,160500.0,160900.0,159500.0,159600.0,5082,0.0,0.0
2024-02-07 14:00:00+09:00,159700.0,160700.0,159500.0,160000.0,6617,0.0,0.0
2024-02-08 09:00:00+09:00,162000.0,162200.0,160700.0,161500.0,3758,0.0,0.0
2024-02-08 10:00:00+09:00,161400.0,162900.0,160800.0,160900.0,8024,0.0,0.0
2024-02-08 11:00:00+09:00,160800.0,162800.0,160800.0,162000.0,3992,0.0,0.0
2024-02-08 12:00:00+09:00,161900.0,162600.0,161200.0,162500.0,3239,0.0,0.0
2024-02-08 13:00:00+09:00,162600.0,162700.0,161000.0,161600.0,5635,0.0,0.0
2024-02-08 14:00:00+09:00,161200.0,162700.0,161200.0,161700.0,3444,0.0,0.0
2024-02-13 09:00:00+09:00,163000.0,168300.0,162100.0,168000.0,0,0.0,0.0
2024-02-13 10:00:00+09:00,167900.0,176300.0,167700.0,175600.0,23963,0.0,0.0
2024-02-13 11:00:00+09:00,176100.0,176800.0,174800.0,176200.0,10358,0.0,0.0
2024-02-13 12:00:00+09:00,176300.0,176500.0,173400.0,174800.0,6353,0.0,0.0
2024-02-13 13:00:00+09:00,174800.0,177800.0,174000.0,177000.0,10505,0.0,0.0
2024-02-13 14:00:00+09:00,177000.0,177300.0,174900.0,176000.0,8809,0.0,0.0
2024-02-14 09:00:00+09:00,173600.0,177200.0,171400.0,176000.0,13414,0.0,0.0
2024-02-14 10:00:00+09:00,175900.0,179200.0,174500.0,178500.0,8297,0.0,0.0
2024-02-14 11:00:00+09:00,178500.0,178500.0,176600.0,177800.0,3739,0.0,0.0
2024-02-14 12:00:00+09:00,178000.0,178500.0,177500.0,178400.0,3012,0.0,0.0
2024-02-14 13:00:00+09:00,178400.0,178800.0,177600.0,178500.0,4926,0.0,0.0
2024-02-14 14:00:00+09:00,178500.0,179000.0,178000.0,178400.0,7054,0.0,0.0
2024-02-15 09:00:00+09:00,179800.0,181900.0,178300.0,179100.0,8338,0.0,0.0
2024-02-15 10:00:00+09:00,179100.0,180700.0,178000.0,179100.0,3735,0.0,0.0
2024-02-15 11:00:00+09:00,179100.0,179500.0,178300.0,179500.0,1499,0.0,0.0
2024-02-15 12:00:00+09:00,179500.0,180500.0,179000.0,179300.0,2067,0.0,0.0
2024-02-15 13:00:00+09:00,179300.0,180600.0,179100.0,179500.0,2152,0.0,0.0
2024-02-15 14:00:00+09:00,179600.0,179900.0,178800.0,179000.0,1745,0.0,0.0
2024-02-16 09:00:00+09:00,180000.0,180100.0,176100.0,177000.0,4722,0.0,0.0
2024-02-16 10:00:00+09:00,177400.0,179500.0,177100.0,178100.0,2575,0.0,0.0
2024-02-16 11:00:00+09:00,177600.0,178500.0,177300.0,177900.0,1802,0.0,0.0
2024-02-16 12:00:00+09:00,177600.0,178000.0,176700.0,177300.0,2359,0.0,0.0
2024-02-16 13:00:00+09:00,177700.0,178400.0,177000.0,177400.0,1839,0.0,0.0
2024-02-16 14:00:00+09:00,177200.0,178100.0,176400.0,176600.0,4251,0.0,0.0
2024-02-19 09:00:00+09:00,178800.0,179000.0,175000.0,175800.0,0,0.0,0.0
2024-02-19 10:00:00+09:00,175800.0,176300.0,175400.0,175400.0,2311,0.0,0.0
2024-02-19 11:00:00+09:00,175900.0,176000.0,174900.0,175100.0,1003,0.0,0.0
2024-02-19 12:00:00+09:00,175100.0,175500.0,174500.0,175000.0,1934,0.0,0.0
2024-02-19 13:00:00+09:00,175000.0,175300.0,174400.0,175100.0,2891,0.0,0.0
2024-02-19 14:00:00+09:00,175100.0,176300.0,174900.0,175900.0,2458,0.0,0.0
2024-02-20 09:00:00+09:00,176600.0,176700.0,173200.0,174400.0,3716,0.0,0.0
2024-02-20 10:00:00+09:00,174300.0,176400.0,174000.0,176000.0,1307,0.0,0.0
2024-02-20 11:00:00+09:00,175900.0,175900.0,174600.0,175700.0,1470,0.0,0.0
2024-02-20 12:00:00+09:00,175600.0,175900.0,174800.0,175100.0,1290,0.0,0.0
2024-02-20 13:00:00+09:00,175100.0,179400.0,174800.0,179100.0,4974,0.0,0.0
2024-02-20 14:00:00+09:00,179100.0,179200.0,175600.0,176000.0,1911,0.0,0.0
2024-02-21 09:00:00+09:00,174500.0,176500.0,174200.0,176200.0,3224,0.0,0.0
2024-02-21 10:00:00+09:00,176200.0,179300.0,175100.0,178200.0,3523,0.0,0.0
2024-02-21 11:00:00+09:00,178200.0,178600.0,175300.0,175500.0,1315,0.0,0.0
2024-02-21 12:00:00+09:00,175400.0,175500.0,174500.0,175000.0,1732,0.0,0.0
2024-02-21 13:00:00+09:00,174900.0,175400.0,174600.0,174600.0,1630,0.0,0.0
2024-02-21 14:00:00+09:00,174600.0,175400.0,174300.0,174500.0,2778,0.0,0.0
2024-02-22 09:00:00+09:00,178200.0,181300.0,176200.0,176800.0,9375,0.0,0.0
2024-02-22 10:00:00+09:00,176900.0,179200.0,176300.0,177800.0,2515,0.0,0.0
2024-02-22 11:00:00+09:00,177700.0,178500.0,177100.0,177700.0,1415,0.0,0.0
2024-02-22 12:00:00+09:00,177700.0,178800.0,177600.0,178200.0,1085,0.0,0.0
2024-02-22 13:00:00+09:00,178300.0,178300.0,177100.0,177600.0,786,0.0,0.0
2024-02-22 14:00:00+09:00,177700.0,177900.0,176200.0,176400.0,2144,0.0,0.0
2024-02-23 09:00:00+09:00,180400.0,180400.0,174500.0,175700.0,6758,0.0,0.0
2024-02-23 10:00:00+09:00,175800.0,176800.0,175400.0,175500.0,1504,0.0,0.0
2024-02-23 11:00:00+09:00,175900.0,178400.0,175400.0,177500.0,2476,0.0,0.0
2024-02-23 12:00:00+09:00,177400.0,177600.0,176900.0,177200.0,2373,0.0,0.0
2024-02-23 13:00:00+09:00,177200.0,178200.0,177100.0,178100.0,2729,0.0,0.0
2024-02-23 14:00:00+09:00,177400.0,178700.0,177200.0,178000.0,2679,0.0,0.0
2024-02-26 09:00:00+09:00,180000.0,182200.0,177200.0,177200.0,0,0.0,0.0
2024-02-26 10:00:00+09:00,177300.0,178200.0,176700.0,177500.0,2648,0.0,0.0
2024-02-26 11:00:00+09:00,177500.0,178800.0,177500.0,178000.0,1616,0.0,0.0
2024-02-26 12:00:00+09:00,177900.0,178100.0,176700.0,176700.0,1556,0.0,0.0
2024-02-26 13:00:00+09:00,176700.0,177800.0,176600.0,177000.0,1251,0.0,0.0
2024-02-26 14:00:00+09:00,177000.0,178500.0,176500.0,177300.0,2395,0.0,0.0
2024-02-27 09:00:00+09:00,177300.0,177900.0,173900.0,174600.0,5416,0.0,0.0
2024-02-27 10:00:00+09:00,174700.0,175700.0,173100.0,173100.0,2744,0.0,0.0
2024-02-27 11:00:00+09:00,173200.0,174500.0,172800.0,172800.0,1596,0.0,0.0
2024-02-27 12:00:00+09:00,172800.0,172900.0,171100.0,171300.0,3474,0.0,0.0
2024-02-27 13:00:00+09:00,171300.0,172000.0,170500.0,170900.0,6381,0.0,0.0
2024-02-27 14:00:00+09:00,171000.0,171700.0,169700.0,170700.0,3837,0.0,0.0
2024-02-28 09:00:00+09:00,169400.0,171500.0,165300.0,169800.0,8383,0.0,0.0
2024-02-28 10:00:00+09:00,169800.0,171000.0,169600.0,170800.0,4393,0.0,0.0
2024-02-28 11:00:00+09:00,170800.0,172800.0,170700.0,172400.0,3142,0.0,0.0
2024-02-28 12:00:00+09:00,172500.0,173800.0,172300.0,173800.0,3923,0.0,0.0
2024-02-28 13:00:00+09:00,173800.0,174400.0,173100.0,174300.0,5332,0.0,0.0
2024-02-28 14:00:00+09:00,174000.0,174300.0,172400.0,173200.0,4085,0.0,0.0
2024-02-29 09:00:00+09:00,171100.0,172300.0,169100.0,170700.0,3532,0.0,0.0
2024-02-29 10:00:00+09:00,170600.0,174100.0,170600.0,172500.0,2805,0.0,0.0
2024-02-29 11:00:00+09:00,172400.0,175000.0,171700.0,174500.0,2519,0.0,0.0
2024-02-29 12:00:00+09:00,174500.0,174600.0,173200.0,173800.0,1916,0.0,0.0
2024-02-29 13:00:00+09:00,173800.0,174000.0,172900.0,172900.0,2042,0.0,0.0
2024-02-29 14:00:00+09:00,173000.0,174000.0,171500.0,172400.0,3821,0.0,0.0
2024-03-04 09:00:00+09:00,177000.0,178300.0,174100.0,174100.0,0,0.0,0.0
2024-03-04 10:00:00+09:00,174100.0,175300.0,172100.0,172700.0,5663,0.0,0.0
2024-03-04 11:00:00+09:00,172800.0,174900.0,172100.0,173200.0,2844,0.0,0.0
2024-03-04 12:00:00+09:00,173200.0,176500.0,173200.0,175300.0,4294,0.0,0.0
2024-03-04 13:00:00+09:00,175300.0,176300.0,175100.0,175700.0,2653,0.0,0.0
2024-03-04 14:00:00+09:00,175700.0,175900.0,175200.0,175600.0,3141,0.0,0.0
2024-03-05 09:00:00+09:00,178200.0,178200.0,174400.0,175000.0,6108,0.0,0.0
2024-03-05 10:00:00+09:00,175200.0,175600.0,172600.0,173500.0,3864,0.0,0.0
2024-03-05 11:00:00+09:00,173500.0,173700.0,173200.0,173600.0,1771,0.0,0.0
2024-03-05 12:00:00+09:00,173600.0,175900.0,173600.0,175500.0,1936,0.0,0.0
2024-03-05 13:00:00+09:00,175400.0,175600.0,174200.0,174600.0,1442,0.0,0.0
2024-03-05 14:00:00+09:00,174600.0,175000.0,173600.0,174000.0,1704,0.0,0.0
2024-03-06 09:00:00+09:00,172100.0,173900.0,171000.0,172700.0,4369,0.0,0.0
2024-03-06 10:00:00+09:00,172700.0,173400.0,172500.0,172500.0,1375,0.0,0.0
2024-03-06 11:00:00+09:00,172500.0,173500.0,172500.0,172800.0,1648,0.0,0.0
2024-03-06 12:00:00+09:00,172800.0,173400.0,172800.0,173200.0,841,0.0,0.0
2024-03-06 13:00:00+09:00,173000.0,173400.0,171700.0,171800.0,4978,0.0,0.0
2024-03-06 14:00:00+09:00,171800.0,172800.0,169000.0,170400.0,11918,0.0,0.0
2024-03-07 09:00:00+09:00,170200.0,171500.0,167400.0,168000.0,13613,0.0,0.0
2024-03-07 10:00:00+09:00,167900.0,168800.0,166100.0,166400.0,11564,0.0,0.0
2024-03-07 11:00:00+09:00,166400.0,167400.0,165500.0,165700.0,8101,0.0,0.0
2024-03-07 12:00:00+09:00,165700.0,166300.0,165300.0,165900.0,6448,0.0,0.0
2024-03-07 13:00:00+09:00,166000.0,166600.0,165000.0,165100.0,9736,0.0,0.0
2024-03-07 14:00:00+09:00,165100.0,166700.0,165100.0,166200.0,10083,0.0,0.0
2024-03-08 09:00:00+09:00,168300.0,174900.0,168300.0,172500.0,17674,0.0,0.0
2024-03-08 10:00:00+09:00,172400.0,173400.0,172000.0,172400.0,6625,0.0,0.0
2024-03-08 11:00:00+09:00,172300.0,174500.0,172200.0,174400.0,5706,0.0,0.0
2024-03-08 12:00:00+09:00,174300.0,174500.0,172500.0,173400.0,2704,0.0,0.0
2024-03-08 13:00:00+09:00,173300.0,174000.0,172800.0,173500.0,3249,0.0,0.0
2024-03-08 14:00:00+09:00,173400.0,173800.0,172900.0,173500.0,5818,0.0,0.0
2024-03-11 09:00:00+09:00,170100.0,172000.0,164600.0,165100.0,0,0.0,0.0
2024-03-11 10:00:00+09:00,165400.0,166000.0,163600.0,165800.0,5793,0.0,0.0
2024-03-11 11:00:00+09:00,165600.0,167000.0,165100.0,166500.0,3532,0.0,0.0
2024-03-11 12:00:00+09:00,166100.0,167600.0,166000.0,166900.0,3050,0.0,0.0
2024-03-11 13:00:00+09:00,166900.0,167100.0,165700.0,165700.0,4732,0.0,0.0
2024-03-11 14:00:00+09:00,165800.0,170900.0,165500.0,169400.0,9337,0.0,0.0
2024-03-12 09:00:00+09:00,173200.0,173200.0,168600.0,170600.0,6906,0.0,0.0
2024-03-12 10:00:00+09:00,170700.0,171700.0,169800.0,171100.0,3580,0.0,0.0
2024-03-12 11:00:00+09:00,171100.0,172300.0,170000.0,170000.0,4882,0.0,0.0
2024-03-12 12:00:00+09:00,170200.0,170800.0,169700.0,170500.0,1548,0.0,0.0
2024-03-12 13:00:00+09:00,170600.0,171600.0,170000.0,170200.0,2125,0.0,0.0
2024-03-12 14:00:00+09:00,170200.0,171300.0,169700.0,171100.0,3089,0.0,0.0
2024-03-13 09:00:00+09:00,171600.0,174900.0,169500.0,170200.0,7029,0.0,0.0
2024-03-13 10:00:00+09:00,170200.0,170600.0,166300.0,166700.0,9028,0.0,0.0
2024-03-13 11:00:00+09:00,166700.0,166700.0,165900.0,166000.0,7610,0.0,0.0
2024-03-13 12:00:00+09:00,166000.0,166500.0,165900.0,166200.0,3414,0.0,0.0
2024-03-13 13:00:00+09:00,166200.0,167200.0,166000.0,166000.0,5760,0.0,0.0
2024-03-13 14:00:00+09:00,166000.0,167600.0,165800.0,167400.0,5258,0.0,0.0
2024-03-14 09:00:00+09:00,167000.0,167500.0,161300.0,161500.0,15157,0.0,0.0
2024-03-14 10:00:00+09:00,161100.0,161500.0,160100.0,160100.0,10759,0.0,0.0
2024-03-14 11:00:00+09:00,160100.0,161200.0,160100.0,160300.0,6848,0.0,0.0
2024-03-14 12:00:00+09:00,160400.0,161400.0,160000.0,160200.0,7450,0.0,0.0
2024-03-14 13:00:00+09:00,160300.0,161700.0,160000.0,160700.0,6582,0.0,0.0
2024-03-14 14:00:00+09:00,160700.0,162400.0,160400.0,160500.0,8862,0.0,0.0
2024-03-15 09:00:00+09:00,159000.0,160900.0,158700.0,160500.0,5971,0.0,0.0
2024-03-15 10:00:00+09:00,160600.0,162600.0,160300.0,161000.0,5186,0.0,0.0
2024-03-15 11:00:00+09:00,161000.0,161300.0,159900.0,160400.0,3100,0.0,0.0
2024-03-15 12:00:00+09:00,160400.0,161100.0,159800.0,160300.0,2306,0.0,0.0
2024-03-15 13:00:00+09:00,160300.0,160600.0,159100.0,159300.0,2393,0.0,0.0
2024-03-15 14:00:00+09:00,159200.0,159800.0,159000.0,159100.0,4644,0.0,0.0
2024-03-18 09:00:00+09:00,159100.0,160600.0,157000.0,159200.0,0,0.0,0.0
2024-03-18 10:00:00+09:00,159200.0,160200.0,158700.0,159700.0,10166,0.0,0.0
2024-03-18 11:00:00+09:00,159700.0,159700.0,158200.0,158600.0,2543,0.0,0.0
2024-03-18 12:00:00+09:00,158600.0,158700.0,157800.0,157900.0,3171,0.0,0.0
2024-03-18 13:00:00+09:00,157800.0,159500.0,157800.0,158900.0,3620,0.0,0.0
2024-03-18 14:00:00+09:00,158800.0,159400.0,158300.0,158500.0,4817,0.0,0.0
2024-03-19 09:00:00+09:00,158500.0,159400.0,153800.0,155900.0,10027,0.0,0.0
2024-03-19 10:00:00+09:00,156000.0,158800.0,156000.0,158600.0,3333,0.0,0.0
2024-03-19 11:00:00+09:00,158800.0,161400.0,158300.0,160400.0,4929,0.0,0.0
2024-03-19 12:00:00+09:00,160300.0,161100.0,159500.0,160000.0,3398,0.0,0.0
2024-03-19 13:00:00+09:00,160200.0,160400.0,158500.0,159200.0,4419,0.0,0.0
2024-03-19 14:00:00+09:00,159100.0,159700.0,158800.0,159600.0,3135,0.0,0.0
2024-03-20 09:00:00+09:00,160500.0,160800.0,158400.0,159200.0,3712,0.0,0.0
2024-03-20 10:00:00+09:00,159300.0,159500.0,157500.0,158600.0,5371,0.0,0.0
2024-03-20 11:00:00+09:00,158700.0,159500.0,158200.0,159200.0,1561,0.0,0.0
2024-03-20 12:00:00+09:00,158700.0,159400.0,158500.0,158900.0,865,0.0,0.0
2024-03-20 13:00:00+09:00,159000.0,161900.0,158800.0,161700.0,3628,0.0,0.0
2024-03-20 14:00:00+09:00,161600.0,161700.0,160400.0,160800.0,2547,0.0,0.0
2024-03-21 09:00:00+09:00,162500.0,165000.0,159600.0,160000.0,13496,0.0,0.0
2024-03-21 10:00:00+09:00,160000.0,161400.0,159900.0,159900.0,4386,0.0,0.0
2024-03-21 11:00:00+09:00,160000.0,160500.0,159100.0,159300.0,5407,0.0,0.0
2024-03-21 12:00:00+09:00,159200.0,160500.0,159200.0,160300.0,3464,0.0,0.0
2024-03-21 13:00:00+09:00,160300.0,161900.0,160000.0,161400.0,5530,0.0,0.0
2024-03-21 14:00:00+09:00,161400.0,162500.0,160500.0,160600.0,9858,0.0,0.0
2024-03-22 09:00:00+09:00,160900.0,162600.0,159600.0,162600.0,4780,0.0,0.0
2024-03-22 10:00:00+09:00,162600.0,163600.0,161400.0,162200.0,3920,0.0,0.0
2024-03-22 11:00:00+09:00,162200.0,162600.0,162000.0,162400.0,1799,0.0,0.0
2024-03-22 12:00:00+09:00,162500.0,163600.0,162400.0,163100.0,3360,0.0,0.0
2024-03-22 13:00:00+09:00,163100.0,163600.0,162500.0,162900.0,2907,0.0,0.0
2024-03-22 14:00:00+09:00,162900.0,163000.0,162000.0,162400.0,3993,0.0,0.0
2024-03-25 09:00:00+09:00,163500.0,164200.0,159000.0,160200.0,0,0.0,0.0
2024-03-25 10:00:00+09:00,160200.0,161400.0,159000.0,159000.0,8466,0.0,0.0
2024-03-25 11:00:00+09:00,159000.0,161500.0,157000.0,157200.0,10192,0.0,0.0
2024-03-25 12:00:00+09:00,157200.0,158100.0,156200.0,156200.0,9541,0.0,0.0
2024-03-25 13:00:00+09:00,156300.0,157200.0,155400.0,155900.0,10268,0.0,0.0
2024-03-25 14:00:00+09:00,155900.0,156400.0,155000.0,155600.0,11166,0.0,0.0
2024-03-26 09:00:00+09:00,155100.0,157500.0,155100.0,156900.0,7076,0.0,0.0
2024-03-26 10:00:00+09:00,156900.0,157100.0,155100.0,155400.0,3284,0.0,0.0
2024-03-26 11:00:00+09:00,155400.0,155700.0,154900.0,155200.0,2853,0.0,0.0
2024-03-26 12:00:00+09:00,155200.0,155300.0,154300.0,154700.0,3196,0.0,0.0
2024-03-26 13:00:00+09:00,154700.0,155200.0,154100.0,154100.0,5308,0.0,0.0
2024-03-26 14:00:00+09:00,154100.0,154800.0,154000.0,154100.0,5070,0.0,0.0
2024-03-27 09:00:00+09:00,153600.0,154900.0,153200.0,154100.0,5325,0.0,0.0
2024-03-27 10:00:00+09:00,154200.0,154400.0,151500.0,151600.0,5280,0.0,0.0
2024-03-27 11:00:00+09:00,151700.0,151900.0,151000.0,151900.0,5106,0.0,0.0
2024-03-27 12:00:00+09:00,151900.0,152500.0,151500.0,152000.0,5013,0.0,0.0
2024-03-27 13:00:00+09:00,152100.0,152300.0,151500.0,151600.0,6451,0.0,0.0
2024-03-27 14:00:00+09:00,151700.0,153500.0,151300.0,152600.0,8704,0.0,0.0
2024-03-28 09:00:00+09:00,154700.0,155000.0,152900.0,152900.0,8100,0.0,0.0
2024-03-28 10:00:00+09:00,152900.0,154200.0,152500.0,153600.0,5759,0.0,0.0
2024-03-28 11:00:00+09:00,153700.0,153700.0,152700.0,152800.0,4626,0.0,0.0
2024-03-28 12:00:00+09:00,152700.0,153100.0,152600.0,152700.0,5505,0.0,0.0
2024-03-28 13:00:00+09:00,152600.0,153200.0,152600.0,153100.0,5445,0.0,0.0
2024-03-28 14:00:00+09:00,153200.0,153200.0,152000.0,152000.0,9785,0.0,0.0
2024-03-29 09:00:00+09:00,156000.0,164000.0,155500.0,163000.0,50535,0.0,0.0
2024-03-29 10:00:00+09:00,163000.0,165800.0,160600.0,165400.0,22222,0.0,0.0
2024-03-29 11:00:00+09:00,165400.0,166600.0,164000.0,166600.0,12558,0.0,0.0
2024-03-29 12:00:00+09:00,166600.0,168800.0,164700.0,168500.0,15554,0.0,0.0
2024-03-29 13:00:00+09:00,168500.0,171400.0,168000.0,169300.0,23849,0.0,0.0
2024-03-29 14:00:00+09:00,169200.0,170200.0,165500.0,167100.0,12709,0.0,0.0
2024-04-01 09:00:00+09:00,170000.0,170100.0,164900.0,165600.0,0,0.0,0.0
2024-04-01 10:00:00+09:00,165600.0,167700.0,165400.0,167100.0,4696,0.0,0.0
2024-04-01 11:00:00+09:00,166800.0,168200.0,166100.0,168000.0,3628,0.0,0.0
2024-04-01 12:00:00+09:00,168000.0,168700.0,167100.0,167800.0,3614,0.0,0.0
2024-04-01 13:00:00+09:00,167700.0,168100.0,165800.0,167100.0,4997,0.0,0.0
2024-04-01 14:00:00+09:00,167000.0,167700.0,166000.0,166400.0,3836,0.0,0.0
2024-04-02 09:00:00+09:00,169300.0,171000.0,167500.0,169500.0,20686,0.0,0.0
2024-04-02 10:00:00+09:00,169500.0,172000.0,169000.0,171700.0,13488,0.0,0.0
2024-04-02 11:00:00+09:00,171800.0,172600.0,171500.0,171900.0,12297,0.0,0.0
2024-04-02 12:00:00+09:00,171900.0,172000.0,171300.0,171900.0,8307,0.0,0.0
2024-04-02 13:00:00+09:00,171900.0,172100.0,169500.0,170000.0,8508,0.0,0.0
2024-04-02 14:00:00+09:00,169700.0,170300.0,169000.0,169000.0,7309,0.0,0.0
2024-04-03 09:00:00+09:00,168000.0,168300.0,161600.0,162700.0,16856,0.0,0.0
2024-04-03 10:00:00+09:00,162700.0,163500.0,161900.0,162200.0,9234,0.0,0.0
2024-04-03 11:00:00+09:00,162300.0,162700.0,161700.0,162400.0,6980,0.0,0.0
2024-04-03 12:00:00+09:00,162400.0,163000.0,162000.0,162800.0,3931,0.0,0.0
2024-04-03 13:00:00+09:00,162700.0,163700.0,162700.0,163100.0,4456,0.0,0.0
2024-04-03 14:00:00+09:00,163100.0,164100.0,162900.0,163500.0,7663,0.0,0.0
2024-04-04 09:00:00+09:00,165800.0,169500.0,165500.0,169000.0,9887,0.0,0.0
2024-04-04 10:00:00+09:00,169000.0,171800.0,169000.0,171100.0,13650,0.0,0.0
2024-04-04 11:00:00+09:00,171100.0,173000.0,169100.0,169400.0,8852,0.0,0.0
2024-04-04 12:00:00+09:00,169500.0,170200.0,168100.0,169000.0,3676,0.0,0.0
2024-04-04 13:00:00+09:00,169000.0,170500.0,168600.0,170500.0,2766,0.0,0.0
2024-04-04 14:00:00+09:00,170500.0,171000.0,168800.0,169200.0,4628,0.0,0.0
2024-04-05 09:00:00+09:00,168000.0,170400.0,166700.0,168100.0,6538,0.0,0.0
2024-04-05 10:00:00+09:00,168100.0,169600.0,167500.0,168400.0,4557,0.0,0.0
2024-04-05 11:00:00+09:00,168400.0,170200.0,167700.0,169000.0,3731,0.0,0.0
2024-04-05 12:00:00+09:00,168900.0,169000.0,168000.0,168900.0,2655,0.0,0.0
2024-04-05 13:00:00+09:00,168900.0,169800.0,168500.0,169200.0,3040,0.0,0.0
2024-04-05 14:00:00+09:00,169200.0,170000.0,168800.0,170000.0,3284,0.0,0.0
2024-04-08 09:00:00+09:00,172800.0,173400.0,168100.0,169000.0,0,0.0,0.0
2024-04-08 10:00:00+09:00,169000.0,170900.0,168300.0,169500.0,5550,0.0,0.0
2024-04-08 11:00:00+09:00,169500.0,169900.0,167300.0,168500.0,5612,0.0,0.0
2024-04-08 12:00:00+09:00,168700.0,169100.0,167900.0,168000.0,3043,0.0,0.0
2024-04-08 13:00:00+09:00,168100.0,168600.0,167700.0,168600.0,3074,0.0,0.0
2024-04-08 14:00:00+09:00,168500.0,169200.0,168200.0,168400.0,4291,0.0,0.0
2024-04-09 09:00:00+09:00,170000.0,170700.0,168300.0,169500.0,5602,0.0,0.0
2024-04-09 10:00:00+09:00,169400.0,169600.0,166100.0,166800.0,4264,0.0,0.0
2024-04-09 11:00:00+09:00,166800.0,168400.0,165900.0,166500.0,3857,0.0,0.0
2024-04-09 12:00:00+09:00,166600.0,167400.0,166100.0,166200.0,2367,0.0,0.0
2024-04-09 13:00:00+09:00,166300.0,167400.0,166100.0,166500.0,2461,0.0,0.0
2024-04-09 14:00:00+09:00,166600.0,169400.0,166600.0,168900.0,6329,0.0,0.0
2024-04-11 09:00:00+09:00,164600.0,166800.0,162100.0,163900.0,0,0.0,0.0
2024-04-11 10:00:00+09:00,163800.0,167000.0,163800.0,165800.0,3611,0.0,0.0
2024-04-11 11:00:00+09:00,165800.0,168000.0,165500.0,166700.0,2828,0.0,0.0
2024-04-11 12:00:00+09:00,166300.0,166600.0,165300.0,165800.0,1488,0.0,0.0
2024-04-11 13:00:00+09:00,165600.0,166800.0,165300.0,166600.0,1554,0.0,0.0
2024-04-11 14:00:00+09:00,166700.0,168100.0,166400.0,167800.0,2680,0.0,0.0
2024-04-12 09:00:00+09:00,169100.0,171000.0,166700.0,167900.0,9942,0.0,0.0
2024-04-12 10:00:00+09:00,167800.0,168000.0,166400.0,167900.0,4157,0.0,0.0
2024-04-12 11:00:00+09:00,167900.0,168400.0,166500.0,166800.0,3956,0.0,0.0
2024-04-12 12:00:00+09:00,166700.0,167500.0,166200.0,167100.0,2953,0.0,0.0
2024-04-12 13:00:00+09:00,167100.0,167100.0,166000.0,166600.0,5017,0.0,0.0
2024-04-12 14:00:00+09:00,166600.0,168400.0,166200.0,167100.0,5919,0.0,0.0
2024-04-15 09:00:00+09:00,166900.0,168000.0,164800.0,164900.0,0,0.0,0.0
2024-04-15 10:00:00+09:00,164800.0,165000.0,163000.0,164400.0,2339,0.0,0.0
2024-04-15 11:00:00+09:00,164400.0,165400.0,164100.0,164300.0,1444,0.0,0.0
2024-04-15 12:00:00+09:00,164300.0,165800.0,164000.0,165400.0,1956,0.0,0.0
2024-04-15 13:00:00+09:00,165400.0,165800.0,164500.0,164600.0,1525,0.0,0.0
2024-04-15 14:00:00+09:00,164600.0,165300.0,163500.0,164700.0,1999,0.0,0.0
2024-04-16 09:00:00+09:00,164800.0,164800.0,162400.0,162400.0,3928,0.0,0.0
2024-04-16 10:00:00+09:00,162400.0,162800.0,158700.0,159300.0,7200,0.0,0.0
2024-04-16 11:00:00+09:00,159500.0,160300.0,158600.0,159900.0,4299,0.0,0.0
2024-04-16 12:00:00+09:00,159900.0,161200.0,159700.0,161200.0,2567,0.0,0.0
2024-04-16 13:00:00+09:00,161100.0,161500.0,159700.0,160800.0,2294,0.0,0.0
2024-04-16 14:00:00+09:00,160800.0,161400.0,160100.0,160500.0,2184,0.0,0.0
2024-04-17 09:00:00+09:00,160700.0,162100.0,160100.0,161100.0,2947,0.0,0.0
2024-04-17 10:00:00+09:00,161100.0,161600.0,159100.0,160100.0,3288,0.0,0.0
2024-04-17 11:00:00+09:00,160200.0,161600.0,159800.0,160000.0,3033,0.0,0.0
2024-04-17 12:00:00+09:00,160000.0,161900.0,159800.0,161700.0,2046,0.0,0.0
2024-04-17 13:00:00+09:00,161700.0,165500.0,161100.0,162200.0,6715,0.0,0.0
2024-04-17 14:00:00+09:00,162200.0,163300.0,161700.0,161700.0,2218,0.0,0.0
2024-04-18 09:00:00+09:00,160900.0,160900.0,159400.0,160000.0,4717,0.0,0.0
2024-04-18 10:00:00+09:00,160200.0,160500.0,159500.0,160200.0,2722,0.0,0.0
2024-04-18 11:00:00+09:00,160200.0,160700.0,159900.0,160300.0,3268,0.0,0.0
2024-04-18 12:00:00+09:00,160300.0,160500.0,158700.0,159000.0,6566,0.0,0.0
2024-04-18 13:00:00+09:00,159100.0,159100.0,158000.0,158400.0,5961,0.0,0.0
2024-04-18 14:00:00+09:00,158400.0,159300.0,157800.0,159000.0,6884,0.0,0.0
2024-04-19 09:00:00+09:00,157800.0,158300.0,154000.0,155400.0,8620,0.0,0.0
2024-04-19 10:00:00+09:00,155700.0,155700.0,154100.0,154300.0,4527,0.0,0.0
2024-04-19 11:00:00+09:00,154300.0,155000.0,151300.0,152500.0,8911,0.0,0.0
2024-04-19 12:00:00+09:00,152300.0,154200.0,152000.0,154100.0,3250,0.0,0.0
2024-04-19 13:00:00+09:00,154000.0,155000.0,154000.0,154700.0,1939,0.0,0.0
2024-04-19 14:00:00+09:00,154700.0,154800.0,152900.0,153300.0,4659,0.0,0.0
2024-04-22 09:00:00+09:00,153800.0,155500.0,150800.0,150800.0,0,0.0,0.0
2024-04-22 10:00:00+09:00,150900.0,152900.0,150400.0,151000.0,3365,0.0,0.0
2024-04-22 11:00:00+09:00,151100.0,151100.0,146900.0,147500.0,9602,0.0,0.0
2024-04-22 12:00:00+09:00,147500.0,148200.0,146500.0,146500.0,6182,0.0,0.0
2024-04-22 13:00:00+09:00,146500.0,146800.0,146100.0,146200.0,6668,0.0,0.0
2024-04-22 14:00:00+09:00,146200.0,146400.0,144800.0,145300.0,9936,0.0,0.0
2024-04-23 09:00:00+09:00,147700.0,148800.0,144000.0,145800.0,7362,0.0,0.0
2024-04-23 10:00:00+09:00,145800.0,147000.0,144000.0,144100.0,5219,0.0,0.0
2024-04-23 11:00:00+09:00,144000.0,144400.0,142100.0,142100.0,7627,0.0,0.0
2024-04-23 12:00:00+09:00,142200.0,142500.0,141300.0,141400.0,6624,0.0,0.0
2024-04-23 13:00:00+09:00,141500.0,141500.0,139200.0,139500.0,15095,0.0,0.0
2024-04-23 14:00:00+09:00,139500.0,139700.0,139100.0,139400.0,18613,0.0,0.0
2024-04-24 09:00:00+09:00,142800.0,148700.0,142800.0,145800.0,13466,0.0,0.0
2024-04-24 10:00:00+09:00,145800.0,148200.0,145700.0,147700.0,8595,0.0,0.0
2024-04-24 11:00:00+09:00,147800.0,148000.0,147000.0,147800.0,2842,0.0,0.0
2024-04-24 12:00:00+09:00,147700.0,148800.0,147500.0,148700.0,3753,0.0,0.0
2024-04-24 13:00:00+09:00,148600.0,149200.0,148200.0,148700.0,3333,0.0,0.0
2024-04-24 14:00:00+09:00,148600.0,149200.0,147100.0,147800.0,3673,0.0,0.0
2024-04-25 09:00:00+09:00,145700.0,153500.0,143200.0,152800.0,11884,0.0,0.0
2024-04-25 10:00:00+09:00,152800.0,152900.0,151500.0,151800.0,4237,0.0,0.0
2024-04-25 11:00:00+09:00,151800.0,152400.0,150100.0,151900.0,2298,0.0,0.0
2024-04-25 12:00:00+09:00,152200.0,152400.0,151700.0,151800.0,1395,0.0,0.0
2024-04-25 13:00:00+09:00,151900.0,152100.0,150700.0,151500.0,2026,0.0,0.0
2024-04-25 14:00:00+09:00,151500.0,151500.0,150000.0,150100.0,2358,0.0,0.0
2024-04-26 09:00:00+09:00,151200.0,153500.0,149500.0,149500.0,4921,0.0,0.0
2024-04-26 10:00:00+09:00,149300.0,152500.0,148800.0,152200.0,3847,0.0,0.0
2024-04-26 11:00:00+09:00,152300.0,152800.0,151500.0,151800.0,2582,0.0,0.0
2024-04-26 12:00:00+09:00,151900.0,152400.0,150600.0,151000.0,2024,0.0,0.0
2024-04-26 13:00:00+09:00,150700.0,151800.0,150400.0,151500.0,2124,0.0,0.0
2024-04-26 14:00:00+09:00,151600.0,152000.0,150900.0,151200.0,2606,0.0,0.0
2024-04-29 09:00:00+09:00,151600.0,153700.0,148100.0,149100.0,0,0.0,0.0
2024-04-29 10:00:00+09:00,149200.0,149400.0,147100.0,148000.0,6584,0.0,0.0
2024-04-29 11:00:00+09:00,148000.0,148100.0,146700.0,147000.0,5434,0.0,0.0
2024-04-29 12:00:00+09:00,147100.0,147300.0,145600.0,146400.0,7758,0.0,0.0
2024-04-29 13:00:00+09:00,146400.0,147800.0,146100.0,146900.0,4373,0.0,0.0
2024-04-29 14:00:00+09:00,146900.0,149100.0,146800.0,149000.0,5676,0.0,0.0
2024-04-30 09:00:00+09:00,148200.0,151500.0,148100.0,150500.0,3940,0.0,0.0
2024-04-30 10:00:00+09:00,150500.0,151100.0,149100.0,149300.0,2007,0.0,0.0
2024-04-30 11:00:00+09:00,149400.0,149500.0,148700.0,148900.0,1375,0.0,0.0
2024-04-30 12:00:00+09:00,149300.0,149900.0,148900.0,149400.0,1569,0.0,0.0
2024-04-30 13:00:00+09:00,149600.0,150000.0,148300.0,148500.0,3136,0.0,0.0
2024-04-30 14:00:00+09:00,148500.0,148700.0,148100.0,148500.0,3229,0.0,0.0
2024-05-02 09:00:00+09:00,149000.0,153600.0,149000.0,153200.0,0,0.0,0.0
2024-05-02 10:00:00+09:00,153500.0,154800.0,152900.0,154500.0,7662,0.0,0.0
2024-05-02 11:00:00+09:00,154500.0,156100.0,154200.0,155800.0,5264,0.0,0.0
2024-05-02 12:00:00+09:00,155700.0,155800.0,154900.0,155000.0,1670,0.0,0.0
2024-05-02 13:00:00+09:00,155200.0,155400.0,154200.0,154200.0,1701,0.0,0.0
2024-05-02 14:00:00+09:00,154300.0,155000.0,153900.0,154300.0,3493,0.0,0.0
2024-05-03 09:00:00+09:00,156600.0,157900.0,153900.0,157900.0,10457,0.0,0.0
2024-05-03 10:00:00+09:00,157800.0,158100.0,156100.0,156400.0,4780,0.0,0.0
2024-05-03 11:00:00+09:00,156100.0,156200.0,155000.0,155600.0,2974,0.0,0.0
2024-05-03 12:00:00+09:00,155600.0,156000.0,155000.0,155600.0,3049,0.0,0.0
2024-05-03 13:00:00+09:00,155600.0,156000.0,155000.0,155300.0,2519,0.0,0.0
2024-05-03 14:00:00+09:00,155300.0,157200.0,155300.0,156800.0,4620,0.0,0.0
2024-05-07 09:00:00+09:00,157100.0,157500.0,154100.0,156700.0,0,0.0,0.0
2024-05-07 10:00:00+09:00,156700.0,158000.0,156500.0,157500.0,8321,0.0,0.0
2024-05-07 11:00:00+09:00,157600.0,159500.0,157600.0,157900.0,10207,0.0,0.0
2024-05-07 12:00:00+09:00,158000.0,158400.0,156800.0,157300.0,5865,0.0,0.0
2024-05-07 13:00:00+09:00,157300.0,157800.0,156600.0,157400.0,7200,0.0,0.0
2024-05-07 14:00:00+09:00,157500.0,157500.0,155800.0,156300.0,9637,0.0,0.0
2024-05-08 09:00:00+09:00,152800.0,158000.0,152800.0,155500.0,5705,0.0,0.0
2024-05-08 10:00:00+09:00,155900.0,156600.0,155400.0,156600.0,1083,0.0,0.0
2024-05-08 11:00:00+09:00,156600.0,157800.0,156400.0,157700.0,2246,0.0,0.0
2024-05-08 12:00:00+09:00,157800.0,157800.0,157200.0,157700.0,2348,0.0,0.0
2024-05-08 13:00:00+09:00,157600.0,158900.0,157500.0,158000.0,4586,0.0,0.0
2024-05-08 14:00:00+09:00,158000.0,159400.0,158000.0,159300.0,4261,0.0,0.0
2024-05-09 09:00:00+09:00,156900.0,159800.0,156600.0,159200.0,3064,0.0,0.0
2024-05-09 10:00:00+09:00,159700.0,159700.0,158800.0,158900.0,2431,0.0,0.0
2024-05-09 11:00:00+09:00,158900.0,159100.0,158400.0,158600.0,1911,0.0,0.0
2024-05-09 12:00:00+09:00,158600.0,158900.0,158200.0,158500.0,1232,0.0,0.0
2024-05-09 13:00:00+09:00,158600.0,159000.0,158200.0,158400.0,1606,0.0,0.0
2024-05-09 14:00:00+09:00,158500.0,159100.0,158000.0,158800.0,3719,0.0,0.0
2024-05-10 09:00:00+09:00,159600.0,162000.0,157800.0,159500.0,8848,0.0,0.0
2024-05-10 10:00:00+09:00,159500.0,159800.0,158100.0,158200.0,3468,0.0,0.0
2024-05-10 11:00:00+09:00,158200.0,160000.0,157900.0,158500.0,4464,0.0,0.0
2024-05-10 12:00:00+09:00,158600.0,159300.0,158300.0,159000.0,3127,0.0,0.0
2024-05-10 13:00:00+09:00,159100.0,161300.0,159000.0,161300.0,5727,0.0,0.0
2024-05-10 14:00:00+09:00,161200.0,161400.0,160200.0,161100.0,4492,0.0,0.0
2024-05-13 09:00:00+09:00,162000.0,162000.0,159500.0,160500.0,0,0.0,0.0
2024-05-13 10:00:00+09:00,160000.0,161000.0,159100.0,160900.0,3313,0.0,0.0
2024-05-13 11:00:00+09:00,160900.0,161300.0,160000.0,161300.0,830,0.0,0.0
2024-05-13 12:00:00+09:00,161200.0,162400.0,161100.0,161200.0,1938,0.0,0.0
2024-05-13 13:00:00+09:00,161200.0,161200.0,160300.0,160800.0,963,0.0,0.0
2024-05-13 14:00:00+09:00,160800.0,161200.0,160400.0,160500.0,808,0.0,0.0
2024-05-14 09:00:00+09:00,161900.0,166300.0,160600.0,166300.0,12369,0.0,0.0
2024-05-14 10:00:00+09:00,166300.0,166700.0,164800.0,165200.0,5140,0.0,0.0
2024-05-14 11:00:00+09:00,165200.0,166200.0,164500.0,166100.0,3105,0.0,0.0
2024-05-14 12:00:00+09:00,166200.0,166400.0,165000.0,165700.0,3871,0.0,0.0
2024-05-14 13:00:00+09:00,165800.0,166000.0,165000.0,165600.0,4489,0.0,0.0
2024-05-14 14:00:00+09:00,165600.0,165900.0,163900.0,164800.0,6364,0.0,0.0
2024-05-16 09:00:00+09:00,169000.0,169000.0,166500.0,167500.0,0,0.0,0.0
2024-05-16 10:00:00+09:00,167500.0,169300.0,166800.0,168600.0,6846,0.0,0.0
2024-05-16 11:00:00+09:00,168600.0,169000.0,168100.0,168400.0,2949,0.0,0.0
2024-05-16 12:00:00+09:00,168400.0,168600.0,166800.0,168000.0,3335,0.0,0.0
2024-05-16 13:00:00+09:00,168000.0,168200.0,167000.0,167900.0,5751,0.0,0.0
2024-05-16 14:00:00+09:00,167900.0,168300.0,167000.0,168000.0,4433,0.0,0.0
2024-05-17 09:00:00+09:00,169200.0,169500.0,166700.0,169300.0,7813,0.0,0.0
2024-05-17 10:00:00+09:00,169300.0,169800.0,169100.0,169700.0,5133,0.0,0.0
2024-05-17 11:00:00+09:00,169700.0,169800.0,168900.0,169500.0,2466,0.0,0.0
2024-05-17 12:00:00+09:00,169400.0,169700.0,168500.0,168900.0,2264,0.0,0.0
2024-05-17 13:00:00+09:00,168800.0,169500.0,168300.0,168900.0,2599,0.0,0.0
2024-05-17 14:00:00+09:00,169000.0,169300.0,167700.0,167900.0,3643,0.0,0.0
2024-05-20 09:00:00+09:00,170000.0,170000.0,168000.0,168100.0,0,0.0,0.0
2024-05-20 10:00:00+09:00,168000.0,168900.0,166500.0,167400.0,4260,0.0,0.0
2024-05-20 11:00:00+09:00,167400.0,167500.0,167100.0,167400.0,1260,0.0,0.0
2024-05-20 12:00:00+09:00,167400.0,167800.0,167100.0,167700.0,1708,0.0,0.0
2024-05-20 13:00:00+09:00,167600.0,168000.0,167100.0,167400.0,1199,0.0,0.0
2024-05-20 14:00:00+09:00,167400.0,167800.0,167300.0,167400.0,1978,0.0,0.0
2024-05-21 09:00:00+09:00,168900.0,172500.0,167800.0,171000.0,15915,0.0,0.0
2024-05-21 10:00:00+09:00,171000.0,173200.0,170900.0,173000.0,16921,0.0,0.0
2024-05-21 11:00:00+09:00,173000.0,174900.0,173000.0,174800.0,11260,0.0,0.0
2024-05-21 12:00:00+09:00,174900.0,175500.0,172400.0,175500.0,11519,0.0,0.0
2024-05-21 13:00:00+09:00,175500.0,175700.0,175000.0,175300.0,7309,0.0,0.0
2024-05-21 14:00:00+09:00,175200.0,175400.0,172700.0,174300.0,10086,0.0,0.0
2024-05-22 09:00:00+09:00,175000.0,177100.0,173000.0,175500.0,10863,0.0,0.0
2024-05-22 10:00:00+09:00,175500.0,176700.0,175000.0,175800.0,4844,0.0,0.0
2024-05-22 11:00:00+09:00,175800.0,178200.0,175600.0,178100.0,8355,0.0,0.0
2024-05-22 12:00:00+09:00,178100.0,178400.0,177100.0,177600.0,5591,0.0,0.0
2024-05-22 13:00:00+09:00,177600.0,177900.0,176700.0,177200.0,6267,0.0,0.0
2024-05-22 14:00:00+09:00,177200.0,177700.0,175900.0,177500.0,6792,0.0,0.0
2024-05-23 09:00:00+09:00,178900.0,179900.0,176000.0,179300.0,7412,0.0,0.0
2024-05-23 10:00:00+09:00,179300.0,180000.0,178900.0,179900.0,6753,0.0,0.0
2024-05-23 11:00:00+09:00,179900.0,180100.0,178100.0,179700.0,6066,0.0,0.0
2024-05-23 12:00:00+09:00,179800.0,180200.0,179500.0,180200.0,4743,0.0,0.0
2024-05-23 13:00:00+09:00,180200.0,180300.0,179800.0,179900.0,6689,0.0,0.0
2024-05-23 14:00:00+09:00,179800.0,180300.0,179700.0,180100.0,6138,0.0,0.0
2024-05-24 09:00:00+09:00,178600.0,180000.0,177700.0,178300.0,6737,0.0,0.0
2024-05-24 10:00:00+09:00,178300.0,178700.0,177200.0,177300.0,5701,0.0,0.0
2024-05-24 11:00:00+09:00,177200.0,178200.0,177000.0,177400.0,4527,0.0,0.0
2024-05-24 12:00:00+09:00,177300.0,179100.0,177300.0,178200.0,3431,0.0,0.0
2024-05-24 13:00:00+09:00,178200.0,178500.0,177200.0,177600.0,3885,0.0,0.0
2024-05-24 14:00:00+09:00,177700.0,178400.0,176500.0,176500.0,6459,0.0,0.0
2024-05-27 09:00:00+09:00,176700.0,179300.0,176300.0,179100.0,0,0.0,0.0
2024-05-27 10:00:00+09:00,179100.0,179300.0,177700.0,177800.0,2051,0.0,0.0
2024-05-27 11:00:00+09:00,177800.0,178000.0,177000.0,177800.0,2792,0.0,0.0
2024-05-27 12:00:00+09:00,177900.0,178200.0,177000.0,177000.0,2936,0.0,0.0
2024-05-27 13:00:00+09:00,177100.0,177500.0,169000.0,172700.0,6801,0.0,0.0
2024-05-27 14:00:00+09:00,172700.0,175500.0,172300.0,175100.0,6291,0.0,0.0
2024-05-28 09:00:00+09:00,174000.0,174200.0,172000.0,173200.0,8003,0.0,0.0
2024-05-28 10:00:00+09:00,173200.0,176300.0,173100.0,175700.0,4227,0.0,0.0
2024-05-28 11:00:00+09:00,175600.0,176000.0,175300.0,175700.0,1744,0.0,0.0
2024-05-28 12:00:00+09:00,175700.0,176100.0,174000.0,174300.0,2680,0.0,0.0
2024-05-28 13:00:00+09:00,174400.0,174900.0,174000.0,174800.0,3010,0.0,0.0
2024-05-28 14:00:00+09:00,174800.0,175400.0,174300.0,174700.0,3089,0.0,0.0
2024-05-29 09:00:00+09:00,175900.0,175900.0,171600.0,172400.0,5884,0.0,0.0
2024-05-29 10:00:00+09:00,172400.0,172400.0,170800.0,171800.0,3995,0.0,0.0
2024-05-29 11:00:00+09:00,171700.0,171800.0,170100.0,170600.0,2925,0.0,0.0
2024-05-29 12:00:00+09:00,170600.0,172500.0,170600.0,172500.0,2957,0.0,0.0
2024-05-29 13:00:00+09:00,172500.0,172500.0,169300.0,170000.0,4295,0.0,0.0
2024-05-29 14:00:00+09:00,170000.0,170900.0,169500.0,170900.0,3617,0.0,0.0
2024-05-30 09:00:00+09:00,169100.0,169500.0,166600.0,167700.0,5413,0.0,0.0
2024-05-30 10:00:00+09:00,167700.0,168700.0,167600.0,168400.0,1450,0.0,0.0
2024-05-30 11:00:00+09:00,168300.0,168800.0,168000.0,168600.0,1797,0.0,0.0
2024-05-30 12:00:00+09:00,168600.0,169200.0,168300.0,168500.0,918,0.0,0.0
2024-05-30 13:00:00+09:00,168500.0,168600.0,167800.0,168100.0,1363,0.0,0.0
2024-05-30 14:00:00+09:00,168000.0,169800.0,167100.0,169400.0,4080,0.0,0.0
2024-05-31 09:00:00+09:00,170300.0,171800.0,169900.0,170600.0,5459,0.0,0.0
2024-05-31 10:00:00+09:00,170600.0,171300.0,170000.0,170300.0,3087,0.0,0.0
2024-05-31 11:00:00+09:00,170100.0,172200.0,170100.0,171800.0,5503,0.0,0.0
2024-05-31 12:00:00+09:00,171500.0,172200.0,171400.0,172100.0,2293,0.0,0.0
2024-05-31 13:00:00+09:00,172200.0,174400.0,169700.0,173900.0,7360,0.0,0.0
2024-05-31 14:00:00+09:00,174200.0,177000.0,173100.0,176900.0,8840,0.0,0.0
2024-06-03 09:00:00+09:00,179800.0,179800.0,175500.0,178000.0,0,0.0,0.0
2024-06-03 10:00:00+09:00,177000.0,178500.0,176700.0,178500.0,8262,0.0,0.0
2024-06-03 11:00:00+09:00,178500.0,179700.0,178300.0,179400.0,2109,0.0,0.0
2024-06-03 12:00:00+09:00,179400.0,181300.0,179100.0,180400.0,3201,0.0,0.0
2024-06-03 13:00:00+09:00,180300.0,180600.0,178500.0,180300.0,2294,0.0,0.0
2024-06-03 14:00:00+09:00,180300.0,180300.0,179600.0,179600.0,3163,0.0,0.0
2024-06-04 09:00:00+09:00,180000.0,185500.0,179200.0,184600.0,12357,0.0,0.0
2024-06-04 10:00:00+09:00,184700.0,185300.0,183000.0,184900.0,6449,0.0,0.0
2024-06-04 11:00:00+09:00,184800.0,186900.0,184700.0,186400.0,13236,0.0,0.0
2024-06-04 12:00:00+09:00,186400.0,186900.0,186100.0,186800.0,4669,0.0,0.0
2024-06-04 13:00:00+09:00,186900.0,189500.0,186400.0,189400.0,18053,0.0,0.0
2024-06-04 14:00:00+09:00,189100.0,189400.0,186900.0,188200.0,12003,0.0,0.0
2024-06-05 09:00:00+09:00,185800.0,187500.0,179000.0,180500.0,7536,0.0,0.0
2024-06-05 10:00:00+09:00,180500.0,182700.0,180400.0,181800.0,2408,0.0,0.0
2024-06-05 11:00:00+09:00,181800.0,181800.0,180600.0,180600.0,1503,0.0,0.0
2024-06-05 12:00:00+09:00,180700.0,182700.0,180600.0,181000.0,1273,0.0,0.0
2024-06-05 13:00:00+09:00,181000.0,181400.0,178900.0,178900.0,6198,0.0,0.0
2024-06-05 14:00:00+09:00,179000.0,182300.0,178800.0,182200.0,8967,0.0,0.0
2024-06-07 09:00:00+09:00,179100.0,180000.0,175000.0,179100.0,0,0.0,0.0
2024-06-07 10:00:00+09:00,179000.0,179600.0,178000.0,178600.0,1822,0.0,0.0
2024-06-07 11:00:00+09:00,178400.0,178700.0,177900.0,178100.0,1269,0.0,0.0
2024-06-07 12:00:00+09:00,178100.0,178900.0,178000.0,178400.0,876,0.0,0.0
2024-06-07 13:00:00+09:00,178400.0,178400.0,177900.0,178100.0,1216,0.0,0.0
2024-06-07 14:00:00+09:00,178000.0,178900.0,177500.0,178400.0,3614,0.0,0.0
2024-06-10 09:00:00+09:00,174500.0,178400.0,174500.0,176000.0,0,0.0,0.0
2024-06-10 10:00:00+09:00,176100.0,180700.0,176000.0,180700.0,2719,0.0,0.0
2024-06-10 11:00:00+09:00,180500.0,181700.0,180400.0,181500.0,3899,0.0,0.0
2024-06-10 12:00:00+09:00,181600.0,181600.0,180600.0,180700.0,1972,0.0,0.0
2024-06-10 13:00:00+09:00,180600.0,182600.0,180400.0,182100.0,4026,0.0,0.0
2024-06-10 14:00:00+09:00,182000.0,182600.0,181400.0,181600.0,2814,0.0,0.0
2024-06-11 09:00:00+09:00,180600.0,181700.0,179000.0,180000.0,2613,0.0,0.0
2024-06-11 10:00:00+09:00,180000.0,180900.0,179000.0,179200.0,1114,0.0,0.0
2024-06-11 11:00:00+09:00,179200.0,180000.0,177500.0,177500.0,1948,0.0,0.0
2024-06-11 12:00:00+09:00,177900.0,178000.0,176500.0,176900.0,2222,0.0,0.0
2024-06-11 13:00:00+09:00,176800.0,176900.0,175500.0,175800.0,3932,0.0,0.0
2024-06-11 14:00:00+09:00,175900.0,176600.0,175400.0,176000.0,3048,0.0,0.0
2024-06-12 09:00:00+09:00,174200.0,176600.0,171300.0,171400.0,11589,0.0,0.0
2024-06-12 10:00:00+09:00,171400.0,173300.0,171200.0,172300.0,3954,0.0,0.0
2024-06-12 11:00:00+09:00,172200.0,173600.0,172100.0,173400.0,3088,0.0,0.0
2024-06-12 12:00:00+09:00,173300.0,173700.0,172800.0,173600.0,1997,0.0,0.0
2024-06-12 13:00:00+09:00,173600.0,174200.0,173000.0,174100.0,1900,0.0,0.0
2024-06-12 14:00:00+09:00,174000.0,174300.0,173100.0,173800.0,3085,0.0,0.0
2024-06-13 09:00:00+09:00,173400.0,174600.0,169500.0,173500.0,7612,0.0,0.0
2024-06-13 10:00:00+09:00,173500.0,175700.0,173300.0,174300.0,4457,0.0,0.0
2024-06-13 11:00:00+09:00,174300.0,175200.0,173900.0,174500.0,2155,0.0,0.0
2024-06-13 12:00:00+09:00,174500.0,175000.0,174000.0,174600.0,2020,0.0,0.0
2024-06-13 13:00:00+09:00,174600.0,174900.0,173400.0,173400.0,3617,0.0,0.0
2024-06-13 14:00:00+09:00,173400.0,174000.0,173400.0,173700.0,3063,0.0,0.0
2024-06-14 09:00:00+09:00,174100.0,180200.0,174100.0,179300.0,12722,0.0,0.0
2024-06-14 10:00:00+09:00,179200.0,179900.0,178000.0,178900.0,4015,0.0,0.0
2024-06-14 11:00:00+09:00,178900.0,179600.0,178800.0,179600.0,3106,0.0,0.0
2024-06-14 12:00:00+09:00,179600.0,180400.0,179500.0,179500.0,4340,0.0,0.0
2024-06-14 13:00:00+09:00,179600.0,179800.0,178500.0,179100.0,7651,0.0,0.0
2024-06-14 14:00:00+09:00,179200.0,179700.0,178700.0,179000.0,8978,0.0,0.0
2024-06-17 09:00:00+09:00,178700.0,179300.0,175600.0,177500.0,0,0.0,0.0
2024-06-17 10:00:00+09:00,177400.0,178700.0,177100.0,177900.0,2965,0.0,0.0
2024-06-17 11:00:00+09:00,177600.0,178000.0,177000.0,177000.0,2329,0.0,0.0
2024-06-17 12:00:00+09:00,177000.0,178000.0,177000.0,177100.0,1464,0.0,0.0
2024-06-17 13:00:00+09:00,177100.0,177900.0,177100.0,177600.0,1685,0.0,0.0
2024-06-17 14:00:00+09:00,177600.0,178200.0,177100.0,177100.0,2629,0.0,0.0
2024-06-18 09:00:00+09:00,178000.0,179700.0,176800.0,178600.0,5157,0.0,0.0
2024-06-18 10:00:00+09:00,178600.0,178800.0,177600.0,178100.0,2591,0.0,0.0
2024-06-18 11:00:00+09:00,178200.0,179400.0,178000.0,178800.0,2366,0.0,0.0
2024-06-18 12:00:00+09:00,178800.0,178900.0,178100.0,178100.0,1630,0.0,0.0
2024-06-18 13:00:00+09:00,178100.0,178300.0,177600.0,177700.0,2045,0.0,0.0
2024-06-18 14:00:00+09:00,177800.0,178100.0,177200.0,177800.0,2620,0.0,0.0
2024-06-19 09:00:00+09:00,179100.0,187500.0,178600.0,187400.0,21362,0.0,0.0
2024-06-19 10:00:00+09:00,187100.0,187500.0,184000.0,185100.0,5743,0.0,0.0
2024-06-19 11:00:00+09:00,185100.0,190000.0,185100.0,189900.0,16826,0.0,0.0
2024-06-19 12:00:00+09:00,189900.0,191000.0,189500.0,190800.0,13511,0.0,0.0
2024-06-19 13:00:00+09:00,190600.0,190800.0,187100.0,189900.0,13978,0.0,0.0
2024-06-19 14:00:00+09:00,189900.0,192300.0,189400.0,191700.0,18347,0.0,0.0
2024-06-20 09:00:00+09:00,190000.0,191000.0,180000.0,188800.0,7902,0.0,0.0
2024-06-20 10:00:00+09:00,188900.0,189100.0,185900.0,186000.0,5321,0.0,0.0
2024-06-20 11:00:00+09:00,186000.0,188800.0,185900.0,188600.0,1152,0.0,0.0
2024-06-20 12:00:00+09:00,188600.0,189300.0,187700.0,187800.0,1337,0.0,0.0
2024-06-20 13:00:00+09:00,187900.0,188000.0,186500.0,186600.0,2142,0.0,0.0
2024-06-20 14:00:00+09:00,186600.0,187300.0,186000.0,187000.0,1669,0.0,0.0
2024-06-21 09:00:00+09:00,181800.0,184500.0,178900.0,183600.0,8323,0.0,0.0
2024-06-21 10:00:00+09:00,183400.0,183900.0,182500.0,182500.0,1312,0.0,0.0
2024-06-21 11:00:00+09:00,182500.0,184500.0,182000.0,183800.0,1841,0.0,0.0
2024-06-21 12:00:00+09:00,183700.0,186300.0,183700.0,185100.0,1681,0.0,0.0
2024-06-21 13:00:00+09:00,185000.0,185000.0,183300.0,184000.0,1469,0.0,0.0
2024-06-21 14:00:00+09:00,183900.0,185500.0,182100.0,184700.0,3382,0.0,0.0
2024-06-24 09:00:00+09:00,180700.0,184400.0,180500.0,180700.0,0,0.0,0.0
2024-06-24 10:00:00+09:00,180700.0,181700.0,179800.0,181300.0,2273,0.0,0.0
2024-06-24 11:00:00+09:00,181300.0,181400.0,179700.0,180300.0,2092,0.0,0.0
2024-06-24 12:00:00+09:00,180100.0,181000.0,179700.0,180100.0,2124,0.0,0.0
2024-06-24 13:00:00+09:00,180500.0,183100.0,180100.0,182700.0,3241,0.0,0.0
2024-06-24 14:00:00+09:00,182800.0,184500.0,182100.0,184100.0,6357,0.0,0.0
2024-06-25 09:00:00+09:00,181300.0,185000.0,181300.0,184400.0,1678,0.0,0.0
2024-06-25 10:00:00+09:00,184800.0,186100.0,184200.0,184200.0,1434,0.0,0.0
2024-06-25 11:00:00+09:00,184300.0,187000.0,184000.0,184600.0,1537,0.0,0.0
2024-06-25 12:00:00+09:00,184700.0,185500.0,184200.0,184300.0,818,0.0,0.0
2024-06-25 13:00:00+09:00,184300.0,186000.0,184300.0,184500.0,1265,0.0,0.0
2024-06-25 14:00:00+09:00,184500.0,185900.0,184500.0,185800.0,751,0.0,0.0
2024-06-26 09:00:00+09:00,187000.0,187000.0,183100.0,183400.0,1206,0.0,0.0
2024-06-26 10:00:00+09:00,183700.0,183700.0,182900.0,183200.0,873,0.0,0.0
2024-06-26 11:00:00+09:00,182900.0,184200.0,182800.0,182900.0,532,0.0,0.0
2024-06-26 12:00:00+09:00,183500.0,183700.0,182900.0,182900.0,290,0.0,0.0
2024-06-26 13:00:00+09:00,183200.0,186900.0,182900.0,186400.0,3088,0.0,0.0
2024-06-26 14:00:00+09:00,186500.0,186600.0,185400.0,185600.0,1988,0.0,0.0
2024-06-27 09:00:00+09:00,184100.0,186900.0,183200.0,184500.0,4013,0.0,0.0
2024-06-27 10:00:00+09:00,184400.0,185300.0,183900.0,184500.0,2436,0.0,0.0
2024-06-27 11:00:00+09:00,184700.0,186600.0,184500.0,186200.0,2236,0.0,0.0
2024-06-27 12:00:00+09:00,186300.0,186800.0,186000.0,186500.0,2800,0.0,0.0
2024-06-27 13:00:00+09:00,186500.0,187100.0,186500.0,186700.0,2668,0.0,0.0
2024-06-27 14:00:00+09:00,186600.0,187400.0,186000.0,187000.0,2969,0.0,0.0
2024-06-28 09:00:00+09:00,188000.0,188000.0,182200.0,185200.0,6877,0.0,0.0
2024-06-28 10:00:00+09:00,185600.0,186100.0,184700.0,185100.0,3777,0.0,0.0
2024-06-28 11:00:00+09:00,185100.0,186300.0,184300.0,185800.0,5481,0.0,0.0
2024-06-28 12:00:00+09:00,185800.0,186500.0,185600.0,185600.0,4468,0.0,0.0
2024-06-28 13:00:00+09:00,186000.0,187200.0,185100.0,186800.0,4699,0.0,0.0
2024-06-28 14:00:00+09:00,186800.0,187100.0,186000.0,186700.0,5049,0.0,0.0
2024-07-01 09:00:00+09:00,183300.0,186800.0,182800.0,185000.0,0,0.0,0.0
2024-07-01 10:00:00+09:00,185000.0,185700.0,184600.0,185100.0,2169,0.0,0.0
2024-07-01 11:00:00+09:00,185000.0,189000.0,184900.0,188600.0,6130,0.0,0.0
2024-07-01 12:00:00+09:00,188500.0,190000.0,188100.0,189200.0,5033,0.0,0.0
2024-07-01 13:00:00+09:00,188900.0,189400.0,188200.0,189400.0,3827,0.0,0.0
2024-07-01 14:00:00+09:00,189400.0,189500.0,187900.0,189200.0,5435,0.0,0.0
2024-07-02 09:00:00+09:00,188500.0,189100.0,183900.0,185000.0,7947,0.0,0.0
2024-07-02 10:00:00+09:00,185000.0,185700.0,184500.0,185300.0,1504,0.0,0.0
2024-07-02 11:00:00+09:00,185400.0,186700.0,184600.0,185600.0,0,0.0,0.0
2024-07-02 12:00:00+09:00,186100.0,186100.0,184900.0,186100.0,12208,0.0,0.0
2024-07-02 13:00:00+09:00,186100.0,189000.0,185200.0,188300.0,4464,0.0,0.0
2024-07-02 14:00:00+09:00,188400.0,189400.0,188000.0,189000.0,2467,0.0,0.0
2024-07-03 09:00:00+09:00,187300.0,196400.0,187300.0,192200.0,16964,0.0,0.0
2024-07-03 10:00:00+09:00,191700.0,195400.0,189200.0,195000.0,8479,0.0,0.0
2024-07-03 11:00:00+09:00,194800.0,195000.0,194000.0,194900.0,2927,0.0,0.0
2024-07-03 12:00:00+09:00,194800.0,195500.0,194500.0,195500.0,4462,0.0,0.0
2024-07-03 13:00:00+09:00,195400.0,195500.0,194500.0,194600.0,2832,0.0,0.0
2024-07-03 14:00:00+09:00,194600.0,195300.0,193700.0,195000.0,9346,0.0,0.0
2024-07-04 09:00:00+09:00,195800.0,197700.0,193600.0,193900.0,4618,0.0,0.0
2024-07-04 10:00:00+09:00,193900.0,195800.0,193900.0,194300.0,2063,0.0,0.0
2024-07-04 11:00:00+09:00,194300.0,196400.0,194300.0,195900.0,1641,0.0,0.0
2024-07-04 12:00:00+09:00,196000.0,196500.0,195500.0,196500.0,2377,0.0,0.0
2024-07-04 13:00:00+09:00,196500.0,198600.0,196100.0,197100.0,6082,0.0,0.0
2024-07-04 14:00:00+09:00,197100.0,197500.0,196400.0,197200.0,3488,0.0,0.0
2024-07-05 09:00:00+09:00,197200.0,197500.0,191000.0,191000.0,9453,0.0,0.0
2024-07-05 10:00:00+09:00,190900.0,192500.0,190100.0,191300.0,4394,0.0,0.0
2024-07-05 11:00:00+09:00,191400.0,193000.0,190900.0,192500.0,4005,0.0,0.0
2024-07-05 12:00:00+09:00,192400.0,193200.0,192200.0,192900.0,2187,0.0,0.0
2024-07-05 13:00:00+09:00,192800.0,192900.0,192100.0,192500.0,2613,0.0,0.0
2024-07-05 14:00:00+09:00,192400.0,192800.0,192000.0,192100.0,4788,0.0,0.0
2024-07-08 09:00:00+09:00,193100.0,195700.0,190900.0,192200.0,0,0.0,0.0
2024-07-08 10:00:00+09:00,192300.0,192600.0,191200.0,191500.0,2344,0.0,0.0
2024-07-08 11:00:00+09:00,191500.0,191700.0,190900.0,190900.0,1973,0.0,0.0
2024-07-08 12:00:00+09:00,191000.0,191000.0,190200.0,190200.0,2140,0.0,0.0
2024-07-08 13:00:00+09:00,190300.0,190400.0,189600.0,189600.0,2836,0.0,0.0
2024-07-08 14:00:00+09:00,189700.0,189700.0,188200.0,188700.0,4027,0.0,0.0
2024-07-09 09:00:00+09:00,190000.0,190600.0,188600.0,189600.0,3362,0.0,0.0
2024-07-09 10:00:00+09:00,189600.0,190100.0,187000.0,188300.0,4524,0.0,0.0
2024-07-09 11:00:00+09:00,188300.0,189000.0,188200.0,188700.0,2215,0.0,0.0
2024-07-09 12:00:00+09:00,188700.0,190600.0,188400.0,190400.0,4759,0.0,0.0
2024-07-09 13:00:00+09:00,190400.0,191500.0,189700.0,190200.0,4485,0.0,0.0
2024-07-09 14:00:00+09:00,190200.0,193200.0,190200.0,193000.0,6824,0.0,0.0
2024-07-10 09:00:00+09:00,191600.0,196000.0,191200.0,191400.0,3267,0.0,0.0
2024-07-10 10:00:00+09:00,191500.0,191500.0,188500.0,188700.0,3345,0.0,0.0
2024-07-10 11:00:00+09:00,188900.0,191100.0,188800.0,191000.0,1525,0.0,0.0
2024-07-10 12:00:00+09:00,191100.0,192300.0,191000.0,192100.0,1680,0.0,0.0
2024-07-10 13:00:00+09:00,191900.0,192300.0,191400.0,192200.0,1287,0.0,0.0
2024-07-10 14:00:00+09:00,192100.0,192900.0,191900.0,192700.0,1422,0.0,0.0
2024-07-11 09:00:00+09:00,193100.0,193400.0,188600.0,189600.0,5415,0.0,0.0
2024-07-11 10:00:00+09:00,189600.0,190900.0,188800.0,190300.0,2827,0.0,0.0
2024-07-11 11:00:00+09:00,189900.0,190500.0,189600.0,189700.0,1097,0.0,0.0
2024-07-11 12:00:00+09:00,189800.0,189900.0,189000.0,189000.0,2649,0.0,0.0
2024-07-11 13:00:00+09:00,189100.0,189100.0,186100.0,186700.0,6404,0.0,0.0
2024-07-11 14:00:00+09:00,186600.0,186600.0,184200.0,184300.0,4544,0.0,0.0
2024-07-12 09:00:00+09:00,182300.0,182300.0,179400.0,180000.0,4050,0.0,0.0
2024-07-12 10:00:00+09:00,180000.0,180800.0,179400.0,179400.0,2930,0.0,0.0
2024-07-12 11:00:00+09:00,179400.0,179500.0,177300.0,177500.0,5912,0.0,0.0
2024-07-12 12:00:00+09:00,177500.0,177700.0,176700.0,176900.0,4434,0.0,0.0
2024-07-12 13:00:00+09:00,176900.0,177600.0,176300.0,176500.0,5413,0.0,0.0
2024-07-12 14:00:00+09:00,176400.0,176500.0,175200.0,175800.0,6152,0.0,0.0
2024-07-15 09:00:00+09:00,176100.0,177300.0,174200.0,175300.0,0,0.0,0.0
2024-07-15 10:00:00+09:00,175300.0,176300.0,174500.0,176200.0,1589,0.0,0.0
2024-07-15 11:00:00+09:00,176200.0,176500.0,175300.0,176100.0,3326,0.0,0.0
2024-07-15 12:00:00+09:00,176100.0,176800.0,175500.0,176300.0,1923,0.0,0.0
2024-07-15 13:00:00+09:00,176400.0,177500.0,175800.0,176600.0,1022,0.0,0.0
2024-07-15 14:00:00+09:00,176700.0,177400.0,176500.0,176700.0,1597,0.0,0.0
2024-07-16 09:00:00+09:00,176100.0,177200.0,173400.0,174200.0,4728,0.0,0.0
2024-07-16 10:00:00+09:00,174000.0,175200.0,174000.0,174100.0,1548,0.0,0.0
2024-07-16 11:00:00+09:00,174100.0,174800.0,173800.0,174700.0,1511,0.0,0.0
2024-07-16 12:00:00+09:00,174800.0,174800.0,174300.0,174400.0,1507,0.0,0.0
2024-07-16 13:00:00+09:00,174500.0,174900.0,173900.0,174800.0,2231,0.0,0.0
2024-07-16 14:00:00+09:00,174800.0,176400.0,174800.0,175800.0,1817,0.0,0.0
2024-07-17 09:00:00+09:00,177400.0,179000.0,176000.0,178500.0,3273,0.0,0.0
2024-07-17 10:00:00+09:00,178300.0,178400.0,175300.0,176800.0,4500,0.0,0.0
2024-07-17 11:00:00+09:00,176700.0,177100.0,174900.0,175500.0,4702,0.0,0.0
2024-07-17 12:00:00+09:00,175500.0,176400.0,174900.0,175300.0,2118,0.0,0.0
2024-07-17 13:00:00+09:00,175200.0,175200.0,172800.0,173200.0,4505,0.0,0.0
2024-07-17 14:00:00+09:00,173200.0,173300.0,169200.0,169200.0,11042,0.0,0.0
2024-07-18 09:00:00+09:00,169800.0,169800.0,158000.0,160200.0,22782,0.0,0.0
2024-07-18 10:00:00+09:00,160400.0,162800.0,160200.0,160700.0,10124,0.0,0.0
2024-07-18 11:00:00+09:00,160700.0,160900.0,158500.0,159100.0,13311,0.0,0.0
2024-07-18 12:00:00+09:00,159600.0,159600.0,156100.0,157600.0,15658,0.0,0.0
2024-07-18 13:00:00+09:00,157600.0,159900.0,157400.0,159700.0,9520,0.0,0.0
2024-07-18 14:00:00+09:00,159700.0,161500.0,159200.0,160400.0,8597,0.0,0.0
2024-07-19 09:00:00+09:00,159700.0,162300.0,158900.0,160400.0,2826,0.0,0.0
2024-07-19 10:00:00+09:00,160300.0,160400.0,159200.0,159900.0,1218,0.0,0.0
2024-07-19 11:00:00+09:00,160100.0,161400.0,159900.0,161400.0,1103,0.0,0.0
2024-07-19 12:00:00+09:00,160800.0,161400.0,160500.0,160900.0,988,0.0,0.0
2024-07-19 13:00:00+09:00,161000.0,166700.0,160700.0,166600.0,6188,0.0,0.0
2024-07-19 14:00:00+09:00,166600.0,166800.0,163200.0,163300.0,6787,0.0,0.0
2024-07-22 09:00:00+09:00,163700.0,165500.0,162500.0,165100.0,0,0.0,0.0
2024-07-22 10:00:00+09:00,165100.0,165100.0,163600.0,164200.0,721,0.0,0.0
2024-07-22 11:00:00+09:00,164200.0,165000.0,163600.0,165000.0,1234,0.0,0.0
2024-07-22 12:00:00+09:00,164900.0,166300.0,164800.0,166200.0,2619,0.0,0.0
2024-07-22 13:00:00+09:00,166200.0,166300.0,164000.0,164500.0,1963,0.0,0.0
2024-07-22 14:00:00+09:00,164400.0,164900.0,162900.0,163500.0,2352,0.0,0.0
2024-07-23 09:00:00+09:00,164200.0,166800.0,163000.0,163500.0,3026,0.0,0.0
2024-07-23 10:00:00+09:00,163400.0,163500.0,162000.0,162400.0,1678,0.0,0.0
2024-07-23 11:00:00+09:00,162300.0,162500.0,161200.0,161200.0,1267,0.0,0.0
2024-07-23 12:00:00+09:00,161200.0,162000.0,161100.0,161200.0,1135,0.0,0.0
2024-07-23 13:00:00+09:00,161300.0,162400.0,161000.0,161100.0,2926,0.0,0.0
2024-07-23 14:00:00+09:00,161100.0,161500.0,160100.0,160700.0,3955,0.0,0.0
2024-07-24 09:00:00+09:00,163000.0,171500.0,162200.0,169800.0,17633,0.0,0.0
2024-07-24 10:00:00+09:00,169800.0,174600.0,169500.0,174000.0,11817,0.0,0.0
2024-07-24 11:00:00+09:00,174000.0,176100.0,173600.0,174700.0,9045,0.0,0.0
2024-07-24 12:00:00+09:00,174700.0,176200.0,173200.0,176100.0,8526,0.0,0.0
2024-07-24 13:00:00+09:00,176000.0,176700.0,173800.0,174700.0,9890,0.0,0.0
2024-07-24 14:00:00+09:00,174700.0,176800.0,174100.0,176100.0,7948,0.0,0.0
2024-07-25 09:00:00+09:00,175700.0,177200.0,170700.0,176500.0,6659,0.0,0.0
2024-07-25 10:00:00+09:00,176500.0,178700.0,175400.0,176500.0,4553,0.0,0.0
2024-07-25 11:00:00+09:00,176600.0,176700.0,174600.0,174600.0,1904,0.0,0.0
2024-07-25 12:00:00+09:00,175100.0,176500.0,174600.0,175000.0,1645,0.0,0.0
2024-07-25 13:00:00+09:00,175200.0,175800.0,173300.0,174600.0,2835,0.0,0.0
2024-07-25 14:00:00+09:00,175200.0,175700.0,171300.0,173400.0,5407,0.0,0.0
2024-07-26 09:00:00+09:00,172700.0,176300.0,171700.0,173800.0,3224,0.0,0.0
2024-07-26 10:00:00+09:00,173800.0,174200.0,172800.0,173000.0,1377,0.0,0.0
2024-07-26 11:00:00+09:00,173000.0,173700.0,172000.0,173000.0,1293,0.0,0.0
2024-07-26 12:00:00+09:00,172500.0,173100.0,172100.0,172100.0,1524,0.0,0.0
2024-07-26 13:00:00+09:00,172300.0,174100.0,172100.0,173800.0,1338,0.0,0.0
2024-07-26 14:00:00+09:00,173900.0,174200.0,172900.0,172900.0,1266,0.0,0.0
2024-07-29 09:00:00+09:00,178600.0,178700.0,172600.0,172600.0,0,0.0,0.0
2024-07-29 10:00:00+09:00,172700.0,174000.0,171800.0,172500.0,1398,0.0,0.0
2024-07-29 11:00:00+09:00,172500.0,172500.0,171400.0,171800.0,1214,0.0,0.0
2024-07-29 12:00:00+09:00,171800.0,173000.0,171800.0,172700.0,1410,0.0,0.0
2024-07-29 13:00:00+09:00,172700.0,173500.0,171900.0,172800.0,1928,0.0,0.0
2024-07-29 14:00:00+09:00,172800.0,173600.0,171600.0,171800.0,1861,0.0,0.0
2024-07-30 09:00:00+09:00,170500.0,170500.0,166000.0,167700.0,3479,0.0,0.0
2024-07-30 10:00:00+09:00,167700.0,167800.0,164600.0,164800.0,2713,0.0,0.0
2024-07-30 11:00:00+09:00,165100.0,166300.0,164700.0,165100.0,1882,0.0,0.0
2024-07-30 12:00:00+09:00,165100.0,165200.0,164200.0,164200.0,4030,0.0,0.0
2024-07-30 13:00:00+09:00,164300.0,164400.0,163500.0,163900.0,3174,0.0,0.0
2024-07-30 14:00:00+09:00,164000.0,166600.0,163700.0,164700.0,4660,0.0,0.0
2024-07-31 09:00:00+09:00,164400.0,164400.0,161200.0,162300.0,4538,0.0,0.0
2024-07-31 10:00:00+09:00,162300.0,162700.0,161800.0,162500.0,2160,0.0,0.0
2024-07-31 11:00:00+09:00,162500.0,163600.0,162000.0,163200.0,1994,0.0,0.0
2024-07-31 12:00:00+09:00,163100.0,164300.0,162800.0,163800.0,2112,0.0,0.0
2024-07-31 13:00:00+09:00,164200.0,166100.0,163500.0,165400.0,3702,0.0,0.0
2024-07-31 14:00:00+09:00,165700.0,169000.0,164300.0,168300.0,5586,0.0,0.0
2024-08-01 09:00:00+09:00,167300.0,171900.0,167000.0,168500.0,4691,0.0,0.0
2024-08-01 10:00:00+09:00,168200.0,170100.0,167600.0,169700.0,783,0.0,0.0
2024-08-01 11:00:00+09:00,169700.0,170000.0,168400.0,169500.0,475,0.0,0.0
2024-08-01 12:00:00+09:00,169500.0,171500.0,168700.0,171400.0,2220,0.0,0.0
2024-08-01 13:00:00+09:00,171400.0,173900.0,171300.0,173500.0,3011,0.0,0.0
2024-08-01 14:00:00+09:00,173100.0,175400.0,173100.0,174900.0,6742,0.0,0.0
2024-08-02 09:00:00+09:00,173200.0,173200.0,167500.0,169000.0,5533,0.0,0.0
2024-08-02 10:00:00+09:00,169000.0,170000.0,167400.0,167500.0,4022,0.0,0.0
2024-08-02 11:00:00+09:00,167600.0,169100.0,165200.0,166900.0,5828,0.0,0.0
2024-08-02 12:00:00+09:00,166900.0,166900.0,164100.0,164300.0,4543,0.0,0.0
2024-08-02 13:00:00+09:00,164600.0,164700.0,161500.0,164400.0,6980,0.0,0.0
2024-08-02 14:00:00+09:00,164400.0,166100.0,162400.0,162600.0,10031,0.0,0.0
2024-08-05 09:00:00+09:00,158700.0,161400.0,155600.0,156000.0,0,0.0,0.0
2024-08-05 10:00:00+09:00,156000.0,157000.0,154200.0,156700.0,5829,0.0,0.0
2024-08-05 11:00:00+09:00,156800.0,156900.0,155000.0,155200.0,6178,0.0,0.0
2024-08-05 12:00:00+09:00,155400.0,156000.0,155000.0,155300.0,4941,0.0,0.0
2024-08-05 13:00:00+09:00,155200.0,155800.0,153900.0,154700.0,10655,0.0,0.0
2024-08-05 14:00:00+09:00,154000.0,154200.0,149500.0,154200.0,12375,0.0,0.0
2024-08-06 09:00:00+09:00,167000.0,175900.0,160000.0,175600.0,25937,0.0,0.0
2024-08-06 10:00:00+09:00,175600.0,176600.0,169200.0,171600.0,10318,0.0,0.0
2024-08-06 11:00:00+09:00,171600.0,172400.0,168400.0,169700.0,5673,0.0,0.0
2024-08-06 12:00:00+09:00,169200.0,171700.0,169000.0,170300.0,5544,0.0,0.0
2024-08-06 13:00:00+09:00,170200.0,171800.0,169900.0,170600.0,4576,0.0,0.0
2024-08-06 14:00:00+09:00,170700.0,170700.0,169400.0,170300.0,5708,0.0,0.0
2024-08-07 09:00:00+09:00,167600.0,170300.0,167000.0,170200.0,2998,0.0,0.0
2024-08-07 10:00:00+09:00,170200.0,173500.0,168700.0,173300.0,1649,0.0,0.0
2024-08-07 11:00:00+09:00,173300.0,176400.0,171100.0,174400.0,4794,0.0,0.0
2024-08-07 12:00:00+09:00,173700.0,176800.0,173700.0,175900.0,5467,0.0,0.0
2024-08-07 13:00:00+09:00,175900.0,179100.0,175900.0,178900.0,7226,0.0,0.0
2024-08-07 14:00:00+09:00,178900.0,180000.0,178400.0,179600.0,9454,0.0,0.0
2024-08-08 09:00:00+09:00,174700.0,180700.0,174100.0,178800.0,5849,0.0,0.0
2024-08-08 10:00:00+09:00,179300.0,182900.0,178900.0,181000.0,5327,0.0,0.0
2024-08-08 11:00:00+09:00,181000.0,182600.0,181000.0,182200.0,2913,0.0,0.0
2024-08-08 12:00:00+09:00,182200.0,183900.0,182000.0,183900.0,4474,0.0,0.0
2024-08-08 13:00:00+09:00,183900.0,186800.0,183900.0,186700.0,8633,0.0,0.0
2024-08-08 14:00:00+09:00,186700.0,186900.0,184400.0,185900.0,6912,0.0,0.0
2024-08-09 09:00:00+09:00,188800.0,192900.0,183100.0,183600.0,8823,0.0,0.0
2024-08-09 10:00:00+09:00,183600.0,184200.0,181600.0,182100.0,2077,0.0,0.0
2024-08-09 11:00:00+09:00,182000.0,182800.0,181600.0,182300.0,952,0.0,0.0
2024-08-09 12:00:00+09:00,182400.0,182400.0,181600.0,181600.0,391,0.0,0.0
2024-08-09 13:00:00+09:00,181600.0,183400.0,180100.0,183400.0,2554,0.0,0.0
2024-08-09 14:00:00+09:00,183400.0,187000.0,182300.0,185900.0,3310,0.0,0.0
2024-08-12 09:00:00+09:00,181600.0,187100.0,181500.0,186500.0,0,0.0,0.0
2024-08-12 10:00:00+09:00,186400.0,186400.0,183100.0,184700.0,1416,0.0,0.0
2024-08-12 11:00:00+09:00,184700.0,184700.0,182000.0,182100.0,685,0.0,0.0
2024-08-12 12:00:00+09:00,182300.0,183300.0,181700.0,182700.0,578,0.0,0.0
2024-08-12 13:00:00+09:00,182400.0,182700.0,181800.0,181800.0,170,0.0,0.0
2024-08-12 14:00:00+09:00,181800.0,183200.0,181600.0,182900.0,1005,0.0,0.0
2024-08-13 09:00:00+09:00,181000.0,186600.0,181000.0,184600.0,2751,0.0,0.0
2024-08-13 10:00:00+09:00,184700.0,184700.0,181100.0,181200.0,1478,0.0,0.0
2024-08-13 11:00:00+09:00,181200.0,183000.0,179900.0,181000.0,2154,0.0,0.0
2024-08-13 12:00:00+09:00,181000.0,184200.0,180900.0,183800.0,615,0.0,0.0
2024-08-13 13:00:00+09:00,183800.0,185900.0,182500.0,184200.0,2274,0.0,0.0
2024-08-13 14:00:00+09:00,184600.0,185200.0,181100.0,181500.0,780,0.0,0.0
2024-08-14 09:00:00+09:00,185100.0,187600.0,183200.0,186700.0,4380,0.0,0.0
2024-08-14 10:00:00+09:00,186800.0,186800.0,183700.0,185300.0,2234,0.0,0.0
2024-08-14 11:00:00+09:00,184800.0,186200.0,183800.0,185200.0,2676,0.0,0.0
2024-08-14 12:00:00+09:00,185200.0,186600.0,185100.0,185700.0,2587,0.0,0.0
2024-08-14 13:00:00+09:00,185700.0,186600.0,185300.0,186200.0,2518,0.0,0.0
2024-08-14 14:00:00+09:00,186400.0,187300.0,186200.0,186800.0,5118,0.0,0.0
2024-08-16 09:00:00+09:00,190000.0,191000.0,186400.0,188600.0,0,0.0,0.0
2024-08-16 10:00:00+09:00,188600.0,189600.0,186900.0,189600.0,2830,0.0,0.0
2024-08-16 11:00:00+09:00,189600.0,189900.0,189200.0,189600.0,1779,0.0,0.0
2024-08-16 12:00:00+09:00,189500.0,189700.0,189000.0,189400.0,1645,0.0,0.0
2024-08-16 13:00:00+09:00,189300.0,189700.0,189200.0,189600.0,3107,0.0,0.0
2024-08-16 14:00:00+09:00,189600.0,189700.0,189300.0,189700.0,2456,0.0,0.0
2024-08-19 09:00:00+09:00,188200.0,190600.0,188200.0,189800.0,0,0.0,0.0
2024-08-19 10:00:00+09:00,189800.0,189800.0,189000.0,189800.0,422,0.0,0.0
2024-08-19 11:00:00+09:00,189800.0,191200.0,189700.0,190800.0,3230,0.0,0.0
2024-08-19 12:00:00+09:00,190900.0,191000.0,190100.0,190100.0,586,0.0,0.0
2024-08-19 13:00:00+09:00,190600.0,191000.0,190300.0,191000.0,1142,0.0,0.0
2024-08-19 14:00:00+09:00,191000.0,192500.0,190500.0,190800.0,4180,0.0,0.0
2024-08-20 09:00:00+09:00,189300.0,192000.0,188900.0,190000.0,2293,0.0,0.0
2024-08-20 10:00:00+09:00,190200.0,193400.0,189800.0,192300.0,4427,0.0,0.0
2024-08-20 11:00:00+09:00,192300.0,193000.0,192000.0,192500.0,1348,0.0,0.0
2024-08-20 12:00:00+09:00,192200.0,192800.0,192200.0,192700.0,728,0.0,0.0
2024-08-20 13:00:00+09:00,192700.0,192800.0,192000.0,192300.0,1165,0.0,0.0
2024-08-20 14:00:00+09:00,192300.0,192800.0,191700.0,192600.0,988,0.0,0.0
2024-08-21 09:00:00+09:00,190000.0,195500.0,188400.0,194200.0,5815,0.0,0.0
2024-08-21 10:00:00+09:00,194900.0,198800.0,194300.0,195800.0,15108,0.0,0.0
2024-08-21 11:00:00+09:00,196500.0,197400.0,193700.0,194900.0,1719,0.0,0.0
2024-08-21 12:00:00+09:00,195000.0,195000.0,192300.0,194500.0,1031,0.0,0.0
2024-08-21 13:00:00+09:00,194500.0,194500.0,193200.0,194300.0,1739,0.0,0.0
2024-08-21 14:00:00+09:00,194300.0,196900.0,193500.0,196600.0,4734,0.0,0.0
2024-08-22 09:00:00+09:00,195800.0,196900.0,193200.0,193800.0,3818,0.0,0.0
2024-08-22 10:00:00+09:00,193700.0,193700.0,191600.0,192100.0,2590,0.0,0.0
2024-08-22 11:00:00+09:00,192200.0,196000.0,192200.0,195100.0,2399,0.0,0.0
2024-08-22 12:00:00+09:00,195000.0,195000.0,193100.0,193400.0,1965,0.0,0.0
2024-08-22 13:00:00+09:00,193400.0,195500.0,193100.0,193900.0,2598,0.0,0.0
2024-08-22 14:00:00+09:00,194000.0,196800.0,193100.0,195900.0,6122,0.0,0.0
2024-08-23 09:00:00+09:00,190700.0,195800.0,190500.0,195000.0,2419,0.0,0.0
2024-08-23 10:00:00+09:00,195000.0,198000.0,193000.0,193800.0,5139,0.0,0.0
2024-08-23 11:00:00+09:00,193900.0,194500.0,193400.0,193400.0,1039,0.0,0.0
2024-08-23 12:00:00+09:00,193400.0,193800.0,193300.0,193600.0,1120,0.0,0.0
2024-08-23 13:00:00+09:00,193300.0,193500.0,192800.0,192900.0,1480,0.0,0.0
2024-08-23 14:00:00+09:00,192900.0,195000.0,192800.0,194400.0,1948,0.0,0.0
2024-08-26 09:00:00+09:00,195900.0,195900.0,191300.0,191500.0,0,0.0,0.0
2024-08-26 10:00:00+09:00,192000.0,192000.0,186500.0,186800.0,3812,0.0,0.0
2024-08-26 11:00:00+09:00,186900.0,187800.0,183500.0,183600.0,4580,0.0,0.0
2024-08-26 12:00:00+09:00,183600.0,183800.0,182300.0,183100.0,3958,0.0,0.0
2024-08-26 13:00:00+09:00,183200.0,184800.0,182700.0,183200.0,3246,0.0,0.0
2024-08-26 14:00:00+09:00,183300.0,185500.0,183000.0,184400.0,3179,0.0,0.0
2024-08-27 09:00:00+09:00,186200.0,186200.0,181000.0,181500.0,2957,0.0,0.0
2024-08-27 10:00:00+09:00,181500.0,181700.0,181200.0,181400.0,1246,0.0,0.0
2024-08-27 11:00:00+09:00,181400.0,182400.0,181300.0,181700.0,775,0.0,0.0
2024-08-27 12:00:00+09:00,181600.0,181900.0,181200.0,181300.0,951,0.0,0.0
2024-08-27 13:00:00+09:00,181300.0,181700.0,181200.0,181500.0,810,0.0,0.0
2024-08-27 14:00:00+09:00,181500.0,184400.0,181500.0,184100.0,1835,0.0,0.0
2024-08-28 09:00:00+09:00,181900.0,186300.0,181200.0,183400.0,1938,0.0,0.0
2024-08-28 10:00:00+09:00,183500.0,183700.0,181700.0,183500.0,798,0.0,0.0
2024-08-28 11:00:00+09:00,183500.0,184700.0,182100.0,182400.0,655,0.0,0.0
2024-08-28 12:00:00+09:00,182500.0,183800.0,182400.0,183400.0,631,0.0,0.0
2024-08-28 13:00:00+09:00,183300.0,187900.0,183000.0,185900.0,1660,0.0,0.0
2024-08-28 14:00:00+09:00,185700.0,186100.0,185100.0,185400.0,2397,0.0,0.0
2024-08-29 09:00:00+09:00,180300.0,186400.0,180300.0,185100.0,2655,0.0,0.0
2024-08-29 10:00:00+09:00,185400.0,187300.0,184500.0,185200.0,2286,0.0,0.0
2024-08-29 11:00:00+09:00,185100.0,187200.0,185000.0,186700.0,1842,0.0,0.0
2024-08-29 12:00:00+09:00,186800.0,186800.0,185300.0,185400.0,749,0.0,0.0
2024-08-29 13:00:00+09:00,185400.0,185800.0,185200.0,185800.0,747,0.0,0.0
2024-08-29 14:00:00+09:00,185800.0,187500.0,185700.0,187400.0,3104,0.0,0.0
2024-08-30 09:00:00+09:00,191900.0,191900.0,186100.0,189300.0,1609,0.0,0.0
2024-08-30 10:00:00+09:00,189100.0,189900.0,187900.0,187900.0,785,0.0,0.0
2024-08-30 11:00:00+09:00,187900.0,189500.0,187300.0,188300.0,657,0.0,0.0
2024-08-30 12:00:00+09:00,188300.0,189700.0,187700.0,188900.0,792,0.0,0.0
2024-08-30 13:00:00+09:00,188900.0,189700.0,188200.0,189600.0,859,0.0,0.0
2024-08-30 14:00:00+09:00,189700.0,195000.0,189000.0,193900.0,10303,0.0,0.0
2024-09-02 09:00:00+09:00,188200.0,191400.0,187100.0,187300.0,0,0.0,0.0
2024-09-02 10:00:00+09:00,187400.0,188700.0,186700.0,187200.0,1644,0.0,0.0
2024-09-02 11:00:00+09:00,187200.0,187300.0,186900.0,187100.0,427,0.0,0.0
2024-09-02 12:00:00+09:00,187000.0,187300.0,186700.0,187000.0,730,0.0,0.0
2024-09-02 13:00:00+09:00,187000.0,187200.0,185700.0,186000.0,1474,0.0,0.0
2024-09-02 14:00:00+09:00,186400.0,187300.0,185800.0,186000.0,1917,0.0,0.0
2024-09-03 09:00:00+09:00,186100.0,188000.0,183000.0,184100.0,2471,0.0,0.0
2024-09-03 10:00:00+09:00,184200.0,184900.0,183700.0,184700.0,1056,0.0,0.0
2024-09-03 11:00:00+09:00,184800.0,184900.0,182500.0,183800.0,1682,0.0,0.0
2024-09-03 12:00:00+09:00,183800.0,184400.0,183000.0,183700.0,1100,0.0,0.0
2024-09-03 13:00:00+09:00,183000.0,183700.0,182900.0,183100.0,698,0.0,0.0
2024-09-03 14:00:00+09:00,183100.0,183900.0,182900.0,183100.0,767,0.0,0.0
2024-09-04 09:00:00+09:00,184700.0,184700.0,174300.0,174700.0,9312,0.0,0.0
2024-09-04 10:00:00+09:00,174800.0,176000.0,173300.0,174600.0,3738,0.0,0.0
2024-09-04 11:00:00+09:00,174700.0,175200.0,173800.0,173800.0,1960,0.0,0.0
2024-09-04 12:00:00+09:00,173900.0,173900.0,171000.0,172400.0,4904,0.0,0.0
2024-09-04 13:00:00+09:00,172500.0,174400.0,172000.0,172000.0,2919,0.0,0.0
2024-09-04 14:00:00+09:00,172700.0,175100.0,171500.0,172700.0,3784,0.0,0.0
2024-09-05 09:00:00+09:00,176300.0,178400.0,174700.0,174700.0,2191,0.0,0.0
2024-09-05 10:00:00+09:00,174500.0,176400.0,171800.0,173800.0,2156,0.0,0.0
2024-09-05 11:00:00+09:00,172100.0,174100.0,171300.0,172400.0,2925,0.0,0.0
2024-09-05 12:00:00+09:00,172500.0,172500.0,170400.0,170400.0,1947,0.0,0.0
2024-09-05 13:00:00+09:00,170500.0,171500.0,169000.0,169100.0,3218,0.0,0.0
2024-09-05 14:00:00+09:00,169100.0,170800.0,169000.0,169000.0,4699,0.0,0.0
2024-09-06 09:00:00+09:00,167000.0,169600.0,165200.0,165900.0,3712,0.0,0.0
2024-09-06 10:00:00+09:00,165900.0,168600.0,165600.0,167000.0,4071,0.0,0.0
2024-09-06 11:00:00+09:00,167700.0,170900.0,167300.0,169000.0,3582,0.0,0.0
2024-09-06 12:00:00+09:00,169000.0,172800.0,168100.0,172100.0,4992,0.0,0.0
2024-09-06 13:00:00+09:00,172100.0,173700.0,171100.0,173200.0,3716,0.0,0.0
2024-09-06 14:00:00+09:00,173200.0,173600.0,170500.0,172000.0,4412,0.0,0.0
2024-09-09 09:00:00+09:00,173000.0,173000.0,166500.0,172100.0,0,0.0,0.0
2024-09-09 10:00:00+09:00,172000.0,178400.0,171400.0,178000.0,5173,0.0,0.0
2024-09-09 11:00:00+09:00,178000.0,179600.0,178000.0,179100.0,3764,0.0,0.0
2024-09-09 12:00:00+09:00,179100.0,179200.0,178400.0,179000.0,1857,0.0,0.0
2024-09-09 13:00:00+09:00,179000.0,179100.0,176800.0,177900.0,1963,0.0,0.0
2024-09-09 14:00:00+09:00,178000.0,178900.0,176100.0,177500.0,1630,0.0,0.0
2024-09-10 09:00:00+09:00,175000.0,178200.0,174000.0,178000.0,4317,0.0,0.0
2024-09-10 10:00:00+09:00,178000.0,178200.0,176400.0,177600.0,721,0.0,0.0
2024-09-10 11:00:00+09:00,178000.0,178000.0,176400.0,177200.0,1182,0.0,0.0
2024-09-10 12:00:00+09:00,177600.0,177600.0,174200.0,175600.0,1846,0.0,0.0
2024-09-10 13:00:00+09:00,176200.0,176300.0,175000.0,175800.0,1084,0.0,0.0
2024-09-10 14:00:00+09:00,176000.0,176500.0,175700.0,176400.0,1313,0.0,0.0
2024-09-11 09:00:00+09:00,177800.0,180300.0,177700.0,179100.0,5378,0.0,0.0
2024-09-11 10:00:00+09:00,179200.0,179400.0,176000.0,176100.0,3060,0.0,0.0
2024-09-11 11:00:00+09:00,176200.0,177000.0,175500.0,175900.0,1558,0.0,0.0
2024-09-11 12:00:00+09:00,175900.0,176600.0,175000.0,176600.0,1741,0.0,0.0
2024-09-11 13:00:00+09:00,176700.0,177000.0,175000.0,175400.0,1778,0.0,0.0
2024-09-11 14:00:00+09:00,175400.0,176300.0,173500.0,176100.0,3052,0.0,0.0
2024-09-12 09:00:00+09:00,183400.0,188100.0,180000.0,186300.0,17149,0.0,0.0
2024-09-12 10:00:00+09:00,186900.0,186900.0,180500.0,180900.0,4403,0.0,0.0
2024-09-12 11:00:00+09:00,180900.0,184800.0,180700.0,184700.0,2116,0.0,0.0
2024-09-12 12:00:00+09:00,184700.0,185200.0,183400.0,183600.0,1686,0.0,0.0
2024-09-12 13:00:00+09:00,183700.0,187900.0,183400.0,185900.0,3550,0.0,0.0
2024-09-12 14:00:00+09:00,185900.0,186100.0,183700.0,183700.0,4634,0.0,0.0
2024-09-13 09:00:00+09:00,180500.0,184000.0,177200.0,179000.0,8627,0.0,0.0
2024-09-13 10:00:00+09:00,178900.0,178900.0,175600.0,176100.0,3997,0.0,0.0
2024-09-13 11:00:00+09:00,176200.0,176900.0,175700.0,175700.0,2184,0.0,0.0
2024-09-13 12:00:00+09:00,175600.0,175800.0,174100.0,174400.0,2975,0.0,0.0
2024-09-13 13:00:00+09:00,174300.0,178400.0,174100.0,177000.0,2045,0.0,0.0
2024-09-13 14:00:00+09:00,176900.0,178600.0,176700.0,178000.0,2334,0.0,0.0
2024-09-19 09:00:00+09:00,177000.0,178100.0,174500.0,174600.0,0,0.0,0.0
2024-09-19 10:00:00+09:00,174800.0,176300.0,174600.0,174900.0,3209,0.0,0.0
2024-09-19 11:00:00+09:00,174900.0,175300.0,174100.0,174100.0,1384,0.0,0.0
2024-09-19 12:00:00+09:00,174100.0,174200.0,172500.0,172800.0,2601,0.0,0.0
2024-09-19 13:00:00+09:00,173100.0,176000.0,172900.0,175300.0,1879,0.0,0.0
2024-09-19 14:00:00+09:00,175300.0,175900.0,174100.0,174700.0,1588,0.0,0.0
2024-09-20 09:00:00+09:00,178000.0,180500.0,174300.0,175300.0,8061,0.0,0.0
2024-09-20 10:00:00+09:00,174600.0,178400.0,174600.0,178100.0,2983,0.0,0.0
2024-09-20 11:00:00+09:00,178000.0,178400.0,177200.0,177500.0,1784,0.0,0.0
2024-09-20 12:00:00+09:00,177100.0,177500.0,176400.0,177300.0,1729,0.0,0.0
2024-09-20 13:00:00+09:00,177200.0,177300.0,175400.0,175900.0,2762,0.0,0.0
2024-09-20 14:00:00+09:00,175700.0,176300.0,174600.0,174800.0,3308,0.0,0.0
2024-09-23 09:00:00+09:00,174300.0,186000.0,174300.0,185900.0,0,0.0,0.0
2024-09-23 10:00:00+09:00,185900.0,186500.0,184600.0,186300.0,7482,0.0,0.0
2024-09-23 11:00:00+09:00,186300.0,188000.0,185400.0,187200.0,8747,0.0,0.0
2024-09-23 12:00:00+09:00,187200.0,188500.0,185200.0,186500.0,4878,0.0,0.0
2024-09-23 13:00:00+09:00,186500.0,188000.0,183400.0,184300.0,4631,0.0,0.0
2024-09-23 14:00:00+09:00,184300.0,186300.0,182300.0,183900.0,4866,0.0,0.0
2024-09-24 09:00:00+09:00,184700.0,191800.0,184700.0,190400.0,12751,0.0,0.0
2024-09-24 10:00:00+09:00,190400.0,190900.0,189400.0,190700.0,5216,0.0,0.0
2024-09-24 11:00:00+09:00,190700.0,190800.0,190200.0,190700.0,2470,0.0,0.0
2024-09-24 12:00:00+09:00,190800.0,191000.0,190600.0,190800.0,2714,0.0,0.0
2024-09-24 13:00:00+09:00,190900.0,191000.0,190000.0,190900.0,2621,0.0,0.0
2024-09-24 14:00:00+09:00,190900.0,191800.0,190000.0,191800.0,5256,0.0,0.0
2024-09-25 09:00:00+09:00,195700.0,196900.0,190700.0,193900.0,7701,0.0,0.0
2024-09-25 10:00:00+09:00,193900.0,194000.0,189200.0,191200.0,4271,0.0,0.0
2024-09-25 11:00:00+09:00,190900.0,193900.0,190900.0,192300.0,3354,0.0,0.0
2024-09-25 12:00:00+09:00,191700.0,193000.0,191600.0,192700.0,1998,0.0,0.0
2024-09-25 13:00:00+09:00,192700.0,196000.0,192500.0,195100.0,4846,0.0,0.0
2024-09-25 14:00:00+09:00,195000.0,196500.0,194700.0,194700.0,6885,0.0,0.0
2024-09-26 09:00:00+09:00,196700.0,198300.0,194300.0,195300.0,7987,0.0,0.0
2024-09-26 10:00:00+09:00,195300.0,196400.0,193700.0,196400.0,4440,0.0,0.0
2024-09-26 11:00:00+09:00,196300.0,198000.0,194500.0,196500.0,8234,0.0,0.0
2024-09-26 12:00:00+09:00,196500.0,197000.0,196100.0,196700.0,2685,0.0,0.0
2024-09-26 13:00:00+09:00,196500.0,196900.0,194500.0,195800.0,4075,0.0,0.0
2024-09-26 14:00:00+09:00,195700.0,196000.0,194500.0,195000.0,3541,0.0,0.0
2024-09-27 09:00:00+09:00,194800.0,197800.0,194200.0,194600.0,4163,0.0,0.0
2024-09-27 10:00:00+09:00,194700.0,194700.0,192800.0,194000.0,4323,0.0,0.0
2024-09-27 11:00:00+09:00,194000.0,195800.0,193800.0,194600.0,3097,0.0,0.0
2024-09-27 12:00:00+09:00,194600.0,198800.0,194500.0,196400.0,7165,0.0,0.0
2024-09-27 13:00:00+09:00,196800.0,196800.0,195600.0,196200.0,2406,0.0,0.0
2024-09-27 14:00:00+09:00,196100.0,196200.0,194700.0,195100.0,4287,0.0,0.0
2024-09-30 09:00:00+09:00,198200.0,201000.0,195900.0,196300.0,0,0.0,0.0
2024-09-30 10:00:00+09:00,196400.0,197500.0,195100.0,196100.0,3929,0.0,0.0
2024-09-30 11:00:00+09:00,196100.0,197400.0,195500.0,196800.0,1898,0.0,0.0
2024-09-30 12:00:00+09:00,196800.0,198100.0,196700.0,197500.0,2404,0.0,0.0
2024-09-30 13:00:00+09:00,197600.0,198100.0,193300.0,193500.0,4797,0.0,0.0
2024-09-30 14:00:00+09:00,193600.0,194800.0,193400.0,193900.0,4623,0.0,0.0
2024-10-02 09:00:00+09:00,190000.0,194000.0,190000.0,191900.0,0,0.0,0.0
2024-10-02 10:00:00+09:00,191900.0,200000.0,191900.0,197600.0,9917,0.0,0.0
2024-10-02 11:00:00+09:00,197600.0,199500.0,197000.0,197100.0,4063,0.0,0.0
2024-10-02 12:00:00+09:00,197100.0,199400.0,197000.0,198700.0,2863,0.0,0.0
2024-10-02 13:00:00+09:00,198700.0,199100.0,195500.0,195900.0,4517,0.0,0.0
2024-10-02 14:00:00+09:00,195900.0,196600.0,195500.0,195600.0,3958,0.0,0.0
2024-10-04 09:00:00+09:00,197400.0,199300.0,193500.0,199000.0,0,0.0,0.0
2024-10-04 10:00:00+09:00,199100.0,199400.0,198400.0,199300.0,3950,0.0,0.0
2024-10-04 11:00:00+09:00,199300.0,201500.0,198600.0,200500.0,10460,0.0,0.0
2024-10-04 12:00:00+09:00,200500.0,201000.0,199500.0,199900.0,2851,0.0,0.0
2024-10-04 13:00:00+09:00,200000.0,200500.0,198000.0,198200.0,2903,0.0,0.0
2024-10-04 14:00:00+09:00,198100.0,199600.0,197600.0,198900.0,4199,0.0,0.0
2024-10-07 09:00:00+09:00,199100.0,199900.0,193500.0,193600.0,0,0.0,0.0
2024-10-07 10:00:00+09:00,193500.0,194300.0,191000.0,194200.0,6006,0.0,0.0
2024-10-07 11:00:00+09:00,194200.0,194800.0,192000.0,192100.0,2282,0.0,0.0
2024-10-07 12:00:00+09:00,192100.0,192300.0,191600.0,192300.0,2245,0.0,0.0
2024-10-07 13:00:00+09:00,192300.0,193200.0,192200.0,192700.0,3078,0.0,0.0
2024-10-07 14:00:00+09:00,192600.0,193700.0,192600.0,193100.0,3413,0.0,0.0
2024-10-08 09:00:00+09:00,191600.0,193000.0,188100.0,188200.0,5563,0.0,0.0
2024-10-08 10:00:00+09:00,188100.0,188300.0,184500.0,187500.0,4050,0.0,0.0
2024-10-08 11:00:00+09:00,187500.0,188600.0,187000.0,188500.0,1954,0.0,0.0
2024-10-08 12:00:00+09:00,188400.0,188500.0,187300.0,187800.0,1169,0.0,0.0
2024-10-08 13:00:00+09:00,187900.0,191700.0,187700.0,189400.0,4347,0.0,0.0
2024-10-08 14:00:00+09:00,189600.0,189600.0,188900.0,189400.0,3118,0.0,0.0
2024-10-10 09:00:00+09:00,187500.0,188900.0,183600.0,183800.0,0,0.0,0.0
2024-10-10 10:00:00+09:00,183900.0,185600.0,183100.0,183800.0,4022,0.0,0.0
2024-10-10 11:00:00+09:00,183800.0,186400.0,183600.0,185200.0,2106,0.0,0.0
2024-10-10 12:00:00+09:00,185200.0,185700.0,183800.0,184400.0,2252,0.0,0.0
2024-10-10 13:00:00+09:00,184500.0,184600.0,183500.0,183800.0,1421,0.0,0.0
2024-10-10 14:00:00+09:00,183700.0,184400.0,183500.0,183700.0,1576,0.0,0.0
2024-10-11 09:00:00+09:00,184700.0,184800.0,181700.0,181800.0,6379,0.0,0.0
2024-10-11 10:00:00+09:00,182000.0,184500.0,181800.0,182300.0,4241,0.0,0.0
2024-10-11 11:00:00+09:00,182900.0,184000.0,182400.0,183900.0,1623,0.0,0.0
2024-10-11 12:00:00+09:00,183800.0,183900.0,182000.0,182800.0,1411,0.0,0.0
2024-10-11 13:00:00+09:00,182800.0,183800.0,182400.0,182600.0,1770,0.0,0.0
2024-10-11 14:00:00+09:00,182500.0,183000.0,182100.0,182400.0,2066,0.0,0.0
2024-10-14 09:00:00+09:00,182100.0,182900.0,179900.0,182000.0,0,0.0,0.0
2024-10-14 10:00:00+09:00,182000.0,183000.0,180200.0,182000.0,4406,0.0,0.0
2024-10-14 11:00:00+09:00,182100.0,183000.0,181600.0,182900.0,1372,0.0,0.0
2024-10-14 12:00:00+09:00,182800.0,183500.0,182500.0,183100.0,1954,0.0,0.0
2024-10-14 13:00:00+09:00,183100.0,183600.0,182000.0,183000.0,4430,0.0,0.0
2024-10-14 14:00:00+09:00,182800.0,183700.0,181100.0,183700.0,6163,0.0,0.0
2024-10-15 09:00:00+09:00,184800.0,195300.0,184600.0,195300.0,27626,0.0,0.0
2024-10-15 10:00:00+09:00,195300.0,199200.0,194600.0,198500.0,17045,0.0,0.0
2024-10-15 11:00:00+09:00,198500.0,199800.0,196900.0,198300.0,9427,0.0,0.0
2024-10-15 12:00:00+09:00,198300.0,202500.0,198000.0,200000.0,17038,0.0,0.0
2024-10-15 13:00:00+09:00,200500.0,201000.0,197500.0,199600.0,9363,0.0,0.0
2024-10-15 14:00:00+09:00,199700.0,203500.0,199600.0,201500.0,24211,0.0,0.0
2024-10-16 09:00:00+09:00,195100.0,205500.0,195100.0,204500.0,18178,0.0,0.0
2024-10-16 10:00:00+09:00,204000.0,215000.0,204000.0,212000.0,35032,0.0,0.0
2024-10-16 11:00:00+09:00,212500.0,214500.0,210000.0,211000.0,13194,0.0,0.0
2024-10-16 12:00:00+09:00,211000.0,213000.0,208500.0,212500.0,8014,0.0,0.0
2024-10-16 13:00:00+09:00,212500.0,212500.0,209500.0,209500.0,3429,0.0,0.0
2024-10-16 14:00:00+09:00,209500.0,210500.0,208000.0,209000.0,7588,0.0,0.0
2024-10-17 09:00:00+09:00,209000.0,214500.0,207500.0,209000.0,8514,0.0,0.0
2024-10-17 10:00:00+09:00,209000.0,209500.0,205000.0,209500.0,6250,0.0,0.0
2024-10-17 11:00:00+09:00,209000.0,210000.0,203500.0,204000.0,4528,0.0,0.0
2024-10-17 12:00:00+09:00,204000.0,207000.0,204000.0,204000.0,1985,0.0,0.0
2024-10-17 13:00:00+09:00,204000.0,209000.0,204000.0,208500.0,2546,0.0,0.0
2024-10-17 14:00:00+09:00,208500.0,211500.0,203500.0,205000.0,8164,0.0,0.0
2024-10-18 09:00:00+09:00,210000.0,214000.0,201000.0,212000.0,17076,0.0,0.0
2024-10-18 10:00:00+09:00,212000.0,213000.0,208500.0,209500.0,3596,0.0,0.0
2024-10-18 11:00:00+09:00,209500.0,211500.0,207500.0,209500.0,3634,0.0,0.0
2024-10-18 12:00:00+09:00,209500.0,209500.0,206500.0,208000.0,3096,0.0,0.0
2024-10-18 13:00:00+09:00,208000.0,212500.0,206500.0,211500.0,4631,0.0,0.0
2024-10-18 14:00:00+09:00,211500.0,212500.0,211000.0,212000.0,3512,0.0,0.0
2024-10-21 09:00:00+09:00,213500.0,213500.0,205500.0,208000.0,0,0.0,0.0
2024-10-21 10:00:00+09:00,208500.0,210500.0,207000.0,209000.0,2946,0.0,0.0
2024-10-21 11:00:00+09:00,208000.0,209000.0,206500.0,209000.0,1814,0.0,0.0
2024-10-21 12:00:00+09:00,209500.0,209500.0,207500.0,208000.0,1040,0.0,0.0
2024-10-21 13:00:00+09:00,208000.0,211000.0,206500.0,210500.0,3001,0.0,0.0
2024-10-21 14:00:00+09:00,210500.0,210500.0,207000.0,209500.0,6436,0.0,0.0
2024-10-22 09:00:00+09:00,209500.0,210000.0,203500.0,203500.0,6087,0.0,0.0
2024-10-22 10:00:00+09:00,203500.0,206000.0,202500.0,204000.0,5807,0.0,0.0
2024-10-22 11:00:00+09:00,203500.0,205000.0,201000.0,204000.0,2864,0.0,0.0
2024-10-22 12:00:00+09:00,204000.0,205000.0,204000.0,205000.0,951,0.0,0.0
2024-10-22 13:00:00+09:00,204500.0,206500.0,204000.0,206000.0,3927,0.0,0.0
2024-10-22 14:00:00+09:00,206000.0,206500.0,205000.0,205000.0,2290,0.0,0.0
2024-10-23 09:00:00+09:00,207000.0,211000.0,203000.0,206000.0,7590,0.0,0.0
2024-10-23 10:00:00+09:00,206000.0,208000.0,204500.0,208000.0,5143,0.0,0.0
2024-10-23 11:00:00+09:00,207500.0,210000.0,206000.0,206000.0,4874,0.0,0.0
2024-10-23 12:00:00+09:00,206000.0,207000.0,205000.0,205000.0,2112,0.0,0.0
2024-10-23 13:00:00+09:00,206000.0,207500.0,204500.0,205500.0,2791,0.0,0.0
2024-10-23 14:00:00+09:00,205500.0,208000.0,205000.0,207000.0,3173,0.0,0.0
2024-10-24 09:00:00+09:00,207000.0,209000.0,203000.0,208500.0,2476,0.0,0.0
2024-10-24 10:00:00+09:00,208500.0,217000.0,207000.0,217000.0,13012,0.0,0.0
2024-10-24 11:00:00+09:00,217000.0,219500.0,212000.0,217000.0,9189,0.0,0.0
2024-10-24 12:00:00+09:00,216500.0,217000.0,206500.0,208000.0,6388,0.0,0.0
2024-10-24 13:00:00+09:00,208000.0,208000.0,206500.0,207500.0,2448,0.0,0.0
2024-10-24 14:00:00+09:00,207500.0,209500.0,205500.0,206500.0,4048,0.0,0.0
2024-10-25 09:00:00+09:00,210500.0,214500.0,208500.0,211500.0,8644,0.0,0.0
2024-10-25 10:00:00+09:00,212500.0,214000.0,210000.0,213500.0,5010,0.0,0.0
2024-10-25 11:00:00+09:00,214000.0,215000.0,211500.0,214500.0,4899,0.0,0.0
2024-10-25 12:00:00+09:00,215000.0,216500.0,213500.0,214500.0,4779,0.0,0.0
2024-10-25 13:00:00+09:00,214500.0,215000.0,212500.0,213000.0,4060,0.0,0.0
2024-10-25 14:00:00+09:00,213000.0,214500.0,212000.0,213500.0,4903,0.0,0.0
2024-10-28 09:00:00+09:00,218000.0,218000.0,207500.0,209000.0,0,0.0,0.0
2024-10-28 10:00:00+09:00,210000.0,211500.0,208500.0,210500.0,2349,0.0,0.0
2024-10-28 11:00:00+09:00,211000.0,212000.0,209500.0,210500.0,1768,0.0,0.0
2024-10-28 12:00:00+09:00,210500.0,212000.0,210000.0,211000.0,1749,0.0,0.0
2024-10-28 13:00:00+09:00,211000.0,211500.0,209000.0,210000.0,2037,0.0,0.0
2024-10-28 14:00:00+09:00,210000.0,210000.0,208000.0,209000.0,2894,0.0,0.0
2024-10-29 09:00:00+09:00,204000.0,211000.0,204000.0,208000.0,5241,0.0,0.0
2024-10-29 10:00:00+09:00,208500.0,208500.0,205500.0,206000.0,2106,0.0,0.0
2024-10-29 11:00:00+09:00,205500.0,207000.0,203000.0,205000.0,2735,0.0,0.0
2024-10-29 12:00:00+09:00,205500.0,206000.0,204500.0,205000.0,1130,0.0,0.0
2024-10-29 13:00:00+09:00,205500.0,205500.0,203500.0,204500.0,2567,0.0,0.0
2024-10-29 14:00:00+09:00,204500.0,208000.0,203500.0,207000.0,2871,0.0,0.0
2024-10-30 09:00:00+09:00,208000.0,212000.0,205500.0,207000.0,3144,0.0,0.0
2024-10-30 10:00:00+09:00,206000.0,210500.0,204500.0,210000.0,2563,0.0,0.0
2024-10-30 11:00:00+09:00,210000.0,210500.0,209500.0,210000.0,1455,0.0,0.0
2024-10-30 12:00:00+09:00,209500.0,210500.0,208000.0,210000.0,2045,0.0,0.0
2024-10-30 13:00:00+09:00,210000.0,210000.0,208000.0,208500.0,1453,0.0,0.0
2024-10-30 14:00:00+09:00,208000.0,208500.0,206000.0,206500.0,2211,0.0,0.0
2024-10-31 09:00:00+09:00,204000.0,212500.0,203000.0,209500.0,7388,0.0,0.0
2024-10-31 10:00:00+09:00,209000.0,212000.0,208000.0,208000.0,4766,0.0,0.0
2024-10-31 11:00:00+09:00,208000.0,212000.0,207500.0,210500.0,3533,0.0,0.0
2024-10-31 12:00:00+09:00,210500.0,212000.0,210000.0,211000.0,2536,0.0,0.0
2024-10-31 13:00:00+09:00,211500.0,213000.0,211000.0,212000.0,3576,0.0,0.0
2024-10-31 14:00:00+09:00,211000.0,213500.0,205000.0,213000.0,4963,0.0,0.0
2024-11-01 09:00:00+09:00,212000.0,213000.0,207500.0,208000.0,3692,0.0,0.0
2024-11-01 10:00:00+09:00,207500.0,213000.0,207500.0,213000.0,4106,0.0,0.0
2024-11-01 11:00:00+09:00,213000.0,213500.0,211500.0,213000.0,3891,0.0,0.0
2024-11-01 12:00:00+09:00,213000.0,214500.0,213000.0,214500.0,3646,0.0,0.0
2024-11-01 13:00:00+09:00,214000.0,215000.0,208000.0,209000.0,5086,0.0,0.0
2024-11-01 14:00:00+09:00,209000.0,211000.0,208000.0,209000.0,6319,0.0,0.0
