Datetime,Open,High,Low,Close,Volume,Dividends,Stock Splits
2022-06-30 09:00:00+09:00,955.0,957.0,955.0,956.0,900,0.0,0.0
2022-06-30 10:00:00+09:00,956.0,961.0,955.0,961.0,700,0.0,0.0
2022-06-30 11:00:00+09:00,961.0,961.0,961.0,961.0,0,0.0,0.0
2022-06-30 12:00:00+09:00,961.0,961.0,958.0,958.0,2000,0.0,0.0
2022-06-30 13:00:00+09:00,958.0,958.0,957.0,957.0,200,0.0,0.0
2022-06-30 14:00:00+09:00,958.0,967.0,957.0,957.0,3100,0.0,0.0
2022-07-01 09:00:00+09:00,955.0,955.0,955.0,955.0,200,0.0,0.0
2022-07-01 10:00:00+09:00,956.0,956.0,951.0,951.0,2200,0.0,0.0
2022-07-01 11:00:00+09:00,951.0,951.0,951.0,951.0,0,0.0,0.0
2022-07-01 12:00:00+09:00,951.0,951.0,951.0,951.0,2500,0.0,0.0
2022-07-01 13:00:00+09:00,952.0,952.0,952.0,952.0,100,0.0,0.0
2022-07-01 14:00:00+09:00,953.0,956.0,951.0,953.0,2200,0.0,0.0
2022-07-04 09:00:00+09:00,953.0,960.0,953.0,955.0,2000,0.0,0.0
2022-07-04 10:00:00+09:00,955.0,959.0,955.0,959.0,1000,0.0,0.0
2022-07-04 11:00:00+09:00,960.0,960.0,960.0,960.0,0,0.0,0.0
2022-07-04 12:00:00+09:00,955.0,960.0,955.0,960.0,3700,0.0,0.0
2022-07-04 13:00:00+09:00,960.0,962.0,959.0,959.0,700,0.0,0.0
2022-07-04 14:00:00+09:00,960.0,960.0,952.0,952.0,2300,0.0,0.0
2022-07-05 09:00:00+09:00,952.0,953.0,952.0,953.0,1100,0.0,0.0
2022-07-05 10:00:00+09:00,955.0,955.0,953.0,953.0,400,0.0,0.0
2022-07-05 11:00:00+09:00,953.0,953.0,952.0,952.0,0,0.0,0.0
2022-07-05 12:00:00+09:00,953.0,955.0,953.0,955.0,2300,0.0,0.0
2022-07-05 13:00:00+09:00,954.0,954.0,952.0,953.0,600,0.0,0.0
2022-07-05 14:00:00+09:00,952.0,953.0,952.0,952.0,800,0.0,0.0
2022-07-06 09:00:00+09:00,952.0,958.0,951.0,953.0,3700,0.0,0.0
2022-07-06 10:00:00+09:00,957.0,958.0,954.0,954.0,600,0.0,0.0
2022-07-06 11:00:00+09:00,954.0,954.0,954.0,954.0,0,0.0,0.0
2022-07-06 12:00:00+09:00,953.0,953.0,953.0,953.0,4600,0.0,0.0
2022-07-06 13:00:00+09:00,956.0,956.0,956.0,956.0,200,0.0,0.0
2022-07-06 14:00:00+09:00,955.0,956.0,955.0,955.0,300,0.0,0.0
2022-07-07 09:00:00+09:00,953.0,954.0,953.0,954.0,200,0.0,0.0
2022-07-07 10:00:00+09:00,955.0,959.0,952.0,952.0,2200,0.0,0.0
2022-07-07 11:00:00+09:00,956.0,956.0,953.0,953.0,0,0.0,0.0
2022-07-07 12:00:00+09:00,956.0,956.0,955.0,955.0,3200,0.0,0.0
2022-07-07 13:00:00+09:00,954.0,954.0,952.0,952.0,800,0.0,0.0
2022-07-07 14:00:00+09:00,952.0,952.0,949.0,951.0,2600,0.0,0.0
2022-07-08 09:00:00+09:00,947.0,947.0,937.0,938.0,8100,0.0,0.0
2022-07-08 10:00:00+09:00,939.0,944.0,938.0,944.0,2100,0.0,0.0
2022-07-08 11:00:00+09:00,944.0,944.0,942.0,942.0,0,0.0,0.0
2022-07-08 12:00:00+09:00,941.0,941.0,939.0,940.0,11800,0.0,0.0
2022-07-08 13:00:00+09:00,940.0,940.0,939.0,939.0,200,0.0,0.0
2022-07-08 14:00:00+09:00,939.0,939.0,936.0,938.0,4500,0.0,0.0
2022-07-11 09:00:00+09:00,946.0,946.0,942.0,943.0,0,0.0,0.0
2022-07-11 10:00:00+09:00,943.0,943.0,941.0,941.0,3400,0.0,0.0
2022-07-11 11:00:00+09:00,941.0,941.0,938.0,938.0,0,0.0,0.0
2022-07-11 12:00:00+09:00,938.0,940.0,937.0,940.0,4900,0.0,0.0
2022-07-11 13:00:00+09:00,938.0,938.0,937.0,937.0,700,0.0,0.0
2022-07-11 14:00:00+09:00,938.0,940.0,936.0,936.0,800,0.0,0.0
2022-07-12 09:00:00+09:00,936.0,940.0,931.0,931.0,5200,0.0,0.0
2022-07-12 10:00:00+09:00,931.0,933.0,931.0,932.0,1900,0.0,0.0
2022-07-12 11:00:00+09:00,932.0,936.0,932.0,932.0,0,0.0,0.0
2022-07-12 12:00:00+09:00,932.0,932.0,932.0,932.0,9400,0.0,0.0
2022-07-12 13:00:00+09:00,933.0,936.0,933.0,935.0,800,0.0,0.0
2022-07-12 14:00:00+09:00,933.0,935.0,933.0,935.0,200,0.0,0.0
2022-07-13 09:00:00+09:00,930.0,934.0,930.0,932.0,0,0.0,0.0
2022-07-13 10:00:00+09:00,934.0,934.0,930.0,930.0,9100,0.0,0.0
2022-07-13 11:00:00+09:00,930.0,930.0,927.0,927.0,0,0.0,0.0
2022-07-13 12:00:00+09:00,927.0,927.0,927.0,927.0,12900,0.0,0.0
2022-07-13 13:00:00+09:00,928.0,930.0,927.0,927.0,1300,0.0,0.0
2022-07-13 14:00:00+09:00,927.0,928.0,926.0,926.0,2600,0.0,0.0
2022-07-14 09:00:00+09:00,925.0,929.0,925.0,929.0,300,0.0,0.0
2022-07-14 11:00:00+09:00,929.0,929.0,929.0,929.0,0,0.0,0.0
2022-07-14 12:00:00+09:00,927.0,927.0,922.0,922.0,7000,0.0,0.0
2022-07-14 13:00:00+09:00,922.0,922.0,922.0,922.0,500,0.0,0.0
2022-07-14 14:00:00+09:00,922.0,925.0,922.0,922.0,1000,0.0,0.0
2022-07-15 09:00:00+09:00,924.0,924.0,923.0,923.0,400,0.0,0.0
2022-07-15 10:00:00+09:00,923.0,923.0,921.0,921.0,2400,0.0,0.0
2022-07-15 11:00:00+09:00,921.0,921.0,921.0,921.0,0,0.0,0.0
2022-07-15 12:00:00+09:00,921.0,924.0,921.0,922.0,5100,0.0,0.0
2022-07-15 13:00:00+09:00,922.0,923.0,921.0,923.0,800,0.0,0.0
2022-07-15 14:00:00+09:00,922.0,922.0,920.0,920.0,600,0.0,0.0
2022-07-19 09:00:00+09:00,922.0,922.0,919.0,920.0,2900,0.0,0.0
2022-07-19 10:00:00+09:00,919.0,919.0,918.0,919.0,2000,0.0,0.0
2022-07-19 11:00:00+09:00,918.0,918.0,918.0,918.0,0,0.0,0.0
2022-07-19 12:00:00+09:00,918.0,919.0,918.0,918.0,8300,0.0,0.0
2022-07-19 13:00:00+09:00,917.0,918.0,916.0,917.0,900,0.0,0.0
2022-07-19 14:00:00+09:00,916.0,919.0,916.0,918.0,1900,0.0,0.0
2022-07-20 09:00:00+09:00,916.0,916.0,916.0,916.0,900,0.0,0.0
2022-07-20 10:00:00+09:00,918.0,918.0,916.0,916.0,1600,0.0,0.0
2022-07-20 11:00:00+09:00,917.0,917.0,914.0,914.0,0,0.0,0.0
2022-07-20 12:00:00+09:00,914.0,916.0,914.0,916.0,4300,0.0,0.0
2022-07-20 13:00:00+09:00,916.0,916.0,915.0,915.0,800,0.0,0.0
2022-07-20 14:00:00+09:00,915.0,916.0,913.0,914.0,3400,0.0,0.0
2022-07-21 09:00:00+09:00,912.0,921.0,912.0,915.0,5300,0.0,0.0
2022-07-21 10:00:00+09:00,915.0,918.0,915.0,916.0,700,0.0,0.0
2022-07-21 11:00:00+09:00,915.0,918.0,915.0,916.0,0,0.0,0.0
2022-07-21 12:00:00+09:00,916.0,918.0,916.0,918.0,8500,0.0,0.0
2022-07-21 13:00:00+09:00,918.0,921.0,916.0,918.0,2800,0.0,0.0
2022-07-21 14:00:00+09:00,919.0,923.0,917.0,917.0,4400,0.0,0.0
2022-07-22 09:00:00+09:00,922.0,922.0,917.0,919.0,1700,0.0,0.0
2022-07-22 11:00:00+09:00,920.0,920.0,920.0,920.0,0,0.0,0.0
2022-07-22 12:00:00+09:00,920.0,922.0,920.0,921.0,2900,0.0,0.0
2022-07-22 13:00:00+09:00,922.0,923.0,922.0,923.0,900,0.0,0.0
2022-07-22 14:00:00+09:00,921.0,923.0,920.0,921.0,900,0.0,0.0
2022-07-25 09:00:00+09:00,921.0,921.0,920.0,920.0,2000,0.0,0.0
2022-07-25 10:00:00+09:00,925.0,925.0,922.0,925.0,300,0.0,0.0
2022-07-25 11:00:00+09:00,922.0,922.0,922.0,922.0,0,0.0,0.0
2022-07-25 12:00:00+09:00,923.0,924.0,922.0,922.0,3100,0.0,0.0
2022-07-25 13:00:00+09:00,923.0,923.0,923.0,923.0,100,0.0,0.0
2022-07-25 14:00:00+09:00,923.0,928.0,921.0,925.0,5300,0.0,0.0
2022-07-26 09:00:00+09:00,925.0,933.0,919.0,924.0,5800,0.0,0.0
2022-07-26 10:00:00+09:00,928.0,933.0,924.0,925.0,4300,0.0,0.0
2022-07-26 11:00:00+09:00,924.0,924.0,924.0,924.0,0,0.0,0.0
2022-07-26 12:00:00+09:00,930.0,932.0,928.0,928.0,12600,0.0,0.0
2022-07-26 13:00:00+09:00,929.0,929.0,927.0,927.0,1000,0.0,0.0
2022-07-26 14:00:00+09:00,928.0,933.0,928.0,928.0,3400,0.0,0.0
2022-07-27 09:00:00+09:00,919.0,925.0,919.0,924.0,0,0.0,0.0
2022-07-27 10:00:00+09:00,923.0,923.0,921.0,921.0,5400,0.0,0.0
2022-07-27 11:00:00+09:00,922.0,922.0,921.0,921.0,0,0.0,0.0
2022-07-27 12:00:00+09:00,921.0,921.0,921.0,921.0,6000,0.0,0.0
2022-07-27 13:00:00+09:00,923.0,923.0,922.0,922.0,200,0.0,0.0
2022-07-27 14:00:00+09:00,922.0,922.0,920.0,922.0,2000,0.0,0.0
2022-07-28 09:00:00+09:00,924.0,928.0,921.0,922.0,2400,0.0,0.0
2022-07-28 10:00:00+09:00,923.0,924.0,923.0,923.0,700,0.0,0.0
2022-07-28 11:00:00+09:00,923.0,926.0,923.0,924.0,0,0.0,0.0
2022-07-28 12:00:00+09:00,924.0,927.0,924.0,927.0,4500,0.0,0.0
2022-07-28 13:00:00+09:00,928.0,928.0,926.0,926.0,900,0.0,0.0
2022-07-28 14:00:00+09:00,929.0,931.0,926.0,928.0,2300,0.0,0.0
2022-07-29 09:00:00+09:00,932.0,932.0,927.0,927.0,1100,0.0,0.0
2022-07-29 10:00:00+09:00,926.0,926.0,923.0,923.0,2900,0.0,0.0
2022-07-29 11:00:00+09:00,923.0,923.0,923.0,923.0,0,0.0,0.0
2022-07-29 12:00:00+09:00,923.0,927.0,922.0,927.0,4900,0.0,0.0
2022-07-29 13:00:00+09:00,922.0,922.0,922.0,922.0,200,0.0,0.0
2022-07-29 14:00:00+09:00,922.0,926.0,922.0,926.0,1200,0.0,0.0
2022-08-01 09:00:00+09:00,920.0,925.0,919.0,920.0,0,0.0,0.0
2022-08-01 10:00:00+09:00,920.0,921.0,919.0,921.0,1700,0.0,0.0
2022-08-01 11:00:00+09:00,922.0,924.0,920.0,920.0,0,0.0,0.0
2022-08-01 12:00:00+09:00,921.0,924.0,920.0,921.0,8700,0.0,0.0
2022-08-01 13:00:00+09:00,920.0,920.0,920.0,920.0,1300,0.0,0.0
2022-08-01 14:00:00+09:00,920.0,921.0,918.0,918.0,3400,0.0,0.0
2022-08-02 09:00:00+09:00,917.0,923.0,916.0,919.0,6500,0.0,0.0
2022-08-02 10:00:00+09:00,916.0,921.0,916.0,921.0,500,0.0,0.0
2022-08-02 11:00:00+09:00,917.0,917.0,916.0,916.0,0,0.0,0.0
2022-08-02 12:00:00+09:00,918.0,918.0,916.0,918.0,8500,0.0,0.0
2022-08-02 13:00:00+09:00,917.0,918.0,916.0,916.0,300,0.0,0.0
2022-08-02 14:00:00+09:00,917.0,918.0,916.0,918.0,600,0.0,0.0
2022-08-03 09:00:00+09:00,914.0,918.0,914.0,918.0,1700,0.0,0.0
2022-08-03 10:00:00+09:00,914.0,915.0,914.0,915.0,500,0.0,0.0
2022-08-03 11:00:00+09:00,915.0,915.0,915.0,915.0,0,0.0,0.0
2022-08-03 12:00:00+09:00,915.0,915.0,913.0,913.0,3400,0.0,0.0
2022-08-03 13:00:00+09:00,913.0,914.0,913.0,913.0,1300,0.0,0.0
2022-08-03 14:00:00+09:00,914.0,914.0,913.0,913.0,1500,0.0,0.0
2022-08-04 09:00:00+09:00,913.0,915.0,911.0,911.0,4500,0.0,0.0
2022-08-04 10:00:00+09:00,911.0,913.0,911.0,913.0,200,0.0,0.0
2022-08-04 11:00:00+09:00,913.0,915.0,912.0,915.0,0,0.0,0.0
2022-08-04 12:00:00+09:00,915.0,916.0,915.0,916.0,6200,0.0,0.0
2022-08-04 13:00:00+09:00,915.0,916.0,914.0,914.0,600,0.0,0.0
2022-08-04 14:00:00+09:00,914.0,914.0,913.0,913.0,2100,0.0,0.0
2022-08-05 09:00:00+09:00,913.0,915.0,913.0,913.0,5600,0.0,0.0
2022-08-05 10:00:00+09:00,913.0,913.0,911.0,911.0,800,0.0,0.0
2022-08-05 11:00:00+09:00,912.0,912.0,912.0,912.0,0,0.0,0.0
2022-08-05 12:00:00+09:00,912.0,912.0,911.0,912.0,9300,0.0,0.0
2022-08-05 13:00:00+09:00,912.0,912.0,911.0,912.0,900,0.0,0.0
2022-08-05 14:00:00+09:00,911.0,912.0,911.0,912.0,1600,0.0,0.0
2022-08-08 09:00:00+09:00,911.0,911.0,910.0,911.0,0,0.0,0.0
2022-08-08 10:00:00+09:00,910.0,910.0,910.0,910.0,900,0.0,0.0
2022-08-08 11:00:00+09:00,910.0,910.0,909.0,910.0,0,0.0,0.0
2022-08-08 12:00:00+09:00,909.0,911.0,909.0,911.0,5200,0.0,0.0
2022-08-08 13:00:00+09:00,910.0,910.0,909.0,910.0,300,0.0,0.0
2022-08-08 14:00:00+09:00,911.0,911.0,908.0,908.0,2000,0.0,0.0
2022-08-09 09:00:00+09:00,908.0,908.0,906.0,906.0,4700,0.0,0.0
2022-08-09 10:00:00+09:00,907.0,907.0,906.0,906.0,500,0.0,0.0
2022-08-09 11:00:00+09:00,906.0,906.0,904.0,905.0,0,0.0,0.0
2022-08-09 12:00:00+09:00,904.0,907.0,904.0,905.0,9000,0.0,0.0
2022-08-09 13:00:00+09:00,906.0,906.0,906.0,906.0,300,0.0,0.0
2022-08-09 14:00:00+09:00,906.0,906.0,901.0,902.0,8600,0.0,0.0
2022-08-10 09:00:00+09:00,901.0,902.0,899.0,899.0,9600,0.0,0.0
2022-08-10 10:00:00+09:00,899.0,902.0,899.0,901.0,800,0.0,0.0
2022-08-10 11:00:00+09:00,900.0,900.0,900.0,900.0,0,0.0,0.0
2022-08-10 12:00:00+09:00,900.0,900.0,899.0,899.0,12000,0.0,0.0
2022-08-10 13:00:00+09:00,899.0,900.0,899.0,900.0,600,0.0,0.0
2022-08-10 14:00:00+09:00,899.0,900.0,899.0,900.0,1200,0.0,0.0
2022-08-12 09:00:00+09:00,901.0,903.0,899.0,901.0,2800,0.0,0.0
2022-08-12 10:00:00+09:00,903.0,904.0,901.0,901.0,1600,0.0,0.0
2022-08-12 11:00:00+09:00,901.0,901.0,900.0,900.0,0,0.0,0.0
2022-08-12 12:00:00+09:00,902.0,902.0,900.0,901.0,6400,0.0,0.0
2022-08-12 13:00:00+09:00,900.0,901.0,900.0,901.0,500,0.0,0.0
2022-08-12 14:00:00+09:00,902.0,902.0,901.0,902.0,1200,0.0,0.0
2022-08-15 09:00:00+09:00,899.0,902.0,897.0,899.0,0,0.0,0.0
2022-08-15 10:00:00+09:00,899.0,901.0,899.0,900.0,3300,0.0,0.0
2022-08-15 11:00:00+09:00,899.0,900.0,899.0,899.0,0,0.0,0.0
2022-08-15 12:00:00+09:00,899.0,900.0,899.0,899.0,11700,0.0,0.0
2022-08-15 13:00:00+09:00,900.0,900.0,899.0,899.0,2200,0.0,0.0
2022-08-15 14:00:00+09:00,899.0,901.0,898.0,901.0,1700,0.0,0.0
2022-08-16 09:00:00+09:00,900.0,900.0,896.0,897.0,8600,0.0,0.0
2022-08-16 10:00:00+09:00,897.0,899.0,897.0,898.0,700,0.0,0.0
2022-08-16 11:00:00+09:00,899.0,899.0,898.0,898.0,0,0.0,0.0
2022-08-16 12:00:00+09:00,899.0,899.0,898.0,899.0,10900,0.0,0.0
2022-08-16 13:00:00+09:00,899.0,900.0,897.0,900.0,700,0.0,0.0
2022-08-16 14:00:00+09:00,898.0,899.0,896.0,897.0,4900,0.0,0.0
2022-08-17 09:00:00+09:00,898.0,898.0,894.0,897.0,6400,0.0,0.0
2022-08-17 10:00:00+09:00,896.0,898.0,896.0,898.0,1400,0.0,0.0
2022-08-17 11:00:00+09:00,898.0,898.0,898.0,898.0,0,0.0,0.0
2022-08-17 12:00:00+09:00,898.0,898.0,897.0,898.0,9300,0.0,0.0
2022-08-17 13:00:00+09:00,898.0,898.0,897.0,897.0,1700,0.0,0.0
2022-08-17 14:00:00+09:00,897.0,898.0,897.0,897.0,1200,0.0,0.0
2022-08-18 09:00:00+09:00,898.0,898.0,894.0,895.0,7900,0.0,0.0
2022-08-18 10:00:00+09:00,895.0,897.0,893.0,893.0,7000,0.0,0.0
2022-08-18 11:00:00+09:00,893.0,895.0,893.0,894.0,0,0.0,0.0
2022-08-18 12:00:00+09:00,894.0,896.0,894.0,896.0,0,0.0,0.0
2022-08-18 13:00:00+09:00,895.0,896.0,894.0,896.0,19000,0.0,0.0
2022-08-18 14:00:00+09:00,895.0,897.0,895.0,897.0,2600,0.0,0.0
2022-08-19 09:00:00+09:00,899.0,907.0,899.0,905.0,10400,0.0,0.0
2022-08-19 10:00:00+09:00,905.0,920.0,903.0,912.0,10100,0.0,0.0
2022-08-19 11:00:00+09:00,917.0,917.0,908.0,908.0,0,0.0,0.0
2022-08-19 12:00:00+09:00,909.0,917.0,909.0,913.0,31700,0.0,0.0
2022-08-19 13:00:00+09:00,913.0,913.0,906.0,908.0,11900,0.0,0.0
2022-08-19 14:00:00+09:00,908.0,909.0,906.0,909.0,2500,0.0,0.0
2022-08-22 09:00:00+09:00,911.0,919.0,905.0,909.0,10600,0.0,0.0
2022-08-22 10:00:00+09:00,908.0,911.0,908.0,908.0,900,0.0,0.0
2022-08-22 11:00:00+09:00,908.0,910.0,908.0,908.0,0,0.0,0.0
2022-08-22 12:00:00+09:00,908.0,915.0,907.0,912.0,15600,0.0,0.0
2022-08-22 13:00:00+09:00,913.0,915.0,911.0,911.0,2000,0.0,0.0
2022-08-22 14:00:00+09:00,911.0,912.0,909.0,910.0,1200,0.0,0.0
2022-08-23 09:00:00+09:00,911.0,917.0,910.0,911.0,1500,0.0,0.0
2022-08-23 10:00:00+09:00,913.0,913.0,913.0,913.0,400,0.0,0.0
2022-08-23 11:00:00+09:00,913.0,913.0,913.0,913.0,0,0.0,0.0
2022-08-23 12:00:00+09:00,911.0,916.0,909.0,909.0,3900,0.0,0.0
2022-08-23 13:00:00+09:00,908.0,909.0,906.0,906.0,1100,0.0,0.0
2022-08-23 14:00:00+09:00,907.0,910.0,907.0,910.0,1100,0.0,0.0
2022-08-24 09:00:00+09:00,908.0,909.0,902.0,903.0,5000,0.0,0.0
2022-08-24 10:00:00+09:00,903.0,905.0,903.0,903.0,700,0.0,0.0
2022-08-24 11:00:00+09:00,903.0,903.0,903.0,903.0,0,0.0,0.0
2022-08-24 12:00:00+09:00,904.0,904.0,903.0,903.0,6600,0.0,0.0
2022-08-24 13:00:00+09:00,904.0,904.0,902.0,904.0,1200,0.0,0.0
2022-08-24 14:00:00+09:00,903.0,904.0,903.0,903.0,700,0.0,0.0
2022-08-25 09:00:00+09:00,907.0,907.0,904.0,904.0,500,0.0,0.0
2022-08-25 10:00:00+09:00,906.0,906.0,905.0,905.0,600,0.0,0.0
2022-08-25 11:00:00+09:00,905.0,905.0,904.0,904.0,0,0.0,0.0
2022-08-25 12:00:00+09:00,904.0,904.0,904.0,904.0,1600,0.0,0.0
2022-08-25 13:00:00+09:00,904.0,905.0,904.0,904.0,400,0.0,0.0
2022-08-25 14:00:00+09:00,907.0,907.0,906.0,906.0,900,0.0,0.0
2022-08-26 09:00:00+09:00,907.0,907.0,904.0,904.0,700,0.0,0.0
2022-08-26 10:00:00+09:00,901.0,903.0,901.0,903.0,4900,0.0,0.0
2022-08-26 11:00:00+09:00,904.0,904.0,902.0,902.0,0,0.0,0.0
2022-08-26 12:00:00+09:00,904.0,904.0,903.0,903.0,6300,0.0,0.0
2022-08-26 13:00:00+09:00,903.0,903.0,902.0,902.0,800,0.0,0.0
2022-08-26 14:00:00+09:00,902.0,905.0,901.0,905.0,2600,0.0,0.0
2022-08-29 09:00:00+09:00,903.0,905.0,901.0,901.0,3600,0.0,0.0
2022-08-29 10:00:00+09:00,902.0,902.0,901.0,901.0,1300,0.0,0.0
2022-08-29 11:00:00+09:00,901.0,901.0,901.0,901.0,0,0.0,0.0
2022-08-29 12:00:00+09:00,901.0,901.0,901.0,901.0,5500,0.0,0.0
2022-08-29 13:00:00+09:00,901.0,902.0,901.0,902.0,700,0.0,0.0
2022-08-29 14:00:00+09:00,905.0,906.0,903.0,903.0,900,0.0,0.0
2022-08-30 09:00:00+09:00,905.0,906.0,905.0,906.0,400,0.0,0.0
2022-08-30 10:00:00+09:00,906.0,907.0,904.0,906.0,600,0.0,0.0
2022-08-30 11:00:00+09:00,903.0,903.0,903.0,903.0,0,0.0,0.0
2022-08-30 12:00:00+09:00,903.0,903.0,903.0,903.0,1200,0.0,0.0
2022-08-30 13:00:00+09:00,903.0,903.0,901.0,901.0,1200,0.0,0.0
2022-08-30 14:00:00+09:00,904.0,905.0,902.0,904.0,1800,0.0,0.0
2022-08-31 09:00:00+09:00,901.0,904.0,901.0,904.0,1400,0.0,0.0
2022-08-31 10:00:00+09:00,902.0,902.0,901.0,902.0,600,0.0,0.0
2022-08-31 11:00:00+09:00,901.0,901.0,901.0,901.0,0,0.0,0.0
2022-08-31 12:00:00+09:00,901.0,902.0,901.0,901.0,2800,0.0,0.0
2022-08-31 13:00:00+09:00,901.0,902.0,901.0,901.0,1200,0.0,0.0
2022-08-31 14:00:00+09:00,901.0,901.0,901.0,901.0,300,0.0,0.0
2022-09-01 09:00:00+09:00,901.0,902.0,901.0,902.0,4100,0.0,0.0
2022-09-01 10:00:00+09:00,901.0,902.0,901.0,902.0,700,0.0,0.0
2022-09-01 11:00:00+09:00,901.0,901.0,901.0,901.0,0,0.0,0.0
2022-09-01 12:00:00+09:00,901.0,901.0,901.0,901.0,5400,0.0,0.0
2022-09-01 13:00:00+09:00,901.0,902.0,901.0,902.0,0,0.0,0.0
2022-09-01 14:00:00+09:00,901.0,902.0,901.0,902.0,7200,0.0,0.0
2022-09-02 09:00:00+09:00,901.0,901.0,898.0,899.0,6700,0.0,0.0
2022-09-02 10:00:00+09:00,898.0,900.0,898.0,898.0,1300,0.0,0.0
2022-09-02 11:00:00+09:00,899.0,899.0,898.0,898.0,0,0.0,0.0
2022-09-02 12:00:00+09:00,898.0,898.0,893.0,893.0,28300,0.0,0.0
2022-09-02 13:00:00+09:00,895.0,895.0,894.0,895.0,2000,0.0,0.0
2022-09-02 14:00:00+09:00,895.0,896.0,894.0,896.0,500,0.0,0.0
2022-09-05 09:00:00+09:00,895.0,895.0,893.0,894.0,3500,0.0,0.0
2022-09-05 10:00:00+09:00,894.0,894.0,891.0,893.0,4400,0.0,0.0
2022-09-05 11:00:00+09:00,893.0,893.0,893.0,893.0,0,0.0,0.0
2022-09-05 12:00:00+09:00,894.0,894.0,894.0,894.0,9400,0.0,0.0
2022-09-05 13:00:00+09:00,896.0,899.0,894.0,894.0,1300,0.0,0.0
2022-09-05 14:00:00+09:00,895.0,895.0,895.0,895.0,100,0.0,0.0
2022-09-06 09:00:00+09:00,893.0,894.0,890.0,894.0,3200,0.0,0.0
2022-09-06 10:00:00+09:00,893.0,896.0,891.0,891.0,3600,0.0,0.0
2022-09-06 11:00:00+09:00,893.0,897.0,891.0,893.0,0,0.0,0.0
2022-09-06 12:00:00+09:00,893.0,895.0,893.0,895.0,10000,0.0,0.0
2022-09-06 13:00:00+09:00,893.0,894.0,893.0,894.0,600,0.0,0.0
2022-09-06 14:00:00+09:00,894.0,894.0,893.0,893.0,1600,0.0,0.0
2022-09-07 09:00:00+09:00,891.0,893.0,890.0,890.0,4300,0.0,0.0
2022-09-07 10:00:00+09:00,889.0,889.0,886.0,886.0,2200,0.0,0.0
2022-09-07 11:00:00+09:00,887.0,887.0,887.0,887.0,0,0.0,0.0
2022-09-07 12:00:00+09:00,886.0,886.0,885.0,885.0,10100,0.0,0.0
2022-09-07 13:00:00+09:00,885.0,886.0,884.0,884.0,3400,0.0,0.0
2022-09-07 14:00:00+09:00,885.0,886.0,885.0,885.0,500,0.0,0.0
2022-09-08 09:00:00+09:00,886.0,889.0,886.0,888.0,1000,0.0,0.0
2022-09-08 10:00:00+09:00,887.0,887.0,887.0,887.0,600,0.0,0.0
2022-09-08 11:00:00+09:00,887.0,887.0,886.0,886.0,0,0.0,0.0
2022-09-08 12:00:00+09:00,886.0,888.0,886.0,888.0,2600,0.0,0.0
2022-09-08 13:00:00+09:00,886.0,886.0,884.0,884.0,0,0.0,0.0
2022-09-08 14:00:00+09:00,884.0,884.0,883.0,883.0,4400,0.0,0.0
2022-09-09 09:00:00+09:00,883.0,884.0,883.0,884.0,4000,0.0,0.0
2022-09-09 10:00:00+09:00,884.0,884.0,883.0,883.0,1500,0.0,0.0
2022-09-09 11:00:00+09:00,883.0,883.0,881.0,882.0,0,0.0,0.0
2022-09-09 12:00:00+09:00,881.0,882.0,881.0,882.0,9000,0.0,0.0
2022-09-09 13:00:00+09:00,883.0,883.0,881.0,883.0,1200,0.0,0.0
2022-09-09 14:00:00+09:00,884.0,884.0,884.0,884.0,600,0.0,0.0
2022-09-12 09:00:00+09:00,897.0,897.0,885.0,887.0,0,0.0,0.0
2022-09-12 10:00:00+09:00,886.0,886.0,886.0,886.0,100,0.0,0.0
2022-09-12 11:00:00+09:00,885.0,885.0,885.0,885.0,0,0.0,0.0
2022-09-12 12:00:00+09:00,885.0,886.0,885.0,886.0,3700,0.0,0.0
2022-09-12 13:00:00+09:00,886.0,888.0,886.0,888.0,500,0.0,0.0
2022-09-12 14:00:00+09:00,887.0,888.0,885.0,886.0,1300,0.0,0.0
2022-09-13 09:00:00+09:00,885.0,887.0,884.0,885.0,1400,0.0,0.0
2022-09-13 10:00:00+09:00,885.0,887.0,885.0,886.0,500,0.0,0.0
2022-09-13 11:00:00+09:00,886.0,886.0,885.0,885.0,0,0.0,0.0
2022-09-13 12:00:00+09:00,885.0,885.0,885.0,885.0,2400,0.0,0.0
2022-09-13 13:00:00+09:00,885.0,887.0,885.0,887.0,400,0.0,0.0
2022-09-13 14:00:00+09:00,887.0,887.0,887.0,887.0,1300,0.0,0.0
2022-09-14 09:00:00+09:00,882.0,882.0,882.0,882.0,1500,0.0,0.0
2022-09-14 10:00:00+09:00,883.0,883.0,883.0,883.0,400,0.0,0.0
2022-09-14 11:00:00+09:00,883.0,884.0,882.0,882.0,0,0.0,0.0
2022-09-14 12:00:00+09:00,883.0,886.0,883.0,884.0,3500,0.0,0.0
2022-09-14 13:00:00+09:00,883.0,885.0,883.0,885.0,200,0.0,0.0
2022-09-14 14:00:00+09:00,885.0,886.0,885.0,885.0,2300,0.0,0.0
2022-09-15 09:00:00+09:00,883.0,883.0,882.0,882.0,1700,0.0,0.0
2022-09-15 10:00:00+09:00,883.0,884.0,881.0,884.0,1400,0.0,0.0
2022-09-15 11:00:00+09:00,883.0,883.0,883.0,883.0,0,0.0,0.0
2022-09-15 12:00:00+09:00,884.0,884.0,868.0,870.0,30200,0.0,0.0
2022-09-15 13:00:00+09:00,870.0,874.0,864.0,865.0,28000,0.0,0.0
2022-09-15 14:00:00+09:00,867.0,867.0,860.0,864.0,19300,0.0,0.0
2022-09-16 09:00:00+09:00,868.0,879.0,862.0,877.0,6500,0.0,0.0
2022-09-16 10:00:00+09:00,877.0,877.0,873.0,873.0,1000,0.0,0.0
2022-09-16 11:00:00+09:00,873.0,874.0,873.0,874.0,0,0.0,0.0
2022-09-16 12:00:00+09:00,874.0,874.0,871.0,871.0,11400,0.0,0.0
2022-09-16 13:00:00+09:00,870.0,870.0,865.0,868.0,2600,0.0,0.0
2022-09-16 14:00:00+09:00,867.0,868.0,865.0,866.0,1700,0.0,0.0
2022-09-20 09:00:00+09:00,865.0,878.0,865.0,872.0,3300,0.0,0.0
2022-09-20 10:00:00+09:00,871.0,874.0,868.0,874.0,2300,0.0,0.0
2022-09-20 11:00:00+09:00,871.0,871.0,869.0,869.0,0,0.0,0.0
2022-09-20 12:00:00+09:00,869.0,870.0,869.0,870.0,7400,0.0,0.0
2022-09-20 13:00:00+09:00,870.0,874.0,869.0,874.0,900,0.0,0.0
2022-09-20 14:00:00+09:00,874.0,874.0,871.0,871.0,300,0.0,0.0
2022-09-21 09:00:00+09:00,870.0,871.0,866.0,866.0,1300,0.0,0.0
2022-09-21 10:00:00+09:00,866.0,867.0,866.0,866.0,300,0.0,0.0
2022-09-21 11:00:00+09:00,866.0,866.0,863.0,863.0,0,0.0,0.0
2022-09-21 12:00:00+09:00,861.0,862.0,857.0,859.0,5700,0.0,0.0
2022-09-21 13:00:00+09:00,862.0,865.0,862.0,864.0,900,0.0,0.0
2022-09-21 14:00:00+09:00,865.0,867.0,865.0,867.0,600,0.0,0.0
2022-09-22 09:00:00+09:00,855.0,860.0,853.0,860.0,4800,0.0,0.0
2022-09-22 10:00:00+09:00,860.0,860.0,858.0,858.0,300,0.0,0.0
2022-09-22 11:00:00+09:00,858.0,858.0,858.0,858.0,0,0.0,0.0
2022-09-22 12:00:00+09:00,858.0,859.0,857.0,859.0,6700,0.0,0.0
2022-09-22 13:00:00+09:00,859.0,861.0,858.0,858.0,1000,0.0,0.0
2022-09-22 14:00:00+09:00,858.0,859.0,857.0,859.0,1000,0.0,0.0
2022-09-26 09:00:00+09:00,853.0,855.0,852.0,853.0,0,0.0,0.0
2022-09-26 10:00:00+09:00,853.0,855.0,852.0,855.0,1900,0.0,0.0
2022-09-26 11:00:00+09:00,853.0,853.0,852.0,852.0,0,0.0,0.0
2022-09-26 12:00:00+09:00,852.0,856.0,852.0,856.0,7700,0.0,0.0
2022-09-26 13:00:00+09:00,853.0,853.0,851.0,852.0,2300,0.0,0.0
2022-09-26 14:00:00+09:00,852.0,854.0,852.0,852.0,400,0.0,0.0
2022-09-27 09:00:00+09:00,852.0,857.0,851.0,857.0,2000,0.0,0.0
2022-09-27 11:00:00+09:00,852.0,852.0,852.0,852.0,0,0.0,0.0
2022-09-27 12:00:00+09:00,853.0,853.0,853.0,853.0,2600,0.0,0.0
2022-09-27 13:00:00+09:00,852.0,852.0,851.0,852.0,3600,0.0,0.0
2022-09-27 14:00:00+09:00,851.0,851.0,845.0,849.0,7000,0.0,0.0
2022-09-28 09:00:00+09:00,850.0,856.0,850.0,856.0,1800,0.0,0.0
2022-09-28 10:00:00+09:00,851.0,851.0,849.0,849.0,500,0.0,0.0
2022-09-28 11:00:00+09:00,848.0,848.0,842.0,842.0,0,0.0,0.0
2022-09-28 12:00:00+09:00,842.0,846.0,842.0,845.0,6200,0.0,0.0
2022-09-28 13:00:00+09:00,846.0,846.0,845.0,845.0,400,0.0,0.0
2022-09-28 14:00:00+09:00,844.0,848.0,844.0,848.0,2600,0.0,0.0
2022-09-29 09:00:00+09:00,860.0,860.0,853.0,853.0,0,0.0,0.0
2022-09-29 10:00:00+09:00,850.0,850.0,850.0,850.0,900,0.0,0.0
2022-09-29 11:00:00+09:00,850.0,851.0,850.0,850.0,0,0.0,0.0
2022-09-29 12:00:00+09:00,850.0,850.0,849.0,849.0,2500,0.0,0.0
2022-09-29 13:00:00+09:00,849.0,849.0,849.0,849.0,100,0.0,0.0
2022-09-29 14:00:00+09:00,854.0,856.0,854.0,855.0,400,0.0,0.0
2022-09-30 09:00:00+09:00,851.0,851.0,850.0,850.0,400,0.0,0.0
2022-09-30 10:00:00+09:00,850.0,850.0,849.0,849.0,1000,0.0,0.0
2022-09-30 11:00:00+09:00,849.0,849.0,846.0,846.0,0,0.0,0.0
2022-09-30 12:00:00+09:00,846.0,846.0,844.0,844.0,4500,0.0,0.0
2022-09-30 13:00:00+09:00,844.0,844.0,842.0,844.0,1000,0.0,0.0
2022-09-30 14:00:00+09:00,847.0,848.0,846.0,846.0,600,0.0,0.0
2022-10-03 09:00:00+09:00,841.0,841.0,838.0,838.0,2600,0.0,0.0
2022-10-03 10:00:00+09:00,841.0,842.0,838.0,838.0,1300,0.0,0.0
2022-10-03 11:00:00+09:00,838.0,841.0,838.0,841.0,0,0.0,0.0
2022-10-03 12:00:00+09:00,839.0,839.0,839.0,839.0,4300,0.0,0.0
2022-10-03 13:00:00+09:00,840.0,841.0,840.0,841.0,300,0.0,0.0
2022-10-03 14:00:00+09:00,840.0,840.0,832.0,834.0,4800,0.0,0.0
2022-10-04 09:00:00+09:00,837.0,849.0,837.0,845.0,2600,0.0,0.0
2022-10-04 10:00:00+09:00,846.0,846.0,846.0,846.0,100,0.0,0.0
2022-10-04 11:00:00+09:00,843.0,847.0,843.0,846.0,0,0.0,0.0
2022-10-04 12:00:00+09:00,846.0,847.0,843.0,846.0,4300,0.0,0.0
2022-10-04 13:00:00+09:00,848.0,853.0,847.0,851.0,2400,0.0,0.0
2022-10-04 14:00:00+09:00,848.0,851.0,847.0,850.0,600,0.0,0.0
2022-10-05 09:00:00+09:00,851.0,851.0,850.0,850.0,600,0.0,0.0
2022-10-05 10:00:00+09:00,852.0,852.0,849.0,849.0,500,0.0,0.0
2022-10-05 11:00:00+09:00,849.0,849.0,849.0,849.0,0,0.0,0.0
2022-10-05 12:00:00+09:00,849.0,849.0,849.0,849.0,1400,0.0,0.0
2022-10-05 13:00:00+09:00,850.0,851.0,848.0,850.0,1200,0.0,0.0
2022-10-05 14:00:00+09:00,850.0,851.0,850.0,851.0,300,0.0,0.0
2022-10-06 09:00:00+09:00,850.0,854.0,850.0,851.0,3800,0.0,0.0
2022-10-06 10:00:00+09:00,851.0,851.0,851.0,851.0,200,0.0,0.0
2022-10-06 11:00:00+09:00,850.0,850.0,848.0,848.0,0,0.0,0.0
2022-10-06 12:00:00+09:00,849.0,850.0,849.0,850.0,5800,0.0,0.0
2022-10-06 13:00:00+09:00,851.0,851.0,850.0,850.0,200,0.0,0.0
2022-10-06 14:00:00+09:00,851.0,852.0,850.0,850.0,500,0.0,0.0
2022-10-07 09:00:00+09:00,850.0,850.0,844.0,844.0,5700,0.0,0.0
2022-10-07 10:00:00+09:00,845.0,845.0,844.0,845.0,700,0.0,0.0
2022-10-07 11:00:00+09:00,845.0,845.0,844.0,844.0,0,0.0,0.0
2022-10-07 12:00:00+09:00,844.0,846.0,844.0,844.0,8200,0.0,0.0
2022-10-07 13:00:00+09:00,844.0,844.0,842.0,842.0,1600,0.0,0.0
2022-10-07 14:00:00+09:00,842.0,844.0,842.0,844.0,1900,0.0,0.0
2022-10-11 09:00:00+09:00,852.0,852.0,843.0,851.0,0,0.0,0.0
2022-10-11 10:00:00+09:00,847.0,848.0,845.0,845.0,4500,0.0,0.0
2022-10-11 11:00:00+09:00,845.0,845.0,845.0,845.0,0,0.0,0.0
2022-10-11 12:00:00+09:00,846.0,846.0,846.0,846.0,5000,0.0,0.0
2022-10-11 13:00:00+09:00,849.0,850.0,847.0,847.0,2500,0.0,0.0
2022-10-11 14:00:00+09:00,847.0,847.0,847.0,847.0,100,0.0,0.0
2022-10-12 09:00:00+09:00,848.0,848.0,847.0,848.0,1200,0.0,0.0
2022-10-12 10:00:00+09:00,848.0,849.0,846.0,846.0,1200,0.0,0.0
2022-10-12 11:00:00+09:00,848.0,848.0,848.0,848.0,0,0.0,0.0
2022-10-12 12:00:00+09:00,848.0,848.0,846.0,846.0,2700,0.0,0.0
2022-10-12 13:00:00+09:00,846.0,846.0,844.0,844.0,1100,0.0,0.0
2022-10-12 14:00:00+09:00,844.0,849.0,843.0,849.0,900,0.0,0.0
2022-10-13 09:00:00+09:00,848.0,848.0,841.0,842.0,1800,0.0,0.0
2022-10-13 10:00:00+09:00,841.0,841.0,840.0,840.0,400,0.0,0.0
2022-10-13 11:00:00+09:00,840.0,840.0,839.0,840.0,0,0.0,0.0
2022-10-13 12:00:00+09:00,839.0,842.0,839.0,842.0,3000,0.0,0.0
2022-10-13 13:00:00+09:00,841.0,842.0,841.0,842.0,300,0.0,0.0
2022-10-13 14:00:00+09:00,842.0,842.0,842.0,842.0,200,0.0,0.0
2022-10-14 09:00:00+09:00,853.0,853.0,842.0,842.0,2200,0.0,0.0
2022-10-14 10:00:00+09:00,843.0,843.0,842.0,842.0,400,0.0,0.0
2022-10-14 11:00:00+09:00,841.0,846.0,841.0,846.0,0,0.0,0.0
2022-10-14 12:00:00+09:00,850.0,851.0,850.0,850.0,6800,0.0,0.0
2022-10-14 13:00:00+09:00,851.0,851.0,851.0,851.0,200,0.0,0.0
2022-10-14 14:00:00+09:00,851.0,853.0,850.0,853.0,1000,0.0,0.0
2022-10-17 09:00:00+09:00,853.0,853.0,853.0,853.0,100,0.0,0.0
2022-10-17 10:00:00+09:00,853.0,853.0,851.0,852.0,1300,0.0,0.0
2022-10-17 11:00:00+09:00,851.0,851.0,850.0,850.0,0,0.0,0.0
2022-10-17 12:00:00+09:00,861.0,865.0,853.0,853.0,8200,0.0,0.0
2022-10-17 13:00:00+09:00,851.0,857.0,851.0,857.0,400,0.0,0.0
2022-10-17 14:00:00+09:00,857.0,862.0,857.0,862.0,2600,0.0,0.0
2022-10-18 09:00:00+09:00,870.0,870.0,860.0,860.0,2100,0.0,0.0
2022-10-18 11:00:00+09:00,865.0,866.0,863.0,863.0,0,0.0,0.0
2022-10-18 12:00:00+09:00,866.0,867.0,864.0,864.0,3400,0.0,0.0
2022-10-18 14:00:00+09:00,866.0,866.0,865.0,865.0,600,0.0,0.0
2022-10-19 09:00:00+09:00,864.0,870.0,864.0,867.0,2900,0.0,0.0
2022-10-19 10:00:00+09:00,866.0,867.0,866.0,867.0,200,0.0,0.0
2022-10-19 11:00:00+09:00,865.0,865.0,865.0,865.0,0,0.0,0.0
2022-10-19 12:00:00+09:00,866.0,866.0,865.0,865.0,3500,0.0,0.0
2022-10-19 13:00:00+09:00,865.0,867.0,865.0,867.0,900,0.0,0.0
2022-10-19 14:00:00+09:00,867.0,868.0,866.0,868.0,1100,0.0,0.0
2022-10-20 09:00:00+09:00,866.0,866.0,866.0,866.0,300,0.0,0.0
2022-10-20 10:00:00+09:00,862.0,862.0,859.0,859.0,1200,0.0,0.0
2022-10-20 11:00:00+09:00,861.0,861.0,858.0,858.0,0,0.0,0.0
2022-10-20 12:00:00+09:00,858.0,858.0,856.0,856.0,2400,0.0,0.0
2022-10-20 13:00:00+09:00,856.0,861.0,856.0,856.0,500,0.0,0.0
2022-10-20 14:00:00+09:00,856.0,858.0,856.0,857.0,500,0.0,0.0
2022-10-21 09:00:00+09:00,862.0,862.0,855.0,859.0,0,0.0,0.0
2022-10-21 11:00:00+09:00,859.0,862.0,859.0,862.0,0,0.0,0.0
2022-10-21 12:00:00+09:00,866.0,866.0,866.0,866.0,8900,0.0,0.0
2022-10-21 13:00:00+09:00,865.0,868.0,865.0,868.0,800,0.0,0.0
2022-10-21 14:00:00+09:00,868.0,869.0,866.0,869.0,1600,0.0,0.0
2022-10-24 09:00:00+09:00,870.0,870.0,865.0,867.0,16100,0.0,0.0
2022-10-24 10:00:00+09:00,866.0,866.0,855.0,857.0,8000,0.0,0.0
2022-10-24 11:00:00+09:00,860.0,863.0,859.0,863.0,0,0.0,0.0
2022-10-24 12:00:00+09:00,866.0,866.0,866.0,866.0,25500,0.0,0.0
2022-10-24 13:00:00+09:00,863.0,863.0,863.0,863.0,200,0.0,0.0
2022-10-24 14:00:00+09:00,863.0,863.0,862.0,863.0,800,0.0,0.0
2022-10-25 09:00:00+09:00,866.0,866.0,862.0,862.0,300,0.0,0.0
2022-10-25 10:00:00+09:00,867.0,867.0,867.0,867.0,100,0.0,0.0
2022-10-25 11:00:00+09:00,865.0,866.0,865.0,866.0,0,0.0,0.0
2022-10-25 12:00:00+09:00,866.0,866.0,866.0,866.0,800,0.0,0.0
2022-10-25 13:00:00+09:00,864.0,866.0,862.0,862.0,1100,0.0,0.0
2022-10-25 14:00:00+09:00,862.0,863.0,862.0,863.0,200,0.0,0.0
2022-10-26 09:00:00+09:00,866.0,874.0,866.0,870.0,1500,0.0,0.0
2022-10-26 10:00:00+09:00,867.0,871.0,865.0,865.0,3000,0.0,0.0
2022-10-26 11:00:00+09:00,869.0,869.0,869.0,869.0,0,0.0,0.0
2022-10-26 12:00:00+09:00,871.0,871.0,871.0,871.0,4800,0.0,0.0
2022-10-26 13:00:00+09:00,869.0,869.0,869.0,869.0,300,0.0,0.0
2022-10-26 14:00:00+09:00,868.0,870.0,867.0,870.0,400,0.0,0.0
2022-10-27 09:00:00+09:00,871.0,877.0,871.0,871.0,6200,0.0,0.0
2022-10-27 10:00:00+09:00,871.0,872.0,871.0,872.0,400,0.0,0.0
2022-10-27 11:00:00+09:00,873.0,873.0,873.0,873.0,0,0.0,0.0
2022-10-27 12:00:00+09:00,873.0,874.0,872.0,874.0,7800,0.0,0.0
2022-10-27 13:00:00+09:00,875.0,876.0,875.0,876.0,800,0.0,0.0
2022-10-27 14:00:00+09:00,875.0,875.0,873.0,873.0,900,0.0,0.0
2022-10-28 09:00:00+09:00,871.0,872.0,870.0,870.0,6400,0.0,0.0
2022-10-28 10:00:00+09:00,870.0,870.0,868.0,868.0,1400,0.0,0.0
2022-10-28 11:00:00+09:00,868.0,871.0,868.0,871.0,0,0.0,0.0
2022-10-28 12:00:00+09:00,871.0,871.0,866.0,866.0,8600,0.0,0.0
2022-10-28 13:00:00+09:00,868.0,870.0,868.0,869.0,500,0.0,0.0
2022-10-28 14:00:00+09:00,869.0,869.0,865.0,865.0,3900,0.0,0.0
2022-10-31 09:00:00+09:00,867.0,870.0,861.0,870.0,0,0.0,0.0
2022-10-31 10:00:00+09:00,865.0,865.0,865.0,865.0,300,0.0,0.0
2022-10-31 11:00:00+09:00,865.0,865.0,861.0,864.0,0,0.0,0.0
2022-10-31 12:00:00+09:00,864.0,867.0,862.0,862.0,9200,0.0,0.0
2022-10-31 14:00:00+09:00,864.0,864.0,857.0,857.0,900,0.0,0.0
2022-11-01 09:00:00+09:00,861.0,861.0,861.0,861.0,5300,0.0,0.0
2022-11-01 10:00:00+09:00,861.0,865.0,861.0,864.0,3100,0.0,0.0
2022-11-01 11:00:00+09:00,867.0,867.0,867.0,867.0,0,0.0,0.0
2022-11-01 12:00:00+09:00,868.0,868.0,868.0,868.0,8700,0.0,0.0
2022-11-01 13:00:00+09:00,864.0,869.0,864.0,869.0,200,0.0,0.0
2022-11-01 14:00:00+09:00,870.0,870.0,870.0,870.0,100,0.0,0.0
2022-11-02 09:00:00+09:00,868.0,870.0,865.0,865.0,3000,0.0,0.0
2022-11-02 10:00:00+09:00,871.0,871.0,871.0,871.0,100,0.0,0.0
2022-11-02 11:00:00+09:00,866.0,870.0,866.0,870.0,0,0.0,0.0
2022-11-02 12:00:00+09:00,870.0,872.0,870.0,872.0,4300,0.0,0.0
2022-11-02 13:00:00+09:00,874.0,875.0,874.0,875.0,400,0.0,0.0
2022-11-02 14:00:00+09:00,875.0,875.0,875.0,875.0,300,0.0,0.0
2022-11-04 09:00:00+09:00,875.0,875.0,867.0,874.0,600,0.0,0.0
2022-11-04 10:00:00+09:00,873.0,873.0,868.0,868.0,1500,0.0,0.0
2022-11-04 11:00:00+09:00,866.0,869.0,866.0,869.0,0,0.0,0.0
2022-11-04 12:00:00+09:00,866.0,870.0,866.0,870.0,3800,0.0,0.0
2022-11-04 13:00:00+09:00,871.0,872.0,870.0,870.0,600,0.0,0.0
2022-11-04 14:00:00+09:00,870.0,874.0,870.0,873.0,1400,0.0,0.0
2022-11-07 09:00:00+09:00,865.0,871.0,864.0,864.0,4400,0.0,0.0
2022-11-07 10:00:00+09:00,863.0,863.0,863.0,863.0,100,0.0,0.0
2022-11-07 11:00:00+09:00,864.0,868.0,864.0,868.0,0,0.0,0.0
2022-11-07 12:00:00+09:00,872.0,872.0,864.0,864.0,6000,0.0,0.0
2022-11-07 13:00:00+09:00,864.0,866.0,864.0,866.0,1100,0.0,0.0
2022-11-07 14:00:00+09:00,863.0,863.0,858.0,858.0,2300,0.0,0.0
2022-11-08 09:00:00+09:00,868.0,868.0,858.0,858.0,800,0.0,0.0
2022-11-08 10:00:00+09:00,859.0,859.0,858.0,858.0,300,0.0,0.0
2022-11-08 11:00:00+09:00,856.0,859.0,855.0,859.0,0,0.0,0.0
2022-11-08 12:00:00+09:00,861.0,864.0,861.0,864.0,2000,0.0,0.0
2022-11-08 13:00:00+09:00,870.0,870.0,869.0,869.0,200,0.0,0.0
2022-11-08 14:00:00+09:00,866.0,866.0,864.0,864.0,500,0.0,0.0
2022-11-09 09:00:00+09:00,864.0,867.0,864.0,867.0,1300,0.0,0.0
2022-11-09 10:00:00+09:00,867.0,870.0,865.0,870.0,1200,0.0,0.0
2022-11-09 11:00:00+09:00,871.0,871.0,871.0,871.0,0,0.0,0.0
2022-11-09 12:00:00+09:00,873.0,873.0,872.0,873.0,3100,0.0,0.0
2022-11-09 13:00:00+09:00,870.0,870.0,870.0,870.0,100,0.0,0.0
2022-11-09 14:00:00+09:00,871.0,873.0,870.0,870.0,900,0.0,0.0
2022-11-10 09:00:00+09:00,874.0,880.0,870.0,880.0,6400,0.0,0.0
2022-11-10 10:00:00+09:00,879.0,879.0,879.0,879.0,200,0.0,0.0
2022-11-10 11:00:00+09:00,875.0,878.0,875.0,878.0,0,0.0,0.0
2022-11-10 12:00:00+09:00,879.0,879.0,879.0,879.0,7300,0.0,0.0
2022-11-10 13:00:00+09:00,876.0,877.0,871.0,871.0,600,0.0,0.0
2022-11-10 14:00:00+09:00,873.0,877.0,873.0,877.0,500,0.0,0.0
2022-11-11 09:00:00+09:00,880.0,880.0,874.0,875.0,1600,0.0,0.0
2022-11-11 10:00:00+09:00,875.0,877.0,875.0,877.0,1100,0.0,0.0
2022-11-11 11:00:00+09:00,877.0,878.0,877.0,878.0,0,0.0,0.0
2022-11-11 12:00:00+09:00,870.0,876.0,870.0,876.0,3400,0.0,0.0
2022-11-11 13:00:00+09:00,877.0,878.0,877.0,878.0,2500,0.0,0.0
2022-11-11 14:00:00+09:00,878.0,882.0,876.0,882.0,6400,0.0,0.0
2022-11-14 09:00:00+09:00,884.0,884.0,884.0,884.0,300,0.0,0.0
2022-11-14 10:00:00+09:00,883.0,883.0,883.0,883.0,100,0.0,0.0
2022-11-14 11:00:00+09:00,881.0,881.0,878.0,878.0,0,0.0,0.0
2022-11-14 12:00:00+09:00,883.0,883.0,883.0,883.0,2700,0.0,0.0
2022-11-14 13:00:00+09:00,878.0,882.0,878.0,882.0,200,0.0,0.0
2022-11-14 14:00:00+09:00,882.0,882.0,882.0,882.0,200,0.0,0.0
2022-11-15 09:00:00+09:00,880.0,880.0,880.0,880.0,1800,0.0,0.0
2022-11-15 10:00:00+09:00,880.0,880.0,879.0,879.0,300,0.0,0.0
2022-11-15 11:00:00+09:00,880.0,880.0,880.0,880.0,0,0.0,0.0
2022-11-15 12:00:00+09:00,880.0,880.0,876.0,876.0,3400,0.0,0.0
2022-11-15 13:00:00+09:00,875.0,881.0,875.0,881.0,1100,0.0,0.0
2022-11-15 14:00:00+09:00,881.0,883.0,877.0,883.0,1300,0.0,0.0
2022-11-16 09:00:00+09:00,882.0,883.0,882.0,882.0,1600,0.0,0.0
2022-11-16 10:00:00+09:00,882.0,882.0,880.0,880.0,1000,0.0,0.0
2022-11-16 11:00:00+09:00,880.0,880.0,880.0,880.0,0,0.0,0.0
2022-11-16 12:00:00+09:00,880.0,880.0,879.0,879.0,3100,0.0,0.0
2022-11-16 13:00:00+09:00,880.0,880.0,880.0,880.0,900,0.0,0.0
2022-11-16 14:00:00+09:00,880.0,880.0,877.0,879.0,1700,0.0,0.0
2022-11-17 09:00:00+09:00,884.0,884.0,881.0,881.0,300,0.0,0.0
2022-11-17 10:00:00+09:00,880.0,880.0,880.0,880.0,100,0.0,0.0
2022-11-17 11:00:00+09:00,880.0,880.0,878.0,878.0,0,0.0,0.0
2022-11-17 12:00:00+09:00,882.0,882.0,880.0,880.0,1600,0.0,0.0
2022-11-17 14:00:00+09:00,880.0,881.0,879.0,879.0,400,0.0,0.0
2022-11-18 09:00:00+09:00,882.0,882.0,882.0,882.0,300,0.0,0.0
2022-11-18 10:00:00+09:00,882.0,883.0,879.0,879.0,1100,0.0,0.0
2022-11-18 11:00:00+09:00,882.0,882.0,882.0,882.0,0,0.0,0.0
2022-11-18 12:00:00+09:00,882.0,883.0,881.0,881.0,2600,0.0,0.0
2022-11-18 13:00:00+09:00,880.0,880.0,880.0,880.0,100,0.0,0.0
2022-11-18 14:00:00+09:00,883.0,883.0,878.0,879.0,1000,0.0,0.0
2022-11-21 09:00:00+09:00,883.0,883.0,876.0,876.0,700,0.0,0.0
2022-11-21 10:00:00+09:00,875.0,875.0,875.0,875.0,800,0.0,0.0
2022-11-21 11:00:00+09:00,875.0,875.0,873.0,873.0,0,0.0,0.0
2022-11-21 12:00:00+09:00,876.0,876.0,874.0,874.0,3200,0.0,0.0
2022-11-21 13:00:00+09:00,874.0,874.0,874.0,874.0,100,0.0,0.0
2022-11-21 14:00:00+09:00,873.0,876.0,873.0,876.0,1400,0.0,0.0
2022-11-22 09:00:00+09:00,879.0,879.0,872.0,878.0,2200,0.0,0.0
2022-11-22 11:00:00+09:00,879.0,879.0,877.0,879.0,0,0.0,0.0
2022-11-22 12:00:00+09:00,879.0,887.0,879.0,887.0,6400,0.0,0.0
2022-11-22 13:00:00+09:00,886.0,886.0,883.0,885.0,500,0.0,0.0
2022-11-22 14:00:00+09:00,887.0,887.0,882.0,886.0,800,0.0,0.0
2022-11-24 09:00:00+09:00,887.0,889.0,885.0,888.0,1800,0.0,0.0
2022-11-24 10:00:00+09:00,887.0,889.0,886.0,887.0,2500,0.0,0.0
2022-11-24 11:00:00+09:00,887.0,887.0,887.0,887.0,0,0.0,0.0
2022-11-24 12:00:00+09:00,888.0,888.0,888.0,888.0,4400,0.0,0.0
2022-11-24 13:00:00+09:00,887.0,887.0,886.0,886.0,200,0.0,0.0
2022-11-24 14:00:00+09:00,888.0,892.0,886.0,892.0,1200,0.0,0.0
2022-11-25 09:00:00+09:00,892.0,892.0,891.0,891.0,2600,0.0,0.0
2022-11-25 10:00:00+09:00,891.0,892.0,887.0,891.0,700,0.0,0.0
2022-11-25 11:00:00+09:00,891.0,891.0,891.0,891.0,0,0.0,0.0
2022-11-25 12:00:00+09:00,891.0,891.0,891.0,891.0,3500,0.0,0.0
2022-11-25 13:00:00+09:00,891.0,891.0,891.0,891.0,100,0.0,0.0
2022-11-28 09:00:00+09:00,891.0,892.0,890.0,890.0,2200,0.0,0.0
2022-11-28 10:00:00+09:00,889.0,889.0,888.0,888.0,200,0.0,0.0
2022-11-28 11:00:00+09:00,888.0,888.0,888.0,888.0,0,0.0,0.0
2022-11-28 12:00:00+09:00,891.0,891.0,891.0,891.0,2800,0.0,0.0
2022-11-28 13:00:00+09:00,890.0,890.0,885.0,885.0,3000,0.0,0.0
2022-11-28 14:00:00+09:00,888.0,889.0,888.0,889.0,200,0.0,0.0
2022-11-29 09:00:00+09:00,893.0,893.0,888.0,888.0,1200,0.0,0.0
2022-11-29 10:00:00+09:00,889.0,895.0,889.0,895.0,3100,0.0,0.0
2022-11-29 11:00:00+09:00,895.0,895.0,895.0,895.0,0,0.0,0.0
2022-11-29 12:00:00+09:00,897.0,900.0,897.0,900.0,6100,0.0,0.0
2022-11-29 13:00:00+09:00,898.0,898.0,898.0,898.0,400,0.0,0.0
2022-11-29 14:00:00+09:00,897.0,897.0,896.0,896.0,1100,0.0,0.0
2022-11-30 09:00:00+09:00,899.0,899.0,899.0,899.0,400,0.0,0.0
2022-11-30 10:00:00+09:00,896.0,900.0,896.0,896.0,600,0.0,0.0
2022-11-30 11:00:00+09:00,900.0,901.0,900.0,901.0,0,0.0,0.0
2022-11-30 12:00:00+09:00,901.0,901.0,897.0,897.0,2300,0.0,0.0
2022-11-30 13:00:00+09:00,900.0,901.0,900.0,900.0,500,0.0,0.0
2022-11-30 14:00:00+09:00,899.0,900.0,899.0,900.0,600,0.0,0.0
2022-12-01 09:00:00+09:00,898.0,898.0,894.0,894.0,1700,0.0,0.0
2022-12-01 10:00:00+09:00,894.0,894.0,890.0,891.0,600,0.0,0.0
2022-12-01 11:00:00+09:00,892.0,892.0,892.0,892.0,0,0.0,0.0
2022-12-01 13:00:00+09:00,891.0,891.0,890.0,890.0,3600,0.0,0.0
2022-12-01 14:00:00+09:00,891.0,891.0,889.0,889.0,500,0.0,0.0
2022-12-02 09:00:00+09:00,886.0,888.0,886.0,888.0,700,0.0,0.0
2022-12-02 10:00:00+09:00,885.0,885.0,880.0,880.0,2400,0.0,0.0
2022-12-02 11:00:00+09:00,878.0,878.0,878.0,878.0,0,0.0,0.0
2022-12-02 12:00:00+09:00,878.0,879.0,877.0,879.0,5000,0.0,0.0
2022-12-02 13:00:00+09:00,880.0,880.0,880.0,880.0,100,0.0,0.0
2022-12-02 14:00:00+09:00,882.0,882.0,882.0,882.0,400,0.0,0.0
2022-12-05 09:00:00+09:00,898.0,898.0,881.0,881.0,600,0.0,0.0
2022-12-05 10:00:00+09:00,881.0,881.0,878.0,878.0,700,0.0,0.0
2022-12-05 11:00:00+09:00,881.0,881.0,881.0,881.0,0,0.0,0.0
2022-12-05 12:00:00+09:00,881.0,881.0,880.0,880.0,1800,0.0,0.0
2022-12-05 13:00:00+09:00,880.0,880.0,880.0,880.0,100,0.0,0.0
2022-12-05 14:00:00+09:00,881.0,882.0,880.0,880.0,300,0.0,0.0
2022-12-06 09:00:00+09:00,875.0,876.0,875.0,875.0,2000,0.0,0.0
2022-12-06 10:00:00+09:00,875.0,876.0,875.0,876.0,400,0.0,0.0
2022-12-06 11:00:00+09:00,875.0,875.0,875.0,875.0,0,0.0,0.0
2022-12-06 12:00:00+09:00,875.0,875.0,875.0,875.0,2600,0.0,0.0
2022-12-06 13:00:00+09:00,875.0,875.0,875.0,875.0,1000,0.0,0.0
2022-12-06 14:00:00+09:00,876.0,876.0,876.0,876.0,200,0.0,0.0
2022-12-07 09:00:00+09:00,872.0,875.0,872.0,874.0,600,0.0,0.0
2022-12-07 10:00:00+09:00,874.0,878.0,874.0,874.0,1000,0.0,0.0
2022-12-07 11:00:00+09:00,874.0,874.0,874.0,874.0,0,0.0,0.0
2022-12-07 12:00:00+09:00,874.0,874.0,874.0,874.0,1800,0.0,0.0
2022-12-07 13:00:00+09:00,874.0,874.0,874.0,874.0,100,0.0,0.0
2022-12-07 14:00:00+09:00,877.0,877.0,877.0,877.0,600,0.0,0.0
2022-12-08 09:00:00+09:00,873.0,873.0,869.0,869.0,2000,0.0,0.0
2022-12-08 10:00:00+09:00,871.0,872.0,864.0,864.0,3400,0.0,0.0
2022-12-08 11:00:00+09:00,864.0,864.0,864.0,864.0,0,0.0,0.0
2022-12-08 12:00:00+09:00,865.0,865.0,865.0,865.0,5700,0.0,0.0
2022-12-08 13:00:00+09:00,865.0,865.0,863.0,864.0,400,0.0,0.0
2022-12-08 14:00:00+09:00,864.0,865.0,864.0,865.0,500,0.0,0.0
2022-12-09 09:00:00+09:00,863.0,874.0,863.0,874.0,2600,0.0,0.0
2022-12-09 10:00:00+09:00,871.0,872.0,863.0,863.0,14500,0.0,0.0
2022-12-09 11:00:00+09:00,863.0,863.0,863.0,863.0,0,0.0,0.0
2022-12-09 12:00:00+09:00,863.0,865.0,859.0,864.0,33700,0.0,0.0
2022-12-09 13:00:00+09:00,864.0,864.0,863.0,863.0,300,0.0,0.0
2022-12-09 14:00:00+09:00,865.0,865.0,855.0,859.0,3800,0.0,0.0
2022-12-12 09:00:00+09:00,872.0,872.0,861.0,861.0,0,0.0,0.0
2022-12-12 10:00:00+09:00,864.0,864.0,862.0,862.0,500,0.0,0.0
2022-12-12 11:00:00+09:00,862.0,862.0,862.0,862.0,0,0.0,0.0
2022-12-12 12:00:00+09:00,862.0,862.0,862.0,862.0,4200,0.0,0.0
2022-12-12 13:00:00+09:00,864.0,866.0,864.0,866.0,2700,0.0,0.0
2022-12-12 14:00:00+09:00,865.0,867.0,860.0,860.0,5200,0.0,0.0
2022-12-13 09:00:00+09:00,858.0,861.0,856.0,856.0,0,0.0,0.0
2022-12-13 10:00:00+09:00,859.0,859.0,853.0,855.0,4600,0.0,0.0
2022-12-13 11:00:00+09:00,854.0,854.0,851.0,852.0,0,0.0,0.0
2022-12-13 12:00:00+09:00,853.0,853.0,845.0,848.0,16700,0.0,0.0
2022-12-13 13:00:00+09:00,848.0,850.0,848.0,850.0,900,0.0,0.0
2022-12-13 14:00:00+09:00,849.0,850.0,847.0,850.0,3900,0.0,0.0
2022-12-14 09:00:00+09:00,866.0,866.0,854.0,864.0,5200,0.0,0.0
2022-12-14 10:00:00+09:00,860.0,860.0,860.0,860.0,800,0.0,0.0
2022-12-14 11:00:00+09:00,860.0,860.0,860.0,860.0,0,0.0,0.0
2022-12-14 12:00:00+09:00,860.0,869.0,860.0,869.0,8300,0.0,0.0
2022-12-14 13:00:00+09:00,870.0,871.0,864.0,864.0,900,0.0,0.0
2022-12-14 14:00:00+09:00,869.0,869.0,869.0,869.0,100,0.0,0.0
2022-12-15 09:00:00+09:00,868.0,868.0,859.0,861.0,3900,0.0,0.0
2022-12-15 10:00:00+09:00,861.0,861.0,860.0,860.0,1400,0.0,0.0
2022-12-15 11:00:00+09:00,862.0,862.0,862.0,862.0,0,0.0,0.0
2022-12-15 12:00:00+09:00,860.0,870.0,860.0,870.0,15100,0.0,0.0
2022-12-15 13:00:00+09:00,870.0,870.0,870.0,870.0,900,0.0,0.0
2022-12-15 14:00:00+09:00,866.0,866.0,860.0,861.0,4000,0.0,0.0
2022-12-16 09:00:00+09:00,860.0,860.0,856.0,857.0,2600,0.0,0.0
2022-12-16 10:00:00+09:00,856.0,856.0,856.0,856.0,200,0.0,0.0
2022-12-16 11:00:00+09:00,856.0,856.0,856.0,856.0,0,0.0,0.0
2022-12-16 12:00:00+09:00,856.0,857.0,856.0,857.0,4400,0.0,0.0
2022-12-16 13:00:00+09:00,856.0,857.0,855.0,856.0,1600,0.0,0.0
2022-12-16 14:00:00+09:00,856.0,857.0,854.0,854.0,0,0.0,0.0
2022-12-19 09:00:00+09:00,852.0,856.0,852.0,856.0,1400,0.0,0.0
2022-12-19 11:00:00+09:00,854.0,855.0,854.0,855.0,0,0.0,0.0
2022-12-19 12:00:00+09:00,852.0,855.0,852.0,855.0,2300,0.0,0.0
2022-12-19 13:00:00+09:00,853.0,853.0,852.0,852.0,1100,0.0,0.0
2022-12-19 14:00:00+09:00,854.0,854.0,853.0,853.0,600,0.0,0.0
2022-12-20 09:00:00+09:00,855.0,863.0,855.0,862.0,3400,0.0,0.0
2022-12-20 10:00:00+09:00,863.0,865.0,862.0,864.0,600,0.0,0.0
2022-12-20 11:00:00+09:00,863.0,863.0,862.0,862.0,0,0.0,0.0
2022-12-20 12:00:00+09:00,854.0,862.0,854.0,856.0,5800,0.0,0.0
2022-12-20 13:00:00+09:00,854.0,855.0,852.0,854.0,2200,0.0,0.0
2022-12-20 14:00:00+09:00,854.0,855.0,852.0,853.0,1400,0.0,0.0
2022-12-21 09:00:00+09:00,861.0,868.0,860.0,867.0,7200,0.0,0.0
2022-12-21 10:00:00+09:00,867.0,871.0,867.0,869.0,1300,0.0,0.0
2022-12-21 11:00:00+09:00,868.0,868.0,868.0,868.0,0,0.0,0.0
2022-12-21 12:00:00+09:00,868.0,868.0,861.0,865.0,9700,0.0,0.0
2022-12-21 13:00:00+09:00,864.0,864.0,860.0,860.0,700,0.0,0.0
2022-12-21 14:00:00+09:00,859.0,861.0,859.0,860.0,600,0.0,0.0
2022-12-22 09:00:00+09:00,861.0,865.0,861.0,865.0,600,0.0,0.0
2022-12-22 10:00:00+09:00,867.0,869.0,865.0,867.0,600,0.0,0.0
2022-12-22 11:00:00+09:00,868.0,868.0,866.0,866.0,0,0.0,0.0
2022-12-22 12:00:00+09:00,866.0,866.0,865.0,865.0,0,0.0,0.0
2022-12-22 13:00:00+09:00,866.0,870.0,866.0,870.0,3700,0.0,0.0
2022-12-22 14:00:00+09:00,869.0,870.0,868.0,868.0,1700,0.0,0.0
2022-12-23 09:00:00+09:00,868.0,868.0,864.0,865.0,2300,0.0,0.0
2022-12-23 10:00:00+09:00,865.0,868.0,865.0,868.0,600,0.0,0.0
2022-12-23 11:00:00+09:00,867.0,867.0,867.0,867.0,0,0.0,0.0
2022-12-23 12:00:00+09:00,868.0,868.0,868.0,868.0,3700,0.0,0.0
2022-12-23 13:00:00+09:00,868.0,868.0,863.0,863.0,1800,0.0,0.0
2022-12-23 14:00:00+09:00,866.0,868.0,866.0,866.0,700,0.0,0.0
2022-12-26 09:00:00+09:00,870.0,871.0,868.0,868.0,0,0.0,0.0
2022-12-26 10:00:00+09:00,871.0,871.0,870.0,870.0,200,0.0,0.0
2022-12-26 11:00:00+09:00,871.0,871.0,871.0,871.0,0,0.0,0.0
2022-12-26 13:00:00+09:00,871.0,871.0,870.0,870.0,4400,0.0,0.0
2022-12-26 14:00:00+09:00,872.0,873.0,870.0,872.0,2000,0.0,0.0
2022-12-27 09:00:00+09:00,871.0,881.0,871.0,879.0,1000,0.0,0.0
2022-12-27 10:00:00+09:00,879.0,879.0,877.0,878.0,500,0.0,0.0
2022-12-27 11:00:00+09:00,879.0,879.0,879.0,879.0,0,0.0,0.0
2022-12-27 12:00:00+09:00,879.0,880.0,875.0,875.0,4200,0.0,0.0
2022-12-27 13:00:00+09:00,875.0,875.0,875.0,875.0,100,0.0,0.0
2022-12-28 09:00:00+09:00,875.0,875.0,873.0,873.0,1100,0.0,0.0
2022-12-28 10:00:00+09:00,873.0,873.0,870.0,870.0,2500,0.0,0.0
2022-12-28 11:00:00+09:00,870.0,870.0,870.0,870.0,0,0.0,0.0
2022-12-28 12:00:00+09:00,866.0,870.0,866.0,870.0,6600,0.0,0.0
2022-12-28 13:00:00+09:00,868.0,869.0,868.0,869.0,500,0.0,0.0
2022-12-28 14:00:00+09:00,872.0,875.0,872.0,875.0,700,0.0,0.0
2022-12-29 09:00:00+09:00,881.0,888.0,877.0,885.0,4000,0.0,0.0
2022-12-29 10:00:00+09:00,882.0,882.0,882.0,882.0,800,0.0,0.0
2022-12-29 11:00:00+09:00,882.0,882.0,882.0,882.0,0,0.0,0.0
2022-12-29 12:00:00+09:00,881.0,881.0,880.0,881.0,6100,0.0,0.0
2022-12-29 13:00:00+09:00,879.0,881.0,877.0,878.0,1700,0.0,0.0
2022-12-29 14:00:00+09:00,878.0,884.0,878.0,883.0,6800,0.0,0.0
2022-12-30 09:00:00+09:00,885.0,885.0,877.0,879.0,6300,0.0,0.0
2022-12-30 10:00:00+09:00,878.0,880.0,878.0,880.0,600,0.0,0.0
2022-12-30 11:00:00+09:00,880.0,880.0,880.0,880.0,0,0.0,0.0
2022-12-30 12:00:00+09:00,880.0,880.0,875.0,875.0,10500,0.0,0.0
2022-12-30 13:00:00+09:00,874.0,875.0,874.0,875.0,1400,0.0,0.0
2022-12-30 14:00:00+09:00,874.0,875.0,872.0,875.0,2000,0.0,0.0
2023-01-04 09:00:00+09:00,882.0,883.0,870.0,873.0,0,0.0,0.0
2023-01-04 10:00:00+09:00,874.0,874.0,869.0,869.0,2400,0.0,0.0
2023-01-04 11:00:00+09:00,870.0,870.0,869.0,869.0,0,0.0,0.0
2023-01-04 12:00:00+09:00,866.0,866.0,865.0,865.0,8400,0.0,0.0
2023-01-04 13:00:00+09:00,865.0,865.0,863.0,865.0,1300,0.0,0.0
2023-01-04 14:00:00+09:00,863.0,866.0,863.0,864.0,800,0.0,0.0
2023-01-05 09:00:00+09:00,868.0,870.0,868.0,870.0,300,0.0,0.0
2023-01-05 10:00:00+09:00,869.0,869.0,867.0,867.0,200,0.0,0.0
2023-01-05 11:00:00+09:00,865.0,870.0,864.0,870.0,0,0.0,0.0
2023-01-05 12:00:00+09:00,870.0,871.0,869.0,869.0,3500,0.0,0.0
2023-01-05 13:00:00+09:00,868.0,868.0,866.0,867.0,300,0.0,0.0
2023-01-05 14:00:00+09:00,867.0,882.0,867.0,870.0,6400,0.0,0.0
2023-01-06 09:00:00+09:00,872.0,872.0,866.0,866.0,600,0.0,0.0
2023-01-06 10:00:00+09:00,865.0,869.0,865.0,868.0,6100,0.0,0.0
2023-01-06 11:00:00+09:00,868.0,868.0,868.0,868.0,0,0.0,0.0
2023-01-06 12:00:00+09:00,868.0,868.0,868.0,868.0,10600,0.0,0.0
2023-01-06 13:00:00+09:00,870.0,874.0,868.0,868.0,900,0.0,0.0
2023-01-06 14:00:00+09:00,870.0,870.0,865.0,867.0,2500,0.0,0.0
2023-01-10 09:00:00+09:00,872.0,872.0,861.0,866.0,0,0.0,0.0
2023-01-10 10:00:00+09:00,862.0,862.0,862.0,862.0,6200,0.0,0.0
2023-01-10 11:00:00+09:00,866.0,866.0,866.0,866.0,0,0.0,0.0
2023-01-10 12:00:00+09:00,867.0,867.0,861.0,863.0,7400,0.0,0.0
2023-01-10 13:00:00+09:00,863.0,863.0,857.0,857.0,0,0.0,0.0
2023-01-10 14:00:00+09:00,857.0,858.0,854.0,854.0,17000,0.0,0.0
2023-01-11 09:00:00+09:00,854.0,854.0,850.0,852.0,5000,0.0,0.0
2023-01-11 10:00:00+09:00,853.0,853.0,848.0,850.0,3100,0.0,0.0
2023-01-11 11:00:00+09:00,850.0,850.0,849.0,849.0,0,0.0,0.0
2023-01-11 12:00:00+09:00,849.0,853.0,849.0,853.0,11900,0.0,0.0
2023-01-11 13:00:00+09:00,851.0,851.0,846.0,849.0,7800,0.0,0.0
2023-01-11 14:00:00+09:00,849.0,852.0,849.0,852.0,2600,0.0,0.0
2023-01-12 09:00:00+09:00,850.0,850.0,845.0,849.0,3500,0.0,0.0
2023-01-12 10:00:00+09:00,850.0,852.0,850.0,850.0,500,0.0,0.0
2023-01-12 11:00:00+09:00,852.0,852.0,850.0,850.0,0,0.0,0.0
2023-01-12 12:00:00+09:00,850.0,850.0,850.0,850.0,5100,0.0,0.0
2023-01-12 13:00:00+09:00,850.0,851.0,849.0,851.0,800,0.0,0.0
2023-01-12 14:00:00+09:00,851.0,856.0,850.0,853.0,800,0.0,0.0
2023-01-13 09:00:00+09:00,856.0,858.0,851.0,851.0,1600,0.0,0.0
2023-01-13 10:00:00+09:00,852.0,852.0,852.0,852.0,200,0.0,0.0
2023-01-13 11:00:00+09:00,852.0,852.0,851.0,851.0,0,0.0,0.0
2023-01-13 12:00:00+09:00,850.0,854.0,850.0,851.0,0,0.0,0.0
2023-01-13 13:00:00+09:00,851.0,851.0,851.0,851.0,3400,0.0,0.0
2023-01-13 14:00:00+09:00,852.0,853.0,852.0,853.0,300,0.0,0.0
2023-01-16 09:00:00+09:00,851.0,853.0,850.0,853.0,2200,0.0,0.0
2023-01-16 10:00:00+09:00,853.0,853.0,853.0,853.0,300,0.0,0.0
2023-01-16 11:00:00+09:00,854.0,854.0,853.0,853.0,0,0.0,0.0
2023-01-16 12:00:00+09:00,858.0,860.0,857.0,860.0,9300,0.0,0.0
2023-01-16 13:00:00+09:00,859.0,859.0,858.0,858.0,200,0.0,0.0
2023-01-16 14:00:00+09:00,859.0,859.0,858.0,859.0,700,0.0,0.0
2023-01-17 09:00:00+09:00,857.0,867.0,857.0,862.0,1600,0.0,0.0
2023-01-17 10:00:00+09:00,866.0,866.0,859.0,862.0,800,0.0,0.0
2023-01-17 11:00:00+09:00,862.0,862.0,862.0,862.0,0,0.0,0.0
2023-01-17 12:00:00+09:00,860.0,862.0,860.0,862.0,2600,0.0,0.0
2023-01-17 13:00:00+09:00,862.0,865.0,860.0,865.0,2900,0.0,0.0
2023-01-17 14:00:00+09:00,863.0,863.0,862.0,863.0,800,0.0,0.0
2023-01-18 09:00:00+09:00,871.0,871.0,863.0,866.0,1600,0.0,0.0
2023-01-18 10:00:00+09:00,863.0,865.0,863.0,865.0,500,0.0,0.0
2023-01-18 11:00:00+09:00,865.0,865.0,865.0,865.0,0,0.0,0.0
2023-01-18 12:00:00+09:00,866.0,867.0,866.0,867.0,2700,0.0,0.0
2023-01-18 13:00:00+09:00,866.0,867.0,866.0,867.0,1200,0.0,0.0
2023-01-18 14:00:00+09:00,866.0,866.0,864.0,864.0,0,0.0,0.0
2023-01-19 09:00:00+09:00,870.0,870.0,865.0,865.0,300,0.0,0.0
2023-01-19 10:00:00+09:00,865.0,868.0,865.0,868.0,500,0.0,0.0
2023-01-19 11:00:00+09:00,866.0,866.0,863.0,863.0,0,0.0,0.0
2023-01-19 12:00:00+09:00,863.0,863.0,863.0,863.0,2100,0.0,0.0
2023-01-19 13:00:00+09:00,864.0,864.0,864.0,864.0,100,0.0,0.0
2023-01-19 14:00:00+09:00,865.0,866.0,863.0,863.0,600,0.0,0.0
2023-01-20 09:00:00+09:00,867.0,867.0,867.0,867.0,100,0.0,0.0
2023-01-20 10:00:00+09:00,864.0,867.0,864.0,867.0,300,0.0,0.0
2023-01-20 11:00:00+09:00,867.0,867.0,866.0,866.0,0,0.0,0.0
2023-01-20 12:00:00+09:00,865.0,866.0,865.0,866.0,900,0.0,0.0
2023-01-20 13:00:00+09:00,866.0,870.0,866.0,867.0,2200,0.0,0.0
2023-01-20 14:00:00+09:00,868.0,868.0,867.0,867.0,500,0.0,0.0
2023-01-23 09:00:00+09:00,872.0,873.0,871.0,873.0,800,0.0,0.0
2023-01-23 10:00:00+09:00,874.0,874.0,872.0,872.0,1200,0.0,0.0
2023-01-23 11:00:00+09:00,872.0,872.0,872.0,872.0,0,0.0,0.0
2023-01-23 12:00:00+09:00,875.0,875.0,875.0,875.0,3300,0.0,0.0
2023-01-23 13:00:00+09:00,871.0,871.0,871.0,871.0,400,0.0,0.0
2023-01-23 14:00:00+09:00,871.0,874.0,871.0,872.0,400,0.0,0.0
2023-01-24 09:00:00+09:00,875.0,875.0,871.0,871.0,2600,0.0,0.0
2023-01-24 10:00:00+09:00,872.0,872.0,871.0,871.0,200,0.0,0.0
2023-01-24 11:00:00+09:00,871.0,871.0,871.0,871.0,0,0.0,0.0
2023-01-24 12:00:00+09:00,871.0,871.0,871.0,871.0,2900,0.0,0.0
2023-01-24 13:00:00+09:00,871.0,871.0,871.0,871.0,900,0.0,0.0
2023-01-24 14:00:00+09:00,872.0,876.0,872.0,872.0,800,0.0,0.0
2023-01-25 09:00:00+09:00,876.0,876.0,875.0,876.0,400,0.0,0.0
2023-01-25 10:00:00+09:00,876.0,877.0,876.0,876.0,600,0.0,0.0
2023-01-25 11:00:00+09:00,876.0,876.0,876.0,876.0,0,0.0,0.0
2023-01-25 12:00:00+09:00,880.0,880.0,874.0,874.0,2200,0.0,0.0
2023-01-25 13:00:00+09:00,875.0,875.0,875.0,875.0,300,0.0,0.0
2023-01-25 14:00:00+09:00,872.0,873.0,872.0,873.0,200,0.0,0.0
2023-01-26 09:00:00+09:00,874.0,875.0,868.0,869.0,3800,0.0,0.0
2023-01-26 10:00:00+09:00,870.0,872.0,868.0,868.0,1800,0.0,0.0
2023-01-26 11:00:00+09:00,872.0,872.0,872.0,872.0,0,0.0,0.0
2023-01-26 12:00:00+09:00,875.0,875.0,875.0,875.0,6000,0.0,0.0
2023-01-26 14:00:00+09:00,871.0,873.0,871.0,873.0,400,0.0,0.0
2023-01-27 09:00:00+09:00,874.0,874.0,874.0,874.0,2700,0.0,0.0
2023-01-27 10:00:00+09:00,873.0,873.0,873.0,873.0,100,0.0,0.0
2023-01-27 11:00:00+09:00,873.0,873.0,873.0,873.0,0,0.0,0.0
2023-01-27 12:00:00+09:00,873.0,874.0,873.0,874.0,3100,0.0,0.0
2023-01-27 13:00:00+09:00,872.0,872.0,872.0,872.0,300,0.0,0.0
2023-01-27 14:00:00+09:00,872.0,872.0,872.0,872.0,400,0.0,0.0
2023-01-30 09:00:00+09:00,873.0,874.0,873.0,873.0,1100,0.0,0.0
2023-01-30 10:00:00+09:00,874.0,874.0,874.0,874.0,100,0.0,0.0
2023-01-30 11:00:00+09:00,875.0,875.0,875.0,875.0,0,0.0,0.0
2023-01-30 12:00:00+09:00,875.0,875.0,873.0,873.0,3200,0.0,0.0
2023-01-30 13:00:00+09:00,872.0,872.0,862.0,862.0,2900,0.0,0.0
2023-01-30 14:00:00+09:00,862.0,865.0,862.0,864.0,4100,0.0,0.0
2023-01-31 09:00:00+09:00,862.0,864.0,862.0,864.0,1500,0.0,0.0
2023-01-31 10:00:00+09:00,866.0,866.0,866.0,866.0,100,0.0,0.0
2023-01-31 11:00:00+09:00,866.0,866.0,866.0,866.0,0,0.0,0.0
2023-01-31 12:00:00+09:00,866.0,866.0,866.0,866.0,1800,0.0,0.0
2023-01-31 13:00:00+09:00,865.0,865.0,864.0,864.0,500,0.0,0.0
2023-01-31 14:00:00+09:00,863.0,865.0,863.0,863.0,700,0.0,0.0
2023-02-01 09:00:00+09:00,864.0,871.0,864.0,865.0,2600,0.0,0.0
2023-02-01 10:00:00+09:00,865.0,865.0,863.0,863.0,900,0.0,0.0
2023-02-01 11:00:00+09:00,863.0,863.0,863.0,863.0,0,0.0,0.0
2023-02-01 12:00:00+09:00,865.0,865.0,865.0,865.0,3600,0.0,0.0
2023-02-01 13:00:00+09:00,863.0,871.0,863.0,867.0,3300,0.0,0.0
2023-02-01 14:00:00+09:00,867.0,870.0,867.0,870.0,200,0.0,0.0
2023-02-02 09:00:00+09:00,867.0,868.0,867.0,868.0,200,0.0,0.0
2023-02-02 10:00:00+09:00,866.0,867.0,866.0,867.0,300,0.0,0.0
2023-02-02 11:00:00+09:00,866.0,866.0,866.0,866.0,0,0.0,0.0
2023-02-02 12:00:00+09:00,868.0,868.0,868.0,868.0,800,0.0,0.0
2023-02-02 13:00:00+09:00,868.0,868.0,867.0,868.0,900,0.0,0.0
2023-02-02 14:00:00+09:00,867.0,868.0,867.0,868.0,300,0.0,0.0
2023-02-03 09:00:00+09:00,868.0,870.0,868.0,870.0,900,0.0,0.0
2023-02-03 10:00:00+09:00,870.0,870.0,870.0,870.0,0,0.0,0.0
2023-02-03 11:00:00+09:00,869.0,869.0,868.0,868.0,0,0.0,0.0
2023-02-03 12:00:00+09:00,868.0,868.0,868.0,868.0,1600,0.0,0.0
2023-02-03 13:00:00+09:00,867.0,867.0,862.0,866.0,2700,0.0,0.0
2023-02-03 14:00:00+09:00,866.0,866.0,865.0,865.0,700,0.0,0.0
2023-02-06 09:00:00+09:00,869.0,870.0,869.0,870.0,300,0.0,0.0
2023-02-06 10:00:00+09:00,867.0,867.0,864.0,865.0,1000,0.0,0.0
2023-02-06 11:00:00+09:00,865.0,865.0,865.0,865.0,0,0.0,0.0
2023-02-06 12:00:00+09:00,868.0,869.0,868.0,869.0,2700,0.0,0.0
2023-02-06 13:00:00+09:00,868.0,868.0,868.0,868.0,300,0.0,0.0
2023-02-06 14:00:00+09:00,868.0,869.0,868.0,869.0,200,0.0,0.0
2023-02-07 09:00:00+09:00,866.0,868.0,866.0,868.0,800,0.0,0.0
2023-02-07 10:00:00+09:00,867.0,867.0,867.0,867.0,200,0.0,0.0
2023-02-07 11:00:00+09:00,869.0,870.0,869.0,870.0,0,0.0,0.0
2023-02-07 12:00:00+09:00,867.0,869.0,867.0,869.0,2600,0.0,0.0
2023-02-07 13:00:00+09:00,868.0,868.0,867.0,867.0,500,0.0,0.0
2023-02-08 09:00:00+09:00,867.0,871.0,865.0,871.0,6700,0.0,0.0
2023-02-08 10:00:00+09:00,870.0,870.0,868.0,868.0,300,0.0,0.0
2023-02-08 11:00:00+09:00,868.0,868.0,868.0,868.0,0,0.0,0.0
2023-02-08 12:00:00+09:00,866.0,866.0,866.0,866.0,8800,0.0,0.0
2023-02-08 13:00:00+09:00,869.0,869.0,868.0,868.0,300,0.0,0.0
2023-02-09 09:00:00+09:00,867.0,871.0,865.0,871.0,3500,0.0,0.0
2023-02-09 10:00:00+09:00,873.0,873.0,869.0,873.0,1200,0.0,0.0
2023-02-09 11:00:00+09:00,874.0,875.0,874.0,875.0,0,0.0,0.0
2023-02-09 12:00:00+09:00,873.0,873.0,873.0,873.0,6300,0.0,0.0
2023-02-09 13:00:00+09:00,875.0,875.0,874.0,875.0,800,0.0,0.0
2023-02-09 14:00:00+09:00,875.0,880.0,875.0,879.0,4300,0.0,0.0
2023-02-10 09:00:00+09:00,887.0,887.0,870.0,874.0,10400,0.0,0.0
2023-02-10 10:00:00+09:00,873.0,874.0,873.0,874.0,200,0.0,0.0
2023-02-10 11:00:00+09:00,873.0,875.0,873.0,873.0,0,0.0,0.0
2023-02-10 12:00:00+09:00,872.0,874.0,869.0,874.0,13500,0.0,0.0
2023-02-10 13:00:00+09:00,872.0,874.0,872.0,873.0,1100,0.0,0.0
2023-02-10 14:00:00+09:00,874.0,884.0,874.0,881.0,2400,0.0,0.0
2023-02-13 09:00:00+09:00,878.0,878.0,878.0,878.0,700,0.0,0.0
2023-02-13 10:00:00+09:00,876.0,876.0,874.0,874.0,1400,0.0,0.0
2023-02-13 11:00:00+09:00,874.0,874.0,870.0,870.0,0,0.0,0.0
2023-02-13 12:00:00+09:00,875.0,875.0,871.0,875.0,5200,0.0,0.0
2023-02-13 13:00:00+09:00,875.0,875.0,875.0,875.0,100,0.0,0.0
2023-02-13 14:00:00+09:00,875.0,876.0,875.0,876.0,900,0.0,0.0
2023-02-14 09:00:00+09:00,876.0,881.0,875.0,877.0,0,0.0,0.0
2023-02-14 10:00:00+09:00,878.0,882.0,878.0,880.0,2300,0.0,0.0
2023-02-14 11:00:00+09:00,880.0,880.0,877.0,877.0,0,0.0,0.0
2023-02-14 12:00:00+09:00,878.0,878.0,875.0,878.0,3200,0.0,0.0
2023-02-14 13:00:00+09:00,880.0,882.0,880.0,881.0,600,0.0,0.0
2023-02-14 14:00:00+09:00,878.0,878.0,876.0,876.0,200,0.0,0.0
2023-02-15 09:00:00+09:00,875.0,885.0,875.0,882.0,7100,0.0,0.0
2023-02-15 10:00:00+09:00,882.0,882.0,878.0,878.0,800,0.0,0.0
2023-02-15 11:00:00+09:00,877.0,877.0,877.0,877.0,0,0.0,0.0
2023-02-15 14:00:00+09:00,878.0,883.0,878.0,883.0,8500,0.0,0.0
2023-02-16 09:00:00+09:00,883.0,887.0,880.0,880.0,3000,0.0,0.0
2023-02-16 11:00:00+09:00,881.0,881.0,879.0,879.0,0,0.0,0.0
2023-02-16 12:00:00+09:00,883.0,884.0,880.0,883.0,5100,0.0,0.0
2023-02-16 13:00:00+09:00,881.0,882.0,881.0,882.0,400,0.0,0.0
2023-02-16 14:00:00+09:00,882.0,882.0,879.0,879.0,200,0.0,0.0
2023-02-17 09:00:00+09:00,882.0,886.0,879.0,880.0,0,0.0,0.0
2023-02-17 10:00:00+09:00,879.0,879.0,877.0,877.0,3000,0.0,0.0
2023-02-17 11:00:00+09:00,881.0,885.0,881.0,882.0,0,0.0,0.0
2023-02-17 12:00:00+09:00,884.0,884.0,878.0,878.0,5400,0.0,0.0
2023-02-17 13:00:00+09:00,880.0,884.0,880.0,884.0,200,0.0,0.0
2023-02-17 14:00:00+09:00,885.0,885.0,885.0,885.0,400,0.0,0.0
2023-02-20 09:00:00+09:00,882.0,885.0,882.0,885.0,900,0.0,0.0
2023-02-20 10:00:00+09:00,884.0,894.0,884.0,893.0,800,0.0,0.0
2023-02-20 11:00:00+09:00,893.0,893.0,893.0,893.0,0,0.0,0.0
2023-02-20 12:00:00+09:00,890.0,893.0,888.0,889.0,3300,0.0,0.0
2023-02-20 13:00:00+09:00,888.0,888.0,888.0,888.0,100,0.0,0.0
2023-02-20 14:00:00+09:00,890.0,892.0,889.0,889.0,1600,0.0,0.0
2023-02-21 09:00:00+09:00,893.0,895.0,891.0,891.0,1900,0.0,0.0
2023-02-21 10:00:00+09:00,890.0,890.0,890.0,890.0,300,0.0,0.0
2023-02-21 11:00:00+09:00,890.0,890.0,890.0,890.0,0,0.0,0.0
2023-02-21 13:00:00+09:00,893.0,895.0,893.0,893.0,3400,0.0,0.0
2023-02-21 14:00:00+09:00,893.0,895.0,893.0,894.0,500,0.0,0.0
2023-02-22 09:00:00+09:00,896.0,898.0,889.0,889.0,2300,0.0,0.0
2023-02-22 10:00:00+09:00,889.0,890.0,889.0,890.0,200,0.0,0.0
2023-02-22 11:00:00+09:00,892.0,898.0,892.0,894.0,0,0.0,0.0
2023-02-22 12:00:00+09:00,893.0,893.0,893.0,893.0,4300,0.0,0.0
2023-02-22 13:00:00+09:00,890.0,891.0,889.0,891.0,400,0.0,0.0
2023-02-22 14:00:00+09:00,892.0,892.0,890.0,890.0,700,0.0,0.0
2023-02-24 09:00:00+09:00,891.0,895.0,891.0,893.0,0,0.0,0.0
2023-02-24 10:00:00+09:00,894.0,894.0,893.0,893.0,200,0.0,0.0
2023-02-24 11:00:00+09:00,894.0,894.0,893.0,893.0,0,0.0,0.0
2023-02-24 12:00:00+09:00,894.0,894.0,891.0,891.0,3300,0.0,0.0
2023-02-24 13:00:00+09:00,891.0,894.0,891.0,893.0,1100,0.0,0.0
2023-02-24 14:00:00+09:00,894.0,894.0,894.0,894.0,200,0.0,0.0
2023-02-27 09:00:00+09:00,929.0,929.0,907.0,919.0,17400,0.0,0.0
2023-02-27 10:00:00+09:00,920.0,922.0,915.0,920.0,2400,0.0,0.0
2023-02-27 11:00:00+09:00,918.0,919.0,918.0,918.0,0,0.0,0.0
2023-02-27 12:00:00+09:00,918.0,925.0,918.0,922.0,24200,0.0,0.0
2023-02-27 13:00:00+09:00,924.0,924.0,923.0,924.0,2700,0.0,0.0
2023-02-27 14:00:00+09:00,925.0,932.0,920.0,922.0,12400,0.0,0.0
2023-02-28 09:00:00+09:00,931.0,932.0,926.0,928.0,7600,0.0,0.0
2023-02-28 10:00:00+09:00,928.0,929.0,927.0,927.0,800,0.0,0.0
2023-02-28 11:00:00+09:00,927.0,927.0,927.0,927.0,0,0.0,0.0
2023-02-28 12:00:00+09:00,926.0,927.0,926.0,926.0,9500,0.0,0.0
2023-02-28 13:00:00+09:00,926.0,926.0,925.0,925.0,1200,0.0,0.0
2023-02-28 14:00:00+09:00,926.0,929.0,925.0,926.0,3900,0.0,0.0
2023-03-01 09:00:00+09:00,926.0,927.0,913.0,913.0,6400,0.0,0.0
2023-03-01 10:00:00+09:00,912.0,914.0,911.0,914.0,1600,0.0,0.0
2023-03-01 11:00:00+09:00,919.0,919.0,919.0,919.0,0,0.0,0.0
2023-03-01 12:00:00+09:00,919.0,920.0,919.0,919.0,9500,0.0,0.0
2023-03-01 13:00:00+09:00,919.0,920.0,918.0,919.0,900,0.0,0.0
2023-03-01 14:00:00+09:00,918.0,921.0,916.0,918.0,2300,0.0,0.0
2023-03-02 09:00:00+09:00,929.0,929.0,919.0,924.0,3400,0.0,0.0
2023-03-02 10:00:00+09:00,921.0,921.0,921.0,921.0,100,0.0,0.0
2023-03-02 11:00:00+09:00,922.0,922.0,918.0,918.0,0,0.0,0.0
2023-03-02 12:00:00+09:00,918.0,918.0,914.0,916.0,6600,0.0,0.0
2023-03-02 13:00:00+09:00,916.0,916.0,916.0,916.0,500,0.0,0.0
2023-03-02 14:00:00+09:00,916.0,919.0,916.0,916.0,1500,0.0,0.0
2023-03-03 09:00:00+09:00,922.0,922.0,915.0,920.0,8700,0.0,0.0
2023-03-03 10:00:00+09:00,918.0,922.0,918.0,921.0,1600,0.0,0.0
2023-03-03 11:00:00+09:00,921.0,921.0,921.0,921.0,0,0.0,0.0
2023-03-03 12:00:00+09:00,922.0,922.0,921.0,921.0,11000,0.0,0.0
2023-03-03 13:00:00+09:00,920.0,920.0,920.0,920.0,400,0.0,0.0
2023-03-03 14:00:00+09:00,920.0,925.0,919.0,925.0,4000,0.0,0.0
2023-03-06 09:00:00+09:00,928.0,928.0,922.0,923.0,6300,0.0,0.0
2023-03-06 10:00:00+09:00,924.0,924.0,924.0,924.0,200,0.0,0.0
2023-03-06 11:00:00+09:00,924.0,924.0,917.0,922.0,0,0.0,0.0
2023-03-06 12:00:00+09:00,922.0,927.0,922.0,926.0,15200,0.0,0.0
2023-03-06 13:00:00+09:00,926.0,926.0,924.0,924.0,1400,0.0,0.0
2023-03-06 14:00:00+09:00,925.0,926.0,925.0,925.0,1400,0.0,0.0
2023-03-07 09:00:00+09:00,925.0,928.0,924.0,924.0,1800,0.0,0.0
2023-03-07 10:00:00+09:00,925.0,925.0,925.0,925.0,800,0.0,0.0
2023-03-07 11:00:00+09:00,925.0,925.0,925.0,925.0,0,0.0,0.0
2023-03-07 12:00:00+09:00,925.0,925.0,923.0,924.0,3200,0.0,0.0
2023-03-07 13:00:00+09:00,925.0,925.0,925.0,925.0,300,0.0,0.0
2023-03-07 14:00:00+09:00,926.0,927.0,926.0,926.0,1500,0.0,0.0
2023-03-08 09:00:00+09:00,927.0,928.0,924.0,928.0,5500,0.0,0.0
2023-03-08 10:00:00+09:00,927.0,928.0,927.0,927.0,600,0.0,0.0
2023-03-08 11:00:00+09:00,929.0,929.0,929.0,929.0,0,0.0,0.0
2023-03-08 12:00:00+09:00,929.0,929.0,926.0,927.0,7100,0.0,0.0
2023-03-08 14:00:00+09:00,927.0,927.0,926.0,927.0,1200,0.0,0.0
2023-03-09 09:00:00+09:00,927.0,927.0,924.0,927.0,3100,0.0,0.0
2023-03-09 10:00:00+09:00,926.0,926.0,923.0,925.0,1200,0.0,0.0
2023-03-09 11:00:00+09:00,925.0,925.0,925.0,925.0,0,0.0,0.0
2023-03-09 12:00:00+09:00,926.0,926.0,926.0,926.0,4500,0.0,0.0
2023-03-09 13:00:00+09:00,928.0,928.0,927.0,927.0,1100,0.0,0.0
2023-03-09 14:00:00+09:00,927.0,928.0,924.0,928.0,2100,0.0,0.0
2023-03-10 09:00:00+09:00,928.0,928.0,921.0,921.0,6700,0.0,0.0
2023-03-10 10:00:00+09:00,922.0,927.0,919.0,920.0,6500,0.0,0.0
2023-03-10 11:00:00+09:00,921.0,922.0,919.0,919.0,0,0.0,0.0
2023-03-10 12:00:00+09:00,920.0,921.0,920.0,920.0,15500,0.0,0.0
2023-03-10 13:00:00+09:00,920.0,921.0,918.0,918.0,2700,0.0,0.0
2023-03-10 14:00:00+09:00,919.0,919.0,916.0,918.0,2100,0.0,0.0
2023-03-13 09:00:00+09:00,914.0,914.0,893.0,897.0,0,0.0,0.0
2023-03-13 10:00:00+09:00,900.0,901.0,895.0,897.0,4200,0.0,0.0
2023-03-13 11:00:00+09:00,897.0,897.0,897.0,897.0,0,0.0,0.0
2023-03-13 12:00:00+09:00,901.0,901.0,897.0,900.0,18700,0.0,0.0
2023-03-13 13:00:00+09:00,899.0,900.0,895.0,895.0,5300,0.0,0.0
2023-03-13 14:00:00+09:00,895.0,899.0,895.0,896.0,1000,0.0,0.0
2023-03-14 09:00:00+09:00,900.0,900.0,890.0,890.0,5500,0.0,0.0
2023-03-14 10:00:00+09:00,891.0,892.0,891.0,891.0,1500,0.0,0.0
2023-03-14 11:00:00+09:00,892.0,892.0,892.0,892.0,0,0.0,0.0
2023-03-14 12:00:00+09:00,891.0,893.0,891.0,893.0,8200,0.0,0.0
2023-03-14 13:00:00+09:00,895.0,895.0,892.0,893.0,2600,0.0,0.0
2023-03-14 14:00:00+09:00,893.0,898.0,892.0,898.0,2500,0.0,0.0
2023-03-15 09:00:00+09:00,895.0,898.0,891.0,893.0,4700,0.0,0.0
2023-03-15 10:00:00+09:00,893.0,895.0,891.0,895.0,3800,0.0,0.0
2023-03-15 11:00:00+09:00,894.0,894.0,892.0,893.0,0,0.0,0.0
2023-03-15 12:00:00+09:00,894.0,895.0,894.0,894.0,9600,0.0,0.0
2023-03-15 13:00:00+09:00,893.0,893.0,892.0,892.0,600,0.0,0.0
2023-03-15 14:00:00+09:00,892.0,894.0,892.0,893.0,600,0.0,0.0
2023-03-16 09:00:00+09:00,890.0,890.0,881.0,885.0,0,0.0,0.0
2023-03-16 10:00:00+09:00,885.0,885.0,882.0,882.0,18900,0.0,0.0
2023-03-16 11:00:00+09:00,882.0,882.0,879.0,879.0,0,0.0,0.0
2023-03-16 12:00:00+09:00,880.0,881.0,878.0,881.0,24200,0.0,0.0
2023-03-16 13:00:00+09:00,881.0,884.0,881.0,884.0,600,0.0,0.0
2023-03-16 14:00:00+09:00,884.0,888.0,884.0,888.0,1400,0.0,0.0
2023-03-17 09:00:00+09:00,890.0,898.0,890.0,892.0,7200,0.0,0.0
2023-03-17 10:00:00+09:00,892.0,892.0,892.0,892.0,500,0.0,0.0
2023-03-17 11:00:00+09:00,891.0,891.0,891.0,891.0,0,0.0,0.0
2023-03-17 12:00:00+09:00,893.0,893.0,893.0,893.0,8100,0.0,0.0
2023-03-17 13:00:00+09:00,892.0,893.0,890.0,890.0,900,0.0,0.0
2023-03-17 14:00:00+09:00,890.0,894.0,889.0,894.0,1400,0.0,0.0
2023-03-20 09:00:00+09:00,899.0,900.0,897.0,897.0,6100,0.0,0.0
2023-03-20 10:00:00+09:00,898.0,898.0,897.0,898.0,1200,0.0,0.0
2023-03-20 11:00:00+09:00,898.0,898.0,898.0,898.0,0,0.0,0.0
2023-03-20 12:00:00+09:00,899.0,899.0,897.0,898.0,9800,0.0,0.0
2023-03-20 13:00:00+09:00,897.0,897.0,895.0,895.0,1100,0.0,0.0
2023-03-20 14:00:00+09:00,897.0,899.0,895.0,899.0,1000,0.0,0.0
2023-03-22 09:00:00+09:00,900.0,901.0,899.0,899.0,0,0.0,0.0
2023-03-22 10:00:00+09:00,899.0,899.0,899.0,899.0,200,0.0,0.0
2023-03-22 11:00:00+09:00,900.0,900.0,900.0,900.0,0,0.0,0.0
2023-03-22 12:00:00+09:00,902.0,902.0,902.0,902.0,6800,0.0,0.0
2023-03-22 13:00:00+09:00,902.0,903.0,902.0,902.0,900,0.0,0.0
2023-03-22 14:00:00+09:00,904.0,905.0,904.0,905.0,800,0.0,0.0
2023-03-23 09:00:00+09:00,906.0,915.0,905.0,915.0,1600,0.0,0.0
2023-03-23 10:00:00+09:00,914.0,916.0,914.0,916.0,1000,0.0,0.0
2023-03-23 11:00:00+09:00,915.0,922.0,915.0,922.0,0,0.0,0.0
2023-03-23 12:00:00+09:00,922.0,922.0,921.0,921.0,5000,0.0,0.0
2023-03-23 13:00:00+09:00,921.0,921.0,921.0,921.0,500,0.0,0.0
2023-03-23 14:00:00+09:00,921.0,922.0,920.0,921.0,600,0.0,0.0
2023-03-24 09:00:00+09:00,918.0,920.0,917.0,917.0,0,0.0,0.0
2023-03-24 10:00:00+09:00,919.0,919.0,917.0,918.0,2100,0.0,0.0
2023-03-24 11:00:00+09:00,919.0,921.0,919.0,921.0,0,0.0,0.0
2023-03-24 12:00:00+09:00,918.0,918.0,918.0,918.0,3200,0.0,0.0
2023-03-24 13:00:00+09:00,918.0,918.0,917.0,918.0,1200,0.0,0.0
2023-03-24 14:00:00+09:00,918.0,918.0,916.0,916.0,1200,0.0,0.0
2023-03-27 09:00:00+09:00,922.0,922.0,919.0,919.0,2000,0.0,0.0
2023-03-27 10:00:00+09:00,918.0,919.0,918.0,918.0,600,0.0,0.0
2023-03-27 11:00:00+09:00,919.0,919.0,918.0,918.0,0,0.0,0.0
2023-03-27 12:00:00+09:00,918.0,924.0,918.0,924.0,5600,0.0,0.0
2023-03-27 13:00:00+09:00,925.0,926.0,924.0,925.0,800,0.0,0.0
2023-03-27 14:00:00+09:00,924.0,924.0,920.0,920.0,1100,0.0,0.0
2023-03-28 09:00:00+09:00,925.0,926.0,920.0,926.0,2600,0.0,0.0
2023-03-28 10:00:00+09:00,925.0,925.0,920.0,920.0,1100,0.0,0.0
2023-03-28 11:00:00+09:00,921.0,921.0,921.0,921.0,0,0.0,0.0
2023-03-28 12:00:00+09:00,921.0,921.0,918.0,918.0,4800,0.0,0.0
2023-03-28 13:00:00+09:00,922.0,922.0,918.0,921.0,400,0.0,0.0
2023-03-28 14:00:00+09:00,923.0,923.0,921.0,921.0,400,0.0,0.0
2023-03-29 09:00:00+09:00,919.0,921.0,916.0,921.0,2900,0.0,0.0
2023-03-29 10:00:00+09:00,921.0,921.0,918.0,918.0,700,0.0,0.0
2023-03-29 11:00:00+09:00,920.0,922.0,920.0,921.0,0,0.0,0.0
2023-03-29 12:00:00+09:00,921.0,924.0,921.0,924.0,8000,0.0,0.0
2023-03-29 13:00:00+09:00,925.0,926.0,923.0,925.0,2100,0.0,0.0
2023-03-29 14:00:00+09:00,926.0,932.0,925.0,932.0,2500,0.0,0.0
2023-03-30 09:00:00+09:00,910.0,913.0,901.0,901.0,4200,0.0,0.0
2023-03-30 10:00:00+09:00,903.0,905.0,903.0,905.0,200,0.0,0.0
2023-03-30 11:00:00+09:00,905.0,906.0,905.0,906.0,0,0.0,0.0
2023-03-30 12:00:00+09:00,905.0,909.0,905.0,909.0,6500,0.0,0.0
2023-03-30 14:00:00+09:00,911.0,915.0,910.0,915.0,1200,0.0,0.0
2023-03-31 09:00:00+09:00,915.0,918.0,911.0,912.0,3400,0.0,0.0
2023-03-31 10:00:00+09:00,911.0,911.0,908.0,909.0,1500,0.0,0.0
2023-03-31 11:00:00+09:00,910.0,910.0,910.0,910.0,0,0.0,0.0
2023-03-31 12:00:00+09:00,910.0,910.0,910.0,910.0,5300,0.0,0.0
2023-03-31 13:00:00+09:00,913.0,913.0,908.0,908.0,900,0.0,0.0
2023-03-31 14:00:00+09:00,908.0,910.0,907.0,910.0,1400,0.0,0.0
2023-04-03 09:00:00+09:00,910.0,923.0,910.0,917.0,5600,0.0,0.0
2023-04-03 10:00:00+09:00,918.0,919.0,918.0,919.0,1200,0.0,0.0
2023-04-03 11:00:00+09:00,920.0,925.0,920.0,925.0,0,0.0,0.0
2023-04-03 12:00:00+09:00,923.0,923.0,919.0,919.0,10200,0.0,0.0
2023-04-03 13:00:00+09:00,918.0,918.0,913.0,913.0,2900,0.0,0.0
2023-04-03 14:00:00+09:00,913.0,917.0,913.0,914.0,1300,0.0,0.0
2023-04-04 09:00:00+09:00,914.0,917.0,914.0,914.0,11300,0.0,0.0
2023-04-04 10:00:00+09:00,914.0,915.0,911.0,915.0,2500,0.0,0.0
2023-04-04 11:00:00+09:00,913.0,913.0,913.0,913.0,0,0.0,0.0
2023-04-04 12:00:00+09:00,913.0,919.0,913.0,914.0,14800,0.0,0.0
2023-04-04 14:00:00+09:00,915.0,917.0,914.0,915.0,700,0.0,0.0
2023-04-05 09:00:00+09:00,914.0,917.0,913.0,913.0,1200,0.0,0.0
2023-04-05 10:00:00+09:00,913.0,913.0,912.0,912.0,800,0.0,0.0
2023-04-05 11:00:00+09:00,913.0,913.0,912.0,912.0,0,0.0,0.0
2023-04-05 12:00:00+09:00,911.0,912.0,911.0,912.0,3000,0.0,0.0
2023-04-05 13:00:00+09:00,913.0,913.0,913.0,913.0,200,0.0,0.0
2023-04-05 14:00:00+09:00,913.0,915.0,913.0,915.0,800,0.0,0.0
2023-04-06 09:00:00+09:00,915.0,915.0,911.0,915.0,800,0.0,0.0
2023-04-06 10:00:00+09:00,913.0,915.0,913.0,914.0,1500,0.0,0.0
2023-04-06 11:00:00+09:00,919.0,920.0,919.0,920.0,0,0.0,0.0
2023-04-06 12:00:00+09:00,914.0,918.0,913.0,913.0,3500,0.0,0.0
2023-04-06 13:00:00+09:00,914.0,918.0,913.0,918.0,600,0.0,0.0
2023-04-06 14:00:00+09:00,916.0,916.0,912.0,913.0,2000,0.0,0.0
2023-04-07 09:00:00+09:00,913.0,913.0,909.0,909.0,5500,0.0,0.0
2023-04-07 10:00:00+09:00,908.0,910.0,905.0,910.0,3100,0.0,0.0
2023-04-07 11:00:00+09:00,910.0,910.0,910.0,910.0,0,0.0,0.0
2023-04-07 12:00:00+09:00,908.0,913.0,908.0,913.0,9400,0.0,0.0
2023-04-07 13:00:00+09:00,911.0,913.0,910.0,913.0,1700,0.0,0.0
2023-04-07 14:00:00+09:00,913.0,913.0,908.0,908.0,300,0.0,0.0
2023-04-10 09:00:00+09:00,920.0,920.0,909.0,911.0,0,0.0,0.0
2023-04-10 11:00:00+09:00,911.0,911.0,911.0,911.0,0,0.0,0.0
2023-04-10 12:00:00+09:00,914.0,914.0,910.0,910.0,3600,0.0,0.0
2023-04-10 13:00:00+09:00,911.0,912.0,911.0,912.0,700,0.0,0.0
2023-04-10 14:00:00+09:00,910.0,910.0,909.0,909.0,600,0.0,0.0
2023-04-11 09:00:00+09:00,912.0,912.0,906.0,909.0,2100,0.0,0.0
2023-04-11 10:00:00+09:00,909.0,910.0,906.0,910.0,900,0.0,0.0
2023-04-11 11:00:00+09:00,910.0,910.0,910.0,910.0,0,0.0,0.0
2023-04-11 12:00:00+09:00,912.0,912.0,909.0,909.0,4000,0.0,0.0
2023-04-11 13:00:00+09:00,909.0,909.0,906.0,906.0,700,0.0,0.0
2023-04-11 14:00:00+09:00,907.0,909.0,907.0,909.0,600,0.0,0.0
2023-04-12 09:00:00+09:00,909.0,910.0,909.0,910.0,2100,0.0,0.0
2023-04-12 10:00:00+09:00,911.0,911.0,911.0,911.0,100,0.0,0.0
2023-04-12 11:00:00+09:00,911.0,912.0,910.0,910.0,0,0.0,0.0
2023-04-12 12:00:00+09:00,910.0,910.0,910.0,910.0,3500,0.0,0.0
2023-04-12 14:00:00+09:00,913.0,914.0,910.0,911.0,1600,0.0,0.0
2023-04-13 09:00:00+09:00,914.0,914.0,914.0,914.0,300,0.0,0.0
2023-04-13 10:00:00+09:00,913.0,913.0,912.0,912.0,800,0.0,0.0
2023-04-13 11:00:00+09:00,912.0,912.0,912.0,912.0,0,0.0,0.0
2023-04-13 12:00:00+09:00,914.0,914.0,912.0,913.0,1800,0.0,0.0
2023-04-13 13:00:00+09:00,913.0,913.0,911.0,911.0,400,0.0,0.0
2023-04-13 14:00:00+09:00,912.0,912.0,910.0,910.0,500,0.0,0.0
2023-04-14 09:00:00+09:00,912.0,915.0,912.0,914.0,1600,0.0,0.0
2023-04-14 10:00:00+09:00,914.0,917.0,914.0,916.0,1400,0.0,0.0
2023-04-14 11:00:00+09:00,916.0,916.0,915.0,915.0,0,0.0,0.0
2023-04-14 12:00:00+09:00,918.0,918.0,913.0,916.0,3800,0.0,0.0
2023-04-14 13:00:00+09:00,914.0,914.0,911.0,911.0,2400,0.0,0.0
2023-04-14 14:00:00+09:00,911.0,915.0,911.0,913.0,500,0.0,0.0
2023-04-17 09:00:00+09:00,913.0,913.0,911.0,911.0,3600,0.0,0.0
2023-04-17 10:00:00+09:00,913.0,913.0,912.0,912.0,200,0.0,0.0
2023-04-17 11:00:00+09:00,912.0,912.0,912.0,912.0,0,0.0,0.0
2023-04-17 12:00:00+09:00,913.0,913.0,913.0,913.0,4500,0.0,0.0
2023-04-17 13:00:00+09:00,911.0,913.0,911.0,913.0,500,0.0,0.0
2023-04-17 14:00:00+09:00,912.0,913.0,912.0,913.0,200,0.0,0.0
2023-04-18 09:00:00+09:00,909.0,912.0,909.0,912.0,1500,0.0,0.0
2023-04-18 10:00:00+09:00,913.0,923.0,913.0,920.0,3000,0.0,0.0
2023-04-18 11:00:00+09:00,920.0,920.0,920.0,920.0,0,0.0,0.0
2023-04-18 12:00:00+09:00,920.0,920.0,913.0,913.0,4900,0.0,0.0
2023-04-18 13:00:00+09:00,913.0,913.0,913.0,913.0,100,0.0,0.0
2023-04-18 14:00:00+09:00,913.0,916.0,913.0,915.0,600,0.0,0.0
2023-04-19 09:00:00+09:00,913.0,915.0,910.0,913.0,1900,0.0,0.0
2023-04-19 10:00:00+09:00,914.0,914.0,911.0,912.0,1000,0.0,0.0
2023-04-19 11:00:00+09:00,914.0,916.0,914.0,916.0,0,0.0,0.0
2023-04-19 12:00:00+09:00,914.0,915.0,914.0,915.0,3800,0.0,0.0
2023-04-19 13:00:00+09:00,916.0,917.0,915.0,917.0,800,0.0,0.0
2023-04-19 14:00:00+09:00,916.0,916.0,914.0,915.0,600,0.0,0.0
2023-04-20 09:00:00+09:00,921.0,925.0,917.0,921.0,8300,0.0,0.0
2023-04-20 10:00:00+09:00,922.0,922.0,918.0,918.0,1000,0.0,0.0
2023-04-20 11:00:00+09:00,922.0,924.0,921.0,921.0,0,0.0,0.0
2023-04-20 12:00:00+09:00,918.0,918.0,918.0,918.0,10900,0.0,0.0
2023-04-20 13:00:00+09:00,921.0,924.0,920.0,920.0,400,0.0,0.0
2023-04-20 14:00:00+09:00,920.0,920.0,918.0,918.0,800,0.0,0.0
2023-04-21 09:00:00+09:00,925.0,925.0,915.0,915.0,3500,0.0,0.0
2023-04-21 10:00:00+09:00,914.0,914.0,914.0,914.0,200,0.0,0.0
2023-04-21 11:00:00+09:00,917.0,917.0,917.0,917.0,0,0.0,0.0
2023-04-21 12:00:00+09:00,918.0,918.0,918.0,918.0,4000,0.0,0.0
2023-04-21 13:00:00+09:00,918.0,921.0,917.0,921.0,1100,0.0,0.0
2023-04-21 14:00:00+09:00,916.0,916.0,915.0,915.0,500,0.0,0.0
2023-04-24 09:00:00+09:00,919.0,921.0,915.0,921.0,0,0.0,0.0
2023-04-24 10:00:00+09:00,918.0,918.0,907.0,908.0,9400,0.0,0.0
2023-04-24 11:00:00+09:00,907.0,908.0,907.0,908.0,0,0.0,0.0
2023-04-24 12:00:00+09:00,915.0,915.0,911.0,911.0,10200,0.0,0.0
2023-04-24 13:00:00+09:00,915.0,916.0,912.0,912.0,2100,0.0,0.0
2023-04-24 14:00:00+09:00,914.0,916.0,913.0,913.0,900,0.0,0.0
2023-04-25 09:00:00+09:00,911.0,915.0,911.0,913.0,0,0.0,0.0
2023-04-25 10:00:00+09:00,915.0,919.0,915.0,916.0,2900,0.0,0.0
2023-04-25 11:00:00+09:00,914.0,914.0,914.0,914.0,0,0.0,0.0
2023-04-25 12:00:00+09:00,914.0,914.0,914.0,914.0,3300,0.0,0.0
2023-04-25 13:00:00+09:00,919.0,919.0,919.0,919.0,100,0.0,0.0
2023-04-25 14:00:00+09:00,915.0,917.0,912.0,913.0,2100,0.0,0.0
2023-04-26 09:00:00+09:00,919.0,921.0,908.0,914.0,22800,0.0,0.0
2023-04-26 10:00:00+09:00,914.0,920.0,913.0,916.0,2500,0.0,0.0
2023-04-26 11:00:00+09:00,918.0,918.0,918.0,918.0,0,0.0,0.0
2023-04-26 12:00:00+09:00,918.0,918.0,910.0,912.0,31300,0.0,0.0
2023-04-26 13:00:00+09:00,914.0,914.0,914.0,914.0,100,0.0,0.0
2023-04-26 14:00:00+09:00,913.0,915.0,913.0,913.0,1100,0.0,0.0
2023-04-27 09:00:00+09:00,913.0,914.0,909.0,910.0,0,0.0,0.0
2023-04-27 10:00:00+09:00,911.0,912.0,911.0,912.0,5800,0.0,0.0
2023-04-27 11:00:00+09:00,914.0,914.0,914.0,914.0,0,0.0,0.0
2023-04-27 12:00:00+09:00,914.0,914.0,913.0,914.0,6700,0.0,0.0
2023-04-27 13:00:00+09:00,912.0,914.0,910.0,912.0,1100,0.0,0.0
2023-04-27 14:00:00+09:00,912.0,914.0,911.0,911.0,1300,0.0,0.0
2023-04-28 09:00:00+09:00,911.0,912.0,910.0,910.0,0,0.0,0.0
2023-04-28 10:00:00+09:00,910.0,913.0,910.0,913.0,4300,0.0,0.0
2023-04-28 11:00:00+09:00,911.0,911.0,911.0,911.0,0,0.0,0.0
2023-04-28 12:00:00+09:00,907.0,912.0,906.0,910.0,11100,0.0,0.0
2023-04-28 13:00:00+09:00,911.0,912.0,911.0,912.0,200,0.0,0.0
2023-04-28 14:00:00+09:00,912.0,919.0,910.0,919.0,4600,0.0,0.0
2023-05-01 09:00:00+09:00,919.0,922.0,913.0,917.0,4000,0.0,0.0
2023-05-01 10:00:00+09:00,919.0,920.0,915.0,916.0,2700,0.0,0.0
2023-05-01 11:00:00+09:00,919.0,919.0,915.0,915.0,0,0.0,0.0
2023-05-01 12:00:00+09:00,915.0,915.0,915.0,915.0,8700,0.0,0.0
2023-05-01 13:00:00+09:00,914.0,918.0,914.0,916.0,1100,0.0,0.0
2023-05-01 14:00:00+09:00,916.0,920.0,916.0,918.0,3500,0.0,0.0
2023-05-02 09:00:00+09:00,915.0,916.0,912.0,916.0,2700,0.0,0.0
2023-05-02 10:00:00+09:00,917.0,922.0,916.0,916.0,2000,0.0,0.0
2023-05-02 11:00:00+09:00,915.0,920.0,913.0,920.0,0,0.0,0.0
2023-05-02 12:00:00+09:00,913.0,919.0,912.0,919.0,7400,0.0,0.0
2023-05-02 13:00:00+09:00,919.0,919.0,919.0,919.0,200,0.0,0.0
2023-05-02 14:00:00+09:00,919.0,919.0,915.0,917.0,2000,0.0,0.0
2023-05-08 09:00:00+09:00,922.0,922.0,914.0,918.0,7000,0.0,0.0
2023-05-08 10:00:00+09:00,917.0,921.0,914.0,921.0,2000,0.0,0.0
2023-05-08 11:00:00+09:00,921.0,921.0,921.0,921.0,0,0.0,0.0
2023-05-08 13:00:00+09:00,916.0,920.0,916.0,920.0,9300,0.0,0.0
2023-05-08 14:00:00+09:00,920.0,926.0,920.0,926.0,9600,0.0,0.0
2023-05-09 09:00:00+09:00,925.0,928.0,922.0,927.0,3900,0.0,0.0
2023-05-09 10:00:00+09:00,926.0,926.0,926.0,926.0,0,0.0,0.0
2023-05-09 11:00:00+09:00,925.0,939.0,925.0,939.0,0,0.0,0.0
2023-05-09 12:00:00+09:00,939.0,942.0,936.0,938.0,16800,0.0,0.0
2023-05-09 13:00:00+09:00,940.0,945.0,935.0,943.0,6800,0.0,0.0
2023-05-09 14:00:00+09:00,944.0,947.0,944.0,947.0,800,0.0,0.0
2023-05-10 09:00:00+09:00,952.0,952.0,929.0,932.0,8300,0.0,0.0
2023-05-10 10:00:00+09:00,940.0,940.0,935.0,935.0,200,0.0,0.0
2023-05-10 11:00:00+09:00,935.0,937.0,933.0,933.0,0,0.0,0.0
2023-05-10 12:00:00+09:00,933.0,934.0,933.0,934.0,10200,0.0,0.0
2023-05-10 13:00:00+09:00,937.0,950.0,935.0,950.0,4400,0.0,0.0
2023-05-10 14:00:00+09:00,945.0,945.0,935.0,939.0,2600,0.0,0.0
2023-05-11 09:00:00+09:00,942.0,952.0,936.0,952.0,3100,0.0,0.0
2023-05-11 10:00:00+09:00,952.0,959.0,941.0,941.0,1500,0.0,0.0
2023-05-11 11:00:00+09:00,941.0,941.0,941.0,941.0,0,0.0,0.0
2023-05-11 12:00:00+09:00,941.0,943.0,937.0,940.0,5600,0.0,0.0
2023-05-11 13:00:00+09:00,945.0,956.0,945.0,948.0,0,0.0,0.0
2023-05-11 14:00:00+09:00,948.0,948.0,937.0,937.0,8200,0.0,0.0
2023-05-15 09:00:00+09:00,1261.0,1275.0,1220.0,1248.0,254100,0.0,0.0
2023-05-15 10:00:00+09:00,1249.0,1270.0,1243.0,1246.0,54600,0.0,0.0
2023-05-15 11:00:00+09:00,1249.0,1274.0,1249.0,1261.0,0,0.0,0.0
2023-05-15 12:00:00+09:00,1261.0,1271.0,1253.0,1258.0,403300,0.0,0.0
2023-05-15 13:00:00+09:00,1259.0,1261.0,1255.0,1261.0,35900,0.0,0.0
2023-05-15 14:00:00+09:00,1260.0,1260.0,1249.0,1256.0,48500,0.0,0.0
2023-05-16 09:00:00+09:00,1255.0,1273.0,1248.0,1262.0,68500,0.0,0.0
2023-05-16 10:00:00+09:00,1261.0,1268.0,1254.0,1258.0,17300,0.0,0.0
2023-05-16 11:00:00+09:00,1258.0,1261.0,1255.0,1256.0,0,0.0,0.0
2023-05-16 12:00:00+09:00,1257.0,1260.0,1257.0,1259.0,104900,0.0,0.0
2023-05-16 13:00:00+09:00,1259.0,1261.0,1257.0,1260.0,24800,0.0,0.0
2023-05-16 14:00:00+09:00,1260.0,1260.0,1256.0,1256.0,8800,0.0,0.0
2023-05-17 09:00:00+09:00,1272.0,1280.0,1250.0,1256.0,82500,0.0,0.0
2023-05-17 10:00:00+09:00,1256.0,1268.0,1254.0,1262.0,25100,0.0,0.0
2023-05-17 11:00:00+09:00,1262.0,1271.0,1262.0,1266.0,0,0.0,0.0
2023-05-17 12:00:00+09:00,1266.0,1270.0,1266.0,1269.0,130600,0.0,0.0
2023-05-17 13:00:00+09:00,1268.0,1269.0,1262.0,1267.0,8500,0.0,0.0
2023-05-17 14:00:00+09:00,1267.0,1269.0,1260.0,1260.0,15400,0.0,0.0
2023-05-18 09:00:00+09:00,1270.0,1326.0,1270.0,1322.0,62500,0.0,0.0
2023-05-18 10:00:00+09:00,1320.0,1329.0,1288.0,1300.0,44900,0.0,0.0
2023-05-18 11:00:00+09:00,1302.0,1321.0,1302.0,1321.0,0,0.0,0.0
2023-05-18 12:00:00+09:00,1318.0,1333.0,1318.0,1330.0,130900,0.0,0.0
2023-05-18 13:00:00+09:00,1330.0,1335.0,1315.0,1334.0,12900,0.0,0.0
2023-05-18 14:00:00+09:00,1333.0,1335.0,1315.0,1316.0,19200,0.0,0.0
2023-05-19 09:00:00+09:00,1370.0,1385.0,1344.0,1383.0,48700,0.0,0.0
2023-05-19 10:00:00+09:00,1381.0,1400.0,1374.0,1398.0,23100,0.0,0.0
2023-05-19 11:00:00+09:00,1398.0,1402.0,1393.0,1402.0,0,0.0,0.0
2023-05-19 12:00:00+09:00,1402.0,1411.0,1399.0,1400.0,105000,0.0,0.0
2023-05-19 13:00:00+09:00,1400.0,1400.0,1389.0,1395.0,16900,0.0,0.0
2023-05-19 14:00:00+09:00,1396.0,1407.0,1396.0,1403.0,24100,0.0,0.0
2023-05-22 09:00:00+09:00,1407.0,1465.0,1407.0,1461.0,56100,0.0,0.0
2023-05-22 10:00:00+09:00,1460.0,1470.0,1453.0,1462.0,25100,0.0,0.0
2023-05-22 11:00:00+09:00,1466.0,1468.0,1451.0,1460.0,0,0.0,0.0
2023-05-22 12:00:00+09:00,1460.0,1477.0,1459.0,1461.0,102900,0.0,0.0
2023-05-22 13:00:00+09:00,1467.0,1475.0,1461.0,1463.0,6700,0.0,0.0
2023-05-22 14:00:00+09:00,1462.0,1470.0,1461.0,1469.0,6500,0.0,0.0
2023-05-23 09:00:00+09:00,1480.0,1480.0,1420.0,1438.0,83700,0.0,0.0
2023-05-23 10:00:00+09:00,1437.0,1444.0,1429.0,1444.0,15100,0.0,0.0
2023-05-23 11:00:00+09:00,1443.0,1446.0,1438.0,1444.0,0,0.0,0.0
2023-05-23 12:00:00+09:00,1442.0,1445.0,1418.0,1420.0,135700,0.0,0.0
2023-05-23 13:00:00+09:00,1418.0,1418.0,1391.0,1411.0,43200,0.0,0.0
2023-05-23 14:00:00+09:00,1410.0,1426.0,1408.0,1425.0,17500,0.0,0.0
2023-05-24 09:00:00+09:00,1405.0,1427.0,1399.0,1410.0,0,0.0,0.0
2023-05-24 10:00:00+09:00,1411.0,1414.0,1406.0,1410.0,39200,0.0,0.0
2023-05-24 11:00:00+09:00,1411.0,1420.0,1410.0,1415.0,0,0.0,0.0
2023-05-24 12:00:00+09:00,1415.0,1422.0,1412.0,1416.0,48000,0.0,0.0
2023-05-24 13:00:00+09:00,1420.0,1427.0,1417.0,1425.0,7200,0.0,0.0
2023-05-24 14:00:00+09:00,1427.0,1430.0,1423.0,1425.0,7100,0.0,0.0
2023-05-25 09:00:00+09:00,1410.0,1430.0,1405.0,1422.0,23000,0.0,0.0
2023-05-25 10:00:00+09:00,1425.0,1425.0,1419.0,1423.0,2100,0.0,0.0
2023-05-25 11:00:00+09:00,1424.0,1425.0,1420.0,1420.0,0,0.0,0.0
2023-05-25 12:00:00+09:00,1413.0,1420.0,1413.0,1415.0,31600,0.0,0.0
2023-05-25 13:00:00+09:00,1414.0,1414.0,1405.0,1413.0,7000,0.0,0.0
2023-05-25 14:00:00+09:00,1413.0,1417.0,1411.0,1416.0,6900,0.0,0.0
2023-05-26 09:00:00+09:00,1407.0,1417.0,1407.0,1410.0,17500,0.0,0.0
2023-05-26 10:00:00+09:00,1411.0,1413.0,1401.0,1404.0,27500,0.0,0.0
2023-05-26 11:00:00+09:00,1405.0,1405.0,1397.0,1400.0,0,0.0,0.0
2023-05-26 12:00:00+09:00,1398.0,1402.0,1394.0,1397.0,63000,0.0,0.0
2023-05-26 13:00:00+09:00,1397.0,1397.0,1377.0,1391.0,24400,0.0,0.0
2023-05-26 14:00:00+09:00,1391.0,1394.0,1389.0,1389.0,7100,0.0,0.0
2023-05-29 09:00:00+09:00,1390.0,1400.0,1385.0,1388.0,0,0.0,0.0
2023-05-29 10:00:00+09:00,1388.0,1398.0,1386.0,1398.0,12500,0.0,0.0
2023-05-29 11:00:00+09:00,1400.0,1404.0,1399.0,1399.0,0,0.0,0.0
2023-05-29 12:00:00+09:00,1400.0,1401.0,1390.0,1395.0,41500,0.0,0.0
2023-05-29 13:00:00+09:00,1395.0,1400.0,1395.0,1399.0,4000,0.0,0.0
2023-05-29 14:00:00+09:00,1398.0,1400.0,1393.0,1393.0,4100,0.0,0.0
2023-05-30 09:00:00+09:00,1400.0,1417.0,1400.0,1412.0,19500,0.0,0.0
2023-05-30 10:00:00+09:00,1413.0,1430.0,1413.0,1426.0,24700,0.0,0.0
2023-05-30 11:00:00+09:00,1426.0,1435.0,1425.0,1433.0,0,0.0,0.0
2023-05-30 12:00:00+09:00,1431.0,1431.0,1422.0,1426.0,59600,0.0,0.0
2023-05-30 13:00:00+09:00,1430.0,1430.0,1422.0,1426.0,3600,0.0,0.0
2023-05-30 14:00:00+09:00,1424.0,1428.0,1423.0,1428.0,5600,0.0,0.0
2023-05-31 09:00:00+09:00,1424.0,1434.0,1410.0,1418.0,12200,0.0,0.0
2023-05-31 10:00:00+09:00,1415.0,1421.0,1415.0,1419.0,2800,0.0,0.0
2023-05-31 11:00:00+09:00,1418.0,1418.0,1412.0,1415.0,0,0.0,0.0
2023-05-31 12:00:00+09:00,1415.0,1417.0,1413.0,1413.0,19200,0.0,0.0
2023-05-31 13:00:00+09:00,1415.0,1416.0,1400.0,1404.0,14400,0.0,0.0
2023-05-31 14:00:00+09:00,1403.0,1407.0,1402.0,1403.0,7400,0.0,0.0
2023-06-01 09:00:00+09:00,1404.0,1422.0,1404.0,1417.0,10500,0.0,0.0
2023-06-01 10:00:00+09:00,1418.0,1428.0,1418.0,1425.0,5700,0.0,0.0
2023-06-01 11:00:00+09:00,1427.0,1430.0,1411.0,1415.0,0,0.0,0.0
2023-06-01 12:00:00+09:00,1415.0,1420.0,1410.0,1414.0,30300,0.0,0.0
2023-06-01 13:00:00+09:00,1415.0,1417.0,1411.0,1417.0,800,0.0,0.0
2023-06-01 14:00:00+09:00,1416.0,1417.0,1409.0,1417.0,5400,0.0,0.0
2023-06-02 09:00:00+09:00,1420.0,1446.0,1405.0,1405.0,40100,0.0,0.0
2023-06-02 10:00:00+09:00,1404.0,1425.0,1401.0,1420.0,19000,0.0,0.0
2023-06-02 11:00:00+09:00,1421.0,1423.0,1418.0,1418.0,0,0.0,0.0
2023-06-02 12:00:00+09:00,1420.0,1425.0,1415.0,1416.0,73600,0.0,0.0
2023-06-02 13:00:00+09:00,1418.0,1418.0,1406.0,1406.0,18700,0.0,0.0
2023-06-02 14:00:00+09:00,1406.0,1415.0,1406.0,1409.0,13000,0.0,0.0
2023-06-05 09:00:00+09:00,1425.0,1429.0,1408.0,1418.0,0,0.0,0.0
2023-06-05 10:00:00+09:00,1421.0,1433.0,1421.0,1429.0,9900,0.0,0.0
2023-06-05 11:00:00+09:00,1430.0,1431.0,1428.0,1431.0,0,0.0,0.0
2023-06-05 12:00:00+09:00,1429.0,1431.0,1429.0,1429.0,36600,0.0,0.0
2023-06-05 13:00:00+09:00,1429.0,1429.0,1425.0,1426.0,3900,0.0,0.0
2023-06-05 14:00:00+09:00,1424.0,1435.0,1424.0,1428.0,16700,0.0,0.0
2023-06-06 09:00:00+09:00,1427.0,1450.0,1425.0,1449.0,26400,0.0,0.0
2023-06-06 10:00:00+09:00,1450.0,1450.0,1430.0,1436.0,26200,0.0,0.0
2023-06-06 11:00:00+09:00,1436.0,1436.0,1424.0,1429.0,0,0.0,0.0
2023-06-06 12:00:00+09:00,1430.0,1431.0,1425.0,1429.0,61600,0.0,0.0
2023-06-06 13:00:00+09:00,1429.0,1433.0,1425.0,1431.0,4800,0.0,0.0
2023-06-06 14:00:00+09:00,1432.0,1432.0,1426.0,1427.0,6600,0.0,0.0
2023-06-07 09:00:00+09:00,1433.0,1436.0,1425.0,1427.0,18800,0.0,0.0
2023-06-07 10:00:00+09:00,1427.0,1428.0,1421.0,1427.0,17100,0.0,0.0
2023-06-07 11:00:00+09:00,1427.0,1427.0,1423.0,1424.0,0,0.0,0.0
2023-06-07 12:00:00+09:00,1424.0,1431.0,1424.0,1429.0,43100,0.0,0.0
2023-06-07 13:00:00+09:00,1430.0,1431.0,1426.0,1427.0,2800,0.0,0.0
2023-06-07 14:00:00+09:00,1427.0,1431.0,1426.0,1428.0,4700,0.0,0.0
2023-06-08 09:00:00+09:00,1433.0,1434.0,1430.0,1434.0,10400,0.0,0.0
2023-06-08 10:00:00+09:00,1434.0,1438.0,1432.0,1436.0,10600,0.0,0.0
2023-06-08 11:00:00+09:00,1436.0,1437.0,1435.0,1435.0,0,0.0,0.0
2023-06-08 12:00:00+09:00,1434.0,1435.0,1424.0,1426.0,42200,0.0,0.0
2023-06-08 13:00:00+09:00,1425.0,1429.0,1425.0,1428.0,3300,0.0,0.0
2023-06-08 14:00:00+09:00,1427.0,1434.0,1427.0,1428.0,5900,0.0,0.0
2023-06-09 09:00:00+09:00,1431.0,1439.0,1431.0,1437.0,19200,0.0,0.0
2023-06-09 10:00:00+09:00,1436.0,1436.0,1426.0,1427.0,12200,0.0,0.0
2023-06-09 11:00:00+09:00,1427.0,1428.0,1425.0,1428.0,0,0.0,0.0
2023-06-09 12:00:00+09:00,1428.0,1431.0,1426.0,1431.0,40100,0.0,0.0
2023-06-09 13:00:00+09:00,1431.0,1432.0,1429.0,1430.0,4600,0.0,0.0
2023-06-09 14:00:00+09:00,1429.0,1430.0,1427.0,1429.0,7600,0.0,0.0
2023-06-12 09:00:00+09:00,1435.0,1435.0,1427.0,1432.0,0,0.0,0.0
2023-06-12 10:00:00+09:00,1434.0,1434.0,1428.0,1429.0,24100,0.0,0.0
2023-06-12 11:00:00+09:00,1429.0,1430.0,1429.0,1430.0,0,0.0,0.0
2023-06-12 12:00:00+09:00,1430.0,1431.0,1427.0,1428.0,39300,0.0,0.0
2023-06-12 13:00:00+09:00,1429.0,1431.0,1425.0,1430.0,10900,0.0,0.0
2023-06-12 14:00:00+09:00,1430.0,1431.0,1429.0,1431.0,8500,0.0,0.0
2023-06-13 09:00:00+09:00,1435.0,1435.0,1427.0,1428.0,16100,0.0,0.0
2023-06-13 10:00:00+09:00,1429.0,1436.0,1429.0,1434.0,23700,0.0,0.0
2023-06-13 11:00:00+09:00,1431.0,1432.0,1429.0,1432.0,0,0.0,0.0
2023-06-13 12:00:00+09:00,1430.0,1433.0,1430.0,1432.0,46900,0.0,0.0
2023-06-13 13:00:00+09:00,1432.0,1433.0,1430.0,1431.0,3100,0.0,0.0
2023-06-13 14:00:00+09:00,1431.0,1433.0,1429.0,1432.0,5000,0.0,0.0
2023-06-14 09:00:00+09:00,1433.0,1434.0,1422.0,1427.0,28200,0.0,0.0
2023-06-14 10:00:00+09:00,1426.0,1430.0,1422.0,1424.0,13300,0.0,0.0
2023-06-14 11:00:00+09:00,1424.0,1424.0,1422.0,1424.0,0,0.0,0.0
2023-06-14 12:00:00+09:00,1425.0,1429.0,1425.0,1427.0,49900,0.0,0.0
2023-06-14 13:00:00+09:00,1427.0,1432.0,1426.0,1428.0,21500,0.0,0.0
2023-06-14 14:00:00+09:00,1427.0,1433.0,1427.0,1430.0,12300,0.0,0.0
2023-06-15 09:00:00+09:00,1431.0,1434.0,1427.0,1430.0,13400,0.0,0.0
2023-06-15 10:00:00+09:00,1431.0,1440.0,1423.0,1429.0,35500,0.0,0.0
2023-06-15 11:00:00+09:00,1431.0,1435.0,1431.0,1435.0,0,0.0,0.0
2023-06-15 12:00:00+09:00,1433.0,1437.0,1433.0,1435.0,58600,0.0,0.0
2023-06-15 13:00:00+09:00,1434.0,1436.0,1429.0,1429.0,7100,0.0,0.0
2023-06-15 14:00:00+09:00,1428.0,1428.0,1420.0,1424.0,25100,0.0,0.0
2023-06-16 09:00:00+09:00,1428.0,1437.0,1423.0,1426.0,0,0.0,0.0
2023-06-16 10:00:00+09:00,1426.0,1428.0,1423.0,1425.0,36700,0.0,0.0
2023-06-16 11:00:00+09:00,1425.0,1428.0,1423.0,1426.0,0,0.0,0.0
2023-06-16 12:00:00+09:00,1427.0,1428.0,1422.0,1426.0,51100,0.0,0.0
2023-06-16 13:00:00+09:00,1424.0,1426.0,1423.0,1426.0,2400,0.0,0.0
2023-06-16 14:00:00+09:00,1425.0,1431.0,1425.0,1428.0,7300,0.0,0.0
2023-06-19 09:00:00+09:00,1437.0,1438.0,1429.0,1434.0,52700,0.0,0.0
2023-06-19 10:00:00+09:00,1435.0,1436.0,1431.0,1435.0,8500,0.0,0.0
2023-06-19 11:00:00+09:00,1436.0,1437.0,1431.0,1434.0,0,0.0,0.0
2023-06-19 12:00:00+09:00,1435.0,1436.0,1432.0,1435.0,73500,0.0,0.0
2023-06-19 13:00:00+09:00,1434.0,1434.0,1425.0,1427.0,22900,0.0,0.0
2023-06-19 14:00:00+09:00,1427.0,1428.0,1425.0,1428.0,4000,0.0,0.0
2023-06-20 09:00:00+09:00,1435.0,1480.0,1433.0,1474.0,69600,0.0,0.0
2023-06-20 10:00:00+09:00,1474.0,1474.0,1457.0,1469.0,23300,0.0,0.0
2023-06-20 11:00:00+09:00,1470.0,1477.0,1470.0,1470.0,0,0.0,0.0
2023-06-20 12:00:00+09:00,1464.0,1469.0,1460.0,1468.0,112900,0.0,0.0
2023-06-20 13:00:00+09:00,1468.0,1471.0,1457.0,1462.0,19700,0.0,0.0
2023-06-20 14:00:00+09:00,1463.0,1464.0,1459.0,1464.0,5000,0.0,0.0
2023-06-21 09:00:00+09:00,1460.0,1498.0,1459.0,1494.0,0,0.0,0.0
2023-06-21 10:00:00+09:00,1494.0,1528.0,1490.0,1528.0,76400,0.0,0.0
2023-06-21 11:00:00+09:00,1528.0,1531.0,1519.0,1525.0,0,0.0,0.0
2023-06-21 12:00:00+09:00,1525.0,1525.0,1511.0,1512.0,95800,0.0,0.0
2023-06-21 13:00:00+09:00,1512.0,1530.0,1508.0,1516.0,23700,0.0,0.0
2023-06-21 14:00:00+09:00,1517.0,1525.0,1505.0,1523.0,14000,0.0,0.0
2023-06-22 09:00:00+09:00,1530.0,1530.0,1512.0,1513.0,44100,0.0,0.0
2023-06-22 10:00:00+09:00,1514.0,1545.0,1513.0,1530.0,54800,0.0,0.0
2023-06-22 11:00:00+09:00,1527.0,1527.0,1525.0,1527.0,0,0.0,0.0
2023-06-22 12:00:00+09:00,1528.0,1540.0,1526.0,1540.0,112500,0.0,0.0
2023-06-22 13:00:00+09:00,1540.0,1545.0,1526.0,1531.0,24900,0.0,0.0
2023-06-22 14:00:00+09:00,1528.0,1531.0,1523.0,1523.0,21700,0.0,0.0
2023-06-23 09:00:00+09:00,1535.0,1570.0,1535.0,1551.0,62800,0.0,0.0
2023-06-23 10:00:00+09:00,1550.0,1550.0,1526.0,1533.0,23600,0.0,0.0
2023-06-23 11:00:00+09:00,1534.0,1534.0,1515.0,1521.0,0,0.0,0.0
2023-06-23 12:00:00+09:00,1521.0,1535.0,1513.0,1526.0,138800,0.0,0.0
2023-06-23 13:00:00+09:00,1531.0,1540.0,1531.0,1540.0,10900,0.0,0.0
2023-06-23 14:00:00+09:00,1539.0,1560.0,1538.0,1548.0,21900,0.0,0.0
2023-06-26 09:00:00+09:00,1550.0,1580.0,1541.0,1572.0,0,0.0,0.0
2023-06-26 10:00:00+09:00,1573.0,1575.0,1538.0,1557.0,31400,0.0,0.0
2023-06-26 11:00:00+09:00,1557.0,1560.0,1555.0,1560.0,0,0.0,0.0
2023-06-26 12:00:00+09:00,1568.0,1568.0,1547.0,1548.0,101900,0.0,0.0
2023-06-26 13:00:00+09:00,1548.0,1575.0,1548.0,1568.0,13600,0.0,0.0
2023-06-26 14:00:00+09:00,1568.0,1579.0,1566.0,1579.0,14200,0.0,0.0
2023-06-27 09:00:00+09:00,1585.0,1590.0,1561.0,1563.0,39300,0.0,0.0
2023-06-27 10:00:00+09:00,1563.0,1570.0,1552.0,1564.0,26000,0.0,0.0
2023-06-27 11:00:00+09:00,1566.0,1570.0,1566.0,1569.0,0,0.0,0.0
2023-06-27 12:00:00+09:00,1569.0,1577.0,1565.0,1574.0,74000,0.0,0.0
2023-06-27 13:00:00+09:00,1575.0,1595.0,1575.0,1586.0,19000,0.0,0.0
2023-06-27 14:00:00+09:00,1586.0,1595.0,1574.0,1575.0,13000,0.0,0.0
2023-06-28 09:00:00+09:00,1595.0,1650.0,1591.0,1632.0,85500,0.0,0.0
2023-06-28 10:00:00+09:00,1632.0,1636.0,1614.0,1628.0,12900,0.0,0.0
2023-06-28 11:00:00+09:00,1625.0,1625.0,1621.0,1621.0,0,0.0,0.0
2023-06-28 12:00:00+09:00,1621.0,1621.0,1611.0,1616.0,110500,0.0,0.0
2023-06-28 13:00:00+09:00,1612.0,1634.0,1611.0,1620.0,16600,0.0,0.0
2023-06-28 14:00:00+09:00,1619.0,1632.0,1617.0,1626.0,17500,0.0,0.0
2023-06-29 09:00:00+09:00,1646.0,1666.0,1631.0,1634.0,73800,0.0,0.0
2023-06-29 10:00:00+09:00,1633.0,1640.0,1612.0,1640.0,36900,0.0,0.0
2023-06-29 11:00:00+09:00,1642.0,1653.0,1634.0,1648.0,0,0.0,0.0
2023-06-29 12:00:00+09:00,1654.0,1669.0,1650.0,1661.0,135600,0.0,0.0
2023-06-29 13:00:00+09:00,1661.0,1672.0,1649.0,1650.0,17300,0.0,0.0
2023-06-29 14:00:00+09:00,1651.0,1655.0,1642.0,1652.0,11100,0.0,0.0
2023-06-30 09:00:00+09:00,1666.0,1700.0,1656.0,1687.0,56900,0.0,0.0
2023-06-30 10:00:00+09:00,1692.0,1708.0,1691.0,1694.0,23300,0.0,0.0
2023-06-30 11:00:00+09:00,1692.0,1704.0,1685.0,1704.0,0,0.0,0.0
2023-06-30 12:00:00+09:00,1705.0,1708.0,1667.0,1669.0,127800,0.0,0.0
2023-06-30 13:00:00+09:00,1672.0,1680.0,1657.0,1675.0,25900,0.0,0.0
2023-06-30 14:00:00+09:00,1676.0,1699.0,1674.0,1691.0,35400,0.0,0.0
2023-07-03 09:00:00+09:00,1724.0,1737.0,1701.0,1701.0,0,0.0,0.0
2023-07-03 10:00:00+09:00,1701.0,1706.0,1696.0,1702.0,24300,0.0,0.0
2023-07-03 11:00:00+09:00,1701.0,1702.0,1693.0,1699.0,0,0.0,0.0
2023-07-03 12:00:00+09:00,1698.0,1708.0,1695.0,1703.0,99300,0.0,0.0
2023-07-03 13:00:00+09:00,1704.0,1718.0,1698.0,1715.0,0,0.0,0.0
2023-07-03 14:00:00+09:00,1717.0,1733.0,1717.0,1729.0,144100,0.0,0.0
2023-07-04 09:00:00+09:00,1730.0,1744.0,1710.0,1737.0,49300,0.0,0.0
2023-07-04 10:00:00+09:00,1737.0,1745.0,1726.0,1741.0,35500,0.0,0.0
2023-07-04 11:00:00+09:00,1741.0,1754.0,1741.0,1750.0,0,0.0,0.0
2023-07-04 12:00:00+09:00,1755.0,1759.0,1750.0,1758.0,103300,0.0,0.0
2023-07-04 13:00:00+09:00,1759.0,1765.0,1755.0,1762.0,13800,0.0,0.0
2023-07-04 14:00:00+09:00,1764.0,1767.0,1733.0,1737.0,36100,0.0,0.0
2023-07-05 09:00:00+09:00,1740.0,1774.0,1736.0,1773.0,71400,0.0,0.0
2023-07-05 10:00:00+09:00,1771.0,1790.0,1765.0,1783.0,20500,0.0,0.0
2023-07-05 11:00:00+09:00,1784.0,1788.0,1780.0,1788.0,0,0.0,0.0
2023-07-05 12:00:00+09:00,1788.0,1800.0,1787.0,1795.0,113300,0.0,0.0
2023-07-05 13:00:00+09:00,1795.0,1797.0,1779.0,1793.0,16400,0.0,0.0
2023-07-05 14:00:00+09:00,1795.0,1805.0,1795.0,1803.0,22000,0.0,0.0
2023-07-06 09:00:00+09:00,1780.0,1805.0,1773.0,1782.0,49400,0.0,0.0
2023-07-06 10:00:00+09:00,1781.0,1792.0,1770.0,1770.0,31100,0.0,0.0
2023-07-06 11:00:00+09:00,1771.0,1779.0,1770.0,1777.0,0,0.0,0.0
2023-07-06 12:00:00+09:00,1777.0,1779.0,1765.0,1765.0,105000,0.0,0.0
2023-07-06 13:00:00+09:00,1766.0,1776.0,1764.0,1773.0,16200,0.0,0.0
2023-07-06 14:00:00+09:00,1773.0,1776.0,1760.0,1764.0,23800,0.0,0.0
2023-07-07 09:00:00+09:00,1723.0,1737.0,1710.0,1735.0,59300,0.0,0.0
2023-07-07 10:00:00+09:00,1734.0,1742.0,1732.0,1738.0,10600,0.0,0.0
2023-07-07 11:00:00+09:00,1741.0,1749.0,1740.0,1740.0,0,0.0,0.0
2023-07-07 12:00:00+09:00,1739.0,1743.0,1732.0,1734.0,80500,0.0,0.0
2023-07-07 13:00:00+09:00,1733.0,1737.0,1728.0,1730.0,12900,0.0,0.0
2023-07-07 14:00:00+09:00,1731.0,1748.0,1731.0,1743.0,18300,0.0,0.0
2023-07-10 09:00:00+09:00,1740.0,1773.0,1734.0,1751.0,0,0.0,0.0
2023-07-10 10:00:00+09:00,1750.0,1755.0,1738.0,1739.0,8500,0.0,0.0
2023-07-10 11:00:00+09:00,1738.0,1744.0,1737.0,1737.0,0,0.0,0.0
2023-07-10 12:00:00+09:00,1741.0,1741.0,1733.0,1738.0,50400,0.0,0.0
2023-07-10 13:00:00+09:00,1736.0,1744.0,1734.0,1740.0,7200,0.0,0.0
2023-07-10 14:00:00+09:00,1743.0,1743.0,1721.0,1724.0,17900,0.0,0.0
2023-07-11 09:00:00+09:00,1718.0,1735.0,1701.0,1710.0,31600,0.0,0.0
2023-07-11 10:00:00+09:00,1705.0,1709.0,1703.0,1706.0,10100,0.0,0.0
2023-07-11 11:00:00+09:00,1708.0,1711.0,1702.0,1709.0,0,0.0,0.0
2023-07-11 12:00:00+09:00,1704.0,1709.0,1702.0,1704.0,61600,0.0,0.0
2023-07-11 13:00:00+09:00,1703.0,1703.0,1671.0,1671.0,61200,0.0,0.0
2023-07-11 14:00:00+09:00,1670.0,1671.0,1656.0,1656.0,50300,0.0,0.0
2023-07-12 09:00:00+09:00,1665.0,1674.0,1640.0,1668.0,37300,0.0,0.0
2023-07-12 10:00:00+09:00,1668.0,1670.0,1652.0,1661.0,8300,0.0,0.0
2023-07-12 11:00:00+09:00,1660.0,1660.0,1648.0,1648.0,0,0.0,0.0
2023-07-12 12:00:00+09:00,1648.0,1654.0,1648.0,1652.0,57900,0.0,0.0
2023-07-12 13:00:00+09:00,1651.0,1651.0,1637.0,1640.0,12500,0.0,0.0
2023-07-12 14:00:00+09:00,1639.0,1642.0,1632.0,1632.0,12600,0.0,0.0
2023-07-13 09:00:00+09:00,1636.0,1640.0,1600.0,1634.0,38800,0.0,0.0
2023-07-13 10:00:00+09:00,1632.0,1664.0,1630.0,1659.0,21700,0.0,0.0
2023-07-13 11:00:00+09:00,1659.0,1663.0,1654.0,1655.0,0,0.0,0.0
2023-07-13 12:00:00+09:00,1658.0,1666.0,1654.0,1662.0,73700,0.0,0.0
2023-07-13 13:00:00+09:00,1662.0,1664.0,1651.0,1652.0,5200,0.0,0.0
2023-07-13 14:00:00+09:00,1651.0,1663.0,1651.0,1659.0,7600,0.0,0.0
2023-07-14 09:00:00+09:00,1650.0,1665.0,1628.0,1632.0,31500,0.0,0.0
2023-07-14 10:00:00+09:00,1631.0,1634.0,1619.0,1629.0,13600,0.0,0.0
2023-07-14 11:00:00+09:00,1627.0,1635.0,1627.0,1633.0,0,0.0,0.0
2023-07-14 12:00:00+09:00,1637.0,1647.0,1637.0,1641.0,53900,0.0,0.0
2023-07-14 13:00:00+09:00,1643.0,1649.0,1640.0,1644.0,5500,0.0,0.0
2023-07-14 14:00:00+09:00,1645.0,1653.0,1645.0,1653.0,5200,0.0,0.0
2023-07-18 09:00:00+09:00,1682.0,1713.0,1676.0,1713.0,41200,0.0,0.0
2023-07-18 10:00:00+09:00,1714.0,1719.0,1701.0,1715.0,19000,0.0,0.0
2023-07-18 11:00:00+09:00,1717.0,1719.0,1708.0,1714.0,0,0.0,0.0
2023-07-18 12:00:00+09:00,1711.0,1711.0,1702.0,1703.0,73000,0.0,0.0
2023-07-18 13:00:00+09:00,1704.0,1713.0,1702.0,1713.0,5700,0.0,0.0
2023-07-18 14:00:00+09:00,1713.0,1729.0,1713.0,1721.0,20500,0.0,0.0
2023-07-19 09:00:00+09:00,1756.0,1761.0,1738.0,1744.0,24900,0.0,0.0
2023-07-19 10:00:00+09:00,1743.0,1756.0,1742.0,1745.0,12300,0.0,0.0
2023-07-19 11:00:00+09:00,1747.0,1748.0,1744.0,1748.0,0,0.0,0.0
2023-07-19 12:00:00+09:00,1750.0,1750.0,1732.0,1743.0,49200,0.0,0.0
2023-07-19 13:00:00+09:00,1745.0,1748.0,1745.0,1746.0,2100,0.0,0.0
2023-07-19 14:00:00+09:00,1746.0,1751.0,1737.0,1751.0,14200,0.0,0.0
2023-07-20 09:00:00+09:00,1760.0,1760.0,1741.0,1741.0,16800,0.0,0.0
2023-07-20 10:00:00+09:00,1742.0,1742.0,1727.0,1728.0,14600,0.0,0.0
2023-07-20 11:00:00+09:00,1729.0,1742.0,1727.0,1742.0,0,0.0,0.0
2023-07-20 12:00:00+09:00,1730.0,1739.0,1730.0,1733.0,39000,0.0,0.0
2023-07-20 13:00:00+09:00,1735.0,1739.0,1730.0,1733.0,8900,0.0,0.0
2023-07-20 14:00:00+09:00,1732.0,1737.0,1726.0,1737.0,9900,0.0,0.0
2023-07-21 09:00:00+09:00,1744.0,1757.0,1736.0,1736.0,0,0.0,0.0
2023-07-21 10:00:00+09:00,1736.0,1746.0,1733.0,1745.0,34700,0.0,0.0
2023-07-21 11:00:00+09:00,1746.0,1755.0,1746.0,1755.0,0,0.0,0.0
2023-07-21 12:00:00+09:00,1750.0,1759.0,1749.0,1753.0,55100,0.0,0.0
2023-07-21 13:00:00+09:00,1755.0,1755.0,1746.0,1750.0,4400,0.0,0.0
2023-07-21 14:00:00+09:00,1750.0,1755.0,1749.0,1750.0,6600,0.0,0.0
2023-07-24 09:00:00+09:00,1780.0,1788.0,1754.0,1754.0,33800,0.0,0.0
2023-07-24 10:00:00+09:00,1752.0,1765.0,1750.0,1764.0,10300,0.0,0.0
2023-07-24 11:00:00+09:00,1764.0,1769.0,1761.0,1768.0,0,0.0,0.0
2023-07-24 12:00:00+09:00,1768.0,1768.0,1758.0,1758.0,53900,0.0,0.0
2023-07-24 13:00:00+09:00,1758.0,1760.0,1753.0,1754.0,8300,0.0,0.0
2023-07-24 14:00:00+09:00,1753.0,1757.0,1746.0,1751.0,16000,0.0,0.0
2023-07-25 09:00:00+09:00,1762.0,1762.0,1741.0,1753.0,12800,0.0,0.0
2023-07-25 10:00:00+09:00,1754.0,1757.0,1746.0,1746.0,3900,0.0,0.0
2023-07-25 11:00:00+09:00,1747.0,1748.0,1747.0,1747.0,0,0.0,0.0
2023-07-25 12:00:00+09:00,1748.0,1748.0,1739.0,1741.0,30000,0.0,0.0
2023-07-25 13:00:00+09:00,1740.0,1750.0,1740.0,1748.0,3900,0.0,0.0
2023-07-25 14:00:00+09:00,1748.0,1760.0,1748.0,1760.0,14400,0.0,0.0
2023-07-26 09:00:00+09:00,1774.0,1793.0,1763.0,1785.0,31700,0.0,0.0
2023-07-26 10:00:00+09:00,1786.0,1791.0,1760.0,1760.0,9200,0.0,0.0
2023-07-26 11:00:00+09:00,1763.0,1770.0,1763.0,1770.0,0,0.0,0.0
2023-07-26 12:00:00+09:00,1767.0,1770.0,1761.0,1765.0,48800,0.0,0.0
2023-07-26 13:00:00+09:00,1762.0,1775.0,1762.0,1769.0,2100,0.0,0.0
2023-07-26 14:00:00+09:00,1770.0,1779.0,1766.0,1774.0,8500,0.0,0.0
2023-07-27 09:00:00+09:00,1782.0,1782.0,1754.0,1757.0,17900,0.0,0.0
2023-07-27 10:00:00+09:00,1759.0,1766.0,1759.0,1762.0,4200,0.0,0.0
2023-07-27 11:00:00+09:00,1762.0,1762.0,1759.0,1760.0,0,0.0,0.0
2023-07-27 12:00:00+09:00,1761.0,1771.0,1759.0,1771.0,28800,0.0,0.0
2023-07-27 13:00:00+09:00,1772.0,1783.0,1768.0,1774.0,12800,0.0,0.0
2023-07-27 14:00:00+09:00,1775.0,1780.0,1770.0,1776.0,13400,0.0,0.0
2023-07-28 09:00:00+09:00,1772.0,1792.0,1761.0,1788.0,17200,0.0,0.0
2023-07-28 10:00:00+09:00,1790.0,1791.0,1778.0,1784.0,10600,0.0,0.0
2023-07-28 11:00:00+09:00,1785.0,1785.0,1780.0,1780.0,0,0.0,0.0
2023-07-28 12:00:00+09:00,1789.0,1789.0,1768.0,1770.0,41100,0.0,0.0
2023-07-28 13:00:00+09:00,1771.0,1771.0,1744.0,1753.0,23500,0.0,0.0
2023-07-28 14:00:00+09:00,1753.0,1763.0,1746.0,1755.0,31300,0.0,0.0
2023-07-31 09:00:00+09:00,1788.0,1799.0,1762.0,1793.0,41900,0.0,0.0
2023-07-31 10:00:00+09:00,1793.0,1817.0,1793.0,1805.0,53600,0.0,0.0
2023-07-31 11:00:00+09:00,1805.0,1805.0,1789.0,1798.0,0,0.0,0.0
2023-07-31 12:00:00+09:00,1798.0,1799.0,1784.0,1789.0,111500,0.0,0.0
2023-07-31 13:00:00+09:00,1785.0,1808.0,1785.0,1803.0,8100,0.0,0.0
2023-07-31 14:00:00+09:00,1806.0,1808.0,1798.0,1802.0,13800,0.0,0.0
2023-08-01 09:00:00+09:00,1800.0,1894.0,1800.0,1870.0,75200,0.0,0.0
2023-08-01 10:00:00+09:00,1870.0,1880.0,1867.0,1870.0,11400,0.0,0.0
2023-08-01 11:00:00+09:00,1868.0,1868.0,1858.0,1858.0,0,0.0,0.0
2023-08-01 12:00:00+09:00,1855.0,1859.0,1850.0,1856.0,113200,0.0,0.0
2023-08-01 13:00:00+09:00,1854.0,1860.0,1852.0,1854.0,7700,0.0,0.0
2023-08-01 14:00:00+09:00,1854.0,1876.0,1854.0,1874.0,13600,0.0,0.0
2023-08-02 09:00:00+09:00,1872.0,1883.0,1853.0,1872.0,32000,0.0,0.0
2023-08-02 10:00:00+09:00,1868.0,1873.0,1852.0,1858.0,17100,0.0,0.0
2023-08-02 11:00:00+09:00,1860.0,1861.0,1852.0,1858.0,0,0.0,0.0
2023-08-02 12:00:00+09:00,1873.0,1873.0,1857.0,1870.0,58900,0.0,0.0
2023-08-02 13:00:00+09:00,1872.0,1875.0,1854.0,1854.0,10600,0.0,0.0
2023-08-02 14:00:00+09:00,1855.0,1864.0,1853.0,1857.0,12300,0.0,0.0
2023-08-03 09:00:00+09:00,1851.0,1851.0,1833.0,1844.0,27200,0.0,0.0
2023-08-03 10:00:00+09:00,1840.0,1853.0,1836.0,1853.0,9800,0.0,0.0
2023-08-03 11:00:00+09:00,1852.0,1860.0,1852.0,1859.0,0,0.0,0.0
2023-08-03 12:00:00+09:00,1859.0,1860.0,1850.0,1850.0,48200,0.0,0.0
2023-08-03 13:00:00+09:00,1851.0,1864.0,1848.0,1852.0,13200,0.0,0.0
2023-08-03 14:00:00+09:00,1852.0,1861.0,1842.0,1857.0,16000,0.0,0.0
2023-08-04 09:00:00+09:00,1845.0,1854.0,1833.0,1853.0,28700,0.0,0.0
2023-08-04 10:00:00+09:00,1853.0,1853.0,1831.0,1842.0,23300,0.0,0.0
2023-08-04 11:00:00+09:00,1838.0,1841.0,1832.0,1832.0,0,0.0,0.0
2023-08-04 12:00:00+09:00,1836.0,1837.0,1818.0,1823.0,75200,0.0,0.0
2023-08-04 13:00:00+09:00,1827.0,1837.0,1825.0,1825.0,13900,0.0,0.0
2023-08-04 14:00:00+09:00,1824.0,1842.0,1820.0,1842.0,11300,0.0,0.0
2023-08-07 09:00:00+09:00,1841.0,1850.0,1826.0,1845.0,14900,0.0,0.0
2023-08-07 10:00:00+09:00,1845.0,1852.0,1833.0,1852.0,11400,0.0,0.0
2023-08-07 11:00:00+09:00,1853.0,1857.0,1842.0,1847.0,0,0.0,0.0
2023-08-07 12:00:00+09:00,1856.0,1864.0,1853.0,1864.0,47800,0.0,0.0
2023-08-07 13:00:00+09:00,1864.0,1866.0,1853.0,1856.0,10300,0.0,0.0
2023-08-07 14:00:00+09:00,1853.0,1858.0,1848.0,1854.0,5200,0.0,0.0
2023-08-08 09:00:00+09:00,1860.0,1860.0,1853.0,1855.0,8400,0.0,0.0
2023-08-08 10:00:00+09:00,1860.0,1863.0,1850.0,1851.0,5400,0.0,0.0
2023-08-08 11:00:00+09:00,1849.0,1849.0,1842.0,1842.0,0,0.0,0.0
2023-08-08 12:00:00+09:00,1846.0,1851.0,1844.0,1846.0,23300,0.0,0.0
2023-08-08 13:00:00+09:00,1846.0,1849.0,1846.0,1847.0,1600,0.0,0.0
2023-08-08 14:00:00+09:00,1848.0,1850.0,1842.0,1842.0,8400,0.0,0.0
2023-08-09 09:00:00+09:00,1840.0,1841.0,1824.0,1838.0,34900,0.0,0.0
2023-08-09 10:00:00+09:00,1839.0,1845.0,1837.0,1837.0,2600,0.0,0.0
2023-08-09 11:00:00+09:00,1837.0,1842.0,1837.0,1839.0,0,0.0,0.0
2023-08-09 12:00:00+09:00,1839.0,1843.0,1834.0,1841.0,47900,0.0,0.0
2023-08-09 13:00:00+09:00,1840.0,1847.0,1835.0,1835.0,9800,0.0,0.0
2023-08-09 14:00:00+09:00,1834.0,1838.0,1833.0,1833.0,9400,0.0,0.0
2023-08-10 09:00:00+09:00,1832.0,1832.0,1805.0,1819.0,42600,0.0,0.0
2023-08-10 10:00:00+09:00,1817.0,1819.0,1810.0,1812.0,10200,0.0,0.0
2023-08-10 11:00:00+09:00,1812.0,1816.0,1809.0,1815.0,0,0.0,0.0
2023-08-10 12:00:00+09:00,1815.0,1826.0,1815.0,1826.0,64100,0.0,0.0
2023-08-10 13:00:00+09:00,1826.0,1830.0,1813.0,1830.0,15700,0.0,0.0
2023-08-10 14:00:00+09:00,1829.0,1833.0,1818.0,1830.0,17900,0.0,0.0
2023-08-14 09:00:00+09:00,1869.0,2071.0,1860.0,2035.0,205700,0.0,0.0
2023-08-14 10:00:00+09:00,2030.0,2079.0,2023.0,2070.0,53700,0.0,0.0
2023-08-14 11:00:00+09:00,2069.0,2070.0,2046.0,2046.0,0,0.0,0.0
2023-08-14 12:00:00+09:00,2043.0,2063.0,2031.0,2042.0,305700,0.0,0.0
2023-08-14 13:00:00+09:00,2044.0,2058.0,2036.0,2047.0,22300,0.0,0.0
2023-08-14 14:00:00+09:00,2046.0,2060.0,2036.0,2039.0,35200,0.0,0.0
2023-08-15 09:00:00+09:00,2038.0,2058.0,2010.0,2030.0,44900,0.0,0.0
2023-08-15 10:00:00+09:00,2031.0,2060.0,2019.0,2053.0,34000,0.0,0.0
2023-08-15 11:00:00+09:00,2053.0,2060.0,2050.0,2058.0,0,0.0,0.0
2023-08-15 12:00:00+09:00,2060.0,2060.0,2036.0,2036.0,90100,0.0,0.0
2023-08-15 13:00:00+09:00,2036.0,2043.0,2021.0,2023.0,12000,0.0,0.0
2023-08-15 14:00:00+09:00,2022.0,2030.0,2013.0,2014.0,18000,0.0,0.0
2023-08-16 09:00:00+09:00,1995.0,2041.0,1976.0,2041.0,36300,0.0,0.0
2023-08-16 10:00:00+09:00,2039.0,2047.0,2037.0,2040.0,10100,0.0,0.0
2023-08-16 11:00:00+09:00,2041.0,2044.0,2032.0,2035.0,0,0.0,0.0
2023-08-16 12:00:00+09:00,2041.0,2041.0,2024.0,2024.0,55800,0.0,0.0
2023-08-16 13:00:00+09:00,2023.0,2028.0,2017.0,2026.0,6100,0.0,0.0
2023-08-16 14:00:00+09:00,2029.0,2050.0,2029.0,2038.0,16300,0.0,0.0
2023-08-17 09:00:00+09:00,2035.0,2045.0,1967.0,1985.0,41800,0.0,0.0
2023-08-17 10:00:00+09:00,1987.0,1987.0,1950.0,1962.0,25300,0.0,0.0
2023-08-17 11:00:00+09:00,1963.0,1978.0,1963.0,1975.0,0,0.0,0.0
2023-08-17 12:00:00+09:00,1975.0,1999.0,1975.0,1987.0,86900,0.0,0.0
2023-08-17 13:00:00+09:00,1983.0,1990.0,1974.0,1974.0,7900,0.0,0.0
2023-08-17 14:00:00+09:00,1974.0,1976.0,1962.0,1964.0,14400,0.0,0.0
2023-08-18 09:00:00+09:00,1965.0,1987.0,1931.0,1956.0,37600,0.0,0.0
2023-08-18 10:00:00+09:00,1955.0,1981.0,1950.0,1980.0,5500,0.0,0.0
2023-08-18 11:00:00+09:00,1979.0,1987.0,1972.0,1972.0,0,0.0,0.0
2023-08-18 12:00:00+09:00,1980.0,1980.0,1953.0,1953.0,51500,0.0,0.0
2023-08-18 13:00:00+09:00,1953.0,1953.0,1938.0,1938.0,4700,0.0,0.0
2023-08-18 14:00:00+09:00,1938.0,1944.0,1924.0,1941.0,17200,0.0,0.0
2023-08-21 09:00:00+09:00,1949.0,1983.0,1941.0,1980.0,16100,0.0,0.0
2023-08-21 10:00:00+09:00,1974.0,1991.0,1963.0,1987.0,11900,0.0,0.0
2023-08-21 11:00:00+09:00,1989.0,1990.0,1980.0,1980.0,0,0.0,0.0
2023-08-21 12:00:00+09:00,1984.0,1998.0,1984.0,1998.0,41800,0.0,0.0
2023-08-21 13:00:00+09:00,1996.0,2007.0,1996.0,1996.0,7500,0.0,0.0
2023-08-21 14:00:00+09:00,1995.0,2001.0,1991.0,1995.0,14800,0.0,0.0
2023-08-22 09:00:00+09:00,2025.0,2028.0,2004.0,2014.0,21300,0.0,0.0
2023-08-22 10:00:00+09:00,2014.0,2017.0,1991.0,1991.0,8800,0.0,0.0
2023-08-22 11:00:00+09:00,1996.0,2000.0,1990.0,2000.0,0,0.0,0.0
2023-08-22 12:00:00+09:00,2000.0,2014.0,2000.0,2012.0,36800,0.0,0.0
2023-08-22 13:00:00+09:00,2009.0,2009.0,1999.0,2007.0,3800,0.0,0.0
2023-08-22 14:00:00+09:00,2005.0,2014.0,2003.0,2011.0,8600,0.0,0.0
2023-08-23 09:00:00+09:00,2030.0,2096.0,2018.0,2093.0,61000,0.0,0.0
2023-08-23 10:00:00+09:00,2095.0,2104.0,2060.0,2069.0,35200,0.0,0.0
2023-08-23 11:00:00+09:00,2069.0,2070.0,2060.0,2068.0,0,0.0,0.0
2023-08-23 12:00:00+09:00,2070.0,2071.0,2058.0,2062.0,105400,0.0,0.0
2023-08-23 13:00:00+09:00,2071.0,2075.0,2057.0,2062.0,8100,0.0,0.0
2023-08-23 14:00:00+09:00,2062.0,2067.0,2059.0,2067.0,8100,0.0,0.0
2023-08-24 09:00:00+09:00,2080.0,2094.0,2063.0,2081.0,16600,0.0,0.0
2023-08-24 10:00:00+09:00,2085.0,2126.0,2071.0,2103.0,29000,0.0,0.0
2023-08-24 11:00:00+09:00,2096.0,2096.0,2075.0,2084.0,0,0.0,0.0
2023-08-24 12:00:00+09:00,2092.0,2097.0,2087.0,2091.0,59900,0.0,0.0
2023-08-24 13:00:00+09:00,2094.0,2103.0,2088.0,2103.0,13700,0.0,0.0
2023-08-24 14:00:00+09:00,2104.0,2104.0,2092.0,2094.0,13600,0.0,0.0
2023-08-25 09:00:00+09:00,2095.0,2134.0,2092.0,2123.0,23300,0.0,0.0
2023-08-25 10:00:00+09:00,2124.0,2125.0,2100.0,2101.0,10300,0.0,0.0
2023-08-25 11:00:00+09:00,2104.0,2105.0,2097.0,2105.0,0,0.0,0.0
2023-08-25 12:00:00+09:00,2115.0,2123.0,2113.0,2123.0,46600,0.0,0.0
2023-08-25 13:00:00+09:00,2123.0,2140.0,2123.0,2140.0,14700,0.0,0.0
2023-08-25 14:00:00+09:00,2140.0,2142.0,2122.0,2138.0,18400,0.0,0.0
2023-08-28 09:00:00+09:00,2188.0,2206.0,2152.0,2152.0,0,0.0,0.0
2023-08-28 10:00:00+09:00,2154.0,2189.0,2146.0,2185.0,12000,0.0,0.0
2023-08-28 11:00:00+09:00,2185.0,2196.0,2184.0,2186.0,0,0.0,0.0
2023-08-28 12:00:00+09:00,2192.0,2194.0,2182.0,2194.0,64400,0.0,0.0
2023-08-28 13:00:00+09:00,2192.0,2201.0,2176.0,2192.0,11700,0.0,0.0
2023-08-28 14:00:00+09:00,2193.0,2196.0,2167.0,2177.0,32300,0.0,0.0
2023-08-29 09:00:00+09:00,2209.0,2220.0,2176.0,2194.0,25000,0.0,0.0
2023-08-29 10:00:00+09:00,2196.0,2212.0,2192.0,2197.0,9200,0.0,0.0
2023-08-29 11:00:00+09:00,2195.0,2195.0,2188.0,2193.0,0,0.0,0.0
2023-08-29 12:00:00+09:00,2197.0,2208.0,2197.0,2206.0,42800,0.0,0.0
2023-08-29 13:00:00+09:00,2205.0,2225.0,2200.0,2221.0,20600,0.0,0.0
2023-08-29 14:00:00+09:00,2220.0,2232.0,2217.0,2232.0,13900,0.0,0.0
2023-08-30 09:00:00+09:00,2240.0,2240.0,2211.0,2211.0,51700,0.0,0.0
2023-08-30 10:00:00+09:00,2211.0,2218.0,2197.0,2217.0,20900,0.0,0.0
2023-08-30 11:00:00+09:00,2219.0,2241.0,2213.0,2213.0,0,0.0,0.0
2023-08-30 12:00:00+09:00,2222.0,2225.0,2209.0,2212.0,101900,0.0,0.0
2023-08-30 13:00:00+09:00,2213.0,2220.0,2212.0,2214.0,17900,0.0,0.0
2023-08-30 14:00:00+09:00,2215.0,2218.0,2204.0,2208.0,34300,0.0,0.0
2023-08-31 09:00:00+09:00,2212.0,2216.0,2169.0,2181.0,61800,0.0,0.0
2023-08-31 10:00:00+09:00,2181.0,2212.0,2181.0,2202.0,21600,0.0,0.0
2023-08-31 11:00:00+09:00,2203.0,2223.0,2203.0,2220.0,0,0.0,0.0
2023-08-31 12:00:00+09:00,2215.0,2235.0,2215.0,2232.0,101700,0.0,0.0
2023-08-31 13:00:00+09:00,2232.0,2240.0,2220.0,2223.0,9600,0.0,0.0
2023-08-31 14:00:00+09:00,2221.0,2232.0,2221.0,2225.0,10600,0.0,0.0
2023-09-01 09:00:00+09:00,2227.0,2229.0,2201.0,2222.0,27700,0.0,0.0
2023-09-01 10:00:00+09:00,2225.0,2230.0,2215.0,2221.0,8000,0.0,0.0
2023-09-01 11:00:00+09:00,2220.0,2220.0,2216.0,2219.0,0,0.0,0.0
2023-09-01 12:00:00+09:00,2219.0,2230.0,2216.0,2230.0,45100,0.0,0.0
2023-09-01 13:00:00+09:00,2229.0,2235.0,2220.0,2225.0,6300,0.0,0.0
2023-09-01 14:00:00+09:00,2227.0,2240.0,2214.0,2214.0,21500,0.0,0.0
2023-09-04 09:00:00+09:00,2238.0,2244.0,2201.0,2207.0,36900,0.0,0.0
2023-09-04 10:00:00+09:00,2205.0,2212.0,2196.0,2209.0,20800,0.0,0.0
2023-09-04 11:00:00+09:00,2209.0,2209.0,2201.0,2202.0,0,0.0,0.0
2023-09-04 12:00:00+09:00,2204.0,2204.0,2181.0,2186.0,106600,0.0,0.0
2023-09-04 13:00:00+09:00,2186.0,2210.0,2186.0,2207.0,17800,0.0,0.0
2023-09-04 14:00:00+09:00,2211.0,2212.0,2203.0,2209.0,14300,0.0,0.0
2023-09-05 09:00:00+09:00,2212.0,2284.0,2208.0,2222.0,64900,0.0,0.0
2023-09-05 10:00:00+09:00,2217.0,2229.0,2214.0,2227.0,9200,0.0,0.0
2023-09-05 11:00:00+09:00,2228.0,2228.0,2220.0,2220.0,0,0.0,0.0
2023-09-05 12:00:00+09:00,2221.0,2224.0,2220.0,2220.0,76600,0.0,0.0
2023-09-05 13:00:00+09:00,2220.0,2233.0,2208.0,2211.0,17600,0.0,0.0
2023-09-05 14:00:00+09:00,2214.0,2219.0,2202.0,2219.0,22300,0.0,0.0
2023-09-06 09:00:00+09:00,2217.0,2229.0,2195.0,2215.0,40900,0.0,0.0
2023-09-06 10:00:00+09:00,2215.0,2215.0,2191.0,2193.0,23500,0.0,0.0
2023-09-06 11:00:00+09:00,2193.0,2198.0,2190.0,2197.0,0,0.0,0.0
2023-09-06 12:00:00+09:00,2200.0,2205.0,2192.0,2195.0,80600,0.0,0.0
2023-09-06 13:00:00+09:00,2198.0,2199.0,2186.0,2187.0,18800,0.0,0.0
2023-09-06 14:00:00+09:00,2187.0,2195.0,2180.0,2184.0,24900,0.0,0.0
2023-09-07 09:00:00+09:00,2181.0,2206.0,2175.0,2194.0,22300,0.0,0.0
2023-09-07 10:00:00+09:00,2195.0,2203.0,2188.0,2194.0,13700,0.0,0.0
2023-09-07 11:00:00+09:00,2197.0,2206.0,2197.0,2204.0,0,0.0,0.0
2023-09-07 12:00:00+09:00,2206.0,2209.0,2198.0,2198.0,50400,0.0,0.0
2023-09-07 13:00:00+09:00,2194.0,2194.0,2153.0,2156.0,25500,0.0,0.0
2023-09-07 14:00:00+09:00,2156.0,2175.0,2156.0,2175.0,10200,0.0,0.0
2023-09-08 09:00:00+09:00,2171.0,2203.0,2162.0,2178.0,34700,0.0,0.0
2023-09-08 10:00:00+09:00,2185.0,2191.0,2177.0,2184.0,11100,0.0,0.0
2023-09-08 11:00:00+09:00,2185.0,2190.0,2185.0,2186.0,0,0.0,0.0
2023-09-08 12:00:00+09:00,2187.0,2192.0,2173.0,2173.0,55300,0.0,0.0
2023-09-08 13:00:00+09:00,2173.0,2175.0,2172.0,2173.0,2900,0.0,0.0
2023-09-08 14:00:00+09:00,2175.0,2179.0,2171.0,2176.0,4300,0.0,0.0
2023-09-11 09:00:00+09:00,2153.0,2163.0,2112.0,2152.0,0,0.0,0.0
2023-09-11 10:00:00+09:00,2152.0,2183.0,2152.0,2175.0,23500,0.0,0.0
2023-09-11 11:00:00+09:00,2181.0,2182.0,2177.0,2177.0,0,0.0,0.0
2023-09-11 12:00:00+09:00,2180.0,2180.0,2166.0,2166.0,79700,0.0,0.0
2023-09-11 13:00:00+09:00,2167.0,2168.0,2160.0,2164.0,5400,0.0,0.0
2023-09-11 14:00:00+09:00,2160.0,2178.0,2160.0,2175.0,8500,0.0,0.0
2023-09-12 09:00:00+09:00,2161.0,2196.0,2161.0,2189.0,0,0.0,0.0
2023-09-12 10:00:00+09:00,2189.0,2192.0,2185.0,2187.0,0,0.0,0.0
2023-09-12 11:00:00+09:00,2187.0,2188.0,2185.0,2185.0,0,0.0,0.0
2023-09-12 12:00:00+09:00,2186.0,2198.0,2186.0,2198.0,36200,0.0,0.0
2023-09-12 13:00:00+09:00,2197.0,2208.0,2178.0,2178.0,13100,0.0,0.0
2023-09-12 14:00:00+09:00,2183.0,2196.0,2183.0,2194.0,6800,0.0,0.0
2023-09-13 09:00:00+09:00,2180.0,2202.0,2172.0,2178.0,0,0.0,0.0
2023-09-13 10:00:00+09:00,2178.0,2190.0,2176.0,2183.0,25100,0.0,0.0
2023-09-13 11:00:00+09:00,2185.0,2187.0,2181.0,2187.0,0,0.0,0.0
2023-09-13 12:00:00+09:00,2187.0,2187.0,2181.0,2181.0,27800,0.0,0.0
2023-09-13 13:00:00+09:00,2180.0,2198.0,2180.0,2193.0,11200,0.0,0.0
2023-09-13 14:00:00+09:00,2190.0,2193.0,2183.0,2187.0,6900,0.0,0.0
2023-09-14 09:00:00+09:00,2190.0,2211.0,2190.0,2207.0,27100,0.0,0.0
2023-09-14 10:00:00+09:00,2210.0,2221.0,2210.0,2218.0,19400,0.0,0.0
2023-09-14 11:00:00+09:00,2218.0,2222.0,2216.0,2218.0,0,0.0,0.0
2023-09-14 12:00:00+09:00,2222.0,2230.0,2215.0,2215.0,62000,0.0,0.0
2023-09-14 13:00:00+09:00,2217.0,2226.0,2209.0,2226.0,20400,0.0,0.0
2023-09-14 14:00:00+09:00,2226.0,2235.0,2226.0,2234.0,16300,0.0,0.0
2023-09-15 09:00:00+09:00,2235.0,2247.0,2225.0,2241.0,0,0.0,0.0
2023-09-15 10:00:00+09:00,2247.0,2249.0,2240.0,2244.0,35200,0.0,0.0
2023-09-15 11:00:00+09:00,2244.0,2247.0,2241.0,2247.0,0,0.0,0.0
2023-09-15 12:00:00+09:00,2248.0,2248.0,2228.0,2228.0,53800,0.0,0.0
2023-09-15 13:00:00+09:00,2226.0,2232.0,2223.0,2229.0,5900,0.0,0.0
2023-09-15 14:00:00+09:00,2227.0,2235.0,2225.0,2228.0,11100,0.0,0.0
2023-09-19 09:00:00+09:00,2226.0,2244.0,2202.0,2224.0,30000,0.0,0.0
2023-09-19 10:00:00+09:00,2226.0,2226.0,2203.0,2215.0,18000,0.0,0.0
2023-09-19 11:00:00+09:00,2216.0,2224.0,2216.0,2222.0,0,0.0,0.0
2023-09-19 12:00:00+09:00,2220.0,2222.0,2210.0,2211.0,55500,0.0,0.0
2023-09-19 13:00:00+09:00,2211.0,2223.0,2209.0,2220.0,5400,0.0,0.0
2023-09-19 14:00:00+09:00,2219.0,2230.0,2217.0,2230.0,9100,0.0,0.0
2023-09-20 09:00:00+09:00,2225.0,2232.0,2203.0,2213.0,28500,0.0,0.0
2023-09-20 10:00:00+09:00,2216.0,2220.0,2212.0,2219.0,3700,0.0,0.0
2023-09-20 11:00:00+09:00,2216.0,2216.0,2207.0,2210.0,0,0.0,0.0
2023-09-20 12:00:00+09:00,2206.0,2211.0,2197.0,2198.0,54900,0.0,0.0
2023-09-20 13:00:00+09:00,2201.0,2216.0,2201.0,2214.0,4000,0.0,0.0
2023-09-20 14:00:00+09:00,2210.0,2220.0,2210.0,2217.0,7300,0.0,0.0
2023-09-21 09:00:00+09:00,2218.0,2219.0,2201.0,2206.0,15300,0.0,0.0
2023-09-21 10:00:00+09:00,2208.0,2216.0,2205.0,2205.0,7000,0.0,0.0
2023-09-21 11:00:00+09:00,2203.0,2209.0,2200.0,2209.0,0,0.0,0.0
2023-09-21 12:00:00+09:00,2210.0,2216.0,2204.0,2204.0,41100,0.0,0.0
2023-09-21 13:00:00+09:00,2206.0,2209.0,2201.0,2204.0,4300,0.0,0.0
2023-09-21 14:00:00+09:00,2204.0,2210.0,2200.0,2201.0,11600,0.0,0.0
2023-09-22 09:00:00+09:00,2198.0,2209.0,2184.0,2201.0,22900,0.0,0.0
2023-09-22 10:00:00+09:00,2201.0,2211.0,2192.0,2192.0,7600,0.0,0.0
2023-09-22 11:00:00+09:00,2191.0,2191.0,2171.0,2174.0,0,0.0,0.0
2023-09-22 12:00:00+09:00,2174.0,2187.0,2174.0,2184.0,51600,0.0,0.0
2023-09-22 13:00:00+09:00,2185.0,2190.0,2170.0,2177.0,11300,0.0,0.0
2023-09-22 14:00:00+09:00,2176.0,2200.0,2176.0,2185.0,0,0.0,0.0
2023-09-25 09:00:00+09:00,2182.0,2210.0,2175.0,2193.0,0,0.0,0.0
2023-09-25 10:00:00+09:00,2192.0,2196.0,2186.0,2196.0,5500,0.0,0.0
2023-09-25 11:00:00+09:00,2192.0,2197.0,2192.0,2196.0,0,0.0,0.0
2023-09-25 12:00:00+09:00,2202.0,2214.0,2202.0,2212.0,34800,0.0,0.0
2023-09-25 13:00:00+09:00,2212.0,2229.0,2210.0,2217.0,29200,0.0,0.0
2023-09-25 14:00:00+09:00,2216.0,2227.0,2209.0,2223.0,11800,0.0,0.0
2023-09-26 09:00:00+09:00,2205.0,2240.0,2203.0,2220.0,47800,0.0,0.0
2023-09-26 10:00:00+09:00,2219.0,2223.0,2205.0,2206.0,7900,0.0,0.0
2023-09-26 11:00:00+09:00,2208.0,2211.0,2203.0,2206.0,0,0.0,0.0
2023-09-26 12:00:00+09:00,2212.0,2217.0,2209.0,2212.0,65700,0.0,0.0
2023-09-26 13:00:00+09:00,2212.0,2222.0,2209.0,2209.0,6900,0.0,0.0
2023-09-26 14:00:00+09:00,2210.0,2214.0,2206.0,2213.0,14800,0.0,0.0
2023-09-27 09:00:00+09:00,2178.0,2205.0,2177.0,2205.0,20300,0.0,0.0
2023-09-27 10:00:00+09:00,2207.0,2263.0,2206.0,2249.0,52300,0.0,0.0
2023-09-27 11:00:00+09:00,2249.0,2253.0,2228.0,2228.0,0,0.0,0.0
2023-09-27 12:00:00+09:00,2228.0,2231.0,2221.0,2230.0,81400,0.0,0.0
2023-09-27 13:00:00+09:00,2231.0,2247.0,2231.0,2247.0,12300,0.0,0.0
2023-09-27 14:00:00+09:00,2246.0,2249.0,2224.0,2237.0,36100,0.0,0.0
2023-09-28 09:00:00+09:00,2125.0,2132.0,1987.0,2059.0,147800,0.0,0.0
2023-09-28 10:00:00+09:00,2053.0,2098.0,2052.0,2089.0,37500,0.0,0.0
2023-09-28 11:00:00+09:00,2089.0,2099.0,2082.0,2082.0,0,0.0,0.0
2023-09-28 12:00:00+09:00,2076.0,2076.0,2051.0,2056.0,215800,0.0,0.0
2023-09-28 13:00:00+09:00,2052.0,2070.0,2049.0,2070.0,0,0.0,0.0
2023-09-28 14:00:00+09:00,2069.0,2075.0,2061.0,2068.0,249000,0.0,0.0
2023-09-29 09:00:00+09:00,2029.0,2031.0,1951.0,1961.0,71200,0.0,0.0
2023-09-29 10:00:00+09:00,1956.0,1968.0,1951.0,1953.0,19700,0.0,0.0
2023-09-29 11:00:00+09:00,1954.0,1955.0,1951.0,1953.0,0,0.0,0.0
2023-09-29 12:00:00+09:00,1951.0,1958.0,1949.0,1949.0,124600,0.0,0.0
2023-09-29 13:00:00+09:00,1951.0,1951.0,1929.0,1945.0,17900,0.0,0.0
2023-09-29 14:00:00+09:00,1948.0,1980.0,1948.0,1972.0,24900,0.0,0.0
2023-10-02 09:00:00+09:00,1947.0,1994.0,1947.0,1955.0,28200,0.0,0.0
2023-10-02 10:00:00+09:00,1955.0,1962.0,1930.0,1941.0,19200,0.0,0.0
2023-10-02 11:00:00+09:00,1937.0,1940.0,1928.0,1931.0,0,0.0,0.0
2023-10-02 12:00:00+09:00,1928.0,1928.0,1913.0,1920.0,70700,0.0,0.0
2023-10-02 13:00:00+09:00,1920.0,1932.0,1906.0,1912.0,22500,0.0,0.0
2023-10-02 14:00:00+09:00,1911.0,1913.0,1891.0,1898.0,33800,0.0,0.0
2023-10-03 09:00:00+09:00,1869.0,1885.0,1855.0,1863.0,50400,0.0,0.0
2023-10-03 10:00:00+09:00,1862.0,1876.0,1855.0,1859.0,21400,0.0,0.0
2023-10-03 11:00:00+09:00,1857.0,1865.0,1856.0,1862.0,0,0.0,0.0
2023-10-03 12:00:00+09:00,1860.0,1870.0,1851.0,1852.0,88400,0.0,0.0
2023-10-03 13:00:00+09:00,1852.0,1863.0,1845.0,1857.0,20900,0.0,0.0
2023-10-03 14:00:00+09:00,1859.0,1859.0,1841.0,1845.0,28900,0.0,0.0
2023-10-04 09:00:00+09:00,1765.0,1836.0,1750.0,1820.0,57200,0.0,0.0
2023-10-04 10:00:00+09:00,1819.0,1834.0,1813.0,1827.0,25400,0.0,0.0
2023-10-04 11:00:00+09:00,1826.0,1826.0,1818.0,1819.0,0,0.0,0.0
2023-10-04 12:00:00+09:00,1819.0,1827.0,1803.0,1814.0,97700,0.0,0.0
2023-10-04 13:00:00+09:00,1812.0,1831.0,1800.0,1823.0,14400,0.0,0.0
2023-10-04 14:00:00+09:00,1822.0,1833.0,1820.0,1824.0,12700,0.0,0.0
2023-10-05 09:00:00+09:00,1818.0,1854.0,1818.0,1837.0,17800,0.0,0.0
2023-10-05 10:00:00+09:00,1841.0,1853.0,1837.0,1849.0,7400,0.0,0.0
2023-10-05 11:00:00+09:00,1850.0,1851.0,1844.0,1851.0,0,0.0,0.0
2023-10-05 12:00:00+09:00,1851.0,1875.0,1851.0,1873.0,38300,0.0,0.0
2023-10-05 13:00:00+09:00,1875.0,1888.0,1875.0,1884.0,8200,0.0,0.0
2023-10-05 14:00:00+09:00,1885.0,1906.0,1881.0,1893.0,24000,0.0,0.0
2023-10-06 09:00:00+09:00,1883.0,1954.0,1883.0,1952.0,22400,0.0,0.0
2023-10-06 10:00:00+09:00,1952.0,1971.0,1950.0,1950.0,13900,0.0,0.0
2023-10-06 11:00:00+09:00,1951.0,1954.0,1936.0,1947.0,0,0.0,0.0
2023-10-06 12:00:00+09:00,1942.0,1954.0,1942.0,1954.0,46900,0.0,0.0
2023-10-06 13:00:00+09:00,1958.0,1958.0,1944.0,1950.0,8900,0.0,0.0
2023-10-06 14:00:00+09:00,1949.0,1960.0,1947.0,1960.0,10300,0.0,0.0
2023-10-10 09:00:00+09:00,1964.0,1990.0,1944.0,1984.0,25800,0.0,0.0
2023-10-10 10:00:00+09:00,1986.0,1988.0,1970.0,1971.0,8300,0.0,0.0
2023-10-10 11:00:00+09:00,1973.0,1976.0,1973.0,1976.0,0,0.0,0.0
2023-10-10 12:00:00+09:00,1976.0,1978.0,1973.0,1978.0,38200,0.0,0.0
2023-10-10 13:00:00+09:00,1980.0,1984.0,1966.0,1969.0,9600,0.0,0.0
2023-10-10 14:00:00+09:00,1969.0,1974.0,1958.0,1972.0,22700,0.0,0.0
2023-10-11 09:00:00+09:00,1981.0,1992.0,1961.0,1967.0,15200,0.0,0.0
2023-10-11 10:00:00+09:00,1964.0,1964.0,1944.0,1958.0,5200,0.0,0.0
2023-10-11 11:00:00+09:00,1957.0,1957.0,1948.0,1952.0,0,0.0,0.0
2023-10-11 12:00:00+09:00,1952.0,1953.0,1947.0,1950.0,25600,0.0,0.0
2023-10-11 13:00:00+09:00,1949.0,1949.0,1937.0,1939.0,9200,0.0,0.0
2023-10-11 14:00:00+09:00,1938.0,1959.0,1938.0,1956.0,12900,0.0,0.0
2023-10-12 09:00:00+09:00,1960.0,1974.0,1909.0,1918.0,25900,0.0,0.0
2023-10-12 10:00:00+09:00,1924.0,1924.0,1909.0,1918.0,6400,0.0,0.0
2023-10-12 11:00:00+09:00,1919.0,1927.0,1913.0,1913.0,0,0.0,0.0
2023-10-12 12:00:00+09:00,1913.0,1916.0,1906.0,1906.0,44500,0.0,0.0
2023-10-12 13:00:00+09:00,1909.0,1917.0,1904.0,1913.0,6900,0.0,0.0
2023-10-12 14:00:00+09:00,1914.0,1926.0,1912.0,1918.0,9400,0.0,0.0
2023-10-13 09:00:00+09:00,1890.0,1911.0,1890.0,1905.0,19300,0.0,0.0
2023-10-13 10:00:00+09:00,1903.0,1903.0,1894.0,1894.0,0,0.0,0.0
2023-10-13 11:00:00+09:00,1895.0,1896.0,1884.0,1884.0,0,0.0,0.0
2023-10-13 12:00:00+09:00,1877.0,1892.0,1875.0,1892.0,33900,0.0,0.0
2023-10-13 13:00:00+09:00,1893.0,1895.0,1879.0,1880.0,8800,0.0,0.0
2023-10-13 14:00:00+09:00,1881.0,1887.0,1881.0,1883.0,6400,0.0,0.0
2023-10-16 09:00:00+09:00,1865.0,1872.0,1843.0,1861.0,15900,0.0,0.0
2023-10-16 10:00:00+09:00,1864.0,1879.0,1859.0,1875.0,5400,0.0,0.0
2023-10-16 11:00:00+09:00,1875.0,1875.0,1862.0,1870.0,0,0.0,0.0
2023-10-16 12:00:00+09:00,1870.0,1870.0,1861.0,1861.0,24700,0.0,0.0
2023-10-16 13:00:00+09:00,1860.0,1874.0,1860.0,1868.0,6600,0.0,0.0
2023-10-16 14:00:00+09:00,1867.0,1873.0,1860.0,1868.0,10400,0.0,0.0
2023-10-17 09:00:00+09:00,1870.0,1887.0,1869.0,1869.0,13700,0.0,0.0
2023-10-17 10:00:00+09:00,1871.0,1872.0,1850.0,1850.0,7500,0.0,0.0
2023-10-17 11:00:00+09:00,1850.0,1850.0,1842.0,1842.0,0,0.0,0.0
2023-10-17 12:00:00+09:00,1840.0,1846.0,1836.0,1846.0,30800,0.0,0.0
2023-10-17 13:00:00+09:00,1844.0,1847.0,1831.0,1838.0,11000,0.0,0.0
2023-10-17 14:00:00+09:00,1837.0,1850.0,1836.0,1845.0,10300,0.0,0.0
2023-10-18 09:00:00+09:00,1850.0,1863.0,1833.0,1841.0,0,0.0,0.0
2023-10-18 10:00:00+09:00,1840.0,1850.0,1839.0,1847.0,12700,0.0,0.0
2023-10-18 11:00:00+09:00,1844.0,1848.0,1841.0,1841.0,0,0.0,0.0
2023-10-18 12:00:00+09:00,1842.0,1845.0,1835.0,1840.0,16300,0.0,0.0
2023-10-18 13:00:00+09:00,1840.0,1852.0,1835.0,1837.0,10200,0.0,0.0
2023-10-18 14:00:00+09:00,1835.0,1847.0,1834.0,1842.0,4900,0.0,0.0
2023-10-19 09:00:00+09:00,1820.0,1839.0,1808.0,1839.0,0,0.0,0.0
2023-10-19 10:00:00+09:00,1839.0,1844.0,1831.0,1836.0,22700,0.0,0.0
2023-10-19 11:00:00+09:00,1834.0,1835.0,1828.0,1833.0,0,0.0,0.0
2023-10-19 12:00:00+09:00,1813.0,1828.0,1813.0,1814.0,38100,0.0,0.0
2023-10-19 13:00:00+09:00,1816.0,1833.0,1811.0,1831.0,9600,0.0,0.0
2023-10-19 14:00:00+09:00,1830.0,1832.0,1824.0,1825.0,4600,0.0,0.0
2023-10-20 09:00:00+09:00,1820.0,1827.0,1801.0,1801.0,6600,0.0,0.0
2023-10-20 10:00:00+09:00,1800.0,1813.0,1795.0,1813.0,7800,0.0,0.0
2023-10-20 11:00:00+09:00,1815.0,1823.0,1815.0,1823.0,0,0.0,0.0
2023-10-20 12:00:00+09:00,1823.0,1833.0,1823.0,1832.0,17900,0.0,0.0
2023-10-20 13:00:00+09:00,1831.0,1840.0,1825.0,1838.0,6900,0.0,0.0
2023-10-20 14:00:00+09:00,1836.0,1841.0,1833.0,1837.0,5800,0.0,0.0
2023-10-23 09:00:00+09:00,1840.0,1875.0,1834.0,1875.0,10600,0.0,0.0
2023-10-23 10:00:00+09:00,1878.0,1879.0,1867.0,1873.0,2500,0.0,0.0
2023-10-23 11:00:00+09:00,1873.0,1874.0,1860.0,1869.0,0,0.0,0.0
2023-10-23 12:00:00+09:00,1874.0,1875.0,1869.0,1872.0,22400,0.0,0.0
2023-10-23 13:00:00+09:00,1870.0,1878.0,1865.0,1877.0,6500,0.0,0.0
2023-10-23 14:00:00+09:00,1877.0,1885.0,1872.0,1872.0,13100,0.0,0.0
2023-10-24 09:00:00+09:00,1867.0,1884.0,1846.0,1850.0,9700,0.0,0.0
2023-10-24 10:00:00+09:00,1848.0,1851.0,1824.0,1836.0,8000,0.0,0.0
2023-10-24 11:00:00+09:00,1839.0,1860.0,1838.0,1855.0,0,0.0,0.0
2023-10-24 12:00:00+09:00,1855.0,1864.0,1848.0,1856.0,23500,0.0,0.0
2023-10-24 13:00:00+09:00,1859.0,1872.0,1859.0,1872.0,4000,0.0,0.0
2023-10-24 14:00:00+09:00,1872.0,1881.0,1869.0,1879.0,6700,0.0,0.0
2023-10-25 09:00:00+09:00,1894.0,1910.0,1882.0,1895.0,15600,0.0,0.0
2023-10-25 10:00:00+09:00,1899.0,1904.0,1894.0,1897.0,6100,0.0,0.0
2023-10-25 11:00:00+09:00,1901.0,1905.0,1901.0,1905.0,0,0.0,0.0
2023-10-25 12:00:00+09:00,1902.0,1905.0,1897.0,1898.0,25200,0.0,0.0
2023-10-25 13:00:00+09:00,1900.0,1913.0,1900.0,1910.0,5200,0.0,0.0
2023-10-25 14:00:00+09:00,1913.0,1913.0,1896.0,1896.0,8800,0.0,0.0
2023-10-26 09:00:00+09:00,1870.0,1906.0,1870.0,1897.0,11400,0.0,0.0
2023-10-26 10:00:00+09:00,1897.0,1910.0,1891.0,1898.0,7500,0.0,0.0
2023-10-26 11:00:00+09:00,1899.0,1900.0,1886.0,1888.0,0,0.0,0.0
2023-10-26 12:00:00+09:00,1890.0,1906.0,1890.0,1895.0,24500,0.0,0.0
2023-10-26 13:00:00+09:00,1897.0,1901.0,1885.0,1885.0,7700,0.0,0.0
2023-10-26 14:00:00+09:00,1882.0,1891.0,1880.0,1889.0,7500,0.0,0.0
2023-10-27 09:00:00+09:00,1889.0,1901.0,1877.0,1899.0,17000,0.0,0.0
2023-10-27 10:00:00+09:00,1900.0,1910.0,1898.0,1903.0,5200,0.0,0.0
2023-10-27 11:00:00+09:00,1903.0,1910.0,1901.0,1901.0,0,0.0,0.0
2023-10-27 12:00:00+09:00,1901.0,1908.0,1897.0,1897.0,30100,0.0,0.0
2023-10-27 13:00:00+09:00,1897.0,1915.0,1897.0,1915.0,3700,0.0,0.0
2023-10-27 14:00:00+09:00,1914.0,1928.0,1912.0,1928.0,9100,0.0,0.0
2023-10-30 09:00:00+09:00,1901.0,1933.0,1901.0,1933.0,11400,0.0,0.0
2023-10-30 10:00:00+09:00,1935.0,1944.0,1933.0,1940.0,8300,0.0,0.0
2023-10-30 11:00:00+09:00,1934.0,1938.0,1933.0,1933.0,0,0.0,0.0
2023-10-30 12:00:00+09:00,1939.0,1942.0,1927.0,1927.0,32900,0.0,0.0
2023-10-30 13:00:00+09:00,1924.0,1924.0,1909.0,1913.0,5900,0.0,0.0
2023-10-30 14:00:00+09:00,1912.0,1912.0,1895.0,1895.0,10800,0.0,0.0
2023-10-31 09:00:00+09:00,1919.0,1926.0,1881.0,1921.0,12600,0.0,0.0
2023-10-31 10:00:00+09:00,1921.0,1933.0,1917.0,1929.0,4900,0.0,0.0
2023-10-31 11:00:00+09:00,1927.0,1927.0,1914.0,1923.0,0,0.0,0.0
2023-10-31 12:00:00+09:00,1934.0,1942.0,1927.0,1938.0,28400,0.0,0.0
2023-10-31 13:00:00+09:00,1941.0,1951.0,1934.0,1944.0,10200,0.0,0.0
2023-10-31 14:00:00+09:00,1941.0,1952.0,1940.0,1952.0,7500,0.0,0.0
2023-11-01 09:00:00+09:00,1983.0,1988.0,1947.0,1973.0,14300,0.0,0.0
2023-11-01 10:00:00+09:00,1971.0,1982.0,1954.0,1958.0,5900,0.0,0.0
2023-11-01 11:00:00+09:00,1953.0,1956.0,1952.0,1954.0,0,0.0,0.0
2023-11-01 12:00:00+09:00,1954.0,1957.0,1950.0,1952.0,25700,0.0,0.0
2023-11-01 13:00:00+09:00,1953.0,1956.0,1949.0,1954.0,3600,0.0,0.0
2023-11-01 14:00:00+09:00,1952.0,1968.0,1950.0,1968.0,7700,0.0,0.0
2023-11-02 09:00:00+09:00,1986.0,1986.0,1950.0,1951.0,11600,0.0,0.0
2023-11-02 10:00:00+09:00,1954.0,1954.0,1920.0,1921.0,7100,0.0,0.0
2023-11-02 11:00:00+09:00,1921.0,1921.0,1895.0,1896.0,0,0.0,0.0
2023-11-02 12:00:00+09:00,1901.0,1905.0,1891.0,1892.0,36900,0.0,0.0
2023-11-02 13:00:00+09:00,1891.0,1896.0,1888.0,1894.0,7500,0.0,0.0
2023-11-02 14:00:00+09:00,1894.0,1905.0,1892.0,1900.0,6800,0.0,0.0
2023-11-06 09:00:00+09:00,1972.0,1985.0,1948.0,1980.0,39800,0.0,0.0
2023-11-06 10:00:00+09:00,1981.0,1981.0,1971.0,1971.0,12800,0.0,0.0
2023-11-06 11:00:00+09:00,1974.0,1989.0,1973.0,1984.0,0,0.0,0.0
2023-11-06 12:00:00+09:00,1984.0,1998.0,1980.0,1994.0,78300,0.0,0.0
2023-11-06 13:00:00+09:00,1993.0,1999.0,1988.0,1991.0,10900,0.0,0.0
2023-11-06 14:00:00+09:00,1989.0,1989.0,1978.0,1981.0,9000,0.0,0.0
2023-11-07 09:00:00+09:00,1986.0,1986.0,1959.0,1967.0,15600,0.0,0.0
2023-11-07 10:00:00+09:00,1969.0,1980.0,1958.0,1958.0,8500,0.0,0.0
2023-11-07 11:00:00+09:00,1964.0,1964.0,1948.0,1951.0,0,0.0,0.0
2023-11-07 12:00:00+09:00,1961.0,1961.0,1933.0,1939.0,44900,0.0,0.0
2023-11-07 13:00:00+09:00,1939.0,1948.0,1938.0,1946.0,5300,0.0,0.0
2023-11-07 14:00:00+09:00,1948.0,1953.0,1945.0,1949.0,10400,0.0,0.0
2023-11-08 09:00:00+09:00,1951.0,1961.0,1908.0,1908.0,22300,0.0,0.0
2023-11-08 10:00:00+09:00,1910.0,1917.0,1903.0,1913.0,6200,0.0,0.0
2023-11-08 11:00:00+09:00,1910.0,1913.0,1902.0,1903.0,0,0.0,0.0
2023-11-08 12:00:00+09:00,1918.0,1918.0,1882.0,1890.0,42500,0.0,0.0
2023-11-08 13:00:00+09:00,1892.0,1921.0,1892.0,1918.0,12800,0.0,0.0
2023-11-08 14:00:00+09:00,1917.0,1922.0,1900.0,1905.0,18800,0.0,0.0
2023-11-09 09:00:00+09:00,1914.0,1928.0,1854.0,1862.0,41300,0.0,0.0
2023-11-09 10:00:00+09:00,1862.0,1862.0,1830.0,1835.0,32900,0.0,0.0
2023-11-09 11:00:00+09:00,1834.0,1841.0,1825.0,1827.0,0,0.0,0.0
2023-11-09 12:00:00+09:00,1828.0,1865.0,1828.0,1854.0,97700,0.0,0.0
2023-11-09 13:00:00+09:00,1854.0,1863.0,1848.0,1857.0,14900,0.0,0.0
2023-11-09 14:00:00+09:00,1862.0,1889.0,1862.0,1876.0,38800,0.0,0.0
2023-11-10 09:00:00+09:00,1825.0,1835.0,1762.0,1805.0,83900,0.0,0.0
2023-11-10 10:00:00+09:00,1808.0,1840.0,1792.0,1800.0,28200,0.0,0.0
2023-11-10 11:00:00+09:00,1799.0,1821.0,1794.0,1800.0,0,0.0,0.0
2023-11-10 12:00:00+09:00,1800.0,1820.0,1797.0,1808.0,140000,0.0,0.0
2023-11-10 13:00:00+09:00,1808.0,1821.0,1808.0,1814.0,14400,0.0,0.0
2023-11-10 14:00:00+09:00,1815.0,1849.0,1813.0,1849.0,38200,0.0,0.0
2023-11-13 09:00:00+09:00,1845.0,1889.0,1840.0,1889.0,0,0.0,0.0
2023-11-13 10:00:00+09:00,1888.0,1923.0,1888.0,1920.0,53700,0.0,0.0
2023-11-13 11:00:00+09:00,1919.0,1924.0,1916.0,1916.0,0,0.0,0.0
2023-11-13 12:00:00+09:00,1923.0,1923.0,1886.0,1896.0,70300,0.0,0.0
2023-11-13 13:00:00+09:00,1889.0,1901.0,1886.0,1899.0,8500,0.0,0.0
2023-11-13 14:00:00+09:00,1900.0,1912.0,1898.0,1907.0,13900,0.0,0.0
2023-11-14 09:00:00+09:00,1896.0,1896.0,1864.0,1865.0,0,0.0,0.0
2023-11-14 10:00:00+09:00,1865.0,1874.0,1862.0,1870.0,25100,0.0,0.0
2023-11-14 11:00:00+09:00,1870.0,1870.0,1847.0,1858.0,0,0.0,0.0
2023-11-14 12:00:00+09:00,1853.0,1865.0,1850.0,1864.0,47200,0.0,0.0
2023-11-14 13:00:00+09:00,1865.0,1869.0,1857.0,1868.0,6300,0.0,0.0
2023-11-14 14:00:00+09:00,1868.0,1887.0,1868.0,1879.0,9700,0.0,0.0
2023-11-15 09:00:00+09:00,1896.0,1923.0,1884.0,1900.0,19700,0.0,0.0
2023-11-15 10:00:00+09:00,1897.0,1901.0,1887.0,1893.0,10400,0.0,0.0
2023-11-15 11:00:00+09:00,1891.0,1892.0,1882.0,1888.0,0,0.0,0.0
2023-11-15 12:00:00+09:00,1881.0,1895.0,1881.0,1895.0,37900,0.0,0.0
2023-11-15 13:00:00+09:00,1896.0,1899.0,1888.0,1889.0,2500,0.0,0.0
2023-11-15 14:00:00+09:00,1889.0,1893.0,1883.0,1883.0,5500,0.0,0.0
2023-11-16 09:00:00+09:00,1885.0,1896.0,1871.0,1884.0,12000,0.0,0.0
2023-11-16 10:00:00+09:00,1887.0,1894.0,1880.0,1890.0,5100,0.0,0.0
2023-11-16 11:00:00+09:00,1890.0,1900.0,1886.0,1900.0,0,0.0,0.0
2023-11-16 12:00:00+09:00,1899.0,1903.0,1898.0,1898.0,25200,0.0,0.0
2023-11-16 13:00:00+09:00,1898.0,1906.0,1897.0,1900.0,3400,0.0,0.0
2023-11-16 14:00:00+09:00,1905.0,1919.0,1901.0,1919.0,9900,0.0,0.0
2023-11-17 09:00:00+09:00,1932.0,2037.0,1921.0,2020.0,92300,0.0,0.0
2023-11-17 10:00:00+09:00,2024.0,2036.0,2011.0,2036.0,19500,0.0,0.0
2023-11-17 11:00:00+09:00,2037.0,2041.0,2028.0,2028.0,0,0.0,0.0
2023-11-17 12:00:00+09:00,2028.0,2036.0,2010.0,2023.0,138000,0.0,0.0
2023-11-17 13:00:00+09:00,2023.0,2029.0,2016.0,2026.0,7200,0.0,0.0
2023-11-17 14:00:00+09:00,2027.0,2032.0,2018.0,2031.0,17600,0.0,0.0
2023-11-20 09:00:00+09:00,2031.0,2048.0,1993.0,2028.0,0,0.0,0.0
2023-11-20 10:00:00+09:00,2026.0,2026.0,1998.0,2009.0,32800,0.0,0.0
2023-11-20 11:00:00+09:00,2008.0,2008.0,1998.0,2004.0,0,0.0,0.0
2023-11-20 12:00:00+09:00,2004.0,2005.0,1996.0,1998.0,38100,0.0,0.0
2023-11-20 13:00:00+09:00,1996.0,2004.0,1995.0,1995.0,6900,0.0,0.0
2023-11-20 14:00:00+09:00,1995.0,2007.0,1995.0,2006.0,6500,0.0,0.0
2023-11-21 09:00:00+09:00,2019.0,2019.0,1998.0,2002.0,0,0.0,0.0
2023-11-21 10:00:00+09:00,1998.0,2010.0,1994.0,2010.0,11000,0.0,0.0
2023-11-21 11:00:00+09:00,2010.0,2010.0,1984.0,1984.0,0,0.0,0.0
2023-11-21 12:00:00+09:00,1989.0,1989.0,1973.0,1978.0,21600,0.0,0.0
2023-11-21 13:00:00+09:00,1977.0,1979.0,1973.0,1979.0,3300,0.0,0.0
2023-11-21 14:00:00+09:00,1978.0,1989.0,1978.0,1981.0,6200,0.0,0.0
2023-11-22 09:00:00+09:00,1974.0,2007.0,1964.0,2007.0,9000,0.0,0.0
2023-11-22 10:00:00+09:00,2004.0,2004.0,1989.0,1989.0,3600,0.0,0.0
2023-11-22 11:00:00+09:00,1989.0,1990.0,1983.0,1990.0,0,0.0,0.0
2023-11-22 12:00:00+09:00,1988.0,1988.0,1970.0,1970.0,17100,0.0,0.0
2023-11-22 13:00:00+09:00,1977.0,1988.0,1971.0,1983.0,3600,0.0,0.0
2023-11-22 14:00:00+09:00,1990.0,1990.0,1974.0,1986.0,5400,0.0,0.0
2023-11-24 09:00:00+09:00,1995.0,1995.0,1974.0,1986.0,7200,0.0,0.0
2023-11-24 10:00:00+09:00,1986.0,1990.0,1979.0,1990.0,2900,0.0,0.0
2023-11-24 11:00:00+09:00,1983.0,1985.0,1980.0,1980.0,0,0.0,0.0
2023-11-24 12:00:00+09:00,1980.0,1984.0,1979.0,1984.0,12100,0.0,0.0
2023-11-24 13:00:00+09:00,1980.0,1980.0,1978.0,1978.0,700,0.0,0.0
2023-11-24 14:00:00+09:00,1978.0,1984.0,1977.0,1977.0,3000,0.0,0.0
2023-11-27 09:00:00+09:00,1985.0,2012.0,1982.0,1985.0,0,0.0,0.0
2023-11-27 10:00:00+09:00,1986.0,1995.0,1985.0,1989.0,17900,0.0,0.0
2023-11-27 11:00:00+09:00,1990.0,1990.0,1990.0,1990.0,0,0.0,0.0
2023-11-27 12:00:00+09:00,1990.0,1991.0,1977.0,1981.0,22800,0.0,0.0
2023-11-27 13:00:00+09:00,1981.0,1983.0,1978.0,1978.0,1300,0.0,0.0
2023-11-27 14:00:00+09:00,1983.0,1984.0,1975.0,1975.0,6600,0.0,0.0
2023-11-28 09:00:00+09:00,1983.0,1994.0,1974.0,1989.0,4700,0.0,0.0
2023-11-28 10:00:00+09:00,1990.0,2010.0,1989.0,2007.0,7600,0.0,0.0
2023-11-28 11:00:00+09:00,2004.0,2012.0,2001.0,2001.0,0,0.0,0.0
2023-11-28 12:00:00+09:00,2001.0,2001.0,1994.0,1994.0,18800,0.0,0.0
2023-11-28 13:00:00+09:00,1994.0,1994.0,1990.0,1994.0,1000,0.0,0.0
2023-11-28 14:00:00+09:00,1994.0,1995.0,1984.0,1995.0,2700,0.0,0.0
2023-11-29 09:00:00+09:00,2001.0,2015.0,1996.0,1998.0,6600,0.0,0.0
2023-11-29 10:00:00+09:00,2000.0,2010.0,1998.0,2001.0,4600,0.0,0.0
2023-11-29 11:00:00+09:00,2001.0,2005.0,1991.0,1991.0,0,0.0,0.0
2023-11-29 12:00:00+09:00,1991.0,2000.0,1991.0,1998.0,18200,0.0,0.0
2023-11-29 13:00:00+09:00,1995.0,2000.0,1995.0,1995.0,700,0.0,0.0
2023-11-29 14:00:00+09:00,1994.0,1997.0,1988.0,1997.0,8200,0.0,0.0
2023-11-30 09:00:00+09:00,1996.0,1996.0,1960.0,1972.0,11700,0.0,0.0
2023-11-30 10:00:00+09:00,1967.0,1976.0,1963.0,1976.0,3300,0.0,0.0
2023-11-30 11:00:00+09:00,1982.0,1990.0,1982.0,1987.0,0,0.0,0.0
2023-11-30 12:00:00+09:00,1984.0,1989.0,1984.0,1989.0,18400,0.0,0.0
2023-11-30 13:00:00+09:00,1989.0,2010.0,1986.0,2007.0,10400,0.0,0.0
2023-11-30 14:00:00+09:00,2007.0,2019.0,2007.0,2018.0,12100,0.0,0.0
2023-12-01 09:00:00+09:00,2023.0,2065.0,2015.0,2052.0,0,0.0,0.0
2023-12-01 10:00:00+09:00,2051.0,2055.0,2048.0,2052.0,26000,0.0,0.0
2023-12-01 11:00:00+09:00,2054.0,2056.0,2052.0,2052.0,0,0.0,0.0
2023-12-01 12:00:00+09:00,2052.0,2055.0,2036.0,2039.0,29500,0.0,0.0
2023-12-01 13:00:00+09:00,2039.0,2040.0,2036.0,2040.0,1300,0.0,0.0
2023-12-01 14:00:00+09:00,2038.0,2038.0,2032.0,2032.0,2900,0.0,0.0
2023-12-04 09:00:00+09:00,2031.0,2031.0,2007.0,2018.0,8100,0.0,0.0
2023-12-04 10:00:00+09:00,2018.0,2022.0,2011.0,2011.0,2300,0.0,0.0
2023-12-04 11:00:00+09:00,2007.0,2009.0,2004.0,2006.0,0,0.0,0.0
2023-12-04 12:00:00+09:00,2004.0,2010.0,2000.0,2010.0,14400,0.0,0.0
2023-12-04 13:00:00+09:00,2013.0,2014.0,2009.0,2014.0,2100,0.0,0.0
2023-12-04 14:00:00+09:00,2011.0,2025.0,2005.0,2025.0,6000,0.0,0.0
2023-12-05 09:00:00+09:00,2019.0,2022.0,2002.0,2015.0,3300,0.0,0.0
2023-12-05 10:00:00+09:00,2014.0,2014.0,2004.0,2010.0,3000,0.0,0.0
2023-12-05 11:00:00+09:00,2010.0,2010.0,2010.0,2010.0,0,0.0,0.0
2023-12-05 12:00:00+09:00,2010.0,2010.0,2007.0,2007.0,7800,0.0,0.0
2023-12-05 13:00:00+09:00,2006.0,2015.0,2006.0,2009.0,1400,0.0,0.0
2023-12-05 14:00:00+09:00,2010.0,2013.0,2004.0,2013.0,4300,0.0,0.0
2023-12-06 09:00:00+09:00,2029.0,2043.0,2024.0,2032.0,8000,0.0,0.0
2023-12-06 10:00:00+09:00,2030.0,2030.0,2017.0,2017.0,3900,0.0,0.0
2023-12-06 11:00:00+09:00,2017.0,2017.0,2015.0,2015.0,0,0.0,0.0
2023-12-06 12:00:00+09:00,2016.0,2023.0,2015.0,2018.0,20600,0.0,0.0
2023-12-06 13:00:00+09:00,2017.0,2019.0,2013.0,2014.0,2800,0.0,0.0
2023-12-06 14:00:00+09:00,2016.0,2030.0,2016.0,2029.0,6000,0.0,0.0
2023-12-07 09:00:00+09:00,2018.0,2018.0,1998.0,2001.0,12800,0.0,0.0
2023-12-07 10:00:00+09:00,2005.0,2008.0,1998.0,1998.0,4500,0.0,0.0
2023-12-07 11:00:00+09:00,1998.0,2004.0,1998.0,2004.0,0,0.0,0.0
2023-12-07 12:00:00+09:00,2024.0,2024.0,2001.0,2007.0,19100,0.0,0.0
2023-12-07 13:00:00+09:00,2006.0,2009.0,2002.0,2002.0,1200,0.0,0.0
2023-12-07 14:00:00+09:00,2006.0,2006.0,1991.0,2001.0,8800,0.0,0.0
2023-12-08 09:00:00+09:00,1996.0,2003.0,1992.0,1997.0,0,0.0,0.0
2023-12-08 10:00:00+09:00,1996.0,1996.0,1982.0,1983.0,14800,0.0,0.0
2023-12-08 11:00:00+09:00,1982.0,1983.0,1980.0,1983.0,0,0.0,0.0
2023-12-08 12:00:00+09:00,1989.0,1989.0,1981.0,1985.0,18500,0.0,0.0
2023-12-08 13:00:00+09:00,1989.0,1994.0,1986.0,1986.0,3400,0.0,0.0
2023-12-08 14:00:00+09:00,1986.0,1992.0,1982.0,1985.0,4000,0.0,0.0
2023-12-11 09:00:00+09:00,1985.0,2010.0,1985.0,2010.0,6700,0.0,0.0
2023-12-11 10:00:00+09:00,2010.0,2040.0,2010.0,2040.0,20700,0.0,0.0
2023-12-11 11:00:00+09:00,2041.0,2046.0,2030.0,2037.0,0,0.0,0.0
2023-12-11 12:00:00+09:00,2029.0,2034.0,2024.0,2029.0,38200,0.0,0.0
2023-12-11 13:00:00+09:00,2032.0,2052.0,2032.0,2049.0,8800,0.0,0.0
2023-12-11 14:00:00+09:00,2049.0,2054.0,2045.0,2052.0,10100,0.0,0.0
2023-12-12 09:00:00+09:00,2054.0,2068.0,2036.0,2050.0,10400,0.0,0.0
2023-12-12 10:00:00+09:00,2050.0,2050.0,2035.0,2036.0,4300,0.0,0.0
2023-12-12 11:00:00+09:00,2035.0,2040.0,2032.0,2036.0,0,0.0,0.0
2023-12-12 12:00:00+09:00,2040.0,2047.0,2035.0,2047.0,18500,0.0,0.0
2023-12-12 13:00:00+09:00,2047.0,2047.0,2024.0,2025.0,4600,0.0,0.0
2023-12-12 14:00:00+09:00,2027.0,2030.0,2024.0,2027.0,3100,0.0,0.0
2023-12-13 09:00:00+09:00,2032.0,2050.0,2032.0,2050.0,5700,0.0,0.0
2023-12-13 10:00:00+09:00,2048.0,2048.0,2037.0,2037.0,3900,0.0,0.0
2023-12-13 11:00:00+09:00,2035.0,2035.0,2024.0,2025.0,0,0.0,0.0
2023-12-13 12:00:00+09:00,2039.0,2039.0,2022.0,2024.0,13100,0.0,0.0
2023-12-13 13:00:00+09:00,2024.0,2025.0,2011.0,2025.0,3600,0.0,0.0
2023-12-13 14:00:00+09:00,2027.0,2032.0,2021.0,2021.0,2600,0.0,0.0
2023-12-14 09:00:00+09:00,2031.0,2031.0,1987.0,1989.0,10100,0.0,0.0
2023-12-14 10:00:00+09:00,1987.0,1989.0,1980.0,1989.0,4100,0.0,0.0
2023-12-14 11:00:00+09:00,1987.0,1991.0,1985.0,1985.0,0,0.0,0.0
2023-12-14 12:00:00+09:00,1995.0,1995.0,1970.0,1974.0,26400,0.0,0.0
2023-12-14 13:00:00+09:00,1971.0,1986.0,1970.0,1978.0,5900,0.0,0.0
2023-12-14 14:00:00+09:00,1982.0,1992.0,1982.0,1988.0,4400,0.0,0.0
2023-12-15 09:00:00+09:00,2009.0,2009.0,1976.0,1976.0,11300,0.0,0.0
2023-12-15 10:00:00+09:00,1976.0,1997.0,1975.0,1993.0,3100,0.0,0.0
2023-12-15 11:00:00+09:00,1991.0,1996.0,1988.0,1990.0,0,0.0,0.0
2023-12-15 12:00:00+09:00,1990.0,1990.0,1979.0,1981.0,18900,0.0,0.0
2023-12-15 13:00:00+09:00,1980.0,1982.0,1970.0,1970.0,4400,0.0,0.0
2023-12-15 14:00:00+09:00,1965.0,1973.0,1961.0,1967.0,11900,0.0,0.0
2023-12-18 09:00:00+09:00,1943.0,1954.0,1920.0,1933.0,0,0.0,0.0
2023-12-18 10:00:00+09:00,1933.0,1934.0,1924.0,1934.0,16100,0.0,0.0
2023-12-18 11:00:00+09:00,1933.0,1942.0,1933.0,1942.0,0,0.0,0.0
2023-12-18 12:00:00+09:00,1942.0,1947.0,1939.0,1939.0,18100,0.0,0.0
2023-12-18 13:00:00+09:00,1947.0,1950.0,1947.0,1949.0,800,0.0,0.0
2023-12-18 14:00:00+09:00,1950.0,1964.0,1950.0,1953.0,3300,0.0,0.0
2023-12-19 09:00:00+09:00,1953.0,1976.0,1952.0,1967.0,4300,0.0,0.0
2023-12-19 10:00:00+09:00,1962.0,1962.0,1958.0,1959.0,1600,0.0,0.0
2023-12-19 11:00:00+09:00,1963.0,1965.0,1960.0,1960.0,0,0.0,0.0
2023-12-19 12:00:00+09:00,1972.0,1984.0,1971.0,1975.0,10500,0.0,0.0
2023-12-19 13:00:00+09:00,1970.0,1973.0,1970.0,1973.0,600,0.0,0.0
2023-12-19 14:00:00+09:00,1975.0,1979.0,1970.0,1975.0,7100,0.0,0.0
2023-12-20 09:00:00+09:00,1980.0,1999.0,1970.0,1999.0,7400,0.0,0.0
2023-12-20 10:00:00+09:00,1995.0,2004.0,1993.0,2004.0,2400,0.0,0.0
2023-12-20 11:00:00+09:00,2000.0,2000.0,1987.0,1988.0,0,0.0,0.0
2023-12-20 12:00:00+09:00,1982.0,1989.0,1982.0,1989.0,14700,0.0,0.0
2023-12-20 13:00:00+09:00,1986.0,1986.0,1978.0,1983.0,2400,0.0,0.0
2023-12-20 14:00:00+09:00,1987.0,1991.0,1977.0,1977.0,4000,0.0,0.0
2023-12-21 09:00:00+09:00,1970.0,1971.0,1950.0,1968.0,6700,0.0,0.0
2023-12-21 10:00:00+09:00,1970.0,1976.0,1965.0,1966.0,2500,0.0,0.0
2023-12-21 11:00:00+09:00,1960.0,1960.0,1960.0,1960.0,0,0.0,0.0
2023-12-21 12:00:00+09:00,1960.0,1962.0,1960.0,1961.0,10700,0.0,0.0
2023-12-21 13:00:00+09:00,1960.0,1966.0,1959.0,1966.0,3700,0.0,0.0
2023-12-21 14:00:00+09:00,1967.0,1975.0,1965.0,1967.0,4000,0.0,0.0
2023-12-22 09:00:00+09:00,1965.0,2000.0,1964.0,2000.0,7000,0.0,0.0
2023-12-22 10:00:00+09:00,2000.0,2016.0,2000.0,2005.0,4900,0.0,0.0
2023-12-22 11:00:00+09:00,2012.0,2012.0,1999.0,1999.0,0,0.0,0.0
2023-12-22 12:00:00+09:00,2000.0,2006.0,2000.0,2006.0,17000,0.0,0.0
2023-12-22 13:00:00+09:00,2001.0,2001.0,1994.0,1994.0,1700,0.0,0.0
2023-12-22 14:00:00+09:00,1994.0,1994.0,1981.0,1988.0,4200,0.0,0.0
2023-12-25 09:00:00+09:00,2000.0,2000.0,1982.0,1985.0,3700,0.0,0.0
2023-12-25 10:00:00+09:00,1987.0,1987.0,1979.0,1981.0,2200,0.0,0.0
2023-12-25 11:00:00+09:00,1982.0,1983.0,1982.0,1982.0,0,0.0,0.0
2023-12-25 12:00:00+09:00,1982.0,1982.0,1972.0,1972.0,10400,0.0,0.0
2023-12-25 13:00:00+09:00,1977.0,1977.0,1972.0,1973.0,1200,0.0,0.0
2023-12-25 14:00:00+09:00,1978.0,1982.0,1972.0,1982.0,3300,0.0,0.0
2023-12-26 09:00:00+09:00,1970.0,2006.0,1970.0,2006.0,9900,0.0,0.0
2023-12-26 10:00:00+09:00,2006.0,2016.0,2006.0,2006.0,4900,0.0,0.0
2023-12-26 11:00:00+09:00,2004.0,2006.0,2004.0,2006.0,0,0.0,0.0
2023-12-26 12:00:00+09:00,2007.0,2007.0,1995.0,1995.0,17200,0.0,0.0
2023-12-26 13:00:00+09:00,1992.0,1994.0,1990.0,1990.0,500,0.0,0.0
2023-12-26 14:00:00+09:00,1995.0,1999.0,1991.0,1995.0,1400,0.0,0.0
2023-12-27 09:00:00+09:00,2006.0,2026.0,1990.0,2020.0,10600,0.0,0.0
2023-12-27 10:00:00+09:00,2015.0,2015.0,2009.0,2009.0,1300,0.0,0.0
2023-12-27 11:00:00+09:00,2003.0,2003.0,2001.0,2003.0,0,0.0,0.0
2023-12-27 12:00:00+09:00,1991.0,2001.0,1991.0,1999.0,13700,0.0,0.0
2023-12-27 13:00:00+09:00,2002.0,2002.0,1993.0,1993.0,2800,0.0,0.0
2023-12-27 14:00:00+09:00,1994.0,2002.0,1993.0,2002.0,3300,0.0,0.0
2023-12-28 09:00:00+09:00,2010.0,2056.0,2005.0,2041.0,22400,0.0,0.0
2023-12-28 10:00:00+09:00,2040.0,2048.0,2036.0,2041.0,3200,0.0,0.0
2023-12-28 11:00:00+09:00,2038.0,2038.0,2027.0,2035.0,0,0.0,0.0
2023-12-28 12:00:00+09:00,2035.0,2036.0,2031.0,2031.0,29900,0.0,0.0
2023-12-28 13:00:00+09:00,2029.0,2042.0,2029.0,2038.0,3400,0.0,0.0
2023-12-28 14:00:00+09:00,2045.0,2049.0,2033.0,2038.0,10400,0.0,0.0
2023-12-29 09:00:00+09:00,2034.0,2034.0,2009.0,2031.0,0,0.0,0.0
2023-12-29 10:00:00+09:00,2031.0,2035.0,2030.0,2035.0,900,0.0,0.0
2023-12-29 11:00:00+09:00,2030.0,2036.0,2028.0,2032.0,0,0.0,0.0
2023-12-29 12:00:00+09:00,2036.0,2037.0,2025.0,2027.0,15400,0.0,0.0
2023-12-29 13:00:00+09:00,2027.0,2030.0,2023.0,2030.0,2700,0.0,0.0
2023-12-29 14:00:00+09:00,2030.0,2039.0,2028.0,2039.0,4400,0.0,0.0
2024-01-04 09:00:00+09:00,2039.0,2050.0,2023.0,2050.0,11400,0.0,0.0
2024-01-04 10:00:00+09:00,2051.0,2067.0,2050.0,2062.0,15100,0.0,0.0
2024-01-04 11:00:00+09:00,2062.0,2065.0,2060.0,2062.0,0,0.0,0.0
2024-01-04 12:00:00+09:00,2065.0,2065.0,2056.0,2058.0,30700,0.0,0.0
2024-01-04 13:00:00+09:00,2052.0,2058.0,2052.0,2058.0,1900,0.0,0.0
2024-01-04 14:00:00+09:00,2058.0,2065.0,2054.0,2062.0,9300,0.0,0.0
2024-01-05 09:00:00+09:00,2077.0,2077.0,2045.0,2066.0,10600,0.0,0.0
2024-01-05 10:00:00+09:00,2066.0,2066.0,2052.0,2052.0,3100,0.0,0.0
2024-01-05 11:00:00+09:00,2057.0,2059.0,2046.0,2046.0,0,0.0,0.0
2024-01-05 12:00:00+09:00,2050.0,2050.0,2048.0,2048.0,17800,0.0,0.0
2024-01-05 13:00:00+09:00,2047.0,2055.0,2047.0,2053.0,4400,0.0,0.0
2024-01-05 14:00:00+09:00,2055.0,2069.0,2055.0,2069.0,5100,0.0,0.0
2024-01-09 09:00:00+09:00,2074.0,2128.0,2074.0,2109.0,32800,0.0,0.0
2024-01-09 10:00:00+09:00,2113.0,2124.0,2110.0,2118.0,7900,0.0,0.0
2024-01-09 11:00:00+09:00,2117.0,2123.0,2113.0,2121.0,0,0.0,0.0
2024-01-09 12:00:00+09:00,2123.0,2137.0,2121.0,2128.0,55500,0.0,0.0
2024-01-09 13:00:00+09:00,2128.0,2134.0,2126.0,2132.0,3200,0.0,0.0
2024-01-09 14:00:00+09:00,2133.0,2136.0,2130.0,2135.0,4000,0.0,0.0
2024-01-10 09:00:00+09:00,2136.0,2139.0,2125.0,2133.0,5500,0.0,0.0
2024-01-10 10:00:00+09:00,2136.0,2145.0,2127.0,2142.0,4500,0.0,0.0
2024-01-10 11:00:00+09:00,2138.0,2142.0,2134.0,2134.0,0,0.0,0.0
2024-01-10 12:00:00+09:00,2134.0,2136.0,2129.0,2136.0,13200,0.0,0.0
2024-01-10 13:00:00+09:00,2132.0,2140.0,2128.0,2140.0,3500,0.0,0.0
2024-01-10 14:00:00+09:00,2142.0,2163.0,2142.0,2153.0,15300,0.0,0.0
2024-01-11 09:00:00+09:00,2157.0,2161.0,2144.0,2153.0,8900,0.0,0.0
2024-01-11 10:00:00+09:00,2155.0,2155.0,2146.0,2152.0,2400,0.0,0.0
2024-01-11 11:00:00+09:00,2145.0,2146.0,2141.0,2141.0,0,0.0,0.0
2024-01-11 12:00:00+09:00,2140.0,2140.0,2128.0,2128.0,16600,0.0,0.0
2024-01-11 13:00:00+09:00,2135.0,2145.0,2134.0,2145.0,3600,0.0,0.0
2024-01-11 14:00:00+09:00,2145.0,2145.0,2128.0,2128.0,4700,0.0,0.0
2024-01-12 09:00:00+09:00,2123.0,2144.0,2114.0,2114.0,13700,0.0,0.0
2024-01-12 10:00:00+09:00,2114.0,2120.0,2111.0,2116.0,2100,0.0,0.0
2024-01-12 11:00:00+09:00,2118.0,2118.0,2111.0,2111.0,0,0.0,0.0
2024-01-12 12:00:00+09:00,2111.0,2112.0,2106.0,2106.0,19400,0.0,0.0
2024-01-12 13:00:00+09:00,2107.0,2115.0,2107.0,2115.0,3400,0.0,0.0
2024-01-12 14:00:00+09:00,2110.0,2120.0,2110.0,2111.0,4500,0.0,0.0
2024-01-15 09:00:00+09:00,2105.0,2135.0,2105.0,2133.0,7500,0.0,0.0
2024-01-15 10:00:00+09:00,2134.0,2145.0,2132.0,2144.0,7500,0.0,0.0
2024-01-15 11:00:00+09:00,2143.0,2143.0,2141.0,2141.0,0,0.0,0.0
2024-01-15 12:00:00+09:00,2145.0,2150.0,2136.0,2150.0,25900,0.0,0.0
2024-01-15 13:00:00+09:00,2144.0,2146.0,2137.0,2138.0,8500,0.0,0.0
2024-01-15 14:00:00+09:00,2138.0,2142.0,2131.0,2142.0,5000,0.0,0.0
2024-01-16 09:00:00+09:00,2174.0,2228.0,2174.0,2185.0,47600,0.0,0.0
2024-01-16 10:00:00+09:00,2182.0,2193.0,2180.0,2183.0,3200,0.0,0.0
2024-01-16 11:00:00+09:00,2182.0,2198.0,2176.0,2198.0,0,0.0,0.0
2024-01-16 12:00:00+09:00,2197.0,2197.0,2179.0,2190.0,58200,0.0,0.0
2024-01-16 13:00:00+09:00,2198.0,2210.0,2198.0,2202.0,12500,0.0,0.0
2024-01-16 14:00:00+09:00,2209.0,2218.0,2208.0,2215.0,12600,0.0,0.0
2024-01-17 09:00:00+09:00,2200.0,2210.0,2176.0,2210.0,10800,0.0,0.0
2024-01-17 10:00:00+09:00,2202.0,2210.0,2192.0,2197.0,12900,0.0,0.0
2024-01-17 11:00:00+09:00,2199.0,2199.0,2187.0,2193.0,0,0.0,0.0
2024-01-17 12:00:00+09:00,2199.0,2199.0,2183.0,2183.0,34900,0.0,0.0
2024-01-17 13:00:00+09:00,2185.0,2215.0,2185.0,2210.0,8300,0.0,0.0
2024-01-17 14:00:00+09:00,2214.0,2214.0,2184.0,2184.0,6100,0.0,0.0
2024-01-18 09:00:00+09:00,2182.0,2203.0,2182.0,2194.0,9200,0.0,0.0
2024-01-18 10:00:00+09:00,2192.0,2198.0,2186.0,2195.0,4000,0.0,0.0
2024-01-18 11:00:00+09:00,2201.0,2209.0,2200.0,2203.0,0,0.0,0.0
2024-01-18 12:00:00+09:00,2203.0,2203.0,2188.0,2188.0,17500,0.0,0.0
2024-01-18 13:00:00+09:00,2189.0,2189.0,2180.0,2180.0,3700,0.0,0.0
2024-01-18 14:00:00+09:00,2186.0,2192.0,2184.0,2187.0,3700,0.0,0.0
2024-01-19 09:00:00+09:00,2185.0,2200.0,2170.0,2186.0,0,0.0,0.0
2024-01-19 10:00:00+09:00,2182.0,2190.0,2182.0,2190.0,19100,0.0,0.0
2024-01-19 11:00:00+09:00,2189.0,2192.0,2188.0,2190.0,0,0.0,0.0
2024-01-19 12:00:00+09:00,2182.0,2182.0,2182.0,2182.0,21500,0.0,0.0
2024-01-19 13:00:00+09:00,2182.0,2182.0,2169.0,2169.0,6400,0.0,0.0
2024-01-19 14:00:00+09:00,2170.0,2183.0,2170.0,2179.0,1900,0.0,0.0
2024-01-22 09:00:00+09:00,2185.0,2205.0,2180.0,2196.0,8000,0.0,0.0
2024-01-22 10:00:00+09:00,2195.0,2215.0,2195.0,2215.0,13000,0.0,0.0
2024-01-22 11:00:00+09:00,2215.0,2223.0,2205.0,2208.0,0,0.0,0.0
2024-01-22 12:00:00+09:00,2207.0,2207.0,2202.0,2203.0,30100,0.0,0.0
2024-01-22 13:00:00+09:00,2206.0,2207.0,2200.0,2204.0,600,0.0,0.0
2024-01-22 14:00:00+09:00,2202.0,2209.0,2202.0,2209.0,2500,0.0,0.0
2024-01-23 09:00:00+09:00,2207.0,2218.0,2201.0,2208.0,7700,0.0,0.0
2024-01-23 10:00:00+09:00,2206.0,2211.0,2205.0,2205.0,1900,0.0,0.0
2024-01-23 11:00:00+09:00,2205.0,2210.0,2203.0,2203.0,0,0.0,0.0
2024-01-23 12:00:00+09:00,2210.0,2210.0,2187.0,2187.0,17900,0.0,0.0
2024-01-23 13:00:00+09:00,2190.0,2206.0,2190.0,2199.0,1700,0.0,0.0
2024-01-23 14:00:00+09:00,2200.0,2200.0,2192.0,2192.0,2500,0.0,0.0
2024-01-24 09:00:00+09:00,2196.0,2218.0,2192.0,2218.0,8500,0.0,0.0
2024-01-24 10:00:00+09:00,2218.0,2258.0,2218.0,2241.0,56600,0.0,0.0
2024-01-24 11:00:00+09:00,2238.0,2242.0,2235.0,2242.0,0,0.0,0.0
2024-01-24 12:00:00+09:00,2242.0,2242.0,2224.0,2226.0,70200,0.0,0.0
2024-01-24 13:00:00+09:00,2227.0,2227.0,2211.0,2222.0,3200,0.0,0.0
2024-01-24 14:00:00+09:00,2220.0,2220.0,2211.0,2211.0,4700,0.0,0.0
2024-01-25 09:00:00+09:00,2260.0,2328.0,2258.0,2315.0,90900,0.0,0.0
2024-01-25 10:00:00+09:00,2316.0,2323.0,2311.0,2316.0,13500,0.0,0.0
2024-01-25 11:00:00+09:00,2316.0,2316.0,2311.0,2311.0,0,0.0,0.0
2024-01-25 12:00:00+09:00,2311.0,2320.0,2304.0,2316.0,121100,0.0,0.0
2024-01-25 13:00:00+09:00,2315.0,2317.0,2302.0,2303.0,5800,0.0,0.0
2024-01-25 14:00:00+09:00,2306.0,2325.0,2306.0,2325.0,26600,0.0,0.0
2024-01-26 09:00:00+09:00,2320.0,2324.0,2269.0,2278.0,29100,0.0,0.0
2024-01-26 10:00:00+09:00,2278.0,2279.0,2271.0,2272.0,4700,0.0,0.0
2024-01-26 11:00:00+09:00,2279.0,2290.0,2274.0,2274.0,0,0.0,0.0
2024-01-26 12:00:00+09:00,2272.0,2273.0,2255.0,2262.0,49500,0.0,0.0
2024-01-26 13:00:00+09:00,2262.0,2263.0,2251.0,2252.0,4800,0.0,0.0
2024-01-26 14:00:00+09:00,2252.0,2263.0,2251.0,2251.0,7900,0.0,0.0
2024-01-29 09:00:00+09:00,2252.0,2280.0,2235.0,2258.0,8400,0.0,0.0
2024-01-29 10:00:00+09:00,2262.0,2265.0,2256.0,2265.0,1500,0.0,0.0
2024-01-29 11:00:00+09:00,2265.0,2265.0,2254.0,2257.0,0,0.0,0.0
2024-01-29 12:00:00+09:00,2252.0,2259.0,2250.0,2250.0,12600,0.0,0.0
2024-01-29 13:00:00+09:00,2254.0,2261.0,2252.0,2261.0,3000,0.0,0.0
2024-01-29 14:00:00+09:00,2257.0,2265.0,2251.0,2265.0,3500,0.0,0.0
2024-01-30 09:00:00+09:00,2270.0,2276.0,2254.0,2258.0,4300,0.0,0.0
2024-01-30 10:00:00+09:00,2260.0,2269.0,2258.0,2265.0,3100,0.0,0.0
2024-01-30 11:00:00+09:00,2263.0,2267.0,2261.0,2267.0,0,0.0,0.0
2024-01-30 12:00:00+09:00,2266.0,2273.0,2266.0,2272.0,10900,0.0,0.0
2024-01-30 13:00:00+09:00,2272.0,2285.0,2270.0,2280.0,0,0.0,0.0
2024-01-30 14:00:00+09:00,2281.0,2284.0,2260.0,2273.0,21100,0.0,0.0
2024-01-31 09:00:00+09:00,2271.0,2296.0,2257.0,2285.0,10000,0.0,0.0
2024-01-31 10:00:00+09:00,2282.0,2300.0,2281.0,2300.0,7200,0.0,0.0
2024-01-31 11:00:00+09:00,2303.0,2310.0,2298.0,2309.0,0,0.0,0.0
2024-01-31 12:00:00+09:00,2309.0,2309.0,2303.0,2307.0,26400,0.0,0.0
2024-01-31 13:00:00+09:00,2307.0,2313.0,2302.0,2311.0,6500,0.0,0.0
2024-01-31 14:00:00+09:00,2311.0,2319.0,2310.0,2314.0,6400,0.0,0.0
2024-02-01 09:00:00+09:00,2299.0,2306.0,2273.0,2301.0,11300,0.0,0.0
2024-02-01 10:00:00+09:00,2304.0,2304.0,2290.0,2291.0,2500,0.0,0.0
2024-02-01 11:00:00+09:00,2292.0,2295.0,2286.0,2289.0,0,0.0,0.0
2024-02-01 12:00:00+09:00,2289.0,2300.0,2289.0,2300.0,18800,0.0,0.0
2024-02-01 13:00:00+09:00,2300.0,2305.0,2299.0,2302.0,900,0.0,0.0
2024-02-01 14:00:00+09:00,2302.0,2313.0,2302.0,2302.0,4400,0.0,0.0
2024-02-02 09:00:00+09:00,2310.0,2310.0,2248.0,2267.0,0,0.0,0.0
2024-02-02 10:00:00+09:00,2265.0,2271.0,2258.0,2269.0,28600,0.0,0.0
2024-02-02 11:00:00+09:00,2271.0,2273.0,2271.0,2273.0,0,0.0,0.0
2024-02-02 12:00:00+09:00,2280.0,2285.0,2278.0,2282.0,33200,0.0,0.0
2024-02-02 13:00:00+09:00,2280.0,2290.0,2274.0,2290.0,2000,0.0,0.0
2024-02-02 14:00:00+09:00,2288.0,2290.0,2276.0,2276.0,2700,0.0,0.0
2024-02-05 09:00:00+09:00,2279.0,2287.0,2272.0,2275.0,6200,0.0,0.0
2024-02-05 10:00:00+09:00,2281.0,2292.0,2281.0,2290.0,2900,0.0,0.0
2024-02-05 11:00:00+09:00,2288.0,2288.0,2281.0,2281.0,0,0.0,0.0
2024-02-05 12:00:00+09:00,2280.0,2280.0,2262.0,2263.0,15900,0.0,0.0
2024-02-05 13:00:00+09:00,2261.0,2269.0,2241.0,2269.0,13300,0.0,0.0
2024-02-05 14:00:00+09:00,2265.0,2274.0,2255.0,2273.0,6000,0.0,0.0
2024-02-06 09:00:00+09:00,2275.0,2304.0,2267.0,2288.0,15100,0.0,0.0
2024-02-06 10:00:00+09:00,2293.0,2295.0,2286.0,2295.0,2000,0.0,0.0
2024-02-06 11:00:00+09:00,2295.0,2299.0,2294.0,2297.0,0,0.0,0.0
2024-02-06 12:00:00+09:00,2300.0,2300.0,2290.0,2290.0,22900,0.0,0.0
2024-02-06 13:00:00+09:00,2285.0,2306.0,2276.0,2296.0,7800,0.0,0.0
2024-02-06 14:00:00+09:00,2296.0,2305.0,2293.0,2300.0,6200,0.0,0.0
2024-02-07 09:00:00+09:00,2276.0,2302.0,2276.0,2285.0,12600,0.0,0.0
2024-02-07 10:00:00+09:00,2285.0,2301.0,2285.0,2294.0,2800,0.0,0.0
2024-02-07 11:00:00+09:00,2288.0,2299.0,2288.0,2299.0,0,0.0,0.0
2024-02-07 12:00:00+09:00,2299.0,2299.0,2283.0,2283.0,19900,0.0,0.0
2024-02-07 13:00:00+09:00,2284.0,2305.0,2284.0,2304.0,2600,0.0,0.0
2024-02-07 14:00:00+09:00,2308.0,2321.0,2303.0,2319.0,9500,0.0,0.0
2024-02-08 09:00:00+09:00,2330.0,2337.0,2261.0,2263.0,40700,0.0,0.0
2024-02-08 10:00:00+09:00,2269.0,2284.0,2261.0,2274.0,13800,0.0,0.0
2024-02-08 11:00:00+09:00,2281.0,2305.0,2276.0,2281.0,0,0.0,0.0
2024-02-08 12:00:00+09:00,2318.0,2333.0,2291.0,2323.0,69300,0.0,0.0
2024-02-08 13:00:00+09:00,2317.0,2330.0,2310.0,2316.0,13600,0.0,0.0
2024-02-08 14:00:00+09:00,2323.0,2326.0,2302.0,2318.0,17800,0.0,0.0
2024-02-09 09:00:00+09:00,2365.0,2562.0,2362.0,2524.0,213000,0.0,0.0
2024-02-09 10:00:00+09:00,2530.0,2555.0,2490.0,2506.0,40900,0.0,0.0
2024-02-09 11:00:00+09:00,2505.0,2506.0,2451.0,2456.0,0,0.0,0.0
2024-02-09 12:00:00+09:00,2450.0,2470.0,2434.0,2458.0,281400,0.0,0.0
2024-02-09 13:00:00+09:00,2457.0,2483.0,2451.0,2483.0,13300,0.0,0.0
2024-02-09 14:00:00+09:00,2480.0,2493.0,2463.0,2484.0,14300,0.0,0.0
2024-02-13 09:00:00+09:00,2459.0,2510.0,2414.0,2486.0,68800,0.0,0.0
2024-02-13 10:00:00+09:00,2486.0,2500.0,2472.0,2474.0,19100,0.0,0.0
2024-02-13 11:00:00+09:00,2473.0,2498.0,2472.0,2497.0,0,0.0,0.0
2024-02-13 12:00:00+09:00,2496.0,2502.0,2485.0,2498.0,104000,0.0,0.0
2024-02-13 13:00:00+09:00,2496.0,2539.0,2493.0,2535.0,18900,0.0,0.0
2024-02-13 14:00:00+09:00,2534.0,2549.0,2533.0,2548.0,11700,0.0,0.0
2024-02-14 09:00:00+09:00,2540.0,2544.0,2504.0,2521.0,19000,0.0,0.0
2024-02-14 10:00:00+09:00,2522.0,2523.0,2510.0,2513.0,5100,0.0,0.0
2024-02-14 11:00:00+09:00,2510.0,2519.0,2510.0,2519.0,0,0.0,0.0
2024-02-14 12:00:00+09:00,2515.0,2558.0,2515.0,2556.0,35600,0.0,0.0
2024-02-14 13:00:00+09:00,2559.0,2562.0,2542.0,2548.0,7500,0.0,0.0
2024-02-14 14:00:00+09:00,2549.0,2554.0,2531.0,2531.0,7600,0.0,0.0
2024-02-15 09:00:00+09:00,2606.0,2666.0,2590.0,2592.0,29700,0.0,0.0
2024-02-15 10:00:00+09:00,2590.0,2610.0,2588.0,2609.0,7600,0.0,0.0
2024-02-15 11:00:00+09:00,2602.0,2609.0,2598.0,2609.0,0,0.0,0.0
2024-02-15 12:00:00+09:00,2600.0,2608.0,2592.0,2607.0,51200,0.0,0.0
2024-02-15 13:00:00+09:00,2609.0,2649.0,2609.0,2640.0,13300,0.0,0.0
2024-02-15 14:00:00+09:00,2640.0,2649.0,2607.0,2620.0,14600,0.0,0.0
2024-02-16 09:00:00+09:00,2628.0,2670.0,2622.0,2659.0,15300,0.0,0.0
2024-02-16 10:00:00+09:00,2658.0,2662.0,2633.0,2638.0,10400,0.0,0.0
2024-02-16 11:00:00+09:00,2634.0,2644.0,2633.0,2638.0,0,0.0,0.0
2024-02-16 12:00:00+09:00,2654.0,2676.0,2638.0,2674.0,38300,0.0,0.0
2024-02-16 13:00:00+09:00,2674.0,2680.0,2660.0,2666.0,5900,0.0,0.0
2024-02-16 14:00:00+09:00,2673.0,2679.0,2659.0,2673.0,6500,0.0,0.0
2024-02-19 09:00:00+09:00,2707.0,2730.0,2671.0,2683.0,18900,0.0,0.0
2024-02-19 10:00:00+09:00,2680.0,2680.0,2652.0,2675.0,6900,0.0,0.0
2024-02-19 11:00:00+09:00,2685.0,2685.0,2675.0,2678.0,0,0.0,0.0
2024-02-19 12:00:00+09:00,2678.0,2689.0,2664.0,2679.0,30700,0.0,0.0
2024-02-19 13:00:00+09:00,2685.0,2705.0,2685.0,2692.0,5400,0.0,0.0
2024-02-19 14:00:00+09:00,2697.0,2701.0,2682.0,2696.0,4400,0.0,0.0
2024-02-20 09:00:00+09:00,2710.0,2739.0,2690.0,2734.0,12300,0.0,0.0
2024-02-20 10:00:00+09:00,2734.0,2735.0,2721.0,2730.0,4200,0.0,0.0
2024-02-20 11:00:00+09:00,2721.0,2721.0,2698.0,2708.0,0,0.0,0.0
2024-02-20 12:00:00+09:00,2708.0,2708.0,2689.0,2689.0,30800,0.0,0.0
2024-02-20 13:00:00+09:00,2694.0,2694.0,2672.0,2694.0,9400,0.0,0.0
2024-02-20 14:00:00+09:00,2696.0,2697.0,2689.0,2695.0,3200,0.0,0.0
2024-02-21 09:00:00+09:00,2689.0,2689.0,2651.0,2672.0,10600,0.0,0.0
2024-02-21 10:00:00+09:00,2662.0,2677.0,2656.0,2656.0,0,0.0,0.0
2024-02-21 11:00:00+09:00,2656.0,2660.0,2653.0,2653.0,0,0.0,0.0
2024-02-21 12:00:00+09:00,2653.0,2653.0,2631.0,2638.0,34100,0.0,0.0
2024-02-21 13:00:00+09:00,2641.0,2662.0,2641.0,2654.0,5800,0.0,0.0
2024-02-21 14:00:00+09:00,2655.0,2673.0,2651.0,2651.0,4100,0.0,0.0
2024-02-22 09:00:00+09:00,2639.0,2710.0,2639.0,2686.0,11600,0.0,0.0
2024-02-22 10:00:00+09:00,2697.0,2701.0,2691.0,2692.0,2200,0.0,0.0
2024-02-22 11:00:00+09:00,2700.0,2700.0,2694.0,2699.0,0,0.0,0.0
2024-02-22 12:00:00+09:00,2676.0,2708.0,2676.0,2682.0,21000,0.0,0.0
2024-02-22 13:00:00+09:00,2678.0,2678.0,2640.0,2640.0,5200,0.0,0.0
2024-02-22 14:00:00+09:00,2640.0,2647.0,2632.0,2640.0,7000,0.0,0.0
2024-02-26 09:00:00+09:00,2632.0,2656.0,2622.0,2650.0,23500,0.0,0.0
2024-02-26 10:00:00+09:00,2652.0,2660.0,2631.0,2659.0,7000,0.0,0.0
2024-02-26 11:00:00+09:00,2656.0,2674.0,2656.0,2674.0,0,0.0,0.0
2024-02-26 12:00:00+09:00,2657.0,2680.0,2657.0,2676.0,37800,0.0,0.0
2024-02-26 13:00:00+09:00,2676.0,2688.0,2673.0,2685.0,4700,0.0,0.0
2024-02-26 14:00:00+09:00,2683.0,2693.0,2680.0,2682.0,4200,0.0,0.0
2024-02-27 09:00:00+09:00,2670.0,2697.0,2660.0,2684.0,6500,0.0,0.0
2024-02-27 10:00:00+09:00,2686.0,2713.0,2682.0,2713.0,6000,0.0,0.0
2024-02-27 11:00:00+09:00,2715.0,2718.0,2709.0,2712.0,0,0.0,0.0
2024-02-27 12:00:00+09:00,2704.0,2710.0,2700.0,2703.0,16400,0.0,0.0
2024-02-27 13:00:00+09:00,2685.0,2685.0,2660.0,2662.0,6000,0.0,0.0
2024-02-27 14:00:00+09:00,2665.0,2669.0,2645.0,2656.0,6600,0.0,0.0
2024-02-28 09:00:00+09:00,2697.0,2697.0,2655.0,2655.0,10200,0.0,0.0
2024-02-28 10:00:00+09:00,2650.0,2650.0,2616.0,2616.0,9600,0.0,0.0
2024-02-28 11:00:00+09:00,2616.0,2626.0,2612.0,2615.0,0,0.0,0.0
2024-02-28 12:00:00+09:00,2612.0,2649.0,2610.0,2616.0,29100,0.0,0.0
2024-02-28 13:00:00+09:00,2623.0,2623.0,2611.0,2611.0,3200,0.0,0.0
2024-02-28 14:00:00+09:00,2611.0,2614.0,2601.0,2605.0,13000,0.0,0.0
2024-02-29 09:00:00+09:00,2600.0,2611.0,2567.0,2581.0,18200,0.0,0.0
2024-02-29 10:00:00+09:00,2584.0,2584.0,2555.0,2564.0,7500,0.0,0.0
2024-02-29 11:00:00+09:00,2564.0,2565.0,2553.0,2553.0,0,0.0,0.0
2024-02-29 12:00:00+09:00,2553.0,2582.0,2549.0,2582.0,33500,0.0,0.0
2024-02-29 13:00:00+09:00,2580.0,2587.0,2575.0,2583.0,2300,0.0,0.0
2024-02-29 14:00:00+09:00,2582.0,2588.0,2575.0,2575.0,2500,0.0,0.0
2024-03-01 09:00:00+09:00,2569.0,2569.0,2516.0,2539.0,16600,0.0,0.0
2024-03-01 10:00:00+09:00,2537.0,2540.0,2525.0,2540.0,9600,0.0,0.0
2024-03-01 11:00:00+09:00,2547.0,2548.0,2536.0,2536.0,0,0.0,0.0
2024-03-01 12:00:00+09:00,2536.0,2550.0,2536.0,2550.0,30800,0.0,0.0
2024-03-01 13:00:00+09:00,2546.0,2551.0,2540.0,2551.0,4900,0.0,0.0
2024-03-01 14:00:00+09:00,2551.0,2559.0,2548.0,2559.0,4000,0.0,0.0
2024-03-04 09:00:00+09:00,2536.0,2536.0,2491.0,2503.0,23000,0.0,0.0
2024-03-04 10:00:00+09:00,2505.0,2525.0,2500.0,2507.0,5900,0.0,0.0
2024-03-04 11:00:00+09:00,2504.0,2508.0,2499.0,2508.0,0,0.0,0.0
2024-03-04 12:00:00+09:00,2500.0,2503.0,2490.0,2490.0,47100,0.0,0.0
2024-03-04 13:00:00+09:00,2491.0,2502.0,2490.0,2495.0,4000,0.0,0.0
2024-03-04 14:00:00+09:00,2492.0,2494.0,2478.0,2481.0,15800,0.0,0.0
2024-03-05 09:00:00+09:00,2470.0,2505.0,2450.0,2492.0,19300,0.0,0.0
2024-03-05 10:00:00+09:00,2490.0,2514.0,2490.0,2504.0,9100,0.0,0.0
2024-03-05 11:00:00+09:00,2511.0,2513.0,2495.0,2495.0,0,0.0,0.0
2024-03-05 12:00:00+09:00,2505.0,2505.0,2500.0,2502.0,32600,0.0,0.0
2024-03-05 13:00:00+09:00,2508.0,2513.0,2497.0,2506.0,4000,0.0,0.0
2024-03-05 14:00:00+09:00,2501.0,2502.0,2481.0,2489.0,4700,0.0,0.0
2024-03-06 09:00:00+09:00,2484.0,2521.0,2484.0,2515.0,8700,0.0,0.0
2024-03-06 10:00:00+09:00,2515.0,2515.0,2483.0,2492.0,5100,0.0,0.0
2024-03-06 11:00:00+09:00,2492.0,2494.0,2488.0,2493.0,0,0.0,0.0
2024-03-06 12:00:00+09:00,2488.0,2505.0,2488.0,2498.0,20900,0.0,0.0
2024-03-06 13:00:00+09:00,2498.0,2510.0,2498.0,2503.0,3400,0.0,0.0
2024-03-06 14:00:00+09:00,2504.0,2510.0,2500.0,2510.0,4200,0.0,0.0
2024-03-07 09:00:00+09:00,2519.0,2550.0,2519.0,2523.0,16700,0.0,0.0
2024-03-07 10:00:00+09:00,2523.0,2532.0,2503.0,2515.0,10900,0.0,0.0
2024-03-07 11:00:00+09:00,2515.0,2515.0,2510.0,2510.0,0,0.0,0.0
2024-03-07 12:00:00+09:00,2515.0,2515.0,2503.0,2515.0,33200,0.0,0.0
2024-03-07 13:00:00+09:00,2514.0,2534.0,2514.0,2530.0,1900,0.0,0.0
2024-03-07 14:00:00+09:00,2526.0,2529.0,2505.0,2505.0,6500,0.0,0.0
2024-03-08 09:00:00+09:00,2503.0,2570.0,2503.0,2556.0,14900,0.0,0.0
2024-03-08 10:00:00+09:00,2554.0,2569.0,2554.0,2569.0,7600,0.0,0.0
2024-03-08 11:00:00+09:00,2568.0,2569.0,2546.0,2547.0,0,0.0,0.0
2024-03-08 12:00:00+09:00,2547.0,2566.0,2540.0,2566.0,38000,0.0,0.0
2024-03-08 13:00:00+09:00,2564.0,2574.0,2556.0,2556.0,5400,0.0,0.0
2024-03-08 14:00:00+09:00,2555.0,2555.0,2533.0,2533.0,3300,0.0,0.0
2024-03-11 09:00:00+09:00,2534.0,2559.0,2498.0,2505.0,25100,0.0,0.0
2024-03-11 10:00:00+09:00,2513.0,2524.0,2506.0,2516.0,2200,0.0,0.0
2024-03-11 11:00:00+09:00,2513.0,2513.0,2489.0,2496.0,0,0.0,0.0
2024-03-11 12:00:00+09:00,2505.0,2505.0,2485.0,2485.0,36800,0.0,0.0
2024-03-11 13:00:00+09:00,2489.0,2493.0,2482.0,2487.0,13000,0.0,0.0
2024-03-11 14:00:00+09:00,2491.0,2505.0,2482.0,2500.0,5100,0.0,0.0
2024-03-12 09:00:00+09:00,2501.0,2504.0,2462.0,2473.0,11300,0.0,0.0
2024-03-12 10:00:00+09:00,2470.0,2470.0,2443.0,2448.0,7800,0.0,0.0
2024-03-12 11:00:00+09:00,2448.0,2476.0,2445.0,2476.0,0,0.0,0.0
2024-03-12 12:00:00+09:00,2473.0,2495.0,2468.0,2486.0,23100,0.0,0.0
2024-03-12 13:00:00+09:00,2485.0,2485.0,2464.0,2472.0,3900,0.0,0.0
2024-03-12 14:00:00+09:00,2474.0,2482.0,2465.0,2482.0,3900,0.0,0.0
2024-03-13 09:00:00+09:00,2476.0,2506.0,2455.0,2455.0,13100,0.0,0.0
2024-03-13 10:00:00+09:00,2455.0,2455.0,2436.0,2440.0,6900,0.0,0.0
2024-03-13 11:00:00+09:00,2445.0,2445.0,2434.0,2439.0,0,0.0,0.0
2024-03-13 12:00:00+09:00,2432.0,2432.0,2420.0,2423.0,25400,0.0,0.0
2024-03-13 13:00:00+09:00,2428.0,2445.0,2428.0,2432.0,2000,0.0,0.0
2024-03-13 14:00:00+09:00,2431.0,2440.0,2430.0,2430.0,2100,0.0,0.0
2024-03-14 09:00:00+09:00,2422.0,2430.0,2400.0,2417.0,9000,0.0,0.0
2024-03-14 10:00:00+09:00,2415.0,2415.0,2402.0,2409.0,2800,0.0,0.0
2024-03-14 11:00:00+09:00,2411.0,2417.0,2409.0,2417.0,0,0.0,0.0
2024-03-14 12:00:00+09:00,2408.0,2422.0,2408.0,2414.0,15300,0.0,0.0
2024-03-14 13:00:00+09:00,2420.0,2422.0,2415.0,2418.0,1800,0.0,0.0
2024-03-14 14:00:00+09:00,2417.0,2425.0,2409.0,2425.0,5800,0.0,0.0
2024-03-15 09:00:00+09:00,2415.0,2440.0,2392.0,2434.0,0,0.0,0.0
2024-03-15 10:00:00+09:00,2435.0,2449.0,2435.0,2443.0,9700,0.0,0.0
2024-03-15 11:00:00+09:00,2443.0,2454.0,2443.0,2454.0,0,0.0,0.0
2024-03-15 12:00:00+09:00,2454.0,2459.0,2445.0,2451.0,16300,0.0,0.0
2024-03-15 13:00:00+09:00,2448.0,2448.0,2430.0,2430.0,2100,0.0,0.0
2024-03-15 14:00:00+09:00,2427.0,2439.0,2427.0,2432.0,2000,0.0,0.0
2024-03-18 09:00:00+09:00,2438.0,2443.0,2410.0,2423.0,12600,0.0,0.0
2024-03-18 10:00:00+09:00,2422.0,2432.0,2419.0,2426.0,3300,0.0,0.0
2024-03-18 11:00:00+09:00,2426.0,2438.0,2426.0,2426.0,0,0.0,0.0
2024-03-18 12:00:00+09:00,2425.0,2431.0,2423.0,2431.0,19700,0.0,0.0
2024-03-18 13:00:00+09:00,2432.0,2436.0,2430.0,2430.0,2100,0.0,0.0
2024-03-18 14:00:00+09:00,2430.0,2435.0,2427.0,2434.0,2800,0.0,0.0
2024-03-19 09:00:00+09:00,2441.0,2462.0,2425.0,2462.0,11600,0.0,0.0
2024-03-19 10:00:00+09:00,2463.0,2463.0,2430.0,2430.0,6900,0.0,0.0
2024-03-19 11:00:00+09:00,2436.0,2447.0,2433.0,2447.0,0,0.0,0.0
2024-03-19 12:00:00+09:00,2457.0,2469.0,2447.0,2469.0,23600,0.0,0.0
2024-03-19 13:00:00+09:00,2472.0,2472.0,2456.0,2462.0,3100,0.0,0.0
2024-03-19 14:00:00+09:00,2462.0,2499.0,2457.0,2479.0,16100,0.0,0.0
2024-03-21 09:00:00+09:00,2551.0,2590.0,2548.0,2558.0,29500,0.0,0.0
2024-03-21 10:00:00+09:00,2558.0,2579.0,2555.0,2578.0,13600,0.0,0.0
2024-03-21 11:00:00+09:00,2577.0,2587.0,2572.0,2587.0,0,0.0,0.0
2024-03-21 12:00:00+09:00,2587.0,2587.0,2563.0,2582.0,56500,0.0,0.0
2024-03-21 13:00:00+09:00,2582.0,2593.0,2578.0,2592.0,0,0.0,0.0
2024-03-21 14:00:00+09:00,2592.0,2610.0,2582.0,2588.0,81500,0.0,0.0
2024-03-22 09:00:00+09:00,2643.0,2643.0,2580.0,2596.0,17700,0.0,0.0
2024-03-22 10:00:00+09:00,2594.0,2594.0,2575.0,2580.0,6000,0.0,0.0
2024-03-22 11:00:00+09:00,2582.0,2605.0,2577.0,2587.0,0,0.0,0.0
2024-03-22 12:00:00+09:00,2588.0,2595.0,2571.0,2580.0,45200,0.0,0.0
2024-03-22 13:00:00+09:00,2580.0,2587.0,2577.0,2587.0,2900,0.0,0.0
2024-03-22 14:00:00+09:00,2581.0,2599.0,2579.0,2579.0,8000,0.0,0.0
2024-03-25 09:00:00+09:00,2577.0,2577.0,2540.0,2565.0,17600,0.0,0.0
2024-03-25 10:00:00+09:00,2568.0,2570.0,2551.0,2563.0,6000,0.0,0.0
2024-03-25 11:00:00+09:00,2553.0,2553.0,2546.0,2550.0,0,0.0,0.0
2024-03-25 12:00:00+09:00,2547.0,2556.0,2537.0,2556.0,31000,0.0,0.0
2024-03-25 13:00:00+09:00,2553.0,2555.0,2550.0,2555.0,3100,0.0,0.0
2024-03-25 14:00:00+09:00,2555.0,2555.0,2543.0,2543.0,5000,0.0,0.0
2024-03-26 09:00:00+09:00,2514.0,2549.0,2510.0,2537.0,12000,0.0,0.0
2024-03-26 10:00:00+09:00,2537.0,2550.0,2532.0,2534.0,4800,0.0,0.0
2024-03-26 11:00:00+09:00,2534.0,2539.0,2534.0,2539.0,0,0.0,0.0
2024-03-26 12:00:00+09:00,2539.0,2549.0,2539.0,2544.0,18000,0.0,0.0
2024-03-26 13:00:00+09:00,2546.0,2556.0,2541.0,2543.0,2100,0.0,0.0
2024-03-26 14:00:00+09:00,2545.0,2554.0,2541.0,2554.0,1900,0.0,0.0
2024-03-27 09:00:00+09:00,2541.0,2565.0,2522.0,2551.0,13300,0.0,0.0
2024-03-27 10:00:00+09:00,2551.0,2562.0,2548.0,2555.0,2200,0.0,0.0
2024-03-27 11:00:00+09:00,2556.0,2563.0,2550.0,2550.0,0,0.0,0.0
2024-03-27 12:00:00+09:00,2551.0,2558.0,2540.0,2543.0,24600,0.0,0.0
2024-03-27 13:00:00+09:00,2543.0,2555.0,2536.0,2540.0,8300,0.0,0.0
2024-03-27 14:00:00+09:00,2540.0,2540.0,2525.0,2527.0,17800,0.0,0.0
2024-03-28 09:00:00+09:00,2450.0,2468.0,2415.0,2415.0,31000,0.0,0.0
2024-03-28 10:00:00+09:00,2416.0,2426.0,2408.0,2411.0,9500,0.0,0.0
2024-03-28 11:00:00+09:00,2413.0,2413.0,2408.0,2413.0,0,0.0,0.0
2024-03-28 12:00:00+09:00,2413.0,2447.0,2413.0,2447.0,48000,0.0,0.0
2024-03-28 13:00:00+09:00,2447.0,2454.0,2439.0,2443.0,3400,0.0,0.0
2024-03-28 14:00:00+09:00,2447.0,2447.0,2423.0,2430.0,6000,0.0,0.0
2024-03-29 09:00:00+09:00,2410.0,2461.0,2410.0,2447.0,12600,0.0,0.0
2024-03-29 10:00:00+09:00,2445.0,2470.0,2441.0,2466.0,4700,0.0,0.0
2024-03-29 11:00:00+09:00,2466.0,2468.0,2461.0,2467.0,0,0.0,0.0
2024-03-29 12:00:00+09:00,2467.0,2496.0,2467.0,2495.0,21000,0.0,0.0
2024-03-29 13:00:00+09:00,2487.0,2508.0,2485.0,2508.0,7500,0.0,0.0
2024-03-29 14:00:00+09:00,2505.0,2512.0,2501.0,2501.0,5900,0.0,0.0
2024-04-01 09:00:00+09:00,2510.0,2519.0,2469.0,2481.0,13100,0.0,0.0
2024-04-01 10:00:00+09:00,2480.0,2480.0,2453.0,2453.0,4500,0.0,0.0
2024-04-01 11:00:00+09:00,2451.0,2466.0,2421.0,2452.0,0,0.0,0.0
2024-04-01 12:00:00+09:00,2440.0,2458.0,2426.0,2456.0,32300,0.0,0.0
2024-04-01 13:00:00+09:00,2447.0,2455.0,2444.0,2452.0,1600,0.0,0.0
2024-04-01 14:00:00+09:00,2445.0,2449.0,2422.0,2434.0,6900,0.0,0.0
2024-04-02 09:00:00+09:00,2433.0,2448.0,2416.0,2416.0,6300,0.0,0.0
2024-04-02 10:00:00+09:00,2415.0,2417.0,2405.0,2407.0,3300,0.0,0.0
2024-04-02 11:00:00+09:00,2406.0,2407.0,2397.0,2398.0,0,0.0,0.0
2024-04-02 12:00:00+09:00,2399.0,2399.0,2384.0,2389.0,20600,0.0,0.0
2024-04-02 13:00:00+09:00,2388.0,2388.0,2366.0,2372.0,5300,0.0,0.0
2024-04-02 14:00:00+09:00,2372.0,2375.0,2367.0,2374.0,2400,0.0,0.0
2024-04-03 09:00:00+09:00,2339.0,2374.0,2327.0,2374.0,16800,0.0,0.0
2024-04-03 10:00:00+09:00,2376.0,2378.0,2360.0,2361.0,2300,0.0,0.0
2024-04-03 11:00:00+09:00,2365.0,2365.0,2356.0,2358.0,0,0.0,0.0
2024-04-03 12:00:00+09:00,2372.0,2399.0,2356.0,2389.0,22900,0.0,0.0
2024-04-03 13:00:00+09:00,2385.0,2385.0,2372.0,2382.0,1700,0.0,0.0
2024-04-03 14:00:00+09:00,2383.0,2383.0,2359.0,2370.0,3700,0.0,0.0
2024-04-04 09:00:00+09:00,2360.0,2360.0,2323.0,2348.0,17500,0.0,0.0
2024-04-04 10:00:00+09:00,2339.0,2343.0,2335.0,2339.0,2600,0.0,0.0
2024-04-04 11:00:00+09:00,2339.0,2339.0,2336.0,2339.0,0,0.0,0.0
2024-04-04 12:00:00+09:00,2338.0,2345.0,2333.0,2337.0,29200,0.0,0.0
2024-04-04 13:00:00+09:00,2340.0,2343.0,2330.0,2331.0,8500,0.0,0.0
2024-04-04 14:00:00+09:00,2331.0,2340.0,2324.0,2333.0,12200,0.0,0.0
2024-04-05 09:00:00+09:00,2313.0,2342.0,2308.0,2330.0,6800,0.0,0.0
2024-04-05 10:00:00+09:00,2335.0,2335.0,2303.0,2307.0,7300,0.0,0.0
2024-04-05 11:00:00+09:00,2309.0,2313.0,2309.0,2311.0,0,0.0,0.0
2024-04-05 12:00:00+09:00,2311.0,2335.0,2311.0,2330.0,17400,0.0,0.0
2024-04-05 13:00:00+09:00,2325.0,2333.0,2320.0,2332.0,1700,0.0,0.0
2024-04-05 14:00:00+09:00,2332.0,2333.0,2319.0,2329.0,3400,0.0,0.0
2024-04-08 09:00:00+09:00,2303.0,2346.0,2300.0,2338.0,14900,0.0,0.0
2024-04-08 10:00:00+09:00,2343.0,2351.0,2322.0,2338.0,12400,0.0,0.0
2024-04-08 11:00:00+09:00,2337.0,2337.0,2329.0,2333.0,0,0.0,0.0
2024-04-08 12:00:00+09:00,2322.0,2325.0,2309.0,2309.0,31600,0.0,0.0
2024-04-08 13:00:00+09:00,2309.0,2322.0,2309.0,2321.0,2100,0.0,0.0
2024-04-08 14:00:00+09:00,2321.0,2333.0,2320.0,2324.0,6000,0.0,0.0
2024-04-09 09:00:00+09:00,2337.0,2358.0,2331.0,2344.0,2500,0.0,0.0
2024-04-09 10:00:00+09:00,2341.0,2348.0,2330.0,2330.0,1700,0.0,0.0
2024-04-09 11:00:00+09:00,2330.0,2336.0,2324.0,2336.0,0,0.0,0.0
2024-04-09 12:00:00+09:00,2346.0,2346.0,2332.0,2342.0,7900,0.0,0.0
2024-04-09 13:00:00+09:00,2342.0,2349.0,2336.0,2339.0,2900,0.0,0.0
2024-04-09 14:00:00+09:00,2334.0,2340.0,2331.0,2331.0,1300,0.0,0.0
2024-04-10 09:00:00+09:00,2292.0,2308.0,2252.0,2294.0,28200,0.0,0.0
2024-04-10 10:00:00+09:00,2296.0,2299.0,2293.0,2293.0,2600,0.0,0.0
2024-04-10 11:00:00+09:00,2293.0,2293.0,2278.0,2285.0,0,0.0,0.0
2024-04-10 12:00:00+09:00,2278.0,2294.0,2278.0,2287.0,42500,0.0,0.0
2024-04-10 13:00:00+09:00,2286.0,2294.0,2285.0,2286.0,5500,0.0,0.0
2024-04-10 14:00:00+09:00,2286.0,2294.0,2285.0,2290.0,3900,0.0,0.0
2024-04-11 09:00:00+09:00,2270.0,2280.0,2258.0,2262.0,14400,0.0,0.0
2024-04-11 10:00:00+09:00,2266.0,2275.0,2262.0,2269.0,6900,0.0,0.0
2024-04-11 11:00:00+09:00,2269.0,2276.0,2267.0,2276.0,0,0.0,0.0
2024-04-11 12:00:00+09:00,2273.0,2294.0,2273.0,2288.0,26700,0.0,0.0
2024-04-11 13:00:00+09:00,2295.0,2297.0,2285.0,2285.0,1600,0.0,0.0
2024-04-11 14:00:00+09:00,2282.0,2292.0,2277.0,2292.0,3500,0.0,0.0
2024-04-12 09:00:00+09:00,2291.0,2311.0,2291.0,2305.0,6600,0.0,0.0
2024-04-12 10:00:00+09:00,2300.0,2305.0,2295.0,2301.0,2500,0.0,0.0
2024-04-12 11:00:00+09:00,2300.0,2300.0,2300.0,2300.0,0,0.0,0.0
2024-04-12 12:00:00+09:00,2298.0,2300.0,2298.0,2299.0,10800,0.0,0.0
2024-04-12 13:00:00+09:00,2300.0,2300.0,2292.0,2292.0,2500,0.0,0.0
2024-04-12 14:00:00+09:00,2292.0,2292.0,2280.0,2289.0,6400,0.0,0.0
2024-04-15 09:00:00+09:00,2269.0,2278.0,2248.0,2255.0,14900,0.0,0.0
2024-04-15 10:00:00+09:00,2260.0,2270.0,2257.0,2263.0,3100,0.0,0.0
2024-04-15 11:00:00+09:00,2268.0,2268.0,2261.0,2261.0,0,0.0,0.0
2024-04-15 12:00:00+09:00,2261.0,2274.0,2261.0,2272.0,19800,0.0,0.0
2024-04-15 13:00:00+09:00,2272.0,2272.0,2263.0,2267.0,2400,0.0,0.0
2024-04-15 14:00:00+09:00,2267.0,2269.0,2264.0,2266.0,1400,0.0,0.0
2024-04-16 09:00:00+09:00,2247.0,2247.0,2210.0,2222.0,13400,0.0,0.0
2024-04-16 10:00:00+09:00,2222.0,2229.0,2218.0,2222.0,3500,0.0,0.0
2024-04-16 11:00:00+09:00,2222.0,2228.0,2210.0,2210.0,0,0.0,0.0
2024-04-16 12:00:00+09:00,2208.0,2210.0,2195.0,2197.0,29000,0.0,0.0
2024-04-16 13:00:00+09:00,2211.0,2218.0,2204.0,2212.0,3100,0.0,0.0
2024-04-16 14:00:00+09:00,2220.0,2225.0,2218.0,2218.0,3600,0.0,0.0
2024-04-17 09:00:00+09:00,2208.0,2210.0,2170.0,2202.0,7100,0.0,0.0
2024-04-17 10:00:00+09:00,2199.0,2215.0,2197.0,2211.0,1600,0.0,0.0
2024-04-17 11:00:00+09:00,2212.0,2220.0,2211.0,2220.0,0,0.0,0.0
2024-04-17 12:00:00+09:00,2222.0,2226.0,2203.0,2222.0,11100,0.0,0.0
2024-04-17 13:00:00+09:00,2220.0,2223.0,2204.0,2212.0,1700,0.0,0.0
2024-04-17 14:00:00+09:00,2212.0,2212.0,2189.0,2197.0,4900,0.0,0.0
2024-04-18 09:00:00+09:00,2186.0,2207.0,2170.0,2192.0,14300,0.0,0.0
2024-04-18 10:00:00+09:00,2192.0,2206.0,2192.0,2206.0,1400,0.0,0.0
2024-04-18 11:00:00+09:00,2200.0,2217.0,2200.0,2214.0,0,0.0,0.0
2024-04-18 12:00:00+09:00,2214.0,2226.0,2214.0,2222.0,20200,0.0,0.0
2024-04-18 13:00:00+09:00,2226.0,2230.0,2224.0,2226.0,1100,0.0,0.0
2024-04-18 14:00:00+09:00,2220.0,2233.0,2220.0,2224.0,2700,0.0,0.0
2024-04-19 09:00:00+09:00,2200.0,2208.0,2186.0,2186.0,5800,0.0,0.0
2024-04-19 10:00:00+09:00,2186.0,2186.0,2160.0,2171.0,6400,0.0,0.0
2024-04-19 11:00:00+09:00,2163.0,2163.0,2140.0,2143.0,0,0.0,0.0
2024-04-19 12:00:00+09:00,2149.0,2189.0,2149.0,2177.0,20700,0.0,0.0
2024-04-19 13:00:00+09:00,2178.0,2182.0,2168.0,2181.0,4200,0.0,0.0
2024-04-19 14:00:00+09:00,2185.0,2186.0,2178.0,2178.0,3200,0.0,0.0
2024-04-22 09:00:00+09:00,2190.0,2215.0,2180.0,2204.0,8200,0.0,0.0
2024-04-22 10:00:00+09:00,2199.0,2210.0,2190.0,2203.0,2200,0.0,0.0
2024-04-22 11:00:00+09:00,2209.0,2220.0,2208.0,2214.0,0,0.0,0.0
2024-04-22 12:00:00+09:00,2212.0,2212.0,2201.0,2207.0,13700,0.0,0.0
2024-04-22 13:00:00+09:00,2210.0,2215.0,2210.0,2214.0,1700,0.0,0.0
2024-04-22 14:00:00+09:00,2210.0,2218.0,2208.0,2218.0,1700,0.0,0.0
2024-04-23 09:00:00+09:00,2225.0,2239.0,2224.0,2236.0,4600,0.0,0.0
2024-04-23 10:00:00+09:00,2228.0,2228.0,2223.0,2223.0,1700,0.0,0.0
2024-04-23 11:00:00+09:00,2222.0,2231.0,2219.0,2231.0,0,0.0,0.0
2024-04-23 12:00:00+09:00,2233.0,2244.0,2233.0,2241.0,12000,0.0,0.0
2024-04-23 13:00:00+09:00,2241.0,2250.0,2241.0,2250.0,1200,0.0,0.0
2024-04-23 14:00:00+09:00,2247.0,2250.0,2241.0,2249.0,900,0.0,0.0
2024-04-24 09:00:00+09:00,2243.0,2264.0,2235.0,2259.0,2700,0.0,0.0
2024-04-24 10:00:00+09:00,2250.0,2250.0,2241.0,2247.0,1700,0.0,0.0
2024-04-24 11:00:00+09:00,2245.0,2247.0,2243.0,2243.0,0,0.0,0.0
2024-04-24 12:00:00+09:00,2241.0,2255.0,2241.0,2255.0,6900,0.0,0.0
2024-04-24 13:00:00+09:00,2253.0,2258.0,2251.0,2251.0,1800,0.0,0.0
2024-04-24 14:00:00+09:00,2252.0,2259.0,2251.0,2254.0,2700,0.0,0.0
2024-04-25 09:00:00+09:00,2254.0,2260.0,2242.0,2252.0,900,0.0,0.0
2024-04-25 10:00:00+09:00,2242.0,2246.0,2235.0,2242.0,4100,0.0,0.0
2024-04-25 11:00:00+09:00,2241.0,2241.0,2241.0,2241.0,0,0.0,0.0
2024-04-25 12:00:00+09:00,2252.0,2252.0,2236.0,2236.0,7300,0.0,0.0
2024-04-25 13:00:00+09:00,2236.0,2237.0,2225.0,2230.0,7600,0.0,0.0
2024-04-25 14:00:00+09:00,2227.0,2232.0,2226.0,2230.0,1400,0.0,0.0
2024-04-26 09:00:00+09:00,2222.0,2222.0,2210.0,2216.0,3000,0.0,0.0
2024-04-26 10:00:00+09:00,2215.0,2223.0,2215.0,2216.0,1000,0.0,0.0
2024-04-26 11:00:00+09:00,2216.0,2216.0,2215.0,2215.0,0,0.0,0.0
2024-04-26 12:00:00+09:00,2215.0,2229.0,2215.0,2220.0,6200,0.0,0.0
2024-04-26 13:00:00+09:00,2224.0,2228.0,2216.0,2216.0,1200,0.0,0.0
2024-04-26 14:00:00+09:00,2220.0,2220.0,2207.0,2207.0,6800,0.0,0.0
2024-04-30 09:00:00+09:00,2206.0,2227.0,2206.0,2227.0,2900,0.0,0.0
2024-04-30 10:00:00+09:00,2227.0,2241.0,2227.0,2237.0,2600,0.0,0.0
2024-04-30 11:00:00+09:00,2238.0,2239.0,2236.0,2237.0,0,0.0,0.0
2024-04-30 12:00:00+09:00,2237.0,2240.0,2231.0,2237.0,7500,0.0,0.0
2024-04-30 13:00:00+09:00,2236.0,2238.0,2235.0,2238.0,1200,0.0,0.0
2024-04-30 14:00:00+09:00,2230.0,2235.0,2212.0,2221.0,1700,0.0,0.0
2024-05-01 09:00:00+09:00,2202.0,2221.0,2195.0,2203.0,10200,0.0,0.0
2024-05-01 10:00:00+09:00,2200.0,2203.0,2195.0,2195.0,2100,0.0,0.0
2024-05-01 11:00:00+09:00,2196.0,2199.0,2196.0,2197.0,0,0.0,0.0
2024-05-01 12:00:00+09:00,2196.0,2205.0,2196.0,2205.0,14100,0.0,0.0
2024-05-01 13:00:00+09:00,2205.0,2206.0,2195.0,2201.0,3800,0.0,0.0
2024-05-01 14:00:00+09:00,2202.0,2203.0,2195.0,2199.0,2700,0.0,0.0
2024-05-02 09:00:00+09:00,2197.0,2197.0,2183.0,2193.0,9300,0.0,0.0
2024-05-02 10:00:00+09:00,2190.0,2190.0,2173.0,2173.0,6100,0.0,0.0
2024-05-02 11:00:00+09:00,2175.0,2176.0,2172.0,2173.0,0,0.0,0.0
2024-05-02 12:00:00+09:00,2175.0,2175.0,2172.0,2173.0,17400,0.0,0.0
2024-05-02 13:00:00+09:00,2172.0,2176.0,2170.0,2174.0,4200,0.0,0.0
2024-05-02 14:00:00+09:00,2175.0,2175.0,2166.0,2168.0,6000,0.0,0.0
2024-05-07 09:00:00+09:00,2167.0,2193.0,2161.0,2187.0,8100,0.0,0.0
2024-05-07 10:00:00+09:00,2187.0,2190.0,2168.0,2168.0,3500,0.0,0.0
2024-05-07 11:00:00+09:00,2169.0,2170.0,2164.0,2168.0,0,0.0,0.0
2024-05-07 12:00:00+09:00,2170.0,2170.0,2164.0,2169.0,15200,0.0,0.0
2024-05-07 13:00:00+09:00,2171.0,2171.0,2162.0,2166.0,3900,0.0,0.0
2024-05-07 14:00:00+09:00,2164.0,2172.0,2162.0,2172.0,3700,0.0,0.0
2024-05-08 09:00:00+09:00,2178.0,2178.0,2165.0,2174.0,8100,0.0,0.0
2024-05-08 10:00:00+09:00,2170.0,2170.0,2165.0,2170.0,2100,0.0,0.0
2024-05-08 11:00:00+09:00,2170.0,2172.0,2165.0,2172.0,0,0.0,0.0
2024-05-08 12:00:00+09:00,2173.0,2179.0,2173.0,2179.0,12900,0.0,0.0
2024-05-08 13:00:00+09:00,2180.0,2181.0,2151.0,2156.0,4500,0.0,0.0
2024-05-08 14:00:00+09:00,2154.0,2160.0,2149.0,2152.0,6700,0.0,0.0
2024-05-09 09:00:00+09:00,2120.0,2120.0,2066.0,2074.0,0,0.0,0.0
2024-05-09 10:00:00+09:00,2078.0,2093.0,2076.0,2085.0,50800,0.0,0.0
2024-05-09 11:00:00+09:00,2088.0,2090.0,2081.0,2081.0,0,0.0,0.0
2024-05-09 12:00:00+09:00,2090.0,2112.0,2090.0,2112.0,65300,0.0,0.0
2024-05-09 13:00:00+09:00,2112.0,2114.0,2097.0,2102.0,5200,0.0,0.0
2024-05-09 14:00:00+09:00,2102.0,2108.0,2097.0,2106.0,9900,0.0,0.0
2024-05-10 09:00:00+09:00,2035.0,2040.0,1936.0,1980.0,109200,0.0,0.0
2024-05-10 10:00:00+09:00,1986.0,1987.0,1945.0,1956.0,21000,0.0,0.0
2024-05-10 11:00:00+09:00,1958.0,1958.0,1945.0,1948.0,0,0.0,0.0
2024-05-10 12:00:00+09:00,1950.0,1960.0,1942.0,1950.0,147600,0.0,0.0
2024-05-10 13:00:00+09:00,1957.0,1963.0,1954.0,1961.0,7100,0.0,0.0
2024-05-10 14:00:00+09:00,1961.0,1966.0,1951.0,1963.0,10800,0.0,0.0
2024-05-13 09:00:00+09:00,1941.0,1961.0,1911.0,1927.0,52400,0.0,0.0
2024-05-13 10:00:00+09:00,1926.0,1934.0,1924.0,1930.0,6200,0.0,0.0
2024-05-13 11:00:00+09:00,1928.0,1933.0,1916.0,1927.0,0,0.0,0.0
2024-05-13 12:00:00+09:00,1927.0,1936.0,1927.0,1936.0,68600,0.0,0.0
2024-05-13 13:00:00+09:00,1932.0,1943.0,1927.0,1943.0,10600,0.0,0.0
2024-05-13 14:00:00+09:00,1945.0,1969.0,1941.0,1969.0,11300,0.0,0.0
2024-05-14 09:00:00+09:00,1957.0,1958.0,1932.0,1950.0,0,0.0,0.0
2024-05-14 10:00:00+09:00,1949.0,1949.0,1942.0,1949.0,16300,0.0,0.0
2024-05-14 11:00:00+09:00,1942.0,1942.0,1935.0,1935.0,0,0.0,0.0
2024-05-14 12:00:00+09:00,1933.0,1933.0,1920.0,1921.0,24500,0.0,0.0
2024-05-14 13:00:00+09:00,1925.0,1929.0,1920.0,1922.0,6100,0.0,0.0
2024-05-14 14:00:00+09:00,1928.0,1930.0,1921.0,1921.0,6600,0.0,0.0
2024-05-15 09:00:00+09:00,1930.0,1930.0,1902.0,1909.0,17700,0.0,0.0
2024-05-15 10:00:00+09:00,1912.0,1914.0,1908.0,1911.0,2400,0.0,0.0
2024-05-15 11:00:00+09:00,1908.0,1908.0,1892.0,1892.0,0,0.0,0.0
2024-05-15 12:00:00+09:00,1888.0,1895.0,1886.0,1891.0,31500,0.0,0.0
2024-05-15 13:00:00+09:00,1889.0,1892.0,1884.0,1888.0,5100,0.0,0.0
2024-05-15 14:00:00+09:00,1889.0,1895.0,1885.0,1890.0,5100,0.0,0.0
2024-05-16 09:00:00+09:00,1871.0,1884.0,1846.0,1854.0,30700,0.0,0.0
2024-05-16 10:00:00+09:00,1851.0,1856.0,1836.0,1838.0,13300,0.0,0.0
2024-05-16 11:00:00+09:00,1840.0,1846.0,1840.0,1846.0,0,0.0,0.0
2024-05-16 12:00:00+09:00,1843.0,1865.0,1843.0,1860.0,56500,0.0,0.0
2024-05-16 13:00:00+09:00,1857.0,1858.0,1850.0,1850.0,1100,0.0,0.0
2024-05-16 14:00:00+09:00,1850.0,1853.0,1837.0,1848.0,4200,0.0,0.0
2024-05-17 09:00:00+09:00,1836.0,1845.0,1820.0,1840.0,18500,0.0,0.0
2024-05-17 10:00:00+09:00,1845.0,1850.0,1844.0,1844.0,2000,0.0,0.0
2024-05-17 11:00:00+09:00,1844.0,1845.0,1842.0,1842.0,0,0.0,0.0
2024-05-17 12:00:00+09:00,1842.0,1850.0,1842.0,1844.0,23400,0.0,0.0
2024-05-17 13:00:00+09:00,1844.0,1849.0,1844.0,1844.0,1600,0.0,0.0
2024-05-17 14:00:00+09:00,1848.0,1848.0,1830.0,1834.0,2600,0.0,0.0
2024-05-20 09:00:00+09:00,1820.0,1857.0,1814.0,1848.0,15900,0.0,0.0
2024-05-20 10:00:00+09:00,1847.0,1848.0,1841.0,1848.0,1000,0.0,0.0
2024-05-20 11:00:00+09:00,1845.0,1850.0,1844.0,1844.0,0,0.0,0.0
2024-05-20 12:00:00+09:00,1845.0,1845.0,1843.0,1843.0,19100,0.0,0.0
2024-05-20 13:00:00+09:00,1843.0,1843.0,1830.0,1830.0,6900,0.0,0.0
2024-05-20 14:00:00+09:00,1830.0,1830.0,1816.0,1820.0,5100,0.0,0.0
2024-05-21 09:00:00+09:00,1819.0,1842.0,1817.0,1821.0,10000,0.0,0.0
2024-05-21 10:00:00+09:00,1816.0,1819.0,1809.0,1809.0,11200,0.0,0.0
2024-05-21 11:00:00+09:00,1806.0,1806.0,1797.0,1803.0,0,0.0,0.0
2024-05-21 12:00:00+09:00,1803.0,1808.0,1800.0,1800.0,29700,0.0,0.0
2024-05-21 13:00:00+09:00,1801.0,1804.0,1798.0,1799.0,4000,0.0,0.0
2024-05-21 14:00:00+09:00,1799.0,1800.0,1784.0,1784.0,7900,0.0,0.0
2024-05-22 09:00:00+09:00,1767.0,1784.0,1763.0,1773.0,16400,0.0,0.0
2024-05-22 10:00:00+09:00,1768.0,1770.0,1758.0,1768.0,11300,0.0,0.0
2024-05-22 11:00:00+09:00,1772.0,1772.0,1769.0,1769.0,0,0.0,0.0
2024-05-22 12:00:00+09:00,1763.0,1772.0,1762.0,1772.0,31100,0.0,0.0
2024-05-22 13:00:00+09:00,1768.0,1768.0,1763.0,1763.0,1700,0.0,0.0
2024-05-22 14:00:00+09:00,1763.0,1764.0,1760.0,1762.0,3600,0.0,0.0
2024-05-23 09:00:00+09:00,1766.0,1766.0,1724.0,1734.0,24600,0.0,0.0
2024-05-23 10:00:00+09:00,1735.0,1738.0,1732.0,1734.0,5600,0.0,0.0
2024-05-23 11:00:00+09:00,1734.0,1741.0,1731.0,1733.0,0,0.0,0.0
2024-05-23 12:00:00+09:00,1730.0,1737.0,1725.0,1725.0,44400,0.0,0.0
2024-05-23 13:00:00+09:00,1730.0,1730.0,1726.0,1726.0,3700,0.0,0.0
2024-05-23 14:00:00+09:00,1726.0,1735.0,1725.0,1729.0,7900,0.0,0.0
2024-05-24 09:00:00+09:00,1711.0,1728.0,1709.0,1724.0,11700,0.0,0.0
2024-05-24 10:00:00+09:00,1722.0,1728.0,1721.0,1721.0,700,0.0,0.0
2024-05-24 11:00:00+09:00,1722.0,1722.0,1722.0,1722.0,0,0.0,0.0
2024-05-24 12:00:00+09:00,1721.0,1721.0,1720.0,1720.0,14400,0.0,0.0
2024-05-24 13:00:00+09:00,1720.0,1726.0,1720.0,1726.0,1100,0.0,0.0
2024-05-24 14:00:00+09:00,1726.0,1727.0,1710.0,1712.0,8400,0.0,0.0
2024-05-27 09:00:00+09:00,1715.0,1730.0,1708.0,1723.0,0,0.0,0.0
2024-05-27 10:00:00+09:00,1720.0,1720.0,1700.0,1700.0,16000,0.0,0.0
2024-05-27 11:00:00+09:00,1702.0,1711.0,1701.0,1709.0,0,0.0,0.0
2024-05-27 12:00:00+09:00,1712.0,1712.0,1702.0,1707.0,20500,0.0,0.0
2024-05-27 13:00:00+09:00,1707.0,1707.0,1702.0,1707.0,1100,0.0,0.0
2024-05-27 14:00:00+09:00,1708.0,1713.0,1706.0,1713.0,4500,0.0,0.0
2024-05-28 09:00:00+09:00,1701.0,1717.0,1701.0,1711.0,4900,0.0,0.0
2024-05-28 10:00:00+09:00,1711.0,1711.0,1695.0,1701.0,8200,0.0,0.0
2024-05-28 11:00:00+09:00,1700.0,1701.0,1697.0,1701.0,0,0.0,0.0
2024-05-28 12:00:00+09:00,1704.0,1705.0,1701.0,1701.0,17300,0.0,0.0
2024-05-28 13:00:00+09:00,1702.0,1703.0,1699.0,1703.0,2300,0.0,0.0
2024-05-28 14:00:00+09:00,1699.0,1699.0,1693.0,1695.0,4500,0.0,0.0
2024-05-29 09:00:00+09:00,1699.0,1699.0,1688.0,1690.0,6700,0.0,0.0
2024-05-29 10:00:00+09:00,1688.0,1688.0,1671.0,1671.0,7300,0.0,0.0
2024-05-29 11:00:00+09:00,1671.0,1675.0,1671.0,1675.0,0,0.0,0.0
2024-05-29 12:00:00+09:00,1671.0,1675.0,1668.0,1668.0,18700,0.0,0.0
2024-05-29 13:00:00+09:00,1669.0,1675.0,1666.0,1675.0,0,0.0,0.0
2024-05-29 14:00:00+09:00,1673.0,1674.0,1661.0,1661.0,31300,0.0,0.0
2024-05-30 09:00:00+09:00,1650.0,1650.0,1630.0,1631.0,10400,0.0,0.0
2024-05-30 10:00:00+09:00,1631.0,1648.0,1630.0,1644.0,3300,0.0,0.0
2024-05-30 11:00:00+09:00,1645.0,1648.0,1641.0,1647.0,0,0.0,0.0
2024-05-30 12:00:00+09:00,1647.0,1647.0,1643.0,1644.0,15900,0.0,0.0
2024-05-30 13:00:00+09:00,1643.0,1644.0,1635.0,1644.0,7200,0.0,0.0
2024-05-30 14:00:00+09:00,1640.0,1641.0,1632.0,1639.0,3200,0.0,0.0
2024-05-31 09:00:00+09:00,1631.0,1647.0,1630.0,1643.0,6500,0.0,0.0
2024-05-31 10:00:00+09:00,1649.0,1649.0,1642.0,1647.0,1800,0.0,0.0
2024-05-31 11:00:00+09:00,1644.0,1648.0,1644.0,1648.0,0,0.0,0.0
2024-05-31 12:00:00+09:00,1648.0,1655.0,1648.0,1655.0,0,0.0,0.0
2024-05-31 13:00:00+09:00,1654.0,1672.0,1648.0,1669.0,19400,0.0,0.0
2024-05-31 14:00:00+09:00,1671.0,1672.0,1664.0,1669.0,3600,0.0,0.0
2024-06-03 09:00:00+09:00,1670.0,1680.0,1665.0,1670.0,6000,0.0,0.0
2024-06-03 10:00:00+09:00,1671.0,1676.0,1668.0,1668.0,3700,0.0,0.0
2024-06-03 11:00:00+09:00,1667.0,1667.0,1655.0,1659.0,0,0.0,0.0
2024-06-03 12:00:00+09:00,1659.0,1667.0,1659.0,1667.0,14100,0.0,0.0
2024-06-03 13:00:00+09:00,1666.0,1669.0,1661.0,1661.0,3200,0.0,0.0
2024-06-03 14:00:00+09:00,1662.0,1663.0,1656.0,1661.0,5800,0.0,0.0
2024-06-04 09:00:00+09:00,1669.0,1675.0,1657.0,1671.0,5000,0.0,0.0
2024-06-04 10:00:00+09:00,1670.0,1680.0,1670.0,1676.0,1600,0.0,0.0
2024-06-04 11:00:00+09:00,1675.0,1676.0,1671.0,1675.0,0,0.0,0.0
2024-06-04 12:00:00+09:00,1669.0,1678.0,1669.0,1675.0,9400,0.0,0.0
2024-06-04 13:00:00+09:00,1674.0,1677.0,1671.0,1673.0,3200,0.0,0.0
2024-06-04 14:00:00+09:00,1674.0,1676.0,1666.0,1666.0,3400,0.0,0.0
2024-06-05 09:00:00+09:00,1663.0,1663.0,1634.0,1642.0,10700,0.0,0.0
2024-06-05 10:00:00+09:00,1641.0,1649.0,1630.0,1631.0,4500,0.0,0.0
2024-06-05 11:00:00+09:00,1631.0,1633.0,1628.0,1633.0,0,0.0,0.0
2024-06-05 12:00:00+09:00,1633.0,1636.0,1630.0,1631.0,24300,0.0,0.0
2024-06-05 13:00:00+09:00,1630.0,1636.0,1630.0,1635.0,2300,0.0,0.0
2024-06-05 14:00:00+09:00,1634.0,1640.0,1633.0,1634.0,3900,0.0,0.0
2024-06-06 09:00:00+09:00,1656.0,1656.0,1626.0,1636.0,9700,0.0,0.0
2024-06-06 10:00:00+09:00,1635.0,1645.0,1626.0,1644.0,7100,0.0,0.0
2024-06-06 11:00:00+09:00,1644.0,1644.0,1636.0,1638.0,0,0.0,0.0
2024-06-06 12:00:00+09:00,1638.0,1642.0,1633.0,1633.0,19400,0.0,0.0
2024-06-06 13:00:00+09:00,1630.0,1632.0,1627.0,1628.0,1100,0.0,0.0
2024-06-06 14:00:00+09:00,1628.0,1637.0,1628.0,1632.0,3800,0.0,0.0
2024-06-07 09:00:00+09:00,1628.0,1648.0,1619.0,1638.0,6900,0.0,0.0
2024-06-07 10:00:00+09:00,1640.0,1642.0,1638.0,1640.0,1400,0.0,0.0
2024-06-07 11:00:00+09:00,1635.0,1647.0,1634.0,1647.0,0,0.0,0.0
2024-06-07 12:00:00+09:00,1643.0,1649.0,1643.0,1649.0,10100,0.0,0.0
2024-06-07 13:00:00+09:00,1648.0,1649.0,1647.0,1647.0,800,0.0,0.0
2024-06-07 14:00:00+09:00,1644.0,1650.0,1643.0,1648.0,2000,0.0,0.0
2024-06-10 09:00:00+09:00,1653.0,1655.0,1645.0,1652.0,4900,0.0,0.0
2024-06-10 10:00:00+09:00,1653.0,1662.0,1653.0,1662.0,3000,0.0,0.0
2024-06-10 11:00:00+09:00,1660.0,1660.0,1660.0,1660.0,0,0.0,0.0
2024-06-10 12:00:00+09:00,1662.0,1662.0,1648.0,1650.0,9400,0.0,0.0
2024-06-10 13:00:00+09:00,1648.0,1659.0,1647.0,1656.0,3500,0.0,0.0
2024-06-10 14:00:00+09:00,1659.0,1659.0,1653.0,1653.0,2100,0.0,0.0
2024-06-11 09:00:00+09:00,1650.0,1671.0,1650.0,1666.0,3800,0.0,0.0
2024-06-11 10:00:00+09:00,1669.0,1673.0,1665.0,1673.0,2500,0.0,0.0
2024-06-11 11:00:00+09:00,1671.0,1671.0,1663.0,1663.0,0,0.0,0.0
2024-06-11 12:00:00+09:00,1667.0,1667.0,1660.0,1662.0,8500,0.0,0.0
2024-06-11 13:00:00+09:00,1659.0,1659.0,1653.0,1653.0,1500,0.0,0.0
2024-06-11 14:00:00+09:00,1651.0,1651.0,1641.0,1644.0,6100,0.0,0.0
2024-06-12 09:00:00+09:00,1657.0,1661.0,1650.0,1661.0,3200,0.0,0.0
2024-06-12 10:00:00+09:00,1659.0,1659.0,1648.0,1648.0,2000,0.0,0.0
2024-06-12 11:00:00+09:00,1647.0,1647.0,1647.0,1647.0,0,0.0,0.0
2024-06-12 12:00:00+09:00,1648.0,1650.0,1645.0,1645.0,6100,0.0,0.0
2024-06-12 13:00:00+09:00,1647.0,1648.0,1642.0,1643.0,0,0.0,0.0
2024-06-12 14:00:00+09:00,1643.0,1647.0,1641.0,1646.0,11000,0.0,0.0
2024-06-13 09:00:00+09:00,1643.0,1643.0,1593.0,1608.0,20700,0.0,0.0
2024-06-13 10:00:00+09:00,1614.0,1614.0,1603.0,1605.0,1700,0.0,0.0
2024-06-13 11:00:00+09:00,1603.0,1603.0,1598.0,1598.0,0,0.0,0.0
2024-06-13 12:00:00+09:00,1595.0,1597.0,1592.0,1597.0,28200,0.0,0.0
2024-06-13 13:00:00+09:00,1595.0,1604.0,1592.0,1602.0,5400,0.0,0.0
2024-06-13 14:00:00+09:00,1600.0,1600.0,1583.0,1584.0,10600,0.0,0.0
2024-06-14 09:00:00+09:00,1582.0,1590.0,1580.0,1581.0,4200,0.0,0.0
2024-06-14 10:00:00+09:00,1580.0,1586.0,1579.0,1586.0,2900,0.0,0.0
2024-06-14 11:00:00+09:00,1586.0,1587.0,1584.0,1587.0,0,0.0,0.0
2024-06-14 12:00:00+09:00,1588.0,1597.0,1587.0,1595.0,10400,0.0,0.0
2024-06-14 13:00:00+09:00,1596.0,1600.0,1590.0,1600.0,4400,0.0,0.0
2024-06-14 14:00:00+09:00,1604.0,1605.0,1600.0,1605.0,2700,0.0,0.0
2024-06-17 09:00:00+09:00,1618.0,1618.0,1596.0,1597.0,8000,0.0,0.0
2024-06-17 10:00:00+09:00,1596.0,1597.0,1593.0,1597.0,2400,0.0,0.0
2024-06-17 11:00:00+09:00,1597.0,1603.0,1597.0,1603.0,0,0.0,0.0
2024-06-17 12:00:00+09:00,1619.0,1619.0,1601.0,1601.0,11900,0.0,0.0
2024-06-17 13:00:00+09:00,1600.0,1600.0,1596.0,1596.0,1200,0.0,0.0
2024-06-17 14:00:00+09:00,1596.0,1614.0,1595.0,1608.0,4400,0.0,0.0
2024-06-18 09:00:00+09:00,1605.0,1611.0,1600.0,1600.0,2900,0.0,0.0
2024-06-18 10:00:00+09:00,1600.0,1607.0,1599.0,1600.0,1400,0.0,0.0
2024-06-18 11:00:00+09:00,1606.0,1606.0,1606.0,1606.0,0,0.0,0.0
2024-06-18 12:00:00+09:00,1606.0,1606.0,1606.0,1606.0,4600,0.0,0.0
2024-06-18 13:00:00+09:00,1601.0,1602.0,1598.0,1598.0,1700,0.0,0.0
2024-06-18 14:00:00+09:00,1597.0,1597.0,1570.0,1574.0,19500,0.0,0.0
2024-06-19 09:00:00+09:00,1574.0,1586.0,1573.0,1586.0,11100,0.0,0.0
2024-06-19 10:00:00+09:00,1580.0,1590.0,1580.0,1590.0,2300,0.0,0.0
2024-06-19 11:00:00+09:00,1585.0,1590.0,1585.0,1590.0,0,0.0,0.0
2024-06-19 12:00:00+09:00,1585.0,1585.0,1580.0,1582.0,14900,0.0,0.0
2024-06-19 13:00:00+09:00,1579.0,1580.0,1574.0,1574.0,2900,0.0,0.0
2024-06-19 14:00:00+09:00,1575.0,1578.0,1571.0,1574.0,2300,0.0,0.0
2024-06-20 09:00:00+09:00,1574.0,1577.0,1566.0,1571.0,6400,0.0,0.0
2024-06-20 10:00:00+09:00,1567.0,1569.0,1565.0,1568.0,3400,0.0,0.0
2024-06-20 11:00:00+09:00,1569.0,1570.0,1568.0,1569.0,0,0.0,0.0
2024-06-20 12:00:00+09:00,1569.0,1574.0,1566.0,1566.0,13100,0.0,0.0
2024-06-20 13:00:00+09:00,1565.0,1576.0,1561.0,1576.0,3200,0.0,0.0
2024-06-20 14:00:00+09:00,1576.0,1577.0,1569.0,1571.0,2700,0.0,0.0
2024-06-21 09:00:00+09:00,1570.0,1585.0,1570.0,1579.0,2000,0.0,0.0
2024-06-21 10:00:00+09:00,1579.0,1588.0,1579.0,1586.0,1900,0.0,0.0
2024-06-21 11:00:00+09:00,1586.0,1590.0,1586.0,1590.0,0,0.0,0.0
2024-06-21 12:00:00+09:00,1585.0,1585.0,1585.0,1585.0,4700,0.0,0.0
2024-06-21 13:00:00+09:00,1585.0,1588.0,1585.0,1588.0,900,0.0,0.0
2024-06-21 14:00:00+09:00,1585.0,1592.0,1585.0,1592.0,2300,0.0,0.0
2024-06-24 09:00:00+09:00,1600.0,1622.0,1599.0,1616.0,5100,0.0,0.0
2024-06-24 10:00:00+09:00,1613.0,1613.0,1602.0,1602.0,1500,0.0,0.0
2024-06-24 11:00:00+09:00,1607.0,1608.0,1606.0,1608.0,0,0.0,0.0
2024-06-24 12:00:00+09:00,1609.0,1612.0,1608.0,1608.0,8300,0.0,0.0
2024-06-24 13:00:00+09:00,1612.0,1614.0,1612.0,1614.0,600,0.0,0.0
2024-06-24 14:00:00+09:00,1614.0,1618.0,1613.0,1616.0,2500,0.0,0.0
2024-06-25 09:00:00+09:00,1618.0,1642.0,1617.0,1636.0,10400,0.0,0.0
2024-06-25 10:00:00+09:00,1636.0,1659.0,1635.0,1654.0,8200,0.0,0.0
2024-06-25 11:00:00+09:00,1657.0,1657.0,1650.0,1653.0,0,0.0,0.0
2024-06-25 12:00:00+09:00,1653.0,1653.0,1641.0,1648.0,24400,0.0,0.0
2024-06-25 13:00:00+09:00,1646.0,1652.0,1646.0,1652.0,0,0.0,0.0
2024-06-25 14:00:00+09:00,1650.0,1651.0,1643.0,1648.0,28500,0.0,0.0
2024-06-26 09:00:00+09:00,1660.0,1664.0,1638.0,1649.0,7300,0.0,0.0
2024-06-26 10:00:00+09:00,1654.0,1660.0,1650.0,1656.0,6700,0.0,0.0
2024-06-26 11:00:00+09:00,1660.0,1662.0,1650.0,1656.0,0,0.0,0.0
2024-06-26 12:00:00+09:00,1663.0,1663.0,1650.0,1656.0,0,0.0,0.0
2024-06-26 13:00:00+09:00,1650.0,1650.0,1650.0,1650.0,18500,0.0,0.0
2024-06-26 14:00:00+09:00,1653.0,1654.0,1641.0,1641.0,3600,0.0,0.0
2024-06-27 09:00:00+09:00,1665.0,1698.0,1655.0,1693.0,16800,0.0,0.0
2024-06-27 10:00:00+09:00,1696.0,1705.0,1694.0,1700.0,6000,0.0,0.0
2024-06-27 11:00:00+09:00,1702.0,1705.0,1701.0,1704.0,0,0.0,0.0
2024-06-27 12:00:00+09:00,1715.0,1715.0,1702.0,1707.0,30100,0.0,0.0
2024-06-27 13:00:00+09:00,1707.0,1710.0,1705.0,1707.0,2300,0.0,0.0
2024-06-27 14:00:00+09:00,1708.0,1710.0,1702.0,1702.0,4900,0.0,0.0
2024-06-28 09:00:00+09:00,1716.0,1716.0,1683.0,1698.0,17000,0.0,0.0
2024-06-28 10:00:00+09:00,1698.0,1701.0,1683.0,1684.0,4100,0.0,0.0
2024-06-28 11:00:00+09:00,1686.0,1686.0,1682.0,1682.0,0,0.0,0.0
2024-06-28 12:00:00+09:00,1700.0,1700.0,1681.0,1694.0,27000,0.0,0.0
2024-06-28 13:00:00+09:00,1694.0,1694.0,1686.0,1686.0,3900,0.0,0.0
2024-06-28 14:00:00+09:00,1685.0,1686.0,1675.0,1680.0,9500,0.0,0.0
