Datetime,Open,High,Low,Close,Volume,Dividends,Stock Splits
2022-06-30 09:00:00+09:00,119.0,119.0,118.0,119.0,18900,0.0,0.0
2022-06-30 10:00:00+09:00,118.0,119.0,118.0,119.0,6500,0.0,0.0
2022-06-30 11:00:00+09:00,119.0,119.0,119.0,119.0,0,0.0,0.0
2022-06-30 12:00:00+09:00,120.0,120.0,119.0,119.0,27800,0.0,0.0
2022-06-30 13:00:00+09:00,119.0,119.0,119.0,119.0,4500,0.0,0.0
2022-06-30 14:00:00+09:00,119.0,120.0,119.0,119.0,2400,0.0,0.0
2022-07-01 09:00:00+09:00,121.0,121.0,119.0,119.0,27700,0.0,0.0
2022-07-01 10:00:00+09:00,119.0,119.0,118.0,118.0,11900,0.0,0.0
2022-07-01 11:00:00+09:00,118.0,119.0,118.0,119.0,0,0.0,0.0
2022-07-01 12:00:00+09:00,119.0,119.0,119.0,119.0,42800,0.0,0.0
2022-07-01 13:00:00+09:00,118.0,119.0,118.0,118.0,5100,0.0,0.0
2022-07-01 14:00:00+09:00,118.0,119.0,118.0,119.0,8200,0.0,0.0
2022-07-04 09:00:00+09:00,119.0,120.0,118.0,119.0,0,0.0,0.0
2022-07-04 10:00:00+09:00,119.0,119.0,118.0,119.0,3200,0.0,0.0
2022-07-04 11:00:00+09:00,118.0,123.0,118.0,120.0,0,0.0,0.0
2022-07-04 12:00:00+09:00,120.0,120.0,119.0,120.0,66500,0.0,0.0
2022-07-04 13:00:00+09:00,120.0,120.0,120.0,120.0,800,0.0,0.0
2022-07-04 14:00:00+09:00,120.0,121.0,120.0,120.0,2100,0.0,0.0
2022-07-05 09:00:00+09:00,118.0,121.0,118.0,119.0,21600,0.0,0.0
2022-07-05 10:00:00+09:00,120.0,120.0,120.0,120.0,300,0.0,0.0
2022-07-05 11:00:00+09:00,120.0,120.0,120.0,120.0,0,0.0,0.0
2022-07-05 12:00:00+09:00,120.0,120.0,119.0,120.0,22700,0.0,0.0
2022-07-05 13:00:00+09:00,119.0,119.0,119.0,119.0,1300,0.0,0.0
2022-07-05 14:00:00+09:00,119.0,119.0,117.0,118.0,25100,0.0,0.0
2022-07-06 09:00:00+09:00,119.0,119.0,118.0,119.0,6300,0.0,0.0
2022-07-06 10:00:00+09:00,120.0,122.0,119.0,122.0,19600,0.0,0.0
2022-07-06 11:00:00+09:00,123.0,123.0,122.0,122.0,0,0.0,0.0
2022-07-06 12:00:00+09:00,122.0,122.0,122.0,122.0,41600,0.0,0.0
2022-07-06 13:00:00+09:00,122.0,122.0,121.0,122.0,10300,0.0,0.0
2022-07-06 14:00:00+09:00,123.0,124.0,122.0,123.0,33300,0.0,0.0
2022-07-07 09:00:00+09:00,122.0,130.0,122.0,126.0,194700,0.0,0.0
2022-07-07 10:00:00+09:00,126.0,126.0,123.0,124.0,53000,0.0,0.0
2022-07-07 11:00:00+09:00,124.0,126.0,124.0,125.0,0,0.0,0.0
2022-07-07 12:00:00+09:00,125.0,125.0,124.0,124.0,288300,0.0,0.0
2022-07-07 13:00:00+09:00,124.0,124.0,122.0,123.0,29800,0.0,0.0
2022-07-07 14:00:00+09:00,123.0,124.0,121.0,123.0,31200,0.0,0.0
2022-07-08 09:00:00+09:00,125.0,125.0,123.0,123.0,26100,0.0,0.0
2022-07-08 10:00:00+09:00,123.0,124.0,123.0,123.0,7100,0.0,0.0
2022-07-08 11:00:00+09:00,123.0,123.0,123.0,123.0,0,0.0,0.0
2022-07-08 12:00:00+09:00,128.0,132.0,126.0,131.0,353900,0.0,0.0
2022-07-08 13:00:00+09:00,131.0,131.0,123.0,126.0,146700,0.0,0.0
2022-07-08 14:00:00+09:00,125.0,126.0,124.0,126.0,36300,0.0,0.0
2022-07-11 09:00:00+09:00,127.0,127.0,124.0,127.0,51100,0.0,0.0
2022-07-11 10:00:00+09:00,127.0,127.0,124.0,126.0,33200,0.0,0.0
2022-07-11 11:00:00+09:00,126.0,126.0,124.0,125.0,0,0.0,0.0
2022-07-11 12:00:00+09:00,124.0,124.0,123.0,124.0,126000,0.0,0.0
2022-07-11 13:00:00+09:00,123.0,124.0,122.0,122.0,22300,0.0,0.0
2022-07-11 14:00:00+09:00,123.0,124.0,122.0,124.0,19100,0.0,0.0
2022-07-12 09:00:00+09:00,124.0,125.0,123.0,124.0,4400,0.0,0.0
2022-07-12 10:00:00+09:00,124.0,124.0,123.0,123.0,25500,0.0,0.0
2022-07-12 11:00:00+09:00,123.0,123.0,123.0,123.0,0,0.0,0.0
2022-07-12 12:00:00+09:00,123.0,123.0,123.0,123.0,38100,0.0,0.0
2022-07-12 13:00:00+09:00,123.0,124.0,122.0,123.0,37000,0.0,0.0
2022-07-12 14:00:00+09:00,123.0,123.0,122.0,123.0,8600,0.0,0.0
2022-07-13 09:00:00+09:00,123.0,130.0,123.0,127.0,0,0.0,0.0
2022-07-13 10:00:00+09:00,126.0,127.0,126.0,126.0,135500,0.0,0.0
2022-07-13 11:00:00+09:00,126.0,126.0,126.0,126.0,0,0.0,0.0
2022-07-13 12:00:00+09:00,127.0,128.0,126.0,126.0,148400,0.0,0.0
2022-07-13 13:00:00+09:00,126.0,127.0,126.0,127.0,400,0.0,0.0
2022-07-13 14:00:00+09:00,126.0,127.0,126.0,127.0,9400,0.0,0.0
2022-07-14 09:00:00+09:00,126.0,126.0,124.0,125.0,15900,0.0,0.0
2022-07-14 10:00:00+09:00,124.0,127.0,124.0,126.0,18700,0.0,0.0
2022-07-14 11:00:00+09:00,125.0,125.0,125.0,125.0,0,0.0,0.0
2022-07-14 13:00:00+09:00,125.0,125.0,125.0,125.0,59400,0.0,0.0
2022-07-14 14:00:00+09:00,126.0,126.0,125.0,126.0,1900,0.0,0.0
2022-07-15 09:00:00+09:00,127.0,127.0,125.0,126.0,14500,0.0,0.0
2022-07-15 10:00:00+09:00,126.0,126.0,124.0,125.0,5000,0.0,0.0
2022-07-15 11:00:00+09:00,125.0,125.0,125.0,125.0,0,0.0,0.0
2022-07-15 12:00:00+09:00,124.0,124.0,123.0,123.0,25300,0.0,0.0
2022-07-15 13:00:00+09:00,123.0,125.0,123.0,125.0,2700,0.0,0.0
2022-07-15 14:00:00+09:00,125.0,126.0,125.0,126.0,9100,0.0,0.0
2022-07-19 09:00:00+09:00,124.0,125.0,124.0,124.0,8500,0.0,0.0
2022-07-19 11:00:00+09:00,124.0,124.0,124.0,124.0,0,0.0,0.0
2022-07-19 12:00:00+09:00,125.0,125.0,124.0,124.0,16000,0.0,0.0
2022-07-19 13:00:00+09:00,123.0,124.0,123.0,123.0,21800,0.0,0.0
2022-07-19 14:00:00+09:00,123.0,123.0,123.0,123.0,1200,0.0,0.0
2022-07-20 09:00:00+09:00,123.0,124.0,122.0,123.0,41800,0.0,0.0
2022-07-20 10:00:00+09:00,123.0,123.0,123.0,123.0,9900,0.0,0.0
2022-07-20 11:00:00+09:00,122.0,123.0,122.0,123.0,0,0.0,0.0
2022-07-20 12:00:00+09:00,123.0,123.0,122.0,122.0,85500,0.0,0.0
2022-07-20 13:00:00+09:00,122.0,122.0,122.0,122.0,5900,0.0,0.0
2022-07-20 14:00:00+09:00,123.0,123.0,122.0,122.0,5400,0.0,0.0
2022-07-21 09:00:00+09:00,122.0,123.0,122.0,123.0,11900,0.0,0.0
2022-07-21 10:00:00+09:00,123.0,124.0,123.0,124.0,13400,0.0,0.0
2022-07-21 11:00:00+09:00,124.0,124.0,123.0,123.0,0,0.0,0.0
2022-07-21 12:00:00+09:00,124.0,124.0,124.0,124.0,30900,0.0,0.0
2022-07-21 13:00:00+09:00,124.0,124.0,123.0,124.0,9300,0.0,0.0
2022-07-21 14:00:00+09:00,124.0,125.0,123.0,125.0,21500,0.0,0.0
2022-07-22 09:00:00+09:00,124.0,124.0,122.0,122.0,36700,0.0,0.0
2022-07-22 10:00:00+09:00,122.0,123.0,122.0,123.0,16700,0.0,0.0
2022-07-22 11:00:00+09:00,122.0,123.0,122.0,123.0,0,0.0,0.0
2022-07-22 12:00:00+09:00,123.0,124.0,123.0,124.0,67000,0.0,0.0
2022-07-22 13:00:00+09:00,123.0,123.0,122.0,122.0,16500,0.0,0.0
2022-07-22 14:00:00+09:00,123.0,124.0,122.0,124.0,8300,0.0,0.0
2022-07-25 09:00:00+09:00,123.0,131.0,123.0,126.0,36700,0.0,0.0
2022-07-25 10:00:00+09:00,127.0,128.0,126.0,126.0,17800,0.0,0.0
2022-07-25 11:00:00+09:00,127.0,127.0,125.0,125.0,0,0.0,0.0
2022-07-25 12:00:00+09:00,126.0,127.0,126.0,127.0,174700,0.0,0.0
2022-07-25 13:00:00+09:00,126.0,127.0,126.0,126.0,2600,0.0,0.0
2022-07-25 14:00:00+09:00,126.0,128.0,125.0,128.0,6800,0.0,0.0
2022-07-26 09:00:00+09:00,127.0,134.0,127.0,128.0,305600,0.0,0.0
2022-07-26 10:00:00+09:00,127.0,128.0,125.0,128.0,47900,0.0,0.0
2022-07-26 11:00:00+09:00,128.0,128.0,128.0,128.0,0,0.0,0.0
2022-07-26 12:00:00+09:00,129.0,130.0,128.0,130.0,401900,0.0,0.0
2022-07-26 13:00:00+09:00,130.0,130.0,129.0,130.0,19800,0.0,0.0
2022-07-26 14:00:00+09:00,129.0,129.0,126.0,126.0,94400,0.0,0.0
2022-07-27 09:00:00+09:00,128.0,129.0,125.0,129.0,68900,0.0,0.0
2022-07-27 10:00:00+09:00,128.0,129.0,128.0,129.0,24300,0.0,0.0
2022-07-27 11:00:00+09:00,128.0,128.0,128.0,128.0,0,0.0,0.0
2022-07-27 12:00:00+09:00,128.0,129.0,128.0,128.0,97900,0.0,0.0
2022-07-27 13:00:00+09:00,128.0,128.0,128.0,128.0,1700,0.0,0.0
2022-07-27 14:00:00+09:00,128.0,130.0,128.0,130.0,26700,0.0,0.0
2022-07-28 09:00:00+09:00,131.0,131.0,130.0,130.0,62000,0.0,0.0
2022-07-28 10:00:00+09:00,129.0,129.0,128.0,129.0,11000,0.0,0.0
2022-07-28 11:00:00+09:00,129.0,129.0,129.0,129.0,0,0.0,0.0
2022-07-28 12:00:00+09:00,128.0,129.0,128.0,128.0,80200,0.0,0.0
2022-07-28 13:00:00+09:00,128.0,129.0,128.0,128.0,10700,0.0,0.0
2022-07-28 14:00:00+09:00,128.0,129.0,128.0,129.0,8500,0.0,0.0
2022-07-29 09:00:00+09:00,130.0,131.0,129.0,129.0,28000,0.0,0.0
2022-07-29 10:00:00+09:00,129.0,130.0,129.0,129.0,8300,0.0,0.0
2022-07-29 11:00:00+09:00,129.0,129.0,129.0,129.0,0,0.0,0.0
2022-07-29 12:00:00+09:00,130.0,130.0,129.0,129.0,45400,0.0,0.0
2022-07-29 13:00:00+09:00,129.0,129.0,129.0,129.0,4100,0.0,0.0
2022-07-29 14:00:00+09:00,130.0,130.0,129.0,129.0,12400,0.0,0.0
2022-08-01 09:00:00+09:00,130.0,130.0,126.0,128.0,0,0.0,0.0
2022-08-01 10:00:00+09:00,127.0,127.0,126.0,126.0,16000,0.0,0.0
2022-08-01 11:00:00+09:00,126.0,127.0,124.0,127.0,0,0.0,0.0
2022-08-01 12:00:00+09:00,126.0,127.0,124.0,126.0,110800,0.0,0.0
2022-08-01 13:00:00+09:00,125.0,127.0,125.0,127.0,10300,0.0,0.0
2022-08-01 14:00:00+09:00,127.0,128.0,127.0,128.0,3000,0.0,0.0
2022-08-02 09:00:00+09:00,127.0,127.0,125.0,126.0,11500,0.0,0.0
2022-08-02 10:00:00+09:00,126.0,127.0,125.0,125.0,6300,0.0,0.0
2022-08-02 11:00:00+09:00,125.0,125.0,125.0,125.0,0,0.0,0.0
2022-08-02 12:00:00+09:00,125.0,125.0,125.0,125.0,36500,0.0,0.0
2022-08-02 13:00:00+09:00,125.0,125.0,125.0,125.0,3600,0.0,0.0
2022-08-02 14:00:00+09:00,125.0,126.0,125.0,126.0,5900,0.0,0.0
2022-08-03 09:00:00+09:00,125.0,126.0,124.0,125.0,18400,0.0,0.0
2022-08-03 10:00:00+09:00,124.0,126.0,124.0,125.0,6900,0.0,0.0
2022-08-03 11:00:00+09:00,124.0,124.0,124.0,124.0,0,0.0,0.0
2022-08-03 12:00:00+09:00,124.0,126.0,124.0,126.0,29300,0.0,0.0
2022-08-03 13:00:00+09:00,126.0,127.0,126.0,127.0,4900,0.0,0.0
2022-08-03 14:00:00+09:00,125.0,126.0,125.0,126.0,6400,0.0,0.0
2022-08-04 09:00:00+09:00,124.0,126.0,124.0,125.0,17000,0.0,0.0
2022-08-04 10:00:00+09:00,125.0,125.0,124.0,125.0,4600,0.0,0.0
2022-08-04 11:00:00+09:00,124.0,125.0,124.0,125.0,0,0.0,0.0
2022-08-04 12:00:00+09:00,125.0,125.0,124.0,124.0,38700,0.0,0.0
2022-08-04 13:00:00+09:00,125.0,126.0,124.0,124.0,14100,0.0,0.0
2022-08-04 14:00:00+09:00,124.0,124.0,123.0,123.0,7500,0.0,0.0
2022-08-05 09:00:00+09:00,124.0,125.0,122.0,124.0,0,0.0,0.0
2022-08-05 10:00:00+09:00,123.0,124.0,123.0,124.0,41200,0.0,0.0
2022-08-05 11:00:00+09:00,122.0,123.0,122.0,122.0,0,0.0,0.0
2022-08-05 12:00:00+09:00,122.0,124.0,122.0,123.0,52400,0.0,0.0
2022-08-05 13:00:00+09:00,123.0,123.0,122.0,123.0,21500,0.0,0.0
2022-08-05 14:00:00+09:00,124.0,124.0,123.0,123.0,900,0.0,0.0
2022-08-08 09:00:00+09:00,123.0,124.0,123.0,123.0,0,0.0,0.0
2022-08-08 10:00:00+09:00,123.0,123.0,122.0,122.0,14000,0.0,0.0
2022-08-08 11:00:00+09:00,122.0,123.0,122.0,122.0,0,0.0,0.0
2022-08-08 12:00:00+09:00,123.0,123.0,123.0,123.0,25300,0.0,0.0
2022-08-08 13:00:00+09:00,122.0,122.0,122.0,122.0,10100,0.0,0.0
2022-08-08 14:00:00+09:00,123.0,123.0,122.0,122.0,2100,0.0,0.0
2022-08-09 09:00:00+09:00,122.0,122.0,122.0,122.0,5600,0.0,0.0
2022-08-09 10:00:00+09:00,122.0,122.0,122.0,122.0,1000,0.0,0.0
2022-08-09 11:00:00+09:00,122.0,122.0,122.0,122.0,0,0.0,0.0
2022-08-09 12:00:00+09:00,123.0,123.0,123.0,123.0,7700,0.0,0.0
2022-08-09 13:00:00+09:00,122.0,123.0,121.0,123.0,12700,0.0,0.0
2022-08-09 14:00:00+09:00,123.0,123.0,122.0,123.0,3200,0.0,0.0
2022-08-10 09:00:00+09:00,123.0,123.0,122.0,122.0,1900,0.0,0.0
2022-08-10 10:00:00+09:00,122.0,122.0,122.0,122.0,100,0.0,0.0
2022-08-10 11:00:00+09:00,123.0,123.0,123.0,123.0,0,0.0,0.0
2022-08-10 12:00:00+09:00,123.0,123.0,122.0,122.0,11400,0.0,0.0
2022-08-10 13:00:00+09:00,123.0,123.0,123.0,123.0,400,0.0,0.0
2022-08-10 14:00:00+09:00,123.0,123.0,122.0,122.0,3900,0.0,0.0
2022-08-12 09:00:00+09:00,122.0,123.0,122.0,122.0,0,0.0,0.0
2022-08-12 10:00:00+09:00,122.0,122.0,122.0,122.0,2800,0.0,0.0
2022-08-12 11:00:00+09:00,122.0,122.0,122.0,122.0,0,0.0,0.0
2022-08-12 12:00:00+09:00,122.0,122.0,122.0,122.0,14100,0.0,0.0
2022-08-12 13:00:00+09:00,123.0,123.0,123.0,123.0,800,0.0,0.0
2022-08-12 14:00:00+09:00,122.0,123.0,122.0,123.0,4000,0.0,0.0
2022-08-15 09:00:00+09:00,124.0,127.0,124.0,127.0,41300,0.0,0.0
2022-08-15 10:00:00+09:00,127.0,127.0,126.0,127.0,5400,0.0,0.0
2022-08-15 11:00:00+09:00,127.0,128.0,127.0,127.0,0,0.0,0.0
2022-08-15 12:00:00+09:00,128.0,128.0,127.0,127.0,119400,0.0,0.0
2022-08-15 13:00:00+09:00,127.0,129.0,127.0,128.0,28100,0.0,0.0
2022-08-15 14:00:00+09:00,128.0,130.0,128.0,130.0,48700,0.0,0.0
2022-08-16 09:00:00+09:00,120.0,121.0,119.0,121.0,135100,0.0,0.0
2022-08-16 10:00:00+09:00,121.0,122.0,120.0,120.0,39300,0.0,0.0
2022-08-16 11:00:00+09:00,121.0,121.0,120.0,121.0,0,0.0,0.0
2022-08-16 12:00:00+09:00,122.0,122.0,120.0,121.0,193500,0.0,0.0
2022-08-16 13:00:00+09:00,121.0,122.0,121.0,121.0,33100,0.0,0.0
2022-08-16 14:00:00+09:00,121.0,122.0,121.0,121.0,26200,0.0,0.0
2022-08-17 09:00:00+09:00,122.0,122.0,121.0,121.0,15200,0.0,0.0
2022-08-17 10:00:00+09:00,121.0,122.0,121.0,121.0,3500,0.0,0.0
2022-08-17 11:00:00+09:00,122.0,123.0,122.0,123.0,0,0.0,0.0
2022-08-17 12:00:00+09:00,123.0,123.0,122.0,122.0,43100,0.0,0.0
2022-08-17 13:00:00+09:00,122.0,123.0,121.0,123.0,9100,0.0,0.0
2022-08-17 14:00:00+09:00,122.0,122.0,122.0,122.0,11000,0.0,0.0
2022-08-18 09:00:00+09:00,122.0,123.0,121.0,122.0,29900,0.0,0.0
2022-08-18 10:00:00+09:00,122.0,123.0,122.0,123.0,5000,0.0,0.0
2022-08-18 11:00:00+09:00,122.0,123.0,122.0,122.0,0,0.0,0.0
2022-08-18 12:00:00+09:00,123.0,123.0,123.0,123.0,0,0.0,0.0
2022-08-18 13:00:00+09:00,122.0,123.0,122.0,123.0,41300,0.0,0.0
2022-08-18 14:00:00+09:00,123.0,123.0,122.0,123.0,2900,0.0,0.0
2022-08-19 09:00:00+09:00,122.0,123.0,122.0,123.0,0,0.0,0.0
2022-08-19 10:00:00+09:00,123.0,123.0,122.0,122.0,16900,0.0,0.0
2022-08-19 11:00:00+09:00,122.0,123.0,122.0,122.0,0,0.0,0.0
2022-08-19 12:00:00+09:00,122.0,122.0,122.0,122.0,20700,0.0,0.0
2022-08-19 13:00:00+09:00,122.0,122.0,122.0,122.0,2700,0.0,0.0
2022-08-19 14:00:00+09:00,122.0,122.0,121.0,122.0,9000,0.0,0.0
2022-08-22 09:00:00+09:00,122.0,122.0,121.0,122.0,0,0.0,0.0
2022-08-22 10:00:00+09:00,122.0,123.0,121.0,123.0,15200,0.0,0.0
2022-08-22 11:00:00+09:00,123.0,123.0,123.0,123.0,0,0.0,0.0
2022-08-22 12:00:00+09:00,122.0,122.0,121.0,121.0,41000,0.0,0.0
2022-08-22 13:00:00+09:00,121.0,122.0,121.0,122.0,4900,0.0,0.0
2022-08-22 14:00:00+09:00,122.0,123.0,122.0,123.0,1600,0.0,0.0
2022-08-23 09:00:00+09:00,122.0,123.0,122.0,122.0,9900,0.0,0.0
2022-08-23 10:00:00+09:00,122.0,122.0,122.0,122.0,7700,0.0,0.0
2022-08-23 11:00:00+09:00,122.0,122.0,122.0,122.0,0,0.0,0.0
2022-08-23 12:00:00+09:00,123.0,123.0,122.0,122.0,20600,0.0,0.0
2022-08-23 13:00:00+09:00,123.0,123.0,123.0,123.0,500,0.0,0.0
2022-08-23 14:00:00+09:00,122.0,123.0,122.0,123.0,16600,0.0,0.0
2022-08-24 09:00:00+09:00,122.0,122.0,121.0,122.0,8800,0.0,0.0
2022-08-24 10:00:00+09:00,122.0,122.0,122.0,122.0,900,0.0,0.0
2022-08-24 11:00:00+09:00,122.0,122.0,122.0,122.0,0,0.0,0.0
2022-08-24 12:00:00+09:00,121.0,122.0,121.0,122.0,13200,0.0,0.0
2022-08-24 13:00:00+09:00,121.0,121.0,121.0,121.0,2100,0.0,0.0
2022-08-24 14:00:00+09:00,122.0,122.0,121.0,121.0,200,0.0,0.0
2022-08-25 09:00:00+09:00,122.0,122.0,121.0,122.0,5300,0.0,0.0
2022-08-25 10:00:00+09:00,122.0,123.0,121.0,123.0,12700,0.0,0.0
2022-08-25 11:00:00+09:00,122.0,123.0,122.0,123.0,0,0.0,0.0
2022-08-25 12:00:00+09:00,122.0,123.0,122.0,123.0,20100,0.0,0.0
2022-08-25 13:00:00+09:00,122.0,123.0,122.0,122.0,0,0.0,0.0
2022-08-25 14:00:00+09:00,122.0,122.0,122.0,122.0,25000,0.0,0.0
2022-08-26 09:00:00+09:00,122.0,123.0,121.0,123.0,4500,0.0,0.0
2022-08-26 10:00:00+09:00,122.0,122.0,122.0,122.0,2100,0.0,0.0
2022-08-26 11:00:00+09:00,122.0,122.0,122.0,122.0,0,0.0,0.0
2022-08-26 12:00:00+09:00,122.0,122.0,122.0,122.0,9200,0.0,0.0
2022-08-26 13:00:00+09:00,122.0,122.0,121.0,122.0,3900,0.0,0.0
2022-08-26 14:00:00+09:00,121.0,123.0,121.0,122.0,5900,0.0,0.0
2022-08-29 09:00:00+09:00,120.0,122.0,120.0,121.0,20600,0.0,0.0
2022-08-29 10:00:00+09:00,121.0,121.0,121.0,121.0,600,0.0,0.0
2022-08-29 11:00:00+09:00,121.0,121.0,121.0,121.0,0,0.0,0.0
2022-08-29 12:00:00+09:00,122.0,122.0,122.0,122.0,21300,0.0,0.0
2022-08-29 13:00:00+09:00,122.0,122.0,121.0,121.0,1900,0.0,0.0
2022-08-29 14:00:00+09:00,122.0,122.0,121.0,121.0,3600,0.0,0.0
2022-08-30 09:00:00+09:00,122.0,123.0,122.0,122.0,8400,0.0,0.0
2022-08-30 10:00:00+09:00,122.0,127.0,122.0,125.0,85800,0.0,0.0
2022-08-30 11:00:00+09:00,125.0,126.0,124.0,126.0,0,0.0,0.0
2022-08-30 12:00:00+09:00,126.0,126.0,123.0,125.0,177500,0.0,0.0
2022-08-30 13:00:00+09:00,124.0,125.0,123.0,123.0,27800,0.0,0.0
2022-08-30 14:00:00+09:00,124.0,124.0,123.0,123.0,4100,0.0,0.0
2022-08-31 09:00:00+09:00,124.0,124.0,122.0,123.0,16200,0.0,0.0
2022-08-31 10:00:00+09:00,122.0,123.0,122.0,122.0,11400,0.0,0.0
2022-08-31 11:00:00+09:00,122.0,122.0,122.0,122.0,0,0.0,0.0
2022-08-31 12:00:00+09:00,122.0,123.0,122.0,123.0,32300,0.0,0.0
2022-08-31 13:00:00+09:00,122.0,123.0,122.0,122.0,9500,0.0,0.0
2022-08-31 14:00:00+09:00,122.0,123.0,122.0,122.0,1100,0.0,0.0
2022-09-01 09:00:00+09:00,122.0,123.0,122.0,122.0,5500,0.0,0.0
2022-09-01 10:00:00+09:00,122.0,122.0,121.0,122.0,16900,0.0,0.0
2022-09-01 11:00:00+09:00,122.0,122.0,122.0,122.0,0,0.0,0.0
2022-09-01 12:00:00+09:00,122.0,122.0,122.0,122.0,22800,0.0,0.0
2022-09-01 13:00:00+09:00,122.0,122.0,122.0,122.0,0,0.0,0.0
2022-09-01 14:00:00+09:00,122.0,122.0,122.0,122.0,28300,0.0,0.0
2022-09-02 09:00:00+09:00,122.0,122.0,122.0,122.0,22500,0.0,0.0
2022-09-02 10:00:00+09:00,122.0,122.0,122.0,122.0,1000,0.0,0.0
2022-09-02 11:00:00+09:00,122.0,122.0,122.0,122.0,0,0.0,0.0
2022-09-02 12:00:00+09:00,121.0,121.0,120.0,121.0,52200,0.0,0.0
2022-09-02 13:00:00+09:00,121.0,121.0,121.0,121.0,15100,0.0,0.0
2022-09-02 14:00:00+09:00,121.0,122.0,120.0,120.0,21100,0.0,0.0
2022-09-05 09:00:00+09:00,121.0,121.0,119.0,120.0,0,0.0,0.0
2022-09-05 10:00:00+09:00,120.0,120.0,120.0,120.0,7000,0.0,0.0
2022-09-05 11:00:00+09:00,121.0,122.0,121.0,121.0,0,0.0,0.0
2022-09-05 12:00:00+09:00,122.0,122.0,120.0,121.0,24400,0.0,0.0
2022-09-05 13:00:00+09:00,121.0,123.0,121.0,121.0,7300,0.0,0.0
2022-09-05 14:00:00+09:00,122.0,122.0,121.0,121.0,5200,0.0,0.0
2022-09-06 09:00:00+09:00,122.0,122.0,121.0,121.0,5700,0.0,0.0
2022-09-06 10:00:00+09:00,120.0,121.0,119.0,121.0,23900,0.0,0.0
2022-09-06 11:00:00+09:00,120.0,120.0,120.0,120.0,0,0.0,0.0
2022-09-06 12:00:00+09:00,120.0,120.0,119.0,119.0,40700,0.0,0.0
2022-09-06 13:00:00+09:00,120.0,120.0,120.0,120.0,0,0.0,0.0
2022-09-06 14:00:00+09:00,121.0,121.0,120.0,120.0,52200,0.0,0.0
2022-09-07 09:00:00+09:00,120.0,120.0,119.0,119.0,9000,0.0,0.0
2022-09-07 10:00:00+09:00,120.0,120.0,119.0,119.0,1000,0.0,0.0
2022-09-07 11:00:00+09:00,119.0,119.0,119.0,119.0,0,0.0,0.0
2022-09-07 12:00:00+09:00,120.0,120.0,119.0,119.0,12300,0.0,0.0
2022-09-07 13:00:00+09:00,119.0,120.0,119.0,120.0,3000,0.0,0.0
2022-09-07 14:00:00+09:00,120.0,121.0,120.0,121.0,4600,0.0,0.0
2022-09-08 09:00:00+09:00,120.0,120.0,119.0,119.0,5500,0.0,0.0
2022-09-08 10:00:00+09:00,119.0,120.0,119.0,119.0,17200,0.0,0.0
2022-09-08 11:00:00+09:00,119.0,119.0,119.0,119.0,0,0.0,0.0
2022-09-08 12:00:00+09:00,119.0,119.0,119.0,119.0,25400,0.0,0.0
2022-09-08 13:00:00+09:00,119.0,120.0,119.0,120.0,0,0.0,0.0
2022-09-08 14:00:00+09:00,119.0,120.0,119.0,120.0,39800,0.0,0.0
2022-09-09 09:00:00+09:00,119.0,120.0,118.0,118.0,16900,0.0,0.0
2022-09-09 10:00:00+09:00,119.0,119.0,118.0,119.0,3800,0.0,0.0
2022-09-09 11:00:00+09:00,118.0,119.0,118.0,119.0,0,0.0,0.0
2022-09-09 12:00:00+09:00,119.0,119.0,118.0,118.0,38000,0.0,0.0
2022-09-09 13:00:00+09:00,119.0,119.0,119.0,119.0,100,0.0,0.0
2022-09-09 14:00:00+09:00,118.0,119.0,118.0,119.0,6000,0.0,0.0
2022-09-12 09:00:00+09:00,118.0,119.0,118.0,119.0,0,0.0,0.0
2022-09-12 10:00:00+09:00,120.0,120.0,119.0,120.0,3400,0.0,0.0
2022-09-12 11:00:00+09:00,120.0,120.0,118.0,119.0,0,0.0,0.0
2022-09-12 12:00:00+09:00,119.0,119.0,118.0,118.0,51700,0.0,0.0
2022-09-12 13:00:00+09:00,118.0,118.0,118.0,118.0,3300,0.0,0.0
2022-09-12 14:00:00+09:00,119.0,119.0,118.0,118.0,4200,0.0,0.0
2022-09-13 09:00:00+09:00,119.0,119.0,118.0,119.0,10600,0.0,0.0
2022-09-13 10:00:00+09:00,119.0,119.0,117.0,119.0,22100,0.0,0.0
2022-09-13 11:00:00+09:00,118.0,118.0,118.0,118.0,0,0.0,0.0
2022-09-13 12:00:00+09:00,118.0,118.0,116.0,117.0,56100,0.0,0.0
2022-09-13 13:00:00+09:00,117.0,118.0,117.0,118.0,4200,0.0,0.0
2022-09-13 14:00:00+09:00,118.0,118.0,117.0,118.0,4800,0.0,0.0
2022-09-14 09:00:00+09:00,117.0,117.0,112.0,116.0,80200,0.0,0.0
2022-09-14 10:00:00+09:00,117.0,117.0,116.0,116.0,5200,0.0,0.0
2022-09-14 11:00:00+09:00,116.0,117.0,116.0,117.0,0,0.0,0.0
2022-09-14 12:00:00+09:00,116.0,117.0,115.0,116.0,102100,0.0,0.0
2022-09-14 13:00:00+09:00,116.0,117.0,116.0,117.0,8000,0.0,0.0
2022-09-14 14:00:00+09:00,117.0,117.0,116.0,116.0,4300,0.0,0.0
2022-09-15 09:00:00+09:00,118.0,118.0,116.0,118.0,34000,0.0,0.0
2022-09-15 10:00:00+09:00,118.0,118.0,117.0,118.0,2300,0.0,0.0
2022-09-15 11:00:00+09:00,117.0,118.0,117.0,118.0,0,0.0,0.0
2022-09-15 12:00:00+09:00,117.0,117.0,116.0,116.0,53100,0.0,0.0
2022-09-15 13:00:00+09:00,117.0,117.0,115.0,116.0,7300,0.0,0.0
2022-09-15 14:00:00+09:00,117.0,117.0,115.0,116.0,4100,0.0,0.0
2022-09-16 09:00:00+09:00,116.0,116.0,113.0,115.0,50300,0.0,0.0
2022-09-16 10:00:00+09:00,115.0,116.0,114.0,116.0,8500,0.0,0.0
2022-09-16 11:00:00+09:00,116.0,116.0,116.0,116.0,0,0.0,0.0
2022-09-16 12:00:00+09:00,116.0,117.0,116.0,117.0,68300,0.0,0.0
2022-09-16 13:00:00+09:00,117.0,117.0,117.0,117.0,2200,0.0,0.0
2022-09-16 14:00:00+09:00,117.0,117.0,115.0,116.0,8800,0.0,0.0
2022-09-20 09:00:00+09:00,117.0,117.0,113.0,115.0,17800,0.0,0.0
2022-09-20 10:00:00+09:00,115.0,115.0,114.0,115.0,3500,0.0,0.0
2022-09-20 11:00:00+09:00,115.0,115.0,114.0,114.0,0,0.0,0.0
2022-09-20 12:00:00+09:00,113.0,114.0,113.0,114.0,32000,0.0,0.0
2022-09-20 13:00:00+09:00,114.0,114.0,113.0,113.0,8800,0.0,0.0
2022-09-20 14:00:00+09:00,114.0,115.0,113.0,115.0,9600,0.0,0.0
2022-09-21 09:00:00+09:00,115.0,115.0,113.0,114.0,11800,0.0,0.0
2022-09-21 10:00:00+09:00,114.0,114.0,113.0,114.0,1800,0.0,0.0
2022-09-21 11:00:00+09:00,113.0,113.0,110.0,112.0,0,0.0,0.0
2022-09-21 12:00:00+09:00,112.0,113.0,112.0,113.0,51200,0.0,0.0
2022-09-21 13:00:00+09:00,113.0,113.0,111.0,111.0,12000,0.0,0.0
2022-09-21 14:00:00+09:00,112.0,112.0,110.0,111.0,14100,0.0,0.0
2022-09-22 09:00:00+09:00,110.0,110.0,109.0,110.0,25200,0.0,0.0
2022-09-22 10:00:00+09:00,111.0,112.0,109.0,111.0,9600,0.0,0.0
2022-09-22 11:00:00+09:00,112.0,112.0,111.0,111.0,0,0.0,0.0
2022-09-22 12:00:00+09:00,111.0,112.0,111.0,112.0,47100,0.0,0.0
2022-09-22 13:00:00+09:00,112.0,112.0,110.0,110.0,2200,0.0,0.0
2022-09-22 14:00:00+09:00,111.0,111.0,110.0,111.0,6300,0.0,0.0
2022-09-26 09:00:00+09:00,108.0,111.0,108.0,109.0,0,0.0,0.0
2022-09-26 10:00:00+09:00,111.0,111.0,109.0,110.0,2500,0.0,0.0
2022-09-26 11:00:00+09:00,110.0,111.0,110.0,111.0,0,0.0,0.0
2022-09-26 12:00:00+09:00,111.0,111.0,110.0,110.0,20100,0.0,0.0
2022-09-26 13:00:00+09:00,110.0,110.0,108.0,108.0,6600,0.0,0.0
2022-09-26 14:00:00+09:00,109.0,109.0,108.0,108.0,3700,0.0,0.0
2022-09-27 09:00:00+09:00,109.0,109.0,108.0,109.0,16900,0.0,0.0
2022-09-27 10:00:00+09:00,109.0,109.0,108.0,109.0,6400,0.0,0.0
2022-09-27 11:00:00+09:00,109.0,110.0,109.0,110.0,0,0.0,0.0
2022-09-27 12:00:00+09:00,110.0,110.0,109.0,110.0,35800,0.0,0.0
2022-09-27 13:00:00+09:00,110.0,110.0,109.0,109.0,9000,0.0,0.0
2022-09-27 14:00:00+09:00,109.0,110.0,109.0,109.0,6500,0.0,0.0
2022-09-28 09:00:00+09:00,109.0,110.0,108.0,109.0,5900,0.0,0.0
2022-09-28 10:00:00+09:00,109.0,109.0,105.0,107.0,26300,0.0,0.0
2022-09-28 11:00:00+09:00,107.0,107.0,104.0,104.0,0,0.0,0.0
2022-09-28 12:00:00+09:00,106.0,106.0,104.0,104.0,70500,0.0,0.0
2022-09-28 13:00:00+09:00,105.0,106.0,104.0,106.0,9500,0.0,0.0
2022-09-28 14:00:00+09:00,105.0,106.0,104.0,106.0,11900,0.0,0.0
2022-09-29 09:00:00+09:00,106.0,109.0,106.0,108.0,8700,0.0,0.0
2022-09-29 10:00:00+09:00,106.0,108.0,106.0,108.0,2900,0.0,0.0
2022-09-29 11:00:00+09:00,108.0,108.0,107.0,108.0,0,0.0,0.0
2022-09-29 12:00:00+09:00,107.0,108.0,107.0,107.0,14800,0.0,0.0
2022-09-29 13:00:00+09:00,108.0,109.0,107.0,108.0,4000,0.0,0.0
2022-09-29 14:00:00+09:00,108.0,109.0,108.0,109.0,11100,0.0,0.0
2022-09-30 09:00:00+09:00,108.0,110.0,107.0,109.0,0,0.0,0.0
2022-09-30 10:00:00+09:00,109.0,110.0,109.0,110.0,8900,0.0,0.0
2022-09-30 11:00:00+09:00,110.0,110.0,109.0,110.0,0,0.0,0.0
2022-09-30 12:00:00+09:00,109.0,109.0,107.0,109.0,12900,0.0,0.0
2022-09-30 13:00:00+09:00,110.0,110.0,107.0,110.0,5500,0.0,0.0
2022-09-30 14:00:00+09:00,110.0,110.0,110.0,110.0,2500,0.0,0.0
2022-10-03 09:00:00+09:00,108.0,109.0,107.0,108.0,22700,0.0,0.0
2022-10-03 10:00:00+09:00,108.0,109.0,107.0,109.0,7300,0.0,0.0
2022-10-03 11:00:00+09:00,109.0,109.0,109.0,109.0,0,0.0,0.0
2022-10-03 12:00:00+09:00,109.0,109.0,109.0,109.0,31800,0.0,0.0
2022-10-03 13:00:00+09:00,108.0,108.0,108.0,108.0,2300,0.0,0.0
2022-10-03 14:00:00+09:00,108.0,109.0,107.0,109.0,7400,0.0,0.0
2022-10-04 09:00:00+09:00,108.0,110.0,108.0,110.0,11300,0.0,0.0
2022-10-04 10:00:00+09:00,109.0,109.0,109.0,109.0,5000,0.0,0.0
2022-10-04 11:00:00+09:00,109.0,109.0,108.0,109.0,0,0.0,0.0
2022-10-04 12:00:00+09:00,109.0,110.0,109.0,109.0,33900,0.0,0.0
2022-10-04 13:00:00+09:00,109.0,109.0,108.0,109.0,6900,0.0,0.0
2022-10-04 14:00:00+09:00,109.0,110.0,108.0,110.0,12100,0.0,0.0
2022-10-05 09:00:00+09:00,110.0,110.0,109.0,109.0,3600,0.0,0.0
2022-10-05 10:00:00+09:00,110.0,111.0,109.0,111.0,10900,0.0,0.0
2022-10-05 11:00:00+09:00,111.0,111.0,109.0,109.0,0,0.0,0.0
2022-10-05 12:00:00+09:00,109.0,111.0,109.0,110.0,19300,0.0,0.0
2022-10-05 13:00:00+09:00,110.0,110.0,109.0,109.0,3800,0.0,0.0
2022-10-05 14:00:00+09:00,109.0,109.0,108.0,109.0,4700,0.0,0.0
2022-10-06 09:00:00+09:00,108.0,110.0,108.0,110.0,2900,0.0,0.0
2022-10-06 10:00:00+09:00,110.0,110.0,110.0,110.0,3000,0.0,0.0
2022-10-06 11:00:00+09:00,110.0,110.0,110.0,110.0,0,0.0,0.0
2022-10-06 12:00:00+09:00,110.0,110.0,110.0,110.0,8600,0.0,0.0
2022-10-06 13:00:00+09:00,110.0,111.0,110.0,110.0,5500,0.0,0.0
2022-10-06 14:00:00+09:00,110.0,111.0,110.0,111.0,5800,0.0,0.0
2022-10-07 09:00:00+09:00,110.0,111.0,109.0,111.0,14200,0.0,0.0
2022-10-07 10:00:00+09:00,111.0,111.0,109.0,109.0,6800,0.0,0.0
2022-10-07 11:00:00+09:00,110.0,110.0,109.0,110.0,0,0.0,0.0
2022-10-07 12:00:00+09:00,110.0,110.0,110.0,110.0,23400,0.0,0.0
2022-10-07 13:00:00+09:00,110.0,112.0,110.0,112.0,22600,0.0,0.0
2022-10-07 14:00:00+09:00,113.0,114.0,112.0,112.0,14200,0.0,0.0
2022-10-11 09:00:00+09:00,110.0,111.0,109.0,111.0,0,0.0,0.0
2022-10-11 10:00:00+09:00,111.0,111.0,110.0,111.0,2200,0.0,0.0
2022-10-11 11:00:00+09:00,111.0,111.0,110.0,110.0,0,0.0,0.0
2022-10-11 12:00:00+09:00,111.0,112.0,110.0,112.0,17000,0.0,0.0
2022-10-11 13:00:00+09:00,112.0,114.0,112.0,113.0,15200,0.0,0.0
2022-10-11 14:00:00+09:00,113.0,114.0,113.0,114.0,9500,0.0,0.0
2022-10-12 09:00:00+09:00,114.0,115.0,113.0,114.0,8700,0.0,0.0
2022-10-12 10:00:00+09:00,114.0,115.0,113.0,114.0,5600,0.0,0.0
2022-10-12 11:00:00+09:00,114.0,114.0,114.0,114.0,0,0.0,0.0
2022-10-12 12:00:00+09:00,114.0,115.0,114.0,115.0,22300,0.0,0.0
2022-10-12 13:00:00+09:00,115.0,115.0,114.0,115.0,2800,0.0,0.0
2022-10-12 14:00:00+09:00,115.0,115.0,114.0,114.0,7300,0.0,0.0
2022-10-13 09:00:00+09:00,114.0,114.0,111.0,111.0,46400,0.0,0.0
2022-10-13 10:00:00+09:00,111.0,112.0,111.0,112.0,5000,0.0,0.0
2022-10-13 11:00:00+09:00,112.0,112.0,111.0,111.0,0,0.0,0.0
2022-10-13 12:00:00+09:00,113.0,113.0,111.0,111.0,59900,0.0,0.0
2022-10-13 13:00:00+09:00,112.0,112.0,112.0,112.0,5300,0.0,0.0
2022-10-13 14:00:00+09:00,113.0,113.0,111.0,112.0,4800,0.0,0.0
2022-10-14 09:00:00+09:00,115.0,115.0,113.0,114.0,16300,0.0,0.0
2022-10-14 10:00:00+09:00,114.0,114.0,114.0,114.0,3600,0.0,0.0
2022-10-14 11:00:00+09:00,114.0,114.0,114.0,114.0,0,0.0,0.0
2022-10-14 12:00:00+09:00,113.0,113.0,113.0,113.0,26900,0.0,0.0
2022-10-14 13:00:00+09:00,113.0,114.0,113.0,114.0,7600,0.0,0.0
2022-10-14 14:00:00+09:00,114.0,114.0,112.0,113.0,7700,0.0,0.0
2022-10-17 09:00:00+09:00,113.0,113.0,112.0,112.0,0,0.0,0.0
2022-10-17 10:00:00+09:00,112.0,112.0,112.0,112.0,5500,0.0,0.0
2022-10-17 11:00:00+09:00,112.0,112.0,112.0,112.0,0,0.0,0.0
2022-10-17 12:00:00+09:00,112.0,112.0,112.0,112.0,15300,0.0,0.0
2022-10-17 13:00:00+09:00,112.0,113.0,112.0,113.0,2500,0.0,0.0
2022-10-17 14:00:00+09:00,113.0,113.0,112.0,113.0,5100,0.0,0.0
2022-10-18 09:00:00+09:00,113.0,113.0,112.0,113.0,5300,0.0,0.0
2022-10-18 10:00:00+09:00,113.0,113.0,112.0,113.0,1800,0.0,0.0
2022-10-18 11:00:00+09:00,113.0,113.0,113.0,113.0,0,0.0,0.0
2022-10-18 12:00:00+09:00,114.0,114.0,114.0,114.0,9900,0.0,0.0
2022-10-18 13:00:00+09:00,114.0,114.0,114.0,114.0,1900,0.0,0.0
2022-10-18 14:00:00+09:00,114.0,114.0,114.0,114.0,3700,0.0,0.0
2022-10-19 09:00:00+09:00,112.0,112.0,111.0,112.0,9400,0.0,0.0
2022-10-19 10:00:00+09:00,112.0,113.0,112.0,112.0,0,0.0,0.0
2022-10-19 11:00:00+09:00,113.0,114.0,113.0,114.0,0,0.0,0.0
2022-10-19 12:00:00+09:00,114.0,114.0,114.0,114.0,14800,0.0,0.0
2022-10-19 13:00:00+09:00,114.0,114.0,113.0,114.0,2200,0.0,0.0
2022-10-19 14:00:00+09:00,114.0,114.0,112.0,113.0,4300,0.0,0.0
2022-10-20 09:00:00+09:00,113.0,113.0,112.0,113.0,1800,0.0,0.0
2022-10-20 10:00:00+09:00,113.0,113.0,112.0,113.0,2400,0.0,0.0
2022-10-20 11:00:00+09:00,113.0,113.0,113.0,113.0,0,0.0,0.0
2022-10-20 12:00:00+09:00,113.0,114.0,113.0,113.0,9700,0.0,0.0
2022-10-20 13:00:00+09:00,114.0,114.0,111.0,112.0,14000,0.0,0.0
2022-10-20 14:00:00+09:00,113.0,114.0,113.0,114.0,1800,0.0,0.0
2022-10-21 09:00:00+09:00,114.0,114.0,112.0,113.0,13300,0.0,0.0
2022-10-21 10:00:00+09:00,113.0,113.0,113.0,113.0,1900,0.0,0.0
2022-10-21 11:00:00+09:00,114.0,114.0,114.0,114.0,0,0.0,0.0
2022-10-21 12:00:00+09:00,113.0,114.0,113.0,114.0,22200,0.0,0.0
2022-10-21 13:00:00+09:00,113.0,114.0,112.0,114.0,6900,0.0,0.0
2022-10-21 14:00:00+09:00,112.0,113.0,112.0,112.0,8600,0.0,0.0
2022-10-24 09:00:00+09:00,114.0,114.0,113.0,114.0,3600,0.0,0.0
2022-10-24 10:00:00+09:00,114.0,114.0,113.0,113.0,3900,0.0,0.0
2022-10-24 11:00:00+09:00,113.0,113.0,113.0,113.0,0,0.0,0.0
2022-10-24 12:00:00+09:00,112.0,113.0,111.0,113.0,23100,0.0,0.0
2022-10-24 13:00:00+09:00,112.0,113.0,112.0,113.0,2800,0.0,0.0
2022-10-24 14:00:00+09:00,113.0,114.0,113.0,114.0,4500,0.0,0.0
2022-10-25 09:00:00+09:00,113.0,115.0,113.0,115.0,11800,0.0,0.0
2022-10-25 10:00:00+09:00,115.0,115.0,115.0,115.0,1900,0.0,0.0
2022-10-25 11:00:00+09:00,114.0,115.0,114.0,115.0,0,0.0,0.0
2022-10-25 12:00:00+09:00,115.0,115.0,115.0,115.0,20900,0.0,0.0
2022-10-25 13:00:00+09:00,115.0,115.0,114.0,115.0,14800,0.0,0.0
2022-10-25 14:00:00+09:00,114.0,115.0,114.0,114.0,5900,0.0,0.0
2022-10-26 09:00:00+09:00,115.0,115.0,113.0,114.0,6300,0.0,0.0
2022-10-26 10:00:00+09:00,114.0,115.0,114.0,115.0,2000,0.0,0.0
2022-10-26 11:00:00+09:00,115.0,115.0,115.0,115.0,0,0.0,0.0
2022-10-26 12:00:00+09:00,115.0,115.0,114.0,114.0,12200,0.0,0.0
2022-10-26 13:00:00+09:00,114.0,115.0,114.0,115.0,2800,0.0,0.0
2022-10-26 14:00:00+09:00,115.0,116.0,115.0,116.0,21900,0.0,0.0
2022-10-27 09:00:00+09:00,116.0,116.0,114.0,114.0,1600,0.0,0.0
2022-10-27 10:00:00+09:00,115.0,115.0,115.0,115.0,2400,0.0,0.0
2022-10-27 11:00:00+09:00,115.0,115.0,115.0,115.0,0,0.0,0.0
2022-10-27 12:00:00+09:00,115.0,115.0,115.0,115.0,6900,0.0,0.0
2022-10-27 13:00:00+09:00,115.0,116.0,115.0,115.0,2300,0.0,0.0
2022-10-27 14:00:00+09:00,114.0,115.0,114.0,115.0,1200,0.0,0.0
2022-10-28 09:00:00+09:00,114.0,115.0,114.0,115.0,11500,0.0,0.0
2022-10-28 10:00:00+09:00,115.0,115.0,114.0,114.0,2900,0.0,0.0
2022-10-28 11:00:00+09:00,114.0,114.0,112.0,113.0,0,0.0,0.0
2022-10-28 12:00:00+09:00,115.0,115.0,114.0,115.0,40100,0.0,0.0
2022-10-28 14:00:00+09:00,114.0,114.0,114.0,114.0,1300,0.0,0.0
2022-10-31 09:00:00+09:00,115.0,115.0,114.0,114.0,0,0.0,0.0
2022-10-31 10:00:00+09:00,114.0,114.0,113.0,114.0,6700,0.0,0.0
2022-10-31 11:00:00+09:00,114.0,114.0,113.0,113.0,0,0.0,0.0
2022-10-31 12:00:00+09:00,113.0,113.0,113.0,113.0,9600,0.0,0.0
2022-10-31 13:00:00+09:00,113.0,114.0,113.0,113.0,1300,0.0,0.0
2022-10-31 14:00:00+09:00,113.0,114.0,113.0,113.0,1200,0.0,0.0
2022-11-01 09:00:00+09:00,113.0,114.0,113.0,113.0,4000,0.0,0.0
2022-11-01 10:00:00+09:00,113.0,113.0,113.0,113.0,2100,0.0,0.0
2022-11-01 11:00:00+09:00,112.0,112.0,112.0,112.0,0,0.0,0.0
2022-11-01 12:00:00+09:00,113.0,113.0,112.0,113.0,9300,0.0,0.0
2022-11-01 13:00:00+09:00,112.0,112.0,112.0,112.0,2200,0.0,0.0
2022-11-01 14:00:00+09:00,112.0,112.0,112.0,112.0,2100,0.0,0.0
2022-11-02 09:00:00+09:00,112.0,112.0,112.0,112.0,2000,0.0,0.0
2022-11-02 10:00:00+09:00,112.0,112.0,111.0,111.0,15100,0.0,0.0
2022-11-02 11:00:00+09:00,112.0,112.0,112.0,112.0,0,0.0,0.0
2022-11-02 12:00:00+09:00,111.0,112.0,111.0,112.0,23700,0.0,0.0
2022-11-02 14:00:00+09:00,112.0,112.0,111.0,112.0,3000,0.0,0.0
2022-11-04 09:00:00+09:00,112.0,112.0,112.0,112.0,900,0.0,0.0
2022-11-04 10:00:00+09:00,112.0,112.0,111.0,111.0,600,0.0,0.0
2022-11-04 11:00:00+09:00,111.0,111.0,111.0,111.0,0,0.0,0.0
2022-11-04 12:00:00+09:00,110.0,112.0,110.0,112.0,5500,0.0,0.0
2022-11-04 13:00:00+09:00,111.0,112.0,111.0,112.0,600,0.0,0.0
2022-11-04 14:00:00+09:00,111.0,111.0,110.0,111.0,3100,0.0,0.0
2022-11-07 09:00:00+09:00,110.0,112.0,110.0,112.0,0,0.0,0.0
2022-11-07 10:00:00+09:00,112.0,112.0,111.0,111.0,2000,0.0,0.0
2022-11-07 11:00:00+09:00,112.0,112.0,112.0,112.0,0,0.0,0.0
2022-11-07 12:00:00+09:00,113.0,113.0,111.0,112.0,17900,0.0,0.0
2022-11-07 13:00:00+09:00,112.0,112.0,111.0,112.0,2700,0.0,0.0
2022-11-07 14:00:00+09:00,112.0,112.0,111.0,112.0,5100,0.0,0.0
2022-11-08 09:00:00+09:00,112.0,112.0,111.0,111.0,500,0.0,0.0
2022-11-08 10:00:00+09:00,111.0,111.0,111.0,111.0,200,0.0,0.0
2022-11-08 11:00:00+09:00,112.0,112.0,112.0,112.0,0,0.0,0.0
2022-11-08 12:00:00+09:00,111.0,112.0,111.0,112.0,2300,0.0,0.0
2022-11-08 13:00:00+09:00,111.0,111.0,109.0,110.0,9200,0.0,0.0
2022-11-08 14:00:00+09:00,110.0,111.0,109.0,111.0,22200,0.0,0.0
2022-11-09 09:00:00+09:00,110.0,110.0,110.0,110.0,1700,0.0,0.0
2022-11-09 10:00:00+09:00,109.0,111.0,108.0,111.0,14100,0.0,0.0
2022-11-09 11:00:00+09:00,111.0,111.0,111.0,111.0,0,0.0,0.0
2022-11-09 12:00:00+09:00,110.0,110.0,109.0,110.0,20700,0.0,0.0
2022-11-09 13:00:00+09:00,110.0,110.0,110.0,110.0,1100,0.0,0.0
2022-11-09 14:00:00+09:00,110.0,111.0,110.0,111.0,1000,0.0,0.0
2022-11-10 09:00:00+09:00,111.0,111.0,109.0,110.0,500,0.0,0.0
2022-11-10 10:00:00+09:00,109.0,110.0,109.0,110.0,1700,0.0,0.0
2022-11-10 11:00:00+09:00,109.0,110.0,109.0,110.0,0,0.0,0.0
2022-11-10 12:00:00+09:00,110.0,110.0,109.0,110.0,8100,0.0,0.0
2022-11-10 13:00:00+09:00,110.0,110.0,109.0,110.0,1500,0.0,0.0
2022-11-10 14:00:00+09:00,110.0,111.0,109.0,111.0,1300,0.0,0.0
2022-11-11 09:00:00+09:00,108.0,109.0,108.0,109.0,32000,0.0,0.0
2022-11-11 10:00:00+09:00,109.0,109.0,107.0,109.0,47600,0.0,0.0
2022-11-11 11:00:00+09:00,109.0,109.0,108.0,109.0,0,0.0,0.0
2022-11-11 12:00:00+09:00,109.0,109.0,108.0,108.0,85600,0.0,0.0
2022-11-11 13:00:00+09:00,109.0,109.0,108.0,109.0,19300,0.0,0.0
2022-11-11 14:00:00+09:00,109.0,109.0,107.0,107.0,6300,0.0,0.0
2022-11-14 09:00:00+09:00,108.0,108.0,103.0,103.0,44200,0.0,0.0
2022-11-14 10:00:00+09:00,104.0,105.0,104.0,104.0,14700,0.0,0.0
2022-11-14 11:00:00+09:00,104.0,105.0,104.0,104.0,0,0.0,0.0
2022-11-14 12:00:00+09:00,105.0,105.0,104.0,105.0,69900,0.0,0.0
2022-11-14 13:00:00+09:00,105.0,107.0,105.0,106.0,27000,0.0,0.0
2022-11-14 14:00:00+09:00,107.0,108.0,105.0,108.0,14700,0.0,0.0
2022-11-15 09:00:00+09:00,108.0,108.0,105.0,106.0,20200,0.0,0.0
2022-11-15 10:00:00+09:00,107.0,107.0,106.0,107.0,1200,0.0,0.0
2022-11-15 11:00:00+09:00,107.0,107.0,106.0,107.0,0,0.0,0.0
2022-11-15 12:00:00+09:00,106.0,107.0,106.0,107.0,30700,0.0,0.0
2022-11-15 13:00:00+09:00,107.0,107.0,106.0,106.0,3200,0.0,0.0
2022-11-15 14:00:00+09:00,107.0,107.0,106.0,106.0,2400,0.0,0.0
2022-11-16 09:00:00+09:00,106.0,107.0,106.0,107.0,3600,0.0,0.0
2022-11-16 10:00:00+09:00,106.0,106.0,105.0,106.0,15400,0.0,0.0
2022-11-16 11:00:00+09:00,106.0,106.0,106.0,106.0,0,0.0,0.0
2022-11-16 12:00:00+09:00,106.0,106.0,106.0,106.0,19500,0.0,0.0
2022-11-16 13:00:00+09:00,106.0,106.0,106.0,106.0,2800,0.0,0.0
2022-11-16 14:00:00+09:00,106.0,106.0,105.0,106.0,3600,0.0,0.0
2022-11-17 09:00:00+09:00,106.0,106.0,105.0,106.0,4900,0.0,0.0
2022-11-17 10:00:00+09:00,106.0,106.0,105.0,106.0,2900,0.0,0.0
2022-11-17 11:00:00+09:00,106.0,106.0,106.0,106.0,0,0.0,0.0
2022-11-17 12:00:00+09:00,105.0,106.0,105.0,106.0,15800,0.0,0.0
2022-11-17 13:00:00+09:00,106.0,108.0,106.0,107.0,7400,0.0,0.0
2022-11-17 14:00:00+09:00,108.0,108.0,107.0,107.0,3900,0.0,0.0
2022-11-18 09:00:00+09:00,107.0,108.0,107.0,108.0,1100,0.0,0.0
2022-11-18 11:00:00+09:00,108.0,108.0,108.0,108.0,0,0.0,0.0
2022-11-18 12:00:00+09:00,107.0,108.0,107.0,108.0,8400,0.0,0.0
2022-11-18 13:00:00+09:00,107.0,109.0,107.0,108.0,7400,0.0,0.0
2022-11-18 14:00:00+09:00,108.0,109.0,108.0,108.0,4100,0.0,0.0
2022-11-21 09:00:00+09:00,108.0,108.0,108.0,108.0,0,0.0,0.0
2022-11-21 10:00:00+09:00,108.0,108.0,108.0,108.0,2500,0.0,0.0
2022-11-21 11:00:00+09:00,107.0,107.0,107.0,107.0,0,0.0,0.0
2022-11-21 12:00:00+09:00,107.0,107.0,107.0,107.0,17100,0.0,0.0
2022-11-21 13:00:00+09:00,107.0,108.0,106.0,107.0,4200,0.0,0.0
2022-11-21 14:00:00+09:00,107.0,108.0,107.0,108.0,1300,0.0,0.0
2022-11-22 09:00:00+09:00,106.0,106.0,104.0,105.0,27400,0.0,0.0
2022-11-22 10:00:00+09:00,105.0,106.0,105.0,106.0,5900,0.0,0.0
2022-11-22 11:00:00+09:00,106.0,106.0,106.0,106.0,0,0.0,0.0
2022-11-22 12:00:00+09:00,106.0,106.0,106.0,106.0,33600,0.0,0.0
2022-11-22 13:00:00+09:00,105.0,106.0,105.0,106.0,1500,0.0,0.0
2022-11-22 14:00:00+09:00,106.0,106.0,105.0,106.0,700,0.0,0.0
2022-11-24 09:00:00+09:00,105.0,106.0,105.0,106.0,21200,0.0,0.0
2022-11-24 10:00:00+09:00,106.0,107.0,105.0,107.0,15100,0.0,0.0
2022-11-24 11:00:00+09:00,106.0,106.0,106.0,106.0,0,0.0,0.0
2022-11-24 12:00:00+09:00,106.0,107.0,106.0,106.0,40400,0.0,0.0
2022-11-24 13:00:00+09:00,107.0,107.0,105.0,106.0,14400,0.0,0.0
2022-11-24 14:00:00+09:00,106.0,106.0,106.0,106.0,100,0.0,0.0
2022-11-25 09:00:00+09:00,105.0,105.0,104.0,104.0,42900,0.0,0.0
2022-11-25 10:00:00+09:00,105.0,106.0,105.0,105.0,2500,0.0,0.0
2022-11-25 11:00:00+09:00,105.0,106.0,105.0,106.0,0,0.0,0.0
2022-11-25 12:00:00+09:00,107.0,107.0,106.0,106.0,64900,0.0,0.0
2022-11-25 13:00:00+09:00,106.0,106.0,105.0,106.0,6200,0.0,0.0
2022-11-25 14:00:00+09:00,105.0,107.0,105.0,106.0,10600,0.0,0.0
2022-11-28 09:00:00+09:00,107.0,107.0,105.0,106.0,15800,0.0,0.0
2022-11-28 10:00:00+09:00,106.0,106.0,106.0,106.0,1800,0.0,0.0
2022-11-28 11:00:00+09:00,106.0,106.0,106.0,106.0,0,0.0,0.0
2022-11-28 12:00:00+09:00,106.0,106.0,105.0,106.0,33600,0.0,0.0
2022-11-28 13:00:00+09:00,106.0,106.0,105.0,105.0,13800,0.0,0.0
2022-11-28 14:00:00+09:00,105.0,106.0,105.0,106.0,1400,0.0,0.0
2022-11-29 09:00:00+09:00,104.0,105.0,104.0,104.0,13700,0.0,0.0
2022-11-29 10:00:00+09:00,104.0,105.0,104.0,105.0,6200,0.0,0.0
2022-11-29 11:00:00+09:00,105.0,105.0,105.0,105.0,0,0.0,0.0
2022-11-29 12:00:00+09:00,105.0,105.0,105.0,105.0,22900,0.0,0.0
2022-11-29 13:00:00+09:00,105.0,105.0,104.0,104.0,3900,0.0,0.0
2022-11-29 14:00:00+09:00,104.0,105.0,103.0,104.0,42400,0.0,0.0
2022-11-30 09:00:00+09:00,105.0,105.0,104.0,104.0,15000,0.0,0.0
2022-11-30 10:00:00+09:00,104.0,104.0,104.0,104.0,1700,0.0,0.0
2022-11-30 11:00:00+09:00,104.0,104.0,104.0,104.0,0,0.0,0.0
2022-11-30 13:00:00+09:00,104.0,104.0,104.0,104.0,21800,0.0,0.0
2022-11-30 14:00:00+09:00,104.0,104.0,104.0,104.0,1100,0.0,0.0
2022-12-01 09:00:00+09:00,104.0,105.0,103.0,103.0,9900,0.0,0.0
2022-12-01 10:00:00+09:00,103.0,103.0,102.0,102.0,36100,0.0,0.0
2022-12-01 11:00:00+09:00,103.0,103.0,102.0,103.0,0,0.0,0.0
2022-12-01 12:00:00+09:00,101.0,103.0,101.0,103.0,62400,0.0,0.0
2022-12-01 13:00:00+09:00,102.0,103.0,102.0,102.0,9000,0.0,0.0
2022-12-01 14:00:00+09:00,102.0,103.0,102.0,102.0,4000,0.0,0.0
2022-12-02 09:00:00+09:00,103.0,103.0,102.0,102.0,14000,0.0,0.0
2022-12-02 10:00:00+09:00,102.0,102.0,102.0,102.0,2400,0.0,0.0
2022-12-02 11:00:00+09:00,103.0,103.0,103.0,103.0,0,0.0,0.0
2022-12-02 12:00:00+09:00,103.0,103.0,103.0,103.0,22300,0.0,0.0
2022-12-02 14:00:00+09:00,102.0,102.0,101.0,102.0,14900,0.0,0.0
2022-12-05 09:00:00+09:00,101.0,102.0,91.0,100.0,96200,0.0,0.0
2022-12-05 10:00:00+09:00,100.0,102.0,99.0,102.0,22800,0.0,0.0
2022-12-05 11:00:00+09:00,102.0,102.0,102.0,102.0,0,0.0,0.0
2022-12-05 12:00:00+09:00,101.0,102.0,101.0,102.0,128000,0.0,0.0
2022-12-05 13:00:00+09:00,101.0,101.0,100.0,101.0,4700,0.0,0.0
2022-12-05 14:00:00+09:00,101.0,102.0,100.0,102.0,12600,0.0,0.0
2022-12-06 09:00:00+09:00,103.0,104.0,100.0,101.0,8500,0.0,0.0
2022-12-06 10:00:00+09:00,101.0,101.0,100.0,100.0,3300,0.0,0.0
2022-12-06 11:00:00+09:00,101.0,101.0,100.0,100.0,0,0.0,0.0
2022-12-06 12:00:00+09:00,101.0,101.0,100.0,101.0,22600,0.0,0.0
2022-12-06 13:00:00+09:00,101.0,102.0,100.0,102.0,800,0.0,0.0
2022-12-06 14:00:00+09:00,102.0,102.0,100.0,100.0,25900,0.0,0.0
2022-12-07 09:00:00+09:00,102.0,102.0,100.0,101.0,0,0.0,0.0
2022-12-07 10:00:00+09:00,101.0,101.0,101.0,101.0,9800,0.0,0.0
2022-12-07 11:00:00+09:00,100.0,100.0,100.0,100.0,0,0.0,0.0
2022-12-07 12:00:00+09:00,100.0,100.0,100.0,100.0,22700,0.0,0.0
2022-12-07 13:00:00+09:00,100.0,100.0,99.0,100.0,5500,0.0,0.0
2022-12-07 14:00:00+09:00,100.0,100.0,100.0,100.0,1300,0.0,0.0
2022-12-08 09:00:00+09:00,99.0,100.0,99.0,99.0,17300,0.0,0.0
2022-12-08 10:00:00+09:00,99.0,99.0,99.0,99.0,2500,0.0,0.0
2022-12-08 11:00:00+09:00,98.0,98.0,98.0,98.0,0,0.0,0.0
2022-12-08 12:00:00+09:00,97.0,98.0,97.0,98.0,51400,0.0,0.0
2022-12-08 13:00:00+09:00,98.0,100.0,98.0,100.0,14500,0.0,0.0
2022-12-08 14:00:00+09:00,100.0,100.0,98.0,99.0,22100,0.0,0.0
2022-12-09 09:00:00+09:00,100.0,101.0,100.0,100.0,0,0.0,0.0
2022-12-09 10:00:00+09:00,100.0,100.0,99.0,100.0,45300,0.0,0.0
2022-12-09 11:00:00+09:00,100.0,100.0,100.0,100.0,0,0.0,0.0
2022-12-09 12:00:00+09:00,100.0,100.0,100.0,100.0,71100,0.0,0.0
2022-12-09 13:00:00+09:00,100.0,100.0,100.0,100.0,5700,0.0,0.0
2022-12-09 14:00:00+09:00,100.0,100.0,96.0,97.0,75700,0.0,0.0
2022-12-12 09:00:00+09:00,95.0,97.0,95.0,96.0,0,0.0,0.0
2022-12-12 10:00:00+09:00,96.0,97.0,96.0,97.0,22400,0.0,0.0
2022-12-12 11:00:00+09:00,97.0,97.0,97.0,97.0,0,0.0,0.0
2022-12-12 12:00:00+09:00,98.0,99.0,97.0,99.0,42800,0.0,0.0
2022-12-12 13:00:00+09:00,100.0,104.0,99.0,102.0,118800,0.0,0.0
2022-12-12 14:00:00+09:00,101.0,103.0,99.0,102.0,62300,0.0,0.0
2022-12-13 09:00:00+09:00,104.0,104.0,100.0,100.0,59200,0.0,0.0
2022-12-13 10:00:00+09:00,101.0,102.0,101.0,102.0,11700,0.0,0.0
2022-12-13 11:00:00+09:00,102.0,102.0,101.0,101.0,0,0.0,0.0
2022-12-13 12:00:00+09:00,101.0,101.0,99.0,99.0,103300,0.0,0.0
2022-12-13 13:00:00+09:00,100.0,103.0,100.0,103.0,36600,0.0,0.0
2022-12-13 14:00:00+09:00,102.0,102.0,100.0,101.0,28800,0.0,0.0
2022-12-14 09:00:00+09:00,102.0,102.0,100.0,100.0,19000,0.0,0.0
2022-12-14 10:00:00+09:00,101.0,101.0,100.0,100.0,8700,0.0,0.0
2022-12-14 11:00:00+09:00,100.0,100.0,100.0,100.0,0,0.0,0.0
2022-12-14 12:00:00+09:00,100.0,101.0,100.0,101.0,41300,0.0,0.0
2022-12-14 13:00:00+09:00,101.0,102.0,101.0,101.0,3600,0.0,0.0
2022-12-14 14:00:00+09:00,101.0,101.0,100.0,100.0,18900,0.0,0.0
2022-12-15 09:00:00+09:00,102.0,102.0,99.0,99.0,31500,0.0,0.0
2022-12-15 10:00:00+09:00,99.0,99.0,99.0,99.0,2600,0.0,0.0
2022-12-15 11:00:00+09:00,99.0,100.0,99.0,99.0,0,0.0,0.0
2022-12-15 12:00:00+09:00,99.0,100.0,99.0,100.0,67800,0.0,0.0
2022-12-15 13:00:00+09:00,100.0,101.0,100.0,101.0,16400,0.0,0.0
2022-12-15 14:00:00+09:00,101.0,101.0,100.0,100.0,2800,0.0,0.0
2022-12-16 09:00:00+09:00,99.0,101.0,99.0,101.0,10100,0.0,0.0
2022-12-16 10:00:00+09:00,101.0,101.0,99.0,100.0,5400,0.0,0.0
2022-12-16 11:00:00+09:00,99.0,100.0,99.0,100.0,0,0.0,0.0
2022-12-16 12:00:00+09:00,100.0,100.0,100.0,100.0,28900,0.0,0.0
2022-12-16 13:00:00+09:00,100.0,100.0,100.0,100.0,2600,0.0,0.0
2022-12-16 14:00:00+09:00,100.0,101.0,99.0,101.0,5600,0.0,0.0
2022-12-19 09:00:00+09:00,102.0,102.0,99.0,100.0,7100,0.0,0.0
2022-12-19 10:00:00+09:00,99.0,100.0,98.0,98.0,34400,0.0,0.0
2022-12-19 11:00:00+09:00,98.0,98.0,98.0,98.0,0,0.0,0.0
2022-12-19 12:00:00+09:00,99.0,99.0,97.0,98.0,52700,0.0,0.0
2022-12-19 13:00:00+09:00,98.0,98.0,97.0,98.0,7600,0.0,0.0
2022-12-19 14:00:00+09:00,98.0,98.0,96.0,96.0,14700,0.0,0.0
2022-12-20 09:00:00+09:00,97.0,98.0,95.0,98.0,30600,0.0,0.0
2022-12-20 10:00:00+09:00,98.0,99.0,96.0,98.0,38500,0.0,0.0
2022-12-20 11:00:00+09:00,97.0,97.0,96.0,97.0,0,0.0,0.0
2022-12-20 12:00:00+09:00,96.0,96.0,94.0,95.0,258700,0.0,0.0
2022-12-20 13:00:00+09:00,94.0,95.0,90.0,92.0,87300,0.0,0.0
2022-12-20 14:00:00+09:00,93.0,93.0,89.0,92.0,56400,0.0,0.0
2022-12-21 09:00:00+09:00,92.0,92.0,86.0,89.0,92500,0.0,0.0
2022-12-21 10:00:00+09:00,89.0,91.0,88.0,89.0,16500,0.0,0.0
2022-12-21 11:00:00+09:00,89.0,89.0,89.0,89.0,0,0.0,0.0
2022-12-21 12:00:00+09:00,89.0,89.0,88.0,89.0,149500,0.0,0.0
2022-12-21 13:00:00+09:00,88.0,89.0,88.0,89.0,13100,0.0,0.0
2022-12-21 14:00:00+09:00,88.0,89.0,87.0,88.0,28200,0.0,0.0
2022-12-22 09:00:00+09:00,88.0,89.0,88.0,89.0,11800,0.0,0.0
2022-12-22 10:00:00+09:00,89.0,89.0,89.0,89.0,3900,0.0,0.0
2022-12-22 11:00:00+09:00,89.0,89.0,89.0,89.0,0,0.0,0.0
2022-12-22 12:00:00+09:00,88.0,89.0,88.0,89.0,18700,0.0,0.0
2022-12-22 13:00:00+09:00,89.0,89.0,89.0,89.0,100,0.0,0.0
2022-12-22 14:00:00+09:00,89.0,90.0,88.0,90.0,23700,0.0,0.0
2022-12-23 09:00:00+09:00,89.0,89.0,86.0,87.0,26400,0.0,0.0
2022-12-23 10:00:00+09:00,88.0,88.0,88.0,88.0,800,0.0,0.0
2022-12-23 11:00:00+09:00,87.0,89.0,87.0,89.0,0,0.0,0.0
2022-12-23 12:00:00+09:00,88.0,89.0,87.0,88.0,63600,0.0,0.0
2022-12-23 13:00:00+09:00,88.0,89.0,87.0,89.0,6400,0.0,0.0
2022-12-23 14:00:00+09:00,89.0,90.0,88.0,90.0,16300,0.0,0.0
2022-12-26 09:00:00+09:00,89.0,89.0,88.0,88.0,0,0.0,0.0
2022-12-26 10:00:00+09:00,88.0,89.0,88.0,88.0,1500,0.0,0.0
2022-12-26 11:00:00+09:00,88.0,88.0,88.0,88.0,0,0.0,0.0
2022-12-26 12:00:00+09:00,88.0,88.0,88.0,88.0,32500,0.0,0.0
2022-12-26 13:00:00+09:00,88.0,88.0,87.0,87.0,11900,0.0,0.0
2022-12-26 14:00:00+09:00,87.0,88.0,87.0,87.0,14500,0.0,0.0
2022-12-27 09:00:00+09:00,88.0,88.0,87.0,87.0,72200,0.0,0.0
2022-12-27 10:00:00+09:00,88.0,88.0,88.0,88.0,30100,0.0,0.0
2022-12-27 11:00:00+09:00,88.0,88.0,88.0,88.0,0,0.0,0.0
2022-12-27 12:00:00+09:00,88.0,88.0,87.0,87.0,222800,0.0,0.0
2022-12-27 13:00:00+09:00,87.0,88.0,86.0,88.0,14900,0.0,0.0
2022-12-27 14:00:00+09:00,87.0,89.0,87.0,89.0,20300,0.0,0.0
2022-12-28 09:00:00+09:00,88.0,90.0,88.0,89.0,15900,0.0,0.0
2022-12-28 10:00:00+09:00,89.0,89.0,88.0,88.0,4700,0.0,0.0
2022-12-28 11:00:00+09:00,88.0,89.0,88.0,89.0,0,0.0,0.0
2022-12-28 12:00:00+09:00,90.0,91.0,88.0,88.0,291000,0.0,0.0
2022-12-28 13:00:00+09:00,89.0,89.0,88.0,89.0,2300,0.0,0.0
2022-12-28 14:00:00+09:00,89.0,90.0,88.0,90.0,29800,0.0,0.0
2022-12-29 09:00:00+09:00,89.0,89.0,85.0,89.0,62900,0.0,0.0
2022-12-29 10:00:00+09:00,89.0,90.0,89.0,89.0,3800,0.0,0.0
2022-12-29 11:00:00+09:00,89.0,89.0,89.0,89.0,0,0.0,0.0
2022-12-29 12:00:00+09:00,88.0,89.0,87.0,87.0,71300,0.0,0.0
2022-12-29 13:00:00+09:00,88.0,89.0,87.0,88.0,4300,0.0,0.0
2022-12-29 14:00:00+09:00,88.0,89.0,85.0,87.0,34200,0.0,0.0
2022-12-30 09:00:00+09:00,87.0,89.0,87.0,89.0,0,0.0,0.0
2022-12-30 10:00:00+09:00,88.0,89.0,87.0,89.0,18300,0.0,0.0
2022-12-30 11:00:00+09:00,89.0,89.0,89.0,89.0,0,0.0,0.0
2022-12-30 12:00:00+09:00,88.0,88.0,88.0,88.0,19500,0.0,0.0
2022-12-30 13:00:00+09:00,88.0,88.0,88.0,88.0,1900,0.0,0.0
2022-12-30 14:00:00+09:00,88.0,90.0,88.0,89.0,12300,0.0,0.0
2023-01-04 09:00:00+09:00,89.0,89.0,88.0,88.0,0,0.0,0.0
2023-01-04 10:00:00+09:00,89.0,89.0,89.0,89.0,3400,0.0,0.0
2023-01-04 11:00:00+09:00,89.0,89.0,88.0,89.0,0,0.0,0.0
2023-01-04 12:00:00+09:00,89.0,89.0,88.0,88.0,23300,0.0,0.0
2023-01-04 13:00:00+09:00,88.0,89.0,87.0,89.0,16200,0.0,0.0
2023-01-04 14:00:00+09:00,89.0,89.0,88.0,88.0,600,0.0,0.0
2023-01-05 09:00:00+09:00,88.0,89.0,88.0,89.0,16500,0.0,0.0
2023-01-05 10:00:00+09:00,89.0,90.0,88.0,88.0,7300,0.0,0.0
2023-01-05 11:00:00+09:00,88.0,88.0,88.0,88.0,0,0.0,0.0
2023-01-05 12:00:00+09:00,88.0,88.0,88.0,88.0,23900,0.0,0.0
2023-01-05 13:00:00+09:00,88.0,88.0,88.0,88.0,10900,0.0,0.0
2023-01-06 09:00:00+09:00,86.0,88.0,86.0,87.0,15800,0.0,0.0
2023-01-06 10:00:00+09:00,88.0,88.0,88.0,88.0,500,0.0,0.0
2023-01-06 11:00:00+09:00,88.0,88.0,88.0,88.0,0,0.0,0.0
2023-01-06 12:00:00+09:00,87.0,87.0,87.0,87.0,36900,0.0,0.0
2023-01-06 13:00:00+09:00,87.0,87.0,87.0,87.0,1500,0.0,0.0
2023-01-06 14:00:00+09:00,87.0,89.0,87.0,89.0,11000,0.0,0.0
2023-01-10 09:00:00+09:00,89.0,89.0,88.0,88.0,0,0.0,0.0
2023-01-10 11:00:00+09:00,89.0,89.0,89.0,89.0,0,0.0,0.0
2023-01-10 12:00:00+09:00,88.0,88.0,88.0,88.0,10900,0.0,0.0
2023-01-10 13:00:00+09:00,88.0,88.0,88.0,88.0,20800,0.0,0.0
2023-01-10 14:00:00+09:00,88.0,88.0,88.0,88.0,100,0.0,0.0
2023-01-11 09:00:00+09:00,89.0,90.0,89.0,90.0,32100,0.0,0.0
2023-01-11 10:00:00+09:00,90.0,90.0,89.0,89.0,3400,0.0,0.0
2023-01-11 11:00:00+09:00,89.0,90.0,89.0,90.0,0,0.0,0.0
2023-01-11 12:00:00+09:00,91.0,91.0,89.0,89.0,53000,0.0,0.0
2023-01-11 13:00:00+09:00,90.0,90.0,88.0,89.0,14800,0.0,0.0
2023-01-11 14:00:00+09:00,90.0,90.0,88.0,89.0,5200,0.0,0.0
2023-01-12 09:00:00+09:00,89.0,89.0,88.0,88.0,15000,0.0,0.0
2023-01-12 10:00:00+09:00,88.0,89.0,88.0,89.0,11400,0.0,0.0
2023-01-12 11:00:00+09:00,89.0,89.0,89.0,89.0,0,0.0,0.0
2023-01-12 12:00:00+09:00,89.0,89.0,89.0,89.0,28600,0.0,0.0
2023-01-12 13:00:00+09:00,89.0,89.0,88.0,88.0,18500,0.0,0.0
2023-01-12 14:00:00+09:00,88.0,88.0,87.0,88.0,7100,0.0,0.0
2023-01-13 09:00:00+09:00,88.0,90.0,88.0,89.0,17000,0.0,0.0
2023-01-13 10:00:00+09:00,89.0,89.0,89.0,89.0,20700,0.0,0.0
2023-01-13 11:00:00+09:00,89.0,89.0,89.0,89.0,0,0.0,0.0
2023-01-13 12:00:00+09:00,89.0,89.0,89.0,89.0,42400,0.0,0.0
2023-01-13 13:00:00+09:00,89.0,89.0,89.0,89.0,3600,0.0,0.0
2023-01-13 14:00:00+09:00,89.0,89.0,88.0,88.0,13500,0.0,0.0
2023-01-16 09:00:00+09:00,88.0,88.0,87.0,88.0,0,0.0,0.0
2023-01-16 11:00:00+09:00,87.0,87.0,86.0,86.0,0,0.0,0.0
2023-01-16 12:00:00+09:00,86.0,87.0,86.0,87.0,27400,0.0,0.0
2023-01-16 13:00:00+09:00,87.0,88.0,87.0,87.0,4500,0.0,0.0
2023-01-16 14:00:00+09:00,87.0,87.0,87.0,87.0,7600,0.0,0.0
2023-01-17 09:00:00+09:00,87.0,87.0,84.0,86.0,53200,0.0,0.0
2023-01-17 10:00:00+09:00,86.0,88.0,86.0,87.0,23000,0.0,0.0
2023-01-17 11:00:00+09:00,87.0,88.0,87.0,88.0,0,0.0,0.0
2023-01-17 13:00:00+09:00,88.0,89.0,88.0,89.0,88100,0.0,0.0
2023-01-17 14:00:00+09:00,88.0,88.0,87.0,88.0,1200,0.0,0.0
2023-01-18 09:00:00+09:00,89.0,89.0,87.0,87.0,42900,0.0,0.0
2023-01-18 10:00:00+09:00,86.0,87.0,86.0,86.0,4000,0.0,0.0
2023-01-18 11:00:00+09:00,86.0,86.0,86.0,86.0,0,0.0,0.0
2023-01-18 12:00:00+09:00,87.0,87.0,87.0,87.0,62300,0.0,0.0
2023-01-18 13:00:00+09:00,87.0,87.0,87.0,87.0,1500,0.0,0.0
2023-01-18 14:00:00+09:00,87.0,87.0,86.0,87.0,8700,0.0,0.0
2023-01-19 09:00:00+09:00,87.0,87.0,86.0,87.0,6900,0.0,0.0
2023-01-19 10:00:00+09:00,87.0,89.0,87.0,87.0,31300,0.0,0.0
2023-01-19 11:00:00+09:00,88.0,89.0,87.0,87.0,0,0.0,0.0
2023-01-19 12:00:00+09:00,88.0,88.0,88.0,88.0,41600,0.0,0.0
2023-01-19 13:00:00+09:00,88.0,88.0,88.0,88.0,1600,0.0,0.0
2023-01-19 14:00:00+09:00,87.0,88.0,87.0,88.0,400,0.0,0.0
2023-01-20 09:00:00+09:00,88.0,88.0,87.0,87.0,22200,0.0,0.0
2023-01-20 10:00:00+09:00,87.0,87.0,87.0,87.0,700,0.0,0.0
2023-01-20 11:00:00+09:00,87.0,87.0,87.0,87.0,0,0.0,0.0
2023-01-20 12:00:00+09:00,85.0,86.0,85.0,86.0,57800,0.0,0.0
2023-01-20 13:00:00+09:00,86.0,86.0,85.0,86.0,2100,0.0,0.0
2023-01-20 14:00:00+09:00,86.0,86.0,85.0,86.0,16700,0.0,0.0
2023-01-23 09:00:00+09:00,86.0,86.0,84.0,85.0,72300,0.0,0.0
2023-01-23 10:00:00+09:00,85.0,85.0,85.0,85.0,800,0.0,0.0
2023-01-23 11:00:00+09:00,85.0,85.0,83.0,83.0,0,0.0,0.0
2023-01-23 12:00:00+09:00,83.0,85.0,83.0,85.0,122600,0.0,0.0
2023-01-23 13:00:00+09:00,84.0,85.0,84.0,85.0,17800,0.0,0.0
2023-01-23 14:00:00+09:00,84.0,84.0,84.0,84.0,12900,0.0,0.0
2023-01-24 09:00:00+09:00,84.0,84.0,84.0,84.0,19800,0.0,0.0
2023-01-24 10:00:00+09:00,85.0,85.0,84.0,84.0,2500,0.0,0.0
2023-01-24 11:00:00+09:00,85.0,85.0,84.0,84.0,0,0.0,0.0
2023-01-24 12:00:00+09:00,85.0,86.0,85.0,86.0,54400,0.0,0.0
2023-01-24 13:00:00+09:00,85.0,85.0,85.0,85.0,1600,0.0,0.0
2023-01-24 14:00:00+09:00,85.0,86.0,85.0,86.0,14400,0.0,0.0
2023-01-25 09:00:00+09:00,85.0,85.0,84.0,85.0,3100,0.0,0.0
2023-01-25 10:00:00+09:00,85.0,85.0,85.0,85.0,3200,0.0,0.0
2023-01-25 11:00:00+09:00,85.0,85.0,84.0,84.0,0,0.0,0.0
2023-01-25 12:00:00+09:00,84.0,85.0,84.0,85.0,77200,0.0,0.0
2023-01-25 13:00:00+09:00,85.0,85.0,84.0,84.0,2100,0.0,0.0
2023-01-25 14:00:00+09:00,84.0,84.0,84.0,84.0,28000,0.0,0.0
2023-01-26 09:00:00+09:00,85.0,85.0,84.0,85.0,17500,0.0,0.0
2023-01-26 10:00:00+09:00,85.0,85.0,84.0,84.0,2700,0.0,0.0
2023-01-26 11:00:00+09:00,84.0,84.0,84.0,84.0,0,0.0,0.0
2023-01-26 12:00:00+09:00,85.0,85.0,85.0,85.0,22200,0.0,0.0
2023-01-26 13:00:00+09:00,85.0,85.0,84.0,84.0,2800,0.0,0.0
2023-01-26 14:00:00+09:00,85.0,85.0,85.0,85.0,400,0.0,0.0
2023-01-27 09:00:00+09:00,85.0,85.0,85.0,85.0,4100,0.0,0.0
2023-01-27 10:00:00+09:00,85.0,85.0,84.0,84.0,2700,0.0,0.0
2023-01-27 11:00:00+09:00,84.0,84.0,84.0,84.0,0,0.0,0.0
2023-01-27 12:00:00+09:00,84.0,85.0,84.0,85.0,10500,0.0,0.0
2023-01-27 13:00:00+09:00,85.0,85.0,84.0,84.0,2800,0.0,0.0
2023-01-27 14:00:00+09:00,84.0,84.0,83.0,84.0,48700,0.0,0.0
2023-01-30 09:00:00+09:00,84.0,85.0,84.0,85.0,0,0.0,0.0
2023-01-30 10:00:00+09:00,85.0,85.0,85.0,85.0,1200,0.0,0.0
2023-01-30 11:00:00+09:00,85.0,85.0,84.0,84.0,0,0.0,0.0
2023-01-30 12:00:00+09:00,85.0,85.0,84.0,84.0,56500,0.0,0.0
2023-01-30 13:00:00+09:00,84.0,84.0,83.0,83.0,3200,0.0,0.0
2023-01-30 14:00:00+09:00,84.0,85.0,84.0,84.0,35400,0.0,0.0
2023-01-31 09:00:00+09:00,87.0,98.0,81.0,83.0,1038600,0.0,0.0
2023-01-31 10:00:00+09:00,83.0,83.0,79.0,81.0,174100,0.0,0.0
2023-01-31 11:00:00+09:00,81.0,82.0,81.0,81.0,0,0.0,0.0
2023-01-31 12:00:00+09:00,81.0,82.0,81.0,81.0,1280900,0.0,0.0
2023-01-31 13:00:00+09:00,81.0,81.0,80.0,80.0,6300,0.0,0.0
2023-01-31 14:00:00+09:00,80.0,82.0,80.0,81.0,140000,0.0,0.0
2023-02-01 09:00:00+09:00,80.0,82.0,80.0,81.0,46100,0.0,0.0
2023-02-01 10:00:00+09:00,81.0,81.0,80.0,80.0,19900,0.0,0.0
2023-02-01 11:00:00+09:00,80.0,81.0,80.0,81.0,0,0.0,0.0
2023-02-01 12:00:00+09:00,81.0,81.0,80.0,80.0,85300,0.0,0.0
2023-02-01 13:00:00+09:00,81.0,81.0,80.0,80.0,61000,0.0,0.0
2023-02-01 14:00:00+09:00,80.0,81.0,80.0,80.0,16400,0.0,0.0
2023-02-02 09:00:00+09:00,81.0,81.0,79.0,79.0,52700,0.0,0.0
2023-02-02 10:00:00+09:00,80.0,81.0,79.0,81.0,7500,0.0,0.0
2023-02-02 11:00:00+09:00,80.0,80.0,80.0,80.0,0,0.0,0.0
2023-02-02 12:00:00+09:00,80.0,80.0,79.0,80.0,85700,0.0,0.0
2023-02-02 13:00:00+09:00,79.0,79.0,79.0,79.0,900,0.0,0.0
2023-02-02 14:00:00+09:00,80.0,80.0,79.0,79.0,2200,0.0,0.0
2023-02-03 09:00:00+09:00,79.0,80.0,78.0,78.0,44000,0.0,0.0
2023-02-03 10:00:00+09:00,79.0,80.0,79.0,79.0,37000,0.0,0.0
2023-02-03 11:00:00+09:00,79.0,79.0,79.0,79.0,0,0.0,0.0
2023-02-03 12:00:00+09:00,79.0,79.0,78.0,79.0,90000,0.0,0.0
2023-02-03 13:00:00+09:00,79.0,79.0,79.0,79.0,4400,0.0,0.0
2023-02-03 14:00:00+09:00,79.0,79.0,78.0,78.0,11500,0.0,0.0
2023-02-06 09:00:00+09:00,79.0,79.0,76.0,77.0,110200,0.0,0.0
2023-02-06 10:00:00+09:00,78.0,79.0,78.0,78.0,44800,0.0,0.0
2023-02-06 11:00:00+09:00,78.0,78.0,76.0,77.0,0,0.0,0.0
2023-02-06 12:00:00+09:00,76.0,77.0,76.0,76.0,222800,0.0,0.0
2023-02-06 13:00:00+09:00,76.0,77.0,76.0,77.0,8800,0.0,0.0
2023-02-06 14:00:00+09:00,77.0,77.0,76.0,76.0,20000,0.0,0.0
2023-02-07 09:00:00+09:00,79.0,79.0,76.0,76.0,60300,0.0,0.0
2023-02-07 10:00:00+09:00,76.0,76.0,75.0,75.0,39800,0.0,0.0
2023-02-07 11:00:00+09:00,76.0,77.0,76.0,77.0,0,0.0,0.0
2023-02-07 12:00:00+09:00,77.0,79.0,77.0,77.0,255900,0.0,0.0
2023-02-07 13:00:00+09:00,78.0,79.0,78.0,79.0,134200,0.0,0.0
2023-02-07 14:00:00+09:00,79.0,79.0,78.0,78.0,37400,0.0,0.0
2023-02-08 09:00:00+09:00,78.0,81.0,78.0,80.0,45700,0.0,0.0
2023-02-08 10:00:00+09:00,81.0,81.0,80.0,81.0,13000,0.0,0.0
2023-02-08 11:00:00+09:00,81.0,81.0,81.0,81.0,0,0.0,0.0
2023-02-08 12:00:00+09:00,81.0,81.0,80.0,80.0,63600,0.0,0.0
2023-02-08 13:00:00+09:00,80.0,80.0,80.0,80.0,14700,0.0,0.0
2023-02-08 14:00:00+09:00,80.0,81.0,80.0,80.0,8400,0.0,0.0
2023-02-09 09:00:00+09:00,80.0,81.0,80.0,80.0,8400,0.0,0.0
2023-02-09 10:00:00+09:00,80.0,80.0,80.0,80.0,100,0.0,0.0
2023-02-09 11:00:00+09:00,80.0,81.0,80.0,81.0,0,0.0,0.0
2023-02-09 12:00:00+09:00,80.0,80.0,80.0,80.0,9100,0.0,0.0
2023-02-09 14:00:00+09:00,80.0,80.0,80.0,80.0,1400,0.0,0.0
2023-02-10 09:00:00+09:00,80.0,81.0,80.0,80.0,0,0.0,0.0
2023-02-10 10:00:00+09:00,80.0,80.0,80.0,80.0,4200,0.0,0.0
2023-02-10 11:00:00+09:00,80.0,80.0,80.0,80.0,0,0.0,0.0
2023-02-10 12:00:00+09:00,80.0,82.0,80.0,82.0,23600,0.0,0.0
2023-02-10 13:00:00+09:00,82.0,83.0,82.0,82.0,14200,0.0,0.0
2023-02-10 14:00:00+09:00,82.0,83.0,81.0,82.0,25300,0.0,0.0
2023-02-13 09:00:00+09:00,82.0,82.0,81.0,81.0,11100,0.0,0.0
2023-02-13 10:00:00+09:00,81.0,81.0,81.0,81.0,4500,0.0,0.0
2023-02-13 11:00:00+09:00,82.0,82.0,81.0,81.0,0,0.0,0.0
2023-02-13 12:00:00+09:00,81.0,81.0,80.0,80.0,53000,0.0,0.0
2023-02-13 13:00:00+09:00,80.0,80.0,79.0,79.0,40600,0.0,0.0
2023-02-13 14:00:00+09:00,80.0,80.0,79.0,79.0,1200,0.0,0.0
2023-02-14 09:00:00+09:00,79.0,80.0,79.0,80.0,0,0.0,0.0
2023-02-14 10:00:00+09:00,80.0,81.0,80.0,81.0,30400,0.0,0.0
2023-02-14 11:00:00+09:00,80.0,81.0,80.0,81.0,0,0.0,0.0
2023-02-14 12:00:00+09:00,81.0,81.0,81.0,81.0,34400,0.0,0.0
2023-02-14 13:00:00+09:00,81.0,81.0,81.0,81.0,3700,0.0,0.0
2023-02-14 14:00:00+09:00,81.0,82.0,81.0,82.0,5200,0.0,0.0
2023-02-15 09:00:00+09:00,80.0,81.0,80.0,81.0,14400,0.0,0.0
2023-02-15 10:00:00+09:00,80.0,80.0,80.0,80.0,800,0.0,0.0
2023-02-15 11:00:00+09:00,80.0,80.0,80.0,80.0,0,0.0,0.0
2023-02-15 12:00:00+09:00,80.0,80.0,80.0,80.0,19500,0.0,0.0
2023-02-15 13:00:00+09:00,80.0,80.0,79.0,80.0,4100,0.0,0.0
2023-02-15 14:00:00+09:00,80.0,80.0,79.0,79.0,3700,0.0,0.0
2023-02-16 09:00:00+09:00,79.0,80.0,79.0,80.0,17300,0.0,0.0
2023-02-16 10:00:00+09:00,80.0,80.0,80.0,80.0,9200,0.0,0.0
2023-02-16 11:00:00+09:00,80.0,80.0,80.0,80.0,0,0.0,0.0
2023-02-16 12:00:00+09:00,81.0,81.0,80.0,80.0,38200,0.0,0.0
2023-02-16 13:00:00+09:00,80.0,80.0,80.0,80.0,3700,0.0,0.0
2023-02-17 09:00:00+09:00,81.0,81.0,80.0,81.0,4400,0.0,0.0
2023-02-17 11:00:00+09:00,81.0,81.0,81.0,81.0,0,0.0,0.0
2023-02-17 12:00:00+09:00,81.0,83.0,81.0,83.0,40900,0.0,0.0
2023-02-17 13:00:00+09:00,82.0,82.0,82.0,82.0,7200,0.0,0.0
2023-02-17 14:00:00+09:00,82.0,84.0,81.0,83.0,30100,0.0,0.0
2023-02-20 09:00:00+09:00,84.0,85.0,84.0,85.0,14500,0.0,0.0
2023-02-20 10:00:00+09:00,85.0,85.0,84.0,84.0,12100,0.0,0.0
2023-02-20 11:00:00+09:00,84.0,84.0,83.0,83.0,0,0.0,0.0
2023-02-20 12:00:00+09:00,83.0,88.0,83.0,85.0,125100,0.0,0.0
2023-02-20 13:00:00+09:00,86.0,87.0,86.0,87.0,11900,0.0,0.0
2023-02-20 14:00:00+09:00,87.0,87.0,85.0,87.0,15100,0.0,0.0
2023-02-21 09:00:00+09:00,88.0,88.0,85.0,85.0,51200,0.0,0.0
2023-02-21 10:00:00+09:00,85.0,86.0,85.0,86.0,17800,0.0,0.0
2023-02-21 11:00:00+09:00,86.0,86.0,85.0,85.0,0,0.0,0.0
2023-02-21 12:00:00+09:00,86.0,86.0,86.0,86.0,75500,0.0,0.0
2023-02-21 13:00:00+09:00,86.0,86.0,86.0,86.0,2100,0.0,0.0
2023-02-21 14:00:00+09:00,86.0,86.0,86.0,86.0,4900,0.0,0.0
2023-02-22 09:00:00+09:00,87.0,87.0,85.0,85.0,0,0.0,0.0
2023-02-22 10:00:00+09:00,85.0,86.0,85.0,86.0,4100,0.0,0.0
2023-02-22 11:00:00+09:00,85.0,85.0,85.0,85.0,0,0.0,0.0
2023-02-22 12:00:00+09:00,86.0,86.0,86.0,86.0,11400,0.0,0.0
2023-02-22 13:00:00+09:00,87.0,87.0,86.0,87.0,10200,0.0,0.0
2023-02-22 14:00:00+09:00,87.0,87.0,87.0,87.0,2900,0.0,0.0
2023-02-24 09:00:00+09:00,86.0,86.0,86.0,86.0,0,0.0,0.0
2023-02-24 10:00:00+09:00,86.0,86.0,86.0,86.0,3800,0.0,0.0
2023-02-24 11:00:00+09:00,86.0,86.0,86.0,86.0,0,0.0,0.0
2023-02-24 12:00:00+09:00,86.0,87.0,86.0,87.0,28700,0.0,0.0
2023-02-24 13:00:00+09:00,87.0,87.0,85.0,86.0,8900,0.0,0.0
2023-02-24 14:00:00+09:00,86.0,86.0,86.0,86.0,4100,0.0,0.0
2023-02-27 09:00:00+09:00,86.0,86.0,85.0,86.0,0,0.0,0.0
2023-02-27 10:00:00+09:00,86.0,86.0,86.0,86.0,200,0.0,0.0
2023-02-27 11:00:00+09:00,86.0,86.0,86.0,86.0,0,0.0,0.0
2023-02-27 12:00:00+09:00,86.0,86.0,86.0,86.0,6500,0.0,0.0
2023-02-27 13:00:00+09:00,86.0,86.0,86.0,86.0,10000,0.0,0.0
2023-02-27 14:00:00+09:00,86.0,86.0,86.0,86.0,6300,0.0,0.0
2023-02-28 09:00:00+09:00,87.0,87.0,86.0,87.0,17800,0.0,0.0
2023-02-28 10:00:00+09:00,87.0,87.0,87.0,87.0,300,0.0,0.0
2023-02-28 11:00:00+09:00,87.0,87.0,87.0,87.0,0,0.0,0.0
2023-02-28 12:00:00+09:00,87.0,87.0,87.0,87.0,25200,0.0,0.0
2023-02-28 13:00:00+09:00,88.0,88.0,87.0,87.0,500,0.0,0.0
2023-02-28 14:00:00+09:00,87.0,87.0,87.0,87.0,4900,0.0,0.0
2023-03-01 09:00:00+09:00,86.0,87.0,86.0,87.0,900,0.0,0.0
2023-03-01 10:00:00+09:00,86.0,86.0,86.0,86.0,20100,0.0,0.0
2023-03-01 11:00:00+09:00,86.0,86.0,86.0,86.0,0,0.0,0.0
2023-03-01 12:00:00+09:00,85.0,86.0,85.0,86.0,41900,0.0,0.0
2023-03-01 13:00:00+09:00,87.0,87.0,87.0,87.0,300,0.0,0.0
2023-03-01 14:00:00+09:00,86.0,87.0,86.0,87.0,1200,0.0,0.0
2023-03-02 09:00:00+09:00,87.0,87.0,85.0,85.0,0,0.0,0.0
2023-03-02 10:00:00+09:00,85.0,85.0,85.0,85.0,500,0.0,0.0
2023-03-02 11:00:00+09:00,86.0,86.0,85.0,86.0,0,0.0,0.0
2023-03-02 12:00:00+09:00,85.0,85.0,85.0,85.0,8500,0.0,0.0
2023-03-02 13:00:00+09:00,85.0,86.0,85.0,86.0,1400,0.0,0.0
2023-03-02 14:00:00+09:00,86.0,86.0,86.0,86.0,9500,0.0,0.0
2023-03-03 09:00:00+09:00,86.0,87.0,86.0,87.0,7100,0.0,0.0
2023-03-03 10:00:00+09:00,86.0,87.0,86.0,87.0,1000,0.0,0.0
2023-03-03 11:00:00+09:00,87.0,87.0,87.0,87.0,0,0.0,0.0
2023-03-03 12:00:00+09:00,86.0,86.0,86.0,86.0,12500,0.0,0.0
2023-03-03 13:00:00+09:00,86.0,86.0,86.0,86.0,4100,0.0,0.0
2023-03-03 14:00:00+09:00,86.0,86.0,85.0,86.0,13200,0.0,0.0
2023-03-06 09:00:00+09:00,85.0,86.0,85.0,86.0,2300,0.0,0.0
2023-03-06 10:00:00+09:00,85.0,85.0,85.0,85.0,600,0.0,0.0
2023-03-06 11:00:00+09:00,85.0,85.0,85.0,85.0,0,0.0,0.0
2023-03-06 12:00:00+09:00,86.0,86.0,86.0,86.0,6300,0.0,0.0
2023-03-06 13:00:00+09:00,87.0,90.0,87.0,89.0,102600,0.0,0.0
2023-03-06 14:00:00+09:00,90.0,92.0,89.0,89.0,90400,0.0,0.0
2023-03-07 09:00:00+09:00,89.0,93.0,89.0,91.0,86500,0.0,0.0
2023-03-07 10:00:00+09:00,91.0,92.0,90.0,92.0,21200,0.0,0.0
2023-03-07 11:00:00+09:00,92.0,93.0,92.0,93.0,0,0.0,0.0
2023-03-07 12:00:00+09:00,93.0,93.0,92.0,92.0,144800,0.0,0.0
2023-03-07 13:00:00+09:00,92.0,93.0,92.0,92.0,4800,0.0,0.0
2023-03-07 14:00:00+09:00,92.0,92.0,92.0,92.0,7300,0.0,0.0
2023-03-08 09:00:00+09:00,93.0,93.0,92.0,93.0,21700,0.0,0.0
2023-03-08 10:00:00+09:00,92.0,93.0,92.0,93.0,17600,0.0,0.0
2023-03-08 11:00:00+09:00,92.0,92.0,91.0,92.0,0,0.0,0.0
2023-03-08 12:00:00+09:00,92.0,93.0,92.0,93.0,73400,0.0,0.0
2023-03-08 13:00:00+09:00,93.0,96.0,93.0,96.0,69500,0.0,0.0
2023-03-08 14:00:00+09:00,96.0,96.0,94.0,95.0,21100,0.0,0.0
2023-03-09 09:00:00+09:00,94.0,99.0,94.0,98.0,84900,0.0,0.0
2023-03-09 10:00:00+09:00,98.0,98.0,97.0,98.0,31800,0.0,0.0
2023-03-09 11:00:00+09:00,98.0,98.0,98.0,98.0,0,0.0,0.0
2023-03-09 12:00:00+09:00,98.0,99.0,98.0,99.0,130500,0.0,0.0
2023-03-09 13:00:00+09:00,99.0,99.0,97.0,98.0,18600,0.0,0.0
2023-03-09 14:00:00+09:00,98.0,99.0,98.0,98.0,8400,0.0,0.0
2023-03-10 09:00:00+09:00,97.0,104.0,97.0,104.0,273900,0.0,0.0
2023-03-10 10:00:00+09:00,104.0,107.0,101.0,105.0,225400,0.0,0.0
2023-03-10 11:00:00+09:00,105.0,112.0,105.0,111.0,0,0.0,0.0
2023-03-10 12:00:00+09:00,109.0,112.0,105.0,107.0,1002400,0.0,0.0
2023-03-10 13:00:00+09:00,107.0,108.0,106.0,107.0,72200,0.0,0.0
2023-03-10 14:00:00+09:00,107.0,109.0,100.0,100.0,251700,0.0,0.0
2023-03-13 09:00:00+09:00,104.0,114.0,98.0,102.0,0,0.0,0.0
2023-03-13 10:00:00+09:00,103.0,107.0,101.0,102.0,54800,0.0,0.0
2023-03-13 11:00:00+09:00,102.0,102.0,99.0,101.0,0,0.0,0.0
2023-03-13 12:00:00+09:00,102.0,105.0,102.0,104.0,714700,0.0,0.0
2023-03-13 13:00:00+09:00,105.0,111.0,104.0,107.0,190600,0.0,0.0
2023-03-13 14:00:00+09:00,106.0,108.0,105.0,106.0,49500,0.0,0.0
2023-03-14 09:00:00+09:00,107.0,107.0,103.0,103.0,105400,0.0,0.0
2023-03-14 10:00:00+09:00,102.0,103.0,101.0,103.0,78800,0.0,0.0
2023-03-14 11:00:00+09:00,104.0,105.0,103.0,105.0,0,0.0,0.0
2023-03-14 12:00:00+09:00,105.0,107.0,104.0,105.0,215700,0.0,0.0
2023-03-14 13:00:00+09:00,106.0,108.0,106.0,107.0,28600,0.0,0.0
2023-03-14 14:00:00+09:00,106.0,108.0,106.0,106.0,18200,0.0,0.0
2023-03-15 09:00:00+09:00,108.0,109.0,100.0,108.0,134000,0.0,0.0
2023-03-15 10:00:00+09:00,108.0,108.0,107.0,107.0,6100,0.0,0.0
2023-03-15 11:00:00+09:00,106.0,109.0,106.0,109.0,0,0.0,0.0
2023-03-15 12:00:00+09:00,108.0,111.0,108.0,109.0,212900,0.0,0.0
2023-03-15 13:00:00+09:00,110.0,110.0,108.0,108.0,11200,0.0,0.0
2023-03-15 14:00:00+09:00,108.0,110.0,108.0,109.0,20900,0.0,0.0
2023-03-16 09:00:00+09:00,108.0,108.0,104.0,108.0,78000,0.0,0.0
2023-03-16 10:00:00+09:00,107.0,108.0,107.0,107.0,19600,0.0,0.0
2023-03-16 11:00:00+09:00,107.0,107.0,104.0,106.0,0,0.0,0.0
2023-03-16 12:00:00+09:00,106.0,106.0,105.0,106.0,162900,0.0,0.0
2023-03-16 13:00:00+09:00,106.0,107.0,102.0,106.0,41900,0.0,0.0
2023-03-16 14:00:00+09:00,106.0,106.0,104.0,106.0,11700,0.0,0.0
2023-03-17 09:00:00+09:00,107.0,111.0,107.0,109.0,31600,0.0,0.0
2023-03-17 10:00:00+09:00,110.0,110.0,108.0,109.0,5800,0.0,0.0
2023-03-17 11:00:00+09:00,109.0,109.0,109.0,109.0,0,0.0,0.0
2023-03-17 12:00:00+09:00,110.0,110.0,108.0,110.0,65000,0.0,0.0
2023-03-17 13:00:00+09:00,110.0,112.0,110.0,111.0,61200,0.0,0.0
2023-03-17 14:00:00+09:00,111.0,112.0,110.0,112.0,16300,0.0,0.0
2023-03-20 09:00:00+09:00,112.0,115.0,110.0,114.0,94700,0.0,0.0
2023-03-20 10:00:00+09:00,114.0,115.0,113.0,113.0,30300,0.0,0.0
2023-03-20 11:00:00+09:00,113.0,113.0,113.0,113.0,0,0.0,0.0
2023-03-20 12:00:00+09:00,114.0,114.0,113.0,113.0,154300,0.0,0.0
2023-03-20 13:00:00+09:00,113.0,114.0,113.0,114.0,9600,0.0,0.0
2023-03-20 14:00:00+09:00,114.0,114.0,113.0,114.0,24300,0.0,0.0
2023-03-22 09:00:00+09:00,115.0,119.0,115.0,116.0,0,0.0,0.0
2023-03-22 10:00:00+09:00,116.0,117.0,116.0,116.0,17100,0.0,0.0
2023-03-22 11:00:00+09:00,116.0,116.0,116.0,116.0,0,0.0,0.0
2023-03-22 12:00:00+09:00,117.0,117.0,116.0,116.0,151600,0.0,0.0
2023-03-22 13:00:00+09:00,115.0,116.0,115.0,115.0,29300,0.0,0.0
2023-03-22 14:00:00+09:00,115.0,116.0,114.0,115.0,17400,0.0,0.0
2023-03-23 09:00:00+09:00,116.0,116.0,114.0,115.0,98100,0.0,0.0
2023-03-23 10:00:00+09:00,115.0,116.0,114.0,114.0,13000,0.0,0.0
2023-03-23 11:00:00+09:00,114.0,114.0,114.0,114.0,0,0.0,0.0
2023-03-23 12:00:00+09:00,114.0,115.0,112.0,112.0,149400,0.0,0.0
2023-03-23 13:00:00+09:00,113.0,114.0,112.0,114.0,11600,0.0,0.0
2023-03-23 14:00:00+09:00,113.0,113.0,110.0,112.0,34300,0.0,0.0
2023-03-24 09:00:00+09:00,111.0,112.0,105.0,111.0,116300,0.0,0.0
2023-03-24 10:00:00+09:00,110.0,110.0,109.0,110.0,10200,0.0,0.0
2023-03-24 11:00:00+09:00,109.0,110.0,109.0,110.0,0,0.0,0.0
2023-03-24 12:00:00+09:00,109.0,114.0,109.0,113.0,219000,0.0,0.0
2023-03-24 13:00:00+09:00,111.0,112.0,111.0,111.0,26500,0.0,0.0
2023-03-24 14:00:00+09:00,111.0,113.0,110.0,113.0,55700,0.0,0.0
2023-03-27 09:00:00+09:00,114.0,114.0,110.0,114.0,46400,0.0,0.0
2023-03-27 10:00:00+09:00,113.0,113.0,112.0,113.0,3300,0.0,0.0
2023-03-27 11:00:00+09:00,112.0,115.0,112.0,114.0,0,0.0,0.0
2023-03-27 12:00:00+09:00,115.0,116.0,113.0,115.0,80400,0.0,0.0
2023-03-27 13:00:00+09:00,114.0,114.0,113.0,113.0,1500,0.0,0.0
2023-03-27 14:00:00+09:00,113.0,114.0,113.0,113.0,2100,0.0,0.0
2023-03-28 09:00:00+09:00,115.0,116.0,113.0,113.0,23500,0.0,0.0
2023-03-28 10:00:00+09:00,113.0,118.0,113.0,117.0,101800,0.0,0.0
2023-03-28 11:00:00+09:00,117.0,118.0,116.0,116.0,0,0.0,0.0
2023-03-28 12:00:00+09:00,117.0,117.0,116.0,116.0,167800,0.0,0.0
2023-03-28 13:00:00+09:00,116.0,116.0,115.0,116.0,4800,0.0,0.0
2023-03-28 14:00:00+09:00,115.0,116.0,115.0,116.0,1500,0.0,0.0
2023-03-29 09:00:00+09:00,117.0,117.0,115.0,115.0,0,0.0,0.0
2023-03-29 10:00:00+09:00,115.0,117.0,115.0,116.0,51100,0.0,0.0
2023-03-29 11:00:00+09:00,116.0,116.0,116.0,116.0,0,0.0,0.0
2023-03-29 12:00:00+09:00,116.0,117.0,115.0,115.0,84400,0.0,0.0
2023-03-29 13:00:00+09:00,115.0,116.0,115.0,115.0,500,0.0,0.0
2023-03-29 14:00:00+09:00,116.0,116.0,115.0,115.0,13700,0.0,0.0
2023-03-30 09:00:00+09:00,116.0,116.0,115.0,115.0,2600,0.0,0.0
2023-03-30 10:00:00+09:00,115.0,116.0,115.0,115.0,8000,0.0,0.0
2023-03-30 11:00:00+09:00,116.0,117.0,115.0,117.0,0,0.0,0.0
2023-03-30 12:00:00+09:00,115.0,117.0,115.0,117.0,52800,0.0,0.0
2023-03-30 13:00:00+09:00,116.0,117.0,115.0,116.0,21300,0.0,0.0
2023-03-30 14:00:00+09:00,116.0,117.0,115.0,117.0,6900,0.0,0.0
2023-03-31 09:00:00+09:00,117.0,117.0,116.0,116.0,10400,0.0,0.0
2023-03-31 10:00:00+09:00,116.0,117.0,115.0,117.0,13200,0.0,0.0
2023-03-31 11:00:00+09:00,116.0,117.0,115.0,117.0,0,0.0,0.0
2023-03-31 12:00:00+09:00,117.0,117.0,115.0,116.0,47500,0.0,0.0
2023-03-31 13:00:00+09:00,115.0,116.0,115.0,116.0,400,0.0,0.0
2023-03-31 14:00:00+09:00,116.0,117.0,116.0,116.0,10500,0.0,0.0
2023-04-03 09:00:00+09:00,117.0,117.0,116.0,116.0,0,0.0,0.0
2023-04-03 10:00:00+09:00,117.0,117.0,115.0,116.0,28700,0.0,0.0
2023-04-03 11:00:00+09:00,116.0,117.0,116.0,117.0,0,0.0,0.0
2023-04-03 12:00:00+09:00,117.0,117.0,116.0,116.0,30600,0.0,0.0
2023-04-03 13:00:00+09:00,116.0,116.0,116.0,116.0,4000,0.0,0.0
2023-04-03 14:00:00+09:00,116.0,116.0,116.0,116.0,6900,0.0,0.0
2023-04-04 09:00:00+09:00,117.0,118.0,116.0,118.0,52800,0.0,0.0
2023-04-04 10:00:00+09:00,118.0,124.0,118.0,121.0,115500,0.0,0.0
2023-04-04 11:00:00+09:00,121.0,122.0,120.0,122.0,0,0.0,0.0
2023-04-04 12:00:00+09:00,123.0,123.0,117.0,120.0,241300,0.0,0.0
2023-04-04 13:00:00+09:00,120.0,122.0,120.0,120.0,5700,0.0,0.0
2023-04-04 14:00:00+09:00,120.0,122.0,120.0,122.0,35100,0.0,0.0
2023-04-05 09:00:00+09:00,123.0,124.0,121.0,123.0,65000,0.0,0.0
2023-04-05 10:00:00+09:00,124.0,125.0,123.0,123.0,44500,0.0,0.0
2023-04-05 11:00:00+09:00,123.0,123.0,122.0,123.0,0,0.0,0.0
2023-04-05 12:00:00+09:00,124.0,124.0,123.0,124.0,120600,0.0,0.0
2023-04-05 13:00:00+09:00,123.0,124.0,122.0,123.0,5300,0.0,0.0
2023-04-05 14:00:00+09:00,124.0,124.0,123.0,123.0,17300,0.0,0.0
2023-04-06 09:00:00+09:00,124.0,124.0,121.0,121.0,24900,0.0,0.0
2023-04-06 10:00:00+09:00,122.0,123.0,122.0,122.0,8700,0.0,0.0
2023-04-06 11:00:00+09:00,122.0,122.0,122.0,122.0,0,0.0,0.0
2023-04-06 12:00:00+09:00,122.0,123.0,122.0,123.0,34800,0.0,0.0
2023-04-06 13:00:00+09:00,123.0,125.0,121.0,124.0,58700,0.0,0.0
2023-04-06 14:00:00+09:00,123.0,125.0,123.0,125.0,12800,0.0,0.0
2023-04-07 09:00:00+09:00,125.0,128.0,124.0,128.0,112200,0.0,0.0
2023-04-07 10:00:00+09:00,127.0,128.0,127.0,128.0,44200,0.0,0.0
2023-04-07 11:00:00+09:00,128.0,129.0,127.0,127.0,0,0.0,0.0
2023-04-07 12:00:00+09:00,127.0,128.0,127.0,127.0,198700,0.0,0.0
2023-04-07 13:00:00+09:00,128.0,129.0,128.0,129.0,11100,0.0,0.0
2023-04-07 14:00:00+09:00,129.0,132.0,128.0,131.0,154300,0.0,0.0
2023-04-10 09:00:00+09:00,133.0,135.0,129.0,132.0,0,0.0,0.0
2023-04-10 10:00:00+09:00,133.0,133.0,131.0,131.0,28000,0.0,0.0
2023-04-10 11:00:00+09:00,132.0,133.0,132.0,132.0,0,0.0,0.0
2023-04-10 12:00:00+09:00,132.0,135.0,131.0,132.0,181300,0.0,0.0
2023-04-10 13:00:00+09:00,132.0,133.0,132.0,133.0,2500,0.0,0.0
2023-04-10 14:00:00+09:00,133.0,135.0,133.0,135.0,25500,0.0,0.0
2023-04-11 09:00:00+09:00,135.0,136.0,133.0,133.0,114100,0.0,0.0
2023-04-11 10:00:00+09:00,133.0,135.0,133.0,135.0,36400,0.0,0.0
2023-04-11 11:00:00+09:00,135.0,136.0,135.0,135.0,0,0.0,0.0
2023-04-11 12:00:00+09:00,135.0,135.0,131.0,132.0,201800,0.0,0.0
2023-04-11 13:00:00+09:00,132.0,133.0,130.0,133.0,37400,0.0,0.0
2023-04-11 14:00:00+09:00,133.0,134.0,131.0,132.0,22300,0.0,0.0
2023-04-12 09:00:00+09:00,135.0,136.0,132.0,133.0,88800,0.0,0.0
2023-04-12 10:00:00+09:00,134.0,136.0,134.0,135.0,87000,0.0,0.0
2023-04-12 11:00:00+09:00,135.0,135.0,134.0,134.0,0,0.0,0.0
2023-04-12 12:00:00+09:00,135.0,136.0,134.0,135.0,206800,0.0,0.0
2023-04-12 13:00:00+09:00,135.0,137.0,133.0,136.0,0,0.0,0.0
2023-04-12 14:00:00+09:00,136.0,137.0,134.0,135.0,309200,0.0,0.0
2023-04-13 09:00:00+09:00,134.0,136.0,132.0,133.0,59800,0.0,0.0
2023-04-13 10:00:00+09:00,133.0,134.0,133.0,134.0,8400,0.0,0.0
2023-04-13 11:00:00+09:00,133.0,133.0,132.0,133.0,0,0.0,0.0
2023-04-13 12:00:00+09:00,132.0,134.0,131.0,132.0,105600,0.0,0.0
2023-04-13 13:00:00+09:00,132.0,132.0,131.0,131.0,800,0.0,0.0
2023-04-13 14:00:00+09:00,132.0,132.0,116.0,125.0,208000,0.0,0.0
2023-04-14 09:00:00+09:00,121.0,128.0,120.0,127.0,283500,0.0,0.0
2023-04-14 10:00:00+09:00,127.0,133.0,126.0,133.0,162600,0.0,0.0
2023-04-14 11:00:00+09:00,133.0,133.0,130.0,132.0,0,0.0,0.0
2023-04-14 12:00:00+09:00,132.0,133.0,130.0,132.0,502700,0.0,0.0
2023-04-14 13:00:00+09:00,132.0,133.0,127.0,128.0,66400,0.0,0.0
2023-04-14 14:00:00+09:00,128.0,130.0,127.0,129.0,75600,0.0,0.0
2023-04-17 09:00:00+09:00,128.0,129.0,124.0,127.0,137600,0.0,0.0
2023-04-17 10:00:00+09:00,127.0,127.0,124.0,125.0,72000,0.0,0.0
2023-04-17 11:00:00+09:00,126.0,126.0,124.0,126.0,0,0.0,0.0
2023-04-17 12:00:00+09:00,124.0,127.0,124.0,126.0,255000,0.0,0.0
2023-04-17 13:00:00+09:00,126.0,127.0,125.0,127.0,19600,0.0,0.0
2023-04-17 14:00:00+09:00,126.0,126.0,123.0,123.0,38600,0.0,0.0
2023-04-18 09:00:00+09:00,126.0,128.0,123.0,125.0,130600,0.0,0.0
2023-04-18 10:00:00+09:00,125.0,126.0,124.0,126.0,33000,0.0,0.0
2023-04-18 11:00:00+09:00,125.0,126.0,125.0,126.0,0,0.0,0.0
2023-04-18 12:00:00+09:00,125.0,126.0,124.0,126.0,196700,0.0,0.0
2023-04-18 13:00:00+09:00,126.0,133.0,126.0,132.0,168100,0.0,0.0
2023-04-18 14:00:00+09:00,132.0,135.0,130.0,134.0,116400,0.0,0.0
2023-04-19 09:00:00+09:00,135.0,135.0,130.0,130.0,0,0.0,0.0
2023-04-19 10:00:00+09:00,130.0,132.0,129.0,130.0,70000,0.0,0.0
2023-04-19 11:00:00+09:00,130.0,131.0,130.0,130.0,0,0.0,0.0
2023-04-19 12:00:00+09:00,131.0,132.0,131.0,131.0,73700,0.0,0.0
2023-04-19 13:00:00+09:00,130.0,130.0,130.0,130.0,100,0.0,0.0
2023-04-19 14:00:00+09:00,131.0,131.0,130.0,130.0,14700,0.0,0.0
2023-04-20 09:00:00+09:00,134.0,134.0,129.0,130.0,17500,0.0,0.0
2023-04-20 10:00:00+09:00,130.0,131.0,129.0,129.0,6700,0.0,0.0
2023-04-20 11:00:00+09:00,129.0,129.0,128.0,128.0,0,0.0,0.0
2023-04-20 12:00:00+09:00,128.0,130.0,128.0,129.0,38200,0.0,0.0
2023-04-20 13:00:00+09:00,129.0,129.0,129.0,129.0,200,0.0,0.0
2023-04-20 14:00:00+09:00,128.0,129.0,126.0,127.0,39900,0.0,0.0
2023-04-21 09:00:00+09:00,128.0,129.0,126.0,129.0,23300,0.0,0.0
2023-04-21 10:00:00+09:00,128.0,129.0,126.0,127.0,42400,0.0,0.0
2023-04-21 11:00:00+09:00,127.0,127.0,125.0,126.0,0,0.0,0.0
2023-04-21 12:00:00+09:00,127.0,128.0,127.0,128.0,98000,0.0,0.0
2023-04-21 13:00:00+09:00,128.0,128.0,127.0,127.0,12100,0.0,0.0
2023-04-21 14:00:00+09:00,127.0,128.0,127.0,127.0,16800,0.0,0.0
2023-04-24 09:00:00+09:00,129.0,130.0,124.0,129.0,64100,0.0,0.0
2023-04-24 10:00:00+09:00,128.0,128.0,127.0,127.0,11500,0.0,0.0
2023-04-24 11:00:00+09:00,127.0,127.0,126.0,126.0,0,0.0,0.0
2023-04-24 12:00:00+09:00,126.0,126.0,126.0,126.0,85200,0.0,0.0
2023-04-24 13:00:00+09:00,127.0,127.0,127.0,127.0,100,0.0,0.0
2023-04-24 14:00:00+09:00,127.0,127.0,126.0,127.0,1200,0.0,0.0
2023-04-25 09:00:00+09:00,127.0,127.0,119.0,122.0,95100,0.0,0.0
2023-04-25 10:00:00+09:00,123.0,125.0,122.0,125.0,9700,0.0,0.0
2023-04-25 11:00:00+09:00,124.0,124.0,121.0,121.0,0,0.0,0.0
2023-04-25 12:00:00+09:00,120.0,124.0,120.0,122.0,166200,0.0,0.0
2023-04-25 13:00:00+09:00,121.0,122.0,120.0,121.0,52600,0.0,0.0
2023-04-25 14:00:00+09:00,121.0,123.0,119.0,120.0,36500,0.0,0.0
2023-04-26 09:00:00+09:00,119.0,119.0,116.0,118.0,63500,0.0,0.0
2023-04-26 10:00:00+09:00,117.0,117.0,116.0,117.0,32300,0.0,0.0
2023-04-26 11:00:00+09:00,118.0,118.0,117.0,117.0,0,0.0,0.0
2023-04-26 12:00:00+09:00,116.0,117.0,116.0,117.0,113100,0.0,0.0
2023-04-26 13:00:00+09:00,117.0,117.0,116.0,117.0,10000,0.0,0.0
2023-04-26 14:00:00+09:00,117.0,117.0,116.0,116.0,15900,0.0,0.0
2023-04-27 09:00:00+09:00,117.0,121.0,117.0,118.0,33100,0.0,0.0
2023-04-27 10:00:00+09:00,119.0,119.0,117.0,118.0,18900,0.0,0.0
2023-04-27 11:00:00+09:00,118.0,119.0,118.0,119.0,0,0.0,0.0
2023-04-27 12:00:00+09:00,119.0,119.0,118.0,118.0,59900,0.0,0.0
2023-04-27 13:00:00+09:00,118.0,118.0,118.0,118.0,3400,0.0,0.0
2023-04-27 14:00:00+09:00,118.0,119.0,118.0,118.0,7100,0.0,0.0
2023-04-28 09:00:00+09:00,118.0,119.0,116.0,119.0,22100,0.0,0.0
2023-04-28 10:00:00+09:00,117.0,117.0,116.0,117.0,15800,0.0,0.0
2023-04-28 11:00:00+09:00,117.0,117.0,117.0,117.0,0,0.0,0.0
2023-04-28 12:00:00+09:00,116.0,117.0,116.0,117.0,72600,0.0,0.0
2023-04-28 13:00:00+09:00,116.0,116.0,116.0,116.0,3400,0.0,0.0
2023-04-28 14:00:00+09:00,116.0,116.0,115.0,115.0,29100,0.0,0.0
2023-05-01 09:00:00+09:00,116.0,116.0,113.0,115.0,42300,0.0,0.0
2023-05-01 10:00:00+09:00,115.0,115.0,114.0,114.0,3200,0.0,0.0
2023-05-01 11:00:00+09:00,114.0,114.0,114.0,114.0,0,0.0,0.0
2023-05-01 12:00:00+09:00,113.0,115.0,113.0,115.0,80000,0.0,0.0
2023-05-01 13:00:00+09:00,114.0,114.0,113.0,113.0,2900,0.0,0.0
2023-05-01 14:00:00+09:00,114.0,115.0,114.0,114.0,6100,0.0,0.0
2023-05-02 09:00:00+09:00,114.0,116.0,114.0,114.0,13000,0.0,0.0
2023-05-02 10:00:00+09:00,114.0,116.0,113.0,116.0,15800,0.0,0.0
2023-05-02 11:00:00+09:00,114.0,114.0,114.0,114.0,0,0.0,0.0
2023-05-02 12:00:00+09:00,114.0,115.0,114.0,114.0,44700,0.0,0.0
2023-05-02 13:00:00+09:00,114.0,115.0,114.0,115.0,1900,0.0,0.0
2023-05-02 14:00:00+09:00,115.0,115.0,114.0,114.0,700,0.0,0.0
2023-05-08 09:00:00+09:00,113.0,115.0,113.0,115.0,16500,0.0,0.0
2023-05-08 10:00:00+09:00,114.0,114.0,113.0,114.0,21200,0.0,0.0
2023-05-08 11:00:00+09:00,114.0,114.0,113.0,113.0,0,0.0,0.0
2023-05-08 12:00:00+09:00,113.0,115.0,113.0,114.0,48800,0.0,0.0
2023-05-08 13:00:00+09:00,114.0,114.0,114.0,114.0,1400,0.0,0.0
2023-05-08 14:00:00+09:00,114.0,115.0,113.0,113.0,9300,0.0,0.0
2023-05-09 09:00:00+09:00,115.0,115.0,111.0,113.0,42500,0.0,0.0
2023-05-09 10:00:00+09:00,114.0,115.0,113.0,113.0,5300,0.0,0.0
2023-05-09 11:00:00+09:00,114.0,115.0,114.0,114.0,0,0.0,0.0
2023-05-09 12:00:00+09:00,113.0,115.0,113.0,113.0,48500,0.0,0.0
2023-05-09 13:00:00+09:00,114.0,114.0,113.0,113.0,1700,0.0,0.0
2023-05-09 14:00:00+09:00,114.0,115.0,113.0,115.0,31400,0.0,0.0
2023-05-10 09:00:00+09:00,115.0,116.0,114.0,115.0,8900,0.0,0.0
2023-05-10 10:00:00+09:00,116.0,116.0,115.0,115.0,400,0.0,0.0
2023-05-10 11:00:00+09:00,115.0,115.0,115.0,115.0,0,0.0,0.0
2023-05-10 12:00:00+09:00,116.0,116.0,113.0,113.0,22000,0.0,0.0
2023-05-10 13:00:00+09:00,114.0,114.0,113.0,113.0,4100,0.0,0.0
2023-05-10 14:00:00+09:00,114.0,114.0,114.0,114.0,300,0.0,0.0
2023-05-11 09:00:00+09:00,113.0,113.0,113.0,113.0,800,0.0,0.0
2023-05-11 10:00:00+09:00,113.0,114.0,113.0,114.0,3600,0.0,0.0
2023-05-11 11:00:00+09:00,113.0,113.0,111.0,113.0,0,0.0,0.0
2023-05-11 12:00:00+09:00,112.0,112.0,112.0,112.0,30500,0.0,0.0
2023-05-11 13:00:00+09:00,112.0,113.0,112.0,113.0,1400,0.0,0.0
2023-05-11 14:00:00+09:00,113.0,113.0,112.0,113.0,1600,0.0,0.0
2023-05-12 09:00:00+09:00,111.0,112.0,111.0,111.0,14500,0.0,0.0
2023-05-12 10:00:00+09:00,111.0,111.0,109.0,110.0,19300,0.0,0.0
2023-05-12 11:00:00+09:00,111.0,111.0,109.0,110.0,0,0.0,0.0
2023-05-12 12:00:00+09:00,110.0,111.0,109.0,110.0,46200,0.0,0.0
2023-05-12 13:00:00+09:00,109.0,110.0,109.0,110.0,7600,0.0,0.0
2023-05-12 14:00:00+09:00,110.0,111.0,110.0,111.0,9400,0.0,0.0
2023-05-15 09:00:00+09:00,113.0,113.0,108.0,109.0,0,0.0,0.0
2023-05-15 10:00:00+09:00,108.0,110.0,108.0,109.0,13600,0.0,0.0
2023-05-15 11:00:00+09:00,109.0,109.0,109.0,109.0,0,0.0,0.0
2023-05-15 12:00:00+09:00,110.0,110.0,109.0,109.0,35100,0.0,0.0
2023-05-15 13:00:00+09:00,110.0,110.0,109.0,109.0,4200,0.0,0.0
2023-05-15 14:00:00+09:00,110.0,112.0,110.0,112.0,9000,0.0,0.0
2023-05-16 09:00:00+09:00,107.0,109.0,107.0,109.0,47100,0.0,0.0
2023-05-16 10:00:00+09:00,109.0,109.0,108.0,108.0,3200,0.0,0.0
2023-05-16 11:00:00+09:00,108.0,108.0,108.0,108.0,0,0.0,0.0
2023-05-16 12:00:00+09:00,108.0,108.0,106.0,107.0,96900,0.0,0.0
2023-05-16 13:00:00+09:00,107.0,108.0,107.0,107.0,10000,0.0,0.0
2023-05-16 14:00:00+09:00,107.0,109.0,107.0,109.0,4100,0.0,0.0
2023-05-17 09:00:00+09:00,111.0,111.0,109.0,109.0,3200,0.0,0.0
2023-05-17 10:00:00+09:00,109.0,110.0,109.0,110.0,4200,0.0,0.0
2023-05-17 11:00:00+09:00,110.0,110.0,109.0,110.0,0,0.0,0.0
2023-05-17 12:00:00+09:00,109.0,112.0,109.0,111.0,15500,0.0,0.0
2023-05-17 13:00:00+09:00,111.0,111.0,111.0,111.0,3700,0.0,0.0
2023-05-17 14:00:00+09:00,110.0,110.0,110.0,110.0,1000,0.0,0.0
2023-05-18 09:00:00+09:00,112.0,112.0,110.0,110.0,9200,0.0,0.0
2023-05-18 10:00:00+09:00,111.0,112.0,111.0,112.0,12400,0.0,0.0
2023-05-18 11:00:00+09:00,112.0,112.0,112.0,112.0,0,0.0,0.0
2023-05-18 12:00:00+09:00,111.0,111.0,111.0,111.0,37900,0.0,0.0
2023-05-18 14:00:00+09:00,111.0,111.0,111.0,111.0,5800,0.0,0.0
2023-05-19 09:00:00+09:00,112.0,112.0,107.0,110.0,37100,0.0,0.0
2023-05-19 10:00:00+09:00,108.0,111.0,108.0,111.0,11200,0.0,0.0
2023-05-19 11:00:00+09:00,110.0,112.0,110.0,112.0,0,0.0,0.0
2023-05-19 12:00:00+09:00,111.0,111.0,111.0,111.0,52700,0.0,0.0
2023-05-19 13:00:00+09:00,112.0,112.0,112.0,112.0,11700,0.0,0.0
2023-05-19 14:00:00+09:00,112.0,112.0,112.0,112.0,3400,0.0,0.0
2023-05-22 09:00:00+09:00,113.0,113.0,111.0,111.0,0,0.0,0.0
2023-05-22 10:00:00+09:00,111.0,112.0,111.0,112.0,1600,0.0,0.0
2023-05-22 11:00:00+09:00,113.0,113.0,113.0,113.0,0,0.0,0.0
2023-05-22 12:00:00+09:00,113.0,113.0,113.0,113.0,20900,0.0,0.0
2023-05-22 14:00:00+09:00,113.0,115.0,113.0,114.0,6200,0.0,0.0
2023-05-23 09:00:00+09:00,116.0,116.0,113.0,114.0,1600,0.0,0.0
2023-05-23 10:00:00+09:00,113.0,115.0,113.0,115.0,6900,0.0,0.0
2023-05-23 11:00:00+09:00,115.0,115.0,114.0,114.0,0,0.0,0.0
2023-05-23 12:00:00+09:00,113.0,114.0,113.0,114.0,13300,0.0,0.0
2023-05-23 13:00:00+09:00,113.0,114.0,113.0,114.0,3100,0.0,0.0
2023-05-23 14:00:00+09:00,113.0,114.0,113.0,114.0,3400,0.0,0.0
2023-05-24 09:00:00+09:00,112.0,114.0,112.0,113.0,16900,0.0,0.0
2023-05-24 10:00:00+09:00,113.0,113.0,113.0,113.0,1400,0.0,0.0
2023-05-24 11:00:00+09:00,112.0,113.0,112.0,112.0,0,0.0,0.0
2023-05-24 12:00:00+09:00,112.0,114.0,112.0,114.0,41500,0.0,0.0
2023-05-24 13:00:00+09:00,114.0,114.0,114.0,114.0,100,0.0,0.0
2023-05-24 14:00:00+09:00,114.0,114.0,114.0,114.0,0,0.0,0.0
2023-05-25 09:00:00+09:00,113.0,113.0,111.0,113.0,19300,0.0,0.0
2023-05-25 10:00:00+09:00,113.0,113.0,113.0,113.0,1300,0.0,0.0
2023-05-25 11:00:00+09:00,113.0,113.0,113.0,113.0,0,0.0,0.0
2023-05-25 12:00:00+09:00,112.0,114.0,112.0,113.0,25400,0.0,0.0
2023-05-25 13:00:00+09:00,112.0,113.0,112.0,113.0,5300,0.0,0.0
2023-05-25 14:00:00+09:00,114.0,114.0,112.0,112.0,25000,0.0,0.0
2023-05-26 09:00:00+09:00,113.0,115.0,113.0,114.0,21000,0.0,0.0
2023-05-26 10:00:00+09:00,116.0,116.0,115.0,115.0,600,0.0,0.0
2023-05-26 11:00:00+09:00,115.0,115.0,115.0,115.0,0,0.0,0.0
2023-05-26 12:00:00+09:00,115.0,115.0,114.0,115.0,54100,0.0,0.0
2023-05-26 13:00:00+09:00,115.0,115.0,115.0,115.0,1400,0.0,0.0
2023-05-26 14:00:00+09:00,115.0,116.0,114.0,114.0,8500,0.0,0.0
2023-05-29 09:00:00+09:00,114.0,114.0,114.0,114.0,0,0.0,0.0
2023-05-29 10:00:00+09:00,115.0,115.0,114.0,114.0,1600,0.0,0.0
2023-05-29 11:00:00+09:00,114.0,115.0,113.0,114.0,0,0.0,0.0
2023-05-29 12:00:00+09:00,113.0,113.0,113.0,113.0,12900,0.0,0.0
2023-05-29 13:00:00+09:00,114.0,114.0,114.0,114.0,300,0.0,0.0
2023-05-29 14:00:00+09:00,114.0,114.0,113.0,113.0,6500,0.0,0.0
2023-05-30 09:00:00+09:00,114.0,115.0,114.0,114.0,1000,0.0,0.0
2023-05-30 10:00:00+09:00,114.0,115.0,113.0,115.0,6500,0.0,0.0
2023-05-30 11:00:00+09:00,113.0,113.0,112.0,113.0,0,0.0,0.0
2023-05-30 12:00:00+09:00,113.0,114.0,113.0,114.0,30200,0.0,0.0
2023-05-30 13:00:00+09:00,113.0,114.0,113.0,114.0,1900,0.0,0.0
2023-05-30 14:00:00+09:00,114.0,114.0,113.0,113.0,1900,0.0,0.0
2023-05-31 09:00:00+09:00,114.0,114.0,113.0,114.0,5400,0.0,0.0
2023-05-31 10:00:00+09:00,114.0,114.0,113.0,113.0,9000,0.0,0.0
2023-05-31 11:00:00+09:00,114.0,114.0,114.0,114.0,0,0.0,0.0
2023-05-31 12:00:00+09:00,113.0,114.0,113.0,113.0,19000,0.0,0.0
2023-05-31 13:00:00+09:00,113.0,114.0,113.0,114.0,1800,0.0,0.0
2023-05-31 14:00:00+09:00,113.0,113.0,113.0,113.0,500,0.0,0.0
2023-06-01 09:00:00+09:00,114.0,114.0,113.0,114.0,2200,0.0,0.0
2023-06-01 10:00:00+09:00,114.0,114.0,114.0,114.0,200,0.0,0.0
2023-06-01 11:00:00+09:00,114.0,114.0,114.0,114.0,0,0.0,0.0
2023-06-01 12:00:00+09:00,114.0,114.0,114.0,114.0,4400,0.0,0.0
2023-06-01 13:00:00+09:00,113.0,113.0,113.0,113.0,200,0.0,0.0
2023-06-01 14:00:00+09:00,113.0,113.0,113.0,113.0,500,0.0,0.0
2023-06-02 09:00:00+09:00,114.0,114.0,113.0,114.0,8100,0.0,0.0
2023-06-02 10:00:00+09:00,114.0,114.0,113.0,113.0,2800,0.0,0.0
2023-06-02 11:00:00+09:00,114.0,114.0,114.0,114.0,0,0.0,0.0
2023-06-02 13:00:00+09:00,113.0,114.0,113.0,114.0,14100,0.0,0.0
2023-06-02 14:00:00+09:00,114.0,114.0,113.0,114.0,700,0.0,0.0
2023-06-05 09:00:00+09:00,113.0,115.0,113.0,115.0,14800,0.0,0.0
2023-06-05 10:00:00+09:00,114.0,114.0,114.0,114.0,600,0.0,0.0
2023-06-05 11:00:00+09:00,114.0,114.0,114.0,114.0,0,0.0,0.0
2023-06-05 12:00:00+09:00,114.0,114.0,114.0,114.0,31500,0.0,0.0
2023-06-05 13:00:00+09:00,114.0,114.0,112.0,112.0,22900,0.0,0.0
2023-06-05 14:00:00+09:00,113.0,114.0,112.0,112.0,2700,0.0,0.0
2023-06-06 09:00:00+09:00,115.0,115.0,113.0,113.0,9600,0.0,0.0
2023-06-06 10:00:00+09:00,114.0,114.0,114.0,114.0,300,0.0,0.0
2023-06-06 11:00:00+09:00,113.0,113.0,113.0,113.0,0,0.0,0.0
2023-06-06 12:00:00+09:00,113.0,113.0,113.0,113.0,10500,0.0,0.0
2023-06-06 13:00:00+09:00,114.0,114.0,114.0,114.0,700,0.0,0.0
2023-06-06 14:00:00+09:00,113.0,113.0,113.0,113.0,300,0.0,0.0
2023-06-07 09:00:00+09:00,115.0,115.0,113.0,113.0,13300,0.0,0.0
2023-06-07 10:00:00+09:00,113.0,113.0,110.0,112.0,39200,0.0,0.0
2023-06-07 11:00:00+09:00,112.0,112.0,112.0,112.0,0,0.0,0.0
2023-06-07 13:00:00+09:00,112.0,112.0,112.0,112.0,52800,0.0,0.0
2023-06-07 14:00:00+09:00,113.0,113.0,112.0,112.0,1500,0.0,0.0
2023-06-08 09:00:00+09:00,113.0,113.0,113.0,113.0,1200,0.0,0.0
2023-06-08 10:00:00+09:00,113.0,113.0,113.0,113.0,900,0.0,0.0
2023-06-08 11:00:00+09:00,113.0,113.0,113.0,113.0,0,0.0,0.0
2023-06-08 12:00:00+09:00,113.0,113.0,113.0,113.0,2800,0.0,0.0
2023-06-08 13:00:00+09:00,113.0,113.0,112.0,112.0,10500,0.0,0.0
2023-06-08 14:00:00+09:00,112.0,113.0,112.0,112.0,4900,0.0,0.0
2023-06-09 09:00:00+09:00,113.0,113.0,112.0,112.0,0,0.0,0.0
2023-06-09 10:00:00+09:00,113.0,113.0,111.0,111.0,15400,0.0,0.0
2023-06-09 11:00:00+09:00,112.0,112.0,111.0,112.0,0,0.0,0.0
2023-06-09 12:00:00+09:00,112.0,112.0,112.0,112.0,23600,0.0,0.0
2023-06-09 13:00:00+09:00,113.0,113.0,112.0,113.0,1200,0.0,0.0
2023-06-09 14:00:00+09:00,113.0,113.0,113.0,113.0,300,0.0,0.0
2023-06-12 09:00:00+09:00,114.0,114.0,114.0,114.0,600,0.0,0.0
2023-06-12 11:00:00+09:00,113.0,113.0,113.0,113.0,0,0.0,0.0
2023-06-12 12:00:00+09:00,113.0,114.0,113.0,114.0,2500,0.0,0.0
2023-06-12 13:00:00+09:00,113.0,113.0,113.0,113.0,200,0.0,0.0
2023-06-12 14:00:00+09:00,114.0,114.0,114.0,114.0,100,0.0,0.0
2023-06-13 09:00:00+09:00,114.0,114.0,113.0,114.0,3600,0.0,0.0
2023-06-13 10:00:00+09:00,113.0,113.0,112.0,113.0,16000,0.0,0.0
2023-06-13 11:00:00+09:00,113.0,113.0,113.0,113.0,0,0.0,0.0
2023-06-13 12:00:00+09:00,113.0,113.0,112.0,112.0,22600,0.0,0.0
2023-06-13 14:00:00+09:00,113.0,113.0,113.0,113.0,500,0.0,0.0
2023-06-14 09:00:00+09:00,113.0,113.0,112.0,112.0,2900,0.0,0.0
2023-06-14 10:00:00+09:00,112.0,112.0,111.0,111.0,32500,0.0,0.0
2023-06-14 11:00:00+09:00,111.0,111.0,111.0,111.0,0,0.0,0.0
2023-06-14 12:00:00+09:00,112.0,112.0,112.0,112.0,39900,0.0,0.0
2023-06-14 13:00:00+09:00,112.0,113.0,112.0,113.0,21200,0.0,0.0
2023-06-14 14:00:00+09:00,113.0,113.0,112.0,112.0,2600,0.0,0.0
2023-06-15 09:00:00+09:00,112.0,113.0,112.0,113.0,5000,0.0,0.0
2023-06-15 10:00:00+09:00,113.0,114.0,113.0,113.0,10400,0.0,0.0
2023-06-15 11:00:00+09:00,113.0,113.0,113.0,113.0,0,0.0,0.0
2023-06-15 12:00:00+09:00,114.0,114.0,114.0,114.0,30600,0.0,0.0
2023-06-15 13:00:00+09:00,113.0,113.0,112.0,112.0,19500,0.0,0.0
2023-06-15 14:00:00+09:00,112.0,113.0,112.0,113.0,3400,0.0,0.0
2023-06-16 09:00:00+09:00,112.0,113.0,112.0,113.0,0,0.0,0.0
2023-06-16 10:00:00+09:00,114.0,115.0,114.0,115.0,57700,0.0,0.0
2023-06-16 11:00:00+09:00,115.0,115.0,114.0,115.0,0,0.0,0.0
2023-06-16 12:00:00+09:00,115.0,116.0,115.0,115.0,90400,0.0,0.0
2023-06-16 13:00:00+09:00,115.0,115.0,115.0,115.0,12600,0.0,0.0
2023-06-16 14:00:00+09:00,115.0,117.0,115.0,117.0,15500,0.0,0.0
2023-06-19 09:00:00+09:00,118.0,123.0,118.0,121.0,92800,0.0,0.0
2023-06-19 10:00:00+09:00,122.0,124.0,121.0,123.0,27900,0.0,0.0
2023-06-19 11:00:00+09:00,123.0,124.0,122.0,122.0,0,0.0,0.0
2023-06-19 12:00:00+09:00,123.0,124.0,122.0,123.0,147900,0.0,0.0
2023-06-19 13:00:00+09:00,124.0,124.0,122.0,123.0,26400,0.0,0.0
2023-06-19 14:00:00+09:00,124.0,126.0,124.0,125.0,67100,0.0,0.0
2023-06-20 09:00:00+09:00,126.0,126.0,124.0,124.0,82300,0.0,0.0
2023-06-20 10:00:00+09:00,125.0,130.0,125.0,128.0,128400,0.0,0.0
2023-06-20 11:00:00+09:00,129.0,130.0,128.0,128.0,0,0.0,0.0
2023-06-20 12:00:00+09:00,128.0,130.0,128.0,129.0,236300,0.0,0.0
2023-06-20 13:00:00+09:00,129.0,129.0,128.0,128.0,20400,0.0,0.0
2023-06-20 14:00:00+09:00,128.0,131.0,127.0,130.0,117200,0.0,0.0
2023-06-21 09:00:00+09:00,129.0,129.0,127.0,128.0,75400,0.0,0.0
2023-06-21 10:00:00+09:00,128.0,129.0,128.0,129.0,5400,0.0,0.0
2023-06-21 11:00:00+09:00,129.0,131.0,128.0,130.0,0,0.0,0.0
2023-06-21 12:00:00+09:00,129.0,131.0,129.0,130.0,152300,0.0,0.0
2023-06-21 13:00:00+09:00,131.0,134.0,131.0,134.0,50000,0.0,0.0
2023-06-21 14:00:00+09:00,133.0,134.0,132.0,133.0,29900,0.0,0.0
2023-06-22 09:00:00+09:00,134.0,140.0,133.0,136.0,153700,0.0,0.0
2023-06-22 10:00:00+09:00,136.0,138.0,134.0,135.0,55600,0.0,0.0
2023-06-22 11:00:00+09:00,136.0,136.0,135.0,135.0,0,0.0,0.0
2023-06-22 12:00:00+09:00,135.0,137.0,135.0,137.0,246600,0.0,0.0
2023-06-22 13:00:00+09:00,137.0,137.0,135.0,136.0,20800,0.0,0.0
2023-06-22 14:00:00+09:00,136.0,137.0,133.0,133.0,63200,0.0,0.0
2023-06-23 09:00:00+09:00,133.0,134.0,132.0,133.0,0,0.0,0.0
2023-06-23 10:00:00+09:00,133.0,133.0,128.0,130.0,154400,0.0,0.0
2023-06-23 11:00:00+09:00,130.0,132.0,130.0,131.0,0,0.0,0.0
2023-06-23 12:00:00+09:00,130.0,133.0,130.0,132.0,179900,0.0,0.0
2023-06-23 13:00:00+09:00,132.0,132.0,132.0,132.0,1000,0.0,0.0
2023-06-23 14:00:00+09:00,132.0,133.0,132.0,132.0,3100,0.0,0.0
2023-06-26 09:00:00+09:00,133.0,133.0,130.0,131.0,0,0.0,0.0
2023-06-26 10:00:00+09:00,131.0,132.0,130.0,130.0,7000,0.0,0.0
2023-06-26 11:00:00+09:00,130.0,130.0,130.0,130.0,0,0.0,0.0
2023-06-26 12:00:00+09:00,130.0,130.0,128.0,129.0,78100,0.0,0.0
2023-06-26 13:00:00+09:00,130.0,131.0,130.0,130.0,3100,0.0,0.0
2023-06-26 14:00:00+09:00,130.0,130.0,128.0,129.0,9000,0.0,0.0
2023-06-27 09:00:00+09:00,132.0,132.0,129.0,131.0,24300,0.0,0.0
2023-06-27 10:00:00+09:00,130.0,131.0,129.0,131.0,25000,0.0,0.0
2023-06-27 11:00:00+09:00,131.0,132.0,130.0,131.0,0,0.0,0.0
2023-06-27 12:00:00+09:00,131.0,131.0,131.0,131.0,59600,0.0,0.0
2023-06-27 13:00:00+09:00,131.0,136.0,131.0,135.0,82000,0.0,0.0
2023-06-27 14:00:00+09:00,136.0,136.0,134.0,136.0,38900,0.0,0.0
2023-06-28 09:00:00+09:00,135.0,136.0,132.0,132.0,33400,0.0,0.0
2023-06-28 10:00:00+09:00,132.0,134.0,132.0,134.0,8100,0.0,0.0
2023-06-28 11:00:00+09:00,133.0,133.0,132.0,132.0,0,0.0,0.0
2023-06-28 12:00:00+09:00,132.0,132.0,130.0,130.0,112200,0.0,0.0
2023-06-28 13:00:00+09:00,130.0,131.0,129.0,129.0,12900,0.0,0.0
2023-06-28 14:00:00+09:00,129.0,132.0,129.0,130.0,11500,0.0,0.0
2023-06-29 09:00:00+09:00,130.0,130.0,127.0,127.0,59600,0.0,0.0
2023-06-29 10:00:00+09:00,128.0,128.0,127.0,127.0,22100,0.0,0.0
2023-06-29 11:00:00+09:00,126.0,128.0,126.0,128.0,0,0.0,0.0
2023-06-29 12:00:00+09:00,128.0,128.0,127.0,127.0,100200,0.0,0.0
2023-06-29 13:00:00+09:00,127.0,129.0,125.0,127.0,35400,0.0,0.0
2023-06-29 14:00:00+09:00,127.0,127.0,126.0,127.0,3900,0.0,0.0
2023-06-30 09:00:00+09:00,127.0,128.0,126.0,127.0,5400,0.0,0.0
2023-06-30 10:00:00+09:00,127.0,129.0,127.0,129.0,4600,0.0,0.0
2023-06-30 11:00:00+09:00,128.0,128.0,128.0,128.0,0,0.0,0.0
2023-06-30 12:00:00+09:00,127.0,127.0,127.0,127.0,15100,0.0,0.0
2023-06-30 13:00:00+09:00,127.0,127.0,127.0,127.0,9600,0.0,0.0
2023-06-30 14:00:00+09:00,128.0,130.0,128.0,130.0,4300,0.0,0.0
2023-07-03 09:00:00+09:00,128.0,128.0,127.0,127.0,0,0.0,0.0
2023-07-03 10:00:00+09:00,128.0,129.0,127.0,127.0,9000,0.0,0.0
2023-07-03 11:00:00+09:00,128.0,128.0,128.0,128.0,0,0.0,0.0
2023-07-03 12:00:00+09:00,128.0,129.0,128.0,129.0,17300,0.0,0.0
2023-07-03 13:00:00+09:00,129.0,129.0,129.0,129.0,6600,0.0,0.0
2023-07-03 14:00:00+09:00,129.0,130.0,129.0,130.0,4700,0.0,0.0
2023-07-04 09:00:00+09:00,132.0,132.0,131.0,131.0,17500,0.0,0.0
2023-07-04 11:00:00+09:00,130.0,130.0,129.0,129.0,0,0.0,0.0
2023-07-04 12:00:00+09:00,129.0,129.0,129.0,129.0,20700,0.0,0.0
2023-07-04 13:00:00+09:00,129.0,130.0,129.0,130.0,1200,0.0,0.0
2023-07-04 14:00:00+09:00,130.0,130.0,130.0,130.0,12500,0.0,0.0
2023-07-05 09:00:00+09:00,130.0,130.0,129.0,130.0,9200,0.0,0.0
2023-07-05 10:00:00+09:00,129.0,130.0,129.0,129.0,5600,0.0,0.0
2023-07-05 11:00:00+09:00,129.0,129.0,129.0,129.0,0,0.0,0.0
2023-07-05 12:00:00+09:00,128.0,128.0,128.0,128.0,49000,0.0,0.0
2023-07-05 13:00:00+09:00,128.0,130.0,127.0,129.0,6000,0.0,0.0
2023-07-05 14:00:00+09:00,129.0,129.0,118.0,121.0,115200,0.0,0.0
2023-07-06 09:00:00+09:00,126.0,137.0,123.0,129.0,298600,0.0,0.0
2023-07-06 10:00:00+09:00,131.0,131.0,125.0,125.0,42900,0.0,0.0
2023-07-06 11:00:00+09:00,126.0,129.0,126.0,127.0,0,0.0,0.0
2023-07-06 12:00:00+09:00,127.0,128.0,127.0,128.0,356300,0.0,0.0
2023-07-06 13:00:00+09:00,128.0,128.0,127.0,127.0,5500,0.0,0.0
2023-07-06 14:00:00+09:00,127.0,128.0,126.0,127.0,10100,0.0,0.0
2023-07-07 09:00:00+09:00,126.0,126.0,123.0,126.0,35300,0.0,0.0
2023-07-07 10:00:00+09:00,126.0,134.0,126.0,132.0,66300,0.0,0.0
2023-07-07 11:00:00+09:00,132.0,132.0,130.0,131.0,0,0.0,0.0
2023-07-07 12:00:00+09:00,131.0,132.0,131.0,131.0,113000,0.0,0.0
2023-07-07 13:00:00+09:00,132.0,133.0,132.0,133.0,11900,0.0,0.0
2023-07-07 14:00:00+09:00,132.0,133.0,130.0,130.0,8100,0.0,0.0
2023-07-10 09:00:00+09:00,130.0,132.0,129.0,132.0,0,0.0,0.0
2023-07-10 10:00:00+09:00,132.0,132.0,131.0,131.0,41000,0.0,0.0
2023-07-10 11:00:00+09:00,131.0,131.0,130.0,131.0,0,0.0,0.0
2023-07-10 12:00:00+09:00,130.0,131.0,130.0,130.0,42200,0.0,0.0
2023-07-10 13:00:00+09:00,130.0,130.0,130.0,130.0,3900,0.0,0.0
2023-07-10 14:00:00+09:00,130.0,131.0,130.0,131.0,600,0.0,0.0
2023-07-11 09:00:00+09:00,133.0,134.0,132.0,132.0,46200,0.0,0.0
2023-07-11 10:00:00+09:00,133.0,134.0,132.0,133.0,35100,0.0,0.0
2023-07-11 11:00:00+09:00,132.0,133.0,132.0,133.0,0,0.0,0.0
2023-07-11 12:00:00+09:00,133.0,133.0,133.0,133.0,94800,0.0,0.0
2023-07-11 13:00:00+09:00,133.0,133.0,133.0,133.0,10600,0.0,0.0
2023-07-11 14:00:00+09:00,133.0,133.0,133.0,133.0,10800,0.0,0.0
2023-07-12 09:00:00+09:00,132.0,132.0,131.0,132.0,10900,0.0,0.0
2023-07-12 10:00:00+09:00,131.0,134.0,131.0,133.0,10600,0.0,0.0
2023-07-12 11:00:00+09:00,133.0,133.0,133.0,133.0,0,0.0,0.0
2023-07-12 12:00:00+09:00,133.0,133.0,133.0,133.0,23600,0.0,0.0
2023-07-12 13:00:00+09:00,133.0,134.0,133.0,134.0,41200,0.0,0.0
2023-07-12 14:00:00+09:00,134.0,134.0,131.0,131.0,20600,0.0,0.0
2023-07-13 09:00:00+09:00,131.0,131.0,121.0,129.0,0,0.0,0.0
2023-07-13 10:00:00+09:00,129.0,130.0,129.0,129.0,81600,0.0,0.0
2023-07-13 11:00:00+09:00,129.0,129.0,129.0,129.0,0,0.0,0.0
2023-07-13 12:00:00+09:00,128.0,129.0,128.0,128.0,88400,0.0,0.0
2023-07-13 13:00:00+09:00,128.0,130.0,128.0,130.0,5200,0.0,0.0
2023-07-13 14:00:00+09:00,129.0,129.0,128.0,128.0,8600,0.0,0.0
2023-07-14 09:00:00+09:00,127.0,132.0,127.0,131.0,13300,0.0,0.0
2023-07-14 10:00:00+09:00,131.0,132.0,131.0,132.0,2900,0.0,0.0
2023-07-14 11:00:00+09:00,131.0,132.0,131.0,131.0,0,0.0,0.0
2023-07-14 12:00:00+09:00,131.0,132.0,131.0,132.0,30600,0.0,0.0
2023-07-14 13:00:00+09:00,132.0,132.0,128.0,130.0,25200,0.0,0.0
2023-07-14 14:00:00+09:00,131.0,132.0,131.0,132.0,4300,0.0,0.0
2023-07-18 09:00:00+09:00,133.0,133.0,130.0,130.0,11700,0.0,0.0
2023-07-18 10:00:00+09:00,131.0,131.0,130.0,130.0,1200,0.0,0.0
2023-07-18 11:00:00+09:00,130.0,130.0,130.0,130.0,0,0.0,0.0
2023-07-18 13:00:00+09:00,130.0,131.0,130.0,131.0,18000,0.0,0.0
2023-07-18 14:00:00+09:00,131.0,131.0,131.0,131.0,100,0.0,0.0
2023-07-19 09:00:00+09:00,132.0,132.0,129.0,129.0,12200,0.0,0.0
2023-07-19 10:00:00+09:00,129.0,130.0,127.0,128.0,25300,0.0,0.0
2023-07-19 11:00:00+09:00,128.0,128.0,128.0,128.0,0,0.0,0.0
2023-07-19 12:00:00+09:00,129.0,129.0,128.0,129.0,50900,0.0,0.0
2023-07-19 13:00:00+09:00,130.0,130.0,130.0,130.0,4900,0.0,0.0
2023-07-19 14:00:00+09:00,130.0,130.0,128.0,129.0,7600,0.0,0.0
2023-07-20 09:00:00+09:00,128.0,129.0,128.0,129.0,13800,0.0,0.0
2023-07-20 10:00:00+09:00,129.0,129.0,128.0,129.0,6200,0.0,0.0
2023-07-20 11:00:00+09:00,129.0,129.0,129.0,129.0,0,0.0,0.0
2023-07-20 12:00:00+09:00,128.0,128.0,128.0,128.0,22500,0.0,0.0
2023-07-20 13:00:00+09:00,128.0,128.0,128.0,128.0,600,0.0,0.0
2023-07-20 14:00:00+09:00,129.0,129.0,128.0,129.0,4800,0.0,0.0
2023-07-21 09:00:00+09:00,129.0,129.0,128.0,128.0,10500,0.0,0.0
2023-07-21 10:00:00+09:00,128.0,130.0,127.0,130.0,18000,0.0,0.0
2023-07-21 11:00:00+09:00,128.0,128.0,128.0,128.0,0,0.0,0.0
2023-07-21 12:00:00+09:00,129.0,129.0,129.0,129.0,29200,0.0,0.0
2023-07-21 13:00:00+09:00,127.0,128.0,123.0,127.0,51000,0.0,0.0
2023-07-21 14:00:00+09:00,126.0,127.0,123.0,127.0,17600,0.0,0.0
2023-07-24 09:00:00+09:00,127.0,128.0,127.0,128.0,6500,0.0,0.0
2023-07-24 10:00:00+09:00,128.0,128.0,127.0,128.0,3200,0.0,0.0
2023-07-24 11:00:00+09:00,128.0,128.0,128.0,128.0,0,0.0,0.0
2023-07-24 12:00:00+09:00,129.0,129.0,128.0,128.0,12700,0.0,0.0
2023-07-24 13:00:00+09:00,128.0,128.0,128.0,128.0,1400,0.0,0.0
2023-07-24 14:00:00+09:00,128.0,128.0,127.0,127.0,14000,0.0,0.0
2023-07-25 09:00:00+09:00,127.0,127.0,126.0,127.0,6600,0.0,0.0
2023-07-25 10:00:00+09:00,126.0,126.0,126.0,126.0,500,0.0,0.0
2023-07-25 11:00:00+09:00,127.0,127.0,127.0,127.0,0,0.0,0.0
2023-07-25 12:00:00+09:00,126.0,127.0,126.0,127.0,31500,0.0,0.0
2023-07-25 14:00:00+09:00,128.0,128.0,128.0,128.0,7300,0.0,0.0
2023-07-26 09:00:00+09:00,128.0,128.0,126.0,126.0,2200,0.0,0.0
2023-07-26 10:00:00+09:00,126.0,128.0,126.0,128.0,5800,0.0,0.0
2023-07-26 11:00:00+09:00,128.0,128.0,128.0,128.0,0,0.0,0.0
2023-07-26 12:00:00+09:00,129.0,129.0,129.0,129.0,11000,0.0,0.0
2023-07-26 13:00:00+09:00,127.0,127.0,127.0,127.0,200,0.0,0.0
2023-07-26 14:00:00+09:00,127.0,127.0,127.0,127.0,400,0.0,0.0
2023-07-27 09:00:00+09:00,129.0,129.0,127.0,128.0,5500,0.0,0.0
2023-07-27 11:00:00+09:00,128.0,128.0,128.0,128.0,0,0.0,0.0
2023-07-27 12:00:00+09:00,127.0,127.0,127.0,127.0,14100,0.0,0.0
2023-07-27 14:00:00+09:00,126.0,126.0,125.0,126.0,10100,0.0,0.0
2023-07-28 09:00:00+09:00,126.0,126.0,124.0,124.0,13200,0.0,0.0
2023-07-28 10:00:00+09:00,124.0,124.0,124.0,124.0,100,0.0,0.0
2023-07-28 11:00:00+09:00,124.0,124.0,123.0,123.0,0,0.0,0.0
2023-07-28 12:00:00+09:00,124.0,124.0,124.0,124.0,27100,0.0,0.0
2023-07-28 13:00:00+09:00,123.0,124.0,121.0,124.0,24300,0.0,0.0
2023-07-28 14:00:00+09:00,124.0,124.0,124.0,124.0,1100,0.0,0.0
2023-07-31 09:00:00+09:00,123.0,124.0,123.0,124.0,3900,0.0,0.0
2023-07-31 10:00:00+09:00,123.0,123.0,123.0,123.0,100,0.0,0.0
2023-07-31 11:00:00+09:00,123.0,124.0,123.0,124.0,0,0.0,0.0
2023-07-31 12:00:00+09:00,122.0,122.0,122.0,122.0,10500,0.0,0.0
2023-07-31 13:00:00+09:00,122.0,124.0,121.0,124.0,14300,0.0,0.0
2023-07-31 14:00:00+09:00,124.0,125.0,124.0,125.0,2300,0.0,0.0
2023-08-01 09:00:00+09:00,124.0,124.0,124.0,124.0,1200,0.0,0.0
2023-08-01 10:00:00+09:00,124.0,124.0,121.0,123.0,4900,0.0,0.0
2023-08-01 11:00:00+09:00,122.0,124.0,121.0,124.0,0,0.0,0.0
2023-08-01 12:00:00+09:00,123.0,124.0,123.0,124.0,10900,0.0,0.0
2023-08-01 13:00:00+09:00,125.0,125.0,125.0,125.0,5000,0.0,0.0
2023-08-01 14:00:00+09:00,124.0,125.0,124.0,125.0,3800,0.0,0.0
2023-08-02 09:00:00+09:00,126.0,126.0,125.0,126.0,3500,0.0,0.0
2023-08-02 10:00:00+09:00,126.0,126.0,126.0,126.0,3200,0.0,0.0
2023-08-02 11:00:00+09:00,126.0,126.0,126.0,126.0,0,0.0,0.0
2023-08-02 13:00:00+09:00,124.0,124.0,124.0,124.0,17500,0.0,0.0
2023-08-02 14:00:00+09:00,124.0,125.0,124.0,125.0,3800,0.0,0.0
2023-08-03 09:00:00+09:00,124.0,124.0,124.0,124.0,100,0.0,0.0
2023-08-03 10:00:00+09:00,124.0,124.0,124.0,124.0,700,0.0,0.0
2023-08-03 11:00:00+09:00,123.0,123.0,123.0,123.0,0,0.0,0.0
2023-08-03 12:00:00+09:00,124.0,124.0,124.0,124.0,1000,0.0,0.0
2023-08-03 13:00:00+09:00,125.0,125.0,124.0,124.0,2000,0.0,0.0
2023-08-03 14:00:00+09:00,123.0,124.0,123.0,123.0,900,0.0,0.0
2023-08-04 09:00:00+09:00,123.0,126.0,123.0,125.0,13200,0.0,0.0
2023-08-04 10:00:00+09:00,125.0,125.0,125.0,125.0,8700,0.0,0.0
2023-08-04 11:00:00+09:00,125.0,125.0,125.0,125.0,0,0.0,0.0
2023-08-04 12:00:00+09:00,125.0,125.0,125.0,125.0,23600,0.0,0.0
2023-08-04 13:00:00+09:00,124.0,124.0,123.0,124.0,4300,0.0,0.0
2023-08-04 14:00:00+09:00,124.0,125.0,124.0,125.0,3400,0.0,0.0
2023-08-07 09:00:00+09:00,123.0,124.0,123.0,124.0,7500,0.0,0.0
2023-08-07 10:00:00+09:00,125.0,125.0,122.0,123.0,6100,0.0,0.0
2023-08-07 11:00:00+09:00,123.0,123.0,123.0,123.0,0,0.0,0.0
2023-08-07 12:00:00+09:00,124.0,124.0,124.0,124.0,14600,0.0,0.0
2023-08-07 13:00:00+09:00,124.0,124.0,124.0,124.0,1200,0.0,0.0
2023-08-07 14:00:00+09:00,123.0,124.0,123.0,124.0,4200,0.0,0.0
2023-08-08 09:00:00+09:00,125.0,125.0,124.0,124.0,4500,0.0,0.0
2023-08-08 10:00:00+09:00,123.0,124.0,123.0,123.0,11400,0.0,0.0
2023-08-08 11:00:00+09:00,123.0,123.0,123.0,123.0,0,0.0,0.0
2023-08-08 12:00:00+09:00,123.0,123.0,123.0,123.0,19300,0.0,0.0
2023-08-08 14:00:00+09:00,124.0,124.0,124.0,124.0,1300,0.0,0.0
2023-08-09 09:00:00+09:00,124.0,126.0,124.0,126.0,7400,0.0,0.0
2023-08-09 10:00:00+09:00,126.0,126.0,126.0,126.0,5200,0.0,0.0
2023-08-09 11:00:00+09:00,126.0,126.0,126.0,126.0,0,0.0,0.0
2023-08-09 12:00:00+09:00,125.0,126.0,125.0,126.0,13700,0.0,0.0
2023-08-09 13:00:00+09:00,126.0,126.0,124.0,125.0,25500,0.0,0.0
2023-08-09 14:00:00+09:00,126.0,126.0,126.0,126.0,1500,0.0,0.0
2023-08-10 09:00:00+09:00,126.0,127.0,126.0,127.0,600,0.0,0.0
2023-08-10 10:00:00+09:00,126.0,126.0,125.0,125.0,2900,0.0,0.0
2023-08-10 11:00:00+09:00,125.0,125.0,125.0,125.0,0,0.0,0.0
2023-08-10 12:00:00+09:00,125.0,125.0,124.0,124.0,4700,0.0,0.0
2023-08-14 09:00:00+09:00,125.0,125.0,125.0,125.0,100,0.0,0.0
2023-08-14 10:00:00+09:00,125.0,125.0,123.0,123.0,2300,0.0,0.0
2023-08-14 11:00:00+09:00,124.0,124.0,123.0,123.0,0,0.0,0.0
2023-08-14 14:00:00+09:00,123.0,124.0,123.0,124.0,7200,0.0,0.0
2023-08-15 09:00:00+09:00,127.0,129.0,126.0,128.0,22100,0.0,0.0
2023-08-15 10:00:00+09:00,127.0,128.0,127.0,128.0,9000,0.0,0.0
2023-08-15 11:00:00+09:00,128.0,128.0,128.0,128.0,0,0.0,0.0
2023-08-15 12:00:00+09:00,129.0,129.0,126.0,126.0,58200,0.0,0.0
2023-08-15 13:00:00+09:00,127.0,127.0,126.0,126.0,3000,0.0,0.0
2023-08-15 14:00:00+09:00,127.0,127.0,125.0,127.0,1200,0.0,0.0
2023-08-16 09:00:00+09:00,126.0,126.0,125.0,125.0,3800,0.0,0.0
2023-08-16 10:00:00+09:00,125.0,125.0,125.0,125.0,500,0.0,0.0
2023-08-16 11:00:00+09:00,125.0,125.0,125.0,125.0,0,0.0,0.0
2023-08-16 12:00:00+09:00,125.0,125.0,125.0,125.0,4400,0.0,0.0
2023-08-16 13:00:00+09:00,125.0,125.0,123.0,123.0,44800,0.0,0.0
2023-08-16 14:00:00+09:00,123.0,124.0,123.0,123.0,6400,0.0,0.0
2023-08-17 09:00:00+09:00,122.0,122.0,122.0,122.0,5200,0.0,0.0
2023-08-17 10:00:00+09:00,123.0,123.0,120.0,121.0,29300,0.0,0.0
2023-08-17 11:00:00+09:00,121.0,121.0,121.0,121.0,0,0.0,0.0
2023-08-17 12:00:00+09:00,120.0,122.0,120.0,122.0,44100,0.0,0.0
2023-08-17 13:00:00+09:00,122.0,122.0,122.0,122.0,1700,0.0,0.0
2023-08-17 14:00:00+09:00,123.0,123.0,122.0,122.0,600,0.0,0.0
2023-08-18 09:00:00+09:00,122.0,122.0,119.0,121.0,5500,0.0,0.0
2023-08-18 10:00:00+09:00,122.0,122.0,120.0,121.0,13300,0.0,0.0
2023-08-18 11:00:00+09:00,120.0,121.0,120.0,121.0,0,0.0,0.0
2023-08-18 12:00:00+09:00,121.0,121.0,121.0,121.0,19700,0.0,0.0
2023-08-18 13:00:00+09:00,122.0,122.0,120.0,121.0,5700,0.0,0.0
2023-08-18 14:00:00+09:00,120.0,120.0,120.0,120.0,3900,0.0,0.0
2023-08-21 09:00:00+09:00,120.0,121.0,120.0,121.0,9900,0.0,0.0
2023-08-21 10:00:00+09:00,120.0,122.0,114.0,122.0,26700,0.0,0.0
2023-08-21 11:00:00+09:00,119.0,121.0,118.0,121.0,0,0.0,0.0
2023-08-21 13:00:00+09:00,120.0,120.0,120.0,120.0,40200,0.0,0.0
2023-08-21 14:00:00+09:00,120.0,121.0,120.0,121.0,2300,0.0,0.0
2023-08-22 09:00:00+09:00,121.0,122.0,121.0,121.0,3900,0.0,0.0
2023-08-22 10:00:00+09:00,120.0,120.0,120.0,120.0,0,0.0,0.0
2023-08-22 11:00:00+09:00,120.0,120.0,120.0,120.0,0,0.0,0.0
2023-08-22 12:00:00+09:00,121.0,121.0,120.0,120.0,8200,0.0,0.0
2023-08-22 14:00:00+09:00,120.0,123.0,120.0,123.0,7300,0.0,0.0
2023-08-23 09:00:00+09:00,124.0,124.0,123.0,123.0,1400,0.0,0.0
2023-08-23 10:00:00+09:00,123.0,123.0,121.0,123.0,4100,0.0,0.0
2023-08-23 11:00:00+09:00,123.0,123.0,123.0,123.0,0,0.0,0.0
2023-08-23 12:00:00+09:00,123.0,123.0,122.0,123.0,11000,0.0,0.0
2023-08-23 13:00:00+09:00,124.0,124.0,124.0,124.0,1000,0.0,0.0
2023-08-23 14:00:00+09:00,124.0,124.0,124.0,124.0,4700,0.0,0.0
2023-08-24 09:00:00+09:00,123.0,123.0,123.0,123.0,2100,0.0,0.0
2023-08-24 10:00:00+09:00,124.0,124.0,124.0,124.0,1100,0.0,0.0
2023-08-24 11:00:00+09:00,124.0,124.0,124.0,124.0,0,0.0,0.0
2023-08-24 12:00:00+09:00,123.0,123.0,123.0,123.0,4200,0.0,0.0
2023-08-24 13:00:00+09:00,123.0,123.0,123.0,123.0,900,0.0,0.0
2023-08-24 14:00:00+09:00,123.0,124.0,123.0,123.0,1700,0.0,0.0
2023-08-25 09:00:00+09:00,124.0,124.0,122.0,123.0,12000,0.0,0.0
2023-08-25 11:00:00+09:00,123.0,123.0,123.0,123.0,0,0.0,0.0
2023-08-25 12:00:00+09:00,123.0,123.0,122.0,122.0,13000,0.0,0.0
2023-08-25 13:00:00+09:00,123.0,123.0,123.0,123.0,1200,0.0,0.0
2023-08-25 14:00:00+09:00,122.0,123.0,122.0,123.0,2100,0.0,0.0
2023-08-28 09:00:00+09:00,122.0,124.0,122.0,124.0,6500,0.0,0.0
2023-08-28 10:00:00+09:00,124.0,124.0,124.0,124.0,800,0.0,0.0
2023-08-28 11:00:00+09:00,124.0,124.0,123.0,123.0,0,0.0,0.0
2023-08-28 12:00:00+09:00,130.0,133.0,123.0,124.0,344700,0.0,0.0
2023-08-28 13:00:00+09:00,123.0,124.0,122.0,123.0,100600,0.0,0.0
2023-08-28 14:00:00+09:00,123.0,123.0,121.0,122.0,38200,0.0,0.0
2023-08-29 09:00:00+09:00,124.0,125.0,121.0,124.0,24200,0.0,0.0
2023-08-29 10:00:00+09:00,124.0,125.0,124.0,124.0,2500,0.0,0.0
2023-08-29 11:00:00+09:00,124.0,124.0,124.0,124.0,0,0.0,0.0
2023-08-29 12:00:00+09:00,123.0,123.0,123.0,123.0,29800,0.0,0.0
2023-08-29 13:00:00+09:00,122.0,123.0,122.0,122.0,3800,0.0,0.0
2023-08-29 14:00:00+09:00,122.0,122.0,120.0,120.0,16900,0.0,0.0
2023-08-30 09:00:00+09:00,120.0,121.0,120.0,121.0,17300,0.0,0.0
2023-08-30 10:00:00+09:00,121.0,121.0,121.0,121.0,1700,0.0,0.0
2023-08-30 11:00:00+09:00,121.0,121.0,121.0,121.0,0,0.0,0.0
2023-08-30 12:00:00+09:00,121.0,121.0,121.0,121.0,19700,0.0,0.0
2023-08-30 13:00:00+09:00,120.0,120.0,119.0,120.0,5100,0.0,0.0
2023-08-30 14:00:00+09:00,120.0,120.0,119.0,119.0,400,0.0,0.0
2023-08-31 09:00:00+09:00,119.0,121.0,119.0,121.0,5500,0.0,0.0
2023-08-31 10:00:00+09:00,121.0,121.0,120.0,120.0,0,0.0,0.0
2023-08-31 11:00:00+09:00,120.0,120.0,120.0,120.0,0,0.0,0.0
2023-08-31 12:00:00+09:00,120.0,120.0,120.0,120.0,12300,0.0,0.0
2023-08-31 13:00:00+09:00,119.0,119.0,118.0,119.0,8100,0.0,0.0
2023-08-31 14:00:00+09:00,119.0,120.0,119.0,120.0,1200,0.0,0.0
2023-09-01 09:00:00+09:00,119.0,119.0,118.0,119.0,4700,0.0,0.0
2023-09-01 10:00:00+09:00,119.0,119.0,118.0,119.0,2300,0.0,0.0
2023-09-01 11:00:00+09:00,119.0,120.0,119.0,119.0,0,0.0,0.0
2023-09-01 12:00:00+09:00,119.0,120.0,119.0,120.0,36300,0.0,0.0
2023-09-01 13:00:00+09:00,121.0,121.0,120.0,120.0,1800,0.0,0.0
2023-09-01 14:00:00+09:00,120.0,121.0,120.0,121.0,500,0.0,0.0
2023-09-04 09:00:00+09:00,121.0,121.0,120.0,121.0,0,0.0,0.0
2023-09-04 10:00:00+09:00,121.0,121.0,120.0,120.0,5500,0.0,0.0
2023-09-04 11:00:00+09:00,121.0,121.0,120.0,120.0,0,0.0,0.0
2023-09-04 12:00:00+09:00,121.0,121.0,120.0,120.0,6200,0.0,0.0
2023-09-04 13:00:00+09:00,121.0,121.0,120.0,121.0,500,0.0,0.0
2023-09-04 14:00:00+09:00,120.0,120.0,119.0,120.0,2800,0.0,0.0
2023-09-05 09:00:00+09:00,121.0,122.0,120.0,120.0,3500,0.0,0.0
2023-09-05 10:00:00+09:00,121.0,122.0,121.0,121.0,3200,0.0,0.0
2023-09-05 11:00:00+09:00,122.0,122.0,121.0,121.0,0,0.0,0.0
2023-09-05 12:00:00+09:00,121.0,121.0,121.0,121.0,7200,0.0,0.0
2023-09-05 13:00:00+09:00,121.0,122.0,121.0,122.0,900,0.0,0.0
2023-09-05 14:00:00+09:00,121.0,121.0,120.0,121.0,5800,0.0,0.0
2023-09-06 09:00:00+09:00,119.0,120.0,119.0,120.0,0,0.0,0.0
2023-09-06 10:00:00+09:00,120.0,120.0,120.0,120.0,0,0.0,0.0
2023-09-06 11:00:00+09:00,120.0,120.0,120.0,120.0,0,0.0,0.0
2023-09-06 12:00:00+09:00,120.0,120.0,120.0,120.0,9400,0.0,0.0
2023-09-06 13:00:00+09:00,120.0,120.0,119.0,119.0,5300,0.0,0.0
2023-09-06 14:00:00+09:00,119.0,120.0,119.0,120.0,7400,0.0,0.0
2023-09-07 09:00:00+09:00,120.0,121.0,120.0,120.0,3600,0.0,0.0
2023-09-07 10:00:00+09:00,119.0,119.0,119.0,119.0,3800,0.0,0.0
2023-09-07 11:00:00+09:00,119.0,120.0,119.0,120.0,0,0.0,0.0
2023-09-07 13:00:00+09:00,120.0,120.0,120.0,120.0,0,0.0,0.0
2023-09-07 14:00:00+09:00,119.0,119.0,118.0,118.0,18600,0.0,0.0
2023-09-08 09:00:00+09:00,119.0,120.0,119.0,120.0,3500,0.0,0.0
2023-09-08 10:00:00+09:00,118.0,119.0,118.0,119.0,0,0.0,0.0
2023-09-08 11:00:00+09:00,119.0,119.0,119.0,119.0,0,0.0,0.0
2023-09-08 12:00:00+09:00,119.0,120.0,119.0,120.0,10900,0.0,0.0
2023-09-08 13:00:00+09:00,119.0,119.0,119.0,119.0,100,0.0,0.0
2023-09-08 14:00:00+09:00,119.0,120.0,118.0,119.0,6200,0.0,0.0
2023-09-11 09:00:00+09:00,120.0,120.0,118.0,118.0,5200,0.0,0.0
2023-09-11 10:00:00+09:00,118.0,118.0,118.0,118.0,1500,0.0,0.0
2023-09-11 11:00:00+09:00,119.0,119.0,119.0,119.0,0,0.0,0.0
2023-09-11 12:00:00+09:00,119.0,119.0,119.0,119.0,6900,0.0,0.0
2023-09-11 13:00:00+09:00,118.0,119.0,118.0,119.0,9000,0.0,0.0
2023-09-11 14:00:00+09:00,119.0,119.0,119.0,119.0,600,0.0,0.0
2023-09-12 09:00:00+09:00,120.0,120.0,117.0,119.0,33400,0.0,0.0
2023-09-12 11:00:00+09:00,119.0,119.0,119.0,119.0,0,0.0,0.0
2023-09-12 12:00:00+09:00,118.0,118.0,118.0,118.0,34800,0.0,0.0
2023-09-12 13:00:00+09:00,118.0,119.0,118.0,119.0,3000,0.0,0.0
2023-09-12 14:00:00+09:00,119.0,119.0,118.0,119.0,2900,0.0,0.0
2023-09-13 09:00:00+09:00,118.0,118.0,116.0,117.0,25500,0.0,0.0
2023-09-13 10:00:00+09:00,117.0,118.0,117.0,118.0,2200,0.0,0.0
2023-09-13 11:00:00+09:00,118.0,118.0,118.0,118.0,0,0.0,0.0
2023-09-13 12:00:00+09:00,118.0,118.0,117.0,117.0,29300,0.0,0.0
2023-09-13 13:00:00+09:00,117.0,118.0,117.0,118.0,500,0.0,0.0
2023-09-14 09:00:00+09:00,118.0,118.0,117.0,117.0,2600,0.0,0.0
2023-09-14 10:00:00+09:00,117.0,117.0,116.0,116.0,3200,0.0,0.0
2023-09-14 11:00:00+09:00,116.0,116.0,116.0,116.0,0,0.0,0.0
2023-09-14 12:00:00+09:00,117.0,117.0,117.0,117.0,6000,0.0,0.0
2023-09-14 13:00:00+09:00,117.0,118.0,117.0,118.0,4700,0.0,0.0
2023-09-14 14:00:00+09:00,118.0,118.0,118.0,118.0,1400,0.0,0.0
2023-09-15 09:00:00+09:00,119.0,119.0,119.0,119.0,400,0.0,0.0
2023-09-15 10:00:00+09:00,119.0,119.0,119.0,119.0,1100,0.0,0.0
2023-09-15 11:00:00+09:00,119.0,119.0,119.0,119.0,0,0.0,0.0
2023-09-15 12:00:00+09:00,119.0,119.0,119.0,119.0,2600,0.0,0.0
2023-09-15 13:00:00+09:00,118.0,118.0,117.0,117.0,1200,0.0,0.0
2023-09-15 14:00:00+09:00,118.0,118.0,118.0,118.0,200,0.0,0.0
2023-09-19 09:00:00+09:00,118.0,119.0,118.0,119.0,1000,0.0,0.0
2023-09-19 10:00:00+09:00,118.0,118.0,118.0,118.0,100,0.0,0.0
2023-09-19 11:00:00+09:00,118.0,118.0,118.0,118.0,0,0.0,0.0
2023-09-19 12:00:00+09:00,116.0,117.0,116.0,117.0,5600,0.0,0.0
2023-09-19 13:00:00+09:00,117.0,118.0,117.0,118.0,500,0.0,0.0
2023-09-19 14:00:00+09:00,118.0,118.0,118.0,118.0,300,0.0,0.0
2023-09-20 09:00:00+09:00,119.0,119.0,118.0,118.0,700,0.0,0.0
2023-09-20 10:00:00+09:00,117.0,117.0,117.0,117.0,300,0.0,0.0
2023-09-20 11:00:00+09:00,117.0,117.0,117.0,117.0,0,0.0,0.0
2023-09-20 12:00:00+09:00,117.0,117.0,116.0,117.0,4800,0.0,0.0
2023-09-20 13:00:00+09:00,117.0,117.0,117.0,117.0,3900,0.0,0.0
2023-09-20 14:00:00+09:00,118.0,118.0,117.0,117.0,400,0.0,0.0
2023-09-21 09:00:00+09:00,118.0,118.0,116.0,117.0,9300,0.0,0.0
2023-09-21 10:00:00+09:00,117.0,117.0,116.0,117.0,2000,0.0,0.0
2023-09-21 11:00:00+09:00,117.0,117.0,117.0,117.0,0,0.0,0.0
2023-09-21 12:00:00+09:00,117.0,117.0,117.0,117.0,13100,0.0,0.0
2023-09-21 13:00:00+09:00,117.0,117.0,116.0,116.0,7700,0.0,0.0
2023-09-21 14:00:00+09:00,116.0,117.0,116.0,117.0,200,0.0,0.0
2023-09-22 09:00:00+09:00,116.0,116.0,113.0,114.0,37100,0.0,0.0
2023-09-22 10:00:00+09:00,114.0,115.0,114.0,115.0,5300,0.0,0.0
2023-09-22 11:00:00+09:00,115.0,115.0,115.0,115.0,0,0.0,0.0
2023-09-22 12:00:00+09:00,115.0,116.0,115.0,115.0,59500,0.0,0.0
2023-09-22 13:00:00+09:00,115.0,115.0,115.0,115.0,100,0.0,0.0
2023-09-22 14:00:00+09:00,115.0,116.0,115.0,116.0,2800,0.0,0.0
2023-09-25 09:00:00+09:00,116.0,117.0,116.0,117.0,800,0.0,0.0
2023-09-25 10:00:00+09:00,116.0,116.0,115.0,116.0,8000,0.0,0.0
2023-09-25 11:00:00+09:00,116.0,116.0,116.0,116.0,0,0.0,0.0
2023-09-25 13:00:00+09:00,116.0,116.0,116.0,116.0,9000,0.0,0.0
2023-09-25 14:00:00+09:00,116.0,117.0,116.0,117.0,1600,0.0,0.0
2023-09-26 09:00:00+09:00,116.0,116.0,116.0,116.0,3400,0.0,0.0
2023-09-26 10:00:00+09:00,117.0,117.0,117.0,117.0,1100,0.0,0.0
2023-09-26 11:00:00+09:00,116.0,116.0,116.0,116.0,0,0.0,0.0
2023-09-26 12:00:00+09:00,116.0,116.0,116.0,116.0,5700,0.0,0.0
2023-09-26 13:00:00+09:00,116.0,116.0,116.0,116.0,1400,0.0,0.0
2023-09-26 14:00:00+09:00,115.0,116.0,115.0,115.0,5900,0.0,0.0
2023-09-27 09:00:00+09:00,115.0,116.0,115.0,116.0,400,0.0,0.0
2023-09-27 10:00:00+09:00,115.0,116.0,115.0,116.0,4600,0.0,0.0
2023-09-27 11:00:00+09:00,116.0,116.0,116.0,116.0,0,0.0,0.0
2023-09-27 12:00:00+09:00,115.0,115.0,115.0,115.0,5300,0.0,0.0
2023-09-27 13:00:00+09:00,115.0,116.0,115.0,115.0,1700,0.0,0.0
2023-09-27 14:00:00+09:00,116.0,116.0,116.0,116.0,700,0.0,0.0
2023-09-28 09:00:00+09:00,116.0,116.0,115.0,115.0,9400,0.0,0.0
2023-09-28 10:00:00+09:00,116.0,116.0,116.0,116.0,2600,0.0,0.0
2023-09-28 11:00:00+09:00,116.0,116.0,116.0,116.0,0,0.0,0.0
2023-09-28 12:00:00+09:00,115.0,115.0,115.0,115.0,13200,0.0,0.0
2023-09-28 13:00:00+09:00,115.0,115.0,115.0,115.0,2200,0.0,0.0
2023-09-28 14:00:00+09:00,116.0,116.0,116.0,116.0,100,0.0,0.0
2023-09-29 09:00:00+09:00,115.0,115.0,114.0,115.0,8900,0.0,0.0
2023-09-29 10:00:00+09:00,114.0,114.0,114.0,114.0,1200,0.0,0.0
2023-09-29 11:00:00+09:00,115.0,115.0,115.0,115.0,0,0.0,0.0
2023-09-29 13:00:00+09:00,114.0,114.0,114.0,114.0,13000,0.0,0.0
2023-09-29 14:00:00+09:00,115.0,115.0,114.0,114.0,4300,0.0,0.0
2023-10-02 09:00:00+09:00,114.0,116.0,114.0,116.0,4000,0.0,0.0
2023-10-02 10:00:00+09:00,115.0,115.0,115.0,115.0,1600,0.0,0.0
2023-10-02 11:00:00+09:00,115.0,115.0,115.0,115.0,0,0.0,0.0
2023-10-02 12:00:00+09:00,115.0,115.0,114.0,115.0,7200,0.0,0.0
2023-10-02 14:00:00+09:00,115.0,115.0,115.0,115.0,100,0.0,0.0
2023-10-03 09:00:00+09:00,113.0,114.0,111.0,112.0,31300,0.0,0.0
2023-10-03 10:00:00+09:00,112.0,113.0,112.0,113.0,1900,0.0,0.0
2023-10-03 11:00:00+09:00,113.0,113.0,113.0,113.0,0,0.0,0.0
2023-10-03 12:00:00+09:00,113.0,113.0,113.0,113.0,33300,0.0,0.0
2023-10-03 13:00:00+09:00,113.0,113.0,113.0,113.0,200,0.0,0.0
2023-10-03 14:00:00+09:00,114.0,114.0,112.0,112.0,6400,0.0,0.0
2023-10-04 09:00:00+09:00,120.0,134.0,117.0,118.0,693100,0.0,0.0
2023-10-04 10:00:00+09:00,117.0,117.0,113.0,114.0,81800,0.0,0.0
2023-10-04 11:00:00+09:00,114.0,114.0,113.0,114.0,0,0.0,0.0
2023-10-04 12:00:00+09:00,114.0,114.0,113.0,114.0,810900,0.0,0.0
2023-10-04 13:00:00+09:00,114.0,115.0,114.0,114.0,17300,0.0,0.0
2023-10-04 14:00:00+09:00,114.0,115.0,114.0,114.0,14600,0.0,0.0
2023-10-05 09:00:00+09:00,115.0,115.0,112.0,112.0,0,0.0,0.0
2023-10-05 10:00:00+09:00,112.0,113.0,111.0,111.0,59800,0.0,0.0
2023-10-05 11:00:00+09:00,111.0,113.0,110.0,113.0,0,0.0,0.0
2023-10-05 12:00:00+09:00,112.0,113.0,112.0,113.0,82100,0.0,0.0
2023-10-05 13:00:00+09:00,113.0,113.0,112.0,113.0,3400,0.0,0.0
2023-10-05 14:00:00+09:00,112.0,113.0,112.0,112.0,1800,0.0,0.0
2023-10-06 09:00:00+09:00,113.0,113.0,110.0,110.0,0,0.0,0.0
2023-10-06 10:00:00+09:00,111.0,112.0,110.0,111.0,29500,0.0,0.0
2023-10-06 11:00:00+09:00,111.0,111.0,111.0,111.0,0,0.0,0.0
2023-10-06 12:00:00+09:00,109.0,111.0,108.0,111.0,115000,0.0,0.0
2023-10-06 13:00:00+09:00,112.0,112.0,110.0,111.0,3900,0.0,0.0
2023-10-06 14:00:00+09:00,112.0,112.0,110.0,110.0,3100,0.0,0.0
2023-10-10 09:00:00+09:00,110.0,111.0,110.0,110.0,0,0.0,0.0
2023-10-10 10:00:00+09:00,110.0,110.0,109.0,109.0,8800,0.0,0.0
2023-10-10 11:00:00+09:00,109.0,110.0,109.0,110.0,0,0.0,0.0
2023-10-10 12:00:00+09:00,110.0,110.0,109.0,109.0,11100,0.0,0.0
2023-10-10 13:00:00+09:00,109.0,109.0,109.0,109.0,2300,0.0,0.0
2023-10-10 14:00:00+09:00,110.0,110.0,108.0,110.0,6800,0.0,0.0
2023-10-11 09:00:00+09:00,108.0,110.0,108.0,109.0,0,0.0,0.0
2023-10-11 10:00:00+09:00,109.0,109.0,109.0,109.0,6600,0.0,0.0
2023-10-11 11:00:00+09:00,109.0,109.0,109.0,109.0,0,0.0,0.0
2023-10-11 12:00:00+09:00,110.0,110.0,110.0,110.0,7400,0.0,0.0
2023-10-11 13:00:00+09:00,109.0,110.0,109.0,110.0,300,0.0,0.0
2023-10-11 14:00:00+09:00,109.0,109.0,109.0,109.0,1900,0.0,0.0
2023-10-12 09:00:00+09:00,109.0,109.0,108.0,109.0,5500,0.0,0.0
2023-10-12 10:00:00+09:00,109.0,112.0,108.0,112.0,24200,0.0,0.0
2023-10-12 11:00:00+09:00,112.0,113.0,111.0,113.0,0,0.0,0.0
2023-10-12 12:00:00+09:00,113.0,113.0,111.0,112.0,45200,0.0,0.0
2023-10-12 13:00:00+09:00,113.0,114.0,113.0,114.0,2300,0.0,0.0
2023-10-12 14:00:00+09:00,114.0,119.0,114.0,118.0,41900,0.0,0.0
2023-10-13 09:00:00+09:00,120.0,120.0,115.0,119.0,31900,0.0,0.0
2023-10-13 10:00:00+09:00,120.0,120.0,118.0,118.0,4500,0.0,0.0
2023-10-13 11:00:00+09:00,119.0,119.0,119.0,119.0,0,0.0,0.0
2023-10-13 12:00:00+09:00,119.0,119.0,119.0,119.0,40500,0.0,0.0
2023-10-13 13:00:00+09:00,119.0,120.0,119.0,120.0,0,0.0,0.0
2023-10-13 14:00:00+09:00,120.0,121.0,120.0,121.0,52500,0.0,0.0
2023-10-16 09:00:00+09:00,121.0,121.0,118.0,119.0,8700,0.0,0.0
2023-10-16 11:00:00+09:00,119.0,119.0,116.0,117.0,0,0.0,0.0
2023-10-16 12:00:00+09:00,116.0,117.0,116.0,117.0,21600,0.0,0.0
2023-10-16 13:00:00+09:00,117.0,117.0,116.0,116.0,1200,0.0,0.0
2023-10-16 14:00:00+09:00,117.0,117.0,116.0,116.0,4800,0.0,0.0
2023-10-17 09:00:00+09:00,118.0,118.0,113.0,116.0,16600,0.0,0.0
2023-10-17 10:00:00+09:00,115.0,115.0,115.0,115.0,100,0.0,0.0
2023-10-17 11:00:00+09:00,115.0,115.0,115.0,115.0,0,0.0,0.0
2023-10-17 12:00:00+09:00,115.0,115.0,115.0,115.0,18800,0.0,0.0
2023-10-17 13:00:00+09:00,114.0,114.0,113.0,113.0,3100,0.0,0.0
2023-10-17 14:00:00+09:00,114.0,116.0,114.0,116.0,0,0.0,0.0
2023-10-18 09:00:00+09:00,115.0,115.0,115.0,115.0,1000,0.0,0.0
2023-10-18 10:00:00+09:00,115.0,115.0,110.0,112.0,37000,0.0,0.0
2023-10-18 11:00:00+09:00,112.0,113.0,112.0,113.0,0,0.0,0.0
2023-10-18 12:00:00+09:00,112.0,112.0,112.0,112.0,40100,0.0,0.0
2023-10-18 13:00:00+09:00,112.0,113.0,112.0,113.0,3000,0.0,0.0
2023-10-18 14:00:00+09:00,114.0,114.0,114.0,114.0,1400,0.0,0.0
2023-10-19 09:00:00+09:00,112.0,113.0,112.0,113.0,3000,0.0,0.0
2023-10-19 10:00:00+09:00,113.0,113.0,113.0,113.0,600,0.0,0.0
2023-10-19 11:00:00+09:00,113.0,113.0,113.0,113.0,0,0.0,0.0
2023-10-19 12:00:00+09:00,113.0,113.0,113.0,113.0,4200,0.0,0.0
2023-10-19 13:00:00+09:00,112.0,113.0,112.0,113.0,900,0.0,0.0
2023-10-19 14:00:00+09:00,112.0,113.0,112.0,113.0,3100,0.0,0.0
2023-10-20 09:00:00+09:00,112.0,113.0,112.0,113.0,600,0.0,0.0
2023-10-20 11:00:00+09:00,113.0,113.0,113.0,113.0,0,0.0,0.0
2023-10-20 12:00:00+09:00,113.0,113.0,113.0,113.0,1100,0.0,0.0
2023-10-20 13:00:00+09:00,112.0,112.0,112.0,112.0,4500,0.0,0.0
2023-10-20 14:00:00+09:00,112.0,112.0,112.0,112.0,1900,0.0,0.0
2023-10-23 09:00:00+09:00,113.0,113.0,113.0,113.0,3900,0.0,0.0
2023-10-23 10:00:00+09:00,112.0,113.0,112.0,113.0,800,0.0,0.0
2023-10-23 11:00:00+09:00,113.0,113.0,113.0,113.0,0,0.0,0.0
2023-10-23 13:00:00+09:00,112.0,112.0,111.0,111.0,9000,0.0,0.0
2023-10-23 14:00:00+09:00,111.0,112.0,111.0,111.0,4900,0.0,0.0
2023-10-24 09:00:00+09:00,111.0,111.0,110.0,110.0,6100,0.0,0.0
2023-10-24 10:00:00+09:00,110.0,110.0,109.0,110.0,7400,0.0,0.0
2023-10-24 11:00:00+09:00,110.0,110.0,110.0,110.0,0,0.0,0.0
2023-10-24 13:00:00+09:00,110.0,111.0,109.0,111.0,17900,0.0,0.0
2023-10-24 14:00:00+09:00,110.0,112.0,110.0,112.0,800,0.0,0.0
2023-10-25 09:00:00+09:00,112.0,112.0,112.0,112.0,0,0.0,0.0
2023-10-25 10:00:00+09:00,112.0,112.0,112.0,112.0,2000,0.0,0.0
2023-10-25 11:00:00+09:00,112.0,112.0,112.0,112.0,0,0.0,0.0
2023-10-25 12:00:00+09:00,113.0,113.0,113.0,113.0,2100,0.0,0.0
2023-10-25 13:00:00+09:00,112.0,112.0,112.0,112.0,1600,0.0,0.0
2023-10-25 14:00:00+09:00,113.0,113.0,113.0,113.0,300,0.0,0.0
2023-10-26 09:00:00+09:00,112.0,112.0,112.0,112.0,100,0.0,0.0
2023-10-26 10:00:00+09:00,112.0,112.0,112.0,112.0,1900,0.0,0.0
2023-10-26 11:00:00+09:00,112.0,112.0,112.0,112.0,0,0.0,0.0
2023-10-26 12:00:00+09:00,113.0,113.0,113.0,113.0,2800,0.0,0.0
2023-10-26 14:00:00+09:00,113.0,113.0,112.0,113.0,1700,0.0,0.0
2023-10-27 09:00:00+09:00,113.0,113.0,112.0,112.0,11200,0.0,0.0
2023-10-27 10:00:00+09:00,113.0,113.0,113.0,113.0,1900,0.0,0.0
2023-10-27 11:00:00+09:00,113.0,113.0,113.0,113.0,0,0.0,0.0
2023-10-27 12:00:00+09:00,113.0,113.0,113.0,113.0,0,0.0,0.0
2023-10-27 13:00:00+09:00,114.0,114.0,114.0,114.0,13800,0.0,0.0
2023-10-27 14:00:00+09:00,113.0,113.0,113.0,113.0,100,0.0,0.0
2023-10-30 09:00:00+09:00,112.0,112.0,111.0,112.0,0,0.0,0.0
2023-10-30 10:00:00+09:00,111.0,112.0,111.0,112.0,1500,0.0,0.0
2023-10-30 11:00:00+09:00,112.0,112.0,112.0,112.0,0,0.0,0.0
2023-10-30 13:00:00+09:00,112.0,112.0,112.0,112.0,5200,0.0,0.0
2023-10-30 14:00:00+09:00,111.0,111.0,111.0,111.0,4500,0.0,0.0
2023-10-31 09:00:00+09:00,111.0,111.0,110.0,111.0,2200,0.0,0.0
2023-10-31 11:00:00+09:00,110.0,110.0,109.0,109.0,0,0.0,0.0
2023-10-31 12:00:00+09:00,109.0,110.0,109.0,109.0,12600,0.0,0.0
2023-10-31 13:00:00+09:00,110.0,110.0,109.0,110.0,1300,0.0,0.0
2023-11-01 09:00:00+09:00,110.0,111.0,110.0,110.0,1300,0.0,0.0
2023-11-01 10:00:00+09:00,110.0,110.0,109.0,110.0,0,0.0,0.0
2023-11-01 11:00:00+09:00,110.0,110.0,110.0,110.0,0,0.0,0.0
2023-11-01 12:00:00+09:00,109.0,109.0,109.0,109.0,21900,0.0,0.0
2023-11-01 13:00:00+09:00,109.0,109.0,109.0,109.0,100,0.0,0.0
2023-11-01 14:00:00+09:00,110.0,110.0,109.0,110.0,0,0.0,0.0
2023-11-02 09:00:00+09:00,110.0,110.0,109.0,109.0,5600,0.0,0.0
2023-11-02 10:00:00+09:00,110.0,110.0,110.0,110.0,1100,0.0,0.0
2023-11-02 11:00:00+09:00,110.0,110.0,110.0,110.0,0,0.0,0.0
2023-11-02 12:00:00+09:00,110.0,110.0,109.0,109.0,11500,0.0,0.0
2023-11-02 13:00:00+09:00,109.0,109.0,108.0,109.0,2100,0.0,0.0
2023-11-02 14:00:00+09:00,109.0,109.0,109.0,109.0,400,0.0,0.0
2023-11-06 09:00:00+09:00,110.0,111.0,110.0,110.0,5500,0.0,0.0
2023-11-06 10:00:00+09:00,111.0,111.0,111.0,111.0,800,0.0,0.0
2023-11-06 11:00:00+09:00,110.0,110.0,110.0,110.0,0,0.0,0.0
2023-11-06 12:00:00+09:00,110.0,110.0,110.0,110.0,7100,0.0,0.0
2023-11-06 13:00:00+09:00,110.0,110.0,110.0,110.0,300,0.0,0.0
2023-11-07 09:00:00+09:00,111.0,111.0,110.0,110.0,3800,0.0,0.0
2023-11-07 10:00:00+09:00,110.0,110.0,110.0,110.0,100,0.0,0.0
2023-11-07 11:00:00+09:00,110.0,110.0,110.0,110.0,0,0.0,0.0
2023-11-07 13:00:00+09:00,109.0,109.0,109.0,109.0,0,0.0,0.0
2023-11-07 14:00:00+09:00,110.0,110.0,110.0,110.0,8500,0.0,0.0
2023-11-08 09:00:00+09:00,110.0,110.0,110.0,110.0,5400,0.0,0.0
2023-11-08 10:00:00+09:00,109.0,110.0,109.0,110.0,1900,0.0,0.0
2023-11-08 11:00:00+09:00,110.0,110.0,110.0,110.0,0,0.0,0.0
2023-11-08 12:00:00+09:00,109.0,110.0,109.0,110.0,10200,0.0,0.0
2023-11-08 14:00:00+09:00,110.0,110.0,110.0,110.0,400,0.0,0.0
2023-11-09 09:00:00+09:00,109.0,110.0,109.0,110.0,0,0.0,0.0
2023-11-09 10:00:00+09:00,111.0,111.0,110.0,110.0,3000,0.0,0.0
2023-11-09 11:00:00+09:00,110.0,110.0,110.0,110.0,0,0.0,0.0
2023-11-09 12:00:00+09:00,109.0,109.0,109.0,109.0,6600,0.0,0.0
2023-11-09 13:00:00+09:00,109.0,109.0,109.0,109.0,8800,0.0,0.0
2023-11-09 14:00:00+09:00,109.0,109.0,109.0,109.0,500,0.0,0.0
2023-11-10 09:00:00+09:00,109.0,109.0,108.0,108.0,3500,0.0,0.0
2023-11-10 10:00:00+09:00,109.0,109.0,109.0,109.0,2100,0.0,0.0
2023-11-10 11:00:00+09:00,109.0,109.0,109.0,109.0,0,0.0,0.0
2023-11-10 12:00:00+09:00,109.0,109.0,109.0,109.0,6500,0.0,0.0
2023-11-10 13:00:00+09:00,110.0,110.0,110.0,110.0,5800,0.0,0.0
2023-11-13 09:00:00+09:00,108.0,109.0,108.0,109.0,4100,0.0,0.0
2023-11-13 10:00:00+09:00,110.0,110.0,110.0,110.0,1900,0.0,0.0
2023-11-13 11:00:00+09:00,110.0,110.0,110.0,110.0,0,0.0,0.0
2023-11-13 12:00:00+09:00,110.0,110.0,110.0,110.0,9000,0.0,0.0
2023-11-13 13:00:00+09:00,110.0,110.0,109.0,109.0,800,0.0,0.0
2023-11-13 14:00:00+09:00,109.0,110.0,109.0,110.0,3900,0.0,0.0
2023-11-14 09:00:00+09:00,112.0,114.0,112.0,113.0,14300,0.0,0.0
2023-11-14 10:00:00+09:00,113.0,114.0,113.0,114.0,600,0.0,0.0
2023-11-14 11:00:00+09:00,113.0,113.0,113.0,113.0,0,0.0,0.0
2023-11-14 12:00:00+09:00,113.0,114.0,113.0,114.0,16400,0.0,0.0
2023-11-14 13:00:00+09:00,113.0,113.0,113.0,113.0,1000,0.0,0.0
2023-11-14 14:00:00+09:00,113.0,113.0,112.0,112.0,7300,0.0,0.0
2023-11-15 09:00:00+09:00,113.0,113.0,111.0,111.0,1900,0.0,0.0
2023-11-15 10:00:00+09:00,111.0,111.0,111.0,111.0,1100,0.0,0.0
2023-11-15 11:00:00+09:00,111.0,111.0,111.0,111.0,0,0.0,0.0
2023-11-15 12:00:00+09:00,112.0,112.0,111.0,111.0,5500,0.0,0.0
2023-11-15 13:00:00+09:00,112.0,112.0,112.0,112.0,700,0.0,0.0
2023-11-15 14:00:00+09:00,111.0,111.0,110.0,111.0,5900,0.0,0.0
2023-11-16 09:00:00+09:00,110.0,110.0,110.0,110.0,1200,0.0,0.0
2023-11-16 11:00:00+09:00,109.0,109.0,109.0,109.0,0,0.0,0.0
2023-11-16 12:00:00+09:00,109.0,109.0,109.0,109.0,1700,0.0,0.0
2023-11-16 13:00:00+09:00,109.0,109.0,109.0,109.0,1600,0.0,0.0
2023-11-16 14:00:00+09:00,110.0,111.0,109.0,109.0,2400,0.0,0.0
2023-11-17 09:00:00+09:00,109.0,109.0,109.0,109.0,1000,0.0,0.0
2023-11-17 11:00:00+09:00,109.0,109.0,109.0,109.0,0,0.0,0.0
2023-11-17 12:00:00+09:00,109.0,109.0,109.0,109.0,17000,0.0,0.0
2023-11-17 13:00:00+09:00,109.0,110.0,109.0,110.0,3800,0.0,0.0
2023-11-17 14:00:00+09:00,110.0,110.0,110.0,110.0,700,0.0,0.0
2023-11-20 09:00:00+09:00,110.0,110.0,109.0,110.0,4100,0.0,0.0
2023-11-20 10:00:00+09:00,109.0,110.0,109.0,110.0,7100,0.0,0.0
2023-11-20 11:00:00+09:00,110.0,110.0,110.0,110.0,0,0.0,0.0
2023-11-20 12:00:00+09:00,109.0,110.0,109.0,110.0,12900,0.0,0.0
2023-11-20 13:00:00+09:00,110.0,110.0,110.0,110.0,2000,0.0,0.0
2023-11-20 14:00:00+09:00,111.0,111.0,110.0,110.0,2100,0.0,0.0
2023-11-21 09:00:00+09:00,110.0,111.0,110.0,111.0,2300,0.0,0.0
2023-11-21 10:00:00+09:00,111.0,111.0,109.0,110.0,6200,0.0,0.0
2023-11-21 11:00:00+09:00,109.0,109.0,109.0,109.0,0,0.0,0.0
2023-11-21 12:00:00+09:00,109.0,110.0,109.0,110.0,10600,0.0,0.0
2023-11-21 14:00:00+09:00,110.0,110.0,109.0,110.0,2500,0.0,0.0
2023-11-22 09:00:00+09:00,110.0,111.0,110.0,111.0,1500,0.0,0.0
2023-11-22 10:00:00+09:00,111.0,111.0,110.0,110.0,1300,0.0,0.0
2023-11-22 11:00:00+09:00,110.0,110.0,110.0,110.0,0,0.0,0.0
2023-11-22 12:00:00+09:00,112.0,112.0,112.0,112.0,3000,0.0,0.0
2023-11-22 13:00:00+09:00,110.0,110.0,107.0,110.0,21800,0.0,0.0
2023-11-22 14:00:00+09:00,110.0,111.0,110.0,111.0,1300,0.0,0.0
2023-11-24 09:00:00+09:00,111.0,111.0,111.0,111.0,300,0.0,0.0
2023-11-24 10:00:00+09:00,111.0,111.0,111.0,111.0,4000,0.0,0.0
2023-11-24 11:00:00+09:00,111.0,111.0,111.0,111.0,0,0.0,0.0
2023-11-24 12:00:00+09:00,110.0,110.0,110.0,110.0,6600,0.0,0.0
2023-11-24 13:00:00+09:00,110.0,110.0,109.0,110.0,1400,0.0,0.0
2023-11-24 14:00:00+09:00,110.0,110.0,108.0,110.0,0,0.0,0.0
2023-11-27 09:00:00+09:00,112.0,115.0,112.0,114.0,28400,0.0,0.0
2023-11-27 10:00:00+09:00,114.0,117.0,113.0,115.0,21900,0.0,0.0
2023-11-27 11:00:00+09:00,115.0,119.0,115.0,118.0,0,0.0,0.0
2023-11-27 12:00:00+09:00,118.0,119.0,115.0,116.0,103300,0.0,0.0
2023-11-27 13:00:00+09:00,115.0,125.0,115.0,122.0,187000,0.0,0.0
2023-11-27 14:00:00+09:00,122.0,123.0,116.0,121.0,56900,0.0,0.0
2023-11-28 09:00:00+09:00,122.0,122.0,116.0,117.0,64000,0.0,0.0
2023-11-28 10:00:00+09:00,119.0,120.0,116.0,118.0,24600,0.0,0.0
2023-11-28 11:00:00+09:00,117.0,117.0,117.0,117.0,0,0.0,0.0
2023-11-28 12:00:00+09:00,117.0,117.0,114.0,115.0,110200,0.0,0.0
2023-11-28 13:00:00+09:00,116.0,117.0,115.0,116.0,5900,0.0,0.0
2023-11-28 14:00:00+09:00,116.0,117.0,113.0,114.0,21200,0.0,0.0
2023-11-29 09:00:00+09:00,115.0,115.0,114.0,114.0,13600,0.0,0.0
2023-11-29 10:00:00+09:00,114.0,114.0,113.0,114.0,2600,0.0,0.0
2023-11-29 11:00:00+09:00,114.0,114.0,114.0,114.0,0,0.0,0.0
2023-11-29 12:00:00+09:00,114.0,114.0,113.0,113.0,20800,0.0,0.0
2023-11-29 13:00:00+09:00,113.0,113.0,113.0,113.0,5800,0.0,0.0
2023-11-29 14:00:00+09:00,113.0,114.0,113.0,114.0,3200,0.0,0.0
2023-11-30 09:00:00+09:00,113.0,117.0,113.0,116.0,7700,0.0,0.0
2023-11-30 10:00:00+09:00,115.0,115.0,115.0,115.0,2400,0.0,0.0
2023-11-30 11:00:00+09:00,114.0,114.0,114.0,114.0,0,0.0,0.0
2023-11-30 12:00:00+09:00,114.0,114.0,114.0,114.0,21000,0.0,0.0
2023-11-30 13:00:00+09:00,114.0,114.0,114.0,114.0,1300,0.0,0.0
2023-11-30 14:00:00+09:00,114.0,114.0,112.0,112.0,7300,0.0,0.0
2023-12-01 09:00:00+09:00,113.0,114.0,112.0,113.0,3800,0.0,0.0
2023-12-01 10:00:00+09:00,113.0,115.0,112.0,114.0,3600,0.0,0.0
2023-12-01 11:00:00+09:00,114.0,116.0,114.0,115.0,0,0.0,0.0
2023-12-01 12:00:00+09:00,116.0,119.0,115.0,117.0,38800,0.0,0.0
2023-12-01 13:00:00+09:00,118.0,120.0,115.0,115.0,39600,0.0,0.0
2023-12-01 14:00:00+09:00,116.0,117.0,115.0,116.0,3300,0.0,0.0
2023-12-04 09:00:00+09:00,114.0,114.0,108.0,111.0,74100,0.0,0.0
2023-12-04 10:00:00+09:00,111.0,112.0,111.0,112.0,1900,0.0,0.0
2023-12-04 11:00:00+09:00,111.0,112.0,111.0,112.0,0,0.0,0.0
2023-12-04 12:00:00+09:00,111.0,111.0,111.0,111.0,77200,0.0,0.0
2023-12-04 13:00:00+09:00,112.0,112.0,112.0,112.0,3300,0.0,0.0
2023-12-04 14:00:00+09:00,112.0,112.0,111.0,112.0,2700,0.0,0.0
2023-12-05 09:00:00+09:00,112.0,113.0,110.0,111.0,11100,0.0,0.0
2023-12-05 10:00:00+09:00,111.0,111.0,111.0,111.0,1200,0.0,0.0
2023-12-05 11:00:00+09:00,111.0,111.0,110.0,110.0,0,0.0,0.0
2023-12-05 12:00:00+09:00,110.0,111.0,110.0,111.0,16500,0.0,0.0
2023-12-05 13:00:00+09:00,111.0,111.0,111.0,111.0,800,0.0,0.0
2023-12-05 14:00:00+09:00,111.0,114.0,110.0,113.0,15900,0.0,0.0
2023-12-06 09:00:00+09:00,111.0,115.0,110.0,114.0,14300,0.0,0.0
2023-12-06 10:00:00+09:00,113.0,115.0,113.0,114.0,4700,0.0,0.0
2023-12-06 11:00:00+09:00,114.0,114.0,114.0,114.0,0,0.0,0.0
2023-12-06 12:00:00+09:00,114.0,114.0,114.0,114.0,20800,0.0,0.0
2023-12-06 13:00:00+09:00,113.0,113.0,112.0,113.0,2600,0.0,0.0
2023-12-06 14:00:00+09:00,113.0,113.0,113.0,113.0,500,0.0,0.0
2023-12-07 09:00:00+09:00,113.0,113.0,112.0,112.0,6700,0.0,0.0
2023-12-07 10:00:00+09:00,112.0,113.0,112.0,113.0,500,0.0,0.0
2023-12-07 11:00:00+09:00,113.0,113.0,113.0,113.0,0,0.0,0.0
2023-12-07 12:00:00+09:00,113.0,113.0,113.0,113.0,8700,0.0,0.0
2023-12-07 13:00:00+09:00,114.0,114.0,114.0,114.0,300,0.0,0.0
2023-12-07 14:00:00+09:00,114.0,115.0,114.0,114.0,4800,0.0,0.0
2023-12-08 09:00:00+09:00,113.0,114.0,113.0,114.0,3000,0.0,0.0
2023-12-08 10:00:00+09:00,113.0,113.0,112.0,113.0,3200,0.0,0.0
2023-12-08 11:00:00+09:00,112.0,113.0,112.0,113.0,0,0.0,0.0
2023-12-08 12:00:00+09:00,113.0,113.0,113.0,113.0,9400,0.0,0.0
2023-12-08 14:00:00+09:00,113.0,113.0,113.0,113.0,300,0.0,0.0
2023-12-11 09:00:00+09:00,112.0,113.0,112.0,113.0,9100,0.0,0.0
2023-12-11 10:00:00+09:00,112.0,112.0,112.0,112.0,2600,0.0,0.0
2023-12-11 11:00:00+09:00,113.0,113.0,113.0,113.0,0,0.0,0.0
2023-12-11 12:00:00+09:00,112.0,112.0,111.0,111.0,17400,0.0,0.0
2023-12-11 13:00:00+09:00,112.0,112.0,111.0,112.0,1300,0.0,0.0
2023-12-11 14:00:00+09:00,111.0,111.0,111.0,111.0,3800,0.0,0.0
2023-12-12 09:00:00+09:00,110.0,110.0,108.0,110.0,55000,0.0,0.0
2023-12-12 10:00:00+09:00,110.0,110.0,110.0,110.0,1100,0.0,0.0
2023-12-12 11:00:00+09:00,110.0,110.0,110.0,110.0,0,0.0,0.0
2023-12-12 12:00:00+09:00,109.0,109.0,109.0,109.0,57300,0.0,0.0
2023-12-12 13:00:00+09:00,110.0,110.0,110.0,110.0,1200,0.0,0.0
2023-12-12 14:00:00+09:00,110.0,110.0,109.0,109.0,2200,0.0,0.0
2023-12-13 09:00:00+09:00,109.0,110.0,109.0,110.0,2700,0.0,0.0
2023-12-13 10:00:00+09:00,110.0,111.0,110.0,111.0,5300,0.0,0.0
2023-12-13 11:00:00+09:00,110.0,110.0,110.0,110.0,0,0.0,0.0
2023-12-13 12:00:00+09:00,110.0,110.0,110.0,110.0,9000,0.0,0.0
2023-12-13 13:00:00+09:00,110.0,110.0,110.0,110.0,2400,0.0,0.0
2023-12-13 14:00:00+09:00,111.0,111.0,108.0,109.0,10200,0.0,0.0
2023-12-14 09:00:00+09:00,109.0,112.0,109.0,112.0,10900,0.0,0.0
2023-12-14 10:00:00+09:00,110.0,111.0,110.0,111.0,0,0.0,0.0
2023-12-14 11:00:00+09:00,110.0,110.0,110.0,110.0,0,0.0,0.0
2023-12-14 12:00:00+09:00,110.0,110.0,109.0,109.0,21100,0.0,0.0
2023-12-14 13:00:00+09:00,109.0,109.0,109.0,109.0,2100,0.0,0.0
2023-12-14 14:00:00+09:00,109.0,109.0,108.0,108.0,2600,0.0,0.0
2023-12-15 09:00:00+09:00,110.0,110.0,108.0,109.0,7200,0.0,0.0
2023-12-15 11:00:00+09:00,108.0,108.0,108.0,108.0,0,0.0,0.0
2023-12-15 12:00:00+09:00,109.0,109.0,108.0,109.0,37400,0.0,0.0
2023-12-15 13:00:00+09:00,109.0,109.0,109.0,109.0,1800,0.0,0.0
2023-12-18 09:00:00+09:00,109.0,109.0,108.0,108.0,1200,0.0,0.0
2023-12-18 10:00:00+09:00,108.0,108.0,108.0,108.0,16400,0.0,0.0
2023-12-18 11:00:00+09:00,108.0,108.0,108.0,108.0,0,0.0,0.0
2023-12-18 12:00:00+09:00,108.0,108.0,108.0,108.0,19200,0.0,0.0
2023-12-18 13:00:00+09:00,109.0,109.0,109.0,109.0,100,0.0,0.0
2023-12-18 14:00:00+09:00,109.0,109.0,109.0,109.0,1300,0.0,0.0
2023-12-19 09:00:00+09:00,108.0,109.0,108.0,109.0,11300,0.0,0.0
2023-12-19 11:00:00+09:00,109.0,109.0,109.0,109.0,0,0.0,0.0
2023-12-19 12:00:00+09:00,109.0,109.0,109.0,109.0,0,0.0,0.0
2023-12-19 13:00:00+09:00,109.0,109.0,108.0,108.0,30000,0.0,0.0
2023-12-19 14:00:00+09:00,109.0,109.0,108.0,108.0,1200,0.0,0.0
2023-12-20 09:00:00+09:00,108.0,110.0,108.0,109.0,15200,0.0,0.0
2023-12-20 10:00:00+09:00,109.0,109.0,109.0,109.0,200,0.0,0.0
2023-12-20 11:00:00+09:00,109.0,109.0,109.0,109.0,0,0.0,0.0
2023-12-20 12:00:00+09:00,108.0,109.0,108.0,109.0,18600,0.0,0.0
2023-12-20 13:00:00+09:00,109.0,109.0,109.0,109.0,200,0.0,0.0
2023-12-20 14:00:00+09:00,108.0,109.0,108.0,108.0,900,0.0,0.0
2023-12-21 09:00:00+09:00,107.0,108.0,107.0,108.0,53600,0.0,0.0
2023-12-21 10:00:00+09:00,107.0,107.0,107.0,107.0,500,0.0,0.0
2023-12-21 11:00:00+09:00,107.0,107.0,107.0,107.0,0,0.0,0.0
2023-12-21 13:00:00+09:00,107.0,108.0,107.0,108.0,54800,0.0,0.0
2023-12-22 09:00:00+09:00,108.0,108.0,108.0,108.0,4400,0.0,0.0
2023-12-22 10:00:00+09:00,109.0,109.0,109.0,109.0,700,0.0,0.0
2023-12-22 11:00:00+09:00,109.0,109.0,109.0,109.0,0,0.0,0.0
2023-12-22 13:00:00+09:00,108.0,108.0,108.0,108.0,5700,0.0,0.0
2023-12-22 14:00:00+09:00,108.0,109.0,108.0,109.0,1300,0.0,0.0
2023-12-25 09:00:00+09:00,109.0,109.0,108.0,109.0,11100,0.0,0.0
2023-12-25 10:00:00+09:00,108.0,108.0,108.0,108.0,2800,0.0,0.0
2023-12-25 11:00:00+09:00,108.0,108.0,108.0,108.0,0,0.0,0.0
2023-12-25 12:00:00+09:00,108.0,108.0,108.0,108.0,14200,0.0,0.0
2023-12-25 13:00:00+09:00,108.0,108.0,107.0,107.0,14000,0.0,0.0
2023-12-25 14:00:00+09:00,107.0,108.0,106.0,107.0,2700,0.0,0.0
2023-12-26 09:00:00+09:00,107.0,107.0,106.0,106.0,5800,0.0,0.0
2023-12-26 10:00:00+09:00,106.0,107.0,105.0,105.0,18400,0.0,0.0
2023-12-26 11:00:00+09:00,106.0,106.0,106.0,106.0,0,0.0,0.0
2023-12-26 12:00:00+09:00,106.0,106.0,106.0,106.0,26900,0.0,0.0
2023-12-26 13:00:00+09:00,107.0,107.0,106.0,106.0,1700,0.0,0.0
2023-12-26 14:00:00+09:00,106.0,106.0,105.0,106.0,2700,0.0,0.0
2023-12-27 09:00:00+09:00,106.0,106.0,104.0,105.0,0,0.0,0.0
2023-12-27 10:00:00+09:00,106.0,106.0,104.0,104.0,18800,0.0,0.0
2023-12-27 11:00:00+09:00,105.0,105.0,104.0,104.0,0,0.0,0.0
2023-12-27 12:00:00+09:00,105.0,105.0,105.0,105.0,63400,0.0,0.0
2023-12-27 13:00:00+09:00,106.0,107.0,105.0,105.0,7000,0.0,0.0
2023-12-27 14:00:00+09:00,106.0,106.0,105.0,106.0,4100,0.0,0.0
2023-12-28 09:00:00+09:00,106.0,107.0,105.0,107.0,4400,0.0,0.0
2023-12-28 10:00:00+09:00,107.0,107.0,104.0,105.0,5300,0.0,0.0
2023-12-28 11:00:00+09:00,105.0,105.0,105.0,105.0,0,0.0,0.0
2023-12-28 12:00:00+09:00,105.0,108.0,105.0,108.0,15200,0.0,0.0
2023-12-28 13:00:00+09:00,108.0,108.0,108.0,108.0,300,0.0,0.0
2023-12-28 14:00:00+09:00,107.0,107.0,106.0,106.0,5000,0.0,0.0
2023-12-29 09:00:00+09:00,107.0,107.0,106.0,106.0,6400,0.0,0.0
2023-12-29 10:00:00+09:00,106.0,106.0,106.0,106.0,1200,0.0,0.0
2023-12-29 11:00:00+09:00,106.0,106.0,104.0,105.0,0,0.0,0.0
2023-12-29 12:00:00+09:00,105.0,106.0,105.0,105.0,35800,0.0,0.0
2023-12-29 13:00:00+09:00,106.0,106.0,105.0,105.0,2100,0.0,0.0
2023-12-29 14:00:00+09:00,106.0,107.0,105.0,105.0,26500,0.0,0.0
2024-01-04 09:00:00+09:00,104.0,106.0,104.0,105.0,5400,0.0,0.0
2024-01-04 10:00:00+09:00,106.0,106.0,106.0,106.0,900,0.0,0.0
2024-01-04 11:00:00+09:00,106.0,106.0,106.0,106.0,0,0.0,0.0
2024-01-04 12:00:00+09:00,106.0,106.0,105.0,105.0,8100,0.0,0.0
2024-01-04 13:00:00+09:00,106.0,107.0,105.0,105.0,10300,0.0,0.0
2024-01-04 14:00:00+09:00,106.0,107.0,106.0,107.0,900,0.0,0.0
2024-01-05 09:00:00+09:00,107.0,109.0,107.0,107.0,0,0.0,0.0
2024-01-05 10:00:00+09:00,106.0,106.0,106.0,106.0,19000,0.0,0.0
2024-01-05 11:00:00+09:00,106.0,106.0,106.0,106.0,0,0.0,0.0
2024-01-05 12:00:00+09:00,106.0,106.0,106.0,106.0,27100,0.0,0.0
2024-01-05 13:00:00+09:00,107.0,107.0,106.0,107.0,500,0.0,0.0
2024-01-05 14:00:00+09:00,107.0,107.0,105.0,106.0,1100,0.0,0.0
2024-01-09 09:00:00+09:00,105.0,109.0,104.0,109.0,36800,0.0,0.0
2024-01-09 10:00:00+09:00,109.0,133.0,109.0,124.0,618300,0.0,0.0
2024-01-09 11:00:00+09:00,124.0,124.0,119.0,121.0,0,0.0,0.0
2024-01-09 12:00:00+09:00,120.0,121.0,114.0,115.0,889600,0.0,0.0
2024-01-09 13:00:00+09:00,115.0,115.0,110.0,110.0,101000,0.0,0.0
2024-01-09 14:00:00+09:00,110.0,113.0,109.0,111.0,46500,0.0,0.0
2024-01-10 09:00:00+09:00,112.0,112.0,108.0,109.0,86200,0.0,0.0
2024-01-10 10:00:00+09:00,108.0,109.0,108.0,109.0,16300,0.0,0.0
2024-01-10 11:00:00+09:00,109.0,110.0,109.0,110.0,0,0.0,0.0
2024-01-10 12:00:00+09:00,110.0,110.0,110.0,110.0,115000,0.0,0.0
2024-01-10 13:00:00+09:00,110.0,111.0,109.0,110.0,7800,0.0,0.0
2024-01-10 14:00:00+09:00,109.0,111.0,109.0,111.0,12100,0.0,0.0
2024-01-11 09:00:00+09:00,111.0,111.0,109.0,110.0,30900,0.0,0.0
2024-01-11 10:00:00+09:00,109.0,110.0,108.0,109.0,18100,0.0,0.0
2024-01-11 11:00:00+09:00,109.0,109.0,109.0,109.0,0,0.0,0.0
2024-01-11 12:00:00+09:00,109.0,109.0,109.0,109.0,54400,0.0,0.0
2024-01-11 13:00:00+09:00,109.0,109.0,108.0,108.0,3400,0.0,0.0
2024-01-11 14:00:00+09:00,108.0,109.0,108.0,109.0,4800,0.0,0.0
2024-01-12 09:00:00+09:00,108.0,108.0,105.0,106.0,55300,0.0,0.0
2024-01-12 10:00:00+09:00,107.0,107.0,106.0,107.0,5800,0.0,0.0
2024-01-12 11:00:00+09:00,107.0,107.0,106.0,107.0,0,0.0,0.0
2024-01-12 12:00:00+09:00,108.0,108.0,108.0,108.0,65400,0.0,0.0
2024-01-12 14:00:00+09:00,108.0,108.0,107.0,108.0,3500,0.0,0.0
2024-01-15 09:00:00+09:00,108.0,108.0,108.0,108.0,5100,0.0,0.0
2024-01-15 10:00:00+09:00,108.0,108.0,105.0,106.0,33000,0.0,0.0
2024-01-15 11:00:00+09:00,106.0,106.0,106.0,106.0,0,0.0,0.0
2024-01-15 12:00:00+09:00,107.0,107.0,107.0,107.0,46400,0.0,0.0
2024-01-15 13:00:00+09:00,107.0,107.0,107.0,107.0,1800,0.0,0.0
2024-01-15 14:00:00+09:00,108.0,108.0,108.0,108.0,3300,0.0,0.0
2024-01-16 09:00:00+09:00,108.0,108.0,106.0,107.0,5700,0.0,0.0
2024-01-16 10:00:00+09:00,107.0,107.0,106.0,107.0,4000,0.0,0.0
2024-01-16 11:00:00+09:00,106.0,106.0,106.0,106.0,0,0.0,0.0
2024-01-16 12:00:00+09:00,107.0,107.0,106.0,106.0,15700,0.0,0.0
2024-01-16 13:00:00+09:00,107.0,107.0,107.0,107.0,1100,0.0,0.0
2024-01-16 14:00:00+09:00,107.0,107.0,107.0,107.0,4000,0.0,0.0
2024-01-17 09:00:00+09:00,107.0,107.0,106.0,107.0,8600,0.0,0.0
2024-01-17 10:00:00+09:00,106.0,106.0,106.0,106.0,5600,0.0,0.0
2024-01-17 11:00:00+09:00,106.0,106.0,106.0,106.0,0,0.0,0.0
2024-01-17 12:00:00+09:00,107.0,107.0,107.0,107.0,18300,0.0,0.0
2024-01-17 13:00:00+09:00,107.0,107.0,106.0,107.0,1400,0.0,0.0
2024-01-17 14:00:00+09:00,107.0,107.0,106.0,106.0,1700,0.0,0.0
2024-01-18 09:00:00+09:00,106.0,107.0,106.0,106.0,8100,0.0,0.0
2024-01-18 10:00:00+09:00,106.0,106.0,106.0,106.0,4900,0.0,0.0
2024-01-18 11:00:00+09:00,106.0,106.0,106.0,106.0,0,0.0,0.0
2024-01-18 12:00:00+09:00,106.0,106.0,106.0,106.0,14500,0.0,0.0
2024-01-18 13:00:00+09:00,106.0,107.0,106.0,107.0,1300,0.0,0.0
2024-01-18 14:00:00+09:00,107.0,108.0,107.0,108.0,7900,0.0,0.0
2024-01-19 09:00:00+09:00,107.0,107.0,105.0,106.0,18600,0.0,0.0
2024-01-19 10:00:00+09:00,106.0,107.0,106.0,107.0,1700,0.0,0.0
2024-01-19 11:00:00+09:00,107.0,107.0,107.0,107.0,0,0.0,0.0
2024-01-19 12:00:00+09:00,106.0,106.0,105.0,106.0,26600,0.0,0.0
2024-01-19 13:00:00+09:00,107.0,107.0,105.0,105.0,17000,0.0,0.0
2024-01-19 14:00:00+09:00,105.0,106.0,105.0,105.0,6300,0.0,0.0
2024-01-22 09:00:00+09:00,106.0,106.0,105.0,105.0,17300,0.0,0.0
2024-01-22 10:00:00+09:00,105.0,106.0,105.0,106.0,4400,0.0,0.0
2024-01-22 11:00:00+09:00,105.0,105.0,105.0,105.0,0,0.0,0.0
2024-01-22 12:00:00+09:00,105.0,105.0,105.0,105.0,23500,0.0,0.0
2024-01-22 13:00:00+09:00,106.0,107.0,106.0,106.0,6600,0.0,0.0
2024-01-22 14:00:00+09:00,106.0,107.0,106.0,107.0,700,0.0,0.0
2024-01-23 09:00:00+09:00,107.0,108.0,106.0,107.0,11000,0.0,0.0
2024-01-23 10:00:00+09:00,107.0,108.0,107.0,108.0,16400,0.0,0.0
2024-01-23 11:00:00+09:00,108.0,108.0,108.0,108.0,0,0.0,0.0
2024-01-23 12:00:00+09:00,108.0,108.0,108.0,108.0,39000,0.0,0.0
2024-01-23 13:00:00+09:00,108.0,109.0,108.0,108.0,1400,0.0,0.0
2024-01-23 14:00:00+09:00,108.0,108.0,107.0,108.0,5300,0.0,0.0
2024-01-24 09:00:00+09:00,107.0,108.0,107.0,108.0,9700,0.0,0.0
2024-01-24 10:00:00+09:00,107.0,108.0,107.0,108.0,400,0.0,0.0
2024-01-24 11:00:00+09:00,108.0,108.0,108.0,108.0,0,0.0,0.0
2024-01-24 12:00:00+09:00,107.0,107.0,107.0,107.0,12300,0.0,0.0
2024-01-24 13:00:00+09:00,108.0,108.0,106.0,107.0,10900,0.0,0.0
2024-01-24 14:00:00+09:00,107.0,107.0,107.0,107.0,2900,0.0,0.0
2024-01-25 09:00:00+09:00,108.0,108.0,106.0,108.0,16400,0.0,0.0
2024-01-25 10:00:00+09:00,107.0,107.0,107.0,107.0,2100,0.0,0.0
2024-01-25 11:00:00+09:00,107.0,107.0,107.0,107.0,0,0.0,0.0
2024-01-25 12:00:00+09:00,106.0,107.0,106.0,107.0,41600,0.0,0.0
2024-01-25 13:00:00+09:00,107.0,107.0,106.0,106.0,5200,0.0,0.0
2024-01-26 09:00:00+09:00,107.0,108.0,106.0,108.0,5400,0.0,0.0
2024-01-26 10:00:00+09:00,107.0,107.0,106.0,107.0,3500,0.0,0.0
2024-01-26 11:00:00+09:00,107.0,108.0,107.0,107.0,0,0.0,0.0
2024-01-26 12:00:00+09:00,108.0,108.0,107.0,107.0,17000,0.0,0.0
2024-01-26 13:00:00+09:00,107.0,107.0,107.0,107.0,900,0.0,0.0
2024-01-26 14:00:00+09:00,107.0,108.0,107.0,108.0,17000,0.0,0.0
2024-01-29 09:00:00+09:00,108.0,108.0,108.0,108.0,2600,0.0,0.0
2024-01-29 10:00:00+09:00,107.0,109.0,107.0,109.0,2300,0.0,0.0
2024-01-29 11:00:00+09:00,109.0,109.0,109.0,109.0,0,0.0,0.0
2024-01-29 12:00:00+09:00,108.0,109.0,108.0,109.0,7500,0.0,0.0
2024-01-29 13:00:00+09:00,109.0,109.0,109.0,109.0,400,0.0,0.0
2024-01-29 14:00:00+09:00,109.0,109.0,108.0,109.0,3500,0.0,0.0
2024-01-30 09:00:00+09:00,109.0,109.0,108.0,108.0,3400,0.0,0.0
2024-01-30 10:00:00+09:00,109.0,109.0,107.0,107.0,12600,0.0,0.0
2024-01-30 11:00:00+09:00,107.0,107.0,107.0,107.0,0,0.0,0.0
2024-01-30 12:00:00+09:00,107.0,108.0,107.0,108.0,17500,0.0,0.0
2024-01-30 13:00:00+09:00,108.0,108.0,107.0,107.0,4100,0.0,0.0
2024-01-30 14:00:00+09:00,107.0,108.0,107.0,107.0,7400,0.0,0.0
2024-01-31 09:00:00+09:00,108.0,108.0,107.0,107.0,11400,0.0,0.0
2024-01-31 10:00:00+09:00,108.0,108.0,108.0,108.0,300,0.0,0.0
2024-01-31 11:00:00+09:00,107.0,107.0,107.0,107.0,0,0.0,0.0
2024-01-31 12:00:00+09:00,107.0,107.0,107.0,107.0,12300,0.0,0.0
2024-01-31 13:00:00+09:00,108.0,108.0,107.0,107.0,5600,0.0,0.0
2024-01-31 14:00:00+09:00,107.0,109.0,107.0,108.0,800,0.0,0.0
2024-02-01 09:00:00+09:00,108.0,108.0,107.0,108.0,2200,0.0,0.0
2024-02-01 10:00:00+09:00,108.0,108.0,108.0,108.0,100,0.0,0.0
2024-02-01 11:00:00+09:00,107.0,107.0,107.0,107.0,0,0.0,0.0
2024-02-01 12:00:00+09:00,108.0,108.0,108.0,108.0,3400,0.0,0.0
2024-02-01 13:00:00+09:00,107.0,107.0,107.0,107.0,100,0.0,0.0
2024-02-02 09:00:00+09:00,108.0,108.0,107.0,108.0,1300,0.0,0.0
2024-02-02 10:00:00+09:00,108.0,108.0,108.0,108.0,800,0.0,0.0
2024-02-02 11:00:00+09:00,108.0,108.0,108.0,108.0,0,0.0,0.0
2024-02-02 12:00:00+09:00,108.0,108.0,108.0,108.0,2200,0.0,0.0
2024-02-02 13:00:00+09:00,107.0,108.0,107.0,108.0,10000,0.0,0.0
2024-02-02 14:00:00+09:00,108.0,108.0,107.0,108.0,1200,0.0,0.0
2024-02-05 09:00:00+09:00,107.0,108.0,106.0,106.0,7100,0.0,0.0
2024-02-05 10:00:00+09:00,107.0,107.0,107.0,107.0,300,0.0,0.0
2024-02-05 11:00:00+09:00,106.0,106.0,106.0,106.0,0,0.0,0.0
2024-02-05 12:00:00+09:00,107.0,107.0,106.0,106.0,9300,0.0,0.0
2024-02-05 13:00:00+09:00,106.0,106.0,106.0,106.0,2300,0.0,0.0
2024-02-05 14:00:00+09:00,107.0,107.0,106.0,106.0,1000,0.0,0.0
2024-02-06 09:00:00+09:00,106.0,106.0,106.0,106.0,7800,0.0,0.0
2024-02-06 10:00:00+09:00,106.0,106.0,106.0,106.0,4600,0.0,0.0
2024-02-06 11:00:00+09:00,106.0,106.0,106.0,106.0,0,0.0,0.0
2024-02-06 12:00:00+09:00,107.0,107.0,107.0,107.0,13400,0.0,0.0
2024-02-06 13:00:00+09:00,106.0,107.0,106.0,107.0,1300,0.0,0.0
2024-02-06 14:00:00+09:00,106.0,107.0,106.0,107.0,3500,0.0,0.0
2024-02-07 09:00:00+09:00,107.0,107.0,105.0,105.0,20600,0.0,0.0
2024-02-07 10:00:00+09:00,104.0,105.0,104.0,105.0,4000,0.0,0.0
2024-02-07 11:00:00+09:00,105.0,105.0,105.0,105.0,0,0.0,0.0
2024-02-07 12:00:00+09:00,106.0,106.0,106.0,106.0,24800,0.0,0.0
2024-02-07 13:00:00+09:00,106.0,106.0,106.0,106.0,600,0.0,0.0
2024-02-07 14:00:00+09:00,106.0,106.0,105.0,106.0,2100,0.0,0.0
2024-02-08 09:00:00+09:00,105.0,105.0,104.0,104.0,16600,0.0,0.0
2024-02-08 10:00:00+09:00,104.0,105.0,104.0,105.0,17000,0.0,0.0
2024-02-08 11:00:00+09:00,105.0,105.0,104.0,104.0,0,0.0,0.0
2024-02-08 12:00:00+09:00,105.0,105.0,105.0,105.0,35400,0.0,0.0
2024-02-08 14:00:00+09:00,105.0,106.0,105.0,106.0,200,0.0,0.0
2024-02-09 09:00:00+09:00,104.0,104.0,103.0,104.0,38900,0.0,0.0
2024-02-09 10:00:00+09:00,104.0,104.0,104.0,104.0,3400,0.0,0.0
2024-02-09 11:00:00+09:00,104.0,104.0,104.0,104.0,0,0.0,0.0
2024-02-09 12:00:00+09:00,104.0,104.0,104.0,104.0,44700,0.0,0.0
2024-02-09 13:00:00+09:00,104.0,104.0,104.0,104.0,800,0.0,0.0
2024-02-09 14:00:00+09:00,104.0,104.0,104.0,104.0,4000,0.0,0.0
2024-02-13 09:00:00+09:00,104.0,104.0,104.0,104.0,5600,0.0,0.0
2024-02-13 10:00:00+09:00,104.0,104.0,103.0,103.0,11400,0.0,0.0
2024-02-13 11:00:00+09:00,103.0,103.0,103.0,103.0,0,0.0,0.0
2024-02-13 12:00:00+09:00,103.0,104.0,103.0,104.0,19100,0.0,0.0
2024-02-13 13:00:00+09:00,104.0,104.0,103.0,104.0,2400,0.0,0.0
2024-02-13 14:00:00+09:00,104.0,105.0,104.0,105.0,700,0.0,0.0
2024-02-14 09:00:00+09:00,104.0,104.0,103.0,104.0,5500,0.0,0.0
2024-02-14 10:00:00+09:00,104.0,105.0,104.0,104.0,2200,0.0,0.0
2024-02-14 11:00:00+09:00,104.0,104.0,104.0,104.0,0,0.0,0.0
2024-02-14 12:00:00+09:00,103.0,103.0,103.0,103.0,8100,0.0,0.0
2024-02-14 13:00:00+09:00,104.0,104.0,103.0,104.0,3900,0.0,0.0
2024-02-14 14:00:00+09:00,103.0,104.0,103.0,104.0,900,0.0,0.0
2024-02-15 09:00:00+09:00,103.0,104.0,103.0,104.0,21900,0.0,0.0
2024-02-15 11:00:00+09:00,103.0,104.0,103.0,103.0,0,0.0,0.0
2024-02-15 12:00:00+09:00,103.0,103.0,103.0,103.0,28000,0.0,0.0
2024-02-15 13:00:00+09:00,103.0,103.0,103.0,103.0,200,0.0,0.0
2024-02-15 14:00:00+09:00,103.0,104.0,103.0,104.0,1200,0.0,0.0
2024-02-16 09:00:00+09:00,103.0,104.0,102.0,104.0,7000,0.0,0.0
2024-02-16 10:00:00+09:00,103.0,105.0,103.0,105.0,3900,0.0,0.0
2024-02-16 11:00:00+09:00,105.0,105.0,105.0,105.0,0,0.0,0.0
2024-02-16 12:00:00+09:00,103.0,105.0,103.0,105.0,12500,0.0,0.0
2024-02-16 13:00:00+09:00,103.0,103.0,103.0,103.0,400,0.0,0.0
2024-02-16 14:00:00+09:00,105.0,105.0,104.0,104.0,1600,0.0,0.0
2024-02-19 09:00:00+09:00,104.0,105.0,104.0,105.0,2300,0.0,0.0
2024-02-19 10:00:00+09:00,104.0,105.0,104.0,105.0,1900,0.0,0.0
2024-02-19 11:00:00+09:00,105.0,105.0,105.0,105.0,0,0.0,0.0
2024-02-19 13:00:00+09:00,104.0,105.0,104.0,105.0,5900,0.0,0.0
2024-02-19 14:00:00+09:00,104.0,105.0,104.0,105.0,2100,0.0,0.0
2024-02-20 09:00:00+09:00,104.0,105.0,103.0,103.0,8400,0.0,0.0
2024-02-20 10:00:00+09:00,104.0,104.0,102.0,103.0,12100,0.0,0.0
2024-02-20 11:00:00+09:00,104.0,105.0,102.0,103.0,0,0.0,0.0
2024-02-20 12:00:00+09:00,104.0,104.0,104.0,104.0,27700,0.0,0.0
2024-02-20 13:00:00+09:00,104.0,104.0,104.0,104.0,4100,0.0,0.0
2024-02-20 14:00:00+09:00,104.0,105.0,104.0,105.0,600,0.0,0.0
2024-02-21 09:00:00+09:00,104.0,105.0,104.0,105.0,1900,0.0,0.0
2024-02-21 11:00:00+09:00,105.0,105.0,105.0,105.0,0,0.0,0.0
2024-02-21 12:00:00+09:00,104.0,105.0,104.0,104.0,9500,0.0,0.0
2024-02-21 13:00:00+09:00,105.0,105.0,105.0,105.0,100,0.0,0.0
2024-02-21 14:00:00+09:00,104.0,104.0,104.0,104.0,200,0.0,0.0
2024-02-22 09:00:00+09:00,104.0,105.0,103.0,105.0,1500,0.0,0.0
2024-02-22 10:00:00+09:00,104.0,104.0,103.0,103.0,3400,0.0,0.0
2024-02-22 11:00:00+09:00,104.0,104.0,104.0,104.0,0,0.0,0.0
2024-02-22 12:00:00+09:00,104.0,104.0,104.0,104.0,6300,0.0,0.0
2024-02-22 13:00:00+09:00,103.0,103.0,103.0,103.0,100,0.0,0.0
2024-02-22 14:00:00+09:00,104.0,104.0,103.0,104.0,1500,0.0,0.0
2024-02-26 09:00:00+09:00,104.0,104.0,103.0,104.0,6100,0.0,0.0
2024-02-26 10:00:00+09:00,103.0,104.0,103.0,104.0,16800,0.0,0.0
2024-02-26 11:00:00+09:00,103.0,103.0,103.0,103.0,0,0.0,0.0
2024-02-26 12:00:00+09:00,104.0,104.0,104.0,104.0,24700,0.0,0.0
2024-02-26 13:00:00+09:00,104.0,105.0,103.0,103.0,2800,0.0,0.0
2024-02-26 14:00:00+09:00,104.0,104.0,104.0,104.0,1000,0.0,0.0
2024-02-27 09:00:00+09:00,104.0,105.0,103.0,104.0,3300,0.0,0.0
2024-02-27 10:00:00+09:00,104.0,104.0,103.0,103.0,800,0.0,0.0
2024-02-27 11:00:00+09:00,104.0,104.0,104.0,104.0,0,0.0,0.0
2024-02-27 12:00:00+09:00,105.0,105.0,104.0,104.0,9500,0.0,0.0
2024-02-27 13:00:00+09:00,105.0,105.0,105.0,105.0,300,0.0,0.0
2024-02-28 09:00:00+09:00,104.0,105.0,103.0,104.0,8100,0.0,0.0
2024-02-28 10:00:00+09:00,104.0,104.0,104.0,104.0,1300,0.0,0.0
2024-02-28 11:00:00+09:00,104.0,104.0,104.0,104.0,0,0.0,0.0
2024-02-28 12:00:00+09:00,104.0,105.0,104.0,105.0,9900,0.0,0.0
2024-02-28 13:00:00+09:00,104.0,104.0,104.0,104.0,1500,0.0,0.0
2024-02-28 14:00:00+09:00,104.0,106.0,104.0,105.0,18600,0.0,0.0
2024-02-29 09:00:00+09:00,104.0,107.0,104.0,107.0,20900,0.0,0.0
2024-02-29 10:00:00+09:00,106.0,107.0,105.0,106.0,12100,0.0,0.0
2024-02-29 11:00:00+09:00,106.0,106.0,106.0,106.0,0,0.0,0.0
2024-02-29 12:00:00+09:00,106.0,106.0,105.0,106.0,34800,0.0,0.0
2024-02-29 13:00:00+09:00,106.0,106.0,105.0,106.0,13400,0.0,0.0
2024-02-29 14:00:00+09:00,106.0,106.0,105.0,106.0,3200,0.0,0.0
2024-03-01 09:00:00+09:00,107.0,107.0,106.0,107.0,3500,0.0,0.0
2024-03-01 10:00:00+09:00,107.0,107.0,106.0,107.0,4500,0.0,0.0
2024-03-01 11:00:00+09:00,107.0,107.0,107.0,107.0,0,0.0,0.0
2024-03-01 12:00:00+09:00,107.0,107.0,107.0,107.0,29700,0.0,0.0
2024-03-01 13:00:00+09:00,107.0,107.0,107.0,107.0,4600,0.0,0.0
2024-03-01 14:00:00+09:00,107.0,107.0,107.0,107.0,2500,0.0,0.0
2024-03-04 09:00:00+09:00,108.0,108.0,106.0,107.0,4800,0.0,0.0
2024-03-04 11:00:00+09:00,107.0,107.0,107.0,107.0,0,0.0,0.0
2024-03-04 12:00:00+09:00,106.0,106.0,106.0,106.0,5000,0.0,0.0
2024-03-04 13:00:00+09:00,106.0,106.0,106.0,106.0,3400,0.0,0.0
2024-03-04 14:00:00+09:00,107.0,108.0,107.0,108.0,2200,0.0,0.0
2024-03-05 09:00:00+09:00,106.0,108.0,106.0,106.0,2000,0.0,0.0
2024-03-05 10:00:00+09:00,106.0,107.0,106.0,107.0,1600,0.0,0.0
2024-03-05 11:00:00+09:00,106.0,106.0,106.0,106.0,0,0.0,0.0
2024-03-05 12:00:00+09:00,106.0,106.0,105.0,105.0,8500,0.0,0.0
2024-03-05 13:00:00+09:00,106.0,106.0,105.0,106.0,5600,0.0,0.0
2024-03-05 14:00:00+09:00,106.0,106.0,106.0,106.0,100,0.0,0.0
2024-03-06 09:00:00+09:00,106.0,108.0,106.0,108.0,12500,0.0,0.0
2024-03-06 10:00:00+09:00,107.0,107.0,107.0,107.0,1900,0.0,0.0
2024-03-06 11:00:00+09:00,107.0,107.0,107.0,107.0,0,0.0,0.0
2024-03-06 12:00:00+09:00,108.0,108.0,107.0,107.0,15300,0.0,0.0
2024-03-06 13:00:00+09:00,108.0,108.0,108.0,108.0,200,0.0,0.0
2024-03-06 14:00:00+09:00,107.0,107.0,107.0,107.0,300,0.0,0.0
2024-03-07 09:00:00+09:00,107.0,108.0,107.0,108.0,400,0.0,0.0
2024-03-07 10:00:00+09:00,108.0,108.0,107.0,107.0,3100,0.0,0.0
2024-03-07 11:00:00+09:00,107.0,107.0,107.0,107.0,0,0.0,0.0
2024-03-07 12:00:00+09:00,106.0,106.0,106.0,106.0,3700,0.0,0.0
2024-03-07 13:00:00+09:00,106.0,106.0,106.0,106.0,2100,0.0,0.0
2024-03-07 14:00:00+09:00,106.0,106.0,106.0,106.0,400,0.0,0.0
2024-03-08 09:00:00+09:00,106.0,107.0,106.0,106.0,10000,0.0,0.0
2024-03-08 10:00:00+09:00,107.0,108.0,107.0,107.0,7800,0.0,0.0
2024-03-08 11:00:00+09:00,107.0,107.0,107.0,107.0,0,0.0,0.0
2024-03-08 12:00:00+09:00,107.0,107.0,106.0,106.0,20200,0.0,0.0
2024-03-08 13:00:00+09:00,106.0,106.0,106.0,106.0,2100,0.0,0.0
2024-03-08 14:00:00+09:00,106.0,107.0,106.0,107.0,3800,0.0,0.0
2024-03-11 09:00:00+09:00,107.0,107.0,107.0,107.0,4900,0.0,0.0
2024-03-11 10:00:00+09:00,106.0,106.0,106.0,106.0,3000,0.0,0.0
2024-03-11 11:00:00+09:00,107.0,107.0,107.0,107.0,0,0.0,0.0
2024-03-11 12:00:00+09:00,106.0,107.0,106.0,107.0,10000,0.0,0.0
2024-03-11 13:00:00+09:00,106.0,106.0,106.0,106.0,2200,0.0,0.0
2024-03-12 09:00:00+09:00,105.0,106.0,105.0,106.0,1400,0.0,0.0
2024-03-12 10:00:00+09:00,106.0,106.0,106.0,106.0,2100,0.0,0.0
2024-03-12 11:00:00+09:00,105.0,105.0,105.0,105.0,0,0.0,0.0
2024-03-12 12:00:00+09:00,105.0,106.0,105.0,106.0,8000,0.0,0.0
2024-03-12 13:00:00+09:00,105.0,106.0,104.0,106.0,4000,0.0,0.0
2024-03-12 14:00:00+09:00,106.0,106.0,105.0,105.0,1800,0.0,0.0
2024-03-13 09:00:00+09:00,105.0,105.0,105.0,105.0,500,0.0,0.0
2024-03-13 10:00:00+09:00,105.0,106.0,105.0,105.0,4400,0.0,0.0
2024-03-13 11:00:00+09:00,105.0,105.0,105.0,105.0,0,0.0,0.0
2024-03-13 12:00:00+09:00,105.0,105.0,105.0,105.0,5000,0.0,0.0
2024-03-13 13:00:00+09:00,104.0,104.0,104.0,104.0,1900,0.0,0.0
2024-03-13 14:00:00+09:00,105.0,105.0,104.0,105.0,3800,0.0,0.0
2024-03-14 09:00:00+09:00,105.0,105.0,104.0,104.0,5300,0.0,0.0
2024-03-14 10:00:00+09:00,104.0,104.0,104.0,104.0,0,0.0,0.0
2024-03-14 11:00:00+09:00,105.0,105.0,105.0,105.0,0,0.0,0.0
2024-03-14 14:00:00+09:00,105.0,105.0,105.0,105.0,8000,0.0,0.0
2024-03-15 09:00:00+09:00,105.0,105.0,104.0,104.0,7700,0.0,0.0
2024-03-15 10:00:00+09:00,104.0,104.0,104.0,104.0,1900,0.0,0.0
2024-03-15 11:00:00+09:00,104.0,104.0,104.0,104.0,0,0.0,0.0
2024-03-15 12:00:00+09:00,104.0,104.0,104.0,104.0,9800,0.0,0.0
2024-03-15 13:00:00+09:00,105.0,105.0,103.0,104.0,16700,0.0,0.0
2024-03-15 14:00:00+09:00,104.0,104.0,103.0,103.0,3100,0.0,0.0
2024-03-18 09:00:00+09:00,103.0,104.0,103.0,104.0,3100,0.0,0.0
2024-03-18 10:00:00+09:00,105.0,105.0,103.0,104.0,2400,0.0,0.0
2024-03-18 11:00:00+09:00,103.0,104.0,103.0,104.0,0,0.0,0.0
2024-03-18 12:00:00+09:00,103.0,103.0,103.0,103.0,13800,0.0,0.0
2024-03-18 13:00:00+09:00,103.0,103.0,103.0,103.0,9500,0.0,0.0
2024-03-18 14:00:00+09:00,104.0,104.0,104.0,104.0,400,0.0,0.0
2024-03-19 09:00:00+09:00,103.0,104.0,103.0,104.0,1200,0.0,0.0
2024-03-19 10:00:00+09:00,103.0,103.0,103.0,103.0,15800,0.0,0.0
2024-03-19 11:00:00+09:00,103.0,103.0,103.0,103.0,0,0.0,0.0
2024-03-19 12:00:00+09:00,103.0,103.0,103.0,103.0,20000,0.0,0.0
2024-03-19 13:00:00+09:00,104.0,104.0,103.0,103.0,600,0.0,0.0
2024-03-19 14:00:00+09:00,103.0,103.0,103.0,103.0,100,0.0,0.0
2024-03-21 09:00:00+09:00,103.0,104.0,103.0,104.0,3700,0.0,0.0
2024-03-21 11:00:00+09:00,104.0,104.0,104.0,104.0,0,0.0,0.0
2024-03-21 12:00:00+09:00,103.0,103.0,103.0,103.0,4000,0.0,0.0
2024-03-21 13:00:00+09:00,104.0,104.0,103.0,103.0,200,0.0,0.0
2024-03-21 14:00:00+09:00,103.0,104.0,102.0,103.0,8600,0.0,0.0
2024-03-22 09:00:00+09:00,104.0,104.0,103.0,104.0,1600,0.0,0.0
2024-03-22 10:00:00+09:00,103.0,103.0,103.0,103.0,1500,0.0,0.0
2024-03-22 11:00:00+09:00,103.0,103.0,103.0,103.0,0,0.0,0.0
2024-03-22 13:00:00+09:00,104.0,104.0,104.0,104.0,20700,0.0,0.0
2024-03-22 14:00:00+09:00,104.0,104.0,103.0,103.0,1400,0.0,0.0
2024-03-25 09:00:00+09:00,103.0,104.0,103.0,104.0,2000,0.0,0.0
2024-03-25 10:00:00+09:00,104.0,105.0,103.0,103.0,7100,0.0,0.0
2024-03-25 11:00:00+09:00,103.0,103.0,103.0,103.0,0,0.0,0.0
2024-03-25 12:00:00+09:00,104.0,104.0,103.0,104.0,13500,0.0,0.0
2024-03-25 13:00:00+09:00,104.0,104.0,104.0,104.0,700,0.0,0.0
2024-03-25 14:00:00+09:00,104.0,105.0,104.0,105.0,4400,0.0,0.0
2024-03-26 09:00:00+09:00,104.0,105.0,104.0,105.0,1600,0.0,0.0
2024-03-26 11:00:00+09:00,105.0,105.0,105.0,105.0,0,0.0,0.0
2024-03-26 12:00:00+09:00,103.0,105.0,103.0,105.0,3700,0.0,0.0
2024-03-26 13:00:00+09:00,105.0,105.0,105.0,105.0,900,0.0,0.0
2024-03-27 09:00:00+09:00,104.0,105.0,104.0,104.0,1300,0.0,0.0
2024-03-27 10:00:00+09:00,105.0,105.0,104.0,104.0,200,0.0,0.0
2024-03-27 11:00:00+09:00,105.0,105.0,105.0,105.0,0,0.0,0.0
2024-03-27 12:00:00+09:00,105.0,105.0,105.0,105.0,2700,0.0,0.0
2024-03-27 13:00:00+09:00,104.0,106.0,104.0,106.0,8600,0.0,0.0
2024-03-27 14:00:00+09:00,106.0,106.0,105.0,105.0,4100,0.0,0.0
2024-03-28 09:00:00+09:00,104.0,105.0,104.0,105.0,19300,0.0,0.0
2024-03-28 10:00:00+09:00,104.0,105.0,104.0,105.0,800,0.0,0.0
2024-03-28 11:00:00+09:00,104.0,105.0,104.0,105.0,0,0.0,0.0
2024-03-28 12:00:00+09:00,105.0,106.0,105.0,105.0,30700,0.0,0.0
2024-03-28 13:00:00+09:00,105.0,106.0,105.0,106.0,1900,0.0,0.0
2024-03-28 14:00:00+09:00,105.0,106.0,104.0,106.0,1200,0.0,0.0
2024-03-29 09:00:00+09:00,106.0,107.0,105.0,107.0,5300,0.0,0.0
2024-03-29 10:00:00+09:00,107.0,107.0,106.0,107.0,3400,0.0,0.0
2024-03-29 11:00:00+09:00,106.0,108.0,106.0,108.0,0,0.0,0.0
2024-03-29 12:00:00+09:00,107.0,109.0,107.0,108.0,22800,0.0,0.0
2024-03-29 13:00:00+09:00,108.0,108.0,108.0,108.0,100,0.0,0.0
2024-03-29 14:00:00+09:00,108.0,108.0,108.0,108.0,2700,0.0,0.0
2024-04-01 09:00:00+09:00,107.0,108.0,107.0,108.0,1800,0.0,0.0
2024-04-01 10:00:00+09:00,108.0,108.0,107.0,107.0,8000,0.0,0.0
2024-04-01 11:00:00+09:00,106.0,108.0,106.0,108.0,0,0.0,0.0
2024-04-01 12:00:00+09:00,107.0,107.0,107.0,107.0,10700,0.0,0.0
2024-04-01 13:00:00+09:00,108.0,108.0,107.0,107.0,600,0.0,0.0
2024-04-01 14:00:00+09:00,107.0,107.0,106.0,106.0,3500,0.0,0.0
2024-04-02 09:00:00+09:00,106.0,107.0,105.0,106.0,5600,0.0,0.0
2024-04-02 10:00:00+09:00,105.0,107.0,105.0,107.0,500,0.0,0.0
2024-04-02 11:00:00+09:00,107.0,107.0,107.0,107.0,0,0.0,0.0
2024-04-02 12:00:00+09:00,107.0,107.0,107.0,107.0,6300,0.0,0.0
2024-04-02 13:00:00+09:00,107.0,107.0,107.0,107.0,500,0.0,0.0
2024-04-02 14:00:00+09:00,107.0,108.0,106.0,107.0,4300,0.0,0.0
2024-04-03 09:00:00+09:00,107.0,107.0,106.0,106.0,400,0.0,0.0
2024-04-03 11:00:00+09:00,106.0,106.0,106.0,106.0,0,0.0,0.0
2024-04-03 12:00:00+09:00,106.0,106.0,105.0,105.0,1800,0.0,0.0
2024-04-03 13:00:00+09:00,105.0,106.0,105.0,106.0,1900,0.0,0.0
2024-04-03 14:00:00+09:00,106.0,106.0,105.0,105.0,400,0.0,0.0
2024-04-04 09:00:00+09:00,106.0,106.0,105.0,105.0,3100,0.0,0.0
2024-04-04 10:00:00+09:00,106.0,106.0,105.0,105.0,1600,0.0,0.0
2024-04-04 11:00:00+09:00,105.0,105.0,104.0,105.0,0,0.0,0.0
2024-04-04 12:00:00+09:00,105.0,105.0,104.0,104.0,11900,0.0,0.0
2024-04-04 13:00:00+09:00,104.0,104.0,104.0,104.0,4500,0.0,0.0
2024-04-04 14:00:00+09:00,104.0,104.0,104.0,104.0,7100,0.0,0.0
2024-04-05 09:00:00+09:00,103.0,104.0,103.0,104.0,23300,0.0,0.0
2024-04-05 11:00:00+09:00,104.0,104.0,104.0,104.0,0,0.0,0.0
2024-04-05 12:00:00+09:00,103.0,104.0,103.0,104.0,24500,0.0,0.0
2024-04-08 09:00:00+09:00,104.0,105.0,104.0,105.0,7900,0.0,0.0
2024-04-08 10:00:00+09:00,104.0,105.0,104.0,105.0,800,0.0,0.0
2024-04-08 11:00:00+09:00,105.0,105.0,105.0,105.0,0,0.0,0.0
2024-04-08 12:00:00+09:00,105.0,105.0,104.0,104.0,9500,0.0,0.0
2024-04-08 13:00:00+09:00,104.0,106.0,104.0,106.0,2300,0.0,0.0
2024-04-09 09:00:00+09:00,105.0,106.0,105.0,105.0,7100,0.0,0.0
2024-04-09 10:00:00+09:00,105.0,106.0,105.0,106.0,1400,0.0,0.0
2024-04-09 11:00:00+09:00,105.0,105.0,105.0,105.0,0,0.0,0.0
2024-04-09 14:00:00+09:00,106.0,106.0,106.0,106.0,8700,0.0,0.0
2024-04-10 09:00:00+09:00,106.0,106.0,106.0,106.0,1800,0.0,0.0
2024-04-10 10:00:00+09:00,105.0,106.0,105.0,106.0,1100,0.0,0.0
2024-04-10 11:00:00+09:00,106.0,106.0,106.0,106.0,0,0.0,0.0
2024-04-10 12:00:00+09:00,105.0,105.0,105.0,105.0,13000,0.0,0.0
2024-04-10 13:00:00+09:00,104.0,104.0,104.0,104.0,5000,0.0,0.0
2024-04-10 14:00:00+09:00,104.0,104.0,104.0,104.0,1100,0.0,0.0
2024-04-11 09:00:00+09:00,104.0,105.0,104.0,105.0,14200,0.0,0.0
2024-04-11 10:00:00+09:00,104.0,105.0,104.0,105.0,200,0.0,0.0
2024-04-11 11:00:00+09:00,105.0,105.0,105.0,105.0,0,0.0,0.0
2024-04-11 12:00:00+09:00,105.0,106.0,105.0,106.0,18500,0.0,0.0
2024-04-11 13:00:00+09:00,105.0,105.0,105.0,105.0,1200,0.0,0.0
2024-04-11 14:00:00+09:00,104.0,104.0,104.0,104.0,6900,0.0,0.0
2024-04-12 09:00:00+09:00,104.0,105.0,104.0,105.0,500,0.0,0.0
2024-04-12 11:00:00+09:00,105.0,105.0,105.0,105.0,0,0.0,0.0
2024-04-12 12:00:00+09:00,104.0,104.0,104.0,104.0,1300,0.0,0.0
2024-04-12 13:00:00+09:00,104.0,104.0,104.0,104.0,100,0.0,0.0
2024-04-12 14:00:00+09:00,104.0,104.0,104.0,104.0,1000,0.0,0.0
2024-04-15 09:00:00+09:00,105.0,105.0,105.0,105.0,500,0.0,0.0
2024-04-15 11:00:00+09:00,104.0,105.0,104.0,105.0,0,0.0,0.0
2024-04-15 12:00:00+09:00,105.0,105.0,105.0,105.0,7000,0.0,0.0
2024-04-15 13:00:00+09:00,104.0,104.0,104.0,104.0,500,0.0,0.0
2024-04-15 14:00:00+09:00,105.0,105.0,105.0,105.0,100,0.0,0.0
2024-04-16 09:00:00+09:00,104.0,105.0,104.0,104.0,0,0.0,0.0
2024-04-16 10:00:00+09:00,104.0,104.0,103.0,104.0,43000,0.0,0.0
2024-04-16 11:00:00+09:00,104.0,104.0,104.0,104.0,0,0.0,0.0
2024-04-16 12:00:00+09:00,104.0,104.0,103.0,103.0,44700,0.0,0.0
2024-04-16 13:00:00+09:00,103.0,103.0,103.0,103.0,20000,0.0,0.0
2024-04-16 14:00:00+09:00,103.0,103.0,103.0,103.0,100,0.0,0.0
2024-04-17 09:00:00+09:00,103.0,103.0,102.0,102.0,64100,0.0,0.0
2024-04-17 10:00:00+09:00,102.0,102.0,102.0,102.0,3100,0.0,0.0
2024-04-17 11:00:00+09:00,103.0,104.0,103.0,103.0,0,0.0,0.0
2024-04-17 12:00:00+09:00,103.0,103.0,103.0,103.0,71300,0.0,0.0
2024-04-17 13:00:00+09:00,104.0,104.0,103.0,104.0,8000,0.0,0.0
2024-04-17 14:00:00+09:00,103.0,103.0,103.0,103.0,100,0.0,0.0
2024-04-18 09:00:00+09:00,103.0,104.0,103.0,103.0,2800,0.0,0.0
2024-04-18 10:00:00+09:00,104.0,104.0,103.0,104.0,0,0.0,0.0
2024-04-18 11:00:00+09:00,104.0,104.0,104.0,104.0,0,0.0,0.0
2024-04-18 12:00:00+09:00,104.0,104.0,102.0,103.0,29900,0.0,0.0
2024-04-18 13:00:00+09:00,103.0,103.0,103.0,103.0,100,0.0,0.0
2024-04-18 14:00:00+09:00,103.0,103.0,102.0,102.0,200,0.0,0.0
2024-04-19 09:00:00+09:00,102.0,103.0,102.0,103.0,2800,0.0,0.0
2024-04-19 10:00:00+09:00,102.0,102.0,102.0,102.0,15200,0.0,0.0
2024-04-19 11:00:00+09:00,102.0,103.0,101.0,101.0,0,0.0,0.0
2024-04-19 12:00:00+09:00,102.0,102.0,98.0,100.0,58800,0.0,0.0
2024-04-19 13:00:00+09:00,100.0,100.0,100.0,100.0,17700,0.0,0.0
2024-04-19 14:00:00+09:00,100.0,101.0,100.0,101.0,3700,0.0,0.0
2024-04-22 09:00:00+09:00,99.0,100.0,99.0,99.0,24700,0.0,0.0
2024-04-22 10:00:00+09:00,99.0,100.0,99.0,100.0,8900,0.0,0.0
2024-04-22 11:00:00+09:00,100.0,100.0,100.0,100.0,0,0.0,0.0
2024-04-22 12:00:00+09:00,100.0,100.0,100.0,100.0,34900,0.0,0.0
2024-04-22 13:00:00+09:00,100.0,101.0,99.0,101.0,6400,0.0,0.0
2024-04-22 14:00:00+09:00,101.0,101.0,99.0,100.0,1700,0.0,0.0
2024-04-23 09:00:00+09:00,99.0,100.0,99.0,99.0,14800,0.0,0.0
2024-04-23 10:00:00+09:00,100.0,101.0,100.0,101.0,8500,0.0,0.0
2024-04-23 11:00:00+09:00,100.0,100.0,100.0,100.0,0,0.0,0.0
2024-04-23 12:00:00+09:00,100.0,101.0,100.0,101.0,33700,0.0,0.0
2024-04-23 13:00:00+09:00,100.0,101.0,99.0,101.0,1300,0.0,0.0
2024-04-23 14:00:00+09:00,100.0,101.0,100.0,101.0,1400,0.0,0.0
2024-04-24 09:00:00+09:00,100.0,101.0,100.0,100.0,27200,0.0,0.0
2024-04-24 10:00:00+09:00,100.0,100.0,100.0,100.0,2000,0.0,0.0
2024-04-24 11:00:00+09:00,100.0,100.0,100.0,100.0,0,0.0,0.0
2024-04-24 12:00:00+09:00,100.0,100.0,99.0,99.0,34100,0.0,0.0
2024-04-24 13:00:00+09:00,99.0,100.0,99.0,100.0,1200,0.0,0.0
2024-04-24 14:00:00+09:00,100.0,100.0,99.0,100.0,2500,0.0,0.0
2024-04-25 09:00:00+09:00,100.0,100.0,99.0,99.0,16700,0.0,0.0
2024-04-25 10:00:00+09:00,100.0,100.0,99.0,99.0,5000,0.0,0.0
2024-04-25 11:00:00+09:00,99.0,99.0,99.0,99.0,0,0.0,0.0
2024-04-25 12:00:00+09:00,100.0,102.0,100.0,100.0,40400,0.0,0.0
2024-04-25 13:00:00+09:00,100.0,100.0,100.0,100.0,5600,0.0,0.0
2024-04-25 14:00:00+09:00,100.0,100.0,100.0,100.0,500,0.0,0.0
2024-04-26 09:00:00+09:00,100.0,100.0,99.0,99.0,12000,0.0,0.0
2024-04-26 10:00:00+09:00,99.0,99.0,99.0,99.0,100,0.0,0.0
2024-04-26 11:00:00+09:00,99.0,99.0,99.0,99.0,0,0.0,0.0
2024-04-26 12:00:00+09:00,100.0,100.0,99.0,99.0,13100,0.0,0.0
2024-04-26 13:00:00+09:00,100.0,100.0,99.0,100.0,4800,0.0,0.0
2024-04-26 14:00:00+09:00,101.0,101.0,101.0,101.0,0,0.0,0.0
2024-04-30 09:00:00+09:00,101.0,101.0,100.0,100.0,0,0.0,0.0
2024-04-30 11:00:00+09:00,100.0,100.0,99.0,99.0,0,0.0,0.0
2024-04-30 12:00:00+09:00,99.0,100.0,99.0,99.0,4500,0.0,0.0
2024-04-30 14:00:00+09:00,100.0,100.0,100.0,100.0,1300,0.0,0.0
2024-05-01 09:00:00+09:00,99.0,99.0,99.0,99.0,300,0.0,0.0
2024-05-01 10:00:00+09:00,100.0,100.0,100.0,100.0,1600,0.0,0.0
2024-05-01 11:00:00+09:00,100.0,100.0,100.0,100.0,0,0.0,0.0
2024-05-01 12:00:00+09:00,99.0,99.0,99.0,99.0,10300,0.0,0.0
2024-05-01 14:00:00+09:00,100.0,100.0,100.0,100.0,100,0.0,0.0
2024-05-02 09:00:00+09:00,99.0,99.0,99.0,99.0,300,0.0,0.0
2024-05-02 10:00:00+09:00,99.0,100.0,99.0,100.0,200,0.0,0.0
2024-05-02 11:00:00+09:00,100.0,100.0,100.0,100.0,0,0.0,0.0
2024-05-02 12:00:00+09:00,99.0,99.0,99.0,99.0,3400,0.0,0.0
2024-05-02 13:00:00+09:00,99.0,99.0,99.0,99.0,1000,0.0,0.0
2024-05-02 14:00:00+09:00,100.0,100.0,100.0,100.0,1800,0.0,0.0
2024-05-07 09:00:00+09:00,99.0,99.0,99.0,99.0,11800,0.0,0.0
2024-05-07 10:00:00+09:00,100.0,100.0,99.0,99.0,6100,0.0,0.0
2024-05-07 11:00:00+09:00,99.0,99.0,99.0,99.0,0,0.0,0.0
2024-05-07 12:00:00+09:00,99.0,100.0,99.0,100.0,24600,0.0,0.0
2024-05-07 13:00:00+09:00,100.0,100.0,98.0,99.0,4900,0.0,0.0
2024-05-07 14:00:00+09:00,100.0,100.0,100.0,100.0,100,0.0,0.0
2024-05-08 09:00:00+09:00,99.0,100.0,99.0,100.0,2100,0.0,0.0
2024-05-08 10:00:00+09:00,100.0,101.0,100.0,100.0,3500,0.0,0.0
2024-05-08 11:00:00+09:00,99.0,99.0,99.0,99.0,0,0.0,0.0
2024-05-08 12:00:00+09:00,100.0,100.0,100.0,100.0,7100,0.0,0.0
2024-05-08 13:00:00+09:00,100.0,100.0,99.0,99.0,2700,0.0,0.0
2024-05-08 14:00:00+09:00,100.0,100.0,99.0,99.0,1100,0.0,0.0
2024-05-09 09:00:00+09:00,99.0,100.0,98.0,99.0,0,0.0,0.0
2024-05-09 10:00:00+09:00,100.0,100.0,100.0,100.0,8600,0.0,0.0
2024-05-09 11:00:00+09:00,100.0,100.0,99.0,99.0,0,0.0,0.0
2024-05-09 13:00:00+09:00,100.0,100.0,100.0,100.0,9700,0.0,0.0
2024-05-09 14:00:00+09:00,99.0,99.0,99.0,99.0,1600,0.0,0.0
2024-05-10 09:00:00+09:00,100.0,103.0,100.0,100.0,26700,0.0,0.0
2024-05-10 10:00:00+09:00,100.0,100.0,99.0,99.0,14300,0.0,0.0
2024-05-10 11:00:00+09:00,100.0,100.0,100.0,100.0,0,0.0,0.0
2024-05-10 12:00:00+09:00,101.0,101.0,100.0,100.0,44400,0.0,0.0
2024-05-10 13:00:00+09:00,99.0,99.0,99.0,99.0,700,0.0,0.0
2024-05-10 14:00:00+09:00,99.0,101.0,99.0,101.0,22100,0.0,0.0
2024-05-13 09:00:00+09:00,100.0,101.0,100.0,101.0,5200,0.0,0.0
2024-05-13 10:00:00+09:00,100.0,100.0,99.0,100.0,43200,0.0,0.0
2024-05-13 11:00:00+09:00,100.0,100.0,100.0,100.0,0,0.0,0.0
2024-05-13 12:00:00+09:00,100.0,100.0,100.0,100.0,48500,0.0,0.0
2024-05-13 13:00:00+09:00,100.0,100.0,100.0,100.0,9200,0.0,0.0
2024-05-14 09:00:00+09:00,100.0,100.0,99.0,100.0,1000,0.0,0.0
2024-05-14 10:00:00+09:00,101.0,101.0,100.0,100.0,400,0.0,0.0
2024-05-14 11:00:00+09:00,100.0,100.0,100.0,100.0,0,0.0,0.0
2024-05-14 12:00:00+09:00,100.0,100.0,100.0,100.0,1700,0.0,0.0
2024-05-14 13:00:00+09:00,101.0,101.0,100.0,100.0,0,0.0,0.0
2024-05-14 14:00:00+09:00,100.0,100.0,99.0,100.0,17400,0.0,0.0
2024-05-15 09:00:00+09:00,100.0,100.0,97.0,98.0,28700,0.0,0.0
2024-05-15 10:00:00+09:00,98.0,98.0,97.0,98.0,2100,0.0,0.0
2024-05-15 11:00:00+09:00,98.0,98.0,98.0,98.0,0,0.0,0.0
2024-05-15 12:00:00+09:00,98.0,98.0,98.0,98.0,32200,0.0,0.0
2024-05-15 13:00:00+09:00,98.0,98.0,98.0,98.0,2000,0.0,0.0
2024-05-15 14:00:00+09:00,97.0,99.0,97.0,99.0,4500,0.0,0.0
2024-05-16 09:00:00+09:00,99.0,99.0,98.0,99.0,4500,0.0,0.0
2024-05-16 10:00:00+09:00,99.0,99.0,99.0,99.0,500,0.0,0.0
2024-05-16 11:00:00+09:00,98.0,98.0,98.0,98.0,0,0.0,0.0
2024-05-16 12:00:00+09:00,98.0,98.0,98.0,98.0,5400,0.0,0.0
2024-05-16 13:00:00+09:00,98.0,99.0,98.0,98.0,1500,0.0,0.0
2024-05-16 14:00:00+09:00,98.0,98.0,97.0,98.0,500,0.0,0.0
2024-05-17 09:00:00+09:00,98.0,98.0,98.0,98.0,2500,0.0,0.0
2024-05-17 11:00:00+09:00,98.0,98.0,98.0,98.0,0,0.0,0.0
2024-05-17 12:00:00+09:00,99.0,99.0,99.0,99.0,18200,0.0,0.0
2024-05-17 13:00:00+09:00,99.0,99.0,99.0,99.0,1600,0.0,0.0
2024-05-17 14:00:00+09:00,99.0,100.0,98.0,100.0,6000,0.0,0.0
2024-05-20 09:00:00+09:00,100.0,100.0,99.0,99.0,300,0.0,0.0
2024-05-20 10:00:00+09:00,100.0,100.0,99.0,99.0,400,0.0,0.0
2024-05-20 11:00:00+09:00,99.0,99.0,99.0,99.0,0,0.0,0.0
2024-05-20 12:00:00+09:00,98.0,100.0,98.0,99.0,3700,0.0,0.0
2024-05-20 13:00:00+09:00,99.0,99.0,99.0,99.0,2000,0.0,0.0
2024-05-20 14:00:00+09:00,99.0,99.0,99.0,99.0,200,0.0,0.0
2024-05-21 09:00:00+09:00,99.0,99.0,99.0,99.0,800,0.0,0.0
2024-05-21 10:00:00+09:00,98.0,98.0,98.0,98.0,21000,0.0,0.0
2024-05-21 11:00:00+09:00,99.0,99.0,99.0,99.0,0,0.0,0.0
2024-05-21 13:00:00+09:00,99.0,99.0,99.0,99.0,22600,0.0,0.0
2024-05-21 14:00:00+09:00,98.0,99.0,98.0,98.0,1600,0.0,0.0
2024-05-22 09:00:00+09:00,98.0,98.0,98.0,98.0,5000,0.0,0.0
2024-05-22 10:00:00+09:00,98.0,98.0,98.0,98.0,6800,0.0,0.0
2024-05-22 11:00:00+09:00,98.0,98.0,98.0,98.0,0,0.0,0.0
2024-05-22 12:00:00+09:00,98.0,98.0,98.0,98.0,13400,0.0,0.0
2024-05-22 13:00:00+09:00,99.0,99.0,98.0,98.0,900,0.0,0.0
2024-05-22 14:00:00+09:00,98.0,99.0,98.0,98.0,2200,0.0,0.0
2024-05-23 09:00:00+09:00,98.0,99.0,98.0,99.0,1000,0.0,0.0
2024-05-23 10:00:00+09:00,99.0,99.0,99.0,99.0,700,0.0,0.0
2024-05-23 11:00:00+09:00,99.0,99.0,99.0,99.0,0,0.0,0.0
2024-05-23 12:00:00+09:00,98.0,98.0,98.0,98.0,1900,0.0,0.0
2024-05-23 14:00:00+09:00,98.0,99.0,98.0,98.0,800,0.0,0.0
2024-05-24 09:00:00+09:00,98.0,98.0,98.0,98.0,100,0.0,0.0
2024-05-24 10:00:00+09:00,98.0,98.0,98.0,98.0,11900,0.0,0.0
2024-05-24 11:00:00+09:00,98.0,98.0,98.0,98.0,0,0.0,0.0
2024-05-24 12:00:00+09:00,98.0,98.0,98.0,98.0,15900,0.0,0.0
2024-05-24 13:00:00+09:00,98.0,98.0,98.0,98.0,1100,0.0,0.0
2024-05-24 14:00:00+09:00,98.0,98.0,98.0,98.0,800,0.0,0.0
2024-05-27 09:00:00+09:00,97.0,97.0,97.0,97.0,10800,0.0,0.0
2024-05-27 10:00:00+09:00,97.0,98.0,97.0,98.0,9300,0.0,0.0
2024-05-27 11:00:00+09:00,98.0,98.0,97.0,97.0,0,0.0,0.0
2024-05-27 12:00:00+09:00,97.0,97.0,97.0,97.0,27600,0.0,0.0
2024-05-27 13:00:00+09:00,98.0,98.0,98.0,98.0,100,0.0,0.0
2024-05-27 14:00:00+09:00,97.0,97.0,97.0,97.0,2400,0.0,0.0
2024-05-28 09:00:00+09:00,97.0,98.0,97.0,98.0,9600,0.0,0.0
2024-05-28 10:00:00+09:00,98.0,98.0,97.0,97.0,9500,0.0,0.0
2024-05-28 11:00:00+09:00,97.0,97.0,97.0,97.0,0,0.0,0.0
2024-05-28 12:00:00+09:00,98.0,98.0,98.0,98.0,19200,0.0,0.0
2024-05-28 14:00:00+09:00,97.0,97.0,97.0,97.0,700,0.0,0.0
2024-05-29 09:00:00+09:00,97.0,97.0,97.0,97.0,10900,0.0,0.0
2024-05-29 10:00:00+09:00,98.0,98.0,97.0,97.0,1100,0.0,0.0
2024-05-29 11:00:00+09:00,97.0,97.0,97.0,97.0,0,0.0,0.0
2024-05-29 12:00:00+09:00,98.0,98.0,98.0,98.0,12100,0.0,0.0
2024-05-29 14:00:00+09:00,97.0,98.0,97.0,97.0,5600,0.0,0.0
2024-05-30 09:00:00+09:00,96.0,96.0,96.0,96.0,19700,0.0,0.0
2024-05-30 10:00:00+09:00,96.0,96.0,96.0,96.0,1200,0.0,0.0
2024-05-30 11:00:00+09:00,96.0,96.0,96.0,96.0,0,0.0,0.0
2024-05-30 13:00:00+09:00,96.0,96.0,96.0,96.0,32400,0.0,0.0
2024-05-30 14:00:00+09:00,96.0,96.0,96.0,96.0,1200,0.0,0.0
2024-05-31 09:00:00+09:00,97.0,97.0,96.0,96.0,6700,0.0,0.0
2024-05-31 10:00:00+09:00,96.0,96.0,96.0,96.0,100,0.0,0.0
2024-05-31 11:00:00+09:00,96.0,96.0,96.0,96.0,0,0.0,0.0
2024-05-31 12:00:00+09:00,96.0,97.0,96.0,96.0,0,0.0,0.0
2024-05-31 13:00:00+09:00,96.0,96.0,96.0,96.0,13800,0.0,0.0
2024-05-31 14:00:00+09:00,97.0,97.0,96.0,96.0,500,0.0,0.0
2024-06-03 09:00:00+09:00,96.0,98.0,96.0,97.0,21600,0.0,0.0
2024-06-03 10:00:00+09:00,98.0,98.0,97.0,97.0,1000,0.0,0.0
2024-06-03 11:00:00+09:00,97.0,97.0,97.0,97.0,0,0.0,0.0
2024-06-03 14:00:00+09:00,97.0,98.0,97.0,98.0,28000,0.0,0.0
2024-06-04 09:00:00+09:00,97.0,97.0,97.0,97.0,1100,0.0,0.0
2024-06-04 10:00:00+09:00,97.0,98.0,97.0,98.0,1300,0.0,0.0
2024-06-04 11:00:00+09:00,98.0,98.0,98.0,98.0,0,0.0,0.0
2024-06-04 12:00:00+09:00,98.0,99.0,98.0,99.0,2600,0.0,0.0
2024-06-04 13:00:00+09:00,99.0,99.0,98.0,98.0,200,0.0,0.0
2024-06-04 14:00:00+09:00,99.0,99.0,99.0,99.0,500,0.0,0.0
2024-06-05 09:00:00+09:00,99.0,99.0,98.0,98.0,1600,0.0,0.0
2024-06-05 10:00:00+09:00,98.0,98.0,98.0,98.0,500,0.0,0.0
2024-06-05 11:00:00+09:00,98.0,98.0,98.0,98.0,0,0.0,0.0
2024-06-06 09:00:00+09:00,99.0,99.0,97.0,98.0,600,0.0,0.0
2024-06-06 10:00:00+09:00,98.0,98.0,97.0,97.0,700,0.0,0.0
2024-06-06 11:00:00+09:00,97.0,97.0,97.0,97.0,0,0.0,0.0
2024-06-06 12:00:00+09:00,98.0,98.0,97.0,97.0,2100,0.0,0.0
2024-06-06 14:00:00+09:00,97.0,98.0,97.0,98.0,300,0.0,0.0
2024-06-07 09:00:00+09:00,98.0,98.0,97.0,97.0,4500,0.0,0.0
2024-06-07 10:00:00+09:00,98.0,99.0,97.0,98.0,1800,0.0,0.0
2024-06-07 11:00:00+09:00,98.0,98.0,98.0,98.0,0,0.0,0.0
2024-06-07 12:00:00+09:00,98.0,98.0,98.0,98.0,6800,0.0,0.0
2024-06-10 09:00:00+09:00,97.0,97.0,97.0,97.0,2000,0.0,0.0
2024-06-10 10:00:00+09:00,97.0,97.0,97.0,97.0,200,0.0,0.0
2024-06-10 11:00:00+09:00,97.0,98.0,97.0,98.0,0,0.0,0.0
2024-06-10 13:00:00+09:00,99.0,99.0,99.0,99.0,6100,0.0,0.0
2024-06-10 14:00:00+09:00,98.0,98.0,98.0,98.0,400,0.0,0.0
2024-06-11 09:00:00+09:00,100.0,100.0,98.0,99.0,2800,0.0,0.0
2024-06-11 10:00:00+09:00,99.0,99.0,99.0,99.0,11400,0.0,0.0
2024-06-11 11:00:00+09:00,100.0,100.0,100.0,100.0,0,0.0,0.0
2024-06-11 12:00:00+09:00,99.0,99.0,99.0,99.0,14400,0.0,0.0
2024-06-11 13:00:00+09:00,99.0,99.0,99.0,99.0,2000,0.0,0.0
2024-06-11 14:00:00+09:00,98.0,98.0,98.0,98.0,100,0.0,0.0
2024-06-12 09:00:00+09:00,98.0,98.0,98.0,98.0,200,0.0,0.0
2024-06-12 10:00:00+09:00,98.0,98.0,98.0,98.0,1700,0.0,0.0
2024-06-12 11:00:00+09:00,98.0,99.0,98.0,99.0,0,0.0,0.0
2024-06-12 12:00:00+09:00,99.0,99.0,98.0,98.0,3000,0.0,0.0
2024-06-12 13:00:00+09:00,99.0,99.0,99.0,99.0,400,0.0,0.0
2024-06-12 14:00:00+09:00,98.0,98.0,98.0,98.0,300,0.0,0.0
2024-06-13 09:00:00+09:00,98.0,98.0,98.0,98.0,2100,0.0,0.0
2024-06-13 10:00:00+09:00,99.0,99.0,99.0,99.0,300,0.0,0.0
2024-06-13 11:00:00+09:00,99.0,99.0,99.0,99.0,0,0.0,0.0
2024-06-13 12:00:00+09:00,99.0,99.0,99.0,99.0,2500,0.0,0.0
2024-06-13 14:00:00+09:00,99.0,99.0,98.0,98.0,700,0.0,0.0
2024-06-14 09:00:00+09:00,98.0,98.0,97.0,98.0,2500,0.0,0.0
2024-06-14 10:00:00+09:00,98.0,98.0,98.0,98.0,100,0.0,0.0
2024-06-14 11:00:00+09:00,99.0,99.0,99.0,99.0,0,0.0,0.0
2024-06-14 12:00:00+09:00,98.0,98.0,98.0,98.0,28900,0.0,0.0
2024-06-14 13:00:00+09:00,99.0,99.0,99.0,99.0,0,0.0,0.0
2024-06-14 14:00:00+09:00,99.0,99.0,99.0,99.0,30000,0.0,0.0
2024-06-17 09:00:00+09:00,99.0,99.0,99.0,99.0,1600,0.0,0.0
2024-06-17 10:00:00+09:00,98.0,98.0,98.0,98.0,500,0.0,0.0
2024-06-17 11:00:00+09:00,98.0,98.0,98.0,98.0,0,0.0,0.0
2024-06-17 13:00:00+09:00,98.0,98.0,98.0,98.0,4100,0.0,0.0
2024-06-18 09:00:00+09:00,99.0,99.0,98.0,99.0,3200,0.0,0.0
2024-06-18 11:00:00+09:00,99.0,99.0,99.0,99.0,0,0.0,0.0
2024-06-18 13:00:00+09:00,99.0,100.0,99.0,99.0,21000,0.0,0.0
2024-06-18 14:00:00+09:00,98.0,98.0,98.0,98.0,100,0.0,0.0
2024-06-19 09:00:00+09:00,103.0,103.0,101.0,101.0,33200,0.0,0.0
2024-06-19 10:00:00+09:00,100.0,100.0,100.0,100.0,400,0.0,0.0
2024-06-19 11:00:00+09:00,100.0,100.0,100.0,100.0,0,0.0,0.0
2024-06-19 12:00:00+09:00,100.0,100.0,100.0,100.0,42100,0.0,0.0
2024-06-19 14:00:00+09:00,99.0,100.0,98.0,99.0,7800,0.0,0.0
2024-06-20 09:00:00+09:00,100.0,100.0,100.0,100.0,6600,0.0,0.0
2024-06-20 10:00:00+09:00,100.0,100.0,98.0,99.0,12600,0.0,0.0
2024-06-20 11:00:00+09:00,99.0,100.0,99.0,100.0,0,0.0,0.0
2024-06-20 12:00:00+09:00,98.0,99.0,98.0,99.0,20100,0.0,0.0
2024-06-20 13:00:00+09:00,98.0,99.0,98.0,99.0,300,0.0,0.0
2024-06-20 14:00:00+09:00,100.0,100.0,99.0,99.0,13900,0.0,0.0
2024-06-21 09:00:00+09:00,99.0,100.0,99.0,100.0,1200,0.0,0.0
2024-06-21 11:00:00+09:00,100.0,100.0,100.0,100.0,0,0.0,0.0
2024-06-21 13:00:00+09:00,100.0,100.0,100.0,100.0,1700,0.0,0.0
2024-06-24 09:00:00+09:00,99.0,99.0,98.0,99.0,0,0.0,0.0
2024-06-24 10:00:00+09:00,99.0,100.0,98.0,100.0,10600,0.0,0.0
2024-06-24 11:00:00+09:00,100.0,100.0,100.0,100.0,0,0.0,0.0
2024-06-24 14:00:00+09:00,100.0,100.0,97.0,97.0,23800,0.0,0.0
2024-06-25 09:00:00+09:00,98.0,98.0,98.0,98.0,400,0.0,0.0
2024-06-25 10:00:00+09:00,97.0,97.0,97.0,97.0,0,0.0,0.0
2024-06-25 11:00:00+09:00,98.0,98.0,98.0,98.0,0,0.0,0.0
2024-06-25 12:00:00+09:00,97.0,98.0,97.0,98.0,8600,0.0,0.0
2024-06-25 13:00:00+09:00,98.0,98.0,98.0,98.0,900,0.0,0.0
2024-06-25 14:00:00+09:00,98.0,98.0,97.0,97.0,1100,0.0,0.0
2024-06-26 09:00:00+09:00,98.0,100.0,98.0,100.0,0,0.0,0.0
2024-06-26 10:00:00+09:00,100.0,100.0,99.0,100.0,10900,0.0,0.0
2024-06-26 11:00:00+09:00,100.0,100.0,100.0,100.0,0,0.0,0.0
2024-06-26 12:00:00+09:00,100.0,100.0,100.0,100.0,15500,0.0,0.0
2024-06-26 13:00:00+09:00,101.0,101.0,100.0,100.0,1600,0.0,0.0
2024-06-26 14:00:00+09:00,99.0,100.0,99.0,100.0,800,0.0,0.0
2024-06-27 09:00:00+09:00,100.0,100.0,100.0,100.0,800,0.0,0.0
2024-06-27 10:00:00+09:00,99.0,100.0,99.0,100.0,0,0.0,0.0
2024-06-27 11:00:00+09:00,100.0,100.0,98.0,98.0,0,0.0,0.0
2024-06-27 12:00:00+09:00,98.0,98.0,98.0,98.0,14100,0.0,0.0
2024-06-27 13:00:00+09:00,99.0,99.0,98.0,99.0,0,0.0,0.0
2024-06-27 14:00:00+09:00,99.0,99.0,98.0,99.0,23400,0.0,0.0
2024-06-28 09:00:00+09:00,99.0,100.0,97.0,99.0,34800,0.0,0.0
2024-06-28 10:00:00+09:00,100.0,100.0,100.0,100.0,300,0.0,0.0
2024-06-28 11:00:00+09:00,100.0,100.0,100.0,100.0,0,0.0,0.0
2024-06-28 12:00:00+09:00,99.0,99.0,99.0,99.0,36100,0.0,0.0
2024-06-28 14:00:00+09:00,100.0,101.0,99.0,101.0,7200,0.0,0.0
