Datetime,Open,High,Low,Close,Volume,Dividends,Stock Splits,Capital Gains
2025-01-27 09:30:00-05:00,64.80999755859375,65.01000213623047,64.80999755859375,65.01000213623047,5849,0.0,0.0,0.0
2025-01-27 09:31:00-05:00,65.05000305175781,65.05999755859375,65.05000305175781,65.05999755859375,518,0.0,0.0,0.0
2025-01-27 09:33:00-05:00,65.06719970703125,65.18000030517578,65.06719970703125,65.18000030517578,2593,0.0,0.0,0.0
2025-01-27 09:34:00-05:00,65.16500091552734,65.17320251464844,65.16000366210938,65.16000366210938,4852,0.0,0.0,0.0
2025-01-27 09:36:00-05:00,65.12000274658203,65.15789794921875,65.12000274658203,65.15789794921875,402,0.0,0.0,0.0
2025-01-27 09:38:00-05:00,65.18000030517578,65.18599700927734,65.18000030517578,65.18599700927734,322,0.0,0.0,0.0
2025-01-27 09:39:00-05:00,65.26000213623047,65.26000213623047,65.26000213623047,65.26000213623047,358,0.0,0.0,0.0
2025-01-27 09:42:00-05:00,65.19499969482422,65.2300033569336,65.19499969482422,65.19999694824219,2108,0.0,0.0,0.0
2025-01-27 09:43:00-05:00,65.19999694824219,65.20999908447266,65.1500015258789,65.1500015258789,884,0.0,0.0,0.0
2025-01-27 09:45:00-05:00,65.22899627685547,65.22899627685547,65.21369934082031,65.21369934082031,1076,0.0,0.0,0.0
2025-01-27 09:48:00-05:00,65.26000213623047,65.26000213623047,65.25869750976562,65.25869750976562,200,0.0,0.0,0.0
2025-01-27 09:49:00-05:00,65.25,65.26000213623047,65.23999786376953,65.26000213623047,1070,0.0,0.0,0.0
2025-01-27 09:50:00-05:00,65.2699966430664,65.2699966430664,65.26799774169922,65.26799774169922,709,0.0,0.0,0.0
2025-01-27 09:52:00-05:00,65.25499725341797,65.25499725341797,65.25499725341797,65.25499725341797,208,0.0,0.0,0.0
2025-01-27 09:53:00-05:00,65.2750015258789,65.2750015258789,65.2750015258789,65.2750015258789,250,0.0,0.0,0.0
2025-01-27 09:54:00-05:00,65.3292007446289,65.3292007446289,65.30500030517578,65.30500030517578,1966,0.0,0.0,0.0
2025-01-27 09:56:00-05:00,65.31051635742188,65.31051635742188,65.31051635742188,65.31051635742188,750,0.0,0.0,0.0
2025-01-27 09:57:00-05:00,65.3291015625,65.3291015625,65.3291015625,65.3291015625,955,0.0,0.0,0.0
2025-01-27 09:58:00-05:00,65.33000183105469,65.33000183105469,65.33000183105469,65.33000183105469,101,0.0,0.0,0.0
2025-01-27 09:59:00-05:00,65.36799621582031,65.36799621582031,65.31999969482422,65.36799621582031,5268,0.0,0.0,0.0
2025-01-27 10:00:00-05:00,65.36000061035156,65.36000061035156,65.36000061035156,65.36000061035156,337,0.0,0.0,0.0
2025-01-27 10:01:00-05:00,65.33000183105469,65.33000183105469,65.30000305175781,65.30000305175781,646,0.0,0.0,0.0
2025-01-27 10:03:00-05:00,65.29000091552734,65.29000091552734,65.29000091552734,65.29000091552734,209,0.0,0.0,0.0
2025-01-27 10:06:00-05:00,65.2750015258789,65.2750015258789,65.22949981689453,65.22949981689453,2119,0.0,0.0,0.0
2025-01-27 10:07:00-05:00,65.24749755859375,65.24749755859375,65.24749755859375,65.24749755859375,453,0.0,0.0,0.0
2025-01-27 10:08:00-05:00,65.28459930419922,65.28459930419922,65.24009704589844,65.24009704589844,454,0.0,0.0,0.0
2025-01-27 10:09:00-05:00,65.26499938964844,65.27200317382812,65.26499938964844,65.27200317382812,541,0.0,0.0,0.0
2025-01-27 10:12:00-05:00,65.26000213623047,65.26000213623047,65.26000213623047,65.26000213623047,168,0.0,0.0,0.0
2025-01-27 10:13:00-05:00,65.2300033569336,65.2300033569336,65.2300033569336,65.2300033569336,200,0.0,0.0,0.0
2025-01-27 10:14:00-05:00,65.26000213623047,65.26000213623047,65.26000213623047,65.26000213623047,204,0.0,0.0,0.0
2025-01-27 10:15:00-05:00,65.26000213623047,65.26000213623047,65.23500061035156,65.23500061035156,552,0.0,0.0,0.0
2025-01-27 10:16:00-05:00,65.1989974975586,65.1989974975586,65.1989974975586,65.1989974975586,1211,0.0,0.0,0.0
2025-01-27 10:18:00-05:00,65.18000030517578,65.18000030517578,65.18000030517578,65.18000030517578,497,0.0,0.0,0.0
2025-01-27 10:21:00-05:00,65.17569732666016,65.17569732666016,65.17569732666016,65.17569732666016,193,0.0,0.0,0.0
2025-01-27 10:23:00-05:00,65.2300033569336,65.27999877929688,65.2300033569336,65.2699966430664,2676,0.0,0.0,0.0
2025-01-27 10:24:00-05:00,65.2699966430664,65.29000091552734,65.26000213623047,65.29000091552734,503,0.0,0.0,0.0
2025-01-27 10:25:00-05:00,65.31500244140625,65.31500244140625,65.31500244140625,65.31500244140625,153,0.0,0.0,0.0
2025-01-27 10:26:00-05:00,65.30500030517578,65.30500030517578,65.30000305175781,65.30000305175781,230,0.0,0.0,0.0
2025-01-27 10:27:00-05:00,65.3136978149414,65.31999969482422,65.3136978149414,65.31999969482422,459,0.0,0.0,0.0
2025-01-27 10:28:00-05:00,65.34500122070312,65.34500122070312,65.33999633789062,65.33999633789062,518,0.0,0.0,0.0
2025-01-27 10:29:00-05:00,65.3949966430664,65.41000366210938,65.38999938964844,65.38999938964844,632,0.0,0.0,0.0
2025-01-27 10:30:00-05:00,65.37999725341797,65.37999725341797,65.3550033569336,65.3550033569336,1374,0.0,0.0,0.0
2025-01-27 10:31:00-05:00,65.37000274658203,65.38999938964844,65.36000061035156,65.38999938964844,678,0.0,0.0,0.0
2025-01-27 10:32:00-05:00,65.37370300292969,65.4000015258789,65.37370300292969,65.4000015258789,587,0.0,0.0,0.0
2025-01-27 10:33:00-05:00,65.40499877929688,65.41000366210938,65.4000015258789,65.41000366210938,2700,0.0,0.0,0.0
2025-01-27 10:34:00-05:00,65.41000366210938,65.41000366210938,65.41000366210938,65.41000366210938,200,0.0,0.0,0.0
2025-01-27 10:35:00-05:00,65.41999816894531,65.43000030517578,65.37200164794922,65.4000015258789,2127,0.0,0.0,0.0
2025-01-27 10:36:00-05:00,65.4000015258789,65.4000015258789,65.38999938964844,65.38999938964844,485,0.0,0.0,0.0
2025-01-27 10:37:00-05:00,65.39600372314453,65.39600372314453,65.38999938964844,65.38999938964844,537,0.0,0.0,0.0
2025-01-27 10:38:00-05:00,65.37999725341797,65.38500213623047,65.37000274658203,65.375,3373,0.0,0.0,0.0
2025-01-27 10:39:00-05:00,65.41000366210938,65.43000030517578,65.41000366210938,65.41999816894531,1519,0.0,0.0,0.0
2025-01-27 10:40:00-05:00,65.41000366210938,65.43000030517578,65.41000366210938,65.43000030517578,2367,0.0,0.0,0.0
2025-01-27 10:41:00-05:00,65.43000030517578,65.43000030517578,65.43000030517578,65.43000030517578,100,0.0,0.0,0.0
2025-01-27 10:42:00-05:00,65.43000030517578,65.44000244140625,65.43000030517578,65.44000244140625,273,0.0,0.0,0.0
2025-01-27 10:43:00-05:00,65.4490966796875,65.4490966796875,65.41999816894531,65.41999816894531,4877,0.0,0.0,0.0
2025-01-27 10:44:00-05:00,65.42900085449219,65.42900085449219,65.42900085449219,65.42900085449219,231,0.0,0.0,0.0
2025-01-27 10:47:00-05:00,65.37899780273438,65.37999725341797,65.37000274658203,65.37000274658203,3048,0.0,0.0,0.0
2025-01-27 10:50:00-05:00,65.38500213623047,65.4000015258789,65.38500213623047,65.4000015258789,400,0.0,0.0,0.0
2025-01-27 10:51:00-05:00,65.3499984741211,65.3499984741211,65.3499984741211,65.3499984741211,103,0.0,0.0,0.0
2025-01-27 10:52:00-05:00,65.36199951171875,65.36199951171875,65.3499984741211,65.3499984741211,1101,0.0,0.0,0.0
2025-01-27 10:53:00-05:00,65.34819793701172,65.36000061035156,65.33380126953125,65.33380126953125,941,0.0,0.0,0.0
2025-01-27 10:54:00-05:00,65.3550033569336,65.3550033569336,65.3499984741211,65.3499984741211,215,0.0,0.0,0.0
2025-01-27 10:55:00-05:00,65.39009857177734,65.4000015258789,65.38999938964844,65.38999938964844,966,0.0,0.0,0.0
2025-01-27 10:56:00-05:00,65.35600280761719,65.35919952392578,65.31999969482422,65.31999969482422,9981,0.0,0.0,0.0
2025-01-27 10:58:00-05:00,65.30000305175781,65.30000305175781,65.29499816894531,65.30000305175781,1998,0.0,0.0,0.0
2025-01-27 11:00:00-05:00,65.2699966430664,65.2699966430664,65.2699966430664,65.2699966430664,100,0.0,0.0,0.0
2025-01-27 11:01:00-05:00,65.27050018310547,65.27050018310547,65.2667007446289,65.2699966430664,1652,0.0,0.0,0.0
2025-01-27 11:02:00-05:00,65.27999877929688,65.27999877929688,65.24500274658203,65.26000213623047,1015,0.0,0.0,0.0
2025-01-27 11:03:00-05:00,65.23999786376953,65.23999786376953,65.23999786376953,65.23999786376953,200,0.0,0.0,0.0
2025-01-27 11:04:00-05:00,65.23999786376953,65.23999786376953,65.23799896240234,65.23799896240234,558,0.0,0.0,0.0
2025-01-27 11:05:00-05:00,65.23999786376953,65.23999786376953,65.23999786376953,65.23999786376953,200,0.0,0.0,0.0
2025-01-27 11:06:00-05:00,65.21990203857422,65.21990203857422,65.19999694824219,65.19999694824219,5398,0.0,0.0,0.0
2025-01-27 11:07:00-05:00,65.19000244140625,65.20999908447266,65.19000244140625,65.1948013305664,957,0.0,0.0,0.0
2025-01-27 11:08:00-05:00,65.2166976928711,65.2166976928711,65.18000030517578,65.18000030517578,945,0.0,0.0,0.0
2025-01-27 11:09:00-05:00,65.16999816894531,65.16999816894531,65.16000366210938,65.16000366210938,306,0.0,0.0,0.0
2025-01-27 11:10:00-05:00,65.19000244140625,65.19999694824219,65.19000244140625,65.19999694824219,1044,0.0,0.0,0.0
2025-01-27 11:11:00-05:00,65.19000244140625,65.19000244140625,65.19000244140625,65.19000244140625,950,0.0,0.0,0.0
2025-01-27 11:14:00-05:00,65.19999694824219,65.19999694824219,65.18990325927734,65.19999694824219,6178,0.0,0.0,0.0
2025-01-27 11:15:00-05:00,65.1989974975586,65.1989974975586,65.1989974975586,65.1989974975586,213,0.0,0.0,0.0
2025-01-27 11:16:00-05:00,65.21009826660156,65.21009826660156,65.21009826660156,65.21009826660156,106,0.0,0.0,0.0
2025-01-27 11:17:00-05:00,65.20999908447266,65.20999908447266,65.20999908447266,65.20999908447266,198,0.0,0.0,0.0
2025-01-27 11:18:00-05:00,65.21089935302734,65.21499633789062,65.21089935302734,65.21499633789062,4500,0.0,0.0,0.0
2025-01-27 11:19:00-05:00,65.20999908447266,65.2300033569336,65.20999908447266,65.2300033569336,603,0.0,0.0,0.0
2025-01-27 11:20:00-05:00,65.2300033569336,65.2300033569336,65.2300033569336,65.2300033569336,304,0.0,0.0,0.0
2025-01-27 11:21:00-05:00,65.18299865722656,65.19999694824219,65.18299865722656,65.19000244140625,941,0.0,0.0,0.0
2025-01-27 11:23:00-05:00,65.16000366210938,65.16000366210938,65.1500015258789,65.1500015258789,686,0.0,0.0,0.0
2025-01-27 11:27:00-05:00,65.06999969482422,65.06999969482422,65.06999969482422,65.06999969482422,185,0.0,0.0,0.0
2025-01-27 11:29:00-05:00,65.06500244140625,65.08999633789062,65.06500244140625,65.08999633789062,238,0.0,0.0,0.0
2025-01-27 11:30:00-05:00,65.07499694824219,65.08999633789062,65.0718002319336,65.08999633789062,586,0.0,0.0,0.0
2025-01-27 11:31:00-05:00,65.0999984741211,65.0999984741211,65.08000183105469,65.08000183105469,907,0.0,0.0,0.0
2025-01-27 11:32:00-05:00,65.07779693603516,65.08999633789062,65.07779693603516,65.08999633789062,920,0.0,0.0,0.0
2025-01-27 11:33:00-05:00,65.08000183105469,65.08399963378906,65.08000183105469,65.08000183105469,746,0.0,0.0,0.0
2025-01-27 11:34:00-05:00,65.08000183105469,65.08000183105469,65.08000183105469,65.08000183105469,228,0.0,0.0,0.0
2025-01-27 11:35:00-05:00,65.0999984741211,65.0999984741211,65.0999984741211,65.0999984741211,253,0.0,0.0,0.0
2025-01-27 11:36:00-05:00,65.06999969482422,65.08000183105469,65.06999969482422,65.06999969482422,1713,0.0,0.0,0.0
2025-01-27 11:37:00-05:00,65.06999969482422,65.12999725341797,65.06500244140625,65.12999725341797,2201,0.0,0.0,0.0
2025-01-27 11:38:00-05:00,65.12000274658203,65.12000274658203,65.12000274658203,65.12000274658203,400,0.0,0.0,0.0
2025-01-27 11:39:00-05:00,65.11000061035156,65.11000061035156,65.11000061035156,65.11000061035156,105,0.0,0.0,0.0
2025-01-27 11:40:00-05:00,65.06500244140625,65.06999969482422,65.05999755859375,65.05999755859375,6287,0.0,0.0,0.0
2025-01-27 11:41:00-05:00,65.06999969482422,65.06999969482422,65.06999969482422,65.06999969482422,106,0.0,0.0,0.0
2025-01-27 11:44:00-05:00,65.08200073242188,65.10399627685547,65.06999969482422,65.0999984741211,1902,0.0,0.0,0.0
2025-01-27 11:45:00-05:00,65.0999984741211,65.0999984741211,65.0999984741211,65.0999984741211,411,0.0,0.0,0.0
2025-01-27 11:46:00-05:00,65.13999938964844,65.14009857177734,65.13999938964844,65.14009857177734,652,0.0,0.0,0.0
2025-01-27 11:47:00-05:00,65.20999908447266,65.20999908447266,65.20999908447266,65.20999908447266,1825,0.0,0.0,0.0
2025-01-27 11:48:00-05:00,65.20999908447266,65.20999908447266,65.18180084228516,65.19000244140625,723,0.0,0.0,0.0
2025-01-27 11:50:00-05:00,65.16999816894531,65.19000244140625,65.16999816894531,65.19000244140625,879,0.0,0.0,0.0
2025-01-27 11:55:00-05:00,65.08450317382812,65.08450317382812,65.08450317382812,65.08450317382812,280,0.0,0.0,0.0
2025-01-27 11:56:00-05:00,65.08999633789062,65.16999816894531,65.08999633789062,65.16000366210938,678,0.0,0.0,0.0
2025-01-27 11:57:00-05:00,65.18000030517578,65.18000030517578,65.16999816894531,65.16999816894531,200,0.0,0.0,0.0
2025-01-27 11:58:00-05:00,65.13520050048828,65.13520050048828,65.13500213623047,65.13500213623047,353,0.0,0.0,0.0
2025-01-27 11:59:00-05:00,65.12000274658203,65.12999725341797,65.12000274658203,65.12999725341797,422,0.0,0.0,0.0
2025-01-27 12:00:00-05:00,65.125,65.16000366210938,65.11000061035156,65.16000366210938,7590,0.0,0.0,0.0
2025-01-27 12:01:00-05:00,65.16999816894531,65.16999816894531,65.16999816894531,65.16999816894531,150,0.0,0.0,0.0
2025-01-27 12:02:00-05:00,65.16999816894531,65.16999816894531,65.16999816894531,65.16999816894531,104,0.0,0.0,0.0
2025-01-27 12:04:00-05:00,65.21009826660156,65.21009826660156,65.20480346679688,65.20480346679688,1865,0.0,0.0,0.0
2025-01-27 12:05:00-05:00,65.19999694824219,65.19999694824219,65.16500091552734,65.17500305175781,400,0.0,0.0,0.0
2025-01-27 12:06:00-05:00,65.16999816894531,65.19999694824219,65.15899658203125,65.19999694824219,1089,0.0,0.0,0.0
2025-01-27 12:07:00-05:00,65.18000030517578,65.1897964477539,65.18000030517578,65.1897964477539,731,0.0,0.0,0.0
2025-01-27 12:08:00-05:00,65.12000274658203,65.12999725341797,65.12000274658203,65.12999725341797,477,0.0,0.0,0.0
2025-01-27 12:09:00-05:00,65.12999725341797,65.12999725341797,65.12999725341797,65.12999725341797,180,0.0,0.0,0.0
2025-01-27 12:11:00-05:00,65.16000366210938,65.16000366210938,65.1500015258789,65.1500015258789,300,0.0,0.0,0.0
2025-01-27 12:12:00-05:00,65.12359619140625,65.13500213623047,65.12359619140625,65.13500213623047,4638,0.0,0.0,0.0
2025-01-27 12:14:00-05:00,65.16000366210938,65.16000366210938,65.16000366210938,65.16000366210938,100,0.0,0.0,0.0
2025-01-27 12:15:00-05:00,65.16500091552734,65.16999816894531,65.16000366210938,65.16999816894531,1200,0.0,0.0,0.0
2025-01-27 12:16:00-05:00,65.19999694824219,65.19999694824219,65.16999816894531,65.16999816894531,1456,0.0,0.0,0.0
2025-01-27 12:17:00-05:00,65.13999938964844,65.13999938964844,65.13999938964844,65.13999938964844,100,0.0,0.0,0.0
2025-01-27 12:18:00-05:00,65.1449966430664,65.16000366210938,65.14089965820312,65.16000366210938,660,0.0,0.0,0.0
2025-01-27 12:19:00-05:00,65.13999938964844,65.13999938964844,65.12259674072266,65.12999725341797,5082,0.0,0.0,0.0
2025-01-27 12:20:00-05:00,65.12999725341797,65.12999725341797,65.12000274658203,65.12000274658203,485,0.0,0.0,0.0
2025-01-27 12:21:00-05:00,65.09500122070312,65.09500122070312,65.08999633789062,65.08999633789062,200,0.0,0.0,0.0
2025-01-27 12:22:00-05:00,65.08999633789062,65.10990142822266,65.08999633789062,65.10990142822266,1646,0.0,0.0,0.0
2025-01-27 12:23:00-05:00,65.12010192871094,65.12010192871094,65.12000274658203,65.12000274658203,3797,0.0,0.0,0.0
2025-01-27 12:24:00-05:00,65.12999725341797,65.12999725341797,65.12999725341797,65.12999725341797,303,0.0,0.0,0.0
2025-01-27 12:26:00-05:00,65.12000274658203,65.12000274658203,65.12000274658203,65.12000274658203,232,0.0,0.0,0.0
2025-01-27 12:27:00-05:00,65.19129943847656,65.20999908447266,65.19129943847656,65.20999908447266,5903,0.0,0.0,0.0
2025-01-27 12:28:00-05:00,65.2300033569336,65.25,65.22000122070312,65.22000122070312,5816,0.0,0.0,0.0
2025-01-27 12:29:00-05:00,65.2197036743164,65.2197036743164,65.2197036743164,65.2197036743164,353,0.0,0.0,0.0
2025-01-27 12:30:00-05:00,65.19999694824219,65.2052993774414,65.19010162353516,65.2052993774414,647,0.0,0.0,0.0
2025-01-27 12:31:00-05:00,65.19999694824219,65.19999694824219,65.19999694824219,65.19999694824219,149,0.0,0.0,0.0
2025-01-27 12:33:00-05:00,65.23999786376953,65.25,65.23999786376953,65.25,375,0.0,0.0,0.0
2025-01-27 12:34:00-05:00,65.2300033569336,65.25,65.2300033569336,65.25,402,0.0,0.0,0.0
2025-01-27 12:35:00-05:00,65.2500991821289,65.2500991821289,65.2500991821289,65.2500991821289,158,0.0,0.0,0.0
2025-01-27 12:36:00-05:00,65.25499725341797,65.2699966430664,65.25499725341797,65.2699966430664,324,0.0,0.0,0.0
2025-01-27 12:37:00-05:00,65.25,65.25,65.23999786376953,65.23999786376953,476,0.0,0.0,0.0
2025-01-27 12:39:00-05:00,65.22000122070312,65.22000122070312,65.22000122070312,65.22000122070312,100,0.0,0.0,0.0
2025-01-27 12:40:00-05:00,65.21199798583984,65.21199798583984,65.19999694824219,65.19999694824219,408,0.0,0.0,0.0
2025-01-27 12:42:00-05:00,65.20999908447266,65.21170043945312,65.2020034790039,65.21170043945312,1852,0.0,0.0,0.0
2025-01-27 12:43:00-05:00,65.20999908447266,65.20999908447266,65.20999908447266,65.20999908447266,405,0.0,0.0,0.0
2025-01-27 12:44:00-05:00,65.18479919433594,65.18479919433594,65.18479919433594,65.18479919433594,122,0.0,0.0,0.0
2025-01-27 12:45:00-05:00,65.20999908447266,65.20999908447266,65.1708984375,65.1708984375,4121,0.0,0.0,0.0
2025-01-27 12:46:00-05:00,65.18000030517578,65.18000030517578,65.16000366210938,65.16000366210938,532,0.0,0.0,0.0
2025-01-27 12:47:00-05:00,65.16000366210938,65.16000366210938,65.14360046386719,65.14450073242188,1315,0.0,0.0,0.0
2025-01-27 12:50:00-05:00,65.0999984741211,65.0999984741211,65.0999984741211,65.0999984741211,131,0.0,0.0,0.0
2025-01-27 12:52:00-05:00,65.0687026977539,65.06999969482422,65.0687026977539,65.06999969482422,876,0.0,0.0,0.0
2025-01-27 12:53:00-05:00,65.05500030517578,65.05500030517578,65.05500030517578,65.05500030517578,100,0.0,0.0,0.0
2025-01-27 12:54:00-05:00,65.05999755859375,65.08000183105469,65.05999755859375,65.06999969482422,883,0.0,0.0,0.0
2025-01-27 12:56:00-05:00,65.03910064697266,65.03910064697266,65.03910064697266,65.03910064697266,190,0.0,0.0,0.0
2025-01-27 12:57:00-05:00,65.02999877929688,65.02999877929688,65.02999877929688,65.02999877929688,100,0.0,0.0,0.0
2025-01-27 12:58:00-05:00,65.03900146484375,65.04000091552734,65.03900146484375,65.04000091552734,429,0.0,0.0,0.0
2025-01-27 12:59:00-05:00,65.05000305175781,65.05000305175781,65.0199966430664,65.0250015258789,1644,0.0,0.0,0.0
2025-01-27 13:00:00-05:00,65.02999877929688,65.02999877929688,65.02999877929688,65.02999877929688,500,0.0,0.0,0.0
2025-01-27 13:01:00-05:00,65.02179718017578,65.04000091552734,65.02179718017578,65.04000091552734,992,0.0,0.0,0.0
2025-01-27 13:02:00-05:00,65.05000305175781,65.05999755859375,65.05000305175781,65.05999755859375,430,0.0,0.0,0.0
2025-01-27 13:05:00-05:00,65.06999969482422,65.08999633789062,65.06999969482422,65.08989715576172,775,0.0,0.0,0.0
2025-01-27 13:06:00-05:00,65.05999755859375,65.05999755859375,65.05000305175781,65.05000305175781,3650,0.0,0.0,0.0
2025-01-27 13:07:00-05:00,65.05000305175781,65.05000305175781,65.05000305175781,65.05000305175781,138,0.0,0.0,0.0
2025-01-27 13:09:00-05:00,65.05999755859375,65.05999755859375,65.05000305175781,65.05000305175781,1602,0.0,0.0,0.0
2025-01-27 13:10:00-05:00,65.0458984375,65.06999969482422,65.0458984375,65.06999969482422,773,0.0,0.0,0.0
2025-01-27 13:11:00-05:00,65.04000091552734,65.04000091552734,65.04000091552734,65.04000091552734,830,0.0,0.0,0.0
2025-01-27 13:12:00-05:00,65.05999755859375,65.05999755859375,65.05999755859375,65.05999755859375,170,0.0,0.0,0.0
2025-01-27 13:13:00-05:00,65.03900146484375,65.03900146484375,65.03900146484375,65.03900146484375,422,0.0,0.0,0.0
2025-01-27 13:16:00-05:00,65.05000305175781,65.06999969482422,65.05000305175781,65.06909942626953,5154,0.0,0.0,0.0
2025-01-27 13:17:00-05:00,65.06999969482422,65.06999969482422,65.05899810791016,65.05999755859375,2129,0.0,0.0,0.0
2025-01-27 13:18:00-05:00,65.05000305175781,65.05000305175781,65.05000305175781,65.05000305175781,102,0.0,0.0,0.0
2025-01-27 13:19:00-05:00,65.01000213623047,65.03790283203125,65.01000213623047,65.03600311279297,2445,0.0,0.0,0.0
2025-01-27 13:20:00-05:00,65.04000091552734,65.04000091552734,65.04000091552734,65.04000091552734,100,0.0,0.0,0.0
2025-01-27 13:21:00-05:00,65.04519653320312,65.04519653320312,65.02999877929688,65.02999877929688,1061,0.0,0.0,0.0
2025-01-27 13:22:00-05:00,65.04000091552734,65.04000091552734,65.04000091552734,65.04000091552734,100,0.0,0.0,0.0
2025-01-27 13:23:00-05:00,65.04000091552734,65.05999755859375,65.04000091552734,65.05999755859375,395,0.0,0.0,0.0
2025-01-27 13:24:00-05:00,65.0250015258789,65.0250015258789,65.01000213623047,65.01000213623047,300,0.0,0.0,0.0
2025-01-27 13:25:00-05:00,65.0238037109375,65.0238037109375,65.0238037109375,65.0238037109375,246,0.0,0.0,0.0
2025-01-27 13:26:00-05:00,65.0250015258789,65.0250015258789,65.01499938964844,65.01499938964844,1404,0.0,0.0,0.0
2025-01-27 13:27:00-05:00,65.01000213623047,65.01000213623047,65.01000213623047,65.01000213623047,178,0.0,0.0,0.0
2025-01-27 13:28:00-05:00,65.0,65.0,65.0,65.0,105,0.0,0.0,0.0
2025-01-27 13:29:00-05:00,64.98999786376953,64.9990005493164,64.98999786376953,64.99500274658203,905,0.0,0.0,0.0
2025-01-27 13:30:00-05:00,64.99600219726562,65.0199966430664,64.99600219726562,65.0199966430664,1140,0.0,0.0,0.0
2025-01-27 13:31:00-05:00,65.02999877929688,65.08999633789062,65.02999877929688,65.08000183105469,5577,0.0,0.0,0.0
2025-01-27 13:32:00-05:00,65.06009674072266,65.06009674072266,65.05999755859375,65.05999755859375,874,0.0,0.0,0.0
2025-01-27 13:33:00-05:00,65.08999633789062,65.0999984741211,65.08000183105469,65.0999984741211,741,0.0,0.0,0.0
2025-01-27 13:35:00-05:00,65.1050033569336,65.11000061035156,65.1050033569336,65.11000061035156,550,0.0,0.0,0.0
2025-01-27 13:36:00-05:00,65.13999938964844,65.13999938964844,65.0999984741211,65.0999984741211,231,0.0,0.0,0.0
2025-01-27 13:38:00-05:00,65.05000305175781,65.05000305175781,65.04000091552734,65.04000091552734,484,0.0,0.0,0.0
2025-01-27 13:39:00-05:00,65.04630279541016,65.04630279541016,65.04630279541016,65.04630279541016,311,0.0,0.0,0.0
2025-01-27 13:40:00-05:00,65.06999969482422,65.06999969482422,65.06999969482422,65.06999969482422,104,0.0,0.0,0.0
2025-01-27 13:41:00-05:00,65.0999984741211,65.0999984741211,65.0999984741211,65.0999984741211,136,0.0,0.0,0.0
2025-01-27 13:42:00-05:00,65.11000061035156,65.11000061035156,65.11000061035156,65.11000061035156,200,0.0,0.0,0.0
2025-01-27 13:43:00-05:00,65.12000274658203,65.13520050048828,65.12000274658203,65.12999725341797,1493,0.0,0.0,0.0
2025-01-27 13:44:00-05:00,65.12200164794922,65.12200164794922,65.11000061035156,65.11000061035156,364,0.0,0.0,0.0
2025-01-27 13:45:00-05:00,65.0999984741211,65.0999984741211,65.0999984741211,65.0999984741211,127,0.0,0.0,0.0
2025-01-27 13:46:00-05:00,65.08999633789062,65.08999633789062,65.08999633789062,65.08999633789062,113,0.0,0.0,0.0
2025-01-27 13:48:00-05:00,65.0999984741211,65.0999984741211,65.07599639892578,65.07599639892578,356,0.0,0.0,0.0
2025-01-27 13:49:00-05:00,65.06999969482422,65.06999969482422,65.06999969482422,65.06999969482422,131,0.0,0.0,0.0
2025-01-27 13:50:00-05:00,65.07659912109375,65.07659912109375,65.07659912109375,65.07659912109375,128,0.0,0.0,0.0
2025-01-27 13:53:00-05:00,65.10089874267578,65.10089874267578,65.0999984741211,65.0999984741211,777,0.0,0.0,0.0
2025-01-27 13:55:00-05:00,65.07499694824219,65.07499694824219,65.07499694824219,65.07499694824219,100,0.0,0.0,0.0
2025-01-27 13:56:00-05:00,65.0573501586914,65.0573501586914,65.05000305175781,65.05000305175781,366,0.0,0.0,0.0
2025-01-27 13:57:00-05:00,65.033203125,65.033203125,65.033203125,65.033203125,869,0.0,0.0,0.0
2025-01-27 13:58:00-05:00,65.04499816894531,65.04499816894531,65.04499816894531,65.04499816894531,115,0.0,0.0,0.0
2025-01-27 13:59:00-05:00,65.05000305175781,65.05000305175781,65.04000091552734,65.04000091552734,228,0.0,0.0,0.0
2025-01-27 14:00:00-05:00,65.05999755859375,65.05999755859375,65.05999755859375,65.05999755859375,100,0.0,0.0,0.0
2025-01-27 14:01:00-05:00,65.06999969482422,65.08999633789062,65.06999969482422,65.08999633789062,200,0.0,0.0,0.0
2025-01-27 14:02:00-05:00,65.08499908447266,65.0999984741211,65.08000183105469,65.0999984741211,300,0.0,0.0,0.0
2025-01-27 14:03:00-05:00,65.11000061035156,65.12999725341797,65.11000061035156,65.12999725341797,204,0.0,0.0,0.0
2025-01-27 14:04:00-05:00,65.11000061035156,65.11000061035156,65.11000061035156,65.11000061035156,100,0.0,0.0,0.0
2025-01-27 14:05:00-05:00,65.08000183105469,65.08000183105469,65.08000183105469,65.08000183105469,100,0.0,0.0,0.0
2025-01-27 14:06:00-05:00,65.0698013305664,65.07599639892578,65.0698013305664,65.06999969482422,2049,0.0,0.0,0.0
2025-01-27 14:08:00-05:00,65.09400177001953,65.09400177001953,65.08999633789062,65.08999633789062,358,0.0,0.0,0.0
2025-01-27 14:09:00-05:00,65.08529663085938,65.08529663085938,65.06990051269531,65.06990051269531,884,0.0,0.0,0.0
2025-01-27 14:10:00-05:00,65.06999969482422,65.06999969482422,65.06999969482422,65.06999969482422,104,0.0,0.0,0.0
2025-01-27 14:11:00-05:00,65.11900329589844,65.12000274658203,65.11000061035156,65.11000061035156,2142,0.0,0.0,0.0
2025-01-27 14:13:00-05:00,65.11000061035156,65.11000061035156,65.11000061035156,65.11000061035156,147,0.0,0.0,0.0
2025-01-27 14:15:00-05:00,65.09919738769531,65.11000061035156,65.08999633789062,65.11000061035156,4908,0.0,0.0,0.0
2025-01-27 14:16:00-05:00,65.12999725341797,65.13999938964844,65.12999725341797,65.13999938964844,1300,0.0,0.0,0.0
2025-01-27 14:17:00-05:00,65.13999938964844,65.13999938964844,65.13899993896484,65.13899993896484,678,0.0,0.0,0.0
2025-01-27 14:18:00-05:00,65.14900207519531,65.14900207519531,65.14900207519531,65.14900207519531,314,0.0,0.0,0.0
2025-01-27 14:19:00-05:00,65.15499877929688,65.18000030517578,65.15499877929688,65.18000030517578,695,0.0,0.0,0.0
2025-01-27 14:20:00-05:00,65.16600036621094,65.16600036621094,65.16600036621094,65.16600036621094,990,0.0,0.0,0.0
2025-01-27 14:21:00-05:00,65.19499969482422,65.19499969482422,65.16999816894531,65.16999816894531,925,0.0,0.0,0.0
2025-01-27 14:22:00-05:00,65.18000030517578,65.18000030517578,65.18000030517578,65.18000030517578,792,0.0,0.0,0.0
2025-01-27 14:24:00-05:00,65.19499969482422,65.19499969482422,65.19499969482422,65.19499969482422,261,0.0,0.0,0.0
2025-01-27 14:25:00-05:00,65.20999908447266,65.23999786376953,65.20999908447266,65.2300033569336,1688,0.0,0.0,0.0
2025-01-27 14:27:00-05:00,65.28500366210938,65.28500366210938,65.27999877929688,65.27999877929688,1637,0.0,0.0,0.0
2025-01-27 14:28:00-05:00,65.30000305175781,65.30000305175781,65.30000305175781,65.30000305175781,567,0.0,0.0,0.0
2025-01-27 14:29:00-05:00,65.31999969482422,65.32499694824219,65.31500244140625,65.31500244140625,1696,0.0,0.0,0.0
2025-01-27 14:30:00-05:00,65.29000091552734,65.29000091552734,65.2699966430664,65.2699966430664,2217,0.0,0.0,0.0
2025-01-27 14:31:00-05:00,65.26000213623047,65.2699966430664,65.2300033569336,65.26499938964844,1304,0.0,0.0,0.0
2025-01-27 14:32:00-05:00,65.25039672851562,65.27999877929688,65.25039672851562,65.2750015258789,7200,0.0,0.0,0.0
2025-01-27 14:33:00-05:00,65.2699966430664,65.29499816894531,65.2699966430664,65.27999877929688,5072,0.0,0.0,0.0
2025-01-27 14:34:00-05:00,65.25,65.26499938964844,65.23999786376953,65.26499938964844,3300,0.0,0.0,0.0
2025-01-27 14:35:00-05:00,65.26000213623047,65.26000213623047,65.26000213623047,65.26000213623047,200,0.0,0.0,0.0
2025-01-27 14:36:00-05:00,65.2699966430664,65.2699966430664,65.26000213623047,65.26000213623047,745,0.0,0.0,0.0
2025-01-27 14:38:00-05:00,65.19999694824219,65.20999908447266,65.19000244140625,65.19000244140625,430,0.0,0.0,0.0
2025-01-27 14:39:00-05:00,65.2300033569336,65.23999786376953,65.2300033569336,65.23999786376953,358,0.0,0.0,0.0
2025-01-27 14:40:00-05:00,65.23159790039062,65.23159790039062,65.23159790039062,65.23159790039062,105,0.0,0.0,0.0
2025-01-27 14:41:00-05:00,65.2300033569336,65.2300033569336,65.2300033569336,65.2300033569336,200,0.0,0.0,0.0
2025-01-27 14:43:00-05:00,65.17990112304688,65.17990112304688,65.17990112304688,65.17990112304688,376,0.0,0.0,0.0
2025-01-27 14:44:00-05:00,65.16010284423828,65.17500305175781,65.16010284423828,65.16999816894531,5837,0.0,0.0,0.0
2025-01-27 14:45:00-05:00,65.15499877929688,65.15499877929688,65.1500015258789,65.15499877929688,776,0.0,0.0,0.0
2025-01-27 14:46:00-05:00,65.12000274658203,65.12999725341797,65.12000274658203,65.12999725341797,310,0.0,0.0,0.0
2025-01-27 14:47:00-05:00,65.1050033569336,65.11000061035156,65.0999984741211,65.0999984741211,594,0.0,0.0,0.0
2025-01-27 14:48:00-05:00,65.07990264892578,65.07990264892578,65.07499694824219,65.07499694824219,431,0.0,0.0,0.0
2025-01-27 14:50:00-05:00,65.01000213623047,65.01000213623047,65.01000213623047,65.01000213623047,444,0.0,0.0,0.0
2025-01-27 14:51:00-05:00,65.01709747314453,65.01709747314453,65.01709747314453,65.01709747314453,971,0.0,0.0,0.0
2025-01-27 14:52:00-05:00,65.02999877929688,65.02999877929688,65.02999877929688,65.02999877929688,287,0.0,0.0,0.0
2025-01-27 14:53:00-05:00,65.05000305175781,65.05000305175781,65.05000305175781,65.05000305175781,111,0.0,0.0,0.0
2025-01-27 14:54:00-05:00,65.0551986694336,65.06999969482422,65.0551986694336,65.06999969482422,573,0.0,0.0,0.0
2025-01-27 14:55:00-05:00,65.04399871826172,65.05000305175781,65.04399871826172,65.0447998046875,1988,0.0,0.0,0.0
2025-01-27 14:56:00-05:00,65.04000091552734,65.04000091552734,65.03520202636719,65.03520202636719,266,0.0,0.0,0.0
2025-01-27 14:57:00-05:00,65.05000305175781,65.08999633789062,65.05000305175781,65.08499908447266,816,0.0,0.0,0.0
2025-01-27 14:58:00-05:00,65.0999984741211,65.0999984741211,65.0999984741211,65.0999984741211,183,0.0,0.0,0.0
2025-01-27 14:59:00-05:00,65.06990051269531,65.06999969482422,65.06990051269531,65.06999969482422,887,0.0,0.0,0.0
2025-01-27 15:01:00-05:00,65.0999984741211,65.0999984741211,65.0999984741211,65.0999984741211,347,0.0,0.0,0.0
2025-01-27 15:02:00-05:00,65.125,65.125,65.12000274658203,65.12000274658203,763,0.0,0.0,0.0
2025-01-27 15:04:00-05:00,65.11519622802734,65.11519622802734,65.10600280761719,65.10600280761719,1246,0.0,0.0,0.0
2025-01-27 15:05:00-05:00,65.0999984741211,65.0999984741211,65.05999755859375,65.05999755859375,582,0.0,0.0,0.0
2025-01-27 15:06:00-05:00,65.05999755859375,65.05999755859375,65.04000091552734,65.04000091552734,3780,0.0,0.0,0.0
2025-01-27 15:07:00-05:00,65.02999877929688,65.02999877929688,65.02999877929688,65.02999877929688,566,0.0,0.0,0.0
2025-01-27 15:08:00-05:00,65.12000274658203,65.12000274658203,65.05000305175781,65.12000274658203,302916,0.0,0.0,0.0
2025-01-27 15:09:00-05:00,65.0999984741211,65.0999984741211,65.0999984741211,65.0999984741211,284,0.0,0.0,0.0
2025-01-27 15:10:00-05:00,65.12000274658203,65.12000274658203,65.10389709472656,65.1135025024414,3431,0.0,0.0,0.0
2025-01-27 15:11:00-05:00,65.1050033569336,65.12999725341797,65.0999984741211,65.0999984741211,412,0.0,0.0,0.0
2025-01-27 15:12:00-05:00,65.0999984741211,65.13999938964844,65.08999633789062,65.13999938964844,5444,0.0,0.0,0.0
2025-01-27 15:13:00-05:00,65.12999725341797,65.12999725341797,65.12999725341797,65.12999725341797,116,0.0,0.0,0.0
2025-01-27 15:14:00-05:00,65.09500122070312,65.09500122070312,65.08999633789062,65.08999633789062,2720,0.0,0.0,0.0
2025-01-27 15:16:00-05:00,65.0999984741211,65.11000061035156,65.0999984741211,65.11000061035156,370,0.0,0.0,0.0
2025-01-27 15:17:00-05:00,65.09420013427734,65.09500122070312,65.08999633789062,65.08999633789062,658,0.0,0.0,0.0
2025-01-27 15:19:00-05:00,65.1500015258789,65.1500015258789,65.13999938964844,65.13999938964844,1761,0.0,0.0,0.0
2025-01-27 15:20:00-05:00,65.13999938964844,65.13999938964844,65.13999938964844,65.13999938964844,100,0.0,0.0,0.0
2025-01-27 15:21:00-05:00,65.15499877929688,65.15499877929688,65.1500015258789,65.1500015258789,1161,0.0,0.0,0.0
2025-01-27 15:23:00-05:00,65.15599822998047,65.16000366210938,65.15599822998047,65.16000366210938,608,0.0,0.0,0.0
2025-01-27 15:25:00-05:00,65.17500305175781,65.19000244140625,65.1449966430664,65.19000244140625,3187,0.0,0.0,0.0
2025-01-27 15:26:00-05:00,65.19000244140625,65.19000244140625,65.19000244140625,65.19000244140625,181,0.0,0.0,0.0
2025-01-27 15:27:00-05:00,65.20999908447266,65.21790313720703,65.19519805908203,65.19519805908203,1465,0.0,0.0,0.0
2025-01-27 15:28:00-05:00,65.1500015258789,65.1500015258789,65.13591003417969,65.13591003417969,502,0.0,0.0,0.0
2025-01-27 15:29:00-05:00,65.1500015258789,65.1500015258789,65.12999725341797,65.12999725341797,872,0.0,0.0,0.0
2025-01-27 15:30:00-05:00,65.1500015258789,65.16000366210938,65.1500015258789,65.15499877929688,970,0.0,0.0,0.0
2025-01-27 15:31:00-05:00,65.15989685058594,65.17500305175781,65.15499877929688,65.17500305175781,3505,0.0,0.0,0.0
2025-01-27 15:32:00-05:00,65.1500015258789,65.1500015258789,65.13500213623047,65.13500213623047,1215,0.0,0.0,0.0
2025-01-27 15:33:00-05:00,65.12000274658203,65.12999725341797,65.10479736328125,65.12000274658203,332995,0.0,0.0,0.0
2025-01-27 15:34:00-05:00,65.12999725341797,65.13009643554688,65.12999725341797,65.12999725341797,305,0.0,0.0,0.0
2025-01-27 15:35:00-05:00,65.13999938964844,65.1500015258789,65.12989807128906,65.14859771728516,3682,0.0,0.0,0.0
2025-01-27 15:36:00-05:00,65.16000366210938,65.19000244140625,65.1500015258789,65.19000244140625,558,0.0,0.0,0.0
2025-01-27 15:37:00-05:00,65.19000244140625,65.19000244140625,65.18840026855469,65.18840026855469,1327,0.0,0.0,0.0
2025-01-27 15:38:00-05:00,65.15989685058594,65.18000030517578,65.15989685058594,65.18000030517578,5169,0.0,0.0,0.0
2025-01-27 15:39:00-05:00,65.20500183105469,65.20500183105469,65.19999694824219,65.19999694824219,440,0.0,0.0,0.0
2025-01-27 15:40:00-05:00,65.20500183105469,65.20500183105469,65.19000244140625,65.19000244140625,1530,0.0,0.0,0.0
2025-01-27 15:42:00-05:00,65.22000122070312,65.22000122070312,65.22000122070312,65.22000122070312,368,0.0,0.0,0.0
2025-01-27 15:43:00-05:00,65.20999908447266,65.23999786376953,65.20999908447266,65.23999786376953,400,0.0,0.0,0.0
2025-01-27 15:45:00-05:00,65.23999786376953,65.25,65.23999786376953,65.25,748,0.0,0.0,0.0
2025-01-27 15:46:00-05:00,65.26499938964844,65.26499938964844,65.26499938964844,65.26499938964844,390,0.0,0.0,0.0
2025-01-27 15:47:00-05:00,65.25,65.25,65.22000122070312,65.2249984741211,4590,0.0,0.0,0.0
2025-01-27 15:48:00-05:00,65.25,65.25,65.23999786376953,65.23999786376953,437,0.0,0.0,0.0
2025-01-27 15:49:00-05:00,65.22000122070312,65.22000122070312,65.18000030517578,65.18000030517578,494,0.0,0.0,0.0
2025-01-27 15:50:00-05:00,65.22000122070312,65.25,65.20999908447266,65.23999786376953,1904,0.0,0.0,0.0
2025-01-27 15:52:00-05:00,65.20999908447266,65.20999908447266,65.18009948730469,65.19000244140625,1599,0.0,0.0,0.0
2025-01-27 15:53:00-05:00,65.18000030517578,65.18000030517578,65.16000366210938,65.16000366210938,200,0.0,0.0,0.0
2025-01-27 15:54:00-05:00,65.16000366210938,65.18499755859375,65.16000366210938,65.18000030517578,2282,0.0,0.0,0.0
2025-01-27 15:55:00-05:00,65.20999908447266,65.26000213623047,65.20999908447266,65.26000213623047,3328,0.0,0.0,0.0
2025-01-27 15:56:00-05:00,65.2699966430664,65.2699966430664,65.2699966430664,65.2699966430664,158,0.0,0.0,0.0
2025-01-27 15:57:00-05:00,65.2750015258789,65.31500244140625,65.2750015258789,65.30999755859375,922,0.0,0.0,0.0
2025-01-27 15:58:00-05:00,65.30999755859375,65.33000183105469,65.30000305175781,65.30999755859375,6366,0.0,0.0,0.0
2025-01-27 15:59:00-05:00,65.33000183105469,65.3499984741211,65.33000183105469,65.3499984741211,946,0.0,0.0,0.0
2025-01-28 09:30:00-05:00,65.44999694824219,65.44999694824219,65.44999694824219,65.44999694824219,0,0.0,0.0,0.0
2025-01-28 09:32:00-05:00,65.37999725341797,65.37999725341797,65.36160278320312,65.37999725341797,755,0.0,0.0,0.0
2025-01-28 09:33:00-05:00,65.4000015258789,65.4000015258789,65.4000015258789,65.4000015258789,190,0.0,0.0,0.0
2025-01-28 09:35:00-05:00,65.33399963378906,65.33399963378906,65.33399963378906,65.33399963378906,229,0.0,0.0,0.0
2025-01-28 09:36:00-05:00,65.35990142822266,65.35990142822266,65.35990142822266,65.35990142822266,8092,0.0,0.0,0.0
2025-01-28 09:37:00-05:00,65.30999755859375,65.30999755859375,65.28500366210938,65.28500366210938,1785,0.0,0.0,0.0
2025-01-28 09:39:00-05:00,65.33760070800781,65.33760070800781,65.33760070800781,65.33760070800781,122,0.0,0.0,0.0
2025-01-28 09:40:00-05:00,65.33999633789062,65.33999633789062,65.33999633789062,65.33999633789062,119,0.0,0.0,0.0
2025-01-28 09:42:00-05:00,65.2699966430664,65.29000091552734,65.2699966430664,65.29000091552734,662,0.0,0.0,0.0
2025-01-28 09:43:00-05:00,65.27999877929688,65.27999877929688,65.27999877929688,65.27999877929688,445,0.0,0.0,0.0
2025-01-28 09:45:00-05:00,65.29000091552734,65.29000091552734,65.29000091552734,65.29000091552734,200,0.0,0.0,0.0
2025-01-28 09:46:00-05:00,65.25,65.25,65.23999786376953,65.23999786376953,420,0.0,0.0,0.0
2025-01-28 09:49:00-05:00,65.19999694824219,65.19999694824219,65.19999694824219,65.19999694824219,161,0.0,0.0,0.0
2025-01-28 09:54:00-05:00,65.26899719238281,65.26899719238281,65.23999786376953,65.24929809570312,648,0.0,0.0,0.0
2025-01-28 09:55:00-05:00,65.29570007324219,65.30000305175781,65.28720092773438,65.28720092773438,4359,0.0,0.0,0.0
2025-01-28 10:00:00-05:00,65.36000061035156,65.36499786376953,65.36000061035156,65.36499786376953,292,0.0,0.0,0.0
2025-01-28 10:03:00-05:00,65.44999694824219,65.44999694824219,65.44999694824219,65.44999694824219,244,0.0,0.0,0.0
2025-01-28 10:08:00-05:00,65.45999908447266,65.45999908447266,65.45999908447266,65.45999908447266,206,0.0,0.0,0.0
2025-01-28 10:10:00-05:00,65.4656982421875,65.4656982421875,65.44999694824219,65.44999694824219,932,0.0,0.0,0.0
2025-01-28 10:11:00-05:00,65.47260284423828,65.47260284423828,65.45999908447266,65.45999908447266,360,0.0,0.0,0.0
2025-01-28 10:12:00-05:00,65.51000213623047,65.51000213623047,65.51000213623047,65.51000213623047,100,0.0,0.0,0.0
2025-01-28 10:14:00-05:00,65.54209899902344,65.5551986694336,65.54000091552734,65.5551986694336,2251,0.0,0.0,0.0
2025-01-28 10:16:00-05:00,65.54499816894531,65.5613021850586,65.54499816894531,65.5613021850586,215,0.0,0.0,0.0
2025-01-28 10:17:00-05:00,65.55000305175781,65.55000305175781,65.55000305175781,65.55000305175781,118,0.0,0.0,0.0
2025-01-28 10:18:00-05:00,65.55500030517578,65.56050109863281,65.54000091552734,65.55999755859375,686,0.0,0.0,0.0
2025-01-28 10:19:00-05:00,65.5541000366211,65.5541000366211,65.5541000366211,65.5541000366211,236,0.0,0.0,0.0
2025-01-28 10:21:00-05:00,65.58319854736328,65.58319854736328,65.58319854736328,65.58319854736328,343,0.0,0.0,0.0
2025-01-28 10:22:00-05:00,65.58999633789062,65.58999633789062,65.58000183105469,65.58000183105469,743,0.0,0.0,0.0
2025-01-28 10:25:00-05:00,65.66999816894531,65.66999816894531,65.66999816894531,65.66999816894531,328,0.0,0.0,0.0
2025-01-28 10:26:00-05:00,65.69429779052734,65.70800018310547,65.68499755859375,65.70800018310547,999,0.0,0.0,0.0
2025-01-28 10:27:00-05:00,65.7300033569336,65.7300033569336,65.70999908447266,65.7300033569336,519,0.0,0.0,0.0
2025-01-28 10:29:00-05:00,65.72000122070312,65.72000122070312,65.72000122070312,65.72000122070312,710,0.0,0.0,0.0
2025-01-28 10:30:00-05:00,65.72260284423828,65.72260284423828,65.72260284423828,65.72260284423828,255,0.0,0.0,0.0
2025-01-28 10:34:00-05:00,65.68000030517578,65.68000030517578,65.66000366210938,65.66000366210938,310,0.0,0.0,0.0
2025-01-28 10:35:00-05:00,65.66000366210938,65.66000366210938,65.65499877929688,65.65499877929688,221,0.0,0.0,0.0
2025-01-28 10:36:00-05:00,65.66000366210938,65.66000366210938,65.66000366210938,65.66000366210938,100,0.0,0.0,0.0
2025-01-28 10:37:00-05:00,65.66999816894531,65.70279693603516,65.66999816894531,65.70279693603516,306,0.0,0.0,0.0
2025-01-28 10:40:00-05:00,65.71199798583984,65.71600341796875,65.70999908447266,65.70999908447266,937,0.0,0.0,0.0
2025-01-28 10:43:00-05:00,65.69000244140625,65.69509887695312,65.69000244140625,65.69000244140625,300,0.0,0.0,0.0
2025-01-28 10:44:00-05:00,65.70899963378906,65.70899963378906,65.70670318603516,65.70670318603516,540,0.0,0.0,0.0
2025-01-28 10:45:00-05:00,65.68000030517578,65.68499755859375,65.68000030517578,65.68499755859375,241,0.0,0.0,0.0
2025-01-28 10:46:00-05:00,65.68000030517578,65.7020034790039,65.68000030517578,65.7020034790039,300,0.0,0.0,0.0
2025-01-28 10:47:00-05:00,65.69999694824219,65.69999694824219,65.69999694824219,65.69999694824219,334,0.0,0.0,0.0
2025-01-28 10:49:00-05:00,65.7300033569336,65.7300033569336,65.7300033569336,65.7300033569336,328,0.0,0.0,0.0
2025-01-28 10:54:00-05:00,65.71990203857422,65.71990203857422,65.71990203857422,65.71990203857422,572,0.0,0.0,0.0
2025-01-28 10:56:00-05:00,65.75,65.75,65.75,65.75,365,0.0,0.0,0.0
2025-01-28 10:58:00-05:00,65.76000213623047,65.76000213623047,65.76000213623047,65.76000213623047,100,0.0,0.0,0.0
2025-01-28 10:59:00-05:00,65.77890014648438,65.77999877929688,65.7699966430664,65.77050018310547,735,0.0,0.0,0.0
2025-01-28 11:01:00-05:00,65.79399871826172,65.79399871826172,65.7699966430664,65.7699966430664,653,0.0,0.0,0.0
2025-01-28 11:02:00-05:00,65.73999786376953,65.73999786376953,65.73999786376953,65.73999786376953,207,0.0,0.0,0.0
2025-01-28 11:04:00-05:00,65.77999877929688,65.77999877929688,65.7750015258789,65.77999877929688,1076,0.0,0.0,0.0
2025-01-28 11:05:00-05:00,65.78949737548828,65.78949737548828,65.78949737548828,65.78949737548828,261,0.0,0.0,0.0
2025-01-28 11:08:00-05:00,65.79000091552734,65.80000305175781,65.78500366210938,65.80000305175781,592,0.0,0.0,0.0
2025-01-28 11:12:00-05:00,65.80999755859375,65.80999755859375,65.80999755859375,65.80999755859375,200,0.0,0.0,0.0
2025-01-28 11:13:00-05:00,65.81999969482422,65.82479858398438,65.81990051269531,65.81999969482422,1388,0.0,0.0,0.0
2025-01-28 11:14:00-05:00,65.7750015258789,65.77999877929688,65.76000213623047,65.76000213623047,2508,0.0,0.0,0.0
2025-01-28 11:15:00-05:00,65.7699966430664,65.7699966430664,65.7699966430664,65.7699966430664,100,0.0,0.0,0.0
2025-01-28 11:16:00-05:00,65.77999877929688,65.79779815673828,65.77999877929688,65.7959976196289,10019,0.0,0.0,0.0
2025-01-28 11:17:00-05:00,65.73999786376953,65.73999786376953,65.73999786376953,65.73999786376953,137,0.0,0.0,0.0
2025-01-28 11:19:00-05:00,65.74220275878906,65.75,65.73999786376953,65.73999786376953,1008,0.0,0.0,0.0
2025-01-28 11:20:00-05:00,65.70999908447266,65.70999908447266,65.70999908447266,65.70999908447266,124,0.0,0.0,0.0
2025-01-28 11:22:00-05:00,65.70999908447266,65.70999908447266,65.7052001953125,65.70999908447266,822,0.0,0.0,0.0
2025-01-28 11:23:00-05:00,65.69999694824219,65.69999694824219,65.69999694824219,65.69999694824219,200,0.0,0.0,0.0
2025-01-28 11:24:00-05:00,65.66500091552734,65.66500091552734,65.66500091552734,65.66500091552734,328,0.0,0.0,0.0
2025-01-28 11:26:00-05:00,65.62000274658203,65.63079833984375,65.62000274658203,65.63079833984375,424,0.0,0.0,0.0
2025-01-28 11:28:00-05:00,65.58930206298828,65.58930206298828,65.58930206298828,65.58930206298828,148,0.0,0.0,0.0
2025-01-28 11:29:00-05:00,65.54399871826172,65.5718002319336,65.54399871826172,65.56999969482422,2041,0.0,0.0,0.0
2025-01-28 11:30:00-05:00,65.58999633789062,65.58999633789062,65.58999633789062,65.58999633789062,100,0.0,0.0,0.0
2025-01-28 11:34:00-05:00,65.61000061035156,65.61000061035156,65.61000061035156,65.61000061035156,167,0.0,0.0,0.0
2025-01-28 11:35:00-05:00,65.58000183105469,65.58000183105469,65.58000183105469,65.58000183105469,100,0.0,0.0,0.0
2025-01-28 11:37:00-05:00,65.56520080566406,65.56549835205078,65.56500244140625,65.56500244140625,1317,0.0,0.0,0.0
2025-01-28 11:39:00-05:00,65.625732421875,65.625732421875,65.625732421875,65.625732421875,361,0.0,0.0,0.0
2025-01-28 11:40:00-05:00,65.61000061035156,65.61000061035156,65.5999984741211,65.5999984741211,200,0.0,0.0,0.0
2025-01-28 11:41:00-05:00,65.56500244140625,65.56999969482422,65.55999755859375,65.55999755859375,6600,0.0,0.0,0.0
2025-01-28 11:43:00-05:00,65.55999755859375,65.57499694824219,65.55999755859375,65.57499694824219,291,0.0,0.0,0.0
2025-01-28 11:45:00-05:00,65.61000061035156,65.61000061035156,65.61000061035156,65.61000061035156,200,0.0,0.0,0.0
2025-01-28 11:46:00-05:00,65.62989807128906,65.62989807128906,65.62989807128906,65.62989807128906,370,0.0,0.0,0.0
2025-01-28 11:48:00-05:00,65.6500015258789,65.6500015258789,65.6500015258789,65.6500015258789,136,0.0,0.0,0.0
2025-01-28 11:49:00-05:00,65.6500015258789,65.6500015258789,65.6449966430664,65.6449966430664,16369,0.0,0.0,0.0
2025-01-28 11:50:00-05:00,65.66000366210938,65.66000366210938,65.66000366210938,65.66000366210938,417,0.0,0.0,0.0
2025-01-28 11:51:00-05:00,65.55999755859375,65.55999755859375,65.54000091552734,65.55999755859375,11919,0.0,0.0,0.0
2025-01-28 11:53:00-05:00,65.62999725341797,65.65499877929688,65.62999725341797,65.65499877929688,300,0.0,0.0,0.0
2025-01-28 11:54:00-05:00,65.6500015258789,65.6500015258789,65.63500213623047,65.63500213623047,487,0.0,0.0,0.0
2025-01-28 11:55:00-05:00,65.6449966430664,65.6449966430664,65.63999938964844,65.63999938964844,1423,0.0,0.0,0.0
2025-01-28 11:56:00-05:00,65.66000366210938,65.68000030517578,65.6500015258789,65.68000030517578,42387,0.0,0.0,0.0
2025-01-28 11:57:00-05:00,65.68000030517578,65.69000244140625,65.68000030517578,65.68000030517578,1503,0.0,0.0,0.0
2025-01-28 11:58:00-05:00,65.69000244140625,65.69000244140625,65.68499755859375,65.68499755859375,844,0.0,0.0,0.0
2025-01-28 11:59:00-05:00,65.69499969482422,65.69499969482422,65.69499969482422,65.69499969482422,121,0.0,0.0,0.0
2025-01-28 12:01:00-05:00,65.72000122070312,65.7300033569336,65.70999908447266,65.72000122070312,1540,0.0,0.0,0.0
2025-01-28 12:02:00-05:00,65.71810150146484,65.71810150146484,65.71810150146484,65.71810150146484,352,0.0,0.0,0.0
2025-01-28 12:03:00-05:00,65.70999908447266,65.70999908447266,65.70999908447266,65.70999908447266,552,0.0,0.0,0.0
2025-01-28 12:06:00-05:00,65.75900268554688,65.75900268554688,65.75900268554688,65.75900268554688,169,0.0,0.0,0.0
2025-01-28 12:07:00-05:00,65.76000213623047,65.76000213623047,65.76000213623047,65.76000213623047,100,0.0,0.0,0.0
2025-01-28 12:08:00-05:00,65.7699966430664,65.7750015258789,65.7699966430664,65.7750015258789,400,0.0,0.0,0.0
2025-01-28 12:11:00-05:00,65.80899810791016,65.80899810791016,65.80899810791016,65.80899810791016,237,0.0,0.0,0.0
2025-01-28 12:16:00-05:00,65.8499984741211,65.8499984741211,65.83999633789062,65.83999633789062,500,0.0,0.0,0.0
2025-01-28 12:17:00-05:00,65.847900390625,65.847900390625,65.847900390625,65.847900390625,254,0.0,0.0,0.0
2025-01-28 12:22:00-05:00,65.86000061035156,65.86000061035156,65.86000061035156,65.86000061035156,103,0.0,0.0,0.0
2025-01-28 12:23:00-05:00,65.8550033569336,65.86000061035156,65.8499984741211,65.8499984741211,10594,0.0,0.0,0.0
2025-01-28 12:26:00-05:00,65.84200286865234,65.85790252685547,65.84200286865234,65.8499984741211,2523,0.0,0.0,0.0
2025-01-28 12:28:00-05:00,65.83999633789062,65.83999633789062,65.83989715576172,65.83989715576172,364,0.0,0.0,0.0
2025-01-28 12:29:00-05:00,65.83000183105469,65.83000183105469,65.83000183105469,65.83000183105469,120,0.0,0.0,0.0
2025-01-28 12:31:00-05:00,65.8499984741211,65.8499984741211,65.8499984741211,65.8499984741211,122,0.0,0.0,0.0
2025-01-28 12:33:00-05:00,65.84600067138672,65.84600067138672,65.83999633789062,65.83999633789062,600,0.0,0.0,0.0
2025-01-28 12:34:00-05:00,65.85449981689453,65.85449981689453,65.85449981689453,65.85449981689453,145,0.0,0.0,0.0
2025-01-28 12:35:00-05:00,65.85600280761719,65.85600280761719,65.83999633789062,65.83999633789062,1235,0.0,0.0,0.0
2025-01-28 12:38:00-05:00,65.82869720458984,65.82869720458984,65.81999969482422,65.81999969482422,548,0.0,0.0,0.0
2025-01-28 12:39:00-05:00,65.83399963378906,65.83399963378906,65.83399963378906,65.83399963378906,106,0.0,0.0,0.0
2025-01-28 12:41:00-05:00,65.79499816894531,65.79499816894531,65.79499816894531,65.79499816894531,200,0.0,0.0,0.0
2025-01-28 12:42:00-05:00,65.82599639892578,65.82759857177734,65.81999969482422,65.82599639892578,1120,0.0,0.0,0.0
2025-01-28 12:46:00-05:00,65.79519653320312,65.79519653320312,65.79519653320312,65.79519653320312,214,0.0,0.0,0.0
2025-01-28 12:48:00-05:00,65.80999755859375,65.80999755859375,65.80000305175781,65.80000305175781,244,0.0,0.0,0.0
2025-01-28 12:54:00-05:00,65.83000183105469,65.83000183105469,65.83000183105469,65.83000183105469,144,0.0,0.0,0.0
2025-01-28 12:55:00-05:00,65.83999633789062,65.83999633789062,65.83999633789062,65.83999633789062,330,0.0,0.0,0.0
2025-01-28 12:57:00-05:00,65.83999633789062,65.8499984741211,65.83999633789062,65.8499984741211,221,0.0,0.0,0.0
2025-01-28 13:00:00-05:00,65.83999633789062,65.83999633789062,65.83999633789062,65.83999633789062,375,0.0,0.0,0.0
2025-01-28 13:01:00-05:00,65.84040069580078,65.84860229492188,65.83000183105469,65.83000183105469,1609,0.0,0.0,0.0
2025-01-28 13:03:00-05:00,65.87000274658203,65.87000274658203,65.87000274658203,65.87000274658203,100,0.0,0.0,0.0
2025-01-28 13:04:00-05:00,65.87000274658203,65.87000274658203,65.87000274658203,65.87000274658203,220,0.0,0.0,0.0
2025-01-28 13:06:00-05:00,65.90039825439453,65.90039825439453,65.9000015258789,65.9000015258789,552,0.0,0.0,0.0
2025-01-28 13:12:00-05:00,65.91000366210938,65.91000366210938,65.91000366210938,65.91000366210938,100,0.0,0.0,0.0
2025-01-28 13:13:00-05:00,65.90129852294922,65.90129852294922,65.90129852294922,65.90129852294922,181,0.0,0.0,0.0
2025-01-28 13:14:00-05:00,65.91000366210938,65.91000366210938,65.91000366210938,65.91000366210938,258,0.0,0.0,0.0
2025-01-28 13:15:00-05:00,65.91490173339844,65.93499755859375,65.91000366210938,65.9260025024414,1918,0.0,0.0,0.0
2025-01-28 13:16:00-05:00,65.93000030517578,65.93000030517578,65.93000030517578,65.93000030517578,100,0.0,0.0,0.0
2025-01-28 13:18:00-05:00,65.94499969482422,65.94499969482422,65.94000244140625,65.94000244140625,942,0.0,0.0,0.0
2025-01-28 13:20:00-05:00,65.93000030517578,65.93160247802734,65.93000030517578,65.93009948730469,1188,0.0,0.0,0.0
2025-01-28 13:21:00-05:00,65.93000030517578,65.93000030517578,65.93000030517578,65.93000030517578,185,0.0,0.0,0.0
2025-01-28 13:24:00-05:00,65.9020004272461,65.9020004272461,65.9000015258789,65.9000015258789,470,0.0,0.0,0.0
2025-01-28 13:25:00-05:00,65.90499877929688,65.91480255126953,65.9000015258789,65.91480255126953,1232,0.0,0.0,0.0
2025-01-28 13:27:00-05:00,65.87999725341797,65.87999725341797,65.87999725341797,65.87999725341797,219,0.0,0.0,0.0
2025-01-28 13:30:00-05:00,65.88310241699219,65.88310241699219,65.88310241699219,65.88310241699219,254,0.0,0.0,0.0
2025-01-28 13:33:00-05:00,65.8949966430664,65.8949966430664,65.8949966430664,65.8949966430664,331,0.0,0.0,0.0
2025-01-28 13:34:00-05:00,65.91000366210938,65.91000366210938,65.9000015258789,65.9000015258789,1457,0.0,0.0,0.0
2025-01-28 13:36:00-05:00,65.88999938964844,65.88999938964844,65.88999938964844,65.88999938964844,201,0.0,0.0,0.0
2025-01-28 13:38:00-05:00,65.88400268554688,65.88400268554688,65.87999725341797,65.87999725341797,343,0.0,0.0,0.0
2025-01-28 13:40:00-05:00,65.83999633789062,65.83999633789062,65.83499908447266,65.83499908447266,1138,0.0,0.0,0.0
2025-01-28 13:41:00-05:00,65.81999969482422,65.81999969482422,65.81999969482422,65.81999969482422,100,0.0,0.0,0.0
2025-01-28 13:42:00-05:00,65.86000061035156,65.86000061035156,65.8499984741211,65.8550033569336,925,0.0,0.0,0.0
2025-01-28 13:43:00-05:00,65.83999633789062,65.83999633789062,65.83999633789062,65.83999633789062,321,0.0,0.0,0.0
2025-01-28 13:44:00-05:00,65.84500122070312,65.84500122070312,65.84500122070312,65.84500122070312,244,0.0,0.0,0.0
2025-01-28 13:46:00-05:00,65.82540130615234,65.82540130615234,65.82540130615234,65.82540130615234,355,0.0,0.0,0.0
2025-01-28 13:48:00-05:00,65.85050201416016,65.85050201416016,65.8499984741211,65.8499984741211,406,0.0,0.0,0.0
2025-01-28 13:49:00-05:00,65.86519622802734,65.86519622802734,65.8550033569336,65.8550033569336,287,0.0,0.0,0.0
2025-01-28 13:50:00-05:00,65.8563003540039,65.8563003540039,65.8563003540039,65.8563003540039,108,0.0,0.0,0.0
2025-01-28 13:52:00-05:00,65.86840057373047,65.86840057373047,65.86000061035156,65.86000061035156,990,0.0,0.0,0.0
2025-01-28 13:53:00-05:00,65.87000274658203,65.87000274658203,65.86499786376953,65.87000274658203,572,0.0,0.0,0.0
2025-01-28 13:56:00-05:00,65.84349822998047,65.84349822998047,65.84349822998047,65.84349822998047,503,0.0,0.0,0.0
2025-01-28 13:59:00-05:00,65.83180236816406,65.83999633789062,65.83180236816406,65.83999633789062,1439,0.0,0.0,0.0
2025-01-28 14:01:00-05:00,65.83460235595703,65.83460235595703,65.83000183105469,65.83000183105469,740,0.0,0.0,0.0
2025-01-28 14:02:00-05:00,65.8550033569336,65.8550033569336,65.83999633789062,65.83999633789062,8087,0.0,0.0,0.0
2025-01-28 14:04:00-05:00,65.82499694824219,65.82499694824219,65.82499694824219,65.82499694824219,405,0.0,0.0,0.0
2025-01-28 14:06:00-05:00,65.81500244140625,65.81500244140625,65.80999755859375,65.80999755859375,2414,0.0,0.0,0.0
2025-01-28 14:10:00-05:00,65.80000305175781,65.80010223388672,65.79499816894531,65.80000305175781,1301,0.0,0.0,0.0
2025-01-28 14:11:00-05:00,65.79399871826172,65.79399871826172,65.79399871826172,65.79399871826172,268,0.0,0.0,0.0
2025-01-28 14:12:00-05:00,65.7885971069336,65.7885971069336,65.7885971069336,65.7885971069336,115,0.0,0.0,0.0
2025-01-28 14:13:00-05:00,65.79519653320312,65.79519653320312,65.79000091552734,65.79000091552734,628,0.0,0.0,0.0
2025-01-28 14:15:00-05:00,65.79499816894531,65.8198013305664,65.79499816894531,65.8198013305664,593,0.0,0.0,0.0
2025-01-28 14:17:00-05:00,65.81999969482422,65.81999969482422,65.81999969482422,65.81999969482422,352,0.0,0.0,0.0
2025-01-28 14:18:00-05:00,65.84500122070312,65.84989929199219,65.83999633789062,65.83999633789062,892,0.0,0.0,0.0
2025-01-28 14:19:00-05:00,65.84839630126953,65.8499984741211,65.83999633789062,65.8499984741211,1113,0.0,0.0,0.0
2025-01-28 14:20:00-05:00,65.8499984741211,65.8499984741211,65.8499984741211,65.8499984741211,122,0.0,0.0,0.0
2025-01-28 14:21:00-05:00,65.84989929199219,65.86000061035156,65.84989929199219,65.85479736328125,7058,0.0,0.0,0.0
2025-01-28 14:22:00-05:00,65.86000061035156,65.86000061035156,65.8499984741211,65.8499984741211,655,0.0,0.0,0.0
2025-01-28 14:23:00-05:00,65.86000061035156,65.86000061035156,65.86000061035156,65.86000061035156,136,0.0,0.0,0.0
2025-01-28 14:24:00-05:00,65.87000274658203,65.87000274658203,65.87000274658203,65.87000274658203,208,0.0,0.0,0.0
2025-01-28 14:25:00-05:00,65.8572006225586,65.8572006225586,65.8499984741211,65.8499984741211,1626,0.0,0.0,0.0
2025-01-28 14:28:00-05:00,65.87999725341797,65.88729858398438,65.87999725341797,65.88729858398438,4942,0.0,0.0,0.0
2025-01-28 14:30:00-05:00,65.88400268554688,65.88999938964844,65.88400268554688,65.88999938964844,963,0.0,0.0,0.0
2025-01-28 14:31:00-05:00,65.90599822998047,65.90599822998047,65.9000015258789,65.90499877929688,903,0.0,0.0,0.0
2025-01-28 14:32:00-05:00,65.9000015258789,65.9000015258789,65.88999938964844,65.88999938964844,401,0.0,0.0,0.0
2025-01-28 14:34:00-05:00,65.91500091552734,65.91500091552734,65.91000366210938,65.91500091552734,1692,0.0,0.0,0.0
2025-01-28 14:35:00-05:00,65.91500091552734,65.91500091552734,65.91000366210938,65.91000366210938,850,0.0,0.0,0.0
2025-01-28 14:36:00-05:00,65.93000030517578,65.93399810791016,65.93000030517578,65.93399810791016,227466,0.0,0.0,0.0
2025-01-28 14:38:00-05:00,65.92500305175781,65.93000030517578,65.92500305175781,65.93000030517578,200,0.0,0.0,0.0
2025-01-28 14:39:00-05:00,65.92500305175781,65.92500305175781,65.92500305175781,65.92500305175781,229,0.0,0.0,0.0
2025-01-28 14:41:00-05:00,65.95999908447266,65.95999908447266,65.95999908447266,65.95999908447266,100,0.0,0.0,0.0
2025-01-28 14:43:00-05:00,65.95999908447266,65.95999908447266,65.95999908447266,65.95999908447266,263,0.0,0.0,0.0
2025-01-28 14:46:00-05:00,65.98470306396484,65.98500061035156,65.98470306396484,65.98500061035156,510,0.0,0.0,0.0
2025-01-28 14:48:00-05:00,65.99019622802734,65.99019622802734,65.99019622802734,65.99019622802734,145,0.0,0.0,0.0
2025-01-28 14:49:00-05:00,66.0,66.00779724121094,66.0,66.0,5321,0.0,0.0,0.0
2025-01-28 14:50:00-05:00,65.99130249023438,65.99130249023438,65.98999786376953,65.98999786376953,564,0.0,0.0,0.0
2025-01-28 14:51:00-05:00,65.99130249023438,65.99130249023438,65.99130249023438,65.99130249023438,213,0.0,0.0,0.0
2025-01-28 14:53:00-05:00,65.98590087890625,65.98999786376953,65.98590087890625,65.98999786376953,781,0.0,0.0,0.0
2025-01-28 14:55:00-05:00,66.01000213623047,66.01000213623047,66.01000213623047,66.01000213623047,321,0.0,0.0,0.0
2025-01-28 14:57:00-05:00,66.0,66.0,66.0,66.0,115,0.0,0.0,0.0
2025-01-28 15:00:00-05:00,65.98999786376953,65.98999786376953,65.98999786376953,65.98999786376953,121,0.0,0.0,0.0
2025-01-28 15:01:00-05:00,65.9739990234375,65.9739990234375,65.97000122070312,65.97000122070312,835,0.0,0.0,0.0
2025-01-28 15:02:00-05:00,65.9800033569336,65.9800033569336,65.95999908447266,65.95999908447266,664,0.0,0.0,0.0
2025-01-28 15:04:00-05:00,65.9751968383789,65.9751968383789,65.97000122070312,65.97000122070312,2307,0.0,0.0,0.0
2025-01-28 15:06:00-05:00,65.97540283203125,65.97540283203125,65.96600341796875,65.96600341796875,322,0.0,0.0,0.0
2025-01-28 15:07:00-05:00,65.96399688720703,65.96399688720703,65.94999694824219,65.94999694824219,1632,0.0,0.0,0.0
2025-01-28 15:09:00-05:00,65.97000122070312,65.97000122070312,65.97000122070312,65.97000122070312,691,0.0,0.0,0.0
2025-01-28 15:11:00-05:00,65.98999786376953,65.98999786376953,65.98999786376953,65.98999786376953,409,0.0,0.0,0.0
2025-01-28 15:12:00-05:00,65.98500061035156,65.98989868164062,65.9800033569336,65.98500061035156,17070,0.0,0.0,0.0
2025-01-28 15:13:00-05:00,65.98390197753906,65.98619842529297,65.9800033569336,65.98619842529297,875,0.0,0.0,0.0
2025-01-28 15:14:00-05:00,65.98999786376953,65.99939727783203,65.98999786376953,65.99939727783203,959,0.0,0.0,0.0
2025-01-28 15:19:00-05:00,66.01969909667969,66.0250015258789,66.01969909667969,66.0250015258789,549,0.0,0.0,0.0
2025-01-28 15:20:00-05:00,66.0260009765625,66.0260009765625,66.0260009765625,66.0260009765625,207,0.0,0.0,0.0
2025-01-28 15:23:00-05:00,66.03479766845703,66.03479766845703,66.03479766845703,66.03479766845703,236,0.0,0.0,0.0
2025-01-28 15:24:00-05:00,66.04000091552734,66.04000091552734,66.04000091552734,66.04000091552734,200,0.0,0.0,0.0
2025-01-28 15:25:00-05:00,66.0199966430664,66.0199966430664,66.0,66.0,5859,0.0,0.0,0.0
2025-01-28 15:26:00-05:00,66.0082015991211,66.0199966430664,66.0,66.0199966430664,2904,0.0,0.0,0.0
2025-01-28 15:27:00-05:00,66.01000213623047,66.01000213623047,66.01000213623047,66.01000213623047,109,0.0,0.0,0.0
2025-01-28 15:28:00-05:00,66.0,66.01000213623047,65.99500274658203,66.00990295410156,1939,0.0,0.0,0.0
2025-01-28 15:31:00-05:00,66.01499938964844,66.0199966430664,66.01000213623047,66.0199966430664,3407,0.0,0.0,0.0
2025-01-28 15:32:00-05:00,66.01000213623047,66.01000213623047,66.01000213623047,66.01000213623047,103,0.0,0.0,0.0
2025-01-28 15:33:00-05:00,66.0,66.01000213623047,66.0,66.01000213623047,1394,0.0,0.0,0.0
2025-01-28 15:34:00-05:00,66.0,66.0,65.99500274658203,65.99500274658203,13315,0.0,0.0,0.0
2025-01-28 15:35:00-05:00,65.99500274658203,66.0,65.98500061035156,66.0,13920,0.0,0.0,0.0
2025-01-28 15:36:00-05:00,65.99663543701172,66.0,65.9749984741211,65.9749984741211,22475,0.0,0.0,0.0
2025-01-28 15:37:00-05:00,65.9800033569336,65.9800033569336,65.96499633789062,65.96499633789062,5468,0.0,0.0,0.0
2025-01-28 15:38:00-05:00,65.96499633789062,65.9749984741211,65.95999908447266,65.97000122070312,8396,0.0,0.0,0.0
2025-01-28 15:39:00-05:00,65.97000122070312,65.97000122070312,65.96990203857422,65.97000122070312,3156,0.0,0.0,0.0
2025-01-28 15:40:00-05:00,65.9749984741211,65.9800033569336,65.9749984741211,65.9749984741211,5089,0.0,0.0,0.0
2025-01-28 15:41:00-05:00,65.9800033569336,65.98999786376953,65.9749984741211,65.98999786376953,5042,0.0,0.0,0.0
2025-01-28 15:42:00-05:00,65.98999786376953,66.0,65.98999786376953,66.0,296,0.0,0.0,0.0
2025-01-28 15:43:00-05:00,65.99500274658203,65.99600219726562,65.9800033569336,65.9800033569336,685,0.0,0.0,0.0
2025-01-28 15:44:00-05:00,66.0,66.0,66.0,66.0,988,0.0,0.0,0.0
2025-01-28 15:45:00-05:00,66.01000213623047,66.01000213623047,66.00499725341797,66.00499725341797,362,0.0,0.0,0.0
2025-01-28 15:46:00-05:00,65.98480224609375,65.98480224609375,65.98480224609375,65.98480224609375,600,0.0,0.0,0.0
2025-01-28 15:47:00-05:00,65.97000122070312,65.97000122070312,65.95999908447266,65.95999908447266,546,0.0,0.0,0.0
2025-01-28 15:48:00-05:00,65.95999908447266,65.95999908447266,65.95500183105469,65.9552001953125,1230,0.0,0.0,0.0
2025-01-28 15:50:00-05:00,65.94000244140625,65.94000244140625,65.93000030517578,65.93000030517578,1349,0.0,0.0,0.0
2025-01-28 15:53:00-05:00,65.9800033569336,65.9800033569336,65.9800033569336,65.9800033569336,467,0.0,0.0,0.0
2025-01-28 15:54:00-05:00,65.9739990234375,65.9917984008789,65.9739990234375,65.9917984008789,2887,0.0,0.0,0.0
2025-01-28 15:55:00-05:00,65.98999786376953,65.98999786376953,65.97000122070312,65.97000122070312,450,0.0,0.0,0.0
2025-01-28 15:56:00-05:00,65.95999908447266,65.95999908447266,65.95999908447266,65.95999908447266,141,0.0,0.0,0.0
2025-01-28 15:57:00-05:00,65.94499969482422,65.94499969482422,65.93000030517578,65.93000030517578,801,0.0,0.0,0.0
2025-01-28 15:59:00-05:00,65.91999816894531,65.94000244140625,65.91999816894531,65.93000030517578,2363,0.0,0.0,0.0
2025-01-29 09:30:00-05:00,65.80000305175781,65.80000305175781,65.80000305175781,65.80000305175781,7313,0.0,0.0,0.0
2025-01-29 09:32:00-05:00,65.8479995727539,65.8479995727539,65.77999877929688,65.79570007324219,2027,0.0,0.0,0.0
2025-01-29 09:33:00-05:00,65.81999969482422,65.81999969482422,65.79000091552734,65.79000091552734,3350,0.0,0.0,0.0
2025-01-29 09:35:00-05:00,65.8051986694336,65.80999755859375,65.77999877929688,65.80349731445312,7180,0.0,0.0,0.0
2025-01-29 09:39:00-05:00,65.81999969482422,65.81999969482422,65.81999969482422,65.81999969482422,100,0.0,0.0,0.0
2025-01-29 09:40:00-05:00,65.80999755859375,65.81880187988281,65.80000305175781,65.80000305175781,406,0.0,0.0,0.0
2025-01-29 09:41:00-05:00,65.76000213623047,65.80000305175781,65.75,65.76000213623047,2213,0.0,0.0,0.0
2025-01-29 09:42:00-05:00,65.75,65.75,65.75,65.75,189,0.0,0.0,0.0
2025-01-29 09:46:00-05:00,65.79000091552734,65.79000091552734,65.79000091552734,65.79000091552734,110,0.0,0.0,0.0
2025-01-29 09:47:00-05:00,65.77999877929688,65.77999877929688,65.76000213623047,65.7699966430664,1720,0.0,0.0,0.0
2025-01-29 09:48:00-05:00,65.7844009399414,65.7844009399414,65.7844009399414,65.7844009399414,125,0.0,0.0,0.0
2025-01-29 09:50:00-05:00,65.77559661865234,65.77559661865234,65.76020050048828,65.76020050048828,312,0.0,0.0,0.0
2025-01-29 09:51:00-05:00,65.79000091552734,65.79000091552734,65.77999877929688,65.77999877929688,229,0.0,0.0,0.0
2025-01-29 09:53:00-05:00,65.81999969482422,65.81999969482422,65.81999969482422,65.81999969482422,174,0.0,0.0,0.0
2025-01-29 09:54:00-05:00,65.81269073486328,65.81269073486328,65.81269073486328,65.81269073486328,411,0.0,0.0,0.0
2025-01-29 09:55:00-05:00,65.79000091552734,65.79000091552734,65.79000091552734,65.79000091552734,363,0.0,0.0,0.0
2025-01-29 09:58:00-05:00,65.81500244140625,65.81500244140625,65.81500244140625,65.81500244140625,213,0.0,0.0,0.0
2025-01-29 10:00:00-05:00,65.83000183105469,65.83000183105469,65.83000183105469,65.83000183105469,300,0.0,0.0,0.0
2025-01-29 10:01:00-05:00,65.86000061035156,65.86000061035156,65.8499984741211,65.8499984741211,605,0.0,0.0,0.0
2025-01-29 10:03:00-05:00,65.87000274658203,65.87640380859375,65.86000061035156,65.86000061035156,882,0.0,0.0,0.0
2025-01-29 10:04:00-05:00,65.87239837646484,65.87239837646484,65.87239837646484,65.87239837646484,200,0.0,0.0,0.0
2025-01-29 10:05:00-05:00,65.87000274658203,65.87000274658203,65.87000274658203,65.87000274658203,100,0.0,0.0,0.0
2025-01-29 10:06:00-05:00,65.9000015258789,65.9000015258789,65.9000015258789,65.9000015258789,120,0.0,0.0,0.0
2025-01-29 10:08:00-05:00,65.91999816894531,65.91999816894531,65.91000366210938,65.91000366210938,200,0.0,0.0,0.0
2025-01-29 10:09:00-05:00,65.91999816894531,65.92970275878906,65.91000366210938,65.91000366210938,767,0.0,0.0,0.0
2025-01-29 10:10:00-05:00,65.91000366210938,65.91000366210938,65.9000015258789,65.9000015258789,318,0.0,0.0,0.0
2025-01-29 10:11:00-05:00,65.9000015258789,65.9000015258789,65.85140228271484,65.85140228271484,2839,0.0,0.0,0.0
2025-01-29 10:12:00-05:00,65.79139709472656,65.80899810791016,65.79000091552734,65.79000091552734,3423,0.0,0.0,0.0
2025-01-29 10:15:00-05:00,65.8499984741211,65.8499984741211,65.8499984741211,65.8499984741211,300,0.0,0.0,0.0
2025-01-29 10:16:00-05:00,65.82099914550781,65.83999633789062,65.81999969482422,65.81999969482422,1235,0.0,0.0,0.0
2025-01-29 10:17:00-05:00,65.80999755859375,65.80999755859375,65.80000305175781,65.80000305175781,1301,0.0,0.0,0.0
2025-01-29 10:18:00-05:00,65.80999755859375,65.81999969482422,65.80999755859375,65.81999969482422,710,0.0,0.0,0.0
2025-01-29 10:19:00-05:00,65.83000183105469,65.83000183105469,65.81999969482422,65.81999969482422,350,0.0,0.0,0.0
2025-01-29 10:21:00-05:00,65.81999969482422,65.81999969482422,65.81999969482422,65.81999969482422,249,0.0,0.0,0.0
2025-01-29 10:25:00-05:00,65.83000183105469,65.83000183105469,65.83000183105469,65.83000183105469,229,0.0,0.0,0.0
2025-01-29 10:26:00-05:00,65.80000305175781,65.80000305175781,65.79000091552734,65.79000091552734,358,0.0,0.0,0.0
2025-01-29 10:27:00-05:00,65.77799987792969,65.77999877929688,65.77490234375,65.77999877929688,1225,0.0,0.0,0.0
2025-01-29 10:28:00-05:00,65.77999877929688,65.77999877929688,65.77999877929688,65.77999877929688,220,0.0,0.0,0.0
2025-01-29 10:29:00-05:00,65.7699966430664,65.7699966430664,65.7699966430664,65.7699966430664,103,0.0,0.0,0.0
2025-01-29 10:30:00-05:00,65.80999755859375,65.80999755859375,65.80999755859375,65.80999755859375,219,0.0,0.0,0.0
2025-01-29 10:31:00-05:00,65.79000091552734,65.79000091552734,65.77999877929688,65.77999877929688,1380,0.0,0.0,0.0
2025-01-29 10:35:00-05:00,65.8156967163086,65.8156967163086,65.80999755859375,65.80999755859375,1101,0.0,0.0,0.0
2025-01-29 10:37:00-05:00,65.80999755859375,65.80999755859375,65.80999755859375,65.80999755859375,100,0.0,0.0,0.0
2025-01-29 10:39:00-05:00,65.80500030517578,65.80999755859375,65.80500030517578,65.80999755859375,892,0.0,0.0,0.0
2025-01-29 10:43:00-05:00,65.80999755859375,65.80999755859375,65.80000305175781,65.80000305175781,360,0.0,0.0,0.0
2025-01-29 10:44:00-05:00,65.73999786376953,65.74500274658203,65.73999786376953,65.73999786376953,1212,0.0,0.0,0.0
2025-01-29 10:45:00-05:00,65.77999877929688,65.77999877929688,65.77999877929688,65.77999877929688,323,0.0,0.0,0.0
2025-01-29 10:48:00-05:00,65.7699966430664,65.7699966430664,65.7699966430664,65.7699966430664,500,0.0,0.0,0.0
2025-01-29 10:49:00-05:00,65.7699966430664,65.77989959716797,65.7699966430664,65.7750015258789,475,0.0,0.0,0.0
2025-01-29 10:50:00-05:00,65.79000091552734,65.79000091552734,65.79000091552734,65.79000091552734,412,0.0,0.0,0.0
2025-01-29 10:54:00-05:00,65.80999755859375,65.80999755859375,65.80999755859375,65.80999755859375,634,0.0,0.0,0.0
2025-01-29 10:55:00-05:00,65.80000305175781,65.80000305175781,65.80000305175781,65.80000305175781,273,0.0,0.0,0.0
2025-01-29 10:56:00-05:00,65.7699966430664,65.7699966430664,65.75,65.75,953,0.0,0.0,0.0
2025-01-29 10:58:00-05:00,65.77839660644531,65.77839660644531,65.7699966430664,65.7699966430664,348,0.0,0.0,0.0
2025-01-29 10:59:00-05:00,65.76499938964844,65.76499938964844,65.76000213623047,65.76000213623047,975,0.0,0.0,0.0
2025-01-29 11:00:00-05:00,65.7699966430664,65.7699966430664,65.76029968261719,65.76029968261719,344,0.0,0.0,0.0
2025-01-29 11:01:00-05:00,65.77999877929688,65.77999877929688,65.76000213623047,65.76000213623047,200,0.0,0.0,0.0
2025-01-29 11:03:00-05:00,65.79000091552734,65.79000091552734,65.79000091552734,65.79000091552734,177,0.0,0.0,0.0
2025-01-29 11:06:00-05:00,65.7500991821289,65.7500991821289,65.75,65.75,1038,0.0,0.0,0.0
2025-01-29 11:07:00-05:00,65.75,65.76000213623047,65.70999908447266,65.70999908447266,820,0.0,0.0,0.0
2025-01-29 11:08:00-05:00,65.72000122070312,65.7300033569336,65.70999908447266,65.72000122070312,913,0.0,0.0,0.0
2025-01-29 11:11:00-05:00,65.7300033569336,65.7300033569336,65.72000122070312,65.72000122070312,614,0.0,0.0,0.0
2025-01-29 11:14:00-05:00,65.74569702148438,65.74569702148438,65.74569702148438,65.74569702148438,185,0.0,0.0,0.0
2025-01-29 11:15:00-05:00,65.73049926757812,65.73570251464844,65.7300033569336,65.7300033569336,7994,0.0,0.0,0.0
2025-01-29 11:16:00-05:00,65.7300033569336,65.73999786376953,65.72000122070312,65.73999786376953,852,0.0,0.0,0.0
2025-01-29 11:17:00-05:00,65.7300033569336,65.7300033569336,65.70999908447266,65.72000122070312,822,0.0,0.0,0.0
2025-01-29 11:18:00-05:00,65.69999694824219,65.69999694824219,65.69999694824219,65.69999694824219,314,0.0,0.0,0.0
2025-01-29 11:20:00-05:00,65.72989654541016,65.72989654541016,65.72000122070312,65.72000122070312,656,0.0,0.0,0.0
2025-01-29 11:21:00-05:00,65.71410369873047,65.71410369873047,65.69999694824219,65.71320343017578,2326,0.0,0.0,0.0
2025-01-29 11:22:00-05:00,65.72000122070312,65.73999786376953,65.72000122070312,65.73999786376953,259,0.0,0.0,0.0
2025-01-29 11:23:00-05:00,65.7322998046875,65.7322998046875,65.7300033569336,65.7300033569336,557,0.0,0.0,0.0
2025-01-29 11:24:00-05:00,65.75,65.75969696044922,65.75,65.75,1719,0.0,0.0,0.0
2025-01-29 11:26:00-05:00,65.73999786376953,65.73999786376953,65.73999786376953,65.73999786376953,237,0.0,0.0,0.0
2025-01-29 11:28:00-05:00,65.76000213623047,65.76000213623047,65.75,65.75,3695,0.0,0.0,0.0
2025-01-29 11:29:00-05:00,65.7300033569336,65.7300033569336,65.72000122070312,65.72000122070312,305,0.0,0.0,0.0
2025-01-29 11:30:00-05:00,65.72000122070312,65.72000122070312,65.72000122070312,65.72000122070312,168,0.0,0.0,0.0
2025-01-29 11:32:00-05:00,65.7300033569336,65.73500061035156,65.7300033569336,65.73500061035156,347,0.0,0.0,0.0
2025-01-29 11:33:00-05:00,65.75,65.75499725341797,65.73999786376953,65.75,1621,0.0,0.0,0.0
2025-01-29 11:34:00-05:00,65.75569915771484,65.75569915771484,65.75,65.75,965,0.0,0.0,0.0
2025-01-29 11:35:00-05:00,65.76000213623047,65.76000213623047,65.76000213623047,65.76000213623047,196,0.0,0.0,0.0
2025-01-29 11:36:00-05:00,65.7699966430664,65.7699966430664,65.76429748535156,65.76429748535156,532,0.0,0.0,0.0
2025-01-29 11:37:00-05:00,65.77999877929688,65.77999877929688,65.7698974609375,65.7698974609375,740,0.0,0.0,0.0
2025-01-29 11:38:00-05:00,65.7300033569336,65.7300033569336,65.70999908447266,65.70999908447266,375,0.0,0.0,0.0
2025-01-29 11:39:00-05:00,65.72000122070312,65.72000122070312,65.68000030517578,65.69000244140625,4071,0.0,0.0,0.0
2025-01-29 11:40:00-05:00,65.70999908447266,65.70999908447266,65.70999908447266,65.70999908447266,128,0.0,0.0,0.0
2025-01-29 11:41:00-05:00,65.69999694824219,65.69999694824219,65.69999694824219,65.69999694824219,100,0.0,0.0,0.0
2025-01-29 11:42:00-05:00,65.66999816894531,65.69989776611328,65.66999816894531,65.68900299072266,9454,0.0,0.0,0.0
2025-01-29 11:43:00-05:00,65.69000244140625,65.69999694824219,65.69000244140625,65.69999694824219,600,0.0,0.0,0.0
2025-01-29 11:45:00-05:00,65.74009704589844,65.74009704589844,65.74009704589844,65.74009704589844,185,0.0,0.0,0.0
2025-01-29 11:46:00-05:00,65.73999786376953,65.73999786376953,65.7300033569336,65.7300033569336,201,0.0,0.0,0.0
2025-01-29 11:47:00-05:00,65.7300033569336,65.73999786376953,65.72989654541016,65.73999786376953,3169,0.0,0.0,0.0
2025-01-29 11:48:00-05:00,65.75,65.75,65.73999786376953,65.73999786376953,2055,0.0,0.0,0.0
2025-01-29 11:50:00-05:00,65.76000213623047,65.76000213623047,65.76000213623047,65.76000213623047,200,0.0,0.0,0.0
2025-01-29 11:51:00-05:00,65.75,65.75,65.73500061035156,65.73500061035156,3408,0.0,0.0,0.0
2025-01-29 11:52:00-05:00,65.75,65.75,65.75,65.75,192,0.0,0.0,0.0
2025-01-29 11:54:00-05:00,65.7750015258789,65.7750015258789,65.7750015258789,65.7750015258789,6011,0.0,0.0,0.0
2025-01-29 11:55:00-05:00,65.77999877929688,65.77999877929688,65.73429870605469,65.73429870605469,3996,0.0,0.0,0.0
2025-01-29 11:56:00-05:00,65.7300033569336,65.7300033569336,65.7300033569336,65.7300033569336,287,0.0,0.0,0.0
2025-01-29 12:03:00-05:00,65.78569793701172,65.78569793701172,65.77999877929688,65.77999877929688,952,0.0,0.0,0.0
2025-01-29 12:04:00-05:00,65.77999877929688,65.77999877929688,65.77999877929688,65.77999877929688,587,0.0,0.0,0.0
2025-01-29 12:05:00-05:00,65.80999755859375,65.80999755859375,65.80999755859375,65.80999755859375,120,0.0,0.0,0.0
2025-01-29 12:06:00-05:00,65.80979919433594,65.80979919433594,65.80000305175781,65.80000305175781,1101,0.0,0.0,0.0
2025-01-29 12:08:00-05:00,65.78500366210938,65.78500366210938,65.78500366210938,65.78500366210938,299,0.0,0.0,0.0
2025-01-29 12:09:00-05:00,65.79000091552734,65.79000091552734,65.77999877929688,65.77999877929688,2800,0.0,0.0,0.0
2025-01-29 12:10:00-05:00,65.77999877929688,65.77999877929688,65.77999877929688,65.77999877929688,313,0.0,0.0,0.0
2025-01-29 12:12:00-05:00,65.80000305175781,65.80000305175781,65.80000305175781,65.80000305175781,925,0.0,0.0,0.0
2025-01-29 12:13:00-05:00,65.79000091552734,65.79930114746094,65.77999877929688,65.79000091552734,4043,0.0,0.0,0.0
2025-01-29 12:14:00-05:00,65.7699966430664,65.7699966430664,65.76000213623047,65.76000213623047,415,0.0,0.0,0.0
2025-01-29 12:21:00-05:00,65.81990051269531,65.81990051269531,65.81990051269531,65.81990051269531,550,0.0,0.0,0.0
2025-01-29 12:22:00-05:00,65.83000183105469,65.83000183105469,65.83000183105469,65.83000183105469,113,0.0,0.0,0.0
2025-01-29 12:26:00-05:00,65.81999969482422,65.81999969482422,65.80999755859375,65.80999755859375,584,0.0,0.0,0.0
2025-01-29 12:28:00-05:00,65.81999969482422,65.81999969482422,65.81999969482422,65.81999969482422,138,0.0,0.0,0.0
2025-01-29 12:29:00-05:00,65.80000305175781,65.80000305175781,65.80000305175781,65.80000305175781,315,0.0,0.0,0.0
2025-01-29 12:30:00-05:00,65.8156967163086,65.8156967163086,65.80999755859375,65.80999755859375,674,0.0,0.0,0.0
2025-01-29 12:31:00-05:00,65.80500030517578,65.82009887695312,65.80500030517578,65.81990051269531,1409,0.0,0.0,0.0
2025-01-29 12:32:00-05:00,65.80999755859375,65.81999969482422,65.80999755859375,65.81999969482422,502,0.0,0.0,0.0
2025-01-29 12:34:00-05:00,65.81880187988281,65.81880187988281,65.80999755859375,65.80999755859375,341,0.0,0.0,0.0
2025-01-29 12:36:00-05:00,65.80000305175781,65.80999755859375,65.80000305175781,65.80999755859375,1436,0.0,0.0,0.0
2025-01-29 12:38:00-05:00,65.81500244140625,65.81500244140625,65.80999755859375,65.80999755859375,578,0.0,0.0,0.0
2025-01-29 12:40:00-05:00,65.78500366210938,65.79000091552734,65.78500366210938,65.79000091552734,788,0.0,0.0,0.0
2025-01-29 12:41:00-05:00,65.79000091552734,65.79000091552734,65.79000091552734,65.79000091552734,117,0.0,0.0,0.0
2025-01-29 12:43:00-05:00,65.78500366210938,65.78500366210938,65.77999877929688,65.77999877929688,701,0.0,0.0,0.0
2025-01-29 12:44:00-05:00,65.77999877929688,65.77999877929688,65.77999877929688,65.77999877929688,313,0.0,0.0,0.0
2025-01-29 12:45:00-05:00,65.77960205078125,65.77960205078125,65.7699966430664,65.7699966430664,434,0.0,0.0,0.0
2025-01-29 12:47:00-05:00,65.7499008178711,65.7499008178711,65.73999786376953,65.73999786376953,758,0.0,0.0,0.0
2025-01-29 12:48:00-05:00,65.73999786376953,65.73999786376953,65.73999786376953,65.73999786376953,117,0.0,0.0,0.0
2025-01-29 12:50:00-05:00,65.73490142822266,65.73999786376953,65.7300033569336,65.73999786376953,6153,0.0,0.0,0.0
2025-01-29 12:51:00-05:00,65.73999786376953,65.73999786376953,65.73999786376953,65.73999786376953,332,0.0,0.0,0.0
2025-01-29 12:54:00-05:00,65.73999786376953,65.73999786376953,65.7300033569336,65.7300033569336,344,0.0,0.0,0.0
2025-01-29 12:57:00-05:00,65.69999694824219,65.70429992675781,65.69999694824219,65.69999694824219,539,0.0,0.0,0.0
2025-01-29 12:58:00-05:00,65.70999908447266,65.70999908447266,65.70999908447266,65.70999908447266,231,0.0,0.0,0.0
2025-01-29 13:01:00-05:00,65.68000030517578,65.68000030517578,65.6500015258789,65.6500015258789,1710,0.0,0.0,0.0
2025-01-29 13:02:00-05:00,65.55999755859375,65.56999969482422,65.55000305175781,65.55000305175781,1411,0.0,0.0,0.0
2025-01-29 13:03:00-05:00,65.5,65.5,65.47989654541016,65.47989654541016,14142,0.0,0.0,0.0
2025-01-29 13:04:00-05:00,65.48999786376953,65.48999786376953,65.44000244140625,65.44999694824219,1722,0.0,0.0,0.0
2025-01-29 13:05:00-05:00,65.48100280761719,65.5,65.4800033569336,65.5,1456,0.0,0.0,0.0
2025-01-29 13:06:00-05:00,65.51000213623047,65.5199966430664,65.51000213623047,65.5199966430664,259,0.0,0.0,0.0
2025-01-29 13:11:00-05:00,65.62999725341797,65.62999725341797,65.62999725341797,65.62999725341797,165,0.0,0.0,0.0
2025-01-29 13:12:00-05:00,65.60549926757812,65.60549926757812,65.5999984741211,65.5999984741211,1375,0.0,0.0,0.0
2025-01-29 13:13:00-05:00,65.62000274658203,65.62000274658203,65.5999984741211,65.5999984741211,478,0.0,0.0,0.0
2025-01-29 13:14:00-05:00,65.62999725341797,65.62999725341797,65.62999725341797,65.62999725341797,200,0.0,0.0,0.0
2025-01-29 13:15:00-05:00,65.6449966430664,65.6449966430664,65.62999725341797,65.62999725341797,2908,0.0,0.0,0.0
2025-01-29 13:16:00-05:00,65.66999816894531,65.66999816894531,65.66999816894531,65.66999816894531,486,0.0,0.0,0.0
2025-01-29 13:17:00-05:00,65.63999938964844,65.63999938964844,65.63999938964844,65.63999938964844,700,0.0,0.0,0.0
2025-01-29 13:18:00-05:00,65.63999938964844,65.63999938964844,65.62999725341797,65.62999725341797,255,0.0,0.0,0.0
2025-01-29 13:20:00-05:00,65.62950134277344,65.63999938964844,65.62000274658203,65.62999725341797,16422,0.0,0.0,0.0
2025-01-29 13:21:00-05:00,65.61000061035156,65.62999725341797,65.61000061035156,65.61000061035156,642,0.0,0.0,0.0
2025-01-29 13:23:00-05:00,65.62000274658203,65.62000274658203,65.62000274658203,65.62000274658203,238,0.0,0.0,0.0
2025-01-29 13:25:00-05:00,65.66500091552734,65.69000244140625,65.66500091552734,65.68000030517578,530,0.0,0.0,0.0
2025-01-29 13:30:00-05:00,65.73999786376953,65.73999786376953,65.73999786376953,65.73999786376953,115,0.0,0.0,0.0
2025-01-29 13:31:00-05:00,65.75,65.75,65.75,65.75,300,0.0,0.0,0.0
2025-01-29 13:32:00-05:00,65.76000213623047,65.76000213623047,65.75,65.75,1889,0.0,0.0,0.0
2025-01-29 13:40:00-05:00,65.6449966430664,65.6449966430664,65.63999938964844,65.63999938964844,1465,0.0,0.0,0.0
2025-01-29 13:41:00-05:00,65.66940307617188,65.66999816894531,65.66000366210938,65.66000366210938,7305,0.0,0.0,0.0
2025-01-29 13:42:00-05:00,65.63999938964844,65.63999938964844,65.63999938964844,65.63999938964844,101,0.0,0.0,0.0
2025-01-29 13:43:00-05:00,65.65989685058594,65.65989685058594,65.63999938964844,65.63999938964844,12039,0.0,0.0,0.0
2025-01-29 13:44:00-05:00,65.6500015258789,65.6500015258789,65.6500015258789,65.6500015258789,489,0.0,0.0,0.0
2025-01-29 13:45:00-05:00,65.63999938964844,65.63999938964844,65.62999725341797,65.63999938964844,616,0.0,0.0,0.0
2025-01-29 13:46:00-05:00,65.6500015258789,65.65010070800781,65.6500015258789,65.6500015258789,557,0.0,0.0,0.0
2025-01-29 13:47:00-05:00,65.65899658203125,65.66999816894531,65.65899658203125,65.66999816894531,1040,0.0,0.0,0.0
2025-01-29 13:48:00-05:00,65.68000030517578,65.68000030517578,65.68000030517578,65.68000030517578,100,0.0,0.0,0.0
2025-01-29 13:49:00-05:00,65.72000122070312,65.72000122070312,65.70999908447266,65.70999908447266,345,0.0,0.0,0.0
2025-01-29 13:52:00-05:00,65.69000244140625,65.69000244140625,65.69000244140625,65.69000244140625,1643,0.0,0.0,0.0
2025-01-29 13:53:00-05:00,65.69000244140625,65.69000244140625,65.69000244140625,65.69000244140625,208,0.0,0.0,0.0
2025-01-29 13:57:00-05:00,65.67030334472656,65.67990112304688,65.66999816894531,65.67500305175781,2038,0.0,0.0,0.0
2025-01-29 13:58:00-05:00,65.68000030517578,65.68000030517578,65.68000030517578,65.68000030517578,154,0.0,0.0,0.0
2025-01-29 13:59:00-05:00,65.66000366210938,65.66000366210938,65.66000366210938,65.66000366210938,270,0.0,0.0,0.0
2025-01-29 14:00:00-05:00,65.56999969482422,65.56999969482422,65.52999877929688,65.52999877929688,332,0.0,0.0,0.0
2025-01-29 14:01:00-05:00,65.52999877929688,65.52999877929688,65.52999877929688,65.52999877929688,286,0.0,0.0,0.0
2025-01-29 14:02:00-05:00,65.62000274658203,65.62999725341797,65.56999969482422,65.56999969482422,1704,0.0,0.0,0.0
2025-01-29 14:05:00-05:00,65.48999786376953,65.48999786376953,65.4800033569336,65.4800033569336,512,0.0,0.0,0.0
2025-01-29 14:06:00-05:00,65.5199966430664,65.5199966430664,65.5199966430664,65.5199966430664,144,0.0,0.0,0.0
2025-01-29 14:07:00-05:00,65.54000091552734,65.55500030517578,65.54000091552734,65.55000305175781,1566,0.0,0.0,0.0
2025-01-29 14:08:00-05:00,65.56500244140625,65.56500244140625,65.5199966430664,65.5199966430664,831,0.0,0.0,0.0
2025-01-29 14:09:00-05:00,65.49839782714844,65.5199966430664,65.49839782714844,65.5199966430664,5000,0.0,0.0,0.0
2025-01-29 14:10:00-05:00,65.48999786376953,65.48999786376953,65.4800033569336,65.4800033569336,462,0.0,0.0,0.0
2025-01-29 14:11:00-05:00,65.44999694824219,65.45999908447266,65.41999816894531,65.43499755859375,20970,0.0,0.0,0.0
2025-01-29 14:12:00-05:00,65.42500305175781,65.45999908447266,65.42500305175781,65.44499969482422,2724,0.0,0.0,0.0
2025-01-29 14:14:00-05:00,65.4800033569336,65.4800033569336,65.4800033569336,65.4800033569336,161,0.0,0.0,0.0
2025-01-29 14:15:00-05:00,65.47489929199219,65.47489929199219,65.45999908447266,65.45999908447266,871,0.0,0.0,0.0
2025-01-29 14:17:00-05:00,65.41999816894531,65.41999816894531,65.4000015258789,65.4000015258789,1128,0.0,0.0,0.0
2025-01-29 14:18:00-05:00,65.38999938964844,65.38999938964844,65.37999725341797,65.37999725341797,672,0.0,0.0,0.0
2025-01-29 14:19:00-05:00,65.4000015258789,65.4000015258789,65.4000015258789,65.4000015258789,103,0.0,0.0,0.0
2025-01-29 14:20:00-05:00,65.44499969482422,65.44499969482422,65.44499969482422,65.44499969482422,311,0.0,0.0,0.0
2025-01-29 14:21:00-05:00,65.44999694824219,65.44999694824219,65.4197006225586,65.4197006225586,2548,0.0,0.0,0.0
2025-01-29 14:22:00-05:00,65.43000030517578,65.43000030517578,65.43000030517578,65.43000030517578,442,0.0,0.0,0.0
2025-01-29 14:24:00-05:00,65.46600341796875,65.46600341796875,65.44999694824219,65.44999694824219,1639,0.0,0.0,0.0
2025-01-29 14:25:00-05:00,65.44000244140625,65.44000244140625,65.43000030517578,65.43634796142578,552,0.0,0.0,0.0
2025-01-29 14:26:00-05:00,65.4198989868164,65.4198989868164,65.4198989868164,65.4198989868164,132,0.0,0.0,0.0
2025-01-29 14:27:00-05:00,65.43000030517578,65.43000030517578,65.43000030517578,65.43000030517578,601,0.0,0.0,0.0
2025-01-29 14:28:00-05:00,65.43000030517578,65.44000244140625,65.41000366210938,65.44000244140625,5109,0.0,0.0,0.0
2025-01-29 14:29:00-05:00,65.43000030517578,65.43000030517578,65.41999816894531,65.41999816894531,507,0.0,0.0,0.0
2025-01-29 14:31:00-05:00,65.41999816894531,65.5199966430664,65.41999816894531,65.5199966430664,1745,0.0,0.0,0.0
2025-01-29 14:32:00-05:00,65.5,65.56999969482422,65.5,65.56999969482422,8338,0.0,0.0,0.0
2025-01-29 14:33:00-05:00,65.58000183105469,65.58000183105469,65.51000213623047,65.5199966430664,2250,0.0,0.0,0.0
2025-01-29 14:34:00-05:00,65.54679870605469,65.54679870605469,65.54679870605469,65.54679870605469,276,0.0,0.0,0.0
2025-01-29 14:35:00-05:00,65.47000122070312,65.47000122070312,65.44999694824219,65.44999694824219,336,0.0,0.0,0.0
2025-01-29 14:36:00-05:00,65.42019653320312,65.42019653320312,65.42019653320312,65.42019653320312,144,0.0,0.0,0.0
2025-01-29 14:37:00-05:00,65.5199966430664,65.52999877929688,65.5199966430664,65.52999877929688,401,0.0,0.0,0.0
2025-01-29 14:38:00-05:00,65.58000183105469,65.62000274658203,65.58000183105469,65.61000061035156,489,0.0,0.0,0.0
2025-01-29 14:39:00-05:00,65.61000061035156,65.63999938964844,65.61000061035156,65.63999938964844,1155,0.0,0.0,0.0
2025-01-29 14:40:00-05:00,65.62999725341797,65.76000213623047,65.62999725341797,65.76000213623047,2059,0.0,0.0,0.0
2025-01-29 14:41:00-05:00,65.81999969482422,65.81999969482422,65.81999969482422,65.81999969482422,100,0.0,0.0,0.0
2025-01-29 14:43:00-05:00,65.7300033569336,65.73999786376953,65.69000244140625,65.69000244140625,573,0.0,0.0,0.0
2025-01-29 14:45:00-05:00,65.69000244140625,65.73999786376953,65.69000244140625,65.73999786376953,762,0.0,0.0,0.0
2025-01-29 14:46:00-05:00,65.7699966430664,65.7699966430664,65.7699966430664,65.7699966430664,500,0.0,0.0,0.0
2025-01-29 14:47:00-05:00,65.76000213623047,65.82980346679688,65.76000213623047,65.82980346679688,1044,0.0,0.0,0.0
2025-01-29 14:50:00-05:00,65.73999786376953,65.73999786376953,65.69999694824219,65.72000122070312,716,0.0,0.0,0.0
2025-01-29 14:52:00-05:00,65.81999969482422,65.81999969482422,65.80999755859375,65.81999969482422,1975,0.0,0.0,0.0
2025-01-29 14:53:00-05:00,65.80000305175781,65.80000305175781,65.80000305175781,65.80000305175781,132,0.0,0.0,0.0
2025-01-29 14:55:00-05:00,65.79000091552734,65.79000091552734,65.73999786376953,65.73999786376953,418,0.0,0.0,0.0
2025-01-29 14:56:00-05:00,65.70999908447266,65.70999908447266,65.6500015258789,65.6500015258789,605,0.0,0.0,0.0
2025-01-29 14:57:00-05:00,65.66000366210938,65.76000213623047,65.66000366210938,65.76000213623047,978,0.0,0.0,0.0
2025-01-29 15:00:00-05:00,65.71029663085938,65.71029663085938,65.69999694824219,65.69999694824219,804,0.0,0.0,0.0
2025-01-29 15:01:00-05:00,65.66999816894531,65.72000122070312,65.66999816894531,65.72000122070312,1092,0.0,0.0,0.0
2025-01-29 15:03:00-05:00,65.62999725341797,65.62999725341797,65.61000061035156,65.61000061035156,1051,0.0,0.0,0.0
2025-01-29 15:05:00-05:00,65.66000366210938,65.66000366210938,65.6500015258789,65.6500015258789,405,0.0,0.0,0.0
2025-01-29 15:06:00-05:00,65.63999938964844,65.64849853515625,65.62999725341797,65.64849853515625,2859,0.0,0.0,0.0
2025-01-29 15:07:00-05:00,65.63999938964844,65.63999938964844,65.61000061035156,65.61000061035156,853,0.0,0.0,0.0
2025-01-29 15:08:00-05:00,65.62000274658203,65.62000274658203,65.62000274658203,65.62000274658203,416,0.0,0.0,0.0
2025-01-29 15:11:00-05:00,65.7249984741211,65.7300033569336,65.70999908447266,65.70999908447266,1563,0.0,0.0,0.0
2025-01-29 15:12:00-05:00,65.70500183105469,65.70500183105469,65.69000244140625,65.69860076904297,1272,0.0,0.0,0.0
2025-01-29 15:13:00-05:00,65.68000030517578,65.68000030517578,65.66000366210938,65.66000366210938,438,0.0,0.0,0.0
2025-01-29 15:14:00-05:00,65.62999725341797,65.6500015258789,65.62000274658203,65.62999725341797,2234,0.0,0.0,0.0
2025-01-29 15:15:00-05:00,65.64009857177734,65.66000366210938,65.64009857177734,65.64009857177734,1844,0.0,0.0,0.0
2025-01-29 15:16:00-05:00,65.62999725341797,65.62999725341797,65.62999725341797,65.62999725341797,159,0.0,0.0,0.0
2025-01-29 15:17:00-05:00,65.61000061035156,65.61000061035156,65.55999755859375,65.55999755859375,985,0.0,0.0,0.0
2025-01-29 15:18:00-05:00,65.52999877929688,65.58000183105469,65.5199966430664,65.58000183105469,419,0.0,0.0,0.0
2025-01-29 15:19:00-05:00,65.61000061035156,65.62000274658203,65.61000061035156,65.62000274658203,651,0.0,0.0,0.0
2025-01-29 15:20:00-05:00,65.63999938964844,65.69000244140625,65.63999938964844,65.66000366210938,723,0.0,0.0,0.0
2025-01-29 15:21:00-05:00,65.7300033569336,65.7300033569336,65.7300033569336,65.7300033569336,202,0.0,0.0,0.0
2025-01-29 15:22:00-05:00,65.7699966430664,65.785400390625,65.7699966430664,65.7699966430664,797,0.0,0.0,0.0
2025-01-29 15:24:00-05:00,65.80000305175781,65.80000305175781,65.80000305175781,65.80000305175781,325,0.0,0.0,0.0
2025-01-29 15:25:00-05:00,65.80999755859375,65.81999969482422,65.80999755859375,65.81999969482422,287,0.0,0.0,0.0
2025-01-29 15:26:00-05:00,65.84960174560547,65.8499984741211,65.84960174560547,65.8499984741211,4743,0.0,0.0,0.0
2025-01-29 15:27:00-05:00,65.86000061035156,65.86000061035156,65.86000061035156,65.86000061035156,367,0.0,0.0,0.0
2025-01-29 15:28:00-05:00,65.85890197753906,65.85929870605469,65.8499984741211,65.8499984741211,915,0.0,0.0,0.0
2025-01-29 15:29:00-05:00,65.85990142822266,65.85990142822266,65.85990142822266,65.85990142822266,5565,0.0,0.0,0.0
2025-01-29 15:30:00-05:00,65.83999633789062,65.84989929199219,65.8042984008789,65.8042984008789,5762,0.0,0.0,0.0
2025-01-29 15:33:00-05:00,65.83999633789062,65.83999633789062,65.83999633789062,65.83999633789062,123,0.0,0.0,0.0
2025-01-29 15:34:00-05:00,65.82499694824219,65.8290023803711,65.81999969482422,65.81999969482422,1733,0.0,0.0,0.0
2025-01-29 15:37:00-05:00,65.71880340576172,65.71880340576172,65.71499633789062,65.71880340576172,2696,0.0,0.0,0.0
2025-01-29 15:38:00-05:00,65.70999908447266,65.70999908447266,65.70999908447266,65.70999908447266,354,0.0,0.0,0.0
2025-01-29 15:39:00-05:00,65.66999816894531,65.69000244140625,65.66999816894531,65.69000244140625,841,0.0,0.0,0.0
2025-01-29 15:40:00-05:00,65.66000366210938,65.66000366210938,65.66000366210938,65.66000366210938,1431,0.0,0.0,0.0
2025-01-29 15:41:00-05:00,65.69000244140625,65.70999908447266,65.69000244140625,65.70999908447266,202,0.0,0.0,0.0
2025-01-29 15:42:00-05:00,65.69999694824219,65.69999694824219,65.69989776611328,65.69989776611328,284,0.0,0.0,0.0
2025-01-29 15:43:00-05:00,65.69999694824219,65.7300033569336,65.69999694824219,65.7300033569336,538,0.0,0.0,0.0
2025-01-29 15:44:00-05:00,65.7300033569336,65.7300033569336,65.6843032836914,65.68499755859375,1027,0.0,0.0,0.0
2025-01-29 15:45:00-05:00,65.69999694824219,65.70999908447266,65.69999694824219,65.69999694824219,761,0.0,0.0,0.0
2025-01-29 15:46:00-05:00,65.68009948730469,65.68009948730469,65.6500015258789,65.66500091552734,1264,0.0,0.0,0.0
2025-01-29 15:47:00-05:00,65.66999816894531,65.66999816894531,65.66999816894531,65.66999816894531,282,0.0,0.0,0.0
2025-01-29 15:48:00-05:00,65.66999816894531,65.66999816894531,65.66999816894531,65.66999816894531,128,0.0,0.0,0.0
2025-01-29 15:49:00-05:00,65.66999816894531,65.69000244140625,65.66999816894531,65.69000244140625,711,0.0,0.0,0.0
2025-01-29 15:50:00-05:00,65.68000030517578,65.7300033569336,65.68000030517578,65.72000122070312,1063,0.0,0.0,0.0
2025-01-29 15:51:00-05:00,65.71499633789062,65.72000122070312,65.68000030517578,65.68000030517578,2225,0.0,0.0,0.0
2025-01-29 15:52:00-05:00,65.65499877929688,65.65499877929688,65.5999984741211,65.5999984741211,2162,0.0,0.0,0.0
2025-01-29 15:53:00-05:00,65.5999984741211,65.62000274658203,65.57499694824219,65.62000274658203,2429,0.0,0.0,0.0
2025-01-29 15:54:00-05:00,65.62999725341797,65.69000244140625,65.625,65.68000030517578,6182,0.0,0.0,0.0
2025-01-29 15:55:00-05:00,65.70999908447266,65.72000122070312,65.69000244140625,65.69999694824219,2740,0.0,0.0,0.0
2025-01-29 15:56:00-05:00,65.69000244140625,65.70020294189453,65.69000244140625,65.70020294189453,725,0.0,0.0,0.0
2025-01-29 15:57:00-05:00,65.71990203857422,65.72000122070312,65.69999694824219,65.69999694824219,4066,0.0,0.0,0.0
2025-01-29 15:58:00-05:00,65.72000122070312,65.73999786376953,65.70999908447266,65.71499633789062,8864,0.0,0.0,0.0
2025-01-29 15:59:00-05:00,65.70999908447266,65.70999908447266,65.6500015258789,65.66500091552734,1939,0.0,0.0,0.0
2025-01-30 09:30:00-05:00,65.91999816894531,65.94920349121094,65.91999816894531,65.94920349121094,3874,0.0,0.0,0.0
2025-01-30 09:31:00-05:00,65.95999908447266,65.95999908447266,65.95999908447266,65.95999908447266,1568,0.0,0.0,0.0
2025-01-30 09:32:00-05:00,65.95999908447266,65.9800033569336,65.95999908447266,65.9800033569336,680,0.0,0.0,0.0
2025-01-30 09:33:00-05:00,65.94999694824219,65.94999694824219,65.94999694824219,65.94999694824219,767,0.0,0.0,0.0
2025-01-30 09:39:00-05:00,66.01000213623047,66.01000213623047,66.01000213623047,66.01000213623047,496,0.0,0.0,0.0
2025-01-30 09:40:00-05:00,66.02999877929688,66.02999877929688,66.02999877929688,66.02999877929688,110,0.0,0.0,0.0
2025-01-30 09:42:00-05:00,65.95999908447266,65.95999908447266,65.95999908447266,65.95999908447266,129,0.0,0.0,0.0
2025-01-30 09:43:00-05:00,66.0,66.0,66.0,66.0,100,0.0,0.0,0.0
2025-01-30 09:44:00-05:00,66.00499725341797,66.00499725341797,66.00499725341797,66.00499725341797,139,0.0,0.0,0.0
2025-01-30 09:45:00-05:00,66.00530242919922,66.00530242919922,66.00530242919922,66.00530242919922,278,0.0,0.0,0.0
2025-01-30 09:46:00-05:00,66.02999877929688,66.02999877929688,66.02999877929688,66.02999877929688,195,0.0,0.0,0.0
2025-01-30 09:48:00-05:00,66.09500122070312,66.09500122070312,66.09500122070312,66.09500122070312,5187,0.0,0.0,0.0
2025-01-30 09:50:00-05:00,66.13999938964844,66.13999938964844,66.13999938964844,66.13999938964844,100,0.0,0.0,0.0
2025-01-30 09:51:00-05:00,66.16709899902344,66.16709899902344,66.16709899902344,66.16709899902344,1102,0.0,0.0,0.0
2025-01-30 09:57:00-05:00,66.16000366210938,66.16000366210938,66.12999725341797,66.12999725341797,2152,0.0,0.0,0.0
2025-01-30 09:59:00-05:00,66.05000305175781,66.05000305175781,66.05000305175781,66.05000305175781,194,0.0,0.0,0.0
2025-01-30 10:01:00-05:00,66.03500366210938,66.04100036621094,66.03500366210938,66.04100036621094,4640,0.0,0.0,0.0
2025-01-30 10:03:00-05:00,65.88710021972656,65.9000015258789,65.88710021972656,65.9000015258789,331,0.0,0.0,0.0
2025-01-30 10:04:00-05:00,65.93000030517578,65.94000244140625,65.93000030517578,65.94000244140625,851,0.0,0.0,0.0
2025-01-30 10:05:00-05:00,65.94000244140625,65.95999908447266,65.94000244140625,65.95999908447266,1186,0.0,0.0,0.0
2025-01-30 10:09:00-05:00,65.94000244140625,65.94000244140625,65.93000030517578,65.93000030517578,296,0.0,0.0,0.0
2025-01-30 10:10:00-05:00,65.94000244140625,65.95999908447266,65.94000244140625,65.95999908447266,937,0.0,0.0,0.0
2025-01-30 10:11:00-05:00,65.95999908447266,65.97000122070312,65.95999908447266,65.97000122070312,770,0.0,0.0,0.0
2025-01-30 10:17:00-05:00,65.91999816894531,65.91999816894531,65.91999816894531,65.91999816894531,100,0.0,0.0,0.0
2025-01-30 10:18:00-05:00,65.93000030517578,65.93000030517578,65.93000030517578,65.93000030517578,168,0.0,0.0,0.0
2025-01-30 10:23:00-05:00,65.94999694824219,65.94999694824219,65.94670104980469,65.94999694824219,1416,0.0,0.0,0.0
2025-01-30 10:24:00-05:00,65.94999694824219,65.97000122070312,65.94999694824219,65.97000122070312,845,0.0,0.0,0.0
2025-01-30 10:30:00-05:00,65.80500030517578,65.80500030517578,65.79000091552734,65.79000091552734,365,0.0,0.0,0.0
2025-01-30 10:32:00-05:00,65.80999755859375,65.80999755859375,65.80999755859375,65.80999755859375,235,0.0,0.0,0.0
2025-01-30 10:34:00-05:00,65.83000183105469,65.83999633789062,65.83000183105469,65.83000183105469,1422,0.0,0.0,0.0
2025-01-30 10:35:00-05:00,65.8916015625,65.91000366210938,65.8916015625,65.91000366210938,726,0.0,0.0,0.0
2025-01-30 10:36:00-05:00,65.9000015258789,65.9000015258789,65.88999938964844,65.88999938964844,327,0.0,0.0,0.0
2025-01-30 10:37:00-05:00,65.9000015258789,65.91000366210938,65.8949966430664,65.91000366210938,6841,0.0,0.0,0.0
2025-01-30 10:38:00-05:00,65.92990112304688,65.93000030517578,65.91999816894531,65.93000030517578,2088,0.0,0.0,0.0
2025-01-30 10:39:00-05:00,65.94999694824219,65.94999694824219,65.94999694824219,65.94999694824219,500,0.0,0.0,0.0
2025-01-30 10:40:00-05:00,65.95999908447266,65.95999908447266,65.95999908447266,65.95999908447266,140,0.0,0.0,0.0
2025-01-30 10:45:00-05:00,65.8949966430664,65.8949966430664,65.8949966430664,65.8949966430664,145,0.0,0.0,0.0
2025-01-30 10:47:00-05:00,65.91000366210938,65.92500305175781,65.91000366210938,65.92500305175781,338,0.0,0.0,0.0
2025-01-30 10:48:00-05:00,65.9301986694336,65.9301986694336,65.9301986694336,65.9301986694336,225,0.0,0.0,0.0
2025-01-30 10:50:00-05:00,65.91000366210938,65.91000366210938,65.9000015258789,65.9000015258789,408,0.0,0.0,0.0
2025-01-30 10:53:00-05:00,65.79000091552734,65.79000091552734,65.79000091552734,65.79000091552734,157,0.0,0.0,0.0
2025-01-30 10:55:00-05:00,65.73999786376953,65.73999786376953,65.7300033569336,65.7300033569336,632,0.0,0.0,0.0
2025-01-30 10:56:00-05:00,65.70999908447266,65.70999908447266,65.69999694824219,65.70999908447266,777,0.0,0.0,0.0
2025-01-30 10:57:00-05:00,65.70999908447266,65.7302017211914,65.70999908447266,65.7300033569336,1092,0.0,0.0,0.0
2025-01-30 10:58:00-05:00,65.72000122070312,65.72000122070312,65.69999694824219,65.70999908447266,963,0.0,0.0,0.0
2025-01-30 11:03:00-05:00,65.70999908447266,65.72000122070312,65.70999908447266,65.72000122070312,458,0.0,0.0,0.0
2025-01-30 11:05:00-05:00,65.7300033569336,65.7300033569336,65.72000122070312,65.7300033569336,1482,0.0,0.0,0.0
2025-01-30 11:10:00-05:00,65.70999908447266,65.7249984741211,65.70999908447266,65.7249984741211,759,0.0,0.0,0.0
2025-01-30 11:13:00-05:00,65.6801986694336,65.6801986694336,65.6801986694336,65.6801986694336,114,0.0,0.0,0.0
2025-01-30 11:14:00-05:00,65.68000030517578,65.68000030517578,65.68000030517578,65.68000030517578,125,0.0,0.0,0.0
2025-01-30 11:15:00-05:00,65.66999816894531,65.66999816894531,65.6417007446289,65.65979766845703,4630,0.0,0.0,0.0
2025-01-30 11:16:00-05:00,65.66000366210938,65.66000366210938,65.6500015258789,65.66000366210938,908,0.0,0.0,0.0
2025-01-30 11:17:00-05:00,65.6449966430664,65.6449966430664,65.6449966430664,65.6449966430664,100,0.0,0.0,0.0
2025-01-30 11:18:00-05:00,65.6604995727539,65.68000030517578,65.6604995727539,65.68000030517578,777,0.0,0.0,0.0
2025-01-30 11:19:00-05:00,65.69999694824219,65.69999694824219,65.69999694824219,65.69999694824219,100,0.0,0.0,0.0
2025-01-30 11:20:00-05:00,65.7300033569336,65.7300033569336,65.72000122070312,65.72000122070312,458,0.0,0.0,0.0
2025-01-30 11:25:00-05:00,65.8499984741211,65.8499984741211,65.8499984741211,65.8499984741211,199,0.0,0.0,0.0
2025-01-30 11:29:00-05:00,65.85669708251953,65.86000061035156,65.84500122070312,65.85669708251953,57212,0.0,0.0,0.0
2025-01-30 11:30:00-05:00,65.87000274658203,65.87999725341797,65.87000274658203,65.87999725341797,273,0.0,0.0,0.0
2025-01-30 11:31:00-05:00,65.86000061035156,65.86000061035156,65.86000061035156,65.86000061035156,235,0.0,0.0,0.0
2025-01-30 11:34:00-05:00,65.83000183105469,65.83000183105469,65.83000183105469,65.83000183105469,1713,0.0,0.0,0.0
2025-01-30 11:35:00-05:00,65.83000183105469,65.8301010131836,65.81999969482422,65.81999969482422,894,0.0,0.0,0.0
2025-01-30 11:36:00-05:00,65.8499984741211,65.8499984741211,65.8499984741211,65.8499984741211,324,0.0,0.0,0.0
2025-01-30 11:42:00-05:00,65.88349914550781,65.88999938964844,65.88349914550781,65.88999938964844,437,0.0,0.0,0.0
2025-01-30 11:43:00-05:00,65.8949966430664,65.8949966430664,65.8949966430664,65.8949966430664,531,0.0,0.0,0.0
2025-01-30 11:44:00-05:00,65.88999938964844,65.88999938964844,65.88999938964844,65.88999938964844,235,0.0,0.0,0.0
2025-01-30 11:45:00-05:00,65.87999725341797,65.89900207519531,65.87999725341797,65.8949966430664,2656,0.0,0.0,0.0
2025-01-30 11:46:00-05:00,65.88999938964844,65.8949966430664,65.88999938964844,65.8949966430664,365,0.0,0.0,0.0
2025-01-30 11:47:00-05:00,65.9000015258789,65.9010009765625,65.9000015258789,65.9010009765625,550,0.0,0.0,0.0
2025-01-30 11:48:00-05:00,65.9000015258789,65.9000015258789,65.8949966430664,65.8949966430664,35508,0.0,0.0,0.0
2025-01-30 11:49:00-05:00,65.88999938964844,65.88999938964844,65.88999938964844,65.88999938964844,122,0.0,0.0,0.0
2025-01-30 11:51:00-05:00,65.94000244140625,65.95130157470703,65.94000244140625,65.95130157470703,411,0.0,0.0,0.0
2025-01-30 11:52:00-05:00,65.94999694824219,65.94999694824219,65.94999694824219,65.94999694824219,102,0.0,0.0,0.0
2025-01-30 11:53:00-05:00,65.94020080566406,65.94020080566406,65.94020080566406,65.94020080566406,376,0.0,0.0,0.0
2025-01-30 11:54:00-05:00,65.9800033569336,65.9800033569336,65.9800033569336,65.9800033569336,194,0.0,0.0,0.0
2025-01-30 11:55:00-05:00,65.97000122070312,65.97010040283203,65.97000122070312,65.97010040283203,805,0.0,0.0,0.0
2025-01-30 11:56:00-05:00,65.98030090332031,65.98030090332031,65.98030090332031,65.98030090332031,382,0.0,0.0,0.0
2025-01-30 11:57:00-05:00,66.01000213623047,66.0199966430664,66.01000213623047,66.0199966430664,763,0.0,0.0,0.0
2025-01-30 11:59:00-05:00,65.98999786376953,65.98999786376953,65.98999786376953,65.98999786376953,490,0.0,0.0,0.0
2025-01-30 12:00:00-05:00,65.9800033569336,65.9800033569336,65.95249938964844,65.95249938964844,777,0.0,0.0,0.0
2025-01-30 12:02:00-05:00,65.93000030517578,65.94499969482422,65.93000030517578,65.94499969482422,296,0.0,0.0,0.0
2025-01-30 12:03:00-05:00,65.95999908447266,65.95999908447266,65.9552001953125,65.95980072021484,1708,0.0,0.0,0.0
2025-01-30 12:04:00-05:00,65.95500183105469,65.95999908447266,65.94999694824219,65.94999694824219,306,0.0,0.0,0.0
2025-01-30 12:08:00-05:00,65.94000244140625,65.94000244140625,65.94000244140625,65.94000244140625,100,0.0,0.0,0.0
2025-01-30 12:09:00-05:00,65.94000244140625,65.94000244140625,65.94000244140625,65.94000244140625,146,0.0,0.0,0.0
2025-01-30 12:13:00-05:00,65.88990020751953,65.88990020751953,65.87000274658203,65.87000274658203,338,0.0,0.0,0.0
2025-01-30 12:14:00-05:00,65.8499984741211,65.87000274658203,65.8499984741211,65.87000274658203,3596,0.0,0.0,0.0
2025-01-30 12:15:00-05:00,65.86000061035156,65.86000061035156,65.86000061035156,65.86000061035156,232,0.0,0.0,0.0
2025-01-30 12:16:00-05:00,65.87000274658203,65.87989807128906,65.87000274658203,65.87000274658203,866,0.0,0.0,0.0
2025-01-30 12:18:00-05:00,65.8550033569336,65.87000274658203,65.8550033569336,65.87000274658203,1555,0.0,0.0,0.0
2025-01-30 12:19:00-05:00,65.86000061035156,65.86000061035156,65.85859680175781,65.85859680175781,645,0.0,0.0,0.0
2025-01-30 12:20:00-05:00,65.8499984741211,65.8499984741211,65.8499984741211,65.8499984741211,136,0.0,0.0,0.0
2025-01-30 12:21:00-05:00,65.8550033569336,65.87000274658203,65.8550033569336,65.87000274658203,238,0.0,0.0,0.0
2025-01-30 12:22:00-05:00,65.83999633789062,65.84500122070312,65.83999633789062,65.83999633789062,2206,0.0,0.0,0.0
2025-01-30 12:23:00-05:00,65.83999633789062,65.83999633789062,65.83999633789062,65.83999633789062,427,0.0,0.0,0.0
2025-01-30 12:29:00-05:00,65.78009796142578,65.80899810791016,65.78009796142578,65.80899810791016,3552,0.0,0.0,0.0
2025-01-30 12:30:00-05:00,65.80979919433594,65.80979919433594,65.80000305175781,65.80000305175781,5820,0.0,0.0,0.0
2025-01-30 12:31:00-05:00,65.80000305175781,65.80570220947266,65.80000305175781,65.80570220947266,900,0.0,0.0,0.0
2025-01-30 12:32:00-05:00,65.77200317382812,65.79000091552734,65.77200317382812,65.79000091552734,455,0.0,0.0,0.0
2025-01-30 12:33:00-05:00,65.80329895019531,65.80329895019531,65.80329895019531,65.80329895019531,278,0.0,0.0,0.0
2025-01-30 12:34:00-05:00,65.81999969482422,65.81999969482422,65.81999969482422,65.81999969482422,141,0.0,0.0,0.0
2025-01-30 12:37:00-05:00,65.81999969482422,65.81999969482422,65.81999969482422,65.81999969482422,101,0.0,0.0,0.0
2025-01-30 12:42:00-05:00,65.87129974365234,65.87129974365234,65.87129974365234,65.87129974365234,344,0.0,0.0,0.0
2025-01-30 12:43:00-05:00,65.88999938964844,65.88999938964844,65.88999938964844,65.88999938964844,100,0.0,0.0,0.0
2025-01-30 12:44:00-05:00,65.86000061035156,65.86000061035156,65.8499984741211,65.8499984741211,4308,0.0,0.0,0.0
2025-01-30 12:46:00-05:00,65.85990142822266,65.85990142822266,65.85990142822266,65.85990142822266,450,0.0,0.0,0.0
2025-01-30 12:47:00-05:00,65.8499984741211,65.8499984741211,65.8499984741211,65.8499984741211,100,0.0,0.0,0.0
2025-01-30 12:49:00-05:00,65.8678970336914,65.8678970336914,65.8678970336914,65.8678970336914,151,0.0,0.0,0.0
2025-01-30 12:50:00-05:00,65.86979675292969,65.86979675292969,65.86979675292969,65.86979675292969,325,0.0,0.0,0.0
2025-01-30 12:51:00-05:00,65.87000274658203,65.88819885253906,65.87000274658203,65.88819885253906,1688,0.0,0.0,0.0
2025-01-30 12:52:00-05:00,65.88500213623047,65.88999938964844,65.88500213623047,65.88569641113281,1660,0.0,0.0,0.0
2025-01-30 12:54:00-05:00,65.88999938964844,65.88999938964844,65.88999938964844,65.88999938964844,200,0.0,0.0,0.0
2025-01-30 12:55:00-05:00,65.89990234375,65.89990234375,65.88999938964844,65.88999938964844,766,0.0,0.0,0.0
2025-01-30 12:57:00-05:00,65.8949966430664,65.90499877929688,65.8949966430664,65.90499877929688,2634,0.0,0.0,0.0
2025-01-30 12:59:00-05:00,65.90499877929688,65.90499877929688,65.90499877929688,65.90499877929688,220,0.0,0.0,0.0
2025-01-30 13:01:00-05:00,65.91999816894531,65.91999816894531,65.91000366210938,65.91000366210938,335,0.0,0.0,0.0
2025-01-30 13:02:00-05:00,65.9000015258789,65.9000015258789,65.9000015258789,65.9000015258789,277,0.0,0.0,0.0
2025-01-30 13:03:00-05:00,65.92500305175781,65.92990112304688,65.91999816894531,65.92990112304688,4836,0.0,0.0,0.0
2025-01-30 13:04:00-05:00,65.91999816894531,65.91999816894531,65.91999816894531,65.91999816894531,366,0.0,0.0,0.0
2025-01-30 13:09:00-05:00,65.9751968383789,65.9751968383789,65.97000122070312,65.97000122070312,423,0.0,0.0,0.0
2025-01-30 13:12:00-05:00,65.94000244140625,65.95570373535156,65.94000244140625,65.95570373535156,658,0.0,0.0,0.0
2025-01-30 13:14:00-05:00,65.95999908447266,65.96749877929688,65.94999694824219,65.94999694824219,614,0.0,0.0,0.0
2025-01-30 13:16:00-05:00,65.95429992675781,65.95999908447266,65.95429992675781,65.95999908447266,2556,0.0,0.0,0.0
2025-01-30 13:17:00-05:00,65.95999908447266,65.96179962158203,65.95999908447266,65.96179962158203,390,0.0,0.0,0.0
2025-01-30 13:18:00-05:00,65.97000122070312,65.97000122070312,65.96520233154297,65.96520233154297,596,0.0,0.0,0.0
2025-01-30 13:19:00-05:00,65.97000122070312,65.97000122070312,65.97000122070312,65.97000122070312,150,0.0,0.0,0.0
2025-01-30 13:20:00-05:00,65.95999908447266,65.95999908447266,65.95999908447266,65.95999908447266,100,0.0,0.0,0.0
2025-01-30 13:21:00-05:00,65.96499633789062,65.96499633789062,65.96499633789062,65.96499633789062,266,0.0,0.0,0.0
2025-01-30 13:25:00-05:00,65.9905014038086,65.9905014038086,65.9905014038086,65.9905014038086,235,0.0,0.0,0.0
2025-01-30 13:29:00-05:00,65.94999694824219,65.95999908447266,65.94999694824219,65.95999908447266,20142,0.0,0.0,0.0
2025-01-30 13:30:00-05:00,65.9800033569336,65.9800033569336,65.9800033569336,65.9800033569336,400,0.0,0.0,0.0
2025-01-30 13:31:00-05:00,66.0,66.0,66.0,66.0,211,0.0,0.0,0.0
2025-01-30 13:33:00-05:00,66.02010345458984,66.02010345458984,66.02010345458984,66.02010345458984,1635,0.0,0.0,0.0
2025-01-30 13:35:00-05:00,66.03569793701172,66.03569793701172,66.02999877929688,66.02999877929688,3385,0.0,0.0,0.0
2025-01-30 13:36:00-05:00,66.03990173339844,66.03990173339844,66.03990173339844,66.03990173339844,2620,0.0,0.0,0.0
2025-01-30 13:37:00-05:00,66.0614013671875,66.06819915771484,66.0614013671875,66.06819915771484,0,0.0,0.0,0.0
2025-01-30 13:39:00-05:00,66.08000183105469,66.08000183105469,66.08000183105469,66.08000183105469,181,0.0,0.0,0.0
2025-01-30 13:42:00-05:00,66.08499908447266,66.08499908447266,66.08499908447266,66.08499908447266,110,0.0,0.0,0.0
2025-01-30 13:43:00-05:00,66.07499694824219,66.07499694824219,66.07499694824219,66.07499694824219,501,0.0,0.0,0.0
2025-01-30 13:44:00-05:00,66.06999969482422,66.06999969482422,66.06999969482422,66.06999969482422,100,0.0,0.0,0.0
2025-01-30 13:45:00-05:00,66.06999969482422,66.08999633789062,66.06999969482422,66.08999633789062,400,0.0,0.0,0.0
2025-01-30 13:46:00-05:00,66.09480285644531,66.09480285644531,66.09480285644531,66.09480285644531,721,0.0,0.0,0.0
2025-01-30 13:47:00-05:00,66.08000183105469,66.08000183105469,66.08000183105469,66.08000183105469,100,0.0,0.0,0.0
2025-01-30 13:48:00-05:00,66.07949829101562,66.07949829101562,66.07949829101562,66.07949829101562,173,0.0,0.0,0.0
2025-01-30 13:51:00-05:00,66.07949829101562,66.07949829101562,66.06999969482422,66.06999969482422,17294,0.0,0.0,0.0
2025-01-30 13:52:00-05:00,66.06999969482422,66.06999969482422,66.06999969482422,66.06999969482422,239,0.0,0.0,0.0
2025-01-30 13:53:00-05:00,66.08999633789062,66.08999633789062,66.08000183105469,66.08000183105469,3278,0.0,0.0,0.0
2025-01-30 13:54:00-05:00,66.0999984741211,66.0999984741211,66.0999984741211,66.0999984741211,5236,0.0,0.0,0.0
2025-01-30 13:55:00-05:00,66.06999969482422,66.06999969482422,66.06999969482422,66.06999969482422,135,0.0,0.0,0.0
2025-01-30 13:57:00-05:00,66.08999633789062,66.08999633789062,66.08999633789062,66.08999633789062,200,0.0,0.0,0.0
2025-01-30 13:58:00-05:00,66.095703125,66.095703125,66.095703125,66.095703125,382,0.0,0.0,0.0
2025-01-30 13:59:00-05:00,66.08999633789062,66.08999633789062,66.08999633789062,66.08999633789062,302,0.0,0.0,0.0
2025-01-30 14:00:00-05:00,66.07009887695312,66.07009887695312,66.06009674072266,66.06999969482422,8236,0.0,0.0,0.0
2025-01-30 14:01:00-05:00,66.08000183105469,66.08499908447266,66.08000183105469,66.08499908447266,946,0.0,0.0,0.0
2025-01-30 14:02:00-05:00,66.08000183105469,66.08000183105469,66.08000183105469,66.08000183105469,336,0.0,0.0,0.0
2025-01-30 14:04:00-05:00,66.05139923095703,66.05139923095703,66.05139923095703,66.05139923095703,1135,0.0,0.0,0.0
2025-01-30 14:05:00-05:00,66.07499694824219,66.07499694824219,66.06999969482422,66.06999969482422,618,0.0,0.0,0.0
2025-01-30 14:09:00-05:00,66.0813980102539,66.0813980102539,66.0813980102539,66.0813980102539,108,0.0,0.0,0.0
2025-01-30 14:10:00-05:00,66.08000183105469,66.08000183105469,66.08000183105469,66.08000183105469,251,0.0,0.0,0.0
2025-01-30 14:11:00-05:00,66.0895004272461,66.08999633789062,66.0895004272461,66.08999633789062,583,0.0,0.0,0.0
2025-01-30 14:12:00-05:00,66.0999984741211,66.0999984741211,66.0999984741211,66.0999984741211,183,0.0,0.0,0.0
2025-01-30 14:13:00-05:00,66.0999984741211,66.0999984741211,66.0999984741211,66.0999984741211,176,0.0,0.0,0.0
2025-01-30 14:14:00-05:00,66.10859680175781,66.10859680175781,66.10679626464844,66.10679626464844,1370,0.0,0.0,0.0
2025-01-30 14:16:00-05:00,66.0999984741211,66.0999984741211,66.0999984741211,66.0999984741211,112,0.0,0.0,0.0
2025-01-30 14:17:00-05:00,66.09989929199219,66.09989929199219,66.09989929199219,66.09989929199219,404,0.0,0.0,0.0
2025-01-30 14:21:00-05:00,66.09989929199219,66.09989929199219,66.08989715576172,66.08989715576172,11168,0.0,0.0,0.0
2025-01-30 14:24:00-05:00,66.08999633789062,66.08999633789062,66.08999633789062,66.08999633789062,349,0.0,0.0,0.0
2025-01-30 14:25:00-05:00,66.08999633789062,66.09500122070312,66.08999633789062,66.09500122070312,803,0.0,0.0,0.0
2025-01-30 14:26:00-05:00,66.09500122070312,66.09500122070312,66.08999633789062,66.08999633789062,507,0.0,0.0,0.0
2025-01-30 14:27:00-05:00,66.09500122070312,66.09500122070312,66.08000183105469,66.08000183105469,9651,0.0,0.0,0.0
2025-01-30 14:29:00-05:00,66.09140014648438,66.09140014648438,66.08999633789062,66.08999633789062,2382,0.0,0.0,0.0
2025-01-30 14:30:00-05:00,66.08000183105469,66.08000183105469,66.08000183105469,66.08000183105469,643,0.0,0.0,0.0
2025-01-30 14:31:00-05:00,66.06009674072266,66.06009674072266,66.06009674072266,66.06009674072266,138,0.0,0.0,0.0
2025-01-30 14:33:00-05:00,66.06950378417969,66.07129669189453,66.06950378417969,66.06999969482422,812,0.0,0.0,0.0
2025-01-30 14:35:00-05:00,66.06539916992188,66.06539916992188,66.06539916992188,66.06539916992188,550,0.0,0.0,0.0
2025-01-30 14:36:00-05:00,66.06999969482422,66.06999969482422,66.06999969482422,66.06999969482422,174,0.0,0.0,0.0
2025-01-30 14:38:00-05:00,66.05419921875,66.05419921875,66.05020141601562,66.05220031738281,938,0.0,0.0,0.0
2025-01-30 14:39:00-05:00,66.06999969482422,66.07569885253906,66.06999969482422,66.07569885253906,555,0.0,0.0,0.0
2025-01-30 14:41:00-05:00,66.07430267333984,66.08000183105469,66.07050323486328,66.07050323486328,798,0.0,0.0,0.0
2025-01-30 14:42:00-05:00,66.07990264892578,66.07990264892578,66.06999969482422,66.06999969482422,249,0.0,0.0,0.0
2025-01-30 14:43:00-05:00,66.07430267333984,66.07430267333984,66.07430267333984,66.07430267333984,2506,0.0,0.0,0.0
2025-01-30 14:44:00-05:00,66.07499694824219,66.07499694824219,66.07499694824219,66.07499694824219,103,0.0,0.0,0.0
2025-01-30 14:45:00-05:00,66.08000183105469,66.08000183105469,66.08000183105469,66.08000183105469,209,0.0,0.0,0.0
2025-01-30 14:49:00-05:00,66.11000061035156,66.11000061035156,66.1001968383789,66.11000061035156,3980,0.0,0.0,0.0
2025-01-30 14:51:00-05:00,66.11990356445312,66.11990356445312,66.11990356445312,66.11990356445312,503,0.0,0.0,0.0
2025-01-30 14:52:00-05:00,66.11009979248047,66.11009979248047,66.11009979248047,66.11009979248047,154,0.0,0.0,0.0
2025-01-30 14:53:00-05:00,66.1135025024414,66.1135025024414,66.1135025024414,66.1135025024414,134,0.0,0.0,0.0
2025-01-30 14:54:00-05:00,66.12969970703125,66.12969970703125,66.125,66.125,1360,0.0,0.0,0.0
2025-01-30 14:56:00-05:00,66.16000366210938,66.16000366210938,66.16000366210938,66.16000366210938,100,0.0,0.0,0.0
2025-01-30 14:57:00-05:00,66.16000366210938,66.16000366210938,66.1500015258789,66.1500015258789,300,0.0,0.0,0.0
2025-01-30 14:58:00-05:00,66.1500015258789,66.16000366210938,66.1500015258789,66.16000366210938,315,0.0,0.0,0.0
2025-01-30 15:00:00-05:00,66.15499877929688,66.15499877929688,66.15499877929688,66.15499877929688,141,0.0,0.0,0.0
2025-01-30 15:01:00-05:00,66.18009948730469,66.18009948730469,66.18009948730469,66.18009948730469,3472,0.0,0.0,0.0
2025-01-30 15:02:00-05:00,66.18499755859375,66.20999908447266,66.18499755859375,66.20050048828125,789,0.0,0.0,0.0
2025-01-30 15:03:00-05:00,66.20020294189453,66.20999908447266,66.20020294189453,66.20999908447266,554,0.0,0.0,0.0
2025-01-30 15:04:00-05:00,66.20570373535156,66.20999908447266,66.20570373535156,66.20999908447266,1968,0.0,0.0,0.0
2025-01-30 15:05:00-05:00,66.20140075683594,66.20500183105469,66.19999694824219,66.19999694824219,1139,0.0,0.0,0.0
2025-01-30 15:06:00-05:00,66.20860290527344,66.21910095214844,66.20010375976562,66.21009826660156,7445,0.0,0.0,0.0
2025-01-30 15:07:00-05:00,66.20999908447266,66.20999908447266,66.18949890136719,66.18949890136719,526,0.0,0.0,0.0
2025-01-30 15:09:00-05:00,66.18990325927734,66.18990325927734,66.18990325927734,66.18990325927734,200,0.0,0.0,0.0
2025-01-30 15:10:00-05:00,66.19999694824219,66.20999908447266,66.19999694824219,66.19999694824219,12807,0.0,0.0,0.0
2025-01-30 15:11:00-05:00,66.19999694824219,66.21499633789062,66.19999694824219,66.20999908447266,899,0.0,0.0,0.0
2025-01-30 15:12:00-05:00,66.20999908447266,66.20999908447266,66.20999908447266,66.20999908447266,520,0.0,0.0,0.0
2025-01-30 15:13:00-05:00,66.21479797363281,66.21479797363281,66.2146987915039,66.2146987915039,356,0.0,0.0,0.0
2025-01-30 15:14:00-05:00,66.20999908447266,66.21589660644531,66.20999908447266,66.21499633789062,2521,0.0,0.0,0.0
2025-01-30 15:15:00-05:00,66.21499633789062,66.21499633789062,66.20999908447266,66.20999908447266,670,0.0,0.0,0.0
2025-01-30 15:16:00-05:00,66.20999908447266,66.20999908447266,66.19999694824219,66.19999694824219,1596,0.0,0.0,0.0
2025-01-30 15:17:00-05:00,66.21499633789062,66.23999786376953,66.21499633789062,66.23999786376953,2698,0.0,0.0,0.0
2025-01-30 15:18:00-05:00,66.2300033569336,66.2300033569336,66.22000122070312,66.22000122070312,529,0.0,0.0,0.0
2025-01-30 15:19:00-05:00,66.22000122070312,66.24500274658203,66.22000122070312,66.24500274658203,947,0.0,0.0,0.0
2025-01-30 15:20:00-05:00,66.23999786376953,66.24500274658203,66.23429870605469,66.24500274658203,810,0.0,0.0,0.0
2025-01-30 15:22:00-05:00,66.24500274658203,66.25499725341797,66.24500274658203,66.25,1855,0.0,0.0,0.0
2025-01-30 15:23:00-05:00,66.26000213623047,66.26000213623047,66.26000213623047,66.26000213623047,366,0.0,0.0,0.0
2025-01-30 15:24:00-05:00,66.25,66.25,66.25,66.25,1014,0.0,0.0,0.0
2025-01-30 15:25:00-05:00,66.26000213623047,66.26000213623047,66.25,66.2500991821289,2493,0.0,0.0,0.0
2025-01-30 15:26:00-05:00,66.25859832763672,66.25859832763672,66.25,66.25,348,0.0,0.0,0.0
2025-01-30 15:27:00-05:00,66.25,66.25,66.23500061035156,66.23500061035156,398,0.0,0.0,0.0
2025-01-30 15:28:00-05:00,66.25800323486328,66.25990295410156,66.25,66.25,3853,0.0,0.0,0.0
2025-01-30 15:29:00-05:00,66.2300033569336,66.2300033569336,66.2300033569336,66.2300033569336,134,0.0,0.0,0.0
2025-01-30 15:31:00-05:00,66.20999908447266,66.20999908447266,66.20999908447266,66.20999908447266,113,0.0,0.0,0.0
2025-01-30 15:32:00-05:00,66.19999694824219,66.19999694824219,66.19999694824219,66.19999694824219,555,0.0,0.0,0.0
2025-01-30 15:33:00-05:00,66.22000122070312,66.22010040283203,66.22000122070312,66.22000122070312,2040,0.0,0.0,0.0
2025-01-30 15:35:00-05:00,66.2300033569336,66.2300033569336,66.21499633789062,66.21499633789062,304,0.0,0.0,0.0
2025-01-30 15:36:00-05:00,66.20500183105469,66.20500183105469,66.12999725341797,66.12999725341797,2326,0.0,0.0,0.0
2025-01-30 15:37:00-05:00,66.08999633789062,66.12000274658203,66.05000305175781,66.08999633789062,5958,0.0,0.0,0.0
2025-01-30 15:38:00-05:00,66.08000183105469,66.08000183105469,66.0250015258789,66.03500366210938,1360,0.0,0.0,0.0
2025-01-30 15:39:00-05:00,66.05000305175781,66.05000305175781,65.93000030517578,65.93000030517578,517,0.0,0.0,0.0
2025-01-30 15:40:00-05:00,65.86479949951172,65.86479949951172,65.86000061035156,65.86000061035156,663,0.0,0.0,0.0
2025-01-30 15:41:00-05:00,65.79000091552734,65.88999938964844,65.77999877929688,65.87999725341797,4947,0.0,0.0,0.0
2025-01-30 15:42:00-05:00,65.86910247802734,65.94000244140625,65.83999633789062,65.87999725341797,7260,0.0,0.0,0.0
2025-01-30 15:43:00-05:00,65.87999725341797,65.88569641113281,65.81999969482422,65.81999969482422,1824,0.0,0.0,0.0
2025-01-30 15:44:00-05:00,65.7699966430664,65.7699966430664,65.7699966430664,65.7699966430664,200,0.0,0.0,0.0
2025-01-30 15:45:00-05:00,65.76000213623047,65.80999755859375,65.7300033569336,65.80000305175781,2084,0.0,0.0,0.0
2025-01-30 15:46:00-05:00,65.7699966430664,65.80000305175781,65.7699966430664,65.80000305175781,419,0.0,0.0,0.0
2025-01-30 15:47:00-05:00,65.80000305175781,65.8499984741211,65.80000305175781,65.83999633789062,3600,0.0,0.0,0.0
2025-01-30 15:48:00-05:00,65.8499984741211,65.91000366210938,65.8499984741211,65.87999725341797,1908,0.0,0.0,0.0
2025-01-30 15:49:00-05:00,65.93499755859375,65.97000122070312,65.93000030517578,65.97000122070312,2003,0.0,0.0,0.0
2025-01-30 15:50:00-05:00,65.91999816894531,65.94999694824219,65.9000015258789,65.94020080566406,1435,0.0,0.0,0.0
2025-01-30 15:51:00-05:00,65.9822998046875,65.9822998046875,65.95500183105469,65.9749984741211,1417,0.0,0.0,0.0
2025-01-30 15:52:00-05:00,66.01000213623047,66.04000091552734,66.01000213623047,66.02999877929688,8233,0.0,0.0,0.0
2025-01-30 15:53:00-05:00,66.02999877929688,66.02999877929688,66.01000213623047,66.01000213623047,1091,0.0,0.0,0.0
2025-01-30 15:54:00-05:00,66.01000213623047,66.05000305175781,66.00499725341797,66.05000305175781,2095,0.0,0.0,0.0
2025-01-30 15:55:00-05:00,66.05000305175781,66.12000274658203,66.05000305175781,66.0999984741211,2276,0.0,0.0,0.0
2025-01-30 15:56:00-05:00,66.11000061035156,66.11000061035156,66.08999633789062,66.0999984741211,3644,0.0,0.0,0.0
2025-01-30 15:57:00-05:00,66.12000274658203,66.12999725341797,66.05999755859375,66.05999755859375,1937,0.0,0.0,0.0
2025-01-30 15:58:00-05:00,66.05999755859375,66.08000183105469,66.04499816894531,66.05500030517578,9942,0.0,0.0,0.0
2025-01-30 15:59:00-05:00,66.06999969482422,66.10900115966797,66.05999755859375,66.05999755859375,7280,0.0,0.0,0.0
2025-01-31 09:30:00-05:00,66.33000183105469,66.33000183105469,66.33000183105469,66.33000183105469,8598,0.0,0.0,0.0
2025-01-31 09:31:00-05:00,66.36000061035156,66.36000061035156,66.36000061035156,66.36000061035156,619,0.0,0.0,0.0
2025-01-31 09:33:00-05:00,66.31999969482422,66.3499984741211,66.31009674072266,66.3499984741211,894,0.0,0.0,0.0
2025-01-31 09:35:00-05:00,66.31999969482422,66.31999969482422,66.31999969482422,66.31999969482422,700,0.0,0.0,0.0
2025-01-31 09:38:00-05:00,66.3301010131836,66.3301010131836,66.3301010131836,66.3301010131836,277,0.0,0.0,0.0
2025-01-31 09:39:00-05:00,66.33999633789062,66.33999633789062,66.33999633789062,66.33999633789062,260,0.0,0.0,0.0
2025-01-31 09:43:00-05:00,66.37899780273438,66.37899780273438,66.37899780273438,66.37899780273438,1042,0.0,0.0,0.0
2025-01-31 09:46:00-05:00,66.3499984741211,66.3499984741211,66.33499908447266,66.33499908447266,984,0.0,0.0,0.0
2025-01-31 09:47:00-05:00,66.3550033569336,66.3550033569336,66.3550033569336,66.3550033569336,279,0.0,0.0,0.0
2025-01-31 09:49:00-05:00,66.37000274658203,66.37000274658203,66.36000061035156,66.36000061035156,200,0.0,0.0,0.0
2025-01-31 09:50:00-05:00,66.31009674072266,66.31009674072266,66.31009674072266,66.31009674072266,2178,0.0,0.0,0.0
2025-01-31 09:52:00-05:00,66.3499984741211,66.35009765625,66.3499984741211,66.35009765625,572,0.0,0.0,0.0
2025-01-31 09:53:00-05:00,66.3499984741211,66.3499984741211,66.3499984741211,66.3499984741211,242,0.0,0.0,0.0
2025-01-31 09:54:00-05:00,66.37999725341797,66.37999725341797,66.37999725341797,66.37999725341797,557,0.0,0.0,0.0
2025-01-31 10:00:00-05:00,66.4000015258789,66.4000015258789,66.3949966430664,66.3949966430664,310,0.0,0.0,0.0
2025-01-31 10:02:00-05:00,66.43000030517578,66.43000030517578,66.43000030517578,66.43000030517578,309,0.0,0.0,0.0
2025-01-31 10:03:00-05:00,66.44400024414062,66.44400024414062,66.44400024414062,66.44400024414062,529,0.0,0.0,0.0
2025-01-31 10:04:00-05:00,66.44999694824219,66.44999694824219,66.44999694824219,66.44999694824219,131,0.0,0.0,0.0
2025-01-31 10:05:00-05:00,66.43000030517578,66.43000030517578,66.43000030517578,66.43000030517578,200,0.0,0.0,0.0
2025-01-31 10:07:00-05:00,66.43000030517578,66.43000030517578,66.43000030517578,66.43000030517578,407,0.0,0.0,0.0
2025-01-31 10:09:00-05:00,66.41999816894531,66.4375991821289,66.41999816894531,66.4375991821289,9566,0.0,0.0,0.0
2025-01-31 10:10:00-05:00,66.45999908447266,66.45999908447266,66.45999908447266,66.45999908447266,4158,0.0,0.0,0.0
2025-01-31 10:11:00-05:00,66.45999908447266,66.4760971069336,66.45999908447266,66.4760971069336,450,0.0,0.0,0.0
2025-01-31 10:12:00-05:00,66.47000122070312,66.47000122070312,66.45999908447266,66.45999908447266,1391,0.0,0.0,0.0
2025-01-31 10:17:00-05:00,66.45390319824219,66.45999908447266,66.45390319824219,66.45999908447266,543,0.0,0.0,0.0
2025-01-31 10:18:00-05:00,66.4656982421875,66.47000122070312,66.4656982421875,66.47000122070312,593,0.0,0.0,0.0
2025-01-31 10:19:00-05:00,66.45999908447266,66.45999908447266,66.45999908447266,66.45999908447266,172,0.0,0.0,0.0
2025-01-31 10:21:00-05:00,66.4301986694336,66.4301986694336,66.4301986694336,66.4301986694336,800,0.0,0.0,0.0
2025-01-31 10:22:00-05:00,66.44499969482422,66.44999694824219,66.44499969482422,66.44999694824219,3147,0.0,0.0,0.0
2025-01-31 10:24:00-05:00,66.4800033569336,66.4800033569336,66.47000122070312,66.47000122070312,705,0.0,0.0,0.0
2025-01-31 10:25:00-05:00,66.4800033569336,66.4800033569336,66.470703125,66.470703125,285,0.0,0.0,0.0
2025-01-31 10:26:00-05:00,66.4999008178711,66.4999008178711,66.47000122070312,66.47000122070312,1157,0.0,0.0,0.0
2025-01-31 10:29:00-05:00,66.48999786376953,66.48999786376953,66.48999786376953,66.48999786376953,523,0.0,0.0,0.0
2025-01-31 10:30:00-05:00,66.49500274658203,66.51000213623047,66.49500274658203,66.51000213623047,933,0.0,0.0,0.0
2025-01-31 10:31:00-05:00,66.5199966430664,66.52999877929688,66.5199966430664,66.52999877929688,201,0.0,0.0,0.0
2025-01-31 10:32:00-05:00,66.5250015258789,66.52999877929688,66.5250015258789,66.52999877929688,400,0.0,0.0,0.0
2025-01-31 10:33:00-05:00,66.53009796142578,66.54000091552734,66.52999877929688,66.54000091552734,643,0.0,0.0,0.0
2025-01-31 10:34:00-05:00,66.55000305175781,66.55000305175781,66.55000305175781,66.55000305175781,400,0.0,0.0,0.0
2025-01-31 10:35:00-05:00,66.55000305175781,66.55000305175781,66.54000091552734,66.54000091552734,500,0.0,0.0,0.0
2025-01-31 10:36:00-05:00,66.55000305175781,66.55000305175781,66.55000305175781,66.55000305175781,390,0.0,0.0,0.0
2025-01-31 10:42:00-05:00,66.5,66.5,66.49520111083984,66.5,509,0.0,0.0,0.0
2025-01-31 10:43:00-05:00,66.5,66.5,66.5,66.5,226,0.0,0.0,0.0
2025-01-31 10:44:00-05:00,66.48999786376953,66.48999786376953,66.48999786376953,66.48999786376953,300,0.0,0.0,0.0
2025-01-31 10:45:00-05:00,66.48999786376953,66.48999786376953,66.48999786376953,66.48999786376953,412,0.0,0.0,0.0
2025-01-31 10:46:00-05:00,66.5,66.5,66.4999008178711,66.4999008178711,663,0.0,0.0,0.0
2025-01-31 10:47:00-05:00,66.5,66.51000213623047,66.5,66.51000213623047,401,0.0,0.0,0.0
2025-01-31 10:48:00-05:00,66.5250015258789,66.5250015258789,66.5250015258789,66.5250015258789,100,0.0,0.0,0.0
2025-01-31 10:50:00-05:00,66.53500366210938,66.54000091552734,66.52999877929688,66.52999877929688,3333,0.0,0.0,0.0
2025-01-31 10:51:00-05:00,66.5199966430664,66.54000091552734,66.5199966430664,66.54000091552734,502,0.0,0.0,0.0
2025-01-31 10:52:00-05:00,66.54000091552734,66.54000091552734,66.54000091552734,66.54000091552734,275,0.0,0.0,0.0
2025-01-31 10:58:00-05:00,66.55000305175781,66.55000305175781,66.55000305175781,66.55000305175781,100,0.0,0.0,0.0
2025-01-31 10:59:00-05:00,66.54000091552734,66.54000091552734,66.54000091552734,66.54000091552734,132,0.0,0.0,0.0
2025-01-31 11:02:00-05:00,66.56999969482422,66.56999969482422,66.55999755859375,66.56009674072266,1933,0.0,0.0,0.0
2025-01-31 11:03:00-05:00,66.56999969482422,66.56999969482422,66.55999755859375,66.55999755859375,6351,0.0,0.0,0.0
2025-01-31 11:04:00-05:00,66.55999755859375,66.55999755859375,66.54129791259766,66.55570220947266,3173,0.0,0.0,0.0
2025-01-31 11:05:00-05:00,66.56500244140625,66.56999969482422,66.55999755859375,66.56500244140625,1166,0.0,0.0,0.0
2025-01-31 11:06:00-05:00,66.56999969482422,66.56999969482422,66.55999755859375,66.55999755859375,200,0.0,0.0,0.0
2025-01-31 11:07:00-05:00,66.57499694824219,66.57499694824219,66.57499694824219,66.57499694824219,135,0.0,0.0,0.0
2025-01-31 11:08:00-05:00,66.55989837646484,66.55999755859375,66.55500030517578,66.55999755859375,555,0.0,0.0,0.0
2025-01-31 11:09:00-05:00,66.55999755859375,66.58499908447266,66.55999755859375,66.58000183105469,1091,0.0,0.0,0.0
2025-01-31 11:10:00-05:00,66.58000183105469,66.59989929199219,66.58000183105469,66.59500122070312,1172,0.0,0.0,0.0
2025-01-31 11:11:00-05:00,66.5999984741211,66.5999984741211,66.58499908447266,66.58999633789062,1095,0.0,0.0,0.0
2025-01-31 11:12:00-05:00,66.5999984741211,66.60870361328125,66.59500122070312,66.60870361328125,4297,0.0,0.0,0.0
2025-01-31 11:13:00-05:00,66.5999984741211,66.5999984741211,66.58999633789062,66.58999633789062,1165,0.0,0.0,0.0
2025-01-31 11:14:00-05:00,66.58999633789062,66.60140228271484,66.58999633789062,66.59500122070312,824,0.0,0.0,0.0
2025-01-31 11:15:00-05:00,66.58999633789062,66.58999633789062,66.58499908447266,66.58999633789062,433,0.0,0.0,0.0
2025-01-31 11:16:00-05:00,66.58000183105469,66.58499908447266,66.58000183105469,66.58000183105469,5412,0.0,0.0,0.0
2025-01-31 11:17:00-05:00,66.58000183105469,66.58000183105469,66.56500244140625,66.56500244140625,974,0.0,0.0,0.0
2025-01-31 11:18:00-05:00,66.56999969482422,66.56999969482422,66.56999969482422,66.56999969482422,208,0.0,0.0,0.0
2025-01-31 11:19:00-05:00,66.56999969482422,66.56999969482422,66.56500244140625,66.5656967163086,1569,0.0,0.0,0.0
2025-01-31 11:20:00-05:00,66.57140350341797,66.57140350341797,66.55500030517578,66.55500030517578,1960,0.0,0.0,0.0
2025-01-31 11:21:00-05:00,66.55000305175781,66.55999755859375,66.53500366210938,66.55999755859375,1437,0.0,0.0,0.0
2025-01-31 11:22:00-05:00,66.55000305175781,66.55500030517578,66.55000305175781,66.55500030517578,273,0.0,0.0,0.0
2025-01-31 11:23:00-05:00,66.55500030517578,66.55500030517578,66.55500030517578,66.55500030517578,100,0.0,0.0,0.0
2025-01-31 11:24:00-05:00,66.55999755859375,66.55999755859375,66.55000305175781,66.55000305175781,1134,0.0,0.0,0.0
2025-01-31 11:25:00-05:00,66.55500030517578,66.55500030517578,66.53500366210938,66.53500366210938,1531,0.0,0.0,0.0
2025-01-31 11:26:00-05:00,66.5199966430664,66.5259017944336,66.51499938964844,66.5199966430664,2595,0.0,0.0,0.0
2025-01-31 11:27:00-05:00,66.5199966430664,66.52999877929688,66.5199966430664,66.52999877929688,300,0.0,0.0,0.0
2025-01-31 11:28:00-05:00,66.52999877929688,66.52999877929688,66.50189971923828,66.5199966430664,910,0.0,0.0,0.0
2025-01-31 11:29:00-05:00,66.5199966430664,66.5199966430664,66.5199966430664,66.5199966430664,100,0.0,0.0,0.0
2025-01-31 11:30:00-05:00,66.5,66.5199966430664,66.49299621582031,66.5199966430664,414,0.0,0.0,0.0
2025-01-31 11:31:00-05:00,66.5199966430664,66.52999877929688,66.5199966430664,66.52999877929688,975,0.0,0.0,0.0
2025-01-31 11:32:00-05:00,66.54000091552734,66.54000091552734,66.5250015258789,66.5250015258789,301,0.0,0.0,0.0
2025-01-31 11:33:00-05:00,66.54000091552734,66.54010009765625,66.53500366210938,66.54010009765625,558,0.0,0.0,0.0
2025-01-31 11:34:00-05:00,66.53500366210938,66.53500366210938,66.5199966430664,66.5199966430664,300,0.0,0.0,0.0
2025-01-31 11:35:00-05:00,66.51000213623047,66.51000213623047,66.51000213623047,66.51000213623047,1503,0.0,0.0,0.0
2025-01-31 11:36:00-05:00,66.51010131835938,66.5199966430664,66.51010131835938,66.5199966430664,628,0.0,0.0,0.0
2025-01-31 11:37:00-05:00,66.5250015258789,66.5250015258789,66.5188980102539,66.5188980102539,600,0.0,0.0,0.0
2025-01-31 11:38:00-05:00,66.51499938964844,66.51499938964844,66.49500274658203,66.49500274658203,504,0.0,0.0,0.0
2025-01-31 11:39:00-05:00,66.5,66.50990295410156,66.4800033569336,66.50990295410156,1813,0.0,0.0,0.0
2025-01-31 11:40:00-05:00,66.5000991821289,66.50499725341797,66.5000991821289,66.50499725341797,355,0.0,0.0,0.0
2025-01-31 11:41:00-05:00,66.5082015991211,66.5082015991211,66.49500274658203,66.49500274658203,1535,0.0,0.0,0.0
2025-01-31 11:42:00-05:00,66.5,66.50499725341797,66.48999786376953,66.48999786376953,514,0.0,0.0,0.0
2025-01-31 11:43:00-05:00,66.46499633789062,66.48500061035156,66.46499633789062,66.48500061035156,500,0.0,0.0,0.0
2025-01-31 11:44:00-05:00,66.48500061035156,66.49500274658203,66.4800033569336,66.48999786376953,2293,0.0,0.0,0.0
2025-01-31 11:45:00-05:00,66.48609924316406,66.48609924316406,66.48609924316406,66.48609924316406,526,0.0,0.0,0.0
2025-01-31 11:46:00-05:00,66.47000122070312,66.4749984741211,66.46990203857422,66.4749984741211,8625,0.0,0.0,0.0
2025-01-31 11:47:00-05:00,66.47000122070312,66.4800033569336,66.47000122070312,66.47570037841797,1872,0.0,0.0,0.0
2025-01-31 11:48:00-05:00,66.4800033569336,66.48989868164062,66.4800033569336,66.48989868164062,601,0.0,0.0,0.0
2025-01-31 11:49:00-05:00,66.48999786376953,66.49500274658203,66.48500061035156,66.48999786376953,893,0.0,0.0,0.0
2025-01-31 11:50:00-05:00,66.48500061035156,66.48500061035156,66.4800033569336,66.4800033569336,300,0.0,0.0,0.0
2025-01-31 11:51:00-05:00,66.47000122070312,66.47000122070312,66.47000122070312,66.47000122070312,207,0.0,0.0,0.0
2025-01-31 11:52:00-05:00,66.45999908447266,66.45999908447266,66.44999694824219,66.45999908447266,1496,0.0,0.0,0.0
2025-01-31 11:53:00-05:00,66.4800033569336,66.48999786376953,66.4800033569336,66.48999786376953,800,0.0,0.0,0.0
2025-01-31 11:54:00-05:00,66.48999786376953,66.48999786376953,66.48999786376953,66.48999786376953,2502,0.0,0.0,0.0
2025-01-31 11:55:00-05:00,66.48999786376953,66.48999786376953,66.48999786376953,66.48999786376953,100,0.0,0.0,0.0
2025-01-31 11:56:00-05:00,66.47899627685547,66.4800033569336,66.47730255126953,66.47730255126953,2981,0.0,0.0,0.0
2025-01-31 11:57:00-05:00,66.4800033569336,66.4800033569336,66.47000122070312,66.47010040283203,1894,0.0,0.0,0.0
2025-01-31 11:58:00-05:00,66.48999786376953,66.48999786376953,66.48500061035156,66.48500061035156,809,0.0,0.0,0.0
2025-01-31 12:00:00-05:00,66.48706817626953,66.48999786376953,66.48706817626953,66.48989868164062,588,0.0,0.0,0.0
2025-01-31 12:01:00-05:00,66.4800033569336,66.49009704589844,66.4800033569336,66.48999786376953,1282,0.0,0.0,0.0
2025-01-31 12:02:00-05:00,66.49829864501953,66.49829864501953,66.47000122070312,66.48989868164062,8690,0.0,0.0,0.0
2025-01-31 12:04:00-05:00,66.4656982421875,66.4656982421875,66.4656982421875,66.4656982421875,1127,0.0,0.0,0.0
2025-01-31 12:05:00-05:00,66.45999908447266,66.45999908447266,66.43000030517578,66.43000030517578,471,0.0,0.0,0.0
2025-01-31 12:06:00-05:00,66.43000030517578,66.43000030517578,66.43000030517578,66.43000030517578,190,0.0,0.0,0.0
2025-01-31 12:08:00-05:00,66.44000244140625,66.44000244140625,66.38999938964844,66.41999816894531,1407,0.0,0.0,0.0
2025-01-31 12:09:00-05:00,66.45999908447266,66.45999908447266,66.44999694824219,66.44999694824219,1098,0.0,0.0,0.0
2025-01-31 12:10:00-05:00,66.4800033569336,66.4800033569336,66.44999694824219,66.44999694824219,382,0.0,0.0,0.0
2025-01-31 12:13:00-05:00,66.48500061035156,66.48880004882812,66.47000122070312,66.47000122070312,401,0.0,0.0,0.0
2025-01-31 12:14:00-05:00,66.4800033569336,66.48999786376953,66.4800033569336,66.48999786376953,1200,0.0,0.0,0.0
2025-01-31 12:15:00-05:00,66.4800033569336,66.4800033569336,66.46499633789062,66.4800033569336,738,0.0,0.0,0.0
2025-01-31 12:16:00-05:00,66.47000122070312,66.4749984741211,66.44000244140625,66.44989776611328,2023,0.0,0.0,0.0
2025-01-31 12:17:00-05:00,66.45999908447266,66.47000122070312,66.45999908447266,66.47000122070312,288,0.0,0.0,0.0
2025-01-31 12:18:00-05:00,66.47989654541016,66.48999786376953,66.47989654541016,66.48999786376953,546,0.0,0.0,0.0
2025-01-31 12:19:00-05:00,66.49500274658203,66.49500274658203,66.4800033569336,66.4800033569336,903,0.0,0.0,0.0
2025-01-31 12:20:00-05:00,66.47000122070312,66.4800033569336,66.47000122070312,66.4749984741211,1647,0.0,0.0,0.0
2025-01-31 12:21:00-05:00,66.48999786376953,66.48999786376953,66.48999786376953,66.48999786376953,200,0.0,0.0,0.0
2025-01-31 12:22:00-05:00,66.5199966430664,66.5199966430664,66.5199966430664,66.5199966430664,100,0.0,0.0,0.0
2025-01-31 12:23:00-05:00,66.51499938964844,66.52999877929688,66.51499938964844,66.52999877929688,829,0.0,0.0,0.0
2025-01-31 12:24:00-05:00,66.54000091552734,66.54000091552734,66.53500366210938,66.53500366210938,4490,0.0,0.0,0.0
2025-01-31 12:26:00-05:00,66.54000091552734,66.54499816894531,66.54000091552734,66.54499816894531,235,0.0,0.0,0.0
2025-01-31 12:27:00-05:00,66.55000305175781,66.55000305175781,66.54499816894531,66.55000305175781,401,0.0,0.0,0.0
2025-01-31 12:28:00-05:00,66.55000305175781,66.55999755859375,66.55000305175781,66.55999755859375,800,0.0,0.0,0.0
2025-01-31 12:29:00-05:00,66.55500030517578,66.55690002441406,66.55500030517578,66.55690002441406,895,0.0,0.0,0.0
2025-01-31 12:30:00-05:00,66.56500244140625,66.56500244140625,66.56490325927734,66.56490325927734,4590,0.0,0.0,0.0
2025-01-31 12:31:00-05:00,66.56999969482422,66.57499694824219,66.56999969482422,66.57499694824219,1177,0.0,0.0,0.0
2025-01-31 12:32:00-05:00,66.57029724121094,66.58000183105469,66.57029724121094,66.58000183105469,1580,0.0,0.0,0.0
2025-01-31 12:33:00-05:00,66.55500030517578,66.55500030517578,66.55000305175781,66.55000305175781,585,0.0,0.0,0.0
2025-01-31 12:34:00-05:00,66.55999755859375,66.55999755859375,66.54000091552734,66.54000091552734,636,0.0,0.0,0.0
2025-01-31 12:35:00-05:00,66.55000305175781,66.55000305175781,66.55000305175781,66.55000305175781,101,0.0,0.0,0.0
2025-01-31 12:36:00-05:00,66.55999755859375,66.55999755859375,66.55999755859375,66.55999755859375,200,0.0,0.0,0.0
2025-01-31 12:37:00-05:00,66.55999755859375,66.55999755859375,66.55999755859375,66.55999755859375,231,0.0,0.0,0.0
2025-01-31 12:38:00-05:00,66.55999755859375,66.56500244140625,66.55500030517578,66.56500244140625,696,0.0,0.0,0.0
2025-01-31 12:39:00-05:00,66.55999755859375,66.55999755859375,66.55000305175781,66.55000305175781,200,0.0,0.0,0.0
2025-01-31 12:40:00-05:00,66.54000091552734,66.54000091552734,66.54000091552734,66.54000091552734,544,0.0,0.0,0.0
2025-01-31 12:41:00-05:00,66.55000305175781,66.55000305175781,66.55000305175781,66.55000305175781,260,0.0,0.0,0.0
2025-01-31 12:42:00-05:00,66.55000305175781,66.55000305175781,66.55000305175781,66.55000305175781,200,0.0,0.0,0.0
2025-01-31 12:43:00-05:00,66.54000091552734,66.55000305175781,66.54000091552734,66.54499816894531,320,0.0,0.0,0.0
2025-01-31 12:44:00-05:00,66.53500366210938,66.54000091552734,66.53500366210938,66.54000091552734,369,0.0,0.0,0.0
2025-01-31 12:45:00-05:00,66.54000091552734,66.54010009765625,66.53500366210938,66.54000091552734,1628,0.0,0.0,0.0
2025-01-31 12:47:00-05:00,66.5250015258789,66.52999877929688,66.5250015258789,66.52999877929688,304,0.0,0.0,0.0
2025-01-31 12:48:00-05:00,66.52999877929688,66.53500366210938,66.52729797363281,66.53500366210938,7270,0.0,0.0,0.0
2025-01-31 12:49:00-05:00,66.53500366210938,66.55000305175781,66.53500366210938,66.54000091552734,700,0.0,0.0,0.0
2025-01-31 12:50:00-05:00,66.54000091552734,66.54000091552734,66.54000091552734,66.54000091552734,200,0.0,0.0,0.0
2025-01-31 12:51:00-05:00,66.55500030517578,66.55500030517578,66.54000091552734,66.55000305175781,400,0.0,0.0,0.0
2025-01-31 12:52:00-05:00,66.55000305175781,66.56999969482422,66.55000305175781,66.56999969482422,400,0.0,0.0,0.0
2025-01-31 12:53:00-05:00,66.55999755859375,66.56999969482422,66.55999755859375,66.56500244140625,600,0.0,0.0,0.0
2025-01-31 12:54:00-05:00,66.55999755859375,66.55999755859375,66.55999755859375,66.55999755859375,200,0.0,0.0,0.0
2025-01-31 12:55:00-05:00,66.52999877929688,66.54000091552734,66.5250015258789,66.54000091552734,327,0.0,0.0,0.0
2025-01-31 12:56:00-05:00,66.52999877929688,66.52999877929688,66.52999877929688,66.52999877929688,201,0.0,0.0,0.0
2025-01-31 12:57:00-05:00,66.5250015258789,66.5250015258789,66.5199966430664,66.5199966430664,300,0.0,0.0,0.0
2025-01-31 12:58:00-05:00,66.5199966430664,66.5199966430664,66.51000213623047,66.5199966430664,521,0.0,0.0,0.0
2025-01-31 12:59:00-05:00,66.5199966430664,66.5199966430664,66.5199966430664,66.5199966430664,100,0.0,0.0,0.0
2025-01-31 13:00:00-05:00,66.5250015258789,66.5250015258789,66.51000213623047,66.51000213623047,735,0.0,0.0,0.0
2025-01-31 13:01:00-05:00,66.51499938964844,66.5199966430664,66.51499938964844,66.5199966430664,200,0.0,0.0,0.0
2025-01-31 13:02:00-05:00,66.5199966430664,66.5199966430664,66.51499938964844,66.51499938964844,345,0.0,0.0,0.0
2025-01-31 13:03:00-05:00,66.5199966430664,66.54000091552734,66.5199966430664,66.53500366210938,600,0.0,0.0,0.0
2025-01-31 13:04:00-05:00,66.54000091552734,66.54010009765625,66.5343017578125,66.5343017578125,1226,0.0,0.0,0.0
2025-01-31 13:05:00-05:00,66.55000305175781,66.55000305175781,66.55000305175781,66.55000305175781,102,0.0,0.0,0.0
2025-01-31 13:06:00-05:00,66.55000305175781,66.55000305175781,66.55000305175781,66.55000305175781,234,0.0,0.0,0.0
2025-01-31 13:07:00-05:00,66.54499816894531,66.55000305175781,66.54499816894531,66.55000305175781,482,0.0,0.0,0.0
2025-01-31 13:08:00-05:00,66.54499816894531,66.55139923095703,66.5250015258789,66.5250015258789,1155,0.0,0.0,0.0
2025-01-31 13:09:00-05:00,66.52999877929688,66.52999877929688,66.5250015258789,66.5250015258789,242,0.0,0.0,0.0
2025-01-31 13:10:00-05:00,66.52999877929688,66.54989624023438,66.5250015258789,66.54000091552734,956,0.0,0.0,0.0
2025-01-31 13:12:00-05:00,66.54000091552734,66.54000091552734,66.52999877929688,66.52999877929688,878,0.0,0.0,0.0
2025-01-31 13:14:00-05:00,66.52999877929688,66.52999877929688,66.5250015258789,66.5250015258789,377,0.0,0.0,0.0
2025-01-31 13:15:00-05:00,66.5250015258789,66.5343017578125,66.5250015258789,66.53179931640625,583,0.0,0.0,0.0
2025-01-31 13:16:00-05:00,66.5250015258789,66.52999877929688,66.5199966430664,66.5199966430664,670,0.0,0.0,0.0
2025-01-31 13:17:00-05:00,66.52999877929688,66.53820037841797,66.5250015258789,66.5250015258789,4944,0.0,0.0,0.0
2025-01-31 13:18:00-05:00,66.52999877929688,66.52999877929688,66.5198974609375,66.5198974609375,1044,0.0,0.0,0.0
2025-01-31 13:19:00-05:00,66.49500274658203,66.49500274658203,66.44000244140625,66.44000244140625,2955,0.0,0.0,0.0
2025-01-31 13:20:00-05:00,66.3499984741211,66.4000015258789,66.3499984741211,66.4000015258789,1194,0.0,0.0,0.0
2025-01-31 13:21:00-05:00,66.37999725341797,66.38009643554688,66.33999633789062,66.38009643554688,2599,0.0,0.0,0.0
2025-01-31 13:22:00-05:00,66.37429809570312,66.37429809570312,66.37429809570312,66.37429809570312,148,0.0,0.0,0.0
2025-01-31 13:26:00-05:00,66.28040313720703,66.28040313720703,66.25,66.25829315185547,966,0.0,0.0,0.0
2025-01-31 13:27:00-05:00,66.29989624023438,66.30000305175781,66.29000091552734,66.29000091552734,1063,0.0,0.0,0.0
2025-01-31 13:29:00-05:00,66.25039672851562,66.2699966430664,66.25039672851562,66.2699966430664,474,0.0,0.0,0.0
2025-01-31 13:30:00-05:00,66.22000122070312,66.23500061035156,66.22000122070312,66.2300033569336,1322,0.0,0.0,0.0
2025-01-31 13:31:00-05:00,66.2300033569336,66.25,66.2300033569336,66.25,806,0.0,0.0,0.0
2025-01-31 13:32:00-05:00,66.2699966430664,66.2699966430664,66.22250366210938,66.23999786376953,470,0.0,0.0,0.0
2025-01-31 13:33:00-05:00,66.23999786376953,66.23999786376953,66.23999786376953,66.23999786376953,104,0.0,0.0,0.0
2025-01-31 13:35:00-05:00,66.08999633789062,66.1500015258789,66.08999633789062,66.1500015258789,707,0.0,0.0,0.0
2025-01-31 13:36:00-05:00,66.13999938964844,66.13999938964844,66.11000061035156,66.12000274658203,490,0.0,0.0,0.0
2025-01-31 13:37:00-05:00,66.03500366210938,66.04000091552734,66.03500366210938,66.04000091552734,326,0.0,0.0,0.0
2025-01-31 13:38:00-05:00,66.05000305175781,66.06999969482422,66.05000305175781,66.06999969482422,313,0.0,0.0,0.0
2025-01-31 13:39:00-05:00,66.08000183105469,66.08000183105469,66.08000183105469,66.08000183105469,100,0.0,0.0,0.0
2025-01-31 13:40:00-05:00,66.13999938964844,66.16000366210938,66.13999938964844,66.15149688720703,1074,0.0,0.0,0.0
2025-01-31 13:41:00-05:00,66.20999908447266,66.22000122070312,66.19499969482422,66.19999694824219,801,0.0,0.0,0.0
2025-01-31 13:42:00-05:00,66.18000030517578,66.18000030517578,66.18000030517578,66.18000030517578,275,0.0,0.0,0.0
2025-01-31 13:43:00-05:00,66.16999816894531,66.16999816894531,66.12999725341797,66.12999725341797,755,0.0,0.0,0.0
2025-01-31 13:44:00-05:00,66.12999725341797,66.16000366210938,66.12999725341797,66.16000366210938,401,0.0,0.0,0.0
2025-01-31 13:45:00-05:00,66.16000366210938,66.16000366210938,66.1500015258789,66.1500015258789,460,0.0,0.0,0.0
2025-01-31 13:46:00-05:00,66.16999816894531,66.17990112304688,66.1449966430664,66.1449966430664,404,0.0,0.0,0.0
2025-01-31 13:47:00-05:00,66.19000244140625,66.22000122070312,66.19000244140625,66.22000122070312,1100,0.0,0.0,0.0
2025-01-31 13:48:00-05:00,66.20500183105469,66.20999908447266,66.16699981689453,66.16699981689453,560,0.0,0.0,0.0
2025-01-31 13:49:00-05:00,66.19000244140625,66.19000244140625,66.16000366210938,66.16000366210938,400,0.0,0.0,0.0
2025-01-31 13:50:00-05:00,66.19000244140625,66.19000244140625,66.19000244140625,66.19000244140625,856,0.0,0.0,0.0
2025-01-31 13:51:00-05:00,66.16999816894531,66.16999816894531,66.16000366210938,66.16000366210938,418,0.0,0.0,0.0
2025-01-31 13:52:00-05:00,66.12000274658203,66.12000274658203,66.12000274658203,66.12000274658203,288,0.0,0.0,0.0
2025-01-31 13:53:00-05:00,66.08999633789062,66.0999984741211,66.08999633789062,66.09989929199219,650,0.0,0.0,0.0
2025-01-31 13:54:00-05:00,66.0999984741211,66.12000274658203,66.08999633789062,66.12000274658203,744,0.0,0.0,0.0
2025-01-31 13:55:00-05:00,66.13500213623047,66.13500213623047,66.13500213623047,66.13500213623047,235,0.0,0.0,0.0
2025-01-31 13:56:00-05:00,66.13999938964844,66.1500015258789,66.13999938964844,66.13999938964844,758,0.0,0.0,0.0
2025-01-31 13:57:00-05:00,66.1449966430664,66.1449966430664,66.12000274658203,66.125,2339,0.0,0.0,0.0
2025-01-31 13:58:00-05:00,66.12000274658203,66.12000274658203,66.08499908447266,66.08499908447266,1049,0.0,0.0,0.0
2025-01-31 13:59:00-05:00,66.07499694824219,66.08000183105469,66.07499694824219,66.08000183105469,365,0.0,0.0,0.0
2025-01-31 14:00:00-05:00,66.05999755859375,66.06999969482422,66.05999755859375,66.06999969482422,729,0.0,0.0,0.0
2025-01-31 14:01:00-05:00,66.11000061035156,66.12999725341797,66.11000061035156,66.12999725341797,600,0.0,0.0,0.0
2025-01-31 14:02:00-05:00,66.13500213623047,66.1500015258789,66.12000274658203,66.12000274658203,1042,0.0,0.0,0.0
2025-01-31 14:03:00-05:00,66.07990264892578,66.07990264892578,66.04000091552734,66.04000091552734,1109,0.0,0.0,0.0
2025-01-31 14:05:00-05:00,66.02999877929688,66.02999877929688,66.02999877929688,66.02999877929688,275,0.0,0.0,0.0
2025-01-31 14:06:00-05:00,65.97000122070312,65.97000122070312,65.94999694824219,65.94999694824219,514,0.0,0.0,0.0
2025-01-31 14:07:00-05:00,65.93000030517578,65.93000030517578,65.9000015258789,65.91999816894531,720,0.0,0.0,0.0
2025-01-31 14:08:00-05:00,65.91999816894531,65.91999816894531,65.87999725341797,65.88999938964844,835,0.0,0.0,0.0
2025-01-31 14:09:00-05:00,65.94000244140625,65.94000244140625,65.91999816894531,65.91999816894531,627,0.0,0.0,0.0
2025-01-31 14:10:00-05:00,65.94999694824219,65.96499633789062,65.94999694824219,65.96499633789062,233,0.0,0.0,0.0
2025-01-31 14:11:00-05:00,65.9800033569336,65.98999786376953,65.9800033569336,65.98999786376953,554,0.0,0.0,0.0
2025-01-31 14:12:00-05:00,65.98999786376953,66.0198974609375,65.98999786376953,66.0198974609375,544,0.0,0.0,0.0
2025-01-31 14:13:00-05:00,66.01499938964844,66.02999877929688,66.01000213623047,66.02999877929688,542,0.0,0.0,0.0
2025-01-31 14:14:00-05:00,66.05999755859375,66.07050323486328,66.04000091552734,66.04499816894531,5800,0.0,0.0,0.0
2025-01-31 14:15:00-05:00,66.05999755859375,66.08000183105469,66.05000305175781,66.05000305175781,1160,0.0,0.0,0.0
2025-01-31 14:16:00-05:00,66.04989624023438,66.04989624023438,66.04989624023438,66.04989624023438,386,0.0,0.0,0.0
2025-01-31 14:17:00-05:00,66.03500366210938,66.04000091552734,66.01000213623047,66.01000213623047,563,0.0,0.0,0.0
2025-01-31 14:18:00-05:00,66.00499725341797,66.00499725341797,65.94999694824219,65.94999694824219,1188,0.0,0.0,0.0
2025-01-31 14:19:00-05:00,65.94499969482422,65.97000122070312,65.94499969482422,65.97000122070312,1116,0.0,0.0,0.0
2025-01-31 14:20:00-05:00,65.96499633789062,65.97000122070312,65.94999694824219,65.97000122070312,1051,0.0,0.0,0.0
2025-01-31 14:21:00-05:00,65.94999694824219,65.95999908447266,65.9198989868164,65.94000244140625,3976,0.0,0.0,0.0
2025-01-31 14:22:00-05:00,65.93499755859375,65.95999908447266,65.93000030517578,65.95999908447266,1786,0.0,0.0,0.0
2025-01-31 14:23:00-05:00,65.95999908447266,65.95999908447266,65.95999908447266,65.95999908447266,229,0.0,0.0,0.0
2025-01-31 14:24:00-05:00,65.97000122070312,66.0,65.96499633789062,66.0,2001,0.0,0.0,0.0
2025-01-31 14:25:00-05:00,66.01000213623047,66.0199966430664,66.01000213623047,66.01000213623047,1228,0.0,0.0,0.0
2025-01-31 14:26:00-05:00,66.0,66.0,65.9729995727539,65.98999786376953,2776,0.0,0.0,0.0
2025-01-31 14:27:00-05:00,65.98999786376953,65.98999786376953,65.96499633789062,65.97000122070312,917,0.0,0.0,0.0
2025-01-31 14:28:00-05:00,65.98999786376953,66.01000213623047,65.9801025390625,65.98500061035156,1209,0.0,0.0,0.0
2025-01-31 14:29:00-05:00,66.0,66.01000213623047,66.0,66.01000213623047,464,0.0,0.0,0.0
2025-01-31 14:30:00-05:00,66.03500366210938,66.03500366210938,66.0199966430664,66.02999877929688,565,0.0,0.0,0.0
2025-01-31 14:31:00-05:00,66.04900360107422,66.06999969482422,66.04000091552734,66.04000091552734,3482,0.0,0.0,0.0
2025-01-31 14:32:00-05:00,66.0199966430664,66.03500366210938,66.0199966430664,66.02999877929688,1200,0.0,0.0,0.0
2025-01-31 14:33:00-05:00,66.01499938964844,66.05500030517578,66.01499938964844,66.04499816894531,2179,0.0,0.0,0.0
2025-01-31 14:34:00-05:00,66.04499816894531,66.05999755859375,66.04499816894531,66.05999755859375,622,0.0,0.0,0.0
2025-01-31 14:35:00-05:00,66.06500244140625,66.06500244140625,66.05999755859375,66.05999755859375,204,0.0,0.0,0.0
2025-01-31 14:36:00-05:00,66.0,66.0,65.96499633789062,65.96499633789062,455,0.0,0.0,0.0
2025-01-31 14:37:00-05:00,65.93499755859375,65.93499755859375,65.93499755859375,65.93499755859375,187,0.0,0.0,0.0
2025-01-31 14:38:00-05:00,65.93000030517578,65.93000030517578,65.93000030517578,65.93000030517578,363,0.0,0.0,0.0
2025-01-31 14:39:00-05:00,65.94000244140625,65.94000244140625,65.91999816894531,65.91999816894531,1574,0.0,0.0,0.0
2025-01-31 14:40:00-05:00,65.92500305175781,65.92500305175781,65.91500091552734,65.91999816894531,704,0.0,0.0,0.0
2025-01-31 14:41:00-05:00,65.91999816894531,65.93499755859375,65.91999816894531,65.93499755859375,1148,0.0,0.0,0.0
2025-01-31 14:43:00-05:00,65.87999725341797,65.88999938964844,65.86990356445312,65.875,3925,0.0,0.0,0.0
2025-01-31 14:44:00-05:00,65.85009765625,65.85009765625,65.81999969482422,65.81999969482422,822,0.0,0.0,0.0
2025-01-31 14:45:00-05:00,65.79000091552734,65.7940673828125,65.79000091552734,65.79000091552734,703,0.0,0.0,0.0
2025-01-31 14:46:00-05:00,65.77999877929688,65.77999877929688,65.73030090332031,65.73030090332031,1185,0.0,0.0,0.0
2025-01-31 14:47:00-05:00,65.76499938964844,65.7699966430664,65.76499938964844,65.7699966430664,673,0.0,0.0,0.0
2025-01-31 14:48:00-05:00,65.7699966430664,65.80999755859375,65.7699966430664,65.80999755859375,1327,0.0,0.0,0.0
2025-01-31 14:49:00-05:00,65.83000183105469,65.83000183105469,65.83000183105469,65.83000183105469,200,0.0,0.0,0.0
2025-01-31 14:50:00-05:00,65.83000183105469,65.86499786376953,65.83000183105469,65.86499786376953,530,0.0,0.0,0.0
2025-01-31 14:51:00-05:00,65.87999725341797,65.88500213623047,65.87999725341797,65.88500213623047,1078,0.0,0.0,0.0
2025-01-31 14:52:00-05:00,65.9000015258789,65.91500091552734,65.86000061035156,65.86000061035156,1382,0.0,0.0,0.0
2025-01-31 14:53:00-05:00,65.86499786376953,65.86499786376953,65.80500030517578,65.80500030517578,1315,0.0,0.0,0.0
2025-01-31 14:54:00-05:00,65.83999633789062,65.9000015258789,65.83999633789062,65.9000015258789,1271,0.0,0.0,0.0
2025-01-31 14:55:00-05:00,65.91000366210938,65.94999694824219,65.9000015258789,65.94999694824219,3181,0.0,0.0,0.0
2025-01-31 14:56:00-05:00,65.94499969482422,65.94499969482422,65.92900085449219,65.92900085449219,3250,0.0,0.0,0.0
2025-01-31 14:57:00-05:00,65.93000030517578,65.93000030517578,65.9000015258789,65.9000015258789,1648,0.0,0.0,0.0
2025-01-31 14:58:00-05:00,65.9000015258789,65.93000030517578,65.88999938964844,65.93000030517578,1716,0.0,0.0,0.0
2025-01-31 14:59:00-05:00,65.93900299072266,65.94000244140625,65.93900299072266,65.94000244140625,630,0.0,0.0,0.0
2025-01-31 15:00:00-05:00,65.88999938964844,65.88999938964844,65.84709930419922,65.84870147705078,1243,0.0,0.0,0.0
2025-01-31 15:01:00-05:00,65.83000183105469,65.83000183105469,65.81999969482422,65.81999969482422,640,0.0,0.0,0.0
2025-01-31 15:02:00-05:00,65.76000213623047,65.76000213623047,65.76000213623047,65.76000213623047,403,0.0,0.0,0.0
2025-01-31 15:03:00-05:00,65.77999877929688,65.79000091552734,65.7699966430664,65.78669738769531,3759,0.0,0.0,0.0
2025-01-31 15:04:00-05:00,65.77999877929688,65.77999877929688,65.77999877929688,65.77999877929688,124,0.0,0.0,0.0
2025-01-31 15:05:00-05:00,65.69999694824219,65.75,65.69999694824219,65.70980072021484,4589,0.0,0.0,0.0
2025-01-31 15:06:00-05:00,65.72429656982422,65.72429656982422,65.71929931640625,65.71929931640625,426,0.0,0.0,0.0
2025-01-31 15:08:00-05:00,65.69999694824219,65.69999694824219,65.69999694824219,65.69999694824219,263,0.0,0.0,0.0
2025-01-31 15:09:00-05:00,65.6843032836914,65.6843032836914,65.6843032836914,65.6843032836914,242,0.0,0.0,0.0
2025-01-31 15:10:00-05:00,65.67130279541016,65.70010375976562,65.66999816894531,65.69999694824219,1522,0.0,0.0,0.0
2025-01-31 15:11:00-05:00,65.69999694824219,65.72000122070312,65.69999694824219,65.72000122070312,942,0.0,0.0,0.0
2025-01-31 15:12:00-05:00,65.72000122070312,65.72000122070312,65.72000122070312,65.72000122070312,238,0.0,0.0,0.0
2025-01-31 15:14:00-05:00,65.70999908447266,65.70999908447266,65.70999908447266,65.70999908447266,135,0.0,0.0,0.0
2025-01-31 15:15:00-05:00,65.7300033569336,65.7300033569336,65.7300033569336,65.7300033569336,200,0.0,0.0,0.0
2025-01-31 15:16:00-05:00,65.69000244140625,65.70999908447266,65.69000244140625,65.6990966796875,3406,0.0,0.0,0.0
2025-01-31 15:17:00-05:00,65.70429992675781,65.76000213623047,65.70429992675781,65.76000213623047,2118,0.0,0.0,0.0
2025-01-31 15:18:00-05:00,65.73999786376953,65.73999786376953,65.73999786376953,65.73999786376953,133,0.0,0.0,0.0
2025-01-31 15:19:00-05:00,65.76000213623047,65.7699966430664,65.73999786376953,65.74500274658203,1865,0.0,0.0,0.0
2025-01-31 15:20:00-05:00,65.73999786376953,65.73999786376953,65.73999786376953,65.73999786376953,239,0.0,0.0,0.0
2025-01-31 15:21:00-05:00,65.73999786376953,65.73999786376953,65.73999786376953,65.73999786376953,144,0.0,0.0,0.0
2025-01-31 15:22:00-05:00,65.69000244140625,65.69000244140625,65.67500305175781,65.67500305175781,640,0.0,0.0,0.0
2025-01-31 15:23:00-05:00,65.69000244140625,65.69999694824219,65.69000244140625,65.69999694824219,636,0.0,0.0,0.0
2025-01-31 15:24:00-05:00,65.74859619140625,65.75,65.69999694824219,65.74859619140625,1380,0.0,0.0,0.0
2025-01-31 15:25:00-05:00,65.7699966430664,65.7699966430664,65.76000213623047,65.76000213623047,336,0.0,0.0,0.0
2025-01-31 15:27:00-05:00,65.73139953613281,65.73139953613281,65.73139953613281,65.73139953613281,776,0.0,0.0,0.0
2025-01-31 15:29:00-05:00,65.68000030517578,65.69999694824219,65.68000030517578,65.69999694824219,600,0.0,0.0,0.0
2025-01-31 15:30:00-05:00,65.72000122070312,65.7300033569336,65.68000030517578,65.69000244140625,3064,0.0,0.0,0.0
2025-01-31 15:32:00-05:00,65.70999908447266,65.73139953613281,65.70999908447266,65.7300033569336,733,0.0,0.0,0.0
2025-01-31 15:33:00-05:00,65.7300033569336,65.75,65.72859954833984,65.73999786376953,620,0.0,0.0,0.0
2025-01-31 15:34:00-05:00,65.7322006225586,65.7322006225586,65.7300033569336,65.7300033569336,771,0.0,0.0,0.0
2025-01-31 15:35:00-05:00,65.73770141601562,65.75,65.72000122070312,65.73999786376953,3473,0.0,0.0,0.0
2025-01-31 15:36:00-05:00,65.72000122070312,65.73999786376953,65.72000122070312,65.73999786376953,664,0.0,0.0,0.0
2025-01-31 15:37:00-05:00,65.70999908447266,65.70999908447266,65.70999908447266,65.70999908447266,100,0.0,0.0,0.0
2025-01-31 15:38:00-05:00,65.72000122070312,65.72000122070312,65.72000122070312,65.72000122070312,126,0.0,0.0,0.0
2025-01-31 15:39:00-05:00,65.6698989868164,65.6698989868164,65.66000366210938,65.66500091552734,2805,0.0,0.0,0.0
2025-01-31 15:40:00-05:00,65.66000366210938,65.66999816894531,65.6500015258789,65.66000366210938,6936,0.0,0.0,0.0
2025-01-31 15:41:00-05:00,65.66999816894531,65.66999816894531,65.66000366210938,65.66999816894531,1824,0.0,0.0,0.0
2025-01-31 15:42:00-05:00,65.69999694824219,65.69999694824219,65.69999694824219,65.69999694824219,100,0.0,0.0,0.0
2025-01-31 15:43:00-05:00,65.68000030517578,65.68000030517578,65.63999938964844,65.63999938964844,1306,0.0,0.0,0.0
2025-01-31 15:44:00-05:00,65.68000030517578,65.68000030517578,65.66000366210938,65.66000366210938,1015,0.0,0.0,0.0
2025-01-31 15:45:00-05:00,65.68000030517578,65.69000244140625,65.68000030517578,65.69000244140625,341,0.0,0.0,0.0
2025-01-31 15:46:00-05:00,65.69000244140625,65.7300033569336,65.69000244140625,65.7300033569336,4218,0.0,0.0,0.0
2025-01-31 15:47:00-05:00,65.75,65.7699966430664,65.73999786376953,65.76499938964844,1253,0.0,0.0,0.0
2025-01-31 15:48:00-05:00,65.77999877929688,65.80999755859375,65.77999877929688,65.80999755859375,561,0.0,0.0,0.0
2025-01-31 15:49:00-05:00,65.80999755859375,65.80999755859375,65.77999877929688,65.77999877929688,1193,0.0,0.0,0.0
2025-01-31 15:50:00-05:00,65.80000305175781,65.86000061035156,65.80000305175781,65.83999633789062,1849,0.0,0.0,0.0
2025-01-31 15:51:00-05:00,65.87000274658203,65.87000274658203,65.81999969482422,65.83000183105469,16955,0.0,0.0,0.0
2025-01-31 15:52:00-05:00,65.80999755859375,65.80999755859375,65.7699966430664,65.77999877929688,949,0.0,0.0,0.0
2025-01-31 15:53:00-05:00,65.79000091552734,65.79000091552734,65.69999694824219,65.73999786376953,1804,0.0,0.0,0.0
2025-01-31 15:54:00-05:00,65.75,65.76000213623047,65.70999908447266,65.73999786376953,3898,0.0,0.0,0.0
2025-01-31 15:55:00-05:00,65.7300033569336,65.7300033569336,65.72000122070312,65.72000122070312,810,0.0,0.0,0.0
2025-01-31 15:56:00-05:00,65.73999786376953,65.76000213623047,65.72000122070312,65.7300033569336,1430,0.0,0.0,0.0
2025-01-31 15:57:00-05:00,65.75,65.76000213623047,65.7300033569336,65.76000213623047,1583,0.0,0.0,0.0
2025-01-31 15:58:00-05:00,65.72000122070312,65.75,65.70999908447266,65.72000122070312,1406,0.0,0.0,0.0
2025-01-31 15:59:00-05:00,65.75,65.76000213623047,65.72000122070312,65.72000122070312,8116,0.0,0.0,0.0
