Datetime,Open,High,Low,Close,Volume,Dividends,Stock Splits
2022-07-14 09:00:00+09:00,18400.0,18400.0,17200.0,17200.0,0,0.0,0.0
2022-07-14 10:00:00+09:00,17800.0,17800.0,17200.0,17200.0,532563,0.0,0.0
2022-07-14 11:00:00+09:00,17200.0,17200.0,16600.0,16600.0,462411,0.0,0.0
2022-07-14 12:00:00+09:00,16600.0,16600.0,16600.0,16600.0,463420,0.0,0.0
2022-07-14 13:00:00+09:00,16600.0,16600.0,16600.0,16600.0,145384,0.0,0.0
2022-07-14 14:00:00+09:00,16600.0,16600.0,16600.0,16600.0,95253,0.0,0.0
2022-07-15 09:00:00+09:00,17000.0,17100.0,16300.0,16350.0,729028,0.0,0.0
2022-07-15 10:00:00+09:00,16300.0,16350.0,15700.0,16200.0,494604,0.0,0.0
2022-07-15 11:00:00+09:00,16200.0,16250.0,16000.0,16100.0,129783,0.0,0.0
2022-07-15 12:00:00+09:00,16100.0,16300.0,16050.0,16150.0,47081,0.0,0.0
2022-07-15 13:00:00+09:00,16150.0,16200.0,15800.0,15950.0,82709,0.0,0.0
2022-07-15 14:00:00+09:00,15950.0,16000.0,15450.0,15600.0,165278,0.0,0.0
2022-07-18 09:00:00+09:00,15700.0,15850.0,15300.0,15400.0,0,0.0,0.0
2022-07-18 10:00:00+09:00,15450.0,15600.0,15300.0,15550.0,84504,0.0,0.0
2022-07-18 11:00:00+09:00,15500.0,15850.0,15450.0,15600.0,138755,0.0,0.0
2022-07-18 12:00:00+09:00,15600.0,15900.0,15500.0,15750.0,74339,0.0,0.0
2022-07-18 13:00:00+09:00,15750.0,15800.0,15600.0,15700.0,57831,0.0,0.0
2022-07-18 14:00:00+09:00,15700.0,16200.0,15600.0,15950.0,395427,0.0,0.0
2022-07-19 09:00:00+09:00,16400.0,16900.0,16000.0,16700.0,33971,0.0,0.0
2022-07-19 10:00:00+09:00,16650.0,17250.0,16100.0,16150.0,816282,0.0,0.0
2022-07-19 11:00:00+09:00,16150.0,16200.0,15800.0,15900.0,186138,0.0,0.0
2022-07-19 12:00:00+09:00,15950.0,16000.0,15800.0,15900.0,60406,0.0,0.0
2022-07-19 13:00:00+09:00,15900.0,16050.0,15850.0,15900.0,56774,0.0,0.0
2022-07-19 14:00:00+09:00,15850.0,16350.0,15700.0,16150.0,268982,0.0,0.0
2022-07-20 09:00:00+09:00,17650.0,18750.0,16850.0,17150.0,0,0.0,0.0
2022-07-20 10:00:00+09:00,17150.0,17200.0,16900.0,17050.0,162652,0.0,0.0
2022-07-20 11:00:00+09:00,17050.0,17100.0,16650.0,16750.0,201330,0.0,0.0
2022-07-20 12:00:00+09:00,16800.0,16950.0,16700.0,16800.0,92440,0.0,0.0
2022-07-20 13:00:00+09:00,16750.0,17150.0,16750.0,17000.0,131482,0.0,0.0
2022-07-20 14:00:00+09:00,17000.0,17500.0,17000.0,17400.0,433290,0.0,0.0
2022-07-21 09:00:00+09:00,17450.0,17700.0,16950.0,17100.0,0,0.0,0.0
2022-07-21 10:00:00+09:00,17150.0,17150.0,16700.0,16900.0,154708,0.0,0.0
2022-07-21 11:00:00+09:00,16950.0,17100.0,16800.0,17050.0,70203,0.0,0.0
2022-07-21 12:00:00+09:00,17050.0,17250.0,16950.0,17000.0,84938,0.0,0.0
2022-07-21 13:00:00+09:00,17050.0,17200.0,16950.0,17000.0,49016,0.0,0.0
2022-07-21 14:00:00+09:00,17000.0,17700.0,17000.0,17550.0,539863,0.0,0.0
2022-07-22 09:00:00+09:00,17000.0,17250.0,16800.0,17000.0,0,0.0,0.0
2022-07-22 10:00:00+09:00,17050.0,17050.0,16700.0,16800.0,154720,0.0,0.0
2022-07-22 11:00:00+09:00,16800.0,16900.0,16450.0,16500.0,192143,0.0,0.0
2022-07-22 12:00:00+09:00,16550.0,16600.0,16500.0,16550.0,31484,0.0,0.0
2022-07-22 13:00:00+09:00,16550.0,16750.0,16500.0,16500.0,60182,0.0,0.0
2022-07-22 14:00:00+09:00,16500.0,16700.0,16050.0,16300.0,198839,0.0,0.0
2022-07-25 09:00:00+09:00,16000.0,16150.0,15750.0,15850.0,0,0.0,0.0
2022-07-25 10:00:00+09:00,15850.0,15950.0,15750.0,15900.0,43525,0.0,0.0
2022-07-25 11:00:00+09:00,15850.0,16200.0,15850.0,16000.0,48101,0.0,0.0
2022-07-25 12:00:00+09:00,16000.0,16250.0,16000.0,16200.0,32511,0.0,0.0
2022-07-25 13:00:00+09:00,16150.0,16400.0,16000.0,16000.0,88335,0.0,0.0
2022-07-25 14:00:00+09:00,16000.0,16200.0,15950.0,16000.0,50407,0.0,0.0
2022-07-26 09:00:00+09:00,15900.0,16150.0,15750.0,15950.0,0,0.0,0.0
2022-07-26 10:00:00+09:00,15950.0,16100.0,15900.0,15900.0,34720,0.0,0.0
2022-07-26 11:00:00+09:00,15900.0,15950.0,15750.0,15850.0,44973,0.0,0.0
2022-07-26 12:00:00+09:00,15800.0,15850.0,15750.0,15800.0,26196,0.0,0.0
2022-07-26 13:00:00+09:00,15800.0,15850.0,15750.0,15800.0,18250,0.0,0.0
2022-07-26 14:00:00+09:00,15800.0,15850.0,15600.0,15650.0,48509,0.0,0.0
2022-07-27 09:00:00+09:00,15750.0,16200.0,15600.0,16000.0,0,0.0,0.0
2022-07-27 10:00:00+09:00,16000.0,16000.0,15800.0,15950.0,30923,0.0,0.0
2022-07-27 11:00:00+09:00,15900.0,16050.0,15850.0,16000.0,43573,0.0,0.0
2022-07-27 12:00:00+09:00,16050.0,16050.0,15900.0,15950.0,18139,0.0,0.0
2022-07-27 13:00:00+09:00,15900.0,15950.0,15850.0,15850.0,22354,0.0,0.0
2022-07-27 14:00:00+09:00,15850.0,15950.0,15850.0,15900.0,31048,0.0,0.0
2022-07-28 09:00:00+09:00,16150.0,16200.0,15750.0,15950.0,0,0.0,0.0
2022-07-28 10:00:00+09:00,15900.0,15950.0,15750.0,15750.0,42345,0.0,0.0
2022-07-28 11:00:00+09:00,15750.0,15900.0,15700.0,15700.0,42536,0.0,0.0
2022-07-28 12:00:00+09:00,15750.0,15850.0,15700.0,15750.0,20040,0.0,0.0
2022-07-28 13:00:00+09:00,15750.0,15750.0,15550.0,15700.0,61562,0.0,0.0
2022-07-28 14:00:00+09:00,15700.0,15750.0,15400.0,15400.0,78328,0.0,0.0
2022-07-29 09:00:00+09:00,15450.0,15550.0,15250.0,15300.0,0,0.0,0.0
2022-07-29 10:00:00+09:00,15300.0,15300.0,15050.0,15100.0,138169,0.0,0.0
2022-07-29 11:00:00+09:00,15100.0,15150.0,15050.0,15100.0,51964,0.0,0.0
2022-07-29 12:00:00+09:00,15100.0,15200.0,15050.0,15150.0,22486,0.0,0.0
2022-07-29 13:00:00+09:00,15100.0,15250.0,15100.0,15150.0,15539,0.0,0.0
2022-07-29 14:00:00+09:00,15150.0,15200.0,15050.0,15150.0,26001,0.0,0.0
2022-08-01 09:00:00+09:00,15400.0,15750.0,15300.0,15600.0,129641,0.0,0.0
2022-08-01 10:00:00+09:00,15550.0,15700.0,15450.0,15600.0,35133,0.0,0.0
2022-08-01 11:00:00+09:00,15600.0,15700.0,15500.0,15500.0,23542,0.0,0.0
2022-08-01 12:00:00+09:00,15500.0,15650.0,15500.0,15650.0,12121,0.0,0.0
2022-08-01 13:00:00+09:00,15600.0,15800.0,15600.0,15650.0,56353,0.0,0.0
2022-08-01 14:00:00+09:00,15700.0,15750.0,15550.0,15600.0,47982,0.0,0.0
2022-08-02 09:00:00+09:00,15650.0,15750.0,15300.0,15350.0,0,0.0,0.0
2022-08-02 10:00:00+09:00,15350.0,15450.0,15250.0,15300.0,33330,0.0,0.0
2022-08-02 11:00:00+09:00,15300.0,15300.0,15100.0,15200.0,35990,0.0,0.0
2022-08-02 12:00:00+09:00,15150.0,15200.0,15000.0,15050.0,39215,0.0,0.0
2022-08-02 13:00:00+09:00,15100.0,15150.0,15050.0,15150.0,8189,0.0,0.0
2022-08-02 14:00:00+09:00,15100.0,15150.0,15050.0,15100.0,14101,0.0,0.0
2022-08-03 09:00:00+09:00,14950.0,15050.0,14800.0,14900.0,0,0.0,0.0
2022-08-03 10:00:00+09:00,14950.0,15050.0,14900.0,15050.0,14651,0.0,0.0
2022-08-03 11:00:00+09:00,15000.0,15050.0,14900.0,14950.0,14727,0.0,0.0
2022-08-03 12:00:00+09:00,14900.0,14950.0,14850.0,14900.0,13716,0.0,0.0
2022-08-03 13:00:00+09:00,14900.0,14950.0,14800.0,14900.0,35593,0.0,0.0
2022-08-03 14:00:00+09:00,14850.0,14850.0,14550.0,14650.0,85007,0.0,0.0
2022-08-04 09:00:00+09:00,14900.0,14900.0,14350.0,14400.0,0,0.0,0.0
2022-08-04 10:00:00+09:00,14400.0,14500.0,14350.0,14400.0,41176,0.0,0.0
2022-08-04 11:00:00+09:00,14450.0,14500.0,14350.0,14350.0,17073,0.0,0.0
2022-08-04 12:00:00+09:00,14400.0,14500.0,14350.0,14400.0,13452,0.0,0.0
2022-08-04 13:00:00+09:00,14400.0,14450.0,14300.0,14350.0,25835,0.0,0.0
2022-08-04 14:00:00+09:00,14400.0,14400.0,14300.0,14350.0,20154,0.0,0.0
2022-08-05 09:00:00+09:00,14300.0,15700.0,14050.0,15100.0,489829,0.0,0.0
2022-08-05 10:00:00+09:00,15100.0,15150.0,14700.0,14750.0,96952,0.0,0.0
2022-08-05 11:00:00+09:00,14800.0,14900.0,14750.0,14850.0,22308,0.0,0.0
2022-08-05 12:00:00+09:00,14850.0,14850.0,14550.0,14600.0,66407,0.0,0.0
2022-08-05 13:00:00+09:00,14600.0,14700.0,14550.0,14600.0,31146,0.0,0.0
2022-08-05 14:00:00+09:00,14600.0,14650.0,14500.0,14600.0,18322,0.0,0.0
2022-08-08 09:00:00+09:00,14650.0,14650.0,14350.0,14500.0,0,0.0,0.0
2022-08-08 10:00:00+09:00,14450.0,14500.0,14350.0,14450.0,15774,0.0,0.0
2022-08-08 11:00:00+09:00,14400.0,14500.0,14400.0,14400.0,4808,0.0,0.0
2022-08-08 12:00:00+09:00,14400.0,14550.0,14400.0,14500.0,11968,0.0,0.0
2022-08-08 13:00:00+09:00,14500.0,14500.0,14400.0,14450.0,11109,0.0,0.0
2022-08-08 14:00:00+09:00,14450.0,14600.0,14400.0,14550.0,13054,0.0,0.0
2022-08-09 09:00:00+09:00,14400.0,14450.0,14250.0,14350.0,0,0.0,0.0
2022-08-09 10:00:00+09:00,14400.0,14450.0,14250.0,14300.0,13278,0.0,0.0
2022-08-09 11:00:00+09:00,14300.0,14300.0,14100.0,14250.0,24314,0.0,0.0
2022-08-09 12:00:00+09:00,14200.0,14250.0,14050.0,14150.0,25614,0.0,0.0
2022-08-09 13:00:00+09:00,14150.0,14250.0,14100.0,14200.0,6193,0.0,0.0
2022-08-09 14:00:00+09:00,14200.0,14250.0,14100.0,14150.0,17630,0.0,0.0
2022-08-10 09:00:00+09:00,14100.0,14100.0,13550.0,13600.0,0,0.0,0.0
2022-08-10 10:00:00+09:00,13600.0,13650.0,13450.0,13500.0,53807,0.0,0.0
2022-08-10 11:00:00+09:00,13500.0,13650.0,13450.0,13550.0,16678,0.0,0.0
2022-08-10 12:00:00+09:00,13600.0,13650.0,13500.0,13600.0,17982,0.0,0.0
2022-08-10 13:00:00+09:00,13600.0,13700.0,13550.0,13600.0,17934,0.0,0.0
2022-08-10 14:00:00+09:00,13600.0,14300.0,13550.0,13850.0,85794,0.0,0.0
2022-08-11 09:00:00+09:00,14300.0,14500.0,14150.0,14150.0,0,0.0,0.0
2022-08-11 10:00:00+09:00,14150.0,14250.0,14000.0,14100.0,26486,0.0,0.0
2022-08-11 11:00:00+09:00,14100.0,14100.0,13850.0,13950.0,33368,0.0,0.0
2022-08-11 12:00:00+09:00,13950.0,14000.0,13900.0,14000.0,9848,0.0,0.0
2022-08-11 13:00:00+09:00,14000.0,14100.0,13950.0,14050.0,13019,0.0,0.0
2022-08-11 14:00:00+09:00,14050.0,14100.0,13900.0,14000.0,22059,0.0,0.0
2022-08-12 09:00:00+09:00,14150.0,16400.0,14050.0,16000.0,2182542,0.0,0.0
2022-08-12 10:00:00+09:00,16000.0,16500.0,15500.0,15650.0,1647160,0.0,0.0
2022-08-12 11:00:00+09:00,15700.0,15700.0,15150.0,15450.0,317916,0.0,0.0
2022-08-12 12:00:00+09:00,15350.0,15550.0,15250.0,15350.0,132061,0.0,0.0
2022-08-12 13:00:00+09:00,15350.0,15350.0,15100.0,15250.0,120612,0.0,0.0
2022-08-12 14:00:00+09:00,15300.0,15300.0,14950.0,15200.0,133055,0.0,0.0
2022-08-16 09:00:00+09:00,14750.0,15100.0,14700.0,14800.0,0,0.0,0.0
2022-08-16 10:00:00+09:00,14800.0,15050.0,14700.0,15000.0,84325,0.0,0.0
2022-08-16 11:00:00+09:00,15000.0,15050.0,14850.0,14850.0,24587,0.0,0.0
2022-08-16 12:00:00+09:00,14900.0,14950.0,14750.0,14800.0,35854,0.0,0.0
2022-08-16 13:00:00+09:00,14850.0,14900.0,14750.0,14800.0,31229,0.0,0.0
2022-08-16 14:00:00+09:00,14750.0,14800.0,14500.0,14550.0,116877,0.0,0.0
2022-08-17 09:00:00+09:00,14650.0,14950.0,14500.0,14700.0,236110,0.0,0.0
2022-08-17 10:00:00+09:00,14700.0,14700.0,14500.0,14600.0,38916,0.0,0.0
2022-08-17 11:00:00+09:00,14600.0,14850.0,14500.0,14800.0,48618,0.0,0.0
2022-08-17 12:00:00+09:00,14800.0,14850.0,14700.0,14700.0,22275,0.0,0.0
2022-08-17 13:00:00+09:00,14700.0,14750.0,14600.0,14600.0,21128,0.0,0.0
2022-08-17 14:00:00+09:00,14650.0,14950.0,14600.0,14800.0,76421,0.0,0.0
2022-08-18 09:00:00+09:00,14500.0,14850.0,14450.0,14550.0,212603,0.0,0.0
2022-08-18 10:00:00+09:00,14550.0,14850.0,14550.0,14700.0,71247,0.0,0.0
2022-08-18 11:00:00+09:00,14700.0,14850.0,14650.0,14850.0,29317,0.0,0.0
2022-08-18 12:00:00+09:00,14850.0,14900.0,14700.0,14800.0,29529,0.0,0.0
2022-08-18 13:00:00+09:00,14800.0,15100.0,14750.0,14900.0,110302,0.0,0.0
2022-08-18 14:00:00+09:00,14900.0,15050.0,14850.0,14950.0,78347,0.0,0.0
2022-08-19 09:00:00+09:00,15000.0,15150.0,14800.0,14850.0,0,0.0,0.0
2022-08-19 10:00:00+09:00,14900.0,14950.0,14800.0,14900.0,28349,0.0,0.0
2022-08-19 11:00:00+09:00,14850.0,14900.0,14800.0,14850.0,13402,0.0,0.0
2022-08-19 12:00:00+09:00,14850.0,14900.0,14850.0,14850.0,14612,0.0,0.0
2022-08-19 13:00:00+09:00,14850.0,14950.0,14800.0,14850.0,19123,0.0,0.0
2022-08-19 14:00:00+09:00,14800.0,14900.0,14800.0,14850.0,21053,0.0,0.0
2022-08-22 09:00:00+09:00,14600.0,14650.0,14200.0,14400.0,85643,0.0,0.0
2022-08-22 10:00:00+09:00,14400.0,14450.0,14250.0,14400.0,25230,0.0,0.0
2022-08-22 11:00:00+09:00,14400.0,14400.0,14300.0,14350.0,6879,0.0,0.0
2022-08-22 12:00:00+09:00,14300.0,14350.0,14000.0,14100.0,47426,0.0,0.0
2022-08-22 13:00:00+09:00,14100.0,14150.0,13850.0,14000.0,85544,0.0,0.0
2022-08-22 14:00:00+09:00,13950.0,14000.0,13800.0,13850.0,46303,0.0,0.0
2022-08-23 09:00:00+09:00,13650.0,14000.0,13650.0,13750.0,56659,0.0,0.0
2022-08-23 10:00:00+09:00,13750.0,13850.0,13750.0,13800.0,11185,0.0,0.0
2022-08-23 11:00:00+09:00,13800.0,13850.0,13750.0,13850.0,10496,0.0,0.0
2022-08-23 12:00:00+09:00,13800.0,13850.0,13750.0,13850.0,6046,0.0,0.0
2022-08-23 13:00:00+09:00,13800.0,13850.0,13700.0,13750.0,13719,0.0,0.0
2022-08-23 14:00:00+09:00,13750.0,13800.0,13200.0,13400.0,69047,0.0,0.0
2022-08-24 09:00:00+09:00,13550.0,13700.0,13400.0,13550.0,48164,0.0,0.0
2022-08-24 10:00:00+09:00,13550.0,13550.0,13250.0,13300.0,20689,0.0,0.0
2022-08-24 11:00:00+09:00,13350.0,13450.0,13300.0,13350.0,10809,0.0,0.0
2022-08-24 12:00:00+09:00,13350.0,13450.0,13350.0,13450.0,4827,0.0,0.0
2022-08-24 13:00:00+09:00,13400.0,13500.0,13350.0,13450.0,15703,0.0,0.0
2022-08-24 14:00:00+09:00,13400.0,13450.0,13350.0,13400.0,12860,0.0,0.0
2022-08-25 09:00:00+09:00,13500.0,13750.0,13450.0,13700.0,34855,0.0,0.0
2022-08-25 10:00:00+09:00,13700.0,13750.0,13600.0,13700.0,17463,0.0,0.0
2022-08-25 11:00:00+09:00,13700.0,13750.0,13600.0,13650.0,8259,0.0,0.0
2022-08-25 12:00:00+09:00,13600.0,13650.0,13500.0,13600.0,19842,0.0,0.0
2022-08-25 13:00:00+09:00,13650.0,13700.0,13600.0,13650.0,7057,0.0,0.0
2022-08-25 14:00:00+09:00,13650.0,13750.0,13450.0,13550.0,22696,0.0,0.0
2022-08-26 09:00:00+09:00,13700.0,13950.0,13600.0,13850.0,0,0.0,0.0
2022-08-26 10:00:00+09:00,13800.0,13900.0,13750.0,13900.0,13391,0.0,0.0
2022-08-26 11:00:00+09:00,13900.0,13900.0,13750.0,13800.0,10529,0.0,0.0
2022-08-26 12:00:00+09:00,13800.0,13850.0,13700.0,13700.0,12995,0.0,0.0
2022-08-26 13:00:00+09:00,13700.0,13700.0,13550.0,13700.0,25086,0.0,0.0
2022-08-26 14:00:00+09:00,13700.0,13700.0,13600.0,13600.0,8767,0.0,0.0
2022-08-29 09:00:00+09:00,13000.0,13000.0,12750.0,12900.0,104962,0.0,0.0
2022-08-29 10:00:00+09:00,12900.0,12950.0,12750.0,12800.0,35766,0.0,0.0
2022-08-29 11:00:00+09:00,12800.0,12950.0,12800.0,12900.0,16316,0.0,0.0
2022-08-29 12:00:00+09:00,12900.0,12950.0,12850.0,12900.0,11972,0.0,0.0
2022-08-29 13:00:00+09:00,12900.0,12900.0,12800.0,12850.0,13021,0.0,0.0
2022-08-29 14:00:00+09:00,12900.0,12900.0,12700.0,12750.0,26403,0.0,0.0
2022-08-30 09:00:00+09:00,12850.0,12900.0,12400.0,12400.0,99113,0.0,0.0
2022-08-30 10:00:00+09:00,12400.0,12550.0,12400.0,12400.0,53609,0.0,0.0
2022-08-30 11:00:00+09:00,12450.0,12550.0,12350.0,12500.0,29826,0.0,0.0
2022-08-30 12:00:00+09:00,12550.0,12600.0,12450.0,12550.0,22602,0.0,0.0
2022-08-30 13:00:00+09:00,12600.0,12750.0,12550.0,12700.0,39751,0.0,0.0
2022-08-30 14:00:00+09:00,12700.0,12750.0,12600.0,12650.0,16359,0.0,0.0
2022-08-31 09:00:00+09:00,12600.0,12850.0,12500.0,12800.0,51920,0.0,0.0
2022-08-31 10:00:00+09:00,12800.0,12850.0,12700.0,12750.0,14287,0.0,0.0
2022-08-31 11:00:00+09:00,12750.0,12800.0,12700.0,12800.0,11223,0.0,0.0
2022-08-31 12:00:00+09:00,12750.0,12900.0,12750.0,12850.0,12199,0.0,0.0
2022-08-31 13:00:00+09:00,12800.0,12950.0,12750.0,12900.0,23041,0.0,0.0
2022-08-31 14:00:00+09:00,12950.0,13250.0,12900.0,13050.0,48632,0.0,0.0
2022-09-01 09:00:00+09:00,12900.0,13000.0,12750.0,12950.0,39295,0.0,0.0
2022-09-01 10:00:00+09:00,12950.0,13050.0,12900.0,13000.0,10451,0.0,0.0
2022-09-01 11:00:00+09:00,13000.0,13150.0,12950.0,13050.0,13991,0.0,0.0
2022-09-01 12:00:00+09:00,13050.0,13100.0,12850.0,12900.0,10508,0.0,0.0
2022-09-01 13:00:00+09:00,12900.0,13050.0,12850.0,13000.0,11906,0.0,0.0
2022-09-01 14:00:00+09:00,12950.0,13000.0,12800.0,12900.0,13879,0.0,0.0
2022-09-02 09:00:00+09:00,13000.0,13000.0,12650.0,12700.0,31608,0.0,0.0
2022-09-02 10:00:00+09:00,12650.0,13050.0,12600.0,12800.0,25285,0.0,0.0
2022-09-02 11:00:00+09:00,12800.0,12800.0,12650.0,12700.0,7104,0.0,0.0
2022-09-02 12:00:00+09:00,12700.0,12800.0,12600.0,12750.0,9812,0.0,0.0
2022-09-02 13:00:00+09:00,12700.0,12800.0,12650.0,12700.0,12482,0.0,0.0
2022-09-02 14:00:00+09:00,12650.0,12750.0,12600.0,12700.0,20400,0.0,0.0
2022-09-05 09:00:00+09:00,12550.0,12600.0,12200.0,12300.0,35899,0.0,0.0
2022-09-05 10:00:00+09:00,12300.0,12400.0,12200.0,12250.0,19818,0.0,0.0
2022-09-05 11:00:00+09:00,12250.0,12300.0,12000.0,12000.0,41745,0.0,0.0
2022-09-05 12:00:00+09:00,12050.0,12050.0,11950.0,12050.0,13478,0.0,0.0
2022-09-05 13:00:00+09:00,12000.0,12050.0,11950.0,12000.0,22915,0.0,0.0
2022-09-05 14:00:00+09:00,12000.0,12050.0,11800.0,11900.0,37181,0.0,0.0
2022-09-06 09:00:00+09:00,11900.0,12050.0,11850.0,12000.0,19066,0.0,0.0
2022-09-06 10:00:00+09:00,12000.0,12000.0,11700.0,11800.0,21335,0.0,0.0
2022-09-06 11:00:00+09:00,11750.0,11800.0,11700.0,11800.0,10757,0.0,0.0
2022-09-06 12:00:00+09:00,11750.0,11900.0,11750.0,11750.0,13443,0.0,0.0
2022-09-06 13:00:00+09:00,11800.0,11900.0,11750.0,11850.0,17287,0.0,0.0
2022-09-06 14:00:00+09:00,11800.0,11900.0,11800.0,11850.0,9381,0.0,0.0
2022-09-07 09:00:00+09:00,11700.0,11800.0,11500.0,11800.0,27396,0.0,0.0
2022-09-07 10:00:00+09:00,11800.0,12050.0,11650.0,11800.0,27869,0.0,0.0
2022-09-07 11:00:00+09:00,11800.0,11900.0,11750.0,11850.0,13435,0.0,0.0
2022-09-07 12:00:00+09:00,11850.0,11900.0,11750.0,11800.0,7666,0.0,0.0
2022-09-07 13:00:00+09:00,11800.0,11800.0,11650.0,11750.0,8706,0.0,0.0
2022-09-07 14:00:00+09:00,11750.0,11800.0,11600.0,11700.0,18059,0.0,0.0
2022-09-08 09:00:00+09:00,11800.0,11950.0,11600.0,11750.0,18038,0.0,0.0
2022-09-08 10:00:00+09:00,11700.0,11750.0,11600.0,11650.0,12398,0.0,0.0
2022-09-08 11:00:00+09:00,11650.0,11700.0,11550.0,11600.0,9342,0.0,0.0
2022-09-08 12:00:00+09:00,11600.0,11800.0,11550.0,11750.0,9402,0.0,0.0
2022-09-08 13:00:00+09:00,11750.0,11750.0,11600.0,11650.0,8391,0.0,0.0
2022-09-08 14:00:00+09:00,11650.0,11700.0,11500.0,11550.0,12131,0.0,0.0
2022-09-13 09:00:00+09:00,11750.0,12250.0,11700.0,12000.0,0,0.0,0.0
2022-09-13 10:00:00+09:00,12050.0,12050.0,11850.0,11850.0,12018,0.0,0.0
2022-09-13 11:00:00+09:00,11850.0,11950.0,11850.0,11900.0,3855,0.0,0.0
2022-09-13 12:00:00+09:00,11900.0,11950.0,11850.0,11900.0,5923,0.0,0.0
2022-09-13 13:00:00+09:00,11900.0,12050.0,11900.0,12050.0,13848,0.0,0.0
2022-09-13 14:00:00+09:00,12050.0,12200.0,12000.0,12050.0,32798,0.0,0.0
2022-09-14 09:00:00+09:00,11650.0,12050.0,11600.0,12000.0,40748,0.0,0.0
2022-09-14 10:00:00+09:00,11950.0,12450.0,11900.0,12300.0,30035,0.0,0.0
2022-09-14 11:00:00+09:00,12300.0,12300.0,12050.0,12100.0,11985,0.0,0.0
2022-09-14 12:00:00+09:00,12100.0,12250.0,12050.0,12100.0,6178,0.0,0.0
2022-09-14 13:00:00+09:00,12100.0,12150.0,12000.0,12050.0,14501,0.0,0.0
2022-09-14 14:00:00+09:00,12050.0,12100.0,11950.0,12050.0,8316,0.0,0.0
2022-09-15 09:00:00+09:00,12700.0,13050.0,12500.0,12850.0,187452,0.0,0.0
2022-09-15 10:00:00+09:00,12850.0,12950.0,12700.0,12900.0,34299,0.0,0.0
2022-09-15 11:00:00+09:00,12850.0,13100.0,12750.0,12850.0,50579,0.0,0.0
2022-09-15 12:00:00+09:00,12850.0,12850.0,12750.0,12800.0,8029,0.0,0.0
2022-09-15 13:00:00+09:00,12750.0,12800.0,12600.0,12650.0,21603,0.0,0.0
2022-09-15 14:00:00+09:00,12650.0,12700.0,12500.0,12550.0,26866,0.0,0.0
2022-09-16 09:00:00+09:00,12650.0,12650.0,12200.0,12350.0,40723,0.0,0.0
2022-09-16 10:00:00+09:00,12350.0,12850.0,12300.0,12650.0,50685,0.0,0.0
2022-09-16 11:00:00+09:00,12650.0,12700.0,12500.0,12550.0,13014,0.0,0.0
2022-09-16 12:00:00+09:00,12600.0,12600.0,12350.0,12400.0,15402,0.0,0.0
2022-09-16 13:00:00+09:00,12400.0,12550.0,12300.0,12550.0,14123,0.0,0.0
2022-09-16 14:00:00+09:00,12550.0,13000.0,12450.0,12950.0,41113,0.0,0.0
2022-09-19 09:00:00+09:00,12800.0,13100.0,12650.0,12800.0,26646,0.0,0.0
2022-09-19 10:00:00+09:00,12800.0,12850.0,12600.0,12650.0,19047,0.0,0.0
2022-09-19 11:00:00+09:00,12650.0,12750.0,12400.0,12400.0,27503,0.0,0.0
2022-09-19 12:00:00+09:00,12400.0,12550.0,12250.0,12300.0,13929,0.0,0.0
2022-09-19 13:00:00+09:00,12300.0,12450.0,12250.0,12400.0,13060,0.0,0.0
2022-09-19 14:00:00+09:00,12400.0,12550.0,12300.0,12300.0,14900,0.0,0.0
2022-09-20 09:00:00+09:00,12300.0,12500.0,12150.0,12350.0,24120,0.0,0.0
2022-09-20 10:00:00+09:00,12350.0,12400.0,12000.0,12100.0,34056,0.0,0.0
2022-09-20 11:00:00+09:00,12100.0,12150.0,11850.0,11950.0,23831,0.0,0.0
2022-09-20 12:00:00+09:00,11950.0,12100.0,11900.0,12050.0,7017,0.0,0.0
2022-09-20 13:00:00+09:00,12050.0,12050.0,11900.0,11900.0,14109,0.0,0.0
2022-09-20 14:00:00+09:00,11950.0,12050.0,11900.0,12000.0,8088,0.0,0.0
2022-09-21 09:00:00+09:00,11800.0,12100.0,11700.0,12000.0,24656,0.0,0.0
2022-09-21 10:00:00+09:00,12050.0,12050.0,11850.0,11900.0,11743,0.0,0.0
2022-09-21 11:00:00+09:00,11850.0,12000.0,11850.0,11900.0,3021,0.0,0.0
2022-09-21 12:00:00+09:00,11850.0,11850.0,11700.0,11800.0,13842,0.0,0.0
2022-09-21 13:00:00+09:00,11800.0,11850.0,11750.0,11800.0,2710,0.0,0.0
2022-09-21 14:00:00+09:00,11850.0,12050.0,11800.0,11950.0,10817,0.0,0.0
2022-09-22 09:00:00+09:00,11600.0,12000.0,11600.0,11850.0,25114,0.0,0.0
2022-09-22 10:00:00+09:00,11850.0,11900.0,11650.0,11800.0,11551,0.0,0.0
2022-09-22 11:00:00+09:00,11750.0,11850.0,11750.0,11800.0,6195,0.0,0.0
2022-09-22 12:00:00+09:00,11850.0,12550.0,11850.0,12150.0,45542,0.0,0.0
2022-09-22 13:00:00+09:00,12150.0,12700.0,12100.0,12500.0,83574,0.0,0.0
2022-09-22 14:00:00+09:00,12500.0,12500.0,12250.0,12300.0,34585,0.0,0.0
2022-09-23 09:00:00+09:00,12600.0,13050.0,12350.0,12500.0,133886,0.0,0.0
2022-09-23 10:00:00+09:00,12500.0,12850.0,12450.0,12800.0,54252,0.0,0.0
2022-09-23 11:00:00+09:00,12850.0,13150.0,12700.0,12900.0,111675,0.0,0.0
2022-09-23 12:00:00+09:00,12900.0,13150.0,12750.0,12950.0,64851,0.0,0.0
2022-09-23 13:00:00+09:00,13000.0,13100.0,12850.0,13000.0,40818,0.0,0.0
2022-09-23 14:00:00+09:00,13000.0,13200.0,12800.0,12950.0,63625,0.0,0.0
2022-09-26 09:00:00+09:00,12850.0,13200.0,12600.0,12750.0,0,0.0,0.0
2022-09-26 10:00:00+09:00,12800.0,12850.0,12550.0,12650.0,37197,0.0,0.0
2022-09-26 11:00:00+09:00,12700.0,12750.0,12650.0,12650.0,8948,0.0,0.0
2022-09-26 12:00:00+09:00,12650.0,12650.0,12600.0,12650.0,12853,0.0,0.0
2022-09-26 13:00:00+09:00,12650.0,12700.0,12350.0,12450.0,32957,0.0,0.0
2022-09-26 14:00:00+09:00,12400.0,12500.0,12250.0,12400.0,30206,0.0,0.0
2022-09-27 09:00:00+09:00,12100.0,13050.0,12100.0,12950.0,210370,0.0,0.0
2022-09-27 10:00:00+09:00,12900.0,13650.0,12600.0,12700.0,618910,0.0,0.0
2022-09-27 11:00:00+09:00,12700.0,12900.0,12650.0,12700.0,44697,0.0,0.0
2022-09-27 12:00:00+09:00,12700.0,12750.0,12300.0,12500.0,61987,0.0,0.0
2022-09-27 13:00:00+09:00,12450.0,12600.0,12400.0,12500.0,14412,0.0,0.0
2022-09-27 14:00:00+09:00,12500.0,12800.0,12300.0,12800.0,42412,0.0,0.0
2022-09-28 09:00:00+09:00,12650.0,13000.0,12600.0,12850.0,213014,0.0,0.0
2022-09-28 10:00:00+09:00,12800.0,13150.0,12650.0,12800.0,108296,0.0,0.0
2022-09-28 11:00:00+09:00,12800.0,12800.0,12450.0,12600.0,58399,0.0,0.0
2022-09-28 12:00:00+09:00,12600.0,12850.0,12500.0,12800.0,22523,0.0,0.0
2022-09-28 13:00:00+09:00,12800.0,12850.0,12500.0,12600.0,27265,0.0,0.0
2022-09-28 14:00:00+09:00,12600.0,12850.0,12400.0,12800.0,62734,0.0,0.0
2022-09-29 09:00:00+09:00,13000.0,13350.0,12850.0,13200.0,178555,0.0,0.0
2022-09-29 10:00:00+09:00,13200.0,13300.0,13000.0,13050.0,46955,0.0,0.0
2022-09-29 11:00:00+09:00,13000.0,13050.0,12700.0,12900.0,42817,0.0,0.0
2022-09-29 12:00:00+09:00,12900.0,13000.0,12850.0,12900.0,13778,0.0,0.0
2022-09-29 13:00:00+09:00,12900.0,13050.0,12850.0,13050.0,24182,0.0,0.0
2022-09-29 14:00:00+09:00,13050.0,13050.0,12800.0,12850.0,34821,0.0,0.0
2022-09-30 09:00:00+09:00,12700.0,13250.0,12600.0,12750.0,152691,0.0,0.0
2022-09-30 10:00:00+09:00,12750.0,13000.0,12600.0,12900.0,35599,0.0,0.0
2022-09-30 11:00:00+09:00,12900.0,13050.0,12850.0,13000.0,14978,0.0,0.0
2022-09-30 12:00:00+09:00,13000.0,13000.0,12800.0,12850.0,9124,0.0,0.0
2022-09-30 13:00:00+09:00,12800.0,12950.0,12800.0,12900.0,13449,0.0,0.0
2022-09-30 14:00:00+09:00,12950.0,13000.0,12850.0,12950.0,14910,0.0,0.0
2022-10-04 09:00:00+09:00,13300.0,13600.0,13100.0,13400.0,202101,0.0,0.0
2022-10-04 10:00:00+09:00,13400.0,13500.0,13250.0,13450.0,37509,0.0,0.0
2022-10-04 11:00:00+09:00,13400.0,13400.0,13150.0,13300.0,31820,0.0,0.0
2022-10-04 12:00:00+09:00,13300.0,13300.0,13150.0,13250.0,10158,0.0,0.0
2022-10-04 13:00:00+09:00,13250.0,13350.0,13200.0,13250.0,18013,0.0,0.0
2022-10-04 14:00:00+09:00,13250.0,13300.0,13200.0,13250.0,10548,0.0,0.0
2022-10-05 09:00:00+09:00,13500.0,13500.0,12750.0,12900.0,132790,0.0,0.0
2022-10-05 10:00:00+09:00,12850.0,12950.0,12800.0,12800.0,15915,0.0,0.0
2022-10-05 11:00:00+09:00,12800.0,12900.0,12750.0,12900.0,28186,0.0,0.0
2022-10-05 12:00:00+09:00,12900.0,13100.0,12800.0,12800.0,31265,0.0,0.0
2022-10-05 13:00:00+09:00,12850.0,12950.0,12800.0,12850.0,9051,0.0,0.0
2022-10-05 14:00:00+09:00,12900.0,13150.0,12850.0,13000.0,25162,0.0,0.0
2022-10-06 09:00:00+09:00,13100.0,13150.0,12900.0,12950.0,35831,0.0,0.0
2022-10-06 10:00:00+09:00,12950.0,13100.0,12900.0,13050.0,13040,0.0,0.0
2022-10-06 11:00:00+09:00,13050.0,13050.0,12900.0,13000.0,8329,0.0,0.0
2022-10-06 12:00:00+09:00,13000.0,13000.0,12900.0,12950.0,10051,0.0,0.0
2022-10-06 13:00:00+09:00,12900.0,13000.0,12850.0,12950.0,9554,0.0,0.0
2022-10-06 14:00:00+09:00,12950.0,13050.0,12950.0,12950.0,15827,0.0,0.0
2022-10-07 09:00:00+09:00,12900.0,13000.0,12800.0,12850.0,13468,0.0,0.0
2022-10-07 10:00:00+09:00,12850.0,13200.0,12850.0,12900.0,21612,0.0,0.0
2022-10-07 11:00:00+09:00,12950.0,12950.0,12850.0,12850.0,7692,0.0,0.0
2022-10-07 12:00:00+09:00,12850.0,12900.0,12750.0,12850.0,14378,0.0,0.0
2022-10-07 13:00:00+09:00,12850.0,12900.0,12800.0,12800.0,12131,0.0,0.0
2022-10-07 14:00:00+09:00,12850.0,12900.0,12800.0,12850.0,12287,0.0,0.0
2022-10-11 09:00:00+09:00,12600.0,12600.0,12350.0,12500.0,51739,0.0,0.0
2022-10-11 10:00:00+09:00,12500.0,12500.0,12350.0,12400.0,25371,0.0,0.0
2022-10-11 11:00:00+09:00,12400.0,12400.0,12350.0,12350.0,8247,0.0,0.0
2022-10-11 12:00:00+09:00,12350.0,12550.0,12000.0,12100.0,58687,0.0,0.0
2022-10-11 13:00:00+09:00,12100.0,12100.0,11800.0,12000.0,28004,0.0,0.0
2022-10-11 14:00:00+09:00,12000.0,12100.0,12000.0,12100.0,11321,0.0,0.0
2022-10-12 09:00:00+09:00,12250.0,13450.0,11950.0,12200.0,96163,0.0,0.0
2022-10-12 10:00:00+09:00,12200.0,12300.0,12050.0,12150.0,19156,0.0,0.0
2022-10-12 11:00:00+09:00,12150.0,12300.0,12050.0,12300.0,5552,0.0,0.0
2022-10-12 12:00:00+09:00,12300.0,12400.0,12250.0,12350.0,6663,0.0,0.0
2022-10-12 13:00:00+09:00,12350.0,12450.0,12300.0,12350.0,9136,0.0,0.0
2022-10-12 14:00:00+09:00,12350.0,12400.0,12150.0,12250.0,16170,0.0,0.0
2022-10-13 09:00:00+09:00,12250.0,12450.0,12050.0,12150.0,0,0.0,0.0
2022-10-13 10:00:00+09:00,12150.0,12200.0,11950.0,12000.0,38880,0.0,0.0
2022-10-13 11:00:00+09:00,12000.0,12050.0,11800.0,11950.0,17540,0.0,0.0
2022-10-13 12:00:00+09:00,11950.0,12000.0,11850.0,12000.0,10178,0.0,0.0
2022-10-13 13:00:00+09:00,12000.0,12000.0,11900.0,11950.0,3798,0.0,0.0
2022-10-13 14:00:00+09:00,11900.0,11950.0,11800.0,11900.0,20159,0.0,0.0
2022-10-14 09:00:00+09:00,11950.0,12200.0,11800.0,12000.0,0,0.0,0.0
2022-10-14 10:00:00+09:00,12000.0,12150.0,11950.0,12100.0,6626,0.0,0.0
2022-10-14 11:00:00+09:00,12050.0,12150.0,12050.0,12050.0,7502,0.0,0.0
2022-10-14 12:00:00+09:00,12000.0,12050.0,11900.0,11950.0,15856,0.0,0.0
2022-10-14 13:00:00+09:00,11950.0,12000.0,11850.0,11900.0,13432,0.0,0.0
2022-10-14 14:00:00+09:00,11900.0,11950.0,11800.0,11850.0,29399,0.0,0.0
2022-10-17 09:00:00+09:00,11850.0,11850.0,11650.0,11800.0,0,0.0,0.0
2022-10-17 10:00:00+09:00,11800.0,11900.0,11700.0,11850.0,17536,0.0,0.0
2022-10-17 11:00:00+09:00,11900.0,11900.0,11850.0,11850.0,3469,0.0,0.0
2022-10-17 12:00:00+09:00,11850.0,11900.0,11800.0,11850.0,2383,0.0,0.0
2022-10-17 13:00:00+09:00,11850.0,11900.0,11800.0,11850.0,9356,0.0,0.0
2022-10-17 14:00:00+09:00,11800.0,11900.0,11800.0,11850.0,9269,0.0,0.0
2022-10-18 09:00:00+09:00,12050.0,12350.0,12050.0,12100.0,0,0.0,0.0
2022-10-18 10:00:00+09:00,12050.0,12200.0,11950.0,11950.0,12050,0.0,0.0
2022-10-18 11:00:00+09:00,11950.0,12000.0,11950.0,11950.0,4725,0.0,0.0
2022-10-18 12:00:00+09:00,11950.0,12050.0,11950.0,12000.0,3912,0.0,0.0
2022-10-18 13:00:00+09:00,11950.0,12050.0,11950.0,12000.0,4976,0.0,0.0
2022-10-18 14:00:00+09:00,12000.0,12050.0,11950.0,12000.0,4966,0.0,0.0
2022-10-19 09:00:00+09:00,12100.0,12150.0,11900.0,12000.0,0,0.0,0.0
2022-10-19 10:00:00+09:00,12000.0,12150.0,11950.0,12100.0,8785,0.0,0.0
2022-10-19 11:00:00+09:00,12100.0,12150.0,12050.0,12100.0,8108,0.0,0.0
2022-10-19 12:00:00+09:00,12100.0,12300.0,12100.0,12200.0,12825,0.0,0.0
2022-10-19 13:00:00+09:00,12200.0,12200.0,12050.0,12150.0,5730,0.0,0.0
2022-10-19 14:00:00+09:00,12100.0,12150.0,12000.0,12050.0,12272,0.0,0.0
2022-10-20 09:00:00+09:00,12150.0,12250.0,12000.0,12100.0,0,0.0,0.0
2022-10-20 10:00:00+09:00,12100.0,12150.0,12000.0,12100.0,8264,0.0,0.0
2022-10-20 11:00:00+09:00,12100.0,12100.0,11950.0,11950.0,7416,0.0,0.0
2022-10-20 12:00:00+09:00,11950.0,12050.0,11900.0,11950.0,1748,0.0,0.0
2022-10-20 13:00:00+09:00,11950.0,12000.0,11950.0,12000.0,2026,0.0,0.0
2022-10-20 14:00:00+09:00,12000.0,12050.0,11950.0,11950.0,7119,0.0,0.0
2022-10-21 09:00:00+09:00,11900.0,12050.0,11750.0,11800.0,0,0.0,0.0
2022-10-21 10:00:00+09:00,11800.0,11900.0,11700.0,11750.0,11070,0.0,0.0
2022-10-21 11:00:00+09:00,11750.0,11800.0,11650.0,11700.0,5352,0.0,0.0
2022-10-21 12:00:00+09:00,11700.0,11800.0,11700.0,11800.0,2250,0.0,0.0
2022-10-21 13:00:00+09:00,11750.0,11800.0,11700.0,11750.0,3852,0.0,0.0
2022-10-21 14:00:00+09:00,11750.0,11800.0,11700.0,11750.0,7022,0.0,0.0
2022-10-24 09:00:00+09:00,12050.0,12350.0,11950.0,12200.0,0,0.0,0.0
2022-10-24 10:00:00+09:00,12250.0,12250.0,12000.0,12000.0,12674,0.0,0.0
2022-10-24 11:00:00+09:00,12000.0,12100.0,12000.0,12000.0,2529,0.0,0.0
2022-10-24 12:00:00+09:00,12000.0,12050.0,11950.0,11950.0,4642,0.0,0.0
2022-10-24 13:00:00+09:00,11950.0,12000.0,11800.0,11950.0,13788,0.0,0.0
2022-10-24 14:00:00+09:00,11900.0,11950.0,11800.0,11850.0,6388,0.0,0.0
2022-10-25 09:00:00+09:00,12000.0,12750.0,12000.0,12500.0,58279,0.0,0.0
2022-10-25 10:00:00+09:00,12500.0,12800.0,12500.0,12550.0,61636,0.0,0.0
2022-10-25 11:00:00+09:00,12550.0,12600.0,12400.0,12550.0,30540,0.0,0.0
2022-10-25 12:00:00+09:00,12550.0,12700.0,12550.0,12700.0,30152,0.0,0.0
2022-10-25 13:00:00+09:00,12650.0,12800.0,12550.0,12650.0,31001,0.0,0.0
2022-10-25 14:00:00+09:00,12650.0,12900.0,12450.0,12900.0,52779,0.0,0.0
2022-10-26 09:00:00+09:00,12800.0,12800.0,12400.0,12450.0,0,0.0,0.0
2022-10-26 10:00:00+09:00,12400.0,12450.0,12200.0,12300.0,50465,0.0,0.0
2022-10-26 11:00:00+09:00,12250.0,12300.0,12150.0,12200.0,23111,0.0,0.0
2022-10-26 12:00:00+09:00,12200.0,12300.0,12150.0,12300.0,11157,0.0,0.0
2022-10-26 13:00:00+09:00,12300.0,12350.0,12250.0,12300.0,10708,0.0,0.0
2022-10-26 14:00:00+09:00,12250.0,12700.0,12250.0,12300.0,44330,0.0,0.0
2022-10-27 09:00:00+09:00,12500.0,12600.0,12300.0,12450.0,0,0.0,0.0
2022-10-27 10:00:00+09:00,12450.0,12650.0,12450.0,12500.0,19387,0.0,0.0
2022-10-27 11:00:00+09:00,12500.0,12550.0,12350.0,12350.0,7704,0.0,0.0
2022-10-27 12:00:00+09:00,12350.0,12450.0,12350.0,12400.0,2841,0.0,0.0
2022-10-27 13:00:00+09:00,12400.0,12450.0,12350.0,12400.0,5276,0.0,0.0
2022-10-27 14:00:00+09:00,12400.0,12500.0,12350.0,12450.0,10300,0.0,0.0
2022-10-28 09:00:00+09:00,12450.0,12500.0,12300.0,12450.0,0,0.0,0.0
2022-10-28 10:00:00+09:00,12450.0,12450.0,12350.0,12350.0,8517,0.0,0.0
2022-10-28 11:00:00+09:00,12350.0,12400.0,12250.0,12250.0,5608,0.0,0.0
2022-10-28 12:00:00+09:00,12250.0,12350.0,12200.0,12200.0,7928,0.0,0.0
2022-10-28 13:00:00+09:00,12200.0,12300.0,12150.0,12150.0,10302,0.0,0.0
2022-10-28 14:00:00+09:00,12150.0,12150.0,12050.0,12100.0,16349,0.0,0.0
2022-10-31 09:00:00+09:00,12300.0,12300.0,12100.0,12200.0,0,0.0,0.0
2022-10-31 10:00:00+09:00,12200.0,12250.0,12100.0,12250.0,6254,0.0,0.0
2022-10-31 11:00:00+09:00,12250.0,12250.0,12100.0,12100.0,6453,0.0,0.0
2022-10-31 12:00:00+09:00,12100.0,12200.0,12050.0,12200.0,3006,0.0,0.0
2022-10-31 13:00:00+09:00,12200.0,12350.0,12200.0,12300.0,12553,0.0,0.0
2022-10-31 14:00:00+09:00,12250.0,12400.0,12250.0,12400.0,11378,0.0,0.0
2022-11-01 09:00:00+09:00,12500.0,12550.0,12350.0,12450.0,0,0.0,0.0
2022-11-01 10:00:00+09:00,12500.0,12500.0,12350.0,12450.0,4389,0.0,0.0
2022-11-01 11:00:00+09:00,12450.0,12450.0,12350.0,12400.0,9228,0.0,0.0
2022-11-01 12:00:00+09:00,12400.0,12450.0,12350.0,12400.0,3533,0.0,0.0
2022-11-01 13:00:00+09:00,12450.0,12450.0,12250.0,12300.0,16322,0.0,0.0
2022-11-01 14:00:00+09:00,12300.0,12350.0,12200.0,12350.0,18267,0.0,0.0
2022-11-02 09:00:00+09:00,12350.0,12350.0,11650.0,11750.0,31454,0.0,0.0
2022-11-02 10:00:00+09:00,11800.0,12000.0,11750.0,11850.0,40156,0.0,0.0
2022-11-02 11:00:00+09:00,11800.0,11900.0,11800.0,11850.0,5420,0.0,0.0
2022-11-02 12:00:00+09:00,11900.0,11950.0,11800.0,11850.0,16818,0.0,0.0
2022-11-02 13:00:00+09:00,11850.0,11900.0,11800.0,11850.0,6880,0.0,0.0
2022-11-02 14:00:00+09:00,11900.0,11950.0,11850.0,11900.0,9677,0.0,0.0
2022-11-03 09:00:00+09:00,11650.0,11900.0,11650.0,11850.0,0,0.0,0.0
2022-11-03 10:00:00+09:00,11800.0,11950.0,11800.0,11950.0,15943,0.0,0.0
2022-11-03 11:00:00+09:00,11950.0,12000.0,11850.0,11850.0,5338,0.0,0.0
2022-11-03 12:00:00+09:00,11850.0,11900.0,11850.0,11850.0,4306,0.0,0.0
2022-11-03 13:00:00+09:00,11900.0,11950.0,11850.0,11900.0,7200,0.0,0.0
2022-11-03 14:00:00+09:00,11900.0,12050.0,11850.0,11950.0,9184,0.0,0.0
2022-11-04 09:00:00+09:00,11950.0,12000.0,11850.0,11900.0,0,0.0,0.0
2022-11-04 10:00:00+09:00,11950.0,12000.0,11850.0,12000.0,12881,0.0,0.0
2022-11-04 11:00:00+09:00,12000.0,12000.0,11900.0,11900.0,4472,0.0,0.0
2022-11-04 12:00:00+09:00,11900.0,12050.0,11900.0,12050.0,5887,0.0,0.0
2022-11-04 13:00:00+09:00,12050.0,12150.0,12050.0,12150.0,8755,0.0,0.0
2022-11-04 14:00:00+09:00,12100.0,12200.0,12050.0,12200.0,12413,0.0,0.0
2022-11-07 09:00:00+09:00,12200.0,12300.0,12100.0,12150.0,0,0.0,0.0
2022-11-07 10:00:00+09:00,12150.0,12200.0,11950.0,12050.0,19395,0.0,0.0
2022-11-07 11:00:00+09:00,12100.0,12150.0,12000.0,12100.0,3751,0.0,0.0
2022-11-07 12:00:00+09:00,12100.0,12150.0,12000.0,12050.0,7170,0.0,0.0
2022-11-07 13:00:00+09:00,12100.0,12350.0,12000.0,12350.0,13005,0.0,0.0
2022-11-07 14:00:00+09:00,12300.0,12500.0,12250.0,12250.0,40412,0.0,0.0
2022-11-08 09:00:00+09:00,12600.0,13400.0,12500.0,13150.0,223312,0.0,0.0
2022-11-08 10:00:00+09:00,13150.0,13200.0,13050.0,13050.0,39805,0.0,0.0
2022-11-08 11:00:00+09:00,13100.0,13400.0,13100.0,13200.0,47207,0.0,0.0
2022-11-08 12:00:00+09:00,13200.0,13400.0,13150.0,13200.0,37816,0.0,0.0
2022-11-08 13:00:00+09:00,13250.0,13300.0,13000.0,13000.0,37173,0.0,0.0
2022-11-08 14:00:00+09:00,13050.0,13100.0,13000.0,13000.0,27725,0.0,0.0
2022-11-09 09:00:00+09:00,13200.0,13250.0,12900.0,12900.0,57381,0.0,0.0
2022-11-09 10:00:00+09:00,12900.0,12950.0,12750.0,12900.0,46874,0.0,0.0
2022-11-09 11:00:00+09:00,12900.0,12900.0,12700.0,12800.0,23231,0.0,0.0
2022-11-09 12:00:00+09:00,12800.0,12850.0,12750.0,12800.0,17324,0.0,0.0
2022-11-09 13:00:00+09:00,12800.0,13300.0,12650.0,13250.0,83003,0.0,0.0
2022-11-09 14:00:00+09:00,13250.0,13350.0,13000.0,13000.0,20080,0.0,0.0
2022-11-10 09:00:00+09:00,12950.0,14200.0,12900.0,13350.0,157548,0.0,0.0
2022-11-10 10:00:00+09:00,13350.0,13750.0,13300.0,13550.0,91781,0.0,0.0
2022-11-10 11:00:00+09:00,13550.0,13600.0,13450.0,13500.0,26569,0.0,0.0
2022-11-10 12:00:00+09:00,13450.0,13550.0,13350.0,13450.0,19121,0.0,0.0
2022-11-10 13:00:00+09:00,13450.0,13500.0,13200.0,13250.0,23951,0.0,0.0
2022-11-10 14:00:00+09:00,13250.0,13350.0,13100.0,13250.0,23676,0.0,0.0
2022-11-11 09:00:00+09:00,13900.0,14000.0,13250.0,13450.0,0,0.0,0.0
2022-11-11 10:00:00+09:00,13450.0,13550.0,13300.0,13450.0,43268,0.0,0.0
2022-11-11 11:00:00+09:00,13450.0,13450.0,13300.0,13350.0,14534,0.0,0.0
2022-11-11 12:00:00+09:00,13350.0,13450.0,13350.0,13350.0,25116,0.0,0.0
2022-11-11 13:00:00+09:00,13400.0,13450.0,13350.0,13350.0,33527,0.0,0.0
2022-11-11 14:00:00+09:00,13350.0,13450.0,13250.0,13400.0,56916,0.0,0.0
2022-11-14 09:00:00+09:00,13600.0,13850.0,13200.0,13350.0,0,0.0,0.0
2022-11-14 10:00:00+09:00,13350.0,13650.0,13200.0,13350.0,57723,0.0,0.0
2022-11-14 11:00:00+09:00,13350.0,13350.0,13200.0,13200.0,20108,0.0,0.0
2022-11-14 12:00:00+09:00,13200.0,13300.0,13100.0,13100.0,35508,0.0,0.0
2022-11-14 13:00:00+09:00,13100.0,13150.0,12900.0,13050.0,47309,0.0,0.0
2022-11-14 14:00:00+09:00,12950.0,13100.0,12900.0,13000.0,29564,0.0,0.0
2022-11-15 09:00:00+09:00,13050.0,13100.0,12750.0,12800.0,0,0.0,0.0
2022-11-15 10:00:00+09:00,12800.0,13150.0,12700.0,13000.0,36342,0.0,0.0
2022-11-15 11:00:00+09:00,13050.0,13250.0,12850.0,13200.0,31557,0.0,0.0
2022-11-15 12:00:00+09:00,13150.0,13450.0,13150.0,13300.0,54083,0.0,0.0
2022-11-15 13:00:00+09:00,13300.0,13450.0,13250.0,13350.0,21202,0.0,0.0
2022-11-15 14:00:00+09:00,13350.0,13900.0,13350.0,13800.0,128475,0.0,0.0
2022-11-16 09:00:00+09:00,13800.0,14450.0,13650.0,14150.0,0,0.0,0.0
2022-11-16 10:00:00+09:00,14150.0,14750.0,14100.0,14650.0,229184,0.0,0.0
2022-11-16 11:00:00+09:00,14600.0,15250.0,14500.0,15250.0,390926,0.0,0.0
2022-11-16 12:00:00+09:00,15200.0,15250.0,14700.0,15000.0,111556,0.0,0.0
2022-11-16 13:00:00+09:00,14950.0,15650.0,14900.0,15350.0,272785,0.0,0.0
2022-11-16 14:00:00+09:00,15350.0,15350.0,14850.0,15000.0,175014,0.0,0.0
2022-11-17 10:00:00+09:00,14850.0,14900.0,14300.0,14350.0,172541,0.0,0.0
2022-11-17 11:00:00+09:00,14350.0,14500.0,14250.0,14400.0,46087,0.0,0.0
2022-11-17 12:00:00+09:00,14400.0,14400.0,14050.0,14300.0,64507,0.0,0.0
2022-11-17 13:00:00+09:00,14300.0,14400.0,14150.0,14250.0,44723,0.0,0.0
2022-11-17 14:00:00+09:00,14200.0,14450.0,14150.0,14400.0,52159,0.0,0.0
2022-11-18 09:00:00+09:00,14750.0,15400.0,14650.0,14800.0,0,0.0,0.0
2022-11-18 10:00:00+09:00,14850.0,15050.0,14750.0,14850.0,26007,0.0,0.0
2022-11-18 11:00:00+09:00,14850.0,14900.0,14750.0,14750.0,11309,0.0,0.0
2022-11-18 12:00:00+09:00,14750.0,14800.0,14500.0,14650.0,20836,0.0,0.0
2022-11-18 13:00:00+09:00,14700.0,14800.0,14650.0,14700.0,8826,0.0,0.0
2022-11-18 14:00:00+09:00,14700.0,14700.0,14550.0,14550.0,19667,0.0,0.0
2022-11-21 09:00:00+09:00,14300.0,14400.0,13800.0,14000.0,0,0.0,0.0
2022-11-21 10:00:00+09:00,14050.0,14050.0,13550.0,13550.0,45813,0.0,0.0
2022-11-21 11:00:00+09:00,13600.0,13800.0,13550.0,13650.0,19493,0.0,0.0
2022-11-21 12:00:00+09:00,13650.0,13700.0,13450.0,13600.0,43985,0.0,0.0
2022-11-21 13:00:00+09:00,13600.0,13650.0,13300.0,13500.0,82625,0.0,0.0
2022-11-21 14:00:00+09:00,13500.0,13500.0,13250.0,13450.0,55292,0.0,0.0
2022-11-22 09:00:00+09:00,13300.0,13650.0,13150.0,13400.0,0,0.0,0.0
2022-11-22 10:00:00+09:00,13300.0,13450.0,13100.0,13150.0,34838,0.0,0.0
2022-11-22 11:00:00+09:00,13150.0,13200.0,13050.0,13050.0,27334,0.0,0.0
2022-11-22 12:00:00+09:00,13050.0,13150.0,12900.0,12950.0,32762,0.0,0.0
2022-11-22 13:00:00+09:00,12950.0,13150.0,12850.0,13150.0,47085,0.0,0.0
2022-11-22 14:00:00+09:00,13100.0,13350.0,13050.0,13100.0,39485,0.0,0.0
2022-11-23 09:00:00+09:00,13350.0,13550.0,13050.0,13050.0,0,0.0,0.0
2022-11-23 10:00:00+09:00,13100.0,13250.0,13000.0,13200.0,31020,0.0,0.0
2022-11-23 11:00:00+09:00,13150.0,13300.0,13100.0,13200.0,13694,0.0,0.0
2022-11-23 12:00:00+09:00,13150.0,13250.0,13150.0,13250.0,5475,0.0,0.0
2022-11-23 13:00:00+09:00,13250.0,13300.0,13150.0,13250.0,7351,0.0,0.0
2022-11-23 14:00:00+09:00,13250.0,13300.0,13200.0,13250.0,20685,0.0,0.0
2022-11-24 09:00:00+09:00,13300.0,13450.0,13150.0,13150.0,0,0.0,0.0
2022-11-24 10:00:00+09:00,13200.0,13300.0,13150.0,13250.0,20811,0.0,0.0
2022-11-24 11:00:00+09:00,13250.0,13300.0,13200.0,13300.0,3675,0.0,0.0
2022-11-24 12:00:00+09:00,13300.0,13300.0,13200.0,13300.0,2812,0.0,0.0
2022-11-24 13:00:00+09:00,13300.0,13300.0,13200.0,13300.0,13541,0.0,0.0
2022-11-24 14:00:00+09:00,13300.0,13500.0,13250.0,13400.0,25210,0.0,0.0
2022-11-25 09:00:00+09:00,13500.0,13500.0,13200.0,13300.0,0,0.0,0.0
2022-11-25 10:00:00+09:00,13250.0,13300.0,13150.0,13300.0,15899,0.0,0.0
2022-11-25 11:00:00+09:00,13300.0,13300.0,13150.0,13250.0,9407,0.0,0.0
2022-11-25 12:00:00+09:00,13250.0,13300.0,13200.0,13250.0,3891,0.0,0.0
2022-11-25 13:00:00+09:00,13300.0,13300.0,13150.0,13250.0,6918,0.0,0.0
2022-11-25 14:00:00+09:00,13200.0,13450.0,13200.0,13200.0,21290,0.0,0.0
2022-11-28 09:00:00+09:00,13250.0,13250.0,12800.0,12850.0,0,0.0,0.0
2022-11-28 10:00:00+09:00,12850.0,12850.0,12450.0,12550.0,74250,0.0,0.0
2022-11-28 11:00:00+09:00,12550.0,12550.0,12450.0,12550.0,20943,0.0,0.0
2022-11-28 12:00:00+09:00,12550.0,12550.0,12350.0,12400.0,34904,0.0,0.0
2022-11-28 13:00:00+09:00,12400.0,12550.0,12400.0,12500.0,29597,0.0,0.0
2022-11-28 14:00:00+09:00,12500.0,12900.0,12400.0,12550.0,58569,0.0,0.0
2022-11-29 09:00:00+09:00,12350.0,12800.0,12250.0,12500.0,0,0.0,0.0
2022-11-29 10:00:00+09:00,12500.0,12500.0,12300.0,12450.0,24958,0.0,0.0
2022-11-29 11:00:00+09:00,12450.0,12450.0,12400.0,12400.0,2737,0.0,0.0
2022-11-29 12:00:00+09:00,12400.0,12500.0,12400.0,12450.0,9850,0.0,0.0
2022-11-29 13:00:00+09:00,12450.0,12500.0,12350.0,12350.0,18825,0.0,0.0
2022-11-29 14:00:00+09:00,12400.0,12600.0,12350.0,12600.0,24922,0.0,0.0
2022-11-30 09:00:00+09:00,12500.0,12600.0,12350.0,12550.0,0,0.0,0.0
2022-11-30 10:00:00+09:00,12550.0,12800.0,12500.0,12700.0,12709,0.0,0.0
2022-11-30 11:00:00+09:00,12700.0,12750.0,12650.0,12700.0,8242,0.0,0.0
2022-11-30 12:00:00+09:00,12750.0,12800.0,12700.0,12750.0,6319,0.0,0.0
2022-11-30 13:00:00+09:00,12750.0,13100.0,12700.0,12900.0,21113,0.0,0.0
2022-11-30 14:00:00+09:00,12950.0,12950.0,12850.0,12850.0,14945,0.0,0.0
2022-12-01 09:00:00+09:00,13150.0,13150.0,12750.0,12750.0,0,0.0,0.0
2022-12-01 10:00:00+09:00,12750.0,12950.0,12700.0,12950.0,21499,0.0,0.0
2022-12-01 11:00:00+09:00,12950.0,13000.0,12900.0,12950.0,5735,0.0,0.0
2022-12-01 12:00:00+09:00,12950.0,13000.0,12850.0,12900.0,12014,0.0,0.0
2022-12-01 13:00:00+09:00,12900.0,12950.0,12850.0,12950.0,10656,0.0,0.0
2022-12-01 14:00:00+09:00,12950.0,12950.0,12700.0,12800.0,25206,0.0,0.0
2022-12-02 09:00:00+09:00,12700.0,12850.0,12650.0,12700.0,0,0.0,0.0
2022-12-02 10:00:00+09:00,12700.0,12800.0,12700.0,12800.0,3768,0.0,0.0
2022-12-02 11:00:00+09:00,12800.0,12850.0,12750.0,12850.0,3829,0.0,0.0
2022-12-02 12:00:00+09:00,12800.0,12850.0,12700.0,12700.0,9400,0.0,0.0
2022-12-02 13:00:00+09:00,12800.0,12800.0,12600.0,12650.0,7242,0.0,0.0
2022-12-02 14:00:00+09:00,12650.0,12650.0,12400.0,12500.0,16946,0.0,0.0
2022-12-05 09:00:00+09:00,12650.0,12850.0,12400.0,12750.0,0,0.0,0.0
2022-12-05 10:00:00+09:00,12700.0,12700.0,12550.0,12650.0,7284,0.0,0.0
2022-12-05 11:00:00+09:00,12650.0,12650.0,12550.0,12550.0,4042,0.0,0.0
2022-12-05 12:00:00+09:00,12550.0,12650.0,12550.0,12550.0,7817,0.0,0.0
2022-12-05 13:00:00+09:00,12550.0,12550.0,12350.0,12400.0,17375,0.0,0.0
2022-12-05 14:00:00+09:00,12450.0,12500.0,12250.0,12500.0,31367,0.0,0.0
2022-12-06 09:00:00+09:00,12200.0,12550.0,12150.0,12300.0,0,0.0,0.0
2022-12-06 10:00:00+09:00,12250.0,12450.0,12150.0,12450.0,16480,0.0,0.0
2022-12-06 11:00:00+09:00,12400.0,13050.0,12400.0,12900.0,58024,0.0,0.0
2022-12-06 12:00:00+09:00,12850.0,13150.0,12800.0,13100.0,39748,0.0,0.0
2022-12-06 13:00:00+09:00,13100.0,13300.0,12900.0,12950.0,67510,0.0,0.0
2022-12-06 14:00:00+09:00,12950.0,13000.0,12700.0,12800.0,31668,0.0,0.0
2022-12-07 09:00:00+09:00,12800.0,12800.0,12350.0,12400.0,53927,0.0,0.0
2022-12-07 10:00:00+09:00,12400.0,12700.0,12250.0,12650.0,37239,0.0,0.0
2022-12-07 11:00:00+09:00,12650.0,12750.0,12500.0,12500.0,15801,0.0,0.0
2022-12-07 12:00:00+09:00,12500.0,12550.0,12400.0,12500.0,9546,0.0,0.0
2022-12-07 13:00:00+09:00,12500.0,12650.0,12300.0,12550.0,29762,0.0,0.0
2022-12-07 14:00:00+09:00,12550.0,12550.0,12250.0,12350.0,80802,0.0,0.0
2022-12-08 09:00:00+09:00,12350.0,12400.0,12200.0,12400.0,0,0.0,0.0
2022-12-08 10:00:00+09:00,12400.0,12400.0,12200.0,12300.0,14408,0.0,0.0
2022-12-08 11:00:00+09:00,12300.0,12400.0,12250.0,12300.0,17807,0.0,0.0
2022-12-08 12:00:00+09:00,12300.0,12350.0,12250.0,12350.0,23626,0.0,0.0
2022-12-08 13:00:00+09:00,12350.0,12350.0,12000.0,12050.0,50770,0.0,0.0
2022-12-08 14:00:00+09:00,12100.0,12200.0,12000.0,12050.0,24125,0.0,0.0
2022-12-09 09:00:00+09:00,12150.0,12200.0,12000.0,12050.0,0,0.0,0.0
2022-12-09 10:00:00+09:00,12050.0,12250.0,12050.0,12250.0,8635,0.0,0.0
2022-12-09 11:00:00+09:00,12250.0,12400.0,12250.0,12350.0,23662,0.0,0.0
2022-12-09 12:00:00+09:00,12350.0,12350.0,12250.0,12300.0,13238,0.0,0.0
2022-12-09 13:00:00+09:00,12300.0,12400.0,12250.0,12350.0,9372,0.0,0.0
2022-12-09 14:00:00+09:00,12350.0,12350.0,12150.0,12250.0,9645,0.0,0.0
2022-12-12 09:00:00+09:00,12200.0,12300.0,11850.0,12050.0,0,0.0,0.0
2022-12-12 10:00:00+09:00,12050.0,12150.0,12000.0,12150.0,42953,0.0,0.0
2022-12-12 11:00:00+09:00,12150.0,12200.0,12150.0,12150.0,4401,0.0,0.0
2022-12-12 12:00:00+09:00,12150.0,12200.0,12100.0,12200.0,4992,0.0,0.0
2022-12-12 13:00:00+09:00,12200.0,12250.0,12200.0,12250.0,4680,0.0,0.0
2022-12-12 14:00:00+09:00,12250.0,12250.0,12150.0,12200.0,4067,0.0,0.0
2022-12-13 09:00:00+09:00,12250.0,12300.0,12100.0,12150.0,0,0.0,0.0
2022-12-13 10:00:00+09:00,12150.0,12200.0,12050.0,12150.0,5736,0.0,0.0
2022-12-13 11:00:00+09:00,12200.0,12250.0,12200.0,12200.0,3248,0.0,0.0
2022-12-13 12:00:00+09:00,12150.0,12200.0,12150.0,12200.0,1377,0.0,0.0
2022-12-13 13:00:00+09:00,12200.0,12200.0,12050.0,12150.0,6967,0.0,0.0
2022-12-13 14:00:00+09:00,12150.0,12250.0,12100.0,12200.0,8802,0.0,0.0
2022-12-14 09:00:00+09:00,12250.0,12550.0,12250.0,12450.0,0,0.0,0.0
2022-12-14 10:00:00+09:00,12450.0,12500.0,12400.0,12400.0,5157,0.0,0.0
2022-12-14 11:00:00+09:00,12400.0,12500.0,12400.0,12500.0,3545,0.0,0.0
2022-12-14 12:00:00+09:00,12500.0,12650.0,12500.0,12550.0,13290,0.0,0.0
2022-12-14 13:00:00+09:00,12550.0,12600.0,12500.0,12550.0,6089,0.0,0.0
2022-12-14 14:00:00+09:00,12550.0,12600.0,12500.0,12550.0,8262,0.0,0.0
2022-12-15 09:00:00+09:00,12350.0,12600.0,12350.0,12600.0,0,0.0,0.0
2022-12-15 10:00:00+09:00,12550.0,12600.0,12450.0,12450.0,6380,0.0,0.0
2022-12-15 11:00:00+09:00,12500.0,12650.0,12450.0,12600.0,10196,0.0,0.0
2022-12-15 12:00:00+09:00,12650.0,12650.0,12500.0,12500.0,6005,0.0,0.0
2022-12-15 13:00:00+09:00,12550.0,12600.0,12500.0,12500.0,3042,0.0,0.0
2022-12-15 14:00:00+09:00,12500.0,12550.0,12450.0,12450.0,7906,0.0,0.0
2022-12-16 09:00:00+09:00,12350.0,12500.0,12350.0,12350.0,0,0.0,0.0
2022-12-16 10:00:00+09:00,12350.0,12500.0,12350.0,12500.0,7223,0.0,0.0
2022-12-16 11:00:00+09:00,12500.0,12600.0,12500.0,12550.0,1935,0.0,0.0
2022-12-16 12:00:00+09:00,12500.0,12550.0,12450.0,12450.0,3527,0.0,0.0
2022-12-16 13:00:00+09:00,12500.0,12550.0,12450.0,12450.0,4406,0.0,0.0
2022-12-16 14:00:00+09:00,12450.0,12600.0,12450.0,12550.0,10805,0.0,0.0
2022-12-19 09:00:00+09:00,12400.0,12700.0,12400.0,12600.0,16060,0.0,0.0
2022-12-19 10:00:00+09:00,12650.0,12750.0,12550.0,12600.0,7587,0.0,0.0
2022-12-19 11:00:00+09:00,12600.0,12700.0,12500.0,12500.0,6513,0.0,0.0
2022-12-19 12:00:00+09:00,12500.0,12600.0,12500.0,12500.0,5522,0.0,0.0
2022-12-19 13:00:00+09:00,12550.0,12550.0,12400.0,12450.0,8108,0.0,0.0
2022-12-19 14:00:00+09:00,12500.0,12550.0,12450.0,12450.0,5256,0.0,0.0
2022-12-20 09:00:00+09:00,12400.0,12550.0,12300.0,12350.0,0,0.0,0.0
2022-12-20 10:00:00+09:00,12400.0,12500.0,12350.0,12500.0,2667,0.0,0.0
2022-12-20 11:00:00+09:00,12500.0,12600.0,12500.0,12500.0,4043,0.0,0.0
2022-12-20 12:00:00+09:00,12500.0,12550.0,12400.0,12400.0,2052,0.0,0.0
2022-12-20 13:00:00+09:00,12400.0,12400.0,12200.0,12250.0,22576,0.0,0.0
2022-12-20 14:00:00+09:00,12300.0,12300.0,11950.0,12050.0,30184,0.0,0.0
2022-12-21 09:00:00+09:00,12150.0,12250.0,11950.0,12100.0,0,0.0,0.0
2022-12-21 10:00:00+09:00,12100.0,12100.0,12000.0,12050.0,2656,0.0,0.0
2022-12-21 11:00:00+09:00,12050.0,12150.0,12050.0,12100.0,2439,0.0,0.0
2022-12-21 12:00:00+09:00,12050.0,12100.0,11950.0,11950.0,11762,0.0,0.0
2022-12-21 13:00:00+09:00,11950.0,12000.0,11850.0,11950.0,9104,0.0,0.0
2022-12-21 14:00:00+09:00,11950.0,12000.0,11900.0,11950.0,4775,0.0,0.0
2022-12-22 09:00:00+09:00,12100.0,12150.0,11950.0,12000.0,0,0.0,0.0
2022-12-22 10:00:00+09:00,12050.0,12050.0,11950.0,11950.0,10750,0.0,0.0
2022-12-22 11:00:00+09:00,11950.0,11950.0,11900.0,11900.0,8243,0.0,0.0
2022-12-22 12:00:00+09:00,11900.0,12000.0,11900.0,11950.0,6207,0.0,0.0
2022-12-22 13:00:00+09:00,11900.0,12000.0,11850.0,11850.0,11602,0.0,0.0
2022-12-22 14:00:00+09:00,11850.0,12000.0,11850.0,11900.0,11777,0.0,0.0
2022-12-23 09:00:00+09:00,11800.0,11850.0,11550.0,11550.0,0,0.0,0.0
2022-12-23 10:00:00+09:00,11550.0,11700.0,11450.0,11650.0,31687,0.0,0.0
2022-12-23 11:00:00+09:00,11650.0,11700.0,11550.0,11600.0,9264,0.0,0.0
2022-12-23 12:00:00+09:00,11600.0,11650.0,11500.0,11550.0,10459,0.0,0.0
2022-12-23 13:00:00+09:00,11550.0,11650.0,11550.0,11600.0,8782,0.0,0.0
2022-12-23 14:00:00+09:00,11600.0,11650.0,11500.0,11500.0,6608,0.0,0.0
2022-12-26 09:00:00+09:00,11350.0,11550.0,11250.0,11500.0,0,0.0,0.0
2022-12-26 10:00:00+09:00,11450.0,11500.0,11400.0,11450.0,7576,0.0,0.0
2022-12-26 11:00:00+09:00,11400.0,11450.0,11400.0,11450.0,2737,0.0,0.0
2022-12-26 12:00:00+09:00,11400.0,11550.0,11350.0,11550.0,5676,0.0,0.0
2022-12-26 13:00:00+09:00,11500.0,11600.0,11500.0,11550.0,4904,0.0,0.0
2022-12-26 14:00:00+09:00,11600.0,11650.0,11550.0,11650.0,5044,0.0,0.0
2022-12-27 09:00:00+09:00,11600.0,11700.0,11550.0,11600.0,0,0.0,0.0
2022-12-27 10:00:00+09:00,11600.0,11700.0,11550.0,11700.0,2761,0.0,0.0
2022-12-27 11:00:00+09:00,11700.0,11800.0,11650.0,11800.0,8261,0.0,0.0
2022-12-27 12:00:00+09:00,11800.0,11850.0,11800.0,11850.0,4082,0.0,0.0
2022-12-27 13:00:00+09:00,11850.0,11850.0,11750.0,11800.0,7548,0.0,0.0
2022-12-27 14:00:00+09:00,11800.0,12000.0,11700.0,11950.0,19506,0.0,0.0
2022-12-28 09:00:00+09:00,11750.0,11950.0,11700.0,11800.0,0,0.0,0.0
2022-12-28 10:00:00+09:00,11800.0,11900.0,11750.0,11850.0,1941,0.0,0.0
2022-12-28 11:00:00+09:00,11800.0,11850.0,11750.0,11750.0,2789,0.0,0.0
2022-12-28 12:00:00+09:00,11750.0,11850.0,11750.0,11850.0,1365,0.0,0.0
2022-12-28 13:00:00+09:00,11800.0,11850.0,11750.0,11800.0,5440,0.0,0.0
2022-12-28 14:00:00+09:00,11800.0,11850.0,11750.0,11850.0,2405,0.0,0.0
2022-12-29 09:00:00+09:00,11650.0,11750.0,11550.0,11750.0,0,0.0,0.0
2022-12-29 10:00:00+09:00,11700.0,11700.0,11550.0,11600.0,6153,0.0,0.0
2022-12-29 11:00:00+09:00,11550.0,11650.0,11550.0,11650.0,3647,0.0,0.0
2022-12-29 12:00:00+09:00,11650.0,11650.0,11450.0,11450.0,13117,0.0,0.0
2022-12-29 13:00:00+09:00,11500.0,11550.0,11250.0,11400.0,14321,0.0,0.0
2022-12-29 14:00:00+09:00,11450.0,11550.0,11350.0,11400.0,9381,0.0,0.0
2023-01-02 10:00:00+09:00,11450.0,11650.0,11450.0,11550.0,7045,0.0,0.0
2023-01-02 11:00:00+09:00,11550.0,11600.0,11350.0,11400.0,10298,0.0,0.0
2023-01-02 12:00:00+09:00,11350.0,11450.0,11300.0,11400.0,2859,0.0,0.0
2023-01-02 13:00:00+09:00,11350.0,11400.0,11300.0,11400.0,4408,0.0,0.0
2023-01-02 14:00:00+09:00,11350.0,11400.0,11250.0,11350.0,10843,0.0,0.0
2023-01-03 09:00:00+09:00,11300.0,11400.0,11150.0,11400.0,0,0.0,0.0
2023-01-03 10:00:00+09:00,11400.0,11400.0,11100.0,11300.0,13175,0.0,0.0
2023-01-03 11:00:00+09:00,11300.0,11500.0,11300.0,11500.0,8930,0.0,0.0
2023-01-03 12:00:00+09:00,11450.0,11600.0,11450.0,11550.0,5760,0.0,0.0
2023-01-03 13:00:00+09:00,11550.0,11600.0,11450.0,11500.0,3213,0.0,0.0
2023-01-03 14:00:00+09:00,11500.0,11500.0,11250.0,11350.0,6910,0.0,0.0
2023-01-04 09:00:00+09:00,11350.0,12200.0,11350.0,11950.0,0,0.0,0.0
2023-01-04 10:00:00+09:00,11900.0,12050.0,11850.0,11900.0,23169,0.0,0.0
2023-01-04 11:00:00+09:00,11900.0,11950.0,11850.0,11900.0,3788,0.0,0.0
2023-01-04 12:00:00+09:00,11900.0,12050.0,11850.0,11900.0,10839,0.0,0.0
2023-01-04 13:00:00+09:00,11950.0,12000.0,11750.0,11800.0,7678,0.0,0.0
2023-01-04 14:00:00+09:00,11800.0,11950.0,11800.0,11900.0,5167,0.0,0.0
2023-01-05 09:00:00+09:00,12000.0,12100.0,11800.0,11950.0,0,0.0,0.0
2023-01-05 10:00:00+09:00,11950.0,11950.0,11800.0,11900.0,3662,0.0,0.0
2023-01-05 11:00:00+09:00,11900.0,11900.0,11700.0,11750.0,6160,0.0,0.0
2023-01-05 12:00:00+09:00,11750.0,11800.0,11750.0,11800.0,1781,0.0,0.0
2023-01-05 13:00:00+09:00,11800.0,11800.0,11700.0,11800.0,2748,0.0,0.0
2023-01-05 14:00:00+09:00,11750.0,11900.0,11650.0,11800.0,7177,0.0,0.0
2023-01-06 09:00:00+09:00,11750.0,11900.0,11700.0,11850.0,0,0.0,0.0
2023-01-06 10:00:00+09:00,11850.0,11950.0,11850.0,11950.0,5168,0.0,0.0
2023-01-06 11:00:00+09:00,11950.0,12050.0,11800.0,12000.0,12998,0.0,0.0
2023-01-06 12:00:00+09:00,12000.0,12150.0,12000.0,12050.0,4557,0.0,0.0
2023-01-06 13:00:00+09:00,12050.0,12100.0,12000.0,12000.0,3338,0.0,0.0
2023-01-06 14:00:00+09:00,12050.0,12100.0,11900.0,11900.0,6687,0.0,0.0
2023-01-09 09:00:00+09:00,12150.0,12150.0,11950.0,12050.0,0,0.0,0.0
2023-01-09 10:00:00+09:00,12050.0,12100.0,12000.0,12050.0,3686,0.0,0.0
2023-01-09 11:00:00+09:00,12050.0,12100.0,12050.0,12050.0,5267,0.0,0.0
2023-01-09 12:00:00+09:00,12050.0,12100.0,12000.0,12000.0,3733,0.0,0.0
2023-01-09 13:00:00+09:00,12000.0,12050.0,11950.0,12050.0,4367,0.0,0.0
2023-01-09 14:00:00+09:00,12000.0,12050.0,11950.0,12050.0,2350,0.0,0.0
2023-01-10 09:00:00+09:00,11900.0,12000.0,11800.0,11800.0,0,0.0,0.0
2023-01-10 10:00:00+09:00,11850.0,11900.0,11700.0,11700.0,42218,0.0,0.0
2023-01-10 11:00:00+09:00,11700.0,11800.0,11650.0,11700.0,15787,0.0,0.0
2023-01-10 12:00:00+09:00,11800.0,11800.0,11650.0,11650.0,11843,0.0,0.0
2023-01-10 13:00:00+09:00,11650.0,11750.0,11600.0,11600.0,17382,0.0,0.0
2023-01-10 14:00:00+09:00,11700.0,11750.0,11600.0,11700.0,12401,0.0,0.0
2023-01-11 09:00:00+09:00,11700.0,12200.0,11700.0,12200.0,0,0.0,0.0
2023-01-11 10:00:00+09:00,12150.0,12500.0,11950.0,12450.0,66116,0.0,0.0
2023-01-11 11:00:00+09:00,12400.0,12600.0,12150.0,12200.0,61589,0.0,0.0
2023-01-11 12:00:00+09:00,12200.0,12300.0,12200.0,12250.0,7506,0.0,0.0
2023-01-11 13:00:00+09:00,12250.0,12300.0,12100.0,12150.0,18368,0.0,0.0
2023-01-11 14:00:00+09:00,12150.0,12250.0,12100.0,12150.0,16417,0.0,0.0
2023-01-12 09:00:00+09:00,12250.0,12350.0,12100.0,12200.0,0,0.0,0.0
2023-01-12 10:00:00+09:00,12200.0,12300.0,12150.0,12200.0,6540,0.0,0.0
2023-01-12 11:00:00+09:00,12200.0,12300.0,12150.0,12150.0,9425,0.0,0.0
2023-01-12 12:00:00+09:00,12150.0,12150.0,12100.0,12100.0,6767,0.0,0.0
2023-01-12 13:00:00+09:00,12100.0,12150.0,12100.0,12100.0,5234,0.0,0.0
2023-01-12 14:00:00+09:00,12100.0,12150.0,12050.0,12100.0,6469,0.0,0.0
2023-01-13 09:00:00+09:00,12250.0,12350.0,12000.0,12200.0,0,0.0,0.0
2023-01-13 10:00:00+09:00,12150.0,12200.0,12100.0,12150.0,20754,0.0,0.0
2023-01-13 11:00:00+09:00,12150.0,12200.0,12100.0,12100.0,2485,0.0,0.0
2023-01-13 12:00:00+09:00,12150.0,12150.0,12050.0,12100.0,2992,0.0,0.0
2023-01-13 13:00:00+09:00,12050.0,12150.0,12050.0,12100.0,2068,0.0,0.0
2023-01-13 14:00:00+09:00,12050.0,12100.0,12000.0,12100.0,8565,0.0,0.0
2023-01-16 09:00:00+09:00,12000.0,12000.0,11750.0,11800.0,6008,0.0,0.0
2023-01-16 10:00:00+09:00,11850.0,11950.0,11850.0,11900.0,8377,0.0,0.0
2023-01-16 11:00:00+09:00,11850.0,11950.0,11850.0,11850.0,6715,0.0,0.0
2023-01-16 12:00:00+09:00,11900.0,11950.0,11850.0,11950.0,2811,0.0,0.0
2023-01-16 13:00:00+09:00,11950.0,12000.0,11900.0,11950.0,2857,0.0,0.0
2023-01-16 14:00:00+09:00,11900.0,12000.0,11900.0,11950.0,4972,0.0,0.0
2023-01-17 09:00:00+09:00,12000.0,12100.0,11800.0,11900.0,0,0.0,0.0
2023-01-17 10:00:00+09:00,11900.0,11950.0,11800.0,11800.0,14845,0.0,0.0
2023-01-17 11:00:00+09:00,11850.0,11900.0,11750.0,11850.0,5617,0.0,0.0
2023-01-17 12:00:00+09:00,11850.0,11850.0,11750.0,11850.0,3313,0.0,0.0
2023-01-17 13:00:00+09:00,11800.0,11900.0,11800.0,11900.0,10773,0.0,0.0
2023-01-17 14:00:00+09:00,11850.0,11850.0,11650.0,11700.0,16639,0.0,0.0
2023-01-18 09:00:00+09:00,11750.0,11850.0,11650.0,11750.0,0,0.0,0.0
2023-01-18 10:00:00+09:00,11750.0,11750.0,11650.0,11700.0,15402,0.0,0.0
2023-01-18 11:00:00+09:00,11700.0,11750.0,11650.0,11750.0,6259,0.0,0.0
2023-01-18 12:00:00+09:00,11750.0,11750.0,11600.0,11750.0,7815,0.0,0.0
2023-01-18 13:00:00+09:00,11750.0,11750.0,11650.0,11750.0,2774,0.0,0.0
2023-01-18 14:00:00+09:00,11750.0,11800.0,11650.0,11750.0,5225,0.0,0.0
2023-01-19 09:00:00+09:00,11650.0,11800.0,11600.0,11650.0,0,0.0,0.0
2023-01-19 10:00:00+09:00,11650.0,11750.0,11650.0,11700.0,6561,0.0,0.0
2023-01-19 11:00:00+09:00,11700.0,11750.0,11650.0,11750.0,746,0.0,0.0
2023-01-19 12:00:00+09:00,11750.0,11800.0,11700.0,11800.0,6452,0.0,0.0
2023-01-19 13:00:00+09:00,11750.0,11800.0,11700.0,11750.0,6606,0.0,0.0
2023-01-19 14:00:00+09:00,11700.0,11800.0,11700.0,11750.0,2226,0.0,0.0
2023-01-20 09:00:00+09:00,11800.0,11900.0,11700.0,11750.0,0,0.0,0.0
2023-01-20 10:00:00+09:00,11700.0,11800.0,11700.0,11800.0,6252,0.0,0.0
2023-01-20 11:00:00+09:00,11800.0,11800.0,11700.0,11750.0,2130,0.0,0.0
2023-01-20 12:00:00+09:00,11700.0,11800.0,11700.0,11800.0,4178,0.0,0.0
2023-01-20 13:00:00+09:00,11800.0,11900.0,11750.0,11850.0,4943,0.0,0.0
2023-01-20 14:00:00+09:00,11800.0,11950.0,11800.0,11900.0,10103,0.0,0.0
2023-01-25 09:00:00+09:00,12020.0,12050.0,11880.0,11910.0,0,0.0,0.0
2023-01-25 10:00:00+09:00,11900.0,11980.0,11900.0,11980.0,8463,0.0,0.0
2023-01-25 11:00:00+09:00,11970.0,12080.0,11970.0,12040.0,21562,0.0,0.0
2023-01-25 12:00:00+09:00,12040.0,12050.0,11990.0,12030.0,9393,0.0,0.0
2023-01-25 13:00:00+09:00,12030.0,12360.0,12020.0,12340.0,60716,0.0,0.0
2023-01-25 14:00:00+09:00,12350.0,13130.0,12350.0,13000.0,249728,0.0,0.0
2023-01-26 09:00:00+09:00,13000.0,13000.0,12650.0,12760.0,81289,0.0,0.0
2023-01-26 10:00:00+09:00,12770.0,12960.0,12730.0,12830.0,25717,0.0,0.0
2023-01-26 11:00:00+09:00,12840.0,12920.0,12770.0,12780.0,11323,0.0,0.0
2023-01-26 12:00:00+09:00,12780.0,12830.0,12710.0,12810.0,14997,0.0,0.0
2023-01-26 13:00:00+09:00,12790.0,12840.0,12680.0,12680.0,30016,0.0,0.0
2023-01-26 14:00:00+09:00,12680.0,12730.0,12600.0,12710.0,30163,0.0,0.0
2023-01-27 09:00:00+09:00,12900.0,13340.0,12770.0,13210.0,27067,0.0,0.0
2023-01-27 10:00:00+09:00,13200.0,13320.0,13020.0,13050.0,60044,0.0,0.0
2023-01-27 11:00:00+09:00,13040.0,13110.0,12960.0,12970.0,25252,0.0,0.0
2023-01-27 12:00:00+09:00,12960.0,13090.0,12950.0,13020.0,13789,0.0,0.0
2023-01-27 13:00:00+09:00,13020.0,13080.0,12940.0,12970.0,19786,0.0,0.0
2023-01-27 14:00:00+09:00,12970.0,13000.0,12880.0,12970.0,14789,0.0,0.0
2023-01-30 09:00:00+09:00,12960.0,13240.0,12790.0,12840.0,0,0.0,0.0
2023-01-30 10:00:00+09:00,12860.0,12900.0,12700.0,12740.0,20244,0.0,0.0
2023-01-30 11:00:00+09:00,12750.0,12800.0,12670.0,12720.0,17307,0.0,0.0
2023-01-30 12:00:00+09:00,12730.0,12780.0,12720.0,12760.0,3841,0.0,0.0
2023-01-30 13:00:00+09:00,12760.0,12770.0,12710.0,12760.0,5814,0.0,0.0
2023-01-30 14:00:00+09:00,12750.0,12780.0,12720.0,12780.0,10859,0.0,0.0
2023-01-31 09:00:00+09:00,12670.0,12670.0,12370.0,12600.0,42257,0.0,0.0
2023-01-31 10:00:00+09:00,12600.0,12630.0,12380.0,12460.0,32149,0.0,0.0
2023-01-31 11:00:00+09:00,12460.0,12470.0,12370.0,12460.0,20950,0.0,0.0
2023-01-31 12:00:00+09:00,12470.0,12490.0,12430.0,12430.0,15066,0.0,0.0
2023-01-31 13:00:00+09:00,12430.0,12550.0,12420.0,12540.0,12308,0.0,0.0
2023-01-31 14:00:00+09:00,12540.0,12730.0,12540.0,12680.0,14079,0.0,0.0
2023-02-01 09:00:00+09:00,12800.0,12950.0,12640.0,12660.0,27207,0.0,0.0
2023-02-01 10:00:00+09:00,12640.0,12790.0,12640.0,12690.0,10434,0.0,0.0
2023-02-01 11:00:00+09:00,12690.0,12770.0,12680.0,12690.0,9576,0.0,0.0
2023-02-01 12:00:00+09:00,12690.0,12830.0,12660.0,12750.0,14070,0.0,0.0
2023-02-01 13:00:00+09:00,12760.0,12780.0,12680.0,12730.0,14275,0.0,0.0
2023-02-01 14:00:00+09:00,12730.0,12740.0,12640.0,12650.0,10612,0.0,0.0
2023-02-02 09:00:00+09:00,12930.0,13080.0,12850.0,12950.0,55055,0.0,0.0
2023-02-02 10:00:00+09:00,12950.0,13000.0,12810.0,12880.0,20538,0.0,0.0
2023-02-02 11:00:00+09:00,12880.0,13140.0,12880.0,13130.0,33580,0.0,0.0
2023-02-02 12:00:00+09:00,13110.0,13380.0,13100.0,13300.0,59283,0.0,0.0
2023-02-02 13:00:00+09:00,13300.0,13340.0,13260.0,13290.0,28163,0.0,0.0
2023-02-02 14:00:00+09:00,13300.0,13330.0,13130.0,13160.0,45824,0.0,0.0
2023-02-03 09:00:00+09:00,13300.0,13300.0,12950.0,13000.0,53884,0.0,0.0
2023-02-03 10:00:00+09:00,12990.0,13130.0,12970.0,13020.0,15891,0.0,0.0
2023-02-03 11:00:00+09:00,13020.0,13100.0,13020.0,13030.0,2927,0.0,0.0
2023-02-03 12:00:00+09:00,13030.0,13090.0,13020.0,13060.0,3017,0.0,0.0
2023-02-03 13:00:00+09:00,13060.0,13060.0,13010.0,13040.0,9583,0.0,0.0
2023-02-03 14:00:00+09:00,13020.0,13060.0,12970.0,13030.0,19887,0.0,0.0
2023-02-06 09:00:00+09:00,13120.0,13290.0,13040.0,13250.0,0,0.0,0.0
2023-02-06 10:00:00+09:00,13260.0,13320.0,13160.0,13230.0,25374,0.0,0.0
2023-02-06 11:00:00+09:00,13230.0,13310.0,13200.0,13240.0,10682,0.0,0.0
2023-02-06 12:00:00+09:00,13230.0,13270.0,13200.0,13240.0,8547,0.0,0.0
2023-02-06 13:00:00+09:00,13230.0,13230.0,13100.0,13130.0,26709,0.0,0.0
2023-02-06 14:00:00+09:00,13130.0,13690.0,13100.0,13580.0,94971,0.0,0.0
2023-02-07 09:00:00+09:00,13460.0,13490.0,13290.0,13360.0,47833,0.0,0.0
2023-02-07 10:00:00+09:00,13360.0,13460.0,13310.0,13440.0,18085,0.0,0.0
2023-02-07 11:00:00+09:00,13440.0,13560.0,13440.0,13500.0,10356,0.0,0.0
2023-02-07 12:00:00+09:00,13500.0,13520.0,13420.0,13490.0,8716,0.0,0.0
2023-02-07 13:00:00+09:00,13490.0,13500.0,13370.0,13370.0,24977,0.0,0.0
2023-02-07 14:00:00+09:00,13420.0,14800.0,13360.0,13490.0,460480,0.0,0.0
2023-02-08 09:00:00+09:00,13480.0,13730.0,13400.0,13480.0,84471,0.0,0.0
2023-02-08 10:00:00+09:00,13480.0,13520.0,13420.0,13490.0,18514,0.0,0.0
2023-02-08 11:00:00+09:00,13490.0,13520.0,13440.0,13500.0,10651,0.0,0.0
2023-02-08 12:00:00+09:00,13500.0,13540.0,13480.0,13520.0,11187,0.0,0.0
2023-02-08 13:00:00+09:00,13520.0,13680.0,13510.0,13640.0,33616,0.0,0.0
2023-02-08 14:00:00+09:00,13640.0,13770.0,13630.0,13740.0,53337,0.0,0.0
2023-02-09 09:00:00+09:00,13720.0,13750.0,13600.0,13600.0,37151,0.0,0.0
2023-02-09 10:00:00+09:00,13600.0,13700.0,13600.0,13660.0,11898,0.0,0.0
2023-02-09 11:00:00+09:00,13660.0,13700.0,13650.0,13660.0,5298,0.0,0.0
2023-02-09 12:00:00+09:00,13650.0,13710.0,13620.0,13620.0,15058,0.0,0.0
2023-02-09 13:00:00+09:00,13620.0,13700.0,13600.0,13630.0,17408,0.0,0.0
2023-02-09 14:00:00+09:00,13630.0,13730.0,13630.0,13700.0,9548,0.0,0.0
2023-02-10 09:00:00+09:00,13900.0,13900.0,13200.0,13240.0,67324,0.0,0.0
2023-02-10 10:00:00+09:00,13210.0,13410.0,13210.0,13350.0,11600,0.0,0.0
2023-02-10 11:00:00+09:00,13360.0,13390.0,13220.0,13260.0,17428,0.0,0.0
2023-02-10 12:00:00+09:00,13260.0,13270.0,13190.0,13230.0,22576,0.0,0.0
2023-02-10 13:00:00+09:00,13210.0,13300.0,13210.0,13250.0,6329,0.0,0.0
2023-02-10 14:00:00+09:00,13250.0,13300.0,13160.0,13200.0,14862,0.0,0.0
2023-02-13 09:00:00+09:00,13170.0,13170.0,12850.0,13120.0,0,0.0,0.0
2023-02-13 10:00:00+09:00,13110.0,13120.0,13010.0,13120.0,18304,0.0,0.0
2023-02-13 11:00:00+09:00,13110.0,13150.0,13040.0,13140.0,8945,0.0,0.0
2023-02-13 12:00:00+09:00,13130.0,13170.0,13120.0,13170.0,5198,0.0,0.0
2023-02-13 13:00:00+09:00,13170.0,13750.0,13120.0,13420.0,199060,0.0,0.0
2023-02-13 14:00:00+09:00,13430.0,13460.0,13210.0,13270.0,22832,0.0,0.0
2023-02-14 09:00:00+09:00,13310.0,13450.0,13220.0,13230.0,0,0.0,0.0
2023-02-14 10:00:00+09:00,13230.0,13400.0,13160.0,13360.0,21138,0.0,0.0
2023-02-14 11:00:00+09:00,13360.0,13380.0,13290.0,13300.0,7827,0.0,0.0
2023-02-14 12:00:00+09:00,13310.0,13320.0,13260.0,13280.0,4301,0.0,0.0
2023-02-14 13:00:00+09:00,13280.0,13310.0,13260.0,13260.0,10828,0.0,0.0
2023-02-14 14:00:00+09:00,13260.0,13340.0,13240.0,13310.0,9103,0.0,0.0
2023-02-15 09:00:00+09:00,13450.0,13650.0,13280.0,13490.0,48322,0.0,0.0
2023-02-15 10:00:00+09:00,13480.0,13500.0,13360.0,13360.0,12775,0.0,0.0
2023-02-15 11:00:00+09:00,13370.0,13410.0,13200.0,13220.0,20041,0.0,0.0
2023-02-15 12:00:00+09:00,13220.0,13270.0,13180.0,13180.0,9862,0.0,0.0
2023-02-15 13:00:00+09:00,13180.0,13200.0,13020.0,13100.0,12731,0.0,0.0
2023-02-15 14:00:00+09:00,13100.0,13100.0,12800.0,12930.0,18994,0.0,0.0
2023-02-16 09:00:00+09:00,13050.0,13130.0,13010.0,13090.0,22811,0.0,0.0
2023-02-16 10:00:00+09:00,13070.0,13300.0,13070.0,13260.0,30194,0.0,0.0
2023-02-16 11:00:00+09:00,13260.0,13270.0,13170.0,13210.0,6872,0.0,0.0
2023-02-16 12:00:00+09:00,13210.0,13250.0,13160.0,13170.0,3817,0.0,0.0
2023-02-16 13:00:00+09:00,13170.0,13300.0,13160.0,13250.0,15991,0.0,0.0
2023-02-16 14:00:00+09:00,13240.0,13300.0,13200.0,13230.0,6374,0.0,0.0
2023-02-17 09:00:00+09:00,13060.0,13550.0,13060.0,13400.0,53681,0.0,0.0
2023-02-17 10:00:00+09:00,13430.0,13440.0,13190.0,13240.0,26727,0.0,0.0
2023-02-17 11:00:00+09:00,13240.0,13550.0,13240.0,13430.0,22535,0.0,0.0
2023-02-17 12:00:00+09:00,13440.0,13440.0,13280.0,13390.0,7530,0.0,0.0
2023-02-17 13:00:00+09:00,13390.0,13450.0,13370.0,13400.0,8079,0.0,0.0
2023-02-17 14:00:00+09:00,13390.0,13400.0,13270.0,13300.0,5882,0.0,0.0
2023-02-20 09:00:00+09:00,13300.0,13350.0,13080.0,13230.0,0,0.0,0.0
2023-02-20 10:00:00+09:00,13220.0,13380.0,13160.0,13370.0,12715,0.0,0.0
2023-02-20 11:00:00+09:00,13360.0,13370.0,13280.0,13320.0,9339,0.0,0.0
2023-02-20 12:00:00+09:00,13310.0,13330.0,13290.0,13310.0,4081,0.0,0.0
2023-02-20 13:00:00+09:00,13310.0,13310.0,13270.0,13310.0,4296,0.0,0.0
2023-02-20 14:00:00+09:00,13310.0,13530.0,13250.0,13490.0,42287,0.0,0.0
2023-02-21 09:00:00+09:00,13380.0,13490.0,13350.0,13390.0,18353,0.0,0.0
2023-02-21 10:00:00+09:00,13400.0,13400.0,13250.0,13320.0,9969,0.0,0.0
2023-02-21 11:00:00+09:00,13320.0,13370.0,13270.0,13280.0,5199,0.0,0.0
2023-02-21 12:00:00+09:00,13260.0,13280.0,13230.0,13250.0,7742,0.0,0.0
2023-02-21 13:00:00+09:00,13250.0,13340.0,13240.0,13280.0,1507,0.0,0.0
2023-02-21 14:00:00+09:00,13280.0,13280.0,13220.0,13270.0,5828,0.0,0.0
2023-02-22 09:00:00+09:00,13050.0,13100.0,12940.0,13100.0,26650,0.0,0.0
2023-02-22 10:00:00+09:00,13040.0,13100.0,12830.0,12860.0,35451,0.0,0.0
2023-02-22 11:00:00+09:00,12860.0,12940.0,12860.0,12880.0,5623,0.0,0.0
2023-02-22 12:00:00+09:00,12900.0,12960.0,12870.0,12910.0,5491,0.0,0.0
2023-02-22 13:00:00+09:00,12910.0,12930.0,12770.0,12770.0,18180,0.0,0.0
2023-02-22 14:00:00+09:00,12780.0,12810.0,12690.0,12810.0,15703,0.0,0.0
2023-02-23 09:00:00+09:00,12920.0,13490.0,12920.0,13340.0,93342,0.0,0.0
2023-02-23 10:00:00+09:00,13310.0,13450.0,13280.0,13380.0,31576,0.0,0.0
2023-02-23 11:00:00+09:00,13360.0,13440.0,13360.0,13400.0,19157,0.0,0.0
2023-02-23 12:00:00+09:00,13390.0,13430.0,13360.0,13370.0,10022,0.0,0.0
2023-02-23 13:00:00+09:00,13370.0,13380.0,13310.0,13360.0,10090,0.0,0.0
2023-02-23 14:00:00+09:00,13360.0,13380.0,13320.0,13380.0,4538,0.0,0.0
2023-02-24 09:00:00+09:00,13450.0,14100.0,13400.0,13720.0,270378,0.0,0.0
2023-02-24 10:00:00+09:00,13750.0,13760.0,13540.0,13540.0,44877,0.0,0.0
2023-02-24 11:00:00+09:00,13540.0,13540.0,13340.0,13500.0,32618,0.0,0.0
2023-02-24 12:00:00+09:00,13510.0,13510.0,13430.0,13460.0,7342,0.0,0.0
2023-02-24 13:00:00+09:00,13450.0,13450.0,13350.0,13360.0,8918,0.0,0.0
2023-02-24 14:00:00+09:00,13360.0,13450.0,13350.0,13370.0,13889,0.0,0.0
2023-02-27 09:00:00+09:00,13340.0,13370.0,13000.0,13120.0,0,0.0,0.0
2023-02-27 10:00:00+09:00,13110.0,13140.0,13060.0,13140.0,9058,0.0,0.0
2023-02-27 11:00:00+09:00,13130.0,13200.0,13110.0,13120.0,4709,0.0,0.0
2023-02-27 12:00:00+09:00,13120.0,13130.0,13060.0,13090.0,5882,0.0,0.0
2023-02-27 13:00:00+09:00,13090.0,13160.0,13080.0,13160.0,3466,0.0,0.0
2023-02-27 14:00:00+09:00,13100.0,13160.0,13080.0,13100.0,8396,0.0,0.0
2023-02-28 09:00:00+09:00,13080.0,13190.0,13000.0,13050.0,17330,0.0,0.0
2023-02-28 10:00:00+09:00,13050.0,13270.0,13040.0,13130.0,8871,0.0,0.0
2023-02-28 11:00:00+09:00,13120.0,13180.0,13090.0,13180.0,3868,0.0,0.0
2023-02-28 12:00:00+09:00,13180.0,13210.0,13140.0,13200.0,8990,0.0,0.0
2023-02-28 13:00:00+09:00,13200.0,13270.0,13160.0,13270.0,8571,0.0,0.0
2023-02-28 14:00:00+09:00,13280.0,13330.0,13140.0,13210.0,21125,0.0,0.0
2023-03-02 09:00:00+09:00,13100.0,13490.0,13100.0,13370.0,0,0.0,0.0
2023-03-02 10:00:00+09:00,13380.0,13420.0,13210.0,13240.0,19440,0.0,0.0
2023-03-02 11:00:00+09:00,13250.0,13260.0,13170.0,13200.0,7610,0.0,0.0
2023-03-02 12:00:00+09:00,13210.0,13230.0,13140.0,13170.0,5848,0.0,0.0
2023-03-02 13:00:00+09:00,13170.0,13230.0,13130.0,13160.0,11667,0.0,0.0
2023-03-02 14:00:00+09:00,13160.0,13190.0,13150.0,13150.0,6051,0.0,0.0
2023-03-03 09:00:00+09:00,13240.0,13250.0,13020.0,13040.0,28493,0.0,0.0
2023-03-03 10:00:00+09:00,13050.0,13080.0,13020.0,13050.0,15869,0.0,0.0
2023-03-03 11:00:00+09:00,13060.0,13100.0,13030.0,13080.0,3366,0.0,0.0
2023-03-03 12:00:00+09:00,13080.0,13110.0,13050.0,13050.0,6579,0.0,0.0
2023-03-03 13:00:00+09:00,13060.0,13110.0,13050.0,13050.0,4573,0.0,0.0
2023-03-03 14:00:00+09:00,13070.0,13080.0,13020.0,13030.0,10052,0.0,0.0
2023-03-06 09:00:00+09:00,13080.0,13170.0,13020.0,13100.0,0,0.0,0.0
2023-03-06 10:00:00+09:00,13120.0,13150.0,13100.0,13120.0,4736,0.0,0.0
2023-03-06 11:00:00+09:00,13120.0,13130.0,13080.0,13130.0,11647,0.0,0.0
2023-03-06 12:00:00+09:00,13140.0,13270.0,13140.0,13250.0,25989,0.0,0.0
2023-03-06 13:00:00+09:00,13260.0,13280.0,13230.0,13250.0,12592,0.0,0.0
2023-03-06 14:00:00+09:00,13250.0,13280.0,13220.0,13280.0,7524,0.0,0.0
2023-03-07 09:00:00+09:00,14100.0,14300.0,13420.0,13440.0,560195,0.0,0.0
2023-03-07 10:00:00+09:00,13450.0,13670.0,13420.0,13620.0,58434,0.0,0.0
2023-03-07 11:00:00+09:00,13620.0,13900.0,13610.0,13790.0,93212,0.0,0.0
2023-03-07 12:00:00+09:00,13790.0,13860.0,13740.0,13820.0,29071,0.0,0.0
2023-03-07 13:00:00+09:00,13840.0,13850.0,13670.0,13750.0,33587,0.0,0.0
2023-03-07 14:00:00+09:00,13750.0,13790.0,13670.0,13740.0,25678,0.0,0.0
2023-03-08 09:00:00+09:00,13550.0,14260.0,13500.0,14140.0,172589,0.0,0.0
2023-03-08 10:00:00+09:00,14130.0,14740.0,14110.0,14230.0,335971,0.0,0.0
2023-03-08 11:00:00+09:00,14220.0,14300.0,14040.0,14200.0,61215,0.0,0.0
2023-03-08 12:00:00+09:00,14190.0,14210.0,14080.0,14200.0,32452,0.0,0.0
2023-03-08 13:00:00+09:00,14190.0,14250.0,13900.0,14000.0,63737,0.0,0.0
2023-03-08 14:00:00+09:00,14000.0,14060.0,13700.0,13930.0,69474,0.0,0.0
2023-03-09 09:00:00+09:00,14350.0,14380.0,13710.0,13770.0,149484,0.0,0.0
2023-03-09 10:00:00+09:00,13790.0,13790.0,13600.0,13770.0,47582,0.0,0.0
2023-03-09 11:00:00+09:00,13760.0,13830.0,13670.0,13750.0,21775,0.0,0.0
2023-03-09 12:00:00+09:00,13760.0,13790.0,13680.0,13700.0,10179,0.0,0.0
2023-03-09 13:00:00+09:00,13680.0,13690.0,13550.0,13590.0,21206,0.0,0.0
2023-03-09 14:00:00+09:00,13590.0,13590.0,13370.0,13410.0,35943,0.0,0.0
2023-03-10 09:00:00+09:00,13170.0,13240.0,13010.0,13050.0,67198,0.0,0.0
2023-03-10 10:00:00+09:00,13050.0,13180.0,13020.0,13050.0,23285,0.0,0.0
2023-03-10 11:00:00+09:00,13050.0,13070.0,13020.0,13050.0,11361,0.0,0.0
2023-03-10 12:00:00+09:00,13060.0,13060.0,13010.0,13020.0,9752,0.0,0.0
2023-03-10 13:00:00+09:00,13030.0,13110.0,13030.0,13050.0,8716,0.0,0.0
2023-03-10 14:00:00+09:00,13050.0,13060.0,12990.0,13040.0,16136,0.0,0.0
2023-03-13 09:00:00+09:00,12770.0,12950.0,12480.0,12700.0,0,0.0,0.0
2023-03-13 10:00:00+09:00,12690.0,12830.0,12530.0,12800.0,22410,0.0,0.0
2023-03-13 11:00:00+09:00,12790.0,12870.0,12750.0,12870.0,4616,0.0,0.0
2023-03-13 12:00:00+09:00,12870.0,12880.0,12760.0,12780.0,8839,0.0,0.0
2023-03-13 13:00:00+09:00,12760.0,12820.0,12750.0,12750.0,6223,0.0,0.0
2023-03-13 14:00:00+09:00,12790.0,12950.0,12760.0,12910.0,7682,0.0,0.0
2023-03-14 09:00:00+09:00,12690.0,12780.0,12120.0,12180.0,50259,0.0,0.0
2023-03-14 10:00:00+09:00,12180.0,12480.0,12160.0,12280.0,16420,0.0,0.0
2023-03-14 11:00:00+09:00,12290.0,12450.0,12280.0,12360.0,8617,0.0,0.0
2023-03-14 12:00:00+09:00,12370.0,12370.0,12250.0,12270.0,11629,0.0,0.0
2023-03-14 13:00:00+09:00,12270.0,12380.0,12160.0,12200.0,18573,0.0,0.0
2023-03-14 14:00:00+09:00,12200.0,12200.0,12080.0,12090.0,27612,0.0,0.0
2023-03-15 09:00:00+09:00,12330.0,12460.0,12230.0,12330.0,15817,0.0,0.0
2023-03-15 10:00:00+09:00,12330.0,12420.0,12300.0,12400.0,10451,0.0,0.0
2023-03-15 11:00:00+09:00,12400.0,12520.0,12360.0,12520.0,6248,0.0,0.0
2023-03-15 12:00:00+09:00,12520.0,12570.0,12420.0,12510.0,4734,0.0,0.0
2023-03-15 13:00:00+09:00,12510.0,12520.0,12450.0,12510.0,4778,0.0,0.0
2023-03-15 14:00:00+09:00,12500.0,12520.0,12360.0,12470.0,7576,0.0,0.0
2023-03-16 09:00:00+09:00,12160.0,12600.0,12150.0,12600.0,0,0.0,0.0
2023-03-16 10:00:00+09:00,12600.0,13000.0,12600.0,12920.0,32486,0.0,0.0
2023-03-16 11:00:00+09:00,12910.0,12910.0,12790.0,12790.0,10101,0.0,0.0
2023-03-16 12:00:00+09:00,12790.0,12800.0,12620.0,12620.0,15335,0.0,0.0
2023-03-16 13:00:00+09:00,12610.0,12660.0,12400.0,12540.0,9699,0.0,0.0
2023-03-16 14:00:00+09:00,12540.0,12690.0,12510.0,12550.0,9300,0.0,0.0
2023-03-17 09:00:00+09:00,12990.0,12990.0,12640.0,12900.0,0,0.0,0.0
2023-03-17 10:00:00+09:00,12900.0,13080.0,12870.0,13060.0,28957,0.0,0.0
2023-03-17 11:00:00+09:00,13070.0,13200.0,13050.0,13070.0,26139,0.0,0.0
2023-03-17 12:00:00+09:00,13070.0,13130.0,13040.0,13080.0,4598,0.0,0.0
2023-03-17 13:00:00+09:00,13090.0,13150.0,13040.0,13090.0,9970,0.0,0.0
2023-03-17 14:00:00+09:00,13100.0,13150.0,13040.0,13060.0,7730,0.0,0.0
2023-03-20 09:00:00+09:00,12950.0,13190.0,12910.0,13170.0,0,0.0,0.0
2023-03-20 10:00:00+09:00,13170.0,13170.0,13080.0,13130.0,8302,0.0,0.0
2023-03-20 11:00:00+09:00,13130.0,13260.0,13130.0,13240.0,16751,0.0,0.0
2023-03-20 12:00:00+09:00,13250.0,13250.0,13180.0,13220.0,7052,0.0,0.0
2023-03-20 13:00:00+09:00,13220.0,13570.0,13210.0,13460.0,39786,0.0,0.0
2023-03-20 14:00:00+09:00,13460.0,13530.0,13410.0,13490.0,20598,0.0,0.0
2023-03-21 09:00:00+09:00,13450.0,13650.0,13400.0,13600.0,0,0.0,0.0
2023-03-21 10:00:00+09:00,13590.0,13600.0,13470.0,13560.0,10463,0.0,0.0
2023-03-21 11:00:00+09:00,13560.0,13700.0,13520.0,13680.0,26216,0.0,0.0
2023-03-21 12:00:00+09:00,13670.0,13900.0,13640.0,13720.0,82245,0.0,0.0
2023-03-21 13:00:00+09:00,13720.0,13720.0,13620.0,13670.0,20764,0.0,0.0
2023-03-21 14:00:00+09:00,13650.0,13740.0,13600.0,13670.0,12815,0.0,0.0
2023-03-22 09:00:00+09:00,13900.0,13900.0,13570.0,13580.0,0,0.0,0.0
2023-03-22 10:00:00+09:00,13580.0,13590.0,13420.0,13490.0,15704,0.0,0.0
2023-03-22 11:00:00+09:00,13490.0,13490.0,13430.0,13480.0,6574,0.0,0.0
2023-03-22 12:00:00+09:00,13480.0,13500.0,13440.0,13490.0,5251,0.0,0.0
2023-03-22 13:00:00+09:00,13490.0,13520.0,13450.0,13500.0,7543,0.0,0.0
2023-03-22 14:00:00+09:00,13500.0,13710.0,13490.0,13640.0,15840,0.0,0.0
2023-03-23 09:00:00+09:00,13640.0,13820.0,13510.0,13780.0,0,0.0,0.0
2023-03-23 10:00:00+09:00,13770.0,13780.0,13670.0,13710.0,16209,0.0,0.0
2023-03-23 11:00:00+09:00,13700.0,13700.0,13590.0,13600.0,10549,0.0,0.0
2023-03-23 12:00:00+09:00,13630.0,13650.0,13550.0,13600.0,16610,0.0,0.0
2023-03-23 13:00:00+09:00,13600.0,13720.0,13510.0,13670.0,11085,0.0,0.0
2023-03-23 14:00:00+09:00,13690.0,13760.0,13570.0,13590.0,13131,0.0,0.0
2023-03-24 09:00:00+09:00,13640.0,14260.0,13640.0,14100.0,25425,0.0,0.0
2023-03-24 10:00:00+09:00,14110.0,14270.0,13950.0,14180.0,64338,0.0,0.0
2023-03-24 11:00:00+09:00,14200.0,14210.0,14120.0,14160.0,11670,0.0,0.0
2023-03-24 12:00:00+09:00,14160.0,14260.0,14130.0,14260.0,32288,0.0,0.0
2023-03-24 13:00:00+09:00,14260.0,14850.0,14250.0,14840.0,168877,0.0,0.0
2023-03-24 14:00:00+09:00,14840.0,14920.0,14400.0,14470.0,87652,0.0,0.0
2023-03-27 09:00:00+09:00,14780.0,15120.0,14620.0,14740.0,0,0.0,0.0
2023-03-27 10:00:00+09:00,14740.0,15060.0,14510.0,14900.0,82294,0.0,0.0
2023-03-27 11:00:00+09:00,14900.0,15010.0,14740.0,14820.0,29252,0.0,0.0
2023-03-27 12:00:00+09:00,14820.0,14940.0,14790.0,14820.0,8090,0.0,0.0
2023-03-27 13:00:00+09:00,14820.0,14920.0,14770.0,14780.0,15081,0.0,0.0
2023-03-27 14:00:00+09:00,14780.0,14900.0,14650.0,14880.0,27013,0.0,0.0
2023-03-28 09:00:00+09:00,14950.0,15790.0,14770.0,15700.0,0,0.0,0.0
2023-03-28 10:00:00+09:00,15700.0,16160.0,15480.0,15590.0,340444,0.0,0.0
2023-03-28 11:00:00+09:00,15590.0,16080.0,15590.0,16000.0,135524,0.0,0.0
2023-03-28 12:00:00+09:00,16010.0,16350.0,16010.0,16260.0,154303,0.0,0.0
2023-03-28 13:00:00+09:00,16260.0,16700.0,16170.0,16560.0,343875,0.0,0.0
2023-03-28 14:00:00+09:00,16550.0,16740.0,16140.0,16310.0,206515,0.0,0.0
2023-03-29 09:00:00+09:00,16350.0,16440.0,15540.0,15720.0,0,0.0,0.0
2023-03-29 10:00:00+09:00,15700.0,16270.0,15700.0,16220.0,98966,0.0,0.0
2023-03-29 11:00:00+09:00,16220.0,16400.0,16010.0,16250.0,57057,0.0,0.0
2023-03-29 12:00:00+09:00,16250.0,16510.0,16230.0,16340.0,69546,0.0,0.0
2023-03-29 13:00:00+09:00,16340.0,16560.0,16290.0,16320.0,73721,0.0,0.0
2023-03-29 14:00:00+09:00,16330.0,16530.0,16260.0,16390.0,43174,0.0,0.0
2023-03-30 09:00:00+09:00,17000.0,17400.0,16430.0,16450.0,0,0.0,0.0
2023-03-30 10:00:00+09:00,16450.0,16650.0,16210.0,16240.0,57959,0.0,0.0
2023-03-30 11:00:00+09:00,16240.0,16330.0,16090.0,16270.0,31295,0.0,0.0
2023-03-30 12:00:00+09:00,16280.0,16640.0,16270.0,16510.0,26146,0.0,0.0
2023-03-30 13:00:00+09:00,16530.0,16530.0,16280.0,16330.0,20561,0.0,0.0
2023-03-30 14:00:00+09:00,16330.0,16350.0,16200.0,16270.0,18743,0.0,0.0
2023-03-31 09:00:00+09:00,16390.0,16600.0,15870.0,16040.0,0,0.0,0.0
2023-03-31 10:00:00+09:00,16040.0,16110.0,15760.0,15790.0,79310,0.0,0.0
2023-03-31 11:00:00+09:00,15790.0,15900.0,15720.0,15730.0,51166,0.0,0.0
2023-03-31 12:00:00+09:00,15750.0,15790.0,15640.0,15670.0,24515,0.0,0.0
2023-03-31 13:00:00+09:00,15670.0,15870.0,15490.0,15530.0,39511,0.0,0.0
2023-03-31 14:00:00+09:00,15530.0,15540.0,15310.0,15400.0,51150,0.0,0.0
2023-04-03 09:00:00+09:00,15400.0,15780.0,15250.0,15630.0,0,0.0,0.0
2023-04-03 10:00:00+09:00,15630.0,15630.0,15070.0,15070.0,71704,0.0,0.0
2023-04-03 11:00:00+09:00,15070.0,15590.0,15070.0,15590.0,18980,0.0,0.0
2023-04-03 12:00:00+09:00,15590.0,15690.0,15590.0,15660.0,12605,0.0,0.0
2023-04-03 13:00:00+09:00,15660.0,15660.0,15470.0,15500.0,10115,0.0,0.0
2023-04-03 14:00:00+09:00,15500.0,15500.0,15260.0,15400.0,18008,0.0,0.0
2023-04-04 09:00:00+09:00,15370.0,15870.0,15200.0,15670.0,0,0.0,0.0
2023-04-04 10:00:00+09:00,15700.0,15980.0,15540.0,15540.0,40350,0.0,0.0
2023-04-04 11:00:00+09:00,15530.0,15630.0,15310.0,15350.0,17804,0.0,0.0
2023-04-04 12:00:00+09:00,15330.0,15500.0,15310.0,15350.0,17307,0.0,0.0
2023-04-04 13:00:00+09:00,15360.0,15370.0,15080.0,15280.0,34570,0.0,0.0
2023-04-04 14:00:00+09:00,15280.0,15420.0,14940.0,15020.0,61410,0.0,0.0
2023-04-05 09:00:00+09:00,15010.0,15280.0,14600.0,14670.0,0,0.0,0.0
2023-04-05 10:00:00+09:00,14670.0,14830.0,14620.0,14830.0,41684,0.0,0.0
2023-04-05 11:00:00+09:00,14810.0,14840.0,14720.0,14730.0,34572,0.0,0.0
2023-04-05 12:00:00+09:00,14730.0,14760.0,14660.0,14710.0,29682,0.0,0.0
2023-04-05 13:00:00+09:00,14720.0,14730.0,14510.0,14520.0,60002,0.0,0.0
2023-04-05 14:00:00+09:00,14530.0,14570.0,14310.0,14340.0,104078,0.0,0.0
2023-04-06 09:00:00+09:00,14500.0,14510.0,14060.0,14210.0,0,0.0,0.0
2023-04-06 10:00:00+09:00,14210.0,14380.0,14200.0,14280.0,12698,0.0,0.0
2023-04-06 11:00:00+09:00,14280.0,14320.0,14150.0,14180.0,11824,0.0,0.0
2023-04-06 12:00:00+09:00,14180.0,14220.0,14110.0,14150.0,11361,0.0,0.0
2023-04-06 13:00:00+09:00,14150.0,14280.0,14100.0,14270.0,15302,0.0,0.0
2023-04-06 14:00:00+09:00,14270.0,14440.0,14150.0,14350.0,29500,0.0,0.0
2023-04-07 09:00:00+09:00,14310.0,14670.0,14250.0,14630.0,0,0.0,0.0
2023-04-07 10:00:00+09:00,14640.0,15100.0,14630.0,15080.0,110514,0.0,0.0
2023-04-07 11:00:00+09:00,15080.0,15180.0,14980.0,15110.0,50821,0.0,0.0
2023-04-07 12:00:00+09:00,15110.0,15260.0,14950.0,15170.0,38028,0.0,0.0
2023-04-07 13:00:00+09:00,15180.0,15200.0,14880.0,15010.0,24159,0.0,0.0
2023-04-07 14:00:00+09:00,14980.0,15080.0,14940.0,15060.0,18220,0.0,0.0
2023-04-10 09:00:00+09:00,15110.0,15300.0,14570.0,14810.0,0,0.0,0.0
2023-04-10 10:00:00+09:00,14810.0,14900.0,14720.0,14770.0,15370,0.0,0.0
2023-04-10 11:00:00+09:00,14780.0,14780.0,14650.0,14680.0,17898,0.0,0.0
2023-04-10 12:00:00+09:00,14670.0,14790.0,14540.0,14600.0,20966,0.0,0.0
2023-04-10 13:00:00+09:00,14600.0,14660.0,14490.0,14500.0,20151,0.0,0.0
2023-04-10 14:00:00+09:00,14510.0,14660.0,14500.0,14550.0,9419,0.0,0.0
2023-04-11 09:00:00+09:00,14750.0,15810.0,14660.0,15740.0,227892,0.0,0.0
2023-04-11 10:00:00+09:00,15770.0,15830.0,15480.0,15740.0,141514,0.0,0.0
2023-04-11 11:00:00+09:00,15740.0,15900.0,15490.0,15510.0,105063,0.0,0.0
2023-04-11 12:00:00+09:00,15520.0,15560.0,15390.0,15470.0,35124,0.0,0.0
2023-04-11 13:00:00+09:00,15470.0,15560.0,15450.0,15510.0,27328,0.0,0.0
2023-04-11 14:00:00+09:00,15520.0,15550.0,15350.0,15440.0,43078,0.0,0.0
2023-04-12 09:00:00+09:00,15740.0,15750.0,15170.0,15240.0,0,0.0,0.0
2023-04-12 10:00:00+09:00,15250.0,15330.0,15000.0,15170.0,61117,0.0,0.0
2023-04-12 11:00:00+09:00,15150.0,15230.0,15090.0,15210.0,14373,0.0,0.0
2023-04-12 12:00:00+09:00,15200.0,15250.0,15130.0,15160.0,15832,0.0,0.0
2023-04-12 13:00:00+09:00,15160.0,15230.0,15150.0,15160.0,19396,0.0,0.0
2023-04-12 14:00:00+09:00,15160.0,15270.0,15120.0,15260.0,33217,0.0,0.0
2023-04-13 09:00:00+09:00,15300.0,15300.0,14770.0,14910.0,0,0.0,0.0
2023-04-13 10:00:00+09:00,14910.0,15050.0,14860.0,14970.0,23115,0.0,0.0
2023-04-13 11:00:00+09:00,14970.0,14990.0,14830.0,14890.0,15611,0.0,0.0
2023-04-13 12:00:00+09:00,14890.0,14900.0,14730.0,14740.0,36403,0.0,0.0
2023-04-13 13:00:00+09:00,14740.0,14760.0,14650.0,14730.0,30934,0.0,0.0
2023-04-13 14:00:00+09:00,14730.0,14790.0,14690.0,14690.0,19081,0.0,0.0
2023-04-14 09:00:00+09:00,14930.0,14930.0,14500.0,14510.0,0,0.0,0.0
2023-04-14 10:00:00+09:00,14510.0,14600.0,14430.0,14520.0,22910,0.0,0.0
2023-04-14 11:00:00+09:00,14580.0,14580.0,14480.0,14490.0,8830,0.0,0.0
2023-04-14 12:00:00+09:00,14500.0,14590.0,14470.0,14540.0,9366,0.0,0.0
2023-04-14 13:00:00+09:00,14540.0,14590.0,14440.0,14480.0,12062,0.0,0.0
2023-04-14 14:00:00+09:00,14480.0,14500.0,14430.0,14460.0,12473,0.0,0.0
2023-04-17 09:00:00+09:00,14260.0,14560.0,14190.0,14350.0,0,0.0,0.0
2023-04-17 10:00:00+09:00,14350.0,14470.0,14280.0,14460.0,11979,0.0,0.0
2023-04-17 11:00:00+09:00,14450.0,14550.0,14390.0,14550.0,12943,0.0,0.0
2023-04-17 12:00:00+09:00,14530.0,14550.0,14430.0,14440.0,7635,0.0,0.0
2023-04-17 13:00:00+09:00,14450.0,14450.0,14280.0,14360.0,13186,0.0,0.0
2023-04-17 14:00:00+09:00,14360.0,14450.0,14360.0,14400.0,6522,0.0,0.0
2023-04-18 09:00:00+09:00,14330.0,14400.0,14000.0,14040.0,0,0.0,0.0
2023-04-18 10:00:00+09:00,14020.0,14100.0,13860.0,14070.0,34324,0.0,0.0
2023-04-18 11:00:00+09:00,13990.0,14040.0,13850.0,13850.0,28929,0.0,0.0
2023-04-18 12:00:00+09:00,13860.0,13910.0,13840.0,13870.0,18498,0.0,0.0
2023-04-18 13:00:00+09:00,13860.0,13910.0,13750.0,13780.0,30517,0.0,0.0
2023-04-18 14:00:00+09:00,13800.0,13830.0,13650.0,13770.0,38787,0.0,0.0
2023-04-19 09:00:00+09:00,13830.0,13970.0,13750.0,13830.0,0,0.0,0.0
2023-04-19 10:00:00+09:00,13830.0,13960.0,13780.0,13930.0,16276,0.0,0.0
2023-04-19 11:00:00+09:00,13930.0,13950.0,13870.0,13920.0,9926,0.0,0.0
2023-04-19 12:00:00+09:00,13920.0,14110.0,13880.0,14080.0,16345,0.0,0.0
2023-04-19 13:00:00+09:00,14070.0,14130.0,14060.0,14130.0,14701,0.0,0.0
2023-04-19 14:00:00+09:00,14140.0,14140.0,13960.0,14010.0,14350,0.0,0.0
2023-04-20 09:00:00+09:00,13830.0,13880.0,13560.0,13600.0,0,0.0,0.0
2023-04-20 10:00:00+09:00,13610.0,13740.0,13540.0,13650.0,15950,0.0,0.0
2023-04-20 11:00:00+09:00,13650.0,13710.0,13600.0,13630.0,8623,0.0,0.0
2023-04-20 12:00:00+09:00,13640.0,13660.0,13550.0,13590.0,14934,0.0,0.0
2023-04-20 13:00:00+09:00,13580.0,13850.0,13570.0,13630.0,29505,0.0,0.0
2023-04-20 14:00:00+09:00,13640.0,13730.0,13540.0,13590.0,22940,0.0,0.0
2023-04-21 09:00:00+09:00,13500.0,13850.0,13500.0,13590.0,0,0.0,0.0
2023-04-21 10:00:00+09:00,13590.0,14040.0,13570.0,14000.0,35131,0.0,0.0
2023-04-21 11:00:00+09:00,14020.0,14110.0,13960.0,14010.0,17822,0.0,0.0
2023-04-21 12:00:00+09:00,14010.0,14030.0,13930.0,13970.0,6623,0.0,0.0
2023-04-21 13:00:00+09:00,13960.0,13960.0,13710.0,13730.0,13271,0.0,0.0
2023-04-21 14:00:00+09:00,13730.0,13820.0,13650.0,13670.0,10434,0.0,0.0
2023-04-24 09:00:00+09:00,14190.0,14390.0,13920.0,14040.0,0,0.0,0.0
2023-04-24 10:00:00+09:00,14040.0,14240.0,13810.0,14050.0,32276,0.0,0.0
2023-04-24 11:00:00+09:00,14050.0,14260.0,13960.0,14040.0,24040,0.0,0.0
2023-04-24 12:00:00+09:00,14040.0,14070.0,13870.0,13910.0,11901,0.0,0.0
2023-04-24 13:00:00+09:00,13910.0,14000.0,13900.0,13970.0,7453,0.0,0.0
2023-04-24 14:00:00+09:00,13980.0,13980.0,13880.0,13910.0,6227,0.0,0.0
2023-04-25 09:00:00+09:00,13860.0,13990.0,13580.0,13840.0,0,0.0,0.0
2023-04-25 10:00:00+09:00,13840.0,13890.0,13500.0,13510.0,26734,0.0,0.0
2023-04-25 11:00:00+09:00,13560.0,13630.0,13400.0,13450.0,17568,0.0,0.0
2023-04-25 12:00:00+09:00,13410.0,13480.0,13350.0,13370.0,15243,0.0,0.0
2023-04-25 13:00:00+09:00,13360.0,13460.0,13320.0,13400.0,17984,0.0,0.0
2023-04-25 14:00:00+09:00,13460.0,13550.0,13360.0,13510.0,8320,0.0,0.0
2023-04-26 09:00:00+09:00,13330.0,13460.0,13200.0,13450.0,26231,0.0,0.0
2023-04-26 10:00:00+09:00,13450.0,13650.0,13450.0,13470.0,11744,0.0,0.0
2023-04-26 11:00:00+09:00,13470.0,13470.0,13280.0,13310.0,9570,0.0,0.0
2023-04-26 12:00:00+09:00,13300.0,13370.0,13290.0,13310.0,5688,0.0,0.0
2023-04-26 13:00:00+09:00,13320.0,13350.0,13290.0,13310.0,7035,0.0,0.0
2023-04-26 14:00:00+09:00,13290.0,13350.0,13270.0,13310.0,7707,0.0,0.0
2023-04-27 09:00:00+09:00,13270.0,13370.0,13000.0,13150.0,0,0.0,0.0
2023-04-27 10:00:00+09:00,13140.0,13170.0,13020.0,13100.0,12097,0.0,0.0
2023-04-27 11:00:00+09:00,13100.0,13110.0,12760.0,12800.0,46726,0.0,0.0
2023-04-27 12:00:00+09:00,12800.0,12810.0,12470.0,12580.0,88611,0.0,0.0
2023-04-27 13:00:00+09:00,12570.0,12690.0,12560.0,12640.0,22288,0.0,0.0
2023-04-27 14:00:00+09:00,12640.0,12800.0,12590.0,12700.0,43352,0.0,0.0
2023-04-28 09:00:00+09:00,12860.0,12890.0,12600.0,12800.0,0,0.0,0.0
2023-04-28 10:00:00+09:00,12800.0,12850.0,12590.0,12660.0,26064,0.0,0.0
2023-04-28 11:00:00+09:00,12670.0,12700.0,12450.0,12450.0,33435,0.0,0.0
2023-04-28 12:00:00+09:00,12500.0,12510.0,12390.0,12390.0,12088,0.0,0.0
2023-04-28 13:00:00+09:00,12400.0,12510.0,12400.0,12490.0,7676,0.0,0.0
2023-04-28 14:00:00+09:00,12490.0,12500.0,12420.0,12450.0,11516,0.0,0.0
2023-05-02 09:00:00+09:00,12400.0,12850.0,12400.0,12540.0,0,0.0,0.0
2023-05-02 10:00:00+09:00,12550.0,12790.0,12530.0,12750.0,11410,0.0,0.0
2023-05-02 11:00:00+09:00,12760.0,12890.0,12760.0,12880.0,17406,0.0,0.0
2023-05-02 12:00:00+09:00,12880.0,12920.0,12860.0,12890.0,12231,0.0,0.0
2023-05-02 13:00:00+09:00,12890.0,12910.0,12780.0,12870.0,8589,0.0,0.0
2023-05-02 14:00:00+09:00,12870.0,12980.0,12830.0,12980.0,11111,0.0,0.0
2023-05-03 09:00:00+09:00,12800.0,12900.0,12630.0,12730.0,0,0.0,0.0
2023-05-03 10:00:00+09:00,12730.0,12730.0,12630.0,12660.0,13925,0.0,0.0
2023-05-03 11:00:00+09:00,12660.0,12700.0,12640.0,12670.0,4524,0.0,0.0
2023-05-03 12:00:00+09:00,12670.0,12680.0,12530.0,12560.0,16173,0.0,0.0
2023-05-03 13:00:00+09:00,12560.0,12610.0,12540.0,12550.0,6644,0.0,0.0
2023-05-03 14:00:00+09:00,12550.0,12590.0,12540.0,12540.0,11224,0.0,0.0
2023-05-04 09:00:00+09:00,12550.0,12900.0,12400.0,12530.0,0,0.0,0.0
2023-05-04 10:00:00+09:00,12530.0,12530.0,12400.0,12470.0,10093,0.0,0.0
2023-05-04 11:00:00+09:00,12440.0,12470.0,12410.0,12440.0,7952,0.0,0.0
2023-05-04 12:00:00+09:00,12460.0,12470.0,12350.0,12380.0,11971,0.0,0.0
2023-05-04 13:00:00+09:00,12380.0,12410.0,12200.0,12350.0,19402,0.0,0.0
2023-05-04 14:00:00+09:00,12360.0,12640.0,12300.0,12540.0,27735,0.0,0.0
2023-05-08 09:00:00+09:00,12550.0,12780.0,12530.0,12720.0,0,0.0,0.0
2023-05-08 10:00:00+09:00,12710.0,12770.0,12700.0,12730.0,6733,0.0,0.0
2023-05-08 11:00:00+09:00,12740.0,12740.0,12700.0,12700.0,6574,0.0,0.0
2023-05-08 12:00:00+09:00,12700.0,12710.0,12650.0,12650.0,9215,0.0,0.0
2023-05-08 13:00:00+09:00,12670.0,12700.0,12660.0,12670.0,1893,0.0,0.0
2023-05-08 14:00:00+09:00,12680.0,12680.0,12570.0,12630.0,13567,0.0,0.0
2023-05-09 09:00:00+09:00,12690.0,12690.0,12410.0,12540.0,0,0.0,0.0
2023-05-09 10:00:00+09:00,12540.0,12610.0,12510.0,12560.0,7009,0.0,0.0
2023-05-09 11:00:00+09:00,12560.0,12600.0,12550.0,12550.0,1561,0.0,0.0
2023-05-09 12:00:00+09:00,12550.0,12580.0,12490.0,12510.0,7968,0.0,0.0
2023-05-09 13:00:00+09:00,12500.0,12520.0,12450.0,12480.0,7460,0.0,0.0
2023-05-09 14:00:00+09:00,12480.0,12550.0,12410.0,12500.0,15715,0.0,0.0
2023-05-10 09:00:00+09:00,12320.0,12550.0,12240.0,12280.0,0,0.0,0.0
2023-05-10 10:00:00+09:00,12290.0,12430.0,12180.0,12400.0,25226,0.0,0.0
2023-05-10 11:00:00+09:00,12400.0,12450.0,12320.0,12450.0,5375,0.0,0.0
2023-05-10 12:00:00+09:00,12450.0,12470.0,12430.0,12440.0,5104,0.0,0.0
2023-05-10 13:00:00+09:00,12450.0,12500.0,12430.0,12480.0,4978,0.0,0.0
2023-05-10 14:00:00+09:00,12470.0,12480.0,12320.0,12320.0,8262,0.0,0.0
2023-05-11 09:00:00+09:00,12360.0,12490.0,12300.0,12450.0,0,0.0,0.0
2023-05-11 10:00:00+09:00,12450.0,12450.0,12340.0,12350.0,4454,0.0,0.0
2023-05-11 11:00:00+09:00,12350.0,12360.0,12310.0,12310.0,4248,0.0,0.0
2023-05-11 12:00:00+09:00,12310.0,12350.0,12300.0,12310.0,6302,0.0,0.0
2023-05-11 13:00:00+09:00,12310.0,12340.0,12250.0,12290.0,12147,0.0,0.0
2023-05-11 14:00:00+09:00,12270.0,12330.0,12210.0,12220.0,9297,0.0,0.0
2023-05-12 09:00:00+09:00,12300.0,12300.0,12130.0,12200.0,5459,0.0,0.0
2023-05-12 10:00:00+09:00,12190.0,12210.0,12150.0,12180.0,3066,0.0,0.0
2023-05-12 11:00:00+09:00,12180.0,12230.0,12160.0,12200.0,3653,0.0,0.0
2023-05-12 12:00:00+09:00,12190.0,12230.0,12180.0,12210.0,975,0.0,0.0
2023-05-12 13:00:00+09:00,12210.0,12310.0,12190.0,12280.0,2092,0.0,0.0
2023-05-12 14:00:00+09:00,12280.0,12280.0,12200.0,12210.0,3973,0.0,0.0
2023-05-15 09:00:00+09:00,12130.0,12150.0,11910.0,11920.0,10812,0.0,0.0
2023-05-15 10:00:00+09:00,11920.0,12110.0,11900.0,12030.0,11032,0.0,0.0
2023-05-15 11:00:00+09:00,12020.0,12050.0,11930.0,11970.0,2143,0.0,0.0
2023-05-15 12:00:00+09:00,11970.0,12000.0,11940.0,11950.0,3011,0.0,0.0
2023-05-15 13:00:00+09:00,12000.0,12000.0,11930.0,11960.0,2315,0.0,0.0
2023-05-15 14:00:00+09:00,11960.0,12040.0,11900.0,11970.0,8971,0.0,0.0
2023-05-16 09:00:00+09:00,12080.0,12080.0,11870.0,11890.0,0,0.0,0.0
2023-05-16 10:00:00+09:00,11910.0,11910.0,11630.0,11660.0,18938,0.0,0.0
2023-05-16 11:00:00+09:00,11670.0,11700.0,11590.0,11610.0,12089,0.0,0.0
2023-05-16 12:00:00+09:00,11630.0,11720.0,11600.0,11700.0,3983,0.0,0.0
2023-05-16 13:00:00+09:00,11710.0,11720.0,11600.0,11630.0,11158,0.0,0.0
2023-05-16 14:00:00+09:00,11640.0,11640.0,11550.0,11560.0,15300,0.0,0.0
2023-05-17 09:00:00+09:00,11600.0,11600.0,11430.0,11580.0,0,0.0,0.0
2023-05-17 10:00:00+09:00,11580.0,11700.0,11560.0,11660.0,14983,0.0,0.0
2023-05-17 11:00:00+09:00,11650.0,11790.0,11640.0,11750.0,8780,0.0,0.0
2023-05-17 12:00:00+09:00,11750.0,11900.0,11750.0,11840.0,8457,0.0,0.0
2023-05-17 13:00:00+09:00,11860.0,11960.0,11840.0,11950.0,12744,0.0,0.0
2023-05-17 14:00:00+09:00,11940.0,11960.0,11800.0,11920.0,18673,0.0,0.0
2023-05-18 09:00:00+09:00,11830.0,12220.0,11830.0,12170.0,0,0.0,0.0
2023-05-18 10:00:00+09:00,12180.0,12210.0,12140.0,12160.0,4104,0.0,0.0
2023-05-18 11:00:00+09:00,12170.0,12210.0,12160.0,12180.0,4912,0.0,0.0
2023-05-18 12:00:00+09:00,12170.0,12200.0,12160.0,12170.0,2231,0.0,0.0
2023-05-18 13:00:00+09:00,12160.0,12190.0,12120.0,12150.0,6050,0.0,0.0
2023-05-18 14:00:00+09:00,12130.0,12210.0,11940.0,12110.0,25517,0.0,0.0
2023-05-19 09:00:00+09:00,12400.0,12690.0,12170.0,12450.0,0,0.0,0.0
2023-05-19 10:00:00+09:00,12460.0,12740.0,12460.0,12680.0,40925,0.0,0.0
2023-05-19 11:00:00+09:00,12680.0,12720.0,12560.0,12590.0,8818,0.0,0.0
2023-05-19 12:00:00+09:00,12590.0,12620.0,12530.0,12530.0,9515,0.0,0.0
2023-05-19 13:00:00+09:00,12530.0,12590.0,12490.0,12590.0,8095,0.0,0.0
2023-05-19 14:00:00+09:00,12590.0,12590.0,12470.0,12500.0,9325,0.0,0.0
2023-05-22 09:00:00+09:00,12550.0,12650.0,12330.0,12460.0,0,0.0,0.0
2023-05-22 10:00:00+09:00,12470.0,12540.0,12410.0,12520.0,5936,0.0,0.0
2023-05-22 11:00:00+09:00,12520.0,12550.0,12500.0,12540.0,3803,0.0,0.0
2023-05-22 12:00:00+09:00,12540.0,12550.0,12470.0,12480.0,5791,0.0,0.0
2023-05-22 13:00:00+09:00,12480.0,12550.0,12410.0,12410.0,16114,0.0,0.0
2023-05-22 14:00:00+09:00,12410.0,12490.0,12340.0,12350.0,13951,0.0,0.0
2023-05-23 09:00:00+09:00,12400.0,12480.0,12250.0,12370.0,9710,0.0,0.0
2023-05-23 10:00:00+09:00,12370.0,12420.0,12330.0,12370.0,8563,0.0,0.0
2023-05-23 11:00:00+09:00,12360.0,12380.0,12330.0,12330.0,7168,0.0,0.0
2023-05-23 12:00:00+09:00,12330.0,12350.0,12320.0,12330.0,3074,0.0,0.0
2023-05-23 13:00:00+09:00,12330.0,12390.0,12310.0,12320.0,8806,0.0,0.0
2023-05-23 14:00:00+09:00,12320.0,12350.0,12280.0,12280.0,8308,0.0,0.0
2023-05-24 09:00:00+09:00,12250.0,12250.0,11920.0,11950.0,0,0.0,0.0
2023-05-24 10:00:00+09:00,11940.0,12000.0,11850.0,11880.0,36580,0.0,0.0
2023-05-24 11:00:00+09:00,11870.0,11880.0,11800.0,11810.0,27540,0.0,0.0
2023-05-24 12:00:00+09:00,11810.0,11830.0,11750.0,11780.0,26920,0.0,0.0
2023-05-24 13:00:00+09:00,11780.0,11810.0,11740.0,11750.0,21201,0.0,0.0
2023-05-24 14:00:00+09:00,11750.0,11860.0,11740.0,11800.0,28838,0.0,0.0
2023-05-25 09:00:00+09:00,12010.0,12010.0,11740.0,11870.0,17647,0.0,0.0
2023-05-25 10:00:00+09:00,11870.0,11920.0,11810.0,11810.0,13405,0.0,0.0
2023-05-25 11:00:00+09:00,11810.0,11840.0,11780.0,11780.0,10412,0.0,0.0
2023-05-25 12:00:00+09:00,11790.0,11830.0,11760.0,11760.0,5803,0.0,0.0
2023-05-25 13:00:00+09:00,11760.0,11780.0,11740.0,11750.0,12014,0.0,0.0
2023-05-25 14:00:00+09:00,11750.0,11750.0,11700.0,11730.0,13729,0.0,0.0
2023-05-26 09:00:00+09:00,11830.0,11960.0,11750.0,11850.0,0,0.0,0.0
2023-05-26 10:00:00+09:00,11840.0,12080.0,11790.0,11830.0,29201,0.0,0.0
2023-05-26 11:00:00+09:00,11820.0,11940.0,11810.0,11870.0,11333,0.0,0.0
2023-05-26 12:00:00+09:00,11870.0,11870.0,11670.0,11690.0,40763,0.0,0.0
2023-05-26 13:00:00+09:00,11680.0,11720.0,11660.0,11670.0,14347,0.0,0.0
2023-05-26 14:00:00+09:00,11670.0,11680.0,11600.0,11660.0,24752,0.0,0.0
2023-05-30 09:00:00+09:00,11790.0,12150.0,11780.0,12150.0,0,0.0,0.0
2023-05-30 10:00:00+09:00,12140.0,12200.0,12050.0,12140.0,24433,0.0,0.0
2023-05-30 11:00:00+09:00,12150.0,12180.0,12050.0,12100.0,19435,0.0,0.0
2023-05-30 12:00:00+09:00,12100.0,12110.0,12030.0,12070.0,7127,0.0,0.0
2023-05-30 13:00:00+09:00,12070.0,12150.0,12020.0,12150.0,8865,0.0,0.0
2023-05-30 14:00:00+09:00,12150.0,12200.0,12100.0,12150.0,16560,0.0,0.0
2023-05-31 09:00:00+09:00,12150.0,12150.0,11750.0,11930.0,0,0.0,0.0
2023-05-31 10:00:00+09:00,11930.0,12130.0,11920.0,11940.0,22566,0.0,0.0
2023-05-31 11:00:00+09:00,11950.0,12010.0,11860.0,11870.0,16497,0.0,0.0
2023-05-31 12:00:00+09:00,11890.0,11930.0,11820.0,11840.0,7381,0.0,0.0
2023-05-31 13:00:00+09:00,11850.0,11900.0,11830.0,11880.0,9159,0.0,0.0
2023-05-31 14:00:00+09:00,11830.0,11880.0,11800.0,11860.0,10995,0.0,0.0
2023-06-01 09:00:00+09:00,11720.0,11830.0,11660.0,11710.0,21123,0.0,0.0
2023-06-01 10:00:00+09:00,11710.0,11780.0,11680.0,11730.0,7167,0.0,0.0
2023-06-01 11:00:00+09:00,11710.0,11790.0,11660.0,11680.0,9893,0.0,0.0
2023-06-01 12:00:00+09:00,11680.0,11780.0,11670.0,11700.0,5926,0.0,0.0
2023-06-01 13:00:00+09:00,11700.0,11770.0,11660.0,11680.0,15778,0.0,0.0
2023-06-01 14:00:00+09:00,11690.0,11710.0,11670.0,11690.0,5090,0.0,0.0
2023-06-02 09:00:00+09:00,11800.0,11830.0,11730.0,11760.0,0,0.0,0.0
2023-06-02 10:00:00+09:00,11740.0,11750.0,11620.0,11700.0,10825,0.0,0.0
2023-06-02 11:00:00+09:00,11720.0,11800.0,11690.0,11770.0,5477,0.0,0.0
2023-06-02 12:00:00+09:00,11740.0,11740.0,11650.0,11690.0,5320,0.0,0.0
2023-06-02 13:00:00+09:00,11690.0,11700.0,11650.0,11660.0,5453,0.0,0.0
2023-06-02 14:00:00+09:00,11650.0,11730.0,11650.0,11710.0,4231,0.0,0.0
2023-06-05 09:00:00+09:00,11750.0,11780.0,11630.0,11750.0,0,0.0,0.0
2023-06-05 10:00:00+09:00,11750.0,11750.0,11670.0,11700.0,7619,0.0,0.0
2023-06-05 11:00:00+09:00,11700.0,11930.0,11690.0,11860.0,9010,0.0,0.0
2023-06-05 12:00:00+09:00,11860.0,11870.0,11820.0,11820.0,2405,0.0,0.0
2023-06-05 13:00:00+09:00,11820.0,11900.0,11820.0,11870.0,5645,0.0,0.0
2023-06-05 14:00:00+09:00,11870.0,11900.0,11840.0,11840.0,2806,0.0,0.0
2023-06-07 09:00:00+09:00,11930.0,11990.0,11850.0,11890.0,0,0.0,0.0
2023-06-07 10:00:00+09:00,11890.0,11910.0,11810.0,11810.0,7188,0.0,0.0
2023-06-07 11:00:00+09:00,11820.0,11850.0,11800.0,11800.0,5040,0.0,0.0
2023-06-07 12:00:00+09:00,11810.0,11860.0,11780.0,11780.0,7548,0.0,0.0
2023-06-07 13:00:00+09:00,11780.0,11850.0,11780.0,11810.0,3566,0.0,0.0
2023-06-07 14:00:00+09:00,11800.0,11810.0,11760.0,11780.0,4768,0.0,0.0
2023-06-08 09:00:00+09:00,11710.0,11830.0,11600.0,11620.0,16191,0.0,0.0
2023-06-08 10:00:00+09:00,11620.0,11680.0,11600.0,11650.0,7376,0.0,0.0
2023-06-08 11:00:00+09:00,11650.0,11740.0,11650.0,11700.0,2745,0.0,0.0
2023-06-08 12:00:00+09:00,11700.0,11700.0,11630.0,11640.0,6732,0.0,0.0
2023-06-08 13:00:00+09:00,11650.0,11690.0,11630.0,11650.0,10173,0.0,0.0
2023-06-08 14:00:00+09:00,11650.0,11690.0,11620.0,11650.0,10581,0.0,0.0
2023-06-09 09:00:00+09:00,11700.0,11900.0,11700.0,11890.0,13361,0.0,0.0
2023-06-09 10:00:00+09:00,11890.0,11890.0,11820.0,11870.0,11597,0.0,0.0
2023-06-09 11:00:00+09:00,11870.0,11870.0,11800.0,11800.0,3320,0.0,0.0
2023-06-09 12:00:00+09:00,11800.0,11820.0,11750.0,11760.0,3521,0.0,0.0
2023-06-09 13:00:00+09:00,11750.0,11850.0,11730.0,11800.0,6978,0.0,0.0
2023-06-09 14:00:00+09:00,11830.0,12080.0,11820.0,12050.0,33875,0.0,0.0
2023-06-12 09:00:00+09:00,12050.0,12430.0,12040.0,12280.0,0,0.0,0.0
2023-06-12 10:00:00+09:00,12280.0,12300.0,12220.0,12260.0,12611,0.0,0.0
2023-06-12 11:00:00+09:00,12260.0,12280.0,12230.0,12280.0,6276,0.0,0.0
2023-06-12 12:00:00+09:00,12270.0,12390.0,12270.0,12350.0,16826,0.0,0.0
2023-06-12 13:00:00+09:00,12350.0,12600.0,12330.0,12600.0,39890,0.0,0.0
2023-06-12 14:00:00+09:00,12570.0,12600.0,12500.0,12500.0,22012,0.0,0.0
2023-06-13 09:00:00+09:00,12620.0,12740.0,12570.0,12670.0,36681,0.0,0.0
2023-06-13 10:00:00+09:00,12680.0,12730.0,12600.0,12630.0,7746,0.0,0.0
2023-06-13 11:00:00+09:00,12630.0,12680.0,12580.0,12580.0,9096,0.0,0.0
2023-06-13 12:00:00+09:00,12590.0,12620.0,12560.0,12560.0,12519,0.0,0.0
2023-06-13 13:00:00+09:00,12560.0,12590.0,12560.0,12590.0,8250,0.0,0.0
2023-06-13 14:00:00+09:00,12580.0,12660.0,12460.0,12650.0,41218,0.0,0.0
2023-06-14 09:00:00+09:00,12710.0,12750.0,12480.0,12510.0,22317,0.0,0.0
2023-06-14 10:00:00+09:00,12540.0,12650.0,12440.0,12590.0,19357,0.0,0.0
2023-06-14 11:00:00+09:00,12580.0,12590.0,12470.0,12570.0,3016,0.0,0.0
2023-06-14 12:00:00+09:00,12550.0,12590.0,12470.0,12510.0,3947,0.0,0.0
2023-06-14 13:00:00+09:00,12480.0,12520.0,12300.0,12390.0,19569,0.0,0.0
2023-06-14 14:00:00+09:00,12380.0,12400.0,12290.0,12360.0,11235,0.0,0.0
2023-06-15 09:00:00+09:00,12520.0,12720.0,12460.0,12690.0,26810,0.0,0.0
2023-06-15 10:00:00+09:00,12680.0,12730.0,12410.0,12450.0,23052,0.0,0.0
2023-06-15 11:00:00+09:00,12450.0,12610.0,12400.0,12600.0,5601,0.0,0.0
2023-06-15 12:00:00+09:00,12590.0,12590.0,12550.0,12550.0,2427,0.0,0.0
2023-06-15 13:00:00+09:00,12560.0,12620.0,12550.0,12610.0,8861,0.0,0.0
2023-06-15 14:00:00+09:00,12610.0,12650.0,12570.0,12630.0,9944,0.0,0.0
2023-06-16 09:00:00+09:00,12800.0,12800.0,12510.0,12630.0,17104,0.0,0.0
2023-06-16 10:00:00+09:00,12630.0,12640.0,12410.0,12430.0,19040,0.0,0.0
2023-06-16 11:00:00+09:00,12440.0,12450.0,12370.0,12450.0,13437,0.0,0.0
2023-06-16 12:00:00+09:00,12440.0,12440.0,12370.0,12440.0,7895,0.0,0.0
2023-06-16 13:00:00+09:00,12410.0,12430.0,12360.0,12400.0,12144,0.0,0.0
2023-06-16 14:00:00+09:00,12400.0,12410.0,12370.0,12380.0,5446,0.0,0.0
2023-06-19 09:00:00+09:00,12450.0,12450.0,11610.0,12130.0,0,0.0,0.0
2023-06-19 10:00:00+09:00,12130.0,12250.0,12070.0,12160.0,18084,0.0,0.0
2023-06-19 11:00:00+09:00,12110.0,12120.0,12020.0,12100.0,3145,0.0,0.0
2023-06-19 12:00:00+09:00,12110.0,12180.0,12030.0,12110.0,7095,0.0,0.0
2023-06-19 13:00:00+09:00,12110.0,12110.0,12000.0,12090.0,7633,0.0,0.0
2023-06-19 14:00:00+09:00,12070.0,12080.0,11990.0,12050.0,6313,0.0,0.0
2023-06-20 09:00:00+09:00,11920.0,12170.0,11770.0,12170.0,27123,0.0,0.0
2023-06-20 10:00:00+09:00,12140.0,12170.0,11970.0,12050.0,8010,0.0,0.0
2023-06-20 11:00:00+09:00,11990.0,12090.0,11930.0,12040.0,4411,0.0,0.0
2023-06-20 12:00:00+09:00,12030.0,12090.0,12010.0,12080.0,2725,0.0,0.0
2023-06-20 13:00:00+09:00,12080.0,12080.0,11980.0,12020.0,3243,0.0,0.0
2023-06-20 14:00:00+09:00,12040.0,12520.0,11810.0,12390.0,31333,0.0,0.0
2023-06-21 09:00:00+09:00,12560.0,12930.0,12440.0,12660.0,80796,0.0,0.0
2023-06-21 10:00:00+09:00,12650.0,13160.0,12500.0,12960.0,326461,0.0,0.0
2023-06-21 11:00:00+09:00,12960.0,13050.0,12650.0,12700.0,61606,0.0,0.0
2023-06-21 12:00:00+09:00,12730.0,12940.0,12630.0,12800.0,34779,0.0,0.0
2023-06-21 13:00:00+09:00,12800.0,13400.0,12680.0,12820.0,266023,0.0,0.0
2023-06-21 14:00:00+09:00,12820.0,13120.0,12820.0,12940.0,66933,0.0,0.0
2023-06-22 09:00:00+09:00,12760.0,12930.0,12700.0,12740.0,0,0.0,0.0
2023-06-22 10:00:00+09:00,12720.0,12750.0,12650.0,12690.0,15520,0.0,0.0
2023-06-22 11:00:00+09:00,12690.0,12730.0,12650.0,12730.0,7257,0.0,0.0
2023-06-22 12:00:00+09:00,12730.0,12810.0,12600.0,12660.0,20381,0.0,0.0
2023-06-22 13:00:00+09:00,12660.0,12780.0,12510.0,12630.0,31065,0.0,0.0
2023-06-22 14:00:00+09:00,12630.0,12640.0,12540.0,12610.0,10568,0.0,0.0
2023-06-23 09:00:00+09:00,12600.0,13850.0,12520.0,13290.0,722077,0.0,0.0
2023-06-23 10:00:00+09:00,13280.0,13800.0,13210.0,13420.0,410306,0.0,0.0
2023-06-23 11:00:00+09:00,13420.0,13710.0,13340.0,13600.0,182398,0.0,0.0
2023-06-23 12:00:00+09:00,13610.0,13660.0,13420.0,13520.0,63549,0.0,0.0
2023-06-23 13:00:00+09:00,13520.0,13740.0,13330.0,13490.0,147572,0.0,0.0
2023-06-23 14:00:00+09:00,13500.0,13620.0,13410.0,13500.0,80159,0.0,0.0
2023-06-26 09:00:00+09:00,13390.0,13670.0,13130.0,13520.0,0,0.0,0.0
2023-06-26 10:00:00+09:00,13520.0,13620.0,13320.0,13530.0,42796,0.0,0.0
2023-06-26 11:00:00+09:00,13530.0,13590.0,13490.0,13530.0,18880,0.0,0.0
2023-06-26 12:00:00+09:00,13520.0,13570.0,13450.0,13520.0,10046,0.0,0.0
2023-06-26 13:00:00+09:00,13510.0,13590.0,13500.0,13580.0,26039,0.0,0.0
2023-06-26 14:00:00+09:00,13570.0,13590.0,13390.0,13570.0,38742,0.0,0.0
2023-06-27 09:00:00+09:00,13680.0,14710.0,13600.0,13790.0,604800,0.0,0.0
2023-06-27 10:00:00+09:00,13790.0,13960.0,13590.0,13770.0,98684,0.0,0.0
2023-06-27 11:00:00+09:00,13780.0,13900.0,13650.0,13830.0,26306,0.0,0.0
2023-06-27 12:00:00+09:00,13830.0,13840.0,13650.0,13660.0,18912,0.0,0.0
2023-06-27 13:00:00+09:00,13660.0,13660.0,13410.0,13450.0,42676,0.0,0.0
2023-06-27 14:00:00+09:00,13450.0,13600.0,13330.0,13570.0,40716,0.0,0.0
2023-06-28 09:00:00+09:00,13500.0,13900.0,13300.0,13880.0,95093,0.0,0.0
2023-06-28 10:00:00+09:00,13880.0,13950.0,13710.0,13720.0,75579,0.0,0.0
2023-06-28 11:00:00+09:00,13730.0,13790.0,13510.0,13570.0,18098,0.0,0.0
2023-06-28 12:00:00+09:00,13570.0,13620.0,13450.0,13490.0,15946,0.0,0.0
2023-06-28 13:00:00+09:00,13490.0,13560.0,13380.0,13470.0,20310,0.0,0.0
2023-06-28 14:00:00+09:00,13470.0,13590.0,13420.0,13460.0,21196,0.0,0.0
2023-06-29 09:00:00+09:00,13460.0,13810.0,13430.0,13640.0,51049,0.0,0.0
2023-06-29 10:00:00+09:00,13640.0,13870.0,13530.0,13640.0,58985,0.0,0.0
2023-06-29 11:00:00+09:00,13640.0,13710.0,13520.0,13580.0,14697,0.0,0.0
2023-06-29 12:00:00+09:00,13570.0,13600.0,13490.0,13530.0,14163,0.0,0.0
2023-06-29 13:00:00+09:00,13530.0,13730.0,13530.0,13660.0,21636,0.0,0.0
2023-06-29 14:00:00+09:00,13670.0,13690.0,13580.0,13580.0,14279,0.0,0.0
2023-06-30 09:00:00+09:00,13710.0,13900.0,13290.0,13480.0,87986,0.0,0.0
2023-06-30 10:00:00+09:00,13480.0,13760.0,13430.0,13720.0,29516,0.0,0.0
2023-06-30 11:00:00+09:00,13710.0,13940.0,13710.0,13880.0,64195,0.0,0.0
2023-06-30 12:00:00+09:00,13880.0,13900.0,13530.0,13660.0,28009,0.0,0.0
2023-06-30 13:00:00+09:00,13630.0,13670.0,13550.0,13660.0,15582,0.0,0.0
2023-06-30 14:00:00+09:00,13640.0,13750.0,13590.0,13660.0,13414,0.0,0.0
2023-07-03 09:00:00+09:00,13780.0,13790.0,13400.0,13710.0,0,0.0,0.0
2023-07-03 10:00:00+09:00,13710.0,13810.0,13580.0,13640.0,30457,0.0,0.0
2023-07-03 11:00:00+09:00,13640.0,13660.0,13520.0,13640.0,23133,0.0,0.0
2023-07-03 12:00:00+09:00,13630.0,13690.0,13510.0,13560.0,17677,0.0,0.0
2023-07-03 13:00:00+09:00,13560.0,13590.0,13500.0,13500.0,28152,0.0,0.0
2023-07-03 14:00:00+09:00,13500.0,13590.0,13500.0,13570.0,8382,0.0,0.0
2023-07-04 09:00:00+09:00,13560.0,13680.0,13400.0,13470.0,62097,0.0,0.0
2023-07-04 10:00:00+09:00,13470.0,13920.0,13460.0,13830.0,61383,0.0,0.0
2023-07-04 11:00:00+09:00,13820.0,13830.0,13520.0,13530.0,31102,0.0,0.0
2023-07-04 12:00:00+09:00,13530.0,13730.0,13520.0,13680.0,17146,0.0,0.0
2023-07-04 13:00:00+09:00,13680.0,13810.0,13600.0,13640.0,21462,0.0,0.0
2023-07-04 14:00:00+09:00,13620.0,13740.0,13530.0,13680.0,19186,0.0,0.0
2023-07-05 09:00:00+09:00,13700.0,13710.0,13470.0,13480.0,50574,0.0,0.0
2023-07-05 10:00:00+09:00,13480.0,13620.0,13470.0,13510.0,15962,0.0,0.0
2023-07-05 11:00:00+09:00,13500.0,13520.0,13480.0,13500.0,19102,0.0,0.0
2023-07-05 12:00:00+09:00,13500.0,13510.0,13470.0,13480.0,11509,0.0,0.0
2023-07-05 13:00:00+09:00,13480.0,13530.0,13440.0,13450.0,14579,0.0,0.0
2023-07-05 14:00:00+09:00,13450.0,13520.0,13290.0,13450.0,31210,0.0,0.0
2023-07-06 09:00:00+09:00,13220.0,13230.0,12940.0,13100.0,63000,0.0,0.0
2023-07-06 10:00:00+09:00,13090.0,13150.0,12980.0,12990.0,14545,0.0,0.0
2023-07-06 11:00:00+09:00,12980.0,13080.0,12920.0,12920.0,14769,0.0,0.0
2023-07-06 12:00:00+09:00,12920.0,12970.0,12640.0,12800.0,47032,0.0,0.0
2023-07-06 13:00:00+09:00,12730.0,12800.0,12540.0,12690.0,34916,0.0,0.0
2023-07-06 14:00:00+09:00,12660.0,12760.0,12650.0,12710.0,19220,0.0,0.0
2023-07-07 09:00:00+09:00,12630.0,12870.0,12550.0,12640.0,0,0.0,0.0
2023-07-07 10:00:00+09:00,12650.0,12800.0,12500.0,12600.0,16673,0.0,0.0
2023-07-07 11:00:00+09:00,12630.0,12700.0,12440.0,12450.0,19636,0.0,0.0
2023-07-07 12:00:00+09:00,12450.0,12500.0,12440.0,12460.0,6415,0.0,0.0
2023-07-07 13:00:00+09:00,12470.0,12580.0,12410.0,12580.0,12489,0.0,0.0
2023-07-07 14:00:00+09:00,12570.0,12900.0,12540.0,12890.0,16582,0.0,0.0
2023-07-10 09:00:00+09:00,12860.0,12860.0,12440.0,12490.0,0,0.0,0.0
2023-07-10 10:00:00+09:00,12470.0,12790.0,12470.0,12660.0,9774,0.0,0.0
2023-07-10 11:00:00+09:00,12590.0,12660.0,12480.0,12490.0,7371,0.0,0.0
2023-07-10 12:00:00+09:00,12500.0,12520.0,12370.0,12450.0,26503,0.0,0.0
2023-07-10 13:00:00+09:00,12490.0,12510.0,12350.0,12440.0,17564,0.0,0.0
2023-07-10 14:00:00+09:00,12400.0,12470.0,12340.0,12380.0,17932,0.0,0.0
2023-07-11 09:00:00+09:00,12410.0,12580.0,12410.0,12490.0,0,0.0,0.0
2023-07-11 10:00:00+09:00,12460.0,12530.0,12400.0,12480.0,6586,0.0,0.0
2023-07-11 11:00:00+09:00,12460.0,12490.0,12420.0,12480.0,2233,0.0,0.0
2023-07-11 12:00:00+09:00,12480.0,12510.0,12430.0,12510.0,3999,0.0,0.0
2023-07-11 13:00:00+09:00,12500.0,12660.0,12490.0,12540.0,13925,0.0,0.0
2023-07-11 14:00:00+09:00,12580.0,12840.0,12540.0,12840.0,20001,0.0,0.0
2023-07-12 09:00:00+09:00,12720.0,13070.0,12720.0,12950.0,19562,0.0,0.0
2023-07-12 10:00:00+09:00,12960.0,13160.0,12950.0,13150.0,20001,0.0,0.0
2023-07-12 11:00:00+09:00,13150.0,13250.0,13050.0,13150.0,13112,0.0,0.0
2023-07-12 12:00:00+09:00,13140.0,13290.0,13100.0,13210.0,14171,0.0,0.0
2023-07-12 13:00:00+09:00,13210.0,13260.0,13190.0,13250.0,9665,0.0,0.0
2023-07-12 14:00:00+09:00,13250.0,13250.0,13110.0,13180.0,10734,0.0,0.0
2023-07-13 09:00:00+09:00,13160.0,13520.0,13160.0,13330.0,42300,0.0,0.0
2023-07-13 10:00:00+09:00,13340.0,13510.0,13330.0,13470.0,16362,0.0,0.0
2023-07-13 11:00:00+09:00,13470.0,13600.0,13430.0,13590.0,32903,0.0,0.0
2023-07-13 12:00:00+09:00,13580.0,13580.0,13500.0,13510.0,11786,0.0,0.0
2023-07-13 13:00:00+09:00,13500.0,13500.0,13330.0,13330.0,10735,0.0,0.0
2023-07-13 14:00:00+09:00,13340.0,13510.0,13330.0,13490.0,12858,0.0,0.0
2023-07-14 09:00:00+09:00,13730.0,14140.0,13650.0,14120.0,32525,0.0,0.0
2023-07-14 10:00:00+09:00,14120.0,14120.0,13780.0,14100.0,47096,0.0,0.0
2023-07-14 11:00:00+09:00,14100.0,14150.0,13940.0,14010.0,47238,0.0,0.0
2023-07-14 12:00:00+09:00,14040.0,14080.0,13880.0,13900.0,16813,0.0,0.0
2023-07-14 13:00:00+09:00,13900.0,13900.0,13760.0,13760.0,31385,0.0,0.0
2023-07-14 14:00:00+09:00,13770.0,13850.0,13590.0,13850.0,26042,0.0,0.0
2023-07-17 09:00:00+09:00,13820.0,14100.0,13410.0,13880.0,0,0.0,0.0
2023-07-17 10:00:00+09:00,13880.0,14330.0,13880.0,14040.0,83373,0.0,0.0
2023-07-17 11:00:00+09:00,14040.0,14130.0,14010.0,14020.0,11597,0.0,0.0
2023-07-17 12:00:00+09:00,14020.0,14100.0,13950.0,14010.0,19098,0.0,0.0
2023-07-17 13:00:00+09:00,14010.0,14020.0,13950.0,13970.0,7793,0.0,0.0
2023-07-17 14:00:00+09:00,13960.0,14050.0,13960.0,14000.0,13199,0.0,0.0
2023-07-18 09:00:00+09:00,13970.0,14200.0,13790.0,13920.0,0,0.0,0.0
2023-07-18 10:00:00+09:00,13920.0,14020.0,13840.0,13870.0,10308,0.0,0.0
2023-07-18 11:00:00+09:00,13850.0,13930.0,13840.0,13850.0,5572,0.0,0.0
2023-07-18 12:00:00+09:00,13880.0,13940.0,13790.0,13940.0,14335,0.0,0.0
2023-07-18 13:00:00+09:00,13930.0,14070.0,13850.0,14060.0,15937,0.0,0.0
2023-07-18 14:00:00+09:00,14070.0,14080.0,13980.0,14060.0,9878,0.0,0.0
2023-07-19 09:00:00+09:00,14000.0,14080.0,13810.0,13870.0,0,0.0,0.0
2023-07-19 10:00:00+09:00,13850.0,13990.0,13770.0,13790.0,17036,0.0,0.0
2023-07-19 11:00:00+09:00,13780.0,13790.0,13590.0,13590.0,24862,0.0,0.0
2023-07-19 12:00:00+09:00,13580.0,13710.0,13550.0,13690.0,12877,0.0,0.0
2023-07-19 13:00:00+09:00,13650.0,13680.0,13500.0,13580.0,23935,0.0,0.0
2023-07-19 14:00:00+09:00,13550.0,13690.0,13520.0,13650.0,16118,0.0,0.0
2023-07-20 09:00:00+09:00,13580.0,13920.0,13510.0,13850.0,0,0.0,0.0
2023-07-20 10:00:00+09:00,13850.0,13920.0,13670.0,13830.0,15136,0.0,0.0
2023-07-20 11:00:00+09:00,13830.0,13960.0,13830.0,13900.0,11489,0.0,0.0
2023-07-20 12:00:00+09:00,13900.0,13900.0,13740.0,13840.0,4942,0.0,0.0
2023-07-20 13:00:00+09:00,13820.0,14190.0,13810.0,14160.0,54501,0.0,0.0
2023-07-20 14:00:00+09:00,14170.0,14210.0,14000.0,14110.0,30038,0.0,0.0
2023-07-21 09:00:00+09:00,13850.0,13940.0,13620.0,13740.0,0,0.0,0.0
2023-07-21 10:00:00+09:00,13720.0,13790.0,13560.0,13660.0,26726,0.0,0.0
2023-07-21 11:00:00+09:00,13750.0,14420.0,13620.0,13730.0,80952,0.0,0.0
2023-07-21 12:00:00+09:00,13730.0,13770.0,13650.0,13740.0,7539,0.0,0.0
2023-07-21 13:00:00+09:00,13680.0,13750.0,13610.0,13650.0,11274,0.0,0.0
2023-07-21 14:00:00+09:00,13620.0,13710.0,13570.0,13680.0,17629,0.0,0.0
2023-07-24 09:00:00+09:00,13630.0,13700.0,12900.0,13020.0,0,0.0,0.0
2023-07-24 10:00:00+09:00,13020.0,13080.0,12950.0,13000.0,22636,0.0,0.0
2023-07-24 11:00:00+09:00,13000.0,13050.0,12890.0,12940.0,20222,0.0,0.0
2023-07-24 12:00:00+09:00,12960.0,13180.0,12960.0,13180.0,15234,0.0,0.0
2023-07-24 13:00:00+09:00,13170.0,13300.0,13090.0,13270.0,19452,0.0,0.0
2023-07-24 14:00:00+09:00,13260.0,13700.0,13190.0,13490.0,48342,0.0,0.0
2023-07-25 09:00:00+09:00,13550.0,14090.0,13450.0,13830.0,58116,0.0,0.0
2023-07-25 10:00:00+09:00,13820.0,14000.0,13790.0,13790.0,26545,0.0,0.0
2023-07-25 11:00:00+09:00,13780.0,13800.0,13650.0,13680.0,20036,0.0,0.0
2023-07-25 12:00:00+09:00,13680.0,13910.0,13660.0,13910.0,8148,0.0,0.0
2023-07-25 13:00:00+09:00,13910.0,13910.0,13670.0,13670.0,10010,0.0,0.0
2023-07-25 14:00:00+09:00,13680.0,13750.0,13510.0,13670.0,19410,0.0,0.0
2023-07-26 09:00:00+09:00,13710.0,13960.0,13450.0,13540.0,36777,0.0,0.0
2023-07-26 10:00:00+09:00,13470.0,13700.0,12940.0,13600.0,54685,0.0,0.0
2023-07-26 11:00:00+09:00,13650.0,13710.0,13580.0,13700.0,29173,0.0,0.0
2023-07-26 12:00:00+09:00,13700.0,13820.0,13530.0,13760.0,39224,0.0,0.0
2023-07-26 13:00:00+09:00,13730.0,13850.0,13300.0,13370.0,49325,0.0,0.0
2023-07-26 14:00:00+09:00,13370.0,13750.0,13370.0,13670.0,38317,0.0,0.0
2023-07-27 09:00:00+09:00,13840.0,14200.0,13700.0,13970.0,0,0.0,0.0
2023-07-27 10:00:00+09:00,13960.0,14000.0,13810.0,13960.0,19434,0.0,0.0
2023-07-27 11:00:00+09:00,13960.0,14040.0,13820.0,13850.0,28734,0.0,0.0
2023-07-27 12:00:00+09:00,13830.0,13880.0,13610.0,13700.0,26623,0.0,0.0
2023-07-27 13:00:00+09:00,13700.0,13960.0,13630.0,13930.0,17354,0.0,0.0
2023-07-27 14:00:00+09:00,13930.0,14060.0,13870.0,13900.0,32877,0.0,0.0
2023-07-28 09:00:00+09:00,14160.0,14260.0,13870.0,13940.0,67313,0.0,0.0
2023-07-28 10:00:00+09:00,13900.0,14080.0,13880.0,14070.0,17058,0.0,0.0
2023-07-28 11:00:00+09:00,14070.0,14210.0,14070.0,14180.0,32922,0.0,0.0
2023-07-28 12:00:00+09:00,14170.0,14280.0,14150.0,14210.0,23226,0.0,0.0
2023-07-28 13:00:00+09:00,14210.0,14230.0,14130.0,14150.0,20877,0.0,0.0
2023-07-28 14:00:00+09:00,14150.0,14150.0,14100.0,14120.0,11285,0.0,0.0
2023-07-31 09:00:00+09:00,14290.0,14290.0,14000.0,14180.0,0,0.0,0.0
2023-07-31 10:00:00+09:00,14190.0,14290.0,14060.0,14090.0,23529,0.0,0.0
2023-07-31 11:00:00+09:00,14090.0,14090.0,13950.0,13950.0,23115,0.0,0.0
2023-07-31 12:00:00+09:00,13980.0,13980.0,13850.0,13880.0,16986,0.0,0.0
2023-07-31 13:00:00+09:00,13880.0,13890.0,13700.0,13740.0,25346,0.0,0.0
2023-07-31 14:00:00+09:00,13720.0,13830.0,13710.0,13790.0,0,0.0,0.0
2023-08-01 09:00:00+09:00,13880.0,13890.0,13590.0,13630.0,39132,0.0,0.0
2023-08-01 10:00:00+09:00,13630.0,13700.0,13570.0,13580.0,14772,0.0,0.0
2023-08-01 11:00:00+09:00,13580.0,13690.0,13560.0,13600.0,10877,0.0,0.0
2023-08-01 12:00:00+09:00,13600.0,13680.0,13590.0,13660.0,12907,0.0,0.0
2023-08-01 13:00:00+09:00,13680.0,13800.0,13630.0,13680.0,9988,0.0,0.0
2023-08-01 14:00:00+09:00,13680.0,13830.0,13650.0,13820.0,10017,0.0,0.0
2023-08-02 09:00:00+09:00,13620.0,13780.0,13420.0,13570.0,21558,0.0,0.0
2023-08-02 10:00:00+09:00,13600.0,13670.0,13410.0,13460.0,21931,0.0,0.0
2023-08-02 11:00:00+09:00,13460.0,13460.0,13220.0,13380.0,34219,0.0,0.0
2023-08-02 12:00:00+09:00,13370.0,13500.0,13300.0,13450.0,8051,0.0,0.0
2023-08-02 13:00:00+09:00,13440.0,13470.0,13180.0,13260.0,15490,0.0,0.0
2023-08-02 14:00:00+09:00,13250.0,13360.0,13020.0,13190.0,24545,0.0,0.0
2023-08-03 09:00:00+09:00,13180.0,13200.0,12870.0,13100.0,0,0.0,0.0
2023-08-03 10:00:00+09:00,13050.0,13110.0,12830.0,12840.0,25054,0.0,0.0
2023-08-03 11:00:00+09:00,12890.0,12930.0,12790.0,12800.0,17129,0.0,0.0
2023-08-03 12:00:00+09:00,12820.0,12990.0,12790.0,12900.0,6742,0.0,0.0
2023-08-03 13:00:00+09:00,12900.0,13070.0,12870.0,13010.0,6096,0.0,0.0
2023-08-03 14:00:00+09:00,13050.0,13290.0,13000.0,13210.0,14297,0.0,0.0
2023-08-04 09:00:00+09:00,13020.0,13300.0,13010.0,13160.0,0,0.0,0.0
2023-08-04 10:00:00+09:00,13150.0,13230.0,13100.0,13170.0,2927,0.0,0.0
2023-08-04 11:00:00+09:00,13170.0,13200.0,13090.0,13170.0,3973,0.0,0.0
2023-08-04 12:00:00+09:00,13170.0,13180.0,13110.0,13160.0,1568,0.0,0.0
2023-08-04 13:00:00+09:00,13140.0,13140.0,13090.0,13120.0,3633,0.0,0.0
2023-08-04 14:00:00+09:00,13130.0,13190.0,13120.0,13180.0,5223,0.0,0.0
2023-08-07 09:00:00+09:00,13220.0,13220.0,12970.0,13120.0,0,0.0,0.0
2023-08-07 10:00:00+09:00,13190.0,13490.0,13180.0,13330.0,15924,0.0,0.0
2023-08-07 11:00:00+09:00,13380.0,13420.0,13350.0,13360.0,5244,0.0,0.0
2023-08-07 12:00:00+09:00,13360.0,13380.0,13330.0,13350.0,4968,0.0,0.0
2023-08-07 13:00:00+09:00,13350.0,13370.0,13180.0,13250.0,12858,0.0,0.0
2023-08-07 14:00:00+09:00,13250.0,13360.0,13150.0,13210.0,10415,0.0,0.0
2023-08-08 09:00:00+09:00,13130.0,13300.0,12980.0,13240.0,0,0.0,0.0
2023-08-08 10:00:00+09:00,13240.0,13240.0,12950.0,12950.0,13567,0.0,0.0
2023-08-08 11:00:00+09:00,12990.0,13140.0,12940.0,13030.0,4856,0.0,0.0
2023-08-08 12:00:00+09:00,13020.0,13060.0,12940.0,13050.0,3275,0.0,0.0
2023-08-08 13:00:00+09:00,13000.0,13050.0,12950.0,12970.0,2150,0.0,0.0
2023-08-08 14:00:00+09:00,12960.0,12990.0,12910.0,12980.0,7981,0.0,0.0
2023-08-09 09:00:00+09:00,12820.0,13000.0,12820.0,12970.0,6623,0.0,0.0
2023-08-09 10:00:00+09:00,12960.0,12970.0,12880.0,12960.0,5282,0.0,0.0
2023-08-09 11:00:00+09:00,12960.0,13050.0,12930.0,12950.0,3484,0.0,0.0
2023-08-09 12:00:00+09:00,12940.0,13040.0,12910.0,13040.0,4217,0.0,0.0
2023-08-09 13:00:00+09:00,13030.0,13050.0,13000.0,13000.0,2610,0.0,0.0
2023-08-09 14:00:00+09:00,12990.0,13040.0,12940.0,13000.0,1284,0.0,0.0
2023-08-10 09:00:00+09:00,12910.0,12910.0,12580.0,12580.0,1329,0.0,0.0
2023-08-10 10:00:00+09:00,12600.0,12600.0,12470.0,12500.0,17867,0.0,0.0
2023-08-10 11:00:00+09:00,12500.0,12610.0,12490.0,12530.0,4859,0.0,0.0
2023-08-10 12:00:00+09:00,12540.0,12560.0,12500.0,12520.0,3050,0.0,0.0
2023-08-10 13:00:00+09:00,12510.0,12610.0,12500.0,12560.0,3787,0.0,0.0
2023-08-10 14:00:00+09:00,12580.0,12580.0,12520.0,12520.0,4844,0.0,0.0
2023-08-11 09:00:00+09:00,12520.0,12660.0,12520.0,12600.0,8107,0.0,0.0
2023-08-11 10:00:00+09:00,12600.0,12610.0,12400.0,12580.0,8438,0.0,0.0
2023-08-11 11:00:00+09:00,12580.0,12580.0,12440.0,12570.0,7692,0.0,0.0
2023-08-11 12:00:00+09:00,12580.0,12610.0,12560.0,12580.0,2487,0.0,0.0
2023-08-11 13:00:00+09:00,12580.0,12580.0,12470.0,12470.0,6998,0.0,0.0
2023-08-11 14:00:00+09:00,12470.0,12500.0,12460.0,12490.0,5623,0.0,0.0
2023-08-14 09:00:00+09:00,12430.0,12480.0,12180.0,12290.0,0,0.0,0.0
2023-08-14 10:00:00+09:00,12220.0,12260.0,12160.0,12200.0,7923,0.0,0.0
2023-08-14 11:00:00+09:00,12210.0,12230.0,12170.0,12200.0,11014,0.0,0.0
2023-08-14 12:00:00+09:00,12200.0,12270.0,12190.0,12250.0,5885,0.0,0.0
2023-08-14 13:00:00+09:00,12250.0,12270.0,12180.0,12220.0,5527,0.0,0.0
2023-08-14 14:00:00+09:00,12230.0,12260.0,12170.0,12210.0,7823,0.0,0.0
2023-08-16 09:00:00+09:00,12180.0,12330.0,12130.0,12280.0,0,0.0,0.0
2023-08-16 10:00:00+09:00,12270.0,12320.0,12190.0,12260.0,16145,0.0,0.0
2023-08-16 11:00:00+09:00,12320.0,12320.0,12050.0,12060.0,17632,0.0,0.0
2023-08-16 12:00:00+09:00,12050.0,12060.0,11910.0,11940.0,22375,0.0,0.0
2023-08-16 13:00:00+09:00,11940.0,12000.0,11940.0,11970.0,4867,0.0,0.0
2023-08-16 14:00:00+09:00,11970.0,11990.0,11800.0,11840.0,14148,0.0,0.0
2023-08-17 09:00:00+09:00,11700.0,12040.0,11690.0,12000.0,13073,0.0,0.0
2023-08-17 10:00:00+09:00,12000.0,12110.0,11980.0,12000.0,11746,0.0,0.0
2023-08-17 11:00:00+09:00,12060.0,12060.0,11950.0,12010.0,5225,0.0,0.0
2023-08-17 12:00:00+09:00,12010.0,12080.0,12010.0,12020.0,2626,0.0,0.0
2023-08-17 13:00:00+09:00,12020.0,12120.0,11910.0,12100.0,6730,0.0,0.0
2023-08-17 14:00:00+09:00,12080.0,12290.0,11980.0,12080.0,14633,0.0,0.0
2023-08-18 09:00:00+09:00,11980.0,12040.0,11810.0,11950.0,7608,0.0,0.0
2023-08-18 10:00:00+09:00,11980.0,12450.0,11940.0,12370.0,22645,0.0,0.0
2023-08-18 11:00:00+09:00,12420.0,12530.0,12350.0,12380.0,24247,0.0,0.0
2023-08-18 12:00:00+09:00,12370.0,12440.0,12300.0,12300.0,7781,0.0,0.0
2023-08-18 13:00:00+09:00,12300.0,12440.0,12300.0,12430.0,6440,0.0,0.0
2023-08-18 14:00:00+09:00,12420.0,12420.0,12290.0,12330.0,5535,0.0,0.0
2023-08-21 09:00:00+09:00,12460.0,12480.0,12260.0,12290.0,0,0.0,0.0
2023-08-21 10:00:00+09:00,12290.0,12290.0,12210.0,12240.0,6618,0.0,0.0
2023-08-21 11:00:00+09:00,12250.0,12400.0,12240.0,12380.0,3509,0.0,0.0
2023-08-21 12:00:00+09:00,12380.0,12380.0,12300.0,12340.0,1105,0.0,0.0
2023-08-21 13:00:00+09:00,12310.0,12320.0,12260.0,12270.0,970,0.0,0.0
2023-08-21 14:00:00+09:00,12290.0,12300.0,12260.0,12270.0,2185,0.0,0.0
2023-08-22 09:00:00+09:00,12450.0,12450.0,12080.0,12080.0,10369,0.0,0.0
2023-08-22 10:00:00+09:00,12120.0,12160.0,12090.0,12160.0,3630,0.0,0.0
2023-08-22 11:00:00+09:00,12160.0,12180.0,12020.0,12080.0,2479,0.0,0.0
2023-08-22 12:00:00+09:00,12090.0,12160.0,12010.0,12010.0,4851,0.0,0.0
2023-08-22 13:00:00+09:00,12020.0,12090.0,11980.0,12000.0,3844,0.0,0.0
2023-08-22 14:00:00+09:00,12070.0,12070.0,11940.0,11970.0,6907,0.0,0.0
2023-08-23 09:00:00+09:00,11900.0,12150.0,11860.0,11950.0,5281,0.0,0.0
2023-08-23 10:00:00+09:00,11900.0,11940.0,11850.0,11850.0,8809,0.0,0.0
2023-08-23 11:00:00+09:00,11850.0,11900.0,11820.0,11890.0,9496,0.0,0.0
2023-08-23 12:00:00+09:00,11890.0,11910.0,11860.0,11910.0,1847,0.0,0.0
2023-08-23 13:00:00+09:00,11950.0,12010.0,11850.0,11860.0,7115,0.0,0.0
2023-08-23 14:00:00+09:00,11920.0,12000.0,11820.0,11970.0,4098,0.0,0.0
2023-08-24 09:00:00+09:00,12080.0,12410.0,12080.0,12410.0,27540,0.0,0.0
2023-08-24 10:00:00+09:00,12410.0,12590.0,12300.0,12570.0,36276,0.0,0.0
2023-08-24 11:00:00+09:00,12570.0,12610.0,12520.0,12560.0,11018,0.0,0.0
2023-08-24 12:00:00+09:00,12560.0,12570.0,12460.0,12510.0,6583,0.0,0.0
2023-08-24 13:00:00+09:00,12540.0,12550.0,12410.0,12460.0,5579,0.0,0.0
2023-08-24 14:00:00+09:00,12460.0,12500.0,12410.0,12450.0,5633,0.0,0.0
2023-08-25 09:00:00+09:00,12400.0,12400.0,12190.0,12200.0,11008,0.0,0.0
2023-08-25 10:00:00+09:00,12200.0,12260.0,12040.0,12160.0,11180,0.0,0.0
2023-08-25 11:00:00+09:00,12160.0,12160.0,12010.0,12010.0,6210,0.0,0.0
2023-08-25 12:00:00+09:00,12020.0,12310.0,11980.0,12090.0,5827,0.0,0.0
2023-08-25 13:00:00+09:00,12090.0,12100.0,11980.0,12010.0,9552,0.0,0.0
2023-08-25 14:00:00+09:00,12010.0,12050.0,11980.0,11990.0,3619,0.0,0.0
2023-08-28 09:00:00+09:00,12190.0,12210.0,11950.0,12080.0,0,0.0,0.0
2023-08-28 10:00:00+09:00,12080.0,12180.0,12070.0,12150.0,2659,0.0,0.0
2023-08-28 11:00:00+09:00,12150.0,12180.0,12150.0,12160.0,378,0.0,0.0
2023-08-28 12:00:00+09:00,12160.0,12180.0,12120.0,12130.0,3982,0.0,0.0
2023-08-28 13:00:00+09:00,12130.0,12150.0,12110.0,12150.0,1587,0.0,0.0
2023-08-28 14:00:00+09:00,12130.0,12200.0,12070.0,12110.0,3235,0.0,0.0
2023-08-29 09:00:00+09:00,12200.0,12290.0,12090.0,12160.0,6012,0.0,0.0
2023-08-29 10:00:00+09:00,12170.0,12310.0,12150.0,12270.0,16487,0.0,0.0
2023-08-29 11:00:00+09:00,12280.0,12320.0,12220.0,12310.0,2560,0.0,0.0
2023-08-29 12:00:00+09:00,12310.0,12320.0,12230.0,12280.0,1514,0.0,0.0
2023-08-29 13:00:00+09:00,12270.0,12290.0,12220.0,12220.0,2510,0.0,0.0
2023-08-29 14:00:00+09:00,12280.0,12320.0,12250.0,12290.0,1399,0.0,0.0
2023-08-30 09:00:00+09:00,12340.0,12690.0,12300.0,12680.0,16984,0.0,0.0
2023-08-30 10:00:00+09:00,12660.0,12820.0,12620.0,12800.0,27036,0.0,0.0
2023-08-30 11:00:00+09:00,12800.0,12800.0,12720.0,12760.0,6039,0.0,0.0
2023-08-30 12:00:00+09:00,12770.0,12780.0,12720.0,12740.0,5742,0.0,0.0
2023-08-30 13:00:00+09:00,12750.0,12790.0,12690.0,12700.0,7105,0.0,0.0
2023-08-30 14:00:00+09:00,12700.0,12730.0,12660.0,12720.0,5090,0.0,0.0
2023-08-31 09:00:00+09:00,12800.0,12900.0,12610.0,12750.0,10901,0.0,0.0
2023-08-31 10:00:00+09:00,12750.0,12750.0,12580.0,12720.0,7939,0.0,0.0
2023-08-31 11:00:00+09:00,12720.0,12780.0,12680.0,12690.0,5519,0.0,0.0
2023-08-31 12:00:00+09:00,12680.0,12680.0,12560.0,12580.0,5410,0.0,0.0
2023-08-31 13:00:00+09:00,12580.0,12690.0,12580.0,12640.0,5119,0.0,0.0
2023-08-31 14:00:00+09:00,12630.0,12730.0,12620.0,12710.0,3889,0.0,0.0
2023-09-01 09:00:00+09:00,12600.0,12770.0,12600.0,12760.0,5556,0.0,0.0
2023-09-01 10:00:00+09:00,12760.0,12900.0,12710.0,12870.0,15744,0.0,0.0
2023-09-01 11:00:00+09:00,12860.0,12990.0,12850.0,12930.0,17388,0.0,0.0
2023-09-01 12:00:00+09:00,12930.0,13070.0,12910.0,13050.0,12711,0.0,0.0
2023-09-01 13:00:00+09:00,13050.0,13180.0,12920.0,13000.0,19543,0.0,0.0
2023-09-01 14:00:00+09:00,13000.0,13250.0,13000.0,13200.0,36555,0.0,0.0
2023-09-04 09:00:00+09:00,13300.0,13330.0,12860.0,12900.0,0,0.0,0.0
2023-09-04 10:00:00+09:00,12910.0,13030.0,12840.0,12850.0,8566,0.0,0.0
2023-09-04 11:00:00+09:00,12850.0,12960.0,12850.0,12960.0,2356,0.0,0.0
2023-09-04 12:00:00+09:00,12940.0,12960.0,12860.0,12860.0,3398,0.0,0.0
2023-09-04 13:00:00+09:00,12860.0,12890.0,12810.0,12810.0,7948,0.0,0.0
2023-09-04 14:00:00+09:00,12810.0,13000.0,12800.0,12970.0,3934,0.0,0.0
2023-09-05 09:00:00+09:00,12930.0,13000.0,12800.0,12820.0,10787,0.0,0.0
2023-09-05 10:00:00+09:00,12810.0,12810.0,12530.0,12550.0,17248,0.0,0.0
2023-09-05 11:00:00+09:00,12550.0,12600.0,12510.0,12520.0,14413,0.0,0.0
2023-09-05 12:00:00+09:00,12570.0,12650.0,12540.0,12650.0,2852,0.0,0.0
2023-09-05 13:00:00+09:00,12620.0,12670.0,12600.0,12620.0,3459,0.0,0.0
2023-09-05 14:00:00+09:00,12620.0,12650.0,12600.0,12650.0,4664,0.0,0.0
2023-09-06 09:00:00+09:00,12550.0,12640.0,12520.0,12560.0,5335,0.0,0.0
2023-09-06 10:00:00+09:00,12570.0,12600.0,12530.0,12540.0,2537,0.0,0.0
2023-09-06 11:00:00+09:00,12530.0,12570.0,12500.0,12500.0,3636,0.0,0.0
2023-09-06 12:00:00+09:00,12530.0,12540.0,12470.0,12470.0,3410,0.0,0.0
2023-09-06 13:00:00+09:00,12480.0,12490.0,12420.0,12450.0,8932,0.0,0.0
2023-09-06 14:00:00+09:00,12450.0,12450.0,12270.0,12290.0,12555,0.0,0.0
2023-09-07 09:00:00+09:00,12120.0,12330.0,12120.0,12230.0,4680,0.0,0.0
2023-09-07 10:00:00+09:00,12230.0,12280.0,12160.0,12190.0,4275,0.0,0.0
2023-09-07 11:00:00+09:00,12160.0,12190.0,12130.0,12160.0,4944,0.0,0.0
2023-09-07 12:00:00+09:00,12160.0,12300.0,12130.0,12300.0,3802,0.0,0.0
2023-09-07 13:00:00+09:00,12300.0,12470.0,12220.0,12300.0,7510,0.0,0.0
2023-09-07 14:00:00+09:00,12280.0,12390.0,12250.0,12340.0,4354,0.0,0.0
2023-09-08 09:00:00+09:00,12340.0,12390.0,12150.0,12160.0,7312,0.0,0.0
2023-09-08 10:00:00+09:00,12170.0,12180.0,12120.0,12180.0,3927,0.0,0.0
2023-09-08 11:00:00+09:00,12180.0,12270.0,12150.0,12200.0,952,0.0,0.0
2023-09-08 12:00:00+09:00,12200.0,12280.0,12170.0,12250.0,3181,0.0,0.0
2023-09-08 13:00:00+09:00,12240.0,12250.0,12180.0,12200.0,1356,0.0,0.0
2023-09-08 14:00:00+09:00,12190.0,12210.0,12160.0,12170.0,3824,0.0,0.0
2023-09-11 09:00:00+09:00,12200.0,12200.0,12050.0,12050.0,0,0.0,0.0
2023-09-11 10:00:00+09:00,12050.0,12120.0,12050.0,12080.0,5765,0.0,0.0
2023-09-11 11:00:00+09:00,12110.0,12170.0,12070.0,12070.0,2246,0.0,0.0
2023-09-11 12:00:00+09:00,12090.0,12150.0,12060.0,12100.0,1397,0.0,0.0
2023-09-11 13:00:00+09:00,12150.0,12180.0,12090.0,12090.0,1909,0.0,0.0
2023-09-11 14:00:00+09:00,12150.0,12190.0,12100.0,12190.0,3619,0.0,0.0
2023-09-12 09:00:00+09:00,12390.0,12390.0,12110.0,12190.0,5156,0.0,0.0
2023-09-12 10:00:00+09:00,12190.0,12280.0,12170.0,12170.0,10050,0.0,0.0
2023-09-12 11:00:00+09:00,12270.0,12270.0,12160.0,12180.0,2433,0.0,0.0
2023-09-12 12:00:00+09:00,12160.0,12200.0,12120.0,12180.0,2782,0.0,0.0
2023-09-12 13:00:00+09:00,12180.0,12210.0,12130.0,12150.0,3757,0.0,0.0
2023-09-12 14:00:00+09:00,12140.0,12150.0,12110.0,12150.0,5510,0.0,0.0
2023-09-13 09:00:00+09:00,12010.0,12220.0,12010.0,12100.0,6348,0.0,0.0
2023-09-13 10:00:00+09:00,12100.0,12120.0,11950.0,11960.0,7923,0.0,0.0
2023-09-13 11:00:00+09:00,11960.0,11960.0,11850.0,11900.0,5982,0.0,0.0
2023-09-13 12:00:00+09:00,11900.0,11950.0,11780.0,11780.0,12259,0.0,0.0
2023-09-13 13:00:00+09:00,11780.0,11900.0,11780.0,11890.0,2745,0.0,0.0
2023-09-13 14:00:00+09:00,11900.0,11970.0,11880.0,11880.0,1419,0.0,0.0
2023-09-14 09:00:00+09:00,12000.0,12090.0,11940.0,12090.0,13623,0.0,0.0
2023-09-14 10:00:00+09:00,12100.0,12140.0,11980.0,12040.0,8818,0.0,0.0
2023-09-14 11:00:00+09:00,12040.0,12070.0,11970.0,12030.0,1667,0.0,0.0
2023-09-14 12:00:00+09:00,12030.0,12050.0,12010.0,12040.0,2354,0.0,0.0
2023-09-14 13:00:00+09:00,12040.0,12140.0,12040.0,12140.0,4766,0.0,0.0
2023-09-14 14:00:00+09:00,12140.0,12350.0,12140.0,12330.0,8649,0.0,0.0
2023-09-15 09:00:00+09:00,12160.0,12260.0,12130.0,12200.0,4918,0.0,0.0
2023-09-15 10:00:00+09:00,12200.0,12230.0,12130.0,12140.0,5210,0.0,0.0
2023-09-15 11:00:00+09:00,12150.0,12260.0,12140.0,12190.0,2433,0.0,0.0
2023-09-15 12:00:00+09:00,12190.0,12240.0,12160.0,12180.0,445,0.0,0.0
2023-09-15 13:00:00+09:00,12190.0,12240.0,12160.0,12190.0,0,0.0,0.0
2023-09-15 14:00:00+09:00,12210.0,12250.0,12140.0,12250.0,20002,0.0,0.0
2023-09-18 09:00:00+09:00,12010.0,12190.0,12010.0,12130.0,0,0.0,0.0
2023-09-18 10:00:00+09:00,12100.0,12100.0,12000.0,12010.0,3267,0.0,0.0
2023-09-18 11:00:00+09:00,12010.0,12050.0,11890.0,11900.0,16014,0.0,0.0
2023-09-18 12:00:00+09:00,11900.0,11900.0,11830.0,11840.0,6493,0.0,0.0
2023-09-18 13:00:00+09:00,11840.0,11890.0,11810.0,11870.0,7131,0.0,0.0
2023-09-18 14:00:00+09:00,11830.0,11880.0,11820.0,11880.0,3088,0.0,0.0
2023-09-19 09:00:00+09:00,12100.0,13550.0,12100.0,12380.0,545803,0.0,0.0
2023-09-19 10:00:00+09:00,12370.0,12380.0,12100.0,12120.0,52202,0.0,0.0
2023-09-19 11:00:00+09:00,12110.0,12230.0,12040.0,12160.0,20500,0.0,0.0
2023-09-19 12:00:00+09:00,12160.0,12260.0,12090.0,12240.0,14055,0.0,0.0
2023-09-19 13:00:00+09:00,12240.0,12240.0,12150.0,12190.0,13543,0.0,0.0
2023-09-19 14:00:00+09:00,12180.0,12200.0,12000.0,12060.0,31411,0.0,0.0
2023-09-20 09:00:00+09:00,11980.0,12100.0,11790.0,11800.0,36865,0.0,0.0
2023-09-20 10:00:00+09:00,11800.0,11830.0,11580.0,11610.0,27299,0.0,0.0
2023-09-20 11:00:00+09:00,11600.0,11660.0,11580.0,11640.0,8273,0.0,0.0
2023-09-20 12:00:00+09:00,11640.0,11720.0,11590.0,11610.0,23676,0.0,0.0
2023-09-20 13:00:00+09:00,11610.0,11650.0,11600.0,11620.0,6660,0.0,0.0
2023-09-20 14:00:00+09:00,11620.0,11660.0,11600.0,11640.0,8495,0.0,0.0
2023-09-21 09:00:00+09:00,11510.0,11640.0,11360.0,11430.0,19287,0.0,0.0
2023-09-21 10:00:00+09:00,11430.0,11500.0,11370.0,11440.0,12594,0.0,0.0
2023-09-21 11:00:00+09:00,11440.0,11440.0,11360.0,11390.0,9924,0.0,0.0
2023-09-21 12:00:00+09:00,11390.0,11390.0,11310.0,11340.0,7786,0.0,0.0
2023-09-21 13:00:00+09:00,11310.0,11340.0,11180.0,11220.0,15381,0.0,0.0
2023-09-21 14:00:00+09:00,11220.0,11220.0,10940.0,11100.0,39977,0.0,0.0
2023-09-22 09:00:00+09:00,10780.0,10980.0,10520.0,10570.0,53281,0.0,0.0
2023-09-22 10:00:00+09:00,10570.0,10750.0,10490.0,10720.0,14585,0.0,0.0
2023-09-22 11:00:00+09:00,10750.0,10820.0,10550.0,10740.0,8672,0.0,0.0
2023-09-22 12:00:00+09:00,10740.0,10760.0,10580.0,10620.0,13899,0.0,0.0
2023-09-22 13:00:00+09:00,10580.0,10630.0,10550.0,10560.0,11328,0.0,0.0
2023-09-22 14:00:00+09:00,10600.0,10620.0,10560.0,10600.0,8007,0.0,0.0
2023-09-25 09:00:00+09:00,10540.0,10650.0,10430.0,10520.0,0,0.0,0.0
2023-09-25 10:00:00+09:00,10520.0,10520.0,10430.0,10430.0,1932,0.0,0.0
2023-09-25 11:00:00+09:00,10440.0,10450.0,10390.0,10420.0,2753,0.0,0.0
2023-09-25 12:00:00+09:00,10430.0,10430.0,10370.0,10380.0,3526,0.0,0.0
2023-09-25 13:00:00+09:00,10380.0,10400.0,10320.0,10330.0,8321,0.0,0.0
2023-09-25 14:00:00+09:00,10340.0,10350.0,10320.0,10320.0,7310,0.0,0.0
2023-09-26 09:00:00+09:00,10260.0,10340.0,10130.0,10170.0,18196,0.0,0.0
2023-09-26 10:00:00+09:00,10170.0,10170.0,10060.0,10060.0,8602,0.0,0.0
2023-09-26 11:00:00+09:00,10060.0,10060.0,10020.0,10030.0,5270,0.0,0.0
2023-09-26 12:00:00+09:00,10030.0,10040.0,9970.0,10000.0,9434,0.0,0.0
2023-09-26 13:00:00+09:00,10040.0,10130.0,10040.0,10040.0,1897,0.0,0.0
2023-09-26 14:00:00+09:00,10040.0,10090.0,10000.0,10000.0,4547,0.0,0.0
2023-09-27 09:00:00+09:00,9730.0,9990.0,9730.0,9970.0,8318,0.0,0.0
2023-09-27 10:00:00+09:00,9990.0,10000.0,9960.0,10000.0,1634,0.0,0.0
2023-09-27 11:00:00+09:00,10000.0,10040.0,9990.0,10030.0,1118,0.0,0.0
2023-09-27 12:00:00+09:00,10030.0,10030.0,10000.0,10020.0,1696,0.0,0.0
2023-09-27 13:00:00+09:00,10020.0,10050.0,10000.0,10040.0,1425,0.0,0.0
2023-09-27 14:00:00+09:00,10040.0,10110.0,10040.0,10090.0,937,0.0,0.0
2023-10-04 09:00:00+09:00,9850.0,9860.0,9740.0,9750.0,0,0.0,0.0
2023-10-04 10:00:00+09:00,9760.0,9820.0,9730.0,9820.0,4382,0.0,0.0
2023-10-04 11:00:00+09:00,9820.0,9870.0,9810.0,9850.0,827,0.0,0.0
2023-10-04 12:00:00+09:00,9840.0,9860.0,9810.0,9850.0,2180,0.0,0.0
2023-10-04 13:00:00+09:00,9840.0,9840.0,9730.0,9770.0,6829,0.0,0.0
2023-10-04 14:00:00+09:00,9790.0,9810.0,9730.0,9740.0,901,0.0,0.0
2023-10-05 09:00:00+09:00,9720.0,9800.0,9680.0,9720.0,0,0.0,0.0
2023-10-05 10:00:00+09:00,9720.0,9770.0,9710.0,9730.0,9229,0.0,0.0
2023-10-05 11:00:00+09:00,9730.0,9850.0,9730.0,9850.0,2309,0.0,0.0
2023-10-05 12:00:00+09:00,9860.0,9920.0,9860.0,9910.0,2157,0.0,0.0
2023-10-05 13:00:00+09:00,9900.0,9910.0,9780.0,9810.0,2419,0.0,0.0
2023-10-05 14:00:00+09:00,9810.0,9850.0,9680.0,9680.0,7350,0.0,0.0
2023-10-06 09:00:00+09:00,9620.0,11400.0,9620.0,9980.0,287571,0.0,0.0
2023-10-06 10:00:00+09:00,9970.0,10070.0,9940.0,9980.0,13203,0.0,0.0
2023-10-06 11:00:00+09:00,9990.0,10040.0,9950.0,9950.0,5055,0.0,0.0
2023-10-06 12:00:00+09:00,10000.0,10110.0,9950.0,10100.0,7723,0.0,0.0
2023-10-06 13:00:00+09:00,10080.0,10080.0,9970.0,9990.0,5813,0.0,0.0
2023-10-06 14:00:00+09:00,9990.0,10030.0,9950.0,9950.0,5141,0.0,0.0
2023-10-10 09:00:00+09:00,10010.0,10090.0,9970.0,10050.0,0,0.0,0.0
2023-10-10 10:00:00+09:00,10050.0,10220.0,10040.0,10110.0,8908,0.0,0.0
2023-10-10 11:00:00+09:00,10110.0,10140.0,10100.0,10100.0,1265,0.0,0.0
2023-10-10 12:00:00+09:00,10090.0,10100.0,9950.0,9950.0,5762,0.0,0.0
2023-10-10 13:00:00+09:00,9960.0,10000.0,9820.0,9900.0,0,0.0,0.0
2023-10-10 14:00:00+09:00,9900.0,9920.0,9850.0,9920.0,33776,0.0,0.0
2023-10-11 09:00:00+09:00,10000.0,10120.0,9970.0,10050.0,13999,0.0,0.0
2023-10-11 10:00:00+09:00,10090.0,10210.0,10080.0,10190.0,2614,0.0,0.0
2023-10-11 11:00:00+09:00,10180.0,10220.0,10170.0,10200.0,3729,0.0,0.0
2023-10-11 12:00:00+09:00,10190.0,10200.0,10150.0,10190.0,1485,0.0,0.0
2023-10-11 13:00:00+09:00,10170.0,10190.0,10130.0,10130.0,0,0.0,0.0
2023-10-11 14:00:00+09:00,10160.0,10200.0,10120.0,10160.0,29129,0.0,0.0
2023-10-12 09:00:00+09:00,10090.0,10490.0,10060.0,10440.0,17687,0.0,0.0
2023-10-12 10:00:00+09:00,10440.0,10460.0,10360.0,10440.0,3084,0.0,0.0
2023-10-12 11:00:00+09:00,10400.0,10460.0,10380.0,10400.0,2411,0.0,0.0
2023-10-12 12:00:00+09:00,10400.0,10420.0,10370.0,10370.0,2564,0.0,0.0
2023-10-12 13:00:00+09:00,10400.0,10460.0,10400.0,10450.0,1334,0.0,0.0
2023-10-12 14:00:00+09:00,10450.0,10510.0,10440.0,10480.0,2817,0.0,0.0
2023-10-13 09:00:00+09:00,10550.0,10640.0,10280.0,10280.0,7412,0.0,0.0
2023-10-13 10:00:00+09:00,10290.0,10290.0,10250.0,10260.0,3166,0.0,0.0
2023-10-13 11:00:00+09:00,10290.0,10310.0,10250.0,10270.0,2710,0.0,0.0
2023-10-13 12:00:00+09:00,10270.0,10280.0,10200.0,10250.0,5398,0.0,0.0
2023-10-13 13:00:00+09:00,10240.0,10250.0,10100.0,10100.0,7127,0.0,0.0
2023-10-13 14:00:00+09:00,10100.0,10210.0,10070.0,10210.0,2330,0.0,0.0
2023-10-16 09:00:00+09:00,10080.0,10080.0,9850.0,9930.0,0,0.0,0.0
2023-10-16 10:00:00+09:00,9930.0,9930.0,9880.0,9880.0,1815,0.0,0.0
2023-10-16 11:00:00+09:00,9880.0,9900.0,9870.0,9870.0,3960,0.0,0.0
2023-10-16 12:00:00+09:00,9880.0,9910.0,9850.0,9910.0,2975,0.0,0.0
2023-10-16 13:00:00+09:00,9910.0,9910.0,9870.0,9890.0,898,0.0,0.0
2023-10-16 14:00:00+09:00,9890.0,9890.0,9830.0,9890.0,5489,0.0,0.0
2023-10-17 09:00:00+09:00,9930.0,10100.0,9930.0,10060.0,3568,0.0,0.0
2023-10-17 10:00:00+09:00,10070.0,10190.0,10070.0,10160.0,3519,0.0,0.0
2023-10-17 11:00:00+09:00,10160.0,10170.0,10140.0,10170.0,1590,0.0,0.0
2023-10-17 12:00:00+09:00,10170.0,10280.0,10140.0,10140.0,3843,0.0,0.0
2023-10-17 13:00:00+09:00,10180.0,10280.0,10180.0,10280.0,1644,0.0,0.0
2023-10-17 14:00:00+09:00,10210.0,10500.0,10210.0,10450.0,2362,0.0,0.0
2023-10-18 09:00:00+09:00,10310.0,10550.0,10200.0,10410.0,5560,0.0,0.0
2023-10-18 10:00:00+09:00,10400.0,10490.0,10350.0,10410.0,2657,0.0,0.0
2023-10-18 11:00:00+09:00,10420.0,10430.0,10330.0,10330.0,1268,0.0,0.0
2023-10-18 12:00:00+09:00,10330.0,10350.0,10300.0,10300.0,371,0.0,0.0
2023-10-18 13:00:00+09:00,10300.0,10350.0,10280.0,10330.0,572,0.0,0.0
2023-10-18 14:00:00+09:00,10290.0,10300.0,10250.0,10300.0,2259,0.0,0.0
2023-10-19 09:00:00+09:00,10290.0,10290.0,9950.0,10100.0,7397,0.0,0.0
2023-10-19 10:00:00+09:00,10100.0,10130.0,10050.0,10070.0,2374,0.0,0.0
2023-10-19 11:00:00+09:00,10070.0,10070.0,9960.0,9980.0,5025,0.0,0.0
2023-10-19 12:00:00+09:00,9970.0,9980.0,9960.0,9970.0,1886,0.0,0.0
2023-10-19 13:00:00+09:00,9970.0,9980.0,9950.0,9980.0,1623,0.0,0.0
2023-10-19 14:00:00+09:00,9980.0,9990.0,9920.0,9920.0,2896,0.0,0.0
2023-10-20 09:00:00+09:00,9800.0,9880.0,9480.0,9480.0,14548,0.0,0.0
2023-10-20 10:00:00+09:00,9480.0,9500.0,9310.0,9380.0,14367,0.0,0.0
2023-10-20 11:00:00+09:00,9390.0,9420.0,9260.0,9340.0,11080,0.0,0.0
2023-10-20 12:00:00+09:00,9320.0,9490.0,9320.0,9490.0,3973,0.0,0.0
2023-10-20 13:00:00+09:00,9480.0,9610.0,9440.0,9560.0,3054,0.0,0.0
2023-10-20 14:00:00+09:00,9600.0,9650.0,9410.0,9440.0,4448,0.0,0.0
2023-10-23 09:00:00+09:00,9300.0,9430.0,9180.0,9300.0,0,0.0,0.0
2023-10-23 10:00:00+09:00,9320.0,9370.0,9250.0,9250.0,2051,0.0,0.0
2023-10-23 11:00:00+09:00,9320.0,9320.0,9240.0,9240.0,706,0.0,0.0
2023-10-23 12:00:00+09:00,9240.0,9300.0,9190.0,9190.0,3325,0.0,0.0
2023-10-23 13:00:00+09:00,9200.0,9240.0,9190.0,9210.0,996,0.0,0.0
2023-10-23 14:00:00+09:00,9210.0,9210.0,9180.0,9180.0,6448,0.0,0.0
2023-10-24 09:00:00+09:00,9140.0,9330.0,9140.0,9160.0,6310,0.0,0.0
2023-10-24 10:00:00+09:00,9160.0,9230.0,9000.0,9050.0,5817,0.0,0.0
2023-10-24 11:00:00+09:00,9080.0,9190.0,9050.0,9150.0,3287,0.0,0.0
2023-10-24 12:00:00+09:00,9140.0,9180.0,9130.0,9170.0,1259,0.0,0.0
2023-10-24 13:00:00+09:00,9150.0,9380.0,9130.0,9380.0,3782,0.0,0.0
2023-10-24 14:00:00+09:00,9330.0,9430.0,9310.0,9330.0,3475,0.0,0.0
2023-10-25 09:00:00+09:00,9480.0,9550.0,9360.0,9360.0,3585,0.0,0.0
2023-10-25 10:00:00+09:00,9350.0,9480.0,9300.0,9310.0,11925,0.0,0.0
2023-10-25 11:00:00+09:00,9310.0,9350.0,9290.0,9300.0,3082,0.0,0.0
2023-10-25 12:00:00+09:00,9310.0,9330.0,9240.0,9250.0,2586,0.0,0.0
2023-10-25 13:00:00+09:00,9280.0,9280.0,9110.0,9220.0,8229,0.0,0.0
2023-10-25 14:00:00+09:00,9210.0,9260.0,9160.0,9220.0,3820,0.0,0.0
2023-10-26 09:00:00+09:00,8960.0,8960.0,8740.0,8830.0,13158,0.0,0.0
2023-10-26 10:00:00+09:00,8830.0,8830.0,8650.0,8650.0,23691,0.0,0.0
2023-10-26 11:00:00+09:00,8660.0,8670.0,8500.0,8500.0,18770,0.0,0.0
2023-10-26 12:00:00+09:00,8490.0,8490.0,8420.0,8450.0,5562,0.0,0.0
2023-10-26 13:00:00+09:00,8450.0,8450.0,8410.0,8410.0,9168,0.0,0.0
2023-10-26 14:00:00+09:00,8410.0,8460.0,8370.0,8390.0,7322,0.0,0.0
2023-10-27 09:00:00+09:00,8430.0,8490.0,8310.0,8400.0,3621,0.0,0.0
2023-10-27 10:00:00+09:00,8400.0,8620.0,8350.0,8620.0,3987,0.0,0.0
2023-10-27 11:00:00+09:00,8610.0,8620.0,8570.0,8580.0,720,0.0,0.0
2023-10-27 12:00:00+09:00,8570.0,8580.0,8400.0,8420.0,2501,0.0,0.0
2023-10-27 13:00:00+09:00,8420.0,8510.0,8310.0,8450.0,3238,0.0,0.0
2023-10-27 14:00:00+09:00,8480.0,8480.0,8360.0,8460.0,951,0.0,0.0
2023-10-30 09:00:00+09:00,8420.0,8580.0,8420.0,8460.0,0,0.0,0.0
2023-10-30 10:00:00+09:00,8530.0,8630.0,8410.0,8610.0,3780,0.0,0.0
2023-10-30 11:00:00+09:00,8630.0,8760.0,8600.0,8660.0,1663,0.0,0.0
2023-10-30 12:00:00+09:00,8660.0,8690.0,8560.0,8620.0,121,0.0,0.0
2023-10-30 13:00:00+09:00,8650.0,8670.0,8610.0,8650.0,1614,0.0,0.0
2023-10-30 14:00:00+09:00,8650.0,8670.0,8570.0,8590.0,938,0.0,0.0
2023-10-31 09:00:00+09:00,8630.0,8740.0,8550.0,8590.0,2495,0.0,0.0
2023-10-31 10:00:00+09:00,8600.0,8600.0,8500.0,8520.0,2021,0.0,0.0
2023-10-31 11:00:00+09:00,8500.0,8520.0,8420.0,8420.0,3643,0.0,0.0
2023-10-31 12:00:00+09:00,8420.0,8450.0,8390.0,8410.0,841,0.0,0.0
2023-10-31 13:00:00+09:00,8390.0,8450.0,8350.0,8370.0,2524,0.0,0.0
2023-10-31 14:00:00+09:00,8360.0,8400.0,8350.0,8400.0,1275,0.0,0.0
2023-11-01 09:00:00+09:00,8400.0,8620.0,8400.0,8490.0,1670,0.0,0.0
2023-11-01 10:00:00+09:00,8490.0,8540.0,8390.0,8490.0,1093,0.0,0.0
2023-11-01 11:00:00+09:00,8490.0,8500.0,8440.0,8490.0,1178,0.0,0.0
2023-11-01 12:00:00+09:00,8490.0,8580.0,8480.0,8570.0,3602,0.0,0.0
2023-11-01 13:00:00+09:00,8570.0,8570.0,8490.0,8490.0,1323,0.0,0.0
2023-11-01 14:00:00+09:00,8490.0,8490.0,8470.0,8480.0,551,0.0,0.0
2023-11-02 09:00:00+09:00,8520.0,10000.0,8520.0,9290.0,295360,0.0,0.0
2023-11-02 10:00:00+09:00,9310.0,9460.0,9210.0,9240.0,25130,0.0,0.0
2023-11-02 11:00:00+09:00,9240.0,9280.0,9120.0,9130.0,11056,0.0,0.0
2023-11-02 12:00:00+09:00,9140.0,9200.0,9130.0,9170.0,2754,0.0,0.0
2023-11-02 13:00:00+09:00,9160.0,9200.0,9110.0,9130.0,5003,0.0,0.0
2023-11-02 14:00:00+09:00,9110.0,9140.0,9000.0,9100.0,9991,0.0,0.0
2023-11-03 09:00:00+09:00,9240.0,9240.0,9030.0,9040.0,7495,0.0,0.0
2023-11-03 10:00:00+09:00,9050.0,9210.0,9050.0,9170.0,6041,0.0,0.0
2023-11-03 11:00:00+09:00,9170.0,9190.0,9120.0,9140.0,4142,0.0,0.0
2023-11-03 12:00:00+09:00,9140.0,9160.0,9100.0,9100.0,7250,0.0,0.0
2023-11-03 13:00:00+09:00,9100.0,9110.0,9060.0,9070.0,5311,0.0,0.0
2023-11-03 14:00:00+09:00,9070.0,9100.0,9060.0,9080.0,5442,0.0,0.0
2023-11-06 09:00:00+09:00,9220.0,9300.0,9110.0,9240.0,0,0.0,0.0
2023-11-06 10:00:00+09:00,9240.0,9260.0,9150.0,9190.0,8515,0.0,0.0
2023-11-06 11:00:00+09:00,9180.0,9300.0,9150.0,9240.0,8926,0.0,0.0
2023-11-06 12:00:00+09:00,9230.0,9230.0,9170.0,9220.0,6887,0.0,0.0
2023-11-06 13:00:00+09:00,9220.0,9250.0,9190.0,9250.0,4592,0.0,0.0
2023-11-06 14:00:00+09:00,9250.0,9330.0,9230.0,9320.0,7517,0.0,0.0
2023-11-07 09:00:00+09:00,9360.0,9380.0,9160.0,9210.0,11544,0.0,0.0
2023-11-07 10:00:00+09:00,9210.0,9300.0,9150.0,9240.0,3563,0.0,0.0
2023-11-07 11:00:00+09:00,9230.0,9250.0,9130.0,9130.0,4191,0.0,0.0
2023-11-07 12:00:00+09:00,9120.0,9190.0,9080.0,9190.0,3351,0.0,0.0
2023-11-07 13:00:00+09:00,9180.0,9230.0,9130.0,9230.0,1992,0.0,0.0
2023-11-07 14:00:00+09:00,9220.0,9230.0,9100.0,9100.0,1999,0.0,0.0
2023-11-08 09:00:00+09:00,9260.0,9380.0,9260.0,9280.0,4815,0.0,0.0
2023-11-08 10:00:00+09:00,9290.0,9340.0,9190.0,9290.0,2320,0.0,0.0
2023-11-08 11:00:00+09:00,9280.0,9300.0,9250.0,9300.0,806,0.0,0.0
2023-11-08 12:00:00+09:00,9300.0,9310.0,9260.0,9300.0,4224,0.0,0.0
2023-11-08 13:00:00+09:00,9290.0,9290.0,9260.0,9260.0,2079,0.0,0.0
2023-11-08 14:00:00+09:00,9260.0,9320.0,9190.0,9250.0,3155,0.0,0.0
2023-11-09 09:00:00+09:00,9290.0,9290.0,9050.0,9150.0,7349,0.0,0.0
2023-11-09 10:00:00+09:00,9130.0,9260.0,9100.0,9250.0,1065,0.0,0.0
2023-11-09 11:00:00+09:00,9210.0,9210.0,9150.0,9150.0,872,0.0,0.0
2023-11-09 12:00:00+09:00,9140.0,9140.0,9040.0,9070.0,5809,0.0,0.0
2023-11-09 13:00:00+09:00,9070.0,9100.0,9010.0,9030.0,1463,0.0,0.0
2023-11-09 14:00:00+09:00,9020.0,9120.0,8950.0,9120.0,5208,0.0,0.0
2023-11-10 09:00:00+09:00,9030.0,9030.0,8790.0,8920.0,4233,0.0,0.0
2023-11-10 10:00:00+09:00,8920.0,8950.0,8840.0,8920.0,2053,0.0,0.0
2023-11-10 11:00:00+09:00,8920.0,8930.0,8870.0,8890.0,1415,0.0,0.0
2023-11-10 12:00:00+09:00,8900.0,8900.0,8880.0,8880.0,329,0.0,0.0
2023-11-10 13:00:00+09:00,8880.0,8900.0,8840.0,8840.0,526,0.0,0.0
2023-11-10 14:00:00+09:00,8840.0,8890.0,8830.0,8850.0,842,0.0,0.0
2023-11-13 09:00:00+09:00,8850.0,8910.0,8790.0,8850.0,0,0.0,0.0
2023-11-13 10:00:00+09:00,8850.0,8860.0,8760.0,8810.0,2049,0.0,0.0
2023-11-13 11:00:00+09:00,8780.0,8780.0,8680.0,8680.0,3948,0.0,0.0
2023-11-13 12:00:00+09:00,8690.0,8690.0,8620.0,8650.0,2358,0.0,0.0
2023-11-13 13:00:00+09:00,8650.0,8660.0,8630.0,8660.0,3181,0.0,0.0
2023-11-13 14:00:00+09:00,8680.0,10600.0,8680.0,8900.0,360903,0.0,0.0
2023-11-14 09:00:00+09:00,8630.0,9290.0,8630.0,9180.0,28802,0.0,0.0
2023-11-14 10:00:00+09:00,9140.0,9250.0,9070.0,9180.0,4395,0.0,0.0
2023-11-14 11:00:00+09:00,9180.0,9230.0,9130.0,9160.0,4952,0.0,0.0
2023-11-14 12:00:00+09:00,9160.0,9180.0,9030.0,9170.0,3737,0.0,0.0
2023-11-14 13:00:00+09:00,9170.0,9190.0,8990.0,9070.0,6219,0.0,0.0
2023-11-14 14:00:00+09:00,9070.0,9160.0,8970.0,9160.0,6797,0.0,0.0
2023-11-15 09:00:00+09:00,9200.0,9400.0,9200.0,9330.0,16282,0.0,0.0
2023-11-15 10:00:00+09:00,9330.0,9350.0,9210.0,9320.0,3799,0.0,0.0
2023-11-15 11:00:00+09:00,9250.0,9450.0,9250.0,9340.0,6038,0.0,0.0
2023-11-15 12:00:00+09:00,9340.0,9460.0,9340.0,9450.0,2762,0.0,0.0
2023-11-15 13:00:00+09:00,9460.0,9580.0,9360.0,9520.0,7111,0.0,0.0
2023-11-15 14:00:00+09:00,9520.0,9560.0,9450.0,9490.0,3046,0.0,0.0
2023-11-16 10:00:00+09:00,9480.0,9540.0,9400.0,9500.0,6333,0.0,0.0
2023-11-16 11:00:00+09:00,9460.0,9530.0,9400.0,9480.0,1978,0.0,0.0
2023-11-16 12:00:00+09:00,9520.0,9520.0,9490.0,9490.0,36,0.0,0.0
2023-11-16 13:00:00+09:00,9510.0,9560.0,9490.0,9530.0,1548,0.0,0.0
2023-11-16 14:00:00+09:00,9530.0,9610.0,9530.0,9560.0,1066,0.0,0.0
2023-11-17 09:00:00+09:00,9620.0,9660.0,9490.0,9510.0,8565,0.0,0.0
2023-11-17 10:00:00+09:00,9520.0,9650.0,9500.0,9520.0,7074,0.0,0.0
2023-11-17 11:00:00+09:00,9520.0,9590.0,9450.0,9510.0,3897,0.0,0.0
2023-11-17 12:00:00+09:00,9510.0,9520.0,9470.0,9500.0,507,0.0,0.0
2023-11-17 13:00:00+09:00,9500.0,9500.0,9430.0,9460.0,5098,0.0,0.0
2023-11-17 14:00:00+09:00,9460.0,9490.0,9390.0,9390.0,4630,0.0,0.0
2023-11-20 09:00:00+09:00,9360.0,9460.0,9300.0,9350.0,0,0.0,0.0
2023-11-20 10:00:00+09:00,9360.0,9450.0,9350.0,9430.0,1590,0.0,0.0
2023-11-20 11:00:00+09:00,9430.0,9550.0,9430.0,9500.0,1629,0.0,0.0
2023-11-20 12:00:00+09:00,9500.0,9600.0,9470.0,9560.0,2581,0.0,0.0
2023-11-20 13:00:00+09:00,9560.0,9580.0,9530.0,9580.0,814,0.0,0.0
2023-11-20 14:00:00+09:00,9580.0,9580.0,9490.0,9490.0,1368,0.0,0.0
2023-11-21 09:00:00+09:00,9560.0,9650.0,9500.0,9640.0,3811,0.0,0.0
2023-11-21 10:00:00+09:00,9620.0,9660.0,9600.0,9600.0,3538,0.0,0.0
2023-11-21 11:00:00+09:00,9600.0,9640.0,9590.0,9600.0,1189,0.0,0.0
2023-11-21 12:00:00+09:00,9600.0,9610.0,9590.0,9610.0,1773,0.0,0.0
2023-11-21 13:00:00+09:00,9610.0,9660.0,9590.0,9600.0,2037,0.0,0.0
2023-11-21 14:00:00+09:00,9600.0,9610.0,9590.0,9590.0,2115,0.0,0.0
2023-11-22 09:00:00+09:00,9340.0,9630.0,9340.0,9510.0,4505,0.0,0.0
2023-11-22 10:00:00+09:00,9510.0,9570.0,9510.0,9530.0,465,0.0,0.0
2023-11-22 11:00:00+09:00,9570.0,9620.0,9520.0,9610.0,414,0.0,0.0
2023-11-22 12:00:00+09:00,9600.0,9610.0,9600.0,9610.0,544,0.0,0.0
2023-11-22 13:00:00+09:00,9600.0,9650.0,9600.0,9650.0,1199,0.0,0.0
2023-11-22 14:00:00+09:00,9660.0,9660.0,9600.0,9620.0,1517,0.0,0.0
2023-11-23 09:00:00+09:00,9620.0,9900.0,9410.0,9610.0,11747,0.0,0.0
2023-11-23 10:00:00+09:00,9640.0,9670.0,9560.0,9560.0,2543,0.0,0.0
2023-11-23 11:00:00+09:00,9580.0,9630.0,9570.0,9630.0,550,0.0,0.0
2023-11-23 12:00:00+09:00,9630.0,9630.0,9570.0,9570.0,609,0.0,0.0
2023-11-23 13:00:00+09:00,9570.0,9570.0,9560.0,9570.0,546,0.0,0.0
2023-11-23 14:00:00+09:00,9580.0,9590.0,9540.0,9550.0,1531,0.0,0.0
2023-11-24 09:00:00+09:00,9540.0,9800.0,9500.0,9650.0,4850,0.0,0.0
2023-11-24 10:00:00+09:00,9650.0,9740.0,9630.0,9660.0,4089,0.0,0.0
2023-11-24 11:00:00+09:00,9660.0,9680.0,9630.0,9670.0,1254,0.0,0.0
2023-11-24 12:00:00+09:00,9670.0,9670.0,9630.0,9630.0,1458,0.0,0.0
2023-11-24 13:00:00+09:00,9620.0,9660.0,9620.0,9660.0,0,0.0,0.0
2023-11-24 14:00:00+09:00,9650.0,9650.0,9600.0,9620.0,2094,0.0,0.0
2023-11-27 09:00:00+09:00,9650.0,9700.0,9540.0,9610.0,0,0.0,0.0
2023-11-27 10:00:00+09:00,9620.0,9680.0,9610.0,9620.0,4138,0.0,0.0
2023-11-27 11:00:00+09:00,9680.0,9680.0,9600.0,9660.0,2809,0.0,0.0
2023-11-27 12:00:00+09:00,9660.0,9770.0,9610.0,9720.0,2870,0.0,0.0
2023-11-27 13:00:00+09:00,9720.0,9840.0,9690.0,9770.0,6776,0.0,0.0
2023-11-27 14:00:00+09:00,9770.0,9790.0,9710.0,9750.0,5125,0.0,0.0
2023-11-28 09:00:00+09:00,9660.0,9770.0,9660.0,9730.0,2010,0.0,0.0
2023-11-28 10:00:00+09:00,9730.0,9760.0,9720.0,9760.0,1823,0.0,0.0
2023-11-28 11:00:00+09:00,9760.0,9790.0,9700.0,9740.0,6056,0.0,0.0
2023-11-28 12:00:00+09:00,9740.0,9790.0,9730.0,9790.0,2093,0.0,0.0
2023-11-28 13:00:00+09:00,9790.0,9810.0,9780.0,9790.0,1843,0.0,0.0
2023-11-28 14:00:00+09:00,9770.0,9800.0,9750.0,9760.0,1991,0.0,0.0
2023-11-29 09:00:00+09:00,9810.0,9810.0,9710.0,9790.0,4033,0.0,0.0
2023-11-29 10:00:00+09:00,9800.0,9860.0,9790.0,9840.0,3222,0.0,0.0
2023-11-29 11:00:00+09:00,9840.0,9880.0,9830.0,9880.0,2036,0.0,0.0
2023-11-29 12:00:00+09:00,9890.0,9900.0,9840.0,9900.0,3379,0.0,0.0
2023-11-29 13:00:00+09:00,9890.0,9900.0,9870.0,9890.0,3424,0.0,0.0
2023-11-29 14:00:00+09:00,9890.0,9890.0,9750.0,9750.0,6919,0.0,0.0
2023-11-30 09:00:00+09:00,9890.0,10150.0,9880.0,10010.0,11320,0.0,0.0
2023-11-30 10:00:00+09:00,10010.0,10020.0,9970.0,10000.0,2527,0.0,0.0
2023-11-30 11:00:00+09:00,10000.0,10020.0,9940.0,9940.0,1527,0.0,0.0
2023-11-30 12:00:00+09:00,10000.0,10000.0,9950.0,9950.0,1188,0.0,0.0
2023-11-30 13:00:00+09:00,9960.0,9990.0,9960.0,9980.0,1679,0.0,0.0
2023-11-30 14:00:00+09:00,9980.0,9990.0,9940.0,9990.0,1893,0.0,0.0
2023-12-01 09:00:00+09:00,10000.0,10000.0,9810.0,9870.0,4280,0.0,0.0
2023-12-01 10:00:00+09:00,9880.0,9940.0,9870.0,9890.0,1580,0.0,0.0
2023-12-01 11:00:00+09:00,9890.0,9900.0,9820.0,9890.0,2682,0.0,0.0
2023-12-01 12:00:00+09:00,9870.0,9880.0,9820.0,9820.0,468,0.0,0.0
2023-12-01 13:00:00+09:00,9820.0,9880.0,9820.0,9840.0,783,0.0,0.0
2023-12-01 14:00:00+09:00,9870.0,9910.0,9830.0,9910.0,1782,0.0,0.0
2023-12-04 09:00:00+09:00,9920.0,10150.0,9800.0,9890.0,0,0.0,0.0
2023-12-04 10:00:00+09:00,9900.0,10010.0,9820.0,10000.0,2919,0.0,0.0
2023-12-04 11:00:00+09:00,9990.0,10000.0,9900.0,9920.0,2560,0.0,0.0
2023-12-04 12:00:00+09:00,9920.0,9920.0,9890.0,9900.0,1731,0.0,0.0
2023-12-04 13:00:00+09:00,9900.0,9920.0,9850.0,9900.0,761,0.0,0.0
2023-12-04 14:00:00+09:00,9900.0,9900.0,9800.0,9840.0,6847,0.0,0.0
2023-12-05 09:00:00+09:00,9800.0,9800.0,9600.0,9680.0,3045,0.0,0.0
2023-12-05 10:00:00+09:00,9700.0,9700.0,9570.0,9650.0,4241,0.0,0.0
2023-12-05 11:00:00+09:00,9650.0,9650.0,9510.0,9530.0,3899,0.0,0.0
2023-12-05 12:00:00+09:00,9530.0,9590.0,9530.0,9550.0,566,0.0,0.0
2023-12-05 13:00:00+09:00,9590.0,9590.0,9500.0,9510.0,6867,0.0,0.0
2023-12-05 14:00:00+09:00,9520.0,9520.0,9470.0,9480.0,2698,0.0,0.0
2023-12-06 09:00:00+09:00,9430.0,9800.0,9400.0,9400.0,4184,0.0,0.0
2023-12-06 10:00:00+09:00,9420.0,9560.0,9420.0,9530.0,1726,0.0,0.0
2023-12-06 11:00:00+09:00,9520.0,9700.0,9520.0,9690.0,2655,0.0,0.0
2023-12-06 12:00:00+09:00,9670.0,9680.0,9560.0,9630.0,556,0.0,0.0
2023-12-06 13:00:00+09:00,9570.0,9580.0,9420.0,9560.0,1451,0.0,0.0
2023-12-06 14:00:00+09:00,9540.0,9620.0,9540.0,9550.0,613,0.0,0.0
2023-12-07 09:00:00+09:00,9540.0,9630.0,9400.0,9510.0,1244,0.0,0.0
2023-12-07 10:00:00+09:00,9510.0,9530.0,9410.0,9440.0,1641,0.0,0.0
2023-12-07 11:00:00+09:00,9450.0,9520.0,9450.0,9520.0,1545,0.0,0.0
2023-12-07 12:00:00+09:00,9500.0,9610.0,9500.0,9540.0,2358,0.0,0.0
2023-12-07 13:00:00+09:00,9600.0,9610.0,9550.0,9610.0,1261,0.0,0.0
2023-12-07 14:00:00+09:00,9610.0,9640.0,9590.0,9640.0,858,0.0,0.0
2023-12-08 09:00:00+09:00,9550.0,9860.0,9550.0,9830.0,4495,0.0,0.0
2023-12-08 10:00:00+09:00,9860.0,9910.0,9800.0,9850.0,2476,0.0,0.0
2023-12-08 11:00:00+09:00,9850.0,9870.0,9820.0,9860.0,1739,0.0,0.0
2023-12-08 12:00:00+09:00,9830.0,9870.0,9820.0,9860.0,1305,0.0,0.0
2023-12-08 13:00:00+09:00,9840.0,9900.0,9700.0,9800.0,10199,0.0,0.0
2023-12-08 14:00:00+09:00,9800.0,9890.0,9800.0,9860.0,1640,0.0,0.0
2023-12-11 09:00:00+09:00,9880.0,9970.0,9820.0,9950.0,0,0.0,0.0
2023-12-11 10:00:00+09:00,9950.0,9950.0,9770.0,9810.0,4156,0.0,0.0
2023-12-11 11:00:00+09:00,9810.0,9860.0,9800.0,9860.0,1831,0.0,0.0
2023-12-11 12:00:00+09:00,9830.0,9880.0,9770.0,9790.0,1640,0.0,0.0
2023-12-11 13:00:00+09:00,9790.0,9800.0,9750.0,9750.0,1150,0.0,0.0
2023-12-11 14:00:00+09:00,9750.0,9850.0,9740.0,9780.0,1195,0.0,0.0
2023-12-12 09:00:00+09:00,9740.0,10190.0,9690.0,10020.0,18014,0.0,0.0
2023-12-12 10:00:00+09:00,10050.0,10160.0,10010.0,10140.0,8967,0.0,0.0
2023-12-12 11:00:00+09:00,10140.0,10400.0,10140.0,10240.0,23011,0.0,0.0
2023-12-12 12:00:00+09:00,10210.0,10260.0,10160.0,10160.0,7790,0.0,0.0
2023-12-12 13:00:00+09:00,10150.0,10170.0,10110.0,10170.0,2304,0.0,0.0
2023-12-12 14:00:00+09:00,10160.0,10310.0,10160.0,10260.0,14477,0.0,0.0
2023-12-13 09:00:00+09:00,10400.0,10750.0,10260.0,10730.0,49174,0.0,0.0
2023-12-13 10:00:00+09:00,10720.0,11180.0,10360.0,10430.0,130589,0.0,0.0
2023-12-13 11:00:00+09:00,10430.0,10510.0,10360.0,10420.0,15512,0.0,0.0
2023-12-13 12:00:00+09:00,10420.0,10480.0,10420.0,10440.0,5972,0.0,0.0
2023-12-13 13:00:00+09:00,10450.0,10450.0,10330.0,10450.0,9316,0.0,0.0
2023-12-13 14:00:00+09:00,10400.0,10430.0,10280.0,10300.0,7084,0.0,0.0
2023-12-14 09:00:00+09:00,10250.0,10630.0,10210.0,10560.0,25589,0.0,0.0
2023-12-14 10:00:00+09:00,10560.0,11000.0,10560.0,10850.0,57731,0.0,0.0
2023-12-14 11:00:00+09:00,10850.0,10970.0,10750.0,10880.0,21409,0.0,0.0
2023-12-14 12:00:00+09:00,10880.0,10900.0,10700.0,10760.0,7480,0.0,0.0
2023-12-14 13:00:00+09:00,10760.0,10770.0,10710.0,10710.0,1397,0.0,0.0
2023-12-14 14:00:00+09:00,10710.0,10770.0,10600.0,10720.0,2967,0.0,0.0
2023-12-15 09:00:00+09:00,10810.0,10900.0,10630.0,10630.0,10613,0.0,0.0
2023-12-15 10:00:00+09:00,10630.0,10630.0,10300.0,10300.0,18880,0.0,0.0
2023-12-15 11:00:00+09:00,10300.0,10450.0,10250.0,10260.0,14156,0.0,0.0
2023-12-15 12:00:00+09:00,10260.0,10260.0,10220.0,10240.0,13044,0.0,0.0
2023-12-15 13:00:00+09:00,10250.0,10250.0,10150.0,10180.0,13657,0.0,0.0
2023-12-15 14:00:00+09:00,10180.0,10240.0,10030.0,10190.0,23316,0.0,0.0
2023-12-18 09:00:00+09:00,10290.0,10840.0,10130.0,10710.0,0,0.0,0.0
2023-12-18 10:00:00+09:00,10720.0,10820.0,10660.0,10670.0,12115,0.0,0.0
2023-12-18 11:00:00+09:00,10670.0,10740.0,10640.0,10740.0,8224,0.0,0.0
2023-12-18 12:00:00+09:00,10730.0,10750.0,10640.0,10720.0,12164,0.0,0.0
2023-12-18 13:00:00+09:00,10720.0,10780.0,10680.0,10710.0,5279,0.0,0.0
2023-12-18 14:00:00+09:00,10720.0,10790.0,10710.0,10740.0,12370,0.0,0.0
2023-12-19 09:00:00+09:00,10850.0,10950.0,10640.0,10830.0,19688,0.0,0.0
2023-12-19 10:00:00+09:00,10830.0,10880.0,10670.0,10670.0,5100,0.0,0.0
2023-12-19 11:00:00+09:00,10670.0,10750.0,10660.0,10740.0,3925,0.0,0.0
2023-12-19 12:00:00+09:00,10740.0,10820.0,10670.0,10780.0,4947,0.0,0.0
2023-12-19 13:00:00+09:00,10800.0,10860.0,10790.0,10850.0,4142,0.0,0.0
2023-12-19 14:00:00+09:00,10830.0,10840.0,10670.0,10680.0,4407,0.0,0.0
2023-12-20 09:00:00+09:00,10720.0,10970.0,10650.0,10660.0,16400,0.0,0.0
2023-12-20 10:00:00+09:00,10670.0,10760.0,10650.0,10760.0,7274,0.0,0.0
2023-12-20 11:00:00+09:00,10730.0,10890.0,10730.0,10870.0,7777,0.0,0.0
2023-12-20 12:00:00+09:00,10870.0,10870.0,10770.0,10780.0,4275,0.0,0.0
2023-12-20 13:00:00+09:00,10790.0,10870.0,10770.0,10860.0,3421,0.0,0.0
2023-12-20 14:00:00+09:00,10860.0,10900.0,10810.0,10810.0,3092,0.0,0.0
2023-12-21 09:00:00+09:00,10690.0,10810.0,10610.0,10610.0,8490,0.0,0.0
2023-12-21 10:00:00+09:00,10630.0,10690.0,10480.0,10520.0,9768,0.0,0.0
2023-12-21 11:00:00+09:00,10510.0,10590.0,10500.0,10520.0,2363,0.0,0.0
2023-12-21 12:00:00+09:00,10520.0,10560.0,10510.0,10520.0,2818,0.0,0.0
2023-12-21 13:00:00+09:00,10510.0,10560.0,10480.0,10560.0,3408,0.0,0.0
2023-12-21 14:00:00+09:00,10570.0,10830.0,10560.0,10770.0,11115,0.0,0.0
2023-12-22 09:00:00+09:00,10840.0,11280.0,10710.0,11250.0,47564,0.0,0.0
2023-12-22 10:00:00+09:00,11250.0,11330.0,11030.0,11310.0,28346,0.0,0.0
2023-12-22 11:00:00+09:00,11300.0,11310.0,11210.0,11240.0,3578,0.0,0.0
2023-12-22 12:00:00+09:00,11240.0,11370.0,11220.0,11320.0,19410,0.0,0.0
2023-12-22 13:00:00+09:00,11300.0,11770.0,11240.0,11590.0,63243,0.0,0.0
2023-12-22 14:00:00+09:00,11590.0,11750.0,11550.0,11680.0,40589,0.0,0.0
2023-12-26 09:00:00+09:00,11500.0,11500.0,11040.0,11400.0,0,0.0,0.0
2023-12-26 10:00:00+09:00,11400.0,11450.0,11300.0,11320.0,18768,0.0,0.0
2023-12-26 11:00:00+09:00,11310.0,11310.0,11130.0,11150.0,10190,0.0,0.0
2023-12-26 12:00:00+09:00,11150.0,11180.0,11100.0,11130.0,7415,0.0,0.0
2023-12-26 13:00:00+09:00,11150.0,11210.0,11080.0,11210.0,15448,0.0,0.0
2023-12-26 14:00:00+09:00,11210.0,11300.0,11180.0,11300.0,12214,0.0,0.0
2023-12-27 09:00:00+09:00,11230.0,11750.0,11000.0,11450.0,49264,0.0,0.0
2023-12-27 10:00:00+09:00,11380.0,11540.0,11310.0,11490.0,7295,0.0,0.0
2023-12-27 11:00:00+09:00,11490.0,11550.0,11460.0,11480.0,3831,0.0,0.0
2023-12-27 12:00:00+09:00,11470.0,11490.0,11360.0,11400.0,4155,0.0,0.0
2023-12-27 13:00:00+09:00,11430.0,11490.0,11380.0,11490.0,4094,0.0,0.0
2023-12-27 14:00:00+09:00,11470.0,11470.0,11370.0,11380.0,2561,0.0,0.0
2023-12-28 09:00:00+09:00,11500.0,11500.0,11100.0,11230.0,0,0.0,0.0
2023-12-28 10:00:00+09:00,11240.0,11350.0,11200.0,11320.0,24746,0.0,0.0
2023-12-28 11:00:00+09:00,11320.0,11320.0,11140.0,11230.0,7837,0.0,0.0
2023-12-28 12:00:00+09:00,11280.0,11310.0,11230.0,11280.0,1617,0.0,0.0
2023-12-28 13:00:00+09:00,11280.0,11340.0,11230.0,11340.0,7691,0.0,0.0
2023-12-28 14:00:00+09:00,11340.0,11500.0,11340.0,11450.0,4282,0.0,0.0
2024-01-02 10:00:00+09:00,11560.0,11740.0,11420.0,11680.0,14624,0.0,0.0
2024-01-02 11:00:00+09:00,11680.0,11730.0,11630.0,11710.0,7092,0.0,0.0
2024-01-02 12:00:00+09:00,11720.0,11840.0,11700.0,11760.0,11557,0.0,0.0
2024-01-02 13:00:00+09:00,11760.0,11770.0,11700.0,11700.0,7559,0.0,0.0
2024-01-02 14:00:00+09:00,11700.0,11780.0,11670.0,11730.0,5974,0.0,0.0
2024-01-03 09:00:00+09:00,11650.0,11740.0,11520.0,11520.0,15882,0.0,0.0
2024-01-03 10:00:00+09:00,11520.0,11590.0,11390.0,11590.0,16051,0.0,0.0
2024-01-03 11:00:00+09:00,11590.0,11600.0,11480.0,11490.0,2957,0.0,0.0
2024-01-03 12:00:00+09:00,11490.0,11650.0,11490.0,11650.0,10750,0.0,0.0
2024-01-03 13:00:00+09:00,11640.0,11650.0,11610.0,11610.0,3289,0.0,0.0
2024-01-03 14:00:00+09:00,11610.0,11620.0,11570.0,11590.0,3671,0.0,0.0
2024-01-04 09:00:00+09:00,11430.0,11690.0,11430.0,11640.0,9062,0.0,0.0
2024-01-04 10:00:00+09:00,11640.0,11640.0,11430.0,11430.0,7870,0.0,0.0
2024-01-04 11:00:00+09:00,11430.0,11490.0,11420.0,11460.0,1294,0.0,0.0
2024-01-04 12:00:00+09:00,11470.0,11500.0,11450.0,11460.0,876,0.0,0.0
2024-01-04 13:00:00+09:00,11450.0,11470.0,11410.0,11460.0,4774,0.0,0.0
2024-01-04 14:00:00+09:00,11460.0,11500.0,11400.0,11400.0,3753,0.0,0.0
2024-01-05 09:00:00+09:00,11530.0,11570.0,11360.0,11440.0,3665,0.0,0.0
2024-01-05 10:00:00+09:00,11440.0,11520.0,11390.0,11390.0,4844,0.0,0.0
2024-01-05 11:00:00+09:00,11390.0,11400.0,11360.0,11390.0,3894,0.0,0.0
2024-01-05 12:00:00+09:00,11390.0,11430.0,11380.0,11400.0,5038,0.0,0.0
2024-01-05 13:00:00+09:00,11400.0,11490.0,11370.0,11460.0,3427,0.0,0.0
2024-01-05 14:00:00+09:00,11460.0,11460.0,11380.0,11400.0,2217,0.0,0.0
2024-01-08 09:00:00+09:00,11470.0,11590.0,11330.0,11450.0,0,0.0,0.0
2024-01-08 10:00:00+09:00,11490.0,11490.0,11430.0,11430.0,2698,0.0,0.0
2024-01-08 11:00:00+09:00,11440.0,11530.0,11400.0,11520.0,3702,0.0,0.0
2024-01-08 12:00:00+09:00,11480.0,11480.0,11390.0,11400.0,4781,0.0,0.0
2024-01-08 13:00:00+09:00,11400.0,11430.0,11380.0,11400.0,3723,0.0,0.0
2024-01-08 14:00:00+09:00,11400.0,11470.0,11400.0,11400.0,4188,0.0,0.0
2024-01-09 09:00:00+09:00,11550.0,11670.0,11390.0,11510.0,14537,0.0,0.0
2024-01-09 10:00:00+09:00,11520.0,11530.0,11470.0,11490.0,1444,0.0,0.0
2024-01-09 11:00:00+09:00,11500.0,11530.0,11490.0,11500.0,2314,0.0,0.0
2024-01-09 12:00:00+09:00,11490.0,11490.0,11360.0,11360.0,7263,0.0,0.0
2024-01-09 13:00:00+09:00,11360.0,11360.0,11330.0,11360.0,2609,0.0,0.0
2024-01-09 14:00:00+09:00,11360.0,11430.0,11360.0,11400.0,3225,0.0,0.0
2024-01-10 09:00:00+09:00,11450.0,11480.0,11220.0,11220.0,8992,0.0,0.0
2024-01-10 10:00:00+09:00,11220.0,11300.0,11200.0,11200.0,6663,0.0,0.0
2024-01-10 11:00:00+09:00,11200.0,11220.0,11170.0,11200.0,2281,0.0,0.0
2024-01-10 12:00:00+09:00,11190.0,11210.0,11180.0,11180.0,1217,0.0,0.0
2024-01-10 13:00:00+09:00,11190.0,11190.0,11100.0,11160.0,5622,0.0,0.0
2024-01-10 14:00:00+09:00,11160.0,11160.0,11110.0,11160.0,2965,0.0,0.0
2024-01-11 09:00:00+09:00,11150.0,11350.0,11150.0,11190.0,7254,0.0,0.0
2024-01-11 10:00:00+09:00,11190.0,11210.0,11120.0,11150.0,3317,0.0,0.0
2024-01-11 11:00:00+09:00,11140.0,11170.0,11110.0,11170.0,1046,0.0,0.0
2024-01-11 12:00:00+09:00,11170.0,11180.0,11110.0,11110.0,1965,0.0,0.0
2024-01-11 13:00:00+09:00,11110.0,11150.0,11070.0,11080.0,2591,0.0,0.0
2024-01-11 14:00:00+09:00,11080.0,11380.0,11050.0,11290.0,7913,0.0,0.0
2024-01-12 09:00:00+09:00,11260.0,11440.0,11130.0,11330.0,12936,0.0,0.0
2024-01-12 10:00:00+09:00,11350.0,12100.0,11320.0,11400.0,194807,0.0,0.0
2024-01-12 11:00:00+09:00,11370.0,11380.0,11260.0,11350.0,24600,0.0,0.0
2024-01-12 12:00:00+09:00,11360.0,11400.0,11300.0,11310.0,6076,0.0,0.0
2024-01-12 13:00:00+09:00,11310.0,11310.0,11260.0,11280.0,8932,0.0,0.0
2024-01-12 14:00:00+09:00,11290.0,11340.0,11280.0,11320.0,10138,0.0,0.0
2024-01-15 09:00:00+09:00,11280.0,11280.0,10750.0,10800.0,0,0.0,0.0
2024-01-15 10:00:00+09:00,10800.0,10950.0,10580.0,10630.0,16330,0.0,0.0
2024-01-15 11:00:00+09:00,10650.0,10660.0,10600.0,10620.0,7249,0.0,0.0
2024-01-15 12:00:00+09:00,10620.0,10710.0,10540.0,10590.0,10206,0.0,0.0
2024-01-15 13:00:00+09:00,10560.0,10620.0,10510.0,10580.0,5542,0.0,0.0
2024-01-15 14:00:00+09:00,10560.0,10650.0,10540.0,10550.0,9934,0.0,0.0
2024-01-16 09:00:00+09:00,10840.0,10840.0,10400.0,10600.0,7765,0.0,0.0
2024-01-16 10:00:00+09:00,10590.0,10770.0,10460.0,10640.0,6912,0.0,0.0
2024-01-16 11:00:00+09:00,10630.0,10680.0,10530.0,10530.0,4882,0.0,0.0
2024-01-16 12:00:00+09:00,10570.0,10620.0,10540.0,10610.0,437,0.0,0.0
2024-01-16 13:00:00+09:00,10610.0,10690.0,10590.0,10600.0,1542,0.0,0.0
2024-01-16 14:00:00+09:00,10600.0,10600.0,10490.0,10560.0,5408,0.0,0.0
2024-01-17 09:00:00+09:00,10600.0,10620.0,10320.0,10350.0,7505,0.0,0.0
2024-01-17 10:00:00+09:00,10370.0,10370.0,10200.0,10230.0,7131,0.0,0.0
2024-01-17 11:00:00+09:00,10230.0,10300.0,10160.0,10190.0,3103,0.0,0.0
2024-01-17 12:00:00+09:00,10160.0,10230.0,10130.0,10170.0,2459,0.0,0.0
2024-01-17 13:00:00+09:00,10170.0,10220.0,10140.0,10200.0,2901,0.0,0.0
2024-01-17 14:00:00+09:00,10200.0,10210.0,10110.0,10150.0,898,0.0,0.0
2024-01-18 09:00:00+09:00,10290.0,10350.0,10190.0,10270.0,973,0.0,0.0
2024-01-18 10:00:00+09:00,10270.0,10280.0,10190.0,10210.0,1313,0.0,0.0
2024-01-18 11:00:00+09:00,10190.0,10260.0,10190.0,10220.0,3949,0.0,0.0
2024-01-18 12:00:00+09:00,10220.0,10270.0,10220.0,10260.0,1029,0.0,0.0
2024-01-18 13:00:00+09:00,10260.0,10260.0,10070.0,10080.0,5787,0.0,0.0
2024-01-18 14:00:00+09:00,10070.0,10210.0,10070.0,10180.0,2918,0.0,0.0
2024-01-19 09:00:00+09:00,10400.0,10730.0,10320.0,10590.0,10738,0.0,0.0
2024-01-19 10:00:00+09:00,10600.0,10660.0,10570.0,10580.0,6517,0.0,0.0
2024-01-19 11:00:00+09:00,10580.0,10980.0,10570.0,10940.0,33018,0.0,0.0
2024-01-19 12:00:00+09:00,10900.0,11100.0,10880.0,11040.0,20825,0.0,0.0
2024-01-19 13:00:00+09:00,11000.0,11190.0,11000.0,11000.0,19341,0.0,0.0
2024-01-19 14:00:00+09:00,10990.0,10990.0,10870.0,10930.0,8892,0.0,0.0
2024-01-22 09:00:00+09:00,11190.0,11310.0,10900.0,11120.0,0,0.0,0.0
2024-01-22 10:00:00+09:00,11190.0,11290.0,10950.0,11280.0,11622,0.0,0.0
2024-01-22 11:00:00+09:00,11290.0,11340.0,11100.0,11150.0,13068,0.0,0.0
2024-01-22 12:00:00+09:00,11170.0,11390.0,11100.0,11380.0,11049,0.0,0.0
2024-01-22 13:00:00+09:00,11330.0,11500.0,11260.0,11490.0,26546,0.0,0.0
2024-01-22 14:00:00+09:00,11490.0,11530.0,11190.0,11260.0,14961,0.0,0.0
2024-01-23 09:00:00+09:00,11380.0,11470.0,11100.0,11370.0,12557,0.0,0.0
2024-01-23 10:00:00+09:00,11370.0,11370.0,11160.0,11180.0,9142,0.0,0.0
2024-01-23 11:00:00+09:00,11190.0,11340.0,11190.0,11260.0,8448,0.0,0.0
2024-01-23 12:00:00+09:00,11320.0,11320.0,11200.0,11200.0,5438,0.0,0.0
2024-01-23 13:00:00+09:00,11200.0,11210.0,11140.0,11190.0,5378,0.0,0.0
2024-01-23 14:00:00+09:00,11190.0,11200.0,11140.0,11180.0,2527,0.0,0.0
2024-01-24 09:00:00+09:00,11200.0,11700.0,11030.0,11200.0,20292,0.0,0.0
2024-01-24 10:00:00+09:00,11200.0,11250.0,11020.0,11160.0,9387,0.0,0.0
2024-01-24 11:00:00+09:00,11160.0,11210.0,11080.0,11090.0,6427,0.0,0.0
2024-01-24 12:00:00+09:00,11090.0,11140.0,11040.0,11080.0,3689,0.0,0.0
2024-01-24 13:00:00+09:00,11090.0,11220.0,11090.0,11220.0,2011,0.0,0.0
2024-01-24 14:00:00+09:00,11200.0,11310.0,11150.0,11310.0,3556,0.0,0.0
2024-01-25 09:00:00+09:00,11270.0,12000.0,11250.0,11920.0,95099,0.0,0.0
2024-01-25 10:00:00+09:00,11910.0,12300.0,11670.0,12110.0,280108,0.0,0.0
2024-01-25 11:00:00+09:00,12120.0,12810.0,11510.0,11630.0,631023,0.0,0.0
2024-01-25 12:00:00+09:00,11620.0,12090.0,11540.0,11920.0,110360,0.0,0.0
2024-01-25 13:00:00+09:00,11930.0,12160.0,11790.0,11930.0,79416,0.0,0.0
2024-01-25 14:00:00+09:00,11920.0,12060.0,11720.0,11880.0,52904,0.0,0.0
2024-01-26 09:00:00+09:00,11790.0,11870.0,11240.0,11270.0,90846,0.0,0.0
2024-01-26 10:00:00+09:00,11260.0,11420.0,11250.0,11350.0,16327,0.0,0.0
2024-01-26 11:00:00+09:00,11350.0,11470.0,11330.0,11420.0,16075,0.0,0.0
2024-01-26 12:00:00+09:00,11390.0,11450.0,11330.0,11410.0,9002,0.0,0.0
2024-01-26 13:00:00+09:00,11410.0,11460.0,11310.0,11310.0,16581,0.0,0.0
2024-01-26 14:00:00+09:00,11310.0,11420.0,11260.0,11300.0,8631,0.0,0.0
2024-01-29 09:00:00+09:00,11410.0,11580.0,11210.0,11450.0,0,0.0,0.0
2024-01-29 10:00:00+09:00,11450.0,11820.0,11400.0,11790.0,34749,0.0,0.0
2024-01-29 11:00:00+09:00,11770.0,12430.0,11500.0,12160.0,165182,0.0,0.0
2024-01-29 12:00:00+09:00,12130.0,12920.0,11740.0,12840.0,979843,0.0,0.0
2024-01-29 13:00:00+09:00,12870.0,14140.0,12840.0,13820.0,3977768,0.0,0.0
2024-01-29 14:00:00+09:00,13820.0,14050.0,12590.0,13350.0,1545827,0.0,0.0
2024-01-30 09:00:00+09:00,12900.0,13290.0,12590.0,12720.0,511018,0.0,0.0
2024-01-30 10:00:00+09:00,12720.0,12740.0,12350.0,12560.0,195808,0.0,0.0
2024-01-30 11:00:00+09:00,12560.0,12630.0,12410.0,12520.0,70257,0.0,0.0
2024-01-30 12:00:00+09:00,12520.0,12690.0,12430.0,12630.0,66564,0.0,0.0
2024-01-30 13:00:00+09:00,12630.0,12680.0,12250.0,12300.0,127438,0.0,0.0
2024-01-30 14:00:00+09:00,12300.0,13000.0,12280.0,12910.0,196405,0.0,0.0
2024-01-31 09:00:00+09:00,13000.0,14470.0,12730.0,12970.0,1827831,0.0,0.0
2024-01-31 10:00:00+09:00,12970.0,13030.0,12590.0,12750.0,248275,0.0,0.0
2024-01-31 11:00:00+09:00,12760.0,12830.0,12560.0,12640.0,76256,0.0,0.0
2024-01-31 12:00:00+09:00,12640.0,13170.0,12640.0,12930.0,191491,0.0,0.0
2024-01-31 13:00:00+09:00,12950.0,14130.0,12920.0,13910.0,1151206,0.0,0.0
2024-01-31 14:00:00+09:00,13910.0,14290.0,13180.0,13470.0,1009436,0.0,0.0
2024-02-01 09:00:00+09:00,12940.0,13000.0,12450.0,12600.0,246262,0.0,0.0
2024-02-01 10:00:00+09:00,12580.0,12750.0,12380.0,12510.0,95031,0.0,0.0
2024-02-01 11:00:00+09:00,12510.0,12560.0,12300.0,12390.0,56894,0.0,0.0
2024-02-01 12:00:00+09:00,12390.0,12670.0,12350.0,12480.0,36720,0.0,0.0
2024-02-01 13:00:00+09:00,12460.0,12460.0,12110.0,12140.0,53761,0.0,0.0
2024-02-01 14:00:00+09:00,12140.0,12280.0,11920.0,12090.0,70091,0.0,0.0
2024-02-02 09:00:00+09:00,12180.0,12990.0,12120.0,12840.0,247797,0.0,0.0
2024-02-02 10:00:00+09:00,12840.0,12840.0,12470.0,12570.0,72590,0.0,0.0
2024-02-02 11:00:00+09:00,12560.0,12680.0,12400.0,12610.0,33584,0.0,0.0
2024-02-02 12:00:00+09:00,12620.0,13100.0,12570.0,12850.0,146018,0.0,0.0
2024-02-02 13:00:00+09:00,12830.0,12940.0,12600.0,12790.0,64216,0.0,0.0
2024-02-02 14:00:00+09:00,12790.0,12850.0,12500.0,12630.0,46332,0.0,0.0
2024-02-05 09:00:00+09:00,12320.0,12430.0,11710.0,11770.0,0,0.0,0.0
2024-02-05 10:00:00+09:00,11760.0,11880.0,11750.0,11790.0,47730,0.0,0.0
2024-02-05 11:00:00+09:00,11770.0,11800.0,11680.0,11700.0,40829,0.0,0.0
2024-02-05 12:00:00+09:00,11700.0,11760.0,11650.0,11730.0,27876,0.0,0.0
2024-02-05 13:00:00+09:00,11720.0,11880.0,11690.0,11810.0,18009,0.0,0.0
2024-02-05 14:00:00+09:00,11810.0,11850.0,11750.0,11760.0,11773,0.0,0.0
2024-02-06 09:00:00+09:00,12250.0,12340.0,11880.0,11880.0,105249,0.0,0.0
2024-02-06 10:00:00+09:00,11880.0,12200.0,11790.0,12100.0,38903,0.0,0.0
2024-02-06 11:00:00+09:00,12110.0,12190.0,12060.0,12130.0,11977,0.0,0.0
2024-02-06 12:00:00+09:00,12060.0,12190.0,11860.0,12140.0,28680,0.0,0.0
2024-02-06 13:00:00+09:00,12140.0,12850.0,12110.0,12630.0,200717,0.0,0.0
2024-02-06 14:00:00+09:00,12630.0,12770.0,12380.0,12430.0,86777,0.0,0.0
2024-02-07 09:00:00+09:00,12530.0,12530.0,11970.0,12000.0,78608,0.0,0.0
2024-02-07 10:00:00+09:00,12010.0,12090.0,11910.0,11920.0,28247,0.0,0.0
2024-02-07 11:00:00+09:00,11910.0,12020.0,11880.0,11920.0,24763,0.0,0.0
2024-02-07 12:00:00+09:00,11920.0,12010.0,11910.0,11930.0,12390,0.0,0.0
2024-02-07 13:00:00+09:00,11930.0,12180.0,11890.0,11910.0,15253,0.0,0.0
2024-02-07 14:00:00+09:00,11910.0,11930.0,11800.0,11860.0,28115,0.0,0.0
2024-02-08 09:00:00+09:00,11940.0,12100.0,11870.0,12030.0,44397,0.0,0.0
2024-02-08 10:00:00+09:00,12030.0,12210.0,11960.0,12120.0,30789,0.0,0.0
2024-02-08 11:00:00+09:00,12120.0,12230.0,12000.0,12200.0,20266,0.0,0.0
2024-02-08 12:00:00+09:00,12190.0,12220.0,12090.0,12110.0,13401,0.0,0.0
2024-02-08 13:00:00+09:00,12110.0,12200.0,12040.0,12050.0,19046,0.0,0.0
2024-02-08 14:00:00+09:00,12050.0,12100.0,11960.0,12020.0,14861,0.0,0.0
2024-02-13 09:00:00+09:00,12170.0,12610.0,12010.0,12580.0,0,0.0,0.0
2024-02-13 10:00:00+09:00,12580.0,12800.0,12550.0,12650.0,65679,0.0,0.0
2024-02-13 11:00:00+09:00,12650.0,12710.0,12490.0,12490.0,37766,0.0,0.0
2024-02-13 12:00:00+09:00,12490.0,12550.0,12400.0,12500.0,19224,0.0,0.0
2024-02-13 13:00:00+09:00,12520.0,13200.0,12520.0,12720.0,465908,0.0,0.0
2024-02-13 14:00:00+09:00,12720.0,12740.0,12630.0,12720.0,56978,0.0,0.0
2024-02-14 09:00:00+09:00,12490.0,12900.0,12460.0,12840.0,108760,0.0,0.0
2024-02-14 10:00:00+09:00,12840.0,13000.0,12760.0,12950.0,69950,0.0,0.0
2024-02-14 11:00:00+09:00,12950.0,13060.0,12890.0,12890.0,47626,0.0,0.0
2024-02-14 12:00:00+09:00,12900.0,13180.0,12900.0,13130.0,61153,0.0,0.0
2024-02-14 13:00:00+09:00,13130.0,13920.0,13100.0,13500.0,494279,0.0,0.0
2024-02-14 14:00:00+09:00,13500.0,13870.0,13200.0,13270.0,614258,0.0,0.0
2024-02-15 09:00:00+09:00,13440.0,13700.0,12910.0,13500.0,396417,0.0,0.0
2024-02-15 10:00:00+09:00,13530.0,13530.0,13230.0,13260.0,67286,0.0,0.0
2024-02-15 11:00:00+09:00,13260.0,13320.0,13150.0,13320.0,29113,0.0,0.0
2024-02-15 12:00:00+09:00,13320.0,13410.0,13220.0,13400.0,29869,0.0,0.0
2024-02-15 13:00:00+09:00,13400.0,13480.0,13260.0,13470.0,34936,0.0,0.0
2024-02-15 14:00:00+09:00,13450.0,13460.0,13270.0,13290.0,26593,0.0,0.0
2024-02-16 09:00:00+09:00,13110.0,13150.0,12630.0,12770.0,138951,0.0,0.0
2024-02-16 10:00:00+09:00,12770.0,12780.0,12550.0,12680.0,43987,0.0,0.0
2024-02-16 11:00:00+09:00,12680.0,12860.0,12680.0,12800.0,20721,0.0,0.0
2024-02-16 12:00:00+09:00,12800.0,12890.0,12740.0,12890.0,12878,0.0,0.0
2024-02-16 13:00:00+09:00,12890.0,12940.0,12800.0,12870.0,14021,0.0,0.0
2024-02-16 14:00:00+09:00,12870.0,12910.0,12780.0,12830.0,17333,0.0,0.0
2024-02-19 09:00:00+09:00,12740.0,13000.0,12690.0,12960.0,0,0.0,0.0
2024-02-19 10:00:00+09:00,12960.0,12970.0,12700.0,12730.0,20932,0.0,0.0
2024-02-19 11:00:00+09:00,12750.0,12840.0,12720.0,12730.0,8403,0.0,0.0
2024-02-19 12:00:00+09:00,12730.0,12750.0,12670.0,12680.0,14622,0.0,0.0
2024-02-19 13:00:00+09:00,12670.0,12680.0,12580.0,12600.0,15248,0.0,0.0
2024-02-19 14:00:00+09:00,12600.0,12680.0,12600.0,12680.0,11914,0.0,0.0
2024-02-20 09:00:00+09:00,12900.0,13380.0,12840.0,13130.0,180573,0.0,0.0
2024-02-20 10:00:00+09:00,13120.0,13170.0,12940.0,13070.0,33593,0.0,0.0
2024-02-20 11:00:00+09:00,13070.0,13070.0,12860.0,12870.0,18720,0.0,0.0
2024-02-20 12:00:00+09:00,12880.0,12920.0,12720.0,12780.0,17524,0.0,0.0
2024-02-20 13:00:00+09:00,12810.0,13180.0,12750.0,12970.0,32233,0.0,0.0
2024-02-20 14:00:00+09:00,12950.0,13340.0,12950.0,13040.0,109992,0.0,0.0
2024-02-21 09:00:00+09:00,15200.0,15800.0,14070.0,14110.0,1964844,0.0,0.0
2024-02-21 10:00:00+09:00,14110.0,14380.0,14030.0,14200.0,161057,0.0,0.0
2024-02-21 11:00:00+09:00,14200.0,14560.0,14200.0,14370.0,192718,0.0,0.0
2024-02-21 12:00:00+09:00,14370.0,14380.0,13880.0,13970.0,144964,0.0,0.0
2024-02-21 13:00:00+09:00,13970.0,14040.0,13690.0,13720.0,133456,0.0,0.0
2024-02-21 14:00:00+09:00,13720.0,13830.0,13470.0,13510.0,139616,0.0,0.0
2024-02-22 09:00:00+09:00,13650.0,13780.0,13150.0,13490.0,236100,0.0,0.0
2024-02-22 10:00:00+09:00,13490.0,13620.0,13370.0,13400.0,68159,0.0,0.0
2024-02-22 11:00:00+09:00,13420.0,13470.0,13300.0,13320.0,36469,0.0,0.0
2024-02-22 12:00:00+09:00,13320.0,13680.0,13310.0,13640.0,46766,0.0,0.0
2024-02-22 13:00:00+09:00,13640.0,13640.0,13340.0,13400.0,62232,0.0,0.0
2024-02-22 14:00:00+09:00,13400.0,13480.0,13300.0,13410.0,30958,0.0,0.0
2024-02-23 09:00:00+09:00,13700.0,13840.0,13200.0,13220.0,140760,0.0,0.0
2024-02-23 10:00:00+09:00,13220.0,13320.0,13220.0,13310.0,21772,0.0,0.0
2024-02-23 11:00:00+09:00,13310.0,14000.0,13310.0,13780.0,171492,0.0,0.0
2024-02-23 12:00:00+09:00,13800.0,13800.0,13530.0,13560.0,38490,0.0,0.0
2024-02-23 13:00:00+09:00,13560.0,15800.0,13560.0,15400.0,2524833,0.0,0.0
2024-02-23 14:00:00+09:00,15390.0,16340.0,14570.0,15330.0,4203623,0.0,0.0
2024-02-26 09:00:00+09:00,14920.0,15080.0,14640.0,14750.0,0,0.0,0.0
2024-02-26 10:00:00+09:00,14740.0,15120.0,14710.0,15000.0,169593,0.0,0.0
2024-02-26 11:00:00+09:00,15000.0,15100.0,14750.0,14830.0,104141,0.0,0.0
2024-02-26 12:00:00+09:00,14820.0,14910.0,14740.0,14750.0,57901,0.0,0.0
2024-02-26 13:00:00+09:00,14750.0,14790.0,14700.0,14760.0,53113,0.0,0.0
2024-02-26 14:00:00+09:00,14740.0,15050.0,14700.0,14860.0,125257,0.0,0.0
2024-02-27 09:00:00+09:00,14940.0,15400.0,14510.0,14620.0,387350,0.0,0.0
2024-02-27 10:00:00+09:00,14610.0,14850.0,14130.0,14590.0,159354,0.0,0.0
2024-02-27 11:00:00+09:00,14600.0,15290.0,14390.0,14560.0,280439,0.0,0.0
2024-02-27 12:00:00+09:00,14600.0,14600.0,14270.0,14290.0,48109,0.0,0.0
2024-02-27 13:00:00+09:00,14290.0,14980.0,14240.0,14710.0,106069,0.0,0.0
2024-02-27 14:00:00+09:00,14780.0,15400.0,14710.0,15280.0,309240,0.0,0.0
2024-02-28 09:00:00+09:00,14610.0,14940.0,14540.0,14660.0,155818,0.0,0.0
2024-02-28 10:00:00+09:00,14660.0,14780.0,14560.0,14720.0,54267,0.0,0.0
2024-02-28 11:00:00+09:00,14700.0,14800.0,14580.0,14700.0,32412,0.0,0.0
2024-02-28 12:00:00+09:00,14700.0,14750.0,14410.0,14420.0,63911,0.0,0.0
2024-02-28 13:00:00+09:00,14440.0,14440.0,14310.0,14320.0,46343,0.0,0.0
2024-02-28 14:00:00+09:00,14340.0,14440.0,14160.0,14370.0,62953,0.0,0.0
2024-02-29 09:00:00+09:00,14130.0,14140.0,13390.0,13660.0,143154,0.0,0.0
2024-02-29 10:00:00+09:00,13640.0,13790.0,13460.0,13760.0,43393,0.0,0.0
2024-02-29 11:00:00+09:00,13750.0,13930.0,13750.0,13800.0,18619,0.0,0.0
2024-02-29 12:00:00+09:00,13800.0,14030.0,13750.0,13900.0,13747,0.0,0.0
2024-02-29 13:00:00+09:00,13900.0,13980.0,13800.0,13840.0,15441,0.0,0.0
2024-02-29 14:00:00+09:00,13840.0,13850.0,13610.0,13630.0,20678,0.0,0.0
2024-03-04 09:00:00+09:00,13840.0,14180.0,13790.0,14040.0,0,0.0,0.0
2024-03-04 10:00:00+09:00,14050.0,14610.0,14050.0,14390.0,188496,0.0,0.0
2024-03-04 11:00:00+09:00,14390.0,14500.0,14310.0,14330.0,41586,0.0,0.0
2024-03-04 12:00:00+09:00,14340.0,14780.0,14330.0,14540.0,124620,0.0,0.0
2024-03-04 13:00:00+09:00,14540.0,14670.0,14460.0,14520.0,37123,0.0,0.0
2024-03-04 14:00:00+09:00,14520.0,14560.0,14430.0,14550.0,27304,0.0,0.0
2024-03-05 09:00:00+09:00,14700.0,14770.0,14210.0,14400.0,158013,0.0,0.0
2024-03-05 10:00:00+09:00,14400.0,14470.0,14240.0,14320.0,49092,0.0,0.0
2024-03-05 11:00:00+09:00,14320.0,14500.0,14270.0,14450.0,16869,0.0,0.0
2024-03-05 12:00:00+09:00,14420.0,14470.0,14320.0,14350.0,13305,0.0,0.0
2024-03-05 13:00:00+09:00,14330.0,14370.0,14150.0,14230.0,33309,0.0,0.0
2024-03-05 14:00:00+09:00,14230.0,14460.0,14210.0,14300.0,19450,0.0,0.0
2024-03-06 09:00:00+09:00,14080.0,14250.0,13850.0,14230.0,88375,0.0,0.0
2024-03-06 10:00:00+09:00,14230.0,14260.0,14100.0,14100.0,30493,0.0,0.0
2024-03-06 11:00:00+09:00,14110.0,14480.0,14110.0,14340.0,66385,0.0,0.0
2024-03-06 12:00:00+09:00,14340.0,14530.0,14290.0,14460.0,28380,0.0,0.0
2024-03-06 13:00:00+09:00,14450.0,15120.0,14280.0,14560.0,170348,0.0,0.0
2024-03-06 14:00:00+09:00,14560.0,14650.0,14390.0,14500.0,43665,0.0,0.0
2024-03-07 09:00:00+09:00,14830.0,14830.0,14140.0,14480.0,107454,0.0,0.0
2024-03-07 10:00:00+09:00,14470.0,14530.0,14080.0,14120.0,63372,0.0,0.0
2024-03-07 11:00:00+09:00,14120.0,14180.0,14050.0,14100.0,21385,0.0,0.0
2024-03-07 12:00:00+09:00,14100.0,14180.0,14040.0,14100.0,19301,0.0,0.0
2024-03-07 13:00:00+09:00,14100.0,14170.0,14050.0,14080.0,15643,0.0,0.0
2024-03-07 14:00:00+09:00,14080.0,14330.0,14020.0,14240.0,44268,0.0,0.0
2024-03-08 09:00:00+09:00,14420.0,14520.0,14210.0,14210.0,54854,0.0,0.0
2024-03-08 10:00:00+09:00,14220.0,14290.0,14130.0,14280.0,30881,0.0,0.0
2024-03-08 11:00:00+09:00,14280.0,14350.0,14120.0,14120.0,22276,0.0,0.0
2024-03-08 12:00:00+09:00,14130.0,14200.0,14020.0,14060.0,28765,0.0,0.0
2024-03-08 13:00:00+09:00,14060.0,14070.0,13950.0,14010.0,31024,0.0,0.0
2024-03-08 14:00:00+09:00,14000.0,14050.0,13800.0,13910.0,34598,0.0,0.0
2024-03-11 09:00:00+09:00,13630.0,13630.0,13000.0,13020.0,0,0.0,0.0
2024-03-11 10:00:00+09:00,13030.0,13110.0,12950.0,13100.0,42831,0.0,0.0
2024-03-11 11:00:00+09:00,13100.0,13110.0,13000.0,13000.0,26870,0.0,0.0
2024-03-11 12:00:00+09:00,13010.0,13070.0,12990.0,13010.0,13708,0.0,0.0
2024-03-11 13:00:00+09:00,13010.0,13100.0,13010.0,13090.0,9140,0.0,0.0
2024-03-11 14:00:00+09:00,13100.0,14850.0,13070.0,14440.0,590532,0.0,0.0
2024-03-12 09:00:00+09:00,14220.0,14580.0,14070.0,14480.0,207806,0.0,0.0
2024-03-12 10:00:00+09:00,14480.0,14670.0,14420.0,14550.0,64190,0.0,0.0
2024-03-12 11:00:00+09:00,14550.0,14720.0,14480.0,14510.0,60517,0.0,0.0
2024-03-12 12:00:00+09:00,14510.0,14570.0,14470.0,14490.0,24484,0.0,0.0
2024-03-12 13:00:00+09:00,14490.0,14830.0,14460.0,14650.0,63365,0.0,0.0
2024-03-12 14:00:00+09:00,14650.0,15240.0,14630.0,15120.0,224835,0.0,0.0
2024-03-13 09:00:00+09:00,16900.0,17640.0,16260.0,16700.0,2810381,0.0,0.0
2024-03-13 10:00:00+09:00,16700.0,16850.0,15970.0,16170.0,417476,0.0,0.0
2024-03-13 11:00:00+09:00,16170.0,16170.0,15580.0,15630.0,202770,0.0,0.0
2024-03-13 12:00:00+09:00,15630.0,15840.0,15530.0,15590.0,83548,0.0,0.0
2024-03-13 13:00:00+09:00,15600.0,16040.0,15220.0,16020.0,237565,0.0,0.0
2024-03-13 14:00:00+09:00,16010.0,16190.0,15800.0,16000.0,143354,0.0,0.0
2024-03-14 09:00:00+09:00,15600.0,15720.0,15140.0,15220.0,227065,0.0,0.0
2024-03-14 10:00:00+09:00,15190.0,15370.0,15070.0,15110.0,86215,0.0,0.0
2024-03-14 11:00:00+09:00,15090.0,15330.0,15090.0,15300.0,20758,0.0,0.0
2024-03-14 12:00:00+09:00,15300.0,15560.0,15290.0,15540.0,31784,0.0,0.0
2024-03-14 13:00:00+09:00,15540.0,15720.0,15400.0,15490.0,43559,0.0,0.0
2024-03-14 14:00:00+09:00,15500.0,15670.0,15430.0,15520.0,30117,0.0,0.0
2024-03-15 09:00:00+09:00,15550.0,15600.0,15020.0,15190.0,101602,0.0,0.0
2024-03-15 10:00:00+09:00,15170.0,15310.0,15160.0,15250.0,27758,0.0,0.0
2024-03-15 11:00:00+09:00,15250.0,15280.0,15140.0,15150.0,20072,0.0,0.0
2024-03-15 12:00:00+09:00,15150.0,15160.0,15070.0,15150.0,28272,0.0,0.0
2024-03-15 13:00:00+09:00,15150.0,15170.0,15000.0,15160.0,33601,0.0,0.0
2024-03-15 14:00:00+09:00,15160.0,15180.0,14970.0,15110.0,43530,0.0,0.0
2024-03-18 09:00:00+09:00,15470.0,15900.0,15200.0,15420.0,0,0.0,0.0
2024-03-18 10:00:00+09:00,15420.0,15830.0,15350.0,15690.0,82443,0.0,0.0
2024-03-18 11:00:00+09:00,15690.0,15690.0,15500.0,15630.0,36977,0.0,0.0
2024-03-18 12:00:00+09:00,15620.0,15620.0,15400.0,15400.0,29832,0.0,0.0
2024-03-18 13:00:00+09:00,15400.0,15500.0,15360.0,15430.0,26842,0.0,0.0
2024-03-18 14:00:00+09:00,15430.0,15590.0,15430.0,15500.0,27378,0.0,0.0
2024-03-19 09:00:00+09:00,15650.0,15650.0,15080.0,15220.0,80310,0.0,0.0
2024-03-19 10:00:00+09:00,15180.0,15420.0,14900.0,15150.0,45386,0.0,0.0
2024-03-19 11:00:00+09:00,15150.0,15160.0,14950.0,14990.0,21591,0.0,0.0
2024-03-19 12:00:00+09:00,14990.0,15590.0,14930.0,14990.0,18122,0.0,0.0
2024-03-19 13:00:00+09:00,14970.0,15160.0,14950.0,15090.0,16408,0.0,0.0
2024-03-19 14:00:00+09:00,15010.0,15230.0,14980.0,15090.0,21858,0.0,0.0
2024-03-20 09:00:00+09:00,15160.0,15330.0,14960.0,14970.0,57251,0.0,0.0
2024-03-20 10:00:00+09:00,14970.0,15500.0,14800.0,15460.0,74428,0.0,0.0
2024-03-20 11:00:00+09:00,15460.0,15490.0,15220.0,15330.0,34154,0.0,0.0
2024-03-20 12:00:00+09:00,15340.0,15380.0,15200.0,15220.0,24360,0.0,0.0
2024-03-20 13:00:00+09:00,15210.0,15280.0,15070.0,15120.0,15206,0.0,0.0
2024-03-20 14:00:00+09:00,15120.0,15150.0,14940.0,15030.0,34696,0.0,0.0
2024-03-21 09:00:00+09:00,15100.0,15500.0,15090.0,15430.0,80842,0.0,0.0
2024-03-21 10:00:00+09:00,15410.0,15460.0,15040.0,15240.0,28457,0.0,0.0
2024-03-21 11:00:00+09:00,15240.0,15270.0,15070.0,15270.0,16710,0.0,0.0
2024-03-21 12:00:00+09:00,15270.0,15270.0,15020.0,15030.0,12920,0.0,0.0
2024-03-21 13:00:00+09:00,15030.0,15070.0,14870.0,14920.0,33000,0.0,0.0
2024-03-21 14:00:00+09:00,14930.0,15070.0,14860.0,14870.0,20607,0.0,0.0
2024-03-22 09:00:00+09:00,14830.0,15070.0,14420.0,14570.0,86908,0.0,0.0
2024-03-22 10:00:00+09:00,14580.0,14950.0,14480.0,14480.0,40090,0.0,0.0
2024-03-22 11:00:00+09:00,14500.0,14570.0,14430.0,14430.0,24497,0.0,0.0
2024-03-22 12:00:00+09:00,14440.0,14450.0,14300.0,14340.0,38805,0.0,0.0
2024-03-22 13:00:00+09:00,14350.0,14530.0,14320.0,14330.0,24837,0.0,0.0
2024-03-22 14:00:00+09:00,14320.0,14330.0,14150.0,14150.0,47838,0.0,0.0
2024-03-25 09:00:00+09:00,14140.0,14420.0,13810.0,13870.0,0,0.0,0.0
2024-03-25 10:00:00+09:00,13860.0,14000.0,13830.0,13850.0,25284,0.0,0.0
2024-03-25 11:00:00+09:00,13850.0,13850.0,13650.0,13690.0,58844,0.0,0.0
2024-03-25 12:00:00+09:00,13690.0,13790.0,13650.0,13710.0,15288,0.0,0.0
2024-03-25 13:00:00+09:00,13730.0,13830.0,13590.0,13740.0,44332,0.0,0.0
2024-03-25 14:00:00+09:00,13740.0,13760.0,13700.0,13720.0,17517,0.0,0.0
2024-03-26 09:00:00+09:00,13610.0,13850.0,13500.0,13790.0,65051,0.0,0.0
2024-03-26 10:00:00+09:00,13790.0,13890.0,13590.0,13590.0,44234,0.0,0.0
2024-03-26 11:00:00+09:00,13600.0,13620.0,13430.0,13460.0,29143,0.0,0.0
2024-03-26 12:00:00+09:00,13470.0,13530.0,13280.0,13300.0,29897,0.0,0.0
2024-03-26 13:00:00+09:00,13300.0,13490.0,13290.0,13490.0,13345,0.0,0.0
2024-03-26 14:00:00+09:00,13490.0,14030.0,13450.0,13850.0,58192,0.0,0.0
2024-03-27 09:00:00+09:00,13910.0,14000.0,13570.0,13670.0,40653,0.0,0.0
2024-03-27 10:00:00+09:00,13630.0,13740.0,13580.0,13590.0,21857,0.0,0.0
2024-03-27 11:00:00+09:00,13590.0,13670.0,13530.0,13650.0,17205,0.0,0.0
2024-03-27 12:00:00+09:00,13650.0,13930.0,13650.0,13870.0,17142,0.0,0.0
2024-03-27 13:00:00+09:00,13860.0,17490.0,13860.0,17300.0,2443500,0.0,0.0
2024-03-27 14:00:00+09:00,17300.0,18070.0,17080.0,18070.0,2259670,0.0,0.0
2024-03-28 09:00:00+09:00,18600.0,18990.0,17150.0,17520.0,3133203,0.0,0.0
2024-03-28 10:00:00+09:00,17530.0,17990.0,17220.0,17470.0,545454,0.0,0.0
2024-03-28 11:00:00+09:00,17480.0,18870.0,17440.0,18800.0,1761698,0.0,0.0
2024-03-28 12:00:00+09:00,18790.0,20350.0,17960.0,19430.0,5327661,0.0,0.0
2024-03-28 13:00:00+09:00,19410.0,21750.0,19120.0,20000.0,5220930,0.0,0.0
2024-03-28 14:00:00+09:00,20000.0,20300.0,19190.0,19650.0,1713687,0.0,0.0
2024-03-29 09:00:00+09:00,19890.0,20300.0,19390.0,19560.0,760226,0.0,0.0
2024-03-29 10:00:00+09:00,19570.0,20100.0,19550.0,19800.0,198203,0.0,0.0
2024-03-29 11:00:00+09:00,19810.0,20050.0,19610.0,19650.0,180659,0.0,0.0
2024-03-29 12:00:00+09:00,19650.0,19690.0,19120.0,19320.0,191861,0.0,0.0
2024-03-29 13:00:00+09:00,19320.0,19730.0,19160.0,19290.0,198078,0.0,0.0
2024-03-29 14:00:00+09:00,19290.0,19300.0,18620.0,18960.0,265429,0.0,0.0
2024-04-01 09:00:00+09:00,19500.0,20100.0,19210.0,19370.0,0,0.0,0.0
2024-04-01 10:00:00+09:00,19370.0,19630.0,19290.0,19380.0,183083,0.0,0.0
2024-04-01 11:00:00+09:00,19380.0,19610.0,19230.0,19230.0,113225,0.0,0.0
2024-04-01 12:00:00+09:00,19230.0,19330.0,18910.0,19220.0,147399,0.0,0.0
2024-04-01 13:00:00+09:00,19220.0,19450.0,19200.0,19240.0,83062,0.0,0.0
2024-04-01 14:00:00+09:00,19240.0,19440.0,19220.0,19310.0,86497,0.0,0.0
2024-04-02 09:00:00+09:00,19600.0,21550.0,19440.0,21000.0,3271442,0.0,0.0
2024-04-02 10:00:00+09:00,20950.0,21500.0,20000.0,20350.0,999488,0.0,0.0
2024-04-02 11:00:00+09:00,20400.0,20850.0,20150.0,20300.0,277063,0.0,0.0
2024-04-02 12:00:00+09:00,20300.0,20350.0,19900.0,20200.0,194419,0.0,0.0
2024-04-02 13:00:00+09:00,20200.0,20500.0,19500.0,19710.0,372836,0.0,0.0
2024-04-02 14:00:00+09:00,19720.0,19940.0,19230.0,19250.0,211636,0.0,0.0
2024-04-03 09:00:00+09:00,19210.0,20450.0,18570.0,20150.0,883880,0.0,0.0
2024-04-03 10:00:00+09:00,20150.0,22450.0,19850.0,20200.0,3384028,0.0,0.0
2024-04-03 11:00:00+09:00,20150.0,24350.0,19930.0,23250.0,5077759,0.0,0.0
2024-04-03 12:00:00+09:00,23300.0,23350.0,22300.0,22450.0,1112149,0.0,0.0
2024-04-03 13:00:00+09:00,22450.0,23100.0,21900.0,23050.0,644297,0.0,0.0
2024-04-03 14:00:00+09:00,23050.0,23100.0,21800.0,22150.0,790132,0.0,0.0
2024-04-04 09:00:00+09:00,23200.0,29400.0,22400.0,29400.0,5601669,0.0,0.0
2024-04-04 10:00:00+09:00,29400.0,29400.0,29400.0,29400.0,36953,0.0,0.0
2024-04-04 11:00:00+09:00,29400.0,29400.0,29400.0,29400.0,44564,0.0,0.0
2024-04-04 12:00:00+09:00,29400.0,29400.0,29400.0,29400.0,16885,0.0,0.0
2024-04-04 13:00:00+09:00,29400.0,29400.0,29400.0,29400.0,11943,0.0,0.0
2024-04-04 14:00:00+09:00,29400.0,29400.0,29400.0,29400.0,6319,0.0,0.0
2024-04-05 09:00:00+09:00,31450.0,35400.0,30000.0,33000.0,6270828,0.0,0.0
2024-04-05 10:00:00+09:00,32950.0,33300.0,31600.0,32650.0,852335,0.0,0.0
2024-04-05 11:00:00+09:00,32700.0,34300.0,32500.0,33350.0,1050052,0.0,0.0
2024-04-05 12:00:00+09:00,33350.0,33650.0,32100.0,32700.0,378573,0.0,0.0
2024-04-05 13:00:00+09:00,32700.0,34300.0,32400.0,33300.0,673740,0.0,0.0
2024-04-05 14:00:00+09:00,33300.0,34800.0,29850.0,30450.0,1807118,0.0,0.0
2024-04-08 09:00:00+09:00,31950.0,32000.0,27800.0,28600.0,0,0.0,0.0
2024-04-08 10:00:00+09:00,28600.0,29150.0,28150.0,28600.0,373714,0.0,0.0
2024-04-08 11:00:00+09:00,28600.0,29600.0,28400.0,28650.0,305664,0.0,0.0
2024-04-08 12:00:00+09:00,28700.0,29750.0,28550.0,29750.0,162467,0.0,0.0
2024-04-08 13:00:00+09:00,29750.0,29750.0,28800.0,29250.0,172017,0.0,0.0
2024-04-08 14:00:00+09:00,29250.0,29500.0,28450.0,28800.0,169163,0.0,0.0
2024-04-09 09:00:00+09:00,27750.0,28550.0,27200.0,27300.0,631261,0.0,0.0
2024-04-09 10:00:00+09:00,27300.0,27450.0,25600.0,25650.0,530776,0.0,0.0
2024-04-09 11:00:00+09:00,25700.0,26200.0,25400.0,26050.0,218256,0.0,0.0
2024-04-09 12:00:00+09:00,26050.0,26300.0,25700.0,26050.0,102462,0.0,0.0
2024-04-09 13:00:00+09:00,26050.0,27150.0,26000.0,26300.0,244316,0.0,0.0
2024-04-09 14:00:00+09:00,26350.0,26500.0,25800.0,25900.0,152084,0.0,0.0
2024-04-11 09:00:00+09:00,26150.0,26650.0,25300.0,25900.0,0,0.0,0.0
2024-04-11 10:00:00+09:00,25900.0,26750.0,25900.0,26150.0,118132,0.0,0.0
2024-04-11 11:00:00+09:00,26100.0,27950.0,26100.0,26950.0,673773,0.0,0.0
2024-04-11 12:00:00+09:00,26950.0,27100.0,26300.0,26450.0,104099,0.0,0.0
2024-04-11 13:00:00+09:00,26450.0,26750.0,26050.0,26750.0,90686,0.0,0.0
2024-04-11 14:00:00+09:00,26700.0,27150.0,26250.0,26950.0,123152,0.0,0.0
2024-04-12 09:00:00+09:00,27100.0,27550.0,26450.0,27000.0,387444,0.0,0.0
2024-04-12 10:00:00+09:00,27050.0,27650.0,26050.0,27650.0,258602,0.0,0.0
2024-04-12 11:00:00+09:00,27650.0,27800.0,26700.0,26900.0,149689,0.0,0.0
2024-04-12 12:00:00+09:00,26900.0,27000.0,26300.0,26400.0,77155,0.0,0.0
2024-04-12 13:00:00+09:00,26350.0,27200.0,26350.0,27150.0,81743,0.0,0.0
2024-04-12 14:00:00+09:00,27150.0,27700.0,26950.0,27200.0,152469,0.0,0.0
2024-04-15 09:00:00+09:00,27050.0,29600.0,25950.0,28000.0,0,0.0,0.0
2024-04-15 10:00:00+09:00,28000.0,30100.0,27800.0,29850.0,586942,0.0,0.0
2024-04-15 11:00:00+09:00,29850.0,30300.0,28150.0,28250.0,705476,0.0,0.0
2024-04-15 12:00:00+09:00,28250.0,28500.0,28000.0,28450.0,141078,0.0,0.0
2024-04-15 13:00:00+09:00,28450.0,28550.0,28050.0,28150.0,126650,0.0,0.0
2024-04-15 14:00:00+09:00,28150.0,28600.0,27850.0,28250.0,135432,0.0,0.0
2024-04-16 09:00:00+09:00,28150.0,29100.0,27500.0,28350.0,367635,0.0,0.0
2024-04-16 10:00:00+09:00,28350.0,28450.0,25950.0,26250.0,338119,0.0,0.0
2024-04-16 11:00:00+09:00,26250.0,26500.0,25650.0,26450.0,130312,0.0,0.0
2024-04-16 12:00:00+09:00,26450.0,26450.0,25350.0,25800.0,127628,0.0,0.0
2024-04-16 13:00:00+09:00,25800.0,26800.0,25700.0,25900.0,130956,0.0,0.0
2024-04-16 14:00:00+09:00,25900.0,26300.0,25400.0,26200.0,112576,0.0,0.0
2024-04-17 09:00:00+09:00,27850.0,29150.0,27500.0,28000.0,858311,0.0,0.0
2024-04-17 10:00:00+09:00,28000.0,28450.0,27150.0,28350.0,205844,0.0,0.0
2024-04-17 11:00:00+09:00,28350.0,29950.0,28150.0,29100.0,1165810,0.0,0.0
2024-04-17 12:00:00+09:00,29050.0,29850.0,28950.0,29200.0,380910,0.0,0.0
2024-04-17 13:00:00+09:00,29200.0,30800.0,29050.0,29900.0,1033132,0.0,0.0
2024-04-17 14:00:00+09:00,29950.0,30650.0,29650.0,30100.0,587726,0.0,0.0
2024-04-18 09:00:00+09:00,32000.0,32200.0,29700.0,30250.0,1557640,0.0,0.0
2024-04-18 10:00:00+09:00,30200.0,30700.0,30150.0,30600.0,168819,0.0,0.0
2024-04-18 11:00:00+09:00,30600.0,31050.0,30400.0,31000.0,292955,0.0,0.0
2024-04-18 12:00:00+09:00,31000.0,31550.0,30350.0,30750.0,501491,0.0,0.0
2024-04-18 13:00:00+09:00,30700.0,30850.0,30400.0,30750.0,105670,0.0,0.0
2024-04-18 14:00:00+09:00,30700.0,31250.0,30600.0,30950.0,251084,0.0,0.0
2024-04-19 09:00:00+09:00,30850.0,30850.0,29100.0,30350.0,401567,0.0,0.0
2024-04-19 10:00:00+09:00,30400.0,30700.0,29000.0,29050.0,210242,0.0,0.0
2024-04-19 11:00:00+09:00,29050.0,29300.0,28000.0,28800.0,249303,0.0,0.0
2024-04-19 12:00:00+09:00,28800.0,29850.0,28550.0,29450.0,132714,0.0,0.0
2024-04-19 13:00:00+09:00,29400.0,29750.0,29200.0,29300.0,80777,0.0,0.0
2024-04-19 14:00:00+09:00,29300.0,29900.0,29300.0,29600.0,80622,0.0,0.0
2024-04-22 09:00:00+09:00,28500.0,28800.0,26550.0,26600.0,0,0.0,0.0
2024-04-22 10:00:00+09:00,26550.0,27100.0,26550.0,26750.0,90236,0.0,0.0
2024-04-22 11:00:00+09:00,26750.0,26750.0,26250.0,26450.0,121053,0.0,0.0
2024-04-22 12:00:00+09:00,26400.0,27000.0,26300.0,26550.0,83592,0.0,0.0
2024-04-22 13:00:00+09:00,26550.0,27050.0,26550.0,26900.0,63321,0.0,0.0
2024-04-22 14:00:00+09:00,26900.0,27850.0,26700.0,27550.0,187215,0.0,0.0
2024-04-23 09:00:00+09:00,27700.0,28250.0,27150.0,27700.0,276354,0.0,0.0
2024-04-23 10:00:00+09:00,27700.0,27950.0,26550.0,26700.0,121222,0.0,0.0
2024-04-23 11:00:00+09:00,26700.0,27800.0,26600.0,27050.0,95778,0.0,0.0
2024-04-23 12:00:00+09:00,27100.0,27650.0,27000.0,27400.0,75739,0.0,0.0
2024-04-23 13:00:00+09:00,27350.0,28000.0,27250.0,27500.0,108305,0.0,0.0
2024-04-23 14:00:00+09:00,27500.0,28500.0,27500.0,28100.0,244999,0.0,0.0
2024-04-24 09:00:00+09:00,27200.0,28450.0,27200.0,28100.0,314878,0.0,0.0
2024-04-24 10:00:00+09:00,28100.0,28700.0,27850.0,28500.0,173761,0.0,0.0
2024-04-24 11:00:00+09:00,28500.0,28600.0,28250.0,28300.0,85770,0.0,0.0
2024-04-24 12:00:00+09:00,28300.0,28350.0,28000.0,28100.0,43549,0.0,0.0
2024-04-24 13:00:00+09:00,28050.0,28200.0,27500.0,27800.0,66597,0.0,0.0
2024-04-24 14:00:00+09:00,27800.0,27800.0,25150.0,25600.0,422372,0.0,0.0
2024-04-25 09:00:00+09:00,25350.0,26900.0,24200.0,24450.0,919225,0.0,0.0
2024-04-25 10:00:00+09:00,24500.0,24600.0,23700.0,23950.0,278390,0.0,0.0
2024-04-25 11:00:00+09:00,23950.0,24300.0,23950.0,24150.0,67279,0.0,0.0
2024-04-25 12:00:00+09:00,24150.0,24650.0,24050.0,24100.0,104921,0.0,0.0
2024-04-25 13:00:00+09:00,24100.0,24300.0,23900.0,24000.0,69000,0.0,0.0
2024-04-25 14:00:00+09:00,23950.0,24000.0,23600.0,23750.0,95403,0.0,0.0
2024-04-26 09:00:00+09:00,23900.0,24050.0,23400.0,23600.0,255277,0.0,0.0
2024-04-26 10:00:00+09:00,23600.0,24150.0,23300.0,23650.0,187327,0.0,0.0
2024-04-26 11:00:00+09:00,23550.0,23750.0,23300.0,23400.0,88820,0.0,0.0
2024-04-26 12:00:00+09:00,23400.0,23400.0,22900.0,23050.0,132237,0.0,0.0
2024-04-26 13:00:00+09:00,23050.0,23700.0,23000.0,23700.0,88404,0.0,0.0
2024-04-26 14:00:00+09:00,23700.0,23900.0,23500.0,23750.0,86356,0.0,0.0
2024-04-29 09:00:00+09:00,25050.0,25350.0,24100.0,24300.0,0,0.0,0.0
2024-04-29 10:00:00+09:00,24300.0,30450.0,24100.0,29850.0,3451019,0.0,0.0
2024-04-29 11:00:00+09:00,29800.0,30100.0,28850.0,29200.0,1355100,0.0,0.0
2024-04-29 12:00:00+09:00,29200.0,30350.0,29050.0,30100.0,1061651,0.0,0.0
2024-04-29 13:00:00+09:00,30050.0,31300.0,29800.0,31250.0,2078170,0.0,0.0
2024-04-29 14:00:00+09:00,31250.0,31300.0,30900.0,31300.0,971410,0.0,0.0
2024-04-30 09:00:00+09:00,30400.0,30800.0,29250.0,29550.0,1796357,0.0,0.0
2024-04-30 10:00:00+09:00,29500.0,29800.0,29100.0,29750.0,359951,0.0,0.0
2024-04-30 11:00:00+09:00,29750.0,29850.0,29450.0,29600.0,146421,0.0,0.0
2024-04-30 12:00:00+09:00,29650.0,30000.0,29550.0,29800.0,133889,0.0,0.0
2024-04-30 13:00:00+09:00,29850.0,29950.0,29200.0,29350.0,208285,0.0,0.0
2024-04-30 14:00:00+09:00,29350.0,29600.0,29000.0,29250.0,216390,0.0,0.0
2024-05-02 09:00:00+09:00,29050.0,30000.0,28550.0,29000.0,0,0.0,0.0
2024-05-02 10:00:00+09:00,29050.0,29200.0,28750.0,29100.0,112947,0.0,0.0
2024-05-02 11:00:00+09:00,29150.0,29250.0,28300.0,28850.0,173163,0.0,0.0
2024-05-02 12:00:00+09:00,28800.0,29250.0,28750.0,29150.0,62229,0.0,0.0
2024-05-02 13:00:00+09:00,29200.0,29450.0,28850.0,29400.0,116545,0.0,0.0
2024-05-02 14:00:00+09:00,29450.0,32350.0,29150.0,31850.0,1862501,0.0,0.0
2024-05-03 09:00:00+09:00,35800.0,36700.0,32500.0,34950.0,3795211,0.0,0.0
2024-05-03 10:00:00+09:00,35000.0,35250.0,33200.0,33350.0,880397,0.0,0.0
2024-05-03 11:00:00+09:00,33350.0,33800.0,32850.0,32950.0,223491,0.0,0.0
2024-05-03 12:00:00+09:00,32950.0,33300.0,32650.0,33150.0,134257,0.0,0.0
2024-05-03 13:00:00+09:00,33150.0,33450.0,32600.0,32850.0,166855,0.0,0.0
2024-05-03 14:00:00+09:00,32850.0,33200.0,32250.0,32900.0,307923,0.0,0.0
2024-05-07 09:00:00+09:00,32800.0,34400.0,32050.0,33300.0,0,0.0,0.0
2024-05-07 10:00:00+09:00,33350.0,33600.0,32700.0,33100.0,328749,0.0,0.0
2024-05-07 11:00:00+09:00,33100.0,33350.0,32800.0,33050.0,113148,0.0,0.0
2024-05-07 12:00:00+09:00,33050.0,33500.0,32900.0,33200.0,119158,0.0,0.0
2024-05-07 13:00:00+09:00,33200.0,33350.0,33050.0,33150.0,101664,0.0,0.0
2024-05-07 14:00:00+09:00,33150.0,33350.0,32900.0,33200.0,114578,0.0,0.0
2024-05-08 09:00:00+09:00,32700.0,32700.0,31250.0,31800.0,493362,0.0,0.0
2024-05-08 10:00:00+09:00,31800.0,32650.0,31500.0,32500.0,143038,0.0,0.0
2024-05-08 11:00:00+09:00,32450.0,35500.0,32450.0,34400.0,2240110,0.0,0.0
2024-05-08 12:00:00+09:00,34350.0,34850.0,33550.0,34350.0,669906,0.0,0.0
2024-05-08 13:00:00+09:00,34350.0,34550.0,32000.0,32450.0,657203,0.0,0.0
2024-05-08 14:00:00+09:00,32450.0,33100.0,32150.0,32350.0,300645,0.0,0.0
2024-05-09 09:00:00+09:00,31850.0,32450.0,31350.0,31800.0,315440,0.0,0.0
2024-05-09 10:00:00+09:00,31800.0,32200.0,30650.0,31150.0,254345,0.0,0.0
2024-05-09 11:00:00+09:00,31150.0,31200.0,30650.0,30750.0,121185,0.0,0.0
2024-05-09 12:00:00+09:00,30750.0,31350.0,30750.0,31000.0,78544,0.0,0.0
2024-05-09 13:00:00+09:00,30950.0,31050.0,30800.0,30900.0,59003,0.0,0.0
2024-05-09 14:00:00+09:00,30950.0,31250.0,30450.0,31100.0,168012,0.0,0.0
2024-05-10 09:00:00+09:00,30450.0,31100.0,29800.0,30000.0,297819,0.0,0.0
2024-05-10 10:00:00+09:00,29950.0,30300.0,29800.0,29950.0,93359,0.0,0.0
2024-05-10 11:00:00+09:00,29950.0,29950.0,28700.0,29600.0,264752,0.0,0.0
2024-05-10 12:00:00+09:00,29600.0,29850.0,29550.0,29700.0,47078,0.0,0.0
2024-05-10 13:00:00+09:00,29700.0,30300.0,29700.0,29850.0,90458,0.0,0.0
2024-05-10 14:00:00+09:00,29850.0,30150.0,29550.0,29650.0,86461,0.0,0.0
2024-05-13 09:00:00+09:00,29800.0,30350.0,29050.0,29900.0,0,0.0,0.0
2024-05-13 10:00:00+09:00,29900.0,30200.0,28900.0,29200.0,153516,0.0,0.0
2024-05-13 11:00:00+09:00,29200.0,29400.0,29050.0,29150.0,35620,0.0,0.0
2024-05-13 12:00:00+09:00,29200.0,29250.0,28750.0,28750.0,70817,0.0,0.0
2024-05-13 13:00:00+09:00,28750.0,29100.0,28450.0,28500.0,89378,0.0,0.0
2024-05-13 14:00:00+09:00,28450.0,28800.0,28400.0,28700.0,41910,0.0,0.0
2024-05-14 09:00:00+09:00,28550.0,28900.0,27400.0,27500.0,329234,0.0,0.0
2024-05-14 10:00:00+09:00,27500.0,27750.0,27200.0,27700.0,119630,0.0,0.0
2024-05-14 11:00:00+09:00,27700.0,27850.0,27350.0,27800.0,73110,0.0,0.0
2024-05-14 12:00:00+09:00,27750.0,27950.0,27600.0,27950.0,38375,0.0,0.0
2024-05-14 13:00:00+09:00,27900.0,28050.0,27400.0,27500.0,57789,0.0,0.0
2024-05-14 14:00:00+09:00,27550.0,27900.0,27500.0,27700.0,46095,0.0,0.0
2024-05-16 09:00:00+09:00,27650.0,28350.0,27350.0,27650.0,0,0.0,0.0
2024-05-16 10:00:00+09:00,27700.0,28850.0,27600.0,28800.0,241118,0.0,0.0
2024-05-16 11:00:00+09:00,28850.0,29350.0,28350.0,28650.0,443396,0.0,0.0
2024-05-16 12:00:00+09:00,28600.0,29000.0,28400.0,28650.0,72110,0.0,0.0
2024-05-16 13:00:00+09:00,28650.0,29600.0,28600.0,28650.0,201902,0.0,0.0
2024-05-16 14:00:00+09:00,28600.0,28700.0,27700.0,27750.0,108676,0.0,0.0
2024-05-17 09:00:00+09:00,27900.0,32500.0,26800.0,29650.0,2277120,0.0,0.0
2024-05-17 10:00:00+09:00,29600.0,30550.0,28450.0,28500.0,814054,0.0,0.0
2024-05-17 11:00:00+09:00,28600.0,29400.0,28200.0,29050.0,262445,0.0,0.0
2024-05-17 12:00:00+09:00,29050.0,29200.0,28550.0,28750.0,103740,0.0,0.0
2024-05-17 13:00:00+09:00,28750.0,28950.0,28500.0,28700.0,75781,0.0,0.0
2024-05-17 14:00:00+09:00,28700.0,28950.0,28400.0,28650.0,101037,0.0,0.0
2024-05-20 09:00:00+09:00,28250.0,28250.0,27050.0,27300.0,0,0.0,0.0
2024-05-20 10:00:00+09:00,27300.0,27450.0,26850.0,26950.0,95525,0.0,0.0
2024-05-20 11:00:00+09:00,26950.0,27350.0,26900.0,26950.0,41609,0.0,0.0
2024-05-20 12:00:00+09:00,26900.0,26950.0,26450.0,26600.0,107035,0.0,0.0
2024-05-20 13:00:00+09:00,26600.0,26800.0,26250.0,26300.0,81401,0.0,0.0
2024-05-20 14:00:00+09:00,26400.0,26650.0,26300.0,26450.0,71958,0.0,0.0
2024-05-21 09:00:00+09:00,26800.0,27150.0,26100.0,26100.0,167724,0.0,0.0
2024-05-21 10:00:00+09:00,26100.0,26700.0,25800.0,26300.0,83414,0.0,0.0
2024-05-21 11:00:00+09:00,26300.0,26900.0,26250.0,26750.0,62153,0.0,0.0
2024-05-21 12:00:00+09:00,26750.0,28200.0,26750.0,26950.0,353081,0.0,0.0
2024-05-21 13:00:00+09:00,26900.0,27200.0,26800.0,26950.0,42254,0.0,0.0
2024-05-21 14:00:00+09:00,26900.0,27450.0,26800.0,27400.0,71506,0.0,0.0
2024-05-22 09:00:00+09:00,27100.0,27800.0,26350.0,26900.0,253782,0.0,0.0
2024-05-22 10:00:00+09:00,26900.0,27600.0,26700.0,27300.0,67766,0.0,0.0
2024-05-22 11:00:00+09:00,27300.0,27350.0,27050.0,27300.0,40241,0.0,0.0
2024-05-22 12:00:00+09:00,27300.0,27650.0,27150.0,27300.0,54767,0.0,0.0
2024-05-22 13:00:00+09:00,27350.0,27750.0,27100.0,27100.0,64619,0.0,0.0
2024-05-22 14:00:00+09:00,27100.0,27150.0,25950.0,26150.0,112066,0.0,0.0
2024-05-23 09:00:00+09:00,25700.0,27900.0,24850.0,26250.0,522203,0.0,0.0
2024-05-23 10:00:00+09:00,26300.0,26500.0,25600.0,26200.0,105188,0.0,0.0
2024-05-23 11:00:00+09:00,26200.0,26400.0,25950.0,26300.0,45684,0.0,0.0
2024-05-23 12:00:00+09:00,26350.0,26600.0,25950.0,26050.0,51943,0.0,0.0
2024-05-23 13:00:00+09:00,26000.0,26500.0,25950.0,26350.0,50206,0.0,0.0
2024-05-23 14:00:00+09:00,26400.0,26500.0,25950.0,26050.0,45971,0.0,0.0
2024-05-24 09:00:00+09:00,27850.0,29150.0,26350.0,26950.0,969941,0.0,0.0
2024-05-24 10:00:00+09:00,26950.0,27350.0,26650.0,26750.0,106082,0.0,0.0
2024-05-24 11:00:00+09:00,26700.0,26850.0,26550.0,26650.0,41392,0.0,0.0
2024-05-24 12:00:00+09:00,26600.0,26700.0,26300.0,26400.0,41613,0.0,0.0
2024-05-24 13:00:00+09:00,26350.0,26400.0,26150.0,26350.0,45897,0.0,0.0
2024-05-24 14:00:00+09:00,26350.0,26450.0,25700.0,25900.0,83290,0.0,0.0
2024-05-27 09:00:00+09:00,25850.0,26900.0,25500.0,26600.0,0,0.0,0.0
2024-05-27 10:00:00+09:00,26600.0,30300.0,26300.0,29000.0,3179680,0.0,0.0
2024-05-27 11:00:00+09:00,29000.0,29600.0,28300.0,28850.0,581036,0.0,0.0
2024-05-27 12:00:00+09:00,28850.0,29650.0,28350.0,28450.0,423260,0.0,0.0
2024-05-27 13:00:00+09:00,28400.0,28750.0,27650.0,28150.0,285826,0.0,0.0
2024-05-27 14:00:00+09:00,28150.0,28200.0,27500.0,28150.0,198534,0.0,0.0
2024-05-28 09:00:00+09:00,27500.0,28100.0,27100.0,28050.0,249287,0.0,0.0
2024-05-28 10:00:00+09:00,28000.0,28250.0,27700.0,27750.0,90009,0.0,0.0
2024-05-28 11:00:00+09:00,27750.0,27800.0,27450.0,27800.0,68383,0.0,0.0
2024-05-28 12:00:00+09:00,27750.0,27950.0,27600.0,27650.0,63786,0.0,0.0
2024-05-28 13:00:00+09:00,27650.0,27650.0,27350.0,27550.0,58922,0.0,0.0
2024-05-28 14:00:00+09:00,27550.0,27850.0,27500.0,27700.0,45970,0.0,0.0
2024-05-29 09:00:00+09:00,28250.0,28600.0,27750.0,28300.0,328663,0.0,0.0
2024-05-29 10:00:00+09:00,28200.0,28500.0,27850.0,27950.0,113940,0.0,0.0
2024-05-29 11:00:00+09:00,27950.0,28050.0,27050.0,27200.0,89381,0.0,0.0
2024-05-29 12:00:00+09:00,27200.0,27200.0,26500.0,26750.0,75078,0.0,0.0
2024-05-29 13:00:00+09:00,26750.0,27200.0,26650.0,26750.0,37735,0.0,0.0
2024-05-29 14:00:00+09:00,26750.0,26850.0,26600.0,26650.0,52753,0.0,0.0
2024-05-30 09:00:00+09:00,26600.0,27700.0,25400.0,25600.0,332342,0.0,0.0
2024-05-30 10:00:00+09:00,25600.0,25950.0,25550.0,25750.0,48195,0.0,0.0
2024-05-30 11:00:00+09:00,25850.0,25900.0,25250.0,25250.0,60013,0.0,0.0
2024-05-30 12:00:00+09:00,25250.0,25450.0,25100.0,25250.0,52991,0.0,0.0
2024-05-30 13:00:00+09:00,25250.0,25300.0,24550.0,24800.0,95572,0.0,0.0
2024-05-30 14:00:00+09:00,24800.0,25250.0,24800.0,25000.0,41296,0.0,0.0
2024-05-31 09:00:00+09:00,24600.0,25200.0,24050.0,24600.0,117947,0.0,0.0
2024-05-31 10:00:00+09:00,24600.0,25600.0,24500.0,25500.0,96472,0.0,0.0
2024-05-31 11:00:00+09:00,25550.0,26750.0,25000.0,25850.0,262355,0.0,0.0
2024-05-31 12:00:00+09:00,25850.0,26300.0,25250.0,25300.0,83473,0.0,0.0
2024-05-31 13:00:00+09:00,25250.0,25650.0,24750.0,25400.0,42788,0.0,0.0
2024-05-31 14:00:00+09:00,25400.0,25550.0,25100.0,25300.0,46477,0.0,0.0
2024-06-03 09:00:00+09:00,25500.0,25800.0,24950.0,25050.0,0,0.0,0.0
2024-06-03 10:00:00+09:00,25100.0,25200.0,24500.0,24600.0,81366,0.0,0.0
2024-06-03 11:00:00+09:00,24600.0,24700.0,24500.0,24600.0,26972,0.0,0.0
2024-06-03 12:00:00+09:00,24600.0,24700.0,24450.0,24550.0,27261,0.0,0.0
2024-06-03 13:00:00+09:00,24500.0,24850.0,24500.0,24750.0,17945,0.0,0.0
2024-06-03 14:00:00+09:00,24750.0,24900.0,24600.0,24900.0,26404,0.0,0.0
2024-06-04 09:00:00+09:00,24600.0,24900.0,23750.0,24200.0,107619,0.0,0.0
2024-06-04 10:00:00+09:00,24200.0,24400.0,23950.0,24200.0,30520,0.0,0.0
2024-06-04 11:00:00+09:00,24200.0,24300.0,23900.0,24050.0,21172,0.0,0.0
2024-06-04 12:00:00+09:00,24100.0,24150.0,23950.0,24050.0,15434,0.0,0.0
2024-06-04 13:00:00+09:00,24050.0,24050.0,23900.0,23950.0,14572,0.0,0.0
2024-06-04 14:00:00+09:00,23950.0,24150.0,23450.0,24100.0,84242,0.0,0.0
2024-06-05 09:00:00+09:00,25500.0,26550.0,24700.0,25150.0,566103,0.0,0.0
2024-06-05 10:00:00+09:00,25150.0,25250.0,24500.0,24550.0,102649,0.0,0.0
2024-06-05 11:00:00+09:00,24550.0,24800.0,24300.0,24300.0,58218,0.0,0.0
2024-06-05 12:00:00+09:00,24300.0,24550.0,24250.0,24400.0,27644,0.0,0.0
2024-06-05 13:00:00+09:00,24400.0,24400.0,24000.0,24300.0,56261,0.0,0.0
2024-06-05 14:00:00+09:00,24350.0,24400.0,24100.0,24150.0,36245,0.0,0.0
2024-06-07 09:00:00+09:00,24450.0,25100.0,24350.0,24850.0,0,0.0,0.0
2024-06-07 10:00:00+09:00,24800.0,24950.0,24650.0,24700.0,30939,0.0,0.0
2024-06-07 11:00:00+09:00,24700.0,24700.0,24350.0,24400.0,27972,0.0,0.0
2024-06-07 12:00:00+09:00,24450.0,24650.0,24400.0,24650.0,10630,0.0,0.0
2024-06-07 13:00:00+09:00,24650.0,24700.0,24400.0,24450.0,16260,0.0,0.0
2024-06-07 14:00:00+09:00,24450.0,24600.0,24200.0,24200.0,30723,0.0,0.0
2024-06-10 09:00:00+09:00,24200.0,24950.0,23600.0,24600.0,0,0.0,0.0
2024-06-10 10:00:00+09:00,24550.0,25650.0,24400.0,25300.0,130529,0.0,0.0
2024-06-10 11:00:00+09:00,25300.0,25400.0,24800.0,24900.0,39122,0.0,0.0
2024-06-10 12:00:00+09:00,24850.0,25000.0,24850.0,24850.0,13509,0.0,0.0
2024-06-10 13:00:00+09:00,24800.0,25100.0,24750.0,25050.0,21407,0.0,0.0
2024-06-10 14:00:00+09:00,25100.0,25100.0,24500.0,24800.0,28916,0.0,0.0
2024-06-11 09:00:00+09:00,24750.0,24850.0,24100.0,24200.0,86033,0.0,0.0
2024-06-11 10:00:00+09:00,24200.0,24300.0,24100.0,24200.0,25632,0.0,0.0
2024-06-11 11:00:00+09:00,24150.0,24300.0,24100.0,24150.0,15460,0.0,0.0
2024-06-11 12:00:00+09:00,24150.0,24150.0,24050.0,24100.0,18568,0.0,0.0
2024-06-11 13:00:00+09:00,24100.0,24950.0,24000.0,24850.0,51791,0.0,0.0
2024-06-11 14:00:00+09:00,24850.0,25300.0,24300.0,24550.0,49144,0.0,0.0
2024-06-12 09:00:00+09:00,26100.0,28700.0,25750.0,26600.0,1664874,0.0,0.0
2024-06-12 10:00:00+09:00,26600.0,27150.0,26500.0,26950.0,185901,0.0,0.0
2024-06-12 11:00:00+09:00,26950.0,27150.0,26250.0,26900.0,182109,0.0,0.0
2024-06-12 12:00:00+09:00,26950.0,28000.0,26600.0,27600.0,410416,0.0,0.0
2024-06-12 13:00:00+09:00,27550.0,28400.0,27400.0,28000.0,518901,0.0,0.0
2024-06-12 14:00:00+09:00,28000.0,28850.0,27500.0,27600.0,594100,0.0,0.0
2024-06-13 09:00:00+09:00,28050.0,28300.0,26800.0,27500.0,466411,0.0,0.0
2024-06-13 10:00:00+09:00,27450.0,27450.0,27050.0,27400.0,85792,0.0,0.0
2024-06-13 11:00:00+09:00,27400.0,27400.0,27100.0,27150.0,39685,0.0,0.0
2024-06-13 12:00:00+09:00,27200.0,27300.0,26800.0,27250.0,73280,0.0,0.0
2024-06-13 13:00:00+09:00,27250.0,27450.0,26950.0,27050.0,80739,0.0,0.0
2024-06-13 14:00:00+09:00,27050.0,27450.0,27050.0,27250.0,49791,0.0,0.0
2024-06-14 09:00:00+09:00,26800.0,27000.0,25600.0,25650.0,267459,0.0,0.0
2024-06-14 10:00:00+09:00,25750.0,25800.0,25100.0,25300.0,131300,0.0,0.0
2024-06-14 11:00:00+09:00,25250.0,25650.0,25250.0,25550.0,31742,0.0,0.0
2024-06-14 12:00:00+09:00,25550.0,25600.0,25250.0,25250.0,39642,0.0,0.0
2024-06-14 13:00:00+09:00,25300.0,25700.0,25200.0,25650.0,40995,0.0,0.0
2024-06-14 14:00:00+09:00,25650.0,26600.0,25400.0,26550.0,94216,0.0,0.0
2024-06-17 09:00:00+09:00,26000.0,28250.0,25800.0,27600.0,55922,0.0,0.0
2024-06-17 10:00:00+09:00,27650.0,28500.0,27000.0,27050.0,390709,0.0,0.0
2024-06-17 11:00:00+09:00,27050.0,27550.0,27000.0,27300.0,55339,0.0,0.0
2024-06-17 12:00:00+09:00,27300.0,27600.0,27150.0,27400.0,39156,0.0,0.0
2024-06-17 13:00:00+09:00,27450.0,27650.0,27100.0,27250.0,47600,0.0,0.0
2024-06-17 14:00:00+09:00,27300.0,27300.0,26800.0,26900.0,63383,0.0,0.0
2024-06-18 09:00:00+09:00,27650.0,28250.0,27050.0,27300.0,244646,0.0,0.0
2024-06-18 10:00:00+09:00,27300.0,27500.0,26900.0,26950.0,67890,0.0,0.0
2024-06-18 11:00:00+09:00,26950.0,27350.0,26900.0,27250.0,34070,0.0,0.0
2024-06-18 12:00:00+09:00,27300.0,27350.0,27000.0,27150.0,23521,0.0,0.0
2024-06-18 13:00:00+09:00,27150.0,27300.0,27000.0,27050.0,23272,0.0,0.0
2024-06-18 14:00:00+09:00,27100.0,27150.0,26800.0,26850.0,41063,0.0,0.0
2024-06-19 09:00:00+09:00,27250.0,28050.0,27000.0,27550.0,338638,0.0,0.0
2024-06-19 10:00:00+09:00,27550.0,27650.0,27300.0,27500.0,52453,0.0,0.0
2024-06-19 11:00:00+09:00,27500.0,27800.0,27350.0,27450.0,39248,0.0,0.0
2024-06-19 12:00:00+09:00,27450.0,27450.0,26950.0,27050.0,52421,0.0,0.0
2024-06-19 13:00:00+09:00,27050.0,27200.0,26900.0,27200.0,24137,0.0,0.0
2024-06-19 14:00:00+09:00,27150.0,27200.0,26950.0,27050.0,25739,0.0,0.0
2024-06-20 09:00:00+09:00,27300.0,27500.0,26100.0,26250.0,113758,0.0,0.0
2024-06-20 10:00:00+09:00,26200.0,26350.0,26100.0,26300.0,27482,0.0,0.0
2024-06-20 11:00:00+09:00,26300.0,26500.0,26250.0,26500.0,13154,0.0,0.0
2024-06-20 12:00:00+09:00,26500.0,26550.0,26200.0,26300.0,15399,0.0,0.0
2024-06-20 13:00:00+09:00,26300.0,26300.0,26100.0,26200.0,19010,0.0,0.0
2024-06-20 14:00:00+09:00,26200.0,26300.0,26100.0,26100.0,22139,0.0,0.0
2024-06-21 09:00:00+09:00,25750.0,25800.0,24500.0,24750.0,176236,0.0,0.0
2024-06-21 10:00:00+09:00,24750.0,24800.0,24350.0,24400.0,82183,0.0,0.0
2024-06-21 11:00:00+09:00,24400.0,24500.0,24150.0,24300.0,85783,0.0,0.0
2024-06-21 12:00:00+09:00,24300.0,24400.0,24200.0,24300.0,28650,0.0,0.0
2024-06-21 13:00:00+09:00,24300.0,24350.0,24150.0,24250.0,39591,0.0,0.0
2024-06-21 14:00:00+09:00,24250.0,24350.0,24150.0,24250.0,42133,0.0,0.0
