Datetime,Open,High,Low,Close,Volume,Dividends,Stock Splits
2022-06-23 09:00:00+09:00,6810.0,6960.0,6620.0,6890.0,0,0.0,0.0
2022-06-23 10:00:00+09:00,6880.0,6920.0,6740.0,6760.0,47042,0.0,0.0
2022-06-23 11:00:00+09:00,6760.0,6800.0,6660.0,6720.0,49809,0.0,0.0
2022-06-23 12:00:00+09:00,6730.0,6730.0,6480.0,6540.0,76912,0.0,0.0
2022-06-23 13:00:00+09:00,6540.0,6710.0,6480.0,6620.0,68086,0.0,0.0
2022-06-23 14:00:00+09:00,6620.0,6640.0,6500.0,6500.0,32015,0.0,0.0
2022-06-24 09:00:00+09:00,6500.0,6880.0,6500.0,6840.0,0,0.0,0.0
2022-06-24 10:00:00+09:00,6840.0,6980.0,6790.0,6900.0,111527,0.0,0.0
2022-06-24 11:00:00+09:00,6890.0,7080.0,6870.0,7080.0,123342,0.0,0.0
2022-06-24 12:00:00+09:00,7060.0,7070.0,6910.0,7020.0,67072,0.0,0.0
2022-06-24 13:00:00+09:00,7020.0,7060.0,6970.0,7000.0,61088,0.0,0.0
2022-06-24 14:00:00+09:00,7000.0,7070.0,6940.0,7050.0,60716,0.0,0.0
2022-06-27 09:00:00+09:00,7200.0,7360.0,7160.0,7230.0,0,0.0,0.0
2022-06-27 10:00:00+09:00,7230.0,7330.0,7220.0,7310.0,68555,0.0,0.0
2022-06-27 11:00:00+09:00,7310.0,7350.0,7300.0,7320.0,46229,0.0,0.0
2022-06-27 12:00:00+09:00,7320.0,7380.0,7300.0,7360.0,53539,0.0,0.0
2022-06-27 13:00:00+09:00,7360.0,7430.0,7330.0,7350.0,66414,0.0,0.0
2022-06-27 14:00:00+09:00,7360.0,7360.0,7270.0,7300.0,68113,0.0,0.0
2022-06-28 09:00:00+09:00,7370.0,7410.0,7210.0,7240.0,0,0.0,0.0
2022-06-28 10:00:00+09:00,7240.0,7940.0,7240.0,7600.0,405294,0.0,0.0
2022-06-28 11:00:00+09:00,7600.0,7620.0,7210.0,7250.0,241904,0.0,0.0
2022-06-28 12:00:00+09:00,7240.0,7270.0,7210.0,7260.0,27970,0.0,0.0
2022-06-28 13:00:00+09:00,7260.0,7600.0,7250.0,7300.0,207400,0.0,0.0
2022-06-28 14:00:00+09:00,7300.0,7360.0,7250.0,7300.0,46334,0.0,0.0
2022-06-29 09:00:00+09:00,7220.0,7300.0,7120.0,7270.0,0,0.0,0.0
2022-06-29 10:00:00+09:00,7270.0,7350.0,7200.0,7290.0,51227,0.0,0.0
2022-06-29 11:00:00+09:00,7280.0,7330.0,7270.0,7320.0,21159,0.0,0.0
2022-06-29 12:00:00+09:00,7330.0,7330.0,7270.0,7310.0,24668,0.0,0.0
2022-06-29 13:00:00+09:00,7310.0,7390.0,7310.0,7360.0,56363,0.0,0.0
2022-06-29 14:00:00+09:00,7360.0,7360.0,7280.0,7300.0,22204,0.0,0.0
2022-06-30 09:00:00+09:00,7310.0,7320.0,7130.0,7240.0,0,0.0,0.0
2022-06-30 10:00:00+09:00,7230.0,7230.0,7100.0,7140.0,41935,0.0,0.0
2022-06-30 11:00:00+09:00,7140.0,7190.0,7110.0,7110.0,16971,0.0,0.0
2022-06-30 12:00:00+09:00,7120.0,7160.0,7080.0,7080.0,37584,0.0,0.0
2022-06-30 13:00:00+09:00,7080.0,7140.0,7050.0,7060.0,36723,0.0,0.0
2022-06-30 14:00:00+09:00,7070.0,7100.0,7000.0,7050.0,48520,0.0,0.0
2022-07-01 09:00:00+09:00,7040.0,7230.0,7040.0,7190.0,0,0.0,0.0
2022-07-01 10:00:00+09:00,7190.0,7200.0,7000.0,7050.0,50534,0.0,0.0
2022-07-01 11:00:00+09:00,7050.0,7140.0,7040.0,7100.0,44723,0.0,0.0
2022-07-01 12:00:00+09:00,7100.0,7110.0,6990.0,7000.0,42698,0.0,0.0
2022-07-01 13:00:00+09:00,7000.0,7040.0,6890.0,6920.0,47065,0.0,0.0
2022-07-01 14:00:00+09:00,6910.0,6960.0,6860.0,6960.0,30952,0.0,0.0
2022-07-04 09:00:00+09:00,7010.0,7100.0,6890.0,6940.0,0,0.0,0.0
2022-07-04 10:00:00+09:00,6940.0,7000.0,6810.0,6840.0,45385,0.0,0.0
2022-07-04 11:00:00+09:00,6850.0,6900.0,6780.0,6790.0,27759,0.0,0.0
2022-07-04 12:00:00+09:00,6800.0,6840.0,6690.0,6710.0,25113,0.0,0.0
2022-07-04 13:00:00+09:00,6730.0,6750.0,6630.0,6700.0,24732,0.0,0.0
2022-07-04 14:00:00+09:00,6710.0,6750.0,6660.0,6730.0,18865,0.0,0.0
2022-07-05 09:00:00+09:00,6870.0,7160.0,6870.0,7110.0,0,0.0,0.0
2022-07-05 10:00:00+09:00,7100.0,7180.0,7040.0,7100.0,82920,0.0,0.0
2022-07-05 11:00:00+09:00,7100.0,7130.0,7010.0,7060.0,36208,0.0,0.0
2022-07-05 12:00:00+09:00,7070.0,7100.0,7010.0,7050.0,24445,0.0,0.0
2022-07-05 13:00:00+09:00,7050.0,7110.0,7050.0,7070.0,14869,0.0,0.0
2022-07-05 14:00:00+09:00,7070.0,7130.0,7050.0,7130.0,20984,0.0,0.0
2022-07-06 09:00:00+09:00,7060.0,7250.0,6990.0,7210.0,0,0.0,0.0
2022-07-06 10:00:00+09:00,7210.0,7240.0,7140.0,7180.0,34831,0.0,0.0
2022-07-06 11:00:00+09:00,7170.0,7240.0,7170.0,7200.0,35127,0.0,0.0
2022-07-06 12:00:00+09:00,7230.0,7230.0,7110.0,7180.0,21396,0.0,0.0
2022-07-06 13:00:00+09:00,7180.0,7240.0,7070.0,7080.0,26664,0.0,0.0
2022-07-06 14:00:00+09:00,7120.0,7130.0,7030.0,7050.0,26574,0.0,0.0
2022-07-07 09:00:00+09:00,7160.0,7240.0,7080.0,7090.0,0,0.0,0.0
2022-07-07 10:00:00+09:00,7100.0,7110.0,7050.0,7110.0,23656,0.0,0.0
2022-07-07 11:00:00+09:00,7110.0,7200.0,7070.0,7190.0,31525,0.0,0.0
2022-07-07 12:00:00+09:00,7190.0,7290.0,7180.0,7200.0,66024,0.0,0.0
2022-07-07 13:00:00+09:00,7200.0,7250.0,7200.0,7240.0,26843,0.0,0.0
2022-07-07 14:00:00+09:00,7240.0,7860.0,7220.0,7810.0,1571174,0.0,0.0
2022-07-08 09:00:00+09:00,7470.0,7600.0,7320.0,7400.0,0,0.0,0.0
2022-07-08 10:00:00+09:00,7400.0,7420.0,7350.0,7370.0,84978,0.0,0.0
2022-07-08 11:00:00+09:00,7370.0,7430.0,7370.0,7380.0,36128,0.0,0.0
2022-07-08 12:00:00+09:00,7380.0,7390.0,7330.0,7370.0,44416,0.0,0.0
2022-07-08 13:00:00+09:00,7380.0,7380.0,7310.0,7340.0,48395,0.0,0.0
2022-07-08 14:00:00+09:00,7340.0,7360.0,7260.0,7280.0,73764,0.0,0.0
2022-07-11 09:00:00+09:00,7300.0,7360.0,7110.0,7320.0,0,0.0,0.0
2022-07-11 10:00:00+09:00,7320.0,7360.0,7190.0,7200.0,83464,0.0,0.0
2022-07-11 11:00:00+09:00,7190.0,7270.0,7180.0,7240.0,19410,0.0,0.0
2022-07-11 12:00:00+09:00,7240.0,7270.0,7180.0,7220.0,16937,0.0,0.0
2022-07-11 13:00:00+09:00,7220.0,7230.0,7170.0,7230.0,22052,0.0,0.0
2022-07-11 14:00:00+09:00,7230.0,7230.0,7120.0,7170.0,49209,0.0,0.0
2022-07-12 09:00:00+09:00,6990.0,7270.0,6990.0,7100.0,0,0.0,0.0
2022-07-12 10:00:00+09:00,7090.0,7100.0,6950.0,7010.0,66373,0.0,0.0
2022-07-12 11:00:00+09:00,7020.0,7030.0,6940.0,6940.0,27050,0.0,0.0
2022-07-12 12:00:00+09:00,6940.0,6990.0,6910.0,6960.0,23516,0.0,0.0
2022-07-12 13:00:00+09:00,6960.0,6970.0,6880.0,6890.0,34890,0.0,0.0
2022-07-12 14:00:00+09:00,6880.0,6930.0,6870.0,6910.0,23741,0.0,0.0
2022-07-13 09:00:00+09:00,7050.0,7250.0,6930.0,7200.0,0,0.0,0.0
2022-07-13 10:00:00+09:00,7200.0,7210.0,7070.0,7170.0,86897,0.0,0.0
2022-07-13 11:00:00+09:00,7160.0,7180.0,7060.0,7100.0,25295,0.0,0.0
2022-07-13 12:00:00+09:00,7090.0,7100.0,7050.0,7070.0,20396,0.0,0.0
2022-07-13 13:00:00+09:00,7070.0,7190.0,7060.0,7090.0,50389,0.0,0.0
2022-07-13 14:00:00+09:00,7090.0,7120.0,7050.0,7080.0,32367,0.0,0.0
2022-07-14 09:00:00+09:00,7000.0,7250.0,7000.0,7110.0,0,0.0,0.0
2022-07-14 10:00:00+09:00,7110.0,7180.0,7110.0,7160.0,27235,0.0,0.0
2022-07-14 11:00:00+09:00,7170.0,7170.0,7120.0,7150.0,18198,0.0,0.0
2022-07-14 12:00:00+09:00,7150.0,7210.0,7150.0,7190.0,16992,0.0,0.0
2022-07-14 13:00:00+09:00,7190.0,7210.0,7170.0,7180.0,24146,0.0,0.0
2022-07-14 14:00:00+09:00,7200.0,7210.0,7130.0,7170.0,29398,0.0,0.0
2022-07-15 09:00:00+09:00,7200.0,7230.0,6940.0,6960.0,0,0.0,0.0
2022-07-15 10:00:00+09:00,6960.0,6970.0,6860.0,6900.0,77061,0.0,0.0
2022-07-15 11:00:00+09:00,6910.0,6990.0,6900.0,6970.0,21754,0.0,0.0
2022-07-15 12:00:00+09:00,6970.0,6980.0,6910.0,6970.0,11894,0.0,0.0
2022-07-15 13:00:00+09:00,6970.0,6980.0,6890.0,6900.0,24890,0.0,0.0
2022-07-15 14:00:00+09:00,6900.0,6980.0,6870.0,6940.0,34452,0.0,0.0
2022-07-18 09:00:00+09:00,7010.0,7340.0,7010.0,7220.0,37569,0.0,0.0
2022-07-18 10:00:00+09:00,7220.0,7260.0,7190.0,7230.0,52262,0.0,0.0
2022-07-18 11:00:00+09:00,7230.0,7260.0,7180.0,7200.0,27309,0.0,0.0
2022-07-18 12:00:00+09:00,7200.0,7290.0,7190.0,7280.0,43753,0.0,0.0
2022-07-18 13:00:00+09:00,7280.0,7290.0,7210.0,7290.0,44701,0.0,0.0
2022-07-18 14:00:00+09:00,7280.0,7320.0,7270.0,7320.0,56338,0.0,0.0
2022-07-19 09:00:00+09:00,7240.0,7370.0,7180.0,7340.0,0,0.0,0.0
2022-07-19 10:00:00+09:00,7350.0,7380.0,7310.0,7310.0,29484,0.0,0.0
2022-07-19 11:00:00+09:00,7330.0,7340.0,7310.0,7310.0,12983,0.0,0.0
2022-07-19 12:00:00+09:00,7310.0,7360.0,7290.0,7310.0,21002,0.0,0.0
2022-07-19 13:00:00+09:00,7310.0,7340.0,7280.0,7320.0,20144,0.0,0.0
2022-07-19 14:00:00+09:00,7340.0,7350.0,7300.0,7330.0,23782,0.0,0.0
2022-07-20 09:00:00+09:00,7490.0,7540.0,7400.0,7440.0,0,0.0,0.0
2022-07-20 10:00:00+09:00,7440.0,7470.0,7390.0,7410.0,54828,0.0,0.0
2022-07-20 11:00:00+09:00,7420.0,7420.0,7390.0,7400.0,21891,0.0,0.0
2022-07-20 12:00:00+09:00,7410.0,7430.0,7370.0,7400.0,31533,0.0,0.0
2022-07-20 13:00:00+09:00,7400.0,7410.0,7370.0,7400.0,14736,0.0,0.0
2022-07-20 14:00:00+09:00,7400.0,7400.0,7290.0,7360.0,48932,0.0,0.0
2022-07-21 09:00:00+09:00,7370.0,7980.0,7370.0,7810.0,515434,0.0,0.0
2022-07-21 10:00:00+09:00,7820.0,7840.0,7560.0,7620.0,917087,0.0,0.0
2022-07-21 11:00:00+09:00,7610.0,7650.0,7430.0,7460.0,235987,0.0,0.0
2022-07-21 12:00:00+09:00,7460.0,7540.0,7430.0,7490.0,83306,0.0,0.0
2022-07-21 13:00:00+09:00,7490.0,7500.0,7430.0,7470.0,46269,0.0,0.0
2022-07-21 14:00:00+09:00,7460.0,7490.0,7430.0,7480.0,39559,0.0,0.0
2022-07-22 09:00:00+09:00,7460.0,7490.0,7310.0,7320.0,0,0.0,0.0
2022-07-22 10:00:00+09:00,7320.0,7350.0,7280.0,7350.0,58537,0.0,0.0
2022-07-22 11:00:00+09:00,7340.0,7350.0,7270.0,7280.0,33520,0.0,0.0
2022-07-22 12:00:00+09:00,7270.0,7300.0,7270.0,7300.0,21457,0.0,0.0
2022-07-22 13:00:00+09:00,7300.0,7320.0,7280.0,7310.0,11352,0.0,0.0
2022-07-22 14:00:00+09:00,7300.0,7310.0,7230.0,7240.0,54986,0.0,0.0
2022-07-25 09:00:00+09:00,7230.0,7300.0,7190.0,7210.0,0,0.0,0.0
2022-07-25 10:00:00+09:00,7210.0,7220.0,7150.0,7180.0,23455,0.0,0.0
2022-07-25 11:00:00+09:00,7200.0,7230.0,7180.0,7220.0,7661,0.0,0.0
2022-07-25 12:00:00+09:00,7220.0,7220.0,7180.0,7190.0,10904,0.0,0.0
2022-07-25 13:00:00+09:00,7190.0,7250.0,7190.0,7230.0,21323,0.0,0.0
2022-07-25 14:00:00+09:00,7230.0,7260.0,7190.0,7210.0,23916,0.0,0.0
2022-07-26 09:00:00+09:00,7200.0,7290.0,7180.0,7230.0,0,0.0,0.0
2022-07-26 10:00:00+09:00,7240.0,7250.0,7200.0,7230.0,15268,0.0,0.0
2022-07-26 11:00:00+09:00,7230.0,7230.0,7200.0,7220.0,10587,0.0,0.0
2022-07-26 12:00:00+09:00,7220.0,7230.0,7200.0,7200.0,10504,0.0,0.0
2022-07-26 13:00:00+09:00,7200.0,7300.0,7200.0,7270.0,35763,0.0,0.0
2022-07-26 14:00:00+09:00,7270.0,7280.0,7240.0,7280.0,21094,0.0,0.0
2022-07-27 09:00:00+09:00,7280.0,7370.0,7250.0,7320.0,0,0.0,0.0
2022-07-27 10:00:00+09:00,7320.0,7330.0,7270.0,7300.0,18702,0.0,0.0
2022-07-27 11:00:00+09:00,7310.0,7320.0,7300.0,7310.0,8549,0.0,0.0
2022-07-27 12:00:00+09:00,7310.0,7320.0,7290.0,7300.0,16223,0.0,0.0
2022-07-27 13:00:00+09:00,7300.0,7320.0,7290.0,7300.0,11444,0.0,0.0
2022-07-27 14:00:00+09:00,7320.0,7360.0,7300.0,7330.0,31890,0.0,0.0
2022-07-28 09:00:00+09:00,7450.0,7530.0,7360.0,7360.0,20626,0.0,0.0
2022-07-28 10:00:00+09:00,7360.0,7380.0,7330.0,7370.0,46650,0.0,0.0
2022-07-28 11:00:00+09:00,7370.0,7390.0,7340.0,7340.0,21374,0.0,0.0
2022-07-28 12:00:00+09:00,7340.0,7360.0,7330.0,7330.0,20504,0.0,0.0
2022-07-28 13:00:00+09:00,7330.0,7350.0,7300.0,7320.0,29103,0.0,0.0
2022-07-28 14:00:00+09:00,7320.0,7340.0,7300.0,7320.0,26696,0.0,0.0
2022-07-29 09:00:00+09:00,7390.0,7540.0,7350.0,7470.0,0,0.0,0.0
2022-07-29 10:00:00+09:00,7470.0,7480.0,7440.0,7450.0,28492,0.0,0.0
2022-07-29 11:00:00+09:00,7460.0,7460.0,7400.0,7420.0,33566,0.0,0.0
2022-07-29 12:00:00+09:00,7420.0,7430.0,7390.0,7410.0,20870,0.0,0.0
2022-07-29 13:00:00+09:00,7400.0,7430.0,7400.0,7420.0,13074,0.0,0.0
2022-07-29 14:00:00+09:00,7410.0,7450.0,7400.0,7430.0,21456,0.0,0.0
2022-08-01 09:00:00+09:00,7500.0,7680.0,7470.0,7510.0,13544,0.0,0.0
2022-08-01 10:00:00+09:00,7520.0,7540.0,7480.0,7520.0,43648,0.0,0.0
2022-08-01 11:00:00+09:00,7530.0,7560.0,7520.0,7560.0,30818,0.0,0.0
2022-08-01 12:00:00+09:00,7560.0,7570.0,7520.0,7520.0,31423,0.0,0.0
2022-08-01 13:00:00+09:00,7520.0,7890.0,7500.0,7590.0,975296,0.0,0.0
2022-08-01 14:00:00+09:00,7580.0,7600.0,7510.0,7510.0,76106,0.0,0.0
2022-08-02 09:00:00+09:00,7660.0,8420.0,7640.0,8180.0,3337632,0.0,0.0
2022-08-02 10:00:00+09:00,8170.0,8290.0,7860.0,7890.0,1064027,0.0,0.0
2022-08-02 11:00:00+09:00,7890.0,7940.0,7810.0,7860.0,319636,0.0,0.0
2022-08-02 12:00:00+09:00,7850.0,7900.0,7810.0,7830.0,175686,0.0,0.0
2022-08-02 13:00:00+09:00,7830.0,7960.0,7810.0,7870.0,222981,0.0,0.0
2022-08-02 14:00:00+09:00,7870.0,7900.0,7780.0,7820.0,157329,0.0,0.0
2022-08-03 09:00:00+09:00,7890.0,8050.0,7650.0,7780.0,0,0.0,0.0
2022-08-03 10:00:00+09:00,7790.0,7790.0,7700.0,7770.0,100494,0.0,0.0
2022-08-03 11:00:00+09:00,7770.0,7800.0,7760.0,7770.0,40541,0.0,0.0
2022-08-03 12:00:00+09:00,7770.0,7850.0,7760.0,7850.0,39318,0.0,0.0
2022-08-03 13:00:00+09:00,7850.0,7890.0,7800.0,7840.0,43493,0.0,0.0
2022-08-03 14:00:00+09:00,7840.0,7900.0,7840.0,7860.0,75197,0.0,0.0
2022-08-04 09:00:00+09:00,7950.0,7990.0,7780.0,7830.0,0,0.0,0.0
2022-08-04 10:00:00+09:00,7830.0,7860.0,7780.0,7810.0,65299,0.0,0.0
2022-08-04 11:00:00+09:00,7800.0,7830.0,7770.0,7790.0,51838,0.0,0.0
2022-08-04 12:00:00+09:00,7790.0,7820.0,7770.0,7780.0,21199,0.0,0.0
2022-08-04 13:00:00+09:00,7790.0,7920.0,7770.0,7920.0,72692,0.0,0.0
2022-08-04 14:00:00+09:00,7910.0,7930.0,7870.0,7910.0,96781,0.0,0.0
2022-08-05 09:00:00+09:00,7780.0,7870.0,7540.0,7680.0,0,0.0,0.0
2022-08-05 10:00:00+09:00,7690.0,7740.0,7660.0,7720.0,49152,0.0,0.0
2022-08-05 11:00:00+09:00,7720.0,7750.0,7690.0,7730.0,38814,0.0,0.0
2022-08-05 12:00:00+09:00,7740.0,7740.0,7700.0,7720.0,17075,0.0,0.0
2022-08-05 13:00:00+09:00,7720.0,7750.0,7720.0,7740.0,14907,0.0,0.0
2022-08-05 14:00:00+09:00,7740.0,7750.0,7690.0,7720.0,39984,0.0,0.0
2022-08-08 09:00:00+09:00,7750.0,8030.0,7750.0,7930.0,148867,0.0,0.0
2022-08-08 10:00:00+09:00,7930.0,7940.0,7850.0,7910.0,85365,0.0,0.0
2022-08-08 11:00:00+09:00,7910.0,7930.0,7830.0,7850.0,46158,0.0,0.0
2022-08-08 12:00:00+09:00,7860.0,7880.0,7820.0,7830.0,21084,0.0,0.0
2022-08-08 13:00:00+09:00,7830.0,7840.0,7800.0,7800.0,49012,0.0,0.0
2022-08-08 14:00:00+09:00,7810.0,7840.0,7780.0,7800.0,33567,0.0,0.0
2022-08-09 09:00:00+09:00,7920.0,7920.0,7740.0,7740.0,0,0.0,0.0
2022-08-09 10:00:00+09:00,7740.0,7760.0,7660.0,7670.0,76275,0.0,0.0
2022-08-09 11:00:00+09:00,7670.0,7740.0,7670.0,7730.0,22332,0.0,0.0
2022-08-09 12:00:00+09:00,7730.0,7730.0,7690.0,7720.0,29317,0.0,0.0
2022-08-09 13:00:00+09:00,7720.0,7730.0,7700.0,7720.0,16214,0.0,0.0
2022-08-09 14:00:00+09:00,7730.0,7830.0,7730.0,7820.0,62670,0.0,0.0
2022-08-10 09:00:00+09:00,7800.0,7820.0,7700.0,7740.0,0,0.0,0.0
2022-08-10 10:00:00+09:00,7740.0,7760.0,7730.0,7750.0,35014,0.0,0.0
2022-08-10 11:00:00+09:00,7740.0,7760.0,7740.0,7750.0,15895,0.0,0.0
2022-08-10 12:00:00+09:00,7750.0,7760.0,7740.0,7750.0,15611,0.0,0.0
2022-08-10 13:00:00+09:00,7750.0,7760.0,7730.0,7740.0,17934,0.0,0.0
2022-08-10 14:00:00+09:00,7730.0,7750.0,7690.0,7700.0,57400,0.0,0.0
2022-08-11 09:00:00+09:00,7750.0,7790.0,7680.0,7780.0,0,0.0,0.0
2022-08-11 10:00:00+09:00,7780.0,7820.0,7770.0,7810.0,46259,0.0,0.0
2022-08-11 11:00:00+09:00,7810.0,7850.0,7780.0,7830.0,58842,0.0,0.0
2022-08-11 12:00:00+09:00,7820.0,7840.0,7800.0,7820.0,20736,0.0,0.0
2022-08-11 13:00:00+09:00,7810.0,7850.0,7800.0,7810.0,21306,0.0,0.0
2022-08-11 14:00:00+09:00,7810.0,7840.0,7800.0,7810.0,29160,0.0,0.0
2022-08-12 09:00:00+09:00,7880.0,8140.0,7850.0,7900.0,304255,0.0,0.0
2022-08-12 10:00:00+09:00,7900.0,7910.0,7850.0,7890.0,60147,0.0,0.0
2022-08-12 11:00:00+09:00,7890.0,7930.0,7860.0,7890.0,30341,0.0,0.0
2022-08-12 12:00:00+09:00,7880.0,7920.0,7860.0,7900.0,22297,0.0,0.0
2022-08-12 13:00:00+09:00,7900.0,7920.0,7890.0,7910.0,18177,0.0,0.0
2022-08-12 14:00:00+09:00,7910.0,7930.0,7870.0,7880.0,37386,0.0,0.0
2022-08-16 09:00:00+09:00,7970.0,8100.0,7910.0,7980.0,0,0.0,0.0
2022-08-16 10:00:00+09:00,7970.0,8020.0,7950.0,7980.0,73962,0.0,0.0
2022-08-16 11:00:00+09:00,7980.0,7990.0,7940.0,7950.0,44033,0.0,0.0
2022-08-16 12:00:00+09:00,7960.0,7970.0,7920.0,7930.0,36670,0.0,0.0
2022-08-16 13:00:00+09:00,7930.0,7970.0,7920.0,7960.0,31913,0.0,0.0
2022-08-16 14:00:00+09:00,7970.0,7970.0,7910.0,7920.0,45292,0.0,0.0
2022-08-17 09:00:00+09:00,7950.0,7990.0,7790.0,7930.0,114875,0.0,0.0
2022-08-17 10:00:00+09:00,7930.0,7990.0,7770.0,7820.0,110299,0.0,0.0
2022-08-17 11:00:00+09:00,7830.0,7840.0,7820.0,7840.0,15924,0.0,0.0
2022-08-17 12:00:00+09:00,7830.0,7880.0,7820.0,7870.0,16442,0.0,0.0
2022-08-17 13:00:00+09:00,7870.0,7870.0,7790.0,7800.0,35513,0.0,0.0
2022-08-17 14:00:00+09:00,7800.0,7830.0,7790.0,7810.0,32950,0.0,0.0
2022-08-18 09:00:00+09:00,7770.0,7830.0,7620.0,7820.0,157350,0.0,0.0
2022-08-18 10:00:00+09:00,7820.0,8040.0,7800.0,8000.0,346690,0.0,0.0
2022-08-18 11:00:00+09:00,8000.0,8660.0,7960.0,8030.0,3833075,0.0,0.0
2022-08-18 12:00:00+09:00,8030.0,8060.0,7960.0,8060.0,194106,0.0,0.0
2022-08-18 13:00:00+09:00,8060.0,8060.0,7980.0,8030.0,153940,0.0,0.0
2022-08-18 14:00:00+09:00,8030.0,8030.0,7990.0,8020.0,73370,0.0,0.0
2022-08-19 09:00:00+09:00,8090.0,8120.0,7910.0,7980.0,0,0.0,0.0
2022-08-19 10:00:00+09:00,7980.0,8140.0,7910.0,8050.0,373175,0.0,0.0
2022-08-19 11:00:00+09:00,8050.0,8070.0,8000.0,8020.0,103361,0.0,0.0
2022-08-19 12:00:00+09:00,8010.0,8030.0,7980.0,7990.0,45427,0.0,0.0
2022-08-19 13:00:00+09:00,7990.0,7990.0,7900.0,7920.0,82795,0.0,0.0
2022-08-19 14:00:00+09:00,7920.0,7930.0,7900.0,7900.0,43813,0.0,0.0
2022-08-22 09:00:00+09:00,7780.0,7780.0,7650.0,7700.0,131669,0.0,0.0
2022-08-22 10:00:00+09:00,7700.0,7710.0,7670.0,7680.0,77306,0.0,0.0
2022-08-22 11:00:00+09:00,7680.0,7830.0,7650.0,7670.0,71220,0.0,0.0
2022-08-22 12:00:00+09:00,7670.0,8550.0,7670.0,8550.0,1427128,0.0,0.0
2022-08-22 13:00:00+09:00,8600.0,8640.0,7960.0,8030.0,3440085,0.0,0.0
2022-08-22 14:00:00+09:00,8030.0,8120.0,7750.0,7820.0,526948,0.0,0.0
2022-08-23 09:00:00+09:00,7780.0,7890.0,7650.0,7820.0,299377,0.0,0.0
2022-08-23 10:00:00+09:00,7820.0,7980.0,7820.0,7850.0,196880,0.0,0.0
2022-08-23 11:00:00+09:00,7850.0,7860.0,7800.0,7810.0,53610,0.0,0.0
2022-08-23 12:00:00+09:00,7830.0,7830.0,7780.0,7800.0,42834,0.0,0.0
2022-08-23 13:00:00+09:00,7800.0,7820.0,7740.0,7760.0,69114,0.0,0.0
2022-08-23 14:00:00+09:00,7760.0,7760.0,7690.0,7740.0,63774,0.0,0.0
2022-08-24 09:00:00+09:00,7790.0,7830.0,7740.0,7780.0,98273,0.0,0.0
2022-08-24 10:00:00+09:00,7780.0,7820.0,7710.0,7740.0,60359,0.0,0.0
2022-08-24 11:00:00+09:00,7740.0,7790.0,7710.0,7740.0,39943,0.0,0.0
2022-08-24 12:00:00+09:00,7740.0,7770.0,7710.0,7750.0,29152,0.0,0.0
2022-08-24 13:00:00+09:00,7750.0,7760.0,7720.0,7740.0,26021,0.0,0.0
2022-08-24 14:00:00+09:00,7740.0,7900.0,7710.0,7880.0,125516,0.0,0.0
2022-08-25 09:00:00+09:00,7800.0,7930.0,7800.0,7880.0,172512,0.0,0.0
2022-08-25 10:00:00+09:00,7880.0,7910.0,7880.0,7890.0,48388,0.0,0.0
2022-08-25 11:00:00+09:00,7890.0,7930.0,7860.0,7890.0,64380,0.0,0.0
2022-08-25 12:00:00+09:00,7890.0,7920.0,7880.0,7890.0,17923,0.0,0.0
2022-08-25 13:00:00+09:00,7890.0,7910.0,7880.0,7880.0,27549,0.0,0.0
2022-08-25 14:00:00+09:00,7880.0,8050.0,7860.0,7900.0,219048,0.0,0.0
2022-08-26 09:00:00+09:00,8010.0,8100.0,7930.0,7960.0,0,0.0,0.0
2022-08-26 10:00:00+09:00,7960.0,7960.0,7900.0,7930.0,55101,0.0,0.0
2022-08-26 11:00:00+09:00,7930.0,7930.0,7900.0,7900.0,34937,0.0,0.0
2022-08-26 12:00:00+09:00,7900.0,7920.0,7900.0,7910.0,29289,0.0,0.0
2022-08-26 13:00:00+09:00,7910.0,7920.0,7850.0,7860.0,68990,0.0,0.0
2022-08-26 14:00:00+09:00,7860.0,7860.0,7800.0,7850.0,67775,0.0,0.0
2022-08-29 09:00:00+09:00,7610.0,7680.0,7580.0,7650.0,140869,0.0,0.0
2022-08-29 10:00:00+09:00,7640.0,7660.0,7600.0,7630.0,37726,0.0,0.0
2022-08-29 11:00:00+09:00,7630.0,7650.0,7610.0,7630.0,12606,0.0,0.0
2022-08-29 12:00:00+09:00,7640.0,7640.0,7610.0,7620.0,11980,0.0,0.0
2022-08-29 13:00:00+09:00,7620.0,7630.0,7590.0,7590.0,27671,0.0,0.0
2022-08-29 14:00:00+09:00,7590.0,7630.0,7570.0,7590.0,37098,0.0,0.0
2022-08-30 09:00:00+09:00,7630.0,7640.0,7570.0,7600.0,45911,0.0,0.0
2022-08-30 10:00:00+09:00,7600.0,7640.0,7400.0,7540.0,71512,0.0,0.0
2022-08-30 11:00:00+09:00,7540.0,7580.0,7500.0,7550.0,22712,0.0,0.0
2022-08-30 12:00:00+09:00,7550.0,7610.0,7520.0,7600.0,21397,0.0,0.0
2022-08-30 13:00:00+09:00,7600.0,7620.0,7580.0,7610.0,19278,0.0,0.0
2022-08-30 14:00:00+09:00,7610.0,7640.0,7590.0,7630.0,26349,0.0,0.0
2022-08-31 09:00:00+09:00,7540.0,7700.0,7520.0,7680.0,78903,0.0,0.0
2022-08-31 10:00:00+09:00,7670.0,7800.0,7620.0,7650.0,134903,0.0,0.0
2022-08-31 11:00:00+09:00,7650.0,7670.0,7630.0,7660.0,12230,0.0,0.0
2022-08-31 12:00:00+09:00,7660.0,7690.0,7650.0,7670.0,17772,0.0,0.0
2022-08-31 13:00:00+09:00,7680.0,7700.0,7650.0,7660.0,23500,0.0,0.0
2022-08-31 14:00:00+09:00,7660.0,7680.0,7620.0,7640.0,29275,0.0,0.0
2022-09-01 09:00:00+09:00,7650.0,7650.0,7560.0,7570.0,53207,0.0,0.0
2022-09-01 10:00:00+09:00,7570.0,7590.0,7510.0,7510.0,46585,0.0,0.0
2022-09-01 11:00:00+09:00,7510.0,7560.0,7490.0,7530.0,40971,0.0,0.0
2022-09-01 12:00:00+09:00,7550.0,7570.0,7490.0,7500.0,21787,0.0,0.0
2022-09-01 13:00:00+09:00,7510.0,7510.0,7480.0,7500.0,28617,0.0,0.0
2022-09-01 14:00:00+09:00,7490.0,7550.0,7480.0,7490.0,24774,0.0,0.0
2022-09-02 09:00:00+09:00,7490.0,7500.0,7350.0,7450.0,57482,0.0,0.0
2022-09-02 10:00:00+09:00,7450.0,7470.0,7410.0,7450.0,21920,0.0,0.0
2022-09-02 11:00:00+09:00,7460.0,7470.0,7370.0,7370.0,43000,0.0,0.0
2022-09-02 12:00:00+09:00,7370.0,7440.0,7370.0,7430.0,13669,0.0,0.0
2022-09-02 13:00:00+09:00,7430.0,7440.0,7400.0,7430.0,5597,0.0,0.0
2022-09-02 14:00:00+09:00,7410.0,7420.0,7360.0,7410.0,18881,0.0,0.0
2022-09-05 09:00:00+09:00,7400.0,7500.0,7300.0,7340.0,47368,0.0,0.0
2022-09-05 10:00:00+09:00,7340.0,7350.0,7200.0,7250.0,61597,0.0,0.0
2022-09-05 11:00:00+09:00,7250.0,7250.0,7150.0,7160.0,23363,0.0,0.0
2022-09-05 12:00:00+09:00,7160.0,7160.0,7100.0,7130.0,40413,0.0,0.0
2022-09-05 13:00:00+09:00,7120.0,7130.0,6960.0,6990.0,101190,0.0,0.0
2022-09-05 14:00:00+09:00,7010.0,7050.0,6970.0,6980.0,46717,0.0,0.0
2022-09-06 09:00:00+09:00,7090.0,7170.0,7050.0,7090.0,55216,0.0,0.0
2022-09-06 10:00:00+09:00,7090.0,7100.0,7010.0,7010.0,32798,0.0,0.0
2022-09-06 11:00:00+09:00,7010.0,7060.0,7000.0,7060.0,14124,0.0,0.0
2022-09-06 12:00:00+09:00,7050.0,7060.0,7020.0,7030.0,8493,0.0,0.0
2022-09-06 13:00:00+09:00,7030.0,7040.0,7010.0,7040.0,7197,0.0,0.0
2022-09-06 14:00:00+09:00,7040.0,7050.0,7020.0,7040.0,7921,0.0,0.0
2022-09-07 09:00:00+09:00,7020.0,7050.0,6800.0,6870.0,76024,0.0,0.0
2022-09-07 10:00:00+09:00,6860.0,6880.0,6800.0,6820.0,22521,0.0,0.0
2022-09-07 11:00:00+09:00,6840.0,6850.0,6760.0,6780.0,24805,0.0,0.0
2022-09-07 12:00:00+09:00,6780.0,6810.0,6750.0,6800.0,14128,0.0,0.0
2022-09-07 13:00:00+09:00,6800.0,6820.0,6750.0,6760.0,21760,0.0,0.0
2022-09-07 14:00:00+09:00,6760.0,6790.0,6750.0,6780.0,19464,0.0,0.0
2022-09-08 09:00:00+09:00,7040.0,7480.0,7010.0,7460.0,628197,0.0,0.0
2022-09-08 10:00:00+09:00,7450.0,7950.0,7430.0,7450.0,2766591,0.0,0.0
2022-09-08 11:00:00+09:00,7460.0,7720.0,7450.0,7520.0,651177,0.0,0.0
2022-09-08 12:00:00+09:00,7520.0,7630.0,7440.0,7440.0,319301,0.0,0.0
2022-09-08 13:00:00+09:00,7440.0,7490.0,7400.0,7450.0,156364,0.0,0.0
2022-09-08 14:00:00+09:00,7450.0,7490.0,7380.0,7410.0,148732,0.0,0.0
2022-09-13 09:00:00+09:00,7520.0,7800.0,7470.0,7690.0,0,0.0,0.0
2022-09-13 10:00:00+09:00,7680.0,7770.0,7640.0,7740.0,187442,0.0,0.0
2022-09-13 11:00:00+09:00,7740.0,7750.0,7670.0,7700.0,73782,0.0,0.0
2022-09-13 12:00:00+09:00,7720.0,7760.0,7690.0,7720.0,47278,0.0,0.0
2022-09-13 13:00:00+09:00,7720.0,7740.0,7680.0,7730.0,44234,0.0,0.0
2022-09-13 14:00:00+09:00,7730.0,7800.0,7730.0,7780.0,105508,0.0,0.0
2022-09-14 09:00:00+09:00,7520.0,7850.0,7430.0,7830.0,494447,0.0,0.0
2022-09-14 10:00:00+09:00,7830.0,7830.0,7670.0,7720.0,159825,0.0,0.0
2022-09-14 11:00:00+09:00,7740.0,7750.0,7610.0,7670.0,79687,0.0,0.0
2022-09-14 12:00:00+09:00,7670.0,7680.0,7610.0,7610.0,39870,0.0,0.0
2022-09-14 13:00:00+09:00,7600.0,7680.0,7600.0,7670.0,90385,0.0,0.0
2022-09-14 14:00:00+09:00,7670.0,7710.0,7660.0,7670.0,47830,0.0,0.0
2022-09-15 09:00:00+09:00,7910.0,7910.0,7690.0,7730.0,222738,0.0,0.0
2022-09-15 10:00:00+09:00,7720.0,7770.0,7660.0,7770.0,125696,0.0,0.0
2022-09-15 11:00:00+09:00,7760.0,7840.0,7760.0,7800.0,122527,0.0,0.0
2022-09-15 12:00:00+09:00,7790.0,7800.0,7680.0,7690.0,54719,0.0,0.0
2022-09-15 13:00:00+09:00,7680.0,7690.0,7610.0,7650.0,73288,0.0,0.0
2022-09-15 14:00:00+09:00,7650.0,7650.0,7580.0,7590.0,58418,0.0,0.0
2022-09-16 09:00:00+09:00,7600.0,7780.0,7580.0,7610.0,246987,0.0,0.0
2022-09-16 10:00:00+09:00,7610.0,7700.0,7590.0,7630.0,50352,0.0,0.0
2022-09-16 11:00:00+09:00,7630.0,7650.0,7570.0,7580.0,54401,0.0,0.0
2022-09-16 12:00:00+09:00,7580.0,7580.0,7520.0,7540.0,47569,0.0,0.0
2022-09-16 13:00:00+09:00,7530.0,7570.0,7450.0,7520.0,56381,0.0,0.0
2022-09-16 14:00:00+09:00,7530.0,7570.0,7460.0,7470.0,28601,0.0,0.0
2022-09-19 09:00:00+09:00,7600.0,7760.0,7480.0,7660.0,365988,0.0,0.0
2022-09-19 10:00:00+09:00,7660.0,7700.0,7560.0,7580.0,72753,0.0,0.0
2022-09-19 11:00:00+09:00,7570.0,7590.0,7430.0,7480.0,68926,0.0,0.0
2022-09-19 12:00:00+09:00,7480.0,7520.0,7430.0,7460.0,36969,0.0,0.0
2022-09-19 13:00:00+09:00,7460.0,7650.0,7440.0,7500.0,79793,0.0,0.0
2022-09-19 14:00:00+09:00,7520.0,7520.0,7320.0,7330.0,57480,0.0,0.0
2022-09-20 09:00:00+09:00,7420.0,7650.0,7400.0,7620.0,188700,0.0,0.0
2022-09-20 10:00:00+09:00,7630.0,7700.0,7540.0,7630.0,119680,0.0,0.0
2022-09-20 11:00:00+09:00,7630.0,7730.0,7580.0,7700.0,121525,0.0,0.0
2022-09-20 12:00:00+09:00,7700.0,7770.0,7670.0,7730.0,97898,0.0,0.0
2022-09-20 13:00:00+09:00,7730.0,7790.0,7680.0,7680.0,98162,0.0,0.0
2022-09-20 14:00:00+09:00,7680.0,7760.0,7610.0,7720.0,167730,0.0,0.0
2022-09-21 09:00:00+09:00,7700.0,7820.0,7620.0,7660.0,325157,0.0,0.0
2022-09-21 10:00:00+09:00,7670.0,7720.0,7630.0,7680.0,79921,0.0,0.0
2022-09-21 11:00:00+09:00,7690.0,7750.0,7670.0,7750.0,27093,0.0,0.0
2022-09-21 12:00:00+09:00,7750.0,7850.0,7700.0,7840.0,103906,0.0,0.0
2022-09-21 13:00:00+09:00,7840.0,7880.0,7740.0,7810.0,119407,0.0,0.0
2022-09-21 14:00:00+09:00,7800.0,7860.0,7780.0,7840.0,82592,0.0,0.0
2022-09-22 09:00:00+09:00,7750.0,7910.0,7710.0,7800.0,235335,0.0,0.0
2022-09-22 10:00:00+09:00,7810.0,7860.0,7700.0,7730.0,119291,0.0,0.0
2022-09-22 11:00:00+09:00,7730.0,7850.0,7730.0,7840.0,46375,0.0,0.0
2022-09-22 12:00:00+09:00,7840.0,7840.0,7800.0,7830.0,19404,0.0,0.0
2022-09-22 13:00:00+09:00,7820.0,7880.0,7770.0,7880.0,50570,0.0,0.0
2022-09-22 14:00:00+09:00,7870.0,7980.0,7870.0,7940.0,185457,0.0,0.0
2022-09-23 09:00:00+09:00,7980.0,7980.0,7780.0,7800.0,207793,0.0,0.0
2022-09-23 10:00:00+09:00,7810.0,7820.0,7700.0,7790.0,109964,0.0,0.0
2022-09-23 11:00:00+09:00,7790.0,7820.0,7710.0,7720.0,40657,0.0,0.0
2022-09-23 12:00:00+09:00,7720.0,7780.0,7630.0,7660.0,76964,0.0,0.0
2022-09-23 13:00:00+09:00,7660.0,7770.0,7630.0,7670.0,49525,0.0,0.0
2022-09-23 14:00:00+09:00,7670.0,7700.0,7540.0,7550.0,90368,0.0,0.0
2022-09-26 09:00:00+09:00,7520.0,7600.0,7250.0,7250.0,0,0.0,0.0
2022-09-26 10:00:00+09:00,7250.0,7280.0,7120.0,7200.0,88494,0.0,0.0
2022-09-26 11:00:00+09:00,7200.0,7270.0,7130.0,7130.0,47226,0.0,0.0
2022-09-26 12:00:00+09:00,7140.0,7170.0,6830.0,6990.0,96292,0.0,0.0
2022-09-26 13:00:00+09:00,6990.0,7010.0,6860.0,6960.0,87881,0.0,0.0
2022-09-26 14:00:00+09:00,6960.0,6980.0,6860.0,6960.0,111076,0.0,0.0
2022-09-27 09:00:00+09:00,6820.0,6980.0,6770.0,6950.0,141963,0.0,0.0
2022-09-27 10:00:00+09:00,6940.0,6980.0,6760.0,6770.0,72563,0.0,0.0
2022-09-27 11:00:00+09:00,6780.0,6790.0,6700.0,6710.0,42059,0.0,0.0
2022-09-27 12:00:00+09:00,6720.0,6720.0,6180.0,6630.0,165472,0.0,0.0
2022-09-27 13:00:00+09:00,6630.0,6670.0,6580.0,6580.0,19148,0.0,0.0
2022-09-27 14:00:00+09:00,6610.0,6630.0,6510.0,6630.0,48113,0.0,0.0
2022-09-28 09:00:00+09:00,6660.0,6710.0,6400.0,6610.0,115365,0.0,0.0
2022-09-28 10:00:00+09:00,6610.0,6650.0,6340.0,6340.0,115084,0.0,0.0
2022-09-28 11:00:00+09:00,6340.0,6370.0,6180.0,6240.0,119504,0.0,0.0
2022-09-28 12:00:00+09:00,6240.0,6260.0,6180.0,6240.0,46330,0.0,0.0
2022-09-28 13:00:00+09:00,6250.0,6250.0,6130.0,6180.0,74776,0.0,0.0
2022-09-28 14:00:00+09:00,6180.0,6260.0,6110.0,6230.0,61281,0.0,0.0
2022-09-29 09:00:00+09:00,6260.0,6380.0,6200.0,6260.0,101376,0.0,0.0
2022-09-29 10:00:00+09:00,6270.0,6340.0,6250.0,6260.0,40000,0.0,0.0
2022-09-29 11:00:00+09:00,6270.0,6270.0,6120.0,6130.0,36491,0.0,0.0
2022-09-29 12:00:00+09:00,6130.0,6170.0,6010.0,6160.0,46860,0.0,0.0
2022-09-29 13:00:00+09:00,6150.0,6210.0,6110.0,6160.0,13745,0.0,0.0
2022-09-29 14:00:00+09:00,6160.0,6160.0,6030.0,6030.0,32579,0.0,0.0
2022-09-30 09:00:00+09:00,5760.0,6010.0,5760.0,5880.0,125622,0.0,0.0
2022-09-30 10:00:00+09:00,5880.0,5970.0,5810.0,5950.0,44720,0.0,0.0
2022-09-30 11:00:00+09:00,5930.0,5950.0,5830.0,5950.0,32624,0.0,0.0
2022-09-30 12:00:00+09:00,5950.0,5950.0,5850.0,5890.0,16982,0.0,0.0
2022-09-30 13:00:00+09:00,5850.0,5880.0,5820.0,5880.0,24655,0.0,0.0
2022-09-30 14:00:00+09:00,5870.0,5940.0,5840.0,5890.0,27382,0.0,0.0
2022-10-04 09:00:00+09:00,6010.0,6070.0,5960.0,6030.0,79162,0.0,0.0
2022-10-04 10:00:00+09:00,6030.0,6070.0,6000.0,6050.0,25061,0.0,0.0
2022-10-04 11:00:00+09:00,6050.0,6060.0,5980.0,6020.0,28429,0.0,0.0
2022-10-04 12:00:00+09:00,6020.0,6070.0,6010.0,6060.0,14913,0.0,0.0
2022-10-04 13:00:00+09:00,6060.0,6090.0,6040.0,6070.0,21830,0.0,0.0
2022-10-04 14:00:00+09:00,6060.0,6100.0,6060.0,6080.0,16137,0.0,0.0
2022-10-05 09:00:00+09:00,6280.0,6350.0,6100.0,6100.0,150474,0.0,0.0
2022-10-05 10:00:00+09:00,6140.0,6160.0,5990.0,6010.0,46426,0.0,0.0
2022-10-05 11:00:00+09:00,6010.0,6030.0,5940.0,6020.0,34046,0.0,0.0
2022-10-05 12:00:00+09:00,6020.0,6030.0,5970.0,5990.0,13373,0.0,0.0
2022-10-05 13:00:00+09:00,5990.0,6000.0,5960.0,5980.0,26110,0.0,0.0
2022-10-05 14:00:00+09:00,5970.0,6050.0,5970.0,6020.0,14344,0.0,0.0
2022-10-06 09:00:00+09:00,6110.0,6310.0,6110.0,6230.0,136902,0.0,0.0
2022-10-06 10:00:00+09:00,6230.0,6310.0,6220.0,6270.0,37540,0.0,0.0
2022-10-06 11:00:00+09:00,6270.0,6300.0,6260.0,6260.0,24740,0.0,0.0
2022-10-06 12:00:00+09:00,6280.0,6290.0,6260.0,6270.0,9729,0.0,0.0
2022-10-06 13:00:00+09:00,6270.0,6300.0,6240.0,6300.0,16731,0.0,0.0
2022-10-06 14:00:00+09:00,6300.0,6330.0,6280.0,6310.0,31747,0.0,0.0
2022-10-07 09:00:00+09:00,6250.0,6400.0,6190.0,6240.0,92776,0.0,0.0
2022-10-07 10:00:00+09:00,6260.0,6390.0,6230.0,6350.0,62241,0.0,0.0
2022-10-07 11:00:00+09:00,6340.0,6370.0,6320.0,6370.0,22701,0.0,0.0
2022-10-07 12:00:00+09:00,6360.0,6360.0,6300.0,6320.0,19816,0.0,0.0
2022-10-07 13:00:00+09:00,6310.0,6330.0,6250.0,6300.0,35440,0.0,0.0
2022-10-07 14:00:00+09:00,6300.0,6310.0,6260.0,6300.0,17649,0.0,0.0
2022-10-11 09:00:00+09:00,6140.0,6180.0,5990.0,6080.0,74687,0.0,0.0
2022-10-11 10:00:00+09:00,6080.0,6080.0,5940.0,5940.0,48576,0.0,0.0
2022-10-11 11:00:00+09:00,5950.0,5990.0,5890.0,5890.0,38204,0.0,0.0
2022-10-11 12:00:00+09:00,5890.0,6010.0,5870.0,5940.0,42429,0.0,0.0
2022-10-11 13:00:00+09:00,5930.0,5970.0,5850.0,5880.0,28513,0.0,0.0
2022-10-11 14:00:00+09:00,5890.0,5940.0,5870.0,5890.0,21068,0.0,0.0
2022-10-12 09:00:00+09:00,5820.0,6000.0,5700.0,5970.0,0,0.0,0.0
2022-10-12 10:00:00+09:00,5970.0,5980.0,5770.0,5770.0,25939,0.0,0.0
2022-10-12 11:00:00+09:00,5780.0,5850.0,5760.0,5780.0,19994,0.0,0.0
2022-10-12 12:00:00+09:00,5780.0,5820.0,5760.0,5800.0,9613,0.0,0.0
2022-10-12 13:00:00+09:00,5800.0,5870.0,5790.0,5830.0,12849,0.0,0.0
2022-10-12 14:00:00+09:00,5830.0,5850.0,5750.0,5780.0,32869,0.0,0.0
2022-10-13 09:00:00+09:00,5820.0,5850.0,5420.0,5460.0,0,0.0,0.0
2022-10-13 10:00:00+09:00,5460.0,5490.0,5370.0,5430.0,51981,0.0,0.0
2022-10-13 11:00:00+09:00,5430.0,5460.0,5390.0,5440.0,15799,0.0,0.0
2022-10-13 12:00:00+09:00,5440.0,5490.0,5400.0,5460.0,25296,0.0,0.0
2022-10-13 13:00:00+09:00,5480.0,5490.0,5400.0,5420.0,14059,0.0,0.0
2022-10-13 14:00:00+09:00,5420.0,5440.0,5380.0,5420.0,29998,0.0,0.0
2022-10-14 09:00:00+09:00,5600.0,5650.0,5510.0,5570.0,0,0.0,0.0
2022-10-14 10:00:00+09:00,5580.0,5680.0,5550.0,5660.0,51331,0.0,0.0
2022-10-14 11:00:00+09:00,5660.0,5690.0,5650.0,5660.0,20566,0.0,0.0
2022-10-14 12:00:00+09:00,5660.0,5740.0,5660.0,5730.0,35085,0.0,0.0
2022-10-14 13:00:00+09:00,5740.0,5770.0,5710.0,5740.0,20625,0.0,0.0
2022-10-14 14:00:00+09:00,5740.0,5760.0,5710.0,5740.0,14798,0.0,0.0
2022-10-17 09:00:00+09:00,5600.0,5790.0,5560.0,5750.0,0,0.0,0.0
2022-10-17 10:00:00+09:00,5750.0,5850.0,5750.0,5850.0,31709,0.0,0.0
2022-10-17 11:00:00+09:00,5850.0,5910.0,5810.0,5890.0,19403,0.0,0.0
2022-10-17 12:00:00+09:00,5890.0,5890.0,5830.0,5840.0,15521,0.0,0.0
2022-10-17 13:00:00+09:00,5840.0,5860.0,5820.0,5860.0,9307,0.0,0.0
2022-10-17 14:00:00+09:00,5860.0,5900.0,5860.0,5870.0,15393,0.0,0.0
2022-10-18 09:00:00+09:00,5920.0,6080.0,5920.0,6020.0,0,0.0,0.0
2022-10-18 10:00:00+09:00,6020.0,6040.0,5950.0,5980.0,20496,0.0,0.0
2022-10-18 11:00:00+09:00,5980.0,6000.0,5920.0,5950.0,19288,0.0,0.0
2022-10-18 12:00:00+09:00,5950.0,6000.0,5940.0,5990.0,7702,0.0,0.0
2022-10-18 13:00:00+09:00,5990.0,6070.0,5980.0,6050.0,20506,0.0,0.0
2022-10-18 14:00:00+09:00,6060.0,6060.0,5940.0,5990.0,51832,0.0,0.0
2022-10-19 09:00:00+09:00,6090.0,6100.0,5970.0,6070.0,0,0.0,0.0
2022-10-19 10:00:00+09:00,6080.0,6130.0,6060.0,6110.0,37936,0.0,0.0
2022-10-19 11:00:00+09:00,6100.0,6110.0,6070.0,6100.0,13254,0.0,0.0
2022-10-19 12:00:00+09:00,6100.0,6110.0,6070.0,6090.0,14077,0.0,0.0
2022-10-19 13:00:00+09:00,6090.0,6100.0,6020.0,6040.0,16752,0.0,0.0
2022-10-19 14:00:00+09:00,6040.0,6060.0,5970.0,5990.0,24364,0.0,0.0
2022-10-20 09:00:00+09:00,5960.0,6090.0,5950.0,6000.0,0,0.0,0.0
2022-10-20 10:00:00+09:00,5990.0,6010.0,5590.0,5930.0,34922,0.0,0.0
2022-10-20 11:00:00+09:00,5910.0,5950.0,5880.0,5950.0,13704,0.0,0.0
2022-10-20 12:00:00+09:00,5940.0,5950.0,5880.0,5910.0,3834,0.0,0.0
2022-10-20 13:00:00+09:00,5910.0,5940.0,5830.0,5940.0,20525,0.0,0.0
2022-10-20 14:00:00+09:00,5940.0,6020.0,5910.0,6000.0,27046,0.0,0.0
2022-10-21 09:00:00+09:00,6260.0,6600.0,6090.0,6270.0,80025,0.0,0.0
2022-10-21 10:00:00+09:00,6270.0,6290.0,6120.0,6190.0,77529,0.0,0.0
2022-10-21 11:00:00+09:00,6190.0,6220.0,6150.0,6180.0,12752,0.0,0.0
2022-10-21 12:00:00+09:00,6180.0,6220.0,6170.0,6170.0,18476,0.0,0.0
2022-10-21 13:00:00+09:00,6170.0,6180.0,6130.0,6140.0,24012,0.0,0.0
2022-10-21 14:00:00+09:00,6140.0,6200.0,6120.0,6140.0,31760,0.0,0.0
2022-10-24 09:00:00+09:00,6440.0,6490.0,6340.0,6400.0,0,0.0,0.0
2022-10-24 10:00:00+09:00,6400.0,6400.0,6350.0,6370.0,55436,0.0,0.0
2022-10-24 11:00:00+09:00,6370.0,6370.0,6320.0,6330.0,30943,0.0,0.0
2022-10-24 12:00:00+09:00,6330.0,6330.0,6270.0,6280.0,39925,0.0,0.0
2022-10-24 13:00:00+09:00,6280.0,6370.0,6270.0,6370.0,25836,0.0,0.0
2022-10-24 14:00:00+09:00,6360.0,6370.0,6310.0,6320.0,27810,0.0,0.0
2022-10-25 09:00:00+09:00,6400.0,6440.0,6310.0,6360.0,0,0.0,0.0
2022-10-25 10:00:00+09:00,6350.0,6390.0,6250.0,6320.0,52971,0.0,0.0
2022-10-25 11:00:00+09:00,6320.0,6340.0,6260.0,6270.0,32384,0.0,0.0
2022-10-25 12:00:00+09:00,6270.0,6300.0,6260.0,6270.0,12252,0.0,0.0
2022-10-25 13:00:00+09:00,6270.0,6310.0,6260.0,6300.0,18789,0.0,0.0
2022-10-25 14:00:00+09:00,6300.0,6310.0,6280.0,6280.0,11437,0.0,0.0
2022-10-26 09:00:00+09:00,6270.0,6310.0,6150.0,6180.0,0,0.0,0.0
2022-10-26 10:00:00+09:00,6180.0,6210.0,6120.0,6180.0,31508,0.0,0.0
2022-10-26 11:00:00+09:00,6180.0,6200.0,6140.0,6180.0,11883,0.0,0.0
2022-10-26 12:00:00+09:00,6170.0,6170.0,6130.0,6130.0,8174,0.0,0.0
2022-10-26 13:00:00+09:00,6140.0,6150.0,6070.0,6110.0,24538,0.0,0.0
2022-10-26 14:00:00+09:00,6110.0,6220.0,6090.0,6110.0,32766,0.0,0.0
2022-10-27 09:00:00+09:00,6110.0,6190.0,6070.0,6100.0,0,0.0,0.0
2022-10-27 10:00:00+09:00,6110.0,6160.0,6110.0,6160.0,18388,0.0,0.0
2022-10-27 11:00:00+09:00,6170.0,6190.0,6160.0,6180.0,18084,0.0,0.0
2022-10-27 12:00:00+09:00,6190.0,6200.0,6140.0,6160.0,6813,0.0,0.0
2022-10-27 13:00:00+09:00,6170.0,6220.0,6150.0,6210.0,19863,0.0,0.0
2022-10-27 14:00:00+09:00,6220.0,6230.0,6180.0,6190.0,16737,0.0,0.0
2022-10-28 09:00:00+09:00,6240.0,6240.0,6050.0,6180.0,0,0.0,0.0
2022-10-28 10:00:00+09:00,6160.0,6210.0,6150.0,6200.0,27433,0.0,0.0
2022-10-28 11:00:00+09:00,6190.0,6200.0,6160.0,6180.0,18495,0.0,0.0
2022-10-28 12:00:00+09:00,6180.0,6190.0,6160.0,6180.0,8548,0.0,0.0
2022-10-28 13:00:00+09:00,6180.0,6180.0,6130.0,6140.0,15759,0.0,0.0
2022-10-28 14:00:00+09:00,6130.0,6160.0,6090.0,6100.0,36645,0.0,0.0
2022-10-31 09:00:00+09:00,6180.0,6180.0,6100.0,6150.0,0,0.0,0.0
2022-10-31 10:00:00+09:00,6150.0,6190.0,6110.0,6170.0,25343,0.0,0.0
2022-10-31 11:00:00+09:00,6170.0,6180.0,6130.0,6140.0,7474,0.0,0.0
2022-10-31 12:00:00+09:00,6140.0,6170.0,6130.0,6160.0,11174,0.0,0.0
2022-10-31 13:00:00+09:00,6160.0,6160.0,6130.0,6150.0,5744,0.0,0.0
2022-10-31 14:00:00+09:00,6150.0,6170.0,6140.0,6160.0,11225,0.0,0.0
2022-11-01 09:00:00+09:00,6110.0,6270.0,6100.0,6210.0,0,0.0,0.0
2022-11-01 10:00:00+09:00,6220.0,6260.0,6210.0,6240.0,30355,0.0,0.0
2022-11-01 11:00:00+09:00,6240.0,6280.0,6230.0,6250.0,28359,0.0,0.0
2022-11-01 12:00:00+09:00,6250.0,6260.0,6220.0,6240.0,13300,0.0,0.0
2022-11-01 13:00:00+09:00,6240.0,6270.0,6230.0,6240.0,13559,0.0,0.0
2022-11-01 14:00:00+09:00,6240.0,6310.0,6230.0,6300.0,39897,0.0,0.0
2022-11-02 09:00:00+09:00,6290.0,6300.0,6200.0,6240.0,0,0.0,0.0
2022-11-02 10:00:00+09:00,6240.0,6260.0,6210.0,6220.0,13218,0.0,0.0
2022-11-02 11:00:00+09:00,6220.0,6230.0,6170.0,6220.0,23420,0.0,0.0
2022-11-02 12:00:00+09:00,6230.0,6230.0,6190.0,6200.0,20588,0.0,0.0
2022-11-02 13:00:00+09:00,6200.0,6230.0,6180.0,6190.0,11014,0.0,0.0
2022-11-02 14:00:00+09:00,6200.0,6210.0,6190.0,6200.0,9237,0.0,0.0
2022-11-03 09:00:00+09:00,6020.0,6160.0,5990.0,6150.0,0,0.0,0.0
2022-11-03 10:00:00+09:00,6150.0,6220.0,6150.0,6180.0,16650,0.0,0.0
2022-11-03 11:00:00+09:00,6170.0,6190.0,6140.0,6140.0,8171,0.0,0.0
2022-11-03 12:00:00+09:00,6140.0,6160.0,6120.0,6160.0,9736,0.0,0.0
2022-11-03 13:00:00+09:00,6160.0,6190.0,6140.0,6170.0,6615,0.0,0.0
2022-11-03 14:00:00+09:00,6170.0,6240.0,6160.0,6210.0,21876,0.0,0.0
2022-11-04 09:00:00+09:00,6210.0,6270.0,6100.0,6230.0,0,0.0,0.0
2022-11-04 10:00:00+09:00,6230.0,6240.0,6150.0,6200.0,12019,0.0,0.0
2022-11-04 11:00:00+09:00,6200.0,6210.0,6150.0,6150.0,10467,0.0,0.0
2022-11-04 12:00:00+09:00,6150.0,6170.0,6120.0,6150.0,12412,0.0,0.0
2022-11-04 13:00:00+09:00,6150.0,6240.0,6140.0,6200.0,5259,0.0,0.0
2022-11-04 14:00:00+09:00,6220.0,6240.0,6200.0,6230.0,22130,0.0,0.0
2022-11-07 09:00:00+09:00,6300.0,6300.0,6160.0,6250.0,0,0.0,0.0
2022-11-07 10:00:00+09:00,6230.0,6300.0,6230.0,6290.0,20308,0.0,0.0
2022-11-07 11:00:00+09:00,6300.0,6300.0,6250.0,6280.0,10393,0.0,0.0
2022-11-07 12:00:00+09:00,6280.0,6320.0,6250.0,6310.0,24948,0.0,0.0
2022-11-07 13:00:00+09:00,6310.0,6340.0,6300.0,6310.0,16773,0.0,0.0
2022-11-07 14:00:00+09:00,6310.0,6340.0,6290.0,6330.0,19689,0.0,0.0
2022-11-08 09:00:00+09:00,6320.0,6410.0,6310.0,6400.0,0,0.0,0.0
2022-11-08 10:00:00+09:00,6410.0,6490.0,6390.0,6470.0,90465,0.0,0.0
2022-11-08 11:00:00+09:00,6470.0,6490.0,6430.0,6470.0,34890,0.0,0.0
2022-11-08 12:00:00+09:00,6470.0,6480.0,6440.0,6450.0,25123,0.0,0.0
2022-11-08 13:00:00+09:00,6450.0,6470.0,6400.0,6420.0,34335,0.0,0.0
2022-11-08 14:00:00+09:00,6420.0,6420.0,6370.0,6370.0,34106,0.0,0.0
2022-11-09 09:00:00+09:00,6490.0,6490.0,6390.0,6400.0,77019,0.0,0.0
2022-11-09 10:00:00+09:00,6400.0,6740.0,6400.0,6470.0,745034,0.0,0.0
2022-11-09 11:00:00+09:00,6470.0,6490.0,6450.0,6460.0,60140,0.0,0.0
2022-11-09 12:00:00+09:00,6460.0,6470.0,6430.0,6440.0,32107,0.0,0.0
2022-11-09 13:00:00+09:00,6440.0,6440.0,6390.0,6420.0,50760,0.0,0.0
2022-11-09 14:00:00+09:00,6420.0,6450.0,6400.0,6410.0,31675,0.0,0.0
2022-11-10 09:00:00+09:00,6380.0,6380.0,6200.0,6330.0,0,0.0,0.0
2022-11-10 10:00:00+09:00,6330.0,6360.0,6290.0,6330.0,19999,0.0,0.0
2022-11-10 11:00:00+09:00,6320.0,6320.0,6280.0,6290.0,11330,0.0,0.0
2022-11-10 12:00:00+09:00,6290.0,6330.0,6280.0,6300.0,14810,0.0,0.0
2022-11-10 13:00:00+09:00,6300.0,6390.0,6290.0,6390.0,20245,0.0,0.0
2022-11-10 14:00:00+09:00,6390.0,6390.0,6310.0,6320.0,17938,0.0,0.0
2022-11-11 09:00:00+09:00,6460.0,6570.0,6410.0,6520.0,17314,0.0,0.0
2022-11-11 10:00:00+09:00,6510.0,6520.0,6420.0,6450.0,42843,0.0,0.0
2022-11-11 11:00:00+09:00,6450.0,6500.0,6420.0,6490.0,18512,0.0,0.0
2022-11-11 12:00:00+09:00,6480.0,6490.0,6450.0,6460.0,14302,0.0,0.0
2022-11-11 13:00:00+09:00,6460.0,6530.0,6460.0,6500.0,47884,0.0,0.0
2022-11-11 14:00:00+09:00,6500.0,6500.0,6470.0,6490.0,27559,0.0,0.0
2022-11-14 09:00:00+09:00,6550.0,7140.0,6520.0,6860.0,2915449,0.0,0.0
2022-11-14 10:00:00+09:00,6860.0,6900.0,6710.0,6720.0,499272,0.0,0.0
2022-11-14 11:00:00+09:00,6710.0,6720.0,6660.0,6680.0,130568,0.0,0.0
2022-11-14 12:00:00+09:00,6680.0,6740.0,6670.0,6720.0,54299,0.0,0.0
2022-11-14 13:00:00+09:00,6720.0,6730.0,6690.0,6720.0,41881,0.0,0.0
2022-11-14 14:00:00+09:00,6720.0,6720.0,6680.0,6680.0,54901,0.0,0.0
2022-11-15 09:00:00+09:00,6730.0,6810.0,6650.0,6720.0,0,0.0,0.0
2022-11-15 10:00:00+09:00,6710.0,6810.0,6690.0,6770.0,153593,0.0,0.0
2022-11-15 11:00:00+09:00,6770.0,6800.0,6750.0,6760.0,36184,0.0,0.0
2022-11-15 12:00:00+09:00,6760.0,6780.0,6720.0,6750.0,32929,0.0,0.0
2022-11-15 13:00:00+09:00,6750.0,6780.0,6700.0,6750.0,45420,0.0,0.0
2022-11-15 14:00:00+09:00,6750.0,6780.0,6740.0,6760.0,45272,0.0,0.0
2022-11-16 09:00:00+09:00,6800.0,6800.0,6650.0,6660.0,0,0.0,0.0
2022-11-16 10:00:00+09:00,6660.0,6720.0,6650.0,6700.0,32526,0.0,0.0
2022-11-16 11:00:00+09:00,6700.0,6750.0,6680.0,6720.0,17359,0.0,0.0
2022-11-16 12:00:00+09:00,6720.0,6740.0,6680.0,6720.0,25031,0.0,0.0
2022-11-16 13:00:00+09:00,6730.0,6740.0,6680.0,6680.0,25276,0.0,0.0
2022-11-16 14:00:00+09:00,6690.0,6770.0,6680.0,6730.0,33753,0.0,0.0
2022-11-17 10:00:00+09:00,6790.0,6920.0,6660.0,6870.0,362535,0.0,0.0
2022-11-17 11:00:00+09:00,6850.0,6870.0,6730.0,6820.0,104052,0.0,0.0
2022-11-17 12:00:00+09:00,6810.0,6820.0,6750.0,6750.0,24944,0.0,0.0
2022-11-17 13:00:00+09:00,6780.0,6780.0,6730.0,6740.0,21004,0.0,0.0
2022-11-17 14:00:00+09:00,6730.0,6780.0,6720.0,6780.0,19444,0.0,0.0
2022-11-18 09:00:00+09:00,6720.0,7020.0,6710.0,6850.0,54612,0.0,0.0
2022-11-18 10:00:00+09:00,6850.0,6900.0,6790.0,6800.0,89006,0.0,0.0
2022-11-18 11:00:00+09:00,6810.0,6820.0,6790.0,6800.0,0,0.0,0.0
2022-11-18 12:00:00+09:00,6810.0,6810.0,6790.0,6810.0,768507,0.0,0.0
2022-11-18 13:00:00+09:00,6810.0,6820.0,6730.0,6740.0,57712,0.0,0.0
2022-11-18 14:00:00+09:00,6740.0,6770.0,6710.0,6720.0,33810,0.0,0.0
2022-11-21 09:00:00+09:00,6690.0,6880.0,6690.0,6710.0,0,0.0,0.0
2022-11-21 10:00:00+09:00,6700.0,6750.0,6680.0,6680.0,43943,0.0,0.0
2022-11-21 11:00:00+09:00,6670.0,6680.0,6600.0,6610.0,40925,0.0,0.0
2022-11-21 12:00:00+09:00,6610.0,6610.0,6490.0,6540.0,46770,0.0,0.0
2022-11-21 13:00:00+09:00,6540.0,6590.0,6520.0,6570.0,16923,0.0,0.0
2022-11-21 14:00:00+09:00,6570.0,6580.0,6530.0,6570.0,13483,0.0,0.0
2022-11-22 09:00:00+09:00,6550.0,6750.0,6490.0,6630.0,0,0.0,0.0
2022-11-22 10:00:00+09:00,6650.0,6720.0,6620.0,6620.0,81643,0.0,0.0
2022-11-22 11:00:00+09:00,6620.0,6700.0,6600.0,6680.0,16509,0.0,0.0
2022-11-22 12:00:00+09:00,6680.0,6680.0,6580.0,6580.0,12588,0.0,0.0
2022-11-22 13:00:00+09:00,6590.0,6610.0,6550.0,6590.0,24462,0.0,0.0
2022-11-22 14:00:00+09:00,6590.0,6610.0,6510.0,6540.0,22559,0.0,0.0
2022-11-23 09:00:00+09:00,6550.0,6730.0,6550.0,6620.0,0,0.0,0.0
2022-11-23 10:00:00+09:00,6620.0,6670.0,6610.0,6650.0,31540,0.0,0.0
2022-11-23 11:00:00+09:00,6660.0,6660.0,6610.0,6630.0,21614,0.0,0.0
2022-11-23 12:00:00+09:00,6630.0,6660.0,6620.0,6640.0,13281,0.0,0.0
2022-11-23 13:00:00+09:00,6640.0,6650.0,6600.0,6620.0,7930,0.0,0.0
2022-11-23 14:00:00+09:00,6620.0,6640.0,6610.0,6610.0,7900,0.0,0.0
2022-11-24 09:00:00+09:00,6610.0,6690.0,6610.0,6620.0,0,0.0,0.0
2022-11-24 10:00:00+09:00,6620.0,6650.0,6610.0,6640.0,16839,0.0,0.0
2022-11-24 11:00:00+09:00,6650.0,6680.0,6630.0,6660.0,24722,0.0,0.0
2022-11-24 12:00:00+09:00,6650.0,6680.0,6640.0,6660.0,12932,0.0,0.0
2022-11-24 13:00:00+09:00,6660.0,6710.0,6650.0,6690.0,25110,0.0,0.0
2022-11-24 14:00:00+09:00,6690.0,6740.0,6670.0,6710.0,22901,0.0,0.0
2022-11-25 09:00:00+09:00,6720.0,6800.0,6600.0,6640.0,0,0.0,0.0
2022-11-25 10:00:00+09:00,6640.0,6660.0,6610.0,6630.0,28404,0.0,0.0
2022-11-25 11:00:00+09:00,6630.0,6630.0,6610.0,6610.0,5681,0.0,0.0
2022-11-25 12:00:00+09:00,6610.0,6650.0,6610.0,6610.0,7721,0.0,0.0
2022-11-25 13:00:00+09:00,6610.0,6640.0,6610.0,6620.0,12614,0.0,0.0
2022-11-25 14:00:00+09:00,6630.0,6630.0,6600.0,6610.0,12310,0.0,0.0
2022-11-28 09:00:00+09:00,6600.0,6640.0,6420.0,6420.0,0,0.0,0.0
2022-11-28 10:00:00+09:00,6420.0,6450.0,6330.0,6350.0,38751,0.0,0.0
2022-11-28 11:00:00+09:00,6350.0,6350.0,6330.0,6350.0,15296,0.0,0.0
2022-11-28 12:00:00+09:00,6350.0,6350.0,6320.0,6330.0,17323,0.0,0.0
2022-11-28 13:00:00+09:00,6330.0,6370.0,6320.0,6330.0,18517,0.0,0.0
2022-11-28 14:00:00+09:00,6330.0,6350.0,6290.0,6290.0,39915,0.0,0.0
2022-11-29 09:00:00+09:00,6250.0,6520.0,6250.0,6380.0,0,0.0,0.0
2022-11-29 10:00:00+09:00,6390.0,6420.0,6370.0,6380.0,14657,0.0,0.0
2022-11-29 11:00:00+09:00,6380.0,6410.0,6370.0,6380.0,5318,0.0,0.0
2022-11-29 12:00:00+09:00,6390.0,6400.0,6360.0,6380.0,6538,0.0,0.0
2022-11-29 13:00:00+09:00,6380.0,6390.0,6360.0,6390.0,5940,0.0,0.0
2022-11-29 14:00:00+09:00,6390.0,6410.0,6370.0,6400.0,12021,0.0,0.0
2022-11-30 09:00:00+09:00,6420.0,6500.0,6350.0,6420.0,0,0.0,0.0
2022-11-30 10:00:00+09:00,6430.0,6470.0,6420.0,6430.0,11713,0.0,0.0
2022-11-30 11:00:00+09:00,6430.0,6460.0,6430.0,6440.0,13512,0.0,0.0
2022-11-30 12:00:00+09:00,6430.0,6430.0,6410.0,6410.0,6734,0.0,0.0
2022-11-30 13:00:00+09:00,6410.0,6430.0,6400.0,6400.0,7280,0.0,0.0
2022-11-30 14:00:00+09:00,6400.0,6430.0,6400.0,6420.0,7297,0.0,0.0
2022-12-01 09:00:00+09:00,6550.0,6560.0,6480.0,6550.0,0,0.0,0.0
2022-12-01 10:00:00+09:00,6550.0,6570.0,6530.0,6540.0,18778,0.0,0.0
2022-12-01 11:00:00+09:00,6540.0,6540.0,6500.0,6510.0,9414,0.0,0.0
2022-12-01 12:00:00+09:00,6500.0,6530.0,6490.0,6490.0,6471,0.0,0.0
2022-12-01 13:00:00+09:00,6490.0,6520.0,6480.0,6500.0,5446,0.0,0.0
2022-12-01 14:00:00+09:00,6500.0,6500.0,6480.0,6490.0,16110,0.0,0.0
2022-12-02 09:00:00+09:00,6500.0,6540.0,6410.0,6490.0,0,0.0,0.0
2022-12-02 10:00:00+09:00,6490.0,6520.0,6440.0,6460.0,18889,0.0,0.0
2022-12-02 11:00:00+09:00,6450.0,6490.0,6440.0,6490.0,7673,0.0,0.0
2022-12-02 12:00:00+09:00,6490.0,6500.0,6460.0,6480.0,7979,0.0,0.0
2022-12-02 13:00:00+09:00,6480.0,6480.0,6430.0,6460.0,12976,0.0,0.0
2022-12-02 14:00:00+09:00,6460.0,6490.0,6440.0,6480.0,8635,0.0,0.0
2022-12-05 09:00:00+09:00,6480.0,6610.0,6480.0,6550.0,0,0.0,0.0
2022-12-05 10:00:00+09:00,6560.0,6590.0,6530.0,6560.0,18599,0.0,0.0
2022-12-05 11:00:00+09:00,6550.0,6560.0,6520.0,6520.0,15235,0.0,0.0
2022-12-05 12:00:00+09:00,6520.0,6530.0,6510.0,6510.0,6822,0.0,0.0
2022-12-05 13:00:00+09:00,6520.0,6550.0,6460.0,6500.0,21794,0.0,0.0
2022-12-05 14:00:00+09:00,6490.0,6520.0,6480.0,6510.0,6136,0.0,0.0
2022-12-06 09:00:00+09:00,6410.0,6460.0,6390.0,6390.0,0,0.0,0.0
2022-12-06 10:00:00+09:00,6390.0,6420.0,6350.0,6350.0,17929,0.0,0.0
2022-12-06 11:00:00+09:00,6360.0,6410.0,6350.0,6410.0,10512,0.0,0.0
2022-12-06 12:00:00+09:00,6400.0,6410.0,6360.0,6360.0,5768,0.0,0.0
2022-12-06 13:00:00+09:00,6370.0,6380.0,6310.0,6320.0,22537,0.0,0.0
2022-12-06 14:00:00+09:00,6320.0,6350.0,6280.0,6300.0,22667,0.0,0.0
2022-12-07 09:00:00+09:00,6180.0,6240.0,6110.0,6170.0,48505,0.0,0.0
2022-12-07 10:00:00+09:00,6160.0,6170.0,6080.0,6170.0,24724,0.0,0.0
2022-12-07 11:00:00+09:00,6170.0,6200.0,6120.0,6160.0,12900,0.0,0.0
2022-12-07 12:00:00+09:00,6170.0,6190.0,6140.0,6180.0,8602,0.0,0.0
2022-12-07 13:00:00+09:00,6190.0,6210.0,6160.0,6200.0,5063,0.0,0.0
2022-12-07 14:00:00+09:00,6210.0,6210.0,6160.0,6190.0,6129,0.0,0.0
2022-12-08 09:00:00+09:00,6160.0,6290.0,6160.0,6180.0,0,0.0,0.0
2022-12-08 10:00:00+09:00,6180.0,6190.0,6100.0,6130.0,20631,0.0,0.0
2022-12-08 11:00:00+09:00,6160.0,6200.0,6130.0,6190.0,6461,0.0,0.0
2022-12-08 12:00:00+09:00,6180.0,6200.0,6180.0,6190.0,4863,0.0,0.0
2022-12-08 13:00:00+09:00,6190.0,6200.0,6150.0,6150.0,7193,0.0,0.0
2022-12-08 14:00:00+09:00,6150.0,6180.0,6130.0,6140.0,5154,0.0,0.0
2022-12-09 09:00:00+09:00,6160.0,6190.0,6100.0,6120.0,0,0.0,0.0
2022-12-09 10:00:00+09:00,6120.0,6160.0,6050.0,6140.0,22927,0.0,0.0
2022-12-09 11:00:00+09:00,6130.0,6140.0,6110.0,6110.0,4335,0.0,0.0
2022-12-09 12:00:00+09:00,6110.0,6140.0,6100.0,6130.0,13301,0.0,0.0
2022-12-09 13:00:00+09:00,6130.0,6140.0,6110.0,6130.0,9786,0.0,0.0
2022-12-09 14:00:00+09:00,6120.0,6130.0,6050.0,6090.0,22434,0.0,0.0
2022-12-12 09:00:00+09:00,6120.0,6150.0,5650.0,5970.0,0,0.0,0.0
2022-12-12 10:00:00+09:00,5970.0,6020.0,5940.0,5990.0,20592,0.0,0.0
2022-12-12 11:00:00+09:00,5980.0,6000.0,5980.0,6000.0,4593,0.0,0.0
2022-12-12 12:00:00+09:00,6000.0,6010.0,5980.0,5990.0,5074,0.0,0.0
2022-12-12 13:00:00+09:00,5990.0,6000.0,5960.0,6000.0,4658,0.0,0.0
2022-12-12 14:00:00+09:00,6000.0,6000.0,5970.0,5970.0,6936,0.0,0.0
2022-12-13 09:00:00+09:00,5960.0,6350.0,5950.0,6040.0,416,0.0,0.0
2022-12-13 10:00:00+09:00,6040.0,6060.0,5980.0,6030.0,14700,0.0,0.0
2022-12-13 11:00:00+09:00,6030.0,6060.0,6000.0,6040.0,10809,0.0,0.0
2022-12-13 12:00:00+09:00,6040.0,6060.0,6010.0,6010.0,4058,0.0,0.0
2022-12-13 13:00:00+09:00,6020.0,6020.0,5980.0,6010.0,5343,0.0,0.0
2022-12-13 14:00:00+09:00,6000.0,6010.0,5980.0,5990.0,8857,0.0,0.0
2022-12-14 09:00:00+09:00,6080.0,6090.0,6050.0,6070.0,0,0.0,0.0
2022-12-14 10:00:00+09:00,6080.0,6120.0,6060.0,6110.0,14965,0.0,0.0
2022-12-14 11:00:00+09:00,6100.0,6150.0,6090.0,6140.0,27137,0.0,0.0
2022-12-14 12:00:00+09:00,6140.0,6190.0,6130.0,6160.0,15429,0.0,0.0
2022-12-14 13:00:00+09:00,6160.0,6190.0,6150.0,6180.0,7147,0.0,0.0
2022-12-14 14:00:00+09:00,6190.0,6210.0,6180.0,6200.0,17767,0.0,0.0
2022-12-15 09:00:00+09:00,6140.0,6210.0,6090.0,6160.0,0,0.0,0.0
2022-12-15 10:00:00+09:00,6160.0,6200.0,6150.0,6150.0,9692,0.0,0.0
2022-12-15 11:00:00+09:00,6150.0,6150.0,6130.0,6130.0,4855,0.0,0.0
2022-12-15 12:00:00+09:00,6120.0,6130.0,6110.0,6120.0,5677,0.0,0.0
2022-12-15 13:00:00+09:00,6120.0,6140.0,6100.0,6140.0,4699,0.0,0.0
2022-12-15 14:00:00+09:00,6130.0,6140.0,6110.0,6120.0,7091,0.0,0.0
2022-12-16 09:00:00+09:00,6070.0,6070.0,5970.0,6030.0,0,0.0,0.0
2022-12-16 10:00:00+09:00,6020.0,6070.0,6020.0,6060.0,9578,0.0,0.0
2022-12-16 11:00:00+09:00,6060.0,6070.0,6060.0,6070.0,1973,0.0,0.0
2022-12-16 12:00:00+09:00,6060.0,6080.0,6030.0,6030.0,6818,0.0,0.0
2022-12-16 13:00:00+09:00,6040.0,6040.0,6010.0,6010.0,8359,0.0,0.0
2022-12-16 14:00:00+09:00,6010.0,6030.0,5990.0,6010.0,12147,0.0,0.0
2022-12-19 09:00:00+09:00,6030.0,6860.0,6030.0,6790.0,1877212,0.0,0.0
2022-12-19 10:00:00+09:00,6800.0,7020.0,6700.0,6860.0,4185077,0.0,0.0
2022-12-19 11:00:00+09:00,6850.0,7170.0,6620.0,6670.0,2951509,0.0,0.0
2022-12-19 12:00:00+09:00,6670.0,6790.0,6560.0,6680.0,668542,0.0,0.0
2022-12-19 13:00:00+09:00,6680.0,6700.0,6500.0,6520.0,379088,0.0,0.0
2022-12-19 14:00:00+09:00,6530.0,6590.0,6500.0,6520.0,231265,0.0,0.0
2022-12-20 09:00:00+09:00,6560.0,6640.0,6430.0,6450.0,0,0.0,0.0
2022-12-20 10:00:00+09:00,6450.0,6690.0,6420.0,6580.0,457856,0.0,0.0
2022-12-20 11:00:00+09:00,6580.0,6610.0,6550.0,6570.0,122943,0.0,0.0
2022-12-20 12:00:00+09:00,6570.0,6570.0,6500.0,6560.0,78182,0.0,0.0
2022-12-20 13:00:00+09:00,6560.0,6600.0,6500.0,6570.0,106397,0.0,0.0
2022-12-20 14:00:00+09:00,6570.0,6660.0,6550.0,6640.0,124209,0.0,0.0
2022-12-21 09:00:00+09:00,6650.0,6710.0,6510.0,6640.0,0,0.0,0.0
2022-12-21 10:00:00+09:00,6650.0,6730.0,6610.0,6650.0,278773,0.0,0.0
2022-12-21 11:00:00+09:00,6650.0,6660.0,6610.0,6630.0,52242,0.0,0.0
2022-12-21 12:00:00+09:00,6620.0,6640.0,6600.0,6610.0,24674,0.0,0.0
2022-12-21 13:00:00+09:00,6610.0,6610.0,6560.0,6600.0,48389,0.0,0.0
2022-12-21 14:00:00+09:00,6590.0,6660.0,6580.0,6620.0,53272,0.0,0.0
2022-12-22 09:00:00+09:00,6600.0,6760.0,6550.0,6690.0,0,0.0,0.0
2022-12-22 10:00:00+09:00,6690.0,6720.0,6630.0,6640.0,99559,0.0,0.0
2022-12-22 11:00:00+09:00,6650.0,6690.0,6630.0,6650.0,33211,0.0,0.0
2022-12-22 12:00:00+09:00,6650.0,6660.0,6620.0,6650.0,31077,0.0,0.0
2022-12-22 13:00:00+09:00,6650.0,6690.0,6620.0,6670.0,47643,0.0,0.0
2022-12-22 14:00:00+09:00,6670.0,6750.0,6650.0,6660.0,121266,0.0,0.0
2022-12-23 09:00:00+09:00,6620.0,6620.0,6440.0,6460.0,0,0.0,0.0
2022-12-23 10:00:00+09:00,6460.0,6550.0,6420.0,6520.0,78155,0.0,0.0
2022-12-23 11:00:00+09:00,6520.0,6520.0,6440.0,6450.0,28040,0.0,0.0
2022-12-23 12:00:00+09:00,6450.0,6510.0,6440.0,6480.0,29404,0.0,0.0
2022-12-23 13:00:00+09:00,6480.0,6510.0,6450.0,6460.0,26861,0.0,0.0
2022-12-23 14:00:00+09:00,6460.0,6490.0,6410.0,6430.0,37838,0.0,0.0
2022-12-26 09:00:00+09:00,6400.0,6470.0,6210.0,6450.0,0,0.0,0.0
2022-12-26 10:00:00+09:00,6440.0,6500.0,6430.0,6470.0,64456,0.0,0.0
2022-12-26 11:00:00+09:00,6480.0,6480.0,6430.0,6440.0,25258,0.0,0.0
2022-12-26 12:00:00+09:00,6440.0,6460.0,6420.0,6450.0,21881,0.0,0.0
2022-12-26 13:00:00+09:00,6460.0,6460.0,6370.0,6370.0,48512,0.0,0.0
2022-12-26 14:00:00+09:00,6380.0,6410.0,6350.0,6390.0,25646,0.0,0.0
2022-12-27 09:00:00+09:00,6390.0,6530.0,6390.0,6430.0,0,0.0,0.0
2022-12-27 10:00:00+09:00,6430.0,6500.0,6400.0,6420.0,88308,0.0,0.0
2022-12-27 11:00:00+09:00,6420.0,6430.0,6390.0,6420.0,25078,0.0,0.0
2022-12-27 12:00:00+09:00,6410.0,6410.0,6380.0,6390.0,14941,0.0,0.0
2022-12-27 13:00:00+09:00,6400.0,6400.0,6380.0,6400.0,14776,0.0,0.0
2022-12-27 14:00:00+09:00,6400.0,6440.0,6400.0,6420.0,27030,0.0,0.0
2022-12-28 09:00:00+09:00,6400.0,6690.0,6400.0,6640.0,105953,0.0,0.0
2022-12-28 10:00:00+09:00,6640.0,6690.0,6610.0,6640.0,123824,0.0,0.0
2022-12-28 11:00:00+09:00,6650.0,6650.0,6530.0,6550.0,75978,0.0,0.0
2022-12-28 12:00:00+09:00,6560.0,6560.0,6510.0,6550.0,37786,0.0,0.0
2022-12-28 13:00:00+09:00,6540.0,6550.0,6510.0,6520.0,30265,0.0,0.0
2022-12-28 14:00:00+09:00,6520.0,6590.0,6470.0,6480.0,84590,0.0,0.0
2022-12-29 09:00:00+09:00,6460.0,6590.0,6430.0,6470.0,0,0.0,0.0
2022-12-29 10:00:00+09:00,6470.0,6480.0,6330.0,6350.0,55360,0.0,0.0
2022-12-29 11:00:00+09:00,6360.0,6570.0,6350.0,6570.0,114594,0.0,0.0
2022-12-29 12:00:00+09:00,6560.0,6590.0,6500.0,6580.0,40395,0.0,0.0
2022-12-29 13:00:00+09:00,6580.0,6730.0,6560.0,6700.0,364470,0.0,0.0
2022-12-29 14:00:00+09:00,6700.0,6710.0,6630.0,6660.0,97671,0.0,0.0
2023-01-02 10:00:00+09:00,6710.0,6770.0,6530.0,6540.0,324042,0.0,0.0
2023-01-02 11:00:00+09:00,6530.0,6540.0,6450.0,6460.0,83662,0.0,0.0
2023-01-02 12:00:00+09:00,6460.0,6470.0,6350.0,6360.0,93843,0.0,0.0
2023-01-02 13:00:00+09:00,6360.0,6440.0,6350.0,6430.0,32486,0.0,0.0
2023-01-02 14:00:00+09:00,6420.0,6490.0,6410.0,6450.0,45575,0.0,0.0
2023-01-03 09:00:00+09:00,6630.0,6940.0,6550.0,6610.0,1352978,0.0,0.0
2023-01-03 10:00:00+09:00,6620.0,6630.0,6400.0,6490.0,287656,0.0,0.0
2023-01-03 11:00:00+09:00,6490.0,6500.0,6410.0,6460.0,94412,0.0,0.0
2023-01-03 12:00:00+09:00,6460.0,6530.0,6440.0,6520.0,68542,0.0,0.0
2023-01-03 13:00:00+09:00,6520.0,6600.0,6480.0,6530.0,118696,0.0,0.0
2023-01-03 14:00:00+09:00,6520.0,6570.0,6490.0,6520.0,116075,0.0,0.0
2023-01-04 09:00:00+09:00,6430.0,6530.0,6370.0,6440.0,0,0.0,0.0
2023-01-04 10:00:00+09:00,6450.0,6530.0,6430.0,6490.0,69391,0.0,0.0
2023-01-04 11:00:00+09:00,6490.0,6490.0,6440.0,6450.0,39329,0.0,0.0
2023-01-04 12:00:00+09:00,6440.0,6460.0,6420.0,6430.0,35622,0.0,0.0
2023-01-04 13:00:00+09:00,6430.0,6440.0,6390.0,6420.0,50593,0.0,0.0
2023-01-04 14:00:00+09:00,6420.0,6450.0,6400.0,6420.0,43788,0.0,0.0
2023-01-05 09:00:00+09:00,6530.0,6790.0,6460.0,6690.0,126311,0.0,0.0
2023-01-05 10:00:00+09:00,6690.0,6710.0,6560.0,6580.0,114667,0.0,0.0
2023-01-05 11:00:00+09:00,6580.0,6590.0,6510.0,6570.0,57413,0.0,0.0
2023-01-05 12:00:00+09:00,6570.0,6570.0,6510.0,6520.0,35029,0.0,0.0
2023-01-05 13:00:00+09:00,6520.0,6580.0,6520.0,6550.0,26318,0.0,0.0
2023-01-05 14:00:00+09:00,6540.0,6560.0,6430.0,6450.0,78808,0.0,0.0
2023-01-06 09:00:00+09:00,6670.0,6830.0,6590.0,6650.0,0,0.0,0.0
2023-01-06 10:00:00+09:00,6640.0,7440.0,6630.0,7150.0,3636191,0.0,0.0
2023-01-06 11:00:00+09:00,7140.0,7220.0,6970.0,7010.0,1399321,0.0,0.0
2023-01-06 12:00:00+09:00,7020.0,7050.0,6940.0,6950.0,303726,0.0,0.0
2023-01-06 13:00:00+09:00,6930.0,6990.0,6910.0,6920.0,234190,0.0,0.0
2023-01-06 14:00:00+09:00,6910.0,6970.0,6850.0,6910.0,295408,0.0,0.0
2023-01-09 09:00:00+09:00,7130.0,7250.0,7030.0,7130.0,0,0.0,0.0
2023-01-09 10:00:00+09:00,7130.0,7230.0,7120.0,7190.0,233490,0.0,0.0
2023-01-09 11:00:00+09:00,7190.0,7310.0,7140.0,7260.0,443340,0.0,0.0
2023-01-09 12:00:00+09:00,7260.0,7600.0,7200.0,7460.0,1794800,0.0,0.0
2023-01-09 13:00:00+09:00,7460.0,7530.0,7240.0,7290.0,990104,0.0,0.0
2023-01-09 14:00:00+09:00,7290.0,7410.0,7260.0,7300.0,386096,0.0,0.0
2023-01-10 09:00:00+09:00,7280.0,7500.0,7150.0,7300.0,0,0.0,0.0
2023-01-10 10:00:00+09:00,7300.0,7410.0,7280.0,7310.0,265878,0.0,0.0
2023-01-10 11:00:00+09:00,7320.0,7340.0,7190.0,7220.0,187111,0.0,0.0
2023-01-10 12:00:00+09:00,7210.0,7220.0,7120.0,7150.0,178846,0.0,0.0
2023-01-10 13:00:00+09:00,7160.0,7190.0,7050.0,7080.0,174428,0.0,0.0
2023-01-10 14:00:00+09:00,7070.0,7170.0,7040.0,7100.0,98551,0.0,0.0
2023-01-11 09:00:00+09:00,7200.0,7210.0,7050.0,7080.0,0,0.0,0.0
2023-01-11 10:00:00+09:00,7080.0,7170.0,7020.0,7140.0,142499,0.0,0.0
2023-01-11 11:00:00+09:00,7140.0,7180.0,7120.0,7150.0,65770,0.0,0.0
2023-01-11 12:00:00+09:00,7150.0,7200.0,7150.0,7160.0,69401,0.0,0.0
2023-01-11 13:00:00+09:00,7170.0,7180.0,7150.0,7170.0,27730,0.0,0.0
2023-01-11 14:00:00+09:00,7160.0,7190.0,7130.0,7150.0,57467,0.0,0.0
2023-01-12 09:00:00+09:00,7150.0,7150.0,6950.0,6950.0,0,0.0,0.0
2023-01-12 10:00:00+09:00,6950.0,7000.0,6950.0,6970.0,61821,0.0,0.0
2023-01-12 11:00:00+09:00,6980.0,6980.0,6930.0,6930.0,75819,0.0,0.0
2023-01-12 12:00:00+09:00,6930.0,6970.0,6910.0,6930.0,36661,0.0,0.0
2023-01-12 13:00:00+09:00,6930.0,6970.0,6900.0,6950.0,41606,0.0,0.0
2023-01-12 14:00:00+09:00,6960.0,6960.0,6910.0,6920.0,32658,0.0,0.0
2023-01-13 09:00:00+09:00,6910.0,7040.0,6900.0,6990.0,0,0.0,0.0
2023-01-13 10:00:00+09:00,7000.0,7070.0,6960.0,7000.0,160315,0.0,0.0
2023-01-13 11:00:00+09:00,6990.0,7000.0,6970.0,6980.0,26594,0.0,0.0
2023-01-13 12:00:00+09:00,6980.0,6980.0,6960.0,6970.0,26140,0.0,0.0
2023-01-13 13:00:00+09:00,6970.0,6980.0,6950.0,6960.0,25368,0.0,0.0
2023-01-13 14:00:00+09:00,6960.0,6970.0,6910.0,6940.0,65078,0.0,0.0
2023-01-16 09:00:00+09:00,7030.0,7140.0,6970.0,7100.0,0,0.0,0.0
2023-01-16 10:00:00+09:00,7100.0,7170.0,7090.0,7160.0,113781,0.0,0.0
2023-01-16 11:00:00+09:00,7150.0,7160.0,7090.0,7110.0,70446,0.0,0.0
2023-01-16 12:00:00+09:00,7110.0,7120.0,7080.0,7080.0,26967,0.0,0.0
2023-01-16 13:00:00+09:00,7080.0,7100.0,7050.0,7080.0,42612,0.0,0.0
2023-01-16 14:00:00+09:00,7080.0,7110.0,7070.0,7100.0,51790,0.0,0.0
2023-01-17 09:00:00+09:00,7110.0,7280.0,7080.0,7120.0,0,0.0,0.0
2023-01-17 10:00:00+09:00,7120.0,7150.0,7070.0,7100.0,81980,0.0,0.0
2023-01-17 11:00:00+09:00,7090.0,7120.0,7030.0,7050.0,47363,0.0,0.0
2023-01-17 12:00:00+09:00,7050.0,7060.0,7030.0,7040.0,27129,0.0,0.0
2023-01-17 13:00:00+09:00,7050.0,7080.0,7040.0,7080.0,20578,0.0,0.0
2023-01-17 14:00:00+09:00,7080.0,7080.0,6970.0,7000.0,60966,0.0,0.0
2023-01-18 09:00:00+09:00,7070.0,7440.0,7050.0,7300.0,378698,0.0,0.0
2023-01-18 10:00:00+09:00,7300.0,7490.0,7280.0,7420.0,694385,0.0,0.0
2023-01-18 11:00:00+09:00,7430.0,7720.0,7330.0,7560.0,1607670,0.0,0.0
2023-01-18 12:00:00+09:00,7560.0,7680.0,7430.0,7580.0,1240384,0.0,0.0
2023-01-18 13:00:00+09:00,7570.0,7980.0,7560.0,7710.0,3486172,0.0,0.0
2023-01-18 14:00:00+09:00,7710.0,8100.0,7620.0,7950.0,2075900,0.0,0.0
2023-01-19 09:00:00+09:00,7450.0,7800.0,7300.0,7560.0,0,0.0,0.0
2023-01-19 10:00:00+09:00,7570.0,7570.0,7460.0,7500.0,335774,0.0,0.0
2023-01-19 11:00:00+09:00,7500.0,7550.0,7480.0,7510.0,85196,0.0,0.0
2023-01-19 12:00:00+09:00,7510.0,7520.0,7470.0,7490.0,78671,0.0,0.0
2023-01-19 13:00:00+09:00,7490.0,7610.0,7480.0,7580.0,85667,0.0,0.0
2023-01-19 14:00:00+09:00,7590.0,7660.0,7570.0,7600.0,114574,0.0,0.0
2023-01-20 09:00:00+09:00,7590.0,7700.0,7440.0,7540.0,0,0.0,0.0
2023-01-20 10:00:00+09:00,7540.0,7600.0,7480.0,7560.0,143745,0.0,0.0
2023-01-20 11:00:00+09:00,7560.0,7650.0,7540.0,7580.0,188600,0.0,0.0
2023-01-20 12:00:00+09:00,7580.0,7600.0,7510.0,7510.0,83692,0.0,0.0
2023-01-20 13:00:00+09:00,7520.0,7600.0,7510.0,7590.0,100990,0.0,0.0
2023-01-20 14:00:00+09:00,7600.0,7830.0,7580.0,7620.0,721926,0.0,0.0
2023-01-25 09:00:00+09:00,7610.0,7850.0,7570.0,7770.0,0,0.0,0.0
2023-01-25 10:00:00+09:00,7760.0,7840.0,7700.0,7740.0,374380,0.0,0.0
2023-01-25 11:00:00+09:00,7760.0,7900.0,7740.0,7900.0,330210,0.0,0.0
2023-01-25 12:00:00+09:00,7900.0,7940.0,7800.0,7810.0,420762,0.0,0.0
2023-01-25 13:00:00+09:00,7810.0,7890.0,7750.0,7830.0,243281,0.0,0.0
2023-01-25 14:00:00+09:00,7830.0,7830.0,7760.0,7820.0,145313,0.0,0.0
2023-01-26 09:00:00+09:00,7920.0,8220.0,7710.0,7790.0,0,0.0,0.0
2023-01-26 10:00:00+09:00,7790.0,7850.0,7780.0,7830.0,213705,0.0,0.0
2023-01-26 11:00:00+09:00,7830.0,7830.0,7750.0,7790.0,142337,0.0,0.0
2023-01-26 12:00:00+09:00,7790.0,7800.0,7690.0,7700.0,153882,0.0,0.0
2023-01-26 13:00:00+09:00,7700.0,7790.0,7210.0,7230.0,683118,0.0,0.0
2023-01-26 14:00:00+09:00,7230.0,7790.0,7100.0,7120.0,440976,0.0,0.0
2023-01-27 09:00:00+09:00,7270.0,7300.0,7170.0,7210.0,0,0.0,0.0
2023-01-27 10:00:00+09:00,7210.0,7240.0,7190.0,7200.0,67788,0.0,0.0
2023-01-27 11:00:00+09:00,7210.0,7240.0,7200.0,7230.0,43068,0.0,0.0
2023-01-27 12:00:00+09:00,7230.0,7280.0,7210.0,7270.0,36594,0.0,0.0
2023-01-27 13:00:00+09:00,7270.0,7380.0,7270.0,7310.0,169352,0.0,0.0
2023-01-27 14:00:00+09:00,7310.0,7340.0,7290.0,7320.0,62355,0.0,0.0
2023-01-30 09:00:00+09:00,7540.0,7560.0,7260.0,7320.0,0,0.0,0.0
2023-01-30 10:00:00+09:00,7330.0,7330.0,7290.0,7330.0,60956,0.0,0.0
2023-01-30 11:00:00+09:00,7330.0,7390.0,7310.0,7310.0,36976,0.0,0.0
2023-01-30 12:00:00+09:00,7320.0,7430.0,7300.0,7390.0,93123,0.0,0.0
2023-01-30 13:00:00+09:00,7380.0,7400.0,7320.0,7380.0,58677,0.0,0.0
2023-01-30 14:00:00+09:00,7370.0,7380.0,7260.0,7290.0,128419,0.0,0.0
2023-01-31 09:00:00+09:00,7290.0,7720.0,7270.0,7440.0,228517,0.0,0.0
2023-01-31 10:00:00+09:00,7470.0,7580.0,7450.0,7570.0,149869,0.0,0.0
2023-01-31 11:00:00+09:00,7570.0,7700.0,7550.0,7620.0,399258,0.0,0.0
2023-01-31 12:00:00+09:00,7620.0,7670.0,7570.0,7620.0,97305,0.0,0.0
2023-01-31 13:00:00+09:00,7620.0,7630.0,7520.0,7530.0,86488,0.0,0.0
2023-01-31 14:00:00+09:00,7530.0,7540.0,7420.0,7440.0,117328,0.0,0.0
2023-02-01 09:00:00+09:00,7700.0,7700.0,7400.0,7410.0,0,0.0,0.0
2023-02-01 10:00:00+09:00,7410.0,7420.0,7260.0,7310.0,188825,0.0,0.0
2023-02-01 11:00:00+09:00,7310.0,7340.0,7290.0,7320.0,31081,0.0,0.0
2023-02-01 12:00:00+09:00,7320.0,7360.0,7300.0,7340.0,29196,0.0,0.0
2023-02-01 13:00:00+09:00,7340.0,7380.0,7290.0,7300.0,62920,0.0,0.0
2023-02-01 14:00:00+09:00,7300.0,7380.0,7290.0,7370.0,32668,0.0,0.0
2023-02-02 09:00:00+09:00,7380.0,7460.0,7280.0,7440.0,0,0.0,0.0
2023-02-02 10:00:00+09:00,7440.0,7490.0,7370.0,7390.0,93744,0.0,0.0
2023-02-02 11:00:00+09:00,7400.0,7420.0,7360.0,7360.0,34714,0.0,0.0
2023-02-02 12:00:00+09:00,7360.0,7400.0,7360.0,7390.0,20581,0.0,0.0
2023-02-02 13:00:00+09:00,7390.0,7400.0,7350.0,7360.0,31094,0.0,0.0
2023-02-02 14:00:00+09:00,7370.0,7370.0,7340.0,7360.0,46071,0.0,0.0
2023-02-03 09:00:00+09:00,7460.0,7460.0,7150.0,7150.0,0,0.0,0.0
2023-02-03 10:00:00+09:00,7150.0,7170.0,7110.0,7130.0,123434,0.0,0.0
2023-02-03 11:00:00+09:00,7130.0,7140.0,7070.0,7130.0,88449,0.0,0.0
2023-02-03 12:00:00+09:00,7130.0,7180.0,7120.0,7180.0,37367,0.0,0.0
2023-02-03 13:00:00+09:00,7180.0,7180.0,7120.0,7130.0,30633,0.0,0.0
2023-02-03 14:00:00+09:00,7130.0,7140.0,7110.0,7130.0,41907,0.0,0.0
2023-02-06 09:00:00+09:00,7130.0,7150.0,7040.0,7040.0,0,0.0,0.0
2023-02-06 10:00:00+09:00,7050.0,7070.0,7000.0,7040.0,84733,0.0,0.0
2023-02-06 11:00:00+09:00,7040.0,7050.0,7030.0,7030.0,24409,0.0,0.0
2023-02-06 12:00:00+09:00,7030.0,7040.0,7010.0,7010.0,20481,0.0,0.0
2023-02-06 13:00:00+09:00,7020.0,7030.0,7000.0,7020.0,21539,0.0,0.0
2023-02-06 14:00:00+09:00,7020.0,7030.0,7000.0,7010.0,17384,0.0,0.0
2023-02-07 09:00:00+09:00,6970.0,7100.0,6960.0,7050.0,0,0.0,0.0
2023-02-07 10:00:00+09:00,7050.0,7070.0,7010.0,7020.0,26316,0.0,0.0
2023-02-07 11:00:00+09:00,7030.0,7090.0,7030.0,7050.0,23186,0.0,0.0
2023-02-07 12:00:00+09:00,7050.0,7070.0,7030.0,7040.0,13984,0.0,0.0
2023-02-07 13:00:00+09:00,7040.0,7060.0,7020.0,7020.0,31402,0.0,0.0
2023-02-07 14:00:00+09:00,7020.0,7030.0,7000.0,7020.0,31191,0.0,0.0
2023-02-08 09:00:00+09:00,7090.0,7180.0,7080.0,7100.0,0,0.0,0.0
2023-02-08 10:00:00+09:00,7100.0,7160.0,7100.0,7150.0,39783,0.0,0.0
2023-02-08 11:00:00+09:00,7150.0,7170.0,7100.0,7100.0,33930,0.0,0.0
2023-02-08 12:00:00+09:00,7120.0,7140.0,7110.0,7130.0,10241,0.0,0.0
2023-02-08 13:00:00+09:00,7130.0,7160.0,7110.0,7160.0,31345,0.0,0.0
2023-02-08 14:00:00+09:00,7150.0,7160.0,7130.0,7150.0,30354,0.0,0.0
2023-02-09 09:00:00+09:00,7140.0,7150.0,7060.0,7070.0,0,0.0,0.0
2023-02-09 10:00:00+09:00,7070.0,7080.0,7030.0,7060.0,38912,0.0,0.0
2023-02-09 11:00:00+09:00,7050.0,7080.0,7040.0,7050.0,17470,0.0,0.0
2023-02-09 12:00:00+09:00,7050.0,7050.0,7010.0,7010.0,36003,0.0,0.0
2023-02-09 13:00:00+09:00,7010.0,7030.0,7000.0,7020.0,17209,0.0,0.0
2023-02-09 14:00:00+09:00,7020.0,7030.0,6960.0,7020.0,58483,0.0,0.0
2023-02-10 09:00:00+09:00,6950.0,6980.0,6830.0,6890.0,0,0.0,0.0
2023-02-10 10:00:00+09:00,6880.0,7080.0,6860.0,7000.0,78128,0.0,0.0
2023-02-10 11:00:00+09:00,6990.0,7020.0,6980.0,7000.0,17457,0.0,0.0
2023-02-10 12:00:00+09:00,7010.0,7030.0,6980.0,6980.0,19991,0.0,0.0
2023-02-10 13:00:00+09:00,6980.0,7000.0,6960.0,7000.0,18184,0.0,0.0
2023-02-10 14:00:00+09:00,7000.0,7000.0,6910.0,6940.0,27453,0.0,0.0
2023-02-13 09:00:00+09:00,7030.0,7090.0,6980.0,7040.0,0,0.0,0.0
2023-02-13 10:00:00+09:00,7040.0,7050.0,6980.0,7000.0,38496,0.0,0.0
2023-02-13 11:00:00+09:00,6990.0,7020.0,6990.0,6990.0,14490,0.0,0.0
2023-02-13 12:00:00+09:00,6990.0,7020.0,6990.0,6990.0,11678,0.0,0.0
2023-02-13 13:00:00+09:00,7000.0,7050.0,6990.0,7050.0,21130,0.0,0.0
2023-02-13 14:00:00+09:00,7050.0,7130.0,7020.0,7100.0,82559,0.0,0.0
2023-02-14 09:00:00+09:00,7200.0,7200.0,7030.0,7030.0,0,0.0,0.0
2023-02-14 10:00:00+09:00,7050.0,7060.0,7000.0,7020.0,35660,0.0,0.0
2023-02-14 11:00:00+09:00,7040.0,7130.0,7010.0,7060.0,42078,0.0,0.0
2023-02-14 12:00:00+09:00,7060.0,7090.0,7040.0,7050.0,16067,0.0,0.0
2023-02-14 13:00:00+09:00,7050.0,7080.0,7020.0,7030.0,25524,0.0,0.0
2023-02-14 14:00:00+09:00,7030.0,7070.0,7010.0,7040.0,23519,0.0,0.0
2023-02-15 09:00:00+09:00,7060.0,7070.0,6880.0,6880.0,0,0.0,0.0
2023-02-15 10:00:00+09:00,6890.0,6910.0,6880.0,6880.0,29867,0.0,0.0
2023-02-15 11:00:00+09:00,6880.0,6890.0,6770.0,6790.0,84573,0.0,0.0
2023-02-15 12:00:00+09:00,6780.0,6800.0,6770.0,6800.0,15454,0.0,0.0
2023-02-15 13:00:00+09:00,6800.0,6830.0,6750.0,6790.0,33721,0.0,0.0
2023-02-15 14:00:00+09:00,6770.0,6800.0,6740.0,6770.0,46259,0.0,0.0
2023-02-16 09:00:00+09:00,6840.0,6900.0,6830.0,6850.0,0,0.0,0.0
2023-02-16 10:00:00+09:00,6850.0,6910.0,6830.0,6910.0,54005,0.0,0.0
2023-02-16 11:00:00+09:00,6910.0,6910.0,6850.0,6880.0,20043,0.0,0.0
2023-02-16 12:00:00+09:00,6880.0,6910.0,6870.0,6890.0,16256,0.0,0.0
2023-02-16 13:00:00+09:00,6890.0,6900.0,6860.0,6870.0,20506,0.0,0.0
2023-02-16 14:00:00+09:00,6870.0,6900.0,6860.0,6880.0,19035,0.0,0.0
2023-02-17 09:00:00+09:00,6750.0,6870.0,6750.0,6860.0,0,0.0,0.0
2023-02-17 10:00:00+09:00,6850.0,6860.0,6820.0,6830.0,24752,0.0,0.0
2023-02-17 11:00:00+09:00,6820.0,6850.0,6820.0,6850.0,12132,0.0,0.0
2023-02-17 12:00:00+09:00,6850.0,6850.0,6820.0,6820.0,17784,0.0,0.0
2023-02-17 13:00:00+09:00,6830.0,6840.0,6820.0,6820.0,6198,0.0,0.0
2023-02-17 14:00:00+09:00,6830.0,6840.0,6810.0,6810.0,12496,0.0,0.0
2023-02-20 09:00:00+09:00,6920.0,6920.0,6730.0,6840.0,0,0.0,0.0
2023-02-20 10:00:00+09:00,6840.0,6870.0,6820.0,6850.0,21914,0.0,0.0
2023-02-20 11:00:00+09:00,6840.0,6860.0,6830.0,6850.0,12505,0.0,0.0
2023-02-20 12:00:00+09:00,6850.0,6860.0,6840.0,6860.0,10487,0.0,0.0
2023-02-20 13:00:00+09:00,6860.0,6870.0,6840.0,6850.0,13898,0.0,0.0
2023-02-20 14:00:00+09:00,6850.0,6900.0,6840.0,6890.0,34247,0.0,0.0
2023-02-21 09:00:00+09:00,6970.0,6990.0,6910.0,6930.0,0,0.0,0.0
2023-02-21 10:00:00+09:00,6930.0,6970.0,6910.0,6950.0,32659,0.0,0.0
2023-02-21 11:00:00+09:00,6950.0,6980.0,6930.0,6940.0,31867,0.0,0.0
2023-02-21 12:00:00+09:00,6940.0,7020.0,6940.0,7010.0,41809,0.0,0.0
2023-02-21 13:00:00+09:00,7010.0,7250.0,7000.0,7150.0,548624,0.0,0.0
2023-02-21 14:00:00+09:00,7150.0,7160.0,7100.0,7100.0,64456,0.0,0.0
2023-02-22 09:00:00+09:00,7110.0,7320.0,7000.0,7190.0,0,0.0,0.0
2023-02-22 10:00:00+09:00,7190.0,7200.0,7140.0,7150.0,65054,0.0,0.0
2023-02-22 11:00:00+09:00,7150.0,7160.0,7120.0,7140.0,32775,0.0,0.0
2023-02-22 12:00:00+09:00,7140.0,7180.0,7100.0,7140.0,39492,0.0,0.0
2023-02-22 13:00:00+09:00,7150.0,7210.0,7130.0,7140.0,67556,0.0,0.0
2023-02-22 14:00:00+09:00,7140.0,7190.0,7100.0,7190.0,68318,0.0,0.0
2023-02-23 09:00:00+09:00,7270.0,7350.0,7160.0,7250.0,0,0.0,0.0
2023-02-23 10:00:00+09:00,7250.0,7260.0,7200.0,7220.0,53958,0.0,0.0
2023-02-23 11:00:00+09:00,7220.0,7240.0,7180.0,7240.0,54620,0.0,0.0
2023-02-23 12:00:00+09:00,7240.0,7240.0,7200.0,7220.0,35836,0.0,0.0
2023-02-23 13:00:00+09:00,7220.0,7280.0,7200.0,7230.0,82151,0.0,0.0
2023-02-23 14:00:00+09:00,7230.0,7250.0,7220.0,7230.0,47683,0.0,0.0
2023-02-24 09:00:00+09:00,7220.0,7280.0,7040.0,7100.0,0,0.0,0.0
2023-02-24 10:00:00+09:00,7100.0,7180.0,7060.0,7110.0,69043,0.0,0.0
2023-02-24 11:00:00+09:00,7110.0,7110.0,7060.0,7080.0,34112,0.0,0.0
2023-02-24 12:00:00+09:00,7090.0,7090.0,7060.0,7080.0,26121,0.0,0.0
2023-02-24 13:00:00+09:00,7080.0,7080.0,7010.0,7030.0,55955,0.0,0.0
2023-02-24 14:00:00+09:00,7020.0,7090.0,7020.0,7060.0,30521,0.0,0.0
2023-02-27 09:00:00+09:00,7050.0,7500.0,7050.0,7400.0,605796,0.0,0.0
2023-02-27 10:00:00+09:00,7400.0,7460.0,7280.0,7370.0,395152,0.0,0.0
2023-02-27 11:00:00+09:00,7370.0,7480.0,7310.0,7390.0,249896,0.0,0.0
2023-02-27 12:00:00+09:00,7390.0,7410.0,7350.0,7390.0,120742,0.0,0.0
2023-02-27 13:00:00+09:00,7390.0,7440.0,7310.0,7400.0,208189,0.0,0.0
2023-02-27 14:00:00+09:00,7390.0,7440.0,7370.0,7390.0,125851,0.0,0.0
2023-02-28 09:00:00+09:00,7490.0,7550.0,7220.0,7260.0,0,0.0,0.0
2023-02-28 10:00:00+09:00,7270.0,7360.0,7240.0,7250.0,170910,0.0,0.0
2023-02-28 11:00:00+09:00,7250.0,7270.0,7230.0,7250.0,39782,0.0,0.0
2023-02-28 12:00:00+09:00,7260.0,7270.0,7240.0,7270.0,29553,0.0,0.0
2023-02-28 13:00:00+09:00,7270.0,7290.0,7230.0,7250.0,51442,0.0,0.0
2023-02-28 14:00:00+09:00,7240.0,7270.0,7240.0,7250.0,30198,0.0,0.0
2023-03-02 09:00:00+09:00,7250.0,7300.0,7100.0,7190.0,0,0.0,0.0
2023-03-02 10:00:00+09:00,7190.0,7240.0,7090.0,7120.0,85530,0.0,0.0
2023-03-02 11:00:00+09:00,7120.0,7130.0,7040.0,7090.0,71992,0.0,0.0
2023-03-02 12:00:00+09:00,7090.0,7120.0,7080.0,7110.0,18337,0.0,0.0
2023-03-02 13:00:00+09:00,7110.0,7180.0,7110.0,7120.0,42969,0.0,0.0
2023-03-02 14:00:00+09:00,7120.0,7150.0,7110.0,7130.0,38618,0.0,0.0
2023-03-03 09:00:00+09:00,7340.0,7420.0,7250.0,7270.0,87002,0.0,0.0
2023-03-03 10:00:00+09:00,7250.0,7290.0,7210.0,7230.0,71396,0.0,0.0
2023-03-03 11:00:00+09:00,7230.0,7250.0,7210.0,7230.0,27812,0.0,0.0
2023-03-03 12:00:00+09:00,7230.0,7250.0,7210.0,7240.0,25047,0.0,0.0
2023-03-03 13:00:00+09:00,7230.0,7230.0,7190.0,7210.0,32180,0.0,0.0
2023-03-03 14:00:00+09:00,7210.0,7230.0,7180.0,7200.0,31765,0.0,0.0
2023-03-06 09:00:00+09:00,7210.0,7370.0,7100.0,7280.0,0,0.0,0.0
2023-03-06 10:00:00+09:00,7280.0,7390.0,7270.0,7350.0,135638,0.0,0.0
2023-03-06 11:00:00+09:00,7360.0,7380.0,7340.0,7340.0,78732,0.0,0.0
2023-03-06 12:00:00+09:00,7340.0,7350.0,7310.0,7350.0,42041,0.0,0.0
2023-03-06 13:00:00+09:00,7340.0,7350.0,7260.0,7290.0,36891,0.0,0.0
2023-03-06 14:00:00+09:00,7290.0,7290.0,7250.0,7280.0,63639,0.0,0.0
2023-03-07 09:00:00+09:00,7380.0,7380.0,7170.0,7210.0,0,0.0,0.0
2023-03-07 10:00:00+09:00,7240.0,7240.0,7170.0,7180.0,69322,0.0,0.0
2023-03-07 11:00:00+09:00,7180.0,7190.0,7150.0,7160.0,52024,0.0,0.0
2023-03-07 12:00:00+09:00,7160.0,7180.0,7150.0,7170.0,31638,0.0,0.0
2023-03-07 13:00:00+09:00,7170.0,7190.0,7130.0,7140.0,32831,0.0,0.0
2023-03-07 14:00:00+09:00,7140.0,7170.0,7140.0,7160.0,20832,0.0,0.0
2023-03-08 09:00:00+09:00,7220.0,7350.0,7180.0,7200.0,0,0.0,0.0
2023-03-08 10:00:00+09:00,7200.0,7210.0,7130.0,7150.0,74854,0.0,0.0
2023-03-08 11:00:00+09:00,7150.0,7170.0,7120.0,7120.0,38929,0.0,0.0
2023-03-08 12:00:00+09:00,7120.0,7140.0,7110.0,7130.0,21658,0.0,0.0
2023-03-08 13:00:00+09:00,7130.0,7150.0,7120.0,7140.0,18006,0.0,0.0
2023-03-08 14:00:00+09:00,7140.0,7140.0,7080.0,7100.0,39932,0.0,0.0
2023-03-09 09:00:00+09:00,7140.0,7290.0,7120.0,7170.0,0,0.0,0.0
2023-03-09 10:00:00+09:00,7170.0,7180.0,7010.0,7050.0,118506,0.0,0.0
2023-03-09 11:00:00+09:00,7030.0,7070.0,7010.0,7050.0,35824,0.0,0.0
2023-03-09 12:00:00+09:00,7050.0,7080.0,7020.0,7060.0,18915,0.0,0.0
2023-03-09 13:00:00+09:00,7060.0,7060.0,7010.0,7020.0,34492,0.0,0.0
2023-03-09 14:00:00+09:00,7020.0,7020.0,6990.0,7010.0,47733,0.0,0.0
2023-03-10 09:00:00+09:00,6930.0,7120.0,6920.0,7060.0,0,0.0,0.0
2023-03-10 10:00:00+09:00,7060.0,7060.0,6920.0,6960.0,37922,0.0,0.0
2023-03-10 11:00:00+09:00,6960.0,7040.0,6960.0,6970.0,19005,0.0,0.0
2023-03-10 12:00:00+09:00,6980.0,6990.0,6940.0,6950.0,18902,0.0,0.0
2023-03-10 13:00:00+09:00,6950.0,6960.0,6900.0,6940.0,49537,0.0,0.0
2023-03-10 14:00:00+09:00,6950.0,6960.0,6940.0,6960.0,27467,0.0,0.0
2023-03-13 09:00:00+09:00,6760.0,6840.0,6560.0,6610.0,0,0.0,0.0
2023-03-13 10:00:00+09:00,6620.0,6640.0,6510.0,6600.0,69551,0.0,0.0
2023-03-13 11:00:00+09:00,6600.0,6620.0,6550.0,6620.0,30906,0.0,0.0
2023-03-13 12:00:00+09:00,6620.0,6660.0,6610.0,6660.0,28381,0.0,0.0
2023-03-13 13:00:00+09:00,6660.0,6700.0,6620.0,6690.0,22431,0.0,0.0
2023-03-13 14:00:00+09:00,6700.0,6720.0,6670.0,6690.0,19629,0.0,0.0
2023-03-14 09:00:00+09:00,6770.0,6780.0,6420.0,6430.0,0,0.0,0.0
2023-03-14 10:00:00+09:00,6420.0,6490.0,6410.0,6440.0,28302,0.0,0.0
2023-03-14 11:00:00+09:00,6440.0,6460.0,6430.0,6430.0,12852,0.0,0.0
2023-03-14 12:00:00+09:00,6450.0,6450.0,6410.0,6430.0,15021,0.0,0.0
2023-03-14 13:00:00+09:00,6430.0,6440.0,6400.0,6410.0,23500,0.0,0.0
2023-03-14 14:00:00+09:00,6410.0,6410.0,6360.0,6360.0,27816,0.0,0.0
2023-03-15 09:00:00+09:00,6400.0,6510.0,6350.0,6480.0,0,0.0,0.0
2023-03-15 10:00:00+09:00,6470.0,6530.0,6450.0,6490.0,30041,0.0,0.0
2023-03-15 11:00:00+09:00,6500.0,6550.0,6490.0,6530.0,21376,0.0,0.0
2023-03-15 12:00:00+09:00,6530.0,6550.0,6490.0,6500.0,12731,0.0,0.0
2023-03-15 13:00:00+09:00,6500.0,6520.0,6470.0,6470.0,10473,0.0,0.0
2023-03-15 14:00:00+09:00,6470.0,6480.0,6370.0,6450.0,26359,0.0,0.0
2023-03-16 09:00:00+09:00,6550.0,6700.0,6410.0,6580.0,48419,0.0,0.0
2023-03-16 10:00:00+09:00,6580.0,6600.0,6490.0,6510.0,54000,0.0,0.0
2023-03-16 11:00:00+09:00,6500.0,6510.0,6440.0,6480.0,34333,0.0,0.0
2023-03-16 12:00:00+09:00,6470.0,6510.0,6450.0,6450.0,25412,0.0,0.0
2023-03-16 13:00:00+09:00,6450.0,6520.0,6420.0,6480.0,17895,0.0,0.0
2023-03-16 14:00:00+09:00,6480.0,6570.0,6450.0,6510.0,26657,0.0,0.0
2023-03-17 09:00:00+09:00,6800.0,6980.0,6740.0,6930.0,485580,0.0,0.0
2023-03-17 10:00:00+09:00,6930.0,7250.0,6930.0,7110.0,676449,0.0,0.0
2023-03-17 11:00:00+09:00,7110.0,7150.0,7020.0,7090.0,152159,0.0,0.0
2023-03-17 12:00:00+09:00,7100.0,7100.0,6930.0,7000.0,74625,0.0,0.0
2023-03-17 13:00:00+09:00,7000.0,7100.0,6950.0,7070.0,77919,0.0,0.0
2023-03-17 14:00:00+09:00,7080.0,7080.0,6910.0,6920.0,89273,0.0,0.0
2023-03-20 09:00:00+09:00,6980.0,7080.0,6650.0,6930.0,0,0.0,0.0
2023-03-20 10:00:00+09:00,6950.0,7020.0,6880.0,7020.0,78513,0.0,0.0
2023-03-20 11:00:00+09:00,7020.0,7040.0,6950.0,7010.0,35089,0.0,0.0
2023-03-20 12:00:00+09:00,7000.0,7110.0,6980.0,7090.0,69748,0.0,0.0
2023-03-20 13:00:00+09:00,7080.0,7130.0,7050.0,7110.0,69119,0.0,0.0
2023-03-20 14:00:00+09:00,7110.0,7120.0,7060.0,7090.0,42613,0.0,0.0
2023-03-21 09:00:00+09:00,7030.0,7130.0,6890.0,6930.0,0,0.0,0.0
2023-03-21 10:00:00+09:00,6930.0,6960.0,6900.0,6920.0,34203,0.0,0.0
2023-03-21 11:00:00+09:00,6950.0,6990.0,6920.0,6930.0,31257,0.0,0.0
2023-03-21 12:00:00+09:00,6930.0,6970.0,6910.0,6910.0,25344,0.0,0.0
2023-03-21 13:00:00+09:00,6910.0,6930.0,6860.0,6870.0,48655,0.0,0.0
2023-03-21 14:00:00+09:00,6860.0,6890.0,6850.0,6880.0,61104,0.0,0.0
2023-03-22 09:00:00+09:00,6910.0,6940.0,6820.0,6830.0,92639,0.0,0.0
2023-03-22 10:00:00+09:00,6830.0,6860.0,6810.0,6850.0,53504,0.0,0.0
2023-03-22 11:00:00+09:00,6850.0,7120.0,6850.0,7020.0,239059,0.0,0.0
2023-03-22 12:00:00+09:00,7020.0,7070.0,6950.0,7030.0,69611,0.0,0.0
2023-03-22 13:00:00+09:00,7030.0,7090.0,7000.0,7020.0,95637,0.0,0.0
2023-03-22 14:00:00+09:00,7020.0,7030.0,6990.0,7010.0,41443,0.0,0.0
2023-03-23 09:00:00+09:00,6940.0,7040.0,6910.0,6920.0,0,0.0,0.0
2023-03-23 10:00:00+09:00,6920.0,7080.0,6890.0,7040.0,110425,0.0,0.0
2023-03-23 11:00:00+09:00,7040.0,7070.0,6990.0,7040.0,49264,0.0,0.0
2023-03-23 12:00:00+09:00,7040.0,7140.0,7040.0,7050.0,126925,0.0,0.0
2023-03-23 13:00:00+09:00,7050.0,7070.0,7020.0,7050.0,30278,0.0,0.0
2023-03-23 14:00:00+09:00,7050.0,7060.0,6940.0,6980.0,78003,0.0,0.0
2023-03-24 09:00:00+09:00,6980.0,6980.0,6790.0,6840.0,113012,0.0,0.0
2023-03-24 10:00:00+09:00,6840.0,6890.0,6780.0,6820.0,49551,0.0,0.0
2023-03-24 11:00:00+09:00,6810.0,6840.0,6790.0,6820.0,21365,0.0,0.0
2023-03-24 12:00:00+09:00,6820.0,6820.0,6800.0,6810.0,14154,0.0,0.0
2023-03-24 13:00:00+09:00,6800.0,6810.0,6780.0,6800.0,32487,0.0,0.0
2023-03-24 14:00:00+09:00,6800.0,6870.0,6790.0,6800.0,19187,0.0,0.0
2023-03-27 09:00:00+09:00,6850.0,6870.0,6640.0,6670.0,0,0.0,0.0
2023-03-27 10:00:00+09:00,6680.0,6830.0,6670.0,6740.0,50707,0.0,0.0
2023-03-27 11:00:00+09:00,6740.0,6790.0,6650.0,6720.0,51527,0.0,0.0
2023-03-27 12:00:00+09:00,6720.0,6750.0,6690.0,6730.0,21665,0.0,0.0
2023-03-27 13:00:00+09:00,6730.0,6740.0,6700.0,6730.0,14731,0.0,0.0
2023-03-27 14:00:00+09:00,6720.0,6770.0,6720.0,6760.0,21313,0.0,0.0
2023-03-28 09:00:00+09:00,7040.0,7170.0,6870.0,6910.0,273377,0.0,0.0
2023-03-28 10:00:00+09:00,6910.0,6910.0,6800.0,6870.0,86991,0.0,0.0
2023-03-28 11:00:00+09:00,6870.0,6890.0,6830.0,6880.0,22751,0.0,0.0
2023-03-28 12:00:00+09:00,6880.0,6890.0,6870.0,6870.0,11893,0.0,0.0
2023-03-28 13:00:00+09:00,6870.0,6880.0,6840.0,6850.0,28656,0.0,0.0
2023-03-28 14:00:00+09:00,6850.0,6900.0,6820.0,6900.0,37275,0.0,0.0
2023-03-29 09:00:00+09:00,6910.0,6920.0,6810.0,6830.0,0,0.0,0.0
2023-03-29 10:00:00+09:00,6830.0,6850.0,6810.0,6820.0,33363,0.0,0.0
2023-03-29 11:00:00+09:00,6820.0,6840.0,6800.0,6800.0,23554,0.0,0.0
2023-03-29 12:00:00+09:00,6810.0,6830.0,6800.0,6820.0,9803,0.0,0.0
2023-03-29 13:00:00+09:00,6820.0,6830.0,6800.0,6820.0,24962,0.0,0.0
2023-03-29 14:00:00+09:00,6820.0,6830.0,6800.0,6820.0,19268,0.0,0.0
2023-03-30 09:00:00+09:00,6850.0,6880.0,6740.0,6810.0,101673,0.0,0.0
2023-03-30 10:00:00+09:00,6810.0,6820.0,6780.0,6810.0,27158,0.0,0.0
2023-03-30 11:00:00+09:00,6810.0,6820.0,6790.0,6790.0,23104,0.0,0.0
2023-03-30 12:00:00+09:00,6790.0,6820.0,6780.0,6820.0,19523,0.0,0.0
2023-03-30 13:00:00+09:00,6820.0,6870.0,6800.0,6830.0,34164,0.0,0.0
2023-03-30 14:00:00+09:00,6830.0,6860.0,6810.0,6830.0,28040,0.0,0.0
2023-03-31 09:00:00+09:00,6900.0,6900.0,6750.0,6750.0,102202,0.0,0.0
2023-03-31 10:00:00+09:00,6750.0,6770.0,6700.0,6730.0,60713,0.0,0.0
2023-03-31 11:00:00+09:00,6730.0,6740.0,6710.0,6710.0,17255,0.0,0.0
2023-03-31 12:00:00+09:00,6710.0,6730.0,6700.0,6730.0,20747,0.0,0.0
2023-03-31 13:00:00+09:00,6730.0,6730.0,6650.0,6720.0,72580,0.0,0.0
2023-03-31 14:00:00+09:00,6720.0,6720.0,6660.0,6680.0,30503,0.0,0.0
2023-04-03 09:00:00+09:00,6610.0,6660.0,6550.0,6590.0,0,0.0,0.0
2023-04-03 10:00:00+09:00,6590.0,6610.0,6540.0,6580.0,61812,0.0,0.0
2023-04-03 11:00:00+09:00,6580.0,6600.0,6550.0,6580.0,21028,0.0,0.0
2023-04-03 12:00:00+09:00,6580.0,6610.0,6570.0,6590.0,22743,0.0,0.0
2023-04-03 13:00:00+09:00,6590.0,6600.0,6570.0,6580.0,16047,0.0,0.0
2023-04-03 14:00:00+09:00,6580.0,6590.0,6560.0,6570.0,14342,0.0,0.0
2023-04-04 09:00:00+09:00,6570.0,6660.0,6530.0,6540.0,60416,0.0,0.0
2023-04-04 10:00:00+09:00,6540.0,6580.0,6530.0,6570.0,27463,0.0,0.0
2023-04-04 11:00:00+09:00,6570.0,6570.0,6540.0,6540.0,24188,0.0,0.0
2023-04-04 12:00:00+09:00,6540.0,6570.0,6530.0,6540.0,16789,0.0,0.0
2023-04-04 13:00:00+09:00,6540.0,6570.0,6530.0,6570.0,16283,0.0,0.0
2023-04-04 14:00:00+09:00,6570.0,6590.0,6550.0,6550.0,38211,0.0,0.0
2023-04-05 09:00:00+09:00,6530.0,6580.0,6510.0,6540.0,51071,0.0,0.0
2023-04-05 10:00:00+09:00,6540.0,6570.0,6520.0,6540.0,29581,0.0,0.0
2023-04-05 11:00:00+09:00,6550.0,6630.0,6540.0,6610.0,48711,0.0,0.0
2023-04-05 12:00:00+09:00,6620.0,6620.0,6570.0,6580.0,17407,0.0,0.0
2023-04-05 13:00:00+09:00,6580.0,6590.0,6560.0,6570.0,12214,0.0,0.0
2023-04-05 14:00:00+09:00,6570.0,6580.0,6550.0,6560.0,13308,0.0,0.0
2023-04-06 09:00:00+09:00,6510.0,6560.0,6400.0,6410.0,87861,0.0,0.0
2023-04-06 10:00:00+09:00,6410.0,6450.0,6390.0,6410.0,31734,0.0,0.0
2023-04-06 11:00:00+09:00,6410.0,6430.0,6380.0,6400.0,22989,0.0,0.0
2023-04-06 12:00:00+09:00,6400.0,6400.0,6360.0,6370.0,30163,0.0,0.0
2023-04-06 13:00:00+09:00,6360.0,6390.0,6350.0,6360.0,31426,0.0,0.0
2023-04-06 14:00:00+09:00,6360.0,6430.0,6350.0,6430.0,20120,0.0,0.0
2023-04-07 09:00:00+09:00,6400.0,6470.0,6370.0,6460.0,52512,0.0,0.0
2023-04-07 10:00:00+09:00,6460.0,6510.0,6430.0,6460.0,62669,0.0,0.0
2023-04-07 11:00:00+09:00,6460.0,6460.0,6410.0,6410.0,18393,0.0,0.0
2023-04-07 12:00:00+09:00,6410.0,6420.0,6400.0,6410.0,7956,0.0,0.0
2023-04-07 13:00:00+09:00,6410.0,6430.0,6370.0,6380.0,13863,0.0,0.0
2023-04-07 14:00:00+09:00,6380.0,6400.0,6360.0,6400.0,16748,0.0,0.0
2023-04-10 09:00:00+09:00,6400.0,6430.0,6130.0,6180.0,0,0.0,0.0
2023-04-10 10:00:00+09:00,6190.0,6230.0,6150.0,6180.0,32794,0.0,0.0
2023-04-10 11:00:00+09:00,6170.0,6180.0,6150.0,6170.0,22047,0.0,0.0
2023-04-10 12:00:00+09:00,6170.0,6210.0,6160.0,6190.0,29423,0.0,0.0
2023-04-10 13:00:00+09:00,6190.0,6200.0,6150.0,6170.0,25436,0.0,0.0
2023-04-10 14:00:00+09:00,6170.0,6200.0,6160.0,6200.0,17186,0.0,0.0
2023-04-11 09:00:00+09:00,6180.0,6240.0,6040.0,6110.0,81978,0.0,0.0
2023-04-11 10:00:00+09:00,6110.0,6150.0,6070.0,6130.0,33155,0.0,0.0
2023-04-11 11:00:00+09:00,6130.0,6150.0,6100.0,6140.0,16825,0.0,0.0
2023-04-11 12:00:00+09:00,6120.0,6130.0,6100.0,6120.0,15390,0.0,0.0
2023-04-11 13:00:00+09:00,6120.0,6180.0,6100.0,6170.0,18771,0.0,0.0
2023-04-11 14:00:00+09:00,6170.0,6240.0,6130.0,6240.0,42944,0.0,0.0
2023-04-12 09:00:00+09:00,6170.0,6290.0,6130.0,6250.0,66216,0.0,0.0
2023-04-12 10:00:00+09:00,6250.0,6340.0,6180.0,6230.0,71309,0.0,0.0
2023-04-12 11:00:00+09:00,6230.0,6230.0,6190.0,6230.0,15300,0.0,0.0
2023-04-12 12:00:00+09:00,6230.0,6250.0,6220.0,6240.0,13355,0.0,0.0
2023-04-12 13:00:00+09:00,6240.0,6290.0,6230.0,6270.0,19286,0.0,0.0
2023-04-12 14:00:00+09:00,6260.0,6280.0,6230.0,6250.0,26072,0.0,0.0
2023-04-13 09:00:00+09:00,6200.0,6200.0,6070.0,6110.0,0,0.0,0.0
2023-04-13 10:00:00+09:00,6110.0,6150.0,6100.0,6130.0,25926,0.0,0.0
2023-04-13 11:00:00+09:00,6130.0,6140.0,6110.0,6120.0,14107,0.0,0.0
2023-04-13 12:00:00+09:00,6120.0,6130.0,6110.0,6130.0,16743,0.0,0.0
2023-04-13 13:00:00+09:00,6140.0,6350.0,6100.0,6230.0,71855,0.0,0.0
2023-04-13 14:00:00+09:00,6230.0,6270.0,6170.0,6230.0,35015,0.0,0.0
2023-04-14 09:00:00+09:00,6250.0,6290.0,6190.0,6200.0,44810,0.0,0.0
2023-04-14 10:00:00+09:00,6210.0,6250.0,6190.0,6230.0,29385,0.0,0.0
2023-04-14 11:00:00+09:00,6230.0,6290.0,6230.0,6260.0,31350,0.0,0.0
2023-04-14 12:00:00+09:00,6270.0,6280.0,6250.0,6280.0,22054,0.0,0.0
2023-04-14 13:00:00+09:00,6280.0,6280.0,6240.0,6260.0,16735,0.0,0.0
2023-04-14 14:00:00+09:00,6250.0,6260.0,6240.0,6250.0,13417,0.0,0.0
2023-04-17 09:00:00+09:00,6350.0,6390.0,6230.0,6270.0,0,0.0,0.0
2023-04-17 10:00:00+09:00,6280.0,6430.0,6270.0,6360.0,96047,0.0,0.0
2023-04-17 11:00:00+09:00,6360.0,6390.0,6320.0,6340.0,18864,0.0,0.0
2023-04-17 12:00:00+09:00,6340.0,6350.0,6320.0,6340.0,10339,0.0,0.0
2023-04-17 13:00:00+09:00,6330.0,6380.0,6330.0,6360.0,17574,0.0,0.0
2023-04-17 14:00:00+09:00,6360.0,6370.0,6310.0,6310.0,17378,0.0,0.0
2023-04-18 09:00:00+09:00,6370.0,6370.0,6210.0,6220.0,0,0.0,0.0
2023-04-18 10:00:00+09:00,6220.0,6250.0,6200.0,6250.0,19579,0.0,0.0
2023-04-18 11:00:00+09:00,6250.0,6250.0,6210.0,6240.0,17769,0.0,0.0
2023-04-18 12:00:00+09:00,6240.0,6240.0,6210.0,6220.0,11379,0.0,0.0
2023-04-18 13:00:00+09:00,6220.0,6250.0,6220.0,6240.0,14240,0.0,0.0
2023-04-18 14:00:00+09:00,6230.0,6260.0,6230.0,6250.0,13723,0.0,0.0
2023-04-19 09:00:00+09:00,6260.0,6260.0,6160.0,6190.0,52170,0.0,0.0
2023-04-19 10:00:00+09:00,6190.0,6220.0,6160.0,6190.0,19651,0.0,0.0
2023-04-19 11:00:00+09:00,6200.0,6230.0,6170.0,6190.0,19556,0.0,0.0
2023-04-19 12:00:00+09:00,6210.0,6210.0,6190.0,6200.0,9071,0.0,0.0
2023-04-19 13:00:00+09:00,6200.0,6530.0,6190.0,6290.0,142279,0.0,0.0
2023-04-19 14:00:00+09:00,6290.0,6300.0,6210.0,6240.0,40996,0.0,0.0
2023-04-20 09:00:00+09:00,6250.0,6340.0,6150.0,6170.0,0,0.0,0.0
2023-04-20 10:00:00+09:00,6170.0,6180.0,6140.0,6160.0,27983,0.0,0.0
2023-04-20 11:00:00+09:00,6160.0,6170.0,6140.0,6150.0,15016,0.0,0.0
2023-04-20 12:00:00+09:00,6140.0,6190.0,6140.0,6190.0,14862,0.0,0.0
2023-04-20 13:00:00+09:00,6170.0,6170.0,6130.0,6160.0,18810,0.0,0.0
2023-04-20 14:00:00+09:00,6160.0,6160.0,6090.0,6100.0,53058,0.0,0.0
2023-04-21 09:00:00+09:00,6180.0,6290.0,6180.0,6270.0,193620,0.0,0.0
2023-04-21 10:00:00+09:00,6270.0,6330.0,6240.0,6270.0,76374,0.0,0.0
2023-04-21 11:00:00+09:00,6260.0,6280.0,6230.0,6240.0,32687,0.0,0.0
2023-04-21 12:00:00+09:00,6240.0,6260.0,6210.0,6230.0,12260,0.0,0.0
2023-04-21 13:00:00+09:00,6230.0,6240.0,6190.0,6190.0,26680,0.0,0.0
2023-04-21 14:00:00+09:00,6190.0,6190.0,6150.0,6150.0,21715,0.0,0.0
2023-04-24 09:00:00+09:00,6120.0,6140.0,6050.0,6050.0,0,0.0,0.0
2023-04-24 10:00:00+09:00,6060.0,6120.0,6050.0,6070.0,25210,0.0,0.0
2023-04-24 11:00:00+09:00,6070.0,6080.0,6050.0,6050.0,15424,0.0,0.0
2023-04-24 12:00:00+09:00,6050.0,6060.0,6010.0,6020.0,22112,0.0,0.0
2023-04-24 13:00:00+09:00,6020.0,6050.0,6010.0,6040.0,12091,0.0,0.0
2023-04-24 14:00:00+09:00,6040.0,6050.0,6020.0,6030.0,8144,0.0,0.0
2023-04-25 09:00:00+09:00,6120.0,6120.0,6040.0,6040.0,0,0.0,0.0
2023-04-25 10:00:00+09:00,6040.0,6090.0,5990.0,6000.0,24880,0.0,0.0
2023-04-25 11:00:00+09:00,5990.0,6000.0,5960.0,5970.0,18631,0.0,0.0
2023-04-25 12:00:00+09:00,5970.0,5970.0,5900.0,5940.0,20065,0.0,0.0
2023-04-25 13:00:00+09:00,5940.0,5960.0,5930.0,5950.0,8571,0.0,0.0
2023-04-25 14:00:00+09:00,5950.0,5960.0,5930.0,5940.0,15657,0.0,0.0
2023-04-26 09:00:00+09:00,5820.0,5900.0,5770.0,5900.0,0,0.0,0.0
2023-04-26 10:00:00+09:00,5900.0,5970.0,5890.0,5940.0,14224,0.0,0.0
2023-04-26 11:00:00+09:00,5960.0,5960.0,5900.0,5910.0,9810,0.0,0.0
2023-04-26 12:00:00+09:00,5900.0,5910.0,5880.0,5900.0,5464,0.0,0.0
2023-04-26 13:00:00+09:00,5900.0,5910.0,5880.0,5890.0,5045,0.0,0.0
2023-04-26 14:00:00+09:00,5880.0,5900.0,5860.0,5880.0,11844,0.0,0.0
2023-04-27 09:00:00+09:00,5780.0,5810.0,5750.0,5750.0,0,0.0,0.0
2023-04-27 10:00:00+09:00,5740.0,5770.0,5690.0,5720.0,25907,0.0,0.0
2023-04-27 11:00:00+09:00,5720.0,5750.0,5700.0,5740.0,23144,0.0,0.0
2023-04-27 12:00:00+09:00,5740.0,5750.0,5730.0,5740.0,9572,0.0,0.0
2023-04-27 13:00:00+09:00,5740.0,5760.0,5680.0,5760.0,23536,0.0,0.0
2023-04-27 14:00:00+09:00,5760.0,5810.0,5750.0,5780.0,19795,0.0,0.0
2023-04-28 09:00:00+09:00,5970.0,6000.0,5810.0,5860.0,0,0.0,0.0
2023-04-28 10:00:00+09:00,5860.0,5870.0,5820.0,5850.0,16839,0.0,0.0
2023-04-28 11:00:00+09:00,5850.0,5850.0,5800.0,5810.0,11668,0.0,0.0
2023-04-28 12:00:00+09:00,5810.0,5810.0,5780.0,5780.0,9016,0.0,0.0
2023-04-28 13:00:00+09:00,5800.0,5830.0,5790.0,5810.0,5836,0.0,0.0
2023-04-28 14:00:00+09:00,5810.0,5820.0,5780.0,5800.0,8455,0.0,0.0
2023-05-02 09:00:00+09:00,5780.0,5870.0,5770.0,5830.0,0,0.0,0.0
2023-05-02 10:00:00+09:00,5830.0,5870.0,5800.0,5860.0,10442,0.0,0.0
2023-05-02 11:00:00+09:00,5860.0,5870.0,5830.0,5850.0,5847,0.0,0.0
2023-05-02 12:00:00+09:00,5850.0,5860.0,5820.0,5850.0,7901,0.0,0.0
2023-05-02 13:00:00+09:00,5860.0,5860.0,5830.0,5840.0,8867,0.0,0.0
2023-05-02 14:00:00+09:00,5850.0,5850.0,5830.0,5840.0,4992,0.0,0.0
2023-05-03 09:00:00+09:00,5760.0,5840.0,5750.0,5810.0,18323,0.0,0.0
2023-05-03 10:00:00+09:00,5810.0,5820.0,5780.0,5780.0,11310,0.0,0.0
2023-05-03 11:00:00+09:00,5790.0,5800.0,5780.0,5790.0,7518,0.0,0.0
2023-05-03 12:00:00+09:00,5790.0,5800.0,5770.0,5790.0,4832,0.0,0.0
2023-05-03 13:00:00+09:00,5790.0,5790.0,5720.0,5750.0,25411,0.0,0.0
2023-05-03 14:00:00+09:00,5750.0,5790.0,5750.0,5760.0,6901,0.0,0.0
2023-05-04 09:00:00+09:00,5740.0,5850.0,5700.0,5790.0,23311,0.0,0.0
2023-05-04 10:00:00+09:00,5780.0,5830.0,5760.0,5820.0,16973,0.0,0.0
2023-05-04 11:00:00+09:00,5820.0,5920.0,5800.0,5810.0,28360,0.0,0.0
2023-05-04 12:00:00+09:00,5830.0,5840.0,5800.0,5810.0,3705,0.0,0.0
2023-05-04 13:00:00+09:00,5810.0,5830.0,5790.0,5810.0,7083,0.0,0.0
2023-05-04 14:00:00+09:00,5810.0,5830.0,5800.0,5820.0,7932,0.0,0.0
2023-05-08 09:00:00+09:00,5860.0,5910.0,5840.0,5890.0,0,0.0,0.0
2023-05-08 10:00:00+09:00,5890.0,5920.0,5880.0,5890.0,14850,0.0,0.0
2023-05-08 11:00:00+09:00,5900.0,5910.0,5870.0,5880.0,11151,0.0,0.0
2023-05-08 12:00:00+09:00,5880.0,5900.0,5870.0,5890.0,7722,0.0,0.0
2023-05-08 13:00:00+09:00,5880.0,5900.0,5870.0,5890.0,8623,0.0,0.0
2023-05-08 14:00:00+09:00,5900.0,5900.0,5860.0,5880.0,10138,0.0,0.0
2023-05-09 09:00:00+09:00,5890.0,5990.0,5880.0,5880.0,55168,0.0,0.0
2023-05-09 10:00:00+09:00,5880.0,5920.0,5850.0,5910.0,12928,0.0,0.0
2023-05-09 11:00:00+09:00,5910.0,5910.0,5890.0,5900.0,5696,0.0,0.0
2023-05-09 12:00:00+09:00,5900.0,5900.0,5890.0,5900.0,5157,0.0,0.0
2023-05-09 13:00:00+09:00,5900.0,5900.0,5870.0,5880.0,8398,0.0,0.0
2023-05-09 14:00:00+09:00,5880.0,5900.0,5860.0,5860.0,8705,0.0,0.0
2023-05-10 09:00:00+09:00,5880.0,5920.0,5800.0,5820.0,18232,0.0,0.0
2023-05-10 10:00:00+09:00,5820.0,5830.0,5780.0,5820.0,13844,0.0,0.0
2023-05-10 11:00:00+09:00,5820.0,5820.0,5780.0,5790.0,7554,0.0,0.0
2023-05-10 12:00:00+09:00,5790.0,5810.0,5780.0,5790.0,11973,0.0,0.0
2023-05-10 13:00:00+09:00,5790.0,5810.0,5780.0,5800.0,9528,0.0,0.0
2023-05-10 14:00:00+09:00,5800.0,5830.0,5780.0,5790.0,11145,0.0,0.0
2023-05-11 09:00:00+09:00,5820.0,5860.0,5800.0,5830.0,25150,0.0,0.0
2023-05-11 10:00:00+09:00,5820.0,5830.0,5790.0,5790.0,13249,0.0,0.0
2023-05-11 11:00:00+09:00,5800.0,5810.0,5790.0,5810.0,1758,0.0,0.0
2023-05-11 12:00:00+09:00,5800.0,5820.0,5790.0,5820.0,5709,0.0,0.0
2023-05-11 13:00:00+09:00,5820.0,5820.0,5800.0,5810.0,6755,0.0,0.0
2023-05-11 14:00:00+09:00,5800.0,5810.0,5760.0,5780.0,18370,0.0,0.0
2023-05-12 09:00:00+09:00,5760.0,5770.0,5690.0,5740.0,28212,0.0,0.0
2023-05-12 10:00:00+09:00,5740.0,5740.0,5700.0,5720.0,9165,0.0,0.0
2023-05-12 11:00:00+09:00,5720.0,5720.0,5680.0,5690.0,19818,0.0,0.0
2023-05-12 12:00:00+09:00,5690.0,5700.0,5670.0,5680.0,12232,0.0,0.0
2023-05-12 13:00:00+09:00,5670.0,5700.0,5670.0,5700.0,10530,0.0,0.0
2023-05-12 14:00:00+09:00,5690.0,5700.0,5670.0,5680.0,6321,0.0,0.0
2023-05-15 09:00:00+09:00,5710.0,5730.0,5600.0,5640.0,0,0.0,0.0
2023-05-15 10:00:00+09:00,5640.0,5640.0,5600.0,5620.0,9488,0.0,0.0
2023-05-15 11:00:00+09:00,5620.0,5630.0,5600.0,5600.0,7330,0.0,0.0
2023-05-15 12:00:00+09:00,5600.0,5600.0,5550.0,5550.0,12439,0.0,0.0
2023-05-15 13:00:00+09:00,5580.0,5590.0,5540.0,5580.0,9356,0.0,0.0
2023-05-15 14:00:00+09:00,5590.0,5590.0,5530.0,5540.0,14070,0.0,0.0
2023-05-16 09:00:00+09:00,5540.0,5600.0,5500.0,5520.0,0,0.0,0.0
2023-05-16 10:00:00+09:00,5520.0,5520.0,5440.0,5470.0,15313,0.0,0.0
2023-05-16 11:00:00+09:00,5480.0,5480.0,5430.0,5450.0,16998,0.0,0.0
2023-05-16 12:00:00+09:00,5450.0,5470.0,5440.0,5470.0,9927,0.0,0.0
2023-05-16 13:00:00+09:00,5470.0,5540.0,5460.0,5510.0,11715,0.0,0.0
2023-05-16 14:00:00+09:00,5500.0,5500.0,5430.0,5470.0,19552,0.0,0.0
2023-05-17 09:00:00+09:00,5430.0,5520.0,5410.0,5510.0,0,0.0,0.0
2023-05-17 10:00:00+09:00,5510.0,5540.0,5470.0,5510.0,22127,0.0,0.0
2023-05-17 11:00:00+09:00,5510.0,5530.0,5500.0,5520.0,9479,0.0,0.0
2023-05-17 12:00:00+09:00,5520.0,5530.0,5510.0,5530.0,8767,0.0,0.0
2023-05-17 13:00:00+09:00,5530.0,5560.0,5520.0,5540.0,12893,0.0,0.0
2023-05-17 14:00:00+09:00,5540.0,5540.0,5490.0,5530.0,9776,0.0,0.0
2023-05-18 09:00:00+09:00,5560.0,5650.0,5560.0,5650.0,0,0.0,0.0
2023-05-18 10:00:00+09:00,5660.0,5670.0,5600.0,5630.0,14949,0.0,0.0
2023-05-18 11:00:00+09:00,5630.0,5630.0,5610.0,5620.0,5242,0.0,0.0
2023-05-18 12:00:00+09:00,5620.0,5620.0,5580.0,5580.0,13098,0.0,0.0
2023-05-18 13:00:00+09:00,5590.0,5620.0,5570.0,5620.0,24451,0.0,0.0
2023-05-18 14:00:00+09:00,5620.0,5630.0,5590.0,5630.0,13190,0.0,0.0
2023-05-19 09:00:00+09:00,5660.0,5720.0,5630.0,5700.0,0,0.0,0.0
2023-05-19 10:00:00+09:00,5700.0,5700.0,5670.0,5690.0,9783,0.0,0.0
2023-05-19 11:00:00+09:00,5690.0,5710.0,5670.0,5670.0,11635,0.0,0.0
2023-05-19 12:00:00+09:00,5680.0,5690.0,5650.0,5650.0,11787,0.0,0.0
2023-05-19 13:00:00+09:00,5650.0,5670.0,5640.0,5660.0,12027,0.0,0.0
2023-05-19 14:00:00+09:00,5660.0,5680.0,5650.0,5660.0,8164,0.0,0.0
2023-05-22 09:00:00+09:00,5700.0,5710.0,5620.0,5620.0,0,0.0,0.0
2023-05-22 10:00:00+09:00,5640.0,5680.0,5600.0,5680.0,29226,0.0,0.0
2023-05-22 11:00:00+09:00,5670.0,5680.0,5660.0,5680.0,4852,0.0,0.0
2023-05-22 12:00:00+09:00,5680.0,5700.0,5670.0,5680.0,11315,0.0,0.0
2023-05-22 13:00:00+09:00,5680.0,5700.0,5670.0,5690.0,14092,0.0,0.0
2023-05-22 14:00:00+09:00,5700.0,5710.0,5670.0,5710.0,8767,0.0,0.0
2023-05-23 09:00:00+09:00,5730.0,5730.0,5670.0,5710.0,0,0.0,0.0
2023-05-23 10:00:00+09:00,5710.0,5710.0,5640.0,5640.0,18205,0.0,0.0
2023-05-23 11:00:00+09:00,5650.0,5680.0,5640.0,5670.0,7471,0.0,0.0
2023-05-23 12:00:00+09:00,5670.0,5700.0,5660.0,5680.0,2905,0.0,0.0
2023-05-23 13:00:00+09:00,5680.0,5690.0,5660.0,5680.0,8920,0.0,0.0
2023-05-23 14:00:00+09:00,5680.0,5690.0,5660.0,5670.0,8933,0.0,0.0
2023-05-24 09:00:00+09:00,5690.0,5700.0,5600.0,5610.0,0,0.0,0.0
2023-05-24 10:00:00+09:00,5610.0,5640.0,5600.0,5600.0,18660,0.0,0.0
2023-05-24 11:00:00+09:00,5610.0,5630.0,5600.0,5610.0,10713,0.0,0.0
2023-05-24 12:00:00+09:00,5610.0,5620.0,5590.0,5590.0,18910,0.0,0.0
2023-05-24 13:00:00+09:00,5600.0,5610.0,5580.0,5580.0,12365,0.0,0.0
2023-05-24 14:00:00+09:00,5580.0,5610.0,5570.0,5590.0,20091,0.0,0.0
2023-05-25 09:00:00+09:00,5650.0,5670.0,5600.0,5640.0,0,0.0,0.0
2023-05-25 10:00:00+09:00,5640.0,5660.0,5600.0,5610.0,13523,0.0,0.0
2023-05-25 11:00:00+09:00,5610.0,5620.0,5590.0,5600.0,5023,0.0,0.0
2023-05-25 12:00:00+09:00,5610.0,5610.0,5580.0,5580.0,8730,0.0,0.0
2023-05-25 13:00:00+09:00,5580.0,5600.0,5550.0,5550.0,9532,0.0,0.0
2023-05-25 14:00:00+09:00,5550.0,5580.0,5550.0,5570.0,6765,0.0,0.0
2023-05-26 09:00:00+09:00,5590.0,5590.0,5500.0,5510.0,0,0.0,0.0
2023-05-26 10:00:00+09:00,5500.0,5520.0,5490.0,5500.0,18329,0.0,0.0
2023-05-26 11:00:00+09:00,5500.0,5510.0,5470.0,5500.0,10416,0.0,0.0
2023-05-26 12:00:00+09:00,5500.0,5500.0,5470.0,5480.0,14782,0.0,0.0
2023-05-26 13:00:00+09:00,5480.0,5480.0,5450.0,5460.0,22299,0.0,0.0
2023-05-26 14:00:00+09:00,5460.0,5480.0,5450.0,5460.0,9831,0.0,0.0
2023-05-30 09:00:00+09:00,5580.0,5580.0,5500.0,5560.0,0,0.0,0.0
2023-05-30 10:00:00+09:00,5560.0,5610.0,5550.0,5580.0,15481,0.0,0.0
2023-05-30 11:00:00+09:00,5580.0,5630.0,5570.0,5630.0,19851,0.0,0.0
2023-05-30 12:00:00+09:00,5630.0,5640.0,5620.0,5630.0,10820,0.0,0.0
2023-05-30 13:00:00+09:00,5630.0,5670.0,5590.0,5620.0,26245,0.0,0.0
2023-05-30 14:00:00+09:00,5620.0,5660.0,5610.0,5650.0,6444,0.0,0.0
2023-05-31 09:00:00+09:00,5660.0,5680.0,5570.0,5660.0,0,0.0,0.0
2023-05-31 10:00:00+09:00,5670.0,5670.0,5590.0,5620.0,11615,0.0,0.0
2023-05-31 11:00:00+09:00,5620.0,5630.0,5580.0,5610.0,8523,0.0,0.0
2023-05-31 12:00:00+09:00,5600.0,5630.0,5590.0,5610.0,7341,0.0,0.0
2023-05-31 13:00:00+09:00,5600.0,5620.0,5590.0,5590.0,4875,0.0,0.0
2023-05-31 14:00:00+09:00,5600.0,5630.0,5580.0,5580.0,5192,0.0,0.0
2023-06-01 09:00:00+09:00,5600.0,5620.0,5550.0,5570.0,16038,0.0,0.0
2023-06-01 10:00:00+09:00,5570.0,5600.0,5550.0,5590.0,12403,0.0,0.0
2023-06-01 11:00:00+09:00,5590.0,5590.0,5570.0,5590.0,4408,0.0,0.0
2023-06-01 12:00:00+09:00,5580.0,5590.0,5570.0,5570.0,3778,0.0,0.0
2023-06-01 13:00:00+09:00,5570.0,5580.0,5550.0,5550.0,5928,0.0,0.0
2023-06-01 14:00:00+09:00,5560.0,5580.0,5550.0,5570.0,5939,0.0,0.0
2023-06-02 09:00:00+09:00,5560.0,5640.0,5550.0,5640.0,0,0.0,0.0
2023-06-02 10:00:00+09:00,5640.0,5640.0,5610.0,5610.0,9876,0.0,0.0
2023-06-02 11:00:00+09:00,5630.0,5630.0,5580.0,5580.0,6917,0.0,0.0
2023-06-02 12:00:00+09:00,5580.0,5620.0,5570.0,5580.0,15235,0.0,0.0
2023-06-02 13:00:00+09:00,5580.0,5610.0,5580.0,5600.0,2094,0.0,0.0
2023-06-02 14:00:00+09:00,5600.0,5610.0,5580.0,5610.0,6735,0.0,0.0
2023-06-05 09:00:00+09:00,5640.0,5650.0,5600.0,5620.0,0,0.0,0.0
2023-06-05 10:00:00+09:00,5620.0,5660.0,5610.0,5650.0,12676,0.0,0.0
2023-06-05 11:00:00+09:00,5650.0,5660.0,5630.0,5650.0,7581,0.0,0.0
2023-06-05 12:00:00+09:00,5660.0,5660.0,5640.0,5660.0,3808,0.0,0.0
2023-06-05 13:00:00+09:00,5660.0,5690.0,5660.0,5670.0,15619,0.0,0.0
2023-06-05 14:00:00+09:00,5670.0,5690.0,5660.0,5680.0,13625,0.0,0.0
2023-06-07 09:00:00+09:00,5690.0,5730.0,5660.0,5720.0,0,0.0,0.0
2023-06-07 10:00:00+09:00,5720.0,5740.0,5700.0,5720.0,19751,0.0,0.0
2023-06-07 11:00:00+09:00,5720.0,5730.0,5670.0,5710.0,22562,0.0,0.0
2023-06-07 12:00:00+09:00,5710.0,5720.0,5700.0,5710.0,7203,0.0,0.0
2023-06-07 13:00:00+09:00,5710.0,5720.0,5700.0,5710.0,8638,0.0,0.0
2023-06-07 14:00:00+09:00,5710.0,5720.0,5700.0,5700.0,10028,0.0,0.0
2023-06-08 09:00:00+09:00,5700.0,5700.0,5610.0,5630.0,0,0.0,0.0
2023-06-08 10:00:00+09:00,5630.0,5680.0,5620.0,5670.0,14476,0.0,0.0
2023-06-08 11:00:00+09:00,5670.0,5680.0,5650.0,5670.0,4627,0.0,0.0
2023-06-08 12:00:00+09:00,5670.0,5710.0,5660.0,5690.0,6604,0.0,0.0
2023-06-08 13:00:00+09:00,5680.0,5710.0,5670.0,5700.0,7688,0.0,0.0
2023-06-08 14:00:00+09:00,5700.0,5710.0,5670.0,5700.0,9293,0.0,0.0
2023-06-09 09:00:00+09:00,5750.0,5750.0,5670.0,5710.0,0,0.0,0.0
2023-06-09 10:00:00+09:00,5710.0,5740.0,5700.0,5730.0,10599,0.0,0.0
2023-06-09 11:00:00+09:00,5720.0,5730.0,5710.0,5710.0,6103,0.0,0.0
2023-06-09 12:00:00+09:00,5710.0,5720.0,5700.0,5720.0,8563,0.0,0.0
2023-06-09 13:00:00+09:00,5720.0,5720.0,5670.0,5720.0,20302,0.0,0.0
2023-06-09 14:00:00+09:00,5710.0,5710.0,5690.0,5710.0,8977,0.0,0.0
2023-06-12 09:00:00+09:00,5740.0,5740.0,5620.0,5640.0,0,0.0,0.0
2023-06-12 10:00:00+09:00,5640.0,5680.0,5630.0,5640.0,14897,0.0,0.0
2023-06-12 11:00:00+09:00,5640.0,5660.0,5620.0,5630.0,11349,0.0,0.0
2023-06-12 12:00:00+09:00,5640.0,5640.0,5610.0,5620.0,7228,0.0,0.0
2023-06-12 13:00:00+09:00,5620.0,5640.0,5610.0,5630.0,6025,0.0,0.0
2023-06-12 14:00:00+09:00,5630.0,5650.0,5620.0,5630.0,6120,0.0,0.0
2023-06-13 09:00:00+09:00,5660.0,5690.0,5630.0,5640.0,0,0.0,0.0
2023-06-13 10:00:00+09:00,5640.0,5640.0,5600.0,5610.0,13746,0.0,0.0
2023-06-13 11:00:00+09:00,5610.0,5620.0,5600.0,5620.0,7648,0.0,0.0
2023-06-13 12:00:00+09:00,5620.0,5620.0,5600.0,5610.0,8614,0.0,0.0
2023-06-13 13:00:00+09:00,5610.0,5650.0,5610.0,5610.0,8431,0.0,0.0
2023-06-13 14:00:00+09:00,5610.0,5650.0,5600.0,5610.0,18680,0.0,0.0
2023-06-14 09:00:00+09:00,5620.0,5660.0,5550.0,5560.0,29146,0.0,0.0
2023-06-14 10:00:00+09:00,5560.0,5570.0,5550.0,5560.0,8680,0.0,0.0
2023-06-14 11:00:00+09:00,5560.0,5580.0,5550.0,5550.0,13722,0.0,0.0
2023-06-14 12:00:00+09:00,5560.0,5570.0,5540.0,5540.0,11283,0.0,0.0
2023-06-14 13:00:00+09:00,5550.0,5550.0,5410.0,5450.0,45708,0.0,0.0
2023-06-14 14:00:00+09:00,5440.0,5480.0,5410.0,5450.0,19585,0.0,0.0
2023-06-15 09:00:00+09:00,5500.0,5520.0,5470.0,5490.0,0,0.0,0.0
2023-06-15 10:00:00+09:00,5490.0,5500.0,5420.0,5420.0,24170,0.0,0.0
2023-06-15 11:00:00+09:00,5420.0,5440.0,5370.0,5390.0,30223,0.0,0.0
2023-06-15 12:00:00+09:00,5380.0,5440.0,5380.0,5420.0,13713,0.0,0.0
2023-06-15 13:00:00+09:00,5420.0,5420.0,5380.0,5400.0,9071,0.0,0.0
2023-06-15 14:00:00+09:00,5400.0,5410.0,5370.0,5400.0,10296,0.0,0.0
2023-06-16 09:00:00+09:00,5500.0,5500.0,5400.0,5460.0,0,0.0,0.0
2023-06-16 10:00:00+09:00,5460.0,5480.0,5410.0,5450.0,11663,0.0,0.0
2023-06-16 11:00:00+09:00,5460.0,5460.0,5420.0,5440.0,4611,0.0,0.0
2023-06-16 12:00:00+09:00,5440.0,5440.0,5420.0,5420.0,4579,0.0,0.0
2023-06-16 13:00:00+09:00,5440.0,5450.0,5420.0,5420.0,6556,0.0,0.0
2023-06-16 14:00:00+09:00,5420.0,5430.0,5400.0,5420.0,13807,0.0,0.0
2023-06-19 09:00:00+09:00,5460.0,5510.0,5420.0,5500.0,0,0.0,0.0
2023-06-19 10:00:00+09:00,5490.0,5540.0,5490.0,5530.0,13426,0.0,0.0
2023-06-19 11:00:00+09:00,5530.0,5530.0,5500.0,5520.0,13566,0.0,0.0
2023-06-19 12:00:00+09:00,5520.0,5520.0,5500.0,5520.0,13348,0.0,0.0
2023-06-19 13:00:00+09:00,5520.0,5630.0,5520.0,5620.0,49608,0.0,0.0
2023-06-19 14:00:00+09:00,5620.0,5630.0,5600.0,5610.0,18224,0.0,0.0
2023-06-20 09:00:00+09:00,5670.0,5670.0,5580.0,5580.0,0,0.0,0.0
2023-06-20 10:00:00+09:00,5580.0,5600.0,5570.0,5570.0,11471,0.0,0.0
2023-06-20 11:00:00+09:00,5580.0,5580.0,5540.0,5540.0,13367,0.0,0.0
2023-06-20 12:00:00+09:00,5540.0,5550.0,5530.0,5550.0,6483,0.0,0.0
2023-06-20 13:00:00+09:00,5540.0,5540.0,5510.0,5520.0,9123,0.0,0.0
2023-06-20 14:00:00+09:00,5510.0,5530.0,5490.0,5500.0,18311,0.0,0.0
2023-06-21 09:00:00+09:00,5530.0,5560.0,5450.0,5460.0,0,0.0,0.0
2023-06-21 10:00:00+09:00,5460.0,5460.0,5430.0,5430.0,12379,0.0,0.0
2023-06-21 11:00:00+09:00,5460.0,5460.0,5410.0,5430.0,9295,0.0,0.0
2023-06-21 12:00:00+09:00,5430.0,5460.0,5430.0,5430.0,2855,0.0,0.0
2023-06-21 13:00:00+09:00,5430.0,5450.0,5420.0,5430.0,9180,0.0,0.0
2023-06-21 14:00:00+09:00,5430.0,5450.0,5400.0,5400.0,17408,0.0,0.0
2023-06-22 09:00:00+09:00,5390.0,5570.0,5340.0,5480.0,0,0.0,0.0
2023-06-22 10:00:00+09:00,5480.0,5550.0,5480.0,5530.0,22713,0.0,0.0
2023-06-22 11:00:00+09:00,5530.0,5590.0,5520.0,5560.0,18157,0.0,0.0
2023-06-22 12:00:00+09:00,5560.0,5610.0,5550.0,5580.0,40810,0.0,0.0
2023-06-22 13:00:00+09:00,5580.0,5580.0,5540.0,5540.0,11820,0.0,0.0
2023-06-22 14:00:00+09:00,5550.0,5550.0,5510.0,5520.0,16783,0.0,0.0
2023-06-23 09:00:00+09:00,5520.0,5540.0,5410.0,5430.0,0,0.0,0.0
2023-06-23 10:00:00+09:00,5430.0,5470.0,5420.0,5430.0,10881,0.0,0.0
2023-06-23 11:00:00+09:00,5430.0,5450.0,5410.0,5440.0,17684,0.0,0.0
2023-06-23 12:00:00+09:00,5440.0,5440.0,5390.0,5410.0,19514,0.0,0.0
2023-06-23 13:00:00+09:00,5410.0,5420.0,5370.0,5380.0,16122,0.0,0.0
2023-06-23 14:00:00+09:00,5380.0,5390.0,5360.0,5370.0,16551,0.0,0.0
2023-06-26 09:00:00+09:00,5380.0,5380.0,5230.0,5270.0,0,0.0,0.0
2023-06-26 10:00:00+09:00,5270.0,5310.0,5260.0,5310.0,9247,0.0,0.0
2023-06-26 11:00:00+09:00,5300.0,5310.0,5270.0,5310.0,9414,0.0,0.0
2023-06-26 12:00:00+09:00,5290.0,5310.0,5290.0,5300.0,2863,0.0,0.0
2023-06-26 13:00:00+09:00,5300.0,5300.0,5280.0,5280.0,4001,0.0,0.0
2023-06-26 14:00:00+09:00,5270.0,5280.0,5250.0,5260.0,13925,0.0,0.0
2023-06-27 09:00:00+09:00,5250.0,5350.0,5210.0,5260.0,0,0.0,0.0
2023-06-27 10:00:00+09:00,5260.0,5260.0,5200.0,5240.0,17749,0.0,0.0
2023-06-27 11:00:00+09:00,5240.0,5250.0,5210.0,5220.0,4366,0.0,0.0
2023-06-27 12:00:00+09:00,5240.0,5240.0,5200.0,5210.0,10428,0.0,0.0
2023-06-27 13:00:00+09:00,5210.0,5230.0,5210.0,5220.0,3993,0.0,0.0
2023-06-27 14:00:00+09:00,5220.0,5220.0,5190.0,5190.0,15036,0.0,0.0
2023-06-28 09:00:00+09:00,5210.0,5240.0,5190.0,5190.0,17980,0.0,0.0
2023-06-28 10:00:00+09:00,5190.0,5200.0,5130.0,5140.0,15442,0.0,0.0
2023-06-28 11:00:00+09:00,5170.0,5190.0,5120.0,5180.0,15726,0.0,0.0
2023-06-28 12:00:00+09:00,5180.0,5180.0,5160.0,5180.0,5387,0.0,0.0
2023-06-28 13:00:00+09:00,5180.0,5180.0,5150.0,5160.0,7513,0.0,0.0
2023-06-28 14:00:00+09:00,5160.0,5170.0,5140.0,5160.0,11760,0.0,0.0
2023-06-29 09:00:00+09:00,5150.0,5160.0,5040.0,5050.0,0,0.0,0.0
2023-06-29 10:00:00+09:00,5050.0,5060.0,4985.0,4995.0,45112,0.0,0.0
2023-06-29 11:00:00+09:00,4995.0,5020.0,4990.0,5000.0,15863,0.0,0.0
2023-06-29 12:00:00+09:00,5020.0,5020.0,4995.0,5000.0,4981,0.0,0.0
2023-06-29 13:00:00+09:00,5000.0,5020.0,4995.0,5010.0,7683,0.0,0.0
2023-06-29 14:00:00+09:00,5010.0,5010.0,4985.0,4985.0,34227,0.0,0.0
2023-06-30 09:00:00+09:00,4955.0,5050.0,4865.0,4960.0,0,0.0,0.0
2023-06-30 10:00:00+09:00,4960.0,5020.0,4955.0,5020.0,9634,0.0,0.0
2023-06-30 11:00:00+09:00,5020.0,5040.0,5010.0,5020.0,5394,0.0,0.0
2023-06-30 12:00:00+09:00,5020.0,5050.0,5000.0,5030.0,9762,0.0,0.0
2023-06-30 13:00:00+09:00,5040.0,5050.0,5010.0,5040.0,5656,0.0,0.0
2023-06-30 14:00:00+09:00,5040.0,5050.0,5020.0,5030.0,7887,0.0,0.0
2023-07-03 09:00:00+09:00,5040.0,5120.0,5030.0,5090.0,0,0.0,0.0
2023-07-03 10:00:00+09:00,5080.0,5130.0,5080.0,5130.0,15210,0.0,0.0
2023-07-03 11:00:00+09:00,5130.0,5180.0,5120.0,5140.0,19401,0.0,0.0
2023-07-03 12:00:00+09:00,5140.0,5140.0,5120.0,5130.0,3473,0.0,0.0
2023-07-03 13:00:00+09:00,5130.0,5140.0,5100.0,5110.0,9100,0.0,0.0
2023-07-03 14:00:00+09:00,5110.0,5120.0,5090.0,5110.0,12282,0.0,0.0
2023-07-04 09:00:00+09:00,5120.0,5120.0,5000.0,5010.0,0,0.0,0.0
2023-07-04 10:00:00+09:00,5010.0,5040.0,5000.0,5000.0,16696,0.0,0.0
2023-07-04 11:00:00+09:00,5010.0,5020.0,4995.0,5020.0,5204,0.0,0.0
2023-07-04 12:00:00+09:00,5020.0,5040.0,5010.0,5020.0,3258,0.0,0.0
2023-07-04 13:00:00+09:00,5020.0,5060.0,5020.0,5040.0,5919,0.0,0.0
2023-07-04 14:00:00+09:00,5040.0,5050.0,5030.0,5040.0,2912,0.0,0.0
2023-07-05 09:00:00+09:00,5000.0,5020.0,4905.0,4910.0,0,0.0,0.0
2023-07-05 10:00:00+09:00,4910.0,4920.0,4885.0,4910.0,25271,0.0,0.0
2023-07-05 11:00:00+09:00,4910.0,4925.0,4895.0,4900.0,14293,0.0,0.0
2023-07-05 12:00:00+09:00,4910.0,4910.0,4900.0,4910.0,5052,0.0,0.0
2023-07-05 13:00:00+09:00,4910.0,4920.0,4890.0,4895.0,11208,0.0,0.0
2023-07-05 14:00:00+09:00,4895.0,4915.0,4890.0,4900.0,6495,0.0,0.0
2023-07-06 09:00:00+09:00,4890.0,4890.0,4770.0,4800.0,0,0.0,0.0
2023-07-06 10:00:00+09:00,4800.0,4810.0,4780.0,4805.0,10142,0.0,0.0
2023-07-06 11:00:00+09:00,4810.0,4815.0,4780.0,4780.0,8819,0.0,0.0
2023-07-06 12:00:00+09:00,4785.0,4785.0,4765.0,4765.0,11745,0.0,0.0
2023-07-06 13:00:00+09:00,4765.0,4775.0,4740.0,4775.0,18351,0.0,0.0
2023-07-06 14:00:00+09:00,4775.0,4790.0,4740.0,4760.0,13293,0.0,0.0
2023-07-07 09:00:00+09:00,4665.0,4790.0,4650.0,4755.0,0,0.0,0.0
2023-07-07 10:00:00+09:00,4750.0,4775.0,4710.0,4730.0,19814,0.0,0.0
2023-07-07 11:00:00+09:00,4730.0,4765.0,4715.0,4740.0,6578,0.0,0.0
2023-07-07 12:00:00+09:00,4755.0,4780.0,4725.0,4725.0,14318,0.0,0.0
2023-07-07 13:00:00+09:00,4765.0,4765.0,4730.0,4760.0,4674,0.0,0.0
2023-07-07 14:00:00+09:00,4760.0,4760.0,4730.0,4745.0,9126,0.0,0.0
2023-07-10 09:00:00+09:00,4700.0,4740.0,4640.0,4705.0,0,0.0,0.0
2023-07-10 10:00:00+09:00,4710.0,4780.0,4710.0,4725.0,12249,0.0,0.0
2023-07-10 11:00:00+09:00,4730.0,4800.0,4725.0,4795.0,11262,0.0,0.0
2023-07-10 12:00:00+09:00,4795.0,4800.0,4765.0,4780.0,13216,0.0,0.0
2023-07-10 13:00:00+09:00,4775.0,4795.0,4775.0,4790.0,7056,0.0,0.0
2023-07-10 14:00:00+09:00,4790.0,4790.0,4730.0,4745.0,8460,0.0,0.0
2023-07-11 09:00:00+09:00,4740.0,4845.0,4740.0,4795.0,0,0.0,0.0
2023-07-11 10:00:00+09:00,4800.0,4840.0,4775.0,4820.0,15318,0.0,0.0
2023-07-11 11:00:00+09:00,4820.0,4820.0,4775.0,4800.0,4728,0.0,0.0
2023-07-11 12:00:00+09:00,4800.0,4805.0,4770.0,4775.0,9875,0.0,0.0
2023-07-11 13:00:00+09:00,4775.0,4790.0,4760.0,4765.0,8449,0.0,0.0
2023-07-11 14:00:00+09:00,4770.0,4790.0,4770.0,4785.0,3521,0.0,0.0
2023-07-12 09:00:00+09:00,4790.0,4860.0,4790.0,4855.0,0,0.0,0.0
2023-07-12 10:00:00+09:00,4860.0,4885.0,4830.0,4850.0,12880,0.0,0.0
2023-07-12 11:00:00+09:00,4845.0,4850.0,4825.0,4840.0,8392,0.0,0.0
2023-07-12 12:00:00+09:00,4845.0,4845.0,4835.0,4835.0,4481,0.0,0.0
2023-07-12 13:00:00+09:00,4835.0,4850.0,4835.0,4850.0,11475,0.0,0.0
2023-07-12 14:00:00+09:00,4850.0,4860.0,4840.0,4850.0,9682,0.0,0.0
2023-07-13 09:00:00+09:00,4865.0,4965.0,4865.0,4945.0,0,0.0,0.0
2023-07-13 10:00:00+09:00,4945.0,4955.0,4920.0,4955.0,14399,0.0,0.0
2023-07-13 11:00:00+09:00,4950.0,4985.0,4950.0,4975.0,10387,0.0,0.0
2023-07-13 12:00:00+09:00,4975.0,4985.0,4945.0,4950.0,12489,0.0,0.0
2023-07-13 13:00:00+09:00,4960.0,4965.0,4935.0,4935.0,6537,0.0,0.0
2023-07-13 14:00:00+09:00,4935.0,4970.0,4920.0,4950.0,14065,0.0,0.0
2023-07-14 09:00:00+09:00,5000.0,5000.0,4825.0,4850.0,0,0.0,0.0
2023-07-14 10:00:00+09:00,4845.0,4870.0,4825.0,4830.0,18757,0.0,0.0
2023-07-14 11:00:00+09:00,4830.0,4840.0,4815.0,4825.0,19533,0.0,0.0
2023-07-14 12:00:00+09:00,4825.0,4830.0,4815.0,4825.0,6959,0.0,0.0
2023-07-14 13:00:00+09:00,4825.0,4835.0,4820.0,4835.0,5379,0.0,0.0
2023-07-14 14:00:00+09:00,4835.0,4890.0,4835.0,4860.0,11226,0.0,0.0
2023-07-17 09:00:00+09:00,4845.0,4900.0,4770.0,4825.0,0,0.0,0.0
2023-07-17 10:00:00+09:00,4825.0,4870.0,4790.0,4870.0,13790,0.0,0.0
2023-07-17 11:00:00+09:00,4870.0,4950.0,4870.0,4915.0,16998,0.0,0.0
2023-07-17 12:00:00+09:00,4915.0,4970.0,4915.0,4950.0,31648,0.0,0.0
2023-07-17 13:00:00+09:00,4935.0,4960.0,4920.0,4950.0,7692,0.0,0.0
2023-07-17 14:00:00+09:00,4950.0,4955.0,4925.0,4925.0,7889,0.0,0.0
2023-07-18 09:00:00+09:00,4960.0,4995.0,4830.0,4830.0,0,0.0,0.0
2023-07-18 10:00:00+09:00,4830.0,4845.0,4830.0,4835.0,14725,0.0,0.0
2023-07-18 11:00:00+09:00,4830.0,4835.0,4810.0,4815.0,9552,0.0,0.0
2023-07-18 12:00:00+09:00,4815.0,4815.0,4785.0,4795.0,17493,0.0,0.0
2023-07-18 13:00:00+09:00,4795.0,4800.0,4780.0,4790.0,10323,0.0,0.0
2023-07-18 14:00:00+09:00,4790.0,4795.0,4780.0,4785.0,21049,0.0,0.0
2023-07-19 09:00:00+09:00,4735.0,4825.0,4660.0,4795.0,61359,0.0,0.0
2023-07-19 10:00:00+09:00,4800.0,4810.0,4775.0,4775.0,8235,0.0,0.0
2023-07-19 11:00:00+09:00,4775.0,4790.0,4735.0,4745.0,13620,0.0,0.0
2023-07-19 12:00:00+09:00,4745.0,4750.0,4730.0,4735.0,6701,0.0,0.0
2023-07-19 13:00:00+09:00,4735.0,4760.0,4720.0,4735.0,7018,0.0,0.0
2023-07-19 14:00:00+09:00,4735.0,4740.0,4720.0,4730.0,6768,0.0,0.0
2023-07-20 09:00:00+09:00,4710.0,4720.0,4650.0,4675.0,22409,0.0,0.0
2023-07-20 10:00:00+09:00,4675.0,4725.0,4660.0,4720.0,14381,0.0,0.0
2023-07-20 11:00:00+09:00,4720.0,4740.0,4720.0,4730.0,4880,0.0,0.0
2023-07-20 12:00:00+09:00,4730.0,4735.0,4720.0,4725.0,4930,0.0,0.0
2023-07-20 13:00:00+09:00,4725.0,4735.0,4715.0,4730.0,3113,0.0,0.0
2023-07-20 14:00:00+09:00,4730.0,4765.0,4710.0,4765.0,18088,0.0,0.0
2023-07-21 09:00:00+09:00,4755.0,4870.0,4720.0,4825.0,0,0.0,0.0
2023-07-21 10:00:00+09:00,4825.0,4825.0,4750.0,4810.0,16823,0.0,0.0
2023-07-21 11:00:00+09:00,4810.0,4825.0,4800.0,4800.0,14287,0.0,0.0
2023-07-21 12:00:00+09:00,4800.0,4805.0,4800.0,4800.0,9234,0.0,0.0
2023-07-21 13:00:00+09:00,4800.0,4805.0,4785.0,4785.0,8153,0.0,0.0
2023-07-21 14:00:00+09:00,4785.0,4795.0,4765.0,4770.0,7143,0.0,0.0
2023-07-24 09:00:00+09:00,4835.0,4840.0,4660.0,4660.0,0,0.0,0.0
2023-07-24 10:00:00+09:00,4665.0,4690.0,4645.0,4645.0,22630,0.0,0.0
2023-07-24 11:00:00+09:00,4650.0,4650.0,4580.0,4580.0,32996,0.0,0.0
2023-07-24 12:00:00+09:00,4585.0,4605.0,4555.0,4560.0,19315,0.0,0.0
2023-07-24 13:00:00+09:00,4565.0,4575.0,4550.0,4560.0,22123,0.0,0.0
2023-07-24 14:00:00+09:00,4560.0,4575.0,4560.0,4575.0,10261,0.0,0.0
2023-07-25 09:00:00+09:00,4490.0,4580.0,4400.0,4430.0,71929,0.0,0.0
2023-07-25 10:00:00+09:00,4425.0,4435.0,4390.0,4390.0,26208,0.0,0.0
2023-07-25 11:00:00+09:00,4395.0,4415.0,4390.0,4415.0,11824,0.0,0.0
2023-07-25 12:00:00+09:00,4415.0,4415.0,4395.0,4395.0,14584,0.0,0.0
2023-07-25 13:00:00+09:00,4400.0,4410.0,4385.0,4385.0,17687,0.0,0.0
2023-07-25 14:00:00+09:00,4385.0,4390.0,4315.0,4315.0,63732,0.0,0.0
2023-07-26 09:00:00+09:00,4300.0,4320.0,4030.0,4070.0,122330,0.0,0.0
2023-07-26 10:00:00+09:00,4075.0,4085.0,3985.0,4030.0,71063,0.0,0.0
2023-07-26 11:00:00+09:00,4035.0,4085.0,3900.0,4030.0,52969,0.0,0.0
2023-07-26 12:00:00+09:00,4030.0,4030.0,3930.0,3970.0,30515,0.0,0.0
2023-07-26 13:00:00+09:00,3965.0,4000.0,3935.0,3940.0,50171,0.0,0.0
2023-07-26 14:00:00+09:00,3940.0,4060.0,3940.0,4050.0,43822,0.0,0.0
2023-07-27 09:00:00+09:00,4015.0,4395.0,4015.0,4315.0,0,0.0,0.0
2023-07-27 10:00:00+09:00,4315.0,4350.0,4290.0,4350.0,23639,0.0,0.0
2023-07-27 11:00:00+09:00,4350.0,4360.0,4320.0,4330.0,15168,0.0,0.0
2023-07-27 12:00:00+09:00,4330.0,4330.0,4275.0,4310.0,12213,0.0,0.0
2023-07-27 13:00:00+09:00,4320.0,4360.0,4310.0,4355.0,27716,0.0,0.0
2023-07-27 14:00:00+09:00,4355.0,4360.0,4335.0,4350.0,11913,0.0,0.0
2023-07-28 09:00:00+09:00,4300.0,4450.0,4270.0,4410.0,53594,0.0,0.0
2023-07-28 10:00:00+09:00,4410.0,4455.0,4375.0,4440.0,19201,0.0,0.0
2023-07-28 11:00:00+09:00,4445.0,4465.0,4435.0,4440.0,13865,0.0,0.0
2023-07-28 12:00:00+09:00,4440.0,4485.0,4435.0,4480.0,16529,0.0,0.0
2023-07-28 13:00:00+09:00,4470.0,4490.0,4460.0,4490.0,7602,0.0,0.0
2023-07-28 14:00:00+09:00,4490.0,4490.0,4460.0,4480.0,8953,0.0,0.0
2023-07-31 09:00:00+09:00,4500.0,4505.0,4380.0,4470.0,0,0.0,0.0
2023-07-31 10:00:00+09:00,4470.0,4560.0,4430.0,4530.0,41873,0.0,0.0
2023-07-31 11:00:00+09:00,4530.0,4540.0,4495.0,4510.0,11283,0.0,0.0
2023-07-31 12:00:00+09:00,4510.0,4515.0,4485.0,4515.0,4869,0.0,0.0
2023-07-31 13:00:00+09:00,4500.0,4540.0,4500.0,4540.0,13120,0.0,0.0
2023-07-31 14:00:00+09:00,4540.0,4545.0,4510.0,4530.0,7096,0.0,0.0
2023-08-01 09:00:00+09:00,4570.0,4705.0,4570.0,4675.0,0,0.0,0.0
2023-08-01 10:00:00+09:00,4670.0,4715.0,4645.0,4660.0,42652,0.0,0.0
2023-08-01 11:00:00+09:00,4660.0,4690.0,4650.0,4690.0,8758,0.0,0.0
2023-08-01 12:00:00+09:00,4690.0,4690.0,4655.0,4655.0,12453,0.0,0.0
2023-08-01 13:00:00+09:00,4670.0,4670.0,4600.0,4625.0,24609,0.0,0.0
2023-08-01 14:00:00+09:00,4625.0,4660.0,4625.0,4650.0,8280,0.0,0.0
2023-08-02 09:00:00+09:00,4680.0,4830.0,4650.0,4745.0,0,0.0,0.0
2023-08-02 10:00:00+09:00,4710.0,4740.0,4700.0,4710.0,19055,0.0,0.0
2023-08-02 11:00:00+09:00,4710.0,4740.0,4630.0,4665.0,27416,0.0,0.0
2023-08-02 12:00:00+09:00,4660.0,4725.0,4655.0,4695.0,10797,0.0,0.0
2023-08-02 13:00:00+09:00,4695.0,4700.0,4640.0,4640.0,11756,0.0,0.0
2023-08-02 14:00:00+09:00,4650.0,4670.0,4600.0,4655.0,13560,0.0,0.0
2023-08-03 09:00:00+09:00,4595.0,4720.0,4510.0,4640.0,0,0.0,0.0
2023-08-03 10:00:00+09:00,4635.0,4675.0,4560.0,4565.0,23415,0.0,0.0
2023-08-03 11:00:00+09:00,4560.0,4580.0,4535.0,4570.0,13777,0.0,0.0
2023-08-03 12:00:00+09:00,4570.0,4585.0,4555.0,4575.0,4332,0.0,0.0
2023-08-03 13:00:00+09:00,4575.0,4590.0,4565.0,4585.0,4564,0.0,0.0
2023-08-03 14:00:00+09:00,4585.0,4590.0,4560.0,4590.0,10208,0.0,0.0
2023-08-04 09:00:00+09:00,4585.0,4685.0,4510.0,4680.0,0,0.0,0.0
2023-08-04 10:00:00+09:00,4670.0,4730.0,4670.0,4720.0,37461,0.0,0.0
2023-08-04 11:00:00+09:00,4725.0,4725.0,4650.0,4650.0,14420,0.0,0.0
2023-08-04 12:00:00+09:00,4670.0,4670.0,4625.0,4650.0,10057,0.0,0.0
2023-08-04 13:00:00+09:00,4650.0,4705.0,4650.0,4700.0,10126,0.0,0.0
2023-08-04 14:00:00+09:00,4700.0,4795.0,4690.0,4750.0,64679,0.0,0.0
2023-08-07 09:00:00+09:00,4755.0,5950.0,4590.0,5610.0,2642068,0.0,0.0
2023-08-07 10:00:00+09:00,5630.0,5660.0,5220.0,5370.0,1053087,0.0,0.0
2023-08-07 11:00:00+09:00,5370.0,5490.0,5260.0,5420.0,318092,0.0,0.0
2023-08-07 12:00:00+09:00,5420.0,5550.0,5320.0,5520.0,244809,0.0,0.0
2023-08-07 13:00:00+09:00,5520.0,5670.0,5390.0,5440.0,865518,0.0,0.0
2023-08-07 14:00:00+09:00,5430.0,5540.0,5340.0,5520.0,417025,0.0,0.0
2023-08-08 09:00:00+09:00,5480.0,5600.0,5160.0,5480.0,0,0.0,0.0
2023-08-08 10:00:00+09:00,5480.0,5500.0,5230.0,5320.0,391248,0.0,0.0
2023-08-08 11:00:00+09:00,5320.0,5470.0,5320.0,5350.0,177208,0.0,0.0
2023-08-08 12:00:00+09:00,5340.0,5360.0,5230.0,5260.0,96164,0.0,0.0
2023-08-08 13:00:00+09:00,5260.0,5350.0,5180.0,5270.0,134557,0.0,0.0
2023-08-08 14:00:00+09:00,5270.0,5520.0,5260.0,5310.0,306465,0.0,0.0
2023-08-09 09:00:00+09:00,5510.0,6500.0,5390.0,6050.0,3910906,0.0,0.0
2023-08-09 10:00:00+09:00,6050.0,6130.0,5810.0,5820.0,1075999,0.0,0.0
2023-08-09 11:00:00+09:00,5810.0,5910.0,5720.0,5800.0,514058,0.0,0.0
2023-08-09 12:00:00+09:00,5860.0,5860.0,5720.0,5730.0,212371,0.0,0.0
2023-08-09 13:00:00+09:00,5740.0,5780.0,5660.0,5720.0,246256,0.0,0.0
2023-08-09 14:00:00+09:00,5730.0,5830.0,5700.0,5820.0,191832,0.0,0.0
2023-08-10 09:00:00+09:00,5900.0,5920.0,5540.0,5550.0,0,0.0,0.0
2023-08-10 10:00:00+09:00,5550.0,5650.0,5540.0,5560.0,140289,0.0,0.0
2023-08-10 11:00:00+09:00,5560.0,5690.0,5550.0,5660.0,73776,0.0,0.0
2023-08-10 12:00:00+09:00,5660.0,5670.0,5580.0,5600.0,38497,0.0,0.0
2023-08-10 13:00:00+09:00,5590.0,5620.0,5570.0,5580.0,48373,0.0,0.0
2023-08-10 14:00:00+09:00,5590.0,5640.0,5570.0,5610.0,43726,0.0,0.0
2023-08-11 09:00:00+09:00,5540.0,6300.0,5420.0,5830.0,1519688,0.0,0.0
2023-08-11 10:00:00+09:00,5830.0,5940.0,5800.0,5830.0,378407,0.0,0.0
2023-08-11 11:00:00+09:00,5830.0,5870.0,5810.0,5810.0,74078,0.0,0.0
2023-08-11 12:00:00+09:00,5810.0,5960.0,5810.0,5860.0,158894,0.0,0.0
2023-08-11 13:00:00+09:00,5860.0,5980.0,5810.0,5900.0,204620,0.0,0.0
2023-08-11 14:00:00+09:00,5890.0,5900.0,5820.0,5840.0,101777,0.0,0.0
2023-08-14 09:00:00+09:00,5850.0,5860.0,5640.0,5730.0,0,0.0,0.0
2023-08-14 10:00:00+09:00,5720.0,5800.0,5670.0,5750.0,100789,0.0,0.0
2023-08-14 11:00:00+09:00,5740.0,5780.0,5670.0,5670.0,50848,0.0,0.0
2023-08-14 12:00:00+09:00,5670.0,5750.0,5670.0,5740.0,34429,0.0,0.0
2023-08-14 13:00:00+09:00,5740.0,5780.0,5720.0,5730.0,40267,0.0,0.0
2023-08-14 14:00:00+09:00,5730.0,5760.0,5700.0,5750.0,57708,0.0,0.0
2023-08-16 09:00:00+09:00,5650.0,5700.0,5310.0,5360.0,0,0.0,0.0
2023-08-16 10:00:00+09:00,5370.0,5440.0,5350.0,5380.0,60148,0.0,0.0
2023-08-16 11:00:00+09:00,5380.0,5410.0,5350.0,5360.0,46036,0.0,0.0
2023-08-16 12:00:00+09:00,5360.0,5380.0,5330.0,5360.0,42586,0.0,0.0
2023-08-16 13:00:00+09:00,5360.0,5360.0,5310.0,5350.0,47354,0.0,0.0
2023-08-16 14:00:00+09:00,5350.0,5380.0,5310.0,5340.0,74738,0.0,0.0
2023-08-17 09:00:00+09:00,5210.0,5360.0,5180.0,5260.0,144860,0.0,0.0
2023-08-17 10:00:00+09:00,5280.0,5300.0,5200.0,5300.0,55161,0.0,0.0
2023-08-17 11:00:00+09:00,5300.0,5510.0,5270.0,5410.0,121906,0.0,0.0
2023-08-17 12:00:00+09:00,5410.0,5470.0,5390.0,5400.0,54606,0.0,0.0
2023-08-17 13:00:00+09:00,5400.0,5430.0,5340.0,5370.0,59572,0.0,0.0
2023-08-17 14:00:00+09:00,5400.0,5450.0,5380.0,5420.0,30303,0.0,0.0
2023-08-18 09:00:00+09:00,5300.0,5370.0,5260.0,5280.0,101003,0.0,0.0
2023-08-18 10:00:00+09:00,5280.0,5340.0,5260.0,5270.0,38704,0.0,0.0
2023-08-18 11:00:00+09:00,5280.0,5340.0,5280.0,5280.0,9661,0.0,0.0
2023-08-18 12:00:00+09:00,5290.0,5310.0,5250.0,5270.0,35961,0.0,0.0
2023-08-18 13:00:00+09:00,5260.0,5280.0,5250.0,5270.0,27781,0.0,0.0
2023-08-18 14:00:00+09:00,5280.0,5280.0,5190.0,5240.0,55349,0.0,0.0
2023-08-21 09:00:00+09:00,5170.0,5300.0,5110.0,5270.0,0,0.0,0.0
2023-08-21 10:00:00+09:00,5280.0,5300.0,5150.0,5240.0,52312,0.0,0.0
2023-08-21 11:00:00+09:00,5240.0,5250.0,5210.0,5240.0,19093,0.0,0.0
2023-08-21 12:00:00+09:00,5240.0,5240.0,5210.0,5240.0,11158,0.0,0.0
2023-08-21 13:00:00+09:00,5230.0,5260.0,5220.0,5240.0,14275,0.0,0.0
2023-08-21 14:00:00+09:00,5240.0,5260.0,5220.0,5220.0,16116,0.0,0.0
2023-08-22 09:00:00+09:00,5230.0,5330.0,5140.0,5180.0,73761,0.0,0.0
2023-08-22 10:00:00+09:00,5190.0,5350.0,5130.0,5180.0,61231,0.0,0.0
2023-08-22 11:00:00+09:00,5180.0,5220.0,5160.0,5210.0,14672,0.0,0.0
2023-08-22 12:00:00+09:00,5210.0,5230.0,5190.0,5210.0,19712,0.0,0.0
2023-08-22 13:00:00+09:00,5220.0,5230.0,5180.0,5180.0,19573,0.0,0.0
2023-08-22 14:00:00+09:00,5190.0,5230.0,5150.0,5180.0,26878,0.0,0.0
2023-08-23 09:00:00+09:00,5170.0,5240.0,5130.0,5170.0,52594,0.0,0.0
2023-08-23 10:00:00+09:00,5170.0,5190.0,5140.0,5170.0,21772,0.0,0.0
2023-08-23 11:00:00+09:00,5170.0,5190.0,5150.0,5160.0,13105,0.0,0.0
2023-08-23 12:00:00+09:00,5160.0,5170.0,5120.0,5160.0,18133,0.0,0.0
2023-08-23 13:00:00+09:00,5160.0,5160.0,5070.0,5090.0,22732,0.0,0.0
2023-08-23 14:00:00+09:00,5110.0,5150.0,5030.0,5050.0,32116,0.0,0.0
2023-08-24 09:00:00+09:00,5060.0,5350.0,5060.0,5320.0,179188,0.0,0.0
2023-08-24 10:00:00+09:00,5320.0,5400.0,5280.0,5380.0,90472,0.0,0.0
2023-08-24 11:00:00+09:00,5380.0,5490.0,5340.0,5390.0,128126,0.0,0.0
2023-08-24 12:00:00+09:00,5370.0,5410.0,5350.0,5380.0,32220,0.0,0.0
2023-08-24 13:00:00+09:00,5390.0,5400.0,5310.0,5320.0,40643,0.0,0.0
2023-08-24 14:00:00+09:00,5320.0,5340.0,5280.0,5330.0,33462,0.0,0.0
2023-08-25 09:00:00+09:00,5300.0,5360.0,5200.0,5270.0,76261,0.0,0.0
2023-08-25 10:00:00+09:00,5260.0,5310.0,5230.0,5300.0,30235,0.0,0.0
2023-08-25 11:00:00+09:00,5280.0,5300.0,5220.0,5220.0,26323,0.0,0.0
2023-08-25 12:00:00+09:00,5240.0,5240.0,5200.0,5210.0,20673,0.0,0.0
2023-08-25 13:00:00+09:00,5210.0,5270.0,5200.0,5220.0,11745,0.0,0.0
2023-08-25 14:00:00+09:00,5210.0,5240.0,5200.0,5210.0,16870,0.0,0.0
2023-08-28 09:00:00+09:00,5250.0,5390.0,5250.0,5280.0,0,0.0,0.0
2023-08-28 10:00:00+09:00,5280.0,5310.0,5220.0,5310.0,22021,0.0,0.0
2023-08-28 11:00:00+09:00,5310.0,5440.0,5270.0,5380.0,80477,0.0,0.0
2023-08-28 12:00:00+09:00,5380.0,5400.0,5360.0,5390.0,15224,0.0,0.0
2023-08-28 13:00:00+09:00,5390.0,5430.0,5370.0,5380.0,25541,0.0,0.0
2023-08-28 14:00:00+09:00,5380.0,5390.0,5360.0,5370.0,18809,0.0,0.0
2023-08-29 09:00:00+09:00,5490.0,5490.0,5320.0,5350.0,65647,0.0,0.0
2023-08-29 10:00:00+09:00,5360.0,5400.0,5350.0,5400.0,17034,0.0,0.0
2023-08-29 11:00:00+09:00,5400.0,5400.0,5360.0,5380.0,21738,0.0,0.0
2023-08-29 12:00:00+09:00,5380.0,5620.0,5370.0,5610.0,101905,0.0,0.0
2023-08-29 13:00:00+09:00,5610.0,5850.0,5400.0,5420.0,802431,0.0,0.0
2023-08-29 14:00:00+09:00,5420.0,5620.0,5410.0,5530.0,200284,0.0,0.0
2023-08-30 09:00:00+09:00,5560.0,5720.0,5410.0,5700.0,350040,0.0,0.0
2023-08-30 10:00:00+09:00,5700.0,5790.0,5610.0,5620.0,374196,0.0,0.0
2023-08-30 11:00:00+09:00,5630.0,5680.0,5610.0,5630.0,67917,0.0,0.0
2023-08-30 12:00:00+09:00,5620.0,5660.0,5610.0,5620.0,36670,0.0,0.0
2023-08-30 13:00:00+09:00,5630.0,5640.0,5550.0,5600.0,99605,0.0,0.0
2023-08-30 14:00:00+09:00,5590.0,5600.0,5550.0,5560.0,32747,0.0,0.0
2023-08-31 09:00:00+09:00,5610.0,5610.0,5430.0,5470.0,127055,0.0,0.0
2023-08-31 10:00:00+09:00,5470.0,5610.0,5460.0,5590.0,100942,0.0,0.0
2023-08-31 11:00:00+09:00,5590.0,5700.0,5590.0,5630.0,207066,0.0,0.0
2023-08-31 12:00:00+09:00,5630.0,5700.0,5610.0,5630.0,75412,0.0,0.0
2023-08-31 13:00:00+09:00,5630.0,5850.0,5630.0,5800.0,401291,0.0,0.0
2023-08-31 14:00:00+09:00,5800.0,5830.0,5710.0,5710.0,245595,0.0,0.0
2023-09-01 09:00:00+09:00,5800.0,5800.0,5600.0,5680.0,222505,0.0,0.0
2023-09-01 10:00:00+09:00,5680.0,5720.0,5580.0,5590.0,96266,0.0,0.0
2023-09-01 11:00:00+09:00,5600.0,5620.0,5580.0,5590.0,26749,0.0,0.0
2023-09-01 12:00:00+09:00,5600.0,5620.0,5580.0,5580.0,28039,0.0,0.0
2023-09-01 13:00:00+09:00,5580.0,5620.0,5550.0,5570.0,54584,0.0,0.0
2023-09-01 14:00:00+09:00,5570.0,5580.0,5510.0,5540.0,47574,0.0,0.0
2023-09-04 09:00:00+09:00,5580.0,5830.0,5510.0,5780.0,0,0.0,0.0
2023-09-04 10:00:00+09:00,5780.0,5840.0,5650.0,5650.0,252476,0.0,0.0
2023-09-04 11:00:00+09:00,5650.0,5770.0,5650.0,5740.0,47346,0.0,0.0
2023-09-04 12:00:00+09:00,5750.0,5900.0,5730.0,5780.0,292173,0.0,0.0
2023-09-04 13:00:00+09:00,5780.0,5780.0,5660.0,5710.0,63169,0.0,0.0
2023-09-04 14:00:00+09:00,5720.0,5760.0,5670.0,5720.0,62448,0.0,0.0
2023-09-05 09:00:00+09:00,5830.0,6630.0,5820.0,5930.0,4083149,0.0,0.0
2023-09-05 10:00:00+09:00,5930.0,6080.0,5920.0,6030.0,321745,0.0,0.0
2023-09-05 11:00:00+09:00,6040.0,6060.0,5980.0,6000.0,118132,0.0,0.0
2023-09-05 12:00:00+09:00,6000.0,6040.0,5990.0,6020.0,60753,0.0,0.0
2023-09-05 13:00:00+09:00,6020.0,6100.0,6010.0,6070.0,121739,0.0,0.0
2023-09-05 14:00:00+09:00,6070.0,6080.0,6000.0,6030.0,200074,0.0,0.0
2023-09-06 09:00:00+09:00,6010.0,6020.0,5810.0,5970.0,365538,0.0,0.0
2023-09-06 10:00:00+09:00,5960.0,6040.0,5950.0,5970.0,128442,0.0,0.0
2023-09-06 11:00:00+09:00,5970.0,6190.0,5970.0,6080.0,270783,0.0,0.0
2023-09-06 12:00:00+09:00,6080.0,6120.0,6050.0,6070.0,71465,0.0,0.0
2023-09-06 13:00:00+09:00,6070.0,6080.0,6010.0,6020.0,48354,0.0,0.0
2023-09-06 14:00:00+09:00,6010.0,6090.0,5960.0,6000.0,109376,0.0,0.0
2023-09-07 09:00:00+09:00,6120.0,6440.0,6030.0,6360.0,1282317,0.0,0.0
2023-09-07 10:00:00+09:00,6360.0,6590.0,6170.0,6190.0,1749713,0.0,0.0
2023-09-07 11:00:00+09:00,6190.0,6430.0,6170.0,6370.0,354775,0.0,0.0
2023-09-07 12:00:00+09:00,6360.0,6370.0,6240.0,6300.0,145485,0.0,0.0
2023-09-07 13:00:00+09:00,6300.0,6450.0,6120.0,6180.0,369297,0.0,0.0
2023-09-07 14:00:00+09:00,6180.0,6230.0,6120.0,6190.0,155217,0.0,0.0
2023-09-08 09:00:00+09:00,6200.0,6520.0,6200.0,6450.0,1092480,0.0,0.0
2023-09-08 10:00:00+09:00,6450.0,6460.0,6280.0,6350.0,216141,0.0,0.0
2023-09-08 11:00:00+09:00,6350.0,6380.0,6260.0,6290.0,138474,0.0,0.0
2023-09-08 12:00:00+09:00,6290.0,6310.0,6140.0,6140.0,149233,0.0,0.0
2023-09-08 13:00:00+09:00,6150.0,6280.0,6130.0,6190.0,104993,0.0,0.0
2023-09-08 14:00:00+09:00,6190.0,6220.0,6110.0,6160.0,94390,0.0,0.0
2023-09-11 09:00:00+09:00,6180.0,6260.0,5980.0,6070.0,0,0.0,0.0
2023-09-11 10:00:00+09:00,6080.0,6230.0,6040.0,6160.0,154813,0.0,0.0
2023-09-11 11:00:00+09:00,6160.0,6200.0,6100.0,6150.0,79420,0.0,0.0
2023-09-11 12:00:00+09:00,6140.0,6240.0,6120.0,6230.0,105671,0.0,0.0
2023-09-11 13:00:00+09:00,6230.0,6230.0,6050.0,6060.0,85498,0.0,0.0
2023-09-11 14:00:00+09:00,6050.0,6070.0,5760.0,5850.0,271790,0.0,0.0
2023-09-12 09:00:00+09:00,5990.0,6780.0,5910.0,6590.0,3046933,0.0,0.0
2023-09-12 10:00:00+09:00,6600.0,6630.0,6250.0,6300.0,1298753,0.0,0.0
2023-09-12 11:00:00+09:00,6290.0,6300.0,6140.0,6230.0,359184,0.0,0.0
2023-09-12 12:00:00+09:00,6220.0,6230.0,6100.0,6170.0,176077,0.0,0.0
2023-09-12 13:00:00+09:00,6170.0,6230.0,6120.0,6150.0,178875,0.0,0.0
2023-09-12 14:00:00+09:00,6150.0,6210.0,6100.0,6190.0,167207,0.0,0.0
2023-09-13 09:00:00+09:00,5830.0,6030.0,5610.0,5710.0,620512,0.0,0.0
2023-09-13 10:00:00+09:00,5710.0,5730.0,5630.0,5640.0,167906,0.0,0.0
2023-09-13 11:00:00+09:00,5650.0,5680.0,5620.0,5630.0,87758,0.0,0.0
2023-09-13 12:00:00+09:00,5630.0,5670.0,5620.0,5640.0,71226,0.0,0.0
2023-09-13 13:00:00+09:00,5640.0,5700.0,5620.0,5660.0,62988,0.0,0.0
2023-09-13 14:00:00+09:00,5660.0,5710.0,5610.0,5620.0,120793,0.0,0.0
2023-09-14 09:00:00+09:00,5620.0,5720.0,5600.0,5610.0,144811,0.0,0.0
2023-09-14 10:00:00+09:00,5610.0,5620.0,5430.0,5560.0,125707,0.0,0.0
2023-09-14 11:00:00+09:00,5560.0,5640.0,5550.0,5640.0,33262,0.0,0.0
2023-09-14 12:00:00+09:00,5640.0,5660.0,5580.0,5610.0,39632,0.0,0.0
2023-09-14 13:00:00+09:00,5610.0,5640.0,5610.0,5630.0,17672,0.0,0.0
2023-09-14 14:00:00+09:00,5630.0,5710.0,5610.0,5670.0,57049,0.0,0.0
2023-09-15 09:00:00+09:00,5680.0,5750.0,5580.0,5600.0,114783,0.0,0.0
2023-09-15 10:00:00+09:00,5590.0,5640.0,5580.0,5640.0,57090,0.0,0.0
2023-09-15 11:00:00+09:00,5640.0,5650.0,5600.0,5620.0,26178,0.0,0.0
2023-09-15 12:00:00+09:00,5640.0,5660.0,5610.0,5650.0,21015,0.0,0.0
2023-09-15 13:00:00+09:00,5650.0,5690.0,5610.0,5620.0,41456,0.0,0.0
2023-09-15 14:00:00+09:00,5610.0,5640.0,5610.0,5620.0,29401,0.0,0.0
2023-09-18 09:00:00+09:00,5580.0,5660.0,5520.0,5570.0,0,0.0,0.0
2023-09-18 10:00:00+09:00,5570.0,5580.0,5510.0,5530.0,40522,0.0,0.0
2023-09-18 11:00:00+09:00,5530.0,5540.0,5500.0,5510.0,42588,0.0,0.0
2023-09-18 12:00:00+09:00,5510.0,5530.0,5460.0,5480.0,42542,0.0,0.0
2023-09-18 13:00:00+09:00,5490.0,5500.0,5450.0,5480.0,18634,0.0,0.0
2023-09-18 14:00:00+09:00,5480.0,5480.0,5450.0,5470.0,21664,0.0,0.0
2023-09-19 09:00:00+09:00,5500.0,5510.0,5290.0,5320.0,136393,0.0,0.0
2023-09-19 10:00:00+09:00,5350.0,5380.0,5310.0,5380.0,31523,0.0,0.0
2023-09-19 11:00:00+09:00,5350.0,5380.0,5330.0,5350.0,21695,0.0,0.0
2023-09-19 12:00:00+09:00,5350.0,5380.0,5320.0,5330.0,16078,0.0,0.0
2023-09-19 13:00:00+09:00,5330.0,5350.0,5320.0,5340.0,10958,0.0,0.0
2023-09-19 14:00:00+09:00,5340.0,5340.0,5300.0,5300.0,39588,0.0,0.0
2023-09-20 09:00:00+09:00,5420.0,5500.0,5270.0,5280.0,112146,0.0,0.0
2023-09-20 10:00:00+09:00,5280.0,5320.0,5250.0,5250.0,39213,0.0,0.0
2023-09-20 11:00:00+09:00,5250.0,5270.0,5210.0,5240.0,25327,0.0,0.0
2023-09-20 12:00:00+09:00,5240.0,5300.0,5240.0,5250.0,10683,0.0,0.0
2023-09-20 13:00:00+09:00,5270.0,5280.0,5240.0,5270.0,9899,0.0,0.0
2023-09-20 14:00:00+09:00,5270.0,5380.0,5270.0,5380.0,47197,0.0,0.0
2023-09-21 09:00:00+09:00,5350.0,5400.0,5300.0,5320.0,69131,0.0,0.0
2023-09-21 10:00:00+09:00,5310.0,5330.0,5250.0,5320.0,27806,0.0,0.0
2023-09-21 11:00:00+09:00,5320.0,5320.0,5270.0,5280.0,26610,0.0,0.0
2023-09-21 12:00:00+09:00,5280.0,5360.0,5270.0,5300.0,20404,0.0,0.0
2023-09-21 13:00:00+09:00,5300.0,5300.0,5260.0,5270.0,15399,0.0,0.0
2023-09-21 14:00:00+09:00,5280.0,5380.0,5260.0,5290.0,30219,0.0,0.0
2023-09-22 09:00:00+09:00,5130.0,5280.0,5070.0,5220.0,70374,0.0,0.0
2023-09-22 10:00:00+09:00,5220.0,5260.0,5150.0,5240.0,25278,0.0,0.0
2023-09-22 11:00:00+09:00,5230.0,5300.0,5210.0,5300.0,18197,0.0,0.0
2023-09-22 12:00:00+09:00,5290.0,5380.0,5290.0,5360.0,46490,0.0,0.0
2023-09-22 13:00:00+09:00,5360.0,5360.0,5290.0,5330.0,28798,0.0,0.0
2023-09-22 14:00:00+09:00,5310.0,5310.0,5230.0,5240.0,19884,0.0,0.0
2023-09-25 09:00:00+09:00,5340.0,5450.0,5230.0,5280.0,0,0.0,0.0
2023-09-25 10:00:00+09:00,5280.0,5280.0,5170.0,5210.0,29199,0.0,0.0
2023-09-25 11:00:00+09:00,5210.0,5240.0,5170.0,5190.0,9050,0.0,0.0
2023-09-25 12:00:00+09:00,5200.0,5210.0,5180.0,5180.0,11199,0.0,0.0
2023-09-25 13:00:00+09:00,5200.0,5260.0,5190.0,5240.0,10155,0.0,0.0
2023-09-25 14:00:00+09:00,5240.0,5260.0,5200.0,5200.0,20158,0.0,0.0
2023-09-26 09:00:00+09:00,5190.0,5330.0,5170.0,5190.0,39562,0.0,0.0
2023-09-26 10:00:00+09:00,5190.0,5200.0,5150.0,5160.0,27597,0.0,0.0
2023-09-26 11:00:00+09:00,5170.0,5200.0,5160.0,5170.0,7477,0.0,0.0
2023-09-26 12:00:00+09:00,5160.0,5180.0,5150.0,5160.0,6598,0.0,0.0
2023-09-26 13:00:00+09:00,5170.0,5170.0,5000.0,5030.0,48341,0.0,0.0
2023-09-26 14:00:00+09:00,5030.0,5050.0,5000.0,5030.0,19999,0.0,0.0
2023-09-27 09:00:00+09:00,4890.0,5160.0,4875.0,5130.0,70828,0.0,0.0
2023-09-27 10:00:00+09:00,5130.0,5140.0,5090.0,5120.0,9751,0.0,0.0
2023-09-27 11:00:00+09:00,5130.0,5160.0,5020.0,5130.0,21446,0.0,0.0
2023-09-27 12:00:00+09:00,5140.0,5210.0,5110.0,5210.0,19878,0.0,0.0
2023-09-27 13:00:00+09:00,5210.0,5220.0,5170.0,5210.0,18078,0.0,0.0
2023-09-27 14:00:00+09:00,5220.0,5250.0,5200.0,5230.0,17254,0.0,0.0
2023-10-04 09:00:00+09:00,5180.0,5230.0,5040.0,5100.0,0,0.0,0.0
2023-10-04 10:00:00+09:00,5090.0,5100.0,5040.0,5070.0,21694,0.0,0.0
2023-10-04 11:00:00+09:00,5060.0,5100.0,5050.0,5090.0,4977,0.0,0.0
2023-10-04 12:00:00+09:00,5100.0,5100.0,5060.0,5090.0,4388,0.0,0.0
2023-10-04 13:00:00+09:00,5090.0,5090.0,5050.0,5050.0,6344,0.0,0.0
2023-10-04 14:00:00+09:00,5050.0,5090.0,5040.0,5040.0,7915,0.0,0.0
2023-10-05 09:00:00+09:00,5030.0,5130.0,4670.0,4700.0,124151,0.0,0.0
2023-10-05 10:00:00+09:00,4725.0,4795.0,4660.0,4785.0,40204,0.0,0.0
2023-10-05 11:00:00+09:00,4790.0,4805.0,4710.0,4730.0,21493,0.0,0.0
2023-10-05 12:00:00+09:00,4715.0,4735.0,4710.0,4725.0,6217,0.0,0.0
2023-10-05 13:00:00+09:00,4720.0,4750.0,4700.0,4705.0,17682,0.0,0.0
2023-10-05 14:00:00+09:00,4705.0,4705.0,4585.0,4620.0,45538,0.0,0.0
2023-10-06 09:00:00+09:00,4505.0,4705.0,4505.0,4705.0,22883,0.0,0.0
2023-10-06 10:00:00+09:00,4700.0,4745.0,4690.0,4715.0,9787,0.0,0.0
2023-10-06 11:00:00+09:00,4710.0,4710.0,4650.0,4675.0,6694,0.0,0.0
2023-10-06 12:00:00+09:00,4670.0,4735.0,4665.0,4735.0,7047,0.0,0.0
2023-10-06 13:00:00+09:00,4725.0,4735.0,4695.0,4715.0,6250,0.0,0.0
2023-10-06 14:00:00+09:00,4710.0,4730.0,4690.0,4715.0,13715,0.0,0.0
2023-10-10 09:00:00+09:00,4660.0,4745.0,4575.0,4725.0,0,0.0,0.0
2023-10-10 10:00:00+09:00,4720.0,4740.0,4690.0,4725.0,29436,0.0,0.0
2023-10-10 11:00:00+09:00,4735.0,4745.0,4665.0,4685.0,7855,0.0,0.0
2023-10-10 12:00:00+09:00,4680.0,4690.0,4595.0,4595.0,16254,0.0,0.0
2023-10-10 13:00:00+09:00,4600.0,4610.0,4570.0,4570.0,16314,0.0,0.0
2023-10-10 14:00:00+09:00,4570.0,4585.0,4510.0,4560.0,21358,0.0,0.0
2023-10-11 09:00:00+09:00,4540.0,4770.0,4540.0,4720.0,58607,0.0,0.0
2023-10-11 10:00:00+09:00,4720.0,4740.0,4715.0,4730.0,12108,0.0,0.0
2023-10-11 11:00:00+09:00,4735.0,4735.0,4705.0,4705.0,4867,0.0,0.0
2023-10-11 12:00:00+09:00,4705.0,4735.0,4690.0,4735.0,5477,0.0,0.0
2023-10-11 13:00:00+09:00,4740.0,4750.0,4680.0,4680.0,8335,0.0,0.0
2023-10-11 14:00:00+09:00,4680.0,4700.0,4650.0,4680.0,33453,0.0,0.0
2023-10-12 09:00:00+09:00,4635.0,4895.0,4635.0,4840.0,80095,0.0,0.0
2023-10-12 10:00:00+09:00,4855.0,4870.0,4800.0,4835.0,20830,0.0,0.0
2023-10-12 11:00:00+09:00,4835.0,4865.0,4835.0,4840.0,8245,0.0,0.0
2023-10-12 12:00:00+09:00,4840.0,4875.0,4830.0,4845.0,8292,0.0,0.0
2023-10-12 13:00:00+09:00,4840.0,4845.0,4825.0,4840.0,8090,0.0,0.0
2023-10-12 14:00:00+09:00,4835.0,4855.0,4835.0,4850.0,9695,0.0,0.0
2023-10-13 09:00:00+09:00,4850.0,4850.0,4725.0,4745.0,34207,0.0,0.0
2023-10-13 10:00:00+09:00,4745.0,4815.0,4740.0,4775.0,8992,0.0,0.0
2023-10-13 11:00:00+09:00,4770.0,4800.0,4770.0,4790.0,7733,0.0,0.0
2023-10-13 12:00:00+09:00,4790.0,4800.0,4735.0,4755.0,15478,0.0,0.0
2023-10-13 13:00:00+09:00,4760.0,4775.0,4735.0,4740.0,4113,0.0,0.0
2023-10-13 14:00:00+09:00,4735.0,4760.0,4730.0,4750.0,9195,0.0,0.0
2023-10-16 09:00:00+09:00,4780.0,4780.0,4555.0,4610.0,0,0.0,0.0
2023-10-16 10:00:00+09:00,4605.0,4605.0,4550.0,4550.0,34832,0.0,0.0
2023-10-16 11:00:00+09:00,4545.0,4565.0,4530.0,4540.0,11704,0.0,0.0
2023-10-16 12:00:00+09:00,4540.0,4550.0,4520.0,4520.0,12898,0.0,0.0
2023-10-16 13:00:00+09:00,4550.0,4550.0,4515.0,4520.0,14843,0.0,0.0
2023-10-16 14:00:00+09:00,4520.0,4540.0,4465.0,4490.0,41878,0.0,0.0
2023-10-17 09:00:00+09:00,4700.0,4775.0,4590.0,4705.0,64416,0.0,0.0
2023-10-17 10:00:00+09:00,4695.0,4745.0,4690.0,4730.0,21302,0.0,0.0
2023-10-17 11:00:00+09:00,4720.0,4745.0,4710.0,4740.0,7551,0.0,0.0
2023-10-17 12:00:00+09:00,4730.0,4755.0,4700.0,4755.0,9101,0.0,0.0
2023-10-17 13:00:00+09:00,4755.0,4755.0,4685.0,4710.0,6982,0.0,0.0
2023-10-17 14:00:00+09:00,4700.0,4710.0,4680.0,4690.0,4451,0.0,0.0
2023-10-18 09:00:00+09:00,4730.0,4780.0,4550.0,4650.0,37303,0.0,0.0
2023-10-18 10:00:00+09:00,4650.0,4700.0,4605.0,4690.0,8156,0.0,0.0
2023-10-18 11:00:00+09:00,4690.0,4715.0,4650.0,4665.0,0,0.0,0.0
2023-10-18 12:00:00+09:00,4665.0,4680.0,4645.0,4650.0,60873,0.0,0.0
2023-10-18 13:00:00+09:00,4650.0,4660.0,4630.0,4655.0,7209,0.0,0.0
2023-10-18 14:00:00+09:00,4655.0,4655.0,4630.0,4645.0,7617,0.0,0.0
2023-10-19 09:00:00+09:00,4675.0,4675.0,4455.0,4495.0,34732,0.0,0.0
2023-10-19 10:00:00+09:00,4495.0,4500.0,4425.0,4440.0,42906,0.0,0.0
2023-10-19 11:00:00+09:00,4440.0,4440.0,4380.0,4390.0,28740,0.0,0.0
2023-10-19 12:00:00+09:00,4390.0,4445.0,4380.0,4420.0,18023,0.0,0.0
2023-10-19 13:00:00+09:00,4415.0,4445.0,4400.0,4400.0,9893,0.0,0.0
2023-10-19 14:00:00+09:00,4400.0,4425.0,4385.0,4390.0,17267,0.0,0.0
2023-10-20 09:00:00+09:00,4380.0,4385.0,4110.0,4195.0,53937,0.0,0.0
2023-10-20 10:00:00+09:00,4195.0,4235.0,4150.0,4210.0,16546,0.0,0.0
2023-10-20 11:00:00+09:00,4205.0,4240.0,4155.0,4240.0,17103,0.0,0.0
2023-10-20 12:00:00+09:00,4235.0,4295.0,4210.0,4240.0,8044,0.0,0.0
2023-10-20 13:00:00+09:00,4250.0,4340.0,4250.0,4315.0,13080,0.0,0.0
2023-10-20 14:00:00+09:00,4315.0,4315.0,4220.0,4230.0,13837,0.0,0.0
2023-10-23 09:00:00+09:00,4220.0,4320.0,4200.0,4240.0,0,0.0,0.0
2023-10-23 10:00:00+09:00,4275.0,4320.0,4240.0,4315.0,16435,0.0,0.0
2023-10-23 11:00:00+09:00,4320.0,4320.0,4260.0,4260.0,3954,0.0,0.0
2023-10-23 12:00:00+09:00,4260.0,4270.0,4230.0,4265.0,5473,0.0,0.0
2023-10-23 13:00:00+09:00,4265.0,4265.0,4220.0,4245.0,10532,0.0,0.0
2023-10-23 14:00:00+09:00,4245.0,4245.0,4220.0,4220.0,8042,0.0,0.0
2023-10-24 09:00:00+09:00,4210.0,4400.0,4170.0,4170.0,48692,0.0,0.0
2023-10-24 10:00:00+09:00,4170.0,4200.0,4085.0,4110.0,23286,0.0,0.0
2023-10-24 11:00:00+09:00,4120.0,4225.0,4120.0,4200.0,5207,0.0,0.0
2023-10-24 12:00:00+09:00,4200.0,4245.0,4195.0,4230.0,3964,0.0,0.0
2023-10-24 13:00:00+09:00,4235.0,4310.0,4235.0,4305.0,7491,0.0,0.0
2023-10-24 14:00:00+09:00,4290.0,4340.0,4290.0,4340.0,13041,0.0,0.0
2023-10-25 09:00:00+09:00,4370.0,4405.0,4300.0,4355.0,20810,0.0,0.0
2023-10-25 10:00:00+09:00,4370.0,4435.0,4360.0,4405.0,13424,0.0,0.0
2023-10-25 11:00:00+09:00,4400.0,4440.0,4390.0,4420.0,7811,0.0,0.0
2023-10-25 12:00:00+09:00,4415.0,4425.0,4360.0,4360.0,5770,0.0,0.0
2023-10-25 13:00:00+09:00,4360.0,4395.0,4360.0,4395.0,3251,0.0,0.0
2023-10-25 14:00:00+09:00,4395.0,4420.0,4380.0,4400.0,4992,0.0,0.0
2023-10-26 09:00:00+09:00,4295.0,4310.0,4200.0,4205.0,21860,0.0,0.0
2023-10-26 10:00:00+09:00,4215.0,4270.0,4215.0,4240.0,4179,0.0,0.0
2023-10-26 11:00:00+09:00,4240.0,4240.0,4180.0,4180.0,40799,0.0,0.0
2023-10-26 12:00:00+09:00,4180.0,4225.0,4170.0,4200.0,5400,0.0,0.0
2023-10-26 13:00:00+09:00,4200.0,4225.0,4175.0,4185.0,10437,0.0,0.0
2023-10-26 14:00:00+09:00,4185.0,4230.0,4145.0,4220.0,24623,0.0,0.0
2023-10-27 09:00:00+09:00,4180.0,4215.0,4105.0,4140.0,17876,0.0,0.0
2023-10-27 10:00:00+09:00,4145.0,4250.0,4130.0,4230.0,17411,0.0,0.0
2023-10-27 11:00:00+09:00,4225.0,4300.0,4195.0,4250.0,8920,0.0,0.0
2023-10-27 12:00:00+09:00,4245.0,4250.0,4190.0,4210.0,7674,0.0,0.0
2023-10-27 13:00:00+09:00,4190.0,4215.0,4155.0,4200.0,19809,0.0,0.0
2023-10-27 14:00:00+09:00,4200.0,4200.0,4170.0,4180.0,6366,0.0,0.0
2023-10-30 09:00:00+09:00,4145.0,4315.0,4120.0,4290.0,0,0.0,0.0
2023-10-30 10:00:00+09:00,4290.0,4330.0,4255.0,4325.0,18500,0.0,0.0
2023-10-30 11:00:00+09:00,4325.0,4335.0,4250.0,4265.0,10567,0.0,0.0
2023-10-30 12:00:00+09:00,4270.0,4355.0,4270.0,4350.0,15473,0.0,0.0
2023-10-30 13:00:00+09:00,4350.0,4385.0,4335.0,4380.0,24029,0.0,0.0
2023-10-30 14:00:00+09:00,4380.0,4385.0,4345.0,4355.0,3342,0.0,0.0
2023-10-31 09:00:00+09:00,4405.0,4480.0,4325.0,4365.0,34692,0.0,0.0
2023-10-31 10:00:00+09:00,4335.0,4355.0,4250.0,4300.0,11910,0.0,0.0
2023-10-31 11:00:00+09:00,4300.0,4300.0,4210.0,4245.0,14485,0.0,0.0
2023-10-31 12:00:00+09:00,4285.0,4285.0,4220.0,4235.0,6132,0.0,0.0
2023-10-31 13:00:00+09:00,4240.0,4270.0,4225.0,4235.0,4848,0.0,0.0
2023-10-31 14:00:00+09:00,4230.0,4300.0,4210.0,4300.0,9775,0.0,0.0
2023-11-01 09:00:00+09:00,4285.0,4430.0,4285.0,4370.0,19332,0.0,0.0
2023-11-01 10:00:00+09:00,4360.0,4375.0,4305.0,4310.0,6956,0.0,0.0
2023-11-01 11:00:00+09:00,4310.0,4355.0,4300.0,4340.0,7485,0.0,0.0
2023-11-01 12:00:00+09:00,4330.0,4540.0,4300.0,4430.0,193534,0.0,0.0
2023-11-01 13:00:00+09:00,4430.0,4450.0,4385.0,4435.0,25031,0.0,0.0
2023-11-01 14:00:00+09:00,4435.0,4440.0,4385.0,4385.0,14182,0.0,0.0
2023-11-02 09:00:00+09:00,4450.0,4565.0,4450.0,4520.0,51547,0.0,0.0
2023-11-02 10:00:00+09:00,4525.0,4560.0,4520.0,4535.0,19305,0.0,0.0
2023-11-02 11:00:00+09:00,4535.0,4555.0,4520.0,4545.0,13140,0.0,0.0
2023-11-02 12:00:00+09:00,4545.0,4545.0,4530.0,4540.0,11919,0.0,0.0
2023-11-02 13:00:00+09:00,4540.0,4550.0,4530.0,4550.0,4805,0.0,0.0
2023-11-02 14:00:00+09:00,4555.0,4560.0,4530.0,4535.0,11170,0.0,0.0
2023-11-03 09:00:00+09:00,4590.0,4730.0,4505.0,4640.0,54645,0.0,0.0
2023-11-03 10:00:00+09:00,4640.0,4680.0,4625.0,4665.0,20100,0.0,0.0
2023-11-03 11:00:00+09:00,4660.0,4700.0,4640.0,4670.0,28285,0.0,0.0
2023-11-03 12:00:00+09:00,4665.0,4670.0,4630.0,4660.0,9451,0.0,0.0
2023-11-03 13:00:00+09:00,4655.0,4660.0,4600.0,4650.0,11921,0.0,0.0
2023-11-03 14:00:00+09:00,4650.0,4650.0,4620.0,4650.0,9565,0.0,0.0
2023-11-06 09:00:00+09:00,4680.0,4765.0,4655.0,4740.0,0,0.0,0.0
2023-11-06 10:00:00+09:00,4740.0,4775.0,4715.0,4775.0,40707,0.0,0.0
2023-11-06 11:00:00+09:00,4775.0,4780.0,4720.0,4780.0,34930,0.0,0.0
2023-11-06 12:00:00+09:00,4780.0,4780.0,4755.0,4760.0,9446,0.0,0.0
2023-11-06 13:00:00+09:00,4760.0,4790.0,4755.0,4780.0,14322,0.0,0.0
2023-11-06 14:00:00+09:00,4780.0,4810.0,4770.0,4810.0,25139,0.0,0.0
2023-11-07 09:00:00+09:00,4850.0,4855.0,4700.0,4745.0,58184,0.0,0.0
2023-11-07 10:00:00+09:00,4760.0,4800.0,4735.0,4785.0,11857,0.0,0.0
2023-11-07 11:00:00+09:00,4785.0,4795.0,4725.0,4725.0,14069,0.0,0.0
2023-11-07 12:00:00+09:00,4725.0,4745.0,4655.0,4745.0,19869,0.0,0.0
2023-11-07 13:00:00+09:00,4745.0,4750.0,4710.0,4745.0,7746,0.0,0.0
2023-11-07 14:00:00+09:00,4720.0,4780.0,4720.0,4750.0,10407,0.0,0.0
2023-11-08 09:00:00+09:00,4760.0,4815.0,4680.0,4775.0,34007,0.0,0.0
2023-11-08 10:00:00+09:00,4775.0,4820.0,4720.0,4795.0,18259,0.0,0.0
2023-11-08 11:00:00+09:00,4795.0,4815.0,4765.0,4765.0,8359,0.0,0.0
2023-11-08 12:00:00+09:00,4770.0,4780.0,4710.0,4750.0,12743,0.0,0.0
2023-11-08 13:00:00+09:00,4740.0,4785.0,4740.0,4780.0,9085,0.0,0.0
2023-11-08 14:00:00+09:00,4775.0,4775.0,4710.0,4715.0,8997,0.0,0.0
2023-11-09 09:00:00+09:00,4715.0,4750.0,4540.0,4605.0,17917,0.0,0.0
2023-11-09 10:00:00+09:00,4605.0,4690.0,4605.0,4675.0,11947,0.0,0.0
2023-11-09 11:00:00+09:00,4675.0,4675.0,4610.0,4640.0,6308,0.0,0.0
2023-11-09 12:00:00+09:00,4640.0,4645.0,4620.0,4625.0,2330,0.0,0.0
2023-11-09 13:00:00+09:00,4635.0,4645.0,4595.0,4595.0,15122,0.0,0.0
2023-11-09 14:00:00+09:00,4590.0,4625.0,4580.0,4610.0,5144,0.0,0.0
2023-11-10 09:00:00+09:00,4545.0,4595.0,4500.0,4530.0,17181,0.0,0.0
2023-11-10 10:00:00+09:00,4530.0,4545.0,4510.0,4515.0,4489,0.0,0.0
2023-11-10 11:00:00+09:00,4510.0,4535.0,4500.0,4530.0,5631,0.0,0.0
2023-11-10 12:00:00+09:00,4520.0,4520.0,4480.0,4495.0,3476,0.0,0.0
2023-11-10 13:00:00+09:00,4490.0,4515.0,4485.0,4505.0,5172,0.0,0.0
2023-11-10 14:00:00+09:00,4515.0,4520.0,4500.0,4500.0,3347,0.0,0.0
2023-11-13 09:00:00+09:00,4540.0,4600.0,4500.0,4555.0,0,0.0,0.0
2023-11-13 10:00:00+09:00,4550.0,4550.0,4475.0,4500.0,12316,0.0,0.0
2023-11-13 11:00:00+09:00,4500.0,4500.0,4455.0,4455.0,6938,0.0,0.0
2023-11-13 12:00:00+09:00,4455.0,4500.0,4440.0,4500.0,3827,0.0,0.0
2023-11-13 13:00:00+09:00,4510.0,4510.0,4470.0,4480.0,5480,0.0,0.0
2023-11-13 14:00:00+09:00,4480.0,4485.0,4435.0,4435.0,7320,0.0,0.0
2023-11-14 09:00:00+09:00,4440.0,4640.0,4410.0,4560.0,15981,0.0,0.0
2023-11-14 10:00:00+09:00,4565.0,4590.0,4555.0,4580.0,11204,0.0,0.0
2023-11-14 11:00:00+09:00,4580.0,4600.0,4560.0,4600.0,7235,0.0,0.0
2023-11-14 12:00:00+09:00,4595.0,4605.0,4580.0,4595.0,2600,0.0,0.0
2023-11-14 13:00:00+09:00,4595.0,4605.0,4570.0,4605.0,4603,0.0,0.0
2023-11-14 14:00:00+09:00,4605.0,4615.0,4550.0,4595.0,8892,0.0,0.0
2023-11-15 09:00:00+09:00,4685.0,4780.0,4665.0,4740.0,38862,0.0,0.0
2023-11-15 10:00:00+09:00,4745.0,4770.0,4735.0,4740.0,15220,0.0,0.0
2023-11-15 11:00:00+09:00,4750.0,4750.0,4720.0,4735.0,12186,0.0,0.0
2023-11-15 12:00:00+09:00,4740.0,4765.0,4725.0,4760.0,13464,0.0,0.0
2023-11-15 13:00:00+09:00,4735.0,4785.0,4735.0,4765.0,9491,0.0,0.0
2023-11-15 14:00:00+09:00,4760.0,4760.0,4745.0,4755.0,14957,0.0,0.0
2023-11-16 10:00:00+09:00,4950.0,4950.0,4770.0,4775.0,75601,0.0,0.0
2023-11-16 11:00:00+09:00,4775.0,4800.0,4775.0,4800.0,6309,0.0,0.0
2023-11-16 12:00:00+09:00,4790.0,4800.0,4770.0,4780.0,13015,0.0,0.0
2023-11-16 13:00:00+09:00,4780.0,4825.0,4780.0,4815.0,5607,0.0,0.0
2023-11-16 14:00:00+09:00,4810.0,4815.0,4785.0,4810.0,7473,0.0,0.0
2023-11-17 09:00:00+09:00,4805.0,4810.0,4685.0,4710.0,23424,0.0,0.0
2023-11-17 10:00:00+09:00,4710.0,4720.0,4665.0,4690.0,12802,0.0,0.0
2023-11-17 11:00:00+09:00,4685.0,4700.0,4670.0,4680.0,3724,0.0,0.0
2023-11-17 12:00:00+09:00,4680.0,4700.0,4660.0,4695.0,13204,0.0,0.0
2023-11-17 13:00:00+09:00,4695.0,4700.0,4660.0,4690.0,2882,0.0,0.0
2023-11-17 14:00:00+09:00,4690.0,4690.0,4670.0,4670.0,3294,0.0,0.0
2023-11-20 09:00:00+09:00,4715.0,4820.0,4650.0,4800.0,0,0.0,0.0
2023-11-20 10:00:00+09:00,4800.0,4810.0,4760.0,4780.0,8891,0.0,0.0
2023-11-20 11:00:00+09:00,4780.0,4790.0,4770.0,4785.0,5671,0.0,0.0
2023-11-20 12:00:00+09:00,4785.0,4835.0,4785.0,4810.0,22199,0.0,0.0
2023-11-20 13:00:00+09:00,4810.0,4830.0,4810.0,4820.0,7099,0.0,0.0
2023-11-20 14:00:00+09:00,4820.0,4825.0,4795.0,4820.0,13389,0.0,0.0
2023-11-21 09:00:00+09:00,4810.0,4860.0,4790.0,4820.0,34046,0.0,0.0
2023-11-21 10:00:00+09:00,4820.0,4880.0,4815.0,4880.0,30627,0.0,0.0
2023-11-21 11:00:00+09:00,4870.0,4880.0,4850.0,4850.0,14620,0.0,0.0
2023-11-21 12:00:00+09:00,4850.0,4855.0,4845.0,4850.0,8167,0.0,0.0
2023-11-21 13:00:00+09:00,4850.0,4860.0,4840.0,4855.0,8292,0.0,0.0
2023-11-21 14:00:00+09:00,4855.0,4855.0,4835.0,4835.0,7496,0.0,0.0
2023-11-22 09:00:00+09:00,4775.0,4880.0,4765.0,4830.0,38756,0.0,0.0
2023-11-22 10:00:00+09:00,4830.0,4900.0,4825.0,4860.0,34734,0.0,0.0
2023-11-22 11:00:00+09:00,4860.0,4865.0,4825.0,4835.0,15413,0.0,0.0
2023-11-22 12:00:00+09:00,4835.0,4850.0,4830.0,4835.0,2496,0.0,0.0
2023-11-22 13:00:00+09:00,4830.0,4840.0,4830.0,4835.0,2443,0.0,0.0
2023-11-22 14:00:00+09:00,4835.0,4840.0,4805.0,4805.0,13127,0.0,0.0
2023-11-23 09:00:00+09:00,4800.0,4910.0,4775.0,4885.0,58526,0.0,0.0
2023-11-23 10:00:00+09:00,4860.0,4895.0,4820.0,4820.0,22319,0.0,0.0
2023-11-23 11:00:00+09:00,4820.0,4830.0,4815.0,4825.0,4416,0.0,0.0
2023-11-23 12:00:00+09:00,4825.0,4825.0,4810.0,4810.0,9496,0.0,0.0
2023-11-23 13:00:00+09:00,4810.0,4820.0,4790.0,4790.0,14288,0.0,0.0
2023-11-23 14:00:00+09:00,4790.0,4805.0,4780.0,4795.0,11187,0.0,0.0
2023-11-24 09:00:00+09:00,4810.0,4880.0,4785.0,4795.0,23964,0.0,0.0
2023-11-24 10:00:00+09:00,4805.0,4820.0,4795.0,4800.0,7564,0.0,0.0
2023-11-24 11:00:00+09:00,4800.0,4810.0,4760.0,4760.0,17980,0.0,0.0
2023-11-24 12:00:00+09:00,4770.0,4780.0,4760.0,4760.0,7483,0.0,0.0
2023-11-24 13:00:00+09:00,4765.0,4780.0,4755.0,4770.0,4800,0.0,0.0
2023-11-24 14:00:00+09:00,4780.0,4795.0,4740.0,4795.0,11716,0.0,0.0
2023-11-27 09:00:00+09:00,4800.0,4880.0,4725.0,4780.0,0,0.0,0.0
2023-11-27 10:00:00+09:00,4780.0,4800.0,4760.0,4785.0,6728,0.0,0.0
2023-11-27 11:00:00+09:00,4785.0,4790.0,4765.0,4790.0,3964,0.0,0.0
2023-11-27 12:00:00+09:00,4790.0,4790.0,4760.0,4770.0,5812,0.0,0.0
2023-11-27 13:00:00+09:00,4770.0,4770.0,4745.0,4745.0,9491,0.0,0.0
2023-11-27 14:00:00+09:00,4745.0,4755.0,4730.0,4740.0,9473,0.0,0.0
2023-11-28 09:00:00+09:00,4775.0,4880.0,4740.0,4765.0,83729,0.0,0.0
2023-11-28 10:00:00+09:00,4765.0,4785.0,4750.0,4780.0,15928,0.0,0.0
2023-11-28 11:00:00+09:00,4785.0,4795.0,4755.0,4785.0,7330,0.0,0.0
2023-11-28 12:00:00+09:00,4790.0,4810.0,4775.0,4780.0,9010,0.0,0.0
2023-11-28 13:00:00+09:00,4780.0,4835.0,4780.0,4835.0,26462,0.0,0.0
2023-11-28 14:00:00+09:00,4835.0,4870.0,4815.0,4845.0,45069,0.0,0.0
2023-11-29 09:00:00+09:00,4945.0,4945.0,4830.0,4835.0,52227,0.0,0.0
2023-11-29 10:00:00+09:00,4835.0,5430.0,4830.0,5120.0,1524041,0.0,0.0
2023-11-29 11:00:00+09:00,5110.0,5150.0,5090.0,5100.0,82353,0.0,0.0
2023-11-29 12:00:00+09:00,5100.0,5170.0,5100.0,5120.0,56479,0.0,0.0
2023-11-29 13:00:00+09:00,5120.0,5160.0,5100.0,5160.0,67088,0.0,0.0
2023-11-29 14:00:00+09:00,5160.0,5160.0,4950.0,4990.0,224200,0.0,0.0
2023-11-30 09:00:00+09:00,5080.0,5170.0,4945.0,4985.0,191834,0.0,0.0
2023-11-30 10:00:00+09:00,4985.0,5040.0,4965.0,5040.0,45260,0.0,0.0
2023-11-30 11:00:00+09:00,5040.0,5040.0,4985.0,5000.0,21288,0.0,0.0
2023-11-30 12:00:00+09:00,5000.0,5010.0,4990.0,4995.0,12459,0.0,0.0
2023-11-30 13:00:00+09:00,4995.0,5000.0,4955.0,4970.0,31047,0.0,0.0
2023-11-30 14:00:00+09:00,4970.0,4980.0,4950.0,4970.0,17931,0.0,0.0
2023-12-01 09:00:00+09:00,5000.0,5000.0,4830.0,4870.0,53951,0.0,0.0
2023-12-01 10:00:00+09:00,4850.0,4880.0,4845.0,4870.0,20548,0.0,0.0
2023-12-01 11:00:00+09:00,4860.0,4885.0,4855.0,4865.0,15463,0.0,0.0
2023-12-01 12:00:00+09:00,4865.0,4865.0,4850.0,4850.0,8191,0.0,0.0
2023-12-01 13:00:00+09:00,4855.0,4860.0,4845.0,4855.0,11822,0.0,0.0
2023-12-01 14:00:00+09:00,4855.0,4865.0,4850.0,4855.0,18090,0.0,0.0
2023-12-04 09:00:00+09:00,4870.0,4880.0,4750.0,4785.0,0,0.0,0.0
2023-12-04 10:00:00+09:00,4790.0,4795.0,4760.0,4775.0,13021,0.0,0.0
2023-12-04 11:00:00+09:00,4775.0,4790.0,4755.0,4780.0,11121,0.0,0.0
2023-12-04 12:00:00+09:00,4780.0,4810.0,4780.0,4800.0,9445,0.0,0.0
2023-12-04 13:00:00+09:00,4800.0,4800.0,4770.0,4795.0,10936,0.0,0.0
2023-12-04 14:00:00+09:00,4805.0,4835.0,4795.0,4810.0,7887,0.0,0.0
2023-12-05 09:00:00+09:00,4845.0,4845.0,4765.0,4810.0,31959,0.0,0.0
2023-12-05 10:00:00+09:00,4815.0,4825.0,4765.0,4765.0,15495,0.0,0.0
2023-12-05 11:00:00+09:00,4770.0,4780.0,4755.0,4755.0,11308,0.0,0.0
2023-12-05 12:00:00+09:00,4755.0,4765.0,4750.0,4755.0,14216,0.0,0.0
2023-12-05 13:00:00+09:00,4750.0,4755.0,4695.0,4695.0,35845,0.0,0.0
2023-12-05 14:00:00+09:00,4695.0,4715.0,4665.0,4685.0,23187,0.0,0.0
2023-12-06 09:00:00+09:00,4670.0,4715.0,4610.0,4670.0,35051,0.0,0.0
2023-12-06 10:00:00+09:00,4660.0,4715.0,4630.0,4715.0,11386,0.0,0.0
2023-12-06 11:00:00+09:00,4715.0,4715.0,4685.0,4690.0,8705,0.0,0.0
2023-12-06 12:00:00+09:00,4690.0,4690.0,4675.0,4680.0,2766,0.0,0.0
2023-12-06 13:00:00+09:00,4680.0,4705.0,4675.0,4700.0,6358,0.0,0.0
2023-12-06 14:00:00+09:00,4695.0,4725.0,4680.0,4680.0,5942,0.0,0.0
2023-12-07 09:00:00+09:00,4730.0,4730.0,4645.0,4645.0,11411,0.0,0.0
2023-12-07 10:00:00+09:00,4650.0,4650.0,4605.0,4645.0,22704,0.0,0.0
2023-12-07 11:00:00+09:00,4640.0,4650.0,4610.0,4620.0,6608,0.0,0.0
2023-12-07 12:00:00+09:00,4620.0,4625.0,4610.0,4610.0,13329,0.0,0.0
2023-12-07 13:00:00+09:00,4615.0,4635.0,4610.0,4615.0,3769,0.0,0.0
2023-12-07 14:00:00+09:00,4625.0,4625.0,4600.0,4620.0,9053,0.0,0.0
2023-12-08 09:00:00+09:00,4660.0,4705.0,4585.0,4690.0,26913,0.0,0.0
2023-12-08 10:00:00+09:00,4690.0,4700.0,4670.0,4695.0,5580,0.0,0.0
2023-12-08 11:00:00+09:00,4695.0,4700.0,4665.0,4670.0,5348,0.0,0.0
2023-12-08 12:00:00+09:00,4670.0,4685.0,4665.0,4680.0,3719,0.0,0.0
2023-12-08 13:00:00+09:00,4670.0,4710.0,4670.0,4710.0,18893,0.0,0.0
2023-12-08 14:00:00+09:00,4715.0,4725.0,4700.0,4715.0,9394,0.0,0.0
2023-12-11 09:00:00+09:00,4800.0,4845.0,4750.0,4840.0,0,0.0,0.0
2023-12-11 10:00:00+09:00,4845.0,4845.0,4810.0,4825.0,28622,0.0,0.0
2023-12-11 11:00:00+09:00,4825.0,4825.0,4815.0,4815.0,7790,0.0,0.0
2023-12-11 12:00:00+09:00,4825.0,4830.0,4810.0,4830.0,8022,0.0,0.0
2023-12-11 13:00:00+09:00,4830.0,4875.0,4830.0,4845.0,23718,0.0,0.0
2023-12-11 14:00:00+09:00,4840.0,4860.0,4815.0,4820.0,13046,0.0,0.0
2023-12-12 09:00:00+09:00,4835.0,4835.0,4740.0,4755.0,29102,0.0,0.0
2023-12-12 10:00:00+09:00,4765.0,4790.0,4750.0,4760.0,10168,0.0,0.0
2023-12-12 11:00:00+09:00,4770.0,4780.0,4760.0,4765.0,8873,0.0,0.0
2023-12-12 12:00:00+09:00,4770.0,4795.0,4750.0,4790.0,13118,0.0,0.0
2023-12-12 13:00:00+09:00,4790.0,4825.0,4785.0,4810.0,10197,0.0,0.0
2023-12-12 14:00:00+09:00,4795.0,4820.0,4785.0,4805.0,9361,0.0,0.0
2023-12-13 09:00:00+09:00,4860.0,4860.0,4710.0,4740.0,20848,0.0,0.0
2023-12-13 10:00:00+09:00,4735.0,4770.0,4720.0,4730.0,6927,0.0,0.0
2023-12-13 11:00:00+09:00,4730.0,4780.0,4725.0,4745.0,8645,0.0,0.0
2023-12-13 12:00:00+09:00,4740.0,4745.0,4730.0,4740.0,2334,0.0,0.0
2023-12-13 13:00:00+09:00,4740.0,4740.0,4725.0,4730.0,7327,0.0,0.0
2023-12-13 14:00:00+09:00,4730.0,4730.0,4685.0,4685.0,27752,0.0,0.0
2023-12-14 09:00:00+09:00,4705.0,4795.0,4705.0,4760.0,26856,0.0,0.0
2023-12-14 10:00:00+09:00,4760.0,4810.0,4740.0,4805.0,33034,0.0,0.0
2023-12-14 11:00:00+09:00,4805.0,4805.0,4765.0,4780.0,9657,0.0,0.0
2023-12-14 12:00:00+09:00,4780.0,4780.0,4735.0,4735.0,16974,0.0,0.0
2023-12-14 13:00:00+09:00,4740.0,4755.0,4735.0,4750.0,4724,0.0,0.0
2023-12-14 14:00:00+09:00,4750.0,4755.0,4725.0,4730.0,12522,0.0,0.0
2023-12-15 09:00:00+09:00,4755.0,4805.0,4755.0,4795.0,40903,0.0,0.0
2023-12-15 10:00:00+09:00,4795.0,4830.0,4770.0,4805.0,19997,0.0,0.0
2023-12-15 11:00:00+09:00,4800.0,4810.0,4780.0,4800.0,4008,0.0,0.0
2023-12-15 12:00:00+09:00,4800.0,4820.0,4785.0,4810.0,15069,0.0,0.0
2023-12-15 13:00:00+09:00,4810.0,4850.0,4800.0,4820.0,16663,0.0,0.0
2023-12-15 14:00:00+09:00,4830.0,4835.0,4790.0,4810.0,12210,0.0,0.0
2023-12-18 09:00:00+09:00,4890.0,4890.0,4760.0,4845.0,0,0.0,0.0
2023-12-18 10:00:00+09:00,4845.0,4870.0,4830.0,4845.0,15714,0.0,0.0
2023-12-18 11:00:00+09:00,4845.0,4850.0,4825.0,4830.0,10942,0.0,0.0
2023-12-18 12:00:00+09:00,4825.0,4840.0,4810.0,4820.0,6741,0.0,0.0
2023-12-18 13:00:00+09:00,4820.0,4835.0,4810.0,4830.0,6958,0.0,0.0
2023-12-18 14:00:00+09:00,4830.0,4830.0,4805.0,4815.0,7774,0.0,0.0
2023-12-19 09:00:00+09:00,4825.0,4840.0,4750.0,4790.0,41388,0.0,0.0
2023-12-19 10:00:00+09:00,4790.0,4800.0,4760.0,4785.0,13885,0.0,0.0
2023-12-19 11:00:00+09:00,4785.0,4795.0,4765.0,4775.0,4215,0.0,0.0
2023-12-19 12:00:00+09:00,4775.0,4775.0,4750.0,4770.0,21550,0.0,0.0
2023-12-19 13:00:00+09:00,4765.0,4780.0,4755.0,4775.0,2469,0.0,0.0
2023-12-19 14:00:00+09:00,4775.0,4780.0,4760.0,4780.0,6367,0.0,0.0
2023-12-20 09:00:00+09:00,4775.0,4850.0,4740.0,4845.0,46869,0.0,0.0
2023-12-20 10:00:00+09:00,4850.0,4850.0,4810.0,4820.0,22659,0.0,0.0
2023-12-20 11:00:00+09:00,4815.0,4815.0,4780.0,4780.0,18579,0.0,0.0
2023-12-20 12:00:00+09:00,4800.0,4800.0,4755.0,4760.0,10888,0.0,0.0
2023-12-20 13:00:00+09:00,4770.0,4780.0,4760.0,4770.0,4858,0.0,0.0
2023-12-20 14:00:00+09:00,4770.0,4775.0,4725.0,4730.0,42164,0.0,0.0
2023-12-21 09:00:00+09:00,4750.0,4765.0,4680.0,4710.0,47565,0.0,0.0
2023-12-21 10:00:00+09:00,4715.0,4730.0,4655.0,4670.0,30855,0.0,0.0
2023-12-21 11:00:00+09:00,4670.0,4700.0,4660.0,4685.0,6544,0.0,0.0
2023-12-21 12:00:00+09:00,4685.0,4700.0,4685.0,4690.0,5658,0.0,0.0
2023-12-21 13:00:00+09:00,4690.0,4690.0,4640.0,4640.0,31259,0.0,0.0
2023-12-21 14:00:00+09:00,4655.0,4655.0,4640.0,4645.0,12069,0.0,0.0
2023-12-22 09:00:00+09:00,4700.0,4700.0,4570.0,4575.0,56616,0.0,0.0
2023-12-22 10:00:00+09:00,4575.0,4585.0,4550.0,4560.0,45236,0.0,0.0
2023-12-22 11:00:00+09:00,4565.0,4600.0,4565.0,4590.0,15567,0.0,0.0
2023-12-22 12:00:00+09:00,4590.0,4605.0,4585.0,4595.0,7555,0.0,0.0
2023-12-22 13:00:00+09:00,4595.0,4595.0,4570.0,4570.0,10272,0.0,0.0
2023-12-22 14:00:00+09:00,4570.0,4600.0,4565.0,4575.0,12089,0.0,0.0
2023-12-26 09:00:00+09:00,4560.0,4580.0,4495.0,4545.0,0,0.0,0.0
2023-12-26 10:00:00+09:00,4540.0,4580.0,4530.0,4535.0,10629,0.0,0.0
2023-12-26 11:00:00+09:00,4535.0,4540.0,4525.0,4530.0,6491,0.0,0.0
2023-12-26 12:00:00+09:00,4530.0,4535.0,4520.0,4520.0,7034,0.0,0.0
2023-12-26 13:00:00+09:00,4520.0,4535.0,4510.0,4535.0,8196,0.0,0.0
2023-12-26 14:00:00+09:00,4525.0,4535.0,4510.0,4515.0,6022,0.0,0.0
2023-12-27 09:00:00+09:00,4505.0,4605.0,4495.0,4535.0,22746,0.0,0.0
2023-12-27 10:00:00+09:00,4535.0,4565.0,4525.0,4555.0,19348,0.0,0.0
2023-12-27 11:00:00+09:00,4555.0,4580.0,4555.0,4560.0,14744,0.0,0.0
2023-12-27 12:00:00+09:00,4560.0,4585.0,4560.0,4570.0,5719,0.0,0.0
2023-12-27 13:00:00+09:00,4575.0,4580.0,4560.0,4560.0,4494,0.0,0.0
2023-12-27 14:00:00+09:00,4560.0,4620.0,4555.0,4615.0,20908,0.0,0.0
2023-12-28 09:00:00+09:00,4620.0,4680.0,4595.0,4665.0,32005,0.0,0.0
2023-12-28 10:00:00+09:00,4670.0,4685.0,4640.0,4670.0,13225,0.0,0.0
2023-12-28 11:00:00+09:00,4665.0,4680.0,4650.0,4675.0,5996,0.0,0.0
2023-12-28 12:00:00+09:00,4660.0,4680.0,4655.0,4675.0,8161,0.0,0.0
2023-12-28 13:00:00+09:00,4680.0,4680.0,4670.0,4680.0,9289,0.0,0.0
2023-12-28 14:00:00+09:00,4680.0,4695.0,4675.0,4680.0,15351,0.0,0.0
2024-01-02 10:00:00+09:00,4700.0,4750.0,4695.0,4740.0,42508,0.0,0.0
2024-01-02 11:00:00+09:00,4740.0,4765.0,4730.0,4745.0,26564,0.0,0.0
2024-01-02 12:00:00+09:00,4745.0,4765.0,4745.0,4760.0,9663,0.0,0.0
2024-01-02 13:00:00+09:00,4760.0,4765.0,4755.0,4765.0,14577,0.0,0.0
2024-01-02 14:00:00+09:00,4770.0,4780.0,4760.0,4780.0,14275,0.0,0.0
2024-01-03 09:00:00+09:00,4735.0,4815.0,4730.0,4790.0,43813,0.0,0.0
2024-01-03 10:00:00+09:00,4790.0,4790.0,4730.0,4780.0,18187,0.0,0.0
2024-01-03 11:00:00+09:00,4790.0,4790.0,4750.0,4770.0,10375,0.0,0.0
2024-01-03 12:00:00+09:00,4770.0,4775.0,4755.0,4760.0,4222,0.0,0.0
2024-01-03 13:00:00+09:00,4760.0,4780.0,4740.0,4760.0,10006,0.0,0.0
2024-01-03 14:00:00+09:00,4785.0,4790.0,4760.0,4790.0,6993,0.0,0.0
2024-01-04 09:00:00+09:00,4800.0,4805.0,4735.0,4735.0,24620,0.0,0.0
2024-01-04 10:00:00+09:00,4730.0,4740.0,4690.0,4695.0,15897,0.0,0.0
2024-01-04 11:00:00+09:00,4720.0,4725.0,4690.0,4695.0,7365,0.0,0.0
2024-01-04 12:00:00+09:00,4695.0,4705.0,4690.0,4700.0,6733,0.0,0.0
2024-01-04 13:00:00+09:00,4700.0,4710.0,4700.0,4705.0,3749,0.0,0.0
2024-01-04 14:00:00+09:00,4710.0,4710.0,4695.0,4710.0,10552,0.0,0.0
2024-01-05 09:00:00+09:00,4705.0,4770.0,4675.0,4745.0,15796,0.0,0.0
2024-01-05 10:00:00+09:00,4745.0,4790.0,4735.0,4765.0,18853,0.0,0.0
2024-01-05 11:00:00+09:00,4770.0,4870.0,4770.0,4830.0,78847,0.0,0.0
2024-01-05 12:00:00+09:00,4830.0,4850.0,4820.0,4840.0,25233,0.0,0.0
2024-01-05 13:00:00+09:00,4840.0,4850.0,4810.0,4810.0,30566,0.0,0.0
2024-01-05 14:00:00+09:00,4815.0,4930.0,4805.0,4905.0,64013,0.0,0.0
2024-01-08 09:00:00+09:00,4900.0,5110.0,4835.0,4905.0,0,0.0,0.0
2024-01-08 10:00:00+09:00,4905.0,4940.0,4900.0,4920.0,24311,0.0,0.0
2024-01-08 11:00:00+09:00,4910.0,4960.0,4900.0,4930.0,21587,0.0,0.0
2024-01-08 12:00:00+09:00,4930.0,4945.0,4905.0,4945.0,20326,0.0,0.0
2024-01-08 13:00:00+09:00,4945.0,4945.0,4905.0,4910.0,18872,0.0,0.0
2024-01-08 14:00:00+09:00,4920.0,4925.0,4905.0,4915.0,14482,0.0,0.0
2024-01-09 09:00:00+09:00,4965.0,4990.0,4885.0,4900.0,42207,0.0,0.0
2024-01-09 10:00:00+09:00,4905.0,4945.0,4890.0,4940.0,27172,0.0,0.0
2024-01-09 11:00:00+09:00,4940.0,4970.0,4940.0,4955.0,36016,0.0,0.0
2024-01-09 12:00:00+09:00,4955.0,4965.0,4935.0,4950.0,17501,0.0,0.0
2024-01-09 13:00:00+09:00,4950.0,4955.0,4915.0,4930.0,11642,0.0,0.0
2024-01-09 14:00:00+09:00,4935.0,4950.0,4920.0,4935.0,30931,0.0,0.0
2024-01-10 09:00:00+09:00,4950.0,4960.0,4880.0,4920.0,38217,0.0,0.0
2024-01-10 10:00:00+09:00,4920.0,4945.0,4915.0,4930.0,30885,0.0,0.0
2024-01-10 11:00:00+09:00,4930.0,4940.0,4900.0,4905.0,12638,0.0,0.0
2024-01-10 12:00:00+09:00,4905.0,4905.0,4880.0,4890.0,22867,0.0,0.0
2024-01-10 13:00:00+09:00,4890.0,4905.0,4890.0,4895.0,6880,0.0,0.0
2024-01-10 14:00:00+09:00,4900.0,5040.0,4900.0,4995.0,100807,0.0,0.0
2024-01-11 09:00:00+09:00,5050.0,5060.0,4960.0,4965.0,75350,0.0,0.0
2024-01-11 10:00:00+09:00,4970.0,5000.0,4960.0,4970.0,14668,0.0,0.0
2024-01-11 11:00:00+09:00,4970.0,5000.0,4965.0,4990.0,12571,0.0,0.0
2024-01-11 12:00:00+09:00,4985.0,4995.0,4975.0,4980.0,11845,0.0,0.0
2024-01-11 13:00:00+09:00,4980.0,4990.0,4965.0,4970.0,11073,0.0,0.0
2024-01-11 14:00:00+09:00,4965.0,5010.0,4960.0,4995.0,23125,0.0,0.0
2024-01-12 09:00:00+09:00,5000.0,5830.0,4975.0,5160.0,2612894,0.0,0.0
2024-01-12 10:00:00+09:00,5160.0,5270.0,5120.0,5240.0,283562,0.0,0.0
2024-01-12 11:00:00+09:00,5240.0,5250.0,5180.0,5180.0,79752,0.0,0.0
2024-01-12 12:00:00+09:00,5180.0,5200.0,5150.0,5180.0,58057,0.0,0.0
2024-01-12 13:00:00+09:00,5200.0,5240.0,5110.0,5130.0,126817,0.0,0.0
2024-01-12 14:00:00+09:00,5150.0,5190.0,5130.0,5140.0,56558,0.0,0.0
2024-01-15 09:00:00+09:00,5290.0,5310.0,5030.0,5170.0,0,0.0,0.0
2024-01-15 10:00:00+09:00,5160.0,5220.0,5140.0,5210.0,72356,0.0,0.0
2024-01-15 11:00:00+09:00,5220.0,5260.0,5200.0,5210.0,76605,0.0,0.0
2024-01-15 12:00:00+09:00,5220.0,5550.0,5210.0,5360.0,704167,0.0,0.0
2024-01-15 13:00:00+09:00,5370.0,5380.0,5300.0,5310.0,94096,0.0,0.0
2024-01-15 14:00:00+09:00,5300.0,5320.0,5260.0,5300.0,66101,0.0,0.0
2024-01-16 09:00:00+09:00,5390.0,5590.0,5270.0,5270.0,620160,0.0,0.0
2024-01-16 10:00:00+09:00,5270.0,5410.0,5230.0,5400.0,89867,0.0,0.0
2024-01-16 11:00:00+09:00,5400.0,5410.0,5340.0,5350.0,48185,0.0,0.0
2024-01-16 12:00:00+09:00,5350.0,5390.0,5340.0,5380.0,32644,0.0,0.0
2024-01-16 13:00:00+09:00,5380.0,5450.0,5370.0,5410.0,72958,0.0,0.0
2024-01-16 14:00:00+09:00,5410.0,5470.0,5370.0,5430.0,82366,0.0,0.0
2024-01-17 09:00:00+09:00,5350.0,5370.0,5080.0,5110.0,223520,0.0,0.0
2024-01-17 10:00:00+09:00,5110.0,5190.0,5080.0,5150.0,42437,0.0,0.0
2024-01-17 11:00:00+09:00,5160.0,5190.0,5130.0,5190.0,29187,0.0,0.0
2024-01-17 12:00:00+09:00,5180.0,5250.0,5130.0,5200.0,39606,0.0,0.0
2024-01-17 13:00:00+09:00,5230.0,5230.0,5140.0,5200.0,40459,0.0,0.0
2024-01-17 14:00:00+09:00,5220.0,5280.0,5180.0,5230.0,45967,0.0,0.0
2024-01-18 09:00:00+09:00,5140.0,5780.0,5110.0,5430.0,1719985,0.0,0.0
2024-01-18 10:00:00+09:00,5430.0,5470.0,5330.0,5410.0,232882,0.0,0.0
2024-01-18 11:00:00+09:00,5410.0,5490.0,5350.0,5380.0,112173,0.0,0.0
2024-01-18 12:00:00+09:00,5370.0,5460.0,5350.0,5430.0,35497,0.0,0.0
2024-01-18 13:00:00+09:00,5430.0,5430.0,5260.0,5330.0,104960,0.0,0.0
2024-01-18 14:00:00+09:00,5320.0,5430.0,5300.0,5410.0,51357,0.0,0.0
2024-01-19 09:00:00+09:00,5470.0,5550.0,5410.0,5450.0,233870,0.0,0.0
2024-01-19 10:00:00+09:00,5450.0,5490.0,5430.0,5450.0,77809,0.0,0.0
2024-01-19 11:00:00+09:00,5440.0,5480.0,5410.0,5410.0,48062,0.0,0.0
2024-01-19 12:00:00+09:00,5410.0,5490.0,5410.0,5470.0,58010,0.0,0.0
2024-01-19 13:00:00+09:00,5460.0,5480.0,5400.0,5410.0,39285,0.0,0.0
2024-01-19 14:00:00+09:00,5400.0,5410.0,5330.0,5340.0,66938,0.0,0.0
2024-01-22 09:00:00+09:00,5420.0,5480.0,5340.0,5420.0,0,0.0,0.0
2024-01-22 10:00:00+09:00,5420.0,5470.0,5400.0,5420.0,49481,0.0,0.0
2024-01-22 11:00:00+09:00,5420.0,5420.0,5340.0,5370.0,51969,0.0,0.0
2024-01-22 12:00:00+09:00,5370.0,5390.0,5350.0,5370.0,14201,0.0,0.0
2024-01-22 13:00:00+09:00,5370.0,5390.0,5340.0,5350.0,44066,0.0,0.0
2024-01-22 14:00:00+09:00,5340.0,5370.0,5310.0,5350.0,56679,0.0,0.0
2024-01-23 09:00:00+09:00,5500.0,5570.0,5420.0,5540.0,306187,0.0,0.0
2024-01-23 10:00:00+09:00,5540.0,5540.0,5430.0,5460.0,77821,0.0,0.0
2024-01-23 11:00:00+09:00,5470.0,5480.0,5410.0,5440.0,33585,0.0,0.0
2024-01-23 12:00:00+09:00,5440.0,5440.0,5380.0,5390.0,28310,0.0,0.0
2024-01-23 13:00:00+09:00,5390.0,5410.0,5350.0,5410.0,42164,0.0,0.0
2024-01-23 14:00:00+09:00,5410.0,5460.0,5380.0,5390.0,33536,0.0,0.0
2024-01-24 09:00:00+09:00,5460.0,5460.0,5270.0,5320.0,129571,0.0,0.0
2024-01-24 10:00:00+09:00,5320.0,5340.0,5270.0,5320.0,24938,0.0,0.0
2024-01-24 11:00:00+09:00,5320.0,5340.0,5280.0,5290.0,14038,0.0,0.0
2024-01-24 12:00:00+09:00,5290.0,5310.0,5280.0,5290.0,20710,0.0,0.0
2024-01-24 13:00:00+09:00,5290.0,5300.0,5270.0,5300.0,17702,0.0,0.0
2024-01-24 14:00:00+09:00,5300.0,5300.0,5270.0,5300.0,17231,0.0,0.0
2024-01-25 09:00:00+09:00,5280.0,5310.0,5110.0,5190.0,99266,0.0,0.0
2024-01-25 10:00:00+09:00,5180.0,5200.0,5110.0,5130.0,70461,0.0,0.0
2024-01-25 11:00:00+09:00,5130.0,5140.0,5110.0,5110.0,25958,0.0,0.0
2024-01-25 12:00:00+09:00,5120.0,5170.0,5110.0,5170.0,21748,0.0,0.0
2024-01-25 13:00:00+09:00,5160.0,5200.0,5130.0,5200.0,15480,0.0,0.0
2024-01-25 14:00:00+09:00,5200.0,5210.0,5170.0,5180.0,19499,0.0,0.0
2024-01-26 09:00:00+09:00,5180.0,5270.0,5100.0,5230.0,49305,0.0,0.0
2024-01-26 10:00:00+09:00,5230.0,5290.0,5210.0,5250.0,32378,0.0,0.0
2024-01-26 11:00:00+09:00,5250.0,5290.0,5250.0,5270.0,16801,0.0,0.0
2024-01-26 12:00:00+09:00,5280.0,5300.0,5270.0,5290.0,16769,0.0,0.0
2024-01-26 13:00:00+09:00,5290.0,5290.0,5230.0,5230.0,20598,0.0,0.0
2024-01-26 14:00:00+09:00,5230.0,5270.0,5230.0,5250.0,27243,0.0,0.0
2024-01-29 09:00:00+09:00,5270.0,5370.0,5200.0,5220.0,0,0.0,0.0
2024-01-29 10:00:00+09:00,5220.0,5280.0,5200.0,5230.0,22784,0.0,0.0
2024-01-29 11:00:00+09:00,5230.0,5250.0,5200.0,5220.0,24168,0.0,0.0
2024-01-29 12:00:00+09:00,5220.0,5230.0,5170.0,5230.0,31617,0.0,0.0
2024-01-29 13:00:00+09:00,5230.0,5240.0,5160.0,5160.0,29983,0.0,0.0
2024-01-29 14:00:00+09:00,5160.0,5170.0,5120.0,5150.0,48935,0.0,0.0
2024-01-30 09:00:00+09:00,5160.0,5210.0,5100.0,5130.0,55682,0.0,0.0
2024-01-30 10:00:00+09:00,5130.0,5130.0,5040.0,5060.0,33805,0.0,0.0
2024-01-30 11:00:00+09:00,5060.0,5070.0,4965.0,4965.0,47999,0.0,0.0
2024-01-30 12:00:00+09:00,4965.0,4990.0,4950.0,4955.0,28086,0.0,0.0
2024-01-30 13:00:00+09:00,4965.0,4975.0,4935.0,4955.0,21429,0.0,0.0
2024-01-30 14:00:00+09:00,4955.0,5010.0,4935.0,5010.0,23420,0.0,0.0
2024-01-31 09:00:00+09:00,4980.0,5050.0,4950.0,5020.0,25937,0.0,0.0
2024-01-31 10:00:00+09:00,5020.0,5020.0,4940.0,5020.0,22485,0.0,0.0
2024-01-31 11:00:00+09:00,5020.0,5030.0,4950.0,4950.0,11668,0.0,0.0
2024-01-31 12:00:00+09:00,4950.0,4955.0,4890.0,4890.0,28686,0.0,0.0
2024-01-31 13:00:00+09:00,4895.0,4955.0,4860.0,4930.0,17779,0.0,0.0
2024-01-31 14:00:00+09:00,4935.0,4945.0,4895.0,4920.0,11005,0.0,0.0
2024-02-01 09:00:00+09:00,4860.0,5020.0,4860.0,4945.0,22764,0.0,0.0
2024-02-01 10:00:00+09:00,4945.0,4985.0,4850.0,4905.0,22541,0.0,0.0
2024-02-01 11:00:00+09:00,4905.0,4960.0,4900.0,4940.0,6468,0.0,0.0
2024-02-01 12:00:00+09:00,4940.0,4965.0,4925.0,4930.0,7519,0.0,0.0
2024-02-01 13:00:00+09:00,4955.0,4960.0,4885.0,4905.0,10426,0.0,0.0
2024-02-01 14:00:00+09:00,4900.0,4940.0,4885.0,4930.0,13747,0.0,0.0
2024-02-02 09:00:00+09:00,5010.0,5080.0,4975.0,5040.0,31863,0.0,0.0
2024-02-02 10:00:00+09:00,5040.0,5050.0,5010.0,5040.0,9821,0.0,0.0
2024-02-02 11:00:00+09:00,5020.0,5050.0,5010.0,5010.0,9280,0.0,0.0
2024-02-02 12:00:00+09:00,5010.0,5060.0,5010.0,5020.0,8109,0.0,0.0
2024-02-02 13:00:00+09:00,5030.0,5030.0,4975.0,4975.0,20390,0.0,0.0
2024-02-02 14:00:00+09:00,4980.0,5000.0,4950.0,4985.0,13795,0.0,0.0
2024-02-05 09:00:00+09:00,5030.0,5060.0,4910.0,4990.0,0,0.0,0.0
2024-02-05 10:00:00+09:00,4990.0,5010.0,4965.0,4970.0,8738,0.0,0.0
2024-02-05 11:00:00+09:00,4970.0,5040.0,4950.0,4980.0,15533,0.0,0.0
2024-02-05 12:00:00+09:00,4980.0,5000.0,4970.0,4975.0,5927,0.0,0.0
2024-02-05 13:00:00+09:00,4975.0,5000.0,4970.0,4985.0,7135,0.0,0.0
2024-02-05 14:00:00+09:00,4980.0,5000.0,4960.0,4960.0,7735,0.0,0.0
2024-02-06 09:00:00+09:00,4995.0,5040.0,4850.0,4865.0,39113,0.0,0.0
2024-02-06 10:00:00+09:00,4865.0,4965.0,4865.0,4960.0,17309,0.0,0.0
2024-02-06 11:00:00+09:00,4960.0,4960.0,4915.0,4935.0,4986,0.0,0.0
2024-02-06 12:00:00+09:00,4930.0,4960.0,4915.0,4950.0,5520,0.0,0.0
2024-02-06 13:00:00+09:00,4950.0,4960.0,4930.0,4950.0,7001,0.0,0.0
2024-02-06 14:00:00+09:00,4945.0,4955.0,4925.0,4955.0,4433,0.0,0.0
2024-02-07 09:00:00+09:00,4970.0,5020.0,4930.0,4960.0,33120,0.0,0.0
2024-02-07 10:00:00+09:00,4935.0,4960.0,4920.0,4940.0,18615,0.0,0.0
2024-02-07 11:00:00+09:00,4940.0,5020.0,4920.0,5000.0,28666,0.0,0.0
2024-02-07 12:00:00+09:00,5000.0,5020.0,4930.0,4960.0,14213,0.0,0.0
2024-02-07 13:00:00+09:00,4960.0,4980.0,4940.0,4945.0,6123,0.0,0.0
2024-02-07 14:00:00+09:00,4940.0,4975.0,4940.0,4960.0,16645,0.0,0.0
2024-02-08 09:00:00+09:00,5090.0,5210.0,5040.0,5070.0,122636,0.0,0.0
2024-02-08 10:00:00+09:00,5080.0,5090.0,5020.0,5080.0,23427,0.0,0.0
2024-02-08 11:00:00+09:00,5080.0,5090.0,5060.0,5080.0,11331,0.0,0.0
2024-02-08 12:00:00+09:00,5080.0,5100.0,5070.0,5070.0,8905,0.0,0.0
2024-02-08 13:00:00+09:00,5080.0,5090.0,5020.0,5050.0,19120,0.0,0.0
2024-02-08 14:00:00+09:00,5050.0,5080.0,5040.0,5060.0,8326,0.0,0.0
2024-02-13 09:00:00+09:00,5050.0,5120.0,5040.0,5080.0,0,0.0,0.0
2024-02-13 10:00:00+09:00,5080.0,5110.0,5060.0,5090.0,22774,0.0,0.0
2024-02-13 11:00:00+09:00,5100.0,5100.0,5070.0,5090.0,12856,0.0,0.0
2024-02-13 12:00:00+09:00,5090.0,5110.0,5080.0,5110.0,12005,0.0,0.0
2024-02-13 13:00:00+09:00,5110.0,5130.0,5080.0,5130.0,17772,0.0,0.0
2024-02-13 14:00:00+09:00,5130.0,5200.0,5130.0,5150.0,33914,0.0,0.0
2024-02-14 09:00:00+09:00,5100.0,5290.0,5030.0,5200.0,108082,0.0,0.0
2024-02-14 10:00:00+09:00,5200.0,5200.0,5140.0,5170.0,27413,0.0,0.0
2024-02-14 11:00:00+09:00,5170.0,5180.0,5140.0,5180.0,12707,0.0,0.0
2024-02-14 12:00:00+09:00,5180.0,5220.0,5160.0,5190.0,27576,0.0,0.0
2024-02-14 13:00:00+09:00,5210.0,5220.0,5190.0,5200.0,19838,0.0,0.0
2024-02-14 14:00:00+09:00,5200.0,5220.0,5190.0,5190.0,14591,0.0,0.0
2024-02-15 09:00:00+09:00,5280.0,5280.0,5110.0,5120.0,61918,0.0,0.0
2024-02-15 10:00:00+09:00,5130.0,5160.0,5110.0,5120.0,22965,0.0,0.0
2024-02-15 11:00:00+09:00,5120.0,5160.0,5110.0,5150.0,15132,0.0,0.0
2024-02-15 12:00:00+09:00,5150.0,5170.0,5140.0,5160.0,5213,0.0,0.0
2024-02-15 13:00:00+09:00,5160.0,5160.0,5130.0,5150.0,5292,0.0,0.0
2024-02-15 14:00:00+09:00,5150.0,5160.0,5140.0,5150.0,10503,0.0,0.0
2024-02-16 09:00:00+09:00,5170.0,5170.0,5050.0,5090.0,41063,0.0,0.0
2024-02-16 10:00:00+09:00,5080.0,5120.0,5050.0,5110.0,19201,0.0,0.0
2024-02-16 11:00:00+09:00,5100.0,5110.0,5050.0,5090.0,22728,0.0,0.0
2024-02-16 12:00:00+09:00,5090.0,5100.0,5060.0,5090.0,15097,0.0,0.0
2024-02-16 13:00:00+09:00,5080.0,5110.0,5070.0,5090.0,16723,0.0,0.0
2024-02-16 14:00:00+09:00,5100.0,5110.0,5090.0,5090.0,11076,0.0,0.0
2024-02-19 09:00:00+09:00,5070.0,5120.0,5040.0,5110.0,0,0.0,0.0
2024-02-19 10:00:00+09:00,5110.0,5120.0,5100.0,5110.0,11843,0.0,0.0
2024-02-19 11:00:00+09:00,5110.0,5120.0,5080.0,5090.0,10680,0.0,0.0
2024-02-19 12:00:00+09:00,5090.0,5130.0,5090.0,5110.0,15105,0.0,0.0
2024-02-19 13:00:00+09:00,5110.0,5130.0,5090.0,5090.0,7797,0.0,0.0
2024-02-19 14:00:00+09:00,5100.0,5110.0,5080.0,5090.0,10215,0.0,0.0
2024-02-20 09:00:00+09:00,5090.0,5160.0,5090.0,5130.0,42818,0.0,0.0
2024-02-20 10:00:00+09:00,5130.0,5160.0,5120.0,5130.0,19502,0.0,0.0
2024-02-20 11:00:00+09:00,5140.0,5150.0,5110.0,5130.0,10513,0.0,0.0
2024-02-20 12:00:00+09:00,5130.0,5140.0,5100.0,5100.0,13599,0.0,0.0
2024-02-20 13:00:00+09:00,5110.0,5130.0,5100.0,5110.0,7689,0.0,0.0
2024-02-20 14:00:00+09:00,5110.0,5120.0,5080.0,5100.0,28011,0.0,0.0
2024-02-21 09:00:00+09:00,5120.0,5330.0,5090.0,5210.0,240593,0.0,0.0
2024-02-21 10:00:00+09:00,5210.0,5210.0,5170.0,5190.0,22596,0.0,0.0
2024-02-21 11:00:00+09:00,5200.0,5200.0,5150.0,5180.0,18499,0.0,0.0
2024-02-21 12:00:00+09:00,5170.0,5180.0,5160.0,5170.0,16140,0.0,0.0
2024-02-21 13:00:00+09:00,5160.0,5190.0,5160.0,5190.0,17715,0.0,0.0
2024-02-21 14:00:00+09:00,5190.0,5190.0,5120.0,5130.0,27709,0.0,0.0
2024-02-22 09:00:00+09:00,5180.0,5180.0,5050.0,5080.0,46986,0.0,0.0
2024-02-22 10:00:00+09:00,5080.0,5150.0,5060.0,5150.0,29319,0.0,0.0
2024-02-22 11:00:00+09:00,5150.0,5160.0,5110.0,5120.0,7527,0.0,0.0
2024-02-22 12:00:00+09:00,5120.0,5150.0,5100.0,5130.0,8793,0.0,0.0
2024-02-22 13:00:00+09:00,5130.0,5150.0,5100.0,5110.0,15546,0.0,0.0
2024-02-22 14:00:00+09:00,5120.0,5140.0,5100.0,5120.0,10580,0.0,0.0
2024-02-23 09:00:00+09:00,5140.0,5150.0,5030.0,5090.0,47304,0.0,0.0
2024-02-23 10:00:00+09:00,5090.0,5100.0,5060.0,5060.0,7954,0.0,0.0
2024-02-23 11:00:00+09:00,5060.0,5070.0,5040.0,5040.0,13141,0.0,0.0
2024-02-23 12:00:00+09:00,5040.0,5050.0,5010.0,5030.0,21556,0.0,0.0
2024-02-23 13:00:00+09:00,5030.0,5040.0,5010.0,5020.0,13603,0.0,0.0
2024-02-23 14:00:00+09:00,5020.0,5030.0,5000.0,5010.0,10549,0.0,0.0
2024-02-26 09:00:00+09:00,5010.0,5050.0,4965.0,5000.0,0,0.0,0.0
2024-02-26 10:00:00+09:00,5010.0,5020.0,4980.0,5000.0,12472,0.0,0.0
2024-02-26 11:00:00+09:00,5000.0,5030.0,4985.0,5030.0,4735,0.0,0.0
2024-02-26 12:00:00+09:00,5030.0,5040.0,5020.0,5020.0,4899,0.0,0.0
2024-02-26 13:00:00+09:00,5030.0,5030.0,5010.0,5020.0,9734,0.0,0.0
2024-02-26 14:00:00+09:00,5020.0,5030.0,5000.0,5000.0,6217,0.0,0.0
2024-02-27 09:00:00+09:00,5000.0,5000.0,4870.0,4880.0,40509,0.0,0.0
2024-02-27 10:00:00+09:00,4885.0,4910.0,4880.0,4900.0,15827,0.0,0.0
2024-02-27 11:00:00+09:00,4900.0,5420.0,4900.0,5220.0,653172,0.0,0.0
2024-02-27 12:00:00+09:00,5230.0,5240.0,5050.0,5100.0,123101,0.0,0.0
2024-02-27 13:00:00+09:00,5100.0,5110.0,5020.0,5050.0,42019,0.0,0.0
2024-02-27 14:00:00+09:00,5050.0,5060.0,5010.0,5040.0,26462,0.0,0.0
2024-02-28 09:00:00+09:00,5070.0,5090.0,4995.0,5060.0,63003,0.0,0.0
2024-02-28 10:00:00+09:00,5050.0,5060.0,5040.0,5050.0,10558,0.0,0.0
2024-02-28 11:00:00+09:00,5050.0,5100.0,5020.0,5080.0,20984,0.0,0.0
2024-02-28 12:00:00+09:00,5080.0,5090.0,5050.0,5050.0,11825,0.0,0.0
2024-02-28 13:00:00+09:00,5060.0,5150.0,5050.0,5100.0,27916,0.0,0.0
2024-02-28 14:00:00+09:00,5100.0,5120.0,5060.0,5090.0,16539,0.0,0.0
2024-02-29 09:00:00+09:00,5140.0,5150.0,5000.0,5020.0,38169,0.0,0.0
2024-02-29 10:00:00+09:00,5020.0,5020.0,4995.0,5010.0,18576,0.0,0.0
2024-02-29 11:00:00+09:00,5000.0,5040.0,5000.0,5010.0,7901,0.0,0.0
2024-02-29 12:00:00+09:00,5010.0,5040.0,5010.0,5020.0,10259,0.0,0.0
2024-02-29 13:00:00+09:00,5020.0,5030.0,4910.0,4940.0,69210,0.0,0.0
2024-02-29 14:00:00+09:00,4940.0,4945.0,4930.0,4940.0,11934,0.0,0.0
2024-03-04 09:00:00+09:00,4950.0,5000.0,4940.0,4940.0,0,0.0,0.0
2024-03-04 10:00:00+09:00,4950.0,5020.0,4935.0,4985.0,23074,0.0,0.0
2024-03-04 11:00:00+09:00,4985.0,4985.0,4940.0,4955.0,10420,0.0,0.0
2024-03-04 12:00:00+09:00,4955.0,4970.0,4945.0,4950.0,9918,0.0,0.0
2024-03-04 13:00:00+09:00,4950.0,4965.0,4950.0,4960.0,5102,0.0,0.0
2024-03-04 14:00:00+09:00,4960.0,4975.0,4950.0,4970.0,11703,0.0,0.0
2024-03-05 09:00:00+09:00,4910.0,5010.0,4905.0,4940.0,64487,0.0,0.0
2024-03-05 10:00:00+09:00,4940.0,4950.0,4925.0,4935.0,13232,0.0,0.0
2024-03-05 11:00:00+09:00,4935.0,4935.0,4905.0,4915.0,23734,0.0,0.0
2024-03-05 12:00:00+09:00,4915.0,4920.0,4900.0,4910.0,15349,0.0,0.0
2024-03-05 13:00:00+09:00,4910.0,4915.0,4875.0,4875.0,32817,0.0,0.0
2024-03-05 14:00:00+09:00,4880.0,4900.0,4855.0,4875.0,25539,0.0,0.0
2024-03-06 09:00:00+09:00,4875.0,4880.0,4810.0,4850.0,25040,0.0,0.0
2024-03-06 10:00:00+09:00,4850.0,4880.0,4845.0,4875.0,12394,0.0,0.0
2024-03-06 11:00:00+09:00,4855.0,4875.0,4820.0,4825.0,10155,0.0,0.0
2024-03-06 12:00:00+09:00,4825.0,4830.0,4815.0,4820.0,8140,0.0,0.0
2024-03-06 13:00:00+09:00,4820.0,4830.0,4815.0,4820.0,12250,0.0,0.0
2024-03-06 14:00:00+09:00,4820.0,4835.0,4775.0,4785.0,33740,0.0,0.0
2024-03-07 09:00:00+09:00,4760.0,4770.0,4630.0,4645.0,78031,0.0,0.0
2024-03-07 10:00:00+09:00,4645.0,4650.0,4615.0,4625.0,29265,0.0,0.0
2024-03-07 11:00:00+09:00,4625.0,4630.0,4615.0,4625.0,20367,0.0,0.0
2024-03-07 12:00:00+09:00,4625.0,4625.0,4600.0,4605.0,25614,0.0,0.0
2024-03-07 13:00:00+09:00,4610.0,4620.0,4605.0,4610.0,13442,0.0,0.0
2024-03-07 14:00:00+09:00,4605.0,4625.0,4605.0,4625.0,12928,0.0,0.0
2024-03-08 09:00:00+09:00,4625.0,4660.0,4605.0,4615.0,29256,0.0,0.0
2024-03-08 10:00:00+09:00,4620.0,4645.0,4610.0,4635.0,9862,0.0,0.0
2024-03-08 11:00:00+09:00,4630.0,4635.0,4620.0,4620.0,10483,0.0,0.0
2024-03-08 12:00:00+09:00,4620.0,4635.0,4615.0,4620.0,4943,0.0,0.0
2024-03-08 13:00:00+09:00,4620.0,4620.0,4605.0,4615.0,8404,0.0,0.0
2024-03-08 14:00:00+09:00,4615.0,4625.0,4605.0,4620.0,6551,0.0,0.0
2024-03-11 09:00:00+09:00,4665.0,4665.0,4565.0,4640.0,0,0.0,0.0
2024-03-11 10:00:00+09:00,4640.0,4645.0,4615.0,4630.0,14226,0.0,0.0
2024-03-11 11:00:00+09:00,4625.0,4630.0,4610.0,4615.0,4506,0.0,0.0
2024-03-11 12:00:00+09:00,4615.0,4630.0,4610.0,4615.0,4158,0.0,0.0
2024-03-11 13:00:00+09:00,4620.0,4630.0,4615.0,4620.0,9024,0.0,0.0
2024-03-11 14:00:00+09:00,4625.0,4625.0,4615.0,4625.0,3597,0.0,0.0
2024-03-12 09:00:00+09:00,4630.0,4635.0,4540.0,4600.0,32973,0.0,0.0
2024-03-12 10:00:00+09:00,4600.0,4600.0,4585.0,4595.0,12043,0.0,0.0
2024-03-12 11:00:00+09:00,4590.0,4680.0,4585.0,4665.0,17501,0.0,0.0
2024-03-12 12:00:00+09:00,4640.0,4660.0,4620.0,4635.0,9396,0.0,0.0
2024-03-12 13:00:00+09:00,4630.0,4640.0,4610.0,4625.0,5368,0.0,0.0
2024-03-12 14:00:00+09:00,4625.0,4630.0,4600.0,4620.0,10712,0.0,0.0
2024-03-13 09:00:00+09:00,4665.0,4720.0,4635.0,4715.0,30334,0.0,0.0
2024-03-13 10:00:00+09:00,4715.0,4750.0,4695.0,4710.0,27782,0.0,0.0
2024-03-13 11:00:00+09:00,4720.0,4730.0,4705.0,4720.0,6831,0.0,0.0
2024-03-13 12:00:00+09:00,4730.0,4740.0,4720.0,4735.0,7078,0.0,0.0
2024-03-13 13:00:00+09:00,4735.0,4740.0,4690.0,4720.0,14440,0.0,0.0
2024-03-13 14:00:00+09:00,4720.0,4755.0,4705.0,4750.0,15598,0.0,0.0
2024-03-14 09:00:00+09:00,4815.0,4825.0,4715.0,4750.0,46923,0.0,0.0
2024-03-14 10:00:00+09:00,4750.0,4750.0,4700.0,4740.0,15079,0.0,0.0
2024-03-14 11:00:00+09:00,4735.0,4770.0,4700.0,4750.0,9531,0.0,0.0
2024-03-14 12:00:00+09:00,4760.0,4765.0,4700.0,4745.0,11600,0.0,0.0
2024-03-14 13:00:00+09:00,4745.0,4750.0,4705.0,4745.0,4240,0.0,0.0
2024-03-14 14:00:00+09:00,4745.0,4755.0,4740.0,4750.0,3413,0.0,0.0
2024-03-15 09:00:00+09:00,4780.0,4855.0,4735.0,4820.0,82606,0.0,0.0
2024-03-15 10:00:00+09:00,4820.0,4820.0,4785.0,4805.0,10785,0.0,0.0
2024-03-15 11:00:00+09:00,4805.0,4815.0,4780.0,4785.0,11357,0.0,0.0
2024-03-15 12:00:00+09:00,4790.0,4810.0,4785.0,4795.0,9622,0.0,0.0
2024-03-15 13:00:00+09:00,4795.0,4810.0,4775.0,4775.0,14182,0.0,0.0
2024-03-15 14:00:00+09:00,4775.0,4780.0,4740.0,4755.0,21421,0.0,0.0
2024-03-18 09:00:00+09:00,4780.0,4785.0,4740.0,4780.0,0,0.0,0.0
2024-03-18 10:00:00+09:00,4780.0,4785.0,4750.0,4765.0,7057,0.0,0.0
2024-03-18 11:00:00+09:00,4770.0,4780.0,4755.0,4770.0,11222,0.0,0.0
2024-03-18 12:00:00+09:00,4770.0,4780.0,4765.0,4775.0,5154,0.0,0.0
2024-03-18 13:00:00+09:00,4775.0,4775.0,4750.0,4755.0,10467,0.0,0.0
2024-03-18 14:00:00+09:00,4755.0,4765.0,4745.0,4755.0,8393,0.0,0.0
2024-03-19 09:00:00+09:00,4780.0,4840.0,4755.0,4785.0,45557,0.0,0.0
2024-03-19 10:00:00+09:00,4800.0,4830.0,4780.0,4810.0,13264,0.0,0.0
2024-03-19 11:00:00+09:00,4800.0,4800.0,4790.0,4790.0,8812,0.0,0.0
2024-03-19 12:00:00+09:00,4790.0,4795.0,4750.0,4755.0,23779,0.0,0.0
2024-03-19 13:00:00+09:00,4755.0,4775.0,4755.0,4765.0,8748,0.0,0.0
2024-03-19 14:00:00+09:00,4770.0,4780.0,4760.0,4770.0,11991,0.0,0.0
2024-03-20 09:00:00+09:00,4785.0,4790.0,4710.0,4735.0,21141,0.0,0.0
2024-03-20 10:00:00+09:00,4735.0,4770.0,4730.0,4745.0,7420,0.0,0.0
2024-03-20 11:00:00+09:00,4745.0,4745.0,4720.0,4720.0,7647,0.0,0.0
2024-03-20 12:00:00+09:00,4735.0,4745.0,4730.0,4735.0,7276,0.0,0.0
2024-03-20 13:00:00+09:00,4735.0,4750.0,4735.0,4745.0,7787,0.0,0.0
2024-03-20 14:00:00+09:00,4745.0,4760.0,4730.0,4730.0,6186,0.0,0.0
2024-03-21 09:00:00+09:00,4790.0,4790.0,4745.0,4760.0,16278,0.0,0.0
2024-03-21 10:00:00+09:00,4760.0,4765.0,4745.0,4745.0,7769,0.0,0.0
2024-03-21 11:00:00+09:00,4755.0,4765.0,4745.0,4765.0,7046,0.0,0.0
2024-03-21 12:00:00+09:00,4760.0,4765.0,4750.0,4765.0,4614,0.0,0.0
2024-03-21 13:00:00+09:00,4760.0,4775.0,4755.0,4770.0,16972,0.0,0.0
2024-03-21 14:00:00+09:00,4770.0,4770.0,4755.0,4760.0,5115,0.0,0.0
2024-03-22 09:00:00+09:00,4775.0,4980.0,4770.0,4920.0,219715,0.0,0.0
2024-03-22 10:00:00+09:00,4920.0,4980.0,4905.0,4920.0,73597,0.0,0.0
2024-03-22 11:00:00+09:00,4920.0,4930.0,4885.0,4905.0,18266,0.0,0.0
2024-03-22 12:00:00+09:00,4905.0,4930.0,4875.0,4890.0,17392,0.0,0.0
2024-03-22 13:00:00+09:00,4910.0,4910.0,4885.0,4900.0,9332,0.0,0.0
2024-03-22 14:00:00+09:00,4900.0,4910.0,4880.0,4890.0,15487,0.0,0.0
2024-03-25 09:00:00+09:00,4905.0,4910.0,4790.0,4810.0,0,0.0,0.0
2024-03-25 10:00:00+09:00,4815.0,4815.0,4790.0,4805.0,15414,0.0,0.0
2024-03-25 11:00:00+09:00,4805.0,4830.0,4800.0,4825.0,4789,0.0,0.0
2024-03-25 12:00:00+09:00,4825.0,4830.0,4815.0,4820.0,3548,0.0,0.0
2024-03-25 13:00:00+09:00,4825.0,4835.0,4800.0,4800.0,13857,0.0,0.0
2024-03-25 14:00:00+09:00,4815.0,4830.0,4815.0,4830.0,5095,0.0,0.0
2024-03-26 09:00:00+09:00,4880.0,4895.0,4780.0,4805.0,34905,0.0,0.0
2024-03-26 10:00:00+09:00,4800.0,4805.0,4785.0,4795.0,18863,0.0,0.0
2024-03-26 11:00:00+09:00,4800.0,4810.0,4790.0,4810.0,7642,0.0,0.0
2024-03-26 12:00:00+09:00,4800.0,4810.0,4795.0,4810.0,10437,0.0,0.0
2024-03-26 13:00:00+09:00,4810.0,4810.0,4790.0,4795.0,9373,0.0,0.0
2024-03-26 14:00:00+09:00,4795.0,4810.0,4790.0,4800.0,18712,0.0,0.0
2024-03-27 09:00:00+09:00,4810.0,4815.0,4755.0,4780.0,28938,0.0,0.0
2024-03-27 10:00:00+09:00,4780.0,4785.0,4755.0,4765.0,13142,0.0,0.0
2024-03-27 11:00:00+09:00,4760.0,4765.0,4750.0,4750.0,10760,0.0,0.0
2024-03-27 12:00:00+09:00,4755.0,4760.0,4745.0,4750.0,9705,0.0,0.0
2024-03-27 13:00:00+09:00,4745.0,4755.0,4740.0,4750.0,6976,0.0,0.0
2024-03-27 14:00:00+09:00,4745.0,4755.0,4740.0,4755.0,4247,0.0,0.0
2024-03-28 09:00:00+09:00,4730.0,4750.0,4705.0,4705.0,22718,0.0,0.0
2024-03-28 10:00:00+09:00,4705.0,4715.0,4690.0,4695.0,18780,0.0,0.0
2024-03-28 11:00:00+09:00,4700.0,4715.0,4695.0,4700.0,5363,0.0,0.0
2024-03-28 12:00:00+09:00,4715.0,4715.0,4695.0,4695.0,7100,0.0,0.0
2024-03-28 13:00:00+09:00,4695.0,4705.0,4690.0,4695.0,3442,0.0,0.0
2024-03-28 14:00:00+09:00,4700.0,4705.0,4690.0,4700.0,6272,0.0,0.0
2024-03-29 09:00:00+09:00,4695.0,4740.0,4695.0,4730.0,21286,0.0,0.0
2024-03-29 10:00:00+09:00,4730.0,4735.0,4725.0,4730.0,7121,0.0,0.0
2024-03-29 11:00:00+09:00,4730.0,4735.0,4705.0,4705.0,9631,0.0,0.0
2024-03-29 12:00:00+09:00,4705.0,4710.0,4700.0,4705.0,3249,0.0,0.0
2024-03-29 13:00:00+09:00,4705.0,4720.0,4705.0,4715.0,4408,0.0,0.0
2024-03-29 14:00:00+09:00,4720.0,4725.0,4700.0,4700.0,9694,0.0,0.0
2024-04-01 09:00:00+09:00,4770.0,4780.0,4730.0,4735.0,0,0.0,0.0
2024-04-01 10:00:00+09:00,4735.0,4760.0,4730.0,4740.0,4685,0.0,0.0
2024-04-01 11:00:00+09:00,4745.0,4750.0,4730.0,4740.0,7077,0.0,0.0
2024-04-01 12:00:00+09:00,4745.0,4745.0,4725.0,4735.0,9537,0.0,0.0
2024-04-01 13:00:00+09:00,4735.0,4755.0,4735.0,4755.0,4690,0.0,0.0
2024-04-01 14:00:00+09:00,4750.0,4760.0,4750.0,4755.0,2225,0.0,0.0
2024-04-02 09:00:00+09:00,4765.0,4825.0,4700.0,4710.0,30897,0.0,0.0
2024-04-02 10:00:00+09:00,4710.0,4715.0,4700.0,4710.0,10372,0.0,0.0
2024-04-02 11:00:00+09:00,4710.0,4710.0,4690.0,4690.0,8811,0.0,0.0
2024-04-02 12:00:00+09:00,4690.0,4700.0,4670.0,4670.0,12790,0.0,0.0
2024-04-02 13:00:00+09:00,4670.0,4690.0,4670.0,4680.0,3897,0.0,0.0
2024-04-02 14:00:00+09:00,4685.0,4695.0,4675.0,4685.0,6875,0.0,0.0
2024-04-03 09:00:00+09:00,4605.0,4820.0,4605.0,4655.0,21475,0.0,0.0
2024-04-03 10:00:00+09:00,4655.0,4655.0,4615.0,4635.0,6184,0.0,0.0
2024-04-03 11:00:00+09:00,4635.0,4655.0,4615.0,4655.0,6770,0.0,0.0
2024-04-03 12:00:00+09:00,4655.0,4655.0,4620.0,4635.0,3446,0.0,0.0
2024-04-03 13:00:00+09:00,4635.0,4655.0,4620.0,4630.0,5904,0.0,0.0
2024-04-03 14:00:00+09:00,4640.0,4655.0,4625.0,4625.0,3600,0.0,0.0
2024-04-04 09:00:00+09:00,4625.0,4675.0,4625.0,4635.0,19360,0.0,0.0
2024-04-04 10:00:00+09:00,4670.0,4670.0,4630.0,4650.0,3527,0.0,0.0
2024-04-04 11:00:00+09:00,4650.0,4655.0,4630.0,4645.0,2960,0.0,0.0
2024-04-04 12:00:00+09:00,4640.0,4650.0,4635.0,4650.0,2434,0.0,0.0
2024-04-04 13:00:00+09:00,4650.0,4655.0,4630.0,4635.0,5812,0.0,0.0
2024-04-04 14:00:00+09:00,4645.0,4650.0,4630.0,4640.0,3223,0.0,0.0
2024-04-05 09:00:00+09:00,4610.0,4650.0,4610.0,4650.0,10870,0.0,0.0
2024-04-05 10:00:00+09:00,4650.0,4660.0,4615.0,4620.0,3959,0.0,0.0
2024-04-05 11:00:00+09:00,4620.0,4640.0,4615.0,4615.0,5081,0.0,0.0
2024-04-05 12:00:00+09:00,4620.0,4640.0,4610.0,4615.0,5353,0.0,0.0
2024-04-05 13:00:00+09:00,4615.0,4645.0,4605.0,4635.0,10303,0.0,0.0
2024-04-05 14:00:00+09:00,4630.0,4645.0,4605.0,4640.0,7452,0.0,0.0
2024-04-08 09:00:00+09:00,4715.0,4715.0,4585.0,4585.0,0,0.0,0.0
2024-04-08 10:00:00+09:00,4600.0,4600.0,4585.0,4590.0,4870,0.0,0.0
2024-04-08 11:00:00+09:00,4590.0,4595.0,4585.0,4585.0,4752,0.0,0.0
2024-04-08 12:00:00+09:00,4585.0,4595.0,4580.0,4585.0,4535,0.0,0.0
2024-04-08 13:00:00+09:00,4585.0,4595.0,4580.0,4585.0,2764,0.0,0.0
2024-04-08 14:00:00+09:00,4585.0,4585.0,4570.0,4585.0,7166,0.0,0.0
2024-04-09 09:00:00+09:00,4570.0,4585.0,4520.0,4555.0,20060,0.0,0.0
2024-04-09 10:00:00+09:00,4555.0,4555.0,4505.0,4520.0,15369,0.0,0.0
2024-04-09 11:00:00+09:00,4515.0,4530.0,4515.0,4520.0,5603,0.0,0.0
2024-04-09 12:00:00+09:00,4520.0,4530.0,4515.0,4530.0,3232,0.0,0.0
2024-04-09 13:00:00+09:00,4530.0,4535.0,4510.0,4515.0,5182,0.0,0.0
2024-04-09 14:00:00+09:00,4515.0,4515.0,4500.0,4500.0,9967,0.0,0.0
2024-04-11 09:00:00+09:00,4500.0,4510.0,4445.0,4490.0,0,0.0,0.0
2024-04-11 10:00:00+09:00,4485.0,4495.0,4485.0,4490.0,2180,0.0,0.0
2024-04-11 11:00:00+09:00,4490.0,4490.0,4460.0,4465.0,8542,0.0,0.0
2024-04-11 12:00:00+09:00,4465.0,4475.0,4450.0,4475.0,4672,0.0,0.0
2024-04-11 13:00:00+09:00,4475.0,4490.0,4445.0,4455.0,12737,0.0,0.0
2024-04-11 14:00:00+09:00,4465.0,4480.0,4450.0,4450.0,10654,0.0,0.0
2024-04-12 09:00:00+09:00,4470.0,4500.0,4435.0,4495.0,8233,0.0,0.0
2024-04-12 10:00:00+09:00,4495.0,4495.0,4470.0,4485.0,3179,0.0,0.0
2024-04-12 11:00:00+09:00,4485.0,4485.0,4435.0,4460.0,4206,0.0,0.0
2024-04-12 12:00:00+09:00,4460.0,4460.0,4430.0,4450.0,4041,0.0,0.0
2024-04-12 13:00:00+09:00,4455.0,4470.0,4430.0,4460.0,2076,0.0,0.0
2024-04-12 14:00:00+09:00,4460.0,4475.0,4445.0,4470.0,7238,0.0,0.0
2024-04-15 09:00:00+09:00,4410.0,4410.0,4315.0,4340.0,0,0.0,0.0
2024-04-15 10:00:00+09:00,4335.0,4355.0,4315.0,4315.0,22936,0.0,0.0
2024-04-15 11:00:00+09:00,4315.0,4315.0,4285.0,4285.0,10733,0.0,0.0
2024-04-15 12:00:00+09:00,4280.0,4310.0,4280.0,4300.0,5248,0.0,0.0
2024-04-15 13:00:00+09:00,4295.0,4300.0,4290.0,4300.0,3614,0.0,0.0
2024-04-15 14:00:00+09:00,4300.0,4300.0,4285.0,4285.0,8458,0.0,0.0
2024-04-16 09:00:00+09:00,4280.0,4350.0,4270.0,4285.0,10027,0.0,0.0
2024-04-16 10:00:00+09:00,4280.0,4280.0,4200.0,4200.0,17046,0.0,0.0
2024-04-16 11:00:00+09:00,4220.0,4225.0,4200.0,4220.0,3410,0.0,0.0
2024-04-16 12:00:00+09:00,4220.0,4225.0,4200.0,4205.0,5419,0.0,0.0
2024-04-16 13:00:00+09:00,4210.0,4220.0,4200.0,4200.0,4644,0.0,0.0
2024-04-16 14:00:00+09:00,4205.0,4225.0,4200.0,4210.0,4316,0.0,0.0
2024-04-17 09:00:00+09:00,4230.0,4650.0,4230.0,4460.0,129201,0.0,0.0
2024-04-17 10:00:00+09:00,4460.0,4495.0,4330.0,4355.0,32236,0.0,0.0
2024-04-17 11:00:00+09:00,4355.0,4410.0,4345.0,4370.0,7665,0.0,0.0
2024-04-17 12:00:00+09:00,4370.0,4410.0,4370.0,4400.0,5199,0.0,0.0
2024-04-17 13:00:00+09:00,4400.0,4400.0,4370.0,4380.0,6032,0.0,0.0
2024-04-17 14:00:00+09:00,4380.0,4380.0,4365.0,4365.0,3674,0.0,0.0
2024-04-18 09:00:00+09:00,4330.0,4415.0,4330.0,4400.0,0,0.0,0.0
2024-04-18 10:00:00+09:00,4380.0,4400.0,4380.0,4400.0,11255,0.0,0.0
2024-04-18 11:00:00+09:00,4395.0,4400.0,4370.0,4380.0,2862,0.0,0.0
2024-04-18 12:00:00+09:00,4380.0,4400.0,4380.0,4380.0,4459,0.0,0.0
2024-04-18 13:00:00+09:00,4380.0,4385.0,4370.0,4375.0,6749,0.0,0.0
2024-04-18 14:00:00+09:00,4380.0,4395.0,4370.0,4390.0,5330,0.0,0.0
2024-04-19 09:00:00+09:00,4425.0,4430.0,4380.0,4395.0,9607,0.0,0.0
2024-04-19 10:00:00+09:00,4395.0,4400.0,4310.0,4310.0,8568,0.0,0.0
2024-04-19 11:00:00+09:00,4310.0,4320.0,4245.0,4255.0,9042,0.0,0.0
2024-04-19 12:00:00+09:00,4255.0,4335.0,4250.0,4300.0,5442,0.0,0.0
2024-04-19 13:00:00+09:00,4290.0,4315.0,4275.0,4315.0,2022,0.0,0.0
2024-04-19 14:00:00+09:00,4315.0,4325.0,4310.0,4325.0,3538,0.0,0.0
2024-04-22 09:00:00+09:00,4315.0,4405.0,4300.0,4370.0,0,0.0,0.0
2024-04-22 10:00:00+09:00,4390.0,4395.0,4355.0,4365.0,3669,0.0,0.0
2024-04-22 11:00:00+09:00,4360.0,4365.0,4345.0,4350.0,2815,0.0,0.0
2024-04-22 12:00:00+09:00,4350.0,4365.0,4345.0,4350.0,2724,0.0,0.0
2024-04-22 13:00:00+09:00,4345.0,4350.0,4335.0,4340.0,4836,0.0,0.0
2024-04-22 14:00:00+09:00,4345.0,4355.0,4330.0,4340.0,4029,0.0,0.0
2024-04-23 09:00:00+09:00,4355.0,4395.0,4345.0,4355.0,6395,0.0,0.0
2024-04-23 10:00:00+09:00,4350.0,4370.0,4350.0,4365.0,5043,0.0,0.0
2024-04-23 11:00:00+09:00,4360.0,4360.0,4345.0,4350.0,4509,0.0,0.0
2024-04-23 12:00:00+09:00,4345.0,4360.0,4345.0,4350.0,5393,0.0,0.0
2024-04-23 13:00:00+09:00,4360.0,4370.0,4355.0,4365.0,2072,0.0,0.0
2024-04-23 14:00:00+09:00,4365.0,4365.0,4350.0,4355.0,3577,0.0,0.0
2024-04-24 09:00:00+09:00,4355.0,4390.0,4310.0,4390.0,10368,0.0,0.0
2024-04-24 10:00:00+09:00,4390.0,4390.0,4365.0,4365.0,1951,0.0,0.0
2024-04-24 11:00:00+09:00,4365.0,4385.0,4360.0,4380.0,2011,0.0,0.0
2024-04-24 12:00:00+09:00,4380.0,4385.0,4365.0,4375.0,1533,0.0,0.0
2024-04-24 13:00:00+09:00,4365.0,4375.0,4355.0,4375.0,4791,0.0,0.0
2024-04-24 14:00:00+09:00,4375.0,4380.0,4360.0,4365.0,4254,0.0,0.0
2024-04-25 09:00:00+09:00,4355.0,4415.0,4310.0,4400.0,13991,0.0,0.0
2024-04-25 10:00:00+09:00,4400.0,4400.0,4355.0,4370.0,4165,0.0,0.0
2024-04-25 11:00:00+09:00,4360.0,4400.0,4355.0,4390.0,3771,0.0,0.0
2024-04-25 12:00:00+09:00,4390.0,4400.0,4385.0,4390.0,1686,0.0,0.0
2024-04-25 13:00:00+09:00,4390.0,4400.0,4370.0,4375.0,6059,0.0,0.0
2024-04-25 14:00:00+09:00,4375.0,4400.0,4370.0,4395.0,3788,0.0,0.0
2024-04-26 09:00:00+09:00,4385.0,4410.0,4375.0,4395.0,8816,0.0,0.0
2024-04-26 10:00:00+09:00,4390.0,4400.0,4385.0,4385.0,3965,0.0,0.0
2024-04-26 11:00:00+09:00,4385.0,4390.0,4360.0,4360.0,6454,0.0,0.0
2024-04-26 12:00:00+09:00,4370.0,4380.0,4360.0,4380.0,1567,0.0,0.0
2024-04-26 13:00:00+09:00,4380.0,4380.0,4370.0,4370.0,1866,0.0,0.0
2024-04-26 14:00:00+09:00,4380.0,4380.0,4370.0,4375.0,2327,0.0,0.0
2024-04-29 09:00:00+09:00,4380.0,4410.0,4370.0,4390.0,0,0.0,0.0
2024-04-29 10:00:00+09:00,4385.0,4410.0,4385.0,4390.0,4747,0.0,0.0
2024-04-29 11:00:00+09:00,4400.0,4425.0,4380.0,4410.0,8002,0.0,0.0
2024-04-29 12:00:00+09:00,4410.0,4410.0,4405.0,4410.0,3284,0.0,0.0
2024-04-29 13:00:00+09:00,4410.0,4425.0,4400.0,4415.0,3809,0.0,0.0
2024-04-29 14:00:00+09:00,4420.0,4420.0,4385.0,4410.0,7209,0.0,0.0
2024-04-30 09:00:00+09:00,4420.0,4460.0,4420.0,4450.0,9752,0.0,0.0
2024-04-30 10:00:00+09:00,4450.0,4450.0,4400.0,4425.0,8889,0.0,0.0
2024-04-30 11:00:00+09:00,4425.0,4435.0,4420.0,4430.0,890,0.0,0.0
2024-04-30 12:00:00+09:00,4430.0,4440.0,4415.0,4415.0,3205,0.0,0.0
2024-04-30 13:00:00+09:00,4425.0,4425.0,4415.0,4425.0,2091,0.0,0.0
2024-04-30 14:00:00+09:00,4425.0,4425.0,4415.0,4420.0,5346,0.0,0.0
2024-05-02 09:00:00+09:00,4440.0,4440.0,4405.0,4425.0,0,0.0,0.0
2024-05-02 10:00:00+09:00,4425.0,4440.0,4420.0,4425.0,2719,0.0,0.0
2024-05-02 11:00:00+09:00,4425.0,4430.0,4385.0,4430.0,10904,0.0,0.0
2024-05-02 12:00:00+09:00,4420.0,4435.0,4395.0,4425.0,5987,0.0,0.0
2024-05-02 13:00:00+09:00,4425.0,4425.0,4420.0,4425.0,1894,0.0,0.0
2024-05-02 14:00:00+09:00,4420.0,4420.0,4405.0,4420.0,1235,0.0,0.0
2024-05-03 09:00:00+09:00,4440.0,4440.0,4405.0,4425.0,5689,0.0,0.0
2024-05-03 10:00:00+09:00,4425.0,4445.0,4405.0,4410.0,9772,0.0,0.0
2024-05-03 11:00:00+09:00,4405.0,4435.0,4390.0,4415.0,6275,0.0,0.0
2024-05-03 12:00:00+09:00,4415.0,4430.0,4405.0,4405.0,3133,0.0,0.0
2024-05-03 13:00:00+09:00,4410.0,4425.0,4405.0,4420.0,3079,0.0,0.0
2024-05-03 14:00:00+09:00,4415.0,4420.0,4405.0,4420.0,1631,0.0,0.0
2024-05-07 09:00:00+09:00,4415.0,4415.0,4380.0,4380.0,0,0.0,0.0
2024-05-07 10:00:00+09:00,4380.0,4390.0,4370.0,4375.0,6298,0.0,0.0
2024-05-07 11:00:00+09:00,4375.0,4375.0,4365.0,4365.0,7206,0.0,0.0
2024-05-07 12:00:00+09:00,4370.0,4390.0,4365.0,4390.0,4988,0.0,0.0
2024-05-07 13:00:00+09:00,4375.0,4390.0,4375.0,4390.0,4941,0.0,0.0
2024-05-07 14:00:00+09:00,4390.0,4410.0,4390.0,4410.0,5783,0.0,0.0
2024-05-08 09:00:00+09:00,4385.0,4465.0,4385.0,4430.0,11935,0.0,0.0
2024-05-08 10:00:00+09:00,4430.0,4450.0,4415.0,4450.0,8812,0.0,0.0
2024-05-08 11:00:00+09:00,4445.0,4475.0,4435.0,4470.0,11413,0.0,0.0
2024-05-08 12:00:00+09:00,4470.0,4480.0,4450.0,4455.0,11055,0.0,0.0
2024-05-08 13:00:00+09:00,4455.0,4475.0,4440.0,4475.0,5857,0.0,0.0
2024-05-08 14:00:00+09:00,4475.0,4480.0,4465.0,4470.0,9343,0.0,0.0
2024-05-09 09:00:00+09:00,4480.0,4490.0,4450.0,4480.0,12185,0.0,0.0
2024-05-09 10:00:00+09:00,4475.0,4480.0,4455.0,4460.0,5016,0.0,0.0
2024-05-09 11:00:00+09:00,4460.0,4470.0,4440.0,4465.0,3587,0.0,0.0
2024-05-09 12:00:00+09:00,4465.0,4465.0,4440.0,4445.0,4851,0.0,0.0
2024-05-09 13:00:00+09:00,4445.0,4445.0,4430.0,4440.0,4399,0.0,0.0
2024-05-09 14:00:00+09:00,4440.0,4440.0,4420.0,4430.0,4095,0.0,0.0
2024-05-10 09:00:00+09:00,4525.0,4570.0,4480.0,4495.0,51097,0.0,0.0
2024-05-10 10:00:00+09:00,4495.0,4495.0,4465.0,4470.0,11453,0.0,0.0
2024-05-10 11:00:00+09:00,4470.0,4480.0,4460.0,4470.0,5436,0.0,0.0
2024-05-10 12:00:00+09:00,4460.0,4470.0,4450.0,4465.0,2930,0.0,0.0
2024-05-10 13:00:00+09:00,4465.0,4470.0,4455.0,4470.0,5703,0.0,0.0
2024-05-10 14:00:00+09:00,4475.0,4485.0,4455.0,4455.0,1100,0.0,0.0
2024-05-13 09:00:00+09:00,4490.0,4580.0,4425.0,4490.0,0,0.0,0.0
2024-05-13 10:00:00+09:00,4490.0,4510.0,4460.0,4465.0,7916,0.0,0.0
2024-05-13 11:00:00+09:00,4465.0,4480.0,4460.0,4475.0,1751,0.0,0.0
2024-05-13 12:00:00+09:00,4470.0,4475.0,4450.0,4460.0,5291,0.0,0.0
2024-05-13 13:00:00+09:00,4460.0,4460.0,4440.0,4460.0,5269,0.0,0.0
2024-05-13 14:00:00+09:00,4455.0,4460.0,4420.0,4440.0,5453,0.0,0.0
2024-05-14 09:00:00+09:00,4445.0,4475.0,4435.0,4455.0,9502,0.0,0.0
2024-05-14 10:00:00+09:00,4465.0,4465.0,4425.0,4450.0,17372,0.0,0.0
2024-05-14 11:00:00+09:00,4450.0,4460.0,4440.0,4445.0,2080,0.0,0.0
2024-05-14 12:00:00+09:00,4445.0,4475.0,4430.0,4455.0,5445,0.0,0.0
2024-05-14 13:00:00+09:00,4455.0,4460.0,4445.0,4450.0,1990,0.0,0.0
2024-05-14 14:00:00+09:00,4450.0,4450.0,4445.0,4450.0,2630,0.0,0.0
2024-05-16 09:00:00+09:00,4465.0,4475.0,4445.0,4450.0,0,0.0,0.0
2024-05-16 10:00:00+09:00,4445.0,4450.0,4430.0,4430.0,10326,0.0,0.0
2024-05-16 11:00:00+09:00,4430.0,4455.0,4425.0,4455.0,7233,0.0,0.0
2024-05-16 12:00:00+09:00,4450.0,4450.0,4430.0,4440.0,5639,0.0,0.0
2024-05-16 13:00:00+09:00,4440.0,4440.0,4425.0,4430.0,4597,0.0,0.0
2024-05-16 14:00:00+09:00,4430.0,4440.0,4425.0,4440.0,1121,0.0,0.0
2024-05-17 09:00:00+09:00,4420.0,4445.0,4355.0,4385.0,18784,0.0,0.0
2024-05-17 10:00:00+09:00,4385.0,4395.0,4380.0,4385.0,0,0.0,0.0
2024-05-17 11:00:00+09:00,4385.0,4390.0,4380.0,4390.0,24504,0.0,0.0
2024-05-17 12:00:00+09:00,4385.0,4400.0,4385.0,4395.0,1457,0.0,0.0
2024-05-17 13:00:00+09:00,4395.0,4395.0,4380.0,4380.0,3803,0.0,0.0
2024-05-17 14:00:00+09:00,4375.0,4380.0,4365.0,4370.0,3684,0.0,0.0
2024-05-20 09:00:00+09:00,4390.0,4390.0,4335.0,4350.0,0,0.0,0.0
2024-05-20 10:00:00+09:00,4350.0,5380.0,4340.0,4760.0,3302238,0.0,0.0
2024-05-20 11:00:00+09:00,4760.0,5680.0,4735.0,5680.0,4417052,0.0,0.0
2024-05-20 12:00:00+09:00,5680.0,5680.0,5600.0,5680.0,2514662,0.0,0.0
2024-05-20 13:00:00+09:00,5680.0,5680.0,5680.0,5680.0,86177,0.0,0.0
2024-05-20 14:00:00+09:00,5680.0,5680.0,5680.0,5680.0,37419,0.0,0.0
2024-05-21 09:00:00+09:00,5800.0,5810.0,5300.0,5490.0,3390492,0.0,0.0
2024-05-21 10:00:00+09:00,5490.0,5530.0,5390.0,5510.0,352609,0.0,0.0
2024-05-21 11:00:00+09:00,5510.0,5550.0,5410.0,5430.0,220173,0.0,0.0
2024-05-21 12:00:00+09:00,5440.0,5560.0,5440.0,5500.0,228722,0.0,0.0
2024-05-21 13:00:00+09:00,5500.0,5540.0,5420.0,5470.0,186005,0.0,0.0
2024-05-21 14:00:00+09:00,5460.0,5480.0,5350.0,5430.0,257308,0.0,0.0
2024-05-22 09:00:00+09:00,5320.0,6940.0,5310.0,6640.0,10468346,0.0,0.0
2024-05-22 10:00:00+09:00,6640.0,6740.0,6300.0,6410.0,4369875,0.0,0.0
2024-05-22 11:00:00+09:00,6410.0,6470.0,6210.0,6320.0,1572462,0.0,0.0
2024-05-22 12:00:00+09:00,6320.0,6390.0,6110.0,6130.0,1202224,0.0,0.0
2024-05-22 13:00:00+09:00,6130.0,6370.0,6130.0,6210.0,997953,0.0,0.0
2024-05-22 14:00:00+09:00,6220.0,6240.0,6030.0,6120.0,744030,0.0,0.0
2024-05-23 09:00:00+09:00,6230.0,6580.0,5880.0,6460.0,3229454,0.0,0.0
2024-05-23 10:00:00+09:00,6450.0,6520.0,6160.0,6390.0,1190698,0.0,0.0
2024-05-23 11:00:00+09:00,6390.0,6500.0,6290.0,6310.0,481163,0.0,0.0
2024-05-23 12:00:00+09:00,6290.0,6400.0,6250.0,6260.0,172140,0.0,0.0
2024-05-23 13:00:00+09:00,6260.0,6340.0,6220.0,6300.0,203141,0.0,0.0
2024-05-23 14:00:00+09:00,6300.0,6390.0,6170.0,6280.0,262092,0.0,0.0
2024-05-24 09:00:00+09:00,6170.0,6220.0,5920.0,6140.0,611651,0.0,0.0
2024-05-24 10:00:00+09:00,6140.0,6200.0,6050.0,6120.0,160791,0.0,0.0
2024-05-24 11:00:00+09:00,6110.0,6150.0,6080.0,6130.0,76786,0.0,0.0
2024-05-24 12:00:00+09:00,6130.0,6160.0,6030.0,6070.0,79781,0.0,0.0
2024-05-24 13:00:00+09:00,6070.0,6140.0,6060.0,6090.0,71424,0.0,0.0
2024-05-24 14:00:00+09:00,6070.0,6090.0,5970.0,6030.0,121289,0.0,0.0
2024-05-27 09:00:00+09:00,5900.0,6160.0,5710.0,5900.0,0,0.0,0.0
2024-05-27 10:00:00+09:00,5900.0,5940.0,5830.0,5870.0,101324,0.0,0.0
2024-05-27 11:00:00+09:00,5860.0,5890.0,5540.0,5660.0,225906,0.0,0.0
2024-05-27 12:00:00+09:00,5650.0,5790.0,5650.0,5760.0,92337,0.0,0.0
2024-05-27 13:00:00+09:00,5760.0,5790.0,5730.0,5750.0,51366,0.0,0.0
2024-05-27 14:00:00+09:00,5750.0,5840.0,5660.0,5760.0,133707,0.0,0.0
2024-05-28 09:00:00+09:00,5790.0,6740.0,5700.0,6330.0,6529945,0.0,0.0
2024-05-28 10:00:00+09:00,6320.0,6390.0,6170.0,6220.0,939021,0.0,0.0
2024-05-28 11:00:00+09:00,6230.0,6310.0,6170.0,6200.0,343010,0.0,0.0
2024-05-28 12:00:00+09:00,6200.0,6220.0,6050.0,6120.0,422464,0.0,0.0
2024-05-28 13:00:00+09:00,6130.0,6150.0,6070.0,6070.0,140369,0.0,0.0
2024-05-28 14:00:00+09:00,6100.0,6130.0,6010.0,6060.0,218585,0.0,0.0
2024-05-29 09:00:00+09:00,6080.0,6110.0,5830.0,5860.0,506607,0.0,0.0
2024-05-29 10:00:00+09:00,5860.0,5880.0,5820.0,5840.0,129207,0.0,0.0
2024-05-29 11:00:00+09:00,5850.0,5880.0,5800.0,5810.0,82853,0.0,0.0
2024-05-29 12:00:00+09:00,5820.0,5880.0,5810.0,5820.0,60957,0.0,0.0
2024-05-29 13:00:00+09:00,5820.0,5850.0,5800.0,5830.0,46642,0.0,0.0
2024-05-29 14:00:00+09:00,5830.0,5850.0,5740.0,5740.0,126937,0.0,0.0
2024-05-30 09:00:00+09:00,5630.0,5680.0,5480.0,5490.0,253999,0.0,0.0
2024-05-30 10:00:00+09:00,5500.0,5570.0,5430.0,5490.0,152736,0.0,0.0
2024-05-30 11:00:00+09:00,5490.0,5500.0,5280.0,5350.0,382613,0.0,0.0
2024-05-30 12:00:00+09:00,5350.0,5350.0,5180.0,5240.0,433844,0.0,0.0
2024-05-30 13:00:00+09:00,5240.0,5290.0,5180.0,5210.0,168348,0.0,0.0
2024-05-30 14:00:00+09:00,5200.0,5240.0,5160.0,5210.0,115665,0.0,0.0
2024-05-31 09:00:00+09:00,5240.0,5250.0,5110.0,5150.0,296936,0.0,0.0
2024-05-31 10:00:00+09:00,5150.0,5420.0,5150.0,5300.0,381340,0.0,0.0
2024-05-31 11:00:00+09:00,5290.0,5420.0,5200.0,5260.0,376772,0.0,0.0
2024-05-31 12:00:00+09:00,5260.0,5280.0,5240.0,5250.0,31776,0.0,0.0
2024-05-31 13:00:00+09:00,5210.0,5260.0,5190.0,5240.0,95362,0.0,0.0
2024-05-31 14:00:00+09:00,5240.0,5260.0,5220.0,5240.0,38819,0.0,0.0
2024-06-03 09:00:00+09:00,5230.0,5470.0,5220.0,5350.0,0,0.0,0.0
2024-06-03 10:00:00+09:00,5350.0,5400.0,5250.0,5310.0,100907,0.0,0.0
2024-06-03 11:00:00+09:00,5310.0,5340.0,5280.0,5310.0,53185,0.0,0.0
2024-06-03 12:00:00+09:00,5310.0,5380.0,5300.0,5370.0,49416,0.0,0.0
2024-06-03 13:00:00+09:00,5360.0,5410.0,5330.0,5380.0,62133,0.0,0.0
2024-06-03 14:00:00+09:00,5380.0,5380.0,5280.0,5280.0,64023,0.0,0.0
2024-06-04 09:00:00+09:00,5240.0,5350.0,5120.0,5200.0,193590,0.0,0.0
2024-06-04 10:00:00+09:00,5210.0,5570.0,5190.0,5380.0,519822,0.0,0.0
2024-06-04 11:00:00+09:00,5400.0,5470.0,5340.0,5370.0,142105,0.0,0.0
2024-06-04 12:00:00+09:00,5370.0,5410.0,5320.0,5400.0,61141,0.0,0.0
2024-06-04 13:00:00+09:00,5390.0,5430.0,5370.0,5380.0,56791,0.0,0.0
2024-06-04 14:00:00+09:00,5400.0,5400.0,5300.0,5300.0,66182,0.0,0.0
2024-06-05 09:00:00+09:00,5360.0,5450.0,5100.0,5140.0,258357,0.0,0.0
2024-06-05 10:00:00+09:00,5140.0,5170.0,5100.0,5110.0,82454,0.0,0.0
2024-06-05 11:00:00+09:00,5100.0,5140.0,5080.0,5100.0,64715,0.0,0.0
2024-06-05 12:00:00+09:00,5100.0,5100.0,5070.0,5070.0,42523,0.0,0.0
2024-06-05 13:00:00+09:00,5070.0,5120.0,5050.0,5100.0,46341,0.0,0.0
2024-06-05 14:00:00+09:00,5110.0,5130.0,5050.0,5100.0,36861,0.0,0.0
2024-06-07 09:00:00+09:00,5100.0,5140.0,5000.0,5090.0,0,0.0,0.0
2024-06-07 10:00:00+09:00,5090.0,5090.0,5030.0,5030.0,27624,0.0,0.0
2024-06-07 11:00:00+09:00,5040.0,5040.0,4985.0,5010.0,64907,0.0,0.0
2024-06-07 12:00:00+09:00,5000.0,5080.0,5000.0,5070.0,20468,0.0,0.0
2024-06-07 13:00:00+09:00,5070.0,5090.0,5040.0,5050.0,18960,0.0,0.0
2024-06-07 14:00:00+09:00,5040.0,5090.0,5030.0,5080.0,25536,0.0,0.0
2024-06-10 09:00:00+09:00,5170.0,5180.0,4985.0,5010.0,0,0.0,0.0
2024-06-10 10:00:00+09:00,5020.0,5050.0,5010.0,5030.0,13205,0.0,0.0
2024-06-10 11:00:00+09:00,5030.0,5030.0,5000.0,5010.0,27795,0.0,0.0
2024-06-10 12:00:00+09:00,5010.0,5040.0,5010.0,5020.0,17367,0.0,0.0
2024-06-10 13:00:00+09:00,5030.0,5040.0,5010.0,5020.0,23215,0.0,0.0
2024-06-10 14:00:00+09:00,5020.0,5060.0,5010.0,5030.0,20413,0.0,0.0
2024-06-11 09:00:00+09:00,5030.0,5280.0,5020.0,5160.0,372048,0.0,0.0
2024-06-11 10:00:00+09:00,5160.0,5190.0,5090.0,5130.0,87806,0.0,0.0
2024-06-11 11:00:00+09:00,5130.0,5150.0,5090.0,5110.0,24595,0.0,0.0
2024-06-11 12:00:00+09:00,5120.0,5190.0,5090.0,5140.0,30213,0.0,0.0
2024-06-11 13:00:00+09:00,5140.0,5300.0,5120.0,5170.0,153465,0.0,0.0
2024-06-11 14:00:00+09:00,5170.0,5210.0,5140.0,5210.0,46423,0.0,0.0
2024-06-12 09:00:00+09:00,5300.0,5480.0,5150.0,5420.0,634251,0.0,0.0
2024-06-12 10:00:00+09:00,5410.0,5420.0,5290.0,5330.0,146301,0.0,0.0
2024-06-12 11:00:00+09:00,5330.0,5360.0,5240.0,5250.0,65485,0.0,0.0
2024-06-12 12:00:00+09:00,5250.0,5290.0,5220.0,5240.0,39620,0.0,0.0
2024-06-12 13:00:00+09:00,5230.0,5240.0,5180.0,5220.0,47618,0.0,0.0
2024-06-12 14:00:00+09:00,5210.0,5220.0,5160.0,5200.0,52592,0.0,0.0
2024-06-13 09:00:00+09:00,5190.0,5260.0,5100.0,5200.0,158531,0.0,0.0
2024-06-13 10:00:00+09:00,5210.0,5210.0,5150.0,5170.0,43510,0.0,0.0
2024-06-13 11:00:00+09:00,5180.0,5230.0,5160.0,5230.0,24307,0.0,0.0
2024-06-13 12:00:00+09:00,5230.0,5240.0,5160.0,5180.0,24926,0.0,0.0
2024-06-13 13:00:00+09:00,5170.0,5180.0,5130.0,5170.0,36130,0.0,0.0
2024-06-13 14:00:00+09:00,5180.0,5190.0,5160.0,5170.0,22188,0.0,0.0
2024-06-14 09:00:00+09:00,5140.0,5180.0,5010.0,5070.0,115369,0.0,0.0
2024-06-14 10:00:00+09:00,5070.0,5080.0,5020.0,5060.0,40814,0.0,0.0
2024-06-14 11:00:00+09:00,5040.0,5110.0,5040.0,5100.0,18684,0.0,0.0
2024-06-14 12:00:00+09:00,5100.0,5120.0,5060.0,5060.0,15125,0.0,0.0
2024-06-14 13:00:00+09:00,5070.0,5090.0,5030.0,5080.0,18399,0.0,0.0
2024-06-14 14:00:00+09:00,5080.0,5100.0,5070.0,5080.0,10053,0.0,0.0
2024-06-17 09:00:00+09:00,5120.0,5140.0,5070.0,5080.0,0,0.0,0.0
2024-06-17 10:00:00+09:00,5080.0,5100.0,5060.0,5080.0,17354,0.0,0.0
2024-06-17 11:00:00+09:00,5080.0,5100.0,5010.0,5040.0,44013,0.0,0.0
2024-06-17 12:00:00+09:00,5040.0,5070.0,5020.0,5060.0,16866,0.0,0.0
2024-06-17 13:00:00+09:00,5040.0,5060.0,5020.0,5040.0,20035,0.0,0.0
2024-06-17 14:00:00+09:00,5030.0,5060.0,5020.0,5030.0,13650,0.0,0.0
2024-06-18 09:00:00+09:00,5030.0,5070.0,5000.0,5020.0,46275,0.0,0.0
2024-06-18 10:00:00+09:00,5020.0,5040.0,5000.0,5020.0,26775,0.0,0.0
2024-06-18 11:00:00+09:00,5020.0,5090.0,5000.0,5080.0,26257,0.0,0.0
2024-06-18 12:00:00+09:00,5080.0,5290.0,5030.0,5060.0,143070,0.0,0.0
2024-06-18 13:00:00+09:00,5060.0,5060.0,5020.0,5030.0,17639,0.0,0.0
2024-06-18 14:00:00+09:00,5030.0,5090.0,5020.0,5060.0,35661,0.0,0.0
2024-06-19 09:00:00+09:00,5100.0,5100.0,4940.0,4955.0,160676,0.0,0.0
2024-06-19 10:00:00+09:00,4955.0,4975.0,4900.0,4910.0,99455,0.0,0.0
2024-06-19 11:00:00+09:00,4910.0,4915.0,4845.0,4850.0,125724,0.0,0.0
2024-06-19 12:00:00+09:00,4850.0,4870.0,4835.0,4850.0,57250,0.0,0.0
2024-06-19 13:00:00+09:00,4850.0,4880.0,4840.0,4870.0,31922,0.0,0.0
2024-06-19 14:00:00+09:00,4870.0,4920.0,4870.0,4900.0,31002,0.0,0.0
2024-06-20 09:00:00+09:00,4920.0,4955.0,4855.0,4935.0,64227,0.0,0.0
2024-06-20 10:00:00+09:00,4930.0,4940.0,4895.0,4910.0,22874,0.0,0.0
2024-06-20 11:00:00+09:00,4910.0,4910.0,4850.0,4865.0,36999,0.0,0.0
2024-06-20 12:00:00+09:00,4865.0,4885.0,4860.0,4875.0,5498,0.0,0.0
2024-06-20 13:00:00+09:00,4875.0,4880.0,4850.0,4870.0,16841,0.0,0.0
2024-06-20 14:00:00+09:00,4870.0,4885.0,4850.0,4880.0,29102,0.0,0.0
2024-06-21 09:00:00+09:00,4900.0,4900.0,4760.0,4855.0,56210,0.0,0.0
2024-06-21 10:00:00+09:00,4830.0,4870.0,4830.0,4845.0,12036,0.0,0.0
2024-06-21 11:00:00+09:00,4845.0,4860.0,4830.0,4840.0,14137,0.0,0.0
2024-06-21 12:00:00+09:00,4840.0,4840.0,4800.0,4815.0,17959,0.0,0.0
2024-06-21 13:00:00+09:00,4815.0,4820.0,4765.0,4795.0,31136,0.0,0.0
2024-06-21 14:00:00+09:00,4795.0,4810.0,4770.0,4790.0,13027,0.0,0.0
