Datetime,Open,High,Low,Close,Volume,Dividends,Stock Splits
2022-06-23 09:00:00+09:00,11250.0,11400.0,10350.0,11000.0,0,0.0,0.0
2022-06-23 10:00:00+09:00,11000.0,11100.0,10650.0,10700.0,8606,0.0,0.0
2022-06-23 11:00:00+09:00,10650.0,10750.0,10600.0,10600.0,8613,0.0,0.0
2022-06-23 12:00:00+09:00,10650.0,10650.0,10350.0,10500.0,12252,0.0,0.0
2022-06-23 13:00:00+09:00,10500.0,10800.0,10400.0,10800.0,11382,0.0,0.0
2022-06-23 14:00:00+09:00,10700.0,11250.0,10500.0,11250.0,27820,0.0,0.0
2022-06-24 09:00:00+09:00,11000.0,11100.0,10850.0,11000.0,0,0.0,0.0
2022-06-24 10:00:00+09:00,11000.0,11200.0,11000.0,11050.0,4912,0.0,0.0
2022-06-24 11:00:00+09:00,11000.0,11100.0,10900.0,11050.0,2749,0.0,0.0
2022-06-24 12:00:00+09:00,11050.0,11200.0,11050.0,11200.0,3266,0.0,0.0
2022-06-24 13:00:00+09:00,11200.0,11200.0,11050.0,11100.0,888,0.0,0.0
2022-06-24 14:00:00+09:00,11050.0,11250.0,11000.0,11200.0,7133,0.0,0.0
2022-06-27 09:00:00+09:00,11400.0,11800.0,11300.0,11700.0,0,0.0,0.0
2022-06-27 10:00:00+09:00,11650.0,11750.0,11550.0,11650.0,14791,0.0,0.0
2022-06-27 11:00:00+09:00,11600.0,11700.0,11450.0,11550.0,7923,0.0,0.0
2022-06-27 12:00:00+09:00,11600.0,11650.0,11450.0,11650.0,2149,0.0,0.0
2022-06-27 13:00:00+09:00,11550.0,11600.0,11500.0,11500.0,1819,0.0,0.0
2022-06-27 14:00:00+09:00,11500.0,11550.0,11450.0,11550.0,2907,0.0,0.0
2022-06-28 09:00:00+09:00,11500.0,11900.0,11350.0,11650.0,0,0.0,0.0
2022-06-28 10:00:00+09:00,11650.0,12000.0,11600.0,11900.0,23879,0.0,0.0
2022-06-28 11:00:00+09:00,11900.0,11950.0,11750.0,11750.0,5010,0.0,0.0
2022-06-28 12:00:00+09:00,11700.0,11850.0,11700.0,11850.0,857,0.0,0.0
2022-06-28 13:00:00+09:00,11800.0,12250.0,11800.0,12100.0,29926,0.0,0.0
2022-06-28 14:00:00+09:00,12050.0,12150.0,12000.0,12150.0,8119,0.0,0.0
2022-06-29 09:00:00+09:00,12150.0,12200.0,11950.0,12000.0,0,0.0,0.0
2022-06-29 10:00:00+09:00,12000.0,12150.0,11950.0,12150.0,4164,0.0,0.0
2022-06-29 11:00:00+09:00,12150.0,12150.0,12000.0,12100.0,4130,0.0,0.0
2022-06-29 12:00:00+09:00,12050.0,12100.0,12000.0,12000.0,3593,0.0,0.0
2022-06-29 13:00:00+09:00,12050.0,12200.0,12000.0,12100.0,8053,0.0,0.0
2022-06-29 14:00:00+09:00,12200.0,12200.0,11950.0,12150.0,3100,0.0,0.0
2022-06-30 09:00:00+09:00,12450.0,12450.0,11900.0,12200.0,0,0.0,0.0
2022-06-30 10:00:00+09:00,12200.0,12300.0,12000.0,12100.0,5441,0.0,0.0
2022-06-30 11:00:00+09:00,12150.0,12200.0,12100.0,12200.0,4608,0.0,0.0
2022-06-30 12:00:00+09:00,12150.0,12250.0,11950.0,12000.0,7124,0.0,0.0
2022-06-30 13:00:00+09:00,12000.0,12200.0,11850.0,11900.0,13768,0.0,0.0
2022-06-30 14:00:00+09:00,11900.0,12000.0,11800.0,11850.0,9292,0.0,0.0
2022-07-01 09:00:00+09:00,11800.0,12200.0,11800.0,12050.0,0,0.0,0.0
2022-07-01 10:00:00+09:00,12050.0,12100.0,11850.0,12100.0,13055,0.0,0.0
2022-07-01 11:00:00+09:00,12000.0,12150.0,11900.0,11950.0,6564,0.0,0.0
2022-07-01 12:00:00+09:00,11950.0,12050.0,11900.0,12000.0,3440,0.0,0.0
2022-07-01 13:00:00+09:00,11950.0,12000.0,11800.0,11900.0,4787,0.0,0.0
2022-07-01 14:00:00+09:00,11950.0,12150.0,11950.0,12150.0,9841,0.0,0.0
2022-07-04 09:00:00+09:00,12350.0,12400.0,12100.0,12200.0,0,0.0,0.0
2022-07-04 10:00:00+09:00,12200.0,12500.0,12050.0,12150.0,13116,0.0,0.0
2022-07-04 11:00:00+09:00,12150.0,12250.0,12050.0,12100.0,4836,0.0,0.0
2022-07-04 12:00:00+09:00,12150.0,12150.0,11950.0,11950.0,5154,0.0,0.0
2022-07-04 13:00:00+09:00,11900.0,12000.0,11850.0,12000.0,8153,0.0,0.0
2022-07-04 14:00:00+09:00,12000.0,12100.0,11900.0,12000.0,1557,0.0,0.0
2022-07-05 09:00:00+09:00,11900.0,12100.0,11850.0,12050.0,0,0.0,0.0
2022-07-05 10:00:00+09:00,12100.0,12100.0,11900.0,12050.0,1644,0.0,0.0
2022-07-05 11:00:00+09:00,11950.0,12050.0,11900.0,12000.0,4163,0.0,0.0
2022-07-05 12:00:00+09:00,11900.0,11950.0,11700.0,11700.0,9806,0.0,0.0
2022-07-05 13:00:00+09:00,11750.0,11850.0,11700.0,11800.0,2920,0.0,0.0
2022-07-05 14:00:00+09:00,11750.0,11800.0,11700.0,11750.0,1719,0.0,0.0
2022-07-06 09:00:00+09:00,11850.0,11900.0,11600.0,11900.0,0,0.0,0.0
2022-07-06 10:00:00+09:00,11900.0,11900.0,11650.0,11850.0,11716,0.0,0.0
2022-07-06 11:00:00+09:00,11850.0,11850.0,11750.0,11850.0,201,0.0,0.0
2022-07-06 12:00:00+09:00,11850.0,11950.0,11750.0,11850.0,2926,0.0,0.0
2022-07-06 13:00:00+09:00,11950.0,11950.0,11850.0,11900.0,1781,0.0,0.0
2022-07-06 14:00:00+09:00,11850.0,12000.0,11850.0,11950.0,892,0.0,0.0
2022-07-07 09:00:00+09:00,11800.0,12750.0,11800.0,12400.0,40704,0.0,0.0
2022-07-07 10:00:00+09:00,12400.0,12800.0,12250.0,12550.0,23015,0.0,0.0
2022-07-07 11:00:00+09:00,12600.0,12750.0,12550.0,12550.0,18382,0.0,0.0
2022-07-07 12:00:00+09:00,12600.0,12750.0,12600.0,12750.0,9689,0.0,0.0
2022-07-07 13:00:00+09:00,12750.0,12800.0,12500.0,12600.0,11020,0.0,0.0
2022-07-07 14:00:00+09:00,12550.0,12600.0,12450.0,12500.0,5226,0.0,0.0
2022-07-08 09:00:00+09:00,12800.0,13200.0,12550.0,13150.0,0,0.0,0.0
2022-07-08 10:00:00+09:00,13200.0,13300.0,13000.0,13150.0,27472,0.0,0.0
2022-07-08 11:00:00+09:00,13150.0,13350.0,13100.0,13200.0,21671,0.0,0.0
2022-07-08 12:00:00+09:00,13250.0,13250.0,13100.0,13200.0,7330,0.0,0.0
2022-07-08 13:00:00+09:00,13200.0,13300.0,13000.0,13000.0,28753,0.0,0.0
2022-07-08 14:00:00+09:00,13050.0,13250.0,13000.0,13050.0,3785,0.0,0.0
2022-07-11 09:00:00+09:00,13200.0,13250.0,12750.0,13050.0,0,0.0,0.0
2022-07-11 10:00:00+09:00,13050.0,13500.0,12950.0,13050.0,11115,0.0,0.0
2022-07-11 11:00:00+09:00,13000.0,13200.0,13000.0,13050.0,1865,0.0,0.0
2022-07-11 12:00:00+09:00,13050.0,13400.0,13050.0,13400.0,5684,0.0,0.0
2022-07-11 13:00:00+09:00,13400.0,13500.0,13300.0,13300.0,18314,0.0,0.0
2022-07-11 14:00:00+09:00,13300.0,13350.0,13250.0,13300.0,4238,0.0,0.0
2022-07-12 09:00:00+09:00,13400.0,13400.0,13050.0,13200.0,0,0.0,0.0
2022-07-12 10:00:00+09:00,13150.0,13150.0,13000.0,13100.0,9435,0.0,0.0
2022-07-12 11:00:00+09:00,13050.0,13150.0,13050.0,13050.0,5310,0.0,0.0
2022-07-12 12:00:00+09:00,13000.0,13050.0,12750.0,13000.0,21203,0.0,0.0
2022-07-12 13:00:00+09:00,12950.0,13000.0,12900.0,13000.0,3802,0.0,0.0
2022-07-12 14:00:00+09:00,12950.0,13150.0,12950.0,13150.0,3800,0.0,0.0
2022-07-13 09:00:00+09:00,13000.0,13150.0,12950.0,13150.0,0,0.0,0.0
2022-07-13 10:00:00+09:00,13150.0,13200.0,13050.0,13050.0,6122,0.0,0.0
2022-07-13 11:00:00+09:00,13050.0,13250.0,13050.0,13250.0,6330,0.0,0.0
2022-07-13 12:00:00+09:00,13200.0,13550.0,13150.0,13450.0,22476,0.0,0.0
2022-07-13 13:00:00+09:00,13450.0,13550.0,13400.0,13450.0,8488,0.0,0.0
2022-07-13 14:00:00+09:00,13450.0,13500.0,13400.0,13450.0,4048,0.0,0.0
2022-07-14 09:00:00+09:00,13650.0,13750.0,13350.0,13700.0,0,0.0,0.0
2022-07-14 10:00:00+09:00,13750.0,13750.0,13550.0,13600.0,10126,0.0,0.0
2022-07-14 11:00:00+09:00,13600.0,13700.0,13350.0,13450.0,16652,0.0,0.0
2022-07-14 12:00:00+09:00,13450.0,13800.0,12950.0,13100.0,52693,0.0,0.0
2022-07-14 13:00:00+09:00,13100.0,13250.0,12900.0,12900.0,20357,0.0,0.0
2022-07-14 14:00:00+09:00,12900.0,13050.0,12600.0,12650.0,34817,0.0,0.0
2022-07-15 09:00:00+09:00,13200.0,13200.0,12200.0,12450.0,0,0.0,0.0
2022-07-15 10:00:00+09:00,12400.0,12450.0,12200.0,12450.0,9366,0.0,0.0
2022-07-15 11:00:00+09:00,12450.0,12950.0,12450.0,12650.0,11025,0.0,0.0
2022-07-15 12:00:00+09:00,12650.0,12750.0,12600.0,12700.0,7773,0.0,0.0
2022-07-15 13:00:00+09:00,12750.0,12750.0,12650.0,12700.0,3533,0.0,0.0
2022-07-15 14:00:00+09:00,12700.0,12850.0,12650.0,12700.0,5927,0.0,0.0
2022-07-18 09:00:00+09:00,12850.0,12850.0,12200.0,12550.0,0,0.0,0.0
2022-07-18 10:00:00+09:00,12550.0,12950.0,12500.0,12750.0,14087,0.0,0.0
2022-07-18 11:00:00+09:00,12750.0,12800.0,12650.0,12700.0,3013,0.0,0.0
2022-07-18 12:00:00+09:00,12700.0,12850.0,12700.0,12800.0,1615,0.0,0.0
2022-07-18 13:00:00+09:00,12800.0,12800.0,12700.0,12800.0,3326,0.0,0.0
2022-07-18 14:00:00+09:00,12750.0,12800.0,12700.0,12750.0,1776,0.0,0.0
2022-07-19 09:00:00+09:00,13000.0,13750.0,12750.0,13550.0,45042,0.0,0.0
2022-07-19 10:00:00+09:00,13550.0,13650.0,13200.0,13200.0,54341,0.0,0.0
2022-07-19 11:00:00+09:00,13250.0,13600.0,13200.0,13400.0,28737,0.0,0.0
2022-07-19 12:00:00+09:00,13400.0,13550.0,13350.0,13500.0,10194,0.0,0.0
2022-07-19 13:00:00+09:00,13500.0,13550.0,13400.0,13500.0,10368,0.0,0.0
2022-07-19 14:00:00+09:00,13500.0,13550.0,13450.0,13500.0,13054,0.0,0.0
2022-07-20 09:00:00+09:00,13750.0,13750.0,13450.0,13550.0,0,0.0,0.0
2022-07-20 10:00:00+09:00,13650.0,13800.0,13600.0,13700.0,11480,0.0,0.0
2022-07-20 11:00:00+09:00,13650.0,13700.0,13600.0,13600.0,5663,0.0,0.0
2022-07-20 12:00:00+09:00,13600.0,13700.0,13600.0,13600.0,3305,0.0,0.0
2022-07-20 13:00:00+09:00,13650.0,13750.0,13600.0,13700.0,4186,0.0,0.0
2022-07-20 14:00:00+09:00,13650.0,13750.0,13550.0,13600.0,9429,0.0,0.0
2022-07-21 09:00:00+09:00,13600.0,13650.0,13200.0,13350.0,0,0.0,0.0
2022-07-21 10:00:00+09:00,13400.0,13550.0,13300.0,13450.0,10772,0.0,0.0
2022-07-21 11:00:00+09:00,13450.0,13550.0,13450.0,13500.0,1698,0.0,0.0
2022-07-21 12:00:00+09:00,13500.0,13600.0,13450.0,13550.0,4080,0.0,0.0
2022-07-21 13:00:00+09:00,13500.0,13650.0,13500.0,13600.0,8386,0.0,0.0
2022-07-21 14:00:00+09:00,13600.0,13600.0,13450.0,13550.0,5850,0.0,0.0
2022-07-22 09:00:00+09:00,13550.0,13700.0,13300.0,13450.0,0,0.0,0.0
2022-07-22 10:00:00+09:00,13400.0,13450.0,13250.0,13450.0,17554,0.0,0.0
2022-07-22 11:00:00+09:00,13400.0,13450.0,13250.0,13250.0,4509,0.0,0.0
2022-07-22 12:00:00+09:00,13250.0,13250.0,13100.0,13200.0,4971,0.0,0.0
2022-07-22 13:00:00+09:00,13200.0,13400.0,13150.0,13300.0,2756,0.0,0.0
2022-07-22 14:00:00+09:00,13200.0,13350.0,13150.0,13200.0,5221,0.0,0.0
2022-07-25 09:00:00+09:00,13350.0,13350.0,12900.0,13250.0,0,0.0,0.0
2022-07-25 10:00:00+09:00,13200.0,13250.0,12900.0,13000.0,5692,0.0,0.0
2022-07-25 11:00:00+09:00,13000.0,13050.0,12950.0,13050.0,3593,0.0,0.0
2022-07-25 12:00:00+09:00,13050.0,13100.0,13000.0,13100.0,4238,0.0,0.0
2022-07-25 13:00:00+09:00,13100.0,13250.0,13100.0,13200.0,3834,0.0,0.0
2022-07-25 14:00:00+09:00,13200.0,13350.0,13150.0,13250.0,9222,0.0,0.0
2022-07-26 09:00:00+09:00,13400.0,13400.0,13000.0,13100.0,0,0.0,0.0
2022-07-26 10:00:00+09:00,13100.0,13200.0,13050.0,13200.0,2225,0.0,0.0
2022-07-26 11:00:00+09:00,13100.0,13250.0,13100.0,13250.0,1878,0.0,0.0
2022-07-26 12:00:00+09:00,13200.0,13200.0,13050.0,13150.0,2878,0.0,0.0
2022-07-26 13:00:00+09:00,13100.0,13150.0,13050.0,13100.0,2392,0.0,0.0
2022-07-26 14:00:00+09:00,13100.0,13150.0,13050.0,13050.0,2581,0.0,0.0
2022-07-27 09:00:00+09:00,13100.0,13250.0,12850.0,13050.0,0,0.0,0.0
2022-07-27 10:00:00+09:00,13050.0,13200.0,13000.0,13150.0,5073,0.0,0.0
2022-07-27 11:00:00+09:00,13150.0,13200.0,13050.0,13150.0,1277,0.0,0.0
2022-07-27 12:00:00+09:00,13100.0,13150.0,13050.0,13150.0,1273,0.0,0.0
2022-07-27 13:00:00+09:00,13150.0,13200.0,13050.0,13200.0,2431,0.0,0.0
2022-07-27 14:00:00+09:00,13200.0,13200.0,13100.0,13150.0,1047,0.0,0.0
2022-07-28 09:00:00+09:00,13150.0,13350.0,13050.0,13150.0,0,0.0,0.0
2022-07-28 10:00:00+09:00,13100.0,13100.0,12800.0,12900.0,16325,0.0,0.0
2022-07-28 11:00:00+09:00,12900.0,13000.0,12850.0,12950.0,3547,0.0,0.0
2022-07-28 12:00:00+09:00,12950.0,13000.0,12950.0,12950.0,3178,0.0,0.0
2022-07-28 13:00:00+09:00,12950.0,12950.0,12900.0,12900.0,1393,0.0,0.0
2022-07-28 14:00:00+09:00,12900.0,13000.0,12800.0,12900.0,13908,0.0,0.0
2022-07-29 09:00:00+09:00,12700.0,12850.0,12600.0,12650.0,0,0.0,0.0
2022-07-29 10:00:00+09:00,12650.0,12650.0,12250.0,12500.0,19967,0.0,0.0
2022-07-29 11:00:00+09:00,12500.0,12550.0,12450.0,12550.0,1245,0.0,0.0
2022-07-29 12:00:00+09:00,12500.0,12550.0,12450.0,12500.0,1338,0.0,0.0
2022-07-29 13:00:00+09:00,12550.0,12600.0,12500.0,12550.0,954,0.0,0.0
2022-07-29 14:00:00+09:00,12550.0,12600.0,12450.0,12550.0,2525,0.0,0.0
2022-08-01 09:00:00+09:00,12600.0,12600.0,12250.0,12500.0,0,0.0,0.0
2022-08-01 10:00:00+09:00,12500.0,12550.0,12400.0,12550.0,1236,0.0,0.0
2022-08-01 11:00:00+09:00,12550.0,12650.0,12500.0,12650.0,1583,0.0,0.0
2022-08-01 12:00:00+09:00,12650.0,12650.0,12500.0,12600.0,1533,0.0,0.0
2022-08-01 13:00:00+09:00,12600.0,12650.0,12450.0,12500.0,898,0.0,0.0
2022-08-01 14:00:00+09:00,12550.0,12600.0,12500.0,12550.0,1210,0.0,0.0
2022-08-02 09:00:00+09:00,12550.0,12700.0,12350.0,12650.0,0,0.0,0.0
2022-08-02 10:00:00+09:00,12700.0,13200.0,12650.0,12950.0,28234,0.0,0.0
2022-08-02 11:00:00+09:00,12950.0,13000.0,12850.0,12950.0,4158,0.0,0.0
2022-08-02 12:00:00+09:00,12900.0,12950.0,12750.0,12950.0,1895,0.0,0.0
2022-08-02 13:00:00+09:00,12950.0,13050.0,12850.0,13000.0,2996,0.0,0.0
2022-08-02 14:00:00+09:00,13000.0,13050.0,12900.0,13000.0,2651,0.0,0.0
2022-08-03 09:00:00+09:00,12850.0,13200.0,12850.0,13150.0,0,0.0,0.0
2022-08-03 10:00:00+09:00,13150.0,13400.0,13150.0,13400.0,14672,0.0,0.0
2022-08-03 11:00:00+09:00,13400.0,13600.0,13000.0,13100.0,35900,0.0,0.0
2022-08-03 12:00:00+09:00,13100.0,13150.0,13000.0,13100.0,6036,0.0,0.0
2022-08-03 13:00:00+09:00,13100.0,13100.0,13000.0,13100.0,1471,0.0,0.0
2022-08-03 14:00:00+09:00,13100.0,13200.0,13050.0,13150.0,3218,0.0,0.0
2022-08-04 09:00:00+09:00,13200.0,13250.0,12900.0,12950.0,0,0.0,0.0
2022-08-04 10:00:00+09:00,12950.0,13050.0,12750.0,12800.0,9778,0.0,0.0
2022-08-04 11:00:00+09:00,12800.0,12900.0,12700.0,12750.0,6104,0.0,0.0
2022-08-04 12:00:00+09:00,12750.0,12850.0,12750.0,12750.0,4181,0.0,0.0
2022-08-04 13:00:00+09:00,12750.0,12800.0,12650.0,12750.0,8885,0.0,0.0
2022-08-04 14:00:00+09:00,12700.0,12900.0,12700.0,12750.0,9237,0.0,0.0
2022-08-05 09:00:00+09:00,12700.0,12850.0,12600.0,12750.0,0,0.0,0.0
2022-08-05 10:00:00+09:00,12750.0,12750.0,12650.0,12700.0,2506,0.0,0.0
2022-08-05 11:00:00+09:00,12750.0,12800.0,12700.0,12700.0,2535,0.0,0.0
2022-08-05 12:00:00+09:00,12700.0,12750.0,12650.0,12700.0,4455,0.0,0.0
2022-08-05 13:00:00+09:00,12700.0,12700.0,12550.0,12600.0,5379,0.0,0.0
2022-08-05 14:00:00+09:00,12550.0,12650.0,12500.0,12600.0,18741,0.0,0.0
2022-08-08 09:00:00+09:00,12600.0,13300.0,12450.0,12650.0,96242,0.0,0.0
2022-08-08 10:00:00+09:00,12650.0,12800.0,12650.0,12750.0,14987,0.0,0.0
2022-08-08 11:00:00+09:00,12750.0,12800.0,12650.0,12700.0,13847,0.0,0.0
2022-08-08 12:00:00+09:00,12700.0,12750.0,12700.0,12700.0,2515,0.0,0.0
2022-08-08 13:00:00+09:00,12700.0,12750.0,12600.0,12700.0,9098,0.0,0.0
2022-08-08 14:00:00+09:00,12650.0,12900.0,12550.0,12850.0,17013,0.0,0.0
2022-08-09 09:00:00+09:00,12950.0,12950.0,12700.0,12750.0,0,0.0,0.0
2022-08-09 10:00:00+09:00,12700.0,12800.0,12700.0,12700.0,5133,0.0,0.0
2022-08-09 11:00:00+09:00,12700.0,12700.0,12600.0,12650.0,8088,0.0,0.0
2022-08-09 12:00:00+09:00,12650.0,12750.0,12650.0,12700.0,2709,0.0,0.0
2022-08-09 13:00:00+09:00,12700.0,12850.0,12700.0,12850.0,3726,0.0,0.0
2022-08-09 14:00:00+09:00,12850.0,13000.0,12800.0,12900.0,16055,0.0,0.0
2022-08-10 09:00:00+09:00,12800.0,12950.0,12700.0,12750.0,0,0.0,0.0
2022-08-10 10:00:00+09:00,12750.0,12800.0,12650.0,12700.0,15125,0.0,0.0
2022-08-10 11:00:00+09:00,12700.0,12700.0,12500.0,12600.0,25700,0.0,0.0
2022-08-10 12:00:00+09:00,12550.0,12550.0,12350.0,12350.0,20895,0.0,0.0
2022-08-10 13:00:00+09:00,12400.0,12450.0,12350.0,12400.0,7876,0.0,0.0
2022-08-10 14:00:00+09:00,12400.0,12450.0,12300.0,12300.0,15441,0.0,0.0
2022-08-11 09:00:00+09:00,12250.0,12350.0,12150.0,12250.0,0,0.0,0.0
2022-08-11 10:00:00+09:00,12250.0,12350.0,12200.0,12300.0,3925,0.0,0.0
2022-08-11 11:00:00+09:00,12300.0,12400.0,12300.0,12300.0,3439,0.0,0.0
2022-08-11 12:00:00+09:00,12350.0,12350.0,12350.0,12350.0,687,0.0,0.0
2022-08-11 13:00:00+09:00,12350.0,12400.0,12250.0,12250.0,6935,0.0,0.0
2022-08-11 14:00:00+09:00,12300.0,12350.0,12250.0,12300.0,1570,0.0,0.0
2022-08-12 09:00:00+09:00,12400.0,12550.0,12250.0,12350.0,0,0.0,0.0
2022-08-12 10:00:00+09:00,12350.0,12650.0,12350.0,12650.0,19109,0.0,0.0
2022-08-12 11:00:00+09:00,12650.0,12700.0,12600.0,12700.0,5945,0.0,0.0
2022-08-12 12:00:00+09:00,12700.0,12700.0,12600.0,12650.0,2879,0.0,0.0
2022-08-12 13:00:00+09:00,12700.0,12750.0,12650.0,12700.0,2806,0.0,0.0
2022-08-12 14:00:00+09:00,12650.0,12700.0,12600.0,12650.0,1810,0.0,0.0
2022-08-16 09:00:00+09:00,12800.0,12850.0,12550.0,12600.0,0,0.0,0.0
2022-08-16 10:00:00+09:00,12550.0,12550.0,12450.0,12500.0,12342,0.0,0.0
2022-08-16 11:00:00+09:00,12500.0,12500.0,12450.0,12500.0,5474,0.0,0.0
2022-08-16 12:00:00+09:00,12500.0,12500.0,12400.0,12500.0,4521,0.0,0.0
2022-08-16 13:00:00+09:00,12500.0,12550.0,12450.0,12450.0,7393,0.0,0.0
2022-08-16 14:00:00+09:00,12500.0,12550.0,12450.0,12550.0,2064,0.0,0.0
2022-08-17 09:00:00+09:00,12550.0,12600.0,12450.0,12500.0,4999,0.0,0.0
2022-08-17 10:00:00+09:00,12500.0,12500.0,12350.0,12400.0,4164,0.0,0.0
2022-08-17 11:00:00+09:00,12400.0,12500.0,12350.0,12450.0,2125,0.0,0.0
2022-08-17 12:00:00+09:00,12500.0,12550.0,12500.0,12500.0,1738,0.0,0.0
2022-08-17 13:00:00+09:00,12500.0,12550.0,12250.0,12300.0,13675,0.0,0.0
2022-08-17 14:00:00+09:00,12300.0,12300.0,12150.0,12250.0,17098,0.0,0.0
2022-08-18 09:00:00+09:00,12050.0,12600.0,11950.0,12550.0,25526,0.0,0.0
2022-08-18 10:00:00+09:00,12600.0,12750.0,12500.0,12650.0,16856,0.0,0.0
2022-08-18 11:00:00+09:00,12650.0,12800.0,12650.0,12700.0,15863,0.0,0.0
2022-08-18 12:00:00+09:00,12750.0,12850.0,12700.0,12850.0,35037,0.0,0.0
2022-08-18 13:00:00+09:00,12850.0,12900.0,12750.0,12900.0,14940,0.0,0.0
2022-08-18 14:00:00+09:00,12900.0,13050.0,12850.0,13000.0,34483,0.0,0.0
2022-08-19 09:00:00+09:00,13000.0,13150.0,12700.0,12950.0,0,0.0,0.0
2022-08-19 10:00:00+09:00,12900.0,13150.0,12800.0,13150.0,11614,0.0,0.0
2022-08-19 11:00:00+09:00,13150.0,13150.0,13100.0,13150.0,9873,0.0,0.0
2022-08-19 12:00:00+09:00,13150.0,13150.0,12900.0,13050.0,9809,0.0,0.0
2022-08-19 13:00:00+09:00,13050.0,13050.0,12950.0,13000.0,5941,0.0,0.0
2022-08-19 14:00:00+09:00,13000.0,13000.0,12850.0,12900.0,9180,0.0,0.0
2022-08-22 09:00:00+09:00,12750.0,12800.0,11500.0,12300.0,73337,0.0,0.0
2022-08-22 10:00:00+09:00,12250.0,12350.0,12150.0,12200.0,7793,0.0,0.0
2022-08-22 11:00:00+09:00,12250.0,12300.0,12050.0,12200.0,8922,0.0,0.0
2022-08-22 12:00:00+09:00,12150.0,12250.0,12100.0,12200.0,5191,0.0,0.0
2022-08-22 13:00:00+09:00,12150.0,12200.0,12100.0,12150.0,3593,0.0,0.0
2022-08-22 14:00:00+09:00,12100.0,12200.0,12100.0,12150.0,5253,0.0,0.0
2022-08-23 09:00:00+09:00,11800.0,11950.0,11550.0,11800.0,33629,0.0,0.0
2022-08-23 10:00:00+09:00,11800.0,11850.0,11650.0,11650.0,3827,0.0,0.0
2022-08-23 11:00:00+09:00,11600.0,11700.0,11550.0,11700.0,11258,0.0,0.0
2022-08-23 12:00:00+09:00,11700.0,11750.0,11600.0,11700.0,5627,0.0,0.0
2022-08-23 13:00:00+09:00,11700.0,11750.0,11650.0,11700.0,5364,0.0,0.0
2022-08-23 14:00:00+09:00,11650.0,11700.0,11600.0,11650.0,5427,0.0,0.0
2022-08-24 09:00:00+09:00,11650.0,11800.0,11600.0,11800.0,4725,0.0,0.0
2022-08-24 10:00:00+09:00,11800.0,11800.0,11550.0,11550.0,10216,0.0,0.0
2022-08-24 11:00:00+09:00,11600.0,11750.0,11550.0,11650.0,2885,0.0,0.0
2022-08-24 12:00:00+09:00,11650.0,11750.0,11600.0,11750.0,2452,0.0,0.0
2022-08-24 13:00:00+09:00,11750.0,11750.0,11500.0,11600.0,13983,0.0,0.0
2022-08-24 14:00:00+09:00,11600.0,11700.0,11600.0,11650.0,3202,0.0,0.0
2022-08-25 09:00:00+09:00,11750.0,12000.0,11700.0,12000.0,8864,0.0,0.0
2022-08-25 10:00:00+09:00,11950.0,12100.0,11950.0,12100.0,13743,0.0,0.0
2022-08-25 11:00:00+09:00,12100.0,12150.0,12050.0,12100.0,1762,0.0,0.0
2022-08-25 12:00:00+09:00,12100.0,12100.0,12000.0,12100.0,3825,0.0,0.0
2022-08-25 13:00:00+09:00,12100.0,12150.0,12050.0,12150.0,2683,0.0,0.0
2022-08-25 14:00:00+09:00,12150.0,12200.0,12050.0,12200.0,6384,0.0,0.0
2022-08-26 09:00:00+09:00,12400.0,12400.0,12150.0,12250.0,0,0.0,0.0
2022-08-26 10:00:00+09:00,12200.0,12350.0,12150.0,12250.0,3433,0.0,0.0
2022-08-26 11:00:00+09:00,12200.0,12300.0,12200.0,12300.0,2045,0.0,0.0
2022-08-26 12:00:00+09:00,12250.0,12300.0,12200.0,12300.0,2370,0.0,0.0
2022-08-26 13:00:00+09:00,12300.0,12350.0,12250.0,12300.0,5077,0.0,0.0
2022-08-26 14:00:00+09:00,12300.0,12350.0,12200.0,12300.0,4023,0.0,0.0
2022-08-29 09:00:00+09:00,12000.0,12000.0,11700.0,11900.0,24280,0.0,0.0
2022-08-29 10:00:00+09:00,11950.0,12000.0,11750.0,11850.0,5131,0.0,0.0
2022-08-29 11:00:00+09:00,11850.0,11950.0,11800.0,11900.0,2070,0.0,0.0
2022-08-29 12:00:00+09:00,11900.0,12000.0,11900.0,11900.0,1439,0.0,0.0
2022-08-29 13:00:00+09:00,11900.0,12000.0,11850.0,12000.0,2352,0.0,0.0
2022-08-29 14:00:00+09:00,12000.0,12050.0,11850.0,11950.0,5431,0.0,0.0
2022-08-30 09:00:00+09:00,11850.0,12100.0,11850.0,12050.0,9480,0.0,0.0
2022-08-30 10:00:00+09:00,12050.0,12200.0,12000.0,12150.0,3973,0.0,0.0
2022-08-30 11:00:00+09:00,12100.0,12150.0,12000.0,12150.0,1461,0.0,0.0
2022-08-30 12:00:00+09:00,12150.0,12200.0,12050.0,12200.0,1414,0.0,0.0
2022-08-30 13:00:00+09:00,12200.0,12250.0,12150.0,12250.0,1959,0.0,0.0
2022-08-30 14:00:00+09:00,12250.0,12300.0,12200.0,12300.0,4315,0.0,0.0
2022-08-31 09:00:00+09:00,12350.0,12350.0,12100.0,12200.0,11348,0.0,0.0
2022-08-31 10:00:00+09:00,12200.0,12300.0,12150.0,12250.0,2660,0.0,0.0
2022-08-31 11:00:00+09:00,12250.0,12300.0,12200.0,12300.0,1078,0.0,0.0
2022-08-31 12:00:00+09:00,12300.0,12400.0,12250.0,12350.0,3849,0.0,0.0
2022-08-31 13:00:00+09:00,12300.0,12400.0,12300.0,12350.0,4723,0.0,0.0
2022-08-31 14:00:00+09:00,12350.0,12400.0,12200.0,12200.0,0,0.0,0.0
2022-09-01 09:00:00+09:00,12300.0,12350.0,12050.0,12200.0,10362,0.0,0.0
2022-09-01 10:00:00+09:00,12200.0,12250.0,12100.0,12200.0,1759,0.0,0.0
2022-09-01 11:00:00+09:00,12200.0,12200.0,12100.0,12150.0,1239,0.0,0.0
2022-09-01 12:00:00+09:00,12150.0,12150.0,11950.0,12050.0,8004,0.0,0.0
2022-09-01 13:00:00+09:00,11950.0,12150.0,11950.0,12000.0,1386,0.0,0.0
2022-09-01 14:00:00+09:00,12000.0,12050.0,11850.0,11850.0,4114,0.0,0.0
2022-09-02 09:00:00+09:00,11800.0,11850.0,11500.0,11600.0,17338,0.0,0.0
2022-09-02 10:00:00+09:00,11600.0,11700.0,11500.0,11650.0,2724,0.0,0.0
2022-09-02 11:00:00+09:00,11650.0,11750.0,11550.0,11600.0,4209,0.0,0.0
2022-09-02 12:00:00+09:00,11600.0,11600.0,11450.0,11600.0,2481,0.0,0.0
2022-09-02 13:00:00+09:00,11600.0,11650.0,11550.0,11600.0,1338,0.0,0.0
2022-09-02 14:00:00+09:00,11600.0,11650.0,11450.0,11550.0,6801,0.0,0.0
2022-09-05 09:00:00+09:00,11400.0,11600.0,11350.0,11500.0,6725,0.0,0.0
2022-09-05 10:00:00+09:00,11500.0,11600.0,11450.0,11500.0,1936,0.0,0.0
2022-09-05 11:00:00+09:00,11500.0,11550.0,11450.0,11500.0,1574,0.0,0.0
2022-09-05 12:00:00+09:00,11450.0,11550.0,11450.0,11450.0,1490,0.0,0.0
2022-09-05 13:00:00+09:00,11450.0,11550.0,11400.0,11400.0,1522,0.0,0.0
2022-09-05 14:00:00+09:00,11450.0,11450.0,11250.0,11300.0,5849,0.0,0.0
2022-09-06 09:00:00+09:00,11350.0,11600.0,11350.0,11550.0,4207,0.0,0.0
2022-09-06 10:00:00+09:00,11600.0,11600.0,11500.0,11550.0,647,0.0,0.0
2022-09-06 11:00:00+09:00,11550.0,11550.0,11450.0,11450.0,526,0.0,0.0
2022-09-06 12:00:00+09:00,11450.0,11550.0,11450.0,11550.0,1269,0.0,0.0
2022-09-06 13:00:00+09:00,11550.0,11600.0,11500.0,11550.0,0,0.0,0.0
2022-09-06 14:00:00+09:00,11550.0,11600.0,11500.0,11600.0,8826,0.0,0.0
2022-09-07 09:00:00+09:00,11650.0,11700.0,11150.0,11300.0,7837,0.0,0.0
2022-09-07 10:00:00+09:00,11300.0,11300.0,11100.0,11150.0,6738,0.0,0.0
2022-09-07 11:00:00+09:00,11200.0,11500.0,11050.0,11200.0,7478,0.0,0.0
2022-09-07 12:00:00+09:00,11200.0,11250.0,11150.0,11250.0,2599,0.0,0.0
2022-09-07 13:00:00+09:00,11150.0,11300.0,11100.0,11100.0,4928,0.0,0.0
2022-09-07 14:00:00+09:00,11150.0,11300.0,11100.0,11200.0,2108,0.0,0.0
2022-09-08 09:00:00+09:00,11250.0,11600.0,11200.0,11300.0,9300,0.0,0.0
2022-09-08 10:00:00+09:00,11250.0,11350.0,11150.0,11250.0,2005,0.0,0.0
2022-09-08 11:00:00+09:00,11200.0,11300.0,11200.0,11250.0,911,0.0,0.0
2022-09-08 12:00:00+09:00,11250.0,11350.0,11250.0,11300.0,1418,0.0,0.0
2022-09-08 13:00:00+09:00,11250.0,11300.0,11100.0,11150.0,5413,0.0,0.0
2022-09-08 14:00:00+09:00,11150.0,11200.0,11000.0,11050.0,7107,0.0,0.0
2022-09-13 09:00:00+09:00,11300.0,11550.0,11300.0,11500.0,0,0.0,0.0
2022-09-13 10:00:00+09:00,11400.0,11500.0,11400.0,11450.0,2397,0.0,0.0
2022-09-13 11:00:00+09:00,11450.0,11500.0,11350.0,11450.0,5500,0.0,0.0
2022-09-13 12:00:00+09:00,11400.0,11450.0,11400.0,11450.0,535,0.0,0.0
2022-09-13 13:00:00+09:00,11400.0,11450.0,11350.0,11400.0,5494,0.0,0.0
2022-09-13 14:00:00+09:00,11400.0,11450.0,11350.0,11350.0,7271,0.0,0.0
2022-09-14 09:00:00+09:00,11150.0,11200.0,10950.0,11100.0,11883,0.0,0.0
2022-09-14 10:00:00+09:00,11100.0,11200.0,11050.0,11150.0,1886,0.0,0.0
2022-09-14 11:00:00+09:00,11200.0,11200.0,11150.0,11150.0,1194,0.0,0.0
2022-09-14 12:00:00+09:00,11150.0,11200.0,11050.0,11150.0,3274,0.0,0.0
2022-09-14 13:00:00+09:00,11150.0,11200.0,11000.0,11150.0,6544,0.0,0.0
2022-09-14 14:00:00+09:00,11150.0,11150.0,11050.0,11050.0,581,0.0,0.0
2022-09-15 09:00:00+09:00,11050.0,11250.0,11000.0,11250.0,6950,0.0,0.0
2022-09-15 10:00:00+09:00,11200.0,11250.0,11100.0,11200.0,2380,0.0,0.0
2022-09-15 11:00:00+09:00,11200.0,11250.0,11100.0,11200.0,1018,0.0,0.0
2022-09-15 12:00:00+09:00,11200.0,11250.0,11150.0,11200.0,747,0.0,0.0
2022-09-15 13:00:00+09:00,11150.0,12650.0,11150.0,12300.0,318130,0.0,0.0
2022-09-15 14:00:00+09:00,12200.0,14300.0,11950.0,14300.0,2236447,0.0,0.0
2022-09-16 09:00:00+09:00,15700.0,16450.0,14900.0,15300.0,2148978,0.0,0.0
2022-09-16 10:00:00+09:00,15250.0,15500.0,14800.0,15250.0,317525,0.0,0.0
2022-09-16 11:00:00+09:00,15200.0,15200.0,14800.0,14900.0,91032,0.0,0.0
2022-09-16 12:00:00+09:00,14900.0,15100.0,14450.0,14950.0,228391,0.0,0.0
2022-09-16 13:00:00+09:00,14950.0,15150.0,14700.0,15100.0,89772,0.0,0.0
2022-09-16 14:00:00+09:00,15050.0,15150.0,14900.0,14950.0,84696,0.0,0.0
2022-09-19 09:00:00+09:00,15450.0,15500.0,14700.0,15200.0,412952,0.0,0.0
2022-09-19 10:00:00+09:00,15150.0,16900.0,15100.0,16300.0,2131263,0.0,0.0
2022-09-19 11:00:00+09:00,16250.0,16950.0,15600.0,15900.0,807339,0.0,0.0
2022-09-19 12:00:00+09:00,15900.0,15950.0,15300.0,15550.0,210089,0.0,0.0
2022-09-19 13:00:00+09:00,15550.0,15700.0,15050.0,15400.0,132107,0.0,0.0
2022-09-19 14:00:00+09:00,15400.0,15450.0,15000.0,15300.0,106315,0.0,0.0
2022-09-20 09:00:00+09:00,15300.0,15700.0,15150.0,15550.0,310384,0.0,0.0
2022-09-20 10:00:00+09:00,15500.0,16450.0,15400.0,15650.0,631787,0.0,0.0
2022-09-20 11:00:00+09:00,15700.0,16600.0,15550.0,16200.0,470382,0.0,0.0
2022-09-20 12:00:00+09:00,16150.0,16600.0,15600.0,15700.0,496465,0.0,0.0
2022-09-20 13:00:00+09:00,15700.0,16100.0,15700.0,15750.0,102582,0.0,0.0
2022-09-20 14:00:00+09:00,15750.0,15850.0,15350.0,15700.0,110917,0.0,0.0
2022-09-21 09:00:00+09:00,16300.0,17700.0,16200.0,16250.0,1747785,0.0,0.0
2022-09-21 10:00:00+09:00,16250.0,16750.0,16200.0,16400.0,167384,0.0,0.0
2022-09-21 11:00:00+09:00,16350.0,16550.0,15500.0,15900.0,187822,0.0,0.0
2022-09-21 12:00:00+09:00,15900.0,16050.0,15350.0,15800.0,129296,0.0,0.0
2022-09-21 13:00:00+09:00,15800.0,15800.0,15500.0,15750.0,47855,0.0,0.0
2022-09-21 14:00:00+09:00,15750.0,16150.0,15650.0,16100.0,85914,0.0,0.0
2022-09-22 09:00:00+09:00,16200.0,16850.0,15750.0,15950.0,791589,0.0,0.0
2022-09-22 10:00:00+09:00,15950.0,16050.0,15550.0,15650.0,101038,0.0,0.0
2022-09-22 11:00:00+09:00,15700.0,15950.0,15650.0,15900.0,36930,0.0,0.0
2022-09-22 12:00:00+09:00,15900.0,16150.0,15850.0,16050.0,37742,0.0,0.0
2022-09-22 13:00:00+09:00,16100.0,16150.0,15700.0,15850.0,44120,0.0,0.0
2022-09-22 14:00:00+09:00,15800.0,16500.0,15800.0,16200.0,159835,0.0,0.0
2022-09-23 09:00:00+09:00,16100.0,16200.0,15650.0,15850.0,141451,0.0,0.0
2022-09-23 10:00:00+09:00,15800.0,15950.0,15700.0,15800.0,51181,0.0,0.0
2022-09-23 11:00:00+09:00,15800.0,16000.0,15750.0,15850.0,33103,0.0,0.0
2022-09-23 12:00:00+09:00,15800.0,15850.0,15650.0,15650.0,33179,0.0,0.0
2022-09-23 13:00:00+09:00,15650.0,15750.0,14800.0,15200.0,151636,0.0,0.0
2022-09-23 14:00:00+09:00,15250.0,15300.0,14800.0,14850.0,66445,0.0,0.0
2022-09-26 09:00:00+09:00,14650.0,15300.0,14650.0,15000.0,0,0.0,0.0
2022-09-26 10:00:00+09:00,15000.0,15050.0,14800.0,15000.0,26128,0.0,0.0
2022-09-26 11:00:00+09:00,15000.0,15100.0,14850.0,14900.0,43201,0.0,0.0
2022-09-26 12:00:00+09:00,14900.0,14900.0,14500.0,14600.0,36993,0.0,0.0
2022-09-26 13:00:00+09:00,14600.0,14700.0,14250.0,14400.0,59419,0.0,0.0
2022-09-26 14:00:00+09:00,14350.0,14400.0,13950.0,14300.0,86348,0.0,0.0
2022-09-27 09:00:00+09:00,13850.0,14250.0,13750.0,14150.0,112423,0.0,0.0
2022-09-27 10:00:00+09:00,14150.0,14200.0,13650.0,13750.0,50855,0.0,0.0
2022-09-27 11:00:00+09:00,13800.0,13950.0,13650.0,13950.0,29890,0.0,0.0
2022-09-27 12:00:00+09:00,13950.0,13950.0,13650.0,13800.0,30311,0.0,0.0
2022-09-27 13:00:00+09:00,13800.0,14250.0,13800.0,14000.0,58524,0.0,0.0
2022-09-27 14:00:00+09:00,13950.0,14000.0,13450.0,13850.0,66065,0.0,0.0
2022-09-28 09:00:00+09:00,13800.0,13900.0,13450.0,13550.0,105000,0.0,0.0
2022-09-28 10:00:00+09:00,13550.0,13600.0,12850.0,12950.0,124545,0.0,0.0
2022-09-28 11:00:00+09:00,12900.0,12950.0,12400.0,12500.0,99068,0.0,0.0
2022-09-28 12:00:00+09:00,12500.0,12650.0,12400.0,12550.0,44677,0.0,0.0
2022-09-28 13:00:00+09:00,12500.0,12550.0,12300.0,12350.0,36081,0.0,0.0
2022-09-28 14:00:00+09:00,12350.0,12650.0,12300.0,12600.0,30214,0.0,0.0
2022-09-29 09:00:00+09:00,12550.0,12650.0,12200.0,12300.0,96213,0.0,0.0
2022-09-29 10:00:00+09:00,12300.0,12550.0,12300.0,12500.0,19454,0.0,0.0
2022-09-29 11:00:00+09:00,12500.0,12500.0,11950.0,12000.0,80222,0.0,0.0
2022-09-29 12:00:00+09:00,12150.0,12350.0,11950.0,12200.0,40618,0.0,0.0
2022-09-29 13:00:00+09:00,12200.0,12300.0,12050.0,12150.0,21387,0.0,0.0
2022-09-29 14:00:00+09:00,12100.0,12200.0,11800.0,11900.0,40605,0.0,0.0
2022-09-30 09:00:00+09:00,11400.0,11800.0,11400.0,11450.0,60249,0.0,0.0
2022-09-30 10:00:00+09:00,11450.0,11700.0,11400.0,11700.0,17942,0.0,0.0
2022-09-30 11:00:00+09:00,11650.0,11850.0,11600.0,11850.0,18191,0.0,0.0
2022-09-30 12:00:00+09:00,11850.0,11900.0,11600.0,11650.0,16339,0.0,0.0
2022-09-30 13:00:00+09:00,11700.0,11700.0,11550.0,11700.0,7805,0.0,0.0
2022-09-30 14:00:00+09:00,11700.0,11800.0,11600.0,11650.0,12433,0.0,0.0
2022-10-04 09:00:00+09:00,11750.0,11850.0,11600.0,11800.0,49749,0.0,0.0
2022-10-04 10:00:00+09:00,11800.0,11800.0,11650.0,11700.0,14024,0.0,0.0
2022-10-04 11:00:00+09:00,11750.0,11800.0,11550.0,11650.0,30594,0.0,0.0
2022-10-04 12:00:00+09:00,11650.0,11800.0,11650.0,11800.0,20039,0.0,0.0
2022-10-04 13:00:00+09:00,11800.0,11850.0,11700.0,11800.0,23665,0.0,0.0
2022-10-04 14:00:00+09:00,11800.0,11900.0,11700.0,11850.0,24719,0.0,0.0
2022-10-05 09:00:00+09:00,12150.0,12200.0,11700.0,11750.0,63218,0.0,0.0
2022-10-05 10:00:00+09:00,11850.0,11900.0,11750.0,11750.0,16766,0.0,0.0
2022-10-05 11:00:00+09:00,11750.0,11800.0,11500.0,11550.0,28983,0.0,0.0
2022-10-05 12:00:00+09:00,11500.0,11600.0,11450.0,11500.0,21355,0.0,0.0
2022-10-05 13:00:00+09:00,11500.0,11550.0,11300.0,11500.0,19328,0.0,0.0
2022-10-05 14:00:00+09:00,11500.0,11650.0,11500.0,11650.0,7489,0.0,0.0
2022-10-06 09:00:00+09:00,11900.0,12500.0,11800.0,12050.0,112355,0.0,0.0
2022-10-06 10:00:00+09:00,12050.0,13200.0,12050.0,12400.0,681321,0.0,0.0
2022-10-06 11:00:00+09:00,12400.0,12550.0,12300.0,12450.0,39993,0.0,0.0
2022-10-06 12:00:00+09:00,12400.0,12600.0,12350.0,12500.0,37623,0.0,0.0
2022-10-06 13:00:00+09:00,12500.0,12600.0,12400.0,12450.0,27480,0.0,0.0
2022-10-06 14:00:00+09:00,12450.0,12650.0,12400.0,12500.0,22110,0.0,0.0
2022-10-07 09:00:00+09:00,12650.0,12900.0,12500.0,12550.0,102573,0.0,0.0
2022-10-07 10:00:00+09:00,12550.0,12750.0,12500.0,12600.0,26971,0.0,0.0
2022-10-07 11:00:00+09:00,12600.0,12750.0,12600.0,12750.0,13700,0.0,0.0
2022-10-07 12:00:00+09:00,12650.0,12750.0,12600.0,12700.0,15375,0.0,0.0
2022-10-07 13:00:00+09:00,12750.0,12750.0,12550.0,12550.0,15954,0.0,0.0
2022-10-07 14:00:00+09:00,12550.0,12750.0,12550.0,12650.0,14639,0.0,0.0
2022-10-11 09:00:00+09:00,12250.0,12850.0,12150.0,12800.0,56498,0.0,0.0
2022-10-11 10:00:00+09:00,12800.0,12850.0,12500.0,12550.0,46986,0.0,0.0
2022-10-11 11:00:00+09:00,12600.0,12900.0,12450.0,12650.0,21965,0.0,0.0
2022-10-11 12:00:00+09:00,12750.0,13200.0,12650.0,12650.0,102551,0.0,0.0
2022-10-11 13:00:00+09:00,12650.0,13150.0,12650.0,12750.0,56530,0.0,0.0
2022-10-11 14:00:00+09:00,12750.0,12850.0,12650.0,12750.0,19785,0.0,0.0
2022-10-12 09:00:00+09:00,12600.0,12800.0,12050.0,12250.0,0,0.0,0.0
2022-10-12 10:00:00+09:00,12250.0,12400.0,11550.0,11650.0,60331,0.0,0.0
2022-10-12 11:00:00+09:00,11650.0,11750.0,11500.0,11650.0,21794,0.0,0.0
2022-10-12 12:00:00+09:00,11650.0,11800.0,11650.0,11800.0,11626,0.0,0.0
2022-10-12 13:00:00+09:00,11750.0,11900.0,11700.0,11900.0,13654,0.0,0.0
2022-10-12 14:00:00+09:00,11950.0,12050.0,11700.0,11850.0,29330,0.0,0.0
2022-10-13 09:00:00+09:00,12000.0,12000.0,11450.0,11700.0,0,0.0,0.0
2022-10-13 10:00:00+09:00,11700.0,11800.0,11500.0,11750.0,16671,0.0,0.0
2022-10-13 11:00:00+09:00,11700.0,11750.0,11450.0,11550.0,16608,0.0,0.0
2022-10-13 12:00:00+09:00,11550.0,11650.0,11450.0,11550.0,9619,0.0,0.0
2022-10-13 13:00:00+09:00,11500.0,11600.0,11350.0,11400.0,13147,0.0,0.0
2022-10-13 14:00:00+09:00,11450.0,11450.0,11250.0,11350.0,20378,0.0,0.0
2022-10-14 09:00:00+09:00,11700.0,11850.0,11600.0,11850.0,0,0.0,0.0
2022-10-14 10:00:00+09:00,11750.0,12150.0,11750.0,12100.0,18051,0.0,0.0
2022-10-14 11:00:00+09:00,12100.0,12150.0,12000.0,12050.0,18496,0.0,0.0
2022-10-14 12:00:00+09:00,12050.0,12200.0,11950.0,12200.0,9594,0.0,0.0
2022-10-14 13:00:00+09:00,12200.0,12200.0,12000.0,12050.0,4908,0.0,0.0
2022-10-14 14:00:00+09:00,12100.0,12300.0,12050.0,12200.0,15017,0.0,0.0
2022-10-17 09:00:00+09:00,12050.0,13150.0,12050.0,12800.0,151177,0.0,0.0
2022-10-17 10:00:00+09:00,12800.0,13250.0,12700.0,12900.0,204757,0.0,0.0
2022-10-17 11:00:00+09:00,13000.0,14000.0,12900.0,13650.0,443727,0.0,0.0
2022-10-17 12:00:00+09:00,13700.0,13800.0,13150.0,13400.0,138232,0.0,0.0
2022-10-17 13:00:00+09:00,13400.0,13400.0,12850.0,13200.0,95270,0.0,0.0
2022-10-17 14:00:00+09:00,13200.0,13350.0,13100.0,13150.0,28237,0.0,0.0
2022-10-18 09:00:00+09:00,13050.0,13450.0,13050.0,13350.0,0,0.0,0.0
2022-10-18 10:00:00+09:00,13350.0,13450.0,12800.0,13400.0,78704,0.0,0.0
2022-10-18 11:00:00+09:00,13350.0,13450.0,13200.0,13300.0,24113,0.0,0.0
2022-10-18 12:00:00+09:00,13300.0,13550.0,13300.0,13450.0,17260,0.0,0.0
2022-10-18 13:00:00+09:00,13550.0,13600.0,13400.0,13450.0,17930,0.0,0.0
2022-10-18 14:00:00+09:00,13450.0,13500.0,13350.0,13450.0,13954,0.0,0.0
2022-10-19 09:00:00+09:00,13550.0,13600.0,12850.0,13000.0,0,0.0,0.0
2022-10-19 10:00:00+09:00,13000.0,13150.0,12900.0,13050.0,16599,0.0,0.0
2022-10-19 11:00:00+09:00,13050.0,13100.0,12900.0,13000.0,10232,0.0,0.0
2022-10-19 12:00:00+09:00,13000.0,13050.0,12900.0,13000.0,5279,0.0,0.0
2022-10-19 13:00:00+09:00,13000.0,13000.0,12750.0,12900.0,14372,0.0,0.0
2022-10-19 14:00:00+09:00,12900.0,12950.0,12650.0,12700.0,25324,0.0,0.0
2022-10-20 09:00:00+09:00,12650.0,13050.0,12600.0,12900.0,0,0.0,0.0
2022-10-20 10:00:00+09:00,12900.0,12900.0,12500.0,12550.0,14931,0.0,0.0
2022-10-20 11:00:00+09:00,12550.0,12800.0,12500.0,12700.0,7702,0.0,0.0
2022-10-20 12:00:00+09:00,12650.0,12700.0,12450.0,12550.0,22616,0.0,0.0
2022-10-20 13:00:00+09:00,12600.0,12600.0,12450.0,12450.0,5423,0.0,0.0
2022-10-20 14:00:00+09:00,12500.0,12650.0,12150.0,12450.0,42578,0.0,0.0
2022-10-21 09:00:00+09:00,12500.0,12900.0,12400.0,12850.0,0,0.0,0.0
2022-10-21 10:00:00+09:00,12850.0,12850.0,12300.0,12400.0,17497,0.0,0.0
2022-10-21 11:00:00+09:00,12350.0,12400.0,12200.0,12200.0,9907,0.0,0.0
2022-10-21 12:00:00+09:00,12250.0,12350.0,12200.0,12200.0,9837,0.0,0.0
2022-10-21 13:00:00+09:00,12200.0,12300.0,12000.0,12100.0,11366,0.0,0.0
2022-10-21 14:00:00+09:00,12100.0,12100.0,11900.0,11900.0,16214,0.0,0.0
2022-10-24 09:00:00+09:00,11800.0,12050.0,11600.0,11900.0,0,0.0,0.0
2022-10-24 10:00:00+09:00,11950.0,11950.0,11750.0,11850.0,11664,0.0,0.0
2022-10-24 11:00:00+09:00,11750.0,11900.0,11750.0,11900.0,3094,0.0,0.0
2022-10-24 12:00:00+09:00,11900.0,11900.0,11700.0,11750.0,5135,0.0,0.0
2022-10-24 13:00:00+09:00,11700.0,11800.0,11600.0,11750.0,10059,0.0,0.0
2022-10-24 14:00:00+09:00,11750.0,11750.0,11400.0,11500.0,15698,0.0,0.0
2022-10-25 09:00:00+09:00,11650.0,11700.0,11500.0,11550.0,0,0.0,0.0
2022-10-25 10:00:00+09:00,11600.0,11800.0,11500.0,11700.0,12823,0.0,0.0
2022-10-25 11:00:00+09:00,11700.0,11750.0,11500.0,11550.0,6335,0.0,0.0
2022-10-25 12:00:00+09:00,11700.0,11700.0,11550.0,11650.0,2746,0.0,0.0
2022-10-25 13:00:00+09:00,11650.0,11750.0,11600.0,11650.0,6886,0.0,0.0
2022-10-25 14:00:00+09:00,11650.0,11650.0,11450.0,11500.0,10845,0.0,0.0
2022-10-26 09:00:00+09:00,11750.0,11800.0,11250.0,11300.0,0,0.0,0.0
2022-10-26 10:00:00+09:00,11300.0,11400.0,11200.0,11250.0,16162,0.0,0.0
2022-10-26 11:00:00+09:00,11250.0,11400.0,11200.0,11400.0,8219,0.0,0.0
2022-10-26 12:00:00+09:00,11400.0,11400.0,11200.0,11250.0,14200,0.0,0.0
2022-10-26 13:00:00+09:00,11250.0,11300.0,11000.0,11100.0,29444,0.0,0.0
2022-10-26 14:00:00+09:00,11100.0,11150.0,11050.0,11050.0,14016,0.0,0.0
2022-10-27 09:00:00+09:00,10900.0,11250.0,10900.0,11100.0,0,0.0,0.0
2022-10-27 10:00:00+09:00,11100.0,11150.0,11000.0,11100.0,6795,0.0,0.0
2022-10-27 11:00:00+09:00,11100.0,11150.0,10700.0,10800.0,33051,0.0,0.0
2022-10-27 12:00:00+09:00,10750.0,10800.0,10450.0,10650.0,37433,0.0,0.0
2022-10-27 13:00:00+09:00,10600.0,10700.0,10550.0,10700.0,4354,0.0,0.0
2022-10-27 14:00:00+09:00,10700.0,10700.0,10550.0,10650.0,8583,0.0,0.0
2022-10-28 09:00:00+09:00,10550.0,10600.0,10300.0,10450.0,0,0.0,0.0
2022-10-28 10:00:00+09:00,10450.0,10600.0,10450.0,10500.0,7383,0.0,0.0
2022-10-28 11:00:00+09:00,10500.0,10550.0,10400.0,10500.0,14065,0.0,0.0
2022-10-28 12:00:00+09:00,10450.0,10500.0,10400.0,10500.0,5171,0.0,0.0
2022-10-28 13:00:00+09:00,10500.0,10550.0,10400.0,10550.0,5927,0.0,0.0
2022-10-28 14:00:00+09:00,10450.0,10550.0,10450.0,10450.0,8339,0.0,0.0
2022-10-31 09:00:00+09:00,10700.0,10950.0,10650.0,10800.0,0,0.0,0.0
2022-10-31 10:00:00+09:00,10800.0,10950.0,10650.0,10950.0,13200,0.0,0.0
2022-10-31 11:00:00+09:00,10950.0,11150.0,10900.0,11150.0,17911,0.0,0.0
2022-10-31 12:00:00+09:00,11100.0,11200.0,11050.0,11050.0,6125,0.0,0.0
2022-10-31 13:00:00+09:00,11050.0,11150.0,11000.0,11050.0,4479,0.0,0.0
2022-10-31 14:00:00+09:00,11050.0,11150.0,10950.0,11050.0,5165,0.0,0.0
2022-11-01 09:00:00+09:00,11050.0,11300.0,11000.0,11250.0,0,0.0,0.0
2022-11-01 10:00:00+09:00,11250.0,11500.0,11250.0,11500.0,11802,0.0,0.0
2022-11-01 11:00:00+09:00,11500.0,11500.0,11350.0,11500.0,15011,0.0,0.0
2022-11-01 12:00:00+09:00,11500.0,11550.0,11400.0,11550.0,7650,0.0,0.0
2022-11-01 13:00:00+09:00,11500.0,11550.0,11400.0,11500.0,8028,0.0,0.0
2022-11-01 14:00:00+09:00,11450.0,11550.0,11400.0,11500.0,3243,0.0,0.0
2022-11-02 09:00:00+09:00,11150.0,11450.0,11150.0,11300.0,0,0.0,0.0
2022-11-02 10:00:00+09:00,11300.0,11400.0,11250.0,11400.0,5007,0.0,0.0
2022-11-02 11:00:00+09:00,11400.0,11400.0,11200.0,11300.0,5619,0.0,0.0
2022-11-02 12:00:00+09:00,11300.0,11350.0,11250.0,11300.0,4591,0.0,0.0
2022-11-02 13:00:00+09:00,11300.0,11350.0,11250.0,11350.0,3165,0.0,0.0
2022-11-02 14:00:00+09:00,11350.0,11500.0,11350.0,11500.0,4630,0.0,0.0
2022-11-03 09:00:00+09:00,11000.0,11250.0,11000.0,11200.0,0,0.0,0.0
2022-11-03 10:00:00+09:00,11250.0,11500.0,11200.0,11500.0,6275,0.0,0.0
2022-11-03 11:00:00+09:00,11450.0,11450.0,11300.0,11400.0,2898,0.0,0.0
2022-11-03 12:00:00+09:00,11400.0,11400.0,11300.0,11400.0,813,0.0,0.0
2022-11-03 13:00:00+09:00,11350.0,11400.0,11300.0,11400.0,1338,0.0,0.0
2022-11-03 14:00:00+09:00,11350.0,11400.0,11250.0,11350.0,4901,0.0,0.0
2022-11-04 09:00:00+09:00,11050.0,11300.0,11050.0,11100.0,0,0.0,0.0
2022-11-04 10:00:00+09:00,11000.0,11200.0,10900.0,11200.0,6411,0.0,0.0
2022-11-04 11:00:00+09:00,11200.0,11250.0,11100.0,11200.0,3606,0.0,0.0
2022-11-04 12:00:00+09:00,11200.0,11200.0,11050.0,11050.0,979,0.0,0.0
2022-11-04 13:00:00+09:00,11150.0,11200.0,11050.0,11150.0,3371,0.0,0.0
2022-11-04 14:00:00+09:00,11200.0,11300.0,11100.0,11200.0,4438,0.0,0.0
2022-11-07 09:00:00+09:00,11200.0,11350.0,11150.0,11300.0,0,0.0,0.0
2022-11-07 10:00:00+09:00,11250.0,11400.0,11150.0,11250.0,4321,0.0,0.0
2022-11-07 11:00:00+09:00,11250.0,11450.0,11200.0,11450.0,3764,0.0,0.0
2022-11-07 12:00:00+09:00,11500.0,11650.0,11450.0,11550.0,5349,0.0,0.0
2022-11-07 13:00:00+09:00,11500.0,11600.0,11500.0,11550.0,4350,0.0,0.0
2022-11-07 14:00:00+09:00,11550.0,11600.0,11450.0,11500.0,3479,0.0,0.0
2022-11-08 09:00:00+09:00,12100.0,12550.0,11850.0,12050.0,74163,0.0,0.0
2022-11-08 10:00:00+09:00,12000.0,12050.0,11750.0,12000.0,17063,0.0,0.0
2022-11-08 11:00:00+09:00,12000.0,12100.0,11950.0,12050.0,4119,0.0,0.0
2022-11-08 12:00:00+09:00,12050.0,12150.0,11950.0,12100.0,7809,0.0,0.0
2022-11-08 13:00:00+09:00,12100.0,12100.0,11850.0,11950.0,12847,0.0,0.0
2022-11-08 14:00:00+09:00,11900.0,12100.0,11900.0,12100.0,7959,0.0,0.0
2022-11-09 09:00:00+09:00,11900.0,12350.0,11900.0,12300.0,24286,0.0,0.0
2022-11-09 10:00:00+09:00,12300.0,12300.0,12050.0,12100.0,11349,0.0,0.0
2022-11-09 11:00:00+09:00,12100.0,12100.0,11950.0,12050.0,3235,0.0,0.0
2022-11-09 12:00:00+09:00,12000.0,12050.0,11800.0,11900.0,6713,0.0,0.0
2022-11-09 13:00:00+09:00,11900.0,11900.0,11600.0,11800.0,13478,0.0,0.0
2022-11-09 14:00:00+09:00,11800.0,11850.0,11750.0,11850.0,3059,0.0,0.0
2022-11-10 09:00:00+09:00,11750.0,11850.0,11200.0,11450.0,3547,0.0,0.0
2022-11-10 10:00:00+09:00,11400.0,11450.0,11200.0,11250.0,22626,0.0,0.0
2022-11-10 11:00:00+09:00,11250.0,11400.0,11200.0,11300.0,11581,0.0,0.0
2022-11-10 12:00:00+09:00,11300.0,11400.0,11300.0,11350.0,2217,0.0,0.0
2022-11-10 13:00:00+09:00,11300.0,11400.0,11300.0,11400.0,8438,0.0,0.0
2022-11-10 14:00:00+09:00,11350.0,11400.0,11250.0,11350.0,8497,0.0,0.0
2022-11-11 09:00:00+09:00,11700.0,11750.0,11500.0,11600.0,0,0.0,0.0
2022-11-11 10:00:00+09:00,11600.0,11950.0,11600.0,11900.0,20369,0.0,0.0
2022-11-11 11:00:00+09:00,11900.0,11950.0,11800.0,11850.0,9661,0.0,0.0
2022-11-11 12:00:00+09:00,11850.0,11850.0,11700.0,11850.0,4313,0.0,0.0
2022-11-11 13:00:00+09:00,11850.0,11900.0,11750.0,11800.0,5055,0.0,0.0
2022-11-11 14:00:00+09:00,11800.0,11950.0,11750.0,11900.0,14763,0.0,0.0
2022-11-14 09:00:00+09:00,12000.0,12250.0,12000.0,12150.0,0,0.0,0.0
2022-11-14 10:00:00+09:00,12100.0,12150.0,12000.0,12150.0,3605,0.0,0.0
2022-11-14 11:00:00+09:00,12100.0,12150.0,12050.0,12100.0,2593,0.0,0.0
2022-11-14 12:00:00+09:00,12050.0,12150.0,12050.0,12150.0,3476,0.0,0.0
2022-11-14 13:00:00+09:00,12150.0,12200.0,11950.0,12000.0,6845,0.0,0.0
2022-11-14 14:00:00+09:00,12000.0,12000.0,11850.0,11950.0,11920,0.0,0.0
2022-11-15 09:00:00+09:00,11900.0,12500.0,11850.0,12350.0,0,0.0,0.0
2022-11-15 10:00:00+09:00,12350.0,12500.0,12250.0,12500.0,19720,0.0,0.0
2022-11-15 11:00:00+09:00,12500.0,12600.0,12400.0,12450.0,18609,0.0,0.0
2022-11-15 12:00:00+09:00,12450.0,12500.0,12300.0,12300.0,7556,0.0,0.0
2022-11-15 13:00:00+09:00,12300.0,12350.0,12150.0,12150.0,14378,0.0,0.0
2022-11-15 14:00:00+09:00,12200.0,12350.0,12150.0,12300.0,7985,0.0,0.0
2022-11-16 09:00:00+09:00,12300.0,12300.0,11600.0,11750.0,0,0.0,0.0
2022-11-16 10:00:00+09:00,11750.0,11750.0,11600.0,11750.0,17799,0.0,0.0
2022-11-16 11:00:00+09:00,11750.0,11900.0,11700.0,11850.0,9128,0.0,0.0
2022-11-16 12:00:00+09:00,11800.0,11850.0,11700.0,11800.0,6639,0.0,0.0
2022-11-16 13:00:00+09:00,11800.0,11850.0,11750.0,11800.0,13794,0.0,0.0
2022-11-16 14:00:00+09:00,11750.0,11950.0,11700.0,11850.0,15275,0.0,0.0
2022-11-17 10:00:00+09:00,11750.0,12050.0,11700.0,11800.0,16719,0.0,0.0
2022-11-17 11:00:00+09:00,11800.0,11900.0,11700.0,11750.0,7350,0.0,0.0
2022-11-17 12:00:00+09:00,11750.0,11900.0,11650.0,11750.0,9671,0.0,0.0
2022-11-17 13:00:00+09:00,11750.0,12050.0,11750.0,11850.0,13852,0.0,0.0
2022-11-17 14:00:00+09:00,11850.0,12000.0,11850.0,12000.0,6617,0.0,0.0
2022-11-18 09:00:00+09:00,12000.0,12250.0,11850.0,11950.0,0,0.0,0.0
2022-11-18 10:00:00+09:00,11900.0,12050.0,11850.0,11900.0,14299,0.0,0.0
2022-11-18 11:00:00+09:00,11900.0,11950.0,11850.0,11900.0,0,0.0,0.0
2022-11-18 12:00:00+09:00,11900.0,12150.0,11900.0,12000.0,31458,0.0,0.0
2022-11-18 13:00:00+09:00,12050.0,12100.0,11750.0,11750.0,16120,0.0,0.0
2022-11-18 14:00:00+09:00,11850.0,12000.0,11750.0,11800.0,9383,0.0,0.0
2022-11-21 09:00:00+09:00,11750.0,11750.0,11350.0,11350.0,0,0.0,0.0
2022-11-21 10:00:00+09:00,11350.0,11400.0,11200.0,11250.0,16270,0.0,0.0
2022-11-21 11:00:00+09:00,11300.0,11350.0,11250.0,11300.0,3803,0.0,0.0
2022-11-21 12:00:00+09:00,11300.0,11350.0,11250.0,11350.0,5697,0.0,0.0
2022-11-21 13:00:00+09:00,11300.0,11400.0,11250.0,11350.0,4333,0.0,0.0
2022-11-21 14:00:00+09:00,11250.0,11350.0,11100.0,11250.0,14922,0.0,0.0
2022-11-22 09:00:00+09:00,11050.0,11200.0,11000.0,11050.0,0,0.0,0.0
2022-11-22 10:00:00+09:00,11050.0,11100.0,10950.0,11000.0,7127,0.0,0.0
2022-11-22 11:00:00+09:00,11050.0,11100.0,11000.0,11050.0,4409,0.0,0.0
2022-11-22 12:00:00+09:00,11050.0,11100.0,11000.0,11050.0,4783,0.0,0.0
2022-11-22 13:00:00+09:00,11000.0,11050.0,10900.0,10950.0,10193,0.0,0.0
2022-11-22 14:00:00+09:00,10950.0,11000.0,10900.0,10950.0,6194,0.0,0.0
2022-11-23 09:00:00+09:00,10950.0,11150.0,10950.0,11100.0,0,0.0,0.0
2022-11-23 10:00:00+09:00,11100.0,11250.0,11000.0,11150.0,9090,0.0,0.0
2022-11-23 11:00:00+09:00,11200.0,11250.0,11150.0,11250.0,4285,0.0,0.0
2022-11-23 12:00:00+09:00,11200.0,11350.0,11150.0,11350.0,8345,0.0,0.0
2022-11-23 13:00:00+09:00,11300.0,11350.0,11150.0,11200.0,9927,0.0,0.0
2022-11-23 14:00:00+09:00,11200.0,11300.0,11150.0,11250.0,8699,0.0,0.0
2022-11-24 09:00:00+09:00,11300.0,11350.0,11150.0,11200.0,0,0.0,0.0
2022-11-24 10:00:00+09:00,11200.0,11500.0,11200.0,11450.0,18698,0.0,0.0
2022-11-24 11:00:00+09:00,11400.0,11500.0,11350.0,11400.0,2402,0.0,0.0
2022-11-24 12:00:00+09:00,11450.0,11500.0,11400.0,11500.0,3839,0.0,0.0
2022-11-24 13:00:00+09:00,11500.0,11550.0,11400.0,11500.0,3564,0.0,0.0
2022-11-24 14:00:00+09:00,11550.0,11550.0,11450.0,11550.0,4764,0.0,0.0
2022-11-25 09:00:00+09:00,11550.0,11600.0,11350.0,11600.0,0,0.0,0.0
2022-11-25 10:00:00+09:00,11500.0,11600.0,11450.0,11600.0,1998,0.0,0.0
2022-11-25 11:00:00+09:00,11550.0,11600.0,11450.0,11550.0,2182,0.0,0.0
2022-11-25 12:00:00+09:00,11550.0,11600.0,11500.0,11550.0,1506,0.0,0.0
2022-11-25 13:00:00+09:00,11550.0,11600.0,11450.0,11550.0,2842,0.0,0.0
2022-11-25 14:00:00+09:00,11500.0,11650.0,11500.0,11650.0,3612,0.0,0.0
2022-11-28 09:00:00+09:00,11750.0,11800.0,11450.0,11600.0,0,0.0,0.0
2022-11-28 10:00:00+09:00,11500.0,11600.0,11300.0,11500.0,14276,0.0,0.0
2022-11-28 11:00:00+09:00,11550.0,11650.0,11400.0,11500.0,3522,0.0,0.0
2022-11-28 12:00:00+09:00,11500.0,11550.0,11450.0,11500.0,2482,0.0,0.0
2022-11-28 13:00:00+09:00,11450.0,11550.0,11450.0,11500.0,2246,0.0,0.0
2022-11-28 14:00:00+09:00,11500.0,11500.0,11350.0,11350.0,3679,0.0,0.0
2022-11-29 09:00:00+09:00,11200.0,11350.0,11150.0,11150.0,0,0.0,0.0
2022-11-29 10:00:00+09:00,11150.0,11150.0,10950.0,11100.0,15968,0.0,0.0
2022-11-29 11:00:00+09:00,11100.0,11150.0,11000.0,11150.0,4812,0.0,0.0
2022-11-29 12:00:00+09:00,11150.0,11250.0,11100.0,11250.0,3600,0.0,0.0
2022-11-29 13:00:00+09:00,11200.0,11300.0,11150.0,11300.0,2563,0.0,0.0
2022-11-29 14:00:00+09:00,11300.0,11350.0,11200.0,11250.0,3730,0.0,0.0
2022-11-30 09:00:00+09:00,11250.0,11350.0,11150.0,11250.0,0,0.0,0.0
2022-11-30 10:00:00+09:00,11300.0,11350.0,11200.0,11250.0,3637,0.0,0.0
2022-11-30 11:00:00+09:00,11300.0,11300.0,11150.0,11250.0,3375,0.0,0.0
2022-11-30 12:00:00+09:00,11300.0,11300.0,11200.0,11300.0,724,0.0,0.0
2022-11-30 13:00:00+09:00,11300.0,11300.0,11200.0,11200.0,4018,0.0,0.0
2022-11-30 14:00:00+09:00,11200.0,11350.0,11200.0,11300.0,4742,0.0,0.0
2022-12-01 09:00:00+09:00,11300.0,11450.0,11250.0,11400.0,0,0.0,0.0
2022-12-01 10:00:00+09:00,11300.0,11400.0,11300.0,11350.0,3198,0.0,0.0
2022-12-01 11:00:00+09:00,11300.0,11350.0,11250.0,11350.0,2885,0.0,0.0
2022-12-01 12:00:00+09:00,11250.0,11350.0,11250.0,11250.0,3250,0.0,0.0
2022-12-01 13:00:00+09:00,11300.0,11350.0,11250.0,11300.0,1597,0.0,0.0
2022-12-01 14:00:00+09:00,11300.0,11450.0,11300.0,11350.0,7381,0.0,0.0
2022-12-02 09:00:00+09:00,11300.0,11300.0,11150.0,11150.0,0,0.0,0.0
2022-12-02 10:00:00+09:00,11200.0,11400.0,11150.0,11300.0,7065,0.0,0.0
2022-12-02 11:00:00+09:00,11250.0,11350.0,11200.0,11250.0,3055,0.0,0.0
2022-12-02 12:00:00+09:00,11250.0,11350.0,11200.0,11250.0,2931,0.0,0.0
2022-12-02 13:00:00+09:00,11300.0,11400.0,11200.0,11200.0,7111,0.0,0.0
2022-12-02 14:00:00+09:00,11300.0,11400.0,11250.0,11350.0,4849,0.0,0.0
2022-12-05 09:00:00+09:00,11200.0,11300.0,11100.0,11200.0,0,0.0,0.0
2022-12-05 10:00:00+09:00,11200.0,11300.0,11150.0,11200.0,4502,0.0,0.0
2022-12-05 11:00:00+09:00,11200.0,11250.0,11150.0,11150.0,3225,0.0,0.0
2022-12-05 12:00:00+09:00,11200.0,11200.0,11150.0,11200.0,2467,0.0,0.0
2022-12-05 13:00:00+09:00,11200.0,11200.0,11100.0,11100.0,5397,0.0,0.0
2022-12-05 14:00:00+09:00,11100.0,11250.0,11100.0,11150.0,3478,0.0,0.0
2022-12-06 09:00:00+09:00,11250.0,12000.0,11050.0,11400.0,0,0.0,0.0
2022-12-06 10:00:00+09:00,11450.0,11650.0,11300.0,11400.0,109096,0.0,0.0
2022-12-06 11:00:00+09:00,11450.0,12050.0,11400.0,11500.0,141193,0.0,0.0
2022-12-06 12:00:00+09:00,11550.0,11600.0,11350.0,11350.0,14890,0.0,0.0
2022-12-06 13:00:00+09:00,11350.0,11400.0,11300.0,11350.0,13035,0.0,0.0
2022-12-06 14:00:00+09:00,11350.0,11350.0,11150.0,11250.0,13330,0.0,0.0
2022-12-07 09:00:00+09:00,11000.0,11050.0,10700.0,10900.0,19237,0.0,0.0
2022-12-07 10:00:00+09:00,10900.0,11050.0,10800.0,11050.0,6736,0.0,0.0
2022-12-07 11:00:00+09:00,11050.0,11100.0,11000.0,11050.0,3656,0.0,0.0
2022-12-07 12:00:00+09:00,11000.0,11100.0,10950.0,11050.0,4385,0.0,0.0
2022-12-07 13:00:00+09:00,11050.0,11100.0,11000.0,11050.0,3572,0.0,0.0
2022-12-07 14:00:00+09:00,11050.0,11300.0,11050.0,11100.0,6844,0.0,0.0
2022-12-08 09:00:00+09:00,10750.0,11050.0,10750.0,10950.0,0,0.0,0.0
2022-12-08 10:00:00+09:00,10950.0,11000.0,10650.0,10750.0,12278,0.0,0.0
2022-12-08 11:00:00+09:00,10750.0,10900.0,10600.0,10850.0,10041,0.0,0.0
2022-12-08 12:00:00+09:00,10800.0,10850.0,10650.0,10700.0,1366,0.0,0.0
2022-12-08 13:00:00+09:00,10750.0,10750.0,10650.0,10650.0,3831,0.0,0.0
2022-12-08 14:00:00+09:00,10650.0,10800.0,10650.0,10650.0,7154,0.0,0.0
2022-12-09 09:00:00+09:00,10650.0,10900.0,10500.0,10600.0,0,0.0,0.0
2022-12-09 10:00:00+09:00,10600.0,10750.0,10550.0,10750.0,5861,0.0,0.0
2022-12-09 11:00:00+09:00,10700.0,10750.0,10600.0,10650.0,2810,0.0,0.0
2022-12-09 12:00:00+09:00,10650.0,10850.0,10600.0,10850.0,6132,0.0,0.0
2022-12-09 13:00:00+09:00,10800.0,10850.0,10750.0,10750.0,2934,0.0,0.0
2022-12-09 14:00:00+09:00,10750.0,10800.0,10650.0,10800.0,5085,0.0,0.0
2022-12-12 09:00:00+09:00,10600.0,10750.0,10550.0,10600.0,0,0.0,0.0
2022-12-12 10:00:00+09:00,10650.0,10850.0,10550.0,10650.0,17111,0.0,0.0
2022-12-12 11:00:00+09:00,10650.0,10750.0,10650.0,10650.0,1901,0.0,0.0
2022-12-12 12:00:00+09:00,10700.0,10800.0,10650.0,10650.0,1214,0.0,0.0
2022-12-12 13:00:00+09:00,10750.0,10750.0,10650.0,10700.0,1587,0.0,0.0
2022-12-12 14:00:00+09:00,10650.0,10750.0,10650.0,10700.0,1236,0.0,0.0
2022-12-13 09:00:00+09:00,10600.0,10900.0,10600.0,10700.0,0,0.0,0.0
2022-12-13 10:00:00+09:00,10650.0,10700.0,10600.0,10650.0,5369,0.0,0.0
2022-12-13 11:00:00+09:00,10700.0,10700.0,10650.0,10700.0,1423,0.0,0.0
2022-12-13 12:00:00+09:00,10650.0,10750.0,10650.0,10700.0,1183,0.0,0.0
2022-12-13 13:00:00+09:00,10700.0,10750.0,10650.0,10650.0,410,0.0,0.0
2022-12-13 14:00:00+09:00,10650.0,10700.0,10650.0,10700.0,1622,0.0,0.0
2022-12-14 09:00:00+09:00,10800.0,10900.0,10650.0,10850.0,0,0.0,0.0
2022-12-14 10:00:00+09:00,10850.0,10900.0,10800.0,10800.0,5587,0.0,0.0
2022-12-14 11:00:00+09:00,10800.0,10850.0,10750.0,10850.0,1912,0.0,0.0
2022-12-14 12:00:00+09:00,10800.0,10850.0,10800.0,10850.0,373,0.0,0.0
2022-12-14 13:00:00+09:00,10850.0,10950.0,10800.0,10900.0,3061,0.0,0.0
2022-12-14 14:00:00+09:00,10900.0,10950.0,10850.0,10900.0,1693,0.0,0.0
2022-12-15 09:00:00+09:00,10950.0,11100.0,10800.0,11050.0,0,0.0,0.0
2022-12-15 10:00:00+09:00,11050.0,11050.0,10850.0,10900.0,4272,0.0,0.0
2022-12-15 11:00:00+09:00,10900.0,10900.0,10750.0,10800.0,3683,0.0,0.0
2022-12-15 12:00:00+09:00,10850.0,10850.0,10750.0,10850.0,7148,0.0,0.0
2022-12-15 13:00:00+09:00,10800.0,10850.0,10700.0,10800.0,7765,0.0,0.0
2022-12-15 14:00:00+09:00,10800.0,10850.0,10750.0,10800.0,790,0.0,0.0
2022-12-16 09:00:00+09:00,10750.0,10750.0,10500.0,10700.0,0,0.0,0.0
2022-12-16 10:00:00+09:00,10700.0,10800.0,10600.0,10700.0,2006,0.0,0.0
2022-12-16 11:00:00+09:00,10700.0,10700.0,10600.0,10650.0,6898,0.0,0.0
2022-12-16 12:00:00+09:00,10650.0,10700.0,10600.0,10700.0,1743,0.0,0.0
2022-12-16 13:00:00+09:00,10650.0,10700.0,10600.0,10700.0,2180,0.0,0.0
2022-12-16 14:00:00+09:00,10650.0,10700.0,10600.0,10600.0,997,0.0,0.0
2022-12-19 09:00:00+09:00,10400.0,10500.0,10300.0,10400.0,14644,0.0,0.0
2022-12-19 10:00:00+09:00,10400.0,10500.0,10350.0,10450.0,3053,0.0,0.0
2022-12-19 11:00:00+09:00,10450.0,10550.0,10450.0,10550.0,2224,0.0,0.0
2022-12-19 12:00:00+09:00,10550.0,10550.0,10500.0,10500.0,2377,0.0,0.0
2022-12-19 13:00:00+09:00,10450.0,10500.0,10450.0,10500.0,3631,0.0,0.0
2022-12-19 14:00:00+09:00,10450.0,10450.0,10400.0,10450.0,2526,0.0,0.0
2022-12-20 09:00:00+09:00,10300.0,10450.0,10100.0,10200.0,0,0.0,0.0
2022-12-20 10:00:00+09:00,10150.0,10250.0,10100.0,10250.0,6570,0.0,0.0
2022-12-20 11:00:00+09:00,10250.0,10250.0,10150.0,10250.0,6120,0.0,0.0
2022-12-20 12:00:00+09:00,10200.0,10250.0,10050.0,10150.0,11268,0.0,0.0
2022-12-20 13:00:00+09:00,10100.0,10100.0,9980.0,10050.0,25459,0.0,0.0
2022-12-20 14:00:00+09:00,10000.0,10050.0,9890.0,9940.0,14589,0.0,0.0
2022-12-21 09:00:00+09:00,10000.0,10200.0,9990.0,10050.0,0,0.0,0.0
2022-12-21 10:00:00+09:00,10000.0,10100.0,10000.0,10000.0,12420,0.0,0.0
2022-12-21 11:00:00+09:00,10000.0,10050.0,10000.0,10050.0,2327,0.0,0.0
2022-12-21 12:00:00+09:00,10000.0,10100.0,9980.0,9990.0,3613,0.0,0.0
2022-12-21 13:00:00+09:00,9980.0,10000.0,9930.0,9940.0,3680,0.0,0.0
2022-12-21 14:00:00+09:00,9930.0,9950.0,9880.0,9950.0,4030,0.0,0.0
2022-12-22 09:00:00+09:00,9940.0,10050.0,9940.0,10050.0,0,0.0,0.0
2022-12-22 10:00:00+09:00,10050.0,10050.0,10000.0,10050.0,1909,0.0,0.0
2022-12-22 11:00:00+09:00,10050.0,10050.0,9960.0,10050.0,1756,0.0,0.0
2022-12-22 12:00:00+09:00,10050.0,10050.0,10000.0,10050.0,2348,0.0,0.0
2022-12-22 13:00:00+09:00,10050.0,10100.0,10000.0,10100.0,3922,0.0,0.0
2022-12-22 14:00:00+09:00,10050.0,10100.0,10000.0,10050.0,2561,0.0,0.0
2022-12-23 09:00:00+09:00,10000.0,10050.0,9860.0,9860.0,0,0.0,0.0
2022-12-23 10:00:00+09:00,9860.0,10000.0,9800.0,9930.0,5529,0.0,0.0
2022-12-23 11:00:00+09:00,9930.0,9970.0,9910.0,9920.0,2159,0.0,0.0
2022-12-23 12:00:00+09:00,9920.0,9950.0,9890.0,9890.0,2330,0.0,0.0
2022-12-23 13:00:00+09:00,9890.0,9960.0,9880.0,9890.0,2263,0.0,0.0
2022-12-23 14:00:00+09:00,9890.0,9940.0,9860.0,9860.0,1863,0.0,0.0
2022-12-26 09:00:00+09:00,9810.0,9860.0,9650.0,9740.0,0,0.0,0.0
2022-12-26 10:00:00+09:00,9710.0,9830.0,9700.0,9770.0,4939,0.0,0.0
2022-12-26 11:00:00+09:00,9770.0,9780.0,9720.0,9780.0,3097,0.0,0.0
2022-12-26 12:00:00+09:00,9780.0,9830.0,9730.0,9820.0,2333,0.0,0.0
2022-12-26 13:00:00+09:00,9830.0,9830.0,9790.0,9810.0,895,0.0,0.0
2022-12-26 14:00:00+09:00,9800.0,9810.0,9760.0,9770.0,6063,0.0,0.0
2022-12-27 09:00:00+09:00,9720.0,10050.0,9720.0,10050.0,0,0.0,0.0
2022-12-27 10:00:00+09:00,10050.0,10150.0,10000.0,10100.0,6565,0.0,0.0
2022-12-27 11:00:00+09:00,10100.0,10100.0,10000.0,10000.0,1534,0.0,0.0
2022-12-27 12:00:00+09:00,10050.0,10050.0,10000.0,10050.0,3398,0.0,0.0
2022-12-27 13:00:00+09:00,9990.0,10050.0,9820.0,9890.0,14201,0.0,0.0
2022-12-27 14:00:00+09:00,9910.0,10200.0,9880.0,10200.0,9220,0.0,0.0
2022-12-28 09:00:00+09:00,9990.0,10150.0,9900.0,10100.0,0,0.0,0.0
2022-12-28 10:00:00+09:00,10100.0,10100.0,9950.0,10000.0,3421,0.0,0.0
2022-12-28 11:00:00+09:00,10000.0,10050.0,9970.0,10000.0,2888,0.0,0.0
2022-12-28 12:00:00+09:00,10000.0,10000.0,9900.0,9950.0,2064,0.0,0.0
2022-12-28 13:00:00+09:00,9940.0,9990.0,9910.0,9970.0,1440,0.0,0.0
2022-12-28 14:00:00+09:00,9980.0,9980.0,9950.0,9980.0,2264,0.0,0.0
2022-12-29 09:00:00+09:00,9840.0,9840.0,9580.0,9580.0,0,0.0,0.0
2022-12-29 10:00:00+09:00,9570.0,9650.0,9530.0,9540.0,13668,0.0,0.0
2022-12-29 11:00:00+09:00,9540.0,9610.0,9540.0,9570.0,3454,0.0,0.0
2022-12-29 12:00:00+09:00,9570.0,9600.0,9470.0,9470.0,34074,0.0,0.0
2022-12-29 13:00:00+09:00,9470.0,9580.0,9450.0,9540.0,4467,0.0,0.0
2022-12-29 14:00:00+09:00,9540.0,9650.0,9540.0,9630.0,2034,0.0,0.0
2023-01-02 10:00:00+09:00,9610.0,9710.0,9460.0,9460.0,10256,0.0,0.0
2023-01-02 11:00:00+09:00,9470.0,9540.0,9450.0,9460.0,4427,0.0,0.0
2023-01-02 12:00:00+09:00,9460.0,9460.0,9250.0,9250.0,5516,0.0,0.0
2023-01-02 13:00:00+09:00,9240.0,9300.0,9110.0,9210.0,27377,0.0,0.0
2023-01-02 14:00:00+09:00,9160.0,9270.0,9060.0,9200.0,12837,0.0,0.0
2023-01-03 09:00:00+09:00,9110.0,9330.0,8900.0,9010.0,0,0.0,0.0
2023-01-03 10:00:00+09:00,9040.0,9160.0,8910.0,9090.0,15329,0.0,0.0
2023-01-03 11:00:00+09:00,9090.0,9430.0,9090.0,9410.0,11037,0.0,0.0
2023-01-03 12:00:00+09:00,9410.0,9700.0,9380.0,9700.0,18450,0.0,0.0
2023-01-03 13:00:00+09:00,9700.0,10650.0,9520.0,9700.0,189919,0.0,0.0
2023-01-03 14:00:00+09:00,9720.0,10050.0,9590.0,10000.0,26262,0.0,0.0
2023-01-04 09:00:00+09:00,9800.0,10000.0,9760.0,9890.0,0,0.0,0.0
2023-01-04 10:00:00+09:00,9900.0,10050.0,9900.0,10050.0,6936,0.0,0.0
2023-01-04 11:00:00+09:00,10000.0,10000.0,9930.0,9960.0,6585,0.0,0.0
2023-01-04 12:00:00+09:00,9980.0,10000.0,9950.0,9960.0,1910,0.0,0.0
2023-01-04 13:00:00+09:00,10000.0,10050.0,9960.0,10050.0,3462,0.0,0.0
2023-01-04 14:00:00+09:00,9990.0,10050.0,9970.0,10000.0,2053,0.0,0.0
2023-01-05 09:00:00+09:00,9970.0,10100.0,9910.0,9940.0,0,0.0,0.0
2023-01-05 10:00:00+09:00,9940.0,10050.0,9800.0,9960.0,7251,0.0,0.0
2023-01-05 11:00:00+09:00,9990.0,10000.0,9900.0,9900.0,2491,0.0,0.0
2023-01-05 12:00:00+09:00,9900.0,9900.0,9760.0,9760.0,4368,0.0,0.0
2023-01-05 13:00:00+09:00,9780.0,9830.0,9750.0,9820.0,1936,0.0,0.0
2023-01-05 14:00:00+09:00,9820.0,9880.0,9810.0,9840.0,2037,0.0,0.0
2023-01-06 09:00:00+09:00,9640.0,10200.0,9640.0,10100.0,0,0.0,0.0
2023-01-06 10:00:00+09:00,10050.0,10200.0,10050.0,10200.0,8099,0.0,0.0
2023-01-06 11:00:00+09:00,10200.0,10250.0,10150.0,10150.0,2806,0.0,0.0
2023-01-06 12:00:00+09:00,10200.0,10350.0,10150.0,10250.0,7778,0.0,0.0
2023-01-06 13:00:00+09:00,10300.0,10300.0,10150.0,10300.0,4950,0.0,0.0
2023-01-06 14:00:00+09:00,10250.0,10300.0,10200.0,10250.0,7216,0.0,0.0
2023-01-09 09:00:00+09:00,10400.0,10400.0,10050.0,10300.0,0,0.0,0.0
2023-01-09 10:00:00+09:00,10300.0,10400.0,10250.0,10350.0,7929,0.0,0.0
2023-01-09 11:00:00+09:00,10350.0,10350.0,10250.0,10300.0,1496,0.0,0.0
2023-01-09 12:00:00+09:00,10300.0,10350.0,10150.0,10300.0,11105,0.0,0.0
2023-01-09 13:00:00+09:00,10250.0,10300.0,10150.0,10250.0,6403,0.0,0.0
2023-01-09 14:00:00+09:00,10250.0,10300.0,10200.0,10300.0,3382,0.0,0.0
2023-01-10 09:00:00+09:00,10150.0,10600.0,10150.0,10300.0,0,0.0,0.0
2023-01-10 10:00:00+09:00,10300.0,10550.0,10250.0,10550.0,25104,0.0,0.0
2023-01-10 11:00:00+09:00,10500.0,10500.0,10350.0,10400.0,4487,0.0,0.0
2023-01-10 12:00:00+09:00,10350.0,10400.0,10250.0,10300.0,2421,0.0,0.0
2023-01-10 13:00:00+09:00,10300.0,10350.0,10250.0,10250.0,2390,0.0,0.0
2023-01-10 14:00:00+09:00,10250.0,10300.0,10200.0,10250.0,5534,0.0,0.0
2023-01-11 09:00:00+09:00,10300.0,10400.0,10200.0,10350.0,0,0.0,0.0
2023-01-11 10:00:00+09:00,10350.0,10400.0,10250.0,10300.0,4612,0.0,0.0
2023-01-11 11:00:00+09:00,10300.0,10450.0,10250.0,10400.0,6792,0.0,0.0
2023-01-11 12:00:00+09:00,10400.0,10550.0,10400.0,10450.0,5444,0.0,0.0
2023-01-11 13:00:00+09:00,10400.0,10450.0,10350.0,10400.0,1213,0.0,0.0
2023-01-11 14:00:00+09:00,10350.0,10400.0,10300.0,10350.0,2520,0.0,0.0
2023-01-12 09:00:00+09:00,10450.0,10500.0,10350.0,10500.0,0,0.0,0.0
2023-01-12 10:00:00+09:00,10500.0,10700.0,10400.0,10600.0,13037,0.0,0.0
2023-01-12 11:00:00+09:00,10600.0,10600.0,10500.0,10500.0,1177,0.0,0.0
2023-01-12 12:00:00+09:00,10550.0,10550.0,10450.0,10500.0,1707,0.0,0.0
2023-01-12 13:00:00+09:00,10500.0,10600.0,10450.0,10450.0,5890,0.0,0.0
2023-01-12 14:00:00+09:00,10550.0,10600.0,10450.0,10500.0,4070,0.0,0.0
2023-01-13 09:00:00+09:00,10400.0,10650.0,10400.0,10550.0,0,0.0,0.0
2023-01-13 10:00:00+09:00,10500.0,10600.0,10300.0,10600.0,15292,0.0,0.0
2023-01-13 11:00:00+09:00,10500.0,10550.0,10400.0,10450.0,1682,0.0,0.0
2023-01-13 12:00:00+09:00,10500.0,10500.0,10450.0,10500.0,1117,0.0,0.0
2023-01-13 13:00:00+09:00,10500.0,10550.0,10450.0,10500.0,1516,0.0,0.0
2023-01-13 14:00:00+09:00,10500.0,10550.0,10450.0,10450.0,2258,0.0,0.0
2023-01-16 09:00:00+09:00,10450.0,10600.0,10400.0,10500.0,0,0.0,0.0
2023-01-16 10:00:00+09:00,10550.0,10550.0,10400.0,10500.0,6374,0.0,0.0
2023-01-16 11:00:00+09:00,10500.0,10550.0,10450.0,10550.0,1042,0.0,0.0
2023-01-16 12:00:00+09:00,10550.0,10650.0,10500.0,10500.0,6777,0.0,0.0
2023-01-16 13:00:00+09:00,10550.0,10600.0,10500.0,10550.0,666,0.0,0.0
2023-01-16 14:00:00+09:00,10500.0,10600.0,10450.0,10500.0,2145,0.0,0.0
2023-01-17 09:00:00+09:00,10550.0,10600.0,10300.0,10400.0,0,0.0,0.0
2023-01-17 10:00:00+09:00,10400.0,10400.0,10300.0,10300.0,4609,0.0,0.0
2023-01-17 11:00:00+09:00,10350.0,10400.0,10250.0,10350.0,3905,0.0,0.0
2023-01-17 12:00:00+09:00,10300.0,10350.0,10300.0,10350.0,5686,0.0,0.0
2023-01-17 13:00:00+09:00,10400.0,10450.0,10350.0,10400.0,1181,0.0,0.0
2023-01-17 14:00:00+09:00,10350.0,10400.0,10300.0,10350.0,4305,0.0,0.0
2023-01-18 09:00:00+09:00,10250.0,10350.0,10250.0,10350.0,0,0.0,0.0
2023-01-18 10:00:00+09:00,10350.0,10600.0,10200.0,10250.0,11977,0.0,0.0
2023-01-18 11:00:00+09:00,10300.0,10400.0,10300.0,10400.0,657,0.0,0.0
2023-01-18 12:00:00+09:00,10400.0,10450.0,10300.0,10350.0,3631,0.0,0.0
2023-01-18 13:00:00+09:00,10400.0,12100.0,10350.0,11550.0,645492,0.0,0.0
2023-01-18 14:00:00+09:00,11500.0,11700.0,10500.0,10500.0,385112,0.0,0.0
2023-01-19 09:00:00+09:00,10400.0,11300.0,10400.0,10800.0,0,0.0,0.0
2023-01-19 10:00:00+09:00,10800.0,11000.0,10750.0,10900.0,32251,0.0,0.0
2023-01-19 11:00:00+09:00,10900.0,11050.0,10850.0,10950.0,13250,0.0,0.0
2023-01-19 12:00:00+09:00,10950.0,11000.0,10850.0,10850.0,6986,0.0,0.0
2023-01-19 13:00:00+09:00,10850.0,10950.0,10850.0,10900.0,4995,0.0,0.0
2023-01-19 14:00:00+09:00,10900.0,10950.0,10850.0,10900.0,7078,0.0,0.0
2023-01-20 09:00:00+09:00,10800.0,10950.0,10700.0,10850.0,0,0.0,0.0
2023-01-20 10:00:00+09:00,10700.0,10850.0,10650.0,10700.0,3759,0.0,0.0
2023-01-20 11:00:00+09:00,10750.0,10750.0,10500.0,10600.0,9121,0.0,0.0
2023-01-20 12:00:00+09:00,10600.0,10750.0,10600.0,10700.0,1254,0.0,0.0
2023-01-20 13:00:00+09:00,10700.0,10800.0,10650.0,10800.0,7563,0.0,0.0
2023-01-20 14:00:00+09:00,10800.0,10850.0,10700.0,10700.0,4604,0.0,0.0
2023-01-25 09:00:00+09:00,10700.0,10970.0,10650.0,10800.0,0,0.0,0.0
2023-01-25 10:00:00+09:00,10800.0,10870.0,10650.0,10650.0,5927,0.0,0.0
2023-01-25 11:00:00+09:00,10790.0,10920.0,10650.0,10910.0,7372,0.0,0.0
2023-01-25 12:00:00+09:00,10900.0,11070.0,10650.0,11010.0,15009,0.0,0.0
2023-01-25 13:00:00+09:00,10940.0,11040.0,10650.0,11020.0,2816,0.0,0.0
2023-01-25 14:00:00+09:00,11020.0,11030.0,10650.0,10920.0,3524,0.0,0.0
2023-01-26 09:00:00+09:00,10860.0,11300.0,10840.0,10860.0,32584,0.0,0.0
2023-01-26 10:00:00+09:00,10860.0,10950.0,10840.0,10920.0,8733,0.0,0.0
2023-01-26 11:00:00+09:00,10910.0,10980.0,10870.0,10950.0,9227,0.0,0.0
2023-01-26 12:00:00+09:00,10970.0,11000.0,10930.0,11000.0,2950,0.0,0.0
2023-01-26 13:00:00+09:00,11000.0,11050.0,10930.0,10960.0,5973,0.0,0.0
2023-01-26 14:00:00+09:00,10950.0,10970.0,10910.0,10920.0,6266,0.0,0.0
2023-01-27 09:00:00+09:00,10900.0,10960.0,10690.0,10840.0,11170,0.0,0.0
2023-01-27 10:00:00+09:00,10810.0,10930.0,10800.0,10900.0,1540,0.0,0.0
2023-01-27 11:00:00+09:00,10900.0,10950.0,10890.0,10890.0,2670,0.0,0.0
2023-01-27 12:00:00+09:00,10890.0,10890.0,10740.0,10740.0,5262,0.0,0.0
2023-01-27 13:00:00+09:00,10730.0,10890.0,10700.0,10850.0,5590,0.0,0.0
2023-01-27 14:00:00+09:00,10850.0,10930.0,10850.0,10900.0,2318,0.0,0.0
2023-01-30 09:00:00+09:00,10880.0,11100.0,10740.0,10870.0,0,0.0,0.0
2023-01-30 10:00:00+09:00,10850.0,10850.0,10700.0,10730.0,2611,0.0,0.0
2023-01-30 11:00:00+09:00,10730.0,10850.0,10720.0,10770.0,1340,0.0,0.0
2023-01-30 12:00:00+09:00,10770.0,10870.0,10730.0,10850.0,4792,0.0,0.0
2023-01-30 13:00:00+09:00,10860.0,11080.0,10850.0,10980.0,8329,0.0,0.0
2023-01-30 14:00:00+09:00,10980.0,10990.0,10860.0,10950.0,4810,0.0,0.0
2023-01-31 09:00:00+09:00,10800.0,10860.0,10620.0,10710.0,0,0.0,0.0
2023-01-31 10:00:00+09:00,10690.0,10840.0,10650.0,10840.0,9334,0.0,0.0
2023-01-31 11:00:00+09:00,10830.0,11240.0,10830.0,11120.0,77561,0.0,0.0
2023-01-31 12:00:00+09:00,11120.0,11280.0,11060.0,11160.0,34144,0.0,0.0
2023-01-31 13:00:00+09:00,11140.0,11210.0,11060.0,11060.0,15671,0.0,0.0
2023-01-31 14:00:00+09:00,11060.0,11110.0,11040.0,11070.0,11127,0.0,0.0
2023-02-01 09:00:00+09:00,11090.0,11190.0,11010.0,11120.0,0,0.0,0.0
2023-02-01 10:00:00+09:00,11090.0,11090.0,10710.0,10820.0,18482,0.0,0.0
2023-02-01 11:00:00+09:00,10820.0,10900.0,10810.0,10820.0,3773,0.0,0.0
2023-02-01 12:00:00+09:00,10820.0,10920.0,10810.0,10870.0,3081,0.0,0.0
2023-02-01 13:00:00+09:00,10880.0,10910.0,10820.0,10840.0,7043,0.0,0.0
2023-02-01 14:00:00+09:00,10840.0,10880.0,10810.0,10860.0,4129,0.0,0.0
2023-02-02 09:00:00+09:00,10900.0,11070.0,10630.0,11050.0,0,0.0,0.0
2023-02-02 10:00:00+09:00,11040.0,11140.0,11020.0,11070.0,16863,0.0,0.0
2023-02-02 11:00:00+09:00,11050.0,11210.0,11050.0,11170.0,13483,0.0,0.0
2023-02-02 12:00:00+09:00,11160.0,11210.0,11130.0,11190.0,8109,0.0,0.0
2023-02-02 13:00:00+09:00,11190.0,11200.0,11120.0,11150.0,2901,0.0,0.0
2023-02-02 14:00:00+09:00,11150.0,11180.0,11060.0,11060.0,5848,0.0,0.0
2023-02-03 09:00:00+09:00,11080.0,11220.0,11040.0,11060.0,0,0.0,0.0
2023-02-03 10:00:00+09:00,11060.0,11200.0,11060.0,11170.0,11343,0.0,0.0
2023-02-03 11:00:00+09:00,11140.0,12480.0,11120.0,11540.0,581890,0.0,0.0
2023-02-03 12:00:00+09:00,11590.0,11760.0,11470.0,11630.0,105242,0.0,0.0
2023-02-03 13:00:00+09:00,11630.0,12180.0,11520.0,11890.0,157261,0.0,0.0
2023-02-03 14:00:00+09:00,11900.0,12920.0,11750.0,12120.0,746421,0.0,0.0
2023-02-06 09:00:00+09:00,12060.0,12400.0,11710.0,11900.0,0,0.0,0.0
2023-02-06 10:00:00+09:00,11900.0,11980.0,11750.0,11980.0,28266,0.0,0.0
2023-02-06 11:00:00+09:00,11960.0,11970.0,11780.0,11930.0,21873,0.0,0.0
2023-02-06 12:00:00+09:00,11930.0,12230.0,11870.0,12010.0,29112,0.0,0.0
2023-02-06 13:00:00+09:00,12000.0,12020.0,11900.0,11930.0,15306,0.0,0.0
2023-02-06 14:00:00+09:00,11930.0,11970.0,11770.0,11860.0,20889,0.0,0.0
2023-02-07 09:00:00+09:00,11730.0,12200.0,11370.0,11880.0,0,0.0,0.0
2023-02-07 10:00:00+09:00,11880.0,11930.0,11620.0,11700.0,40111,0.0,0.0
2023-02-07 11:00:00+09:00,11690.0,11830.0,11680.0,11710.0,19801,0.0,0.0
2023-02-07 12:00:00+09:00,11740.0,11750.0,11690.0,11710.0,14289,0.0,0.0
2023-02-07 13:00:00+09:00,11730.0,11780.0,11600.0,11610.0,14135,0.0,0.0
2023-02-07 14:00:00+09:00,11600.0,11910.0,11580.0,11910.0,32811,0.0,0.0
2023-02-08 09:00:00+09:00,11960.0,12040.0,11840.0,11900.0,0,0.0,0.0
2023-02-08 10:00:00+09:00,11910.0,12100.0,11830.0,11980.0,54775,0.0,0.0
2023-02-08 11:00:00+09:00,11980.0,12010.0,11900.0,11990.0,14552,0.0,0.0
2023-02-08 12:00:00+09:00,11990.0,12290.0,11980.0,12140.0,53688,0.0,0.0
2023-02-08 13:00:00+09:00,12140.0,12170.0,12070.0,12120.0,20541,0.0,0.0
2023-02-08 14:00:00+09:00,12120.0,12290.0,12050.0,12280.0,34303,0.0,0.0
2023-02-09 09:00:00+09:00,12300.0,12420.0,12150.0,12190.0,0,0.0,0.0
2023-02-09 10:00:00+09:00,12190.0,12350.0,12190.0,12330.0,23435,0.0,0.0
2023-02-09 11:00:00+09:00,12320.0,12320.0,12160.0,12230.0,12992,0.0,0.0
2023-02-09 12:00:00+09:00,12230.0,12280.0,12170.0,12220.0,4724,0.0,0.0
2023-02-09 13:00:00+09:00,12220.0,12290.0,12200.0,12240.0,9314,0.0,0.0
2023-02-09 14:00:00+09:00,12240.0,12310.0,12190.0,12300.0,12754,0.0,0.0
2023-02-10 09:00:00+09:00,12300.0,12300.0,11880.0,11900.0,0,0.0,0.0
2023-02-10 10:00:00+09:00,11890.0,12300.0,11810.0,12200.0,17424,0.0,0.0
2023-02-10 11:00:00+09:00,12200.0,12200.0,12060.0,12070.0,6702,0.0,0.0
2023-02-10 12:00:00+09:00,12070.0,12070.0,11980.0,11990.0,8562,0.0,0.0
2023-02-10 13:00:00+09:00,12020.0,12140.0,11960.0,12030.0,6350,0.0,0.0
2023-02-10 14:00:00+09:00,12020.0,12090.0,11890.0,11910.0,17563,0.0,0.0
2023-02-13 09:00:00+09:00,11960.0,12050.0,11750.0,11790.0,0,0.0,0.0
2023-02-13 10:00:00+09:00,11770.0,11810.0,11480.0,11670.0,21844,0.0,0.0
2023-02-13 11:00:00+09:00,11670.0,11920.0,11600.0,11920.0,9781,0.0,0.0
2023-02-13 12:00:00+09:00,11890.0,11960.0,11790.0,11940.0,6054,0.0,0.0
2023-02-13 13:00:00+09:00,11940.0,12300.0,11860.0,11890.0,32918,0.0,0.0
2023-02-13 14:00:00+09:00,11890.0,11890.0,11790.0,11850.0,4022,0.0,0.0
2023-02-14 09:00:00+09:00,11820.0,11980.0,11810.0,11840.0,0,0.0,0.0
2023-02-14 10:00:00+09:00,11840.0,11880.0,11680.0,11810.0,11244,0.0,0.0
2023-02-14 11:00:00+09:00,11800.0,11810.0,11710.0,11710.0,3680,0.0,0.0
2023-02-14 12:00:00+09:00,11710.0,11810.0,11690.0,11710.0,5473,0.0,0.0
2023-02-14 13:00:00+09:00,11720.0,11750.0,11660.0,11670.0,4444,0.0,0.0
2023-02-14 14:00:00+09:00,11660.0,11700.0,11580.0,11590.0,13623,0.0,0.0
2023-02-15 09:00:00+09:00,11560.0,11650.0,11390.0,11480.0,10227,0.0,0.0
2023-02-15 10:00:00+09:00,11480.0,11500.0,11340.0,11340.0,6594,0.0,0.0
2023-02-15 11:00:00+09:00,11360.0,11360.0,11200.0,11240.0,17385,0.0,0.0
2023-02-15 12:00:00+09:00,11240.0,11300.0,11200.0,11210.0,11655,0.0,0.0
2023-02-15 13:00:00+09:00,11210.0,11260.0,11120.0,11200.0,14256,0.0,0.0
2023-02-15 14:00:00+09:00,11200.0,11200.0,11030.0,11160.0,11648,0.0,0.0
2023-02-16 09:00:00+09:00,11230.0,11380.0,11060.0,11380.0,11953,0.0,0.0
2023-02-16 10:00:00+09:00,11380.0,11490.0,11320.0,11340.0,6902,0.0,0.0
2023-02-16 11:00:00+09:00,11330.0,11490.0,11320.0,11370.0,3777,0.0,0.0
2023-02-16 12:00:00+09:00,11370.0,11420.0,11360.0,11400.0,4051,0.0,0.0
2023-02-16 13:00:00+09:00,11400.0,11400.0,11100.0,11260.0,10656,0.0,0.0
2023-02-16 14:00:00+09:00,11250.0,11420.0,11210.0,11360.0,10864,0.0,0.0
2023-02-17 09:00:00+09:00,11350.0,11390.0,11210.0,11390.0,0,0.0,0.0
2023-02-17 10:00:00+09:00,11390.0,11410.0,11280.0,11280.0,1846,0.0,0.0
2023-02-17 11:00:00+09:00,11290.0,11330.0,11270.0,11280.0,1905,0.0,0.0
2023-02-17 12:00:00+09:00,11280.0,11290.0,11180.0,11250.0,7278,0.0,0.0
2023-02-17 13:00:00+09:00,11240.0,11300.0,11220.0,11240.0,1376,0.0,0.0
2023-02-17 14:00:00+09:00,11240.0,11290.0,11200.0,11200.0,4548,0.0,0.0
2023-02-20 09:00:00+09:00,11160.0,11380.0,11060.0,11370.0,0,0.0,0.0
2023-02-20 10:00:00+09:00,11310.0,12950.0,11200.0,12180.0,1204106,0.0,0.0
2023-02-20 11:00:00+09:00,12180.0,12480.0,12010.0,12020.0,152004,0.0,0.0
2023-02-20 12:00:00+09:00,12020.0,12360.0,12010.0,12200.0,53192,0.0,0.0
2023-02-20 13:00:00+09:00,12200.0,12770.0,12040.0,12530.0,495182,0.0,0.0
2023-02-20 14:00:00+09:00,12540.0,12580.0,12100.0,12170.0,132981,0.0,0.0
2023-02-21 09:00:00+09:00,12030.0,12160.0,11940.0,11990.0,0,0.0,0.0
2023-02-21 10:00:00+09:00,12000.0,12420.0,11950.0,12150.0,65679,0.0,0.0
2023-02-21 11:00:00+09:00,12150.0,12150.0,12010.0,12140.0,15544,0.0,0.0
2023-02-21 12:00:00+09:00,12130.0,12140.0,12020.0,12030.0,5437,0.0,0.0
2023-02-21 13:00:00+09:00,12040.0,12050.0,11960.0,11970.0,12876,0.0,0.0
2023-02-21 14:00:00+09:00,11980.0,12030.0,11900.0,11940.0,10996,0.0,0.0
2023-02-22 09:00:00+09:00,11820.0,12070.0,11660.0,12030.0,0,0.0,0.0
2023-02-22 10:00:00+09:00,12030.0,12030.0,11850.0,11910.0,6730,0.0,0.0
2023-02-22 11:00:00+09:00,11850.0,11910.0,11820.0,11900.0,3750,0.0,0.0
2023-02-22 12:00:00+09:00,11890.0,11960.0,11820.0,11960.0,2585,0.0,0.0
2023-02-22 13:00:00+09:00,11950.0,11960.0,11810.0,11820.0,8044,0.0,0.0
2023-02-22 14:00:00+09:00,11830.0,11870.0,11720.0,11810.0,19710,0.0,0.0
2023-02-23 09:00:00+09:00,11640.0,11950.0,11640.0,11800.0,0,0.0,0.0
2023-02-23 10:00:00+09:00,11800.0,11940.0,11760.0,11900.0,9107,0.0,0.0
2023-02-23 11:00:00+09:00,11880.0,11900.0,11850.0,11890.0,2343,0.0,0.0
2023-02-23 12:00:00+09:00,11890.0,12010.0,11870.0,11950.0,8704,0.0,0.0
2023-02-23 13:00:00+09:00,11950.0,11980.0,11920.0,11920.0,11530,0.0,0.0
2023-02-23 14:00:00+09:00,11920.0,12060.0,11900.0,11940.0,10626,0.0,0.0
2023-02-24 09:00:00+09:00,11960.0,12100.0,11840.0,11900.0,0,0.0,0.0
2023-02-24 10:00:00+09:00,11890.0,11950.0,11750.0,11770.0,9539,0.0,0.0
2023-02-24 11:00:00+09:00,11770.0,11860.0,11740.0,11810.0,4990,0.0,0.0
2023-02-24 12:00:00+09:00,11800.0,11830.0,11730.0,11740.0,3674,0.0,0.0
2023-02-24 13:00:00+09:00,11740.0,11820.0,11730.0,11790.0,2026,0.0,0.0
2023-02-24 14:00:00+09:00,11760.0,12070.0,11760.0,11980.0,18832,0.0,0.0
2023-02-27 09:00:00+09:00,12100.0,12330.0,11910.0,12100.0,0,0.0,0.0
2023-02-27 10:00:00+09:00,12100.0,12290.0,12050.0,12290.0,20203,0.0,0.0
2023-02-27 11:00:00+09:00,12290.0,12290.0,12170.0,12190.0,11001,0.0,0.0
2023-02-27 12:00:00+09:00,12190.0,12340.0,12190.0,12270.0,18670,0.0,0.0
2023-02-27 13:00:00+09:00,12260.0,12260.0,12180.0,12220.0,15726,0.0,0.0
2023-02-27 14:00:00+09:00,12220.0,12550.0,12200.0,12300.0,83517,0.0,0.0
2023-02-28 09:00:00+09:00,11800.0,11930.0,11440.0,11650.0,0,0.0,0.0
2023-02-28 10:00:00+09:00,11650.0,11740.0,11620.0,11690.0,11330,0.0,0.0
2023-02-28 11:00:00+09:00,11690.0,11710.0,11610.0,11650.0,9951,0.0,0.0
2023-02-28 12:00:00+09:00,11650.0,11710.0,11650.0,11710.0,6300,0.0,0.0
2023-02-28 13:00:00+09:00,11700.0,11750.0,11680.0,11690.0,7158,0.0,0.0
2023-02-28 14:00:00+09:00,11690.0,11720.0,11610.0,11610.0,17736,0.0,0.0
2023-03-02 09:00:00+09:00,11600.0,11640.0,11520.0,11560.0,0,0.0,0.0
2023-03-02 10:00:00+09:00,11580.0,11590.0,11350.0,11440.0,29216,0.0,0.0
2023-03-02 11:00:00+09:00,11440.0,11440.0,11370.0,11380.0,4128,0.0,0.0
2023-03-02 12:00:00+09:00,11370.0,11430.0,11370.0,11410.0,3014,0.0,0.0
2023-03-02 13:00:00+09:00,11430.0,11610.0,11430.0,11530.0,0,0.0,0.0
2023-03-02 14:00:00+09:00,11550.0,11630.0,11500.0,11540.0,46113,0.0,0.0
2023-03-03 09:00:00+09:00,11550.0,11610.0,11400.0,11420.0,0,0.0,0.0
2023-03-03 10:00:00+09:00,11430.0,11530.0,11430.0,11480.0,2454,0.0,0.0
2023-03-03 11:00:00+09:00,11480.0,11500.0,11450.0,11490.0,3756,0.0,0.0
2023-03-03 12:00:00+09:00,11460.0,11580.0,11460.0,11550.0,4939,0.0,0.0
2023-03-03 13:00:00+09:00,11560.0,11580.0,11520.0,11530.0,2636,0.0,0.0
2023-03-03 14:00:00+09:00,11530.0,11560.0,11510.0,11530.0,4160,0.0,0.0
2023-03-06 09:00:00+09:00,11510.0,11550.0,11120.0,11420.0,0,0.0,0.0
2023-03-06 10:00:00+09:00,11390.0,11480.0,11300.0,11480.0,6994,0.0,0.0
2023-03-06 11:00:00+09:00,11480.0,11680.0,11400.0,11680.0,5018,0.0,0.0
2023-03-06 12:00:00+09:00,11670.0,11710.0,11570.0,11670.0,6967,0.0,0.0
2023-03-06 13:00:00+09:00,11680.0,11710.0,11570.0,11630.0,6354,0.0,0.0
2023-03-06 14:00:00+09:00,11630.0,11670.0,11580.0,11670.0,2144,0.0,0.0
2023-03-07 09:00:00+09:00,11800.0,11800.0,11600.0,11600.0,0,0.0,0.0
2023-03-07 10:00:00+09:00,11600.0,11680.0,11570.0,11610.0,6136,0.0,0.0
2023-03-07 11:00:00+09:00,11680.0,11690.0,11610.0,11690.0,1937,0.0,0.0
2023-03-07 12:00:00+09:00,11690.0,11780.0,11690.0,11750.0,1901,0.0,0.0
2023-03-07 13:00:00+09:00,11750.0,11750.0,11670.0,11670.0,3682,0.0,0.0
2023-03-07 14:00:00+09:00,11730.0,11850.0,11690.0,11760.0,4318,0.0,0.0
2023-03-08 09:00:00+09:00,11790.0,11790.0,11520.0,11710.0,0,0.0,0.0
2023-03-08 10:00:00+09:00,11710.0,11710.0,11600.0,11620.0,4055,0.0,0.0
2023-03-08 11:00:00+09:00,11620.0,11680.0,11590.0,11590.0,3483,0.0,0.0
2023-03-08 12:00:00+09:00,11590.0,11600.0,11520.0,11550.0,4443,0.0,0.0
2023-03-08 13:00:00+09:00,11580.0,11580.0,11540.0,11550.0,1172,0.0,0.0
2023-03-08 14:00:00+09:00,11550.0,11670.0,11540.0,11550.0,1175,0.0,0.0
2023-03-09 09:00:00+09:00,11750.0,11750.0,11550.0,11550.0,0,0.0,0.0
2023-03-09 10:00:00+09:00,11560.0,11560.0,11450.0,11460.0,4809,0.0,0.0
2023-03-09 11:00:00+09:00,11490.0,11500.0,11370.0,11490.0,8957,0.0,0.0
2023-03-09 12:00:00+09:00,11490.0,11990.0,11410.0,11680.0,41599,0.0,0.0
2023-03-09 13:00:00+09:00,11660.0,11670.0,11560.0,11570.0,4532,0.0,0.0
2023-03-09 14:00:00+09:00,11570.0,11590.0,11430.0,11540.0,6105,0.0,0.0
2023-03-10 09:00:00+09:00,11290.0,11470.0,11250.0,11380.0,0,0.0,0.0
2023-03-10 10:00:00+09:00,11380.0,11480.0,11340.0,11400.0,2941,0.0,0.0
2023-03-10 11:00:00+09:00,11400.0,11450.0,11300.0,11310.0,6146,0.0,0.0
2023-03-10 12:00:00+09:00,11310.0,11350.0,11250.0,11280.0,4127,0.0,0.0
2023-03-10 13:00:00+09:00,11280.0,11300.0,11250.0,11250.0,2368,0.0,0.0
2023-03-10 14:00:00+09:00,11280.0,11340.0,11250.0,11290.0,3370,0.0,0.0
2023-03-13 09:00:00+09:00,11160.0,11160.0,10580.0,10820.0,3511,0.0,0.0
2023-03-13 10:00:00+09:00,10800.0,10930.0,10610.0,10870.0,14433,0.0,0.0
2023-03-13 11:00:00+09:00,10830.0,11160.0,10820.0,11100.0,5506,0.0,0.0
2023-03-13 12:00:00+09:00,11100.0,11200.0,11080.0,11200.0,3356,0.0,0.0
2023-03-13 13:00:00+09:00,11200.0,11200.0,11100.0,11120.0,3621,0.0,0.0
2023-03-13 14:00:00+09:00,11180.0,11180.0,10740.0,11010.0,10356,0.0,0.0
2023-03-14 09:00:00+09:00,10820.0,11000.0,10670.0,10670.0,0,0.0,0.0
2023-03-14 10:00:00+09:00,10660.0,10810.0,10620.0,10660.0,9495,0.0,0.0
2023-03-14 11:00:00+09:00,10650.0,10720.0,10610.0,10720.0,6778,0.0,0.0
2023-03-14 12:00:00+09:00,10720.0,10760.0,10680.0,10700.0,2347,0.0,0.0
2023-03-14 13:00:00+09:00,10700.0,10780.0,10690.0,10690.0,5616,0.0,0.0
2023-03-14 14:00:00+09:00,10690.0,10710.0,10600.0,10620.0,13057,0.0,0.0
2023-03-15 09:00:00+09:00,10800.0,11000.0,10610.0,10910.0,0,0.0,0.0
2023-03-15 10:00:00+09:00,10910.0,11060.0,10910.0,11050.0,2779,0.0,0.0
2023-03-15 11:00:00+09:00,11010.0,11120.0,11010.0,11110.0,2906,0.0,0.0
2023-03-15 12:00:00+09:00,11110.0,11150.0,11020.0,11020.0,3703,0.0,0.0
2023-03-15 13:00:00+09:00,11020.0,11110.0,11010.0,11100.0,942,0.0,0.0
2023-03-15 14:00:00+09:00,11040.0,11100.0,11000.0,11100.0,2041,0.0,0.0
2023-03-16 09:00:00+09:00,10940.0,11070.0,10850.0,10980.0,0,0.0,0.0
2023-03-16 10:00:00+09:00,10970.0,11070.0,10920.0,10970.0,5218,0.0,0.0
2023-03-16 11:00:00+09:00,10980.0,11030.0,10910.0,10970.0,1105,0.0,0.0
2023-03-16 12:00:00+09:00,10920.0,10940.0,10770.0,10810.0,5487,0.0,0.0
2023-03-16 13:00:00+09:00,10820.0,10830.0,10700.0,10830.0,3021,0.0,0.0
2023-03-16 14:00:00+09:00,10800.0,10840.0,10750.0,10790.0,2724,0.0,0.0
2023-03-17 09:00:00+09:00,10780.0,11000.0,10730.0,10980.0,0,0.0,0.0
2023-03-17 10:00:00+09:00,10990.0,11240.0,10990.0,11220.0,8830,0.0,0.0
2023-03-17 11:00:00+09:00,11220.0,11260.0,11140.0,11230.0,8444,0.0,0.0
2023-03-17 12:00:00+09:00,11230.0,11290.0,11160.0,11290.0,5550,0.0,0.0
2023-03-17 13:00:00+09:00,11290.0,11360.0,11270.0,11300.0,2665,0.0,0.0
2023-03-17 14:00:00+09:00,11300.0,11340.0,11240.0,11290.0,2142,0.0,0.0
2023-03-20 09:00:00+09:00,11200.0,11390.0,11200.0,11350.0,0,0.0,0.0
2023-03-20 10:00:00+09:00,11310.0,11360.0,11310.0,11330.0,1814,0.0,0.0
2023-03-20 11:00:00+09:00,11350.0,11390.0,11330.0,11340.0,1242,0.0,0.0
2023-03-20 12:00:00+09:00,11350.0,11350.0,11280.0,11300.0,2014,0.0,0.0
2023-03-20 13:00:00+09:00,11300.0,11360.0,11280.0,11290.0,1708,0.0,0.0
2023-03-20 14:00:00+09:00,11290.0,11360.0,11280.0,11340.0,3098,0.0,0.0
2023-03-21 09:00:00+09:00,11340.0,11400.0,11230.0,11380.0,0,0.0,0.0
2023-03-21 10:00:00+09:00,11350.0,11380.0,11320.0,11330.0,1707,0.0,0.0
2023-03-21 11:00:00+09:00,11330.0,11360.0,11300.0,11300.0,3241,0.0,0.0
2023-03-21 12:00:00+09:00,11300.0,11330.0,11230.0,11230.0,3223,0.0,0.0
2023-03-21 13:00:00+09:00,11280.0,11280.0,11210.0,11230.0,2345,0.0,0.0
2023-03-21 14:00:00+09:00,11230.0,11230.0,11170.0,11190.0,8509,0.0,0.0
2023-03-22 09:00:00+09:00,11290.0,11340.0,11210.0,11230.0,0,0.0,0.0
2023-03-22 10:00:00+09:00,11290.0,11290.0,11200.0,11240.0,5117,0.0,0.0
2023-03-22 11:00:00+09:00,11200.0,11300.0,11180.0,11240.0,2600,0.0,0.0
2023-03-22 12:00:00+09:00,11240.0,11240.0,11150.0,11170.0,2960,0.0,0.0
2023-03-22 13:00:00+09:00,11190.0,11190.0,11140.0,11150.0,1950,0.0,0.0
2023-03-22 14:00:00+09:00,11150.0,11230.0,11150.0,11230.0,2600,0.0,0.0
2023-03-23 09:00:00+09:00,11140.0,11150.0,10980.0,11130.0,13287,0.0,0.0
2023-03-23 10:00:00+09:00,11120.0,11230.0,11020.0,11220.0,6272,0.0,0.0
2023-03-23 11:00:00+09:00,11220.0,11270.0,11140.0,11180.0,4651,0.0,0.0
2023-03-23 12:00:00+09:00,11180.0,11240.0,11150.0,11170.0,1245,0.0,0.0
2023-03-23 13:00:00+09:00,11170.0,11290.0,11160.0,11270.0,4512,0.0,0.0
2023-03-23 14:00:00+09:00,11270.0,11290.0,11190.0,11220.0,2724,0.0,0.0
2023-03-24 09:00:00+09:00,11100.0,11260.0,11090.0,11250.0,0,0.0,0.0
2023-03-24 10:00:00+09:00,11220.0,11230.0,11140.0,11190.0,2367,0.0,0.0
2023-03-24 11:00:00+09:00,11190.0,11200.0,11140.0,11180.0,2461,0.0,0.0
2023-03-24 12:00:00+09:00,11180.0,11190.0,11140.0,11190.0,1732,0.0,0.0
2023-03-24 13:00:00+09:00,11160.0,11250.0,11140.0,11250.0,4310,0.0,0.0
2023-03-24 14:00:00+09:00,11250.0,11250.0,11200.0,11230.0,2049,0.0,0.0
2023-03-27 09:00:00+09:00,11140.0,11350.0,10900.0,10950.0,0,0.0,0.0
2023-03-27 10:00:00+09:00,10910.0,11030.0,10840.0,10870.0,7742,0.0,0.0
2023-03-27 11:00:00+09:00,10870.0,11030.0,10800.0,11030.0,7405,0.0,0.0
2023-03-27 12:00:00+09:00,11020.0,11100.0,10940.0,11100.0,1777,0.0,0.0
2023-03-27 13:00:00+09:00,11100.0,11110.0,11040.0,11040.0,538,0.0,0.0
2023-03-27 14:00:00+09:00,11040.0,11110.0,11000.0,11080.0,996,0.0,0.0
2023-03-28 09:00:00+09:00,10960.0,11200.0,10930.0,11100.0,0,0.0,0.0
2023-03-28 10:00:00+09:00,11130.0,11130.0,10970.0,11090.0,1032,0.0,0.0
2023-03-28 11:00:00+09:00,11080.0,12670.0,11020.0,11490.0,314879,0.0,0.0
2023-03-28 12:00:00+09:00,11490.0,11740.0,11490.0,11540.0,29757,0.0,0.0
2023-03-28 13:00:00+09:00,11630.0,11650.0,11490.0,11620.0,19393,0.0,0.0
2023-03-28 14:00:00+09:00,11620.0,11640.0,11510.0,11580.0,22786,0.0,0.0
2023-03-29 09:00:00+09:00,11650.0,11720.0,11450.0,11510.0,0,0.0,0.0
2023-03-29 10:00:00+09:00,11550.0,11580.0,11480.0,11490.0,5006,0.0,0.0
2023-03-29 11:00:00+09:00,11480.0,11550.0,11470.0,11540.0,2777,0.0,0.0
2023-03-29 12:00:00+09:00,11530.0,11540.0,11460.0,11460.0,2864,0.0,0.0
2023-03-29 13:00:00+09:00,11490.0,11580.0,11460.0,11560.0,4184,0.0,0.0
2023-03-29 14:00:00+09:00,11560.0,11670.0,11510.0,11670.0,6320,0.0,0.0
2023-03-30 09:00:00+09:00,11690.0,11690.0,11490.0,11560.0,0,0.0,0.0
2023-03-30 10:00:00+09:00,11590.0,11670.0,11530.0,11600.0,6912,0.0,0.0
2023-03-30 11:00:00+09:00,11590.0,11810.0,11590.0,11720.0,22340,0.0,0.0
2023-03-30 12:00:00+09:00,11720.0,11780.0,11500.0,11700.0,11360,0.0,0.0
2023-03-30 13:00:00+09:00,11680.0,11770.0,11670.0,11710.0,4348,0.0,0.0
2023-03-30 14:00:00+09:00,11710.0,11730.0,11670.0,11710.0,5206,0.0,0.0
2023-03-31 09:00:00+09:00,11800.0,12120.0,11750.0,12030.0,52579,0.0,0.0
2023-03-31 10:00:00+09:00,12030.0,12200.0,12010.0,12060.0,43014,0.0,0.0
2023-03-31 11:00:00+09:00,12010.0,12150.0,12010.0,12090.0,15281,0.0,0.0
2023-03-31 12:00:00+09:00,12080.0,12130.0,12010.0,12080.0,19171,0.0,0.0
2023-03-31 13:00:00+09:00,12080.0,12130.0,12010.0,12070.0,16310,0.0,0.0
2023-03-31 14:00:00+09:00,12070.0,12090.0,12040.0,12070.0,16480,0.0,0.0
2023-04-03 09:00:00+09:00,12110.0,12350.0,12040.0,12210.0,0,0.0,0.0
2023-04-03 10:00:00+09:00,12210.0,12290.0,12160.0,12170.0,22469,0.0,0.0
2023-04-03 11:00:00+09:00,12180.0,12290.0,12100.0,12210.0,17433,0.0,0.0
2023-04-03 12:00:00+09:00,12200.0,12240.0,12130.0,12180.0,11591,0.0,0.0
2023-04-03 13:00:00+09:00,12190.0,12190.0,12100.0,12170.0,7322,0.0,0.0
2023-04-03 14:00:00+09:00,12160.0,12170.0,12100.0,12160.0,3885,0.0,0.0
2023-04-04 09:00:00+09:00,12120.0,12310.0,11900.0,11910.0,0,0.0,0.0
2023-04-04 10:00:00+09:00,11910.0,12060.0,11910.0,12000.0,6412,0.0,0.0
2023-04-04 11:00:00+09:00,11990.0,12200.0,11970.0,12160.0,8124,0.0,0.0
2023-04-04 12:00:00+09:00,12100.0,12180.0,12010.0,12150.0,5167,0.0,0.0
2023-04-04 13:00:00+09:00,12140.0,12200.0,12070.0,12190.0,12340,0.0,0.0
2023-04-04 14:00:00+09:00,12190.0,12200.0,12010.0,12080.0,31996,0.0,0.0
2023-04-05 09:00:00+09:00,12050.0,12360.0,11980.0,12230.0,0,0.0,0.0
2023-04-05 10:00:00+09:00,12240.0,12360.0,12230.0,12280.0,15571,0.0,0.0
2023-04-05 11:00:00+09:00,12280.0,12480.0,12200.0,12480.0,32270,0.0,0.0
2023-04-05 12:00:00+09:00,12470.0,12490.0,12300.0,12440.0,15339,0.0,0.0
2023-04-05 13:00:00+09:00,12460.0,12490.0,12400.0,12430.0,17032,0.0,0.0
2023-04-05 14:00:00+09:00,12440.0,12480.0,12400.0,12430.0,21750,0.0,0.0
2023-04-06 09:00:00+09:00,12410.0,12470.0,12080.0,12190.0,0,0.0,0.0
2023-04-06 10:00:00+09:00,12200.0,12210.0,12130.0,12190.0,3382,0.0,0.0
2023-04-06 11:00:00+09:00,12190.0,12200.0,12100.0,12110.0,4677,0.0,0.0
2023-04-06 12:00:00+09:00,12160.0,12160.0,12030.0,12030.0,8390,0.0,0.0
2023-04-06 13:00:00+09:00,12030.0,12110.0,11970.0,12110.0,9322,0.0,0.0
2023-04-06 14:00:00+09:00,12110.0,12110.0,12010.0,12060.0,7357,0.0,0.0
2023-04-07 09:00:00+09:00,12220.0,12310.0,11760.0,11900.0,0,0.0,0.0
2023-04-07 10:00:00+09:00,11910.0,12020.0,11910.0,12000.0,7262,0.0,0.0
2023-04-07 11:00:00+09:00,11970.0,11970.0,11860.0,11880.0,8886,0.0,0.0
2023-04-07 12:00:00+09:00,11880.0,11920.0,11830.0,11870.0,11293,0.0,0.0
2023-04-07 13:00:00+09:00,11890.0,11990.0,11880.0,11950.0,1951,0.0,0.0
2023-04-07 14:00:00+09:00,11960.0,11960.0,11870.0,11890.0,6901,0.0,0.0
2023-04-10 09:00:00+09:00,11810.0,11830.0,11510.0,11730.0,0,0.0,0.0
2023-04-10 10:00:00+09:00,11740.0,12000.0,11560.0,12000.0,10138,0.0,0.0
2023-04-10 11:00:00+09:00,11990.0,12010.0,11860.0,11870.0,5872,0.0,0.0
2023-04-10 12:00:00+09:00,11950.0,12220.0,11950.0,12020.0,11955,0.0,0.0
2023-04-10 13:00:00+09:00,12060.0,12090.0,11900.0,11990.0,6351,0.0,0.0
2023-04-10 14:00:00+09:00,11950.0,12090.0,11890.0,12030.0,12518,0.0,0.0
2023-04-11 09:00:00+09:00,11960.0,12180.0,11950.0,12000.0,0,0.0,0.0
2023-04-11 10:00:00+09:00,12000.0,12080.0,11940.0,12050.0,11071,0.0,0.0
2023-04-11 11:00:00+09:00,12090.0,12150.0,12050.0,12050.0,3431,0.0,0.0
2023-04-11 12:00:00+09:00,12040.0,12050.0,11990.0,12030.0,919,0.0,0.0
2023-04-11 13:00:00+09:00,12060.0,12120.0,12050.0,12060.0,2265,0.0,0.0
2023-04-11 14:00:00+09:00,12130.0,12130.0,12040.0,12090.0,2213,0.0,0.0
2023-04-12 09:00:00+09:00,12080.0,12170.0,11980.0,12080.0,0,0.0,0.0
2023-04-12 10:00:00+09:00,12000.0,12140.0,11960.0,11980.0,6372,0.0,0.0
2023-04-12 11:00:00+09:00,11990.0,12110.0,11980.0,12050.0,2507,0.0,0.0
2023-04-12 12:00:00+09:00,12050.0,12280.0,12040.0,12280.0,12938,0.0,0.0
2023-04-12 13:00:00+09:00,12280.0,12280.0,12180.0,12180.0,1799,0.0,0.0
2023-04-12 14:00:00+09:00,12180.0,12180.0,12040.0,12120.0,5160,0.0,0.0
2023-04-13 09:00:00+09:00,12110.0,12110.0,11910.0,12000.0,0,0.0,0.0
2023-04-13 10:00:00+09:00,12060.0,12100.0,11970.0,12100.0,4618,0.0,0.0
2023-04-13 11:00:00+09:00,12070.0,12090.0,12020.0,12070.0,2154,0.0,0.0
2023-04-13 12:00:00+09:00,12090.0,12100.0,12070.0,12090.0,556,0.0,0.0
2023-04-13 13:00:00+09:00,12090.0,12240.0,12080.0,12190.0,8203,0.0,0.0
2023-04-13 14:00:00+09:00,12180.0,12340.0,12160.0,12320.0,31643,0.0,0.0
2023-04-14 09:00:00+09:00,12430.0,12470.0,12220.0,12240.0,0,0.0,0.0
2023-04-14 10:00:00+09:00,12220.0,12460.0,12180.0,12430.0,12823,0.0,0.0
2023-04-14 11:00:00+09:00,12380.0,12430.0,12290.0,12340.0,5009,0.0,0.0
2023-04-14 12:00:00+09:00,12310.0,12360.0,12290.0,12330.0,4360,0.0,0.0
2023-04-14 13:00:00+09:00,12340.0,12400.0,12280.0,12290.0,8558,0.0,0.0
2023-04-14 14:00:00+09:00,12300.0,12360.0,12280.0,12320.0,5574,0.0,0.0
2023-04-17 09:00:00+09:00,12440.0,12530.0,12090.0,12100.0,0,0.0,0.0
2023-04-17 10:00:00+09:00,12100.0,12170.0,12030.0,12130.0,5365,0.0,0.0
2023-04-17 11:00:00+09:00,12120.0,12170.0,12090.0,12120.0,2185,0.0,0.0
2023-04-17 12:00:00+09:00,12130.0,12220.0,12110.0,12200.0,1469,0.0,0.0
2023-04-17 13:00:00+09:00,12200.0,12200.0,12180.0,12190.0,2629,0.0,0.0
2023-04-17 14:00:00+09:00,12190.0,12210.0,12170.0,12170.0,1965,0.0,0.0
2023-04-18 09:00:00+09:00,12120.0,12120.0,11810.0,11850.0,0,0.0,0.0
2023-04-18 10:00:00+09:00,11890.0,11930.0,11860.0,11910.0,5892,0.0,0.0
2023-04-18 11:00:00+09:00,11920.0,12080.0,11920.0,12010.0,2594,0.0,0.0
2023-04-18 12:00:00+09:00,12010.0,12070.0,12000.0,12020.0,2373,0.0,0.0
2023-04-18 13:00:00+09:00,12020.0,12020.0,11900.0,11910.0,5898,0.0,0.0
2023-04-18 14:00:00+09:00,11980.0,12000.0,11900.0,11950.0,3678,0.0,0.0
2023-04-19 09:00:00+09:00,12090.0,12100.0,11860.0,12090.0,0,0.0,0.0
2023-04-19 10:00:00+09:00,12030.0,12190.0,12030.0,12150.0,7746,0.0,0.0
2023-04-19 11:00:00+09:00,12150.0,12270.0,12110.0,12260.0,6227,0.0,0.0
2023-04-19 12:00:00+09:00,12260.0,12330.0,12220.0,12320.0,7113,0.0,0.0
2023-04-19 13:00:00+09:00,12330.0,12390.0,12300.0,12330.0,12197,0.0,0.0
2023-04-19 14:00:00+09:00,12350.0,12380.0,12290.0,12300.0,3632,0.0,0.0
2023-04-20 09:00:00+09:00,12350.0,12350.0,12000.0,12020.0,0,0.0,0.0
2023-04-20 10:00:00+09:00,12020.0,12040.0,11880.0,11980.0,14613,0.0,0.0
2023-04-20 11:00:00+09:00,11990.0,12060.0,11950.0,12050.0,2137,0.0,0.0
2023-04-20 12:00:00+09:00,12050.0,12060.0,12000.0,12010.0,2940,0.0,0.0
2023-04-20 13:00:00+09:00,12010.0,12390.0,12000.0,12030.0,20316,0.0,0.0
2023-04-20 14:00:00+09:00,12000.0,12020.0,11890.0,11920.0,14522,0.0,0.0
2023-04-21 09:00:00+09:00,11880.0,11920.0,11440.0,11460.0,0,0.0,0.0
2023-04-21 10:00:00+09:00,11470.0,11630.0,11460.0,11570.0,6194,0.0,0.0
2023-04-21 11:00:00+09:00,11570.0,11620.0,11500.0,11520.0,5910,0.0,0.0
2023-04-21 12:00:00+09:00,11510.0,11540.0,11410.0,11490.0,24343,0.0,0.0
2023-04-21 13:00:00+09:00,11490.0,11520.0,11400.0,11450.0,9109,0.0,0.0
2023-04-21 14:00:00+09:00,11450.0,11490.0,11430.0,11490.0,1843,0.0,0.0
2023-04-24 09:00:00+09:00,11210.0,11440.0,11160.0,11160.0,0,0.0,0.0
2023-04-24 10:00:00+09:00,11200.0,11210.0,11140.0,11150.0,8410,0.0,0.0
2023-04-24 11:00:00+09:00,11130.0,11320.0,11110.0,11240.0,6689,0.0,0.0
2023-04-24 12:00:00+09:00,11240.0,11270.0,11190.0,11250.0,3483,0.0,0.0
2023-04-24 13:00:00+09:00,11250.0,11250.0,11190.0,11190.0,2371,0.0,0.0
2023-04-24 14:00:00+09:00,11190.0,11190.0,11120.0,11170.0,3367,0.0,0.0
2023-04-25 09:00:00+09:00,11060.0,11170.0,11020.0,11110.0,0,0.0,0.0
2023-04-25 10:00:00+09:00,11110.0,11140.0,10920.0,10920.0,10331,0.0,0.0
2023-04-25 11:00:00+09:00,10920.0,11000.0,10900.0,10970.0,7517,0.0,0.0
2023-04-25 12:00:00+09:00,10960.0,11140.0,10950.0,11140.0,10823,0.0,0.0
2023-04-25 13:00:00+09:00,11140.0,11150.0,11020.0,11150.0,5996,0.0,0.0
2023-04-25 14:00:00+09:00,11150.0,11150.0,11070.0,11130.0,1789,0.0,0.0
2023-04-26 09:00:00+09:00,10880.0,11120.0,10880.0,11100.0,0,0.0,0.0
2023-04-26 10:00:00+09:00,11100.0,11210.0,11080.0,11210.0,3494,0.0,0.0
2023-04-26 11:00:00+09:00,11200.0,11210.0,11060.0,11060.0,6258,0.0,0.0
2023-04-26 12:00:00+09:00,11100.0,11100.0,10990.0,11090.0,3270,0.0,0.0
2023-04-26 13:00:00+09:00,11080.0,11180.0,11010.0,11170.0,2645,0.0,0.0
2023-04-26 14:00:00+09:00,11150.0,11150.0,11070.0,11120.0,2297,0.0,0.0
2023-04-27 09:00:00+09:00,11030.0,11110.0,10990.0,11110.0,0,0.0,0.0
2023-04-27 10:00:00+09:00,11110.0,11110.0,10980.0,11050.0,3645,0.0,0.0
2023-04-27 11:00:00+09:00,11050.0,11280.0,11050.0,11270.0,4882,0.0,0.0
2023-04-27 12:00:00+09:00,11270.0,11570.0,11040.0,11200.0,22492,0.0,0.0
2023-04-27 13:00:00+09:00,11290.0,11350.0,11220.0,11350.0,1508,0.0,0.0
2023-04-27 14:00:00+09:00,11350.0,11490.0,11310.0,11310.0,2181,0.0,0.0
2023-04-28 09:00:00+09:00,11430.0,11450.0,11320.0,11370.0,0,0.0,0.0
2023-04-28 10:00:00+09:00,11360.0,11480.0,11320.0,11480.0,3741,0.0,0.0
2023-04-28 11:00:00+09:00,11480.0,11530.0,11300.0,11300.0,6327,0.0,0.0
2023-04-28 12:00:00+09:00,11360.0,11360.0,11260.0,11280.0,1156,0.0,0.0
2023-04-28 13:00:00+09:00,11280.0,11300.0,11240.0,11250.0,4393,0.0,0.0
2023-04-28 14:00:00+09:00,11250.0,11300.0,11220.0,11290.0,3861,0.0,0.0
2023-05-02 09:00:00+09:00,11290.0,11370.0,11190.0,11350.0,0,0.0,0.0
2023-05-02 10:00:00+09:00,11350.0,11350.0,11120.0,11300.0,9897,0.0,0.0
2023-05-02 11:00:00+09:00,11330.0,11330.0,11280.0,11300.0,1403,0.0,0.0
2023-05-02 12:00:00+09:00,11320.0,11370.0,11320.0,11370.0,1265,0.0,0.0
2023-05-02 13:00:00+09:00,11370.0,11370.0,11330.0,11360.0,1401,0.0,0.0
2023-05-02 14:00:00+09:00,11370.0,11370.0,11320.0,11350.0,4343,0.0,0.0
2023-05-03 09:00:00+09:00,11290.0,11290.0,11140.0,11220.0,0,0.0,0.0
2023-05-03 10:00:00+09:00,11220.0,11250.0,11100.0,11220.0,6004,0.0,0.0
2023-05-03 11:00:00+09:00,11220.0,11570.0,11220.0,11540.0,4555,0.0,0.0
2023-05-03 12:00:00+09:00,11530.0,11530.0,11350.0,11400.0,638,0.0,0.0
2023-05-03 13:00:00+09:00,11390.0,11400.0,11270.0,11280.0,1321,0.0,0.0
2023-05-03 14:00:00+09:00,11300.0,11390.0,11290.0,11340.0,917,0.0,0.0
2023-05-04 09:00:00+09:00,11200.0,11290.0,11140.0,11180.0,0,0.0,0.0
2023-05-04 10:00:00+09:00,11180.0,11230.0,11110.0,11120.0,3672,0.0,0.0
2023-05-04 11:00:00+09:00,11110.0,11150.0,11030.0,11150.0,1758,0.0,0.0
2023-05-04 12:00:00+09:00,11150.0,11190.0,11120.0,11150.0,501,0.0,0.0
2023-05-04 13:00:00+09:00,11140.0,11190.0,11100.0,11170.0,3953,0.0,0.0
2023-05-04 14:00:00+09:00,11190.0,11220.0,11170.0,11200.0,1342,0.0,0.0
2023-05-08 09:00:00+09:00,11180.0,11400.0,11180.0,11290.0,0,0.0,0.0
2023-05-08 10:00:00+09:00,11300.0,11530.0,11290.0,11440.0,6754,0.0,0.0
2023-05-08 11:00:00+09:00,11440.0,11450.0,11390.0,11420.0,731,0.0,0.0
2023-05-08 12:00:00+09:00,11430.0,11450.0,11350.0,11440.0,2455,0.0,0.0
2023-05-08 13:00:00+09:00,11430.0,11430.0,11330.0,11350.0,1268,0.0,0.0
2023-05-08 14:00:00+09:00,11360.0,11360.0,11330.0,11360.0,1108,0.0,0.0
2023-05-09 09:00:00+09:00,11240.0,11320.0,11150.0,11170.0,4352,0.0,0.0
2023-05-09 10:00:00+09:00,11160.0,11240.0,11140.0,11190.0,4053,0.0,0.0
2023-05-09 11:00:00+09:00,11200.0,11310.0,11160.0,11280.0,1707,0.0,0.0
2023-05-09 12:00:00+09:00,11240.0,11280.0,11090.0,11170.0,19648,0.0,0.0
2023-05-09 13:00:00+09:00,11170.0,11190.0,11170.0,11180.0,903,0.0,0.0
2023-05-09 14:00:00+09:00,11180.0,11190.0,11150.0,11180.0,2099,0.0,0.0
2023-05-10 09:00:00+09:00,11290.0,11290.0,11110.0,11270.0,2026,0.0,0.0
2023-05-10 10:00:00+09:00,11260.0,11370.0,11240.0,11350.0,4634,0.0,0.0
2023-05-10 11:00:00+09:00,11340.0,11370.0,11290.0,11290.0,2536,0.0,0.0
2023-05-10 12:00:00+09:00,11290.0,11330.0,11290.0,11300.0,607,0.0,0.0
2023-05-10 13:00:00+09:00,11320.0,11350.0,11300.0,11320.0,2358,0.0,0.0
2023-05-10 14:00:00+09:00,11330.0,11370.0,11290.0,11320.0,5421,0.0,0.0
2023-05-11 09:00:00+09:00,11360.0,11480.0,11360.0,11450.0,4722,0.0,0.0
2023-05-11 10:00:00+09:00,11460.0,11500.0,11410.0,11470.0,4066,0.0,0.0
2023-05-11 11:00:00+09:00,11470.0,11530.0,11450.0,11450.0,5713,0.0,0.0
2023-05-11 12:00:00+09:00,11490.0,11600.0,11480.0,11570.0,5260,0.0,0.0
2023-05-11 13:00:00+09:00,11570.0,11670.0,11560.0,11640.0,5805,0.0,0.0
2023-05-11 14:00:00+09:00,11640.0,11670.0,11600.0,11610.0,6103,0.0,0.0
2023-05-12 09:00:00+09:00,11740.0,11740.0,11370.0,11520.0,9796,0.0,0.0
2023-05-12 10:00:00+09:00,11530.0,11700.0,11510.0,11640.0,3697,0.0,0.0
2023-05-12 11:00:00+09:00,11640.0,11670.0,11570.0,11600.0,1312,0.0,0.0
2023-05-12 12:00:00+09:00,11600.0,11610.0,11550.0,11590.0,1240,0.0,0.0
2023-05-12 13:00:00+09:00,11550.0,11580.0,11510.0,11570.0,2896,0.0,0.0
2023-05-12 14:00:00+09:00,11570.0,11570.0,11440.0,11540.0,2842,0.0,0.0
2023-05-15 09:00:00+09:00,11580.0,11580.0,11380.0,11400.0,0,0.0,0.0
2023-05-15 10:00:00+09:00,11380.0,11490.0,11300.0,11330.0,4034,0.0,0.0
2023-05-15 11:00:00+09:00,11330.0,11380.0,11280.0,11310.0,1749,0.0,0.0
2023-05-15 12:00:00+09:00,11310.0,11310.0,11200.0,11240.0,3563,0.0,0.0
2023-05-15 13:00:00+09:00,11260.0,11260.0,11170.0,11190.0,5124,0.0,0.0
2023-05-15 14:00:00+09:00,11200.0,11200.0,11120.0,11150.0,5050,0.0,0.0
2023-05-16 09:00:00+09:00,11550.0,11550.0,11240.0,11340.0,13793,0.0,0.0
2023-05-16 10:00:00+09:00,11340.0,11340.0,11240.0,11240.0,1544,0.0,0.0
2023-05-16 11:00:00+09:00,11240.0,11550.0,11240.0,11490.0,9257,0.0,0.0
2023-05-16 12:00:00+09:00,11480.0,11630.0,11470.0,11630.0,11203,0.0,0.0
2023-05-16 13:00:00+09:00,11630.0,11630.0,11510.0,11600.0,5483,0.0,0.0
2023-05-16 14:00:00+09:00,11600.0,11650.0,11500.0,11550.0,0,0.0,0.0
2023-05-17 09:00:00+09:00,11610.0,12380.0,11590.0,12330.0,101900,0.0,0.0
2023-05-17 10:00:00+09:00,12340.0,12650.0,12200.0,12430.0,105137,0.0,0.0
2023-05-17 11:00:00+09:00,12420.0,12500.0,12270.0,12340.0,25748,0.0,0.0
2023-05-17 12:00:00+09:00,12320.0,12410.0,12080.0,12400.0,22640,0.0,0.0
2023-05-17 13:00:00+09:00,12410.0,12430.0,12300.0,12330.0,7723,0.0,0.0
2023-05-17 14:00:00+09:00,12330.0,12440.0,12210.0,12440.0,9839,0.0,0.0
2023-05-18 09:00:00+09:00,12670.0,12670.0,12270.0,12380.0,33761,0.0,0.0
2023-05-18 10:00:00+09:00,12380.0,12490.0,12350.0,12350.0,13668,0.0,0.0
2023-05-18 11:00:00+09:00,12360.0,12430.0,12250.0,12270.0,7534,0.0,0.0
2023-05-18 12:00:00+09:00,12270.0,12370.0,12230.0,12230.0,9265,0.0,0.0
2023-05-18 13:00:00+09:00,12230.0,12390.0,12230.0,12250.0,7170,0.0,0.0
2023-05-18 14:00:00+09:00,12260.0,12400.0,12230.0,12250.0,11721,0.0,0.0
2023-05-19 09:00:00+09:00,12430.0,12590.0,12330.0,12480.0,0,0.0,0.0
2023-05-19 10:00:00+09:00,12480.0,12590.0,12430.0,12550.0,11710,0.0,0.0
2023-05-19 11:00:00+09:00,12520.0,12550.0,12450.0,12490.0,7579,0.0,0.0
2023-05-19 12:00:00+09:00,12520.0,12540.0,12490.0,12540.0,3815,0.0,0.0
2023-05-19 13:00:00+09:00,12540.0,12550.0,12500.0,12500.0,7124,0.0,0.0
2023-05-19 14:00:00+09:00,12500.0,12540.0,12500.0,12530.0,5875,0.0,0.0
2023-05-22 09:00:00+09:00,12600.0,12600.0,12420.0,12500.0,0,0.0,0.0
2023-05-22 10:00:00+09:00,12500.0,12500.0,12420.0,12500.0,6013,0.0,0.0
2023-05-22 11:00:00+09:00,12490.0,12500.0,12430.0,12500.0,2207,0.0,0.0
2023-05-22 12:00:00+09:00,12490.0,12500.0,12440.0,12490.0,3398,0.0,0.0
2023-05-22 13:00:00+09:00,12490.0,12530.0,12480.0,12500.0,7073,0.0,0.0
2023-05-22 14:00:00+09:00,12510.0,12640.0,12500.0,12640.0,11234,0.0,0.0
2023-05-23 09:00:00+09:00,12600.0,12730.0,12520.0,12720.0,11459,0.0,0.0
2023-05-23 10:00:00+09:00,12720.0,12970.0,12670.0,12890.0,29706,0.0,0.0
2023-05-23 11:00:00+09:00,12890.0,13410.0,12890.0,13240.0,54321,0.0,0.0
2023-05-23 12:00:00+09:00,13240.0,13360.0,13140.0,13290.0,19511,0.0,0.0
2023-05-23 13:00:00+09:00,13290.0,13400.0,13150.0,13280.0,27440,0.0,0.0
2023-05-23 14:00:00+09:00,13280.0,13300.0,13130.0,13150.0,15335,0.0,0.0
2023-05-24 09:00:00+09:00,13050.0,13340.0,12930.0,13320.0,15689,0.0,0.0
2023-05-24 10:00:00+09:00,13270.0,13330.0,13160.0,13200.0,7590,0.0,0.0
2023-05-24 11:00:00+09:00,13200.0,13200.0,12950.0,13030.0,7138,0.0,0.0
2023-05-24 12:00:00+09:00,13030.0,13050.0,12960.0,12990.0,7168,0.0,0.0
2023-05-24 13:00:00+09:00,13000.0,13000.0,12920.0,12940.0,9189,0.0,0.0
2023-05-24 14:00:00+09:00,12940.0,12970.0,12920.0,12940.0,4992,0.0,0.0
2023-05-25 09:00:00+09:00,12810.0,12870.0,12750.0,12800.0,12565,0.0,0.0
2023-05-25 10:00:00+09:00,12830.0,13170.0,12830.0,12950.0,9364,0.0,0.0
2023-05-25 11:00:00+09:00,12960.0,12980.0,12830.0,12850.0,5527,0.0,0.0
2023-05-25 12:00:00+09:00,12850.0,12960.0,12840.0,12920.0,4490,0.0,0.0
2023-05-25 13:00:00+09:00,12920.0,12940.0,12790.0,12840.0,7677,0.0,0.0
2023-05-25 14:00:00+09:00,12840.0,12870.0,12760.0,12780.0,6492,0.0,0.0
2023-05-26 09:00:00+09:00,12920.0,12950.0,12740.0,12850.0,10395,0.0,0.0
2023-05-26 10:00:00+09:00,12840.0,13000.0,12750.0,13000.0,15051,0.0,0.0
2023-05-26 11:00:00+09:00,13010.0,13020.0,12890.0,12890.0,3267,0.0,0.0
2023-05-26 12:00:00+09:00,12890.0,12900.0,12750.0,12800.0,4056,0.0,0.0
2023-05-26 13:00:00+09:00,12800.0,12840.0,12760.0,12790.0,1138,0.0,0.0
2023-05-26 14:00:00+09:00,12790.0,12820.0,12740.0,12740.0,7561,0.0,0.0
2023-05-30 09:00:00+09:00,12630.0,13000.0,12630.0,13000.0,0,0.0,0.0
2023-05-30 10:00:00+09:00,13000.0,13110.0,12740.0,13030.0,9473,0.0,0.0
2023-05-30 11:00:00+09:00,13030.0,13100.0,13000.0,13050.0,3528,0.0,0.0
2023-05-30 12:00:00+09:00,13050.0,13110.0,13040.0,13040.0,4558,0.0,0.0
2023-05-30 13:00:00+09:00,13070.0,13200.0,13070.0,13190.0,9149,0.0,0.0
2023-05-30 14:00:00+09:00,13190.0,13200.0,13090.0,13120.0,4159,0.0,0.0
2023-05-31 09:00:00+09:00,13160.0,13240.0,12970.0,13080.0,9226,0.0,0.0
2023-05-31 10:00:00+09:00,13080.0,13210.0,13080.0,13150.0,2395,0.0,0.0
2023-05-31 11:00:00+09:00,13150.0,13160.0,13080.0,13120.0,1882,0.0,0.0
2023-05-31 12:00:00+09:00,13120.0,13120.0,12940.0,12950.0,4805,0.0,0.0
2023-05-31 13:00:00+09:00,12960.0,13090.0,12940.0,13030.0,2155,0.0,0.0
2023-05-31 14:00:00+09:00,13020.0,13020.0,12960.0,12960.0,3981,0.0,0.0
2023-06-01 09:00:00+09:00,12780.0,13400.0,12780.0,13330.0,14361,0.0,0.0
2023-06-01 10:00:00+09:00,13330.0,13500.0,13220.0,13430.0,20360,0.0,0.0
2023-06-01 11:00:00+09:00,13450.0,13590.0,13450.0,13540.0,22732,0.0,0.0
2023-06-01 12:00:00+09:00,13540.0,13550.0,13450.0,13470.0,7951,0.0,0.0
2023-06-01 13:00:00+09:00,13470.0,13500.0,13420.0,13420.0,8211,0.0,0.0
2023-06-01 14:00:00+09:00,13430.0,13430.0,13300.0,13310.0,8390,0.0,0.0
2023-06-02 09:00:00+09:00,13400.0,13460.0,13260.0,13410.0,9658,0.0,0.0
2023-06-02 10:00:00+09:00,13420.0,13680.0,13390.0,13510.0,10034,0.0,0.0
2023-06-02 11:00:00+09:00,13520.0,13540.0,13350.0,13540.0,8059,0.0,0.0
2023-06-02 12:00:00+09:00,13560.0,13630.0,13480.0,13620.0,3569,0.0,0.0
2023-06-02 13:00:00+09:00,13620.0,13640.0,13440.0,13450.0,3109,0.0,0.0
2023-06-02 14:00:00+09:00,13460.0,13460.0,13390.0,13460.0,4155,0.0,0.0
2023-06-05 09:00:00+09:00,13610.0,13620.0,13220.0,13280.0,0,0.0,0.0
2023-06-05 10:00:00+09:00,13290.0,13300.0,13000.0,13090.0,17143,0.0,0.0
2023-06-05 11:00:00+09:00,13090.0,13150.0,13080.0,13090.0,2273,0.0,0.0
2023-06-05 12:00:00+09:00,13090.0,13100.0,13000.0,13040.0,6164,0.0,0.0
2023-06-05 13:00:00+09:00,13040.0,13070.0,13000.0,13060.0,4828,0.0,0.0
2023-06-05 14:00:00+09:00,13060.0,13060.0,12850.0,12880.0,17586,0.0,0.0
2023-06-07 09:00:00+09:00,13080.0,13080.0,12950.0,13050.0,0,0.0,0.0
2023-06-07 10:00:00+09:00,13050.0,13050.0,12790.0,12990.0,8146,0.0,0.0
2023-06-07 11:00:00+09:00,12990.0,12990.0,12880.0,12880.0,997,0.0,0.0
2023-06-07 12:00:00+09:00,12890.0,12890.0,12760.0,12830.0,6400,0.0,0.0
2023-06-07 13:00:00+09:00,12800.0,12890.0,12800.0,12830.0,1360,0.0,0.0
2023-06-07 14:00:00+09:00,12840.0,15700.0,12770.0,13390.0,953018,0.0,0.0
2023-06-08 09:00:00+09:00,13200.0,13330.0,12960.0,12990.0,0,0.0,0.0
2023-06-08 10:00:00+09:00,13000.0,13200.0,12960.0,13190.0,19150,0.0,0.0
2023-06-08 11:00:00+09:00,13140.0,14020.0,13090.0,13500.0,124698,0.0,0.0
2023-06-08 12:00:00+09:00,13460.0,14860.0,13400.0,14250.0,926254,0.0,0.0
2023-06-08 13:00:00+09:00,14270.0,16730.0,14260.0,16350.0,2369991,0.0,0.0
2023-06-08 14:00:00+09:00,16350.0,16590.0,15330.0,15620.0,852779,0.0,0.0
2023-06-09 09:00:00+09:00,17020.0,17400.0,15820.0,16670.0,0,0.0,0.0
2023-06-09 10:00:00+09:00,16670.0,17000.0,16010.0,16390.0,439214,0.0,0.0
2023-06-09 11:00:00+09:00,16400.0,16500.0,16010.0,16010.0,136218,0.0,0.0
2023-06-09 12:00:00+09:00,16020.0,16020.0,15690.0,15710.0,119352,0.0,0.0
2023-06-09 13:00:00+09:00,15710.0,15850.0,15670.0,15740.0,50433,0.0,0.0
2023-06-09 14:00:00+09:00,15720.0,15800.0,15510.0,15540.0,71567,0.0,0.0
2023-06-12 09:00:00+09:00,15680.0,15900.0,15410.0,15540.0,0,0.0,0.0
2023-06-12 10:00:00+09:00,15550.0,15740.0,15540.0,15620.0,20891,0.0,0.0
2023-06-12 11:00:00+09:00,15610.0,15620.0,15500.0,15600.0,23729,0.0,0.0
2023-06-12 12:00:00+09:00,15590.0,15770.0,15570.0,15700.0,26327,0.0,0.0
2023-06-12 13:00:00+09:00,15700.0,15820.0,15620.0,15820.0,19671,0.0,0.0
2023-06-12 14:00:00+09:00,15820.0,18200.0,15720.0,16660.0,2632858,0.0,0.0
2023-06-13 09:00:00+09:00,16160.0,16460.0,16000.0,16240.0,0,0.0,0.0
2023-06-13 10:00:00+09:00,16240.0,16400.0,16190.0,16240.0,50750,0.0,0.0
2023-06-13 11:00:00+09:00,16230.0,16550.0,16200.0,16280.0,73619,0.0,0.0
2023-06-13 12:00:00+09:00,16280.0,16280.0,16170.0,16190.0,36770,0.0,0.0
2023-06-13 13:00:00+09:00,16200.0,16280.0,16160.0,16190.0,23214,0.0,0.0
2023-06-13 14:00:00+09:00,16190.0,16190.0,15900.0,15930.0,85573,0.0,0.0
2023-06-14 09:00:00+09:00,16050.0,16070.0,15590.0,15690.0,90624,0.0,0.0
2023-06-14 10:00:00+09:00,15690.0,15830.0,15600.0,15690.0,19726,0.0,0.0
2023-06-14 11:00:00+09:00,15690.0,15690.0,15580.0,15590.0,19288,0.0,0.0
2023-06-14 12:00:00+09:00,15590.0,15690.0,15390.0,15400.0,39627,0.0,0.0
2023-06-14 13:00:00+09:00,15400.0,15450.0,14970.0,15040.0,46808,0.0,0.0
2023-06-14 14:00:00+09:00,15040.0,15180.0,14900.0,15100.0,33894,0.0,0.0
2023-06-15 09:00:00+09:00,15070.0,15300.0,15070.0,15110.0,0,0.0,0.0
2023-06-15 10:00:00+09:00,15120.0,15240.0,14970.0,14970.0,22789,0.0,0.0
2023-06-15 11:00:00+09:00,14970.0,15110.0,14770.0,15090.0,19321,0.0,0.0
2023-06-15 12:00:00+09:00,15100.0,15310.0,15070.0,15250.0,19146,0.0,0.0
2023-06-15 13:00:00+09:00,15250.0,15300.0,15160.0,15210.0,10369,0.0,0.0
2023-06-15 14:00:00+09:00,15210.0,15360.0,15210.0,15280.0,23984,0.0,0.0
2023-06-16 09:00:00+09:00,15150.0,15900.0,15150.0,15520.0,0,0.0,0.0
2023-06-16 10:00:00+09:00,15570.0,15590.0,15340.0,15380.0,24691,0.0,0.0
2023-06-16 11:00:00+09:00,15380.0,15590.0,15320.0,15380.0,14028,0.0,0.0
2023-06-16 12:00:00+09:00,15380.0,15470.0,15370.0,15400.0,5088,0.0,0.0
2023-06-16 13:00:00+09:00,15410.0,15480.0,15350.0,15400.0,14045,0.0,0.0
2023-06-16 14:00:00+09:00,15400.0,15410.0,15330.0,15400.0,15555,0.0,0.0
2023-06-19 09:00:00+09:00,15380.0,15500.0,15200.0,15490.0,0,0.0,0.0
2023-06-19 10:00:00+09:00,15500.0,15700.0,15430.0,15590.0,20981,0.0,0.0
2023-06-19 11:00:00+09:00,15550.0,15640.0,15490.0,15550.0,7483,0.0,0.0
2023-06-19 12:00:00+09:00,15530.0,15620.0,15490.0,15490.0,7109,0.0,0.0
2023-06-19 13:00:00+09:00,15510.0,15560.0,15380.0,15380.0,8279,0.0,0.0
2023-06-19 14:00:00+09:00,15370.0,15630.0,15360.0,15510.0,13711,0.0,0.0
2023-06-20 09:00:00+09:00,15650.0,15900.0,15470.0,15510.0,45975,0.0,0.0
2023-06-20 10:00:00+09:00,15520.0,15570.0,15430.0,15430.0,12668,0.0,0.0
2023-06-20 11:00:00+09:00,15430.0,15480.0,15340.0,15350.0,8385,0.0,0.0
2023-06-20 12:00:00+09:00,15350.0,15420.0,15340.0,15360.0,4463,0.0,0.0
2023-06-20 13:00:00+09:00,15360.0,15570.0,15350.0,15400.0,5788,0.0,0.0
2023-06-20 14:00:00+09:00,15400.0,15430.0,15380.0,15390.0,3575,0.0,0.0
2023-06-21 09:00:00+09:00,15310.0,15440.0,15250.0,15410.0,12195,0.0,0.0
2023-06-21 10:00:00+09:00,15410.0,15410.0,15200.0,15330.0,10876,0.0,0.0
2023-06-21 11:00:00+09:00,15310.0,15380.0,15250.0,15250.0,6224,0.0,0.0
2023-06-21 12:00:00+09:00,15250.0,15350.0,15250.0,15270.0,2504,0.0,0.0
2023-06-21 13:00:00+09:00,15330.0,15330.0,15240.0,15260.0,3647,0.0,0.0
2023-06-21 14:00:00+09:00,15260.0,15290.0,15230.0,15290.0,5047,0.0,0.0
2023-06-22 09:00:00+09:00,15160.0,15350.0,14990.0,15290.0,0,0.0,0.0
2023-06-22 10:00:00+09:00,15280.0,15450.0,15260.0,15340.0,10452,0.0,0.0
2023-06-22 11:00:00+09:00,15340.0,15460.0,15330.0,15460.0,4861,0.0,0.0
2023-06-22 12:00:00+09:00,15460.0,15540.0,15330.0,15350.0,7717,0.0,0.0
2023-06-22 13:00:00+09:00,15350.0,15390.0,15200.0,15210.0,5275,0.0,0.0
2023-06-22 14:00:00+09:00,15250.0,15250.0,15020.0,15080.0,13883,0.0,0.0
2023-06-23 09:00:00+09:00,15100.0,15380.0,15080.0,15190.0,0,0.0,0.0
2023-06-23 10:00:00+09:00,15190.0,15330.0,15130.0,15250.0,8215,0.0,0.0
2023-06-23 11:00:00+09:00,15220.0,15220.0,15120.0,15140.0,6783,0.0,0.0
2023-06-23 12:00:00+09:00,15190.0,16470.0,15180.0,16200.0,244236,0.0,0.0
2023-06-23 13:00:00+09:00,16200.0,16200.0,15870.0,16000.0,88036,0.0,0.0
2023-06-23 14:00:00+09:00,16000.0,16220.0,15910.0,16090.0,64487,0.0,0.0
2023-06-26 09:00:00+09:00,16390.0,16450.0,16090.0,16160.0,0,0.0,0.0
2023-06-26 10:00:00+09:00,16260.0,16300.0,16140.0,16240.0,24792,0.0,0.0
2023-06-26 11:00:00+09:00,16240.0,16330.0,16230.0,16290.0,13500,0.0,0.0
2023-06-26 12:00:00+09:00,16290.0,16360.0,16210.0,16250.0,14801,0.0,0.0
2023-06-26 13:00:00+09:00,16230.0,16380.0,16160.0,16290.0,23249,0.0,0.0
2023-06-26 14:00:00+09:00,16290.0,16320.0,16150.0,16190.0,18345,0.0,0.0
2023-06-27 09:00:00+09:00,16260.0,16500.0,15850.0,16220.0,70346,0.0,0.0
2023-06-27 10:00:00+09:00,16220.0,16450.0,16190.0,16290.0,24330,0.0,0.0
2023-06-27 11:00:00+09:00,16310.0,16340.0,16100.0,16300.0,22875,0.0,0.0
2023-06-27 12:00:00+09:00,16300.0,16690.0,16300.0,16400.0,66965,0.0,0.0
2023-06-27 13:00:00+09:00,16410.0,17090.0,16400.0,16720.0,184601,0.0,0.0
2023-06-27 14:00:00+09:00,16720.0,16960.0,16580.0,16650.0,56397,0.0,0.0
2023-06-28 09:00:00+09:00,16560.0,16600.0,16180.0,16320.0,60045,0.0,0.0
2023-06-28 10:00:00+09:00,16350.0,16410.0,16210.0,16320.0,17788,0.0,0.0
2023-06-28 11:00:00+09:00,16320.0,16450.0,16230.0,16330.0,22091,0.0,0.0
2023-06-28 12:00:00+09:00,16290.0,16400.0,16230.0,16250.0,10459,0.0,0.0
2023-06-28 13:00:00+09:00,16250.0,16250.0,16130.0,16130.0,28877,0.0,0.0
2023-06-28 14:00:00+09:00,16140.0,16190.0,16010.0,16020.0,21978,0.0,0.0
2023-06-29 09:00:00+09:00,15800.0,15800.0,15550.0,15770.0,31048,0.0,0.0
2023-06-29 10:00:00+09:00,15770.0,15770.0,15400.0,15530.0,17258,0.0,0.0
2023-06-29 11:00:00+09:00,15460.0,15540.0,15330.0,15540.0,13702,0.0,0.0
2023-06-29 12:00:00+09:00,15540.0,15550.0,15360.0,15420.0,4710,0.0,0.0
2023-06-29 13:00:00+09:00,15420.0,15460.0,15330.0,15380.0,7238,0.0,0.0
2023-06-29 14:00:00+09:00,15390.0,15400.0,15100.0,15200.0,25078,0.0,0.0
2023-06-30 09:00:00+09:00,15300.0,15650.0,15290.0,15560.0,19397,0.0,0.0
2023-06-30 10:00:00+09:00,15560.0,15600.0,15430.0,15530.0,8062,0.0,0.0
2023-06-30 11:00:00+09:00,15530.0,15590.0,15400.0,15430.0,4723,0.0,0.0
2023-06-30 12:00:00+09:00,15450.0,15450.0,15240.0,15350.0,9267,0.0,0.0
2023-06-30 13:00:00+09:00,15310.0,15340.0,15250.0,15300.0,5223,0.0,0.0
2023-06-30 14:00:00+09:00,15310.0,15630.0,15310.0,15490.0,9127,0.0,0.0
2023-07-03 09:00:00+09:00,15520.0,16030.0,15520.0,15990.0,0,0.0,0.0
2023-07-03 10:00:00+09:00,16000.0,16000.0,15800.0,15850.0,11336,0.0,0.0
2023-07-03 11:00:00+09:00,15840.0,16040.0,15840.0,16040.0,9881,0.0,0.0
2023-07-03 12:00:00+09:00,16040.0,16040.0,15960.0,15970.0,4643,0.0,0.0
2023-07-03 13:00:00+09:00,15970.0,16180.0,15950.0,16130.0,20022,0.0,0.0
2023-07-03 14:00:00+09:00,16060.0,16120.0,16000.0,16040.0,7335,0.0,0.0
2023-07-04 09:00:00+09:00,16100.0,16150.0,15870.0,16050.0,26804,0.0,0.0
2023-07-04 10:00:00+09:00,16050.0,16060.0,15750.0,15790.0,13854,0.0,0.0
2023-07-04 11:00:00+09:00,15810.0,15880.0,15740.0,15800.0,8360,0.0,0.0
2023-07-04 12:00:00+09:00,15820.0,15880.0,15800.0,15800.0,3687,0.0,0.0
2023-07-04 13:00:00+09:00,15810.0,15840.0,15800.0,15820.0,2153,0.0,0.0
2023-07-04 14:00:00+09:00,15840.0,15850.0,15760.0,15790.0,6206,0.0,0.0
2023-07-05 09:00:00+09:00,15760.0,15960.0,15700.0,15900.0,13059,0.0,0.0
2023-07-05 10:00:00+09:00,15900.0,16050.0,15700.0,15700.0,19626,0.0,0.0
2023-07-05 11:00:00+09:00,15700.0,15840.0,15630.0,15630.0,7809,0.0,0.0
2023-07-05 12:00:00+09:00,15630.0,15630.0,15460.0,15550.0,7527,0.0,0.0
2023-07-05 13:00:00+09:00,15550.0,15690.0,15500.0,15560.0,2637,0.0,0.0
2023-07-05 14:00:00+09:00,15530.0,15560.0,15460.0,15520.0,8085,0.0,0.0
2023-07-06 09:00:00+09:00,15410.0,15580.0,15130.0,15260.0,0,0.0,0.0
2023-07-06 10:00:00+09:00,15320.0,15320.0,15150.0,15190.0,9354,0.0,0.0
2023-07-06 11:00:00+09:00,15180.0,15280.0,15140.0,15140.0,12125,0.0,0.0
2023-07-06 12:00:00+09:00,15130.0,15150.0,15000.0,15000.0,19295,0.0,0.0
2023-07-06 13:00:00+09:00,15000.0,15060.0,14920.0,14970.0,12306,0.0,0.0
2023-07-06 14:00:00+09:00,14970.0,15250.0,14930.0,14940.0,7903,0.0,0.0
2023-07-07 09:00:00+09:00,14710.0,15100.0,14710.0,15060.0,9501,0.0,0.0
2023-07-07 10:00:00+09:00,15110.0,15200.0,15000.0,15130.0,6573,0.0,0.0
2023-07-07 11:00:00+09:00,15120.0,15380.0,15020.0,15270.0,6058,0.0,0.0
2023-07-07 12:00:00+09:00,15260.0,15270.0,15050.0,15170.0,5547,0.0,0.0
2023-07-07 13:00:00+09:00,15170.0,15170.0,15060.0,15100.0,4353,0.0,0.0
2023-07-07 14:00:00+09:00,15070.0,15120.0,15050.0,15080.0,3745,0.0,0.0
2023-07-10 09:00:00+09:00,14900.0,15270.0,14890.0,15270.0,0,0.0,0.0
2023-07-10 10:00:00+09:00,15270.0,15440.0,15020.0,15140.0,2948,0.0,0.0
2023-07-10 11:00:00+09:00,15140.0,15260.0,15080.0,15250.0,3739,0.0,0.0
2023-07-10 12:00:00+09:00,15250.0,15500.0,15220.0,15400.0,4798,0.0,0.0
2023-07-10 13:00:00+09:00,15430.0,15520.0,15420.0,15510.0,5572,0.0,0.0
2023-07-10 14:00:00+09:00,15490.0,15510.0,15420.0,15470.0,7802,0.0,0.0
2023-07-11 09:00:00+09:00,15290.0,15550.0,15290.0,15550.0,0,0.0,0.0
2023-07-11 10:00:00+09:00,15500.0,15540.0,15400.0,15450.0,7729,0.0,0.0
2023-07-11 11:00:00+09:00,15450.0,15530.0,15450.0,15520.0,1407,0.0,0.0
2023-07-11 12:00:00+09:00,15530.0,15550.0,15480.0,15500.0,3351,0.0,0.0
2023-07-11 13:00:00+09:00,15530.0,15570.0,15460.0,15570.0,4407,0.0,0.0
2023-07-11 14:00:00+09:00,15570.0,15660.0,15540.0,15610.0,4395,0.0,0.0
2023-07-12 09:00:00+09:00,15800.0,15800.0,15400.0,15410.0,0,0.0,0.0
2023-07-12 10:00:00+09:00,15400.0,15410.0,15180.0,15200.0,9248,0.0,0.0
2023-07-12 11:00:00+09:00,15300.0,15530.0,15180.0,15180.0,5741,0.0,0.0
2023-07-12 12:00:00+09:00,15190.0,15290.0,15110.0,15130.0,6251,0.0,0.0
2023-07-12 13:00:00+09:00,15130.0,15140.0,15030.0,15050.0,4297,0.0,0.0
2023-07-12 14:00:00+09:00,15060.0,15110.0,14970.0,15030.0,5387,0.0,0.0
2023-07-13 09:00:00+09:00,15050.0,15190.0,14890.0,15050.0,0,0.0,0.0
2023-07-13 10:00:00+09:00,15060.0,15170.0,15050.0,15050.0,4170,0.0,0.0
2023-07-13 11:00:00+09:00,15120.0,15140.0,15040.0,15060.0,5667,0.0,0.0
2023-07-13 12:00:00+09:00,15050.0,15120.0,15030.0,15040.0,3979,0.0,0.0
2023-07-13 13:00:00+09:00,15040.0,15140.0,15020.0,15130.0,4944,0.0,0.0
2023-07-13 14:00:00+09:00,15120.0,15130.0,15050.0,15100.0,4819,0.0,0.0
2023-07-14 09:00:00+09:00,15060.0,15180.0,14800.0,14810.0,0,0.0,0.0
2023-07-14 10:00:00+09:00,14810.0,14820.0,14710.0,14710.0,6348,0.0,0.0
2023-07-14 11:00:00+09:00,14710.0,14710.0,14490.0,14520.0,16919,0.0,0.0
2023-07-14 12:00:00+09:00,14520.0,14550.0,14390.0,14480.0,12286,0.0,0.0
2023-07-14 13:00:00+09:00,14520.0,14670.0,14420.0,14530.0,6579,0.0,0.0
2023-07-14 14:00:00+09:00,14530.0,14640.0,14480.0,14580.0,6894,0.0,0.0
2023-07-17 09:00:00+09:00,14650.0,14760.0,14330.0,14570.0,0,0.0,0.0
2023-07-17 10:00:00+09:00,14570.0,14740.0,14500.0,14710.0,3080,0.0,0.0
2023-07-17 11:00:00+09:00,14720.0,14820.0,14700.0,14800.0,4682,0.0,0.0
2023-07-17 12:00:00+09:00,14780.0,14850.0,14780.0,14830.0,1614,0.0,0.0
2023-07-17 13:00:00+09:00,14830.0,14850.0,14770.0,14850.0,2427,0.0,0.0
2023-07-17 14:00:00+09:00,14840.0,14870.0,14770.0,14840.0,3325,0.0,0.0
2023-07-18 09:00:00+09:00,14870.0,14980.0,14420.0,14440.0,0,0.0,0.0
2023-07-18 10:00:00+09:00,14440.0,14490.0,14320.0,14420.0,8393,0.0,0.0
2023-07-18 11:00:00+09:00,14420.0,14420.0,14270.0,14270.0,9326,0.0,0.0
2023-07-18 12:00:00+09:00,14290.0,14350.0,14220.0,14350.0,8311,0.0,0.0
2023-07-18 13:00:00+09:00,14350.0,14410.0,14250.0,14290.0,4772,0.0,0.0
2023-07-18 14:00:00+09:00,14280.0,14410.0,14280.0,14320.0,3673,0.0,0.0
2023-07-19 09:00:00+09:00,14300.0,14350.0,14000.0,14180.0,10984,0.0,0.0
2023-07-19 10:00:00+09:00,14240.0,14480.0,14210.0,14370.0,8175,0.0,0.0
2023-07-19 11:00:00+09:00,14360.0,14380.0,14050.0,14260.0,5464,0.0,0.0
2023-07-19 12:00:00+09:00,14240.0,14270.0,14180.0,14200.0,1364,0.0,0.0
2023-07-19 13:00:00+09:00,14250.0,14260.0,14190.0,14200.0,3288,0.0,0.0
2023-07-19 14:00:00+09:00,14200.0,14340.0,14100.0,14250.0,4644,0.0,0.0
2023-07-20 09:00:00+09:00,14250.0,14400.0,14000.0,14160.0,0,0.0,0.0
2023-07-20 10:00:00+09:00,14160.0,14340.0,14090.0,14340.0,2684,0.0,0.0
2023-07-20 11:00:00+09:00,14320.0,14380.0,14300.0,14370.0,3058,0.0,0.0
2023-07-20 12:00:00+09:00,14370.0,14540.0,14310.0,14340.0,2946,0.0,0.0
2023-07-20 13:00:00+09:00,14340.0,14370.0,14250.0,14350.0,2866,0.0,0.0
2023-07-20 14:00:00+09:00,14350.0,14410.0,14160.0,14290.0,6681,0.0,0.0
2023-07-21 09:00:00+09:00,14860.0,15390.0,14460.0,15050.0,84031,0.0,0.0
2023-07-21 10:00:00+09:00,15060.0,15590.0,15050.0,15300.0,47682,0.0,0.0
2023-07-21 11:00:00+09:00,15300.0,15500.0,15130.0,15150.0,21045,0.0,0.0
2023-07-21 12:00:00+09:00,15150.0,15310.0,15050.0,15070.0,7351,0.0,0.0
2023-07-21 13:00:00+09:00,15050.0,15070.0,14890.0,14920.0,10068,0.0,0.0
2023-07-21 14:00:00+09:00,14930.0,15060.0,14530.0,14670.0,12367,0.0,0.0
2023-07-24 09:00:00+09:00,14790.0,14790.0,14320.0,14340.0,0,0.0,0.0
2023-07-24 10:00:00+09:00,14340.0,14380.0,14030.0,14060.0,13566,0.0,0.0
2023-07-24 11:00:00+09:00,14070.0,14100.0,13950.0,13950.0,12020,0.0,0.0
2023-07-24 12:00:00+09:00,13950.0,14050.0,13880.0,13900.0,10917,0.0,0.0
2023-07-24 13:00:00+09:00,13930.0,14000.0,13790.0,13890.0,12406,0.0,0.0
2023-07-24 14:00:00+09:00,13900.0,13990.0,13880.0,13910.0,3991,0.0,0.0
2023-07-25 09:00:00+09:00,13790.0,14060.0,13720.0,13850.0,0,0.0,0.0
2023-07-25 10:00:00+09:00,13850.0,13870.0,13660.0,13730.0,8326,0.0,0.0
2023-07-25 11:00:00+09:00,13800.0,13800.0,13570.0,13600.0,9555,0.0,0.0
2023-07-25 12:00:00+09:00,13650.0,13770.0,13510.0,13660.0,5310,0.0,0.0
2023-07-25 13:00:00+09:00,13580.0,13650.0,13510.0,13640.0,0,0.0,0.0
2023-07-25 14:00:00+09:00,13630.0,13630.0,13360.0,13520.0,47464,0.0,0.0
2023-07-26 09:00:00+09:00,13400.0,13530.0,12980.0,13080.0,24798,0.0,0.0
2023-07-26 10:00:00+09:00,13090.0,13190.0,12990.0,13160.0,16975,0.0,0.0
2023-07-26 11:00:00+09:00,13170.0,13290.0,13120.0,13170.0,9258,0.0,0.0
2023-07-26 12:00:00+09:00,13170.0,13170.0,13060.0,13110.0,7796,0.0,0.0
2023-07-26 13:00:00+09:00,13150.0,13230.0,12950.0,13010.0,17062,0.0,0.0
2023-07-26 14:00:00+09:00,12950.0,13080.0,12920.0,12990.0,21767,0.0,0.0
2023-07-27 09:00:00+09:00,12690.0,13290.0,12670.0,13170.0,0,0.0,0.0
2023-07-27 10:00:00+09:00,13230.0,13360.0,13220.0,13280.0,6108,0.0,0.0
2023-07-27 11:00:00+09:00,13330.0,13330.0,13250.0,13300.0,1474,0.0,0.0
2023-07-27 12:00:00+09:00,13240.0,13300.0,13160.0,13200.0,1290,0.0,0.0
2023-07-27 13:00:00+09:00,13270.0,13270.0,13150.0,13220.0,1189,0.0,0.0
2023-07-27 14:00:00+09:00,13220.0,13230.0,13120.0,13120.0,2520,0.0,0.0
2023-07-28 09:00:00+09:00,12830.0,13330.0,12830.0,13280.0,0,0.0,0.0
2023-07-28 10:00:00+09:00,13270.0,13340.0,13240.0,13290.0,4605,0.0,0.0
2023-07-28 11:00:00+09:00,13270.0,13300.0,13250.0,13300.0,1529,0.0,0.0
2023-07-28 12:00:00+09:00,13300.0,13380.0,13250.0,13320.0,5148,0.0,0.0
2023-07-28 13:00:00+09:00,13360.0,13370.0,13300.0,13350.0,1717,0.0,0.0
2023-07-28 14:00:00+09:00,13350.0,13390.0,13240.0,13270.0,6269,0.0,0.0
2023-07-31 09:00:00+09:00,13370.0,13470.0,13090.0,13270.0,0,0.0,0.0
2023-07-31 10:00:00+09:00,13260.0,13420.0,13260.0,13410.0,6992,0.0,0.0
2023-07-31 11:00:00+09:00,13420.0,13490.0,13420.0,13460.0,2280,0.0,0.0
2023-07-31 12:00:00+09:00,13460.0,13470.0,13280.0,13370.0,2950,0.0,0.0
2023-07-31 13:00:00+09:00,13300.0,13400.0,13260.0,13350.0,1399,0.0,0.0
2023-07-31 14:00:00+09:00,13350.0,13380.0,13230.0,13380.0,2133,0.0,0.0
2023-08-01 09:00:00+09:00,13590.0,13650.0,13350.0,13470.0,5074,0.0,0.0
2023-08-01 10:00:00+09:00,13470.0,13470.0,13350.0,13360.0,3215,0.0,0.0
2023-08-01 11:00:00+09:00,13400.0,13430.0,13340.0,13340.0,6176,0.0,0.0
2023-08-01 12:00:00+09:00,13340.0,13400.0,13320.0,13380.0,3843,0.0,0.0
2023-08-01 13:00:00+09:00,13330.0,13380.0,13180.0,13200.0,5722,0.0,0.0
2023-08-01 14:00:00+09:00,13200.0,13250.0,13160.0,13200.0,6095,0.0,0.0
2023-08-02 09:00:00+09:00,13170.0,13420.0,13070.0,13320.0,10728,0.0,0.0
2023-08-02 10:00:00+09:00,13360.0,13590.0,13320.0,13360.0,7237,0.0,0.0
2023-08-02 11:00:00+09:00,13370.0,13400.0,13170.0,13180.0,3364,0.0,0.0
2023-08-02 12:00:00+09:00,13180.0,13210.0,13140.0,13140.0,3055,0.0,0.0
2023-08-02 13:00:00+09:00,13150.0,13160.0,12950.0,13110.0,5908,0.0,0.0
2023-08-02 14:00:00+09:00,13120.0,13120.0,13010.0,13050.0,3484,0.0,0.0
2023-08-03 09:00:00+09:00,12980.0,13110.0,12750.0,12850.0,0,0.0,0.0
2023-08-03 10:00:00+09:00,12900.0,12900.0,12460.0,12540.0,21124,0.0,0.0
2023-08-03 11:00:00+09:00,12540.0,12600.0,12460.0,12530.0,3923,0.0,0.0
2023-08-03 12:00:00+09:00,12530.0,12710.0,12530.0,12700.0,2782,0.0,0.0
2023-08-03 13:00:00+09:00,12700.0,12780.0,12650.0,12650.0,3022,0.0,0.0
2023-08-03 14:00:00+09:00,12710.0,12790.0,12640.0,12750.0,2916,0.0,0.0
2023-08-04 09:00:00+09:00,12770.0,13100.0,12600.0,12980.0,7568,0.0,0.0
2023-08-04 10:00:00+09:00,12980.0,12980.0,12880.0,12940.0,1016,0.0,0.0
2023-08-04 11:00:00+09:00,12950.0,12950.0,12770.0,12800.0,8286,0.0,0.0
2023-08-04 12:00:00+09:00,12800.0,12850.0,12780.0,12840.0,1608,0.0,0.0
2023-08-04 13:00:00+09:00,12840.0,12890.0,12820.0,12870.0,1941,0.0,0.0
2023-08-04 14:00:00+09:00,12880.0,12970.0,12860.0,12910.0,3163,0.0,0.0
2023-08-07 09:00:00+09:00,12920.0,12940.0,12710.0,12800.0,0,0.0,0.0
2023-08-07 10:00:00+09:00,12800.0,13070.0,12800.0,13000.0,5525,0.0,0.0
2023-08-07 11:00:00+09:00,13000.0,13050.0,12970.0,13050.0,2955,0.0,0.0
2023-08-07 12:00:00+09:00,13050.0,13270.0,13050.0,13220.0,12443,0.0,0.0
2023-08-07 13:00:00+09:00,13220.0,13270.0,13120.0,13240.0,3521,0.0,0.0
2023-08-07 14:00:00+09:00,13220.0,13240.0,13180.0,13220.0,1765,0.0,0.0
2023-08-08 09:00:00+09:00,13030.0,13190.0,13010.0,13120.0,5792,0.0,0.0
2023-08-08 10:00:00+09:00,13120.0,13120.0,12910.0,13000.0,8723,0.0,0.0
2023-08-08 11:00:00+09:00,13000.0,13010.0,12910.0,13000.0,7144,0.0,0.0
2023-08-08 12:00:00+09:00,13000.0,13030.0,12960.0,12980.0,547,0.0,0.0
2023-08-08 13:00:00+09:00,12980.0,13060.0,12970.0,13040.0,984,0.0,0.0
2023-08-08 14:00:00+09:00,13040.0,13140.0,12980.0,13090.0,2268,0.0,0.0
2023-08-09 09:00:00+09:00,13110.0,13200.0,12930.0,13200.0,5201,0.0,0.0
2023-08-09 10:00:00+09:00,13150.0,13340.0,13010.0,13200.0,4184,0.0,0.0
2023-08-09 11:00:00+09:00,13200.0,13220.0,13100.0,13190.0,3256,0.0,0.0
2023-08-09 12:00:00+09:00,13190.0,13290.0,13160.0,13260.0,1672,0.0,0.0
2023-08-09 13:00:00+09:00,13260.0,13360.0,13250.0,13250.0,7758,0.0,0.0
2023-08-09 14:00:00+09:00,13250.0,13290.0,13210.0,13250.0,1475,0.0,0.0
2023-08-10 09:00:00+09:00,13300.0,13310.0,13030.0,13090.0,0,0.0,0.0
2023-08-10 10:00:00+09:00,13100.0,13130.0,13000.0,13130.0,2393,0.0,0.0
2023-08-10 11:00:00+09:00,13130.0,13130.0,13000.0,13090.0,1671,0.0,0.0
2023-08-10 12:00:00+09:00,13070.0,13100.0,13040.0,13060.0,569,0.0,0.0
2023-08-10 13:00:00+09:00,13060.0,13070.0,13000.0,13040.0,2818,0.0,0.0
2023-08-10 14:00:00+09:00,13010.0,13200.0,12920.0,13100.0,4533,0.0,0.0
2023-08-11 09:00:00+09:00,13040.0,13380.0,12960.0,13370.0,0,0.0,0.0
2023-08-11 10:00:00+09:00,13360.0,13420.0,13220.0,13330.0,8633,0.0,0.0
2023-08-11 11:00:00+09:00,13320.0,13330.0,13280.0,13300.0,1831,0.0,0.0
2023-08-11 12:00:00+09:00,13310.0,13440.0,13290.0,13440.0,7678,0.0,0.0
2023-08-11 13:00:00+09:00,13440.0,13440.0,13310.0,13370.0,1674,0.0,0.0
2023-08-11 14:00:00+09:00,13370.0,13410.0,13300.0,13320.0,2773,0.0,0.0
2023-08-14 09:00:00+09:00,13240.0,13240.0,12980.0,13080.0,0,0.0,0.0
2023-08-14 10:00:00+09:00,13080.0,13120.0,13040.0,13100.0,1816,0.0,0.0
2023-08-14 11:00:00+09:00,13070.0,13120.0,13040.0,13120.0,1098,0.0,0.0
2023-08-14 12:00:00+09:00,13120.0,13180.0,13100.0,13110.0,441,0.0,0.0
2023-08-14 13:00:00+09:00,13110.0,13110.0,13040.0,13040.0,786,0.0,0.0
2023-08-14 14:00:00+09:00,13050.0,13090.0,13050.0,13090.0,338,0.0,0.0
2023-08-16 09:00:00+09:00,12950.0,12970.0,12710.0,12740.0,0,0.0,0.0
2023-08-16 10:00:00+09:00,12750.0,12950.0,12700.0,12900.0,7359,0.0,0.0
2023-08-16 11:00:00+09:00,12870.0,14240.0,12710.0,13710.0,155270,0.0,0.0
2023-08-16 12:00:00+09:00,13700.0,13920.0,13550.0,13670.0,41073,0.0,0.0
2023-08-16 13:00:00+09:00,13660.0,14140.0,13380.0,13810.0,70459,0.0,0.0
2023-08-16 14:00:00+09:00,13810.0,14500.0,13000.0,13250.0,336741,0.0,0.0
2023-08-17 09:00:00+09:00,13000.0,13090.0,12300.0,12450.0,0,0.0,0.0
2023-08-17 10:00:00+09:00,12480.0,12600.0,12450.0,12580.0,66170,0.0,0.0
2023-08-17 11:00:00+09:00,12550.0,12650.0,12450.0,12620.0,11130,0.0,0.0
2023-08-17 12:00:00+09:00,12620.0,12730.0,12570.0,12660.0,11443,0.0,0.0
2023-08-17 13:00:00+09:00,12680.0,12710.0,12630.0,12660.0,3820,0.0,0.0
2023-08-17 14:00:00+09:00,12660.0,12780.0,12650.0,12730.0,7911,0.0,0.0
2023-08-18 09:00:00+09:00,12550.0,13320.0,12530.0,13190.0,18461,0.0,0.0
2023-08-18 10:00:00+09:00,13190.0,13550.0,13070.0,13490.0,21755,0.0,0.0
2023-08-18 11:00:00+09:00,13460.0,13480.0,13230.0,13300.0,6581,0.0,0.0
2023-08-18 12:00:00+09:00,13360.0,13410.0,13270.0,13340.0,2447,0.0,0.0
2023-08-18 13:00:00+09:00,13270.0,13340.0,13200.0,13320.0,3632,0.0,0.0
2023-08-18 14:00:00+09:00,13320.0,13350.0,13200.0,13260.0,3772,0.0,0.0
2023-08-21 09:00:00+09:00,13220.0,13580.0,13220.0,13360.0,0,0.0,0.0
2023-08-21 10:00:00+09:00,13360.0,13470.0,13290.0,13440.0,6340,0.0,0.0
2023-08-21 11:00:00+09:00,13430.0,13780.0,13340.0,13530.0,13466,0.0,0.0
2023-08-21 12:00:00+09:00,13530.0,13590.0,13400.0,13470.0,1434,0.0,0.0
2023-08-21 13:00:00+09:00,13470.0,13530.0,13430.0,13510.0,1900,0.0,0.0
2023-08-21 14:00:00+09:00,13530.0,13530.0,13370.0,13400.0,3738,0.0,0.0
2023-08-22 09:00:00+09:00,13650.0,13650.0,13260.0,13460.0,14357,0.0,0.0
2023-08-22 10:00:00+09:00,13560.0,13600.0,13490.0,13490.0,1729,0.0,0.0
2023-08-22 11:00:00+09:00,13490.0,13490.0,13360.0,13360.0,1688,0.0,0.0
2023-08-22 12:00:00+09:00,13360.0,13360.0,13240.0,13290.0,6425,0.0,0.0
2023-08-22 13:00:00+09:00,13290.0,13310.0,13260.0,13270.0,1716,0.0,0.0
2023-08-22 14:00:00+09:00,13280.0,13340.0,13240.0,13270.0,4922,0.0,0.0
2023-08-23 09:00:00+09:00,13280.0,13380.0,13060.0,13280.0,4438,0.0,0.0
2023-08-23 10:00:00+09:00,13180.0,13580.0,13160.0,13440.0,5650,0.0,0.0
2023-08-23 11:00:00+09:00,13440.0,13640.0,13410.0,13610.0,6175,0.0,0.0
2023-08-23 12:00:00+09:00,13530.0,13610.0,13530.0,13540.0,2158,0.0,0.0
2023-08-23 13:00:00+09:00,13550.0,13560.0,13410.0,13410.0,1847,0.0,0.0
2023-08-23 14:00:00+09:00,13420.0,13510.0,13380.0,13450.0,1927,0.0,0.0
2023-08-24 09:00:00+09:00,13380.0,13850.0,13380.0,13650.0,8925,0.0,0.0
2023-08-24 10:00:00+09:00,13640.0,13840.0,13630.0,13630.0,11951,0.0,0.0
2023-08-24 11:00:00+09:00,13630.0,13660.0,13530.0,13530.0,3168,0.0,0.0
2023-08-24 12:00:00+09:00,13540.0,13660.0,13500.0,13580.0,2951,0.0,0.0
2023-08-24 13:00:00+09:00,13630.0,13650.0,13510.0,13540.0,1882,0.0,0.0
2023-08-24 14:00:00+09:00,13550.0,13590.0,13520.0,13540.0,2761,0.0,0.0
2023-08-25 09:00:00+09:00,13550.0,13740.0,13440.0,13670.0,7787,0.0,0.0
2023-08-25 10:00:00+09:00,13660.0,13660.0,13380.0,13470.0,7261,0.0,0.0
2023-08-25 11:00:00+09:00,13450.0,13490.0,13380.0,13440.0,1809,0.0,0.0
2023-08-25 12:00:00+09:00,13400.0,13450.0,13280.0,13420.0,5375,0.0,0.0
2023-08-25 13:00:00+09:00,13420.0,13450.0,13270.0,13450.0,2861,0.0,0.0
2023-08-25 14:00:00+09:00,13340.0,13430.0,13320.0,13380.0,1849,0.0,0.0
2023-08-28 09:00:00+09:00,13400.0,13830.0,13390.0,13760.0,0,0.0,0.0
2023-08-28 10:00:00+09:00,13740.0,13860.0,13700.0,13820.0,6780,0.0,0.0
2023-08-28 11:00:00+09:00,13790.0,14100.0,13750.0,14000.0,11503,0.0,0.0
2023-08-28 12:00:00+09:00,14000.0,14170.0,14000.0,14150.0,8941,0.0,0.0
2023-08-28 13:00:00+09:00,14150.0,14160.0,13990.0,14080.0,3513,0.0,0.0
2023-08-28 14:00:00+09:00,14070.0,14090.0,13950.0,14020.0,5055,0.0,0.0
2023-08-29 09:00:00+09:00,13910.0,14140.0,13910.0,14020.0,4470,0.0,0.0
2023-08-29 10:00:00+09:00,14020.0,14020.0,13710.0,14000.0,7329,0.0,0.0
2023-08-29 11:00:00+09:00,13980.0,14080.0,13940.0,14020.0,3263,0.0,0.0
2023-08-29 12:00:00+09:00,13940.0,14070.0,13930.0,13960.0,2253,0.0,0.0
2023-08-29 13:00:00+09:00,13960.0,13960.0,13830.0,13830.0,5510,0.0,0.0
2023-08-29 14:00:00+09:00,13880.0,13880.0,13820.0,13820.0,2346,0.0,0.0
2023-08-30 09:00:00+09:00,13820.0,14050.0,13800.0,13860.0,3500,0.0,0.0
2023-08-30 10:00:00+09:00,13860.0,13870.0,13760.0,13870.0,2058,0.0,0.0
2023-08-30 11:00:00+09:00,13840.0,13920.0,13840.0,13860.0,1308,0.0,0.0
2023-08-30 12:00:00+09:00,13870.0,13910.0,13820.0,13900.0,2033,0.0,0.0
2023-08-30 13:00:00+09:00,13920.0,14130.0,13920.0,14130.0,6073,0.0,0.0
2023-08-30 14:00:00+09:00,14120.0,14250.0,14110.0,14200.0,6182,0.0,0.0
2023-08-31 09:00:00+09:00,14480.0,14480.0,14220.0,14440.0,20595,0.0,0.0
2023-08-31 10:00:00+09:00,14410.0,14530.0,14290.0,14390.0,7281,0.0,0.0
2023-08-31 11:00:00+09:00,14310.0,14790.0,14130.0,14530.0,32605,0.0,0.0
2023-08-31 12:00:00+09:00,14530.0,14630.0,14410.0,14410.0,9818,0.0,0.0
2023-08-31 13:00:00+09:00,14420.0,14530.0,14370.0,14500.0,6123,0.0,0.0
2023-08-31 14:00:00+09:00,14430.0,14540.0,14400.0,14450.0,1906,0.0,0.0
2023-09-01 09:00:00+09:00,14380.0,14460.0,14120.0,14310.0,10692,0.0,0.0
2023-09-01 10:00:00+09:00,14310.0,14310.0,14030.0,14040.0,8809,0.0,0.0
2023-09-01 11:00:00+09:00,14040.0,14130.0,13950.0,14130.0,7056,0.0,0.0
2023-09-01 12:00:00+09:00,14090.0,14120.0,14040.0,14110.0,1254,0.0,0.0
2023-09-01 13:00:00+09:00,14060.0,14120.0,13990.0,14030.0,3220,0.0,0.0
2023-09-01 14:00:00+09:00,14030.0,14120.0,13890.0,14040.0,5640,0.0,0.0
2023-09-04 09:00:00+09:00,13980.0,14290.0,13900.0,14260.0,0,0.0,0.0
2023-09-04 10:00:00+09:00,14230.0,14440.0,14170.0,14280.0,14894,0.0,0.0
2023-09-04 11:00:00+09:00,14260.0,14310.0,14160.0,14200.0,2494,0.0,0.0
2023-09-04 12:00:00+09:00,14300.0,14300.0,14180.0,14230.0,1887,0.0,0.0
2023-09-04 13:00:00+09:00,14230.0,14250.0,14190.0,14240.0,3632,0.0,0.0
2023-09-04 14:00:00+09:00,14230.0,14390.0,14200.0,14370.0,5687,0.0,0.0
2023-09-05 09:00:00+09:00,14430.0,14440.0,14000.0,14190.0,8580,0.0,0.0
2023-09-05 10:00:00+09:00,14180.0,14370.0,14120.0,14330.0,4636,0.0,0.0
2023-09-05 11:00:00+09:00,14320.0,14590.0,14280.0,14510.0,7372,0.0,0.0
2023-09-05 12:00:00+09:00,14530.0,14680.0,14310.0,14400.0,13249,0.0,0.0
2023-09-05 13:00:00+09:00,14400.0,14550.0,14330.0,14490.0,4907,0.0,0.0
2023-09-05 14:00:00+09:00,14430.0,14510.0,14380.0,14480.0,3609,0.0,0.0
2023-09-06 09:00:00+09:00,14390.0,14610.0,14240.0,14520.0,5435,0.0,0.0
2023-09-06 10:00:00+09:00,14510.0,14650.0,14390.0,14600.0,7641,0.0,0.0
2023-09-06 11:00:00+09:00,14570.0,14700.0,14560.0,14620.0,6963,0.0,0.0
2023-09-06 12:00:00+09:00,14620.0,14630.0,14500.0,14560.0,4671,0.0,0.0
2023-09-06 13:00:00+09:00,14520.0,14560.0,14390.0,14410.0,5357,0.0,0.0
2023-09-06 14:00:00+09:00,14410.0,14970.0,14300.0,14790.0,53963,0.0,0.0
2023-09-07 09:00:00+09:00,15000.0,15080.0,14530.0,14630.0,39458,0.0,0.0
2023-09-07 10:00:00+09:00,14630.0,14690.0,14560.0,14590.0,7088,0.0,0.0
2023-09-07 11:00:00+09:00,14600.0,14670.0,14540.0,14640.0,10172,0.0,0.0
2023-09-07 12:00:00+09:00,14650.0,14730.0,14550.0,14670.0,4205,0.0,0.0
2023-09-07 13:00:00+09:00,14720.0,14730.0,14560.0,14570.0,4545,0.0,0.0
2023-09-07 14:00:00+09:00,14560.0,15470.0,14540.0,15390.0,71996,0.0,0.0
2023-09-08 09:00:00+09:00,15000.0,15210.0,14410.0,14510.0,94072,0.0,0.0
2023-09-08 10:00:00+09:00,14540.0,14670.0,14490.0,14550.0,4647,0.0,0.0
2023-09-08 11:00:00+09:00,14550.0,14640.0,14520.0,14610.0,6052,0.0,0.0
2023-09-08 12:00:00+09:00,14610.0,14610.0,14530.0,14570.0,8989,0.0,0.0
2023-09-08 13:00:00+09:00,14560.0,15110.0,14520.0,15000.0,29869,0.0,0.0
2023-09-08 14:00:00+09:00,14970.0,15010.0,14820.0,14860.0,11806,0.0,0.0
2023-09-11 09:00:00+09:00,15040.0,15060.0,14410.0,14730.0,0,0.0,0.0
2023-09-11 10:00:00+09:00,14750.0,14900.0,14650.0,14790.0,9372,0.0,0.0
2023-09-11 11:00:00+09:00,14800.0,14870.0,14770.0,14800.0,7327,0.0,0.0
2023-09-11 12:00:00+09:00,14800.0,15320.0,14800.0,15000.0,33985,0.0,0.0
2023-09-11 13:00:00+09:00,15020.0,15020.0,14790.0,14790.0,9323,0.0,0.0
2023-09-11 14:00:00+09:00,14810.0,14920.0,14790.0,14840.0,6369,0.0,0.0
2023-09-12 09:00:00+09:00,14670.0,15150.0,14660.0,14900.0,13974,0.0,0.0
2023-09-12 10:00:00+09:00,14900.0,15000.0,14760.0,14930.0,5998,0.0,0.0
2023-09-12 11:00:00+09:00,14930.0,15020.0,14860.0,14990.0,7804,0.0,0.0
2023-09-12 12:00:00+09:00,14950.0,14980.0,14840.0,14840.0,3056,0.0,0.0
2023-09-12 13:00:00+09:00,14840.0,14910.0,14580.0,14620.0,6610,0.0,0.0
2023-09-12 14:00:00+09:00,14620.0,15060.0,14590.0,15060.0,13649,0.0,0.0
2023-09-13 09:00:00+09:00,15000.0,15000.0,14500.0,14830.0,8405,0.0,0.0
2023-09-13 10:00:00+09:00,14830.0,14880.0,14530.0,14570.0,9964,0.0,0.0
2023-09-13 11:00:00+09:00,14570.0,14640.0,14530.0,14620.0,3074,0.0,0.0
2023-09-13 12:00:00+09:00,14620.0,14620.0,14420.0,14430.0,10866,0.0,0.0
2023-09-13 13:00:00+09:00,14450.0,14500.0,14420.0,14490.0,4177,0.0,0.0
2023-09-13 14:00:00+09:00,14490.0,14490.0,14310.0,14310.0,8349,0.0,0.0
2023-09-14 09:00:00+09:00,14300.0,14770.0,14210.0,14640.0,13135,0.0,0.0
2023-09-14 10:00:00+09:00,14640.0,14640.0,14410.0,14480.0,3588,0.0,0.0
2023-09-14 11:00:00+09:00,14480.0,14500.0,14450.0,14450.0,506,0.0,0.0
2023-09-14 12:00:00+09:00,14450.0,14490.0,14370.0,14460.0,3490,0.0,0.0
2023-09-14 13:00:00+09:00,14380.0,14470.0,14380.0,14450.0,1817,0.0,0.0
2023-09-14 14:00:00+09:00,14450.0,14450.0,14250.0,14330.0,3074,0.0,0.0
2023-09-15 09:00:00+09:00,14600.0,14600.0,14280.0,14400.0,4105,0.0,0.0
2023-09-15 10:00:00+09:00,14340.0,14400.0,14290.0,14380.0,2448,0.0,0.0
2023-09-15 11:00:00+09:00,14310.0,14370.0,14290.0,14290.0,1577,0.0,0.0
2023-09-15 12:00:00+09:00,14280.0,14320.0,14200.0,14200.0,3053,0.0,0.0
2023-09-15 13:00:00+09:00,14190.0,14190.0,13930.0,14040.0,6506,0.0,0.0
2023-09-15 14:00:00+09:00,14060.0,14150.0,13930.0,14140.0,14049,0.0,0.0
2023-09-18 09:00:00+09:00,14060.0,14160.0,13860.0,14120.0,0,0.0,0.0
2023-09-18 10:00:00+09:00,14150.0,14320.0,14080.0,14260.0,3582,0.0,0.0
2023-09-18 11:00:00+09:00,14260.0,14430.0,14260.0,14340.0,4233,0.0,0.0
2023-09-18 12:00:00+09:00,14340.0,14380.0,14150.0,14260.0,3790,0.0,0.0
2023-09-18 13:00:00+09:00,14260.0,14410.0,14180.0,14340.0,5189,0.0,0.0
2023-09-18 14:00:00+09:00,14390.0,14540.0,14320.0,14440.0,14934,0.0,0.0
2023-09-19 09:00:00+09:00,14250.0,14530.0,14250.0,14260.0,0,0.0,0.0
2023-09-19 10:00:00+09:00,14270.0,14280.0,14100.0,14170.0,18985,0.0,0.0
2023-09-19 11:00:00+09:00,14150.0,14240.0,14040.0,14060.0,2876,0.0,0.0
2023-09-19 12:00:00+09:00,14060.0,14120.0,14040.0,14040.0,2748,0.0,0.0
2023-09-19 13:00:00+09:00,14040.0,14040.0,13900.0,13900.0,7527,0.0,0.0
2023-09-19 14:00:00+09:00,13900.0,13980.0,13740.0,13920.0,10877,0.0,0.0
2023-09-20 09:00:00+09:00,13890.0,14090.0,13850.0,13970.0,2823,0.0,0.0
2023-09-20 10:00:00+09:00,13960.0,14400.0,13960.0,14290.0,14030,0.0,0.0
2023-09-20 11:00:00+09:00,14250.0,14440.0,14180.0,14430.0,10183,0.0,0.0
2023-09-20 12:00:00+09:00,14430.0,14470.0,14350.0,14350.0,6902,0.0,0.0
2023-09-20 13:00:00+09:00,14350.0,14390.0,14310.0,14320.0,1446,0.0,0.0
2023-09-20 14:00:00+09:00,14330.0,14380.0,14300.0,14370.0,4096,0.0,0.0
2023-09-21 09:00:00+09:00,14370.0,14370.0,13920.0,13920.0,10697,0.0,0.0
2023-09-21 10:00:00+09:00,13940.0,14040.0,13830.0,13960.0,10482,0.0,0.0
2023-09-21 11:00:00+09:00,13970.0,14040.0,13910.0,13940.0,3241,0.0,0.0
2023-09-21 12:00:00+09:00,13950.0,13990.0,13750.0,13760.0,10842,0.0,0.0
2023-09-21 13:00:00+09:00,13760.0,13940.0,13750.0,13900.0,1687,0.0,0.0
2023-09-21 14:00:00+09:00,13850.0,13900.0,13730.0,13790.0,3536,0.0,0.0
2023-09-22 09:00:00+09:00,12360.0,13060.0,12330.0,12850.0,87434,0.0,0.0
2023-09-22 10:00:00+09:00,12850.0,12950.0,12810.0,12940.0,6032,0.0,0.0
2023-09-22 11:00:00+09:00,12930.0,13150.0,12920.0,13070.0,5244,0.0,0.0
2023-09-22 12:00:00+09:00,13090.0,13100.0,13030.0,13030.0,7269,0.0,0.0
2023-09-22 13:00:00+09:00,13060.0,13080.0,12900.0,12910.0,3325,0.0,0.0
2023-09-22 14:00:00+09:00,12910.0,13070.0,12850.0,12940.0,9007,0.0,0.0
2023-09-25 09:00:00+09:00,12750.0,13580.0,12750.0,13460.0,0,0.0,0.0
2023-09-25 10:00:00+09:00,13380.0,13470.0,13070.0,13130.0,12672,0.0,0.0
2023-09-25 11:00:00+09:00,13130.0,13200.0,13080.0,13100.0,2735,0.0,0.0
2023-09-25 12:00:00+09:00,13100.0,13370.0,13070.0,13360.0,9317,0.0,0.0
2023-09-25 13:00:00+09:00,13360.0,13360.0,13100.0,13120.0,4277,0.0,0.0
2023-09-25 14:00:00+09:00,13140.0,13150.0,13040.0,13060.0,2821,0.0,0.0
2023-09-26 09:00:00+09:00,12820.0,13250.0,12590.0,12750.0,22708,0.0,0.0
2023-09-26 10:00:00+09:00,12750.0,13030.0,12610.0,12780.0,4897,0.0,0.0
2023-09-26 11:00:00+09:00,12780.0,12810.0,12610.0,12730.0,6292,0.0,0.0
2023-09-26 12:00:00+09:00,12730.0,12780.0,12590.0,12630.0,10326,0.0,0.0
2023-09-26 13:00:00+09:00,12640.0,12980.0,12630.0,12840.0,6461,0.0,0.0
2023-09-26 14:00:00+09:00,12900.0,12900.0,12650.0,12720.0,6046,0.0,0.0
2023-09-27 09:00:00+09:00,14640.0,15190.0,13650.0,14650.0,1070266,0.0,0.0
2023-09-27 10:00:00+09:00,14650.0,15150.0,14520.0,14590.0,232244,0.0,0.0
2023-09-27 11:00:00+09:00,14550.0,14610.0,14130.0,14220.0,107407,0.0,0.0
2023-09-27 12:00:00+09:00,14230.0,14380.0,14130.0,14250.0,40726,0.0,0.0
2023-09-27 13:00:00+09:00,14220.0,14300.0,14130.0,14300.0,25261,0.0,0.0
2023-09-27 14:00:00+09:00,14300.0,15200.0,13950.0,14950.0,290634,0.0,0.0
2023-10-04 09:00:00+09:00,14300.0,14340.0,13710.0,13900.0,0,0.0,0.0
2023-10-04 10:00:00+09:00,13910.0,14400.0,13900.0,13910.0,46386,0.0,0.0
2023-10-04 11:00:00+09:00,13910.0,13940.0,13750.0,13850.0,14084,0.0,0.0
2023-10-04 12:00:00+09:00,13850.0,13930.0,13760.0,13840.0,10722,0.0,0.0
2023-10-04 13:00:00+09:00,13840.0,13990.0,13820.0,13920.0,7815,0.0,0.0
2023-10-04 14:00:00+09:00,13920.0,13950.0,13800.0,13800.0,10945,0.0,0.0
2023-10-05 09:00:00+09:00,13610.0,13830.0,13580.0,13660.0,37372,0.0,0.0
2023-10-05 10:00:00+09:00,13660.0,13810.0,13650.0,13700.0,14003,0.0,0.0
2023-10-05 11:00:00+09:00,13750.0,13780.0,13620.0,13770.0,5619,0.0,0.0
2023-10-05 12:00:00+09:00,13750.0,13760.0,13610.0,13710.0,3110,0.0,0.0
2023-10-05 13:00:00+09:00,13660.0,13710.0,13550.0,13580.0,7138,0.0,0.0
2023-10-05 14:00:00+09:00,13600.0,13600.0,13330.0,13370.0,13107,0.0,0.0
2023-10-06 09:00:00+09:00,13360.0,13670.0,13330.0,13440.0,11950,0.0,0.0
2023-10-06 10:00:00+09:00,13450.0,13740.0,13450.0,13740.0,5166,0.0,0.0
2023-10-06 11:00:00+09:00,13680.0,14140.0,13620.0,14090.0,23666,0.0,0.0
2023-10-06 12:00:00+09:00,14140.0,14140.0,13930.0,13960.0,9911,0.0,0.0
2023-10-06 13:00:00+09:00,13970.0,14120.0,13900.0,14120.0,9154,0.0,0.0
2023-10-06 14:00:00+09:00,14070.0,14090.0,13910.0,14010.0,10415,0.0,0.0
2023-10-10 09:00:00+09:00,14100.0,14160.0,13880.0,14040.0,0,0.0,0.0
2023-10-10 10:00:00+09:00,14080.0,14310.0,14080.0,14300.0,9546,0.0,0.0
2023-10-10 11:00:00+09:00,14300.0,14380.0,14230.0,14340.0,9248,0.0,0.0
2023-10-10 12:00:00+09:00,14340.0,14410.0,14240.0,14280.0,15238,0.0,0.0
2023-10-10 13:00:00+09:00,14280.0,14360.0,14210.0,14360.0,15852,0.0,0.0
2023-10-10 14:00:00+09:00,14320.0,14480.0,14250.0,14430.0,22835,0.0,0.0
2023-10-11 09:00:00+09:00,14420.0,14520.0,14260.0,14420.0,19748,0.0,0.0
2023-10-11 10:00:00+09:00,14370.0,14430.0,14340.0,14370.0,6690,0.0,0.0
2023-10-11 11:00:00+09:00,14370.0,14400.0,14260.0,14300.0,15809,0.0,0.0
2023-10-11 12:00:00+09:00,14290.0,14350.0,14280.0,14280.0,2905,0.0,0.0
2023-10-11 13:00:00+09:00,14290.0,14350.0,14220.0,14340.0,7161,0.0,0.0
2023-10-11 14:00:00+09:00,14320.0,14340.0,14180.0,14210.0,14374,0.0,0.0
2023-10-12 09:00:00+09:00,14300.0,14300.0,13800.0,13900.0,43596,0.0,0.0
2023-10-12 10:00:00+09:00,13910.0,13950.0,13740.0,13870.0,22009,0.0,0.0
2023-10-12 11:00:00+09:00,13860.0,13880.0,13710.0,13710.0,22258,0.0,0.0
2023-10-12 12:00:00+09:00,13710.0,13780.0,13640.0,13770.0,7792,0.0,0.0
2023-10-12 13:00:00+09:00,13760.0,13780.0,13680.0,13700.0,6855,0.0,0.0
2023-10-12 14:00:00+09:00,13700.0,13700.0,13580.0,13640.0,8017,0.0,0.0
2023-10-13 09:00:00+09:00,13500.0,13720.0,13500.0,13650.0,8676,0.0,0.0
2023-10-13 10:00:00+09:00,13620.0,13650.0,13530.0,13550.0,3863,0.0,0.0
2023-10-13 11:00:00+09:00,13550.0,13610.0,13400.0,13400.0,7994,0.0,0.0
2023-10-13 12:00:00+09:00,13400.0,13490.0,13310.0,13330.0,3054,0.0,0.0
2023-10-13 13:00:00+09:00,13330.0,13430.0,13280.0,13370.0,1761,0.0,0.0
2023-10-13 14:00:00+09:00,13310.0,13470.0,13270.0,13420.0,6087,0.0,0.0
2023-10-16 09:00:00+09:00,13200.0,13320.0,13000.0,13190.0,0,0.0,0.0
2023-10-16 10:00:00+09:00,13190.0,13290.0,13000.0,13120.0,8669,0.0,0.0
2023-10-16 11:00:00+09:00,13110.0,13110.0,13000.0,13050.0,9239,0.0,0.0
2023-10-16 12:00:00+09:00,13050.0,13090.0,12850.0,12950.0,7102,0.0,0.0
2023-10-16 13:00:00+09:00,12940.0,12950.0,12780.0,12790.0,8321,0.0,0.0
2023-10-16 14:00:00+09:00,12800.0,12900.0,12790.0,12840.0,4837,0.0,0.0
2023-10-17 09:00:00+09:00,12990.0,13250.0,12900.0,13160.0,10148,0.0,0.0
2023-10-17 10:00:00+09:00,13160.0,13310.0,13100.0,13250.0,5079,0.0,0.0
2023-10-17 11:00:00+09:00,13250.0,13420.0,13250.0,13420.0,4868,0.0,0.0
2023-10-17 12:00:00+09:00,13420.0,13470.0,13250.0,13440.0,5572,0.0,0.0
2023-10-17 13:00:00+09:00,13420.0,13500.0,13280.0,13450.0,15194,0.0,0.0
2023-10-17 14:00:00+09:00,13440.0,13440.0,13300.0,13300.0,1167,0.0,0.0
2023-10-18 09:00:00+09:00,13500.0,13500.0,13230.0,13250.0,0,0.0,0.0
2023-10-18 10:00:00+09:00,13260.0,13280.0,13170.0,13200.0,10029,0.0,0.0
2023-10-18 11:00:00+09:00,13200.0,13250.0,13170.0,13170.0,2571,0.0,0.0
2023-10-18 12:00:00+09:00,13180.0,13190.0,13020.0,13070.0,3683,0.0,0.0
2023-10-18 13:00:00+09:00,13070.0,13120.0,12990.0,13010.0,2582,0.0,0.0
2023-10-18 14:00:00+09:00,13000.0,13000.0,12800.0,12940.0,2723,0.0,0.0
2023-10-19 09:00:00+09:00,12690.0,12840.0,12550.0,12840.0,11767,0.0,0.0
2023-10-19 10:00:00+09:00,12840.0,12890.0,12740.0,12870.0,6092,0.0,0.0
2023-10-19 11:00:00+09:00,12870.0,12910.0,12750.0,12910.0,2911,0.0,0.0
2023-10-19 12:00:00+09:00,12930.0,12930.0,12750.0,12890.0,830,0.0,0.0
2023-10-19 13:00:00+09:00,12830.0,12880.0,12760.0,12800.0,5176,0.0,0.0
2023-10-19 14:00:00+09:00,12770.0,12820.0,12710.0,12790.0,4983,0.0,0.0
2023-10-20 09:00:00+09:00,12550.0,12650.0,12030.0,12040.0,17720,0.0,0.0
2023-10-20 10:00:00+09:00,12040.0,12240.0,12040.0,12230.0,2168,0.0,0.0
2023-10-20 11:00:00+09:00,12230.0,13450.0,12230.0,13070.0,171259,0.0,0.0
2023-10-20 12:00:00+09:00,12950.0,13700.0,12580.0,12770.0,67411,0.0,0.0
2023-10-20 13:00:00+09:00,12650.0,12820.0,12630.0,12770.0,6566,0.0,0.0
2023-10-20 14:00:00+09:00,12770.0,13060.0,12710.0,12890.0,19845,0.0,0.0
2023-10-23 09:00:00+09:00,12610.0,12940.0,12590.0,12790.0,0,0.0,0.0
2023-10-23 10:00:00+09:00,12860.0,12860.0,12700.0,12830.0,3215,0.0,0.0
2023-10-23 11:00:00+09:00,12790.0,12880.0,12700.0,12700.0,3760,0.0,0.0
2023-10-23 12:00:00+09:00,12710.0,12770.0,12640.0,12700.0,3677,0.0,0.0
2023-10-23 13:00:00+09:00,12710.0,12770.0,12500.0,12500.0,6670,0.0,0.0
2023-10-23 14:00:00+09:00,12520.0,12630.0,12510.0,12510.0,3825,0.0,0.0
2023-10-24 09:00:00+09:00,12400.0,12670.0,12400.0,12620.0,3508,0.0,0.0
2023-10-24 10:00:00+09:00,12600.0,12600.0,12100.0,12270.0,10727,0.0,0.0
2023-10-24 11:00:00+09:00,12240.0,12520.0,12240.0,12520.0,1114,0.0,0.0
2023-10-24 12:00:00+09:00,12470.0,12620.0,12410.0,12590.0,2701,0.0,0.0
2023-10-24 13:00:00+09:00,12540.0,12670.0,12370.0,12670.0,2822,0.0,0.0
2023-10-24 14:00:00+09:00,12670.0,12810.0,12640.0,12800.0,5001,0.0,0.0
2023-10-25 09:00:00+09:00,12850.0,13300.0,12820.0,13300.0,15625,0.0,0.0
2023-10-25 10:00:00+09:00,13300.0,13690.0,13210.0,13530.0,41983,0.0,0.0
2023-10-25 11:00:00+09:00,13520.0,13580.0,13380.0,13380.0,6618,0.0,0.0
2023-10-25 12:00:00+09:00,13380.0,13420.0,13210.0,13270.0,5364,0.0,0.0
2023-10-25 13:00:00+09:00,13240.0,13290.0,13200.0,13290.0,6030,0.0,0.0
2023-10-25 14:00:00+09:00,13270.0,13400.0,13200.0,13200.0,6291,0.0,0.0
2023-10-26 09:00:00+09:00,12980.0,13170.0,12840.0,12880.0,15444,0.0,0.0
2023-10-26 10:00:00+09:00,12950.0,13000.0,12850.0,12870.0,5030,0.0,0.0
2023-10-26 11:00:00+09:00,12860.0,12910.0,12780.0,12800.0,6562,0.0,0.0
2023-10-26 12:00:00+09:00,12780.0,12780.0,12500.0,12730.0,6914,0.0,0.0
2023-10-26 13:00:00+09:00,12730.0,12740.0,12630.0,12630.0,1577,0.0,0.0
2023-10-26 14:00:00+09:00,12630.0,12910.0,12620.0,12900.0,6548,0.0,0.0
2023-10-27 09:00:00+09:00,12600.0,12890.0,12600.0,12870.0,9379,0.0,0.0
2023-10-27 10:00:00+09:00,12870.0,13070.0,12870.0,12960.0,2270,0.0,0.0
2023-10-27 11:00:00+09:00,12920.0,13020.0,12890.0,13020.0,2682,0.0,0.0
2023-10-27 12:00:00+09:00,13020.0,13090.0,12820.0,12820.0,4916,0.0,0.0
2023-10-27 13:00:00+09:00,12810.0,12910.0,12790.0,12900.0,996,0.0,0.0
2023-10-27 14:00:00+09:00,12900.0,12900.0,12720.0,12850.0,2839,0.0,0.0
2023-10-30 09:00:00+09:00,12800.0,13200.0,12800.0,13140.0,0,0.0,0.0
2023-10-30 10:00:00+09:00,13150.0,13270.0,13090.0,13200.0,9473,0.0,0.0
2023-10-30 11:00:00+09:00,13200.0,13200.0,13130.0,13180.0,3788,0.0,0.0
2023-10-30 12:00:00+09:00,13160.0,13230.0,13130.0,13150.0,1734,0.0,0.0
2023-10-30 13:00:00+09:00,13150.0,13240.0,13150.0,13190.0,5120,0.0,0.0
2023-10-30 14:00:00+09:00,13190.0,13220.0,13160.0,13160.0,1903,0.0,0.0
2023-10-31 09:00:00+09:00,13480.0,13480.0,13110.0,13170.0,8182,0.0,0.0
2023-10-31 10:00:00+09:00,13180.0,13500.0,13170.0,13450.0,8017,0.0,0.0
2023-10-31 11:00:00+09:00,13450.0,13590.0,13380.0,13380.0,7255,0.0,0.0
2023-10-31 12:00:00+09:00,13380.0,13430.0,13320.0,13430.0,7710,0.0,0.0
2023-10-31 13:00:00+09:00,13400.0,13400.0,13250.0,13260.0,6380,0.0,0.0
2023-10-31 14:00:00+09:00,13330.0,13400.0,13260.0,13400.0,3302,0.0,0.0
2023-11-01 09:00:00+09:00,13390.0,13610.0,13390.0,13480.0,13822,0.0,0.0
2023-11-01 10:00:00+09:00,13480.0,13540.0,13290.0,13290.0,7227,0.0,0.0
2023-11-01 11:00:00+09:00,13280.0,13410.0,13250.0,13290.0,3318,0.0,0.0
2023-11-01 12:00:00+09:00,13370.0,13410.0,13330.0,13350.0,847,0.0,0.0
2023-11-01 13:00:00+09:00,13350.0,13400.0,13300.0,13300.0,3369,0.0,0.0
2023-11-01 14:00:00+09:00,13290.0,13290.0,13210.0,13220.0,6763,0.0,0.0
2023-11-02 09:00:00+09:00,13450.0,13450.0,13200.0,13390.0,9479,0.0,0.0
2023-11-02 10:00:00+09:00,13320.0,13440.0,13320.0,13400.0,1807,0.0,0.0
2023-11-02 11:00:00+09:00,13430.0,13600.0,13390.0,13590.0,19887,0.0,0.0
2023-11-02 12:00:00+09:00,13570.0,13570.0,13520.0,13560.0,9092,0.0,0.0
2023-11-02 13:00:00+09:00,13560.0,13560.0,13460.0,13490.0,4440,0.0,0.0
2023-11-02 14:00:00+09:00,13480.0,13480.0,13400.0,13420.0,1983,0.0,0.0
2023-11-03 09:00:00+09:00,13450.0,13560.0,13380.0,13470.0,4955,0.0,0.0
2023-11-03 10:00:00+09:00,13500.0,13770.0,13430.0,13770.0,23014,0.0,0.0
2023-11-03 11:00:00+09:00,13770.0,13800.0,13730.0,13800.0,5286,0.0,0.0
2023-11-03 12:00:00+09:00,13790.0,13790.0,13710.0,13760.0,3709,0.0,0.0
2023-11-03 13:00:00+09:00,13730.0,13800.0,13720.0,13790.0,3144,0.0,0.0
2023-11-03 14:00:00+09:00,13790.0,13840.0,13790.0,13790.0,3569,0.0,0.0
2023-11-06 09:00:00+09:00,13770.0,13890.0,13630.0,13870.0,0,0.0,0.0
2023-11-06 10:00:00+09:00,13870.0,13870.0,13700.0,13770.0,6591,0.0,0.0
2023-11-06 11:00:00+09:00,13700.0,13760.0,13550.0,13660.0,9969,0.0,0.0
2023-11-06 12:00:00+09:00,13640.0,13690.0,13550.0,13690.0,4339,0.0,0.0
2023-11-06 13:00:00+09:00,13640.0,13690.0,13550.0,13650.0,4757,0.0,0.0
2023-11-06 14:00:00+09:00,13640.0,13650.0,13540.0,13620.0,4384,0.0,0.0
2023-11-07 09:00:00+09:00,13530.0,13750.0,13530.0,13560.0,4115,0.0,0.0
2023-11-07 10:00:00+09:00,13620.0,13650.0,13550.0,13630.0,983,0.0,0.0
2023-11-07 11:00:00+09:00,13600.0,13630.0,13530.0,13590.0,3229,0.0,0.0
2023-11-07 12:00:00+09:00,13610.0,13610.0,13470.0,13580.0,2858,0.0,0.0
2023-11-07 13:00:00+09:00,13580.0,13580.0,13410.0,13470.0,3429,0.0,0.0
2023-11-07 14:00:00+09:00,13520.0,13550.0,13480.0,13480.0,1450,0.0,0.0
2023-11-08 09:00:00+09:00,13420.0,13640.0,13420.0,13510.0,1691,0.0,0.0
2023-11-08 10:00:00+09:00,13520.0,13550.0,13480.0,13490.0,2059,0.0,0.0
2023-11-08 11:00:00+09:00,13490.0,13640.0,13480.0,13560.0,4017,0.0,0.0
2023-11-08 12:00:00+09:00,13560.0,13620.0,13500.0,13570.0,1745,0.0,0.0
2023-11-08 13:00:00+09:00,13570.0,13620.0,13520.0,13580.0,490,0.0,0.0
2023-11-08 14:00:00+09:00,13580.0,13580.0,13410.0,13510.0,5834,0.0,0.0
2023-11-09 09:00:00+09:00,13500.0,13590.0,13410.0,13490.0,2441,0.0,0.0
2023-11-09 10:00:00+09:00,13420.0,13480.0,13380.0,13430.0,947,0.0,0.0
2023-11-09 11:00:00+09:00,13460.0,13460.0,13390.0,13460.0,865,0.0,0.0
2023-11-09 12:00:00+09:00,13430.0,13600.0,13430.0,13540.0,2806,0.0,0.0
2023-11-09 13:00:00+09:00,13450.0,14350.0,13010.0,13100.0,155086,0.0,0.0
2023-11-09 14:00:00+09:00,13090.0,13570.0,13040.0,13530.0,11747,0.0,0.0
2023-11-10 09:00:00+09:00,13480.0,13480.0,13260.0,13270.0,6960,0.0,0.0
2023-11-10 10:00:00+09:00,13270.0,13330.0,13240.0,13280.0,1227,0.0,0.0
2023-11-10 11:00:00+09:00,13250.0,13300.0,13240.0,13240.0,992,0.0,0.0
2023-11-10 12:00:00+09:00,13300.0,13320.0,13270.0,13320.0,1388,0.0,0.0
2023-11-10 13:00:00+09:00,13270.0,13330.0,13270.0,13330.0,548,0.0,0.0
2023-11-10 14:00:00+09:00,13330.0,13410.0,13290.0,13350.0,1704,0.0,0.0
2023-11-13 09:00:00+09:00,13400.0,13530.0,13400.0,13410.0,0,0.0,0.0
2023-11-13 10:00:00+09:00,13410.0,13450.0,13330.0,13400.0,2861,0.0,0.0
2023-11-13 11:00:00+09:00,13430.0,13510.0,13430.0,13510.0,2399,0.0,0.0
2023-11-13 12:00:00+09:00,13440.0,13500.0,13410.0,13410.0,837,0.0,0.0
2023-11-13 13:00:00+09:00,13410.0,13410.0,13260.0,13330.0,4901,0.0,0.0
2023-11-13 14:00:00+09:00,13330.0,13430.0,13290.0,13430.0,1705,0.0,0.0
2023-11-14 09:00:00+09:00,13220.0,13540.0,13220.0,13370.0,2863,0.0,0.0
2023-11-14 10:00:00+09:00,13320.0,13380.0,13290.0,13300.0,1041,0.0,0.0
2023-11-14 11:00:00+09:00,13350.0,13420.0,13270.0,13360.0,4534,0.0,0.0
2023-11-14 12:00:00+09:00,13380.0,13530.0,13380.0,13520.0,2127,0.0,0.0
2023-11-14 13:00:00+09:00,13520.0,13530.0,13450.0,13500.0,925,0.0,0.0
2023-11-14 14:00:00+09:00,13520.0,13520.0,13460.0,13520.0,715,0.0,0.0
2023-11-15 09:00:00+09:00,13590.0,13910.0,13570.0,13810.0,13604,0.0,0.0
2023-11-15 10:00:00+09:00,13830.0,13830.0,13770.0,13810.0,2330,0.0,0.0
2023-11-15 11:00:00+09:00,13810.0,13810.0,13720.0,13770.0,1361,0.0,0.0
2023-11-15 12:00:00+09:00,13760.0,13770.0,13410.0,13660.0,4082,0.0,0.0
2023-11-15 13:00:00+09:00,13670.0,13740.0,13670.0,13710.0,5578,0.0,0.0
2023-11-15 14:00:00+09:00,13710.0,13770.0,13690.0,13740.0,2583,0.0,0.0
2023-11-16 10:00:00+09:00,13970.0,14000.0,13660.0,13950.0,11542,0.0,0.0
2023-11-16 11:00:00+09:00,13990.0,14000.0,13830.0,13960.0,4480,0.0,0.0
2023-11-16 12:00:00+09:00,13960.0,14140.0,13880.0,14130.0,25585,0.0,0.0
2023-11-16 13:00:00+09:00,14110.0,14140.0,14040.0,14070.0,4798,0.0,0.0
2023-11-16 14:00:00+09:00,14080.0,14140.0,14070.0,14120.0,6489,0.0,0.0
2023-11-17 09:00:00+09:00,14070.0,14180.0,13980.0,14050.0,6864,0.0,0.0
2023-11-17 10:00:00+09:00,14090.0,14180.0,14020.0,14150.0,9587,0.0,0.0
2023-11-17 11:00:00+09:00,14150.0,14190.0,14100.0,14150.0,6373,0.0,0.0
2023-11-17 12:00:00+09:00,14150.0,14180.0,14090.0,14180.0,2903,0.0,0.0
2023-11-17 13:00:00+09:00,14180.0,14200.0,14100.0,14150.0,1676,0.0,0.0
2023-11-17 14:00:00+09:00,14150.0,14190.0,14100.0,14120.0,2958,0.0,0.0
2023-11-20 09:00:00+09:00,14200.0,14350.0,14060.0,14240.0,0,0.0,0.0
2023-11-20 10:00:00+09:00,14240.0,14310.0,14140.0,14240.0,2752,0.0,0.0
2023-11-20 11:00:00+09:00,14210.0,14230.0,14100.0,14220.0,24301,0.0,0.0
2023-11-20 12:00:00+09:00,14220.0,14220.0,14170.0,14210.0,3987,0.0,0.0
2023-11-20 13:00:00+09:00,14190.0,14200.0,14130.0,14190.0,3091,0.0,0.0
2023-11-20 14:00:00+09:00,14190.0,14230.0,14130.0,14170.0,6408,0.0,0.0
2023-11-21 09:00:00+09:00,14210.0,14290.0,14140.0,14270.0,5398,0.0,0.0
2023-11-21 10:00:00+09:00,14270.0,14430.0,14270.0,14330.0,11696,0.0,0.0
2023-11-21 11:00:00+09:00,14330.0,14350.0,14280.0,14330.0,2415,0.0,0.0
2023-11-21 12:00:00+09:00,14300.0,14340.0,14270.0,14300.0,2263,0.0,0.0
2023-11-21 13:00:00+09:00,14300.0,14300.0,14270.0,14300.0,2495,0.0,0.0
2023-11-21 14:00:00+09:00,14270.0,14300.0,14200.0,14280.0,6451,0.0,0.0
2023-11-22 09:00:00+09:00,14270.0,14350.0,14190.0,14190.0,5066,0.0,0.0
2023-11-22 10:00:00+09:00,14220.0,14280.0,14180.0,14280.0,1864,0.0,0.0
2023-11-22 11:00:00+09:00,14280.0,14480.0,14280.0,14450.0,7655,0.0,0.0
2023-11-22 12:00:00+09:00,14470.0,14470.0,14410.0,14440.0,3392,0.0,0.0
2023-11-22 13:00:00+09:00,14420.0,14460.0,14420.0,14440.0,3570,0.0,0.0
2023-11-22 14:00:00+09:00,14440.0,14450.0,14390.0,14440.0,3319,0.0,0.0
2023-11-23 09:00:00+09:00,14480.0,14610.0,14400.0,14400.0,14161,0.0,0.0
2023-11-23 10:00:00+09:00,14420.0,14500.0,14390.0,14500.0,3314,0.0,0.0
2023-11-23 11:00:00+09:00,14500.0,14530.0,14430.0,14500.0,7530,0.0,0.0
2023-11-23 12:00:00+09:00,14500.0,14500.0,14440.0,14490.0,2794,0.0,0.0
2023-11-23 13:00:00+09:00,14460.0,14490.0,14400.0,14430.0,8004,0.0,0.0
2023-11-23 14:00:00+09:00,14440.0,14440.0,14340.0,14400.0,14880,0.0,0.0
2023-11-24 09:00:00+09:00,14500.0,14590.0,14410.0,14470.0,5236,0.0,0.0
2023-11-24 10:00:00+09:00,14480.0,14480.0,14340.0,14380.0,5441,0.0,0.0
2023-11-24 11:00:00+09:00,14350.0,14380.0,14250.0,14260.0,5446,0.0,0.0
2023-11-24 12:00:00+09:00,14260.0,14310.0,14250.0,14310.0,2283,0.0,0.0
2023-11-24 13:00:00+09:00,14310.0,14310.0,14270.0,14280.0,2156,0.0,0.0
2023-11-24 14:00:00+09:00,14280.0,14320.0,14260.0,14320.0,3282,0.0,0.0
2023-11-27 09:00:00+09:00,14320.0,14390.0,14210.0,14270.0,0,0.0,0.0
2023-11-27 10:00:00+09:00,14270.0,14380.0,14250.0,14320.0,3809,0.0,0.0
2023-11-27 11:00:00+09:00,14330.0,14370.0,14300.0,14350.0,369,0.0,0.0
2023-11-27 12:00:00+09:00,14330.0,14350.0,14280.0,14330.0,2585,0.0,0.0
2023-11-27 13:00:00+09:00,14330.0,14330.0,14260.0,14300.0,1298,0.0,0.0
2023-11-27 14:00:00+09:00,14300.0,14300.0,14260.0,14280.0,1895,0.0,0.0
2023-11-28 09:00:00+09:00,14160.0,14520.0,14160.0,14430.0,8051,0.0,0.0
2023-11-28 10:00:00+09:00,14420.0,14440.0,14330.0,14440.0,2321,0.0,0.0
2023-11-28 11:00:00+09:00,14430.0,14430.0,14360.0,14380.0,367,0.0,0.0
2023-11-28 12:00:00+09:00,14390.0,14500.0,14300.0,14460.0,11986,0.0,0.0
2023-11-28 13:00:00+09:00,14460.0,14460.0,14400.0,14410.0,140,0.0,0.0
2023-11-28 14:00:00+09:00,14410.0,14440.0,14350.0,14440.0,4573,0.0,0.0
2023-11-29 09:00:00+09:00,14440.0,14500.0,14370.0,14410.0,4835,0.0,0.0
2023-11-29 10:00:00+09:00,14430.0,14500.0,14430.0,14490.0,2696,0.0,0.0
2023-11-29 11:00:00+09:00,14490.0,14550.0,14480.0,14520.0,2644,0.0,0.0
2023-11-29 12:00:00+09:00,14520.0,14590.0,14520.0,14520.0,2261,0.0,0.0
2023-11-29 13:00:00+09:00,14510.0,14640.0,14500.0,14580.0,0,0.0,0.0
2023-11-29 14:00:00+09:00,14590.0,14600.0,14490.0,14520.0,23391,0.0,0.0
2023-11-30 09:00:00+09:00,14550.0,14590.0,14360.0,14590.0,6837,0.0,0.0
2023-11-30 10:00:00+09:00,14560.0,14560.0,14470.0,14470.0,4994,0.0,0.0
2023-11-30 11:00:00+09:00,14480.0,14570.0,14480.0,14560.0,2109,0.0,0.0
2023-11-30 12:00:00+09:00,14520.0,14560.0,14490.0,14550.0,3264,0.0,0.0
2023-11-30 13:00:00+09:00,14540.0,14550.0,14490.0,14500.0,3329,0.0,0.0
2023-11-30 14:00:00+09:00,14510.0,14530.0,14300.0,14320.0,19103,0.0,0.0
2023-12-01 09:00:00+09:00,14350.0,14350.0,13980.0,14170.0,11399,0.0,0.0
2023-12-01 10:00:00+09:00,14170.0,14450.0,14140.0,14420.0,4518,0.0,0.0
2023-12-01 11:00:00+09:00,14420.0,14420.0,14350.0,14400.0,675,0.0,0.0
2023-12-01 12:00:00+09:00,14400.0,14400.0,14300.0,14380.0,2207,0.0,0.0
2023-12-01 13:00:00+09:00,14300.0,14390.0,14300.0,14340.0,1029,0.0,0.0
2023-12-01 14:00:00+09:00,14380.0,14400.0,14350.0,14380.0,2986,0.0,0.0
2023-12-04 09:00:00+09:00,14310.0,14390.0,14160.0,14210.0,0,0.0,0.0
2023-12-04 10:00:00+09:00,14170.0,14190.0,14130.0,14140.0,7044,0.0,0.0
2023-12-04 11:00:00+09:00,14130.0,14180.0,14130.0,14160.0,636,0.0,0.0
2023-12-04 12:00:00+09:00,14170.0,14170.0,14130.0,14150.0,3031,0.0,0.0
2023-12-04 13:00:00+09:00,14130.0,14150.0,14110.0,14120.0,5377,0.0,0.0
2023-12-04 14:00:00+09:00,14120.0,14120.0,14050.0,14050.0,6150,0.0,0.0
2023-12-05 09:00:00+09:00,13830.0,14070.0,13760.0,14040.0,6704,0.0,0.0
2023-12-05 10:00:00+09:00,14040.0,14040.0,13940.0,13940.0,652,0.0,0.0
2023-12-05 11:00:00+09:00,13940.0,13990.0,13900.0,13990.0,1965,0.0,0.0
2023-12-05 12:00:00+09:00,13990.0,14000.0,13950.0,14000.0,1231,0.0,0.0
2023-12-05 13:00:00+09:00,13990.0,13990.0,13830.0,13910.0,7212,0.0,0.0
2023-12-05 14:00:00+09:00,13900.0,14650.0,13840.0,13990.0,31010,0.0,0.0
2023-12-06 09:00:00+09:00,13960.0,14050.0,13930.0,13930.0,5754,0.0,0.0
2023-12-06 10:00:00+09:00,13950.0,14030.0,13920.0,13940.0,3796,0.0,0.0
2023-12-06 11:00:00+09:00,13950.0,13980.0,13940.0,13980.0,1072,0.0,0.0
2023-12-06 12:00:00+09:00,13960.0,13980.0,13960.0,13970.0,2139,0.0,0.0
2023-12-06 13:00:00+09:00,13970.0,14010.0,13970.0,14000.0,1487,0.0,0.0
2023-12-06 14:00:00+09:00,13990.0,14000.0,13970.0,13970.0,1733,0.0,0.0
2023-12-07 09:00:00+09:00,13840.0,14000.0,13840.0,13960.0,2617,0.0,0.0
2023-12-07 10:00:00+09:00,13960.0,13960.0,13890.0,13930.0,4022,0.0,0.0
2023-12-07 11:00:00+09:00,13930.0,13930.0,13870.0,13920.0,2621,0.0,0.0
2023-12-07 12:00:00+09:00,13940.0,14030.0,13930.0,13990.0,1725,0.0,0.0
2023-12-07 13:00:00+09:00,13990.0,14040.0,13960.0,13990.0,3220,0.0,0.0
2023-12-07 14:00:00+09:00,13990.0,13990.0,13860.0,13900.0,4560,0.0,0.0
2023-12-08 09:00:00+09:00,13770.0,13990.0,13770.0,13990.0,13489,0.0,0.0
2023-12-08 10:00:00+09:00,13990.0,14020.0,13830.0,13920.0,1985,0.0,0.0
2023-12-08 11:00:00+09:00,13920.0,13980.0,13920.0,13970.0,980,0.0,0.0
2023-12-08 12:00:00+09:00,13960.0,13970.0,13940.0,13970.0,1736,0.0,0.0
2023-12-08 13:00:00+09:00,13970.0,14020.0,13950.0,14000.0,6363,0.0,0.0
2023-12-08 14:00:00+09:00,14030.0,14100.0,14030.0,14060.0,3154,0.0,0.0
2023-12-11 09:00:00+09:00,14080.0,14300.0,14080.0,14230.0,0,0.0,0.0
2023-12-11 10:00:00+09:00,14230.0,14240.0,14160.0,14180.0,1035,0.0,0.0
2023-12-11 11:00:00+09:00,14180.0,14180.0,14160.0,14170.0,1880,0.0,0.0
2023-12-11 12:00:00+09:00,14180.0,14180.0,14140.0,14140.0,1692,0.0,0.0
2023-12-11 13:00:00+09:00,14140.0,14140.0,14090.0,14110.0,1437,0.0,0.0
2023-12-11 14:00:00+09:00,14130.0,14260.0,14080.0,14210.0,12314,0.0,0.0
2023-12-12 09:00:00+09:00,14230.0,14390.0,14170.0,14260.0,2834,0.0,0.0
2023-12-12 10:00:00+09:00,14180.0,14240.0,14150.0,14160.0,2624,0.0,0.0
2023-12-12 11:00:00+09:00,14220.0,14320.0,14170.0,14300.0,1810,0.0,0.0
2023-12-12 12:00:00+09:00,14320.0,14340.0,14300.0,14340.0,421,0.0,0.0
2023-12-12 13:00:00+09:00,14320.0,14340.0,14250.0,14340.0,1118,0.0,0.0
2023-12-12 14:00:00+09:00,14340.0,14340.0,14240.0,14310.0,1284,0.0,0.0
2023-12-13 09:00:00+09:00,14230.0,14430.0,14230.0,14300.0,8336,0.0,0.0
2023-12-13 10:00:00+09:00,14300.0,14300.0,14200.0,14300.0,14317,0.0,0.0
2023-12-13 11:00:00+09:00,14260.0,14370.0,14260.0,14370.0,1026,0.0,0.0
2023-12-13 12:00:00+09:00,14370.0,14380.0,14360.0,14380.0,913,0.0,0.0
2023-12-13 13:00:00+09:00,14380.0,14830.0,14240.0,14350.0,34829,0.0,0.0
2023-12-13 14:00:00+09:00,14340.0,14500.0,14310.0,14350.0,4406,0.0,0.0
2023-12-14 09:00:00+09:00,14370.0,14480.0,14220.0,14250.0,8379,0.0,0.0
2023-12-14 10:00:00+09:00,14330.0,14350.0,14260.0,14350.0,1890,0.0,0.0
2023-12-14 11:00:00+09:00,14330.0,14360.0,14250.0,14320.0,2097,0.0,0.0
2023-12-14 12:00:00+09:00,14270.0,14400.0,14250.0,14370.0,754,0.0,0.0
2023-12-14 13:00:00+09:00,14340.0,14380.0,14300.0,14310.0,1791,0.0,0.0
2023-12-14 14:00:00+09:00,14310.0,14440.0,14240.0,14270.0,3161,0.0,0.0
2023-12-15 09:00:00+09:00,14370.0,14400.0,14170.0,14250.0,6646,0.0,0.0
2023-12-15 10:00:00+09:00,14200.0,14270.0,14150.0,14190.0,4135,0.0,0.0
2023-12-15 11:00:00+09:00,14220.0,14250.0,14200.0,14200.0,1285,0.0,0.0
2023-12-15 12:00:00+09:00,14240.0,14240.0,14200.0,14210.0,1702,0.0,0.0
2023-12-15 13:00:00+09:00,14200.0,14250.0,14200.0,14240.0,1608,0.0,0.0
2023-12-15 14:00:00+09:00,14240.0,14290.0,14240.0,14270.0,1374,0.0,0.0
2023-12-18 09:00:00+09:00,14310.0,14390.0,14200.0,14390.0,0,0.0,0.0
2023-12-18 10:00:00+09:00,14350.0,14520.0,14340.0,14430.0,6655,0.0,0.0
2023-12-18 11:00:00+09:00,14440.0,14440.0,14320.0,14320.0,1883,0.0,0.0
2023-12-18 12:00:00+09:00,14370.0,14490.0,14300.0,14300.0,5851,0.0,0.0
2023-12-18 13:00:00+09:00,14350.0,14390.0,14300.0,14360.0,2318,0.0,0.0
2023-12-18 14:00:00+09:00,14360.0,14420.0,14350.0,14360.0,1541,0.0,0.0
2023-12-19 09:00:00+09:00,14540.0,14540.0,14390.0,14490.0,4522,0.0,0.0
2023-12-19 10:00:00+09:00,14490.0,14580.0,14490.0,14580.0,6298,0.0,0.0
2023-12-19 11:00:00+09:00,14580.0,14590.0,14510.0,14510.0,3393,0.0,0.0
2023-12-19 12:00:00+09:00,14520.0,14580.0,14510.0,14550.0,336,0.0,0.0
2023-12-19 13:00:00+09:00,14580.0,14580.0,14500.0,14520.0,5653,0.0,0.0
2023-12-19 14:00:00+09:00,14530.0,14590.0,14470.0,14580.0,10318,0.0,0.0
2023-12-20 09:00:00+09:00,14650.0,14950.0,14600.0,14660.0,23696,0.0,0.0
2023-12-20 10:00:00+09:00,14690.0,14850.0,14660.0,14800.0,3538,0.0,0.0
2023-12-20 11:00:00+09:00,14800.0,14800.0,14750.0,14780.0,366,0.0,0.0
2023-12-20 12:00:00+09:00,14760.0,14770.0,14660.0,14660.0,5259,0.0,0.0
2023-12-20 13:00:00+09:00,14660.0,14750.0,14660.0,14730.0,1946,0.0,0.0
2023-12-20 14:00:00+09:00,14730.0,14810.0,14700.0,14810.0,11002,0.0,0.0
2023-12-21 09:00:00+09:00,14710.0,14880.0,14710.0,14880.0,3368,0.0,0.0
2023-12-21 10:00:00+09:00,14880.0,14880.0,14670.0,14680.0,9281,0.0,0.0
2023-12-21 11:00:00+09:00,14700.0,14800.0,14680.0,14800.0,1148,0.0,0.0
2023-12-21 12:00:00+09:00,14800.0,14810.0,14750.0,14800.0,2269,0.0,0.0
2023-12-21 13:00:00+09:00,14760.0,14810.0,14760.0,14780.0,1870,0.0,0.0
2023-12-21 14:00:00+09:00,14780.0,14900.0,14690.0,14810.0,19056,0.0,0.0
2023-12-22 09:00:00+09:00,14900.0,14900.0,14730.0,14760.0,4202,0.0,0.0
2023-12-22 10:00:00+09:00,14780.0,14900.0,14770.0,14830.0,1416,0.0,0.0
2023-12-22 11:00:00+09:00,14830.0,14900.0,14780.0,14830.0,1836,0.0,0.0
2023-12-22 12:00:00+09:00,14830.0,14930.0,14800.0,14870.0,10756,0.0,0.0
2023-12-22 13:00:00+09:00,14880.0,14920.0,14850.0,14920.0,3323,0.0,0.0
2023-12-22 14:00:00+09:00,14920.0,14950.0,14860.0,14870.0,2784,0.0,0.0
2023-12-26 09:00:00+09:00,14950.0,15780.0,14860.0,15230.0,23010,0.0,0.0
2023-12-26 10:00:00+09:00,15230.0,15320.0,15090.0,15170.0,7441,0.0,0.0
2023-12-26 11:00:00+09:00,15170.0,15210.0,15110.0,15130.0,3112,0.0,0.0
2023-12-26 12:00:00+09:00,15130.0,15200.0,15100.0,15120.0,3933,0.0,0.0
2023-12-26 13:00:00+09:00,15110.0,15120.0,15060.0,15080.0,6348,0.0,0.0
2023-12-26 14:00:00+09:00,15080.0,15100.0,15060.0,15090.0,3085,0.0,0.0
2023-12-27 09:00:00+09:00,15000.0,15270.0,14980.0,14980.0,6170,0.0,0.0
2023-12-27 10:00:00+09:00,14980.0,15060.0,14800.0,14950.0,3222,0.0,0.0
2023-12-27 11:00:00+09:00,14930.0,15000.0,14880.0,14960.0,2493,0.0,0.0
2023-12-27 12:00:00+09:00,14920.0,14960.0,14830.0,14840.0,7127,0.0,0.0
2023-12-27 13:00:00+09:00,14850.0,15000.0,14850.0,14900.0,2075,0.0,0.0
2023-12-27 14:00:00+09:00,14900.0,15000.0,14860.0,15000.0,5563,0.0,0.0
2023-12-28 09:00:00+09:00,15000.0,15000.0,14700.0,14880.0,5809,0.0,0.0
2023-12-28 10:00:00+09:00,14820.0,14900.0,14800.0,14900.0,3783,0.0,0.0
2023-12-28 11:00:00+09:00,14830.0,14900.0,14810.0,14900.0,797,0.0,0.0
2023-12-28 12:00:00+09:00,14880.0,14890.0,14860.0,14890.0,348,0.0,0.0
2023-12-28 13:00:00+09:00,14870.0,14890.0,14850.0,14850.0,787,0.0,0.0
2023-12-28 14:00:00+09:00,14860.0,14870.0,14810.0,14840.0,6223,0.0,0.0
2024-01-02 10:00:00+09:00,14980.0,15370.0,14720.0,15320.0,94219,0.0,0.0
2024-01-02 11:00:00+09:00,15210.0,16900.0,14980.0,15630.0,915194,0.0,0.0
2024-01-02 12:00:00+09:00,15590.0,15750.0,15460.0,15510.0,55018,0.0,0.0
2024-01-02 13:00:00+09:00,15510.0,16010.0,15500.0,15980.0,78859,0.0,0.0
2024-01-02 14:00:00+09:00,15980.0,16480.0,15670.0,15790.0,155653,0.0,0.0
2024-01-03 09:00:00+09:00,15620.0,16580.0,15530.0,15610.0,290103,0.0,0.0
2024-01-03 10:00:00+09:00,15610.0,15740.0,15400.0,15740.0,22407,0.0,0.0
2024-01-03 11:00:00+09:00,15720.0,15730.0,15540.0,15550.0,6020,0.0,0.0
2024-01-03 12:00:00+09:00,15540.0,15730.0,15520.0,15580.0,9737,0.0,0.0
2024-01-03 13:00:00+09:00,15580.0,15580.0,15400.0,15500.0,10937,0.0,0.0
2024-01-03 14:00:00+09:00,15480.0,15680.0,15370.0,15640.0,21208,0.0,0.0
2024-01-04 09:00:00+09:00,15620.0,15800.0,15400.0,15520.0,26835,0.0,0.0
2024-01-04 10:00:00+09:00,15520.0,15960.0,15450.0,15750.0,60121,0.0,0.0
2024-01-04 11:00:00+09:00,15750.0,16130.0,15530.0,15590.0,106760,0.0,0.0
2024-01-04 12:00:00+09:00,15590.0,15680.0,15550.0,15660.0,16590,0.0,0.0
2024-01-04 13:00:00+09:00,15660.0,15670.0,15560.0,15600.0,9425,0.0,0.0
2024-01-04 14:00:00+09:00,15640.0,15660.0,15520.0,15530.0,9707,0.0,0.0
2024-01-05 09:00:00+09:00,15340.0,15600.0,15290.0,15540.0,14604,0.0,0.0
2024-01-05 10:00:00+09:00,15480.0,15640.0,15470.0,15640.0,5323,0.0,0.0
2024-01-05 11:00:00+09:00,15650.0,15680.0,15580.0,15620.0,5229,0.0,0.0
2024-01-05 12:00:00+09:00,15610.0,15650.0,15540.0,15540.0,3658,0.0,0.0
2024-01-05 13:00:00+09:00,15540.0,15580.0,15440.0,15460.0,4732,0.0,0.0
2024-01-05 14:00:00+09:00,15460.0,15570.0,15450.0,15470.0,5111,0.0,0.0
2024-01-08 09:00:00+09:00,15400.0,15410.0,14330.0,15200.0,0,0.0,0.0
2024-01-08 10:00:00+09:00,15250.0,15290.0,15040.0,15290.0,3401,0.0,0.0
2024-01-08 11:00:00+09:00,15280.0,15290.0,15100.0,15150.0,5289,0.0,0.0
2024-01-08 12:00:00+09:00,15140.0,15150.0,15000.0,15030.0,1860,0.0,0.0
2024-01-08 13:00:00+09:00,15030.0,15030.0,14880.0,14960.0,17640,0.0,0.0
2024-01-08 14:00:00+09:00,14980.0,14980.0,14860.0,14930.0,19288,0.0,0.0
2024-01-09 09:00:00+09:00,14930.0,15880.0,14900.0,15100.0,41313,0.0,0.0
2024-01-09 10:00:00+09:00,15090.0,15150.0,15040.0,15070.0,5149,0.0,0.0
2024-01-09 11:00:00+09:00,15070.0,15090.0,14920.0,15010.0,3406,0.0,0.0
2024-01-09 12:00:00+09:00,14970.0,15000.0,14880.0,14890.0,8743,0.0,0.0
2024-01-09 13:00:00+09:00,14920.0,14940.0,14900.0,14930.0,1728,0.0,0.0
2024-01-09 14:00:00+09:00,14910.0,15010.0,14890.0,15000.0,13301,0.0,0.0
2024-01-10 09:00:00+09:00,15100.0,15430.0,15030.0,15210.0,14298,0.0,0.0
2024-01-10 10:00:00+09:00,15190.0,15310.0,15130.0,15190.0,7333,0.0,0.0
2024-01-10 11:00:00+09:00,15200.0,15380.0,15140.0,15180.0,8057,0.0,0.0
2024-01-10 12:00:00+09:00,15180.0,15180.0,15020.0,15100.0,9177,0.0,0.0
2024-01-10 13:00:00+09:00,15030.0,15250.0,14990.0,15180.0,7655,0.0,0.0
2024-01-10 14:00:00+09:00,15180.0,15230.0,15130.0,15230.0,4840,0.0,0.0
2024-01-11 09:00:00+09:00,15200.0,15410.0,15200.0,15370.0,13453,0.0,0.0
2024-01-11 10:00:00+09:00,15370.0,15460.0,15290.0,15340.0,5453,0.0,0.0
2024-01-11 11:00:00+09:00,15340.0,15370.0,15260.0,15270.0,3679,0.0,0.0
2024-01-11 12:00:00+09:00,15260.0,15300.0,15200.0,15250.0,8294,0.0,0.0
2024-01-11 13:00:00+09:00,15240.0,15240.0,15110.0,15110.0,4647,0.0,0.0
2024-01-11 14:00:00+09:00,15180.0,15230.0,15130.0,15200.0,1944,0.0,0.0
2024-01-12 09:00:00+09:00,15320.0,15490.0,15000.0,15000.0,19516,0.0,0.0
2024-01-12 10:00:00+09:00,15070.0,15070.0,14950.0,15030.0,1277,0.0,0.0
2024-01-12 11:00:00+09:00,15040.0,15050.0,14990.0,14990.0,588,0.0,0.0
2024-01-12 12:00:00+09:00,14990.0,15020.0,14940.0,14970.0,4349,0.0,0.0
2024-01-12 13:00:00+09:00,14970.0,14990.0,14910.0,14920.0,10206,0.0,0.0
2024-01-12 14:00:00+09:00,14950.0,14960.0,14900.0,14910.0,3889,0.0,0.0
2024-01-15 09:00:00+09:00,14960.0,14960.0,14690.0,14920.0,0,0.0,0.0
2024-01-15 10:00:00+09:00,14920.0,14920.0,14810.0,14840.0,3785,0.0,0.0
2024-01-15 11:00:00+09:00,14840.0,14900.0,14810.0,14850.0,1946,0.0,0.0
2024-01-15 12:00:00+09:00,14860.0,14900.0,14850.0,14900.0,21,0.0,0.0
2024-01-15 13:00:00+09:00,14880.0,14880.0,14790.0,14800.0,1279,0.0,0.0
2024-01-15 14:00:00+09:00,14810.0,14870.0,14700.0,14780.0,5465,0.0,0.0
2024-01-16 09:00:00+09:00,14550.0,14790.0,14400.0,14420.0,12990,0.0,0.0
2024-01-16 10:00:00+09:00,14450.0,14490.0,14390.0,14430.0,8541,0.0,0.0
2024-01-16 11:00:00+09:00,14490.0,14490.0,14440.0,14450.0,3251,0.0,0.0
2024-01-16 12:00:00+09:00,14460.0,14480.0,14380.0,14470.0,3016,0.0,0.0
2024-01-16 13:00:00+09:00,14470.0,14470.0,14390.0,14430.0,4024,0.0,0.0
2024-01-16 14:00:00+09:00,14420.0,14490.0,14380.0,14430.0,10450,0.0,0.0
2024-01-17 09:00:00+09:00,14400.0,14580.0,14340.0,14390.0,15600,0.0,0.0
2024-01-17 10:00:00+09:00,14380.0,14430.0,14280.0,14350.0,5356,0.0,0.0
2024-01-17 11:00:00+09:00,14350.0,14360.0,14180.0,14220.0,4500,0.0,0.0
2024-01-17 12:00:00+09:00,14210.0,14280.0,14090.0,14100.0,7613,0.0,0.0
2024-01-17 13:00:00+09:00,14100.0,14190.0,14000.0,14090.0,5103,0.0,0.0
2024-01-17 14:00:00+09:00,14170.0,14280.0,14000.0,14220.0,16615,0.0,0.0
2024-01-18 09:00:00+09:00,14180.0,14370.0,14180.0,14370.0,13056,0.0,0.0
2024-01-18 10:00:00+09:00,14360.0,14480.0,14330.0,14470.0,14892,0.0,0.0
2024-01-18 11:00:00+09:00,14470.0,14480.0,14410.0,14410.0,2931,0.0,0.0
2024-01-18 12:00:00+09:00,14400.0,14430.0,14330.0,14430.0,4258,0.0,0.0
2024-01-18 13:00:00+09:00,14430.0,14430.0,14270.0,14270.0,13396,0.0,0.0
2024-01-18 14:00:00+09:00,14320.0,14340.0,14270.0,14320.0,1372,0.0,0.0
2024-01-19 09:00:00+09:00,14470.0,14590.0,14440.0,14480.0,6483,0.0,0.0
2024-01-19 10:00:00+09:00,14480.0,14490.0,14440.0,14470.0,3322,0.0,0.0
2024-01-19 11:00:00+09:00,14460.0,14540.0,14450.0,14450.0,1204,0.0,0.0
2024-01-19 12:00:00+09:00,14450.0,14490.0,14440.0,14460.0,2127,0.0,0.0
2024-01-19 13:00:00+09:00,14470.0,14470.0,14410.0,14410.0,3659,0.0,0.0
2024-01-19 14:00:00+09:00,14400.0,14440.0,14340.0,14360.0,7125,0.0,0.0
2024-01-22 09:00:00+09:00,15000.0,15080.0,14550.0,14950.0,0,0.0,0.0
2024-01-22 10:00:00+09:00,14920.0,15080.0,14790.0,14910.0,16825,0.0,0.0
2024-01-22 11:00:00+09:00,14910.0,14910.0,14770.0,14870.0,2810,0.0,0.0
2024-01-22 12:00:00+09:00,14870.0,15030.0,14830.0,15000.0,12247,0.0,0.0
2024-01-22 13:00:00+09:00,15010.0,15010.0,14930.0,14970.0,932,0.0,0.0
2024-01-22 14:00:00+09:00,14970.0,14990.0,14920.0,14980.0,4479,0.0,0.0
2024-01-23 09:00:00+09:00,15000.0,15000.0,14810.0,14900.0,2854,0.0,0.0
2024-01-23 10:00:00+09:00,14960.0,14990.0,14830.0,14960.0,2186,0.0,0.0
2024-01-23 11:00:00+09:00,14860.0,15060.0,14860.0,15060.0,2156,0.0,0.0
2024-01-23 12:00:00+09:00,15050.0,15080.0,14970.0,14980.0,2798,0.0,0.0
2024-01-23 13:00:00+09:00,14980.0,14980.0,14930.0,14960.0,2639,0.0,0.0
2024-01-23 14:00:00+09:00,14950.0,14950.0,14900.0,14920.0,2729,0.0,0.0
2024-01-24 09:00:00+09:00,15220.0,15220.0,14810.0,14880.0,7639,0.0,0.0
2024-01-24 10:00:00+09:00,14830.0,14870.0,14700.0,14800.0,3938,0.0,0.0
2024-01-24 11:00:00+09:00,14860.0,14870.0,14760.0,14850.0,1853,0.0,0.0
2024-01-24 12:00:00+09:00,14780.0,14850.0,14750.0,14850.0,2149,0.0,0.0
2024-01-24 13:00:00+09:00,14830.0,14850.0,14740.0,14830.0,3940,0.0,0.0
2024-01-24 14:00:00+09:00,14850.0,14910.0,14790.0,14890.0,1902,0.0,0.0
2024-01-25 09:00:00+09:00,14920.0,14960.0,14640.0,14920.0,9813,0.0,0.0
2024-01-25 10:00:00+09:00,14950.0,14960.0,14830.0,14830.0,2489,0.0,0.0
2024-01-25 11:00:00+09:00,14860.0,14860.0,14780.0,14840.0,2047,0.0,0.0
2024-01-25 12:00:00+09:00,14800.0,14840.0,14770.0,14800.0,1218,0.0,0.0
2024-01-25 13:00:00+09:00,14800.0,14950.0,14800.0,14880.0,2328,0.0,0.0
2024-01-25 14:00:00+09:00,14910.0,14910.0,14810.0,14850.0,1033,0.0,0.0
2024-01-26 09:00:00+09:00,14810.0,14890.0,14460.0,14790.0,6378,0.0,0.0
2024-01-26 10:00:00+09:00,14790.0,14930.0,14790.0,14880.0,1230,0.0,0.0
2024-01-26 11:00:00+09:00,14880.0,15140.0,14850.0,15000.0,5348,0.0,0.0
2024-01-26 12:00:00+09:00,15000.0,15080.0,14980.0,15020.0,2939,0.0,0.0
2024-01-26 13:00:00+09:00,15070.0,15090.0,15000.0,15000.0,2472,0.0,0.0
2024-01-26 14:00:00+09:00,15010.0,15050.0,14950.0,15030.0,1500,0.0,0.0
2024-01-29 09:00:00+09:00,15100.0,15150.0,14710.0,14800.0,0,0.0,0.0
2024-01-29 10:00:00+09:00,14800.0,14810.0,14730.0,14810.0,1531,0.0,0.0
2024-01-29 11:00:00+09:00,14810.0,14810.0,14670.0,14710.0,11432,0.0,0.0
2024-01-29 12:00:00+09:00,14680.0,14710.0,14640.0,14650.0,3271,0.0,0.0
2024-01-29 13:00:00+09:00,14680.0,14680.0,14320.0,14520.0,25359,0.0,0.0
2024-01-29 14:00:00+09:00,14530.0,14550.0,14480.0,14550.0,5256,0.0,0.0
2024-01-30 09:00:00+09:00,14500.0,14680.0,14420.0,14500.0,6111,0.0,0.0
2024-01-30 10:00:00+09:00,14500.0,14530.0,14400.0,14490.0,2408,0.0,0.0
2024-01-30 11:00:00+09:00,14510.0,14510.0,14400.0,14400.0,3578,0.0,0.0
2024-01-30 12:00:00+09:00,14400.0,14410.0,14280.0,14310.0,8572,0.0,0.0
2024-01-30 13:00:00+09:00,14340.0,14340.0,14110.0,14140.0,6618,0.0,0.0
2024-01-30 14:00:00+09:00,14140.0,14210.0,14060.0,14170.0,1983,0.0,0.0
2024-01-31 09:00:00+09:00,14260.0,14260.0,14100.0,14190.0,3014,0.0,0.0
2024-01-31 10:00:00+09:00,14190.0,14230.0,14120.0,14170.0,5139,0.0,0.0
2024-01-31 11:00:00+09:00,14160.0,14230.0,14010.0,14010.0,5896,0.0,0.0
2024-01-31 12:00:00+09:00,14010.0,14080.0,14010.0,14060.0,560,0.0,0.0
2024-01-31 13:00:00+09:00,14060.0,14080.0,13980.0,14040.0,4450,0.0,0.0
2024-01-31 14:00:00+09:00,14030.0,14030.0,13830.0,13880.0,3115,0.0,0.0
2024-02-01 09:00:00+09:00,13630.0,13960.0,13630.0,13680.0,7547,0.0,0.0
2024-02-01 10:00:00+09:00,13720.0,13720.0,13500.0,13720.0,9549,0.0,0.0
2024-02-01 11:00:00+09:00,13740.0,13750.0,13570.0,13690.0,2952,0.0,0.0
2024-02-01 12:00:00+09:00,13690.0,13810.0,13690.0,13810.0,3239,0.0,0.0
2024-02-01 13:00:00+09:00,13830.0,13830.0,13700.0,13700.0,807,0.0,0.0
2024-02-01 14:00:00+09:00,13770.0,13830.0,13680.0,13760.0,2657,0.0,0.0
2024-02-02 09:00:00+09:00,13780.0,14050.0,13740.0,14040.0,7115,0.0,0.0
2024-02-02 10:00:00+09:00,14030.0,14040.0,13880.0,13990.0,2313,0.0,0.0
2024-02-02 11:00:00+09:00,13980.0,13980.0,13870.0,13930.0,814,0.0,0.0
2024-02-02 12:00:00+09:00,13930.0,13990.0,13880.0,13950.0,1785,0.0,0.0
2024-02-02 13:00:00+09:00,13950.0,14020.0,13780.0,13780.0,6003,0.0,0.0
2024-02-02 14:00:00+09:00,13780.0,13840.0,13620.0,13740.0,7975,0.0,0.0
2024-02-05 09:00:00+09:00,13650.0,13760.0,13470.0,13690.0,0,0.0,0.0
2024-02-05 10:00:00+09:00,13700.0,13730.0,13620.0,13650.0,2298,0.0,0.0
2024-02-05 11:00:00+09:00,13660.0,13700.0,13630.0,13700.0,285,0.0,0.0
2024-02-05 12:00:00+09:00,13700.0,13700.0,13660.0,13700.0,662,0.0,0.0
2024-02-05 13:00:00+09:00,13700.0,13700.0,13650.0,13650.0,1343,0.0,0.0
2024-02-05 14:00:00+09:00,13650.0,13680.0,13600.0,13640.0,2310,0.0,0.0
2024-02-06 09:00:00+09:00,13560.0,13650.0,13530.0,13560.0,2840,0.0,0.0
2024-02-06 10:00:00+09:00,13610.0,13840.0,13610.0,13830.0,3183,0.0,0.0
2024-02-06 11:00:00+09:00,13830.0,14120.0,13830.0,14090.0,2538,0.0,0.0
2024-02-06 12:00:00+09:00,14020.0,14090.0,14000.0,14080.0,1455,0.0,0.0
2024-02-06 13:00:00+09:00,14070.0,14150.0,14020.0,14140.0,5081,0.0,0.0
2024-02-06 14:00:00+09:00,14140.0,14150.0,14080.0,14120.0,2434,0.0,0.0
2024-02-07 09:00:00+09:00,14120.0,14220.0,14050.0,14090.0,9495,0.0,0.0
2024-02-07 10:00:00+09:00,14130.0,14130.0,13930.0,13930.0,6581,0.0,0.0
2024-02-07 11:00:00+09:00,13950.0,13970.0,13910.0,13930.0,1826,0.0,0.0
2024-02-07 12:00:00+09:00,13920.0,13950.0,13890.0,13950.0,2380,0.0,0.0
2024-02-07 13:00:00+09:00,13940.0,13950.0,13880.0,13910.0,3348,0.0,0.0
2024-02-07 14:00:00+09:00,13910.0,14020.0,13880.0,14020.0,1414,0.0,0.0
2024-02-08 09:00:00+09:00,13860.0,14260.0,13860.0,14260.0,5277,0.0,0.0
2024-02-08 10:00:00+09:00,14250.0,14410.0,14230.0,14400.0,4893,0.0,0.0
2024-02-08 11:00:00+09:00,14390.0,14470.0,14360.0,14450.0,2932,0.0,0.0
2024-02-08 12:00:00+09:00,14470.0,14690.0,14360.0,14610.0,9820,0.0,0.0
2024-02-08 13:00:00+09:00,14590.0,14650.0,14520.0,14580.0,3508,0.0,0.0
2024-02-08 14:00:00+09:00,14570.0,14570.0,14490.0,14530.0,1161,0.0,0.0
2024-02-13 09:00:00+09:00,14570.0,14680.0,14530.0,14540.0,0,0.0,0.0
2024-02-13 10:00:00+09:00,14600.0,14600.0,14420.0,14430.0,8025,0.0,0.0
2024-02-13 11:00:00+09:00,14430.0,14490.0,14410.0,14460.0,2723,0.0,0.0
2024-02-13 12:00:00+09:00,14430.0,14500.0,14430.0,14500.0,2531,0.0,0.0
2024-02-13 13:00:00+09:00,14490.0,14620.0,14490.0,14600.0,1627,0.0,0.0
2024-02-13 14:00:00+09:00,14570.0,14660.0,14550.0,14600.0,3303,0.0,0.0
2024-02-14 09:00:00+09:00,14510.0,15000.0,14500.0,14910.0,15001,0.0,0.0
2024-02-14 10:00:00+09:00,14900.0,14970.0,14800.0,14900.0,1670,0.0,0.0
2024-02-14 11:00:00+09:00,14900.0,14910.0,14800.0,14800.0,1596,0.0,0.0
2024-02-14 12:00:00+09:00,14810.0,14980.0,14750.0,14980.0,4048,0.0,0.0
2024-02-14 13:00:00+09:00,14960.0,14980.0,14890.0,14910.0,3762,0.0,0.0
2024-02-14 14:00:00+09:00,14880.0,14930.0,14870.0,14870.0,836,0.0,0.0
2024-02-15 09:00:00+09:00,14910.0,14990.0,14850.0,14890.0,1021,0.0,0.0
2024-02-15 10:00:00+09:00,14900.0,14960.0,14840.0,14890.0,2537,0.0,0.0
2024-02-15 11:00:00+09:00,14940.0,14950.0,14860.0,14950.0,1132,0.0,0.0
2024-02-15 12:00:00+09:00,14870.0,15210.0,14870.0,15080.0,7300,0.0,0.0
2024-02-15 13:00:00+09:00,15000.0,15000.0,14910.0,14940.0,787,0.0,0.0
2024-02-15 14:00:00+09:00,14940.0,14940.0,14850.0,14880.0,3124,0.0,0.0
2024-02-16 09:00:00+09:00,14880.0,14880.0,14680.0,14830.0,4442,0.0,0.0
2024-02-16 10:00:00+09:00,14830.0,14830.0,14790.0,14800.0,197,0.0,0.0
2024-02-16 11:00:00+09:00,14800.0,14820.0,14760.0,14810.0,478,0.0,0.0
2024-02-16 12:00:00+09:00,14770.0,14820.0,14700.0,14710.0,3646,0.0,0.0
2024-02-16 13:00:00+09:00,14760.0,14830.0,14760.0,14830.0,158,0.0,0.0
2024-02-16 14:00:00+09:00,14830.0,14840.0,14800.0,14840.0,561,0.0,0.0
2024-02-19 09:00:00+09:00,15020.0,15020.0,14790.0,14790.0,0,0.0,0.0
2024-02-19 10:00:00+09:00,14790.0,14830.0,14730.0,14800.0,1517,0.0,0.0
2024-02-19 11:00:00+09:00,14800.0,14820.0,14710.0,14730.0,3038,0.0,0.0
2024-02-19 12:00:00+09:00,14780.0,14780.0,14720.0,14730.0,884,0.0,0.0
2024-02-19 13:00:00+09:00,14730.0,14760.0,14700.0,14700.0,1587,0.0,0.0
2024-02-19 14:00:00+09:00,14700.0,14720.0,14660.0,14670.0,4068,0.0,0.0
2024-02-20 09:00:00+09:00,14730.0,15030.0,14650.0,14930.0,0,0.0,0.0
2024-02-20 10:00:00+09:00,14950.0,14950.0,14700.0,14850.0,7423,0.0,0.0
2024-02-20 11:00:00+09:00,14840.0,14860.0,14750.0,14820.0,1076,0.0,0.0
2024-02-20 12:00:00+09:00,14820.0,15010.0,14730.0,14930.0,5578,0.0,0.0
2024-02-20 13:00:00+09:00,14930.0,15020.0,14870.0,14870.0,3347,0.0,0.0
2024-02-20 14:00:00+09:00,14940.0,14940.0,14740.0,14790.0,2009,0.0,0.0
2024-02-21 09:00:00+09:00,14900.0,14900.0,14500.0,14710.0,4719,0.0,0.0
2024-02-21 10:00:00+09:00,14730.0,14900.0,14640.0,14860.0,2105,0.0,0.0
2024-02-21 11:00:00+09:00,14840.0,14840.0,14730.0,14760.0,1278,0.0,0.0
2024-02-21 12:00:00+09:00,14730.0,14760.0,14720.0,14730.0,305,0.0,0.0
2024-02-21 13:00:00+09:00,14730.0,14820.0,14720.0,14810.0,853,0.0,0.0
2024-02-21 14:00:00+09:00,14800.0,14800.0,14700.0,14760.0,3361,0.0,0.0
2024-02-22 09:00:00+09:00,14590.0,14710.0,14580.0,14680.0,1791,0.0,0.0
2024-02-22 10:00:00+09:00,14680.0,14840.0,14670.0,14750.0,709,0.0,0.0
2024-02-22 11:00:00+09:00,14800.0,14850.0,14700.0,14750.0,1369,0.0,0.0
2024-02-22 12:00:00+09:00,14830.0,14830.0,14750.0,14810.0,691,0.0,0.0
2024-02-22 13:00:00+09:00,14730.0,14800.0,14610.0,14780.0,668,0.0,0.0
2024-02-22 14:00:00+09:00,14740.0,14800.0,14690.0,14770.0,1747,0.0,0.0
2024-02-23 09:00:00+09:00,14830.0,14830.0,14580.0,14590.0,4046,0.0,0.0
2024-02-23 10:00:00+09:00,14590.0,14800.0,14550.0,14740.0,2659,0.0,0.0
2024-02-23 11:00:00+09:00,14710.0,14760.0,14640.0,14710.0,396,0.0,0.0
2024-02-23 12:00:00+09:00,14740.0,14740.0,14640.0,14700.0,1078,0.0,0.0
2024-02-23 13:00:00+09:00,14700.0,14750.0,14640.0,14700.0,1357,0.0,0.0
2024-02-23 14:00:00+09:00,14720.0,14740.0,14640.0,14640.0,1782,0.0,0.0
2024-02-26 09:00:00+09:00,14720.0,14970.0,14710.0,14850.0,0,0.0,0.0
2024-02-26 10:00:00+09:00,14850.0,14850.0,14700.0,14780.0,3702,0.0,0.0
2024-02-26 11:00:00+09:00,14730.0,14730.0,14610.0,14620.0,2123,0.0,0.0
2024-02-26 12:00:00+09:00,14680.0,14730.0,14630.0,14680.0,334,0.0,0.0
2024-02-26 13:00:00+09:00,14730.0,14730.0,14620.0,14620.0,2557,0.0,0.0
2024-02-26 14:00:00+09:00,14630.0,14660.0,14570.0,14600.0,1032,0.0,0.0
2024-02-27 09:00:00+09:00,14700.0,14700.0,14350.0,14420.0,6768,0.0,0.0
2024-02-27 10:00:00+09:00,14430.0,14520.0,14420.0,14500.0,2515,0.0,0.0
2024-02-27 11:00:00+09:00,14500.0,14530.0,14450.0,14510.0,2507,0.0,0.0
2024-02-27 12:00:00+09:00,14490.0,14590.0,14480.0,14510.0,349,0.0,0.0
2024-02-27 13:00:00+09:00,14510.0,14560.0,14470.0,14540.0,278,0.0,0.0
2024-02-27 14:00:00+09:00,14540.0,14540.0,14400.0,14400.0,4288,0.0,0.0
2024-02-28 09:00:00+09:00,14390.0,14470.0,14380.0,14410.0,576,0.0,0.0
2024-02-28 10:00:00+09:00,14420.0,14450.0,14370.0,14400.0,2648,0.0,0.0
2024-02-28 11:00:00+09:00,14370.0,14420.0,14370.0,14420.0,432,0.0,0.0
2024-02-28 12:00:00+09:00,14420.0,14460.0,14370.0,14460.0,1748,0.0,0.0
2024-02-28 13:00:00+09:00,14460.0,14470.0,14400.0,14410.0,978,0.0,0.0
2024-02-28 14:00:00+09:00,14410.0,14410.0,14340.0,14400.0,4864,0.0,0.0
2024-02-29 09:00:00+09:00,14320.0,14350.0,14190.0,14220.0,4910,0.0,0.0
2024-02-29 10:00:00+09:00,14240.0,14300.0,14000.0,14090.0,7783,0.0,0.0
2024-02-29 11:00:00+09:00,14080.0,14260.0,13970.0,14040.0,813,0.0,0.0
2024-02-29 12:00:00+09:00,14040.0,14080.0,14000.0,14020.0,2124,0.0,0.0
2024-02-29 13:00:00+09:00,14020.0,14020.0,13980.0,13980.0,1067,0.0,0.0
2024-02-29 14:00:00+09:00,13980.0,14050.0,13910.0,14050.0,3561,0.0,0.0
2024-03-04 09:00:00+09:00,13910.0,14190.0,13900.0,14170.0,0,0.0,0.0
2024-03-04 10:00:00+09:00,14100.0,14300.0,14100.0,14160.0,2726,0.0,0.0
2024-03-04 11:00:00+09:00,14130.0,14290.0,14080.0,14160.0,432,0.0,0.0
2024-03-04 12:00:00+09:00,14150.0,14170.0,14100.0,14100.0,424,0.0,0.0
2024-03-04 13:00:00+09:00,14110.0,14120.0,14060.0,14060.0,874,0.0,0.0
2024-03-04 14:00:00+09:00,14060.0,14060.0,14050.0,14050.0,2132,0.0,0.0
2024-03-05 09:00:00+09:00,14490.0,14490.0,14050.0,14190.0,11063,0.0,0.0
2024-03-05 10:00:00+09:00,14190.0,14220.0,14050.0,14160.0,3157,0.0,0.0
2024-03-05 11:00:00+09:00,14180.0,14200.0,14050.0,14060.0,1634,0.0,0.0
2024-03-05 12:00:00+09:00,14050.0,14140.0,14050.0,14100.0,2994,0.0,0.0
2024-03-05 13:00:00+09:00,14100.0,14100.0,14050.0,14060.0,1997,0.0,0.0
2024-03-05 14:00:00+09:00,14060.0,14080.0,14030.0,14060.0,3632,0.0,0.0
2024-03-06 09:00:00+09:00,14150.0,14210.0,13920.0,14140.0,0,0.0,0.0
2024-03-06 10:00:00+09:00,14130.0,14260.0,14100.0,14110.0,4158,0.0,0.0
2024-03-06 11:00:00+09:00,14110.0,14230.0,14080.0,14230.0,1985,0.0,0.0
2024-03-06 12:00:00+09:00,14180.0,14440.0,14180.0,14440.0,11142,0.0,0.0
2024-03-06 13:00:00+09:00,14440.0,14440.0,14290.0,14320.0,3434,0.0,0.0
2024-03-06 14:00:00+09:00,14320.0,14540.0,14320.0,14490.0,5670,0.0,0.0
2024-03-07 09:00:00+09:00,14590.0,14590.0,14320.0,14390.0,7267,0.0,0.0
2024-03-07 10:00:00+09:00,14410.0,14410.0,14270.0,14410.0,3884,0.0,0.0
2024-03-07 11:00:00+09:00,14440.0,14530.0,14380.0,14530.0,959,0.0,0.0
2024-03-07 12:00:00+09:00,14510.0,14600.0,14400.0,14600.0,5283,0.0,0.0
2024-03-07 13:00:00+09:00,14590.0,14610.0,14460.0,14470.0,672,0.0,0.0
2024-03-07 14:00:00+09:00,14550.0,14610.0,14440.0,14450.0,1277,0.0,0.0
2024-03-08 09:00:00+09:00,14530.0,14540.0,14220.0,14350.0,6991,0.0,0.0
2024-03-08 10:00:00+09:00,14360.0,14490.0,14350.0,14480.0,1815,0.0,0.0
2024-03-08 11:00:00+09:00,14480.0,14520.0,14400.0,14520.0,2175,0.0,0.0
2024-03-08 12:00:00+09:00,14510.0,14510.0,14430.0,14470.0,2373,0.0,0.0
2024-03-08 13:00:00+09:00,14440.0,14470.0,14380.0,14400.0,4886,0.0,0.0
2024-03-08 14:00:00+09:00,14410.0,14500.0,14410.0,14470.0,2620,0.0,0.0
2024-03-11 09:00:00+09:00,14600.0,14600.0,14350.0,14390.0,0,0.0,0.0
2024-03-11 10:00:00+09:00,14390.0,14470.0,14260.0,14300.0,1641,0.0,0.0
2024-03-11 11:00:00+09:00,14300.0,14460.0,14300.0,14440.0,542,0.0,0.0
2024-03-11 12:00:00+09:00,14370.0,14430.0,14310.0,14370.0,1424,0.0,0.0
2024-03-11 13:00:00+09:00,14380.0,14410.0,14300.0,14380.0,1399,0.0,0.0
2024-03-11 14:00:00+09:00,14370.0,14370.0,14290.0,14310.0,1203,0.0,0.0
2024-03-12 09:00:00+09:00,14290.0,14750.0,14270.0,14520.0,7126,0.0,0.0
2024-03-12 10:00:00+09:00,14420.0,14590.0,14370.0,14530.0,2367,0.0,0.0
2024-03-12 11:00:00+09:00,14520.0,14570.0,14450.0,14510.0,1871,0.0,0.0
2024-03-12 12:00:00+09:00,14510.0,14560.0,14510.0,14560.0,955,0.0,0.0
2024-03-12 13:00:00+09:00,14550.0,14730.0,14550.0,14690.0,9517,0.0,0.0
2024-03-12 14:00:00+09:00,14650.0,14690.0,14520.0,14590.0,1286,0.0,0.0
2024-03-13 09:00:00+09:00,14600.0,14730.0,14410.0,14450.0,10206,0.0,0.0
2024-03-13 10:00:00+09:00,14460.0,14700.0,14460.0,14700.0,3161,0.0,0.0
2024-03-13 11:00:00+09:00,14690.0,14740.0,14580.0,14700.0,7333,0.0,0.0
2024-03-13 12:00:00+09:00,14690.0,14730.0,14620.0,14650.0,1670,0.0,0.0
2024-03-13 13:00:00+09:00,14660.0,14710.0,14620.0,14640.0,1385,0.0,0.0
2024-03-13 14:00:00+09:00,14650.0,14700.0,14640.0,14660.0,798,0.0,0.0
2024-03-14 09:00:00+09:00,14590.0,14890.0,14510.0,14850.0,8047,0.0,0.0
2024-03-14 10:00:00+09:00,14820.0,14830.0,14600.0,14730.0,7502,0.0,0.0
2024-03-14 11:00:00+09:00,14720.0,14780.0,14660.0,14660.0,2515,0.0,0.0
2024-03-14 12:00:00+09:00,14680.0,15000.0,14660.0,14900.0,20503,0.0,0.0
2024-03-14 13:00:00+09:00,14900.0,15050.0,14870.0,14990.0,21945,0.0,0.0
2024-03-14 14:00:00+09:00,14990.0,15020.0,14800.0,14820.0,7605,0.0,0.0
2024-03-15 09:00:00+09:00,15030.0,15040.0,14830.0,15000.0,7575,0.0,0.0
2024-03-15 10:00:00+09:00,15000.0,15070.0,14890.0,14980.0,3842,0.0,0.0
2024-03-15 11:00:00+09:00,14980.0,14990.0,14830.0,14950.0,3412,0.0,0.0
2024-03-15 12:00:00+09:00,14940.0,14950.0,14860.0,14890.0,1716,0.0,0.0
2024-03-15 13:00:00+09:00,14910.0,14950.0,14880.0,14880.0,2036,0.0,0.0
2024-03-15 14:00:00+09:00,14870.0,14980.0,14870.0,14980.0,2260,0.0,0.0
2024-03-18 09:00:00+09:00,14950.0,15710.0,14950.0,15700.0,27783,0.0,0.0
2024-03-18 10:00:00+09:00,15700.0,16270.0,15700.0,16160.0,70877,0.0,0.0
2024-03-18 11:00:00+09:00,16160.0,16170.0,15860.0,16050.0,15644,0.0,0.0
2024-03-18 12:00:00+09:00,16040.0,16050.0,15800.0,15860.0,8603,0.0,0.0
2024-03-18 13:00:00+09:00,15830.0,15940.0,15790.0,15880.0,5031,0.0,0.0
2024-03-18 14:00:00+09:00,15880.0,15880.0,15750.0,15810.0,6891,0.0,0.0
2024-03-19 09:00:00+09:00,16030.0,16090.0,15620.0,15840.0,20619,0.0,0.0
2024-03-19 10:00:00+09:00,15860.0,15930.0,15770.0,15910.0,9137,0.0,0.0
2024-03-19 11:00:00+09:00,15910.0,15920.0,15780.0,15840.0,5175,0.0,0.0
2024-03-19 12:00:00+09:00,15840.0,15840.0,15720.0,15780.0,4154,0.0,0.0
2024-03-19 13:00:00+09:00,15740.0,15740.0,15500.0,15600.0,10829,0.0,0.0
2024-03-19 14:00:00+09:00,15530.0,15590.0,15440.0,15580.0,8440,0.0,0.0
2024-03-20 09:00:00+09:00,15690.0,15900.0,15430.0,15840.0,22263,0.0,0.0
2024-03-20 10:00:00+09:00,15840.0,15920.0,15550.0,15580.0,15919,0.0,0.0
2024-03-20 11:00:00+09:00,15550.0,15640.0,15330.0,15410.0,9719,0.0,0.0
2024-03-20 12:00:00+09:00,15440.0,15470.0,15400.0,15450.0,2939,0.0,0.0
2024-03-20 13:00:00+09:00,15450.0,15480.0,15410.0,15460.0,1667,0.0,0.0
2024-03-20 14:00:00+09:00,15480.0,15570.0,15460.0,15490.0,2756,0.0,0.0
2024-03-21 09:00:00+09:00,15600.0,15900.0,15540.0,15760.0,30544,0.0,0.0
2024-03-21 10:00:00+09:00,15760.0,15850.0,15730.0,15800.0,6322,0.0,0.0
2024-03-21 11:00:00+09:00,15850.0,15850.0,15550.0,15610.0,8747,0.0,0.0
2024-03-21 12:00:00+09:00,15590.0,15770.0,15560.0,15730.0,7040,0.0,0.0
2024-03-21 13:00:00+09:00,15720.0,15730.0,15650.0,15650.0,2098,0.0,0.0
2024-03-21 14:00:00+09:00,15690.0,15700.0,15600.0,15600.0,3162,0.0,0.0
2024-03-22 09:00:00+09:00,15580.0,15580.0,15200.0,15460.0,22443,0.0,0.0
2024-03-22 10:00:00+09:00,15470.0,15640.0,15430.0,15530.0,5539,0.0,0.0
2024-03-22 11:00:00+09:00,15570.0,15690.0,15530.0,15690.0,9501,0.0,0.0
2024-03-22 12:00:00+09:00,15680.0,15780.0,15650.0,15660.0,6075,0.0,0.0
2024-03-22 13:00:00+09:00,15660.0,15720.0,15530.0,15640.0,5292,0.0,0.0
2024-03-22 14:00:00+09:00,15650.0,15980.0,15630.0,15970.0,12953,0.0,0.0
2024-03-25 09:00:00+09:00,16050.0,16410.0,16050.0,16380.0,0,0.0,0.0
2024-03-25 10:00:00+09:00,16370.0,16710.0,16350.0,16690.0,54395,0.0,0.0
2024-03-25 11:00:00+09:00,16680.0,16690.0,16510.0,16510.0,11677,0.0,0.0
2024-03-25 12:00:00+09:00,16510.0,16580.0,16410.0,16530.0,11492,0.0,0.0
2024-03-25 13:00:00+09:00,16510.0,16700.0,16510.0,16580.0,14634,0.0,0.0
2024-03-25 14:00:00+09:00,16640.0,16640.0,16440.0,16550.0,14217,0.0,0.0
2024-03-26 09:00:00+09:00,16530.0,16830.0,16460.0,16700.0,37019,0.0,0.0
2024-03-26 10:00:00+09:00,16700.0,16730.0,16590.0,16700.0,8204,0.0,0.0
2024-03-26 11:00:00+09:00,16700.0,16720.0,16620.0,16680.0,3121,0.0,0.0
2024-03-26 12:00:00+09:00,16660.0,16680.0,16550.0,16570.0,7646,0.0,0.0
2024-03-26 13:00:00+09:00,16550.0,16660.0,16500.0,16630.0,9285,0.0,0.0
2024-03-26 14:00:00+09:00,16630.0,16630.0,16550.0,16620.0,5178,0.0,0.0
2024-03-27 09:00:00+09:00,16770.0,17090.0,16660.0,17070.0,31508,0.0,0.0
2024-03-27 10:00:00+09:00,17070.0,17200.0,17060.0,17180.0,16913,0.0,0.0
2024-03-27 11:00:00+09:00,17150.0,17150.0,16790.0,16930.0,11353,0.0,0.0
2024-03-27 12:00:00+09:00,16920.0,16920.0,16730.0,16790.0,7380,0.0,0.0
2024-03-27 13:00:00+09:00,16760.0,16910.0,16750.0,16910.0,2258,0.0,0.0
2024-03-27 14:00:00+09:00,16900.0,16970.0,16830.0,16970.0,3830,0.0,0.0
2024-03-28 09:00:00+09:00,16900.0,17770.0,16900.0,17730.0,78254,0.0,0.0
2024-03-28 10:00:00+09:00,17720.0,17830.0,17610.0,17700.0,35795,0.0,0.0
2024-03-28 11:00:00+09:00,17630.0,17690.0,17300.0,17550.0,18088,0.0,0.0
2024-03-28 12:00:00+09:00,17540.0,17550.0,17100.0,17200.0,17506,0.0,0.0
2024-03-28 13:00:00+09:00,17170.0,17180.0,16910.0,17010.0,15494,0.0,0.0
2024-03-28 14:00:00+09:00,17010.0,17090.0,16940.0,16980.0,6794,0.0,0.0
2024-03-29 09:00:00+09:00,17000.0,17550.0,17000.0,17550.0,22977,0.0,0.0
2024-03-29 10:00:00+09:00,17550.0,17550.0,17200.0,17350.0,17595,0.0,0.0
2024-03-29 11:00:00+09:00,17350.0,17420.0,17270.0,17360.0,3555,0.0,0.0
2024-03-29 12:00:00+09:00,17340.0,17430.0,17250.0,17250.0,6202,0.0,0.0
2024-03-29 13:00:00+09:00,17250.0,17310.0,17050.0,17110.0,7432,0.0,0.0
2024-03-29 14:00:00+09:00,17050.0,17260.0,17040.0,17150.0,7290,0.0,0.0
2024-04-01 09:00:00+09:00,17220.0,17590.0,17200.0,17410.0,0,0.0,0.0
2024-04-01 10:00:00+09:00,17370.0,17540.0,17370.0,17480.0,16486,0.0,0.0
2024-04-01 11:00:00+09:00,17400.0,17470.0,17350.0,17420.0,4912,0.0,0.0
2024-04-01 12:00:00+09:00,17410.0,17430.0,17240.0,17280.0,6864,0.0,0.0
2024-04-01 13:00:00+09:00,17280.0,17300.0,17210.0,17230.0,3408,0.0,0.0
2024-04-01 14:00:00+09:00,17230.0,17260.0,17180.0,17230.0,7265,0.0,0.0
2024-04-02 09:00:00+09:00,17400.0,17570.0,16970.0,17020.0,19989,0.0,0.0
2024-04-02 10:00:00+09:00,17090.0,17340.0,17000.0,17340.0,11227,0.0,0.0
2024-04-02 11:00:00+09:00,17340.0,17340.0,17220.0,17310.0,2493,0.0,0.0
2024-04-02 12:00:00+09:00,17310.0,17520.0,17260.0,17480.0,14530,0.0,0.0
2024-04-02 13:00:00+09:00,17470.0,17490.0,17430.0,17490.0,7956,0.0,0.0
2024-04-02 14:00:00+09:00,17490.0,17780.0,17380.0,17780.0,39807,0.0,0.0
2024-04-03 09:00:00+09:00,17610.0,17900.0,17230.0,17680.0,52740,0.0,0.0
2024-04-03 10:00:00+09:00,17660.0,17660.0,17370.0,17430.0,17331,0.0,0.0
2024-04-03 11:00:00+09:00,17450.0,17460.0,17300.0,17430.0,7428,0.0,0.0
2024-04-03 12:00:00+09:00,17400.0,17500.0,17390.0,17440.0,1619,0.0,0.0
2024-04-03 13:00:00+09:00,17430.0,17480.0,17390.0,17470.0,3660,0.0,0.0
2024-04-03 14:00:00+09:00,17470.0,17470.0,17310.0,17360.0,8607,0.0,0.0
2024-04-04 09:00:00+09:00,17470.0,17470.0,16830.0,16920.0,31629,0.0,0.0
2024-04-04 10:00:00+09:00,16920.0,16920.0,16590.0,16720.0,22233,0.0,0.0
2024-04-04 11:00:00+09:00,16720.0,16780.0,16500.0,16500.0,13033,0.0,0.0
2024-04-04 12:00:00+09:00,16490.0,16520.0,16250.0,16360.0,21777,0.0,0.0
2024-04-04 13:00:00+09:00,16350.0,16350.0,16000.0,16100.0,24480,0.0,0.0
2024-04-04 14:00:00+09:00,16100.0,16100.0,15370.0,15580.0,47123,0.0,0.0
2024-04-05 09:00:00+09:00,15630.0,16080.0,15260.0,15900.0,29932,0.0,0.0
2024-04-05 10:00:00+09:00,15930.0,16000.0,15570.0,15570.0,9826,0.0,0.0
2024-04-05 11:00:00+09:00,15560.0,15660.0,15370.0,15640.0,18722,0.0,0.0
2024-04-05 12:00:00+09:00,15630.0,15680.0,15530.0,15600.0,2399,0.0,0.0
2024-04-05 13:00:00+09:00,15660.0,15850.0,15660.0,15680.0,7233,0.0,0.0
2024-04-05 14:00:00+09:00,15680.0,15750.0,15620.0,15720.0,2709,0.0,0.0
2024-04-08 09:00:00+09:00,15660.0,15660.0,14540.0,14890.0,0,0.0,0.0
2024-04-08 10:00:00+09:00,14990.0,14990.0,14720.0,14750.0,8760,0.0,0.0
2024-04-08 11:00:00+09:00,14750.0,14930.0,14750.0,14890.0,4180,0.0,0.0
2024-04-08 12:00:00+09:00,14890.0,15300.0,14890.0,15300.0,9114,0.0,0.0
2024-04-08 13:00:00+09:00,15190.0,15310.0,15170.0,15260.0,2450,0.0,0.0
2024-04-08 14:00:00+09:00,15210.0,15380.0,15210.0,15320.0,8222,0.0,0.0
2024-04-09 09:00:00+09:00,15170.0,16040.0,15170.0,15900.0,48519,0.0,0.0
2024-04-09 10:00:00+09:00,15860.0,15970.0,15690.0,15950.0,19375,0.0,0.0
2024-04-09 11:00:00+09:00,15940.0,15950.0,15740.0,15740.0,6869,0.0,0.0
2024-04-09 12:00:00+09:00,15790.0,15850.0,15470.0,15680.0,9989,0.0,0.0
2024-04-09 13:00:00+09:00,15680.0,15680.0,15470.0,15660.0,4844,0.0,0.0
2024-04-09 14:00:00+09:00,15660.0,15930.0,15660.0,15890.0,9291,0.0,0.0
2024-04-11 09:00:00+09:00,15000.0,15000.0,13700.0,13970.0,0,0.0,0.0
2024-04-11 10:00:00+09:00,13970.0,14180.0,13930.0,14070.0,22765,0.0,0.0
2024-04-11 11:00:00+09:00,14070.0,14070.0,13840.0,13860.0,15790,0.0,0.0
2024-04-11 12:00:00+09:00,13860.0,14200.0,13860.0,14200.0,16485,0.0,0.0
2024-04-11 13:00:00+09:00,14200.0,14270.0,14030.0,14050.0,12953,0.0,0.0
2024-04-11 14:00:00+09:00,14050.0,14060.0,13890.0,13900.0,8858,0.0,0.0
2024-04-12 09:00:00+09:00,13850.0,13920.0,13430.0,13570.0,36865,0.0,0.0
2024-04-12 10:00:00+09:00,13570.0,13570.0,13280.0,13350.0,28633,0.0,0.0
2024-04-12 11:00:00+09:00,13340.0,13630.0,13290.0,13570.0,20337,0.0,0.0
2024-04-12 12:00:00+09:00,13570.0,14520.0,13570.0,13890.0,131222,0.0,0.0
2024-04-12 13:00:00+09:00,13840.0,14220.0,13750.0,14030.0,27407,0.0,0.0
2024-04-12 14:00:00+09:00,14010.0,14110.0,13950.0,14100.0,13445,0.0,0.0
2024-04-15 09:00:00+09:00,13650.0,13960.0,13470.0,13500.0,0,0.0,0.0
2024-04-15 10:00:00+09:00,13510.0,13540.0,13370.0,13440.0,9450,0.0,0.0
2024-04-15 11:00:00+09:00,13450.0,13480.0,13400.0,13410.0,3822,0.0,0.0
2024-04-15 12:00:00+09:00,13410.0,13510.0,13400.0,13500.0,3275,0.0,0.0
2024-04-15 13:00:00+09:00,13500.0,13580.0,13500.0,13580.0,3870,0.0,0.0
2024-04-15 14:00:00+09:00,13570.0,13580.0,13460.0,13550.0,6484,0.0,0.0
2024-04-16 09:00:00+09:00,13450.0,13680.0,13370.0,13460.0,16271,0.0,0.0
2024-04-16 10:00:00+09:00,13460.0,13460.0,13260.0,13300.0,13489,0.0,0.0
2024-04-16 11:00:00+09:00,13290.0,13310.0,13070.0,13170.0,9412,0.0,0.0
2024-04-16 12:00:00+09:00,13170.0,13230.0,13160.0,13200.0,2968,0.0,0.0
2024-04-16 13:00:00+09:00,13200.0,13250.0,13200.0,13200.0,5221,0.0,0.0
2024-04-16 14:00:00+09:00,13210.0,13740.0,13210.0,13730.0,17085,0.0,0.0
2024-04-17 09:00:00+09:00,13540.0,14070.0,13540.0,14040.0,32072,0.0,0.0
2024-04-17 10:00:00+09:00,14030.0,14040.0,13750.0,13860.0,8699,0.0,0.0
2024-04-17 11:00:00+09:00,13860.0,13930.0,13790.0,13790.0,1593,0.0,0.0
2024-04-17 12:00:00+09:00,13780.0,13980.0,13780.0,13950.0,1671,0.0,0.0
2024-04-17 13:00:00+09:00,13910.0,13950.0,13850.0,13900.0,1165,0.0,0.0
2024-04-17 14:00:00+09:00,13900.0,13920.0,13820.0,13820.0,2577,0.0,0.0
2024-04-18 09:00:00+09:00,13720.0,14070.0,13600.0,14030.0,10101,0.0,0.0
2024-04-18 10:00:00+09:00,14010.0,14190.0,14000.0,14150.0,6745,0.0,0.0
2024-04-18 11:00:00+09:00,14120.0,14120.0,13970.0,14040.0,4578,0.0,0.0
2024-04-18 12:00:00+09:00,14000.0,14020.0,13960.0,14020.0,752,0.0,0.0
2024-04-18 13:00:00+09:00,13960.0,13990.0,13860.0,13970.0,5038,0.0,0.0
2024-04-18 14:00:00+09:00,13970.0,13970.0,13880.0,13970.0,576,0.0,0.0
2024-04-19 09:00:00+09:00,14200.0,14200.0,13860.0,13870.0,7115,0.0,0.0
2024-04-19 10:00:00+09:00,13870.0,13880.0,13650.0,13710.0,10680,0.0,0.0
2024-04-19 11:00:00+09:00,13650.0,13650.0,13480.0,13540.0,7923,0.0,0.0
2024-04-19 12:00:00+09:00,13540.0,13800.0,13540.0,13710.0,3725,0.0,0.0
2024-04-19 13:00:00+09:00,13800.0,13960.0,13780.0,13900.0,2222,0.0,0.0
2024-04-19 14:00:00+09:00,13900.0,13900.0,13800.0,13830.0,1572,0.0,0.0
2024-04-22 09:00:00+09:00,14400.0,14500.0,14070.0,14140.0,2272,0.0,0.0
2024-04-22 10:00:00+09:00,14140.0,14360.0,14140.0,14190.0,20187,0.0,0.0
2024-04-22 11:00:00+09:00,14220.0,14400.0,14150.0,14340.0,7588,0.0,0.0
2024-04-22 12:00:00+09:00,14390.0,14530.0,14350.0,14420.0,5930,0.0,0.0
2024-04-22 13:00:00+09:00,14420.0,14730.0,14420.0,14530.0,17927,0.0,0.0
2024-04-22 14:00:00+09:00,14540.0,14560.0,14250.0,14310.0,3483,0.0,0.0
2024-04-23 09:00:00+09:00,14230.0,14410.0,14230.0,14290.0,3028,0.0,0.0
2024-04-23 10:00:00+09:00,14290.0,14290.0,14110.0,14110.0,5164,0.0,0.0
2024-04-23 11:00:00+09:00,14160.0,14290.0,14160.0,14240.0,1063,0.0,0.0
2024-04-23 12:00:00+09:00,14240.0,14350.0,14160.0,14280.0,4465,0.0,0.0
2024-04-23 13:00:00+09:00,14260.0,14290.0,14210.0,14210.0,528,0.0,0.0
2024-04-23 14:00:00+09:00,14210.0,14300.0,14210.0,14230.0,1360,0.0,0.0
2024-04-24 09:00:00+09:00,14220.0,14470.0,14220.0,14450.0,10595,0.0,0.0
2024-04-24 10:00:00+09:00,14450.0,14520.0,14370.0,14450.0,4896,0.0,0.0
2024-04-24 11:00:00+09:00,14520.0,14530.0,14440.0,14440.0,1497,0.0,0.0
2024-04-24 12:00:00+09:00,14450.0,14510.0,14450.0,14480.0,1752,0.0,0.0
2024-04-24 13:00:00+09:00,14480.0,14510.0,14450.0,14490.0,802,0.0,0.0
2024-04-24 14:00:00+09:00,14460.0,14500.0,14430.0,14480.0,1915,0.0,0.0
2024-04-25 09:00:00+09:00,14400.0,14500.0,14400.0,14470.0,3827,0.0,0.0
2024-04-25 10:00:00+09:00,14470.0,14470.0,14290.0,14300.0,3934,0.0,0.0
2024-04-25 11:00:00+09:00,14300.0,14350.0,14210.0,14210.0,2064,0.0,0.0
2024-04-25 12:00:00+09:00,14210.0,14270.0,14160.0,14160.0,3806,0.0,0.0
2024-04-25 13:00:00+09:00,14180.0,14220.0,14150.0,14150.0,3306,0.0,0.0
2024-04-25 14:00:00+09:00,14150.0,14230.0,14120.0,14220.0,1352,0.0,0.0
2024-04-26 09:00:00+09:00,14320.0,14340.0,14100.0,14190.0,2942,0.0,0.0
2024-04-26 10:00:00+09:00,14160.0,14220.0,14100.0,14170.0,3797,0.0,0.0
2024-04-26 11:00:00+09:00,14170.0,14220.0,14120.0,14120.0,1110,0.0,0.0
2024-04-26 12:00:00+09:00,14120.0,14190.0,14100.0,14110.0,2203,0.0,0.0
2024-04-26 13:00:00+09:00,14130.0,14130.0,14040.0,14090.0,2587,0.0,0.0
2024-04-26 14:00:00+09:00,14100.0,14190.0,14030.0,14170.0,2970,0.0,0.0
2024-04-29 09:00:00+09:00,14170.0,14260.0,14000.0,14250.0,0,0.0,0.0
2024-04-29 10:00:00+09:00,14240.0,14320.0,14210.0,14260.0,3825,0.0,0.0
2024-04-29 11:00:00+09:00,14260.0,14290.0,14150.0,14260.0,1867,0.0,0.0
2024-04-29 12:00:00+09:00,14290.0,14340.0,14210.0,14340.0,2041,0.0,0.0
2024-04-29 13:00:00+09:00,14300.0,14310.0,14190.0,14260.0,4351,0.0,0.0
2024-04-29 14:00:00+09:00,14240.0,14340.0,14180.0,14280.0,4304,0.0,0.0
2024-04-30 09:00:00+09:00,14630.0,14630.0,14350.0,14460.0,0,0.0,0.0
2024-04-30 10:00:00+09:00,14450.0,14450.0,14280.0,14440.0,17069,0.0,0.0
2024-04-30 11:00:00+09:00,14410.0,14460.0,14400.0,14400.0,3686,0.0,0.0
2024-04-30 12:00:00+09:00,14390.0,14400.0,14280.0,14310.0,4791,0.0,0.0
2024-04-30 13:00:00+09:00,14310.0,14340.0,14250.0,14260.0,7275,0.0,0.0
2024-04-30 14:00:00+09:00,14310.0,14310.0,14190.0,14210.0,4473,0.0,0.0
2024-05-02 09:00:00+09:00,14170.0,14320.0,14110.0,14260.0,0,0.0,0.0
2024-05-02 10:00:00+09:00,14260.0,14470.0,14260.0,14440.0,8106,0.0,0.0
2024-05-02 11:00:00+09:00,14440.0,14460.0,14300.0,14390.0,2366,0.0,0.0
2024-05-02 12:00:00+09:00,14380.0,14400.0,14350.0,14390.0,1093,0.0,0.0
2024-05-02 13:00:00+09:00,14380.0,14390.0,14270.0,14280.0,1169,0.0,0.0
2024-05-02 14:00:00+09:00,14260.0,14280.0,14220.0,14250.0,1671,0.0,0.0
2024-05-03 09:00:00+09:00,14300.0,14300.0,14120.0,14140.0,6316,0.0,0.0
2024-05-03 10:00:00+09:00,14130.0,14140.0,14070.0,14110.0,4648,0.0,0.0
2024-05-03 11:00:00+09:00,14080.0,14100.0,14010.0,14020.0,3973,0.0,0.0
2024-05-03 12:00:00+09:00,14010.0,14060.0,13970.0,14060.0,2608,0.0,0.0
2024-05-03 13:00:00+09:00,14010.0,14100.0,13990.0,14020.0,1693,0.0,0.0
2024-05-03 14:00:00+09:00,14100.0,14100.0,14000.0,14040.0,1760,0.0,0.0
2024-05-07 09:00:00+09:00,14030.0,14130.0,14010.0,14100.0,0,0.0,0.0
2024-05-07 10:00:00+09:00,14100.0,14110.0,14060.0,14100.0,754,0.0,0.0
2024-05-07 11:00:00+09:00,14130.0,14200.0,14050.0,14140.0,2009,0.0,0.0
2024-05-07 12:00:00+09:00,14130.0,14140.0,14090.0,14130.0,1800,0.0,0.0
2024-05-07 13:00:00+09:00,14130.0,14200.0,14130.0,14190.0,5509,0.0,0.0
2024-05-07 14:00:00+09:00,14170.0,14290.0,14170.0,14240.0,4359,0.0,0.0
2024-05-08 09:00:00+09:00,14100.0,14260.0,14100.0,14190.0,2732,0.0,0.0
2024-05-08 10:00:00+09:00,14190.0,14410.0,14190.0,14360.0,3918,0.0,0.0
2024-05-08 11:00:00+09:00,14360.0,14360.0,14190.0,14200.0,1525,0.0,0.0
2024-05-08 12:00:00+09:00,14200.0,14310.0,14200.0,14240.0,915,0.0,0.0
2024-05-08 13:00:00+09:00,14250.0,14250.0,14180.0,14200.0,1754,0.0,0.0
2024-05-08 14:00:00+09:00,14200.0,14240.0,14190.0,14220.0,1890,0.0,0.0
2024-05-09 09:00:00+09:00,14210.0,14400.0,14180.0,14360.0,3513,0.0,0.0
2024-05-09 10:00:00+09:00,14340.0,14370.0,14230.0,14240.0,1152,0.0,0.0
2024-05-09 11:00:00+09:00,14280.0,14300.0,14200.0,14250.0,1765,0.0,0.0
2024-05-09 12:00:00+09:00,14200.0,14320.0,14160.0,14320.0,3884,0.0,0.0
2024-05-09 13:00:00+09:00,14320.0,14780.0,14230.0,14760.0,10234,0.0,0.0
2024-05-09 14:00:00+09:00,14760.0,14970.0,14470.0,14480.0,22977,0.0,0.0
2024-05-10 09:00:00+09:00,14590.0,14680.0,14450.0,14520.0,4148,0.0,0.0
2024-05-10 10:00:00+09:00,14540.0,14540.0,14320.0,14350.0,7507,0.0,0.0
2024-05-10 11:00:00+09:00,14350.0,14450.0,14330.0,14380.0,4583,0.0,0.0
2024-05-10 12:00:00+09:00,14380.0,14420.0,14350.0,14360.0,1586,0.0,0.0
2024-05-10 13:00:00+09:00,14360.0,14600.0,14360.0,14600.0,1690,0.0,0.0
2024-05-10 14:00:00+09:00,14490.0,14570.0,14400.0,14410.0,2427,0.0,0.0
2024-05-13 09:00:00+09:00,14360.0,14900.0,14360.0,14410.0,0,0.0,0.0
2024-05-13 10:00:00+09:00,14430.0,14560.0,14420.0,14550.0,5828,0.0,0.0
2024-05-13 11:00:00+09:00,14550.0,14620.0,14520.0,14620.0,2291,0.0,0.0
2024-05-13 12:00:00+09:00,14590.0,14610.0,14550.0,14590.0,1591,0.0,0.0
2024-05-13 13:00:00+09:00,14570.0,14570.0,14410.0,14460.0,1319,0.0,0.0
2024-05-13 14:00:00+09:00,14460.0,14510.0,14440.0,14470.0,945,0.0,0.0
2024-05-14 09:00:00+09:00,14500.0,14650.0,14360.0,14650.0,6847,0.0,0.0
2024-05-14 10:00:00+09:00,14650.0,14800.0,14580.0,14690.0,10104,0.0,0.0
2024-05-14 11:00:00+09:00,14690.0,14740.0,14660.0,14700.0,2716,0.0,0.0
2024-05-14 12:00:00+09:00,14710.0,14820.0,14710.0,14740.0,7463,0.0,0.0
2024-05-14 13:00:00+09:00,14730.0,14760.0,14620.0,14620.0,7607,0.0,0.0
2024-05-14 14:00:00+09:00,14720.0,14770.0,14660.0,14700.0,2677,0.0,0.0
2024-05-16 09:00:00+09:00,14750.0,14750.0,14510.0,14700.0,0,0.0,0.0
2024-05-16 10:00:00+09:00,14700.0,14760.0,14590.0,14690.0,6077,0.0,0.0
2024-05-16 11:00:00+09:00,14760.0,14760.0,14600.0,14600.0,2531,0.0,0.0
2024-05-16 12:00:00+09:00,14650.0,14650.0,14580.0,14610.0,1623,0.0,0.0
2024-05-16 13:00:00+09:00,14600.0,14600.0,14510.0,14550.0,3390,0.0,0.0
2024-05-16 14:00:00+09:00,14580.0,15250.0,14580.0,14950.0,36392,0.0,0.0
2024-05-17 09:00:00+09:00,15090.0,15490.0,14970.0,15260.0,23349,0.0,0.0
2024-05-17 10:00:00+09:00,15260.0,15520.0,15250.0,15460.0,0,0.0,0.0
2024-05-17 11:00:00+09:00,15460.0,15570.0,15450.0,15450.0,64067,0.0,0.0
2024-05-17 12:00:00+09:00,15410.0,15480.0,15320.0,15320.0,5504,0.0,0.0
2024-05-17 13:00:00+09:00,15320.0,15520.0,15320.0,15450.0,10357,0.0,0.0
2024-05-17 14:00:00+09:00,15450.0,15530.0,15410.0,15510.0,7019,0.0,0.0
2024-05-20 09:00:00+09:00,15480.0,16110.0,15420.0,15980.0,0,0.0,0.0
2024-05-20 10:00:00+09:00,16030.0,16140.0,15860.0,15920.0,19870,0.0,0.0
2024-05-20 11:00:00+09:00,15920.0,16010.0,15910.0,15990.0,2448,0.0,0.0
2024-05-20 12:00:00+09:00,15990.0,16080.0,15930.0,15940.0,3659,0.0,0.0
2024-05-20 13:00:00+09:00,15940.0,16040.0,15850.0,15900.0,7461,0.0,0.0
2024-05-20 14:00:00+09:00,15900.0,15970.0,15700.0,15740.0,5724,0.0,0.0
2024-05-21 09:00:00+09:00,15650.0,15930.0,15650.0,15890.0,7298,0.0,0.0
2024-05-21 10:00:00+09:00,15890.0,16330.0,15870.0,16330.0,38416,0.0,0.0
2024-05-21 11:00:00+09:00,16330.0,16330.0,16160.0,16180.0,9926,0.0,0.0
2024-05-21 12:00:00+09:00,16180.0,16320.0,16180.0,16210.0,7308,0.0,0.0
2024-05-21 13:00:00+09:00,16210.0,16240.0,16120.0,16130.0,5422,0.0,0.0
2024-05-21 14:00:00+09:00,16170.0,16540.0,16130.0,16470.0,43390,0.0,0.0
2024-05-22 09:00:00+09:00,16510.0,16580.0,16190.0,16260.0,32692,0.0,0.0
2024-05-22 10:00:00+09:00,16260.0,16340.0,16160.0,16170.0,8532,0.0,0.0
2024-05-22 11:00:00+09:00,16180.0,16230.0,16130.0,16130.0,4066,0.0,0.0
2024-05-22 12:00:00+09:00,16130.0,16190.0,16110.0,16140.0,5428,0.0,0.0
2024-05-22 13:00:00+09:00,16150.0,16190.0,16060.0,16080.0,5839,0.0,0.0
2024-05-22 14:00:00+09:00,16070.0,16070.0,15980.0,16010.0,10050,0.0,0.0
2024-05-23 09:00:00+09:00,16030.0,16890.0,15900.0,16890.0,60734,0.0,0.0
2024-05-23 10:00:00+09:00,16890.0,17800.0,16770.0,17690.0,153689,0.0,0.0
2024-05-23 11:00:00+09:00,17680.0,17800.0,16940.0,16960.0,74342,0.0,0.0
2024-05-23 12:00:00+09:00,16970.0,17150.0,16730.0,16750.0,18831,0.0,0.0
2024-05-23 13:00:00+09:00,16750.0,16940.0,16710.0,16860.0,12725,0.0,0.0
2024-05-23 14:00:00+09:00,16850.0,16980.0,16780.0,16790.0,9781,0.0,0.0
2024-05-24 09:00:00+09:00,16790.0,17230.0,16570.0,17050.0,22067,0.0,0.0
2024-05-24 10:00:00+09:00,17050.0,17050.0,16810.0,16820.0,6365,0.0,0.0
2024-05-24 11:00:00+09:00,16820.0,17070.0,16810.0,17050.0,3863,0.0,0.0
2024-05-24 12:00:00+09:00,16990.0,17130.0,16970.0,17120.0,8646,0.0,0.0
2024-05-24 13:00:00+09:00,17130.0,17230.0,17000.0,17160.0,7339,0.0,0.0
2024-05-24 14:00:00+09:00,17160.0,17250.0,17120.0,17170.0,9789,0.0,0.0
2024-05-27 09:00:00+09:00,17000.0,17000.0,16660.0,16670.0,0,0.0,0.0
2024-05-27 10:00:00+09:00,16700.0,16880.0,16660.0,16690.0,6617,0.0,0.0
2024-05-27 11:00:00+09:00,16700.0,17000.0,16580.0,16580.0,9862,0.0,0.0
2024-05-27 12:00:00+09:00,16590.0,16590.0,16450.0,16480.0,6709,0.0,0.0
2024-05-27 13:00:00+09:00,16580.0,16620.0,16490.0,16590.0,6846,0.0,0.0
2024-05-27 14:00:00+09:00,16580.0,16600.0,16460.0,16530.0,6308,0.0,0.0
2024-05-28 09:00:00+09:00,16500.0,16900.0,16210.0,16580.0,10107,0.0,0.0
2024-05-28 10:00:00+09:00,16580.0,16770.0,16500.0,16590.0,6566,0.0,0.0
2024-05-28 11:00:00+09:00,16590.0,16660.0,16530.0,16660.0,1783,0.0,0.0
2024-05-28 12:00:00+09:00,16670.0,16670.0,16530.0,16650.0,3573,0.0,0.0
2024-05-28 13:00:00+09:00,16610.0,16630.0,16400.0,16450.0,3157,0.0,0.0
2024-05-28 14:00:00+09:00,16450.0,16450.0,16320.0,16360.0,5101,0.0,0.0
2024-05-29 09:00:00+09:00,16200.0,16700.0,15910.0,16700.0,30562,0.0,0.0
2024-05-29 10:00:00+09:00,16620.0,16840.0,16550.0,16770.0,14622,0.0,0.0
2024-05-29 11:00:00+09:00,16760.0,17250.0,16690.0,17020.0,22905,0.0,0.0
2024-05-29 12:00:00+09:00,16970.0,16970.0,16340.0,16530.0,13686,0.0,0.0
2024-05-29 13:00:00+09:00,16590.0,16590.0,16310.0,16330.0,10401,0.0,0.0
2024-05-29 14:00:00+09:00,16410.0,16430.0,16250.0,16250.0,3609,0.0,0.0
2024-05-30 09:00:00+09:00,16300.0,16490.0,16030.0,16330.0,7361,0.0,0.0
2024-05-30 10:00:00+09:00,16300.0,16560.0,16300.0,16500.0,2655,0.0,0.0
2024-05-30 11:00:00+09:00,16430.0,16500.0,16260.0,16360.0,3758,0.0,0.0
2024-05-30 12:00:00+09:00,16300.0,16370.0,16250.0,16320.0,905,0.0,0.0
2024-05-30 13:00:00+09:00,16320.0,16340.0,16100.0,16110.0,5734,0.0,0.0
2024-05-30 14:00:00+09:00,16160.0,16210.0,16080.0,16100.0,4356,0.0,0.0
2024-05-31 09:00:00+09:00,16010.0,16470.0,16000.0,16220.0,9147,0.0,0.0
2024-05-31 10:00:00+09:00,16200.0,16360.0,16060.0,16190.0,1709,0.0,0.0
2024-05-31 11:00:00+09:00,16200.0,16250.0,16090.0,16170.0,1125,0.0,0.0
2024-05-31 12:00:00+09:00,16100.0,16170.0,16080.0,16150.0,1392,0.0,0.0
2024-05-31 13:00:00+09:00,16170.0,16170.0,16080.0,16090.0,294,0.0,0.0
2024-05-31 14:00:00+09:00,16090.0,16090.0,15960.0,16010.0,4754,0.0,0.0
2024-06-03 09:00:00+09:00,15970.0,16370.0,15930.0,16280.0,0,0.0,0.0
2024-06-03 10:00:00+09:00,16280.0,16730.0,16260.0,16360.0,17304,0.0,0.0
2024-06-03 11:00:00+09:00,16370.0,16400.0,16300.0,16340.0,3650,0.0,0.0
2024-06-03 12:00:00+09:00,16350.0,16610.0,16350.0,16480.0,6788,0.0,0.0
2024-06-03 13:00:00+09:00,16480.0,16510.0,16410.0,16460.0,3714,0.0,0.0
2024-06-03 14:00:00+09:00,16420.0,16480.0,16390.0,16470.0,1566,0.0,0.0
2024-06-04 09:00:00+09:00,16690.0,16690.0,16100.0,16400.0,11338,0.0,0.0
2024-06-04 10:00:00+09:00,16410.0,16430.0,16260.0,16270.0,2016,0.0,0.0
2024-06-04 11:00:00+09:00,16270.0,16350.0,16220.0,16220.0,3310,0.0,0.0
2024-06-04 12:00:00+09:00,16220.0,16490.0,16220.0,16490.0,2590,0.0,0.0
2024-06-04 13:00:00+09:00,16430.0,16490.0,16230.0,16250.0,1649,0.0,0.0
2024-06-04 14:00:00+09:00,16260.0,16370.0,16260.0,16300.0,614,0.0,0.0
2024-06-05 09:00:00+09:00,16240.0,16270.0,15630.0,15670.0,25466,0.0,0.0
2024-06-05 10:00:00+09:00,15670.0,16100.0,15660.0,15890.0,5511,0.0,0.0
2024-06-05 11:00:00+09:00,15870.0,15940.0,15860.0,15900.0,2933,0.0,0.0
2024-06-05 12:00:00+09:00,15900.0,16140.0,15900.0,16020.0,2693,0.0,0.0
2024-06-05 13:00:00+09:00,16020.0,16020.0,15900.0,15980.0,1712,0.0,0.0
2024-06-05 14:00:00+09:00,15980.0,16120.0,15900.0,15900.0,1982,0.0,0.0
2024-06-07 09:00:00+09:00,15630.0,16060.0,15630.0,15750.0,0,0.0,0.0
2024-06-07 10:00:00+09:00,15750.0,15750.0,15440.0,15500.0,8075,0.0,0.0
2024-06-07 11:00:00+09:00,15500.0,15630.0,15470.0,15550.0,4371,0.0,0.0
2024-06-07 12:00:00+09:00,15590.0,15700.0,15590.0,15600.0,618,0.0,0.0
2024-06-07 13:00:00+09:00,15680.0,15700.0,15560.0,15670.0,4966,0.0,0.0
2024-06-07 14:00:00+09:00,15560.0,15590.0,15440.0,15590.0,4780,0.0,0.0
2024-06-10 09:00:00+09:00,15230.0,15440.0,14950.0,15090.0,0,0.0,0.0
2024-06-10 10:00:00+09:00,15090.0,15190.0,15060.0,15150.0,3289,0.0,0.0
2024-06-10 11:00:00+09:00,15150.0,15150.0,15040.0,15100.0,2227,0.0,0.0
2024-06-10 12:00:00+09:00,15100.0,15100.0,15000.0,15020.0,4584,0.0,0.0
2024-06-10 13:00:00+09:00,15050.0,15240.0,14990.0,15170.0,10187,0.0,0.0
2024-06-10 14:00:00+09:00,15190.0,15350.0,15160.0,15320.0,6161,0.0,0.0
2024-06-11 09:00:00+09:00,15250.0,15350.0,15050.0,15150.0,10298,0.0,0.0
2024-06-11 10:00:00+09:00,15210.0,15370.0,15120.0,15300.0,3446,0.0,0.0
2024-06-11 11:00:00+09:00,15300.0,15300.0,15220.0,15220.0,511,0.0,0.0
2024-06-11 12:00:00+09:00,15250.0,15340.0,15170.0,15190.0,1283,0.0,0.0
2024-06-11 13:00:00+09:00,15190.0,15190.0,15130.0,15130.0,3532,0.0,0.0
2024-06-11 14:00:00+09:00,15130.0,15270.0,15070.0,15220.0,5035,0.0,0.0
2024-06-12 09:00:00+09:00,15120.0,15260.0,14920.0,15110.0,13789,0.0,0.0
2024-06-12 10:00:00+09:00,15120.0,15160.0,15110.0,15130.0,752,0.0,0.0
2024-06-12 11:00:00+09:00,15140.0,15140.0,15080.0,15080.0,600,0.0,0.0
2024-06-12 12:00:00+09:00,15080.0,15110.0,14810.0,14870.0,12179,0.0,0.0
2024-06-12 13:00:00+09:00,14870.0,14920.0,14800.0,14920.0,7971,0.0,0.0
2024-06-12 14:00:00+09:00,14830.0,14880.0,14800.0,14830.0,4290,0.0,0.0
2024-06-13 09:00:00+09:00,14790.0,15110.0,14760.0,14850.0,7602,0.0,0.0
2024-06-13 10:00:00+09:00,14850.0,14850.0,14770.0,14820.0,5590,0.0,0.0
2024-06-13 11:00:00+09:00,14820.0,14820.0,14760.0,14810.0,5720,0.0,0.0
2024-06-13 12:00:00+09:00,14840.0,14840.0,14800.0,14800.0,255,0.0,0.0
2024-06-13 13:00:00+09:00,14810.0,14830.0,14780.0,14820.0,1245,0.0,0.0
2024-06-13 14:00:00+09:00,14830.0,14890.0,14810.0,14810.0,2959,0.0,0.0
2024-06-14 09:00:00+09:00,15050.0,15050.0,14790.0,15000.0,2804,0.0,0.0
2024-06-14 10:00:00+09:00,14970.0,14970.0,14600.0,14610.0,10045,0.0,0.0
2024-06-14 11:00:00+09:00,14640.0,14680.0,14510.0,14600.0,10342,0.0,0.0
2024-06-14 12:00:00+09:00,14610.0,14710.0,14610.0,14680.0,2916,0.0,0.0
2024-06-14 13:00:00+09:00,14670.0,14680.0,14640.0,14680.0,1008,0.0,0.0
2024-06-14 14:00:00+09:00,14670.0,14750.0,14630.0,14670.0,3630,0.0,0.0
2024-06-17 09:00:00+09:00,14680.0,14680.0,14510.0,14680.0,0,0.0,0.0
2024-06-17 10:00:00+09:00,14680.0,14730.0,14680.0,14730.0,1250,0.0,0.0
2024-06-17 11:00:00+09:00,14740.0,14740.0,14600.0,14640.0,1932,0.0,0.0
2024-06-17 12:00:00+09:00,14640.0,14700.0,14600.0,14600.0,1266,0.0,0.0
2024-06-17 13:00:00+09:00,14610.0,14680.0,14540.0,14540.0,2806,0.0,0.0
2024-06-17 14:00:00+09:00,14550.0,14550.0,14490.0,14550.0,3232,0.0,0.0
2024-06-18 09:00:00+09:00,14520.0,14570.0,14420.0,14480.0,3569,0.0,0.0
2024-06-18 10:00:00+09:00,14480.0,14540.0,14400.0,14440.0,3602,0.0,0.0
2024-06-18 11:00:00+09:00,14540.0,14540.0,14450.0,14460.0,179,0.0,0.0
2024-06-18 12:00:00+09:00,14460.0,14520.0,14460.0,14470.0,882,0.0,0.0
2024-06-18 13:00:00+09:00,14470.0,14540.0,14470.0,14500.0,463,0.0,0.0
2024-06-18 14:00:00+09:00,14520.0,14520.0,14490.0,14520.0,121,0.0,0.0
2024-06-19 09:00:00+09:00,14570.0,14640.0,14560.0,14630.0,0,0.0,0.0
2024-06-19 10:00:00+09:00,14620.0,14630.0,14520.0,14570.0,4487,0.0,0.0
2024-06-19 11:00:00+09:00,14570.0,14610.0,14530.0,14610.0,2492,0.0,0.0
2024-06-19 12:00:00+09:00,14610.0,14610.0,14500.0,14500.0,3361,0.0,0.0
2024-06-19 13:00:00+09:00,14560.0,14570.0,14550.0,14550.0,709,0.0,0.0
2024-06-19 14:00:00+09:00,14550.0,14590.0,14500.0,14500.0,759,0.0,0.0
2024-06-20 09:00:00+09:00,14680.0,14680.0,14400.0,14530.0,3319,0.0,0.0
2024-06-20 10:00:00+09:00,14530.0,14640.0,14500.0,14640.0,1138,0.0,0.0
2024-06-20 11:00:00+09:00,14590.0,14630.0,14570.0,14590.0,468,0.0,0.0
2024-06-20 12:00:00+09:00,14600.0,14720.0,14590.0,14720.0,2541,0.0,0.0
2024-06-20 13:00:00+09:00,14710.0,14950.0,14700.0,14930.0,5105,0.0,0.0
2024-06-20 14:00:00+09:00,14920.0,14950.0,14820.0,14840.0,4979,0.0,0.0
2024-06-21 09:00:00+09:00,14820.0,14820.0,14500.0,14600.0,8020,0.0,0.0
2024-06-21 10:00:00+09:00,14640.0,14660.0,14510.0,14520.0,6142,0.0,0.0
2024-06-21 11:00:00+09:00,14520.0,14620.0,14520.0,14550.0,2961,0.0,0.0
2024-06-21 12:00:00+09:00,14550.0,14590.0,14550.0,14580.0,670,0.0,0.0
2024-06-21 13:00:00+09:00,14590.0,15180.0,14580.0,14580.0,5963,0.0,0.0
2024-06-21 14:00:00+09:00,14580.0,14600.0,14540.0,14540.0,5654,0.0,0.0
