Datetime,Open,High,Low,Close,Volume,Dividends,Stock Splits
2022-07-28 09:30:00-04:00,387.2099914550781,387.8900146484375,354.0950012207031,360.1050109863281,208415,0.0,0.0
2022-07-28 10:30:00-04:00,362.2900085449219,372.56500244140625,362.2900085449219,368.2799987792969,129741,0.0,0.0
2022-07-28 11:30:00-04:00,368.760009765625,375.2049865722656,368.0849914550781,373.510009765625,56816,0.0,0.0
2022-07-28 12:30:00-04:00,374.17999267578125,378.0,372.18499755859375,378.0,30237,0.0,0.0
2022-07-28 13:30:00-04:00,378.010009765625,378.010009765625,374.04998779296875,375.2099914550781,49135,0.0,0.0
2022-07-28 14:30:00-04:00,375.3500061035156,376.8699951171875,373.2699890136719,374.875,56838,0.0,0.0
2022-07-28 15:30:00-04:00,374.8399963378906,375.2900085449219,372.75,372.9700012207031,99949,0.0,0.0
2022-07-29 09:30:00-04:00,369.25,369.9200134277344,364.760009765625,365.0,62241,0.0,0.0
2022-07-29 10:30:00-04:00,365.4849853515625,367.0199890136719,362.6600036621094,364.2699890136719,33413,0.0,0.0
2022-07-29 11:30:00-04:00,364.260009765625,366.68798828125,363.9700012207031,366.0050048828125,20573,0.0,0.0
2022-07-29 12:30:00-04:00,366.0350036621094,366.510009765625,363.1650085449219,363.3450012207031,13814,0.0,0.0
2022-07-29 13:30:00-04:00,363.1099853515625,365.2349853515625,363.1099853515625,364.885009765625,13552,0.0,0.0
2022-07-29 14:30:00-04:00,364.8699951171875,365.19000244140625,362.8399963378906,363.3299865722656,19897,0.0,0.0
2022-07-29 15:30:00-04:00,363.7200012207031,366.55999755859375,363.3800048828125,363.8299865722656,60701,0.0,0.0
2022-08-01 09:30:00-04:00,359.19500732421875,364.5299987792969,358.6499938964844,362.8800048828125,54310,0.0,0.0
2022-08-01 10:30:00-04:00,362.80999755859375,365.8500061035156,362.2099914550781,363.1499938964844,36180,0.0,0.0
2022-08-01 11:30:00-04:00,363.04998779296875,363.04998779296875,359.5799865722656,361.2749938964844,22203,0.0,0.0
2022-08-01 12:30:00-04:00,361.17498779296875,363.0299987792969,360.7099914550781,362.0899963378906,25617,0.0,0.0
2022-08-01 13:30:00-04:00,361.8299865722656,361.8500061035156,357.4849853515625,357.5050048828125,20672,0.0,0.0
2022-08-01 14:30:00-04:00,357.2799987792969,358.57000732421875,356.55999755859375,356.7900085449219,26437,0.0,0.0
2022-08-01 15:30:00-04:00,356.67999267578125,357.2300109863281,354.7200012207031,354.989990234375,41429,0.0,0.0
2022-08-02 09:30:00-04:00,353.1400146484375,360.26708984375,353.0799865722656,360.20001220703125,48095,0.0,0.0
2022-08-02 10:30:00-04:00,360.7349853515625,361.0249938964844,358.8999938964844,359.5799865722656,16503,0.0,0.0
2022-08-02 11:30:00-04:00,359.489990234375,361.44000244140625,359.0199890136719,361.44000244140625,10836,0.0,0.0
2022-08-02 12:30:00-04:00,361.4599914550781,362.0950012207031,358.6300048828125,358.7699890136719,15870,0.0,0.0
2022-08-02 13:30:00-04:00,357.3500061035156,358.125,356.8500061035156,357.9649963378906,7888,0.0,0.0
2022-08-02 14:30:00-04:00,358.07501220703125,359.42999267578125,357.7300109863281,359.42999267578125,12281,0.0,0.0
2022-08-02 15:30:00-04:00,358.8949890136719,359.6099853515625,357.75,357.8299865722656,23783,0.0,0.0
2022-08-03 09:30:00-04:00,361.3599853515625,370.4100036621094,361.3599853515625,366.875,53588,0.0,0.0
2022-08-03 10:30:00-04:00,366.9700012207031,369.9200134277344,366.0199890136719,368.8299865722656,34861,0.0,0.0
2022-08-03 11:30:00-04:00,368.8699951171875,370.0,368.0299987792969,369.3500061035156,28910,0.0,0.0
2022-08-03 12:30:00-04:00,369.69000244140625,371.760009765625,369.2300109863281,370.1600036621094,20553,0.0,0.0
2022-08-03 13:30:00-04:00,370.260009765625,372.1000061035156,369.8599853515625,371.3599853515625,19813,0.0,0.0
2022-08-03 14:30:00-04:00,371.5249938964844,372.0299987792969,368.7200012207031,368.92999267578125,20329,0.0,0.0
2022-08-03 15:30:00-04:00,369.0299987792969,370.5199890136719,368.32000732421875,368.32000732421875,49745,0.0,0.0
2022-08-04 09:30:00-04:00,369.6199951171875,372.0,367.2300109863281,367.2300109863281,27217,0.0,0.0
2022-08-04 10:30:00-04:00,367.3900146484375,368.0899963378906,364.82000732421875,365.07000732421875,30925,0.0,0.0
2022-08-04 11:30:00-04:00,365.7499084472656,366.20001220703125,363.54998779296875,366.0199890136719,34538,0.0,0.0
2022-08-04 12:30:00-04:00,365.875,366.989990234375,365.3599853515625,366.989990234375,5096,0.0,0.0
2022-08-04 13:30:00-04:00,366.8949890136719,369.6000061035156,366.8949890136719,369.1300048828125,7268,0.0,0.0
2022-08-04 14:30:00-04:00,369.04998779296875,371.6400146484375,369.04998779296875,371.45001220703125,13242,0.0,0.0
2022-08-04 15:30:00-04:00,371.3900146484375,371.9200134277344,368.6099853515625,369.04998779296875,28126,0.0,0.0
2022-08-05 09:30:00-04:00,367.30999755859375,369.05999755859375,363.5899963378906,367.3999938964844,26170,0.0,0.0
2022-08-05 10:30:00-04:00,366.9100036621094,368.0799865722656,364.364990234375,364.364990234375,15722,0.0,0.0
2022-08-05 11:30:00-04:00,364.6300048828125,369.2200012207031,364.6000061035156,369.1199951171875,12983,0.0,0.0
2022-08-05 12:30:00-04:00,368.3399963378906,369.7250061035156,367.4200134277344,367.9200134277344,13992,0.0,0.0
2022-08-05 13:30:00-04:00,368.1199951171875,369.3349914550781,367.364990234375,368.19000244140625,32205,0.0,0.0
2022-08-05 14:30:00-04:00,368.3599853515625,368.80999755859375,367.2200012207031,367.69000244140625,25369,0.0,0.0
2022-08-05 15:30:00-04:00,368.0,369.94000244140625,367.2099914550781,367.2699890136719,62631,0.0,0.0
2022-08-08 09:30:00-04:00,369.3999938964844,370.1199951171875,365.8699951171875,368.2650146484375,35003,0.0,0.0
2022-08-08 10:30:00-04:00,368.5899963378906,369.3599853515625,367.010009765625,367.7149963378906,19947,0.0,0.0
2022-08-08 11:30:00-04:00,367.9700012207031,368.05999755859375,364.7200012207031,365.6300048828125,12196,0.0,0.0
2022-08-08 12:30:00-04:00,365.0425109863281,366.5,364.7200012207031,365.5400085449219,10886,0.0,0.0
2022-08-08 13:30:00-04:00,365.8800048828125,367.8900146484375,365.8800048828125,367.82501220703125,9343,0.0,0.0
2022-08-08 14:30:00-04:00,368.3299865722656,369.260009765625,366.6700134277344,368.3299865722656,30950,0.0,0.0
2022-08-08 15:30:00-04:00,367.1600036621094,367.69000244140625,366.1099853515625,366.1099853515625,41136,0.0,0.0
2022-08-09 09:30:00-04:00,375.2699890136719,381.17999267578125,371.5299987792969,378.24749755859375,61207,0.0,0.0
2022-08-09 10:30:00-04:00,378.25,380.0299987792969,375.760009765625,377.6000061035156,26022,0.0,0.0
2022-08-09 11:30:00-04:00,378.19000244140625,378.19000244140625,374.8999938964844,374.8999938964844,11489,0.0,0.0
2022-08-09 12:30:00-04:00,374.9100036621094,375.30999755859375,371.0199890136719,371.3800048828125,11201,0.0,0.0
2022-08-09 13:30:00-04:00,370.75,372.95001220703125,367.7300109863281,369.6099853515625,17565,0.0,0.0
2022-08-09 14:30:00-04:00,368.739990234375,374.5799865722656,368.739990234375,373.7550048828125,19376,0.0,0.0
2022-08-09 15:30:00-04:00,373.82000732421875,374.6499938964844,372.4100036621094,373.70001220703125,29706,0.0,0.0
2022-08-10 09:30:00-04:00,378.489990234375,378.489990234375,370.42999267578125,372.0799865722656,28339,0.0,0.0
2022-08-10 10:30:00-04:00,372.2300109863281,372.2799987792969,370.17999267578125,371.67999267578125,30167,0.0,0.0
2022-08-10 11:30:00-04:00,371.4800109863281,371.4800109863281,368.0249938964844,368.4100036621094,12992,0.0,0.0
2022-08-10 12:30:00-04:00,368.2112121582031,369.20001220703125,367.7900085449219,369.0899963378906,14314,0.0,0.0
2022-08-10 13:30:00-04:00,368.95001220703125,369.260009765625,367.3599853515625,367.760009765625,13035,0.0,0.0
2022-08-10 14:30:00-04:00,368.67498779296875,372.2099914550781,368.0199890136719,371.30999755859375,13681,0.0,0.0
2022-08-10 15:30:00-04:00,371.19000244140625,375.4599914550781,370.9949951171875,374.54998779296875,47184,0.0,0.0
2022-08-11 09:30:00-04:00,380.8399963378906,382.0299987792969,376.1499938964844,377.7900085449219,39684,0.0,0.0
2022-08-11 10:30:00-04:00,378.07000732421875,379.4599914550781,376.54998779296875,376.6549987792969,23884,0.0,0.0
2022-08-11 11:30:00-04:00,376.42999267578125,376.75,371.3999938964844,372.8349914550781,13571,0.0,0.0
2022-08-11 12:30:00-04:00,373.9599914550781,374.94000244140625,372.30999755859375,374.69000244140625,9781,0.0,0.0
2022-08-11 13:30:00-04:00,373.8299865722656,373.8299865722656,371.1000061035156,372.6499938964844,13239,0.0,0.0
2022-08-11 14:30:00-04:00,372.6449890136719,373.2300109863281,370.69000244140625,372.6600036621094,20545,0.0,0.0
2022-08-11 15:30:00-04:00,372.614990234375,374.32000732421875,372.2699890136719,373.4599914550781,41017,0.0,0.0
2022-08-12 09:30:00-04:00,373.7099914550781,378.4849853515625,370.45001220703125,374.489990234375,101492,0.0,0.0
2022-08-12 10:30:00-04:00,374.9599914550781,376.1700134277344,373.0400085449219,374.07501220703125,31365,0.0,0.0
2022-08-12 11:30:00-04:00,373.9200134277344,379.79998779296875,372.79998779296875,379.3268127441406,34636,0.0,0.0
2022-08-12 12:30:00-04:00,378.75,379.32818603515625,374.8399963378906,376.010009765625,22634,0.0,0.0
2022-08-12 13:30:00-04:00,375.510009765625,379.19500732421875,375.510009765625,377.44000244140625,19551,0.0,0.0
2022-08-12 14:30:00-04:00,378.5899963378906,379.2699890136719,376.3399963378906,378.3500061035156,29729,0.0,0.0
2022-08-12 15:30:00-04:00,378.07000732421875,378.82501220703125,376.07000732421875,376.2900085449219,69754,0.0,0.0
2022-08-15 09:30:00-04:00,378.260009765625,388.05999755859375,378.260009765625,383.0,105916,0.0,0.0
2022-08-15 10:30:00-04:00,384.7300109863281,386.25,381.8800048828125,382.67999267578125,18728,0.0,0.0
2022-08-15 11:30:00-04:00,382.6300048828125,383.5400085449219,380.5,381.5899963378906,16592,0.0,0.0
2022-08-15 12:30:00-04:00,381.57501220703125,383.4049987792969,380.6549987792969,383.0,12058,0.0,0.0
2022-08-15 13:30:00-04:00,383.0,383.0,380.2550048828125,380.875,20284,0.0,0.0
2022-08-15 14:30:00-04:00,381.8800048828125,383.4700012207031,380.5199890136719,382.8949890136719,8451,0.0,0.0
2022-08-15 15:30:00-04:00,383.04998779296875,384.4599914550781,382.2799987792969,382.92999267578125,28608,0.0,0.0
2022-08-16 09:30:00-04:00,383.6099853515625,385.42999267578125,376.1600036621094,376.9800109863281,58687,0.0,0.0
2022-08-16 10:30:00-04:00,376.6700134277344,379.6300048828125,376.42999267578125,378.8299865722656,37064,0.0,0.0
2022-08-16 11:30:00-04:00,378.8599853515625,379.0400085449219,376.7699890136719,378.55999755859375,16162,0.0,0.0
2022-08-16 12:30:00-04:00,378.25,378.69000244140625,374.5,374.5,18278,0.0,0.0
2022-08-16 13:30:00-04:00,373.8999938964844,377.2950134277344,373.51251220703125,376.010009765625,9039,0.0,0.0
2022-08-16 14:30:00-04:00,376.239990234375,376.239990234375,373.0,375.0,28813,0.0,0.0
2022-08-16 15:30:00-04:00,374.864990234375,375.4200134277344,372.8500061035156,372.95001220703125,53064,0.0,0.0
2022-08-17 09:30:00-04:00,381.1600036621094,387.0299987792969,379.0,382.6000061035156,92902,0.0,0.0
2022-08-17 10:30:00-04:00,381.9800109863281,382.3020935058594,380.4649963378906,381.30999755859375,57273,0.0,0.0
2022-08-17 11:30:00-04:00,381.32501220703125,382.57000732421875,379.0899963378906,382.05499267578125,20451,0.0,0.0
2022-08-17 12:30:00-04:00,382.114990234375,384.4700012207031,381.5950012207031,383.2200012207031,22050,0.0,0.0
2022-08-17 13:30:00-04:00,383.1499938964844,384.3999938964844,382.44000244140625,383.56500244140625,13143,0.0,0.0
2022-08-17 14:30:00-04:00,383.6000061035156,385.0,380.4800109863281,382.0,22887,0.0,0.0
2022-08-17 15:30:00-04:00,381.7699890136719,383.8900146484375,381.29998779296875,382.1700134277344,29274,0.0,0.0
2022-08-18 09:30:00-04:00,380.010009765625,381.3500061035156,375.8800048828125,379.5199890136719,29004,0.0,0.0
2022-08-18 10:30:00-04:00,379.0799865722656,380.239990234375,377.7049865722656,380.239990234375,21736,0.0,0.0
2022-08-18 11:30:00-04:00,380.0299987792969,380.92999267578125,378.79998779296875,379.7749938964844,8733,0.0,0.0
2022-08-18 12:30:00-04:00,379.79998779296875,379.79998779296875,376.0400085449219,376.394287109375,8711,0.0,0.0
2022-08-18 13:30:00-04:00,376.1300048828125,379.4599914550781,376.0299987792969,377.635009765625,9040,0.0,0.0
2022-08-18 14:30:00-04:00,377.239990234375,379.4100036621094,375.9200134277344,378.1400146484375,19072,0.0,0.0
2022-08-18 15:30:00-04:00,377.9700012207031,378.67999267578125,376.94500732421875,377.1700134277344,22943,0.0,0.0
2022-08-19 09:30:00-04:00,379.80999755859375,384.29998779296875,379.80999755859375,383.0899963378906,37132,0.0,0.0
2022-08-19 10:30:00-04:00,383.25,385.010009765625,380.5400085449219,382.0299987792969,38313,0.0,0.0
2022-08-19 11:30:00-04:00,381.8999938964844,382.4649963378906,380.94500732421875,381.3800048828125,9608,0.0,0.0
2022-08-19 12:30:00-04:00,382.3999938964844,384.1700134277344,381.3999938964844,381.3999938964844,10731,0.0,0.0
2022-08-19 13:30:00-04:00,382.31500244140625,383.4700012207031,381.010009765625,382.6099853515625,8166,0.0,0.0
2022-08-19 14:30:00-04:00,382.6499938964844,384.2900085449219,381.1099853515625,383.0350036621094,11413,0.0,0.0
2022-08-19 15:30:00-04:00,383.44000244140625,384.8800048828125,383.0950012207031,383.6099853515625,16885,0.0,0.0
2022-08-22 09:30:00-04:00,382.5299987792969,403.1099853515625,382.5299987792969,398.44000244140625,173470,0.0,0.0
2022-08-22 10:30:00-04:00,398.8900146484375,398.8900146484375,390.3500061035156,390.4649963378906,60416,0.0,0.0
2022-08-22 11:30:00-04:00,390.1199951171875,390.6600036621094,384.9949951171875,384.9949951171875,34007,0.0,0.0
2022-08-22 12:30:00-04:00,385.70001220703125,387.5599060058594,384.30999755859375,387.5599060058594,36846,0.0,0.0
2022-08-22 13:30:00-04:00,386.9750061035156,390.54998779296875,386.0,387.54998779296875,70018,0.0,0.0
2022-08-22 14:30:00-04:00,387.8500061035156,388.80999755859375,385.5799865722656,386.7799987792969,29483,0.0,0.0
2022-08-22 15:30:00-04:00,386.3800048828125,388.7900085449219,386.1099853515625,388.4700012207031,36761,0.0,0.0
2022-08-23 09:30:00-04:00,384.8299865722656,386.19000244140625,377.5299987792969,377.7099914550781,64631,0.0,0.0
2022-08-23 10:30:00-04:00,377.2149963378906,380.3900146484375,375.82000732421875,380.29998779296875,33641,0.0,0.0
2022-08-23 11:30:00-04:00,380.9599914550781,381.08929443359375,378.7699890136719,378.7699890136719,28092,0.0,0.0
2022-08-23 12:30:00-04:00,377.57000732421875,379.9100036621094,377.57000732421875,379.6650085449219,15291,0.0,0.0
2022-08-23 13:30:00-04:00,380.760009765625,383.3949890136719,378.1700134277344,380.0299987792969,24096,0.0,0.0
2022-08-23 14:30:00-04:00,381.1050109863281,386.05999755859375,381.1000061035156,385.1300048828125,19246,0.0,0.0
2022-08-23 15:30:00-04:00,385.19000244140625,385.82000732421875,382.1400146484375,382.1400146484375,30779,0.0,0.0
2022-08-24 09:30:00-04:00,390.760009765625,394.1199951171875,387.17999267578125,388.5799865722656,71638,0.0,0.0
2022-08-24 10:30:00-04:00,388.75,393.9700012207031,388.75,393.06298828125,37166,0.0,0.0
2022-08-24 11:30:00-04:00,392.6600036621094,396.6000061035156,391.2200012207031,392.8399963378906,55142,0.0,0.0
2022-08-24 12:30:00-04:00,393.18499755859375,394.4599914550781,391.0299987792969,392.760009765625,31717,0.0,0.0
2022-08-24 13:30:00-04:00,392.7799987792969,394.8299865722656,392.0,393.2200012207031,14792,0.0,0.0
2022-08-24 14:30:00-04:00,393.3599853515625,395.3900146484375,392.9200134277344,394.54998779296875,18220,0.0,0.0
2022-08-24 15:30:00-04:00,393.95001220703125,394.2950134277344,390.69000244140625,390.69000244140625,32503,0.0,0.0
2022-08-25 09:30:00-04:00,396.55999755859375,398.5299987792969,393.2049865722656,394.0799865722656,41277,0.0,0.0
2022-08-25 10:30:00-04:00,394.0,394.510009765625,391.3699951171875,392.75,27861,0.0,0.0
2022-08-25 11:30:00-04:00,392.82000732421875,398.3599853515625,392.57000732421875,398.3599853515625,28424,0.0,0.0
2022-08-25 12:30:00-04:00,399.92999267578125,399.92999267578125,394.7200012207031,395.92999267578125,11094,0.0,0.0
2022-08-25 13:30:00-04:00,396.3800048828125,396.8500061035156,394.8999938964844,396.260009765625,5011,0.0,0.0
2022-08-25 14:30:00-04:00,395.8699951171875,395.8699951171875,392.7049865722656,393.2900085449219,10805,0.0,0.0
2022-08-25 15:30:00-04:00,392.760009765625,394.5249938964844,392.0150146484375,394.0,25225,0.0,0.0
2022-08-26 09:30:00-04:00,401.510009765625,403.7699890136719,398.32000732421875,401.45001220703125,68340,0.0,0.0
2022-08-26 10:30:00-04:00,400.8999938964844,400.8999938964844,390.885009765625,391.55499267578125,42821,0.0,0.0
2022-08-26 11:30:00-04:00,391.0799865722656,391.57501220703125,387.2200012207031,388.4049987792969,14644,0.0,0.0
2022-08-26 12:30:00-04:00,388.7799987792969,390.4599914550781,388.7799987792969,389.07000732421875,19962,0.0,0.0
2022-08-26 13:30:00-04:00,388.739990234375,389.1199951171875,385.739990234375,385.8399963378906,19518,0.0,0.0
2022-08-26 14:30:00-04:00,385.19500732421875,387.07000732421875,383.5799865722656,386.1099853515625,51378,0.0,0.0
2022-08-26 15:30:00-04:00,386.3999938964844,386.54998779296875,383.54998779296875,384.05999755859375,55982,0.0,0.0
2022-08-29 09:30:00-04:00,382.4700012207031,386.05999755859375,381.6600036621094,385.1700134277344,28395,0.0,0.0
2022-08-29 10:30:00-04:00,385.0577087402344,385.0577087402344,380.9800109863281,384.0249938964844,14110,0.0,0.0
2022-08-29 11:30:00-04:00,384.5,384.5,381.6050109863281,383.2699890136719,8840,0.0,0.0
2022-08-29 12:30:00-04:00,382.8550109863281,385.9800109863281,382.82000732421875,385.9800109863281,5647,0.0,0.0
2022-08-29 13:30:00-04:00,385.7099914550781,385.9800109863281,383.8599853515625,384.5199890136719,4577,0.0,0.0
2022-08-29 14:30:00-04:00,384.32501220703125,385.6499938964844,383.70001220703125,384.55999755859375,9087,0.0,0.0
2022-08-29 15:30:00-04:00,384.4750061035156,385.8999938964844,383.32000732421875,383.6300048828125,28928,0.0,0.0
2022-08-30 09:30:00-04:00,388.2099914550781,388.67950439453125,384.6300048828125,387.3900146484375,53244,0.0,0.0
2022-08-30 10:30:00-04:00,386.0400085449219,386.20001220703125,381.29998779296875,382.5450134277344,31185,0.0,0.0
2022-08-30 11:30:00-04:00,382.7900085449219,383.3900146484375,380.05999755859375,380.05999755859375,21423,0.0,0.0
2022-08-30 12:30:00-04:00,380.8399963378906,381.3399963378906,378.260009765625,378.3399963378906,9327,0.0,0.0
2022-08-30 13:30:00-04:00,378.80999755859375,382.0,378.7699890136719,379.8500061035156,13853,0.0,0.0
2022-08-30 14:30:00-04:00,380.3599853515625,381.989990234375,379.1499938964844,381.19500732421875,17983,0.0,0.0
2022-08-30 15:30:00-04:00,379.6499938964844,381.0899963378906,379.6499938964844,380.4200134277344,23732,0.0,0.0
2022-08-31 09:30:00-04:00,377.7900085449219,382.32501220703125,376.8500061035156,377.1499938964844,53222,0.0,0.0
2022-08-31 10:30:00-04:00,378.2200012207031,379.1600036621094,376.2200012207031,376.42999267578125,28833,0.0,0.0
2022-08-31 11:30:00-04:00,377.010009765625,377.7550048828125,375.0199890136719,377.1400146484375,25901,0.0,0.0
2022-08-31 12:30:00-04:00,376.8699951171875,377.3299865722656,376.07000732421875,376.125,8647,0.0,0.0
2022-08-31 13:30:00-04:00,376.5799865722656,380.7349853515625,376.30999755859375,379.82000732421875,24199,0.0,0.0
2022-08-31 14:30:00-04:00,379.3599853515625,380.07000732421875,378.04998779296875,379.1499938964844,17302,0.0,0.0
2022-08-31 15:30:00-04:00,379.45001220703125,380.3800048828125,377.67498779296875,378.3299865722656,48734,0.0,0.0
2022-09-01 09:30:00-04:00,367.70001220703125,371.510009765625,367.70001220703125,369.7200012207031,39598,0.0,0.0
2022-09-01 10:30:00-04:00,369.989990234375,370.1099853515625,367.4100036621094,369.55499267578125,34891,0.0,0.0
2022-09-01 11:30:00-04:00,369.79998779296875,371.19000244140625,369.7900085449219,371.0400085449219,14727,0.0,0.0
2022-09-01 12:30:00-04:00,371.0350036621094,372.8900146484375,370.125,372.885009765625,8071,0.0,0.0
2022-09-01 13:30:00-04:00,372.885009765625,373.7900085449219,371.7950134277344,373.2449951171875,16222,0.0,0.0
2022-09-01 14:30:00-04:00,374.2950134277344,374.7049865722656,372.1400146484375,372.8299865722656,20755,0.0,0.0
2022-09-01 15:30:00-04:00,373.17498779296875,377.8599853515625,373.1099853515625,377.1400146484375,36552,0.0,0.0
2022-09-02 09:30:00-04:00,377.82000732421875,380.0299987792969,372.5,379.7200012207031,45309,0.0,0.0
2022-09-02 10:30:00-04:00,379.8999938964844,383.05999755859375,379.6499938964844,382.7099914550781,17370,0.0,0.0
2022-09-02 11:30:00-04:00,382.885009765625,383.8900146484375,380.8900146484375,380.8900146484375,13343,0.0,0.0
2022-09-02 12:30:00-04:00,379.20001220703125,380.30999755859375,376.2200012207031,376.2200012207031,8911,0.0,0.0
2022-09-02 13:30:00-04:00,375.70001220703125,377.4100036621094,375.4703063964844,377.0799865722656,6310,0.0,0.0
2022-09-02 14:30:00-04:00,377.30999755859375,377.6199951171875,376.1600036621094,376.7799987792969,9536,0.0,0.0
2022-09-02 15:30:00-04:00,376.4200134277344,376.55999755859375,375.0,375.1400146484375,23645,0.0,0.0
2022-09-06 09:30:00-04:00,376.0,377.55499267578125,369.0199890136719,370.29998779296875,25447,0.0,0.0
2022-09-06 10:30:00-04:00,369.7900085449219,376.5400085449219,369.67999267578125,375.19000244140625,11469,0.0,0.0
2022-09-06 11:30:00-04:00,373.9800109863281,375.6099853515625,372.2449951171875,375.6099853515625,14580,0.0,0.0
2022-09-06 12:30:00-04:00,373.31500244140625,373.31500244140625,370.1099853515625,370.1099853515625,5359,0.0,0.0
2022-09-06 13:30:00-04:00,370.1700134277344,373.739990234375,370.1700134277344,373.4100036621094,7149,0.0,0.0
2022-09-06 14:30:00-04:00,372.5249938964844,374.56500244140625,372.3399963378906,372.4800109863281,19343,0.0,0.0
2022-09-06 15:30:00-04:00,371.864990234375,372.6300048828125,370.1199951171875,371.25,46790,0.0,0.0
2022-09-07 09:30:00-04:00,366.29998779296875,374.760009765625,363.6700134277344,374.2699890136719,63573,0.0,0.0
2022-09-07 10:30:00-04:00,374.0,374.30999755859375,371.4200134277344,372.55999755859375,27989,0.0,0.0
2022-09-07 11:30:00-04:00,373.6700134277344,379.69000244140625,371.7799987792969,374.7699890136719,25273,0.0,0.0
2022-09-07 12:30:00-04:00,374.3500061035156,378.92498779296875,374.3500061035156,377.1499938964844,11175,0.0,0.0
2022-09-07 13:30:00-04:00,376.625,379.6549987792969,376.1000061035156,377.7250061035156,18949,0.0,0.0
2022-09-07 14:30:00-04:00,378.1199951171875,379.45001220703125,376.5400085449219,379.2149963378906,20700,0.0,0.0
2022-09-07 15:30:00-04:00,379.6099853515625,381.54998779296875,378.8599853515625,379.9700012207031,32778,0.0,0.0
2022-09-08 09:30:00-04:00,379.2449951171875,389.9800109863281,379.20001220703125,387.1400146484375,41455,0.0,0.0
2022-09-08 10:30:00-04:00,388.4800109863281,390.2300109863281,387.82000732421875,390.0150146484375,38065,0.0,0.0
2022-09-08 11:30:00-04:00,388.70001220703125,390.25,385.99371337890625,388.0199890136719,18611,0.0,0.0
2022-09-08 12:30:00-04:00,388.0,389.4150085449219,387.0400085449219,389.4150085449219,17711,0.0,0.0
2022-09-08 13:30:00-04:00,390.44000244140625,393.0299987792969,389.9599914550781,391.7799987792969,9242,0.0,0.0
2022-09-08 14:30:00-04:00,392.19500732421875,394.3800048828125,391.3500061035156,394.3800048828125,47472,0.0,0.0
2022-09-08 15:30:00-04:00,394.364990234375,397.8699951171875,392.5400085449219,395.3500061035156,112419,0.0,0.0
2022-09-09 09:30:00-04:00,398.9100036621094,400.5899963378906,395.8380126953125,397.0899963378906,40929,0.0,0.0
2022-09-09 10:30:00-04:00,396.3699951171875,398.07501220703125,393.6650085449219,395.0,29964,0.0,0.0
2022-09-09 11:30:00-04:00,395.05999755859375,395.0899963378906,392.010009765625,394.5950012207031,18080,0.0,0.0
2022-09-09 12:30:00-04:00,394.50390625,395.80999755859375,393.1199951171875,394.7099914550781,10230,0.0,0.0
2022-09-09 13:30:00-04:00,394.0400085449219,395.1499938964844,391.44000244140625,391.54998779296875,25590,0.0,0.0
2022-09-09 14:30:00-04:00,391.69500732421875,391.69500732421875,389.6499938964844,390.0,14370,0.0,0.0
2022-09-09 15:30:00-04:00,390.4200134277344,391.912109375,390.2699890136719,390.8500061035156,15632,0.0,0.0
2022-09-12 09:30:00-04:00,390.1099853515625,392.93499755859375,386.54010009765625,389.260009765625,65822,0.0,0.0
2022-09-12 10:30:00-04:00,389.17999267578125,392.5899963378906,389.17999267578125,392.32000732421875,25096,0.0,0.0
2022-09-12 11:30:00-04:00,391.8399963378906,392.44000244140625,388.8299865722656,389.05999755859375,15285,0.0,0.0
2022-09-12 12:30:00-04:00,390.1499938964844,391.8299865722656,389.8800048828125,391.8299865722656,13669,0.0,0.0
2022-09-12 13:30:00-04:00,392.3900146484375,392.3900146484375,391.1400146484375,391.3399963378906,11841,0.0,0.0
2022-09-12 14:30:00-04:00,391.1499938964844,392.1300048828125,390.2699890136719,391.6650085449219,14295,0.0,0.0
2022-09-12 15:30:00-04:00,391.05499267578125,391.05499267578125,387.7699890136719,388.3500061035156,68317,0.0,0.0
2022-09-13 09:30:00-04:00,386.8900146484375,387.1300048828125,384.17999267578125,385.82000732421875,32682,0.0,0.0
2022-09-13 10:30:00-04:00,386.1600036621094,386.760009765625,383.67999267578125,384.42999267578125,20430,0.0,0.0
2022-09-13 11:30:00-04:00,385.0899963378906,386.82000732421875,384.2799987792969,384.94000244140625,13085,0.0,0.0
2022-09-13 12:30:00-04:00,384.94000244140625,385.7349853515625,383.79998779296875,385.7349853515625,10454,0.0,0.0
2022-09-13 13:30:00-04:00,385.7300109863281,385.7300109863281,383.4200134277344,383.4200134277344,9163,0.0,0.0
2022-09-13 14:30:00-04:00,383.4200134277344,383.9849853515625,382.5299987792969,383.2724914550781,12047,0.0,0.0
2022-09-13 15:30:00-04:00,383.29998779296875,383.8299865722656,382.20001220703125,382.55999755859375,18171,0.0,0.0
2022-09-14 09:30:00-04:00,389.20001220703125,392.6099853515625,384.3800048828125,391.75,53952,0.0,0.0
2022-09-14 10:30:00-04:00,391.20001220703125,392.5,389.30499267578125,389.4624938964844,35564,0.0,0.0
2022-09-14 11:30:00-04:00,389.4100036621094,391.3399963378906,387.7900085449219,387.82000732421875,26762,0.0,0.0
2022-09-14 12:30:00-04:00,387.489990234375,387.760009765625,385.4949951171875,386.135009765625,7756,0.0,0.0
2022-09-14 13:30:00-04:00,385.760009765625,385.760009765625,381.1600036621094,382.3900146484375,5238,0.0,0.0
2022-09-14 14:30:00-04:00,383.0199890136719,384.6600036621094,382.8999938964844,383.3500061035156,10953,0.0,0.0
2022-09-14 15:30:00-04:00,383.9849853515625,385.19000244140625,382.3699951171875,383.3299865722656,33146,0.0,0.0
2022-09-15 09:30:00-04:00,384.8999938964844,387.30999755859375,383.760009765625,384.3999938964844,23389,0.0,0.0
2022-09-15 10:30:00-04:00,383.5299987792969,383.6199951171875,380.1400146484375,381.2099914550781,18435,0.0,0.0
2022-09-15 11:30:00-04:00,380.8800048828125,384.114990234375,380.5849914550781,384.114990234375,5800,0.0,0.0
2022-09-15 12:30:00-04:00,384.5450134277344,385.6099853515625,383.9200134277344,383.95001220703125,8834,0.0,0.0
2022-09-15 13:30:00-04:00,383.8699951171875,384.2699890136719,381.760009765625,383.2300109863281,4836,0.0,0.0
2022-09-15 14:30:00-04:00,382.7300109863281,383.0899963378906,380.0199890136719,380.56500244140625,11211,0.0,0.0
2022-09-15 15:30:00-04:00,380.5400085449219,381.94000244140625,378.9700012207031,380.2099914550781,29720,0.0,0.0
2022-09-16 09:30:00-04:00,379.6099853515625,379.9800109863281,376.0899963378906,377.9599914550781,58197,0.0,0.0
2022-09-16 10:30:00-04:00,376.6700134277344,377.875,375.510009765625,376.9599914550781,47009,0.0,0.0
2022-09-16 11:30:00-04:00,376.510009765625,378.5400085449219,375.0199890136719,375.2900085449219,50841,0.0,0.0
2022-09-16 12:30:00-04:00,375.239990234375,376.0199890136719,372.4100036621094,373.3800048828125,23188,0.0,0.0
2022-09-16 13:30:00-04:00,374.07000732421875,375.6199951171875,372.45001220703125,374.32000732421875,19247,0.0,0.0
2022-09-16 14:30:00-04:00,374.3699951171875,375.3500061035156,372.739990234375,373.7699890136719,42248,0.0,0.0
2022-09-16 15:30:00-04:00,373.8550109863281,376.3999938964844,371.2200012207031,373.20001220703125,90471,0.0,0.0
2022-09-19 09:30:00-04:00,373.510009765625,375.1099853515625,360.1700134277344,360.9800109863281,67933,0.0,0.0
2022-09-19 10:30:00-04:00,360.8599853515625,365.70001220703125,359.80999755859375,360.31500244140625,51569,0.0,0.0
2022-09-19 11:30:00-04:00,360.0799865722656,365.6400146484375,358.94000244140625,365.5799865722656,27540,0.0,0.0
2022-09-19 12:30:00-04:00,364.8999938964844,366.17999267578125,363.1499938964844,365.1400146484375,31675,0.0,0.0
2022-09-19 13:30:00-04:00,364.8999938964844,365.7099914550781,363.7099914550781,364.92999267578125,25210,0.0,0.0
2022-09-19 14:30:00-04:00,365.0,365.32000732421875,363.0799865722656,363.79998779296875,26354,0.0,0.0
2022-09-19 15:30:00-04:00,363.864990234375,365.0,363.1400146484375,365.0,43495,0.0,0.0
2022-09-20 09:30:00-04:00,369.0,370.4100036621094,366.2850036621094,369.6099853515625,67066,0.0,0.0
2022-09-20 10:30:00-04:00,369.17999267578125,373.1400146484375,369.17999267578125,370.67999267578125,50591,0.0,0.0
2022-09-20 11:30:00-04:00,371.3500061035156,372.2699890136719,369.67999267578125,371.17999267578125,24512,0.0,0.0
2022-09-20 12:30:00-04:00,371.5400085449219,371.6400146484375,369.5,370.25,11728,0.0,0.0
2022-09-20 13:30:00-04:00,370.010009765625,371.10650634765625,368.9599914550781,370.19500732421875,22608,0.0,0.0
2022-09-20 14:30:00-04:00,370.2200012207031,371.2799987792969,368.95001220703125,370.6050109863281,16009,0.0,0.0
2022-09-20 15:30:00-04:00,370.32000732421875,371.3399963378906,369.4200134277344,370.4800109863281,40301,0.0,0.0
2022-09-21 09:30:00-04:00,373.92999267578125,373.92999267578125,368.19000244140625,370.67999267578125,58422,0.0,0.0
2022-09-21 10:30:00-04:00,370.44000244140625,371.44000244140625,368.59100341796875,368.59100341796875,16336,0.0,0.0
2022-09-21 11:30:00-04:00,368.92498779296875,369.8599853515625,367.010009765625,367.57000732421875,23476,0.0,0.0
2022-09-21 12:30:00-04:00,367.0799865722656,367.7099914550781,366.57000732421875,366.7699890136719,12676,0.0,0.0
2022-09-21 13:30:00-04:00,368.1300048828125,368.6099853515625,364.20001220703125,366.0199890136719,10924,0.0,0.0
2022-09-21 14:30:00-04:00,365.2300109863281,370.2900085449219,364.69500732421875,366.0400085449219,24016,0.0,0.0
2022-09-21 15:30:00-04:00,366.0400085449219,366.82000732421875,360.8599853515625,361.7099914550781,33122,0.0,0.0
2022-09-22 09:30:00-04:00,357.2099914550781,357.5950012207031,354.0899963378906,355.5400085449219,59723,0.0,0.0
2022-09-22 10:30:00-04:00,355.3599853515625,357.2200012207031,351.739990234375,357.1449890136719,53485,0.0,0.0
2022-09-22 11:30:00-04:00,356.8699951171875,359.45001220703125,356.8599853515625,358.4949951171875,31617,0.0,0.0
2022-09-22 12:30:00-04:00,358.6300048828125,359.2200012207031,357.0,357.5,26535,0.0,0.0
2022-09-22 13:30:00-04:00,357.5400085449219,357.8999938964844,355.9800109863281,355.9800109863281,29098,0.0,0.0
2022-09-22 14:30:00-04:00,356.5899963378906,358.1000061035156,356.489990234375,357.81500244140625,40229,0.0,0.0
2022-09-22 15:30:00-04:00,358.2850036621094,359.260009765625,356.5199890136719,356.5199890136719,98524,0.0,0.0
2022-09-23 09:30:00-04:00,351.2699890136719,352.5299987792969,347.3800048828125,349.3999938964844,32770,0.0,0.0
2022-09-23 10:30:00-04:00,349.70001220703125,349.9100036621094,345.3500061035156,345.3599853515625,35105,0.0,0.0
2022-09-23 11:30:00-04:00,345.2799987792969,346.70001220703125,344.04998779296875,344.6300048828125,14254,0.0,0.0
2022-09-23 12:30:00-04:00,344.8800048828125,348.1700134277344,344.79998779296875,348.0,5987,0.0,0.0
2022-09-23 13:30:00-04:00,348.1300048828125,348.3475036621094,343.92498779296875,344.5299987792969,20104,0.0,0.0
2022-09-23 14:30:00-04:00,344.44000244140625,344.510009765625,342.760009765625,343.6700134277344,22851,0.0,0.0
2022-09-23 15:30:00-04:00,343.57000732421875,344.3900146484375,341.95098876953125,343.20001220703125,77803,0.0,0.0
2022-09-26 09:30:00-04:00,346.739990234375,349.5,345.1700134277344,349.1199951171875,43788,0.0,0.0
2022-09-26 10:30:00-04:00,348.6199951171875,349.0199890136719,346.2900085449219,346.2900085449219,18734,0.0,0.0
2022-09-26 11:30:00-04:00,346.92999267578125,346.92999267578125,342.0022888183594,342.0022888183594,10745,0.0,0.0
2022-09-26 12:30:00-04:00,342.239990234375,344.2099914550781,341.2300109863281,343.2250061035156,9076,0.0,0.0
2022-09-26 13:30:00-04:00,343.9700012207031,345.510009765625,342.5199890136719,344.760009765625,14815,0.0,0.0
2022-09-26 14:30:00-04:00,344.125,345.6449890136719,343.4700012207031,343.9200134277344,15770,0.0,0.0
2022-09-26 15:30:00-04:00,343.9100036621094,344.9200134277344,343.0,343.6300048828125,56798,0.0,0.0
2022-09-27 09:30:00-04:00,352.7699890136719,355.8299865722656,349.760009765625,352.25,55631,0.0,0.0
2022-09-27 10:30:00-04:00,352.1400146484375,355.19000244140625,352.1400146484375,354.4200134277344,32816,0.0,0.0
2022-09-27 11:30:00-04:00,353.9599914550781,354.5299987792969,348.1099853515625,350.04998779296875,16508,0.0,0.0
2022-09-27 12:30:00-04:00,350.6000061035156,350.7349853515625,349.3599853515625,350.30999755859375,11956,0.0,0.0
2022-09-27 13:30:00-04:00,350.69000244140625,350.92498779296875,347.885009765625,348.6499938964844,12138,0.0,0.0
2022-09-27 14:30:00-04:00,349.0899963378906,350.7099914550781,347.8450012207031,349.5,26582,0.0,0.0
2022-09-27 15:30:00-04:00,348.885009765625,351.45599365234375,348.3699951171875,351.42999267578125,35364,0.0,0.0
2022-09-28 09:30:00-04:00,346.6400146484375,350.1400146484375,345.3299865722656,348.8800048828125,28245,0.0,0.0
2022-09-28 10:30:00-04:00,348.79998779296875,353.29998779296875,348.79998779296875,351.2099914550781,24814,0.0,0.0
2022-09-28 11:30:00-04:00,350.54998779296875,354.7300109863281,350.54998779296875,354.29998779296875,12398,0.0,0.0
2022-09-28 12:30:00-04:00,353.8999938964844,354.7200012207031,353.010009765625,353.4200134277344,11482,0.0,0.0
2022-09-28 13:30:00-04:00,353.32000732421875,354.8800048828125,352.32000732421875,354.8800048828125,32908,0.0,0.0
2022-09-28 14:30:00-04:00,354.9800109863281,357.5400085449219,354.1000061035156,356.8699951171875,27028,0.0,0.0
2022-09-28 15:30:00-04:00,356.80999755859375,357.67999267578125,356.010009765625,357.5,53313,0.0,0.0
2022-09-29 09:30:00-04:00,357.42999267578125,358.17999267578125,350.9700012207031,353.8399963378906,16503,0.0,0.0
2022-09-29 10:30:00-04:00,352.8399963378906,356.489990234375,352.8399963378906,355.3349914550781,15849,0.0,0.0
2022-09-29 11:30:00-04:00,355.7250061035156,358.0,355.6706848144531,356.7699890136719,11899,0.0,0.0
2022-09-29 12:30:00-04:00,357.0799865722656,357.57000732421875,356.6258850097656,356.79998779296875,4704,0.0,0.0
2022-09-29 13:30:00-04:00,357.239990234375,357.95001220703125,355.9700012207031,356.260009765625,12713,0.0,0.0
2022-09-29 14:30:00-04:00,355.9599914550781,356.95001220703125,355.7300109863281,356.17999267578125,14005,0.0,0.0
2022-09-29 15:30:00-04:00,356.9700012207031,358.3924865722656,356.489990234375,357.20001220703125,33360,0.0,0.0
2022-09-30 09:30:00-04:00,358.7900085449219,361.07000732421875,357.25,358.81500244140625,41523,0.0,0.0
2022-09-30 10:30:00-04:00,359.0400085449219,360.55999755859375,357.8699951171875,359.25,31798,0.0,0.0
2022-09-30 11:30:00-04:00,359.3900146484375,359.9599914550781,354.32000732421875,356.7250061035156,15637,0.0,0.0
2022-09-30 12:30:00-04:00,357.0799865722656,358.4599914550781,357.0799865722656,357.5199890136719,9765,0.0,0.0
2022-09-30 13:30:00-04:00,357.5150146484375,357.5150146484375,355.2200012207031,356.0,8083,0.0,0.0
2022-09-30 14:30:00-04:00,356.0050048828125,356.4200134277344,352.19000244140625,353.5,15351,0.0,0.0
2022-09-30 15:30:00-04:00,353.7300109863281,354.1199951171875,352.0299987792969,353.3699951171875,27113,0.0,0.0
2022-10-03 09:30:00-04:00,358.2699890136719,358.4700012207031,354.0,355.0400085449219,31408,0.0,0.0
2022-10-03 10:30:00-04:00,355.92999267578125,358.1400146484375,353.67498779296875,354.760009765625,19403,0.0,0.0
2022-10-03 11:30:00-04:00,354.57000732421875,355.0799865722656,350.9549865722656,350.9549865722656,9707,0.0,0.0
2022-10-03 12:30:00-04:00,351.5,352.6300048828125,350.8999938964844,351.7799987792969,14570,0.0,0.0
2022-10-03 13:30:00-04:00,351.8999938964844,353.1499938964844,350.55499267578125,353.1499938964844,13550,0.0,0.0
2022-10-03 14:30:00-04:00,353.79998779296875,354.875,351.67999267578125,354.7200012207031,91313,0.0,0.0
2022-10-03 15:30:00-04:00,354.30999755859375,354.42999267578125,350.3699951171875,351.3800048828125,38177,0.0,0.0
2022-10-04 09:30:00-04:00,366.8999938964844,368.4100036621094,362.989990234375,364.8900146484375,68041,0.0,0.0
2022-10-04 10:30:00-04:00,364.5299987792969,366.0,364.07000732421875,365.44000244140625,33786,0.0,0.0
2022-10-04 11:30:00-04:00,365.5050048828125,365.5050048828125,363.7099914550781,364.1499938964844,52414,0.0,0.0
2022-10-04 12:30:00-04:00,364.489990234375,367.69000244140625,364.1300048828125,365.8450012207031,97060,0.0,0.0
2022-10-04 13:30:00-04:00,365.9549865722656,368.55499267578125,365.7774963378906,366.79998779296875,49794,0.0,0.0
2022-10-04 14:30:00-04:00,367.1300048828125,368.1449890136719,365.9049987792969,367.0,43403,0.0,0.0
2022-10-04 15:30:00-04:00,367.0,369.44000244140625,365.239990234375,369.44000244140625,61554,0.0,0.0
2022-10-05 09:30:00-04:00,366.0799865722656,371.2200012207031,366.0799865722656,370.20001220703125,54851,0.0,0.0
2022-10-05 10:30:00-04:00,369.864990234375,373.2749938964844,369.54998779296875,373.2200012207031,22535,0.0,0.0
2022-10-05 11:30:00-04:00,373.3299865722656,377.0400085449219,372.3324890136719,375.7850036621094,22855,0.0,0.0
2022-10-05 12:30:00-04:00,375.17999267578125,377.114990234375,375.17999267578125,377.114990234375,11528,0.0,0.0
2022-10-05 13:30:00-04:00,376.6499938964844,376.6499938964844,374.79998779296875,376.2099914550781,16606,0.0,0.0
2022-10-05 14:30:00-04:00,376.17999267578125,378.1050109863281,374.989990234375,377.375,23533,0.0,0.0
2022-10-05 15:30:00-04:00,376.7799987792969,379.04998779296875,376.0199890136719,376.04998779296875,27326,0.0,0.0
2022-10-06 09:30:00-04:00,373.7449951171875,375.94500732421875,370.3900146484375,370.3900146484375,35969,0.0,0.0
2022-10-06 10:30:00-04:00,370.5199890136719,373.8500061035156,370.2049865722656,373.55999755859375,29081,0.0,0.0
2022-10-06 11:30:00-04:00,373.1199951171875,373.7300109863281,369.93499755859375,370.92999267578125,40041,0.0,0.0
2022-10-06 12:30:00-04:00,369.8999938964844,370.3599853515625,368.44000244140625,368.760009765625,19502,0.0,0.0
2022-10-06 13:30:00-04:00,368.0199890136719,372.57000732421875,367.9800109863281,371.61041259765625,41858,0.0,0.0
2022-10-06 14:30:00-04:00,372.0799865722656,372.3550109863281,369.5299987792969,370.32000732421875,79700,0.0,0.0
2022-10-06 15:30:00-04:00,369.8999938964844,371.5899963378906,367.5,368.0799865722656,69897,0.0,0.0
2022-10-07 09:30:00-04:00,357.0,358.69500732421875,354.260009765625,355.625,81762,0.0,0.0
2022-10-07 10:30:00-04:00,356.3699951171875,358.0299987792969,355.6499938964844,358.010009765625,28277,0.0,0.0
2022-10-07 11:30:00-04:00,358.38690185546875,358.38690185546875,355.8699951171875,356.80999755859375,20457,0.0,0.0
2022-10-07 12:30:00-04:00,356.510009765625,359.6300048828125,356.385009765625,359.1050109863281,29623,0.0,0.0
2022-10-07 13:30:00-04:00,359.2200012207031,360.25,356.7300109863281,356.79998779296875,77945,0.0,0.0
2022-10-07 14:30:00-04:00,356.4649963378906,358.7699890136719,353.7950134277344,353.7950134277344,38947,0.0,0.0
2022-10-07 15:30:00-04:00,353.2049865722656,354.6549987792969,352.70001220703125,353.4800109863281,45915,0.0,0.0
2022-10-10 09:30:00-04:00,351.010009765625,351.010009765625,345.8999938964844,350.1300048828125,29187,0.0,0.0
2022-10-10 10:30:00-04:00,349.6300048828125,349.6300048828125,347.1300048828125,347.1300048828125,19769,0.0,0.0
2022-10-10 11:30:00-04:00,347.5299987792969,348.20001220703125,345.0199890136719,345.5249938964844,16847,0.0,0.0
2022-10-10 12:30:00-04:00,345.67999267578125,346.760009765625,345.1000061035156,346.42498779296875,8028,0.0,0.0
2022-10-10 13:30:00-04:00,347.07000732421875,350.4200134277344,346.8299865722656,349.2099914550781,40339,0.0,0.0
2022-10-10 14:30:00-04:00,350.1600036621094,350.1600036621094,346.0199890136719,347.0299987792969,9393,0.0,0.0
2022-10-10 15:30:00-04:00,346.92999267578125,348.1499938964844,345.57000732421875,345.989990234375,33600,0.0,0.0
2022-10-11 09:30:00-04:00,342.4700012207031,346.3999938964844,342.4700012207031,345.364990234375,28069,0.0,0.0
2022-10-11 10:30:00-04:00,345.489990234375,353.1099853515625,345.489990234375,352.6700134277344,32861,0.0,0.0
2022-10-11 11:30:00-04:00,352.44500732421875,354.010009765625,347.760009765625,348.82501220703125,20003,0.0,0.0
2022-10-11 12:30:00-04:00,348.8299865722656,351.4200134277344,347.1199951171875,348.114990234375,13545,0.0,0.0
2022-10-11 13:30:00-04:00,347.4599914550781,348.6000061035156,344.0899963378906,344.7099914550781,10484,0.0,0.0
2022-10-11 14:30:00-04:00,344.8999938964844,346.9649963378906,340.7200012207031,341.4049987792969,26626,0.0,0.0
2022-10-11 15:30:00-04:00,341.82000732421875,345.6650085449219,341.489990234375,344.57000732421875,49829,0.0,0.0
2022-10-12 09:30:00-04:00,343.4100036621094,343.8999938964844,339.3999938964844,339.9100036621094,49021,0.0,0.0
2022-10-12 10:30:00-04:00,340.17999267578125,342.4800109863281,340.17999267578125,342.19000244140625,16200,0.0,0.0
2022-10-12 11:30:00-04:00,342.2149963378906,345.010009765625,342.114990234375,343.4100036621094,9817,0.0,0.0
2022-10-12 12:30:00-04:00,342.5,345.1400146484375,341.1400146484375,343.0400085449219,20218,0.0,0.0
2022-10-12 13:30:00-04:00,343.3999938964844,347.6600036621094,343.30499267578125,347.6600036621094,20920,0.0,0.0
2022-10-12 14:30:00-04:00,346.95001220703125,347.3699951171875,344.82000732421875,346.54998779296875,11230,0.0,0.0
2022-10-12 15:30:00-04:00,346.3699951171875,347.75,345.9200134277344,345.92999267578125,43692,0.0,0.0
2022-10-13 09:30:00-04:00,338.9800109863281,340.9599914550781,335.8900146484375,339.489990234375,34691,0.0,0.0
2022-10-13 10:30:00-04:00,340.1300048828125,346.7900085449219,339.3299865722656,345.9075012207031,17802,0.0,0.0
2022-10-13 11:30:00-04:00,345.6700134277344,350.2250061035156,345.6700134277344,347.8299865722656,20749,0.0,0.0
2022-10-13 12:30:00-04:00,348.0,351.7799987792969,347.989990234375,351.760009765625,13307,0.0,0.0
2022-10-13 13:30:00-04:00,353.1300048828125,353.82000732421875,350.7799987792969,350.7799987792969,18697,0.0,0.0
2022-10-13 14:30:00-04:00,351.44000244140625,351.7049865722656,350.2300109863281,351.3500061035156,17067,0.0,0.0
2022-10-13 15:30:00-04:00,351.45001220703125,351.45001220703125,349.6400146484375,350.45001220703125,19845,0.0,0.0
2022-10-14 09:30:00-04:00,353.5299987792969,356.3699951171875,351.4700012207031,353.4700012207031,42268,0.0,0.0
2022-10-14 10:30:00-04:00,353.0299987792969,354.17999267578125,352.7699890136719,353.614990234375,24896,0.0,0.0
2022-10-14 11:30:00-04:00,353.6300048828125,353.6300048828125,351.6400146484375,352.7349853515625,9756,0.0,0.0
2022-10-14 12:30:00-04:00,353.8500061035156,354.55999755859375,352.9700012207031,353.1199951171875,11413,0.0,0.0
2022-10-14 13:30:00-04:00,353.54998779296875,355.6099853515625,353.0950012207031,353.0950012207031,18814,0.0,0.0
2022-10-14 14:30:00-04:00,352.93499755859375,353.82000732421875,350.9849853515625,352.7699890136719,27754,0.0,0.0
2022-10-14 15:30:00-04:00,351.8399963378906,353.30499267578125,351.42999267578125,351.6700134277344,49127,0.0,0.0
2022-10-17 09:30:00-04:00,355.3800048828125,361.69000244140625,354.3800048828125,361.25,44056,0.0,0.0
2022-10-17 10:30:00-04:00,361.2099914550781,364.9800109863281,361.2099914550781,363.5400085449219,35205,0.0,0.0
2022-10-17 11:30:00-04:00,363.8399963378906,364.9800109863281,363.239990234375,364.3500061035156,18875,0.0,0.0
2022-10-17 12:30:00-04:00,364.30499267578125,364.5249938964844,362.1300048828125,363.1700134277344,7382,0.0,0.0
2022-10-17 13:30:00-04:00,363.489990234375,364.625,363.0050048828125,363.7950134277344,8341,0.0,0.0
2022-10-17 14:30:00-04:00,363.5400085449219,364.8800048828125,361.05999755859375,363.3299865722656,43395,0.0,0.0
2022-10-17 15:30:00-04:00,363.29998779296875,363.29998779296875,360.5400085449219,360.6600036621094,34165,0.0,0.0
2022-10-18 09:30:00-04:00,366.95001220703125,373.0849914550781,364.69000244140625,371.4849853515625,55883,0.0,0.0
2022-10-18 10:30:00-04:00,371.0,373.5299987792969,370.6600036621094,371.3949890136719,73662,0.0,0.0
2022-10-18 11:30:00-04:00,371.239990234375,373.2300109863281,370.0450134277344,371.9549865722656,23719,0.0,0.0
2022-10-18 12:30:00-04:00,371.5899963378906,375.0400085449219,370.6300048828125,375.0400085449219,17706,0.0,0.0
2022-10-18 13:30:00-04:00,375.55999755859375,377.9700012207031,374.510009765625,374.7099914550781,16530,0.0,0.0
2022-10-18 14:30:00-04:00,375.05499267578125,376.0299987792969,372.635009765625,373.260009765625,34637,0.0,0.0
2022-10-18 15:30:00-04:00,373.5,375.3999938964844,373.5,375.3999938964844,20132,0.0,0.0
2022-10-19 09:30:00-04:00,373.42999267578125,373.635009765625,366.3500061035156,368.3699951171875,61293,0.0,0.0
2022-10-19 10:30:00-04:00,368.2699890136719,368.2699890136719,365.0199890136719,366.5299987792969,22160,0.0,0.0
2022-10-19 11:30:00-04:00,366.25,366.67999267578125,362.2799987792969,363.0299987792969,19322,0.0,0.0
2022-10-19 12:30:00-04:00,362.510009765625,363.9599914550781,361.30999755859375,362.510009765625,5497,0.0,0.0
2022-10-19 13:30:00-04:00,362.489990234375,364.3699951171875,360.6000061035156,364.0249938964844,12634,0.0,0.0
2022-10-19 14:30:00-04:00,364.010009765625,364.3599853515625,360.9649963378906,361.6499938964844,15435,0.0,0.0
2022-10-19 15:30:00-04:00,361.739990234375,362.44000244140625,360.02099609375,360.95001220703125,33885,0.0,0.0
2022-10-20 09:30:00-04:00,346.010009765625,357.0,346.010009765625,356.20001220703125,60594,0.0,0.0
2022-10-20 10:30:00-04:00,355.7699890136719,359.4599914550781,355.385009765625,358.0950012207031,16689,0.0,0.0
2022-10-20 11:30:00-04:00,358.7608947753906,360.0,357.7349853515625,358.8500061035156,31300,0.0,0.0
2022-10-20 12:30:00-04:00,358.8399963378906,362.3550109863281,358.6000061035156,362.06500244140625,15366,0.0,0.0
2022-10-20 13:30:00-04:00,362.2799987792969,362.4200134277344,358.4700012207031,359.2749938964844,31508,0.0,0.0
2022-10-20 14:30:00-04:00,359.5350036621094,360.8299865722656,359.0,359.9700012207031,35157,0.0,0.0
2022-10-20 15:30:00-04:00,360.0350036621094,362.0199890136719,359.5,361.95001220703125,50412,0.0,0.0
2022-10-21 09:30:00-04:00,364.75,370.2900085449219,362.55999755859375,368.5325012207031,60533,0.0,0.0
2022-10-21 10:30:00-04:00,368.364990234375,371.0400085449219,368.04998779296875,371.0,21702,0.0,0.0
2022-10-21 11:30:00-04:00,370.989990234375,373.19000244140625,369.7300109863281,370.0,21645,0.0,0.0
2022-10-21 12:30:00-04:00,370.0,373.80999755859375,370.0,373.5899963378906,11302,0.0,0.0
2022-10-21 13:30:00-04:00,373.6199951171875,375.989990234375,373.4649963378906,374.260009765625,29440,0.0,0.0
2022-10-21 14:30:00-04:00,374.1300048828125,377.6600036621094,373.30499267578125,376.4700012207031,38092,0.0,0.0
2022-10-21 15:30:00-04:00,376.3599853515625,378.1600036621094,375.3699951171875,377.04998779296875,46214,0.0,0.0
2022-10-24 09:30:00-04:00,372.8999938964844,374.2200012207031,371.3399963378906,371.8999938964844,49108,0.0,0.0
2022-10-24 10:30:00-04:00,371.8999938964844,376.6050109863281,371.8999938964844,375.2200012207031,29349,0.0,0.0
2022-10-24 11:30:00-04:00,374.8900146484375,379.7749938964844,374.8299865722656,379.7449951171875,18842,0.0,0.0
2022-10-24 12:30:00-04:00,379.0899963378906,384.2099914550781,378.6099853515625,381.7300109863281,52720,0.0,0.0
2022-10-24 13:30:00-04:00,382.0199890136719,384.9800109863281,381.4599914550781,383.54998779296875,43876,0.0,0.0
2022-10-24 14:30:00-04:00,383.1099853515625,384.3399963378906,382.5899963378906,382.5899963378906,38026,0.0,0.0
2022-10-24 15:30:00-04:00,382.489990234375,383.1600036621094,380.739990234375,382.8599853515625,51845,0.0,0.0
2022-10-25 09:30:00-04:00,384.6600036621094,388.19000244140625,383.239990234375,386.1700134277344,82315,0.0,0.0
2022-10-25 10:30:00-04:00,386.1000061035156,389.42498779296875,384.45001220703125,388.20001220703125,31709,0.0,0.0
2022-10-25 11:30:00-04:00,388.2799987792969,390.2349853515625,383.1600036621094,384.3299865722656,24698,0.0,0.0
2022-10-25 12:30:00-04:00,384.3500061035156,384.5,380.6000061035156,380.8800048828125,15889,0.0,0.0
2022-10-25 13:30:00-04:00,381.0,384.1600036621094,379.5899963378906,383.3699951171875,16377,0.0,0.0
2022-10-25 14:30:00-04:00,383.75,385.9049987792969,383.19500732421875,385.9049987792969,16296,0.0,0.0
2022-10-25 15:30:00-04:00,386.5899963378906,388.20001220703125,385.7099914550781,387.75,37520,0.0,0.0
2022-10-26 09:30:00-04:00,390.7099914550781,392.6050109863281,388.05999755859375,388.57000732421875,65483,0.0,0.0
2022-10-26 10:30:00-04:00,389.0050048828125,389.625,387.95001220703125,388.4800109863281,33736,0.0,0.0
2022-10-26 11:30:00-04:00,387.92999267578125,389.010009765625,386.239990234375,386.70001220703125,27661,0.0,0.0
2022-10-26 12:30:00-04:00,387.1000061035156,387.31500244140625,382.57000732421875,385.64459228515625,37225,0.0,0.0
2022-10-26 13:30:00-04:00,385.760009765625,388.885009765625,384.6600036621094,388.4599914550781,13477,0.0,0.0
2022-10-26 14:30:00-04:00,388.7850036621094,389.3800048828125,383.2300109863281,383.9849853515625,48717,0.0,0.0
2022-10-26 15:30:00-04:00,384.0,385.0899963378906,382.7799987792969,383.6300048828125,68394,0.0,0.0
2022-10-27 09:30:00-04:00,386.6000061035156,386.6000061035156,364.0199890136719,367.7300109863281,163709,0.0,0.0
2022-10-27 10:30:00-04:00,366.8399963378906,367.20001220703125,357.2300109863281,360.45001220703125,101039,0.0,0.0
2022-10-27 11:30:00-04:00,360.739990234375,365.1600036621094,357.07000732421875,365.1600036621094,61174,0.0,0.0
2022-10-27 12:30:00-04:00,365.2200012207031,376.0199890136719,365.2200012207031,371.8900146484375,107896,0.0,0.0
2022-10-27 13:30:00-04:00,373.6099853515625,376.42498779296875,371.8450012207031,373.5799865722656,31241,0.0,0.0
2022-10-27 14:30:00-04:00,373.6300048828125,374.1099853515625,370.8500061035156,372.70001220703125,35961,0.0,0.0
2022-10-27 15:30:00-04:00,372.70001220703125,374.6700134277344,371.0199890136719,372.7799987792969,68646,0.0,0.0
2022-10-28 09:30:00-04:00,372.67999267578125,379.55999755859375,370.6199951171875,377.55999755859375,101167,0.0,0.0
2022-10-28 10:30:00-04:00,377.17999267578125,382.92498779296875,374.8500061035156,382.5350036621094,50102,0.0,0.0
2022-10-28 11:30:00-04:00,383.17498779296875,388.6499938964844,382.4800109863281,387.92498779296875,42128,0.0,0.0
2022-10-28 12:30:00-04:00,387.6300048828125,388.260986328125,383.9599914550781,385.5249938964844,16560,0.0,0.0
2022-10-28 13:30:00-04:00,385.1499938964844,385.5950012207031,382.989990234375,383.8599853515625,27319,0.0,0.0
2022-10-28 14:30:00-04:00,384.2200012207031,386.5899963378906,383.4849853515625,385.7650146484375,34050,0.0,0.0
2022-10-28 15:30:00-04:00,385.489990234375,389.3800048828125,385.0,389.3800048828125,54909,0.0,0.0
2022-10-31 09:30:00-04:00,384.6499938964844,390.1499938964844,383.87249755859375,385.4949951171875,45171,0.0,0.0
2022-10-31 10:30:00-04:00,385.79998779296875,387.375,380.9100036621094,387.29998779296875,59804,0.0,0.0
2022-10-31 11:30:00-04:00,387.239990234375,390.9200134277344,387.239990234375,390.489990234375,25758,0.0,0.0
2022-10-31 12:30:00-04:00,390.0,390.9800109863281,386.010009765625,387.2699890136719,51001,0.0,0.0
2022-10-31 13:30:00-04:00,387.2799987792969,388.42999267578125,384.2900085449219,385.6499938964844,35381,0.0,0.0
2022-10-31 14:30:00-04:00,386.1300048828125,388.1400146484375,386.0199890136719,388.0899963378906,24617,0.0,0.0
2022-10-31 15:30:00-04:00,388.19000244140625,390.1000061035156,387.54998779296875,387.54998779296875,35783,0.0,0.0
2022-11-01 09:30:00-04:00,391.1700134277344,396.6000061035156,389.5400085449219,395.4750061035156,32019,0.0,0.0
2022-11-01 10:30:00-04:00,395.3399963378906,396.8599853515625,387.20001220703125,388.9800109863281,33140,0.0,0.0
2022-11-01 11:30:00-04:00,389.0299987792969,389.3299865722656,385.3999938964844,386.1400146484375,27069,0.0,0.0
2022-11-01 12:30:00-04:00,385.9150085449219,387.3999938964844,385.9150085449219,386.7749938964844,19848,0.0,0.0
2022-11-01 13:30:00-04:00,386.25,386.70001220703125,384.7200012207031,385.7550048828125,30383,0.0,0.0
2022-11-01 14:30:00-04:00,384.9700012207031,386.17999267578125,384.2699890136719,385.0199890136719,33293,0.0,0.0
2022-11-01 15:30:00-04:00,385.0199890136719,385.0199890136719,379.5199890136719,379.6300048828125,119065,0.0,0.0
2022-11-02 09:30:00-04:00,382.32000732421875,382.32000732421875,374.55999755859375,375.92498779296875,58509,0.0,0.0
2022-11-02 10:30:00-04:00,376.04998779296875,376.1400146484375,372.5400085449219,373.07000732421875,31444,0.0,0.0
2022-11-02 11:30:00-04:00,373.0199890136719,377.5,372.8399963378906,376.69500732421875,28802,0.0,0.0
2022-11-02 12:30:00-04:00,377.07000732421875,377.8399963378906,374.010009765625,374.94000244140625,29991,0.0,0.0
2022-11-02 13:30:00-04:00,374.7749938964844,383.1499938964844,372.0199890136719,382.0,31016,0.0,0.0
2022-11-02 14:30:00-04:00,382.0,382.7300109863281,370.75,370.75,46260,0.0,0.0
2022-11-02 15:30:00-04:00,370.81500244140625,372.489990234375,369.17999267578125,371.2200012207031,112731,0.0,0.0
2022-11-03 09:30:00-04:00,369.8999938964844,374.9100036621094,367.44000244140625,374.6300048828125,29862,0.0,0.0
2022-11-03 10:30:00-04:00,375.67999267578125,377.9100036621094,373.5050048828125,373.5050048828125,33984,0.0,0.0
2022-11-03 11:30:00-04:00,373.4200134277344,377.55999755859375,371.6499938964844,377.55999755859375,54493,0.0,0.0
2022-11-03 12:30:00-04:00,376.5799865722656,380.17999267578125,375.260009765625,380.1700134277344,13884,0.0,0.0
2022-11-03 13:30:00-04:00,379.70001220703125,382.2200012207031,379.5899963378906,381.9700012207031,11065,0.0,0.0
2022-11-03 14:30:00-04:00,381.6700134277344,382.30999755859375,380.0,380.760009765625,14028,0.0,0.0
2022-11-03 15:30:00-04:00,380.7799987792969,381.3999938964844,375.4599914550781,375.6199951171875,88747,0.0,0.0
2022-11-04 09:30:00-04:00,375.989990234375,375.989990234375,364.7200012207031,369.6600036621094,75527,0.0,0.0
2022-11-04 10:30:00-04:00,369.88238525390625,372.260009765625,369.4100036621094,369.9200134277344,21315,0.0,0.0
2022-11-04 11:30:00-04:00,369.94500732421875,369.989990234375,366.7049865722656,368.95001220703125,17620,0.0,0.0
2022-11-04 12:30:00-04:00,368.760009765625,368.760009765625,358.6499938964844,361.04998779296875,40363,0.0,0.0
2022-11-04 13:30:00-04:00,361.32501220703125,362.8900146484375,359.0350036621094,360.6000061035156,24852,0.0,0.0
2022-11-04 14:30:00-04:00,361.3800048828125,366.3599853515625,360.7099914550781,363.2900085449219,41426,0.0,0.0
2022-11-04 15:30:00-04:00,363.7300109863281,367.1700134277344,362.239990234375,367.1700134277344,45424,0.0,0.0
2022-11-07 09:30:00-05:00,364.4599914550781,364.6199951171875,357.6099853515625,361.2799987792969,90442,0.0,0.0
2022-11-07 10:30:00-05:00,360.7200012207031,364.489990234375,360.7200012207031,363.82000732421875,23483,0.0,0.0
2022-11-07 11:30:00-05:00,364.0299987792969,365.2799987792969,361.7699890136719,363.1099853515625,33848,0.0,0.0
2022-11-07 12:30:00-05:00,363.69000244140625,364.19000244140625,362.9100036621094,362.9100036621094,8871,0.0,0.0
2022-11-07 13:30:00-05:00,362.3800048828125,366.1400146484375,361.8349914550781,365.92999267578125,16672,0.0,0.0
2022-11-07 14:30:00-05:00,366.3299865722656,366.3699951171875,364.114990234375,364.5274963378906,16555,0.0,0.0
2022-11-07 15:30:00-05:00,364.8999938964844,365.1000061035156,362.25,362.2900085449219,37806,0.0,0.0
2022-11-08 09:30:00-05:00,364.3599853515625,366.5799865722656,356.44000244140625,364.25,54546,0.0,0.0
2022-11-08 10:30:00-05:00,364.69000244140625,365.5400085449219,363.0299987792969,364.32000732421875,31356,0.0,0.0
2022-11-08 11:30:00-05:00,364.6499938964844,365.44000244140625,361.6199951171875,362.510009765625,30151,0.0,0.0
2022-11-08 12:30:00-05:00,362.3900146484375,363.80999755859375,359.5,359.510009765625,19670,0.0,0.0
2022-11-08 13:30:00-05:00,359.510009765625,360.9700012207031,357.5,357.95001220703125,25673,0.0,0.0
2022-11-08 14:30:00-05:00,357.94500732421875,360.0950012207031,357.94500732421875,360.0950012207031,27590,0.0,0.0
2022-11-08 15:30:00-05:00,359.82501220703125,362.1549987792969,359.3800048828125,359.82000732421875,53682,0.0,0.0
2022-11-09 09:30:00-05:00,367.0,370.43499755859375,361.8699951171875,370.43499755859375,45380,0.0,0.0
2022-11-09 10:30:00-05:00,370.0,372.2049865722656,368.8500061035156,371.2799987792969,26825,0.0,0.0
2022-11-09 11:30:00-05:00,371.20001220703125,372.9800109863281,370.1600036621094,372.9800109863281,13608,0.0,0.0
2022-11-09 12:30:00-05:00,373.69000244140625,374.32501220703125,372.2900085449219,372.2900085449219,11348,0.0,0.0
2022-11-09 13:30:00-05:00,372.4599914550781,372.4800109863281,368.7349853515625,369.0249938964844,14201,0.0,0.0
2022-11-09 14:30:00-05:00,369.0199890136719,369.0199890136719,366.1300048828125,367.7099914550781,19505,0.0,0.0
2022-11-09 15:30:00-05:00,368.0150146484375,368.0199890136719,364.70001220703125,365.93499755859375,54724,0.0,0.0
2022-11-10 09:30:00-05:00,378.2950134277344,378.739990234375,372.5249938964844,375.5350036621094,68801,0.0,0.0
2022-11-10 10:30:00-05:00,375.5350036621094,375.5350036621094,370.2650146484375,374.29998779296875,31920,0.0,0.0
2022-11-10 11:30:00-05:00,374.0,375.30999755859375,372.2799987792969,372.2799987792969,18275,0.0,0.0
2022-11-10 12:30:00-05:00,371.3599853515625,371.3599853515625,367.19000244140625,367.19000244140625,19039,0.0,0.0
2022-11-10 13:30:00-05:00,368.4649963378906,371.32501220703125,367.20001220703125,367.8450012207031,34866,0.0,0.0
2022-11-10 14:30:00-05:00,367.8500061035156,371.0299987792969,366.7699890136719,369.9049987792969,72701,0.0,0.0
2022-11-10 15:30:00-05:00,369.9049987792969,369.9100036621094,366.5899963378906,367.8399963378906,50168,0.0,0.0
2022-11-11 09:30:00-05:00,364.1499938964844,364.1499938964844,356.5199890136719,359.3599853515625,105599,0.0,0.0
2022-11-11 10:30:00-05:00,359.739990234375,361.17999267578125,353.0199890136719,353.31500244140625,105119,0.0,0.0
2022-11-11 11:30:00-05:00,353.0199890136719,355.3699951171875,351.510009765625,353.8699951171875,50122,0.0,0.0
2022-11-11 12:30:00-05:00,354.0400085449219,358.0,353.80999755859375,358.0,26610,0.0,0.0
2022-11-11 13:30:00-05:00,358.010009765625,358.30999755859375,356.1199951171875,357.7900085449219,16042,0.0,0.0
2022-11-11 14:30:00-05:00,358.0199890136719,359.739990234375,357.32501220703125,359.7200012207031,36889,0.0,0.0
2022-11-11 15:30:00-05:00,359.510009765625,363.6400146484375,359.510009765625,363.2900085449219,50537,0.0,0.0
2022-11-14 09:30:00-05:00,372.45001220703125,373.30999755859375,362.760009765625,370.0,76377,0.0,0.0
2022-11-14 10:30:00-05:00,370.2200012207031,370.375,364.1549987792969,365.4599914550781,30830,0.0,0.0
2022-11-14 11:30:00-05:00,365.0,368.239990234375,364.6099853515625,366.1199951171875,30997,0.0,0.0
2022-11-14 12:30:00-05:00,366.05999755859375,366.8949890136719,364.9150085449219,366.2950134277344,30925,0.0,0.0
2022-11-14 13:30:00-05:00,366.510009765625,368.45001220703125,364.8999938964844,365.45001220703125,36011,0.0,0.0
2022-11-14 14:30:00-05:00,365.54998779296875,367.42498779296875,364.6300048828125,366.93499755859375,39930,0.0,0.0
2022-11-14 15:30:00-05:00,366.8699951171875,367.0299987792969,360.989990234375,362.20001220703125,67191,0.0,0.0
2022-11-15 09:30:00-05:00,377.2799987792969,379.04998779296875,371.6000061035156,374.3699951171875,74583,0.0,0.0
2022-11-15 10:30:00-05:00,373.9750061035156,374.4800109863281,370.3800048828125,372.92999267578125,29928,0.0,0.0
2022-11-15 11:30:00-05:00,373.1549987792969,375.2149963378906,369.2850036621094,369.29998779296875,14740,0.0,0.0
2022-11-15 12:30:00-05:00,369.5,372.239990234375,368.1600036621094,368.19000244140625,19130,0.0,0.0
2022-11-15 13:30:00-05:00,368.5150146484375,370.6700134277344,366.1700134277344,369.81500244140625,22471,0.0,0.0
2022-11-15 14:30:00-05:00,369.510009765625,374.32501220703125,369.489990234375,373.5150146484375,22729,0.0,0.0
2022-11-15 15:30:00-05:00,373.1400146484375,373.1400146484375,369.9100036621094,370.1700134277344,55943,0.0,0.0
2022-11-16 09:30:00-05:00,375.6199951171875,376.7699890136719,365.2950134277344,365.9100036621094,72958,0.0,0.0
2022-11-16 10:30:00-05:00,366.0849914550781,367.70001220703125,365.0,366.9800109863281,54463,0.0,0.0
2022-11-16 11:30:00-05:00,366.2099914550781,367.19000244140625,364.56500244140625,365.0799865722656,18570,0.0,0.0
2022-11-16 12:30:00-05:00,365.3599853515625,366.95001220703125,364.79998779296875,365.3900146484375,6546,0.0,0.0
2022-11-16 13:30:00-05:00,365.05499267578125,365.05499267578125,363.5849914550781,363.8949890136719,11592,0.0,0.0
2022-11-16 14:30:00-05:00,363.6300048828125,363.9750061035156,360.9949951171875,363.9700012207031,33746,0.0,0.0
2022-11-16 15:30:00-05:00,364.20001220703125,366.3699951171875,363.010009765625,365.260009765625,49065,0.0,0.0
2022-11-17 09:30:00-05:00,363.3299865722656,368.4700012207031,363.3299865722656,366.7550048828125,27826,0.0,0.0
2022-11-17 10:30:00-05:00,366.5299987792969,367.1600036621094,363.4150085449219,365.7349853515625,33007,0.0,0.0
2022-11-17 11:30:00-05:00,365.5,369.9100036621094,365.42999267578125,369.3999938964844,15521,0.0,0.0
2022-11-17 12:30:00-05:00,369.5400085449219,370.8299865722656,369.114990234375,369.9949951171875,11861,0.0,0.0
2022-11-17 13:30:00-05:00,368.2950134277344,369.6300048828125,363.4599914550781,364.2049865722656,14864,0.0,0.0
2022-11-17 14:30:00-05:00,364.05499267578125,366.3900146484375,361.3450012207031,365.4100036621094,44191,0.0,0.0
2022-11-17 15:30:00-05:00,365.4599914550781,366.17999267578125,363.2099914550781,363.5,58402,0.0,0.0
2022-11-18 09:30:00-05:00,365.67999267578125,366.5400085449219,364.760009765625,365.0799865722656,35843,0.0,0.0
2022-11-18 10:30:00-05:00,365.1099853515625,368.7099914550781,363.67999267578125,368.260009765625,30894,0.0,0.0
2022-11-18 11:30:00-05:00,368.29998779296875,369.05999755859375,365.25750732421875,365.510009765625,16434,0.0,0.0
2022-11-18 12:30:00-05:00,366.1698913574219,366.38031005859375,364.5199890136719,365.4800109863281,15769,0.0,0.0
2022-11-18 13:30:00-05:00,366.07000732421875,366.0899963378906,365.1050109863281,366.0050048828125,7010,0.0,0.0
2022-11-18 14:30:00-05:00,365.6650085449219,366.42498779296875,364.6700134277344,365.4049987792969,19549,0.0,0.0
2022-11-18 15:30:00-05:00,365.20001220703125,366.93499755859375,362.3399963378906,364.3500061035156,66205,0.0,0.0
2022-11-21 09:30:00-05:00,369.20001220703125,374.0,368.260009765625,372.19500732421875,38650,0.0,0.0
2022-11-21 10:30:00-05:00,372.2799987792969,374.3550109863281,371.0899963378906,373.9599914550781,32744,0.0,0.0
2022-11-21 11:30:00-05:00,374.1700134277344,374.19000244140625,370.1700134277344,370.8299865722656,16510,0.0,0.0
2022-11-21 12:30:00-05:00,371.0,372.27899169921875,368.80999755859375,370.80999755859375,12088,0.0,0.0
2022-11-21 13:30:00-05:00,370.6000061035156,373.7200012207031,370.2300109863281,372.9700012207031,18170,0.0,0.0
2022-11-21 14:30:00-05:00,372.9700012207031,374.68499755859375,372.3450012207031,373.3699951171875,14014,0.0,0.0
2022-11-21 15:30:00-05:00,373.8800048828125,375.375,373.3699951171875,374.05999755859375,29701,0.0,0.0
2022-11-22 09:30:00-05:00,373.04998779296875,373.04998779296875,364.82000732421875,368.2799987792969,26205,0.0,0.0
2022-11-22 10:30:00-05:00,369.0150146484375,370.3399963378906,368.3299865722656,369.7099914550781,13388,0.0,0.0
2022-11-22 11:30:00-05:00,369.5799865722656,371.0849914550781,369.114990234375,369.7300109863281,12656,0.0,0.0
2022-11-22 12:30:00-05:00,369.7250061035156,369.7950134277344,367.1300048828125,367.1600036621094,18269,0.0,0.0
2022-11-22 13:30:00-05:00,367.5249938964844,367.6300048828125,365.3900146484375,366.0400085449219,12519,0.0,0.0
2022-11-22 14:30:00-05:00,366.2900085449219,369.7300109863281,365.864990234375,369.3349914550781,19211,0.0,0.0
2022-11-22 15:30:00-05:00,369.3500061035156,372.0450134277344,368.57000732421875,371.2510070800781,43204,0.0,0.0
2022-11-23 09:30:00-05:00,372.70001220703125,379.2900085449219,372.70001220703125,376.19000244140625,18960,0.0,0.0
2022-11-23 10:30:00-05:00,376.29998779296875,377.625,376.2149963378906,376.260009765625,29182,0.0,0.0
2022-11-23 11:30:00-05:00,376.25,377.5199890136719,375.20001220703125,377.5199890136719,8972,0.0,0.0
2022-11-23 12:30:00-05:00,376.8900146484375,378.6600036621094,376.32000732421875,378.6600036621094,6792,0.0,0.0
2022-11-23 13:30:00-05:00,379.55999755859375,382.8800048828125,378.260009765625,382.8599853515625,11078,0.0,0.0
2022-11-23 14:30:00-05:00,382.1199951171875,382.20001220703125,378.6400146484375,378.6400146484375,25792,0.0,0.0
2022-11-23 15:30:00-05:00,378.239990234375,379.2200012207031,376.5,376.6099853515625,25061,0.0,0.0
2022-11-25 09:30:00-05:00,376.2900085449219,377.5799865722656,374.989990234375,377.54998779296875,27812,0.0,0.0
2022-11-25 10:30:00-05:00,377.6499938964844,379.3349914550781,377.4599914550781,378.6700134277344,18573,0.0,0.0
2022-11-25 11:30:00-05:00,379.54998779296875,380.5400085449219,377.0450134277344,377.0450134277344,10278,0.0,0.0
2022-11-28 09:30:00-05:00,384.6600036621094,391.30999755859375,384.6099853515625,389.8399963378906,79166,0.0,0.0
2022-11-28 10:30:00-05:00,389.760009765625,390.2250061035156,386.3599853515625,387.29998779296875,27682,0.0,0.0
2022-11-28 11:30:00-05:00,387.1000061035156,387.239990234375,381.55999755859375,383.2900085449219,20935,0.0,0.0
2022-11-28 12:30:00-05:00,383.6600036621094,384.1000061035156,382.5899963378906,383.5,8503,0.0,0.0
2022-11-28 13:30:00-05:00,383.82000732421875,383.82000732421875,380.45001220703125,380.45001220703125,14206,0.0,0.0
2022-11-28 14:30:00-05:00,380.5899963378906,380.8349914550781,378.489990234375,379.8450012207031,10121,0.0,0.0
2022-11-28 15:30:00-05:00,379.760009765625,381.54998779296875,378.5710144042969,378.9599914550781,39522,0.0,0.0
2022-11-29 09:30:00-05:00,374.29998779296875,376.7699890136719,372.8299865722656,376.43499755859375,23335,0.0,0.0
2022-11-29 10:30:00-05:00,375.44000244140625,377.1300048828125,375.43499755859375,376.05999755859375,22817,0.0,0.0
2022-11-29 11:30:00-05:00,376.0299987792969,377.67999267578125,376.0299987792969,376.9200134277344,8694,0.0,0.0
2022-11-29 12:30:00-05:00,377.95001220703125,380.25,377.95001220703125,378.0350036621094,27602,0.0,0.0
2022-11-29 13:30:00-05:00,377.4949951171875,378.5799865722656,376.94000244140625,377.5950012207031,6142,0.0,0.0
2022-11-29 14:30:00-05:00,377.07501220703125,377.989990234375,376.1499938964844,377.1650085449219,8244,0.0,0.0
2022-11-29 15:30:00-05:00,377.5799865722656,379.07000732421875,376.3999938964844,377.32000732421875,28826,0.0,0.0
2022-11-30 09:30:00-05:00,399.8299865722656,400.9800109863281,393.9100036621094,396.7300109863281,146617,0.0,0.0
2022-11-30 10:30:00-05:00,396.8299865722656,400.3349914550781,396.3299865722656,397.5150146484375,86495,0.0,0.0
2022-11-30 11:30:00-05:00,396.7699890136719,403.5400085449219,395.114990234375,395.5799865722656,130691,0.0,0.0
2022-11-30 12:30:00-05:00,395.3699951171875,397.4800109863281,392.92999267578125,395.5299987792969,50545,0.0,0.0
2022-11-30 13:30:00-05:00,395.3399963378906,400.4800109863281,395.3399963378906,399.760009765625,41936,0.0,0.0
2022-11-30 14:30:00-05:00,399.3900146484375,400.42999267578125,397.8500061035156,398.614990234375,51871,0.0,0.0
2022-11-30 15:30:00-05:00,398.6199951171875,400.0400085449219,396.82000732421875,397.7900085449219,99655,0.0,0.0
2022-12-01 09:30:00-05:00,404.8500061035156,407.92999267578125,400.8800048828125,403.510009765625,55796,0.0,0.0
2022-12-01 10:30:00-05:00,402.3999938964844,406.3800048828125,402.010009765625,405.8399963378906,28047,0.0,0.0
2022-12-01 11:30:00-05:00,406.010009765625,406.32000732421875,399.55999755859375,400.4599914550781,35471,0.0,0.0
2022-12-01 12:30:00-05:00,399.69000244140625,399.7900085449219,395.8500061035156,397.489990234375,24770,0.0,0.0
2022-12-01 13:30:00-05:00,397.3399963378906,399.3900146484375,397.05999755859375,397.9800109863281,15373,0.0,0.0
2022-12-01 14:30:00-05:00,398.0,398.8949890136719,397.1700134277344,397.32000732421875,15224,0.0,0.0
2022-12-01 15:30:00-05:00,397.8299865722656,399.69000244140625,397.5199890136719,399.5400085449219,41042,0.0,0.0
2022-12-02 09:30:00-05:00,401.739990234375,401.9200134277344,401.2099914550781,401.9200134277344,27481,0.0,0.0
2022-12-02 10:30:00-05:00,401.32000732421875,403.4800109863281,401.1199951171875,402.510009765625,34592,0.0,0.0
2022-12-02 11:30:00-05:00,403.75,403.75,403.75,403.75,16984,0.0,0.0
2022-12-02 12:30:00-05:00,403.2799987792969,403.5,402.3949890136719,402.68499755859375,10858,0.0,0.0
2022-12-02 13:30:00-05:00,402.489990234375,402.7699890136719,402.0,402.614990234375,11159,0.0,0.0
2022-12-02 14:30:00-05:00,402.55999755859375,404.1700134277344,402.55999755859375,404.1549987792969,13195,0.0,0.0
2022-12-02 15:30:00-05:00,402.8299865722656,402.8299865722656,402.4700012207031,402.4750061035156,34328,0.0,0.0
2022-12-05 09:30:00-05:00,400.8299865722656,401.5,394.9599914550781,395.239990234375,54847,0.0,0.0
2022-12-05 10:30:00-05:00,395.20001220703125,398.1400146484375,394.0199890136719,394.42999267578125,38816,0.0,0.0
2022-12-05 11:30:00-05:00,394.17999267578125,394.6300048828125,391.92498779296875,392.8500061035156,21927,0.0,0.0
2022-12-05 12:30:00-05:00,393.3949890136719,393.4700012207031,391.2799987792969,391.6000061035156,9975,0.0,0.0
2022-12-05 13:30:00-05:00,391.44500732421875,393.80999755859375,391.44500732421875,392.9750061035156,24456,0.0,0.0
2022-12-05 14:30:00-05:00,392.8500061035156,393.5199890136719,391.135009765625,391.9599914550781,21022,0.0,0.0
2022-12-05 15:30:00-05:00,392.0,393.6499938964844,391.7799987792969,393.3699951171875,39637,0.0,0.0
2022-12-06 09:30:00-05:00,394.94000244140625,394.94000244140625,389.4700012207031,389.94000244140625,38375,0.0,0.0
2022-12-06 10:30:00-05:00,389.4200134277344,391.0450134277344,388.8999938964844,390.2099914550781,21671,0.0,0.0
2022-12-06 11:30:00-05:00,389.5799865722656,391.82000732421875,385.0,385.0,16268,0.0,0.0
2022-12-06 12:30:00-05:00,385.0400085449219,385.989990234375,383.31500244140625,384.1099853515625,13168,0.0,0.0
2022-12-06 13:30:00-05:00,384.2900085449219,386.510009765625,383.3399963378906,384.7799987792969,9066,0.0,0.0
2022-12-06 14:30:00-05:00,384.1449890136719,384.9700012207031,383.1600036621094,384.9700012207031,16488,0.0,0.0
2022-12-06 15:30:00-05:00,384.55999755859375,387.5150146484375,384.4200134277344,385.0199890136719,46237,0.0,0.0
2022-12-07 09:30:00-05:00,392.2799987792969,395.2200012207031,387.9599914550781,389.17999267578125,42664,0.0,0.0
2022-12-07 10:30:00-05:00,389.44000244140625,390.0400085449219,385.69000244140625,385.69000244140625,31632,0.0,0.0
2022-12-07 11:30:00-05:00,385.67999267578125,386.8399963378906,383.8500061035156,385.2200012207031,27304,0.0,0.0
2022-12-07 12:30:00-05:00,385.30999755859375,385.9599914550781,382.9200134277344,383.5799865722656,28804,0.0,0.0
2022-12-07 13:30:00-05:00,384.7049865722656,386.0899963378906,383.20001220703125,385.69500732421875,10061,0.0,0.0
2022-12-07 14:30:00-05:00,385.5450134277344,386.489990234375,384.5799865722656,385.43499755859375,25100,0.0,0.0
2022-12-07 15:30:00-05:00,385.5,386.6600036621094,383.8299865722656,383.8299865722656,55776,0.0,0.0
2022-12-08 09:30:00-05:00,396.0899963378906,398.04998779296875,392.0,396.0299987792969,112589,0.0,0.0
2022-12-08 10:30:00-05:00,395.79998779296875,396.0,394.05999755859375,395.7099914550781,47402,0.0,0.0
2022-12-08 11:30:00-05:00,395.1400146484375,395.5299987792969,393.6199951171875,393.6549987792969,17899,0.0,0.0
2022-12-08 12:30:00-05:00,393.45001220703125,394.5299987792969,392.20001220703125,394.010009765625,20929,0.0,0.0
2022-12-08 13:30:00-05:00,394.1499938964844,394.29998779296875,391.04998779296875,391.04998779296875,34191,0.0,0.0
2022-12-08 14:30:00-05:00,391.1000061035156,393.0400085449219,389.42999267578125,391.3900146484375,45554,0.0,0.0
2022-12-08 15:30:00-05:00,391.30999755859375,391.4649963378906,388.010009765625,389.8800048828125,56153,0.0,0.0
2022-12-09 09:30:00-05:00,392.30999755859375,392.67999267578125,388.04998779296875,388.04998779296875,50344,0.0,0.0
2022-12-09 10:30:00-05:00,388.6600036621094,389.6000061035156,388.30999755859375,388.8399963378906,29629,0.0,0.0
2022-12-09 11:30:00-05:00,388.2900085449219,391.17999267578125,387.9599914550781,389.26251220703125,17828,0.0,0.0
2022-12-09 12:30:00-05:00,389.7900085449219,390.1499938964844,387.57000732421875,389.7799987792969,6635,0.0,0.0
2022-12-09 13:30:00-05:00,389.7799987792969,390.1600036621094,387.2699890136719,389.6099853515625,14547,0.0,0.0
2022-12-09 14:30:00-05:00,389.6300048828125,390.4599914550781,388.989990234375,389.9200134277344,17783,0.0,0.0
2022-12-09 15:30:00-05:00,389.8550109863281,391.04998779296875,388.010009765625,388.010009765625,30742,0.0,0.0
2022-12-12 09:30:00-05:00,403.69000244140625,405.0,388.5,400.07501220703125,102605,0.0,0.0
2022-12-12 10:30:00-05:00,399.8999938964844,400.9700012207031,396.9949951171875,396.9949951171875,53873,0.0,0.0
2022-12-12 11:30:00-05:00,397.0,399.4700012207031,396.7200012207031,396.7950134277344,33234,0.0,0.0
2022-12-12 12:30:00-05:00,396.5350036621094,396.5350036621094,393.5199890136719,394.4800109863281,16272,0.0,0.0
2022-12-12 13:30:00-05:00,393.8900146484375,394.5,392.0950012207031,392.8299865722656,20157,0.0,0.0
2022-12-12 14:30:00-05:00,392.4549865722656,396.2850036621094,392.010009765625,395.2799987792969,27122,0.0,0.0
2022-12-12 15:30:00-05:00,395.2900085449219,395.6700134277344,394.05999755859375,394.8599853515625,59906,0.0,0.0
2022-12-13 09:30:00-05:00,392.760009765625,394.5,389.95001220703125,391.4599914550781,60830,0.0,0.0
2022-12-13 10:30:00-05:00,390.8500061035156,391.25,387.32000732421875,388.489990234375,35270,0.0,0.0
2022-12-13 11:30:00-05:00,388.1099853515625,389.3299865722656,385.0,385.7200012207031,33712,0.0,0.0
2022-12-13 12:30:00-05:00,385.7099914550781,388.6700134277344,385.0199890136719,388.1199951171875,26667,0.0,0.0
2022-12-13 13:30:00-05:00,388.3500061035156,388.84991455078125,385.260009765625,386.1300048828125,40011,0.0,0.0
2022-12-13 14:30:00-05:00,386.1700134277344,387.0899963378906,385.7049865722656,386.92999267578125,27377,0.0,0.0
2022-12-13 15:30:00-05:00,387.6700134277344,388.0899963378906,384.4599914550781,384.9100036621094,49565,0.0,0.0
2022-12-14 09:30:00-05:00,390.0,394.0,390.0,392.57000732421875,36568,0.0,0.0
2022-12-14 10:30:00-05:00,392.0199890136719,393.3699951171875,389.79998779296875,391.6700134277344,26713,0.0,0.0
2022-12-14 11:30:00-05:00,391.0,392.1499938964844,389.5199890136719,390.2699890136719,11276,0.0,0.0
2022-12-14 12:30:00-05:00,390.0299987792969,391.6000061035156,389.29998779296875,391.6000061035156,12845,0.0,0.0
2022-12-14 13:30:00-05:00,392.1449890136719,392.2799987792969,386.9549865722656,390.1000061035156,8137,0.0,0.0
2022-12-14 14:30:00-05:00,389.55999755859375,392.4800109863281,386.0199890136719,389.9700012207031,38029,0.0,0.0
2022-12-14 15:30:00-05:00,389.45001220703125,389.4599914550781,386.0199890136719,386.3500061035156,93315,0.0,0.0
2022-12-15 09:30:00-05:00,390.489990234375,396.8500061035156,390.489990234375,396.54998779296875,56613,0.0,0.0
2022-12-15 10:30:00-05:00,396.125,397.47900390625,393.54998779296875,394.0450134277344,41069,0.0,0.0
2022-12-15 11:30:00-05:00,393.94000244140625,397.4599914550781,389.1400146484375,389.1968994140625,39398,0.0,0.0
2022-12-15 12:30:00-05:00,389.4700012207031,389.4700012207031,387.5199890136719,388.4200134277344,15143,0.0,0.0
2022-12-15 13:30:00-05:00,388.07000732421875,390.4599914550781,387.5199890136719,390.2749938964844,31528,0.0,0.0
2022-12-15 14:30:00-05:00,390.8900146484375,391.0,389.1600036621094,389.510009765625,20392,0.0,0.0
2022-12-15 15:30:00-05:00,389.45001220703125,390.7699890136719,388.3999938964844,389.44000244140625,43307,0.0,0.0
2022-12-16 09:30:00-05:00,387.79998779296875,391.55999755859375,386.3599853515625,386.3900146484375,24923,0.0,0.0
2022-12-16 10:30:00-05:00,386.239990234375,386.239990234375,384.30999755859375,385.30999755859375,18006,0.0,0.0
2022-12-16 11:30:00-05:00,386.2900085449219,388.1700134277344,386.0150146484375,388.07000732421875,21478,0.0,0.0
2022-12-16 12:30:00-05:00,388.20001220703125,389.2149963378906,387.0400085449219,387.0400085449219,6801,0.0,0.0
2022-12-16 13:30:00-05:00,387.44000244140625,388.4200134277344,386.260009765625,386.69500732421875,21776,0.0,0.0
2022-12-16 14:30:00-05:00,386.70001220703125,388.5799865722656,385.3900146484375,388.2099914550781,23135,0.0,0.0
2022-12-16 15:30:00-05:00,388.1499938964844,388.5199890136719,385.489990234375,385.57000732421875,55941,0.0,0.0
2022-12-19 09:30:00-05:00,385.010009765625,385.010009765625,373.1700134277344,377.8500061035156,56111,0.0,0.0
2022-12-19 10:30:00-05:00,377.75,379.5799865722656,375.92999267578125,378.5150146484375,41104,0.0,0.0
2022-12-19 11:30:00-05:00,378.6199951171875,379.989990234375,376.94000244140625,379.6099853515625,14056,0.0,0.0
2022-12-19 12:30:00-05:00,378.489990234375,381.57501220703125,377.92498779296875,381.43499755859375,15914,0.0,0.0
2022-12-19 13:30:00-05:00,381.44500732421875,381.44500732421875,378.42999267578125,380.0799865722656,11310,0.0,0.0
2022-12-19 14:30:00-05:00,380.32000732421875,380.9700012207031,378.6650085449219,379.635009765625,17267,0.0,0.0
2022-12-19 15:30:00-05:00,379.20001220703125,379.9100036621094,377.04998779296875,377.04998779296875,58205,0.0,0.0
2022-12-20 09:30:00-05:00,373.3399963378906,378.19500732421875,373.3399963378906,376.75,44326,0.0,0.0
2022-12-20 10:30:00-05:00,376.94000244140625,378.32501220703125,376.2200012207031,377.75,22761,0.0,0.0
2022-12-20 11:30:00-05:00,378.4100036621094,382.8999938964844,377.8900146484375,382.0,39133,0.0,0.0
2022-12-20 12:30:00-05:00,382.1600036621094,382.1700134277344,380.1050109863281,381.0400085449219,12031,0.0,0.0
2022-12-20 13:30:00-05:00,381.0,383.57501220703125,380.5249938964844,382.2300109863281,26529,0.0,0.0
2022-12-20 14:30:00-05:00,382.2300109863281,382.5050048828125,379.5799865722656,379.5799865722656,23429,0.0,0.0
2022-12-20 15:30:00-05:00,379.93499755859375,382.4200134277344,379.93499755859375,381.1099853515625,38465,0.0,0.0
2022-12-21 09:30:00-05:00,375.6300048828125,381.1400146484375,374.1300048828125,380.6600036621094,20790,0.0,0.0
2022-12-21 10:30:00-05:00,380.6199951171875,384.7799987792969,380.6199951171875,384.0,15115,0.0,0.0
2022-12-21 11:30:00-05:00,384.489990234375,384.92999267578125,382.510009765625,383.29998779296875,12537,0.0,0.0
2022-12-21 12:30:00-05:00,383.0400085449219,385.3399963378906,382.67999267578125,384.4200134277344,5963,0.0,0.0
2022-12-21 13:30:00-05:00,383.8800048828125,386.6099853515625,383.25,386.6099853515625,6677,0.0,0.0
2022-12-21 14:30:00-05:00,385.739990234375,385.739990234375,382.70001220703125,383.17498779296875,8675,0.0,0.0
2022-12-21 15:30:00-05:00,382.3699951171875,383.3949890136719,381.7200012207031,382.5199890136719,16783,0.0,0.0
2022-12-22 09:30:00-05:00,384.07000732421875,384.2300109863281,380.4750061035156,380.8900146484375,17670,0.0,0.0
2022-12-22 10:30:00-05:00,380.8999938964844,381.760009765625,380.1499938964844,381.3800048828125,36721,0.0,0.0
2022-12-22 11:30:00-05:00,381.3299865722656,383.0299987792969,380.30999755859375,382.239990234375,12176,0.0,0.0
2022-12-22 12:30:00-05:00,381.92498779296875,382.56500244140625,380.4700012207031,382.56500244140625,7192,0.0,0.0
2022-12-22 13:30:00-05:00,382.010009765625,383.2699890136719,379.9800109863281,380.3949890136719,29445,0.0,0.0
2022-12-22 14:30:00-05:00,380.239990234375,383.5799865722656,380.239990234375,383.5799865722656,18934,0.0,0.0
2022-12-22 15:30:00-05:00,383.7099914550781,383.9549865722656,381.67999267578125,383.239990234375,37178,0.0,0.0
2022-12-23 09:30:00-05:00,382.0799865722656,382.0799865722656,377.29998779296875,377.9750061035156,29079,0.0,0.0
2022-12-23 10:30:00-05:00,378.32000732421875,378.6499938964844,375.08099365234375,377.5,20984,0.0,0.0
2022-12-23 11:30:00-05:00,377.2300109863281,377.5,375.260009765625,375.885009765625,11262,0.0,0.0
2022-12-23 12:30:00-05:00,375.7300109863281,376.3599853515625,374.0199890136719,374.8599853515625,14743,0.0,0.0
2022-12-23 13:30:00-05:00,375.0899963378906,377.6400146484375,374.32501220703125,377.6400146484375,12534,0.0,0.0
2022-12-23 14:30:00-05:00,377.30999755859375,377.6300048828125,375.67999267578125,376.1025085449219,10609,0.0,0.0
2022-12-23 15:30:00-05:00,376.2550048828125,378.1600036621094,375.3599853515625,377.5799865722656,21611,0.0,0.0
2022-12-27 09:30:00-05:00,377.1300048828125,377.75,373.30999755859375,374.3500061035156,12207,0.0,0.0
2022-12-27 10:30:00-05:00,373.6000061035156,375.8599853515625,373.0199890136719,373.5,9300,0.0,0.0
2022-12-27 11:30:00-05:00,373.2099914550781,373.80999755859375,372.4750061035156,372.5899963378906,10805,0.0,0.0
2022-12-27 12:30:00-05:00,372.70001220703125,372.8900146484375,370.8699951171875,370.875,5239,0.0,0.0
2022-12-27 13:30:00-05:00,370.6300048828125,371.67999267578125,369.1099853515625,369.1099853515625,13524,0.0,0.0
2022-12-27 14:30:00-05:00,369.0400085449219,370.0400085449219,368.1499938964844,369.44000244140625,18816,0.0,0.0
2022-12-27 15:30:00-05:00,369.20001220703125,370.8999938964844,368.9549865722656,370.8399963378906,32222,0.0,0.0
2022-12-28 09:30:00-05:00,369.79998779296875,372.0299987792969,367.2099914550781,368.32000732421875,29619,0.0,0.0
2022-12-28 10:30:00-05:00,368.92999267578125,369.67999267578125,366.3550109863281,367.45001220703125,33801,0.0,0.0
2022-12-28 11:30:00-05:00,367.3299865722656,367.5400085449219,365.2200012207031,366.2724914550781,18686,0.0,0.0
2022-12-28 12:30:00-05:00,365.75,367.80499267578125,364.989990234375,366.8550109863281,39524,0.0,0.0
2022-12-28 13:30:00-05:00,366.7300109863281,366.7300109863281,364.625,365.8800048828125,39622,0.0,0.0
2022-12-28 14:30:00-05:00,366.6600036621094,368.43499755859375,366.1650085449219,367.9949951171875,34230,0.0,0.0
2022-12-28 15:30:00-05:00,367.6369934082031,369.44500732421875,367.55499267578125,369.42999267578125,56860,0.0,0.0
2022-12-29 09:30:00-05:00,370.760009765625,373.3900146484375,369.5899963378906,371.1000061035156,16566,0.0,0.0
2022-12-29 10:30:00-05:00,370.92498779296875,375.32000732421875,370.92498779296875,375.32000732421875,25676,0.0,0.0
2022-12-29 11:30:00-05:00,375.7950134277344,378.55999755859375,375.5150146484375,377.8900146484375,13377,0.0,0.0
2022-12-29 12:30:00-05:00,377.79998779296875,378.4100036621094,377.0950012207031,377.9800109863281,12152,0.0,0.0
2022-12-29 13:30:00-05:00,378.0050048828125,379.04998779296875,377.4049987792969,377.4049987792969,12894,0.0,0.0
2022-12-29 14:30:00-05:00,377.1499938964844,378.56500244140625,376.8599853515625,376.8599853515625,12305,0.0,0.0
2022-12-29 15:30:00-05:00,376.3399963378906,378.0924987792969,375.2900085449219,375.2900085449219,33889,0.0,0.0
2022-12-30 09:30:00-05:00,373.0299987792969,374.30999755859375,371.2950134277344,373.67999267578125,22102,0.0,0.0
2022-12-30 10:30:00-05:00,373.5799865722656,373.6499938964844,372.3900146484375,372.760009765625,12274,0.0,0.0
2022-12-30 11:30:00-05:00,372.70001220703125,374.05999755859375,371.760009765625,372.44500732421875,12965,0.0,0.0
2022-12-30 12:30:00-05:00,372.5450134277344,375.8599853515625,372.4700012207031,374.0899963378906,19316,0.0,0.0
2022-12-30 13:30:00-05:00,374.5920104980469,376.2699890136719,374.1199951171875,375.239990234375,18918,0.0,0.0
2022-12-30 14:30:00-05:00,375.57000732421875,377.6300048828125,375.42999267578125,377.6300048828125,16406,0.0,0.0
2022-12-30 15:30:00-05:00,377.57000732421875,379.5899963378906,377.0899963378906,378.29998779296875,61143,0.0,0.0
2023-01-03 09:30:00-05:00,381.1000061035156,382.6449890136719,378.54998779296875,379.0450134277344,47964,0.0,0.0
2023-01-03 10:30:00-05:00,378.9800109863281,380.989990234375,378.3999938964844,380.7200012207031,22668,0.0,0.0
2023-01-03 11:30:00-05:00,380.54998779296875,380.54998779296875,378.9599914550781,379.2550048828125,18993,0.0,0.0
2023-01-03 12:30:00-05:00,379.1000061035156,379.6600036621094,376.19500732421875,377.2149963378906,18001,0.0,0.0
2023-01-03 13:30:00-05:00,376.69000244140625,377.625,375.70001220703125,376.7200012207031,38752,0.0,0.0
2023-01-03 14:30:00-05:00,375.9100036621094,376.1300048828125,372.3699951171875,372.989990234375,35225,0.0,0.0
2023-01-03 15:30:00-05:00,373.1300048828125,374.010009765625,372.5299987792969,373.82000732421875,61335,0.0,0.0
2023-01-04 09:30:00-05:00,375.8299865722656,376.2799987792969,370.2449951171875,372.2349853515625,32823,0.0,0.0
2023-01-04 10:30:00-05:00,372.5400085449219,373.4949951171875,371.5299987792969,371.55999755859375,23221,0.0,0.0
2023-01-04 11:30:00-05:00,371.5799865722656,372.1776123046875,369.1400146484375,370.4750061035156,13416,0.0,0.0
2023-01-04 12:30:00-05:00,371.0,373.1600036621094,370.9949951171875,371.9800109863281,45819,0.0,0.0
2023-01-04 13:30:00-05:00,372.239990234375,373.4800109863281,370.25,370.25,22202,0.0,0.0
2023-01-04 14:30:00-05:00,370.239990234375,375.07000732421875,370.239990234375,374.489990234375,25618,0.0,0.0
2023-01-04 15:30:00-05:00,374.2699890136719,376.9800109863281,373.635009765625,376.75,24633,0.0,0.0
2023-01-05 09:30:00-05:00,374.6700134277344,376.3299865722656,373.2149963378906,373.5299987792969,28653,0.0,0.0
2023-01-05 10:30:00-05:00,373.6499938964844,374.0899963378906,373.3550109863281,374.05999755859375,19259,0.0,0.0
2023-01-05 11:30:00-05:00,374.0950012207031,374.3699951171875,373.5299987792969,374.19500732421875,24595,0.0,0.0
2023-01-05 12:30:00-05:00,373.739990234375,374.7799987792969,373.6400146484375,374.2049865722656,17269,0.0,0.0
2023-01-05 13:30:00-05:00,374.0,374.29998779296875,373.4244079589844,374.0899963378906,27255,0.0,0.0
2023-01-05 14:30:00-05:00,374.0,374.42999267578125,373.4200134277344,373.95001220703125,32304,0.0,0.0
2023-01-05 15:30:00-05:00,373.989990234375,374.6400146484375,373.44500732421875,373.9700012207031,46934,0.0,0.0
2023-01-06 09:30:00-05:00,375.9200134277344,376.4100036621094,373.614990234375,376.4100036621094,48264,0.0,0.0
2023-01-06 10:30:00-05:00,377.125,382.3800048828125,376.7300109863281,379.69000244140625,42790,0.0,0.0
2023-01-06 11:30:00-05:00,379.5899963378906,380.2099914550781,378.010009765625,379.20001220703125,43456,0.0,0.0
2023-01-06 12:30:00-05:00,379.20001220703125,380.0,374.7900085449219,375.3349914550781,38399,0.0,0.0
2023-01-06 13:30:00-05:00,375.2749938964844,375.9700012207031,373.55999755859375,373.9100036621094,40313,0.0,0.0
2023-01-06 14:30:00-05:00,374.2300109863281,375.45001220703125,373.5400085449219,375.0150146484375,38037,0.0,0.0
2023-01-06 15:30:00-05:00,375.0849914550781,376.2099914550781,374.81500244140625,376.2099914550781,47931,0.0,0.0
2023-01-09 09:30:00-05:00,368.9800109863281,370.6600036621094,365.8999938964844,370.5050048828125,111126,0.0,0.0
2023-01-09 10:30:00-05:00,370.4649963378906,374.6400146484375,369.6549987792969,373.4700012207031,36887,0.0,0.0
2023-01-09 11:30:00-05:00,373.19000244140625,374.30499267578125,372.0,373.45001220703125,22883,0.0,0.0
2023-01-09 12:30:00-05:00,373.17498779296875,373.67999267578125,371.79998779296875,372.375,38208,0.0,0.0
2023-01-09 13:30:00-05:00,372.1400146484375,373.5799865722656,372.0199890136719,373.5799865722656,48626,0.0,0.0
2023-01-09 14:30:00-05:00,373.30999755859375,373.739990234375,372.32000732421875,373.3999938964844,85083,0.0,0.0
2023-01-09 15:30:00-05:00,373.1700134277344,373.5299987792969,372.3800048828125,373.0,81820,0.0,0.0
2023-01-10 09:30:00-05:00,375.989990234375,382.6600036621094,375.989990234375,382.6600036621094,45709,0.0,0.0
2023-01-10 10:30:00-05:00,381.9949951171875,383.42999267578125,380.739990234375,380.739990234375,23110,0.0,0.0
2023-01-10 11:30:00-05:00,381.19000244140625,381.3900146484375,379.76141357421875,380.989990234375,10490,0.0,0.0
2023-01-10 12:30:00-05:00,381.0199890136719,382.69049072265625,381.0199890136719,382.69049072265625,7086,0.0,0.0
2023-01-10 13:30:00-05:00,382.385986328125,386.9700012207031,382.2099914550781,386.5199890136719,23810,0.0,0.0
2023-01-10 14:30:00-05:00,386.6199951171875,388.25,385.45001220703125,386.92999267578125,17780,0.0,0.0
2023-01-10 15:30:00-05:00,387.2699890136719,388.70001220703125,386.69000244140625,388.3399963378906,53564,0.0,0.0
2023-01-11 09:30:00-05:00,389.04998779296875,390.6000061035156,384.0899963378906,390.42999267578125,25130,0.0,0.0
2023-01-11 10:30:00-05:00,390.0899963378906,391.19000244140625,388.239990234375,390.260009765625,43994,0.0,0.0
2023-01-11 11:30:00-05:00,390.5899963378906,391.7799987792969,388.1600036621094,391.1000061035156,22226,0.0,0.0
2023-01-11 12:30:00-05:00,391.0400085449219,391.43499755859375,390.56500244140625,391.1099853515625,10076,0.0,0.0
2023-01-11 13:30:00-05:00,391.4599914550781,392.8800048828125,391.4599914550781,392.79998779296875,13395,0.0,0.0
2023-01-11 14:30:00-05:00,392.4599914550781,394.5799865722656,391.9700012207031,393.1099853515625,34293,0.0,0.0
2023-01-11 15:30:00-05:00,393.0950012207031,396.5299987792969,393.0950012207031,395.6600036621094,83111,0.0,0.0
2023-01-12 09:30:00-05:00,392.0799865722656,396.4100036621094,391.05999755859375,395.4849853515625,43480,0.0,0.0
2023-01-12 10:30:00-05:00,394.9200134277344,397.5299987792969,394.7099914550781,397.3399963378906,23806,0.0,0.0
2023-01-12 11:30:00-05:00,397.885009765625,400.9700012207031,397.2200012207031,400.32000732421875,15226,0.0,0.0
2023-01-12 12:30:00-05:00,400.2099914550781,402.1549987792969,399.67999267578125,401.6700134277344,33918,0.0,0.0
2023-01-12 13:30:00-05:00,401.6700134277344,403.114990234375,401.6700134277344,402.0,9357,0.0,0.0
2023-01-12 14:30:00-05:00,401.989990234375,403.0050048828125,399.68499755859375,399.68499755859375,30643,0.0,0.0
2023-01-12 15:30:00-05:00,399.30999755859375,403.8800048828125,399.0,403.3699951171875,51423,0.0,0.0
2023-01-13 09:30:00-05:00,399.1400146484375,404.8999938964844,399.1400146484375,403.2749938964844,24766,0.0,0.0
2023-01-13 10:30:00-05:00,403.0299987792969,403.4599914550781,401.45001220703125,401.5871887207031,13514,0.0,0.0
2023-01-13 11:30:00-05:00,401.739990234375,402.5,400.9100036621094,401.3699951171875,6306,0.0,0.0
2023-01-13 12:30:00-05:00,401.5,402.3500061035156,399.3299865722656,400.1600036621094,29714,0.0,0.0
2023-01-13 13:30:00-05:00,399.92498779296875,400.19000244140625,397.82000732421875,398.1700134277344,21054,0.0,0.0
2023-01-13 14:30:00-05:00,398.4150085449219,398.4150085449219,394.260009765625,397.20001220703125,40003,0.0,0.0
2023-01-13 15:30:00-05:00,397.489990234375,402.114990234375,397.1000061035156,400.9200134277344,36194,0.0,0.0
2023-01-17 09:30:00-05:00,398.75,400.0,396.9800109863281,397.6400146484375,51574,0.0,0.0
2023-01-17 10:30:00-05:00,397.5,398.05999755859375,396.4200134277344,396.510009765625,31200,0.0,0.0
2023-01-17 11:30:00-05:00,396.5450134277344,398.57501220703125,396.510009765625,397.3699951171875,10534,0.0,0.0
2023-01-17 12:30:00-05:00,397.7250061035156,398.0199890136719,396.67999267578125,397.82000732421875,14160,0.0,0.0
2023-01-17 13:30:00-05:00,397.8399963378906,398.20001220703125,397.42999267578125,397.6000061035156,11198,0.0,0.0
2023-01-17 14:30:00-05:00,397.6600036621094,397.8599853515625,396.68499755859375,396.8900146484375,20776,0.0,0.0
2023-01-17 15:30:00-05:00,396.8999938964844,397.1199951171875,396.0,396.6099853515625,38156,0.0,0.0
2023-01-18 09:30:00-05:00,396.739990234375,399.0,394.8550109863281,395.6000061035156,17455,0.0,0.0
2023-01-18 10:30:00-05:00,395.7099914550781,396.3699951171875,393.2049865722656,393.2300109863281,14956,0.0,0.0
2023-01-18 11:30:00-05:00,392.9200134277344,392.9200134277344,389.82000732421875,390.07000732421875,19885,0.0,0.0
2023-01-18 12:30:00-05:00,389.25,390.8299865722656,388.94000244140625,389.55499267578125,44753,0.0,0.0
2023-01-18 13:30:00-05:00,389.49951171875,390.0950012207031,388.6000061035156,389.05999755859375,41065,0.0,0.0
2023-01-18 14:30:00-05:00,389.010009765625,389.3949890136719,388.17999267578125,388.239990234375,16252,0.0,0.0
2023-01-18 15:30:00-05:00,388.875,388.875,386.94000244140625,387.44000244140625,39167,0.0,0.0
2023-01-19 09:30:00-05:00,388.45001220703125,389.3299865722656,382.3900146484375,383.2300109863281,24723,0.0,0.0
2023-01-19 10:30:00-05:00,383.2200012207031,384.0,381.95001220703125,382.8599853515625,27332,0.0,0.0
2023-01-19 11:30:00-05:00,382.8599853515625,385.2900085449219,381.010009765625,383.30499267578125,13713,0.0,0.0
2023-01-19 12:30:00-05:00,383.30999755859375,383.6400146484375,381.5249938964844,383.06500244140625,14563,0.0,0.0
2023-01-19 13:30:00-05:00,383.0,384.2650146484375,383.0,383.4849853515625,17478,0.0,0.0
2023-01-19 14:30:00-05:00,383.1199951171875,383.9800109863281,382.8450012207031,383.1400146484375,12560,0.0,0.0
2023-01-19 15:30:00-05:00,383.1099853515625,383.3699951171875,381.2099914550781,382.07000732421875,27185,0.0,0.0
2023-01-20 09:30:00-05:00,388.2200012207031,389.05999755859375,385.4200134277344,385.4200134277344,125483,0.0,0.0
2023-01-20 10:30:00-05:00,385.2099914550781,386.0799865722656,384.260009765625,385.2900085449219,12875,0.0,0.0
2023-01-20 11:30:00-05:00,385.1199951171875,385.8800048828125,384.375,385.6050109863281,16449,0.0,0.0
2023-01-20 12:30:00-05:00,385.57000732421875,386.3699951171875,384.5899963378906,385.8299865722656,32229,0.0,0.0
2023-01-20 13:30:00-05:00,386.1000061035156,388.2300109863281,385.7699890136719,388.0450134277344,26543,0.0,0.0
2023-01-20 14:30:00-05:00,388.3399963378906,389.6700134277344,388.2149963378906,389.0050048828125,32923,0.0,0.0
2023-01-20 15:30:00-05:00,389.0899963378906,391.3699951171875,388.8599853515625,391.0199890136719,49671,0.0,0.0
2023-01-23 09:30:00-05:00,392.9599914550781,395.510009765625,392.1300048828125,394.59759521484375,35510,0.0,0.0
2023-01-23 10:30:00-05:00,394.32000732421875,395.6199951171875,392.9649963378906,395.4700012207031,19036,0.0,0.0
2023-01-23 11:30:00-05:00,394.6300048828125,395.4750061035156,393.6499938964844,393.9700012207031,17589,0.0,0.0
2023-01-23 12:30:00-05:00,394.32000732421875,394.95001220703125,393.7200012207031,393.80999755859375,27338,0.0,0.0
2023-01-23 13:30:00-05:00,393.67999267578125,395.0249938964844,393.5950012207031,394.8800048828125,16924,0.0,0.0
2023-01-23 14:30:00-05:00,394.3800048828125,394.3800048828125,393.44000244140625,393.9150085449219,28466,0.0,0.0
2023-01-23 15:30:00-05:00,394.0,394.6700134277344,392.8399963378906,394.1099853515625,36822,0.0,0.0
2023-01-24 09:30:00-05:00,385.30999755859375,387.5400085449219,383.864990234375,386.260009765625,28930,0.0,0.0
2023-01-24 10:30:00-05:00,385.80999755859375,387.510009765625,384.7300109863281,387.260009765625,16107,0.0,0.0
2023-01-24 11:30:00-05:00,388.4800109863281,389.2699890136719,386.70001220703125,388.2099914550781,10487,0.0,0.0
2023-01-24 12:30:00-05:00,388.1000061035156,388.1400146484375,384.8999938964844,385.8599853515625,9149,0.0,0.0
2023-01-24 13:30:00-05:00,385.2900085449219,386.8949890136719,384.8699951171875,386.29998779296875,10027,0.0,0.0
2023-01-24 14:30:00-05:00,386.25,386.4599914550781,381.7799987792969,382.6000061035156,21111,0.0,0.0
2023-01-24 15:30:00-05:00,382.68499755859375,383.4100036621094,380.44000244140625,382.70001220703125,53661,0.0,0.0
2023-01-25 09:30:00-05:00,383.82000732421875,383.82000732421875,379.3999938964844,380.7699890136719,31762,0.0,0.0
2023-01-25 10:30:00-05:00,380.739990234375,381.32000732421875,378.7900085449219,380.0299987792969,17388,0.0,0.0
2023-01-25 11:30:00-05:00,378.55999755859375,380.7900085449219,377.2099914550781,377.5299987792969,19923,0.0,0.0
2023-01-25 12:30:00-05:00,377.1700134277344,379.8399963378906,377.1700134277344,379.55999755859375,11438,0.0,0.0
2023-01-25 13:30:00-05:00,379.4100036621094,379.4100036621094,375.3500061035156,375.57000732421875,22732,0.0,0.0
2023-01-25 14:30:00-05:00,375.4200134277344,377.4100036621094,373.75,376.0,18754,0.0,0.0
2023-01-25 15:30:00-05:00,376.760009765625,379.260009765625,376.45001220703125,378.9599914550781,25640,0.0,0.0
2023-01-26 09:30:00-05:00,386.4200134277344,386.989990234375,382.0,382.82000732421875,48970,0.0,0.0
2023-01-26 10:30:00-05:00,382.739990234375,382.8599853515625,380.3599853515625,380.4599914550781,30022,0.0,0.0
2023-01-26 11:30:00-05:00,380.8900146484375,381.3900146484375,380.2300109863281,380.92999267578125,9599,0.0,0.0
2023-01-26 12:30:00-05:00,381.0249938964844,381.80999755859375,381.0249938964844,381.80999755859375,6205,0.0,0.0
2023-01-26 13:30:00-05:00,382.0,382.5,381.4800109863281,381.80499267578125,10725,0.0,0.0
2023-01-26 14:30:00-05:00,381.9200134277344,383.80999755859375,380.57000732421875,383.30999755859375,19061,0.0,0.0
2023-01-26 15:30:00-05:00,382.8299865722656,382.8299865722656,381.4599914550781,382.07000732421875,23078,0.0,0.0
2023-01-27 09:30:00-05:00,371.8500061035156,379.5799865722656,371.8500061035156,376.5400085449219,101357,0.0,0.0
2023-01-27 10:30:00-05:00,376.1300048828125,377.3999938964844,374.6499938964844,376.8699951171875,33915,0.0,0.0
2023-01-27 11:30:00-05:00,376.4949951171875,381.3299865722656,375.95001220703125,380.8949890136719,15563,0.0,0.0
2023-01-27 12:30:00-05:00,381.69000244140625,385.2699890136719,381.69000244140625,383.9700012207031,28206,0.0,0.0
2023-01-27 13:30:00-05:00,383.9700012207031,383.9700012207031,380.6199951171875,382.3699951171875,12886,0.0,0.0
2023-01-27 14:30:00-05:00,382.0799865722656,383.1600036621094,380.6499938964844,381.7300109863281,17566,0.0,0.0
2023-01-27 15:30:00-05:00,381.6700134277344,382.17498779296875,377.8500061035156,380.8999938964844,61879,0.0,0.0
2023-01-30 09:30:00-05:00,378.1300048828125,380.95001220703125,376.2900085449219,376.9700012207031,42373,0.0,0.0
2023-01-30 10:30:00-05:00,376.79998779296875,377.9700012207031,376.6216125488281,377.57000732421875,20143,0.0,0.0
2023-01-30 11:30:00-05:00,376.8349914550781,378.6000061035156,376.55999755859375,376.9700012207031,12521,0.0,0.0
2023-01-30 12:30:00-05:00,376.19000244140625,376.3500061035156,374.7749938964844,375.489990234375,11453,0.0,0.0
2023-01-30 13:30:00-05:00,375.6499938964844,375.6499938964844,372.2300109863281,373.8299865722656,10360,0.0,0.0
2023-01-30 14:30:00-05:00,373.489990234375,375.8999938964844,372.45001220703125,374.1300048828125,20034,0.0,0.0
2023-01-30 15:30:00-05:00,373.8999938964844,375.8800048828125,373.8999938964844,375.8599853515625,35953,0.0,0.0
2023-01-31 09:30:00-05:00,375.0799865722656,377.510009765625,374.510009765625,377.44000244140625,29199,0.0,0.0
2023-01-31 10:30:00-05:00,377.55999755859375,377.7250061035156,376.07000732421875,376.9200134277344,10490,0.0,0.0
2023-01-31 11:30:00-05:00,377.0,378.9700012207031,376.8500061035156,378.510009765625,10959,0.0,0.0
2023-01-31 12:30:00-05:00,378.57501220703125,381.9100036621094,378.57501220703125,381.4700012207031,11017,0.0,0.0
2023-01-31 13:30:00-05:00,381.4800109863281,382.75,380.5450134277344,382.0199890136719,14104,0.0,0.0
2023-01-31 14:30:00-05:00,382.2699890136719,383.5,380.010009765625,381.6099853515625,23711,0.0,0.0
2023-01-31 15:30:00-05:00,380.75,382.5299987792969,379.4200134277344,382.05999755859375,42665,0.0,0.0
2023-02-01 09:30:00-05:00,380.4599914550781,382.3599853515625,376.92999267578125,377.6099853515625,44257,0.0,0.0
2023-02-01 10:30:00-05:00,376.6000061035156,377.7799987792969,376.19000244140625,377.6099853515625,12117,0.0,0.0
2023-02-01 11:30:00-05:00,377.125,378.4599914550781,376.44000244140625,377.2099914550781,51751,0.0,0.0
2023-02-01 12:30:00-05:00,376.42999267578125,376.69000244140625,375.20001220703125,376.2950134277344,7003,0.0,0.0
2023-02-01 13:30:00-05:00,376.3450012207031,378.3500061035156,376.1700134277344,377.7799987792969,13346,0.0,0.0
2023-02-01 14:30:00-05:00,377.31500244140625,380.1400146484375,375.1600036621094,378.7200012207031,15509,0.0,0.0
2023-02-01 15:30:00-05:00,378.760009765625,379.92999267578125,376.6499938964844,379.5299987792969,42014,0.0,0.0
2023-02-02 09:30:00-05:00,378.05999755859375,378.05999755859375,372.5799865722656,372.94500732421875,28099,0.0,0.0
2023-02-02 10:30:00-05:00,372.6700134277344,374.1000061035156,369.9100036621094,370.80999755859375,84441,0.0,0.0
2023-02-02 11:30:00-05:00,370.55499267578125,373.5,369.55499267578125,369.989990234375,33921,0.0,0.0
2023-02-02 12:30:00-05:00,370.0,372.7300109863281,369.79998779296875,372.3500061035156,16151,0.0,0.0
2023-02-02 13:30:00-05:00,371.79998779296875,373.32269287109375,369.94000244140625,370.3500061035156,19407,0.0,0.0
2023-02-02 14:30:00-05:00,369.9100036621094,371.75,369.010009765625,371.67999267578125,19722,0.0,0.0
2023-02-02 15:30:00-05:00,371.0799865722656,372.4100036621094,369.82501220703125,372.32000732421875,48933,0.0,0.0
2023-02-03 09:30:00-05:00,370.0,373.8299865722656,370.0,371.8800048828125,14119,0.0,0.0
2023-02-03 10:30:00-05:00,371.6000061035156,372.9599914550781,370.94000244140625,371.6393127441406,38035,0.0,0.0
2023-02-03 11:30:00-05:00,371.5071105957031,373.0350036621094,371.1700134277344,373.0350036621094,8138,0.0,0.0
2023-02-03 12:30:00-05:00,373.5,373.739990234375,372.385009765625,372.7049865722656,11201,0.0,0.0
2023-02-03 13:30:00-05:00,372.42999267578125,372.5899963378906,370.75,371.3299865722656,20551,0.0,0.0
2023-02-03 14:30:00-05:00,371.17999267578125,372.5899963378906,370.4599914550781,370.92999267578125,31058,0.0,0.0
2023-02-03 15:30:00-05:00,371.0,371.510009765625,370.57000732421875,370.6449890136719,78029,0.0,0.0
2023-02-06 09:30:00-05:00,367.1700134277344,378.1099853515625,367.1700134277344,375.42999267578125,55836,0.0,0.0
2023-02-06 10:30:00-05:00,375.17498779296875,376.760009765625,375.17498779296875,375.989990234375,28328,0.0,0.0
2023-02-06 11:30:00-05:00,375.79998779296875,376.2250061035156,374.3299865722656,374.3299865722656,39920,0.0,0.0
2023-02-06 12:30:00-05:00,373.07000732421875,374.2099914550781,369.4599914550781,370.7699890136719,14750,0.0,0.0
2023-02-06 13:30:00-05:00,370.5,371.3999938964844,369.5,370.5199890136719,26236,0.0,0.0
2023-02-06 14:30:00-05:00,371.04998779296875,371.4200134277344,369.20001220703125,370.489990234375,37297,0.0,0.0
2023-02-06 15:30:00-05:00,370.04998779296875,373.3399963378906,369.5899963378906,373.3399963378906,53990,0.0,0.0
2023-02-07 09:30:00-05:00,370.9700012207031,372.5899963378906,366.6700134277344,370.3399963378906,60778,0.0,0.0
2023-02-07 10:30:00-05:00,370.20001220703125,373.6600036621094,370.05999755859375,372.0,34907,0.0,0.0
2023-02-07 11:30:00-05:00,372.6600036621094,372.9100036621094,369.239990234375,372.0299987792969,15149,0.0,0.0
2023-02-07 12:30:00-05:00,371.05999755859375,377.4700012207031,371.05999755859375,374.3500061035156,19500,0.0,0.0
2023-02-07 13:30:00-05:00,374.3500061035156,376.4100036621094,373.4599914550781,375.2349853515625,19925,0.0,0.0
2023-02-07 14:30:00-05:00,375.3699951171875,378.6400146484375,375.3699951171875,378.6400146484375,9037,0.0,0.0
2023-02-07 15:30:00-05:00,378.29998779296875,380.69000244140625,378.2099914550781,379.3599853515625,45293,0.0,0.0
2023-02-08 09:30:00-05:00,378.1700134277344,378.45001220703125,376.6400146484375,377.0899963378906,23945,0.0,0.0
2023-02-08 10:30:00-05:00,376.94000244140625,378.19000244140625,375.18499755859375,377.69000244140625,18626,0.0,0.0
2023-02-08 11:30:00-05:00,377.8299865722656,379.114990234375,376.3800048828125,376.3800048828125,10138,0.0,0.0
2023-02-08 12:30:00-05:00,376.2900085449219,376.6400146484375,375.125,376.2900085449219,32204,0.0,0.0
2023-02-08 13:30:00-05:00,375.9100036621094,378.4100036621094,375.510009765625,378.0174865722656,38738,0.0,0.0
2023-02-08 14:30:00-05:00,377.760009765625,378.44500732421875,372.1000061035156,372.1000061035156,61028,0.0,0.0
2023-02-08 15:30:00-05:00,371.5299987792969,373.19000244140625,370.0,372.0799865722656,33945,0.0,0.0
2023-02-09 09:30:00-05:00,375.1700134277344,377.760009765625,374.0,377.0799865722656,15574,0.0,0.0
2023-02-09 10:30:00-05:00,377.0,379.5,376.92999267578125,378.4800109863281,23788,0.0,0.0
2023-02-09 11:30:00-05:00,378.04998779296875,378.04998779296875,376.239990234375,378.04998779296875,7918,0.0,0.0
2023-02-09 12:30:00-05:00,378.54998779296875,378.54998779296875,374.3299865722656,374.510009765625,6013,0.0,0.0
2023-02-09 13:30:00-05:00,374.5150146484375,375.0,372.510009765625,372.510009765625,11298,0.0,0.0
2023-02-09 14:30:00-05:00,372.1300048828125,373.4599914550781,371.7099914550781,372.635009765625,16259,0.0,0.0
2023-02-09 15:30:00-05:00,372.8800048828125,374.0299987792969,372.010009765625,373.5400085449219,30558,0.0,0.0
2023-02-10 09:30:00-05:00,373.3299865722656,376.1600036621094,372.42999267578125,375.6600036621094,38926,0.0,0.0
2023-02-10 10:30:00-05:00,375.7300109863281,375.7300109863281,372.4100036621094,372.9649963378906,12801,0.0,0.0
2023-02-10 11:30:00-05:00,373.05999755859375,373.3800048828125,371.82000732421875,373.20001220703125,9907,0.0,0.0
2023-02-10 12:30:00-05:00,373.0799865722656,374.1099853515625,372.17999267578125,373.32000732421875,5831,0.0,0.0
2023-02-10 13:30:00-05:00,372.92999267578125,373.2799987792969,371.82000732421875,372.4700012207031,7260,0.0,0.0
2023-02-10 14:30:00-05:00,372.760009765625,373.8299865722656,371.8949890136719,372.8599853515625,15269,0.0,0.0
2023-02-10 15:30:00-05:00,372.80499267578125,373.0199890136719,371.635009765625,371.989990234375,45965,0.0,0.0
2023-02-13 09:30:00-05:00,372.3900146484375,375.010009765625,372.32000732421875,374.1400146484375,9942,0.0,0.0
2023-02-13 10:30:00-05:00,374.5400085449219,375.0799865722656,373.4800109863281,374.82000732421875,12078,0.0,0.0
2023-02-13 11:30:00-05:00,373.80999755859375,376.1199951171875,372.7200012207031,373.2900085449219,17516,0.0,0.0
2023-02-13 12:30:00-05:00,374.4800109863281,376.4150085449219,373.58160400390625,376.4150085449219,5459,0.0,0.0
2023-02-13 13:30:00-05:00,377.489990234375,377.5450134277344,376.1000061035156,376.1000061035156,6310,0.0,0.0
2023-02-13 14:30:00-05:00,375.989990234375,376.42999267578125,375.0299987792969,376.2300109863281,10112,0.0,0.0
2023-02-13 15:30:00-05:00,376.1199951171875,376.29998779296875,373.4200134277344,374.45001220703125,25510,0.0,0.0
2023-02-14 09:30:00-05:00,373.8599853515625,378.1449890136719,373.1400146484375,376.45001220703125,13891,0.0,0.0
2023-02-14 10:30:00-05:00,376.0,376.2799987792969,374.2099914550781,375.2550048828125,8469,0.0,0.0
2023-02-14 11:30:00-05:00,373.8999938964844,375.4100036621094,372.8599853515625,375.4100036621094,10404,0.0,0.0
2023-02-14 12:30:00-05:00,375.29998779296875,378.2099914550781,374.6000061035156,376.3399963378906,8161,0.0,0.0
2023-02-14 13:30:00-05:00,376.5799865722656,376.70001220703125,375.5199890136719,376.57501220703125,9068,0.0,0.0
2023-02-14 14:30:00-05:00,376.7900085449219,378.0299987792969,375.92498779296875,376.4649963378906,12840,0.0,0.0
2023-02-14 15:30:00-05:00,376.25,376.989990234375,375.5799865722656,375.5799865722656,22096,0.0,0.0
2023-02-15 09:30:00-05:00,375.7799987792969,377.2349853515625,374.57000732421875,376.6400146484375,18728,0.0,0.0
2023-02-15 10:30:00-05:00,375.8399963378906,376.0799865722656,374.54998779296875,375.239990234375,8943,0.0,0.0
2023-02-15 11:30:00-05:00,374.95001220703125,375.05499267578125,371.0299987792969,371.1099853515625,9694,0.0,0.0
2023-02-15 12:30:00-05:00,371.0350036621094,373.239990234375,370.70001220703125,373.06500244140625,15576,0.0,0.0
2023-02-15 13:30:00-05:00,373.0450134277344,373.3599853515625,372.06500244140625,373.1000061035156,15346,0.0,0.0
2023-02-15 14:30:00-05:00,373.2699890136719,376.3299865722656,373.2699890136719,375.92999267578125,19563,0.0,0.0
2023-02-15 15:30:00-05:00,375.92999267578125,376.6000061035156,375.4150085449219,375.6199951171875,17172,0.0,0.0
2023-02-16 09:30:00-05:00,368.54998779296875,370.89990234375,367.4200134277344,370.0,63430,0.0,0.0
2023-02-16 10:30:00-05:00,369.0799865722656,370.29998779296875,368.3800048828125,370.2200012207031,48620,0.0,0.0
2023-02-16 11:30:00-05:00,369.9599914550781,372.69000244140625,369.8999938964844,372.55499267578125,15148,0.0,0.0
2023-02-16 12:30:00-05:00,373.0,373.1050109863281,369.8900146484375,370.1600036621094,31775,0.0,0.0
2023-02-16 13:30:00-05:00,369.8599853515625,372.70001220703125,369.8599853515625,371.29998779296875,11157,0.0,0.0
2023-02-16 14:30:00-05:00,371.82000732421875,372.9100036621094,369.5249938964844,369.5249938964844,24317,0.0,0.0
2023-02-16 15:30:00-05:00,369.75,370.42999267578125,368.5199890136719,369.07000732421875,41316,0.0,0.0
2023-02-17 09:30:00-05:00,366.2699890136719,368.510009765625,362.8500061035156,368.19500732421875,49386,0.0,0.0
2023-02-17 10:30:00-05:00,368.510009765625,370.0400085449219,367.0899963378906,368.79998779296875,27418,0.0,0.0
2023-02-17 11:30:00-05:00,369.1499938964844,369.6499938964844,367.75,368.19000244140625,21839,0.0,0.0
2023-02-17 12:30:00-05:00,368.19000244140625,369.0,367.6600036621094,369.0,14764,0.0,0.0
2023-02-17 13:30:00-05:00,369.1000061035156,370.94000244140625,369.1000061035156,370.94000244140625,17838,0.0,0.0
2023-02-17 14:30:00-05:00,370.6600036621094,372.1700134277344,369.760009765625,369.760009765625,18682,0.0,0.0
2023-02-17 15:30:00-05:00,369.760009765625,372.4750061035156,369.760009765625,371.8900146484375,50170,0.0,0.0
2023-02-21 09:30:00-05:00,371.4800109863281,372.5199890136719,368.6700134277344,369.80999755859375,18864,0.0,0.0
2023-02-21 10:30:00-05:00,369.8299865722656,370.82000732421875,369.8299865722656,370.0299987792969,7646,0.0,0.0
2023-02-21 11:30:00-05:00,369.45001220703125,370.1600036621094,369.135009765625,369.2200012207031,4824,0.0,0.0
2023-02-21 12:30:00-05:00,369.19000244140625,369.2300109863281,366.57000732421875,366.57000732421875,8258,0.0,0.0
2023-02-21 13:30:00-05:00,366.57000732421875,366.7699890136719,365.364990234375,365.364990234375,15244,0.0,0.0
2023-02-21 14:30:00-05:00,365.8800048828125,367.3900146484375,365.04998779296875,367.07000732421875,16806,0.0,0.0
2023-02-21 15:30:00-05:00,367.6600036621094,367.6600036621094,366.1099853515625,366.1099853515625,18233,0.0,0.0
2023-02-22 09:30:00-05:00,369.1099853515625,369.1099853515625,364.75,366.6400146484375,22085,0.0,0.0
2023-02-22 10:30:00-05:00,365.42999267578125,366.3800048828125,364.6099853515625,365.2200012207031,14028,0.0,0.0
2023-02-22 11:30:00-05:00,365.25,365.3800048828125,364.44000244140625,365.3800048828125,15281,0.0,0.0
2023-02-22 12:30:00-05:00,365.0,368.0,365.0,368.0,5788,0.0,0.0
2023-02-22 13:30:00-05:00,368.260009765625,368.8399963378906,367.1549987792969,367.25,5484,0.0,0.0
2023-02-22 14:30:00-05:00,366.20001220703125,366.6199951171875,365.2200012207031,365.9150085449219,8306,0.0,0.0
2023-02-22 15:30:00-05:00,365.7799987792969,366.6050109863281,365.1700134277344,366.5199890136719,25447,0.0,0.0
2023-02-23 09:30:00-05:00,368.8900146484375,370.510009765625,367.1300048828125,369.57000732421875,9941,0.0,0.0
2023-02-23 10:30:00-05:00,369.54998779296875,369.54998779296875,367.1600036621094,368.1700134277344,11631,0.0,0.0
2023-02-23 11:30:00-05:00,368.3949890136719,368.3949890136719,366.7200012207031,366.7200012207031,7467,0.0,0.0
2023-02-23 12:30:00-05:00,367.1000061035156,367.4700012207031,366.20001220703125,366.20001220703125,3216,0.0,0.0
2023-02-23 13:30:00-05:00,365.94000244140625,367.3800048828125,365.93499755859375,367.3800048828125,5944,0.0,0.0
2023-02-23 14:30:00-05:00,367.57000732421875,368.6400146484375,367.57000732421875,368.4700012207031,7795,0.0,0.0
2023-02-23 15:30:00-05:00,368.989990234375,369.0,367.4750061035156,367.7699890136719,17749,0.0,0.0
2023-02-24 09:30:00-05:00,362.7099914550781,365.1600036621094,362.3900146484375,364.6099853515625,28812,0.0,0.0
2023-02-24 10:30:00-05:00,364.79998779296875,365.8299865722656,364.3399963378906,365.8299865722656,18434,0.0,0.0
2023-02-24 11:30:00-05:00,366.6000061035156,367.31500244140625,365.17999267578125,365.2349853515625,16785,0.0,0.0
2023-02-24 12:30:00-05:00,365.9750061035156,365.9750061035156,364.2900085449219,365.739990234375,12323,0.0,0.0
2023-02-24 13:30:00-05:00,365.42498779296875,367.5899963378906,365.4200134277344,367.5899963378906,12817,0.0,0.0
2023-02-24 14:30:00-05:00,367.45001220703125,367.9100036621094,366.2950134277344,367.1300048828125,13210,0.0,0.0
2023-02-24 15:30:00-05:00,366.635009765625,367.1400146484375,365.2699890136719,366.4649963378906,53087,0.0,0.0
2023-02-27 09:30:00-05:00,368.5799865722656,370.4530029296875,367.67999267578125,368.5849914550781,14753,0.0,0.0
2023-02-27 10:30:00-05:00,369.05999755859375,369.05999755859375,366.9200134277344,368.3599853515625,16351,0.0,0.0
2023-02-27 11:30:00-05:00,368.1300048828125,371.67999267578125,366.44000244140625,371.1199951171875,30132,0.0,0.0
2023-02-27 12:30:00-05:00,371.0,373.44000244140625,370.9825134277344,372.05999755859375,11733,0.0,0.0
2023-02-27 13:30:00-05:00,371.375,372.3399963378906,370.80999755859375,371.8500061035156,7942,0.0,0.0
2023-02-27 14:30:00-05:00,371.5799865722656,372.17999267578125,370.67498779296875,370.67498779296875,10428,0.0,0.0
2023-02-27 15:30:00-05:00,370.80499267578125,371.239990234375,369.9100036621094,370.0,32771,0.0,0.0
2023-02-28 09:30:00-05:00,364.0299987792969,367.5899963378906,363.5,365.7799987792969,32957,0.0,0.0
2023-02-28 10:30:00-05:00,366.2799987792969,366.2799987792969,363.3599853515625,363.7300109863281,31341,0.0,0.0
2023-02-28 11:30:00-05:00,363.739990234375,366.29998779296875,363.0249938964844,365.9649963378906,22586,0.0,0.0
2023-02-28 12:30:00-05:00,366.75,366.75,364.79998779296875,365.364990234375,19266,0.0,0.0
2023-02-28 13:30:00-05:00,365.489990234375,366.8900146484375,365.4049987792969,365.9549865722656,20454,0.0,0.0
2023-02-28 14:30:00-05:00,365.885009765625,368.67999267578125,365.885009765625,368.05499267578125,40207,0.0,0.0
2023-02-28 15:30:00-05:00,367.79998779296875,367.81500244140625,365.19000244140625,365.94000244140625,66623,0.0,0.0
2023-03-01 09:30:00-05:00,369.55999755859375,373.75,368.0450134277344,372.614990234375,51255,0.0,0.0
2023-03-01 10:30:00-05:00,372.75,373.04998779296875,370.25,371.3399963378906,33755,0.0,0.0
2023-03-01 11:30:00-05:00,371.2349853515625,374.0,371.20001220703125,372.2699890136719,23813,0.0,0.0
2023-03-01 12:30:00-05:00,372.29998779296875,372.93499755859375,369.9599914550781,371.510009765625,28463,0.0,0.0
2023-03-01 13:30:00-05:00,371.2950134277344,372.2349853515625,370.5299987792969,371.19000244140625,18378,0.0,0.0
2023-03-01 14:30:00-05:00,370.9049987792969,371.5299987792969,368.45001220703125,368.4649963378906,32835,0.0,0.0
2023-03-01 15:30:00-05:00,368.5799865722656,369.29998779296875,368.30999755859375,368.3500061035156,67785,0.0,0.0
2023-03-02 09:30:00-05:00,355.8999938964844,356.0199890136719,340.1000061035156,344.9100036621094,285120,0.0,0.0
2023-03-02 10:30:00-05:00,344.8399963378906,350.20001220703125,341.6549987792969,346.0299987792969,206690,0.0,0.0
2023-03-02 11:30:00-05:00,345.19500732421875,347.7799987792969,344.0,345.8900146484375,80538,0.0,0.0
2023-03-02 12:30:00-05:00,345.8500061035156,350.8800048828125,340.0899963378906,341.67999267578125,162762,0.0,0.0
2023-03-02 13:30:00-05:00,341.69000244140625,344.2099914550781,340.0199890136719,341.70001220703125,101457,0.0,0.0
2023-03-02 14:30:00-05:00,341.93499755859375,342.7699890136719,340.2200012207031,340.489990234375,86723,0.0,0.0
2023-03-02 15:30:00-05:00,340.8999938964844,346.32000732421875,340.510009765625,345.45001220703125,109488,0.0,0.0
2023-03-03 09:30:00-05:00,348.2699890136719,350.7950134277344,347.5400085449219,349.135009765625,87458,0.0,0.0
2023-03-03 10:30:00-05:00,349.1099853515625,349.70001220703125,345.8299865722656,345.8299865722656,55864,0.0,0.0
2023-03-03 11:30:00-05:00,345.9150085449219,345.9150085449219,342.0299987792969,344.1549987792969,61384,0.0,0.0
2023-03-03 12:30:00-05:00,344.385009765625,345.6300048828125,342.989990234375,345.6300048828125,58375,0.0,0.0
2023-03-03 13:30:00-05:00,346.2699890136719,348.9800109863281,344.81500244140625,347.0400085449219,89122,0.0,0.0
2023-03-03 14:30:00-05:00,347.2699890136719,348.260009765625,346.5950012207031,347.6700134277344,64638,0.0,0.0
2023-03-03 15:30:00-05:00,347.5799865722656,347.92498779296875,346.3299865722656,347.0199890136719,72310,0.0,0.0
2023-03-06 09:30:00-05:00,346.6499938964844,347.05999755859375,343.7300109863281,344.5199890136719,16290,0.0,0.0
2023-03-06 10:30:00-05:00,344.19500732421875,344.7799987792969,342.1099853515625,342.43499755859375,72537,0.0,0.0
2023-03-06 11:30:00-05:00,342.29998779296875,344.1000061035156,342.1499938964844,344.1000061035156,28674,0.0,0.0
2023-03-06 12:30:00-05:00,344.79998779296875,345.3699951171875,344.489990234375,344.80999755859375,11690,0.0,0.0
2023-03-06 13:30:00-05:00,344.5450134277344,344.7898864746094,340.92999267578125,341.69000244140625,25555,0.0,0.0
2023-03-06 14:30:00-05:00,341.7300109863281,342.7099914550781,340.3299865722656,340.3500061035156,38393,0.0,0.0
2023-03-06 15:30:00-05:00,340.2850036621094,343.0,340.1400146484375,342.05999755859375,47647,0.0,0.0
2023-03-07 09:30:00-05:00,342.1600036621094,343.3299865722656,339.7074890136719,340.3299865722656,33855,0.0,0.0
2023-03-07 10:30:00-05:00,340.8299865722656,341.3500061035156,339.7349853515625,340.0299987792969,24188,0.0,0.0
2023-03-07 11:30:00-05:00,339.7799987792969,341.3450012207031,339.69000244140625,340.25,22145,0.0,0.0
2023-03-07 12:30:00-05:00,340.67999267578125,341.30999755859375,339.75,340.0299987792969,28170,0.0,0.0
2023-03-07 13:30:00-05:00,339.9700012207031,340.29998779296875,338.3500061035156,338.5899963378906,24305,0.0,0.0
2023-03-07 14:30:00-05:00,338.6199951171875,338.8800048828125,337.55999755859375,338.2300109863281,19552,0.0,0.0
2023-03-07 15:30:00-05:00,337.9800109863281,339.5899963378906,337.6600036621094,339.2699890136719,47177,0.0,0.0
2023-03-08 09:30:00-05:00,337.05999755859375,339.0,336.0199890136719,337.0199890136719,15921,0.0,0.0
2023-03-08 10:30:00-05:00,336.94000244140625,337.7699890136719,336.4599914550781,337.7699890136719,15217,0.0,0.0
2023-03-08 11:30:00-05:00,337.5950012207031,338.7900085449219,336.05999755859375,336.2099914550781,21114,0.0,0.0
2023-03-08 12:30:00-05:00,335.1700134277344,336.8299865722656,334.7799987792969,334.7799987792969,5887,0.0,0.0
2023-03-08 13:30:00-05:00,334.6300048828125,334.6300048828125,333.32000732421875,333.9200134277344,17681,0.0,0.0
2023-03-08 14:30:00-05:00,333.9800109863281,335.1300048828125,333.07000732421875,333.57000732421875,28866,0.0,0.0
2023-03-08 15:30:00-05:00,333.739990234375,334.6449890136719,333.7349853515625,334.1000061035156,57959,0.0,0.0
2023-03-09 09:30:00-05:00,335.8800048828125,336.1300048828125,333.5400085449219,335.2749938964844,79338,0.0,0.0
2023-03-09 10:30:00-05:00,335.260009765625,341.8900146484375,335.1700134277344,341.760009765625,74946,0.0,0.0
2023-03-09 11:30:00-05:00,341.79998779296875,344.8699951171875,341.3349914550781,344.4800109863281,21812,0.0,0.0
2023-03-09 12:30:00-05:00,344.8800048828125,347.17999267578125,343.54998779296875,344.56500244140625,26399,0.0,0.0
2023-03-09 13:30:00-05:00,344.3699951171875,347.69500732421875,344.0,344.4750061035156,41206,0.0,0.0
2023-03-09 14:30:00-05:00,344.54998779296875,345.7900085449219,342.125,342.260009765625,51975,0.0,0.0
2023-03-09 15:30:00-05:00,341.9750061035156,343.04998779296875,341.3999938964844,341.5,56489,0.0,0.0
2023-03-10 09:30:00-05:00,342.0199890136719,349.0,341.9700012207031,347.7200012207031,74010,0.0,0.0
2023-03-10 10:30:00-05:00,347.6600036621094,348.260009765625,344.20001220703125,344.82000732421875,45017,0.0,0.0
2023-03-10 11:30:00-05:00,345.2200012207031,345.2200012207031,340.20001220703125,340.3800048828125,10093,0.0,0.0
2023-03-10 12:30:00-05:00,340.5199890136719,341.510009765625,339.44000244140625,339.45001220703125,26124,0.0,0.0
2023-03-10 13:30:00-05:00,339.80999755859375,340.42999267578125,338.5199890136719,339.1675109863281,20018,0.0,0.0
2023-03-10 14:30:00-05:00,340.1099853515625,341.9700012207031,338.6050109863281,338.82501220703125,27492,0.0,0.0
2023-03-10 15:30:00-05:00,338.82501220703125,341.30999755859375,337.5,341.29998779296875,75916,0.0,0.0
2023-03-13 09:30:00-04:00,339.1099853515625,352.19500732421875,339.1099853515625,350.8599853515625,87199,0.0,0.0
2023-03-13 10:30:00-04:00,350.6000061035156,354.67498779296875,348.5899963378906,351.1400146484375,45901,0.0,0.0
2023-03-13 11:30:00-04:00,350.80999755859375,353.1000061035156,349.1199951171875,350.1700134277344,29870,0.0,0.0
2023-03-13 12:30:00-04:00,350.0,351.4700012207031,348.5899963378906,350.9800109863281,16759,0.0,0.0
2023-03-13 13:30:00-04:00,351.05999755859375,354.2099914550781,350.6099853515625,353.260009765625,56932,0.0,0.0
2023-03-13 14:30:00-04:00,352.7650146484375,354.4200134277344,350.9800109863281,353.5,96914,0.0,0.0
2023-03-13 15:30:00-04:00,353.05499267578125,356.5899963378906,352.3999938964844,352.3999938964844,107520,0.0,0.0
2023-03-14 09:30:00-04:00,356.3299865722656,357.4100036621094,353.2900085449219,355.6400146484375,39674,0.0,0.0
2023-03-14 10:30:00-04:00,355.7099914550781,355.7099914550781,354.489990234375,355.42999267578125,14818,0.0,0.0
2023-03-14 11:30:00-04:00,355.45001220703125,355.6700134277344,353.70001220703125,355.1000061035156,14398,0.0,0.0
2023-03-14 12:30:00-04:00,355.0299987792969,356.04998779296875,354.0299987792969,355.7650146484375,23663,0.0,0.0
2023-03-14 13:30:00-04:00,355.4800109863281,356.3999938964844,354.97198486328125,356.3999938964844,22977,0.0,0.0
2023-03-14 14:30:00-04:00,356.239990234375,358.0,356.19000244140625,357.5400085449219,28126,0.0,0.0
2023-03-14 15:30:00-04:00,357.75,358.32000732421875,356.82000732421875,357.70001220703125,50728,0.0,0.0
2023-03-15 09:30:00-04:00,352.0199890136719,356.5299987792969,351.3699951171875,351.8599853515625,28989,0.0,0.0
2023-03-15 10:30:00-04:00,352.1199951171875,354.2799987792969,351.32000732421875,354.2799987792969,20462,0.0,0.0
2023-03-15 11:30:00-04:00,353.63751220703125,354.32000732421875,352.68499755859375,353.94000244140625,10954,0.0,0.0
2023-03-15 12:30:00-04:00,354.32000732421875,356.3699951171875,353.8161926269531,355.8999938964844,5973,0.0,0.0
2023-03-15 13:30:00-04:00,355.6499938964844,358.2550048828125,355.3500061035156,358.2550048828125,8543,0.0,0.0
2023-03-15 14:30:00-04:00,358.2550048828125,358.2550048828125,355.80999755859375,357.1099853515625,30327,0.0,0.0
2023-03-15 15:30:00-04:00,356.7300109863281,357.0899963378906,355.04998779296875,356.6199951171875,50063,0.0,0.0
2023-03-16 09:30:00-04:00,356.45001220703125,356.45001220703125,353.3699951171875,355.8900146484375,22873,0.0,0.0
2023-03-16 10:30:00-04:00,356.6499938964844,357.6099853515625,356.32000732421875,357.2099914550781,16345,0.0,0.0
2023-03-16 11:30:00-04:00,357.1400146484375,359.7900085449219,356.6300048828125,359.30999755859375,19609,0.0,0.0
2023-03-16 12:30:00-04:00,359.5,361.510009765625,359.3999938964844,359.3999938964844,17689,0.0,0.0
2023-03-16 13:30:00-04:00,359.3999938964844,359.9700012207031,358.8500061035156,358.8500061035156,14551,0.0,0.0
2023-03-16 14:30:00-04:00,358.9100036621094,359.7200012207031,358.7200012207031,359.0,18740,0.0,0.0
2023-03-16 15:30:00-04:00,359.3299865722656,359.3299865722656,357.8500061035156,358.4599914550781,35578,0.0,0.0
2023-03-17 09:30:00-04:00,359.4599914550781,359.510009765625,357.3999938964844,357.3999938964844,20288,0.0,0.0
2023-03-17 10:30:00-04:00,357.30999755859375,358.489990234375,356.8900146484375,357.1099853515625,15159,0.0,0.0
2023-03-17 11:30:00-04:00,357.2799987792969,359.05999755859375,356.8599853515625,359.05999755859375,13745,0.0,0.0
2023-03-17 12:30:00-04:00,359.8500061035156,361.4800109863281,359.4775085449219,359.9750061035156,21289,0.0,0.0
2023-03-17 13:30:00-04:00,360.0799865722656,360.6600036621094,358.95001220703125,359.07000732421875,16896,0.0,0.0
2023-03-17 14:30:00-04:00,359.45001220703125,360.125,359.0199890136719,359.0199890136719,23036,0.0,0.0
2023-03-17 15:30:00-04:00,359.3550109863281,359.94000244140625,358.3399963378906,359.5,39840,0.0,0.0
2023-03-20 09:30:00-04:00,361.17999267578125,362.94500732421875,359.7699890136719,361.4700012207031,29471,0.0,0.0
2023-03-20 10:30:00-04:00,362.1449890136719,362.1650085449219,361.260009765625,361.3599853515625,12343,0.0,0.0
2023-03-20 11:30:00-04:00,361.7699890136719,362.05999755859375,359.95001220703125,360.92999267578125,10238,0.0,0.0
2023-03-20 12:30:00-04:00,361.6700134277344,362.55499267578125,360.75,362.3599853515625,18809,0.0,0.0
2023-03-20 13:30:00-04:00,362.489990234375,363.6199951171875,362.489990234375,362.9949951171875,10600,0.0,0.0
2023-03-20 14:30:00-04:00,362.9574890136719,364.3500061035156,362.3399963378906,364.3500061035156,12492,0.0,0.0
2023-03-20 15:30:00-04:00,363.92498779296875,365.45001220703125,363.5,365.2300109863281,46066,0.0,0.0
2023-03-21 09:30:00-04:00,364.92999267578125,364.92999267578125,360.9049987792969,362.29998779296875,32454,0.0,0.0
2023-03-21 10:30:00-04:00,362.239990234375,362.82000732421875,360.3299865722656,360.3399963378906,15082,0.0,0.0
2023-03-21 11:30:00-04:00,360.29998779296875,360.7300109863281,358.1600036621094,359.7200012207031,26938,0.0,0.0
2023-03-21 12:30:00-04:00,359.9100036621094,360.25,357.30999755859375,357.4849853515625,11448,0.0,0.0
2023-03-21 13:30:00-04:00,356.95001220703125,356.95001220703125,355.2200012207031,355.989990234375,8563,0.0,0.0
2023-03-21 14:30:00-04:00,355.69000244140625,357.8500061035156,355.3399963378906,357.4649963378906,31591,0.0,0.0
2023-03-21 15:30:00-04:00,357.2200012207031,358.3699951171875,356.8349914550781,356.9700012207031,51764,0.0,0.0
2023-03-22 09:30:00-04:00,359.44000244140625,359.44000244140625,356.7200012207031,358.739990234375,33263,0.0,0.0
2023-03-22 10:30:00-04:00,359.0799865722656,359.2900085449219,357.8699951171875,358.1400146484375,16217,0.0,0.0
2023-03-22 11:30:00-04:00,358.2200012207031,359.67999267578125,358.1000061035156,358.989990234375,25133,0.0,0.0
2023-03-22 12:30:00-04:00,358.9800109863281,359.8299865722656,358.0950012207031,359.70001220703125,14581,0.0,0.0
2023-03-22 13:30:00-04:00,359.7349853515625,361.2850036621094,359.510009765625,360.1700134277344,40463,0.0,0.0
2023-03-22 14:30:00-04:00,360.29998779296875,361.7099914550781,358.44000244140625,360.5,30768,0.0,0.0
2023-03-22 15:30:00-04:00,359.0400085449219,359.2799987792969,357.010009765625,357.1300048828125,21793,0.0,0.0
2023-03-23 09:30:00-04:00,360.1000061035156,362.0,359.0,360.7550048828125,0,0.0,0.0
2023-03-23 10:30:00-04:00,361.43499755859375,363.5299987792969,361.3800048828125,363.375,12496,0.0,0.0
2023-03-23 11:30:00-04:00,363.4200134277344,363.4200134277344,361.760009765625,362.1400146484375,7585,0.0,0.0
2023-03-23 12:30:00-04:00,361.8500061035156,362.67999267578125,360.07000732421875,360.07000732421875,7210,0.0,0.0
2023-03-23 13:30:00-04:00,360.30999755859375,360.8800048828125,360.20001220703125,360.43499755859375,9225,0.0,0.0
2023-03-23 14:30:00-04:00,360.2699890136719,360.56500244140625,358.4100036621094,359.6199951171875,15132,0.0,0.0
2023-03-23 15:30:00-04:00,359.45001220703125,360.3800048828125,359.1600036621094,359.8299865722656,19077,0.0,0.0
2023-03-24 09:30:00-04:00,362.0199890136719,362.6000061035156,358.0,358.42999267578125,19559,0.0,0.0
2023-03-24 10:30:00-04:00,358.6050109863281,360.75,358.6050109863281,359.8999938964844,18340,0.0,0.0
2023-03-24 11:30:00-04:00,359.4800109863281,360.6199951171875,359.2049865722656,359.3900146484375,13256,0.0,0.0
2023-03-24 12:30:00-04:00,359.6499938964844,360.1600036621094,358.19000244140625,358.6099853515625,9482,0.0,0.0
2023-03-24 13:30:00-04:00,358.5950012207031,360.2300109863281,358.2950134277344,359.7650146484375,6302,0.0,0.0
2023-03-24 14:30:00-04:00,359.7749938964844,361.5299987792969,359.1300048828125,361.5299987792969,24961,0.0,0.0
2023-03-24 15:30:00-04:00,361.5350036621094,361.6099853515625,359.5400085449219,360.55999755859375,28765,0.0,0.0
2023-03-27 09:30:00-04:00,360.70001220703125,362.5350036621094,359.55999755859375,360.760009765625,20431,0.0,0.0
2023-03-27 10:30:00-04:00,360.7200012207031,361.1499938964844,358.5199890136719,359.8299865722656,43205,0.0,0.0
2023-03-27 11:30:00-04:00,360.0899963378906,360.0899963378906,358.6650085449219,359.5799865722656,12872,0.0,0.0
2023-03-27 12:30:00-04:00,359.5899963378906,361.3450012207031,359.3900146484375,361.2200012207031,12859,0.0,0.0
2023-03-27 13:30:00-04:00,361.1650085449219,362.8999938964844,361.04998779296875,362.8999938964844,14750,0.0,0.0
2023-03-27 14:30:00-04:00,362.79998779296875,363.1400146484375,361.3399963378906,361.82000732421875,34100,0.0,0.0
2023-03-27 15:30:00-04:00,361.9599914550781,363.5799865722656,361.0400085449219,361.95001220703125,38010,0.0,0.0
2023-03-28 09:30:00-04:00,362.8999938964844,365.57000732421875,362.8599853515625,364.1499938964844,24903,0.0,0.0
2023-03-28 10:30:00-04:00,364.1400146484375,366.239990234375,363.9949951171875,366.239990234375,21903,0.0,0.0
2023-03-28 11:30:00-04:00,366.2200012207031,367.0050048828125,365.54998779296875,366.82000732421875,14755,0.0,0.0
2023-03-28 12:30:00-04:00,367.0768127441406,367.6400146484375,367.0299987792969,367.57000732421875,12131,0.0,0.0
2023-03-28 13:30:00-04:00,367.80999755859375,367.80999755859375,365.1600036621094,366.30499267578125,43662,0.0,0.0
2023-03-28 14:30:00-04:00,366.32501220703125,366.82000732421875,365.9100036621094,366.0299987792969,25108,0.0,0.0
2023-03-28 15:30:00-04:00,366.2099914550781,367.92999267578125,365.510009765625,366.5799865722656,57966,0.0,0.0
2023-03-29 09:30:00-04:00,366.95001220703125,374.0,366.5199890136719,372.3299865722656,64791,0.0,0.0
2023-03-29 10:30:00-04:00,372.2950134277344,375.1600036621094,372.2449951171875,373.5899963378906,82938,0.0,0.0
2023-03-29 11:30:00-04:00,373.5899963378906,374.6759948730469,373.510009765625,374.19000244140625,29530,0.0,0.0
2023-03-29 12:30:00-04:00,374.4200134277344,374.48748779296875,373.32501220703125,373.6199951171875,24082,0.0,0.0
2023-03-29 13:30:00-04:00,373.6099853515625,375.6300048828125,373.6099853515625,375.1549987792969,16716,0.0,0.0
2023-03-29 14:30:00-04:00,375.6499938964844,376.239990234375,373.44000244140625,373.7950134277344,31873,0.0,0.0
2023-03-29 15:30:00-04:00,373.8450012207031,377.1600036621094,373.6300048828125,376.67999267578125,68404,0.0,0.0
2023-03-30 09:30:00-04:00,371.92999267578125,374.4599914550781,370.92999267578125,374.2699890136719,59989,0.0,0.0
2023-03-30 10:30:00-04:00,374.3699951171875,374.3699951171875,372.31500244140625,373.7099914550781,15204,0.0,0.0
2023-03-30 11:30:00-04:00,372.7300109863281,373.3599853515625,371.8599853515625,372.8299865722656,21789,0.0,0.0
2023-03-30 12:30:00-04:00,372.32000732421875,372.32000732421875,370.8800048828125,371.6099853515625,9092,0.0,0.0
2023-03-30 13:30:00-04:00,372.1000061035156,374.07501220703125,371.7850036621094,373.95001220703125,9907,0.0,0.0
2023-03-30 14:30:00-04:00,373.8450012207031,374.4700012207031,372.2349853515625,372.2349853515625,24601,0.0,0.0
2023-03-30 15:30:00-04:00,372.0150146484375,372.42999267578125,369.5299987792969,369.67999267578125,33887,0.0,0.0
2023-03-31 09:30:00-04:00,371.17999267578125,372.30999755859375,370.3900146484375,372.30999755859375,17555,0.0,0.0
2023-03-31 10:30:00-04:00,372.6000061035156,372.6000061035156,370.42498779296875,370.7200012207031,12662,0.0,0.0
2023-03-31 11:30:00-04:00,370.0899963378906,372.010009765625,370.0,371.75,13453,0.0,0.0
2023-03-31 12:30:00-04:00,371.42999267578125,371.42999267578125,369.2099914550781,369.6400146484375,26834,0.0,0.0
2023-03-31 13:30:00-04:00,369.1400146484375,371.57000732421875,368.32000732421875,371.3800048828125,30287,0.0,0.0
2023-03-31 14:30:00-04:00,371.5299987792969,372.2699890136719,370.7099914550781,372.0199890136719,14886,0.0,0.0
2023-03-31 15:30:00-04:00,372.0799865722656,372.5,371.19500732421875,372.30999755859375,33666,0.0,0.0
2023-04-03 09:30:00-04:00,366.1099853515625,366.7200012207031,363.010009765625,365.75,38582,0.0,0.0
2023-04-03 10:30:00-04:00,364.7900085449219,364.9800109863281,362.0199890136719,362.42498779296875,29021,0.0,0.0
2023-04-03 11:30:00-04:00,362.0799865722656,363.5199890136719,361.07000732421875,361.0849914550781,16148,0.0,0.0
2023-04-03 12:30:00-04:00,361.0,362.07000732421875,360.8500061035156,360.989990234375,10739,0.0,0.0
2023-04-03 13:30:00-04:00,361.2099914550781,361.80999755859375,359.17999267578125,359.17999267578125,21686,0.0,0.0
2023-04-03 14:30:00-04:00,359.3599853515625,360.17999267578125,358.7349853515625,360.0299987792969,32483,0.0,0.0
2023-04-03 15:30:00-04:00,360.2690124511719,360.7300109863281,358.8599853515625,360.1499938964844,61222,0.0,0.0
2023-04-04 09:30:00-04:00,361.3900146484375,366.19000244140625,361.3900146484375,365.5799865722656,49844,0.0,0.0
2023-04-04 10:30:00-04:00,365.29998779296875,365.4200134277344,362.29998779296875,363.2699890136719,19280,0.0,0.0
2023-04-04 11:30:00-04:00,363.6098937988281,365.1000061035156,363.1000061035156,364.4700012207031,7960,0.0,0.0
2023-04-04 12:30:00-04:00,364.79998779296875,366.30999755859375,364.4599914550781,366.04998779296875,22308,0.0,0.0
2023-04-04 13:30:00-04:00,366.0799865722656,366.0799865722656,364.739990234375,364.739990234375,8799,0.0,0.0
2023-04-04 14:30:00-04:00,364.385009765625,365.7900085449219,364.385009765625,365.5150146484375,14332,0.0,0.0
2023-04-04 15:30:00-04:00,365.79998779296875,367.54998779296875,365.3900146484375,367.4599914550781,46116,0.0,0.0
2023-04-05 09:30:00-04:00,376.1300048828125,377.45001220703125,374.70001220703125,375.9599914550781,30825,0.0,0.0
2023-04-05 10:30:00-04:00,376.0,376.260009765625,373.989990234375,374.32000732421875,34075,0.0,0.0
2023-04-05 11:30:00-04:00,374.25,375.9599914550781,374.2200012207031,374.2200012207031,24201,0.0,0.0
2023-04-05 12:30:00-04:00,374.3599853515625,374.5899963378906,372.9700012207031,373.6099853515625,8149,0.0,0.0
2023-04-05 13:30:00-04:00,373.6600036621094,374.42999267578125,373.44500732421875,373.4649963378906,8168,0.0,0.0
2023-04-05 14:30:00-04:00,373.57000732421875,375.125,373.57000732421875,374.8800048828125,12336,0.0,0.0
2023-04-05 15:30:00-04:00,375.1499938964844,375.1499938964844,372.7300109863281,373.17999267578125,80630,0.0,0.0
2023-04-06 09:30:00-04:00,375.67999267578125,381.8299865722656,375.67999267578125,381.4700012207031,55128,0.0,0.0
2023-04-06 10:30:00-04:00,381.70001220703125,384.7900085449219,381.510009765625,383.510009765625,33643,0.0,0.0
2023-04-06 11:30:00-04:00,383.6000061035156,387.510009765625,382.2099914550781,386.2900085449219,56299,0.0,0.0
2023-04-06 12:30:00-04:00,386.37640380859375,387.0,385.0,385.0,23078,0.0,0.0
2023-04-06 13:30:00-04:00,385.1000061035156,386.260009765625,385.010009765625,386.1600036621094,27754,0.0,0.0
2023-04-06 14:30:00-04:00,386.1600036621094,389.0,386.1600036621094,388.9700012207031,46886,0.0,0.0
2023-04-06 15:30:00-04:00,389.6499938964844,389.6499938964844,387.3599853515625,387.3599853515625,57728,0.0,0.0
2023-04-10 09:30:00-04:00,385.3999938964844,385.3999938964844,376.1099853515625,377.5899963378906,24324,0.0,0.0
2023-04-10 10:30:00-04:00,377.7699890136719,379.739990234375,377.6300048828125,379.739990234375,12652,0.0,0.0
2023-04-10 11:30:00-04:00,380.2699890136719,381.6000061035156,378.6499938964844,378.7799987792969,10102,0.0,0.0
2023-04-10 12:30:00-04:00,379.0,379.6600036621094,377.8599853515625,377.95001220703125,24850,0.0,0.0
2023-04-10 13:30:00-04:00,377.9100036621094,379.364990234375,377.9100036621094,378.489990234375,12748,0.0,0.0
2023-04-10 14:30:00-04:00,378.4800109863281,378.4949951171875,376.94000244140625,377.6700134277344,21764,0.0,0.0
2023-04-10 15:30:00-04:00,377.6400146484375,379.2099914550781,377.4100036621094,377.739990234375,56525,0.0,0.0
2023-04-11 09:30:00-04:00,380.3900146484375,383.4800109863281,379.8800048828125,380.0,37379,0.0,0.0
2023-04-11 10:30:00-04:00,379.260009765625,379.2900085449219,377.0400085449219,377.30499267578125,16460,0.0,0.0
2023-04-11 11:30:00-04:00,376.9100036621094,377.7300109863281,375.44000244140625,376.5,17971,0.0,0.0
2023-04-11 12:30:00-04:00,376.70001220703125,376.70001220703125,374.6300048828125,375.8800048828125,16299,0.0,0.0
2023-04-11 13:30:00-04:00,375.69000244140625,376.2300109863281,375.0849914550781,376.2300109863281,13221,0.0,0.0
2023-04-11 14:30:00-04:00,376.260009765625,376.5450134277344,375.5899963378906,376.0,20361,0.0,0.0
2023-04-11 15:30:00-04:00,376.4700012207031,376.4700012207031,374.0,374.7900085449219,37433,0.0,0.0
2023-04-12 09:30:00-04:00,379.5199890136719,380.7099914550781,376.30999755859375,377.1199951171875,30913,0.0,0.0
2023-04-12 10:30:00-04:00,376.8450012207031,376.8450012207031,374.75,376.79998779296875,44113,0.0,0.0
2023-04-12 11:30:00-04:00,377.135009765625,380.0,375.3999938964844,379.1000061035156,32745,0.0,0.0
2023-04-12 12:30:00-04:00,379.0,379.57501220703125,378.29998779296875,379.43499755859375,8585,0.0,0.0
2023-04-12 13:30:00-04:00,379.1300048828125,381.2049865722656,379.1300048828125,380.5,23724,0.0,0.0
2023-04-12 14:30:00-04:00,380.0,380.70001220703125,378.0,380.70001220703125,38684,0.0,0.0
2023-04-12 15:30:00-04:00,381.0150146484375,381.3599853515625,379.5199890136719,379.8399963378906,68411,0.0,0.0
2023-04-13 09:30:00-04:00,382.0199890136719,385.3900146484375,381.19500732421875,384.3399963378906,29736,0.0,0.0
2023-04-13 10:30:00-04:00,384.260009765625,386.7699890136719,384.0899963378906,386.1300048828125,17294,0.0,0.0
2023-04-13 11:30:00-04:00,386.4700012207031,387.20001220703125,386.0,386.7200012207031,18049,0.0,0.0
2023-04-13 12:30:00-04:00,386.7799987792969,387.04998779296875,385.80999755859375,386.989990234375,10446,0.0,0.0
2023-04-13 13:30:00-04:00,386.7200012207031,388.70001220703125,386.7200012207031,388.5,15173,0.0,0.0
2023-04-13 14:30:00-04:00,388.0199890136719,388.4100036621094,385.45001220703125,386.7799987792969,20937,0.0,0.0
2023-04-13 15:30:00-04:00,387.3399963378906,387.57000732421875,386.0400085449219,386.4100036621094,28699,0.0,0.0
2023-04-14 09:30:00-04:00,386.7300109863281,387.1199951171875,383.739990234375,383.9700012207031,0,0.0,0.0
2023-04-14 10:30:00-04:00,384.9800109863281,384.9800109863281,381.9800109863281,382.1099853515625,10074,0.0,0.0
2023-04-14 11:30:00-04:00,381.8399963378906,381.8399963378906,377.4800109863281,377.8800048828125,17239,0.0,0.0
2023-04-14 12:30:00-04:00,377.8949890136719,380.0,377.5,378.8299865722656,15493,0.0,0.0
2023-04-14 13:30:00-04:00,378.2200012207031,379.7049865722656,378.010009765625,379.7049865722656,8322,0.0,0.0
2023-04-14 14:30:00-04:00,379.69500732421875,381.6300048828125,379.3299865722656,381.3900146484375,17592,0.0,0.0
2023-04-14 15:30:00-04:00,381.5899963378906,383.2300109863281,381.3599853515625,383.0,32020,0.0,0.0
2023-04-17 09:30:00-04:00,386.2900085449219,388.2799987792969,385.4200134277344,387.05999755859375,32755,0.0,0.0
2023-04-17 10:30:00-04:00,387.03118896484375,387.4599914550781,384.760009765625,384.760009765625,19128,0.0,0.0
2023-04-17 11:30:00-04:00,384.69000244140625,385.44000244140625,382.44000244140625,383.2900085449219,28450,0.0,0.0
2023-04-17 12:30:00-04:00,382.8399963378906,384.1499938964844,382.8399963378906,383.3800048828125,7066,0.0,0.0
2023-04-17 13:30:00-04:00,383.7749938964844,384.3190002441406,382.510009765625,382.8599853515625,25895,0.0,0.0
2023-04-17 14:30:00-04:00,383.1000061035156,384.57000732421875,382.6499938964844,383.6099853515625,49001,0.0,0.0
2023-04-17 15:30:00-04:00,384.0,385.4549865722656,383.30999755859375,383.92999267578125,50372,0.0,0.0
2023-04-18 09:30:00-04:00,378.0,378.8599853515625,374.114990234375,374.4700012207031,40511,0.0,0.0
2023-04-18 10:30:00-04:00,374.69000244140625,375.989990234375,374.3999938964844,374.79998779296875,28176,0.0,0.0
2023-04-18 11:30:00-04:00,374.5899963378906,375.5950012207031,374.260009765625,375.5950012207031,9085,0.0,0.0
2023-04-18 12:30:00-04:00,376.3699951171875,376.9100036621094,375.6099853515625,375.8999938964844,5256,0.0,0.0
2023-04-18 13:30:00-04:00,376.3800048828125,377.0,376.0,376.44000244140625,18090,0.0,0.0
2023-04-18 14:30:00-04:00,376.5899963378906,376.5899963378906,375.3599853515625,376.2200012207031,13105,0.0,0.0
2023-04-18 15:30:00-04:00,376.30999755859375,376.57000732421875,375.2250061035156,375.4800109863281,36979,0.0,0.0
2023-04-19 09:30:00-04:00,372.0,377.5199890136719,372.0,377.5199890136719,75714,0.0,0.0
2023-04-19 10:30:00-04:00,377.3800048828125,378.3500061035156,376.8299865722656,377.55499267578125,44190,0.0,0.0
2023-04-19 11:30:00-04:00,377.5950012207031,379.95001220703125,377.5950012207031,379.6700134277344,17933,0.0,0.0
2023-04-19 12:30:00-04:00,379.572509765625,381.42999267578125,379.4100036621094,381.3374938964844,29324,0.0,0.0
2023-04-19 13:30:00-04:00,381.3500061035156,385.5799865722656,381.3500061035156,385.5,44123,0.0,0.0
2023-04-19 14:30:00-04:00,385.32501220703125,385.32501220703125,381.6400146484375,382.75,50877,0.0,0.0
2023-04-19 15:30:00-04:00,383.0199890136719,383.0400085449219,381.2200012207031,382.07000732421875,53827,0.0,0.0
2023-04-20 09:30:00-04:00,379.79998779296875,381.6499938964844,378.3900146484375,380.44000244140625,20093,0.0,0.0
2023-04-20 10:30:00-04:00,380.29998779296875,381.25,379.4100036621094,379.6499938964844,19893,0.0,0.0
2023-04-20 11:30:00-04:00,380.7699890136719,381.5299987792969,380.7699890136719,381.0899963378906,3296,0.0,0.0
2023-04-20 12:30:00-04:00,381.55999755859375,383.489990234375,381.260009765625,383.489990234375,9768,0.0,0.0
2023-04-20 13:30:00-04:00,383.6199951171875,383.6199951171875,381.82000732421875,381.9049987792969,8139,0.0,0.0
2023-04-20 14:30:00-04:00,381.6000061035156,382.8900146484375,381.0899963378906,381.8399963378906,18834,0.0,0.0
2023-04-20 15:30:00-04:00,381.5299987792969,381.5299987792969,379.4049987792969,380.19000244140625,51890,0.0,0.0
2023-04-21 09:30:00-04:00,385.2300109863281,387.29998779296875,384.1600036621094,385.5400085449219,26220,0.0,0.0
2023-04-21 10:30:00-04:00,385.94000244140625,386.8500061035156,385.3900146484375,385.94000244140625,26889,0.0,0.0
2023-04-21 11:30:00-04:00,385.80999755859375,388.5400085449219,385.2099914550781,388.1600036621094,23798,0.0,0.0
2023-04-21 12:30:00-04:00,387.9200134277344,389.114990234375,387.8299865722656,389.0,9256,0.0,0.0
2023-04-21 13:30:00-04:00,388.8900146484375,389.80999755859375,388.760009765625,389.80499267578125,15813,0.0,0.0
2023-04-21 14:30:00-04:00,389.8349914550781,390.1499938964844,389.3900146484375,389.6449890136719,18163,0.0,0.0
2023-04-21 15:30:00-04:00,389.6499938964844,390.2300109863281,388.8299865722656,389.29998779296875,42186,0.0,0.0
2023-04-24 09:30:00-04:00,388.8900146484375,389.1000061035156,387.2699890136719,388.4800109863281,24632,0.0,0.0
2023-04-24 10:30:00-04:00,388.57000732421875,390.010009765625,388.2099914550781,389.0150146484375,14758,0.0,0.0
2023-04-24 11:30:00-04:00,389.04998779296875,389.489990234375,388.05999755859375,388.95001220703125,10836,0.0,0.0
2023-04-24 12:30:00-04:00,388.9100036621094,389.7099914550781,388.7300109863281,389.42999267578125,8277,0.0,0.0
2023-04-24 13:30:00-04:00,389.8550109863281,390.2449951171875,387.8399963378906,388.04998779296875,26826,0.0,0.0
2023-04-24 14:30:00-04:00,388.20001220703125,391.760009765625,387.9100036621094,391.760009765625,25608,0.0,0.0
2023-04-24 15:30:00-04:00,391.30499267578125,392.4800109863281,390.3500061035156,391.0,63947,0.0,0.0
2023-04-25 09:30:00-04:00,391.82000732421875,393.760009765625,391.82000732421875,392.07000732421875,13920,0.0,0.0
2023-04-25 10:30:00-04:00,392.07000732421875,393.760009765625,392.07000732421875,393.739990234375,14088,0.0,0.0
2023-04-25 11:30:00-04:00,393.739990234375,393.75,391.9700012207031,392.4949951171875,9135,0.0,0.0
2023-04-25 12:30:00-04:00,392.72698974609375,393.08990478515625,390.75,390.9949951171875,14073,0.0,0.0
2023-04-25 13:30:00-04:00,390.885009765625,391.0249938964844,387.0299987792969,387.1499938964844,36943,0.0,0.0
2023-04-25 14:30:00-04:00,387.0899963378906,391.6700134277344,387.0899963378906,391.6499938964844,21059,0.0,0.0
2023-04-25 15:30:00-04:00,392.1499938964844,392.8949890136719,390.3299865722656,390.6099853515625,71723,0.0,0.0
2023-04-26 09:30:00-04:00,391.5199890136719,391.80999755859375,383.6050109863281,383.6050109863281,29070,0.0,0.0
2023-04-26 10:30:00-04:00,383.54998779296875,384.0,382.239990234375,383.1000061035156,30579,0.0,0.0
2023-04-26 11:30:00-04:00,383.3299865722656,384.010009765625,382.79998779296875,383.4849853515625,12215,0.0,0.0
2023-04-26 12:30:00-04:00,383.1099853515625,383.6650085449219,382.0400085449219,383.2799987792969,19826,0.0,0.0
2023-04-26 13:30:00-04:00,383.239990234375,384.010009765625,382.0899963378906,383.7200012207031,32315,0.0,0.0
2023-04-26 14:30:00-04:00,382.95001220703125,383.4599914550781,382.55999755859375,382.67999267578125,10280,0.0,0.0
2023-04-26 15:30:00-04:00,383.0,383.239990234375,382.2099914550781,382.9700012207031,22636,0.0,0.0
2023-04-27 09:30:00-04:00,377.3999938964844,377.69000244140625,374.9599914550781,376.3999938964844,26057,0.0,0.0
2023-04-27 10:30:00-04:00,376.17999267578125,377.8699951171875,376.1499938964844,377.760009765625,10858,0.0,0.0
2023-04-27 11:30:00-04:00,377.82000732421875,379.4649963378906,377.6499938964844,378.9150085449219,6846,0.0,0.0
2023-04-27 12:30:00-04:00,379.8450012207031,379.8450012207031,377.7900085449219,377.8299865722656,12744,0.0,0.0
2023-04-27 13:30:00-04:00,378.3800048828125,380.2449951171875,378.3800048828125,380.19000244140625,8618,0.0,0.0
2023-04-27 14:30:00-04:00,380.3800048828125,382.33099365234375,380.3800048828125,381.260009765625,15601,0.0,0.0
2023-04-27 15:30:00-04:00,381.0299987792969,381.2300109863281,380.1600036621094,381.2300109863281,27839,0.0,0.0
2023-04-28 09:30:00-04:00,381.6400146484375,383.0400085449219,380.989990234375,382.6199951171875,18808,0.0,0.0
2023-04-28 10:30:00-04:00,382.6099853515625,385.4599914550781,382.6099853515625,384.9200134277344,15594,0.0,0.0
2023-04-28 11:30:00-04:00,384.3949890136719,388.6199951171875,384.3949890136719,388.0450134277344,14698,0.0,0.0
2023-04-28 12:30:00-04:00,387.92999267578125,393.2699890136719,387.92999267578125,392.1700134277344,20591,0.0,0.0
2023-04-28 13:30:00-04:00,391.6499938964844,392.8900146484375,390.04998779296875,391.9599914550781,28929,0.0,0.0
2023-04-28 14:30:00-04:00,391.9599914550781,391.9800109863281,387.8500061035156,387.8500061035156,24091,0.0,0.0
2023-04-28 15:30:00-04:00,387.7799987792969,388.4599914550781,386.8599853515625,388.0899963378906,25348,0.0,0.0
2023-05-01 09:30:00-04:00,388.5299987792969,393.875,386.1099853515625,393.19500732421875,9278,0.0,0.0
2023-05-01 10:30:00-04:00,393.3900146484375,396.0,392.8500061035156,393.44000244140625,11680,0.0,0.0
2023-05-01 11:30:00-04:00,393.385009765625,393.385009765625,388.2049865722656,389.0,20989,0.0,0.0
2023-05-01 12:30:00-04:00,389.0400085449219,391.510009765625,388.67999267578125,390.82000732421875,21764,0.0,0.0
2023-05-01 13:30:00-04:00,390.9849853515625,392.5799865722656,390.0950012207031,390.30999755859375,34842,0.0,0.0
2023-05-01 14:30:00-04:00,390.6499938964844,392.5799865722656,389.1099853515625,391.9700012207031,35449,0.0,0.0
2023-05-01 15:30:00-04:00,391.8699951171875,392.55999755859375,391.2099914550781,392.4599914550781,42609,0.0,0.0
2023-05-02 09:30:00-04:00,390.0,395.7349853515625,390.0,395.7349853515625,27693,0.0,0.0
2023-05-02 10:30:00-04:00,395.57000732421875,396.5400085449219,394.94500732421875,396.1300048828125,16662,0.0,0.0
2023-05-02 11:30:00-04:00,396.1700134277344,396.6099853515625,393.6600036621094,393.6600036621094,17979,0.0,0.0
2023-05-02 12:30:00-04:00,393.760009765625,394.3599853515625,392.44000244140625,392.82501220703125,9964,0.0,0.0
2023-05-02 13:30:00-04:00,392.7900085449219,393.5299987792969,391.1300048828125,393.5199890136719,27037,0.0,0.0
2023-05-02 14:30:00-04:00,392.45001220703125,393.6700134277344,391.6099853515625,392.7799987792969,20564,0.0,0.0
2023-05-02 15:30:00-04:00,392.6700134277344,393.3999938964844,391.3800048828125,393.3999938964844,45578,0.0,0.0
2023-05-03 09:30:00-04:00,391.0,392.30499267578125,389.7099914550781,391.1000061035156,51471,0.0,0.0
2023-05-03 10:30:00-04:00,390.69500732421875,392.8599853515625,390.0150146484375,392.4049987792969,34348,0.0,0.0
2023-05-03 11:30:00-04:00,392.7149963378906,392.9700012207031,391.4800109863281,391.8699951171875,27560,0.0,0.0
2023-05-03 12:30:00-04:00,392.010009765625,393.8800048828125,391.82000732421875,393.7749938964844,24612,0.0,0.0
2023-05-03 13:30:00-04:00,394.1099853515625,395.6099853515625,393.5199890136719,394.9599914550781,28113,0.0,0.0
2023-05-03 14:30:00-04:00,394.5,396.4700012207031,392.55999755859375,392.6600036621094,43915,0.0,0.0
2023-05-03 15:30:00-04:00,393.05999755859375,393.05999755859375,391.2950134277344,392.6499938964844,58548,0.0,0.0
2023-05-04 09:30:00-04:00,388.8599853515625,388.8599853515625,382.7799987792969,386.25,100977,0.0,0.0
2023-05-04 10:30:00-04:00,385.7900085449219,391.7349853515625,384.4800109863281,391.4200134277344,32085,0.0,0.0
2023-05-04 11:30:00-04:00,391.1600036621094,392.239990234375,389.0,391.875,25197,0.0,0.0
2023-05-04 12:30:00-04:00,391.875,399.56500244140625,390.80999755859375,398.9599914550781,22047,0.0,0.0
2023-05-04 13:30:00-04:00,399.1700134277344,401.44000244140625,398.3599853515625,400.2099914550781,37642,0.0,0.0
2023-05-04 14:30:00-04:00,399.8299865722656,400.3550109863281,395.3299865722656,397.17999267578125,51094,0.0,0.0
2023-05-04 15:30:00-04:00,397.19500732421875,398.20001220703125,395.3999938964844,395.45001220703125,83961,0.0,0.0
2023-05-05 09:30:00-04:00,399.7200012207031,401.1400146484375,394.3299865722656,398.6400146484375,71425,0.0,0.0
2023-05-05 10:30:00-04:00,399.25,403.7749938964844,399.13751220703125,403.3699951171875,67745,0.0,0.0
2023-05-05 11:30:00-04:00,403.57000732421875,403.57000732421875,398.07000732421875,398.07000732421875,34516,0.0,0.0
2023-05-05 12:30:00-04:00,398.0849914550781,400.2898864746094,397.1499938964844,399.8699951171875,16398,0.0,0.0
2023-05-05 13:30:00-04:00,400.05999755859375,400.6050109863281,397.010009765625,399.3800048828125,31819,0.0,0.0
2023-05-05 14:30:00-04:00,399.0150146484375,402.6600036621094,398.5350036621094,402.45001220703125,36810,0.0,0.0
2023-05-05 15:30:00-04:00,402.04998779296875,404.8699951171875,402.04998779296875,404.3399963378906,60592,0.0,0.0
2023-05-08 09:30:00-04:00,403.45001220703125,403.45001220703125,397.7799987792969,400.1199951171875,36874,0.0,0.0
2023-05-08 10:30:00-04:00,400.5,402.54998779296875,400.0,402.2799987792969,16658,0.0,0.0
2023-05-08 11:30:00-04:00,401.92999267578125,402.5450134277344,401.739990234375,401.7900085449219,9851,0.0,0.0
2023-05-08 12:30:00-04:00,402.1400146484375,402.25,401.2799987792969,401.9599914550781,5550,0.0,0.0
2023-05-08 13:30:00-04:00,401.9649963378906,403.19000244140625,401.04998779296875,402.9700012207031,15911,0.0,0.0
2023-05-08 14:30:00-04:00,403.2699890136719,404.010009765625,402.6499938964844,403.8900146484375,19279,0.0,0.0
2023-05-08 15:30:00-04:00,403.94000244140625,406.1300048828125,403.510009765625,406.05999755859375,44931,0.0,0.0
2023-05-09 09:30:00-04:00,396.1099853515625,396.9200134277344,393.7300109863281,394.42999267578125,28950,0.0,0.0
2023-05-09 10:30:00-04:00,394.80999755859375,397.2699890136719,394.30999755859375,397.2699890136719,21363,0.0,0.0
2023-05-09 11:30:00-04:00,397.32000732421875,400.2699890136719,397.1199951171875,400.25,21772,0.0,0.0
2023-05-09 12:30:00-04:00,399.7900085449219,401.4100036621094,397.0799865722656,401.4100036621094,10373,0.0,0.0
2023-05-09 13:30:00-04:00,401.0,401.3399963378906,400.2300109863281,401.19000244140625,4629,0.0,0.0
2023-05-09 14:30:00-04:00,401.8299865722656,401.8599853515625,397.82000732421875,399.8999938964844,11728,0.0,0.0
2023-05-09 15:30:00-04:00,399.9200134277344,401.5199890136719,399.0400085449219,401.5199890136719,41399,0.0,0.0
2023-05-10 09:30:00-04:00,394.9700012207031,402.0450134277344,394.19500732421875,400.67999267578125,34835,0.0,0.0
2023-05-10 10:30:00-04:00,400.70001220703125,400.70001220703125,398.4599914550781,399.2250061035156,13478,0.0,0.0
2023-05-10 11:30:00-04:00,398.8999938964844,400.6199951171875,398.5,400.3599853515625,19108,0.0,0.0
2023-05-10 12:30:00-04:00,400.6499938964844,403.8500061035156,400.3800048828125,402.4100036621094,17298,0.0,0.0
2023-05-10 13:30:00-04:00,401.3299865722656,402.44000244140625,401.04998779296875,401.82501220703125,7107,0.0,0.0
2023-05-10 14:30:00-04:00,402.4549865722656,403.30999755859375,401.30999755859375,402.95001220703125,10436,0.0,0.0
2023-05-10 15:30:00-04:00,403.2250061035156,403.55999755859375,401.0899963378906,402.69000244140625,52945,0.0,0.0
2023-05-11 09:30:00-04:00,402.0,402.489990234375,399.0,400.32000732421875,27212,0.0,0.0
2023-05-11 10:30:00-04:00,400.0,404.010009765625,400.0,404.010009765625,14860,0.0,0.0
2023-05-11 11:30:00-04:00,403.0199890136719,403.0199890136719,400.6449890136719,401.3299865722656,10214,0.0,0.0
2023-05-11 12:30:00-04:00,401.0950012207031,404.05499267578125,401.0,404.05499267578125,8538,0.0,0.0
2023-05-11 13:30:00-04:00,404.1700134277344,404.7200012207031,402.69500732421875,404.05999755859375,27988,0.0,0.0
2023-05-11 14:30:00-04:00,404.9200134277344,405.4700012207031,403.5,405.4700012207031,17494,0.0,0.0
2023-05-11 15:30:00-04:00,404.8450012207031,406.9330139160156,403.7799987792969,406.8900146484375,36456,0.0,0.0
2023-05-12 09:30:00-04:00,402.760009765625,403.7200012207031,400.0050048828125,403.7200012207031,23430,0.0,0.0
2023-05-12 10:30:00-04:00,402.1400146484375,403.19000244140625,401.2850036621094,402.1199951171875,8167,0.0,0.0
2023-05-12 11:30:00-04:00,401.6199951171875,402.30999755859375,400.8299865722656,401.2200012207031,5598,0.0,0.0
2023-05-12 12:30:00-04:00,400.8699951171875,400.95001220703125,400.0450134277344,400.7974853515625,5740,0.0,0.0
2023-05-12 13:30:00-04:00,400.3999938964844,401.69000244140625,400.2699890136719,401.510009765625,8799,0.0,0.0
2023-05-12 14:30:00-04:00,401.69000244140625,402.3500061035156,400.1499938964844,402.0299987792969,11595,0.0,0.0
2023-05-12 15:30:00-04:00,402.19000244140625,404.20001220703125,401.7300109863281,403.8900146484375,23419,0.0,0.0
2023-05-15 09:30:00-04:00,404.8299865722656,408.30999755859375,404.5849914550781,407.3999938964844,21124,0.0,0.0
2023-05-15 10:30:00-04:00,407.5450134277344,408.1499938964844,405.739990234375,406.7349853515625,24565,0.0,0.0
2023-05-15 11:30:00-04:00,407.2099914550781,408.05999755859375,406.31500244140625,406.31500244140625,16154,0.0,0.0
2023-05-15 12:30:00-04:00,406.4599914550781,407.0,403.5150146484375,405.3999938964844,19984,0.0,0.0
2023-05-15 13:30:00-04:00,405.45001220703125,407.3999938964844,405.2799987792969,406.1099853515625,8630,0.0,0.0
2023-05-15 14:30:00-04:00,406.17999267578125,407.17999267578125,405.94500732421875,407.1300048828125,11035,0.0,0.0
2023-05-15 15:30:00-04:00,406.7550048828125,408.260009765625,405.625,406.0050048828125,28266,0.0,0.0
2023-05-16 09:30:00-04:00,394.56500244140625,395.0,386.9700012207031,391.3800048828125,150645,0.0,0.0
2023-05-16 10:30:00-04:00,390.7650146484375,404.3500061035156,390.4549865722656,402.70001220703125,214694,0.0,0.0
2023-05-16 11:30:00-04:00,402.9700012207031,407.04998779296875,401.5899963378906,404.0799865722656,140340,0.0,0.0
2023-05-16 12:30:00-04:00,403.6700134277344,408.0199890136719,403.0,408.0199890136719,74038,0.0,0.0
2023-05-16 13:30:00-04:00,408.0400085449219,409.5249938964844,405.6000061035156,405.7449951171875,62009,0.0,0.0
2023-05-16 14:30:00-04:00,405.7799987792969,408.1499938964844,405.04998779296875,405.5697937011719,39281,0.0,0.0
2023-05-16 15:30:00-04:00,405.56500244140625,407.0,405.4549865722656,405.6099853515625,60625,0.0,0.0
2023-05-17 09:30:00-04:00,410.625,411.989990234375,396.19000244140625,409.1199951171875,365725,0.0,0.0
2023-05-17 10:30:00-04:00,409.6499938964844,411.4599914550781,407.0,411.4599914550781,78056,0.0,0.0
2023-05-17 11:30:00-04:00,411.989990234375,417.0,410.0,415.9800109863281,80480,0.0,0.0
2023-05-17 12:30:00-04:00,415.4800109863281,416.4200134277344,413.6199951171875,414.0799865722656,29762,0.0,0.0
2023-05-17 13:30:00-04:00,414.1000061035156,415.19000244140625,412.0199890136719,412.0199890136719,36509,0.0,0.0
2023-05-17 14:30:00-04:00,411.8800048828125,413.739990234375,409.5899963378906,410.81500244140625,52085,0.0,0.0
2023-05-17 15:30:00-04:00,410.81500244140625,414.5199890136719,409.989990234375,413.30999755859375,75852,0.0,0.0
2023-05-18 09:30:00-04:00,414.9599914550781,417.5050048828125,414.30999755859375,414.70001220703125,43001,0.0,0.0
2023-05-18 10:30:00-04:00,414.9100036621094,416.6199951171875,414.6000061035156,416.0,36604,0.0,0.0
2023-05-18 11:30:00-04:00,416.2200012207031,418.9800109863281,415.1700134277344,417.9100036621094,51827,0.0,0.0
2023-05-18 12:30:00-04:00,417.6300048828125,418.69500732421875,414.32000732421875,414.94000244140625,23577,0.0,0.0
2023-05-18 13:30:00-04:00,414.7799987792969,414.7950134277344,411.510009765625,413.1099853515625,23646,0.0,0.0
2023-05-18 14:30:00-04:00,413.0849914550781,414.04998779296875,412.3299865722656,413.44000244140625,18674,0.0,0.0
2023-05-18 15:30:00-04:00,413.6499938964844,414.489990234375,411.67999267578125,413.70001220703125,73258,0.0,0.0
2023-05-19 09:30:00-04:00,415.05999755859375,421.0299987792969,413.05999755859375,420.3999938964844,43363,0.0,0.0
2023-05-19 10:30:00-04:00,420.0199890136719,420.0199890136719,417.3900146484375,418.1050109863281,41842,0.0,0.0
2023-05-19 11:30:00-04:00,418.2950134277344,420.43499755859375,417.25,419.1300048828125,12189,0.0,0.0
2023-05-19 12:30:00-04:00,419.6000061035156,420.7250061035156,417.45001220703125,419.8999938964844,29773,0.0,0.0
2023-05-19 13:30:00-04:00,420.7723083496094,420.7723083496094,418.95001220703125,419.70001220703125,12311,0.0,0.0
2023-05-19 14:30:00-04:00,420.3500061035156,421.25,419.07000732421875,421.0400085449219,25707,0.0,0.0
2023-05-19 15:30:00-04:00,420.8299865722656,422.5799865722656,419.69000244140625,422.5799865722656,62205,0.0,0.0
2023-05-22 09:30:00-04:00,420.2300109863281,423.99139404296875,420.2300109863281,421.489990234375,51843,0.0,0.0
2023-05-22 10:30:00-04:00,421.4100036621094,422.7699890136719,420.9200134277344,422.42498779296875,48348,0.0,0.0
2023-05-22 11:30:00-04:00,421.8699951171875,422.3299865722656,419.1400146484375,419.30999755859375,12596,0.0,0.0
2023-05-22 12:30:00-04:00,419.82000732421875,420.739990234375,418.5299987792969,419.1000061035156,18634,0.0,0.0
2023-05-22 13:30:00-04:00,419.610107421875,421.0400085449219,418.1400146484375,419.5199890136719,13139,0.0,0.0
2023-05-22 14:30:00-04:00,419.1700134277344,420.6000061035156,418.6400146484375,419.5,38365,0.0,0.0
2023-05-22 15:30:00-04:00,419.5,420.45001220703125,419.29998779296875,419.32000732421875,29238,0.0,0.0
2023-05-23 09:30:00-04:00,417.1199951171875,418.8399963378906,414.5799865722656,418.4800109863281,25033,0.0,0.0
2023-05-23 10:30:00-04:00,418.75,419.06500244140625,416.239990234375,418.57000732421875,21571,0.0,0.0
2023-05-23 11:30:00-04:00,418.2699890136719,418.2699890136719,415.0299987792969,416.3399963378906,22230,0.0,0.0
2023-05-23 12:30:00-04:00,416.29998779296875,418.45001220703125,415.80999755859375,416.4649963378906,11069,0.0,0.0
2023-05-23 13:30:00-04:00,416.239990234375,417.4049987792969,415.4800109863281,415.4800109863281,8330,0.0,0.0
2023-05-23 14:30:00-04:00,415.4317932128906,416.36248779296875,415.0,415.2699890136719,15966,0.0,0.0
2023-05-23 15:30:00-04:00,415.5299987792969,416.010009765625,413.32000732421875,413.32000732421875,43950,0.0,0.0
2023-05-24 09:30:00-04:00,411.82000732421875,411.8299865722656,405.67999267578125,405.75,33452,0.0,0.0
2023-05-24 10:30:00-04:00,405.1499938964844,406.0199890136719,404.07000732421875,405.4800109863281,30188,0.0,0.0
2023-05-24 11:30:00-04:00,405.71380615234375,405.9599914550781,401.1600036621094,401.8999938964844,25857,0.0,0.0
2023-05-24 12:30:00-04:00,402.4800109863281,407.29998779296875,401.70001220703125,405.5299987792969,20472,0.0,0.0
2023-05-24 13:30:00-04:00,404.75,406.8800048828125,403.2799987792969,403.87750244140625,17245,0.0,0.0
2023-05-24 14:30:00-04:00,403.9599914550781,405.0,403.20001220703125,403.7799987792969,18335,0.0,0.0
2023-05-24 15:30:00-04:00,403.739990234375,404.54998779296875,402.510009765625,403.6700134277344,64129,0.0,0.0
2023-05-25 09:30:00-04:00,403.1300048828125,403.1300048828125,398.552490234375,401.57501220703125,26764,0.0,0.0
2023-05-25 10:30:00-04:00,401.80999755859375,403.4100036621094,401.3175048828125,401.3175048828125,22959,0.0,0.0
2023-05-25 11:30:00-04:00,401.30499267578125,402.239990234375,399.010009765625,399.25,27978,0.0,0.0
2023-05-25 12:30:00-04:00,398.92999267578125,400.25,398.5,398.8349914550781,24806,0.0,0.0
2023-05-25 13:30:00-04:00,399.2900085449219,400.010009765625,398.8550109863281,398.9949951171875,23921,0.0,0.0
2023-05-25 14:30:00-04:00,398.8699951171875,401.8399963378906,398.6700134277344,401.8399963378906,33763,0.0,0.0
2023-05-25 15:30:00-04:00,401.9150085449219,402.5199890136719,399.7900085449219,400.7149963378906,64569,0.0,0.0
2023-05-26 09:30:00-04:00,401.0299987792969,404.260009765625,401.0299987792969,403.1400146484375,15804,0.0,0.0
2023-05-26 10:30:00-04:00,403.25,403.25,400.4800109863281,400.4800109863281,26710,0.0,0.0
2023-05-26 11:30:00-04:00,400.4049987792969,400.80499267578125,399.3399963378906,400.32000732421875,19335,0.0,0.0
2023-05-26 12:30:00-04:00,400.5,401.0,399.57501220703125,400.07000732421875,7558,0.0,0.0
2023-05-26 13:30:00-04:00,400.239990234375,400.6199951171875,399.31500244140625,400.125,10632,0.0,0.0
2023-05-26 14:30:00-04:00,400.1600036621094,401.5400085449219,400.1400146484375,401.5400085449219,17582,0.0,0.0
2023-05-26 15:30:00-04:00,401.635009765625,402.6199951171875,401.30828857421875,402.0,45542,0.0,0.0
2023-05-30 09:30:00-04:00,400.29998779296875,400.29998779296875,394.8800048828125,395.135009765625,36446,0.0,0.0
2023-05-30 10:30:00-04:00,395.1000061035156,395.6400146484375,394.17999267578125,394.57000732421875,34035,0.0,0.0
2023-05-30 11:30:00-04:00,394.2049865722656,395.5400085449219,393.260009765625,395.1474914550781,85558,0.0,0.0
2023-05-30 12:30:00-04:00,395.1650085449219,398.1875,395.0400085449219,396.5350036621094,32621,0.0,0.0
2023-05-30 13:30:00-04:00,396.2900085449219,396.6700134277344,394.6099853515625,395.2200012207031,25952,0.0,0.0
2023-05-30 14:30:00-04:00,394.4049987792969,394.7699890136719,393.340087890625,393.55999755859375,18710,0.0,0.0
2023-05-30 15:30:00-04:00,393.614990234375,393.82000732421875,391.55999755859375,392.3800048828125,57362,0.0,0.0
2023-05-31 09:30:00-04:00,395.0400085449219,396.2099914550781,391.0199890136719,391.57000732421875,36215,0.0,0.0
2023-05-31 10:30:00-04:00,391.3800048828125,391.44000244140625,387.7900085449219,388.55999755859375,47800,0.0,0.0
2023-05-31 11:30:00-04:00,388.04998779296875,390.9100036621094,386.69000244140625,389.67999267578125,55136,0.0,0.0
2023-05-31 12:30:00-04:00,389.5899963378906,389.9100036621094,388.25,389.1300048828125,12551,0.0,0.0
2023-05-31 13:30:00-04:00,389.1300048828125,391.0400085449219,389.1000061035156,391.0400085449219,17931,0.0,0.0
2023-05-31 14:30:00-04:00,390.7099914550781,391.239990234375,388.8299865722656,390.260009765625,25453,0.0,0.0
2023-05-31 15:30:00-04:00,390.2699890136719,390.30999755859375,388.1099853515625,388.70001220703125,47089,0.0,0.0
2023-06-01 09:30:00-04:00,387.739990234375,393.1700134277344,384.2749938964844,391.7414855957031,42771,0.0,0.0
2023-06-01 10:30:00-04:00,392.2799987792969,393.1499938964844,391.1099853515625,391.9800109863281,20426,0.0,0.0
2023-06-01 11:30:00-04:00,391.5299987792969,393.8599853515625,391.3800048828125,392.5199890136719,19552,0.0,0.0
2023-06-01 12:30:00-04:00,392.5,395.8800048828125,392.4525146484375,394.9100036621094,17380,0.0,0.0
2023-06-01 13:30:00-04:00,396.0,396.7049865722656,394.2900085449219,394.2900085449219,4221,0.0,0.0
2023-06-01 14:30:00-04:00,394.0249938964844,396.0,393.7699890136719,395.4599914550781,21223,0.0,0.0
2023-06-01 15:30:00-04:00,395.3699951171875,396.2200012207031,394.54998779296875,394.54998779296875,39252,0.0,0.0
2023-06-02 09:30:00-04:00,396.510009765625,398.55999755859375,395.07000732421875,395.94000244140625,16395,0.0,0.0
2023-06-02 10:30:00-04:00,395.9200134277344,396.5350036621094,395.2099914550781,395.739990234375,14829,0.0,0.0
2023-06-02 11:30:00-04:00,396.2699890136719,397.3599853515625,394.8550109863281,396.0849914550781,14519,0.0,0.0
2023-06-02 12:30:00-04:00,396.3800048828125,396.3800048828125,395.1600036621094,395.7699890136719,7013,0.0,0.0
2023-06-02 13:30:00-04:00,395.8699951171875,396.0,395.3299865722656,395.5199890136719,6962,0.0,0.0
2023-06-02 14:30:00-04:00,395.4599914550781,396.05999755859375,395.2300109863281,395.8500061035156,10582,0.0,0.0
2023-06-02 15:30:00-04:00,396.6700134277344,396.82000732421875,395.0400085449219,396.17999267578125,23680,0.0,0.0
2023-06-05 09:30:00-04:00,396.6099853515625,400.25,395.6400146484375,400.2200012207031,16568,0.0,0.0
2023-06-05 10:30:00-04:00,399.54998779296875,400.6199951171875,399.5199890136719,399.6600036621094,12677,0.0,0.0
2023-06-05 11:30:00-04:00,399.885009765625,401.07000732421875,399.885009765625,400.7099914550781,12336,0.0,0.0
2023-06-05 12:30:00-04:00,400.54998779296875,402.92999267578125,400.54998779296875,401.8900146484375,14373,0.0,0.0
2023-06-05 13:30:00-04:00,401.69000244140625,402.6549987792969,400.739990234375,401.989990234375,14300,0.0,0.0
2023-06-05 14:30:00-04:00,402.010009765625,402.5799865722656,401.70001220703125,402.4800109863281,18320,0.0,0.0
2023-06-05 15:30:00-04:00,402.2650146484375,403.2650146484375,402.1300048828125,402.4700012207031,52488,0.0,0.0
2023-06-06 09:30:00-04:00,404.489990234375,408.010009765625,404.0799865722656,405.32000732421875,15733,0.0,0.0
2023-06-06 10:30:00-04:00,405.8949890136719,406.4100036621094,402.4599914550781,403.42999267578125,24495,0.0,0.0
2023-06-06 11:30:00-04:00,403.1199951171875,403.1199951171875,402.239990234375,403.0400085449219,2885,0.0,0.0
2023-06-06 12:30:00-04:00,403.184814453125,403.184814453125,401.4100036621094,401.4100036621094,2765,0.0,0.0
2023-06-06 13:30:00-04:00,401.8999938964844,401.8999938964844,401.4599914550781,401.4599914550781,1753,0.0,0.0
2023-06-06 14:30:00-04:00,401.1300048828125,402.6600036621094,399.6400146484375,400.2200012207031,13044,0.0,0.0
2023-06-06 15:30:00-04:00,400.4599914550781,400.7799987792969,399.9049987792969,400.55999755859375,14664,0.0,0.0
2023-06-07 09:30:00-04:00,399.17999267578125,399.55999755859375,394.65948486328125,394.989990234375,24754,0.0,0.0
2023-06-07 10:30:00-04:00,394.989990234375,395.32000732421875,392.7699890136719,394.4200134277344,19727,0.0,0.0
2023-06-07 11:30:00-04:00,395.07501220703125,396.3500061035156,393.44000244140625,394.50250244140625,8601,0.0,0.0
2023-06-07 12:30:00-04:00,394.4599914550781,395.2699890136719,394.1499938964844,395.1499938964844,7612,0.0,0.0
2023-06-07 13:30:00-04:00,395.3500061035156,395.3500061035156,394.2099914550781,395.1600036621094,4097,0.0,0.0
2023-06-07 14:30:00-04:00,395.05999755859375,396.1600036621094,394.5,395.2850036621094,11520,0.0,0.0
2023-06-07 15:30:00-04:00,395.0,395.9949951171875,391.32000732421875,392.4150085449219,40778,0.0,0.0
2023-06-08 09:30:00-04:00,393.75,394.5174865722656,391.989990234375,394.32000732421875,12648,0.0,0.0
2023-06-08 10:30:00-04:00,394.760009765625,394.760009765625,390.8599853515625,391.989990234375,18629,0.0,0.0
2023-06-08 11:30:00-04:00,392.29998779296875,393.0199890136719,391.9100036621094,392.9425048828125,8090,0.0,0.0
2023-06-08 12:30:00-04:00,392.30999755859375,393.4750061035156,391.9200134277344,392.3450012207031,4908,0.0,0.0
2023-06-08 13:30:00-04:00,392.7699890136719,393.62750244140625,391.8550109863281,393.57000732421875,7196,0.0,0.0
2023-06-08 14:30:00-04:00,393.82501220703125,394.06500244140625,393.1199951171875,393.45001220703125,6371,0.0,0.0
2023-06-08 15:30:00-04:00,393.42999267578125,393.6000061035156,390.8999938964844,390.8999938964844,28539,0.0,0.0
2023-06-09 09:30:00-04:00,391.29998779296875,393.30999755859375,391.1700134277344,391.4800109863281,9551,0.0,0.0
2023-06-09 10:30:00-04:00,391.8900146484375,392.6199951171875,390.8450012207031,391.43499755859375,9990,0.0,0.0
2023-06-09 11:30:00-04:00,391.239990234375,392.8299865722656,390.4800109863281,391.81500244140625,14188,0.0,0.0
2023-06-09 12:30:00-04:00,391.0899963378906,392.4800109863281,389.3399963378906,392.010009765625,17134,0.0,0.0
2023-06-09 13:30:00-04:00,392.010009765625,393.1700134277344,391.45001220703125,391.57000732421875,11513,0.0,0.0
2023-06-09 14:30:00-04:00,391.44500732421875,391.79998779296875,390.1300048828125,391.0199890136719,7960,0.0,0.0
2023-06-09 15:30:00-04:00,390.885009765625,390.9599914550781,389.8599853515625,390.8900146484375,34954,0.0,0.0
2023-06-12 09:30:00-04:00,394.7900085449219,397.95001220703125,394.4100036621094,397.44000244140625,15046,0.0,0.0
2023-06-12 10:30:00-04:00,397.6400146484375,398.0,396.8599853515625,397.79998779296875,15032,0.0,0.0
2023-06-12 11:30:00-04:00,397.6199951171875,397.947509765625,395.20001220703125,395.20001220703125,9912,0.0,0.0
2023-06-12 12:30:00-04:00,395.70001220703125,397.1600036621094,395.70001220703125,396.2200012207031,9425,0.0,0.0
2023-06-12 13:30:00-04:00,394.510009765625,395.8900146484375,394.2799987792969,394.92999267578125,5917,0.0,0.0
2023-06-12 14:30:00-04:00,396.1600036621094,396.94000244140625,396.1600036621094,396.4100036621094,7941,0.0,0.0
2023-06-12 15:30:00-04:00,396.56500244140625,398.489990234375,395.9700012207031,398.1700134277344,34653,0.0,0.0
2023-06-13 09:30:00-04:00,398.7900085449219,400.29998779296875,396.54998779296875,396.54998779296875,17572,0.0,0.0
2023-06-13 10:30:00-04:00,396.3900146484375,396.67999267578125,394.45001220703125,394.45001220703125,18265,0.0,0.0
2023-06-13 11:30:00-04:00,394.32000732421875,395.239990234375,393.5,395.0799865722656,21112,0.0,0.0
2023-06-13 12:30:00-04:00,394.760009765625,394.760009765625,393.8399963378906,394.31500244140625,15631,0.0,0.0
2023-06-13 13:30:00-04:00,394.31500244140625,397.8599853515625,394.31500244140625,396.0,10165,0.0,0.0
2023-06-13 14:30:00-04:00,395.7900085449219,398.1300048828125,395.5799865722656,398.1099853515625,10851,0.0,0.0
2023-06-13 15:30:00-04:00,398.4599914550781,398.4599914550781,394.80499267578125,396.3500061035156,36506,0.0,0.0
2023-06-14 09:30:00-04:00,398.69000244140625,400.2749938964844,395.239990234375,395.3900146484375,36758,0.0,0.0
2023-06-14 10:30:00-04:00,395.0799865722656,396.2850036621094,394.0400085449219,394.9599914550781,12452,0.0,0.0
2023-06-14 11:30:00-04:00,394.3699951171875,395.0400085449219,391.69000244140625,392.8550109863281,11403,0.0,0.0
2023-06-14 12:30:00-04:00,392.510009765625,392.8800048828125,390.2200012207031,391.1400146484375,12344,0.0,0.0
2023-06-14 13:30:00-04:00,389.94500732421875,392.4800109863281,389.36749267578125,392.4800109863281,30026,0.0,0.0
2023-06-14 14:30:00-04:00,392.6300048828125,395.17999267578125,391.7200012207031,395.0150146484375,17595,0.0,0.0
2023-06-14 15:30:00-04:00,394.8699951171875,395.0150146484375,392.55999755859375,392.55999755859375,39687,0.0,0.0
2023-06-15 09:30:00-04:00,392.6499938964844,393.3699951171875,390.79998779296875,392.7650146484375,16750,0.0,0.0
2023-06-15 10:30:00-04:00,392.30999755859375,394.51251220703125,392.1400146484375,394.0199890136719,14344,0.0,0.0
2023-06-15 11:30:00-04:00,393.5849914550781,395.2900085449219,393.0,394.9949951171875,21228,0.0,0.0
2023-06-15 12:30:00-04:00,394.7349853515625,397.364990234375,393.8800048828125,396.82501220703125,8581,0.0,0.0
2023-06-15 13:30:00-04:00,396.2799987792969,396.7300109863281,394.92999267578125,395.4800109863281,22752,0.0,0.0
2023-06-15 14:30:00-04:00,395.9700012207031,397.6700134277344,395.7099914550781,397.2074890136719,9660,0.0,0.0
2023-06-15 15:30:00-04:00,396.9800109863281,397.8299865722656,395.8599853515625,396.4200134277344,28236,0.0,0.0
2023-06-16 09:30:00-04:00,399.0,401.510009765625,398.30999755859375,399.9700012207031,24012,0.0,0.0
2023-06-16 10:30:00-04:00,399.8299865722656,400.6510925292969,398.4599914550781,399.04998779296875,18499,0.0,0.0
2023-06-16 11:30:00-04:00,398.8550109863281,398.9849853515625,396.8399963378906,397.0199890136719,9876,0.0,0.0
2023-06-16 12:30:00-04:00,396.7947998046875,397.5400085449219,396.2099914550781,397.25,22501,0.0,0.0
2023-06-16 13:30:00-04:00,397.2200012207031,399.1099853515625,397.0,398.5899963378906,31853,0.0,0.0
2023-06-16 14:30:00-04:00,398.989990234375,399.06500244140625,398.07000732421875,398.9100036621094,18412,0.0,0.0
2023-06-16 15:30:00-04:00,399.5799865722656,399.989990234375,398.1300048828125,399.989990234375,38829,0.0,0.0
2023-06-20 09:30:00-04:00,399.0299987792969,399.6600036621094,394.4800109863281,395.5299987792969,26132,0.0,0.0
2023-06-20 10:30:00-04:00,395.31500244140625,395.31500244140625,392.1300048828125,393.8999938964844,26789,0.0,0.0
2023-06-20 11:30:00-04:00,394.1600036621094,394.7950134277344,392.9599914550781,394.7650146484375,9710,0.0,0.0
2023-06-20 12:30:00-04:00,395.1400146484375,398.2099914550781,394.81500244140625,398.2099914550781,10993,0.0,0.0
2023-06-20 13:30:00-04:00,398.04998779296875,398.4200134277344,397.79998779296875,398.3599853515625,6520,0.0,0.0
2023-06-20 14:30:00-04:00,398.1300048828125,400.2799987792969,397.7449951171875,400.2300109863281,13274,0.0,0.0
2023-06-20 15:30:00-04:00,400.4849853515625,401.9549865722656,400.29998779296875,401.5150146484375,43752,0.0,0.0
2023-06-21 09:30:00-04:00,401.7799987792969,401.9132080078125,392.3500061035156,392.3500061035156,46254,0.0,0.0
2023-06-21 10:30:00-04:00,392.80999755859375,393.3450012207031,390.7099914550781,392.55999755859375,19159,0.0,0.0
2023-06-21 11:30:00-04:00,392.04998779296875,397.8450012207031,392.0400085449219,397.8450012207031,13593,0.0,0.0
2023-06-21 12:30:00-04:00,398.55999755859375,399.1700134277344,397.2099914550781,397.2099914550781,12667,0.0,0.0
2023-06-21 13:30:00-04:00,397.2099914550781,400.1000061035156,396.32000732421875,399.0799865722656,9598,0.0,0.0
2023-06-21 14:30:00-04:00,398.9599914550781,401.4100036621094,398.6600036621094,400.32501220703125,18759,0.0,0.0
2023-06-21 15:30:00-04:00,400.3900146484375,401.1099853515625,399.04998779296875,399.239990234375,31447,0.0,0.0
2023-06-22 09:30:00-04:00,396.07000732421875,398.56500244140625,395.57000732421875,398.42999267578125,23954,0.0,0.0
2023-06-22 10:30:00-04:00,397.80999755859375,399.04998779296875,397.80999755859375,398.5199890136719,12047,0.0,0.0
2023-06-22 11:30:00-04:00,398.0799865722656,400.5450134277344,397.4599914550781,400.0299987792969,8812,0.0,0.0
2023-06-22 12:30:00-04:00,399.80108642578125,399.80108642578125,398.94000244140625,398.94000244140625,4349,0.0,0.0
2023-06-22 13:30:00-04:00,399.5299987792969,400.7300109863281,398.04998779296875,398.04998779296875,12277,0.0,0.0
2023-06-22 14:30:00-04:00,400.0899963378906,400.0899963378906,399.239990234375,399.4800109863281,4393,0.0,0.0
2023-06-22 15:30:00-04:00,398.2749938964844,400.9599914550781,397.92999267578125,400.9100036621094,30617,0.0,0.0
2023-06-23 09:30:00-04:00,394.0,396.8599853515625,393.5400085449219,396.57501220703125,30850,0.0,0.0
2023-06-23 10:30:00-04:00,396.8500061035156,397.8299865722656,396.4200134277344,397.0299987792969,19559,0.0,0.0
2023-06-23 11:30:00-04:00,396.29998779296875,398.6199951171875,395.1650085449219,396.1700134277344,24628,0.0,0.0
2023-06-23 12:30:00-04:00,396.739990234375,398.0400085449219,396.739990234375,397.0,7284,0.0,0.0
2023-06-23 13:30:00-04:00,396.92999267578125,399.2300109863281,396.8599853515625,399.2300109863281,13097,0.0,0.0
2023-06-23 14:30:00-04:00,399.5849914550781,400.9700012207031,398.36859130859375,398.36859130859375,19841,0.0,0.0
2023-06-23 15:30:00-04:00,398.17999267578125,398.2799987792969,395.260009765625,396.44000244140625,59392,0.0,0.0
2023-06-26 09:30:00-04:00,394.3999938964844,396.4800109863281,390.92999267578125,395.5199890136719,52447,0.0,0.0
2023-06-26 10:30:00-04:00,395.9700012207031,395.9949951171875,391.2250061035156,391.2250061035156,14799,0.0,0.0
2023-06-26 11:30:00-04:00,390.92999267578125,391.5899963378906,389.6000061035156,391.5899963378906,14061,0.0,0.0
2023-06-26 12:30:00-04:00,391.0799865722656,391.0799865722656,386.92498779296875,387.8800048828125,11287,0.0,0.0
2023-06-26 13:30:00-04:00,387.67999267578125,389.55999755859375,387.3299865722656,389.55999755859375,10313,0.0,0.0
2023-06-26 14:30:00-04:00,390.54998779296875,391.8900146484375,390.17999267578125,390.6669921875,16996,0.0,0.0
2023-06-26 15:30:00-04:00,391.552490234375,391.552490234375,387.7099914550781,387.7099914550781,27834,0.0,0.0
2023-06-27 09:30:00-04:00,383.6099853515625,384.17999267578125,379.42999267578125,380.9100036621094,36871,0.0,0.0
2023-06-27 10:30:00-04:00,380.7799987792969,381.5400085449219,378.6700134277344,380.4599914550781,29208,0.0,0.0
2023-06-27 11:30:00-04:00,380.5199890136719,380.6700134277344,378.6199951171875,378.8699951171875,15267,0.0,0.0
2023-06-27 12:30:00-04:00,379.2650146484375,380.6600036621094,379.2650146484375,380.3900146484375,6248,0.0,0.0
2023-06-27 13:30:00-04:00,380.7300109863281,381.7200012207031,379.8299865722656,381.4574890136719,20109,0.0,0.0
2023-06-27 14:30:00-04:00,382.6600036621094,382.6600036621094,379.7099914550781,380.6600036621094,16864,0.0,0.0
2023-06-27 15:30:00-04:00,380.80999755859375,381.7250061035156,379.8900146484375,380.05999755859375,42847,0.0,0.0
2023-06-28 09:30:00-04:00,380.2099914550781,383.19000244140625,380.2099914550781,383.07000732421875,24382,0.0,0.0
2023-06-28 10:30:00-04:00,382.7200012207031,383.1499938964844,381.82000732421875,382.9200134277344,13885,0.0,0.0
2023-06-28 11:30:00-04:00,382.7799987792969,385.3900146484375,382.6099853515625,385.07000732421875,6213,0.0,0.0
2023-06-28 12:30:00-04:00,384.69000244140625,385.25,383.30999755859375,384.5899963378906,6305,0.0,0.0
2023-06-28 13:30:00-04:00,385.010009765625,385.010009765625,383.3900146484375,384.0,6205,0.0,0.0
2023-06-28 14:30:00-04:00,384.3800048828125,384.9100036621094,383.8349914550781,383.9200134277344,8889,0.0,0.0
2023-06-28 15:30:00-04:00,383.1600036621094,385.3599853515625,383.1600036621094,384.4700012207031,25313,0.0,0.0
2023-06-29 09:30:00-04:00,382.0,384.2699890136719,381.2300109863281,383.9800109863281,33746,0.0,0.0
2023-06-29 10:30:00-04:00,383.5400085449219,385.30999755859375,383.1499938964844,384.82000732421875,23409,0.0,0.0
2023-06-29 11:30:00-04:00,385.19500732421875,388.614990234375,385.1700134277344,388.5799865722656,21291,0.0,0.0
2023-06-29 12:30:00-04:00,389.6600036621094,390.5400085449219,387.07000732421875,388.3999938964844,14071,0.0,0.0
2023-06-29 13:30:00-04:00,387.7799987792969,388.19500732421875,383.9200134277344,384.6400146484375,12924,0.0,0.0
2023-06-29 14:30:00-04:00,385.69500732421875,385.9700012207031,384.79998779296875,385.7300109863281,14166,0.0,0.0
2023-06-29 15:30:00-04:00,385.7300109863281,386.7799987792969,382.3599853515625,382.989990234375,56268,0.0,0.0
2023-06-30 09:30:00-04:00,386.45001220703125,388.5,385.75,387.5950012207031,28350,0.0,0.0
2023-06-30 10:30:00-04:00,387.0899963378906,387.6499938964844,386.3699951171875,386.7099914550781,24506,0.0,0.0
2023-06-30 11:30:00-04:00,386.7200012207031,389.29998779296875,385.239990234375,389.29998779296875,26152,0.0,0.0
2023-06-30 12:30:00-04:00,389.95001220703125,389.9800109863281,388.5350036621094,389.2049865722656,16397,0.0,0.0
2023-06-30 13:30:00-04:00,389.2850036621094,391.1199951171875,388.3900146484375,390.3999938964844,20835,0.0,0.0
2023-06-30 14:30:00-04:00,390.2799987792969,391.04998779296875,388.70001220703125,389.11749267578125,23954,0.0,0.0
2023-06-30 15:30:00-04:00,389.18499755859375,390.56500244140625,388.8999938964844,389.45001220703125,47028,0.0,0.0
2023-07-03 09:30:00-04:00,388.0,388.1099853515625,383.6499938964844,384.2850036621094,32471,0.0,0.0
2023-07-03 10:30:00-04:00,384.8800048828125,385.7300109863281,380.6600036621094,381.80999755859375,28803,0.0,0.0
2023-07-03 11:30:00-04:00,381.8299865722656,384.1199951171875,380.3299865722656,383.29998779296875,35407,0.0,0.0
2023-07-05 09:30:00-04:00,380.1199951171875,383.6199951171875,379.55999755859375,381.9150085449219,64514,0.0,0.0
2023-07-05 10:30:00-04:00,381.56500244140625,381.56500244140625,379.5299987792969,380.17999267578125,24883,0.0,0.0
2023-07-05 11:30:00-04:00,380.5,382.75,379.6700134277344,379.8599853515625,14509,0.0,0.0
2023-07-05 12:30:00-04:00,379.7900085449219,383.1000061035156,379.7900085449219,382.44000244140625,9140,0.0,0.0
2023-07-05 13:30:00-04:00,382.20001220703125,382.67999267578125,381.489990234375,382.67999267578125,8662,0.0,0.0
2023-07-05 14:30:00-04:00,382.9200134277344,383.5190124511719,382.3800048828125,382.489990234375,27133,0.0,0.0
2023-07-05 15:30:00-04:00,382.5950012207031,383.05999755859375,382.0199890136719,382.8800048828125,24548,0.0,0.0
2023-07-06 09:30:00-04:00,382.55999755859375,384.0799865722656,381.7799987792969,382.6600036621094,21754,0.0,0.0
2023-07-06 10:30:00-04:00,382.8699951171875,383.3550109863281,381.8999938964844,382.5400085449219,18061,0.0,0.0
2023-07-06 11:30:00-04:00,382.9949951171875,385.739990234375,382.3500061035156,385.1499938964844,15222,0.0,0.0
2023-07-06 12:30:00-04:00,385.32000732421875,387.75,385.32000732421875,387.75,13871,0.0,0.0
2023-07-06 13:30:00-04:00,387.3450012207031,388.125,383.8399963378906,383.8399963378906,28892,0.0,0.0
2023-07-06 14:30:00-04:00,384.2850036621094,386.4700012207031,383.69000244140625,385.44000244140625,37402,0.0,0.0
2023-07-06 15:30:00-04:00,385.79998779296875,387.4700012207031,384.5400085449219,385.7799987792969,73936,0.0,0.0
2023-07-07 09:30:00-04:00,383.45001220703125,385.2699890136719,382.1499938964844,385.2699890136719,22779,0.0,0.0
2023-07-07 10:30:00-04:00,384.70001220703125,386.2200012207031,382.07000732421875,382.20001220703125,29665,0.0,0.0
2023-07-07 11:30:00-04:00,382.260009765625,382.260009765625,377.3699951171875,380.42999267578125,26808,0.0,0.0
2023-07-07 12:30:00-04:00,381.3299865722656,383.1099853515625,380.8500061035156,382.30999755859375,28457,0.0,0.0
2023-07-07 13:30:00-04:00,382.6199951171875,382.8399963378906,381.760009765625,382.56500244140625,10333,0.0,0.0
2023-07-07 14:30:00-04:00,382.20001220703125,382.7550048828125,381.69000244140625,381.79998779296875,24538,0.0,0.0
2023-07-07 15:30:00-04:00,381.9200134277344,383.94000244140625,381.9200134277344,382.8399963378906,66180,0.0,0.0
2023-07-10 09:30:00-04:00,383.1400146484375,387.1700134277344,383.1400146484375,386.5799865722656,23495,0.0,0.0
2023-07-10 10:30:00-04:00,386.2099914550781,387.4100036621094,385.82000732421875,386.9599914550781,20288,0.0,0.0
2023-07-10 11:30:00-04:00,386.70001220703125,389.5799865722656,386.2300109863281,389.5799865722656,8201,0.0,0.0
2023-07-10 12:30:00-04:00,389.375,389.375,387.95001220703125,388.7749938964844,8856,0.0,0.0
2023-07-10 13:30:00-04:00,388.9100036621094,389.4700012207031,388.17999267578125,388.5924987792969,11118,0.0,0.0
2023-07-10 14:30:00-04:00,388.6099853515625,389.239990234375,387.0950012207031,387.3999938964844,14299,0.0,0.0
2023-07-10 15:30:00-04:00,386.55999755859375,387.2300109863281,385.3299865722656,386.510009765625,38222,0.0,0.0
2023-07-11 09:30:00-04:00,385.3800048828125,385.3800048828125,382.6400146484375,383.3699951171875,22485,0.0,0.0
2023-07-11 10:30:00-04:00,383.4100036621094,384.0,382.5950012207031,383.6700134277344,35443,0.0,0.0
2023-07-11 11:30:00-04:00,383.70001220703125,384.0899963378906,382.25,382.25,16101,0.0,0.0
2023-07-11 12:30:00-04:00,381.7799987792969,381.8500061035156,378.4700012207031,378.4700012207031,16965,0.0,0.0
2023-07-11 13:30:00-04:00,378.2099914550781,379.4599914550781,377.8999938964844,378.6000061035156,35612,0.0,0.0
2023-07-11 14:30:00-04:00,378.5799865722656,379.8500061035156,378.42999267578125,379.1400146484375,36858,0.0,0.0
2023-07-11 15:30:00-04:00,379.1300048828125,381.00250244140625,379.1300048828125,379.92498779296875,34588,0.0,0.0
2023-07-12 09:30:00-04:00,382.42999267578125,383.0299987792969,376.70001220703125,377.25,46148,0.0,0.0
2023-07-12 10:30:00-04:00,377.1499938964844,377.1700134277344,373.67999267578125,376.0799865722656,128120,0.0,0.0
2023-07-12 11:30:00-04:00,376.30999755859375,376.30999755859375,371.2349853515625,371.760009765625,30949,0.0,0.0
2023-07-12 12:30:00-04:00,372.3450012207031,372.6000061035156,368.0899963378906,369.3299865722656,44859,0.0,0.0
2023-07-12 13:30:00-04:00,369.3299865722656,370.79998779296875,368.4599914550781,370.0799865722656,36797,0.0,0.0
2023-07-12 14:30:00-04:00,369.8999938964844,372.7799987792969,369.80999755859375,372.7799987792969,40487,0.0,0.0
2023-07-12 15:30:00-04:00,372.5299987792969,372.9200134277344,368.1099853515625,369.32000732421875,97782,0.0,0.0
2023-07-13 09:30:00-04:00,375.8599853515625,377.4049987792969,372.9800109863281,373.92999267578125,219039,0.0,0.0
2023-07-13 10:30:00-04:00,373.93499755859375,374.0,371.614990234375,372.4800109863281,68646,0.0,0.0
2023-07-13 11:30:00-04:00,373.0625,373.8299865722656,370.4800109863281,372.3800048828125,44530,0.0,0.0
2023-07-13 12:30:00-04:00,372.1600036621094,373.3800048828125,371.8599853515625,372.44000244140625,26854,0.0,0.0
2023-07-13 13:30:00-04:00,372.45001220703125,372.6050109863281,370.010009765625,370.0199890136719,25868,0.0,0.0
2023-07-13 14:30:00-04:00,370.4200134277344,371.6650085449219,369.5199890136719,371.385009765625,30571,0.0,0.0
2023-07-13 15:30:00-04:00,371.0400085449219,372.01800537109375,370.55499267578125,371.67999267578125,62385,0.0,0.0
2023-07-14 09:30:00-04:00,377.67999267578125,378.79998779296875,376.7099914550781,376.9324951171875,51246,0.0,0.0
2023-07-14 10:30:00-04:00,376.7655029296875,378.44500732421875,374.06500244140625,374.4700012207031,41976,0.0,0.0
2023-07-14 11:30:00-04:00,374.625,376.8500061035156,372.95001220703125,375.3599853515625,60403,0.0,0.0
2023-07-14 12:30:00-04:00,375.7250061035156,377.82501220703125,375.7250061035156,377.4649963378906,50630,0.0,0.0
2023-07-14 13:30:00-04:00,377.44500732421875,380.0,376.885009765625,378.5450134277344,32124,0.0,0.0
2023-07-14 14:30:00-04:00,378.54998779296875,380.2449951171875,378.54998779296875,379.6700134277344,61736,0.0,0.0
2023-07-14 15:30:00-04:00,380.0299987792969,380.8599853515625,377.4049987792969,379.0799865722656,86200,0.0,0.0
2023-07-17 09:30:00-04:00,477.5,498.6300048828125,475.2200012207031,492.9800109863281,1126692,0.0,0.0
2023-07-17 10:30:00-04:00,492.3699951171875,498.44000244140625,491.1099853515625,494.4100036621094,320356,0.0,0.0
2023-07-17 11:30:00-04:00,494.6099853515625,495.5,483.4800109863281,484.36248779296875,316718,0.0,0.0
2023-07-17 12:30:00-04:00,484.17498779296875,485.9298095703125,479.20001220703125,483.1499938964844,241764,0.0,0.0
2023-07-17 13:30:00-04:00,482.989990234375,483.9599914550781,476.8900146484375,477.6700134277344,181099,0.0,0.0
2023-07-17 14:30:00-04:00,477.6700134277344,479.2900085449219,474.3800048828125,477.0799865722656,178778,0.0,0.0
2023-07-17 15:30:00-04:00,477.57501220703125,484.7900085449219,477.57501220703125,483.9700012207031,248508,0.0,0.0
2023-07-18 09:30:00-04:00,502.8800048828125,519.9899291992188,488.25,516.97998046875,210893,0.0,0.0
2023-07-18 10:30:00-04:00,515.5599975585938,524.0549926757812,511.9200134277344,515.6799926757812,197936,0.0,0.0
2023-07-18 11:30:00-04:00,515.6400146484375,516.2550048828125,510.20001220703125,512.1699829101562,79101,0.0,0.0
2023-07-18 12:30:00-04:00,512.47998046875,512.905029296875,508.885009765625,511.32501220703125,68811,0.0,0.0
2023-07-18 13:30:00-04:00,511.32000732421875,516.0,509.8699951171875,511.1099853515625,62300,0.0,0.0
2023-07-18 14:30:00-04:00,511.1199951171875,512.2849731445312,507.7322082519531,508.69500732421875,79565,0.0,0.0
2023-07-18 15:30:00-04:00,509.010009765625,511.0199890136719,506.20001220703125,506.3299865722656,154145,0.0,0.0
2023-07-19 09:30:00-04:00,519.239990234375,526.8699951171875,519.0,526.3900146484375,434189,0.0,0.0
2023-07-19 10:30:00-04:00,525.8900146484375,533.6599731445312,524.2849731445312,526.1950073242188,285185,0.0,0.0
2023-07-19 11:30:00-04:00,526.02001953125,531.39501953125,523.905029296875,531.3099975585938,100072,0.0,0.0
2023-07-19 12:30:00-04:00,530.1900024414062,532.0,528.6300048828125,530.4400024414062,82407,0.0,0.0
2023-07-19 13:30:00-04:00,530.6400146484375,534.8300170898438,529.75,534.0,69811,0.0,0.0
2023-07-19 14:30:00-04:00,534.0,534.4400024414062,530.0,533.9400024414062,98739,0.0,0.0
2023-07-19 15:30:00-04:00,533.9400024414062,533.97998046875,527.6400146484375,528.5,165554,0.0,0.0
2023-07-20 09:30:00-04:00,533.0,535.97998046875,528.739990234375,529.3300170898438,102664,0.0,0.0
2023-07-20 10:30:00-04:00,529.3200073242188,534.030029296875,528.5399780273438,533.0599975585938,70843,0.0,0.0
2023-07-20 11:30:00-04:00,533.3900146484375,536.47998046875,532.489990234375,536.3699951171875,53504,0.0,0.0
2023-07-20 12:30:00-04:00,535.77001953125,535.8300170898438,531.5,531.5,45645,0.0,0.0
2023-07-20 13:30:00-04:00,531.530029296875,532.0,528.0,531.52001953125,46104,0.0,0.0
2023-07-20 14:30:00-04:00,531.6799926757812,534.1599731445312,531.3599853515625,533.25,72125,0.0,0.0
2023-07-20 15:30:00-04:00,533.219970703125,536.0,532.5900268554688,534.7000122070312,106368,0.0,0.0
2023-07-21 09:30:00-04:00,545.3900146484375,548.9400024414062,539.4500122070312,547.3499755859375,132412,0.0,0.0
2023-07-21 10:30:00-04:00,547.27001953125,548.1699829101562,544.5499877929688,545.9000244140625,57493,0.0,0.0
2023-07-21 11:30:00-04:00,545.5399780273438,547.2100219726562,544.3800048828125,546.280029296875,35933,0.0,0.0
2023-07-21 12:30:00-04:00,546.2899780273438,550.0900268554688,546.2899780273438,547.72998046875,47924,0.0,0.0
2023-07-21 13:30:00-04:00,548.2000122070312,550.760009765625,547.7750244140625,548.2000122070312,35320,0.0,0.0
2023-07-21 14:30:00-04:00,548.3200073242188,549.35498046875,547.0700073242188,548.8200073242188,73663,0.0,0.0
2023-07-21 15:30:00-04:00,548.6950073242188,549.9500122070312,547.75,548.3499755859375,94720,0.0,0.0
2023-07-24 09:30:00-04:00,534.5,539.7849731445312,529.760009765625,532.8049926757812,130883,0.0,0.0
2023-07-24 10:30:00-04:00,532.72998046875,535.1749877929688,529.469970703125,531.0549926757812,95225,0.0,0.0
2023-07-24 11:30:00-04:00,531.0700073242188,531.405029296875,527.4650268554688,528.1500244140625,51898,0.0,0.0
2023-07-24 12:30:00-04:00,528.0,529.5,524.8599853515625,528.5650024414062,67339,0.0,0.0
2023-07-24 13:30:00-04:00,528.1900024414062,528.7750244140625,525.0,527.0700073242188,65961,0.0,0.0
2023-07-24 14:30:00-04:00,526.7999877929688,527.1950073242188,522.5999755859375,522.8599853515625,90654,0.0,0.0
2023-07-24 15:30:00-04:00,522.7249755859375,523.3699951171875,521.489990234375,521.489990234375,135291,0.0,0.0
2023-07-25 09:30:00-04:00,530.3126831054688,534.4149780273438,526.5399780273438,527.1099853515625,71863,0.0,0.0
2023-07-25 10:30:00-04:00,526.760009765625,528.5399780273438,524.9299926757812,526.489990234375,46696,0.0,0.0
2023-07-25 11:30:00-04:00,526.5999755859375,530.0549926757812,525.02001953125,530.0549926757812,47886,0.0,0.0
2023-07-25 12:30:00-04:00,530.1099853515625,530.1300048828125,526.9400024414062,527.5700073242188,24840,0.0,0.0
2023-07-25 13:30:00-04:00,527.97998046875,529.1849975585938,527.0800170898438,528.0,22126,0.0,0.0
2023-07-25 14:30:00-04:00,528.510009765625,528.510009765625,525.010009765625,526.5,38526,0.0,0.0
2023-07-25 15:30:00-04:00,526.5700073242188,527.4099731445312,525.5,525.510009765625,53684,0.0,0.0
2023-07-26 09:30:00-04:00,516.47998046875,523.0999755859375,515.8300170898438,522.7899780273438,43720,0.0,0.0
2023-07-26 10:30:00-04:00,523.22998046875,523.2899780273438,521.2650146484375,522.5599975585938,31477,0.0,0.0
2023-07-26 11:30:00-04:00,522.905029296875,524.7050170898438,519.9099731445312,520.4249877929688,30075,0.0,0.0
2023-07-26 12:30:00-04:00,520.8900146484375,520.8900146484375,517.9400024414062,518.4874877929688,24275,0.0,0.0
2023-07-26 13:30:00-04:00,518.5499877929688,519.8499755859375,517.1099853515625,518.6849975585938,36956,0.0,0.0
2023-07-26 14:30:00-04:00,518.6849975585938,523.4450073242188,518.4400024414062,520.1799926757812,48676,0.0,0.0
2023-07-26 15:30:00-04:00,520.0399780273438,521.6300048828125,519.4749755859375,521.4500122070312,43285,0.0,0.0
2023-07-27 09:30:00-04:00,522.010009765625,522.010009765625,505.3500061035156,506.67999267578125,114505,0.0,0.0
2023-07-27 10:30:00-04:00,506.70001220703125,515.7750244140625,506.4599914550781,514.4199829101562,57235,0.0,0.0
2023-07-27 11:30:00-04:00,514.7050170898438,518.030029296875,512.25,516.6300048828125,39052,0.0,0.0
2023-07-27 12:30:00-04:00,517.4949951171875,517.4949951171875,510.42999267578125,511.6549987792969,39811,0.0,0.0
2023-07-27 13:30:00-04:00,512.2000122070312,512.719970703125,503.32501220703125,505.8699951171875,80443,0.0,0.0
2023-07-27 14:30:00-04:00,507.04998779296875,510.04998779296875,505.57000732421875,508.7900085449219,77436,0.0,0.0
2023-07-27 15:30:00-04:00,509.2099914550781,509.6099853515625,507.3299865722656,509.6099853515625,98231,0.0,0.0
2023-07-28 09:30:00-04:00,500.2900085449219,502.5249938964844,499.3999938964844,500.302490234375,67803,0.0,0.0
2023-07-28 10:30:00-04:00,500.1300048828125,500.94000244140625,499.1499938964844,500.1499938964844,63457,0.0,0.0
2023-07-28 11:30:00-04:00,500.4624938964844,503.7099914550781,499.7200012207031,502.6400146484375,25715,0.0,0.0
2023-07-28 12:30:00-04:00,502.69000244140625,505.19500732421875,500.5899963378906,505.19500732421875,18092,0.0,0.0
2023-07-28 13:30:00-04:00,504.8450012207031,507.44000244140625,502.8599853515625,505.3349914550781,26945,0.0,0.0
2023-07-28 14:30:00-04:00,504.80999755859375,510.0,504.80999755859375,509.29998779296875,27221,0.0,0.0
2023-07-28 15:30:00-04:00,509.7099914550781,515.1500244140625,508.57000732421875,515.1500244140625,88507,0.0,0.0
2023-07-31 09:30:00-04:00,505.7699890136719,508.3349914550781,501.7449951171875,504.93499755859375,66206,0.0,0.0
2023-07-31 10:30:00-04:00,505.1000061035156,507.3599853515625,504.739990234375,504.8800048828125,30782,0.0,0.0
2023-07-31 11:30:00-04:00,504.8399963378906,505.4825134277344,503.2699890136719,504.6499938964844,19005,0.0,0.0
2023-07-31 12:30:00-04:00,504.5400085449219,508.0,503.6099853515625,508.0,30649,0.0,0.0
2023-07-31 13:30:00-04:00,509.0,511.0,508.3999938964844,508.75,21770,0.0,0.0
2023-07-31 14:30:00-04:00,508.760009765625,508.760009765625,503.8900146484375,505.989990234375,45768,0.0,0.0
2023-07-31 15:30:00-04:00,505.8450012207031,505.8450012207031,503.9700012207031,504.5,44400,0.0,0.0
2023-08-01 09:30:00-04:00,505.5199890136719,507.25,503.2099914550781,505.5199890136719,40780,0.0,0.0
2023-08-01 10:30:00-04:00,505.3800048828125,509.3299865722656,505.1700134277344,507.8599853515625,35604,0.0,0.0
2023-08-01 11:30:00-04:00,508.5199890136719,508.5199890136719,505.70001220703125,506.1499938964844,12691,0.0,0.0
2023-08-01 12:30:00-04:00,505.70001220703125,506.3699951171875,505.6000061035156,505.70001220703125,12422,0.0,0.0
2023-08-01 13:30:00-04:00,505.75,505.9100036621094,503.4200134277344,505.010009765625,17060,0.0,0.0
2023-08-01 14:30:00-04:00,505.2550048828125,508.2149963378906,504.70001220703125,507.2300109863281,31446,0.0,0.0
2023-08-01 15:30:00-04:00,508.1099853515625,508.3900146484375,503.6099853515625,504.0400085449219,65885,0.0,0.0
2023-08-02 09:30:00-04:00,501.4800109863281,504.05499267578125,497.1099853515625,497.1650085449219,39814,0.0,0.0
2023-08-02 10:30:00-04:00,497.0299987792969,497.2900085449219,494.2900085449219,496.3699951171875,53008,0.0,0.0
2023-08-02 11:30:00-04:00,496.94500732421875,500.75,495.92999267578125,499.80999755859375,26515,0.0,0.0
2023-08-02 12:30:00-04:00,499.4150085449219,501.0150146484375,498.1199951171875,498.1199951171875,12018,0.0,0.0
2023-08-02 13:30:00-04:00,498.3299865722656,499.3699951171875,498.3299865722656,499.3699951171875,5932,0.0,0.0
2023-08-02 14:30:00-04:00,499.5150146484375,500.6300048828125,498.989990234375,499.8900146484375,21376,0.0,0.0
2023-08-02 15:30:00-04:00,500.4599914550781,500.6650085449219,499.69000244140625,500.19000244140625,30413,0.0,0.0
2023-08-03 09:30:00-04:00,495.29998779296875,499.92999267578125,494.8699951171875,497.510009765625,36537,0.0,0.0
2023-08-03 10:30:00-04:00,497.2099914550781,497.5199890136719,493.7900085449219,497.0400085449219,34930,0.0,0.0
2023-08-03 11:30:00-04:00,497.9200134277344,498.7099914550781,496.0799865722656,496.8299865722656,10001,0.0,0.0
2023-08-03 12:30:00-04:00,497.06500244140625,498.1000061035156,495.55999755859375,495.55999755859375,11908,0.0,0.0
2023-08-03 13:30:00-04:00,495.0,496.7250061035156,494.0400085449219,496.7099914550781,28185,0.0,0.0
2023-08-03 14:30:00-04:00,497.0050048828125,497.1700134277344,494.7900085449219,495.5450134277344,25916,0.0,0.0
2023-08-03 15:30:00-04:00,495.239990234375,495.8999938964844,493.7300109863281,493.7300109863281,58251,0.0,0.0
2023-08-04 09:30:00-04:00,491.4800109863281,496.0,490.5299987792969,493.2900085449219,44721,0.0,0.0
2023-08-04 10:30:00-04:00,494.31500244140625,494.31500244140625,491.3599853515625,492.7550048828125,31193,0.0,0.0
2023-08-04 11:30:00-04:00,492.989990234375,493.0,491.7699890136719,492.3349914550781,17225,0.0,0.0
2023-08-04 12:30:00-04:00,491.9800109863281,492.8599853515625,489.9599914550781,489.9599914550781,19803,0.0,0.0
2023-08-04 13:30:00-04:00,490.3299865722656,490.6600036621094,486.04998779296875,488.2699890136719,51742,0.0,0.0
2023-08-04 14:30:00-04:00,488.92999267578125,491.45001220703125,486.8800048828125,489.82000732421875,32357,0.0,0.0
2023-08-04 15:30:00-04:00,490.20001220703125,490.9599914550781,488.6600036621094,489.2799987792969,41050,0.0,0.0
2023-08-07 09:30:00-04:00,489.20001220703125,490.1000061035156,483.45001220703125,485.9100036621094,39793,0.0,0.0
2023-08-07 10:30:00-04:00,485.8500061035156,487.1099853515625,484.18499755859375,486.6199951171875,27659,0.0,0.0
2023-08-07 11:30:00-04:00,487.0400085449219,489.489990234375,486.19000244140625,489.29998779296875,16729,0.0,0.0
2023-08-07 12:30:00-04:00,488.94500732421875,489.4100036621094,486.18499755859375,487.2099914550781,21702,0.0,0.0
2023-08-07 13:30:00-04:00,487.1700134277344,487.1700134277344,483.2699890136719,484.260009765625,26699,0.0,0.0
2023-08-07 14:30:00-04:00,484.4800109863281,484.510009765625,479.0400085449219,480.7699890136719,47369,0.0,0.0
2023-08-07 15:30:00-04:00,480.20001220703125,485.3699951171875,479.9700012207031,483.57000732421875,70991,0.0,0.0
2023-08-08 09:30:00-04:00,485.6199951171875,492.8800048828125,482.7300109863281,490.3800048828125,52595,0.0,0.0
2023-08-08 10:30:00-04:00,490.0,491.32000732421875,489.1099853515625,490.30999755859375,33429,0.0,0.0
2023-08-08 11:30:00-04:00,490.010009765625,490.5899963378906,489.4200134277344,490.1499938964844,20806,0.0,0.0
2023-08-08 12:30:00-04:00,489.82000732421875,491.1099853515625,489.43499755859375,490.29998779296875,15230,0.0,0.0
2023-08-08 13:30:00-04:00,490.2449951171875,490.7349853515625,489.7699890136719,490.2200012207031,13287,0.0,0.0
2023-08-08 14:30:00-04:00,489.5299987792969,489.5299987792969,487.29998779296875,488.1600036621094,12799,0.0,0.0
2023-08-08 15:30:00-04:00,488.2900085449219,488.54998779296875,486.92498779296875,488.489990234375,35122,0.0,0.0
2023-08-09 09:30:00-04:00,492.7200012207031,495.31439208984375,490.3299865722656,493.4200134277344,42819,0.0,0.0
2023-08-09 10:30:00-04:00,493.75,496.4200134277344,491.489990234375,495.6449890136719,35111,0.0,0.0
2023-08-09 11:30:00-04:00,495.94000244140625,496.7300109863281,494.25,495.2300109863281,16887,0.0,0.0
2023-08-09 12:30:00-04:00,494.4800109863281,498.6650085449219,494.4750061035156,497.7699890136719,16681,0.0,0.0
2023-08-09 13:30:00-04:00,498.3963928222656,499.6499938964844,497.239990234375,498.7099914550781,25614,0.0,0.0
2023-08-09 14:30:00-04:00,498.7349853515625,501.1400146484375,498.6199951171875,500.6000061035156,48704,0.0,0.0
2023-08-09 15:30:00-04:00,500.1050109863281,500.5199890136719,497.7799987792969,498.25,77502,0.0,0.0
2023-08-10 09:30:00-04:00,500.19000244140625,506.3599853515625,500.19000244140625,505.0899963378906,49108,0.0,0.0
2023-08-10 10:30:00-04:00,505.19000244140625,505.6099853515625,501.80999755859375,503.1700134277344,34541,0.0,0.0
2023-08-10 11:30:00-04:00,504.1099853515625,505.0400085449219,502.19500732421875,502.79998779296875,20811,0.0,0.0
2023-08-10 12:30:00-04:00,502.8699951171875,504.0,501.3900146484375,501.3900146484375,22144,0.0,0.0
2023-08-10 13:30:00-04:00,500.6099853515625,501.4700012207031,498.80999755859375,501.4700012207031,12366,0.0,0.0
2023-08-10 14:30:00-04:00,501.6400146484375,502.80499267578125,500.4599914550781,502.1000061035156,18198,0.0,0.0
2023-08-10 15:30:00-04:00,501.8800048828125,503.70001220703125,501.385009765625,502.75,39133,0.0,0.0
2023-08-11 09:30:00-04:00,499.1499938964844,503.55499267578125,497.8999938964844,502.5,52509,0.0,0.0
2023-08-11 10:30:00-04:00,502.6000061035156,502.9200134277344,495.2200012207031,496.5799865722656,48547,0.0,0.0
2023-08-11 11:30:00-04:00,496.25,499.6600036621094,496.1499938964844,499.6600036621094,28300,0.0,0.0
2023-08-11 12:30:00-04:00,499.5050048828125,499.6449890136719,497.6600036621094,497.69000244140625,21897,0.0,0.0
2023-08-11 13:30:00-04:00,497.7200012207031,498.1199951171875,496.1499938964844,497.42999267578125,13033,0.0,0.0
2023-08-11 14:30:00-04:00,497.7900085449219,497.7900085449219,495.5,495.94000244140625,18448,0.0,0.0
2023-08-11 15:30:00-04:00,495.7300109863281,497.1499938964844,493.3399963378906,493.3399963378906,61798,0.0,0.0
2023-08-14 09:30:00-04:00,493.1300048828125,497.2799987792969,491.69000244140625,497.0249938964844,29088,0.0,0.0
2023-08-14 10:30:00-04:00,497.1199951171875,498.6050109863281,495.9100036621094,498.3349914550781,26509,0.0,0.0
2023-08-14 11:30:00-04:00,498.3999938964844,503.4700012207031,497.9200134277344,503.4700012207031,15819,0.0,0.0
2023-08-14 12:30:00-04:00,503.0899963378906,503.0899963378906,500.29998779296875,500.8599853515625,8653,0.0,0.0
2023-08-14 13:30:00-04:00,501.739990234375,502.6300048828125,501.05499267578125,501.8399963378906,10629,0.0,0.0
2023-08-14 14:30:00-04:00,501.9100036621094,506.8900146484375,501.9049987792969,506.6400146484375,22752,0.0,0.0
2023-08-14 15:30:00-04:00,505.8999938964844,506.9599914550781,505.2449951171875,506.95001220703125,43172,0.0,0.0
2023-08-15 09:30:00-04:00,504.0899963378906,507.8999938964844,503.5400085449219,506.6499938964844,76624,0.0,0.0
2023-08-15 10:30:00-04:00,506.93499755859375,509.6099853515625,506.8999938964844,507.1400146484375,28311,0.0,0.0
2023-08-15 11:30:00-04:00,507.42999267578125,509.1700134277344,505.67999267578125,506.1600036621094,9247,0.0,0.0
2023-08-15 12:30:00-04:00,506.30999755859375,508.6600036621094,506.30999755859375,508.6600036621094,15113,0.0,0.0
2023-08-15 13:30:00-04:00,508.6600036621094,510.0299987792969,506.70001220703125,508.1099853515625,27941,0.0,0.0
2023-08-15 14:30:00-04:00,508.25,508.989990234375,506.44000244140625,508.1400146484375,18565,0.0,0.0
2023-08-15 15:30:00-04:00,507.92999267578125,509.5,506.489990234375,507.0,47256,0.0,0.0
2023-08-16 09:30:00-04:00,501.29998779296875,502.5799865722656,499.69500732421875,502.5799865722656,19439,0.0,0.0
2023-08-16 10:30:00-04:00,501.7250061035156,502.8299865722656,500.9949951171875,502.0799865722656,15577,0.0,0.0
2023-08-16 11:30:00-04:00,500.67999267578125,501.2900085449219,498.94000244140625,498.94000244140625,11529,0.0,0.0
2023-08-16 12:30:00-04:00,498.7799987792969,501.6549987792969,498.1499938964844,500.8800048828125,22875,0.0,0.0
2023-08-16 13:30:00-04:00,501.1400146484375,505.5899963378906,501.135009765625,505.5799865722656,13583,0.0,0.0
2023-08-16 14:30:00-04:00,505.885009765625,505.885009765625,503.32000732421875,504.9700012207031,12552,0.0,0.0
2023-08-16 15:30:00-04:00,504.69500732421875,506.04998779296875,498.82000732421875,501.17999267578125,49236,0.0,0.0
2023-08-17 09:30:00-04:00,503.7900085449219,503.7900085449219,495.04998779296875,495.04998779296875,19470,0.0,0.0
2023-08-17 10:30:00-04:00,495.19000244140625,497.2699890136719,494.9700012207031,495.6499938964844,27314,0.0,0.0
2023-08-17 11:30:00-04:00,495.2300109863281,496.82000732421875,494.1000061035156,494.1499938964844,20868,0.0,0.0
2023-08-17 12:30:00-04:00,494.7200012207031,494.760009765625,493.4700012207031,494.18499755859375,20537,0.0,0.0
2023-08-17 13:30:00-04:00,494.2449951171875,495.9100036621094,493.95001220703125,495.05999755859375,12039,0.0,0.0
2023-08-17 14:30:00-04:00,495.2650146484375,495.3299865722656,493.3800964355469,493.510009765625,12938,0.0,0.0
2023-08-17 15:30:00-04:00,493.8550109863281,494.29998779296875,492.760009765625,493.1000061035156,31404,0.0,0.0
2023-08-18 09:30:00-04:00,487.32000732421875,491.75,487.32000732421875,489.8699951171875,40725,0.0,0.0
2023-08-18 10:30:00-04:00,490.3599853515625,491.6700134277344,487.3399963378906,488.8900146484375,17703,0.0,0.0
2023-08-18 11:30:00-04:00,488.75,490.8900146484375,488.25,489.82501220703125,7715,0.0,0.0
2023-08-18 12:30:00-04:00,489.2099914550781,490.29998779296875,488.4800109863281,488.4800109863281,5547,0.0,0.0
2023-08-18 13:30:00-04:00,487.489990234375,489.5,487.489990234375,489.1499938964844,7412,0.0,0.0
2023-08-18 14:30:00-04:00,488.7900085449219,490.19000244140625,488.6400146484375,490.1300048828125,11791,0.0,0.0
2023-08-18 15:30:00-04:00,490.75,491.44000244140625,488.1700134277344,488.6000061035156,37017,0.0,0.0
2023-08-21 09:30:00-04:00,492.4599914550781,493.9560852050781,488.7149963378906,493.57000732421875,31893,0.0,0.0
2023-08-21 10:30:00-04:00,494.489990234375,497.42999267578125,494.17999267578125,496.81500244140625,24496,0.0,0.0
2023-08-21 11:30:00-04:00,496.95001220703125,500.5450134277344,494.83380126953125,499.8500061035156,18836,0.0,0.0
2023-08-21 12:30:00-04:00,500.25,502.6700134277344,498.9800109863281,501.82000732421875,6987,0.0,0.0
2023-08-21 13:30:00-04:00,502.7300109863281,505.7607116699219,501.3299865722656,504.4949951171875,19617,0.0,0.0
2023-08-21 14:30:00-04:00,503.8699951171875,507.3599853515625,503.7900085449219,506.70001220703125,34879,0.0,0.0
2023-08-21 15:30:00-04:00,506.9599914550781,507.7449951171875,504.17999267578125,504.70001220703125,70628,0.0,0.0
2023-08-22 09:30:00-04:00,502.7300109863281,504.4100036621094,499.80999755859375,502.1300048828125,29894,0.0,0.0
2023-08-22 10:30:00-04:00,501.6000061035156,503.760009765625,500.1700134277344,503.1000061035156,20465,0.0,0.0
2023-08-22 11:30:00-04:00,503.9800109863281,503.9800109863281,501.1199951171875,501.1700134277344,14376,0.0,0.0
2023-08-22 12:30:00-04:00,501.5,504.69989013671875,501.1499938964844,503.625,13810,0.0,0.0
2023-08-22 13:30:00-04:00,503.44500732421875,504.7799987792969,503.44500732421875,504.7250061035156,6007,0.0,0.0
2023-08-22 14:30:00-04:00,504.80999755859375,504.8599853515625,501.07000732421875,501.7650146484375,17545,0.0,0.0
2023-08-22 15:30:00-04:00,501.7699890136719,501.92999267578125,500.010009765625,500.80999755859375,28395,0.0,0.0
2023-08-23 09:30:00-04:00,500.79998779296875,505.6600036621094,499.1400146484375,501.4700012207031,17547,0.0,0.0
2023-08-23 10:30:00-04:00,500.9800109863281,502.7900085449219,500.1000061035156,502.7900085449219,17799,0.0,0.0
2023-08-23 11:30:00-04:00,501.94000244140625,502.510009765625,499.05499267578125,502.1000061035156,6583,0.0,0.0
2023-08-23 12:30:00-04:00,502.0400085449219,503.80999755859375,502.0,503.29998779296875,8200,0.0,0.0
2023-08-23 13:30:00-04:00,503.8450012207031,504.2300109863281,501.7950134277344,502.2200012207031,7125,0.0,0.0
2023-08-23 14:30:00-04:00,501.9200134277344,502.6099853515625,500.38690185546875,502.6099853515625,12109,0.0,0.0
2023-08-23 15:30:00-04:00,502.9800109863281,503.5299987792969,502.04998779296875,502.1000061035156,36592,0.0,0.0
2023-08-24 09:30:00-04:00,503.2900085449219,507.8699951171875,503.1199951171875,505.5799865722656,23418,0.0,0.0
2023-08-24 10:30:00-04:00,504.3500061035156,506.3500061035156,503.8900146484375,506.3500061035156,15629,0.0,0.0
2023-08-24 11:30:00-04:00,506.614990234375,507.260009765625,502.8399963378906,502.95001220703125,14554,0.0,0.0
2023-08-24 12:30:00-04:00,503.0400085449219,504.80999755859375,503.0400085449219,504.6400146484375,5222,0.0,0.0
2023-08-24 13:30:00-04:00,504.4150085449219,505.8399963378906,504.30999755859375,505.8399963378906,6689,0.0,0.0
2023-08-24 14:30:00-04:00,506.19000244140625,508.2200012207031,506.19000244140625,506.67999267578125,14203,0.0,0.0
2023-08-24 15:30:00-04:00,506.7349853515625,507.8500061035156,505.9049987792969,507.0799865722656,30683,0.0,0.0
2023-08-25 09:30:00-04:00,506.489990234375,507.6199951171875,505.6099853515625,507.0,12895,0.0,0.0
2023-08-25 10:30:00-04:00,506.92999267578125,507.5,505.57000732421875,506.2200012207031,6739,0.0,0.0
2023-08-25 11:30:00-04:00,506.9200134277344,506.9200134277344,505.1000061035156,505.4949951171875,4782,0.0,0.0
2023-08-25 12:30:00-04:00,505.5950012207031,508.0899963378906,505.5199890136719,508.0899963378906,3755,0.0,0.0
2023-08-25 13:30:00-04:00,508.1700134277344,509.5,508.1700134277344,509.42999267578125,5902,0.0,0.0
2023-08-25 14:30:00-04:00,509.489990234375,510.489990234375,508.4800109863281,509.5299987792969,10174,0.0,0.0
2023-08-25 15:30:00-04:00,509.6099853515625,510.32000732421875,506.5299987792969,507.1199951171875,27960,0.0,0.0
2023-08-28 09:30:00-04:00,507.6099853515625,515.3051147460938,507.05999755859375,508.4599914550781,25036,0.0,0.0
2023-08-28 10:30:00-04:00,506.9200134277344,507.05999755859375,504.6700134277344,507.05999755859375,14886,0.0,0.0
2023-08-28 11:30:00-04:00,507.07000732421875,507.57000732421875,505.6700134277344,505.80999755859375,6277,0.0,0.0
2023-08-28 12:30:00-04:00,506.4949951171875,507.80999755859375,505.57000732421875,506.1724853515625,7008,0.0,0.0
2023-08-28 13:30:00-04:00,506.18499755859375,506.6400146484375,505.0899963378906,505.7650146484375,6729,0.0,0.0
2023-08-28 14:30:00-04:00,506.260009765625,508.3299865722656,506.260009765625,507.9200134277344,19001,0.0,0.0
2023-08-28 15:30:00-04:00,507.92999267578125,510.1700134277344,507.75,508.010009765625,22113,0.0,0.0
2023-08-29 09:30:00-04:00,507.0899963378906,507.385009765625,504.6199951171875,504.6199951171875,13094,0.0,0.0
2023-08-29 10:30:00-04:00,504.9100036621094,505.2099914550781,503.4800109863281,504.9700012207031,14243,0.0,0.0
2023-08-29 11:30:00-04:00,505.114990234375,507.0899963378906,505.114990234375,507.0799865722656,6553,0.0,0.0
2023-08-29 12:30:00-04:00,507.625,508.1098937988281,506.1099853515625,507.2200012207031,11021,0.0,0.0
2023-08-29 13:30:00-04:00,507.260009765625,507.79998779296875,505.8999938964844,506.2349853515625,14194,0.0,0.0
2023-08-29 14:30:00-04:00,504.7349853515625,505.3999938964844,502.45001220703125,504.1000061035156,12071,0.0,0.0
2023-08-29 15:30:00-04:00,504.6000061035156,504.75,503.9100036621094,504.489990234375,21185,0.0,0.0
2023-08-30 09:30:00-04:00,510.95001220703125,513.7000122070312,508.19000244140625,508.3349914550781,29376,0.0,0.0
2023-08-30 10:30:00-04:00,508.1400146484375,510.0350036621094,507.7799987792969,508.1000061035156,14461,0.0,0.0
2023-08-30 11:30:00-04:00,508.70001220703125,510.4599914550781,508.32000732421875,508.43499755859375,20090,0.0,0.0
2023-08-30 12:30:00-04:00,508.8599853515625,508.8599853515625,505.55999755859375,506.1549987792969,14532,0.0,0.0
2023-08-30 13:30:00-04:00,506.1499938964844,506.7900085449219,505.55999755859375,505.8299865722656,15062,0.0,0.0
2023-08-30 14:30:00-04:00,506.239990234375,506.6300048828125,504.5199890136719,504.5299987792969,11089,0.0,0.0
2023-08-30 15:30:00-04:00,503.7550048828125,504.1700134277344,502.8900146484375,502.8900146484375,25641,0.0,0.0
2023-08-31 09:30:00-04:00,504.4800109863281,505.2099914550781,503.260009765625,503.9700012207031,28959,0.0,0.0
2023-08-31 10:30:00-04:00,503.8550109863281,505.0299987792969,501.989990234375,503.2900085449219,34175,0.0,0.0
2023-08-31 11:30:00-04:00,503.2699890136719,504.1099853515625,501.3800048828125,501.8399963378906,18566,0.0,0.0
2023-08-31 12:30:00-04:00,502.20001220703125,503.0,500.9700012207031,502.2550048828125,11058,0.0,0.0
2023-08-31 13:30:00-04:00,502.4150085449219,502.8599853515625,501.4599914550781,502.44000244140625,11676,0.0,0.0
2023-08-31 14:30:00-04:00,502.4750061035156,502.4849853515625,500.9599914550781,501.1300048828125,9226,0.0,0.0
2023-08-31 15:30:00-04:00,501.3699951171875,502.47100830078125,499.6199951171875,502.04998779296875,37009,0.0,0.0
2023-09-01 09:30:00-04:00,519.22998046875,520.3800048828125,513.8599853515625,516.280029296875,36358,0.0,0.0
2023-09-01 10:30:00-04:00,515.39501953125,517.4600219726562,514.9500122070312,516.5,34103,0.0,0.0
2023-09-01 11:30:00-04:00,516.3099975585938,516.77001953125,515.1099853515625,515.6799926757812,8801,0.0,0.0
2023-09-01 12:30:00-04:00,515.780029296875,515.780029296875,513.7100219726562,514.5,8533,0.0,0.0
2023-09-01 13:30:00-04:00,515.010009765625,516.6649780273438,514.6599731445312,515.8599853515625,9737,0.0,0.0
2023-09-01 14:30:00-04:00,515.4299926757812,518.0,515.4299926757812,518.0,11827,0.0,0.0
2023-09-01 15:30:00-04:00,517.5599975585938,518.0020141601562,514.77001953125,514.77001953125,41624,0.0,0.0
2023-09-05 09:30:00-04:00,518.6900024414062,519.280029296875,514.3099975585938,515.5399780273438,27435,0.0,0.0
2023-09-05 10:30:00-04:00,515.6199951171875,516.3099975585938,512.4550170898438,513.6099853515625,22410,0.0,0.0
2023-09-05 11:30:00-04:00,513.1400146484375,513.5700073242188,510.5899963378906,511.2049865722656,13291,0.0,0.0
2023-09-05 12:30:00-04:00,510.8949890136719,511.4599914550781,509.489990234375,509.6000061035156,24740,0.0,0.0
2023-09-05 13:30:00-04:00,509.2900085449219,510.875,507.7550048828125,510.5899963378906,46529,0.0,0.0
2023-09-05 14:30:00-04:00,511.19000244140625,511.9200134277344,509.6400146484375,511.8500061035156,15144,0.0,0.0
2023-09-05 15:30:00-04:00,512.8699951171875,514.0,512.52001953125,513.8400268554688,31086,0.0,0.0
2023-09-06 09:30:00-04:00,514.510009765625,522.5700073242188,514.510009765625,515.3300170898438,47950,0.0,0.0
2023-09-06 10:30:00-04:00,515.625,517.4099731445312,515.4949951171875,516.6699829101562,17127,0.0,0.0
2023-09-06 11:30:00-04:00,515.8599853515625,517.9000244140625,515.1649780273438,517.6799926757812,17521,0.0,0.0
2023-09-06 12:30:00-04:00,517.3699951171875,517.5399780273438,514.6749877929688,517.5399780273438,17602,0.0,0.0
2023-09-06 13:30:00-04:00,516.5900268554688,517.3800048828125,515.1500244140625,517.1300048828125,11688,0.0,0.0
2023-09-06 14:30:00-04:00,518.14501953125,519.3400268554688,517.739990234375,519.0,16478,0.0,0.0
2023-09-06 15:30:00-04:00,518.989990234375,520.27001953125,516.260009765625,517.9600219726562,41453,0.0,0.0
2023-09-07 09:30:00-04:00,515.0499877929688,516.4500122070312,512.0050048828125,514.0150146484375,0,0.0,0.0
2023-09-07 10:30:00-04:00,513.64501953125,514.6599731445312,510.260009765625,510.760009765625,35838,0.0,0.0
2023-09-07 11:30:00-04:00,511.260009765625,513.47998046875,510.3599853515625,512.719970703125,27094,0.0,0.0
2023-09-07 12:30:00-04:00,513.0399780273438,514.1500244140625,511.9100036621094,513.0399780273438,13802,0.0,0.0
2023-09-07 13:30:00-04:00,512.8900146484375,514.3800048828125,512.5449829101562,514.1300048828125,9545,0.0,0.0
2023-09-07 14:30:00-04:00,514.239990234375,516.0050048828125,513.77001953125,515.64501953125,16558,0.0,0.0
2023-09-07 15:30:00-04:00,516.39501953125,517.5599975585938,515.7999877929688,517.0399780273438,49804,0.0,0.0
2023-09-08 09:30:00-04:00,517.4099731445312,517.969970703125,515.9299926757812,516.1099853515625,12697,0.0,0.0
2023-09-08 10:30:00-04:00,516.72998046875,520.0,515.8699951171875,519.5499877929688,22225,0.0,0.0
2023-09-08 11:30:00-04:00,519.7100219726562,520.3681030273438,516.75,516.75,14097,0.0,0.0
2023-09-08 12:30:00-04:00,517.8800048828125,517.8800048828125,513.9749755859375,513.9749755859375,11476,0.0,0.0
2023-09-08 13:30:00-04:00,513.4600219726562,513.4600219726562,511.9150085449219,511.9150085449219,5445,0.0,0.0
2023-09-08 14:30:00-04:00,512.1900024414062,512.1900024414062,509.11248779296875,509.510009765625,23771,0.0,0.0
2023-09-08 15:30:00-04:00,509.6199951171875,510.54998779296875,509.0375061035156,509.8500061035156,26568,0.0,0.0
2023-09-11 09:30:00-04:00,518.3699951171875,524.9000244140625,515.3049926757812,522.594970703125,58645,0.0,0.0
2023-09-11 10:30:00-04:00,522.5999755859375,529.0399780273438,522.22998046875,528.9500122070312,40439,0.0,0.0
2023-09-11 11:30:00-04:00,529.6500244140625,532.52001953125,528.6599731445312,531.97998046875,17573,0.0,0.0
2023-09-11 12:30:00-04:00,532.594970703125,532.594970703125,528.2000122070312,530.7000122070312,20668,0.0,0.0
2023-09-11 13:30:00-04:00,531.22998046875,532.510009765625,529.760009765625,530.25,11885,0.0,0.0
2023-09-11 14:30:00-04:00,529.5499877929688,529.5499877929688,525.7750244140625,526.4749755859375,33505,0.0,0.0
2023-09-11 15:30:00-04:00,526.4400024414062,526.4400024414062,523.6699829101562,524.4199829101562,41246,0.0,0.0
2023-09-12 09:30:00-04:00,518.0,521.635009765625,517.10498046875,521.5650024414062,33811,0.0,0.0
2023-09-12 10:30:00-04:00,521.2650146484375,522.3599853515625,520.094970703125,520.719970703125,17221,0.0,0.0
2023-09-12 11:30:00-04:00,520.6199951171875,523.3300170898438,520.6199951171875,523.3300170898438,3160,0.0,0.0
2023-09-12 12:30:00-04:00,523.9299926757812,523.9299926757812,520.405029296875,521.0,8962,0.0,0.0
2023-09-12 13:30:00-04:00,521.280029296875,521.6300048828125,519.8499755859375,520.125,18531,0.0,0.0
2023-09-12 14:30:00-04:00,520.530029296875,521.1099853515625,519.7949829101562,520.5999755859375,21572,0.0,0.0
2023-09-12 15:30:00-04:00,520.280029296875,522.010009765625,520.280029296875,521.739990234375,40519,0.0,0.0
2023-09-13 09:30:00-04:00,515.1500244140625,517.7000122070312,513.1799926757812,517.3150024414062,55612,0.0,0.0
2023-09-13 10:30:00-04:00,517.969970703125,518.7100219726562,516.1199951171875,516.2904052734375,18533,0.0,0.0
2023-09-13 11:30:00-04:00,516.4299926757812,516.8099975585938,515.9600219726562,516.0700073242188,12289,0.0,0.0
2023-09-13 12:30:00-04:00,516.239990234375,518.969970703125,515.969970703125,518.969970703125,9905,0.0,0.0
2023-09-13 13:30:00-04:00,519.3300170898438,519.3400268554688,516.27001953125,516.6300048828125,9438,0.0,0.0
2023-09-13 14:30:00-04:00,515.719970703125,516.2249755859375,514.5900268554688,515.7650146484375,18324,0.0,0.0
2023-09-13 15:30:00-04:00,516.0250244140625,516.1799926757812,515.0900268554688,516.0700073242188,30223,0.0,0.0
2023-09-14 09:30:00-04:00,516.489990234375,520.0999755859375,516.489990234375,519.989990234375,46827,0.0,0.0
2023-09-14 10:30:00-04:00,520.9600219726562,525.0399780273438,520.9600219726562,524.0999755859375,41846,0.0,0.0
2023-09-14 11:30:00-04:00,524.0,524.3099975585938,520.7999877929688,522.83251953125,22579,0.0,0.0
2023-09-14 12:30:00-04:00,522.7750244140625,524.9367065429688,522.6300048828125,524.8400268554688,13572,0.0,0.0
2023-09-14 13:30:00-04:00,524.9400024414062,526.2000122070312,524.135009765625,524.875,29610,0.0,0.0
2023-09-14 14:30:00-04:00,524.6300048828125,524.9099731445312,523.3599853515625,524.0900268554688,28723,0.0,0.0
2023-09-14 15:30:00-04:00,523.97998046875,525.0,521.9149780273438,523.4000244140625,84842,0.0,0.0
2023-09-15 09:30:00-04:00,520.1400146484375,526.7650146484375,519.9450073242188,523.5900268554688,39941,0.0,0.0
2023-09-15 10:30:00-04:00,523.5399780273438,526.5900268554688,520.3400268554688,525.5399780273438,57869,0.0,0.0
2023-09-15 11:30:00-04:00,526.0599975585938,526.0599975585938,520.75,521.7401123046875,29707,0.0,0.0
2023-09-15 12:30:00-04:00,522.864990234375,524.77001953125,522.1685180664062,523.6900024414062,11693,0.0,0.0
2023-09-15 13:30:00-04:00,523.25,525.010009765625,522.85498046875,524.3699951171875,27688,0.0,0.0
2023-09-15 14:30:00-04:00,524.77001953125,526.0,523.2899780273438,523.969970703125,32114,0.0,0.0
2023-09-15 15:30:00-04:00,524.219970703125,528.3699951171875,523.8599853515625,527.97998046875,101418,0.0,0.0
2023-09-18 09:30:00-04:00,521.8699951171875,525.0,519.0700073242188,521.5349731445312,64126,0.0,0.0
2023-09-18 10:30:00-04:00,521.3900146484375,521.5750122070312,519.4000244140625,521.3300170898438,38952,0.0,0.0
2023-09-18 11:30:00-04:00,522.1799926757812,524.9199829101562,521.8499755859375,524.9199829101562,11452,0.0,0.0
2023-09-18 12:30:00-04:00,524.6199951171875,525.5700073242188,523.8200073242188,524.5499877929688,6175,0.0,0.0
2023-09-18 13:30:00-04:00,524.9600219726562,524.9600219726562,522.1699829101562,523.75,10697,0.0,0.0
2023-09-18 14:30:00-04:00,522.8900146484375,523.7150268554688,522.155029296875,522.155029296875,23493,0.0,0.0
2023-09-18 15:30:00-04:00,522.1124877929688,524.5349731445312,522.0399780273438,522.9299926757812,55809,0.0,0.0
2023-09-19 09:30:00-04:00,521.25,525.3800048828125,519.969970703125,524.7899780273438,40316,0.0,0.0
2023-09-19 10:30:00-04:00,524.7999877929688,525.0900268554688,521.7899780273438,522.5999755859375,29370,0.0,0.0
2023-09-19 11:30:00-04:00,523.0,524.22998046875,522.1649780273438,523.0650024414062,15992,0.0,0.0
2023-09-19 12:30:00-04:00,522.8250122070312,523.8800048828125,521.469970703125,522.155029296875,9388,0.0,0.0
2023-09-19 13:30:00-04:00,522.0900268554688,523.6699829101562,522.0900268554688,523.1099853515625,9226,0.0,0.0
2023-09-19 14:30:00-04:00,523.4400024414062,523.8499755859375,523.08251953125,523.7999877929688,24811,0.0,0.0
2023-09-19 15:30:00-04:00,523.8400268554688,526.0499877929688,523.8400268554688,524.530029296875,44759,0.0,0.0
2023-09-20 09:30:00-04:00,527.4600219726562,527.4600219726562,523.219970703125,523.469970703125,26254,0.0,0.0
2023-09-20 10:30:00-04:00,523.1400146484375,524.2000122070312,522.1500244140625,522.3499755859375,47864,0.0,0.0
2023-09-20 11:30:00-04:00,522.6900024414062,522.8275146484375,520.3049926757812,522.1199951171875,12840,0.0,0.0
2023-09-20 12:30:00-04:00,521.4099731445312,522.969970703125,521.4099731445312,522.27001953125,25479,0.0,0.0
2023-09-20 13:30:00-04:00,522.0900268554688,522.239990234375,519.25,520.3599853515625,26706,0.0,0.0
2023-09-20 14:30:00-04:00,520.1699829101562,522.4849853515625,519.989990234375,520.6950073242188,15507,0.0,0.0
2023-09-20 15:30:00-04:00,520.0800170898438,520.4949951171875,513.9299926757812,514.2349853515625,37175,0.0,0.0
2023-09-21 09:30:00-04:00,513.8099975585938,513.8099975585938,504.92999267578125,509.25,45168,0.0,0.0
2023-09-21 10:30:00-04:00,508.55499267578125,509.32000732421875,504.8299865722656,505.260009765625,35659,0.0,0.0
2023-09-21 11:30:00-04:00,505.3900146484375,506.9200134277344,502.85009765625,506.9200134277344,24016,0.0,0.0
2023-09-21 12:30:00-04:00,507.2799987792969,511.7099914550781,507.2101135253906,510.9700012207031,8551,0.0,0.0
2023-09-21 13:30:00-04:00,510.5799865722656,510.6600036621094,508.45001220703125,508.45001220703125,5769,0.0,0.0
2023-09-21 14:30:00-04:00,508.80999755859375,510.05999755859375,505.2699890136719,505.510009765625,21690,0.0,0.0
2023-09-21 15:30:00-04:00,505.5,506.5950012207031,503.94500732421875,505.4100036621094,54682,0.0,0.0
2023-09-22 09:30:00-04:00,507.8699951171875,509.8999938964844,505.4501037597656,509.18499755859375,21299,0.0,0.0
2023-09-22 10:30:00-04:00,508.7250061035156,509.3500061035156,507.06500244140625,508.6549987792969,25459,0.0,0.0
2023-09-22 11:30:00-04:00,508.375,509.6099853515625,507.489990234375,508.69500732421875,12064,0.0,0.0
2023-09-22 12:30:00-04:00,509.7900085449219,511.69000244140625,509.75,509.75,12049,0.0,0.0
2023-09-22 13:30:00-04:00,509.7349853515625,510.5799865722656,507.45001220703125,508.2950134277344,12919,0.0,0.0
2023-09-22 14:30:00-04:00,508.2300109863281,508.7300109863281,506.4049987792969,508.0849914550781,14994,0.0,0.0
2023-09-22 15:30:00-04:00,507.9525146484375,508.05499267578125,505.4534912109375,505.70001220703125,30150,0.0,0.0
2023-09-25 09:30:00-04:00,504.6700134277344,504.69000244140625,500.8699951171875,502.95001220703125,15275,0.0,0.0
2023-09-25 10:30:00-04:00,501.69000244140625,505.260009765625,501.69000244140625,505.260009765625,14714,0.0,0.0
2023-09-25 11:30:00-04:00,505.0,510.67999267578125,505.0,510.0,8707,0.0,0.0
2023-09-25 12:30:00-04:00,510.0,510.6600036621094,508.4100036621094,508.5950012207031,10217,0.0,0.0
2023-09-25 13:30:00-04:00,508.6000061035156,508.760009765625,506.0799865722656,506.0799865722656,11517,0.0,0.0
2023-09-25 14:30:00-04:00,506.07000732421875,507.2900085449219,504.4200134277344,507.1000061035156,21757,0.0,0.0
2023-09-25 15:30:00-04:00,507.0899963378906,509.0199890136719,506.79998779296875,508.6000061035156,26074,0.0,0.0
2023-09-26 09:30:00-04:00,483.6700134277344,485.54998779296875,477.2300109863281,478.5199890136719,189903,0.0,0.0
2023-09-26 10:30:00-04:00,477.3599853515625,480.2200012207031,475.67498779296875,476.1099853515625,92250,0.0,0.0
2023-09-26 11:30:00-04:00,475.80999755859375,487.57000732421875,473.1000061035156,483.7550048828125,144718,0.0,0.0
2023-09-26 12:30:00-04:00,483.56500244140625,488.67999267578125,483.37750244140625,486.7250061035156,50200,0.0,0.0
2023-09-26 13:30:00-04:00,486.69500732421875,487.2900085449219,482.1600036621094,483.04998779296875,35279,0.0,0.0
2023-09-26 14:30:00-04:00,482.8500061035156,485.0799865722656,481.75,484.9700012207031,53763,0.0,0.0
2023-09-26 15:30:00-04:00,484.97039794921875,485.7200012207031,482.625,483.510009765625,61473,0.0,0.0
2023-09-27 09:30:00-04:00,488.5,489.5199890136719,481.1199951171875,482.80999755859375,56901,0.0,0.0
2023-09-27 10:30:00-04:00,482.239990234375,482.7099914550781,479.010009765625,480.5849914550781,39811,0.0,0.0
2023-09-27 11:30:00-04:00,480.3299865722656,482.6300048828125,475.2149963378906,475.2149963378906,30300,0.0,0.0
2023-09-27 12:30:00-04:00,475.20001220703125,478.2099914550781,475.1549987792969,476.9750061035156,20892,0.0,0.0
2023-09-27 13:30:00-04:00,476.6000061035156,476.9800109863281,472.8500061035156,475.6099853515625,35553,0.0,0.0
2023-09-27 14:30:00-04:00,476.6724853515625,480.0,476.5,478.0874938964844,35572,0.0,0.0
2023-09-27 15:30:00-04:00,478.3399963378906,478.8800048828125,475.9649963378906,477.1499938964844,60050,0.0,0.0
2023-09-28 09:30:00-04:00,479.6000061035156,482.55999755859375,476.0899963378906,477.3324890136719,44164,0.0,0.0
2023-09-28 10:30:00-04:00,477.2799987792969,479.8599853515625,476.29998779296875,478.0899963378906,25269,0.0,0.0
2023-09-28 11:30:00-04:00,478.25,483.6199951171875,477.32000732421875,483.6050109863281,22903,0.0,0.0
2023-09-28 12:30:00-04:00,483.6099853515625,483.6099853515625,480.8599853515625,481.82501220703125,8433,0.0,0.0
2023-09-28 13:30:00-04:00,482.17999267578125,484.1700134277344,481.8500061035156,483.9100036621094,14048,0.0,0.0
2023-09-28 14:30:00-04:00,483.7349853515625,486.82000732421875,483.44000244140625,486.4549865722656,30318,0.0,0.0
2023-09-28 15:30:00-04:00,486.17999267578125,486.510009765625,484.2699890136719,486.0899963378906,37668,0.0,0.0
2023-09-29 09:30:00-04:00,487.6499938964844,491.7049865722656,485.54998779296875,491.5050048828125,26786,0.0,0.0
2023-09-29 10:30:00-04:00,491.3949890136719,491.3949890136719,488.7349853515625,488.7799987792969,20166,0.0,0.0
2023-09-29 11:30:00-04:00,488.5249938964844,489.05499267578125,486.6099853515625,487.6300048828125,24105,0.0,0.0
2023-09-29 12:30:00-04:00,488.17498779296875,492.8599853515625,488.1499938964844,492.7449951171875,22697,0.0,0.0
2023-09-29 13:30:00-04:00,492.5199890136719,493.7349853515625,492.3599853515625,492.94500732421875,18528,0.0,0.0
2023-09-29 14:30:00-04:00,492.9574890136719,496.1400146484375,492.8800048828125,495.29998779296875,37832,0.0,0.0
2023-09-29 15:30:00-04:00,495.1199951171875,495.510009765625,491.3599853515625,491.6300048828125,83083,0.0,0.0
2023-10-02 09:30:00-04:00,486.8699951171875,490.6000061035156,486.1449890136719,490.6000061035156,35988,0.0,0.0
2023-10-02 10:30:00-04:00,490.0299987792969,492.9049987792969,489.7900085449219,492.2449951171875,33489,0.0,0.0
2023-10-02 11:30:00-04:00,492.06500244140625,492.06500244140625,488.5,488.5,15239,0.0,0.0
2023-10-02 12:30:00-04:00,487.6000061035156,487.6000061035156,480.3599853515625,481.9949951171875,45625,0.0,0.0
2023-10-02 13:30:00-04:00,481.8599853515625,486.2049865722656,481.3500061035156,484.57000732421875,34193,0.0,0.0
2023-10-02 14:30:00-04:00,484.7449951171875,485.29998779296875,483.4599914550781,484.80999755859375,24456,0.0,0.0
2023-10-02 15:30:00-04:00,484.8299865722656,487.614990234375,484.4100036621094,487.3299865722656,43096,0.0,0.0
2023-10-03 09:30:00-04:00,481.4200134277344,483.30999755859375,474.8800048828125,474.8800048828125,35145,0.0,0.0
2023-10-03 10:30:00-04:00,474.70001220703125,475.0899963378906,468.989990234375,469.7250061035156,38945,0.0,0.0
2023-10-03 11:30:00-04:00,469.7349853515625,471.135009765625,469.04998779296875,470.6000061035156,25075,0.0,0.0
2023-10-03 12:30:00-04:00,470.6000061035156,471.3699951171875,469.6600036621094,470.20001220703125,16129,0.0,0.0
2023-10-03 13:30:00-04:00,470.1600036621094,470.38250732421875,467.2099914550781,467.9100036621094,27801,0.0,0.0
2023-10-03 14:30:00-04:00,468.1700134277344,472.1300048828125,468.1700134277344,471.3299865722656,33978,0.0,0.0
2023-10-03 15:30:00-04:00,471.4549865722656,474.2099914550781,470.5050048828125,472.6700134277344,62913,0.0,0.0
2023-10-04 09:30:00-04:00,482.6300048828125,485.8999938964844,478.05999755859375,479.19000244140625,74435,0.0,0.0
2023-10-04 10:30:00-04:00,479.0199890136719,479.364990234375,476.9800109863281,479.0249938964844,29352,0.0,0.0
2023-10-04 11:30:00-04:00,478.2250061035156,479.07000732421875,475.7699890136719,477.6499938964844,16949,0.0,0.0
2023-10-04 12:30:00-04:00,477.864990234375,478.2799987792969,476.54998779296875,476.5799865722656,15710,0.0,0.0
2023-10-04 13:30:00-04:00,475.364990234375,476.0899963378906,473.7099914550781,474.0799865722656,17050,0.0,0.0
2023-10-04 14:30:00-04:00,474.0450134277344,475.3299865722656,472.760009765625,475.3299865722656,49166,0.0,0.0
2023-10-04 15:30:00-04:00,475.1199951171875,477.32000732421875,474.95001220703125,476.4599914550781,38648,0.0,0.0
2023-10-05 09:30:00-04:00,480.2900085449219,481.7200012207031,477.052490234375,477.7200012207031,32037,0.0,0.0
2023-10-05 10:30:00-04:00,477.5050048828125,479.7749938964844,475.54998779296875,479.4800109863281,41970,0.0,0.0
2023-10-05 11:30:00-04:00,479.7699890136719,481.5799865722656,478.0799865722656,480.9800109863281,24661,0.0,0.0
2023-10-05 12:30:00-04:00,481.5400085449219,481.6400146484375,479.7250061035156,481.1499938964844,11852,0.0,0.0
2023-10-05 13:30:00-04:00,481.6600036621094,485.6499938964844,481.17999267578125,484.5199890136719,14376,0.0,0.0
2023-10-05 14:30:00-04:00,485.0899963378906,489.81500244140625,484.7699890136719,489.29998779296875,31651,0.0,0.0
2023-10-05 15:30:00-04:00,488.7200012207031,490.8599853515625,488.3299865722656,488.989990234375,34049,0.0,0.0
2023-10-06 09:30:00-04:00,484.510009765625,492.67999267578125,484.510009765625,492.67999267578125,51871,0.0,0.0
2023-10-06 10:30:00-04:00,493.04998779296875,495.3699951171875,491.9100036621094,495.3699951171875,56915,0.0,0.0
2023-10-06 11:30:00-04:00,494.82000732421875,501.489990234375,494.32501220703125,500.4599914550781,42534,0.0,0.0
2023-10-06 12:30:00-04:00,500.9100036621094,502.6199951171875,499.4599914550781,501.8299865722656,32131,0.0,0.0
2023-10-06 13:30:00-04:00,502.0,502.5,498.17498779296875,498.9150085449219,18286,0.0,0.0
2023-10-06 14:30:00-04:00,498.2727966308594,499.2300109863281,497.4800109863281,498.75,15778,0.0,0.0
2023-10-06 15:30:00-04:00,498.6199951171875,499.04998779296875,495.8699951171875,495.8699951171875,41179,0.0,0.0
2023-10-09 09:30:00-04:00,490.7300109863281,498.510009765625,489.9700012207031,491.3599853515625,63136,0.0,0.0
2023-10-09 10:30:00-04:00,491.20001220703125,494.8800048828125,490.8299865722656,494.8800048828125,64887,0.0,0.0
2023-10-09 11:30:00-04:00,494.7650146484375,496.9949951171875,492.1400146484375,496.9949951171875,18778,0.0,0.0
2023-10-09 12:30:00-04:00,495.9700012207031,497.6499938964844,495.7799987792969,497.4750061035156,20767,0.0,0.0
2023-10-09 13:30:00-04:00,497.1650085449219,500.2099914550781,497.1650085449219,500.1050109863281,11044,0.0,0.0
2023-10-09 14:30:00-04:00,500.0799865722656,502.19000244140625,499.42999267578125,502.19000244140625,28450,0.0,0.0
2023-10-09 15:30:00-04:00,501.760009765625,502.0150146484375,498.8699951171875,500.3299865722656,48869,0.0,0.0
2023-10-10 09:30:00-04:00,499.8299865722656,504.1000061035156,499.45001220703125,502.7300109863281,43277,0.0,0.0
2023-10-10 10:30:00-04:00,502.67999267578125,505.2650146484375,502.4949951171875,502.92498779296875,20737,0.0,0.0
2023-10-10 11:30:00-04:00,502.19000244140625,503.05499267578125,500.80999755859375,501.6499938964844,28493,0.0,0.0
2023-10-10 12:30:00-04:00,502.1600036621094,502.45001220703125,498.25,499.1499938964844,33118,0.0,0.0
2023-10-10 13:30:00-04:00,498.9649963378906,501.239990234375,498.4700012207031,498.4700012207031,11825,0.0,0.0
2023-10-10 14:30:00-04:00,497.510009765625,499.3299865722656,497.2300109863281,498.3500061035156,16372,0.0,0.0
2023-10-10 15:30:00-04:00,498.7099914550781,500.8699951171875,498.6300048828125,500.8699951171875,56200,0.0,0.0
2023-10-11 09:30:00-04:00,505.8399963378906,505.8500061035156,500.5799865722656,501.32000732421875,27490,0.0,0.0
2023-10-11 10:30:00-04:00,501.6099853515625,505.6099853515625,500.2250061035156,504.94000244140625,38635,0.0,0.0
2023-10-11 11:30:00-04:00,505.1300048828125,505.1300048828125,503.4649963378906,503.6600036621094,19059,0.0,0.0
2023-10-11 12:30:00-04:00,503.18499755859375,504.20001220703125,501.7900085449219,502.2900085449219,35778,0.0,0.0
2023-10-11 13:30:00-04:00,502.2300109863281,503.7850036621094,500.4700012207031,501.8699951171875,48780,0.0,0.0
2023-10-11 14:30:00-04:00,502.6700134277344,504.2699890136719,502.1099853515625,504.2699890136719,14374,0.0,0.0
2023-10-11 15:30:00-04:00,504.0799865722656,505.9700012207031,503.9800109863281,505.8399963378906,54661,0.0,0.0
2023-10-12 09:30:00-04:00,506.8299865722656,508.92999267578125,502.7969055175781,508.4549865722656,25753,0.0,0.0
2023-10-12 10:30:00-04:00,508.5199890136719,508.9100036621094,506.010009765625,507.510009765625,18803,0.0,0.0
2023-10-12 11:30:00-04:00,506.7900085449219,507.07000732421875,503.739990234375,503.739990234375,46971,0.0,0.0
2023-10-12 12:30:00-04:00,503.010009765625,504.8450012207031,495.1600036621094,497.1600036621094,73177,0.0,0.0
2023-10-12 13:30:00-04:00,496.1050109863281,498.8800048828125,495.739990234375,498.625,35836,0.0,0.0
2023-10-12 14:30:00-04:00,498.6050109863281,500.1675109863281,496.1499938964844,496.4200134277344,31809,0.0,0.0
2023-10-12 15:30:00-04:00,496.2300109863281,497.05999755859375,494.7699890136719,495.3299865722656,35404,0.0,0.0
2023-10-13 09:30:00-04:00,500.20001220703125,503.3800048828125,496.92999267578125,497.2200012207031,26251,0.0,0.0
2023-10-13 10:30:00-04:00,497.197509765625,498.0199890136719,495.2049865722656,495.9599914550781,22580,0.0,0.0
2023-10-13 11:30:00-04:00,498.010009765625,498.4700012207031,497.7799987792969,498.4700012207031,3971,0.0,0.0
2023-10-13 12:30:00-04:00,498.1000061035156,499.2898864746094,495.0400085449219,495.75,11110,0.0,0.0
2023-10-13 13:30:00-04:00,495.55499267578125,495.7300109863281,493.80999755859375,494.222412109375,5923,0.0,0.0
2023-10-13 14:30:00-04:00,494.1449890136719,494.6199951171875,492.6499938964844,493.4700012207031,13848,0.0,0.0
2023-10-13 15:30:00-04:00,492.2300109863281,494.3800048828125,490.8399963378906,492.6499938964844,34143,0.0,0.0
2023-10-16 09:30:00-04:00,494.239990234375,495.3575134277344,492.9100036621094,494.9599914550781,15173,0.0,0.0
2023-10-16 10:30:00-04:00,494.8800048828125,496.5249938964844,494.4599914550781,495.4150085449219,9850,0.0,0.0
2023-10-16 11:30:00-04:00,495.5050048828125,496.04998779296875,493.79998779296875,495.70001220703125,9600,0.0,0.0
2023-10-16 12:30:00-04:00,496.5299987792969,496.5400085449219,494.489990234375,494.8500061035156,5803,0.0,0.0
2023-10-16 13:30:00-04:00,494.8949890136719,495.42498779296875,493.8399963378906,494.82000732421875,5163,0.0,0.0
2023-10-16 14:30:00-04:00,494.54998779296875,496.2799987792969,494.54998779296875,496.17999267578125,8334,0.0,0.0
2023-10-16 15:30:00-04:00,496.11749267578125,496.6499938964844,493.20001220703125,493.6600036621094,41815,0.0,0.0
2023-10-17 09:30:00-04:00,498.7099914550781,503.2398986816406,498.5299987792969,502.70001220703125,38580,0.0,0.0
2023-10-17 10:30:00-04:00,502.3500061035156,502.7099914550781,500.6600036621094,502.5050048828125,29828,0.0,0.0
2023-10-17 11:30:00-04:00,501.9649963378906,503.489990234375,501.5899963378906,502.2799987792969,17448,0.0,0.0
2023-10-17 12:30:00-04:00,502.3399963378906,502.5050048828125,498.19500732421875,501.3999938964844,33338,0.0,0.0
2023-10-17 13:30:00-04:00,501.32000732421875,501.32000732421875,497.1700134277344,497.4599914550781,31370,0.0,0.0
2023-10-17 14:30:00-04:00,497.4599914550781,497.489990234375,496.1199951171875,497.04998779296875,32325,0.0,0.0
2023-10-17 15:30:00-04:00,497.2300109863281,497.4599914550781,495.3500061035156,497.45001220703125,31240,0.0,0.0
2023-10-18 09:30:00-04:00,496.5899963378906,496.92999267578125,493.0,493.0,17661,0.0,0.0
2023-10-18 10:30:00-04:00,492.45001220703125,492.510009765625,488.80999755859375,491.6199951171875,13950,0.0,0.0
2023-10-18 11:30:00-04:00,491.5299987792969,492.44000244140625,489.8800048828125,490.0799865722656,12209,0.0,0.0
2023-10-18 12:30:00-04:00,489.0899963378906,491.3299865722656,487.8299865722656,491.2250061035156,8750,0.0,0.0
2023-10-18 13:30:00-04:00,491.2250061035156,491.44000244140625,489.05999755859375,490.1700134277344,24943,0.0,0.0
2023-10-18 14:30:00-04:00,490.2449951171875,490.57501220703125,488.6650085449219,488.94000244140625,27450,0.0,0.0
2023-10-18 15:30:00-04:00,488.9049987792969,490.3800048828125,487.7250061035156,489.42999267578125,38855,0.0,0.0
2023-10-19 09:30:00-04:00,486.1499938964844,486.1499938964844,477.5799865722656,479.20001220703125,59163,0.0,0.0
2023-10-19 10:30:00-04:00,478.760009765625,479.6600036621094,474.7349853515625,477.2799987792969,85135,0.0,0.0
2023-10-19 11:30:00-04:00,477.25,485.239990234375,476.81500244140625,481.510009765625,22654,0.0,0.0
2023-10-19 12:30:00-04:00,480.94000244140625,484.30999755859375,478.9200134277344,483.44000244140625,12333,0.0,0.0
2023-10-19 13:30:00-04:00,483.95001220703125,483.95001220703125,480.4750061035156,480.989990234375,20658,0.0,0.0
2023-10-19 14:30:00-04:00,481.0,481.760009765625,479.3399963378906,480.7799987792969,24553,0.0,0.0
2023-10-19 15:30:00-04:00,481.489990234375,481.8399963378906,479.82000732421875,480.04998779296875,37113,0.0,0.0
2023-10-20 09:30:00-04:00,482.8299865722656,486.2049865722656,479.9800109863281,480.1700134277344,26989,0.0,0.0
2023-10-20 10:30:00-04:00,479.9700012207031,481.6300048828125,479.2799987792969,480.75,10136,0.0,0.0
2023-10-20 11:30:00-04:00,480.2900085449219,480.4800109863281,478.9599914550781,480.2699890136719,4801,0.0,0.0
2023-10-20 12:30:00-04:00,480.45001220703125,481.3399963378906,479.6099853515625,480.0950012207031,7681,0.0,0.0
2023-10-20 13:30:00-04:00,480.1698913574219,480.2300109863281,478.2950134277344,478.68499755859375,7780,0.0,0.0
2023-10-20 14:30:00-04:00,478.989990234375,479.489990234375,476.9649963378906,477.1099853515625,18391,0.0,0.0
2023-10-20 15:30:00-04:00,477.7099914550781,477.7900085449219,474.260009765625,474.94000244140625,35857,0.0,0.0
2023-10-23 09:30:00-04:00,481.4700012207031,483.1400146484375,478.4599914550781,478.5,67141,0.0,0.0
2023-10-23 10:30:00-04:00,478.4750061035156,480.1400146484375,475.2300109863281,477.9800109863281,141043,0.0,0.0
2023-10-23 11:30:00-04:00,477.8699951171875,481.010009765625,477.3500061035156,479.9100036621094,25747,0.0,0.0
2023-10-23 12:30:00-04:00,479.4100036621094,480.2099914550781,477.1050109863281,477.4100036621094,26987,0.0,0.0
2023-10-23 13:30:00-04:00,477.2699890136719,478.2250061035156,476.5400085449219,477.5950012207031,14853,0.0,0.0
2023-10-23 14:30:00-04:00,477.6400146484375,478.8324890136719,475.92498779296875,476.4700012207031,28823,0.0,0.0
2023-10-23 15:30:00-04:00,476.510009765625,476.7049865722656,474.94000244140625,475.67999267578125,49749,0.0,0.0
2023-10-24 09:30:00-04:00,477.6600036621094,481.1700134277344,475.1700134277344,481.1700134277344,27255,0.0,0.0
2023-10-24 10:30:00-04:00,481.6000061035156,483.04998779296875,481.0199890136719,483.04998779296875,13907,0.0,0.0
2023-10-24 11:30:00-04:00,482.80999755859375,484.1099853515625,480.4800109863281,480.4800109863281,16434,0.0,0.0
2023-10-24 12:30:00-04:00,481.1650085449219,481.1650085449219,477.8450012207031,478.42999267578125,16637,0.0,0.0
2023-10-24 13:30:00-04:00,479.4200134277344,480.8699951171875,478.8500061035156,479.80499267578125,21215,0.0,0.0
2023-10-24 14:30:00-04:00,480.1099853515625,481.8599853515625,480.0400085449219,481.8299865722656,13472,0.0,0.0
2023-10-24 15:30:00-04:00,481.5350036621094,482.6300048828125,480.19000244140625,480.9700012207031,32986,0.0,0.0
2023-10-25 09:30:00-04:00,478.2099914550781,478.2099914550781,468.4599914550781,470.0899963378906,37301,0.0,0.0
2023-10-25 10:30:00-04:00,470.4849853515625,473.0400085449219,469.635009765625,471.8349914550781,37426,0.0,0.0
2023-10-25 11:30:00-04:00,472.44000244140625,473.17999267578125,469.6499938964844,472.43499755859375,23042,0.0,0.0
2023-10-25 12:30:00-04:00,472.3399963378906,473.55999755859375,472.30999755859375,472.3949890136719,5174,0.0,0.0
2023-10-25 13:30:00-04:00,471.79998779296875,472.20001220703125,469.8221130371094,470.9549865722656,15856,0.0,0.0
2023-10-25 14:30:00-04:00,471.0,471.8699951171875,470.25,470.6499938964844,20648,0.0,0.0
2023-10-25 15:30:00-04:00,470.17498779296875,472.0400085449219,469.2449951171875,472.0,70929,0.0,0.0
2023-10-26 09:30:00-04:00,469.3699951171875,469.8800048828125,462.54998779296875,463.3999938964844,77020,0.0,0.0
2023-10-26 10:30:00-04:00,462.95001220703125,465.29998779296875,462.1499938964844,464.0849914550781,35767,0.0,0.0
2023-10-26 11:30:00-04:00,462.875,465.1499938964844,461.6000061035156,464.8699951171875,14170,0.0,0.0
2023-10-26 12:30:00-04:00,464.31500244140625,465.1300048828125,461.4800109863281,464.5849914550781,9482,0.0,0.0
2023-10-26 13:30:00-04:00,464.55999755859375,470.0199890136719,464.55999755859375,469.42999267578125,10448,0.0,0.0
2023-10-26 14:30:00-04:00,469.3399963378906,470.7699890136719,468.3399963378906,469.239990234375,14435,0.0,0.0
2023-10-26 15:30:00-04:00,469.18499755859375,471.0799865722656,468.2950134277344,470.42999267578125,40966,0.0,0.0
2023-10-27 09:30:00-04:00,469.6000061035156,469.7900085449219,464.6050109863281,464.6099853515625,21522,0.0,0.0
2023-10-27 10:30:00-04:00,464.9949951171875,466.81500244140625,463.69000244140625,466.42498779296875,27179,0.0,0.0
2023-10-27 11:30:00-04:00,466.3349914550781,466.80999755859375,464.8500061035156,465.8550109863281,11034,0.0,0.0
2023-10-27 12:30:00-04:00,465.92498779296875,465.92498779296875,460.0799865722656,462.30499267578125,42877,0.0,0.0
2023-10-27 13:30:00-04:00,461.18499755859375,462.5050048828125,459.29998779296875,460.0950012207031,11997,0.0,0.0
2023-10-27 14:30:00-04:00,459.57501220703125,461.32000732421875,459.57501220703125,460.56500244140625,18335,0.0,0.0
2023-10-27 15:30:00-04:00,461.1700134277344,461.1700134277344,459.7699890136719,459.8699951171875,39946,0.0,0.0
2023-10-30 09:30:00-04:00,461.4200134277344,466.5,460.2200012207031,460.2200012207031,29552,0.0,0.0
2023-10-30 10:30:00-04:00,459.95001220703125,463.3550109863281,459.45001220703125,461.3500061035156,21621,0.0,0.0
2023-10-30 11:30:00-04:00,461.364990234375,465.1600036621094,461.364990234375,464.0199890136719,26297,0.0,0.0
2023-10-30 12:30:00-04:00,463.94000244140625,464.1400146484375,461.0299987792969,463.5150146484375,34811,0.0,0.0
2023-10-30 13:30:00-04:00,462.8999938964844,463.5,462.2099914550781,462.9100036621094,15995,0.0,0.0
2023-10-30 14:30:00-04:00,463.1700134277344,463.1700134277344,460.989990234375,461.3999938964844,42754,0.0,0.0
2023-10-30 15:30:00-04:00,461.54998779296875,464.5400085449219,461.2900085449219,464.1400146484375,58503,0.0,0.0
2023-10-31 09:30:00-04:00,477.1600036621094,479.42999267578125,455.8399963378906,468.0,83837,0.0,0.0
2023-10-31 10:30:00-04:00,468.2200012207031,468.2200012207031,461.2900085449219,464.7449951171875,90470,0.0,0.0
2023-10-31 11:30:00-04:00,464.25,469.31500244140625,463.8699951171875,467.80999755859375,46714,0.0,0.0
2023-10-31 12:30:00-04:00,467.3399963378906,472.4800109863281,467.3399963378906,472.3949890136719,28437,0.0,0.0
2023-10-31 13:30:00-04:00,472.4800109863281,478.3399963378906,472.45001220703125,474.29998779296875,48396,0.0,0.0
2023-10-31 14:30:00-04:00,474.0,474.1099853515625,470.29998779296875,471.80999755859375,31630,0.0,0.0
2023-10-31 15:30:00-04:00,471.5799865722656,471.5799865722656,468.8500061035156,469.6000061035156,59070,0.0,0.0
2023-11-01 09:30:00-04:00,473.32000732421875,481.6600036621094,473.32000732421875,480.3699951171875,70790,0.0,0.0
2023-11-01 10:30:00-04:00,480.8599853515625,489.1033935546875,480.3699951171875,485.5400085449219,49583,0.0,0.0
2023-11-01 11:30:00-04:00,486.3599853515625,488.42999267578125,486.2799987792969,487.79998779296875,25078,0.0,0.0
2023-11-01 12:30:00-04:00,487.79998779296875,488.80999755859375,485.2699890136719,488.4800109863281,19572,0.0,0.0
2023-11-01 13:30:00-04:00,488.7200012207031,490.7099914550781,487.989990234375,490.3399963378906,27697,0.0,0.0
2023-11-01 14:30:00-04:00,490.6000061035156,496.17999267578125,489.5249938964844,495.8800048828125,54569,0.0,0.0
2023-11-01 15:30:00-04:00,495.4849853515625,496.80999755859375,493.05999755859375,494.82000732421875,96750,0.0,0.0
2023-11-02 09:30:00-04:00,497.45001220703125,500.5199890136719,493.760009765625,497.3900146484375,37427,0.0,0.0
2023-11-02 10:30:00-04:00,497.2950134277344,497.4100036621094,491.0899963378906,492.0400085449219,46817,0.0,0.0
2023-11-02 11:30:00-04:00,491.8450012207031,493.94500732421875,491.3800048828125,492.05999755859375,30675,0.0,0.0
2023-11-02 12:30:00-04:00,492.6700134277344,498.535888671875,491.260009765625,496.4200134277344,18405,0.0,0.0
2023-11-02 13:30:00-04:00,496.4200134277344,496.54998779296875,492.3900146484375,492.94000244140625,10239,0.0,0.0
2023-11-02 14:30:00-04:00,492.5799865722656,494.07000732421875,491.45001220703125,492.6199951171875,20007,0.0,0.0
2023-11-02 15:30:00-04:00,492.44000244140625,494.44000244140625,491.6050109863281,492.17999267578125,70904,0.0,0.0
2023-11-03 09:30:00-04:00,496.7799987792969,500.1300048828125,496.20001220703125,497.7200012207031,28481,0.0,0.0
2023-11-03 10:30:00-04:00,497.4200134277344,500.260009765625,497.0799865722656,499.010009765625,34998,0.0,0.0
2023-11-03 11:30:00-04:00,499.4700012207031,500.9200134277344,498.0,499.69500732421875,30231,0.0,0.0
2023-11-03 12:30:00-04:00,499.2900085449219,500.32000732421875,498.44000244140625,498.5799865722656,24604,0.0,0.0
2023-11-03 13:30:00-04:00,499.0799865722656,502.3599853515625,498.7200012207031,502.3599853515625,13410,0.0,0.0
2023-11-03 14:30:00-04:00,501.9100036621094,503.1700134277344,500.1700134277344,501.8949890136719,31979,0.0,0.0
2023-11-03 15:30:00-04:00,501.7850036621094,502.760009765625,499.760009765625,500.1000061035156,41303,0.0,0.0
2023-11-06 09:30:00-05:00,502.1300048828125,504.4599914550781,495.9200134277344,497.19000244140625,31390,0.0,0.0
2023-11-06 10:30:00-05:00,496.92999267578125,498.32000732421875,494.5,494.69000244140625,27729,0.0,0.0
2023-11-06 11:30:00-05:00,494.5400085449219,497.5299987792969,493.05999755859375,497.5299987792969,44727,0.0,0.0
2023-11-06 12:30:00-05:00,496.5199890136719,496.8399963378906,492.04998779296875,492.04998779296875,17160,0.0,0.0
2023-11-06 13:30:00-05:00,492.05499267578125,493.8599853515625,492.05499267578125,493.3900146484375,16755,0.0,0.0
2023-11-06 14:30:00-05:00,493.489990234375,496.3399963378906,493.135009765625,493.5899963378906,49903,0.0,0.0
2023-11-06 15:30:00-05:00,493.510009765625,493.6000061035156,491.5799865722656,493.6000061035156,48352,0.0,0.0
2023-11-07 09:30:00-05:00,491.489990234375,495.3999938964844,490.1700134277344,495.3999938964844,15658,0.0,0.0
2023-11-07 10:30:00-05:00,495.3999938964844,496.3900146484375,494.1600036621094,495.6549987792969,31223,0.0,0.0
2023-11-07 11:30:00-05:00,495.6650085449219,497.6499938964844,495.07000732421875,496.94000244140625,15358,0.0,0.0
2023-11-07 12:30:00-05:00,497.1199951171875,497.8760986328125,496.92999267578125,497.4800109863281,7742,0.0,0.0
2023-11-07 13:30:00-05:00,497.2300109863281,498.343994140625,497.2300109863281,498.2900085449219,7502,0.0,0.0
2023-11-07 14:30:00-05:00,498.5400085449219,498.5400085449219,497.25,497.8599853515625,7353,0.0,0.0
2023-11-07 15:30:00-05:00,497.44000244140625,498.5249938964844,496.9700012207031,497.2799987792969,30507,0.0,0.0
2023-11-08 09:30:00-05:00,506.9200134277344,506.9200134277344,498.6099853515625,498.6499938964844,35473,0.0,0.0
2023-11-08 10:30:00-05:00,498.82000732421875,499.3599853515625,497.2900085449219,498.80999755859375,23548,0.0,0.0
2023-11-08 11:30:00-05:00,499.1700134277344,499.92999267578125,497.4200134277344,497.81500244140625,18720,0.0,0.0
2023-11-08 12:30:00-05:00,496.5299987792969,496.5400085449219,494.1650085449219,495.1600036621094,15598,0.0,0.0
2023-11-08 13:30:00-05:00,495.6300048828125,496.20001220703125,494.1000061035156,496.0849914550781,7717,0.0,0.0
2023-11-08 14:30:00-05:00,495.55499267578125,497.3699951171875,495.55499267578125,497.3399963378906,17132,0.0,0.0
2023-11-08 15:30:00-05:00,497.4800109863281,497.5574951171875,495.94000244140625,495.94000244140625,50844,0.0,0.0
2023-11-09 09:30:00-05:00,500.8299865722656,500.8299865722656,496.4200134277344,496.5299987792969,26390,0.0,0.0
2023-11-09 10:30:00-05:00,496.260009765625,496.260009765625,491.0299987792969,492.8299865722656,24688,0.0,0.0
2023-11-09 11:30:00-05:00,492.7799987792969,492.80999755859375,489.3500061035156,489.6400146484375,24931,0.0,0.0
2023-11-09 12:30:00-05:00,489.6300048828125,490.4200134277344,485.2699890136719,486.135009765625,22186,0.0,0.0
2023-11-09 13:30:00-05:00,485.9549865722656,486.3599853515625,482.9100036621094,484.1300048828125,18974,0.0,0.0
2023-11-09 14:30:00-05:00,483.45001220703125,485.4049987792969,482.8999938964844,484.010009765625,22526,0.0,0.0
2023-11-09 15:30:00-05:00,484.1099853515625,484.1099853515625,481.760009765625,482.4700012207031,34719,0.0,0.0
2023-11-10 09:30:00-05:00,484.2099914550781,486.1650085449219,476.57501220703125,478.0400085449219,38313,0.0,0.0
2023-11-10 10:30:00-05:00,477.7799987792969,484.8900146484375,476.1700134277344,483.8999938964844,24707,0.0,0.0
2023-11-10 11:30:00-05:00,483.8399963378906,488.5,483.625,488.5,15379,0.0,0.0
2023-11-10 12:30:00-05:00,488.44000244140625,490.0199890136719,487.94500732421875,489.9549865722656,10705,0.0,0.0
2023-11-10 13:30:00-05:00,489.0,490.010009765625,488.0799865722656,489.8999938964844,13633,0.0,0.0
2023-11-10 14:30:00-05:00,489.5050048828125,489.9549865722656,489.0299987792969,489.739990234375,9982,0.0,0.0
2023-11-10 15:30:00-05:00,489.7449951171875,490.30999755859375,487.6300048828125,489.1000061035156,27817,0.0,0.0
2023-11-13 09:30:00-05:00,496.04998779296875,496.04998779296875,487.760009765625,490.760009765625,22659,0.0,0.0
2023-11-13 10:30:00-05:00,490.8599853515625,491.45001220703125,488.1625061035156,491.30999755859375,20320,0.0,0.0
2023-11-13 11:30:00-05:00,491.6499938964844,491.864990234375,489.739990234375,490.0350036621094,10028,0.0,0.0
2023-11-13 12:30:00-05:00,490.4674987792969,491.3125,490.30999755859375,490.7099914550781,4846,0.0,0.0
2023-11-13 13:30:00-05:00,490.9150085449219,492.260009765625,490.9150085449219,492.07000732421875,8515,0.0,0.0
2023-11-13 14:30:00-05:00,491.6400146484375,492.29998779296875,490.82000732421875,491.4599914550781,15282,0.0,0.0
2023-11-13 15:30:00-05:00,491.2200012207031,491.5350036621094,489.9599914550781,490.1499938964844,27370,0.0,0.0
2023-11-14 09:30:00-05:00,502.54998779296875,502.9800109863281,498.4599914550781,498.5,29578,0.0,0.0
2023-11-14 10:30:00-05:00,498.1000061035156,498.1000061035156,494.2300109863281,494.57000732421875,18653,0.0,0.0
2023-11-14 11:30:00-05:00,495.06500244140625,495.2900085449219,492.2699890136719,492.3500061035156,4234,0.0,0.0
2023-11-14 12:30:00-05:00,492.67999267578125,493.510009765625,492.2900085449219,492.5,8028,0.0,0.0
2023-11-14 13:30:00-05:00,493.1000061035156,493.1000061035156,490.125,490.2300109863281,19141,0.0,0.0
2023-11-14 14:30:00-05:00,490.45001220703125,491.0,488.885009765625,489.2099914550781,30169,0.0,0.0
2023-11-14 15:30:00-05:00,490.010009765625,490.2799987792969,489.04998779296875,489.7799987792969,25273,0.0,0.0
2023-11-15 09:30:00-05:00,492.1000061035156,495.489990234375,487.7099914550781,491.6199951171875,32525,0.0,0.0
2023-11-15 10:30:00-05:00,491.739990234375,494.42999267578125,491.1650085449219,492.3949890136719,41427,0.0,0.0
2023-11-15 11:30:00-05:00,491.8999938964844,493.8399963378906,490.0050048828125,492.3049011230469,26975,0.0,0.0
2023-11-15 12:30:00-05:00,492.2950134277344,492.3500061035156,487.9599914550781,489.7099914550781,9843,0.0,0.0
2023-11-15 13:30:00-05:00,489.8349914550781,492.6600036621094,489.8349914550781,492.19000244140625,9809,0.0,0.0
2023-11-15 14:30:00-05:00,492.3349914550781,492.3485107421875,489.8349914550781,489.92498779296875,23673,0.0,0.0
2023-11-15 15:30:00-05:00,489.6000061035156,491.17999267578125,487.07000732421875,487.1499938964844,35587,0.0,0.0
2023-11-16 09:30:00-05:00,486.989990234375,488.6700134277344,484.6600036621094,487.29998779296875,17181,0.0,0.0
2023-11-16 10:30:00-05:00,487.3900146484375,488.375,486.375,487.9800109863281,14734,0.0,0.0
2023-11-16 11:30:00-05:00,488.0,488.4200134277344,485.6099853515625,487.29998779296875,14673,0.0,0.0
2023-11-16 12:30:00-05:00,486.9049987792969,488.135009765625,485.9949951171875,486.69000244140625,5664,0.0,0.0
2023-11-16 13:30:00-05:00,487.010009765625,487.5799865722656,485.9649963378906,485.9649963378906,27712,0.0,0.0
2023-11-16 14:30:00-05:00,485.9649963378906,486.635009765625,483.29998779296875,483.4549865722656,18023,0.0,0.0
2023-11-16 15:30:00-05:00,483.92999267578125,485.69500732421875,483.69000244140625,485.2200012207031,64099,0.0,0.0
2023-11-17 09:30:00-05:00,490.8399963378906,491.04998779296875,487.3999938964844,488.5199890136719,21656,0.0,0.0
2023-11-17 10:30:00-05:00,488.5299987792969,491.92999267578125,488.4800109863281,491.92999267578125,19778,0.0,0.0
2023-11-17 11:30:00-05:00,491.989990234375,494.0899963378906,490.2200012207031,493.75,24202,0.0,0.0
2023-11-17 12:30:00-05:00,493.8550109863281,495.260009765625,491.4100036621094,491.5899963378906,27551,0.0,0.0
2023-11-17 13:30:00-05:00,491.93499755859375,492.7699890136719,491.7900085449219,491.8550109863281,9210,0.0,0.0
2023-11-17 14:30:00-05:00,492.19000244140625,493.010009765625,491.7699890136719,492.6700134277344,16699,0.0,0.0
2023-11-17 15:30:00-05:00,492.0799865722656,492.0799865722656,489.7900085449219,489.7900085449219,26106,0.0,0.0
2023-11-20 09:30:00-05:00,494.55999755859375,498.0400085449219,490.748291015625,490.748291015625,59966,0.0,0.0
2023-11-20 10:30:00-05:00,491.0574951171875,494.3500061035156,488.6499938964844,493.2799987792969,34753,0.0,0.0
2023-11-20 11:30:00-05:00,492.8699951171875,494.4800109863281,491.5,494.4100036621094,18202,0.0,0.0
2023-11-20 12:30:00-05:00,494.6700134277344,495.2300109863281,491.82000732421875,493.20001220703125,14321,0.0,0.0
2023-11-20 13:30:00-05:00,493.4100036621094,493.80999755859375,491.92999267578125,492.45001220703125,13550,0.0,0.0
2023-11-20 14:30:00-05:00,492.19000244140625,493.239990234375,491.2200012207031,492.9200134277344,14281,0.0,0.0
2023-11-20 15:30:00-05:00,492.95001220703125,492.95001220703125,488.8800048828125,489.30999755859375,53293,0.0,0.0
2023-11-21 09:30:00-05:00,493.0,493.2650146484375,490.4049987792969,492.0299987792969,26200,0.0,0.0
2023-11-21 10:30:00-05:00,492.0,493.6025085449219,491.1000061035156,492.1199951171875,27220,0.0,0.0
2023-11-21 11:30:00-05:00,491.45001220703125,492.0,488.1499938964844,489.0,19921,0.0,0.0
2023-11-21 12:30:00-05:00,489.07000732421875,489.42999267578125,488.5400085449219,488.9599914550781,6609,0.0,0.0
2023-11-21 13:30:00-05:00,488.3399963378906,489.260009765625,486.6099853515625,487.2449951171875,8911,0.0,0.0
2023-11-21 14:30:00-05:00,486.6499938964844,488.7449951171875,486.5450134277344,488.010009765625,20034,0.0,0.0
2023-11-21 15:30:00-05:00,488.9700012207031,489.4800109863281,487.4800109863281,488.6400146484375,26151,0.0,0.0
2023-11-22 09:30:00-05:00,491.260009765625,493.0199890136719,483.95001220703125,487.2799987792969,37522,0.0,0.0
2023-11-22 10:30:00-05:00,486.4049987792969,489.70001220703125,486.4049987792969,488.29998779296875,14561,0.0,0.0
2023-11-22 11:30:00-05:00,488.9200134277344,490.2699890136719,488.4200134277344,488.4800109863281,15793,0.0,0.0
2023-11-22 12:30:00-05:00,487.989990234375,488.6199951171875,487.375,487.3999938964844,3525,0.0,0.0
2023-11-22 13:30:00-05:00,488.2900085449219,490.0,487.6400146484375,490.0,8566,0.0,0.0
2023-11-22 14:30:00-05:00,490.0,490.4599914550781,487.8500061035156,490.4599914550781,7788,0.0,0.0
2023-11-22 15:30:00-05:00,489.739990234375,492.1000061035156,489.3599853515625,492.0400085449219,26136,0.0,0.0
2023-11-24 09:30:00-05:00,493.3500061035156,496.3836975097656,492.2001037597656,493.7149963378906,29304,0.0,0.0
2023-11-24 10:30:00-05:00,494.4798889160156,495.9549865722656,492.9100036621094,494.5299987792969,19268,0.0,0.0
2023-11-24 11:30:00-05:00,494.8999938964844,495.5799865722656,494.17999267578125,494.8399963378906,11793,0.0,0.0
2023-11-27 09:30:00-05:00,496.0199890136719,496.1400146484375,492.94000244140625,495.3599853515625,39756,0.0,0.0
2023-11-27 10:30:00-05:00,495.2200012207031,496.5224914550781,494.9100036621094,496.010009765625,28949,0.0,0.0
2023-11-27 11:30:00-05:00,496.45001220703125,496.45001220703125,494.7200012207031,495.3599853515625,13955,0.0,0.0
2023-11-27 12:30:00-05:00,494.1499938964844,496.30999755859375,493.75,496.0,11336,0.0,0.0
2023-11-27 13:30:00-05:00,494.8999938964844,496.2049865722656,494.8999938964844,495.3900146484375,13068,0.0,0.0
2023-11-27 14:30:00-05:00,496.0400085449219,496.32501220703125,495.260009765625,495.55999755859375,27655,0.0,0.0
2023-11-27 15:30:00-05:00,495.45001220703125,496.07000732421875,494.79998779296875,496.07000732421875,26005,0.0,0.0
2023-11-28 09:30:00-05:00,452.05999755859375,453.8699951171875,436.0400085449219,437.6099853515625,507654,0.0,0.0
2023-11-28 10:30:00-05:00,437.79998779296875,449.739990234375,437.7799987792969,448.16009521484375,195629,0.0,0.0
2023-11-28 11:30:00-05:00,448.3299865722656,449.6099853515625,444.32000732421875,448.1307067871094,138116,0.0,0.0
2023-11-28 12:30:00-05:00,447.45001220703125,448.8599853515625,445.75,446.364990234375,38288,0.0,0.0
2023-11-28 13:30:00-05:00,446.3550109863281,446.75,443.0,443.54998779296875,56279,0.0,0.0
2023-11-28 14:30:00-05:00,443.6549987792969,448.0,443.6400146484375,446.8399963378906,55697,0.0,0.0
2023-11-28 15:30:00-05:00,446.8450012207031,447.239990234375,444.44000244140625,445.3999938964844,185770,0.0,0.0
2023-11-29 09:30:00-05:00,443.6499938964844,444.7799987792969,440.6099853515625,442.5,80636,0.0,0.0
2023-11-29 10:30:00-05:00,442.0,442.7749938964844,441.0400085449219,442.1499938964844,99748,0.0,0.0
2023-11-29 11:30:00-05:00,442.3599853515625,442.80499267578125,439.4150085449219,440.7550048828125,55200,0.0,0.0
2023-11-29 12:30:00-05:00,440.5799865722656,441.75,438.2799987792969,438.4060974121094,22956,0.0,0.0
2023-11-29 13:30:00-05:00,438.3599853515625,438.4100036621094,437.6400146484375,437.8546142578125,18072,0.0,0.0
2023-11-29 14:30:00-05:00,437.82501220703125,438.5899963378906,435.7699890136719,437.6199951171875,63244,0.0,0.0
2023-11-29 15:30:00-05:00,436.989990234375,437.70001220703125,435.239990234375,435.79998779296875,62964,0.0,0.0
2023-11-30 09:30:00-05:00,433.6600036621094,445.7749938964844,432.3800048828125,445.7749938964844,238510,0.0,0.0
2023-11-30 10:30:00-05:00,446.239990234375,446.239990234375,442.1499938964844,443.2099914550781,55478,0.0,0.0
2023-11-30 11:30:00-05:00,443.2099914550781,450.0,442.8269958496094,447.92999267578125,227310,0.0,0.0
2023-11-30 12:30:00-05:00,448.4599914550781,449.4700012207031,446.6000061035156,448.8450012207031,25930,0.0,0.0
2023-11-30 13:30:00-05:00,449.3599853515625,451.4700012207031,447.94000244140625,449.69000244140625,21840,0.0,0.0
2023-11-30 14:30:00-05:00,450.2099914550781,452.1600036621094,449.70001220703125,450.7799987792969,49553,0.0,0.0
2023-11-30 15:30:00-05:00,451.3999938964844,451.69000244140625,449.29998779296875,450.6000061035156,74796,0.0,0.0
2023-12-01 09:30:00-05:00,451.9200134277344,452.07501220703125,447.29998779296875,451.2250061035156,82770,0.0,0.0
2023-12-01 10:30:00-05:00,450.95001220703125,453.3949890136719,450.5899963378906,453.3949890136719,46924,0.0,0.0
2023-12-01 11:30:00-05:00,453.0400085449219,454.2650146484375,451.9100036621094,453.7349853515625,30568,0.0,0.0
2023-12-01 12:30:00-05:00,454.30499267578125,454.9800109863281,453.30999755859375,453.7749938964844,11893,0.0,0.0
2023-12-01 13:30:00-05:00,453.7799987792969,453.7799987792969,452.3999938964844,453.0,15345,0.0,0.0
2023-12-01 14:30:00-05:00,453.1000061035156,453.3599853515625,452.2099914550781,452.75,9823,0.0,0.0
2023-12-01 15:30:00-05:00,452.7950134277344,454.625,451.8299865722656,454.57000732421875,57762,0.0,0.0
2023-12-04 09:30:00-05:00,453.7799987792969,458.0,452.8699951171875,454.760009765625,38840,0.0,0.0
2023-12-04 10:30:00-05:00,455.29998779296875,458.4700012207031,454.760009765625,457.5,50024,0.0,0.0
2023-12-04 11:30:00-05:00,457.5,458.2799987792969,454.0082092285156,457.29998779296875,31189,0.0,0.0
2023-12-04 12:30:00-05:00,457.5050048828125,461.80999755859375,456.489990234375,461.80999755859375,30026,0.0,0.0
2023-12-04 13:30:00-05:00,461.6099853515625,461.9100036621094,458.5799865722656,458.7300109863281,27445,0.0,0.0
2023-12-04 14:30:00-05:00,458.2149963378906,460.57000732421875,456.79998779296875,460.1000061035156,26795,0.0,0.0
2023-12-04 15:30:00-05:00,460.2099914550781,461.3949890136719,457.3299865722656,457.7799987792969,61716,0.0,0.0
2023-12-05 09:30:00-05:00,455.55999755859375,460.70001220703125,453.3399963378906,460.0,62344,0.0,0.0
2023-12-05 10:30:00-05:00,460.239990234375,463.7200012207031,455.3999938964844,462.9549865722656,75684,0.0,0.0
2023-12-05 11:30:00-05:00,463.5,463.5,461.6700134277344,462.0950012207031,22239,0.0,0.0
2023-12-05 12:30:00-05:00,462.1499938964844,462.1700134277344,460.93499755859375,460.94000244140625,9953,0.0,0.0
2023-12-05 13:30:00-05:00,460.94000244140625,461.29998779296875,458.3500061035156,458.82501220703125,12743,0.0,0.0
2023-12-05 14:30:00-05:00,458.7900085449219,460.2300109863281,458.7900085449219,459.510009765625,14407,0.0,0.0
2023-12-05 15:30:00-05:00,459.5450134277344,459.9599914550781,458.4599914550781,459.260009765625,71408,0.0,0.0
2023-12-06 09:30:00-05:00,460.6099853515625,461.8450012207031,459.2200012207031,460.5,75665,0.0,0.0
2023-12-06 10:30:00-05:00,460.6499938964844,462.9200134277344,460.6499938964844,461.5249938964844,44776,0.0,0.0
2023-12-06 11:30:00-05:00,461.3900146484375,461.8800048828125,459.2349853515625,460.7149963378906,18714,0.0,0.0
2023-12-06 12:30:00-05:00,460.0,460.6199951171875,459.2300109863281,459.9649963378906,10931,0.0,0.0
2023-12-06 13:30:00-05:00,460.0199890136719,460.0199890136719,456.385009765625,456.6199951171875,10889,0.0,0.0
2023-12-06 14:30:00-05:00,456.7349853515625,457.3900146484375,451.7900085449219,452.3500061035156,35126,0.0,0.0
2023-12-06 15:30:00-05:00,452.5899963378906,452.9700012207031,449.8900146484375,450.80999755859375,81453,0.0,0.0
2023-12-07 09:30:00-05:00,459.3999938964844,460.1700134277344,454.2300109863281,456.8299865722656,33024,0.0,0.0
2023-12-07 10:30:00-05:00,456.67498779296875,458.7449951171875,456.5799865722656,456.7449951171875,28122,0.0,0.0
2023-12-07 11:30:00-05:00,456.0799865722656,459.7449951171875,456.0799865722656,459.7449951171875,21190,0.0,0.0
2023-12-07 12:30:00-05:00,459.75,461.82501220703125,457.9736022949219,460.1050109863281,34914,0.0,0.0
2023-12-07 13:30:00-05:00,459.0150146484375,460.5,458.3599853515625,458.5950012207031,18565,0.0,0.0
2023-12-07 14:30:00-05:00,458.4150085449219,460.0,457.7250061035156,457.82501220703125,38332,0.0,0.0
2023-12-07 15:30:00-05:00,457.82501220703125,459.0400085449219,457.04998779296875,458.3599853515625,50436,0.0,0.0
2023-12-08 09:30:00-05:00,462.20001220703125,462.20001220703125,456.6000061035156,457.6700134277344,27265,0.0,0.0
2023-12-08 10:30:00-05:00,458.2449951171875,458.2449951171875,455.1499938964844,455.2699890136719,31397,0.0,0.0
2023-12-08 11:30:00-05:00,455.54998779296875,455.7699890136719,452.29180908203125,453.30999755859375,13361,0.0,0.0
2023-12-08 12:30:00-05:00,453.3550109863281,454.6000061035156,453.04998779296875,454.2049865722656,9416,0.0,0.0
2023-12-08 13:30:00-05:00,454.17999267578125,454.5400085449219,453.2749938964844,454.05999755859375,10022,0.0,0.0
2023-12-08 14:30:00-05:00,454.0899963378906,455.4100036621094,454.0899963378906,454.6099853515625,13122,0.0,0.0
2023-12-08 15:30:00-05:00,454.6000061035156,454.8299865722656,453.04998779296875,453.04998779296875,31970,0.0,0.0
2023-12-11 09:30:00-05:00,454.19000244140625,454.55999755859375,447.0400085449219,447.0400085449219,43086,0.0,0.0
2023-12-11 10:30:00-05:00,447.4649963378906,447.94000244140625,442.8399963378906,447.2699890136719,72059,0.0,0.0
2023-12-11 11:30:00-05:00,447.1000061035156,449.67999267578125,446.69000244140625,448.7799987792969,76017,0.0,0.0
2023-12-11 12:30:00-05:00,448.0,451.18499755859375,447.6099853515625,450.5899963378906,39367,0.0,0.0
2023-12-11 13:30:00-05:00,450.6300048828125,451.80499267578125,449.94000244140625,450.0,38266,0.0,0.0
2023-12-11 14:30:00-05:00,450.32000732421875,452.55999755859375,449.8900146484375,452.55999755859375,28009,0.0,0.0
2023-12-11 15:30:00-05:00,452.8450012207031,453.5299987792969,451.8500061035156,453.5299987792969,61516,0.0,0.0
2023-12-12 09:30:00-05:00,456.0,456.3450012207031,449.8800048828125,453.9200134277344,52388,0.0,0.0
2023-12-12 10:30:00-05:00,454.0400085449219,454.3800048828125,452.55999755859375,453.1499938964844,19894,0.0,0.0
2023-12-12 11:30:00-05:00,453.2099914550781,455.4100036621094,453.04998779296875,455.4100036621094,12544,0.0,0.0
2023-12-12 12:30:00-05:00,455.0899963378906,455.510009765625,454.4200134277344,454.69000244140625,27305,0.0,0.0
2023-12-12 13:30:00-05:00,455.0,455.2699890136719,453.82000732421875,454.3699951171875,23915,0.0,0.0
2023-12-12 14:30:00-05:00,454.5899963378906,455.3399963378906,453.8999938964844,454.69000244140625,13719,0.0,0.0
2023-12-12 15:30:00-05:00,454.3800048828125,454.5150146484375,452.3500061035156,452.6199951171875,38932,0.0,0.0
2023-12-13 09:30:00-05:00,455.8399963378906,460.5799865722656,453.2300109863281,456.70001220703125,65421,0.0,0.0
2023-12-13 10:30:00-05:00,457.0799865722656,460.4100036621094,456.20001220703125,459.9200134277344,74975,0.0,0.0
2023-12-13 11:30:00-05:00,460.05999755859375,460.05999755859375,454.8399963378906,456.3500061035156,30697,0.0,0.0
2023-12-13 12:30:00-05:00,456.29998779296875,458.0,456.2449951171875,457.5899963378906,27081,0.0,0.0
2023-12-13 13:30:00-05:00,457.5849914550781,459.0,456.1600036621094,457.8399963378906,44702,0.0,0.0
2023-12-13 14:30:00-05:00,458.3900146484375,460.3900146484375,457.5299987792969,458.9549865722656,32507,0.0,0.0
2023-12-13 15:30:00-05:00,458.9700012207031,461.7099914550781,458.81500244140625,461.4700012207031,102157,0.0,0.0
2023-12-14 09:30:00-05:00,463.94000244140625,466.2099914550781,460.6300048828125,465.8349914550781,79456,0.0,0.0
2023-12-14 10:30:00-05:00,465.6499938964844,467.8299865722656,463.989990234375,465.95001220703125,40505,0.0,0.0
2023-12-14 11:30:00-05:00,467.1199951171875,468.5799865722656,466.05999755859375,468.0,28697,0.0,0.0
2023-12-14 12:30:00-05:00,467.8299865722656,467.8299865722656,461.4800109863281,462.42498779296875,32391,0.0,0.0
2023-12-14 13:30:00-05:00,462.4200134277344,462.5299987792969,460.9100036621094,462.1000061035156,16282,0.0,0.0
2023-12-14 14:30:00-05:00,462.0450134277344,464.1300048828125,461.7300109863281,463.92999267578125,82063,0.0,0.0
2023-12-14 15:30:00-05:00,463.79998779296875,465.3450012207031,463.077392578125,464.5799865722656,65760,0.0,0.0
2023-12-15 09:30:00-05:00,463.3999938964844,467.4700012207031,460.1400146484375,461.1000061035156,66103,0.0,0.0
2023-12-15 10:30:00-05:00,460.6199951171875,463.04998779296875,460.2300109863281,462.489990234375,35730,0.0,0.0
2023-12-15 11:30:00-05:00,463.0,463.4750061035156,461.17999267578125,463.04998779296875,31799,0.0,0.0
2023-12-15 12:30:00-05:00,463.0400085449219,463.0400085449219,460.7799987792969,461.30999755859375,17806,0.0,0.0
2023-12-15 13:30:00-05:00,461.1199951171875,462.7049865722656,460.6600036621094,462.29998779296875,34785,0.0,0.0
2023-12-15 14:30:00-05:00,462.1600036621094,464.20001220703125,462.07000732421875,462.364990234375,27407,0.0,0.0
2023-12-15 15:30:00-05:00,462.42498779296875,464.5799865722656,461.25,463.0899963378906,45912,0.0,0.0
2023-12-18 09:30:00-05:00,460.0,460.7799987792969,455.32000732421875,458.1499938964844,108387,0.0,0.0
2023-12-18 10:30:00-05:00,457.8299865722656,458.8999938964844,456.04998779296875,458.54998779296875,32468,0.0,0.0
2023-12-18 11:30:00-05:00,458.9100036621094,459.2900085449219,457.4100036621094,458.30999755859375,11939,0.0,0.0
2023-12-18 12:30:00-05:00,458.17999267578125,458.44000244140625,457.4100036621094,457.4100036621094,9689,0.0,0.0
2023-12-18 13:30:00-05:00,457.30499267578125,457.7699890136719,456.5299987792969,457.0199890136719,13397,0.0,0.0
2023-12-18 14:30:00-05:00,456.510009765625,458.30999755859375,456.510009765625,457.989990234375,16480,0.0,0.0
2023-12-18 15:30:00-05:00,457.989990234375,458.239990234375,455.5799865722656,455.5799865722656,54380,0.0,0.0
2023-12-19 09:30:00-05:00,457.7799987792969,458.8599853515625,455.3550109863281,455.5050048828125,27504,0.0,0.0
2023-12-19 10:30:00-05:00,455.760009765625,456.510009765625,453.55999755859375,455.4599914550781,32792,0.0,0.0
2023-12-19 11:30:00-05:00,455.489990234375,455.7799987792969,450.04998779296875,450.0899963378906,35667,0.0,0.0
2023-12-19 12:30:00-05:00,450.0199890136719,453.4200134277344,449.5400085449219,450.125,37317,0.0,0.0
2023-12-19 13:30:00-05:00,450.1099853515625,452.2950134277344,448.42999267578125,450.05999755859375,60804,0.0,0.0
2023-12-19 14:30:00-05:00,449.4599914550781,454.0,448.57000732421875,451.57000732421875,66711,0.0,0.0
2023-12-19 15:30:00-05:00,451.3599853515625,452.8699951171875,450.2850036621094,452.4200134277344,75413,0.0,0.0
2023-12-20 09:30:00-05:00,345.6099853515625,346.7900085449219,338.6099853515625,339.4949951171875,2562927,0.0,0.0
2023-12-20 10:30:00-05:00,339.7699890136719,342.989990234375,334.3800048828125,338.114990234375,633604,0.0,0.0
2023-12-20 11:30:00-05:00,338.114990234375,340.0,334.2200012207031,335.3999938964844,531173,0.0,0.0
2023-12-20 12:30:00-05:00,335.29998779296875,338.4800109863281,334.0700988769531,336.55499267578125,287647,0.0,0.0
2023-12-20 13:30:00-05:00,337.2550048828125,342.4700012207031,336.2449951171875,336.80999755859375,279283,0.0,0.0
2023-12-20 14:30:00-05:00,337.0899963378906,339.47259521484375,331.5199890136719,335.0455017089844,462165,0.0,0.0
2023-12-20 15:30:00-05:00,335.0150146484375,340.989990234375,331.5799865722656,338.57000732421875,627898,0.0,0.0
2023-12-21 09:30:00-05:00,334.20001220703125,337.70001220703125,328.92999267578125,332.1199951171875,499093,0.0,0.0
2023-12-21 10:30:00-05:00,332.4100036621094,334.54998779296875,327.7900085449219,328.05999755859375,329935,0.0,0.0
2023-12-21 11:30:00-05:00,328.07501220703125,333.3599853515625,327.7250061035156,333.3599853515625,218355,0.0,0.0
2023-12-21 12:30:00-05:00,333.3399963378906,335.3599853515625,328.2213134765625,334.6199951171875,149847,0.0,0.0
2023-12-21 13:30:00-05:00,334.9700012207031,343.2699890136719,334.67999267578125,342.614990234375,265927,0.0,0.0
2023-12-21 14:30:00-05:00,342.4353942871094,354.9849853515625,342.1300048828125,353.32000732421875,379381,0.0,0.0
2023-12-21 15:30:00-05:00,353.3800048828125,356.8699951171875,348.7049865722656,354.25,386002,0.0,0.0
2023-12-22 09:30:00-05:00,357.0199890136719,372.1700134277344,357.0199890136719,368.0150146484375,332720,0.0,0.0
2023-12-22 10:30:00-05:00,367.8999938964844,372.6162109375,367.1600036621094,372.0150146484375,95466,0.0,0.0
2023-12-22 11:30:00-05:00,371.67999267578125,372.6499938964844,370.1199951171875,372.1400146484375,97968,0.0,0.0
2023-12-22 12:30:00-05:00,371.79998779296875,376.260009765625,370.9800109863281,373.54998779296875,80635,0.0,0.0
2023-12-22 13:30:00-05:00,373.3599853515625,374.0,371.739990234375,373.2200012207031,69121,0.0,0.0
2023-12-22 14:30:00-05:00,373.2749938964844,375.2300109863281,372.6300048828125,373.6700134277344,71078,0.0,0.0
2023-12-22 15:30:00-05:00,373.8800048828125,374.260009765625,371.7699890136719,372.8999938964844,103145,0.0,0.0
2023-12-26 09:30:00-05:00,373.1000061035156,385.3699951171875,371.3900146484375,382.0799865722656,168284,0.0,0.0
2023-12-26 10:30:00-05:00,382.0799865722656,383.2799987792969,379.1099853515625,380.2200012207031,77178,0.0,0.0
2023-12-26 11:30:00-05:00,380.05999755859375,380.55999755859375,379.510009765625,380.0899963378906,69887,0.0,0.0
2023-12-26 12:30:00-05:00,380.1700134277344,381.885009765625,379.70001220703125,381.3500061035156,60100,0.0,0.0
2023-12-26 13:30:00-05:00,381.3500061035156,382.3599853515625,380.75,382.0,45191,0.0,0.0
2023-12-26 14:30:00-05:00,381.95001220703125,383.0,381.0,382.1600036621094,46914,0.0,0.0
2023-12-26 15:30:00-05:00,382.1099853515625,382.3500061035156,380.6700134277344,380.8900146484375,89564,0.0,0.0
2023-12-27 09:30:00-05:00,388.19000244140625,388.5799865722656,381.1400146484375,381.1400146484375,95947,0.0,0.0
2023-12-27 10:30:00-05:00,381.0,384.4700012207031,380.3374938964844,384.1499938964844,86784,0.0,0.0
2023-12-27 11:30:00-05:00,383.7900085449219,384.5299987792969,382.2300109863281,384.4849853515625,47059,0.0,0.0
2023-12-27 12:30:00-05:00,384.4949951171875,385.3999938964844,382.44000244140625,384.239990234375,30961,0.0,0.0
2023-12-27 13:30:00-05:00,384.6182861328125,385.6600036621094,384.2550048828125,385.04998779296875,28840,0.0,0.0
2023-12-27 14:30:00-05:00,385.0,385.4700012207031,383.3399963378906,384.6400146484375,57170,0.0,0.0
2023-12-27 15:30:00-05:00,384.7099914550781,387.0299987792969,384.25,386.2699890136719,86571,0.0,0.0
2023-12-28 09:30:00-05:00,385.7200012207031,387.5299987792969,383.510009765625,385.2300109863281,37941,0.0,0.0
2023-12-28 10:30:00-05:00,385.1600036621094,385.1600036621094,383.04998779296875,384.6075134277344,39995,0.0,0.0
2023-12-28 11:30:00-05:00,384.2900085449219,384.6600036621094,381.0249938964844,381.05999755859375,22614,0.0,0.0
2023-12-28 12:30:00-05:00,380.05999755859375,382.7799987792969,379.2099914550781,379.2099914550781,32190,0.0,0.0
2023-12-28 13:30:00-05:00,378.5801086425781,379.3900146484375,377.55499267578125,378.739990234375,22281,0.0,0.0
2023-12-28 14:30:00-05:00,378.69000244140625,380.9549865722656,376.3999938964844,380.5799865722656,47082,0.0,0.0
2023-12-28 15:30:00-05:00,380.69000244140625,382.8349914550781,380.2699890136719,380.2699890136719,62582,0.0,0.0
2023-12-29 09:30:00-05:00,380.17999267578125,382.6199951171875,378.2300109863281,382.1000061035156,33579,0.0,0.0
2023-12-29 10:30:00-05:00,382.1099853515625,382.6449890136719,378.32000732421875,378.32000732421875,19600,0.0,0.0
2023-12-29 11:30:00-05:00,378.125,379.5799865722656,378.0299987792969,378.0299987792969,13661,0.0,0.0
2023-12-29 12:30:00-05:00,377.2799987792969,381.0,377.0,379.7699890136719,40442,0.0,0.0
2023-12-29 13:30:00-05:00,379.1099853515625,381.2900085449219,379.1099853515625,381.2900085449219,13717,0.0,0.0
2023-12-29 14:30:00-05:00,381.1549987792969,381.1549987792969,379.6400146484375,379.6400146484375,12517,0.0,0.0
2023-12-29 15:30:00-05:00,380.1600036621094,380.9200134277344,379.489990234375,379.8599853515625,30683,0.0,0.0
2024-01-02 09:30:00-05:00,377.6199951171875,380.0,377.0000915527344,379.239990234375,40222,0.0,0.0
2024-01-02 10:30:00-05:00,379.1099853515625,379.1579895019531,376.93499755859375,376.93499755859375,19775,0.0,0.0
2024-01-02 11:30:00-05:00,377.3500061035156,378.8500061035156,376.19500732421875,376.614990234375,18629,0.0,0.0
2024-01-02 12:30:00-05:00,376.6300048828125,378.635009765625,376.6300048828125,378.1300048828125,20794,0.0,0.0
2024-01-02 13:30:00-05:00,378.0,380.1600036621094,377.55499267578125,379.5,24620,0.0,0.0
2024-01-02 14:30:00-05:00,380.3699951171875,381.0799865722656,379.0199890136719,381.0799865722656,23043,0.0,0.0
2024-01-02 15:30:00-05:00,381.3599853515625,382.75,380.04180908203125,381.32000732421875,72288,0.0,0.0
2024-01-03 09:30:00-05:00,377.6600036621094,381.8599853515625,377.6600036621094,380.2699890136719,65070,0.0,0.0
2024-01-03 10:30:00-05:00,380.1400146484375,381.5899963378906,379.2650146484375,379.9949951171875,30464,0.0,0.0
2024-01-03 11:30:00-05:00,380.0799865722656,380.20001220703125,378.3100891113281,378.8999938964844,16926,0.0,0.0
2024-01-03 12:30:00-05:00,379.114990234375,380.2950134277344,378.875,379.67999267578125,17449,0.0,0.0
2024-01-03 13:30:00-05:00,379.760009765625,380.0150146484375,378.9049987792969,379.82000732421875,17612,0.0,0.0
2024-01-03 14:30:00-05:00,380.2099914550781,381.3800048828125,379.42999267578125,381.3800048828125,26370,0.0,0.0
2024-01-03 15:30:00-05:00,381.5350036621094,383.20001220703125,381.5350036621094,382.1199951171875,49164,0.0,0.0
2024-01-04 09:30:00-05:00,381.3500061035156,392.44000244140625,381.3500061035156,391.2099914550781,73555,0.0,0.0
2024-01-04 10:30:00-05:00,391.0,392.489990234375,389.0249938964844,390.760009765625,53117,0.0,0.0
2024-01-04 11:30:00-05:00,390.6650085449219,390.6650085449219,387.8299865722656,389.92999267578125,31048,0.0,0.0
2024-01-04 12:30:00-05:00,390.4100036621094,390.6199951171875,388.4599914550781,390.0,39018,0.0,0.0
2024-01-04 13:30:00-05:00,390.1499938964844,391.44000244140625,389.80999755859375,390.70001220703125,20282,0.0,0.0
2024-01-04 14:30:00-05:00,390.5799865722656,392.5824890136719,389.6499938964844,391.54998779296875,61831,0.0,0.0
2024-01-04 15:30:00-05:00,391.1400146484375,391.49249267578125,388.4049987792969,388.4100036621094,101552,0.0,0.0
2024-01-05 09:30:00-05:00,388.0899963378906,388.9700012207031,384.30499267578125,388.6400146484375,112356,0.0,0.0
2024-01-05 10:30:00-05:00,387.9750061035156,388.82000732421875,387.04998779296875,387.8399963378906,24790,0.0,0.0
2024-01-05 11:30:00-05:00,387.4800109863281,388.8999938964844,386.42999267578125,387.6600036621094,39268,0.0,0.0
2024-01-05 12:30:00-05:00,387.6650085449219,391.07000732421875,387.6650085449219,390.8599853515625,45702,0.0,0.0
2024-01-05 13:30:00-05:00,391.1099853515625,393.2749938964844,390.385009765625,392.5,67373,0.0,0.0
2024-01-05 14:30:00-05:00,391.9599914550781,394.7049865722656,391.9599914550781,394.4599914550781,91028,0.0,0.0
2024-01-05 15:30:00-05:00,394.4649963378906,396.6300048828125,393.9599914550781,396.19500732421875,145365,0.0,0.0
2024-01-08 09:30:00-05:00,396.510009765625,402.9599914550781,395.6400146484375,398.7650146484375,61246,0.0,0.0
2024-01-08 10:30:00-05:00,399.5199890136719,402.1199951171875,398.8450012207031,401.6650085449219,40827,0.0,0.0
2024-01-08 11:30:00-05:00,401.94000244140625,406.3299865722656,401.1099853515625,406.3299865722656,48134,0.0,0.0
2024-01-08 12:30:00-05:00,407.1700134277344,410.1000061035156,405.54998779296875,410.0299987792969,67066,0.0,0.0
2024-01-08 13:30:00-05:00,409.2300109863281,412.1524963378906,409.1300048828125,411.2300109863281,54874,0.0,0.0
2024-01-08 14:30:00-05:00,411.5849914550781,416.9100036621094,411.364990234375,414.8599853515625,98932,0.0,0.0
2024-01-08 15:30:00-05:00,414.6199951171875,415.32501220703125,413.2900085449219,413.2900085449219,96183,0.0,0.0
2024-01-09 09:30:00-05:00,410.5799865722656,412.9800109863281,405.1650085449219,409.2449951171875,59644,0.0,0.0
2024-01-09 10:30:00-05:00,408.57000732421875,408.8699951171875,406.6000061035156,406.69000244140625,37110,0.0,0.0
2024-01-09 11:30:00-05:00,407.07000732421875,407.9700012207031,399.989990234375,400.8599853515625,43022,0.0,0.0
2024-01-09 12:30:00-05:00,400.8349914550781,401.42999267578125,397.1650085449219,397.7850036621094,24829,0.0,0.0
2024-01-09 13:30:00-05:00,397.239990234375,400.9800109863281,397.239990234375,398.45001220703125,35751,0.0,0.0
2024-01-09 14:30:00-05:00,398.44500732421875,400.7900085449219,397.57000732421875,398.07000732421875,38703,0.0,0.0
2024-01-09 15:30:00-05:00,398.1000061035156,399.9200134277344,398.1000061035156,399.0899963378906,70763,0.0,0.0
2024-01-10 09:30:00-05:00,397.4700012207031,400.2950134277344,395.5249938964844,397.1650085449219,41258,0.0,0.0
2024-01-10 10:30:00-05:00,396.82501220703125,397.489990234375,394.67999267578125,394.9800109863281,45495,0.0,0.0
2024-01-10 11:30:00-05:00,395.239990234375,396.0,391.364990234375,391.375,18018,0.0,0.0
2024-01-10 12:30:00-05:00,391.3800048828125,393.6300048828125,391.3800048828125,393.2699890136719,23690,0.0,0.0
2024-01-10 13:30:00-05:00,393.5199890136719,395.42999267578125,393.5199890136719,394.989990234375,30142,0.0,0.0
2024-01-10 14:30:00-05:00,394.8599853515625,395.8699951171875,393.0199890136719,393.04998779296875,90027,0.0,0.0
2024-01-10 15:30:00-05:00,393.2699890136719,394.0899963378906,392.79998779296875,393.2799987792969,77889,0.0,0.0
2024-01-11 09:30:00-05:00,389.5,389.5,383.05999755859375,383.70001220703125,70697,0.0,0.0
2024-01-11 10:30:00-05:00,383.8900146484375,384.45001220703125,381.0400085449219,382.67999267578125,91603,0.0,0.0
2024-01-11 11:30:00-05:00,382.489990234375,384.8399963378906,381.8999938964844,383.42498779296875,106272,0.0,0.0
2024-01-11 12:30:00-05:00,383.739990234375,385.3399963378906,383.2250061035156,384.1449890136719,110791,0.0,0.0
2024-01-11 13:30:00-05:00,384.1099853515625,384.3900146484375,383.2300109863281,383.8349914550781,48629,0.0,0.0
2024-01-11 14:30:00-05:00,384.0,384.0,381.7099914550781,381.7099914550781,35143,0.0,0.0
2024-01-11 15:30:00-05:00,381.6199951171875,381.7799987792969,380.0199890136719,381.4800109863281,85814,0.0,0.0
2024-01-12 09:30:00-05:00,380.0,383.42498779296875,379.17999267578125,379.6199951171875,44232,0.0,0.0
2024-01-12 10:30:00-05:00,379.8699951171875,381.239990234375,378.9800109863281,379.5,48724,0.0,0.0
2024-01-12 11:30:00-05:00,379.3699951171875,379.6499938964844,376.8399963378906,377.625,37983,0.0,0.0
2024-01-12 12:30:00-05:00,377.6300048828125,378.5050048828125,376.29998779296875,376.54998779296875,45700,0.0,0.0
2024-01-12 13:30:00-05:00,376.3900146484375,377.93499755859375,376.3800048828125,377.32000732421875,62510,0.0,0.0
2024-01-12 14:30:00-05:00,377.8349914550781,378.0899963378906,373.7200012207031,373.7200012207031,63662,0.0,0.0
2024-01-12 15:30:00-05:00,374.44000244140625,375.42999267578125,373.6400146484375,373.9150085449219,114064,0.0,0.0
2024-01-16 09:30:00-05:00,381.5400085449219,382.2099914550781,374.739990234375,377.8399963378906,108395,0.0,0.0
2024-01-16 10:30:00-05:00,377.739990234375,379.0400085449219,376.6300048828125,379.0,71177,0.0,0.0
2024-01-16 11:30:00-05:00,378.8399963378906,380.760009765625,378.0,378.9800109863281,91148,0.0,0.0
2024-01-16 12:30:00-05:00,379.0,380.45001220703125,378.5700988769531,379.9599914550781,47437,0.0,0.0
2024-01-16 13:30:00-05:00,379.75,379.75,376.5400085449219,377.95001220703125,51965,0.0,0.0
2024-01-16 14:30:00-05:00,377.9200134277344,378.5400085449219,377.1199951171875,378.5,37827,0.0,0.0
2024-01-16 15:30:00-05:00,378.5050048828125,378.6600036621094,377.2099914550781,378.0199890136719,65457,0.0,0.0
2024-01-17 09:30:00-05:00,377.5799865722656,377.69000244140625,373.6600036621094,377.5050048828125,48218,0.0,0.0
2024-01-17 10:30:00-05:00,377.57000732421875,378.0098876953125,374.2799987792969,375.0,51236,0.0,0.0
2024-01-17 11:30:00-05:00,374.0,374.8699951171875,372.7699890136719,372.7699890136719,20458,0.0,0.0
2024-01-17 12:30:00-05:00,372.6300048828125,372.989990234375,372.1199951171875,372.1199951171875,11009,0.0,0.0
2024-01-17 13:30:00-05:00,371.9800109863281,372.6300048828125,369.70001220703125,372.0400085449219,28711,0.0,0.0
2024-01-17 14:30:00-05:00,372.1700134277344,372.885009765625,370.8999938964844,371.75,19569,0.0,0.0
2024-01-17 15:30:00-05:00,371.5450134277344,373.3699951171875,371.5450134277344,372.44000244140625,44837,0.0,0.0
2024-01-18 09:30:00-05:00,370.0899963378906,370.0899963378906,364.8299865722656,366.1199951171875,76900,0.0,0.0
2024-01-18 10:30:00-05:00,365.5799865722656,365.864990234375,362.42999267578125,364.5050048828125,55355,0.0,0.0
2024-01-18 11:30:00-05:00,364.3699951171875,364.6700134277344,363.30999755859375,364.010009765625,45446,0.0,0.0
2024-01-18 12:30:00-05:00,364.0,365.1343078613281,363.8894958496094,364.44000244140625,16743,0.0,0.0
2024-01-18 13:30:00-05:00,364.44000244140625,366.3399963378906,364.3599853515625,365.6199951171875,35461,0.0,0.0
2024-01-18 14:30:00-05:00,365.6300048828125,367.6000061035156,365.3999938964844,367.3800048828125,64293,0.0,0.0
2024-01-18 15:30:00-05:00,367.0899963378906,367.29998779296875,365.0799865722656,365.55999755859375,77661,0.0,0.0
2024-01-19 09:30:00-05:00,362.5199890136719,362.7449951171875,359.2349853515625,359.5350036621094,41783,0.0,0.0
2024-01-19 10:30:00-05:00,359.4750061035156,361.510009765625,359.25,361.510009765625,22063,0.0,0.0
2024-01-19 11:30:00-05:00,360.92999267578125,363.0199890136719,360.0,362.0,119767,0.0,0.0
2024-01-19 12:30:00-05:00,362.0899963378906,366.1400146484375,361.2250061035156,365.8699951171875,51517,0.0,0.0
2024-01-19 13:30:00-05:00,365.864990234375,367.1300048828125,364.885009765625,366.8450012207031,67012,0.0,0.0
2024-01-19 14:30:00-05:00,366.8999938964844,367.239990234375,364.9200134277344,365.8500061035156,73463,0.0,0.0
2024-01-19 15:30:00-05:00,365.989990234375,367.4750061035156,365.29998779296875,366.79998779296875,76470,0.0,0.0
2024-01-22 09:30:00-05:00,364.6199951171875,366.04998779296875,361.8399963378906,364.8500061035156,92159,0.0,0.0
2024-01-22 10:30:00-05:00,364.4649963378906,365.4100036621094,363.69000244140625,365.1499938964844,72596,0.0,0.0
2024-01-22 11:30:00-05:00,365.1499938964844,365.4100036621094,362.6499938964844,364.3450012207031,45848,0.0,0.0
2024-01-22 12:30:00-05:00,364.44000244140625,365.6099853515625,363.3999938964844,363.55999755859375,37463,0.0,0.0
2024-01-22 13:30:00-05:00,363.57000732421875,365.1199951171875,363.57000732421875,364.8999938964844,39693,0.0,0.0
2024-01-22 14:30:00-05:00,365.0,366.32000732421875,364.6050109863281,364.8900146484375,76934,0.0,0.0
2024-01-22 15:30:00-05:00,364.7650146484375,365.2550048828125,363.1300048828125,364.9100036621094,143581,0.0,0.0
2024-01-23 09:30:00-05:00,359.989990234375,364.6000061035156,359.6650085449219,363.1650085449219,34005,0.0,0.0
2024-01-23 10:30:00-05:00,362.3399963378906,365.19500732421875,362.3399963378906,364.6400146484375,24894,0.0,0.0
2024-01-23 11:30:00-05:00,364.4800109863281,366.510009765625,364.29998779296875,365.8550109863281,23567,0.0,0.0
2024-01-23 12:30:00-05:00,365.8399963378906,366.7550048828125,365.67999267578125,365.8800048828125,12748,0.0,0.0
2024-01-23 13:30:00-05:00,366.1199951171875,368.0950012207031,365.7099914550781,366.9150085449219,36154,0.0,0.0
2024-01-23 14:30:00-05:00,367.0,369.3399963378906,365.989990234375,369.1000061035156,67712,0.0,0.0
2024-01-23 15:30:00-05:00,369.19500732421875,370.3900146484375,368.0,370.04998779296875,92529,0.0,0.0
2024-01-24 09:30:00-05:00,370.739990234375,372.510009765625,369.0400085449219,371.1099853515625,69207,0.0,0.0
2024-01-24 10:30:00-05:00,370.82000732421875,371.20001220703125,368.45001220703125,368.6700134277344,68619,0.0,0.0
2024-01-24 11:30:00-05:00,367.5,367.6700134277344,365.1600036621094,366.0274963378906,35822,0.0,0.0
2024-01-24 12:30:00-05:00,365.9100036621094,366.44000244140625,364.5450134277344,365.2850036621094,65938,0.0,0.0
2024-01-24 13:30:00-05:00,365.56500244140625,366.739990234375,364.55499267578125,366.69000244140625,74512,0.0,0.0
2024-01-24 14:30:00-05:00,366.6099853515625,368.9599914550781,366.0899963378906,366.0899963378906,50731,0.0,0.0
2024-01-24 15:30:00-05:00,365.4049987792969,367.9100036621094,365.375,367.9100036621094,144659,0.0,0.0
2024-01-25 09:30:00-05:00,371.9700012207031,375.7799987792969,370.739990234375,375.489990234375,160719,0.0,0.0
2024-01-25 10:30:00-05:00,375.5150146484375,376.010009765625,374.66009521484375,375.3599853515625,62960,0.0,0.0
2024-01-25 11:30:00-05:00,375.30999755859375,379.0400085449219,375.2149963378906,379.0,33640,0.0,0.0
2024-01-25 12:30:00-05:00,378.6000061035156,379.989990234375,378.0799865722656,379.8399963378906,26620,0.0,0.0
2024-01-25 13:30:00-05:00,379.864990234375,380.6300048828125,379.260009765625,380.6300048828125,12671,0.0,0.0
2024-01-25 14:30:00-05:00,380.2699890136719,382.0,380.0,381.4949951171875,54079,0.0,0.0
2024-01-25 15:30:00-05:00,381.4949951171875,382.8800048828125,380.9599914550781,382.7900085449219,84051,0.0,0.0
2024-01-26 09:30:00-05:00,383.0899963378906,385.57000732421875,382.4750061035156,382.9599914550781,37715,0.0,0.0
2024-01-26 10:30:00-05:00,382.7850036621094,385.260009765625,382.69000244140625,384.67999267578125,34896,0.0,0.0
2024-01-26 11:30:00-05:00,384.70001220703125,386.6499938964844,382.6199951171875,385.9679870605469,49877,0.0,0.0
2024-01-26 12:30:00-05:00,385.4700012207031,385.5299987792969,382.125,383.9100036621094,23271,0.0,0.0
2024-01-26 13:30:00-05:00,383.42999267578125,383.9700012207031,382.7300109863281,382.7300109863281,13734,0.0,0.0
2024-01-26 14:30:00-05:00,383.3550109863281,384.7699890136719,380.8399963378906,380.8399963378906,26460,0.0,0.0
2024-01-26 15:30:00-05:00,381.0450134277344,384.4779968261719,381.0450134277344,382.5400085449219,70794,0.0,0.0
2024-01-29 09:30:00-05:00,380.8500061035156,381.8500061035156,379.0450134277344,380.3999938964844,91975,0.0,0.0
2024-01-29 10:30:00-05:00,380.2149963378906,381.1700134277344,379.9750061035156,380.3599853515625,43310,0.0,0.0
2024-01-29 11:30:00-05:00,380.4100036621094,382.1127014160156,380.1199951171875,381.0299987792969,25983,0.0,0.0
2024-01-29 12:30:00-05:00,382.0,382.0,380.4599914550781,381.5299987792969,9289,0.0,0.0
2024-01-29 13:30:00-05:00,381.8299865722656,382.1050109863281,380.42999267578125,382.1050109863281,21182,0.0,0.0
2024-01-29 14:30:00-05:00,381.6600036621094,384.114990234375,380.6625061035156,383.92999267578125,47107,0.0,0.0
2024-01-29 15:30:00-05:00,383.9599914550781,385.2950134277344,383.3800048828125,384.80999755859375,78757,0.0,0.0
2024-01-30 09:30:00-05:00,381.04998779296875,381.6400146484375,377.1000061035156,377.44500732421875,96540,0.0,0.0
2024-01-30 10:30:00-05:00,377.42498779296875,378.9599914550781,376.4549865722656,378.8800048828125,29354,0.0,0.0
2024-01-30 11:30:00-05:00,379.114990234375,381.5299987792969,378.3399963378906,380.885009765625,72053,0.0,0.0
2024-01-30 12:30:00-05:00,380.9150085449219,381.5199890136719,378.79998779296875,380.42498779296875,52323,0.0,0.0
2024-01-30 13:30:00-05:00,380.6000061035156,380.7200012207031,379.760009765625,380.0799865722656,33979,0.0,0.0
2024-01-30 14:30:00-05:00,380.0950012207031,382.9750061035156,379.94000244140625,382.6050109863281,61601,0.0,0.0
2024-01-30 15:30:00-05:00,382.510009765625,383.2174987792969,380.3299865722656,381.3399963378906,54352,0.0,0.0
2024-01-31 09:30:00-05:00,380.8500061035156,382.0899963378906,379.94000244140625,380.4800109863281,85393,0.0,0.0
2024-01-31 10:30:00-05:00,380.614990234375,380.614990234375,378.4599914550781,378.4599914550781,62375,0.0,0.0
2024-01-31 11:30:00-05:00,378.3599853515625,379.30999755859375,378.0600891113281,379.1099853515625,42632,0.0,0.0
2024-01-31 12:30:00-05:00,379.0,381.9100036621094,378.7950134277344,381.67999267578125,64864,0.0,0.0
2024-01-31 13:30:00-05:00,381.07000732421875,382.0050048828125,379.05999755859375,381.4100036621094,28677,0.0,0.0
2024-01-31 14:30:00-05:00,381.20001220703125,385.44000244140625,379.7200012207031,380.6199951171875,81650,0.0,0.0
2024-01-31 15:30:00-05:00,380.1650085449219,381.5799865722656,379.2550048828125,380.510009765625,123417,0.0,0.0
2024-02-01 09:30:00-05:00,378.67999267578125,382.1600036621094,378.6400146484375,382.1600036621094,70880,0.0,0.0
2024-02-01 10:30:00-05:00,381.9200134277344,381.9200134277344,378.2799987792969,380.5400085449219,77962,0.0,0.0
2024-02-01 11:30:00-05:00,380.489990234375,384.2200012207031,380.489990234375,383.7900085449219,38229,0.0,0.0
2024-02-01 12:30:00-05:00,383.69000244140625,384.5199890136719,383.2900085449219,383.4949951171875,13576,0.0,0.0
2024-02-01 13:30:00-05:00,383.70001220703125,384.0249938964844,381.0,382.80999755859375,44806,0.0,0.0
2024-02-01 14:30:00-05:00,383.0,385.1700134277344,382.5799865722656,384.70001220703125,87446,0.0,0.0
2024-02-01 15:30:00-05:00,384.70001220703125,385.9800109863281,383.4649963378906,385.8699951171875,109099,0.0,0.0
2024-02-02 09:30:00-05:00,382.8599853515625,382.8599853515625,378.0299987792969,378.9949951171875,112194,0.0,0.0
2024-02-02 10:30:00-05:00,379.239990234375,380.635009765625,377.3599853515625,378.55999755859375,37547,0.0,0.0
2024-02-02 11:30:00-05:00,378.2950134277344,378.95001220703125,377.6600036621094,378.04998779296875,23252,0.0,0.0
2024-02-02 12:30:00-05:00,378.375,378.7900085449219,374.6400146484375,376.2699890136719,25661,0.0,0.0
2024-02-02 13:30:00-05:00,376.4200134277344,378.54998779296875,375.6099853515625,378.05999755859375,54717,0.0,0.0
2024-02-02 14:30:00-05:00,378.1449890136719,379.3500061035156,377.1099853515625,379.2900085449219,110735,0.0,0.0
2024-02-02 15:30:00-05:00,378.9700012207031,379.2900085449219,377.95001220703125,379.0199890136719,109753,0.0,0.0
2024-02-05 09:30:00-05:00,379.1700134277344,395.2550048828125,377.7099914550781,395.2550048828125,64812,0.0,0.0
2024-02-05 10:30:00-05:00,394.8699951171875,397.4800109863281,394.5299987792969,397.0950012207031,119653,0.0,0.0
2024-02-05 11:30:00-05:00,397.4800109863281,405.2099914550781,396.9599914550781,403.0,104030,0.0,0.0
2024-02-05 12:30:00-05:00,403.0,408.5450134277344,401.2799987792969,406.7200012207031,89948,0.0,0.0
2024-02-05 13:30:00-05:00,407.2650146484375,408.0675048828125,403.4700012207031,404.3599853515625,47053,0.0,0.0
2024-02-05 14:30:00-05:00,403.8399963378906,405.79998779296875,402.0199890136719,403.69000244140625,49874,0.0,0.0
2024-02-05 15:30:00-05:00,403.9849853515625,404.9800109863281,403.0,403.0,68292,0.0,0.0
2024-02-06 09:30:00-05:00,393.20001220703125,396.7699890136719,391.5799865722656,392.5899963378906,111018,0.0,0.0
2024-02-06 10:30:00-05:00,392.42999267578125,392.5675048828125,389.6400146484375,391.7900085449219,34541,0.0,0.0
2024-02-06 11:30:00-05:00,391.7749938964844,394.80999755859375,390.0,394.80999755859375,39132,0.0,0.0
2024-02-06 12:30:00-05:00,394.30999755859375,394.30999755859375,391.8800048828125,391.8800048828125,14025,0.0,0.0
2024-02-06 13:30:00-05:00,392.4800109863281,392.489990234375,390.6300048828125,391.4200134277344,28213,0.0,0.0
2024-02-06 14:30:00-05:00,391.7200012207031,393.20001220703125,390.9200134277344,391.989990234375,26715,0.0,0.0
2024-02-06 15:30:00-05:00,391.9649963378906,393.18499755859375,391.4700012207031,392.82000732421875,47530,0.0,0.0
2024-02-07 09:30:00-05:00,390.67999267578125,393.30499267578125,390.05999755859375,393.30499267578125,23357,0.0,0.0
2024-02-07 10:30:00-05:00,393.07000732421875,393.2200012207031,390.8599853515625,391.8399963378906,14956,0.0,0.0
2024-02-07 11:30:00-05:00,391.2799987792969,391.3999938964844,390.4599914550781,390.8599853515625,16531,0.0,0.0
2024-02-07 12:30:00-05:00,391.06500244140625,391.42999267578125,389.989990234375,390.989990234375,6493,0.0,0.0
2024-02-07 13:30:00-05:00,390.8949890136719,391.260009765625,390.1600036621094,391.2300109863281,11681,0.0,0.0
2024-02-07 14:30:00-05:00,391.0,392.0,391.0,391.739990234375,9495,0.0,0.0
2024-02-07 15:30:00-05:00,391.7099914550781,392.1000061035156,390.8599853515625,392.1000061035156,35162,0.0,0.0
2024-02-08 09:30:00-05:00,392.510009765625,392.510009765625,390.4800109863281,392.0299987792969,25312,0.0,0.0
2024-02-08 10:30:00-05:00,392.19500732421875,393.29998779296875,390.8800048828125,390.8800048828125,23373,0.0,0.0
2024-02-08 11:30:00-05:00,390.8999938964844,393.0799865722656,390.010009765625,392.45001220703125,23686,0.0,0.0
2024-02-08 12:30:00-05:00,392.3900146484375,393.07000732421875,392.3450012207031,392.6600036621094,9446,0.0,0.0
2024-02-08 13:30:00-05:00,392.6400146484375,394.7149963378906,392.3999938964844,394.7149963378906,15728,0.0,0.0
2024-02-08 14:30:00-05:00,393.92498779296875,395.9100036621094,393.92498779296875,395.7550048828125,24476,0.0,0.0
2024-02-08 15:30:00-05:00,395.6300048828125,395.69000244140625,394.5899963378906,394.8900146484375,57986,0.0,0.0
2024-02-09 09:30:00-05:00,398.0,401.3133850097656,396.54998779296875,401.3133850097656,29894,0.0,0.0
2024-02-09 10:30:00-05:00,401.4700012207031,404.29998779296875,401.4599914550781,403.9049987792969,32451,0.0,0.0
2024-02-09 11:30:00-05:00,403.8800048828125,404.1400146484375,401.2250061035156,402.885009765625,51455,0.0,0.0
2024-02-09 12:30:00-05:00,402.67279052734375,404.0,401.55999755859375,403.9100036621094,21760,0.0,0.0
2024-02-09 13:30:00-05:00,403.7300109863281,403.8900146484375,402.2699890136719,402.8450012207031,35836,0.0,0.0
2024-02-09 14:30:00-05:00,402.55999755859375,403.25,402.1300048828125,402.67498779296875,28332,0.0,0.0
2024-02-09 15:30:00-05:00,402.3349914550781,402.6000061035156,400.635009765625,401.9700012207031,57781,0.0,0.0
2024-02-12 09:30:00-05:00,392.4200134277344,395.55999755859375,390.3800048828125,390.6700134277344,101087,0.0,0.0
2024-02-12 10:30:00-05:00,390.3349914550781,392.5199890136719,390.1000061035156,391.8399963378906,19445,0.0,0.0
2024-02-12 11:30:00-05:00,392.0899963378906,392.3999938964844,390.3999938964844,391.25,25273,0.0,0.0
2024-02-12 12:30:00-05:00,391.5249938964844,391.5249938964844,389.5199890136719,389.80999755859375,41594,0.0,0.0
2024-02-12 13:30:00-05:00,389.57000732421875,390.2699890136719,388.989990234375,389.44000244140625,63174,0.0,0.0
2024-02-12 14:30:00-05:00,389.93359375,391.42999267578125,389.93359375,391.29998779296875,13452,0.0,0.0
2024-02-12 15:30:00-05:00,391.489990234375,393.31500244140625,391.489990234375,392.489990234375,35656,0.0,0.0
2024-02-13 09:30:00-05:00,383.6600036621094,390.0,383.3800048828125,389.8800048828125,131972,0.0,0.0
2024-02-13 10:30:00-05:00,389.06500244140625,389.3599853515625,387.9200134277344,388.5249938964844,44718,0.0,0.0
2024-02-13 11:30:00-05:00,389.1000061035156,389.1000061035156,385.8800048828125,386.5899963378906,15492,0.0,0.0
2024-02-13 12:30:00-05:00,385.8699951171875,386.5799865722656,385.1199951171875,385.44500732421875,18893,0.0,0.0
2024-02-13 13:30:00-05:00,385.70001220703125,387.55999755859375,385.44500732421875,387.010009765625,18349,0.0,0.0
2024-02-13 14:30:00-05:00,386.8900146484375,388.1700134277344,385.8299865722656,387.1700134277344,35120,0.0,0.0
2024-02-13 15:30:00-05:00,387.70001220703125,388.0400085449219,386.1700134277344,386.8299865722656,69258,0.0,0.0
2024-02-14 09:30:00-05:00,387.92999267578125,388.2200012207031,386.6300048828125,387.30999755859375,96309,0.0,0.0
2024-02-14 10:30:00-05:00,387.1449890136719,387.9700012207031,386.1650085449219,387.75,60034,0.0,0.0
2024-02-14 11:30:00-05:00,388.7200012207031,389.864990234375,387.5950012207031,389.864990234375,47811,0.0,0.0
2024-02-14 12:30:00-05:00,389.80999755859375,391.04998779296875,389.2950134277344,389.43499755859375,13736,0.0,0.0
2024-02-14 13:30:00-05:00,389.44000244140625,390.55999755859375,389.30999755859375,390.5199890136719,18510,0.0,0.0
2024-02-14 14:30:00-05:00,390.1099853515625,391.0,389.57000732421875,390.2099914550781,14838,0.0,0.0
2024-02-14 15:30:00-05:00,389.79998779296875,390.2699890136719,387.95001220703125,390.2699890136719,44659,0.0,0.0
2024-02-15 09:30:00-05:00,391.6199951171875,394.489990234375,391.29998779296875,393.81500244140625,38423,0.0,0.0
2024-02-15 10:30:00-05:00,393.7900085449219,393.7900085449219,391.2900085449219,392.13409423828125,74434,0.0,0.0
2024-02-15 11:30:00-05:00,392.3599853515625,392.8699035644531,391.260009765625,391.7900085449219,8160,0.0,0.0
2024-02-15 12:30:00-05:00,391.739990234375,392.760009765625,390.79998779296875,392.760009765625,5911,0.0,0.0
2024-02-15 13:30:00-05:00,393.489990234375,393.5050048828125,391.7650146484375,392.79998779296875,7077,0.0,0.0
2024-02-15 14:30:00-05:00,392.739990234375,393.3999938964844,391.9700012207031,392.8800048828125,11023,0.0,0.0
2024-02-15 15:30:00-05:00,392.614990234375,393.5899963378906,392.2300109863281,393.2300109863281,28874,0.0,0.0
2024-02-16 09:30:00-05:00,391.5400085449219,392.7099914550781,389.6759948730469,392.7099914550781,43079,0.0,0.0
2024-02-16 10:30:00-05:00,392.95001220703125,393.79998779296875,391.8699951171875,393.2099914550781,16244,0.0,0.0
2024-02-16 11:30:00-05:00,393.19000244140625,393.9649963378906,390.9700012207031,391.2325134277344,33481,0.0,0.0
2024-02-16 12:30:00-05:00,391.3900146484375,393.5849914550781,390.92999267578125,393.0,28307,0.0,0.0
2024-02-16 13:30:00-05:00,394.05999755859375,394.6000061035156,393.5400085449219,394.1300048828125,8607,0.0,0.0
2024-02-16 14:30:00-05:00,394.0,394.5799865722656,392.5899963378906,393.9100036621094,20294,0.0,0.0
2024-02-16 15:30:00-05:00,393.4800109863281,394.2550048828125,392.239990234375,392.239990234375,29859,0.0,0.0
2024-02-20 09:30:00-05:00,406.94000244140625,408.0,401.2650146484375,401.2650146484375,110644,0.0,0.0
2024-02-20 10:30:00-05:00,401.260009765625,401.4949951171875,394.739990234375,394.739990234375,30414,0.0,0.0
2024-02-20 11:30:00-05:00,395.0,396.5799865722656,393.55999755859375,394.2349853515625,19067,0.0,0.0
2024-02-20 12:30:00-05:00,394.2349853515625,395.2250061035156,393.6499938964844,394.07000732421875,25375,0.0,0.0
2024-02-20 13:30:00-05:00,394.04998779296875,398.31500244140625,394.04998779296875,398.1600036621094,10293,0.0,0.0
2024-02-20 14:30:00-05:00,398.2200012207031,399.1000061035156,395.54998779296875,396.260009765625,22381,0.0,0.0
2024-02-20 15:30:00-05:00,396.2349853515625,396.69000244140625,394.57000732421875,395.3999938964844,45658,0.0,0.0
2024-02-21 09:30:00-05:00,399.30999755859375,402.30999755859375,398.8599853515625,399.2300109863281,31230,0.0,0.0
2024-02-21 10:30:00-05:00,399.1700134277344,399.739990234375,397.9200134277344,398.760009765625,39907,0.0,0.0
2024-02-21 11:30:00-05:00,399.1099853515625,400.2300109863281,397.2900085449219,397.2900085449219,19146,0.0,0.0
2024-02-21 12:30:00-05:00,397.7900085449219,397.8599853515625,397.0899963378906,397.19000244140625,6706,0.0,0.0
2024-02-21 13:30:00-05:00,397.3500061035156,397.7499084472656,396.32501220703125,396.7900085449219,7825,0.0,0.0
2024-02-21 14:30:00-05:00,396.5950012207031,399.2200012207031,396.5950012207031,398.80999755859375,12159,0.0,0.0
2024-02-21 15:30:00-05:00,399.25,400.4100036621094,398.9649963378906,399.5199890136719,15519,0.0,0.0
2024-02-22 09:30:00-05:00,399.1700134277344,403.989990234375,399.1700134277344,402.92999267578125,27570,0.0,0.0
2024-02-22 10:30:00-05:00,404.2699890136719,404.5899963378906,402.6199951171875,404.55999755859375,19846,0.0,0.0
2024-02-22 11:30:00-05:00,404.4700012207031,405.4599914550781,403.0,405.3299865722656,26415,0.0,0.0
2024-02-22 12:30:00-05:00,406.0,408.7598876953125,406.0,407.8500061035156,11601,0.0,0.0
2024-02-22 13:30:00-05:00,408.1199951171875,410.1449890136719,407.5050048828125,410.1449890136719,8596,0.0,0.0
2024-02-22 14:30:00-05:00,409.79998779296875,410.1099853515625,407.1499938964844,408.0799865722656,34410,0.0,0.0
2024-02-22 15:30:00-05:00,407.7099914550781,407.79998779296875,405.4599914550781,406.010009765625,28056,0.0,0.0
2024-02-23 09:30:00-05:00,405.95001220703125,410.29998779296875,405.95001220703125,409.3999938964844,24184,0.0,0.0
2024-02-23 10:30:00-05:00,409.5249938964844,410.5150146484375,408.5,408.94500732421875,13719,0.0,0.0
2024-02-23 11:30:00-05:00,409.31500244140625,411.9700012207031,409.0050048828125,411.57000732421875,11253,0.0,0.0
2024-02-23 12:30:00-05:00,411.3599853515625,413.0,411.010009765625,412.9800109863281,12042,0.0,0.0
2024-02-23 13:30:00-05:00,412.8399963378906,413.0950012207031,407.32501220703125,407.32501220703125,10759,0.0,0.0
2024-02-23 14:30:00-05:00,407.3399963378906,409.489990234375,407.3399963378906,409.1549987792969,9506,0.0,0.0
2024-02-23 15:30:00-05:00,408.44500732421875,409.5199890136719,407.82000732421875,409.5199890136719,23160,0.0,0.0
2024-02-26 09:30:00-05:00,410.6600036621094,412.57000732421875,410.17498779296875,410.70001220703125,31477,0.0,0.0
2024-02-26 10:30:00-05:00,410.9800109863281,410.9800109863281,408.239990234375,408.80999755859375,11397,0.0,0.0
2024-02-26 11:30:00-05:00,408.4849853515625,409.2900085449219,407.3599853515625,409.19000244140625,15620,0.0,0.0
2024-02-26 12:30:00-05:00,408.875,409.5,407.3399963378906,407.6000061035156,7570,0.0,0.0
2024-02-26 13:30:00-05:00,407.9100036621094,409.489990234375,407.1700134277344,409.4800109863281,11786,0.0,0.0
2024-02-26 14:30:00-05:00,409.29998779296875,410.25,409.29998779296875,409.8349914550781,9331,0.0,0.0
2024-02-26 15:30:00-05:00,409.8900146484375,410.739990234375,409.2850036621094,409.9200134277344,31146,0.0,0.0
2024-02-27 09:30:00-05:00,406.25,409.7449951171875,406.25,407.8599853515625,39897,0.0,0.0
2024-02-27 10:30:00-05:00,408.07000732421875,409.25,406.54998779296875,408.94500732421875,17453,0.0,0.0
2024-02-27 11:30:00-05:00,408.989990234375,409.94500732421875,407.6099853515625,408.4700012207031,30942,0.0,0.0
2024-02-27 12:30:00-05:00,408.7300109863281,409.010009765625,408.1600036621094,408.95001220703125,10145,0.0,0.0
2024-02-27 13:30:00-05:00,408.6700134277344,411.0199890136719,408.6650085449219,410.2950134277344,15825,0.0,0.0
2024-02-27 14:30:00-05:00,410.5150146484375,411.4750061035156,410.0199890136719,410.0950012207031,16972,0.0,0.0
2024-02-27 15:30:00-05:00,410.0799865722656,412.5050048828125,409.6099853515625,411.2300109863281,31929,0.0,0.0
2024-02-28 09:30:00-05:00,408.0799865722656,408.2900085449219,400.1499938964844,400.875,66612,0.0,0.0
2024-02-28 10:30:00-05:00,400.6000061035156,401.0199890136719,398.3599853515625,399.2900085449219,40915,0.0,0.0
2024-02-28 11:30:00-05:00,398.989990234375,403.2799987792969,398.82000732421875,401.8800048828125,29919,0.0,0.0
2024-02-28 12:30:00-05:00,401.44500732421875,402.17999267578125,400.5400085449219,401.6199951171875,10760,0.0,0.0
2024-02-28 13:30:00-05:00,401.7799987792969,401.7799987792969,398.7799987792969,398.7799987792969,23013,0.0,0.0
2024-02-28 14:30:00-05:00,399.2650146484375,400.0400085449219,398.29998779296875,399.0249938964844,34126,0.0,0.0
2024-02-28 15:30:00-05:00,399.3800048828125,399.5299987792969,397.2900085449219,397.69000244140625,42099,0.0,0.0
2024-02-29 09:30:00-05:00,380.17999267578125,386.2200012207031,371.8699951171875,376.94000244140625,196558,0.0,0.0
2024-02-29 10:30:00-05:00,376.4049987792969,377.8999938964844,371.1650085449219,373.32000732421875,137182,0.0,0.0
2024-02-29 11:30:00-05:00,374.12640380859375,381.739990234375,368.57501220703125,380.2900085449219,103799,0.0,0.0
2024-02-29 12:30:00-05:00,379.9649963378906,386.57000732421875,379.31500244140625,383.3999938964844,91759,0.0,0.0
2024-02-29 13:30:00-05:00,382.1700134277344,383.7749938964844,375.8999938964844,376.4849853515625,88940,0.0,0.0
2024-02-29 14:30:00-05:00,377.0249938964844,382.0050048828125,375.8500061035156,380.94500732421875,83601,0.0,0.0
2024-02-29 15:30:00-05:00,380.0,382.760009765625,379.1600036621094,380.5799865722656,95044,0.0,0.0
2024-03-01 09:30:00-05:00,380.5,384.9339904785156,379.5,384.875,133852,0.0,0.0
2024-03-01 10:30:00-05:00,385.1000061035156,392.0050048828125,384.05999755859375,387.69000244140625,71148,0.0,0.0
2024-03-01 11:30:00-05:00,389.25,391.2099914550781,387.82501220703125,391.0,32434,0.0,0.0
2024-03-01 12:30:00-05:00,391.0299987792969,393.04998779296875,390.3999938964844,391.4100036621094,16630,0.0,0.0
2024-03-01 13:30:00-05:00,391.8800048828125,393.7799987792969,391.0199890136719,393.2799987792969,32694,0.0,0.0
2024-03-01 14:30:00-05:00,393.6400146484375,393.6400146484375,391.82000732421875,392.3999938964844,26248,0.0,0.0
2024-03-01 15:30:00-05:00,392.07501220703125,394.1000061035156,391.25,393.375,86523,0.0,0.0
2024-03-04 09:30:00-05:00,386.0899963378906,390.1700134277344,385.3900146484375,389.510009765625,59504,0.0,0.0
2024-03-04 10:30:00-05:00,389.6600036621094,390.3999938964844,389.1400146484375,390.3999938964844,20932,0.0,0.0
2024-03-04 11:30:00-05:00,390.70001220703125,390.70001220703125,382.3299865722656,389.7325134277344,53823,0.0,0.0
2024-03-04 12:30:00-05:00,389.489990234375,389.8999938964844,388.4525146484375,388.94500732421875,17924,0.0,0.0
2024-03-04 13:30:00-05:00,389.0,390.8599853515625,388.8399963378906,390.8599853515625,13447,0.0,0.0
2024-03-04 14:30:00-05:00,390.114990234375,390.7099914550781,389.3399963378906,390.0,14425,0.0,0.0
2024-03-04 15:30:00-05:00,389.8500061035156,390.7799987792969,389.8500061035156,390.32000732421875,140867,0.0,0.0
2024-03-05 09:30:00-05:00,387.9549865722656,389.6000061035156,384.6449890136719,385.93499755859375,101171,0.0,0.0
2024-03-05 10:30:00-05:00,385.4949951171875,386.0,385.0,385.95001220703125,44289,0.0,0.0
2024-03-05 11:30:00-05:00,385.5400085449219,385.739990234375,381.510009765625,384.94500732421875,0,0.0,0.0
2024-03-05 12:30:00-05:00,385.42999267578125,386.67999267578125,385.17999267578125,385.7250061035156,14634,0.0,0.0
2024-03-05 13:30:00-05:00,386.4898986816406,386.8999938964844,385.5299987792969,385.8800048828125,9999,0.0,0.0
2024-03-05 14:30:00-05:00,386.6099853515625,387.6300048828125,385.5,387.29998779296875,12411,0.0,0.0
2024-03-05 15:30:00-05:00,387.29998779296875,389.8999938964844,387.29998779296875,389.05499267578125,135685,0.0,0.0
2024-03-06 09:30:00-05:00,390.0249938964844,391.57501220703125,389.2699890136719,389.7799987792969,42442,0.0,0.0
2024-03-06 10:30:00-05:00,389.81500244140625,392.9100036621094,389.81500244140625,390.9200134277344,12247,0.0,0.0
2024-03-06 11:30:00-05:00,391.1099853515625,391.2200012207031,390.4200134277344,391.1640930175781,6966,0.0,0.0
2024-03-06 12:30:00-05:00,391.0150146484375,391.0150146484375,389.8599853515625,390.0,8905,0.0,0.0
2024-03-06 13:30:00-05:00,389.9750061035156,390.24420166015625,389.2799987792969,389.635009765625,11092,0.0,0.0
2024-03-06 14:30:00-05:00,389.2699890136719,390.4049987792969,387.9100036621094,390.2699890136719,13945,0.0,0.0
2024-03-06 15:30:00-05:00,389.989990234375,391.489990234375,389.3800048828125,391.05499267578125,91962,0.0,0.0
2024-03-07 09:30:00-05:00,395.6600036621094,396.8699951171875,389.55999755859375,389.7349853515625,32732,0.0,0.0
2024-03-07 10:30:00-05:00,389.4800109863281,391.9700012207031,389.4800109863281,391.3699951171875,33200,0.0,0.0
2024-03-07 11:30:00-05:00,391.760009765625,392.07000732421875,390.2300109863281,390.3500061035156,16985,0.0,0.0
2024-03-07 12:30:00-05:00,389.94000244140625,391.7900085449219,389.94000244140625,391.2099914550781,9506,0.0,0.0
2024-03-07 13:30:00-05:00,391.5849914550781,392.2099914550781,390.55999755859375,391.06500244140625,12157,0.0,0.0
2024-03-07 14:30:00-05:00,390.7300109863281,390.9700012207031,389.8349914550781,390.7099914550781,8487,0.0,0.0
2024-03-07 15:30:00-05:00,389.8500061035156,389.9800109863281,388.07000732421875,388.94000244140625,31602,0.0,0.0
2024-03-08 09:30:00-05:00,387.489990234375,392.57000732421875,386.989990234375,390.3299865722656,28271,0.0,0.0
2024-03-08 10:30:00-05:00,390.95001220703125,391.5899963378906,389.7550048828125,390.3699951171875,29227,0.0,0.0
2024-03-08 11:30:00-05:00,390.5150146484375,391.0899963378906,387.3949890136719,387.3949890136719,45819,0.0,0.0
2024-03-08 12:30:00-05:00,387.0899963378906,387.0899963378906,385.3699951171875,385.8699951171875,10536,0.0,0.0
2024-03-08 13:30:00-05:00,385.9100036621094,387.385009765625,385.1499938964844,387.114990234375,17966,0.0,0.0
2024-03-08 14:30:00-05:00,387.20001220703125,389.010009765625,385.260009765625,386.2250061035156,29402,0.0,0.0
2024-03-08 15:30:00-05:00,386.4129943847656,387.79998779296875,386.0299987792969,387.79998779296875,29990,0.0,0.0
2024-03-11 09:30:00-04:00,388.0299987792969,391.9750061035156,388.0299987792969,391.3599853515625,46991,0.0,0.0
2024-03-11 10:30:00-04:00,391.1600036621094,393.0799865722656,389.5249938964844,392.5899963378906,42112,0.0,0.0
2024-03-11 11:30:00-04:00,392.6449890136719,394.0450134277344,392.1400146484375,392.3349914550781,20418,0.0,0.0
2024-03-11 12:30:00-04:00,392.4800109863281,393.7850036621094,391.4200134277344,391.57000732421875,23981,0.0,0.0
2024-03-11 13:30:00-04:00,391.9150085449219,392.1000061035156,389.2900085449219,389.67498779296875,23685,0.0,0.0
2024-03-11 14:30:00-04:00,388.9800109863281,389.260009765625,387.44000244140625,387.614990234375,38478,0.0,0.0
2024-03-11 15:30:00-04:00,387.82000732421875,387.8900146484375,383.8800048828125,385.2749938964844,65306,0.0,0.0
2024-03-12 09:30:00-04:00,384.67999267578125,388.2900085449219,383.1199951171875,388.0,33828,0.0,0.0
2024-03-12 10:30:00-04:00,388.3399963378906,389.6499938964844,387.6700134277344,389.57000732421875,24282,0.0,0.0
2024-03-12 11:30:00-04:00,389.5950012207031,390.239990234375,388.32000732421875,389.55999755859375,30352,0.0,0.0
2024-03-12 12:30:00-04:00,389.5799865722656,389.9750061035156,386.0299987792969,388.8399963378906,34335,0.0,0.0
2024-03-12 13:30:00-04:00,388.5950012207031,390.1600036621094,388.119384765625,388.69000244140625,25028,0.0,0.0
2024-03-12 14:30:00-04:00,388.69000244140625,389.2499084472656,387.0400085449219,388.20001220703125,29359,0.0,0.0
2024-03-12 15:30:00-04:00,388.17999267578125,389.42999267578125,386.8800048828125,387.9599914550781,55388,0.0,0.0
2024-03-13 09:30:00-04:00,384.4800109863281,387.6400146484375,380.55999755859375,380.55999755859375,26526,0.0,0.0
2024-03-13 10:30:00-04:00,380.1000061035156,380.114990234375,374.5799865722656,375.4200134277344,62398,0.0,0.0
2024-03-13 11:30:00-04:00,375.385009765625,376.3299865722656,373.2900085449219,376.2300109863281,31293,0.0,0.0
2024-03-13 12:30:00-04:00,376.4800109863281,379.6000061035156,376.4599914550781,379.6000061035156,18028,0.0,0.0
2024-03-13 13:30:00-04:00,379.55999755859375,379.55999755859375,377.82000732421875,379.0199890136719,10420,0.0,0.0
2024-03-13 14:30:00-04:00,379.4599914550781,380.5199890136719,378.2099914550781,378.3550109863281,19205,0.0,0.0
2024-03-13 15:30:00-04:00,378.7650146484375,382.4599914550781,378.610107421875,382.1600036621094,57176,0.0,0.0
2024-03-14 09:30:00-04:00,385.75,386.8599853515625,376.5700988769531,377.760009765625,44084,0.0,0.0
2024-03-14 10:30:00-04:00,379.0150146484375,379.2200012207031,376.5799865722656,378.0400085449219,72549,0.0,0.0
2024-03-14 11:30:00-04:00,378.04998779296875,380.1199951171875,378.04998779296875,380.0199890136719,15118,0.0,0.0
2024-03-14 12:30:00-04:00,380.0150146484375,380.0150146484375,376.69500732421875,376.69500732421875,15951,0.0,0.0
2024-03-14 13:30:00-04:00,377.0,378.385009765625,377.0,377.42999267578125,12587,0.0,0.0
2024-03-14 14:30:00-04:00,376.8800048828125,376.8800048828125,374.80999755859375,375.42999267578125,28528,0.0,0.0
2024-03-14 15:30:00-04:00,375.2250061035156,378.80999755859375,374.32501220703125,378.80999755859375,31417,0.0,0.0
2024-03-15 09:30:00-04:00,378.8399963378906,380.8500061035156,374.55999755859375,374.55999755859375,24815,0.0,0.0
2024-03-15 10:30:00-04:00,373.5199890136719,378.2200012207031,372.42999267578125,378.0199890136719,37917,0.0,0.0
2024-03-15 11:30:00-04:00,377.7749938964844,378.07000732421875,374.79998779296875,375.7349853515625,11098,0.0,0.0
2024-03-15 12:30:00-04:00,375.3800048828125,375.3900146484375,372.25,372.8999938964844,29929,0.0,0.0
2024-03-15 13:30:00-04:00,374.0400085449219,374.2200012207031,373.1099853515625,374.04998779296875,6331,0.0,0.0
2024-03-15 14:30:00-04:00,373.8699951171875,374.5899963378906,371.2650146484375,371.4800109863281,5650,0.0,0.0
2024-03-15 15:30:00-04:00,372.1199951171875,372.9750061035156,371.0899963378906,371.4750061035156,19768,0.0,0.0
2024-03-18 09:30:00-04:00,366.7099914550781,368.43499755859375,361.82000732421875,364.9800109863281,74196,0.0,0.0
2024-03-18 10:30:00-04:00,364.79998779296875,366.385009765625,364.6000061035156,364.875,30322,0.0,0.0
2024-03-18 11:30:00-04:00,364.510009765625,364.5799865722656,362.3299865722656,362.69500732421875,67126,0.0,0.0
2024-03-18 12:30:00-04:00,362.2300109863281,364.55999755859375,361.44000244140625,363.7749938964844,47547,0.0,0.0
2024-03-18 13:30:00-04:00,363.8699951171875,365.45001220703125,363.67999267578125,365.29998779296875,14564,0.0,0.0
2024-03-18 14:30:00-04:00,365.31500244140625,365.31500244140625,363.7799987792969,364.1050109863281,21578,0.0,0.0
2024-03-18 15:30:00-04:00,364.07000732421875,364.7850036621094,361.5400085449219,361.5400085449219,46365,0.0,0.0
2024-03-19 09:30:00-04:00,363.0299987792969,363.17999267578125,360.5199890136719,361.17999267578125,22130,0.0,0.0
2024-03-19 10:30:00-04:00,361.3800048828125,362.3500061035156,359.4549865722656,360.2900085449219,32873,0.0,0.0
2024-03-19 11:30:00-04:00,360.3949890136719,361.1449890136719,359.5,360.7200012207031,37240,0.0,0.0
2024-03-19 12:30:00-04:00,360.8450012207031,361.5299072265625,360.20001220703125,360.6449890136719,30221,0.0,0.0
2024-03-19 13:30:00-04:00,360.6600036621094,361.6600036621094,359.57000732421875,360.7099914550781,27381,0.0,0.0
2024-03-19 14:30:00-04:00,360.6400146484375,361.19000244140625,358.3450012207031,359.0799865722656,52355,0.0,0.0
2024-03-19 15:30:00-04:00,358.9649963378906,360.5050048828125,358.760009765625,359.3699951171875,69633,0.0,0.0
2024-03-20 09:30:00-04:00,359.0,359.42999267578125,350.2099914550781,350.2099914550781,94453,0.0,0.0
2024-03-20 10:30:00-04:00,350.1400146484375,352.6700134277344,349.8599853515625,351.42498779296875,65079,0.0,0.0
2024-03-20 11:30:00-04:00,351.45001220703125,354.2699890136719,350.0899963378906,353.5,55320,0.0,0.0
2024-03-20 12:30:00-04:00,353.3399963378906,355.3599853515625,352.885009765625,354.4150085449219,42164,0.0,0.0
2024-03-20 13:30:00-04:00,354.67999267578125,358.3349914550781,354.3500061035156,358.18499755859375,38467,0.0,0.0
2024-03-20 14:30:00-04:00,358.5249938964844,358.5249938964844,354.3699951171875,357.55999755859375,60621,0.0,0.0
2024-03-20 15:30:00-04:00,357.5400085449219,357.5400085449219,355.4200134277344,356.92999267578125,68574,0.0,0.0
2024-03-21 09:30:00-04:00,410.80999755859375,411.2250061035156,394.67999267578125,398.4800109863281,315195,0.0,0.0
2024-03-21 10:30:00-04:00,398.6600036621094,400.0299987792969,395.3599853515625,398.0799865722656,76085,0.0,0.0
2024-03-21 11:30:00-04:00,397.93499755859375,405.30499267578125,397.44500732421875,405.04998779296875,106234,0.0,0.0
2024-03-21 12:30:00-04:00,405.4200134277344,409.1700134277344,404.0299987792969,408.9849853515625,57400,0.0,0.0
2024-03-21 13:30:00-04:00,408.79998779296875,409.2998962402344,402.3299865722656,402.3999938964844,47375,0.0,0.0
2024-03-21 14:30:00-04:00,402.6099853515625,403.7900085449219,398.1199951171875,398.5249938964844,45056,0.0,0.0
2024-03-21 15:30:00-04:00,397.8399963378906,399.4800109863281,396.760009765625,396.8999938964844,75132,0.0,0.0
2024-03-22 09:30:00-04:00,394.4599914550781,397.5199890136719,389.30999755859375,397.5199890136719,57480,0.0,0.0
2024-03-22 10:30:00-04:00,397.239990234375,400.3699951171875,396.8699951171875,400.3699951171875,39346,0.0,0.0
2024-03-22 11:30:00-04:00,400.0899963378906,401.3299865722656,399.2900085449219,400.1400146484375,38693,0.0,0.0
2024-03-22 12:30:00-04:00,400.6199951171875,403.1600036621094,399.80999755859375,401.44500732421875,29542,0.0,0.0
2024-03-22 13:30:00-04:00,401.9599914550781,405.2900085449219,401.9599914550781,404.9700012207031,34083,0.0,0.0
2024-03-22 14:30:00-04:00,404.6400146484375,404.6400146484375,400.8500061035156,401.8599853515625,30598,0.0,0.0
2024-03-22 15:30:00-04:00,401.5799865722656,403.409912109375,400.8999938964844,402.31500244140625,46241,0.0,0.0
2024-03-25 09:30:00-04:00,396.6300048828125,397.260009765625,394.17498779296875,396.8999938964844,40048,0.0,0.0
2024-03-25 10:30:00-04:00,396.5450134277344,400.0,396.5400085449219,398.2650146484375,22006,0.0,0.0
2024-03-25 11:30:00-04:00,398.1199951171875,398.8900146484375,396.6449890136719,397.375,16309,0.0,0.0
2024-03-25 12:30:00-04:00,397.2650146484375,397.3800048828125,395.7149963378906,395.7950134277344,18645,0.0,0.0
2024-03-25 13:30:00-04:00,396.0799865722656,397.385009765625,395.8399963378906,397.0849914550781,15751,0.0,0.0
2024-03-25 14:30:00-04:00,396.8800048828125,397.239990234375,394.1400146484375,394.510009765625,20810,0.0,0.0
2024-03-25 15:30:00-04:00,395.1499938964844,398.614990234375,395.0,398.4200134277344,40104,0.0,0.0
2024-03-26 09:30:00-04:00,398.7099914550781,401.8500061035156,394.55499267578125,395.0799865722656,23493,0.0,0.0
2024-03-26 10:30:00-04:00,394.1000061035156,397.0799865722656,393.6099853515625,397.0799865722656,17646,0.0,0.0
2024-03-26 11:30:00-04:00,397.8999938964844,397.8999938964844,396.0050048828125,396.71429443359375,13844,0.0,0.0
2024-03-26 12:30:00-04:00,396.6300048828125,397.1199951171875,395.3299865722656,397.1199951171875,9543,0.0,0.0
2024-03-26 13:30:00-04:00,398.55999755859375,400.0199890136719,396.7099914550781,398.6300048828125,24280,0.0,0.0
2024-03-26 14:30:00-04:00,399.1099853515625,400.79998779296875,398.4100036621094,398.67498779296875,27570,0.0,0.0
2024-03-26 15:30:00-04:00,398.7200012207031,398.7200012207031,396.2099914550781,396.9800109863281,43326,0.0,0.0
2024-03-27 09:30:00-04:00,398.92999267578125,398.92999267578125,393.5799865722656,395.2300109863281,31759,0.0,0.0
2024-03-27 10:30:00-04:00,395.2300109863281,396.6050109863281,394.75,396.0050048828125,27511,0.0,0.0
2024-03-27 11:30:00-04:00,395.92999267578125,398.3599853515625,395.69000244140625,398.3599853515625,34177,0.0,0.0
2024-03-27 12:30:00-04:00,398.7699890136719,400.2099914550781,398.4049987792969,400.19000244140625,14536,0.0,0.0
2024-03-27 13:30:00-04:00,399.5498962402344,399.5498962402344,397.5950012207031,398.6099853515625,17596,0.0,0.0
2024-03-27 14:30:00-04:00,398.3599853515625,399.1099853515625,396.5299987792969,398.1400146484375,16885,0.0,0.0
2024-03-27 15:30:00-04:00,397.7200012207031,399.3699951171875,397.1199951171875,398.6300048828125,26262,0.0,0.0
2024-03-28 09:30:00-04:00,397.6099853515625,397.7900085449219,394.32000732421875,395.32000732421875,26056,0.0,0.0
2024-03-28 10:30:00-04:00,395.3299865722656,395.3299865722656,393.80499267578125,394.2250061035156,19308,0.0,0.0
2024-03-28 11:30:00-04:00,394.5400085449219,396.2699890136719,394.5400085449219,395.20001220703125,25169,0.0,0.0
2024-03-28 12:30:00-04:00,395.1499938964844,395.2850036621094,393.9700012207031,394.44000244140625,17245,0.0,0.0
2024-03-28 13:30:00-04:00,394.75,396.135009765625,393.7149963378906,394.1199951171875,24455,0.0,0.0
2024-03-28 14:30:00-04:00,394.375,394.5224914550781,393.0,393.2250061035156,28988,0.0,0.0
2024-03-28 15:30:00-04:00,393.05999755859375,394.5199890136719,391.70001220703125,394.0299987792969,33947,0.0,0.0
2024-04-01 09:30:00-04:00,394.3999938964844,397.0950012207031,388.1099853515625,390.6700134277344,17443,0.0,0.0
2024-04-01 10:30:00-04:00,390.260009765625,394.4599914550781,390.260009765625,393.7650146484375,20191,0.0,0.0
2024-04-01 11:30:00-04:00,393.3699951171875,395.4100036621094,390.9005126953125,392.5299987792969,13038,0.0,0.0
2024-04-01 12:30:00-04:00,392.7550048828125,396.70001220703125,392.6600036621094,396.17498779296875,8902,0.0,0.0
2024-04-01 13:30:00-04:00,396.2650146484375,398.4599914550781,396.2650146484375,398.4599914550781,6629,0.0,0.0
2024-04-01 14:30:00-04:00,399.2850036621094,399.2850036621094,396.8659973144531,397.260009765625,9608,0.0,0.0
2024-04-01 15:30:00-04:00,397.1199951171875,397.4800109863281,396.57000732421875,396.6199951171875,17020,0.0,0.0
2024-04-02 09:30:00-04:00,389.94000244140625,390.3500061035156,387.3800048828125,389.67999267578125,70446,0.0,0.0
2024-04-02 10:30:00-04:00,389.6600036621094,390.3399963378906,388.6199951171875,389.239990234375,22939,0.0,0.0
2024-04-02 11:30:00-04:00,389.260009765625,391.1199951171875,388.74749755859375,390.79998779296875,27560,0.0,0.0
2024-04-02 12:30:00-04:00,391.239990234375,391.239990234375,390.75,390.7550048828125,5634,0.0,0.0
2024-04-02 13:30:00-04:00,390.93499755859375,392.94000244140625,389.5400085449219,392.94000244140625,29447,0.0,0.0
2024-04-02 14:30:00-04:00,392.9599914550781,395.25,392.5799865722656,393.80499267578125,22339,0.0,0.0
2024-04-02 15:30:00-04:00,393.739990234375,397.1099853515625,393.739990234375,397.1099853515625,58902,0.0,0.0
2024-04-03 09:30:00-04:00,395.0899963378906,399.19500732421875,394.2200012207031,398.5050048828125,40721,0.0,0.0
2024-04-03 10:30:00-04:00,398.67999267578125,398.7900085449219,395.823486328125,397.010009765625,28391,0.0,0.0
2024-04-03 11:30:00-04:00,397.510009765625,398.0849914550781,396.8599853515625,397.5150146484375,11112,0.0,0.0
2024-04-03 12:30:00-04:00,397.6050109863281,399.25250244140625,397.4700012207031,398.1600036621094,11817,0.0,0.0
2024-04-03 13:30:00-04:00,398.6700134277344,399.2900085449219,397.8299865722656,398.1199951171875,24041,0.0,0.0
2024-04-03 14:30:00-04:00,397.80999755859375,399.94000244140625,397.17999267578125,398.010009765625,18680,0.0,0.0
2024-04-03 15:30:00-04:00,397.32501220703125,398.6099853515625,396.9049987792969,398.6099853515625,32183,0.0,0.0
2024-04-04 09:30:00-04:00,392.6199951171875,395.81500244140625,392.6199951171875,393.92999267578125,23249,0.0,0.0
2024-04-04 10:30:00-04:00,393.7300109863281,395.0350036621094,393.45001220703125,394.0799865722656,11753,0.0,0.0
2024-04-04 11:30:00-04:00,394.79998779296875,395.0,393.70001220703125,394.0199890136719,17552,0.0,0.0
2024-04-04 12:30:00-04:00,393.9849853515625,394.2799987792969,390.8450012207031,391.30499267578125,15813,0.0,0.0
2024-04-04 13:30:00-04:00,391.7300109863281,391.7300109863281,388.5299987792969,388.5299987792969,16601,0.0,0.0
2024-04-04 14:30:00-04:00,388.07000732421875,388.5299987792969,387.5249938964844,387.5249938964844,18962,0.0,0.0
2024-04-04 15:30:00-04:00,387.2900085449219,387.8500061035156,386.4599914550781,386.989013671875,34356,0.0,0.0
2024-04-05 09:30:00-04:00,387.25,387.92999267578125,385.9525146484375,386.4750061035156,26984,0.0,0.0
2024-04-05 10:30:00-04:00,386.375,387.5400085449219,384.6499938964844,387.5400085449219,13306,0.0,0.0
2024-04-05 11:30:00-04:00,387.1400146484375,388.5,387.1400146484375,387.8299865722656,13398,0.0,0.0
2024-04-05 12:30:00-04:00,387.9100036621094,388.9700012207031,387.8949890136719,388.7099914550781,18159,0.0,0.0
2024-04-05 13:30:00-04:00,388.69500732421875,388.69500732421875,387.1050109863281,388.1449890136719,14299,0.0,0.0
2024-04-05 14:30:00-04:00,387.93499755859375,388.3800048828125,386.5400085449219,388.0,10381,0.0,0.0
2024-04-05 15:30:00-04:00,387.864990234375,387.95001220703125,386.8900146484375,387.0299987792969,18457,0.0,0.0
2024-04-08 09:30:00-04:00,386.7099914550781,388.2099914550781,385.19000244140625,387.2001037597656,17204,0.0,0.0
2024-04-08 10:30:00-04:00,387.3550109863281,388.375,386.9200134277344,388.375,9895,0.0,0.0
2024-04-08 11:30:00-04:00,387.9049987792969,387.9049987792969,385.0400085449219,386.04998779296875,24890,0.0,0.0
2024-04-08 12:30:00-04:00,386.4599914550781,386.4599914550781,385.260009765625,385.75,9764,0.0,0.0
2024-04-08 13:30:00-04:00,385.9599914550781,387.6400146484375,385.9599914550781,387.6400146484375,7662,0.0,0.0
2024-04-08 14:30:00-04:00,387.55999755859375,388.0899963378906,386.5299987792969,387.94000244140625,9512,0.0,0.0
2024-04-08 15:30:00-04:00,388.0249938964844,388.0249938964844,386.7349853515625,387.0249938964844,16627,0.0,0.0
2024-04-09 09:30:00-04:00,385.7799987792969,389.489990234375,385.7799987792969,386.5299987792969,35440,0.0,0.0
2024-04-09 10:30:00-04:00,386.3699951171875,386.3699951171875,383.2300109863281,383.2300109863281,12005,0.0,0.0
2024-04-09 11:30:00-04:00,383.1499938964844,383.7349853515625,381.7401123046875,383.0199890136719,14233,0.0,0.0
2024-04-09 12:30:00-04:00,383.8900146484375,385.1499938964844,383.8900146484375,384.3949890136719,10955,0.0,0.0
2024-04-09 13:30:00-04:00,383.7699890136719,384.135009765625,382.4100036621094,383.7300109863281,13769,0.0,0.0
2024-04-09 14:30:00-04:00,383.25,383.7099914550781,381.6300048828125,383.07000732421875,16127,0.0,0.0
2024-04-09 15:30:00-04:00,383.2950134277344,386.17498779296875,382.989990234375,383.6499938964844,83921,0.0,0.0
2024-04-10 09:30:00-04:00,381.7799987792969,382.1199951171875,379.1000061035156,381.5199890136719,39487,0.0,0.0
2024-04-10 10:30:00-04:00,381.2300109863281,383.0400085449219,380.92999267578125,383.0400085449219,13940,0.0,0.0
2024-04-10 11:30:00-04:00,382.7749938964844,382.7749938964844,381.7049865722656,382.30999755859375,10659,0.0,0.0
2024-04-10 12:30:00-04:00,382.8800048828125,384.3999938964844,381.9599914550781,383.19000244140625,8918,0.0,0.0
2024-04-10 13:30:00-04:00,382.7799987792969,383.6499938964844,382.7799987792969,383.25,5633,0.0,0.0
2024-04-10 14:30:00-04:00,382.5,384.79998779296875,382.4700012207031,384.7900085449219,10432,0.0,0.0
2024-04-10 15:30:00-04:00,384.42999267578125,385.3299865722656,382.4599914550781,382.8399963378906,26955,0.0,0.0
2024-04-11 09:30:00-04:00,386.6499938964844,387.6199951171875,380.8299865722656,380.8299865722656,16089,0.0,0.0
2024-04-11 10:30:00-04:00,380.82000732421875,381.19000244140625,379.2799987792969,379.2799987792969,7007,0.0,0.0
2024-04-11 11:30:00-04:00,379.0450134277344,379.94500732421875,378.17999267578125,379.0299987792969,18184,0.0,0.0
2024-04-11 12:30:00-04:00,379.19000244140625,380.8800048828125,378.3699951171875,380.8800048828125,11569,0.0,0.0
2024-04-11 13:30:00-04:00,380.59271240234375,381.1400146484375,380.4599914550781,380.92999267578125,5693,0.0,0.0
2024-04-11 14:30:00-04:00,381.3699951171875,381.79998779296875,380.7349853515625,381.2950134277344,10625,0.0,0.0
2024-04-11 15:30:00-04:00,381.2650146484375,381.2650146484375,379.0299987792969,379.6600036621094,16488,0.0,0.0
2024-04-12 09:30:00-04:00,380.0199890136719,381.7650146484375,375.7349853515625,375.7349853515625,21130,0.0,0.0
2024-04-12 10:30:00-04:00,375.8500061035156,375.8800048828125,373.7749938964844,374.2200012207031,12012,0.0,0.0
2024-04-12 11:30:00-04:00,374.2950134277344,376.67498779296875,374.2950134277344,375.9150085449219,10998,0.0,0.0
2024-04-12 12:30:00-04:00,376.2799987792969,376.3399963378906,375.67999267578125,376.1600036621094,22318,0.0,0.0
2024-04-12 13:30:00-04:00,376.30999755859375,377.2900085449219,376.30999755859375,376.9649963378906,8080,0.0,0.0
2024-04-12 14:30:00-04:00,376.989990234375,377.39898681640625,376.8399963378906,377.1600036621094,24296,0.0,0.0
2024-04-12 15:30:00-04:00,377.1600036621094,378.2699890136719,376.989990234375,378.2699890136719,27306,0.0,0.0
2024-04-15 09:30:00-04:00,378.5899963378906,380.69000244140625,378.5899963378906,380.69000244140625,23178,0.0,0.0
2024-04-15 10:30:00-04:00,380.4700012207031,381.2550048828125,379.92498779296875,381.0400085449219,28395,0.0,0.0
2024-04-15 11:30:00-04:00,381.8699951171875,383.79998779296875,381.1000061035156,383.1449890136719,22728,0.0,0.0
2024-04-15 12:30:00-04:00,383.3900146484375,386.489990234375,383.3800048828125,383.875,18510,0.0,0.0
2024-04-15 13:30:00-04:00,383.9175109863281,385.31500244140625,383.82000732421875,384.3599853515625,16929,0.0,0.0
2024-04-15 14:30:00-04:00,384.18499755859375,384.18499755859375,376.82000732421875,377.2749938964844,26824,0.0,0.0
2024-04-15 15:30:00-04:00,377.1000061035156,377.1000061035156,375.1199951171875,376.510009765625,41304,0.0,0.0
2024-04-16 09:30:00-04:00,360.3699951171875,370.7699890136719,359.885009765625,369.8900146484375,78069,0.0,0.0
2024-04-16 10:30:00-04:00,369.9700012207031,372.3299865722656,368.9599914550781,372.25,25262,0.0,0.0
2024-04-16 11:30:00-04:00,372.1449890136719,373.3550109863281,371.17999267578125,373.3399963378906,28750,0.0,0.0
2024-04-16 12:30:00-04:00,373.6499938964844,375.4700012207031,373.6499938964844,375.1099853515625,11511,0.0,0.0
2024-04-16 13:30:00-04:00,374.9049987792969,374.9049987792969,372.7799987792969,372.7799987792969,9482,0.0,0.0
2024-04-16 14:30:00-04:00,372.1300048828125,375.4200134277344,372.1300048828125,372.5899963378906,12843,0.0,0.0
2024-04-16 15:30:00-04:00,372.2850036621094,372.2850036621094,370.3999938964844,370.8800048828125,23938,0.0,0.0
2024-04-17 09:30:00-04:00,365.3399963378906,366.4700012207031,360.7900085449219,362.2900085449219,27764,0.0,0.0
2024-04-17 10:30:00-04:00,361.75,363.0899963378906,360.114990234375,362.989990234375,33639,0.0,0.0
2024-04-17 11:30:00-04:00,362.80999755859375,363.3299865722656,361.7200012207031,363.05999755859375,36427,0.0,0.0
2024-04-17 12:30:00-04:00,362.8800048828125,363.29998779296875,361.1400146484375,363.29998779296875,19338,0.0,0.0
2024-04-17 13:30:00-04:00,364.0,366.1400146484375,363.7049865722656,366.1400146484375,31576,0.0,0.0
2024-04-17 14:30:00-04:00,366.0150146484375,367.5299987792969,364.8900146484375,367.010009765625,32616,0.0,0.0
2024-04-17 15:30:00-04:00,367.20001220703125,367.2799987792969,364.82000732421875,366.4800109863281,45627,0.0,0.0
2024-04-18 09:30:00-04:00,362.3399963378906,364.68011474609375,360.6700134277344,363.44000244140625,40199,0.0,0.0
2024-04-18 10:30:00-04:00,363.82000732421875,367.489990234375,363.82000732421875,366.4549865722656,52589,0.0,0.0
2024-04-18 11:30:00-04:00,366.2200012207031,366.4800109863281,362.17999267578125,363.6400146484375,34593,0.0,0.0
2024-04-18 12:30:00-04:00,363.8399963378906,363.8399963378906,359.5199890136719,360.2300109863281,15081,0.0,0.0
2024-04-18 13:30:00-04:00,360.3500061035156,361.31500244140625,359.3800048828125,360.3900146484375,19120,0.0,0.0
2024-04-18 14:30:00-04:00,359.95001220703125,361.3800048828125,358.5,359.79998779296875,33437,0.0,0.0
2024-04-18 15:30:00-04:00,360.07000732421875,360.3500061035156,358.0899963378906,358.45001220703125,30099,0.0,0.0
2024-04-19 09:30:00-04:00,360.3800048828125,362.5,359.6700134277344,362.3399963378906,34573,0.0,0.0
2024-04-19 10:30:00-04:00,362.1000061035156,362.3424987792969,359.45001220703125,359.7300109863281,18423,0.0,0.0
2024-04-19 11:30:00-04:00,359.6000061035156,360.05999755859375,357.54998779296875,358.125,33196,0.0,0.0
2024-04-19 12:30:00-04:00,357.93499755859375,359.3900146484375,357.6449890136719,359.25,59238,0.0,0.0
2024-04-19 13:30:00-04:00,358.9100036621094,361.9200134277344,358.8800048828125,359.2049865722656,62639,0.0,0.0
2024-04-19 14:30:00-04:00,359.0,360.8800048828125,358.25,360.3900146484375,60273,0.0,0.0
2024-04-19 15:30:00-04:00,360.45001220703125,360.81500244140625,359.4150085449219,360.2300109863281,36567,0.0,0.0
2024-04-22 09:30:00-04:00,362.92999267578125,364.4150085449219,359.8299865722656,361.9599914550781,37710,0.0,0.0
2024-04-22 10:30:00-04:00,363.3699951171875,363.6099853515625,360.2300109863281,361.135009765625,34043,0.0,0.0
2024-04-22 11:30:00-04:00,361.6000061035156,363.3599853515625,359.8999938964844,363.3599853515625,44814,0.0,0.0
2024-04-22 12:30:00-04:00,363.2850036621094,367.30999755859375,363.2850036621094,367.30999755859375,49333,0.0,0.0
2024-04-22 13:30:00-04:00,367.8500061035156,369.739990234375,366.6700134277344,369.6700134277344,71677,0.0,0.0
2024-04-22 14:30:00-04:00,369.94000244140625,370.79998779296875,367.5199890136719,368.7049865722656,35352,0.0,0.0
2024-04-22 15:30:00-04:00,368.3999938964844,369.1000061035156,367.5,368.6199951171875,38617,0.0,0.0
2024-04-23 09:30:00-04:00,368.69000244140625,373.0,368.69000244140625,371.94000244140625,59085,0.0,0.0
2024-04-23 10:30:00-04:00,372.2300109863281,375.2099914550781,372.2300109863281,374.7200012207031,69670,0.0,0.0
2024-04-23 11:30:00-04:00,374.07000732421875,377.0,373.4700012207031,375.9700012207031,47433,0.0,0.0
2024-04-23 12:30:00-04:00,375.67999267578125,377.21978759765625,373.3699951171875,374.7250061035156,39287,0.0,0.0
2024-04-23 13:30:00-04:00,374.9100036621094,377.94000244140625,374.8900146484375,376.4200134277344,23532,0.0,0.0
2024-04-23 14:30:00-04:00,377.3900146484375,377.8349914550781,374.9800109863281,375.43499755859375,14929,0.0,0.0
2024-04-23 15:30:00-04:00,374.989990234375,377.54998779296875,374.2699890136719,374.6700134277344,61373,0.0,0.0
2024-04-24 09:30:00-04:00,380.8500061035156,380.8500061035156,373.6000061035156,373.6000061035156,60560,0.0,0.0
2024-04-24 10:30:00-04:00,372.9100036621094,374.9599914550781,372.67999267578125,374.20001220703125,26064,0.0,0.0
2024-04-24 11:30:00-04:00,374.80499267578125,376.3450012207031,373.9599914550781,376.3299865722656,16375,0.0,0.0
2024-04-24 12:30:00-04:00,375.7200012207031,375.7200012207031,373.32501220703125,374.2850036621094,22730,0.0,0.0
2024-04-24 13:30:00-04:00,374.6300048828125,377.3999938964844,374.6300048828125,375.42999267578125,23021,0.0,0.0
2024-04-24 14:30:00-04:00,375.17498779296875,375.8299865722656,374.3599853515625,375.635009765625,16113,0.0,0.0
2024-04-24 15:30:00-04:00,375.625,376.5199890136719,374.3999938964844,374.760009765625,31466,0.0,0.0
2024-04-25 09:30:00-04:00,371.1099853515625,373.44000244140625,367.1650085449219,373.44000244140625,56354,0.0,0.0
2024-04-25 10:30:00-04:00,374.1300048828125,375.0400085449219,371.5450134277344,371.9700012207031,22122,0.0,0.0
2024-04-25 11:30:00-04:00,372.07000732421875,374.114990234375,370.7181091308594,374.114990234375,27463,0.0,0.0
2024-04-25 12:30:00-04:00,373.1300964355469,375.05999755859375,373.1300048828125,374.3999938964844,15184,0.0,0.0
2024-04-25 13:30:00-04:00,374.67999267578125,377.3699951171875,374.67999267578125,376.6499938964844,30689,0.0,0.0
2024-04-25 14:30:00-04:00,376.3699951171875,377.7799987792969,373.840087890625,374.125,42292,0.0,0.0
2024-04-25 15:30:00-04:00,373.1300048828125,373.1300048828125,368.5199890136719,368.5899963378906,79212,0.0,0.0
2024-04-26 09:30:00-04:00,370.260009765625,372.95001220703125,366.7200012207031,372.8800048828125,27944,0.0,0.0
2024-04-26 10:30:00-04:00,373.1199951171875,375.2950134277344,373.1199951171875,373.80499267578125,37347,0.0,0.0
2024-04-26 11:30:00-04:00,374.7049865722656,375.5150146484375,372.5199890136719,374.20001220703125,50201,0.0,0.0
2024-04-26 12:30:00-04:00,374.2149963378906,375.5899963378906,372.6099853515625,375.5450134277344,30012,0.0,0.0
2024-04-26 13:30:00-04:00,375.3399963378906,375.364990234375,372.42498779296875,372.5849914550781,12704,0.0,0.0
2024-04-26 14:30:00-04:00,372.2950134277344,372.9200134277344,371.0,371.9700012207031,21297,0.0,0.0
2024-04-26 15:30:00-04:00,372.0050048828125,372.94500732421875,370.6050109863281,372.70001220703125,41507,0.0,0.0
2024-04-29 09:30:00-04:00,370.82000732421875,378.80999755859375,370.6300048828125,378.2799987792969,38210,0.0,0.0
2024-04-29 10:30:00-04:00,378.9200134277344,379.3399963378906,373.1050109863281,374.19000244140625,16033,0.0,0.0
2024-04-29 11:30:00-04:00,374.260009765625,375.2049865722656,373.55999755859375,374.75,10283,0.0,0.0
2024-04-29 12:30:00-04:00,374.9800109863281,376.20001220703125,374.9800109863281,376.20001220703125,5984,0.0,0.0
2024-04-29 13:30:00-04:00,376.8399963378906,376.8999938964844,375.8349914550781,376.75,4731,0.0,0.0
2024-04-29 14:30:00-04:00,376.7200012207031,377.239990234375,375.25,376.75,20188,0.0,0.0
2024-04-29 15:30:00-04:00,376.760009765625,376.9700012207031,374.3699951171875,375.7699890136719,27774,0.0,0.0
2024-04-30 09:30:00-04:00,374.3599853515625,375.7099914550781,372.6300048828125,375.2900085449219,12077,0.0,0.0
2024-04-30 10:30:00-04:00,374.5,376.8349914550781,373.8900146484375,375.864990234375,22056,0.0,0.0
2024-04-30 11:30:00-04:00,375.3500061035156,376.25,375.07000732421875,375.4150085449219,20112,0.0,0.0
2024-04-30 12:30:00-04:00,375.20001220703125,375.79998779296875,374.5299987792969,375.7300109863281,13566,0.0,0.0
2024-04-30 13:30:00-04:00,376.18499755859375,376.7749938964844,375.8800048828125,376.7749938964844,5739,0.0,0.0
2024-04-30 14:30:00-04:00,376.7699890136719,377.05999755859375,374.5,374.5899963378906,8760,0.0,0.0
2024-04-30 15:30:00-04:00,375.0,375.9800109863281,374.69500732421875,375.2900085449219,21993,0.0,0.0
2024-05-01 09:30:00-04:00,375.5,378.94500732421875,371.010009765625,378.94500732421875,11615,0.0,0.0
2024-05-01 10:30:00-04:00,379.2099914550781,379.2099914550781,377.94000244140625,378.5400085449219,6452,0.0,0.0
2024-05-01 11:30:00-04:00,378.5400085449219,384.4599914550781,378.125,384.4599914550781,17914,0.0,0.0
2024-05-01 12:30:00-04:00,385.4800109863281,385.4800109863281,382.92498779296875,384.7650146484375,25621,0.0,0.0
2024-05-01 13:30:00-04:00,384.25,387.5400085449219,383.28350830078125,387.5,43204,0.0,0.0
2024-05-01 14:30:00-04:00,386.489990234375,390.8699951171875,385.94000244140625,389.6449890136719,54698,0.0,0.0
2024-05-01 15:30:00-04:00,389.63751220703125,390.3500061035156,382.56500244140625,383.3999938964844,61364,0.0,0.0
2024-05-02 09:30:00-04:00,387.3800048828125,388.17999267578125,384.2900085449219,388.0249938964844,38810,0.0,0.0
2024-05-02 10:30:00-04:00,388.4800109863281,389.4800109863281,387.614990234375,389.1300048828125,17987,0.0,0.0
2024-05-02 11:30:00-04:00,389.010009765625,391.42999267578125,388.2300109863281,391.20001220703125,20636,0.0,0.0
2024-05-02 12:30:00-04:00,391.1000061035156,391.4100036621094,390.1000061035156,391.19000244140625,20207,0.0,0.0
2024-05-02 13:30:00-04:00,390.55999755859375,391.2300109863281,389.8299865722656,390.55999755859375,13389,0.0,0.0
2024-05-02 14:30:00-04:00,390.4049987792969,391.5199890136719,389.8999938964844,390.3999938964844,20358,0.0,0.0
2024-05-02 15:30:00-04:00,390.4949951171875,393.69000244140625,390.43499755859375,393.4100036621094,46508,0.0,0.0
2024-05-03 09:30:00-04:00,395.0,397.17999267578125,384.45001220703125,385.44000244140625,38271,0.0,0.0
2024-05-03 10:30:00-04:00,385.70001220703125,386.760009765625,384.7300109863281,385.8299865722656,22847,0.0,0.0
2024-05-03 11:30:00-04:00,385.81500244140625,388.1600036621094,385.81500244140625,387.5050048828125,13488,0.0,0.0
2024-05-03 12:30:00-04:00,388.4599914550781,389.25,387.4800109863281,389.05499267578125,9504,0.0,0.0
2024-05-03 13:30:00-04:00,388.9949951171875,393.0249938964844,388.9949951171875,391.81500244140625,12423,0.0,0.0
2024-05-03 14:30:00-04:00,391.2300109863281,391.2300109863281,388.2300109863281,388.2300109863281,7565,0.0,0.0
2024-05-03 15:30:00-04:00,388.43499755859375,389.19000244140625,386.2799987792969,388.44000244140625,30692,0.0,0.0
2024-05-06 09:30:00-04:00,389.07000732421875,391.44000244140625,386.82000732421875,391.3999938964844,31292,0.0,0.0
2024-05-06 10:30:00-04:00,391.7099914550781,392.05999755859375,388.20001220703125,391.8999938964844,34978,0.0,0.0
2024-05-06 11:30:00-04:00,391.8949890136719,394.04998779296875,391.4800109863281,394.04998779296875,16106,0.0,0.0
2024-05-06 12:30:00-04:00,394.0299987792969,394.6400146484375,392.2049865722656,392.5849914550781,18382,0.0,0.0
2024-05-06 13:30:00-04:00,392.1650085449219,397.3500061035156,392.1650085449219,396.6000061035156,19085,0.0,0.0
2024-05-06 14:30:00-04:00,396.4800109863281,396.5450134277344,393.3999938964844,393.989990234375,30429,0.0,0.0
2024-05-06 15:30:00-04:00,394.04998779296875,394.05999755859375,392.70001220703125,393.6199951171875,48495,0.0,0.0
2024-05-07 09:30:00-04:00,397.1400146484375,398.1400146484375,393.489990234375,394.2749938964844,27533,0.0,0.0
2024-05-07 10:30:00-04:00,394.43499755859375,396.29998779296875,393.25,394.69500732421875,26501,0.0,0.0
2024-05-07 11:30:00-04:00,394.8599853515625,395.4100036621094,393.0199890136719,395.4100036621094,32579,0.0,0.0
2024-05-07 12:30:00-04:00,394.6449890136719,397.989990234375,393.5610046386719,394.6400146484375,28985,0.0,0.0
2024-05-07 13:30:00-04:00,394.3900146484375,395.54998779296875,393.2300109863281,395.54998779296875,13580,0.0,0.0
2024-05-07 14:30:00-04:00,395.5299987792969,396.70001220703125,394.0,395.1600036621094,29359,0.0,0.0
2024-05-07 15:30:00-04:00,395.3999938964844,398.80999755859375,395.20001220703125,398.80999755859375,39131,0.0,0.0
2024-05-08 09:30:00-04:00,399.54998779296875,400.5899963378906,396.0899963378906,396.1099853515625,34668,0.0,0.0
2024-05-08 10:30:00-04:00,396.5799865722656,397.0299987792969,393.3800048828125,395.17999267578125,25561,0.0,0.0
2024-05-08 11:30:00-04:00,394.875,395.4100036621094,388.1400146484375,388.82000732421875,19816,0.0,0.0
2024-05-08 12:30:00-04:00,387.82501220703125,389.5498962402344,383.3399963378906,385.5400085449219,39179,0.0,0.0
2024-05-08 13:30:00-04:00,384.5050048828125,384.864990234375,383.2300109863281,384.3949890136719,17203,0.0,0.0
2024-05-08 14:30:00-04:00,385.0299987792969,386.2200012207031,381.989990234375,384.7699890136719,50049,0.0,0.0
2024-05-08 15:30:00-04:00,384.8500061035156,386.7099914550781,384.44500732421875,386.0,80421,0.0,0.0
2024-05-09 09:30:00-04:00,380.44000244140625,383.7049865722656,361.0,362.9700012207031,177170,0.0,0.0
2024-05-09 10:30:00-04:00,364.5199890136719,378.57501220703125,364.5199890136719,375.9649963378906,68373,0.0,0.0
2024-05-09 11:30:00-04:00,375.4100036621094,379.5799865722656,375.364990234375,377.6449890136719,49222,0.0,0.0
2024-05-09 12:30:00-04:00,378.2200012207031,385.57000732421875,377.67498779296875,385.4490051269531,41190,0.0,0.0
2024-05-09 13:30:00-04:00,384.80999755859375,385.260009765625,379.510009765625,383.6549987792969,45982,0.0,0.0
2024-05-09 14:30:00-04:00,384.3500061035156,385.2200012207031,379.67999267578125,381.8450012207031,92467,0.0,0.0
2024-05-09 15:30:00-04:00,381.5899963378906,384.3299865722656,380.7749938964844,383.44000244140625,90167,0.0,0.0
2024-05-10 09:30:00-04:00,382.80999755859375,386.4700012207031,370.6000061035156,374.0899963378906,66143,0.0,0.0
2024-05-10 10:30:00-04:00,373.8299865722656,375.92999267578125,373.3349914550781,375.19000244140625,27910,0.0,0.0
2024-05-10 11:30:00-04:00,373.9700012207031,375.70001220703125,373.9700012207031,374.95001220703125,42271,0.0,0.0
2024-05-10 12:30:00-04:00,374.95001220703125,375.4100036621094,371.1700134277344,372.5400085449219,61773,0.0,0.0
2024-05-10 13:30:00-04:00,373.1499938964844,378.82000732421875,373.1499938964844,378.7300109863281,31524,0.0,0.0
2024-05-10 14:30:00-04:00,378.9800109863281,380.05999755859375,375.3299865722656,376.0,62075,0.0,0.0
2024-05-10 15:30:00-04:00,375.9800109863281,376.239990234375,372.3500061035156,374.6199951171875,60990,0.0,0.0
2024-05-13 09:30:00-04:00,374.489990234375,376.5199890136719,370.42999267578125,370.6300048828125,44199,0.0,0.0
2024-05-13 10:30:00-04:00,370.239990234375,372.57000732421875,369.6600036621094,371.1600036621094,36135,0.0,0.0
2024-05-13 11:30:00-04:00,370.0849914550781,370.4649963378906,366.07501220703125,366.6499938964844,63970,0.0,0.0
2024-05-13 12:30:00-04:00,366.45001220703125,367.4700012207031,362.4800109863281,362.5450134277344,61544,0.0,0.0
2024-05-13 13:30:00-04:00,362.3699951171875,363.8800048828125,362.0050048828125,362.5,20545,0.0,0.0
2024-05-13 14:30:00-04:00,362.5400085449219,363.05999755859375,360.0,360.9800109863281,23011,0.0,0.0
2024-05-13 15:30:00-04:00,360.5799865722656,361.2699890136719,358.30999755859375,359.489990234375,73240,0.0,0.0
2024-05-14 09:30:00-04:00,359.8699951171875,360.739990234375,355.6600036621094,355.9049987792969,71632,0.0,0.0
2024-05-14 10:30:00-04:00,355.8800048828125,358.5199890136719,355.54998779296875,357.2900085449219,33319,0.0,0.0
2024-05-14 11:30:00-04:00,357.5199890136719,358.8299865722656,355.6199951171875,355.9800109863281,26016,0.0,0.0
2024-05-14 12:30:00-04:00,355.75,356.1000061035156,354.95001220703125,355.6000061035156,15842,0.0,0.0
2024-05-14 13:30:00-04:00,355.3500061035156,355.7900085449219,352.7699890136719,353.95001220703125,41159,0.0,0.0
2024-05-14 14:30:00-04:00,354.57000732421875,360.4599914550781,353.5899963378906,357.9700012207031,194499,0.0,0.0
2024-05-14 15:30:00-04:00,357.8169860839844,357.8169860839844,355.1600036621094,356.010009765625,54936,0.0,0.0
2024-05-15 09:30:00-04:00,359.4100036621094,374.07000732421875,359.4100036621094,374.07000732421875,85746,0.0,0.0
2024-05-15 10:30:00-04:00,373.8800048828125,375.52899169921875,371.8699951171875,373.739990234375,49160,0.0,0.0
2024-05-15 11:30:00-04:00,374.1099853515625,375.54998779296875,373.3599853515625,375.30999755859375,52304,0.0,0.0
2024-05-15 12:30:00-04:00,375.0,380.75,375.0,377.9599914550781,41116,0.0,0.0
2024-05-15 13:30:00-04:00,376.2799987792969,376.4700012207031,373.7099914550781,374.56500244140625,26561,0.0,0.0
2024-05-15 14:30:00-04:00,374.5763854980469,374.8800048828125,373.6700134277344,374.05999755859375,25857,0.0,0.0
2024-05-15 15:30:00-04:00,373.55999755859375,377.19000244140625,373.55999755859375,376.95001220703125,56542,0.0,0.0
2024-05-16 09:30:00-04:00,375.8999938964844,378.04998779296875,374.5400085449219,375.2250061035156,17474,0.0,0.0
2024-05-16 10:30:00-04:00,375.7049865722656,377.20001220703125,374.1000061035156,374.1449890136719,28252,0.0,0.0
2024-05-16 11:30:00-04:00,374.1400146484375,375.43499755859375,373.6650085449219,375.1650085449219,10991,0.0,0.0
2024-05-16 12:30:00-04:00,374.9200134277344,376.3599853515625,374.6499938964844,375.6400146484375,8966,0.0,0.0
2024-05-16 13:30:00-04:00,375.42999267578125,377.510009765625,374.8699951171875,377.19000244140625,19346,0.0,0.0
2024-05-16 14:30:00-04:00,377.19000244140625,377.6000061035156,374.8800048828125,374.8800048828125,17012,0.0,0.0
2024-05-16 15:30:00-04:00,375.8699951171875,378.0,374.92999267578125,376.8999938964844,35042,0.0,0.0
2024-05-17 09:30:00-04:00,375.3399963378906,376.32000732421875,371.25,371.29998779296875,11192,0.0,0.0
2024-05-17 10:30:00-04:00,371.0,371.7099914550781,369.1549987792969,369.5400085449219,16057,0.0,0.0
2024-05-17 11:30:00-04:00,369.8500061035156,372.29998779296875,369.07000732421875,371.1700134277344,20493,0.0,0.0
2024-05-17 12:30:00-04:00,370.1650085449219,370.25750732421875,369.0400085449219,369.7300109863281,7997,0.0,0.0
2024-05-17 13:30:00-04:00,369.2099914550781,369.9200134277344,366.2900085449219,366.2900085449219,10326,0.0,0.0
2024-05-17 14:30:00-04:00,366.9100036621094,367.20001220703125,364.239990234375,367.20001220703125,16255,0.0,0.0
2024-05-17 15:30:00-04:00,367.260009765625,367.260009765625,365.70001220703125,365.9599914550781,20736,0.0,0.0
2024-05-20 09:30:00-04:00,364.0,365.8500061035156,362.2300109863281,362.79998779296875,36902,0.0,0.0
2024-05-20 10:30:00-04:00,362.0849914550781,364.42999267578125,361.5199890136719,362.7200012207031,31084,0.0,0.0
2024-05-20 11:30:00-04:00,362.3800048828125,366.9100036621094,362.3800048828125,365.0899963378906,80952,0.0,0.0
2024-05-20 12:30:00-04:00,365.2699890136719,365.3800048828125,364.0,364.0,12888,0.0,0.0
2024-05-20 13:30:00-04:00,363.5950012207031,365.17999267578125,363.5950012207031,364.7650146484375,15827,0.0,0.0
2024-05-20 14:30:00-04:00,365.1579895019531,365.5450134277344,364.239990234375,364.67498779296875,22840,0.0,0.0
2024-05-20 15:30:00-04:00,363.3999938964844,364.0400085449219,360.7900085449219,360.94000244140625,64997,0.0,0.0
2024-05-21 09:30:00-04:00,359.760009765625,361.3800048828125,358.1600036621094,359.6199951171875,28561,0.0,0.0
2024-05-21 10:30:00-04:00,359.8399963378906,360.7099914550781,357.3599853515625,357.3599853515625,28087,0.0,0.0
2024-05-21 11:30:00-04:00,357.5799865722656,359.010009765625,357.0,358.3399963378906,8891,0.0,0.0
2024-05-21 12:30:00-04:00,358.30999755859375,359.3599853515625,357.3699951171875,359.1000061035156,29525,0.0,0.0
2024-05-21 13:30:00-04:00,357.8800048828125,359.989990234375,356.5899963378906,357.5199890136719,14225,0.0,0.0
2024-05-21 14:30:00-04:00,357.9175109863281,358.3500061035156,356.3800048828125,357.05999755859375,18208,0.0,0.0
2024-05-21 15:30:00-04:00,357.0899963378906,358.44000244140625,356.5950012207031,356.6300048828125,32762,0.0,0.0
2024-05-22 09:30:00-04:00,361.8599853515625,366.6050109863281,361.8599853515625,365.9700012207031,33828,0.0,0.0
2024-05-22 10:30:00-04:00,366.239990234375,369.8999938964844,364.44000244140625,369.3999938964844,46353,0.0,0.0
2024-05-22 11:30:00-04:00,368.79998779296875,369.75,366.9599914550781,366.9599914550781,26824,0.0,0.0
2024-05-22 12:30:00-04:00,366.6300048828125,367.82000732421875,366.1199951171875,367.268310546875,10854,0.0,0.0
2024-05-22 13:30:00-04:00,367.5249938964844,367.6300048828125,363.7699890136719,363.7699890136719,36552,0.0,0.0
2024-05-22 14:30:00-04:00,363.07000732421875,366.07000732421875,361.6700134277344,365.6499938964844,244713,0.0,0.0
2024-05-22 15:30:00-04:00,365.6000061035156,365.9949951171875,363.0,363.8800048828125,79577,0.0,0.0
2024-05-23 09:30:00-04:00,370.8599853515625,370.8599853515625,366.0400085449219,367.6099853515625,34312,0.0,0.0
2024-05-23 10:30:00-04:00,366.80999755859375,367.5899963378906,362.6000061035156,362.80499267578125,80890,0.0,0.0
2024-05-23 11:30:00-04:00,363.0400085449219,363.8599853515625,362.0799865722656,362.69000244140625,21545,0.0,0.0
2024-05-23 12:30:00-04:00,362.7699890136719,363.8599853515625,362.385009765625,363.760009765625,10612,0.0,0.0
2024-05-23 13:30:00-04:00,363.81500244140625,363.81500244140625,360.54998779296875,360.54998779296875,9867,0.0,0.0
2024-05-23 14:30:00-04:00,361.1000061035156,361.6000061035156,360.2200012207031,360.7550048828125,12683,0.0,0.0
2024-05-23 15:30:00-04:00,361.17498779296875,363.29998779296875,359.989990234375,361.1000061035156,62036,0.0,0.0
2024-05-24 09:30:00-04:00,361.010009765625,363.7099914550781,359.05499267578125,362.7699890136719,29143,0.0,0.0
2024-05-24 10:30:00-04:00,363.1700134277344,366.0,362.0199890136719,366.0,17400,0.0,0.0
2024-05-24 11:30:00-04:00,366.7300109863281,367.3699951171875,365.8500061035156,366.6440124511719,23078,0.0,0.0
2024-05-24 12:30:00-04:00,366.54998779296875,367.79998779296875,365.510009765625,365.510009765625,12940,0.0,0.0
2024-05-24 13:30:00-04:00,366.0,367.55999755859375,366.0,366.2699890136719,8772,0.0,0.0
2024-05-24 14:30:00-04:00,366.1400146484375,367.5799865722656,365.8299865722656,366.81500244140625,32469,0.0,0.0
2024-05-24 15:30:00-04:00,366.5513916015625,367.0719909667969,365.5299987792969,367.0719909667969,33470,0.0,0.0
2024-05-28 09:30:00-04:00,368.7250061035156,369.6400146484375,365.67999267578125,367.4700012207031,27406,0.0,0.0
2024-05-28 10:30:00-04:00,367.6300048828125,367.9599914550781,365.5874938964844,367.1000061035156,48261,0.0,0.0
2024-05-28 11:30:00-04:00,367.04998779296875,367.4200134277344,365.0899963378906,366.17999267578125,23996,0.0,0.0
2024-05-28 12:30:00-04:00,365.93499755859375,367.6700134277344,365.8500061035156,366.989990234375,21222,0.0,0.0
2024-05-28 13:30:00-04:00,366.8599853515625,366.8599853515625,365.4700012207031,365.6499938964844,11278,0.0,0.0
2024-05-28 14:30:00-04:00,365.8900146484375,366.4549865722656,364.7900085449219,365.0,24350,0.0,0.0
2024-05-28 15:30:00-04:00,365.4700012207031,366.8599853515625,364.6099853515625,365.9200134277344,37257,0.0,0.0
2024-05-29 09:30:00-04:00,381.0,392.4049987792969,381.0,382.6099853515625,229142,0.0,0.0
2024-05-29 10:30:00-04:00,382.6650085449219,384.6050109863281,379.69500732421875,380.52899169921875,92897,0.0,0.0
2024-05-29 11:30:00-04:00,380.17999267578125,384.7200012207031,379.5199890136719,384.0,53118,0.0,0.0
2024-05-29 12:30:00-04:00,384.0,385.20001220703125,382.8900146484375,384.3599853515625,40639,0.0,0.0
2024-05-29 13:30:00-04:00,384.3399963378906,384.3399963378906,381.510009765625,382.2200012207031,40734,0.0,0.0
2024-05-29 14:30:00-04:00,382.1199951171875,382.739990234375,379.3599853515625,380.3500061035156,67928,0.0,0.0
2024-05-29 15:30:00-04:00,380.0299987792969,380.489990234375,376.8800048828125,377.7699890136719,117521,0.0,0.0
2024-05-30 09:30:00-04:00,373.8699951171875,377.2300109863281,369.4700012207031,369.625,40471,0.0,0.0
2024-05-30 10:30:00-04:00,368.7799987792969,368.7799987792969,365.42999267578125,366.0249938964844,46502,0.0,0.0
2024-05-30 11:30:00-04:00,366.389892578125,368.4100036621094,365.385009765625,367.25,52481,0.0,0.0
2024-05-30 12:30:00-04:00,366.6700134277344,366.80499267578125,364.2300109863281,364.5899963378906,35029,0.0,0.0
2024-05-30 13:30:00-04:00,364.0,365.260009765625,362.9599914550781,365.1471862792969,30400,0.0,0.0
2024-05-30 14:30:00-04:00,364.885009765625,364.885009765625,359.5199890136719,361.3999938964844,95935,0.0,0.0
2024-05-30 15:30:00-04:00,361.92999267578125,363.3500061035156,359.364990234375,362.8999938964844,58388,0.0,0.0
2024-05-31 09:30:00-04:00,361.8599853515625,368.19000244140625,361.3299865722656,367.7099914550781,37382,0.0,0.0
2024-05-31 10:30:00-04:00,367.1600036621094,371.7300109863281,367.1600036621094,371.4599914550781,33708,0.0,0.0
2024-05-31 11:30:00-04:00,371.42999267578125,373.1099853515625,369.2300109863281,369.75,39937,0.0,0.0
2024-05-31 12:30:00-04:00,369.489990234375,371.8399963378906,369.3999938964844,370.7749938964844,13380,0.0,0.0
2024-05-31 13:30:00-04:00,370.75,372.7650146484375,370.2799987792969,372.7650146484375,37772,0.0,0.0
2024-05-31 14:30:00-04:00,372.5,373.5350036621094,369.6650085449219,370.7449951171875,59064,0.0,0.0
2024-05-31 15:30:00-04:00,370.55499267578125,371.3699951171875,368.489990234375,371.3699951171875,72479,0.0,0.0
2024-06-03 09:30:00-04:00,372.010009765625,378.7200012207031,372.010009765625,376.3550109863281,22347,0.0,0.0
2024-06-03 10:30:00-04:00,376.9800109863281,378.9599914550781,375.4849853515625,378.2099914550781,13599,0.0,0.0
2024-06-03 11:30:00-04:00,378.1700134277344,378.1700134277344,374.3299865722656,374.6499938964844,20641,0.0,0.0
2024-06-03 12:30:00-04:00,374.56500244140625,374.56500244140625,373.0299987792969,373.5299987792969,11579,0.0,0.0
2024-06-03 13:30:00-04:00,373.9599914550781,376.0899963378906,373.9599914550781,376.0899963378906,6504,0.0,0.0
2024-06-03 14:30:00-04:00,376.9200134277344,378.1499938964844,375.489990234375,375.7099914550781,32136,0.0,0.0
2024-06-03 15:30:00-04:00,375.6600036621094,378.30999755859375,375.6000061035156,378.30999755859375,31768,0.0,0.0
2024-06-04 09:30:00-04:00,377.9200134277344,380.75,376.6700134277344,379.8900146484375,16394,0.0,0.0
2024-06-04 10:30:00-04:00,379.1700134277344,380.510009765625,379.1499938964844,380.04998779296875,10833,0.0,0.0
2024-06-04 11:30:00-04:00,380.2799987792969,382.20001220703125,379.6499938964844,380.9200134277344,34117,0.0,0.0
2024-06-04 12:30:00-04:00,380.4700012207031,381.0400085449219,380.2690124511719,380.2690124511719,12653,0.0,0.0
2024-06-04 13:30:00-04:00,381.0899963378906,382.80999755859375,381.0400085449219,381.5199890136719,10846,0.0,0.0
2024-06-04 14:30:00-04:00,381.42999267578125,381.6199951171875,377.1000061035156,377.1700134277344,16790,0.0,0.0
2024-06-04 15:30:00-04:00,378.010009765625,378.67999267578125,377.45001220703125,378.6400146484375,28572,0.0,0.0
2024-06-05 09:30:00-04:00,382.29998779296875,385.94000244140625,378.80999755859375,378.80999755859375,49993,0.0,0.0
2024-06-05 10:30:00-04:00,378.69000244140625,381.70001220703125,378.17999267578125,381.70001220703125,18726,0.0,0.0
2024-06-05 11:30:00-04:00,381.8399963378906,382.0299987792969,380.95001220703125,381.510009765625,11276,0.0,0.0
2024-06-05 12:30:00-04:00,381.28851318359375,382.010009765625,381.28851318359375,382.010009765625,5329,0.0,0.0
2024-06-05 13:30:00-04:00,381.44000244140625,381.54998779296875,380.989990234375,381.0350036621094,10857,0.0,0.0
2024-06-05 14:30:00-04:00,381.8399963378906,383.1300048828125,381.2099914550781,383.0,30222,0.0,0.0
2024-06-05 15:30:00-04:00,383.04998779296875,387.739990234375,383.04998779296875,384.989990234375,51191,0.0,0.0
2024-06-06 09:30:00-04:00,386.760009765625,387.3999938964844,383.9200134277344,384.2300109863281,18604,0.0,0.0
2024-06-06 10:30:00-04:00,383.95001220703125,385.1199951171875,383.7799987792969,384.8299865722656,12974,0.0,0.0
2024-06-06 11:30:00-04:00,384.510009765625,384.54998779296875,383.69500732421875,384.1556091308594,10885,0.0,0.0
2024-06-06 12:30:00-04:00,383.6499938964844,384.6099853515625,382.8900146484375,382.8900146484375,14899,0.0,0.0
2024-06-06 13:30:00-04:00,382.79998779296875,384.70001220703125,382.79998779296875,384.3699951171875,12731,0.0,0.0
2024-06-06 14:30:00-04:00,384.0799865722656,385.8399963378906,384.0199890136719,385.32000732421875,17587,0.0,0.0
2024-06-06 15:30:00-04:00,385.1300048828125,386.7099914550781,384.4100036621094,386.7099914550781,22307,0.0,0.0
2024-06-07 09:30:00-04:00,386.79998779296875,386.79998779296875,382.8399963378906,383.3900146484375,34290,0.0,0.0
2024-06-07 10:30:00-04:00,383.7799987792969,384.1300048828125,381.8299865722656,382.25,53234,0.0,0.0
2024-06-07 11:30:00-04:00,382.0150146484375,383.8699951171875,381.864990234375,382.3550109863281,53407,0.0,0.0
2024-06-07 12:30:00-04:00,381.6600036621094,381.989990234375,381.17498779296875,381.67999267578125,8716,0.0,0.0
2024-06-07 13:30:00-04:00,381.3699951171875,382.1499938964844,379.260009765625,379.7550048828125,34056,0.0,0.0
2024-06-07 14:30:00-04:00,380.05999755859375,380.70001220703125,380.05999755859375,380.44000244140625,7576,0.0,0.0
2024-06-07 15:30:00-04:00,380.5,380.6600036621094,375.7900085449219,375.8299865722656,65935,0.0,0.0
2024-06-10 09:30:00-04:00,372.0799865722656,374.9200134277344,368.739990234375,374.9100036621094,22607,0.0,0.0
2024-06-10 10:30:00-04:00,375.3800048828125,376.8900146484375,375.0199890136719,376.25,19521,0.0,0.0
2024-06-10 11:30:00-04:00,376.239990234375,377.510009765625,376.010009765625,377.32501220703125,14357,0.0,0.0
2024-06-10 12:30:00-04:00,377.489990234375,377.69000244140625,376.4800109863281,377.4599914550781,7460,0.0,0.0
2024-06-10 13:30:00-04:00,378.30999755859375,379.9200134277344,377.8299865722656,378.4100036621094,8360,0.0,0.0
2024-06-10 14:30:00-04:00,378.04998779296875,380.135009765625,377.6700134277344,379.4049987792969,21214,0.0,0.0
2024-06-10 15:30:00-04:00,380.04998779296875,380.1549987792969,378.8299865722656,379.3429870605469,22847,0.0,0.0
2024-06-11 09:30:00-04:00,376.7300109863281,378.80999755859375,374.5450134277344,375.0799865722656,27428,0.0,0.0
2024-06-11 10:30:00-04:00,375.6300048828125,378.80499267578125,375.6300048828125,377.7099914550781,13327,0.0,0.0
2024-06-11 11:30:00-04:00,378.05999755859375,378.5,377.30999755859375,377.6700134277344,11440,0.0,0.0
2024-06-11 12:30:00-04:00,377.5777893066406,378.8999938964844,377.5450134277344,378.07000732421875,12518,0.0,0.0
2024-06-11 13:30:00-04:00,378.1400146484375,378.2699890136719,377.3299865722656,377.7699890136719,16461,0.0,0.0
2024-06-11 14:30:00-04:00,377.0,378.20001220703125,376.8699951171875,376.93499755859375,17635,0.0,0.0
2024-06-11 15:30:00-04:00,376.57000732421875,378.1099853515625,375.989990234375,376.8800048828125,27758,0.0,0.0
2024-06-12 09:30:00-04:00,380.3900146484375,382.25,376.6549987792969,381.6650085449219,44071,0.0,0.0
2024-06-12 10:30:00-04:00,381.75,381.8599853515625,379.6099853515625,380.3699951171875,17835,0.0,0.0
2024-06-12 11:30:00-04:00,380.3900146484375,380.79998779296875,379.0520935058594,380.04998779296875,26966,0.0,0.0
2024-06-12 12:30:00-04:00,380.0400085449219,380.7099914550781,379.75,380.7099914550781,6624,0.0,0.0
2024-06-12 13:30:00-04:00,380.4800109863281,383.96759033203125,380.3599853515625,382.7650146484375,20559,0.0,0.0
2024-06-12 14:30:00-04:00,383.3699951171875,384.1099853515625,381.3399963378906,382.75,22504,0.0,0.0
2024-06-12 15:30:00-04:00,382.6499938964844,382.9200134277344,380.4800109863281,382.1300048828125,26934,0.0,0.0
2024-06-13 09:30:00-04:00,387.239990234375,389.0799865722656,385.45001220703125,386.3399963378906,31439,0.0,0.0
2024-06-13 10:30:00-04:00,386.3399963378906,387.2300109863281,384.6499938964844,386.8699951171875,19675,0.0,0.0
2024-06-13 11:30:00-04:00,386.8299865722656,386.8299865722656,385.25,386.6099853515625,14253,0.0,0.0
2024-06-13 12:30:00-04:00,386.19500732421875,387.79998779296875,386.19500732421875,387.4700012207031,15062,0.0,0.0
2024-06-13 13:30:00-04:00,387.1300048828125,387.4599914550781,385.1199951171875,385.45001220703125,17431,0.0,0.0
2024-06-13 14:30:00-04:00,386.7699890136719,387.9100036621094,385.9200134277344,387.9100036621094,18068,0.0,0.0
2024-06-13 15:30:00-04:00,387.94500732421875,388.5400085449219,387.3900146484375,388.0450134277344,44962,0.0,0.0
2024-06-14 09:30:00-04:00,387.7799987792969,390.6400146484375,387.4100036621094,387.4100036621094,25272,0.0,0.0
2024-06-14 10:30:00-04:00,387.3949890136719,388.989990234375,385.8699951171875,386.4949951171875,22746,0.0,0.0
2024-06-14 11:30:00-04:00,386.6000061035156,387.3500061035156,384.3900146484375,384.4100036621094,22279,0.0,0.0
2024-06-14 12:30:00-04:00,384.8399963378906,384.95001220703125,383.92999267578125,384.95001220703125,9885,0.0,0.0
2024-06-14 13:30:00-04:00,384.6000061035156,385.7200012207031,383.5249938964844,384.260009765625,13352,0.0,0.0
2024-06-14 14:30:00-04:00,383.7799987792969,386.0199890136719,383.7799987792969,386.0199890136719,32567,0.0,0.0
2024-06-14 15:30:00-04:00,386.07501220703125,388.010009765625,386.07501220703125,386.79998779296875,59393,0.0,0.0
2024-06-17 09:30:00-04:00,385.8800048828125,386.2799987792969,381.8800048828125,382.58990478515625,28616,0.0,0.0
2024-06-17 10:30:00-04:00,383.2799987792969,383.44000244140625,381.3500061035156,381.5400085449219,11835,0.0,0.0
2024-06-17 11:30:00-04:00,381.19000244140625,382.82000732421875,380.5400085449219,382.82000732421875,15552,0.0,0.0
2024-06-17 12:30:00-04:00,383.1499938964844,383.1600036621094,378.8800048828125,378.8800048828125,13161,0.0,0.0
2024-06-17 13:30:00-04:00,379.17999267578125,380.9700012207031,378.8949890136719,379.510009765625,11377,0.0,0.0
2024-06-17 14:30:00-04:00,378.7300109863281,380.0799865722656,378.7300109863281,380.0150146484375,17897,0.0,0.0
2024-06-17 15:30:00-04:00,379.7300109863281,380.6000061035156,377.5899963378906,378.510009765625,32095,0.0,0.0
2024-06-18 09:30:00-04:00,377.8599853515625,381.3699951171875,377.8599853515625,378.6700134277344,27801,0.0,0.0
2024-06-18 10:30:00-04:00,379.510009765625,381.2900085449219,379.510009765625,381.2900085449219,43240,0.0,0.0
2024-06-18 11:30:00-04:00,381.5,382.3999938964844,380.7250061035156,381.9599914550781,18517,0.0,0.0
2024-06-18 12:30:00-04:00,382.6600036621094,383.2699890136719,380.1781921386719,381.80999755859375,45444,0.0,0.0
2024-06-18 13:30:00-04:00,382.20001220703125,383.3599853515625,380.32000732421875,381.2799987792969,15233,0.0,0.0
2024-06-18 14:30:00-04:00,381.2799987792969,382.80999755859375,378.55499267578125,378.9549865722656,46129,0.0,0.0
2024-06-18 15:30:00-04:00,378.510009765625,379.1099853515625,377.4800109863281,378.18499755859375,40978,0.0,0.0
2024-06-20 09:30:00-04:00,382.8999938964844,382.8999938964844,379.6400146484375,380.67999267578125,45467,0.0,0.0
2024-06-20 10:30:00-04:00,381.05499267578125,382.7799987792969,379.3900146484375,382.6700134277344,27826,0.0,0.0
2024-06-20 11:30:00-04:00,382.44000244140625,386.04998779296875,382.44000244140625,385.44500732421875,38382,0.0,0.0
2024-06-20 12:30:00-04:00,384.6000061035156,386.9798889160156,383.8599853515625,384.8399963378906,26418,0.0,0.0
2024-06-20 13:30:00-04:00,384.2749938964844,386.04998779296875,382.8999938964844,386.0,28742,0.0,0.0
2024-06-20 14:30:00-04:00,385.93499755859375,386.3399963378906,384.989990234375,384.989990234375,18414,0.0,0.0
2024-06-20 15:30:00-04:00,384.95001220703125,388.1099853515625,384.95001220703125,387.8900146484375,53804,0.0,0.0
2024-06-21 09:30:00-04:00,391.55999755859375,393.0,387.0350036621094,391.6700134277344,138999,0.0,0.0
2024-06-21 10:30:00-04:00,391.1300048828125,393.4100036621094,390.4200134277344,390.9200134277344,30935,0.0,0.0
2024-06-21 11:30:00-04:00,390.8349914550781,398.17999267578125,390.8349914550781,397.1449890136719,121645,0.0,0.0
2024-06-21 12:30:00-04:00,397.70001220703125,399.489990234375,394.20001220703125,394.93499755859375,57130,0.0,0.0
2024-06-21 13:30:00-04:00,394.614990234375,395.7200012207031,393.54998779296875,394.9750061035156,30114,0.0,0.0
2024-06-21 14:30:00-04:00,395.3800048828125,396.07000732421875,392.67999267578125,393.8399963378906,76685,0.0,0.0
2024-06-21 15:30:00-04:00,393.885009765625,395.07000732421875,392.4200134277344,394.3999938964844,55734,0.0,0.0
2024-06-24 09:30:00-04:00,439.989990234375,442.6499938964844,429.54998779296875,429.8349914550781,271041,0.0,0.0
2024-06-24 10:30:00-04:00,430.5799865722656,434.5249938964844,428.9200134277344,434.17999267578125,86797,0.0,0.0
2024-06-24 11:30:00-04:00,434.1700134277344,445.239990234375,434.0,443.9949951171875,66959,0.0,0.0
2024-06-24 12:30:00-04:00,443.4901123046875,443.4901123046875,437.8800048828125,441.0,64016,0.0,0.0
2024-06-24 13:30:00-04:00,440.9800109863281,443.835205078125,439.2900085449219,442.7349853515625,112274,0.0,0.0
2024-06-24 14:30:00-04:00,442.260009765625,443.4100036621094,440.1099853515625,441.875,72405,0.0,0.0
2024-06-24 15:30:00-04:00,442.2099914550781,444.9800109863281,439.8399963378906,440.5899963378906,198469,0.0,0.0
2024-06-25 09:30:00-04:00,455.760009765625,455.760009765625,448.239990234375,450.4849853515625,116919,0.0,0.0
2024-06-25 10:30:00-04:00,450.010009765625,454.6199951171875,448.7900085449219,452.31500244140625,92218,0.0,0.0
2024-06-25 11:30:00-04:00,452.31500244140625,455.2250061035156,451.80999755859375,454.9700012207031,66459,0.0,0.0
2024-06-25 12:30:00-04:00,454.4700012207031,454.739990234375,451.9800109863281,452.68499755859375,30585,0.0,0.0
2024-06-25 13:30:00-04:00,452.1400146484375,452.9700012207031,450.57501220703125,452.0,51213,0.0,0.0
2024-06-25 14:30:00-04:00,452.0,452.7770080566406,451.8399963378906,452.04998779296875,41819,0.0,0.0
2024-06-25 15:30:00-04:00,452.3299865722656,453.375,451.5799865722656,451.6000061035156,90913,0.0,0.0
2024-06-26 09:30:00-04:00,453.2349853515625,453.2349853515625,444.6099853515625,446.6199951171875,85745,0.0,0.0
2024-06-26 10:30:00-04:00,445.739990234375,450.56500244140625,445.739990234375,447.9100036621094,42921,0.0,0.0
2024-06-26 11:30:00-04:00,447.5,449.3599853515625,446.6499938964844,447.5,31464,0.0,0.0
2024-06-26 12:30:00-04:00,447.42999267578125,447.4599914550781,445.20001220703125,446.510009765625,18454,0.0,0.0
2024-06-26 13:30:00-04:00,447.5400085449219,449.4049987792969,446.8999938964844,448.989990234375,18676,0.0,0.0
2024-06-26 14:30:00-04:00,449.510009765625,449.8900146484375,448.70001220703125,449.3999938964844,17175,0.0,0.0
2024-06-26 15:30:00-04:00,449.6449890136719,449.6600036621094,445.6499938964844,445.9200134277344,73135,0.0,0.0
2024-06-27 09:30:00-04:00,445.8800048828125,447.5199890136719,443.45001220703125,444.7900085449219,17018,0.0,0.0
2024-06-27 10:30:00-04:00,445.0,446.7799987792969,444.95001220703125,446.1600036621094,29461,0.0,0.0
2024-06-27 11:30:00-04:00,445.8699951171875,448.82000732421875,445.0899963378906,448.04998779296875,21622,0.0,0.0
2024-06-27 12:30:00-04:00,448.5899963378906,448.8699951171875,446.239990234375,446.875,31966,0.0,0.0
2024-06-27 13:30:00-04:00,447.2699890136719,447.6000061035156,444.1300048828125,444.1300048828125,10938,0.0,0.0
2024-06-27 14:30:00-04:00,444.2300109863281,446.260009765625,444.2300109863281,444.67498779296875,62975,0.0,0.0
2024-06-27 15:30:00-04:00,444.9700012207031,446.2149963378906,444.3800048828125,444.69000244140625,73744,0.0,0.0
2024-06-28 09:30:00-04:00,432.69000244140625,436.5,428.760009765625,435.92999267578125,109662,0.0,0.0
2024-06-28 10:30:00-04:00,436.6000061035156,439.010009765625,435.7900085449219,438.1099853515625,48643,0.0,0.0
2024-06-28 11:30:00-04:00,437.9800109863281,438.760009765625,435.1600036621094,436.80499267578125,26918,0.0,0.0
2024-06-28 12:30:00-04:00,437.92999267578125,439.1199951171875,436.0,437.17498779296875,49458,0.0,0.0
2024-06-28 13:30:00-04:00,437.2300109863281,437.2449951171875,434.80499267578125,436.92498779296875,54031,0.0,0.0
2024-06-28 14:30:00-04:00,436.3500061035156,436.3500061035156,433.5050048828125,434.114990234375,65406,0.0,0.0
2024-06-28 15:30:00-04:00,433.7900085449219,434.19000244140625,429.3800048828125,430.239990234375,113870,0.0,0.0
2024-07-01 09:30:00-04:00,430.45001220703125,438.1199951171875,428.9700012207031,433.75,74232,0.0,0.0
2024-07-01 10:30:00-04:00,433.8760070800781,434.25,429.92999267578125,430.7449951171875,59174,0.0,0.0
2024-07-01 11:30:00-04:00,430.4849853515625,434.9800109863281,430.05499267578125,433.7349853515625,61294,0.0,0.0
2024-07-01 12:30:00-04:00,432.32000732421875,433.8999938964844,432.1199951171875,433.8500061035156,15368,0.0,0.0
2024-07-01 13:30:00-04:00,433.2049865722656,434.0799865722656,432.1099853515625,432.9100036621094,12150,0.0,0.0
2024-07-01 14:30:00-04:00,432.70001220703125,434.7850036621094,432.1600036621094,434.0799865722656,19238,0.0,0.0
2024-07-01 15:30:00-04:00,433.7699890136719,434.79998779296875,432.9200134277344,434.375,34948,0.0,0.0
2024-07-02 09:30:00-04:00,437.1400146484375,440.7699890136719,435.44000244140625,439.8900146484375,43847,0.0,0.0
2024-07-02 10:30:00-04:00,440.4200134277344,444.489990234375,440.4200134277344,441.57000732421875,61281,0.0,0.0
2024-07-02 11:30:00-04:00,441.1700134277344,442.1400146484375,437.8399963378906,438.489990234375,44344,0.0,0.0
2024-07-02 12:30:00-04:00,438.5400085449219,439.3299865722656,431.8699951171875,431.8699951171875,44304,0.0,0.0
2024-07-02 13:30:00-04:00,430.8999938964844,435.6000061035156,429.2699890136719,435.6000061035156,25538,0.0,0.0
2024-07-02 14:30:00-04:00,435.8299865722656,437.68499755859375,435.8299865722656,436.7900085449219,19158,0.0,0.0
2024-07-02 15:30:00-04:00,436.6300048828125,436.6700134277344,433.9949951171875,435.489990234375,39516,0.0,0.0
2024-07-03 09:30:00-04:00,437.0400085449219,438.3450012207031,435.2699890136719,435.82000732421875,30645,0.0,0.0
2024-07-03 10:30:00-04:00,435.8599853515625,435.9200134277344,433.3500061035156,435.4200134277344,25618,0.0,0.0
2024-07-03 11:30:00-04:00,435.6199951171875,436.3800048828125,434.80999755859375,435.5174865722656,21637,0.0,0.0
2024-07-05 09:30:00-04:00,440.0,442.3599853515625,436.0,436.0,20267,0.0,0.0
2024-07-05 10:30:00-04:00,436.3699951171875,437.5299987792969,435.0,435.0,17733,0.0,0.0
2024-07-05 11:30:00-04:00,434.4049987792969,436.1300048828125,433.6700134277344,434.20001220703125,16905,0.0,0.0
2024-07-05 12:30:00-04:00,434.2049865722656,434.2099914550781,433.04998779296875,433.260009765625,8644,0.0,0.0
2024-07-05 13:30:00-04:00,433.8999938964844,434.4049987792969,433.0899963378906,433.4200134277344,10146,0.0,0.0
2024-07-05 14:30:00-04:00,433.6300048828125,434.9800109863281,433.1400146484375,434.9800109863281,11953,0.0,0.0
2024-07-05 15:30:00-04:00,434.25,436.010009765625,433.5,435.17999267578125,18945,0.0,0.0
2024-07-08 09:30:00-04:00,439.0299987792969,439.0299987792969,433.8399963378906,434.3299865722656,38227,0.0,0.0
2024-07-08 10:30:00-04:00,434.6000061035156,436.4049987792969,433.20001220703125,434.1499938964844,26919,0.0,0.0
2024-07-08 11:30:00-04:00,434.2810974121094,435.6400146484375,432.9599914550781,435.6400146484375,24766,0.0,0.0
2024-07-08 12:30:00-04:00,435.80999755859375,438.0400085449219,435.0,437.1600036621094,18962,0.0,0.0
2024-07-08 13:30:00-04:00,437.17498779296875,438.29998779296875,436.8800048828125,437.3699951171875,29781,0.0,0.0
2024-07-08 14:30:00-04:00,437.8450012207031,437.8450012207031,435.7349853515625,435.7699890136719,14990,0.0,0.0
2024-07-08 15:30:00-04:00,435.8699951171875,437.95001220703125,435.8699951171875,436.2799987792969,41900,0.0,0.0
2024-07-09 09:30:00-04:00,444.2099914550781,450.2650146484375,442.7449951171875,449.2650146484375,71971,0.0,0.0
2024-07-09 10:30:00-04:00,449.260009765625,450.45001220703125,448.1650085449219,448.8999938964844,118743,0.0,0.0
2024-07-09 11:30:00-04:00,448.81500244140625,455.70001220703125,448.5299987792969,455.70001220703125,28364,0.0,0.0
2024-07-09 12:30:00-04:00,456.3699951171875,459.70001220703125,456.25,458.2250061035156,31490,0.0,0.0
2024-07-09 13:30:00-04:00,457.29998779296875,458.8599853515625,456.30999755859375,457.3550109863281,21578,0.0,0.0
2024-07-09 14:30:00-04:00,456.8450012207031,459.32000732421875,455.0199890136719,455.739990234375,37107,0.0,0.0
2024-07-09 15:30:00-04:00,456.3699951171875,457.9800109863281,456.3699951171875,457.8450012207031,45095,0.0,0.0
2024-07-10 09:30:00-04:00,461.80999755859375,463.9599914550781,459.2200012207031,463.9599914550781,53596,0.0,0.0
2024-07-10 10:30:00-04:00,463.9599914550781,467.70001220703125,463.2900085449219,466.9150085449219,60843,0.0,0.0
2024-07-10 11:30:00-04:00,466.0899963378906,466.79998779296875,462.5299987792969,464.6499938964844,45695,0.0,0.0
2024-07-10 12:30:00-04:00,464.05999755859375,466.1925048828125,464.0,464.9800109863281,67171,0.0,0.0
2024-07-10 13:30:00-04:00,464.2799987792969,465.3399963378906,463.5299987792969,463.5299987792969,19439,0.0,0.0
2024-07-10 14:30:00-04:00,462.8800048828125,463.0350036621094,460.5,462.0010070800781,28621,0.0,0.0
2024-07-10 15:30:00-04:00,462.1650085449219,467.57000732421875,462.0,467.57000732421875,48140,0.0,0.0
2024-07-11 09:30:00-04:00,465.67999267578125,468.1400146484375,463.17999267578125,466.05999755859375,51695,0.0,0.0
2024-07-11 10:30:00-04:00,466.6400146484375,469.1400146484375,466.6099853515625,466.8699951171875,37045,0.0,0.0
2024-07-11 11:30:00-04:00,467.3800048828125,471.4599914550781,465.6700134277344,467.2300109863281,20968,0.0,0.0
2024-07-11 12:30:00-04:00,467.55999755859375,467.55999755859375,463.1300048828125,463.5950012207031,15185,0.0,0.0
2024-07-11 13:30:00-04:00,463.1600036621094,464.5400085449219,462.2799987792969,462.7099914550781,15138,0.0,0.0
2024-07-11 14:30:00-04:00,462.5899963378906,464.5799865722656,461.9700012207031,464.510009765625,35448,0.0,0.0
2024-07-11 15:30:00-04:00,464.3949890136719,464.4849853515625,461.0799865722656,461.3299865722656,61590,0.0,0.0
2024-07-12 09:30:00-04:00,466.4849853515625,474.95001220703125,466.4849853515625,474.6199951171875,65279,0.0,0.0
2024-07-12 10:30:00-04:00,474.8349914550781,475.3299865722656,469.2900085449219,470.6600036621094,89791,0.0,0.0
2024-07-12 11:30:00-04:00,470.80999755859375,471.7200012207031,469.989990234375,470.7799987792969,23133,0.0,0.0
2024-07-12 12:30:00-04:00,470.45001220703125,471.32501220703125,468.6099853515625,469.4549865722656,32714,0.0,0.0
2024-07-12 13:30:00-04:00,469.5,469.8450012207031,468.5899963378906,468.7749938964844,18130,0.0,0.0
2024-07-12 14:30:00-04:00,469.42498779296875,469.8900146484375,468.0,468.114990234375,18824,0.0,0.0
2024-07-12 15:30:00-04:00,467.8599853515625,470.2749938964844,465.6000061035156,465.79998779296875,83959,0.0,0.0
2024-07-15 09:30:00-04:00,470.04998779296875,470.8800048828125,466.82000732421875,466.8599853515625,27130,0.0,0.0
2024-07-15 10:30:00-04:00,467.0899963378906,467.0899963378906,464.7550048828125,466.0,28619,0.0,0.0
2024-07-15 11:30:00-04:00,466.19500732421875,467.5299987792969,464.70001220703125,466.3999938964844,29374,0.0,0.0
2024-07-15 12:30:00-04:00,465.0,465.8500061035156,462.54998779296875,463.19000244140625,19154,0.0,0.0
2024-07-15 13:30:00-04:00,462.3500061035156,463.1700134277344,461.3299865722656,462.1650085449219,27986,0.0,0.0
2024-07-15 14:30:00-04:00,462.07501220703125,468.8800048828125,462.010009765625,467.8161926269531,39239,0.0,0.0
2024-07-15 15:30:00-04:00,466.4100036621094,466.489990234375,461.2300109863281,461.6099853515625,61184,0.0,0.0
2024-07-16 09:30:00-04:00,467.95001220703125,474.239990234375,467.82000732421875,471.6499938964844,70064,0.0,0.0
2024-07-16 10:30:00-04:00,472.31500244140625,475.260009765625,470.4800109863281,471.3900146484375,93977,0.0,0.0
2024-07-16 11:30:00-04:00,471.1000061035156,471.4049987792969,460.5799865722656,464.07501220703125,79537,0.0,0.0
2024-07-16 12:30:00-04:00,464.510009765625,465.0899963378906,463.7950134277344,464.4100036621094,51282,0.0,0.0
2024-07-16 13:30:00-04:00,464.8699951171875,473.510009765625,463.8450012207031,473.4649963378906,68923,0.0,0.0
2024-07-16 14:30:00-04:00,473.3299865722656,475.0,469.2200012207031,469.68499755859375,47255,0.0,0.0
2024-07-16 15:30:00-04:00,469.9750061035156,472.4100036621094,469.6700134277344,471.79998779296875,47870,0.0,0.0
2024-07-17 09:30:00-04:00,465.75,471.1099853515625,464.94000244140625,470.68499755859375,81337,0.0,0.0
2024-07-17 10:30:00-04:00,470.05999755859375,470.2650146484375,463.1400146484375,463.1400146484375,41053,0.0,0.0
2024-07-17 11:30:00-04:00,463.0150146484375,464.010009765625,459.92999267578125,460.18499755859375,32821,0.0,0.0
2024-07-17 12:30:00-04:00,460.18499755859375,460.18499755859375,457.489990234375,458.8550109863281,51681,0.0,0.0
2024-07-17 13:30:00-04:00,459.0400085449219,462.2250061035156,458.8500061035156,461.5150146484375,14473,0.0,0.0
2024-07-17 14:30:00-04:00,461.4150085449219,461.4150085449219,457.510009765625,457.8299865722656,39046,0.0,0.0
2024-07-17 15:30:00-04:00,458.260009765625,463.5050048828125,457.9150085449219,463.4100036621094,63014,0.0,0.0
2024-07-18 09:30:00-04:00,459.7900085449219,469.885009765625,459.7900085449219,469.45001220703125,66353,0.0,0.0
2024-07-18 10:30:00-04:00,469.79998779296875,469.8599853515625,464.6099853515625,465.94000244140625,49678,0.0,0.0
2024-07-18 11:30:00-04:00,465.8699951171875,467.3550109863281,463.94000244140625,466.3399963378906,36771,0.0,0.0
2024-07-18 12:30:00-04:00,466.239990234375,468.29998779296875,462.9750061035156,463.0,73494,0.0,0.0
2024-07-18 13:30:00-04:00,463.4599914550781,465.0249938964844,459.7799987792969,460.0,39092,0.0,0.0
2024-07-18 14:30:00-04:00,459.94500732421875,463.04998779296875,459.6199951171875,462.81500244140625,47362,0.0,0.0
2024-07-18 15:30:00-04:00,463.25,466.7799987792969,461.9800109863281,466.1000061035156,75039,0.0,0.0
2024-07-19 09:30:00-04:00,466.1000061035156,469.7900085449219,466.1000061035156,469.0899963378906,41535,0.0,0.0
2024-07-19 10:30:00-04:00,469.42999267578125,469.8599853515625,467.07000732421875,468.510009765625,49141,0.0,0.0
2024-07-19 11:30:00-04:00,468.0,470.3399963378906,466.564208984375,468.57501220703125,50392,0.0,0.0
2024-07-19 12:30:00-04:00,468.54998779296875,468.54998779296875,466.45001220703125,467.69500732421875,23509,0.0,0.0
2024-07-19 13:30:00-04:00,468.1300048828125,470.7449951171875,468.1300048828125,469.4200134277344,23047,0.0,0.0
2024-07-19 14:30:00-04:00,469.1650085449219,469.5899963378906,466.79998779296875,468.010009765625,98169,0.0,0.0
2024-07-19 15:30:00-04:00,467.7099914550781,471.79998779296875,467.6600036621094,471.20001220703125,78895,0.0,0.0
2024-07-22 09:30:00-04:00,474.8999938964844,476.197998046875,465.57000732421875,467.4302978515625,59731,0.0,0.0
2024-07-22 10:30:00-04:00,466.92999267578125,467.8500061035156,465.7099914550781,465.8800048828125,21548,0.0,0.0
2024-07-22 11:30:00-04:00,465.9700012207031,466.7900085449219,460.0,461.6000061035156,50496,0.0,0.0
2024-07-22 12:30:00-04:00,461.6300048828125,462.8399963378906,460.1300048828125,460.1300048828125,33626,0.0,0.0
2024-07-22 13:30:00-04:00,459.8999938964844,462.6400146484375,457.4200134277344,459.9200134277344,20942,0.0,0.0
2024-07-22 14:30:00-04:00,460.260009765625,461.3999938964844,459.05999755859375,459.4599914550781,25447,0.0,0.0
2024-07-22 15:30:00-04:00,459.7799987792969,461.8699951171875,459.4599914550781,461.135009765625,74016,0.0,0.0
2024-07-23 09:30:00-04:00,469.8699951171875,469.8699951171875,460.05010986328125,463.5950012207031,122233,0.0,0.0
2024-07-23 10:30:00-04:00,463.8399963378906,465.70001220703125,463.29998779296875,465.3599853515625,38904,0.0,0.0
2024-07-23 11:30:00-04:00,465.0450134277344,466.8399963378906,461.6700134277344,461.6700134277344,55943,0.0,0.0
2024-07-23 12:30:00-04:00,462.45001220703125,466.7200012207031,461.6099853515625,466.0849914550781,48872,0.0,0.0
2024-07-23 13:30:00-04:00,466.3399963378906,468.05999755859375,465.44000244140625,467.69000244140625,29749,0.0,0.0
2024-07-23 14:30:00-04:00,467.760009765625,470.5799865722656,467.760009765625,469.8800048828125,47333,0.0,0.0
2024-07-23 15:30:00-04:00,469.5,472.989990234375,469.2300109863281,472.4100036621094,84812,0.0,0.0
2024-07-24 09:30:00-04:00,468.3599853515625,474.0400085449219,468.3599853515625,469.2900085449219,88657,0.0,0.0
2024-07-24 10:30:00-04:00,469.17999267578125,469.17999267578125,465.3599853515625,465.5199890136719,42317,0.0,0.0
2024-07-24 11:30:00-04:00,466.010009765625,471.3800048828125,465.45001220703125,471.3800048828125,35188,0.0,0.0
2024-07-24 12:30:00-04:00,471.1099853515625,473.20001220703125,470.7149963378906,471.2099914550781,13684,0.0,0.0
2024-07-24 13:30:00-04:00,471.2900085449219,472.6449890136719,467.7250061035156,469.5,34346,0.0,0.0
2024-07-24 14:30:00-04:00,468.260009765625,468.67999267578125,464.2699890136719,464.2699890136719,33127,0.0,0.0
2024-07-24 15:30:00-04:00,465.19000244140625,466.7099914550781,464.3699951171875,464.4100036621094,58902,0.0,0.0
2024-07-25 09:30:00-04:00,488.5299987792969,494.6199951171875,472.0299987792969,489.0400085449219,332849,0.0,0.0
2024-07-25 10:30:00-04:00,488.7799987792969,488.7799987792969,481.8299865722656,482.6700134277344,161166,0.0,0.0
2024-07-25 11:30:00-04:00,483.010009765625,485.42498779296875,480.07000732421875,485.2200012207031,82337,0.0,0.0
2024-07-25 12:30:00-04:00,485.07501220703125,489.3599853515625,482.07000732421875,482.9100036621094,50935,0.0,0.0
2024-07-25 13:30:00-04:00,482.9100036621094,486.1600036621094,482.1600036621094,485.3299865722656,50805,0.0,0.0
2024-07-25 14:30:00-04:00,485.32000732421875,491.2699890136719,484.0,488.635009765625,64109,0.0,0.0
2024-07-25 15:30:00-04:00,488.760009765625,488.760009765625,484.92498779296875,486.7799987792969,83491,0.0,0.0
2024-07-26 09:30:00-04:00,476.0400085449219,483.0,473.8900146484375,480.3900146484375,100473,0.0,0.0
2024-07-26 10:30:00-04:00,480.385009765625,490.5899963378906,479.80999755859375,490.5899963378906,106589,0.0,0.0
2024-07-26 11:30:00-04:00,491.1300048828125,495.5,489.8599853515625,492.0299987792969,74593,0.0,0.0
2024-07-26 12:30:00-04:00,491.57501220703125,493.7099914550781,490.0,492.0,123962,0.0,0.0
2024-07-26 13:30:00-04:00,492.0,494.5,490.8299865722656,492.8699951171875,54596,0.0,0.0
2024-07-26 14:30:00-04:00,492.2699890136719,493.7149963378906,489.5350036621094,492.1300048828125,110551,0.0,0.0
2024-07-26 15:30:00-04:00,492.1300048828125,494.8800048828125,492.1300048828125,494.6000061035156,123906,0.0,0.0
