Datetime,Open,High,Low,Close,Volume,Dividends,Stock Splits
2022-07-28 09:30:00-04:00,17.389999389648438,17.56999969482422,16.549999237060547,16.549999237060547,58755,0.0,0.0
2022-07-28 10:30:00-04:00,16.700000762939453,17.137699127197266,16.596399307250977,17.137699127197266,21973,0.0,0.0
2022-07-28 11:30:00-04:00,17.050899505615234,17.21139907836914,16.929000854492188,16.929000854492188,21807,0.0,0.0
2022-07-28 12:30:00-04:00,16.760000228881836,16.979999542236328,16.75,16.799999237060547,12248,0.0,0.0
2022-07-28 13:30:00-04:00,16.84000015258789,17.049999237060547,16.712400436401367,16.90760040283203,30849,0.0,0.0
2022-07-28 14:30:00-04:00,16.8799991607666,17.239999771118164,16.809999465942383,17.1299991607666,31982,0.0,0.0
2022-07-28 15:30:00-04:00,17.15060043334961,17.260000228881836,17.079999923706055,17.139999389648438,17832,0.0,0.0
2022-07-29 09:30:00-04:00,17.540000915527344,18.030000686645508,17.416500091552734,17.92009925842285,151333,0.0,0.0
2022-07-29 10:30:00-04:00,17.95669937133789,18.170000076293945,17.510000228881836,17.701000213623047,59722,0.0,0.0
2022-07-29 11:30:00-04:00,17.770000457763672,17.801000595092773,17.280000686645508,17.421100616455078,65000,0.0,0.0
2022-07-29 12:30:00-04:00,17.459999084472656,17.790000915527344,17.350000381469727,17.68000030517578,58847,0.0,0.0
2022-07-29 13:30:00-04:00,17.649999618530273,17.84000015258789,17.59000015258789,17.670000076293945,38688,0.0,0.0
2022-07-29 14:30:00-04:00,17.674999237060547,17.979999542236328,17.6299991607666,17.844999313354492,61551,0.0,0.0
2022-07-29 15:30:00-04:00,17.834999084472656,17.90999984741211,17.65999984741211,17.739999771118164,49843,0.0,0.0
2022-08-01 09:30:00-04:00,17.350000381469727,17.450000762939453,16.25,16.30739974975586,207374,0.0,0.0
2022-08-01 10:30:00-04:00,16.479900360107422,16.60140037536621,16.11009979248047,16.399999618530273,60150,0.0,0.0
2022-08-01 11:30:00-04:00,16.34000015258789,16.34000015258789,15.779999732971191,15.983699798583984,163227,0.0,0.0
2022-08-01 12:30:00-04:00,15.979999542236328,16.450000762939453,15.9399995803833,16.424999237060547,111189,0.0,0.0
2022-08-01 13:30:00-04:00,16.450000762939453,16.5,16.09000015258789,16.280799865722656,68157,0.0,0.0
2022-08-01 14:30:00-04:00,16.329999923706055,16.519899368286133,16.200000762939453,16.31999969482422,63101,0.0,0.0
2022-08-01 15:30:00-04:00,16.329999923706055,16.559999465942383,16.299999237060547,16.484600067138672,46497,0.0,0.0
2022-08-02 09:30:00-04:00,16.450000762939453,16.66659927368164,16.190000534057617,16.450000762939453,62863,0.0,0.0
2022-08-02 10:30:00-04:00,16.5,16.81290054321289,16.5,16.74220085144043,33232,0.0,0.0
2022-08-02 11:30:00-04:00,16.799999237060547,16.8799991607666,16.56999969482422,16.709999084472656,16479,0.0,0.0
2022-08-02 12:30:00-04:00,16.719999313354492,16.8799991607666,16.670000076293945,16.713899612426758,31986,0.0,0.0
2022-08-02 13:30:00-04:00,16.67009925842285,16.68000030517578,16.350000381469727,16.540000915527344,47712,0.0,0.0
2022-08-02 14:30:00-04:00,16.56999969482422,16.700000762939453,16.469999313354492,16.540000915527344,22577,0.0,0.0
2022-08-02 15:30:00-04:00,16.520000457763672,16.59000015258789,16.475000381469727,16.489999771118164,16346,0.0,0.0
2022-08-03 09:30:00-04:00,16.59000015258789,16.940000534057617,16.5,16.653200149536133,75582,0.0,0.0
2022-08-03 10:30:00-04:00,16.6299991607666,16.6299991607666,16.209299087524414,16.3700008392334,35750,0.0,0.0
2022-08-03 11:30:00-04:00,16.37150001525879,16.59939956665039,16.25,16.375,29507,0.0,0.0
2022-08-03 12:30:00-04:00,16.354299545288086,16.459999084472656,15.720000267028809,15.899999618530273,104037,0.0,0.0
2022-08-03 13:30:00-04:00,15.890000343322754,16.34000015258789,15.8100004196167,16.149999618530273,60365,0.0,0.0
2022-08-03 14:30:00-04:00,16.145000457763672,16.17690086364746,15.949999809265137,15.989999771118164,35532,0.0,0.0
2022-08-03 15:30:00-04:00,16.030000686645508,16.059999465942383,15.899999618530273,15.90999984741211,52486,0.0,0.0
2022-08-04 09:30:00-04:00,15.579999923706055,15.845000267028809,15.029999732971191,15.59000015258789,166828,0.0,0.0
2022-08-04 10:30:00-04:00,15.600000381469727,15.60789966583252,15.010000228881836,15.114999771118164,93870,0.0,0.0
2022-08-04 11:30:00-04:00,15.15999984741211,15.270000457763672,14.850000381469727,14.983400344848633,88774,0.0,0.0
2022-08-04 12:30:00-04:00,14.970000267028809,15.079999923706055,14.779999732971191,14.84000015258789,84677,0.0,0.0
2022-08-04 13:30:00-04:00,14.829999923706055,14.851200103759766,14.5600004196167,14.630000114440918,111765,0.0,0.0
2022-08-04 14:30:00-04:00,14.609999656677246,14.609999656677246,14.074999809265137,14.079999923706055,146843,0.0,0.0
2022-08-04 15:30:00-04:00,14.079999923706055,14.194999694824219,13.930000305175781,14.039999961853027,109789,0.0,0.0
2022-08-05 09:30:00-04:00,13.649999618530273,14.819999694824219,13.479999542236328,14.510000228881836,217251,0.0,0.0
2022-08-05 10:30:00-04:00,14.510000228881836,15.199999809265137,14.42020034790039,14.5,229279,0.0,0.0
2022-08-05 11:30:00-04:00,14.5,14.640000343322754,14.40999984741211,14.5,48148,0.0,0.0
2022-08-05 12:30:00-04:00,14.515000343322754,14.59000015258789,14.5,14.520000457763672,39035,0.0,0.0
2022-08-05 13:30:00-04:00,14.520000457763672,14.75,14.449999809265137,14.569999694824219,35613,0.0,0.0
2022-08-05 14:30:00-04:00,14.5600004196167,14.649999618530273,14.470000267028809,14.649999618530273,24070,0.0,0.0
2022-08-05 15:30:00-04:00,14.649999618530273,14.949999809265137,14.579999923706055,14.800000190734863,71401,0.0,0.0
2022-08-08 09:30:00-04:00,14.819999694824219,15.380000114440918,14.665800094604492,14.949999809265137,141921,0.0,0.0
2022-08-08 10:30:00-04:00,14.979999542236328,15.34000015258789,14.850000381469727,15.289999961853027,80560,0.0,0.0
2022-08-08 11:30:00-04:00,15.279999732971191,15.300000190734863,14.910599708557129,15.25,51438,0.0,0.0
2022-08-08 12:30:00-04:00,15.300000190734863,15.300000190734863,15.130000114440918,15.175000190734863,24431,0.0,0.0
2022-08-08 13:30:00-04:00,15.175000190734863,15.289999961853027,15.0600004196167,15.0600004196167,23130,0.0,0.0
2022-08-08 14:30:00-04:00,15.092399597167969,15.300000190734863,14.946399688720703,15.300000190734863,52700,0.0,0.0
2022-08-08 15:30:00-04:00,15.260000228881836,15.260000228881836,15.043800354003906,15.0600004196167,32907,0.0,0.0
2022-08-09 09:30:00-04:00,15.449999809265137,15.930000305175781,15.199999809265137,15.8100004196167,156127,0.0,0.0
2022-08-09 10:30:00-04:00,15.800000190734863,15.920000076293945,15.368000030517578,15.529999732971191,52923,0.0,0.0
2022-08-09 11:30:00-04:00,15.463800430297852,15.520899772644043,15.199999809265137,15.390000343322754,36119,0.0,0.0
2022-08-09 12:30:00-04:00,15.328700065612793,15.5,15.1003999710083,15.445599555969238,74617,0.0,0.0
2022-08-09 13:30:00-04:00,15.447400093078613,15.609999656677246,15.359999656677246,15.5,23940,0.0,0.0
2022-08-09 14:30:00-04:00,15.4399995803833,15.65999984741211,15.319999694824219,15.65999984741211,41321,0.0,0.0
2022-08-09 15:30:00-04:00,15.600000381469727,15.720000267028809,15.529999732971191,15.699999809265137,45668,0.0,0.0
2022-08-10 09:30:00-04:00,15.819999694824219,15.819999694824219,14.800000190734863,14.869999885559082,232916,0.0,0.0
2022-08-10 10:30:00-04:00,14.87720012664795,15.399999618530273,14.800000190734863,15.399999618530273,102608,0.0,0.0
2022-08-10 11:30:00-04:00,15.3149995803833,15.3149995803833,15.061699867248535,15.199999809265137,76398,0.0,0.0
2022-08-10 12:30:00-04:00,15.25,15.619999885559082,15.229999542236328,15.330599784851074,64674,0.0,0.0
2022-08-10 13:30:00-04:00,15.321499824523926,15.430000305175781,15.010000228881836,15.042699813842773,29599,0.0,0.0
2022-08-10 14:30:00-04:00,15.029999732971191,15.09000015258789,14.8100004196167,14.83810043334961,137406,0.0,0.0
2022-08-10 15:30:00-04:00,14.845000267028809,14.925000190734863,14.710000038146973,14.760000228881836,70014,0.0,0.0
2022-08-11 09:30:00-04:00,15.149999618530273,15.669099807739258,15.109999656677246,15.3233003616333,120251,0.0,0.0
2022-08-11 10:30:00-04:00,15.260000228881836,15.699999809265137,15.13010025024414,15.619999885559082,54249,0.0,0.0
2022-08-11 11:30:00-04:00,15.616399765014648,15.770000457763672,15.489999771118164,15.680000305175781,54180,0.0,0.0
2022-08-11 12:30:00-04:00,15.6850004196167,15.779999732971191,15.545000076293945,15.729999542236328,52421,0.0,0.0
2022-08-11 13:30:00-04:00,15.752699851989746,15.930000305175781,15.62600040435791,15.892200469970703,52682,0.0,0.0
2022-08-11 14:30:00-04:00,15.770000457763672,15.874500274658203,15.600000381469727,15.670000076293945,31572,0.0,0.0
2022-08-11 15:30:00-04:00,15.670000076293945,15.84000015258789,15.640000343322754,15.829999923706055,40824,0.0,0.0
2022-08-12 09:30:00-04:00,15.6899995803833,15.890000343322754,15.284199714660645,15.414999961853027,69166,0.0,0.0
2022-08-12 10:30:00-04:00,15.350000381469727,15.720000267028809,15.300000190734863,15.720000267028809,47558,0.0,0.0
2022-08-12 11:30:00-04:00,15.65999984741211,15.779999732971191,15.550000190734863,15.779999732971191,34422,0.0,0.0
2022-08-12 12:30:00-04:00,15.828900337219238,15.880000114440918,15.736900329589844,15.760000228881836,12394,0.0,0.0
2022-08-12 13:30:00-04:00,15.770000457763672,15.949999809265137,15.765000343322754,15.850000381469727,16765,0.0,0.0
2022-08-12 14:30:00-04:00,15.899999618530273,15.949999809265137,15.6899995803833,15.800000190734863,21416,0.0,0.0
2022-08-12 15:30:00-04:00,15.819999694824219,15.899999618530273,15.760000228881836,15.760000228881836,30766,0.0,0.0
2022-08-15 09:30:00-04:00,14.640000343322754,14.930000305175781,14.390000343322754,14.750100135803223,163476,0.0,0.0
2022-08-15 10:30:00-04:00,14.75,15.092599868774414,14.721799850463867,15.039999961853027,56743,0.0,0.0
2022-08-15 11:30:00-04:00,15.010000228881836,15.300000190734863,14.890000343322754,15.289999961853027,57317,0.0,0.0
2022-08-15 12:30:00-04:00,15.234199523925781,15.34000015258789,15.0600004196167,15.130000114440918,46640,0.0,0.0
2022-08-15 13:30:00-04:00,15.050000190734863,15.140000343322754,14.94729995727539,15.0,21061,0.0,0.0
2022-08-15 14:30:00-04:00,15.005000114440918,15.244400024414062,14.975000381469727,15.149999618530273,18615,0.0,0.0
2022-08-15 15:30:00-04:00,15.199999809265137,15.229999542236328,15.0600004196167,15.079999923706055,36222,0.0,0.0
2022-08-16 09:30:00-04:00,15.09000015258789,15.529999732971191,15.011199951171875,15.4399995803833,89047,0.0,0.0
2022-08-16 10:30:00-04:00,15.44789981842041,15.489999771118164,15.180000305175781,15.180000305175781,12568,0.0,0.0
2022-08-16 11:30:00-04:00,15.300000190734863,15.430000305175781,15.170000076293945,15.310099601745605,22991,0.0,0.0
2022-08-16 12:30:00-04:00,15.350000381469727,15.399999618530273,15.199999809265137,15.210000038146973,40265,0.0,0.0
2022-08-16 13:30:00-04:00,15.119999885559082,15.189900398254395,14.859999656677246,15.0,141488,0.0,0.0
2022-08-16 14:30:00-04:00,15.0,15.129899978637695,14.869999885559082,15.09000015258789,117812,0.0,0.0
2022-08-16 15:30:00-04:00,15.079999923706055,15.109999656677246,14.960000038146973,15.09000015258789,34342,0.0,0.0
2022-08-17 09:30:00-04:00,15.0,15.59000015258789,14.960000038146973,15.460000038146973,121873,0.0,0.0
2022-08-17 10:30:00-04:00,15.595000267028809,15.710000038146973,15.300000190734863,15.390000343322754,73166,0.0,0.0
2022-08-17 11:30:00-04:00,15.45680046081543,15.45680046081543,15.170100212097168,15.329999923706055,7544,0.0,0.0
2022-08-17 12:30:00-04:00,15.3100004196167,15.5600004196167,15.274999618530273,15.5,17948,0.0,0.0
2022-08-17 13:30:00-04:00,15.5,15.600000381469727,15.369999885559082,15.470000267028809,19641,0.0,0.0
2022-08-17 14:30:00-04:00,15.529999732971191,15.619999885559082,15.359999656677246,15.463899612426758,19035,0.0,0.0
2022-08-17 15:30:00-04:00,15.54990005493164,15.579999923706055,15.399999618530273,15.449999809265137,39025,0.0,0.0
2022-08-18 09:30:00-04:00,15.789999961853027,16.157499313354492,15.529999732971191,16.139999389648438,136833,0.0,0.0
2022-08-18 10:30:00-04:00,16.139999389648438,16.200000762939453,15.84000015258789,16.09000015258789,88114,0.0,0.0
2022-08-18 11:30:00-04:00,16.09000015258789,16.149999618530273,15.850000381469727,16.03459930419922,42705,0.0,0.0
2022-08-18 12:30:00-04:00,15.979999542236328,16.16990089416504,15.789999961853027,16.059999465942383,53920,0.0,0.0
2022-08-18 13:30:00-04:00,16.09000015258789,16.280000686645508,16.030000686645508,16.089599609375,121768,0.0,0.0
2022-08-18 14:30:00-04:00,16.088600158691406,16.239999771118164,16.040000915527344,16.131200790405273,38766,0.0,0.0
2022-08-18 15:30:00-04:00,16.200000762939453,16.389999389648438,16.059999465942383,16.389999389648438,70073,0.0,0.0
2022-08-19 09:30:00-04:00,16.09000015258789,16.100000381469727,15.470000267028809,15.75,101866,0.0,0.0
2022-08-19 10:30:00-04:00,15.850000381469727,15.949999809265137,15.59000015258789,15.619999885559082,92313,0.0,0.0
2022-08-19 11:30:00-04:00,15.622400283813477,15.829999923706055,15.622400283813477,15.800000190734863,18474,0.0,0.0
2022-08-19 12:30:00-04:00,15.729999542236328,15.859999656677246,15.720000267028809,15.779999732971191,10893,0.0,0.0
2022-08-19 13:30:00-04:00,15.756999969482422,15.850000381469727,15.6899995803833,15.739999771118164,18579,0.0,0.0
2022-08-19 14:30:00-04:00,15.789999961853027,15.789999961853027,15.539999961853027,15.539999961853027,22942,0.0,0.0
2022-08-19 15:30:00-04:00,15.550000190734863,15.629899978637695,15.489999771118164,15.527400016784668,28137,0.0,0.0
2022-08-22 09:30:00-04:00,15.0600004196167,15.300000190734863,14.579999923706055,15.029999732971191,115595,0.0,0.0
2022-08-22 10:30:00-04:00,15.139900207519531,15.640000343322754,14.880000114440918,15.640000343322754,42491,0.0,0.0
2022-08-22 11:30:00-04:00,15.579999923706055,15.699999809265137,15.319999694824219,15.449999809265137,75274,0.0,0.0
2022-08-22 12:30:00-04:00,15.493599891662598,15.619999885559082,15.359999656677246,15.399999618530273,30517,0.0,0.0
2022-08-22 13:30:00-04:00,15.399999618530273,15.479999542236328,15.300000190734863,15.479999542236328,12656,0.0,0.0
2022-08-22 14:30:00-04:00,15.550000190734863,15.795000076293945,15.489999771118164,15.670000076293945,23221,0.0,0.0
2022-08-22 15:30:00-04:00,15.710000038146973,15.859999656677246,15.640000343322754,15.800000190734863,35278,0.0,0.0
2022-08-23 09:30:00-04:00,15.949999809265137,17.049999237060547,15.92389965057373,16.84000015258789,202371,0.0,0.0
2022-08-23 10:30:00-04:00,16.950000762939453,17.25,16.895000457763672,17.239999771118164,57591,0.0,0.0
2022-08-23 11:30:00-04:00,17.18000030517578,17.25,16.770000457763672,16.889999389648438,125049,0.0,0.0
2022-08-23 12:30:00-04:00,16.889999389648438,17.219999313354492,16.669200897216797,16.739599227905273,82420,0.0,0.0
2022-08-23 13:30:00-04:00,16.670000076293945,16.780799865722656,16.489999771118164,16.600000381469727,100057,0.0,0.0
2022-08-23 14:30:00-04:00,16.610000610351562,17.049999237060547,16.610000610351562,16.920000076293945,23917,0.0,0.0
2022-08-23 15:30:00-04:00,16.950000762939453,17.069900512695312,16.889999389648438,16.969999313354492,35540,0.0,0.0
2022-08-24 09:30:00-04:00,17.299999237060547,17.649999618530273,16.700000762939453,16.75,205402,0.0,0.0
2022-08-24 10:30:00-04:00,16.712099075317383,17.09000015258789,16.343299865722656,16.65999984741211,118404,0.0,0.0
2022-08-24 11:30:00-04:00,16.525699615478516,17.046600341796875,16.520000457763672,17.0,58011,0.0,0.0
2022-08-24 12:30:00-04:00,17.100000381469727,17.126100540161133,16.760000228881836,16.8700008392334,11361,0.0,0.0
2022-08-24 13:30:00-04:00,16.850000381469727,16.899999618530273,16.772499084472656,16.899999618530273,7370,0.0,0.0
2022-08-24 14:30:00-04:00,16.860000610351562,17.299999237060547,16.850000381469727,17.221200942993164,44253,0.0,0.0
2022-08-24 15:30:00-04:00,17.280000686645508,17.30419921875,16.8799991607666,16.959999084472656,138134,0.0,0.0
2022-08-25 09:30:00-04:00,17.100000381469727,17.31999969482422,16.75,16.989999771118164,64006,0.0,0.0
2022-08-25 10:30:00-04:00,16.93000030517578,17.040000915527344,16.590099334716797,16.918899536132812,47228,0.0,0.0
2022-08-25 11:30:00-04:00,16.90999984741211,16.90999984741211,16.729999542236328,16.729999542236328,10263,0.0,0.0
2022-08-25 12:30:00-04:00,16.81999969482422,16.882400512695312,16.700000762939453,16.84000015258789,19578,0.0,0.0
2022-08-25 13:30:00-04:00,16.809999465942383,16.950000762939453,16.6299991607666,16.709999084472656,26316,0.0,0.0
2022-08-25 14:30:00-04:00,16.8700008392334,17.06999969482422,16.760099411010742,16.96500015258789,26403,0.0,0.0
2022-08-25 15:30:00-04:00,16.950000762939453,17.139999389648438,16.90999984741211,17.139999389648438,40687,0.0,0.0
2022-08-26 09:30:00-04:00,17.170000076293945,17.43000030517578,16.701200485229492,17.13129997253418,34028,0.0,0.0
2022-08-26 10:30:00-04:00,17.1200008392334,17.299999237060547,16.809999465942383,16.920000076293945,23223,0.0,0.0
2022-08-26 11:30:00-04:00,16.918899536132812,17.06999969482422,16.860000610351562,17.0,10264,0.0,0.0
2022-08-26 12:30:00-04:00,16.920000076293945,17.0,16.860000610351562,17.0,15001,0.0,0.0
2022-08-26 13:30:00-04:00,17.0,17.190000534057617,16.90999984741211,17.020000457763672,28474,0.0,0.0
2022-08-26 14:30:00-04:00,17.022300720214844,17.309999465942383,16.969999313354492,17.290000915527344,63993,0.0,0.0
2022-08-26 15:30:00-04:00,17.260000228881836,17.350000381469727,17.190099716186523,17.25,65152,0.0,0.0
2022-08-29 09:30:00-04:00,17.489999771118164,18.899999618530273,17.329999923706055,18.260000228881836,294856,0.0,0.0
2022-08-29 10:30:00-04:00,18.247400283813477,18.31439971923828,17.700000762939453,17.969999313354492,159519,0.0,0.0
2022-08-29 11:30:00-04:00,17.969999313354492,18.236799240112305,17.940000534057617,18.114500045776367,56776,0.0,0.0
2022-08-29 12:30:00-04:00,18.049999237060547,18.5,18.030000686645508,18.405000686645508,51393,0.0,0.0
2022-08-29 13:30:00-04:00,18.431400299072266,18.84000015258789,18.431400299072266,18.799999237060547,98730,0.0,0.0
2022-08-29 14:30:00-04:00,18.81999969482422,18.84000015258789,18.540000915527344,18.584999084472656,87602,0.0,0.0
2022-08-29 15:30:00-04:00,18.600000381469727,18.673999786376953,18.540000915527344,18.540000915527344,43029,0.0,0.0
2022-08-30 09:30:00-04:00,18.389999389648438,18.389999389648438,16.770000457763672,17.278400421142578,297126,0.0,0.0
2022-08-30 10:30:00-04:00,17.265100479125977,17.280000686645508,16.709999084472656,17.12420082092285,61842,0.0,0.0
2022-08-30 11:30:00-04:00,17.0,17.079999923706055,16.149999618530273,16.196199417114258,129492,0.0,0.0
2022-08-30 12:30:00-04:00,16.22439956665039,16.579999923706055,15.906499862670898,16.191499710083008,189692,0.0,0.0
2022-08-30 13:30:00-04:00,16.200000762939453,16.478500366210938,16.1299991607666,16.329999923706055,43911,0.0,0.0
2022-08-30 14:30:00-04:00,16.344999313354492,16.469999313354492,16.18120002746582,16.45989990234375,35582,0.0,0.0
2022-08-30 15:30:00-04:00,16.420000076293945,16.559499740600586,16.36009979248047,16.389999389648438,49361,0.0,0.0
2022-08-31 09:30:00-04:00,16.040000915527344,16.5,15.609999656677246,16.455900192260742,134836,0.0,0.0
2022-08-31 10:30:00-04:00,16.5,16.899999618530273,16.309999465942383,16.51259994506836,40324,0.0,0.0
2022-08-31 11:30:00-04:00,16.46500015258789,16.80500030517578,16.46500015258789,16.700000762939453,16056,0.0,0.0
2022-08-31 12:30:00-04:00,16.780000686645508,16.799999237060547,16.596500396728516,16.760000228881836,21457,0.0,0.0
2022-08-31 13:30:00-04:00,16.7322998046875,16.86989974975586,16.643400192260742,16.704999923706055,27472,0.0,0.0
2022-08-31 14:30:00-04:00,16.65999984741211,16.989999771118164,16.649999618530273,16.959999084472656,83671,0.0,0.0
2022-08-31 15:30:00-04:00,16.940000534057617,17.040000915527344,16.809999465942383,16.809999465942383,25119,0.0,0.0
2022-09-01 09:30:00-04:00,16.280000686645508,16.41200065612793,15.5,16.049999237060547,212164,0.0,0.0
2022-09-01 10:30:00-04:00,15.979999542236328,16.135000228881836,15.729999542236328,15.729999542236328,68800,0.0,0.0
2022-09-01 11:30:00-04:00,15.722200393676758,16.079999923706055,15.720000267028809,15.8100004196167,47413,0.0,0.0
2022-09-01 12:30:00-04:00,15.864999771118164,15.904000282287598,15.369999885559082,15.680000305175781,159284,0.0,0.0
2022-09-01 13:30:00-04:00,15.76200008392334,15.821200370788574,15.489999771118164,15.789899826049805,27802,0.0,0.0
2022-09-01 14:30:00-04:00,15.819999694824219,15.819999694824219,15.479999542236328,15.489999771118164,26201,0.0,0.0
2022-09-01 15:30:00-04:00,15.414899826049805,15.579999923706055,15.295000076293945,15.579999923706055,86897,0.0,0.0
2022-09-02 09:30:00-04:00,16.100000381469727,16.450000762939453,15.800000190734863,16.450000762939453,137416,0.0,0.0
2022-09-02 10:30:00-04:00,16.457300186157227,16.69879913330078,16.229999542236328,16.350000381469727,78236,0.0,0.0
2022-09-02 11:30:00-04:00,16.250699996948242,16.479999542236328,16.25,16.360000610351562,7501,0.0,0.0
2022-09-02 12:30:00-04:00,16.396400451660156,16.440799713134766,16.239999771118164,16.34000015258789,13032,0.0,0.0
2022-09-02 13:30:00-04:00,16.209999084472656,16.549999237060547,16.209999084472656,16.510000228881836,20916,0.0,0.0
2022-09-02 14:30:00-04:00,16.510000228881836,16.799999237060547,16.489999771118164,16.700000762939453,39501,0.0,0.0
2022-09-02 15:30:00-04:00,16.631200790405273,16.760000228881836,16.559999465942383,16.760000228881836,40082,0.0,0.0
2022-09-06 09:30:00-04:00,17.09000015258789,17.170000076293945,16.399999618530273,16.540000915527344,67238,0.0,0.0
2022-09-06 10:30:00-04:00,16.450000762939453,16.639999389648438,16.395000457763672,16.639999389648438,10978,0.0,0.0
2022-09-06 11:30:00-04:00,16.690000534057617,16.959999084472656,16.626800537109375,16.88909912109375,24245,0.0,0.0
2022-09-06 12:30:00-04:00,16.829999923706055,16.833499908447266,16.639999389648438,16.65999984741211,9865,0.0,0.0
2022-09-06 13:30:00-04:00,16.684799194335938,16.798500061035156,16.5310001373291,16.739999771118164,20926,0.0,0.0
2022-09-06 14:30:00-04:00,16.770000457763672,16.81999969482422,16.5,16.559999465942383,23190,0.0,0.0
2022-09-06 15:30:00-04:00,16.549999237060547,16.57159996032715,16.420000076293945,16.5,19056,0.0,0.0
2022-09-07 09:30:00-04:00,16.139999389648438,16.139999389648438,15.516900062561035,15.850000381469727,94211,0.0,0.0
2022-09-07 10:30:00-04:00,15.885000228881836,16.14620018005371,15.800000190734863,15.800000190734863,18596,0.0,0.0
2022-09-07 11:30:00-04:00,15.800000190734863,15.800000190734863,15.260000228881836,15.300000190734863,95417,0.0,0.0
2022-09-07 12:30:00-04:00,15.280200004577637,15.369999885559082,15.109999656677246,15.199999809265137,51057,0.0,0.0
2022-09-07 13:30:00-04:00,15.19909954071045,15.25,14.885000228881836,14.979999542236328,132309,0.0,0.0
2022-09-07 14:30:00-04:00,14.960000038146973,14.989999771118164,14.800700187683105,14.989899635314941,51983,0.0,0.0
2022-09-07 15:30:00-04:00,14.96500015258789,14.987299919128418,14.880000114440918,14.880000114440918,63629,0.0,0.0
2022-09-08 09:30:00-04:00,15.050000190734863,15.329999923706055,15.050000190734863,15.220000267028809,47273,0.0,0.0
2022-09-08 10:30:00-04:00,15.220000267028809,15.314000129699707,15.0600004196167,15.260000228881836,49068,0.0,0.0
2022-09-08 11:30:00-04:00,15.260000228881836,15.600000381469727,15.21780014038086,15.335000038146973,57573,0.0,0.0
2022-09-08 12:30:00-04:00,15.34000015258789,15.699999809265137,15.34000015258789,15.539999961853027,22995,0.0,0.0
2022-09-08 13:30:00-04:00,15.560099601745605,15.719499588012695,15.560099601745605,15.710000038146973,18060,0.0,0.0
2022-09-08 14:30:00-04:00,15.65999984741211,15.672499656677246,15.420000076293945,15.59000015258789,30736,0.0,0.0
2022-09-08 15:30:00-04:00,15.600000381469727,15.600000381469727,15.529999732971191,15.569999694824219,37012,0.0,0.0
2022-09-09 09:30:00-04:00,15.90999984741211,16.399999618530273,15.8100004196167,16.03969955444336,89407,0.0,0.0
2022-09-09 10:30:00-04:00,16.149999618530273,16.229999542236328,16.04990005493164,16.15049934387207,11039,0.0,0.0
2022-09-09 11:30:00-04:00,16.118000030517578,16.170000076293945,15.90999984741211,16.100000381469727,23186,0.0,0.0
2022-09-09 12:30:00-04:00,16.100000381469727,16.3799991607666,16.059999465942383,16.3700008392334,33130,0.0,0.0
2022-09-09 13:30:00-04:00,16.36870002746582,16.3799991607666,16.149999618530273,16.149999618530273,19289,0.0,0.0
2022-09-09 14:30:00-04:00,16.170000076293945,16.440000534057617,16.1299991607666,16.440000534057617,23541,0.0,0.0
2022-09-09 15:30:00-04:00,16.399999618530273,16.405000686645508,16.17009925842285,16.260000228881836,25830,0.0,0.0
2022-09-12 09:30:00-04:00,16.610000610351562,16.90999984741211,16.15999984741211,16.770000457763672,100414,0.0,0.0
2022-09-12 10:30:00-04:00,16.81999969482422,16.8799991607666,16.309999465942383,16.43000030517578,50546,0.0,0.0
2022-09-12 11:30:00-04:00,16.479999542236328,16.540000915527344,16.299999237060547,16.450000762939453,22386,0.0,0.0
2022-09-12 12:30:00-04:00,16.450000762939453,16.539100646972656,16.280000686645508,16.389999389648438,22083,0.0,0.0
2022-09-12 13:30:00-04:00,16.40999984741211,16.450000762939453,16.15999984741211,16.31999969482422,42736,0.0,0.0
2022-09-12 14:30:00-04:00,16.329999923706055,16.420000076293945,16.219999313354492,16.389999389648438,25887,0.0,0.0
2022-09-12 15:30:00-04:00,16.3700008392334,16.3700008392334,16.209999084472656,16.299999237060547,34815,0.0,0.0
2022-09-13 09:30:00-04:00,16.059999465942383,16.440000534057617,15.946399688720703,16.309999465942383,55620,0.0,0.0
2022-09-13 10:30:00-04:00,16.34000015258789,16.359899520874023,15.600000381469727,15.729900360107422,108904,0.0,0.0
2022-09-13 11:30:00-04:00,15.710000038146973,15.710100173950195,15.550000190734863,15.59000015258789,35912,0.0,0.0
2022-09-13 12:30:00-04:00,15.5649995803833,15.71500015258789,15.460000038146973,15.710000038146973,31342,0.0,0.0
2022-09-13 13:30:00-04:00,15.850500106811523,15.880000114440918,15.600000381469727,15.760000228881836,23009,0.0,0.0
2022-09-13 14:30:00-04:00,15.789999961853027,15.809000015258789,15.619999885559082,15.670000076293945,20864,0.0,0.0
2022-09-13 15:30:00-04:00,15.680000305175781,15.699999809265137,15.4399995803833,15.510000228881836,72700,0.0,0.0
2022-09-14 09:30:00-04:00,15.989999771118164,16.579999923706055,15.670000076293945,16.209999084472656,100314,0.0,0.0
2022-09-14 10:30:00-04:00,16.23240089416504,16.510000228881836,16.1299991607666,16.389999389648438,178083,0.0,0.0
2022-09-14 11:30:00-04:00,16.389999389648438,16.549999237060547,16.280000686645508,16.424699783325195,48330,0.0,0.0
2022-09-14 12:30:00-04:00,16.510000228881836,16.760000228881836,16.510000228881836,16.68000030517578,34741,0.0,0.0
2022-09-14 13:30:00-04:00,16.649999618530273,16.816499710083008,16.31999969482422,16.3799991607666,26623,0.0,0.0
2022-09-14 14:30:00-04:00,16.41950035095215,16.479999542236328,16.150999069213867,16.150999069213867,24428,0.0,0.0
2022-09-14 15:30:00-04:00,16.155000686645508,16.270000457763672,16.1200008392334,16.209999084472656,53996,0.0,0.0
2022-09-15 09:30:00-04:00,15.970000267028809,15.970000267028809,15.3100004196167,15.779999732971191,169337,0.0,0.0
2022-09-15 10:30:00-04:00,15.699999809265137,15.710000038146973,15.390000343322754,15.579999923706055,54513,0.0,0.0
2022-09-15 11:30:00-04:00,15.579999923706055,15.579999923706055,15.100000381469727,15.130000114440918,97470,0.0,0.0
2022-09-15 12:30:00-04:00,15.1899995803833,15.399999618530273,15.109999656677246,15.319999694824219,57254,0.0,0.0
2022-09-15 13:30:00-04:00,15.388999938964844,15.458399772644043,15.109999656677246,15.109999656677246,60228,0.0,0.0
2022-09-15 14:30:00-04:00,15.130000114440918,15.40999984741211,15.130000114440918,15.180000305175781,67011,0.0,0.0
2022-09-15 15:30:00-04:00,15.220000267028809,15.390000343322754,15.180000305175781,15.289999961853027,37354,0.0,0.0
2022-09-16 09:30:00-04:00,15.5,15.510000228881836,15.079999923706055,15.260000228881836,119326,0.0,0.0
2022-09-16 10:30:00-04:00,15.260000228881836,15.4399995803833,15.197099685668945,15.210000038146973,16846,0.0,0.0
2022-09-16 11:30:00-04:00,15.289999961853027,15.319999694824219,14.829999923706055,14.899999618530273,54292,0.0,0.0
2022-09-16 12:30:00-04:00,14.90999984741211,15.128100395202637,14.859999656677246,15.109999656677246,54424,0.0,0.0
2022-09-16 13:30:00-04:00,15.109999656677246,15.170000076293945,15.029999732971191,15.081199645996094,11210,0.0,0.0
2022-09-16 14:30:00-04:00,15.079999923706055,15.199999809265137,15.068900108337402,15.119999885559082,20022,0.0,0.0
2022-09-16 15:30:00-04:00,15.050000190734863,15.350000381469727,15.039999961853027,15.25,103396,0.0,0.0
2022-09-19 09:30:00-04:00,14.75,15.03499984741211,14.600000381469727,14.883999824523926,87656,0.0,0.0
2022-09-19 10:30:00-04:00,14.880000114440918,14.989999771118164,14.680000305175781,14.719900131225586,64314,0.0,0.0
2022-09-19 11:30:00-04:00,14.70359992980957,14.859999656677246,14.609999656677246,14.630000114440918,79604,0.0,0.0
2022-09-19 12:30:00-04:00,14.694999694824219,14.869999885559082,14.619999885559082,14.779999732971191,127135,0.0,0.0
2022-09-19 13:30:00-04:00,14.86989974975586,15.0,14.65999984741211,15.0,107054,0.0,0.0
2022-09-19 14:30:00-04:00,14.989999771118164,15.050000190734863,14.899999618530273,14.979999542236328,52464,0.0,0.0
2022-09-19 15:30:00-04:00,14.989999771118164,15.140000343322754,14.90999984741211,15.079999923706055,108910,0.0,0.0
2022-09-20 09:30:00-04:00,15.0,15.079999923706055,14.0,14.170000076293945,183900,0.0,0.0
2022-09-20 10:30:00-04:00,14.204999923706055,14.359999656677246,14.050000190734863,14.229999542236328,85657,0.0,0.0
2022-09-20 11:30:00-04:00,14.229999542236328,14.3100004196167,13.899999618530273,14.010000228881836,115249,0.0,0.0
2022-09-20 12:30:00-04:00,14.006799697875977,14.140000343322754,13.850000381469727,13.899999618530273,60913,0.0,0.0
2022-09-20 13:30:00-04:00,13.90999984741211,14.069999694824219,13.800000190734863,13.994999885559082,87445,0.0,0.0
2022-09-20 14:30:00-04:00,13.994999885559082,14.279999732971191,13.908699989318848,14.25,115833,0.0,0.0
2022-09-20 15:30:00-04:00,14.19219970703125,14.276200294494629,14.149999618530273,14.270000457763672,28033,0.0,0.0
2022-09-21 09:30:00-04:00,14.720000267028809,14.758700370788574,13.819999694824219,13.979999542236328,72354,0.0,0.0
2022-09-21 10:30:00-04:00,14.020000457763672,14.11989974975586,13.819999694824219,13.954999923706055,62675,0.0,0.0
2022-09-21 11:30:00-04:00,13.9350004196167,14.0600004196167,13.859999656677246,13.902199745178223,32340,0.0,0.0
2022-09-21 12:30:00-04:00,13.924200057983398,13.944999694824219,13.800000190734863,13.800000190734863,36675,0.0,0.0
2022-09-21 13:30:00-04:00,13.819999694824219,13.889599800109863,13.4399995803833,13.539999961853027,96016,0.0,0.0
2022-09-21 14:30:00-04:00,13.539999961853027,13.899999618530273,13.4399995803833,13.490099906921387,63938,0.0,0.0
2022-09-21 15:30:00-04:00,13.489999771118164,13.5600004196167,13.369999885559082,13.390000343322754,69162,0.0,0.0
2022-09-22 09:30:00-04:00,13.869999885559082,14.25,13.600000381469727,13.625300407409668,135197,0.0,0.0
2022-09-22 10:30:00-04:00,13.65999984741211,13.850000381469727,13.460000038146973,13.774999618530273,38819,0.0,0.0
2022-09-22 11:30:00-04:00,13.770000457763672,13.859999656677246,13.696800231933594,13.729999542236328,23930,0.0,0.0
2022-09-22 12:30:00-04:00,13.739999771118164,13.869999885559082,13.4399995803833,13.479999542236328,86084,0.0,0.0
2022-09-22 13:30:00-04:00,13.479999542236328,13.539999961853027,13.149999618530273,13.220000267028809,75374,0.0,0.0
2022-09-22 14:30:00-04:00,13.229999542236328,13.5600004196167,13.225000381469727,13.399999618530273,36545,0.0,0.0
2022-09-22 15:30:00-04:00,13.40999984741211,13.520000457763672,13.359999656677246,13.359999656677246,21214,0.0,0.0
2022-09-23 09:30:00-04:00,12.869999885559082,12.869999885559082,11.59000015258789,11.6899995803833,287078,0.0,0.0
2022-09-23 10:30:00-04:00,11.6899995803833,11.6899995803833,11.390000343322754,11.619999885559082,73751,0.0,0.0
2022-09-23 11:30:00-04:00,11.619999885559082,11.739999771118164,11.569999694824219,11.609999656677246,82573,0.0,0.0
2022-09-23 12:30:00-04:00,11.592300415039062,11.739899635314941,11.569999694824219,11.61299991607666,25283,0.0,0.0
2022-09-23 13:30:00-04:00,11.62399959564209,11.710000038146973,11.539999961853027,11.706000328063965,22016,0.0,0.0
2022-09-23 14:30:00-04:00,11.664999961853027,11.680000305175781,11.25,11.380000114440918,126439,0.0,0.0
2022-09-23 15:30:00-04:00,11.399999618530273,11.579999923706055,11.345000267028809,11.5,89706,0.0,0.0
2022-09-26 09:30:00-04:00,11.350000381469727,11.680000305175781,11.140000343322754,11.580900192260742,137456,0.0,0.0
2022-09-26 10:30:00-04:00,11.529999732971191,11.729999542236328,11.25,11.25,95852,0.0,0.0
2022-09-26 11:30:00-04:00,11.260000228881836,11.291399955749512,11.0,11.010000228881836,86835,0.0,0.0
2022-09-26 12:30:00-04:00,11.010000228881836,11.0600004196167,10.810099601745605,10.899999618530273,70561,0.0,0.0
2022-09-26 13:30:00-04:00,10.904999732971191,11.109999656677246,10.819999694824219,11.03499984741211,69575,0.0,0.0
2022-09-26 14:30:00-04:00,11.03499984741211,11.134400367736816,10.914999961853027,11.0,55345,0.0,0.0
2022-09-26 15:30:00-04:00,10.970000267028809,10.989899635314941,10.800000190734863,10.869999885559082,64569,0.0,0.0
2022-09-27 09:30:00-04:00,11.100000381469727,11.765000343322754,11.069999694824219,11.59000015258789,103711,0.0,0.0
2022-09-27 10:30:00-04:00,11.569999694824219,11.789999961853027,11.569999694824219,11.602700233459473,47767,0.0,0.0
2022-09-27 11:30:00-04:00,11.579999923706055,11.795100212097168,11.510000228881836,11.654000282287598,93730,0.0,0.0
2022-09-27 12:30:00-04:00,11.6850004196167,11.755000114440918,11.625,11.640000343322754,39916,0.0,0.0
2022-09-27 13:30:00-04:00,11.649999618530273,11.710000038146973,11.5,11.630000114440918,42473,0.0,0.0
2022-09-27 14:30:00-04:00,11.619999885559082,11.8100004196167,11.619999885559082,11.649999618530273,39912,0.0,0.0
2022-09-27 15:30:00-04:00,11.65999984741211,11.6899995803833,11.5600004196167,11.579999923706055,31115,0.0,0.0
2022-09-28 09:30:00-04:00,11.880000114440918,12.420000076293945,11.730500221252441,12.369999885559082,152647,0.0,0.0
2022-09-28 10:30:00-04:00,12.380000114440918,12.619999885559082,12.369999885559082,12.59000015258789,86387,0.0,0.0
2022-09-28 11:30:00-04:00,12.574999809265137,12.640000343322754,12.449999809265137,12.550000190734863,48712,0.0,0.0
2022-09-28 12:30:00-04:00,12.53499984741211,12.65999984741211,12.350000381469727,12.350000381469727,30357,0.0,0.0
2022-09-28 13:30:00-04:00,12.320099830627441,12.75,12.239999771118164,12.638299942016602,82761,0.0,0.0
2022-09-28 14:30:00-04:00,12.729999542236328,12.8100004196167,12.640000343322754,12.779999732971191,56186,0.0,0.0
2022-09-28 15:30:00-04:00,12.770000457763672,12.829999923706055,12.680000305175781,12.680000305175781,60615,0.0,0.0
2022-09-29 09:30:00-04:00,12.630000114440918,12.75,11.520000457763672,11.645000457763672,248607,0.0,0.0
2022-09-29 10:30:00-04:00,11.645000457763672,12.1850004196167,11.59000015258789,11.729999542236328,170411,0.0,0.0
2022-09-29 11:30:00-04:00,11.739999771118164,11.979999542236328,11.720000267028809,11.960000038146973,45984,0.0,0.0
2022-09-29 12:30:00-04:00,11.90999984741211,12.069999694824219,11.90999984741211,11.979999542236328,32818,0.0,0.0
2022-09-29 13:30:00-04:00,11.949999809265137,12.0,11.819999694824219,11.899999618530273,20412,0.0,0.0
2022-09-29 14:30:00-04:00,11.899999618530273,12.029999732971191,11.890000343322754,12.0,21068,0.0,0.0
2022-09-29 15:30:00-04:00,12.050000190734863,12.319999694824219,12.045000076293945,12.180000305175781,78178,0.0,0.0
2022-09-30 09:30:00-04:00,12.140000343322754,12.289999961853027,11.720000267028809,12.069999694824219,36763,0.0,0.0
2022-09-30 10:30:00-04:00,12.164999961853027,12.329999923706055,12.12559986114502,12.289999961853027,12512,0.0,0.0
2022-09-30 11:30:00-04:00,12.300000190734863,12.319999694824219,12.069999694824219,12.106599807739258,17712,0.0,0.0
2022-09-30 12:30:00-04:00,12.109999656677246,12.236000061035156,12.100000381469727,12.140199661254883,8902,0.0,0.0
2022-09-30 13:30:00-04:00,12.130000114440918,12.130000114440918,12.020000457763672,12.020000457763672,11840,0.0,0.0
2022-09-30 14:30:00-04:00,12.014699935913086,12.014699935913086,11.880000114440918,11.949999809265137,32585,0.0,0.0
2022-09-30 15:30:00-04:00,11.989999771118164,11.989999771118164,11.880000114440918,11.90999984741211,32260,0.0,0.0
2022-10-03 09:30:00-04:00,12.930000305175781,13.350000381469727,12.76990032196045,13.34939956665039,159215,0.0,0.0
2022-10-03 10:30:00-04:00,13.350000381469727,13.399999618530273,12.59000015258789,12.59000015258789,149076,0.0,0.0
2022-10-03 11:30:00-04:00,12.619999885559082,12.75,12.54010009765625,12.65999984741211,39133,0.0,0.0
2022-10-03 12:30:00-04:00,12.669899940490723,12.850000381469727,12.619999885559082,12.765199661254883,35987,0.0,0.0
2022-10-03 13:30:00-04:00,12.75,13.029999732971191,12.744999885559082,13.010000228881836,59252,0.0,0.0
2022-10-03 14:30:00-04:00,13.013400077819824,13.135000228881836,12.899999618530273,13.130000114440918,50092,0.0,0.0
2022-10-03 15:30:00-04:00,13.09000015258789,13.199999809265137,13.039999961853027,13.119999885559082,46285,0.0,0.0
2022-10-04 09:30:00-04:00,14.239999771118164,14.270000457763672,13.4399995803833,13.550000190734863,142828,0.0,0.0
2022-10-04 10:30:00-04:00,13.569999694824219,14.149999618530273,13.5447998046875,13.930000305175781,83237,0.0,0.0
2022-10-04 11:30:00-04:00,13.949999809265137,14.0600004196167,13.860099792480469,13.970000267028809,21061,0.0,0.0
2022-10-04 12:30:00-04:00,13.899999618530273,14.180000305175781,13.850099563598633,14.149999618530273,54397,0.0,0.0
2022-10-04 13:30:00-04:00,14.180000305175781,14.199999809265137,13.470000267028809,13.59000015258789,128248,0.0,0.0
2022-10-04 14:30:00-04:00,13.59000015258789,13.634200096130371,13.329999923706055,13.40999984741211,87777,0.0,0.0
2022-10-04 15:30:00-04:00,13.40999984741211,13.640000343322754,13.364999771118164,13.529999732971191,103814,0.0,0.0
2022-10-05 09:30:00-04:00,13.789999961853027,14.03849983215332,13.420000076293945,13.645500183105469,120218,0.0,0.0
2022-10-05 10:30:00-04:00,13.6899995803833,13.979999542236328,13.654999732971191,13.913000106811523,70657,0.0,0.0
2022-10-05 11:30:00-04:00,13.9350004196167,14.15999984741211,13.899999618530273,14.135000228881836,51890,0.0,0.0
2022-10-05 12:30:00-04:00,14.15999984741211,14.619999885559082,14.020000457763672,14.369999885559082,102635,0.0,0.0
2022-10-05 13:30:00-04:00,14.395000457763672,14.670000076293945,14.354999542236328,14.579999923706055,94827,0.0,0.0
2022-10-05 14:30:00-04:00,14.5600004196167,14.770000457763672,14.529999732971191,14.701800346374512,95744,0.0,0.0
2022-10-05 15:30:00-04:00,14.680000305175781,14.760000228881836,14.5600004196167,14.619999885559082,66696,0.0,0.0
2022-10-06 09:30:00-04:00,14.479999542236328,14.970000267028809,14.300100326538086,14.385000228881836,166009,0.0,0.0
2022-10-06 10:30:00-04:00,14.319999694824219,14.649999618530273,14.270000457763672,14.619999885559082,112372,0.0,0.0
2022-10-06 11:30:00-04:00,14.619999885559082,14.649399757385254,14.41100025177002,14.600000381469727,66160,0.0,0.0
2022-10-06 12:30:00-04:00,14.600000381469727,14.609999656677246,14.09000015258789,14.149999618530273,81202,0.0,0.0
2022-10-06 13:30:00-04:00,14.130000114440918,14.270000457763672,13.975000381469727,13.979999542236328,82830,0.0,0.0
2022-10-06 14:30:00-04:00,13.960000038146973,13.979999542236328,13.640000343322754,13.770000457763672,111324,0.0,0.0
2022-10-06 15:30:00-04:00,13.78499984741211,13.78499984741211,13.569999694824219,13.569999694824219,74712,0.0,0.0
2022-10-07 09:30:00-04:00,13.9399995803833,14.279899597167969,13.614100456237793,14.179900169372559,228421,0.0,0.0
2022-10-07 10:30:00-04:00,14.180000305175781,14.270000457763672,14.015000343322754,14.170000076293945,40145,0.0,0.0
2022-10-07 11:30:00-04:00,14.215299606323242,14.350000381469727,14.039999961853027,14.0600004196167,54619,0.0,0.0
2022-10-07 12:30:00-04:00,14.039999961853027,14.059900283813477,13.65999984741211,13.729999542236328,151364,0.0,0.0
2022-10-07 13:30:00-04:00,13.710000038146973,13.826600074768066,13.6899995803833,13.734999656677246,28752,0.0,0.0
2022-10-07 14:30:00-04:00,13.710000038146973,13.770000457763672,13.079999923706055,13.119999885559082,132384,0.0,0.0
2022-10-07 15:30:00-04:00,13.119999885559082,13.34000015258789,13.0600004196167,13.329999923706055,54288,0.0,0.0
2022-10-10 09:30:00-04:00,13.960000038146973,14.300000190734863,13.510000228881836,13.694999694824219,257188,0.0,0.0
2022-10-10 10:30:00-04:00,13.75570011138916,13.75570011138916,13.100000381469727,13.300000190734863,137823,0.0,0.0
2022-10-10 11:30:00-04:00,13.260000228881836,13.5,13.140000343322754,13.170000076293945,104813,0.0,0.0
2022-10-10 12:30:00-04:00,13.170000076293945,13.35990047454834,13.170000076293945,13.220100402832031,48001,0.0,0.0
2022-10-10 13:30:00-04:00,13.239999771118164,13.489999771118164,13.180000305175781,13.210000038146973,66681,0.0,0.0
2022-10-10 14:30:00-04:00,13.210000038146973,13.354999542236328,13.180000305175781,13.316800117492676,50206,0.0,0.0
2022-10-10 15:30:00-04:00,13.3100004196167,13.510000228881836,13.289999961853027,13.460000038146973,50164,0.0,0.0
2022-10-11 09:30:00-04:00,13.170000076293945,13.699999809265137,13.140000343322754,13.4399995803833,159445,0.0,0.0
2022-10-11 10:30:00-04:00,13.4399995803833,13.930000305175781,13.395000457763672,13.89009952545166,133539,0.0,0.0
2022-10-11 11:30:00-04:00,13.9399995803833,14.289999961853027,13.869999885559082,14.270000457763672,96249,0.0,0.0
2022-10-11 12:30:00-04:00,14.250100135803223,14.444999694824219,14.248900413513184,14.329999923706055,115424,0.0,0.0
2022-10-11 13:30:00-04:00,14.350000381469727,14.420000076293945,14.0600004196167,14.0600004196167,45392,0.0,0.0
2022-10-11 14:30:00-04:00,14.100000381469727,14.140000343322754,13.579999923706055,13.694999694824219,58617,0.0,0.0
2022-10-11 15:30:00-04:00,13.680000305175781,13.760000228881836,13.585000038146973,13.710000038146973,53858,0.0,0.0
2022-10-12 09:30:00-04:00,13.899999618530273,14.0600004196167,13.199999809265137,13.308199882507324,158125,0.0,0.0
2022-10-12 10:30:00-04:00,13.270000457763672,13.4399995803833,13.180000305175781,13.420000076293945,42752,0.0,0.0
2022-10-12 11:30:00-04:00,13.390000343322754,13.729999542236328,13.329999923706055,13.579999923706055,168898,0.0,0.0
2022-10-12 12:30:00-04:00,13.5600004196167,13.90999984741211,13.529999732971191,13.779999732971191,93061,0.0,0.0
2022-10-12 13:30:00-04:00,13.770000457763672,13.869999885559082,13.6899995803833,13.850000381469727,70244,0.0,0.0
2022-10-12 14:30:00-04:00,13.880000114440918,14.100000381469727,13.770000457763672,13.824999809265137,84628,0.0,0.0
2022-10-12 15:30:00-04:00,13.850000381469727,13.920000076293945,13.760000228881836,13.819999694824219,40015,0.0,0.0
2022-10-13 09:30:00-04:00,13.479999542236328,14.109999656677246,13.300000190734863,13.84000015258789,249228,0.0,0.0
2022-10-13 10:30:00-04:00,13.835000038146973,14.449999809265137,13.819999694824219,14.255000114440918,125491,0.0,0.0
2022-10-13 11:30:00-04:00,14.289999961853027,14.380000114440918,13.970000267028809,14.050000190734863,68661,0.0,0.0
2022-10-13 12:30:00-04:00,14.049200057983398,14.319999694824219,14.045000076293945,14.260000228881836,87742,0.0,0.0
2022-10-13 13:30:00-04:00,14.25,14.255000114440918,13.930000305175781,13.989999771118164,100846,0.0,0.0
2022-10-13 14:30:00-04:00,14.0,14.170000076293945,13.90999984741211,13.980600357055664,172199,0.0,0.0
2022-10-13 15:30:00-04:00,13.979999542236328,14.050000190734863,13.829999923706055,13.979999542236328,163776,0.0,0.0
2022-10-14 09:30:00-04:00,13.5,13.600000381469727,12.59000015258789,12.819999694824219,225389,0.0,0.0
2022-10-14 10:30:00-04:00,12.800000190734863,13.069999694824219,12.75,13.029999732971191,41192,0.0,0.0
2022-10-14 11:30:00-04:00,13.005000114440918,13.100000381469727,12.761300086975098,12.880000114440918,85065,0.0,0.0
2022-10-14 12:30:00-04:00,12.890000343322754,13.050000190734863,12.890000343322754,12.989999771118164,43701,0.0,0.0
2022-10-14 13:30:00-04:00,13.0,13.0600004196167,12.760000228881836,12.899999618530273,32466,0.0,0.0
2022-10-14 14:30:00-04:00,12.899999618530273,13.210000038146973,12.859999656677246,13.210000038146973,49749,0.0,0.0
2022-10-14 15:30:00-04:00,13.210000038146973,13.600000381469727,13.15999984741211,13.600000381469727,115881,0.0,0.0
2022-10-17 09:30:00-04:00,13.949999809265137,13.949999809265137,13.300999641418457,13.682499885559082,113362,0.0,0.0
2022-10-17 10:30:00-04:00,13.59000015258789,13.59000015258789,13.110099792480469,13.279899597167969,63619,0.0,0.0
2022-10-17 11:30:00-04:00,13.25,13.260000228881836,13.013699531555176,13.119999885559082,70124,0.0,0.0
2022-10-17 12:30:00-04:00,13.12600040435791,13.12600040435791,12.9399995803833,13.070099830627441,65704,0.0,0.0
2022-10-17 13:30:00-04:00,13.050200462341309,13.079999923706055,12.770600318908691,12.890000343322754,90915,0.0,0.0
2022-10-17 14:30:00-04:00,12.869999885559082,12.930000305175781,12.800000190734863,12.880000114440918,49793,0.0,0.0
2022-10-17 15:30:00-04:00,12.899999618530273,12.899999618530273,12.760000228881836,12.829999923706055,58183,0.0,0.0
2022-10-18 09:30:00-04:00,12.579999923706055,12.766200065612793,11.600000381469727,11.670000076293945,366666,0.0,0.0
2022-10-18 10:30:00-04:00,11.670000076293945,11.829899787902832,11.600000381469727,11.6899995803833,65549,0.0,0.0
2022-10-18 11:30:00-04:00,11.680000305175781,11.800000190734863,11.600000381469727,11.774999618530273,58543,0.0,0.0
2022-10-18 12:30:00-04:00,11.79990005493164,12.3100004196167,11.79990005493164,12.300000190734863,141638,0.0,0.0
2022-10-18 13:30:00-04:00,12.3100004196167,12.329999923706055,12.180000305175781,12.260000228881836,29313,0.0,0.0
2022-10-18 14:30:00-04:00,12.260000228881836,12.380000114440918,12.228799819946289,12.28499984741211,40962,0.0,0.0
2022-10-18 15:30:00-04:00,12.279999732971191,12.4399995803833,12.279999732971191,12.4399995803833,50441,0.0,0.0
2022-10-19 09:30:00-04:00,12.729999542236328,12.937999725341797,12.0,12.869999885559082,287128,0.0,0.0
2022-10-19 10:30:00-04:00,12.869999885559082,12.869999885559082,12.630000114440918,12.741600036621094,85914,0.0,0.0
2022-10-19 11:30:00-04:00,12.819999694824219,12.949999809265137,12.760000228881836,12.90999984741211,61099,0.0,0.0
2022-10-19 12:30:00-04:00,12.90999984741211,12.970000267028809,12.640000343322754,12.805000305175781,24475,0.0,0.0
2022-10-19 13:30:00-04:00,12.859999656677246,13.100000381469727,12.809100151062012,12.90999984741211,55507,0.0,0.0
2022-10-19 14:30:00-04:00,12.90999984741211,12.9399995803833,12.720000267028809,12.729999542236328,22767,0.0,0.0
2022-10-19 15:30:00-04:00,12.744999885559082,12.770000457763672,12.610099792480469,12.760000228881836,45894,0.0,0.0
2022-10-20 09:30:00-04:00,12.979999542236328,13.729999542236328,12.950300216674805,13.541000366210938,171557,0.0,0.0
2022-10-20 10:30:00-04:00,13.579999923706055,13.672900199890137,13.399999618530273,13.420599937438965,48674,0.0,0.0
2022-10-20 11:30:00-04:00,13.479999542236328,13.54990005493164,13.149999618530273,13.25,24970,0.0,0.0
2022-10-20 12:30:00-04:00,13.220000267028809,13.294300079345703,13.114999771118164,13.15999984741211,30200,0.0,0.0
2022-10-20 13:30:00-04:00,13.21500015258789,13.21500015258789,12.899999618530273,13.020000457763672,30861,0.0,0.0
2022-10-20 14:30:00-04:00,13.020000457763672,13.220000267028809,13.020000457763672,13.1899995803833,21210,0.0,0.0
2022-10-20 15:30:00-04:00,13.14579963684082,13.359999656677246,13.14579963684082,13.3100004196167,29654,0.0,0.0
2022-10-21 09:30:00-04:00,13.550000190734863,13.670000076293945,13.327500343322754,13.399999618530273,44390,0.0,0.0
2022-10-21 10:30:00-04:00,13.4399995803833,13.458700180053711,13.210000038146973,13.380000114440918,13550,0.0,0.0
2022-10-21 11:30:00-04:00,13.369999885559082,13.5,13.301600456237793,13.40999984741211,14407,0.0,0.0
2022-10-21 12:30:00-04:00,13.400099754333496,13.449999809265137,13.220000267028809,13.220100402832031,44949,0.0,0.0
2022-10-21 13:30:00-04:00,13.245400428771973,13.279999732971191,13.140000343322754,13.150500297546387,32248,0.0,0.0
2022-10-21 14:30:00-04:00,13.175000190734863,13.220000267028809,12.989999771118164,13.109999656677246,54316,0.0,0.0
2022-10-21 15:30:00-04:00,13.050000190734863,13.054200172424316,12.75,12.949999809265137,88329,0.0,0.0
2022-10-24 09:30:00-04:00,12.899999618530273,13.0,12.149999618530273,12.210000038146973,138587,0.0,0.0
2022-10-24 10:30:00-04:00,12.210000038146973,12.350799560546875,12.100000381469727,12.15999984741211,113173,0.0,0.0
2022-10-24 11:30:00-04:00,12.119999885559082,12.223699569702148,12.0,12.099900245666504,65562,0.0,0.0
2022-10-24 12:30:00-04:00,12.079999923706055,12.079999923706055,11.920000076293945,11.960000038146973,44801,0.0,0.0
2022-10-24 13:30:00-04:00,12.0,12.180000305175781,11.954999923706055,12.119999885559082,31599,0.0,0.0
2022-10-24 14:30:00-04:00,12.058199882507324,12.170000076293945,12.010000228881836,12.029999732971191,63348,0.0,0.0
2022-10-24 15:30:00-04:00,12.069899559020996,12.109999656677246,11.989999771118164,12.0600004196167,46965,0.0,0.0
2022-10-25 09:30:00-04:00,12.0,12.789999961853027,11.949999809265137,12.760100364685059,79078,0.0,0.0
2022-10-25 10:30:00-04:00,12.779999732971191,12.800000190734863,12.520000457763672,12.58240032196045,44350,0.0,0.0
2022-10-25 11:30:00-04:00,12.579999923706055,12.649999618530273,12.520000457763672,12.640000343322754,10976,0.0,0.0
2022-10-25 12:30:00-04:00,12.54010009765625,12.850000381469727,12.54010009765625,12.817500114440918,30921,0.0,0.0
2022-10-25 13:30:00-04:00,12.8149995803833,12.960000038146973,12.800000190734863,12.899999618530273,20340,0.0,0.0
2022-10-25 14:30:00-04:00,12.858099937438965,12.899999618530273,12.725000381469727,12.8100004196167,30780,0.0,0.0
2022-10-25 15:30:00-04:00,12.84000015258789,12.899999618530273,12.800000190734863,12.899999618530273,14545,0.0,0.0
2022-10-26 09:30:00-04:00,13.130000114440918,13.680000305175781,13.039999961853027,13.550100326538086,120434,0.0,0.0
2022-10-26 10:30:00-04:00,13.580499649047852,13.800000190734863,13.5,13.663000106811523,61154,0.0,0.0
2022-10-26 11:30:00-04:00,13.699999809265137,13.819999694824219,13.614999771118164,13.744999885559082,65956,0.0,0.0
2022-10-26 12:30:00-04:00,13.760000228881836,13.800000190734863,13.470000267028809,13.505000114440918,43143,0.0,0.0
2022-10-26 13:30:00-04:00,13.512700080871582,13.75,13.425000190734863,13.729999542236328,18411,0.0,0.0
2022-10-26 14:30:00-04:00,13.690999984741211,13.729999542236328,13.625,13.690799713134766,24004,0.0,0.0
2022-10-26 15:30:00-04:00,13.729999542236328,13.8100004196167,13.649999618530273,13.699999809265137,34926,0.0,0.0
2022-10-27 09:30:00-04:00,13.800000190734863,13.819999694824219,13.199999809265137,13.449999809265137,66835,0.0,0.0
2022-10-27 10:30:00-04:00,13.449999809265137,13.880000114440918,13.449999809265137,13.880000114440918,34546,0.0,0.0
2022-10-27 11:30:00-04:00,13.8100004196167,13.880000114440918,13.712699890136719,13.739999771118164,116853,0.0,0.0
2022-10-27 12:30:00-04:00,13.710000038146973,13.8100004196167,13.630000114440918,13.75,63440,0.0,0.0
2022-10-27 13:30:00-04:00,13.685799598693848,13.949999809265137,13.685799598693848,13.84000015258789,39073,0.0,0.0
2022-10-27 14:30:00-04:00,13.8100004196167,13.8100004196167,13.5,13.645000457763672,20649,0.0,0.0
2022-10-27 15:30:00-04:00,13.680000305175781,13.699999809265137,13.529999732971191,13.649999618530273,24015,0.0,0.0
2022-10-28 09:30:00-04:00,13.510000228881836,13.899999618530273,12.920000076293945,13.07699966430664,148423,0.0,0.0
2022-10-28 10:30:00-04:00,12.937399864196777,13.18120002746582,12.699999809265137,13.069999694824219,40277,0.0,0.0
2022-10-28 11:30:00-04:00,13.090200424194336,13.270000457763672,13.03279972076416,13.20009994506836,15188,0.0,0.0
2022-10-28 12:30:00-04:00,13.21310043334961,13.289999961853027,13.15999984741211,13.1899995803833,20015,0.0,0.0
2022-10-28 13:30:00-04:00,13.200400352478027,13.210000038146973,12.819999694824219,12.869999885559082,28835,0.0,0.0
2022-10-28 14:30:00-04:00,12.904999732971191,12.949999809265137,12.6899995803833,12.809399604797363,74468,0.0,0.0
2022-10-28 15:30:00-04:00,12.800100326538086,12.850000381469727,12.720000267028809,12.760000228881836,34581,0.0,0.0
2022-10-31 09:30:00-04:00,12.5,13.029999732971191,12.5,13.0,58424,0.0,0.0
2022-10-31 10:30:00-04:00,12.9399995803833,13.309900283813477,12.9399995803833,13.130000114440918,71496,0.0,0.0
2022-10-31 11:30:00-04:00,13.130000114440918,13.130000114440918,12.819100379943848,12.869999885559082,22081,0.0,0.0
2022-10-31 12:30:00-04:00,12.843899726867676,13.010000228881836,12.843899726867676,12.979999542236328,13025,0.0,0.0
2022-10-31 13:30:00-04:00,12.989999771118164,13.109999656677246,12.819999694824219,13.079999923706055,81220,0.0,0.0
2022-10-31 14:30:00-04:00,13.050000190734863,13.09000015258789,13.005000114440918,13.069999694824219,23921,0.0,0.0
2022-10-31 15:30:00-04:00,13.0600004196167,13.100000381469727,12.9399995803833,12.989999771118164,22550,0.0,0.0
2022-11-01 09:30:00-04:00,13.399999618530273,13.930000305175781,13.074999809265137,13.8100004196167,145954,0.0,0.0
2022-11-01 10:30:00-04:00,13.869999885559082,13.869999885559082,13.5,13.728799819946289,36016,0.0,0.0
2022-11-01 11:30:00-04:00,13.75,13.829999923706055,13.631500244140625,13.75,29807,0.0,0.0
2022-11-01 12:30:00-04:00,13.746299743652344,13.779999732971191,13.596699714660645,13.6850004196167,13058,0.0,0.0
2022-11-01 13:30:00-04:00,13.65999984741211,13.949999809265137,13.579999923706055,13.930000305175781,66427,0.0,0.0
2022-11-01 14:30:00-04:00,13.949999809265137,14.100000381469727,13.899999618530273,13.899999618530273,121802,0.0,0.0
2022-11-01 15:30:00-04:00,13.864999771118164,13.880000114440918,13.789999961853027,13.880000114440918,17928,0.0,0.0
2022-11-02 09:30:00-04:00,13.920000076293945,13.949999809265137,13.271300315856934,13.5,33374,0.0,0.0
2022-11-02 10:30:00-04:00,13.46500015258789,13.889800071716309,13.449999809265137,13.84000015258789,40053,0.0,0.0
2022-11-02 11:30:00-04:00,13.890000343322754,14.1899995803833,13.850000381469727,13.925000190734863,93224,0.0,0.0
2022-11-02 12:30:00-04:00,13.96500015258789,14.100000381469727,13.920100212097168,13.949999809265137,21060,0.0,0.0
2022-11-02 13:30:00-04:00,13.970000267028809,14.369999885559082,13.970000267028809,14.292200088500977,34178,0.0,0.0
2022-11-02 14:30:00-04:00,14.281599998474121,14.289999961853027,13.65999984741211,13.65999984741211,24461,0.0,0.0
2022-11-02 15:30:00-04:00,13.670000076293945,13.880000114440918,13.65999984741211,13.819999694824219,24017,0.0,0.0
2022-11-03 09:30:00-04:00,13.520000457763672,14.300000190734863,13.501999855041504,14.180000305175781,157506,0.0,0.0
2022-11-03 10:30:00-04:00,14.22700023651123,14.589900016784668,14.22700023651123,14.494999885559082,112481,0.0,0.0
2022-11-03 11:30:00-04:00,14.501700401306152,14.539999961853027,14.404999732971191,14.529999732971191,38049,0.0,0.0
2022-11-03 12:30:00-04:00,14.5,14.53849983215332,14.241999626159668,14.430000305175781,41387,0.0,0.0
2022-11-03 13:30:00-04:00,14.399999618530273,14.399999618530273,14.1899995803833,14.289999961853027,25987,0.0,0.0
2022-11-03 14:30:00-04:00,14.289999961853027,14.364999771118164,14.220000267028809,14.3100004196167,20403,0.0,0.0
2022-11-03 15:30:00-04:00,14.329999923706055,14.359999656677246,14.239999771118164,14.265000343322754,16944,0.0,0.0
2022-11-04 09:30:00-04:00,14.989999771118164,15.339900016784668,14.642600059509277,15.100000381469727,200923,0.0,0.0
2022-11-04 10:30:00-04:00,15.123200416564941,15.3100004196167,14.800000190734863,14.819999694824219,171929,0.0,0.0
2022-11-04 11:30:00-04:00,14.850000381469727,14.989999771118164,14.655400276184082,14.739999771118164,95859,0.0,0.0
2022-11-04 12:30:00-04:00,14.760000228881836,14.859999656677246,14.630000114440918,14.810999870300293,15056,0.0,0.0
2022-11-04 13:30:00-04:00,14.819999694824219,14.9399995803833,14.6899995803833,14.875,29239,0.0,0.0
2022-11-04 14:30:00-04:00,14.890000343322754,14.960000038146973,14.729999542236328,14.949999809265137,27867,0.0,0.0
2022-11-04 15:30:00-04:00,14.920000076293945,15.050000190734863,14.779999732971191,14.890000343322754,73819,0.0,0.0
2022-11-07 09:30:00-05:00,15.25,15.350000381469727,14.569999694824219,14.795000076293945,55827,0.0,0.0
2022-11-07 10:30:00-05:00,14.826199531555176,15.050000190734863,14.729999542236328,15.050000190734863,24213,0.0,0.0
2022-11-07 11:30:00-05:00,15.0600004196167,15.11989974975586,14.970999717712402,15.029999732971191,15703,0.0,0.0
2022-11-07 12:30:00-05:00,15.010000228881836,15.050000190734863,14.720000267028809,14.720000267028809,18445,0.0,0.0
2022-11-07 13:30:00-05:00,14.699999809265137,14.739999771118164,14.609999656677246,14.6899995803833,22543,0.0,0.0
2022-11-07 14:30:00-05:00,14.649999618530273,14.699899673461914,14.430000305175781,14.5,109095,0.0,0.0
2022-11-07 15:30:00-05:00,14.449999809265137,14.5,14.239999771118164,14.260000228881836,79496,0.0,0.0
2022-11-08 09:30:00-05:00,14.260000228881836,14.5,13.9399995803833,14.050000190734863,61650,0.0,0.0
2022-11-08 10:30:00-05:00,14.119999885559082,14.469900131225586,14.119999885559082,14.220000267028809,29485,0.0,0.0
2022-11-08 11:30:00-05:00,14.194999694824219,14.260000228881836,14.039999961853027,14.100000381469727,25579,0.0,0.0
2022-11-08 12:30:00-05:00,14.074999809265137,14.170000076293945,13.8100004196167,13.8100004196167,17261,0.0,0.0
2022-11-08 13:30:00-05:00,13.84000015258789,13.9399995803833,13.74899959564209,13.74899959564209,28711,0.0,0.0
2022-11-08 14:30:00-05:00,13.779999732971191,14.09000015258789,13.770000457763672,14.079999923706055,37584,0.0,0.0
2022-11-08 15:30:00-05:00,14.109999656677246,14.140000343322754,13.989999771118164,14.029999732971191,23612,0.0,0.0
2022-11-09 09:30:00-05:00,13.630000114440918,13.920000076293945,13.59000015258789,13.8100004196167,39908,0.0,0.0
2022-11-09 10:30:00-05:00,13.59000015258789,13.609999656677246,13.279999732971191,13.40999984741211,28404,0.0,0.0
2022-11-09 11:30:00-05:00,13.293999671936035,13.50469970703125,13.293999671936035,13.350000381469727,22367,0.0,0.0
2022-11-09 12:30:00-05:00,13.369999885559082,13.388500213623047,13.010000228881836,13.010000228881836,42881,0.0,0.0
2022-11-09 13:30:00-05:00,13.0,13.0,12.829999923706055,12.850000381469727,50893,0.0,0.0
2022-11-09 14:30:00-05:00,12.800000190734863,12.84000015258789,12.630000114440918,12.779999732971191,35508,0.0,0.0
2022-11-09 15:30:00-05:00,12.710000038146973,12.760000228881836,12.6899995803833,12.720000267028809,32203,0.0,0.0
2022-11-10 09:30:00-05:00,13.479999542236328,13.789999961853027,13.260000228881836,13.374899864196777,70143,0.0,0.0
2022-11-10 10:30:00-05:00,13.377300262451172,13.8100004196167,13.270299911499023,13.579999923706055,103129,0.0,0.0
2022-11-10 11:30:00-05:00,13.619999885559082,13.850000381469727,13.579999923706055,13.779999732971191,43120,0.0,0.0
2022-11-10 12:30:00-05:00,13.800000190734863,13.920000076293945,13.6899995803833,13.920000076293945,28912,0.0,0.0
2022-11-10 13:30:00-05:00,13.9399995803833,14.029999732971191,13.850000381469727,13.859999656677246,20149,0.0,0.0
2022-11-10 14:30:00-05:00,13.870100021362305,14.029999732971191,13.760000228881836,14.029999732971191,18464,0.0,0.0
2022-11-10 15:30:00-05:00,14.0,14.0600004196167,13.949999809265137,14.029999732971191,41403,0.0,0.0
2022-11-11 09:30:00-05:00,14.359999656677246,14.729999542236328,14.289999961853027,14.6899995803833,60213,0.0,0.0
2022-11-11 10:30:00-05:00,14.6899995803833,14.75,14.281000137329102,14.34000015258789,31877,0.0,0.0
2022-11-11 11:30:00-05:00,14.289999961853027,14.329999923706055,14.130000114440918,14.324999809265137,16543,0.0,0.0
2022-11-11 12:30:00-05:00,14.29010009765625,14.5,14.270000457763672,14.489999771118164,20196,0.0,0.0
2022-11-11 13:30:00-05:00,14.479999542236328,14.479999542236328,14.370100021362305,14.460000038146973,14555,0.0,0.0
2022-11-11 14:30:00-05:00,14.449999809265137,14.489999771118164,14.350000381469727,14.489999771118164,30368,0.0,0.0
2022-11-11 15:30:00-05:00,14.46500015258789,14.550000190734863,14.420000076293945,14.479999542236328,19244,0.0,0.0
2022-11-14 09:30:00-05:00,14.5600004196167,14.569999694824219,14.0,14.180000305175781,107326,0.0,0.0
2022-11-14 10:30:00-05:00,14.270000457763672,14.3100004196167,13.979999542236328,14.089900016784668,34012,0.0,0.0
2022-11-14 11:30:00-05:00,14.0600004196167,14.0600004196167,13.59000015258789,13.649999618530273,58329,0.0,0.0
2022-11-14 12:30:00-05:00,13.640999794006348,13.694999694824219,13.510000228881836,13.595000267028809,24306,0.0,0.0
2022-11-14 13:30:00-05:00,13.579999923706055,13.755000114440918,13.579999923706055,13.59000015258789,13353,0.0,0.0
2022-11-14 14:30:00-05:00,13.635000228881836,13.635000228881836,13.356200218200684,13.414999961853027,36573,0.0,0.0
2022-11-14 15:30:00-05:00,13.430000305175781,13.640000343322754,13.390000343322754,13.640000343322754,131224,0.0,0.0
2022-11-15 09:30:00-05:00,13.850000381469727,14.199999809265137,13.630000114440918,14.010000228881836,108494,0.0,0.0
2022-11-15 10:30:00-05:00,14.010000228881836,14.045000076293945,13.760000228881836,14.039999961853027,73901,0.0,0.0
2022-11-15 11:30:00-05:00,14.039999961853027,14.199999809265137,13.919599533081055,14.029999732971191,69068,0.0,0.0
2022-11-15 12:30:00-05:00,14.069999694824219,14.289999961853027,14.029999732971191,14.220000267028809,73768,0.0,0.0
2022-11-15 13:30:00-05:00,14.249899864196777,14.369999885559082,14.0600004196167,14.0600004196167,121910,0.0,0.0
2022-11-15 14:30:00-05:00,14.020000457763672,14.140000343322754,14.010000228881836,14.095000267028809,17499,0.0,0.0
2022-11-15 15:30:00-05:00,14.074999809265137,14.220000267028809,14.039999961853027,14.220000267028809,64567,0.0,0.0
2022-11-16 09:30:00-05:00,14.0,14.100000381469727,13.670100212097168,13.890600204467773,74817,0.0,0.0
2022-11-16 10:30:00-05:00,13.920000076293945,14.024999618530273,13.680000305175781,13.6899995803833,27587,0.0,0.0
2022-11-16 11:30:00-05:00,13.789999961853027,13.84000015258789,13.65999984741211,13.670000076293945,16502,0.0,0.0
2022-11-16 12:30:00-05:00,13.718799591064453,13.829999923706055,13.595199584960938,13.595199584960938,29242,0.0,0.0
2022-11-16 13:30:00-05:00,13.556300163269043,13.739999771118164,13.510000228881836,13.600000381469727,16317,0.0,0.0
2022-11-16 14:30:00-05:00,13.649999618530273,13.739899635314941,13.600000381469727,13.635000228881836,40460,0.0,0.0
2022-11-16 15:30:00-05:00,13.600099563598633,13.739999771118164,13.600000381469727,13.729999542236328,56319,0.0,0.0
2022-11-17 09:30:00-05:00,13.600000381469727,13.65999984741211,13.300000190734863,13.48009967803955,108578,0.0,0.0
2022-11-17 10:30:00-05:00,13.520000457763672,13.600000381469727,13.220000267028809,13.2391996383667,20365,0.0,0.0
2022-11-17 11:30:00-05:00,13.220000267028809,13.349900245666504,13.199999809265137,13.25,15391,0.0,0.0
2022-11-17 12:30:00-05:00,13.259900093078613,13.699999809265137,13.259900093078613,13.664999961853027,45751,0.0,0.0
2022-11-17 13:30:00-05:00,13.649999618530273,13.649999618530273,13.510000228881836,13.545000076293945,18484,0.0,0.0
2022-11-17 14:30:00-05:00,13.520000457763672,13.626899719238281,13.489999771118164,13.569999694824219,14713,0.0,0.0
2022-11-17 15:30:00-05:00,13.569999694824219,13.800000190734863,13.569999694824219,13.795000076293945,20411,0.0,0.0
2022-11-18 09:30:00-05:00,13.449999809265137,13.600000381469727,12.850000381469727,13.029999732971191,119831,0.0,0.0
2022-11-18 10:30:00-05:00,13.0,13.270000457763672,12.960000038146973,13.170000076293945,44847,0.0,0.0
2022-11-18 11:30:00-05:00,13.213800430297852,13.262700080871582,13.030099868774414,13.079999923706055,18888,0.0,0.0
2022-11-18 12:30:00-05:00,13.100000381469727,13.279999732971191,12.989999771118164,13.210000038146973,22616,0.0,0.0
2022-11-18 13:30:00-05:00,13.210000038146973,13.430000305175781,13.152799606323242,13.420999526977539,68474,0.0,0.0
2022-11-18 14:30:00-05:00,13.46500015258789,13.550000190734863,13.378600120544434,13.470000267028809,31754,0.0,0.0
2022-11-18 15:30:00-05:00,13.449999809265137,13.5600004196167,13.40999984741211,13.40999984741211,77138,0.0,0.0
2022-11-21 09:30:00-05:00,13.25,13.25,12.0,12.34160041809082,221069,0.0,0.0
2022-11-21 10:30:00-05:00,12.312399864196777,12.449999809265137,12.25,12.409799575805664,51678,0.0,0.0
2022-11-21 11:30:00-05:00,12.359999656677246,12.845000267028809,12.279999732971191,12.770000457763672,42284,0.0,0.0
2022-11-21 12:30:00-05:00,12.815500259399414,13.055000305175781,12.797300338745117,13.024999618530273,27549,0.0,0.0
2022-11-21 13:30:00-05:00,13.02910041809082,13.055000305175781,12.925000190734863,12.949999809265137,20595,0.0,0.0
2022-11-21 14:30:00-05:00,12.9350004196167,13.3100004196167,12.9350004196167,13.020000457763672,50434,0.0,0.0
2022-11-21 15:30:00-05:00,13.08329963684082,13.25,13.03499984741211,13.229999542236328,23602,0.0,0.0
2022-11-22 09:30:00-05:00,13.25,13.989999771118164,13.100000381469727,13.609999656677246,87463,0.0,0.0
2022-11-22 10:30:00-05:00,13.630000114440918,13.729999542236328,13.592700004577637,13.640000343322754,26818,0.0,0.0
2022-11-22 11:30:00-05:00,13.628700256347656,13.75,13.580100059509277,13.721699714660645,31978,0.0,0.0
2022-11-22 12:30:00-05:00,13.699999809265137,13.720000267028809,13.650400161743164,13.670999526977539,4905,0.0,0.0
2022-11-22 13:30:00-05:00,13.670000076293945,13.670000076293945,13.569999694824219,13.569999694824219,15348,0.0,0.0
2022-11-22 14:30:00-05:00,13.51509952545166,13.600000381469727,13.420000076293945,13.579999923706055,19739,0.0,0.0
2022-11-22 15:30:00-05:00,13.600000381469727,13.65999984741211,13.53499984741211,13.65999984741211,30701,0.0,0.0
2022-11-23 09:30:00-05:00,13.579999923706055,13.758000373840332,13.3100004196167,13.558500289916992,48965,0.0,0.0
2022-11-23 10:30:00-05:00,13.430000305175781,13.430000305175781,13.039999961853027,13.15999984741211,54360,0.0,0.0
2022-11-23 11:30:00-05:00,13.15999984741211,13.15999984741211,12.96500015258789,13.100000381469727,39029,0.0,0.0
2022-11-23 12:30:00-05:00,13.0649995803833,13.279999732971191,13.0649995803833,13.212699890136719,26259,0.0,0.0
2022-11-23 13:30:00-05:00,13.229999542236328,13.34000015258789,13.140000343322754,13.300000190734863,18265,0.0,0.0
2022-11-23 14:30:00-05:00,13.265000343322754,13.279999732971191,13.199999809265137,13.210000038146973,8116,0.0,0.0
2022-11-23 15:30:00-05:00,13.1899995803833,13.300000190734863,13.140000343322754,13.270000457763672,29873,0.0,0.0
2022-11-25 09:30:00-05:00,13.289999961853027,13.480999946594238,13.170000076293945,13.480999946594238,17828,0.0,0.0
2022-11-25 10:30:00-05:00,13.404999732971191,13.579999923706055,13.404999732971191,13.489999771118164,13255,0.0,0.0
2022-11-25 11:30:00-05:00,13.5,13.569999694824219,13.478099822998047,13.505000114440918,11572,0.0,0.0
2022-11-28 09:30:00-05:00,13.0,13.15999984741211,12.670000076293945,12.984999656677246,85999,0.0,0.0
2022-11-28 10:30:00-05:00,13.002300262451172,13.11989974975586,12.90999984741211,12.9399995803833,23886,0.0,0.0
2022-11-28 11:30:00-05:00,12.974499702453613,13.15999984741211,12.920000076293945,13.050000190734863,23166,0.0,0.0
2022-11-28 12:30:00-05:00,13.039999961853027,13.0600004196167,12.829999923706055,12.9399995803833,77941,0.0,0.0
2022-11-28 13:30:00-05:00,12.920000076293945,13.0,12.75,12.979999542236328,104746,0.0,0.0
2022-11-28 14:30:00-05:00,12.960000038146973,12.979999542236328,12.710000038146973,12.755000114440918,35889,0.0,0.0
2022-11-28 15:30:00-05:00,12.774999618530273,12.859999656677246,12.760499954223633,12.84000015258789,47078,0.0,0.0
2022-11-29 09:30:00-05:00,12.930000305175781,13.34000015258789,12.930000305175781,13.10260009765625,26484,0.0,0.0
2022-11-29 10:30:00-05:00,13.199999809265137,13.4399995803833,12.90999984741211,13.109999656677246,126911,0.0,0.0
2022-11-29 11:30:00-05:00,13.030099868774414,13.239999771118164,12.979999542236328,13.100000381469727,55918,0.0,0.0
2022-11-29 12:30:00-05:00,13.114999771118164,13.254500389099121,13.100000381469727,13.25,13507,0.0,0.0
2022-11-29 13:30:00-05:00,13.253199577331543,13.29990005493164,13.109999656677246,13.109999656677246,8296,0.0,0.0
2022-11-29 14:30:00-05:00,13.069999694824219,13.279999732971191,13.050000190734863,13.211700439453125,10259,0.0,0.0
2022-11-29 15:30:00-05:00,13.199999809265137,13.25,13.119999885559082,13.210000038146973,23884,0.0,0.0
2022-11-30 09:30:00-05:00,13.25,13.779999732971191,13.25,13.662699699401855,140827,0.0,0.0
2022-11-30 10:30:00-05:00,13.611700057983398,13.859999656677246,13.611700057983398,13.84000015258789,34411,0.0,0.0
2022-11-30 11:30:00-05:00,13.875,13.949999809265137,13.75,13.828399658203125,36331,0.0,0.0
2022-11-30 12:30:00-05:00,13.814900398254395,13.848799705505371,13.734700202941895,13.734700202941895,8500,0.0,0.0
2022-11-30 13:30:00-05:00,13.800000190734863,14.013699531555176,13.729999542236328,13.859999656677246,96658,0.0,0.0
2022-11-30 14:30:00-05:00,13.801400184631348,13.801400184631348,13.545000076293945,13.619999885559082,13107,0.0,0.0
2022-11-30 15:30:00-05:00,13.630000114440918,13.710000038146973,13.569999694824219,13.699999809265137,15517,0.0,0.0
2022-12-01 09:30:00-05:00,14.0,14.359999656677246,13.859999656677246,14.170000076293945,129441,0.0,0.0
2022-12-01 10:30:00-05:00,14.11050033569336,14.260000228881836,13.95009994506836,14.100000381469727,41526,0.0,0.0
2022-12-01 11:30:00-05:00,14.039999961853027,14.039999961853027,13.850000381469727,13.881199836730957,36081,0.0,0.0
2022-12-01 12:30:00-05:00,13.899999618530273,14.010000228881836,13.899999618530273,13.949999809265137,11162,0.0,0.0
2022-12-01 13:30:00-05:00,13.984999656677246,14.000300407409668,13.5,13.829999923706055,127214,0.0,0.0
2022-12-01 14:30:00-05:00,13.835000038146973,13.979999542236328,13.744999885559082,13.84000015258789,84917,0.0,0.0
2022-12-01 15:30:00-05:00,13.850000381469727,13.859999656677246,13.630000114440918,13.729900360107422,64590,0.0,0.0
2022-12-02 09:30:00-05:00,13.619999885559082,14.039999961853027,13.619999885559082,13.886799812316895,35575,0.0,0.0
2022-12-02 10:30:00-05:00,13.869999885559082,14.149999618530273,13.729999542236328,13.869999885559082,157815,0.0,0.0
2022-12-02 11:30:00-05:00,13.925999641418457,14.034600257873535,13.890000343322754,13.890000343322754,6950,0.0,0.0
2022-12-02 12:30:00-05:00,13.875,13.875,13.619999885559082,13.779999732971191,17836,0.0,0.0
2022-12-02 13:30:00-05:00,13.696000099182129,13.779999732971191,13.59000015258789,13.630000114440918,11809,0.0,0.0
2022-12-02 14:30:00-05:00,13.662500381469727,13.729999542236328,13.609999656677246,13.680000305175781,10494,0.0,0.0
2022-12-02 15:30:00-05:00,13.675000190734863,13.699999809265137,13.600000381469727,13.699999809265137,11127,0.0,0.0
2022-12-05 09:30:00-05:00,14.010000228881836,14.239999771118164,13.930000305175781,13.949999809265137,110452,0.0,0.0
2022-12-05 10:30:00-05:00,13.970000267028809,14.010000228881836,13.75,13.859999656677246,48154,0.0,0.0
2022-12-05 11:30:00-05:00,13.824999809265137,13.921699523925781,13.640000343322754,13.640000343322754,15723,0.0,0.0
2022-12-05 12:30:00-05:00,13.640000343322754,13.729999542236328,13.520000457763672,13.645000457763672,23480,0.0,0.0
2022-12-05 13:30:00-05:00,13.648599624633789,13.680500030517578,13.3100004196167,13.324999809265137,40137,0.0,0.0
2022-12-05 14:30:00-05:00,13.319999694824219,13.399999618530273,13.210000038146973,13.350000381469727,19045,0.0,0.0
2022-12-05 15:30:00-05:00,13.350000381469727,13.40999984741211,13.319999694824219,13.380000114440918,32461,0.0,0.0
2022-12-06 09:30:00-05:00,13.149999618530273,13.5,12.949999809265137,13.0,72831,0.0,0.0
2022-12-06 10:30:00-05:00,12.949999809265137,13.055000305175781,12.800000190734863,12.899999618530273,58629,0.0,0.0
2022-12-06 11:30:00-05:00,12.869999885559082,12.914999961853027,12.710000038146973,12.741700172424316,45008,0.0,0.0
2022-12-06 12:30:00-05:00,12.729999542236328,12.800000190734863,12.635000228881836,12.6899995803833,49925,0.0,0.0
2022-12-06 13:30:00-05:00,12.660099983215332,12.90999984741211,12.649999618530273,12.861499786376953,26313,0.0,0.0
2022-12-06 14:30:00-05:00,12.869999885559082,12.880000114440918,12.720000267028809,12.760000228881836,70275,0.0,0.0
2022-12-06 15:30:00-05:00,12.797200202941895,12.890000343322754,12.770899772644043,12.890000343322754,17261,0.0,0.0
2022-12-07 09:30:00-05:00,12.890000343322754,13.09000015258789,12.800000190734863,12.979999542236328,22606,0.0,0.0
2022-12-07 10:30:00-05:00,12.979999542236328,13.069899559020996,12.460000038146973,12.539999961853027,57727,0.0,0.0
2022-12-07 11:30:00-05:00,12.582799911499023,12.721699714660645,12.510000228881836,12.718500137329102,10433,0.0,0.0
2022-12-07 12:30:00-05:00,12.71049976348877,12.720000267028809,12.5600004196167,12.70199966430664,9841,0.0,0.0
2022-12-07 13:30:00-05:00,12.65429973602295,12.698399543762207,12.460000038146973,12.592599868774414,8378,0.0,0.0
2022-12-07 14:30:00-05:00,12.630000114440918,12.744999885559082,12.609999656677246,12.609999656677246,12404,0.0,0.0
2022-12-07 15:30:00-05:00,12.600000381469727,12.640000343322754,12.520000457763672,12.569999694824219,20285,0.0,0.0
2022-12-08 09:30:00-05:00,12.880000114440918,13.199899673461914,12.726499557495117,12.726499557495117,22373,0.0,0.0
2022-12-08 10:30:00-05:00,12.699999809265137,12.780099868774414,12.520000457763672,12.6899995803833,18749,0.0,0.0
2022-12-08 11:30:00-05:00,12.680000305175781,12.82800006866455,12.520299911499023,12.720000267028809,20462,0.0,0.0
2022-12-08 12:30:00-05:00,12.710000038146973,12.75,12.670000076293945,12.720000267028809,10930,0.0,0.0
2022-12-08 13:30:00-05:00,12.706199645996094,12.706199645996094,12.5600004196167,12.5600004196167,8407,0.0,0.0
2022-12-08 14:30:00-05:00,12.5600004196167,12.59000015258789,12.256600379943848,12.289999961853027,36455,0.0,0.0
2022-12-08 15:30:00-05:00,12.300000190734863,12.380000114440918,12.25,12.350000381469727,54793,0.0,0.0
2022-12-09 09:30:00-05:00,12.420000076293945,12.420000076293945,11.890000343322754,11.94909954071045,108424,0.0,0.0
2022-12-09 10:30:00-05:00,11.930000305175781,12.050000190734863,11.899999618530273,12.029999732971191,28796,0.0,0.0
2022-12-09 11:30:00-05:00,11.989999771118164,12.038599967956543,11.770000457763672,11.829999923706055,38646,0.0,0.0
2022-12-09 12:30:00-05:00,11.854999542236328,11.854999542236328,11.619999885559082,11.699999809265137,68831,0.0,0.0
2022-12-09 13:30:00-05:00,11.6899995803833,11.760000228881836,11.600000381469727,11.706299781799316,36316,0.0,0.0
2022-12-09 14:30:00-05:00,11.744999885559082,11.85990047454834,11.739999771118164,11.770000457763672,20527,0.0,0.0
2022-12-09 15:30:00-05:00,11.779999732971191,11.794500350952148,11.63010025024414,11.649999618530273,40061,0.0,0.0
2022-12-12 09:30:00-05:00,11.800000190734863,11.824999809265137,11.244999885559082,11.335000038146973,215045,0.0,0.0
2022-12-12 10:30:00-05:00,11.369999885559082,11.5,11.069999694824219,11.229999542236328,126894,0.0,0.0
2022-12-12 11:30:00-05:00,11.244999885559082,11.259900093078613,11.069999694824219,11.119999885559082,54499,0.0,0.0
2022-12-12 12:30:00-05:00,11.09000015258789,11.140000343322754,10.920000076293945,10.925000190734863,58231,0.0,0.0
2022-12-12 13:30:00-05:00,10.9399995803833,11.059900283813477,10.9399995803833,11.030400276184082,12403,0.0,0.0
2022-12-12 14:30:00-05:00,11.029999732971191,11.210000038146973,11.0,11.210000038146973,41177,0.0,0.0
2022-12-12 15:30:00-05:00,11.210000038146973,11.25,11.170000076293945,11.180000305175781,16678,0.0,0.0
2022-12-13 09:30:00-05:00,11.930000305175781,11.930000305175781,11.380000114440918,11.479900360107422,63651,0.0,0.0
2022-12-13 10:30:00-05:00,11.48960018157959,11.569999694824219,11.327500343322754,11.545000076293945,28186,0.0,0.0
2022-12-13 11:30:00-05:00,11.539999961853027,11.699999809265137,11.449999809265137,11.489999771118164,50022,0.0,0.0
2022-12-13 12:30:00-05:00,11.489999771118164,11.585000038146973,11.40999984741211,11.585000038146973,13992,0.0,0.0
2022-12-13 13:30:00-05:00,11.585000038146973,11.609999656677246,11.5,11.579899787902832,13353,0.0,0.0
2022-12-13 14:30:00-05:00,11.576499938964844,11.680000305175781,11.520000457763672,11.675000190734863,19443,0.0,0.0
2022-12-13 15:30:00-05:00,11.630900382995605,11.720000267028809,11.59000015258789,11.609999656677246,38074,0.0,0.0
2022-12-14 09:30:00-05:00,11.75,12.149999618530273,11.710000038146973,11.725500106811523,69604,0.0,0.0
2022-12-14 10:30:00-05:00,11.731300354003906,12.029999732971191,11.600000381469727,11.930000305175781,40597,0.0,0.0
2022-12-14 11:30:00-05:00,11.90999984741211,11.989999771118164,11.811200141906738,11.960000038146973,35985,0.0,0.0
2022-12-14 12:30:00-05:00,11.970000267028809,11.979999542236328,11.899999618530273,11.920000076293945,23284,0.0,0.0
2022-12-14 13:30:00-05:00,11.920000076293945,11.979999542236328,11.739999771118164,11.893799781799316,19486,0.0,0.0
2022-12-14 14:30:00-05:00,11.885000228881836,12.0600004196167,11.789999961853027,11.920000076293945,42163,0.0,0.0
2022-12-14 15:30:00-05:00,11.890000343322754,11.960000038146973,11.829999923706055,11.899999618530273,20322,0.0,0.0
2022-12-15 09:30:00-05:00,11.699999809265137,11.980899810791016,11.520000457763672,11.569999694824219,41988,0.0,0.0
2022-12-15 10:30:00-05:00,11.595000267028809,11.630000114440918,11.369999885559082,11.380000114440918,24837,0.0,0.0
2022-12-15 11:30:00-05:00,11.380000114440918,11.569999694824219,11.329999923706055,11.520000457763672,19617,0.0,0.0
2022-12-15 12:30:00-05:00,11.565999984741211,11.565999984741211,11.449999809265137,11.460000038146973,10732,0.0,0.0
2022-12-15 13:30:00-05:00,11.470100402832031,11.520000457763672,11.470000267028809,11.479999542236328,6836,0.0,0.0
2022-12-15 14:30:00-05:00,11.494999885559082,11.529999732971191,11.449999809265137,11.5,11913,0.0,0.0
2022-12-15 15:30:00-05:00,11.510000228881836,11.524999618530273,11.449999809265137,11.489999771118164,15986,0.0,0.0
2022-12-16 09:30:00-05:00,11.300000190734863,11.380000114440918,11.069999694824219,11.170000076293945,64526,0.0,0.0
2022-12-16 10:30:00-05:00,11.259900093078613,11.300000190734863,11.154899597167969,11.229999542236328,15854,0.0,0.0
2022-12-16 11:30:00-05:00,11.270000457763672,11.399999618530273,11.199999809265137,11.300000190734863,19854,0.0,0.0
2022-12-16 12:30:00-05:00,11.326600074768066,11.326600074768066,11.1899995803833,11.199999809265137,9767,0.0,0.0
2022-12-16 13:30:00-05:00,11.239999771118164,11.289999961853027,11.234999656677246,11.260000228881836,2383,0.0,0.0
2022-12-16 14:30:00-05:00,11.300000190734863,11.3100004196167,11.199999809265137,11.3100004196167,14681,0.0,0.0
2022-12-16 15:30:00-05:00,11.35830020904541,11.4399995803833,11.329999923706055,11.399999618530273,18268,0.0,0.0
2022-12-19 09:30:00-05:00,11.329999923706055,11.5,11.14009952545166,11.45259952545166,37985,0.0,0.0
2022-12-19 10:30:00-05:00,11.460000038146973,11.460000038146973,11.160099983215332,11.40999984741211,21870,0.0,0.0
2022-12-19 11:30:00-05:00,11.40999984741211,11.40999984741211,11.15999984741211,11.210000038146973,11303,0.0,0.0
2022-12-19 12:30:00-05:00,11.259900093078613,11.259900093078613,11.170000076293945,11.210000038146973,11098,0.0,0.0
2022-12-19 13:30:00-05:00,11.21500015258789,11.21500015258789,11.050000190734863,11.0600004196167,19766,0.0,0.0
2022-12-19 14:30:00-05:00,11.050000190734863,11.085399627685547,10.98009967803955,10.985600471496582,42628,0.0,0.0
2022-12-19 15:30:00-05:00,10.984999656677246,11.0600004196167,10.984999656677246,11.020000457763672,15316,0.0,0.0
2022-12-20 09:30:00-05:00,11.0,11.399999618530273,11.0,11.345000267028809,34276,0.0,0.0
2022-12-20 10:30:00-05:00,11.338299751281738,11.390000343322754,11.100000381469727,11.100000381469727,27315,0.0,0.0
2022-12-20 11:30:00-05:00,11.079999923706055,11.149999618530273,11.010000228881836,11.069999694824219,20261,0.0,0.0
2022-12-20 12:30:00-05:00,11.050000190734863,11.128800392150879,10.970000267028809,11.0600004196167,32820,0.0,0.0
2022-12-20 13:30:00-05:00,11.119999885559082,11.199999809265137,11.074999809265137,11.104999542236328,16064,0.0,0.0
2022-12-20 14:30:00-05:00,11.0600004196167,11.15999984741211,11.039999961853027,11.15999984741211,12120,0.0,0.0
2022-12-20 15:30:00-05:00,11.119999885559082,11.25,11.119999885559082,11.15999984741211,39510,0.0,0.0
2022-12-21 09:30:00-05:00,11.430000305175781,11.470000267028809,11.210000038146973,11.399999618530273,32566,0.0,0.0
2022-12-21 10:30:00-05:00,11.399999618530273,11.619999885559082,11.32129955291748,11.32129955291748,80981,0.0,0.0
2022-12-21 11:30:00-05:00,11.385000228881836,11.460000038146973,11.367899894714355,11.40999984741211,29316,0.0,0.0
2022-12-21 12:30:00-05:00,11.40999984741211,11.489999771118164,11.399999618530273,11.407999992370605,18507,0.0,0.0
2022-12-21 13:30:00-05:00,11.399999618530273,11.460000038146973,11.380000114440918,11.444999694824219,13666,0.0,0.0
2022-12-21 14:30:00-05:00,11.449999809265137,11.5600004196167,11.449999809265137,11.545000076293945,21710,0.0,0.0
2022-12-21 15:30:00-05:00,11.550000190734863,11.550999641418457,11.479999542236328,11.550000190734863,25282,0.0,0.0
2022-12-22 09:30:00-05:00,11.550000190734863,11.550000190734863,11.039999961853027,11.149399757385254,48748,0.0,0.0
2022-12-22 10:30:00-05:00,11.201700210571289,11.201700210571289,11.020000457763672,11.050000190734863,14129,0.0,0.0
2022-12-22 11:30:00-05:00,11.095000267028809,11.139900207519531,11.020000457763672,11.055000305175781,20296,0.0,0.0
2022-12-22 12:30:00-05:00,11.02970027923584,11.02970027923584,10.880000114440918,10.934700012207031,50823,0.0,0.0
2022-12-22 13:30:00-05:00,10.941200256347656,11.0,10.90999984741211,11.0,17958,0.0,0.0
2022-12-22 14:30:00-05:00,11.010000228881836,11.170000076293945,11.010000228881836,11.170000076293945,9728,0.0,0.0
2022-12-22 15:30:00-05:00,11.125,11.130000114440918,11.039999961853027,11.09000015258789,10874,0.0,0.0
2022-12-23 09:30:00-05:00,11.09000015258789,11.420000076293945,11.069999694824219,11.340100288391113,37904,0.0,0.0
2022-12-23 10:30:00-05:00,11.449999809265137,11.454999923706055,11.229999542236328,11.239999771118164,13822,0.0,0.0
2022-12-23 11:30:00-05:00,11.210000038146973,11.50730037689209,11.210000038146973,11.50730037689209,53855,0.0,0.0
2022-12-23 12:30:00-05:00,11.479999542236328,11.5600004196167,11.404999732971191,11.52180004119873,37623,0.0,0.0
2022-12-23 13:30:00-05:00,11.539999961853027,11.899999618530273,11.521100044250488,11.8100004196167,106984,0.0,0.0
2022-12-23 14:30:00-05:00,11.8100004196167,12.1899995803833,11.800000190734863,12.050000190734863,71027,0.0,0.0
2022-12-23 15:30:00-05:00,12.050000190734863,12.199999809265137,12.050000190734863,12.109999656677246,95433,0.0,0.0
2022-12-27 09:30:00-05:00,12.25,12.489999771118164,11.899999618530273,12.399999618530273,127290,0.0,0.0
2022-12-27 10:30:00-05:00,12.449999809265137,12.449999809265137,12.244999885559082,12.399999618530273,41016,0.0,0.0
2022-12-27 11:30:00-05:00,12.4350004196167,12.6899995803833,12.4350004196167,12.586000442504883,71448,0.0,0.0
2022-12-27 12:30:00-05:00,12.65999984741211,12.6899995803833,12.4399995803833,12.600000381469727,36165,0.0,0.0
2022-12-27 13:30:00-05:00,12.5649995803833,12.699999809265137,12.550000190734863,12.569999694824219,54524,0.0,0.0
2022-12-27 14:30:00-05:00,12.550100326538086,12.760000228881836,12.550000190734863,12.755000114440918,69697,0.0,0.0
2022-12-27 15:30:00-05:00,12.760000228881836,12.930000305175781,12.742400169372559,12.880000114440918,60199,0.0,0.0
2022-12-28 09:30:00-05:00,12.850000381469727,12.850000381469727,11.869999885559082,12.010000228881836,151988,0.0,0.0
2022-12-28 10:30:00-05:00,12.020000457763672,12.099900245666504,11.890000343322754,12.0,29522,0.0,0.0
2022-12-28 11:30:00-05:00,11.970000267028809,12.10990047454834,11.850000381469727,11.930299758911133,34907,0.0,0.0
2022-12-28 12:30:00-05:00,11.90999984741211,12.164400100708008,11.899999618530273,12.126700401306152,56593,0.0,0.0
2022-12-28 13:30:00-05:00,12.119999885559082,12.180000305175781,12.069999694824219,12.119999885559082,55556,0.0,0.0
2022-12-28 14:30:00-05:00,12.140000343322754,12.350000381469727,11.98009967803955,12.050000190734863,57473,0.0,0.0
2022-12-28 15:30:00-05:00,12.039999961853027,12.220000267028809,12.039999961853027,12.220000267028809,39230,0.0,0.0
2022-12-29 09:30:00-05:00,12.210000038146973,12.525799751281738,12.149999618530273,12.489899635314941,67604,0.0,0.0
2022-12-29 10:30:00-05:00,12.489999771118164,12.539999961853027,12.149999618530273,12.369999885559082,121181,0.0,0.0
2022-12-29 11:30:00-05:00,12.347599983215332,12.5,12.1850004196167,12.329999923706055,42981,0.0,0.0
2022-12-29 12:30:00-05:00,12.279999732971191,12.419500350952148,12.180999755859375,12.210000038146973,36905,0.0,0.0
2022-12-29 13:30:00-05:00,12.1899995803833,12.269399642944336,12.140000343322754,12.225500106811523,24328,0.0,0.0
2022-12-29 14:30:00-05:00,12.170000076293945,12.270000457763672,12.119999885559082,12.149999618530273,23958,0.0,0.0
2022-12-29 15:30:00-05:00,12.15999984741211,12.199999809265137,12.119999885559082,12.199999809265137,28980,0.0,0.0
2022-12-30 09:30:00-05:00,12.170000076293945,12.25,12.010000228881836,12.121000289916992,32739,0.0,0.0
2022-12-30 10:30:00-05:00,12.050000190734863,12.104999542236328,11.920100212097168,11.920100212097168,63163,0.0,0.0
2022-12-30 11:30:00-05:00,11.920100212097168,12.020000457763672,11.819999694824219,11.994999885559082,31832,0.0,0.0
2022-12-30 12:30:00-05:00,11.979999542236328,12.029999732971191,11.65999984741211,11.670000076293945,47556,0.0,0.0
2022-12-30 13:30:00-05:00,11.673999786376953,11.75,11.539999961853027,11.699999809265137,41622,0.0,0.0
2022-12-30 14:30:00-05:00,11.6899995803833,11.920000076293945,11.600000381469727,11.600000381469727,108661,0.0,0.0
2022-12-30 15:30:00-05:00,11.569999694824219,11.739999771118164,11.5600004196167,11.65999984741211,66754,0.0,0.0
2023-01-03 09:30:00-05:00,11.800000190734863,11.800000190734863,11.3100004196167,11.380000114440918,110486,0.0,0.0
2023-01-03 10:30:00-05:00,11.354999542236328,11.4399995803833,11.15999984741211,11.201600074768066,55892,0.0,0.0
2023-01-03 11:30:00-05:00,11.202300071716309,11.32129955291748,11.15999984741211,11.239999771118164,15450,0.0,0.0
2023-01-03 12:30:00-05:00,11.260000228881836,11.260000228881836,11.0600004196167,11.119999885559082,40435,0.0,0.0
2023-01-03 13:30:00-05:00,11.079999923706055,11.149999618530273,10.880000114440918,11.0,71010,0.0,0.0
2023-01-03 14:30:00-05:00,10.960000038146973,11.149999618530273,10.960000038146973,11.1141996383667,45902,0.0,0.0
2023-01-03 15:30:00-05:00,11.180000305175781,11.359999656677246,11.130000114440918,11.329999923706055,53516,0.0,0.0
2023-01-04 09:30:00-05:00,11.199999809265137,11.199999809265137,10.8100004196167,10.860400199890137,107575,0.0,0.0
2023-01-04 10:30:00-05:00,10.850000381469727,10.920000076293945,10.399999618530273,10.4399995803833,147488,0.0,0.0
2023-01-04 11:30:00-05:00,10.449999809265137,10.718899726867676,10.430000305175781,10.672599792480469,54521,0.0,0.0
2023-01-04 12:30:00-05:00,10.680000305175781,10.75,10.569999694824219,10.680000305175781,52102,0.0,0.0
2023-01-04 13:30:00-05:00,10.640000343322754,10.729999542236328,10.520000457763672,10.539999961853027,51997,0.0,0.0
2023-01-04 14:30:00-05:00,10.53499984741211,10.709099769592285,10.470000267028809,10.654999732971191,79647,0.0,0.0
2023-01-04 15:30:00-05:00,10.649999618530273,10.800000190734863,10.630000114440918,10.800000190734863,62481,0.0,0.0
2023-01-05 09:30:00-05:00,10.640000343322754,10.779999732971191,10.210000038146973,10.274999618530273,132580,0.0,0.0
2023-01-05 10:30:00-05:00,10.274999618530273,10.4399995803833,10.1899995803833,10.329999923706055,39556,0.0,0.0
2023-01-05 11:30:00-05:00,10.34000015258789,10.429900169372559,10.270000457763672,10.2878999710083,21459,0.0,0.0
2023-01-05 12:30:00-05:00,10.291000366210938,10.399999618530273,10.270000457763672,10.380000114440918,11294,0.0,0.0
2023-01-05 13:30:00-05:00,10.380000114440918,10.505000114440918,10.351200103759766,10.385700225830078,31820,0.0,0.0
2023-01-05 14:30:00-05:00,10.380000114440918,10.520000457763672,10.380000114440918,10.439900398254395,20461,0.0,0.0
2023-01-05 15:30:00-05:00,10.415800094604492,10.510000228881836,10.399999618530273,10.40999984741211,40513,0.0,0.0
2023-01-06 09:30:00-05:00,10.5,10.800000190734863,10.5,10.751199722290039,60111,0.0,0.0
2023-01-06 10:30:00-05:00,10.75,10.850000381469727,10.640000343322754,10.699999809265137,37162,0.0,0.0
2023-01-06 11:30:00-05:00,10.682499885559082,10.739899635314941,10.600000381469727,10.609999656677246,25237,0.0,0.0
2023-01-06 12:30:00-05:00,10.630000114440918,10.640000343322754,10.470000267028809,10.479999542236328,25125,0.0,0.0
2023-01-06 13:30:00-05:00,10.499899864196777,10.510000228881836,10.390000343322754,10.399999618530273,36448,0.0,0.0
2023-01-06 14:30:00-05:00,10.40999984741211,10.460000038146973,10.329999923706055,10.39840030670166,53685,0.0,0.0
2023-01-06 15:30:00-05:00,10.390000343322754,10.430000305175781,10.300000190734863,10.319999694824219,63672,0.0,0.0
2023-01-09 09:30:00-05:00,10.640000343322754,11.199999809265137,10.640000343322754,10.876999855041504,220592,0.0,0.0
2023-01-09 10:30:00-05:00,10.899999618530273,11.199999809265137,10.899999618530273,11.13379955291748,109409,0.0,0.0
2023-01-09 11:30:00-05:00,11.130000114440918,11.413399696350098,11.11050033569336,11.359999656677246,127274,0.0,0.0
2023-01-09 12:30:00-05:00,11.359999656677246,11.399900436401367,11.210000038146973,11.319999694824219,33907,0.0,0.0
2023-01-09 13:30:00-05:00,11.319999694824219,11.399999618530273,11.185799598693848,11.1899995803833,18062,0.0,0.0
2023-01-09 14:30:00-05:00,11.223400115966797,11.223400115966797,11.09000015258789,11.126099586486816,14448,0.0,0.0
2023-01-09 15:30:00-05:00,11.125,11.3149995803833,11.125,11.260000228881836,38693,0.0,0.0
2023-01-10 09:30:00-05:00,11.350000381469727,11.5,11.029999732971191,11.199999809265137,78238,0.0,0.0
2023-01-10 10:30:00-05:00,11.1899995803833,11.5,11.175000190734863,11.430000305175781,58385,0.0,0.0
2023-01-10 11:30:00-05:00,11.4399995803833,11.572400093078613,11.4399995803833,11.558600425720215,28538,0.0,0.0
2023-01-10 12:30:00-05:00,11.571700096130371,11.65999984741211,11.569999694824219,11.651700019836426,48697,0.0,0.0
2023-01-10 13:30:00-05:00,11.65999984741211,11.86989974975586,11.65999984741211,11.829999923706055,58434,0.0,0.0
2023-01-10 14:30:00-05:00,11.829999923706055,11.979999542236328,11.807600021362305,11.909899711608887,61128,0.0,0.0
2023-01-10 15:30:00-05:00,11.930000305175781,12.0,11.920000076293945,12.0,43070,0.0,0.0
2023-01-11 09:30:00-05:00,12.229999542236328,12.460000038146973,12.09000015258789,12.210000038146973,91506,0.0,0.0
2023-01-11 10:30:00-05:00,12.170000076293945,12.184000015258789,11.910099983215332,12.137399673461914,54654,0.0,0.0
2023-01-11 11:30:00-05:00,12.170000076293945,12.300000190734863,12.050000190734863,12.0600004196167,72052,0.0,0.0
2023-01-11 12:30:00-05:00,12.076499938964844,12.094599723815918,11.8100004196167,11.84000015258789,68546,0.0,0.0
2023-01-11 13:30:00-05:00,11.854000091552734,11.949399948120117,11.84000015258789,11.899999618530273,31933,0.0,0.0
2023-01-11 14:30:00-05:00,11.90999984741211,12.024999618530273,11.887200355529785,12.016500473022461,22503,0.0,0.0
2023-01-11 15:30:00-05:00,12.0,12.0,11.880000114440918,11.90999984741211,44955,0.0,0.0
2023-01-12 09:30:00-05:00,12.140000343322754,12.5,12.060099601745605,12.15999984741211,149887,0.0,0.0
2023-01-12 10:30:00-05:00,12.100000381469727,12.569999694824219,12.09000015258789,12.494799613952637,130670,0.0,0.0
2023-01-12 11:30:00-05:00,12.510000228881836,12.579400062561035,12.414999961853027,12.480600357055664,42745,0.0,0.0
2023-01-12 12:30:00-05:00,12.479700088500977,12.75,12.420000076293945,12.600000381469727,113999,0.0,0.0
2023-01-12 13:30:00-05:00,12.572699546813965,12.90999984741211,12.479999542236328,12.825599670410156,106690,0.0,0.0
2023-01-12 14:30:00-05:00,12.800100326538086,12.899999618530273,12.420000076293945,12.557299613952637,73878,0.0,0.0
2023-01-12 15:30:00-05:00,12.5516996383667,12.5516996383667,12.449999809265137,12.5,65122,0.0,0.0
2023-01-13 09:30:00-05:00,11.979999542236328,12.050000190734863,11.457799911499023,11.520500183105469,123978,0.0,0.0
2023-01-13 10:30:00-05:00,11.510100364685059,11.579999923706055,11.449999809265137,11.499699592590332,115517,0.0,0.0
2023-01-13 11:30:00-05:00,11.505000114440918,11.505000114440918,11.300000190734863,11.359999656677246,42966,0.0,0.0
2023-01-13 12:30:00-05:00,11.369999885559082,11.520000457763672,11.350000381469727,11.489999771118164,62053,0.0,0.0
2023-01-13 13:30:00-05:00,11.510000228881836,11.930000305175781,11.5,11.914999961853027,59292,0.0,0.0
2023-01-13 14:30:00-05:00,11.90999984741211,12.079999923706055,11.829999923706055,12.069999694824219,41484,0.0,0.0
2023-01-13 15:30:00-05:00,12.109999656677246,12.210000038146973,12.09000015258789,12.199999809265137,31954,0.0,0.0
2023-01-17 09:30:00-05:00,12.100000381469727,12.100000381469727,11.670299530029297,11.698699951171875,111980,0.0,0.0
2023-01-17 10:30:00-05:00,11.6899995803833,11.879899978637695,11.630000114440918,11.770000457763672,55409,0.0,0.0
2023-01-17 11:30:00-05:00,11.795000076293945,11.830599784851074,11.710000038146973,11.789999961853027,21510,0.0,0.0
2023-01-17 12:30:00-05:00,11.760000228881836,11.760000228881836,11.569999694824219,11.609999656677246,48172,0.0,0.0
2023-01-17 13:30:00-05:00,11.609999656677246,11.75,11.579999923706055,11.729999542236328,15262,0.0,0.0
2023-01-17 14:30:00-05:00,11.72249984741211,11.76990032196045,11.678600311279297,11.678600311279297,21895,0.0,0.0
2023-01-17 15:30:00-05:00,11.6899995803833,11.8100004196167,11.680000305175781,11.789999961853027,38110,0.0,0.0
2023-01-18 09:30:00-05:00,11.789999961853027,12.470000267028809,11.789999961853027,12.414999961853027,159219,0.0,0.0
2023-01-18 10:30:00-05:00,12.399999618530273,12.399999618530273,12.020000457763672,12.0600004196167,85269,0.0,0.0
2023-01-18 11:30:00-05:00,12.029999732971191,12.069999694824219,11.84939956665039,11.850000381469727,28886,0.0,0.0
2023-01-18 12:30:00-05:00,11.913900375366211,11.913900375366211,11.739999771118164,11.850000381469727,26291,0.0,0.0
2023-01-18 13:30:00-05:00,11.850000381469727,11.9399995803833,11.79010009765625,11.930000305175781,23183,0.0,0.0
2023-01-18 14:30:00-05:00,11.979999542236328,12.0,11.869999885559082,11.949999809265137,35038,0.0,0.0
2023-01-18 15:30:00-05:00,11.969900131225586,11.969900131225586,11.800000190734863,11.869999885559082,16177,0.0,0.0
2023-01-19 09:30:00-05:00,11.880000114440918,12.204999923706055,11.8149995803833,12.104999542236328,46573,0.0,0.0
2023-01-19 10:30:00-05:00,12.106800079345703,12.159899711608887,12.029500007629395,12.074999809265137,25652,0.0,0.0
2023-01-19 11:30:00-05:00,12.140000343322754,12.399999618530273,12.100000381469727,12.399999618530273,28118,0.0,0.0
2023-01-19 12:30:00-05:00,12.390000343322754,12.414999961853027,12.25,12.359999656677246,17836,0.0,0.0
2023-01-19 13:30:00-05:00,12.350000381469727,12.649999618530273,12.34000015258789,12.619999885559082,57568,0.0,0.0
2023-01-19 14:30:00-05:00,12.609999656677246,12.659899711608887,12.39009952545166,12.465299606323242,37057,0.0,0.0
2023-01-19 15:30:00-05:00,12.480899810791016,12.59000015258789,12.45419979095459,12.510000228881836,44376,0.0,0.0
2023-01-20 09:30:00-05:00,12.640000343322754,12.699899673461914,12.270000457763672,12.468199729919434,44893,0.0,0.0
2023-01-20 10:30:00-05:00,12.550000190734863,12.6899995803833,12.451499938964844,12.592700004577637,14220,0.0,0.0
2023-01-20 11:30:00-05:00,12.600000381469727,12.669899940490723,12.520099639892578,12.5600004196167,23764,0.0,0.0
2023-01-20 12:30:00-05:00,12.550000190734863,12.669899940490723,12.510000228881836,12.619999885559082,15680,0.0,0.0
2023-01-20 13:30:00-05:00,12.680000305175781,12.850000381469727,12.640000343322754,12.75,39469,0.0,0.0
2023-01-20 14:30:00-05:00,12.800000190734863,12.819999694824219,12.664999961853027,12.664999961853027,25206,0.0,0.0
2023-01-20 15:30:00-05:00,12.649999618530273,12.819999694824219,12.640000343322754,12.789999961853027,63922,0.0,0.0
2023-01-23 09:30:00-05:00,12.850000381469727,13.130000114440918,12.8100004196167,13.0,102822,0.0,0.0
2023-01-23 10:30:00-05:00,13.010000228881836,13.199999809265137,12.9399995803833,13.180000305175781,60270,0.0,0.0
2023-01-23 11:30:00-05:00,13.149999618530273,13.3100004196167,13.0,13.3100004196167,49128,0.0,0.0
2023-01-23 12:30:00-05:00,13.300000190734863,13.300000190734863,13.055999755859375,13.091699600219727,39809,0.0,0.0
2023-01-23 13:30:00-05:00,13.070199966430664,13.119999885559082,12.90999984741211,13.033699989318848,44231,0.0,0.0
2023-01-23 14:30:00-05:00,13.01990032196045,13.01990032196045,12.819999694824219,12.829999923706055,11586,0.0,0.0
2023-01-23 15:30:00-05:00,12.869999885559082,12.869999885559082,12.665399551391602,12.6899995803833,31368,0.0,0.0
2023-01-24 09:30:00-05:00,12.699999809265137,12.880000114440918,12.5,12.8149995803833,52734,0.0,0.0
2023-01-24 10:30:00-05:00,12.8149995803833,12.991000175476074,12.770000457763672,12.880000114440918,22493,0.0,0.0
2023-01-24 11:30:00-05:00,12.880000114440918,12.899999618530273,12.721799850463867,12.751399993896484,20228,0.0,0.0
2023-01-24 12:30:00-05:00,12.8100004196167,12.82699966430664,12.670000076293945,12.770000457763672,24400,0.0,0.0
2023-01-24 13:30:00-05:00,12.729999542236328,12.84000015258789,12.71500015258789,12.75,21410,0.0,0.0
2023-01-24 14:30:00-05:00,12.75,12.9399995803833,12.75,12.895000457763672,29577,0.0,0.0
2023-01-24 15:30:00-05:00,12.869999885559082,12.880000114440918,12.789999961853027,12.859999656677246,13015,0.0,0.0
2023-01-25 09:30:00-05:00,12.710000038146973,12.857500076293945,12.411499977111816,12.488499641418457,33908,0.0,0.0
2023-01-25 10:30:00-05:00,12.489999771118164,12.710000038146973,12.489999771118164,12.687399864196777,10313,0.0,0.0
2023-01-25 11:30:00-05:00,12.720000267028809,12.829999923706055,12.710000038146973,12.819999694824219,44555,0.0,0.0
2023-01-25 12:30:00-05:00,12.8100004196167,12.920000076293945,12.8100004196167,12.819999694824219,11604,0.0,0.0
2023-01-25 13:30:00-05:00,12.850000381469727,12.899999618530273,12.829999923706055,12.86989974975586,9233,0.0,0.0
2023-01-25 14:30:00-05:00,12.859999656677246,12.9399995803833,12.819999694824219,12.819999694824219,20146,0.0,0.0
2023-01-25 15:30:00-05:00,12.8100004196167,12.90999984741211,12.8100004196167,12.90999984741211,9170,0.0,0.0
2023-01-26 09:30:00-05:00,13.0,13.15999984741211,12.550000190734863,12.645299911499023,60489,0.0,0.0
2023-01-26 10:30:00-05:00,12.545000076293945,12.790200233459473,12.545000076293945,12.720600128173828,21602,0.0,0.0
2023-01-26 11:30:00-05:00,12.729499816894531,12.829999923706055,12.650099754333496,12.729999542236328,15156,0.0,0.0
2023-01-26 12:30:00-05:00,12.720100402832031,12.970000267028809,12.681099891662598,12.899999618530273,14538,0.0,0.0
2023-01-26 13:30:00-05:00,12.899999618530273,12.961799621582031,12.829999923706055,12.829999923706055,9639,0.0,0.0
2023-01-26 14:30:00-05:00,12.869999885559082,12.920000076293945,12.8100004196167,12.920000076293945,15324,0.0,0.0
2023-01-26 15:30:00-05:00,12.920000076293945,12.989999771118164,12.914799690246582,12.960000038146973,11918,0.0,0.0
2023-01-27 09:30:00-05:00,12.989999771118164,13.289999961853027,12.850000381469727,13.149999618530273,62166,0.0,0.0
2023-01-27 10:30:00-05:00,13.100000381469727,13.1274995803833,12.949999809265137,13.023200035095215,18732,0.0,0.0
2023-01-27 11:30:00-05:00,13.0600004196167,13.100000381469727,12.954999923706055,12.954999923706055,18654,0.0,0.0
2023-01-27 12:30:00-05:00,12.88010025024414,12.928000450134277,12.8100004196167,12.859999656677246,31915,0.0,0.0
2023-01-27 13:30:00-05:00,12.875,12.930000305175781,12.850000381469727,12.868000030517578,7916,0.0,0.0
2023-01-27 14:30:00-05:00,12.853799819946289,13.119999885559082,12.770000457763672,13.069999694824219,58091,0.0,0.0
2023-01-27 15:30:00-05:00,13.062700271606445,13.062700271606445,12.949999809265137,12.989999771118164,24711,0.0,0.0
2023-01-30 09:30:00-05:00,12.930000305175781,13.130000114440918,12.737099647521973,12.880000114440918,73104,0.0,0.0
2023-01-30 10:30:00-05:00,12.885000228881836,12.970000267028809,12.810099601745605,12.9399995803833,16695,0.0,0.0
2023-01-30 11:30:00-05:00,12.95009994506836,13.010000228881836,12.800000190734863,12.853599548339844,51604,0.0,0.0
2023-01-30 12:30:00-05:00,12.835000038146973,12.835000038146973,12.569999694824219,12.595000267028809,34032,0.0,0.0
2023-01-30 13:30:00-05:00,12.574000358581543,12.574000358581543,12.300000190734863,12.34000015258789,31333,0.0,0.0
2023-01-30 14:30:00-05:00,12.340700149536133,12.400899887084961,12.229999542236328,12.229999542236328,28349,0.0,0.0
2023-01-30 15:30:00-05:00,12.229999542236328,12.420000076293945,12.229999542236328,12.3100004196167,28936,0.0,0.0
2023-01-31 09:30:00-05:00,12.5,12.680000305175781,12.350000381469727,12.53279972076416,53221,0.0,0.0
2023-01-31 10:30:00-05:00,12.515000343322754,12.670000076293945,12.319999694824219,12.424500465393066,48084,0.0,0.0
2023-01-31 11:30:00-05:00,12.369999885559082,12.431599617004395,12.180000305175781,12.329999923706055,39504,0.0,0.0
2023-01-31 12:30:00-05:00,12.329999923706055,12.359999656677246,12.180000305175781,12.220000267028809,9294,0.0,0.0
2023-01-31 13:30:00-05:00,12.239999771118164,12.274999618530273,12.170000076293945,12.23960018157959,12266,0.0,0.0
2023-01-31 14:30:00-05:00,12.25,12.319999694824219,12.220000267028809,12.240799903869629,12684,0.0,0.0
2023-01-31 15:30:00-05:00,12.300000190734863,12.319999694824219,12.239999771118164,12.25,21777,0.0,0.0
2023-02-01 09:30:00-05:00,12.130000114440918,12.199999809265137,12.010000228881836,12.109999656677246,51129,0.0,0.0
2023-02-01 10:30:00-05:00,12.109999656677246,12.114999771118164,11.8100004196167,11.904999732971191,44086,0.0,0.0
2023-02-01 11:30:00-05:00,11.90999984741211,11.960000038146973,11.779999732971191,11.8100004196167,24440,0.0,0.0
2023-02-01 12:30:00-05:00,11.84000015258789,12.0024995803833,11.8100004196167,11.96500015258789,16423,0.0,0.0
2023-02-01 13:30:00-05:00,12.010000228881836,12.0600004196167,11.920000076293945,12.0600004196167,23227,0.0,0.0
2023-02-01 14:30:00-05:00,12.020000457763672,12.350099563598633,11.984999656677246,12.289999961853027,27395,0.0,0.0
2023-02-01 15:30:00-05:00,12.295000076293945,12.3100004196167,12.149999618530273,12.199999809265137,31530,0.0,0.0
2023-02-02 09:30:00-05:00,12.050000190734863,12.1899995803833,11.699999809265137,11.703300476074219,76955,0.0,0.0
2023-02-02 10:30:00-05:00,11.737099647521973,11.853599548339844,11.609999656677246,11.720000267028809,72073,0.0,0.0
2023-02-02 11:30:00-05:00,11.699999809265137,11.850000381469727,11.609999656677246,11.835000038146973,36602,0.0,0.0
2023-02-02 12:30:00-05:00,11.840999603271484,11.840999603271484,11.5,11.604999542236328,75199,0.0,0.0
2023-02-02 13:30:00-05:00,11.585000038146973,11.61460018157959,11.300000190734863,11.417900085449219,108954,0.0,0.0
2023-02-02 14:30:00-05:00,11.399999618530273,11.600000381469727,11.300000190734863,11.571599960327148,107457,0.0,0.0
2023-02-02 15:30:00-05:00,11.545000076293945,11.604999542236328,11.544099807739258,11.569999694824219,17503,0.0,0.0
2023-02-03 09:30:00-05:00,11.5600004196167,11.979999542236328,11.5600004196167,11.946499824523926,124694,0.0,0.0
2023-02-03 10:30:00-05:00,11.9399995803833,12.010000228881836,11.640000343322754,11.699999809265137,51332,0.0,0.0
2023-02-03 11:30:00-05:00,11.664999961853027,11.664999961853027,11.539999961853027,11.609999656677246,20711,0.0,0.0
2023-02-03 12:30:00-05:00,11.625,11.65999984741211,11.25,11.281200408935547,95175,0.0,0.0
2023-02-03 13:30:00-05:00,11.285499572753906,11.369999885559082,11.270000457763672,11.329999923706055,23573,0.0,0.0
2023-02-03 14:30:00-05:00,11.34000015258789,11.479999542236328,11.329999923706055,11.420000076293945,33001,0.0,0.0
2023-02-03 15:30:00-05:00,11.451499938964844,11.451499938964844,11.319999694824219,11.350000381469727,11795,0.0,0.0
2023-02-06 09:30:00-05:00,11.399999618530273,11.399999618530273,11.100000381469727,11.140600204467773,37138,0.0,0.0
2023-02-06 10:30:00-05:00,11.140000343322754,11.25,11.020099639892578,11.22599983215332,14552,0.0,0.0
2023-02-06 11:30:00-05:00,11.239999771118164,11.361900329589844,11.210000038146973,11.361900329589844,32799,0.0,0.0
2023-02-06 12:30:00-05:00,11.279999732971191,11.318099975585938,11.170000076293945,11.265000343322754,13552,0.0,0.0
2023-02-06 13:30:00-05:00,11.211700439453125,11.345000267028809,11.210000038146973,11.345000267028809,9683,0.0,0.0
2023-02-06 14:30:00-05:00,11.326000213623047,11.32800006866455,11.150500297546387,11.25,20488,0.0,0.0
2023-02-06 15:30:00-05:00,11.229999542236328,11.329999923706055,11.220000267028809,11.289999961853027,9871,0.0,0.0
2023-02-07 09:30:00-05:00,11.489999771118164,11.65999984741211,11.375300407409668,11.529999732971191,43071,0.0,0.0
2023-02-07 10:30:00-05:00,11.5,11.699899673461914,11.470000267028809,11.638699531555176,27233,0.0,0.0
2023-02-07 11:30:00-05:00,11.610099792480469,11.75,11.610099792480469,11.65999984741211,37893,0.0,0.0
2023-02-07 12:30:00-05:00,11.679900169372559,12.010000228881836,11.670000076293945,11.729999542236328,57305,0.0,0.0
2023-02-07 13:30:00-05:00,11.75,11.78499984741211,11.54010009765625,11.779999732971191,28071,0.0,0.0
2023-02-07 14:30:00-05:00,11.819999694824219,11.859999656677246,11.6850004196167,11.859999656677246,27816,0.0,0.0
2023-02-07 15:30:00-05:00,11.878199577331543,11.9399995803833,11.869999885559082,11.90999984741211,31538,0.0,0.0
2023-02-08 09:30:00-05:00,12.210000038146973,12.210000038146973,11.800000190734863,11.890000343322754,67314,0.0,0.0
2023-02-08 10:30:00-05:00,11.882100105285645,11.890000343322754,11.300100326538086,11.359999656677246,86416,0.0,0.0
2023-02-08 11:30:00-05:00,11.319999694824219,11.430000305175781,11.300000190734863,11.366800308227539,25952,0.0,0.0
2023-02-08 12:30:00-05:00,11.382399559020996,11.382399559020996,11.1899995803833,11.369999885559082,62770,0.0,0.0
2023-02-08 13:30:00-05:00,11.379899978637695,11.569999694824219,11.350000381469727,11.539999961853027,34182,0.0,0.0
2023-02-08 14:30:00-05:00,11.555000305175781,11.555000305175781,11.417499542236328,11.47130012512207,28736,0.0,0.0
2023-02-08 15:30:00-05:00,11.489999771118164,11.510000228881836,11.380000114440918,11.380000114440918,18317,0.0,0.0
2023-02-09 09:30:00-05:00,11.569999694824219,11.569999694824219,11.247699737548828,11.270000457763672,47738,0.0,0.0
2023-02-09 10:30:00-05:00,11.270000457763672,11.300000190734863,11.09000015258789,11.135899543762207,53074,0.0,0.0
2023-02-09 11:30:00-05:00,11.140000343322754,11.15999984741211,11.0600004196167,11.079999923706055,22982,0.0,0.0
2023-02-09 12:30:00-05:00,11.079999923706055,11.159899711608887,11.039999961853027,11.140000343322754,39917,0.0,0.0
2023-02-09 13:30:00-05:00,11.092000007629395,11.1899995803833,11.0600004196167,11.0600004196167,26247,0.0,0.0
2023-02-09 14:30:00-05:00,11.080499649047852,11.149999618530273,11.0600004196167,11.079999923706055,15386,0.0,0.0
2023-02-09 15:30:00-05:00,11.050000190734863,11.139900207519531,11.050000190734863,11.100000381469727,21982,0.0,0.0
2023-02-10 09:30:00-05:00,11.380000114440918,11.645000457763672,11.297200202941895,11.539999961853027,50287,0.0,0.0
2023-02-10 10:30:00-05:00,11.5600004196167,11.5600004196167,11.300000190734863,11.334400177001953,102728,0.0,0.0
2023-02-10 11:30:00-05:00,11.389900207519531,11.53499984741211,11.357600212097168,11.505000114440918,41912,0.0,0.0
2023-02-10 12:30:00-05:00,11.505000114440918,11.526100158691406,11.390000343322754,11.520000457763672,33777,0.0,0.0
2023-02-10 13:30:00-05:00,11.524999618530273,11.569000244140625,11.47599983215332,11.521100044250488,16094,0.0,0.0
2023-02-10 14:30:00-05:00,11.524999618530273,11.630000114440918,11.524999618530273,11.61989974975586,22189,0.0,0.0
2023-02-10 15:30:00-05:00,11.619999885559082,11.6899995803833,11.470000267028809,11.5,48740,0.0,0.0
2023-02-13 09:30:00-05:00,11.59000015258789,11.59000015258789,11.180000305175781,11.199999809265137,81976,0.0,0.0
2023-02-13 10:30:00-05:00,11.199999809265137,11.309900283813477,11.1899995803833,11.199999809265137,18126,0.0,0.0
2023-02-13 11:30:00-05:00,11.199999809265137,11.369999885559082,11.1850004196167,11.319999694824219,49614,0.0,0.0
2023-02-13 12:30:00-05:00,11.36989974975586,11.469900131225586,11.329999923706055,11.336700439453125,12559,0.0,0.0
2023-02-13 13:30:00-05:00,11.380000114440918,11.444999694824219,11.350299835205078,11.4350004196167,7774,0.0,0.0
2023-02-13 14:30:00-05:00,11.444999694824219,11.444999694824219,11.29010009765625,11.34000015258789,12736,0.0,0.0
2023-02-13 15:30:00-05:00,11.34000015258789,11.389900207519531,11.319999694824219,11.329999923706055,8643,0.0,0.0
2023-02-14 09:30:00-05:00,11.300000190734863,11.470000267028809,11.199999809265137,11.3100004196167,79456,0.0,0.0
2023-02-14 10:30:00-05:00,11.329999923706055,11.619999885559082,11.289999961853027,11.5600004196167,44546,0.0,0.0
2023-02-14 11:30:00-05:00,11.539999961853027,11.680000305175781,11.505900382995605,11.65999984741211,17441,0.0,0.0
2023-02-14 12:30:00-05:00,11.680000305175781,11.800000190734863,11.640000343322754,11.779999732971191,30664,0.0,0.0
2023-02-14 13:30:00-05:00,11.789999961853027,11.920000076293945,11.649999618530273,11.699999809265137,51685,0.0,0.0
2023-02-14 14:30:00-05:00,11.720000267028809,11.890000343322754,11.720000267028809,11.829999923706055,21987,0.0,0.0
2023-02-14 15:30:00-05:00,11.788999557495117,11.8100004196167,11.65999984741211,11.6899995803833,17481,0.0,0.0
2023-02-15 09:30:00-05:00,11.470000267028809,11.470000267028809,11.250100135803223,11.34000015258789,36244,0.0,0.0
2023-02-15 10:30:00-05:00,11.380000114440918,11.464500427246094,11.25,11.338600158691406,27533,0.0,0.0
2023-02-15 11:30:00-05:00,11.369999885559082,11.369999885559082,11.210000038146973,11.210000038146973,31317,0.0,0.0
2023-02-15 12:30:00-05:00,11.229999542236328,11.324999809265137,11.210000038146973,11.324999809265137,7449,0.0,0.0
2023-02-15 13:30:00-05:00,11.324999809265137,11.399999618530273,11.270000457763672,11.279000282287598,28799,0.0,0.0
2023-02-15 14:30:00-05:00,11.289999961853027,11.35990047454834,11.194999694824219,11.229999542236328,58576,0.0,0.0
2023-02-15 15:30:00-05:00,11.210000038146973,11.249799728393555,11.194999694824219,11.239999771118164,30301,0.0,0.0
2023-02-16 09:30:00-05:00,11.199999809265137,11.329999923706055,11.140000343322754,11.188199996948242,26543,0.0,0.0
2023-02-16 10:30:00-05:00,11.1899995803833,11.260000228881836,11.165300369262695,11.199999809265137,10907,0.0,0.0
2023-02-16 11:30:00-05:00,11.220000267028809,11.225000381469727,11.079999923706055,11.109999656677246,51999,0.0,0.0
2023-02-16 12:30:00-05:00,11.140000343322754,11.184800148010254,11.029999732971191,11.0600004196167,38810,0.0,0.0
2023-02-16 13:30:00-05:00,11.100000381469727,11.140000343322754,11.074999809265137,11.124699592590332,6708,0.0,0.0
2023-02-16 14:30:00-05:00,11.122400283813477,11.149999618530273,11.039999961853027,11.074999809265137,26734,0.0,0.0
2023-02-16 15:30:00-05:00,11.0600004196167,11.0600004196167,10.90999984741211,10.970000267028809,57664,0.0,0.0
2023-02-17 09:30:00-05:00,10.850000381469727,10.853500366210938,10.45009994506836,10.664999961853027,133101,0.0,0.0
2023-02-17 10:30:00-05:00,10.649999618530273,10.649999618530273,10.4399995803833,10.555000305175781,62248,0.0,0.0
2023-02-17 11:30:00-05:00,10.601099967956543,10.604399681091309,10.5,10.542099952697754,11114,0.0,0.0
2023-02-17 12:30:00-05:00,10.579899787902832,10.603300094604492,10.449999809265137,10.54990005493164,53351,0.0,0.0
2023-02-17 13:30:00-05:00,10.54990005493164,10.560099601745605,10.484999656677246,10.529999732971191,24877,0.0,0.0
2023-02-17 14:30:00-05:00,10.529999732971191,10.5649995803833,10.470100402832031,10.5,41726,0.0,0.0
2023-02-17 15:30:00-05:00,10.5,10.550000190734863,10.479999542236328,10.53499984741211,18066,0.0,0.0
2023-02-21 09:30:00-05:00,10.600000381469727,10.774999618530273,10.420000076293945,10.489999771118164,138561,0.0,0.0
2023-02-21 10:30:00-05:00,10.5,10.602999687194824,10.498200416564941,10.529999732971191,19928,0.0,0.0
2023-02-21 11:30:00-05:00,10.529999732971191,10.579999923706055,10.399999618530273,10.5,20806,0.0,0.0
2023-02-21 12:30:00-05:00,10.529999732971191,10.5600004196167,10.319999694824219,10.34000015258789,32992,0.0,0.0
2023-02-21 13:30:00-05:00,10.334600448608398,10.369999885559082,10.300100326538086,10.34000015258789,21447,0.0,0.0
2023-02-21 14:30:00-05:00,10.399900436401367,10.399999618530273,10.329999923706055,10.340100288391113,13000,0.0,0.0
2023-02-21 15:30:00-05:00,10.369999885559082,10.380000114440918,10.329999923706055,10.380000114440918,13390,0.0,0.0
2023-02-22 09:30:00-05:00,10.300000190734863,10.425000190734863,10.130000114440918,10.140000343322754,55542,0.0,0.0
2023-02-22 10:30:00-05:00,10.109999656677246,10.199999809265137,10.020000457763672,10.168999671936035,47031,0.0,0.0
2023-02-22 11:30:00-05:00,10.174400329589844,10.26990032196045,10.174400329589844,10.26259994506836,24065,0.0,0.0
2023-02-22 12:30:00-05:00,10.274999618530273,10.316300392150879,10.260199546813965,10.279800415039062,11114,0.0,0.0
2023-02-22 13:30:00-05:00,10.300000190734863,10.366900444030762,10.220000267028809,10.328900337219238,7999,0.0,0.0
2023-02-22 14:30:00-05:00,10.270000457763672,10.270000457763672,10.149999618530273,10.170000076293945,12653,0.0,0.0
2023-02-22 15:30:00-05:00,10.150099754333496,10.300000190734863,10.149999618530273,10.279999732971191,20267,0.0,0.0
2023-02-23 09:30:00-05:00,10.489999771118164,10.739999771118164,10.489999771118164,10.699999809265137,31153,0.0,0.0
2023-02-23 10:30:00-05:00,10.753999710083008,10.838899612426758,10.569000244140625,10.569000244140625,29698,0.0,0.0
2023-02-23 11:30:00-05:00,10.539999961853027,10.5649995803833,10.430000305175781,10.544699668884277,20434,0.0,0.0
2023-02-23 12:30:00-05:00,10.5600004196167,10.670000076293945,10.520000457763672,10.569999694824219,26245,0.0,0.0
2023-02-23 13:30:00-05:00,10.569999694824219,10.75,10.569999694824219,10.711600303649902,18263,0.0,0.0
2023-02-23 14:30:00-05:00,10.680700302124023,10.739899635314941,10.619999885559082,10.694999694824219,27139,0.0,0.0
2023-02-23 15:30:00-05:00,10.6899995803833,10.699999809265137,10.550000190734863,10.5600004196167,30773,0.0,0.0
2023-02-24 09:30:00-05:00,10.359999656677246,10.54990005493164,10.25,10.279999732971191,33526,0.0,0.0
2023-02-24 10:30:00-05:00,10.336099624633789,10.567000389099121,10.336099624633789,10.55459976196289,13395,0.0,0.0
2023-02-24 11:30:00-05:00,10.569999694824219,10.600000381469727,10.40999984741211,10.40999984741211,20562,0.0,0.0
2023-02-24 12:30:00-05:00,10.437999725341797,10.489999771118164,10.370100021362305,10.399999618530273,9815,0.0,0.0
2023-02-24 13:30:00-05:00,10.399999618530273,10.509900093078613,10.38010025024414,10.46500015258789,6438,0.0,0.0
2023-02-24 14:30:00-05:00,10.449999809265137,10.5600004196167,10.42240047454834,10.520000457763672,14074,0.0,0.0
2023-02-24 15:30:00-05:00,10.539899826049805,10.539899826049805,10.460000038146973,10.510000228881836,10192,0.0,0.0
2023-02-27 09:30:00-05:00,10.470000267028809,10.569999694824219,10.359999656677246,10.509900093078613,28892,0.0,0.0
2023-02-27 10:30:00-05:00,10.416000366210938,10.503700256347656,10.344599723815918,10.486000061035156,14957,0.0,0.0
2023-02-27 11:30:00-05:00,10.460000038146973,10.480500221252441,10.399999618530273,10.429900169372559,7500,0.0,0.0
2023-02-27 12:30:00-05:00,10.419400215148926,10.454700469970703,10.295000076293945,10.297800064086914,10091,0.0,0.0
2023-02-27 13:30:00-05:00,10.295000076293945,10.390000343322754,10.279999732971191,10.390000343322754,19923,0.0,0.0
2023-02-27 14:30:00-05:00,10.414999961853027,10.449999809265137,10.270000457763672,10.293800354003906,19536,0.0,0.0
2023-02-27 15:30:00-05:00,10.3125,10.3125,10.270000457763672,10.279999732971191,10876,0.0,0.0
2023-02-28 09:30:00-05:00,10.470000267028809,10.670000076293945,10.470000267028809,10.609999656677246,42688,0.0,0.0
2023-02-28 10:30:00-05:00,10.600000381469727,10.600000381469727,10.480999946594238,10.529999732971191,10110,0.0,0.0
2023-02-28 11:30:00-05:00,10.539999961853027,10.539999961853027,10.35789966583252,10.390000343322754,7429,0.0,0.0
2023-02-28 12:30:00-05:00,10.449899673461914,10.46500015258789,10.390000343322754,10.430000305175781,23858,0.0,0.0
2023-02-28 13:30:00-05:00,10.5,10.569999694824219,10.5,10.520000457763672,15765,0.0,0.0
2023-02-28 14:30:00-05:00,10.482600212097168,10.5,10.329999923706055,10.369999885559082,38046,0.0,0.0
2023-02-28 15:30:00-05:00,10.354999542236328,10.380000114440918,10.300000190734863,10.319999694824219,10594,0.0,0.0
2023-03-01 09:30:00-05:00,10.5,10.640000343322754,10.401000022888184,10.520000457763672,12845,0.0,0.0
2023-03-01 10:30:00-05:00,10.482600212097168,10.579999923706055,10.40999984741211,10.40999984741211,18761,0.0,0.0
2023-03-01 11:30:00-05:00,10.4399995803833,10.539999961853027,10.40999984741211,10.494999885559082,6912,0.0,0.0
2023-03-01 12:30:00-05:00,10.491900444030762,10.503000259399414,10.410300254821777,10.410300254821777,3728,0.0,0.0
2023-03-01 13:30:00-05:00,10.4350004196167,10.550000190734863,10.425000190734863,10.550000190734863,16769,0.0,0.0
2023-03-01 14:30:00-05:00,10.550000190734863,10.569999694824219,10.5,10.550000190734863,5337,0.0,0.0
2023-03-01 15:30:00-05:00,10.579999923706055,10.579999923706055,10.5,10.529999732971191,10938,0.0,0.0
2023-03-02 09:30:00-05:00,10.449999809265137,10.670000076293945,10.449999809265137,10.640000343322754,16274,0.0,0.0
2023-03-02 10:30:00-05:00,10.699999809265137,10.729999542236328,10.635000228881836,10.649999618530273,20459,0.0,0.0
2023-03-02 11:30:00-05:00,10.649999618530273,10.670000076293945,10.550000190734863,10.550000190734863,11988,0.0,0.0
2023-03-02 12:30:00-05:00,10.555899620056152,10.630000114440918,10.54010009765625,10.569999694824219,37061,0.0,0.0
2023-03-02 13:30:00-05:00,10.579999923706055,10.640000343322754,10.5600004196167,10.5600004196167,9240,0.0,0.0
2023-03-02 14:30:00-05:00,10.622400283813477,10.640000343322754,10.579999923706055,10.63659954071045,7784,0.0,0.0
2023-03-02 15:30:00-05:00,10.625,10.637800216674805,10.579999923706055,10.579999923706055,14410,0.0,0.0
2023-03-03 09:30:00-05:00,10.479999542236328,10.699899673461914,10.430000305175781,10.579999923706055,19533,0.0,0.0
2023-03-03 10:30:00-05:00,10.630000114440918,10.770000457763672,10.630000114440918,10.649999618530273,43158,0.0,0.0
2023-03-03 11:30:00-05:00,10.680000305175781,10.75,10.619999885559082,10.65999984741211,29791,0.0,0.0
2023-03-03 12:30:00-05:00,10.649999618530273,10.779999732971191,10.640000343322754,10.760000228881836,84305,0.0,0.0
2023-03-03 13:30:00-05:00,10.760000228881836,10.789999961853027,10.75,10.770000457763672,8176,0.0,0.0
2023-03-03 14:30:00-05:00,10.79990005493164,10.800000190734863,10.75,10.770000457763672,8844,0.0,0.0
2023-03-03 15:30:00-05:00,10.729999542236328,10.760000228881836,10.680000305175781,10.739999771118164,14381,0.0,0.0
2023-03-06 09:30:00-05:00,10.649999618530273,10.699999809265137,10.470000267028809,10.5600004196167,33650,0.0,0.0
2023-03-06 10:30:00-05:00,10.5600004196167,10.589900016784668,10.470000267028809,10.5,25573,0.0,0.0
2023-03-06 11:30:00-05:00,10.520000457763672,10.640000343322754,10.520000457763672,10.640000343322754,17183,0.0,0.0
2023-03-06 12:30:00-05:00,10.600099563598633,10.609999656677246,10.550000190734863,10.559100151062012,14614,0.0,0.0
2023-03-06 13:30:00-05:00,10.579999923706055,10.699999809265137,10.569999694824219,10.6850004196167,9128,0.0,0.0
2023-03-06 14:30:00-05:00,10.70989990234375,10.859999656677246,10.70989990234375,10.760000228881836,26448,0.0,0.0
2023-03-06 15:30:00-05:00,10.770000457763672,10.86989974975586,10.760000228881836,10.8100004196167,30397,0.0,0.0
2023-03-07 09:30:00-05:00,10.890000343322754,10.899999618530273,10.609999656677246,10.760000228881836,24489,0.0,0.0
2023-03-07 10:30:00-05:00,10.79990005493164,10.839099884033203,10.65999984741211,10.738699913024902,39610,0.0,0.0
2023-03-07 11:30:00-05:00,10.6899995803833,10.75,10.670000076293945,10.720000267028809,14307,0.0,0.0
2023-03-07 12:30:00-05:00,10.680000305175781,10.699999809265137,10.59000015258789,10.59000015258789,7322,0.0,0.0
2023-03-07 13:30:00-05:00,10.598699569702148,10.619999885559082,10.545900344848633,10.619999885559082,17196,0.0,0.0
2023-03-07 14:30:00-05:00,10.609999656677246,10.609999656677246,10.510000228881836,10.541899681091309,8178,0.0,0.0
2023-03-07 15:30:00-05:00,10.59000015258789,10.59000015258789,10.510000228881836,10.529999732971191,13034,0.0,0.0
2023-03-08 09:30:00-05:00,10.5,10.625300407409668,10.449999809265137,10.510000228881836,28964,0.0,0.0
2023-03-08 10:30:00-05:00,10.494999885559082,10.550000190734863,10.170000076293945,10.479999542236328,45714,0.0,0.0
2023-03-08 11:30:00-05:00,10.470000267028809,10.529999732971191,10.239999771118164,10.260000228881836,16830,0.0,0.0
2023-03-08 12:30:00-05:00,10.279999732971191,10.339900016784668,10.260000228881836,10.279999732971191,14955,0.0,0.0
2023-03-08 13:30:00-05:00,10.278900146484375,10.3996000289917,10.261099815368652,10.380000114440918,4092,0.0,0.0
2023-03-08 14:30:00-05:00,10.36620044708252,10.414999961853027,10.279999732971191,10.300000190734863,27608,0.0,0.0
2023-03-08 15:30:00-05:00,10.319899559020996,10.40999984741211,10.3100004196167,10.40999984741211,12156,0.0,0.0
2023-03-09 09:30:00-05:00,10.289999961853027,10.579999923706055,10.25,10.319999694824219,31260,0.0,0.0
2023-03-09 10:30:00-05:00,10.329999923706055,10.359999656677246,10.239999771118164,10.281499862670898,8905,0.0,0.0
2023-03-09 11:30:00-05:00,10.324999809265137,10.380000114440918,10.319999694824219,10.319999694824219,10574,0.0,0.0
2023-03-09 12:30:00-05:00,10.32800006866455,10.34000015258789,10.24899959564209,10.260000228881836,9438,0.0,0.0
2023-03-09 13:30:00-05:00,10.270000457763672,10.289899826049805,10.220100402832031,10.260100364685059,8186,0.0,0.0
2023-03-09 14:30:00-05:00,10.270000457763672,10.289999961853027,10.199999809265137,10.220999717712402,13649,0.0,0.0
2023-03-09 15:30:00-05:00,10.239999771118164,10.260000228881836,10.149999618530273,10.210000038146973,24247,0.0,0.0
2023-03-10 09:30:00-05:00,10.210000038146973,10.289999961853027,10.092499732971191,10.130000114440918,34272,0.0,0.0
2023-03-10 10:30:00-05:00,10.149999618530273,10.241299629211426,10.050100326538086,10.241299629211426,16401,0.0,0.0
2023-03-10 11:30:00-05:00,10.225000381469727,10.300000190734863,10.029999732971191,10.081100463867188,15052,0.0,0.0
2023-03-10 12:30:00-05:00,10.088899612426758,10.151700019836426,9.899999618530273,9.914999961853027,63424,0.0,0.0
2023-03-10 13:30:00-05:00,9.930000305175781,9.930000305175781,9.729999542236328,9.850000381469727,37776,0.0,0.0
2023-03-10 14:30:00-05:00,9.869999885559082,9.920000076293945,9.800100326538086,9.8641996383667,15357,0.0,0.0
2023-03-10 15:30:00-05:00,9.880000114440918,9.920000076293945,9.8100004196167,9.850000381469727,40504,0.0,0.0
2023-03-13 09:30:00-04:00,9.600000381469727,9.879899978637695,9.290399551391602,9.779999732971191,130173,0.0,0.0
2023-03-13 10:30:00-04:00,9.829999923706055,10.0,9.609999656677246,9.699999809265137,75444,0.0,0.0
2023-03-13 11:30:00-04:00,9.6899995803833,9.720000267028809,9.510000228881836,9.579999923706055,37093,0.0,0.0
2023-03-13 12:30:00-04:00,9.569999694824219,9.569999694824219,9.319999694824219,9.369999885559082,29393,0.0,0.0
2023-03-13 13:30:00-04:00,9.369999885559082,9.449999809265137,9.3100004196167,9.449999809265137,32619,0.0,0.0
2023-03-13 14:30:00-04:00,9.4443998336792,9.469799995422363,9.270000457763672,9.289899826049805,38305,0.0,0.0
2023-03-13 15:30:00-04:00,9.289999961853027,9.369999885559082,9.260000228881836,9.34000015258789,40352,0.0,0.0
2023-03-14 09:30:00-04:00,9.5,9.649900436401367,9.399999618530273,9.399999618530273,45507,0.0,0.0
2023-03-14 10:30:00-04:00,9.391900062561035,9.583000183105469,9.270000457763672,9.531200408935547,41890,0.0,0.0
2023-03-14 11:30:00-04:00,9.5,9.539899826049805,9.0,9.079999923706055,64075,0.0,0.0
2023-03-14 12:30:00-04:00,9.100000381469727,9.149999618530273,9.020000457763672,9.055000305175781,42094,0.0,0.0
2023-03-14 13:30:00-04:00,9.0600004196167,9.079999923706055,8.800000190734863,8.885000228881836,52462,0.0,0.0
2023-03-14 14:30:00-04:00,8.896900177001953,8.920000076293945,8.579999923706055,8.648500442504883,126859,0.0,0.0
2023-03-14 15:30:00-04:00,8.609999656677246,8.770000457763672,8.609999656677246,8.75,36003,0.0,0.0
2023-03-15 09:30:00-04:00,8.279999732971191,8.449999809265137,8.079999923706055,8.15999984741211,205665,0.0,0.0
2023-03-15 10:30:00-04:00,8.149999618530273,8.149999618530273,7.820000171661377,7.949999809265137,93114,0.0,0.0
2023-03-15 11:30:00-04:00,7.909999847412109,7.909999847412109,7.565000057220459,7.619999885559082,120015,0.0,0.0
2023-03-15 12:30:00-04:00,7.6458001136779785,7.889999866485596,7.599999904632568,7.809999942779541,84016,0.0,0.0
2023-03-15 13:30:00-04:00,7.809999942779541,7.929999828338623,7.71999979019165,7.910699844360352,59121,0.0,0.0
2023-03-15 14:30:00-04:00,7.929900169372559,8.09000015258789,7.929900169372559,8.0600004196167,70426,0.0,0.0
2023-03-15 15:30:00-04:00,8.075799942016602,8.119999885559082,8.050000190734863,8.085000038146973,57349,0.0,0.0
2023-03-16 09:30:00-04:00,8.100000381469727,8.229900360107422,8.039999961853027,8.100000381469727,62442,0.0,0.0
2023-03-16 10:30:00-04:00,8.100000381469727,8.279999732971191,8.100000381469727,8.260000228881836,50253,0.0,0.0
2023-03-16 11:30:00-04:00,8.265000343322754,8.350000381469727,8.239999771118164,8.350000381469727,31187,0.0,0.0
2023-03-16 12:30:00-04:00,8.349900245666504,8.539999961853027,8.3100004196167,8.420000076293945,21543,0.0,0.0
2023-03-16 13:30:00-04:00,8.399999618530273,8.399999618530273,8.260000228881836,8.280099868774414,34125,0.0,0.0
2023-03-16 14:30:00-04:00,8.270000457763672,8.430000305175781,8.265000343322754,8.404999732971191,13657,0.0,0.0
2023-03-16 15:30:00-04:00,8.40939998626709,8.479999542236328,8.40939998626709,8.449999809265137,21114,0.0,0.0
2023-03-17 09:30:00-04:00,8.5600004196167,8.649900436401367,8.149999618530273,8.175000190734863,85697,0.0,0.0
2023-03-17 10:30:00-04:00,8.1899995803833,8.319999694824219,8.1899995803833,8.253100395202637,18464,0.0,0.0
2023-03-17 11:30:00-04:00,8.259900093078613,8.460000038146973,8.1899995803833,8.39009952545166,15671,0.0,0.0
2023-03-17 12:30:00-04:00,8.350000381469727,8.350099563598633,8.149999618530273,8.15999984741211,27295,0.0,0.0
2023-03-17 13:30:00-04:00,8.1899995803833,8.229900360107422,8.079999923706055,8.210000038146973,17577,0.0,0.0
2023-03-17 14:30:00-04:00,8.180000305175781,8.189900398254395,8.100000381469727,8.140000343322754,16833,0.0,0.0
2023-03-17 15:30:00-04:00,8.145000457763672,8.210000038146973,8.119999885559082,8.119999885559082,25778,0.0,0.0
2023-03-20 09:30:00-04:00,8.15999984741211,8.34000015258789,8.15999984741211,8.239999771118164,41918,0.0,0.0
2023-03-20 10:30:00-04:00,8.27750015258789,8.443499565124512,8.229999542236328,8.442399978637695,37360,0.0,0.0
2023-03-20 11:30:00-04:00,8.449999809265137,8.469900131225586,8.3149995803833,8.350000381469727,36905,0.0,0.0
2023-03-20 12:30:00-04:00,8.359999656677246,8.420000076293945,8.270000457763672,8.270000457763672,18771,0.0,0.0
2023-03-20 13:30:00-04:00,8.265000343322754,8.265000343322754,8.140000343322754,8.1850004196167,23056,0.0,0.0
2023-03-20 14:30:00-04:00,8.175000190734863,8.229999542236328,8.149999618530273,8.1899995803833,34243,0.0,0.0
2023-03-20 15:30:00-04:00,8.199999809265137,8.232799530029297,8.149999618530273,8.149999618530273,20700,0.0,0.0
2023-03-21 09:30:00-04:00,8.350000381469727,8.579299926757812,8.350000381469727,8.4399995803833,83410,0.0,0.0
2023-03-21 10:30:00-04:00,8.419899940490723,8.529999732971191,8.399999618530273,8.5,20287,0.0,0.0
2023-03-21 11:30:00-04:00,8.489999771118164,8.514800071716309,8.420000076293945,8.483799934387207,21954,0.0,0.0
2023-03-21 12:30:00-04:00,8.5,8.649999618530273,8.449999809265137,8.640000343322754,41584,0.0,0.0
2023-03-21 13:30:00-04:00,8.664999961853027,8.699999809265137,8.64009952545166,8.680000305175781,25972,0.0,0.0
2023-03-21 14:30:00-04:00,8.65999984741211,8.699999809265137,8.630000114440918,8.699999809265137,16242,0.0,0.0
2023-03-21 15:30:00-04:00,8.699999809265137,8.75,8.670000076293945,8.710000038146973,31733,0.0,0.0
2023-03-22 09:30:00-04:00,8.859999656677246,8.899900436401367,8.595000267028809,8.779899597167969,40623,0.0,0.0
2023-03-22 10:30:00-04:00,8.779999732971191,9.0,8.762499809265137,8.898699760437012,26717,0.0,0.0
2023-03-22 11:30:00-04:00,8.875,8.880000114440918,8.720000267028809,8.75,19535,0.0,0.0
2023-03-22 12:30:00-04:00,8.779999732971191,8.779999732971191,8.714500427246094,8.770000457763672,2801,0.0,0.0
2023-03-22 13:30:00-04:00,8.772000312805176,8.799699783325195,8.619999885559082,8.619999885559082,32654,0.0,0.0
2023-03-22 14:30:00-04:00,8.609999656677246,8.707099914550781,8.510000228881836,8.59000015258789,63969,0.0,0.0
2023-03-22 15:30:00-04:00,8.574999809265137,8.609999656677246,8.510100364685059,8.569999694824219,28322,0.0,0.0
2023-03-23 09:30:00-04:00,8.569999694824219,8.902799606323242,8.569999694824219,8.809200286865234,40796,0.0,0.0
2023-03-23 10:30:00-04:00,8.75,8.869999885559082,8.70009994506836,8.835000038146973,28327,0.0,0.0
2023-03-23 11:30:00-04:00,8.84000015258789,8.899900436401367,8.680000305175781,8.6850004196167,28426,0.0,0.0
2023-03-23 12:30:00-04:00,8.704999923706055,8.710000038146973,8.619999885559082,8.65999984741211,13408,0.0,0.0
2023-03-23 13:30:00-04:00,8.619999885559082,8.675000190734863,8.5600004196167,8.5600004196167,15716,0.0,0.0
2023-03-23 14:30:00-04:00,8.550100326538086,8.649999618530273,8.539999961853027,8.604399681091309,9642,0.0,0.0
2023-03-23 15:30:00-04:00,8.619999885559082,8.670000076293945,8.600099563598633,8.619999885559082,9405,0.0,0.0
2023-03-24 09:30:00-04:00,8.649999618530273,8.779899597167969,8.539999961853027,8.6899995803833,85525,0.0,0.0
2023-03-24 10:30:00-04:00,8.710000038146973,8.718500137329102,8.59000015258789,8.62030029296875,23030,0.0,0.0
2023-03-24 11:30:00-04:00,8.649999618530273,8.800000190734863,8.640000343322754,8.800000190734863,8594,0.0,0.0
2023-03-24 12:30:00-04:00,8.841099739074707,8.869999885559082,8.800000190734863,8.850000381469727,13042,0.0,0.0
2023-03-24 13:30:00-04:00,8.84000015258789,8.854999542236328,8.740099906921387,8.835000038146973,9124,0.0,0.0
2023-03-24 14:30:00-04:00,8.814800262451172,8.890000343322754,8.814800262451172,8.869999885559082,10924,0.0,0.0
2023-03-24 15:30:00-04:00,8.850000381469727,8.880000114440918,8.789999961853027,8.869999885559082,35756,0.0,0.0
2023-03-27 09:30:00-04:00,9.0,9.01990032196045,8.720000267028809,8.720000267028809,56392,0.0,0.0
2023-03-27 10:30:00-04:00,8.75,8.75,8.640000343322754,8.710000038146973,33713,0.0,0.0
2023-03-27 11:30:00-04:00,8.680299758911133,8.829999923706055,8.672300338745117,8.800000190734863,20300,0.0,0.0
2023-03-27 12:30:00-04:00,8.8100004196167,8.829999923706055,8.79010009765625,8.829999923706055,31563,0.0,0.0
2023-03-27 13:30:00-04:00,8.800000190734863,8.84000015258789,8.789999961853027,8.84000015258789,14147,0.0,0.0
2023-03-27 14:30:00-04:00,8.85990047454834,8.873100280761719,8.805100440979004,8.859999656677246,11375,0.0,0.0
2023-03-27 15:30:00-04:00,8.859999656677246,8.859999656677246,8.819999694824219,8.850700378417969,17567,0.0,0.0
2023-03-28 09:30:00-04:00,8.949999809265137,9.069999694824219,8.859299659729004,9.0693998336792,39525,0.0,0.0
2023-03-28 10:30:00-04:00,9.100000381469727,9.229900360107422,9.069999694824219,9.119999885559082,58170,0.0,0.0
2023-03-28 11:30:00-04:00,9.15530014038086,9.15530014038086,8.979999542236328,9.0,19070,0.0,0.0
2023-03-28 12:30:00-04:00,9.003299713134766,9.072199821472168,8.970000267028809,9.02970027923584,26304,0.0,0.0
2023-03-28 13:30:00-04:00,9.010000228881836,9.017800331115723,8.90999984741211,8.930000305175781,35243,0.0,0.0
2023-03-28 14:30:00-04:00,8.910599708557129,8.910599708557129,8.800000190734863,8.800000190734863,33490,0.0,0.0
2023-03-28 15:30:00-04:00,8.800000190734863,8.890000343322754,8.800000190734863,8.8100004196167,28449,0.0,0.0
2023-03-29 09:30:00-04:00,8.850000381469727,9.039999961853027,8.850000381469727,8.880000114440918,34085,0.0,0.0
2023-03-29 10:30:00-04:00,8.880000114440918,8.880000114440918,8.649999618530273,8.699999809265137,37324,0.0,0.0
2023-03-29 11:30:00-04:00,8.713700294494629,8.739999771118164,8.619999885559082,8.699000358581543,26219,0.0,0.0
2023-03-29 12:30:00-04:00,8.671899795532227,8.70989990234375,8.5649995803833,8.5649995803833,44153,0.0,0.0
2023-03-29 13:30:00-04:00,8.579999923706055,8.609999656677246,8.40999984741211,8.40999984741211,69966,0.0,0.0
2023-03-29 14:30:00-04:00,8.40999984741211,8.579999923706055,8.404999732971191,8.539999961853027,50771,0.0,0.0
2023-03-29 15:30:00-04:00,8.542799949645996,8.649999618530273,8.539999961853027,8.59000015258789,47131,0.0,0.0
2023-03-30 09:30:00-04:00,8.609999656677246,8.678500175476074,8.40999984741211,8.453200340270996,72787,0.0,0.0
2023-03-30 10:30:00-04:00,8.45009994506836,8.45009994506836,8.149999618530273,8.199999809265137,121771,0.0,0.0
2023-03-30 11:30:00-04:00,8.239999771118164,8.279999732971191,8.119999885559082,8.142399787902832,75354,0.0,0.0
2023-03-30 12:30:00-04:00,8.130000114440918,8.199999809265137,8.09000015258789,8.100000381469727,60391,0.0,0.0
2023-03-30 13:30:00-04:00,8.09000015258789,8.09000015258789,7.900000095367432,7.96999979019165,132438,0.0,0.0
2023-03-30 14:30:00-04:00,7.96999979019165,7.989999771118164,7.891600131988525,7.974999904632568,97701,0.0,0.0
2023-03-30 15:30:00-04:00,7.960000038146973,8.010000228881836,7.900000095367432,7.920000076293945,61671,0.0,0.0
2023-03-31 09:30:00-04:00,7.965000152587891,8.0,7.53000020980835,7.625,202942,0.0,0.0
2023-03-31 10:30:00-04:00,7.619999885559082,7.660099983215332,7.420100212097168,7.489999771118164,115979,0.0,0.0
2023-03-31 11:30:00-04:00,7.495800018310547,7.639999866485596,7.489699840545654,7.5493998527526855,57443,0.0,0.0
2023-03-31 12:30:00-04:00,7.550000190734863,7.622000217437744,7.53000020980835,7.559999942779541,36172,0.0,0.0
2023-03-31 13:30:00-04:00,7.565400123596191,7.659999847412109,7.53000020980835,7.650000095367432,32853,0.0,0.0
2023-03-31 14:30:00-04:00,7.642099857330322,7.699999809265137,7.580100059509277,7.592599868774414,47189,0.0,0.0
2023-03-31 15:30:00-04:00,7.590000152587891,7.659999847412109,7.550000190734863,7.630000114440918,54989,0.0,0.0
2023-04-03 09:30:00-04:00,8.279999732971191,9.420000076293945,8.149999618530273,9.418600082397461,497090,0.0,0.0
2023-04-03 10:30:00-04:00,9.380000114440918,9.510000228881836,8.850000381469727,9.114999771118164,272209,0.0,0.0
2023-04-03 11:30:00-04:00,9.130000114440918,9.229999542236328,8.920000076293945,9.21500015258789,62322,0.0,0.0
2023-04-03 12:30:00-04:00,9.239999771118164,9.239999771118164,9.078300476074219,9.080100059509277,61965,0.0,0.0
2023-04-03 13:30:00-04:00,9.079999923706055,9.119999885559082,9.030099868774414,9.099900245666504,44714,0.0,0.0
2023-04-03 14:30:00-04:00,9.104999542236328,9.15999984741211,8.949999809265137,9.079999923706055,69140,0.0,0.0
2023-04-03 15:30:00-04:00,9.079999923706055,9.130000114440918,8.918499946594238,8.989999771118164,103125,0.0,0.0
2023-04-04 09:30:00-04:00,9.470000267028809,9.5,9.050000190734863,9.109999656677246,269665,0.0,0.0
2023-04-04 10:30:00-04:00,9.110400199890137,9.239899635314941,9.069999694824219,9.15999984741211,48189,0.0,0.0
2023-04-04 11:30:00-04:00,9.189900398254395,9.1899995803833,8.770000457763672,8.789999961853027,135974,0.0,0.0
2023-04-04 12:30:00-04:00,8.789999961853027,8.880000114440918,8.729999542236328,8.880000114440918,45146,0.0,0.0
2023-04-04 13:30:00-04:00,8.859999656677246,8.890000343322754,8.729999542236328,8.808899879455566,23872,0.0,0.0
2023-04-04 14:30:00-04:00,8.772000312805176,8.9399995803833,8.772000312805176,8.800000190734863,21233,0.0,0.0
2023-04-04 15:30:00-04:00,8.802499771118164,8.831000328063965,8.75,8.819999694824219,35526,0.0,0.0
2023-04-05 09:30:00-04:00,8.899999618530273,8.915300369262695,8.550100326538086,8.600000381469727,144326,0.0,0.0
2023-04-05 10:30:00-04:00,8.659899711608887,8.683500289916992,8.499899864196777,8.506400108337402,52784,0.0,0.0
2023-04-05 11:30:00-04:00,8.479999542236328,8.71150016784668,8.479999542236328,8.65999984741211,16711,0.0,0.0
2023-04-05 12:30:00-04:00,8.689900398254395,8.76990032196045,8.614999771118164,8.76990032196045,13108,0.0,0.0
2023-04-05 13:30:00-04:00,8.760199546813965,8.760199546813965,8.63010025024414,8.699999809265137,22795,0.0,0.0
2023-04-05 14:30:00-04:00,8.70199966430664,8.729900360107422,8.630000114440918,8.645000457763672,10223,0.0,0.0
2023-04-05 15:30:00-04:00,8.640000343322754,8.760000228881836,8.625,8.704999923706055,79485,0.0,0.0
2023-04-06 09:30:00-04:00,8.720000267028809,8.720000267028809,8.449999809265137,8.619999885559082,60669,0.0,0.0
2023-04-06 10:30:00-04:00,8.619999885559082,8.6899995803833,8.569999694824219,8.625,17512,0.0,0.0
2023-04-06 11:30:00-04:00,8.635000228881836,8.65999984741211,8.59000015258789,8.595000267028809,25315,0.0,0.0
2023-04-06 12:30:00-04:00,8.595000267028809,8.640000343322754,8.57229995727539,8.600000381469727,11018,0.0,0.0
2023-04-06 13:30:00-04:00,8.609999656677246,8.789999961853027,8.470000267028809,8.475000381469727,57798,0.0,0.0
2023-04-06 14:30:00-04:00,8.470000267028809,8.484100341796875,8.300800323486328,8.309300422668457,42769,0.0,0.0
2023-04-06 15:30:00-04:00,8.300000190734863,8.350000381469727,8.289999961853027,8.329999923706055,44113,0.0,0.0
2023-04-10 09:30:00-04:00,7.650000095367432,7.840000152587891,7.199999809265137,7.25,531087,0.0,0.0
2023-04-10 10:30:00-04:00,7.260000228881836,7.309999942779541,6.940000057220459,6.949999809265137,164484,0.0,0.0
2023-04-10 11:30:00-04:00,6.951700210571289,6.960000038146973,6.070099830627441,6.21999979019165,385471,0.0,0.0
2023-04-10 12:30:00-04:00,6.204999923706055,6.21999979019165,6.050000190734863,6.119999885559082,159426,0.0,0.0
2023-04-10 13:30:00-04:00,6.119999885559082,6.170000076293945,6.019999980926514,6.130000114440918,159116,0.0,0.0
2023-04-10 14:30:00-04:00,6.130000114440918,6.360000133514404,6.050000190734863,6.360000133514404,164614,0.0,0.0
2023-04-10 15:30:00-04:00,6.369999885559082,6.400000095367432,6.260000228881836,6.400000095367432,117850,0.0,0.0
2023-04-11 09:30:00-04:00,6.510000228881836,6.929999828338623,6.478000164031982,6.766600131988525,219370,0.0,0.0
2023-04-11 10:30:00-04:00,6.795000076293945,7.179999828338623,6.769999980926514,7.159999847412109,156492,0.0,0.0
2023-04-11 11:30:00-04:00,7.230000019073486,7.349999904632568,7.0,7.090000152587891,94279,0.0,0.0
2023-04-11 12:30:00-04:00,7.1269001960754395,7.179999828338623,7.0432000160217285,7.139999866485596,27255,0.0,0.0
2023-04-11 13:30:00-04:00,7.1433000564575195,7.429999828338623,7.111100196838379,7.429999828338623,92653,0.0,0.0
2023-04-11 14:30:00-04:00,7.413099765777588,7.480000019073486,7.380000114440918,7.462699890136719,66304,0.0,0.0
2023-04-11 15:30:00-04:00,7.480000019073486,7.480000019073486,7.380000114440918,7.400000095367432,46470,0.0,0.0
2023-04-12 09:30:00-04:00,7.349999904632568,7.599999904632568,7.28000020980835,7.599999904632568,93564,0.0,0.0
2023-04-12 10:30:00-04:00,7.610599994659424,7.800000190734863,7.550000190734863,7.710000038146973,57798,0.0,0.0
2023-04-12 11:30:00-04:00,7.710000038146973,7.760000228881836,7.671500205993652,7.715000152587891,22070,0.0,0.0
2023-04-12 12:30:00-04:00,7.730000019073486,8.0,7.679999828338623,7.956200122833252,61900,0.0,0.0
2023-04-12 13:30:00-04:00,7.960999965667725,7.960999965667725,7.75,7.767000198364258,34372,0.0,0.0
2023-04-12 14:30:00-04:00,7.71999979019165,7.769999980926514,7.650000095367432,7.710000038146973,41454,0.0,0.0
2023-04-12 15:30:00-04:00,7.730000019073486,7.7316999435424805,7.690000057220459,7.71999979019165,9598,0.0,0.0
2023-04-13 09:30:00-04:00,7.690000057220459,8.109999656677246,7.570000171661377,8.069999694824219,66734,0.0,0.0
2023-04-13 10:30:00-04:00,8.076299667358398,8.130000114440918,7.860000133514404,7.878200054168701,55519,0.0,0.0
2023-04-13 11:30:00-04:00,7.860000133514404,7.88070011138916,7.700099945068359,7.804500102996826,18065,0.0,0.0
2023-04-13 12:30:00-04:00,7.820099830627441,7.9095001220703125,7.820099830627441,7.860000133514404,10587,0.0,0.0
2023-04-13 13:30:00-04:00,7.849999904632568,7.881700038909912,7.821899890899658,7.821899890899658,11196,0.0,0.0
2023-04-13 14:30:00-04:00,7.80109977722168,7.869999885559082,7.75,7.860000133514404,28569,0.0,0.0
2023-04-13 15:30:00-04:00,7.863900184631348,7.880000114440918,7.791500091552734,7.880000114440918,32890,0.0,0.0
2023-04-14 09:30:00-04:00,7.820000171661377,8.109999656677246,7.820000171661377,7.829999923706055,37163,0.0,0.0
2023-04-14 10:30:00-04:00,7.890399932861328,7.896500110626221,7.75,7.830100059509277,23943,0.0,0.0
2023-04-14 11:30:00-04:00,7.849999904632568,7.875,7.810100078582764,7.810100078582764,7429,0.0,0.0
2023-04-14 12:30:00-04:00,7.869999885559082,7.929999828338623,7.840099811553955,7.869999885559082,6935,0.0,0.0
2023-04-14 13:30:00-04:00,7.860000133514404,7.8607001304626465,7.760000228881836,7.809999942779541,17737,0.0,0.0
2023-04-14 14:30:00-04:00,7.849999904632568,7.900000095367432,7.809999942779541,7.826399803161621,14932,0.0,0.0
2023-04-14 15:30:00-04:00,7.8394999504089355,7.940000057220459,7.820000171661377,7.940000057220459,10827,0.0,0.0
2023-04-17 09:30:00-04:00,7.690000057220459,7.96999979019165,7.670000076293945,7.682799816131592,85558,0.0,0.0
2023-04-17 10:30:00-04:00,7.699999809265137,7.699999809265137,7.519999980926514,7.550000190734863,41502,0.0,0.0
2023-04-17 11:30:00-04:00,7.546999931335449,7.690000057220459,7.511000156402588,7.670000076293945,21926,0.0,0.0
2023-04-17 12:30:00-04:00,7.686399936676025,7.686399936676025,7.619999885559082,7.639999866485596,9241,0.0,0.0
2023-04-17 13:30:00-04:00,7.659999847412109,7.710000038146973,7.619999885559082,7.619999885559082,15526,0.0,0.0
2023-04-17 14:30:00-04:00,7.630000114440918,7.789999961853027,7.630000114440918,7.769999980926514,11187,0.0,0.0
2023-04-17 15:30:00-04:00,7.789899826049805,7.809999942779541,7.739999771118164,7.769999980926514,15835,0.0,0.0
2023-04-18 09:30:00-04:00,7.71999979019165,7.71999979019165,7.579999923706055,7.659999847412109,47093,0.0,0.0
2023-04-18 10:30:00-04:00,7.670000076293945,7.710000038146973,7.579999923706055,7.611100196838379,11268,0.0,0.0
2023-04-18 11:30:00-04:00,7.625,7.650000095367432,7.525000095367432,7.583199977874756,33297,0.0,0.0
2023-04-18 12:30:00-04:00,7.599800109863281,7.599800109863281,7.520100116729736,7.52239990234375,14081,0.0,0.0
2023-04-18 13:30:00-04:00,7.570000171661377,7.579999923706055,7.449999809265137,7.489999771118164,29105,0.0,0.0
2023-04-18 14:30:00-04:00,7.429999828338623,7.597700119018555,7.400000095367432,7.597700119018555,20393,0.0,0.0
2023-04-18 15:30:00-04:00,7.590000152587891,7.599999904632568,7.53000020980835,7.579999923706055,26906,0.0,0.0
2023-04-19 09:30:00-04:00,7.5,7.576000213623047,7.261499881744385,7.40749979019165,46827,0.0,0.0
2023-04-19 10:30:00-04:00,7.340000152587891,7.429999828338623,7.340000152587891,7.394999980926514,5965,0.0,0.0
2023-04-19 11:30:00-04:00,7.429999828338623,7.429999828338623,7.320400238037109,7.320499897003174,7320,0.0,0.0
2023-04-19 12:30:00-04:00,7.334199905395508,7.429999828338623,7.307499885559082,7.423799991607666,16989,0.0,0.0
2023-04-19 13:30:00-04:00,7.435200214385986,7.465000152587891,7.349999904632568,7.3628997802734375,11231,0.0,0.0
2023-04-19 14:30:00-04:00,7.329999923706055,7.384900093078613,7.320000171661377,7.360000133514404,18084,0.0,0.0
2023-04-19 15:30:00-04:00,7.366600036621094,7.370100021362305,7.260000228881836,7.300000190734863,52900,0.0,0.0
2023-04-20 09:30:00-04:00,7.25,7.340000152587891,7.159999847412109,7.251299858093262,23441,0.0,0.0
2023-04-20 10:30:00-04:00,7.226200103759766,7.278900146484375,7.159999847412109,7.224999904632568,43058,0.0,0.0
2023-04-20 11:30:00-04:00,7.210000038146973,7.308800220489502,7.179999828338623,7.240099906921387,26167,0.0,0.0
2023-04-20 12:30:00-04:00,7.289999961853027,7.309999942779541,7.210000038146973,7.245200157165527,18429,0.0,0.0
2023-04-20 13:30:00-04:00,7.269999980926514,7.269999980926514,7.215000152587891,7.229700088500977,5683,0.0,0.0
2023-04-20 14:30:00-04:00,7.21999979019165,7.230000019073486,7.170000076293945,7.190000057220459,17779,0.0,0.0
2023-04-20 15:30:00-04:00,7.199999809265137,7.340000152587891,7.199999809265137,7.309999942779541,93975,0.0,0.0
2023-04-21 09:30:00-04:00,7.329999923706055,7.340000152587891,7.150000095367432,7.25,17139,0.0,0.0
2023-04-21 10:30:00-04:00,7.242599964141846,7.249899864196777,7.199999809265137,7.210000038146973,1867,0.0,0.0
2023-04-21 11:30:00-04:00,7.21999979019165,7.21999979019165,7.179999828338623,7.190700054168701,11362,0.0,0.0
2023-04-21 12:30:00-04:00,7.199999809265137,7.252200126647949,7.190000057220459,7.25,32065,0.0,0.0
2023-04-21 13:30:00-04:00,7.25,7.309999942779541,7.25,7.289899826049805,6723,0.0,0.0
2023-04-21 14:30:00-04:00,7.289999961853027,7.349999904632568,7.25,7.349999904632568,21423,0.0,0.0
2023-04-21 15:30:00-04:00,7.329999923706055,7.380000114440918,7.300000190734863,7.329999923706055,18877,0.0,0.0
2023-04-24 09:30:00-04:00,7.21999979019165,7.429999828338623,7.21999979019165,7.380000114440918,28743,0.0,0.0
2023-04-24 10:30:00-04:00,7.400000095367432,7.409999847412109,7.28000020980835,7.360000133514404,19659,0.0,0.0
2023-04-24 11:30:00-04:00,7.364999771118164,7.514999866485596,7.360000133514404,7.5,29340,0.0,0.0
2023-04-24 12:30:00-04:00,7.510000228881836,7.549699783325195,7.46999979019165,7.472799777984619,13347,0.0,0.0
2023-04-24 13:30:00-04:00,7.5,7.5295000076293945,7.46999979019165,7.480000019073486,11405,0.0,0.0
2023-04-24 14:30:00-04:00,7.494999885559082,7.494999885559082,7.38100004196167,7.389999866485596,11292,0.0,0.0
2023-04-24 15:30:00-04:00,7.440000057220459,7.440000057220459,7.369999885559082,7.420000076293945,19197,0.0,0.0
2023-04-25 09:30:00-04:00,7.324999809265137,7.326499938964844,7.065000057220459,7.065000057220459,33626,0.0,0.0
2023-04-25 10:30:00-04:00,7.070000171661377,7.150000095367432,7.070000171661377,7.099999904632568,11145,0.0,0.0
2023-04-25 11:30:00-04:00,7.099999904632568,7.099999904632568,7.050000190734863,7.090000152587891,11345,0.0,0.0
2023-04-25 12:30:00-04:00,7.059999942779541,7.059999942779541,7.019999980926514,7.0243000984191895,8586,0.0,0.0
2023-04-25 13:30:00-04:00,7.045000076293945,7.055099964141846,7.010000228881836,7.055099964141846,5529,0.0,0.0
2023-04-25 14:30:00-04:00,7.065000057220459,7.090000152587891,7.039999961853027,7.049699783325195,3880,0.0,0.0
2023-04-25 15:30:00-04:00,7.039999961853027,7.040500164031982,7.0,7.033199787139893,45434,0.0,0.0
2023-04-26 09:30:00-04:00,7.130000114440918,7.190000057220459,6.849999904632568,6.949999809265137,49827,0.0,0.0
2023-04-26 10:30:00-04:00,6.949999809265137,7.08459997177124,6.949999809265137,7.019999980926514,34622,0.0,0.0
2023-04-26 11:30:00-04:00,7.069900035858154,7.130000114440918,6.929999828338623,7.0,46552,0.0,0.0
2023-04-26 12:30:00-04:00,7.0,7.010000228881836,6.931700229644775,6.949999809265137,7972,0.0,0.0
2023-04-26 13:30:00-04:00,6.946700096130371,6.980000019073486,6.869999885559082,6.880000114440918,23595,0.0,0.0
2023-04-26 14:30:00-04:00,6.880000114440918,6.949999809265137,6.880000114440918,6.881999969482422,15447,0.0,0.0
2023-04-26 15:30:00-04:00,6.914599895477295,6.920000076293945,6.869999885559082,6.920000076293945,20671,0.0,0.0
2023-04-27 09:30:00-04:00,6.889999866485596,7.090000152587891,6.849999904632568,7.0,25185,0.0,0.0
2023-04-27 10:30:00-04:00,6.8694000244140625,6.96999979019165,6.8694000244140625,6.96999979019165,8426,0.0,0.0
2023-04-27 11:30:00-04:00,6.945000171661377,6.9781999588012695,6.880000114440918,6.880000114440918,9241,0.0,0.0
2023-04-27 12:30:00-04:00,6.90500020980835,6.929999828338623,6.849999904632568,6.855000019073486,33481,0.0,0.0
2023-04-27 13:30:00-04:00,6.849999904632568,6.860000133514404,6.769999980926514,6.780200004577637,21747,0.0,0.0
2023-04-27 14:30:00-04:00,6.799499988555908,6.799499988555908,6.659999847412109,6.659999847412109,44068,0.0,0.0
2023-04-27 15:30:00-04:00,6.659999847412109,6.699999809265137,6.644999980926514,6.679999828338623,35916,0.0,0.0
2023-04-28 09:30:00-04:00,6.619999885559082,6.849899768829346,6.599999904632568,6.849899768829346,28039,0.0,0.0
2023-04-28 10:30:00-04:00,6.835000038146973,6.859499931335449,6.710000038146973,6.840000152587891,19992,0.0,0.0
2023-04-28 11:30:00-04:00,6.840000152587891,6.900000095367432,6.829999923706055,6.900000095367432,19156,0.0,0.0
2023-04-28 12:30:00-04:00,6.9191999435424805,6.970600128173828,6.860000133514404,6.954999923706055,17236,0.0,0.0
2023-04-28 13:30:00-04:00,6.960000038146973,6.980000019073486,6.880000114440918,6.949999809265137,40446,0.0,0.0
2023-04-28 14:30:00-04:00,6.900100231170654,7.0,6.900100231170654,6.945000171661377,38489,0.0,0.0
2023-04-28 15:30:00-04:00,6.960000038146973,6.981100082397461,6.920000076293945,6.929999828338623,28538,0.0,0.0
2023-05-01 09:30:00-04:00,6.940000057220459,7.079999923706055,6.92140007019043,7.0,38248,0.0,0.0
2023-05-01 10:30:00-04:00,6.960000038146973,7.010000228881836,6.909999847412109,6.940000057220459,14465,0.0,0.0
2023-05-01 11:30:00-04:00,6.949999809265137,6.980000019073486,6.909999847412109,6.949999809265137,16607,0.0,0.0
2023-05-01 12:30:00-04:00,6.938000202178955,6.96999979019165,6.800000190734863,6.840000152587891,20908,0.0,0.0
2023-05-01 13:30:00-04:00,6.855000019073486,6.855000019073486,6.75,6.760000228881836,17809,0.0,0.0
2023-05-01 14:30:00-04:00,6.772500038146973,6.775000095367432,6.639999866485596,6.650000095367432,35800,0.0,0.0
2023-05-01 15:30:00-04:00,6.670000076293945,6.730000019073486,6.610000133514404,6.730000019073486,28139,0.0,0.0
2023-05-02 09:30:00-04:00,6.789999961853027,6.789999961853027,6.46999979019165,6.53000020980835,49507,0.0,0.0
2023-05-02 10:30:00-04:00,6.53000020980835,6.53000020980835,6.389999866485596,6.400000095367432,36280,0.0,0.0
2023-05-02 11:30:00-04:00,6.400000095367432,6.429900169372559,6.349999904632568,6.389999866485596,33965,0.0,0.0
2023-05-02 12:30:00-04:00,6.369999885559082,6.400000095367432,6.349999904632568,6.380000114440918,13860,0.0,0.0
2023-05-02 13:30:00-04:00,6.380000114440918,6.389999866485596,6.28000020980835,6.315000057220459,30243,0.0,0.0
2023-05-02 14:30:00-04:00,6.300000190734863,6.300000190734863,6.241499900817871,6.260499954223633,21653,0.0,0.0
2023-05-02 15:30:00-04:00,6.260000228881836,6.269999980926514,6.199999809265137,6.269999980926514,49044,0.0,0.0
2023-05-03 09:30:00-04:00,6.230000019073486,6.260000228881836,6.099999904632568,6.199999809265137,39607,0.0,0.0
2023-05-03 10:30:00-04:00,6.210000038146973,6.2399001121521,6.110000133514404,6.110000133514404,19052,0.0,0.0
2023-05-03 11:30:00-04:00,6.135000228881836,6.150000095367432,5.989999771118164,6.039999961853027,76733,0.0,0.0
2023-05-03 12:30:00-04:00,6.050000190734863,6.059999942779541,6.0,6.045000076293945,19962,0.0,0.0
2023-05-03 13:30:00-04:00,6.045000076293945,6.062699794769287,6.0,6.050000190734863,16717,0.0,0.0
2023-05-03 14:30:00-04:00,6.059999942779541,6.059999942779541,6.0100998878479,6.0100998878479,15250,0.0,0.0
2023-05-03 15:30:00-04:00,6.005000114440918,6.03000020980835,5.989999771118164,6.0,34939,0.0,0.0
2023-05-04 09:30:00-04:00,5.960000038146973,6.085000038146973,5.880000114440918,5.880000114440918,39550,0.0,0.0
2023-05-04 10:30:00-04:00,5.869999885559082,5.929999828338623,5.860000133514404,5.900000095367432,12172,0.0,0.0
2023-05-04 11:30:00-04:00,5.863999843597412,5.900000095367432,5.78000020980835,5.789999961853027,56680,0.0,0.0
2023-05-04 12:30:00-04:00,5.790200233459473,5.820000171661377,5.769999980926514,5.809999942779541,12927,0.0,0.0
2023-05-04 13:30:00-04:00,5.789999961853027,5.789999961853027,5.639999866485596,5.715000152587891,91648,0.0,0.0
2023-05-04 14:30:00-04:00,5.710000038146973,5.739999771118164,5.670000076293945,5.691999912261963,10183,0.0,0.0
2023-05-04 15:30:00-04:00,5.679999828338623,5.698200225830078,5.619999885559082,5.639999866485596,41301,0.0,0.0
2023-05-05 09:30:00-04:00,5.71999979019165,5.940000057220459,5.71999979019165,5.829999923706055,55821,0.0,0.0
2023-05-05 10:30:00-04:00,5.835000038146973,5.840000152587891,5.710000038146973,5.760000228881836,26713,0.0,0.0
2023-05-05 11:30:00-04:00,5.760000228881836,5.818999767303467,5.75,5.818999767303467,9037,0.0,0.0
2023-05-05 12:30:00-04:00,5.789999961853027,5.809999942779541,5.769999980926514,5.773499965667725,12277,0.0,0.0
2023-05-05 13:30:00-04:00,5.779900074005127,5.800000190734863,5.710000038146973,5.75,39673,0.0,0.0
2023-05-05 14:30:00-04:00,5.769999980926514,5.801499843597412,5.769999980926514,5.797699928283691,11376,0.0,0.0
2023-05-05 15:30:00-04:00,5.797399997711182,5.820000171661377,5.75,5.760000228881836,28882,0.0,0.0
2023-05-08 09:30:00-04:00,5.900000095367432,5.940000057220459,5.760000228881836,5.800000190734863,112449,0.0,0.0
2023-05-08 10:30:00-04:00,5.809999942779541,5.9008002281188965,5.809999942779541,5.840000152587891,21455,0.0,0.0
2023-05-08 11:30:00-04:00,5.840000152587891,5.880000114440918,5.809999942779541,5.809999942779541,15554,0.0,0.0
2023-05-08 12:30:00-04:00,5.820000171661377,5.880000114440918,5.809999942779541,5.840000152587891,33160,0.0,0.0
2023-05-08 13:30:00-04:00,5.860000133514404,5.860000133514404,5.809999942779541,5.849999904632568,10405,0.0,0.0
2023-05-08 14:30:00-04:00,5.860000133514404,5.860000133514404,5.78000020980835,5.804999828338623,31602,0.0,0.0
2023-05-08 15:30:00-04:00,5.805600166320801,5.820000171661377,5.789999961853027,5.789999961853027,22707,0.0,0.0
2023-05-09 09:30:00-04:00,5.849999904632568,5.849999904632568,5.659999847412109,5.659999847412109,49860,0.0,0.0
2023-05-09 10:30:00-04:00,5.682199954986572,5.690000057220459,5.559700012207031,5.559700012207031,66198,0.0,0.0
2023-05-09 11:30:00-04:00,5.559999942779541,5.639999866485596,5.539999961853027,5.539999961853027,30107,0.0,0.0
2023-05-09 12:30:00-04:00,5.554699897766113,5.650000095367432,5.550000190734863,5.580100059509277,8867,0.0,0.0
2023-05-09 13:30:00-04:00,5.619999885559082,5.659999847412109,5.619999885559082,5.630000114440918,20217,0.0,0.0
2023-05-09 14:30:00-04:00,5.630000114440918,5.630000114440918,5.539999961853027,5.559999942779541,16992,0.0,0.0
2023-05-09 15:30:00-04:00,5.579899787902832,5.579899787902832,5.5,5.510000228881836,39036,0.0,0.0
2023-05-10 09:30:00-04:00,5.510000228881836,5.670000076293945,5.349999904632568,5.349999904632568,76096,0.0,0.0
2023-05-10 10:30:00-04:00,5.360000133514404,5.413899898529053,5.320000171661377,5.400100231170654,11932,0.0,0.0
2023-05-10 11:30:00-04:00,5.400000095367432,5.400599956512451,5.210000038146973,5.21999979019165,74157,0.0,0.0
2023-05-10 12:30:00-04:00,5.230000019073486,5.257599830627441,5.159999847412109,5.210000038146973,29012,0.0,0.0
2023-05-10 13:30:00-04:00,5.225800037384033,5.25,5.159999847412109,5.215000152587891,42450,0.0,0.0
2023-05-10 14:30:00-04:00,5.230000019073486,5.260000228881836,5.190000057220459,5.190100193023682,25036,0.0,0.0
2023-05-10 15:30:00-04:00,5.179999828338623,5.180099964141846,5.099999904632568,5.130000114440918,59681,0.0,0.0
2023-05-11 09:30:00-04:00,5.199999809265137,5.199999809265137,4.869999885559082,4.909999847412109,139087,0.0,0.0
2023-05-11 10:30:00-04:00,4.910099983215332,4.936299800872803,4.769999980926514,4.840000152587891,71180,0.0,0.0
2023-05-11 11:30:00-04:00,4.849999904632568,4.870699882507324,4.739999771118164,4.795000076293945,43432,0.0,0.0
2023-05-11 12:30:00-04:00,4.809999942779541,4.909999847412109,4.800000190734863,4.909999847412109,34197,0.0,0.0
2023-05-11 13:30:00-04:00,4.900000095367432,4.900000095367432,4.820000171661377,4.840000152587891,26724,0.0,0.0
2023-05-11 14:30:00-04:00,4.859899997711182,5.0,4.820000171661377,4.920000076293945,26285,0.0,0.0
2023-05-11 15:30:00-04:00,4.889999866485596,4.900000095367432,4.840000152587891,4.900000095367432,34474,0.0,0.0
2023-05-12 09:30:00-04:00,4.889999866485596,5.070000171661377,4.849999904632568,4.869999885559082,72455,0.0,0.0
2023-05-12 10:30:00-04:00,4.869999885559082,4.940000057220459,4.829999923706055,4.859899997711182,34985,0.0,0.0
2023-05-12 11:30:00-04:00,4.848599910736084,4.859899997711182,4.809999942779541,4.829999923706055,25126,0.0,0.0
2023-05-12 12:30:00-04:00,4.840000152587891,4.855000019073486,4.809999942779541,4.849999904632568,16219,0.0,0.0
2023-05-12 13:30:00-04:00,4.869999885559082,4.869999885559082,4.820099830627441,4.840000152587891,26351,0.0,0.0
2023-05-12 14:30:00-04:00,4.837399959564209,4.840000152587891,4.769999980926514,4.800000190734863,39794,0.0,0.0
2023-05-12 15:30:00-04:00,4.796999931335449,4.809999942779541,4.78000020980835,4.789999961853027,26347,0.0,0.0
2023-05-15 09:30:00-04:00,4.809999942779541,4.90749979019165,4.800000190734863,4.840000152587891,30004,0.0,0.0
2023-05-15 10:30:00-04:00,4.860000133514404,4.90500020980835,4.860000133514404,4.889999866485596,23744,0.0,0.0
2023-05-15 11:30:00-04:00,4.902500152587891,4.909999847412109,4.860000133514404,4.889999866485596,24779,0.0,0.0
2023-05-15 12:30:00-04:00,4.90500020980835,4.920000076293945,4.880000114440918,4.889999866485596,17219,0.0,0.0
2023-05-15 13:30:00-04:00,4.876500129699707,4.920000076293945,4.869999885559082,4.900000095367432,23574,0.0,0.0
2023-05-15 14:30:00-04:00,4.900000095367432,5.01609992980957,4.880000114440918,4.989999771118164,31277,0.0,0.0
2023-05-15 15:30:00-04:00,4.981900215148926,5.019999980926514,4.960000038146973,5.019999980926514,41694,0.0,0.0
2023-05-16 09:30:00-04:00,5.0,5.149400234222412,4.849999904632568,5.119999885559082,122922,0.0,0.0
2023-05-16 10:30:00-04:00,5.130000114440918,5.159999847412109,5.079999923706055,5.130000114440918,66933,0.0,0.0
2023-05-16 11:30:00-04:00,5.130000114440918,5.170000076293945,5.059999942779541,5.110000133514404,91871,0.0,0.0
2023-05-16 12:30:00-04:00,5.119999885559082,5.130000114440918,5.070000171661377,5.070000171661377,64967,0.0,0.0
2023-05-16 13:30:00-04:00,5.070000171661377,5.21999979019165,5.045000076293945,5.199999809265137,84446,0.0,0.0
2023-05-16 14:30:00-04:00,5.199999809265137,5.239999771118164,5.179999828338623,5.179999828338623,64163,0.0,0.0
2023-05-16 15:30:00-04:00,5.190000057220459,5.210000038146973,5.119999885559082,5.119999885559082,47177,0.0,0.0
2023-05-17 09:30:00-04:00,5.119999885559082,5.119999885559082,5.039999961853027,5.110000133514404,76057,0.0,0.0
2023-05-17 10:30:00-04:00,5.117300033569336,5.119999885559082,5.079999923706055,5.090000152587891,22571,0.0,0.0
2023-05-17 11:30:00-04:00,5.090000152587891,5.119999885559082,5.079999923706055,5.110000133514404,55703,0.0,0.0
2023-05-17 12:30:00-04:00,5.099999904632568,5.170000076293945,5.090000152587891,5.150000095367432,43382,0.0,0.0
2023-05-17 13:30:00-04:00,5.159999847412109,5.230000019073486,5.135000228881836,5.170000076293945,152013,0.0,0.0
2023-05-17 14:30:00-04:00,5.170000076293945,5.229899883270264,5.170000076293945,5.210000038146973,45217,0.0,0.0
2023-05-17 15:30:00-04:00,5.204999923706055,5.239999771118164,5.199999809265137,5.230000019073486,29015,0.0,0.0
2023-05-18 09:30:00-04:00,5.320000171661377,5.320000171661377,4.849999904632568,5.0,184136,0.0,0.0
2023-05-18 10:30:00-04:00,5.010000228881836,5.019999980926514,4.949999809265137,4.980000019073486,38604,0.0,0.0
2023-05-18 11:30:00-04:00,4.96999979019165,4.985799789428711,4.929999828338623,4.945000171661377,25426,0.0,0.0
2023-05-18 12:30:00-04:00,4.945000171661377,4.949999809265137,4.900000095367432,4.900000095367432,20842,0.0,0.0
2023-05-18 13:30:00-04:00,4.900000095367432,4.949999809265137,4.889999866485596,4.945000171661377,34137,0.0,0.0
2023-05-18 14:30:00-04:00,4.95989990234375,4.960000038146973,4.920000076293945,4.920000076293945,28209,0.0,0.0
2023-05-18 15:30:00-04:00,4.934999942779541,5.010000228881836,4.920000076293945,4.989999771118164,22487,0.0,0.0
2023-05-19 09:30:00-04:00,5.130000114440918,5.168399810791016,5.010000228881836,5.039999961853027,33901,0.0,0.0
2023-05-19 10:30:00-04:00,5.039999961853027,5.137700080871582,5.019999980926514,5.019999980926514,25781,0.0,0.0
2023-05-19 11:30:00-04:00,5.010000228881836,5.010000228881836,4.958799839019775,4.960000038146973,15425,0.0,0.0
2023-05-19 12:30:00-04:00,4.965000152587891,5.025000095367432,4.949999809265137,4.951300144195557,12137,0.0,0.0
2023-05-19 13:30:00-04:00,4.960000038146973,4.96999979019165,4.929999828338623,4.949999809265137,14173,0.0,0.0
2023-05-19 14:30:00-04:00,4.940000057220459,4.988500118255615,4.934999942779541,4.96999979019165,13056,0.0,0.0
2023-05-19 15:30:00-04:00,4.960000038146973,5.019999980926514,4.960000038146973,5.019999980926514,12486,0.0,0.0
2023-05-22 09:30:00-04:00,5.03000020980835,5.090000152587891,4.96999979019165,5.025000095367432,25111,0.0,0.0
2023-05-22 10:30:00-04:00,5.039999961853027,5.059999942779541,4.900000095367432,4.969200134277344,27850,0.0,0.0
2023-05-22 11:30:00-04:00,4.940000057220459,4.96999979019165,4.860000133514404,4.90500020980835,53273,0.0,0.0
2023-05-22 12:30:00-04:00,4.90500020980835,4.920000076293945,4.829999923706055,4.860000133514404,36795,0.0,0.0
2023-05-22 13:30:00-04:00,4.860000133514404,4.889999866485596,4.829999923706055,4.869999885559082,38038,0.0,0.0
2023-05-22 14:30:00-04:00,4.864999771118164,4.90500020980835,4.849999904632568,4.850800037384033,19556,0.0,0.0
2023-05-22 15:30:00-04:00,4.849999904632568,4.8506999015808105,4.820000171661377,4.849999904632568,32619,0.0,0.0
2023-05-23 09:30:00-04:00,4.949999809265137,5.139900207519531,4.880000114440918,5.114999771118164,44604,0.0,0.0
2023-05-23 10:30:00-04:00,5.114999771118164,5.2357001304626465,5.0945000648498535,5.210100173950195,46387,0.0,0.0
2023-05-23 11:30:00-04:00,5.210000038146973,5.379899978637695,5.190000057220459,5.356500148773193,49192,0.0,0.0
2023-05-23 12:30:00-04:00,5.360000133514404,5.435200214385986,5.329999923706055,5.349999904632568,45922,0.0,0.0
2023-05-23 13:30:00-04:00,5.34499979019165,5.369999885559082,5.260200023651123,5.289999961853027,20352,0.0,0.0
2023-05-23 14:30:00-04:00,5.289999961853027,5.380000114440918,5.289999961853027,5.369999885559082,26157,0.0,0.0
2023-05-23 15:30:00-04:00,5.360000133514404,5.389999866485596,5.349999904632568,5.380000114440918,14095,0.0,0.0
2023-05-24 09:30:00-04:00,5.480000019073486,5.480000019073486,5.300000190734863,5.349999904632568,38022,0.0,0.0
2023-05-24 10:30:00-04:00,5.329999923706055,5.505000114440918,5.329999923706055,5.489999771118164,15452,0.0,0.0
2023-05-24 11:30:00-04:00,5.490099906921387,5.565000057220459,5.484799861907959,5.489999771118164,36788,0.0,0.0
2023-05-24 12:30:00-04:00,5.507599830627441,5.507599830627441,5.420000076293945,5.449999809265137,21968,0.0,0.0
2023-05-24 13:30:00-04:00,5.4446001052856445,5.449999809265137,5.340000152587891,5.340000152587891,18703,0.0,0.0
2023-05-24 14:30:00-04:00,5.355000019073486,5.429999828338623,5.309999942779541,5.369999885559082,21346,0.0,0.0
2023-05-24 15:30:00-04:00,5.340000152587891,5.369999885559082,5.329999923706055,5.349999904632568,12189,0.0,0.0
2023-05-25 09:30:00-04:00,5.269999980926514,5.269999980926514,5.019999980926514,5.058599948883057,69033,0.0,0.0
2023-05-25 10:30:00-04:00,5.019999980926514,5.079999923706055,4.980000019073486,5.001399993896484,56684,0.0,0.0
2023-05-25 11:30:00-04:00,5.0,5.01230001449585,4.942699909210205,4.989999771118164,19659,0.0,0.0
2023-05-25 12:30:00-04:00,5.0,5.03000020980835,4.989999771118164,5.010000228881836,12133,0.0,0.0
2023-05-25 13:30:00-04:00,5.017399787902832,5.070000171661377,4.949999809265137,5.034999847412109,39725,0.0,0.0
2023-05-25 14:30:00-04:00,5.019999980926514,5.070000171661377,4.980000019073486,5.050000190734863,17248,0.0,0.0
2023-05-25 15:30:00-04:00,5.039999961853027,5.050000190734863,5.010000228881836,5.050000190734863,13202,0.0,0.0
2023-05-26 09:30:00-04:00,5.170000076293945,5.190000057220459,5.099999904632568,5.119999885559082,19948,0.0,0.0
2023-05-26 10:30:00-04:00,5.15500020980835,5.15500020980835,5.03000020980835,5.03000020980835,13929,0.0,0.0
2023-05-26 11:30:00-04:00,5.03000020980835,5.079999923706055,5.03000020980835,5.079999923706055,5147,0.0,0.0
2023-05-26 12:30:00-04:00,5.090000152587891,5.109899997711182,5.079999923706055,5.099999904632568,6571,0.0,0.0
2023-05-26 13:30:00-04:00,5.099999904632568,5.150000095367432,5.099999904632568,5.135700225830078,4875,0.0,0.0
2023-05-26 14:30:00-04:00,5.135000228881836,5.163000106811523,5.079999923706055,5.119999885559082,13856,0.0,0.0
2023-05-26 15:30:00-04:00,5.110000133514404,5.139999866485596,5.099999904632568,5.130000114440918,18245,0.0,0.0
2023-05-30 09:30:00-04:00,5.105000019073486,5.105000019073486,4.840000152587891,4.840000152587891,77782,0.0,0.0
2023-05-30 10:30:00-04:00,4.855400085449219,4.909999847412109,4.849999904632568,4.849999904632568,34253,0.0,0.0
2023-05-30 11:30:00-04:00,4.850900173187256,4.889999866485596,4.850100040435791,4.869999885559082,13051,0.0,0.0
2023-05-30 12:30:00-04:00,4.900000095367432,4.945000171661377,4.869999885559082,4.909999847412109,20083,0.0,0.0
2023-05-30 13:30:00-04:00,4.943299770355225,5.039999961853027,4.909999847412109,5.019999980926514,7626,0.0,0.0
2023-05-30 14:30:00-04:00,5.010000228881836,5.03000020980835,4.96999979019165,5.0005998611450195,11243,0.0,0.0
2023-05-30 15:30:00-04:00,4.989999771118164,5.039999961853027,4.989999771118164,5.019999980926514,8335,0.0,0.0
2023-05-31 09:30:00-04:00,4.960000038146973,4.960000038146973,4.864999771118164,4.885000228881836,76623,0.0,0.0
2023-05-31 10:30:00-04:00,4.900000095367432,4.900000095367432,4.7758002281188965,4.869999885559082,100314,0.0,0.0
2023-05-31 11:30:00-04:00,4.840000152587891,4.866199970245361,4.810100078582764,4.866199970245361,7100,0.0,0.0
2023-05-31 12:30:00-04:00,4.849999904632568,4.869999885559082,4.820000171661377,4.84499979019165,6845,0.0,0.0
2023-05-31 13:30:00-04:00,4.8414998054504395,4.842199802398682,4.809999942779541,4.820000171661377,5832,0.0,0.0
2023-05-31 14:30:00-04:00,4.829999923706055,4.829999923706055,4.760900020599365,4.760900020599365,30423,0.0,0.0
2023-05-31 15:30:00-04:00,4.760000228881836,4.809999942779541,4.760000228881836,4.809999942779541,11911,0.0,0.0
2023-06-01 09:30:00-04:00,4.829999923706055,4.940000057220459,4.829999923706055,4.9004998207092285,29375,0.0,0.0
2023-06-01 10:30:00-04:00,4.940000057220459,5.170000076293945,4.880099773406982,5.170000076293945,36434,0.0,0.0
2023-06-01 11:30:00-04:00,5.130000114440918,5.139999866485596,5.055600166320801,5.099999904632568,12943,0.0,0.0
2023-06-01 12:30:00-04:00,5.100100040435791,5.130000114440918,5.070000171661377,5.085000038146973,7241,0.0,0.0
2023-06-01 13:30:00-04:00,5.090000152587891,5.130000114440918,5.090000152587891,5.099999904632568,12751,0.0,0.0
2023-06-01 14:30:00-04:00,5.096499919891357,5.15500020980835,5.090000152587891,5.135000228881836,29024,0.0,0.0
2023-06-01 15:30:00-04:00,5.110000133514404,5.159999847412109,5.110000133514404,5.130000114440918,19941,0.0,0.0
2023-06-02 09:30:00-04:00,5.21999979019165,5.599999904632568,5.21999979019165,5.579999923706055,70003,0.0,0.0
2023-06-02 10:30:00-04:00,5.550000190734863,5.570000171661377,5.389999866485596,5.46999979019165,49945,0.0,0.0
2023-06-02 11:30:00-04:00,5.449999809265137,5.519499778747559,5.349999904632568,5.5046000480651855,25260,0.0,0.0
2023-06-02 12:30:00-04:00,5.506999969482422,5.5183000564575195,5.410099983215332,5.480000019073486,28751,0.0,0.0
2023-06-02 13:30:00-04:00,5.480000019073486,5.5,5.429999828338623,5.5,14971,0.0,0.0
2023-06-02 14:30:00-04:00,5.480000019073486,5.539999961853027,5.460000038146973,5.510000228881836,43306,0.0,0.0
2023-06-02 15:30:00-04:00,5.519999980926514,5.570000171661377,5.510000228881836,5.565000057220459,55885,0.0,0.0
2023-06-05 09:30:00-04:00,5.739999771118164,5.760000228881836,5.489999771118164,5.550000190734863,104196,0.0,0.0
2023-06-05 10:30:00-04:00,5.559999942779541,5.659999847412109,5.449999809265137,5.550000190734863,31499,0.0,0.0
2023-06-05 11:30:00-04:00,5.550000190734863,5.6092000007629395,5.53000020980835,5.539999961853027,12239,0.0,0.0
2023-06-05 12:30:00-04:00,5.550000190734863,5.565400123596191,5.494999885559082,5.494999885559082,4893,0.0,0.0
2023-06-05 13:30:00-04:00,5.494999885559082,5.519499778747559,5.449999809265137,5.460000038146973,8050,0.0,0.0
2023-06-05 14:30:00-04:00,5.440000057220459,5.488900184631348,5.369999885559082,5.369999885559082,20610,0.0,0.0
2023-06-05 15:30:00-04:00,5.369999885559082,5.419899940490723,5.360000133514404,5.360000133514404,10871,0.0,0.0
2023-06-06 09:30:00-04:00,5.380000114440918,5.380000114440918,5.03000020980835,5.119999885559082,70632,0.0,0.0
2023-06-06 10:30:00-04:00,5.150000095367432,5.452700138092041,5.140100002288818,5.380000114440918,39801,0.0,0.0
2023-06-06 11:30:00-04:00,5.360099792480469,5.389999866485596,5.260000228881836,5.300000190734863,13268,0.0,0.0
2023-06-06 12:30:00-04:00,5.300000190734863,5.309999942779541,5.260000228881836,5.298900127410889,9261,0.0,0.0
2023-06-06 13:30:00-04:00,5.300000190734863,5.329999923706055,5.247799873352051,5.289999961853027,13656,0.0,0.0
2023-06-06 14:30:00-04:00,5.28000020980835,5.340000152587891,5.260000228881836,5.269999980926514,20324,0.0,0.0
2023-06-06 15:30:00-04:00,5.269999980926514,5.329999923706055,5.269999980926514,5.300000190734863,12237,0.0,0.0
2023-06-07 09:30:00-04:00,5.289999961853027,5.429999828338623,5.289999961853027,5.372499942779541,30991,0.0,0.0
2023-06-07 10:30:00-04:00,5.349999904632568,5.46999979019165,5.349999904632568,5.419300079345703,41349,0.0,0.0
2023-06-07 11:30:00-04:00,5.440000057220459,5.45989990234375,5.360099792480469,5.376299858093262,14168,0.0,0.0
2023-06-07 12:30:00-04:00,5.369999885559082,5.399099826812744,5.360000133514404,5.369999885559082,5224,0.0,0.0
2023-06-07 13:30:00-04:00,5.369999885559082,5.400000095367432,5.369999885559082,5.389999866485596,5871,0.0,0.0
2023-06-07 14:30:00-04:00,5.389999866485596,5.389999866485596,5.357999801635742,5.357999801635742,5749,0.0,0.0
2023-06-07 15:30:00-04:00,5.355000019073486,5.369999885559082,5.309999942779541,5.340000152587891,14408,0.0,0.0
2023-06-08 09:30:00-04:00,5.449999809265137,5.449999809265137,5.321499824523926,5.340000152587891,25386,0.0,0.0
2023-06-08 10:30:00-04:00,5.348999977111816,5.440000057220459,5.329999923706055,5.329999923706055,20650,0.0,0.0
2023-06-08 11:30:00-04:00,5.330100059509277,5.3302998542785645,5.150000095367432,5.260000228881836,31944,0.0,0.0
2023-06-08 12:30:00-04:00,5.239999771118164,5.353000164031982,5.239999771118164,5.353000164031982,12606,0.0,0.0
2023-06-08 13:30:00-04:00,5.348100185394287,5.3769001960754395,5.340099811553955,5.355000019073486,10014,0.0,0.0
2023-06-08 14:30:00-04:00,5.379899978637695,5.379899978637695,5.340099811553955,5.3618998527526855,12538,0.0,0.0
2023-06-08 15:30:00-04:00,5.378600120544434,5.429999828338623,5.340000152587891,5.340000152587891,36020,0.0,0.0
2023-06-09 09:30:00-04:00,5.349999904632568,5.369999885559082,5.21999979019165,5.230000019073486,22969,0.0,0.0
2023-06-09 10:30:00-04:00,5.269999980926514,5.289999961853027,5.21999979019165,5.21999979019165,10731,0.0,0.0
2023-06-09 11:30:00-04:00,5.265600204467773,5.265600204467773,5.210000038146973,5.21999979019165,9823,0.0,0.0
2023-06-09 12:30:00-04:00,5.229899883270264,5.229899883270264,5.210000038146973,5.21999979019165,4508,0.0,0.0
2023-06-09 13:30:00-04:00,5.227700233459473,5.227700233459473,5.135000228881836,5.175000190734863,24303,0.0,0.0
2023-06-09 14:30:00-04:00,5.175000190734863,5.179999828338623,5.125,5.179999828338623,28223,0.0,0.0
2023-06-09 15:30:00-04:00,5.159999847412109,5.21999979019165,5.159999847412109,5.21999979019165,16904,0.0,0.0
2023-06-12 09:30:00-04:00,5.170000076293945,5.199999809265137,5.010000228881836,5.069900035858154,64724,0.0,0.0
2023-06-12 10:30:00-04:00,5.05709981918335,5.139999866485596,5.019999980926514,5.113699913024902,34748,0.0,0.0
2023-06-12 11:30:00-04:00,5.139900207519531,5.139900207519531,5.059999942779541,5.090000152587891,7471,0.0,0.0
2023-06-12 12:30:00-04:00,5.090000152587891,5.099999904632568,5.079999923706055,5.0802998542785645,3338,0.0,0.0
2023-06-12 13:30:00-04:00,5.098700046539307,5.119999885559082,5.070000171661377,5.119999885559082,19083,0.0,0.0
2023-06-12 14:30:00-04:00,5.125,5.159999847412109,5.060100078582764,5.079999923706055,16673,0.0,0.0
2023-06-12 15:30:00-04:00,5.099899768829346,5.110000133514404,5.070000171661377,5.090000152587891,9122,0.0,0.0
2023-06-13 09:30:00-04:00,5.110000133514404,5.329999923706055,5.110000133514404,5.329999923706055,58648,0.0,0.0
2023-06-13 10:30:00-04:00,5.329999923706055,5.349999904632568,5.2835001945495605,5.300000190734863,20770,0.0,0.0
2023-06-13 11:30:00-04:00,5.289999961853027,5.349999904632568,5.274600028991699,5.349999904632568,19191,0.0,0.0
2023-06-13 12:30:00-04:00,5.369999885559082,5.400000095367432,5.340000152587891,5.39900016784668,21668,0.0,0.0
2023-06-13 13:30:00-04:00,5.376699924468994,5.399899959564209,5.360000133514404,5.360000133514404,11125,0.0,0.0
2023-06-13 14:30:00-04:00,5.378499984741211,5.378499984741211,5.309999942779541,5.324999809265137,12039,0.0,0.0
2023-06-13 15:30:00-04:00,5.320000171661377,5.360000133514404,5.320000171661377,5.360000133514404,22975,0.0,0.0
2023-06-14 09:30:00-04:00,5.440000057220459,5.440000057220459,5.329999923706055,5.364799976348877,13537,0.0,0.0
2023-06-14 10:30:00-04:00,5.340000152587891,5.380000114440918,5.329999923706055,5.3429999351501465,13741,0.0,0.0
2023-06-14 11:30:00-04:00,5.329999923706055,5.329999923706055,5.199999809265137,5.300000190734863,39813,0.0,0.0
2023-06-14 12:30:00-04:00,5.295000076293945,5.329999923706055,5.264999866485596,5.300000190734863,11567,0.0,0.0
2023-06-14 13:30:00-04:00,5.3069000244140625,5.309999942779541,5.271999835968018,5.28000020980835,6202,0.0,0.0
2023-06-14 14:30:00-04:00,5.289999961853027,5.360000133514404,5.28000020980835,5.320000171661377,11816,0.0,0.0
2023-06-14 15:30:00-04:00,5.324999809265137,5.324999809265137,5.269999980926514,5.320000171661377,14216,0.0,0.0
2023-06-15 09:30:00-04:00,5.28000020980835,5.429999828338623,5.28000020980835,5.400100231170654,26950,0.0,0.0
2023-06-15 10:30:00-04:00,5.400000095367432,5.489999771118164,5.380099773406982,5.489999771118164,11274,0.0,0.0
2023-06-15 11:30:00-04:00,5.480000019073486,5.570000171661377,5.470300197601318,5.510000228881836,22573,0.0,0.0
2023-06-15 12:30:00-04:00,5.5,5.599899768829346,5.449999809265137,5.559999942779541,29995,0.0,0.0
2023-06-15 13:30:00-04:00,5.579999923706055,5.639999866485596,5.565000057220459,5.630000114440918,13961,0.0,0.0
2023-06-15 14:30:00-04:00,5.619999885559082,5.620100021362305,5.510000228881836,5.510000228881836,23194,0.0,0.0
2023-06-15 15:30:00-04:00,5.522299766540527,5.550000190734863,5.510000228881836,5.550000190734863,14094,0.0,0.0
2023-06-16 09:30:00-04:00,5.53000020980835,5.820000171661377,5.449999809265137,5.789999961853027,75679,0.0,0.0
2023-06-16 10:30:00-04:00,5.789999961853027,5.809999942779541,5.710000038146973,5.809999942779541,53050,0.0,0.0
2023-06-16 11:30:00-04:00,5.809999942779541,5.96999979019165,5.809999942779541,5.929999828338623,51114,0.0,0.0
2023-06-16 12:30:00-04:00,5.934999942779541,6.050000190734863,5.920000076293945,5.978499889373779,39922,0.0,0.0
2023-06-16 13:30:00-04:00,5.960000038146973,6.079999923706055,5.900100231170654,6.050000190734863,41012,0.0,0.0
2023-06-16 14:30:00-04:00,6.050000190734863,6.159999847412109,6.0,6.0106000900268555,123299,0.0,0.0
2023-06-16 15:30:00-04:00,6.0,6.010000228881836,5.901000022888184,5.909999847412109,43289,0.0,0.0
2023-06-20 09:30:00-04:00,5.909999847412109,5.909999847412109,5.409999847412109,5.421500205993652,180055,0.0,0.0
2023-06-20 10:30:00-04:00,5.460000038146973,5.563000202178955,5.410099983215332,5.460400104522705,45975,0.0,0.0
2023-06-20 11:30:00-04:00,5.479899883270264,5.480000019073486,5.429999828338623,5.460000038146973,17567,0.0,0.0
2023-06-20 12:30:00-04:00,5.460000038146973,5.474999904632568,5.420000076293945,5.460000038146973,28464,0.0,0.0
2023-06-20 13:30:00-04:00,5.46999979019165,5.559999942779541,5.46999979019165,5.539999961853027,32556,0.0,0.0
2023-06-20 14:30:00-04:00,5.505000114440918,5.53000020980835,5.480000019073486,5.5,5886,0.0,0.0
2023-06-20 15:30:00-04:00,5.519999980926514,5.560999870300293,5.510000228881836,5.528800010681152,22943,0.0,0.0
2023-06-21 09:30:00-04:00,5.599999904632568,5.789999961853027,5.545300006866455,5.75,17360,0.0,0.0
2023-06-21 10:30:00-04:00,5.787600040435791,5.787600040435791,5.550000190734863,5.550000190734863,29278,0.0,0.0
2023-06-21 11:30:00-04:00,5.5559000968933105,5.630000114440918,5.5559000968933105,5.630000114440918,11724,0.0,0.0
2023-06-21 12:30:00-04:00,5.649899959564209,5.664999961853027,5.630000114440918,5.65500020980835,11830,0.0,0.0
2023-06-21 13:30:00-04:00,5.679999828338623,5.688499927520752,5.599999904632568,5.610000133514404,10712,0.0,0.0
2023-06-21 14:30:00-04:00,5.610099792480469,5.627999782562256,5.550000190734863,5.599999904632568,9422,0.0,0.0
2023-06-21 15:30:00-04:00,5.608099937438965,5.608099937438965,5.460000038146973,5.480000019073486,43295,0.0,0.0
2023-06-22 09:30:00-04:00,5.519999980926514,5.519999980926514,5.349999904632568,5.445000171661377,32798,0.0,0.0
2023-06-22 10:30:00-04:00,5.429999828338623,5.4583001136779785,5.380000114440918,5.380000114440918,20059,0.0,0.0
2023-06-22 11:30:00-04:00,5.400000095367432,5.409999847412109,5.380000114440918,5.384900093078613,9901,0.0,0.0
2023-06-22 12:30:00-04:00,5.385000228881836,5.389999866485596,5.329999923706055,5.338699817657471,28127,0.0,0.0
2023-06-22 13:30:00-04:00,5.332799911499023,5.357699871063232,5.289999961853027,5.289999961853027,16765,0.0,0.0
2023-06-22 14:30:00-04:00,5.309999942779541,5.360000133514404,5.300000190734863,5.360000133514404,17095,0.0,0.0
2023-06-22 15:30:00-04:00,5.300000190734863,5.340000152587891,5.289999961853027,5.340000152587891,15652,0.0,0.0
2023-06-23 09:30:00-04:00,5.360000133514404,5.360000133514404,5.150000095367432,5.179999828338623,61771,0.0,0.0
2023-06-23 10:30:00-04:00,5.170000076293945,5.230000019073486,5.170000076293945,5.230000019073486,14932,0.0,0.0
2023-06-23 11:30:00-04:00,5.263599872589111,5.28000020980835,5.230000019073486,5.28000020980835,2859,0.0,0.0
2023-06-23 12:30:00-04:00,5.260000228881836,5.288000106811523,5.230599880218506,5.270199775695801,6841,0.0,0.0
2023-06-23 13:30:00-04:00,5.275000095367432,5.297900199890137,5.199999809265137,5.207200050354004,18830,0.0,0.0
2023-06-23 14:30:00-04:00,5.20389986038208,5.20389986038208,5.18149995803833,5.18149995803833,4633,0.0,0.0
2023-06-23 15:30:00-04:00,5.205599784851074,5.205599784851074,5.135000228881836,5.170000076293945,37163,0.0,0.0
2023-06-26 09:30:00-04:00,5.199999809265137,5.320000171661377,5.199999809265137,5.289899826049805,29839,0.0,0.0
2023-06-26 10:30:00-04:00,5.269999980926514,5.269999980926514,5.21999979019165,5.255000114440918,5089,0.0,0.0
2023-06-26 11:30:00-04:00,5.244999885559082,5.25,5.21999979019165,5.248600006103516,3609,0.0,0.0
2023-06-26 12:30:00-04:00,5.224999904632568,5.224999904632568,5.159999847412109,5.169899940490723,11260,0.0,0.0
2023-06-26 13:30:00-04:00,5.159999847412109,5.190000057220459,5.159999847412109,5.190000057220459,6403,0.0,0.0
2023-06-26 14:30:00-04:00,5.159999847412109,5.199999809265137,5.119999885559082,5.199999809265137,22435,0.0,0.0
2023-06-26 15:30:00-04:00,5.199999809265137,5.21999979019165,5.175000190734863,5.21999979019165,17289,0.0,0.0
2023-06-27 09:30:00-04:00,5.190000057220459,5.309999942779541,5.190000057220459,5.25,20217,0.0,0.0
2023-06-27 10:30:00-04:00,5.25,5.25,5.190000057220459,5.210000038146973,10540,0.0,0.0
2023-06-27 11:30:00-04:00,5.230000019073486,5.230000019073486,5.139999866485596,5.139999866485596,25787,0.0,0.0
2023-06-27 12:30:00-04:00,5.139999866485596,5.188499927520752,5.133800029754639,5.150000095367432,12672,0.0,0.0
2023-06-27 13:30:00-04:00,5.178800106048584,5.190000057220459,5.150100231170654,5.159999847412109,6580,0.0,0.0
2023-06-27 14:30:00-04:00,5.150000095367432,5.150000095367432,5.070000171661377,5.090000152587891,19730,0.0,0.0
2023-06-27 15:30:00-04:00,5.099999904632568,5.130000114440918,5.079999923706055,5.110000133514404,16454,0.0,0.0
2023-06-28 09:30:00-04:00,5.050000190734863,5.110000133514404,4.960000038146973,5.03000020980835,83254,0.0,0.0
2023-06-28 10:30:00-04:00,5.070000171661377,5.110000133514404,5.039999961853027,5.110000133514404,12028,0.0,0.0
2023-06-28 11:30:00-04:00,5.101500034332275,5.105000019073486,5.059999942779541,5.059999942779541,14435,0.0,0.0
2023-06-28 12:30:00-04:00,5.05049991607666,5.056000232696533,4.989999771118164,5.010000228881836,32651,0.0,0.0
2023-06-28 13:30:00-04:00,5.0,5.019999980926514,4.985000133514404,4.9969000816345215,9384,0.0,0.0
2023-06-28 14:30:00-04:00,5.009900093078613,5.037300109863281,4.96999979019165,4.96999979019165,29146,0.0,0.0
2023-06-28 15:30:00-04:00,4.980000019073486,5.0,4.920000076293945,4.940000057220459,30688,0.0,0.0
2023-06-29 09:30:00-04:00,4.960000038146973,5.059999942779541,4.900000095367432,5.023499965667725,30997,0.0,0.0
2023-06-29 10:30:00-04:00,5.046500205993652,5.046500205993652,4.949999809265137,4.98799991607666,22820,0.0,0.0
2023-06-29 11:30:00-04:00,4.989999771118164,5.009900093078613,4.986199855804443,5.0,6349,0.0,0.0
2023-06-29 12:30:00-04:00,4.998000144958496,4.998000144958496,4.920000076293945,4.929999828338623,19019,0.0,0.0
2023-06-29 13:30:00-04:00,4.921500205993652,4.940000057220459,4.78000020980835,4.829999923706055,44742,0.0,0.0
2023-06-29 14:30:00-04:00,4.825699806213379,4.840000152587891,4.760000228881836,4.829999923706055,44758,0.0,0.0
2023-06-29 15:30:00-04:00,4.827499866485596,4.827499866485596,4.760000228881836,4.800000190734863,50440,0.0,0.0
2023-06-30 09:30:00-04:00,4.809999942779541,4.815000057220459,4.659999847412109,4.670000076293945,104512,0.0,0.0
2023-06-30 10:30:00-04:00,4.659999847412109,4.659999847412109,4.570000171661377,4.599899768829346,102729,0.0,0.0
2023-06-30 11:30:00-04:00,4.585000038146973,4.590000152587891,4.539999961853027,4.539999961853027,67576,0.0,0.0
2023-06-30 12:30:00-04:00,4.530099868774414,4.570000171661377,4.520999908447266,4.559999942779541,37541,0.0,0.0
2023-06-30 13:30:00-04:00,4.5594000816345215,4.570000171661377,4.539999961853027,4.554999828338623,45602,0.0,0.0
2023-06-30 14:30:00-04:00,4.559999942779541,4.590000152587891,4.550000190734863,4.550099849700928,26005,0.0,0.0
2023-06-30 15:30:00-04:00,4.559899806976318,4.570000171661377,4.539999961853027,4.554999828338623,37775,0.0,0.0
2023-07-03 09:30:00-04:00,4.730000019073486,4.730000019073486,4.559999942779541,4.644999980926514,115270,0.0,0.0
2023-07-03 10:30:00-04:00,4.659999847412109,4.820000171661377,4.659999847412109,4.75,53017,0.0,0.0
2023-07-03 11:30:00-04:00,4.7342000007629395,4.748600006103516,4.599999904632568,4.6305999755859375,51870,0.0,0.0
2023-07-05 09:30:00-04:00,4.730000019073486,4.760000228881836,4.699999809265137,4.730000019073486,60751,0.0,0.0
2023-07-05 10:30:00-04:00,4.724999904632568,4.909999847412109,4.710000038146973,4.909999847412109,33767,0.0,0.0
2023-07-05 11:30:00-04:00,4.869999885559082,4.980000019073486,4.861499786376953,4.920000076293945,46150,0.0,0.0
2023-07-05 12:30:00-04:00,4.929900169372559,4.957300186157227,4.885000228881836,4.956900119781494,24961,0.0,0.0
2023-07-05 13:30:00-04:00,4.940000057220459,4.948999881744385,4.814199924468994,4.814199924468994,29606,0.0,0.0
2023-07-05 14:30:00-04:00,4.829999923706055,4.849999904632568,4.789999961853027,4.829100131988525,18961,0.0,0.0
2023-07-05 15:30:00-04:00,4.829999923706055,4.833899974822998,4.7505998611450195,4.820000171661377,29168,0.0,0.0
2023-07-06 09:30:00-04:00,4.789999961853027,4.833199977874756,4.53000020980835,4.550000190734863,112754,0.0,0.0
2023-07-06 10:30:00-04:00,4.545000076293945,4.579999923706055,4.519999980926514,4.545000076293945,49152,0.0,0.0
2023-07-06 11:30:00-04:00,4.531499862670898,4.590000152587891,4.53000020980835,4.554999828338623,28281,0.0,0.0
2023-07-06 12:30:00-04:00,4.550000190734863,4.630000114440918,4.539999961853027,4.605899810791016,14408,0.0,0.0
2023-07-06 13:30:00-04:00,4.618599891662598,4.634799957275391,4.61329984664917,4.628799915313721,5466,0.0,0.0
2023-07-06 14:30:00-04:00,4.619999885559082,4.75,4.619999885559082,4.650000095367432,59086,0.0,0.0
2023-07-06 15:30:00-04:00,4.650000095367432,4.760000228881836,4.649700164794922,4.71999979019165,58758,0.0,0.0
2023-07-07 09:30:00-04:00,4.630000114440918,4.966100215911865,4.630000114440918,4.966100215911865,93950,0.0,0.0
2023-07-07 10:30:00-04:00,4.949999809265137,5.059899806976318,4.920000076293945,5.021100044250488,73739,0.0,0.0
2023-07-07 11:30:00-04:00,5.050000190734863,5.108500003814697,5.031499862670898,5.09499979019165,44466,0.0,0.0
2023-07-07 12:30:00-04:00,5.09499979019165,5.150000095367432,5.054999828338623,5.150000095367432,48284,0.0,0.0
2023-07-07 13:30:00-04:00,5.130099773406982,5.148499965667725,5.010000228881836,5.03000020980835,32153,0.0,0.0
2023-07-07 14:30:00-04:00,5.0100998878479,5.050000190734863,4.949999809265137,5.050000190734863,60466,0.0,0.0
2023-07-07 15:30:00-04:00,5.054999828338623,5.079999923706055,5.0,5.079999923706055,28595,0.0,0.0
2023-07-10 09:30:00-04:00,5.070000171661377,5.550000190734863,5.039999961853027,5.349999904632568,229426,0.0,0.0
2023-07-10 10:30:00-04:00,5.349999904632568,5.420000076293945,5.25,5.334000110626221,34643,0.0,0.0
2023-07-10 11:30:00-04:00,5.340000152587891,5.440000057220459,5.340000152587891,5.409999847412109,65543,0.0,0.0
2023-07-10 12:30:00-04:00,5.4004998207092285,5.409999847412109,5.260700225830078,5.275000095367432,45857,0.0,0.0
2023-07-10 13:30:00-04:00,5.28000020980835,5.289999961853027,5.21999979019165,5.261000156402588,13695,0.0,0.0
2023-07-10 14:30:00-04:00,5.263000011444092,5.289999961853027,5.210000038146973,5.210000038146973,23507,0.0,0.0
2023-07-10 15:30:00-04:00,5.21999979019165,5.28000020980835,5.21999979019165,5.25,20950,0.0,0.0
2023-07-11 09:30:00-04:00,5.320000171661377,5.369999885559082,5.293499946594238,5.327899932861328,38120,0.0,0.0
2023-07-11 10:30:00-04:00,5.331299781799316,5.429999828338623,5.320000171661377,5.429999828338623,24243,0.0,0.0
2023-07-11 11:30:00-04:00,5.429999828338623,5.5,5.340099811553955,5.425000190734863,45023,0.0,0.0
2023-07-11 12:30:00-04:00,5.400000095367432,5.46999979019165,5.400000095367432,5.445000171661377,8677,0.0,0.0
2023-07-11 13:30:00-04:00,5.429999828338623,5.529900074005127,5.427199840545654,5.529900074005127,23679,0.0,0.0
2023-07-11 14:30:00-04:00,5.526100158691406,5.579999923706055,5.471499919891357,5.480000019073486,75724,0.0,0.0
2023-07-11 15:30:00-04:00,5.471499919891357,5.5,5.460000038146973,5.489999771118164,14406,0.0,0.0
2023-07-12 09:30:00-04:00,5.599999904632568,5.650000095367432,5.5,5.5,58794,0.0,0.0
2023-07-12 10:30:00-04:00,5.5,5.569900035858154,5.46999979019165,5.489999771118164,40045,0.0,0.0
2023-07-12 11:30:00-04:00,5.46999979019165,5.498499870300293,5.340000152587891,5.340000152587891,34866,0.0,0.0
2023-07-12 12:30:00-04:00,5.360000133514404,5.402599811553955,5.28000020980835,5.331299781799316,23310,0.0,0.0
2023-07-12 13:30:00-04:00,5.340000152587891,5.360000133514404,5.25,5.360000133514404,37725,0.0,0.0
2023-07-12 14:30:00-04:00,5.358699798583984,5.460000038146973,5.34499979019165,5.434700012207031,46295,0.0,0.0
2023-07-12 15:30:00-04:00,5.401800155639648,5.449999809265137,5.401800155639648,5.449999809265137,22550,0.0,0.0
2023-07-13 09:30:00-04:00,5.510000228881836,5.75,5.391499996185303,5.631100177764893,78235,0.0,0.0
2023-07-13 10:30:00-04:00,5.650000095367432,5.679999828338623,5.570000171661377,5.65500020980835,24986,0.0,0.0
2023-07-13 11:30:00-04:00,5.679900169372559,5.679900169372559,5.599999904632568,5.599999904632568,28503,0.0,0.0
2023-07-13 12:30:00-04:00,5.590000152587891,5.590000152587891,5.53000020980835,5.559999942779541,9743,0.0,0.0
2023-07-13 13:30:00-04:00,5.547599792480469,5.690000057220459,5.547599792480469,5.610000133514404,48279,0.0,0.0
2023-07-13 14:30:00-04:00,5.619999885559082,5.689899921417236,5.599999904632568,5.65500020980835,14091,0.0,0.0
2023-07-13 15:30:00-04:00,5.639999866485596,5.699999809265137,5.630000114440918,5.690000057220459,9268,0.0,0.0
2023-07-14 09:30:00-04:00,5.650000095367432,5.650000095367432,5.349999904632568,5.399199962615967,52363,0.0,0.0
2023-07-14 10:30:00-04:00,5.389999866485596,5.389999866485596,5.119999885559082,5.199999809265137,156173,0.0,0.0
2023-07-14 11:30:00-04:00,5.179999828338623,5.227099895477295,5.099999904632568,5.100100040435791,108910,0.0,0.0
2023-07-14 12:30:00-04:00,5.070000171661377,5.109899997711182,5.019999980926514,5.050000190734863,43820,0.0,0.0
2023-07-14 13:30:00-04:00,5.076200008392334,5.119999885559082,5.039999961853027,5.067999839782715,53608,0.0,0.0
2023-07-14 14:30:00-04:00,5.059999942779541,5.099999904632568,5.039999961853027,5.070000171661377,57696,0.0,0.0
2023-07-14 15:30:00-04:00,5.070000171661377,5.090000152587891,5.050000190734863,5.050000190734863,32142,0.0,0.0
2023-07-17 09:30:00-04:00,5.099999904632568,5.099999904632568,4.980000019073486,5.054999828338623,45736,0.0,0.0
2023-07-17 10:30:00-04:00,5.065000057220459,5.179999828338623,5.051499843597412,5.155900001525879,21468,0.0,0.0
2023-07-17 11:30:00-04:00,5.15500020980835,5.179900169372559,5.130000114440918,5.13129997253418,17463,0.0,0.0
2023-07-17 12:30:00-04:00,5.131499767303467,5.25,5.130099773406982,5.235000133514404,18351,0.0,0.0
2023-07-17 13:30:00-04:00,5.260000228881836,5.3165998458862305,5.239999771118164,5.264100074768066,26348,0.0,0.0
2023-07-17 14:30:00-04:00,5.269999980926514,5.289999961853027,5.2210001945495605,5.238399982452393,9401,0.0,0.0
2023-07-17 15:30:00-04:00,5.230000019073486,5.230000019073486,5.199999809265137,5.199999809265137,11511,0.0,0.0
2023-07-18 09:30:00-04:00,5.170000076293945,5.389900207519531,5.159999847412109,5.34499979019165,30362,0.0,0.0
2023-07-18 10:30:00-04:00,5.348499774932861,5.440000057220459,5.329999923706055,5.440000057220459,42955,0.0,0.0
2023-07-18 11:30:00-04:00,5.440000057220459,5.440000057220459,5.360000133514404,5.360099792480469,17901,0.0,0.0
2023-07-18 12:30:00-04:00,5.340000152587891,5.349899768829346,5.298999786376953,5.349899768829346,8041,0.0,0.0
2023-07-18 13:30:00-04:00,5.329999923706055,5.349999904632568,5.300000190734863,5.300899982452393,9508,0.0,0.0
2023-07-18 14:30:00-04:00,5.329899787902832,5.340000152587891,5.2600998878479,5.2600998878479,3982,0.0,0.0
2023-07-18 15:30:00-04:00,5.261199951171875,5.269999980926514,5.25,5.258999824523926,9855,0.0,0.0
2023-07-19 09:30:00-04:00,5.25,5.449999809265137,5.25,5.449999809265137,24426,0.0,0.0
2023-07-19 10:30:00-04:00,5.425000190734863,5.449999809265137,5.291500091552734,5.340000152587891,14858,0.0,0.0
2023-07-19 11:30:00-04:00,5.354300022125244,5.359899997711182,5.230000019073486,5.25,23236,0.0,0.0
2023-07-19 12:30:00-04:00,5.263800144195557,5.309999942779541,5.250899791717529,5.289999961853027,6093,0.0,0.0
2023-07-19 13:30:00-04:00,5.28000020980835,5.280099868774414,5.21999979019165,5.244999885559082,14696,0.0,0.0
2023-07-19 14:30:00-04:00,5.239999771118164,5.309999942779541,5.239999771118164,5.309999942779541,8943,0.0,0.0
2023-07-19 15:30:00-04:00,5.302800178527832,5.320000171661377,5.260000228881836,5.260000228881836,7989,0.0,0.0
2023-07-20 09:30:00-04:00,5.389999866485596,5.389999866485596,5.28000020980835,5.295000076293945,17425,0.0,0.0
2023-07-20 10:30:00-04:00,5.317999839782715,5.318999767303467,5.289999961853027,5.304999828338623,5760,0.0,0.0
2023-07-20 11:30:00-04:00,5.289999961853027,5.289999961853027,5.210000038146973,5.260000228881836,10305,0.0,0.0
2023-07-20 12:30:00-04:00,5.25,5.25,5.220300197601318,5.223199844360352,7216,0.0,0.0
2023-07-20 13:30:00-04:00,5.235799789428711,5.249899864196777,5.210000038146973,5.249899864196777,13338,0.0,0.0
2023-07-20 14:30:00-04:00,5.25,5.269999980926514,5.21999979019165,5.230000019073486,8739,0.0,0.0
2023-07-20 15:30:00-04:00,5.239999771118164,5.239999771118164,5.186699867248535,5.21999979019165,33894,0.0,0.0
2023-07-21 09:30:00-04:00,5.300000190734863,5.300000190734863,5.179999828338623,5.21999979019165,25398,0.0,0.0
2023-07-21 10:30:00-04:00,5.220099925994873,5.300000190734863,5.220099925994873,5.293300151824951,17085,0.0,0.0
2023-07-21 11:30:00-04:00,5.319699764251709,5.409999847412109,5.319699764251709,5.385000228881836,33890,0.0,0.0
2023-07-21 12:30:00-04:00,5.369999885559082,5.400000095367432,5.360499858856201,5.380000114440918,22552,0.0,0.0
2023-07-21 13:30:00-04:00,5.376399993896484,5.449999809265137,5.362599849700928,5.380000114440918,18553,0.0,0.0
2023-07-21 14:30:00-04:00,5.385000228881836,5.389999866485596,5.320000171661377,5.385000228881836,52578,0.0,0.0
2023-07-21 15:30:00-04:00,5.389999866485596,5.409999847412109,5.369999885559082,5.409999847412109,13235,0.0,0.0
2023-07-24 09:30:00-04:00,5.5,5.559999942779541,5.349999904632568,5.559999942779541,78572,0.0,0.0
2023-07-24 10:30:00-04:00,5.562099933624268,5.688300132751465,5.559999942779541,5.614999771118164,62912,0.0,0.0
2023-07-24 11:30:00-04:00,5.613699913024902,5.679900169372559,5.550000190734863,5.550000190734863,24953,0.0,0.0
2023-07-24 12:30:00-04:00,5.539999961853027,5.674300193786621,5.526899814605713,5.659900188446045,37308,0.0,0.0
2023-07-24 13:30:00-04:00,5.650000095367432,5.716000080108643,5.649899959564209,5.699999809265137,35794,0.0,0.0
2023-07-24 14:30:00-04:00,5.714799880981445,5.730000019073486,5.639999866485596,5.700200080871582,26893,0.0,0.0
2023-07-24 15:30:00-04:00,5.699999809265137,5.75,5.699999809265137,5.75,24872,0.0,0.0
2023-07-25 09:30:00-04:00,5.75,5.809999942779541,5.360000133514404,5.730000019073486,217179,0.0,0.0
2023-07-25 10:30:00-04:00,5.75,5.889999866485596,5.699999809265137,5.889999866485596,70456,0.0,0.0
2023-07-25 11:30:00-04:00,5.876500129699707,6.019999980926514,5.876500129699707,6.005000114440918,59488,0.0,0.0
2023-07-25 12:30:00-04:00,6.000999927520752,6.005000114440918,5.861499786376953,5.914999961853027,127784,0.0,0.0
2023-07-25 13:30:00-04:00,5.90500020980835,5.999899864196777,5.849999904632568,5.96999979019165,23938,0.0,0.0
2023-07-25 14:30:00-04:00,5.950099945068359,5.96999979019165,5.78000020980835,5.78000020980835,33678,0.0,0.0
2023-07-25 15:30:00-04:00,5.769999980926514,5.849999904632568,5.769999980926514,5.849999904632568,15774,0.0,0.0
2023-07-26 09:30:00-04:00,5.820000171661377,5.940000057220459,5.739999771118164,5.940000057220459,36787,0.0,0.0
2023-07-26 10:30:00-04:00,5.920000076293945,5.94379997253418,5.851500034332275,5.918600082397461,18426,0.0,0.0
2023-07-26 11:30:00-04:00,5.909999847412109,6.079999923706055,5.881499767303467,6.079999923706055,56525,0.0,0.0
2023-07-26 12:30:00-04:00,6.090000152587891,6.150000095367432,6.019999980926514,6.039999961853027,42273,0.0,0.0
2023-07-26 13:30:00-04:00,6.019999980926514,6.019999980926514,5.875500202178955,5.875500202178955,20419,0.0,0.0
2023-07-26 14:30:00-04:00,5.885000228881836,5.980000019073486,5.875,5.875,7371,0.0,0.0
2023-07-26 15:30:00-04:00,5.880000114440918,5.940000057220459,5.849999904632568,5.940000057220459,28003,0.0,0.0
2023-07-27 09:30:00-04:00,6.050000190734863,6.099899768829346,5.949999809265137,5.961999893188477,88442,0.0,0.0
2023-07-27 10:30:00-04:00,5.949999809265137,6.130000114440918,5.903500080108643,6.130000114440918,69456,0.0,0.0
2023-07-27 11:30:00-04:00,6.110000133514404,6.389999866485596,6.105000019073486,6.388199806213379,86044,0.0,0.0
2023-07-27 12:30:00-04:00,6.378200054168701,6.429999828338623,6.180099964141846,6.18310022354126,54623,0.0,0.0
2023-07-27 13:30:00-04:00,6.179999828338623,6.210000038146973,6.099999904632568,6.159999847412109,45773,0.0,0.0
2023-07-27 14:30:00-04:00,6.199999809265137,6.230000019073486,6.019999980926514,6.050000190734863,40585,0.0,0.0
2023-07-27 15:30:00-04:00,6.069900035858154,6.119999885559082,6.032299995422363,6.119999885559082,25009,0.0,0.0
2023-07-28 09:30:00-04:00,6.239999771118164,6.239999771118164,6.050000190734863,6.190000057220459,30578,0.0,0.0
2023-07-28 10:30:00-04:00,6.190000057220459,6.335000038146973,6.150000095367432,6.335000038146973,29174,0.0,0.0
2023-07-28 11:30:00-04:00,6.325200080871582,6.449999809265137,6.315800189971924,6.340000152587891,49891,0.0,0.0
2023-07-28 12:30:00-04:00,6.329999923706055,6.338900089263916,6.230000019073486,6.269999980926514,21863,0.0,0.0
2023-07-28 13:30:00-04:00,6.233500003814697,6.318999767303467,6.210000038146973,6.269999980926514,53345,0.0,0.0
2023-07-28 14:30:00-04:00,6.230000019073486,6.230000019073486,6.163700103759766,6.170000076293945,19488,0.0,0.0
2023-07-28 15:30:00-04:00,6.189799785614014,6.25,6.184999942779541,6.239999771118164,18128,0.0,0.0
2023-07-31 09:30:00-04:00,6.460000038146973,6.849800109863281,6.400000095367432,6.849800109863281,171042,0.0,0.0
2023-07-31 10:30:00-04:00,6.829999923706055,6.989999771118164,6.690000057220459,6.789999961853027,72138,0.0,0.0
2023-07-31 11:30:00-04:00,6.800000190734863,6.864999771118164,6.739999771118164,6.769999980926514,35556,0.0,0.0
2023-07-31 12:30:00-04:00,6.769999980926514,6.889999866485596,6.769999980926514,6.809999942779541,36777,0.0,0.0
2023-07-31 13:30:00-04:00,6.809999942779541,7.0,6.809999942779541,6.972799777984619,45687,0.0,0.0
2023-07-31 14:30:00-04:00,6.96999979019165,7.199999809265137,6.960000038146973,7.175000190734863,88351,0.0,0.0
2023-07-31 15:30:00-04:00,7.170000076293945,7.199999809265137,7.079999923706055,7.099999904632568,111138,0.0,0.0
2023-08-01 09:30:00-04:00,7.119999885559082,7.48799991607666,7.099999904632568,7.284999847412109,159907,0.0,0.0
2023-08-01 10:30:00-04:00,7.289999961853027,7.628499984741211,7.260000228881836,7.619999885559082,81461,0.0,0.0
2023-08-01 11:30:00-04:00,7.614999771118164,7.760000228881836,7.420000076293945,7.429999828338623,112997,0.0,0.0
2023-08-01 12:30:00-04:00,7.460100173950195,7.860300064086914,7.434999942779541,7.851500034332275,86596,0.0,0.0
2023-08-01 13:30:00-04:00,7.869900226593018,8.020000457763672,7.806300163269043,7.960000038146973,161960,0.0,0.0
2023-08-01 14:30:00-04:00,7.934999942779541,8.154999732971191,7.920000076293945,8.085000038146973,103614,0.0,0.0
2023-08-01 15:30:00-04:00,8.09000015258789,8.170000076293945,8.029999732971191,8.109999656677246,135649,0.0,0.0
2023-08-02 09:30:00-04:00,8.100000381469727,8.100000381469727,6.75,6.940000057220459,413029,0.0,0.0
2023-08-02 10:30:00-04:00,6.980000019073486,7.119999885559082,6.847300052642822,6.880099773406982,118105,0.0,0.0
2023-08-02 11:30:00-04:00,6.903800010681152,6.903800010681152,6.71999979019165,6.820000171661377,54765,0.0,0.0
2023-08-02 12:30:00-04:00,6.809999942779541,6.989500045776367,6.7600998878479,6.965000152587891,46512,0.0,0.0
2023-08-02 13:30:00-04:00,6.952000141143799,7.21999979019165,6.900000095367432,7.195000171661377,93932,0.0,0.0
2023-08-02 14:30:00-04:00,7.209499835968018,7.440000057220459,7.179999828338623,7.180099964141846,59294,0.0,0.0
2023-08-02 15:30:00-04:00,7.179999828338623,7.340000152587891,7.179999828338623,7.340000152587891,29038,0.0,0.0
2023-08-03 09:30:00-04:00,7.269999980926514,7.71999979019165,7.269999980926514,7.68779993057251,78011,0.0,0.0
2023-08-03 10:30:00-04:00,7.679999828338623,8.129899978637695,7.679999828338623,8.069999694824219,149641,0.0,0.0
2023-08-03 11:30:00-04:00,8.069999694824219,8.09000015258789,7.830100059509277,7.880000114440918,77228,0.0,0.0
2023-08-03 12:30:00-04:00,7.917500019073486,7.989999771118164,7.860000133514404,7.980000019073486,45453,0.0,0.0
2023-08-03 13:30:00-04:00,7.974999904632568,7.980000019073486,7.8856000900268555,7.8856000900268555,24901,0.0,0.0
2023-08-03 14:30:00-04:00,7.909999847412109,8.005000114440918,7.710100173950195,7.710100173950195,58640,0.0,0.0
2023-08-03 15:30:00-04:00,7.760000228881836,7.769999980926514,7.670000076293945,7.679999828338623,38718,0.0,0.0
2023-08-04 09:30:00-04:00,7.599999904632568,7.769999980926514,7.260000228881836,7.320000171661377,104421,0.0,0.0
2023-08-04 10:30:00-04:00,7.349899768829346,7.380000114440918,7.100100040435791,7.130000114440918,68426,0.0,0.0
2023-08-04 11:30:00-04:00,7.139999866485596,7.289999961853027,7.139900207519531,7.150000095367432,39432,0.0,0.0
2023-08-04 12:30:00-04:00,7.170000076293945,7.429999828338623,7.125,7.370100021362305,43752,0.0,0.0
2023-08-04 13:30:00-04:00,7.412300109863281,7.4899001121521,7.349999904632568,7.400000095367432,30467,0.0,0.0
2023-08-04 14:30:00-04:00,7.38730001449585,7.429900169372559,7.349999904632568,7.389999866485596,15747,0.0,0.0
2023-08-04 15:30:00-04:00,7.389900207519531,7.400000095367432,7.349999904632568,7.360000133514404,9909,0.0,0.0
2023-08-07 09:30:00-04:00,7.329999923706055,7.345200061798096,7.120100021362305,7.179999828338623,71735,0.0,0.0
2023-08-07 10:30:00-04:00,7.159999847412109,7.159999847412109,6.929999828338623,6.936999797821045,61645,0.0,0.0
2023-08-07 11:30:00-04:00,6.937399864196777,6.989200115203857,6.780099868774414,6.925000190734863,82172,0.0,0.0
2023-08-07 12:30:00-04:00,6.909999847412109,7.079999923706055,6.900100231170654,7.039999961853027,48232,0.0,0.0
2023-08-07 13:30:00-04:00,7.049900054931641,7.049900054931641,6.920100212097168,6.929999828338623,11877,0.0,0.0
2023-08-07 14:30:00-04:00,6.95989990234375,6.960000038146973,6.820000171661377,6.839900016784668,12432,0.0,0.0
2023-08-07 15:30:00-04:00,6.820000171661377,6.940000057220459,6.769999980926514,6.900000095367432,101298,0.0,0.0
2023-08-08 09:30:00-04:00,6.5,6.689300060272217,6.260000228881836,6.627099990844727,196928,0.0,0.0
2023-08-08 10:30:00-04:00,6.619999885559082,6.849899768829346,6.570000171661377,6.789999961853027,72086,0.0,0.0
2023-08-08 11:30:00-04:00,6.789999961853027,6.789999961853027,6.630000114440918,6.71999979019165,53239,0.0,0.0
2023-08-08 12:30:00-04:00,6.744999885559082,6.744999885559082,6.670000076293945,6.728499889373779,12964,0.0,0.0
2023-08-08 13:30:00-04:00,6.7399001121521,6.920000076293945,6.730000019073486,6.900000095367432,59492,0.0,0.0
2023-08-08 14:30:00-04:00,6.928599834442139,6.949999809265137,6.820000171661377,6.820000171661377,26799,0.0,0.0
2023-08-08 15:30:00-04:00,6.820000171661377,6.880000114440918,6.800000190734863,6.849999904632568,16580,0.0,0.0
2023-08-09 09:30:00-04:00,7.489999771118164,7.489999771118164,7.010000228881836,7.190000057220459,108986,0.0,0.0
2023-08-09 10:30:00-04:00,7.151500225067139,7.21999979019165,6.929999828338623,6.960000038146973,121878,0.0,0.0
2023-08-09 11:30:00-04:00,6.98829984664917,7.010000228881836,6.925000190734863,6.99970006942749,9798,0.0,0.0
2023-08-09 12:30:00-04:00,6.994699954986572,7.059999942779541,6.96999979019165,7.050000190734863,23048,0.0,0.0
2023-08-09 13:30:00-04:00,7.047800064086914,7.069900035858154,6.800000190734863,6.829999923706055,38242,0.0,0.0
2023-08-09 14:30:00-04:00,6.869999885559082,7.039999961853027,6.800000190734863,7.017099857330322,96227,0.0,0.0
2023-08-09 15:30:00-04:00,7.03000020980835,7.070000171661377,6.909999847412109,6.929999828338623,71788,0.0,0.0
2023-08-10 09:30:00-04:00,6.940000057220459,7.089300155639648,6.909999847412109,7.014900207519531,14432,0.0,0.0
2023-08-10 10:30:00-04:00,6.980000019073486,7.079999923706055,6.940000057220459,7.045000076293945,37711,0.0,0.0
2023-08-10 11:30:00-04:00,7.069799900054932,7.069799900054932,6.980000019073486,6.980000019073486,17589,0.0,0.0
2023-08-10 12:30:00-04:00,6.949999809265137,6.964200019836426,6.869999885559082,6.929999828338623,12869,0.0,0.0
2023-08-10 13:30:00-04:00,6.920000076293945,6.949999809265137,6.869999885559082,6.949999809265137,16991,0.0,0.0
2023-08-10 14:30:00-04:00,6.920000076293945,6.940000057220459,6.769999980926514,6.769999980926514,10515,0.0,0.0
2023-08-10 15:30:00-04:00,6.800000190734863,6.829999923706055,6.78000020980835,6.791999816894531,12967,0.0,0.0
2023-08-11 09:30:00-04:00,6.730000019073486,7.130000114440918,6.730000019073486,7.070000171661377,33520,0.0,0.0
2023-08-11 10:30:00-04:00,7.035600185394287,7.170000076293945,7.0,7.086999893188477,56595,0.0,0.0
2023-08-11 11:30:00-04:00,7.090000152587891,7.099999904632568,7.0,7.079999923706055,21312,0.0,0.0
2023-08-11 12:30:00-04:00,7.099999904632568,7.190000057220459,7.099999904632568,7.119999885559082,20840,0.0,0.0
2023-08-11 13:30:00-04:00,7.114999771118164,7.164999961853027,7.086100101470947,7.1579999923706055,33190,0.0,0.0
2023-08-11 14:30:00-04:00,7.164999961853027,7.190000057220459,7.144999980926514,7.150100231170654,17340,0.0,0.0
2023-08-11 15:30:00-04:00,7.170000076293945,7.170000076293945,7.070000171661377,7.130000114440918,24757,0.0,0.0
2023-08-14 09:30:00-04:00,7.0,7.03000020980835,6.610000133514404,6.829999923706055,99798,0.0,0.0
2023-08-14 10:30:00-04:00,6.847400188446045,6.940000057220459,6.820000171661377,6.820000171661377,12330,0.0,0.0
2023-08-14 11:30:00-04:00,6.808199882507324,6.818900108337402,6.710000038146973,6.723400115966797,12013,0.0,0.0
2023-08-14 12:30:00-04:00,6.75,6.757900238037109,6.699999809265137,6.699999809265137,4105,0.0,0.0
2023-08-14 13:30:00-04:00,6.679999828338623,6.704999923706055,6.639999866485596,6.679999828338623,19519,0.0,0.0
2023-08-14 14:30:00-04:00,6.679999828338623,6.690000057220459,6.619999885559082,6.663000106811523,14930,0.0,0.0
2023-08-14 15:30:00-04:00,6.677999973297119,6.710000038146973,6.639999866485596,6.710000038146973,27937,0.0,0.0
2023-08-15 09:30:00-04:00,6.630000114440918,6.849999904632568,6.388700008392334,6.590000152587891,100217,0.0,0.0
2023-08-15 10:30:00-04:00,6.570000171661377,6.629300117492676,6.519400119781494,6.599999904632568,14641,0.0,0.0
2023-08-15 11:30:00-04:00,6.599999904632568,6.639999866485596,6.510000228881836,6.515200138092041,10892,0.0,0.0
2023-08-15 12:30:00-04:00,6.510000228881836,6.519999980926514,6.461999893188477,6.461999893188477,9218,0.0,0.0
2023-08-15 13:30:00-04:00,6.460000038146973,6.488100051879883,6.451900005340576,6.488100051879883,2968,0.0,0.0
2023-08-15 14:30:00-04:00,6.47629976272583,6.498300075531006,6.420000076293945,6.420000076293945,15662,0.0,0.0
2023-08-15 15:30:00-04:00,6.460000038146973,6.510000228881836,6.445000171661377,6.46999979019165,7063,0.0,0.0
2023-08-16 09:30:00-04:00,6.5,6.6092000007629395,6.5,6.565000057220459,13300,0.0,0.0
2023-08-16 10:30:00-04:00,6.5,6.534800052642822,6.489999771118164,6.489999771118164,5466,0.0,0.0
2023-08-16 11:30:00-04:00,6.489999771118164,6.506700038909912,6.429999828338623,6.440100193023682,15436,0.0,0.0
2023-08-16 12:30:00-04:00,6.457399845123291,6.480000019073486,6.414999961853027,6.425000190734863,10483,0.0,0.0
2023-08-16 13:30:00-04:00,6.420000076293945,6.420000076293945,6.347099781036377,6.402699947357178,26644,0.0,0.0
2023-08-16 14:30:00-04:00,6.369999885559082,6.39900016784668,6.360000133514404,6.380000114440918,10357,0.0,0.0
2023-08-16 15:30:00-04:00,6.389999866485596,6.429999828338623,6.340000152587891,6.349999904632568,21489,0.0,0.0
2023-08-17 09:30:00-04:00,6.5,6.650000095367432,6.5,6.628900051116943,35264,0.0,0.0
2023-08-17 10:30:00-04:00,6.619999885559082,6.711900234222412,6.587600231170654,6.704999923706055,18286,0.0,0.0
2023-08-17 11:30:00-04:00,6.710000038146973,6.764999866485596,6.680099964141846,6.764999866485596,11274,0.0,0.0
2023-08-17 12:30:00-04:00,6.760000228881836,6.829999923706055,6.734499931335449,6.734499931335449,14985,0.0,0.0
2023-08-17 13:30:00-04:00,6.730000019073486,6.735000133514404,6.630000114440918,6.65500020980835,7495,0.0,0.0
2023-08-17 14:30:00-04:00,6.630099773406982,6.690000057220459,6.630000114440918,6.690000057220459,4889,0.0,0.0
2023-08-17 15:30:00-04:00,6.659999847412109,6.699999809265137,6.639999866485596,6.699999809265137,15938,0.0,0.0
2023-08-18 09:30:00-04:00,6.679999828338623,6.849999904632568,6.650000095367432,6.820000171661377,30001,0.0,0.0
2023-08-18 10:30:00-04:00,6.840000152587891,6.900000095367432,6.820700168609619,6.900000095367432,21153,0.0,0.0
2023-08-18 11:30:00-04:00,6.909999847412109,7.079999923706055,6.909999847412109,6.980899810791016,61389,0.0,0.0
2023-08-18 12:30:00-04:00,6.952000141143799,6.952000141143799,6.920000076293945,6.929999828338623,7895,0.0,0.0
2023-08-18 13:30:00-04:00,6.939899921417236,6.939899921417236,6.809999942779541,6.809999942779541,7917,0.0,0.0
2023-08-18 14:30:00-04:00,6.802999973297119,6.835000038146973,6.71999979019165,6.720099925994873,8823,0.0,0.0
2023-08-18 15:30:00-04:00,6.710000038146973,6.749899864196777,6.664999961853027,6.699999809265137,21152,0.0,0.0
2023-08-21 09:30:00-04:00,6.699999809265137,6.920000076293945,6.539999961853027,6.5467000007629395,55166,0.0,0.0
2023-08-21 10:30:00-04:00,6.510000228881836,6.51039981842041,6.3520002365112305,6.3520002365112305,38194,0.0,0.0
2023-08-21 11:30:00-04:00,6.369999885559082,6.429999828338623,6.369999885559082,6.408699989318848,18795,0.0,0.0
2023-08-21 12:30:00-04:00,6.400000095367432,6.400000095367432,6.070000171661377,6.159999847412109,58726,0.0,0.0
2023-08-21 13:30:00-04:00,6.184999942779541,6.25,6.159999847412109,6.25,26090,0.0,0.0
2023-08-21 14:30:00-04:00,6.215000152587891,6.217800140380859,6.130000114440918,6.217800140380859,25292,0.0,0.0
2023-08-21 15:30:00-04:00,6.210000038146973,6.210000038146973,6.139999866485596,6.190000057220459,28033,0.0,0.0
2023-08-22 09:30:00-04:00,6.099999904632568,6.156599998474121,5.940000057220459,6.019999980926514,45629,0.0,0.0
2023-08-22 10:30:00-04:00,6.010000228881836,6.059999942779541,6.010000228881836,6.039999961853027,9119,0.0,0.0
2023-08-22 11:30:00-04:00,6.039999961853027,6.054699897766113,6.039999961853027,6.052800178527832,2251,0.0,0.0
2023-08-22 12:30:00-04:00,6.054999828338623,6.099999904632568,5.96999979019165,5.986599922180176,22280,0.0,0.0
2023-08-22 13:30:00-04:00,6.0,6.039999961853027,5.980000019073486,6.010000228881836,13212,0.0,0.0
2023-08-22 14:30:00-04:00,5.991499900817871,6.010000228881836,5.958099842071533,5.958099842071533,10659,0.0,0.0
2023-08-22 15:30:00-04:00,5.939899921417236,5.989999771118164,5.929999828338623,5.980000019073486,10178,0.0,0.0
2023-08-23 09:30:00-04:00,5.909999847412109,5.929999828338623,5.720600128173828,5.84060001373291,54978,0.0,0.0
2023-08-23 10:30:00-04:00,5.860000133514404,5.869999885559082,5.770599842071533,5.795899868011475,18746,0.0,0.0
2023-08-23 11:30:00-04:00,5.800000190734863,5.800000190734863,5.751999855041504,5.769999980926514,7628,0.0,0.0
2023-08-23 12:30:00-04:00,5.779200077056885,5.840000152587891,5.730000019073486,5.789999961853027,44083,0.0,0.0
2023-08-23 13:30:00-04:00,5.820000171661377,5.889900207519531,5.807000160217285,5.880000114440918,26160,0.0,0.0
2023-08-23 14:30:00-04:00,5.889900207519531,5.889999866485596,5.769999980926514,5.789999961853027,22664,0.0,0.0
2023-08-23 15:30:00-04:00,5.78000020980835,5.869999885559082,5.769999980926514,5.869999885559082,23134,0.0,0.0
2023-08-24 09:30:00-04:00,5.789999961853027,5.880000114440918,5.690000057220459,5.875,84788,0.0,0.0
2023-08-24 10:30:00-04:00,5.849999904632568,5.899899959564209,5.800000190734863,5.800000190734863,14658,0.0,0.0
2023-08-24 11:30:00-04:00,5.800000190734863,5.909999847412109,5.760000228881836,5.889999866485596,40893,0.0,0.0
2023-08-24 12:30:00-04:00,5.840000152587891,5.929999828338623,5.809999942779541,5.840000152587891,13517,0.0,0.0
2023-08-24 13:30:00-04:00,5.860000133514404,5.880000114440918,5.840000152587891,5.84499979019165,3924,0.0,0.0
2023-08-24 14:30:00-04:00,5.849999904632568,5.880000114440918,5.840000152587891,5.869999885559082,8539,0.0,0.0
2023-08-24 15:30:00-04:00,5.840000152587891,6.489999771118164,5.800000190734863,6.090000152587891,61881,0.0,0.0
2023-08-25 09:30:00-04:00,5.900000095367432,6.010000228881836,5.880000114440918,5.9807000160217285,10312,0.0,0.0
2023-08-25 10:30:00-04:00,5.980000019073486,6.03000020980835,5.929999828338623,5.929999828338623,8464,0.0,0.0
2023-08-25 11:30:00-04:00,6.039999961853027,6.110000133514404,5.989999771118164,6.039999961853027,31191,0.0,0.0
2023-08-25 12:30:00-04:00,6.034999847412109,6.079999923706055,5.930099964141846,5.938399791717529,6108,0.0,0.0
2023-08-25 13:30:00-04:00,5.901800155639648,5.960000038146973,5.860000133514404,5.960000038146973,37375,0.0,0.0
2023-08-25 14:30:00-04:00,5.949999809265137,5.949999809265137,5.849999904632568,5.889999866485596,9334,0.0,0.0
2023-08-25 15:30:00-04:00,5.85890007019043,5.889999866485596,5.85890007019043,5.889999866485596,3166,0.0,0.0
2023-08-28 09:30:00-04:00,6.059999942779541,6.059999942779541,5.920000076293945,5.945000171661377,30744,0.0,0.0
2023-08-28 10:30:00-04:00,5.960000038146973,5.9899001121521,5.920000076293945,5.920000076293945,8554,0.0,0.0
2023-08-28 11:30:00-04:00,5.9293999671936035,5.9293999671936035,5.809999942779541,5.834000110626221,40305,0.0,0.0
2023-08-28 12:30:00-04:00,5.835000038146973,5.909999847412109,5.829999923706055,5.889999866485596,14174,0.0,0.0
2023-08-28 13:30:00-04:00,5.880000114440918,5.880000114440918,5.779699802398682,5.800000190734863,17040,0.0,0.0
2023-08-28 14:30:00-04:00,5.809999942779541,5.814499855041504,5.769999980926514,5.789999961853027,12251,0.0,0.0
2023-08-28 15:30:00-04:00,5.802599906921387,5.849999904632568,5.7820000648498535,5.809999942779541,9075,0.0,0.0
2023-08-29 09:30:00-04:00,5.800000190734863,5.829999923706055,5.78000020980835,5.829999923706055,7588,0.0,0.0
2023-08-29 10:30:00-04:00,5.843999862670898,5.940000057220459,5.840000152587891,5.840000152587891,39735,0.0,0.0
2023-08-29 11:30:00-04:00,5.860000133514404,5.880000114440918,5.78000020980835,5.854400157928467,26875,0.0,0.0
2023-08-29 12:30:00-04:00,5.869999885559082,5.940000057220459,5.840099811553955,5.869999885559082,19806,0.0,0.0
2023-08-29 13:30:00-04:00,5.849999904632568,6.0,5.849999904632568,5.96999979019165,29192,0.0,0.0
2023-08-29 14:30:00-04:00,5.980000019073486,6.010000228881836,5.960000038146973,6.010000228881836,8863,0.0,0.0
2023-08-29 15:30:00-04:00,5.9953999519348145,6.010000228881836,5.829999923706055,5.880000114440918,50549,0.0,0.0
2023-08-30 09:30:00-04:00,5.929999828338623,6.119999885559082,5.914999961853027,6.059999942779541,43315,0.0,0.0
2023-08-30 10:30:00-04:00,6.030399799346924,6.150000095367432,6.019999980926514,6.130000114440918,10043,0.0,0.0
2023-08-30 11:30:00-04:00,6.122099876403809,6.150000095367432,6.019999980926514,6.079999923706055,29944,0.0,0.0
2023-08-30 12:30:00-04:00,6.060800075531006,6.079999923706055,6.019999980926514,6.0630998611450195,31189,0.0,0.0
2023-08-30 13:30:00-04:00,6.070000171661377,6.070000171661377,6.019999980926514,6.03000020980835,10041,0.0,0.0
2023-08-30 14:30:00-04:00,6.045000076293945,6.069900035858154,6.019999980926514,6.059899806976318,5812,0.0,0.0
2023-08-30 15:30:00-04:00,6.0100998878479,6.059999942779541,6.010000228881836,6.050000190734863,8787,0.0,0.0
2023-08-31 09:30:00-04:00,6.099999904632568,6.1508002281188965,6.050000190734863,6.080100059509277,43747,0.0,0.0
2023-08-31 10:30:00-04:00,6.110000133514404,6.219900131225586,6.090000152587891,6.130000114440918,40936,0.0,0.0
2023-08-31 11:30:00-04:00,6.110000133514404,6.150000095367432,6.081299781799316,6.081299781799316,10981,0.0,0.0
2023-08-31 12:30:00-04:00,6.079999923706055,6.079999923706055,5.929999828338623,6.039999961853027,28327,0.0,0.0
2023-08-31 13:30:00-04:00,6.039999961853027,6.079999923706055,6.003699779510498,6.079999923706055,4777,0.0,0.0
2023-08-31 14:30:00-04:00,6.079999923706055,6.199999809265137,6.046899795532227,6.190000057220459,21317,0.0,0.0
2023-08-31 15:30:00-04:00,6.186500072479248,6.190000057220459,6.070000171661377,6.170000076293945,54117,0.0,0.0
2023-09-01 09:30:00-04:00,6.21999979019165,6.45989990234375,6.179999828338623,6.417099952697754,61370,0.0,0.0
2023-09-01 10:30:00-04:00,6.401100158691406,6.40880012512207,6.309999942779541,6.359000205993652,23419,0.0,0.0
2023-09-01 11:30:00-04:00,6.340099811553955,6.599999904632568,6.303899765014648,6.550000190734863,54502,0.0,0.0
2023-09-01 12:30:00-04:00,6.550000190734863,6.639999866485596,6.519999980926514,6.610000133514404,18786,0.0,0.0
2023-09-01 13:30:00-04:00,6.590000152587891,6.590000152587891,6.420599937438965,6.539899826049805,38268,0.0,0.0
2023-09-01 14:30:00-04:00,6.534999847412109,6.599999904632568,6.519999980926514,6.560100078582764,16705,0.0,0.0
2023-09-01 15:30:00-04:00,6.560100078582764,6.668000221252441,6.559999942779541,6.639999866485596,24434,0.0,0.0
2023-09-05 09:30:00-04:00,6.900000095367432,6.949900150299072,6.71560001373291,6.880000114440918,119725,0.0,0.0
2023-09-05 10:30:00-04:00,6.820099830627441,6.820099830627441,6.389999866485596,6.510000228881836,114699,0.0,0.0
2023-09-05 11:30:00-04:00,6.549900054931641,6.869999885559082,6.53000020980835,6.71150016784668,69703,0.0,0.0
2023-09-05 12:30:00-04:00,6.72629976272583,6.889900207519531,6.699999809265137,6.699999809265137,30884,0.0,0.0
2023-09-05 13:30:00-04:00,6.739999771118164,6.739999771118164,6.610000133514404,6.639999866485596,21266,0.0,0.0
2023-09-05 14:30:00-04:00,6.675000190734863,6.699900150299072,6.579999923706055,6.579999923706055,21488,0.0,0.0
2023-09-05 15:30:00-04:00,6.610000133514404,6.650000095367432,6.570000171661377,6.639999866485596,11125,0.0,0.0
2023-09-06 09:30:00-04:00,6.599999904632568,6.9496002197265625,6.599999904632568,6.789999961853027,99440,0.0,0.0
2023-09-06 10:30:00-04:00,6.679999828338623,6.7322001457214355,6.429999828338623,6.4822998046875,101961,0.0,0.0
2023-09-06 11:30:00-04:00,6.480000019073486,6.75,6.46999979019165,6.670000076293945,55498,0.0,0.0
2023-09-06 12:30:00-04:00,6.659999847412109,6.699999809265137,6.480000019073486,6.639999866485596,69319,0.0,0.0
2023-09-06 13:30:00-04:00,6.650000095367432,6.739999771118164,6.590000152587891,6.590000152587891,66338,0.0,0.0
2023-09-06 14:30:00-04:00,6.590000152587891,6.629700183868408,6.480000019073486,6.599699974060059,41995,0.0,0.0
2023-09-06 15:30:00-04:00,6.619999885559082,6.619999885559082,6.570000171661377,6.610000133514404,8103,0.0,0.0
2023-09-07 09:30:00-04:00,6.550000190734863,6.71999979019165,6.390100002288818,6.46999979019165,42748,0.0,0.0
2023-09-07 10:30:00-04:00,6.480000019073486,6.519999980926514,6.420000076293945,6.5,8433,0.0,0.0
2023-09-07 11:30:00-04:00,6.489999771118164,6.53000020980835,6.449999809265137,6.493100166320801,11886,0.0,0.0
2023-09-07 12:30:00-04:00,6.4730000495910645,6.479000091552734,6.360000133514404,6.440000057220459,23796,0.0,0.0
2023-09-07 13:30:00-04:00,6.392000198364258,6.409999847412109,6.380000114440918,6.380000114440918,15103,0.0,0.0
2023-09-07 14:30:00-04:00,6.380000114440918,6.405099868774414,6.300000190734863,6.320000171661377,36000,0.0,0.0
2023-09-07 15:30:00-04:00,6.338500022888184,6.340000152587891,6.269999980926514,6.329999923706055,22831,0.0,0.0
2023-09-08 09:30:00-04:00,6.25,6.559999942779541,6.25,6.46999979019165,30222,0.0,0.0
2023-09-08 10:30:00-04:00,6.409999847412109,6.53000020980835,6.400000095367432,6.5279998779296875,19461,0.0,0.0
2023-09-08 11:30:00-04:00,6.53000020980835,6.650000095367432,6.510000228881836,6.629899978637695,31660,0.0,0.0
2023-09-08 12:30:00-04:00,6.598400115966797,6.630000114440918,6.550000190734863,6.550000190734863,4105,0.0,0.0
2023-09-08 13:30:00-04:00,6.550000190734863,6.689300060272217,6.5406999588012695,6.570099830627441,23078,0.0,0.0
2023-09-08 14:30:00-04:00,6.635000228881836,6.635000228881836,6.510000228881836,6.514999866485596,14049,0.0,0.0
2023-09-08 15:30:00-04:00,6.519999980926514,6.539999961853027,6.5,6.539999961853027,15776,0.0,0.0
2023-09-11 09:30:00-04:00,6.599999904632568,6.599999904632568,6.429999828338623,6.510000228881836,25876,0.0,0.0
2023-09-11 10:30:00-04:00,6.480000019073486,6.590000152587891,6.480000019073486,6.5071001052856445,5856,0.0,0.0
2023-09-11 11:30:00-04:00,6.5,6.5,6.420000076293945,6.429999828338623,22587,0.0,0.0
2023-09-11 12:30:00-04:00,6.465199947357178,6.46999979019165,6.420000076293945,6.420000076293945,2792,0.0,0.0
2023-09-11 13:30:00-04:00,6.467599868774414,6.467599868774414,6.350100040435791,6.350100040435791,4729,0.0,0.0
2023-09-11 14:30:00-04:00,6.360099792480469,6.380300045013428,6.289999961853027,6.348299980163574,20254,0.0,0.0
2023-09-11 15:30:00-04:00,6.340000152587891,6.380000114440918,6.300099849700928,6.369999885559082,15616,0.0,0.0
2023-09-12 09:30:00-04:00,6.400000095367432,6.679800033569336,6.400000095367432,6.639999866485596,91289,0.0,0.0
2023-09-12 10:30:00-04:00,6.650000095367432,6.889999866485596,6.579999923706055,6.829999923706055,72309,0.0,0.0
2023-09-12 11:30:00-04:00,6.809999942779541,6.96999979019165,6.809999942779541,6.949999809265137,77006,0.0,0.0
2023-09-12 12:30:00-04:00,6.929999828338623,6.949999809265137,6.849999904632568,6.880000114440918,18584,0.0,0.0
2023-09-12 13:30:00-04:00,6.889999866485596,6.909999847412109,6.710000038146973,6.710000038146973,61074,0.0,0.0
2023-09-12 14:30:00-04:00,6.710000038146973,6.75,6.659999847412109,6.676499843597412,21179,0.0,0.0
2023-09-12 15:30:00-04:00,6.699999809265137,6.749899864196777,6.670000076293945,6.71999979019165,45901,0.0,0.0
2023-09-13 09:30:00-04:00,6.71999979019165,6.900000095367432,6.71999979019165,6.829999923706055,39481,0.0,0.0
2023-09-13 10:30:00-04:00,6.829999923706055,6.937699794769287,6.829999923706055,6.900000095367432,18958,0.0,0.0
2023-09-13 11:30:00-04:00,6.881400108337402,6.889999866485596,6.829999923706055,6.869999885559082,12609,0.0,0.0
2023-09-13 12:30:00-04:00,6.869999885559082,6.900000095367432,6.789999961853027,6.789999961853027,18647,0.0,0.0
2023-09-13 13:30:00-04:00,6.809999942779541,6.880000114440918,6.809999942779541,6.860000133514404,6877,0.0,0.0
2023-09-13 14:30:00-04:00,6.841300010681152,6.869999885559082,6.800000190734863,6.823200225830078,12344,0.0,0.0
2023-09-13 15:30:00-04:00,6.829999923706055,6.889999866485596,6.820000171661377,6.860000133514404,13451,0.0,0.0
2023-09-14 09:30:00-04:00,6.989999771118164,7.189899921417236,6.949999809265137,7.189899921417236,159254,0.0,0.0
2023-09-14 10:30:00-04:00,7.150100231170654,7.199999809265137,7.039999961853027,7.195000171661377,90437,0.0,0.0
2023-09-14 11:30:00-04:00,7.190000057220459,7.239999771118164,7.116499900817871,7.179900169372559,62792,0.0,0.0
2023-09-14 12:30:00-04:00,7.144999980926514,7.179999828338623,7.110000133514404,7.139999866485596,19951,0.0,0.0
2023-09-14 13:30:00-04:00,7.179999828338623,7.25,7.139999866485596,7.139999866485596,58416,0.0,0.0
2023-09-14 14:30:00-04:00,7.150000095367432,7.199999809265137,7.070099830627441,7.177999973297119,69332,0.0,0.0
2023-09-14 15:30:00-04:00,7.210000038146973,7.210000038146973,7.079999923706055,7.179999828338623,23122,0.0,0.0
2023-09-15 09:30:00-04:00,7.110000133514404,7.199900150299072,6.800000190734863,7.090000152587891,146080,0.0,0.0
2023-09-15 10:30:00-04:00,6.992800235748291,7.179800033569336,6.940000057220459,6.998499870300293,80974,0.0,0.0
2023-09-15 11:30:00-04:00,7.010000228881836,7.010000228881836,6.860000133514404,6.960000038146973,56533,0.0,0.0
2023-09-15 12:30:00-04:00,6.960000038146973,7.0289998054504395,6.870100021362305,6.949699878692627,100717,0.0,0.0
2023-09-15 13:30:00-04:00,6.949999809265137,6.96999979019165,6.890100002288818,6.92609977722168,7555,0.0,0.0
2023-09-15 14:30:00-04:00,6.949999809265137,6.989999771118164,6.920000076293945,6.989500045776367,23876,0.0,0.0
2023-09-15 15:30:00-04:00,7.03000020980835,7.110000133514404,7.010000228881836,7.099999904632568,37608,0.0,0.0
2023-09-18 09:30:00-04:00,7.099999904632568,7.289999961853027,7.070000171661377,7.1479997634887695,95649,0.0,0.0
2023-09-18 10:30:00-04:00,7.130000114440918,7.269999980926514,7.130000114440918,7.199999809265137,16873,0.0,0.0
2023-09-18 11:30:00-04:00,7.230000019073486,7.590000152587891,7.230000019073486,7.550000190734863,73846,0.0,0.0
2023-09-18 12:30:00-04:00,7.561699867248535,7.574999809265137,7.150000095367432,7.150000095367432,104487,0.0,0.0
2023-09-18 13:30:00-04:00,7.195000171661377,7.340000152587891,7.110000133514404,7.3302998542785645,44650,0.0,0.0
2023-09-18 14:30:00-04:00,7.309999942779541,7.399899959564209,7.309999942779541,7.360000133514404,12800,0.0,0.0
2023-09-18 15:30:00-04:00,7.34499979019165,7.409999847412109,7.34499979019165,7.400000095367432,25413,0.0,0.0
2023-09-19 09:30:00-04:00,7.5,7.670000076293945,7.29010009765625,7.630000114440918,188118,0.0,0.0
2023-09-19 10:30:00-04:00,7.599899768829346,7.599899768829346,7.256999969482422,7.371500015258789,69223,0.0,0.0
2023-09-19 11:30:00-04:00,7.369999885559082,7.369999885559082,7.240099906921387,7.25,20509,0.0,0.0
2023-09-19 12:30:00-04:00,7.230000019073486,7.319200038909912,7.150000095367432,7.230000019073486,53447,0.0,0.0
2023-09-19 13:30:00-04:00,7.25,7.28000020980835,7.25,7.264999866485596,9860,0.0,0.0
2023-09-19 14:30:00-04:00,7.28000020980835,7.309999942779541,7.130000114440918,7.159999847412109,36052,0.0,0.0
2023-09-19 15:30:00-04:00,7.159999847412109,7.239999771118164,7.159999847412109,7.159999847412109,30012,0.0,0.0
2023-09-20 09:30:00-04:00,7.099999904632568,7.340000152587891,6.945000171661377,7.280700206756592,67296,0.0,0.0
2023-09-20 10:30:00-04:00,7.315000057220459,7.449999809265137,7.239999771118164,7.392000198364258,29734,0.0,0.0
2023-09-20 11:30:00-04:00,7.400000095367432,7.5,7.374000072479248,7.499599933624268,62986,0.0,0.0
2023-09-20 12:30:00-04:00,7.489999771118164,7.5,7.400000095367432,7.5,25286,0.0,0.0
2023-09-20 13:30:00-04:00,7.479000091552734,7.519899845123291,7.409999847412109,7.5030999183654785,19498,0.0,0.0
2023-09-20 14:30:00-04:00,7.495299816131592,7.539999961853027,7.409999847412109,7.505000114440918,41278,0.0,0.0
2023-09-20 15:30:00-04:00,7.505000114440918,7.519999980926514,7.329999923706055,7.420000076293945,40609,0.0,0.0
2023-09-21 09:30:00-04:00,7.409999847412109,7.5,7.329999923706055,7.460000038146973,37911,0.0,0.0
2023-09-21 10:30:00-04:00,7.394400119781494,7.427800178527832,7.150000095367432,7.267000198364258,36410,0.0,0.0
2023-09-21 11:30:00-04:00,7.239999771118164,7.239999771118164,7.103400230407715,7.179999828338623,16095,0.0,0.0
2023-09-21 12:30:00-04:00,7.192299842834473,7.250899791717529,7.184999942779541,7.250899791717529,7018,0.0,0.0
2023-09-21 13:30:00-04:00,7.28000020980835,7.28000020980835,7.190000057220459,7.204999923706055,12735,0.0,0.0
2023-09-21 14:30:00-04:00,7.179999828338623,7.199999809265137,7.070099830627441,7.077199935913086,25593,0.0,0.0
2023-09-21 15:30:00-04:00,7.070000171661377,7.129499912261963,7.063199996948242,7.090000152587891,15977,0.0,0.0
2023-09-22 09:30:00-04:00,7.429999828338623,7.429999828338623,7.210000038146973,7.380000114440918,35930,0.0,0.0
2023-09-22 10:30:00-04:00,7.34499979019165,7.349899768829346,7.060200214385986,7.16480016708374,37858,0.0,0.0
2023-09-22 11:30:00-04:00,7.186100006103516,7.295100212097168,7.130099773406982,7.215099811553955,24165,0.0,0.0
2023-09-22 12:30:00-04:00,7.21999979019165,7.2692999839782715,7.190100193023682,7.213600158691406,7702,0.0,0.0
2023-09-22 13:30:00-04:00,7.213099956512451,7.215000152587891,7.1504998207092285,7.215000152587891,7742,0.0,0.0
2023-09-22 14:30:00-04:00,7.199999809265137,7.230800151824951,7.150000095367432,7.230800151824951,16920,0.0,0.0
2023-09-22 15:30:00-04:00,7.239999771118164,7.239999771118164,7.110000133514404,7.159999847412109,14254,0.0,0.0
2023-09-25 09:30:00-04:00,7.0,7.150000095367432,6.820000171661377,6.869999885559082,86711,0.0,0.0
2023-09-25 10:30:00-04:00,6.873600006103516,6.969299793243408,6.872000217437744,6.960000038146973,12578,0.0,0.0
2023-09-25 11:30:00-04:00,6.929999828338623,7.0,6.925000190734863,6.980000019073486,14351,0.0,0.0
2023-09-25 12:30:00-04:00,6.940000057220459,7.053999900817871,6.880000114440918,7.010700225830078,52960,0.0,0.0
2023-09-25 13:30:00-04:00,7.010000228881836,7.039999961853027,6.949999809265137,6.997799873352051,19930,0.0,0.0
2023-09-25 14:30:00-04:00,7.039999961853027,7.099999904632568,7.0167999267578125,7.060100078582764,7197,0.0,0.0
2023-09-25 15:30:00-04:00,7.099999904632568,7.110000133514404,7.019999980926514,7.090000152587891,28348,0.0,0.0
2023-09-26 09:30:00-04:00,7.0,7.099999904632568,6.760000228881836,7.078999996185303,95226,0.0,0.0
2023-09-26 10:30:00-04:00,7.085000038146973,7.139100074768066,7.060100078582764,7.090000152587891,5706,0.0,0.0
2023-09-26 11:30:00-04:00,7.093999862670898,7.177999973297119,7.079999923706055,7.150000095367432,8330,0.0,0.0
2023-09-26 12:30:00-04:00,7.119999885559082,7.149899959564209,7.090000152587891,7.125,7723,0.0,0.0
2023-09-26 13:30:00-04:00,7.110000133514404,7.125,6.980000019073486,6.989999771118164,18050,0.0,0.0
2023-09-26 14:30:00-04:00,6.981800079345703,6.981800079345703,6.8125,6.8125,64267,0.0,0.0
2023-09-26 15:30:00-04:00,6.8125,6.8566999435424805,6.670000076293945,6.78000020980835,86504,0.0,0.0
2023-09-27 09:30:00-04:00,6.920000076293945,7.212100028991699,6.920000076293945,7.170000076293945,120183,0.0,0.0
2023-09-27 10:30:00-04:00,7.199999809265137,7.383200168609619,7.170000076293945,7.329999923706055,37964,0.0,0.0
2023-09-27 11:30:00-04:00,7.274799823760986,7.304999828338623,7.171500205993652,7.240300178527832,37184,0.0,0.0
2023-09-27 12:30:00-04:00,7.228799819946289,7.389999866485596,7.228799819946289,7.289999961853027,88586,0.0,0.0
2023-09-27 13:30:00-04:00,7.300000190734863,7.429999828338623,7.300000190734863,7.380000114440918,28582,0.0,0.0
2023-09-27 14:30:00-04:00,7.409900188446045,7.4394001960754395,7.309999942779541,7.309999942779541,23245,0.0,0.0
2023-09-27 15:30:00-04:00,7.309999942779541,7.320000171661377,7.199999809265137,7.239999771118164,48403,0.0,0.0
2023-09-28 09:30:00-04:00,7.340000152587891,7.340000152587891,7.160099983215332,7.320000171661377,24494,0.0,0.0
2023-09-28 10:30:00-04:00,7.300000190734863,7.539999961853027,7.28000020980835,7.489999771118164,47215,0.0,0.0
2023-09-28 11:30:00-04:00,7.46999979019165,7.5493998527526855,7.409999847412109,7.494999885559082,34840,0.0,0.0
2023-09-28 12:30:00-04:00,7.529900074005127,7.529900074005127,7.387800216674805,7.420000076293945,11868,0.0,0.0
2023-09-28 13:30:00-04:00,7.360000133514404,7.400000095367432,7.328999996185303,7.349999904632568,15505,0.0,0.0
2023-09-28 14:30:00-04:00,7.329999923706055,7.369999885559082,7.320000171661377,7.320000171661377,16078,0.0,0.0
2023-09-28 15:30:00-04:00,7.320000171661377,7.320000171661377,7.25,7.300000190734863,19174,0.0,0.0
2023-09-29 09:30:00-04:00,7.300000190734863,7.438000202178955,7.210000038146973,7.269999980926514,33652,0.0,0.0
2023-09-29 10:30:00-04:00,7.21999979019165,7.2789998054504395,7.130000114440918,7.224999904632568,17624,0.0,0.0
2023-09-29 11:30:00-04:00,7.199999809265137,7.238100051879883,7.161900043487549,7.238100051879883,8530,0.0,0.0
2023-09-29 12:30:00-04:00,7.230000019073486,7.238900184631348,7.150000095367432,7.159999847412109,13752,0.0,0.0
2023-09-29 13:30:00-04:00,7.199999809265137,7.199999809265137,7.119999885559082,7.130000114440918,16322,0.0,0.0
2023-09-29 14:30:00-04:00,7.130099773406982,7.1331000328063965,7.070000171661377,7.11959981918335,41449,0.0,0.0
2023-09-29 15:30:00-04:00,7.110000133514404,7.159999847412109,7.090000152587891,7.150000095367432,13590,0.0,0.0
2023-10-02 09:30:00-04:00,7.179999828338623,7.253300189971924,6.849999904632568,6.936200141906738,57762,0.0,0.0
2023-10-02 10:30:00-04:00,6.929999828338623,6.949999809265137,6.78000020980835,6.840000152587891,37981,0.0,0.0
2023-10-02 11:30:00-04:00,6.840000152587891,6.919899940490723,6.770500183105469,6.912399768829346,32372,0.0,0.0
2023-10-02 12:30:00-04:00,6.920000076293945,6.96999979019165,6.860000133514404,6.919600009918213,14339,0.0,0.0
2023-10-02 13:30:00-04:00,6.876999855041504,6.914999961853027,6.860000133514404,6.860000133514404,14160,0.0,0.0
2023-10-02 14:30:00-04:00,6.860000133514404,6.860000133514404,6.800000190734863,6.840000152587891,11673,0.0,0.0
2023-10-02 15:30:00-04:00,6.829999923706055,6.880000114440918,6.815000057220459,6.880000114440918,25542,0.0,0.0
2023-10-03 09:30:00-04:00,6.78000020980835,6.789999961853027,6.349999904632568,6.385000228881836,115988,0.0,0.0
2023-10-03 10:30:00-04:00,6.369999885559082,6.369999885559082,6.190000057220459,6.259900093078613,60017,0.0,0.0
2023-10-03 11:30:00-04:00,6.244999885559082,6.377099990844727,6.244999885559082,6.377099990844727,11657,0.0,0.0
2023-10-03 12:30:00-04:00,6.364999771118164,6.519999980926514,6.335000038146973,6.349999904632568,66507,0.0,0.0
2023-10-03 13:30:00-04:00,6.349999904632568,6.349999904632568,6.170000076293945,6.249899864196777,53517,0.0,0.0
2023-10-03 14:30:00-04:00,6.253699779510498,6.279699802398682,6.210000038146973,6.210599899291992,14652,0.0,0.0
2023-10-03 15:30:00-04:00,6.215000152587891,6.269999980926514,6.190000057220459,6.269999980926514,56941,0.0,0.0
2023-10-04 09:30:00-04:00,6.110000133514404,6.170000076293945,5.610000133514404,5.650000095367432,161975,0.0,0.0
2023-10-04 10:30:00-04:00,5.619999885559082,5.701099872589111,5.5,5.539999961853027,80693,0.0,0.0
2023-10-04 11:30:00-04:00,5.550000190734863,5.550000190734863,5.340000152587891,5.349999904632568,76597,0.0,0.0
2023-10-04 12:30:00-04:00,5.357500076293945,5.448299884796143,5.316199779510498,5.380799770355225,43922,0.0,0.0
2023-10-04 13:30:00-04:00,5.389999866485596,5.510000228881836,5.291399955749512,5.339900016784668,45550,0.0,0.0
2023-10-04 14:30:00-04:00,5.333700180053711,5.364999771118164,5.309999942779541,5.349999904632568,25415,0.0,0.0
2023-10-04 15:30:00-04:00,5.354899883270264,5.429999828338623,5.354899883270264,5.409999847412109,80097,0.0,0.0
2023-10-05 09:30:00-04:00,5.300000190734863,5.389999866485596,5.199999809265137,5.320000171661377,63783,0.0,0.0
2023-10-05 10:30:00-04:00,5.339799880981445,5.439899921417236,5.339799880981445,5.376100063323975,29042,0.0,0.0
2023-10-05 11:30:00-04:00,5.369999885559082,5.394999980926514,5.292900085449219,5.304999828338623,7782,0.0,0.0
2023-10-05 12:30:00-04:00,5.304999828338623,5.320000171661377,5.240099906921387,5.260000228881836,32085,0.0,0.0
2023-10-05 13:30:00-04:00,5.289999961853027,5.309999942779541,5.260000228881836,5.260000228881836,13010,0.0,0.0
2023-10-05 14:30:00-04:00,5.260000228881836,5.329800128936768,5.260000228881836,5.309999942779541,20594,0.0,0.0
2023-10-05 15:30:00-04:00,5.315000057220459,5.315000057220459,5.275000095367432,5.289999961853027,23827,0.0,0.0
2023-10-06 09:30:00-04:00,5.190000057220459,5.190000057220459,4.71999979019165,4.74459981918335,163349,0.0,0.0
2023-10-06 10:30:00-04:00,4.726500034332275,4.926599979400635,4.670000076293945,4.90500020980835,102901,0.0,0.0
2023-10-06 11:30:00-04:00,4.880799770355225,4.920000076293945,4.880499839782715,4.900000095367432,15789,0.0,0.0
2023-10-06 12:30:00-04:00,4.909999847412109,4.920000076293945,4.849999904632568,4.909999847412109,43033,0.0,0.0
2023-10-06 13:30:00-04:00,4.900000095367432,4.918499946594238,4.864999771118164,4.918499946594238,13578,0.0,0.0
2023-10-06 14:30:00-04:00,4.916100025177002,4.939899921417236,4.840000152587891,4.909999847412109,33906,0.0,0.0
2023-10-06 15:30:00-04:00,4.909999847412109,4.909999847412109,4.820000171661377,4.880000114440918,51223,0.0,0.0
2023-10-09 09:30:00-04:00,5.099999904632568,5.539999961853027,5.079999923706055,5.210000038146973,188451,0.0,0.0
2023-10-09 10:30:00-04:00,5.197199821472168,5.453800201416016,5.197199821472168,5.372000217437744,91792,0.0,0.0
2023-10-09 11:30:00-04:00,5.390100002288818,5.440000057220459,5.300000190734863,5.313700199127197,34518,0.0,0.0
2023-10-09 12:30:00-04:00,5.293000221252441,5.350800037384033,5.260000228881836,5.350800037384033,14747,0.0,0.0
2023-10-09 13:30:00-04:00,5.349999904632568,5.409999847412109,5.300000190734863,5.409999847412109,35590,0.0,0.0
2023-10-09 14:30:00-04:00,5.409900188446045,5.429999828338623,5.369999885559082,5.4105000495910645,23489,0.0,0.0
2023-10-09 15:30:00-04:00,5.409999847412109,5.429999828338623,5.400000095367432,5.409999847412109,31182,0.0,0.0
2023-10-10 09:30:00-04:00,5.420000076293945,5.550000190734863,5.110000133514404,5.125,55590,0.0,0.0
2023-10-10 10:30:00-04:00,5.113900184631348,5.224800109863281,5.099999904632568,5.215000152587891,24758,0.0,0.0
2023-10-10 11:30:00-04:00,5.219900131225586,5.239999771118164,5.151400089263916,5.151400089263916,19326,0.0,0.0
2023-10-10 12:30:00-04:00,5.179900169372559,5.179999828338623,5.120100021362305,5.167500019073486,23650,0.0,0.0
2023-10-10 13:30:00-04:00,5.157199859619141,5.179900169372559,5.079999923706055,5.079999923706055,42216,0.0,0.0
2023-10-10 14:30:00-04:00,5.090199947357178,5.099999904632568,5.050000190734863,5.051400184631348,18244,0.0,0.0
2023-10-10 15:30:00-04:00,5.058300018310547,5.059899806976318,5.0233001708984375,5.039999961853027,39640,0.0,0.0
2023-10-11 09:30:00-04:00,5.039999961853027,5.085000038146973,4.989999771118164,5.042900085449219,157697,0.0,0.0
2023-10-11 10:30:00-04:00,5.037099838256836,5.159999847412109,5.019999980926514,5.119999885559082,94939,0.0,0.0
2023-10-11 11:30:00-04:00,5.130000114440918,5.150000095367432,5.03000020980835,5.039999961853027,36333,0.0,0.0
2023-10-11 12:30:00-04:00,5.019999980926514,5.039999961853027,4.940000057220459,4.958600044250488,21874,0.0,0.0
2023-10-11 13:30:00-04:00,4.945000171661377,4.95989990234375,4.900000095367432,4.900000095367432,11100,0.0,0.0
2023-10-11 14:30:00-04:00,4.90500020980835,4.960000038146973,4.90500020980835,4.920000076293945,16011,0.0,0.0
2023-10-11 15:30:00-04:00,4.920000076293945,4.951099872589111,4.920000076293945,4.920000076293945,21467,0.0,0.0
2023-10-12 09:30:00-04:00,5.0,5.050000190734863,4.980000019073486,5.0,26017,0.0,0.0
2023-10-12 10:30:00-04:00,5.0279998779296875,5.03000020980835,4.940000057220459,4.949999809265137,10463,0.0,0.0
2023-10-12 11:30:00-04:00,4.929999828338623,5.070000171661377,4.929999828338623,5.03000020980835,26048,0.0,0.0
2023-10-12 12:30:00-04:00,5.049900054931641,5.049900054931641,5.0,5.0278000831604,10279,0.0,0.0
2023-10-12 13:30:00-04:00,5.0,5.010000228881836,4.968999862670898,5.010000228881836,10653,0.0,0.0
2023-10-12 14:30:00-04:00,5.010000228881836,5.070000171661377,5.010000228881836,5.019999980926514,9107,0.0,0.0
2023-10-12 15:30:00-04:00,5.019999980926514,5.039999961853027,5.010000228881836,5.010000228881836,8206,0.0,0.0
2023-10-13 09:30:00-04:00,5.159999847412109,5.28000020980835,5.159999847412109,5.190000057220459,116554,0.0,0.0
2023-10-13 10:30:00-04:00,5.215000152587891,5.230000019073486,5.099999904632568,5.210000038146973,17746,0.0,0.0
2023-10-13 11:30:00-04:00,5.230999946594238,5.25,5.199999809265137,5.210100173950195,9986,0.0,0.0
2023-10-13 12:30:00-04:00,5.239999771118164,5.269999980926514,5.200099945068359,5.200099945068359,13654,0.0,0.0
2023-10-13 13:30:00-04:00,5.199999809265137,5.389999866485596,5.199999809265137,5.38700008392334,43112,0.0,0.0
2023-10-13 14:30:00-04:00,5.380000114440918,5.45989990234375,5.369999885559082,5.440000057220459,40355,0.0,0.0
2023-10-13 15:30:00-04:00,5.409999847412109,5.429999828338623,5.389999866485596,5.420000076293945,39702,0.0,0.0
2023-10-16 09:30:00-04:00,5.429999828338623,5.46999979019165,5.309999942779541,5.4257001876831055,33401,0.0,0.0
2023-10-16 10:30:00-04:00,5.454999923706055,5.550000190734863,5.4532999992370605,5.519999980926514,28728,0.0,0.0
2023-10-16 11:30:00-04:00,5.510000228881836,5.510000228881836,5.450500011444092,5.460000038146973,11465,0.0,0.0
2023-10-16 12:30:00-04:00,5.48199987411499,5.48199987411499,5.400000095367432,5.4105000495910645,10533,0.0,0.0
2023-10-16 13:30:00-04:00,5.449999809265137,5.510000228881836,5.432199954986572,5.485000133514404,13414,0.0,0.0
2023-10-16 14:30:00-04:00,5.472899913787842,5.5,5.429999828338623,5.494999885559082,17657,0.0,0.0
2023-10-16 15:30:00-04:00,5.48199987411499,5.5,5.480000019073486,5.5,6946,0.0,0.0
2023-10-17 09:30:00-04:00,5.519999980926514,5.610000133514404,5.519999980926514,5.547699928283691,35666,0.0,0.0
2023-10-17 10:30:00-04:00,5.574999809265137,5.574999809265137,5.519999980926514,5.519999980926514,19685,0.0,0.0
2023-10-17 11:30:00-04:00,5.510000228881836,5.510000228881836,5.409999847412109,5.441800117492676,16423,0.0,0.0
2023-10-17 12:30:00-04:00,5.440000057220459,5.445000171661377,5.400100231170654,5.420000076293945,6193,0.0,0.0
2023-10-17 13:30:00-04:00,5.429999828338623,5.429999828338623,5.371099948883057,5.420000076293945,7668,0.0,0.0
2023-10-17 14:30:00-04:00,5.420000076293945,5.5,5.409999847412109,5.5,21274,0.0,0.0
2023-10-17 15:30:00-04:00,5.519899845123291,5.550000190734863,5.4944000244140625,5.519999980926514,16836,0.0,0.0
2023-10-18 09:30:00-04:00,5.579999923706055,5.78000020980835,5.540599822998047,5.679999828338623,55691,0.0,0.0
2023-10-18 10:30:00-04:00,5.679999828338623,5.851900100708008,5.679999828338623,5.851900100708008,72608,0.0,0.0
2023-10-18 11:30:00-04:00,5.84499979019165,5.859899997711182,5.699999809265137,5.715000152587891,15796,0.0,0.0
2023-10-18 12:30:00-04:00,5.715199947357178,5.78000020980835,5.715199947357178,5.760000228881836,18453,0.0,0.0
2023-10-18 13:30:00-04:00,5.739999771118164,5.769899845123291,5.726099967956543,5.740600109100342,9429,0.0,0.0
2023-10-18 14:30:00-04:00,5.769999980926514,5.769999980926514,5.630000114440918,5.630000114440918,8804,0.0,0.0
2023-10-18 15:30:00-04:00,5.610000133514404,5.75,5.610000133514404,5.75,18559,0.0,0.0
2023-10-19 09:30:00-04:00,5.630000114440918,5.690000057220459,5.039999961853027,5.28000020980835,108948,0.0,0.0
2023-10-19 10:30:00-04:00,5.28000020980835,5.400000095367432,5.25,5.37939977645874,36862,0.0,0.0
2023-10-19 11:30:00-04:00,5.380000114440918,5.409900188446045,5.304699897766113,5.4096999168396,20040,0.0,0.0
2023-10-19 12:30:00-04:00,5.378900051116943,5.598800182342529,5.309999942779541,5.525000095367432,45815,0.0,0.0
2023-10-19 13:30:00-04:00,5.5493998527526855,5.619999885559082,5.5,5.570000171661377,30955,0.0,0.0
2023-10-19 14:30:00-04:00,5.579899787902832,5.650000095367432,5.539999961853027,5.540599822998047,102491,0.0,0.0
2023-10-19 15:30:00-04:00,5.559999942779541,5.559999942779541,5.510000228881836,5.519999980926514,25843,0.0,0.0
2023-10-20 09:30:00-04:00,5.590000152587891,5.670000076293945,5.559999942779541,5.659999847412109,48523,0.0,0.0
2023-10-20 10:30:00-04:00,5.679999828338623,5.689700126647949,5.53000020980835,5.620100021362305,41126,0.0,0.0
2023-10-20 11:30:00-04:00,5.619999885559082,5.619999885559082,5.571599960327148,5.585000038146973,9130,0.0,0.0
2023-10-20 12:30:00-04:00,5.579999923706055,5.60890007019043,5.579999923706055,5.579999923706055,14146,0.0,0.0
2023-10-20 13:30:00-04:00,5.599899768829346,5.599899768829346,5.550000190734863,5.565100193023682,14100,0.0,0.0
2023-10-20 14:30:00-04:00,5.559999942779541,5.559999942779541,5.460000038146973,5.489999771118164,19847,0.0,0.0
2023-10-20 15:30:00-04:00,5.510000228881836,5.639999866485596,5.5,5.630000114440918,38558,0.0,0.0
2023-10-23 09:30:00-04:00,5.599999904632568,5.639999866485596,5.400000095367432,5.46999979019165,35344,0.0,0.0
2023-10-23 10:30:00-04:00,5.460000038146973,5.5,5.420000076293945,5.494999885559082,20039,0.0,0.0
2023-10-23 11:30:00-04:00,5.494999885559082,5.53000020980835,5.440400123596191,5.53000020980835,5631,0.0,0.0
2023-10-23 12:30:00-04:00,5.510000228881836,5.539999961853027,5.489999771118164,5.539999961853027,12541,0.0,0.0
2023-10-23 13:30:00-04:00,5.504000186920166,5.625,5.489999771118164,5.519999980926514,11029,0.0,0.0
2023-10-23 14:30:00-04:00,5.549900054931641,5.549900054931641,5.371399879455566,5.371399879455566,27186,0.0,0.0
2023-10-23 15:30:00-04:00,5.3780999183654785,5.429999828338623,5.3780999183654785,5.400000095367432,9161,0.0,0.0
2023-10-24 09:30:00-04:00,5.380000114440918,5.40500020980835,5.199999809265137,5.349999904632568,64544,0.0,0.0
2023-10-24 10:30:00-04:00,5.349999904632568,5.420000076293945,5.289999961853027,5.420000076293945,20893,0.0,0.0
2023-10-24 11:30:00-04:00,5.389999866485596,5.389999866485596,5.28000020980835,5.295000076293945,19009,0.0,0.0
2023-10-24 12:30:00-04:00,5.295000076293945,5.319900035858154,5.273200035095215,5.290500164031982,2620,0.0,0.0
2023-10-24 13:30:00-04:00,5.290299892425537,5.309999942779541,5.287099838256836,5.309999942779541,5271,0.0,0.0
2023-10-24 14:30:00-04:00,5.297800064086914,5.340000152587891,5.25,5.25,24875,0.0,0.0
2023-10-24 15:30:00-04:00,5.230000019073486,5.239999771118164,5.199999809265137,5.199999809265137,11868,0.0,0.0
2023-10-25 09:30:00-04:00,5.210000038146973,5.360000133514404,5.200500011444092,5.309999942779541,27178,0.0,0.0
2023-10-25 10:30:00-04:00,5.309999942779541,5.309999942779541,5.170000076293945,5.222700119018555,28584,0.0,0.0
2023-10-25 11:30:00-04:00,5.235000133514404,5.28000020980835,5.179999828338623,5.260000228881836,20932,0.0,0.0
2023-10-25 12:30:00-04:00,5.28000020980835,5.329999923706055,5.269999980926514,5.329999923706055,9761,0.0,0.0
2023-10-25 13:30:00-04:00,5.329999923706055,5.369999885559082,5.324999809265137,5.349999904632568,6248,0.0,0.0
2023-10-25 14:30:00-04:00,5.355400085449219,5.357500076293945,5.337800025939941,5.34499979019165,2485,0.0,0.0
2023-10-25 15:30:00-04:00,5.369999885559082,5.369999885559082,5.320000171661377,5.320000171661377,9652,0.0,0.0
2023-10-26 09:30:00-04:00,5.170000076293945,5.244999885559082,5.159999847412109,5.244999885559082,6471,0.0,0.0
2023-10-26 10:30:00-04:00,5.28000020980835,5.309999942779541,5.230100154876709,5.25,8590,0.0,0.0
2023-10-26 11:30:00-04:00,5.28249979019165,5.309999942779541,5.210000038146973,5.256199836730957,12679,0.0,0.0
2023-10-26 12:30:00-04:00,5.220099925994873,5.289999961853027,5.21999979019165,5.230000019073486,11398,0.0,0.0
2023-10-26 13:30:00-04:00,5.239999771118164,5.260000228881836,5.210000038146973,5.260000228881836,2482,0.0,0.0
2023-10-26 14:30:00-04:00,5.269999980926514,5.289999961853027,5.199999809265137,5.269999980926514,17463,0.0,0.0
2023-10-26 15:30:00-04:00,5.269999980926514,5.300000190734863,5.260000228881836,5.270999908447266,5675,0.0,0.0
2023-10-27 09:30:00-04:00,5.269999980926514,5.400000095367432,5.269999980926514,5.284999847412109,8170,0.0,0.0
2023-10-27 10:30:00-04:00,5.23199987411499,5.255000114440918,5.160099983215332,5.239999771118164,11736,0.0,0.0
2023-10-27 11:30:00-04:00,5.279900074005127,5.308000087738037,5.2600998878479,5.269999980926514,7399,0.0,0.0
2023-10-27 12:30:00-04:00,5.269999980926514,5.269999980926514,5.220600128173828,5.260000228881836,6145,0.0,0.0
2023-10-27 13:30:00-04:00,5.239999771118164,5.269999980926514,5.200699806213379,5.258500099182129,13793,0.0,0.0
2023-10-27 14:30:00-04:00,5.25,5.300000190734863,5.244999885559082,5.300000190734863,7104,0.0,0.0
2023-10-27 15:30:00-04:00,5.265999794006348,5.303599834442139,5.139999866485596,5.190000057220459,88528,0.0,0.0
2023-10-30 09:30:00-04:00,5.179999828338623,5.199999809265137,5.099999904632568,5.130000114440918,12663,0.0,0.0
2023-10-30 10:30:00-04:00,5.099999904632568,5.099999904632568,4.985000133514404,5.050000190734863,34532,0.0,0.0
2023-10-30 11:30:00-04:00,5.03000020980835,5.035299777984619,4.989999771118164,5.014999866485596,5187,0.0,0.0
2023-10-30 12:30:00-04:00,5.039999961853027,5.039999961853027,4.929999828338623,4.929999828338623,9137,0.0,0.0
2023-10-30 13:30:00-04:00,4.940000057220459,4.97599983215332,4.900000095367432,4.929999828338623,19277,0.0,0.0
2023-10-30 14:30:00-04:00,4.949999809265137,4.960000038146973,4.909999847412109,4.949999809265137,12022,0.0,0.0
2023-10-30 15:30:00-04:00,4.930099964141846,4.949999809265137,4.909999847412109,4.909999847412109,8277,0.0,0.0
2023-10-31 09:30:00-04:00,4.900000095367432,4.912899971008301,4.769999980926514,4.855100154876709,60730,0.0,0.0
2023-10-31 10:30:00-04:00,4.853600025177002,4.855000019073486,4.78000020980835,4.790200233459473,19352,0.0,0.0
2023-10-31 11:30:00-04:00,4.789999961853027,4.789999961853027,4.699999809265137,4.699999809265137,36804,0.0,0.0
2023-10-31 12:30:00-04:00,4.699999809265137,4.71999979019165,4.599999904632568,4.619999885559082,41812,0.0,0.0
2023-10-31 13:30:00-04:00,4.599999904632568,4.699999809265137,4.599999904632568,4.690000057220459,7317,0.0,0.0
2023-10-31 14:30:00-04:00,4.696300029754639,4.800099849700928,4.696300029754639,4.789999961853027,16253,0.0,0.0
2023-10-31 15:30:00-04:00,4.769999980926514,4.820000171661377,4.760000228881836,4.820000171661377,11260,0.0,0.0
2023-11-01 09:30:00-04:00,4.900000095367432,4.900000095367432,4.730100154876709,4.75,11018,0.0,0.0
2023-11-01 10:30:00-04:00,4.793499946594238,4.829999923706055,4.769999980926514,4.809999942779541,9255,0.0,0.0
2023-11-01 11:30:00-04:00,4.789999961853027,4.799499988555908,4.75,4.75,11104,0.0,0.0
2023-11-01 12:30:00-04:00,4.757199764251709,4.760000228881836,4.699999809265137,4.724999904632568,9871,0.0,0.0
2023-11-01 13:30:00-04:00,4.740300178527832,4.760000228881836,4.690000057220459,4.7357001304626465,4953,0.0,0.0
2023-11-01 14:30:00-04:00,4.723299980163574,4.723299980163574,4.679999828338623,4.690299987792969,12595,0.0,0.0
2023-11-01 15:30:00-04:00,4.7017998695373535,4.730000019073486,4.679999828338623,4.699999809265137,10345,0.0,0.0
2023-11-02 09:30:00-04:00,4.590000152587891,4.690000057220459,4.449999809265137,4.465000152587891,133408,0.0,0.0
2023-11-02 10:30:00-04:00,4.460000038146973,4.579999923706055,4.440000057220459,4.510000228881836,34330,0.0,0.0
2023-11-02 11:30:00-04:00,4.510000228881836,4.539999961853027,4.429999828338623,4.445000171661377,64603,0.0,0.0
2023-11-02 12:30:00-04:00,4.440100193023682,4.510000228881836,4.380000114440918,4.440100193023682,82834,0.0,0.0
2023-11-02 13:30:00-04:00,4.480000019073486,4.496200084686279,4.463600158691406,4.480000019073486,18451,0.0,0.0
2023-11-02 14:30:00-04:00,4.46999979019165,4.474999904632568,4.400000095367432,4.409999847412109,66636,0.0,0.0
2023-11-02 15:30:00-04:00,4.420000076293945,4.420000076293945,4.380000114440918,4.400000095367432,26819,0.0,0.0
2023-11-03 09:30:00-04:00,4.449999809265137,4.539999961853027,4.440000057220459,4.449900150299072,50435,0.0,0.0
2023-11-03 10:30:00-04:00,4.42609977722168,4.509900093078613,4.425000190734863,4.4984002113342285,35561,0.0,0.0
2023-11-03 11:30:00-04:00,4.4899001121521,4.5,4.440000057220459,4.45959997177124,18872,0.0,0.0
2023-11-03 12:30:00-04:00,4.434999942779541,4.446800231933594,4.420000076293945,4.439899921417236,3642,0.0,0.0
2023-11-03 13:30:00-04:00,4.420100212097168,4.428400039672852,4.309999942779541,4.360000133514404,44563,0.0,0.0
2023-11-03 14:30:00-04:00,4.380000114440918,4.409999847412109,4.320000171661377,4.329999923706055,27813,0.0,0.0
2023-11-03 15:30:00-04:00,4.329999923706055,4.420000076293945,4.329999923706055,4.369999885559082,23632,0.0,0.0
2023-11-06 09:30:00-05:00,4.409999847412109,4.5,4.320000171661377,4.349999904632568,51585,0.0,0.0
2023-11-06 10:30:00-05:00,4.349999904632568,4.389900207519531,4.340000152587891,4.349999904632568,9173,0.0,0.0
2023-11-06 11:30:00-05:00,4.380000114440918,4.380000114440918,4.309999942779541,4.335000038146973,20836,0.0,0.0
2023-11-06 12:30:00-05:00,4.320000171661377,4.349899768829346,4.2006001472473145,4.230000019073486,42022,0.0,0.0
2023-11-06 13:30:00-05:00,4.2399001121521,4.25,4.119999885559082,4.131999969482422,41088,0.0,0.0
2023-11-06 14:30:00-05:00,4.139999866485596,4.210000038146973,4.139999866485596,4.210000038146973,30036,0.0,0.0
2023-11-06 15:30:00-05:00,4.210000038146973,4.230000019073486,4.190000057220459,4.199999809265137,14312,0.0,0.0
2023-11-07 09:30:00-05:00,4.099999904632568,4.110000133514404,3.711699962615967,3.759999990463257,239132,0.0,0.0
2023-11-07 10:30:00-05:00,3.769399881362915,3.8394999504089355,3.7100000381469727,3.815000057220459,75217,0.0,0.0
2023-11-07 11:30:00-05:00,3.8183000087738037,3.9298999309539795,3.8094000816345215,3.900099992752075,49311,0.0,0.0
2023-11-07 12:30:00-05:00,3.9100000858306885,3.980600118637085,3.9000000953674316,3.9800000190734863,20180,0.0,0.0
2023-11-07 13:30:00-05:00,3.9649999141693115,3.9786999225616455,3.950000047683716,3.9786999225616455,10508,0.0,0.0
2023-11-07 14:30:00-05:00,3.9700000286102295,3.9795000553131104,3.950000047683716,3.950000047683716,16611,0.0,0.0
2023-11-07 15:30:00-05:00,3.9549999237060547,3.9800000190734863,3.950000047683716,3.9798998832702637,15428,0.0,0.0
2023-11-08 09:30:00-05:00,4.03000020980835,4.03000020980835,3.869999885559082,3.8708999156951904,31552,0.0,0.0
2023-11-08 10:30:00-05:00,3.8701000213623047,3.890000104904175,3.840100049972534,3.859999895095825,15184,0.0,0.0
2023-11-08 11:30:00-05:00,3.859999895095825,3.890000104904175,3.8499999046325684,3.8701000213623047,4523,0.0,0.0
2023-11-08 12:30:00-05:00,3.869999885559082,3.901599884033203,3.8399999141693115,3.8949999809265137,15529,0.0,0.0
2023-11-08 13:30:00-05:00,3.90910005569458,3.930000066757202,3.869999885559082,3.871999979019165,20493,0.0,0.0
2023-11-08 14:30:00-05:00,3.8701999187469482,3.890000104904175,3.8498001098632812,3.8498001098632812,4105,0.0,0.0
2023-11-08 15:30:00-05:00,3.8403000831604004,3.8499999046325684,3.8399999141693115,3.840100049972534,5099,0.0,0.0
2023-11-09 09:30:00-05:00,3.9000000953674316,3.9700000286102295,3.799999952316284,3.8417999744415283,39877,0.0,0.0
2023-11-09 10:30:00-05:00,3.880000114440918,3.9000000953674316,3.8299999237060547,3.8299999237060547,14206,0.0,0.0
2023-11-09 11:30:00-05:00,3.8299999237060547,3.8299999237060547,3.78629994392395,3.8036000728607178,15012,0.0,0.0
2023-11-09 12:30:00-05:00,3.8359999656677246,3.8359999656677246,3.680000066757202,3.7200000286102295,44627,0.0,0.0
2023-11-09 13:30:00-05:00,3.7279999256134033,3.740000009536743,3.680000066757202,3.7149999141693115,24962,0.0,0.0
2023-11-09 14:30:00-05:00,3.7298998832702637,3.7298998832702637,3.5999999046325684,3.619999885559082,37460,0.0,0.0
2023-11-09 15:30:00-05:00,3.619999885559082,3.6700000762939453,3.5999999046325684,3.6700000762939453,13534,0.0,0.0
2023-11-10 09:30:00-05:00,3.75,3.75,3.4200000762939453,3.483299970626831,115955,0.0,0.0
2023-11-10 10:30:00-05:00,3.460099935531616,3.5399999618530273,3.4600000381469727,3.5399999618530273,12251,0.0,0.0
2023-11-10 11:30:00-05:00,3.5399999618530273,3.5648999214172363,3.5,3.5199999809265137,17551,0.0,0.0
2023-11-10 12:30:00-05:00,3.5390000343322754,3.559999942779541,3.490000009536743,3.530600070953369,13948,0.0,0.0
2023-11-10 13:30:00-05:00,3.549999952316284,3.630000114440918,3.549999952316284,3.5799999237060547,15850,0.0,0.0
2023-11-10 14:30:00-05:00,3.569999933242798,3.5899999141693115,3.5299999713897705,3.5399999618530273,8124,0.0,0.0
2023-11-10 15:30:00-05:00,3.533099889755249,3.549999952316284,3.509999990463257,3.5199999809265137,14925,0.0,0.0
2023-11-13 09:30:00-05:00,3.2699999809265137,3.4000000953674316,3.190000057220459,3.4000000953674316,120291,0.0,0.0
2023-11-13 10:30:00-05:00,3.390000104904175,3.4000000953674316,3.3399999141693115,3.365000009536743,20348,0.0,0.0
2023-11-13 11:30:00-05:00,3.3698999881744385,3.3798999786376953,3.259999990463257,3.2799999713897705,30683,0.0,0.0
2023-11-13 12:30:00-05:00,3.2602999210357666,3.265899896621704,3.180000066757202,3.259999990463257,41719,0.0,0.0
2023-11-13 13:30:00-05:00,3.25,3.2899999618530273,3.2300000190734863,3.2799999713897705,22399,0.0,0.0
2023-11-13 14:30:00-05:00,3.2850000858306885,3.2950000762939453,3.2200000286102295,3.2200000286102295,49996,0.0,0.0
2023-11-13 15:30:00-05:00,3.2300000190734863,3.240000009536743,3.2100000381469727,3.2200000286102295,35002,0.0,0.0
2023-11-14 09:30:00-05:00,3.2200000286102295,3.450000047683716,3.2200000286102295,3.430000066757202,105006,0.0,0.0
2023-11-14 10:30:00-05:00,3.3947999477386475,3.5299999713897705,3.3947999477386475,3.5199999809265137,26317,0.0,0.0
2023-11-14 11:30:00-05:00,3.5399999618530273,3.6189000606536865,3.5299999713897705,3.581899881362915,23067,0.0,0.0
2023-11-14 12:30:00-05:00,3.5899999141693115,3.6684000492095947,3.5799999237060547,3.630000114440918,34519,0.0,0.0
2023-11-14 13:30:00-05:00,3.640000104904175,3.640000104904175,3.5880000591278076,3.615000009536743,25279,0.0,0.0
2023-11-14 14:30:00-05:00,3.630000114440918,3.6700000762939453,3.609999895095825,3.6700000762939453,36967,0.0,0.0
2023-11-14 15:30:00-05:00,3.6410999298095703,3.700000047683716,3.640000104904175,3.674999952316284,21793,0.0,0.0
2023-11-15 09:30:00-05:00,3.690000057220459,3.690000057220459,3.549999952316284,3.630000114440918,40497,0.0,0.0
2023-11-15 10:30:00-05:00,3.630000114440918,3.640000104904175,3.569999933242798,3.5813000202178955,22519,0.0,0.0
2023-11-15 11:30:00-05:00,3.5799999237060547,3.5799999237060547,3.5199999809265137,3.5399999618530273,17942,0.0,0.0
2023-11-15 12:30:00-05:00,3.5399999618530273,3.548799991607666,3.5,3.509999990463257,9090,0.0,0.0
2023-11-15 13:30:00-05:00,3.50819993019104,3.516200065612793,3.4600000381469727,3.4600000381469727,14491,0.0,0.0
2023-11-15 14:30:00-05:00,3.4700000286102295,3.4700000286102295,3.359999895095825,3.359999895095825,22471,0.0,0.0
2023-11-15 15:30:00-05:00,3.369999885559082,3.4049999713897705,3.369999885559082,3.380000114440918,17821,0.0,0.0
2023-11-16 09:30:00-05:00,3.490000009536743,3.490000009536743,3.2000999450683594,3.2699999809265137,87837,0.0,0.0
2023-11-16 10:30:00-05:00,3.2799999713897705,3.309999942779541,3.25,3.259999990463257,29800,0.0,0.0
2023-11-16 11:30:00-05:00,3.2750000953674316,3.2750000953674316,3.2200000286102295,3.2400999069213867,28247,0.0,0.0
2023-11-16 12:30:00-05:00,3.25,3.319999933242798,3.25,3.2899999618530273,15163,0.0,0.0
2023-11-16 13:30:00-05:00,3.2899999618530273,3.3299999237060547,3.2899999618530273,3.319999933242798,7549,0.0,0.0
2023-11-16 14:30:00-05:00,3.323499917984009,3.380000114440918,3.319999933242798,3.380000114440918,5228,0.0,0.0
2023-11-16 15:30:00-05:00,3.369999885559082,3.375,3.3399999141693115,3.3499999046325684,8335,0.0,0.0
2023-11-17 09:30:00-05:00,3.380000114440918,3.4200000762939453,3.180000066757202,3.180000066757202,80505,0.0,0.0
2023-11-17 10:30:00-05:00,3.180000066757202,3.240000009536743,3.049999952316284,3.059999942779541,128341,0.0,0.0
2023-11-17 11:30:00-05:00,3.059999942779541,3.180000066757202,3.049999952316284,3.180000066757202,116086,0.0,0.0
2023-11-17 12:30:00-05:00,3.190000057220459,3.2799999713897705,3.1700000762939453,3.2548000812530518,33067,0.0,0.0
2023-11-17 13:30:00-05:00,3.25,3.3399999141693115,3.25,3.3399999141693115,17453,0.0,0.0
2023-11-17 14:30:00-05:00,3.3399999141693115,3.3550000190734863,3.300100088119507,3.3285000324249268,13473,0.0,0.0
2023-11-17 15:30:00-05:00,3.309999942779541,3.3299999237060547,3.2799999713897705,3.3299999237060547,16796,0.0,0.0
2023-11-20 09:30:00-05:00,3.3499999046325684,3.619999885559082,3.3499999046325684,3.5999999046325684,81284,0.0,0.0
2023-11-20 10:30:00-05:00,3.599600076675415,3.630000114440918,3.5199999809265137,3.5799999237060547,24852,0.0,0.0
2023-11-20 11:30:00-05:00,3.5553998947143555,3.7100000381469727,3.5553998947143555,3.634999990463257,45082,0.0,0.0
2023-11-20 12:30:00-05:00,3.634999990463257,3.700000047683716,3.619999885559082,3.700000047683716,15114,0.0,0.0
2023-11-20 13:30:00-05:00,3.7100000381469727,3.740000009536743,3.7047998905181885,3.7200000286102295,23738,0.0,0.0
2023-11-20 14:30:00-05:00,3.7149999141693115,3.7200000286102295,3.6600000858306885,3.680000066757202,22069,0.0,0.0
2023-11-20 15:30:00-05:00,3.680000066757202,3.700000047683716,3.6500000953674316,3.6500000953674316,25228,0.0,0.0
2023-11-21 09:30:00-05:00,3.5199999809265137,3.639400005340576,3.4600000381469727,3.5971999168395996,45844,0.0,0.0
2023-11-21 10:30:00-05:00,3.5799999237060547,3.5899999141693115,3.530100107192993,3.530100107192993,12706,0.0,0.0
2023-11-21 11:30:00-05:00,3.549999952316284,3.549999952316284,3.4549999237060547,3.4749999046325684,23713,0.0,0.0
2023-11-21 12:30:00-05:00,3.4800000190734863,3.5078001022338867,3.4600000381469727,3.4632999897003174,11250,0.0,0.0
2023-11-21 13:30:00-05:00,3.4600000381469727,3.469099998474121,3.440000057220459,3.444499969482422,3391,0.0,0.0
2023-11-21 14:30:00-05:00,3.440000057220459,3.444999933242798,3.4000000953674316,3.409899950027466,10706,0.0,0.0
2023-11-21 15:30:00-05:00,3.4049999713897705,3.4298999309539795,3.4000000953674316,3.4100000858306885,9874,0.0,0.0
2023-11-22 09:30:00-05:00,3.309999942779541,3.559999942779541,3.25,3.4760000705718994,85333,0.0,0.0
2023-11-22 10:30:00-05:00,3.490000009536743,3.5299999713897705,3.490000009536743,3.5000998973846436,21168,0.0,0.0
2023-11-22 11:30:00-05:00,3.509999990463257,3.5999999046325684,3.509999990463257,3.5999999046325684,9860,0.0,0.0
2023-11-22 12:30:00-05:00,3.5999999046325684,3.680000066757202,3.5999999046325684,3.680000066757202,26218,0.0,0.0
2023-11-22 13:30:00-05:00,3.6600000858306885,3.6700000762939453,3.549999952316284,3.549999952316284,20785,0.0,0.0
2023-11-22 14:30:00-05:00,3.5199999809265137,3.5996999740600586,3.5199999809265137,3.5299999713897705,11882,0.0,0.0
2023-11-22 15:30:00-05:00,3.5399999618530273,3.559999942779541,3.5139999389648438,3.549999952316284,8474,0.0,0.0
2023-11-24 09:30:00-05:00,3.4800000190734863,3.6356000900268555,3.4800000190734863,3.609999895095825,6103,0.0,0.0
2023-11-24 10:30:00-05:00,3.5950000286102295,3.5950000286102295,3.5199999809265137,3.5199999809265137,9129,0.0,0.0
2023-11-24 11:30:00-05:00,3.5487000942230225,3.558300018310547,3.5199999809265137,3.558300018310547,4386,0.0,0.0
2023-11-27 09:30:00-05:00,3.5899999141693115,3.5899999141693115,3.380000114440918,3.509999990463257,52801,0.0,0.0
2023-11-27 10:30:00-05:00,3.5065999031066895,3.5065999031066895,3.3499999046325684,3.3499999046325684,10782,0.0,0.0
2023-11-27 11:30:00-05:00,3.3499999046325684,3.369999885559082,3.3197999000549316,3.3550000190734863,24402,0.0,0.0
2023-11-27 12:30:00-05:00,3.3550000190734863,3.41129994392395,3.319999933242798,3.3759000301361084,18828,0.0,0.0
2023-11-27 13:30:00-05:00,3.380000114440918,3.380000114440918,3.309999942779541,3.349900007247925,23107,0.0,0.0
2023-11-27 14:30:00-05:00,3.3499999046325684,3.359999895095825,3.3299999237060547,3.3350000381469727,12413,0.0,0.0
2023-11-27 15:30:00-05:00,3.333400011062622,3.369999885559082,3.3299999237060547,3.359999895095825,11397,0.0,0.0
2023-11-28 09:30:00-05:00,3.3499999046325684,3.4800000190734863,3.3499999046325684,3.426100015640259,13880,0.0,0.0
2023-11-28 10:30:00-05:00,3.4672000408172607,3.5,3.450000047683716,3.4700000286102295,16318,0.0,0.0
2023-11-28 11:30:00-05:00,3.4783999919891357,3.4783999919891357,3.440000057220459,3.450000047683716,6801,0.0,0.0
2023-11-28 12:30:00-05:00,3.4683001041412354,3.4683001041412354,3.440000057220459,3.440000057220459,3224,0.0,0.0
2023-11-28 13:30:00-05:00,3.440000057220459,3.440000057220459,3.4100000858306885,3.424999952316284,3390,0.0,0.0
2023-11-28 14:30:00-05:00,3.4100000858306885,3.4400999546051025,3.4100000858306885,3.440000057220459,8146,0.0,0.0
2023-11-28 15:30:00-05:00,3.430000066757202,3.4600000381469727,3.430000066757202,3.4583001136779785,2518,0.0,0.0
2023-11-29 09:30:00-05:00,3.4200000762939453,3.5,3.4200000762939453,3.422499895095825,17471,0.0,0.0
2023-11-29 10:30:00-05:00,3.4200000762939453,3.449899911880493,3.380000114440918,3.3959999084472656,7788,0.0,0.0
2023-11-29 11:30:00-05:00,3.413100004196167,3.4200000762939453,3.378000020980835,3.4200000762939453,7945,0.0,0.0
2023-11-29 12:30:00-05:00,3.4200000762939453,3.4886999130249023,3.4200000762939453,3.4700000286102295,3831,0.0,0.0
2023-11-29 13:30:00-05:00,3.4600000381469727,3.4899001121520996,3.450000047683716,3.4800000190734863,7388,0.0,0.0
2023-11-29 14:30:00-05:00,3.4800000190734863,3.489500045776367,3.450000047683716,3.450000047683716,5132,0.0,0.0
2023-11-29 15:30:00-05:00,3.4600000381469727,3.4600000381469727,3.444999933242798,3.450000047683716,6269,0.0,0.0
2023-11-30 09:30:00-05:00,3.5199999809265137,3.732100009918213,3.506500005722046,3.7200000286102295,39786,0.0,0.0
2023-11-30 10:30:00-05:00,3.700000047683716,3.740000009536743,3.5,3.516700029373169,41858,0.0,0.0
2023-11-30 11:30:00-05:00,3.490000009536743,3.569999933242798,3.4895999431610107,3.549999952316284,21507,0.0,0.0
2023-11-30 12:30:00-05:00,3.557300090789795,3.630000114440918,3.557300090789795,3.5950000286102295,10755,0.0,0.0
2023-11-30 13:30:00-05:00,3.5999999046325684,3.6600000858306885,3.5999999046325684,3.640000104904175,18183,0.0,0.0
2023-11-30 14:30:00-05:00,3.6449999809265137,3.680000066757202,3.569999933242798,3.575000047683716,14341,0.0,0.0
2023-11-30 15:30:00-05:00,3.559999942779541,3.5899999141693115,3.5299999713897705,3.5299999713897705,19744,0.0,0.0
2023-12-01 09:30:00-05:00,3.5999999046325684,3.6728999614715576,3.5399999618530273,3.6301000118255615,21417,0.0,0.0
2023-12-01 10:30:00-05:00,3.6201000213623047,3.640000104904175,3.569999933242798,3.6050000190734863,12710,0.0,0.0
2023-12-01 11:30:00-05:00,3.6050000190734863,3.627500057220459,3.569999933242798,3.5950000286102295,11180,0.0,0.0
2023-12-01 12:30:00-05:00,3.591599941253662,3.591599941253662,3.5,3.51419997215271,9166,0.0,0.0
2023-12-01 13:30:00-05:00,3.5199999809265137,3.520900011062622,3.4800000190734863,3.490000009536743,28968,0.0,0.0
2023-12-01 14:30:00-05:00,3.490000009536743,3.5799999237060547,3.490000009536743,3.5299999713897705,23438,0.0,0.0
2023-12-01 15:30:00-05:00,3.5199999809265137,3.5799999237060547,3.5199999809265137,3.5299999713897705,23843,0.0,0.0
2023-12-04 09:30:00-05:00,3.490000009536743,3.5773000717163086,3.490000009536743,3.5299999713897705,27903,0.0,0.0
2023-12-04 10:30:00-05:00,3.518199920654297,3.559999942779541,3.490000009536743,3.558000087738037,13816,0.0,0.0
2023-12-04 11:30:00-05:00,3.5501999855041504,3.569999933242798,3.5,3.515000104904175,11195,0.0,0.0
2023-12-04 12:30:00-05:00,3.5160000324249268,3.5794999599456787,3.5,3.5606000423431396,29299,0.0,0.0
2023-12-04 13:30:00-05:00,3.575000047683716,3.575000047683716,3.5299999713897705,3.5350000858306885,5466,0.0,0.0
2023-12-04 14:30:00-05:00,3.526400089263916,3.6600000858306885,3.509999990463257,3.549999952316284,39484,0.0,0.0
2023-12-04 15:30:00-05:00,3.5564000606536865,3.569999933242798,3.509999990463257,3.509999990463257,19881,0.0,0.0
2023-12-05 09:30:00-05:00,3.5,3.509999990463257,3.3299999237060547,3.369999885559082,48440,0.0,0.0
2023-12-05 10:30:00-05:00,3.384999990463257,3.384999990463257,3.3499999046325684,3.369999885559082,7555,0.0,0.0
2023-12-05 11:30:00-05:00,3.380000114440918,3.396899938583374,3.319999933242798,3.3299999237060547,25490,0.0,0.0
2023-12-05 12:30:00-05:00,3.309999942779541,3.319999933242798,3.2799999713897705,3.299999952316284,9098,0.0,0.0
2023-12-05 13:30:00-05:00,3.309999942779541,3.3499999046325684,3.299999952316284,3.3046998977661133,12401,0.0,0.0
2023-12-05 14:30:00-05:00,3.3499999046325684,3.3499999046325684,3.2909998893737793,3.2980000972747803,25156,0.0,0.0
2023-12-05 15:30:00-05:00,3.2899999618530273,3.309999942779541,3.2899999618530273,3.2899999618530273,10868,0.0,0.0
2023-12-06 09:30:00-05:00,3.299999952316284,3.349900007247925,3.2202000617980957,3.2799999713897705,66691,0.0,0.0
2023-12-06 10:30:00-05:00,3.309999942779541,3.3299999237060547,3.1700000762939453,3.1802000999450684,85041,0.0,0.0
2023-12-06 11:30:00-05:00,3.199899911880493,3.200000047683716,3.0999999046325684,3.130000114440918,64992,0.0,0.0
2023-12-06 12:30:00-05:00,3.125,3.184999942779541,3.119999885559082,3.1793999671936035,20271,0.0,0.0
2023-12-06 13:30:00-05:00,3.2160000801086426,3.240000009536743,3.1500000953674316,3.2088000774383545,17634,0.0,0.0
2023-12-06 14:30:00-05:00,3.200000047683716,3.2100000381469727,3.1500000953674316,3.190000057220459,10458,0.0,0.0
2023-12-06 15:30:00-05:00,3.1700000762939453,3.2200000286102295,3.1700000762939453,3.2049999237060547,10697,0.0,0.0
2023-12-07 09:30:00-05:00,3.2300000190734863,3.240000009536743,3.1101999282836914,3.1171000003814697,18536,0.0,0.0
2023-12-07 10:30:00-05:00,3.136199951171875,3.1570000648498535,3.1110999584198,3.1268999576568604,24658,0.0,0.0
2023-12-07 11:30:00-05:00,3.119999885559082,3.129300117492676,3.0999999046325684,3.109999895095825,10350,0.0,0.0
2023-12-07 12:30:00-05:00,3.1149001121520996,3.13700008392334,3.0899999141693115,3.13700008392334,31408,0.0,0.0
2023-12-07 13:30:00-05:00,3.12280011177063,3.130000114440918,3.0799999237060547,3.0799999237060547,51527,0.0,0.0
2023-12-07 14:30:00-05:00,3.0799999237060547,3.0999999046325684,3.059999942779541,3.0999999046325684,30734,0.0,0.0
2023-12-07 15:30:00-05:00,3.082200050354004,3.109999895095825,3.0799999237060547,3.0799999237060547,35714,0.0,0.0
2023-12-08 09:30:00-05:00,3.069999933242798,3.100800037384033,3.0299999713897705,3.0899999141693115,101077,0.0,0.0
2023-12-08 10:30:00-05:00,3.0999999046325684,3.1105000972747803,3.0311999320983887,3.0399999618530273,38111,0.0,0.0
2023-12-08 11:30:00-05:00,3.04830002784729,3.049999952316284,3.0,3.009999990463257,46295,0.0,0.0
2023-12-08 12:30:00-05:00,3.0,3.005000114440918,2.9149999618530273,3.0037999153137207,113340,0.0,0.0
2023-12-08 13:30:00-05:00,2.990000009536743,3.0199999809265137,2.9723000526428223,3.005000114440918,12091,0.0,0.0
2023-12-08 14:30:00-05:00,3.009999990463257,3.0292999744415283,2.9700000286102295,2.990000009536743,23573,0.0,0.0
2023-12-08 15:30:00-05:00,3.0,3.0114998817443848,2.9700000286102295,2.9700000286102295,13148,0.0,0.0
2023-12-11 09:30:00-05:00,2.9600000381469727,2.9800000190734863,2.8814001083374023,2.9402999877929688,54561,0.0,0.0
2023-12-11 10:30:00-05:00,2.950000047683716,2.950000047683716,2.869999885559082,2.890000104904175,34773,0.0,0.0
2023-12-11 11:30:00-05:00,2.890000104904175,2.9000000953674316,2.8680999279022217,2.880000114440918,26115,0.0,0.0
2023-12-11 12:30:00-05:00,2.860100030899048,2.890000104904175,2.860100030899048,2.8822999000549316,10663,0.0,0.0
2023-12-11 13:30:00-05:00,2.890000104904175,2.9200000762939453,2.860100030899048,2.9000000953674316,54186,0.0,0.0
2023-12-11 14:30:00-05:00,2.9000000953674316,2.9093000888824463,2.8499999046325684,2.9000000953674316,38012,0.0,0.0
2023-12-11 15:30:00-05:00,2.890000104904175,2.9000000953674316,2.859999895095825,2.859999895095825,10268,0.0,0.0
2023-12-12 09:30:00-05:00,2.859999895095825,2.880000114440918,2.75,2.7760000228881836,48474,0.0,0.0
2023-12-12 10:30:00-05:00,2.7699999809265137,2.799999952316284,2.700000047683716,2.740000009536743,62385,0.0,0.0
2023-12-12 11:30:00-05:00,2.728300094604492,2.7300000190734863,2.6500000953674316,2.6967999935150146,90360,0.0,0.0
2023-12-12 12:30:00-05:00,2.6602001190185547,2.699899911880493,2.609999895095825,2.6561999320983887,91765,0.0,0.0
2023-12-12 13:30:00-05:00,2.6468000411987305,2.659899950027466,2.619999885559082,2.640000104904175,14542,0.0,0.0
2023-12-12 14:30:00-05:00,2.6315999031066895,2.700000047683716,2.630000114440918,2.700000047683716,35677,0.0,0.0
2023-12-12 15:30:00-05:00,2.690000057220459,2.7100000381469727,2.690000057220459,2.700000047683716,41762,0.0,0.0
2023-12-13 09:30:00-05:00,2.759999990463257,2.819999933242798,2.7200000286102295,2.799999952316284,21259,0.0,0.0
2023-12-13 10:30:00-05:00,2.809999942779541,2.950000047683716,2.809999942779541,2.900099992752075,57609,0.0,0.0
2023-12-13 11:30:00-05:00,2.8954999446868896,2.9200000762939453,2.890000104904175,2.890000104904175,21099,0.0,0.0
2023-12-13 12:30:00-05:00,2.869999885559082,2.9000000953674316,2.8399999141693115,2.8399999141693115,17844,0.0,0.0
2023-12-13 13:30:00-05:00,2.890000104904175,2.944999933242798,2.890000104904175,2.940000057220459,6580,0.0,0.0
2023-12-13 14:30:00-05:00,2.944999933242798,3.0299999713897705,2.910599946975708,2.982800006866455,56826,0.0,0.0
2023-12-13 15:30:00-05:00,3.009999990463257,3.0399999618530273,2.990000009536743,3.0299999713897705,23508,0.0,0.0
2023-12-14 09:30:00-05:00,3.049999952316284,3.203399896621704,3.049999952316284,3.119999885559082,60585,0.0,0.0
2023-12-14 10:30:00-05:00,3.139899969100952,3.200000047683716,3.099400043487549,3.099400043487549,40021,0.0,0.0
2023-12-14 11:30:00-05:00,3.073199987411499,3.1387999057769775,3.0713999271392822,3.119999885559082,14628,0.0,0.0
2023-12-14 12:30:00-05:00,3.130000114440918,3.130000114440918,3.060699939727783,3.0899999141693115,5643,0.0,0.0
2023-12-14 13:30:00-05:00,3.0799999237060547,3.089900016784668,3.0,3.009999990463257,15465,0.0,0.0
2023-12-14 14:30:00-05:00,3.0199999809265137,3.059999942779541,3.0199999809265137,3.059999942779541,8294,0.0,0.0
2023-12-14 15:30:00-05:00,3.0799999237060547,3.130000114440918,3.069999933242798,3.0899999141693115,17501,0.0,0.0
2023-12-15 09:30:00-05:00,3.1600000858306885,3.180000066757202,3.109999895095825,3.1602001190185547,27342,0.0,0.0
2023-12-15 10:30:00-05:00,3.1700000762939453,3.259999990463257,3.1700000762939453,3.1849000453948975,48879,0.0,0.0
2023-12-15 11:30:00-05:00,3.1735000610351562,3.190000057220459,3.0899999141693115,3.090100049972534,49557,0.0,0.0
2023-12-15 12:30:00-05:00,3.1017000675201416,3.1698999404907227,3.0799999237060547,3.0799999237060547,12477,0.0,0.0
2023-12-15 13:30:00-05:00,3.079400062561035,3.109499931335449,3.069999933242798,3.099900007247925,5403,0.0,0.0
2023-12-15 14:30:00-05:00,3.0840001106262207,3.1301000118255615,3.069999933242798,3.1301000118255615,12880,0.0,0.0
2023-12-15 15:30:00-05:00,3.1214001178741455,3.1600000858306885,3.1214001178741455,3.1500000953674316,7663,0.0,0.0
2023-12-18 09:30:00-05:00,3.1600000858306885,3.2699999809265137,3.109999895095825,3.259999990463257,64420,0.0,0.0
2023-12-18 10:30:00-05:00,3.240000009536743,3.259999990463257,3.180000066757202,3.188199996948242,53819,0.0,0.0
2023-12-18 11:30:00-05:00,3.190000057220459,3.190000057220459,3.1524999141693115,3.180000066757202,18571,0.0,0.0
2023-12-18 12:30:00-05:00,3.1600000858306885,3.1689000129699707,3.1349000930786133,3.1600000858306885,7149,0.0,0.0
2023-12-18 13:30:00-05:00,3.1500000953674316,3.1500000953674316,3.0,3.049999952316284,24652,0.0,0.0
2023-12-18 14:30:00-05:00,3.0399999618530273,3.1180999279022217,3.0399999618530273,3.099900007247925,11247,0.0,0.0
2023-12-18 15:30:00-05:00,3.093600034713745,3.0999999046325684,3.0899999141693115,3.0899999141693115,3927,0.0,0.0
2023-12-19 09:30:00-05:00,3.109999895095825,3.1700000762939453,3.077399969100952,3.09089994430542,44850,0.0,0.0
2023-12-19 10:30:00-05:00,3.0899999141693115,3.2200000286102295,3.0541000366210938,3.140000104904175,72890,0.0,0.0
2023-12-19 11:30:00-05:00,3.119999885559082,3.1500000953674316,3.119999885559082,3.140000104904175,7921,0.0,0.0
2023-12-19 12:30:00-05:00,3.125,3.140000104904175,3.109999895095825,3.130000114440918,5608,0.0,0.0
2023-12-19 13:30:00-05:00,3.130000114440918,3.130000114440918,3.0799999237060547,3.0899999141693115,17923,0.0,0.0
2023-12-19 14:30:00-05:00,3.0899999141693115,3.119999885559082,3.059999942779541,3.0999999046325684,18388,0.0,0.0
2023-12-19 15:30:00-05:00,3.0831000804901123,3.109999895095825,3.0799999237060547,3.109999895095825,16402,0.0,0.0
2023-12-20 09:30:00-05:00,3.0999999046325684,3.140000104904175,3.084399938583374,3.140000104904175,26510,0.0,0.0
2023-12-20 10:30:00-05:00,3.1494998931884766,3.1700000762939453,3.1012001037597656,3.1700000762939453,17911,0.0,0.0
2023-12-20 11:30:00-05:00,3.1549999713897705,3.1698999404907227,3.109999895095825,3.1452999114990234,16450,0.0,0.0
2023-12-20 12:30:00-05:00,3.1600000858306885,3.25,3.1600000858306885,3.231800079345703,42506,0.0,0.0
2023-12-20 13:30:00-05:00,3.2300000190734863,3.2441999912261963,3.1700000762939453,3.1700000762939453,14344,0.0,0.0
2023-12-20 14:30:00-05:00,3.1700000762939453,3.1700000762939453,2.9921000003814697,2.994999885559082,60830,0.0,0.0
2023-12-20 15:30:00-05:00,3.0,3.005000114440918,2.9700000286102295,2.9800000190734863,17859,0.0,0.0
2023-12-21 09:30:00-05:00,3.0199999809265137,3.079900026321411,3.009999990463257,3.0299999713897705,29818,0.0,0.0
2023-12-21 10:30:00-05:00,3.028899908065796,3.039900064468384,3.0,3.009999990463257,14573,0.0,0.0
2023-12-21 11:30:00-05:00,3.0100998878479004,3.0250000953674316,2.9700000286102295,2.9800000190734863,20287,0.0,0.0
2023-12-21 12:30:00-05:00,2.9800000190734863,2.998500108718872,2.9707999229431152,2.990000009536743,5717,0.0,0.0
2023-12-21 13:30:00-05:00,2.990000009536743,2.990000009536743,2.930000066757202,2.930000066757202,34519,0.0,0.0
2023-12-21 14:30:00-05:00,2.9398999214172363,2.9398999214172363,2.909899950027466,2.924999952316284,22588,0.0,0.0
2023-12-21 15:30:00-05:00,2.924999952316284,2.940000057220459,2.9200000762939453,2.940000057220459,7066,0.0,0.0
2023-12-22 09:30:00-05:00,2.9200000762939453,3.0499000549316406,2.9200000762939453,2.9600000381469727,91599,0.0,0.0
2023-12-22 10:30:00-05:00,2.95989990234375,2.9700000286102295,2.819999933242798,2.859999895095825,87010,0.0,0.0
2023-12-22 11:30:00-05:00,2.8629000186920166,2.8996999263763428,2.819999933242798,2.8996999263763428,12698,0.0,0.0
2023-12-22 12:30:00-05:00,2.8801000118255615,2.9200000762939453,2.880000114440918,2.9100000858306885,9288,0.0,0.0
2023-12-22 13:30:00-05:00,2.9100000858306885,2.9200000762939453,2.842400074005127,2.842400074005127,30910,0.0,0.0
2023-12-22 14:30:00-05:00,2.859999895095825,2.859999895095825,2.759999990463257,2.7899999618530273,58351,0.0,0.0
2023-12-22 15:30:00-05:00,2.799999952316284,2.819999933242798,2.7899999618530273,2.819999933242798,10843,0.0,0.0
2023-12-26 09:30:00-05:00,2.940000057220459,2.940000057220459,2.790299892425537,2.875,64660,0.0,0.0
2023-12-26 10:30:00-05:00,2.875,2.875,2.7899999618530273,2.8299999237060547,38296,0.0,0.0
2023-12-26 11:30:00-05:00,2.819999933242798,2.8399999141693115,2.7799999713897705,2.780100107192993,41550,0.0,0.0
2023-12-26 12:30:00-05:00,2.803999900817871,2.8299999237060547,2.799999952316284,2.8299999237060547,8500,0.0,0.0
2023-12-26 13:30:00-05:00,2.8299999237060547,2.8299999237060547,2.7799999713897705,2.7864999771118164,21951,0.0,0.0
2023-12-26 14:30:00-05:00,2.79010009765625,2.79010009765625,2.700000047683716,2.740000009536743,121374,0.0,0.0
2023-12-26 15:30:00-05:00,2.75,2.7799999713897705,2.740000009536743,2.7799999713897705,20593,0.0,0.0
2023-12-27 09:30:00-05:00,2.799999952316284,2.819999933242798,2.7300000190734863,2.730600118637085,45829,0.0,0.0
2023-12-27 10:30:00-05:00,2.740000009536743,2.765000104904175,2.700000047683716,2.720099925994873,70314,0.0,0.0
2023-12-27 11:30:00-05:00,2.7200000286102295,2.7200000286102295,2.6600000858306885,2.6700000762939453,39133,0.0,0.0
2023-12-27 12:30:00-05:00,2.6605000495910645,2.700000047683716,2.6600000858306885,2.6600000858306885,41419,0.0,0.0
2023-12-27 13:30:00-05:00,2.6500000953674316,2.6703999042510986,2.630000114440918,2.6649999618530273,61371,0.0,0.0
2023-12-27 14:30:00-05:00,2.6600000858306885,2.6700000762939453,2.640000104904175,2.6700000762939453,47634,0.0,0.0
2023-12-27 15:30:00-05:00,2.6700000762939453,2.6700000762939453,2.640000104904175,2.6500000953674316,16518,0.0,0.0
2023-12-28 09:30:00-05:00,2.640000104904175,2.6600000858306885,2.562000036239624,2.609999895095825,109840,0.0,0.0
2023-12-28 10:30:00-05:00,2.619999885559082,2.619999885559082,2.5710999965667725,2.5899999141693115,50202,0.0,0.0
2023-12-28 11:30:00-05:00,2.589900016784668,2.630000114440918,2.5799999237060547,2.599900007247925,134396,0.0,0.0
2023-12-28 12:30:00-05:00,2.599900007247925,2.6096999645233154,2.575000047683716,2.5899999141693115,16320,0.0,0.0
2023-12-28 13:30:00-05:00,2.5899999141693115,2.609999895095825,2.5799999237060547,2.609999895095825,30780,0.0,0.0
2023-12-28 14:30:00-05:00,2.6098999977111816,2.6500000953674316,2.6008999347686768,2.640000104904175,30045,0.0,0.0
2023-12-28 15:30:00-05:00,2.634399890899658,2.6500000953674316,2.6301000118255615,2.640000104904175,25952,0.0,0.0
2023-12-29 09:30:00-05:00,2.6500000953674316,2.6600000858306885,2.569999933242798,2.5899999141693115,51387,0.0,0.0
2023-12-29 10:30:00-05:00,2.5899999141693115,2.597599983215332,2.5399999618530273,2.5399999618530273,125739,0.0,0.0
2023-12-29 11:30:00-05:00,2.5450000762939453,2.5499000549316406,2.509999990463257,2.509999990463257,131610,0.0,0.0
2023-12-29 12:30:00-05:00,2.509999990463257,2.5450000762939453,2.509999990463257,2.5299999713897705,62311,0.0,0.0
2023-12-29 13:30:00-05:00,2.531100034713745,2.547499895095825,2.390000104904175,2.450000047683716,197230,0.0,0.0
2023-12-29 14:30:00-05:00,2.450000047683716,2.4700000286102295,2.440000057220459,2.449899911880493,44775,0.0,0.0
2023-12-29 15:30:00-05:00,2.444999933242798,2.4700000286102295,2.430000066757202,2.4700000286102295,31691,0.0,0.0
2024-01-02 09:30:00-05:00,2.4200000762939453,2.569999933242798,2.4200000762939453,2.549999952316284,113047,0.0,0.0
2024-01-02 10:30:00-05:00,2.559999942779541,2.569999933242798,2.490000009536743,2.490000009536743,37967,0.0,0.0
2024-01-02 11:30:00-05:00,2.5,2.5499000549316406,2.494999885559082,2.5251998901367188,10199,0.0,0.0
2024-01-02 12:30:00-05:00,2.5399999618530273,2.5899999141693115,2.5399999618530273,2.5799999237060547,19141,0.0,0.0
2024-01-02 13:30:00-05:00,2.5892999172210693,2.6298000812530518,2.5599000453948975,2.6233999729156494,37800,0.0,0.0
2024-01-02 14:30:00-05:00,2.619999885559082,2.6500000953674316,2.619999885559082,2.640000104904175,57699,0.0,0.0
2024-01-02 15:30:00-05:00,2.6440999507904053,2.6700000762939453,2.630000114440918,2.6700000762939453,29780,0.0,0.0
2024-01-03 09:30:00-05:00,2.6700000762939453,2.809999942779541,2.6700000762939453,2.7699999809265137,182013,0.0,0.0
2024-01-03 10:30:00-05:00,2.7699999809265137,2.9800000190734863,2.7699999809265137,2.9800000190734863,135019,0.0,0.0
2024-01-03 11:30:00-05:00,2.960400104522705,2.9800000190734863,2.9000000953674316,2.9507999420166016,51427,0.0,0.0
2024-01-03 12:30:00-05:00,2.9549999237060547,3.0,2.950000047683716,2.9800000190734863,75644,0.0,0.0
2024-01-03 13:30:00-05:00,2.984999895095825,2.990000009536743,2.940000057220459,2.9630000591278076,31792,0.0,0.0
2024-01-03 14:30:00-05:00,2.9549999237060547,2.956399917602539,2.890000104904175,2.8949999809265137,57773,0.0,0.0
2024-01-03 15:30:00-05:00,2.899899959564209,2.9000000953674316,2.8499999046325684,2.9000000953674316,36979,0.0,0.0
2024-01-04 09:30:00-05:00,2.9700000286102295,3.039900064468384,2.9600000381469727,3.015399932861328,83319,0.0,0.0
2024-01-04 10:30:00-05:00,3.0299999713897705,3.0299999713897705,2.960099935531616,3.005000114440918,56891,0.0,0.0
2024-01-04 11:30:00-05:00,2.994999885559082,2.9999001026153564,2.83489990234375,2.8499999046325684,61656,0.0,0.0
2024-01-04 12:30:00-05:00,2.8399999141693115,2.9100000858306885,2.809999942779541,2.9100000858306885,45726,0.0,0.0
2024-01-04 13:30:00-05:00,2.884999990463257,2.8973000049591064,2.8399999141693115,2.880000114440918,21205,0.0,0.0
2024-01-04 14:30:00-05:00,2.869999885559082,2.880000114440918,2.7899999618530273,2.819999933242798,37888,0.0,0.0
2024-01-04 15:30:00-05:00,2.819999933242798,2.819999933242798,2.75,2.7899999618530273,28984,0.0,0.0
2024-01-05 09:30:00-05:00,2.809999942779541,2.9100000858306885,2.799999952316284,2.869999885559082,40537,0.0,0.0
2024-01-05 10:30:00-05:00,2.889899969100952,2.889899969100952,2.8385000228881836,2.859999895095825,10177,0.0,0.0
2024-01-05 11:30:00-05:00,2.859999895095825,2.930000066757202,2.851300001144409,2.9200000762939453,58221,0.0,0.0
2024-01-05 12:30:00-05:00,2.926500082015991,2.930000066757202,2.890000104904175,2.8940000534057617,27095,0.0,0.0
2024-01-05 13:30:00-05:00,2.9100000858306885,2.9200000762939453,2.869999885559082,2.869999885559082,14610,0.0,0.0
2024-01-05 14:30:00-05:00,2.859999895095825,2.8698999881744385,2.83870005607605,2.841399908065796,8574,0.0,0.0
2024-01-05 15:30:00-05:00,2.84879994392395,2.869999885559082,2.809999942779541,2.8499999046325684,74393,0.0,0.0
2024-01-08 09:30:00-05:00,2.7799999713897705,2.8399999141693115,2.6700000762939453,2.825000047683716,171088,0.0,0.0
2024-01-08 10:30:00-05:00,2.825000047683716,2.9100000858306885,2.819999933242798,2.859999895095825,65745,0.0,0.0
2024-01-08 11:30:00-05:00,2.859999895095825,2.9086999893188477,2.8201000690460205,2.880000114440918,33422,0.0,0.0
2024-01-08 12:30:00-05:00,2.9000000953674316,2.9100000858306885,2.8499999046325684,2.8499999046325684,11350,0.0,0.0
2024-01-08 13:30:00-05:00,2.843600034713745,2.880000114440918,2.809999942779541,2.809999942779541,23212,0.0,0.0
2024-01-08 14:30:00-05:00,2.8299999237060547,2.8299999237060547,2.799999952316284,2.809999942779541,9849,0.0,0.0
2024-01-08 15:30:00-05:00,2.8111000061035156,2.8297998905181885,2.799999952316284,2.819999933242798,20448,0.0,0.0
2024-01-09 09:30:00-05:00,2.869999885559082,2.869999885559082,2.7750000953674316,2.815000057220459,18035,0.0,0.0
2024-01-09 10:30:00-05:00,2.819999933242798,2.869999885559082,2.805000066757202,2.869999885559082,20571,0.0,0.0
2024-01-09 11:30:00-05:00,2.869999885559082,2.869999885559082,2.7699999809265137,2.7899999618530273,15348,0.0,0.0
2024-01-09 12:30:00-05:00,2.7899999618530273,2.819200038909912,2.7699999809265137,2.7799999713897705,11541,0.0,0.0
2024-01-09 13:30:00-05:00,2.7799999713897705,2.7899999618530273,2.7200000286102295,2.7200000286102295,12247,0.0,0.0
2024-01-09 14:30:00-05:00,2.7249999046325684,2.7690000534057617,2.7149999141693115,2.75,13102,0.0,0.0
2024-01-09 15:30:00-05:00,2.740000009536743,2.75,2.740000009536743,2.75,9480,0.0,0.0
2024-01-10 09:30:00-05:00,2.75,2.8299999237060547,2.723299980163574,2.8013999462127686,27997,0.0,0.0
2024-01-10 10:30:00-05:00,2.7899999618530273,2.819999933242798,2.7655999660491943,2.819999933242798,16276,0.0,0.0
2024-01-10 11:30:00-05:00,2.819999933242798,2.8399999141693115,2.799999952316284,2.8299999237060547,9467,0.0,0.0
2024-01-10 12:30:00-05:00,2.827500104904175,2.827500104904175,2.7799999713897705,2.799999952316284,11766,0.0,0.0
2024-01-10 13:30:00-05:00,2.7899999618530273,2.8399999141693115,2.7899999618530273,2.809999942779541,16328,0.0,0.0
2024-01-10 14:30:00-05:00,2.8199000358581543,2.8199000358581543,2.751199960708618,2.765000104904175,11725,0.0,0.0
2024-01-10 15:30:00-05:00,2.759999990463257,2.7799999713897705,2.75,2.7750000953674316,12899,0.0,0.0
2024-01-11 09:30:00-05:00,2.7799999713897705,2.803499937057495,2.690000057220459,2.7200000286102295,57266,0.0,0.0
2024-01-11 10:30:00-05:00,2.7249999046325684,2.789900064468384,2.720400094985962,2.754199981689453,19976,0.0,0.0
2024-01-11 11:30:00-05:00,2.7699999809265137,2.7899999618530273,2.740000009536743,2.740000009536743,12836,0.0,0.0
2024-01-11 12:30:00-05:00,2.759999990463257,2.759999990463257,2.73009991645813,2.7318999767303467,2122,0.0,0.0
2024-01-11 13:30:00-05:00,2.75,2.75,2.740000009536743,2.740000009536743,9780,0.0,0.0
2024-01-11 14:30:00-05:00,2.740000009536743,2.740000009536743,2.700000047683716,2.7200000286102295,22490,0.0,0.0
2024-01-11 15:30:00-05:00,2.7200000286102295,2.7237000465393066,2.700000047683716,2.7200000286102295,6955,0.0,0.0
2024-01-12 09:30:00-05:00,2.799999952316284,3.0399999618530273,2.799999952316284,3.0199999809265137,182923,0.0,0.0
2024-01-12 10:30:00-05:00,3.015000104904175,3.059999942779541,2.940000057220459,3.059999942779541,101660,0.0,0.0
2024-01-12 11:30:00-05:00,3.059999942779541,3.0999999046325684,2.990000009536743,2.9900999069213867,53374,0.0,0.0
2024-01-12 12:30:00-05:00,3.029900074005127,3.029900074005127,2.950000047683716,2.9577999114990234,15188,0.0,0.0
2024-01-12 13:30:00-05:00,2.9600000381469727,2.9697000980377197,2.9200000762939453,2.9558000564575195,39986,0.0,0.0
2024-01-12 14:30:00-05:00,2.944999933242798,2.950000047683716,2.859999895095825,2.8982999324798584,36704,0.0,0.0
2024-01-12 15:30:00-05:00,2.9000000953674316,2.950000047683716,2.9000000953674316,2.950000047683716,38697,0.0,0.0
2024-01-16 09:30:00-05:00,2.940000057220459,3.009999990463257,2.880000114440918,2.9700000286102295,70359,0.0,0.0
2024-01-16 10:30:00-05:00,2.9600000381469727,2.9700000286102295,2.940000057220459,2.966399908065796,6747,0.0,0.0
2024-01-16 11:30:00-05:00,2.9400999546051025,2.9800000190734863,2.880000114440918,2.8949999809265137,34553,0.0,0.0
2024-01-16 12:30:00-05:00,2.8949999809265137,2.9200000762939453,2.869999885559082,2.9200000762939453,20816,0.0,0.0
2024-01-16 13:30:00-05:00,2.9131999015808105,2.9200000762939453,2.890000104904175,2.9100000858306885,7577,0.0,0.0
2024-01-16 14:30:00-05:00,2.9100000858306885,2.9100000858306885,2.869999885559082,2.880000114440918,6855,0.0,0.0
2024-01-16 15:30:00-05:00,2.869999885559082,2.869999885559082,2.809999942779541,2.81030011177063,30428,0.0,0.0
2024-01-17 09:30:00-05:00,2.890000104904175,2.9000000953674316,2.8104000091552734,2.880000114440918,30174,0.0,0.0
2024-01-17 10:30:00-05:00,2.8499999046325684,2.875,2.8499999046325684,2.859999895095825,7350,0.0,0.0
2024-01-17 11:30:00-05:00,2.869999885559082,2.871000051498413,2.809999942779541,2.819999933242798,13383,0.0,0.0
2024-01-17 12:30:00-05:00,2.809999942779541,2.825000047683716,2.809999942779541,2.819999933242798,5005,0.0,0.0
2024-01-17 13:30:00-05:00,2.809999942779541,2.8213000297546387,2.7945001125335693,2.8010001182556152,28283,0.0,0.0
2024-01-17 14:30:00-05:00,2.805000066757202,2.819999933242798,2.7799999713897705,2.7799999713897705,7272,0.0,0.0
2024-01-17 15:30:00-05:00,2.791100025177002,2.819999933242798,2.7899999618530273,2.819999933242798,9452,0.0,0.0
2024-01-18 09:30:00-05:00,2.8399999141693115,2.859999895095825,2.7799999713897705,2.7799999713897705,20240,0.0,0.0
2024-01-18 10:30:00-05:00,2.7850000858306885,2.806299924850464,2.740000009536743,2.7785000801086426,15814,0.0,0.0
2024-01-18 11:30:00-05:00,2.759999990463257,2.7699999809265137,2.75,2.75,4144,0.0,0.0
2024-01-18 12:30:00-05:00,2.755000114440918,2.759999990463257,2.7300000190734863,2.75,20852,0.0,0.0
2024-01-18 13:30:00-05:00,2.740000009536743,2.75,2.7300000190734863,2.7300000190734863,32432,0.0,0.0
2024-01-18 14:30:00-05:00,2.7309000492095947,2.7370998859405518,2.7200000286102295,2.7249999046325684,7596,0.0,0.0
2024-01-18 15:30:00-05:00,2.7298998832702637,2.7300000190734863,2.7200000286102295,2.7300000190734863,11538,0.0,0.0
2024-01-19 09:30:00-05:00,2.75,2.809999942779541,2.700000047683716,2.7209999561309814,94836,0.0,0.0
2024-01-19 10:30:00-05:00,2.7200000286102295,2.740000009536743,2.700000047683716,2.7235000133514404,9580,0.0,0.0
2024-01-19 11:30:00-05:00,2.7100000381469727,2.740000009536743,2.7049999237060547,2.740000009536743,11903,0.0,0.0
2024-01-19 12:30:00-05:00,2.754499912261963,2.7950000762939453,2.7400999069213867,2.7699999809265137,11390,0.0,0.0
2024-01-19 13:30:00-05:00,2.759999990463257,2.809999942779541,2.759999990463257,2.809999942779541,11986,0.0,0.0
2024-01-19 14:30:00-05:00,2.799999952316284,2.828200101852417,2.7899999618530273,2.7990000247955322,5071,0.0,0.0
2024-01-19 15:30:00-05:00,2.805000066757202,2.8299999237060547,2.7799999713897705,2.819999933242798,12720,0.0,0.0
2024-01-22 09:30:00-05:00,2.799999952316284,2.8499999046325684,2.799999952316284,2.8299999237060547,69710,0.0,0.0
2024-01-22 10:30:00-05:00,2.8299999237060547,2.8299999237060547,2.7404000759124756,2.7404000759124756,56432,0.0,0.0
2024-01-22 11:30:00-05:00,2.755000114440918,2.7699999809265137,2.7300000190734863,2.734999895095825,19034,0.0,0.0
2024-01-22 12:30:00-05:00,2.75,2.7699999809265137,2.740000009536743,2.7699999809265137,11760,0.0,0.0
2024-01-22 13:30:00-05:00,2.76990008354187,2.76990008354187,2.7300000190734863,2.7300000190734863,7818,0.0,0.0
2024-01-22 14:30:00-05:00,2.7320001125335693,2.75,2.7300000190734863,2.744999885559082,11307,0.0,0.0
2024-01-22 15:30:00-05:00,2.7409000396728516,2.75,2.7300000190734863,2.7300000190734863,17829,0.0,0.0
2024-01-23 09:30:00-05:00,2.7200000286102295,2.7873001098632812,2.7200000286102295,2.7799999713897705,27279,0.0,0.0
2024-01-23 10:30:00-05:00,2.7899999618530273,2.7899999618530273,2.759999990463257,2.773200035095215,9409,0.0,0.0
2024-01-23 11:30:00-05:00,2.75,2.799999952316284,2.75,2.799999952316284,7275,0.0,0.0
2024-01-23 12:30:00-05:00,2.799999952316284,2.890000104904175,2.799999952316284,2.869999885559082,58441,0.0,0.0
2024-01-23 13:30:00-05:00,2.859999895095825,2.880000114440918,2.8399999141693115,2.865000009536743,35725,0.0,0.0
2024-01-23 14:30:00-05:00,2.869999885559082,2.890000104904175,2.859999895095825,2.875,12332,0.0,0.0
2024-01-23 15:30:00-05:00,2.859999895095825,2.880000114440918,2.859999895095825,2.880000114440918,12915,0.0,0.0
2024-01-24 09:30:00-05:00,2.8299999237060547,2.9298999309539795,2.8299999237060547,2.8801000118255615,79646,0.0,0.0
2024-01-24 10:30:00-05:00,2.8801000118255615,2.950000047683716,2.859999895095825,2.8606998920440674,21917,0.0,0.0
2024-01-24 11:30:00-05:00,2.865000009536743,2.865000009536743,2.799999952316284,2.799999952316284,12437,0.0,0.0
2024-01-24 12:30:00-05:00,2.799999952316284,2.799999952316284,2.759999990463257,2.759999990463257,24418,0.0,0.0
2024-01-24 13:30:00-05:00,2.75,2.7699999809265137,2.75,2.7699999809265137,9323,0.0,0.0
2024-01-24 14:30:00-05:00,2.7699999809265137,2.771899938583374,2.75,2.759999990463257,7721,0.0,0.0
2024-01-24 15:30:00-05:00,2.75,2.7950000762939453,2.75,2.7899999618530273,14001,0.0,0.0
2024-01-25 09:30:00-05:00,2.75,2.799999952316284,2.740000009536743,2.761199951171875,32157,0.0,0.0
2024-01-25 10:30:00-05:00,2.75,2.755000114440918,2.7200000286102295,2.755000114440918,17853,0.0,0.0
2024-01-25 11:30:00-05:00,2.755000114440918,2.7799999713897705,2.73009991645813,2.7339999675750732,35438,0.0,0.0
2024-01-25 12:30:00-05:00,2.740000009536743,2.740000009536743,2.7200000286102295,2.7200000286102295,13904,0.0,0.0
2024-01-25 13:30:00-05:00,2.7200000286102295,2.7300000190734863,2.7100000381469727,2.7100000381469727,6643,0.0,0.0
2024-01-25 14:30:00-05:00,2.7109999656677246,2.740000009536743,2.7100000381469727,2.7300000190734863,15718,0.0,0.0
2024-01-25 15:30:00-05:00,2.7300000190734863,2.7699999809265137,2.7300000190734863,2.7699999809265137,6607,0.0,0.0
2024-01-26 09:30:00-05:00,2.740000009536743,2.819999933242798,2.740000009536743,2.809999942779541,15904,0.0,0.0
2024-01-26 10:30:00-05:00,2.809999942779541,2.809999942779541,2.785900115966797,2.799999952316284,17409,0.0,0.0
2024-01-26 11:30:00-05:00,2.809999942779541,2.809999942779541,2.7799999713897705,2.7850000858306885,12110,0.0,0.0
2024-01-26 12:30:00-05:00,2.7799999713897705,2.7899999618530273,2.7699999809265137,2.7699999809265137,8748,0.0,0.0
2024-01-26 13:30:00-05:00,2.7899999618530273,2.805000066757202,2.7899999618530273,2.800100088119507,3230,0.0,0.0
2024-01-26 14:30:00-05:00,2.809999942779541,2.809999942779541,2.7850000858306885,2.799999952316284,9873,0.0,0.0
2024-01-26 15:30:00-05:00,2.799999952316284,2.819999933242798,2.7799999713897705,2.819999933242798,6509,0.0,0.0
2024-01-29 09:30:00-05:00,2.8499999046325684,2.8499999046325684,2.7300000190734863,2.809999942779541,20983,0.0,0.0
2024-01-29 10:30:00-05:00,2.791300058364868,2.8499999046325684,2.700000047683716,2.700000047683716,74306,0.0,0.0
2024-01-29 11:30:00-05:00,2.7100000381469727,2.759999990463257,2.708199977874756,2.759999990463257,7320,0.0,0.0
2024-01-29 12:30:00-05:00,2.755000114440918,2.755000114440918,2.7300000190734863,2.75,6973,0.0,0.0
2024-01-29 13:30:00-05:00,2.740000009536743,2.759999990463257,2.7300000190734863,2.75,5578,0.0,0.0
2024-01-29 14:30:00-05:00,2.75,2.75,2.720099925994873,2.7300000190734863,14455,0.0,0.0
2024-01-29 15:30:00-05:00,2.73009991645813,2.75,2.73009991645813,2.75,8451,0.0,0.0
2024-01-30 09:30:00-05:00,2.7200000286102295,2.7699999809265137,2.7100000381469727,2.719899892807007,18252,0.0,0.0
2024-01-30 10:30:00-05:00,2.7258999347686768,2.75,2.7200000286102295,2.740000009536743,2630,0.0,0.0
2024-01-30 11:30:00-05:00,2.75,2.7634999752044678,2.75,2.75,4200,0.0,0.0
2024-01-30 12:30:00-05:00,2.75,2.75,2.7300000190734863,2.734299898147583,6034,0.0,0.0
2024-01-30 13:30:00-05:00,2.7300000190734863,2.7499001026153564,2.7300000190734863,2.740000009536743,7807,0.0,0.0
2024-01-30 14:30:00-05:00,2.7400999069213867,2.759999990463257,2.7320001125335693,2.759999990463257,11807,0.0,0.0
2024-01-30 15:30:00-05:00,2.759999990463257,2.759999990463257,2.744999885559082,2.75,4154,0.0,0.0
2024-01-31 09:30:00-05:00,2.75,2.759999990463257,2.7100000381469727,2.7209999561309814,24260,0.0,0.0
2024-01-31 10:30:00-05:00,2.7291998863220215,2.7300000190734863,2.7100000381469727,2.7200000286102295,8560,0.0,0.0
2024-01-31 11:30:00-05:00,2.7298998832702637,2.7298998832702637,2.710099935531616,2.719899892807007,17453,0.0,0.0
2024-01-31 12:30:00-05:00,2.7149999141693115,2.7200000286102295,2.7100000381469727,2.7160000801086426,1457,0.0,0.0
2024-01-31 13:30:00-05:00,2.7149999141693115,2.7200000286102295,2.7100000381469727,2.7100000381469727,3405,0.0,0.0
2024-01-31 14:30:00-05:00,2.7100000381469727,2.7309000492095947,2.7100000381469727,2.7309000492095947,8571,0.0,0.0
2024-01-31 15:30:00-05:00,2.7300000190734863,2.740000009536743,2.700000047683716,2.7049999237060547,20973,0.0,0.0
2024-02-01 09:30:00-05:00,2.7100000381469727,2.7799999713897705,2.7100000381469727,2.7300000190734863,43503,0.0,0.0
2024-02-01 10:30:00-05:00,2.7100000381469727,2.740000009536743,2.7100000381469727,2.7300000190734863,5343,0.0,0.0
2024-02-01 11:30:00-05:00,2.740000009536743,2.740000009536743,2.7200000286102295,2.7300000190734863,4887,0.0,0.0
2024-02-01 12:30:00-05:00,2.7100000381469727,2.728100061416626,2.6700000762939453,2.700000047683716,57685,0.0,0.0
2024-02-01 13:30:00-05:00,2.719899892807007,2.7300000190734863,2.690000057220459,2.690000057220459,5740,0.0,0.0
2024-02-01 14:30:00-05:00,2.700000047683716,2.7100000381469727,2.670099973678589,2.690000057220459,15433,0.0,0.0
2024-02-01 15:30:00-05:00,2.690000057220459,2.700000047683716,2.690000057220459,2.700000047683716,5975,0.0,0.0
2024-02-02 09:30:00-05:00,2.700000047683716,2.7279999256134033,2.6700000762939453,2.684999942779541,25574,0.0,0.0
2024-02-02 10:30:00-05:00,2.6898999214172363,2.698199987411499,2.680000066757202,2.698199987411499,11670,0.0,0.0
2024-02-02 11:30:00-05:00,2.690000057220459,2.700000047683716,2.6700000762939453,2.6700000762939453,7757,0.0,0.0
2024-02-02 12:30:00-05:00,2.679800033569336,2.679800033569336,2.6500000953674316,2.6586999893188477,34960,0.0,0.0
2024-02-02 13:30:00-05:00,2.6500000953674316,2.6666998863220215,2.6500000953674316,2.6666998863220215,11100,0.0,0.0
2024-02-02 14:30:00-05:00,2.6549999713897705,2.6600000858306885,2.640000104904175,2.6500000953674316,8756,0.0,0.0
2024-02-02 15:30:00-05:00,2.6500000953674316,2.6700000762939453,2.6500000953674316,2.6600000858306885,6104,0.0,0.0
2024-02-05 09:30:00-05:00,2.5999999046325684,2.609999895095825,2.5199999809265137,2.5299999713897705,101276,0.0,0.0
2024-02-05 10:30:00-05:00,2.5299999713897705,2.5799999237060547,2.509999990463257,2.559999942779541,23156,0.0,0.0
2024-02-05 11:30:00-05:00,2.559999942779541,2.5694000720977783,2.549999952316284,2.549999952316284,7035,0.0,0.0
2024-02-05 12:30:00-05:00,2.551100015640259,2.569999933242798,2.549999952316284,2.569999933242798,10767,0.0,0.0
2024-02-05 13:30:00-05:00,2.575000047683716,2.5799999237060547,2.559999942779541,2.5601000785827637,10488,0.0,0.0
2024-02-05 14:30:00-05:00,2.562000036239624,2.5799999237060547,2.559999942779541,2.569999933242798,5163,0.0,0.0
2024-02-05 15:30:00-05:00,2.569999933242798,2.5799999237060547,2.569999933242798,2.569999933242798,4744,0.0,0.0
2024-02-06 09:30:00-05:00,2.569999933242798,2.6194000244140625,2.5541999340057373,2.5999999046325684,15198,0.0,0.0
2024-02-06 10:30:00-05:00,2.5899999141693115,2.609999895095825,2.5,2.509999990463257,55409,0.0,0.0
2024-02-06 11:30:00-05:00,2.509999990463257,2.609999895095825,2.5,2.609999895095825,42160,0.0,0.0
2024-02-06 12:30:00-05:00,2.5815999507904053,2.5815999507904053,2.5100998878479004,2.530400037765503,15872,0.0,0.0
2024-02-06 13:30:00-05:00,2.5299999713897705,2.549999952316284,2.4702999591827393,2.5399999618530273,56277,0.0,0.0
2024-02-06 14:30:00-05:00,2.5199999809265137,2.5199999809265137,2.4800000190734863,2.5,9064,0.0,0.0
2024-02-06 15:30:00-05:00,2.5,2.5199999809265137,2.5,2.5,11219,0.0,0.0
2024-02-07 09:30:00-05:00,2.490000009536743,2.52020001411438,2.4749999046325684,2.484999895095825,21716,0.0,0.0
2024-02-07 10:30:00-05:00,2.5199999809265137,2.5199999809265137,2.490000009536743,2.4900999069213867,7634,0.0,0.0
2024-02-07 11:30:00-05:00,2.5,2.5081000328063965,2.490000009536743,2.490000009536743,2230,0.0,0.0
2024-02-07 12:30:00-05:00,2.494999885559082,2.509999990463257,2.490000009536743,2.5062999725341797,3412,0.0,0.0
2024-02-07 13:30:00-05:00,2.509999990463257,2.529900074005127,2.490000009536743,2.4993999004364014,7977,0.0,0.0
2024-02-07 14:30:00-05:00,2.490000009536743,2.505000114440918,2.490000009536743,2.494999885559082,10080,0.0,0.0
2024-02-07 15:30:00-05:00,2.490000009536743,2.5,2.4800000190734863,2.4800000190734863,15338,0.0,0.0
2024-02-08 09:30:00-05:00,2.4600000381469727,2.5,2.4600000381469727,2.490000009536743,32875,0.0,0.0
2024-02-08 10:30:00-05:00,2.5,2.5,2.4700000286102295,2.4800000190734863,3934,0.0,0.0
2024-02-08 11:30:00-05:00,2.4800000190734863,2.509999990463257,2.4800000190734863,2.490000009536743,18637,0.0,0.0
2024-02-08 12:30:00-05:00,2.509700059890747,2.5199999809265137,2.490000009536743,2.490000009536743,6461,0.0,0.0
2024-02-08 13:30:00-05:00,2.4907000064849854,2.5004000663757324,2.4800000190734863,2.494999885559082,9708,0.0,0.0
2024-02-08 14:30:00-05:00,2.5,2.5199999809265137,2.5,2.5,5455,0.0,0.0
2024-02-08 15:30:00-05:00,2.509999990463257,2.5299999713897705,2.5,2.5,8605,0.0,0.0
2024-02-09 09:30:00-05:00,2.490000009536743,2.5399999618530273,2.4700000286102295,2.5199999809265137,29196,0.0,0.0
2024-02-09 10:30:00-05:00,2.5297000408172607,2.5297000408172607,2.450000047683716,2.4600000381469727,33818,0.0,0.0
2024-02-09 11:30:00-05:00,2.450000047683716,2.4690001010894775,2.450000047683716,2.450000047683716,9104,0.0,0.0
2024-02-09 12:30:00-05:00,2.450000047683716,2.4549999237060547,2.4200000762939453,2.450000047683716,34390,0.0,0.0
2024-02-09 13:30:00-05:00,2.448899984359741,2.450000047683716,2.4400999546051025,2.440700054168701,7185,0.0,0.0
2024-02-09 14:30:00-05:00,2.444999933242798,2.4600000381469727,2.444999933242798,2.450900077819824,4164,0.0,0.0
2024-02-09 15:30:00-05:00,2.4549999237060547,2.490000009536743,2.450000047683716,2.450000047683716,12827,0.0,0.0
2024-02-12 09:30:00-05:00,2.430000066757202,2.518899917602539,2.4200000762939453,2.518899917602539,18181,0.0,0.0
2024-02-12 10:30:00-05:00,2.509999990463257,2.5199999809265137,2.490000009536743,2.5,7118,0.0,0.0
2024-02-12 11:30:00-05:00,2.5,2.5299999713897705,2.5,2.5199999809265137,7759,0.0,0.0
2024-02-12 12:30:00-05:00,2.5239999294281006,2.5390000343322754,2.490000009536743,2.5,14710,0.0,0.0
2024-02-12 13:30:00-05:00,2.5199999809265137,2.5199999809265137,2.5,2.509999990463257,1800,0.0,0.0
2024-02-12 14:30:00-05:00,2.509999990463257,2.51990008354187,2.5,2.5097999572753906,12205,0.0,0.0
2024-02-12 15:30:00-05:00,2.509999990463257,2.5299999713897705,2.509999990463257,2.5299999713897705,4328,0.0,0.0
2024-02-13 09:30:00-05:00,2.5199999809265137,2.539900064468384,2.5,2.5380001068115234,17251,0.0,0.0
2024-02-13 10:30:00-05:00,2.521399974822998,2.5299999713897705,2.509999990463257,2.5290000438690186,5710,0.0,0.0
2024-02-13 11:30:00-05:00,2.509999990463257,2.5199999809265137,2.509999990463257,2.517400026321411,1000,0.0,0.0
2024-02-13 12:30:00-05:00,2.5106000900268555,2.512200117111206,2.5,2.512200117111206,3454,0.0,0.0
2024-02-13 13:30:00-05:00,2.5,2.5065999031066895,2.490000009536743,2.494999885559082,6545,0.0,0.0
2024-02-13 14:30:00-05:00,2.4900999069213867,2.4900999069213867,2.450000047683716,2.450000047683716,13238,0.0,0.0
2024-02-13 15:30:00-05:00,2.450000047683716,2.4600000381469727,2.440000057220459,2.440000057220459,14211,0.0,0.0
2024-02-14 09:30:00-05:00,2.5,2.505000114440918,2.450000047683716,2.4749999046325684,30116,0.0,0.0
2024-02-14 10:30:00-05:00,2.4700000286102295,2.4800000190734863,2.450000047683716,2.4600000381469727,11909,0.0,0.0
2024-02-14 11:30:00-05:00,2.4600000381469727,2.4800000190734863,2.4560000896453857,2.4600000381469727,4187,0.0,0.0
2024-02-14 12:30:00-05:00,2.4500999450683594,2.4776999950408936,2.4500999450683594,2.4730000495910645,5518,0.0,0.0
2024-02-14 13:30:00-05:00,2.4600000381469727,2.4800000190734863,2.4500999450683594,2.4649999141693115,2449,0.0,0.0
2024-02-14 14:30:00-05:00,2.460099935531616,2.4800000190734863,2.4600000381469727,2.4749999046325684,8118,0.0,0.0
2024-02-14 15:30:00-05:00,2.471299886703491,2.5,2.4600000381469727,2.5,9785,0.0,0.0
2024-02-15 09:30:00-05:00,2.4600000381469727,2.529599905014038,2.4000000953674316,2.5,24907,0.0,0.0
2024-02-15 10:30:00-05:00,2.4572999477386475,2.5,2.430000066757202,2.5,4625,0.0,0.0
2024-02-15 11:30:00-05:00,2.490000009536743,2.5299999713897705,2.490000009536743,2.5299999713897705,20639,0.0,0.0
2024-02-15 12:30:00-05:00,2.5350000858306885,2.5350000858306885,2.488800048828125,2.494999885559082,9054,0.0,0.0
2024-02-15 13:30:00-05:00,2.5,2.5199999809265137,2.5,2.5199999809265137,14540,0.0,0.0
2024-02-15 14:30:00-05:00,2.5299999713897705,2.5299999713897705,2.5100998878479004,2.51200008392334,3697,0.0,0.0
2024-02-15 15:30:00-05:00,2.5199999809265137,2.5299999713897705,2.509999990463257,2.5299999713897705,4593,0.0,0.0
2024-02-16 09:30:00-05:00,2.4800000190734863,2.509999990463257,2.4502999782562256,2.4800000190734863,24188,0.0,0.0
2024-02-16 10:30:00-05:00,2.470099925994873,2.5,2.4700000286102295,2.470099925994873,1606,0.0,0.0
2024-02-16 11:30:00-05:00,2.45989990234375,2.475800037384033,2.4549999237060547,2.4700000286102295,6271,0.0,0.0
2024-02-16 12:30:00-05:00,2.4600000381469727,2.4600000381469727,2.41129994392395,2.424999952316284,18908,0.0,0.0
2024-02-16 13:30:00-05:00,2.416100025177002,2.4600000381469727,2.416100025177002,2.4600000381469727,26703,0.0,0.0
2024-02-16 14:30:00-05:00,2.4535000324249268,2.5,2.430999994277954,2.4700000286102295,37596,0.0,0.0
2024-02-16 15:30:00-05:00,2.4700000286102295,2.4800000190734863,2.4600000381469727,2.4800000190734863,8056,0.0,0.0
2024-02-20 09:30:00-05:00,2.4600000381469727,2.4800000190734863,2.434999942779541,2.4800000190734863,23415,0.0,0.0
2024-02-20 10:30:00-05:00,2.4704999923706055,2.4704999923706055,2.430000066757202,2.440000057220459,15636,0.0,0.0
2024-02-20 11:30:00-05:00,2.432499885559082,2.440000057220459,2.4200000762939453,2.4200000762939453,7307,0.0,0.0
2024-02-20 12:30:00-05:00,2.4200000762939453,2.4200000762939453,2.4000000953674316,2.4110000133514404,9150,0.0,0.0
2024-02-20 13:30:00-05:00,2.4100000858306885,2.4102001190185547,2.4000000953674316,2.4049999713897705,6255,0.0,0.0
2024-02-20 14:30:00-05:00,2.4075000286102295,2.4200000762939453,2.4012999534606934,2.4200000762939453,5610,0.0,0.0
2024-02-20 15:30:00-05:00,2.4149999618530273,2.4200000762939453,2.4100000858306885,2.4100000858306885,13353,0.0,0.0
2024-02-21 09:30:00-05:00,2.4200000762939453,2.4800000190734863,2.4200000762939453,2.440000057220459,14147,0.0,0.0
2024-02-21 10:30:00-05:00,2.4600000381469727,2.469899892807007,2.4405999183654785,2.4549999237060547,4029,0.0,0.0
2024-02-21 11:30:00-05:00,2.4681999683380127,2.4681999683380127,2.430000066757202,2.4300999641418457,8103,0.0,0.0
2024-02-21 12:30:00-05:00,2.4300999641418457,2.440000057220459,2.4200000762939453,2.430000066757202,8046,0.0,0.0
2024-02-21 13:30:00-05:00,2.4398000240325928,2.4498000144958496,2.4398000240325928,2.444999933242798,1814,0.0,0.0
2024-02-21 14:30:00-05:00,2.444999933242798,2.4549999237060547,2.440000057220459,2.4514000415802,4279,0.0,0.0
2024-02-21 15:30:00-05:00,2.4600000381469727,2.4800000190734863,2.4600000381469727,2.4700000286102295,4541,0.0,0.0
2024-02-22 09:30:00-05:00,2.450000047683716,2.4600000381469727,2.430000066757202,2.450000047683716,16595,0.0,0.0
2024-02-22 10:30:00-05:00,2.450000047683716,2.4700000286102295,2.440000057220459,2.460900068283081,29585,0.0,0.0
2024-02-22 11:30:00-05:00,2.450900077819824,2.490000009536743,2.450900077819824,2.470099925994873,15431,0.0,0.0
2024-02-22 12:30:00-05:00,2.4700000286102295,2.490000009536743,2.4700000286102295,2.4798998832702637,2444,0.0,0.0
2024-02-22 13:30:00-05:00,2.484999895095825,2.490000009536743,2.470099925994873,2.4800000190734863,16251,0.0,0.0
2024-02-22 14:30:00-05:00,2.4700000286102295,2.4791998863220215,2.450000047683716,2.450000047683716,11953,0.0,0.0
2024-02-22 15:30:00-05:00,2.453000068664551,2.4800000190734863,2.450000047683716,2.4800000190734863,7224,0.0,0.0
2024-02-23 09:30:00-05:00,2.4200000762939453,2.4700000286102295,2.4200000762939453,2.430000066757202,29039,0.0,0.0
2024-02-23 10:30:00-05:00,2.430000066757202,2.450000047683716,2.4200000762939453,2.440000057220459,10715,0.0,0.0
2024-02-23 11:30:00-05:00,2.430000066757202,2.450000047683716,2.4200000762939453,2.4200000762939453,10471,0.0,0.0
2024-02-23 12:30:00-05:00,2.420599937438965,2.420599937438965,2.359999895095825,2.363300085067749,21269,0.0,0.0
2024-02-23 13:30:00-05:00,2.390000104904175,2.4100000858306885,2.359999895095825,2.4100000858306885,9623,0.0,0.0
2024-02-23 14:30:00-05:00,2.4198999404907227,2.4198999404907227,2.400099992752075,2.4100000858306885,588,0.0,0.0
2024-02-23 15:30:00-05:00,2.4100000858306885,2.4200000762939453,2.4049999713897705,2.4200000762939453,5659,0.0,0.0
2024-02-26 09:30:00-05:00,2.4000000953674316,2.450000047683716,2.369999885559082,2.4100000858306885,21271,0.0,0.0
2024-02-26 10:30:00-05:00,2.4119999408721924,2.450000047683716,2.4100000858306885,2.4100000858306885,8732,0.0,0.0
2024-02-26 11:30:00-05:00,2.4123001098632812,2.440000057220459,2.4000000953674316,2.4200000762939453,12030,0.0,0.0
2024-02-26 12:30:00-05:00,2.4100000858306885,2.4149999618530273,2.3852999210357666,2.4000000953674316,11475,0.0,0.0
2024-02-26 13:30:00-05:00,2.3949999809265137,2.4196999073028564,2.380000114440918,2.4100000858306885,38745,0.0,0.0
2024-02-26 14:30:00-05:00,2.4066998958587646,2.4066998958587646,2.369999885559082,2.380000114440918,7253,0.0,0.0
2024-02-26 15:30:00-05:00,2.380000114440918,2.390000104904175,2.380000114440918,2.380000114440918,7990,0.0,0.0
2024-02-27 09:30:00-05:00,2.4100000858306885,2.4100000858306885,2.380000114440918,2.4000000953674316,15605,0.0,0.0
2024-02-27 10:30:00-05:00,2.3854000568389893,2.3949999809265137,2.384000062942505,2.384000062942505,2784,0.0,0.0
2024-02-27 11:30:00-05:00,2.394700050354004,2.4000000953674316,2.3828001022338867,2.3949999809265137,4157,0.0,0.0
2024-02-27 12:30:00-05:00,2.394700050354004,2.3954999446868896,2.380000114440918,2.380000114440918,13166,0.0,0.0
2024-02-27 13:30:00-05:00,2.3775999546051025,2.4049999713897705,2.359999895095825,2.4049999713897705,9671,0.0,0.0
2024-02-27 14:30:00-05:00,2.4049999713897705,2.4096999168395996,2.390000104904175,2.390000104904175,6219,0.0,0.0
2024-02-27 15:30:00-05:00,2.405600070953369,2.4096999168395996,2.390000104904175,2.390000104904175,6855,0.0,0.0
2024-02-28 09:30:00-05:00,2.4000000953674316,2.400099992752075,2.369999885559082,2.375,27729,0.0,0.0
2024-02-28 10:30:00-05:00,2.3796000480651855,2.3796000480651855,2.3299999237060547,2.3299999237060547,34636,0.0,0.0
2024-02-28 11:30:00-05:00,2.3499999046325684,2.3499999046325684,2.3299999237060547,2.3399999141693115,17872,0.0,0.0
2024-02-28 12:30:00-05:00,2.369999885559082,2.369999885559082,2.3299999237060547,2.3334999084472656,11810,0.0,0.0
2024-02-28 13:30:00-05:00,2.3299999237060547,2.3299999237060547,2.299999952316284,2.3101000785827637,22138,0.0,0.0
2024-02-28 14:30:00-05:00,2.3101999759674072,2.3101999759674072,2.299999952316284,2.299999952316284,35525,0.0,0.0
2024-02-28 15:30:00-05:00,2.299999952316284,2.3299999237060547,2.299999952316284,2.3299999237060547,7931,0.0,0.0
2024-02-29 09:30:00-05:00,2.309999942779541,2.319999933242798,2.2899999618530273,2.299999952316284,19564,0.0,0.0
2024-02-29 10:30:00-05:00,2.309999942779541,2.309999942779541,2.25,2.259999990463257,14569,0.0,0.0
2024-02-29 11:30:00-05:00,2.2620999813079834,2.26990008354187,2.234999895095825,2.2409000396728516,35146,0.0,0.0
2024-02-29 12:30:00-05:00,2.244999885559082,2.25,2.180000066757202,2.190000057220459,28181,0.0,0.0
2024-02-29 13:30:00-05:00,2.190000057220459,2.2200000286102295,2.1500000953674316,2.199899911880493,35601,0.0,0.0
2024-02-29 14:30:00-05:00,2.1898999214172363,2.1898999214172363,2.1500000953674316,2.1640000343322754,25674,0.0,0.0
2024-02-29 15:30:00-05:00,2.1689000129699707,2.200000047683716,2.1628000736236572,2.180000066757202,21450,0.0,0.0
2024-03-01 09:30:00-05:00,2.2100000381469727,2.232599973678589,2.190000057220459,2.20989990234375,38728,0.0,0.0
2024-03-01 10:30:00-05:00,2.190000057220459,2.2857000827789307,2.190000057220459,2.259999990463257,67078,0.0,0.0
2024-03-01 11:30:00-05:00,2.272599935531616,2.2899999618530273,2.2300000190734863,2.2500998973846436,37288,0.0,0.0
2024-03-01 12:30:00-05:00,2.2699999809265137,2.2699999809265137,2.2100000381469727,2.2699999809265137,50501,0.0,0.0
2024-03-01 13:30:00-05:00,2.2750000953674316,2.309999942779541,2.25,2.2950000762939453,48192,0.0,0.0
2024-03-01 14:30:00-05:00,2.2899999618530273,2.309999942779541,2.259999990463257,2.259999990463257,31150,0.0,0.0
2024-03-01 15:30:00-05:00,2.255000114440918,2.2799999713897705,2.2500998973846436,2.2799999713897705,14503,0.0,0.0
2024-03-04 09:30:00-05:00,2.2699999809265137,2.2799999713897705,2.2200000286102295,2.25,46382,0.0,0.0
2024-03-04 10:30:00-05:00,2.240000009536743,2.240000009536743,2.1700000762939453,2.180000066757202,35594,0.0,0.0
2024-03-04 11:30:00-05:00,2.189300060272217,2.200000047683716,2.1500000953674316,2.194499969482422,50528,0.0,0.0
2024-03-04 12:30:00-05:00,2.190000057220459,2.190000057220459,2.109999895095825,2.134999990463257,56939,0.0,0.0
2024-03-04 13:30:00-05:00,2.134999990463257,2.1600000858306885,2.130000114440918,2.1500000953674316,7351,0.0,0.0
2024-03-04 14:30:00-05:00,2.159899950027466,2.1600000858306885,2.125,2.140000104904175,18647,0.0,0.0
2024-03-04 15:30:00-05:00,2.134999990463257,2.149899959564209,2.1201000213623047,2.125,20947,0.0,0.0
2024-03-05 09:30:00-05:00,2.140000104904175,2.190000057220459,2.140000104904175,2.1700000762939453,30603,0.0,0.0
2024-03-05 10:30:00-05:00,2.1649999618530273,2.180000066757202,2.1500000953674316,2.174999952316284,4868,0.0,0.0
2024-03-05 11:30:00-05:00,2.1700000762939453,2.190000057220459,2.1600000858306885,2.1600000858306885,10555,0.0,0.0
2024-03-05 12:30:00-05:00,2.174999952316284,2.180000066757202,2.1600000858306885,2.161799907684326,3326,0.0,0.0
2024-03-05 13:30:00-05:00,2.1600000858306885,2.1700000762939453,2.1500000953674316,2.1700000762939453,6225,0.0,0.0
2024-03-05 14:30:00-05:00,2.150099992752075,2.1700000762939453,2.140000104904175,2.1700000762939453,8691,0.0,0.0
2024-03-05 15:30:00-05:00,2.1600000858306885,2.1600000858306885,2.130000114440918,2.1600000858306885,4787,0.0,0.0
2024-03-06 09:30:00-05:00,2.180000066757202,2.180000066757202,2.13100004196167,2.13100004196167,20258,0.0,0.0
2024-03-06 10:30:00-05:00,2.1205999851226807,2.1700000762939453,2.119999885559082,2.1700000762939453,5720,0.0,0.0
2024-03-06 11:30:00-05:00,2.1700000762939453,2.1700000762939453,2.119999885559082,2.140000104904175,10431,0.0,0.0
2024-03-06 12:30:00-05:00,2.149199962615967,2.1558001041412354,2.119999885559082,2.119999885559082,11269,0.0,0.0
2024-03-06 13:30:00-05:00,2.130000114440918,2.140000104904175,2.119999885559082,2.139899969100952,4515,0.0,0.0
2024-03-06 14:30:00-05:00,2.130000114440918,2.140000104904175,2.0899999141693115,2.0999999046325684,58325,0.0,0.0
2024-03-06 15:30:00-05:00,2.0978000164031982,2.119999885559082,2.0799999237060547,2.119999885559082,7292,0.0,0.0
2024-03-07 09:30:00-05:00,2.0899999141693115,2.139899969100952,2.0899999141693115,2.0899999141693115,21663,0.0,0.0
2024-03-07 10:30:00-05:00,2.0977001190185547,2.097899913787842,2.059999942779541,2.069999933242798,35024,0.0,0.0
2024-03-07 11:30:00-05:00,2.059999942779541,2.069999933242798,2.0199999809265137,2.049999952316284,53134,0.0,0.0
2024-03-07 12:30:00-05:00,2.0529000759124756,2.0529000759124756,2.0201001167297363,2.0334999561309814,11785,0.0,0.0
2024-03-07 13:30:00-05:00,2.039299964904785,2.039299964904785,2.0,2.0199999809265137,44611,0.0,0.0
2024-03-07 14:30:00-05:00,2.023699998855591,2.0299999713897705,2.0199999809265137,2.0199999809265137,8312,0.0,0.0
2024-03-07 15:30:00-05:00,2.0239999294281006,2.0399999618530273,2.0199999809265137,2.0399999618530273,18364,0.0,0.0
2024-03-08 09:30:00-05:00,2.049999952316284,2.049999952316284,2.0299999713897705,2.0299999713897705,14179,0.0,0.0
2024-03-08 10:30:00-05:00,2.0399999618530273,2.040600061416626,2.0299999713897705,2.04010009765625,11316,0.0,0.0
2024-03-08 11:30:00-05:00,2.0399999618530273,2.069999933242798,2.0399999618530273,2.069999933242798,13797,0.0,0.0
2024-03-08 12:30:00-05:00,2.0782999992370605,2.0999999046325684,2.0782999992370605,2.085400104522705,14396,0.0,0.0
2024-03-08 13:30:00-05:00,2.0899999141693115,2.0999999046325684,2.069999933242798,2.086699962615967,5083,0.0,0.0
2024-03-08 14:30:00-05:00,2.097399950027466,2.119999885559082,2.0850000381469727,2.103600025177002,30047,0.0,0.0
2024-03-08 15:30:00-05:00,2.109999895095825,2.119999885559082,2.0950000286102295,2.119999885559082,8954,0.0,0.0
2024-03-11 09:30:00-04:00,2.119999885559082,2.1700000762939453,2.119999885559082,2.1700000762939453,38527,0.0,0.0
2024-03-11 10:30:00-04:00,2.1700000762939453,2.190000057220459,2.140000104904175,2.1600000858306885,7612,0.0,0.0
2024-03-11 11:30:00-04:00,2.1700000762939453,2.180000066757202,2.1600000858306885,2.180000066757202,8762,0.0,0.0
2024-03-11 12:30:00-04:00,2.1735999584198,2.197999954223633,2.1735999584198,2.197999954223633,4423,0.0,0.0
2024-03-11 13:30:00-04:00,2.190000057220459,2.190000057220459,2.1600000858306885,2.1649999618530273,7445,0.0,0.0
2024-03-11 14:30:00-04:00,2.1500000953674316,2.1700000762939453,2.1500000953674316,2.1700000762939453,3601,0.0,0.0
2024-03-11 15:30:00-04:00,2.1698999404907227,2.1700000762939453,2.140199899673462,2.1600000858306885,6727,0.0,0.0
2024-03-12 09:30:00-04:00,2.140000104904175,2.1747000217437744,2.140000104904175,2.1600000858306885,6449,0.0,0.0
2024-03-12 10:30:00-04:00,2.169300079345703,2.169300079345703,2.1487998962402344,2.1500000953674316,4700,0.0,0.0
2024-03-12 11:30:00-04:00,2.1500000953674316,2.1600000858306885,2.140000104904175,2.1500000953674316,9424,0.0,0.0
2024-03-12 12:30:00-04:00,2.1410999298095703,2.1410999298095703,2.119999885559082,2.119999885559082,5040,0.0,0.0
2024-03-12 13:30:00-04:00,2.119999885559082,2.130000114440918,2.119999885559082,2.129499912261963,3957,0.0,0.0
2024-03-12 14:30:00-04:00,2.1205999851226807,2.1298999786376953,2.1205999851226807,2.1298999786376953,1602,0.0,0.0
2024-03-12 15:30:00-04:00,2.130000114440918,2.130000114440918,2.130000114440918,2.130000114440918,1588,0.0,0.0
2024-03-13 09:30:00-04:00,2.119999885559082,2.244999885559082,2.119999885559082,2.240000009536743,43477,0.0,0.0
2024-03-13 10:30:00-04:00,2.2488999366760254,2.265000104904175,2.2019999027252197,2.2019999027252197,21993,0.0,0.0
2024-03-13 11:30:00-04:00,2.2149999141693115,2.2300000190734863,2.2100000381469727,2.2300000190734863,13245,0.0,0.0
2024-03-13 12:30:00-04:00,2.234999895095825,2.2899999618530273,2.233599901199341,2.2899999618530273,10348,0.0,0.0
2024-03-13 13:30:00-04:00,2.286900043487549,2.286900043487549,2.259999990463257,2.262700080871582,5418,0.0,0.0
2024-03-13 14:30:00-04:00,2.279900074005127,2.299999952316284,2.260999917984009,2.299799919128418,20609,0.0,0.0
2024-03-13 15:30:00-04:00,2.3078999519348145,2.309999942779541,2.25,2.25,16984,0.0,0.0
2024-03-14 09:30:00-04:00,2.2799999713897705,2.309999942779541,2.265000104904175,2.2799999713897705,23036,0.0,0.0
2024-03-14 10:30:00-04:00,2.2802999019622803,2.3294999599456787,2.2799999713897705,2.319999933242798,14615,0.0,0.0
2024-03-14 11:30:00-04:00,2.3017001152038574,2.319700002670288,2.2899999618530273,2.2950000762939453,18083,0.0,0.0
2024-03-14 12:30:00-04:00,2.2899999618530273,2.2899999618530273,2.2699999809265137,2.2699999809265137,11441,0.0,0.0
2024-03-14 13:30:00-04:00,2.2795000076293945,2.279900074005127,2.25,2.25,2092,0.0,0.0
2024-03-14 14:30:00-04:00,2.259999990463257,2.259999990463257,2.240000009536743,2.240000009536743,12052,0.0,0.0
2024-03-14 15:30:00-04:00,2.2414000034332275,2.2899999618530273,2.2300000190734863,2.2899999618530273,10565,0.0,0.0
2024-03-15 09:30:00-04:00,2.2899999618530273,2.3499999046325684,2.2894999980926514,2.299999952316284,20879,0.0,0.0
2024-03-15 10:30:00-04:00,2.3055999279022217,2.380000114440918,2.3055999279022217,2.359999895095825,12621,0.0,0.0
2024-03-15 11:30:00-04:00,2.33870005607605,2.33870005607605,2.299999952316284,2.319999933242798,7782,0.0,0.0
2024-03-15 12:30:00-04:00,2.307300090789795,2.359999895095825,2.307300090789795,2.3447000980377197,5065,0.0,0.0
2024-03-15 13:30:00-04:00,2.3350000381469727,2.3350000381469727,2.317500114440918,2.317500114440918,2152,0.0,0.0
2024-03-15 14:30:00-04:00,2.3101000785827637,2.3499999046325684,2.3101000785827637,2.316999912261963,15272,0.0,0.0
2024-03-15 15:30:00-04:00,2.3399999141693115,2.4100000858306885,2.309999942779541,2.4100000858306885,44274,0.0,0.0
2024-03-18 09:30:00-04:00,2.4000000953674316,2.4000000953674316,2.3015999794006348,2.3015999794006348,38441,0.0,0.0
2024-03-18 10:30:00-04:00,2.299999952316284,2.299999952316284,2.200000047683716,2.2492001056671143,24782,0.0,0.0
2024-03-18 11:30:00-04:00,2.233799934387207,2.2750000953674316,2.200000047683716,2.2750000953674316,37849,0.0,0.0
2024-03-18 12:30:00-04:00,2.2750000953674316,2.299999952316284,2.2600998878479004,2.2999000549316406,6939,0.0,0.0
2024-03-18 13:30:00-04:00,2.2964000701904297,2.309999942779541,2.25,2.2711000442504883,23789,0.0,0.0
2024-03-18 14:30:00-04:00,2.2704999446868896,2.2799999713897705,2.2300000190734863,2.25,20555,0.0,0.0
2024-03-18 15:30:00-04:00,2.243299961090088,2.259999990463257,2.240000009536743,2.240000009536743,25872,0.0,0.0
2024-03-19 09:30:00-04:00,2.2300000190734863,2.265000104904175,2.2200000286102295,2.265000104904175,18470,0.0,0.0
2024-03-19 10:30:00-04:00,2.2699999809265137,2.2699999809265137,2.2200000286102295,2.2200000286102295,17377,0.0,0.0
2024-03-19 11:30:00-04:00,2.2200000286102295,2.2683000564575195,2.2200000286102295,2.240000009536743,13621,0.0,0.0
2024-03-19 12:30:00-04:00,2.240000009536743,2.3399999141693115,2.240000009536743,2.309999942779541,20408,0.0,0.0
2024-03-19 13:30:00-04:00,2.3299999237060547,2.3399999141693115,2.3299999237060547,2.3399999141693115,8449,0.0,0.0
2024-03-19 14:30:00-04:00,2.3399999141693115,2.359999895095825,2.3201000690460205,2.359999895095825,9858,0.0,0.0
2024-03-19 15:30:00-04:00,2.369999885559082,2.390000104904175,2.3698999881744385,2.390000104904175,8206,0.0,0.0
2024-03-20 09:30:00-04:00,2.369999885559082,2.390000104904175,2.3301000595092773,2.369999885559082,14777,0.0,0.0
2024-03-20 10:30:00-04:00,2.38319993019104,2.4398999214172363,2.380000114440918,2.4200000762939453,8314,0.0,0.0
2024-03-20 11:30:00-04:00,2.4010000228881836,2.430000066757202,2.4000000953674316,2.430000066757202,6138,0.0,0.0
2024-03-20 12:30:00-04:00,2.430000066757202,2.4700000286102295,2.4200000762939453,2.469899892807007,12751,0.0,0.0
2024-03-20 13:30:00-04:00,2.4700000286102295,2.4700000286102295,2.4200000762939453,2.434999942779541,13971,0.0,0.0
2024-03-20 14:30:00-04:00,2.450000047683716,2.450000047683716,2.4200000762939453,2.4200000762939453,8935,0.0,0.0
2024-03-20 15:30:00-04:00,2.421999931335449,2.440000057220459,2.420099973678589,2.440000057220459,4117,0.0,0.0
2024-03-21 09:30:00-04:00,2.440000057220459,2.447200059890747,2.4000000953674316,2.4398999214172363,12167,0.0,0.0
2024-03-21 10:30:00-04:00,2.4198999404907227,2.4198999404907227,2.3499999046325684,2.3499999046325684,4559,0.0,0.0
2024-03-21 11:30:00-04:00,2.378000020980835,2.380000114440918,2.3499999046325684,2.380000114440918,4186,0.0,0.0
2024-03-21 12:30:00-04:00,2.369999885559082,2.369999885559082,2.359999895095825,2.3687000274658203,1477,0.0,0.0
2024-03-21 13:30:00-04:00,2.3610000610351562,2.380000114440918,2.360100030899048,2.375,4505,0.0,0.0
2024-03-21 14:30:00-04:00,2.369999885559082,2.380000114440918,2.369999885559082,2.3785998821258545,1408,0.0,0.0
2024-03-21 15:30:00-04:00,2.375,2.399899959564209,2.369999885559082,2.390000104904175,8419,0.0,0.0
2024-03-22 09:30:00-04:00,2.390000104904175,2.390000104904175,2.3150999546051025,2.3598999977111816,10725,0.0,0.0
2024-03-22 10:30:00-04:00,2.319999933242798,2.3399999141693115,2.319999933242798,2.3399999141693115,1430,0.0,0.0
2024-03-22 11:30:00-04:00,2.340100049972534,2.3499999046325684,2.339900016784668,2.3499999046325684,7133,0.0,0.0
2024-03-22 12:30:00-04:00,2.34089994430542,2.34089994430542,2.319999933242798,2.319999933242798,4601,0.0,0.0
2024-03-22 13:30:00-04:00,2.309999942779541,2.319999933242798,2.309999942779541,2.319999933242798,1839,0.0,0.0
2024-03-22 14:30:00-04:00,2.3022000789642334,2.3299999237060547,2.3022000789642334,2.319999933242798,3314,0.0,0.0
2024-03-22 15:30:00-04:00,2.325500011444092,2.3299999237060547,2.299999952316284,2.3299999237060547,2918,0.0,0.0
2024-03-25 09:30:00-04:00,2.299999952316284,2.380000114440918,2.299999952316284,2.380000114440918,31367,0.0,0.0
2024-03-25 10:30:00-04:00,2.380000114440918,2.440000057220459,2.380000114440918,2.430000066757202,16569,0.0,0.0
2024-03-25 11:30:00-04:00,2.4200000762939453,2.4200000762939453,2.390000104904175,2.390199899673462,8983,0.0,0.0
2024-03-25 12:30:00-04:00,2.390000104904175,2.390000104904175,2.3499999046325684,2.380000114440918,15408,0.0,0.0
2024-03-25 13:30:00-04:00,2.3701000213623047,2.380000114440918,2.3636999130249023,2.380000114440918,1760,0.0,0.0
2024-03-25 14:30:00-04:00,2.369999885559082,2.3701000213623047,2.3350000381469727,2.3350000381469727,9958,0.0,0.0
2024-03-25 15:30:00-04:00,2.3362998962402344,2.3399999141693115,2.3299999237060547,2.3299999237060547,6396,0.0,0.0
2024-03-26 09:30:00-04:00,2.309999942779541,2.349900007247925,2.2300000190734863,2.2300000190734863,27790,0.0,0.0
2024-03-26 10:30:00-04:00,2.240000009536743,2.25,2.2200000286102295,2.240000009536743,24128,0.0,0.0
2024-03-26 11:30:00-04:00,2.240000009536743,2.278899908065796,2.240000009536743,2.25,21781,0.0,0.0
2024-03-26 12:30:00-04:00,2.259200096130371,2.2799999713897705,2.25,2.273200035095215,7631,0.0,0.0
2024-03-26 13:30:00-04:00,2.2899999618530273,2.2899999618530273,2.259999990463257,2.259999990463257,3377,0.0,0.0
2024-03-26 14:30:00-04:00,2.264899969100952,2.26990008354187,2.25,2.26990008354187,7526,0.0,0.0
2024-03-26 15:30:00-04:00,2.2609000205993652,2.265000104904175,2.240000009536743,2.240000009536743,19887,0.0,0.0
2024-03-27 09:30:00-04:00,2.25,2.319999933242798,2.240000009536743,2.285099983215332,21619,0.0,0.0
2024-03-27 10:30:00-04:00,2.2950000762939453,2.2950000762939453,2.280600070953369,2.280600070953369,1376,0.0,0.0
2024-03-27 11:30:00-04:00,2.2899999618530273,2.2899999618530273,2.289900064468384,2.289900064468384,1668,0.0,0.0
2024-03-27 12:30:00-04:00,2.2799999713897705,2.299999952316284,2.2799999713897705,2.28439998626709,6657,0.0,0.0
2024-03-27 13:30:00-04:00,2.2708001136779785,2.2992000579833984,2.2699999809265137,2.2992000579833984,2182,0.0,0.0
2024-03-27 14:30:00-04:00,2.2899999618530273,2.29010009765625,2.2899999618530273,2.2899999618530273,2500,0.0,0.0
2024-03-27 15:30:00-04:00,2.280100107192993,2.299999952316284,2.2699999809265137,2.299999952316284,6118,0.0,0.0
2024-03-28 09:30:00-04:00,2.3499999046325684,2.3550000190734863,2.3350000381469727,2.349900007247925,15138,0.0,0.0
2024-03-28 10:30:00-04:00,2.3450000286102295,2.3498001098632812,2.3399999141693115,2.3399999141693115,3381,0.0,0.0
2024-03-28 11:30:00-04:00,2.3499999046325684,2.3499999046325684,2.3399999141693115,2.3499999046325684,5843,0.0,0.0
2024-03-28 12:30:00-04:00,2.359999895095825,2.4000000953674316,2.359999895095825,2.380000114440918,13518,0.0,0.0
2024-03-28 13:30:00-04:00,2.390000104904175,2.4200000762939453,2.3801000118255615,2.4200000762939453,23256,0.0,0.0
2024-03-28 14:30:00-04:00,2.4200000762939453,2.437999963760376,2.3901000022888184,2.437999963760376,18863,0.0,0.0
2024-03-28 15:30:00-04:00,2.4205000400543213,2.430000066757202,2.4200000762939453,2.4200000762939453,5808,0.0,0.0
2024-04-01 09:30:00-04:00,2.430000066757202,2.440000057220459,2.309999942779541,2.309999942779541,27571,0.0,0.0
2024-04-01 10:30:00-04:00,2.3350000381469727,2.390000104904175,2.3201000690460205,2.3550000190734863,17298,0.0,0.0
2024-04-01 11:30:00-04:00,2.4000000953674316,2.569999933242798,2.387500047683716,2.5399999618530273,72306,0.0,0.0
2024-04-01 12:30:00-04:00,2.5399999618530273,2.569999933242798,2.505000114440918,2.505000114440918,29621,0.0,0.0
2024-04-01 13:30:00-04:00,2.509999990463257,2.5199999809265137,2.4700000286102295,2.4749999046325684,11834,0.0,0.0
2024-04-01 14:30:00-04:00,2.490000009536743,2.509999990463257,2.473900079727173,2.5,21587,0.0,0.0
2024-04-01 15:30:00-04:00,2.4700000286102295,2.5199999809265137,2.4700000286102295,2.5,16267,0.0,0.0
2024-04-02 09:30:00-04:00,2.5999999046325684,2.740000009536743,2.5494000911712646,2.690000057220459,123754,0.0,0.0
2024-04-02 10:30:00-04:00,2.690000057220459,2.819999933242798,2.690000057220459,2.7899999618530273,112432,0.0,0.0
2024-04-02 11:30:00-04:00,2.799999952316284,2.9000000953674316,2.7799999713897705,2.808500051498413,112804,0.0,0.0
2024-04-02 12:30:00-04:00,2.799999952316284,2.799999952316284,2.7200000286102295,2.759999990463257,51929,0.0,0.0
2024-04-02 13:30:00-04:00,2.7799999713897705,2.848299980163574,2.690000057220459,2.707900047302246,56292,0.0,0.0
2024-04-02 14:30:00-04:00,2.6982998847961426,2.727099895477295,2.6600000858306885,2.693000078201294,44325,0.0,0.0
2024-04-02 15:30:00-04:00,2.700000047683716,2.7300000190734863,2.680000066757202,2.700000047683716,34974,0.0,0.0
2024-04-03 09:30:00-04:00,2.8399999141693115,3.0699000358581543,2.740000009536743,3.0399999618530273,239475,0.0,0.0
2024-04-03 10:30:00-04:00,3.0,3.1700000762939453,2.950000047683716,3.089900016784668,124602,0.0,0.0
2024-04-03 11:30:00-04:00,3.079400062561035,3.200000047683716,3.059999942779541,3.199700117111206,55760,0.0,0.0
2024-04-03 12:30:00-04:00,3.1900999546051025,3.194999933242798,3.069999933242798,3.0799999237060547,49940,0.0,0.0
2024-04-03 13:30:00-04:00,3.089900016784668,3.1298999786376953,3.0199999809265137,3.0199999809265137,33759,0.0,0.0
2024-04-03 14:30:00-04:00,3.0111000537872314,3.130000114440918,3.0111000537872314,3.0999999046325684,44447,0.0,0.0
2024-04-03 15:30:00-04:00,3.0999999046325684,3.1700000762939453,3.0799999237060547,3.1700000762939453,64013,0.0,0.0
2024-04-04 09:30:00-04:00,3.1700000762939453,3.1700000762939453,2.759999990463257,2.7699999809265137,238186,0.0,0.0
2024-04-04 10:30:00-04:00,2.799999952316284,2.990000009536743,2.759999990463257,2.799999952316284,68243,0.0,0.0
2024-04-04 11:30:00-04:00,2.8094000816345215,2.890000104904175,2.7899999618530273,2.88919997215271,24077,0.0,0.0
2024-04-04 12:30:00-04:00,2.890000104904175,2.9100000858306885,2.869999885559082,2.890000104904175,31812,0.0,0.0
2024-04-04 13:30:00-04:00,2.859999895095825,2.990000009536743,2.8550000190734863,2.990000009536743,40915,0.0,0.0
2024-04-04 14:30:00-04:00,2.9897000789642334,3.1500000953674316,2.9700000286102295,3.119999885559082,120463,0.0,0.0
2024-04-04 15:30:00-04:00,3.119999885559082,3.140000104904175,3.119999885559082,3.119999885559082,55552,0.0,0.0
2024-04-05 09:30:00-04:00,3.119999885559082,3.1500000953674316,2.7699999809265137,3.0799999237060547,145840,0.0,0.0
2024-04-05 10:30:00-04:00,3.0799999237060547,3.0799999237060547,3.0,3.0041000843048096,18381,0.0,0.0
2024-04-05 11:30:00-04:00,3.0299999713897705,3.059999942779541,2.994999885559082,3.049999952316284,32384,0.0,0.0
2024-04-05 12:30:00-04:00,3.050100088119507,3.075000047683716,3.009999990463257,3.0192999839782715,13536,0.0,0.0
2024-04-05 13:30:00-04:00,3.0,3.0399999618530273,2.9798998832702637,3.0199999809265137,22915,0.0,0.0
2024-04-05 14:30:00-04:00,3.0234999656677246,3.0999999046325684,3.0199999809265137,3.055000066757202,24287,0.0,0.0
2024-04-05 15:30:00-04:00,3.0899999141693115,3.0899999141693115,3.049999952316284,3.059999942779541,11480,0.0,0.0
2024-04-08 09:30:00-04:00,3.049999952316284,3.049999952316284,2.799999952316284,2.90939998626709,150600,0.0,0.0
2024-04-08 10:30:00-04:00,2.880000114440918,2.9200000762939453,2.799999952316284,2.819999933242798,27561,0.0,0.0
2024-04-08 11:30:00-04:00,2.819999933242798,2.889899969100952,2.819999933242798,2.8299999237060547,17625,0.0,0.0
2024-04-08 12:30:00-04:00,2.819999933242798,2.8350000381469727,2.809999942779541,2.8101000785827637,11481,0.0,0.0
2024-04-08 13:30:00-04:00,2.8399999141693115,2.9000000953674316,2.819999933242798,2.819999933242798,16948,0.0,0.0
2024-04-08 14:30:00-04:00,2.8487000465393066,2.8487000465393066,2.799999952316284,2.8299999237060547,35373,0.0,0.0
2024-04-08 15:30:00-04:00,2.8299999237060547,2.8399999141693115,2.825000047683716,2.8399999141693115,5003,0.0,0.0
2024-04-09 09:30:00-04:00,2.799999952316284,2.8399999141693115,2.799999952316284,2.8399999141693115,37808,0.0,0.0
2024-04-09 10:30:00-04:00,2.8499999046325684,2.8499999046325684,2.8199000358581543,2.8201000690460205,7741,0.0,0.0
2024-04-09 11:30:00-04:00,2.8350000381469727,2.8499999046325684,2.809999942779541,2.8399999141693115,13647,0.0,0.0
2024-04-09 12:30:00-04:00,2.8299999237060547,2.8299999237060547,2.799999952316284,2.815000057220459,6584,0.0,0.0
2024-04-09 13:30:00-04:00,2.829900026321411,2.8394999504089355,2.75,2.7699999809265137,36441,0.0,0.0
2024-04-09 14:30:00-04:00,2.7500998973846436,2.779599905014038,2.5999999046325684,2.630000114440918,69726,0.0,0.0
2024-04-09 15:30:00-04:00,2.6500000953674316,2.690000057220459,2.619999885559082,2.6600000858306885,15702,0.0,0.0
2024-04-10 09:30:00-04:00,2.640000104904175,2.7200000286102295,2.640000104904175,2.7200000286102295,48176,0.0,0.0
2024-04-10 10:30:00-04:00,2.700000047683716,2.7100000381469727,2.6500000953674316,2.6700000762939453,13623,0.0,0.0
2024-04-10 11:30:00-04:00,2.6700000762939453,2.6700000762939453,2.5899999141693115,2.639899969100952,17416,0.0,0.0
2024-04-10 12:30:00-04:00,2.619999885559082,2.647599935531616,2.619999885559082,2.624799966812134,3653,0.0,0.0
2024-04-10 13:30:00-04:00,2.630000114440918,2.700000047683716,2.630000114440918,2.700000047683716,29522,0.0,0.0
2024-04-10 14:30:00-04:00,2.690000057220459,2.7300000190734863,2.680000066757202,2.7200000286102295,22851,0.0,0.0
2024-04-10 15:30:00-04:00,2.740000009536743,2.740000009536743,2.680000066757202,2.7100000381469727,10721,0.0,0.0
2024-04-11 09:30:00-04:00,2.690000057220459,2.7200000286102295,2.6700000762939453,2.7014999389648438,13343,0.0,0.0
2024-04-11 10:30:00-04:00,2.694999933242798,2.694999933242798,2.640000104904175,2.6500000953674316,30826,0.0,0.0
2024-04-11 11:30:00-04:00,2.6500000953674316,2.6600000858306885,2.5999999046325684,2.649899959564209,8578,0.0,0.0
2024-04-11 12:30:00-04:00,2.630000114440918,2.6700000762939453,2.630000114440918,2.6698999404907227,8772,0.0,0.0
2024-04-11 13:30:00-04:00,2.6700000762939453,2.6700000762939453,2.6451001167297363,2.6519999504089355,8248,0.0,0.0
2024-04-11 14:30:00-04:00,2.6594998836517334,2.6594998836517334,2.6500000953674316,2.6500000953674316,702,0.0,0.0
2024-04-11 15:30:00-04:00,2.640000104904175,2.6600000858306885,2.630000114440918,2.630000114440918,9307,0.0,0.0
2024-04-12 09:30:00-04:00,2.7100000381469727,2.9200000762939453,2.7100000381469727,2.840100049972534,107710,0.0,0.0
2024-04-12 10:30:00-04:00,2.840100049972534,2.890000104904175,2.840100049972534,2.869999885559082,31067,0.0,0.0
2024-04-12 11:30:00-04:00,2.8710999488830566,2.890000104904175,2.819999933242798,2.859999895095825,69364,0.0,0.0
2024-04-12 12:30:00-04:00,2.875,2.9900999069213867,2.869999885559082,2.8949999809265137,114110,0.0,0.0
2024-04-12 13:30:00-04:00,2.8814001083374023,2.930000066757202,2.8701000213623047,2.880000114440918,45472,0.0,0.0
2024-04-12 14:30:00-04:00,2.869999885559082,2.869999885559082,2.75,2.789900064468384,85114,0.0,0.0
2024-04-12 15:30:00-04:00,2.8276000022888184,2.869999885559082,2.799999952316284,2.869999885559082,11963,0.0,0.0
2024-04-15 09:30:00-04:00,2.869999885559082,2.869999885559082,2.73009991645813,2.73009991645813,50078,0.0,0.0
2024-04-15 10:30:00-04:00,2.7295000553131104,2.7850000858306885,2.7200000286102295,2.7850000858306885,19929,0.0,0.0
2024-04-15 11:30:00-04:00,2.7899999618530273,2.811000108718872,2.7100000381469727,2.7100000381469727,46462,0.0,0.0
2024-04-15 12:30:00-04:00,2.7149999141693115,2.7149999141693115,2.5999999046325684,2.6500000953674316,62278,0.0,0.0
2024-04-15 13:30:00-04:00,2.645699977874756,2.740000009536743,2.5999999046325684,2.6298999786376953,103031,0.0,0.0
2024-04-15 14:30:00-04:00,2.6298999786376953,2.6579999923706055,2.615000009536743,2.615000009536743,25054,0.0,0.0
2024-04-15 15:30:00-04:00,2.615000009536743,2.619999885559082,2.559999942779541,2.559999942779541,77047,0.0,0.0
2024-04-16 09:30:00-04:00,2.5799999237060547,2.5999999046325684,2.559999942779541,2.559999942779541,35327,0.0,0.0
2024-04-16 10:30:00-04:00,2.569200038909912,2.569999933242798,2.5450000762939453,2.549299955368042,5440,0.0,0.0
2024-04-16 11:30:00-04:00,2.5399999618530273,2.5450000762939453,2.5,2.5250000953674316,39850,0.0,0.0
2024-04-16 12:30:00-04:00,2.5399999618530273,2.5399999618530273,2.5100998878479004,2.5199999809265137,2844,0.0,0.0
2024-04-16 13:30:00-04:00,2.5313000679016113,2.5350000858306885,2.4600000381469727,2.4693000316619873,63023,0.0,0.0
2024-04-16 14:30:00-04:00,2.460099935531616,2.4999001026153564,2.460099935531616,2.490000009536743,15098,0.0,0.0
2024-04-16 15:30:00-04:00,2.484999895095825,2.4899001121520996,2.4800000190734863,2.4800000190734863,10180,0.0,0.0
2024-04-17 09:30:00-04:00,2.5,2.5399999618530273,2.4800000190734863,2.516200065612793,28622,0.0,0.0
2024-04-17 10:30:00-04:00,2.5000998973846436,2.5000998973846436,2.4200000762939453,2.440000057220459,77890,0.0,0.0
2024-04-17 11:30:00-04:00,2.430000066757202,2.450000047683716,2.301100015640259,2.309999942779541,89368,0.0,0.0
2024-04-17 12:30:00-04:00,2.315000057220459,2.4000000953674316,2.315000057220459,2.359999895095825,33399,0.0,0.0
2024-04-17 13:30:00-04:00,2.380000114440918,2.390000104904175,2.36299991607666,2.380000114440918,12814,0.0,0.0
2024-04-17 14:30:00-04:00,2.390000104904175,2.390000104904175,2.3299999237060547,2.3499999046325684,26740,0.0,0.0
2024-04-17 15:30:00-04:00,2.3499999046325684,2.359999895095825,2.311000108718872,2.3399999141693115,9931,0.0,0.0
2024-04-18 09:30:00-04:00,2.3499999046325684,2.3798999786376953,2.25,2.289900064468384,85646,0.0,0.0
2024-04-18 10:30:00-04:00,2.289900064468384,2.289900064468384,2.2513999938964844,2.2699999809265137,10748,0.0,0.0
2024-04-18 11:30:00-04:00,2.2699999809265137,2.2899999618530273,2.2602999210357666,2.2899999618530273,6042,0.0,0.0
2024-04-18 12:30:00-04:00,2.2699999809265137,2.2899999618530273,2.2699999809265137,2.2699999809265137,7046,0.0,0.0
2024-04-18 13:30:00-04:00,2.2799999713897705,2.309999942779541,2.279900074005127,2.2950000762939453,2754,0.0,0.0
2024-04-18 14:30:00-04:00,2.299999952316284,2.3399999141693115,2.299999952316284,2.3338000774383545,15264,0.0,0.0
2024-04-18 15:30:00-04:00,2.3203001022338867,2.3499999046325684,2.3203001022338867,2.3299999237060547,15516,0.0,0.0
2024-04-19 09:30:00-04:00,2.2899999618530273,2.380000114440918,2.2699999809265137,2.359999895095825,129063,0.0,0.0
2024-04-19 10:30:00-04:00,2.359999895095825,2.359999895095825,2.3299999237060547,2.3299999237060547,5178,0.0,0.0
2024-04-19 11:30:00-04:00,2.3201000690460205,2.3299999237060547,2.2699999809265137,2.289799928665161,22494,0.0,0.0
2024-04-19 12:30:00-04:00,2.2799999713897705,2.2799999713897705,2.2200000286102295,2.228600025177002,39494,0.0,0.0
2024-04-19 13:30:00-04:00,2.2232000827789307,2.240000009536743,2.150099992752075,2.240000009536743,39593,0.0,0.0
2024-04-19 14:30:00-04:00,2.2249999046325684,2.240000009536743,2.220099925994873,2.2300000190734863,9188,0.0,0.0
2024-04-19 15:30:00-04:00,2.2399001121520996,2.25,2.2300000190734863,2.240000009536743,9430,0.0,0.0
2024-04-22 09:30:00-04:00,2.25,2.259999990463257,2.200000047683716,2.2200000286102295,15173,0.0,0.0
2024-04-22 10:30:00-04:00,2.2200000286102295,2.23009991645813,2.2100000381469727,2.224100112915039,12241,0.0,0.0
2024-04-22 11:30:00-04:00,2.2200000286102295,2.25,2.2100000381469727,2.2276999950408936,12936,0.0,0.0
2024-04-22 12:30:00-04:00,2.240000009536743,2.240000009536743,2.240000009536743,2.240000009536743,415,0.0,0.0
2024-04-22 13:30:00-04:00,2.2399001121520996,2.2399001121520996,2.2200000286102295,2.2200000286102295,10241,0.0,0.0
2024-04-22 14:30:00-04:00,2.2392001152038574,2.3499999046325684,2.2392001152038574,2.259999990463257,55882,0.0,0.0
2024-04-22 15:30:00-04:00,2.2588999271392822,2.2699999809265137,2.25,2.2699999809265137,8957,0.0,0.0
2024-04-23 09:30:00-04:00,2.319999933242798,2.319999933242798,2.2300000190734863,2.2699999809265137,21156,0.0,0.0
2024-04-23 10:30:00-04:00,2.2799999713897705,2.285900115966797,2.2699999809265137,2.285900115966797,1566,0.0,0.0
2024-04-23 11:30:00-04:00,2.2850000858306885,2.3299999237060547,2.2850000858306885,2.315000057220459,27834,0.0,0.0
2024-04-23 12:30:00-04:00,2.315000057220459,2.315000057220459,2.299999952316284,2.299999952316284,6435,0.0,0.0
2024-04-23 13:30:00-04:00,2.308300018310547,2.308300018310547,2.2750000953674316,2.2799999713897705,34714,0.0,0.0
2024-04-23 14:30:00-04:00,2.2699999809265137,2.2799999713897705,2.259999990463257,2.259999990463257,11060,0.0,0.0
2024-04-23 15:30:00-04:00,2.265199899673462,2.2699999809265137,2.240000009536743,2.240000009536743,28626,0.0,0.0
2024-04-24 09:30:00-04:00,2.240000009536743,2.2699999809265137,2.190000057220459,2.2100000381469727,31421,0.0,0.0
2024-04-24 10:30:00-04:00,2.2084999084472656,2.259999990463257,2.2079999446868896,2.2300000190734863,61306,0.0,0.0
2024-04-24 11:30:00-04:00,2.2300000190734863,2.240999937057495,2.2100000381469727,2.2200000286102295,66377,0.0,0.0
2024-04-24 12:30:00-04:00,2.2200000286102295,2.240000009536743,2.190000057220459,2.200000047683716,99208,0.0,0.0
2024-04-24 13:30:00-04:00,2.2200000286102295,2.2300000190734863,2.180000066757202,2.2200000286102295,152138,0.0,0.0
2024-04-24 14:30:00-04:00,2.2149999141693115,2.2300000190734863,2.190000057220459,2.2190001010894775,158910,0.0,0.0
2024-04-24 15:30:00-04:00,2.2200000286102295,2.2300000190734863,2.190000057220459,2.190000057220459,43842,0.0,0.0
2024-04-25 09:30:00-04:00,2.2200000286102295,2.2200000286102295,2.1700000762939453,2.200000047683716,46609,0.0,0.0
2024-04-25 10:30:00-04:00,2.219899892807007,2.2200000286102295,2.200000047683716,2.2100000381469727,21068,0.0,0.0
2024-04-25 11:30:00-04:00,2.2049999237060547,2.2300000190734863,2.200000047683716,2.2049999237060547,38181,0.0,0.0
2024-04-25 12:30:00-04:00,2.2018001079559326,2.2200000286102295,2.200000047683716,2.2088000774383545,10662,0.0,0.0
2024-04-25 13:30:00-04:00,2.2197999954223633,2.2249999046325684,2.2100000381469727,2.2249999046325684,12356,0.0,0.0
2024-04-25 14:30:00-04:00,2.2298998832702637,2.2599000930786133,2.2200000286102295,2.240000009536743,22851,0.0,0.0
2024-04-25 15:30:00-04:00,2.244999885559082,2.2499001026153564,2.240000009536743,2.244999885559082,4915,0.0,0.0
2024-04-26 09:30:00-04:00,2.2300000190734863,2.259999990463257,2.2100000381469727,2.25,41202,0.0,0.0
2024-04-26 10:30:00-04:00,2.2500998973846436,2.255000114440918,2.240000009536743,2.2400999069213867,13270,0.0,0.0
2024-04-26 11:30:00-04:00,2.25,2.259999990463257,2.240000009536743,2.2458999156951904,16697,0.0,0.0
2024-04-26 12:30:00-04:00,2.255000114440918,2.299799919128418,2.255000114440918,2.2883999347686768,53350,0.0,0.0
2024-04-26 13:30:00-04:00,2.280900001525879,2.3399999141693115,2.280900001525879,2.319999933242798,20793,0.0,0.0
2024-04-26 14:30:00-04:00,2.3299999237060547,2.3299999237060547,2.309999942779541,2.309999942779541,5042,0.0,0.0
2024-04-26 15:30:00-04:00,2.300299882888794,2.3099000453948975,2.2916998863220215,2.299999952316284,2812,0.0,0.0
2024-04-29 09:30:00-04:00,2.259999990463257,2.299999952316284,2.240000009536743,2.299999952316284,29591,0.0,0.0
2024-04-29 10:30:00-04:00,2.309999942779541,2.3192999362945557,2.280100107192993,2.280100107192993,14363,0.0,0.0
2024-04-29 11:30:00-04:00,2.291800022125244,2.299999952316284,2.280100107192993,2.2950000762939453,4938,0.0,0.0
2024-04-29 12:30:00-04:00,2.29010009765625,2.299999952316284,2.2799999713897705,2.299999952316284,3413,0.0,0.0
2024-04-29 13:30:00-04:00,2.297600030899048,2.297600030899048,2.2799999713897705,2.2899999618530273,2983,0.0,0.0
2024-04-29 14:30:00-04:00,2.2899999618530273,2.2909998893737793,2.2799999713897705,2.2825000286102295,9325,0.0,0.0
2024-04-29 15:30:00-04:00,2.2899999618530273,2.309999942779541,2.2899999618530273,2.305000066757202,9482,0.0,0.0
2024-04-30 09:30:00-04:00,2.2899999618530273,2.309999942779541,2.2799999713897705,2.2799999713897705,30747,0.0,0.0
2024-04-30 10:30:00-04:00,2.2799999713897705,2.2799999713897705,2.25,2.259999990463257,20082,0.0,0.0
2024-04-30 11:30:00-04:00,2.2602999210357666,2.28629994392395,2.2200000286102295,2.28629994392395,51006,0.0,0.0
2024-04-30 12:30:00-04:00,2.259999990463257,2.2839999198913574,2.259999990463257,2.27239990234375,21703,0.0,0.0
2024-04-30 13:30:00-04:00,2.2797000408172607,2.283099889755249,2.259999990463257,2.2799999713897705,16882,0.0,0.0
2024-04-30 14:30:00-04:00,2.2899999618530273,2.2899999618530273,2.2607998847961426,2.2708001136779785,3484,0.0,0.0
2024-04-30 15:30:00-04:00,2.2799999713897705,2.2899999618530273,2.259999990463257,2.259999990463257,13766,0.0,0.0
2024-05-01 09:30:00-04:00,2.2300000190734863,2.2799999713897705,2.2300000190734863,2.2500998973846436,15862,0.0,0.0
2024-05-01 10:30:00-04:00,2.2500998973846436,2.299999952316284,2.240000009536743,2.2699999809265137,18850,0.0,0.0
2024-05-01 11:30:00-04:00,2.25,2.2750000953674316,2.2309000492095947,2.240000009536743,27644,0.0,0.0
2024-05-01 12:30:00-04:00,2.23009991645813,2.25,2.2200000286102295,2.2320001125335693,17131,0.0,0.0
2024-05-01 13:30:00-04:00,2.2393999099731445,2.2393999099731445,2.2172000408172607,2.2300000190734863,9751,0.0,0.0
2024-05-01 14:30:00-04:00,2.2200000286102295,2.25,2.2200000286102295,2.2300000190734863,9071,0.0,0.0
2024-05-01 15:30:00-04:00,2.25,2.25,2.2100000381469727,2.2300000190734863,20809,0.0,0.0
2024-05-02 09:30:00-04:00,2.2300000190734863,2.2699999809265137,2.2300000190734863,2.2599000930786133,28288,0.0,0.0
2024-05-02 10:30:00-04:00,2.2548000812530518,2.255000114440918,2.2300000190734863,2.25,14839,0.0,0.0
2024-05-02 11:30:00-04:00,2.25,2.2578001022338867,2.240000009536743,2.240000009536743,7405,0.0,0.0
2024-05-02 12:30:00-04:00,2.25,2.259999990463257,2.244999885559082,2.255000114440918,7936,0.0,0.0
2024-05-02 13:30:00-04:00,2.240000009536743,2.259999990463257,2.240000009536743,2.259999990463257,2788,0.0,0.0
2024-05-02 14:30:00-04:00,2.259999990463257,2.2899999618530273,2.25,2.2750000953674316,24924,0.0,0.0
2024-05-02 15:30:00-04:00,2.2699999809265137,2.2750000953674316,2.2699999809265137,2.2699999809265137,6375,0.0,0.0
2024-05-03 09:30:00-04:00,2.2100000381469727,2.259999990463257,2.200000047683716,2.2523999214172363,73663,0.0,0.0
2024-05-03 10:30:00-04:00,2.25,2.2699999809265137,2.240000009536743,2.259999990463257,22979,0.0,0.0
2024-05-03 11:30:00-04:00,2.2690999507904053,2.269700050354004,2.240000009536743,2.25,11344,0.0,0.0
2024-05-03 12:30:00-04:00,2.2400999069213867,2.259999990463257,2.2400999069213867,2.25,1853,0.0,0.0
2024-05-03 13:30:00-04:00,2.2500998973846436,2.259999990463257,2.240000009536743,2.25,8765,0.0,0.0
2024-05-03 14:30:00-04:00,2.25,2.259999990463257,2.2239999771118164,2.240000009536743,17541,0.0,0.0
2024-05-03 15:30:00-04:00,2.234999895095825,2.259999990463257,2.2300000190734863,2.240000009536743,11503,0.0,0.0
2024-05-06 09:30:00-04:00,2.259999990463257,2.3299999237060547,2.240000009536743,2.329200029373169,24794,0.0,0.0
2024-05-06 10:30:00-04:00,2.3197999000549316,2.3299999237060547,2.299999952316284,2.299999952316284,12202,0.0,0.0
2024-05-06 11:30:00-04:00,2.309999942779541,2.325000047683716,2.309999942779541,2.309999942779541,2818,0.0,0.0
2024-05-06 12:30:00-04:00,2.2899999618530273,2.3399999141693115,2.2799999713897705,2.338099956512451,26123,0.0,0.0
2024-05-06 13:30:00-04:00,2.3101000785827637,2.3299999237060547,2.3101000785827637,2.310800075531006,2466,0.0,0.0
2024-05-06 14:30:00-04:00,2.3299999237060547,2.3299999237060547,2.309999942779541,2.319999933242798,17890,0.0,0.0
2024-05-06 15:30:00-04:00,2.3199000358581543,2.319999933242798,2.312999963760376,2.319999933242798,4252,0.0,0.0
2024-05-07 09:30:00-04:00,2.319999933242798,2.3299999237060547,2.299999952316284,2.3299999237060547,13045,0.0,0.0
2024-05-07 10:30:00-04:00,2.3299999237060547,2.3299999237060547,2.300100088119507,2.300100088119507,7074,0.0,0.0
2024-05-07 11:30:00-04:00,2.309999942779541,2.319999933242798,2.299999952316284,2.309999942779541,4916,0.0,0.0
2024-05-07 12:30:00-04:00,2.309999942779541,2.309999942779541,2.2600998878479004,2.2799999713897705,22109,0.0,0.0
2024-05-07 13:30:00-04:00,2.2799999713897705,2.2899999618530273,2.2799999713897705,2.2899999618530273,353,0.0,0.0
2024-05-07 14:30:00-04:00,2.27020001411438,2.273699998855591,2.2500998973846436,2.25600004196167,8742,0.0,0.0
2024-05-07 15:30:00-04:00,2.2799999713897705,2.2799999713897705,2.255000114440918,2.259999990463257,5054,0.0,0.0
2024-05-08 09:30:00-04:00,2.25,2.2780001163482666,2.2400999069213867,2.259500026702881,29171,0.0,0.0
2024-05-08 10:30:00-04:00,2.255000114440918,2.2699999809265137,2.251499891281128,2.259999990463257,12064,0.0,0.0
2024-05-08 11:30:00-04:00,2.259999990463257,2.26990008354187,2.25,2.255000114440918,9537,0.0,0.0
2024-05-08 12:30:00-04:00,2.255000114440918,2.2699999809265137,2.2430999279022217,2.25,16333,0.0,0.0
2024-05-08 13:30:00-04:00,2.2479000091552734,2.259999990463257,2.240000009536743,2.2400999069213867,7097,0.0,0.0
2024-05-08 14:30:00-04:00,2.249300003051758,2.2588000297546387,2.240600109100342,2.2588000297546387,2516,0.0,0.0
2024-05-08 15:30:00-04:00,2.25,2.25,2.2100000381469727,2.240000009536743,19125,0.0,0.0
2024-05-09 09:30:00-04:00,2.2100000381469727,2.25,2.2100000381469727,2.25,9255,0.0,0.0
2024-05-09 10:30:00-04:00,2.25,2.25,2.240000009536743,2.240000009536743,4482,0.0,0.0
2024-05-09 11:30:00-04:00,2.240000009536743,2.240000009536743,2.200000047683716,2.2100000381469727,23970,0.0,0.0
2024-05-09 12:30:00-04:00,2.2000999450683594,2.2200000286102295,2.200000047683716,2.2111001014709473,14416,0.0,0.0
2024-05-09 13:30:00-04:00,2.2200000286102295,2.2339999675750732,2.190000057220459,2.2100000381469727,82221,0.0,0.0
2024-05-09 14:30:00-04:00,2.2200000286102295,2.2300000190734863,2.190000057220459,2.2100000381469727,31425,0.0,0.0
2024-05-09 15:30:00-04:00,2.200000047683716,2.2100000381469727,2.190000057220459,2.2100000381469727,7537,0.0,0.0
2024-05-10 09:30:00-04:00,2.200000047683716,2.2190001010894775,2.1600000858306885,2.200000047683716,97915,0.0,0.0
2024-05-10 10:30:00-04:00,2.190000057220459,2.2200000286102295,2.180000066757202,2.194999933242798,14989,0.0,0.0
2024-05-10 11:30:00-04:00,2.2100000381469727,2.2100000381469727,2.180000066757202,2.200000047683716,9170,0.0,0.0
2024-05-10 12:30:00-04:00,2.200000047683716,2.200000047683716,2.190000057220459,2.190000057220459,9774,0.0,0.0
2024-05-10 13:30:00-04:00,2.194999933242798,2.2100000381469727,2.180000066757202,2.200000047683716,21128,0.0,0.0
2024-05-10 14:30:00-04:00,2.200000047683716,2.2100000381469727,2.180000066757202,2.190000057220459,14556,0.0,0.0
2024-05-10 15:30:00-04:00,2.190000057220459,2.2100000381469727,2.180000066757202,2.200000047683716,14133,0.0,0.0
2024-05-13 09:30:00-04:00,2.190000057220459,2.2100000381469727,2.1770999431610107,2.200000047683716,35980,0.0,0.0
2024-05-13 10:30:00-04:00,2.1900999546051025,2.2100000381469727,2.180000066757202,2.194999933242798,28535,0.0,0.0
2024-05-13 11:30:00-04:00,2.190000057220459,2.200000047683716,2.186199903488159,2.190000057220459,2609,0.0,0.0
2024-05-13 12:30:00-04:00,2.197700023651123,2.2019999027252197,2.1953999996185303,2.200000047683716,7235,0.0,0.0
2024-05-13 13:30:00-04:00,2.2100000381469727,2.2200000286102295,2.1907999515533447,2.2100000381469727,6776,0.0,0.0
2024-05-13 14:30:00-04:00,2.2100000381469727,2.2200000286102295,2.2100000381469727,2.210099935531616,5336,0.0,0.0
2024-05-13 15:30:00-04:00,2.2200000286102295,2.240000009536743,2.2149999141693115,2.2200000286102295,23475,0.0,0.0
2024-05-14 09:30:00-04:00,2.180000066757202,2.2274999618530273,2.180000066757202,2.219899892807007,13632,0.0,0.0
2024-05-14 10:30:00-04:00,2.218899965286255,2.2300000190734863,2.218899965286255,2.2300000190734863,5236,0.0,0.0
2024-05-14 11:30:00-04:00,2.2249999046325684,2.2699999809265137,2.2249999046325684,2.2600998878479004,47996,0.0,0.0
2024-05-14 12:30:00-04:00,2.2699999809265137,2.299999952316284,2.255000114440918,2.2699999809265137,27658,0.0,0.0
2024-05-14 13:30:00-04:00,2.2701001167297363,2.299999952316284,2.2607998847961426,2.2899999618530273,37564,0.0,0.0
2024-05-14 14:30:00-04:00,2.280100107192993,2.2899999618530273,2.2699999809265137,2.289900064468384,25727,0.0,0.0
2024-05-14 15:30:00-04:00,2.2899999618530273,2.2950000762939453,2.2799999713897705,2.2799999713897705,13995,0.0,0.0
2024-05-15 09:30:00-04:00,2.2699999809265137,2.2799999713897705,2.219899892807007,2.2286999225616455,43585,0.0,0.0
2024-05-15 10:30:00-04:00,2.2300000190734863,2.319000005722046,2.2300000190734863,2.299999952316284,48565,0.0,0.0
2024-05-15 11:30:00-04:00,2.299999952316284,2.3387999534606934,2.2899999618530273,2.319999933242798,41405,0.0,0.0
2024-05-15 12:30:00-04:00,2.319999933242798,2.3299999237060547,2.3101000785827637,2.3299999237060547,11709,0.0,0.0
2024-05-15 13:30:00-04:00,2.3201000690460205,2.329900026321411,2.299999952316284,2.303999900817871,19840,0.0,0.0
2024-05-15 14:30:00-04:00,2.309999942779541,2.3399999141693115,2.3099000453948975,2.3399999141693115,18767,0.0,0.0
2024-05-15 15:30:00-04:00,2.339900016784668,2.3499999046325684,2.3299999237060547,2.3450000286102295,14483,0.0,0.0
2024-05-16 09:30:00-04:00,2.3499999046325684,2.380000114440918,2.3399999141693115,2.373800039291382,19498,0.0,0.0
2024-05-16 10:30:00-04:00,2.369999885559082,2.408600091934204,2.3499999046325684,2.3801000118255615,53896,0.0,0.0
2024-05-16 11:30:00-04:00,2.380000114440918,2.440000057220459,2.3798999786376953,2.380000114440918,38158,0.0,0.0
2024-05-16 12:30:00-04:00,2.390000104904175,2.4296000003814697,2.380000114440918,2.380000114440918,24097,0.0,0.0
2024-05-16 13:30:00-04:00,2.384200096130371,2.4377999305725098,2.369999885559082,2.4377999305725098,19124,0.0,0.0
2024-05-16 14:30:00-04:00,2.440000057220459,2.4581000804901123,2.4200000762939453,2.450000047683716,26347,0.0,0.0
2024-05-16 15:30:00-04:00,2.4549999237060547,2.4600000381469727,2.430000066757202,2.440000057220459,12217,0.0,0.0
2024-05-17 09:30:00-04:00,2.4700000286102295,2.4700000286102295,2.4409000873565674,2.4625000953674316,12529,0.0,0.0
2024-05-17 10:30:00-04:00,2.4549999237060547,2.4800000190734863,2.4328999519348145,2.4800000190734863,17625,0.0,0.0
2024-05-17 11:30:00-04:00,2.4800000190734863,2.5,2.4800000190734863,2.5,15037,0.0,0.0
2024-05-17 12:30:00-04:00,2.5199999809265137,2.5199999809265137,2.5,2.5,7794,0.0,0.0
2024-05-17 13:30:00-04:00,2.4999001026153564,2.5,2.4809000492095947,2.5,4927,0.0,0.0
2024-05-17 14:30:00-04:00,2.5,2.5,2.4600000381469727,2.4600000381469727,18675,0.0,0.0
2024-05-17 15:30:00-04:00,2.4700000286102295,2.4700000286102295,2.451200008392334,2.4600000381469727,6111,0.0,0.0
2024-05-20 09:30:00-04:00,2.450000047683716,2.4500999450683594,2.4200000762939453,2.4200000762939453,11892,0.0,0.0
2024-05-20 10:30:00-04:00,2.4240000247955322,2.4240000247955322,2.4100000858306885,2.4149999618530273,4636,0.0,0.0
2024-05-20 11:30:00-04:00,2.4100000858306885,2.4100000858306885,2.3499999046325684,2.3499999046325684,25051,0.0,0.0
2024-05-20 12:30:00-04:00,2.3499999046325684,2.450000047683716,2.3399999141693115,2.375,24211,0.0,0.0
2024-05-20 13:30:00-04:00,2.365799903869629,2.4000000953674316,2.359999895095825,2.390000104904175,5536,0.0,0.0
2024-05-20 14:30:00-04:00,2.390000104904175,2.4000000953674316,2.3450000286102295,2.3499999046325684,14932,0.0,0.0
2024-05-20 15:30:00-04:00,2.3543999195098877,2.359999895095825,2.3499999046325684,2.359999895095825,5049,0.0,0.0
2024-05-21 09:30:00-04:00,2.309999942779541,2.4200000762939453,2.309999942779541,2.380000114440918,29901,0.0,0.0
2024-05-21 10:30:00-04:00,2.3801000118255615,2.4000000953674316,2.380000114440918,2.3801000118255615,4152,0.0,0.0
2024-05-21 11:30:00-04:00,2.390000104904175,2.4000000953674316,2.381999969482422,2.390000104904175,963,0.0,0.0
2024-05-21 12:30:00-04:00,2.380199909210205,2.390000104904175,2.380199909210205,2.390000104904175,3979,0.0,0.0
2024-05-21 13:30:00-04:00,2.3808999061584473,2.399899959564209,2.380000114440918,2.390000104904175,6726,0.0,0.0
2024-05-21 14:30:00-04:00,2.380000114440918,2.384999990463257,2.3499999046325684,2.380000114440918,9155,0.0,0.0
2024-05-21 15:30:00-04:00,2.390000104904175,2.390000104904175,2.365000009536743,2.365000009536743,3550,0.0,0.0
2024-05-22 09:30:00-04:00,2.359999895095825,2.369999885559082,2.302799940109253,2.315000057220459,10708,0.0,0.0
2024-05-22 10:30:00-04:00,2.319999933242798,2.3499999046325684,2.316699981689453,2.3399999141693115,10480,0.0,0.0
2024-05-22 11:30:00-04:00,2.319999933242798,2.359999895095825,2.2899999618530273,2.3299999237060547,18380,0.0,0.0
2024-05-22 12:30:00-04:00,2.3299999237060547,2.3299999237060547,2.299999952316284,2.309999942779541,5814,0.0,0.0
2024-05-22 13:30:00-04:00,2.319999933242798,2.3299999237060547,2.299999952316284,2.3299999237060547,24602,0.0,0.0
2024-05-22 14:30:00-04:00,2.319999933242798,2.359999895095825,2.319999933242798,2.359999895095825,14651,0.0,0.0
2024-05-22 15:30:00-04:00,2.3499999046325684,2.359999895095825,2.3499999046325684,2.359999895095825,4740,0.0,0.0
2024-05-23 09:30:00-04:00,2.309999942779541,2.364000082015991,2.309999942779541,2.359999895095825,13195,0.0,0.0
2024-05-23 10:30:00-04:00,2.3450000286102295,2.3508999347686768,2.3299999237060547,2.3299999237060547,61005,0.0,0.0
2024-05-23 11:30:00-04:00,2.349900007247925,2.3499999046325684,2.319999933242798,2.325000047683716,4644,0.0,0.0
2024-05-23 12:30:00-04:00,2.325000047683716,2.3299999237060547,2.319999933242798,2.319999933242798,4469,0.0,0.0
2024-05-23 13:30:00-04:00,2.322999954223633,2.3299999237060547,2.319999933242798,2.3280999660491943,5674,0.0,0.0
2024-05-23 14:30:00-04:00,2.319999933242798,2.3299999237060547,2.319999933242798,2.325000047683716,5649,0.0,0.0
2024-05-23 15:30:00-04:00,2.325000047683716,2.3499999046325684,2.319999933242798,2.3399999141693115,25914,0.0,0.0
2024-05-24 09:30:00-04:00,2.3499999046325684,2.4700000286102295,2.3499999046325684,2.4100000858306885,18868,0.0,0.0
2024-05-24 10:30:00-04:00,2.4000000953674316,2.4000000953674316,2.3499999046325684,2.3499999046325684,10184,0.0,0.0
2024-05-24 11:30:00-04:00,2.365000009536743,2.365000009536743,2.3629000186920166,2.3629000186920166,1165,0.0,0.0
2024-05-24 12:30:00-04:00,2.360100030899048,2.369999885559082,2.359999895095825,2.36929988861084,5620,0.0,0.0
2024-05-24 13:30:00-04:00,2.3605000972747803,2.390000104904175,2.3299999237060547,2.390000104904175,19252,0.0,0.0
2024-05-24 14:30:00-04:00,2.369999885559082,2.369999885559082,2.3399999141693115,2.3550000190734863,29832,0.0,0.0
2024-05-24 15:30:00-04:00,2.359999895095825,2.359999895095825,2.3499999046325684,2.359999895095825,8867,0.0,0.0
2024-05-28 09:30:00-04:00,2.3399999141693115,2.5,2.3340001106262207,2.450000047683716,43433,0.0,0.0
2024-05-28 10:30:00-04:00,2.4600000381469727,2.4635000228881836,2.4000000953674316,2.4019999504089355,28919,0.0,0.0
2024-05-28 11:30:00-04:00,2.4001998901367188,2.4200000762939453,2.4001998901367188,2.4017999172210693,4025,0.0,0.0
2024-05-28 12:30:00-04:00,2.4100000858306885,2.424999952316284,2.4100000858306885,2.424999952316284,4093,0.0,0.0
2024-05-28 13:30:00-04:00,2.430000066757202,2.430000066757202,2.4100000858306885,2.430000066757202,5860,0.0,0.0
2024-05-28 14:30:00-04:00,2.410099983215332,2.4316000938415527,2.410099983215332,2.430000066757202,11169,0.0,0.0
2024-05-28 15:30:00-04:00,2.4210000038146973,2.440000057220459,2.4210000038146973,2.440000057220459,6790,0.0,0.0
2024-05-29 09:30:00-04:00,2.380000114440918,2.4398999214172363,2.350100040435791,2.4200000762939453,30881,0.0,0.0
2024-05-29 10:30:00-04:00,2.4200000762939453,2.4200000762939453,2.359999895095825,2.375,18229,0.0,0.0
2024-05-29 11:30:00-04:00,2.375,2.375,2.3499999046325684,2.364000082015991,7216,0.0,0.0
2024-05-29 12:30:00-04:00,2.369999885559082,2.4000000953674316,2.369999885559082,2.390000104904175,7284,0.0,0.0
2024-05-29 13:30:00-04:00,2.390000104904175,2.4000000953674316,2.369999885559082,2.380000114440918,2467,0.0,0.0
2024-05-29 14:30:00-04:00,2.373800039291382,2.3745999336242676,2.3499999046325684,2.3550000190734863,9308,0.0,0.0
2024-05-29 15:30:00-04:00,2.3550000190734863,2.380000114440918,2.3499999046325684,2.3499999046325684,15233,0.0,0.0
2024-05-30 09:30:00-04:00,2.319999933242798,2.3399999141693115,2.319999933242798,2.325000047683716,3421,0.0,0.0
2024-05-30 10:30:00-04:00,2.3120999336242676,2.3299999237060547,2.310800075531006,2.312000036239624,3289,0.0,0.0
2024-05-30 11:30:00-04:00,2.3299999237060547,2.3299999237060547,2.3101000785827637,2.319999933242798,2749,0.0,0.0
2024-05-30 12:30:00-04:00,2.315000057220459,2.3199000358581543,2.299999952316284,2.3108999729156494,22605,0.0,0.0
2024-05-30 13:30:00-04:00,2.315000057220459,2.319999933242798,2.309999942779541,2.312000036239624,7128,0.0,0.0
2024-05-30 14:30:00-04:00,2.3101000785827637,2.317699909210205,2.309999942779541,2.317699909210205,2969,0.0,0.0
2024-05-30 15:30:00-04:00,2.3143999576568604,2.3499999046325684,2.309999942779541,2.3499999046325684,5328,0.0,0.0
2024-05-31 09:30:00-04:00,2.3299999237060547,2.3399999141693115,2.319999933242798,2.3299999237060547,2806,0.0,0.0
2024-05-31 10:30:00-04:00,2.3299999237060547,2.3299999237060547,2.309999942779541,2.319999933242798,3081,0.0,0.0
2024-05-31 11:30:00-04:00,2.309999942779541,2.3199000358581543,2.299999952316284,2.309999942779541,3845,0.0,0.0
2024-05-31 12:30:00-04:00,2.309499979019165,2.309499979019165,2.2850000858306885,2.2899999618530273,11533,0.0,0.0
2024-05-31 13:30:00-04:00,2.288599967956543,2.309999942779541,2.288599967956543,2.305000066757202,6318,0.0,0.0
2024-05-31 14:30:00-04:00,2.2950000762939453,2.299999952316284,2.2899999618530273,2.299999952316284,2597,0.0,0.0
2024-05-31 15:30:00-04:00,2.299999952316284,2.3299999237060547,2.299999952316284,2.3299999237060547,3695,0.0,0.0
2024-06-03 09:30:00-04:00,2.3299999237060547,2.338599920272827,2.259200096130371,2.2695999145507812,24972,0.0,0.0
2024-06-03 10:30:00-04:00,2.2799999713897705,2.299999952316284,2.2699999809265137,2.299999952316284,7375,0.0,0.0
2024-06-03 11:30:00-04:00,2.299999952316284,2.309999942779541,2.259999990463257,2.299999952316284,23856,0.0,0.0
2024-06-03 12:30:00-04:00,2.299999952316284,2.309999942779541,2.2600998878479004,2.2899999618530273,8672,0.0,0.0
2024-06-03 13:30:00-04:00,2.2899999618530273,2.3099000453948975,2.2799999713897705,2.3099000453948975,7395,0.0,0.0
2024-06-03 14:30:00-04:00,2.2899999618530273,2.299999952316284,2.259999990463257,2.2899999618530273,15068,0.0,0.0
2024-06-03 15:30:00-04:00,2.299999952316284,2.3499999046325684,2.2899999618530273,2.3499999046325684,15125,0.0,0.0
2024-06-04 09:30:00-04:00,2.259999990463257,2.2899999618530273,2.259999990463257,2.2699999809265137,13842,0.0,0.0
2024-06-04 10:30:00-04:00,2.2751998901367188,2.2799999713897705,2.260699987411499,2.261199951171875,7872,0.0,0.0
2024-06-04 11:30:00-04:00,2.278599977493286,2.278599977493286,2.2600998878479004,2.278599977493286,4659,0.0,0.0
2024-06-04 12:30:00-04:00,2.259999990463257,2.2699999809265137,2.2395999431610107,2.2395999431610107,33997,0.0,0.0
2024-06-04 13:30:00-04:00,2.2392001152038574,2.240000009536743,2.2200000286102295,2.2200000286102295,9095,0.0,0.0
2024-06-04 14:30:00-04:00,2.2249999046325684,2.2551000118255615,2.2200000286102295,2.2500998973846436,11390,0.0,0.0
2024-06-04 15:30:00-04:00,2.250999927520752,2.250999927520752,2.240000009536743,2.240000009536743,18932,0.0,0.0
2024-06-05 09:30:00-04:00,2.25,2.25,2.2200000286102295,2.2300000190734863,25450,0.0,0.0
2024-06-05 10:30:00-04:00,2.2225000858306885,2.2225000858306885,2.190000057220459,2.190000057220459,39599,0.0,0.0
2024-06-05 11:30:00-04:00,2.1939001083374023,2.200000047683716,2.1600000858306885,2.180000066757202,39064,0.0,0.0
2024-06-05 12:30:00-04:00,2.180000066757202,2.200000047683716,2.180000066757202,2.1858999729156494,17544,0.0,0.0
2024-06-05 13:30:00-04:00,2.19950008392334,2.19950008392334,2.180000066757202,2.180000066757202,6757,0.0,0.0
2024-06-05 14:30:00-04:00,2.1898999214172363,2.2007999420166016,2.180000066757202,2.2007999420166016,28162,0.0,0.0
2024-06-05 15:30:00-04:00,2.2100000381469727,2.2100000381469727,2.188499927520752,2.200000047683716,10169,0.0,0.0
2024-06-06 09:30:00-04:00,2.2200000286102295,2.244999885559082,2.200000047683716,2.244999885559082,8085,0.0,0.0
2024-06-06 10:30:00-04:00,2.240000009536743,2.2899999618530273,2.2300000190734863,2.2708001136779785,43642,0.0,0.0
2024-06-06 11:30:00-04:00,2.2701001167297363,2.2799999713897705,2.2699999809265137,2.2753000259399414,3741,0.0,0.0
2024-06-06 12:30:00-04:00,2.2797000408172607,2.2797000408172607,2.2300000190734863,2.2300000190734863,8112,0.0,0.0
2024-06-06 13:30:00-04:00,2.2388999462127686,2.240000009536743,2.2100000381469727,2.240000009536743,7876,0.0,0.0
2024-06-06 14:30:00-04:00,2.234999895095825,2.259999990463257,2.2200000286102295,2.25,16209,0.0,0.0
2024-06-06 15:30:00-04:00,2.240000009536743,2.25,2.23009991645813,2.25,7406,0.0,0.0
2024-06-07 09:30:00-04:00,2.2100000381469727,2.255000114440918,2.2054998874664307,2.255000114440918,13625,0.0,0.0
2024-06-07 10:30:00-04:00,2.25,2.259999990463257,2.2209999561309814,2.2300000190734863,5017,0.0,0.0
2024-06-07 11:30:00-04:00,2.2300000190734863,2.248699903488159,2.2200000286102295,2.248699903488159,9717,0.0,0.0
2024-06-07 12:30:00-04:00,2.25,2.25,2.2397000789642334,2.25,3261,0.0,0.0
2024-06-07 13:30:00-04:00,2.25,2.25,2.234999895095825,2.234999895095825,9830,0.0,0.0
2024-06-07 14:30:00-04:00,2.25,2.2699999809265137,2.240000009536743,2.2699999809265137,10138,0.0,0.0
2024-06-07 15:30:00-04:00,2.255000114440918,2.265000104904175,2.240000009536743,2.240000009536743,6423,0.0,0.0
2024-06-10 09:30:00-04:00,2.2200000286102295,2.25,2.2200000286102295,2.2402000427246094,12997,0.0,0.0
2024-06-10 10:30:00-04:00,2.240000009536743,2.2699999809265137,2.240000009536743,2.259999990463257,2211,0.0,0.0
2024-06-10 11:30:00-04:00,2.255000114440918,2.259999990463257,2.24399995803833,2.259999990463257,10707,0.0,0.0
2024-06-10 12:30:00-04:00,2.259999990463257,2.2699999809265137,2.2488999366760254,2.26990008354187,6883,0.0,0.0
2024-06-10 13:30:00-04:00,2.259999990463257,2.2679998874664307,2.2511000633239746,2.259999990463257,1412,0.0,0.0
2024-06-10 14:30:00-04:00,2.259999990463257,2.259999990463257,2.240000009536743,2.25,12508,0.0,0.0
2024-06-10 15:30:00-04:00,2.25,2.259999990463257,2.240000009536743,2.25,6971,0.0,0.0
2024-06-11 09:30:00-04:00,2.200000047683716,2.259999990463257,2.200000047683716,2.25,19422,0.0,0.0
2024-06-11 10:30:00-04:00,2.25,2.267699956893921,2.240000009536743,2.267699956893921,18035,0.0,0.0
2024-06-11 11:30:00-04:00,2.259999990463257,2.259999990463257,2.240000009536743,2.240000009536743,3622,0.0,0.0
2024-06-11 12:30:00-04:00,2.240000009536743,2.2699999809265137,2.240000009536743,2.255000114440918,17780,0.0,0.0
2024-06-11 13:30:00-04:00,2.240000009536743,2.259999990463257,2.240000009536743,2.240499973297119,7434,0.0,0.0
2024-06-11 14:30:00-04:00,2.25,2.2599000930786133,2.240000009536743,2.2400999069213867,4805,0.0,0.0
2024-06-11 15:30:00-04:00,2.25,2.2799999713897705,2.240000009536743,2.2699999809265137,8313,0.0,0.0
2024-06-12 09:30:00-04:00,2.25,2.450000047683716,2.25,2.420099973678589,55048,0.0,0.0
2024-06-12 10:30:00-04:00,2.410099983215332,2.410099983215332,2.3201000690460205,2.3499999046325684,40940,0.0,0.0
2024-06-12 11:30:00-04:00,2.3499999046325684,2.359999895095825,2.3299999237060547,2.3399999141693115,2903,0.0,0.0
2024-06-12 12:30:00-04:00,2.3548998832702637,2.359999895095825,2.3399999141693115,2.359999895095825,4286,0.0,0.0
2024-06-12 13:30:00-04:00,2.3399999141693115,2.3499999046325684,2.319999933242798,2.3299999237060547,3268,0.0,0.0
2024-06-12 14:30:00-04:00,2.3299999237060547,2.3299999237060547,2.299999952316284,2.300100088119507,5656,0.0,0.0
2024-06-12 15:30:00-04:00,2.299999952316284,2.319999933242798,2.299999952316284,2.319999933242798,6892,0.0,0.0
2024-06-13 09:30:00-04:00,2.319999933242798,2.325000047683716,2.259999990463257,2.299999952316284,14984,0.0,0.0
2024-06-13 10:30:00-04:00,2.299999952316284,2.430000066757202,2.2899999618530273,2.380000114440918,26209,0.0,0.0
2024-06-13 11:30:00-04:00,2.380000114440918,2.609999895095825,2.299999952316284,2.5299999713897705,105092,0.0,0.0
2024-06-13 12:30:00-04:00,2.5299999713897705,2.5299999713897705,2.430000066757202,2.450000047683716,48232,0.0,0.0
2024-06-13 13:30:00-04:00,2.440000057220459,2.450000047683716,2.4100000858306885,2.440000057220459,21271,0.0,0.0
2024-06-13 14:30:00-04:00,2.440000057220459,2.5299999713897705,2.434999942779541,2.4800000190734863,61524,0.0,0.0
2024-06-13 15:30:00-04:00,2.4798998832702637,2.5199999809265137,2.4700000286102295,2.505000114440918,35077,0.0,0.0
2024-06-14 09:30:00-04:00,2.5299999713897705,2.5299999713897705,2.4100000858306885,2.430000066757202,28656,0.0,0.0
2024-06-14 10:30:00-04:00,2.430000066757202,2.4400999546051025,2.4100000858306885,2.440000057220459,13270,0.0,0.0
2024-06-14 11:30:00-04:00,2.4600000381469727,2.4600000381469727,2.4400999546051025,2.4488000869750977,1509,0.0,0.0
2024-06-14 12:30:00-04:00,2.440000057220459,2.4700000286102295,2.440000057220459,2.4500999450683594,4324,0.0,0.0
2024-06-14 13:30:00-04:00,2.4647998809814453,2.4700000286102295,2.440000057220459,2.450000047683716,7799,0.0,0.0
2024-06-14 14:30:00-04:00,2.4700000286102295,2.4700000286102295,2.450000047683716,2.450000047683716,3059,0.0,0.0
2024-06-14 15:30:00-04:00,2.450000047683716,2.5,2.4000000953674316,2.440000057220459,58682,0.0,0.0
2024-06-17 09:30:00-04:00,2.4200000762939453,2.490000009536743,2.4200000762939453,2.444999933242798,12761,0.0,0.0
2024-06-17 10:30:00-04:00,2.4649999141693115,2.4649999141693115,2.440000057220459,2.4600000381469727,7464,0.0,0.0
2024-06-17 11:30:00-04:00,2.4600000381469727,2.4800000190734863,2.4600000381469727,2.4660000801086426,10609,0.0,0.0
2024-06-17 12:30:00-04:00,2.4649999141693115,2.4700000286102295,2.4600000381469727,2.4649999141693115,3958,0.0,0.0
2024-06-17 13:30:00-04:00,2.4700000286102295,2.5199999809265137,2.4600000381469727,2.515000104904175,17712,0.0,0.0
2024-06-17 14:30:00-04:00,2.5060999393463135,2.5060999393463135,2.4800000190734863,2.499500036239624,11062,0.0,0.0
2024-06-17 15:30:00-04:00,2.490000009536743,2.5399999618530273,2.490000009536743,2.5399999618530273,18339,0.0,0.0
2024-06-18 09:30:00-04:00,2.5199999809265137,2.569999933242798,2.5199999809265137,2.569999933242798,24384,0.0,0.0
2024-06-18 10:30:00-04:00,2.565000057220459,2.5799999237060547,2.5299999713897705,2.5799999237060547,23447,0.0,0.0
2024-06-18 11:30:00-04:00,2.569999933242798,2.569999933242798,2.5399999618530273,2.5399999618530273,26955,0.0,0.0
2024-06-18 12:30:00-04:00,2.54010009765625,2.54010009765625,2.5299999713897705,2.5320000648498535,5161,0.0,0.0
2024-06-18 13:30:00-04:00,2.5399999618530273,2.5399999618530273,2.509999990463257,2.530100107192993,5044,0.0,0.0
2024-06-18 14:30:00-04:00,2.5299999713897705,2.549999952316284,2.5199999809265137,2.5199999809265137,7496,0.0,0.0
2024-06-18 15:30:00-04:00,2.5299999713897705,2.5299999713897705,2.430000066757202,2.430000066757202,29355,0.0,0.0
2024-06-20 09:30:00-04:00,2.380000114440918,2.509999990463257,2.380000114440918,2.500200033187866,41481,0.0,0.0
2024-06-20 10:30:00-04:00,2.509999990463257,2.509999990463257,2.424999952316284,2.424999952316284,12815,0.0,0.0
2024-06-20 11:30:00-04:00,2.430000066757202,2.430000066757202,2.4100000858306885,2.4200000762939453,8412,0.0,0.0
2024-06-20 12:30:00-04:00,2.430000066757202,2.4700000286102295,2.4200000762939453,2.4700000286102295,4759,0.0,0.0
2024-06-20 13:30:00-04:00,2.450000047683716,2.450000047683716,2.4100000858306885,2.424999952316284,10002,0.0,0.0
2024-06-20 14:30:00-04:00,2.424999952316284,2.4398999214172363,2.390000104904175,2.4049999713897705,5456,0.0,0.0
2024-06-20 15:30:00-04:00,2.4049999713897705,2.4200000762939453,2.4000000953674316,2.4000000953674316,7860,0.0,0.0
2024-06-21 09:30:00-04:00,2.4200000762939453,2.450000047683716,2.4140000343322754,2.450000047683716,17304,0.0,0.0
2024-06-21 10:30:00-04:00,2.434999942779541,2.434999942779541,2.434999942779541,2.434999942779541,196,0.0,0.0
2024-06-21 11:30:00-04:00,2.447200059890747,2.447200059890747,2.4200000762939453,2.440000057220459,5564,0.0,0.0
2024-06-21 12:30:00-04:00,2.440000057220459,2.444999933242798,2.4200000762939453,2.440000057220459,11331,0.0,0.0
2024-06-21 13:30:00-04:00,2.430000066757202,2.4649999141693115,2.430000066757202,2.440000057220459,8742,0.0,0.0
2024-06-21 14:30:00-04:00,2.440000057220459,2.4700000286102295,2.440000057220459,2.450000047683716,7287,0.0,0.0
2024-06-21 15:30:00-04:00,2.4700000286102295,2.4800000190734863,2.430000066757202,2.4700000286102295,59215,0.0,0.0
2024-06-24 09:30:00-04:00,2.4700000286102295,2.5076000690460205,2.444999933242798,2.5,36459,0.0,0.0
2024-06-24 10:30:00-04:00,2.5,2.533099889755249,2.4800000190734863,2.4800000190734863,7616,0.0,0.0
2024-06-24 11:30:00-04:00,2.4800000190734863,2.4800000190734863,2.450000047683716,2.450000047683716,7647,0.0,0.0
2024-06-24 12:30:00-04:00,2.433799982070923,2.450000047683716,2.430000066757202,2.450000047683716,1791,0.0,0.0
2024-06-24 13:30:00-04:00,2.4339001178741455,2.450000047683716,2.412899971008301,2.434999942779541,3538,0.0,0.0
2024-06-24 14:30:00-04:00,2.440000057220459,2.450000047683716,2.4100000858306885,2.449899911880493,6630,0.0,0.0
2024-06-24 15:30:00-04:00,2.4400999546051025,2.450000047683716,2.420099973678589,2.424999952316284,19192,0.0,0.0
2024-06-25 09:30:00-04:00,2.4000000953674316,2.5,2.4000000953674316,2.4899001121520996,34389,0.0,0.0
2024-06-25 10:30:00-04:00,2.4600000381469727,2.4600000381469727,2.359999895095825,2.4200000762939453,48513,0.0,0.0
2024-06-25 11:30:00-04:00,2.4200000762939453,2.440000057220459,2.4000000953674316,2.440000057220459,12523,0.0,0.0
2024-06-25 12:30:00-04:00,2.4200000762939453,2.4200000762939453,2.4100000858306885,2.4100000858306885,1325,0.0,0.0
2024-06-25 13:30:00-04:00,2.4298999309539795,2.430000066757202,2.4000000953674316,2.430000066757202,3650,0.0,0.0
2024-06-25 14:30:00-04:00,2.430000066757202,2.490000009536743,2.4000000953674316,2.4149999618530273,22697,0.0,0.0
2024-06-25 15:30:00-04:00,2.4000000953674316,2.4200000762939453,2.369999885559082,2.4200000762939453,18463,0.0,0.0
2024-06-26 09:30:00-04:00,2.4000000953674316,2.450000047683716,2.380000114440918,2.440000057220459,8233,0.0,0.0
2024-06-26 10:30:00-04:00,2.424999952316284,2.424999952316284,2.359999895095825,2.3949999809265137,11830,0.0,0.0
2024-06-26 11:30:00-04:00,2.390000104904175,2.4000000953674316,2.360100030899048,2.369999885559082,7322,0.0,0.0
2024-06-26 12:30:00-04:00,2.384999990463257,2.4000000953674316,2.369999885559082,2.384999990463257,4109,0.0,0.0
2024-06-26 13:30:00-04:00,2.384999990463257,2.4200000762939453,2.384999990463257,2.4200000762939453,7727,0.0,0.0
2024-06-26 14:30:00-04:00,2.4100000858306885,2.4200000762939453,2.390000104904175,2.4100000858306885,7056,0.0,0.0
2024-06-26 15:30:00-04:00,2.390000104904175,2.4100000858306885,2.390000104904175,2.4000000953674316,2853,0.0,0.0
2024-06-27 09:30:00-04:00,2.4000000953674316,2.440000057220459,2.4000000953674316,2.4200000762939453,8243,0.0,0.0
2024-06-27 10:30:00-04:00,2.4200000762939453,2.430000066757202,2.4049999713897705,2.4059998989105225,7418,0.0,0.0
2024-06-27 11:30:00-04:00,2.430000066757202,2.4700000286102295,2.430000066757202,2.450000047683716,14072,0.0,0.0
2024-06-27 12:30:00-04:00,2.440000057220459,2.440000057220459,2.430000066757202,2.430000066757202,224,0.0,0.0
2024-06-27 13:30:00-04:00,2.440000057220459,2.440000057220459,2.430000066757202,2.440000057220459,6027,0.0,0.0
2024-06-27 14:30:00-04:00,2.427500009536743,2.4600000381469727,2.4200000762939453,2.4600000381469727,6466,0.0,0.0
2024-06-27 15:30:00-04:00,2.444999933242798,2.4800000190734863,2.442199945449829,2.4700000286102295,11559,0.0,0.0
2024-06-28 09:30:00-04:00,2.4100000858306885,2.4800000190734863,2.4100000858306885,2.4800000190734863,41262,0.0,0.0
2024-06-28 10:30:00-04:00,2.4800000190734863,2.569999933242798,2.4800000190734863,2.549999952316284,17650,0.0,0.0
2024-06-28 11:30:00-04:00,2.559999942779541,2.559999942779541,2.5,2.5199999809265137,13623,0.0,0.0
2024-06-28 12:30:00-04:00,2.5299999713897705,2.5299999713897705,2.4200000762939453,2.5199999809265137,32582,0.0,0.0
2024-06-28 13:30:00-04:00,2.509500026702881,2.5299999713897705,2.490000009536743,2.5,6543,0.0,0.0
2024-06-28 14:30:00-04:00,2.5,2.515000104904175,2.4700000286102295,2.5,10990,0.0,0.0
2024-06-28 15:30:00-04:00,2.490000009536743,2.494999885559082,2.440000057220459,2.4800000190734863,36474,0.0,0.0
2024-07-01 09:30:00-04:00,2.5199999809265137,2.5199999809265137,2.450000047683716,2.484999895095825,7827,0.0,0.0
2024-07-01 10:30:00-04:00,2.4800000190734863,2.4800000190734863,2.450000047683716,2.450000047683716,7660,0.0,0.0
2024-07-01 11:30:00-04:00,2.450000047683716,2.450000047683716,2.390000104904175,2.390000104904175,15482,0.0,0.0
2024-07-01 12:30:00-04:00,2.390000104904175,2.399899959564209,2.384999990463257,2.384999990463257,7082,0.0,0.0
2024-07-01 13:30:00-04:00,2.380000114440918,2.4000000953674316,2.3499999046325684,2.4000000953674316,37967,0.0,0.0
2024-07-01 14:30:00-04:00,2.3826000690460205,2.390000104904175,2.3499999046325684,2.3675999641418457,29507,0.0,0.0
2024-07-01 15:30:00-04:00,2.365000009536743,2.375,2.359999895095825,2.369999885559082,5946,0.0,0.0
2024-07-02 09:30:00-04:00,2.369999885559082,2.4000000953674316,2.369999885559082,2.390000104904175,9485,0.0,0.0
2024-07-02 10:30:00-04:00,2.369999885559082,2.380000114440918,2.359999895095825,2.36080002784729,6762,0.0,0.0
2024-07-02 11:30:00-04:00,2.359999895095825,2.365000009536743,2.3299999237060547,2.3350000381469727,47172,0.0,0.0
2024-07-02 12:30:00-04:00,2.3350000381469727,2.3499999046325684,2.3299999237060547,2.3499999046325684,10923,0.0,0.0
2024-07-02 13:30:00-04:00,2.3399999141693115,2.359999895095825,2.3399999141693115,2.359999895095825,8837,0.0,0.0
2024-07-02 14:30:00-04:00,2.369999885559082,2.369999885559082,2.3399999141693115,2.3499999046325684,6745,0.0,0.0
2024-07-02 15:30:00-04:00,2.3399999141693115,2.359999895095825,2.3399999141693115,2.3499999046325684,8046,0.0,0.0
2024-07-03 09:30:00-04:00,2.3399999141693115,2.4000000953674316,2.3399999141693115,2.381999969482422,22000,0.0,0.0
2024-07-03 10:30:00-04:00,2.4000000953674316,2.4200000762939453,2.390000104904175,2.4000000953674316,7970,0.0,0.0
2024-07-03 11:30:00-04:00,2.4000000953674316,2.400099992752075,2.380000114440918,2.4000000953674316,11862,0.0,0.0
2024-07-05 09:30:00-04:00,2.3399999141693115,2.390000104904175,2.3399999141693115,2.390000104904175,4480,0.0,0.0
2024-07-05 10:30:00-04:00,2.359999895095825,2.369999885559082,2.3201000690460205,2.3301000595092773,28998,0.0,0.0
2024-07-05 11:30:00-04:00,2.3313000202178955,2.3399999141693115,2.3299999237060547,2.3399999141693115,3635,0.0,0.0
2024-07-05 12:30:00-04:00,2.3289999961853027,2.3399999141693115,2.309999942779541,2.309999942779541,17454,0.0,0.0
2024-07-05 13:30:00-04:00,2.299999952316284,2.319999933242798,2.299999952316284,2.319999933242798,5947,0.0,0.0
2024-07-05 14:30:00-04:00,2.319999933242798,2.3299999237060547,2.299999952316284,2.319999933242798,16932,0.0,0.0
2024-07-05 15:30:00-04:00,2.319999933242798,2.319999933242798,2.309999942779541,2.309999942779541,4541,0.0,0.0
2024-07-08 09:30:00-04:00,2.2699999809265137,2.369999885559082,2.2699999809265137,2.331199884414673,12582,0.0,0.0
2024-07-08 10:30:00-04:00,2.339900016784668,2.3499999046325684,2.3299999237060547,2.3299999237060547,8882,0.0,0.0
2024-07-08 11:30:00-04:00,2.3201000690460205,2.3289999961853027,2.319999933242798,2.325000047683716,7961,0.0,0.0
2024-07-08 12:30:00-04:00,2.322000026702881,2.3350000381469727,2.319999933242798,2.319999933242798,14782,0.0,0.0
2024-07-08 13:30:00-04:00,2.325000047683716,2.325000047683716,2.319999933242798,2.3203001022338867,1783,0.0,0.0
2024-07-08 14:30:00-04:00,2.309999942779541,2.3101000785827637,2.2899999618530273,2.299999952316284,10996,0.0,0.0
2024-07-08 15:30:00-04:00,2.299999952316284,2.299999952316284,2.2899999618530273,2.2950000762939453,5502,0.0,0.0
2024-07-09 09:30:00-04:00,2.259999990463257,2.319999933242798,2.259999990463257,2.2899999618530273,5021,0.0,0.0
2024-07-09 10:30:00-04:00,2.309999942779541,2.319999933242798,2.299999952316284,2.299999952316284,2094,0.0,0.0
2024-07-09 11:30:00-04:00,2.309999942779541,2.309999942779541,2.2899999618530273,2.2899999618530273,1503,0.0,0.0
2024-07-09 12:30:00-04:00,2.2899999618530273,2.2899999618530273,2.2799999713897705,2.2899999618530273,2026,0.0,0.0
2024-07-09 13:30:00-04:00,2.2899999618530273,2.2899999618530273,2.259999990463257,2.2899999618530273,23054,0.0,0.0
2024-07-09 14:30:00-04:00,2.2899999618530273,2.3299999237060547,2.25,2.3299999237060547,27798,0.0,0.0
2024-07-09 15:30:00-04:00,2.3299999237060547,2.3299999237060547,2.309999942779541,2.309999942779541,12271,0.0,0.0
2024-07-10 09:30:00-04:00,2.2699999809265137,2.3499999046325684,2.2699999809265137,2.3499999046325684,12109,0.0,0.0
2024-07-10 10:30:00-04:00,2.3499999046325684,2.359999895095825,2.3299999237060547,2.345099925994873,6883,0.0,0.0
2024-07-10 11:30:00-04:00,2.3399999141693115,2.390000104904175,2.3399999141693115,2.3601999282836914,23369,0.0,0.0
2024-07-10 12:30:00-04:00,2.359999895095825,2.3698999881744385,2.3501999378204346,2.3501999378204346,3812,0.0,0.0
2024-07-10 13:30:00-04:00,2.359999895095825,2.359999895095825,2.3499999046325684,2.3499999046325684,0,0.0,0.0
2024-07-10 14:30:00-04:00,2.34660005569458,2.3499999046325684,2.3450000286102295,2.3450000286102295,52985,0.0,0.0
2024-07-10 15:30:00-04:00,2.340100049972534,2.3499999046325684,2.319999933242798,2.3399999141693115,13319,0.0,0.0
2024-07-11 09:30:00-04:00,2.299999952316284,2.390000104904175,2.299999952316284,2.3801000118255615,10438,0.0,0.0
2024-07-11 10:30:00-04:00,2.384999990463257,2.384999990463257,2.3403000831604004,2.347899913787842,4311,0.0,0.0
2024-07-11 11:30:00-04:00,2.3499999046325684,2.3499999046325684,2.319999933242798,2.3450000286102295,9967,0.0,0.0
2024-07-11 12:30:00-04:00,2.3422000408172607,2.369999885559082,2.3422000408172607,2.359999895095825,7283,0.0,0.0
2024-07-11 13:30:00-04:00,2.380000114440918,2.380000114440918,2.359999895095825,2.359999895095825,19395,0.0,0.0
2024-07-11 14:30:00-04:00,2.3610000610351562,2.380000114440918,2.3610000610351562,2.3708999156951904,12225,0.0,0.0
2024-07-11 15:30:00-04:00,2.3701000213623047,2.380000114440918,2.3615000247955322,2.365000009536743,8991,0.0,0.0
2024-07-12 09:30:00-04:00,2.3299999237060547,2.380000114440918,2.3299999237060547,2.3399999141693115,24955,0.0,0.0
2024-07-12 10:30:00-04:00,2.3399999141693115,2.369999885559082,2.3262999057769775,2.369999885559082,15766,0.0,0.0
2024-07-12 11:30:00-04:00,2.359999895095825,2.380000114440918,2.359999895095825,2.369999885559082,12274,0.0,0.0
2024-07-12 12:30:00-04:00,2.369999885559082,2.369999885559082,2.3299999237060547,2.359999895095825,13900,0.0,0.0
2024-07-12 13:30:00-04:00,2.359999895095825,2.359999895095825,2.3450000286102295,2.359999895095825,9183,0.0,0.0
2024-07-12 14:30:00-04:00,2.359999895095825,2.359999895095825,2.3450000286102295,2.3499999046325684,4793,0.0,0.0
2024-07-12 15:30:00-04:00,2.347899913787842,2.3499999046325684,2.3299999237060547,2.3399999141693115,10868,0.0,0.0
2024-07-15 09:30:00-04:00,2.299999952316284,2.3499999046325684,2.299999952316284,2.349900007247925,9398,0.0,0.0
2024-07-15 10:30:00-04:00,2.3399999141693115,2.369999885559082,2.3399999141693115,2.369999885559082,12601,0.0,0.0
2024-07-15 11:30:00-04:00,2.369999885559082,2.4200000762939453,2.3550000190734863,2.3666999340057373,43583,0.0,0.0
2024-07-15 12:30:00-04:00,2.369999885559082,2.369999885559082,2.360100030899048,2.365000009536743,4755,0.0,0.0
2024-07-15 13:30:00-04:00,2.369999885559082,2.390000104904175,2.359999895095825,2.390000104904175,3057,0.0,0.0
2024-07-15 14:30:00-04:00,2.384999990463257,2.4100000858306885,2.384999990463257,2.4049999713897705,9180,0.0,0.0
2024-07-15 15:30:00-04:00,2.4049999713897705,2.4100000858306885,2.380000114440918,2.380000114440918,8376,0.0,0.0
2024-07-16 09:30:00-04:00,2.380000114440918,2.380000114440918,2.359999895095825,2.380000114440918,5284,0.0,0.0
2024-07-16 10:30:00-04:00,2.380000114440918,2.4800000190734863,2.380000114440918,2.450000047683716,41567,0.0,0.0
2024-07-16 11:30:00-04:00,2.4700000286102295,2.4700000286102295,2.424999952316284,2.430000066757202,15043,0.0,0.0
2024-07-16 12:30:00-04:00,2.410099983215332,2.430000066757202,2.410099983215332,2.430000066757202,3616,0.0,0.0
2024-07-16 13:30:00-04:00,2.4200000762939453,2.430000066757202,2.4123001098632812,2.430000066757202,3846,0.0,0.0
2024-07-16 14:30:00-04:00,2.4200000762939453,2.440000057220459,2.400099992752075,2.400099992752075,8576,0.0,0.0
2024-07-16 15:30:00-04:00,2.4000000953674316,2.4175000190734863,2.390000104904175,2.3949999809265137,5904,0.0,0.0
2024-07-17 09:30:00-04:00,2.369999885559082,2.4000000953674316,2.360100030899048,2.3828001022338867,18111,0.0,0.0
2024-07-17 10:30:00-04:00,2.380000114440918,2.380000114440918,2.359999895095825,2.380000114440918,9645,0.0,0.0
2024-07-17 11:30:00-04:00,2.380000114440918,2.380000114440918,2.309999942779541,2.325000047683716,21525,0.0,0.0
2024-07-17 12:30:00-04:00,2.319999933242798,2.324700117111206,2.2799999713897705,2.299499988555908,25349,0.0,0.0
2024-07-17 13:30:00-04:00,2.299999952316284,2.309999942779541,2.29010009765625,2.29010009765625,8844,0.0,0.0
2024-07-17 14:30:00-04:00,2.296799898147583,2.299999952316284,2.296799898147583,2.299999952316284,1539,0.0,0.0
2024-07-17 15:30:00-04:00,2.299999952316284,2.299999952316284,2.2899999618530273,2.2950000762939453,8623,0.0,0.0
2024-07-18 09:30:00-04:00,2.299999952316284,2.299999952316284,2.200000047683716,2.2200000286102295,33896,0.0,0.0
2024-07-18 10:30:00-04:00,2.2249999046325684,2.25,2.2200000286102295,2.246000051498413,9120,0.0,0.0
2024-07-18 11:30:00-04:00,2.25,2.25,2.2300000190734863,2.2300000190734863,6360,0.0,0.0
2024-07-18 12:30:00-04:00,2.240000009536743,2.240000009536743,2.2200000286102295,2.2300000190734863,14641,0.0,0.0
2024-07-18 13:30:00-04:00,2.234999895095825,2.240000009536743,2.2249999046325684,2.240000009536743,15802,0.0,0.0
2024-07-18 14:30:00-04:00,2.2200000286102295,2.240000009536743,2.2200000286102295,2.2300000190734863,9097,0.0,0.0
2024-07-18 15:30:00-04:00,2.2249999046325684,2.2249999046325684,2.190000057220459,2.200000047683716,25005,0.0,0.0
2024-07-19 09:30:00-04:00,2.2200000286102295,2.2392001152038574,2.200000047683716,2.200000047683716,12431,0.0,0.0
2024-07-19 10:30:00-04:00,2.200000047683716,2.2200000286102295,2.190000057220459,2.2200000286102295,19490,0.0,0.0
2024-07-19 11:30:00-04:00,2.2200000286102295,2.2200000286102295,2.190000057220459,2.200000047683716,5614,0.0,0.0
2024-07-19 12:30:00-04:00,2.194999933242798,2.200000047683716,2.190000057220459,2.200000047683716,5193,0.0,0.0
2024-07-19 13:30:00-04:00,2.199899911880493,2.2100000381469727,2.1700000762939453,2.174999952316284,43840,0.0,0.0
2024-07-19 14:30:00-04:00,2.1798999309539795,2.180000066757202,2.1600000858306885,2.1700000762939453,10527,0.0,0.0
2024-07-19 15:30:00-04:00,2.174999952316284,2.174999952316284,2.1500000953674316,2.1600000858306885,20567,0.0,0.0
2024-07-22 09:30:00-04:00,2.1600000858306885,2.180000066757202,2.049999952316284,2.049999952316284,61123,0.0,0.0
2024-07-22 10:30:00-04:00,2.049999952316284,2.119999885559082,2.049999952316284,2.0999999046325684,19652,0.0,0.0
2024-07-22 11:30:00-04:00,2.0899999141693115,2.0899999141693115,2.0,2.0,78140,0.0,0.0
2024-07-22 12:30:00-04:00,2.0,2.0199999809265137,1.9500000476837158,1.9545999765396118,78679,0.0,0.0
2024-07-22 13:30:00-04:00,1.9500000476837158,1.9600000381469727,1.8799999952316284,1.8799999952316284,58725,0.0,0.0
2024-07-22 14:30:00-04:00,1.8799999952316284,1.8997999429702759,1.7999999523162842,1.8200000524520874,100480,0.0,0.0
2024-07-22 15:30:00-04:00,1.8200000524520874,1.8300000429153442,1.690000057220459,1.690000057220459,131128,0.0,0.0
2024-07-23 09:30:00-04:00,1.75,1.8200000524520874,1.7304999828338623,1.7304999828338623,58944,0.0,0.0
2024-07-23 10:30:00-04:00,1.7305999994277954,1.7400000095367432,1.7100000381469727,1.719099998474121,30461,0.0,0.0
2024-07-23 11:30:00-04:00,1.715000033378601,1.715000033378601,1.7000000476837158,1.7032999992370605,39481,0.0,0.0
2024-07-23 12:30:00-04:00,1.7100000381469727,1.7100000381469727,1.6799999475479126,1.690000057220459,41960,0.0,0.0
2024-07-23 13:30:00-04:00,1.684999942779541,1.690000057220459,1.6799999475479126,1.686400055885315,19640,0.0,0.0
2024-07-23 14:30:00-04:00,1.684999942779541,1.684999942779541,1.6699999570846558,1.6797000169754028,20248,0.0,0.0
2024-07-23 15:30:00-04:00,1.6749999523162842,1.6799999475479126,1.6699999570846558,1.6799999475479126,11547,0.0,0.0
2024-07-24 09:30:00-04:00,1.7000000476837158,1.7000000476837158,1.6100000143051147,1.6198999881744385,69718,0.0,0.0
2024-07-24 10:30:00-04:00,1.6200000047683716,1.6200000047683716,1.590000033378601,1.6050000190734863,70411,0.0,0.0
2024-07-24 11:30:00-04:00,1.6050000190734863,1.6299999952316284,1.6050000190734863,1.6294000148773193,20127,0.0,0.0
2024-07-24 12:30:00-04:00,1.6200000047683716,1.625,1.590000033378601,1.5997999906539917,9453,0.0,0.0
2024-07-24 13:30:00-04:00,1.590000033378601,1.600000023841858,1.5800000429153442,1.590000033378601,34751,0.0,0.0
2024-07-24 14:30:00-04:00,1.5950000286102295,1.5950000286102295,1.5499999523162842,1.5800000429153442,29122,0.0,0.0
2024-07-24 15:30:00-04:00,1.5800000429153442,1.590000033378601,1.5700000524520874,1.5800000429153442,18558,0.0,0.0
2024-07-25 09:30:00-04:00,1.5399999618530273,1.600000023841858,1.5399999618530273,1.5936000347137451,37226,0.0,0.0
2024-07-25 10:30:00-04:00,1.600000023841858,1.6399999856948853,1.590000033378601,1.625,12047,0.0,0.0
2024-07-25 11:30:00-04:00,1.6298999786376953,1.6699999570846558,1.5950000286102295,1.6699999570846558,32400,0.0,0.0
2024-07-25 12:30:00-04:00,1.6399999856948853,1.6799999475479126,1.6399999856948853,1.6799999475479126,45334,0.0,0.0
2024-07-25 13:30:00-04:00,1.6699999570846558,1.7400000095367432,1.6699999570846558,1.7200000286102295,52778,0.0,0.0
2024-07-25 14:30:00-04:00,1.7299000024795532,1.75,1.7200000286102295,1.7403000593185425,21028,0.0,0.0
2024-07-25 15:30:00-04:00,1.75,1.75,1.7200000286102295,1.7200000286102295,15164,0.0,0.0
2024-07-26 09:30:00-04:00,1.7200000286102295,1.7200000286102295,1.6699999570846558,1.6699999570846558,24709,0.0,0.0
2024-07-26 10:30:00-04:00,1.6649999618530273,1.690000057220459,1.6299999952316284,1.6399999856948853,21311,0.0,0.0
2024-07-26 11:30:00-04:00,1.6349999904632568,1.649999976158142,1.6200000047683716,1.6399999856948853,31375,0.0,0.0
2024-07-26 12:30:00-04:00,1.649999976158142,1.659500002861023,1.6401000022888184,1.659500002861023,83902,0.0,0.0
2024-07-26 13:30:00-04:00,1.659999966621399,1.6699999570846558,1.6399999856948853,1.6549999713897705,23209,0.0,0.0
2024-07-26 14:30:00-04:00,1.6549999713897705,1.659999966621399,1.6200000047683716,1.6200000047683716,12854,0.0,0.0
2024-07-26 15:30:00-04:00,1.6100000143051147,1.6299999952316284,1.600000023841858,1.6299999952316284,13400,0.0,0.0
