Datetime,Open,High,Low,Close,Volume,Dividends,Stock Splits
2022-07-28 09:30:00-04:00,0.6299999952316284,0.6399999856948853,0.6253989934921265,0.6399000287055969,0,0.0,0.0
2022-07-28 10:30:00-04:00,0.6499999761581421,0.6894000172615051,0.6499000191688538,0.6894000172615051,18606,0.0,0.0
2022-07-28 11:30:00-04:00,0.6800000071525574,0.6969000101089478,0.6798999905586243,0.6969000101089478,22242,0.0,0.0
2022-07-28 12:30:00-04:00,0.6953999996185303,0.6969000101089478,0.6952999830245972,0.6959999799728394,4971,0.0,0.0
2022-07-28 13:30:00-04:00,0.6960999965667725,0.6985999941825867,0.6960999965667725,0.698199987411499,2104,0.0,0.0
2022-07-28 14:30:00-04:00,0.6980000138282776,0.6980000138282776,0.6700000166893005,0.6700000166893005,8015,0.0,0.0
2022-07-29 09:30:00-04:00,0.6212999820709229,0.6255000233650208,0.6010000109672546,0.6013000011444092,0,0.0,0.0
2022-07-29 10:30:00-04:00,0.6134999990463257,0.6134999990463257,0.6133000254631042,0.6133999824523926,6743,0.0,0.0
2022-07-29 11:30:00-04:00,0.6136000156402588,0.6200000047683716,0.6100000143051147,0.6179999709129333,13091,0.0,0.0
2022-07-29 14:30:00-04:00,0.6050000190734863,0.6050000190734863,0.6050000190734863,0.6050000190734863,145,0.0,0.0
2022-07-29 15:30:00-04:00,0.6366999745368958,0.6366999745368958,0.6366999745368958,0.6366999745368958,300,0.0,0.0
2022-08-01 09:30:00-04:00,0.6200000047683716,0.6200000047683716,0.6100000143051147,0.6100000143051147,0,0.0,0.0
2022-08-01 10:30:00-04:00,0.6100000143051147,0.6100999712944031,0.6010000109672546,0.6010000109672546,13688,0.0,0.0
2022-08-01 11:30:00-04:00,0.6200000047683716,0.6200000047683716,0.600600004196167,0.600600004196167,750,0.0,0.0
2022-08-01 12:30:00-04:00,0.6007000207901001,0.6007000207901001,0.600600004196167,0.600600004196167,1140,0.0,0.0
2022-08-01 13:30:00-04:00,0.612500011920929,0.612500011920929,0.6050999760627747,0.6050999760627747,700,0.0,0.0
2022-08-01 15:30:00-04:00,0.6050000190734863,0.6050000190734863,0.6050000190734863,0.6050000190734863,0,0.0,0.0
2022-08-02 09:30:00-04:00,0.6200000047683716,0.6200000047683716,0.6000000238418579,0.6010010242462158,6455,0.0,0.0
2022-08-02 10:30:00-04:00,0.6099990010261536,0.6099990010261536,0.6099990010261536,0.6099990010261536,100,0.0,0.0
2022-08-02 11:30:00-04:00,0.6100000143051147,0.6103749871253967,0.5899999737739563,0.5899999737739563,11072,0.0,0.0
2022-08-02 12:30:00-04:00,0.6194999814033508,0.6929000020027161,0.6067489981651306,0.6700000166893005,103889,0.0,0.0
2022-08-02 13:30:00-04:00,0.6797990202903748,0.7799999713897705,0.6237000226974487,0.6700000166893005,216317,0.0,0.0
2022-08-02 14:30:00-04:00,0.6851000189781189,0.7099999785423279,0.6499999761581421,0.6894999742507935,50346,0.0,0.0
2022-08-02 15:30:00-04:00,0.6601999998092651,0.6901000142097473,0.6601999998092651,0.6901000142097473,13520,0.0,0.0
2022-08-03 09:30:00-04:00,0.7146999835968018,0.7146999835968018,0.6309999823570251,0.6748989820480347,36963,0.0,0.0
2022-08-03 10:30:00-04:00,0.6746990084648132,0.6746990084648132,0.6378999948501587,0.6480000019073486,2791,0.0,0.0
2022-08-03 12:30:00-04:00,0.6600000262260437,0.6621999740600586,0.6399999856948853,0.6400009989738464,3575,0.0,0.0
2022-08-03 13:30:00-04:00,0.6313009858131409,0.8100000023841858,0.6313009858131409,0.7253999710083008,329753,0.0,0.0
2022-08-03 14:30:00-04:00,0.7200000286102295,0.7200000286102295,0.675000011920929,0.7200000286102295,32763,0.0,0.0
2022-08-03 15:30:00-04:00,0.6703000068664551,0.7199990153312683,0.6703000068664551,0.699999988079071,0,0.0,0.0
2022-08-04 09:30:00-04:00,0.6712999939918518,0.7062000036239624,0.6712999939918518,0.6812000274658203,30808,0.0,0.0
2022-08-04 10:30:00-04:00,0.6813009977340698,0.699999988079071,0.6811000108718872,0.6998999714851379,35313,0.0,0.0
2022-08-04 11:30:00-04:00,0.7019000053405762,0.7699999809265137,0.7019000053405762,0.7548999786376953,146062,0.0,0.0
2022-08-04 12:30:00-04:00,0.7407000064849854,0.7411609888076782,0.7200999855995178,0.7348999977111816,12517,0.0,0.0
2022-08-04 13:30:00-04:00,0.7498000264167786,0.7498000264167786,0.720300018787384,0.7436990141868591,2588,0.0,0.0
2022-08-04 14:30:00-04:00,0.7449989914894104,0.7449989914894104,0.699999988079071,0.699999988079071,19879,0.0,0.0
2022-08-04 15:30:00-04:00,0.6899999976158142,0.705299973487854,0.6812000274658203,0.7051990032196045,13318,0.0,0.0
2022-08-05 09:30:00-04:00,0.6814000010490417,0.6814000010490417,0.6500999927520752,0.675000011920929,20343,0.0,0.0
2022-08-05 10:30:00-04:00,0.6802999973297119,0.704800009727478,0.6802999973297119,0.7045999765396118,6563,0.0,0.0
2022-08-05 11:30:00-04:00,0.6700000166893005,0.6800000071525574,0.660099983215332,0.660099983215332,23095,0.0,0.0
2022-08-05 12:30:00-04:00,0.67010098695755,0.7452999949455261,0.67010098695755,0.7452999949455261,31606,0.0,0.0
2022-08-05 13:30:00-04:00,0.7200999855995178,0.7200999855995178,0.7200999855995178,0.7200999855995178,1370,0.0,0.0
2022-08-05 14:30:00-04:00,0.7099999785423279,0.7175999879837036,0.7099999785423279,0.7175999879837036,2830,0.0,0.0
2022-08-05 15:30:00-04:00,0.7099000215530396,0.7099999785423279,0.675000011920929,0.6757000088691711,41093,0.0,0.0
2022-08-08 09:30:00-04:00,0.6653000116348267,0.7192999720573425,0.6653000116348267,0.7099000215530396,31250,0.0,0.0
2022-08-08 10:30:00-04:00,0.7097989916801453,0.7400000095367432,0.6743999719619751,0.7200999855995178,82795,0.0,0.0
2022-08-08 11:30:00-04:00,0.7319999933242798,0.7376989722251892,0.7102000117301941,0.7200999855995178,8177,0.0,0.0
2022-08-08 12:30:00-04:00,0.7300000190734863,0.7369999885559082,0.7265999913215637,0.7265999913215637,4259,0.0,0.0
2022-08-08 13:30:00-04:00,0.7156999707221985,0.7455000281333923,0.7156999707221985,0.7350000143051147,6728,0.0,0.0
2022-08-08 14:30:00-04:00,0.7267000079154968,0.7400000095367432,0.7164000272750854,0.7397000193595886,7805,0.0,0.0
2022-08-08 15:30:00-04:00,0.7297999858856201,0.7299000024795532,0.7200000286102295,0.7200000286102295,0,0.0,0.0
2022-08-09 09:30:00-04:00,0.7160000205039978,0.7398999929428101,0.7160000205039978,0.7398989796638489,23137,0.0,0.0
2022-08-09 10:30:00-04:00,0.7398999929428101,0.7398999929428101,0.7161009907722473,0.7190009951591492,21064,0.0,0.0
2022-08-09 11:30:00-04:00,0.7189000248908997,0.7189000248908997,0.6700000166893005,0.6700999736785889,15660,0.0,0.0
2022-08-09 12:30:00-04:00,0.6841999888420105,0.6841999888420105,0.6841999888420105,0.6841999888420105,606,0.0,0.0
2022-08-09 13:30:00-04:00,0.6841999888420105,0.6841999888420105,0.6841999888420105,0.6841999888420105,994,0.0,0.0
2022-08-09 14:30:00-04:00,0.6868000030517578,0.7001000046730042,0.6868000030517578,0.7001000046730042,0,0.0,0.0
2022-08-10 09:30:00-04:00,0.6815000176429749,0.6815000176429749,0.6705009937286377,0.6705009937286377,4179,0.0,0.0
2022-08-10 10:30:00-04:00,0.6743000149726868,0.6798999905586243,0.6610999703407288,0.6704999804496765,2346,0.0,0.0
2022-08-10 11:30:00-04:00,0.6798999905586243,0.6815000176429749,0.6782500147819519,0.6815000176429749,14415,0.0,0.0
2022-08-10 12:30:00-04:00,0.6811500191688538,0.6815000176429749,0.6808000206947327,0.6815000176429749,1164,0.0,0.0
2022-08-10 13:30:00-04:00,0.6815000176429749,0.6815000176429749,0.6812000274658203,0.6812000274658203,805,0.0,0.0
2022-08-10 14:30:00-04:00,0.675000011920929,0.6754999756813049,0.6710000038146973,0.6754999756813049,2200,0.0,0.0
2022-08-10 15:30:00-04:00,0.6798999905586243,0.6815000176429749,0.6777999997138977,0.6815000176429749,0,0.0,0.0
2022-08-11 09:30:00-04:00,0.6815000176429749,0.6984509825706482,0.6815000176429749,0.6815000176429749,11213,0.0,0.0
2022-08-11 10:30:00-04:00,0.6700000166893005,0.6798999905586243,0.6549999713897705,0.6798999905586243,16767,0.0,0.0
2022-08-11 11:30:00-04:00,0.6798999905586243,0.6798999905586243,0.6450999975204468,0.6452000141143799,22724,0.0,0.0
2022-08-11 12:30:00-04:00,0.6599900126457214,0.6611999869346619,0.6499999761581421,0.6600000262260437,6370,0.0,0.0
2022-08-11 13:30:00-04:00,0.6583999991416931,0.6583999991416931,0.6450999975204468,0.6450999975204468,1036,0.0,0.0
2022-08-11 14:30:00-04:00,0.6714000105857849,0.6714000105857849,0.6200000047683716,0.625,18293,0.0,0.0
2022-08-11 15:30:00-04:00,0.625,0.6293489933013916,0.6208999752998352,0.6293489933013916,0,0.0,0.0
2022-08-12 09:30:00-04:00,0.6309999823570251,0.6309999823570251,0.625,0.625,6568,0.0,0.0
2022-08-12 10:30:00-04:00,0.625,0.625,0.6200000047683716,0.6202509999275208,1199,0.0,0.0
2022-08-12 11:30:00-04:00,0.6200000047683716,0.6223999857902527,0.6200000047683716,0.6223999857902527,8917,0.0,0.0
2022-08-12 12:30:00-04:00,0.6223000288009644,0.6279489994049072,0.6223000288009644,0.625,2424,0.0,0.0
2022-08-12 13:30:00-04:00,0.6264500021934509,0.6309999823570251,0.6200000047683716,0.6280999779701233,4172,0.0,0.0
2022-08-12 14:30:00-04:00,0.6210010051727295,0.6210010051727295,0.6210010051727295,0.6210010051727295,100,0.0,0.0
2022-08-12 15:30:00-04:00,0.6209999918937683,0.6309999823570251,0.6209999918937683,0.6309999823570251,4575,0.0,0.0
2022-08-15 09:30:00-04:00,0.6309999823570251,0.6681489944458008,0.6309999823570251,0.6367999911308289,7527,0.0,0.0
2022-08-15 10:30:00-04:00,0.6549000144004822,0.6549000144004822,0.6549000144004822,0.6549000144004822,1060,0.0,0.0
2022-08-15 11:30:00-04:00,0.6499999761581421,0.6499999761581421,0.6499999761581421,0.6499999761581421,174,0.0,0.0
2022-08-15 12:30:00-04:00,0.6371999979019165,0.6499999761581421,0.6371999979019165,0.6499999761581421,209,0.0,0.0
2022-08-15 13:30:00-04:00,0.6499999761581421,0.6505060195922852,0.6499999761581421,0.6505060195922852,1659,0.0,0.0
2022-08-15 14:30:00-04:00,0.6401000022888184,0.640500009059906,0.6401000022888184,0.640500009059906,481,0.0,0.0
2022-08-15 15:30:00-04:00,0.6608999967575073,0.6608999967575073,0.6608999967575073,0.6608999967575073,0,0.0,0.0
2022-08-16 10:30:00-04:00,0.6401000022888184,0.6626999974250793,0.6212000250816345,0.6399999856948853,7656,0.0,0.0
2022-08-16 12:30:00-04:00,0.6299999952316284,0.6299999952316284,0.6270989775657654,0.6270989775657654,2100,0.0,0.0
2022-08-16 13:30:00-04:00,0.6318989992141724,0.6638000011444092,0.6318989992141724,0.6621999740600586,26214,0.0,0.0
2022-08-16 14:30:00-04:00,0.6449999809265137,0.6452999711036682,0.6449999809265137,0.6449999809265137,3629,0.0,0.0
2022-08-16 15:30:00-04:00,0.6452999711036682,0.6638000011444092,0.6452000141143799,0.6499999761581421,0,0.0,0.0
2022-08-17 09:30:00-04:00,0.6499999761581421,0.6499999761581421,0.6499999761581421,0.6499999761581421,229,0.0,0.0
2022-08-17 11:30:00-04:00,0.6209999918937683,0.6305009722709656,0.6209999918937683,0.6305009722709656,563,0.0,0.0
2022-08-17 12:30:00-04:00,0.6299999952316284,0.6299999952316284,0.6299999952316284,0.6299999952316284,429,0.0,0.0
2022-08-18 09:30:00-04:00,0.6304929852485657,0.6305000185966492,0.6304929852485657,0.6305000185966492,939,0.0,0.0
2022-08-18 10:30:00-04:00,0.6305999755859375,0.6305999755859375,0.6305000185966492,0.6305999755859375,10479,0.0,0.0
2022-08-18 11:30:00-04:00,0.6305000185966492,0.6305000185966492,0.6305000185966492,0.6305000185966492,220,0.0,0.0
2022-08-18 12:30:00-04:00,0.6305000185966492,0.6309760212898254,0.6305000185966492,0.6305000185966492,1573,0.0,0.0
2022-08-18 14:30:00-04:00,0.6399000287055969,0.6399000287055969,0.6399000287055969,0.6399000287055969,310,0.0,0.0
2022-08-18 15:30:00-04:00,0.6305999755859375,0.6305999755859375,0.6305000185966492,0.6305000185966492,401,0.0,0.0
2022-08-19 09:30:00-04:00,0.6217759847640991,0.6305509805679321,0.6217759847640991,0.6299999952316284,3920,0.0,0.0
2022-08-19 10:30:00-04:00,0.6211000084877014,0.6300010085105896,0.6200000047683716,0.6299999952316284,10665,0.0,0.0
2022-08-19 11:30:00-04:00,0.6201009750366211,0.6201009750366211,0.6201009750366211,0.6201009750366211,400,0.0,0.0
2022-08-22 09:30:00-04:00,0.6299999952316284,0.6299999952316284,0.6110000014305115,0.6110000014305115,13567,0.0,0.0
2022-08-22 10:30:00-04:00,0.6140000224113464,0.6140000224113464,0.6137999892234802,0.6137999892234802,1142,0.0,0.0
2022-08-22 11:30:00-04:00,0.6151009798049927,0.6261000037193298,0.6151009798049927,0.6260989904403687,1415,0.0,0.0
2022-08-22 12:30:00-04:00,0.6151009798049927,0.6151009798049927,0.6060000061988831,0.6060000061988831,871,0.0,0.0
2022-08-22 13:30:00-04:00,0.6101009845733643,0.6101009845733643,0.6101009845733643,0.6101009845733643,500,0.0,0.0
2022-08-22 14:30:00-04:00,0.6150000095367432,0.6150000095367432,0.6150000095367432,0.6150000095367432,0,0.0,0.0
2022-08-23 09:30:00-04:00,0.6201000213623047,0.620199978351593,0.6200000047683716,0.6200000047683716,3109,0.0,0.0
2022-08-23 11:30:00-04:00,0.6201000213623047,0.6201000213623047,0.6201000213623047,0.6201000213623047,102,0.0,0.0
2022-08-23 12:30:00-04:00,0.6200000047683716,0.6201000213623047,0.6200000047683716,0.6200000047683716,750,0.0,0.0
2022-08-23 13:30:00-04:00,0.6200000047683716,0.6200000047683716,0.6200000047683716,0.6200000047683716,1576,0.0,0.0
2022-08-24 10:30:00-04:00,0.6200000047683716,0.6200000047683716,0.6150000095367432,0.6200000047683716,2855,0.0,0.0
2022-08-24 11:30:00-04:00,0.6200000047683716,0.6200000047683716,0.6200000047683716,0.6200000047683716,424,0.0,0.0
2022-08-24 12:30:00-04:00,0.6200000047683716,0.6200000047683716,0.6200000047683716,0.6200000047683716,100,0.0,0.0
2022-08-24 15:30:00-04:00,0.6200000047683716,0.6200000047683716,0.6200000047683716,0.6200000047683716,200,0.0,0.0
2022-08-25 10:30:00-04:00,0.6151999831199646,0.6205999851226807,0.6151999831199646,0.6205999851226807,200,0.0,0.0
2022-08-25 11:30:00-04:00,0.6205999851226807,0.6205999851226807,0.6205999851226807,0.6205999851226807,1062,0.0,0.0
2022-08-25 13:30:00-04:00,0.6205999851226807,0.6205999851226807,0.6205999851226807,0.6205999851226807,251,0.0,0.0
2022-08-25 14:30:00-04:00,0.6261000037193298,0.6299999952316284,0.6150000095367432,0.6299999952316284,3854,0.0,0.0
2022-08-25 15:30:00-04:00,0.6107000112533569,0.61080002784729,0.6107000112533569,0.61080002784729,0,0.0,0.0
2022-08-26 11:30:00-04:00,0.6150000095367432,0.6150000095367432,0.6150000095367432,0.6150000095367432,209,0.0,0.0
2022-08-26 12:30:00-04:00,0.6150000095367432,0.6150000095367432,0.6060000061988831,0.6060000061988831,5695,0.0,0.0
2022-08-26 13:30:00-04:00,0.6060000061988831,0.6060000061988831,0.6060000061988831,0.6060000061988831,1230,0.0,0.0
2022-08-26 14:30:00-04:00,0.6060000061988831,0.6060000061988831,0.6060000061988831,0.6060000061988831,600,0.0,0.0
2022-08-26 15:30:00-04:00,0.6060000061988831,0.6065000295639038,0.6050000190734863,0.6065000295639038,3438,0.0,0.0
2022-08-29 09:30:00-04:00,0.6061000227928162,0.6061000227928162,0.6061000227928162,0.6061000227928162,1000,0.0,0.0
2022-08-29 10:30:00-04:00,0.6323000192642212,0.6323000192642212,0.6200000047683716,0.6212000250816345,5800,0.0,0.0
2022-08-29 13:30:00-04:00,0.6127510070800781,0.6127510070800781,0.6127510070800781,0.6127510070800781,124,0.0,0.0
2022-08-29 15:30:00-04:00,0.6060000061988831,0.6061000227928162,0.6060000061988831,0.6061000227928162,1286,0.0,0.0
2022-08-30 09:30:00-04:00,0.6100000143051147,0.6100999712944031,0.6100000143051147,0.6100999712944031,4867,0.0,0.0
2022-08-30 10:30:00-04:00,0.625,0.625,0.6100000143051147,0.6100000143051147,2103,0.0,0.0
2022-08-30 11:30:00-04:00,0.6100999712944031,0.6100999712944031,0.6100999712944031,0.6100999712944031,450,0.0,0.0
2022-08-30 13:30:00-04:00,0.6100000143051147,0.6100000143051147,0.6100000143051147,0.6100000143051147,700,0.0,0.0
2022-08-30 14:30:00-04:00,0.6100000143051147,0.6100000143051147,0.6100000143051147,0.6100000143051147,200,0.0,0.0
2022-08-31 09:30:00-04:00,0.6061009764671326,0.6061009764671326,0.6061009764671326,0.6061009764671326,2986,0.0,0.0
2022-08-31 12:30:00-04:00,0.6069999933242798,0.6069999933242798,0.6069999933242798,0.6069999933242798,249,0.0,0.0
2022-09-01 09:30:00-04:00,0.6060000061988831,0.6060000061988831,0.6060000061988831,0.6060000061988831,6365,0.0,0.0
2022-09-01 13:30:00-04:00,0.6061000227928162,0.6072999835014343,0.6061000227928162,0.6072999835014343,1538,0.0,0.0
2022-09-01 14:30:00-04:00,0.6069999933242798,0.6069999933242798,0.6069999933242798,0.6069999933242798,0,0.0,0.0
2022-09-02 09:30:00-04:00,0.6060000061988831,0.6061999797821045,0.6060000061988831,0.6061999797821045,2093,0.0,0.0
2022-09-02 10:30:00-04:00,0.628000020980835,0.628000020980835,0.628000020980835,0.628000020980835,300,0.0,0.0
2022-09-02 11:30:00-04:00,0.6169989705085754,0.6169989705085754,0.6169989705085754,0.6169989705085754,106,0.0,0.0
2022-09-06 09:30:00-04:00,0.6299999952316284,0.6322770118713379,0.6129999756813049,0.6129999756813049,11161,0.0,0.0
2022-09-06 10:30:00-04:00,0.613099992275238,0.6133999824523926,0.613099992275238,0.613099992275238,2728,0.0,0.0
2022-09-07 09:30:00-04:00,0.6150000095367432,0.6299999952316284,0.6150000095367432,0.6299999952316284,3003,0.0,0.0
2022-09-07 10:30:00-04:00,0.6299999952316284,0.6323000192642212,0.6299999952316284,0.6323000192642212,3522,0.0,0.0
2022-09-07 11:30:00-04:00,0.6384999752044678,0.6384999752044678,0.6200000047683716,0.6200000047683716,295,0.0,0.0
2022-09-07 14:30:00-04:00,0.6299999952316284,0.6499999761581421,0.6299999952316284,0.6499999761581421,12272,0.0,0.0
2022-09-07 15:30:00-04:00,0.6401010155677795,0.6401010155677795,0.6401010155677795,0.6401010155677795,0,0.0,0.0
2022-09-08 09:30:00-04:00,0.6600000262260437,0.6600000262260437,0.6500999927520752,0.6500999927520752,4098,0.0,0.0
2022-09-08 10:30:00-04:00,0.6499999761581421,0.6500999927520752,0.6499999761581421,0.6500999927520752,400,0.0,0.0
2022-09-08 11:30:00-04:00,0.6500999927520752,0.6548500061035156,0.6399999856948853,0.6548500061035156,5865,0.0,0.0
2022-09-08 12:30:00-04:00,0.6301000118255615,0.6301000118255615,0.6100000143051147,0.6100000143051147,3972,0.0,0.0
2022-09-08 13:30:00-04:00,0.6050000190734863,0.6298990249633789,0.6050000190734863,0.6298990249633789,6596,0.0,0.0
2022-09-08 14:30:00-04:00,0.6100000143051147,0.6299989819526672,0.6010000109672546,0.6115999817848206,13914,0.0,0.0
2022-09-08 15:30:00-04:00,0.6010000109672546,0.6298999786376953,0.5964999794960022,0.6029999852180481,0,0.0,0.0
2022-09-09 09:30:00-04:00,0.6100000143051147,0.6116999983787537,0.6000000238418579,0.6100999712944031,6530,0.0,0.0
2022-09-09 10:30:00-04:00,0.6098989844322205,0.6098989844322205,0.5965999960899353,0.5965999960899353,8529,0.0,0.0
2022-09-09 11:30:00-04:00,0.6100000143051147,0.6100000143051147,0.6098999977111816,0.6098999977111816,2542,0.0,0.0
2022-09-09 13:30:00-04:00,0.59859299659729,0.59859299659729,0.5964999794960022,0.5964999794960022,442,0.0,0.0
2022-09-09 14:30:00-04:00,0.597000002861023,0.5985999703407288,0.5950000286102295,0.5950000286102295,16314,0.0,0.0
2022-09-09 15:30:00-04:00,0.5900160074234009,0.5900999903678894,0.5899999737739563,0.5899999737739563,3200,0.0,0.0
2022-09-12 09:30:00-04:00,0.5900009870529175,0.5906000137329102,0.5900009870529175,0.5906000137329102,4732,0.0,0.0
2022-09-12 11:30:00-04:00,0.6098999977111816,0.6098999977111816,0.6098999977111816,0.6098999977111816,1988,0.0,0.0
2022-09-12 12:30:00-04:00,0.5910000205039978,0.5910000205039978,0.5910000205039978,0.5910000205039978,149,0.0,0.0
2022-09-12 13:30:00-04:00,0.5920000076293945,0.5920000076293945,0.5920000076293945,0.5920000076293945,100,0.0,0.0
2022-09-12 14:30:00-04:00,0.619700014591217,0.619700014591217,0.6194999814033508,0.6194999814033508,0,0.0,0.0
2022-09-13 09:30:00-04:00,0.6194000244140625,0.6248000264167786,0.6194000244140625,0.6248000264167786,1298,0.0,0.0
2022-09-13 10:30:00-04:00,0.6194999814033508,0.6194999814033508,0.6194999814033508,0.6194999814033508,110,0.0,0.0
2022-09-13 13:30:00-04:00,0.6194999814033508,0.6194999814033508,0.6194999814033508,0.6194999814033508,532,0.0,0.0
2022-09-13 14:30:00-04:00,0.6195999979972839,0.6195999979972839,0.6000000238418579,0.6000000238418579,5891,0.0,0.0
2022-09-13 15:30:00-04:00,0.6000000238418579,0.6000000238418579,0.6000000238418579,0.6000000238418579,101,0.0,0.0
2022-09-14 09:30:00-04:00,0.5976999998092651,0.5976999998092651,0.5950000286102295,0.5950000286102295,2816,0.0,0.0
2022-09-14 12:30:00-04:00,0.6000000238418579,0.606656014919281,0.6000000238418579,0.606656014919281,8916,0.0,0.0
2022-09-14 14:30:00-04:00,0.5950000286102295,0.5950000286102295,0.593999981880188,0.593999981880188,1966,0.0,0.0
2022-09-15 09:30:00-04:00,0.6001009941101074,0.6001009941101074,0.6001009941101074,0.6001009941101074,0,0.0,0.0
2022-09-15 10:30:00-04:00,0.6000000238418579,0.6002510190010071,0.5950000286102295,0.5950000286102295,2069,0.0,0.0
2022-09-15 11:30:00-04:00,0.5910000205039978,0.5910000205039978,0.5910000205039978,0.5910000205039978,100,0.0,0.0
2022-09-16 10:30:00-04:00,0.5910009741783142,0.5975000262260437,0.5910009741783142,0.5975000262260437,2951,0.0,0.0
2022-09-16 11:30:00-04:00,0.5910000205039978,0.593949019908905,0.5820000171661377,0.5849999785423279,9579,0.0,0.0
2022-09-16 13:30:00-04:00,0.5849999785423279,0.5849999785423279,0.5849999785423279,0.5849999785423279,115,0.0,0.0
2022-09-16 14:30:00-04:00,0.5849999785423279,0.5849999785423279,0.5849999785423279,0.5849999785423279,200,0.0,0.0
2022-09-16 15:30:00-04:00,0.5999000072479248,0.5999000072479248,0.5849999785423279,0.5849999785423279,3563,0.0,0.0
2022-09-19 09:30:00-04:00,0.6198999881744385,0.6198999881744385,0.6000000238418579,0.60589998960495,6813,0.0,0.0
2022-09-19 10:30:00-04:00,0.6097000241279602,0.6150000095367432,0.6097000241279602,0.6150000095367432,533,0.0,0.0
2022-09-19 11:30:00-04:00,0.6150000095367432,0.6150000095367432,0.6000000238418579,0.6000000238418579,3228,0.0,0.0
2022-09-19 12:30:00-04:00,0.6074000000953674,0.6074000000953674,0.6074000000953674,0.6074000000953674,370,0.0,0.0
2022-09-19 15:30:00-04:00,0.6072989702224731,0.6072989702224731,0.6072989702224731,0.6072989702224731,175,0.0,0.0
2022-09-20 10:30:00-04:00,0.6100000143051147,0.6100000143051147,0.6100000143051147,0.6100000143051147,0,0.0,0.0
2022-09-20 12:30:00-04:00,0.6000000238418579,0.6000000238418579,0.6000000238418579,0.6000000238418579,180,0.0,0.0
2022-09-20 13:30:00-04:00,0.6000000238418579,0.6000000238418579,0.6000000238418579,0.6000000238418579,102,0.0,0.0
2022-09-20 15:30:00-04:00,0.6025000214576721,0.6025000214576721,0.6000000238418579,0.6000000238418579,0,0.0,0.0
2022-09-21 09:30:00-04:00,0.614998996257782,0.614998996257782,0.6000000238418579,0.6000000238418579,4651,0.0,0.0
2022-09-21 10:30:00-04:00,0.5975009799003601,0.5975009799003601,0.5975009799003601,0.5975009799003601,1000,0.0,0.0
2022-09-21 12:30:00-04:00,0.5899999737739563,0.5899999737739563,0.5899999737739563,0.5899999737739563,0,0.0,0.0
2022-09-22 10:30:00-04:00,0.5899999737739563,0.5899999737739563,0.5849999785423279,0.5899999737739563,2541,0.0,0.0
2022-09-22 11:30:00-04:00,0.589900016784668,0.589900016784668,0.589900016784668,0.589900016784668,223,0.0,0.0
2022-09-22 13:30:00-04:00,0.5828009843826294,0.5828009843826294,0.5828009843826294,0.5828009843826294,1550,0.0,0.0
2022-09-22 14:30:00-04:00,0.5884690284729004,0.5884690284729004,0.5884690284729004,0.5884690284729004,229,0.0,0.0
2022-09-23 09:30:00-04:00,0.5799999833106995,0.5799999833106995,0.5799999833106995,0.5799999833106995,2410,0.0,0.0
2022-09-23 10:30:00-04:00,0.5701010227203369,0.5705999732017517,0.5699999928474426,0.5699999928474426,9728,0.0,0.0
2022-09-23 11:30:00-04:00,0.5699999928474426,0.5701000094413757,0.5699999928474426,0.5699999928474426,1265,0.0,0.0
2022-09-23 12:30:00-04:00,0.5699999928474426,0.5699999928474426,0.5699999928474426,0.5699999928474426,101,0.0,0.0
2022-09-23 13:30:00-04:00,0.5700500011444092,0.5701000094413757,0.5220999717712402,0.5361999869346619,69912,0.0,0.0
2022-09-23 14:30:00-04:00,0.5476009845733643,0.5476009845733643,0.5476009845733643,0.5476009845733643,1000,0.0,0.0
2022-09-23 15:30:00-04:00,0.574400007724762,0.574400007724762,0.547448992729187,0.5741000175476074,4787,0.0,0.0
2022-09-26 09:30:00-04:00,0.5718510150909424,0.5718510150909424,0.5300999879837036,0.5598999857902527,3970,0.0,0.0
2022-09-26 10:30:00-04:00,0.5367820262908936,0.5367820262908936,0.5367820262908936,0.5367820262908936,406,0.0,0.0
2022-09-26 11:30:00-04:00,0.5400000214576721,0.5400999784469604,0.5400000214576721,0.5400000214576721,2221,0.0,0.0
2022-09-26 12:30:00-04:00,0.5414000153541565,0.5547000169754028,0.5414000153541565,0.5547000169754028,589,0.0,0.0
2022-09-26 13:30:00-04:00,0.5501000285148621,0.5509999990463257,0.5314000248908997,0.531499981880188,5271,0.0,0.0
2022-09-26 14:30:00-04:00,0.5401009917259216,0.5401009917259216,0.5299999713897705,0.5300999879837036,17562,0.0,0.0
2022-09-26 15:30:00-04:00,0.5598000288009644,0.5598000288009644,0.5598000288009644,0.5598000288009644,100,0.0,0.0
2022-09-27 10:30:00-04:00,0.5213000178337097,0.5497000217437744,0.5213000178337097,0.5497000217437744,0,0.0,0.0
2022-09-28 10:30:00-04:00,0.5213009715080261,0.5213009715080261,0.5213009715080261,0.5213009715080261,360,0.0,0.0
2022-09-28 11:30:00-04:00,0.5228000283241272,0.5254999995231628,0.5149999856948853,0.5199999809265137,14838,0.0,0.0
2022-09-28 12:30:00-04:00,0.5166000127792358,0.5166000127792358,0.46000000834465027,0.4998989999294281,15388,0.0,0.0
2022-09-28 13:30:00-04:00,0.4994499981403351,0.4994499981403351,0.48399999737739563,0.48399999737739563,5999,0.0,0.0
2022-09-28 14:30:00-04:00,0.48410001397132874,0.48410001397132874,0.48399999737739563,0.48399999737739563,305,0.0,0.0
2022-09-28 15:30:00-04:00,0.48410001397132874,0.4977000057697296,0.48410001397132874,0.4977000057697296,0,0.0,0.0
2022-09-29 09:30:00-04:00,0.4860000014305115,0.5105000138282776,0.4860000014305115,0.5103999972343445,2890,0.0,0.0
2022-09-29 11:30:00-04:00,0.5103999972343445,0.5103999972343445,0.5103999972343445,0.5103999972343445,500,0.0,0.0
2022-09-29 12:30:00-04:00,0.4900999963283539,0.4900999963283539,0.4900999963283539,0.4900999963283539,143,0.0,0.0
2022-09-29 13:30:00-04:00,0.5,0.5,0.5,0.5,100,0.0,0.0
2022-09-29 14:30:00-04:00,0.5001000165939331,0.5001000165939331,0.5001000165939331,0.5001000165939331,749,0.0,0.0
2022-09-29 15:30:00-04:00,0.510200023651123,0.510200023651123,0.5100989937782288,0.5100989937782288,0,0.0,0.0
2022-10-03 09:30:00-04:00,0.48010000586509705,0.48010000586509705,0.47999998927116394,0.48010000586509705,4224,0.0,0.0
2022-10-03 10:30:00-04:00,0.48030000925064087,0.48030000925064087,0.48030000925064087,0.48030000925064087,1246,0.0,0.0
2022-10-03 11:30:00-04:00,0.48030000925064087,0.5024999976158142,0.48030000925064087,0.5024999976158142,15823,0.0,0.0
2022-10-03 12:30:00-04:00,0.5024999976158142,0.5024999976158142,0.5024999976158142,0.5024999976158142,0,0.0,0.0
2022-10-04 11:30:00-04:00,0.5,0.5,0.5,0.5,1252,0.0,0.0
2022-10-04 13:30:00-04:00,0.49010100960731506,0.5,0.47999998927116394,0.47999998927116394,0,0.0,0.0
2022-10-05 12:30:00-04:00,0.5041009783744812,0.5041009783744812,0.5040000081062317,0.5040000081062317,789,0.0,0.0
2022-10-05 13:30:00-04:00,0.47999998927116394,0.47999998927116394,0.47999998927116394,0.47999998927116394,101,0.0,0.0
2022-10-05 15:30:00-04:00,0.48010098934173584,0.48010098934173584,0.48010098934173584,0.48010098934173584,0,0.0,0.0
2022-10-06 09:30:00-04:00,0.5040000081062317,0.5040000081062317,0.5040000081062317,0.5040000081062317,191,0.0,0.0
2022-10-06 11:30:00-04:00,0.49000000953674316,0.49000000953674316,0.49000000953674316,0.49000000953674316,128,0.0,0.0
2022-10-07 09:30:00-04:00,0.49010100960731506,0.49010100960731506,0.4900999963283539,0.4900999963283539,383,0.0,0.0
2022-10-07 10:30:00-04:00,0.4900999963283539,0.4900999963283539,0.4900999963283539,0.4900999963283539,1022,0.0,0.0
2022-10-07 13:30:00-04:00,0.49000000953674316,0.49000000953674316,0.49000000953674316,0.49000000953674316,115,0.0,0.0
2022-10-07 15:30:00-04:00,0.49000000953674316,0.49000000953674316,0.49000000953674316,0.49000000953674316,120,0.0,0.0
2022-10-10 09:30:00-04:00,0.4900999963283539,0.4968000054359436,0.4900999963283539,0.4968000054359436,0,0.0,0.0
2022-10-10 10:30:00-04:00,0.49345099925994873,0.49345099925994873,0.4903999865055084,0.4903999865055084,800,0.0,0.0
2022-10-10 12:30:00-04:00,0.4903999865055084,0.4903999865055084,0.4903999865055084,0.4903999865055084,280,0.0,0.0
2022-10-10 14:30:00-04:00,0.4900999963283539,0.4900999963283539,0.49000000953674316,0.49000000953674316,569,0.0,0.0
2022-10-10 15:30:00-04:00,0.4909000098705292,0.4909000098705292,0.49000000953674316,0.49000000953674316,1128,0.0,0.0
2022-10-11 09:30:00-04:00,0.49010100960731506,0.49010100960731506,0.49010100960731506,0.49010100960731506,0,0.0,0.0
2022-10-11 10:30:00-04:00,0.5074999928474426,0.5074999928474426,0.5074999928474426,0.5074999928474426,103,0.0,0.0
2022-10-11 11:30:00-04:00,0.49000000953674316,0.49000000953674316,0.49000000953674316,0.49000000953674316,0,0.0,0.0
2022-10-12 09:30:00-04:00,0.5068989992141724,0.5068989992141724,0.5068989992141724,0.5068989992141724,502,0.0,0.0
2022-10-12 10:30:00-04:00,0.49000000953674316,0.490200012922287,0.49000000953674316,0.490200012922287,1047,0.0,0.0
2022-10-12 12:30:00-04:00,0.5055999755859375,0.5055999755859375,0.5055999755859375,0.5055999755859375,185,0.0,0.0
2022-10-12 15:30:00-04:00,0.5,0.5,0.5,0.5,0,0.0,0.0
2022-10-13 10:30:00-04:00,0.5047000050544739,0.5047000050544739,0.5,0.5,2075,0.0,0.0
2022-10-13 13:30:00-04:00,0.5,0.5,0.48100000619888306,0.48100000619888306,8197,0.0,0.0
2022-10-13 14:30:00-04:00,0.4810999929904938,0.4810999929904938,0.48100000619888306,0.48100000619888306,1800,0.0,0.0
2022-10-13 15:30:00-04:00,0.48100000619888306,0.48100000619888306,0.48100000619888306,0.48100000619888306,1154,0.0,0.0
2022-10-14 10:30:00-04:00,0.4900999963283539,0.4900999963283539,0.489998996257782,0.489998996257782,366,0.0,0.0
2022-10-14 11:30:00-04:00,0.48100000619888306,0.48100000619888306,0.48100000619888306,0.48100000619888306,936,0.0,0.0
2022-10-17 09:30:00-04:00,0.482699990272522,0.482699990272522,0.482699990272522,0.482699990272522,1226,0.0,0.0
2022-10-17 10:30:00-04:00,0.4999000132083893,0.4999000132083893,0.4999000132083893,0.4999000132083893,200,0.0,0.0
2022-10-17 11:30:00-04:00,0.4999000132083893,0.4999000132083893,0.4999000132083893,0.4999000132083893,100,0.0,0.0
2022-10-17 12:30:00-04:00,0.49654000997543335,0.49654000997543335,0.49654000997543335,0.49654000997543335,205,0.0,0.0
2022-10-18 09:30:00-04:00,0.5,0.5000100135803223,0.4999000132083893,0.5000100135803223,376,0.0,0.0
2022-10-18 11:30:00-04:00,0.49000000953674316,0.49670401215553284,0.49000000953674316,0.49000000953674316,3341,0.0,0.0
2022-10-18 14:30:00-04:00,0.5,0.5139999985694885,0.5,0.5139999985694885,0,0.0,0.0
2022-10-19 09:30:00-04:00,0.5188999772071838,0.5188999772071838,0.5188999772071838,0.5188999772071838,278,0.0,0.0
2022-10-19 10:30:00-04:00,0.5099999904632568,0.5099999904632568,0.5098999738693237,0.5099999904632568,2891,0.0,0.0
2022-10-19 11:30:00-04:00,0.5099999904632568,0.5099999904632568,0.5099999904632568,0.5099999904632568,423,0.0,0.0
2022-10-19 14:30:00-04:00,0.5099999904632568,0.5099999904632568,0.5099999904632568,0.5099999904632568,100,0.0,0.0
2022-10-20 09:30:00-04:00,0.49709999561309814,0.49709999561309814,0.4932590126991272,0.4932590126991272,0,0.0,0.0
2022-10-20 12:30:00-04:00,0.5090000033378601,0.5090000033378601,0.5090000033378601,0.5090000033378601,0,0.0,0.0
2022-10-21 10:30:00-04:00,0.4959000051021576,0.4959000051021576,0.4959000051021576,0.4959000051021576,524,0.0,0.0
2022-10-21 12:30:00-04:00,0.4959000051021576,0.4959000051021576,0.4959000051021576,0.4959000051021576,427,0.0,0.0
2022-10-21 13:30:00-04:00,0.49300000071525574,0.49309998750686646,0.48399999737739563,0.48399999737739563,3480,0.0,0.0
2022-10-21 14:30:00-04:00,0.48399999737739563,0.484499990940094,0.48010000586509705,0.48019999265670776,7557,0.0,0.0
2022-10-21 15:30:00-04:00,0.48019999265670776,0.48100000619888306,0.47999998927116394,0.47999998927116394,4384,0.0,0.0
2022-10-24 09:30:00-04:00,0.5016000270843506,0.5016000270843506,0.47200000286102295,0.47999998927116394,4655,0.0,0.0
2022-10-24 10:30:00-04:00,0.47200000286102295,0.47200000286102295,0.47200000286102295,0.47200000286102295,332,0.0,0.0
2022-10-24 11:30:00-04:00,0.47200000286102295,0.47200000286102295,0.47200000286102295,0.47200000286102295,178,0.0,0.0
2022-10-24 15:30:00-04:00,0.47209998965263367,0.47209998965263367,0.47200000286102295,0.47209998965263367,1164,0.0,0.0
2022-10-25 11:30:00-04:00,0.47200000286102295,0.4722999930381775,0.47200000286102295,0.4722999930381775,2046,0.0,0.0
2022-10-26 10:30:00-04:00,0.47200000286102295,0.47200000286102295,0.47200000286102295,0.47200000286102295,10090,0.0,0.0
2022-10-26 12:30:00-04:00,0.4834490120410919,0.4834490120410919,0.4834490120410919,0.4834490120410919,230,0.0,0.0
2022-10-26 13:30:00-04:00,0.4731999933719635,0.4731999933719635,0.4729999899864197,0.4729999899864197,214,0.0,0.0
2022-10-27 10:30:00-04:00,0.48010098934173584,0.48010098934173584,0.48010098934173584,0.48010098934173584,80,0.0,0.0
2022-10-27 14:30:00-04:00,0.4850499927997589,0.48989999294281006,0.48010000586509705,0.48010000586509705,1160,0.0,0.0
2022-10-27 15:30:00-04:00,0.48010000586509705,0.48010000586509705,0.48010000586509705,0.48010000586509705,600,0.0,0.0
2022-10-28 09:30:00-04:00,0.48010000586509705,0.48010000586509705,0.4729999899864197,0.4729999899864197,1305,0.0,0.0
2022-10-28 11:30:00-04:00,0.4742000102996826,0.4815010130405426,0.4729999899864197,0.4731000065803528,15243,0.0,0.0
2022-10-28 14:30:00-04:00,0.47999998927116394,0.47999998927116394,0.47999998927116394,0.47999998927116394,100,0.0,0.0
2022-10-31 10:30:00-04:00,0.48010000586509705,0.48010000586509705,0.48010000586509705,0.48010000586509705,308,0.0,0.0
2022-10-31 11:30:00-04:00,0.48010000586509705,0.48010000586509705,0.48010000586509705,0.48010000586509705,296,0.0,0.0
2022-10-31 13:30:00-04:00,0.48010000586509705,0.48010000586509705,0.48010000586509705,0.48010000586509705,0,0.0,0.0
2022-11-01 10:30:00-04:00,0.4731000065803528,0.4731000065803528,0.4731000065803528,0.4731000065803528,2946,0.0,0.0
2022-11-01 12:30:00-04:00,0.4729999899864197,0.4729999899864197,0.4610010087490082,0.4610010087490082,0,0.0,0.0
2022-11-02 09:30:00-04:00,0.4699999988079071,0.4700999855995178,0.4699999988079071,0.4700999855995178,2143,0.0,0.0
2022-11-02 13:30:00-04:00,0.4699999988079071,0.4699999988079071,0.4699999988079071,0.4699999988079071,133,0.0,0.0
2022-11-02 14:30:00-04:00,0.4699999988079071,0.47075098752975464,0.46000000834465027,0.46000000834465027,2345,0.0,0.0
2022-11-02 15:30:00-04:00,0.46000000834465027,0.46000000834465027,0.46000000834465027,0.46000000834465027,103,0.0,0.0
2022-11-03 09:30:00-04:00,0.47999900579452515,0.47999900579452515,0.4799000024795532,0.4799000024795532,0,0.0,0.0
2022-11-03 10:30:00-04:00,0.47999998927116394,0.47999998927116394,0.46000000834465027,0.46000000834465027,1145,0.0,0.0
2022-11-04 12:30:00-04:00,0.4776749908924103,0.47999998927116394,0.4776749908924103,0.47999998927116394,4511,0.0,0.0
2022-11-04 14:30:00-04:00,0.47999998927116394,0.47999998927116394,0.47999998927116394,0.47999998927116394,2000,0.0,0.0
2022-11-07 09:30:00-05:00,0.4961000084877014,0.4999000132083893,0.46788498759269714,0.46788498759269714,0,0.0,0.0
2022-11-07 11:30:00-05:00,0.4700999855995178,0.4700999855995178,0.4700999855995178,0.4700999855995178,234,0.0,0.0
2022-11-07 12:30:00-05:00,0.46000000834465027,0.46000000834465027,0.45989999175071716,0.45989999175071716,0,0.0,0.0
2022-11-08 09:30:00-05:00,0.44999998807907104,0.44999998807907104,0.4440000057220459,0.4472000002861023,3726,0.0,0.0
2022-11-08 11:30:00-05:00,0.44999998807907104,0.450300008058548,0.44999998807907104,0.450300008058548,1261,0.0,0.0
2022-11-08 12:30:00-05:00,0.4490000009536743,0.4490000009536743,0.4490000009536743,0.4490000009536743,169,0.0,0.0
2022-11-09 09:30:00-05:00,0.4491010010242462,0.4491010010242462,0.4491010010242462,0.4491010010242462,0,0.0,0.0
2022-11-09 10:30:00-05:00,0.4648999869823456,0.4650000035762787,0.4648999869823456,0.4650000035762787,675,0.0,0.0
2022-11-09 14:30:00-05:00,0.45510101318359375,0.45522499084472656,0.4440000057220459,0.4440000057220459,6455,0.0,0.0
2022-11-09 15:30:00-05:00,0.44200000166893005,0.44200000166893005,0.44200000166893005,0.44200000166893005,349,0.0,0.0
2022-11-10 09:30:00-05:00,0.4410000145435333,0.44110000133514404,0.4246000051498413,0.4246000051498413,9483,0.0,0.0
2022-11-10 11:30:00-05:00,0.4399999976158142,0.4399999976158142,0.4349989891052246,0.4349989891052246,1212,0.0,0.0
2022-11-10 12:30:00-05:00,0.43970298767089844,0.4399990141391754,0.43970298767089844,0.4399990141391754,1267,0.0,0.0
2022-11-10 14:30:00-05:00,0.43504899740219116,0.4399990141391754,0.43504899740219116,0.4399990141391754,610,0.0,0.0
2022-11-10 15:30:00-05:00,0.4398989975452423,0.4398989975452423,0.4300999939441681,0.4300999939441681,0,0.0,0.0
2022-11-11 09:30:00-05:00,0.4300000071525574,0.4300000071525574,0.421999990940094,0.421999990940094,2693,0.0,0.0
2022-11-11 12:30:00-05:00,0.4221009910106659,0.42399999499320984,0.41029998660087585,0.4194999933242798,7180,0.0,0.0
2022-11-11 13:30:00-05:00,0.4101000130176544,0.4101000130176544,0.4101000130176544,0.4101000130176544,1581,0.0,0.0
2022-11-11 14:30:00-05:00,0.41005000472068787,0.41999998688697815,0.41005000472068787,0.4156000018119812,10289,0.0,0.0
2022-11-11 15:30:00-05:00,0.41999998688697815,0.41999998688697815,0.41499999165534973,0.41510000824928284,10685,0.0,0.0
2022-11-14 09:30:00-05:00,0.4357999861240387,0.4357999861240387,0.42989999055862427,0.42989999055862427,658,0.0,0.0
2022-11-14 12:30:00-05:00,0.4262999892234802,0.4262999892234802,0.4244990050792694,0.4244990050792694,0,0.0,0.0
2022-11-15 09:30:00-05:00,0.42899999022483826,0.42899999022483826,0.42890000343322754,0.42899999022483826,8251,0.0,0.0
2022-11-15 10:30:00-05:00,0.42559999227523804,0.42559999227523804,0.42559999227523804,0.42559999227523804,5000,0.0,0.0
2022-11-15 13:30:00-05:00,0.4300999939441681,0.4300999939441681,0.4300999939441681,0.4300999939441681,400,0.0,0.0
2022-11-15 14:30:00-05:00,0.4277999997138977,0.4277999997138977,0.4277999997138977,0.4277999997138977,0,0.0,0.0
2022-11-16 09:30:00-05:00,0.4278999865055084,0.4278999865055084,0.4278999865055084,0.4278999865055084,629,0.0,0.0
2022-11-16 10:30:00-05:00,0.42800000309944153,0.42800000309944153,0.42800000309944153,0.42800000309944153,106,0.0,0.0
2022-11-16 11:30:00-05:00,0.427949994802475,0.427949994802475,0.4278999865055084,0.4278999865055084,802,0.0,0.0
2022-11-16 12:30:00-05:00,0.4256010055541992,0.4256010055541992,0.4255000054836273,0.4255000054836273,0,0.0,0.0
2022-11-17 12:30:00-05:00,0.4300000071525574,0.4300999939441681,0.42559999227523804,0.4300999939441681,3406,0.0,0.0
2022-11-17 15:30:00-05:00,0.4300000071525574,0.4300000071525574,0.4300000071525574,0.4300000071525574,400,0.0,0.0
2022-11-18 09:30:00-05:00,0.4256010055541992,0.4256010055541992,0.4256010055541992,0.4256010055541992,639,0.0,0.0
2022-11-18 10:30:00-05:00,0.4255000054836273,0.42559999227523804,0.4255000054836273,0.42559999227523804,4624,0.0,0.0
2022-11-18 13:30:00-05:00,0.42010098695755005,0.42010098695755005,0.42010098695755005,0.42010098695755005,180,0.0,0.0
2022-11-18 14:30:00-05:00,0.41999998688697815,0.41999998688697815,0.41999998688697815,0.41999998688697815,470,0.0,0.0
2022-11-21 09:30:00-05:00,0.4120100140571594,0.4120100140571594,0.4120100140571594,0.4120100140571594,0,0.0,0.0
2022-11-21 10:30:00-05:00,0.4150010049343109,0.4225510060787201,0.4150010049343109,0.4225510060787201,511,0.0,0.0
2022-11-22 09:30:00-05:00,0.4210509955883026,0.4210509955883026,0.41200000047683716,0.4166159927845001,3050,0.0,0.0
2022-11-22 10:30:00-05:00,0.421099990606308,0.421099990606308,0.421099990606308,0.421099990606308,1081,0.0,0.0
2022-11-22 12:30:00-05:00,0.41989898681640625,0.41989898681640625,0.41989898681640625,0.41989898681640625,200,0.0,0.0
2022-11-22 13:30:00-05:00,0.41200000047683716,0.41200000047683716,0.41100001335144043,0.4110499918460846,4387,0.0,0.0
2022-11-22 15:30:00-05:00,0.41100001335144043,0.41100001335144043,0.41100001335144043,0.41100001335144043,100,0.0,0.0
2022-11-23 09:30:00-05:00,0.39899998903274536,0.41100001335144043,0.39899998903274536,0.4000000059604645,9871,0.0,0.0
2022-11-23 10:30:00-05:00,0.4000000059604645,0.42289999127388,0.4000000059604645,0.42289999127388,4159,0.0,0.0
2022-11-23 11:30:00-05:00,0.4000000059604645,0.4000000059604645,0.4000000059604645,0.4000000059604645,101,0.0,0.0
2022-11-23 13:30:00-05:00,0.4109500050544739,0.4109500050544739,0.4109500050544739,0.4109500050544739,259,0.0,0.0
2022-11-23 14:30:00-05:00,0.42179998755455017,0.42179998755455017,0.42179998755455017,0.42179998755455017,1481,0.0,0.0
2022-11-25 09:30:00-05:00,0.421999990940094,0.421999990940094,0.41499999165534973,0.41499999165534973,0,0.0,0.0
2022-11-28 09:30:00-05:00,0.4000000059604645,0.414900004863739,0.38999998569488525,0.3919999897480011,2155,0.0,0.0
2022-11-28 10:30:00-05:00,0.40525001287460327,0.4081000089645386,0.40525001287460327,0.4081000089645386,6364,0.0,0.0
2022-11-28 11:30:00-05:00,0.40610000491142273,0.40610000491142273,0.4059999883174896,0.4059999883174896,1582,0.0,0.0
2022-11-28 15:30:00-05:00,0.40610000491142273,0.40610000491142273,0.40299999713897705,0.40299999713897705,1200,0.0,0.0
2022-11-29 09:30:00-05:00,0.4020000100135803,0.4020000100135803,0.4020000100135803,0.4020000100135803,0,0.0,0.0
2022-11-29 14:30:00-05:00,0.4221000075340271,0.4221000075340271,0.4221000075340271,0.4221000075340271,133,0.0,0.0
2022-11-29 15:30:00-05:00,0.4221000075340271,0.4221000075340271,0.4219000041484833,0.4219000041484833,707,0.0,0.0
2022-11-30 09:30:00-05:00,0.4219000041484833,0.4219000041484833,0.4008989930152893,0.4008989930152893,2056,0.0,0.0
2022-11-30 11:30:00-05:00,0.42149999737739563,0.42149999737739563,0.4212999939918518,0.4212999939918518,1506,0.0,0.0
2022-11-30 13:30:00-05:00,0.39100098609924316,0.39100098609924316,0.39100098609924316,0.39100098609924316,311,0.0,0.0
2022-11-30 14:30:00-05:00,0.4104999899864197,0.4104999899864197,0.4104999899864197,0.4104999899864197,212,0.0,0.0
2022-11-30 15:30:00-05:00,0.4195989966392517,0.4195989966392517,0.40529999136924744,0.40529999136924744,0,0.0,0.0
2022-12-01 09:30:00-05:00,0.41990000009536743,0.41999998688697815,0.39100998640060425,0.39100998640060425,10649,0.0,0.0
2022-12-01 10:30:00-05:00,0.4058000147342682,0.4058000147342682,0.4058000147342682,0.4058000147342682,167,0.0,0.0
2022-12-01 11:30:00-05:00,0.41940000653266907,0.41940000653266907,0.39100000262260437,0.39100000262260437,10246,0.0,0.0
2022-12-01 12:30:00-05:00,0.3910500109195709,0.3910999894142151,0.39100000262260437,0.39100000262260437,776,0.0,0.0
2022-12-01 14:30:00-05:00,0.3910999894142151,0.4000000059604645,0.39100000262260437,0.4000000059604645,1889,0.0,0.0
2022-12-01 15:30:00-05:00,0.3955000042915344,0.4000000059604645,0.3921000063419342,0.4000000059604645,1300,0.0,0.0
2022-12-02 09:30:00-05:00,0.3799999952316284,0.41999998688697815,0.3799999952316284,0.41989898681640625,15269,0.0,0.0
2022-12-02 10:30:00-05:00,0.39010000228881836,0.41990000009536743,0.39010000228881836,0.41990000009536743,947,0.0,0.0
2022-12-02 11:30:00-05:00,0.4138999879360199,0.4189999997615814,0.4138999879360199,0.4189999997615814,350,0.0,0.0
2022-12-02 13:30:00-05:00,0.4189999997615814,0.4189999997615814,0.4189999997615814,0.4189999997615814,410,0.0,0.0
2022-12-02 14:30:00-05:00,0.4189999997615814,0.4189999997615814,0.4189999997615814,0.4189999997615814,200,0.0,0.0
2022-12-05 09:30:00-05:00,0.4099999964237213,0.41909998655319214,0.39010000228881836,0.4000000059604645,9239,0.0,0.0
2022-12-05 10:30:00-05:00,0.39010000228881836,0.4000000059604645,0.3900989890098572,0.39100000262260437,2623,0.0,0.0
2022-12-05 11:30:00-05:00,0.4000000059604645,0.4000000059604645,0.39100098609924316,0.39100098609924316,1711,0.0,0.0
2022-12-05 15:30:00-05:00,0.39149999618530273,0.4099999964237213,0.39149999618530273,0.4099999964237213,7132,0.0,0.0
2022-12-06 09:30:00-05:00,0.4000000059604645,0.4000000059604645,0.3959999978542328,0.4000000059604645,0,0.0,0.0
2022-12-06 11:30:00-05:00,0.39600101113319397,0.39600101113319397,0.3919999897480011,0.3921000063419342,403,0.0,0.0
2022-12-06 12:30:00-05:00,0.3926210105419159,0.3926210105419159,0.39100000262260437,0.39100000262260437,225,0.0,0.0
2022-12-06 13:30:00-05:00,0.39110100269317627,0.39320001006126404,0.39110100269317627,0.39110100269317627,2242,0.0,0.0
2022-12-06 14:30:00-05:00,0.3919999897480011,0.3919999897480011,0.3919999897480011,0.3919999897480011,300,0.0,0.0
2022-12-06 15:30:00-05:00,0.39100000262260437,0.3912999927997589,0.39100000262260437,0.3912999927997589,0,0.0,0.0
2022-12-07 09:30:00-05:00,0.39100000262260437,0.39480000734329224,0.39100000262260437,0.39100000262260437,4200,0.0,0.0
2022-12-07 10:30:00-05:00,0.3903850018978119,0.3903850018978119,0.38999998569488525,0.38999998569488525,640,0.0,0.0
2022-12-07 11:30:00-05:00,0.38499999046325684,0.38499999046325684,0.3255000114440918,0.3441999852657318,22571,0.0,0.0
2022-12-07 12:30:00-05:00,0.3441999852657318,0.37560001015663147,0.3440000116825104,0.37560001015663147,1762,0.0,0.0
2022-12-07 13:30:00-05:00,0.36910098791122437,0.3700000047683716,0.3411000072956085,0.3465999960899353,2601,0.0,0.0
2022-12-07 14:30:00-05:00,0.34389999508857727,0.34389999508857727,0.3411000072956085,0.34389999508857727,3445,0.0,0.0
2022-12-07 15:30:00-05:00,0.35920000076293945,0.37689998745918274,0.35920000076293945,0.37689998745918274,0,0.0,0.0
2022-12-08 09:30:00-05:00,0.3409999907016754,0.39969998598098755,0.3409999907016754,0.39969998598098755,3231,0.0,0.0
2022-12-08 10:30:00-05:00,0.35690000653266907,0.37619999051094055,0.35690000653266907,0.37619999051094055,4327,0.0,0.0
2022-12-08 14:30:00-05:00,0.3935000002384186,0.3935000002384186,0.3933990001678467,0.3933990001678467,2828,0.0,0.0
2022-12-09 09:30:00-05:00,0.40389999747276306,0.40400001406669617,0.40389999747276306,0.40389999747276306,0,0.0,0.0
2022-12-09 10:30:00-05:00,0.38999998569488525,0.38999998569488525,0.38690000772476196,0.38999998569488525,14279,0.0,0.0
2022-12-09 11:30:00-05:00,0.3840000033378601,0.3840000033378601,0.3840000033378601,0.3840000033378601,407,0.0,0.0
2022-12-09 12:30:00-05:00,0.3840000033378601,0.38999998569488525,0.3840000033378601,0.3840000033378601,3217,0.0,0.0
2022-12-09 13:30:00-05:00,0.383899986743927,0.383899986743927,0.3700000047683716,0.3700000047683716,4210,0.0,0.0
2022-12-09 14:30:00-05:00,0.3700999915599823,0.3700999915599823,0.3700999915599823,0.3700999915599823,376,0.0,0.0
2022-12-12 09:30:00-05:00,0.3700999915599823,0.3700999915599823,0.3700999915599823,0.3700999915599823,28,0.0,0.0
2022-12-12 11:30:00-05:00,0.38190001249313354,0.3840000033378601,0.36910000443458557,0.36910000443458557,1310,0.0,0.0
2022-12-12 14:30:00-05:00,0.39459899067878723,0.3946000039577484,0.38999998569488525,0.3944999873638153,0,0.0,0.0
2022-12-13 11:30:00-05:00,0.39389899373054504,0.39389899373054504,0.39389899373054504,0.39389899373054504,237,0.0,0.0
2022-12-13 12:30:00-05:00,0.39399999380111694,0.39399999380111694,0.39399999380111694,0.39399999380111694,100,0.0,0.0
2022-12-13 14:30:00-05:00,0.3799999952316284,0.3801000118255615,0.3799999952316284,0.3799999952316284,700,0.0,0.0
2022-12-13 15:30:00-05:00,0.3806009888648987,0.3837999999523163,0.3799999952316284,0.3799999952316284,0,0.0,0.0
2022-12-14 09:30:00-05:00,0.37299999594688416,0.37299999594688416,0.3700999915599823,0.37207600474357605,15097,0.0,0.0
2022-12-14 10:30:00-05:00,0.3823989927768707,0.3946000039577484,0.3499999940395355,0.35199999809265137,17018,0.0,0.0
2022-12-14 11:30:00-05:00,0.37095001339912415,0.37095001339912415,0.37095001339912415,0.37095001339912415,300,0.0,0.0
2022-12-14 12:30:00-05:00,0.3709999918937683,0.3711000084877014,0.3709999918937683,0.3709999918937683,3077,0.0,0.0
2022-12-14 13:30:00-05:00,0.3709999918937683,0.3709999918937683,0.3615500032901764,0.3709999918937683,4184,0.0,0.0
2022-12-15 09:30:00-05:00,0.3720000088214874,0.38179999589920044,0.3544999957084656,0.38179999589920044,0,0.0,0.0
2022-12-15 10:30:00-05:00,0.38179999589920044,0.38179999589920044,0.35530000925064087,0.35530000925064087,1341,0.0,0.0
2022-12-15 14:30:00-05:00,0.36000001430511475,0.36000001430511475,0.36000001430511475,0.36000001430511475,451,0.0,0.0
2022-12-15 15:30:00-05:00,0.36010101437568665,0.3652999997138977,0.36010101437568665,0.36059999465942383,2604,0.0,0.0
2022-12-16 09:30:00-05:00,0.3645009994506836,0.3645009994506836,0.3560999929904938,0.364300012588501,1401,0.0,0.0
2022-12-16 15:30:00-05:00,0.36640000343322754,0.37290000915527344,0.3644999861717224,0.37290000915527344,323,0.0,0.0
2022-12-19 09:30:00-05:00,0.3720000088214874,0.3720000088214874,0.3718999922275543,0.3718999922275543,884,0.0,0.0
2022-12-19 12:30:00-05:00,0.38100099563598633,0.38100099563598633,0.37299999594688416,0.3785000145435333,2623,0.0,0.0
2022-12-19 15:30:00-05:00,0.37610000371932983,0.37720000743865967,0.375,0.375,800,0.0,0.0
2022-12-20 09:30:00-05:00,0.37940898537635803,0.37940898537635803,0.366100013256073,0.366100013256073,1279,0.0,0.0
2022-12-20 10:30:00-05:00,0.37505099177360535,0.37505099177360535,0.37505099177360535,0.37505099177360535,186,0.0,0.0
2022-12-20 11:30:00-05:00,0.3799999952316284,0.3799999952316284,0.3799999952316284,0.3799999952316284,310,0.0,0.0
2022-12-20 12:30:00-05:00,0.3840000033378601,0.3840000033378601,0.3840000033378601,0.3840000033378601,100,0.0,0.0
2022-12-20 13:30:00-05:00,0.3799999952316284,0.3799999952316284,0.3799999952316284,0.3799999952316284,0,0.0,0.0
2022-12-21 09:30:00-05:00,0.36800000071525574,0.36800000071525574,0.36800000071525574,0.36800000071525574,241,0.0,0.0
2022-12-21 10:30:00-05:00,0.36809998750686646,0.36809998750686646,0.36800000071525574,0.36800000071525574,617,0.0,0.0
2022-12-21 12:30:00-05:00,0.36809998750686646,0.37400099635124207,0.36809998750686646,0.37400099635124207,255,0.0,0.0
2022-12-21 14:30:00-05:00,0.36800000071525574,0.3739989995956421,0.36800000071525574,0.3739989995956421,2608,0.0,0.0
2022-12-22 10:30:00-05:00,0.35600000619888306,0.3569999933242798,0.35600000619888306,0.3560999929904938,7499,0.0,0.0
2022-12-22 11:30:00-05:00,0.35600000619888306,0.35600000619888306,0.35100001096725464,0.35100001096725464,12269,0.0,0.0
2022-12-22 12:30:00-05:00,0.35010001063346863,0.35010001063346863,0.3499999940395355,0.3499999940395355,1817,0.0,0.0
2022-12-22 14:30:00-05:00,0.3501009941101074,0.3501009941101074,0.3501009941101074,0.3501009941101074,500,0.0,0.0
2022-12-23 09:30:00-05:00,0.3529999852180481,0.3580000102519989,0.35010001063346863,0.3580000102519989,0,0.0,0.0
2022-12-23 10:30:00-05:00,0.36899998784065247,0.36899998784065247,0.36890000104904175,0.36890000104904175,665,0.0,0.0
2022-12-23 11:30:00-05:00,0.36899998784065247,0.36899998784065247,0.3630009889602661,0.3630009889602661,4288,0.0,0.0
2022-12-23 13:30:00-05:00,0.3580000102519989,0.3580000102519989,0.3580000102519989,0.3580000102519989,520,0.0,0.0
2022-12-23 14:30:00-05:00,0.3581010103225708,0.3581010103225708,0.3581010103225708,0.3581010103225708,974,0.0,0.0
2022-12-27 09:30:00-05:00,0.36000001430511475,0.36000001430511475,0.3506999909877777,0.3506999909877777,364,0.0,0.0
2022-12-27 10:30:00-05:00,0.3499999940395355,0.35499998927116394,0.3499999940395355,0.3499999940395355,1674,0.0,0.0
2022-12-27 11:30:00-05:00,0.3499999940395355,0.3511810004711151,0.3499999940395355,0.3511810004711151,1404,0.0,0.0
2022-12-27 13:30:00-05:00,0.3499999940395355,0.3499999940395355,0.3499999940395355,0.3499999940395355,418,0.0,0.0
2022-12-27 14:30:00-05:00,0.35249999165534973,0.35499998927116394,0.35249999165534973,0.35499998927116394,1394,0.0,0.0
2022-12-27 15:30:00-05:00,0.35510000586509705,0.35510000586509705,0.35510000586509705,0.35510000586509705,0,0.0,0.0
2022-12-28 09:30:00-05:00,0.36000001430511475,0.36800000071525574,0.35100001096725464,0.35109999775886536,13374,0.0,0.0
2022-12-28 10:30:00-05:00,0.36800000071525574,0.36800000071525574,0.36800000071525574,0.36800000071525574,100,0.0,0.0
2022-12-28 11:30:00-05:00,0.36800000071525574,0.36800000071525574,0.36800000071525574,0.36800000071525574,591,0.0,0.0
2022-12-28 14:30:00-05:00,0.36010101437568665,0.36010101437568665,0.36010101437568665,0.36010101437568665,300,0.0,0.0
2022-12-28 15:30:00-05:00,0.36010000109672546,0.36800000071525574,0.36000001430511475,0.36800000071525574,6543,0.0,0.0
2022-12-29 09:30:00-05:00,0.36800000071525574,0.36800000071525574,0.36800000071525574,0.36800000071525574,2198,0.0,0.0
2022-12-29 10:30:00-05:00,0.36010000109672546,0.36010000109672546,0.36010000109672546,0.36010000109672546,1000,0.0,0.0
2022-12-29 11:30:00-05:00,0.36010101437568665,0.36010101437568665,0.36000001430511475,0.36000001430511475,2895,0.0,0.0
2022-12-29 13:30:00-05:00,0.36010000109672546,0.36010000109672546,0.36000001430511475,0.36000001430511475,909,0.0,0.0
2022-12-29 14:30:00-05:00,0.36800000071525574,0.36800000071525574,0.36800000071525574,0.36800000071525574,200,0.0,0.0
2022-12-29 15:30:00-05:00,0.36800000071525574,0.3700999915599823,0.36800000071525574,0.3700999915599823,2711,0.0,0.0
2022-12-30 09:30:00-05:00,0.3700000047683716,0.3799990117549896,0.3700000047683716,0.3700000047683716,2227,0.0,0.0
2022-12-30 10:30:00-05:00,0.3799999952316284,0.3799999952316284,0.3799999952316284,0.3799999952316284,122,0.0,0.0
2022-12-30 11:30:00-05:00,0.375,0.375,0.375,0.375,1000,0.0,0.0
2022-12-30 12:30:00-05:00,0.3799999952316284,0.3840000033378601,0.3799999952316284,0.3840000033378601,2785,0.0,0.0
2022-12-30 13:30:00-05:00,0.3840000033378601,0.3840000033378601,0.3840000033378601,0.3840000033378601,615,0.0,0.0
2022-12-30 14:30:00-05:00,0.3799999952316284,0.3799999952316284,0.3700000047683716,0.37700098752975464,17153,0.0,0.0
2023-01-03 09:30:00-05:00,0.39579999446868896,0.39579999446868896,0.37950098514556885,0.37950098514556885,0,0.0,0.0
2023-01-03 10:30:00-05:00,0.37139999866485596,0.37139999866485596,0.3700000047683716,0.3700000047683716,3152,0.0,0.0
2023-01-03 11:30:00-05:00,0.3700000047683716,0.3700999915599823,0.3700000047683716,0.3700999915599823,10386,0.0,0.0
2023-01-03 12:30:00-05:00,0.3700999915599823,0.3700999915599823,0.3700999915599823,0.3700999915599823,215,0.0,0.0
2023-01-03 13:30:00-05:00,0.3700000047683716,0.3700999915599823,0.36000001430511475,0.3600499927997589,14124,0.0,0.0
2023-01-04 09:30:00-05:00,0.3580999970436096,0.3580999970436096,0.3580999970436096,0.3580999970436096,0,0.0,0.0
2023-01-04 14:30:00-05:00,0.36010000109672546,0.38359999656677246,0.36010000109672546,0.38359999656677246,1508,0.0,0.0
2023-01-05 09:30:00-05:00,0.38359999656677246,0.3840000033378601,0.38359999656677246,0.38370001316070557,0,0.0,0.0
2023-01-05 10:30:00-05:00,0.3840000033378601,0.3846000134944916,0.383899986743927,0.3846000134944916,3417,0.0,0.0
2023-01-05 11:30:00-05:00,0.3880000114440918,0.3880000114440918,0.3880000114440918,0.3880000114440918,122,0.0,0.0
2023-01-05 12:30:00-05:00,0.3878999948501587,0.4009999930858612,0.3846000134944916,0.3880999982357025,28238,0.0,0.0
2023-01-05 13:30:00-05:00,0.3928999900817871,0.4138999879360199,0.3928999900817871,0.4138999879360199,17660,0.0,0.0
2023-01-05 14:30:00-05:00,0.40610000491142273,0.453900009393692,0.4050999879837036,0.42739999294281006,71085,0.0,0.0
2023-01-05 15:30:00-05:00,0.4519999921321869,0.4537000060081482,0.43689998984336853,0.44999998807907104,0,0.0,0.0
2023-01-06 09:30:00-05:00,0.44999998807907104,0.44999998807907104,0.41999998688697815,0.44999998807907104,3992,0.0,0.0
2023-01-06 10:30:00-05:00,0.4499000012874603,0.46000000834465027,0.4419499933719635,0.4505009949207306,12613,0.0,0.0
2023-01-06 11:30:00-05:00,0.44999998807907104,0.4505009949207306,0.44279998540878296,0.44999998807907104,2404,0.0,0.0
2023-01-06 12:30:00-05:00,0.44279998540878296,0.44279998540878296,0.4099999964237213,0.42080000042915344,6448,0.0,0.0
2023-01-06 13:30:00-05:00,0.4169999957084656,0.4180999994277954,0.4169999957084656,0.4180999994277954,2146,0.0,0.0
2023-01-09 09:30:00-05:00,0.44955000281333923,0.4560999870300293,0.439300000667572,0.4403260052204132,7108,0.0,0.0
2023-01-09 10:30:00-05:00,0.4390999972820282,0.45010000467300415,0.4259999990463257,0.4259999990463257,5160,0.0,0.0
2023-01-09 11:30:00-05:00,0.4399009943008423,0.4399009943008423,0.4399009943008423,0.4399009943008423,249,0.0,0.0
2023-01-09 13:30:00-05:00,0.42500099539756775,0.42500099539756775,0.42500099539756775,0.42500099539756775,1921,0.0,0.0
2023-01-09 15:30:00-05:00,0.41999998688697815,0.41999998688697815,0.41999998688697815,0.41999998688697815,200,0.0,0.0
2023-01-10 10:30:00-05:00,0.41999998688697815,0.41999998688697815,0.41999998688697815,0.41999998688697815,0,0.0,0.0
2023-01-10 12:30:00-05:00,0.41999998688697815,0.41999998688697815,0.41999998688697815,0.41999998688697815,240,0.0,0.0
2023-01-10 13:30:00-05:00,0.41999998688697815,0.41999998688697815,0.41999998688697815,0.41999998688697815,0,0.0,0.0
2023-01-11 11:30:00-05:00,0.4410000145435333,0.4546999931335449,0.43230101466178894,0.43230101466178894,7312,0.0,0.0
2023-01-11 12:30:00-05:00,0.45399999618530273,0.45399999618530273,0.4498000144958496,0.4498000144958496,472,0.0,0.0
2023-01-11 14:30:00-05:00,0.4496000111103058,0.4496000111103058,0.4496000111103058,0.4496000111103058,0,0.0,0.0
2023-01-12 09:30:00-05:00,0.453900009393692,0.453900009393692,0.4496000111103058,0.4496000111103058,11932,0.0,0.0
2023-01-12 10:30:00-05:00,0.4399999976158142,0.4399999976158142,0.4399999976158142,0.4399999976158142,124,0.0,0.0
2023-01-12 11:30:00-05:00,0.4399999976158142,0.4399999976158142,0.4399999976158142,0.4399999976158142,145,0.0,0.0
2023-01-12 12:30:00-05:00,0.4401000142097473,0.4401000142097473,0.4399999976158142,0.4401000142097473,2500,0.0,0.0
2023-01-12 13:30:00-05:00,0.44999998807907104,0.44999998807907104,0.44020000100135803,0.44020000100135803,586,0.0,0.0
2023-01-12 14:30:00-05:00,0.44999998807907104,0.45500001311302185,0.44999998807907104,0.45500001311302185,0,0.0,0.0
2023-01-13 09:30:00-05:00,0.46000000834465027,0.46000000834465027,0.45010000467300415,0.45989999175071716,4459,0.0,0.0
2023-01-13 10:30:00-05:00,0.45899999141693115,0.45899999141693115,0.45899999141693115,0.45899999141693115,154,0.0,0.0
2023-01-13 11:30:00-05:00,0.44999998807907104,0.45712000131607056,0.44999998807907104,0.44999998807907104,3770,0.0,0.0
2023-01-13 12:30:00-05:00,0.4406999945640564,0.4406999945640564,0.4406999945640564,0.4406999945640564,510,0.0,0.0
2023-01-13 13:30:00-05:00,0.4410000145435333,0.4410000145435333,0.4408999979496002,0.4408999979496002,411,0.0,0.0
2023-01-13 14:30:00-05:00,0.4410000145435333,0.451898992061615,0.4410000145435333,0.44200098514556885,2003,0.0,0.0
2023-01-17 09:30:00-05:00,0.4339999854564667,0.4584999978542328,0.4300000071525574,0.4499000012874603,3451,0.0,0.0
2023-01-17 10:30:00-05:00,0.4496999979019165,0.4496999979019165,0.4496999979019165,0.4496999979019165,2511,0.0,0.0
2023-01-17 11:30:00-05:00,0.4232009947299957,0.4232009947299957,0.4232009947299957,0.4232009947299957,8501,0.0,0.0
2023-01-17 12:30:00-05:00,0.42320001125335693,0.4246000051498413,0.4212000072002411,0.4212000072002411,5732,0.0,0.0
2023-01-17 13:30:00-05:00,0.4250999987125397,0.4256249964237213,0.42100000381469727,0.4256249964237213,22400,0.0,0.0
2023-01-17 14:30:00-05:00,0.42500001192092896,0.4355410039424896,0.42100000381469727,0.4230000078678131,8653,0.0,0.0
2023-01-17 15:30:00-05:00,0.4498000144958496,0.4498000144958496,0.4099999964237213,0.43050000071525574,0,0.0,0.0
2023-01-18 09:30:00-05:00,0.4300000071525574,0.4300000071525574,0.4300000071525574,0.4300000071525574,2907,0.0,0.0
2023-01-18 10:30:00-05:00,0.42649900913238525,0.42649900913238525,0.423101007938385,0.423101007938385,3101,0.0,0.0
2023-01-18 11:30:00-05:00,0.4311000108718872,0.4318999946117401,0.4309999942779541,0.4318999946117401,10768,0.0,0.0
2023-01-18 13:30:00-05:00,0.41999998688697815,0.4203000068664551,0.41999998688697815,0.41999998688697815,3485,0.0,0.0
2023-01-18 14:30:00-05:00,0.41999998688697815,0.41999998688697815,0.41999998688697815,0.41999998688697815,171,0.0,0.0
2023-01-18 15:30:00-05:00,0.41999998688697815,0.41999998688697815,0.41999998688697815,0.41999998688697815,0,0.0,0.0
2023-01-19 09:30:00-05:00,0.4300000071525574,0.4300000071525574,0.42100000381469727,0.42100000381469727,1773,0.0,0.0
2023-01-19 10:30:00-05:00,0.42100098729133606,0.42100098729133606,0.42100098729133606,0.42100098729133606,1018,0.0,0.0
2023-01-19 11:30:00-05:00,0.42100000381469727,0.421999990940094,0.42100000381469727,0.421999990940094,2349,0.0,0.0
2023-01-19 12:30:00-05:00,0.4334999918937683,0.4447999894618988,0.4334999918937683,0.4447999894618988,1949,0.0,0.0
2023-01-19 15:30:00-05:00,0.4440000057220459,0.4440000057220459,0.4440000057220459,0.4440000057220459,0,0.0,0.0
2023-01-20 09:30:00-05:00,0.45829999446868896,0.45829999446868896,0.42500001192092896,0.42500001192092896,4163,0.0,0.0
2023-01-20 10:30:00-05:00,0.4398989975452423,0.4398989975452423,0.42500001192092896,0.42590001225471497,4000,0.0,0.0
2023-01-20 11:30:00-05:00,0.42590001225471497,0.44190001487731934,0.42590001225471497,0.44179999828338623,2113,0.0,0.0
2023-01-20 13:30:00-05:00,0.4410000145435333,0.4410000145435333,0.4410000145435333,0.4410000145435333,100,0.0,0.0
2023-01-20 14:30:00-05:00,0.4408999979496002,0.4408999979496002,0.4408999979496002,0.4408999979496002,100,0.0,0.0
2023-01-23 09:30:00-05:00,0.45500001311302185,0.45500001311302185,0.42500001192092896,0.42500001192092896,0,0.0,0.0
2023-01-23 10:30:00-05:00,0.4345009922981262,0.4345009922981262,0.4345009922981262,0.4345009922981262,500,0.0,0.0
2023-01-23 11:30:00-05:00,0.44019898772239685,0.44019898772239685,0.44019898772239685,0.44019898772239685,1005,0.0,0.0
2023-01-23 12:30:00-05:00,0.4413990080356598,0.4413990080356598,0.4413990080356598,0.4413990080356598,0,0.0,0.0
2023-01-24 10:30:00-05:00,0.43550100922584534,0.43550100922584534,0.4300000071525574,0.43130001425743103,4764,0.0,0.0
2023-01-24 11:30:00-05:00,0.4300000071525574,0.4300000071525574,0.42500001192092896,0.42500001192092896,1255,0.0,0.0
2023-01-24 12:30:00-05:00,0.4250999987125397,0.4250999987125397,0.42508000135421753,0.42508000135421753,715,0.0,0.0
2023-01-24 15:30:00-05:00,0.4300000071525574,0.4300000071525574,0.4300000071525574,0.4300000071525574,0,0.0,0.0
2023-01-25 09:30:00-05:00,0.4259999990463257,0.4300000071525574,0.4259999990463257,0.4300000071525574,2511,0.0,0.0
2023-01-25 10:30:00-05:00,0.4259999990463257,0.4259999990463257,0.4259999990463257,0.4259999990463257,129,0.0,0.0
2023-01-25 11:30:00-05:00,0.4259999990463257,0.4259999990463257,0.4259999990463257,0.4259999990463257,451,0.0,0.0
2023-01-25 12:30:00-05:00,0.4260999858379364,0.4260999858379364,0.4260999858379364,0.4260999858379364,336,0.0,0.0
2023-01-25 13:30:00-05:00,0.4259999990463257,0.4260999858379364,0.4259999990463257,0.4260999858379364,1298,0.0,0.0
2023-01-25 14:30:00-05:00,0.4399999976158142,0.4399999976158142,0.4259999990463257,0.4399999976158142,950,0.0,0.0
2023-01-25 15:30:00-05:00,0.4399999976158142,0.4399999976158142,0.4399999976158142,0.4399999976158142,0,0.0,0.0
2023-01-26 09:30:00-05:00,0.45419999957084656,0.454800009727478,0.4399999976158142,0.4546000063419342,6664,0.0,0.0
2023-01-26 10:30:00-05:00,0.4498000144958496,0.4498000144958496,0.43790000677108765,0.43799999356269836,5896,0.0,0.0
2023-01-26 11:30:00-05:00,0.43790000677108765,0.44179999828338623,0.43790000677108765,0.44179999828338623,1300,0.0,0.0
2023-01-26 13:30:00-05:00,0.4398989975452423,0.4399999976158142,0.4350000023841858,0.4350000023841858,16486,0.0,0.0
2023-01-26 14:30:00-05:00,0.4350000023841858,0.4350000023841858,0.4350000023841858,0.4350000023841858,1026,0.0,0.0
2023-01-26 15:30:00-05:00,0.4399999976158142,0.4399999976158142,0.4399999976158142,0.4399999976158142,0,0.0,0.0
2023-01-27 09:30:00-05:00,0.4259999990463257,0.4535999894142151,0.4259999990463257,0.4535999894142151,2870,0.0,0.0
2023-01-27 10:30:00-05:00,0.4401000142097473,0.4401000142097473,0.4399990141391754,0.4399990141391754,2691,0.0,0.0
2023-01-27 13:30:00-05:00,0.4399999976158142,0.4399999976158142,0.4399999976158142,0.4399999976158142,155,0.0,0.0
2023-01-27 14:30:00-05:00,0.4259999990463257,0.4259999990463257,0.4259999990463257,0.4259999990463257,370,0.0,0.0
2023-01-27 15:30:00-05:00,0.4259999990463257,0.4300000071525574,0.4259999990463257,0.4300000071525574,918,0.0,0.0
2023-01-30 09:30:00-05:00,0.4320000112056732,0.446399986743927,0.4320000112056732,0.43209999799728394,12835,0.0,0.0
2023-01-30 10:30:00-05:00,0.4410000145435333,0.44110000133514404,0.43799999356269836,0.4399999976158142,6932,0.0,0.0
2023-01-30 13:30:00-05:00,0.4301010072231293,0.4309999942779541,0.4301010072231293,0.4309999942779541,1205,0.0,0.0
2023-01-30 14:30:00-05:00,0.4311000108718872,0.4399999976158142,0.4311000108718872,0.4399999976158142,2452,0.0,0.0
2023-01-30 15:30:00-05:00,0.4399999976158142,0.4399999976158142,0.4399999976158142,0.4399999976158142,1300,0.0,0.0
2023-01-31 09:30:00-05:00,0.45500001311302185,0.47999998927116394,0.4469990134239197,0.47450000047683716,92832,0.0,0.0
2023-01-31 10:30:00-05:00,0.47440001368522644,0.4749000072479248,0.46484899520874023,0.4749000072479248,20236,0.0,0.0
2023-01-31 11:30:00-05:00,0.48660001158714294,0.4918999969959259,0.48660001158714294,0.48669999837875366,13890,0.0,0.0
2023-01-31 12:30:00-05:00,0.49059998989105225,0.4918999969959259,0.49059998989105225,0.4918999969959259,4530,0.0,0.0
2023-01-31 13:30:00-05:00,0.4918000102043152,0.5350000262260437,0.4918000102043152,0.5299000144004822,19844,0.0,0.0
2023-01-31 14:30:00-05:00,0.5171999931335449,0.5349000096321106,0.5171999931335449,0.5339999794960022,3441,0.0,0.0
2023-01-31 15:30:00-05:00,0.5339999794960022,0.5389999747276306,0.5339000225067139,0.5389999747276306,3147,0.0,0.0
2023-02-01 09:30:00-05:00,0.5378000140190125,0.5389000177383423,0.5120000243186951,0.5389000177383423,30155,0.0,0.0
2023-02-01 10:30:00-05:00,0.5389999747276306,0.5550000071525574,0.5356000065803528,0.5550000071525574,47785,0.0,0.0
2023-02-01 11:30:00-05:00,0.5679000020027161,0.5781999826431274,0.5655999779701233,0.5655999779701233,976,0.0,0.0
2023-02-01 12:30:00-05:00,0.5781999826431274,0.6200000047683716,0.5781999826431274,0.6108999848365784,24426,0.0,0.0
2023-02-01 13:30:00-05:00,0.6075000166893005,0.6093000173568726,0.5699999928474426,0.5899999737739563,18998,0.0,0.0
2023-02-01 14:30:00-05:00,0.5899990200996399,0.5899999737739563,0.5849999785423279,0.5899999737739563,1017,0.0,0.0
2023-02-01 15:30:00-05:00,0.5899999737739563,0.5899999737739563,0.5889999866485596,0.5899999737739563,4901,0.0,0.0
2023-02-02 09:30:00-05:00,0.6940000057220459,0.7400000095367432,0.6496000289916992,0.6899999976158142,220105,0.0,0.0
2023-02-02 10:30:00-05:00,0.6800000071525574,0.699999988079071,0.6499999761581421,0.6499999761581421,81228,0.0,0.0
2023-02-02 11:30:00-05:00,0.6500999927520752,0.6998999714851379,0.6500999927520752,0.6724500060081482,39855,0.0,0.0
2023-02-02 12:30:00-05:00,0.656499981880188,0.6890000104904175,0.656499981880188,0.6800000071525574,2251,0.0,0.0
2023-02-02 13:30:00-05:00,0.6729999780654907,0.6888999938964844,0.6614000201225281,0.6888999938964844,2017,0.0,0.0
2023-02-02 14:30:00-05:00,0.6888999938964844,0.6888999938964844,0.6499999761581421,0.6793000102043152,23885,0.0,0.0
2023-02-02 15:30:00-05:00,0.6793000102043152,0.6793000102043152,0.6787999868392944,0.6789000034332275,0,0.0,0.0
2023-02-03 09:30:00-05:00,0.6990000009536743,0.6990000009536743,0.5910000205039978,0.6399999856948853,71799,0.0,0.0
2023-02-03 10:30:00-05:00,0.6420000195503235,0.6888999938964844,0.6420000195503235,0.656000018119812,12079,0.0,0.0
2023-02-03 11:30:00-05:00,0.6562399864196777,0.6562399864196777,0.6259999871253967,0.6529989838600159,14646,0.0,0.0
2023-02-03 12:30:00-05:00,0.6499999761581421,0.6550009846687317,0.6299999952316284,0.6299999952316284,2116,0.0,0.0
2023-02-03 13:30:00-05:00,0.6399999856948853,0.6399999856948853,0.6399999856948853,0.6399999856948853,110,0.0,0.0
2023-02-03 14:30:00-05:00,0.6399999856948853,0.6399999856948853,0.637499988079071,0.637499988079071,3082,0.0,0.0
2023-02-03 15:30:00-05:00,0.6301010251045227,0.6399999856948853,0.6301010251045227,0.6399999856948853,8948,0.0,0.0
2023-02-06 09:30:00-05:00,0.6299999952316284,0.6299999952316284,0.5699999928474426,0.5835999846458435,7944,0.0,0.0
2023-02-06 10:30:00-05:00,0.6000000238418579,0.6000000238418579,0.5835999846458435,0.5839999914169312,6015,0.0,0.0
2023-02-06 11:30:00-05:00,0.6362000107765198,0.6362000107765198,0.6362000107765198,0.6362000107765198,100,0.0,0.0
2023-02-06 12:30:00-05:00,0.6362000107765198,0.6362000107765198,0.6122000217437744,0.6122999787330627,3086,0.0,0.0
2023-02-06 13:30:00-05:00,0.675000011920929,0.675000011920929,0.6323000192642212,0.675000011920929,2269,0.0,0.0
2023-02-06 14:30:00-05:00,0.6600000262260437,0.6798989772796631,0.659500002861023,0.659500002861023,2774,0.0,0.0
2023-02-06 15:30:00-05:00,0.6399999856948853,0.6800000071525574,0.6399999856948853,0.6800000071525574,2927,0.0,0.0
2023-02-07 09:30:00-05:00,0.6800000071525574,0.6800000071525574,0.6800000071525574,0.6800000071525574,3738,0.0,0.0
2023-02-07 10:30:00-05:00,0.6700000166893005,0.6800000071525574,0.6700000166893005,0.6800000071525574,326,0.0,0.0
2023-02-07 11:30:00-05:00,0.6800000071525574,0.6800000071525574,0.6700000166893005,0.6785069704055786,4057,0.0,0.0
2023-02-07 12:30:00-05:00,0.6693999767303467,0.6693999767303467,0.6693999767303467,0.6693999767303467,2100,0.0,0.0
2023-02-07 13:30:00-05:00,0.6793000102043152,0.6793000102043152,0.6793000102043152,0.6793000102043152,174,0.0,0.0
2023-02-07 14:30:00-05:00,0.6793000102043152,0.6887000203132629,0.6693999767303467,0.6883999705314636,7435,0.0,0.0
2023-02-07 15:30:00-05:00,0.6887000203132629,0.6990000009536743,0.6887000203132629,0.6990000009536743,0,0.0,0.0
2023-02-08 09:30:00-05:00,0.6879000067710876,0.6879000067710876,0.6499999761581421,0.6600000262260437,51614,0.0,0.0
2023-02-08 10:30:00-05:00,0.6600000262260437,0.6600000262260437,0.6600000262260437,0.6600000262260437,354,0.0,0.0
2023-02-08 11:30:00-05:00,0.6549999713897705,0.6550999879837036,0.640999972820282,0.6499999761581421,25134,0.0,0.0
2023-02-08 12:30:00-05:00,0.6499999761581421,0.6499999761581421,0.6499999761581421,0.6499999761581421,200,0.0,0.0
2023-02-08 13:30:00-05:00,0.6448000073432922,0.6448000073432922,0.6448000073432922,0.6448000073432922,216,0.0,0.0
2023-02-08 14:30:00-05:00,0.6499999761581421,0.6499999761581421,0.6401000022888184,0.6499999761581421,1270,0.0,0.0
2023-02-08 15:30:00-05:00,0.6499999761581421,0.6499999761581421,0.6401000022888184,0.6499999761581421,0,0.0,0.0
2023-02-09 09:30:00-05:00,0.6499999761581421,0.7804509997367859,0.6499999761581421,0.6909999847412109,124230,0.0,0.0
2023-02-09 10:30:00-05:00,0.691100001335144,0.691100001335144,0.6800000071525574,0.6800000071525574,4494,0.0,0.0
2023-02-09 11:30:00-05:00,0.667900025844574,0.6890000104904175,0.667900025844574,0.6779000163078308,8623,0.0,0.0
2023-02-09 12:30:00-05:00,0.6840559840202332,0.6890000104904175,0.6650000214576721,0.6890000104904175,1300,0.0,0.0
2023-02-09 13:30:00-05:00,0.6890000104904175,0.699999988079071,0.6825000047683716,0.699999988079071,921,0.0,0.0
2023-02-09 14:30:00-05:00,0.6887000203132629,0.699999988079071,0.6851000189781189,0.699999988079071,6645,0.0,0.0
2023-02-09 15:30:00-05:00,0.6970000267028809,0.7099999785423279,0.6924999952316284,0.7099999785423279,7781,0.0,0.0
2023-02-10 09:30:00-05:00,0.7059999704360962,0.7233999967575073,0.6800000071525574,0.7001010179519653,11293,0.0,0.0
2023-02-10 10:30:00-05:00,0.7488499879837036,0.7488499879837036,0.7200000286102295,0.7200000286102295,4804,0.0,0.0
2023-02-10 11:30:00-05:00,0.7328000068664551,0.7328000068664551,0.720100998878479,0.720100998878479,714,0.0,0.0
2023-02-10 13:30:00-05:00,0.7351009845733643,0.75,0.720300018787384,0.720300018787384,3949,0.0,0.0
2023-02-10 14:30:00-05:00,0.75,0.75,0.7307000160217285,0.7400000095367432,650,0.0,0.0
2023-02-10 15:30:00-05:00,0.75,0.75,0.7307010293006897,0.75,5285,0.0,0.0
2023-02-13 09:30:00-05:00,0.75,0.7889999747276306,0.7300000190734863,0.7889999747276306,39826,0.0,0.0
2023-02-13 10:30:00-05:00,0.7900000214576721,0.8198999762535095,0.7896999716758728,0.8102009892463684,25022,0.0,0.0
2023-02-13 11:30:00-05:00,0.8180999755859375,0.8199999928474426,0.8100000023841858,0.8199999928474426,56269,0.0,0.0
2023-02-13 12:30:00-05:00,0.8165500164031982,0.8199999928474426,0.7900000214576721,0.7900000214576721,6139,0.0,0.0
2023-02-13 13:30:00-05:00,0.7998989820480347,0.800000011920929,0.7900000214576721,0.7900000214576721,2212,0.0,0.0
2023-02-13 14:30:00-05:00,0.7992600202560425,0.8169999718666077,0.7992600202560425,0.8100000023841858,4193,0.0,0.0
2023-02-13 15:30:00-05:00,0.8169999718666077,0.8169999718666077,0.8100000023841858,0.8101000189781189,0,0.0,0.0
2023-02-14 09:30:00-05:00,0.8288999795913696,0.8288999795913696,0.7709000110626221,0.7710000276565552,7174,0.0,0.0
2023-02-14 10:30:00-05:00,0.8008000254631042,0.8008000254631042,0.8008000254631042,0.8008000254631042,110,0.0,0.0
2023-02-14 11:30:00-05:00,0.8044999837875366,0.8044999837875366,0.7910000085830688,0.7910000085830688,9515,0.0,0.0
2023-02-14 12:30:00-05:00,0.791100025177002,0.7912999987602234,0.7799999713897705,0.7799999713897705,5050,0.0,0.0
2023-02-14 13:30:00-05:00,0.7802000045776367,0.7803000211715698,0.7720000147819519,0.7720000147819519,6314,0.0,0.0
2023-02-14 14:30:00-05:00,0.7799999713897705,0.800000011920929,0.7721009850502014,0.800000011920929,0,0.0,0.0
2023-02-15 09:30:00-05:00,0.8100000023841858,0.8190000057220459,0.8062000274658203,0.8190000057220459,9188,0.0,0.0
2023-02-15 10:30:00-05:00,0.8119999766349792,0.824999988079071,0.8100000023841858,0.824999988079071,5301,0.0,0.0
2023-02-15 11:30:00-05:00,0.8399999737739563,0.8399999737739563,0.8199999928474426,0.8399999737739563,20060,0.0,0.0
2023-02-15 12:30:00-05:00,0.8349999785423279,0.8349999785423279,0.8299999833106995,0.8325999975204468,1855,0.0,0.0
2023-02-15 13:30:00-05:00,0.8349000215530396,0.8379999995231628,0.8199999928474426,0.8201000094413757,8250,0.0,0.0
2023-02-15 14:30:00-05:00,0.824999988079071,0.8299000263214111,0.8199999928474426,0.8299000263214111,629,0.0,0.0
2023-02-15 15:30:00-05:00,0.8299999833106995,0.8299999833106995,0.8299999833106995,0.8299999833106995,0,0.0,0.0
2023-02-16 09:30:00-05:00,0.8299999833106995,0.8299999833106995,0.800000011920929,0.8109999895095825,3364,0.0,0.0
2023-02-16 10:30:00-05:00,0.8109999895095825,0.8109999895095825,0.8109999895095825,0.8109999895095825,1247,0.0,0.0
2023-02-16 11:30:00-05:00,0.8109999895095825,0.8109999895095825,0.8100000023841858,0.8100000023841858,3666,0.0,0.0
2023-02-16 13:30:00-05:00,0.8100000023841858,0.8183000087738037,0.8100000023841858,0.8183000087738037,2790,0.0,0.0
2023-02-16 14:30:00-05:00,0.8209999799728394,0.8209999799728394,0.8115000128746033,0.8115000128746033,1667,0.0,0.0
2023-02-16 15:30:00-05:00,0.8162999749183655,0.8399990200996399,0.8115000128746033,0.8399990200996399,5412,0.0,0.0
2023-02-17 09:30:00-05:00,0.8399999737739563,0.8399999737739563,0.8399999737739563,0.8399999737739563,0,0.0,0.0
2023-02-17 10:30:00-05:00,0.8399999737739563,0.8399999737739563,0.8109999895095825,0.8111000061035156,4385,0.0,0.0
2023-02-17 11:30:00-05:00,0.833299994468689,0.833299994468689,0.833299994468689,0.833299994468689,146,0.0,0.0
2023-02-17 14:30:00-05:00,0.8299999833106995,0.8299999833106995,0.8255000114440918,0.8255000114440918,2102,0.0,0.0
2023-02-21 09:30:00-05:00,0.8101000189781189,0.8101000189781189,0.8100000023841858,0.8100000023841858,488,0.0,0.0
2023-02-21 10:30:00-05:00,0.8399999737739563,0.8399999737739563,0.8100000023841858,0.8100000023841858,778,0.0,0.0
2023-02-21 11:30:00-05:00,0.8240000009536743,0.8240000009536743,0.8240000009536743,0.8240000009536743,170,0.0,0.0
2023-02-21 12:30:00-05:00,0.8101000189781189,0.8101000189781189,0.8101000189781189,0.8101000189781189,1751,0.0,0.0
2023-02-21 14:30:00-05:00,0.8101000189781189,0.8379999995231628,0.8100000023841858,0.8199999928474426,2830,0.0,0.0
2023-02-21 15:30:00-05:00,0.8201010227203369,0.8201010227203369,0.8199999928474426,0.8199999928474426,0,0.0,0.0
2023-02-22 09:30:00-05:00,0.8287000060081482,0.8287000060081482,0.8149999976158142,0.8149999976158142,592,0.0,0.0
2023-02-22 10:30:00-05:00,0.8259990215301514,0.8259990215301514,0.8102999925613403,0.8102999925613403,1336,0.0,0.0
2023-02-22 11:30:00-05:00,0.8259990215301514,0.8259990215301514,0.8102999925613403,0.8102999925613403,1292,0.0,0.0
2023-02-22 12:30:00-05:00,0.8199999928474426,0.8259999752044678,0.800000011920929,0.8001009821891785,3380,0.0,0.0
2023-02-22 13:30:00-05:00,0.8259999752044678,0.8259999752044678,0.800000011920929,0.800000011920929,1500,0.0,0.0
2023-02-22 14:30:00-05:00,0.8001009821891785,0.8259999752044678,0.8001009821891785,0.8259999752044678,2360,0.0,0.0
2023-02-22 15:30:00-05:00,0.8259999752044678,0.8399999737739563,0.800000011920929,0.8011000156402588,5558,0.0,0.0
2023-02-23 09:30:00-05:00,0.8029999732971191,0.8046000003814697,0.7468000054359436,0.7468000054359436,15394,0.0,0.0
2023-02-23 10:30:00-05:00,0.7599999904632568,0.7599999904632568,0.75,0.75,13614,0.0,0.0
2023-02-23 11:30:00-05:00,0.7400000095367432,0.7400000095367432,0.7400000095367432,0.7400000095367432,4122,0.0,0.0
2023-02-23 13:30:00-05:00,0.7310000061988831,0.7325000166893005,0.7160000205039978,0.7325000166893005,1631,0.0,0.0
2023-02-23 15:30:00-05:00,0.7300000190734863,0.7312999963760376,0.7300000190734863,0.7312999963760376,1310,0.0,0.0
2023-02-24 09:30:00-05:00,0.7163000106811523,0.75,0.5861999988555908,0.6007009744644165,24797,0.0,0.0
2023-02-24 10:30:00-05:00,0.6021999716758728,0.6322000026702881,0.6008999943733215,0.6204000115394592,2962,0.0,0.0
2023-02-24 11:30:00-05:00,0.6011000275611877,0.6011000275611877,0.6011000275611877,0.6011000275611877,7026,0.0,0.0
2023-02-24 12:30:00-05:00,0.6384000182151794,0.6399000287055969,0.6384000182151794,0.6399000287055969,975,0.0,0.0
2023-02-24 13:30:00-05:00,0.6101009845733643,0.6101009845733643,0.6100000143051147,0.6100000143051147,520,0.0,0.0
2023-02-24 15:30:00-05:00,0.6200000047683716,0.6399999856948853,0.6198999881744385,0.6200000047683716,4881,0.0,0.0
2023-02-27 09:30:00-05:00,0.6740000247955322,0.7355499863624573,0.6716989874839783,0.7355499863624573,9586,0.0,0.0
2023-02-27 10:30:00-05:00,0.7264750003814697,0.7300000190734863,0.6800010204315186,0.6800010204315186,4079,0.0,0.0
2023-02-27 11:30:00-05:00,0.6800000071525574,0.6800000071525574,0.6800000071525574,0.6800000071525574,410,0.0,0.0
2023-02-27 12:30:00-05:00,0.6899999976158142,0.6899999976158142,0.6899999976158142,0.6899999976158142,100,0.0,0.0
2023-02-27 14:30:00-05:00,0.6958000063896179,0.6958000063896179,0.6958000063896179,0.6958000063896179,252,0.0,0.0
2023-02-27 15:30:00-05:00,0.6901010274887085,0.699999988079071,0.6899999976158142,0.699999988079071,352997,0.0,0.0
2023-02-28 09:30:00-05:00,0.7732999920845032,0.7732999920845032,0.6800000071525574,0.699999988079071,447161,0.0,0.0
2023-02-28 10:30:00-05:00,0.7001010179519653,0.7200000286102295,0.699999988079071,0.699999988079071,16811,0.0,0.0
2023-02-28 11:30:00-05:00,0.7110999822616577,0.7200000286102295,0.699999988079071,0.699999988079071,1233,0.0,0.0
2023-02-28 12:30:00-05:00,0.7009999752044678,0.7200000286102295,0.7009999752044678,0.7200000286102295,994,0.0,0.0
2023-02-28 13:30:00-05:00,0.7198989987373352,0.7200000286102295,0.7198989987373352,0.7200000286102295,3008,0.0,0.0
2023-02-28 14:30:00-05:00,0.7200000286102295,0.7354999780654907,0.7001010179519653,0.7350000143051147,5792,0.0,0.0
2023-02-28 15:30:00-05:00,0.7319999933242798,0.7400000095367432,0.7200000286102295,0.7200499773025513,7446,0.0,0.0
2023-03-01 09:30:00-05:00,0.7450010180473328,0.800000011920929,0.7409999966621399,0.800000011920929,51671,0.0,0.0
2023-03-01 10:30:00-05:00,0.800000011920929,0.8799999952316284,0.800000011920929,0.8199999928474426,133313,0.0,0.0
2023-03-01 11:30:00-05:00,0.8199999928474426,0.8299999833106995,0.800000011920929,0.800000011920929,27043,0.0,0.0
2023-03-01 12:30:00-05:00,0.8100000023841858,0.8199999928474426,0.8100000023841858,0.8100000023841858,3839,0.0,0.0
2023-03-01 13:30:00-05:00,0.8100000023841858,0.8199999928474426,0.800000011920929,0.800000011920929,6130,0.0,0.0
2023-03-01 14:30:00-05:00,0.8100000023841858,0.8299999833106995,0.8100000023841858,0.8199999928474426,2549,0.0,0.0
2023-03-01 15:30:00-05:00,0.8299999833106995,0.8299999833106995,0.8199999928474426,0.8299999833106995,0,0.0,0.0
2023-03-02 09:30:00-05:00,0.7900000214576721,0.8299999833106995,0.7900000214576721,0.8199999928474426,24200,0.0,0.0
2023-03-02 10:30:00-05:00,0.8199999928474426,0.8299999833106995,0.8199999928474426,0.824999988079071,3084,0.0,0.0
2023-03-02 11:30:00-05:00,0.8250010013580322,0.8299000263214111,0.8201010227203369,0.8215510249137878,1576,0.0,0.0
2023-03-02 12:30:00-05:00,0.8199999928474426,0.8199999928474426,0.8199999928474426,0.8199999928474426,3539,0.0,0.0
2023-03-02 13:30:00-05:00,0.8299999833106995,0.8700000047683716,0.8299999833106995,0.8600000143051147,8632,0.0,0.0
2023-03-02 15:30:00-05:00,0.8500000238418579,0.8600000143051147,0.8399999737739563,0.8600000143051147,0,0.0,0.0
2023-03-03 09:30:00-05:00,0.8499990105628967,0.8499990105628967,0.8499990105628967,0.8499990105628967,1070,0.0,0.0
2023-03-03 10:30:00-05:00,0.8489999771118164,0.8500000238418579,0.8299999833106995,0.8399999737739563,9663,0.0,0.0
2023-03-03 11:30:00-05:00,0.8299999833106995,0.8299999833106995,0.8199999928474426,0.8199999928474426,654,0.0,0.0
2023-03-03 12:30:00-05:00,0.8201000094413757,0.8205959796905518,0.8201000094413757,0.8205959796905518,439,0.0,0.0
2023-03-03 13:30:00-05:00,0.8250010013580322,0.8250010013580322,0.8199999928474426,0.8199999928474426,1101,0.0,0.0
2023-03-03 14:30:00-05:00,0.8199999928474426,0.8299999833106995,0.8100000023841858,0.8274000287055969,15363,0.0,0.0
2023-03-03 15:30:00-05:00,0.8274000287055969,0.8299999833106995,0.8274000287055969,0.8299999833106995,3929,0.0,0.0
2023-03-06 09:30:00-05:00,0.8299999833106995,0.8500000238418579,0.8299999833106995,0.8338000178337097,13991,0.0,0.0
2023-03-06 10:30:00-05:00,0.8300999999046326,0.8338000178337097,0.8299999833106995,0.8299999833106995,15043,0.0,0.0
2023-03-06 11:30:00-05:00,0.8299999833106995,0.8300060033798218,0.8299999833106995,0.8300060033798218,1735,0.0,0.0
2023-03-06 12:30:00-05:00,0.8300999999046326,0.8300999999046326,0.8299999833106995,0.8299999833106995,1358,0.0,0.0
2023-03-06 13:30:00-05:00,0.8300999999046326,0.8300999999046326,0.8300999999046326,0.8300999999046326,322,0.0,0.0
2023-03-06 14:30:00-05:00,0.8300999999046326,0.8300999999046326,0.8300999999046326,0.8300999999046326,486,0.0,0.0
2023-03-06 15:30:00-05:00,0.8299999833106995,0.8300999999046326,0.8299999833106995,0.8299999833106995,0,0.0,0.0
2023-03-07 09:30:00-05:00,0.8299999833106995,0.8349999785423279,0.800000011920929,0.800000011920929,7151,0.0,0.0
2023-03-07 14:30:00-05:00,0.8113999962806702,0.8299999833106995,0.8113999962806702,0.8299999833106995,2074,0.0,0.0
2023-03-07 15:30:00-05:00,0.8299999833106995,0.8299999833106995,0.8299999833106995,0.8299999833106995,112,0.0,0.0
2023-03-08 09:30:00-05:00,0.8199999928474426,0.8349999785423279,0.79830002784729,0.79830002784729,13054,0.0,0.0
2023-03-08 10:30:00-05:00,0.800000011920929,0.8199999928474426,0.7799999713897705,0.800000011920929,8550,0.0,0.0
2023-03-08 11:30:00-05:00,0.79830002784729,0.8199999928474426,0.7900000214576721,0.800000011920929,1541,0.0,0.0
2023-03-08 13:30:00-05:00,0.7900000214576721,0.8199999928474426,0.7900000214576721,0.8050000071525574,800,0.0,0.0
2023-03-08 14:30:00-05:00,0.8199999928474426,0.8199999928474426,0.7900999784469604,0.7900999784469604,1200,0.0,0.0
2023-03-08 15:30:00-05:00,0.8050000071525574,0.8199999928474426,0.7900000214576721,0.8199999928474426,6855,0.0,0.0
2023-03-09 09:30:00-05:00,0.8288999795913696,0.8288999795913696,0.8288999795913696,0.8288999795913696,348,0.0,0.0
2023-03-09 10:30:00-05:00,0.8198999762535095,0.8198999762535095,0.8198999762535095,0.8198999762535095,403,0.0,0.0
2023-03-09 11:30:00-05:00,0.800000011920929,0.800000011920929,0.800000011920929,0.800000011920929,898,0.0,0.0
2023-03-09 12:30:00-05:00,0.8198999762535095,0.8198999762535095,0.8198999762535095,0.8198999762535095,100,0.0,0.0
2023-03-09 14:30:00-05:00,0.800000011920929,0.8100000023841858,0.7601000070571899,0.8100000023841858,14021,0.0,0.0
2023-03-09 15:30:00-05:00,0.8100000023841858,0.8100000023841858,0.800000011920929,0.8100000023841858,0,0.0,0.0
2023-03-10 09:30:00-05:00,0.710099995136261,0.7139000296592712,0.710099995136261,0.7139000296592712,1518,0.0,0.0
2023-03-10 15:30:00-05:00,0.7699999809265137,0.8100000023841858,0.7699999809265137,0.8100000023841858,600,0.0,0.0
2023-03-13 09:30:00-04:00,0.7710000276565552,0.8100000023841858,0.7710000276565552,0.8100000023841858,18866,0.0,0.0
2023-03-13 10:30:00-04:00,0.7888000011444092,0.7888000011444092,0.7888000011444092,0.7888000011444092,100,0.0,0.0
2023-03-13 12:30:00-04:00,0.7900000214576721,0.7900000214576721,0.7900000214576721,0.7900000214576721,615,0.0,0.0
2023-03-13 13:30:00-04:00,0.7900000214576721,0.7900000214576721,0.7900000214576721,0.7900000214576721,600,0.0,0.0
2023-03-13 14:30:00-04:00,0.720100998878479,0.7560999989509583,0.720100998878479,0.7560999989509583,500,0.0,0.0
2023-03-13 15:30:00-04:00,0.7601000070571899,0.7900000214576721,0.7601000070571899,0.7900000214576721,0,0.0,0.0
2023-03-14 09:30:00-04:00,0.7950000166893005,0.7950000166893005,0.7789999842643738,0.7789999842643738,1071,0.0,0.0
2023-03-14 10:30:00-04:00,0.7394999861717224,0.7597500085830688,0.7394999861717224,0.7597500085830688,1424,0.0,0.0
2023-03-14 11:30:00-04:00,0.7599999904632568,0.7599999904632568,0.7598000168800354,0.7598000168800354,2082,0.0,0.0
2023-03-14 12:30:00-04:00,0.7396000027656555,0.7408999800682068,0.7394999861717224,0.7394999861717224,4073,0.0,0.0
2023-03-14 13:30:00-04:00,0.742900013923645,0.742900013923645,0.7394999861717224,0.7394999861717224,200,0.0,0.0
2023-03-14 14:30:00-04:00,0.7401000261306763,0.7414000034332275,0.7401000261306763,0.7401000261306763,1100,0.0,0.0
2023-03-14 15:30:00-04:00,0.7500489950180054,0.7599999904632568,0.7500489950180054,0.7599999904632568,1101,0.0,0.0
2023-03-15 09:30:00-04:00,0.7699999809265137,0.7699999809265137,0.6499999761581421,0.6669859886169434,14586,0.0,0.0
2023-03-15 10:30:00-04:00,0.6690000295639038,0.6862499713897705,0.6566010117530823,0.6601009964942932,6523,0.0,0.0
2023-03-15 11:30:00-04:00,0.699999988079071,0.699999988079071,0.6600000262260437,0.6600000262260437,2403,0.0,0.0
2023-03-15 12:30:00-04:00,0.6600000262260437,0.6600000262260437,0.6600000262260437,0.6600000262260437,2581,0.0,0.0
2023-03-15 14:30:00-04:00,0.6510999798774719,0.6658999919891357,0.6510999798774719,0.6658999919891357,2000,0.0,0.0
2023-03-15 15:30:00-04:00,0.6660000085830688,0.6660000085830688,0.6658999919891357,0.6660000085830688,1432,0.0,0.0
2023-03-16 09:30:00-04:00,0.699999988079071,0.699999988079071,0.6449999809265137,0.6600000262260437,29524,0.0,0.0
2023-03-16 10:30:00-04:00,0.6600000262260437,0.6600000262260437,0.6590999960899353,0.6590999960899353,4261,0.0,0.0
2023-03-16 12:30:00-04:00,0.6600000262260437,0.6600000262260437,0.6600000262260437,0.6600000262260437,205,0.0,0.0
2023-03-17 09:30:00-04:00,0.6261000037193298,0.652999997138977,0.6200000047683716,0.6200000047683716,4206,0.0,0.0
2023-03-17 11:30:00-04:00,0.6320000290870667,0.6489999890327454,0.6320000290870667,0.6489999890327454,1300,0.0,0.0
2023-03-17 12:30:00-04:00,0.6489999890327454,0.6489999890327454,0.6489999890327454,0.6489999890327454,100,0.0,0.0
2023-03-17 13:30:00-04:00,0.6489999890327454,0.6489999890327454,0.6480000019073486,0.6480000019073486,4810,0.0,0.0
2023-03-17 15:30:00-04:00,0.6299999952316284,0.6319000124931335,0.6299999952316284,0.6319000124931335,7223,0.0,0.0
2023-03-20 09:30:00-04:00,0.6200000047683716,0.6409000158309937,0.6200000047683716,0.6200000047683716,0,0.0,0.0
2023-03-20 10:30:00-04:00,0.6409000158309937,0.6409000158309937,0.6200000047683716,0.6200000047683716,1277,0.0,0.0
2023-03-20 11:30:00-04:00,0.6299989819526672,0.6299989819526672,0.6299989819526672,0.6299989819526672,741,0.0,0.0
2023-03-20 13:30:00-04:00,0.6399999856948853,0.6399999856948853,0.6200000047683716,0.6299999952316284,4856,0.0,0.0
2023-03-21 09:30:00-04:00,0.6269999742507935,0.6269999742507935,0.6019999980926514,0.6019999980926514,243,0.0,0.0
2023-03-21 10:30:00-04:00,0.6150000095367432,0.6200000047683716,0.6100000143051147,0.6200000047683716,1616,0.0,0.0
2023-03-21 12:30:00-04:00,0.6200000047683716,0.6200000047683716,0.6200000047683716,0.6200000047683716,143,0.0,0.0
2023-03-21 13:30:00-04:00,0.6200000047683716,0.6200000047683716,0.6150000095367432,0.6150000095367432,301,0.0,0.0
2023-03-21 14:30:00-04:00,0.6198999881744385,0.6198999881744385,0.6198999881744385,0.6198999881744385,3000,0.0,0.0
2023-03-21 15:30:00-04:00,0.6200000047683716,0.6200000047683716,0.6100000143051147,0.6200000047683716,0,0.0,0.0
2023-03-22 09:30:00-04:00,0.6100000143051147,0.6100000143051147,0.6100000143051147,0.6100000143051147,6129,0.0,0.0
2023-03-22 10:30:00-04:00,0.6100000143051147,0.6200000047683716,0.6100000143051147,0.6100000143051147,5011,0.0,0.0
2023-03-22 11:30:00-04:00,0.6200000047683716,0.6200000047683716,0.6100000143051147,0.6100000143051147,1002,0.0,0.0
2023-03-22 12:30:00-04:00,0.6200000047683716,0.6200000047683716,0.6100000143051147,0.6200000047683716,2210,0.0,0.0
2023-03-22 13:30:00-04:00,0.6154999732971191,0.6200000047683716,0.6110000014305115,0.6110000014305115,4550,0.0,0.0
2023-03-22 14:30:00-04:00,0.6200000047683716,0.6200000047683716,0.6175000071525574,0.6200000047683716,488,0.0,0.0
2023-03-22 15:30:00-04:00,0.6200000047683716,0.6200000047683716,0.6175000071525574,0.6200000047683716,500,0.0,0.0
2023-03-23 09:30:00-04:00,0.612500011920929,0.612500011920929,0.612500011920929,0.612500011920929,0,0.0,0.0
2023-03-23 10:30:00-04:00,0.6198989748954773,0.6198989748954773,0.6100000143051147,0.6100000143051147,4649,0.0,0.0
2023-03-23 11:30:00-04:00,0.6100000143051147,0.6100000143051147,0.6050000190734863,0.6050999760627747,5569,0.0,0.0
2023-03-23 13:30:00-04:00,0.6050000190734863,0.6050000190734863,0.5809999704360962,0.6000000238418579,27351,0.0,0.0
2023-03-23 14:30:00-04:00,0.6000000238418579,0.6000000238418579,0.6000000238418579,0.6000000238418579,735,0.0,0.0
2023-03-23 15:30:00-04:00,0.6141999959945679,0.6200000047683716,0.6141999959945679,0.6200000047683716,224,0.0,0.0
2023-03-24 09:30:00-04:00,0.6299999952316284,0.6299999952316284,0.6004999876022339,0.6200000047683716,2684,0.0,0.0
2023-03-24 10:30:00-04:00,0.5809999704360962,0.5955010056495667,0.5809999704360962,0.5955010056495667,2081,0.0,0.0
2023-03-24 12:30:00-04:00,0.6000000238418579,0.6000000238418579,0.6000000238418579,0.6000000238418579,806,0.0,0.0
2023-03-24 14:30:00-04:00,0.6098989844322205,0.6100000143051147,0.6098989844322205,0.6100000143051147,2047,0.0,0.0
2023-03-27 09:30:00-04:00,0.6050000190734863,0.6050000190734863,0.6050000190734863,0.6050000190734863,0,0.0,0.0
2023-03-27 10:30:00-04:00,0.5810999870300293,0.59170001745224,0.5810999870300293,0.59170001745224,2565,0.0,0.0
2023-03-27 14:30:00-04:00,0.5899999737739563,0.5899999737739563,0.5899999737739563,0.5899999737739563,502,0.0,0.0
2023-03-27 15:30:00-04:00,0.6000000238418579,0.6000000238418579,0.6000000238418579,0.6000000238418579,100,0.0,0.0
2023-03-28 09:30:00-04:00,0.5910000205039978,0.5910000205039978,0.5910000205039978,0.5910000205039978,0,0.0,0.0
2023-03-28 10:30:00-04:00,0.6215010285377502,0.6215010285377502,0.6200000047683716,0.6200000047683716,2034,0.0,0.0
2023-03-28 12:30:00-04:00,0.6198999881744385,0.6198999881744385,0.6198999881744385,0.6198999881744385,100,0.0,0.0
2023-03-28 13:30:00-04:00,0.6198999881744385,0.6198999881744385,0.6198999881744385,0.6198999881744385,200,0.0,0.0
2023-03-28 14:30:00-04:00,0.6198999881744385,0.6198999881744385,0.6198999881744385,0.6198999881744385,1243,0.0,0.0
2023-03-28 15:30:00-04:00,0.6200000047683716,0.6200000047683716,0.6068999767303467,0.6068999767303467,2252,0.0,0.0
2023-03-29 09:30:00-04:00,0.5809999704360962,0.6000000238418579,0.550000011920929,0.5511000156402588,40658,0.0,0.0
2023-03-29 10:30:00-04:00,0.5511000156402588,0.5809999704360962,0.5509999990463257,0.5809999704360962,8556,0.0,0.0
2023-03-29 15:30:00-04:00,0.5799999833106995,0.5800999999046326,0.5799999833106995,0.5800999999046326,719,0.0,0.0
2023-03-30 09:30:00-04:00,0.5799999833106995,0.5799999833106995,0.5557259917259216,0.5600000023841858,3284,0.0,0.0
2023-03-30 11:30:00-04:00,0.5600000023841858,0.5600000023841858,0.5600000023841858,0.5600000023841858,898,0.0,0.0
2023-03-30 12:30:00-04:00,0.5600000023841858,0.5600000023841858,0.5572999715805054,0.5600000023841858,755,0.0,0.0
2023-03-30 14:30:00-04:00,0.5555009841918945,0.5555009841918945,0.5555009841918945,0.5555009841918945,200,0.0,0.0
2023-03-30 15:30:00-04:00,0.5600000023841858,0.5600000023841858,0.5590999722480774,0.5600000023841858,0,0.0,0.0
2023-03-31 09:30:00-04:00,0.5400000214576721,0.6069999933242798,0.5400000214576721,0.6069999933242798,37669,0.0,0.0
2023-03-31 10:30:00-04:00,0.5903000235557556,0.5903000235557556,0.5799999833106995,0.589900016784668,1794,0.0,0.0
2023-03-31 11:30:00-04:00,0.5699999928474426,0.5899999737739563,0.550000011920929,0.5501000285148621,15489,0.0,0.0
2023-03-31 12:30:00-04:00,0.5799999833106995,0.589900016784668,0.5550000071525574,0.5799999833106995,6075,0.0,0.0
2023-03-31 13:30:00-04:00,0.5799999833106995,0.6299999952316284,0.5715000033378601,0.6299999952316284,19085,0.0,0.0
2023-03-31 14:30:00-04:00,0.6248000264167786,0.6428999900817871,0.6000000238418579,0.6389999985694885,9987,0.0,0.0
2023-03-31 15:30:00-04:00,0.6389999985694885,0.6389999985694885,0.619799017906189,0.6198999881744385,3864,0.0,0.0
2023-04-03 09:30:00-04:00,2.4100000858306885,2.869999885559082,2.300100088119507,2.430000066757202,23472,0.0,0.0
2023-04-03 10:30:00-04:00,2.703000068664551,3.75,2.498800039291382,2.75,50001,0.0,0.0
2023-04-03 11:30:00-04:00,2.6500000953674316,2.9147000312805176,2.4100000858306885,2.7999000549316406,24267,0.0,0.0
2023-04-03 12:30:00-04:00,2.7500998973846436,2.859999895095825,2.7200000286102295,2.859999895095825,2429,0.0,0.0
2023-04-03 13:30:00-04:00,2.7899999618530273,2.7899999618530273,2.569999933242798,2.700000047683716,11523,0.0,0.0
2023-04-03 14:30:00-04:00,2.700000047683716,2.700000047683716,2.5801000595092773,2.5999999046325684,6013,0.0,0.0
2023-04-03 15:30:00-04:00,2.7399001121520996,2.7518999576568604,2.624799966812134,2.7518999576568604,0,0.0,0.0
2023-04-04 09:30:00-04:00,2.7300000190734863,2.7300000190734863,2.6092000007629395,2.609999895095825,2645,0.0,0.0
2023-04-04 10:30:00-04:00,2.628200054168701,2.640000104904175,2.509999990463257,2.640000104904175,4375,0.0,0.0
2023-04-04 11:30:00-04:00,2.521199941635132,2.521199941635132,2.521199941635132,2.521199941635132,375,0.0,0.0
2023-04-04 14:30:00-04:00,2.5199999809265137,2.5399999618530273,2.5199999809265137,2.5399999618530273,497,0.0,0.0
2023-04-04 15:30:00-04:00,2.5399999618530273,2.5399999618530273,2.5199999809265137,2.5201001167297363,0,0.0,0.0
2023-04-05 09:30:00-04:00,2.490000009536743,2.490000009536743,2.3101000785827637,2.3101000785827637,4780,0.0,0.0
2023-04-05 10:30:00-04:00,2.3745999336242676,2.380000114440918,2.3745999336242676,2.380000114440918,1337,0.0,0.0
2023-04-05 12:30:00-04:00,2.3157999515533447,2.3157999515533447,2.2799999713897705,2.299999952316284,1935,0.0,0.0
2023-04-05 14:30:00-04:00,2.25,2.25,2.25,2.25,503,0.0,0.0
2023-04-05 15:30:00-04:00,2.170099973678589,2.190000057220459,2.170099973678589,2.190000057220459,0,0.0,0.0
2023-04-06 09:30:00-04:00,2.3454999923706055,2.5299999713897705,2.3454999923706055,2.5,1598,0.0,0.0
2023-04-06 10:30:00-04:00,2.4651999473571777,2.4651999473571777,2.4651999473571777,2.4651999473571777,111,0.0,0.0
2023-04-06 11:30:00-04:00,2.316999912261963,2.316999912261963,2.316999912261963,2.316999912261963,275,0.0,0.0
2023-04-06 12:30:00-04:00,2.359999895095825,2.380000114440918,2.3519999980926514,2.3519999980926514,516,0.0,0.0
2023-04-06 13:30:00-04:00,2.312000036239624,2.312000036239624,2.312000036239624,2.312000036239624,115,0.0,0.0
2023-04-06 14:30:00-04:00,2.3499999046325684,2.3889999389648438,2.349900007247925,2.3889999389648438,1439,0.0,0.0
2023-04-10 09:30:00-04:00,2.2699999809265137,2.2699999809265137,2.2699999809265137,2.2699999809265137,1182,0.0,0.0
2023-04-10 12:30:00-04:00,2.160099983215332,2.449899911880493,2.160099983215332,2.449899911880493,433,0.0,0.0
2023-04-10 14:30:00-04:00,2.190000057220459,2.4398999214172363,2.190000057220459,2.2899999618530273,734,0.0,0.0
2023-04-10 15:30:00-04:00,2.2899999618530273,2.2899999618530273,2.2899999618530273,2.2899999618530273,0,0.0,0.0
2023-04-11 09:30:00-04:00,2.2920000553131104,2.2920000553131104,2.2920000553131104,2.2920000553131104,302,0.0,0.0
2023-04-11 10:30:00-04:00,2.317199945449829,2.317199945449829,2.317199945449829,2.317199945449829,1144,0.0,0.0
2023-04-11 12:30:00-04:00,2.4142000675201416,2.4142000675201416,2.4142000675201416,2.4142000675201416,114,0.0,0.0
2023-04-11 13:30:00-04:00,2.3949999809265137,2.3949999809265137,2.3949999809265137,2.3949999809265137,213,0.0,0.0
2023-04-11 15:30:00-04:00,2.309999942779541,2.309999942779541,2.309999942779541,2.309999942779541,0,0.0,0.0
2023-04-12 10:30:00-04:00,2.2899999618530273,2.299299955368042,2.2799999713897705,2.299299955368042,6147,0.0,0.0
2023-04-12 11:30:00-04:00,2.2799999713897705,2.2799999713897705,2.1700000762939453,2.1700000762939453,1608,0.0,0.0
2023-04-12 12:30:00-04:00,2.1600000858306885,2.180000066757202,2.1600000858306885,2.180000066757202,1058,0.0,0.0
2023-04-12 13:30:00-04:00,2.3598999977111816,2.3598999977111816,2.1700000762939453,2.180000066757202,724,0.0,0.0
2023-04-12 14:30:00-04:00,2.1700000762939453,2.200000047683716,2.1700000762939453,2.200000047683716,220,0.0,0.0
2023-04-12 15:30:00-04:00,2.1700000762939453,2.1700000762939453,2.1700000762939453,2.1700000762939453,0,0.0,0.0
2023-04-13 11:30:00-04:00,2.2799999713897705,2.2799999713897705,2.2799999713897705,2.2799999713897705,269,0.0,0.0
2023-04-13 13:30:00-04:00,2.299999952316284,2.328000068664551,2.2899999618530273,2.2899999618530273,1772,0.0,0.0
2023-04-13 15:30:00-04:00,2.3062000274658203,2.3062000274658203,2.2699999809265137,2.2699999809265137,6109,0.0,0.0
2023-04-14 09:30:00-04:00,2.9100000858306885,3.0,2.6600000858306885,2.6600000858306885,31039,0.0,0.0
2023-04-14 10:30:00-04:00,2.6600000858306885,2.6600000858306885,2.5,2.5,5386,0.0,0.0
2023-04-14 11:30:00-04:00,2.5899999141693115,2.630000114440918,2.569999933242798,2.609999895095825,4103,0.0,0.0
2023-04-14 12:30:00-04:00,2.609999895095825,2.6600000858306885,2.4000000953674316,2.4049999713897705,3254,0.0,0.0
2023-04-14 13:30:00-04:00,2.4000000953674316,2.4000000953674316,2.309999942779541,2.383699893951416,3343,0.0,0.0
2023-04-14 14:30:00-04:00,2.309999942779541,2.309999942779541,2.119999885559082,2.119999885559082,5826,0.0,0.0
2023-04-14 15:30:00-04:00,2.119999885559082,2.242000102996826,2.119999885559082,2.130000114440918,5623,0.0,0.0
2023-04-17 09:30:00-04:00,2.319999933242798,2.3299999237060547,2.2300000190734863,2.329900026321411,8745,0.0,0.0
2023-04-17 10:30:00-04:00,2.3550000190734863,2.559999942779541,2.3301000595092773,2.450000047683716,8855,0.0,0.0
2023-04-17 11:30:00-04:00,2.4500999450683594,2.5350000858306885,2.4500999450683594,2.461899995803833,1358,0.0,0.0
2023-04-17 12:30:00-04:00,2.4600000381469727,2.460099935531616,2.3949999809265137,2.450000047683716,1733,0.0,0.0
2023-04-17 13:30:00-04:00,2.3301000595092773,2.397700071334839,2.3299999237060547,2.3473000526428223,4236,0.0,0.0
2023-04-17 15:30:00-04:00,2.372499942779541,2.380000114440918,2.372499942779541,2.380000114440918,0,0.0,0.0
2023-04-18 09:30:00-04:00,2.4544999599456787,2.4544999599456787,2.3301000595092773,2.3301000595092773,2408,0.0,0.0
2023-04-18 10:30:00-04:00,2.3473000526428223,2.3473000526428223,2.200000047683716,2.220099925994873,11736,0.0,0.0
2023-04-18 11:30:00-04:00,2.299999952316284,2.440000057220459,2.299999952316284,2.390000104904175,13880,0.0,0.0
2023-04-18 12:30:00-04:00,2.4000000953674316,2.4000000953674316,2.4000000953674316,2.4000000953674316,2434,0.0,0.0
2023-04-18 13:30:00-04:00,2.299999952316284,2.3006999492645264,2.299999952316284,2.299999952316284,709,0.0,0.0
2023-04-18 14:30:00-04:00,2.2899999618530273,2.369999885559082,2.25,2.309999942779541,5043,0.0,0.0
2023-04-18 15:30:00-04:00,2.2799999713897705,2.2799999713897705,2.2149999141693115,2.2149999141693115,0,0.0,0.0
2023-04-19 09:30:00-04:00,2.3399999141693115,2.3399999141693115,2.2300000190734863,2.2300000190734863,1598,0.0,0.0
2023-04-19 13:30:00-04:00,2.3499999046325684,2.3499999046325684,2.3499999046325684,2.3499999046325684,134,0.0,0.0
2023-04-19 14:30:00-04:00,2.309999942779541,2.309999942779541,2.309999942779541,2.309999942779541,762,0.0,0.0
2023-04-19 15:30:00-04:00,2.265000104904175,2.279099941253662,2.059999942779541,2.1500000953674316,5451,0.0,0.0
2023-04-20 09:30:00-04:00,2.140000104904175,2.1700000762939453,2.140000104904175,2.1700000762939453,477,0.0,0.0
2023-04-20 10:30:00-04:00,2.2200000286102295,2.2300000190734863,2.176100015640259,2.176100015640259,2702,0.0,0.0
2023-04-20 11:30:00-04:00,2.150099992752075,2.150099992752075,2.055000066757202,2.079400062561035,5032,0.0,0.0
2023-04-20 12:30:00-04:00,2.262500047683716,2.262500047683716,2.119999885559082,2.119999885559082,5675,0.0,0.0
2023-04-20 13:30:00-04:00,2.0999999046325684,2.130000114440918,2.0999999046325684,2.110100030899048,1574,0.0,0.0
2023-04-20 15:30:00-04:00,2.0999999046325684,2.0999999046325684,2.0999999046325684,2.0999999046325684,1104,0.0,0.0
2023-04-21 09:30:00-04:00,2.0,2.0827999114990234,1.9600000381469727,1.9600000381469727,4819,0.0,0.0
2023-04-21 10:30:00-04:00,1.9500000476837158,2.059999942779541,1.8300000429153442,1.8300000429153442,2869,0.0,0.0
2023-04-21 11:30:00-04:00,1.8300000429153442,1.8300000429153442,1.7949999570846558,1.8300000429153442,3192,0.0,0.0
2023-04-21 12:30:00-04:00,1.8300000429153442,1.8831000328063965,1.7807999849319458,1.8831000328063965,1355,0.0,0.0
2023-04-21 13:30:00-04:00,1.8250000476837158,1.8250000476837158,1.8200000524520874,1.8200000524520874,2745,0.0,0.0
2023-04-21 14:30:00-04:00,1.8600000143051147,1.909999966621399,1.8600000143051147,1.909999966621399,553,0.0,0.0
2023-04-21 15:30:00-04:00,1.8100999593734741,1.8200000524520874,1.8100999593734741,1.8200000524520874,0,0.0,0.0
2023-04-24 09:30:00-04:00,1.7699999809265137,1.7699999809265137,1.7699999809265137,1.7699999809265137,1139,0.0,0.0
2023-04-24 10:30:00-04:00,1.8097000122070312,1.8097000122070312,1.8097000122070312,1.8097000122070312,430,0.0,0.0
2023-04-24 12:30:00-04:00,1.75,1.75,1.75,1.75,429,0.0,0.0
2023-04-24 15:30:00-04:00,1.7770999670028687,1.7799999713897705,1.7526999711990356,1.7526999711990356,0,0.0,0.0
2023-04-25 12:30:00-04:00,1.7549999952316284,1.7549999952316284,1.75,1.75,573,0.0,0.0
2023-04-25 13:30:00-04:00,1.7549999952316284,1.7549999952316284,1.75,1.75,430,0.0,0.0
2023-04-25 14:30:00-04:00,1.75,1.75,1.75,1.75,718,0.0,0.0
2023-04-25 15:30:00-04:00,1.7599999904632568,1.7799999713897705,1.75,1.75,0,0.0,0.0
2023-04-26 09:30:00-04:00,1.7999999523162842,1.809999942779541,1.7899999618530273,1.809999942779541,1280,0.0,0.0
2023-04-26 10:30:00-04:00,1.8700000047683716,1.8799999952316284,1.7999999523162842,1.7999999523162842,7565,0.0,0.0
2023-04-26 11:30:00-04:00,1.7999999523162842,1.7999999523162842,1.7999999523162842,1.7999999523162842,748,0.0,0.0
2023-04-26 14:30:00-04:00,1.7599999904632568,1.7599999904632568,1.7599999904632568,1.7599999904632568,702,0.0,0.0
2023-04-26 15:30:00-04:00,1.75,1.7649999856948853,1.75,1.7518999576568604,25351,0.0,0.0
2023-04-27 15:30:00-04:00,1.750100016593933,1.750100016593933,1.750100016593933,1.750100016593933,0,0.0,0.0
2023-04-28 09:30:00-04:00,1.7599999904632568,1.8600000143051147,1.75,1.8600000143051147,3228,0.0,0.0
2023-04-28 10:30:00-04:00,1.7999999523162842,1.850000023841858,1.7999999523162842,1.850000023841858,727,0.0,0.0
2023-04-28 11:30:00-04:00,1.8300000429153442,1.8300000429153442,1.8300000429153442,1.8300000429153442,1667,0.0,0.0
2023-04-28 12:30:00-04:00,1.8700000047683716,2.440000057220459,1.8550000190734863,2.2799999713897705,45151,0.0,0.0
2023-04-28 13:30:00-04:00,2.160599946975708,2.497999906539917,2.160599946975708,2.259999990463257,21231,0.0,0.0
2023-04-28 14:30:00-04:00,2.289900064468384,2.4800000190734863,2.240000009536743,2.25,12541,0.0,0.0
2023-04-28 15:30:00-04:00,2.240000009536743,2.3499999046325684,2.240000009536743,2.2950000762939453,3037,0.0,0.0
2023-05-01 09:30:00-04:00,2.299999952316284,2.440000057220459,2.2894999980926514,2.359999895095825,17785,0.0,0.0
2023-05-01 10:30:00-04:00,2.3499999046325684,2.4000000953674316,2.25,2.25,3725,0.0,0.0
2023-05-01 11:30:00-04:00,2.259999990463257,2.409899950027466,2.0309998989105225,2.396699905395508,21155,0.0,0.0
2023-05-01 12:30:00-04:00,2.309000015258789,2.864799976348877,2.2600998878479004,2.6377999782562256,112973,0.0,0.0
2023-05-01 13:30:00-04:00,2.664299964904785,2.8945000171661377,2.5000998973846436,2.747999906539917,24779,0.0,0.0
2023-05-01 14:30:00-04:00,2.799999952316284,3.7699999809265137,2.700000047683716,3.1184000968933105,108828,0.0,0.0
2023-05-01 15:30:00-04:00,3.4800000190734863,3.5850000381469727,3.1050000190734863,3.2300000190734863,25046,0.0,0.0
2023-05-02 09:30:00-04:00,3.0,3.200000047683716,2.9407999515533447,3.200000047683716,22094,0.0,0.0
2023-05-02 10:30:00-04:00,3.009999990463257,3.1600000858306885,2.950000047683716,3.1600000858306885,1852,0.0,0.0
2023-05-02 12:30:00-04:00,2.941499948501587,3.0,2.740000009536743,2.75,5124,0.0,0.0
2023-05-02 13:30:00-04:00,2.693000078201294,2.7300000190734863,2.5999999046325684,2.630000114440918,5810,0.0,0.0
2023-05-02 14:30:00-04:00,2.609999895095825,2.609999895095825,2.2607998847961426,2.5,5311,0.0,0.0
2023-05-02 15:30:00-04:00,2.380000114440918,2.4798998832702637,2.2799999713897705,2.359999895095825,2746,0.0,0.0
2023-05-03 09:30:00-04:00,2.360100030899048,2.360100030899048,2.360100030899048,2.360100030899048,1445,0.0,0.0
2023-05-03 10:30:00-04:00,2.4179000854492188,2.434799909591675,2.4149999618530273,2.4179000854492188,1407,0.0,0.0
2023-05-03 11:30:00-04:00,2.4700000286102295,2.4700000286102295,2.4200000762939453,2.440000057220459,2143,0.0,0.0
2023-05-03 12:30:00-04:00,2.430000066757202,2.450000047683716,2.430000066757202,2.450000047683716,874,0.0,0.0
2023-05-03 13:30:00-04:00,2.4651999473571777,2.509999990463257,2.4600000381469727,2.509999990463257,10173,0.0,0.0
2023-05-03 14:30:00-04:00,2.5999999046325684,2.8450000286102295,2.5236001014709473,2.5236001014709473,10017,0.0,0.0
2023-05-03 15:30:00-04:00,2.549999952316284,2.5950000286102295,2.549999952316284,2.5950000286102295,0,0.0,0.0
2023-05-04 09:30:00-04:00,2.659899950027466,2.659899950027466,2.659899950027466,2.659899950027466,664,0.0,0.0
2023-05-04 10:30:00-04:00,2.5799999237060547,2.5799999237060547,2.440500020980835,2.440500020980835,982,0.0,0.0
2023-05-04 11:30:00-04:00,2.440999984741211,2.490000009536743,2.4400999546051025,2.490000009536743,1126,0.0,0.0
2023-05-04 13:30:00-04:00,2.490000009536743,2.490000009536743,2.490000009536743,2.490000009536743,663,0.0,0.0
2023-05-05 09:30:00-04:00,2.5899999141693115,2.5899999141693115,2.5100998878479004,2.5199999809265137,0,0.0,0.0
2023-05-05 14:30:00-04:00,2.5100998878479004,2.5100998878479004,2.5100998878479004,2.5100998878479004,250,0.0,0.0
2023-05-05 15:30:00-04:00,2.559999942779541,2.5899999141693115,2.559999942779541,2.5899999141693115,0,0.0,0.0
2023-05-08 09:30:00-04:00,2.5199999809265137,2.5199999809265137,2.5199999809265137,2.5199999809265137,265,0.0,0.0
2023-05-08 11:30:00-04:00,2.6600000858306885,2.6600000858306885,2.6600000858306885,2.6600000858306885,271,0.0,0.0
2023-05-08 12:30:00-04:00,2.6500000953674316,2.6500000953674316,2.6500000953674316,2.6500000953674316,0,0.0,0.0
2023-05-09 09:30:00-04:00,2.559999942779541,2.674999952316284,2.440000057220459,2.559999942779541,1812,0.0,0.0
2023-05-09 10:30:00-04:00,2.514400005340576,2.514400005340576,2.514400005340576,2.514400005340576,236,0.0,0.0
2023-05-09 11:30:00-04:00,2.549999952316284,2.549999952316284,2.47160005569458,2.47160005569458,1260,0.0,0.0
2023-05-09 13:30:00-04:00,2.7399001121520996,2.7399001121520996,2.5899999141693115,2.5899999141693115,568,0.0,0.0
2023-05-09 14:30:00-04:00,2.479599952697754,2.5899999141693115,2.309999942779541,2.356300115585327,3205,0.0,0.0
2023-05-09 15:30:00-04:00,2.740000009536743,2.740000009536743,2.3201000690460205,2.3499999046325684,0,0.0,0.0
2023-05-10 09:30:00-04:00,2.549999952316284,2.549999952316284,2.4356000423431396,2.4356000423431396,1432,0.0,0.0
2023-05-10 11:30:00-04:00,2.440000057220459,2.440000057220459,2.440000057220459,2.440000057220459,0,0.0,0.0
2023-05-10 13:30:00-04:00,2.2799999713897705,2.2799999713897705,2.2799999713897705,2.2799999713897705,0,0.0,0.0
2023-05-10 14:30:00-04:00,2.390000104904175,2.390000104904175,2.390000104904175,2.390000104904175,0,0.0,0.0
2023-05-10 15:30:00-04:00,2.4000000953674316,2.4000000953674316,2.4000000953674316,2.4000000953674316,6,0.0,0.0
2023-05-11 09:30:00-04:00,2.2799999713897705,2.2799999713897705,2.2799999713897705,2.2799999713897705,695,0.0,0.0
2023-05-11 10:30:00-04:00,2.494999885559082,2.494999885559082,2.494999885559082,2.494999885559082,212,0.0,0.0
2023-05-11 11:30:00-04:00,2.490000009536743,2.490000009536743,2.390500068664551,2.390500068664551,1201,0.0,0.0
2023-05-11 12:30:00-04:00,2.3499999046325684,2.3499999046325684,2.3499999046325684,2.3499999046325684,394,0.0,0.0
2023-05-11 14:30:00-04:00,2.3399999141693115,2.3399999141693115,2.3399999141693115,2.3399999141693115,100,0.0,0.0
2023-05-11 15:30:00-04:00,2.3399999141693115,2.380000114440918,2.3299999237060547,2.380000114440918,0,0.0,0.0
2023-05-12 09:30:00-04:00,2.319999933242798,2.319999933242798,2.0299999713897705,2.058300018310547,5680,0.0,0.0
2023-05-12 11:30:00-04:00,2.2249999046325684,2.2249999046325684,2.2249999046325684,2.2249999046325684,1261,0.0,0.0
2023-05-12 14:30:00-04:00,2.244999885559082,2.244999885559082,2.244999885559082,2.244999885559082,113,0.0,0.0
2023-05-12 15:30:00-04:00,2.3299999237060547,2.3299999237060547,2.2899999618530273,2.2899999618530273,1613,0.0,0.0
2023-05-15 10:30:00-04:00,2.259999990463257,2.2699999809265137,2.259999990463257,2.2699999809265137,1204,0.0,0.0
2023-05-15 12:30:00-04:00,2.2249999046325684,2.359999895095825,2.2200000286102295,2.2300000190734863,9062,0.0,0.0
2023-05-15 15:30:00-04:00,2.2300000190734863,2.2300000190734863,2.2300000190734863,2.2300000190734863,0,0.0,0.0
2023-05-16 09:30:00-04:00,2.2300000190734863,2.2300000190734863,2.2300000190734863,2.2300000190734863,402,0.0,0.0
2023-05-16 10:30:00-04:00,2.5,2.5,2.319999933242798,2.319999933242798,1082,0.0,0.0
2023-05-16 11:30:00-04:00,2.359999895095825,2.359999895095825,2.359999895095825,2.359999895095825,200,0.0,0.0
2023-05-16 12:30:00-04:00,2.3499999046325684,2.3499999046325684,2.3499999046325684,2.3499999046325684,101,0.0,0.0
2023-05-16 14:30:00-04:00,2.299999952316284,2.299999952316284,2.299999952316284,2.299999952316284,0,0.0,0.0
2023-05-16 15:30:00-04:00,2.2300000190734863,2.240000009536743,2.2300000190734863,2.240000009536743,641,0.0,0.0
2023-05-17 09:30:00-04:00,2.490000009536743,2.490000009536743,2.299999952316284,2.449899911880493,1341,0.0,0.0
2023-05-17 10:30:00-04:00,2.309999942779541,2.309999942779541,2.309999942779541,2.309999942779541,275,0.0,0.0
2023-05-17 12:30:00-04:00,2.2797999382019043,2.2797999382019043,2.2797999382019043,2.2797999382019043,0,0.0,0.0
2023-05-18 11:30:00-04:00,2.2799999713897705,2.2799999713897705,2.2799999713897705,2.2799999713897705,1234,0.0,0.0
2023-05-18 14:30:00-04:00,2.339200019836426,2.339200019836426,2.2945001125335693,2.2945001125335693,500,0.0,0.0
2023-05-18 15:30:00-04:00,2.299999952316284,2.299999952316284,2.299999952316284,2.299999952316284,0,0.0,0.0
2023-05-19 09:30:00-04:00,2.3499999046325684,2.3499999046325684,2.299999952316284,2.299999952316284,454,0.0,0.0
2023-05-19 10:30:00-04:00,2.4000000953674316,2.4000000953674316,2.3685998916625977,2.3685998916625977,5761,0.0,0.0
2023-05-19 12:30:00-04:00,2.200000047683716,2.325000047683716,2.180000066757202,2.299999952316284,2194,0.0,0.0
2023-05-22 09:30:00-04:00,2.299999952316284,2.299999952316284,2.200000047683716,2.299999952316284,0,0.0,0.0
2023-05-24 12:30:00-04:00,2.1075000762939453,2.1075000762939453,2.1075000762939453,2.1075000762939453,172,0.0,0.0
2023-05-24 13:30:00-04:00,2.200000047683716,2.2000999450683594,2.200000047683716,2.2000999450683594,2688,0.0,0.0
2023-05-24 14:30:00-04:00,2.200000047683716,2.2699999809265137,2.200000047683716,2.2699999809265137,0,0.0,0.0
2023-05-25 09:30:00-04:00,2.109999895095825,2.190000057220459,2.109999895095825,2.190000057220459,1299,0.0,0.0
2023-05-25 10:30:00-04:00,2.1500000953674316,2.1500000953674316,2.140000104904175,2.140000104904175,610,0.0,0.0
2023-05-25 12:30:00-04:00,2.130000114440918,2.130000114440918,2.119999885559082,2.130000114440918,431,0.0,0.0
2023-05-26 11:30:00-04:00,2.1059999465942383,2.1059999465942383,2.1059999465942383,2.1059999465942383,0,0.0,0.0
2023-05-26 12:30:00-04:00,2.128700017929077,2.128700017929077,2.128700017929077,2.128700017929077,120,0.0,0.0
2023-05-26 13:30:00-04:00,2.009999990463257,2.009999990463257,2.009999990463257,2.009999990463257,1265,0.0,0.0
2023-05-26 15:30:00-04:00,2.009999990463257,2.009999990463257,2.009999990463257,2.009999990463257,220,0.0,0.0
2023-05-30 09:30:00-04:00,2.0999999046325684,2.194499969482422,2.0999999046325684,2.0999999046325684,929,0.0,0.0
2023-05-30 10:30:00-04:00,2.0199999809265137,2.0199999809265137,2.0199999809265137,2.0199999809265137,0,0.0,0.0
2023-05-31 09:30:00-04:00,2.047499895095825,2.047499895095825,2.047499895095825,2.047499895095825,207,0.0,0.0
2023-05-31 10:30:00-04:00,2.049999952316284,2.049999952316284,2.049999952316284,2.049999952316284,636,0.0,0.0
2023-05-31 14:30:00-04:00,2.009999990463257,2.009999990463257,2.009999990463257,2.009999990463257,399,0.0,0.0
2023-06-01 10:30:00-04:00,2.0931999683380127,2.0931999683380127,2.0931999683380127,2.0931999683380127,0,0.0,0.0
2023-06-01 11:30:00-04:00,2.059999942779541,2.059999942779541,2.059999942779541,2.059999942779541,410,0.0,0.0
2023-06-01 12:30:00-04:00,2.009999990463257,2.069999933242798,2.009999990463257,2.069999933242798,2078,0.0,0.0
2023-06-02 09:30:00-04:00,2.0399999618530273,2.0399999618530273,2.0399999618530273,2.0399999618530273,0,0.0,0.0
2023-06-02 10:30:00-04:00,2.049999952316284,2.049999952316284,2.049999952316284,2.049999952316284,1725,0.0,0.0
2023-06-02 11:30:00-04:00,2.04010009765625,2.0409998893737793,2.0,2.0,11603,0.0,0.0
2023-06-02 12:30:00-04:00,1.9900000095367432,1.9900000095367432,1.9537999629974365,1.9537999629974365,995,0.0,0.0
2023-06-02 14:30:00-04:00,1.9700000286102295,1.9700000286102295,1.9500000476837158,1.9500000476837158,1361,0.0,0.0
2023-06-06 12:30:00-04:00,2.0899999141693115,2.0899999141693115,2.0799999237060547,2.0899999141693115,1011,0.0,0.0
2023-06-06 14:30:00-04:00,2.013400077819824,2.013400077819824,2.013400077819824,2.013400077819824,0,0.0,0.0
2023-06-07 10:30:00-04:00,2.0299999713897705,2.0299999713897705,2.0,2.0,201,0.0,0.0
2023-06-07 11:30:00-04:00,1.9800000190734863,1.9800000190734863,1.9800000190734863,1.9800000190734863,195,0.0,0.0
2023-06-07 13:30:00-04:00,1.9600000381469727,2.0599000453948975,1.9600000381469727,2.0183000564575195,2164,0.0,0.0
2023-06-07 14:30:00-04:00,2.024899959564209,2.024899959564209,2.024899959564209,2.024899959564209,301,0.0,0.0
2023-06-08 13:30:00-04:00,1.9700000286102295,1.9900000095367432,1.9500000476837158,1.9500000476837158,967,0.0,0.0
2023-06-08 15:30:00-04:00,1.993499994277954,2.0044000148773193,1.993499994277954,2.0044000148773193,0,0.0,0.0
2023-06-09 09:30:00-04:00,2.003200054168701,2.003200054168701,1.9299999475479126,1.9299999475479126,556,0.0,0.0
2023-06-09 10:30:00-04:00,1.940000057220459,1.9407000541687012,1.8899999856948853,1.8899999856948853,1528,0.0,0.0
2023-06-09 11:30:00-04:00,1.8597999811172485,1.8849999904632568,1.8597999811172485,1.8849999904632568,1252,0.0,0.0
2023-06-09 12:30:00-04:00,1.8700000047683716,1.899999976158142,1.8600000143051147,1.899999976158142,1689,0.0,0.0
2023-06-09 13:30:00-04:00,1.909999966621399,1.909999966621399,1.909999966621399,1.909999966621399,466,0.0,0.0
2023-06-09 14:30:00-04:00,1.899999976158142,1.899999976158142,1.8600000143051147,1.8600000143051147,585,0.0,0.0
2023-06-12 09:30:00-04:00,1.9156999588012695,1.9156999588012695,1.875499963760376,1.875499963760376,0,0.0,0.0
2023-06-13 09:30:00-04:00,1.8899999856948853,1.8899999856948853,1.8899999856948853,1.8899999856948853,1009,0.0,0.0
2023-06-13 14:30:00-04:00,1.895300030708313,1.895300030708313,1.8899999856948853,1.8899999856948853,0,0.0,0.0
2023-06-14 12:30:00-04:00,1.9158999919891357,1.9158999919891357,1.9158999919891357,1.9158999919891357,168,0.0,0.0
2023-06-14 13:30:00-04:00,1.9500000476837158,1.9500000476837158,1.9500000476837158,1.9500000476837158,200,0.0,0.0
2023-06-14 14:30:00-04:00,1.909999966621399,1.910099983215332,1.868399977684021,1.868399977684021,6348,0.0,0.0
2023-06-14 15:30:00-04:00,1.8801000118255615,1.9599000215530396,1.8799999952316284,1.9599000215530396,0,0.0,0.0
2023-06-15 11:30:00-04:00,1.9199999570846558,1.934999942779541,1.9105000495910645,1.9105000495910645,300,0.0,0.0
2023-06-15 13:30:00-04:00,1.9500000476837158,1.9600000381469727,1.9500000476837158,1.9600000381469727,1237,0.0,0.0
2023-06-15 14:30:00-04:00,1.9500000476837158,1.9500000476837158,1.9500000476837158,1.9500000476837158,269,0.0,0.0
2023-06-15 15:30:00-04:00,1.9299999475479126,1.9500000476837158,1.899999976158142,1.9433000087738037,4141,0.0,0.0
2023-06-16 09:30:00-04:00,1.8799999952316284,1.8799999952316284,1.8799999952316284,1.8799999952316284,345,0.0,0.0
2023-06-16 10:30:00-04:00,1.8882999420166016,1.8882999420166016,1.8882999420166016,1.8882999420166016,242,0.0,0.0
2023-06-16 12:30:00-04:00,1.8899999856948853,1.8899999856948853,1.8899999856948853,1.8899999856948853,236,0.0,0.0
2023-06-16 13:30:00-04:00,1.8899999856948853,1.8899999856948853,1.8799999952316284,1.8801000118255615,1067,0.0,0.0
2023-06-16 15:30:00-04:00,1.9199999570846558,1.9199999570846558,1.9199999570846558,1.9199999570846558,321,0.0,0.0
2023-06-20 09:30:00-04:00,1.9199999570846558,1.9199999570846558,1.9199999570846558,1.9199999570846558,0,0.0,0.0
2023-06-20 10:30:00-04:00,1.940000057220459,1.940000057220459,1.9199999570846558,1.9199999570846558,1124,0.0,0.0
2023-06-20 13:30:00-04:00,1.962499976158142,1.962499976158142,1.962499976158142,1.962499976158142,824,0.0,0.0
2023-06-20 14:30:00-04:00,2.0,2.0,2.0,2.0,537,0.0,0.0
2023-06-20 15:30:00-04:00,2.069999933242798,2.069999933242798,2.069999933242798,2.069999933242798,0,0.0,0.0
2023-06-21 09:30:00-04:00,2.069999933242798,2.069999933242798,2.0299999713897705,2.0299999713897705,692,0.0,0.0
2023-06-21 12:30:00-04:00,2.0485000610351562,2.0485000610351562,2.0485000610351562,2.0485000610351562,126,0.0,0.0
2023-06-21 14:30:00-04:00,2.125699996948242,2.125699996948242,2.061000108718872,2.061000108718872,424,0.0,0.0
2023-06-22 09:30:00-04:00,2.049999952316284,2.259999990463257,2.0199999809265137,2.180000066757202,9325,0.0,0.0
2023-06-22 10:30:00-04:00,2.0999999046325684,2.1563000679016113,2.069999933242798,2.1563000679016113,784,0.0,0.0
2023-06-22 11:30:00-04:00,2.0899999141693115,2.1500000953674316,2.0,2.119999885559082,5845,0.0,0.0
2023-06-22 14:30:00-04:00,1.9300999641418457,1.9300999641418457,1.9300999641418457,1.9300999641418457,0,0.0,0.0
2023-06-23 15:30:00-04:00,2.0299999713897705,2.0299999713897705,1.9600000381469727,1.9600000381469727,913,0.0,0.0
2023-06-26 09:30:00-04:00,2.0899999141693115,2.0899999141693115,2.0899999141693115,2.0899999141693115,1162,0.0,0.0
2023-06-26 12:30:00-04:00,2.0799999237060547,2.0799999237060547,2.0799999237060547,2.0799999237060547,213,0.0,0.0
2023-06-26 14:30:00-04:00,2.0799999237060547,2.0799999237060547,1.9600000381469727,1.9600000381469727,0,0.0,0.0
2023-06-27 09:30:00-04:00,1.9600000381469727,2.049999952316284,1.9600000381469727,2.0,3991,0.0,0.0
2023-06-27 10:30:00-04:00,2.0799999237060547,2.0799999237060547,2.0799999237060547,2.0799999237060547,104,0.0,0.0
2023-06-27 12:30:00-04:00,2.0399999618530273,2.0406999588012695,1.9800000190734863,2.0406999588012695,1600,0.0,0.0
2023-06-27 13:30:00-04:00,2.06820011138916,2.06820011138916,2.06820011138916,2.06820011138916,101,0.0,0.0
2023-06-28 10:30:00-04:00,2.059999942779541,2.059999942779541,2.059999942779541,2.059999942779541,1218,0.0,0.0
2023-06-28 11:30:00-04:00,2.0799999237060547,2.0799999237060547,2.0799999237060547,2.0799999237060547,101,0.0,0.0
2023-06-28 14:30:00-04:00,2.0799999237060547,2.0799999237060547,2.0799999237060547,2.0799999237060547,200,0.0,0.0
2023-06-28 15:30:00-04:00,1.9500999450683594,1.9500999450683594,1.9500999450683594,1.9500999450683594,0,0.0,0.0
2023-06-29 10:30:00-04:00,1.9600000381469727,2.069999933242798,1.9600000381469727,2.069999933242798,338,0.0,0.0
2023-06-29 12:30:00-04:00,2.069999933242798,2.069999933242798,2.059999942779541,2.069999933242798,397,0.0,0.0
2023-06-29 15:30:00-04:00,2.0350000858306885,2.0350000858306885,2.0350000858306885,2.0350000858306885,0,0.0,0.0
2023-06-30 11:30:00-04:00,1.9615000486373901,1.9900000095367432,1.9615000486373901,1.9900000095367432,564,0.0,0.0
2023-06-30 13:30:00-04:00,1.975000023841858,1.9900000095367432,1.975000023841858,1.9900000095367432,252,0.0,0.0
2023-06-30 15:30:00-04:00,2.0,2.0,2.0,2.0,200,0.0,0.0
2023-07-05 10:30:00-04:00,2.0799999237060547,2.0799999237060547,2.0799999237060547,2.0799999237060547,0,0.0,0.0
2023-07-05 11:30:00-04:00,2.0199999809265137,2.0199999809265137,2.0199999809265137,2.0199999809265137,599,0.0,0.0
2023-07-05 12:30:00-04:00,1.9500000476837158,1.9500000476837158,1.9500000476837158,1.9500000476837158,300,0.0,0.0
2023-07-05 13:30:00-04:00,2.0399999618530273,2.0399999618530273,2.0399999618530273,2.0399999618530273,385,0.0,0.0
2023-07-06 09:30:00-04:00,2.25,2.25,2.1540000438690186,2.1960999965667725,6782,0.0,0.0
2023-07-06 10:30:00-04:00,2.180000066757202,2.2298998832702637,2.180000066757202,2.2298998832702637,4483,0.0,0.0
2023-07-06 11:30:00-04:00,1.9781999588012695,1.9800000190734863,1.9781999588012695,1.9800000190734863,1886,0.0,0.0
2023-07-06 13:30:00-04:00,2.190000057220459,2.200000047683716,2.180000066757202,2.200000047683716,0,0.0,0.0
2023-07-07 09:30:00-04:00,2.200000047683716,2.200000047683716,2.0999999046325684,2.0999999046325684,1312,0.0,0.0
2023-07-07 10:30:00-04:00,2.100100040435791,2.112499952316284,2.049999952316284,2.0999999046325684,6391,0.0,0.0
2023-07-07 11:30:00-04:00,2.200000047683716,2.200000047683716,2.200000047683716,2.200000047683716,125,0.0,0.0
2023-07-07 12:30:00-04:00,2.180000066757202,2.180000066757202,2.180000066757202,2.180000066757202,147,0.0,0.0
2023-07-07 14:30:00-04:00,2.1600000858306885,2.1600000858306885,2.1600000858306885,2.1600000858306885,120,0.0,0.0
2023-07-10 09:30:00-04:00,2.1256000995635986,2.1256000995635986,2.1256000995635986,2.1256000995635986,160,0.0,0.0
2023-07-10 10:30:00-04:00,2.056299924850464,2.056299924850464,2.056299924850464,2.056299924850464,140,0.0,0.0
2023-07-10 11:30:00-04:00,2.059999942779541,2.130000114440918,2.059999942779541,2.130000114440918,767,0.0,0.0
2023-07-11 09:30:00-04:00,2.069999933242798,2.069999933242798,2.069999933242798,2.069999933242798,0,0.0,0.0
2023-07-12 09:30:00-04:00,2.02620005607605,2.02620005607605,2.009999990463257,2.009999990463257,0,0.0,0.0
2023-07-12 10:30:00-04:00,2.009999990463257,2.0100998878479004,1.9700000286102295,1.9701000452041626,4321,0.0,0.0
2023-07-12 11:30:00-04:00,2.089900016784668,2.089900016784668,2.089900016784668,2.089900016784668,0,0.0,0.0
2023-07-13 12:30:00-04:00,2.0999999046325684,2.0999999046325684,2.0999999046325684,2.0999999046325684,130,0.0,0.0
2023-07-13 13:30:00-04:00,2.0999999046325684,2.0999999046325684,2.0999999046325684,2.0999999046325684,100,0.0,0.0
2023-07-14 09:30:00-04:00,1.9700000286102295,1.9700000286102295,1.9700000286102295,1.9700000286102295,403,0.0,0.0
2023-07-17 10:30:00-04:00,2.009999990463257,2.009999990463257,2.009999990463257,2.009999990463257,0,0.0,0.0
2023-07-17 11:30:00-04:00,2.0350000858306885,2.0350000858306885,2.0,2.0,427,0.0,0.0
2023-07-17 14:30:00-04:00,2.069999933242798,2.069999933242798,2.069999933242798,2.069999933242798,0,0.0,0.0
2023-07-18 12:30:00-04:00,2.0199999809265137,2.0199999809265137,2.0199999809265137,2.0199999809265137,407,0.0,0.0
2023-07-18 13:30:00-04:00,2.0,2.099900007247925,1.9900000095367432,2.099900007247925,926,0.0,0.0
2023-07-19 09:30:00-04:00,1.9800000190734863,1.9800000190734863,1.9800000190734863,1.9800000190734863,0,0.0,0.0
2023-07-20 09:30:00-04:00,2.009999990463257,2.009999990463257,1.9800000190734863,1.9800000190734863,2277,0.0,0.0
2023-07-20 10:30:00-04:00,1.9773000478744507,1.9900000095367432,1.9773000478744507,1.9900000095367432,5346,0.0,0.0
2023-07-20 15:30:00-04:00,2.0,2.0,1.9900000095367432,1.9900000095367432,0,0.0,0.0
2023-07-21 10:30:00-04:00,1.9601000547409058,1.9601000547409058,1.9601000547409058,1.9601000547409058,530,0.0,0.0
2023-07-21 14:30:00-04:00,1.9700000286102295,1.9700000286102295,1.9700000286102295,1.9700000286102295,647,0.0,0.0
2023-07-21 15:30:00-04:00,1.9600000381469727,1.9600000381469727,1.9600000381469727,1.9600000381469727,400,0.0,0.0
2023-07-24 09:30:00-04:00,1.9700000286102295,1.9700000286102295,1.9700000286102295,1.9700000286102295,0,0.0,0.0
2023-07-24 11:30:00-04:00,1.9711999893188477,1.9711999893188477,1.9711999893188477,1.9711999893188477,225,0.0,0.0
2023-07-24 12:30:00-04:00,1.9673000574111938,1.9673000574111938,1.9673000574111938,1.9673000574111938,290,0.0,0.0
2023-07-24 14:30:00-04:00,1.9600000381469727,1.9600000381469727,1.9199999570846558,1.9199999570846558,528,0.0,0.0
2023-07-24 15:30:00-04:00,1.940000057220459,1.9800000190734863,1.899999976158142,1.9800000190734863,0,0.0,0.0
2023-07-25 11:30:00-04:00,1.927299976348877,1.927299976348877,1.927299976348877,1.927299976348877,315,0.0,0.0
2023-07-26 12:30:00-04:00,2.0199999809265137,2.0199999809265137,2.0199999809265137,2.0199999809265137,527,0.0,0.0
2023-07-26 15:30:00-04:00,2.0199999809265137,2.0199999809265137,2.0199999809265137,2.0199999809265137,0,0.0,0.0
2023-07-27 12:30:00-04:00,2.069999933242798,2.069999933242798,2.069999933242798,2.069999933242798,0,0.0,0.0
2023-07-27 13:30:00-04:00,2.069999933242798,2.069999933242798,2.069999933242798,2.069999933242798,84,0.0,0.0
2023-07-28 09:30:00-04:00,2.087899923324585,2.087899923324585,2.087899923324585,2.087899923324585,186,0.0,0.0
2023-07-28 11:30:00-04:00,2.0799999237060547,2.0799999237060547,2.0799999237060547,2.0799999237060547,192,0.0,0.0
2023-07-28 15:30:00-04:00,1.9700000286102295,1.9700000286102295,1.9600000381469727,1.9600000381469727,855,0.0,0.0
2023-07-31 09:30:00-04:00,2.619999885559082,2.7499001026153564,2.3499999046325684,2.4700000286102295,1851086,0.0,0.0
2023-07-31 10:30:00-04:00,2.4855000972747803,2.549999952316284,2.369999885559082,2.390199899673462,189320,0.0,0.0
2023-07-31 11:30:00-04:00,2.4100000858306885,2.559999942779541,2.369999885559082,2.480299949645996,209812,0.0,0.0
2023-07-31 12:30:00-04:00,2.4853999614715576,2.5499000549316406,2.359999895095825,2.430000066757202,96071,0.0,0.0
2023-07-31 13:30:00-04:00,2.440000057220459,2.4800000190734863,2.3501999378204346,2.430000066757202,69543,0.0,0.0
2023-07-31 14:30:00-04:00,2.4230000972747803,2.440000057220459,2.359999895095825,2.440000057220459,41311,0.0,0.0
2023-07-31 15:30:00-04:00,2.4298999309539795,2.4600000381469727,2.369999885559082,2.4600000381469727,119275,0.0,0.0
2023-08-01 09:30:00-04:00,2.390000104904175,2.549999952316284,2.119999885559082,2.25,127903,0.0,0.0
2023-08-01 10:30:00-04:00,2.2100000381469727,2.2790000438690186,2.190000057220459,2.25,11305,0.0,0.0
2023-08-01 11:30:00-04:00,2.203000068664551,2.25,2.119999885559082,2.140000104904175,6779,0.0,0.0
2023-08-01 12:30:00-04:00,2.140000104904175,2.240000009536743,2.119999885559082,2.2200000286102295,8976,0.0,0.0
2023-08-01 13:30:00-04:00,2.200000047683716,2.200000047683716,2.1201000213623047,2.174999952316284,1339,0.0,0.0
2023-08-01 14:30:00-04:00,2.180000066757202,2.200000047683716,2.130000114440918,2.200000047683716,2040,0.0,0.0
2023-08-01 15:30:00-04:00,2.200000047683716,2.4000000953674316,2.180000066757202,2.3399999141693115,0,0.0,0.0
2023-08-02 09:30:00-04:00,2.190000057220459,2.299999952316284,2.1201000213623047,2.2699999809265137,21431,0.0,0.0
2023-08-02 10:30:00-04:00,2.25,2.2699999809265137,2.1401000022888184,2.1600000858306885,5240,0.0,0.0
2023-08-02 11:30:00-04:00,2.2197000980377197,2.2699999809265137,2.160099983215332,2.2699999809265137,3714,0.0,0.0
2023-08-02 12:30:00-04:00,2.2200000286102295,2.309999942779541,2.180000066757202,2.259999990463257,6135,0.0,0.0
2023-08-02 13:30:00-04:00,2.2225000858306885,2.4100000858306885,2.2100000381469727,2.4100000858306885,15498,0.0,0.0
2023-08-02 14:30:00-04:00,2.4100000858306885,3.450000047683716,2.409899950027466,3.1500000953674316,317592,0.0,0.0
2023-08-02 15:30:00-04:00,3.0999999046325684,3.0999999046325684,2.5676000118255615,2.640000104904175,81391,0.0,0.0
2023-08-03 09:30:00-04:00,2.5999999046325684,2.8499999046325684,2.5,2.763700008392334,27107,0.0,0.0
2023-08-03 10:30:00-04:00,2.809999942779541,2.815000057220459,2.740000009536743,2.75,19656,0.0,0.0
2023-08-03 11:30:00-04:00,2.7755000591278076,2.9000000953674316,2.755000114440918,2.8299999237060547,13348,0.0,0.0
2023-08-03 12:30:00-04:00,2.865000009536743,2.890000104904175,2.740000009536743,2.7539000511169434,6819,0.0,0.0
2023-08-03 13:30:00-04:00,2.799999952316284,2.8961000442504883,2.75600004196167,2.75600004196167,481,0.0,0.0
2023-08-03 14:30:00-04:00,2.740000009536743,2.880000114440918,2.740000009536743,2.753000020980835,2622,0.0,0.0
2023-08-03 15:30:00-04:00,2.750999927520752,2.819999933242798,2.5199999809265137,2.5199999809265137,2231,0.0,0.0
2023-08-04 09:30:00-04:00,2.509999990463257,2.7119998931884766,2.509999990463257,2.6500000953674316,3606,0.0,0.0
2023-08-04 10:30:00-04:00,2.640000104904175,2.6500000953674316,2.5250000953674316,2.5999999046325684,1306,0.0,0.0
2023-08-04 11:30:00-04:00,2.575000047683716,2.859999895095825,2.550100088119507,2.7799999713897705,14529,0.0,0.0
2023-08-04 12:30:00-04:00,2.7428998947143555,2.7428998947143555,2.569999933242798,2.7100000381469727,2259,0.0,0.0
2023-08-04 13:30:00-04:00,2.562000036239624,2.680000066757202,2.559999942779541,2.680000066757202,4483,0.0,0.0
2023-08-04 14:30:00-04:00,2.559999942779541,2.690000057220459,2.509999990463257,2.5799999237060547,6940,0.0,0.0
2023-08-04 15:30:00-04:00,2.509999990463257,2.559999942779541,2.5,2.509999990463257,3230,0.0,0.0
2023-08-07 09:30:00-04:00,2.450000047683716,2.4600000381469727,2.450000047683716,2.4600000381469727,696,0.0,0.0
2023-08-07 10:30:00-04:00,2.4500999450683594,2.5027999877929688,2.4500999450683594,2.5027999877929688,1875,0.0,0.0
2023-08-07 11:30:00-04:00,2.5999999046325684,2.6500000953674316,2.440000057220459,2.490000009536743,7698,0.0,0.0
2023-08-07 12:30:00-04:00,2.390000104904175,2.444999933242798,2.390000104904175,2.444999933242798,957,0.0,0.0
2023-08-07 13:30:00-04:00,2.4010000228881836,2.4010000228881836,2.4010000228881836,2.4010000228881836,190,0.0,0.0
2023-08-07 14:30:00-04:00,2.444999933242798,2.444999933242798,2.4151999950408936,2.4151999950408936,428,0.0,0.0
2023-08-07 15:30:00-04:00,2.4000000953674316,2.4000000953674316,2.309999942779541,2.309999942779541,6219,0.0,0.0
2023-08-08 09:30:00-04:00,2.359999895095825,2.4200000762939453,2.299999952316284,2.299999952316284,3139,0.0,0.0
2023-08-08 10:30:00-04:00,2.299999952316284,2.3541998863220215,2.299999952316284,2.3299999237060547,1265,0.0,0.0
2023-08-08 12:30:00-04:00,2.25,2.25,2.25,2.25,309,0.0,0.0
2023-08-08 14:30:00-04:00,2.262700080871582,2.262700080871582,2.262700080871582,2.262700080871582,236,0.0,0.0
2023-08-08 15:30:00-04:00,2.240000009536743,2.240000009536743,2.180000066757202,2.180000066757202,0,0.0,0.0
2023-08-09 09:30:00-04:00,2.2039999961853027,2.2039999961853027,2.2039999961853027,2.2039999961853027,1005,0.0,0.0
2023-08-09 12:30:00-04:00,2.200000047683716,2.200000047683716,2.200000047683716,2.200000047683716,696,0.0,0.0
2023-08-09 15:30:00-04:00,2.3203999996185303,2.3724000453948975,2.299999952316284,2.309999942779541,0,0.0,0.0
2023-08-10 09:30:00-04:00,2.2100000381469727,2.2100000381469727,2.2100000381469727,2.2100000381469727,639,0.0,0.0
2023-08-10 15:30:00-04:00,2.25,2.3499999046325684,2.2100000381469727,2.2100000381469727,0,0.0,0.0
2023-08-11 10:30:00-04:00,2.2397000789642334,2.2397000789642334,2.2397000789642334,2.2397000789642334,189,0.0,0.0
2023-08-11 11:30:00-04:00,2.190000057220459,2.190000057220459,2.190000057220459,2.190000057220459,257,0.0,0.0
2023-08-11 13:30:00-04:00,2.200000047683716,2.299999952316284,2.180000066757202,2.299999952316284,1979,0.0,0.0
2023-08-11 14:30:00-04:00,2.359999895095825,2.359999895095825,2.3299999237060547,2.3299999237060547,1699,0.0,0.0
2023-08-11 15:30:00-04:00,2.190000057220459,2.190000057220459,2.1700000762939453,2.1700000762939453,352,0.0,0.0
2023-08-14 11:30:00-04:00,2.119999885559082,2.1201000213623047,2.0199999809265137,2.0950000286102295,5698,0.0,0.0
2023-08-14 12:30:00-04:00,2.0999999046325684,2.1135001182556152,2.0999999046325684,2.1135001182556152,2270,0.0,0.0
2023-08-14 15:30:00-04:00,2.049999952316284,2.134999990463257,2.049999952316284,2.0899999141693115,0,0.0,0.0
2023-08-15 09:30:00-04:00,2.180000066757202,2.4200000762939453,2.180000066757202,2.2058000564575195,3280,0.0,0.0
2023-08-15 10:30:00-04:00,2.2300000190734863,2.2300000190734863,2.2300000190734863,2.2300000190734863,179,0.0,0.0
2023-08-15 11:30:00-04:00,2.190000057220459,2.190000057220459,2.190000057220459,2.190000057220459,2327,0.0,0.0
2023-08-15 12:30:00-04:00,2.4100000858306885,2.4100000858306885,2.2699999809265137,2.2699999809265137,302,0.0,0.0
2023-08-15 13:30:00-04:00,2.4000000953674316,2.4000000953674316,2.4000000953674316,2.4000000953674316,115,0.0,0.0
2023-08-15 14:30:00-04:00,2.4000000953674316,2.4000000953674316,2.1500000953674316,2.1500000953674316,7034,0.0,0.0
2023-08-15 15:30:00-04:00,2.2850000858306885,2.2850000858306885,2.180000066757202,2.180000066757202,0,0.0,0.0
2023-08-16 10:30:00-04:00,2.1700000762939453,2.1700000762939453,2.069200038909912,2.069200038909912,2339,0.0,0.0
2023-08-16 11:30:00-04:00,2.078700065612793,2.1050000190734863,2.069999933242798,2.069999933242798,902,0.0,0.0
2023-08-16 12:30:00-04:00,2.130000114440918,2.140000104904175,2.109999895095825,2.109999895095825,1429,0.0,0.0
2023-08-16 13:30:00-04:00,2.0931999683380127,2.140000104904175,2.0931999683380127,2.140000104904175,1179,0.0,0.0
2023-08-16 14:30:00-04:00,2.174999952316284,2.2200000286102295,2.059999942779541,2.059999942779541,6497,0.0,0.0
2023-08-16 15:30:00-04:00,2.0799999237060547,2.2100000381469727,2.059999942779541,2.069999933242798,3262,0.0,0.0
2023-08-17 09:30:00-04:00,2.0299999713897705,2.069999933242798,2.0299999713897705,2.059999942779541,0,0.0,0.0
2023-08-17 11:30:00-04:00,2.072200059890747,2.072200059890747,2.059999942779541,2.059999942779541,1277,0.0,0.0
2023-08-17 12:30:00-04:00,2.059999942779541,2.059999942779541,2.059999942779541,2.059999942779541,784,0.0,0.0
2023-08-17 15:30:00-04:00,2.069999933242798,2.069999933242798,2.049999952316284,2.049999952316284,0,0.0,0.0
2023-08-18 09:30:00-04:00,2.0399999618530273,2.0399999618530273,2.0399999618530273,2.0399999618530273,780,0.0,0.0
2023-08-18 10:30:00-04:00,2.059999942779541,2.069999933242798,2.049999952316284,2.0687999725341797,0,0.0,0.0
2023-08-18 11:30:00-04:00,2.0999999046325684,2.119999885559082,2.059999942779541,2.059999942779541,10360,0.0,0.0
2023-08-18 13:30:00-04:00,2.0799999237060547,2.0799999237060547,2.0799999237060547,2.0799999237060547,737,0.0,0.0
2023-08-18 15:30:00-04:00,2.0399999618530273,2.0399999618530273,1.909999966621399,1.909999966621399,11642,0.0,0.0
2023-08-21 09:30:00-04:00,1.9199999570846558,1.9211000204086304,1.8899999856948853,1.8899999856948853,2787,0.0,0.0
2023-08-21 10:30:00-04:00,1.8799999952316284,1.8799999952316284,1.850000023841858,1.850000023841858,1904,0.0,0.0
2023-08-21 11:30:00-04:00,1.899899959564209,1.9299999475479126,1.8997000455856323,1.9299999475479126,1799,0.0,0.0
2023-08-21 14:30:00-04:00,2.0199999809265137,2.086199998855591,1.9421000480651855,1.9421000480651855,2876,0.0,0.0
2023-08-21 15:30:00-04:00,1.9450000524520874,2.0399999618530273,1.909999966621399,1.9600000381469727,0,0.0,0.0
2023-08-22 09:30:00-04:00,2.137500047683716,2.137500047683716,1.9630000591278076,1.9630000591278076,3621,0.0,0.0
2023-08-22 10:30:00-04:00,1.9630000591278076,1.9630000591278076,1.9630000591278076,1.9630000591278076,127,0.0,0.0
2023-08-22 15:30:00-04:00,1.9591000080108643,1.9600000381469727,1.9500000476837158,1.9600000381469727,0,0.0,0.0
2023-08-23 09:30:00-04:00,1.8799999952316284,1.8799999952316284,1.8799999952316284,1.8799999952316284,123,0.0,0.0
2023-08-23 10:30:00-04:00,1.8819999694824219,2.009999990463257,1.8819999694824219,2.009999990463257,2710,0.0,0.0
2023-08-23 11:30:00-04:00,1.9312000274658203,2.0,1.9312000274658203,1.9700000286102295,4118,0.0,0.0
2023-08-23 12:30:00-04:00,1.940000057220459,1.940000057220459,1.940000057220459,1.940000057220459,1612,0.0,0.0
2023-08-23 14:30:00-04:00,1.9299999475479126,1.9299999475479126,1.9299999475479126,1.9299999475479126,146,0.0,0.0
2023-08-23 15:30:00-04:00,1.9299999475479126,1.9850000143051147,1.9299999475479126,1.9723999500274658,0,0.0,0.0
2023-08-24 09:30:00-04:00,2.0199999809265137,2.069999933242798,1.9700000286102295,2.069999933242798,3679,0.0,0.0
2023-08-24 14:30:00-04:00,1.8969000577926636,1.899999976158142,1.8969000577926636,1.899999976158142,1590,0.0,0.0
2023-08-24 15:30:00-04:00,1.9600000381469727,1.9600000381469727,1.9600000381469727,1.9600000381469727,0,0.0,0.0
2023-08-25 09:30:00-04:00,1.8799999952316284,1.8799999952316284,1.8799999952316284,1.8799999952316284,237,0.0,0.0
2023-08-25 10:30:00-04:00,2.059999942779541,2.059999942779541,1.9812999963760376,1.9812999963760376,1806,0.0,0.0
2023-08-25 11:30:00-04:00,1.9199999570846558,1.9199999570846558,1.9199999570846558,1.9199999570846558,123,0.0,0.0
2023-08-25 12:30:00-04:00,1.9049999713897705,1.9299999475479126,1.9049999713897705,1.9299999475479126,373,0.0,0.0
2023-08-25 15:30:00-04:00,1.899999976158142,1.9900000095367432,1.899999976158142,1.9900000095367432,463,0.0,0.0
2023-08-28 09:30:00-04:00,1.9900000095367432,1.9900000095367432,1.850000023841858,1.850000023841858,0,0.0,0.0
2023-08-28 10:30:00-04:00,1.8600000143051147,1.899999976158142,1.8600000143051147,1.899999976158142,0,0.0,0.0
2023-08-28 14:30:00-04:00,2.0290000438690186,2.0290000438690186,1.909999966621399,1.909999966621399,5523,0.0,0.0
2023-08-28 15:30:00-04:00,1.8799999952316284,1.8799999952316284,1.8799999952316284,1.8799999952316284,234,0.0,0.0
2023-08-29 10:30:00-04:00,1.899999976158142,1.899999976158142,1.899999976158142,1.899999976158142,1124,0.0,0.0
2023-08-29 11:30:00-04:00,1.9700000286102295,1.9700000286102295,1.9700000286102295,1.9700000286102295,211,0.0,0.0
2023-08-29 12:30:00-04:00,1.9700000286102295,1.9700000286102295,1.9700000286102295,1.9700000286102295,0,0.0,0.0
2023-08-30 09:30:00-04:00,1.8753999471664429,1.8753999471664429,1.8753999471664429,1.8753999471664429,300,0.0,0.0
2023-08-30 13:30:00-04:00,2.0,2.0,2.0,2.0,0,0.0,0.0
2023-08-31 09:30:00-04:00,1.8300000429153442,1.8300000429153442,1.8300000429153442,1.8300000429153442,161,0.0,0.0
2023-08-31 11:30:00-04:00,1.9775999784469604,1.9775999784469604,1.9775999784469604,1.9775999784469604,160,0.0,0.0
2023-08-31 15:30:00-04:00,1.8799999952316284,1.8799999952316284,1.8799999952316284,1.8799999952316284,0,0.0,0.0
2023-09-01 09:30:00-04:00,2.0,2.0,1.9800000190734863,1.9800000190734863,902,0.0,0.0
2023-09-01 11:30:00-04:00,1.8799999952316284,1.8799999952316284,1.8799999952316284,1.8799999952316284,134,0.0,0.0
2023-09-01 14:30:00-04:00,1.989400029182434,2.009999990463257,1.989400029182434,2.0,1526,0.0,0.0
2023-09-01 15:30:00-04:00,1.9800000190734863,2.0199999809265137,1.940000057220459,1.940000057220459,1367,0.0,0.0
2023-09-05 09:30:00-04:00,2.069999933242798,2.069999933242798,1.90910005569458,1.90910005569458,2014,0.0,0.0
2023-09-05 10:30:00-04:00,1.909999966621399,1.9199999570846558,1.909999966621399,1.9199999570846558,909,0.0,0.0
2023-09-05 11:30:00-04:00,2.009999990463257,2.009999990463257,2.009999990463257,2.009999990463257,537,0.0,0.0
2023-09-05 12:30:00-04:00,2.009999990463257,2.009999990463257,1.9600000381469727,1.9600000381469727,868,0.0,0.0
2023-09-05 15:30:00-04:00,1.9199999570846558,1.9199999570846558,1.9199999570846558,1.9199999570846558,0,0.0,0.0
2023-09-06 09:30:00-04:00,1.9299999475479126,1.9299999475479126,1.9299999475479126,1.9299999475479126,1313,0.0,0.0
2023-09-06 12:30:00-04:00,1.9299999475479126,1.9299999475479126,1.9299999475479126,1.9299999475479126,170,0.0,0.0
2023-09-06 14:30:00-04:00,1.9600000381469727,1.9600000381469727,1.9500000476837158,1.9500000476837158,304,0.0,0.0
2023-09-06 15:30:00-04:00,1.9900000095367432,1.9900000095367432,1.940000057220459,1.940000057220459,0,0.0,0.0
2023-09-07 09:30:00-04:00,1.909999966621399,1.909999966621399,1.909999966621399,1.909999966621399,382,0.0,0.0
2023-09-07 10:30:00-04:00,1.909999966621399,1.999500036239624,1.909999966621399,1.999500036239624,1334,0.0,0.0
2023-09-07 11:30:00-04:00,1.9700000286102295,1.9739999771118164,1.9500000476837158,1.9739999771118164,1276,0.0,0.0
2023-09-07 13:30:00-04:00,1.9299999475479126,1.9299999475479126,1.9299999475479126,1.9299999475479126,313,0.0,0.0
2023-09-07 14:30:00-04:00,1.909999966621399,1.909999966621399,1.909999966621399,1.909999966621399,0,0.0,0.0
2023-09-08 09:30:00-04:00,2.0299999713897705,2.0299999713897705,1.909999966621399,1.9299999475479126,4395,0.0,0.0
2023-09-08 10:30:00-04:00,1.8600000143051147,1.868499994277954,1.8600000143051147,1.868499994277954,984,0.0,0.0
2023-09-08 12:30:00-04:00,1.9700000286102295,2.0199999809265137,1.8600000143051147,1.8600000143051147,1678,0.0,0.0
2023-09-11 11:30:00-04:00,1.9500000476837158,1.9500000476837158,1.9500000476837158,1.9500000476837158,0,0.0,0.0
2023-09-11 13:30:00-04:00,1.8801000118255615,1.8801000118255615,1.8801000118255615,1.8801000118255615,256,0.0,0.0
2023-09-11 14:30:00-04:00,1.8799999952316284,1.8799999952316284,1.8600000143051147,1.8600000143051147,576,0.0,0.0
2023-09-11 15:30:00-04:00,1.8700000047683716,1.8799999952316284,1.8600000143051147,1.8799999952316284,0,0.0,0.0
2023-09-12 09:30:00-04:00,1.8799999952316284,1.8799999952316284,1.8799999952316284,1.8799999952316284,154,0.0,0.0
2023-09-12 10:30:00-04:00,1.8899999856948853,1.9321999549865723,1.8799999952316284,1.8799999952316284,453,0.0,0.0
2023-09-12 11:30:00-04:00,1.899999976158142,1.899999976158142,1.899999976158142,1.899999976158142,102,0.0,0.0
2023-09-12 12:30:00-04:00,1.909999966621399,1.9112000465393066,1.8600000143051147,1.8729000091552734,2404,0.0,0.0
2023-09-12 14:30:00-04:00,1.8799999952316284,1.8799999952316284,1.8700000047683716,1.8700000047683716,787,0.0,0.0
2023-09-12 15:30:00-04:00,1.9199999570846558,1.9199999570846558,1.8300000429153442,1.8300000429153442,0,0.0,0.0
2023-09-13 09:30:00-04:00,1.8600000143051147,1.9097000360488892,1.8600000143051147,1.899999976158142,1302,0.0,0.0
2023-09-13 10:30:00-04:00,1.909999966621399,1.909999966621399,1.909999966621399,1.909999966621399,529,0.0,0.0
2023-09-13 11:30:00-04:00,1.8799999952316284,1.8799999952316284,1.840000033378601,1.8459999561309814,0,0.0,0.0
2023-09-13 12:30:00-04:00,1.8604999780654907,1.8604999780654907,1.8555999994277954,1.8555999994277954,7687,0.0,0.0
2023-09-13 13:30:00-04:00,1.8600000143051147,1.899999976158142,1.8600000143051147,1.899999976158142,840,0.0,0.0
2023-09-13 14:30:00-04:00,1.909999966621399,1.909999966621399,1.909999966621399,1.909999966621399,713,0.0,0.0
2023-09-13 15:30:00-04:00,1.8700000047683716,1.8700000047683716,1.8600000143051147,1.8600000143051147,0,0.0,0.0
2023-09-14 09:30:00-04:00,1.8300000429153442,1.8300000429153442,1.8300000429153442,1.8300000429153442,696,0.0,0.0
2023-09-14 10:30:00-04:00,1.9053000211715698,1.9053000211715698,1.9053000211715698,1.9053000211715698,817,0.0,0.0
2023-09-14 12:30:00-04:00,1.8809000253677368,1.8809000253677368,1.8809000253677368,1.8809000253677368,1100,0.0,0.0
2023-09-14 15:30:00-04:00,1.8300000429153442,1.8300000429153442,1.8300000429153442,1.8300000429153442,223,0.0,0.0
2023-09-15 09:30:00-04:00,1.850000023841858,1.850000023841858,1.850000023841858,1.850000023841858,204,0.0,0.0
2023-09-15 10:30:00-04:00,1.8300000429153442,1.8300000429153442,1.8300000429153442,1.8300000429153442,118,0.0,0.0
2023-09-15 12:30:00-04:00,1.840399980545044,1.840399980545044,1.840399980545044,1.840399980545044,295,0.0,0.0
2023-09-15 13:30:00-04:00,1.8300000429153442,1.899999976158142,1.8300000429153442,1.899999976158142,1120,0.0,0.0
2023-09-15 15:30:00-04:00,1.9199999570846558,1.9199999570846558,1.8200000524520874,1.8899999856948853,3811,0.0,0.0
2023-09-18 09:30:00-04:00,1.8700000047683716,1.8700000047683716,1.820099949836731,1.820099949836731,0,0.0,0.0
2023-09-19 10:30:00-04:00,1.9119000434875488,1.9119000434875488,1.9119000434875488,1.9119000434875488,123,0.0,0.0
2023-09-19 11:30:00-04:00,1.9077999591827393,1.9077999591827393,1.9077999591827393,1.9077999591827393,268,0.0,0.0
2023-09-19 13:30:00-04:00,1.899999976158142,1.9117000102996826,1.899999976158142,1.9117000102996826,214,0.0,0.0
2023-09-19 14:30:00-04:00,1.909999966621399,1.909999966621399,1.899999976158142,1.899999976158142,0,0.0,0.0
2023-09-20 09:30:00-04:00,1.899999976158142,1.899999976158142,1.899999976158142,1.899999976158142,206,0.0,0.0
2023-09-20 11:30:00-04:00,1.899999976158142,1.899999976158142,1.899999976158142,1.899999976158142,3007,0.0,0.0
2023-09-20 12:30:00-04:00,1.899999976158142,1.899999976158142,1.899999976158142,1.899999976158142,100,0.0,0.0
2023-09-20 13:30:00-04:00,1.899999976158142,1.899999976158142,1.899999976158142,1.899999976158142,0,0.0,0.0
2023-09-21 09:30:00-04:00,1.8300000429153442,1.840000033378601,1.8300000429153442,1.830899953842163,976,0.0,0.0
2023-09-21 15:30:00-04:00,1.9500000476837158,1.9500000476837158,1.9500000476837158,1.9500000476837158,0,0.0,0.0
2023-09-22 09:30:00-04:00,1.8300000429153442,1.8300000429153442,1.8300000429153442,1.8300000429153442,681,0.0,0.0
2023-09-22 14:30:00-04:00,1.850000023841858,1.850000023841858,1.840000033378601,1.840000033378601,0,0.0,0.0
2023-09-26 09:30:00-04:00,1.9500000476837158,1.9500000476837158,1.9500000476837158,1.9500000476837158,919,0.0,0.0
2023-09-26 10:30:00-04:00,1.850000023841858,1.850000023841858,1.850000023841858,1.850000023841858,550,0.0,0.0
2023-09-27 09:30:00-04:00,1.940000057220459,1.940000057220459,1.940000057220459,1.940000057220459,571,0.0,0.0
2023-09-27 12:30:00-04:00,1.9199999570846558,1.9199999570846558,1.8700000047683716,1.8700000047683716,377,0.0,0.0
2023-09-27 14:30:00-04:00,1.8700000047683716,1.8700000047683716,1.8700000047683716,1.8700000047683716,144,0.0,0.0
2023-09-27 15:30:00-04:00,1.8700000047683716,1.8700000047683716,1.8700000047683716,1.8700000047683716,0,0.0,0.0
2023-09-28 09:30:00-04:00,1.840000033378601,1.840000033378601,1.840000033378601,1.840000033378601,209,0.0,0.0
2023-09-28 10:30:00-04:00,1.850100040435791,1.850100040435791,1.850100040435791,1.850100040435791,607,0.0,0.0
2023-09-29 09:30:00-04:00,1.9215999841690063,1.9215999841690063,1.9215999841690063,1.9215999841690063,1431,0.0,0.0
2023-10-02 13:30:00-04:00,1.850000023841858,1.850000023841858,1.850000023841858,1.850000023841858,273,0.0,0.0
2023-10-02 14:30:00-04:00,1.850000023841858,1.850000023841858,1.850000023841858,1.850000023841858,0,0.0,0.0
2023-10-03 10:30:00-04:00,1.8926000595092773,1.8926000595092773,1.8926000595092773,1.8926000595092773,106,0.0,0.0
2023-10-03 11:30:00-04:00,1.840000033378601,1.8401000499725342,1.840000033378601,1.8401000499725342,483,0.0,0.0
2023-10-03 14:30:00-04:00,1.840000033378601,1.840000033378601,1.6100000143051147,1.7000000476837158,0,0.0,0.0
2023-10-05 09:30:00-04:00,1.7799999713897705,1.7799999713897705,1.7799999713897705,1.7799999713897705,271,0.0,0.0
2023-10-05 10:30:00-04:00,1.7584999799728394,1.7584999799728394,1.7584999799728394,1.7584999799728394,251,0.0,0.0
2023-10-05 14:30:00-04:00,1.7400000095367432,1.8641999959945679,1.7400000095367432,1.8641999959945679,420,0.0,0.0
2023-10-06 13:30:00-04:00,1.750100016593933,1.750100016593933,1.75,1.75,4082,0.0,0.0
2023-10-06 15:30:00-04:00,1.7999999523162842,1.8300000429153442,1.749500036239624,1.749500036239624,1086,0.0,0.0
2023-10-09 14:30:00-04:00,1.75,1.75,1.75,1.75,0,0.0,0.0
2023-10-10 09:30:00-04:00,1.7100000381469727,1.7100000381469727,1.7100000381469727,1.7100000381469727,714,0.0,0.0
2023-10-10 13:30:00-04:00,1.7100000381469727,1.7100000381469727,1.7100000381469727,1.7100000381469727,100,0.0,0.0
2023-10-10 14:30:00-04:00,1.7100000381469727,1.7106000185012817,1.7100000381469727,1.7106000185012817,0,0.0,0.0
2023-10-12 09:30:00-04:00,1.7899999618530273,1.7899999618530273,1.7899999618530273,1.7899999618530273,292,0.0,0.0
2023-10-12 11:30:00-04:00,1.7201000452041626,1.7549999952316284,1.7071000337600708,1.7071000337600708,1334,0.0,0.0
2023-10-12 12:30:00-04:00,1.7200000286102295,1.7200000286102295,1.7100000381469727,1.7100000381469727,890,0.0,0.0
2023-10-12 15:30:00-04:00,1.6200000047683716,1.6200000047683716,1.6200000047683716,1.6200000047683716,0,0.0,0.0
2023-10-13 10:30:00-04:00,1.7000000476837158,1.7000000476837158,1.7000000476837158,1.7000000476837158,297,0.0,0.0
2023-10-16 09:30:00-04:00,1.7100000381469727,1.7100000381469727,1.7100000381469727,1.7100000381469727,63,0.0,0.0
2023-10-16 15:30:00-04:00,1.7999000549316406,1.7999000549316406,1.7999000549316406,1.7999000549316406,0,0.0,0.0
2023-10-18 09:30:00-04:00,1.7200000286102295,1.75,1.7100000381469727,1.75,28,0.0,0.0
2023-10-19 11:30:00-04:00,1.7625000476837158,1.7625000476837158,1.7625000476837158,1.7625000476837158,200,0.0,0.0
2023-10-19 15:30:00-04:00,1.7699999809265137,1.7799999713897705,1.7699999809265137,1.7799999713897705,600,0.0,0.0
2023-10-20 09:30:00-04:00,1.6299999952316284,1.7400000095367432,1.6299999952316284,1.7400000095367432,504,0.0,0.0
2023-10-20 14:30:00-04:00,1.7000000476837158,1.7000000476837158,1.7000000476837158,1.7000000476837158,306,0.0,0.0
2023-10-20 15:30:00-04:00,1.7000000476837158,1.7100000381469727,1.7000000476837158,1.7100000381469727,305,0.0,0.0
2023-10-23 09:30:00-04:00,1.7099000215530396,1.7100000381469727,1.7000000476837158,1.7099000215530396,1202,0.0,0.0
2023-10-23 10:30:00-04:00,1.7000000476837158,1.7000000476837158,1.7000000476837158,1.7000000476837158,0,0.0,0.0
2023-10-24 14:30:00-04:00,1.6299999952316284,1.6299999952316284,1.6299999952316284,1.6299999952316284,20,0.0,0.0
2023-10-25 10:30:00-04:00,1.7300000190734863,1.7300000190734863,1.7300000190734863,1.7300000190734863,1086,0.0,0.0
2023-10-25 14:30:00-04:00,1.659999966621399,1.690000057220459,1.659999966621399,1.690000057220459,0,0.0,0.0
2023-10-26 13:30:00-04:00,1.6849000453948975,1.6849000453948975,1.6849000453948975,1.6849000453948975,51,0.0,0.0
2023-10-31 15:30:00-04:00,1.6799999475479126,1.735200047492981,1.6299999952316284,1.6299999952316284,880,0.0,0.0
2023-11-01 13:30:00-04:00,1.6399999856948853,1.6399999856948853,1.6399999856948853,1.6399999856948853,220,0.0,0.0
2023-11-01 14:30:00-04:00,1.6299999952316284,1.6299999952316284,1.6299999952316284,1.6299999952316284,0,0.0,0.0
2023-11-02 09:30:00-04:00,1.6376999616622925,1.6376999616622925,1.6376999616622925,1.6376999616622925,827,0.0,0.0
2023-11-02 14:30:00-04:00,1.684999942779541,1.690000057220459,1.6399999856948853,1.690000057220459,0,0.0,0.0
2023-11-03 14:30:00-04:00,1.6749999523162842,1.690000057220459,1.6749999523162842,1.679900050163269,1725,0.0,0.0
2023-11-03 15:30:00-04:00,1.7050000429153442,1.725000023841858,1.7050000429153442,1.725000023841858,562,0.0,0.0
2023-11-08 10:30:00-05:00,1.6299999952316284,1.6299999952316284,1.6299999952316284,1.6299999952316284,139,0.0,0.0
2023-11-08 11:30:00-05:00,1.6749999523162842,1.6749999523162842,1.6749999523162842,1.6749999523162842,603,0.0,0.0
2023-11-08 12:30:00-05:00,1.7200000286102295,1.7200000286102295,1.7200000286102295,1.7200000286102295,0,0.0,0.0
2023-11-09 09:30:00-05:00,1.690000057220459,1.690000057220459,1.690000057220459,1.690000057220459,997,0.0,0.0
2023-11-09 11:30:00-05:00,1.6749999523162842,1.6749999523162842,1.6749999523162842,1.6749999523162842,380,0.0,0.0
2023-11-09 12:30:00-05:00,1.690000057220459,1.7000000476837158,1.690000057220459,1.7000000476837158,826,0.0,0.0
2023-11-09 13:30:00-05:00,1.7000000476837158,1.7000000476837158,1.7000000476837158,1.7000000476837158,0,0.0,0.0
2023-11-10 09:30:00-05:00,1.6500999927520752,1.6500999927520752,1.6500999927520752,1.6500999927520752,319,0.0,0.0
2023-11-10 11:30:00-05:00,1.6904000043869019,1.7197999954223633,1.6904000043869019,1.7197999954223633,231,0.0,0.0
2023-11-10 13:30:00-05:00,1.690500020980835,1.690500020980835,1.649999976158142,1.649999976158142,374,0.0,0.0
2023-11-10 14:30:00-05:00,1.6786999702453613,1.7000000476837158,1.6749999523162842,1.7000000476837158,301,0.0,0.0
2023-11-10 15:30:00-05:00,1.691499948501587,1.7000000476837158,1.6749999523162842,1.7000000476837158,603,0.0,0.0
2023-11-13 09:30:00-05:00,1.649999976158142,1.679900050163269,1.649999976158142,1.6500999927520752,830,0.0,0.0
2023-11-13 12:30:00-05:00,1.6749999523162842,1.6999000310897827,1.6749999523162842,1.6999000310897827,330,0.0,0.0
2023-11-13 14:30:00-05:00,1.7000000476837158,1.7000000476837158,1.7000000476837158,1.7000000476837158,441,0.0,0.0
2023-11-13 15:30:00-05:00,1.684999942779541,1.69159996509552,1.6612999439239502,1.69159996509552,0,0.0,0.0
2023-11-14 09:30:00-05:00,1.6900999546051025,1.7050000429153442,1.690000057220459,1.690000057220459,811,0.0,0.0
2023-11-14 12:30:00-05:00,1.7200000286102295,1.7200000286102295,1.7200000286102295,1.7200000286102295,196,0.0,0.0
2023-11-14 15:30:00-05:00,1.6708999872207642,1.7200000286102295,1.6708999872207642,1.7000000476837158,1190,0.0,0.0
2023-11-15 09:30:00-05:00,1.649999976158142,1.7200000286102295,1.649999976158142,1.7200000286102295,354,0.0,0.0
2023-11-15 11:30:00-05:00,1.6613999605178833,1.6613999605178833,1.6597000360488892,1.6597000360488892,1880,0.0,0.0
2023-11-15 12:30:00-05:00,1.7129000425338745,1.7129000425338745,1.7129000425338745,1.7129000425338745,486,0.0,0.0
2023-11-15 14:30:00-05:00,1.659999966621399,1.659999966621399,1.649999976158142,1.649999976158142,853,0.0,0.0
2023-11-15 15:30:00-05:00,1.659999966621399,1.7200000286102295,1.659999966621399,1.7200000286102295,0,0.0,0.0
2023-11-16 09:30:00-05:00,1.656599998474121,1.656599998474121,1.656599998474121,1.656599998474121,1249,0.0,0.0
2023-11-16 13:30:00-05:00,1.690000057220459,1.690000057220459,1.690000057220459,1.690000057220459,0,0.0,0.0
2023-11-17 09:30:00-05:00,1.660099983215332,1.660099983215332,1.660099983215332,1.660099983215332,238,0.0,0.0
2023-11-17 10:30:00-05:00,1.7000000476837158,1.7200000286102295,1.7000000476837158,1.7200000286102295,757,0.0,0.0
2023-11-17 13:30:00-05:00,1.6629999876022339,1.6629999876022339,1.6629999876022339,1.6629999876022339,196,0.0,0.0
2023-11-20 09:30:00-05:00,1.6601999998092651,1.6601999998092651,1.659999966621399,1.659999966621399,1119,0.0,0.0
2023-11-20 12:30:00-05:00,1.7000000476837158,1.7000000476837158,1.7000000476837158,1.7000000476837158,181,0.0,0.0
2023-11-20 14:30:00-05:00,1.7000000476837158,1.7100000381469727,1.7000000476837158,1.7100000381469727,0,0.0,0.0
2023-11-21 09:30:00-05:00,1.690000057220459,1.690000057220459,1.690000057220459,1.690000057220459,108,0.0,0.0
2023-11-24 09:30:00-05:00,1.690000057220459,1.690000057220459,1.659999966621399,1.690000057220459,796,0.0,0.0
2023-11-27 10:30:00-05:00,1.690000057220459,1.690000057220459,1.690000057220459,1.690000057220459,0,0.0,0.0
2023-11-28 09:30:00-05:00,1.6663000583648682,1.6663000583648682,1.6663000583648682,1.6663000583648682,569,0.0,0.0
2023-11-28 10:30:00-05:00,1.659999966621399,1.659999966621399,1.659999966621399,1.659999966621399,372,0.0,0.0
2023-11-28 11:30:00-05:00,1.659999966621399,1.659999966621399,1.659999966621399,1.659999966621399,0,0.0,0.0
2023-11-28 14:30:00-05:00,1.690000057220459,1.690000057220459,1.6854000091552734,1.690000057220459,3292,0.0,0.0
2023-11-28 15:30:00-05:00,1.7000000476837158,1.7000000476837158,1.7000000476837158,1.7000000476837158,0,0.0,0.0
2023-11-29 09:30:00-05:00,1.667199969291687,1.6699999570846558,1.667199969291687,1.6699999570846558,573,0.0,0.0
2023-11-29 13:30:00-05:00,1.684999942779541,1.690000057220459,1.684999942779541,1.690000057220459,403,0.0,0.0
2023-11-29 14:30:00-05:00,1.690000057220459,1.7999999523162842,1.690000057220459,1.7599999904632568,8211,0.0,0.0
2023-11-29 15:30:00-05:00,1.7599999904632568,1.7599999904632568,1.7599999904632568,1.7599999904632568,0,0.0,0.0
2023-12-01 09:30:00-05:00,1.7000000476837158,1.7000000476837158,1.659999966621399,1.659999966621399,1750,0.0,0.0
2023-12-01 12:30:00-05:00,1.6699999570846558,1.6699999570846558,1.6699999570846558,1.6699999570846558,383,0.0,0.0
2023-12-01 15:30:00-05:00,1.6799999475479126,1.6799999475479126,1.6799999475479126,1.6799999475479126,149,0.0,0.0
2023-12-04 11:30:00-05:00,1.6800999641418457,1.6800999641418457,1.6800999641418457,1.6800999641418457,0,0.0,0.0
2023-12-04 12:30:00-05:00,1.7599999904632568,1.7599999904632568,1.7599999904632568,1.7599999904632568,128,0.0,0.0
2023-12-04 14:30:00-05:00,1.75,1.75,1.75,1.75,0,0.0,0.0
2023-12-05 09:30:00-05:00,1.7400000095367432,1.809999942779541,1.7400000095367432,1.809999942779541,4018,0.0,0.0
2023-12-05 10:30:00-05:00,1.8200000524520874,1.8200000524520874,1.8200000524520874,1.8200000524520874,206,0.0,0.0
2023-12-05 11:30:00-05:00,1.7899999618530273,1.7899999618530273,1.7300000190734863,1.7300000190734863,1450,0.0,0.0
2023-12-05 12:30:00-05:00,1.7200000286102295,1.7200000286102295,1.7200000286102295,1.7200000286102295,253,0.0,0.0
2023-12-05 14:30:00-05:00,1.840000033378601,1.840000033378601,1.840000033378601,1.840000033378601,125,0.0,0.0
2023-12-05 15:30:00-05:00,1.8200000524520874,1.8200000524520874,1.8200000524520874,1.8200000524520874,219,0.0,0.0
2023-12-06 09:30:00-05:00,1.7000000476837158,1.7000000476837158,1.7000000476837158,1.7000000476837158,299,0.0,0.0
2023-12-06 10:30:00-05:00,1.8600000143051147,1.8600000143051147,1.8600000143051147,1.8600000143051147,449,0.0,0.0
2023-12-06 11:30:00-05:00,1.7949999570846558,1.7949999570846558,1.7200000286102295,1.7340999841690063,935,0.0,0.0
2023-12-06 15:30:00-05:00,1.840000033378601,1.850000023841858,1.840000033378601,1.840000033378601,0,0.0,0.0
2023-12-07 13:30:00-05:00,1.7300000190734863,1.7300000190734863,1.7300000190734863,1.7300000190734863,196,0.0,0.0
2023-12-08 09:30:00-05:00,1.7599999904632568,1.7599999904632568,1.7599999904632568,1.7599999904632568,0,0.0,0.0
2023-12-08 15:30:00-05:00,1.8300000429153442,1.8300000429153442,1.8300000429153442,1.8300000429153442,175,0.0,0.0
2023-12-12 09:30:00-05:00,1.809999942779541,1.809999942779541,1.75,1.75,501,0.0,0.0
2023-12-12 14:30:00-05:00,1.7899999618530273,1.7899999618530273,1.7899999618530273,1.7899999618530273,0,0.0,0.0
2023-12-13 10:30:00-05:00,1.75,1.750100016593933,1.75,1.750100016593933,260,0.0,0.0
2023-12-13 11:30:00-05:00,1.75,1.75,1.708899974822998,1.708899974822998,1058,0.0,0.0
2023-12-13 14:30:00-05:00,1.7100000381469727,1.7999999523162842,1.690000057220459,1.7999999523162842,2856,0.0,0.0
2023-12-13 15:30:00-05:00,1.7400000095367432,1.7400000095367432,1.7400000095367432,1.7400000095367432,0,0.0,0.0
2023-12-14 09:30:00-05:00,1.7400000095367432,1.7999999523162842,1.6799999475479126,1.7400000095367432,5320,0.0,0.0
2023-12-14 10:30:00-05:00,1.7899999618530273,1.7899999618530273,1.690000057220459,1.690000057220459,1333,0.0,0.0
2023-12-14 11:30:00-05:00,1.690000057220459,1.7799999713897705,1.690000057220459,1.7799999713897705,382,0.0,0.0
2023-12-14 12:30:00-05:00,1.7799999713897705,1.7799999713897705,1.778499960899353,1.778499960899353,6000,0.0,0.0
2023-12-14 13:30:00-05:00,1.7000000476837158,1.7799999713897705,1.690000057220459,1.7300000190734863,4935,0.0,0.0
2023-12-14 14:30:00-05:00,1.7799999713897705,1.7799999713897705,1.75,1.75,632,0.0,0.0
2023-12-14 15:30:00-05:00,1.75,1.75,1.75,1.75,0,0.0,0.0
2023-12-15 11:30:00-05:00,1.6949000358581543,1.715000033378601,1.6699999570846558,1.6699999570846558,5182,0.0,0.0
2023-12-15 12:30:00-05:00,1.7100000381469727,1.7100000381469727,1.660099983215332,1.660099983215332,501,0.0,0.0
2023-12-15 13:30:00-05:00,1.75,1.75,1.659999966621399,1.7100000381469727,4861,0.0,0.0
2023-12-15 14:30:00-05:00,1.7400000095367432,1.7400000095367432,1.7400000095367432,1.7400000095367432,403,0.0,0.0
2023-12-15 15:30:00-05:00,1.7300000190734863,1.7300000190734863,1.7300000190734863,1.7300000190734863,100,0.0,0.0
2023-12-18 09:30:00-05:00,1.7300000190734863,1.7300000190734863,1.7300000190734863,1.7300000190734863,339,0.0,0.0
2023-12-18 11:30:00-05:00,1.649999976158142,1.649999976158142,1.649999976158142,1.649999976158142,330,0.0,0.0
2023-12-18 15:30:00-05:00,1.6826000213623047,1.7300000190734863,1.6799999475479126,1.6799999475479126,1685,0.0,0.0
2023-12-19 09:30:00-05:00,1.7699999809265137,1.774999976158142,1.649999976158142,1.774999976158142,2376,0.0,0.0
2023-12-19 10:30:00-05:00,1.774999976158142,1.774999976158142,1.774999976158142,1.774999976158142,209,0.0,0.0
2023-12-19 11:30:00-05:00,1.774999976158142,1.774999976158142,1.6799999475479126,1.6799999475479126,306,0.0,0.0
2023-12-19 12:30:00-05:00,1.6754000186920166,1.6799999475479126,1.649999976158142,1.6799999475479126,9425,0.0,0.0
2023-12-19 13:30:00-05:00,1.7799999713897705,1.7799999713897705,1.6714999675750732,1.75,1415,0.0,0.0
2023-12-19 14:30:00-05:00,1.774999976158142,1.774999976158142,1.75,1.774999976158142,2127,0.0,0.0
2023-12-19 15:30:00-05:00,1.774999976158142,1.7799999713897705,1.690000057220459,1.690000057220459,0,0.0,0.0
2023-12-20 12:30:00-05:00,1.7699999809265137,1.7699999809265137,1.7699999809265137,1.7699999809265137,0,0.0,0.0
2023-12-21 09:30:00-05:00,1.6399999856948853,1.6399999856948853,1.6399999856948853,1.6399999856948853,486,0.0,0.0
2023-12-21 11:30:00-05:00,1.7623000144958496,1.7623000144958496,1.664199948310852,1.715000033378601,3287,0.0,0.0
2023-12-21 12:30:00-05:00,1.7200000286102295,1.7200000286102295,1.7200000286102295,1.7200000286102295,101,0.0,0.0
2023-12-21 13:30:00-05:00,1.7200000286102295,1.7200000286102295,1.659999966621399,1.659999966621399,1105,0.0,0.0
2023-12-21 15:30:00-05:00,1.7200000286102295,1.7200000286102295,1.659999966621399,1.6699999570846558,0,0.0,0.0
2023-12-22 10:30:00-05:00,1.6699999570846558,1.6700999736785889,1.6699999570846558,1.6700999736785889,331,0.0,0.0
2023-12-22 11:30:00-05:00,1.6699999570846558,1.7000000476837158,1.6699999570846558,1.7000000476837158,306,0.0,0.0
2023-12-22 12:30:00-05:00,1.6699999570846558,1.7549999952316284,1.6500999927520752,1.7549999952316284,10139,0.0,0.0
2023-12-22 13:30:00-05:00,1.6699999570846558,1.774999976158142,1.659999966621399,1.7450000047683716,2643,0.0,0.0
2023-12-22 14:30:00-05:00,1.6847000122070312,1.75,1.6799999475479126,1.7450000047683716,3148,0.0,0.0
2023-12-22 15:30:00-05:00,1.659999966621399,1.75,1.659999966621399,1.7000000476837158,1635,0.0,0.0
2023-12-26 09:30:00-05:00,1.7223000526428223,1.7223000526428223,1.6100000143051147,1.6100000143051147,4699,0.0,0.0
2023-12-26 10:30:00-05:00,1.618299961090088,1.6299999952316284,1.5800000429153442,1.5800000429153442,7934,0.0,0.0
2023-12-26 11:30:00-05:00,1.6550999879837036,1.6550999879837036,1.6548000574111938,1.6548000574111938,1438,0.0,0.0
2023-12-26 12:30:00-05:00,1.590000033378601,1.6399999856948853,1.5700000524520874,1.5700000524520874,4926,0.0,0.0
2023-12-26 13:30:00-05:00,1.5700000524520874,1.6200000047683716,1.5399999618530273,1.5399999618530273,2454,0.0,0.0
2023-12-26 14:30:00-05:00,1.5800000429153442,1.593000054359436,1.5499999523162842,1.5499999523162842,2509,0.0,0.0
2023-12-26 15:30:00-05:00,1.5499999523162842,1.5499999523162842,1.5499999523162842,1.5499999523162842,0,0.0,0.0
2023-12-27 09:30:00-05:00,1.600000023841858,1.600000023841858,1.5099999904632568,1.527400016784668,7385,0.0,0.0
2023-12-27 10:30:00-05:00,1.51010000705719,1.5126999616622925,1.4800000190734863,1.5126999616622925,6208,0.0,0.0
2023-12-27 11:30:00-05:00,1.534000039100647,1.5399999618530273,1.3300000429153442,1.3799999952316284,15633,0.0,0.0
2023-12-27 12:30:00-05:00,1.440000057220459,1.4900000095367432,1.440000057220459,1.440000057220459,6196,0.0,0.0
2023-12-27 13:30:00-05:00,1.5298999547958374,1.5298999547958374,1.3799999952316284,1.499899983406067,4919,0.0,0.0
2023-12-27 15:30:00-05:00,1.4600000381469727,1.649999976158142,1.440000057220459,1.590000033378601,0,0.0,0.0
2023-12-28 09:30:00-05:00,1.6100000143051147,1.6100000143051147,1.6100000143051147,1.6100000143051147,371,0.0,0.0
2023-12-28 13:30:00-05:00,1.4000999927520752,1.4950000047683716,1.4000999927520752,1.4950000047683716,1738,0.0,0.0
2023-12-28 14:30:00-05:00,1.399999976158142,1.5799000263214111,1.399999976158142,1.4950000047683716,1116,0.0,0.0
2023-12-28 15:30:00-05:00,1.4500000476837158,1.5099999904632568,1.4450000524520874,1.475000023841858,0,0.0,0.0
2023-12-29 09:30:00-05:00,1.4700000286102295,1.4700000286102295,1.4299999475479126,1.4299999475479126,751,0.0,0.0
2023-12-29 10:30:00-05:00,1.4299999475479126,1.499899983406067,1.340000033378601,1.4249999523162842,7239,0.0,0.0
2023-12-29 11:30:00-05:00,1.350000023841858,1.4845999479293823,1.3300000429153442,1.4845999479293823,2051,0.0,0.0
2023-12-29 12:30:00-05:00,1.4763000011444092,1.499899983406067,1.4299999475479126,1.499899983406067,3191,0.0,0.0
2023-12-29 13:30:00-05:00,1.4299999475479126,1.479699969291687,1.4149999618530273,1.4149999618530273,2683,0.0,0.0
2023-12-29 14:30:00-05:00,1.3307000398635864,1.3307000398635864,1.3307000398635864,1.3307000398635864,407,0.0,0.0
2023-12-29 15:30:00-05:00,1.375,1.593000054359436,1.3600000143051147,1.593000054359436,2155,0.0,0.0
2024-01-02 10:30:00-05:00,1.5099999904632568,1.5099999904632568,1.3708000183105469,1.4199999570846558,2157,0.0,0.0
2024-01-02 12:30:00-05:00,1.5232000350952148,1.5232000350952148,1.5232000350952148,1.5232000350952148,336,0.0,0.0
2024-01-02 13:30:00-05:00,1.43149995803833,1.434399962425232,1.4199999570846558,1.4299999475479126,1155,0.0,0.0
2024-01-02 14:30:00-05:00,1.4199999570846558,1.4199999570846558,1.4199999570846558,1.4199999570846558,143,0.0,0.0
2024-01-02 15:30:00-05:00,1.5499000549316406,1.5499000549316406,1.5499000549316406,1.5499000549316406,0,0.0,0.0
2024-01-03 09:30:00-05:00,1.4600000381469727,1.4600000381469727,1.4600000381469727,1.4600000381469727,414,0.0,0.0
2024-01-03 12:30:00-05:00,1.4550000429153442,1.4550000429153442,1.399399995803833,1.4520000219345093,940,0.0,0.0
2024-01-03 14:30:00-05:00,1.4600000381469727,1.465000033378601,1.4101999998092651,1.4199999570846558,1261,0.0,0.0
2024-01-03 15:30:00-05:00,1.5298999547958374,1.5298999547958374,1.5298999547958374,1.5298999547958374,0,0.0,0.0
2024-01-04 09:30:00-05:00,1.440000057220459,1.440000057220459,1.440000057220459,1.440000057220459,420,0.0,0.0
2024-01-04 12:30:00-05:00,1.454300045967102,1.4600000381469727,1.4500000476837158,1.4500999450683594,1459,0.0,0.0
2024-01-04 13:30:00-05:00,1.4500000476837158,1.4900000095367432,1.4500000476837158,1.4900000095367432,670,0.0,0.0
2024-01-04 14:30:00-05:00,1.4900000095367432,1.4900000095367432,1.4900000095367432,1.4900000095367432,0,0.0,0.0
2024-01-05 09:30:00-05:00,1.4299999475479126,1.4299999475479126,1.4199999570846558,1.4200999736785889,806,0.0,0.0
2024-01-05 10:30:00-05:00,1.4199999570846558,1.4450000524520874,1.4199999570846558,1.4450000524520874,934,0.0,0.0
2024-01-05 11:30:00-05:00,1.4199999570846558,1.4200999736785889,1.399999976158142,1.409999966621399,2087,0.0,0.0
2024-01-05 12:30:00-05:00,1.4199999570846558,1.4199999570846558,1.4199999570846558,1.4199999570846558,115,0.0,0.0
2024-01-05 14:30:00-05:00,1.4291000366210938,1.4291000366210938,1.4291000366210938,1.4291000366210938,203,0.0,0.0
2024-01-08 10:30:00-05:00,1.3949999809265137,1.4299999475479126,1.3949999809265137,1.3949999809265137,2332,0.0,0.0
2024-01-08 13:30:00-05:00,1.399999976158142,1.399999976158142,1.399999976158142,1.399999976158142,1049,0.0,0.0
2024-01-08 15:30:00-05:00,1.399999976158142,1.399999976158142,1.399999976158142,1.399999976158142,0,0.0,0.0
2024-01-09 14:30:00-05:00,1.4600000381469727,1.4600000381469727,1.4600000381469727,1.4600000381469727,27,0.0,0.0
2024-01-10 09:30:00-05:00,1.440000057220459,1.440000057220459,1.440000057220459,1.440000057220459,307,0.0,0.0
2024-01-10 13:30:00-05:00,1.3799999952316284,1.3799999952316284,1.3799999952316284,1.3799999952316284,484,0.0,0.0
2024-01-10 15:30:00-05:00,1.4049999713897705,1.4049999713897705,1.4049999713897705,1.4049999713897705,0,0.0,0.0
2024-01-11 10:30:00-05:00,1.3700000047683716,1.4098999500274658,1.3600000143051147,1.4098999500274658,1313,0.0,0.0
2024-01-11 14:30:00-05:00,1.350000023841858,1.350000023841858,1.350000023841858,1.350000023841858,286,0.0,0.0
2024-01-11 15:30:00-05:00,1.4098999500274658,1.4098999500274658,1.4098999500274658,1.4098999500274658,103,0.0,0.0
2024-01-12 09:30:00-05:00,1.399999976158142,1.399999976158142,1.399999976158142,1.399999976158142,211,0.0,0.0
2024-01-12 10:30:00-05:00,1.399999976158142,1.399999976158142,1.399999976158142,1.399999976158142,702,0.0,0.0
2024-01-12 11:30:00-05:00,1.350000023841858,1.350000023841858,1.330299973487854,1.330299973487854,1001,0.0,0.0
2024-01-12 13:30:00-05:00,1.375,1.375,1.375,1.375,305,0.0,0.0
2024-01-12 15:30:00-05:00,1.4098999500274658,1.4098999500274658,1.4098999500274658,1.4098999500274658,100,0.0,0.0
2024-01-16 09:30:00-05:00,1.3300000429153442,1.3300000429153442,1.3300000429153442,1.3300000429153442,731,0.0,0.0
2024-01-16 11:30:00-05:00,1.350000023841858,1.367799997329712,1.2599999904632568,1.3499000072479248,0,0.0,0.0
2024-01-17 09:30:00-05:00,1.350000023841858,1.350000023841858,1.2503000497817993,1.2503000497817993,1331,0.0,0.0
2024-01-17 10:30:00-05:00,1.2899999618530273,1.2899999618530273,1.2597999572753906,1.2899999618530273,556,0.0,0.0
2024-01-17 14:30:00-05:00,1.25,1.250100016593933,1.2300000190734863,1.2300000190734863,1885,0.0,0.0
2024-01-17 15:30:00-05:00,1.2649999856948853,1.3299000263214111,1.2649999856948853,1.3299000263214111,0,0.0,0.0
2024-01-18 11:30:00-05:00,1.267699956893921,1.2899999618530273,1.2000999450683594,1.228700041770935,7567,0.0,0.0
2024-01-18 15:30:00-05:00,1.2100000381469727,1.3209999799728394,1.2044999599456787,1.3209999799728394,0,0.0,0.0
2024-01-19 09:30:00-05:00,1.2799999713897705,1.2799999713897705,1.2799999713897705,1.2799999713897705,832,0.0,0.0
2024-01-19 10:30:00-05:00,1.2558000087738037,1.2558000087738037,1.2200000286102295,1.2200000286102295,0,0.0,0.0
2024-01-19 11:30:00-05:00,1.2000000476837158,1.2000000476837158,1.1505000591278076,1.1505000591278076,4652,0.0,0.0
2024-01-19 12:30:00-05:00,1.1700999736785889,1.1700999736785889,1.1699999570846558,1.1699999570846558,527,0.0,0.0
2024-01-19 13:30:00-05:00,1.1699999570846558,1.1699999570846558,1.1699999570846558,1.1699999570846558,202,0.0,0.0
2024-01-19 14:30:00-05:00,1.2400000095367432,1.2400000095367432,1.2050000429153442,1.2050000429153442,4300,0.0,0.0
2024-01-19 15:30:00-05:00,1.1799999475479126,1.2467999458312988,1.1699999570846558,1.2467999458312988,1021,0.0,0.0
2024-01-22 10:30:00-05:00,1.0801000595092773,1.1799999475479126,1.0801000595092773,1.1349999904632568,1310,0.0,0.0
2024-01-22 11:30:00-05:00,1.1399999856948853,1.1699999570846558,1.1399999856948853,1.159999966621399,6193,0.0,0.0
2024-01-22 12:30:00-05:00,1.1699999570846558,1.249899983406067,1.1319999694824219,1.2497999668121338,18062,0.0,0.0
2024-01-22 13:30:00-05:00,1.190000057220459,1.190000057220459,1.190000057220459,1.190000057220459,290,0.0,0.0
2024-01-22 15:30:00-05:00,1.170300006866455,1.2481000423431396,1.170300006866455,1.2400000095367432,0,0.0,0.0
2024-01-23 09:30:00-05:00,1.1299999952316284,1.1399999856948853,1.1299999952316284,1.1399999856948853,2628,0.0,0.0
2024-01-23 10:30:00-05:00,1.1299999952316284,1.1338000297546387,1.1100000143051147,1.1202000379562378,3225,0.0,0.0
2024-01-23 14:30:00-05:00,1.1950000524520874,1.1950000524520874,1.1950000524520874,1.1950000524520874,1130,0.0,0.0
2024-01-23 15:30:00-05:00,1.1301000118255615,1.1399999856948853,1.1299999952316284,1.13100004196167,0,0.0,0.0
2024-01-24 11:30:00-05:00,1.2050000429153442,1.2050000429153442,1.1399999856948853,1.1861000061035156,1853,0.0,0.0
2024-01-24 12:30:00-05:00,1.1401000022888184,1.2342000007629395,1.1401000022888184,1.183500051498413,1616,0.0,0.0
2024-01-24 15:30:00-05:00,1.1749999523162842,1.1749999523162842,1.1399999856948853,1.1399999856948853,0,0.0,0.0
2024-01-25 13:30:00-05:00,1.1131999492645264,1.1131999492645264,1.0600999593734741,1.0600999593734741,2166,0.0,0.0
2024-01-25 14:30:00-05:00,1.0643999576568604,1.089900016784668,1.0643999576568604,1.070099949836731,1007,0.0,0.0
2024-01-25 15:30:00-05:00,1.0700000524520874,1.0782999992370605,1.059999942779541,1.059999942779541,0,0.0,0.0
2024-01-26 09:30:00-05:00,1.059999942779541,1.1622999906539917,1.059999942779541,1.1299999952316284,1753,0.0,0.0
2024-01-26 10:30:00-05:00,1.0800000429153442,1.0801000595092773,1.0800000429153442,1.0800000429153442,866,0.0,0.0
2024-01-26 11:30:00-05:00,1.065000057220459,1.065000057220459,1.065000057220459,1.065000057220459,156,0.0,0.0
2024-01-26 12:30:00-05:00,1.0500999689102173,1.0506000518798828,1.0499999523162842,1.0499999523162842,2785,0.0,0.0
2024-01-26 14:30:00-05:00,1.0499000549316406,1.0499999523162842,1.0399999618530273,1.0499999523162842,1819,0.0,0.0
2024-01-26 15:30:00-05:00,1.0399999618530273,1.0399999618530273,1.0199999809265137,1.0199999809265137,309,0.0,0.0
2024-01-29 09:30:00-05:00,1.100000023841858,1.1799999475479126,1.0700000524520874,1.149999976158142,3719,0.0,0.0
2024-01-29 10:30:00-05:00,1.100000023841858,1.100000023841858,1.100000023841858,1.100000023841858,523,0.0,0.0
2024-01-29 11:30:00-05:00,1.100000023841858,1.1095000505447388,1.100000023841858,1.1095000505447388,1180,0.0,0.0
2024-01-29 12:30:00-05:00,1.0399999618530273,1.0399999618530273,1.0399999618530273,1.0399999618530273,429,0.0,0.0
2024-01-29 14:30:00-05:00,1.0700000524520874,1.0800000429153442,1.0700000524520874,1.0800000429153442,500,0.0,0.0
2024-01-29 15:30:00-05:00,1.0499999523162842,1.0791000127792358,1.0499999523162842,1.0791000127792358,811,0.0,0.0
2024-01-30 09:30:00-05:00,1.0800000429153442,1.0800000429153442,1.0299999713897705,1.0300999879837036,0,0.0,0.0
2024-01-30 10:30:00-05:00,1.0299999713897705,1.0299999713897705,1.0099999904632568,1.0099999904632568,1867,0.0,0.0
2024-01-30 11:30:00-05:00,1.0270999670028687,1.0499000549316406,1.0270999670028687,1.0499000549316406,808,0.0,0.0
2024-01-30 14:30:00-05:00,1.0478999614715576,1.0478999614715576,1.0478999614715576,1.0478999614715576,651,0.0,0.0
2024-01-30 15:30:00-05:00,1.0199999809265137,1.0199999809265137,1.0199999809265137,1.0199999809265137,0,0.0,0.0
2024-01-31 09:30:00-05:00,1.0099999904632568,1.0099999904632568,1.0,1.0,599,0.0,0.0
2024-01-31 10:30:00-05:00,1.0,1.0499999523162842,0.9800000190734863,0.9900000095367432,3515,0.0,0.0
2024-01-31 12:30:00-05:00,0.9800000190734863,0.9800000190734863,0.9700000286102295,0.9700000286102295,964,0.0,0.0
2024-01-31 15:30:00-05:00,0.9800000190734863,0.9800000190734863,0.9800000190734863,0.9800000190734863,0,0.0,0.0
2024-02-01 11:30:00-05:00,0.9700000286102295,0.9700000286102295,0.9599999785423279,0.9599999785423279,1166,0.0,0.0
2024-02-01 13:30:00-05:00,0.9599999785423279,0.9599999785423279,0.9599999785423279,0.9599999785423279,0,0.0,0.0
2024-02-02 09:30:00-05:00,0.9800000190734863,0.9800999760627747,0.9050999879837036,0.9100000262260437,8447,0.0,0.0
2024-02-02 10:30:00-05:00,0.9099000096321106,1.0198999643325806,0.9099000096321106,1.0198999643325806,998,0.0,0.0
2024-02-02 12:30:00-05:00,0.9514999985694885,0.9514999985694885,0.9514999985694885,0.9514999985694885,170,0.0,0.0
2024-02-02 15:30:00-05:00,0.9898989796638489,0.9898989796638489,0.9898989796638489,0.9898989796638489,100,0.0,0.0
2024-02-05 09:30:00-05:00,1.0099999904632568,1.0099999904632568,1.0099999904632568,1.0099999904632568,282,0.0,0.0
2024-02-05 12:30:00-05:00,0.9900000095367432,0.9900000095367432,0.9900000095367432,0.9900000095367432,0,0.0,0.0
2024-02-06 15:30:00-05:00,0.9300000071525574,0.9595999717712402,0.9300000071525574,0.9301999807357788,125,0.0,0.0
2024-02-07 09:30:00-05:00,0.8999999761581421,0.9000999927520752,0.8999999761581421,0.9000999927520752,623,0.0,0.0
2024-02-07 11:30:00-05:00,0.9452000260353088,0.9452000260353088,0.9451000094413757,0.9451000094413757,310,0.0,0.0
2024-02-07 13:30:00-05:00,0.9002000093460083,0.9002000093460083,0.8999999761581421,0.9000999927520752,499,0.0,0.0
2024-02-07 14:30:00-05:00,0.8999999761581421,0.9399999976158142,0.8550999760627747,0.9399999976158142,2433,0.0,0.0
2024-02-08 09:30:00-05:00,1.0299999713897705,1.0299999713897705,0.8999999761581421,0.8999999761581421,9457,0.0,0.0
2024-02-08 11:30:00-05:00,0.9200000166893005,0.95660001039505,0.9200000166893005,0.9399999976158142,1977,0.0,0.0
2024-02-08 12:30:00-05:00,0.9890999794006348,0.9891999959945679,0.9890999794006348,0.9891999959945679,1385,0.0,0.0
2024-02-08 13:30:00-05:00,0.9700000286102295,0.9700000286102295,0.9700000286102295,0.9700000286102295,1611,0.0,0.0
2024-02-08 15:30:00-05:00,0.8799999952316284,0.8799999952316284,0.8799999952316284,0.8799999952316284,0,0.0,0.0
2024-02-09 09:30:00-05:00,0.9800000190734863,0.9800000190734863,0.949999988079071,0.949999988079071,2391,0.0,0.0
2024-02-09 11:30:00-05:00,0.9300000071525574,0.9300000071525574,0.9300000071525574,0.9300000071525574,101,0.0,0.0
2024-02-09 12:30:00-05:00,0.9300000071525574,0.9300000071525574,0.9300000071525574,0.9300000071525574,100,0.0,0.0
2024-02-09 13:30:00-05:00,0.9465000033378601,0.9465000033378601,0.9465000033378601,0.9465000033378601,794,0.0,0.0
2024-02-09 14:30:00-05:00,0.8999999761581421,0.8999999761581421,0.8999999761581421,0.8999999761581421,210,0.0,0.0
2024-02-12 11:30:00-05:00,0.8904010057449341,0.9184010028839111,0.8904010057449341,0.9184010028839111,1034,0.0,0.0
2024-02-13 09:30:00-05:00,0.9800000190734863,0.9937000274658203,0.9350000023841858,0.9350000023841858,2398,0.0,0.0
2024-02-13 11:30:00-05:00,0.9398999810218811,0.9398999810218811,0.9002000093460083,0.9002000093460083,2239,0.0,0.0
2024-02-13 12:30:00-05:00,0.9000999927520752,0.9797999858856201,0.8999999761581421,0.9101999998092651,1917,0.0,0.0
2024-02-13 13:30:00-05:00,0.9100000262260437,0.9399999976158142,0.8899999856948853,0.8899999856948853,1527,0.0,0.0
2024-02-13 14:30:00-05:00,0.9796900153160095,0.9796900153160095,0.8999999761581421,0.8999999761581421,0,0.0,0.0
2024-02-14 09:30:00-05:00,0.9697989821434021,0.9697989821434021,0.9697989821434021,0.9697989821434021,780,0.0,0.0
2024-02-14 10:30:00-05:00,0.9165999889373779,1.149999976158142,0.9165999889373779,1.149999976158142,31054,0.0,0.0
2024-02-14 11:30:00-05:00,1.1339999437332153,1.149999976158142,1.0499999523162842,1.100100040435791,15232,0.0,0.0
2024-02-14 12:30:00-05:00,1.09660005569458,1.350000023841858,1.0499999523162842,1.1200000047683716,176468,0.0,0.0
2024-02-14 13:30:00-05:00,1.1098999977111816,1.1098999977111816,1.0341999530792236,1.0499999523162842,9495,0.0,0.0
2024-02-14 14:30:00-05:00,1.0499999523162842,1.0561000108718872,1.0299999713897705,1.0500999689102173,2089,0.0,0.0
2024-02-14 15:30:00-05:00,1.0334999561309814,1.100000023841858,1.0199999809265137,1.0312000513076782,5988898,0.0,0.0
2024-02-15 09:30:00-05:00,2.609999895095825,8.850000381469727,2.4100000858306885,5.519999980926514,33057175,0.0,0.0
2024-02-15 10:30:00-05:00,5.55049991607666,6.0,4.180099964141846,4.580100059509277,16350431,0.0,0.0
2024-02-15 11:30:00-05:00,4.58650016784668,4.809999942779541,3.6600000858306885,4.275000095367432,4981393,0.0,0.0
2024-02-15 12:30:00-05:00,4.25,4.960000038146973,3.9100000858306885,4.170000076293945,5059066,0.0,0.0
2024-02-15 13:30:00-05:00,4.182000160217285,4.329999923706055,3.1500000953674316,3.3901000022888184,2349262,0.0,0.0
2024-02-15 14:30:00-05:00,3.4200000762939453,3.6480000019073486,3.2200000286102295,3.4700000286102295,1269881,0.0,0.0
2024-02-15 15:30:00-05:00,3.4556000232696533,3.7899999618530273,3.4100000858306885,3.5999999046325684,805234,0.0,0.0
2024-02-16 09:30:00-05:00,2.5999999046325684,2.7899999618530273,1.75,1.7899999618530273,1772774,0.0,0.0
2024-02-16 10:30:00-05:00,1.7969000339508057,1.899999976158142,1.7200000286102295,1.73989999294281,379791,0.0,0.0
2024-02-16 11:30:00-05:00,1.7350000143051147,1.8799999952316284,1.7200000286102295,1.850000023841858,276012,0.0,0.0
2024-02-16 12:30:00-05:00,1.850000023841858,1.8899999856948853,1.7400000095367432,1.8890000581741333,240883,0.0,0.0
2024-02-16 13:30:00-05:00,1.8849999904632568,1.8899999856948853,1.750100016593933,1.809999942779541,187550,0.0,0.0
2024-02-16 14:30:00-05:00,1.7899999618530273,1.8200000524520874,1.75,1.7699999809265137,134561,0.0,0.0
2024-02-16 15:30:00-05:00,1.75,1.7899999618530273,1.7000000476837158,1.7000000476837158,180107,0.0,0.0
2024-02-20 09:30:00-05:00,1.75,1.7699999809265137,1.5199999809265137,1.7200000286102295,302705,0.0,0.0
2024-02-20 10:30:00-05:00,1.7115000486373901,1.7549999952316284,1.600000023841858,1.6699999570846558,60388,0.0,0.0
2024-02-20 11:30:00-05:00,1.6649999618530273,1.7300000190734863,1.649999976158142,1.6950000524520874,96443,0.0,0.0
2024-02-20 12:30:00-05:00,1.6900999546051025,1.850000023841858,1.649999976158142,1.8343000411987305,136204,0.0,0.0
2024-02-20 13:30:00-05:00,1.809999942779541,1.840000033378601,1.7008999586105347,1.7799999713897705,72363,0.0,0.0
2024-02-20 14:30:00-05:00,1.7799999713897705,1.7899999618530273,1.649999976158142,1.649999976158142,45053,0.0,0.0
2024-02-20 15:30:00-05:00,1.690000057220459,1.7200000286102295,1.5099999904632568,1.559999942779541,52103,0.0,0.0
2024-02-21 09:30:00-05:00,1.6100000143051147,1.679900050163269,1.5099999904632568,1.5950000286102295,72311,0.0,0.0
2024-02-21 10:30:00-05:00,1.600000023841858,1.600000023841858,1.5199999809265137,1.5571999549865723,19068,0.0,0.0
2024-02-21 11:30:00-05:00,1.5247999429702759,1.649999976158142,1.5199999809265137,1.5499999523162842,25575,0.0,0.0
2024-02-21 12:30:00-05:00,1.551300048828125,1.5700000524520874,1.5499999523162842,1.559999942779541,4157,0.0,0.0
2024-02-21 13:30:00-05:00,1.565000057220459,1.6598999500274658,1.559999942779541,1.559999942779541,14408,0.0,0.0
2024-02-21 14:30:00-05:00,1.559999942779541,1.559999942779541,1.399999976158142,1.399999976158142,159113,0.0,0.0
2024-02-21 15:30:00-05:00,1.399999976158142,1.409999966621399,1.350000023841858,1.350000023841858,106743,0.0,0.0
2024-02-22 09:30:00-05:00,1.3700000047683716,1.4594999551773071,1.3700000047683716,1.3899999856948853,78026,0.0,0.0
2024-02-22 10:30:00-05:00,1.3833999633789062,1.4299999475479126,1.3799999952316284,1.4049999713897705,41043,0.0,0.0
2024-02-22 11:30:00-05:00,1.4153000116348267,1.4299999475479126,1.3700000047683716,1.409999966621399,21661,0.0,0.0
2024-02-22 12:30:00-05:00,1.409999966621399,1.4299999475479126,1.3935999870300293,1.399999976158142,16685,0.0,0.0
2024-02-22 13:30:00-05:00,1.399999976158142,1.4011000394821167,1.3200000524520874,1.320099949836731,16912,0.0,0.0
2024-02-22 14:30:00-05:00,1.3350000381469727,1.399999976158142,1.3301000595092773,1.3799999952316284,23730,0.0,0.0
2024-02-22 15:30:00-05:00,1.384600043296814,1.4149999618530273,1.3799999952316284,1.3799999952316284,34826,0.0,0.0
2024-02-23 09:30:00-05:00,1.2599999904632568,1.3250000476837158,1.1399999856948853,1.2999999523162842,150508,0.0,0.0
2024-02-23 10:30:00-05:00,1.2599999904632568,1.2999999523162842,1.2599999904632568,1.2699999809265137,32156,0.0,0.0
2024-02-23 11:30:00-05:00,1.2799999713897705,1.2799999713897705,1.1699999570846558,1.2200000286102295,12421,0.0,0.0
2024-02-23 12:30:00-05:00,1.2400000095367432,1.2400000095367432,1.1610000133514404,1.1799999475479126,34740,0.0,0.0
2024-02-23 13:30:00-05:00,1.2000000476837158,1.2699999809265137,1.1984000205993652,1.2301000356674194,8602,0.0,0.0
2024-02-23 14:30:00-05:00,1.2301000356674194,1.2301000356674194,1.2000000476837158,1.215000033378601,3409,0.0,0.0
2024-02-23 15:30:00-05:00,1.215000033378601,1.215000033378601,1.2000000476837158,1.2000000476837158,4567,0.0,0.0
2024-02-26 09:30:00-05:00,1.159999966621399,1.4098999500274658,1.159999966621399,1.2899999618530273,86463,0.0,0.0
2024-02-26 10:30:00-05:00,1.3300000429153442,1.3300000429153442,1.2899999618530273,1.2899999618530273,10383,0.0,0.0
2024-02-26 11:30:00-05:00,1.3073999881744385,1.3200000524520874,1.2599999904632568,1.2700999975204468,11218,0.0,0.0
2024-02-26 12:30:00-05:00,1.2300000190734863,1.2999999523162842,1.2300000190734863,1.2999999523162842,15651,0.0,0.0
2024-02-26 13:30:00-05:00,1.2999999523162842,1.2999999523162842,1.25,1.2800999879837036,9313,0.0,0.0
2024-02-26 14:30:00-05:00,1.2799999713897705,1.3030999898910522,1.2400000095367432,1.2999999523162842,6164,0.0,0.0
2024-02-26 15:30:00-05:00,1.2799999713897705,1.350000023841858,1.2599999904632568,1.2599999904632568,10996,0.0,0.0
2024-02-27 09:30:00-05:00,1.3200000524520874,1.3300000429153442,1.2400000095367432,1.3300000429153442,57778,0.0,0.0
2024-02-27 10:30:00-05:00,1.2999999523162842,1.3070000410079956,1.25,1.2624000310897827,21229,0.0,0.0
2024-02-27 11:30:00-05:00,1.2699999809265137,1.2699999809265137,1.25,1.2699999809265137,3771,0.0,0.0
2024-02-27 12:30:00-05:00,1.2699999809265137,1.2799999713897705,1.25,1.276900053024292,10465,0.0,0.0
2024-02-27 13:30:00-05:00,1.2599999904632568,1.340000033378601,1.2599999904632568,1.309999942779541,10952,0.0,0.0
2024-02-27 14:30:00-05:00,1.3300000429153442,1.3300000429153442,1.309999942779541,1.3300000429153442,2593,0.0,0.0
2024-02-27 15:30:00-05:00,1.2999999523162842,1.3300000429153442,1.2599999904632568,1.2699999809265137,16952,0.0,0.0
2024-02-28 09:30:00-05:00,1.2799999713897705,1.2891000509262085,1.2100000381469727,1.2201000452041626,18500,0.0,0.0
2024-02-28 10:30:00-05:00,1.2400000095367432,1.3300000429153442,1.2400000095367432,1.2799999713897705,4954,0.0,0.0
2024-02-28 11:30:00-05:00,1.25,1.250100016593933,1.2400000095367432,1.2400000095367432,7510,0.0,0.0
2024-02-28 12:30:00-05:00,1.2400000095367432,1.25,1.2400000095367432,1.25,632,0.0,0.0
2024-02-28 13:30:00-05:00,1.25,1.25,1.2400000095367432,1.2400000095367432,3935,0.0,0.0
2024-02-28 14:30:00-05:00,1.2400000095367432,1.2799999713897705,1.2400000095367432,1.2400000095367432,5971,0.0,0.0
2024-02-28 15:30:00-05:00,1.2649999856948853,1.2649999856948853,1.2649999856948853,1.2649999856948853,1010,0.0,0.0
2024-02-29 09:30:00-05:00,1.2899999618530273,1.2899999618530273,1.2000000476837158,1.2100000381469727,18606,0.0,0.0
2024-02-29 10:30:00-05:00,1.2300000190734863,1.249899983406067,1.2100000381469727,1.24399995803833,4193,0.0,0.0
2024-02-29 11:30:00-05:00,1.2100000381469727,1.215999960899353,1.2000000476837158,1.2000000476837158,1298,0.0,0.0
2024-02-29 12:30:00-05:00,1.2000000476837158,1.2194000482559204,1.2000000476837158,1.2100000381469727,2925,0.0,0.0
2024-02-29 13:30:00-05:00,1.2000000476837158,1.2100000381469727,1.1519999504089355,1.1799999475479126,19911,0.0,0.0
2024-02-29 14:30:00-05:00,1.1699999570846558,1.2000000476837158,1.160099983215332,1.2000000476837158,14116,0.0,0.0
2024-02-29 15:30:00-05:00,1.1799999475479126,1.2000000476837158,1.1699999570846558,1.1799999475479126,12705,0.0,0.0
2024-03-01 09:30:00-05:00,1.215000033378601,1.2200000286102295,1.159999966621399,1.190000057220459,15527,0.0,0.0
2024-03-01 10:30:00-05:00,1.190000057220459,1.190000057220459,1.090000033378601,1.100000023841858,51366,0.0,0.0
2024-03-01 11:30:00-05:00,1.1150000095367432,1.1399999856948853,1.1100000143051147,1.1399999856948853,10262,0.0,0.0
2024-03-01 12:30:00-05:00,1.1399999856948853,1.1799999475479126,1.1200000047683716,1.1649999618530273,18824,0.0,0.0
2024-03-01 13:30:00-05:00,1.1699999570846558,1.1699999570846558,1.1200000047683716,1.159999966621399,19022,0.0,0.0
2024-03-01 14:30:00-05:00,1.159999966621399,1.159999966621399,1.1299999952316284,1.1299999952316284,2957,0.0,0.0
2024-03-01 15:30:00-05:00,1.149999976158142,1.149999976158142,1.1200000047683716,1.1200000047683716,9904,0.0,0.0
2024-03-04 09:30:00-05:00,1.2100000381469727,1.2100000381469727,1.1200000047683716,1.149999976158142,13742,0.0,0.0
2024-03-04 10:30:00-05:00,1.1699999570846558,1.1699999570846558,1.1399999856948853,1.159999966621399,11984,0.0,0.0
2024-03-04 11:30:00-05:00,1.1399999856948853,1.159999966621399,1.1399999856948853,1.159999966621399,306,0.0,0.0
2024-03-04 12:30:00-05:00,1.1399999856948853,1.2300000190734863,1.1399999856948853,1.1699999570846558,9884,0.0,0.0
2024-03-04 13:30:00-05:00,1.2000000476837158,1.2000000476837158,1.1699999570846558,1.1699999570846558,15595,0.0,0.0
2024-03-04 14:30:00-05:00,1.1800999641418457,1.1800999641418457,1.1799999475479126,1.1799999475479126,1029,0.0,0.0
2024-03-04 15:30:00-05:00,1.1740000247955322,1.1799999475479126,1.1699999570846558,1.1699999570846558,31702,0.0,0.0
2024-03-05 09:30:00-05:00,1.149999976158142,1.1649999618530273,1.1399999856948853,1.149999976158142,11506,0.0,0.0
2024-03-05 10:30:00-05:00,1.1399999856948853,1.1799999475479126,1.1200000047683716,1.179900050163269,2653,0.0,0.0
2024-03-05 11:30:00-05:00,1.1698999404907227,1.1698999404907227,1.1698999404907227,1.1698999404907227,115,0.0,0.0
2024-03-05 12:30:00-05:00,1.149999976158142,1.2100000381469727,1.149999976158142,1.2100000381469727,1649,0.0,0.0
2024-03-05 13:30:00-05:00,1.2099000215530396,1.2099000215530396,1.1500999927520752,1.1500999927520752,2579,0.0,0.0
2024-03-05 14:30:00-05:00,1.1549999713897705,1.1549999713897705,1.1549999713897705,1.1549999713897705,134,0.0,0.0
2024-03-05 15:30:00-05:00,1.2100000381469727,1.2100000381469727,1.1399999856948853,1.1399999856948853,19420,0.0,0.0
2024-03-06 09:30:00-05:00,1.1200000047683716,1.2000000476837158,1.1200000047683716,1.1799999475479126,21931,0.0,0.0
2024-03-06 10:30:00-05:00,1.1200000047683716,1.176900029182434,1.1200000047683716,1.1549999713897705,0,0.0,0.0
2024-03-06 11:30:00-05:00,1.1340999603271484,1.1340999603271484,1.1340999603271484,1.1340999603271484,303,0.0,0.0
2024-03-06 12:30:00-05:00,1.159999966621399,1.1799999475479126,1.159999966621399,1.1606999635696411,2593,0.0,0.0
2024-03-06 13:30:00-05:00,1.179900050163269,1.179900050163269,1.149999976158142,1.1698999404907227,6056,0.0,0.0
2024-03-06 15:30:00-05:00,1.159999966621399,1.1799999475479126,1.100000023841858,1.149999976158142,30693,0.0,0.0
2024-03-07 09:30:00-05:00,1.1699999570846558,1.2698999643325806,1.149999976158142,1.2698999643325806,34988,0.0,0.0
2024-03-07 10:30:00-05:00,1.274999976158142,1.2899999618530273,1.2000000476837158,1.2000000476837158,24764,0.0,0.0
2024-03-07 11:30:00-05:00,1.2038999795913696,1.2300000190734863,1.2038999795913696,1.2300000190734863,697,0.0,0.0
2024-03-07 12:30:00-05:00,1.25,1.25,1.1799999475479126,1.2000000476837158,7854,0.0,0.0
2024-03-07 13:30:00-05:00,1.204200029373169,1.23989999294281,1.2000000476837158,1.215000033378601,9402,0.0,0.0
2024-03-07 14:30:00-05:00,1.2100000381469727,1.2100000381469727,1.2000000476837158,1.2000000476837158,665,0.0,0.0
2024-03-07 15:30:00-05:00,1.1900999546051025,1.25,1.1900999546051025,1.25,5168,0.0,0.0
2024-03-08 09:30:00-05:00,1.2300000190734863,1.2799999713897705,1.190000057220459,1.2108999490737915,16832,0.0,0.0
2024-03-08 10:30:00-05:00,1.2201999425888062,1.25,1.2200000286102295,1.2202999591827393,21729,0.0,0.0
2024-03-08 11:30:00-05:00,1.2350000143051147,1.25,1.2200000286102295,1.2201000452041626,11459,0.0,0.0
2024-03-08 12:30:00-05:00,1.2200000286102295,1.2314000129699707,1.2100000381469727,1.2314000129699707,1187,0.0,0.0
2024-03-08 13:30:00-05:00,1.2201999425888062,1.2300000190734863,1.2201999425888062,1.2300000190734863,4221,0.0,0.0
2024-03-08 14:30:00-05:00,1.2300000190734863,1.2300000190734863,1.2100000381469727,1.2100000381469727,3321,0.0,0.0
2024-03-08 15:30:00-05:00,1.2000000476837158,1.2200000286102295,1.2000000476837158,1.2000000476837158,1121,0.0,0.0
2024-03-11 09:30:00-04:00,1.1799999475479126,1.2100000381469727,1.1699999570846558,1.2100000381469727,12522,0.0,0.0
2024-03-11 10:30:00-04:00,1.2200000286102295,1.25,1.190000057220459,1.190000057220459,4413,0.0,0.0
2024-03-11 11:30:00-04:00,1.2000000476837158,1.2000000476837158,1.1200000047683716,1.1799999475479126,14511,0.0,0.0
2024-03-11 12:30:00-04:00,1.1799999475479126,1.184999942779541,1.159999966621399,1.184999942779541,1447,0.0,0.0
2024-03-11 13:30:00-04:00,1.2000000476837158,1.2000000476837158,1.159999966621399,1.184999942779541,16941,0.0,0.0
2024-03-11 14:30:00-04:00,1.184999942779541,1.1958999633789062,1.149999976158142,1.1958999633789062,1923,0.0,0.0
2024-03-11 15:30:00-04:00,1.1699999570846558,1.1699999570846558,1.1699999570846558,1.1699999570846558,198,0.0,0.0
2024-03-12 09:30:00-04:00,1.159999966621399,1.1699999570846558,1.1399999856948853,1.1399999856948853,4072,0.0,0.0
2024-03-12 10:30:00-04:00,1.1790000200271606,1.190000057220459,1.1790000200271606,1.1799999475479126,3088,0.0,0.0
2024-03-12 11:30:00-04:00,1.2000000476837158,1.2000000476837158,1.1799999475479126,1.1799999475479126,1325,0.0,0.0
2024-03-12 12:30:00-04:00,1.2200000286102295,1.2200000286102295,1.1399999856948853,1.1399999856948853,419,0.0,0.0
2024-03-12 13:30:00-04:00,1.1399999856948853,1.2000000476837158,1.1399999856948853,1.2000000476837158,389,0.0,0.0
2024-03-12 14:30:00-04:00,1.1794999837875366,1.190000057220459,1.1430000066757202,1.1430000066757202,2017,0.0,0.0
2024-03-12 15:30:00-04:00,1.1649999618530273,1.190000057220459,1.1401000022888184,1.190000057220459,1137,0.0,0.0
2024-03-13 09:30:00-04:00,1.190000057220459,1.25,1.190000057220459,1.25,9322,0.0,0.0
2024-03-13 10:30:00-04:00,1.2400000095367432,1.2400000095367432,1.159999966621399,1.159999966621399,1492,0.0,0.0
2024-03-13 11:30:00-04:00,1.201300024986267,1.201300024986267,1.163599967956543,1.163599967956543,958,0.0,0.0
2024-03-13 12:30:00-04:00,1.2100000381469727,1.2100000381469727,1.1734000444412231,1.190000057220459,1664,0.0,0.0
2024-03-13 13:30:00-04:00,1.1907000541687012,1.2799999713897705,1.190000057220459,1.2200000286102295,25359,0.0,0.0
2024-03-13 14:30:00-04:00,1.2369999885559082,1.2699999809265137,1.2200000286102295,1.2300000190734863,5545,0.0,0.0
2024-03-13 15:30:00-04:00,1.2599999904632568,1.3200000524520874,1.230299949645996,1.2999999523162842,0,0.0,0.0
2024-03-14 09:30:00-04:00,1.350000023841858,1.350000023841858,1.2094999551773071,1.2400000095367432,15257,0.0,0.0
2024-03-14 10:30:00-04:00,1.278499960899353,1.278499960899353,1.149999976158142,1.1799999475479126,8627,0.0,0.0
2024-03-14 11:30:00-04:00,1.190000057220459,1.2200000286102295,1.1799999475479126,1.1799999475479126,5655,0.0,0.0
2024-03-14 12:30:00-04:00,1.2100000381469727,1.2300000190734863,1.190000057220459,1.190000057220459,4460,0.0,0.0
2024-03-14 13:30:00-04:00,1.2300000190734863,1.2300000190734863,1.2000000476837158,1.2200000286102295,2380,0.0,0.0
2024-03-14 14:30:00-04:00,1.2300000190734863,1.2300000190734863,1.2000000476837158,1.2000000476837158,5322,0.0,0.0
2024-03-14 15:30:00-04:00,1.1799999475479126,1.1900999546051025,1.1799999475479126,1.1799999475479126,2503,0.0,0.0
2024-03-15 09:30:00-04:00,1.1950000524520874,1.2000000476837158,1.1759999990463257,1.1759999990463257,7574,0.0,0.0
2024-03-15 10:30:00-04:00,1.1699999570846558,1.2389999628067017,1.1699999570846558,1.2389999628067017,6368,0.0,0.0
2024-03-15 11:30:00-04:00,1.2400000095367432,1.2400000095367432,1.1799999475479126,1.190000057220459,378,0.0,0.0
2024-03-15 12:30:00-04:00,1.1799999475479126,1.180999994277954,1.1799999475479126,1.180999994277954,166,0.0,0.0
2024-03-15 13:30:00-04:00,1.1822999715805054,1.1999000310897827,1.1822999715805054,1.1999000310897827,1598,0.0,0.0
2024-03-15 15:30:00-04:00,1.190000057220459,1.2289999723434448,1.190000057220459,1.2000000476837158,14539,0.0,0.0
2024-03-18 09:30:00-04:00,1.1299999952316284,1.2063000202178955,1.1299999952316284,1.2000000476837158,6437,0.0,0.0
2024-03-18 10:30:00-04:00,1.2450000047683716,1.246399998664856,1.2400000095367432,1.2400000095367432,1822,0.0,0.0
2024-03-18 11:30:00-04:00,1.2400000095367432,1.2400000095367432,1.2400000095367432,1.2400000095367432,412,0.0,0.0
2024-03-18 12:30:00-04:00,1.2400000095367432,1.2400000095367432,1.2400000095367432,1.2400000095367432,1462,0.0,0.0
2024-03-18 14:30:00-04:00,1.2000000476837158,1.2000000476837158,1.2000000476837158,1.2000000476837158,1418,0.0,0.0
2024-03-18 15:30:00-04:00,1.1699999570846558,1.1699999570846558,1.1699999570846558,1.1699999570846558,268,0.0,0.0
2024-03-19 09:30:00-04:00,1.1950000524520874,1.2244999408721924,1.1799999475479126,1.1950000524520874,2138,0.0,0.0
2024-03-19 10:30:00-04:00,1.2000000476837158,1.2999999523162842,1.2000000476837158,1.2826000452041626,21386,0.0,0.0
2024-03-19 11:30:00-04:00,1.2799999713897705,1.284999966621399,1.2299000024795532,1.2402000427246094,6602,0.0,0.0
2024-03-19 13:30:00-04:00,1.2502000331878662,1.2502000331878662,1.250100016593933,1.250100016593933,800,0.0,0.0
2024-03-19 14:30:00-04:00,1.2796000242233276,1.2796000242233276,1.2699999809265137,1.2705999612808228,1854,0.0,0.0
2024-03-19 15:30:00-04:00,1.274999976158142,1.2799999713897705,1.250100016593933,1.250100016593933,3740,0.0,0.0
2024-03-20 09:30:00-04:00,1.190000057220459,1.2699999809265137,1.190000057220459,1.190600037574768,4425,0.0,0.0
2024-03-20 10:30:00-04:00,1.2669999599456787,1.2669999599456787,1.2669999599456787,1.2669999599456787,1040,0.0,0.0
2024-03-20 11:30:00-04:00,1.2300000190734863,1.2300000190734863,1.2300000190734863,1.2300000190734863,366,0.0,0.0
2024-03-20 12:30:00-04:00,1.2698999643325806,1.2699999809265137,1.25600004196167,1.2699999809265137,1759,0.0,0.0
2024-03-20 13:30:00-04:00,1.2300000190734863,1.2300000190734863,1.190000057220459,1.1956000328063965,1309,0.0,0.0
2024-03-20 15:30:00-04:00,1.2699999809265137,1.2699999809265137,1.2699999809265137,1.2699999809265137,710,0.0,0.0
2024-03-21 09:30:00-04:00,1.2300000190734863,1.249899983406067,1.2000000476837158,1.2350000143051147,12565,0.0,0.0
2024-03-21 10:30:00-04:00,1.2350000143051147,1.2350000143051147,1.2146999835968018,1.2146999835968018,2819,0.0,0.0
2024-03-21 11:30:00-04:00,1.201200008392334,1.2350000143051147,1.201200008392334,1.2350000143051147,2395,0.0,0.0
2024-03-21 12:30:00-04:00,1.2350000143051147,1.2599999904632568,1.2000000476837158,1.2599999904632568,6100,0.0,0.0
2024-03-21 13:30:00-04:00,1.2350000143051147,1.2350000143051147,1.2350000143051147,1.2350000143051147,576,0.0,0.0
2024-03-21 14:30:00-04:00,1.2359999418258667,1.2359999418258667,1.2187999486923218,1.2187999486923218,600,0.0,0.0
2024-03-21 15:30:00-04:00,1.2300000190734863,1.2300000190734863,1.190000057220459,1.2000000476837158,13036,0.0,0.0
2024-03-22 09:30:00-04:00,1.1799999475479126,1.1830999851226807,1.1799999475479126,1.1830999851226807,5275,0.0,0.0
2024-03-22 10:30:00-04:00,1.1800999641418457,1.1800999641418457,1.1800999641418457,1.1800999641418457,265,0.0,0.0
2024-03-22 11:30:00-04:00,1.190000057220459,1.2350000143051147,1.1799999475479126,1.2100000381469727,7094,0.0,0.0
2024-03-22 12:30:00-04:00,1.2099000215530396,1.2400000095367432,1.190000057220459,1.2400000095367432,5101,0.0,0.0
2024-03-22 14:30:00-04:00,1.190000057220459,1.2015000581741333,1.190000057220459,1.2015000581741333,1229,0.0,0.0
2024-03-22 15:30:00-04:00,1.2400000095367432,1.2400000095367432,1.2050000429153442,1.2050000429153442,949,0.0,0.0
2024-03-25 09:30:00-04:00,1.1799999475479126,1.2000000476837158,1.1700999736785889,1.2000000476837158,1523,0.0,0.0
2024-03-25 11:30:00-04:00,1.2217999696731567,1.2599999904632568,1.2217999696731567,1.2599999904632568,4668,0.0,0.0
2024-03-25 13:30:00-04:00,1.2300000190734863,1.2400000095367432,1.2300000190734863,1.2300000190734863,5045,0.0,0.0
2024-03-25 15:30:00-04:00,1.2304999828338623,1.2304999828338623,1.2100000381469727,1.2100000381469727,2059,0.0,0.0
2024-03-26 09:30:00-04:00,1.2300000190734863,1.2300000190734863,1.2000000476837158,1.2000000476837158,6369,0.0,0.0
2024-03-26 10:30:00-04:00,1.2274999618530273,1.2300000190734863,1.2000000476837158,1.2300000190734863,7949,0.0,0.0
2024-03-26 11:30:00-04:00,1.2100000381469727,1.2100000381469727,1.2100000381469727,1.2100000381469727,1306,0.0,0.0
2024-03-26 12:30:00-04:00,1.2200000286102295,1.264799952507019,1.2186000347137451,1.2300000190734863,7561,0.0,0.0
2024-03-26 13:30:00-04:00,1.2310999631881714,1.25,1.2310999631881714,1.2400000095367432,4235,0.0,0.0
2024-03-26 14:30:00-04:00,1.2400000095367432,1.2412999868392944,1.2400000095367432,1.2412999868392944,1628,0.0,0.0
2024-03-26 15:30:00-04:00,1.2400000095367432,1.2400000095367432,1.2200000286102295,1.2200000286102295,700,0.0,0.0
2024-03-27 09:30:00-04:00,1.2000999450683594,1.2000999450683594,1.2000999450683594,1.2000999450683594,1694,0.0,0.0
2024-03-27 10:30:00-04:00,1.2000000476837158,1.2000000476837158,1.190000057220459,1.190000057220459,2017,0.0,0.0
2024-03-27 11:30:00-04:00,1.2120000123977661,1.2120000123977661,1.2100000381469727,1.2100000381469727,1010,0.0,0.0
2024-03-27 12:30:00-04:00,1.2200000286102295,1.2200000286102295,1.2059999704360962,1.2059999704360962,2623,0.0,0.0
2024-03-27 13:30:00-04:00,1.2000000476837158,1.2197999954223633,1.2000000476837158,1.2197999954223633,660,0.0,0.0
2024-03-27 14:30:00-04:00,1.2200000286102295,1.2200000286102295,1.2100000381469727,1.2100000381469727,2883,0.0,0.0
2024-03-27 15:30:00-04:00,1.2000000476837158,1.2100000381469727,1.2000000476837158,1.2000000476837158,2032,0.0,0.0
2024-03-28 09:30:00-04:00,1.2300000190734863,1.2300000190734863,1.1985000371932983,1.2000000476837158,3819,0.0,0.0
2024-03-28 10:30:00-04:00,1.2100000381469727,1.2100000381469727,1.1806999444961548,1.1806999444961548,1515,0.0,0.0
2024-03-28 11:30:00-04:00,1.1829999685287476,1.2400000095367432,1.1829999685287476,1.2100000381469727,0,0.0,0.0
2024-03-28 12:30:00-04:00,1.2200000286102295,1.2200000286102295,1.208299994468689,1.208299994468689,8099,0.0,0.0
2024-03-28 13:30:00-04:00,1.2200000286102295,1.2272000312805176,1.2200000286102295,1.2272000312805176,1923,0.0,0.0
2024-03-28 14:30:00-04:00,1.2102999687194824,1.215000033378601,1.190000057220459,1.2050000429153442,4596,0.0,0.0
2024-03-28 15:30:00-04:00,1.2210999727249146,1.2210999727249146,1.190000057220459,1.190000057220459,839,0.0,0.0
2024-04-01 09:30:00-04:00,1.190000057220459,1.2400000095367432,1.190000057220459,1.2000000476837158,3337,0.0,0.0
2024-04-01 10:30:00-04:00,1.2000000476837158,1.2000000476837158,1.2000000476837158,1.2000000476837158,235,0.0,0.0
2024-04-01 11:30:00-04:00,1.2300000190734863,1.2300000190734863,1.1829999685287476,1.1829999685287476,9660,0.0,0.0
2024-04-01 13:30:00-04:00,1.1799999475479126,1.2400000095367432,1.1799999475479126,1.2400000095367432,8549,0.0,0.0
2024-04-01 14:30:00-04:00,1.2001999616622925,1.2001999616622925,1.2001999616622925,1.2001999616622925,620,0.0,0.0
2024-04-01 15:30:00-04:00,1.2000000476837158,1.2400000095367432,1.190000057220459,1.190000057220459,3637,0.0,0.0
2024-04-02 09:30:00-04:00,1.1699999570846558,1.2300000190734863,1.1699999570846558,1.1799999475479126,9285,0.0,0.0
2024-04-02 10:30:00-04:00,1.2100000381469727,1.2899999618530273,1.2000000476837158,1.2899999618530273,13046,0.0,0.0
2024-04-02 11:30:00-04:00,1.2200000286102295,1.344599962234497,1.2200000286102295,1.2699999809265137,38003,0.0,0.0
2024-04-02 12:30:00-04:00,1.2799999713897705,1.2799999713897705,1.2799999713897705,1.2799999713897705,774,0.0,0.0
2024-04-02 13:30:00-04:00,1.2799999713897705,1.309999942779541,1.2799999713897705,1.2900999784469604,10513,0.0,0.0
2024-04-02 14:30:00-04:00,1.2899999618530273,1.3300000429153442,1.2899999618530273,1.320099949836731,14130,0.0,0.0
2024-04-02 15:30:00-04:00,1.3250000476837158,1.4299999475479126,1.3250000476837158,1.399999976158142,72999,0.0,0.0
2024-04-03 09:30:00-04:00,1.399999976158142,1.399999976158142,1.1699999570846558,1.2898000478744507,32950,0.0,0.0
2024-04-03 10:30:00-04:00,1.2401000261306763,1.25,1.218500018119812,1.2300000190734863,16494,0.0,0.0
2024-04-03 11:30:00-04:00,1.2899999618530273,1.2910000085830688,1.2300000190734863,1.2300000190734863,4023,0.0,0.0
2024-04-03 12:30:00-04:00,1.2415000200271606,1.25,1.2342000007629395,1.2342000007629395,1962,0.0,0.0
2024-04-03 13:30:00-04:00,1.2200000286102295,1.2400000095367432,1.2200000286102295,1.2400000095367432,724,0.0,0.0
2024-04-03 14:30:00-04:00,1.25,1.287500023841858,1.25,1.287500023841858,678,0.0,0.0
2024-04-03 15:30:00-04:00,1.2300000190734863,1.233299970626831,1.2300000190734863,1.233299970626831,842,0.0,0.0
2024-04-04 09:30:00-04:00,1.2300000190734863,1.2350000143051147,1.2201000452041626,1.2350000143051147,9814,0.0,0.0
2024-04-04 10:30:00-04:00,1.2200000286102295,1.2200000286102295,1.2200000286102295,1.2200000286102295,437,0.0,0.0
2024-04-04 11:30:00-04:00,1.2414000034332275,1.2414000034332275,1.2414000034332275,1.2414000034332275,1100,0.0,0.0
2024-04-04 12:30:00-04:00,1.2300000190734863,1.249899983406067,1.2000000476837158,1.2109999656677246,8821,0.0,0.0
2024-04-04 13:30:00-04:00,1.2200000286102295,1.25,1.2200000286102295,1.2200000286102295,3866,0.0,0.0
2024-04-04 14:30:00-04:00,1.2100000381469727,1.2400000095367432,1.190000057220459,1.2400000095367432,2308,0.0,0.0
2024-04-05 09:30:00-04:00,1.2100000381469727,1.2200000286102295,1.190000057220459,1.2200000286102295,4169,0.0,0.0
2024-04-05 10:30:00-04:00,1.2000000476837158,1.2342000007629395,1.2000000476837158,1.225000023841858,10239,0.0,0.0
2024-04-05 11:30:00-04:00,1.25,1.309999942779541,1.2400000095367432,1.2599999904632568,14797,0.0,0.0
2024-04-05 12:30:00-04:00,1.257200002670288,1.257200002670288,1.215000033378601,1.215000033378601,4239,0.0,0.0
2024-04-05 13:30:00-04:00,1.2396999597549438,1.2699999809265137,1.2200000286102295,1.2200000286102295,6221,0.0,0.0
2024-04-05 14:30:00-04:00,1.2000000476837158,1.2493000030517578,1.2000000476837158,1.2493000030517578,6021,0.0,0.0
2024-04-05 15:30:00-04:00,1.2100000381469727,1.2300000190734863,1.2100000381469727,1.2100000381469727,872,0.0,0.0
2024-04-08 09:30:00-04:00,1.2100000381469727,1.2300000190734863,1.2000000476837158,1.2142000198364258,22330,0.0,0.0
2024-04-08 10:30:00-04:00,1.1890000104904175,1.2200000286102295,1.184999942779541,1.1899000406265259,18365,0.0,0.0
2024-04-08 11:30:00-04:00,1.1835999488830566,1.1950000524520874,1.1835999488830566,1.1950000524520874,553,0.0,0.0
2024-04-08 13:30:00-04:00,1.2100000381469727,1.2100000381469727,1.2099000215530396,1.2100000381469727,965,0.0,0.0
2024-04-08 14:30:00-04:00,1.2300000190734863,1.2300000190734863,1.2300000190734863,1.2300000190734863,238,0.0,0.0
2024-04-08 15:30:00-04:00,1.2100000381469727,1.2100000381469727,1.1830999851226807,1.1830999851226807,3893,0.0,0.0
2024-04-09 09:30:00-04:00,1.2200000286102295,1.2400000095367432,1.2200000286102295,1.2400000095367432,1820,0.0,0.0
2024-04-09 11:30:00-04:00,1.2000000476837158,1.23989999294281,1.190000057220459,1.2100000381469727,11464,0.0,0.0
2024-04-09 12:30:00-04:00,1.2000000476837158,1.2000000476837158,1.2000000476837158,1.2000000476837158,250,0.0,0.0
2024-04-09 13:30:00-04:00,1.1979000568389893,1.25,1.1907000541687012,1.2300000190734863,14621,0.0,0.0
2024-04-09 14:30:00-04:00,1.2200000286102295,1.2400000095367432,1.2200000286102295,1.2400000095367432,3103,0.0,0.0
2024-04-09 15:30:00-04:00,1.2200000286102295,1.2400000095367432,1.2000000476837158,1.2100000381469727,4774,0.0,0.0
2024-04-10 09:30:00-04:00,1.2100000381469727,1.2297999858856201,1.1996999979019165,1.1999000310897827,14290,0.0,0.0
2024-04-10 11:30:00-04:00,1.2000999450683594,1.2002999782562256,1.1900999546051025,1.1999000310897827,6576,0.0,0.0
2024-04-10 12:30:00-04:00,1.2000999450683594,1.2000999450683594,1.2000999450683594,1.2000999450683594,2000,0.0,0.0
2024-04-10 13:30:00-04:00,1.2100000381469727,1.2300000190734863,1.2099000215530396,1.2107000350952148,16952,0.0,0.0
2024-04-10 14:30:00-04:00,1.2300000190734863,1.2300000190734863,1.2100000381469727,1.2200000286102295,8204,0.0,0.0
2024-04-10 15:30:00-04:00,1.2200000286102295,1.2300000190734863,1.2200000286102295,1.2200000286102295,2706,0.0,0.0
2024-04-11 09:30:00-04:00,1.2200000286102295,1.2400000095367432,1.2101999521255493,1.2101999521255493,12459,0.0,0.0
2024-04-11 10:30:00-04:00,1.1887999773025513,1.2400000095367432,1.182800054550171,1.182800054550171,7363,0.0,0.0
2024-04-11 11:30:00-04:00,1.2199000120162964,1.2199000120162964,1.2199000120162964,1.2199000120162964,1482,0.0,0.0
2024-04-11 12:30:00-04:00,1.2100000381469727,1.2100000381469727,1.2100000381469727,1.2100000381469727,1143,0.0,0.0
2024-04-11 13:30:00-04:00,1.2107000350952148,1.2107000350952148,1.2107000350952148,1.2107000350952148,1236,0.0,0.0
2024-04-11 15:30:00-04:00,1.2200000286102295,1.2200000286102295,1.2000000476837158,1.2008999586105347,750,0.0,0.0
2024-04-12 09:30:00-04:00,1.2000000476837158,1.2258000373840332,1.1999000310897827,1.2000000476837158,12044,0.0,0.0
2024-04-12 10:30:00-04:00,1.215000033378601,1.2300000190734863,1.2000000476837158,1.2001999616622925,11289,0.0,0.0
2024-04-12 11:30:00-04:00,1.2199000120162964,1.2199000120162964,1.190000057220459,1.2050000429153442,2521,0.0,0.0
2024-04-12 12:30:00-04:00,1.2000000476837158,1.2000000476837158,1.190000057220459,1.1901999711990356,11120,0.0,0.0
2024-04-12 13:30:00-04:00,1.1800999641418457,1.1800999641418457,1.1800999641418457,1.1800999641418457,3225,0.0,0.0
2024-04-12 15:30:00-04:00,1.1749999523162842,1.1749999523162842,1.1699999570846558,1.1699999570846558,885,0.0,0.0
2024-04-15 09:30:00-04:00,1.2599999904632568,1.2599999904632568,1.159999966621399,1.159999966621399,25960,0.0,0.0
2024-04-15 10:30:00-04:00,1.1699999570846558,1.1699999570846558,1.159999966621399,1.160099983215332,3270,0.0,0.0
2024-04-15 11:30:00-04:00,1.160099983215332,1.160099983215332,1.159999966621399,1.159999966621399,621,0.0,0.0
2024-04-15 13:30:00-04:00,1.159999966621399,1.159999966621399,1.1299999952316284,1.1399999856948853,22014,0.0,0.0
2024-04-15 14:30:00-04:00,1.1200000047683716,1.1294000148773193,1.100000023841858,1.1150000095367432,9010,0.0,0.0
2024-04-15 15:30:00-04:00,1.100000023841858,1.1098999977111816,1.0800000429153442,1.090000033378601,15192,0.0,0.0
2024-04-16 09:30:00-04:00,1.0800000429153442,1.1398999691009521,1.0800000429153442,1.100000023841858,7749,0.0,0.0
2024-04-16 10:30:00-04:00,1.0950000286102295,1.0950000286102295,1.0950000286102295,1.0950000286102295,548,0.0,0.0
2024-04-16 11:30:00-04:00,1.090000033378601,1.1100000143051147,1.090000033378601,1.0950000286102295,3460,0.0,0.0
2024-04-16 12:30:00-04:00,1.090000033378601,1.1200000047683716,1.0801000595092773,1.104599952697754,20849,0.0,0.0
2024-04-16 15:30:00-04:00,1.090399980545044,1.090399980545044,1.090000033378601,1.090000033378601,751,0.0,0.0
2024-04-17 09:30:00-04:00,1.087499976158142,1.1100000143051147,1.059999942779541,1.1100000143051147,18460,0.0,0.0
2024-04-17 10:30:00-04:00,1.0801000595092773,1.0801000595092773,1.0801000595092773,1.0801000595092773,3483,0.0,0.0
2024-04-17 11:30:00-04:00,1.0800000429153442,1.0800000429153442,1.0800000429153442,1.0800000429153442,1569,0.0,0.0
2024-04-17 12:30:00-04:00,1.0700000524520874,1.1398999691009521,1.0700000524520874,1.0889999866485596,0,0.0,0.0
2024-04-17 14:30:00-04:00,1.1200000047683716,1.1200000047683716,1.1200000047683716,1.1200000047683716,29793,0.0,0.0
2024-04-18 09:30:00-04:00,1.1100000143051147,1.1100000143051147,1.059999942779541,1.090000033378601,6971,0.0,0.0
2024-04-18 10:30:00-04:00,1.0800000429153442,1.100000023841858,1.0800000429153442,1.090000033378601,0,0.0,0.0
2024-04-18 11:30:00-04:00,1.100000023841858,1.1008000373840332,1.090000033378601,1.100000023841858,2027,0.0,0.0
2024-04-18 13:30:00-04:00,1.1200000047683716,1.1200000047683716,1.1200000047683716,1.1200000047683716,460,0.0,0.0
2024-04-18 14:30:00-04:00,1.1200000047683716,1.1200000047683716,1.1200000047683716,1.1200000047683716,675,0.0,0.0
2024-04-18 15:30:00-04:00,1.1198999881744385,1.1200000047683716,1.090000033378601,1.090000033378601,1711,0.0,0.0
2024-04-19 09:30:00-04:00,1.0700000524520874,1.1050000190734863,1.059999942779541,1.0750000476837158,12914,0.0,0.0
2024-04-19 10:30:00-04:00,1.090000033378601,1.090000033378601,1.0600999593734741,1.0600999593734741,1042,0.0,0.0
2024-04-19 11:30:00-04:00,1.0700000524520874,1.0700000524520874,1.0700000524520874,1.0700000524520874,810,0.0,0.0
2024-04-19 12:30:00-04:00,1.0611000061035156,1.0703999996185303,1.0600999593734741,1.0698000192642212,7972,0.0,0.0
2024-04-19 13:30:00-04:00,1.0499999523162842,1.0499999523162842,1.0,1.0068999528884888,46592,0.0,0.0
2024-04-19 14:30:00-04:00,1.0099999904632568,1.024999976158142,0.9900000095367432,0.9900000095367432,11660,0.0,0.0
2024-04-19 15:30:00-04:00,1.0,1.0099999904632568,0.9950000047683716,1.0,2592,0.0,0.0
2024-04-22 09:30:00-04:00,1.0,1.041700005531311,1.0,1.0,753,0.0,0.0
2024-04-22 10:30:00-04:00,1.0002000331878662,1.0199999809265137,0.9800000190734863,1.0,19919,0.0,0.0
2024-04-22 11:30:00-04:00,1.0049999952316284,1.0299999713897705,0.9983999729156494,1.0299999713897705,8186,0.0,0.0
2024-04-22 15:30:00-04:00,1.0,1.0,1.0,1.0,575,0.0,0.0
2024-04-23 09:30:00-04:00,0.9700000286102295,0.9800000190734863,0.9399999976158142,0.953000009059906,1776749,0.0,0.0
2024-04-23 10:30:00-04:00,0.953000009059906,1.0,0.9520000219345093,0.9610000252723694,27480,0.0,0.0
2024-04-23 11:30:00-04:00,0.9610999822616577,1.0573999881744385,0.960099995136261,1.0327999591827393,64412,0.0,0.0
2024-04-23 12:30:00-04:00,1.0499999523162842,1.0534000396728516,1.0099999904632568,1.0099999904632568,17275,0.0,0.0
2024-04-23 13:30:00-04:00,1.0099999904632568,1.0282000303268433,0.9700000286102295,1.0099999904632568,19091,0.0,0.0
2024-04-23 14:30:00-04:00,1.0,1.0299999713897705,1.0,1.0003999471664429,27857,0.0,0.0
2024-04-23 15:30:00-04:00,1.0,1.1299999952316284,1.0,1.0800000429153442,30555,0.0,0.0
2024-04-24 09:30:00-04:00,1.0199999809265137,1.0399999618530273,0.9599999785423279,0.9700000286102295,132236,0.0,0.0
2024-04-24 10:30:00-04:00,0.9661999940872192,0.9702000021934509,0.9624000191688538,0.9702000021934509,7886,0.0,0.0
2024-04-24 11:30:00-04:00,0.9800000190734863,1.0199999809265137,0.9800000190734863,0.9800999760627747,4068,0.0,0.0
2024-04-24 12:30:00-04:00,0.9800999760627747,0.9900000095367432,0.9800999760627747,0.9800999760627747,10403,0.0,0.0
2024-04-24 13:30:00-04:00,0.9898999929428101,0.9898999929428101,0.9815000295639038,0.9815000295639038,3012,0.0,0.0
2024-04-24 14:30:00-04:00,0.9857000112533569,0.9898999929428101,0.9815000295639038,0.9815000295639038,0,0.0,0.0
2024-04-24 15:30:00-04:00,0.989799976348877,0.989799976348877,0.9800999760627747,0.9811000227928162,172706,0.0,0.0
2024-04-25 09:30:00-04:00,0.9710000157356262,0.9710000157356262,0.925000011920929,0.949400007724762,18698,0.0,0.0
2024-04-25 10:30:00-04:00,0.9399999976158142,0.9399999976158142,0.8899999856948853,0.9024999737739563,33471,0.0,0.0
2024-04-25 11:30:00-04:00,0.9028000235557556,0.9300000071525574,0.8834999799728394,0.9300000071525574,15676,0.0,0.0
2024-04-25 12:30:00-04:00,0.9764999747276306,0.9764999747276306,0.9764999747276306,0.9764999747276306,1154,0.0,0.0
2024-04-25 13:30:00-04:00,0.9517999887466431,1.0499999523162842,0.949999988079071,1.0299999713897705,47508,0.0,0.0
2024-04-25 14:30:00-04:00,1.0200999975204468,1.0399999618530273,1.0199999809265137,1.0300999879837036,29080,0.0,0.0
2024-04-25 15:30:00-04:00,1.0312000513076782,1.0399999618530273,0.9900000095367432,1.0299999713897705,3539,0.0,0.0
2024-04-26 09:30:00-04:00,1.0199999809265137,1.0199999809265137,0.9657999873161316,0.9700999855995178,11854,0.0,0.0
2024-04-26 10:30:00-04:00,0.9800000190734863,1.0099999904632568,0.9800000190734863,1.0,12479,0.0,0.0
2024-04-26 11:30:00-04:00,1.0,1.0,0.9800999760627747,0.9800999760627747,4436,0.0,0.0
2024-04-26 12:30:00-04:00,0.9951000213623047,0.9951000213623047,0.9951000213623047,0.9951000213623047,213,0.0,0.0
2024-04-26 13:30:00-04:00,0.9700999855995178,1.0099999904632568,0.9700999855995178,1.0,3417,0.0,0.0
2024-04-26 14:30:00-04:00,1.000100016593933,1.0099999904632568,1.000100016593933,1.0099999904632568,3020,0.0,0.0
2024-04-26 15:30:00-04:00,1.000100016593933,1.0049999952316284,0.9799000024795532,0.9800000190734863,5873,0.0,0.0
2024-04-29 10:30:00-04:00,0.9599999785423279,0.9750999808311462,0.9599999785423279,0.9750999808311462,6146,0.0,0.0
2024-04-29 12:30:00-04:00,1.0,1.0,1.0,1.0,726,0.0,0.0
2024-04-29 13:30:00-04:00,1.0,1.0,1.0,1.0,1326,0.0,0.0
2024-04-29 15:30:00-04:00,0.9900000095367432,0.9900000095367432,0.9900000095367432,0.9900000095367432,1400,0.0,0.0
2024-04-30 09:30:00-04:00,0.9399999976158142,0.9602000117301941,0.9399999976158142,0.9602000117301941,3123,0.0,0.0
2024-04-30 10:30:00-04:00,0.9977999925613403,1.0,0.9599999785423279,0.9599999785423279,1898,0.0,0.0
2024-04-30 11:30:00-04:00,0.9800000190734863,0.9980000257492065,0.9800000190734863,0.9980000257492065,1898,0.0,0.0
2024-04-30 12:30:00-04:00,0.9639000296592712,0.9639000296592712,0.9599999785423279,0.9599999785423279,3727,0.0,0.0
2024-04-30 14:30:00-04:00,0.9990000128746033,1.0199999809265137,0.9900000095367432,1.0199999809265137,65725,0.0,0.0
2024-04-30 15:30:00-04:00,1.0199999809265137,1.0199999809265137,0.982699990272522,0.982699990272522,8010,0.0,0.0
2024-05-01 09:30:00-04:00,0.9900000095367432,1.0,0.9900000095367432,1.0,9166,0.0,0.0
2024-05-01 11:30:00-04:00,1.0,1.0,0.9900000095367432,0.9901000261306763,6617,0.0,0.0
2024-05-01 12:30:00-04:00,0.9901999831199646,0.9901999831199646,0.9901999831199646,0.9901999831199646,1128,0.0,0.0
2024-05-01 13:30:00-04:00,0.9901000261306763,0.9950000047683716,0.9768000245094299,0.9800000190734863,8599,0.0,0.0
2024-05-01 15:30:00-04:00,1.0099999904632568,1.0099999904632568,0.9900000095367432,0.9900000095367432,562,0.0,0.0
2024-05-02 09:30:00-04:00,0.9800000190734863,0.9916999936103821,0.9800000190734863,0.9916999936103821,6414,0.0,0.0
2024-05-02 10:30:00-04:00,0.9850000143051147,1.0199999809265137,0.9850000143051147,1.0099999904632568,904,0.0,0.0
2024-05-02 12:30:00-04:00,0.9850999712944031,1.0098999738693237,0.9850000143051147,1.0098999738693237,1377,0.0,0.0
2024-05-02 13:30:00-04:00,1.0098999738693237,1.0098999738693237,0.9850999712944031,0.9850999712944031,6638,0.0,0.0
2024-05-03 10:30:00-04:00,1.0048999786376953,1.0048999786376953,0.9900000095367432,0.9900000095367432,20212,0.0,0.0
2024-05-03 11:30:00-04:00,1.0098999738693237,1.0099999904632568,1.0098999738693237,1.0099999904632568,0,0.0,0.0
2024-05-03 12:30:00-04:00,1.0,1.0,1.0,1.0,522,0.0,0.0
2024-05-03 14:30:00-04:00,0.9810000061988831,0.9810000061988831,0.968999981880188,0.968999981880188,3587,0.0,0.0
2024-05-03 15:30:00-04:00,0.9690999984741211,0.9690999984741211,0.9690999984741211,0.9690999984741211,1180,0.0,0.0
2024-05-06 09:30:00-04:00,0.960099995136261,0.9700000286102295,0.960099995136261,0.9700000286102295,764,0.0,0.0
2024-05-06 10:30:00-04:00,0.9700000286102295,0.9700000286102295,0.960099995136261,0.9700000286102295,1386,0.0,0.0
2024-05-06 11:30:00-04:00,0.960099995136261,0.960099995136261,0.960099995136261,0.960099995136261,1018,0.0,0.0
2024-05-06 12:30:00-04:00,0.960099995136261,0.9602000117301941,0.960099995136261,0.9602000117301941,1511,0.0,0.0
2024-05-06 13:30:00-04:00,0.9603000283241272,0.9652000069618225,0.9603000283241272,0.9603000283241272,814,0.0,0.0
2024-05-06 14:30:00-04:00,0.9603000283241272,0.9650999903678894,0.9599999785423279,0.9599999785423279,6663,0.0,0.0
2024-05-06 15:30:00-04:00,0.9506000280380249,0.9599999785423279,0.9399999976158142,0.9399999976158142,16729,0.0,0.0
2024-05-07 09:30:00-04:00,0.9398999810218811,0.9506999850273132,0.9398999810218811,0.9506999850273132,10186,0.0,0.0
2024-05-07 10:30:00-04:00,0.949999988079071,0.949999988079071,0.9399999976158142,0.9399999976158142,2183,0.0,0.0
2024-05-07 11:30:00-04:00,0.9412999749183655,0.9412999749183655,0.9406999945640564,0.9412999749183655,1417,0.0,0.0
2024-05-07 12:30:00-04:00,0.9401000142097473,0.949999988079071,0.9401000142097473,0.949999988079071,868,0.0,0.0
2024-05-07 13:30:00-04:00,0.949999988079071,0.958299994468689,0.949999988079071,0.958299994468689,998,0.0,0.0
2024-05-07 14:30:00-04:00,0.9589999914169312,0.9589999914169312,0.9589999914169312,0.9589999914169312,2581,0.0,0.0
2024-05-07 15:30:00-04:00,0.9545999765396118,0.9545999765396118,0.9545999765396118,0.9545999765396118,481,0.0,0.0
2024-05-08 09:30:00-04:00,0.941100001335144,0.941100001335144,0.941100001335144,0.941100001335144,902,0.0,0.0
2024-05-08 10:30:00-04:00,0.941100001335144,0.941100001335144,0.9409999847412109,0.9409999847412109,1813,0.0,0.0
2024-05-08 11:30:00-04:00,0.941100001335144,0.941100001335144,0.941100001335144,0.941100001335144,514,0.0,0.0
2024-05-08 12:30:00-04:00,0.949999988079071,0.949999988079071,0.9412000179290771,0.9412000179290771,1949,0.0,0.0
2024-05-09 09:30:00-04:00,0.9300000071525574,0.9599999785423279,0.9300000071525574,0.9599999785423279,11373,0.0,0.0
2024-05-09 10:30:00-04:00,0.9451000094413757,0.9580000042915344,0.9451000094413757,0.9498999714851379,6960,0.0,0.0
2024-05-09 13:30:00-04:00,0.9599000215530396,0.9599000215530396,0.9599000215530396,0.9599000215530396,203,0.0,0.0
2024-05-09 14:30:00-04:00,0.9505000114440918,0.9574999809265137,0.9505000114440918,0.9574999809265137,2845,0.0,0.0
2024-05-09 15:30:00-04:00,0.9599999785423279,0.9599999785423279,0.9505000114440918,0.9505000114440918,1244,0.0,0.0
2024-05-10 09:30:00-04:00,0.949999988079071,0.955299973487854,0.949999988079071,0.9506000280380249,3004,0.0,0.0
2024-05-10 10:30:00-04:00,0.9506000280380249,0.9506000280380249,0.9404000043869019,0.949999988079071,1508,0.0,0.0
2024-05-10 11:30:00-04:00,0.9451000094413757,0.949999988079071,0.9401000142097473,0.9401000142097473,5643,0.0,0.0
2024-05-10 12:30:00-04:00,0.9401000142097473,0.9401999711990356,0.9401000142097473,0.9401000142097473,1929,0.0,0.0
2024-05-10 13:30:00-04:00,0.9401000142097473,0.9401000142097473,0.9399999976158142,0.9401000142097473,5209,0.0,0.0
2024-05-10 14:30:00-04:00,0.9301000237464905,0.930400013923645,0.9301000237464905,0.930400013923645,3828,0.0,0.0
2024-05-13 09:30:00-04:00,0.9390000104904175,0.9399999976158142,0.9314000010490417,0.9314000010490417,8491,0.0,0.0
2024-05-13 10:30:00-04:00,0.9300000071525574,0.932200014591217,0.9021999835968018,0.9023000001907349,48017,0.0,0.0
2024-05-13 11:30:00-04:00,0.9000999927520752,0.9052000045776367,0.9000999927520752,0.9052000045776367,8893,0.0,0.0
2024-05-13 14:30:00-04:00,0.9199000000953674,0.9199000000953674,0.9050999879837036,0.9050999879837036,610,0.0,0.0
2024-05-13 15:30:00-04:00,0.9100000262260437,0.9100000262260437,0.9100000262260437,0.9100000262260437,195,0.0,0.0
2024-05-14 09:30:00-04:00,0.9144999980926514,0.9290000200271606,0.9000999927520752,0.9200000166893005,107038,0.0,0.0
2024-05-14 10:30:00-04:00,0.9200000166893005,0.9200000166893005,0.9100000262260437,0.9100000262260437,1488,0.0,0.0
2024-05-14 11:30:00-04:00,0.9200000166893005,0.9200000166893005,0.9200000166893005,0.9200000166893005,950,0.0,0.0
2024-05-14 12:30:00-04:00,0.9208999872207642,0.9284999966621399,0.9208999872207642,0.9284999966621399,1894,0.0,0.0
2024-05-14 13:30:00-04:00,0.9067000150680542,0.9197999835014343,0.9067000150680542,0.9197999835014343,1675,0.0,0.0
2024-05-14 14:30:00-04:00,0.9197999835014343,0.9750000238418579,0.9197999835014343,0.9750000238418579,21434,0.0,0.0
2024-05-14 15:30:00-04:00,0.949999988079071,0.9599999785423279,0.949999988079071,0.9599999785423279,9421,0.0,0.0
2024-05-15 09:30:00-04:00,0.9508000016212463,0.9587000012397766,0.9449999928474426,0.9587000012397766,2749,0.0,0.0
2024-05-15 10:30:00-04:00,0.9315000176429749,0.9315000176429749,0.9200000166893005,0.9280999898910522,3995,0.0,0.0
2024-05-15 12:30:00-04:00,0.9498999714851379,0.9498999714851379,0.9498999714851379,0.9498999714851379,993,0.0,0.0
2024-05-15 14:30:00-04:00,0.949999988079071,0.9750000238418579,0.949999988079071,0.9750000238418579,4016,0.0,0.0
2024-05-15 15:30:00-04:00,0.9718999862670898,0.9718999862670898,0.9524999856948853,0.9524999856948853,540,0.0,0.0
2024-05-16 09:30:00-04:00,0.9517999887466431,0.9599999785423279,0.9399999976158142,0.9409999847412109,0,0.0,0.0
2024-05-16 10:30:00-04:00,0.941100001335144,0.949999988079071,0.929099977016449,0.929099977016449,16286,0.0,0.0
2024-05-16 11:30:00-04:00,0.9291999936103821,0.949999988079071,0.9218000173568726,0.949999988079071,4239,0.0,0.0
2024-05-16 12:30:00-04:00,0.9217000007629395,0.9217000007629395,0.9217000007629395,0.9217000007629395,1000,0.0,0.0
2024-05-16 13:30:00-04:00,0.9358000159263611,0.9358000159263611,0.9217000007629395,0.9225000143051147,2479,0.0,0.0
2024-05-16 14:30:00-04:00,0.9225999712944031,0.9351000189781189,0.9225999712944031,0.9301000237464905,875,0.0,0.0
2024-05-17 09:30:00-04:00,0.9490000009536743,0.9520000219345093,0.9490000009536743,0.9520000219345093,8659,0.0,0.0
2024-05-17 10:30:00-04:00,0.953000009059906,1.0399999618530273,0.953000009059906,1.0130000114440918,46173,0.0,0.0
2024-05-17 11:30:00-04:00,1.0299999713897705,1.0399999618530273,1.0,1.0149999856948853,27853,0.0,0.0
2024-05-17 12:30:00-04:00,1.0099999904632568,1.0149999856948853,1.0,1.0099999904632568,12099,0.0,0.0
2024-05-17 13:30:00-04:00,1.0099999904632568,1.0198999643325806,0.9951000213623047,1.0,4386,0.0,0.0
2024-05-17 14:30:00-04:00,0.9950000047683716,0.9950000047683716,0.9300000071525574,0.9300000071525574,28921,0.0,0.0
2024-05-17 15:30:00-04:00,0.9858999848365784,0.9858999848365784,0.9858999848365784,0.9858999848365784,2065,0.0,0.0
2024-05-20 09:30:00-04:00,0.9853000044822693,1.0299999713897705,0.953000009059906,0.9534000158309937,16638,0.0,0.0
2024-05-20 10:30:00-04:00,1.0180000066757202,1.0199999809265137,0.9599999785423279,1.0,26356,0.0,0.0
2024-05-20 11:30:00-04:00,1.0,1.034999966621399,1.0,1.0299999713897705,21356,0.0,0.0
2024-05-20 12:30:00-04:00,1.0299999713897705,1.100000023841858,0.9900000095367432,1.0700000524520874,54492,0.0,0.0
2024-05-20 13:30:00-04:00,1.059999942779541,1.0700000524520874,1.0499999523162842,1.059999942779541,18631,0.0,0.0
2024-05-20 14:30:00-04:00,1.0549999475479126,1.0693999528884888,1.0199999809265137,1.0499000549316406,25010,0.0,0.0
2024-05-20 15:30:00-04:00,1.0591000318527222,1.0700000524520874,1.0399999618530273,1.0700000524520874,24757,0.0,0.0
2024-05-21 09:30:00-04:00,1.059999942779541,1.059999942779541,0.9599999785423279,0.9599999785423279,41836,0.0,0.0
2024-05-21 10:30:00-04:00,0.960099995136261,0.960099995136261,0.9251000285148621,0.9477999806404114,50537,0.0,0.0
2024-05-21 11:30:00-04:00,0.9498999714851379,0.9498999714851379,0.9401000142097473,0.9401000142097473,5893,0.0,0.0
2024-05-21 12:30:00-04:00,0.9402999877929688,0.949999988079071,0.9327999949455261,0.9327999949455261,4347,0.0,0.0
2024-05-21 13:30:00-04:00,0.949999988079071,0.949999988079071,0.9350000023841858,0.9480000138282776,15015,0.0,0.0
2024-05-21 14:30:00-04:00,0.9409999847412109,0.9599000215530396,0.9399999976158142,0.949999988079071,8005,0.0,0.0
2024-05-21 15:30:00-04:00,0.9351999759674072,0.9401000142097473,0.9351000189781189,0.9351000189781189,6320,0.0,0.0
2024-05-22 09:30:00-04:00,0.949999988079071,0.9649999737739563,0.949999988079071,0.9649999737739563,9049,0.0,0.0
2024-05-22 10:30:00-04:00,0.9696000218391418,1.100000023841858,0.9696000218391418,1.0099999904632568,65522,0.0,0.0
2024-05-22 11:30:00-04:00,1.0099999904632568,1.0219999551773071,1.0,1.0,6895,0.0,0.0
2024-05-22 12:30:00-04:00,0.9900000095367432,0.9900000095367432,0.9894000291824341,0.9894000291824341,1047,0.0,0.0
2024-05-22 13:30:00-04:00,0.9847000241279602,0.9901000261306763,0.9811000227928162,0.9901000261306763,2500,0.0,0.0
2024-05-22 14:30:00-04:00,0.9900000095367432,1.0099999904632568,0.9617999792098999,1.0099999904632568,21155,0.0,0.0
2024-05-22 15:30:00-04:00,1.0098999738693237,1.0098999738693237,0.9850000143051147,0.9850000143051147,0,0.0,0.0
2024-05-23 09:30:00-04:00,1.0,1.0,0.9208999872207642,0.9208999872207642,11613,0.0,0.0
2024-05-23 10:30:00-04:00,0.9375,0.9375,0.925000011920929,0.925000011920929,109,0.0,0.0
2024-05-23 11:30:00-04:00,0.9298999905586243,0.9688000082969666,0.9298999905586243,0.9485999941825867,11861,0.0,0.0
2024-05-23 12:30:00-04:00,0.9700000286102295,0.9700000286102295,0.9501000046730042,0.9501000046730042,1484,0.0,0.0
2024-05-23 13:30:00-04:00,0.9505000114440918,0.960099995136261,0.9485999941825867,0.9485999941825867,5683,0.0,0.0
2024-05-23 14:30:00-04:00,0.9743000268936157,0.9743000268936157,0.9485999941825867,0.9743000268936157,1425,0.0,0.0
2024-05-23 15:30:00-04:00,0.9610000252723694,0.9610000252723694,0.9610000252723694,0.9610000252723694,999,0.0,0.0
2024-05-24 09:30:00-04:00,0.9599999785423279,0.9599999785423279,0.9075999855995178,0.9075999855995178,14989,0.0,0.0
2024-05-24 10:30:00-04:00,0.9003000259399414,0.9197999835014343,0.8888000249862671,0.910099983215332,9951,0.0,0.0
2024-05-24 11:30:00-04:00,0.914900004863739,0.9196000099182129,0.910099983215332,0.9194999933242798,2776,0.0,0.0
2024-05-24 12:30:00-04:00,0.9150000214576721,0.9253000020980835,0.9150000214576721,0.9253000020980835,2398,0.0,0.0
2024-05-24 13:30:00-04:00,0.9253000020980835,0.9258000254631042,0.9200000166893005,0.9258000254631042,1264,0.0,0.0
2024-05-24 14:30:00-04:00,0.9200999736785889,0.9200999736785889,0.9125000238418579,0.914900004863739,4520,0.0,0.0
2024-05-24 15:30:00-04:00,0.9114000201225281,0.9399999976158142,0.9104999899864197,0.9200000166893005,2617,0.0,0.0
2024-05-28 09:30:00-04:00,0.9660000205039978,0.9700000286102295,0.9200000166893005,0.9200999736785889,29417,0.0,0.0
2024-05-28 10:30:00-04:00,0.941100001335144,0.941100001335144,0.941100001335144,0.941100001335144,283,0.0,0.0
2024-05-28 11:30:00-04:00,0.9546999931335449,0.9546999931335449,0.9204999804496765,0.9204999804496765,903,0.0,0.0
2024-05-28 13:30:00-04:00,0.921999990940094,0.921999990940094,0.921999990940094,0.921999990940094,11440,0.0,0.0
2024-05-28 14:30:00-04:00,0.9545999765396118,0.9545999765396118,0.9545999765396118,0.9545999765396118,201,0.0,0.0
2024-05-28 15:30:00-04:00,0.921999990940094,0.9239000082015991,0.921999990940094,0.923799991607666,7049,0.0,0.0
2024-05-29 09:30:00-04:00,0.9495000243186951,0.9495000243186951,0.9229999780654907,0.9298999905586243,10686,0.0,0.0
2024-05-29 10:30:00-04:00,0.9248999953269958,0.9284999966621399,0.921500027179718,0.9229999780654907,12885,0.0,0.0
2024-05-29 11:30:00-04:00,0.9229999780654907,0.9399999976158142,0.9229999780654907,0.923799991607666,4500,0.0,0.0
2024-05-29 12:30:00-04:00,0.923799991607666,0.923799991607666,0.8999999761581421,0.9200000166893005,45361,0.0,0.0
2024-05-29 13:30:00-04:00,0.9199000000953674,0.9248999953269958,0.9100000262260437,0.9248999953269958,2149,0.0,0.0
2024-05-29 14:30:00-04:00,0.9247999787330627,0.932200014591217,0.9247999787330627,0.932200014591217,925,0.0,0.0
2024-05-29 15:30:00-04:00,0.9247999787330627,0.9247999787330627,0.8999999761581421,0.8999999761581421,3784,0.0,0.0
2024-05-30 09:30:00-04:00,0.9232000112533569,0.9232000112533569,0.9122999906539917,0.9122999906539917,1885,0.0,0.0
2024-05-30 10:30:00-04:00,0.9020000100135803,0.902999997138977,0.9014999866485596,0.902999997138977,2923,0.0,0.0
2024-05-30 12:30:00-04:00,0.9103000164031982,0.9103000164031982,0.9103000164031982,0.9103000164031982,791,0.0,0.0
2024-05-30 13:30:00-04:00,0.9248999953269958,0.9248999953269958,0.8810999989509583,0.8848999738693237,24193,0.0,0.0
2024-05-30 14:30:00-04:00,0.8924000263214111,0.8999999761581421,0.8809000253677368,0.8809000253677368,7797,0.0,0.0
2024-05-30 15:30:00-04:00,0.8799999952316284,0.8799999952316284,0.8700000047683716,0.8799999952316284,8767,0.0,0.0
2024-05-31 09:30:00-04:00,0.875,0.875,0.875,0.875,1222,0.0,0.0
2024-05-31 11:30:00-04:00,0.8899999856948853,0.8989999890327454,0.8899999856948853,0.8989999890327454,605,0.0,0.0
2024-05-31 12:30:00-04:00,0.8899999856948853,0.8899999856948853,0.8848999738693237,0.8848999738693237,6350,0.0,0.0
2024-05-31 13:30:00-04:00,0.8930000066757202,0.9312999844551086,0.8930000066757202,0.9261000156402588,26178,0.0,0.0
2024-05-31 14:30:00-04:00,0.904699981212616,0.9333999752998352,0.904699981212616,0.9333999752998352,5500,0.0,0.0
2024-05-31 15:30:00-04:00,0.9307000041007996,0.9307000041007996,0.9307000041007996,0.9307000041007996,0,0.0,0.0
2024-06-03 09:30:00-04:00,0.9169999957084656,0.9169999957084656,0.8952999711036682,0.8952999711036682,1328,0.0,0.0
2024-06-03 10:30:00-04:00,0.8939999938011169,0.8939999938011169,0.8939999938011169,0.8939999938011169,327,0.0,0.0
2024-06-03 11:30:00-04:00,0.8945000171661377,0.8945000171661377,0.8945000171661377,0.8945000171661377,930,0.0,0.0
2024-06-03 12:30:00-04:00,0.9139999747276306,0.9139999747276306,0.8899999856948853,0.8899999856948853,572,0.0,0.0
2024-06-03 13:30:00-04:00,0.8999999761581421,0.8999999761581421,0.8899999856948853,0.8899999856948853,5078,0.0,0.0
2024-06-03 14:30:00-04:00,0.8799999952316284,0.8849999904632568,0.8799999952316284,0.8849999904632568,4765,0.0,0.0
2024-06-03 15:30:00-04:00,0.8899999856948853,0.8999999761581421,0.8799999952316284,0.8799999952316284,3209,0.0,0.0
2024-06-04 09:30:00-04:00,0.8701000213623047,0.8799999952316284,0.8701000213623047,0.8701000213623047,5714,0.0,0.0
2024-06-04 10:30:00-04:00,0.8701000213623047,0.8704000115394592,0.8701000213623047,0.8701000213623047,15894,0.0,0.0
2024-06-04 11:30:00-04:00,0.8648999929428101,0.8914999961853027,0.8640000224113464,0.8899999856948853,17769,0.0,0.0
2024-06-04 12:30:00-04:00,0.8865000009536743,0.8865000009536743,0.8865000009536743,0.8865000009536743,290,0.0,0.0
2024-06-04 14:30:00-04:00,0.8899999856948853,0.8901000022888184,0.8899999856948853,0.8901000022888184,2106,0.0,0.0
2024-06-04 15:30:00-04:00,0.8899999856948853,0.8899999856948853,0.8899999856948853,0.8899999856948853,903,0.0,0.0
2024-06-05 09:30:00-04:00,0.8899999856948853,0.8899999856948853,0.8898000121116638,0.8898000121116638,8175,0.0,0.0
2024-06-05 10:30:00-04:00,0.871999979019165,0.871999979019165,0.8650000095367432,0.8671000003814697,14661,0.0,0.0
2024-06-05 11:30:00-04:00,0.879800021648407,0.8798999786376953,0.8687999844551086,0.8798999786376953,6736,0.0,0.0
2024-06-05 12:30:00-04:00,0.8799999952316284,0.8899000287055969,0.8799999952316284,0.8899000287055969,7063,0.0,0.0
2024-06-06 09:30:00-04:00,0.9017000198364258,0.9018999934196472,0.9017000198364258,0.9018999934196472,1870,0.0,0.0
2024-06-06 10:30:00-04:00,0.8901000022888184,0.8901000022888184,0.8845000267028809,0.8899000287055969,3753,0.0,0.0
2024-06-06 12:30:00-04:00,0.9041000008583069,0.9041000008583069,0.9041000008583069,0.9041000008583069,181,0.0,0.0
2024-06-06 13:30:00-04:00,0.8902999758720398,0.9004999995231628,0.8799999952316284,0.8799999952316284,9219,0.0,0.0
2024-06-06 14:30:00-04:00,0.8883000016212463,0.8883000016212463,0.8790000081062317,0.8791000247001648,8074,0.0,0.0
2024-06-06 15:30:00-04:00,0.8679999709129333,0.8705000281333923,0.8679999709129333,0.8705000281333923,512,0.0,0.0
2024-06-07 09:30:00-04:00,0.8820000290870667,0.9150000214576721,0.8820000290870667,0.9150000214576721,38164,0.0,0.0
2024-06-07 12:30:00-04:00,0.8799999952316284,0.8899999856948853,0.8600999712944031,0.8799999952316284,2558,0.0,0.0
2024-06-07 13:30:00-04:00,0.8799999952316284,0.8830000162124634,0.8598999977111816,0.8598999977111816,9998,0.0,0.0
2024-06-07 15:30:00-04:00,0.8981000185012817,0.8981000185012817,0.8700000047683716,0.8700000047683716,2814,0.0,0.0
2024-06-10 09:30:00-04:00,0.9140999913215637,0.9140999913215637,0.8700000047683716,0.8700000047683716,3876,0.0,0.0
2024-06-10 10:30:00-04:00,0.8960999846458435,0.8960999846458435,0.8464000225067139,0.8497999906539917,7570,0.0,0.0
2024-06-10 11:30:00-04:00,0.8474000096321106,0.8474000096321106,0.8450000286102295,0.8450000286102295,1100,0.0,0.0
2024-06-10 12:30:00-04:00,0.8320000171661377,0.8500000238418579,0.8320000171661377,0.8324999809265137,2603,0.0,0.0
2024-06-10 13:30:00-04:00,0.8324999809265137,0.8324999809265137,0.8324999809265137,0.8324999809265137,167,0.0,0.0
2024-06-10 14:30:00-04:00,0.8331999778747559,0.8331999778747559,0.8331999778747559,0.8331999778747559,989,0.0,0.0
2024-06-10 15:30:00-04:00,0.8434000015258789,0.8434000015258789,0.8434000015258789,0.8434000015258789,137,0.0,0.0
2024-06-11 09:30:00-04:00,0.8569999933242798,0.8569999933242798,0.8339999914169312,0.8349999785423279,7311,0.0,0.0
2024-06-11 12:30:00-04:00,0.8485999703407288,0.8485999703407288,0.8485999703407288,0.8485999703407288,1051,0.0,0.0
2024-06-11 15:30:00-04:00,0.8571000099182129,0.8571000099182129,0.8571000099182129,0.8571000099182129,363,0.0,0.0
2024-06-12 09:30:00-04:00,0.8571000099182129,0.8571000099182129,0.847000002861023,0.847000002861023,2336,0.0,0.0
2024-06-12 10:30:00-04:00,0.847000002861023,0.8500000238418579,0.847000002861023,0.8500000238418579,1111,0.0,0.0
2024-06-12 11:30:00-04:00,0.8479999899864197,0.8489999771118164,0.8320000171661377,0.8320000171661377,9615,0.0,0.0
2024-06-12 12:30:00-04:00,0.8658999800682068,0.8658999800682068,0.8460000157356262,0.8460000157356262,11711,0.0,0.0
2024-06-12 13:30:00-04:00,0.8659999966621399,0.8659999966621399,0.8659999966621399,0.8659999966621399,0,0.0,0.0
2024-06-12 15:30:00-04:00,0.8429999947547913,0.8429999947547913,0.8429999947547913,0.8429999947547913,303,0.0,0.0
2024-06-13 09:30:00-04:00,0.8299999833106995,0.8299999833106995,0.8199999928474426,0.8199999928474426,6533,0.0,0.0
2024-06-13 10:30:00-04:00,0.8199999928474426,0.8199999928474426,0.8199999928474426,0.8199999928474426,5220,0.0,0.0
2024-06-13 11:30:00-04:00,0.8299999833106995,0.8299999833106995,0.8299999833106995,0.8299999833106995,276,0.0,0.0
2024-06-13 13:30:00-04:00,0.8600000143051147,0.8600000143051147,0.8464999794960022,0.8600000143051147,604,0.0,0.0
2024-06-13 15:30:00-04:00,0.8575000166893005,0.8575000166893005,0.8575000166893005,0.8575000166893005,105,0.0,0.0
2024-06-14 11:30:00-04:00,0.8312000036239624,0.8442999720573425,0.8312000036239624,0.8442999720573425,1681,0.0,0.0
2024-06-14 15:30:00-04:00,0.8310999870300293,0.8310999870300293,0.8299999833106995,0.8299999833106995,639,0.0,0.0
2024-06-17 09:30:00-04:00,0.8299000263214111,0.8299000263214111,0.8100000023841858,0.8100000023841858,10369,0.0,0.0
2024-06-17 10:30:00-04:00,0.8149999976158142,0.8149999976158142,0.8149999976158142,0.8149999976158142,132,0.0,0.0
2024-06-17 11:30:00-04:00,0.8149999976158142,0.8296999931335449,0.8149999976158142,0.8149999976158142,3805,0.0,0.0
2024-06-17 13:30:00-04:00,0.8149999976158142,0.8149999976158142,0.796500027179718,0.796500027179718,9297,0.0,0.0
2024-06-17 14:30:00-04:00,0.800000011920929,0.800000011920929,0.800000011920929,0.800000011920929,311,0.0,0.0
2024-06-17 15:30:00-04:00,0.796500027179718,0.7998999953269958,0.796500027179718,0.7998999953269958,1962,0.0,0.0
2024-06-18 09:30:00-04:00,0.7700999975204468,0.7799999713897705,0.7599999904632568,0.7799999713897705,12087,0.0,0.0
2024-06-18 10:30:00-04:00,0.7601000070571899,0.7601000070571899,0.6721000075340271,0.7098000049591064,46008,0.0,0.0
2024-06-18 11:30:00-04:00,0.7003999948501587,0.7264999747276306,0.7003999948501587,0.7264999747276306,17611,0.0,0.0
2024-06-18 12:30:00-04:00,0.75,0.75,0.7200000286102295,0.7200000286102295,4396,0.0,0.0
2024-06-18 13:30:00-04:00,0.7400000095367432,0.7545999884605408,0.7400000095367432,0.7545999884605408,437,0.0,0.0
2024-06-18 14:30:00-04:00,0.7598999738693237,0.7598999738693237,0.699999988079071,0.7580000162124634,48075,0.0,0.0
2024-06-18 15:30:00-04:00,0.7031000256538391,0.7299000024795532,0.7031000256538391,0.7031000256538391,2943,0.0,0.0
2024-06-20 09:30:00-04:00,0.7031000256538391,0.7031000256538391,0.6895999908447266,0.6899999976158142,12301,0.0,0.0
2024-06-20 10:30:00-04:00,0.7080000042915344,0.7129999995231628,0.7035999894142151,0.7121000289916992,1227,0.0,0.0
2024-06-20 11:30:00-04:00,0.7031999826431274,0.7031999826431274,0.6103000044822693,0.6499999761581421,41145,0.0,0.0
2024-06-20 12:30:00-04:00,0.6499000191688538,0.6809999942779541,0.6499000191688538,0.6757000088691711,9521,0.0,0.0
2024-06-20 13:30:00-04:00,0.692799985408783,0.692799985408783,0.692799985408783,0.692799985408783,1134,0.0,0.0
2024-06-21 09:30:00-04:00,0.6959999799728394,0.6959999799728394,0.6894999742507935,0.6930999755859375,9354,0.0,0.0
2024-06-21 11:30:00-04:00,0.6959999799728394,0.6959999799728394,0.6959999799728394,0.6959999799728394,674,0.0,0.0
2024-06-21 12:30:00-04:00,0.6959999799728394,0.6959999799728394,0.6959999799728394,0.6959999799728394,200,0.0,0.0
2024-06-21 13:30:00-04:00,0.6881999969482422,0.6920999884605408,0.6881999969482422,0.6920999884605408,1066,0.0,0.0
2024-06-21 14:30:00-04:00,0.6948999762535095,0.713100016117096,0.6948999762535095,0.713100016117096,7412,0.0,0.0
2024-06-21 15:30:00-04:00,0.6940000057220459,0.6940000057220459,0.6940000057220459,0.6940000057220459,1158,0.0,0.0
2024-06-24 09:30:00-04:00,0.7250000238418579,0.7250000238418579,0.7002000212669373,0.7002000212669373,2622,0.0,0.0
2024-06-24 12:30:00-04:00,0.7003999948501587,0.7003999948501587,0.6862000226974487,0.6955000162124634,6351,0.0,0.0
2024-06-24 13:30:00-04:00,0.6811000108718872,0.6811000108718872,0.6700000166893005,0.6700000166893005,857,0.0,0.0
2024-06-24 14:30:00-04:00,0.7039999961853027,0.7039999961853027,0.7039999961853027,0.7039999961853027,855,0.0,0.0
2024-06-24 15:30:00-04:00,0.6998999714851379,0.699999988079071,0.675000011920929,0.675000011920929,3536,0.0,0.0
2024-06-25 09:30:00-04:00,0.6919999718666077,0.6919999718666077,0.682200014591217,0.682200014591217,3848,0.0,0.0
2024-06-25 10:30:00-04:00,0.682200014591217,0.682200014591217,0.682200014591217,0.682200014591217,1094,0.0,0.0
2024-06-25 11:30:00-04:00,0.6862000226974487,0.718999981880188,0.6814000010490417,0.7179999947547913,24305,0.0,0.0
2024-06-25 13:30:00-04:00,0.718999981880188,0.7799999713897705,0.7035999894142151,0.7799999713897705,74367,0.0,0.0
2024-06-25 14:30:00-04:00,0.75,0.7621999979019165,0.7400000095367432,0.7599999904632568,53773,0.0,0.0
2024-06-25 15:30:00-04:00,0.7501000165939331,0.7799999713897705,0.7391999959945679,0.7799999713897705,17040,0.0,0.0
2024-06-26 09:30:00-04:00,0.9100000262260437,0.9693999886512756,0.8004999756813049,0.8554999828338623,7130078,0.0,0.0
2024-06-26 10:30:00-04:00,0.8554999828338623,0.8964999914169312,0.7875000238418579,0.7929999828338623,235354,0.0,0.0
2024-06-26 11:30:00-04:00,0.7932999730110168,0.8450000286102295,0.7800999879837036,0.785099983215332,150763,0.0,0.0
2024-06-26 12:30:00-04:00,0.7853000164031982,0.8880000114440918,0.7850000262260437,0.8880000114440918,155901,0.0,0.0
2024-06-26 13:30:00-04:00,0.8949999809265137,0.8991000056266785,0.8519999980926514,0.862500011920929,124700,0.0,0.0
2024-06-26 14:30:00-04:00,0.8700000047683716,0.8790000081062317,0.8519999980926514,0.8657000064849854,77544,0.0,0.0
2024-06-26 15:30:00-04:00,0.8579000234603882,0.8700000047683716,0.8248000144958496,0.8406000137329102,84432,0.0,0.0
2024-06-27 09:30:00-04:00,0.7799999713897705,0.8700000047683716,0.7609999775886536,0.8579999804496765,344160,0.0,0.0
2024-06-27 10:30:00-04:00,0.8450999855995178,0.8690000176429749,0.8321999907493591,0.8500000238418579,178895,0.0,0.0
2024-06-27 11:30:00-04:00,0.8500000238418579,0.9150000214576721,0.8371999859809875,0.9049000144004822,198382,0.0,0.0
2024-06-27 12:30:00-04:00,0.9049000144004822,0.9049000144004822,0.8112999796867371,0.879800021648407,77071,0.0,0.0
2024-06-27 13:30:00-04:00,0.8720999956130981,0.8840000033378601,0.8366000056266785,0.8603000044822693,54430,0.0,0.0
2024-06-27 14:30:00-04:00,0.8603000044822693,0.8788999915122986,0.8544999957084656,0.8639000058174133,30911,0.0,0.0
2024-06-27 15:30:00-04:00,0.8639000058174133,0.875,0.8500000238418579,0.875,22759,0.0,0.0
2024-06-28 09:30:00-04:00,0.8292999863624573,0.8575000166893005,0.781000018119812,0.8033000230789185,58313,0.0,0.0
2024-06-28 10:30:00-04:00,0.7699000239372253,0.7799999713897705,0.7512999773025513,0.7601000070571899,44178,0.0,0.0
2024-06-28 11:30:00-04:00,0.7609999775886536,0.7954999804496765,0.7609999775886536,0.7699999809265137,4796,0.0,0.0
2024-06-28 12:30:00-04:00,0.7700999975204468,0.7700999975204468,0.7700999975204468,0.7700999975204468,549,0.0,0.0
2024-06-28 13:30:00-04:00,0.7706999778747559,0.7853999733924866,0.7706999778747559,0.7853999733924866,2438,0.0,0.0
2024-06-28 14:30:00-04:00,0.7853999733924866,0.8500000238418579,0.7853999733924866,0.8385000228881836,73655,0.0,0.0
2024-06-28 15:30:00-04:00,0.8414000272750854,0.8658999800682068,0.7860999703407288,0.7979999780654907,5243,0.0,0.0
2024-07-01 09:30:00-04:00,0.7599999904632568,0.7599999904632568,0.722000002861023,0.7480000257492065,37215,0.0,0.0
2024-07-01 10:30:00-04:00,0.7361000180244446,0.7598000168800354,0.7360000014305115,0.75,11141,0.0,0.0
2024-07-01 11:30:00-04:00,0.75,0.75,0.75,0.75,4409,0.0,0.0
2024-07-01 13:30:00-04:00,0.7856000065803528,0.7856000065803528,0.7856000065803528,0.7856000065803528,294,0.0,0.0
2024-07-01 14:30:00-04:00,0.7950000166893005,0.7950000166893005,0.7950000166893005,0.7950000166893005,955,0.0,0.0
2024-07-01 15:30:00-04:00,0.800000011920929,0.800000011920929,0.7878000140190125,0.7978000044822693,2408,0.0,0.0
2024-07-02 09:30:00-04:00,0.75,0.7649999856948853,0.75,0.75,29736,0.0,0.0
2024-07-02 10:30:00-04:00,0.7789999842643738,0.8072999715805054,0.7789999842643738,0.7796000242233276,2574,0.0,0.0
2024-07-02 11:30:00-04:00,0.7850000262260437,0.7850000262260437,0.75,0.7850000262260437,27202,0.0,0.0
2024-07-02 12:30:00-04:00,0.7850000262260437,0.7850000262260437,0.755299985408783,0.755299985408783,357,0.0,0.0
2024-07-02 13:30:00-04:00,0.7520999908447266,0.7601000070571899,0.751800000667572,0.7599999904632568,2800,0.0,0.0
2024-07-02 15:30:00-04:00,0.7541000247001648,0.7699999809265137,0.7541000247001648,0.7699999809265137,20301,0.0,0.0
2024-07-03 09:30:00-04:00,0.7533000111579895,0.7598999738693237,0.7350000143051147,0.7401999831199646,21865,0.0,0.0
2024-07-03 10:30:00-04:00,0.7450000047683716,0.7573999762535095,0.7214000225067139,0.7573999762535095,6238,0.0,0.0
2024-07-03 11:30:00-04:00,0.7251999974250793,0.7419999837875366,0.6852999925613403,0.6899999976158142,41276,0.0,0.0
2024-07-05 09:30:00-04:00,0.7307999730110168,0.7307999730110168,0.7102000117301941,0.7200000286102295,14034,0.0,0.0
2024-07-05 10:30:00-04:00,0.7200000286102295,0.7200000286102295,0.710099995136261,0.7192999720573425,2993,0.0,0.0
2024-07-05 12:30:00-04:00,0.7150999903678894,0.7498000264167786,0.7150999903678894,0.7498000264167786,34779,0.0,0.0
2024-07-05 13:30:00-04:00,0.7498000264167786,0.7900000214576721,0.7360000014305115,0.7900000214576721,60569,0.0,0.0
2024-07-05 14:30:00-04:00,0.789900004863739,0.789900004863739,0.7401000261306763,0.7459999918937683,1838,0.0,0.0
2024-07-05 15:30:00-04:00,0.7461000084877014,0.7461000084877014,0.7461000084877014,0.7461000084877014,643,0.0,0.0
2024-07-08 09:30:00-04:00,0.75,0.7501999735832214,0.7472000122070312,0.7501999735832214,20761,0.0,0.0
2024-07-08 10:30:00-04:00,0.737500011920929,0.737500011920929,0.7250000238418579,0.7250000238418579,4289,0.0,0.0
2024-07-08 12:30:00-04:00,0.7893999814987183,0.7893999814987183,0.7858999967575073,0.7858999967575073,6938,0.0,0.0
2024-07-08 14:30:00-04:00,0.7509999871253967,0.7509999871253967,0.7289999723434448,0.7289999723434448,2650,0.0,0.0
2024-07-08 15:30:00-04:00,0.7789999842643738,0.7799999713897705,0.7319999933242798,0.7554000020027161,9527,0.0,0.0
2024-07-09 09:30:00-04:00,0.70660001039505,0.7196999788284302,0.70660001039505,0.70660001039505,25898,0.0,0.0
2024-07-09 10:30:00-04:00,0.7300000190734863,0.7300000190734863,0.7250000238418579,0.7300000190734863,6448,0.0,0.0
2024-07-09 11:30:00-04:00,0.7200999855995178,0.7480000257492065,0.7200000286102295,0.7398999929428101,5293,0.0,0.0
2024-07-09 12:30:00-04:00,0.7299000024795532,0.7398999929428101,0.7299000024795532,0.7398999929428101,1244,0.0,0.0
2024-07-09 13:30:00-04:00,0.7335000038146973,0.7480000257492065,0.7335000038146973,0.7480000257492065,16500,0.0,0.0
2024-07-09 14:30:00-04:00,0.7400000095367432,0.7400000095367432,0.7329999804496765,0.7329999804496765,2312,0.0,0.0
2024-07-10 09:30:00-04:00,0.7336999773979187,0.7605000138282776,0.730400025844574,0.7605000138282776,15737,0.0,0.0
2024-07-10 10:30:00-04:00,0.7419999837875366,0.7865999937057495,0.7416999936103821,0.7645000219345093,2547,0.0,0.0
2024-07-10 11:30:00-04:00,0.7597000002861023,0.7597000002861023,0.7350000143051147,0.736299991607666,3156,0.0,0.0
2024-07-10 12:30:00-04:00,0.7361000180244446,0.7361000180244446,0.7361000180244446,0.7361000180244446,2254,0.0,0.0
2024-07-10 14:30:00-04:00,0.7434999942779541,0.7434999942779541,0.7434999942779541,0.7434999942779541,731,0.0,0.0
2024-07-10 15:30:00-04:00,0.7598999738693237,0.7700999975204468,0.7598999738693237,0.7699999809265137,1311,0.0,0.0
2024-07-11 09:30:00-04:00,0.7305999994277954,0.7599999904632568,0.7305999994277954,0.7599999904632568,25111,0.0,0.0
2024-07-11 10:30:00-04:00,0.7498999834060669,0.8227999806404114,0.7401999831199646,0.7883999943733215,24955,0.0,0.0
2024-07-11 11:30:00-04:00,0.8050000071525574,0.8050000071525574,0.7400000095367432,0.7900000214576721,23872,0.0,0.0
2024-07-11 12:30:00-04:00,0.7900000214576721,0.7900000214576721,0.7900000214576721,0.7900000214576721,400,0.0,0.0
2024-07-11 13:30:00-04:00,0.7730000019073486,0.7730000019073486,0.7730000019073486,0.7730000019073486,0,0.0,0.0
2024-07-11 14:30:00-04:00,0.7599999904632568,0.7599999904632568,0.7599999904632568,0.7599999904632568,2637,0.0,0.0
2024-07-11 15:30:00-04:00,0.7700999975204468,0.7795000076293945,0.7700999975204468,0.7795000076293945,2875,0.0,0.0
2024-07-12 09:30:00-04:00,0.7599999904632568,0.7799999713897705,0.7599999904632568,0.7601000070571899,16640,0.0,0.0
2024-07-12 10:30:00-04:00,0.7601000070571899,0.7699999809265137,0.7454000115394592,0.7699999809265137,11250,0.0,0.0
2024-07-12 11:30:00-04:00,0.7577000260353088,0.7699999809265137,0.756600022315979,0.7699999809265137,13128,0.0,0.0
2024-07-12 12:30:00-04:00,0.75,0.7900000214576721,0.75,0.7900000214576721,5200,0.0,0.0
2024-07-12 13:30:00-04:00,0.75,0.7900000214576721,0.75,0.7900000214576721,17193,0.0,0.0
2024-07-12 14:30:00-04:00,0.7900000214576721,0.7900000214576721,0.7800999879837036,0.7800999879837036,5205,0.0,0.0
2024-07-12 15:30:00-04:00,0.7800999879837036,0.7800999879837036,0.7620000243186951,0.7620000243186951,3145,0.0,0.0
2024-07-15 09:30:00-04:00,0.7670000195503235,0.7670000195503235,0.7330999970436096,0.766700029373169,10842,0.0,0.0
2024-07-15 12:30:00-04:00,0.7541999816894531,0.7541999816894531,0.7311000227928162,0.7311000227928162,3006,0.0,0.0
2024-07-15 13:30:00-04:00,0.7455999851226807,0.7749999761581421,0.7455999851226807,0.7749999761581421,0,0.0,0.0
2024-07-15 14:30:00-04:00,0.7516999840736389,0.7516999840736389,0.7455999851226807,0.7455999851226807,40501,0.0,0.0
2024-07-15 15:30:00-04:00,0.7490000128746033,0.7585999965667725,0.7490000128746033,0.7585999965667725,5220,0.0,0.0
2024-07-16 09:30:00-04:00,0.7585999965667725,0.7585999965667725,0.7457000017166138,0.75,3597,0.0,0.0
2024-07-16 10:30:00-04:00,0.7549999952316284,0.7549999952316284,0.7549999952316284,0.7549999952316284,4255,0.0,0.0
2024-07-16 11:30:00-04:00,0.75,0.75,0.75,0.75,1406,0.0,0.0
2024-07-16 12:30:00-04:00,0.762499988079071,0.762499988079071,0.762499988079071,0.762499988079071,1600,0.0,0.0
2024-07-16 13:30:00-04:00,0.7749999761581421,0.800000011920929,0.7749000191688538,0.7860000133514404,26159,0.0,0.0
2024-07-16 14:30:00-04:00,0.7900000214576721,0.7900000214576721,0.7802000045776367,0.7802000045776367,4204,0.0,0.0
2024-07-16 15:30:00-04:00,0.7900000214576721,0.7900000214576721,0.7803000211715698,0.785099983215332,3451,0.0,0.0
2024-07-17 09:30:00-04:00,0.800000011920929,0.8115000128746033,0.800000011920929,0.8098999857902527,17286,0.0,0.0
2024-07-17 10:30:00-04:00,0.8023999929428101,0.8116000294685364,0.8021000027656555,0.8021000027656555,5459,0.0,0.0
2024-07-17 12:30:00-04:00,0.7997999787330627,0.800000011920929,0.7997999787330627,0.800000011920929,4514,0.0,0.0
2024-07-17 13:30:00-04:00,0.7976999878883362,0.7976999878883362,0.7976999878883362,0.7976999878883362,400,0.0,0.0
2024-07-17 14:30:00-04:00,0.800000011920929,0.800000011920929,0.7799999713897705,0.7799999713897705,0,0.0,0.0
2024-07-18 09:30:00-04:00,0.7699999809265137,0.7699999809265137,0.7450000047683716,0.7450000047683716,5570,0.0,0.0
2024-07-18 10:30:00-04:00,0.75,0.7724999785423279,0.7454000115394592,0.7455999851226807,8565,0.0,0.0
2024-07-18 11:30:00-04:00,0.800000011920929,0.800000011920929,0.800000011920929,0.800000011920929,0,0.0,0.0
2024-07-18 13:30:00-04:00,0.75,0.774399995803833,0.75,0.774399995803833,2298,0.0,0.0
2024-07-19 09:30:00-04:00,0.7692999839782715,0.7692999839782715,0.7400000095367432,0.7400000095367432,10772,0.0,0.0
2024-07-19 13:30:00-04:00,0.7419999837875366,0.7896000146865845,0.7419999837875366,0.7896000146865845,12573,0.0,0.0
2024-07-19 14:30:00-04:00,0.786300003528595,0.859000027179718,0.7656000256538391,0.8034999966621399,130722,0.0,0.0
2024-07-19 15:30:00-04:00,0.800000011920929,0.800000011920929,0.7656000256538391,0.7699999809265137,15689,0.0,0.0
2024-07-22 09:30:00-04:00,0.7850000262260437,0.7850000262260437,0.7846999764442444,0.7850000262260437,19568,0.0,0.0
2024-07-22 10:30:00-04:00,0.7797999978065491,0.7797999978065491,0.7601000070571899,0.7601000070571899,5422,0.0,0.0
2024-07-22 11:30:00-04:00,0.7601000070571899,0.7714999914169312,0.7601000070571899,0.7714999914169312,12406,0.0,0.0
2024-07-22 12:30:00-04:00,0.7630000114440918,0.7630000114440918,0.7630000114440918,0.7630000114440918,101,0.0,0.0
2024-07-22 13:30:00-04:00,0.7599999904632568,0.7782999873161316,0.7599999904632568,0.7782999873161316,669,0.0,0.0
2024-07-23 09:30:00-04:00,0.7416999936103821,0.7416999936103821,0.7416999936103821,0.7416999936103821,5128,0.0,0.0
2024-07-23 10:30:00-04:00,0.7376000285148621,0.7437999844551086,0.7376000285148621,0.7437999844551086,845,0.0,0.0
2024-07-23 11:30:00-04:00,0.7376000285148621,0.7437999844551086,0.7376000285148621,0.7437999844551086,2329,0.0,0.0
2024-07-23 12:30:00-04:00,0.7437999844551086,0.7595999836921692,0.7346000075340271,0.7595999836921692,1219,0.0,0.0
2024-07-23 13:30:00-04:00,0.7360000014305115,0.7587000131607056,0.7333999872207642,0.7587000131607056,11129,0.0,0.0
2024-07-23 14:30:00-04:00,0.7351999878883362,0.7599999904632568,0.7351999878883362,0.7599999904632568,0,0.0,0.0
2024-07-23 15:30:00-04:00,0.7639999985694885,0.7639999985694885,0.7639999985694885,0.7639999985694885,22491,0.0,0.0
2024-07-24 09:30:00-04:00,0.733299970626831,0.733299970626831,0.733299970626831,0.733299970626831,2657,0.0,0.0
2024-07-24 10:30:00-04:00,0.7398999929428101,0.7398999929428101,0.7398999929428101,0.7398999929428101,1432,0.0,0.0
2024-07-24 11:30:00-04:00,0.7160000205039978,0.7398999929428101,0.7160000205039978,0.7398999929428101,710,0.0,0.0
2024-07-24 12:30:00-04:00,0.7276999950408936,0.7276999950408936,0.7156999707221985,0.7156999707221985,1189,0.0,0.0
2024-07-24 13:30:00-04:00,0.7160000205039978,0.7239999771118164,0.7001000046730042,0.7099999785423279,9033,0.0,0.0
2024-07-24 14:30:00-04:00,0.7010999917984009,0.7010999917984009,0.6937000155448914,0.6937000155448914,22438,0.0,0.0
2024-07-24 15:30:00-04:00,0.6991999745368958,0.7369999885559082,0.6959999799728394,0.699999988079071,24175,0.0,0.0
2024-07-25 09:30:00-04:00,0.711899995803833,0.7246999740600586,0.699999988079071,0.7246999740600586,4347,0.0,0.0
2024-07-25 10:30:00-04:00,0.6809999942779541,0.6966999769210815,0.680899977684021,0.6966999769210815,4075,0.0,0.0
2024-07-25 11:30:00-04:00,0.7179999947547913,0.7179999947547913,0.7179999947547913,0.7179999947547913,214,0.0,0.0
2024-07-25 12:30:00-04:00,0.6809999942779541,0.6809999942779541,0.6809999942779541,0.6809999942779541,755,0.0,0.0
2024-07-25 13:30:00-04:00,0.6818000078201294,0.699999988079071,0.6818000078201294,0.699999988079071,6041,0.0,0.0
2024-07-25 14:30:00-04:00,0.6898000240325928,0.6938999891281128,0.6898000240325928,0.6938999891281128,5455,0.0,0.0
2024-07-25 15:30:00-04:00,0.6915000081062317,0.6915000081062317,0.6915000081062317,0.6915000081062317,376,0.0,0.0
2024-07-26 09:30:00-04:00,0.6958000063896179,0.6958000063896179,0.6600000262260437,0.6780999898910522,3828,0.0,0.0
2024-07-26 10:30:00-04:00,0.6610999703407288,0.6897000074386597,0.6610999703407288,0.6897000074386597,3922,0.0,0.0
2024-07-26 11:30:00-04:00,0.6840000152587891,0.6940000057220459,0.6840000152587891,0.6940000057220459,5171,0.0,0.0
2024-07-26 14:30:00-04:00,0.6686999797821045,0.6790000200271606,0.6686999797821045,0.6700000166893005,4444,0.0,0.0
2024-07-26 15:30:00-04:00,0.669700026512146,0.6850000023841858,0.669700026512146,0.6850000023841858,8062,0.0,0.0
