Datetime,Open,High,Low,Close,Volume,Dividends,Stock Splits,Capital Gains
2022-07-28 09:30:00-04:00,225.27000427246094,227.1999969482422,222.3300018310547,222.8280029296875,0,0.0,0.0,0.0
2022-07-28 10:30:00-04:00,222.85000610351562,226.25,222.5,226.25,45122,0.0,0.0,0.0
2022-07-28 11:30:00-04:00,226.3000030517578,227.1300048828125,226.0,226.9199981689453,71245,0.0,0.0,0.0
2022-07-28 12:30:00-04:00,226.9199981689453,226.9600067138672,226.32940673828125,226.91000366210938,59453,0.0,0.0,0.0
2022-07-28 13:30:00-04:00,226.9199981689453,227.5699005126953,226.88999938964844,227.1699981689453,51817,0.0,0.0,0.0
2022-07-28 14:30:00-04:00,227.14999389648438,228.1300048828125,226.9499969482422,227.99000549316406,109606,0.0,0.0,0.0
2022-07-28 15:30:00-04:00,227.96249389648438,228.16000366210938,227.5800018310547,227.8800048828125,338456,0.0,0.0,0.0
2022-07-29 09:30:00-04:00,227.58999633789062,229.14999389648438,226.60000610351562,229.14999389648438,82848,0.0,0.0,0.0
2022-07-29 10:30:00-04:00,228.75,229.49000549316406,227.39999389648438,227.64999389648438,100959,0.0,0.0,0.0
2022-07-29 11:30:00-04:00,227.64999389648438,228.1699981689453,227.27999877929688,227.72999572753906,107820,0.0,0.0,0.0
2022-07-29 12:30:00-04:00,227.72999572753906,228.1199951171875,227.5709991455078,227.77000427246094,61983,0.0,0.0,0.0
2022-07-29 13:30:00-04:00,227.72999572753906,229.3498992919922,227.72999572753906,229.27000427246094,99959,0.0,0.0,0.0
2022-07-29 14:30:00-04:00,229.3000030517578,229.6999969482422,229.25,229.69000244140625,85766,0.0,0.0,0.0
2022-07-29 15:30:00-04:00,229.6999969482422,230.1699981689453,229.50999450683594,229.74000549316406,177747,0.0,0.0,0.0
2022-08-01 09:30:00-04:00,227.74000549316406,229.27999877929688,225.75999450683594,227.47999572753906,86246,0.0,0.0,0.0
2022-08-01 10:30:00-04:00,227.64500427246094,230.4199981689453,227.64500427246094,229.88999938964844,60135,0.0,0.0,0.0
2022-08-01 11:30:00-04:00,229.36500549316406,230.4550018310547,228.91000366210938,230.3800048828125,63863,0.0,0.0,0.0
2022-08-01 12:30:00-04:00,230.38999938964844,231.0800018310547,229.7100067138672,229.82000732421875,88022,0.0,0.0,0.0
2022-08-01 13:30:00-04:00,229.69000244140625,229.75,228.7899932861328,229.52999877929688,226039,0.0,0.0,0.0
2022-08-01 14:30:00-04:00,229.52999877929688,230.66000366210938,229.34500122070312,229.69000244140625,72250,0.0,0.0,0.0
2022-08-01 15:30:00-04:00,229.72999572753906,229.9199981689453,229.1999969482422,229.27000427246094,127966,0.0,0.0,0.0
2022-08-02 09:30:00-04:00,228.3699951171875,229.58999633789062,227.6300048828125,229.4499969482422,347589,0.0,0.0,0.0
2022-08-02 10:30:00-04:00,229.6999969482422,230.75,229.39500427246094,230.45989990234375,35771,0.0,0.0,0.0
2022-08-02 11:30:00-04:00,230.40130615234375,232.0,230.0399932861328,231.89999389648438,31000,0.0,0.0,0.0
2022-08-02 12:30:00-04:00,232.00799560546875,232.39999389648438,230.97000122070312,230.97000122070312,33598,0.0,0.0,0.0
2022-08-02 13:30:00-04:00,230.8699951171875,231.14999389648438,230.0709991455078,231.14999389648438,50005,0.0,0.0,0.0
2022-08-02 14:30:00-04:00,231.11500549316406,231.38999938964844,230.0800018310547,230.77000427246094,50840,0.0,0.0,0.0
2022-08-02 15:30:00-04:00,230.77000427246094,231.16000366210938,230.13999938964844,230.13999938964844,178080,0.0,0.0,0.0
2022-08-03 09:30:00-04:00,232.19000244140625,232.9499969482422,231.59280395507812,232.39999389648438,145304,0.0,0.0,0.0
2022-08-03 10:30:00-04:00,232.44000244140625,232.45599365234375,231.13999938964844,232.4550018310547,29437,0.0,0.0,0.0
2022-08-03 11:30:00-04:00,232.50999450683594,233.3000030517578,232.25999450683594,232.82000732421875,68571,0.0,0.0,0.0
2022-08-03 12:30:00-04:00,232.89999389648438,234.10000610351562,232.89999389648438,233.93800354003906,33894,0.0,0.0,0.0
2022-08-03 13:30:00-04:00,233.92999267578125,234.3800048828125,233.7100067138672,234.16990661621094,36344,0.0,0.0,0.0
2022-08-03 14:30:00-04:00,234.17999267578125,234.30990600585938,233.86000061035156,234.21499633789062,64308,0.0,0.0,0.0
2022-08-03 15:30:00-04:00,234.19000244140625,234.77999877929688,234.11000061035156,234.27000427246094,93187,0.0,0.0,0.0
2022-08-04 09:30:00-04:00,234.38999938964844,234.60400390625,232.80999755859375,233.9499969482422,30369,0.0,0.0,0.0
2022-08-04 10:30:00-04:00,234.0,234.07510375976562,232.79339599609375,232.9600067138672,50417,0.0,0.0,0.0
2022-08-04 11:30:00-04:00,233.0800018310547,233.92999267578125,232.49099731445312,233.92999267578125,105228,0.0,0.0,0.0
2022-08-04 12:30:00-04:00,233.92999267578125,234.5,232.99000549316406,234.47999572753906,35915,0.0,0.0,0.0
2022-08-04 13:30:00-04:00,234.4199981689453,234.67999267578125,234.00999450683594,234.4199981689453,46671,0.0,0.0,0.0
2022-08-04 14:30:00-04:00,234.50999450683594,234.77000427246094,233.97999572753906,234.35000610351562,86888,0.0,0.0,0.0
2022-08-04 15:30:00-04:00,234.4499969482422,234.4499969482422,233.77000427246094,234.25,88014,0.0,0.0,0.0
2022-08-05 09:30:00-04:00,231.4600067138672,236.32000732421875,231.16000366210938,235.97999572753906,86886,0.0,0.0,0.0
2022-08-05 10:30:00-04:00,235.8300018310547,235.968505859375,232.8415985107422,232.8415985107422,55889,0.0,0.0,0.0
2022-08-05 11:30:00-04:00,232.91000366210938,235.5500030517578,232.88999938964844,235.39999389648438,68748,0.0,0.0,0.0
2022-08-05 12:30:00-04:00,235.3800048828125,236.52999877929688,234.9499969482422,235.75,88813,0.0,0.0,0.0
2022-08-05 13:30:00-04:00,235.75,236.42999267578125,235.2899932861328,235.2899932861328,86974,0.0,0.0,0.0
2022-08-05 14:30:00-04:00,235.25999450683594,235.80999755859375,235.1999969482422,235.77000427246094,42743,0.0,0.0,0.0
2022-08-05 15:30:00-04:00,235.74000549316406,236.5800018310547,235.74000549316406,236.39999389648438,41999,0.0,0.0,0.0
2022-08-08 09:30:00-04:00,238.02999877929688,241.510498046875,238.02999877929688,240.72000122070312,115100,0.0,0.0,0.0
2022-08-08 10:30:00-04:00,240.55999755859375,241.5,240.35000610351562,240.35000610351562,44335,0.0,0.0,0.0
2022-08-08 11:30:00-04:00,240.3800048828125,240.47999572753906,237.69000244140625,237.7949981689453,87409,0.0,0.0,0.0
2022-08-08 12:30:00-04:00,237.81390380859375,238.6199951171875,237.67999267578125,238.10000610351562,74544,0.0,0.0,0.0
2022-08-08 13:30:00-04:00,238.3000030517578,238.8800048828125,237.74000549316406,238.24000549316406,66683,0.0,0.0,0.0
2022-08-08 14:30:00-04:00,238.41000366210938,238.88999938964844,237.92999267578125,238.69000244140625,97362,0.0,0.0,0.0
2022-08-08 15:30:00-04:00,238.63999938964844,239.37249755859375,238.49000549316406,238.97999572753906,624198,0.0,0.0,0.0
2022-08-09 09:30:00-04:00,237.82000732421875,237.82000732421875,235.19500732421875,235.61000061035156,48034,0.0,0.0,0.0
2022-08-09 10:30:00-04:00,235.5034942626953,235.9199981689453,234.4774932861328,235.4499969482422,27455,0.0,0.0,0.0
2022-08-09 11:30:00-04:00,235.22000122070312,235.22999572753906,233.9199981689453,233.9199981689453,37402,0.0,0.0,0.0
2022-08-09 12:30:00-04:00,233.97000122070312,234.19000244140625,233.68499755859375,233.8699951171875,24457,0.0,0.0,0.0
2022-08-09 13:30:00-04:00,233.83999633789062,234.21499633789062,233.34500122070312,233.58999633789062,36099,0.0,0.0,0.0
2022-08-09 14:30:00-04:00,233.72000122070312,234.40879821777344,233.6699981689453,234.22500610351562,107863,0.0,0.0,0.0
2022-08-09 15:30:00-04:00,234.02000427246094,234.5500030517578,233.6699981689453,234.44000244140625,76450,0.0,0.0,0.0
2022-08-10 09:30:00-04:00,239.5,240.5,238.6300048828125,239.69000244140625,177970,0.0,0.0,0.0
2022-08-10 10:30:00-04:00,239.69000244140625,241.41000366210938,239.69000244140625,241.32000732421875,135421,0.0,0.0,0.0
2022-08-10 11:30:00-04:00,241.36000061035156,241.44500732421875,240.66000366210938,240.86000061035156,39865,0.0,0.0,0.0
2022-08-10 12:30:00-04:00,241.08999633789062,241.58999633789062,240.99000549316406,241.39999389648438,29527,0.0,0.0,0.0
2022-08-10 13:30:00-04:00,241.41250610351562,242.10000610351562,241.22000122070312,241.75,36909,0.0,0.0,0.0
2022-08-10 14:30:00-04:00,241.77999877929688,242.16000366210938,241.5500030517578,242.10000610351562,142174,0.0,0.0,0.0
2022-08-10 15:30:00-04:00,242.10000610351562,242.4709930419922,242.02000427246094,242.24000549316406,207615,0.0,0.0,0.0
2022-08-11 09:30:00-04:00,244.3300018310547,246.51710510253906,244.27999877929688,246.26429748535156,63722,0.0,0.0,0.0
2022-08-11 10:30:00-04:00,246.281494140625,247.25999450683594,243.75999450683594,244.64999389648438,76255,0.0,0.0,0.0
2022-08-11 11:30:00-04:00,244.61000061035156,244.61000061035156,242.89999389648438,243.9600067138672,54977,0.0,0.0,0.0
2022-08-11 12:30:00-04:00,243.97000122070312,244.55990600585938,243.83999633789062,244.2449951171875,29854,0.0,0.0,0.0
2022-08-11 13:30:00-04:00,244.25,244.44000244140625,243.3699951171875,243.8800048828125,33852,0.0,0.0,0.0
2022-08-11 14:30:00-04:00,243.83999633789062,243.83999633789062,242.30999755859375,242.91000366210938,69290,0.0,0.0,0.0
2022-08-11 15:30:00-04:00,242.88999938964844,243.00999450683594,242.1699981689453,242.52999877929688,192124,0.0,0.0,0.0
2022-08-12 09:30:00-04:00,243.83999633789062,245.14999389648438,243.02000427246094,244.6999969482422,117681,0.0,0.0,0.0
2022-08-12 10:30:00-04:00,244.5,246.3300018310547,243.69000244140625,246.07000732421875,54671,0.0,0.0,0.0
2022-08-12 11:30:00-04:00,245.9788055419922,246.5718994140625,245.6999969482422,246.5718994140625,21066,0.0,0.0,0.0
2022-08-12 12:30:00-04:00,246.61500549316406,246.75,246.33999633789062,246.5500030517578,34708,0.0,0.0,0.0
2022-08-12 13:30:00-04:00,246.52000427246094,247.0,246.42100524902344,246.92999267578125,95644,0.0,0.0,0.0
2022-08-12 14:30:00-04:00,246.97999572753906,247.61000061035156,246.97000122070312,247.61000061035156,84470,0.0,0.0,0.0
2022-08-12 15:30:00-04:00,247.58999633789062,247.75999450683594,247.24000549316406,247.7100067138672,90597,0.0,0.0,0.0
2022-08-15 09:30:00-04:00,245.63999938964844,246.74000549316406,244.9499969482422,245.74000549316406,110650,0.0,0.0,0.0
2022-08-15 10:30:00-04:00,245.6300048828125,246.53500366210938,245.58999633789062,246.02000427246094,72921,0.0,0.0,0.0
2022-08-15 11:30:00-04:00,246.02999877929688,248.01910400390625,246.02999877929688,247.64999389648438,59589,0.0,0.0,0.0
2022-08-15 12:30:00-04:00,247.7100067138672,248.0399932861328,247.24000549316406,247.8961944580078,28843,0.0,0.0,0.0
2022-08-15 13:30:00-04:00,247.72999572753906,247.75,247.21499633789062,247.4375,44772,0.0,0.0,0.0
2022-08-15 14:30:00-04:00,247.7100067138672,248.97999572753906,247.63999938964844,248.80999755859375,122462,0.0,0.0,0.0
2022-08-15 15:30:00-04:00,248.82000732421875,248.9199981689453,248.25,248.57000732421875,249548,0.0,0.0,0.0
2022-08-16 09:30:00-04:00,247.35000610351562,247.9199981689453,245.80999755859375,246.0399932861328,84835,0.0,0.0,0.0
2022-08-16 10:30:00-04:00,245.64999389648438,246.97500610351562,245.34500122070312,246.97500610351562,21300,0.0,0.0,0.0
2022-08-16 11:30:00-04:00,247.21499633789062,248.1750030517578,247.00399780273438,247.94000244140625,30597,0.0,0.0,0.0
2022-08-16 12:30:00-04:00,247.86000061035156,248.0449981689453,247.50999450683594,247.77499389648438,20552,0.0,0.0,0.0
2022-08-16 13:30:00-04:00,247.8000030517578,248.88999938964844,247.8000030517578,248.841796875,33255,0.0,0.0,0.0
2022-08-16 14:30:00-04:00,248.77999877929688,248.77999877929688,246.68850708007812,247.61000061035156,116287,0.0,0.0,0.0
2022-08-16 15:30:00-04:00,247.58999633789062,247.8000030517578,247.3300018310547,247.50999450683594,276432,0.0,0.0,0.0
2022-08-17 09:30:00-04:00,245.0,245.3800048828125,243.41000366210938,243.77999877929688,78137,0.0,0.0,0.0
2022-08-17 10:30:00-04:00,243.7899932861328,243.7899932861328,242.62010192871094,242.91000366210938,23857,0.0,0.0,0.0
2022-08-17 11:30:00-04:00,243.1649932861328,243.1699981689453,241.88999938964844,243.06500244140625,20369,0.0,0.0,0.0
2022-08-17 12:30:00-04:00,243.05999755859375,243.74969482421875,243.00289916992188,243.74969482421875,14514,0.0,0.0,0.0
2022-08-17 13:30:00-04:00,243.5970001220703,245.12899780273438,243.52499389648438,245.12899780273438,55004,0.0,0.0,0.0
2022-08-17 14:30:00-04:00,245.0399932861328,245.85000610351562,243.50999450683594,244.02000427246094,47489,0.0,0.0,0.0
2022-08-17 15:30:00-04:00,243.94000244140625,244.02999877929688,243.44000244140625,243.61000061035156,35179,0.0,0.0,0.0
2022-08-18 09:30:00-04:00,243.77000427246094,244.19000244140625,242.8300018310547,243.7100067138672,44160,0.0,0.0,0.0
2022-08-18 10:30:00-04:00,243.77000427246094,244.80999755859375,243.32000732421875,244.77999877929688,21585,0.0,0.0,0.0
2022-08-18 11:30:00-04:00,244.99000549316406,245.29200744628906,244.1699981689453,244.1699981689453,18060,0.0,0.0,0.0
2022-08-18 12:30:00-04:00,244.25999450683594,244.41000366210938,243.8000030517578,244.41000366210938,20471,0.0,0.0,0.0
2022-08-18 13:30:00-04:00,244.32150268554688,245.39999389648438,244.2899932861328,245.25999450683594,38976,0.0,0.0,0.0
2022-08-18 14:30:00-04:00,245.2100067138672,246.25,245.07000732421875,246.0800018310547,86078,0.0,0.0,0.0
2022-08-18 15:30:00-04:00,246.08999633789062,246.21499633789062,245.57000732421875,245.88999938964844,82226,0.0,0.0,0.0
2022-08-19 09:30:00-04:00,242.85000610351562,243.25,240.4499969482422,240.55999755859375,98422,0.0,0.0,0.0
2022-08-19 10:30:00-04:00,240.79299926757812,241.00999450683594,239.39999389648438,239.72999572753906,38152,0.0,0.0,0.0
2022-08-19 11:30:00-04:00,239.8000030517578,240.8300018310547,239.5449981689453,240.30999755859375,28407,0.0,0.0,0.0
2022-08-19 12:30:00-04:00,240.15829467773438,240.9600067138672,240.08999633789062,240.39999389648438,18104,0.0,0.0,0.0
2022-08-19 13:30:00-04:00,240.14999389648438,240.65989685058594,239.89999389648438,240.36000061035156,39755,0.0,0.0,0.0
2022-08-19 14:30:00-04:00,240.3300018310547,240.5675048828125,239.52000427246094,240.11749267578125,123361,0.0,0.0,0.0
2022-08-19 15:30:00-04:00,240.08999633789062,240.60000610351562,240.02000427246094,240.25999450683594,189245,0.0,0.0,0.0
2022-08-22 09:30:00-04:00,236.44000244140625,237.75,235.47000122070312,235.5399932861328,73775,0.0,0.0,0.0
2022-08-22 10:30:00-04:00,235.52000427246094,236.66000366210938,235.33999633789062,236.3800048828125,48035,0.0,0.0,0.0
2022-08-22 11:30:00-04:00,236.3699951171875,236.72999572753906,236.24000549316406,236.27000427246094,16457,0.0,0.0,0.0
2022-08-22 12:30:00-04:00,236.3123016357422,236.52000427246094,235.5500030517578,235.66000366210938,39636,0.0,0.0,0.0
2022-08-22 13:30:00-04:00,235.25999450683594,235.39999389648438,234.9199981689453,235.01499938964844,79342,0.0,0.0,0.0
2022-08-22 14:30:00-04:00,234.94000244140625,235.58999633789062,234.74000549316406,235.14999389648438,153891,0.0,0.0,0.0
2022-08-22 15:30:00-04:00,235.1215057373047,235.74000549316406,234.8249969482422,235.6199951171875,290990,0.0,0.0,0.0
2022-08-23 09:30:00-04:00,235.8699951171875,238.86000061035156,235.8699951171875,237.72000122070312,72419,0.0,0.0,0.0
2022-08-23 10:30:00-04:00,237.69000244140625,238.22999572753906,236.66000366210938,237.25,21720,0.0,0.0,0.0
2022-08-23 11:30:00-04:00,237.14999389648438,237.38999938964844,235.52999877929688,235.57000732421875,21155,0.0,0.0,0.0
2022-08-23 12:30:00-04:00,235.57000732421875,236.57000732421875,235.57000732421875,236.30999755859375,59964,0.0,0.0,0.0
2022-08-23 13:30:00-04:00,236.35000610351562,236.52999877929688,235.50999450683594,236.50999450683594,114492,0.0,0.0,0.0
2022-08-23 14:30:00-04:00,236.52999877929688,237.3300018310547,236.36000061035156,237.0,37792,0.0,0.0,0.0
2022-08-23 15:30:00-04:00,236.93499755859375,236.9600067138672,236.24000549316406,236.38999938964844,70697,0.0,0.0,0.0
2022-08-24 09:30:00-04:00,236.6699981689453,238.6179962158203,236.07000732421875,238.6179962158203,34465,0.0,0.0,0.0
2022-08-24 10:30:00-04:00,238.55270385742188,240.07000732421875,238.14999389648438,239.6999969482422,26229,0.0,0.0,0.0
2022-08-24 11:30:00-04:00,239.7100067138672,239.8800048828125,239.2100067138672,239.38499450683594,45501,0.0,0.0,0.0
2022-08-24 12:30:00-04:00,239.27000427246094,239.27000427246094,238.05160522460938,238.42300415039062,20546,0.0,0.0,0.0
2022-08-24 13:30:00-04:00,238.4499969482422,238.9949951171875,238.27000427246094,238.9949951171875,21010,0.0,0.0,0.0
2022-08-24 14:30:00-04:00,238.75999450683594,239.30999755859375,238.5,239.0399932861328,48015,0.0,0.0,0.0
2022-08-24 15:30:00-04:00,239.05499267578125,239.3300018310547,238.82000732421875,238.9600067138672,108080,0.0,0.0,0.0
2022-08-25 09:30:00-04:00,240.1300048828125,242.50999450683594,239.8376007080078,242.1999969482422,25736,0.0,0.0,0.0
2022-08-25 10:30:00-04:00,242.30999755859375,242.375,240.01010131835938,240.86500549316406,26020,0.0,0.0,0.0
2022-08-25 11:30:00-04:00,240.82069396972656,241.1699981689453,240.6300048828125,241.10000610351562,21755,0.0,0.0,0.0
2022-08-25 12:30:00-04:00,240.9936065673828,241.3800048828125,240.49000549316406,241.33999633789062,23647,0.0,0.0,0.0
2022-08-25 13:30:00-04:00,241.4199981689453,241.82000732421875,241.35000610351562,241.66000366210938,65069,0.0,0.0,0.0
2022-08-25 14:30:00-04:00,241.63999938964844,241.6699981689453,241.11000061035156,241.6699981689453,97918,0.0,0.0,0.0
2022-08-25 15:30:00-04:00,241.625,242.63999938964844,241.4499969482422,242.57000732421875,92228,0.0,0.0,0.0
2022-08-26 09:30:00-04:00,242.7899932861328,242.7899932861328,238.99000549316406,238.99000549316406,32517,0.0,0.0,0.0
2022-08-26 10:30:00-04:00,238.32000732421875,238.32000732421875,235.77000427246094,236.63999938964844,67565,0.0,0.0,0.0
2022-08-26 11:30:00-04:00,236.6199951171875,237.00999450683594,235.82249450683594,235.97999572753906,29224,0.0,0.0,0.0
2022-08-26 12:30:00-04:00,235.69000244140625,236.77999877929688,235.6199951171875,236.5399932861328,46679,0.0,0.0,0.0
2022-08-26 13:30:00-04:00,236.38999938964844,236.4499969482422,235.27000427246094,235.35499572753906,74015,0.0,0.0,0.0
2022-08-26 14:30:00-04:00,235.39999389648438,235.60000610351562,234.05999755859375,234.36000061035156,124280,0.0,0.0,0.0
2022-08-26 15:30:00-04:00,234.18499755859375,234.41000366210938,233.63999938964844,233.97000122070312,261137,0.0,0.0,0.0
2022-08-29 09:30:00-04:00,231.1999969482422,233.97999572753906,230.64999389648438,233.35000610351562,58366,0.0,0.0,0.0
2022-08-29 10:30:00-04:00,233.4600067138672,233.6300048828125,231.83999633789062,232.44000244140625,42226,0.0,0.0,0.0
2022-08-29 11:30:00-04:00,232.3300018310547,233.15499877929688,232.00999450683594,232.96029663085938,23314,0.0,0.0,0.0
2022-08-29 12:30:00-04:00,232.67999267578125,233.75,232.5177001953125,233.1300048828125,19698,0.0,0.0,0.0
2022-08-29 13:30:00-04:00,233.67999267578125,234.30999755859375,232.89999389648438,233.13999938964844,22430,0.0,0.0,0.0
2022-08-29 14:30:00-04:00,233.10000610351562,233.5500030517578,232.5500030517578,232.6199951171875,117633,0.0,0.0,0.0
2022-08-29 15:30:00-04:00,232.61000061035156,233.07000732421875,231.86000061035156,231.94000244140625,403913,0.0,0.0,0.0
2022-08-30 09:30:00-04:00,232.99000549316406,233.02000427246094,229.7899932861328,230.07000732421875,44873,0.0,0.0,0.0
2022-08-30 10:30:00-04:00,230.0399932861328,230.22000122070312,227.8300018310547,228.85000610351562,77049,0.0,0.0,0.0
2022-08-30 11:30:00-04:00,228.5,229.1300048828125,228.0,228.36000061035156,57678,0.0,0.0,0.0
2022-08-30 12:30:00-04:00,227.94610595703125,228.3800048828125,227.07000732421875,227.4199981689453,117828,0.0,0.0,0.0
2022-08-30 13:30:00-04:00,227.42999267578125,228.35000610351562,227.1199951171875,227.66000366210938,101565,0.0,0.0,0.0
2022-08-30 14:30:00-04:00,227.8300018310547,229.0800018310547,227.64999389648438,228.3699951171875,88832,0.0,0.0,0.0
2022-08-30 15:30:00-04:00,228.30499267578125,228.86000061035156,227.89500427246094,228.75999450683594,133466,0.0,0.0,0.0
2022-08-31 09:30:00-04:00,229.50999450683594,230.33999633789062,228.4199981689453,228.6999969482422,69697,0.0,0.0,0.0
2022-08-31 10:30:00-04:00,228.5800018310547,229.17999267578125,227.25,228.0800018310547,46880,0.0,0.0,0.0
2022-08-31 11:30:00-04:00,228.05999755859375,229.07000732421875,227.8800048828125,228.5500030517578,71798,0.0,0.0,0.0
2022-08-31 12:30:00-04:00,228.58999633789062,228.74000549316406,227.6300048828125,227.88999938964844,46873,0.0,0.0,0.0
2022-08-31 13:30:00-04:00,227.80999755859375,228.00999450683594,227.27000427246094,227.7100067138672,54994,0.0,0.0,0.0
2022-08-31 14:30:00-04:00,227.66000366210938,228.7899932861328,227.10000610351562,228.1699981689453,181299,0.0,0.0,0.0
2022-08-31 15:30:00-04:00,228.10000610351562,228.6199951171875,227.52000427246094,227.52000427246094,363338,0.0,0.0,0.0
2022-09-01 09:30:00-04:00,225.02000427246094,225.0500030517578,221.38999938964844,222.5,78435,0.0,0.0,0.0
2022-09-01 10:30:00-04:00,222.57000732421875,222.597900390625,220.72999572753906,221.0399932861328,59073,0.0,0.0,0.0
2022-09-01 11:30:00-04:00,220.99000549316406,222.41000366210938,220.99000549316406,221.82000732421875,45514,0.0,0.0,0.0
2022-09-01 12:30:00-04:00,221.61000061035156,222.5500030517578,220.6300048828125,222.5500030517578,84458,0.0,0.0,0.0
2022-09-01 13:30:00-04:00,222.5,222.9499053955078,221.29649353027344,222.57000732421875,72625,0.0,0.0,0.0
2022-09-01 14:30:00-04:00,222.92999267578125,223.97999572753906,222.74000549316406,222.99000549316406,121595,0.0,0.0,0.0
2022-09-01 15:30:00-04:00,222.7949981689453,224.5500030517578,222.67999267578125,224.41000366210938,202932,0.0,0.0,0.0
2022-09-02 09:30:00-04:00,227.22000122070312,227.67999267578125,223.35000610351562,226.25,49401,0.0,0.0,0.0
2022-09-02 10:30:00-04:00,226.57179260253906,227.61000061035156,226.57179260253906,226.9499969482422,39372,0.0,0.0,0.0
2022-09-02 11:30:00-04:00,226.88499450683594,227.4600067138672,225.44000244140625,225.44000244140625,18289,0.0,0.0,0.0
2022-09-02 12:30:00-04:00,225.44000244140625,225.44000244140625,222.5800018310547,222.72000122070312,30672,0.0,0.0,0.0
2022-09-02 13:30:00-04:00,222.64999389648438,223.4761962890625,222.1199951171875,223.14999389648438,38868,0.0,0.0,0.0
2022-09-02 14:30:00-04:00,223.14999389648438,223.67999267578125,222.4499969482422,222.70179748535156,101269,0.0,0.0,0.0
2022-09-02 15:30:00-04:00,222.61000061035156,222.91000366210938,221.47999572753906,222.66000366210938,185750,0.0,0.0,0.0
2022-09-06 09:30:00-04:00,223.74000549316406,223.74000549316406,219.67999267578125,220.66749572753906,62617,0.0,0.0,0.0
2022-09-06 10:30:00-04:00,220.47000122070312,222.7449951171875,220.10000610351562,221.65499877929688,71924,0.0,0.0,0.0
2022-09-06 11:30:00-04:00,221.66000366210938,223.1300048828125,221.4499969482422,221.7799072265625,30515,0.0,0.0,0.0
2022-09-06 12:30:00-04:00,221.8300018310547,222.07000732421875,220.5,220.75999450683594,31704,0.0,0.0,0.0
2022-09-06 13:30:00-04:00,220.61000061035156,221.9600067138672,220.3000030517578,221.4593963623047,36855,0.0,0.0,0.0
2022-09-06 14:30:00-04:00,221.6300048828125,221.63999938964844,220.6300048828125,220.9550018310547,125271,0.0,0.0,0.0
2022-09-06 15:30:00-04:00,220.8699951171875,221.22000122070312,220.39999389648438,220.89999389648438,150112,0.0,0.0,0.0
2022-09-07 09:30:00-04:00,220.3300018310547,222.6999969482422,220.3300018310547,222.50999450683594,93373,0.0,0.0,0.0
2022-09-07 10:30:00-04:00,222.80999755859375,223.20419311523438,222.34500122070312,222.80999755859375,35297,0.0,0.0,0.0
2022-09-07 11:30:00-04:00,222.77000427246094,223.25999450683594,222.2100067138672,222.5800018310547,32544,0.0,0.0,0.0
2022-09-07 12:30:00-04:00,222.47000122070312,223.8300018310547,222.47000122070312,223.4199981689453,21142,0.0,0.0,0.0
2022-09-07 13:30:00-04:00,223.49000549316406,224.75999450683594,223.42160034179688,224.61990356445312,31452,0.0,0.0,0.0
2022-09-07 14:30:00-04:00,224.82000732421875,226.13999938964844,224.6300048828125,226.1199951171875,145218,0.0,0.0,0.0
2022-09-07 15:30:00-04:00,226.0500030517578,226.55999755859375,225.85000610351562,226.27000427246094,134650,0.0,0.0,0.0
2022-09-08 09:30:00-04:00,224.3000030517578,226.91000366210938,223.1999969482422,226.2100067138672,104300,0.0,0.0,0.0
2022-09-08 10:30:00-04:00,226.22000122070312,228.47999572753906,226.07000732421875,228.19000244140625,80975,0.0,0.0,0.0
2022-09-08 11:30:00-04:00,228.17999267578125,228.47999572753906,225.41000366210938,225.6300048828125,62899,0.0,0.0,0.0
2022-09-08 12:30:00-04:00,225.5500030517578,227.6999969482422,225.5500030517578,227.5,31446,0.0,0.0,0.0
2022-09-08 13:30:00-04:00,227.4600067138672,228.10000610351562,227.1300048828125,227.97000122070312,45763,0.0,0.0,0.0
2022-09-08 14:30:00-04:00,228.14010620117188,228.39999389648438,227.36000061035156,228.19000244140625,49279,0.0,0.0,0.0
2022-09-08 15:30:00-04:00,228.3553009033203,228.72999572753906,227.75999450683594,228.6199951171875,60642,0.0,0.0,0.0
2022-09-09 09:30:00-04:00,230.72999572753906,233.3218994140625,230.6699981689453,232.6199951171875,47526,0.0,0.0,0.0
2022-09-09 10:30:00-04:00,232.59500122070312,233.08999633789062,231.88999938964844,232.38999938964844,29962,0.0,0.0,0.0
2022-09-09 11:30:00-04:00,232.22999572753906,232.60000610351562,231.8000030517578,232.2100067138672,44340,0.0,0.0,0.0
2022-09-09 12:30:00-04:00,232.22000122070312,233.25,232.22000122070312,233.1999969482422,66942,0.0,0.0,0.0
2022-09-09 13:30:00-04:00,233.24009704589844,233.41000366210938,232.69000244140625,233.27999877929688,42597,0.0,0.0,0.0
2022-09-09 14:30:00-04:00,233.25999450683594,233.5399932861328,232.77999877929688,233.31500244140625,91836,0.0,0.0,0.0
2022-09-09 15:30:00-04:00,233.25,233.52000427246094,232.9600067138672,233.30999755859375,227671,0.0,0.0,0.0
2022-09-12 09:30:00-04:00,234.4499969482422,235.80999755859375,233.75,235.4499969482422,85067,0.0,0.0,0.0
2022-09-12 10:30:00-04:00,235.533203125,235.75,234.10499572753906,234.81500244140625,76043,0.0,0.0,0.0
2022-09-12 11:30:00-04:00,234.97000122070312,234.97000122070312,233.6199951171875,234.36000061035156,48873,0.0,0.0,0.0
2022-09-12 12:30:00-04:00,234.40130615234375,235.2554931640625,234.27999877929688,235.19000244140625,55210,0.0,0.0,0.0
2022-09-12 13:30:00-04:00,235.25,235.5,234.9499969482422,235.02999877929688,55447,0.0,0.0,0.0
2022-09-12 14:30:00-04:00,234.9499969482422,235.90989685058594,234.8350067138672,235.57000732421875,53845,0.0,0.0,0.0
2022-09-12 15:30:00-04:00,235.4499969482422,236.00999450683594,235.25,236.00999450683594,88517,0.0,0.0,0.0
2022-09-13 09:30:00-04:00,229.3000030517578,230.8800048828125,228.7899932861328,229.9199981689453,41013,0.0,0.0,0.0
2022-09-13 10:30:00-04:00,229.80999755859375,229.89999389648438,227.49000549316406,227.5800018310547,51138,0.0,0.0,0.0
2022-09-13 11:30:00-04:00,227.77999877929688,228.8800048828125,227.55999755859375,228.05499267578125,31983,0.0,0.0,0.0
2022-09-13 12:30:00-04:00,227.94000244140625,228.52999877929688,227.6699981689453,228.52000427246094,21454,0.0,0.0,0.0
2022-09-13 13:30:00-04:00,228.74000549316406,228.8800048828125,227.67999267578125,227.72000122070312,70143,0.0,0.0,0.0
2022-09-13 14:30:00-04:00,227.74000549316406,227.80999755859375,226.30999755859375,226.32000732421875,114618,0.0,0.0,0.0
2022-09-13 15:30:00-04:00,226.25,226.85000610351562,225.6699981689453,226.44000244140625,168256,0.0,0.0,0.0
2022-09-14 09:30:00-04:00,226.9199981689453,226.9499969482422,225.0500030517578,225.07000732421875,106053,0.0,0.0,0.0
2022-09-14 10:30:00-04:00,224.9199981689453,228.16000366210938,224.91000366210938,227.3300018310547,52572,0.0,0.0,0.0
2022-09-14 11:30:00-04:00,227.41000366210938,228.3300018310547,227.10499572753906,227.75,39136,0.0,0.0,0.0
2022-09-14 12:30:00-04:00,227.7100067138672,228.58999633789062,227.50999450683594,227.7899932861328,30691,0.0,0.0,0.0
2022-09-14 13:30:00-04:00,227.91000366210938,227.91000366210938,226.36000061035156,226.75999450683594,41796,0.0,0.0,0.0
2022-09-14 14:30:00-04:00,226.72999572753906,227.1999969482422,225.6300048828125,225.97500610351562,61265,0.0,0.0,0.0
2022-09-14 15:30:00-04:00,225.63999938964844,228.10000610351562,225.4600067138672,227.97999572753906,42731,0.0,0.0,0.0
2022-09-15 09:30:00-04:00,226.42999267578125,229.8699951171875,226.42999267578125,228.0800018310547,39308,0.0,0.0,0.0
2022-09-15 10:30:00-04:00,227.75,228.1199951171875,225.25999450683594,226.67999267578125,31098,0.0,0.0,0.0
2022-09-15 11:30:00-04:00,226.60000610351562,227.33999633789062,225.97000122070312,226.2021026611328,67556,0.0,0.0,0.0
2022-09-15 12:30:00-04:00,226.3300018310547,228.5800018310547,226.3300018310547,228.32029724121094,27240,0.0,0.0,0.0
2022-09-15 13:30:00-04:00,228.3300018310547,228.3300018310547,226.27000427246094,226.83999633789062,31099,0.0,0.0,0.0
2022-09-15 14:30:00-04:00,226.89500427246094,227.0500030517578,224.55999755859375,224.69000244140625,58813,0.0,0.0,0.0
2022-09-15 15:30:00-04:00,224.61000061035156,226.0500030517578,224.61000061035156,225.72000122070312,147119,0.0,0.0,0.0
2022-09-16 09:30:00-04:00,222.89999389648438,222.9499969482422,219.9467010498047,220.9499969482422,66416,0.0,0.0,0.0
2022-09-16 10:30:00-04:00,221.41000366210938,222.42999267578125,220.81500244140625,221.0,17563,0.0,0.0,0.0
2022-09-16 11:30:00-04:00,221.10000610351562,221.25,219.3000030517578,219.41000366210938,26937,0.0,0.0,0.0
2022-09-16 12:30:00-04:00,219.25999450683594,220.3699951171875,219.24000549316406,219.51499938964844,76219,0.0,0.0,0.0
2022-09-16 13:30:00-04:00,219.5,220.39999389648438,219.33999633789062,220.24000549316406,81867,0.0,0.0,0.0
2022-09-16 14:30:00-04:00,220.17999267578125,221.1999053955078,219.8699951171875,220.3699951171875,111827,0.0,0.0,0.0
2022-09-16 15:30:00-04:00,220.11000061035156,221.64999389648438,219.9600067138672,221.32000732421875,288399,0.0,0.0,0.0
2022-09-19 09:30:00-04:00,218.8300018310547,221.80999755859375,218.8300018310547,220.57000732421875,64801,0.0,0.0,0.0
2022-09-19 10:30:00-04:00,220.4199981689453,222.0500030517578,220.10000610351562,220.5,97684,0.0,0.0,0.0
2022-09-19 11:30:00-04:00,220.44000244140625,220.94000244140625,219.9499969482422,220.3699951171875,87466,0.0,0.0,0.0
2022-09-19 12:30:00-04:00,220.2899932861328,221.5500030517578,220.2899932861328,221.52000427246094,71942,0.0,0.0,0.0
2022-09-19 13:30:00-04:00,221.52000427246094,221.69000244140625,221.11000061035156,221.52000427246094,66501,0.0,0.0,0.0
2022-09-19 14:30:00-04:00,221.5500030517578,222.94000244140625,221.5399932861328,222.72000122070312,119875,0.0,0.0,0.0
2022-09-19 15:30:00-04:00,222.69000244140625,223.08999633789062,222.32000732421875,222.75999450683594,127880,0.0,0.0,0.0
2022-09-20 09:30:00-04:00,220.77000427246094,220.92999267578125,218.97999572753906,219.55999755859375,120877,0.0,0.0,0.0
2022-09-20 10:30:00-04:00,219.32000732421875,220.41000366210938,218.69000244140625,220.22999572753906,77512,0.0,0.0,0.0
2022-09-20 11:30:00-04:00,220.11000061035156,220.85000610351562,219.80999755859375,219.8699951171875,76226,0.0,0.0,0.0
2022-09-20 12:30:00-04:00,219.8300018310547,219.9600067138672,218.75999450683594,218.83999633789062,84116,0.0,0.0,0.0
2022-09-20 13:30:00-04:00,218.77000427246094,218.85000610351562,217.9949951171875,218.57000732421875,114007,0.0,0.0,0.0
2022-09-20 14:30:00-04:00,218.49000549316406,220.0800018310547,218.13999938964844,219.80999755859375,165382,0.0,0.0,0.0
2022-09-20 15:30:00-04:00,219.8000030517578,220.3800048828125,219.52999877929688,219.63999938964844,155248,0.0,0.0,0.0
2022-09-21 09:30:00-04:00,221.22000122070312,221.8831024169922,219.5500030517578,221.88180541992188,30079,0.0,0.0,0.0
2022-09-21 10:30:00-04:00,222.0800018310547,222.0800018310547,220.9600067138672,221.4600067138672,31399,0.0,0.0,0.0
2022-09-21 11:30:00-04:00,221.6199951171875,222.0500030517578,221.55999755859375,221.63999938964844,14640,0.0,0.0,0.0
2022-09-21 12:30:00-04:00,221.6199951171875,221.92999267578125,220.7333984375,220.75039672851562,37009,0.0,0.0,0.0
2022-09-21 13:30:00-04:00,221.16000366210938,221.77999877929688,217.6699981689453,218.53500366210938,36130,0.0,0.0,0.0
2022-09-21 14:30:00-04:00,218.24000549316406,223.89999389648438,218.19000244140625,219.05020141601562,114277,0.0,0.0,0.0
2022-09-21 15:30:00-04:00,218.88999938964844,219.1999969482422,216.49000549316406,216.77999877929688,79888,0.0,0.0,0.0
2022-09-22 09:30:00-04:00,215.74000549316406,216.6199951171875,212.4199981689453,212.85000610351562,83937,0.0,0.0,0.0
2022-09-22 10:30:00-04:00,212.88999938964844,213.27999877929688,210.92999267578125,211.55499267578125,123051,0.0,0.0,0.0
2022-09-22 11:30:00-04:00,211.55999755859375,212.1699981689453,210.80999755859375,211.35000610351562,64965,0.0,0.0,0.0
2022-09-22 12:30:00-04:00,211.1300048828125,211.5800018310547,210.36000061035156,210.86000061035156,184673,0.0,0.0,0.0
2022-09-22 13:30:00-04:00,210.85000610351562,211.69500732421875,210.08999633789062,210.4600067138672,97779,0.0,0.0,0.0
2022-09-22 14:30:00-04:00,210.38999938964844,212.0800018310547,210.05999755859375,211.66000366210938,0,0.0,0.0,0.0
2022-09-22 15:30:00-04:00,211.6699981689453,212.57000732421875,211.0,211.00999450683594,864228,0.0,0.0,0.0
2022-09-23 09:30:00-04:00,208.0,208.08999633789062,204.75,205.33999633789062,55136,0.0,0.0,0.0
2022-09-23 10:30:00-04:00,205.6300048828125,206.02999877929688,204.5500030517578,205.5500030517578,41305,0.0,0.0,0.0
2022-09-23 11:30:00-04:00,205.6699981689453,205.8800048828125,203.40809631347656,203.40809631347656,25061,0.0,0.0,0.0
2022-09-23 12:30:00-04:00,203.4600067138672,205.14999389648438,203.13490295410156,204.11000061035156,195455,0.0,0.0,0.0
2022-09-23 13:30:00-04:00,204.30999755859375,204.8800048828125,203.4600067138672,204.28500366210938,93142,0.0,0.0,0.0
2022-09-23 14:30:00-04:00,204.27000427246094,205.1199951171875,202.9600067138672,205.08999633789062,244953,0.0,0.0,0.0
2022-09-23 15:30:00-04:00,205.13999938964844,206.15499877929688,205.0399932861328,205.9550018310547,173473,0.0,0.0,0.0
2022-09-26 09:30:00-04:00,204.33999633789062,208.99000549316406,204.33999633789062,208.28199768066406,121736,0.0,0.0,0.0
2022-09-26 10:30:00-04:00,208.00999450683594,208.00999450683594,205.02999877929688,205.19000244140625,40490,0.0,0.0,0.0
2022-09-26 11:30:00-04:00,205.02000427246094,205.4600067138672,203.22000122070312,203.22500610351562,48609,0.0,0.0,0.0
2022-09-26 12:30:00-04:00,203.1699981689453,203.91000366210938,202.2100067138672,202.76829528808594,64711,0.0,0.0,0.0
2022-09-26 13:30:00-04:00,202.75999450683594,204.17990112304688,202.61099243164062,203.36000061035156,48891,0.0,0.0,0.0
2022-09-26 14:30:00-04:00,203.3699951171875,204.5800018310547,203.0198974609375,203.8311004638672,114999,0.0,0.0,0.0
2022-09-26 15:30:00-04:00,203.80499267578125,204.4281005859375,202.7899932861328,202.86000061035156,121678,0.0,0.0,0.0
2022-09-27 09:30:00-04:00,205.60000610351562,207.83999633789062,205.13499450683594,206.2100067138672,67955,0.0,0.0,0.0
2022-09-27 10:30:00-04:00,206.4499969482422,207.98890686035156,205.52000427246094,205.52000427246094,50653,0.0,0.0,0.0
2022-09-27 11:30:00-04:00,205.6199951171875,206.11000061035156,202.97999572753906,203.39320373535156,60064,0.0,0.0,0.0
2022-09-27 12:30:00-04:00,203.7100067138672,204.0800018310547,202.9219970703125,203.36000061035156,81260,0.0,0.0,0.0
2022-09-27 13:30:00-04:00,203.13999938964844,203.85000610351562,202.8300018310547,203.35000610351562,43427,0.0,0.0,0.0
2022-09-27 14:30:00-04:00,203.44610595703125,205.13999938964844,203.25,204.33999633789062,119682,0.0,0.0,0.0
2022-09-27 15:30:00-04:00,204.39999389648438,205.1199951171875,203.85000610351562,204.6999969482422,74518,0.0,0.0,0.0
2022-09-28 09:30:00-04:00,206.3699951171875,208.55999755859375,205.76499938964844,208.55999755859375,45133,0.0,0.0,0.0
2022-09-28 10:30:00-04:00,208.52000427246094,210.14999389648438,208.1999969482422,209.67999267578125,84150,0.0,0.0,0.0
2022-09-28 11:30:00-04:00,209.64999389648438,211.08999633789062,209.17999267578125,210.17999267578125,46391,0.0,0.0,0.0
2022-09-28 12:30:00-04:00,210.11709594726562,211.05999755859375,210.0800018310547,210.75999450683594,157368,0.0,0.0,0.0
2022-09-28 13:30:00-04:00,210.72000122070312,211.3000030517578,210.36000061035156,211.24000549316406,79810,0.0,0.0,0.0
2022-09-28 14:30:00-04:00,211.27999877929688,212.6300048828125,210.9499969482422,212.5800018310547,104885,0.0,0.0,0.0
2022-09-28 15:30:00-04:00,212.6009979248047,213.30999755859375,211.9600067138672,212.10000610351562,125687,0.0,0.0,0.0
2022-09-29 09:30:00-04:00,209.2100067138672,209.47500610351562,204.8300018310547,205.69500732421875,79455,0.0,0.0,0.0
2022-09-29 10:30:00-04:00,205.8699951171875,207.00999450683594,204.92630004882812,206.42999267578125,51338,0.0,0.0,0.0
2022-09-29 11:30:00-04:00,206.39999389648438,207.8300018310547,206.1999969482422,206.69000244140625,34351,0.0,0.0,0.0
2022-09-29 12:30:00-04:00,206.7816925048828,207.3448028564453,206.335693359375,206.57000732421875,25026,0.0,0.0,0.0
2022-09-29 13:30:00-04:00,206.52999877929688,206.9499969482422,205.52499389648438,206.05999755859375,0,0.0,0.0,0.0
2022-09-29 14:30:00-04:00,206.0500030517578,206.83999633789062,205.6300048828125,206.5,361106,0.0,0.0,0.0
2022-09-29 15:30:00-04:00,206.44500732421875,208.02000427246094,206.41000366210938,207.9499969482422,94998,0.0,0.0,0.0
2022-09-30 09:30:00-04:00,207.39999389648438,210.27000427246094,206.85499572753906,210.27000427246094,34411,0.0,0.0,0.0
2022-09-30 10:30:00-04:00,210.27000427246094,212.57000732421875,210.27000427246094,212.1699981689453,88715,0.0,0.0,0.0
2022-09-30 11:30:00-04:00,212.00999450683594,212.33999633789062,210.00999450683594,210.3000030517578,87807,0.0,0.0,0.0
2022-09-30 12:30:00-04:00,210.3699951171875,211.39999389648438,210.2100067138672,210.97999572753906,49977,0.0,0.0,0.0
2022-09-30 13:30:00-04:00,210.97000122070312,211.0,208.6199951171875,208.85499572753906,67886,0.0,0.0,0.0
2022-09-30 14:30:00-04:00,208.9499969482422,209.0800018310547,207.2100067138672,207.33999633789062,71597,0.0,0.0,0.0
2022-09-30 15:30:00-04:00,207.80999755859375,208.08999633789062,206.38999938964844,206.55999755859375,80069,0.0,0.0,0.0
2022-10-03 09:30:00-04:00,209.36000061035156,211.33999633789062,207.0399932861328,211.0500030517578,42481,0.0,0.0,0.0
2022-10-03 10:30:00-04:00,211.22000122070312,212.02999877929688,210.8000030517578,211.4600067138672,61497,0.0,0.0,0.0
2022-10-03 11:30:00-04:00,211.5500030517578,211.75999450683594,210.16000366210938,210.16000366210938,40956,0.0,0.0,0.0
2022-10-03 12:30:00-04:00,210.1699981689453,211.50999450683594,209.91000366210938,211.42999267578125,36421,0.0,0.0,0.0
2022-10-03 13:30:00-04:00,211.55999755859375,212.75999450683594,211.3000030517578,212.69000244140625,57451,0.0,0.0,0.0
2022-10-03 14:30:00-04:00,212.6999969482422,213.52000427246094,212.5500030517578,213.27000427246094,88957,0.0,0.0,0.0
2022-10-03 15:30:00-04:00,213.27499389648438,213.35000610351562,211.98590087890625,212.33999633789062,80320,0.0,0.0,0.0
2022-10-04 09:30:00-04:00,216.41000366210938,219.99000549316406,216.41000366210938,218.42999267578125,190070,0.0,0.0,0.0
2022-10-04 10:30:00-04:00,218.4499969482422,220.22999572753906,218.4499969482422,220.1199951171875,211976,0.0,0.0,0.0
2022-10-04 11:30:00-04:00,220.19000244140625,220.25999450683594,219.32000732421875,219.77999877929688,132302,0.0,0.0,0.0
2022-10-04 12:30:00-04:00,219.7899932861328,220.05999755859375,217.5399932861328,218.3000030517578,122892,0.0,0.0,0.0
2022-10-04 13:30:00-04:00,218.25,219.11000061035156,218.1199951171875,218.47000122070312,119088,0.0,0.0,0.0
2022-10-04 14:30:00-04:00,218.52000427246094,219.41000366210938,218.47999572753906,219.13999938964844,146806,0.0,0.0,0.0
2022-10-04 15:30:00-04:00,219.1199951171875,220.57000732421875,218.89999389648438,220.5399932861328,246732,0.0,0.0,0.0
2022-10-05 09:30:00-04:00,217.27000427246094,218.52000427246094,215.30999755859375,215.30999755859375,54393,0.0,0.0,0.0
2022-10-05 10:30:00-04:00,215.05999755859375,216.35000610351562,214.8699951171875,216.33999633789062,33674,0.0,0.0,0.0
2022-10-05 11:30:00-04:00,216.33999633789062,217.99000549316406,216.09010314941406,217.24000549316406,39690,0.0,0.0,0.0
2022-10-05 12:30:00-04:00,217.14999389648438,219.3300018310547,217.07000732421875,218.8800048828125,50440,0.0,0.0,0.0
2022-10-05 13:30:00-04:00,218.94000244140625,218.9600067138672,218.36000061035156,218.59500122070312,75626,0.0,0.0,0.0
2022-10-05 14:30:00-04:00,218.8300018310547,220.25999450683594,218.5500946044922,219.75,48894,0.0,0.0,0.0
2022-10-05 15:30:00-04:00,219.74000549316406,220.19000244140625,219.11000061035156,219.4199981689453,142800,0.0,0.0,0.0
2022-10-06 09:30:00-04:00,218.52999877929688,221.6699981689453,217.78610229492188,218.0800018310547,108101,0.0,0.0,0.0
2022-10-06 10:30:00-04:00,217.58999633789062,219.75,217.52999877929688,219.25,71313,0.0,0.0,0.0
2022-10-06 11:30:00-04:00,219.25,219.9499969482422,218.14999389648438,219.17999267578125,59740,0.0,0.0,0.0
2022-10-06 12:30:00-04:00,219.1300048828125,219.80499267578125,218.91720581054688,219.64999389648438,72081,0.0,0.0,0.0
2022-10-06 13:30:00-04:00,219.50999450683594,219.7100067138672,218.58999633789062,218.7100067138672,109677,0.0,0.0,0.0
2022-10-06 14:30:00-04:00,218.80999755859375,219.0500030517578,217.6300048828125,218.60000610351562,159187,0.0,0.0,0.0
2022-10-06 15:30:00-04:00,218.72000122070312,218.88999938964844,218.27999877929688,218.4600067138672,139252,0.0,0.0,0.0
2022-10-07 09:30:00-04:00,215.97000122070312,216.26499938964844,212.52499389648438,214.08999633789062,74907,0.0,0.0,0.0
2022-10-07 10:30:00-04:00,213.99000549316406,214.6562042236328,212.94000244140625,213.30999755859375,39488,0.0,0.0,0.0
2022-10-07 11:30:00-04:00,212.77000427246094,213.14120483398438,212.13999938964844,212.13999938964844,24707,0.0,0.0,0.0
2022-10-07 12:30:00-04:00,211.97000122070312,212.0,211.10000610351562,211.75,42538,0.0,0.0,0.0
2022-10-07 13:30:00-04:00,211.6699981689453,212.11000061035156,211.22000122070312,211.30999755859375,48137,0.0,0.0,0.0
2022-10-07 14:30:00-04:00,211.22999572753906,212.00999450683594,210.5399932861328,210.5399932861328,0,0.0,0.0,0.0
2022-10-07 15:30:00-04:00,210.63999938964844,211.56500244140625,210.22000122070312,211.1699981689453,348292,0.0,0.0,0.0
2022-10-10 09:30:00-04:00,212.0399932861328,212.0399932861328,209.47000122070312,210.625,46934,0.0,0.0,0.0
2022-10-10 10:30:00-04:00,210.4949951171875,210.86000061035156,208.3699951171875,209.42999267578125,39451,0.0,0.0,0.0
2022-10-10 11:30:00-04:00,209.38999938964844,210.25,208.35499572753906,208.35499572753906,17569,0.0,0.0,0.0
2022-10-10 12:30:00-04:00,208.3800048828125,208.78810119628906,207.8000030517578,208.75999450683594,51115,0.0,0.0,0.0
2022-10-10 13:30:00-04:00,208.80999755859375,211.3000030517578,208.8000030517578,209.63999938964844,50101,0.0,0.0,0.0
2022-10-10 14:30:00-04:00,209.4600067138672,210.60000610351562,209.4600067138672,209.67999267578125,107699,0.0,0.0,0.0
2022-10-10 15:30:00-04:00,209.60000610351562,210.35000610351562,209.41000366210938,209.47999572753906,75939,0.0,0.0,0.0
2022-10-11 09:30:00-04:00,208.55999755859375,209.05230712890625,204.97999572753906,206.2899932861328,55674,0.0,0.0,0.0
2022-10-11 10:30:00-04:00,205.92999267578125,209.30999755859375,205.69000244140625,209.03500366210938,72894,0.0,0.0,0.0
2022-10-11 11:30:00-04:00,209.47999572753906,211.052001953125,209.24000549316406,210.88999938964844,61983,0.0,0.0,0.0
2022-10-11 12:30:00-04:00,210.96499633789062,212.0850067138672,210.50999450683594,210.6699981689453,84010,0.0,0.0,0.0
2022-10-11 13:30:00-04:00,210.67999267578125,210.83999633789062,209.77999877929688,209.99000549316406,78065,0.0,0.0,0.0
2022-10-11 14:30:00-04:00,210.22999572753906,210.44000244140625,206.66000366210938,207.38999938964844,132056,0.0,0.0,0.0
2022-10-11 15:30:00-04:00,207.43499755859375,209.22999572753906,207.15499877929688,208.7100067138672,81039,0.0,0.0,0.0
2022-10-12 09:30:00-04:00,209.39999389648438,209.39999389648438,205.91000366210938,206.52000427246094,0,0.0,0.0,0.0
2022-10-12 10:30:00-04:00,206.44000244140625,207.57000732421875,205.6605987548828,207.25,67320,0.0,0.0,0.0
2022-10-12 11:30:00-04:00,207.27000427246094,208.49000549316406,206.9499969482422,207.7100067138672,101218,0.0,0.0,0.0
2022-10-12 12:30:00-04:00,207.75999450683594,208.60499572753906,207.33999633789062,208.36000061035156,34427,0.0,0.0,0.0
2022-10-12 13:30:00-04:00,208.25,209.16000366210938,207.86500549316406,209.16000366210938,45572,0.0,0.0,0.0
2022-10-12 14:30:00-04:00,209.35499572753906,209.389892578125,208.1999969482422,208.80999755859375,89200,0.0,0.0,0.0
2022-10-12 15:30:00-04:00,208.7899932861328,208.9949951171875,208.02000427246094,208.16000366210938,100022,0.0,0.0,0.0
2022-10-13 09:30:00-04:00,203.97000122070312,205.8350067138672,201.72169494628906,203.86990356445312,192068,0.0,0.0,0.0
2022-10-13 10:30:00-04:00,203.65280151367188,210.8699951171875,203.65280151367188,209.55999755859375,116412,0.0,0.0,0.0
2022-10-13 11:30:00-04:00,209.72999572753906,211.9499969482422,209.2100067138672,209.4499969482422,110293,0.0,0.0,0.0
2022-10-13 12:30:00-04:00,209.302001953125,212.8699951171875,209.30099487304688,212.64999389648438,63865,0.0,0.0,0.0
2022-10-13 13:30:00-04:00,212.77000427246094,213.16000366210938,211.52000427246094,211.52000427246094,63072,0.0,0.0,0.0
2022-10-13 14:30:00-04:00,211.61500549316406,213.5500030517578,211.61500549316406,212.49000549316406,102092,0.0,0.0,0.0
2022-10-13 15:30:00-04:00,212.6199951171875,212.88999938964844,211.77999877929688,212.22000122070312,76710,0.0,0.0,0.0
2022-10-14 09:30:00-04:00,213.8000030517578,215.3699951171875,208.8000030517578,209.5,73171,0.0,0.0,0.0
2022-10-14 10:30:00-04:00,209.5,210.35049438476562,208.22000122070312,208.99220275878906,20129,0.0,0.0,0.0
2022-10-14 11:30:00-04:00,208.88999938964844,208.89999389648438,206.89999389648438,207.8643035888672,26509,0.0,0.0,0.0
2022-10-14 12:30:00-04:00,208.46200561523438,208.72059631347656,207.0399932861328,207.60000610351562,33908,0.0,0.0,0.0
2022-10-14 13:30:00-04:00,207.63999938964844,208.2324981689453,206.69810485839844,206.8000030517578,34216,0.0,0.0,0.0
2022-10-14 14:30:00-04:00,206.86000061035156,207.52000427246094,206.23500061035156,206.77000427246094,376502,0.0,0.0,0.0
2022-10-14 15:30:00-04:00,206.69000244140625,207.02000427246094,205.67999267578125,205.86000061035156,372990,0.0,0.0,0.0
2022-10-17 09:30:00-04:00,210.2899932861328,213.30999755859375,210.02999877929688,212.97999572753906,68405,0.0,0.0,0.0
2022-10-17 10:30:00-04:00,213.0500030517578,213.1898956298828,211.25999450683594,212.98980712890625,30078,0.0,0.0,0.0
2022-10-17 11:30:00-04:00,212.91000366210938,213.58999633789062,212.6300048828125,212.97999572753906,107883,0.0,0.0,0.0
2022-10-17 12:30:00-04:00,212.91000366210938,213.0800018310547,212.00999450683594,212.38999938964844,19630,0.0,0.0,0.0
2022-10-17 13:30:00-04:00,212.55369567871094,212.85659790039062,212.02999877929688,212.02999877929688,34376,0.0,0.0,0.0
2022-10-17 14:30:00-04:00,212.11000061035156,212.58169555664062,211.9499969482422,212.3300018310547,72529,0.0,0.0,0.0
2022-10-17 15:30:00-04:00,212.40499877929688,213.47500610351562,212.35000610351562,212.9499969482422,151159,0.0,0.0,0.0
2022-10-18 09:30:00-04:00,217.3800048828125,219.8721923828125,216.86000061035156,216.86000061035156,93697,0.0,0.0,0.0
2022-10-18 10:30:00-04:00,216.64999389648438,217.13499450683594,214.5399932861328,214.7100067138672,99426,0.0,0.0,0.0
2022-10-18 11:30:00-04:00,214.60000610351562,215.9199981689453,213.6999969482422,215.19000244140625,49702,0.0,0.0,0.0
2022-10-18 12:30:00-04:00,215.2899932861328,215.99000549316406,214.5,215.8699951171875,50499,0.0,0.0,0.0
2022-10-18 13:30:00-04:00,215.86000061035156,216.32000732421875,215.4199981689453,215.875,65306,0.0,0.0,0.0
2022-10-18 14:30:00-04:00,215.93499755859375,215.93499755859375,213.75869750976562,214.55999755859375,55015,0.0,0.0,0.0
2022-10-18 15:30:00-04:00,214.49000549316406,215.6999969482422,214.49000549316406,215.50999450683594,73027,0.0,0.0,0.0
2022-10-19 09:30:00-04:00,213.4199981689453,214.42999267578125,211.5500030517578,214.1199951171875,40143,0.0,0.0,0.0
2022-10-19 10:30:00-04:00,214.02999877929688,214.02999877929688,211.85499572753906,212.24000549316406,21548,0.0,0.0,0.0
2022-10-19 11:30:00-04:00,212.1300048828125,212.85000610351562,210.75999450683594,210.75999450683594,31602,0.0,0.0,0.0
2022-10-19 12:30:00-04:00,210.75999450683594,211.2100067138672,209.38999938964844,210.02999877929688,26918,0.0,0.0,0.0
2022-10-19 13:30:00-04:00,210.125,211.33999633789062,209.9499969482422,211.19000244140625,40597,0.0,0.0,0.0
2022-10-19 14:30:00-04:00,211.27000427246094,211.27999877929688,210.4499969482422,210.61000061035156,41356,0.0,0.0,0.0
2022-10-19 15:30:00-04:00,210.5749969482422,211.44110107421875,210.33999633789062,211.3800048828125,114202,0.0,0.0,0.0
2022-10-20 09:30:00-04:00,211.52000427246094,214.7050018310547,211.22999572753906,214.27999877929688,58000,0.0,0.0,0.0
2022-10-20 10:30:00-04:00,214.2899932861328,214.57000732421875,213.22999572753906,213.52999877929688,54161,0.0,0.0,0.0
2022-10-20 11:30:00-04:00,213.66000366210938,214.41909790039062,211.11000061035156,211.2281951904297,29020,0.0,0.0,0.0
2022-10-20 12:30:00-04:00,211.32000732421875,211.4499969482422,209.8000030517578,210.10000610351562,13875,0.0,0.0,0.0
2022-10-20 13:30:00-04:00,210.0800018310547,210.0800018310547,208.52999877929688,208.61000061035156,26613,0.0,0.0,0.0
2022-10-20 14:30:00-04:00,208.5500030517578,209.8000030517578,208.44000244140625,209.0,57793,0.0,0.0,0.0
2022-10-20 15:30:00-04:00,208.9600067138672,209.85000610351562,208.6195068359375,209.2899932861328,38114,0.0,0.0,0.0
2022-10-21 09:30:00-04:00,209.1999969482422,211.64999389648438,207.82000732421875,208.88999938964844,141641,0.0,0.0,0.0
2022-10-21 10:30:00-04:00,209.0800018310547,209.8000030517578,207.9600067138672,209.62669372558594,59439,0.0,0.0,0.0
2022-10-21 11:30:00-04:00,209.6999969482422,211.75,209.6699981689453,211.33999633789062,29835,0.0,0.0,0.0
2022-10-21 12:30:00-04:00,211.0800018310547,213.0,210.99000549316406,212.52000427246094,30422,0.0,0.0,0.0
2022-10-21 13:30:00-04:00,212.4600067138672,213.3249053955078,212.26199340820312,212.8498992919922,28082,0.0,0.0,0.0
2022-10-21 14:30:00-04:00,213.07000732421875,213.92999267578125,212.5500030517578,213.92999267578125,73365,0.0,0.0,0.0
2022-10-21 15:30:00-04:00,213.918701171875,214.14999389648438,213.44000244140625,213.6699981689453,56484,0.0,0.0,0.0
2022-10-24 09:30:00-04:00,214.33999633789062,214.52999877929688,210.84500122070312,211.42999267578125,72171,0.0,0.0,0.0
2022-10-24 10:30:00-04:00,211.63999938964844,213.24000549316406,211.6199951171875,213.11000061035156,42177,0.0,0.0,0.0
2022-10-24 11:30:00-04:00,213.02000427246094,214.83999633789062,212.75,214.5399932861328,43952,0.0,0.0,0.0
2022-10-24 12:30:00-04:00,214.2899932861328,214.5388946533203,213.1699981689453,213.25999450683594,40019,0.0,0.0,0.0
2022-10-24 13:30:00-04:00,213.25770568847656,213.6999969482422,212.97999572753906,213.52999877929688,37191,0.0,0.0,0.0
2022-10-24 14:30:00-04:00,213.5399932861328,214.47000122070312,213.41000366210938,214.36000061035156,189571,0.0,0.0,0.0
2022-10-24 15:30:00-04:00,214.3300018310547,214.63999938964844,214.0500030517578,214.1199951171875,64510,0.0,0.0,0.0
2022-10-25 09:30:00-04:00,214.44000244140625,220.14999389648438,214.44000244140625,220.14999389648438,138667,0.0,0.0,0.0
2022-10-25 10:30:00-04:00,220.1999969482422,220.8300018310547,219.49000549316406,220.41000366210938,61010,0.0,0.0,0.0
2022-10-25 11:30:00-04:00,220.13999938964844,221.4199981689453,220.00999450683594,220.88999938964844,123838,0.0,0.0,0.0
2022-10-25 12:30:00-04:00,220.9499969482422,221.16990661621094,219.31500244140625,219.6199951171875,38619,0.0,0.0,0.0
2022-10-25 13:30:00-04:00,219.8699951171875,220.38999938964844,219.5399932861328,220.22999572753906,52985,0.0,0.0,0.0
2022-10-25 14:30:00-04:00,220.2899932861328,221.10000610351562,219.97000122070312,221.0,53763,0.0,0.0,0.0
2022-10-25 15:30:00-04:00,221.0800018310547,221.1999969482422,220.48410034179688,220.64999389648438,100328,0.0,0.0,0.0
2022-10-26 09:30:00-04:00,221.27999877929688,224.27999877929688,220.72000122070312,224.27999877929688,86669,0.0,0.0,0.0
2022-10-26 10:30:00-04:00,224.1999969482422,226.4600067138672,223.69000244140625,226.25,56522,0.0,0.0,0.0
2022-10-26 11:30:00-04:00,226.08999633789062,226.47999572753906,225.52000427246094,225.8000030517578,97438,0.0,0.0,0.0
2022-10-26 12:30:00-04:00,225.85000610351562,226.27999877929688,223.02499389648438,223.02499389648438,57668,0.0,0.0,0.0
2022-10-26 13:30:00-04:00,222.99000549316406,223.83999633789062,222.61489868164062,222.98500061035156,47106,0.0,0.0,0.0
2022-10-26 14:30:00-04:00,223.0,223.3300018310547,221.82000732421875,222.2698974609375,104127,0.0,0.0,0.0
2022-10-26 15:30:00-04:00,222.38999938964844,222.72999572753906,221.5749969482422,221.8800048828125,82751,0.0,0.0,0.0
2022-10-27 09:30:00-04:00,223.97000122070312,225.64990234375,221.44000244140625,224.42999267578125,76763,0.0,0.0,0.0
2022-10-27 10:30:00-04:00,224.3800048828125,224.8303985595703,222.49000549316406,224.17999267578125,47387,0.0,0.0,0.0
2022-10-27 11:30:00-04:00,223.6544952392578,224.375,222.7899932861328,222.7899932861328,54755,0.0,0.0,0.0
2022-10-27 12:30:00-04:00,222.8000030517578,224.63999938964844,222.8000030517578,223.8699951171875,59338,0.0,0.0,0.0
2022-10-27 13:30:00-04:00,223.90499877929688,224.41000366210938,222.94500732421875,223.20150756835938,62002,0.0,0.0,0.0
2022-10-27 14:30:00-04:00,223.16290283203125,223.21499633789062,220.94000244140625,221.6699981689453,172506,0.0,0.0,0.0
2022-10-27 15:30:00-04:00,221.6199951171875,222.13999938964844,220.75,220.99000549316406,345538,0.0,0.0,0.0
2022-10-28 09:30:00-04:00,221.92999267578125,223.82650756835938,220.52999877929688,221.8300018310547,291232,0.0,0.0,0.0
2022-10-28 10:30:00-04:00,221.88999938964844,223.25,220.7899932861328,222.75999450683594,123324,0.0,0.0,0.0
2022-10-28 11:30:00-04:00,223.0399932861328,225.04339599609375,222.67999267578125,224.9600067138672,70257,0.0,0.0,0.0
2022-10-28 12:30:00-04:00,225.00999450683594,225.6699981689453,224.92999267578125,225.42990112304688,55015,0.0,0.0,0.0
2022-10-28 13:30:00-04:00,225.3000030517578,225.38999938964844,224.5124969482422,224.5800018310547,110890,0.0,0.0,0.0
2022-10-28 14:30:00-04:00,224.5800018310547,226.02999877929688,224.57000732421875,225.64999389648438,256249,0.0,0.0,0.0
2022-10-28 15:30:00-04:00,225.46499633789062,226.25,225.46499633789062,225.91000366210938,375831,0.0,0.0,0.0
2022-10-31 09:30:00-04:00,224.94000244140625,226.15699768066406,224.0500030517578,225.11000061035156,65223,0.0,0.0,0.0
2022-10-31 10:30:00-04:00,224.82000732421875,226.72999572753906,224.27999877929688,226.41000366210938,68090,0.0,0.0,0.0
2022-10-31 11:30:00-04:00,226.25999450683594,227.60000610351562,226.14999389648438,226.80999755859375,27203,0.0,0.0,0.0
2022-10-31 12:30:00-04:00,226.3874969482422,227.02000427246094,225.80999755859375,227.02000427246094,23739,0.0,0.0,0.0
2022-10-31 13:30:00-04:00,227.05999755859375,227.1999969482422,226.3699951171875,226.5800018310547,47284,0.0,0.0,0.0
2022-10-31 14:30:00-04:00,226.5449981689453,227.14999389648438,225.8000030517578,226.75,346294,0.0,0.0,0.0
2022-10-31 15:30:00-04:00,226.6999969482422,227.27999877929688,226.07000732421875,226.3000030517578,367048,0.0,0.0,0.0
2022-11-01 09:30:00-04:00,229.3000030517578,229.5,226.33999633789062,227.30999755859375,55839,0.0,0.0,0.0
2022-11-01 10:30:00-04:00,227.7100067138672,227.94000244140625,226.02999877929688,226.6649932861328,20473,0.0,0.0,0.0
2022-11-01 11:30:00-04:00,226.99000549316406,227.63999938964844,225.72999572753906,226.67999267578125,33346,0.0,0.0,0.0
2022-11-01 12:30:00-04:00,226.6999969482422,228.25,226.52000427246094,228.0198974609375,42593,0.0,0.0,0.0
2022-11-01 13:30:00-04:00,227.8699951171875,228.02920532226562,227.5050048828125,227.64999389648438,57745,0.0,0.0,0.0
2022-11-01 14:30:00-04:00,227.68499755859375,227.75,226.61000061035156,226.61000061035156,67419,0.0,0.0,0.0
2022-11-01 15:30:00-04:00,226.6699981689453,227.05999755859375,226.3300018310547,226.75,70407,0.0,0.0,0.0
2022-11-02 09:30:00-04:00,225.5399932861328,225.5399932861328,223.11000061035156,223.6699981689453,49365,0.0,0.0,0.0
2022-11-02 10:30:00-04:00,223.8300018310547,224.49000549316406,223.38999938964844,223.4499969482422,47370,0.0,0.0,0.0
2022-11-02 11:30:00-04:00,223.42999267578125,223.97959899902344,222.51010131835938,222.69419860839844,0,0.0,0.0,0.0
2022-11-02 12:30:00-04:00,222.66000366210938,223.22999572753906,222.1300048828125,222.8699951171875,160562,0.0,0.0,0.0
2022-11-02 13:30:00-04:00,222.9799041748047,227.94000244140625,222.77999877929688,227.9199981689453,54441,0.0,0.0,0.0
2022-11-02 14:30:00-04:00,227.4600067138672,227.5399932861328,218.4801025390625,219.25149536132812,70452,0.0,0.0,0.0
2022-11-02 15:30:00-04:00,218.63999938964844,219.6750030517578,218.22999572753906,218.22999572753906,62920,0.0,0.0,0.0
2022-11-03 09:30:00-04:00,215.3000030517578,217.50999450683594,214.38999938964844,217.50999450683594,71981,0.0,0.0,0.0
2022-11-03 10:30:00-04:00,217.60000610351562,219.0251007080078,216.9499969482422,217.61000061035156,52140,0.0,0.0,0.0
2022-11-03 11:30:00-04:00,217.80999755859375,218.52999877929688,217.3585968017578,218.4149932861328,20524,0.0,0.0,0.0
2022-11-03 12:30:00-04:00,218.4600067138672,219.44500732421875,218.11000061035156,218.3300018310547,22272,0.0,0.0,0.0
2022-11-03 13:30:00-04:00,218.19000244140625,218.5,217.74009704589844,218.49000549316406,34527,0.0,0.0,0.0
2022-11-03 14:30:00-04:00,218.58999633789062,218.64999389648438,218.10000610351562,218.47000122070312,43407,0.0,0.0,0.0
2022-11-03 15:30:00-04:00,218.4199981689453,218.7100067138672,217.10000610351562,217.10000610351562,92961,0.0,0.0,0.0
2022-11-04 09:30:00-04:00,220.3300018310547,220.3300018310547,217.05999755859375,219.80999755859375,112106,0.0,0.0,0.0
2022-11-04 10:30:00-04:00,220.1020965576172,220.3800048828125,217.42999267578125,217.42999267578125,26150,0.0,0.0,0.0
2022-11-04 11:30:00-04:00,217.53329467773438,217.53329467773438,214.6699981689453,216.0800018310547,67488,0.0,0.0,0.0
2022-11-04 12:30:00-04:00,215.90499877929688,216.1699981689453,214.5,215.25,47278,0.0,0.0,0.0
2022-11-04 13:30:00-04:00,214.97999572753906,215.83999633789062,214.39999389648438,215.83999633789062,29178,0.0,0.0,0.0
2022-11-04 14:30:00-04:00,215.77000427246094,217.55999755859375,215.63999938964844,217.36000061035156,51029,0.0,0.0,0.0
2022-11-04 15:30:00-04:00,217.08999633789062,218.52000427246094,217.02000427246094,218.52000427246094,61455,0.0,0.0,0.0
2022-11-07 09:30:00-05:00,219.75,220.69000244140625,216.92999267578125,217.6699981689453,108371,0.0,0.0,0.0
2022-11-07 10:30:00-05:00,217.7050018310547,219.1999969482422,217.22999572753906,219.1999969482422,51325,0.0,0.0,0.0
2022-11-07 11:30:00-05:00,219.36000061035156,219.6199951171875,217.64999389648438,218.8011932373047,38275,0.0,0.0,0.0
2022-11-07 12:30:00-05:00,218.85000610351562,218.97999572753906,217.89999389648438,218.35000610351562,30531,0.0,0.0,0.0
2022-11-07 13:30:00-05:00,218.42999267578125,220.14999389648438,218.03500366210938,220.14999389648438,53761,0.0,0.0,0.0
2022-11-07 14:30:00-05:00,220.24169921875,220.61000061035156,219.58999633789062,220.10000610351562,102058,0.0,0.0,0.0
2022-11-07 15:30:00-05:00,220.0500030517578,220.2899932861328,219.27000427246094,219.5800018310547,424183,0.0,0.0,0.0
2022-11-08 09:30:00-05:00,220.76499938964844,220.7899932861328,217.94500732421875,219.72000122070312,82981,0.0,0.0,0.0
2022-11-08 10:30:00-05:00,219.82000732421875,222.1999969482422,219.82000732421875,222.1999969482422,56191,0.0,0.0,0.0
2022-11-08 11:30:00-05:00,222.11000061035156,222.80999755859375,221.57000732421875,221.94000244140625,50712,0.0,0.0,0.0
2022-11-08 12:30:00-05:00,221.94000244140625,222.35000610351562,219.7100067138672,219.72999572753906,83935,0.0,0.0,0.0
2022-11-08 13:30:00-05:00,219.61000061035156,220.32000732421875,217.38999938964844,217.38999938964844,44749,0.0,0.0,0.0
2022-11-08 14:30:00-05:00,217.44000244140625,219.66000366210938,217.1199951171875,219.6300048828125,108519,0.0,0.0,0.0
2022-11-08 15:30:00-05:00,219.66000366210938,220.75999450683594,219.58999633789062,219.8699951171875,107779,0.0,0.0,0.0
2022-11-09 09:30:00-05:00,217.41000366210938,218.0,216.0399932861328,216.97999572753906,62508,0.0,0.0,0.0
2022-11-09 10:30:00-05:00,217.0500030517578,217.05999755859375,215.4600067138672,216.78500366210938,19251,0.0,0.0,0.0
2022-11-09 11:30:00-05:00,216.61000061035156,217.44500732421875,215.6999969482422,216.00999450683594,70289,0.0,0.0,0.0
2022-11-09 12:30:00-05:00,216.1199951171875,216.39999389648438,215.24000549316406,215.24000549316406,33901,0.0,0.0,0.0
2022-11-09 13:30:00-05:00,214.85000610351562,215.0,214.24000549316406,214.63999938964844,74426,0.0,0.0,0.0
2022-11-09 14:30:00-05:00,214.5800018310547,214.5800018310547,213.29010009765625,213.52000427246094,106026,0.0,0.0,0.0
2022-11-09 15:30:00-05:00,213.47000122070312,213.63999938964844,212.42999267578125,212.75,200412,0.0,0.0,0.0
2022-11-10 09:30:00-05:00,222.57000732421875,225.50999450683594,221.6663055419922,225.17340087890625,268635,0.0,0.0,0.0
2022-11-10 10:30:00-05:00,225.22500610351562,225.75999450683594,223.8800048828125,225.3699951171875,91713,0.0,0.0,0.0
2022-11-10 11:30:00-05:00,225.42999267578125,226.2899932861328,224.88999938964844,224.88999938964844,71251,0.0,0.0,0.0
2022-11-10 12:30:00-05:00,224.74000549316406,224.77999877929688,223.72999572753906,224.61000061035156,36185,0.0,0.0,0.0
2022-11-10 13:30:00-05:00,224.6999969482422,225.58999633789062,224.30999755859375,225.44000244140625,44627,0.0,0.0,0.0
2022-11-10 14:30:00-05:00,225.44000244140625,226.1999969482422,225.0399932861328,226.08009338378906,95770,0.0,0.0,0.0
2022-11-10 15:30:00-05:00,226.1199951171875,226.74000549316406,225.9499969482422,226.47000122070312,167155,0.0,0.0,0.0
2022-11-11 09:30:00-05:00,227.5,231.47999572753906,227.1999969482422,231.1999969482422,155659,0.0,0.0,0.0
2022-11-11 10:30:00-05:00,231.30999755859375,231.30999755859375,228.16000366210938,228.1699981689453,72973,0.0,0.0,0.0
2022-11-11 11:30:00-05:00,228.17999267578125,228.80990600585938,227.7899932861328,228.3300018310547,35866,0.0,0.0,0.0
2022-11-11 12:30:00-05:00,228.2449951171875,229.1999969482422,227.94000244140625,229.17999267578125,67102,0.0,0.0,0.0
2022-11-11 13:30:00-05:00,229.1699981689453,230.1199951171875,228.55999755859375,230.10000610351562,42065,0.0,0.0,0.0
2022-11-11 14:30:00-05:00,230.14999389648438,230.60409545898438,228.3800048828125,229.38499450683594,90637,0.0,0.0,0.0
2022-11-11 15:30:00-05:00,229.30999755859375,229.7100067138672,228.72999572753906,229.0399932861328,179606,0.0,0.0,0.0
2022-11-14 09:30:00-05:00,228.02999877929688,229.08999633789062,226.0050048828125,227.92999267578125,45890,0.0,0.0,0.0
2022-11-14 10:30:00-05:00,228.04200744628906,228.91000366210938,226.47999572753906,227.0800018310547,48472,0.0,0.0,0.0
2022-11-14 11:30:00-05:00,227.05999755859375,228.12989807128906,227.05999755859375,227.80999755859375,48542,0.0,0.0,0.0
2022-11-14 12:30:00-05:00,227.75,229.39999389648438,227.72999572753906,229.38999938964844,25285,0.0,0.0,0.0
2022-11-14 13:30:00-05:00,229.49510192871094,230.139892578125,228.9499969482422,229.07000732421875,57869,0.0,0.0,0.0
2022-11-14 14:30:00-05:00,229.32000732421875,229.32000732421875,227.8000030517578,228.33999633789062,69474,0.0,0.0,0.0
2022-11-14 15:30:00-05:00,228.25999450683594,228.33999633789062,226.39999389648438,226.5399932861328,87879,0.0,0.0,0.0
2022-11-15 09:30:00-05:00,230.91000366210938,232.5800018310547,229.2449951171875,232.5800018310547,84210,0.0,0.0,0.0
2022-11-15 10:30:00-05:00,232.50999450683594,232.85000610351562,230.77999877929688,231.5,85116,0.0,0.0,0.0
2022-11-15 11:30:00-05:00,231.75999450683594,232.67999267578125,231.75,232.07000732421875,45425,0.0,0.0,0.0
2022-11-15 12:30:00-05:00,232.0050048828125,232.3800048828125,229.8065948486328,229.88999938964844,36984,0.0,0.0,0.0
2022-11-15 13:30:00-05:00,229.7100067138672,231.38999938964844,228.89999389648438,230.9199981689453,79215,0.0,0.0,0.0
2022-11-15 14:30:00-05:00,231.0,231.6300048828125,230.27000427246094,231.30999755859375,79503,0.0,0.0,0.0
2022-11-15 15:30:00-05:00,231.19000244140625,231.2436981201172,230.3000030517578,230.6699981689453,58024,0.0,0.0,0.0
2022-11-16 09:30:00-05:00,229.4499969482422,229.5572967529297,226.22999572753906,226.4600067138672,38729,0.0,0.0,0.0
2022-11-16 10:30:00-05:00,226.58999633789062,227.19000244140625,225.85000610351562,226.9600067138672,33389,0.0,0.0,0.0
2022-11-16 11:30:00-05:00,226.94000244140625,227.2205047607422,226.32000732421875,226.77000427246094,23469,0.0,0.0,0.0
2022-11-16 12:30:00-05:00,226.85000610351562,227.69000244140625,226.72000122070312,226.72000122070312,28720,0.0,0.0,0.0
2022-11-16 13:30:00-05:00,226.78500366210938,226.78500366210938,226.0,226.52000427246094,42667,0.0,0.0,0.0
2022-11-16 14:30:00-05:00,226.5,226.8000030517578,225.75,225.9199981689453,89255,0.0,0.0,0.0
2022-11-16 15:30:00-05:00,225.8800048828125,226.6699981689453,225.7100067138672,226.33999633789062,90485,0.0,0.0,0.0
2022-11-17 09:30:00-05:00,222.30999755859375,223.52999877929688,221.6199951171875,223.08999633789062,76392,0.0,0.0,0.0
2022-11-17 10:30:00-05:00,222.8300018310547,223.35499572753906,221.63999938964844,222.33999633789062,24684,0.0,0.0,0.0
2022-11-17 11:30:00-05:00,221.99000549316406,223.4718017578125,221.86000061035156,222.97799682617188,33695,0.0,0.0,0.0
2022-11-17 12:30:00-05:00,223.07000732421875,224.66000366210938,222.7899932861328,223.89999389648438,83305,0.0,0.0,0.0
2022-11-17 13:30:00-05:00,223.89500427246094,224.30999755859375,222.6699981689453,223.0,33720,0.0,0.0,0.0
2022-11-17 14:30:00-05:00,223.07000732421875,223.60499572753906,222.25,222.8300018310547,68369,0.0,0.0,0.0
2022-11-17 15:30:00-05:00,222.77999877929688,224.1999969482422,222.77000427246094,224.14999389648438,177116,0.0,0.0,0.0
2022-11-18 09:30:00-05:00,227.61000061035156,227.61000061035156,225.3000030517578,226.05470275878906,59412,0.0,0.0,0.0
2022-11-18 10:30:00-05:00,226.4219970703125,226.79989624023438,225.1822967529297,225.99000549316406,28557,0.0,0.0,0.0
2022-11-18 11:30:00-05:00,225.3000030517578,225.66270446777344,224.11000061035156,224.75689697265625,23730,0.0,0.0,0.0
2022-11-18 12:30:00-05:00,224.6999969482422,225.1300048828125,224.31289672851562,224.7899932861328,18976,0.0,0.0,0.0
2022-11-18 13:30:00-05:00,224.88999938964844,224.88999938964844,224.11000061035156,224.69000244140625,27502,0.0,0.0,0.0
2022-11-18 14:30:00-05:00,224.78500366210938,225.39999389648438,224.14999389648438,225.39999389648438,40967,0.0,0.0,0.0
2022-11-18 15:30:00-05:00,225.35000610351562,225.7899932861328,224.96780395507812,225.27000427246094,34336,0.0,0.0,0.0
2022-11-21 09:30:00-05:00,224.13999938964844,224.4600067138672,222.79100036621094,222.81500244140625,50860,0.0,0.0,0.0
2022-11-21 10:30:00-05:00,223.00999450683594,223.27999877929688,222.4600067138672,223.27999877929688,53129,0.0,0.0,0.0
2022-11-21 11:30:00-05:00,222.8300018310547,223.1999969482422,222.05999755859375,222.72000122070312,32364,0.0,0.0,0.0
2022-11-21 12:30:00-05:00,222.91000366210938,223.89990234375,222.8350067138672,223.4499969482422,38070,0.0,0.0,0.0
2022-11-21 13:30:00-05:00,223.39930725097656,223.9600067138672,222.75,223.08999633789062,52005,0.0,0.0,0.0
2022-11-21 14:30:00-05:00,223.0050048828125,223.2299041748047,222.56500244140625,222.6999969482422,66087,0.0,0.0,0.0
2022-11-21 15:30:00-05:00,222.8000030517578,223.6699981689453,222.77999877929688,223.4600067138672,74494,0.0,0.0,0.0
2022-11-22 09:30:00-05:00,224.82000732421875,224.82000732421875,222.00999450683594,224.30999755859375,52966,0.0,0.0,0.0
2022-11-22 10:30:00-05:00,224.22999572753906,224.8300018310547,223.52999877929688,224.10000610351562,30426,0.0,0.0,0.0
2022-11-22 11:30:00-05:00,223.9597930908203,224.30999755859375,223.5399932861328,223.74009704589844,52317,0.0,0.0,0.0
2022-11-22 12:30:00-05:00,223.8300018310547,224.5,223.614501953125,224.27999877929688,67934,0.0,0.0,0.0
2022-11-22 13:30:00-05:00,224.36000061035156,224.64990234375,224.25999450683594,224.38999938964844,32110,0.0,0.0,0.0
2022-11-22 14:30:00-05:00,224.35879516601562,225.5500030517578,224.13999938964844,225.5500030517578,51819,0.0,0.0,0.0
2022-11-22 15:30:00-05:00,225.52000427246094,226.10000610351562,225.52000427246094,225.83999633789062,462799,0.0,0.0,0.0
2022-11-23 09:30:00-05:00,225.60000610351562,227.13510131835938,225.4949951171875,227.09500122070312,36474,0.0,0.0,0.0
2022-11-23 10:30:00-05:00,226.86000061035156,227.64999389648438,226.86000061035156,226.8699951171875,15230,0.0,0.0,0.0
2022-11-23 11:30:00-05:00,227.0885009765625,227.17999267578125,225.37130737304688,225.97909545898438,22408,0.0,0.0,0.0
2022-11-23 12:30:00-05:00,226.0449981689453,226.1199951171875,224.8000030517578,225.98500061035156,17465,0.0,0.0,0.0
2022-11-23 13:30:00-05:00,226.1300048828125,227.88999938964844,226.1300048828125,227.8800048828125,51496,0.0,0.0,0.0
2022-11-23 14:30:00-05:00,227.46800231933594,227.62750244140625,226.71380615234375,227.25999450683594,43109,0.0,0.0,0.0
2022-11-23 15:30:00-05:00,227.07000732421875,227.16000366210938,226.68190002441406,226.91000366210938,28131,0.0,0.0,0.0
2022-11-25 09:30:00-05:00,226.85000610351562,228.0800018310547,225.9199981689453,227.664306640625,65121,0.0,0.0,0.0
2022-11-25 10:30:00-05:00,227.5399932861328,228.07510375976562,227.33999633789062,227.5500030517578,18558,0.0,0.0,0.0
2022-11-25 11:30:00-05:00,227.5321044921875,228.0626983642578,227.50999450683594,227.89999389648438,17703,0.0,0.0,0.0
2022-11-28 09:30:00-05:00,225.88999938964844,226.94459533691406,225.0800018310547,225.63999938964844,93267,0.0,0.0,0.0
2022-11-28 10:30:00-05:00,226.0,226.08999633789062,224.74000549316406,224.84010314941406,33094,0.0,0.0,0.0
2022-11-28 11:30:00-05:00,225.07369995117188,225.61990356445312,224.47999572753906,225.50999450683594,171059,0.0,0.0,0.0
2022-11-28 12:30:00-05:00,225.38999938964844,225.67999267578125,224.4499969482422,224.57000732421875,53521,0.0,0.0,0.0
2022-11-28 13:30:00-05:00,224.5449981689453,224.5500030517578,222.97000122070312,223.08999633789062,54713,0.0,0.0,0.0
2022-11-28 14:30:00-05:00,223.10580444335938,223.47999572753906,222.1800994873047,222.2899932861328,71331,0.0,0.0,0.0
2022-11-28 15:30:00-05:00,222.27000427246094,222.85000610351562,222.13999938964844,222.64999389648438,134403,0.0,0.0,0.0
2022-11-29 09:30:00-05:00,222.63999938964844,224.64500427246094,222.63999938964844,224.64500427246094,46592,0.0,0.0,0.0
2022-11-29 10:30:00-05:00,224.5500030517578,224.63999938964844,222.6699981689453,222.80999755859375,33697,0.0,0.0,0.0
2022-11-29 11:30:00-05:00,222.72999572753906,223.6999969482422,222.72999572753906,223.49000549316406,24662,0.0,0.0,0.0
2022-11-29 12:30:00-05:00,223.77000427246094,224.11990356445312,222.85000610351562,223.0041961669922,29630,0.0,0.0,0.0
2022-11-29 13:30:00-05:00,222.9311981201172,223.96890258789062,222.9311981201172,223.2899932861328,69368,0.0,0.0,0.0
2022-11-29 14:30:00-05:00,223.22000122070312,223.3699951171875,222.75,223.05999755859375,74681,0.0,0.0,0.0
2022-11-29 15:30:00-05:00,223.08999633789062,223.32000732421875,222.6800994873047,222.86500549316406,52802,0.0,0.0,0.0
2022-11-30 09:30:00-05:00,223.6300048828125,224.4600067138672,222.10000610351562,222.3466033935547,47535,0.0,0.0,0.0
2022-11-30 10:30:00-05:00,222.8300018310547,223.0449981689453,222.05999755859375,222.7899932861328,27812,0.0,0.0,0.0
2022-11-30 11:30:00-05:00,222.7899932861328,223.0800018310547,221.13999938964844,221.47500610351562,20482,0.0,0.0,0.0
2022-11-30 12:30:00-05:00,221.6195068359375,222.41000366210938,221.22000122070312,222.27499389648438,15176,0.0,0.0,0.0
2022-11-30 13:30:00-05:00,221.91000366210938,228.3699951171875,221.8800048828125,227.9499969482422,127230,0.0,0.0,0.0
2022-11-30 14:30:00-05:00,227.9550018310547,228.0,226.97999572753906,227.97000122070312,81036,0.0,0.0,0.0
2022-11-30 15:30:00-05:00,228.0,229.75999450683594,227.92999267578125,229.75999450683594,138491,0.0,0.0,0.0
2022-12-01 09:30:00-05:00,230.69000244140625,231.89990234375,228.28500366210938,228.28500366210938,53065,0.0,0.0,0.0
2022-12-01 10:30:00-05:00,228.33999633789062,230.14999389648438,228.33999633789062,229.61500549316406,47756,0.0,0.0,0.0
2022-12-01 11:30:00-05:00,229.86000061035156,230.25999450683594,228.58160400390625,229.25999450683594,49426,0.0,0.0,0.0
2022-12-01 12:30:00-05:00,229.52000427246094,229.6999969482422,228.76100158691406,229.14999389648438,103711,0.0,0.0,0.0
2022-12-01 13:30:00-05:00,229.22000122070312,229.77999877929688,229.05999755859375,229.63600158691406,50345,0.0,0.0,0.0
2022-12-01 14:30:00-05:00,229.6300048828125,230.33999633789062,229.46180725097656,229.83999633789062,198068,0.0,0.0,0.0
2022-12-01 15:30:00-05:00,229.82000732421875,230.39999389648438,229.44000244140625,229.67999267578125,212814,0.0,0.0,0.0
2022-12-02 09:30:00-05:00,226.9499969482422,229.55679321289062,226.4600067138672,228.94000244140625,68290,0.0,0.0,0.0
2022-12-02 10:30:00-05:00,228.6699981689453,229.9199981689453,228.47000122070312,229.61000061035156,35683,0.0,0.0,0.0
2022-12-02 11:30:00-05:00,229.7100067138672,230.8300018310547,229.7100067138672,230.34829711914062,34051,0.0,0.0,0.0
2022-12-02 12:30:00-05:00,230.41000366210938,230.5399932861328,229.2899932861328,229.73500061035156,26074,0.0,0.0,0.0
2022-12-02 13:30:00-05:00,229.6699981689453,230.41990661621094,229.6699981689453,230.2136993408203,20246,0.0,0.0,0.0
2022-12-02 14:30:00-05:00,230.41000366210938,232.14329528808594,230.16000366210938,231.6699981689453,101899,0.0,0.0,0.0
2022-12-02 15:30:00-05:00,231.6217041015625,231.67999267578125,230.75,230.97000122070312,39803,0.0,0.0,0.0
2022-12-05 09:30:00-05:00,229.5,229.88999938964844,226.2100067138672,226.47999572753906,80972,0.0,0.0,0.0
2022-12-05 10:30:00-05:00,226.33999633789062,227.31239318847656,226.02000427246094,226.24000549316406,158493,0.0,0.0,0.0
2022-12-05 11:30:00-05:00,226.34060668945312,226.34060668945312,224.9199981689453,225.6750030517578,72544,0.0,0.0,0.0
2022-12-05 12:30:00-05:00,225.6186065673828,225.77499389648438,224.63999938964844,224.94000244140625,51690,0.0,0.0,0.0
2022-12-05 13:30:00-05:00,224.83999633789062,225.10000610351562,224.21499633789062,224.4600067138672,49469,0.0,0.0,0.0
2022-12-05 14:30:00-05:00,224.4250030517578,224.42999267578125,223.693603515625,223.8000030517578,131463,0.0,0.0,0.0
2022-12-05 15:30:00-05:00,223.76040649414062,224.6699981689453,223.72999572753906,224.64999389648438,67546,0.0,0.0,0.0
2022-12-06 09:30:00-05:00,224.52999877929688,224.57359313964844,221.89999389648438,222.5399932861328,51386,0.0,0.0,0.0
2022-12-06 10:30:00-05:00,222.0272979736328,222.25,221.36500549316406,221.64349365234375,28061,0.0,0.0,0.0
2022-12-06 11:30:00-05:00,221.63499450683594,221.9600067138672,220.49000549316406,221.0471954345703,65010,0.0,0.0,0.0
2022-12-06 12:30:00-05:00,221.06500244140625,221.10499572753906,219.55999755859375,219.57000732421875,0,0.0,0.0,0.0
2022-12-06 13:30:00-05:00,219.50999450683594,220.07000732421875,219.13999938964844,219.13999938964844,265592,0.0,0.0,0.0
2022-12-06 14:30:00-05:00,219.13999938964844,219.82000732421875,218.86000061035156,219.10000610351562,115523,0.0,0.0,0.0
2022-12-06 15:30:00-05:00,219.07000732421875,220.3800048828125,219.00999450683594,220.3800048828125,612320,0.0,0.0,0.0
2022-12-07 09:30:00-05:00,220.10000610351562,222.05999755859375,219.1800994873047,220.30999755859375,0,0.0,0.0,0.0
2022-12-07 10:30:00-05:00,220.16000366210938,221.8699951171875,220.02000427246094,220.1999969482422,46626,0.0,0.0,0.0
2022-12-07 11:30:00-05:00,220.07000732421875,220.9600067138672,220.07000732421875,220.20309448242188,23987,0.0,0.0,0.0
2022-12-07 12:30:00-05:00,220.3769989013672,221.07000732421875,220.14999389648438,220.91000366210938,26802,0.0,0.0,0.0
2022-12-07 13:30:00-05:00,220.8699951171875,220.8699951171875,219.5500030517578,220.05799865722656,111211,0.0,0.0,0.0
2022-12-07 14:30:00-05:00,219.9199981689453,220.53790283203125,219.57000732421875,220.07000732421875,99085,0.0,0.0,0.0
2022-12-07 15:30:00-05:00,220.0500030517578,220.1999969482422,219.72950744628906,219.8800048828125,249232,0.0,0.0,0.0
2022-12-08 09:30:00-05:00,220.9199981689453,223.82470703125,219.9600067138672,223.60000610351562,48794,0.0,0.0,0.0
2022-12-08 10:30:00-05:00,223.64999389648438,224.02999877929688,221.77999877929688,222.0760040283203,96516,0.0,0.0,0.0
2022-12-08 11:30:00-05:00,222.28500366210938,222.58999633789062,221.49000549316406,221.6199951171875,47507,0.0,0.0,0.0
2022-12-08 12:30:00-05:00,221.6699981689453,222.23500061035156,221.35020446777344,222.23500061035156,45649,0.0,0.0,0.0
2022-12-08 13:30:00-05:00,222.38999938964844,222.7678985595703,220.8350067138672,221.25,46458,0.0,0.0,0.0
2022-12-08 14:30:00-05:00,221.1199951171875,221.69349670410156,220.77999877929688,221.47000122070312,312078,0.0,0.0,0.0
2022-12-08 15:30:00-05:00,221.58999633789062,221.72999572753906,220.85000610351562,221.72999572753906,111291,0.0,0.0,0.0
2022-12-09 09:30:00-05:00,220.5,221.63999938964844,219.27000427246094,220.66000366210938,102492,0.0,0.0,0.0
2022-12-09 10:30:00-05:00,220.94000244140625,221.42999267578125,220.02000427246094,220.69500732421875,63171,0.0,0.0,0.0
2022-12-09 11:30:00-05:00,220.58999633789062,221.27000427246094,220.30999755859375,220.50999450683594,39065,0.0,0.0,0.0
2022-12-09 12:30:00-05:00,220.5399932861328,221.02499389648438,219.50999450683594,219.718505859375,43393,0.0,0.0,0.0
2022-12-09 13:30:00-05:00,219.98480224609375,220.05999755859375,219.19000244140625,219.77000427246094,96278,0.0,0.0,0.0
2022-12-09 14:30:00-05:00,219.6699981689453,219.99000549316406,219.5500030517578,219.55999755859375,156246,0.0,0.0,0.0
2022-12-09 15:30:00-05:00,219.52999877929688,219.62989807128906,218.44000244140625,218.50999450683594,101003,0.0,0.0,0.0
2022-12-12 09:30:00-05:00,219.05999755859375,220.39999389648438,218.02000427246094,220.38369750976562,80981,0.0,0.0,0.0
2022-12-12 10:30:00-05:00,220.22999572753906,221.47000122070312,220.2100067138672,221.2552032470703,78074,0.0,0.0,0.0
2022-12-12 11:30:00-05:00,221.08999633789062,221.4499969482422,220.7700958251953,221.081298828125,45595,0.0,0.0,0.0
2022-12-12 12:30:00-05:00,220.92999267578125,221.4073944091797,220.4600067138672,220.58999633789062,26146,0.0,0.0,0.0
2022-12-12 13:30:00-05:00,220.6999969482422,221.2899932861328,220.6999969482422,220.86000061035156,69216,0.0,0.0,0.0
2022-12-12 14:30:00-05:00,220.8300018310547,222.00999450683594,220.66000366210938,221.93499755859375,91229,0.0,0.0,0.0
2022-12-12 15:30:00-05:00,221.93499755859375,222.06480407714844,221.48179626464844,221.72000122070312,235621,0.0,0.0,0.0
2022-12-13 09:30:00-05:00,227.5399932861328,230.23599243164062,225.94000244140625,225.94000244140625,187916,0.0,0.0,0.0
2022-12-13 10:30:00-05:00,225.72000122070312,226.47999572753906,224.72000122070312,225.0,29144,0.0,0.0,0.0
2022-12-13 11:30:00-05:00,225.33999633789062,225.57000732421875,222.6199951171875,223.11500549316406,31439,0.0,0.0,0.0
2022-12-13 12:30:00-05:00,222.9499969482422,224.5399932861328,222.27000427246094,224.4600067138672,43467,0.0,0.0,0.0
2022-12-13 13:30:00-05:00,224.6833038330078,224.70680236816406,223.64999389648438,224.09500122070312,82220,0.0,0.0,0.0
2022-12-13 14:30:00-05:00,224.18389892578125,225.1699981689453,222.97999572753906,224.1199951171875,64430,0.0,0.0,0.0
2022-12-13 15:30:00-05:00,224.1204071044922,224.8300018310547,223.92999267578125,224.1699981689453,485501,0.0,0.0,0.0
2022-12-14 09:30:00-05:00,223.8300018310547,225.38999938964844,223.8300018310547,225.24000549316406,129626,0.0,0.0,0.0
2022-12-14 10:30:00-05:00,225.14999389648438,226.02000427246094,224.8000030517578,225.97999572753906,175041,0.0,0.0,0.0
2022-12-14 11:30:00-05:00,226.0500030517578,226.05999755859375,224.80999755859375,225.02999877929688,142190,0.0,0.0,0.0
2022-12-14 12:30:00-05:00,224.97999572753906,225.2100067138672,224.5500030517578,224.91000366210938,102933,0.0,0.0,0.0
2022-12-14 13:30:00-05:00,224.89999389648438,225.75,221.85000610351562,223.19000244140625,155789,0.0,0.0,0.0
2022-12-14 14:30:00-05:00,222.99000549316406,225.6999969482422,220.88999938964844,222.5644073486328,132638,0.0,0.0,0.0
2022-12-14 15:30:00-05:00,222.27000427246094,223.6300048828125,221.60369873046875,222.7100067138672,106515,0.0,0.0,0.0
2022-12-15 09:30:00-05:00,219.6999969482422,220.3800048828125,217.86000061035156,218.83799743652344,120474,0.0,0.0,0.0
2022-12-15 10:30:00-05:00,218.57000732421875,219.02000427246094,216.42999267578125,216.6999969482422,75289,0.0,0.0,0.0
2022-12-15 11:30:00-05:00,216.75,217.77999877929688,216.5,217.58999633789062,17454,0.0,0.0,0.0
2022-12-15 12:30:00-05:00,218.02000427246094,218.02000427246094,216.14999389648438,216.25999450683594,22639,0.0,0.0,0.0
2022-12-15 13:30:00-05:00,216.24000549316406,216.5800018310547,215.89999389648438,216.25,45074,0.0,0.0,0.0
2022-12-15 14:30:00-05:00,216.38499450683594,217.35000610351562,216.35000610351562,217.0800018310547,118725,0.0,0.0,0.0
2022-12-15 15:30:00-05:00,216.9600067138672,217.02999877929688,215.89549255371094,216.57000732421875,120926,0.0,0.0,0.0
2022-12-16 09:30:00-05:00,214.22000122070312,215.92990112304688,213.5800018310547,213.5800018310547,104411,0.0,0.0,0.0
2022-12-16 10:30:00-05:00,213.60000610351562,214.3302001953125,213.17999267578125,213.63499450683594,40679,0.0,0.0,0.0
2022-12-16 11:30:00-05:00,213.79559326171875,214.05270385742188,213.02999877929688,213.5800018310547,49250,0.0,0.0,0.0
2022-12-16 12:30:00-05:00,213.53610229492188,213.91920471191406,212.91000366210938,213.32000732421875,41038,0.0,0.0,0.0
2022-12-16 13:30:00-05:00,213.28660583496094,214.33999633789062,213.16000366210938,213.77000427246094,98364,0.0,0.0,0.0
2022-12-16 14:30:00-05:00,213.75,214.89999389648438,213.3699951171875,214.66000366210938,108802,0.0,0.0,0.0
2022-12-16 15:30:00-05:00,215.10000610351562,215.55999755859375,214.72000122070312,215.00999450683594,66377,0.0,0.0,0.0
2022-12-19 09:30:00-05:00,215.22999572753906,215.91000366210938,212.61000061035156,214.49769592285156,126541,0.0,0.0,0.0
2022-12-19 10:30:00-05:00,214.27239990234375,214.5299072265625,212.88999938964844,213.26010131835938,148665,0.0,0.0,0.0
2022-12-19 11:30:00-05:00,213.39999389648438,213.39999389648438,212.22999572753906,212.33999633789062,84447,0.0,0.0,0.0
2022-12-19 12:30:00-05:00,212.38999938964844,212.74000549316406,212.1300048828125,212.38999938964844,79788,0.0,0.0,0.0
2022-12-19 13:30:00-05:00,212.45989990234375,212.45989990234375,211.1999969482422,211.48680114746094,61051,0.0,0.0,0.0
2022-12-19 14:30:00-05:00,211.50999450683594,211.97019958496094,210.9199981689453,211.22999572753906,172863,0.0,0.0,0.0
2022-12-19 15:30:00-05:00,211.21200561523438,211.85989379882812,210.94000244140625,211.5,114921,0.0,0.0,0.0
2022-12-20 09:30:00-05:00,210.58999633789062,213.77000427246094,210.52999877929688,213.5500030517578,86215,0.0,0.0,0.0
2022-12-20 10:30:00-05:00,213.61000061035156,214.4199981689453,212.52999877929688,212.91000366210938,66498,0.0,0.0,0.0
2022-12-20 11:30:00-05:00,212.8300018310547,213.9250030517578,212.8000030517578,213.42999267578125,25272,0.0,0.0,0.0
2022-12-20 12:30:00-05:00,213.3249969482422,213.8000030517578,212.9700927734375,213.57000732421875,51775,0.0,0.0,0.0
2022-12-20 13:30:00-05:00,213.61000061035156,214.24000549316406,213.5850067138672,213.6999969482422,56993,0.0,0.0,0.0
2022-12-20 14:30:00-05:00,213.73500061035156,213.77000427246094,213.0399932861328,213.3800048828125,93158,0.0,0.0,0.0
2022-12-20 15:30:00-05:00,213.38499450683594,213.75999450683594,213.00999450683594,213.00999450683594,103268,0.0,0.0,0.0
2022-12-21 09:30:00-05:00,215.0800018310547,216.1199951171875,214.27000427246094,215.9600067138672,108389,0.0,0.0,0.0
2022-12-21 10:30:00-05:00,216.0865020751953,217.77000427246094,216.0865020751953,217.77000427246094,37234,0.0,0.0,0.0
2022-12-21 11:30:00-05:00,217.6699981689453,217.9199981689453,216.9499969482422,217.00990295410156,63639,0.0,0.0,0.0
2022-12-21 12:30:00-05:00,217.1605987548828,217.46499633789062,216.9949951171875,217.08999633789062,35393,0.0,0.0,0.0
2022-12-21 13:30:00-05:00,217.05499267578125,217.85000610351562,217.02499389648438,217.27499389648438,67195,0.0,0.0,0.0
2022-12-21 14:30:00-05:00,217.22999572753906,217.5500030517578,216.27999877929688,216.2899932861328,135293,0.0,0.0,0.0
2022-12-21 15:30:00-05:00,216.27000427246094,216.99000549316406,216.25,216.8800048828125,199036,0.0,0.0,0.0
2022-12-22 09:30:00-05:00,214.94000244140625,215.1199951171875,212.2523956298828,212.63699340820312,88928,0.0,0.0,0.0
2022-12-22 10:30:00-05:00,211.9846954345703,213.0,211.9846954345703,212.6125030517578,53947,0.0,0.0,0.0
2022-12-22 11:30:00-05:00,212.61000061035156,212.61990356445312,211.11000061035156,211.11000061035156,58586,0.0,0.0,0.0
2022-12-22 12:30:00-05:00,211.11000061035156,211.24569702148438,210.19500732421875,210.7104034423828,88390,0.0,0.0,0.0
2022-12-22 13:30:00-05:00,210.52650451660156,211.77999877929688,210.35000610351562,211.77999877929688,55528,0.0,0.0,0.0
2022-12-22 14:30:00-05:00,211.72999572753906,213.5800018310547,211.5,213.47000122070312,69162,0.0,0.0,0.0
2022-12-22 15:30:00-05:00,213.47000122070312,213.8800048828125,212.99000549316406,213.74000549316406,80149,0.0,0.0,0.0
2022-12-23 09:30:00-05:00,213.4600067138672,214.65499877929688,211.77999877929688,213.47999572753906,53521,0.0,0.0,0.0
2022-12-23 10:30:00-05:00,213.6448974609375,214.44500732421875,212.8018035888672,213.25999450683594,55356,0.0,0.0,0.0
2022-12-23 11:30:00-05:00,213.4600067138672,213.97000122070312,213.18780517578125,213.7050018310547,28503,0.0,0.0,0.0
2022-12-23 12:30:00-05:00,213.68499755859375,213.9593963623047,213.10000610351562,213.3365020751953,30693,0.0,0.0,0.0
2022-12-23 13:30:00-05:00,213.4600067138672,213.6790008544922,212.9199981689453,213.52000427246094,34794,0.0,0.0,0.0
2022-12-23 14:30:00-05:00,213.5050048828125,214.3300018310547,213.44740295410156,213.7899932861328,43339,0.0,0.0,0.0
2022-12-23 15:30:00-05:00,213.82000732421875,214.35989379882812,213.57000732421875,214.13999938964844,44239,0.0,0.0,0.0
2022-12-27 09:30:00-05:00,214.3699951171875,214.3699951171875,211.60000610351562,213.7100067138672,133301,0.0,0.0,0.0
2022-12-27 10:30:00-05:00,213.99000549316406,214.33999633789062,213.08999633789062,213.5634002685547,81941,0.0,0.0,0.0
2022-12-27 11:30:00-05:00,213.5,213.8800048828125,213.16839599609375,213.1699981689453,43406,0.0,0.0,0.0
2022-12-27 12:30:00-05:00,213.27000427246094,213.44500732421875,212.72999572753906,212.8699951171875,40208,0.0,0.0,0.0
2022-12-27 13:30:00-05:00,212.83900451660156,212.84249877929688,211.8800048828125,211.9600067138672,61232,0.0,0.0,0.0
2022-12-27 14:30:00-05:00,211.9541015625,212.40499877929688,211.68499755859375,212.3000030517578,108809,0.0,0.0,0.0
2022-12-27 15:30:00-05:00,212.3800048828125,212.52000427246094,212.11000061035156,212.30999755859375,88501,0.0,0.0,0.0
2022-12-28 09:30:00-05:00,212.1199951171875,213.52000427246094,210.9499969482422,210.9499969482422,0,0.0,0.0,0.0
2022-12-28 10:30:00-05:00,210.7666015625,211.13999938964844,209.64010620117188,210.32000732421875,110992,0.0,0.0,0.0
2022-12-28 11:30:00-05:00,210.3300018310547,210.3300018310547,209.19000244140625,209.47999572753906,52815,0.0,0.0,0.0
2022-12-28 12:30:00-05:00,209.4550018310547,211.4199981689453,209.4550018310547,210.4499969482422,46901,0.0,0.0,0.0
2022-12-28 13:30:00-05:00,210.37950134277344,210.45509338378906,209.5800018310547,209.6811065673828,80879,0.0,0.0,0.0
2022-12-28 14:30:00-05:00,209.6049041748047,210.19500732421875,208.72000122070312,209.06570434570312,0,0.0,0.0,0.0
2022-12-28 15:30:00-05:00,209.1300048828125,209.4600067138672,208.97999572753906,209.14500427246094,555481,0.0,0.0,0.0
2022-12-29 09:30:00-05:00,210.83999633789062,214.0863037109375,210.39999389648438,213.60000610351562,92738,0.0,0.0,0.0
2022-12-29 10:30:00-05:00,213.69000244140625,214.47999572753906,213.67999267578125,214.30709838867188,41798,0.0,0.0,0.0
2022-12-29 11:30:00-05:00,214.40499877929688,215.55999755859375,214.40499877929688,215.0399932861328,54271,0.0,0.0,0.0
2022-12-29 12:30:00-05:00,215.05999755859375,215.44000244140625,214.89999389648438,215.0800018310547,36758,0.0,0.0,0.0
2022-12-29 13:30:00-05:00,215.0399932861328,215.43260192871094,214.80999755859375,214.94500732421875,64245,0.0,0.0,0.0
2022-12-29 14:30:00-05:00,214.91990661621094,215.09500122070312,214.4049072265625,214.5045928955078,73099,0.0,0.0,0.0
2022-12-29 15:30:00-05:00,214.5399932861328,215.27000427246094,214.52000427246094,214.9499969482422,360884,0.0,0.0,0.0
2022-12-30 09:30:00-05:00,212.8300018310547,214.02000427246094,211.9499969482422,213.83999633789062,56205,0.0,0.0,0.0
2022-12-30 10:30:00-05:00,213.8699951171875,214.17999267578125,213.28829956054688,213.44140625,68695,0.0,0.0,0.0
2022-12-30 11:30:00-05:00,213.17999267578125,213.89999389648438,213.17999267578125,213.53500366210938,61641,0.0,0.0,0.0
2022-12-30 12:30:00-05:00,213.59500122070312,213.93499755859375,212.4199981689453,212.8489990234375,32686,0.0,0.0,0.0
2022-12-30 13:30:00-05:00,213.0,213.3699951171875,212.5800018310547,212.8699951171875,78146,0.0,0.0,0.0
2022-12-30 14:30:00-05:00,213.02879333496094,213.86000061035156,212.44000244140625,213.55999755859375,35836,0.0,0.0,0.0
2022-12-30 15:30:00-05:00,213.48500061035156,214.82000732421875,213.4600067138672,214.3800048828125,70342,0.0,0.0,0.0
2023-01-03 09:30:00-05:00,216.2100067138672,218.02999877929688,213.27999877929688,213.83999633789062,108934,0.0,0.0,0.0
2023-01-03 10:30:00-05:00,213.86000061035156,215.09140014648438,212.97000122070312,213.06900024414062,84568,0.0,0.0,0.0
2023-01-03 11:30:00-05:00,213.18499755859375,213.18499755859375,211.7010040283203,212.25,76688,0.0,0.0,0.0
2023-01-03 12:30:00-05:00,212.47689819335938,213.0800018310547,211.56520080566406,212.6999969482422,31327,0.0,0.0,0.0
2023-01-03 13:30:00-05:00,212.91000366210938,212.92999267578125,211.0850067138672,211.24000549316406,59161,0.0,0.0,0.0
2023-01-03 14:30:00-05:00,211.1699981689453,212.88999938964844,210.83200073242188,212.19000244140625,91019,0.0,0.0,0.0
2023-01-03 15:30:00-05:00,212.39999389648438,213.1199951171875,212.1699981689453,212.69000244140625,64215,0.0,0.0,0.0
2023-01-04 09:30:00-05:00,214.14999389648438,216.2100067138672,213.64999389648438,213.94000244140625,66588,0.0,0.0,0.0
2023-01-04 10:30:00-05:00,214.19000244140625,215.66000366210938,214.0,215.22000122070312,38222,0.0,0.0,0.0
2023-01-04 11:30:00-05:00,215.2899932861328,216.33999633789062,215.2899932861328,215.6999969482422,44064,0.0,0.0,0.0
2023-01-04 12:30:00-05:00,215.87530517578125,216.52000427246094,215.2899932861328,216.00999450683594,33002,0.0,0.0,0.0
2023-01-04 13:30:00-05:00,216.14500427246094,216.42999267578125,213.9199981689453,214.0449981689453,25762,0.0,0.0,0.0
2023-01-04 14:30:00-05:00,214.07000732421875,215.9600067138672,214.07000732421875,215.27999877929688,54553,0.0,0.0,0.0
2023-01-04 15:30:00-05:00,215.06500244140625,215.2899932861328,214.0399932861328,215.25,61766,0.0,0.0,0.0
2023-01-05 09:30:00-05:00,213.52000427246094,214.25,210.9001007080078,213.16000366210938,0,0.0,0.0,0.0
2023-01-05 10:30:00-05:00,213.36000061035156,213.75999450683594,212.1699981689453,212.33999633789062,35070,0.0,0.0,0.0
2023-01-05 11:30:00-05:00,212.34210205078125,212.94749450683594,212.22000122070312,212.63800048828125,54828,0.0,0.0,0.0
2023-01-05 12:30:00-05:00,212.80999755859375,213.6999969482422,212.1800994873047,213.6999969482422,30522,0.0,0.0,0.0
2023-01-05 13:30:00-05:00,213.50999450683594,213.80999755859375,212.89500427246094,212.89500427246094,77702,0.0,0.0,0.0
2023-01-05 14:30:00-05:00,213.04229736328125,213.9199981689453,212.41009521484375,212.61000061035156,51570,0.0,0.0,0.0
2023-01-05 15:30:00-05:00,212.47000122070312,212.9600067138672,212.3800048828125,212.4600067138672,28656,0.0,0.0,0.0
2023-01-06 09:30:00-05:00,214.74000549316406,215.52999877929688,212.18980407714844,215.0,135899,0.0,0.0,0.0
2023-01-06 10:30:00-05:00,215.3946990966797,217.25999450683594,215.00999450683594,216.92999267578125,85630,0.0,0.0,0.0
2023-01-06 11:30:00-05:00,216.94000244140625,217.85000610351562,216.72999572753906,216.75,67525,0.0,0.0,0.0
2023-01-06 12:30:00-05:00,216.77999877929688,217.02000427246094,216.41000366210938,217.02000427246094,31427,0.0,0.0,0.0
2023-01-06 13:30:00-05:00,217.0800018310547,217.72999572753906,216.9499969482422,217.21499633789062,41483,0.0,0.0,0.0
2023-01-06 14:30:00-05:00,217.35000610351562,218.00999450683594,217.27000427246094,217.36129760742188,35284,0.0,0.0,0.0
2023-01-06 15:30:00-05:00,217.3800048828125,217.6999969482422,217.16000366210938,217.47999572753906,76338,0.0,0.0,0.0
2023-01-09 09:30:00-05:00,219.30999755859375,220.52000427246094,218.3800048828125,220.3000030517578,45114,0.0,0.0,0.0
2023-01-09 10:30:00-05:00,220.22000122070312,221.42999267578125,220.16000366210938,221.32000732421875,60656,0.0,0.0,0.0
2023-01-09 11:30:00-05:00,221.2449951171875,221.3800048828125,220.77999877929688,221.14840698242188,131250,0.0,0.0,0.0
2023-01-09 12:30:00-05:00,221.18299865722656,221.19500732421875,220.44009399414062,220.65499877929688,145638,0.0,0.0,0.0
2023-01-09 13:30:00-05:00,220.72760009765625,220.77000427246094,219.44000244140625,220.14999389648438,53742,0.0,0.0,0.0
2023-01-09 14:30:00-05:00,219.99000549316406,220.1199951171875,218.7104949951172,218.9600067138672,62858,0.0,0.0,0.0
2023-01-09 15:30:00-05:00,218.95010375976562,218.97000122070312,218.32000732421875,218.66000366210938,51993,0.0,0.0,0.0
2023-01-10 09:30:00-05:00,218.08999633789062,220.14999389648438,218.08999633789062,219.13290405273438,52780,0.0,0.0,0.0
2023-01-10 10:30:00-05:00,218.97000122070312,219.99000549316406,218.0,219.71409606933594,25229,0.0,0.0,0.0
2023-01-10 11:30:00-05:00,219.65499877929688,220.25,219.51499938964844,220.1999969482422,18109,0.0,0.0,0.0
2023-01-10 12:30:00-05:00,220.49000549316406,221.0449981689453,220.49000549316406,220.83999633789062,42725,0.0,0.0,0.0
2023-01-10 13:30:00-05:00,220.97999572753906,221.89999389648438,220.89999389648438,221.8800048828125,31588,0.0,0.0,0.0
2023-01-10 14:30:00-05:00,221.86000061035156,221.9600067138672,221.1300048828125,221.29949951171875,49394,0.0,0.0,0.0
2023-01-10 15:30:00-05:00,221.35000610351562,222.27999877929688,221.3206024169922,222.16000366210938,55718,0.0,0.0,0.0
2023-01-11 09:30:00-05:00,222.82000732421875,224.1999969482422,222.27000427246094,224.19000244140625,41284,0.0,0.0,0.0
2023-01-11 10:30:00-05:00,224.0,224.0,222.78750610351562,223.5399932861328,28718,0.0,0.0,0.0
2023-01-11 11:30:00-05:00,223.8699951171875,224.11000061035156,223.67999267578125,223.91000366210938,47068,0.0,0.0,0.0
2023-01-11 12:30:00-05:00,223.8699951171875,224.24000549316406,223.5312957763672,223.97000122070312,25566,0.0,0.0,0.0
2023-01-11 13:30:00-05:00,223.93569946289062,224.11000061035156,223.64999389648438,223.82000732421875,28104,0.0,0.0,0.0
2023-01-11 14:30:00-05:00,223.8300018310547,224.4149932861328,223.7899932861328,224.13999938964844,41708,0.0,0.0,0.0
2023-01-11 15:30:00-05:00,224.05999755859375,224.91000366210938,224.00999450683594,224.91000366210938,106738,0.0,0.0,0.0
2023-01-12 09:30:00-05:00,225.6199951171875,226.42999267578125,223.02999877929688,225.8800048828125,79195,0.0,0.0,0.0
2023-01-12 10:30:00-05:00,225.69000244140625,226.58999633789062,224.72999572753906,225.88999938964844,48502,0.0,0.0,0.0
2023-01-12 11:30:00-05:00,225.9499969482422,227.59500122070312,225.6699981689453,227.5500030517578,29670,0.0,0.0,0.0
2023-01-12 12:30:00-05:00,227.52499389648438,228.47000122070312,226.85000610351562,226.97999572753906,40560,0.0,0.0,0.0
2023-01-12 13:30:00-05:00,226.99000549316406,228.28939819335938,226.4001007080078,228.02000427246094,90430,0.0,0.0,0.0
2023-01-12 14:30:00-05:00,227.860107421875,228.47500610351562,227.8074951171875,228.22000122070312,68229,0.0,0.0,0.0
2023-01-12 15:30:00-05:00,228.1790008544922,228.8699951171875,227.8665008544922,228.74000549316406,119432,0.0,0.0,0.0
2023-01-13 09:30:00-05:00,227.0,229.4398956298828,226.9499969482422,229.36680603027344,57286,0.0,0.0,0.0
2023-01-13 10:30:00-05:00,229.50999450683594,229.85000610351562,228.94000244140625,229.4149932861328,50001,0.0,0.0,0.0
2023-01-13 11:30:00-05:00,229.10000610351562,229.89999389648438,228.9149932861328,229.89999389648438,36331,0.0,0.0,0.0
2023-01-13 12:30:00-05:00,229.6699981689453,230.0800018310547,229.38999938964844,229.72999572753906,78465,0.0,0.0,0.0
2023-01-13 13:30:00-05:00,229.72000122070312,230.57000732421875,229.69000244140625,229.8800048828125,83460,0.0,0.0,0.0
2023-01-13 14:30:00-05:00,229.91000366210938,230.2899932861328,229.5684051513672,230.27000427246094,153912,0.0,0.0,0.0
2023-01-13 15:30:00-05:00,230.35609436035156,230.8800048828125,230.2899932861328,230.6699981689453,94333,0.0,0.0,0.0
2023-01-17 09:30:00-05:00,230.16000366210938,231.64999389648438,229.6699981689453,230.96499633789062,51932,0.0,0.0,0.0
2023-01-17 10:30:00-05:00,231.1295928955078,231.1295928955078,229.75999450683594,230.1199951171875,112155,0.0,0.0,0.0
2023-01-17 11:30:00-05:00,230.1999969482422,230.5399932861328,229.8300018310547,230.02549743652344,39429,0.0,0.0,0.0
2023-01-17 12:30:00-05:00,229.96859741210938,230.52999877929688,229.96859741210938,230.32000732421875,155728,0.0,0.0,0.0
2023-01-17 13:30:00-05:00,230.36000061035156,230.58999633789062,229.8300018310547,230.0800018310547,90041,0.0,0.0,0.0
2023-01-17 14:30:00-05:00,230.10000610351562,230.6300048828125,230.0500030517578,230.4600067138672,106775,0.0,0.0,0.0
2023-01-17 15:30:00-05:00,230.47000122070312,230.6699981689453,230.22999572753906,230.52999877929688,81347,0.0,0.0,0.0
2023-01-18 09:30:00-05:00,231.44000244140625,233.9199981689453,231.44000244140625,233.83999633789062,93224,0.0,0.0,0.0
2023-01-18 10:30:00-05:00,233.57000732421875,233.60000610351562,229.7899932861328,230.25,51078,0.0,0.0,0.0
2023-01-18 11:30:00-05:00,230.24000549316406,230.25999450683594,228.5800018310547,228.6999969482422,66150,0.0,0.0,0.0
2023-01-18 12:30:00-05:00,228.66909790039062,228.85000610351562,227.67010498046875,228.5800018310547,68871,0.0,0.0,0.0
2023-01-18 13:30:00-05:00,228.88499450683594,229.64999389648438,228.24000549316406,228.64500427246094,124151,0.0,0.0,0.0
2023-01-18 14:30:00-05:00,228.64999389648438,228.7799072265625,227.8000030517578,227.97000122070312,143803,0.0,0.0,0.0
2023-01-18 15:30:00-05:00,227.91000366210938,227.91000366210938,227.16000366210938,227.19000244140625,136045,0.0,0.0,0.0
2023-01-19 09:30:00-05:00,225.32000732421875,226.52499389648438,223.8000030517578,224.2165985107422,42482,0.0,0.0,0.0
2023-01-19 10:30:00-05:00,224.16000366210938,224.35000610351562,223.2115020751953,223.49000549316406,44323,0.0,0.0,0.0
2023-01-19 11:30:00-05:00,223.47999572753906,224.8000030517578,223.1699981689453,224.19000244140625,55441,0.0,0.0,0.0
2023-01-19 12:30:00-05:00,224.2100067138672,224.83999633789062,223.8699951171875,224.3699951171875,52473,0.0,0.0,0.0
2023-01-19 13:30:00-05:00,224.5500030517578,225.86000061035156,224.5500030517578,225.7949981689453,46542,0.0,0.0,0.0
2023-01-19 14:30:00-05:00,225.47000122070312,225.8668975830078,224.9499969482422,225.1999969482422,106842,0.0,0.0,0.0
2023-01-19 15:30:00-05:00,225.1096954345703,225.1649932861328,224.3800048828125,224.41000366210938,348694,0.0,0.0,0.0
2023-01-20 09:30:00-05:00,225.1999969482422,226.47000122070312,223.5325927734375,226.27999877929688,109730,0.0,0.0,0.0
2023-01-20 10:30:00-05:00,226.35000610351562,226.61000061035156,225.35000610351562,226.55999755859375,24817,0.0,0.0,0.0
2023-01-20 11:30:00-05:00,226.61000061035156,226.6699981689453,225.92999267578125,226.66000366210938,26073,0.0,0.0,0.0
2023-01-20 12:30:00-05:00,226.5800018310547,226.5800018310547,225.42999267578125,225.63999938964844,96191,0.0,0.0,0.0
2023-01-20 13:30:00-05:00,225.60499572753906,227.1999969482422,225.60499572753906,227.1331024169922,82104,0.0,0.0,0.0
2023-01-20 14:30:00-05:00,227.1929931640625,228.1699981689453,227.02000427246094,227.8800048828125,113028,0.0,0.0,0.0
2023-01-20 15:30:00-05:00,227.88999938964844,228.3800048828125,227.66000366210938,228.24000549316406,86697,0.0,0.0,0.0
2023-01-23 09:30:00-05:00,228.77999877929688,230.58999633789062,228.0399932861328,230.3800048828125,32537,0.0,0.0,0.0
2023-01-23 10:30:00-05:00,230.39999389648438,231.52999877929688,230.2899932861328,230.8800048828125,58968,0.0,0.0,0.0
2023-01-23 11:30:00-05:00,230.85000610351562,231.5500030517578,230.7899932861328,231.529296875,55087,0.0,0.0,0.0
2023-01-23 12:30:00-05:00,231.47000122070312,232.49000549316406,231.39999389648438,232.30999755859375,123597,0.0,0.0,0.0
2023-01-23 13:30:00-05:00,232.25999450683594,232.58999633789062,231.5,231.6199951171875,44614,0.0,0.0,0.0
2023-01-23 14:30:00-05:00,231.6199951171875,231.7449951171875,230.17999267578125,231.2899932861328,170606,0.0,0.0,0.0
2023-01-23 15:30:00-05:00,231.2949981689453,232.05999755859375,231.07009887695312,231.91000366210938,135206,0.0,0.0,0.0
2023-01-24 09:30:00-05:00,230.6199951171875,231.8800048828125,230.07000732421875,231.16000366210938,67459,0.0,0.0,0.0
2023-01-24 10:30:00-05:00,231.27999877929688,232.19000244140625,231.0,232.17039489746094,51200,0.0,0.0,0.0
2023-01-24 11:30:00-05:00,232.14999389648438,232.27000427246094,231.3800048828125,232.1699981689453,35607,0.0,0.0,0.0
2023-01-24 12:30:00-05:00,232.19000244140625,232.21640014648438,231.52999877929688,231.8874969482422,37874,0.0,0.0,0.0
2023-01-24 13:30:00-05:00,231.8699951171875,232.27999877929688,231.43499755859375,231.4499969482422,41292,0.0,0.0,0.0
2023-01-24 14:30:00-05:00,231.52000427246094,231.9199981689453,231.45579528808594,231.69000244140625,34569,0.0,0.0,0.0
2023-01-24 15:30:00-05:00,231.44000244140625,231.44000244140625,230.80999755859375,231.08999633789062,44472,0.0,0.0,0.0
2023-01-25 09:30:00-05:00,228.52000427246094,228.6165008544922,226.74000549316406,227.4739990234375,24922,0.0,0.0,0.0
2023-01-25 10:30:00-05:00,227.97999572753906,229.27499389648438,227.3000030517578,229.1199951171875,23092,0.0,0.0,0.0
2023-01-25 11:30:00-05:00,229.05999755859375,229.69000244140625,228.77999877929688,228.8699951171875,21598,0.0,0.0,0.0
2023-01-25 12:30:00-05:00,228.92999267578125,230.4199981689453,228.92999267578125,230.4199981689453,18323,0.0,0.0,0.0
2023-01-25 13:30:00-05:00,230.2899932861328,231.02999877929688,229.9199981689453,230.5399932861328,30545,0.0,0.0,0.0
2023-01-25 14:30:00-05:00,230.53500366210938,231.4199981689453,230.47000122070312,231.0800018310547,21144,0.0,0.0,0.0
2023-01-25 15:30:00-05:00,231.3000030517578,231.55999755859375,230.90499877929688,231.49000549316406,55588,0.0,0.0,0.0
2023-01-26 09:30:00-05:00,233.22999572753906,234.52000427246094,231.07000732421875,232.02999877929688,37588,0.0,0.0,0.0
2023-01-26 10:30:00-05:00,231.86720275878906,232.2386932373047,230.3800048828125,231.0500030517578,18713,0.0,0.0,0.0
2023-01-26 11:30:00-05:00,231.22900390625,231.92999267578125,230.6475067138672,231.625,21015,0.0,0.0,0.0
2023-01-26 12:30:00-05:00,231.60000610351562,231.8699951171875,231.14999389648438,231.56500244140625,21505,0.0,0.0,0.0
2023-01-26 13:30:00-05:00,231.5543975830078,232.4600067138672,231.5543975830078,232.0399932861328,28430,0.0,0.0,0.0
2023-01-26 14:30:00-05:00,232.05999755859375,232.44500732421875,231.8699951171875,232.25999450683594,31285,0.0,0.0,0.0
2023-01-26 15:30:00-05:00,232.22000122070312,233.22000122070312,232.0886993408203,233.0749969482422,59494,0.0,0.0,0.0
2023-01-27 09:30:00-05:00,232.0399932861328,234.47459411621094,232.0399932861328,233.35000610351562,54801,0.0,0.0,0.0
2023-01-27 10:30:00-05:00,233.39999389648438,233.52999877929688,231.90609741210938,232.6999969482422,34902,0.0,0.0,0.0
2023-01-27 11:30:00-05:00,232.77499389648438,233.835205078125,232.74000549316406,233.6999969482422,26011,0.0,0.0,0.0
2023-01-27 12:30:00-05:00,233.64500427246094,234.22000122070312,233.64500427246094,234.08999633789062,36364,0.0,0.0,0.0
2023-01-27 13:30:00-05:00,234.22000122070312,234.78500366210938,234.16000366210938,234.50999450683594,69199,0.0,0.0,0.0
2023-01-27 14:30:00-05:00,234.5500030517578,235.1199951171875,234.3560028076172,235.00999450683594,50114,0.0,0.0,0.0
2023-01-27 15:30:00-05:00,235.0500030517578,235.0800018310547,233.9600067138672,234.1699981689453,76695,0.0,0.0,0.0
2023-01-30 09:30:00-05:00,231.80999755859375,234.0800018310547,231.41830444335938,232.82000732421875,100663,0.0,0.0,0.0
2023-01-30 10:30:00-05:00,232.86000061035156,232.86000061035156,231.16000366210938,232.4499969482422,249558,0.0,0.0,0.0
2023-01-30 11:30:00-05:00,232.52000427246094,232.69000244140625,231.47500610351562,232.4499969482422,53385,0.0,0.0,0.0
2023-01-30 12:30:00-05:00,232.44000244140625,232.6699981689453,231.69000244140625,232.32000732421875,93085,0.0,0.0,0.0
2023-01-30 13:30:00-05:00,231.91000366210938,232.1490020751953,231.25,231.35000610351562,51450,0.0,0.0,0.0
2023-01-30 14:30:00-05:00,231.36000061035156,231.58999633789062,230.5800018310547,230.60000610351562,160383,0.0,0.0,0.0
2023-01-30 15:30:00-05:00,230.55999755859375,231.25,230.3000030517578,230.47000122070312,164443,0.0,0.0,0.0
2023-01-31 09:30:00-05:00,231.39999389648438,233.10830688476562,231.22000122070312,233.10830688476562,50214,0.0,0.0,0.0
2023-01-31 10:30:00-05:00,233.47999572753906,234.52499389648438,233.1699981689453,234.4199981689453,43004,0.0,0.0,0.0
2023-01-31 11:30:00-05:00,234.42999267578125,234.92999267578125,234.25999450683594,234.55870056152344,23275,0.0,0.0,0.0
2023-01-31 12:30:00-05:00,234.49000549316406,234.8300018310547,234.2899932861328,234.58999633789062,42978,0.0,0.0,0.0
2023-01-31 13:30:00-05:00,234.63999938964844,235.11000061035156,234.36000061035156,234.96499633789062,59319,0.0,0.0,0.0
2023-01-31 14:30:00-05:00,235.19000244140625,235.2899932861328,234.42999267578125,234.5800018310547,61232,0.0,0.0,0.0
2023-01-31 15:30:00-05:00,234.6699981689453,235.97000122070312,234.6699981689453,235.92999267578125,67353,0.0,0.0,0.0
2023-02-01 09:30:00-05:00,235.8800048828125,237.0800018310547,235.44720458984375,236.58999633789062,46597,0.0,0.0,0.0
2023-02-01 10:30:00-05:00,236.6999969482422,236.7100067138672,234.8699951171875,235.6199951171875,14083,0.0,0.0,0.0
2023-02-01 11:30:00-05:00,235.59500122070312,235.72000122070312,234.52000427246094,234.91000366210938,26652,0.0,0.0,0.0
2023-02-01 12:30:00-05:00,234.9600067138672,235.35000610351562,234.75999450683594,235.25999450683594,22310,0.0,0.0,0.0
2023-02-01 13:30:00-05:00,235.55340576171875,236.17990112304688,234.75,236.07000732421875,29773,0.0,0.0,0.0
2023-02-01 14:30:00-05:00,235.57000732421875,240.78480529785156,234.3300018310547,240.75999450683594,79008,0.0,0.0,0.0
2023-02-01 15:30:00-05:00,240.8300018310547,242.27999877929688,239.52000427246094,240.2100067138672,143087,0.0,0.0,0.0
2023-02-02 09:30:00-05:00,242.38999938964844,244.42379760742188,241.9199981689453,243.439697265625,83339,0.0,0.0,0.0
2023-02-02 10:30:00-05:00,243.58999633789062,245.5,243.49000549316406,245.07000732421875,63844,0.0,0.0,0.0
2023-02-02 11:30:00-05:00,245.08999633789062,245.2899932861328,244.58999633789062,244.8300018310547,35949,0.0,0.0,0.0
2023-02-02 12:30:00-05:00,244.8000030517578,245.35000610351562,244.77000427246094,245.25,21690,0.0,0.0,0.0
2023-02-02 13:30:00-05:00,245.43499755859375,246.3903045654297,244.0399932861328,244.0500030517578,51841,0.0,0.0,0.0
2023-02-02 14:30:00-05:00,244.1300048828125,244.1300048828125,242.5323028564453,243.64999389648438,149333,0.0,0.0,0.0
2023-02-02 15:30:00-05:00,243.77000427246094,245.10000610351562,243.4499969482422,245.02000427246094,95770,0.0,0.0,0.0
2023-02-03 09:30:00-05:00,241.4600067138672,244.89999389648438,241.3000030517578,244.57000732421875,74331,0.0,0.0,0.0
2023-02-03 10:30:00-05:00,244.8000030517578,246.08999633789062,244.51429748535156,245.39999389648438,30649,0.0,0.0,0.0
2023-02-03 11:30:00-05:00,245.55999755859375,245.8300018310547,244.3699951171875,245.4199981689453,42620,0.0,0.0,0.0
2023-02-03 12:30:00-05:00,245.4499969482422,245.72999572753906,243.0301055908203,243.17999267578125,30948,0.0,0.0,0.0
2023-02-03 13:30:00-05:00,242.94000244140625,243.4199981689453,242.3300018310547,242.72000122070312,47668,0.0,0.0,0.0
2023-02-03 14:30:00-05:00,242.77000427246094,243.24000549316406,241.7949981689453,242.9550018310547,36171,0.0,0.0,0.0
2023-02-03 15:30:00-05:00,243.11000061035156,243.24000549316406,242.17999267578125,242.61000061035156,64268,0.0,0.0,0.0
2023-02-06 09:30:00-05:00,240.5,241.6999969482422,239.27999877929688,239.49000549316406,51164,0.0,0.0,0.0
2023-02-06 10:30:00-05:00,239.27000427246094,240.72999572753906,238.86000061035156,240.61000061035156,81095,0.0,0.0,0.0
2023-02-06 11:30:00-05:00,240.69000244140625,240.7100067138672,239.5,239.63999938964844,18559,0.0,0.0,0.0
2023-02-06 12:30:00-05:00,239.97000122070312,240.17990112304688,238.99000549316406,239.3699951171875,20196,0.0,0.0,0.0
2023-02-06 13:30:00-05:00,239.1999969482422,239.91920471191406,239.0,239.32000732421875,21522,0.0,0.0,0.0
2023-02-06 14:30:00-05:00,239.30960083007812,239.36000061035156,238.25999450683594,238.55999755859375,33897,0.0,0.0,0.0
2023-02-06 15:30:00-05:00,238.4499969482422,239.3300018310547,238.14999389648438,239.1300048828125,45902,0.0,0.0,0.0
2023-02-07 09:30:00-05:00,238.24000549316406,238.24000549316406,236.27000427246094,236.32000732421875,0,0.0,0.0,0.0
2023-02-07 10:30:00-05:00,236.58999633789062,237.52000427246094,236.52000427246094,236.97999572753906,22629,0.0,0.0,0.0
2023-02-07 11:30:00-05:00,237.42999267578125,237.89999389648438,237.32000732421875,237.49000549316406,23607,0.0,0.0,0.0
2023-02-07 12:30:00-05:00,237.27000427246094,240.5500030517578,237.27000427246094,237.52999877929688,79250,0.0,0.0,0.0
2023-02-07 13:30:00-05:00,237.3800048828125,239.02999877929688,235.82000732421875,238.77999877929688,48051,0.0,0.0,0.0
2023-02-07 14:30:00-05:00,238.92999267578125,240.52000427246094,238.8300018310547,240.4199981689453,69734,0.0,0.0,0.0
2023-02-07 15:30:00-05:00,240.25999450683594,241.8000030517578,240.05999755859375,241.3800048828125,61195,0.0,0.0,0.0
2023-02-08 09:30:00-05:00,239.72999572753906,241.2100067138672,239.64700317382812,240.22999572753906,31510,0.0,0.0,0.0
2023-02-08 10:30:00-05:00,240.38999938964844,240.38999938964844,237.86000061035156,238.22500610351562,48556,0.0,0.0,0.0
2023-02-08 11:30:00-05:00,238.1999969482422,238.71499633789062,237.80999755859375,238.71499633789062,22482,0.0,0.0,0.0
2023-02-08 12:30:00-05:00,238.91000366210938,239.39999389648438,238.29840087890625,238.85000610351562,15628,0.0,0.0,0.0
2023-02-08 13:30:00-05:00,238.7050018310547,238.7050018310547,237.88119506835938,238.0399932861328,12172,0.0,0.0,0.0
2023-02-08 14:30:00-05:00,238.0500030517578,238.2563018798828,237.2093048095703,237.89999389648438,56771,0.0,0.0,0.0
2023-02-08 15:30:00-05:00,237.93499755859375,238.4600067138672,237.57000732421875,237.75999450683594,146087,0.0,0.0,0.0
2023-02-09 09:30:00-05:00,239.85000610351562,241.52000427246094,238.64999389648438,238.64999389648438,28725,0.0,0.0,0.0
2023-02-09 10:30:00-05:00,238.77999877929688,239.20489501953125,237.5500030517578,237.7949981689453,57718,0.0,0.0,0.0
2023-02-09 11:30:00-05:00,237.61000061035156,238.23989868164062,237.27999877929688,237.6300048828125,40340,0.0,0.0,0.0
2023-02-09 12:30:00-05:00,237.5399932861328,237.5399932861328,236.08999633789062,236.36000061035156,30691,0.0,0.0,0.0
2023-02-09 13:30:00-05:00,236.46859741210938,236.72999572753906,235.47000122070312,235.5,41252,0.0,0.0,0.0
2023-02-09 14:30:00-05:00,235.5500030517578,235.99000549316406,234.52999877929688,234.52999877929688,65580,0.0,0.0,0.0
2023-02-09 15:30:00-05:00,234.7100067138672,235.24000549316406,233.97000122070312,234.49000549316406,60652,0.0,0.0,0.0
2023-02-10 09:30:00-05:00,233.32000732421875,234.86000061035156,232.75999450683594,234.3300018310547,119017,0.0,0.0,0.0
2023-02-10 10:30:00-05:00,234.2899932861328,234.80999755859375,233.32000732421875,234.42999267578125,30070,0.0,0.0,0.0
2023-02-10 11:30:00-05:00,233.88999938964844,234.32000732421875,233.27029418945312,233.52000427246094,48099,0.0,0.0,0.0
2023-02-10 12:30:00-05:00,233.50999450683594,235.27999877929688,233.50999450683594,234.9149932861328,19553,0.0,0.0,0.0
2023-02-10 13:30:00-05:00,234.98629760742188,235.0399932861328,234.1199951171875,234.2899932861328,16589,0.0,0.0,0.0
2023-02-10 14:30:00-05:00,234.1649932861328,234.9398956298828,234.1649932861328,234.6175994873047,20604,0.0,0.0,0.0
2023-02-10 15:30:00-05:00,234.6699981689453,235.10000610351562,234.63999938964844,234.64999389648438,39185,0.0,0.0,0.0
2023-02-13 09:30:00-05:00,235.0399932861328,235.8300018310547,233.41000366210938,235.82000732421875,57102,0.0,0.0,0.0
2023-02-13 10:30:00-05:00,235.83999633789062,236.77999877929688,235.65499877929688,236.3699951171875,44655,0.0,0.0,0.0
2023-02-13 11:30:00-05:00,236.39999389648438,237.4600067138672,236.17999267578125,237.2550048828125,18476,0.0,0.0,0.0
2023-02-13 12:30:00-05:00,237.31500244140625,237.80999755859375,237.0800018310547,237.7899932861328,22538,0.0,0.0,0.0
2023-02-13 13:30:00-05:00,237.86000061035156,238.10389709472656,237.4600067138672,237.50999450683594,35937,0.0,0.0,0.0
2023-02-13 14:30:00-05:00,237.38999938964844,237.4199981689453,236.7899932861328,237.1300048828125,56419,0.0,0.0,0.0
2023-02-13 15:30:00-05:00,237.17999267578125,237.7449951171875,237.1699981689453,237.6999969482422,76669,0.0,0.0,0.0
2023-02-14 09:30:00-05:00,236.0800018310547,239.8000030517578,234.66000366210938,238.2100067138672,90241,0.0,0.0,0.0
2023-02-14 10:30:00-05:00,238.5,238.5,235.6199951171875,236.5399932861328,15154,0.0,0.0,0.0
2023-02-14 11:30:00-05:00,235.30999755859375,236.75999450683594,234.97999572753906,236.6239013671875,20306,0.0,0.0,0.0
2023-02-14 12:30:00-05:00,236.85000610351562,238.4199981689453,236.4199981689453,237.97000122070312,14861,0.0,0.0,0.0
2023-02-14 13:30:00-05:00,237.85000610351562,237.91920471191406,236.75,237.5399932861328,34973,0.0,0.0,0.0
2023-02-14 14:30:00-05:00,237.47000122070312,238.5800018310547,237.47000122070312,238.30999755859375,29750,0.0,0.0,0.0
2023-02-14 15:30:00-05:00,238.17999267578125,238.8300018310547,238.0050048828125,238.08999633789062,83714,0.0,0.0,0.0
2023-02-15 09:30:00-05:00,236.0,237.86000061035156,235.50999450683594,237.69000244140625,44653,0.0,0.0,0.0
2023-02-15 10:30:00-05:00,237.8000030517578,238.97000122070312,237.5,238.8332061767578,17335,0.0,0.0,0.0
2023-02-15 11:30:00-05:00,238.86160278320312,239.0500030517578,237.8000030517578,237.8000030517578,21285,0.0,0.0,0.0
2023-02-15 12:30:00-05:00,237.80999755859375,239.3699951171875,237.75,239.3350067138672,24205,0.0,0.0,0.0
2023-02-15 13:30:00-05:00,239.4199981689453,240.52999877929688,239.27999877929688,240.39999389648438,57150,0.0,0.0,0.0
2023-02-15 14:30:00-05:00,240.4149932861328,240.67999267578125,240.14500427246094,240.52999877929688,31696,0.0,0.0,0.0
2023-02-15 15:30:00-05:00,240.42999267578125,240.8300018310547,240.40969848632812,240.72000122070312,48349,0.0,0.0,0.0
2023-02-16 09:30:00-05:00,238.2100067138672,239.310302734375,237.24000549316406,239.310302734375,42466,0.0,0.0,0.0
2023-02-16 10:30:00-05:00,239.33999633789062,240.3300018310547,239.3300018310547,240.13999938964844,27308,0.0,0.0,0.0
2023-02-16 11:30:00-05:00,240.14999389648438,240.77000427246094,240.0133056640625,240.77000427246094,26857,0.0,0.0,0.0
2023-02-16 12:30:00-05:00,240.75,241.36000061035156,240.1226043701172,240.1956024169922,26377,0.0,0.0,0.0
2023-02-16 13:30:00-05:00,240.13999938964844,241.05929565429688,240.13999938964844,240.91000366210938,8784,0.0,0.0,0.0
2023-02-16 14:30:00-05:00,241.10000610351562,241.1699981689453,238.82940673828125,239.02999877929688,49019,0.0,0.0,0.0
2023-02-16 15:30:00-05:00,238.8000030517578,239.11000061035156,238.07000732421875,238.11000061035156,239577,0.0,0.0,0.0
2023-02-17 09:30:00-05:00,237.47000122070312,238.5800018310547,235.92999267578125,237.94000244140625,70363,0.0,0.0,0.0
2023-02-17 10:30:00-05:00,237.99000549316406,238.7100067138672,236.60760498046875,236.72000122070312,43461,0.0,0.0,0.0
2023-02-17 11:30:00-05:00,236.6699981689453,237.75999450683594,236.47000122070312,237.47000122070312,51513,0.0,0.0,0.0
2023-02-17 12:30:00-05:00,237.4600067138672,237.6300048828125,236.5,237.1699981689453,40064,0.0,0.0,0.0
2023-02-17 13:30:00-05:00,237.14990234375,237.96499633789062,237.00999450683594,237.85989379882812,33960,0.0,0.0,0.0
2023-02-17 14:30:00-05:00,237.97000122070312,238.91000366210938,237.91000366210938,238.07000732421875,108509,0.0,0.0,0.0
2023-02-17 15:30:00-05:00,238.1999969482422,238.77999877929688,238.1699981689453,238.66000366210938,57471,0.0,0.0,0.0
2023-02-21 09:30:00-05:00,235.47000122070312,236.1199951171875,233.2801055908203,233.47000122070312,71307,0.0,0.0,0.0
2023-02-21 10:30:00-05:00,233.39500427246094,234.10000610351562,232.51499938964844,232.55999755859375,39037,0.0,0.0,0.0
2023-02-21 11:30:00-05:00,232.4600067138672,232.74000549316406,231.85000610351562,231.85000610351562,27484,0.0,0.0,0.0
2023-02-21 12:30:00-05:00,231.97000122070312,232.64999389648438,231.75,231.8300018310547,28352,0.0,0.0,0.0
2023-02-21 13:30:00-05:00,231.8459930419922,231.94000244140625,231.25,231.6699981689453,28904,0.0,0.0,0.0
2023-02-21 14:30:00-05:00,231.67999267578125,232.19000244140625,231.55099487304688,231.63999938964844,55400,0.0,0.0,0.0
2023-02-21 15:30:00-05:00,231.6999969482422,232.07000732421875,231.13999938964844,231.3300018310547,316700,0.0,0.0,0.0
2023-02-22 09:30:00-05:00,232.2100067138672,233.41000366210938,230.7899932861328,230.7899932861328,62056,0.0,0.0,0.0
2023-02-22 10:30:00-05:00,230.71499633789062,232.11000061035156,230.0500030517578,231.85000610351562,45771,0.0,0.0,0.0
2023-02-22 11:30:00-05:00,231.8000030517578,232.4199981689453,231.6199951171875,232.28610229492188,23410,0.0,0.0,0.0
2023-02-22 12:30:00-05:00,232.13999938964844,233.10000610351562,232.02999877929688,233.10000610351562,30042,0.0,0.0,0.0
2023-02-22 13:30:00-05:00,233.0800018310547,233.17999267578125,231.44000244140625,232.27000427246094,49268,0.0,0.0,0.0
2023-02-22 14:30:00-05:00,232.1300048828125,232.1300048828125,230.74000549316406,231.5,53838,0.0,0.0,0.0
2023-02-22 15:30:00-05:00,231.2899932861328,232.16000366210938,231.0399932861328,232.02000427246094,93451,0.0,0.0,0.0
2023-02-23 09:30:00-05:00,234.02000427246094,235.3000030517578,233.33999633789062,233.8699951171875,76940,0.0,0.0,0.0
2023-02-23 10:30:00-05:00,233.99000549316406,233.99000549316406,231.94000244140625,231.94000244140625,40124,0.0,0.0,0.0
2023-02-23 11:30:00-05:00,231.8300018310547,231.84500122070312,230.5800018310547,231.1199951171875,69309,0.0,0.0,0.0
2023-02-23 12:30:00-05:00,231.02999877929688,231.9499969482422,230.9199981689453,231.52000427246094,17752,0.0,0.0,0.0
2023-02-23 13:30:00-05:00,231.4199981689453,233.22999572753906,231.4199981689453,233.16000366210938,28531,0.0,0.0,0.0
2023-02-23 14:30:00-05:00,233.25999450683594,234.33779907226562,233.1699981689453,234.33779907226562,18109,0.0,0.0,0.0
2023-02-23 15:30:00-05:00,234.3498992919922,234.49000549316406,233.8000030517578,234.0500030517578,29589,0.0,0.0,0.0
2023-02-24 09:30:00-05:00,230.5399932861328,231.37359619140625,229.62229919433594,230.11000061035156,0,0.0,0.0,0.0
2023-02-24 10:30:00-05:00,230.36000061035156,231.7100067138672,229.89999389648438,231.67999267578125,106024,0.0,0.0,0.0
2023-02-24 11:30:00-05:00,231.5,231.9600067138672,230.8300018310547,230.85000610351562,25885,0.0,0.0,0.0
2023-02-24 12:30:00-05:00,231.1999969482422,231.2100067138672,230.22000122070312,230.72999572753906,12393,0.0,0.0,0.0
2023-02-24 13:30:00-05:00,230.67999267578125,231.38999938964844,230.3800048828125,231.13999938964844,33264,0.0,0.0,0.0
2023-02-24 14:30:00-05:00,231.17999267578125,232.17999267578125,230.8699951171875,231.67999267578125,21694,0.0,0.0,0.0
2023-02-24 15:30:00-05:00,231.5,231.9600067138672,231.02000427246094,231.7899932861328,105958,0.0,0.0,0.0
2023-02-27 09:30:00-05:00,234.0,235.42999267578125,233.0363006591797,234.80999755859375,35794,0.0,0.0,0.0
2023-02-27 10:30:00-05:00,234.41000366210938,234.60000610351562,233.39999389648438,233.99000549316406,43868,0.0,0.0,0.0
2023-02-27 11:30:00-05:00,233.94000244140625,233.9600067138672,233.24000549316406,233.4600067138672,29819,0.0,0.0,0.0
2023-02-27 12:30:00-05:00,233.63999938964844,233.9199981689453,233.37550354003906,233.6199951171875,29250,0.0,0.0,0.0
2023-02-27 13:30:00-05:00,233.69000244140625,234.00999450683594,233.22000122070312,233.60000610351562,45918,0.0,0.0,0.0
2023-02-27 14:30:00-05:00,233.47999572753906,233.63999938964844,232.49000549316406,232.80999755859375,232865,0.0,0.0,0.0
2023-02-27 15:30:00-05:00,232.8000030517578,233.07000732421875,232.21499633789062,232.9499969482422,230230,0.0,0.0,0.0
2023-02-28 09:30:00-05:00,233.16000366210938,235.11000061035156,232.39999389648438,234.92999267578125,42072,0.0,0.0,0.0
2023-02-28 10:30:00-05:00,234.58999633789062,235.4250030517578,233.91000366210938,235.14340209960938,16436,0.0,0.0,0.0
2023-02-28 11:30:00-05:00,235.27999877929688,235.30999755859375,234.52000427246094,235.02000427246094,26433,0.0,0.0,0.0
2023-02-28 12:30:00-05:00,234.99000549316406,235.42010498046875,234.61000061035156,235.25,18969,0.0,0.0,0.0
2023-02-28 13:30:00-05:00,235.0500030517578,235.2899932861328,234.72999572753906,234.83999633789062,28909,0.0,0.0,0.0
2023-02-28 14:30:00-05:00,234.8000030517578,235.02499389648438,234.12100219726562,234.21499633789062,34511,0.0,0.0,0.0
2023-02-28 15:30:00-05:00,234.1699981689453,234.19000244140625,233.36000061035156,233.36000061035156,35538,0.0,0.0,0.0
2023-03-01 09:30:00-05:00,232.75,235.1699981689453,232.75,233.64999389648438,79709,0.0,0.0,0.0
2023-03-01 10:30:00-05:00,233.5800018310547,234.69000244140625,232.49000549316406,233.0,102074,0.0,0.0,0.0
2023-03-01 11:30:00-05:00,232.94000244140625,234.55999755859375,232.92999267578125,234.38999938964844,17198,0.0,0.0,0.0
2023-03-01 12:30:00-05:00,234.44000244140625,234.49000549316406,233.6699981689453,233.6699981689453,13535,0.0,0.0,0.0
2023-03-01 13:30:00-05:00,233.50999450683594,233.59609985351562,233.1199951171875,233.1199951171875,20218,0.0,0.0,0.0
2023-03-01 14:30:00-05:00,233.05999755859375,233.8000030517578,232.91000366210938,233.4600067138672,18199,0.0,0.0,0.0
2023-03-01 15:30:00-05:00,233.5500030517578,234.1699981689453,233.51499938964844,234.02000427246094,28512,0.0,0.0,0.0
2023-03-02 09:30:00-05:00,232.1300048828125,232.82000732421875,231.10000610351562,232.72999572753906,0,0.0,0.0,0.0
2023-03-02 10:30:00-05:00,232.57000732421875,233.39999389648438,232.57000732421875,232.9199981689453,14676,0.0,0.0,0.0
2023-03-02 11:30:00-05:00,232.92999267578125,233.27999877929688,232.75,233.22000122070312,21004,0.0,0.0,0.0
2023-03-02 12:30:00-05:00,233.22999572753906,233.55999755859375,232.92999267578125,232.9499969482422,21731,0.0,0.0,0.0
2023-03-02 13:30:00-05:00,232.9958953857422,234.86990356445312,232.9958953857422,234.86990356445312,24279,0.0,0.0,0.0
2023-03-02 14:30:00-05:00,234.72999572753906,234.7899932861328,234.33999633789062,234.5800018310547,55021,0.0,0.0,0.0
2023-03-02 15:30:00-05:00,234.6199951171875,235.2899932861328,234.42999267578125,234.63999938964844,138230,0.0,0.0,0.0
2023-03-03 09:30:00-05:00,235.42999267578125,235.94000244140625,234.32000732421875,235.8000030517578,54045,0.0,0.0,0.0
2023-03-03 10:30:00-05:00,235.7050018310547,236.0399932861328,235.30999755859375,236.0399932861328,48808,0.0,0.0,0.0
2023-03-03 11:30:00-05:00,236.08999633789062,237.52099609375,235.97999572753906,237.52099609375,84876,0.0,0.0,0.0
2023-03-03 12:30:00-05:00,237.60989379882812,237.94000244140625,237.2313995361328,237.90499877929688,71555,0.0,0.0,0.0
2023-03-03 13:30:00-05:00,237.97999572753906,238.52000427246094,237.7899932861328,238.39999389648438,35130,0.0,0.0,0.0
2023-03-03 14:30:00-05:00,238.4199981689453,238.67999267578125,238.25,238.4199981689453,50549,0.0,0.0,0.0
2023-03-03 15:30:00-05:00,238.32000732421875,238.44000244140625,238.02000427246094,238.32000732421875,90248,0.0,0.0,0.0
2023-03-06 09:30:00-05:00,238.5399932861328,238.5399932861328,237.13999938964844,237.64999389648438,58806,0.0,0.0,0.0
2023-03-06 10:30:00-05:00,237.8300018310547,237.97000122070312,237.10000610351562,237.25,35657,0.0,0.0,0.0
2023-03-06 11:30:00-05:00,237.13999938964844,237.3000030517578,236.6199951171875,236.77000427246094,74285,0.0,0.0,0.0
2023-03-06 12:30:00-05:00,236.64999389648438,236.67019653320312,235.27999877929688,235.44000244140625,23832,0.0,0.0,0.0
2023-03-06 13:30:00-05:00,235.4199981689453,235.5500030517578,234.64500427246094,234.86000061035156,16825,0.0,0.0,0.0
2023-03-06 14:30:00-05:00,235.06480407714844,235.2006072998047,234.16000366210938,234.2550048828125,57054,0.0,0.0,0.0
2023-03-06 15:30:00-05:00,234.2449951171875,235.17999267578125,234.13999938964844,235.13999938964844,64669,0.0,0.0,0.0
2023-03-07 09:30:00-05:00,235.42999267578125,235.91000366210938,233.75,234.07000732421875,22038,0.0,0.0,0.0
2023-03-07 10:30:00-05:00,234.82000732421875,235.3699951171875,233.60000610351562,233.6300048828125,22860,0.0,0.0,0.0
2023-03-07 11:30:00-05:00,233.72999572753906,234.91000366210938,233.69000244140625,234.56500244140625,23336,0.0,0.0,0.0
2023-03-07 12:30:00-05:00,234.55999755859375,234.6999969482422,233.25,233.41000366210938,24697,0.0,0.0,0.0
2023-03-07 13:30:00-05:00,233.4199981689453,233.4199981689453,232.5500030517578,232.82000732421875,31257,0.0,0.0,0.0
2023-03-07 14:30:00-05:00,232.8699951171875,233.1199951171875,232.4199981689453,232.72999572753906,65869,0.0,0.0,0.0
2023-03-07 15:30:00-05:00,232.6999969482422,233.35000610351562,232.66000366210938,232.66000366210938,70699,0.0,0.0,0.0
2023-03-08 09:30:00-05:00,232.77000427246094,234.0399932861328,231.92999267578125,233.50999450683594,37413,0.0,0.0,0.0
2023-03-08 10:30:00-05:00,233.2899932861328,233.82000732421875,232.94000244140625,232.94000244140625,29905,0.0,0.0,0.0
2023-03-08 11:30:00-05:00,233.11000061035156,233.47999572753906,231.75999450683594,231.75999450683594,22636,0.0,0.0,0.0
2023-03-08 12:30:00-05:00,231.69000244140625,231.97000122070312,231.25,231.57000732421875,16466,0.0,0.0,0.0
2023-03-08 13:30:00-05:00,231.25,231.75,230.85000610351562,231.71009826660156,32324,0.0,0.0,0.0
2023-03-08 14:30:00-05:00,231.85000610351562,231.85000610351562,231.3300018310547,231.5050048828125,21499,0.0,0.0,0.0
2023-03-08 15:30:00-05:00,231.60580444335938,232.89999389648438,231.60580444335938,232.80999755859375,21448,0.0,0.0,0.0
2023-03-09 09:30:00-05:00,232.6699981689453,234.0800018310547,231.9199981689453,232.52999877929688,38664,0.0,0.0,0.0
2023-03-09 10:30:00-05:00,232.61000061035156,233.31500244140625,231.7100067138672,231.7100067138672,22570,0.0,0.0,0.0
2023-03-09 11:30:00-05:00,231.8000030517578,231.94000244140625,230.83999633789062,231.39999389648438,33701,0.0,0.0,0.0
2023-03-09 12:30:00-05:00,231.3699951171875,231.47999572753906,229.8300018310547,229.8300018310547,25395,0.0,0.0,0.0
2023-03-09 13:30:00-05:00,229.7100067138672,229.77999877929688,228.6699981689453,229.13999938964844,21760,0.0,0.0,0.0
2023-03-09 14:30:00-05:00,228.9550018310547,229.2899932861328,227.07000732421875,227.66000366210938,101213,0.0,0.0,0.0
2023-03-09 15:30:00-05:00,227.3800048828125,227.9199981689453,226.8800048828125,226.9499969482422,31913,0.0,0.0,0.0
2023-03-10 09:30:00-05:00,225.9199981689453,225.9199981689453,222.02000427246094,222.6199951171875,85530,0.0,0.0,0.0
2023-03-10 10:30:00-05:00,223.07000732421875,224.94000244140625,221.92999267578125,224.84500122070312,106504,0.0,0.0,0.0
2023-03-10 11:30:00-05:00,224.9499969482422,225.25,221.35000610351562,221.6999969482422,77882,0.0,0.0,0.0
2023-03-10 12:30:00-05:00,222.02000427246094,222.52999877929688,219.00750732421875,219.1999969482422,109149,0.0,0.0,0.0
2023-03-10 13:30:00-05:00,219.00999450683594,220.1999969482422,217.9199981689453,218.96499633789062,64372,0.0,0.0,0.0
2023-03-10 14:30:00-05:00,218.99000549316406,220.8000030517578,218.99000549316406,219.52000427246094,149910,0.0,0.0,0.0
2023-03-10 15:30:00-05:00,219.47999572753906,219.8699951171875,218.75999450683594,219.8699951171875,310564,0.0,0.0,0.0
2023-03-13 09:30:00-04:00,215.80999755859375,218.83999633789062,214.88999938964844,216.9600067138672,145731,0.0,0.0,0.0
2023-03-13 10:30:00-04:00,217.33999633789062,220.96490478515625,217.2100067138672,220.96490478515625,66060,0.0,0.0,0.0
2023-03-13 11:30:00-04:00,220.77000427246094,221.30999755859375,218.8800048828125,218.97000122070312,63436,0.0,0.0,0.0
2023-03-13 12:30:00-04:00,218.8000030517578,219.52999877929688,217.14999389648438,218.00999450683594,133687,0.0,0.0,0.0
2023-03-13 13:30:00-04:00,217.97999572753906,219.57000732421875,217.50999450683594,219.22999572753906,74740,0.0,0.0,0.0
2023-03-13 14:30:00-04:00,219.11000061035156,219.57000732421875,217.4199981689453,217.6199951171875,82674,0.0,0.0,0.0
2023-03-13 15:30:00-04:00,217.8000030517578,219.00999450683594,217.52000427246094,217.60000610351562,61183,0.0,0.0,0.0
2023-03-14 09:30:00-04:00,222.82000732421875,224.0749969482422,222.2899932861328,223.7899932861328,57175,0.0,0.0,0.0
2023-03-14 10:30:00-04:00,223.6699981689453,224.4499969482422,222.6999969482422,224.0399932861328,118050,0.0,0.0,0.0
2023-03-14 11:30:00-04:00,224.1699981689453,224.33999633789062,223.0,223.02999877929688,53751,0.0,0.0,0.0
2023-03-14 12:30:00-04:00,222.91000366210938,223.49000549316406,220.8300018310547,221.47000122070312,59763,0.0,0.0,0.0
2023-03-14 13:30:00-04:00,221.22000122070312,221.8300018310547,220.08999633789062,221.25999450683594,50397,0.0,0.0,0.0
2023-03-14 14:30:00-04:00,221.25999450683594,221.67999267578125,219.52000427246094,220.27000427246094,39742,0.0,0.0,0.0
2023-03-14 15:30:00-04:00,220.3800048828125,222.52999877929688,220.2899932861328,222.33999633789062,150143,0.0,0.0,0.0
2023-03-15 09:30:00-04:00,216.74000549316406,218.3907012939453,216.16000366210938,216.47999572753906,32683,0.0,0.0,0.0
2023-03-15 10:30:00-04:00,216.47999572753906,217.52999877929688,215.47000122070312,216.92999267578125,50272,0.0,0.0,0.0
2023-03-15 11:30:00-04:00,216.86000061035156,217.2899932861328,215.14999389648438,215.4499969482422,44465,0.0,0.0,0.0
2023-03-15 12:30:00-04:00,215.5399932861328,216.5,214.4499969482422,216.5,58820,0.0,0.0,0.0
2023-03-15 13:30:00-04:00,216.35000610351562,218.52999877929688,215.3800048828125,217.86000061035156,54342,0.0,0.0,0.0
2023-03-15 14:30:00-04:00,218.0500030517578,218.57000732421875,216.88999938964844,218.07000732421875,63945,0.0,0.0,0.0
2023-03-15 15:30:00-04:00,217.8000030517578,218.5399932861328,216.9199981689453,218.41000366210938,119042,0.0,0.0,0.0
2023-03-16 09:30:00-04:00,215.72000122070312,217.64990234375,215.00999450683594,215.9499969482422,339215,0.0,0.0,0.0
2023-03-16 10:30:00-04:00,216.0800018310547,220.2899932861328,215.83999633789062,220.07000732421875,307426,0.0,0.0,0.0
2023-03-16 11:30:00-04:00,220.0800018310547,221.27000427246094,219.5500030517578,220.24000549316406,214508,0.0,0.0,0.0
2023-03-16 12:30:00-04:00,220.17999267578125,222.64999389648438,219.87060546875,221.9199981689453,52221,0.0,0.0,0.0
2023-03-16 13:30:00-04:00,221.74000549316406,221.86000061035156,220.61000061035156,221.1300048828125,214575,0.0,0.0,0.0
2023-03-16 14:30:00-04:00,221.13999938964844,222.24000549316406,220.4600067138672,222.0800018310547,95081,0.0,0.0,0.0
2023-03-16 15:30:00-04:00,222.0500030517578,222.0800018310547,221.07000732421875,221.5,81965,0.0,0.0,0.0
2023-03-17 09:30:00-04:00,219.35000610351562,220.47000122070312,217.3699951171875,218.0500030517578,62065,0.0,0.0,0.0
2023-03-17 10:30:00-04:00,218.1300048828125,218.19000244140625,216.0236053466797,216.25,100173,0.0,0.0,0.0
2023-03-17 11:30:00-04:00,216.4199981689453,217.47999572753906,215.74000549316406,217.44000244140625,81027,0.0,0.0,0.0
2023-03-17 12:30:00-04:00,217.42999267578125,218.11880493164062,216.5,217.1999969482422,58423,0.0,0.0,0.0
2023-03-17 13:30:00-04:00,217.27999877929688,217.75999450683594,216.3699951171875,216.4600067138672,117923,0.0,0.0,0.0
2023-03-17 14:30:00-04:00,216.52999877929688,217.3699951171875,216.0399932861328,217.2899932861328,80303,0.0,0.0,0.0
2023-03-17 15:30:00-04:00,217.1699981689453,217.1699981689453,216.2700958251953,216.57000732421875,138651,0.0,0.0,0.0
2023-03-20 09:30:00-04:00,218.13999938964844,220.139892578125,217.50999450683594,220.139892578125,30815,0.0,0.0,0.0
2023-03-20 10:30:00-04:00,219.93499755859375,220.91000366210938,219.3800048828125,220.91000366210938,57926,0.0,0.0,0.0
2023-03-20 11:30:00-04:00,220.8800048828125,220.8800048828125,217.91000366210938,218.4499969482422,18926,0.0,0.0,0.0
2023-03-20 12:30:00-04:00,218.63999938964844,220.2899932861328,218.44000244140625,219.85000610351562,34002,0.0,0.0,0.0
2023-03-20 13:30:00-04:00,220.02999877929688,220.13999938964844,218.97000122070312,219.25999450683594,49631,0.0,0.0,0.0
2023-03-20 14:30:00-04:00,219.3300018310547,219.61000061035156,218.75999450683594,219.49000549316406,56561,0.0,0.0,0.0
2023-03-20 15:30:00-04:00,219.36000061035156,219.86000061035156,219.24000549316406,219.36000061035156,75267,0.0,0.0,0.0
2023-03-21 09:30:00-04:00,222.4600067138672,224.93499755859375,222.4199981689453,223.02000427246094,76458,0.0,0.0,0.0
2023-03-21 10:30:00-04:00,223.0,223.4600067138672,222.36000061035156,223.3000030517578,29550,0.0,0.0,0.0
2023-03-21 11:30:00-04:00,223.41000366210938,223.47999572753906,222.42999267578125,223.0,32790,0.0,0.0,0.0
2023-03-21 12:30:00-04:00,223.0800018310547,223.17999267578125,222.27000427246094,222.7899932861328,18282,0.0,0.0,0.0
2023-03-21 13:30:00-04:00,223.11000061035156,223.1199951171875,222.30999755859375,222.7899932861328,106147,0.0,0.0,0.0
2023-03-21 14:30:00-04:00,222.74000549316406,223.83999633789062,222.69000244140625,223.4499969482422,55364,0.0,0.0,0.0
2023-03-21 15:30:00-04:00,223.4199981689453,223.9499969482422,223.0800018310547,223.27000427246094,74975,0.0,0.0,0.0
2023-03-22 09:30:00-04:00,223.05999755859375,223.05999755859375,221.30999755859375,222.7700958251953,29095,0.0,0.0,0.0
2023-03-22 10:30:00-04:00,222.6999969482422,222.8800048828125,221.89999389648438,222.10000610351562,38747,0.0,0.0,0.0
2023-03-22 11:30:00-04:00,222.02999877929688,222.25250244140625,221.47999572753906,222.05999755859375,72450,0.0,0.0,0.0
2023-03-22 12:30:00-04:00,222.02000427246094,222.11000061035156,221.33999633789062,221.82260131835938,46205,0.0,0.0,0.0
2023-03-22 13:30:00-04:00,221.8699951171875,224.22999572753906,221.67999267578125,222.55999755859375,102104,0.0,0.0,0.0
2023-03-22 14:30:00-04:00,222.4550018310547,224.1772003173828,219.6300048828125,221.49000549316406,67568,0.0,0.0,0.0
2023-03-22 15:30:00-04:00,221.55999755859375,221.55999755859375,217.17999267578125,217.19000244140625,54739,0.0,0.0,0.0
2023-03-23 09:30:00-04:00,218.22999572753906,220.35000610351562,218.22999572753906,220.27999877929688,111790,0.0,0.0,0.0
2023-03-23 10:30:00-04:00,219.97999572753906,221.58999633789062,219.63999938964844,220.79989624023438,85263,0.0,0.0,0.0
2023-03-23 11:30:00-04:00,220.60000610351562,221.02000427246094,219.0500030517578,219.3699951171875,17073,0.0,0.0,0.0
2023-03-23 12:30:00-04:00,219.24029541015625,219.3699951171875,217.33999633789062,217.5399932861328,106832,0.0,0.0,0.0
2023-03-23 13:30:00-04:00,217.47000122070312,217.9199981689453,215.77000427246094,215.77000427246094,47011,0.0,0.0,0.0
2023-03-23 14:30:00-04:00,215.77000427246094,217.6199951171875,214.6199951171875,215.8000030517578,51055,0.0,0.0,0.0
2023-03-23 15:30:00-04:00,215.55999755859375,217.7100067138672,215.55999755859375,216.58999633789062,66206,0.0,0.0,0.0
2023-03-24 09:30:00-04:00,214.75,216.02000427246094,213.3300018310547,215.9199981689453,44770,0.0,0.0,0.0
2023-03-24 10:30:00-04:00,215.97000122070312,216.14999389648438,213.77499389648438,214.50999450683594,30608,0.0,0.0,0.0
2023-03-24 11:30:00-04:00,214.49000549316406,216.6999969482422,214.4149932861328,215.67999267578125,39962,0.0,0.0,0.0
2023-03-24 12:30:00-04:00,215.91000366210938,216.69000244140625,215.74000549316406,216.33999633789062,87210,0.0,0.0,0.0
2023-03-24 13:30:00-04:00,216.52499389648438,216.9600067138672,215.97999572753906,216.64999389648438,13423,0.0,0.0,0.0
2023-03-24 14:30:00-04:00,216.7050018310547,218.00999450683594,216.60000610351562,217.82000732421875,49034,0.0,0.0,0.0
2023-03-24 15:30:00-04:00,218.11000061035156,218.16000366210938,217.02000427246094,217.7100067138672,49500,0.0,0.0,0.0
2023-03-27 09:30:00-04:00,220.22999572753906,220.35000610351562,218.63999938964844,219.00999450683594,16907,0.0,0.0,0.0
2023-03-27 10:30:00-04:00,218.92999267578125,219.52999877929688,218.39999389648438,218.94000244140625,17705,0.0,0.0,0.0
2023-03-27 11:30:00-04:00,219.02999877929688,219.64999389648438,218.46499633789062,219.47500610351562,76116,0.0,0.0,0.0
2023-03-27 12:30:00-04:00,219.47999572753906,220.42999267578125,219.10000610351562,220.19000244140625,14526,0.0,0.0,0.0
2023-03-27 13:30:00-04:00,220.27999877929688,221.0,220.07000732421875,220.7324981689453,18425,0.0,0.0,0.0
2023-03-27 14:30:00-04:00,220.8000030517578,221.5,220.8000030517578,221.44000244140625,38796,0.0,0.0,0.0
2023-03-27 15:30:00-04:00,221.16000366210938,221.3336944580078,220.17999267578125,220.50999450683594,34197,0.0,0.0,0.0
2023-03-28 09:30:00-04:00,220.0,221.1699981689453,219.60000610351562,220.56500244140625,28367,0.0,0.0,0.0
2023-03-28 10:30:00-04:00,220.75,220.75,219.55499267578125,220.44000244140625,68314,0.0,0.0,0.0
2023-03-28 11:30:00-04:00,220.3979949951172,220.8300018310547,220.08999633789062,220.35499572753906,12792,0.0,0.0,0.0
2023-03-28 12:30:00-04:00,220.25999450683594,220.5500030517578,219.75999450683594,219.85499572753906,16428,0.0,0.0,0.0
2023-03-28 13:30:00-04:00,219.84500122070312,219.89999389648438,219.00999450683594,219.41000366210938,18307,0.0,0.0,0.0
2023-03-28 14:30:00-04:00,219.3300018310547,220.05999755859375,219.21499633789062,219.50999450683594,24869,0.0,0.0,0.0
2023-03-28 15:30:00-04:00,219.49000549316406,220.26499938964844,219.3300018310547,219.99000549316406,59614,0.0,0.0,0.0
2023-03-29 09:30:00-04:00,223.02999877929688,223.02999877929688,221.22999572753906,222.11000061035156,33436,0.0,0.0,0.0
2023-03-29 10:30:00-04:00,222.1199951171875,222.42999267578125,220.77999877929688,221.55299377441406,31986,0.0,0.0,0.0
2023-03-29 11:30:00-04:00,221.4600067138672,222.07000732421875,221.3800048828125,221.9550018310547,18433,0.0,0.0,0.0
2023-03-29 12:30:00-04:00,222.02000427246094,222.16000366210938,221.25,221.8800048828125,22455,0.0,0.0,0.0
2023-03-29 13:30:00-04:00,221.75999450683594,222.02999877929688,221.30999755859375,221.97000122070312,48405,0.0,0.0,0.0
2023-03-29 14:30:00-04:00,221.87530517578125,222.72000122070312,221.87530517578125,222.47000122070312,69840,0.0,0.0,0.0
2023-03-29 15:30:00-04:00,222.47000122070312,222.71499633789062,222.3000030517578,222.61000061035156,54897,0.0,0.0,0.0
2023-03-30 09:30:00-04:00,224.26499938964844,225.05999755859375,223.1800994873047,224.05999755859375,67242,0.0,0.0,0.0
2023-03-30 10:30:00-04:00,224.19000244140625,224.33270263671875,223.2899932861328,223.4199981689453,59930,0.0,0.0,0.0
2023-03-30 11:30:00-04:00,223.3834991455078,223.3834991455078,222.4687957763672,222.7100067138672,32500,0.0,0.0,0.0
2023-03-30 12:30:00-04:00,222.6199951171875,222.6199951171875,222.02999877929688,222.4600067138672,25468,0.0,0.0,0.0
2023-03-30 13:30:00-04:00,222.07000732421875,222.8300018310547,221.73880004882812,222.72999572753906,41177,0.0,0.0,0.0
2023-03-30 14:30:00-04:00,222.74000549316406,222.82000732421875,222.14999389648438,222.375,108188,0.0,0.0,0.0
2023-03-30 15:30:00-04:00,222.3300018310547,222.7899932861328,222.30999755859375,222.47999572753906,378679,0.0,0.0,0.0
2023-03-31 09:30:00-04:00,223.97999572753906,226.07000732421875,223.97999572753906,225.92999267578125,88041,0.0,0.0,0.0
2023-03-31 10:30:00-04:00,226.02090454101562,227.30999755859375,225.47999572753906,227.25,69816,0.0,0.0,0.0
2023-03-31 11:30:00-04:00,227.25999450683594,227.30999755859375,226.80499267578125,227.07000732421875,34825,0.0,0.0,0.0
2023-03-31 12:30:00-04:00,226.99000549316406,226.99000549316406,226.17999267578125,226.4199981689453,135726,0.0,0.0,0.0
2023-03-31 13:30:00-04:00,226.30999755859375,226.49000549316406,225.75,225.97999572753906,27318,0.0,0.0,0.0
2023-03-31 14:30:00-04:00,225.94000244140625,226.5500030517578,225.78720092773438,226.47999572753906,89144,0.0,0.0,0.0
2023-03-31 15:30:00-04:00,226.4600067138672,227.10000610351562,225.97999572753906,226.9499969482422,184529,0.0,0.0,0.0
2023-04-03 09:30:00-04:00,227.69000244140625,228.42999267578125,226.93499755859375,228.42999267578125,92220,0.0,0.0,0.0
2023-04-03 10:30:00-04:00,228.4600067138672,228.49000549316406,224.47000122070312,225.2899932861328,31108,0.0,0.0,0.0
2023-04-03 11:30:00-04:00,225.22000122070312,226.32000732421875,225.14999389648438,226.22999572753906,26116,0.0,0.0,0.0
2023-04-03 12:30:00-04:00,226.08999633789062,226.5,225.85000610351562,226.02000427246094,21319,0.0,0.0,0.0
2023-04-03 13:30:00-04:00,226.0590057373047,226.0850067138672,225.7100067138672,225.8699951171875,59855,0.0,0.0,0.0
2023-04-03 14:30:00-04:00,225.91000366210938,227.1999969482422,225.77000427246094,227.1999969482422,28460,0.0,0.0,0.0
2023-04-03 15:30:00-04:00,227.13999938964844,227.5749969482422,227.0399932861328,227.49000549316406,42162,0.0,0.0,0.0
2023-04-04 09:30:00-04:00,228.1300048828125,228.1300048828125,224.5800018310547,224.7346954345703,35986,0.0,0.0,0.0
2023-04-04 10:30:00-04:00,224.97999572753906,225.42999267578125,222.97999572753906,223.55999755859375,61053,0.0,0.0,0.0
2023-04-04 11:30:00-04:00,223.55999755859375,223.74989318847656,222.52999877929688,223.41000366210938,50135,0.0,0.0,0.0
2023-04-04 12:30:00-04:00,223.63999938964844,223.99000549316406,223.16830444335938,223.94000244140625,63491,0.0,0.0,0.0
2023-04-04 13:30:00-04:00,223.92999267578125,224.1999969482422,223.00999450683594,223.00999450683594,58400,0.0,0.0,0.0
2023-04-04 14:30:00-04:00,223.02000427246094,223.2799072265625,222.5399932861328,222.7100067138672,65633,0.0,0.0,0.0
2023-04-04 15:30:00-04:00,222.6300048828125,223.6300048828125,222.5800018310547,223.55999755859375,69014,0.0,0.0,0.0
2023-04-05 09:30:00-04:00,222.33999633789062,222.64999389648438,220.49009704589844,220.91029357910156,30195,0.0,0.0,0.0
2023-04-05 10:30:00-04:00,220.66000366210938,221.32000732421875,219.47000122070312,219.60000610351562,88675,0.0,0.0,0.0
2023-04-05 11:30:00-04:00,219.7100067138672,220.1999969482422,219.38999938964844,219.63389587402344,51673,0.0,0.0,0.0
2023-04-05 12:30:00-04:00,219.41419982910156,220.3300018310547,219.3800048828125,219.97410583496094,20317,0.0,0.0,0.0
2023-04-05 13:30:00-04:00,220.0500030517578,220.47999572753906,219.57000732421875,220.0399932861328,17729,0.0,0.0,0.0
2023-04-05 14:30:00-04:00,220.0500030517578,220.39759826660156,219.76710510253906,220.1699981689453,31542,0.0,0.0,0.0
2023-04-05 15:30:00-04:00,220.1999969482422,221.0,220.1999969482422,220.7899932861328,35558,0.0,0.0,0.0
2023-04-06 09:30:00-04:00,220.69000244140625,221.00999450683594,219.27999877929688,220.0399932861328,54439,0.0,0.0,0.0
2023-04-06 10:30:00-04:00,219.97000122070312,220.52000427246094,219.31500244140625,220.19000244140625,34499,0.0,0.0,0.0
2023-04-06 11:30:00-04:00,220.0800018310547,221.10609436035156,220.05999755859375,220.89999389648438,18414,0.0,0.0,0.0
2023-04-06 12:30:00-04:00,220.860107421875,221.52000427246094,220.77000427246094,221.35000610351562,20902,0.0,0.0,0.0
2023-04-06 13:30:00-04:00,221.35000610351562,221.42999267578125,220.97000122070312,221.32000732421875,22094,0.0,0.0,0.0
2023-04-06 14:30:00-04:00,221.25,221.47999572753906,220.6199951171875,220.9149932861328,67750,0.0,0.0,0.0
2023-04-06 15:30:00-04:00,220.9600067138672,221.11000061035156,220.72000122070312,221.05999755859375,102994,0.0,0.0,0.0
2023-04-10 09:30:00-04:00,219.82000732421875,222.38999938964844,219.6999969482422,221.8300018310547,39523,0.0,0.0,0.0
2023-04-10 10:30:00-04:00,222.2100067138672,222.79539489746094,221.9499969482422,222.22999572753906,32622,0.0,0.0,0.0
2023-04-10 11:30:00-04:00,222.50999450683594,222.50999450683594,221.30999755859375,221.60499572753906,23068,0.0,0.0,0.0
2023-04-10 12:30:00-04:00,221.50819396972656,223.02999877929688,221.50819396972656,222.8800048828125,29477,0.0,0.0,0.0
2023-04-10 13:30:00-04:00,222.9499969482422,223.1199951171875,222.57000732421875,222.98989868164062,34444,0.0,0.0,0.0
2023-04-10 14:30:00-04:00,223.08999633789062,223.63999938964844,222.97999572753906,223.38999938964844,117590,0.0,0.0,0.0
2023-04-10 15:30:00-04:00,223.3800048828125,223.75,223.3800048828125,223.72000122070312,33789,0.0,0.0,0.0
2023-04-11 09:30:00-04:00,224.5500030517578,225.9199981689453,224.5500030517578,225.52999877929688,53156,0.0,0.0,0.0
2023-04-11 10:30:00-04:00,225.55999755859375,225.55999755859375,224.26229858398438,225.0500030517578,19987,0.0,0.0,0.0
2023-04-11 11:30:00-04:00,224.9600067138672,225.95199584960938,224.7100067138672,225.9149932861328,21074,0.0,0.0,0.0
2023-04-11 12:30:00-04:00,225.92999267578125,226.0399932861328,225.57000732421875,225.67999267578125,18237,0.0,0.0,0.0
2023-04-11 13:30:00-04:00,225.72999572753906,226.25999450683594,225.72999572753906,226.24000549316406,19402,0.0,0.0,0.0
2023-04-11 14:30:00-04:00,226.3699951171875,226.52999877929688,226.02999877929688,226.5,71404,0.0,0.0,0.0
2023-04-11 15:30:00-04:00,226.55499267578125,226.57000732421875,225.41000366210938,225.64999389648438,64776,0.0,0.0,0.0
2023-04-12 09:30:00-04:00,227.0399932861328,227.82000732421875,225.6699981689453,226.6649932861328,97800,0.0,0.0,0.0
2023-04-12 10:30:00-04:00,226.84500122070312,226.84500122070312,224.5500030517578,225.1699981689453,27786,0.0,0.0,0.0
2023-04-12 11:30:00-04:00,225.30999755859375,226.33380126953125,225.11520385742188,225.99000549316406,31895,0.0,0.0,0.0
2023-04-12 12:30:00-04:00,226.1699981689453,226.6300048828125,225.67999267578125,226.47999572753906,18862,0.0,0.0,0.0
2023-04-12 13:30:00-04:00,226.47000122070312,226.50999450683594,225.08999633789062,225.08999633789062,78090,0.0,0.0,0.0
2023-04-12 14:30:00-04:00,225.0050048828125,225.10000610351562,223.9199981689453,224.02000427246094,37610,0.0,0.0,0.0
2023-04-12 15:30:00-04:00,223.99000549316406,224.72000122070312,223.75999450683594,223.8800048828125,41387,0.0,0.0,0.0
2023-04-13 09:30:00-04:00,224.75999450683594,226.30999755859375,224.47999572753906,226.1999969482422,46682,0.0,0.0,0.0
2023-04-13 10:30:00-04:00,226.1699981689453,226.24000549316406,225.7100067138672,226.05999755859375,30239,0.0,0.0,0.0
2023-04-13 11:30:00-04:00,226.08999633789062,227.05999755859375,226.02000427246094,227.00999450683594,49098,0.0,0.0,0.0
2023-04-13 12:30:00-04:00,227.00999450683594,227.21499633789062,226.72999572753906,226.88999938964844,20146,0.0,0.0,0.0
2023-04-13 13:30:00-04:00,226.88999938964844,227.94000244140625,226.88999938964844,227.69000244140625,110777,0.0,0.0,0.0
2023-04-13 14:30:00-04:00,227.6999969482422,227.74000549316406,227.2100067138672,227.3800048828125,135890,0.0,0.0,0.0
2023-04-13 15:30:00-04:00,227.3699951171875,227.39999389648438,226.9499969482422,227.10000610351562,255554,0.0,0.0,0.0
2023-04-14 09:30:00-04:00,227.11000061035156,228.5009002685547,226.1300048828125,226.47000122070312,58338,0.0,0.0,0.0
2023-04-14 10:30:00-04:00,226.3300018310547,226.6999969482422,225.13999938964844,225.21749877929688,37384,0.0,0.0,0.0
2023-04-14 11:30:00-04:00,225.3300018310547,225.38999938964844,224.57000732421875,224.72999572753906,25367,0.0,0.0,0.0
2023-04-14 12:30:00-04:00,224.63999938964844,224.86000061035156,224.07000732421875,224.5449981689453,30571,0.0,0.0,0.0
2023-04-14 13:30:00-04:00,224.11000061035156,225.10000610351562,223.89739990234375,225.0500030517578,39577,0.0,0.0,0.0
2023-04-14 14:30:00-04:00,225.17999267578125,225.2100067138672,224.27999877929688,224.97999572753906,21522,0.0,0.0,0.0
2023-04-14 15:30:00-04:00,224.94000244140625,225.63949584960938,224.92999267578125,225.58999633789062,28222,0.0,0.0,0.0
2023-04-17 09:30:00-04:00,226.10000610351562,227.88999938964844,226.10000610351562,227.7655029296875,102725,0.0,0.0,0.0
2023-04-17 10:30:00-04:00,227.7100067138672,228.0,227.0399932861328,227.4499969482422,108598,0.0,0.0,0.0
2023-04-17 11:30:00-04:00,227.48500061035156,227.5500030517578,226.72999572753906,227.02999877929688,145559,0.0,0.0,0.0
2023-04-17 12:30:00-04:00,227.08999633789062,227.46249389648438,226.91000366210938,227.1699981689453,128039,0.0,0.0,0.0
2023-04-17 13:30:00-04:00,227.1699981689453,227.3000030517578,226.52999877929688,226.9199981689453,88307,0.0,0.0,0.0
2023-04-17 14:30:00-04:00,226.9499969482422,228.42930603027344,226.93359375,228.39999389648438,80507,0.0,0.0,0.0
2023-04-17 15:30:00-04:00,228.36000061035156,228.41000366210938,227.86000061035156,228.1999969482422,42368,0.0,0.0,0.0
2023-04-18 09:30:00-04:00,229.61000061035156,229.72999572753906,227.9199981689453,228.0050048828125,81734,0.0,0.0,0.0
2023-04-18 10:30:00-04:00,227.75999450683594,228.02000427246094,227.11500549316406,227.4600067138672,85000,0.0,0.0,0.0
2023-04-18 11:30:00-04:00,227.3800048828125,227.7100067138672,226.85000610351562,227.7100067138672,146420,0.0,0.0,0.0
2023-04-18 12:30:00-04:00,227.75,227.75,226.99000549316406,227.0399932861328,91646,0.0,0.0,0.0
2023-04-18 13:30:00-04:00,227.02000427246094,227.6199951171875,226.9499969482422,227.5399932861328,142400,0.0,0.0,0.0
2023-04-18 14:30:00-04:00,227.5399932861328,227.55999755859375,226.69000244140625,227.4499969482422,174186,0.0,0.0,0.0
2023-04-18 15:30:00-04:00,227.4499969482422,228.17999267578125,227.3800048828125,228.08999633789062,166697,0.0,0.0,0.0
2023-04-19 09:30:00-04:00,226.41000366210938,226.7100067138672,225.8300018310547,226.66000366210938,21918,0.0,0.0,0.0
2023-04-19 10:30:00-04:00,226.5800018310547,227.3699951171875,226.4199981689453,226.42999267578125,26943,0.0,0.0,0.0
2023-04-19 11:30:00-04:00,226.36000061035156,226.75,226.2949981689453,226.75,10008,0.0,0.0,0.0
2023-04-19 12:30:00-04:00,226.9199981689453,227.95269775390625,226.76409912109375,227.7899932861328,42418,0.0,0.0,0.0
2023-04-19 13:30:00-04:00,227.86000061035156,228.32000732421875,227.55999755859375,228.11000061035156,9636,0.0,0.0,0.0
2023-04-19 14:30:00-04:00,228.0500030517578,228.25,227.78500366210938,228.02999877929688,49851,0.0,0.0,0.0
2023-04-19 15:30:00-04:00,228.0399932861328,228.10000610351562,227.3000030517578,227.6999969482422,29917,0.0,0.0,0.0
2023-04-20 09:30:00-04:00,225.75999450683594,227.78919982910156,225.3820037841797,227.49560546875,0,0.0,0.0,0.0
2023-04-20 10:30:00-04:00,227.7899932861328,228.08999633789062,226.53500366210938,226.53500366210938,31983,0.0,0.0,0.0
2023-04-20 11:30:00-04:00,226.52999877929688,227.02999877929688,226.32000732421875,227.0,24620,0.0,0.0,0.0
2023-04-20 12:30:00-04:00,227.0,227.8000030517578,226.8404998779297,227.77999877929688,6054,0.0,0.0,0.0
2023-04-20 13:30:00-04:00,227.88999938964844,227.88999938964844,226.89010620117188,226.94000244140625,20157,0.0,0.0,0.0
2023-04-20 14:30:00-04:00,226.88999938964844,226.89500427246094,225.80999755859375,225.8699951171875,47241,0.0,0.0,0.0
2023-04-20 15:30:00-04:00,226.02000427246094,227.0500030517578,225.9709930419922,226.89999389648438,76776,0.0,0.0,0.0
2023-04-21 09:30:00-04:00,226.89999389648438,227.8699951171875,226.10000610351562,227.0,55907,0.0,0.0,0.0
2023-04-21 10:30:00-04:00,227.05999755859375,227.05999755859375,225.52999877929688,226.8000030517578,33166,0.0,0.0,0.0
2023-04-21 11:30:00-04:00,226.82000732421875,227.52999877929688,226.75999450683594,227.1501007080078,25086,0.0,0.0,0.0
2023-04-21 12:30:00-04:00,227.14999389648438,227.41160583496094,226.75999450683594,226.75999450683594,26393,0.0,0.0,0.0
2023-04-21 13:30:00-04:00,226.9199981689453,228.2100067138672,226.9199981689453,228.15499877929688,29349,0.0,0.0,0.0
2023-04-21 14:30:00-04:00,228.08999633789062,228.08999633789062,227.3699951171875,227.42999267578125,20624,0.0,0.0,0.0
2023-04-21 15:30:00-04:00,227.5399932861328,227.89999389648438,227.4199981689453,227.74000549316406,26462,0.0,0.0,0.0
2023-04-24 09:30:00-04:00,227.3300018310547,228.57679748535156,226.92999267578125,228.3719940185547,67940,0.0,0.0,0.0
2023-04-24 10:30:00-04:00,228.47999572753906,228.57000732421875,226.25010681152344,226.38099670410156,33708,0.0,0.0,0.0
2023-04-24 11:30:00-04:00,226.4499969482422,226.8000030517578,226.1699981689453,226.74229431152344,50644,0.0,0.0,0.0
2023-04-24 12:30:00-04:00,226.7100067138672,227.02999877929688,226.69000244140625,227.02999877929688,40037,0.0,0.0,0.0
2023-04-24 13:30:00-04:00,227.0800018310547,227.57000732421875,227.02000427246094,227.1909942626953,46130,0.0,0.0,0.0
2023-04-24 14:30:00-04:00,227.16000366210938,227.5500030517578,227.00999450683594,227.38999938964844,50246,0.0,0.0,0.0
2023-04-24 15:30:00-04:00,227.4199981689453,227.66000366210938,227.3300018310547,227.63999938964844,52356,0.0,0.0,0.0
2023-04-25 09:30:00-04:00,225.5500030517578,225.8300018310547,224.2100067138672,224.3300018310547,60450,0.0,0.0,0.0
2023-04-25 10:30:00-04:00,224.22999572753906,225.08999633789062,223.88999938964844,224.7100067138672,32100,0.0,0.0,0.0
2023-04-25 11:30:00-04:00,224.6999969482422,224.6999969482422,223.73500061035156,223.73500061035156,17428,0.0,0.0,0.0
2023-04-25 12:30:00-04:00,223.648193359375,223.9499969482422,222.25999450683594,222.61000061035156,31364,0.0,0.0,0.0
2023-04-25 13:30:00-04:00,222.5399932861328,222.75990295410156,222.36000061035156,222.75,17860,0.0,0.0,0.0
2023-04-25 14:30:00-04:00,222.69290161132812,222.89999389648438,222.2801055908203,222.44000244140625,21014,0.0,0.0,0.0
2023-04-25 15:30:00-04:00,222.57000732421875,222.59500122070312,222.0399932861328,222.0399932861328,30398,0.0,0.0,0.0
2023-04-26 09:30:00-04:00,221.6999969482422,222.50999450683594,220.41000366210938,220.60000610351562,33258,0.0,0.0,0.0
2023-04-26 10:30:00-04:00,221.4199981689453,222.1199951171875,220.80999755859375,221.6699981689453,39378,0.0,0.0,0.0
2023-04-26 11:30:00-04:00,221.75,222.30999755859375,221.6300048828125,221.85000610351562,35037,0.0,0.0,0.0
2023-04-26 12:30:00-04:00,221.90350341796875,222.0399932861328,221.1300048828125,221.42999267578125,33643,0.0,0.0,0.0
2023-04-26 13:30:00-04:00,221.44000244140625,221.5500030517578,220.52999877929688,220.966796875,12176,0.0,0.0,0.0
2023-04-26 14:30:00-04:00,221.02999877929688,221.0500030517578,219.8300018310547,220.0623016357422,40966,0.0,0.0,0.0
2023-04-26 15:30:00-04:00,220.11000061035156,220.3300018310547,219.47999572753906,220.00999450683594,70820,0.0,0.0,0.0
2023-04-27 09:30:00-04:00,220.52000427246094,221.1300048828125,219.55999755859375,220.17999267578125,0,0.0,0.0,0.0
2023-04-27 10:30:00-04:00,220.11000061035156,220.41000366210938,219.0,220.27999877929688,53490,0.0,0.0,0.0
2023-04-27 11:30:00-04:00,220.35000610351562,221.47999572753906,220.08999633789062,221.3699951171875,58874,0.0,0.0,0.0
2023-04-27 12:30:00-04:00,221.4499969482422,221.5294952392578,220.89500427246094,221.44000244140625,26522,0.0,0.0,0.0
2023-04-27 13:30:00-04:00,221.50999450683594,222.1199951171875,221.5,221.94500732421875,26683,0.0,0.0,0.0
2023-04-27 14:30:00-04:00,222.0,222.47000122070312,221.80999755859375,222.10000610351562,37516,0.0,0.0,0.0
2023-04-27 15:30:00-04:00,222.02999877929688,222.2899932861328,221.88999938964844,222.27999877929688,47982,0.0,0.0,0.0
2023-04-28 09:30:00-04:00,222.0500030517578,224.22390747070312,221.6324005126953,224.22390747070312,19967,0.0,0.0,0.0
2023-04-28 10:30:00-04:00,224.0399932861328,224.0500030517578,222.3699951171875,223.7794952392578,20795,0.0,0.0,0.0
2023-04-28 11:30:00-04:00,223.91000366210938,224.38999938964844,223.8699951171875,224.28610229492188,21826,0.0,0.0,0.0
2023-04-28 12:30:00-04:00,224.25,224.7718963623047,224.25,224.6923065185547,24945,0.0,0.0,0.0
2023-04-28 13:30:00-04:00,224.69309997558594,224.7100067138672,224.10000610351562,224.10000610351562,22035,0.0,0.0,0.0
2023-04-28 14:30:00-04:00,224.11000061035156,224.41000366210938,223.76199340820312,224.0500030517578,53401,0.0,0.0,0.0
2023-04-28 15:30:00-04:00,224.13999938964844,224.5,223.86390686035156,224.25999450683594,79542,0.0,0.0,0.0
2023-05-01 09:30:00-04:00,224.08999633789062,226.1999969482422,223.69000244140625,225.86000061035156,47203,0.0,0.0,0.0
2023-05-01 10:30:00-04:00,225.74000549316406,227.11000061035156,224.8975067138672,224.9969024658203,25678,0.0,0.0,0.0
2023-05-01 11:30:00-04:00,225.0399932861328,225.72000122070312,224.85000610351562,225.69000244140625,10781,0.0,0.0,0.0
2023-05-01 12:30:00-04:00,225.85000610351562,226.05999755859375,225.3000030517578,225.3000030517578,15568,0.0,0.0,0.0
2023-05-01 13:30:00-04:00,225.21499633789062,225.39999389648438,224.97000122070312,225.00369262695312,14072,0.0,0.0,0.0
2023-05-01 14:30:00-04:00,224.89999389648438,224.94000244140625,224.25010681152344,224.47999572753906,20401,0.0,0.0,0.0
2023-05-01 15:30:00-04:00,224.54150390625,225.44000244140625,224.44000244140625,225.11000061035156,34928,0.0,0.0,0.0
2023-05-02 09:30:00-04:00,224.1199951171875,224.1199951171875,220.6300048828125,220.6300048828125,59383,0.0,0.0,0.0
2023-05-02 10:30:00-04:00,220.52000427246094,220.5399932861328,218.77000427246094,219.3800048828125,170573,0.0,0.0,0.0
2023-05-02 11:30:00-04:00,219.5198974609375,220.13999938964844,218.83999633789062,219.9600067138672,158364,0.0,0.0,0.0
2023-05-02 12:30:00-04:00,220.0,220.75999450683594,219.77999877929688,220.58999633789062,161563,0.0,0.0,0.0
2023-05-02 13:30:00-04:00,220.69000244140625,221.17999267578125,220.22000122070312,220.47000122070312,120704,0.0,0.0,0.0
2023-05-02 14:30:00-04:00,220.6699981689453,221.24000549316406,220.2899932861328,221.08999633789062,126641,0.0,0.0,0.0
2023-05-02 15:30:00-04:00,221.14999389648438,221.32000732421875,220.69000244140625,220.74000549316406,124957,0.0,0.0,0.0
2023-05-03 09:30:00-04:00,221.58999633789062,223.843505859375,221.58999633789062,223.17999267578125,31023,0.0,0.0,0.0
2023-05-03 10:30:00-04:00,223.52000427246094,223.77999877929688,222.6699981689453,222.9600067138672,11009,0.0,0.0,0.0
2023-05-03 11:30:00-04:00,223.19000244140625,223.6699981689453,222.75999450683594,223.50999450683594,18066,0.0,0.0,0.0
2023-05-03 12:30:00-04:00,223.5399932861328,224.32000732421875,223.41000366210938,224.32000732421875,18871,0.0,0.0,0.0
2023-05-03 13:30:00-04:00,224.38999938964844,225.21499633789062,223.9600067138672,224.9199981689453,36134,0.0,0.0,0.0
2023-05-03 14:30:00-04:00,224.88999938964844,226.30999755859375,223.17999267578125,223.33999633789062,67848,0.0,0.0,0.0
2023-05-03 15:30:00-04:00,222.93380737304688,223.1199951171875,222.22999572753906,222.30999755859375,54090,0.0,0.0,0.0
2023-05-04 09:30:00-04:00,221.4199981689453,221.42999267578125,219.0449981689453,219.28500366210938,25906,0.0,0.0,0.0
2023-05-04 10:30:00-04:00,219.1999969482422,220.1699981689453,218.69000244140625,219.19000244140625,45194,0.0,0.0,0.0
2023-05-04 11:30:00-04:00,219.0850067138672,219.27000427246094,218.0,218.96499633789062,29542,0.0,0.0,0.0
2023-05-04 12:30:00-04:00,219.08999633789062,220.17999267578125,218.50999450683594,220.02000427246094,20462,0.0,0.0,0.0
2023-05-04 13:30:00-04:00,220.14999389648438,220.47000122070312,219.49000549316406,219.72000122070312,13493,0.0,0.0,0.0
2023-05-04 14:30:00-04:00,219.44000244140625,220.1699981689453,219.14999389648438,219.6750030517578,20323,0.0,0.0,0.0
2023-05-04 15:30:00-04:00,219.75999450683594,220.2404022216797,219.30999755859375,219.61000061035156,76582,0.0,0.0,0.0
2023-05-05 09:30:00-04:00,223.0,224.2100067138672,222.47000122070312,223.47999572753906,0,0.0,0.0,0.0
2023-05-05 10:30:00-04:00,223.6999969482422,223.99000549316406,222.83999633789062,223.02000427246094,22227,0.0,0.0,0.0
2023-05-05 11:30:00-04:00,223.3000030517578,223.88999938964844,223.1699981689453,223.5800018310547,17382,0.0,0.0,0.0
2023-05-05 12:30:00-04:00,223.64999389648438,224.13900756835938,223.3000030517578,223.97000122070312,18502,0.0,0.0,0.0
2023-05-05 13:30:00-04:00,224.10000610351562,224.61000061035156,224.00999450683594,224.55999755859375,24869,0.0,0.0,0.0
2023-05-05 14:30:00-04:00,224.57000732421875,225.42999267578125,224.57000732421875,224.9499969482422,69463,0.0,0.0,0.0
2023-05-05 15:30:00-04:00,224.99000549316406,225.1699981689453,224.58999633789062,224.7100067138672,94669,0.0,0.0,0.0
2023-05-08 09:30:00-04:00,225.4600067138672,226.02000427246094,223.47999572753906,223.47999572753906,59371,0.0,0.0,0.0
2023-05-08 10:30:00-04:00,223.7154998779297,224.49000549316406,223.5200958251953,223.55999755859375,20802,0.0,0.0,0.0
2023-05-08 11:30:00-04:00,223.5500030517578,224.00999450683594,223.3300018310547,223.72999572753906,12071,0.0,0.0,0.0
2023-05-08 12:30:00-04:00,223.74000549316406,224.1199951171875,223.42999267578125,223.88499450683594,12378,0.0,0.0,0.0
2023-05-08 13:30:00-04:00,223.91000366210938,224.22999572753906,223.2064971923828,224.08999633789062,13335,0.0,0.0,0.0
2023-05-08 14:30:00-04:00,224.22000122070312,224.38999938964844,223.97999572753906,224.02999877929688,24190,0.0,0.0,0.0
2023-05-08 15:30:00-04:00,224.09539794921875,224.6199951171875,224.02999877929688,224.52999877929688,44581,0.0,0.0,0.0
2023-05-09 09:30:00-04:00,222.9199981689453,223.08999633789062,222.38999938964844,222.91000366210938,0,0.0,0.0,0.0
2023-05-09 10:30:00-04:00,223.33779907226562,223.90040588378906,222.9801025390625,223.5800018310547,8082,0.0,0.0,0.0
2023-05-09 11:30:00-04:00,223.5399932861328,223.8199005126953,223.3699951171875,223.5399932861328,9349,0.0,0.0,0.0
2023-05-09 12:30:00-04:00,223.61000061035156,224.0399932861328,223.4600067138672,224.00999450683594,24684,0.0,0.0,0.0
2023-05-09 13:30:00-04:00,224.13999938964844,224.6699981689453,224.03919982910156,224.55999755859375,8862,0.0,0.0,0.0
2023-05-09 14:30:00-04:00,224.63999938964844,224.65499877929688,224.0876007080078,224.27000427246094,107635,0.0,0.0,0.0
2023-05-09 15:30:00-04:00,224.27000427246094,224.4499969482422,223.75999450683594,223.82000732421875,22357,0.0,0.0,0.0
2023-05-10 09:30:00-04:00,226.77999877929688,226.77999877929688,224.8946075439453,225.66000366210938,24788,0.0,0.0,0.0
2023-05-10 10:30:00-04:00,225.4499969482422,225.4600067138672,224.0399932861328,225.30999755859375,14523,0.0,0.0,0.0
2023-05-10 11:30:00-04:00,225.26499938964844,225.47999572753906,224.5,225.22000122070312,9334,0.0,0.0,0.0
2023-05-10 12:30:00-04:00,225.3271942138672,225.35000610351562,223.59500122070312,223.66000366210938,14767,0.0,0.0,0.0
2023-05-10 13:30:00-04:00,223.6999969482422,224.73599243164062,223.47000122070312,224.67999267578125,51640,0.0,0.0,0.0
2023-05-10 14:30:00-04:00,224.67999267578125,226.0,224.6699981689453,225.74000549316406,95717,0.0,0.0,0.0
2023-05-10 15:30:00-04:00,225.7899932861328,226.11000061035156,225.36000061035156,225.74000549316406,74562,0.0,0.0,0.0
2023-05-11 09:30:00-04:00,224.07000732421875,224.7270965576172,222.57000732421875,223.1199951171875,27650,0.0,0.0,0.0
2023-05-11 10:30:00-04:00,223.02999877929688,223.22000122070312,222.3800048828125,222.6199951171875,16038,0.0,0.0,0.0
2023-05-11 11:30:00-04:00,222.74000549316406,223.35830688476562,222.74000549316406,223.08999633789062,12797,0.0,0.0,0.0
2023-05-11 12:30:00-04:00,223.0399932861328,223.36000061035156,223.02000427246094,223.19500732421875,23261,0.0,0.0,0.0
2023-05-11 13:30:00-04:00,223.07000732421875,223.23500061035156,222.49000549316406,223.1300048828125,17875,0.0,0.0,0.0
2023-05-11 14:30:00-04:00,223.13999938964844,223.67999267578125,223.13999938964844,223.4600067138672,24095,0.0,0.0,0.0
2023-05-11 15:30:00-04:00,223.3699951171875,223.55999755859375,223.08999633789062,223.47000122070312,43957,0.0,0.0,0.0
2023-05-12 09:30:00-04:00,224.13999938964844,225.17999267578125,223.27999877929688,223.47000122070312,42784,0.0,0.0,0.0
2023-05-12 10:30:00-04:00,223.27000427246094,223.72000122070312,222.75,223.10000610351562,41325,0.0,0.0,0.0
2023-05-12 11:30:00-04:00,222.9499969482422,223.18739318847656,222.10000610351562,222.30999755859375,62727,0.0,0.0,0.0
2023-05-12 12:30:00-04:00,222.27000427246094,222.60000610351562,221.8699951171875,222.47999572753906,17699,0.0,0.0,0.0
2023-05-12 13:30:00-04:00,222.47999572753906,222.6750030517578,221.86000061035156,222.13999938964844,30582,0.0,0.0,0.0
2023-05-12 14:30:00-04:00,222.17999267578125,222.52000427246094,221.77000427246094,222.4499969482422,45245,0.0,0.0,0.0
2023-05-12 15:30:00-04:00,222.5,223.08999633789062,222.5,223.0500030517578,53000,0.0,0.0,0.0
2023-05-15 09:30:00-04:00,223.6999969482422,224.39999389648438,222.9600067138672,224.3699951171875,21829,0.0,0.0,0.0
2023-05-15 10:30:00-04:00,224.42999267578125,225.13999938964844,224.22000122070312,225.08470153808594,7752,0.0,0.0,0.0
2023-05-15 11:30:00-04:00,225.07000732421875,225.47999572753906,224.77029418945312,225.35000610351562,18411,0.0,0.0,0.0
2023-05-15 12:30:00-04:00,225.3300018310547,226.80250549316406,225.30999755859375,226.05999755859375,16415,0.0,0.0,0.0
2023-05-15 13:30:00-04:00,226.0449981689453,226.1199951171875,225.5500030517578,225.73500061035156,11336,0.0,0.0,0.0
2023-05-15 14:30:00-04:00,225.74000549316406,225.91000366210938,225.58999633789062,225.7899932861328,22928,0.0,0.0,0.0
2023-05-15 15:30:00-04:00,225.8300018310547,225.97000122070312,225.69000244140625,225.9499969482422,29998,0.0,0.0,0.0
2023-05-16 09:30:00-04:00,224.33999633789062,224.33999633789062,222.3800048828125,223.07000732421875,57980,0.0,0.0,0.0
2023-05-16 10:30:00-04:00,223.10000610351562,223.43499755859375,222.6800994873047,223.36000061035156,47910,0.0,0.0,0.0
2023-05-16 11:30:00-04:00,223.33999633789062,223.77000427246094,222.72000122070312,223.1300048828125,23447,0.0,0.0,0.0
2023-05-16 12:30:00-04:00,223.36000061035156,223.66000366210938,223.0930938720703,223.27000427246094,35088,0.0,0.0,0.0
2023-05-16 13:30:00-04:00,223.27000427246094,223.33999633789062,222.82400512695312,223.0,15716,0.0,0.0,0.0
2023-05-16 14:30:00-04:00,223.10000610351562,223.5399932861328,222.8300018310547,223.47000122070312,25851,0.0,0.0,0.0
2023-05-16 15:30:00-04:00,223.5050048828125,223.55999755859375,222.7899932861328,222.8300018310547,27949,0.0,0.0,0.0
2023-05-17 09:30:00-04:00,223.42999267578125,223.97000122070312,222.08999633789062,223.9398956298828,27382,0.0,0.0,0.0
2023-05-17 10:30:00-04:00,223.9720001220703,224.8699951171875,223.78500366210938,224.8699951171875,22823,0.0,0.0,0.0
2023-05-17 11:30:00-04:00,224.8699951171875,225.36000061035156,224.67999267578125,225.32000732421875,51904,0.0,0.0,0.0
2023-05-17 12:30:00-04:00,225.41000366210938,226.9199981689453,225.2899932861328,226.85000610351562,83801,0.0,0.0,0.0
2023-05-17 13:30:00-04:00,226.86000061035156,227.0800018310547,226.33140563964844,226.360107421875,83366,0.0,0.0,0.0
2023-05-17 14:30:00-04:00,226.3699951171875,227.06500244140625,226.1699981689453,226.37240600585938,90573,0.0,0.0,0.0
2023-05-17 15:30:00-04:00,226.4600067138672,227.0399932861328,226.32000732421875,226.60000610351562,113680,0.0,0.0,0.0
2023-05-18 09:30:00-04:00,225.91000366210938,227.61000061035156,225.4499969482422,227.20880126953125,53833,0.0,0.0,0.0
2023-05-18 10:30:00-04:00,227.41000366210938,228.0,227.3300018310547,227.67999267578125,22639,0.0,0.0,0.0
2023-05-18 11:30:00-04:00,227.83999633789062,228.4199981689453,226.42999267578125,226.5,74938,0.0,0.0,0.0
2023-05-18 12:30:00-04:00,226.4600067138672,226.80999755859375,226.17999267578125,226.27000427246094,51696,0.0,0.0,0.0
2023-05-18 13:30:00-04:00,226.30999755859375,226.55499267578125,225.67149353027344,226.52000427246094,42601,0.0,0.0,0.0
2023-05-18 14:30:00-04:00,226.39999389648438,227.58999633789062,226.39999389648438,227.3800048828125,32107,0.0,0.0,0.0
2023-05-18 15:30:00-04:00,227.44000244140625,228.60000610351562,227.44000244140625,228.17999267578125,75006,0.0,0.0,0.0
2023-05-19 09:30:00-04:00,230.63999938964844,230.63999938964844,228.50999450683594,228.60000610351562,31548,0.0,0.0,0.0
2023-05-19 10:30:00-04:00,228.5399932861328,228.8300018310547,227.44000244140625,227.44000244140625,27680,0.0,0.0,0.0
2023-05-19 11:30:00-04:00,227.39999389648438,227.4199981689453,226.3300018310547,226.96499633789062,51277,0.0,0.0,0.0
2023-05-19 12:30:00-04:00,226.85000610351562,227.57000732421875,226.5500030517578,227.0399932861328,32922,0.0,0.0,0.0
2023-05-19 13:30:00-04:00,227.0800018310547,227.1699981689453,226.4499969482422,226.74000549316406,43931,0.0,0.0,0.0
2023-05-19 14:30:00-04:00,226.74000549316406,227.27000427246094,226.5,226.93040466308594,57568,0.0,0.0,0.0
2023-05-19 15:30:00-04:00,226.9600067138672,227.36000061035156,226.92999267578125,227.2899932861328,75324,0.0,0.0,0.0
2023-05-22 09:30:00-04:00,227.8300018310547,229.22000122070312,227.41319274902344,228.94000244140625,51789,0.0,0.0,0.0
2023-05-22 10:30:00-04:00,228.94000244140625,229.42999267578125,228.19000244140625,229.35000610351562,36222,0.0,0.0,0.0
2023-05-22 11:30:00-04:00,229.33999633789062,230.3699951171875,229.1699981689453,229.80499267578125,38022,0.0,0.0,0.0
2023-05-22 12:30:00-04:00,229.75,230.2100067138672,229.5800018310547,229.99000549316406,47131,0.0,0.0,0.0
2023-05-22 13:30:00-04:00,230.05999755859375,230.25999450683594,229.66000366210938,230.25999450683594,31980,0.0,0.0,0.0
2023-05-22 14:30:00-04:00,230.27999877929688,230.80999755859375,229.83999633789062,230.0050048828125,72888,0.0,0.0,0.0
2023-05-22 15:30:00-04:00,230.0050048828125,230.04620361328125,229.61000061035156,229.89999389648438,58108,0.0,0.0,0.0
2023-05-23 09:30:00-04:00,229.35000610351562,231.4199981689453,228.83999633789062,231.4199981689453,34243,0.0,0.0,0.0
2023-05-23 10:30:00-04:00,231.4499969482422,232.14999389648438,231.1199951171875,231.72999572753906,140653,0.0,0.0,0.0
2023-05-23 11:30:00-04:00,231.75999450683594,231.8300018310547,230.07000732421875,230.07000732421875,48744,0.0,0.0,0.0
2023-05-23 12:30:00-04:00,230.10000610351562,230.27499389648438,229.08999633789062,229.14999389648438,28353,0.0,0.0,0.0
2023-05-23 13:30:00-04:00,229.0,229.4499969482422,227.72999572753906,228.10000610351562,19939,0.0,0.0,0.0
2023-05-23 14:30:00-04:00,228.3300018310547,228.3800048828125,227.72000122070312,228.07000732421875,27042,0.0,0.0,0.0
2023-05-23 15:30:00-04:00,228.2100067138672,228.5,227.91000366210938,227.9499969482422,26220,0.0,0.0,0.0
2023-05-24 09:30:00-04:00,226.32000732421875,226.72000122070312,224.85000610351562,225.30990600585938,0,0.0,0.0,0.0
2023-05-24 10:30:00-04:00,225.19000244140625,226.16000366210938,224.88999938964844,225.72000122070312,56521,0.0,0.0,0.0
2023-05-24 11:30:00-04:00,225.8000030517578,225.85000610351562,225.13999938964844,225.25,43359,0.0,0.0,0.0
2023-05-24 12:30:00-04:00,225.27000427246094,225.57730102539062,224.52999877929688,225.11000061035156,40874,0.0,0.0,0.0
2023-05-24 13:30:00-04:00,224.97999572753906,225.85989379882812,224.9199981689453,225.0800018310547,44954,0.0,0.0,0.0
2023-05-24 14:30:00-04:00,225.02999877929688,226.16000366210938,224.95010375976562,226.0800018310547,29686,0.0,0.0,0.0
2023-05-24 15:30:00-04:00,226.08999633789062,226.67999267578125,225.58999633789062,225.83999633789062,101909,0.0,0.0,0.0
2023-05-25 09:30:00-04:00,226.02999877929688,226.02999877929688,223.9199981689453,224.14999389648438,36752,0.0,0.0,0.0
2023-05-25 10:30:00-04:00,224.19000244140625,224.2100067138672,223.47000122070312,223.5,12413,0.0,0.0,0.0
2023-05-25 11:30:00-04:00,223.4499969482422,224.19000244140625,222.9149932861328,223.89999389648438,59789,0.0,0.0,0.0
2023-05-25 12:30:00-04:00,223.91000366210938,224.6199951171875,223.57000732421875,224.5500030517578,16050,0.0,0.0,0.0
2023-05-25 13:30:00-04:00,224.6199951171875,225.10000610351562,224.28500366210938,224.69500732421875,28645,0.0,0.0,0.0
2023-05-25 14:30:00-04:00,224.58999633789062,224.97000122070312,223.77830505371094,224.97000122070312,48950,0.0,0.0,0.0
2023-05-25 15:30:00-04:00,224.8000030517578,225.0399932861328,224.44000244140625,224.61000061035156,28863,0.0,0.0,0.0
2023-05-26 09:30:00-04:00,224.7100067138672,227.00999450683594,224.6199951171875,227.00999450683594,36961,0.0,0.0,0.0
2023-05-26 10:30:00-04:00,227.0,227.35000610351562,226.00999450683594,226.1300048828125,42657,0.0,0.0,0.0
2023-05-26 11:30:00-04:00,226.1300048828125,227.4508056640625,226.02999877929688,227.2100067138672,44986,0.0,0.0,0.0
2023-05-26 12:30:00-04:00,227.63519287109375,227.7136993408203,227.22000122070312,227.25,15455,0.0,0.0,0.0
2023-05-26 13:30:00-04:00,227.19000244140625,227.30999755859375,226.52000427246094,227.13999938964844,12486,0.0,0.0,0.0
2023-05-26 14:30:00-04:00,227.0399932861328,227.5399932861328,227.02000427246094,227.06500244140625,22228,0.0,0.0,0.0
2023-05-26 15:30:00-04:00,227.1199951171875,227.35000610351562,226.9499969482422,227.10000610351562,24568,0.0,0.0,0.0
2023-05-30 09:30:00-04:00,227.7899932861328,229.0,226.19000244140625,226.19000244140625,47631,0.0,0.0,0.0
2023-05-30 10:30:00-04:00,226.22059631347656,226.5699005126953,225.49000549316406,225.77000427246094,37611,0.0,0.0,0.0
2023-05-30 11:30:00-04:00,226.1999969482422,226.5500030517578,226.0399932861328,226.17999267578125,47318,0.0,0.0,0.0
2023-05-30 12:30:00-04:00,226.19000244140625,226.34970092773438,225.47999572753906,225.60000610351562,40196,0.0,0.0,0.0
2023-05-30 13:30:00-04:00,225.5500030517578,226.0399932861328,225.3000030517578,226.0399932861328,74749,0.0,0.0,0.0
2023-05-30 14:30:00-04:00,226.02999877929688,226.39169311523438,225.8800048828125,226.3800048828125,67631,0.0,0.0,0.0
2023-05-30 15:30:00-04:00,226.38999938964844,226.69000244140625,225.94000244140625,226.1300048828125,84507,0.0,0.0,0.0
2023-05-31 09:30:00-04:00,225.0,226.5500030517578,222.97999572753906,222.97999572753906,103100,0.0,0.0,0.0
2023-05-31 10:30:00-04:00,222.9600067138672,223.3000030517578,222.63999938964844,222.63999938964844,34833,0.0,0.0,0.0
2023-05-31 11:30:00-04:00,222.6199951171875,223.31829833984375,222.47999572753906,223.08740234375,28279,0.0,0.0,0.0
2023-05-31 12:30:00-04:00,223.0399932861328,223.8990936279297,222.95730590820312,223.8990936279297,23452,0.0,0.0,0.0
2023-05-31 13:30:00-04:00,223.8300018310547,224.47999572753906,223.8300018310547,224.41000366210938,44071,0.0,0.0,0.0
2023-05-31 14:30:00-04:00,224.61000061035156,224.61000061035156,223.8000030517578,224.0399932861328,42348,0.0,0.0,0.0
2023-05-31 15:30:00-04:00,224.0500030517578,224.92999267578125,223.97219848632812,224.3153076171875,65123,0.0,0.0,0.0
2023-06-01 09:30:00-04:00,224.6999969482422,224.75999450683594,223.2899932861328,224.37249755859375,0,0.0,0.0,0.0
2023-06-01 10:30:00-04:00,224.50999450683594,227.0,224.50999450683594,227.0,19939,0.0,0.0,0.0
2023-06-01 11:30:00-04:00,226.9499969482422,227.49899291992188,226.75,227.42190551757812,95894,0.0,0.0,0.0
2023-06-01 12:30:00-04:00,227.3699951171875,227.44000244140625,226.89999389648438,227.19000244140625,36972,0.0,0.0,0.0
2023-06-01 13:30:00-04:00,227.2100067138672,227.7100067138672,226.9199981689453,227.4199981689453,26341,0.0,0.0,0.0
2023-06-01 14:30:00-04:00,227.4499969482422,227.75999450683594,227.17999267578125,227.22999572753906,27387,0.0,0.0,0.0
2023-06-01 15:30:00-04:00,227.2899932861328,227.2899932861328,226.6300048828125,227.1300048828125,30984,0.0,0.0,0.0
2023-06-02 09:30:00-04:00,229.61000061035156,231.38999938964844,228.8300018310547,230.5399932861328,60646,0.0,0.0,0.0
2023-06-02 10:30:00-04:00,230.41000366210938,231.7689971923828,230.14999389648438,231.69000244140625,110729,0.0,0.0,0.0
2023-06-02 11:30:00-04:00,231.6699981689453,232.0,231.2449951171875,232.0,52301,0.0,0.0,0.0
2023-06-02 12:30:00-04:00,232.05999755859375,233.0,232.01499938964844,232.99000549316406,27784,0.0,0.0,0.0
2023-06-02 13:30:00-04:00,233.08999633789062,233.3800048828125,232.77000427246094,232.97999572753906,48562,0.0,0.0,0.0
2023-06-02 14:30:00-04:00,233.0,233.74009704589844,232.94000244140625,233.5399932861328,53144,0.0,0.0,0.0
2023-06-02 15:30:00-04:00,233.5399932861328,234.25,233.5399932861328,234.0800018310547,89042,0.0,0.0,0.0
2023-06-05 09:30:00-04:00,232.5,233.77000427246094,230.1999969482422,230.6199951171875,84801,0.0,0.0,0.0
2023-06-05 10:30:00-04:00,230.32000732421875,231.92999267578125,230.30999755859375,231.7899932861328,31896,0.0,0.0,0.0
2023-06-05 11:30:00-04:00,232.08999633789062,232.64999389648438,231.85499572753906,232.56500244140625,16828,0.0,0.0,0.0
2023-06-05 12:30:00-04:00,232.8800048828125,233.00999450683594,232.24000549316406,232.24000549316406,23443,0.0,0.0,0.0
2023-06-05 13:30:00-04:00,232.26499938964844,232.5500030517578,231.74000549316406,232.16000366210938,19669,0.0,0.0,0.0
2023-06-05 14:30:00-04:00,232.1999969482422,232.1999969482422,231.13999938964844,231.61000061035156,46532,0.0,0.0,0.0
2023-06-05 15:30:00-04:00,231.64999389648438,232.25,231.5800018310547,231.8000030517578,72025,0.0,0.0,0.0
2023-06-06 09:30:00-04:00,230.9600067138672,235.20989990234375,230.8300018310547,235.20989990234375,35597,0.0,0.0,0.0
2023-06-06 10:30:00-04:00,235.25,237.22999572753906,235.0426025390625,236.83999633789062,29492,0.0,0.0,0.0
2023-06-06 11:30:00-04:00,236.76910400390625,237.75999450683594,236.6999969482422,237.0,46791,0.0,0.0,0.0
2023-06-06 12:30:00-04:00,237.05999755859375,237.05999755859375,236.11000061035156,236.45050048828125,26416,0.0,0.0,0.0
2023-06-06 13:30:00-04:00,236.35789489746094,236.94000244140625,236.0500030517578,236.94000244140625,17070,0.0,0.0,0.0
2023-06-06 14:30:00-04:00,236.97999572753906,237.33999633789062,236.8000030517578,237.2100067138672,39095,0.0,0.0,0.0
2023-06-06 15:30:00-04:00,237.27000427246094,237.5399932861328,237.0399932861328,237.1999969482422,39738,0.0,0.0,0.0
2023-06-07 09:30:00-04:00,239.83999633789062,241.39999389648438,238.5800018310547,239.66470336914062,0,0.0,0.0,0.0
2023-06-07 10:30:00-04:00,240.0500030517578,240.63999938964844,238.86000061035156,240.63999938964844,48495,0.0,0.0,0.0
2023-06-07 11:30:00-04:00,240.72140502929688,241.25860595703125,239.1251983642578,239.47000122070312,79879,0.0,0.0,0.0
2023-06-07 12:30:00-04:00,239.47999572753906,240.22999572753906,239.11500549316406,239.47999572753906,61338,0.0,0.0,0.0
2023-06-07 13:30:00-04:00,239.5,240.5937042236328,239.05999755859375,240.30999755859375,56813,0.0,0.0,0.0
2023-06-07 14:30:00-04:00,240.38999938964844,240.80999755859375,240.02999877929688,240.5500030517578,162169,0.0,0.0,0.0
2023-06-07 15:30:00-04:00,240.5500030517578,240.6999969482422,239.97500610351562,240.13999938964844,140650,0.0,0.0,0.0
2023-06-08 09:30:00-04:00,239.91000366210938,240.41000366210938,237.81500244140625,238.60000610351562,71254,0.0,0.0,0.0
2023-06-08 10:30:00-04:00,238.7852020263672,239.10000610351562,238.02999877929688,239.10000610351562,50893,0.0,0.0,0.0
2023-06-08 11:30:00-04:00,239.27999877929688,239.8300018310547,238.85000610351562,239.8300018310547,111040,0.0,0.0,0.0
2023-06-08 12:30:00-04:00,239.4499969482422,239.8000030517578,239.1699981689453,239.8000030517578,77109,0.0,0.0,0.0
2023-06-08 13:30:00-04:00,239.86720275878906,239.87579345703125,239.07000732421875,239.8000030517578,51046,0.0,0.0,0.0
2023-06-08 14:30:00-04:00,239.91000366210938,240.42990112304688,239.7899932861328,239.99000549316406,68648,0.0,0.0,0.0
2023-06-08 15:30:00-04:00,239.97000122070312,240.0800018310547,239.42999267578125,239.6300048828125,59079,0.0,0.0,0.0
2023-06-09 09:30:00-04:00,239.91000366210938,240.2346954345703,238.6199951171875,240.1699981689453,21844,0.0,0.0,0.0
2023-06-09 10:30:00-04:00,240.24000549316406,240.27099609375,238.02999877929688,238.05999755859375,30865,0.0,0.0,0.0
2023-06-09 11:30:00-04:00,238.02999877929688,238.86000061035156,237.67999267578125,238.0054931640625,0,0.0,0.0,0.0
2023-06-09 12:30:00-04:00,238.0399932861328,238.2899932861328,237.60279846191406,238.0800018310547,144189,0.0,0.0,0.0
2023-06-09 13:30:00-04:00,238.1699981689453,238.44000244140625,238.00999450683594,238.17999267578125,32884,0.0,0.0,0.0
2023-06-09 14:30:00-04:00,238.1199951171875,238.2100067138672,237.5500030517578,237.75999450683594,59087,0.0,0.0,0.0
2023-06-09 15:30:00-04:00,237.80999755859375,238.05999755859375,237.4199981689453,238.0399932861328,36984,0.0,0.0,0.0
2023-06-12 09:30:00-04:00,238.5,239.78500366210938,237.32000732421875,239.49000549316406,37515,0.0,0.0,0.0
2023-06-12 10:30:00-04:00,239.3195037841797,240.02000427246094,238.6649932861328,239.2899932861328,27704,0.0,0.0,0.0
2023-06-12 11:30:00-04:00,239.14999389648438,239.68600463867188,238.9600067138672,239.59500122070312,28890,0.0,0.0,0.0
2023-06-12 12:30:00-04:00,239.6199951171875,239.8780059814453,239.11000061035156,239.11000061035156,18269,0.0,0.0,0.0
2023-06-12 13:30:00-04:00,239.1699981689453,239.90049743652344,238.86630249023438,239.77499389648438,25203,0.0,0.0,0.0
2023-06-12 14:30:00-04:00,239.75999450683594,240.47000122070312,239.5601043701172,239.99000549316406,47340,0.0,0.0,0.0
2023-06-12 15:30:00-04:00,240.05499267578125,240.0800018310547,239.2899932861328,239.60000610351562,57199,0.0,0.0,0.0
2023-06-13 09:30:00-04:00,240.85000610351562,243.25050354003906,240.77999877929688,243.25050354003906,71285,0.0,0.0,0.0
2023-06-13 10:30:00-04:00,243.0800018310547,243.15609741210938,241.9149932861328,242.44320678710938,54759,0.0,0.0,0.0
2023-06-13 11:30:00-04:00,242.61000061035156,242.64999389648438,241.61000061035156,242.4199981689453,101149,0.0,0.0,0.0
2023-06-13 12:30:00-04:00,242.24000549316406,242.8699951171875,242.24000549316406,242.77999877929688,44018,0.0,0.0,0.0
2023-06-13 13:30:00-04:00,242.7808074951172,242.89999389648438,241.6300048828125,241.6300048828125,89927,0.0,0.0,0.0
2023-06-13 14:30:00-04:00,241.625,242.85000610351562,241.47999572753906,242.57000732421875,92167,0.0,0.0,0.0
2023-06-13 15:30:00-04:00,242.6300048828125,242.94000244140625,242.2949981689453,242.4199981689453,121951,0.0,0.0,0.0
2023-06-14 09:30:00-04:00,242.6300048828125,243.77999877929688,241.50999450683594,241.50999450683594,38876,0.0,0.0,0.0
2023-06-14 10:30:00-04:00,241.7050018310547,242.44000244140625,241.64999389648438,242.17999267578125,32538,0.0,0.0,0.0
2023-06-14 11:30:00-04:00,242.1300048828125,242.25999450683594,241.05499267578125,241.35000610351562,22828,0.0,0.0,0.0
2023-06-14 12:30:00-04:00,241.27999877929688,241.4199981689453,240.22340393066406,240.32000732421875,26304,0.0,0.0,0.0
2023-06-14 13:30:00-04:00,240.24000549316406,240.5955047607422,238.10000610351562,238.32000732421875,32731,0.0,0.0,0.0
2023-06-14 14:30:00-04:00,238.2100067138672,240.9199981689453,237.94000244140625,240.24000549316406,49879,0.0,0.0,0.0
2023-06-14 15:30:00-04:00,239.80999755859375,240.1300048828125,238.5800018310547,239.8699951171875,75353,0.0,0.0,0.0
2023-06-15 09:30:00-04:00,238.49000549316406,240.6199951171875,238.49000549316406,240.2050018310547,26525,0.0,0.0,0.0
2023-06-15 10:30:00-04:00,240.19500732421875,240.19500732421875,238.94949340820312,240.08999633789062,12976,0.0,0.0,0.0
2023-06-15 11:30:00-04:00,240.2100067138672,240.6199951171875,239.82000732421875,240.00070190429688,47243,0.0,0.0,0.0
2023-06-15 12:30:00-04:00,240.00999450683594,240.1999969482422,239.69349670410156,240.05999755859375,27598,0.0,0.0,0.0
2023-06-15 13:30:00-04:00,240.0500030517578,241.08999633789062,240.0500030517578,240.7899932861328,46230,0.0,0.0,0.0
2023-06-15 14:30:00-04:00,240.7899932861328,241.9600067138672,240.7899932861328,241.32000732421875,42266,0.0,0.0,0.0
2023-06-15 15:30:00-04:00,241.47459411621094,241.86000061035156,241.2100067138672,241.7899932861328,54908,0.0,0.0,0.0
2023-06-16 09:30:00-04:00,242.58999633789062,243.27999877929688,240.97000122070312,241.35000610351562,45069,0.0,0.0,0.0
2023-06-16 10:30:00-04:00,241.25729370117188,241.63999938964844,239.3800048828125,239.69000244140625,51696,0.0,0.0,0.0
2023-06-16 11:30:00-04:00,239.66000366210938,240.16990661621094,238.79220581054688,240.0800018310547,59795,0.0,0.0,0.0
2023-06-16 12:30:00-04:00,240.125,240.5399932861328,239.7550048828125,239.82400512695312,25810,0.0,0.0,0.0
2023-06-16 13:30:00-04:00,239.9499969482422,239.9499969482422,239.49130249023438,239.6199951171875,44350,0.0,0.0,0.0
2023-06-16 14:30:00-04:00,239.61000061035156,239.6300048828125,239.0800018310547,239.25999450683594,37631,0.0,0.0,0.0
2023-06-16 15:30:00-04:00,239.32000732421875,240.24000549316406,239.32000732421875,239.8800048828125,71553,0.0,0.0,0.0
2023-06-20 09:30:00-04:00,238.72999572753906,239.4199981689453,237.32000732421875,237.5,61006,0.0,0.0,0.0
2023-06-20 10:30:00-04:00,237.67999267578125,238.19000244140625,237.57000732421875,237.77000427246094,40959,0.0,0.0,0.0
2023-06-20 11:30:00-04:00,237.68499755859375,238.8000030517578,237.68499755859375,238.67999267578125,18074,0.0,0.0,0.0
2023-06-20 12:30:00-04:00,238.74000549316406,239.4499969482422,238.49000549316406,239.14999389648438,21511,0.0,0.0,0.0
2023-06-20 13:30:00-04:00,239.14999389648438,239.29800415039062,238.8101043701172,238.99000549316406,24246,0.0,0.0,0.0
2023-06-20 14:30:00-04:00,239.0399932861328,239.5399932861328,238.68499755859375,239.5399932861328,23587,0.0,0.0,0.0
2023-06-20 15:30:00-04:00,239.60499572753906,239.6999969482422,239.13999938964844,239.16000366210938,77394,0.0,0.0,0.0
2023-06-21 09:30:00-04:00,238.13999938964844,238.90499877929688,237.66000366210938,238.8800048828125,41989,0.0,0.0,0.0
2023-06-21 10:30:00-04:00,238.93499755859375,238.93499755859375,237.55499267578125,238.25999450683594,13204,0.0,0.0,0.0
2023-06-21 11:30:00-04:00,238.25999450683594,238.8000030517578,238.0,238.61000061035156,22229,0.0,0.0,0.0
2023-06-21 12:30:00-04:00,238.7550048828125,238.89999389648438,238.3699951171875,238.52000427246094,29903,0.0,0.0,0.0
2023-06-21 13:30:00-04:00,238.58999633789062,240.36500549316406,238.5800018310547,240.36500549316406,19535,0.0,0.0,0.0
2023-06-21 14:30:00-04:00,240.36000061035156,240.48500061035156,239.5,239.59219360351562,45602,0.0,0.0,0.0
2023-06-21 15:30:00-04:00,239.66000366210938,239.72000122070312,238.8699951171875,238.9499969482422,56228,0.0,0.0,0.0
2023-06-22 09:30:00-04:00,237.97999572753906,238.32000732421875,236.2657928466797,238.32000732421875,34383,0.0,0.0,0.0
2023-06-22 10:30:00-04:00,238.30999755859375,238.4600067138672,237.1750030517578,237.4199981689453,28063,0.0,0.0,0.0
2023-06-22 11:30:00-04:00,237.5399932861328,238.33999633789062,237.52000427246094,237.81500244140625,27932,0.0,0.0,0.0
2023-06-22 12:30:00-04:00,238.0,238.31619262695312,237.3699951171875,237.80499267578125,32267,0.0,0.0,0.0
2023-06-22 13:30:00-04:00,237.97999572753906,238.36500549316406,237.6999969482422,238.32000732421875,28939,0.0,0.0,0.0
2023-06-22 14:30:00-04:00,238.35000610351562,238.52000427246094,237.61500549316406,237.61500549316406,35158,0.0,0.0,0.0
2023-06-22 15:30:00-04:00,237.4149932861328,237.97000122070312,237.4149932861328,237.64999389648438,41048,0.0,0.0,0.0
2023-06-23 09:30:00-04:00,234.86000061035156,236.4427032470703,234.2209930419922,235.94500732421875,31410,0.0,0.0,0.0
2023-06-23 10:30:00-04:00,236.1199951171875,236.77000427246094,235.06500244140625,235.1999969482422,71639,0.0,0.0,0.0
2023-06-23 11:30:00-04:00,235.1999969482422,236.0,235.0500030517578,236.0,49987,0.0,0.0,0.0
2023-06-23 12:30:00-04:00,235.86770629882812,236.02999877929688,235.58999633789062,235.97999572753906,13928,0.0,0.0,0.0
2023-06-23 13:30:00-04:00,236.08999633789062,236.27999877929688,235.39999389648438,235.4600067138672,29489,0.0,0.0,0.0
2023-06-23 14:30:00-04:00,235.4199981689453,235.4199981689453,234.02999877929688,234.1699981689453,70724,0.0,0.0,0.0
2023-06-23 15:30:00-04:00,234.25,234.52499389648438,233.6699981689453,234.0,146253,0.0,0.0,0.0
2023-06-26 09:30:00-04:00,233.57000732421875,236.57000732421875,233.57000732421875,235.25,62366,0.0,0.0,0.0
2023-06-26 10:30:00-04:00,235.14999389648438,235.3282012939453,234.11500549316406,234.5449981689453,47316,0.0,0.0,0.0
2023-06-26 11:30:00-04:00,234.44500732421875,234.9499969482422,233.75,233.82000732421875,32296,0.0,0.0,0.0
2023-06-26 12:30:00-04:00,233.81500244140625,234.4550018310547,233.02999877929688,234.33999633789062,37828,0.0,0.0,0.0
2023-06-26 13:30:00-04:00,234.41000366210938,234.68789672851562,234.17999267578125,234.68789672851562,42498,0.0,0.0,0.0
2023-06-26 14:30:00-04:00,234.58999633789062,235.1300048828125,234.58999633789062,234.7301025390625,34841,0.0,0.0,0.0
2023-06-26 15:30:00-04:00,234.74000549316406,234.8699951171875,233.35000610351562,233.36000061035156,44078,0.0,0.0,0.0
2023-06-27 09:30:00-04:00,233.82000732421875,234.72999572753906,233.4499969482422,234.72999572753906,25578,0.0,0.0,0.0
2023-06-27 10:30:00-04:00,234.7100067138672,235.82000732421875,234.66000366210938,235.31500244140625,21013,0.0,0.0,0.0
2023-06-27 11:30:00-04:00,235.4600067138672,236.4199981689453,235.4600067138672,236.4199981689453,29276,0.0,0.0,0.0
2023-06-27 12:30:00-04:00,236.26019287109375,237.1199951171875,236.26019287109375,236.9499969482422,105307,0.0,0.0,0.0
2023-06-27 13:30:00-04:00,236.99000549316406,237.2689971923828,236.8800048828125,237.0,15199,0.0,0.0,0.0
2023-06-27 14:30:00-04:00,237.1678924560547,237.2554931640625,236.70750427246094,237.0399932861328,14148,0.0,0.0,0.0
2023-06-27 15:30:00-04:00,237.13999938964844,237.4499969482422,236.5399932861328,236.63999938964844,37431,0.0,0.0,0.0
2023-06-28 09:30:00-04:00,236.39999389648438,237.5,235.39999389648438,236.74000549316406,48266,0.0,0.0,0.0
2023-06-28 10:30:00-04:00,236.8690948486328,237.85000610351562,236.67999267578125,237.24000549316406,38447,0.0,0.0,0.0
2023-06-28 11:30:00-04:00,237.30499267578125,238.41000366210938,237.26010131835938,237.875,29898,0.0,0.0,0.0
2023-06-28 12:30:00-04:00,237.875,238.02000427246094,236.97000122070312,237.77000427246094,28584,0.0,0.0,0.0
2023-06-28 13:30:00-04:00,237.88999938964844,238.07000732421875,237.39109802246094,238.07000732421875,28946,0.0,0.0,0.0
2023-06-28 14:30:00-04:00,237.99000549316406,238.11990356445312,237.27000427246094,237.92160034179688,38965,0.0,0.0,0.0
2023-06-28 15:30:00-04:00,237.92999267578125,238.25,237.72000122070312,238.25,51212,0.0,0.0,0.0
2023-06-29 09:30:00-04:00,238.33999633789062,241.67660522460938,238.2899932861328,240.89010620117188,24399,0.0,0.0,0.0
2023-06-29 10:30:00-04:00,241.25999450683594,241.37130737304688,240.58999633789062,240.94000244140625,41395,0.0,0.0,0.0
2023-06-29 11:30:00-04:00,241.0,241.10000610351562,240.0850067138672,240.91000366210938,35022,0.0,0.0,0.0
2023-06-29 12:30:00-04:00,240.85000610351562,241.3300018310547,240.36000061035156,241.24000549316406,29585,0.0,0.0,0.0
2023-06-29 13:30:00-04:00,241.3000030517578,241.42999267578125,240.1699981689453,240.7899932861328,61780,0.0,0.0,0.0
2023-06-29 14:30:00-04:00,240.77000427246094,240.8699951171875,240.4210968017578,240.80999755859375,37799,0.0,0.0,0.0
2023-06-29 15:30:00-04:00,240.7899932861328,241.0,240.63999938964844,240.91000366210938,50773,0.0,0.0,0.0
2023-06-30 09:30:00-04:00,243.25,243.4600067138672,242.47279357910156,243.00999450683594,25324,0.0,0.0,0.0
2023-06-30 10:30:00-04:00,243.2050018310547,243.25999450683594,242.27000427246094,242.83999633789062,83986,0.0,0.0,0.0
2023-06-30 11:30:00-04:00,242.8000030517578,243.61990356445312,242.72000122070312,243.59500122070312,28971,0.0,0.0,0.0
2023-06-30 12:30:00-04:00,243.7899932861328,244.16000366210938,243.72999572753906,243.72999572753906,35336,0.0,0.0,0.0
2023-06-30 13:30:00-04:00,243.8040008544922,243.89610290527344,243.56019592285156,243.89610290527344,25442,0.0,0.0,0.0
2023-06-30 14:30:00-04:00,243.8800048828125,243.9600067138672,243.2740936279297,243.44000244140625,31742,0.0,0.0,0.0
2023-06-30 15:30:00-04:00,243.47999572753906,243.47999572753906,242.5800018310547,242.5800018310547,55544,0.0,0.0,0.0
2023-07-03 09:30:00-04:00,242.5399932861328,243.7050018310547,241.91000366210938,242.91000366210938,37421,0.0,0.0,0.0
2023-07-03 10:30:00-04:00,243.0,243.05999755859375,242.05999755859375,242.10000610351562,27592,0.0,0.0,0.0
2023-07-03 11:30:00-04:00,242.35000610351562,242.35499572753906,241.97000122070312,242.25,19137,0.0,0.0,0.0
2023-07-05 09:30:00-04:00,241.74000549316406,241.74000549316406,239.73269653320312,240.4250030517578,40457,0.0,0.0,0.0
2023-07-05 10:30:00-04:00,240.50999450683594,240.8916015625,239.6699981689453,240.0500030517578,88510,0.0,0.0,0.0
2023-07-05 11:30:00-04:00,240.13600158691406,240.39999389648438,239.8300018310547,239.9600067138672,59618,0.0,0.0,0.0
2023-07-05 12:30:00-04:00,239.9499969482422,240.0500030517578,239.49000549316406,239.96499633789062,37376,0.0,0.0,0.0
2023-07-05 13:30:00-04:00,239.95379638671875,240.42999267578125,239.50999450683594,239.75,117503,0.0,0.0,0.0
2023-07-05 14:30:00-04:00,239.86000061035156,240.6199951171875,239.85000610351562,240.58999633789062,37194,0.0,0.0,0.0
2023-07-05 15:30:00-04:00,240.5800018310547,240.58999633789062,239.60000610351562,239.6999969482422,44435,0.0,0.0,0.0
2023-07-06 09:30:00-04:00,236.72000122070312,237.47000122070312,234.4600067138672,234.52999877929688,51278,0.0,0.0,0.0
2023-07-06 10:30:00-04:00,234.5800018310547,234.63999938964844,233.77000427246094,233.88999938964844,72339,0.0,0.0,0.0
2023-07-06 11:30:00-04:00,234.24249267578125,235.02789306640625,234.13999938964844,234.7550048828125,38146,0.0,0.0,0.0
2023-07-06 12:30:00-04:00,234.77999877929688,235.9467010498047,234.77999877929688,235.625,35258,0.0,0.0,0.0
2023-07-06 13:30:00-04:00,235.52999877929688,236.06149291992188,235.44749450683594,235.5399932861328,16007,0.0,0.0,0.0
2023-07-06 14:30:00-04:00,235.61000061035156,236.41909790039062,235.60000610351562,236.14500427246094,214279,0.0,0.0,0.0
2023-07-06 15:30:00-04:00,236.1300048828125,236.3000030517578,235.6300048828125,236.14999389648438,65921,0.0,0.0,0.0
2023-07-07 09:30:00-04:00,236.75999450683594,239.18240356445312,236.75999450683594,238.77999877929688,0,0.0,0.0,0.0
2023-07-07 10:30:00-04:00,238.72000122070312,239.74000549316406,238.44000244140625,239.63499450683594,16885,0.0,0.0,0.0
2023-07-07 11:30:00-04:00,239.72999572753906,239.72999572753906,238.88369750976562,239.44000244140625,29840,0.0,0.0,0.0
2023-07-07 12:30:00-04:00,239.4199981689453,240.2449951171875,239.4199981689453,239.91000366210938,35204,0.0,0.0,0.0
2023-07-07 13:30:00-04:00,239.99000549316406,240.08999633789062,239.47999572753906,239.91000366210938,48634,0.0,0.0,0.0
2023-07-07 14:30:00-04:00,239.77000427246094,239.77000427246094,239.14999389648438,239.23800659179688,119081,0.0,0.0,0.0
2023-07-07 15:30:00-04:00,239.22000122070312,239.32000732421875,238.02000427246094,238.1699981689453,40154,0.0,0.0,0.0
2023-07-10 09:30:00-04:00,237.58999633789062,241.61000061035156,237.58999633789062,241.22999572753906,0,0.0,0.0,0.0
2023-07-10 10:30:00-04:00,241.30999755859375,241.64999389648438,240.66000366210938,241.09539794921875,36757,0.0,0.0,0.0
2023-07-10 11:30:00-04:00,241.25999450683594,241.7899932861328,240.92999267578125,241.7899932861328,62965,0.0,0.0,0.0
2023-07-10 12:30:00-04:00,241.75,242.02000427246094,241.33999633789062,242.02000427246094,26915,0.0,0.0,0.0
2023-07-10 13:30:00-04:00,242.07000732421875,242.50999450683594,241.8800048828125,242.5,33287,0.0,0.0,0.0
2023-07-10 14:30:00-04:00,242.4600067138672,242.5800018310547,242.0800018310547,242.42999267578125,50696,0.0,0.0,0.0
2023-07-10 15:30:00-04:00,242.35000610351562,242.83799743652344,242.13999938964844,242.83799743652344,42952,0.0,0.0,0.0
2023-07-11 09:30:00-04:00,243.77000427246094,244.17999267578125,242.33999633789062,244.17999267578125,40531,0.0,0.0,0.0
2023-07-11 10:30:00-04:00,243.88999938964844,244.1013946533203,242.97000122070312,243.02999877929688,23815,0.0,0.0,0.0
2023-07-11 11:30:00-04:00,243.02999877929688,243.5749969482422,242.9600067138672,243.08999633789062,15741,0.0,0.0,0.0
2023-07-11 12:30:00-04:00,243.2100067138672,243.60000610351562,243.1699981689453,243.60000610351562,22594,0.0,0.0,0.0
2023-07-11 13:30:00-04:00,243.57249450683594,243.77000427246094,243.32000732421875,243.72999572753906,41259,0.0,0.0,0.0
2023-07-11 14:30:00-04:00,243.69000244140625,244.5,243.49000549316406,244.44000244140625,81555,0.0,0.0,0.0
2023-07-11 15:30:00-04:00,244.42999267578125,245.15109252929688,244.2100067138672,244.69000244140625,127963,0.0,0.0,0.0
2023-07-12 09:30:00-04:00,248.77000427246094,248.77000427246094,246.5,247.08999633789062,84130,0.0,0.0,0.0
2023-07-12 10:30:00-04:00,247.0500030517578,247.9600067138672,247.0500030517578,247.77000427246094,38435,0.0,0.0,0.0
2023-07-12 11:30:00-04:00,247.6999969482422,247.86000061035156,246.41000366210938,246.63999938964844,36942,0.0,0.0,0.0
2023-07-12 12:30:00-04:00,246.66000366210938,247.75,246.66000366210938,247.72999572753906,37762,0.0,0.0,0.0
2023-07-12 13:30:00-04:00,247.69009399414062,248.10000610351562,247.69009399414062,248.05999755859375,22618,0.0,0.0,0.0
2023-07-12 14:30:00-04:00,248.0,248.05999755859375,247.0,247.11000061035156,34751,0.0,0.0,0.0
2023-07-12 15:30:00-04:00,247.22000122070312,247.72500610351562,246.85000610351562,247.00999450683594,65323,0.0,0.0,0.0
2023-07-13 09:30:00-04:00,248.0,249.55499267578125,247.5,248.48500061035156,74470,0.0,0.0,0.0
2023-07-13 10:30:00-04:00,248.5800018310547,248.69000244140625,248.30999755859375,248.64999389648438,39944,0.0,0.0,0.0
2023-07-13 11:30:00-04:00,248.72999572753906,249.5500030517578,248.52999877929688,249.52000427246094,39217,0.0,0.0,0.0
2023-07-13 12:30:00-04:00,249.50770568847656,249.8300018310547,249.2987060546875,249.8300018310547,18894,0.0,0.0,0.0
2023-07-13 13:30:00-04:00,249.83619689941406,249.8800048828125,249.61920166015625,249.61920166015625,15312,0.0,0.0,0.0
2023-07-13 14:30:00-04:00,249.5592041015625,249.8000030517578,249.27000427246094,249.63729858398438,38941,0.0,0.0,0.0
2023-07-13 15:30:00-04:00,249.6300048828125,249.82000732421875,249.35000610351562,249.35000610351562,58159,0.0,0.0,0.0
2023-07-14 09:30:00-04:00,249.52999877929688,249.63999938964844,247.58999633789062,247.64999389648438,91441,0.0,0.0,0.0
2023-07-14 10:30:00-04:00,247.42999267578125,247.58999633789062,246.27999877929688,247.5399932861328,75453,0.0,0.0,0.0
2023-07-14 11:30:00-04:00,247.58999633789062,247.8699951171875,247.14999389648438,247.5399932861328,138247,0.0,0.0,0.0
2023-07-14 12:30:00-04:00,247.5800018310547,248.0590057373047,247.4199981689453,247.89999389648438,94616,0.0,0.0,0.0
2023-07-14 13:30:00-04:00,247.9499969482422,248.1699981689453,247.5399932861328,247.57000732421875,131852,0.0,0.0,0.0
2023-07-14 14:30:00-04:00,247.52999877929688,247.75999450683594,247.02999877929688,247.4600067138672,157608,0.0,0.0,0.0
2023-07-14 15:30:00-04:00,247.49000549316406,247.81900024414062,247.38499450683594,247.74000549316406,153628,0.0,0.0,0.0
2023-07-17 09:30:00-04:00,247.4499969482422,250.38999938964844,247.3800048828125,249.91000366210938,143991,0.0,0.0,0.0
2023-07-17 10:30:00-04:00,249.93499755859375,250.44000244140625,249.6699981689453,250.3000030517578,178948,0.0,0.0,0.0
2023-07-17 11:30:00-04:00,250.17999267578125,251.4499969482422,250.11570739746094,251.10000610351562,136260,0.0,0.0,0.0
2023-07-17 12:30:00-04:00,251.0800018310547,251.42999267578125,251.0500030517578,251.42999267578125,133590,0.0,0.0,0.0
2023-07-17 13:30:00-04:00,251.41000366210938,251.6999969482422,251.27999877929688,251.4600067138672,130366,0.0,0.0,0.0
2023-07-17 14:30:00-04:00,251.42999267578125,251.4600067138672,250.98500061035156,251.19000244140625,154916,0.0,0.0,0.0
2023-07-17 15:30:00-04:00,251.14129638671875,251.2100067138672,250.64999389648438,250.77000427246094,87397,0.0,0.0,0.0
2023-07-18 09:30:00-04:00,251.0,253.32000732421875,250.91000366210938,253.0399932861328,132886,0.0,0.0,0.0
2023-07-18 10:30:00-04:00,252.9499969482422,252.9499969482422,252.25999450683594,252.72000122070312,101774,0.0,0.0,0.0
2023-07-18 11:30:00-04:00,252.61000061035156,252.66000366210938,251.8300018310547,252.35000610351562,121314,0.0,0.0,0.0
2023-07-18 12:30:00-04:00,252.33999633789062,252.5,252.0800018310547,252.41000366210938,72429,0.0,0.0,0.0
2023-07-18 13:30:00-04:00,252.41000366210938,252.8300018310547,252.0399932861328,252.8300018310547,43717,0.0,0.0,0.0
2023-07-18 14:30:00-04:00,252.8300018310547,253.13999938964844,252.5800018310547,253.0886993408203,47945,0.0,0.0,0.0
2023-07-18 15:30:00-04:00,253.05999755859375,253.27999877929688,252.72999572753906,253.08999633789062,51099,0.0,0.0,0.0
2023-07-19 09:30:00-04:00,254.0,255.10000610351562,253.60000610351562,253.80999755859375,107958,0.0,0.0,0.0
2023-07-19 10:30:00-04:00,253.80999755859375,253.82000732421875,252.5500030517578,253.55999755859375,125844,0.0,0.0,0.0
2023-07-19 11:30:00-04:00,253.6999969482422,253.83999633789062,252.5,252.5,95175,0.0,0.0,0.0
2023-07-19 12:30:00-04:00,252.5,252.73500061035156,251.84500122070312,252.35000610351562,60264,0.0,0.0,0.0
2023-07-19 13:30:00-04:00,252.27999877929688,252.38999938964844,251.89999389648438,252.1199951171875,55288,0.0,0.0,0.0
2023-07-19 14:30:00-04:00,252.14999389648438,252.92999267578125,252.04690551757812,252.72999572753906,58007,0.0,0.0,0.0
2023-07-19 15:30:00-04:00,252.6999969482422,252.88999938964844,252.3249969482422,252.50999450683594,308488,0.0,0.0,0.0
2023-07-20 09:30:00-04:00,252.64999389648438,252.6999969482422,250.0,250.0,54296,0.0,0.0,0.0
2023-07-20 10:30:00-04:00,249.99000549316406,250.8800048828125,249.5800018310547,250.44000244140625,63654,0.0,0.0,0.0
2023-07-20 11:30:00-04:00,250.38499450683594,251.0399932861328,250.14999389648438,250.30990600585938,24760,0.0,0.0,0.0
2023-07-20 12:30:00-04:00,250.27000427246094,250.42999267578125,249.72999572753906,250.1300048828125,25235,0.0,0.0,0.0
2023-07-20 13:30:00-04:00,250.0500030517578,250.32000732421875,249.5,249.5,25641,0.0,0.0,0.0
2023-07-20 14:30:00-04:00,249.6392059326172,250.3000030517578,249.6392059326172,249.72999572753906,45531,0.0,0.0,0.0
2023-07-20 15:30:00-04:00,249.82000732421875,250.24000549316406,249.82000732421875,250.1699981689453,66110,0.0,0.0,0.0
2023-07-21 09:30:00-04:00,251.85000610351562,251.89999389648438,249.8000030517578,249.8000030517578,30946,0.0,0.0,0.0
2023-07-21 10:30:00-04:00,249.72000122070312,250.8000030517578,249.6699981689453,250.8000030517578,47400,0.0,0.0,0.0
2023-07-21 11:30:00-04:00,250.8000030517578,250.94000244140625,250.19000244140625,250.24000549316406,90110,0.0,0.0,0.0
2023-07-21 12:30:00-04:00,250.1999969482422,250.43600463867188,249.5225067138672,250.36000061035156,26074,0.0,0.0,0.0
2023-07-21 13:30:00-04:00,250.44000244140625,250.77000427246094,249.7899932861328,249.7899932861328,29060,0.0,0.0,0.0
2023-07-21 14:30:00-04:00,249.82000732421875,250.13999938964844,249.00999450683594,249.4600067138672,71099,0.0,0.0,0.0
2023-07-21 15:30:00-04:00,249.4499969482422,249.57000732421875,249.22999572753906,249.32000732421875,356159,0.0,0.0,0.0
2023-07-24 09:30:00-04:00,249.75,251.3300018310547,248.38999938964844,248.92999267578125,63812,0.0,0.0,0.0
2023-07-24 10:30:00-04:00,248.9600067138672,248.9600067138672,248.29029846191406,248.7899932861328,11707,0.0,0.0,0.0
2023-07-24 11:30:00-04:00,248.7100067138672,249.5,248.53750610351562,248.77999877929688,14798,0.0,0.0,0.0
2023-07-24 12:30:00-04:00,248.88999938964844,249.2523956298828,248.7899932861328,249.1699981689453,0,0.0,0.0,0.0
2023-07-24 13:30:00-04:00,249.25,249.47900390625,248.94000244140625,249.3000030517578,125741,0.0,0.0,0.0
2023-07-24 14:30:00-04:00,249.17999267578125,249.2050018310547,248.58009338378906,248.58009338378906,40838,0.0,0.0,0.0
2023-07-24 15:30:00-04:00,248.72999572753906,249.30999755859375,248.6999969482422,249.2100067138672,90116,0.0,0.0,0.0
2023-07-25 09:30:00-04:00,248.5399932861328,250.82000732421875,248.5399932861328,250.5800018310547,46129,0.0,0.0,0.0
2023-07-25 10:30:00-04:00,250.3905029296875,250.6999969482422,249.8820037841797,250.4001007080078,34452,0.0,0.0,0.0
2023-07-25 11:30:00-04:00,250.47999572753906,250.65769958496094,249.94000244140625,250.2637939453125,46592,0.0,0.0,0.0
2023-07-25 12:30:00-04:00,250.33999633789062,250.69000244140625,250.22000122070312,250.61000061035156,85297,0.0,0.0,0.0
2023-07-25 13:30:00-04:00,250.6300048828125,250.9949951171875,250.52999877929688,250.9600067138672,85762,0.0,0.0,0.0
2023-07-25 14:30:00-04:00,250.9600067138672,251.14500427246094,250.2100067138672,250.36000061035156,129212,0.0,0.0,0.0
2023-07-25 15:30:00-04:00,250.33999633789062,250.41000366210938,249.7899932861328,249.91000366210938,144107,0.0,0.0,0.0
2023-07-26 09:30:00-04:00,249.3000030517578,250.9499969482422,249.0800018310547,250.6199951171875,31487,0.0,0.0,0.0
2023-07-26 10:30:00-04:00,250.83990478515625,250.83990478515625,249.27499389648438,249.7100067138672,31240,0.0,0.0,0.0
2023-07-26 11:30:00-04:00,249.8074951171875,250.16000366210938,249.73500061035156,250.05999755859375,24849,0.0,0.0,0.0
2023-07-26 12:30:00-04:00,249.99000549316406,250.1999969482422,249.68499755859375,249.8800048828125,59620,0.0,0.0,0.0
2023-07-26 13:30:00-04:00,249.8300018310547,250.0500030517578,249.52000427246094,249.75999450683594,29452,0.0,0.0,0.0
2023-07-26 14:30:00-04:00,249.74000549316406,251.64999389648438,249.6199951171875,250.4199981689453,48265,0.0,0.0,0.0
2023-07-26 15:30:00-04:00,250.3800048828125,251.00999450683594,250.110107421875,250.5399932861328,49495,0.0,0.0,0.0
2023-07-27 09:30:00-04:00,252.2100067138672,252.47999572753906,250.16000366210938,250.16000366210938,33616,0.0,0.0,0.0
2023-07-27 10:30:00-04:00,250.27999877929688,251.25,249.74009704589844,250.3000030517578,38896,0.0,0.0,0.0
2023-07-27 11:30:00-04:00,250.36000061035156,250.75,249.77999877929688,250.75,178433,0.0,0.0,0.0
2023-07-27 12:30:00-04:00,250.75,250.9199981689453,249.4199981689453,249.44000244140625,136799,0.0,0.0,0.0
2023-07-27 13:30:00-04:00,249.4250030517578,249.4600067138672,248.14999389648438,248.22000122070312,55557,0.0,0.0,0.0
2023-07-27 14:30:00-04:00,248.16000366210938,248.30999755859375,246.88999938964844,247.33169555664062,47272,0.0,0.0,0.0
2023-07-27 15:30:00-04:00,247.33999633789062,247.61819458007812,246.55999755859375,247.55999755859375,105680,0.0,0.0,0.0
2023-07-28 09:30:00-04:00,250.1699981689453,251.18099975585938,249.58999633789062,250.1300048828125,84605,0.0,0.0,0.0
2023-07-28 10:30:00-04:00,250.4499053955078,250.5998992919922,249.8800048828125,250.52999877929688,29265,0.0,0.0,0.0
2023-07-28 11:30:00-04:00,250.52000427246094,250.8459930419922,250.25270080566406,250.80999755859375,30975,0.0,0.0,0.0
2023-07-28 12:30:00-04:00,250.71499633789062,251.0800018310547,250.3699951171875,250.52639770507812,18846,0.0,0.0,0.0
2023-07-28 13:30:00-04:00,250.51300048828125,251.02999877929688,249.86000061035156,251.02000427246094,27738,0.0,0.0,0.0
2023-07-28 14:30:00-04:00,251.02999877929688,251.1699981689453,250.75,250.75,46505,0.0,0.0,0.0
2023-07-28 15:30:00-04:00,250.74000549316406,250.99000549316406,250.6566925048828,250.8000030517578,45069,0.0,0.0,0.0
2023-07-31 09:30:00-04:00,251.74000549316406,253.25,251.57000732421875,252.89999389648438,95531,0.0,0.0,0.0
2023-07-31 10:30:00-04:00,252.9949951171875,253.1300048828125,252.4199981689453,253.091796875,35352,0.0,0.0,0.0
2023-07-31 11:30:00-04:00,253.17999267578125,253.49530029296875,252.82000732421875,253.206298828125,37242,0.0,0.0,0.0
2023-07-31 12:30:00-04:00,253.29769897460938,253.29769897460938,252.39999389648438,253.02999877929688,53683,0.0,0.0,0.0
2023-07-31 13:30:00-04:00,253.07000732421875,253.55999755859375,253.05999755859375,253.4199981689453,75669,0.0,0.0,0.0
2023-07-31 14:30:00-04:00,253.4199981689453,253.64999389648438,253.28500366210938,253.52000427246094,44311,0.0,0.0,0.0
2023-07-31 15:30:00-04:00,253.55999755859375,254.05999755859375,253.14999389648438,254.05999755859375,93247,0.0,0.0,0.0
2023-08-01 09:30:00-04:00,252.6699981689453,252.6699981689453,250.47999572753906,250.67999267578125,66534,0.0,0.0,0.0
2023-08-01 10:30:00-04:00,250.6199951171875,251.47500610351562,250.3699951171875,251.3000030517578,25724,0.0,0.0,0.0
2023-08-01 11:30:00-04:00,251.33999633789062,251.67999267578125,251.10000610351562,251.22000122070312,37961,0.0,0.0,0.0
2023-08-01 12:30:00-04:00,251.19000244140625,252.11000061035156,251.11000061035156,252.05499267578125,84486,0.0,0.0,0.0
2023-08-01 13:30:00-04:00,252.0,252.38999938964844,251.75010681152344,252.11000061035156,24766,0.0,0.0,0.0
2023-08-01 14:30:00-04:00,252.19000244140625,252.5989990234375,252.0500030517578,252.4199981689453,50952,0.0,0.0,0.0
2023-08-01 15:30:00-04:00,252.4499969482422,252.69000244140625,252.1699981689453,252.60000610351562,68854,0.0,0.0,0.0
2023-08-02 09:30:00-04:00,249.9499969482422,250.11419677734375,248.52999877929688,249.3699951171875,60725,0.0,0.0,0.0
2023-08-02 10:30:00-04:00,249.36000061035156,249.5,247.9199981689453,248.3000030517578,69052,0.0,0.0,0.0
2023-08-02 11:30:00-04:00,248.16000366210938,248.5399932861328,247.00999450683594,247.6300048828125,58204,0.0,0.0,0.0
2023-08-02 12:30:00-04:00,247.66000366210938,248.69000244140625,247.55999755859375,248.42999267578125,66168,0.0,0.0,0.0
2023-08-02 13:30:00-04:00,248.47000122070312,248.9199981689453,248.4199981689453,248.75999450683594,84107,0.0,0.0,0.0
2023-08-02 14:30:00-04:00,248.72000122070312,248.875,247.80999755859375,247.8300018310547,211617,0.0,0.0,0.0
2023-08-02 15:30:00-04:00,247.8699951171875,248.60000610351562,247.83999633789062,248.2899932861328,156622,0.0,0.0,0.0
2023-08-03 09:30:00-04:00,247.27999877929688,247.72999572753906,246.07000732421875,246.24000549316406,136726,0.0,0.0,0.0
2023-08-03 10:30:00-04:00,246.2100067138672,247.97000122070312,246.2100067138672,247.8800048828125,120036,0.0,0.0,0.0
2023-08-03 11:30:00-04:00,247.83999633789062,248.10000610351562,247.44000244140625,248.10000610351562,81055,0.0,0.0,0.0
2023-08-03 12:30:00-04:00,248.12750244140625,248.83999633789062,248.08999633789062,248.63499450683594,90554,0.0,0.0,0.0
2023-08-03 13:30:00-04:00,248.7100067138672,248.72000122070312,247.77000427246094,248.1999969482422,41220,0.0,0.0,0.0
2023-08-03 14:30:00-04:00,248.14999389648438,248.1999969482422,247.38999938964844,247.72000122070312,88768,0.0,0.0,0.0
2023-08-03 15:30:00-04:00,247.7100067138672,247.9199981689453,247.27000427246094,247.42999267578125,92085,0.0,0.0,0.0
2023-08-04 09:30:00-04:00,247.97000122070312,248.69000244140625,245.57000732421875,247.36000061035156,126972,0.0,0.0,0.0
2023-08-04 10:30:00-04:00,247.39999389648438,248.1999969482422,247.39999389648438,248.1699981689453,97994,0.0,0.0,0.0
2023-08-04 11:30:00-04:00,248.17999267578125,249.0500030517578,247.8699951171875,249.0500030517578,79911,0.0,0.0,0.0
2023-08-04 12:30:00-04:00,249.05999755859375,249.13999938964844,248.50999450683594,248.61000061035156,50859,0.0,0.0,0.0
2023-08-04 13:30:00-04:00,248.58999633789062,248.6999969482422,246.8800048828125,247.2100067138672,95634,0.0,0.0,0.0
2023-08-04 14:30:00-04:00,246.97999572753906,247.17999267578125,246.25999450683594,246.47999572753906,212034,0.0,0.0,0.0
2023-08-04 15:30:00-04:00,246.55999755859375,246.72999572753906,246.11000061035156,246.3300018310547,43068,0.0,0.0,0.0
2023-08-07 09:30:00-04:00,246.64999389648438,246.86000061035156,243.9600067138672,245.4949951171875,80836,0.0,0.0,0.0
2023-08-07 10:30:00-04:00,245.38999938964844,245.7899932861328,244.99000549316406,245.16000366210938,42034,0.0,0.0,0.0
2023-08-07 11:30:00-04:00,245.08770751953125,245.4499969482422,244.69000244140625,245.33999633789062,35051,0.0,0.0,0.0
2023-08-07 12:30:00-04:00,245.3300018310547,245.72000122070312,244.94000244140625,245.42999267578125,30845,0.0,0.0,0.0
2023-08-07 13:30:00-04:00,245.4499969482422,245.77760314941406,245.3018035888672,245.35499572753906,25940,0.0,0.0,0.0
2023-08-07 14:30:00-04:00,245.5399932861328,245.75,245.2899932861328,245.35000610351562,63556,0.0,0.0,0.0
2023-08-07 15:30:00-04:00,245.36000061035156,245.80999755859375,245.27000427246094,245.58999633789062,110228,0.0,0.0,0.0
2023-08-08 09:30:00-04:00,243.0800018310547,243.0800018310547,241.25,242.22000122070312,127112,0.0,0.0,0.0
2023-08-08 10:30:00-04:00,242.1699981689453,242.3300018310547,241.33999633789062,241.8000030517578,97670,0.0,0.0,0.0
2023-08-08 11:30:00-04:00,241.9600067138672,242.1699981689453,241.49000549316406,242.1699981689453,26855,0.0,0.0,0.0
2023-08-08 12:30:00-04:00,242.0800018310547,242.72000122070312,242.02000427246094,242.5399932861328,61595,0.0,0.0,0.0
2023-08-08 13:30:00-04:00,242.64999389648438,243.47000122070312,242.4600067138672,243.25,49286,0.0,0.0,0.0
2023-08-08 14:30:00-04:00,243.2899932861328,243.92999267578125,243.1699981689453,243.75,68648,0.0,0.0,0.0
2023-08-08 15:30:00-04:00,243.74000549316406,244.00999450683594,243.5500030517578,243.9199981689453,50256,0.0,0.0,0.0
2023-08-09 09:30:00-04:00,243.63999938964844,243.63999938964844,241.1199951171875,241.57769775390625,0,0.0,0.0,0.0
2023-08-09 10:30:00-04:00,241.58999633789062,241.92999267578125,240.8300018310547,240.86000061035156,37092,0.0,0.0,0.0
2023-08-09 11:30:00-04:00,240.85000610351562,241.13900756835938,240.13999938964844,240.8000030517578,103108,0.0,0.0,0.0
2023-08-09 12:30:00-04:00,240.7949981689453,241.6300048828125,240.69009399414062,241.4250030517578,67217,0.0,0.0,0.0
2023-08-09 13:30:00-04:00,241.4499969482422,242.17999267578125,241.39999389648438,242.0800018310547,39609,0.0,0.0,0.0
2023-08-09 14:30:00-04:00,242.07000732421875,242.33990478515625,241.1699981689453,241.54989624023438,73180,0.0,0.0,0.0
2023-08-09 15:30:00-04:00,241.6300048828125,241.7100067138672,240.75,241.02999877929688,80408,0.0,0.0,0.0
2023-08-10 09:30:00-04:00,241.9499969482422,244.5399932861328,241.89999389648438,243.47000122070312,74894,0.0,0.0,0.0
2023-08-10 10:30:00-04:00,243.47000122070312,243.64999389648438,241.55430603027344,242.0800018310547,72703,0.0,0.0,0.0
2023-08-10 11:30:00-04:00,242.10000610351562,242.44000244140625,240.63999938964844,241.1199951171875,137529,0.0,0.0,0.0
2023-08-10 12:30:00-04:00,241.10800170898438,241.6699981689453,239.9499969482422,239.99000549316406,135742,0.0,0.0,0.0
2023-08-10 13:30:00-04:00,239.99000549316406,240.80999755859375,239.50999450683594,240.50999450683594,117286,0.0,0.0,0.0
2023-08-10 14:30:00-04:00,240.57000732421875,241.13999938964844,240.1999969482422,240.5800018310547,101152,0.0,0.0,0.0
2023-08-10 15:30:00-04:00,240.50999450683594,240.67999267578125,240.14999389648438,240.5800018310547,53380,0.0,0.0,0.0
2023-08-11 09:30:00-04:00,239.2100067138672,241.27999877929688,239.02000427246094,241.10499572753906,36975,0.0,0.0,0.0
2023-08-11 10:30:00-04:00,241.11000061035156,241.3800048828125,240.22000122070312,240.41000366210938,21002,0.0,0.0,0.0
2023-08-11 11:30:00-04:00,240.25,241.1199951171875,240.1199951171875,240.7899932861328,14308,0.0,0.0,0.0
2023-08-11 12:30:00-04:00,240.86000061035156,241.0,240.3699951171875,240.9340057373047,14527,0.0,0.0,0.0
2023-08-11 13:30:00-04:00,240.91000366210938,240.94000244140625,240.33999633789062,240.85000610351562,56900,0.0,0.0,0.0
2023-08-11 14:30:00-04:00,240.8300018310547,241.24000549316406,240.67999267578125,241.08839416503906,159629,0.0,0.0,0.0
2023-08-11 15:30:00-04:00,241.07000732421875,241.17999267578125,240.60000610351562,240.9199981689453,164367,0.0,0.0,0.0
2023-08-14 09:30:00-04:00,239.74000549316406,239.7899932861328,238.25999450683594,239.19000244140625,88562,0.0,0.0,0.0
2023-08-14 10:30:00-04:00,239.25,240.17999267578125,239.1300048828125,240.0800018310547,40709,0.0,0.0,0.0
2023-08-14 11:30:00-04:00,240.10000610351562,240.4698944091797,239.91000366210938,240.1999969482422,63708,0.0,0.0,0.0
2023-08-14 12:30:00-04:00,240.17999267578125,240.82000732421875,240.00999450683594,240.5800018310547,70620,0.0,0.0,0.0
2023-08-14 13:30:00-04:00,240.66000366210938,240.75,240.32000732421875,240.74000549316406,64242,0.0,0.0,0.0
2023-08-14 14:30:00-04:00,240.75999450683594,241.25,240.50999450683594,241.10000610351562,69852,0.0,0.0,0.0
2023-08-14 15:30:00-04:00,241.08999633789062,241.30999755859375,240.8800048828125,241.25,132337,0.0,0.0,0.0
2023-08-15 09:30:00-04:00,240.25999450683594,240.32000732421875,238.56500244140625,238.77000427246094,95129,0.0,0.0,0.0
2023-08-15 10:30:00-04:00,238.72999572753906,239.82000732421875,238.41000366210938,239.6300048828125,68129,0.0,0.0,0.0
2023-08-15 11:30:00-04:00,239.60000610351562,239.8300018310547,239.00999450683594,239.33999633789062,61602,0.0,0.0,0.0
2023-08-15 12:30:00-04:00,239.3000030517578,239.3300018310547,238.72999572753906,239.3300018310547,33143,0.0,0.0,0.0
2023-08-15 13:30:00-04:00,239.33999633789062,239.33999633789062,238.8699951171875,239.08999633789062,36453,0.0,0.0,0.0
2023-08-15 14:30:00-04:00,239.10000610351562,239.5,238.74000549316406,238.75999450683594,65456,0.0,0.0,0.0
2023-08-15 15:30:00-04:00,238.72999572753906,239.05999755859375,238.6699981689453,238.8000030517578,95467,0.0,0.0,0.0
2023-08-16 09:30:00-04:00,238.52999877929688,239.4425048828125,237.88999938964844,237.97000122070312,49982,0.0,0.0,0.0
2023-08-16 10:30:00-04:00,238.27999877929688,238.58999633789062,238.02000427246094,238.1300048828125,25277,0.0,0.0,0.0
2023-08-16 11:30:00-04:00,238.16000366210938,238.1699981689453,236.82000732421875,236.94000244140625,44082,0.0,0.0,0.0
2023-08-16 12:30:00-04:00,236.91000366210938,237.3300018310547,236.4510040283203,236.69500732421875,50887,0.0,0.0,0.0
2023-08-16 13:30:00-04:00,236.72000122070312,237.23899841308594,236.22999572753906,237.10499572753906,142328,0.0,0.0,0.0
2023-08-16 14:30:00-04:00,237.1300048828125,237.2631072998047,235.94000244140625,236.10000610351562,53844,0.0,0.0,0.0
2023-08-16 15:30:00-04:00,236.14999389648438,236.41000366210938,235.52749633789062,235.5800018310547,66911,0.0,0.0,0.0
2023-08-17 09:30:00-04:00,235.89999389648438,236.2899932861328,234.0,234.02000427246094,128266,0.0,0.0,0.0
2023-08-17 10:30:00-04:00,234.0399932861328,234.42999267578125,233.5399932861328,233.61000061035156,142959,0.0,0.0,0.0
2023-08-17 11:30:00-04:00,233.63999938964844,234.39999389648438,233.4499969482422,234.2899932861328,79034,0.0,0.0,0.0
2023-08-17 12:30:00-04:00,234.36000061035156,234.39999389648438,233.72999572753906,233.8000030517578,52156,0.0,0.0,0.0
2023-08-17 13:30:00-04:00,233.77000427246094,233.7899932861328,232.9199981689453,233.0399932861328,64186,0.0,0.0,0.0
2023-08-17 14:30:00-04:00,232.97999572753906,232.97999572753906,231.9499969482422,232.3300018310547,155873,0.0,0.0,0.0
2023-08-17 15:30:00-04:00,232.36000061035156,232.41000366210938,231.67999267578125,231.75,222968,0.0,0.0,0.0
2023-08-18 09:30:00-04:00,229.74000549316406,233.1300048828125,229.64999389648438,231.89999389648438,97172,0.0,0.0,0.0
2023-08-18 10:30:00-04:00,231.82000732421875,233.49000549316406,231.8000030517578,232.97000122070312,72609,0.0,0.0,0.0
2023-08-18 11:30:00-04:00,233.0800018310547,233.57000732421875,232.82000732421875,233.35000610351562,30701,0.0,0.0,0.0
2023-08-18 12:30:00-04:00,233.36000061035156,233.7805938720703,233.0,233.41000366210938,38825,0.0,0.0,0.0
2023-08-18 13:30:00-04:00,233.49000549316406,233.94000244140625,233.3800048828125,233.83999633789062,53381,0.0,0.0,0.0
2023-08-18 14:30:00-04:00,233.9499969482422,234.19000244140625,233.47000122070312,233.83999633789062,164746,0.0,0.0,0.0
2023-08-18 15:30:00-04:00,233.8300018310547,234.0399932861328,233.22000122070312,233.4499969482422,77409,0.0,0.0,0.0
2023-08-21 09:30:00-04:00,233.36000061035156,234.27999877929688,232.49000549316406,232.5399932861328,0,0.0,0.0,0.0
2023-08-21 10:30:00-04:00,232.5399932861328,233.38999938964844,232.33999633789062,232.47000122070312,64584,0.0,0.0,0.0
2023-08-21 11:30:00-04:00,232.4600067138672,232.9600067138672,232.02000427246094,232.9149932861328,48392,0.0,0.0,0.0
2023-08-21 12:30:00-04:00,232.8800048828125,233.50999450683594,232.66000366210938,233.41000366210938,55095,0.0,0.0,0.0
2023-08-21 13:30:00-04:00,233.3979949951172,233.8699951171875,233.36000061035156,233.6649932861328,45293,0.0,0.0,0.0
2023-08-21 14:30:00-04:00,233.64990234375,234.35000610351562,233.60000610351562,234.1649932861328,42603,0.0,0.0,0.0
2023-08-21 15:30:00-04:00,234.11000061035156,234.33999633789062,233.52999877929688,233.75999450683594,207446,0.0,0.0,0.0
2023-08-22 09:30:00-04:00,234.88999938964844,235.5749969482422,233.19000244140625,233.58999633789062,0,0.0,0.0,0.0
2023-08-22 10:30:00-04:00,233.5850067138672,234.0500030517578,233.1699981689453,233.88999938964844,52092,0.0,0.0,0.0
2023-08-22 11:30:00-04:00,233.88999938964844,234.16000366210938,233.00999450683594,233.389892578125,45440,0.0,0.0,0.0
2023-08-22 12:30:00-04:00,233.35000610351562,233.75,233.05360412597656,233.47999572753906,37265,0.0,0.0,0.0
2023-08-22 13:30:00-04:00,233.5399932861328,234.1199951171875,233.27999877929688,234.1199951171875,54880,0.0,0.0,0.0
2023-08-22 14:30:00-04:00,234.1699981689453,234.6199951171875,233.8800048828125,234.2899932861328,84123,0.0,0.0,0.0
2023-08-22 15:30:00-04:00,234.27000427246094,234.33999633789062,233.75,234.00999450683594,174724,0.0,0.0,0.0
2023-08-23 09:30:00-04:00,234.0399932861328,235.69000244140625,233.69000244140625,235.38999938964844,120627,0.0,0.0,0.0
2023-08-23 10:30:00-04:00,235.41000366210938,236.4499969482422,235.14999389648438,236.36000061035156,108433,0.0,0.0,0.0
2023-08-23 11:30:00-04:00,236.35000610351562,236.72000122070312,236.33099365234375,236.6699981689453,36670,0.0,0.0,0.0
2023-08-23 12:30:00-04:00,236.67999267578125,237.14500427246094,236.57000732421875,237.10000610351562,30069,0.0,0.0,0.0
2023-08-23 13:30:00-04:00,237.17999267578125,237.1999969482422,236.7449951171875,236.9199981689453,37615,0.0,0.0,0.0
2023-08-23 14:30:00-04:00,236.89999389648438,236.99000549316406,236.68499755859375,236.9149932861328,99788,0.0,0.0,0.0
2023-08-23 15:30:00-04:00,236.89999389648438,236.90499877929688,236.2218017578125,236.4199981689453,54369,0.0,0.0,0.0
2023-08-24 09:30:00-04:00,236.24000549316406,236.63999938964844,234.83999633789062,234.99000549316406,138760,0.0,0.0,0.0
2023-08-24 10:30:00-04:00,234.97000122070312,235.47000122070312,233.72079467773438,233.8699951171875,101596,0.0,0.0,0.0
2023-08-24 11:30:00-04:00,233.9199981689453,234.14500427246094,233.27000427246094,233.9199981689453,71111,0.0,0.0,0.0
2023-08-24 12:30:00-04:00,233.90499877929688,234.375,233.27000427246094,233.35000610351562,45992,0.0,0.0,0.0
2023-08-24 13:30:00-04:00,233.3300018310547,233.83999633789062,233.32000732421875,233.6199951171875,78263,0.0,0.0,0.0
2023-08-24 14:30:00-04:00,233.63499450683594,233.8300018310547,233.27000427246094,233.50999450683594,143787,0.0,0.0,0.0
2023-08-24 15:30:00-04:00,233.52000427246094,233.64500427246094,232.6199951171875,232.6699981689453,111698,0.0,0.0,0.0
2023-08-25 09:30:00-04:00,233.42999267578125,234.72000122070312,232.36500549316406,232.44000244140625,109835,0.0,0.0,0.0
2023-08-25 10:30:00-04:00,232.41000366210938,232.85499572753906,230.7899932861328,232.14500427246094,101029,0.0,0.0,0.0
2023-08-25 11:30:00-04:00,232.2100067138672,233.447998046875,231.88999938964844,233.447998046875,32544,0.0,0.0,0.0
2023-08-25 12:30:00-04:00,233.39999389648438,233.83999633789062,233.05999755859375,233.16000366210938,12293,0.0,0.0,0.0
2023-08-25 13:30:00-04:00,233.1999969482422,234.8800048828125,233.10000610351562,234.8699951171875,10538,0.0,0.0,0.0
2023-08-25 14:30:00-04:00,234.86000061035156,235.22000122070312,234.36000061035156,235.05999755859375,67125,0.0,0.0,0.0
2023-08-25 15:30:00-04:00,235.02000427246094,235.05499267578125,233.7899932861328,234.05999755859375,84026,0.0,0.0,0.0
2023-08-28 09:30:00-04:00,235.02999877929688,237.22000122070312,235.02999877929688,236.8925018310547,58339,0.0,0.0,0.0
2023-08-28 10:30:00-04:00,236.82000732421875,236.82000732421875,235.85000610351562,235.9600067138672,52228,0.0,0.0,0.0
2023-08-28 11:30:00-04:00,236.02999877929688,236.24000549316406,235.6199951171875,235.89999389648438,70330,0.0,0.0,0.0
2023-08-28 12:30:00-04:00,235.7899932861328,236.5500030517578,235.77000427246094,236.2100067138672,12767,0.0,0.0,0.0
2023-08-28 13:30:00-04:00,236.2799072265625,236.2799072265625,235.22999572753906,235.51190185546875,17179,0.0,0.0,0.0
2023-08-28 14:30:00-04:00,235.50999450683594,235.85000610351562,235.35000610351562,235.55499267578125,29798,0.0,0.0,0.0
2023-08-28 15:30:00-04:00,235.52499389648438,236.17999267578125,235.41000366210938,235.60000610351562,45449,0.0,0.0,0.0
2023-08-29 09:30:00-04:00,235.22999572753906,237.6199951171875,234.39999389648438,237.57000732421875,105658,0.0,0.0,0.0
2023-08-29 10:30:00-04:00,237.5500030517578,238.6999053955078,237.4499969482422,238.66000366210938,80914,0.0,0.0,0.0
2023-08-29 11:30:00-04:00,238.6699981689453,239.32000732421875,238.63999938964844,239.30990600585938,53939,0.0,0.0,0.0
2023-08-29 12:30:00-04:00,239.32000732421875,239.49000549316406,239.08999633789062,239.44500732421875,37782,0.0,0.0,0.0
2023-08-29 13:30:00-04:00,239.49000549316406,239.67999267578125,239.32000732421875,239.49000549316406,74044,0.0,0.0,0.0
2023-08-29 14:30:00-04:00,239.5,239.64999389648438,239.1699981689453,239.4250030517578,72843,0.0,0.0,0.0
2023-08-29 15:30:00-04:00,239.4199981689453,239.50999450683594,239.1699981689453,239.44000244140625,80649,0.0,0.0,0.0
2023-08-30 09:30:00-04:00,238.83999633789062,241.11990356445312,238.83999633789062,239.7899932861328,53331,0.0,0.0,0.0
2023-08-30 10:30:00-04:00,239.88999938964844,241.57000732421875,239.88999938964844,241.3800048828125,29125,0.0,0.0,0.0
2023-08-30 11:30:00-04:00,241.38999938964844,241.89999389648438,241.35000610351562,241.8699951171875,23362,0.0,0.0,0.0
2023-08-30 12:30:00-04:00,241.875,241.96969604492188,241.22999572753906,241.2740020751953,39275,0.0,0.0,0.0
2023-08-30 13:30:00-04:00,241.42999267578125,241.57000732421875,240.71749877929688,240.91000366210938,57614,0.0,0.0,0.0
2023-08-30 14:30:00-04:00,240.77499389648438,241.3699951171875,240.77000427246094,240.99000549316406,72242,0.0,0.0,0.0
2023-08-30 15:30:00-04:00,240.99000549316406,241.16000366210938,240.75,240.89999389648438,50078,0.0,0.0,0.0
2023-08-31 09:30:00-04:00,241.27999877929688,242.6300048828125,241.27999877929688,242.42880249023438,49238,0.0,0.0,0.0
2023-08-31 10:30:00-04:00,242.45010375976562,242.67999267578125,242.02999877929688,242.6199951171875,23517,0.0,0.0,0.0
2023-08-31 11:30:00-04:00,242.58999633789062,242.60000610351562,241.3300018310547,241.59500122070312,25671,0.0,0.0,0.0
2023-08-31 12:30:00-04:00,241.49000549316406,241.7100067138672,240.97000122070312,241.6300048828125,20144,0.0,0.0,0.0
2023-08-31 13:30:00-04:00,241.75,241.75999450683594,241.2100067138672,241.27000427246094,55682,0.0,0.0,0.0
2023-08-31 14:30:00-04:00,241.25999450683594,241.47000122070312,240.8000030517578,241.44000244140625,51728,0.0,0.0,0.0
2023-08-31 15:30:00-04:00,241.47999572753906,241.52999877929688,240.52999877929688,240.52999877929688,53089,0.0,0.0,0.0
2023-09-01 09:30:00-04:00,242.52000427246094,244.0850067138672,241.77999877929688,243.88999938964844,131152,0.0,0.0,0.0
2023-09-01 10:30:00-04:00,243.7899932861328,243.8000030517578,242.86000061035156,243.38999938964844,30237,0.0,0.0,0.0
2023-09-01 11:30:00-04:00,243.55999755859375,243.55999755859375,242.46690368652344,243.14999389648438,0,0.0,0.0,0.0
2023-09-01 12:30:00-04:00,243.14999389648438,243.32000732421875,242.86000061035156,242.94000244140625,252385,0.0,0.0,0.0
2023-09-01 13:30:00-04:00,242.9499969482422,243.14999389648438,242.43099975585938,242.43099975585938,13459,0.0,0.0,0.0
2023-09-01 14:30:00-04:00,242.50999450683594,242.77499389648438,242.3800048828125,242.75999450683594,26977,0.0,0.0,0.0
2023-09-01 15:30:00-04:00,242.74000549316406,242.89500427246094,242.51499938964844,242.52999877929688,51855,0.0,0.0,0.0
2023-09-05 09:30:00-04:00,241.24000549316406,241.49000549316406,238.30999755859375,238.91000366210938,76948,0.0,0.0,0.0
2023-09-05 10:30:00-04:00,238.97000122070312,239.9499969482422,238.4199981689453,239.39999389648438,42253,0.0,0.0,0.0
2023-09-05 11:30:00-04:00,239.17999267578125,239.27000427246094,238.85000610351562,239.2100067138672,27260,0.0,0.0,0.0
2023-09-05 12:30:00-04:00,239.24000549316406,239.47000122070312,238.55999755859375,238.8300018310547,22623,0.0,0.0,0.0
2023-09-05 13:30:00-04:00,238.8699951171875,239.02000427246094,238.60000610351562,238.82000732421875,21948,0.0,0.0,0.0
2023-09-05 14:30:00-04:00,238.8300018310547,238.8300018310547,238.3000030517578,238.41000366210938,86963,0.0,0.0,0.0
2023-09-05 15:30:00-04:00,238.41000366210938,238.75,238.1199951171875,238.14999389648438,144658,0.0,0.0,0.0
2023-09-06 09:30:00-04:00,238.7100067138672,239.9499969482422,238.1300048828125,238.1300048828125,21520,0.0,0.0,0.0
2023-09-06 10:30:00-04:00,238.2375030517578,238.6300048828125,237.25999450683594,237.55999755859375,29048,0.0,0.0,0.0
2023-09-06 11:30:00-04:00,237.33999633789062,237.49989318847656,236.67120361328125,236.67120361328125,38025,0.0,0.0,0.0
2023-09-06 12:30:00-04:00,236.82000732421875,237.41000366210938,236.4600067138672,237.1999969482422,72689,0.0,0.0,0.0
2023-09-06 13:30:00-04:00,237.2899932861328,237.68499755859375,237.1699981689453,237.68499755859375,25374,0.0,0.0,0.0
2023-09-06 14:30:00-04:00,237.6649932861328,237.9499969482422,237.42999267578125,237.67999267578125,24699,0.0,0.0,0.0
2023-09-06 15:30:00-04:00,237.69000244140625,238.07000732421875,237.69000244140625,238.00999450683594,35920,0.0,0.0,0.0
2023-09-07 09:30:00-04:00,236.25,236.72140502929688,234.11000061035156,234.6699981689453,50858,0.0,0.0,0.0
2023-09-07 10:30:00-04:00,234.75,235.3699951171875,234.40499877929688,234.6699981689453,39227,0.0,0.0,0.0
2023-09-07 11:30:00-04:00,234.67999267578125,235.39999389648438,234.52000427246094,235.27999877929688,78702,0.0,0.0,0.0
2023-09-07 12:30:00-04:00,235.30999755859375,235.61000061035156,234.9600067138672,235.55999755859375,41000,0.0,0.0,0.0
2023-09-07 13:30:00-04:00,235.55999755859375,235.88999938964844,235.35000610351562,235.52000427246094,0,0.0,0.0,0.0
2023-09-07 14:30:00-04:00,235.52999877929688,235.89999389648438,235.49000549316406,235.75999450683594,343059,0.0,0.0,0.0
2023-09-07 15:30:00-04:00,235.77000427246094,235.9600067138672,235.44000244140625,235.64999389648438,44410,0.0,0.0,0.0
2023-09-08 09:30:00-04:00,235.52999877929688,236.22999572753906,234.61000061035156,235.69000244140625,63300,0.0,0.0,0.0
2023-09-08 10:30:00-04:00,235.5800018310547,235.6999969482422,234.97999572753906,235.61000061035156,38635,0.0,0.0,0.0
2023-09-08 11:30:00-04:00,235.60000610351562,235.6699981689453,235.22000122070312,235.3800048828125,57482,0.0,0.0,0.0
2023-09-08 12:30:00-04:00,235.3699951171875,235.3800048828125,234.9199981689453,235.14999389648438,23859,0.0,0.0,0.0
2023-09-08 13:30:00-04:00,235.18499755859375,235.30999755859375,234.6999969482422,234.86000061035156,35643,0.0,0.0,0.0
2023-09-08 14:30:00-04:00,234.8300018310547,234.89999389648438,234.5399932861328,234.5800018310547,36288,0.0,0.0,0.0
2023-09-08 15:30:00-04:00,234.5399932861328,234.72000122070312,234.2899932861328,234.5500030517578,30862,0.0,0.0,0.0
2023-09-11 09:30:00-04:00,236.08999633789062,236.50039672851562,235.0399932861328,236.19000244140625,75440,0.0,0.0,0.0
2023-09-11 10:30:00-04:00,236.16000366210938,236.16000366210938,235.27000427246094,235.42999267578125,55051,0.0,0.0,0.0
2023-09-11 11:30:00-04:00,235.33999633789062,235.5,235.10000610351562,235.43499755859375,60628,0.0,0.0,0.0
2023-09-11 12:30:00-04:00,235.5,235.74000549316406,235.22000122070312,235.72999572753906,49419,0.0,0.0,0.0
2023-09-11 13:30:00-04:00,235.75999450683594,235.8300018310547,235.3000030517578,235.35499572753906,51565,0.0,0.0,0.0
2023-09-11 14:30:00-04:00,235.3699951171875,235.47000122070312,235.11000061035156,235.36500549316406,107396,0.0,0.0,0.0
2023-09-11 15:30:00-04:00,235.36000061035156,235.49000549316406,234.92999267578125,235.19000244140625,62135,0.0,0.0,0.0
2023-09-12 09:30:00-04:00,234.3300018310547,236.14999389648438,234.3300018310547,235.25,44848,0.0,0.0,0.0
2023-09-12 10:30:00-04:00,235.1699981689453,235.4499969482422,234.55999755859375,235.2050018310547,45717,0.0,0.0,0.0
2023-09-12 11:30:00-04:00,235.1999969482422,235.77499389648438,235.16000366210938,235.60000610351562,23140,0.0,0.0,0.0
2023-09-12 12:30:00-04:00,235.6699981689453,235.88999938964844,235.34500122070312,235.7100067138672,22666,0.0,0.0,0.0
2023-09-12 13:30:00-04:00,235.7899932861328,235.89999389648438,235.02999877929688,235.1300048828125,29775,0.0,0.0,0.0
2023-09-12 14:30:00-04:00,235.1300048828125,235.1300048828125,234.38999938964844,234.41810607910156,31760,0.0,0.0,0.0
2023-09-12 15:30:00-04:00,234.47999572753906,234.6300048828125,234.2050018310547,234.50999450683594,42793,0.0,0.0,0.0
2023-09-13 09:30:00-04:00,234.58999633789062,235.13999938964844,232.97000122070312,233.88499450683594,77117,0.0,0.0,0.0
2023-09-13 10:30:00-04:00,233.85000610351562,234.33999633789062,233.73500061035156,233.94000244140625,65686,0.0,0.0,0.0
2023-09-13 11:30:00-04:00,233.9199981689453,234.0,233.27999877929688,233.91000366210938,48348,0.0,0.0,0.0
2023-09-13 12:30:00-04:00,233.9199981689453,234.02000427246094,233.6300048828125,233.75999450683594,46928,0.0,0.0,0.0
2023-09-13 13:30:00-04:00,233.74000549316406,233.89999389648438,233.0800018310547,233.3000030517578,53668,0.0,0.0,0.0
2023-09-13 14:30:00-04:00,233.2899932861328,233.2899932861328,232.1999969482422,232.64999389648438,172783,0.0,0.0,0.0
2023-09-13 15:30:00-04:00,232.6999969482422,233.00900268554688,232.5399932861328,232.86000061035156,197391,0.0,0.0,0.0
2023-09-14 09:30:00-04:00,234.38999938964844,236.1300048828125,233.75999450683594,234.1699981689453,92947,0.0,0.0,0.0
2023-09-14 10:30:00-04:00,234.52000427246094,236.02920532226562,234.47999572753906,235.13999938964844,62524,0.0,0.0,0.0
2023-09-14 11:30:00-04:00,235.22000122070312,235.27999877929688,234.83999633789062,234.8699951171875,98489,0.0,0.0,0.0
2023-09-14 12:30:00-04:00,234.847900390625,235.39999389648438,234.6300048828125,235.3800048828125,33842,0.0,0.0,0.0
2023-09-14 13:30:00-04:00,235.4499969482422,235.52000427246094,235.17999267578125,235.25999450683594,28864,0.0,0.0,0.0
2023-09-14 14:30:00-04:00,235.25,235.85989379882812,235.19000244140625,235.27999877929688,59196,0.0,0.0,0.0
2023-09-14 15:30:00-04:00,235.2100067138672,235.52000427246094,235.1199951171875,235.4600067138672,96333,0.0,0.0,0.0
2023-09-15 09:30:00-04:00,234.67999267578125,234.67999267578125,232.9425048828125,233.11000061035156,132169,0.0,0.0,0.0
2023-09-15 10:30:00-04:00,233.0500030517578,233.47999572753906,232.17250061035156,232.36000061035156,84513,0.0,0.0,0.0
2023-09-15 11:30:00-04:00,232.36000061035156,232.49000549316406,232.1199951171875,232.3249969482422,83781,0.0,0.0,0.0
2023-09-15 12:30:00-04:00,232.32000732421875,232.63999938964844,231.82000732421875,231.85000610351562,44797,0.0,0.0,0.0
2023-09-15 13:30:00-04:00,231.82000732421875,232.32000732421875,231.7100067138672,232.1699981689453,103447,0.0,0.0,0.0
2023-09-15 14:30:00-04:00,232.2100067138672,232.57000732421875,232.14999389648438,232.49000549316406,194572,0.0,0.0,0.0
2023-09-15 15:30:00-04:00,232.58999633789062,232.72000122070312,232.08999633789062,232.64999389648438,73927,0.0,0.0,0.0
2023-09-18 09:30:00-04:00,232.39999389648438,232.6999969482422,231.4001007080078,232.08999633789062,53143,0.0,0.0,0.0
2023-09-18 10:30:00-04:00,232.02000427246094,232.2899932861328,231.47999572753906,231.82000732421875,44797,0.0,0.0,0.0
2023-09-18 11:30:00-04:00,231.92999267578125,232.22000122070312,231.86000061035156,232.08999633789062,39708,0.0,0.0,0.0
2023-09-18 12:30:00-04:00,232.07000732421875,232.27000427246094,232.01499938964844,232.1699981689453,24005,0.0,0.0,0.0
2023-09-18 13:30:00-04:00,232.2100067138672,232.39999389648438,231.99000549316406,232.16220092773438,20243,0.0,0.0,0.0
2023-09-18 14:30:00-04:00,232.14999389648438,232.27999877929688,231.72000122070312,231.8282012939453,65938,0.0,0.0,0.0
2023-09-18 15:30:00-04:00,231.8350067138672,231.8350067138672,231.3000030517578,231.3300018310547,76164,0.0,0.0,0.0
2023-09-19 09:30:00-04:00,231.4199981689453,232.02000427246094,230.02999877929688,230.5800018310547,45738,0.0,0.0,0.0
2023-09-19 10:30:00-04:00,230.49000549316406,230.5500030517578,229.89999389648438,230.11000061035156,30565,0.0,0.0,0.0
2023-09-19 11:30:00-04:00,230.22000122070312,230.4199981689453,229.77000427246094,229.77000427246094,30818,0.0,0.0,0.0
2023-09-19 12:30:00-04:00,229.5399932861328,229.95899963378906,229.42999267578125,229.75,26830,0.0,0.0,0.0
2023-09-19 13:30:00-04:00,229.8300018310547,230.47000122070312,229.80999755859375,230.19000244140625,0,0.0,0.0,0.0
2023-09-19 14:30:00-04:00,230.2274932861328,230.8000030517578,230.1999969482422,230.49000549316406,285926,0.0,0.0,0.0
2023-09-19 15:30:00-04:00,230.5050048828125,230.65330505371094,230.14999389648438,230.2100067138672,96937,0.0,0.0,0.0
2023-09-20 09:30:00-04:00,231.2899932861328,232.22000122070312,230.83999633789062,231.4600067138672,62974,0.0,0.0,0.0
2023-09-20 10:30:00-04:00,231.50999450683594,231.6199951171875,231.08299255371094,231.10000610351562,82532,0.0,0.0,0.0
2023-09-20 11:30:00-04:00,231.0800018310547,231.47999572753906,231.07000732421875,231.4199981689453,38963,0.0,0.0,0.0
2023-09-20 12:30:00-04:00,231.49989318847656,231.49989318847656,230.97999572753906,230.99000549316406,34189,0.0,0.0,0.0
2023-09-20 13:30:00-04:00,230.97000122070312,231.2100067138672,230.00999450683594,230.77999877929688,71786,0.0,0.0,0.0
2023-09-20 14:30:00-04:00,230.69000244140625,231.3498992919922,229.08999633789062,229.4600067138672,83185,0.0,0.0,0.0
2023-09-20 15:30:00-04:00,229.42999267578125,229.42999267578125,227.7100067138672,227.77999877929688,104283,0.0,0.0,0.0
2023-09-21 09:30:00-04:00,225.74000549316406,225.88999938964844,224.11000061035156,224.94000244140625,108439,0.0,0.0,0.0
2023-09-21 10:30:00-04:00,224.90530395507812,225.2899932861328,224.22999572753906,224.3000030517578,128001,0.0,0.0,0.0
2023-09-21 11:30:00-04:00,224.27999877929688,224.94000244140625,224.13999938964844,224.47000122070312,92088,0.0,0.0,0.0
2023-09-21 12:30:00-04:00,224.44000244140625,225.44000244140625,224.3000030517578,225.38999938964844,59977,0.0,0.0,0.0
2023-09-21 13:30:00-04:00,225.38999938964844,225.6199951171875,224.9499969482422,225.0,71903,0.0,0.0,0.0
2023-09-21 14:30:00-04:00,224.9199981689453,225.22999572753906,224.47999572753906,224.53500366210938,86130,0.0,0.0,0.0
2023-09-21 15:30:00-04:00,224.55999755859375,224.6999969482422,223.9199981689453,223.9199981689453,138312,0.0,0.0,0.0
2023-09-22 09:30:00-04:00,224.52999877929688,225.69000244140625,224.10000610351562,224.6699981689453,87767,0.0,0.0,0.0
2023-09-22 10:30:00-04:00,224.85000610351562,225.22000122070312,224.4600067138672,224.77999877929688,118301,0.0,0.0,0.0
2023-09-22 11:30:00-04:00,224.77999877929688,224.99000549316406,224.38999938964844,224.60000610351562,80852,0.0,0.0,0.0
2023-09-22 12:30:00-04:00,224.63999938964844,224.8800048828125,224.33999633789062,224.44000244140625,43032,0.0,0.0,0.0
2023-09-22 13:30:00-04:00,224.3800048828125,224.52000427246094,223.52000427246094,223.7100067138672,125541,0.0,0.0,0.0
2023-09-22 14:30:00-04:00,223.72999572753906,224.85000610351562,223.61000061035156,224.50999450683594,117796,0.0,0.0,0.0
2023-09-22 15:30:00-04:00,224.5,224.64999389648438,223.3800048828125,223.41000366210938,262700,0.0,0.0,0.0
2023-09-25 09:30:00-04:00,222.22000122070312,224.1199951171875,221.99000549316406,223.1699981689453,76700,0.0,0.0,0.0
2023-09-25 10:30:00-04:00,223.1699981689453,224.3000030517578,222.91000366210938,224.0,88951,0.0,0.0,0.0
2023-09-25 11:30:00-04:00,224.02999877929688,224.75,223.9600067138672,224.7436065673828,64464,0.0,0.0,0.0
2023-09-25 12:30:00-04:00,224.75,224.75,224.07000732421875,224.07000732421875,44369,0.0,0.0,0.0
2023-09-25 13:30:00-04:00,224.1699981689453,224.54989624023438,224.02000427246094,224.0850067138672,23774,0.0,0.0,0.0
2023-09-25 14:30:00-04:00,224.08999633789062,224.30999755859375,223.42999267578125,223.80499267578125,120810,0.0,0.0,0.0
2023-09-25 15:30:00-04:00,223.77999877929688,224.1999969482422,223.60000610351562,224.07000732421875,84294,0.0,0.0,0.0
2023-09-26 09:30:00-04:00,222.6199951171875,224.3699951171875,222.5399932861328,223.27000427246094,98017,0.0,0.0,0.0
2023-09-26 10:30:00-04:00,223.1999969482422,223.30999755859375,222.37109375,222.3800048828125,117612,0.0,0.0,0.0
2023-09-26 11:30:00-04:00,222.32000732421875,222.69000244140625,222.2449951171875,222.50999450683594,98616,0.0,0.0,0.0
2023-09-26 12:30:00-04:00,222.5500030517578,222.55999755859375,222.00999450683594,222.00999450683594,82432,0.0,0.0,0.0
2023-09-26 13:30:00-04:00,222.0,222.1199951171875,221.6300048828125,221.72999572753906,66279,0.0,0.0,0.0
2023-09-26 14:30:00-04:00,221.72000122070312,221.9550018310547,221.44000244140625,221.50999450683594,89431,0.0,0.0,0.0
2023-09-26 15:30:00-04:00,221.57000732421875,221.6699981689453,221.0500030517578,221.24000549316406,148331,0.0,0.0,0.0
2023-09-27 09:30:00-04:00,222.3800048828125,224.1699981689453,222.3800048828125,224.16000366210938,122446,0.0,0.0,0.0
2023-09-27 10:30:00-04:00,224.1199951171875,224.2100067138672,223.08059692382812,223.9665069580078,124667,0.0,0.0,0.0
2023-09-27 11:30:00-04:00,224.0,224.0500030517578,222.05999755859375,222.3000030517578,103734,0.0,0.0,0.0
2023-09-27 12:30:00-04:00,222.25,222.91000366210938,221.7100067138672,221.75,89509,0.0,0.0,0.0
2023-09-27 13:30:00-04:00,221.8000030517578,223.0196990966797,221.45010375976562,222.97000122070312,75880,0.0,0.0,0.0
2023-09-27 14:30:00-04:00,223.0,224.55999755859375,223.0,224.1300048828125,153616,0.0,0.0,0.0
2023-09-27 15:30:00-04:00,224.10000610351562,224.1699981689453,223.24000549316406,223.5500030517578,151757,0.0,0.0,0.0
2023-09-28 09:30:00-04:00,223.13999938964844,225.0500030517578,223.13999938964844,224.0399932861328,75564,0.0,0.0,0.0
2023-09-28 10:30:00-04:00,223.6999969482422,225.3699951171875,223.39999389648438,225.360107421875,54091,0.0,0.0,0.0
2023-09-28 11:30:00-04:00,225.44000244140625,226.80999755859375,225.42999267578125,226.7100067138672,65749,0.0,0.0,0.0
2023-09-28 12:30:00-04:00,226.83999633789062,226.9600067138672,225.72999572753906,225.77879333496094,74766,0.0,0.0,0.0
2023-09-28 13:30:00-04:00,225.69000244140625,226.05999755859375,225.43499755859375,225.99000549316406,60841,0.0,0.0,0.0
2023-09-28 14:30:00-04:00,225.9199981689453,226.36199951171875,225.38999938964844,226.24000549316406,38358,0.0,0.0,0.0
2023-09-28 15:30:00-04:00,226.22000122070312,226.25,225.3699951171875,225.72000122070312,83765,0.0,0.0,0.0
2023-09-29 09:30:00-04:00,227.32000732421875,227.7100067138672,225.5800018310547,225.86000061035156,160470,0.0,0.0,0.0
2023-09-29 10:30:00-04:00,225.9499969482422,226.6699981689453,225.6199951171875,225.75999450683594,80082,0.0,0.0,0.0
2023-09-29 11:30:00-04:00,225.6300048828125,225.8300018310547,224.8000030517578,225.5800018310547,41591,0.0,0.0,0.0
2023-09-29 12:30:00-04:00,225.63999938964844,225.7100067138672,224.02000427246094,224.3699951171875,42290,0.0,0.0,0.0
2023-09-29 13:30:00-04:00,224.4600067138672,224.47999572753906,223.66000366210938,223.68499755859375,50409,0.0,0.0,0.0
2023-09-29 14:30:00-04:00,223.7100067138672,224.9499969482422,223.6199951171875,224.58999633789062,61481,0.0,0.0,0.0
2023-09-29 15:30:00-04:00,224.5399932861328,224.78500366210938,223.89999389648438,224.19000244140625,230329,0.0,0.0,0.0
2023-10-02 09:30:00-04:00,223.52000427246094,224.1999969482422,222.5800018310547,222.68699645996094,148241,0.0,0.0,0.0
2023-10-02 10:30:00-04:00,222.5399932861328,223.30999755859375,222.08999633789062,223.19000244140625,79970,0.0,0.0,0.0
2023-10-02 11:30:00-04:00,223.2100067138672,223.22000122070312,221.33999633789062,221.50999450683594,81090,0.0,0.0,0.0
2023-10-02 12:30:00-04:00,221.47000122070312,221.5399932861328,220.8800048828125,221.33999633789062,122544,0.0,0.0,0.0
2023-10-02 13:30:00-04:00,221.38999938964844,221.72000122070312,220.89999389648438,220.91000366210938,187406,0.0,0.0,0.0
2023-10-02 14:30:00-04:00,220.97000122070312,221.0800018310547,220.39999389648438,220.78500366210938,164551,0.0,0.0,0.0
2023-10-02 15:30:00-04:00,220.80999755859375,221.49000549316406,220.6300048828125,221.49000549316406,151953,0.0,0.0,0.0
2023-10-03 09:30:00-04:00,220.07000732421875,220.8000030517578,218.55999755859375,218.63999938964844,58262,0.0,0.0,0.0
2023-10-03 10:30:00-04:00,218.39999389648438,218.80999755859375,217.65989685058594,218.0399932861328,58334,0.0,0.0,0.0
2023-10-03 11:30:00-04:00,218.07000732421875,218.64999389648438,217.59500122070312,218.55999755859375,163470,0.0,0.0,0.0
2023-10-03 12:30:00-04:00,218.66000366210938,218.6699981689453,217.72000122070312,217.7906036376953,65132,0.0,0.0,0.0
2023-10-03 13:30:00-04:00,217.8000030517578,217.82000732421875,216.6300048828125,216.86500549316406,112744,0.0,0.0,0.0
2023-10-03 14:30:00-04:00,217.0,217.97000122070312,216.8699951171875,217.27499389648438,131828,0.0,0.0,0.0
2023-10-03 15:30:00-04:00,217.3000030517578,217.81829833984375,217.1699981689453,217.61000061035156,50040,0.0,0.0,0.0
2023-10-04 09:30:00-04:00,217.38999938964844,218.4199981689453,215.24000549316406,215.33889770507812,0,0.0,0.0,0.0
2023-10-04 10:30:00-04:00,215.35000610351562,216.80999755859375,215.35000610351562,216.80999755859375,225947,0.0,0.0,0.0
2023-10-04 11:30:00-04:00,216.75999450683594,217.8699951171875,216.47000122070312,217.8699951171875,105529,0.0,0.0,0.0
2023-10-04 12:30:00-04:00,217.8699951171875,218.15499877929688,217.0399932861328,217.05999755859375,33932,0.0,0.0,0.0
2023-10-04 13:30:00-04:00,216.97000122070312,217.2259979248047,216.39999389648438,216.74000549316406,58007,0.0,0.0,0.0
2023-10-04 14:30:00-04:00,216.7899932861328,217.8800048828125,216.72000122070312,217.75,39768,0.0,0.0,0.0
2023-10-04 15:30:00-04:00,217.75,218.42999267578125,217.63999938964844,217.9499969482422,166419,0.0,0.0,0.0
2023-10-05 09:30:00-04:00,217.27999877929688,218.77000427246094,217.13999938964844,217.51010131835938,67119,0.0,0.0,0.0
2023-10-05 10:30:00-04:00,217.42999267578125,217.67999267578125,216.0500030517578,216.25,68784,0.0,0.0,0.0
2023-10-05 11:30:00-04:00,216.2100067138672,216.97000122070312,216.13999938964844,216.91000366210938,41505,0.0,0.0,0.0
2023-10-05 12:30:00-04:00,217.03500366210938,217.10000610351562,216.05999755859375,216.80999755859375,54306,0.0,0.0,0.0
2023-10-05 13:30:00-04:00,216.82000732421875,217.69000244140625,216.6199951171875,217.35000610351562,0,0.0,0.0,0.0
2023-10-05 14:30:00-04:00,217.52000427246094,218.53990173339844,217.52000427246094,218.2100067138672,446300,0.0,0.0,0.0
2023-10-05 15:30:00-04:00,218.27000427246094,218.38999938964844,217.72999572753906,217.72999572753906,221674,0.0,0.0,0.0
2023-10-06 09:30:00-04:00,216.27000427246094,217.44000244140625,215.80999755859375,217.13999938964844,175241,0.0,0.0,0.0
2023-10-06 10:30:00-04:00,217.14999389648438,218.77999877929688,217.0399932861328,218.7550048828125,119053,0.0,0.0,0.0
2023-10-06 11:30:00-04:00,218.8000030517578,221.2550048828125,218.8000030517578,220.47000122070312,123319,0.0,0.0,0.0
2023-10-06 12:30:00-04:00,220.49000549316406,220.97999572753906,220.1300048828125,220.86000061035156,62508,0.0,0.0,0.0
2023-10-06 13:30:00-04:00,220.985595703125,221.17999267578125,220.52000427246094,221.1300048828125,50051,0.0,0.0,0.0
2023-10-06 14:30:00-04:00,221.0500030517578,221.3300018310547,220.55999755859375,220.8800048828125,73975,0.0,0.0,0.0
2023-10-06 15:30:00-04:00,220.8800048828125,221.0050048828125,220.2100067138672,220.38999938964844,112161,0.0,0.0,0.0
2023-10-09 09:30:00-04:00,218.7100067138672,219.6199951171875,218.39999389648438,219.3699951171875,140187,0.0,0.0,0.0
2023-10-09 10:30:00-04:00,219.33999633789062,219.7899932861328,218.5800018310547,219.7899932861328,44200,0.0,0.0,0.0
2023-10-09 11:30:00-04:00,219.88999938964844,220.25999450683594,219.33999633789062,219.91000366210938,27179,0.0,0.0,0.0
2023-10-09 12:30:00-04:00,220.02000427246094,220.16940307617188,219.6300048828125,220.16000366210938,25731,0.0,0.0,0.0
2023-10-09 13:30:00-04:00,220.25,221.6199951171875,220.2100067138672,221.6199951171875,41652,0.0,0.0,0.0
2023-10-09 14:30:00-04:00,221.5800018310547,221.72999572753906,221.27000427246094,221.41000366210938,36872,0.0,0.0,0.0
2023-10-09 15:30:00-04:00,221.42889404296875,221.42889404296875,220.94000244140625,221.27000427246094,112838,0.0,0.0,0.0
2023-10-10 09:30:00-04:00,221.67999267578125,224.30999755859375,221.60000610351562,224.30999755859375,90628,0.0,0.0,0.0
2023-10-10 10:30:00-04:00,224.3699951171875,225.38609313964844,224.30999755859375,225.0399932861328,87727,0.0,0.0,0.0
2023-10-10 11:30:00-04:00,225.02999877929688,225.14999389648438,224.67999267578125,224.89500427246094,57088,0.0,0.0,0.0
2023-10-10 12:30:00-04:00,224.92999267578125,225.05999755859375,224.02000427246094,224.35000610351562,58572,0.0,0.0,0.0
2023-10-10 13:30:00-04:00,224.36500549316406,224.80999755859375,224.24000549316406,224.39999389648438,80737,0.0,0.0,0.0
2023-10-10 14:30:00-04:00,224.35499572753906,224.89999389648438,224.17999267578125,224.3000030517578,95513,0.0,0.0,0.0
2023-10-10 15:30:00-04:00,224.3000030517578,224.43499755859375,223.80999755859375,223.8699951171875,98041,0.0,0.0,0.0
2023-10-11 09:30:00-04:00,224.0399932861328,225.02000427246094,222.66000366210938,222.7949981689453,52609,0.0,0.0,0.0
2023-10-11 10:30:00-04:00,222.74000549316406,223.20989990234375,222.22000122070312,222.45599365234375,46972,0.0,0.0,0.0
2023-10-11 11:30:00-04:00,222.5,222.63999938964844,221.5399932861328,221.60000610351562,58956,0.0,0.0,0.0
2023-10-11 12:30:00-04:00,221.67999267578125,221.8800048828125,221.16000366210938,221.39999389648438,47110,0.0,0.0,0.0
2023-10-11 13:30:00-04:00,221.39999389648438,222.1300048828125,221.06509399414062,221.8800048828125,51943,0.0,0.0,0.0
2023-10-11 14:30:00-04:00,221.9149932861328,222.4499969482422,221.9149932861328,222.39500427246094,80424,0.0,0.0,0.0
2023-10-11 15:30:00-04:00,222.3800048828125,222.7899932861328,222.16000366210938,222.7100067138672,160315,0.0,0.0,0.0
2023-10-12 09:30:00-04:00,223.27999877929688,223.27999877929688,220.2100067138672,220.85000610351562,42641,0.0,0.0,0.0
2023-10-12 10:30:00-04:00,220.50759887695312,220.50759887695312,219.4499969482422,219.52000427246094,28551,0.0,0.0,0.0
2023-10-12 11:30:00-04:00,219.52000427246094,219.9600067138672,219.36000061035156,219.8719940185547,28371,0.0,0.0,0.0
2023-10-12 12:30:00-04:00,219.8800048828125,219.88499450683594,217.5590057373047,217.5590057373047,28077,0.0,0.0,0.0
2023-10-12 13:30:00-04:00,217.50999450683594,217.61000061035156,216.25999450683594,217.0050048828125,43640,0.0,0.0,0.0
2023-10-12 14:30:00-04:00,217.05999755859375,217.4488983154297,216.85000610351562,217.2899932861328,67839,0.0,0.0,0.0
2023-10-12 15:30:00-04:00,217.31500244140625,217.5590057373047,217.14999389648438,217.3300018310547,103441,0.0,0.0,0.0
2023-10-13 09:30:00-04:00,217.55999755859375,217.7100067138672,215.94000244140625,216.10000610351562,47580,0.0,0.0,0.0
2023-10-13 10:30:00-04:00,216.07000732421875,216.5,214.8350067138672,215.1300048828125,50889,0.0,0.0,0.0
2023-10-13 11:30:00-04:00,215.19000244140625,215.72999572753906,214.7100067138672,215.72999572753906,51126,0.0,0.0,0.0
2023-10-13 12:30:00-04:00,215.72000122070312,215.91000366210938,214.44940185546875,214.52999877929688,25394,0.0,0.0,0.0
2023-10-13 13:30:00-04:00,214.47000122070312,215.19520568847656,214.4199981689453,215.02000427246094,33006,0.0,0.0,0.0
2023-10-13 14:30:00-04:00,215.11000061035156,215.4326934814453,214.94000244140625,215.14999389648438,42834,0.0,0.0,0.0
2023-10-13 15:30:00-04:00,215.19000244140625,215.3699951171875,214.92999267578125,215.26499938964844,70607,0.0,0.0,0.0
2023-10-16 09:30:00-04:00,217.0399932861328,218.63999938964844,216.32000732421875,218.63999938964844,47650,0.0,0.0,0.0
2023-10-16 10:30:00-04:00,218.74000549316406,218.9199981689453,218.4199981689453,218.77999877929688,88634,0.0,0.0,0.0
2023-10-16 11:30:00-04:00,218.83999633789062,218.88999938964844,218.25999450683594,218.86000061035156,142936,0.0,0.0,0.0
2023-10-16 12:30:00-04:00,218.8800048828125,219.3800048828125,218.27999877929688,218.88999938964844,68938,0.0,0.0,0.0
2023-10-16 13:30:00-04:00,218.89999389648438,219.3800048828125,218.82000732421875,218.94000244140625,136504,0.0,0.0,0.0
2023-10-16 14:30:00-04:00,218.8000030517578,219.2949981689453,218.8000030517578,219.2949981689453,191913,0.0,0.0,0.0
2023-10-16 15:30:00-04:00,219.19000244140625,219.3300018310547,218.78269958496094,218.89999389648438,196850,0.0,0.0,0.0
2023-10-17 09:30:00-04:00,217.3000030517578,221.50999450683594,217.3000030517578,221.22000122070312,106841,0.0,0.0,0.0
2023-10-17 10:30:00-04:00,221.0800018310547,222.0,221.0,221.8000030517578,93894,0.0,0.0,0.0
2023-10-17 11:30:00-04:00,221.74749755859375,223.039794921875,221.72999572753906,223.039794921875,28653,0.0,0.0,0.0
2023-10-17 12:30:00-04:00,223.02000427246094,223.02000427246094,221.97999572753906,222.30999755859375,35611,0.0,0.0,0.0
2023-10-17 13:30:00-04:00,222.16000366210938,222.19000244140625,221.3300018310547,221.77000427246094,47213,0.0,0.0,0.0
2023-10-17 14:30:00-04:00,221.6999969482422,221.97000122070312,221.1300048828125,221.6300048828125,60875,0.0,0.0,0.0
2023-10-17 15:30:00-04:00,221.63999938964844,221.63999938964844,221.0800018310547,221.24000549316406,72800,0.0,0.0,0.0
2023-10-18 09:30:00-04:00,219.47999572753906,219.47999572753906,217.91000366210938,218.69000244140625,40249,0.0,0.0,0.0
2023-10-18 10:30:00-04:00,218.91000366210938,218.9199981689453,217.49000549316406,218.08999633789062,51859,0.0,0.0,0.0
2023-10-18 11:30:00-04:00,218.15499877929688,218.15499877929688,217.33799743652344,217.48500061035156,19514,0.0,0.0,0.0
2023-10-18 12:30:00-04:00,217.4600067138672,218.4499969482422,217.07870483398438,217.89999389648438,29142,0.0,0.0,0.0
2023-10-18 13:30:00-04:00,217.67999267578125,218.22999572753906,217.11000061035156,217.6699981689453,84549,0.0,0.0,0.0
2023-10-18 14:30:00-04:00,217.6699981689453,217.88999938964844,216.49000549316406,216.52000427246094,62233,0.0,0.0,0.0
2023-10-18 15:30:00-04:00,216.6199951171875,216.73080444335938,216.0500030517578,216.3000030517578,121760,0.0,0.0,0.0
2023-10-19 09:30:00-04:00,216.1999969482422,216.27999877929688,215.02000427246094,215.02000427246094,19177,0.0,0.0,0.0
2023-10-19 10:30:00-04:00,215.00999450683594,215.5261993408203,214.4949951171875,214.99000549316406,25876,0.0,0.0,0.0
2023-10-19 11:30:00-04:00,215.07000732421875,216.9591064453125,215.06500244140625,215.7449951171875,42950,0.0,0.0,0.0
2023-10-19 12:30:00-04:00,215.53500366210938,216.8699951171875,214.44000244140625,216.43499755859375,69770,0.0,0.0,0.0
2023-10-19 13:30:00-04:00,216.34500122070312,216.34500122070312,214.2899932861328,214.398193359375,98967,0.0,0.0,0.0
2023-10-19 14:30:00-04:00,214.3000030517578,214.3175048828125,212.9499969482422,213.11000061035156,96321,0.0,0.0,0.0
2023-10-19 15:30:00-04:00,213.11000061035156,213.4600067138672,212.6199951171875,213.00999450683594,133554,0.0,0.0,0.0
2023-10-20 09:30:00-04:00,213.22000122070312,213.22999572753906,210.9499969482422,210.9499969482422,58612,0.0,0.0,0.0
2023-10-20 10:30:00-04:00,210.9499969482422,211.75,210.31149291992188,210.6199951171875,59968,0.0,0.0,0.0
2023-10-20 11:30:00-04:00,210.52000427246094,211.5500030517578,210.44000244140625,211.4499969482422,37365,0.0,0.0,0.0
2023-10-20 12:30:00-04:00,211.49000549316406,212.57000732421875,211.49000549316406,212.33999633789062,15053,0.0,0.0,0.0
2023-10-20 13:30:00-04:00,212.22999572753906,212.53500366210938,211.39500427246094,211.4600067138672,36079,0.0,0.0,0.0
2023-10-20 14:30:00-04:00,211.3800048828125,211.6199951171875,210.50999450683594,210.88999938964844,83732,0.0,0.0,0.0
2023-10-20 15:30:00-04:00,210.97999572753906,211.02499389648438,210.0500030517578,210.19000244140625,48527,0.0,0.0,0.0
2023-10-23 09:30:00-04:00,209.00999450683594,210.47000122070312,207.55999755859375,209.88360595703125,47213,0.0,0.0,0.0
2023-10-23 10:30:00-04:00,209.69000244140625,210.89979553222656,209.2899932861328,210.58999633789062,67765,0.0,0.0,0.0
2023-10-23 11:30:00-04:00,210.6497039794922,210.8498992919922,209.75999450683594,210.3300018310547,55240,0.0,0.0,0.0
2023-10-23 12:30:00-04:00,210.25999450683594,211.30499267578125,210.1199951171875,210.27000427246094,78472,0.0,0.0,0.0
2023-10-23 13:30:00-04:00,210.22000122070312,210.7100067138672,209.72999572753906,210.00650024414062,100157,0.0,0.0,0.0
2023-10-23 14:30:00-04:00,210.0050048828125,210.16000366210938,208.83999633789062,208.86000061035156,149634,0.0,0.0,0.0
2023-10-23 15:30:00-04:00,208.80999755859375,209.14999389648438,208.50999450683594,208.57000732421875,101974,0.0,0.0,0.0
2023-10-24 09:30:00-04:00,210.1999969482422,211.7899932861328,210.1999969482422,211.7899932861328,55355,0.0,0.0,0.0
2023-10-24 10:30:00-04:00,211.8000030517578,212.27999877929688,210.8300018310547,210.8300018310547,24995,0.0,0.0,0.0
2023-10-24 11:30:00-04:00,210.75999450683594,210.9199981689453,209.8300018310547,209.9499969482422,54592,0.0,0.0,0.0
2023-10-24 12:30:00-04:00,209.9600067138672,210.6300048828125,209.6304931640625,210.47999572753906,121454,0.0,0.0,0.0
2023-10-24 13:30:00-04:00,210.47500610351562,210.79969787597656,210.33189392089844,210.66000366210938,61586,0.0,0.0,0.0
2023-10-24 14:30:00-04:00,210.72000122070312,211.22999572753906,210.68190002441406,211.1999969482422,46240,0.0,0.0,0.0
2023-10-24 15:30:00-04:00,211.10000610351562,211.19000244140625,210.77499389648438,210.9600067138672,86345,0.0,0.0,0.0
2023-10-25 09:30:00-04:00,209.1199951171875,209.1199951171875,207.17999267578125,207.77999877929688,53674,0.0,0.0,0.0
2023-10-25 10:30:00-04:00,208.0500030517578,209.07000732421875,207.75999450683594,208.66000366210938,18784,0.0,0.0,0.0
2023-10-25 11:30:00-04:00,208.72999572753906,208.7904052734375,207.8000030517578,207.9499969482422,17795,0.0,0.0,0.0
2023-10-25 12:30:00-04:00,207.8000030517578,208.17999267578125,207.05999755859375,207.07000732421875,11503,0.0,0.0,0.0
2023-10-25 13:30:00-04:00,207.25,207.4499053955078,206.47999572753906,206.99000549316406,41160,0.0,0.0,0.0
2023-10-25 14:30:00-04:00,207.14999389648438,207.22000122070312,206.75999450683594,207.1300048828125,48680,0.0,0.0,0.0
2023-10-25 15:30:00-04:00,207.17999267578125,207.32000732421875,206.49000549316406,206.60000610351562,53979,0.0,0.0,0.0
2023-10-26 09:30:00-04:00,207.1999969482422,208.25,206.22000122070312,207.3800048828125,77501,0.0,0.0,0.0
2023-10-26 10:30:00-04:00,207.2899932861328,208.5399932861328,206.66000366210938,207.27999877929688,33093,0.0,0.0,0.0
2023-10-26 11:30:00-04:00,207.11000061035156,207.6199951171875,205.5800018310547,205.89010620117188,50434,0.0,0.0,0.0
2023-10-26 12:30:00-04:00,205.9499969482422,206.19000244140625,205.38999938964844,205.53469848632812,36711,0.0,0.0,0.0
2023-10-26 13:30:00-04:00,205.41000366210938,206.88999938964844,205.25,206.8300018310547,116744,0.0,0.0,0.0
2023-10-26 14:30:00-04:00,206.7899932861328,208.02999877929688,206.6999969482422,206.74000549316406,157084,0.0,0.0,0.0
2023-10-26 15:30:00-04:00,206.72999572753906,206.9250030517578,205.72999572753906,206.08999633789062,129094,0.0,0.0,0.0
2023-10-27 09:30:00-04:00,207.10000610351562,207.30999755859375,204.02999877929688,204.9149932861328,189053,0.0,0.0,0.0
2023-10-27 10:30:00-04:00,204.92999267578125,206.07000732421875,204.52999877929688,205.7899932861328,141970,0.0,0.0,0.0
2023-10-27 11:30:00-04:00,205.7899932861328,205.7899932861328,204.8249969482422,205.10000610351562,0,0.0,0.0,0.0
2023-10-27 12:30:00-04:00,205.0500030517578,205.27000427246094,203.8096923828125,203.93499755859375,854881,0.0,0.0,0.0
2023-10-27 13:30:00-04:00,203.9499969482422,204.25,203.6999969482422,203.72000122070312,43689,0.0,0.0,0.0
2023-10-27 14:30:00-04:00,203.81900024414062,204.43280029296875,203.67999267578125,204.14999389648438,85405,0.0,0.0,0.0
2023-10-27 15:30:00-04:00,204.1300048828125,204.25,203.61000061035156,204.1199951171875,62380,0.0,0.0,0.0
2023-10-30 09:30:00-04:00,206.05999755859375,206.98199462890625,203.82000732421875,203.97999572753906,74523,0.0,0.0,0.0
2023-10-30 10:30:00-04:00,204.0,204.68099975585938,203.41549682617188,204.17999267578125,31775,0.0,0.0,0.0
2023-10-30 11:30:00-04:00,204.27000427246094,204.70799255371094,204.19110107421875,204.35000610351562,37202,0.0,0.0,0.0
2023-10-30 12:30:00-04:00,204.35000610351562,204.61630249023438,203.5,204.61630249023438,46489,0.0,0.0,0.0
2023-10-30 13:30:00-04:00,204.67999267578125,205.16600036621094,204.44000244140625,204.8300018310547,80176,0.0,0.0,0.0
2023-10-30 14:30:00-04:00,204.85060119628906,205.8300018310547,204.85000610351562,205.55999755859375,174779,0.0,0.0,0.0
2023-10-30 15:30:00-04:00,205.5449981689453,205.5449981689453,204.72000122070312,204.8300018310547,71772,0.0,0.0,0.0
2023-10-31 09:30:00-04:00,205.25,206.1199951171875,204.49000549316406,205.4600067138672,41395,0.0,0.0,0.0
2023-10-31 10:30:00-04:00,205.64999389648438,206.66000366210938,205.08999633789062,206.2100067138672,76719,0.0,0.0,0.0
2023-10-31 11:30:00-04:00,206.1999969482422,207.06500244140625,206.1999969482422,206.58999633789062,52488,0.0,0.0,0.0
2023-10-31 12:30:00-04:00,206.67999267578125,207.00999450683594,206.32000732421875,206.61000061035156,62055,0.0,0.0,0.0
2023-10-31 13:30:00-04:00,206.69000244140625,207.24000549316406,206.66549682617188,206.68499755859375,50048,0.0,0.0,0.0
2023-10-31 14:30:00-04:00,206.74989318847656,207.47999572753906,206.6699981689453,207.13999938964844,83669,0.0,0.0,0.0
2023-10-31 15:30:00-04:00,206.9600067138672,207.14999389648438,206.8800048828125,206.98500061035156,111372,0.0,0.0,0.0
2023-11-01 09:30:00-04:00,206.72000122070312,206.72000122070312,205.22999572753906,206.5800018310547,47768,0.0,0.0,0.0
2023-11-01 10:30:00-04:00,206.6999969482422,207.35000610351562,206.0399932861328,206.08999633789062,59955,0.0,0.0,0.0
2023-11-01 11:30:00-04:00,206.0399932861328,206.50999450683594,205.88999938964844,206.0800018310547,101843,0.0,0.0,0.0
2023-11-01 12:30:00-04:00,206.05999755859375,206.16000366210938,205.19500732421875,205.58999633789062,42295,0.0,0.0,0.0
2023-11-01 13:30:00-04:00,205.55999755859375,206.25,205.1199951171875,205.8153076171875,53430,0.0,0.0,0.0
2023-11-01 14:30:00-04:00,205.85000610351562,207.27999877929688,204.77000427246094,207.1428985595703,59516,0.0,0.0,0.0
2023-11-01 15:30:00-04:00,207.3000030517578,207.72000122070312,207.3000030517578,207.69000244140625,78013,0.0,0.0,0.0
2023-11-02 09:30:00-04:00,210.39999389648438,211.7100067138672,209.2574005126953,209.74000549316406,97677,0.0,0.0,0.0
2023-11-02 10:30:00-04:00,209.72999572753906,210.5800018310547,209.49000549316406,210.17999267578125,83707,0.0,0.0,0.0
2023-11-02 11:30:00-04:00,210.11000061035156,210.36000061035156,209.35000610351562,209.4199981689453,94402,0.0,0.0,0.0
2023-11-02 12:30:00-04:00,209.4199981689453,210.72000122070312,209.4199981689453,210.39639282226562,329303,0.0,0.0,0.0
2023-11-02 13:30:00-04:00,210.5,210.99420166015625,210.4897003173828,210.92999267578125,50793,0.0,0.0,0.0
2023-11-02 14:30:00-04:00,210.92999267578125,211.47999572753906,210.85000610351562,211.40499877929688,102803,0.0,0.0,0.0
2023-11-02 15:30:00-04:00,211.39999389648438,211.94000244140625,211.30999755859375,211.75,146949,0.0,0.0,0.0
2023-11-03 09:30:00-04:00,215.02000427246094,218.16000366210938,215.02000427246094,216.55999755859375,190669,0.0,0.0,0.0
2023-11-03 10:30:00-04:00,216.64999389648438,217.32000732421875,216.33999633789062,217.0500030517578,159128,0.0,0.0,0.0
2023-11-03 11:30:00-04:00,217.0800018310547,218.3300018310547,217.0800018310547,217.74000549316406,109172,0.0,0.0,0.0
2023-11-03 12:30:00-04:00,217.6699981689453,218.02000427246094,217.3000030517578,217.5500030517578,70331,0.0,0.0,0.0
2023-11-03 13:30:00-04:00,217.5800018310547,218.38999938964844,217.3350067138672,218.38999938964844,100507,0.0,0.0,0.0
2023-11-03 14:30:00-04:00,218.48500061035156,219.0399932861328,218.27999877929688,218.2899932861328,154546,0.0,0.0,0.0
2023-11-03 15:30:00-04:00,218.26499938964844,218.26499938964844,217.5200958251953,217.67999267578125,159182,0.0,0.0,0.0
2023-11-06 09:30:00-05:00,217.6699981689453,218.13999938964844,215.3699951171875,215.5800018310547,263621,0.0,0.0,0.0
2023-11-06 10:30:00-05:00,215.6199951171875,216.1199951171875,215.17999267578125,215.48500061035156,187146,0.0,0.0,0.0
2023-11-06 11:30:00-05:00,215.2899932861328,215.85989379882812,215.11830139160156,215.4199981689453,162127,0.0,0.0,0.0
2023-11-06 12:30:00-05:00,215.42999267578125,215.50999450683594,214.10499572753906,214.44000244140625,126830,0.0,0.0,0.0
2023-11-06 13:30:00-05:00,214.4199981689453,214.99000549316406,214.36000061035156,214.58999633789062,142796,0.0,0.0,0.0
2023-11-06 14:30:00-05:00,214.58999633789062,215.32000732421875,214.58999633789062,215.11000061035156,237130,0.0,0.0,0.0
2023-11-06 15:30:00-05:00,215.11000061035156,215.1999969482422,214.88999938964844,215.1699981689453,390803,0.0,0.0,0.0
2023-11-07 09:30:00-05:00,214.1699981689453,215.88499450683594,213.63999938964844,215.7899932861328,47403,0.0,0.0,0.0
2023-11-07 10:30:00-05:00,215.72999572753906,216.52000427246094,215.58529663085938,215.75,51963,0.0,0.0,0.0
2023-11-07 11:30:00-05:00,215.77999877929688,216.08999633789062,215.0399932861328,215.07000732421875,38091,0.0,0.0,0.0
2023-11-07 12:30:00-05:00,214.91439819335938,215.41000366210938,214.77999877929688,215.2864990234375,31521,0.0,0.0,0.0
2023-11-07 13:30:00-05:00,215.17999267578125,215.8300018310547,215.17999267578125,215.5399932861328,33953,0.0,0.0,0.0
2023-11-07 14:30:00-05:00,215.60000610351562,215.89500427246094,215.55960083007812,215.8800048828125,44333,0.0,0.0,0.0
2023-11-07 15:30:00-05:00,215.80999755859375,216.17999267578125,215.52999877929688,215.69000244140625,73787,0.0,0.0,0.0
2023-11-08 09:30:00-05:00,215.3800048828125,215.9824981689453,213.47000122070312,213.47000122070312,66221,0.0,0.0,0.0
2023-11-08 10:30:00-05:00,213.60760498046875,213.6300048828125,212.63299560546875,213.0,66773,0.0,0.0,0.0
2023-11-08 11:30:00-05:00,213.0,213.49000549316406,212.63690185546875,212.78990173339844,40798,0.0,0.0,0.0
2023-11-08 12:30:00-05:00,212.66000366210938,213.4499969482422,212.57000732421875,213.19259643554688,44916,0.0,0.0,0.0
2023-11-08 13:30:00-05:00,213.1999969482422,213.5399932861328,213.1199951171875,213.3699951171875,54486,0.0,0.0,0.0
2023-11-08 14:30:00-05:00,213.44000244140625,213.47000122070312,213.01800537109375,213.11000061035156,38230,0.0,0.0,0.0
2023-11-08 15:30:00-05:00,213.04690551757812,213.27999877929688,212.7899932861328,213.24000549316406,107453,0.0,0.0,0.0
2023-11-09 09:30:00-05:00,214.50999450683594,214.66000366210938,213.1699981689453,213.27499389648438,39998,0.0,0.0,0.0
2023-11-09 10:30:00-05:00,213.19000244140625,213.38999938964844,212.6300048828125,213.13999938964844,55527,0.0,0.0,0.0
2023-11-09 11:30:00-05:00,213.08689880371094,213.52960205078125,212.6699981689453,212.6699981689453,72040,0.0,0.0,0.0
2023-11-09 12:30:00-05:00,212.90029907226562,213.11000061035156,211.19000244140625,212.0500030517578,62349,0.0,0.0,0.0
2023-11-09 13:30:00-05:00,211.89999389648438,211.91990661621094,210.30999755859375,210.8000030517578,35469,0.0,0.0,0.0
2023-11-09 14:30:00-05:00,211.02000427246094,211.05999755859375,209.76609802246094,209.9499969482422,69886,0.0,0.0,0.0
2023-11-09 15:30:00-05:00,210.0,210.08999633789062,209.5399932861328,209.97999572753906,98973,0.0,0.0,0.0
2023-11-10 09:30:00-05:00,211.02000427246094,211.49000549316406,209.73480224609375,209.8000030517578,135483,0.0,0.0,0.0
2023-11-10 10:30:00-05:00,209.8800048828125,210.70989990234375,209.4622039794922,210.4550018310547,93156,0.0,0.0,0.0
2023-11-10 11:30:00-05:00,210.47000122070312,210.86000061035156,210.02000427246094,210.6300048828125,54441,0.0,0.0,0.0
2023-11-10 12:30:00-05:00,210.6699981689453,212.5,210.6699981689453,212.36000061035156,84932,0.0,0.0,0.0
2023-11-10 13:30:00-05:00,212.3800048828125,213.1750030517578,212.2899932861328,213.02999877929688,229243,0.0,0.0,0.0
2023-11-10 14:30:00-05:00,212.97999572753906,213.07000732421875,212.4199981689453,212.7899932861328,74534,0.0,0.0,0.0
2023-11-10 15:30:00-05:00,212.77000427246094,212.8179931640625,212.39999389648438,212.5800018310547,85808,0.0,0.0,0.0
2023-11-13 09:30:00-05:00,211.55999755859375,212.07000732421875,210.42999267578125,211.00999450683594,69969,0.0,0.0,0.0
2023-11-13 10:30:00-05:00,211.10000610351562,212.57009887695312,210.91000366210938,212.57009887695312,35324,0.0,0.0,0.0
2023-11-13 11:30:00-05:00,212.43179321289062,213.3800048828125,212.43179321289062,212.7550048828125,32433,0.0,0.0,0.0
2023-11-13 12:30:00-05:00,212.6352996826172,212.87240600585938,212.4949951171875,212.62510681152344,20663,0.0,0.0,0.0
2023-11-13 13:30:00-05:00,212.50999450683594,213.13999938964844,212.44000244140625,212.82769775390625,38681,0.0,0.0,0.0
2023-11-13 14:30:00-05:00,212.88999938964844,213.10000610351562,212.7899932861328,212.94000244140625,28578,0.0,0.0,0.0
2023-11-13 15:30:00-05:00,212.9600067138672,213.1699981689453,212.77000427246094,212.8300018310547,90617,0.0,0.0,0.0
2023-11-14 09:30:00-05:00,219.13999938964844,221.24000549316406,218.91000366210938,221.2100067138672,158653,0.0,0.0,0.0
2023-11-14 10:30:00-05:00,221.19000244140625,222.66000366210938,221.0399932861328,222.61000061035156,219009,0.0,0.0,0.0
2023-11-14 11:30:00-05:00,222.50999450683594,222.9949951171875,221.27999877929688,221.5,98472,0.0,0.0,0.0
2023-11-14 12:30:00-05:00,221.77000427246094,222.72999572753906,221.72999572753906,222.7100067138672,81105,0.0,0.0,0.0
2023-11-14 13:30:00-05:00,222.75,223.0,222.0299072265625,222.3800048828125,124457,0.0,0.0,0.0
2023-11-14 14:30:00-05:00,222.4199981689453,223.5749969482422,222.4199981689453,223.52999877929688,178028,0.0,0.0,0.0
2023-11-14 15:30:00-05:00,223.52000427246094,223.94000244140625,223.4499969482422,223.91000366210938,211838,0.0,0.0,0.0
2023-11-15 09:30:00-05:00,224.10000610351562,227.58999633789062,223.92999267578125,227.36000061035156,260216,0.0,0.0,0.0
2023-11-15 10:30:00-05:00,227.6199951171875,228.38999938964844,227.1999969482422,227.35000610351562,119442,0.0,0.0,0.0
2023-11-15 11:30:00-05:00,227.19000244140625,227.19000244140625,225.5399932861328,226.1699981689453,76241,0.0,0.0,0.0
2023-11-15 12:30:00-05:00,226.17999267578125,226.27000427246094,223.87010192871094,224.7100067138672,62228,0.0,0.0,0.0
2023-11-15 13:30:00-05:00,224.8699951171875,225.38999938964844,224.24560546875,224.8300018310547,59318,0.0,0.0,0.0
2023-11-15 14:30:00-05:00,224.83999633789062,224.88999938964844,224.38999938964844,224.47999572753906,69379,0.0,0.0,0.0
2023-11-15 15:30:00-05:00,224.4499969482422,224.60499572753906,223.89999389648438,224.11000061035156,71766,0.0,0.0,0.0
2023-11-16 09:30:00-05:00,223.1300048828125,223.60000610351562,220.83999633789062,221.5800018310547,71966,0.0,0.0,0.0
2023-11-16 10:30:00-05:00,221.8300018310547,221.94500732421875,220.2523956298828,220.5,77179,0.0,0.0,0.0
2023-11-16 11:30:00-05:00,220.57000732421875,221.02999877929688,219.77000427246094,221.0,107059,0.0,0.0,0.0
2023-11-16 12:30:00-05:00,220.94000244140625,221.6300048828125,220.4600067138672,220.5800018310547,74974,0.0,0.0,0.0
2023-11-16 13:30:00-05:00,220.60000610351562,220.85000610351562,220.2899932861328,220.63999938964844,83930,0.0,0.0,0.0
2023-11-16 14:30:00-05:00,220.65499877929688,221.55250549316406,220.65499877929688,221.30999755859375,170086,0.0,0.0,0.0
2023-11-16 15:30:00-05:00,221.26499938964844,221.26499938964844,220.72000122070312,221.0,135081,0.0,0.0,0.0
2023-11-17 09:30:00-05:00,222.8800048828125,223.72500610351562,222.02000427246094,223.5,52523,0.0,0.0,0.0
2023-11-17 10:30:00-05:00,223.5782928466797,223.8800048828125,222.80999755859375,222.82000732421875,67894,0.0,0.0,0.0
2023-11-17 11:30:00-05:00,222.86000061035156,223.5926971435547,222.69000244140625,223.22500610351562,62945,0.0,0.0,0.0
2023-11-17 12:30:00-05:00,223.1999969482422,223.6300048828125,223.1999969482422,223.5500030517578,69229,0.0,0.0,0.0
2023-11-17 13:30:00-05:00,223.58999633789062,223.80999755859375,223.36000061035156,223.5800018310547,46013,0.0,0.0,0.0
2023-11-17 14:30:00-05:00,223.52999877929688,223.8300018310547,223.41000366210938,223.5850067138672,56979,0.0,0.0,0.0
2023-11-17 15:30:00-05:00,223.59500122070312,223.69900512695312,223.11000061035156,223.60000610351562,72112,0.0,0.0,0.0
2023-11-20 09:30:00-05:00,223.77000427246094,225.47000122070312,223.10009765625,225.00999450683594,61270,0.0,0.0,0.0
2023-11-20 10:30:00-05:00,224.8300018310547,225.49000549316406,224.69000244140625,225.22999572753906,56238,0.0,0.0,0.0
2023-11-20 11:30:00-05:00,225.19000244140625,225.29660034179688,224.8000030517578,225.0500030517578,63361,0.0,0.0,0.0
2023-11-20 12:30:00-05:00,225.0500030517578,225.75,224.86000061035156,225.55999755859375,55794,0.0,0.0,0.0
2023-11-20 13:30:00-05:00,225.60440063476562,225.69000244140625,225.0399932861328,225.11000061035156,60895,0.0,0.0,0.0
2023-11-20 14:30:00-05:00,225.1199951171875,225.52000427246094,225.1199951171875,225.38999938964844,91945,0.0,0.0,0.0
2023-11-20 15:30:00-05:00,225.3300018310547,225.45989990234375,225.1199951171875,225.27000427246094,244042,0.0,0.0,0.0
2023-11-21 09:30:00-05:00,223.82000732421875,224.35000610351562,222.74000549316406,223.05499267578125,40461,0.0,0.0,0.0
2023-11-21 10:30:00-05:00,223.11000061035156,223.8300018310547,222.9600067138672,223.32000732421875,26405,0.0,0.0,0.0
2023-11-21 11:30:00-05:00,223.30990600585938,223.36000061035156,222.8800048828125,222.99000549316406,44198,0.0,0.0,0.0
2023-11-21 12:30:00-05:00,222.9499969482422,223.4600067138672,222.52000427246094,222.75,38965,0.0,0.0,0.0
2023-11-21 13:30:00-05:00,222.72000122070312,223.02999877929688,222.3800048828125,223.02000427246094,152187,0.0,0.0,0.0
2023-11-21 14:30:00-05:00,223.0,223.17999267578125,222.72999572753906,223.10499572753906,55877,0.0,0.0,0.0
2023-11-21 15:30:00-05:00,223.11000061035156,223.11000061035156,222.5,222.58999633789062,51518,0.0,0.0,0.0
2023-11-22 09:30:00-05:00,224.11000061035156,225.92999267578125,223.61000061035156,224.64999389648438,75371,0.0,0.0,0.0
2023-11-22 10:30:00-05:00,224.64999389648438,225.02999877929688,224.2899932861328,224.3300018310547,64302,0.0,0.0,0.0
2023-11-22 11:30:00-05:00,224.47999572753906,225.08999633789062,224.14500427246094,224.1999969482422,55431,0.0,0.0,0.0
2023-11-22 12:30:00-05:00,224.17999267578125,224.4239959716797,223.8800048828125,224.4239959716797,64571,0.0,0.0,0.0
2023-11-22 13:30:00-05:00,224.42999267578125,224.4499969482422,224.12879943847656,224.25,42575,0.0,0.0,0.0
2023-11-22 14:30:00-05:00,224.22000122070312,224.41000366210938,223.3000030517578,224.41000366210938,119605,0.0,0.0,0.0
2023-11-22 15:30:00-05:00,224.39999389648438,224.44000244140625,224.0800018310547,224.13999938964844,88513,0.0,0.0,0.0
2023-11-24 09:30:00-05:00,223.6999969482422,225.97000122070312,223.6999969482422,225.8699951171875,68525,0.0,0.0,0.0
2023-11-24 10:30:00-05:00,225.8699951171875,226.1300048828125,225.35000610351562,225.5500030517578,30545,0.0,0.0,0.0
2023-11-24 11:30:00-05:00,225.61000061035156,225.7100067138672,225.36000061035156,225.50999450683594,25033,0.0,0.0,0.0
2023-11-27 09:30:00-05:00,224.57000732421875,225.07000732421875,223.2801055908203,224.84010314941406,115433,0.0,0.0,0.0
2023-11-27 10:30:00-05:00,224.8957977294922,225.30999755859375,224.5800018310547,224.97430419921875,62906,0.0,0.0,0.0
2023-11-27 11:30:00-05:00,224.9600067138672,225.33999633789062,224.72610473632812,225.04159545898438,33921,0.0,0.0,0.0
2023-11-27 12:30:00-05:00,225.07000732421875,225.53909301757812,225.0500030517578,225.22000122070312,20825,0.0,0.0,0.0
2023-11-27 13:30:00-05:00,225.21499633789062,225.36000061035156,224.9499969482422,225.25999450683594,32442,0.0,0.0,0.0
2023-11-27 14:30:00-05:00,225.32000732421875,225.50999450683594,225.00999450683594,225.41000366210938,58838,0.0,0.0,0.0
2023-11-27 15:30:00-05:00,225.44000244140625,225.5800018310547,225.02499389648438,225.07000732421875,54656,0.0,0.0,0.0
2023-11-28 09:30:00-05:00,224.17999267578125,224.82000732421875,223.1300048828125,224.03500366210938,65401,0.0,0.0,0.0
2023-11-28 10:30:00-05:00,223.88999938964844,225.20480346679688,223.75999450683594,224.9199981689453,45221,0.0,0.0,0.0
2023-11-28 11:30:00-05:00,224.97000122070312,225.5500030517578,224.55999755859375,224.55999755859375,72453,0.0,0.0,0.0
2023-11-28 12:30:00-05:00,224.55999755859375,224.6199951171875,223.38999938964844,223.59869384765625,49748,0.0,0.0,0.0
2023-11-28 13:30:00-05:00,223.66000366210938,223.94000244140625,223.43609619140625,223.71499633789062,48882,0.0,0.0,0.0
2023-11-28 14:30:00-05:00,223.73500061035156,224.17999267578125,223.6300048828125,223.97999572753906,45460,0.0,0.0,0.0
2023-11-28 15:30:00-05:00,223.98800659179688,224.0469970703125,223.58999633789062,223.82000732421875,144300,0.0,0.0,0.0
2023-11-29 09:30:00-05:00,225.7899932861328,228.50999450683594,225.77000427246094,227.07000732421875,104093,0.0,0.0,0.0
2023-11-29 10:30:00-05:00,227.0449981689453,227.08999633789062,225.66000366210938,225.6699981689453,66311,0.0,0.0,0.0
2023-11-29 11:30:00-05:00,225.55999755859375,226.4600067138672,225.27999877929688,226.3614044189453,74551,0.0,0.0,0.0
2023-11-29 12:30:00-05:00,226.39999389648438,226.57000732421875,225.9600067138672,226.1300048828125,43506,0.0,0.0,0.0
2023-11-29 13:30:00-05:00,226.11000061035156,226.4600067138672,225.8000030517578,225.99000549316406,40839,0.0,0.0,0.0
2023-11-29 14:30:00-05:00,225.97000122070312,226.02999877929688,225.11000061035156,225.1999969482422,86435,0.0,0.0,0.0
2023-11-29 15:30:00-05:00,225.2100067138672,225.2550048828125,224.60000610351562,224.89999389648438,160894,0.0,0.0,0.0
2023-11-30 09:30:00-05:00,226.22999572753906,226.89999389648438,224.9499969482422,226.44000244140625,66134,0.0,0.0,0.0
2023-11-30 10:30:00-05:00,226.39999389648438,226.92999267578125,225.60000610351562,226.47000122070312,33331,0.0,0.0,0.0
2023-11-30 11:30:00-05:00,226.0800018310547,226.3800048828125,225.11000061035156,225.11000061035156,36242,0.0,0.0,0.0
2023-11-30 12:30:00-05:00,225.17999267578125,225.87989807128906,225.07000732421875,225.5,33630,0.0,0.0,0.0
2023-11-30 13:30:00-05:00,225.2899932861328,225.83999633789062,225.25999450683594,225.6649932861328,35813,0.0,0.0,0.0
2023-11-30 14:30:00-05:00,225.6699981689453,226.2261962890625,225.33999633789062,225.33999633789062,85040,0.0,0.0,0.0
2023-11-30 15:30:00-05:00,225.33999633789062,226.02999877929688,225.25,225.85000610351562,88685,0.0,0.0,0.0
2023-12-01 09:30:00-05:00,225.6300048828125,227.2100067138672,224.36000061035156,226.66000366210938,64917,0.0,0.0,0.0
2023-12-01 10:30:00-05:00,226.55499267578125,229.5399932861328,226.55499267578125,229.52999877929688,54205,0.0,0.0,0.0
2023-12-01 11:30:00-05:00,229.7899932861328,230.64999389648438,229.25999450683594,230.52499389648438,112400,0.0,0.0,0.0
2023-12-01 12:30:00-05:00,230.50999450683594,231.27999877929688,230.44000244140625,230.68150329589844,70150,0.0,0.0,0.0
2023-12-01 13:30:00-05:00,230.52000427246094,230.92999267578125,230.27000427246094,230.39999389648438,56524,0.0,0.0,0.0
2023-12-01 14:30:00-05:00,230.39999389648438,231.13999938964844,230.30999755859375,231.13999938964844,85847,0.0,0.0,0.0
2023-12-01 15:30:00-05:00,231.27999877929688,232.08999633789062,231.14759826660156,231.8800048828125,104761,0.0,0.0,0.0
2023-12-04 09:30:00-05:00,230.7899932861328,233.85000610351562,230.6699981689453,231.85000610351562,149744,0.0,0.0,0.0
2023-12-04 10:30:00-05:00,232.13999938964844,232.86000061035156,231.5500030517578,232.4499969482422,110823,0.0,0.0,0.0
2023-12-04 11:30:00-05:00,232.41000366210938,233.79989624023438,232.35000610351562,233.75,57682,0.0,0.0,0.0
2023-12-04 12:30:00-05:00,233.83999633789062,234.1999969482422,233.32000732421875,233.38999938964844,70504,0.0,0.0,0.0
2023-12-04 13:30:00-05:00,233.22000122070312,233.55999755859375,232.94000244140625,233.33999633789062,65977,0.0,0.0,0.0
2023-12-04 14:30:00-05:00,233.39999389648438,233.7100067138672,233.3300018310547,233.60000610351562,79691,0.0,0.0,0.0
2023-12-04 15:30:00-05:00,233.67999267578125,234.2100067138672,233.50999450683594,234.05999755859375,80622,0.0,0.0,0.0
2023-12-05 09:30:00-05:00,232.75999450683594,232.94000244140625,231.28500366210938,231.7781982421875,125228,0.0,0.0,0.0
2023-12-05 10:30:00-05:00,232.0500030517578,232.65989685058594,231.50999450683594,232.28250122070312,98725,0.0,0.0,0.0
2023-12-05 11:30:00-05:00,232.25999450683594,232.82000732421875,231.57859802246094,231.5800018310547,53252,0.0,0.0,0.0
2023-12-05 12:30:00-05:00,231.38999938964844,231.96359252929688,230.75,231.6999969482422,57014,0.0,0.0,0.0
2023-12-05 13:30:00-05:00,231.57000732421875,231.77999877929688,231.2100067138672,231.5399932861328,94987,0.0,0.0,0.0
2023-12-05 14:30:00-05:00,231.58990478515625,231.8800048828125,231.25,231.4499969482422,80688,0.0,0.0,0.0
2023-12-05 15:30:00-05:00,231.41000366210938,231.4499969482422,230.98500061035156,231.30999755859375,91590,0.0,0.0,0.0
2023-12-06 09:30:00-05:00,233.08999633789062,235.0800018310547,232.39999389648438,233.35000610351562,196978,0.0,0.0,0.0
2023-12-06 10:30:00-05:00,233.5,234.24000549316406,232.8699951171875,233.1300048828125,95128,0.0,0.0,0.0
2023-12-06 11:30:00-05:00,233.1199951171875,233.2100067138672,232.6199951171875,232.97999572753906,99488,0.0,0.0,0.0
2023-12-06 12:30:00-05:00,232.75,233.13499450683594,232.0449981689453,232.72999572753906,51614,0.0,0.0,0.0
2023-12-06 13:30:00-05:00,232.74000549316406,232.98500061035156,232.24000549316406,232.25,49940,0.0,0.0,0.0
2023-12-06 14:30:00-05:00,232.27000427246094,232.72999572753906,230.72000122070312,230.8300018310547,118777,0.0,0.0,0.0
2023-12-06 15:30:00-05:00,230.7899932861328,231.1300048828125,230.60000610351562,230.72999572753906,282444,0.0,0.0,0.0
2023-12-07 09:30:00-05:00,231.17999267578125,231.77999877929688,229.83999633789062,231.66000366210938,90573,0.0,0.0,0.0
2023-12-07 10:30:00-05:00,231.6199951171875,231.83999633789062,230.53030395507812,231.08999633789062,142236,0.0,0.0,0.0
2023-12-07 11:30:00-05:00,231.05999755859375,231.4499969482422,230.9600067138672,231.32000732421875,109231,0.0,0.0,0.0
2023-12-07 12:30:00-05:00,231.2949981689453,232.02000427246094,231.25,231.72999572753906,142491,0.0,0.0,0.0
2023-12-07 13:30:00-05:00,231.8300018310547,232.17999267578125,231.66000366210938,232.0399932861328,83654,0.0,0.0,0.0
2023-12-07 14:30:00-05:00,232.02000427246094,232.24000549316406,231.5,231.71820068359375,46182,0.0,0.0,0.0
2023-12-07 15:30:00-05:00,231.81500244140625,232.17999267578125,231.57000732421875,232.08999633789062,45403,0.0,0.0,0.0
2023-12-08 09:30:00-05:00,232.08999633789062,235.0,231.3000030517578,234.35000610351562,109460,0.0,0.0,0.0
2023-12-08 10:30:00-05:00,234.4199981689453,234.57000732421875,232.44000244140625,232.83999633789062,80826,0.0,0.0,0.0
2023-12-08 11:30:00-05:00,232.8800048828125,233.27999877929688,232.02000427246094,232.72000122070312,105952,0.0,0.0,0.0
2023-12-08 12:30:00-05:00,232.77999877929688,233.85899353027344,232.61000061035156,233.75320434570312,39593,0.0,0.0,0.0
2023-12-08 13:30:00-05:00,233.74000549316406,234.0800018310547,233.36000061035156,234.0800018310547,73240,0.0,0.0,0.0
2023-12-08 14:30:00-05:00,234.1699981689453,234.2760009765625,233.94070434570312,234.1699981689453,62452,0.0,0.0,0.0
2023-12-08 15:30:00-05:00,234.16000366210938,234.4550018310547,233.77000427246094,233.8300018310547,205434,0.0,0.0,0.0
2023-12-11 09:30:00-05:00,233.60000610351562,234.99000549316406,232.99000549316406,233.3800048828125,100949,0.0,0.0,0.0
2023-12-11 10:30:00-05:00,233.35000610351562,234.0175018310547,233.14999389648438,233.1999969482422,88697,0.0,0.0,0.0
2023-12-11 11:30:00-05:00,233.1999969482422,234.03720092773438,232.9499969482422,234.02000427246094,54313,0.0,0.0,0.0
2023-12-11 12:30:00-05:00,234.0399932861328,234.59500122070312,233.8800048828125,234.5399932861328,162589,0.0,0.0,0.0
2023-12-11 13:30:00-05:00,234.5500030517578,234.86000061035156,234.3699951171875,234.81500244140625,155119,0.0,0.0,0.0
2023-12-11 14:30:00-05:00,234.83999633789062,234.90989685058594,234.3979949951172,234.60000610351562,219139,0.0,0.0,0.0
2023-12-11 15:30:00-05:00,234.5500030517578,234.8000030517578,234.52000427246094,234.77000427246094,80226,0.0,0.0,0.0
2023-12-12 09:30:00-05:00,234.3000030517578,234.69000244140625,232.58999633789062,233.80999755859375,54567,0.0,0.0,0.0
2023-12-12 10:30:00-05:00,233.82000732421875,234.49000549316406,233.6300048828125,233.6300048828125,26059,0.0,0.0,0.0
2023-12-12 11:30:00-05:00,233.80999755859375,234.15989685058594,233.52999877929688,234.08999633789062,31840,0.0,0.0,0.0
2023-12-12 12:30:00-05:00,234.0800018310547,234.75,233.83999633789062,234.7100067138672,30256,0.0,0.0,0.0
2023-12-12 13:30:00-05:00,234.7624053955078,235.59500122070312,234.7624053955078,235.4499969482422,33917,0.0,0.0,0.0
2023-12-12 14:30:00-05:00,235.35000610351562,236.0,235.32000732421875,235.97000122070312,98576,0.0,0.0,0.0
2023-12-12 15:30:00-05:00,235.88540649414062,235.88540649414062,235.02000427246094,235.30999755859375,31105,0.0,0.0,0.0
2023-12-13 09:30:00-05:00,235.61000061035156,236.16000366210938,235.00999450683594,235.1999969482422,126531,0.0,0.0,0.0
2023-12-13 10:30:00-05:00,235.27499389648438,236.06919860839844,235.16000366210938,235.63949584960938,20523,0.0,0.0,0.0
2023-12-13 11:30:00-05:00,235.52000427246094,235.52000427246094,234.6999969482422,234.72479248046875,35854,0.0,0.0,0.0
2023-12-13 12:30:00-05:00,234.73989868164062,234.77760314941406,233.82000732421875,233.9199981689453,16245,0.0,0.0,0.0
2023-12-13 13:30:00-05:00,233.8800048828125,238.33999633789062,233.75,238.33999633789062,61573,0.0,0.0,0.0
2023-12-13 14:30:00-05:00,238.44000244140625,242.5500030517578,238.11000061035156,240.7957000732422,143579,0.0,0.0,0.0
2023-12-13 15:30:00-05:00,240.77499389648438,242.80999755859375,240.72000122070312,242.77999877929688,115701,0.0,0.0,0.0
2023-12-14 09:30:00-05:00,247.05999755859375,250.1300048828125,246.63999938964844,247.77499389648438,283651,0.0,0.0,0.0
2023-12-14 10:30:00-05:00,247.77000427246094,248.77999877929688,246.71009826660156,247.97999572753906,164273,0.0,0.0,0.0
2023-12-14 11:30:00-05:00,248.0,249.36000061035156,248.0,248.8800048828125,86687,0.0,0.0,0.0
2023-12-14 12:30:00-05:00,248.93499755859375,249.57000732421875,246.83999633789062,246.85000610351562,121213,0.0,0.0,0.0
2023-12-14 13:30:00-05:00,246.86000061035156,247.6699981689453,245.92999267578125,247.6199951171875,328561,0.0,0.0,0.0
2023-12-14 14:30:00-05:00,247.49000549316406,249.25,247.38999938964844,249.0,212905,0.0,0.0,0.0
2023-12-14 15:30:00-05:00,248.97000122070312,249.44000244140625,248.36000061035156,248.66000366210938,169899,0.0,0.0,0.0
2023-12-15 09:30:00-05:00,249.35000610351562,249.97000122070312,247.50999450683594,248.82000732421875,100437,0.0,0.0,0.0
2023-12-15 10:30:00-05:00,248.82000732421875,249.9600067138672,247.99969482421875,248.24000549316406,130940,0.0,0.0,0.0
2023-12-15 11:30:00-05:00,248.1699981689453,248.36000061035156,247.52999877929688,248.21949768066406,42792,0.0,0.0,0.0
2023-12-15 12:30:00-05:00,248.22999572753906,248.22999572753906,246.47999572753906,247.14999389648438,75742,0.0,0.0,0.0
2023-12-15 13:30:00-05:00,247.1199951171875,247.1199951171875,245.5399932861328,246.14999389648438,65121,0.0,0.0,0.0
2023-12-15 14:30:00-05:00,246.3300018310547,247.33999633789062,246.25,247.3000030517578,115587,0.0,0.0,0.0
2023-12-15 15:30:00-05:00,247.52999877929688,247.60000610351562,246.83999633789062,246.83999633789062,152915,0.0,0.0,0.0
2023-12-18 09:30:00-05:00,247.36000061035156,249.14999389648438,246.5399932861328,247.64999389648438,79081,0.0,0.0,0.0
2023-12-18 10:30:00-05:00,247.35000610351562,247.60000610351562,246.0800018310547,246.91000366210938,110621,0.0,0.0,0.0
2023-12-18 11:30:00-05:00,246.86000061035156,247.66000366210938,246.63999938964844,247.35809326171875,75441,0.0,0.0,0.0
2023-12-18 12:30:00-05:00,247.38999938964844,247.58999633789062,246.71890258789062,246.85000610351562,22227,0.0,0.0,0.0
2023-12-18 13:30:00-05:00,246.82000732421875,247.32000732421875,246.74000549316406,246.9600067138672,145386,0.0,0.0,0.0
2023-12-18 14:30:00-05:00,246.9600067138672,247.9600067138672,246.74000549316406,247.58999633789062,189776,0.0,0.0,0.0
2023-12-18 15:30:00-05:00,247.59500122070312,247.60000610351562,246.99000549316406,247.16000366210938,90092,0.0,0.0,0.0
2023-12-19 09:30:00-05:00,248.8800048828125,251.8699951171875,248.8800048828125,250.88499450683594,89310,0.0,0.0,0.0
2023-12-19 10:30:00-05:00,250.60000610351562,251.27999877929688,250.49000549316406,251.0,64593,0.0,0.0,0.0
2023-12-19 11:30:00-05:00,250.97999572753906,251.0500030517578,249.7899932861328,250.19000244140625,110845,0.0,0.0,0.0
2023-12-19 12:30:00-05:00,250.1750030517578,250.66900634765625,250.1750030517578,250.39999389648438,46243,0.0,0.0,0.0
2023-12-19 13:30:00-05:00,250.5800018310547,251.05459594726562,250.50570678710938,250.951904296875,95384,0.0,0.0,0.0
2023-12-19 14:30:00-05:00,251.08810424804688,251.55999755859375,250.8300018310547,251.55999755859375,51162,0.0,0.0,0.0
2023-12-19 15:30:00-05:00,251.52499389648438,251.91000366210938,251.41000366210938,251.6699981689453,59936,0.0,0.0,0.0
2023-12-20 09:30:00-05:00,250.36000061035156,251.97000122070312,249.2899932861328,251.8699951171875,82558,0.0,0.0,0.0
2023-12-20 10:30:00-05:00,251.8699951171875,252.91000366210938,251.75999450683594,251.90499877929688,68136,0.0,0.0,0.0
2023-12-20 11:30:00-05:00,251.61000061035156,252.22999572753906,251.55999755859375,252.1649932861328,54191,0.0,0.0,0.0
2023-12-20 12:30:00-05:00,252.11000061035156,252.66000366210938,251.8800048828125,252.02999877929688,57975,0.0,0.0,0.0
2023-12-20 13:30:00-05:00,251.99000549316406,252.4199981689453,251.5399932861328,251.64999389648438,55098,0.0,0.0,0.0
2023-12-20 14:30:00-05:00,251.64999389648438,251.67999267578125,246.6300048828125,246.6300048828125,99202,0.0,0.0,0.0
2023-12-20 15:30:00-05:00,246.69000244140625,247.1300048828125,245.24000549316406,245.35000610351562,130409,0.0,0.0,0.0
2023-12-21 09:30:00-05:00,248.94000244140625,249.8300018310547,247.82000732421875,248.22000122070312,147669,0.0,0.0,0.0
2023-12-21 10:30:00-05:00,248.43789672851562,249.0850067138672,248.1300048828125,249.02999877929688,101158,0.0,0.0,0.0
2023-12-21 11:30:00-05:00,249.02999877929688,249.1300048828125,247.63999938964844,247.88999938964844,54608,0.0,0.0,0.0
2023-12-21 12:30:00-05:00,248.10000610351562,248.48989868164062,247.46009826660156,248.28500366210938,79640,0.0,0.0,0.0
2023-12-21 13:30:00-05:00,248.42999267578125,249.17999267578125,248.14999389648438,248.97999572753906,84774,0.0,0.0,0.0
2023-12-21 14:30:00-05:00,248.89500427246094,249.69000244140625,248.4243927001953,249.69000244140625,67406,0.0,0.0,0.0
2023-12-21 15:30:00-05:00,249.74000549316406,250.3000030517578,249.5500030517578,250.25999450683594,121848,0.0,0.0,0.0
2023-12-22 09:30:00-05:00,251.5,253.99000549316406,251.0800018310547,253.1199951171875,238576,0.0,0.0,0.0
2023-12-22 10:30:00-05:00,253.22999572753906,253.30499267578125,251.75,253.02999877929688,83871,0.0,0.0,0.0
2023-12-22 11:30:00-05:00,253.02999877929688,253.3000030517578,252.49000549316406,253.10000610351562,82079,0.0,0.0,0.0
2023-12-22 12:30:00-05:00,253.10000610351562,253.7449951171875,252.77000427246094,253.55999755859375,55351,0.0,0.0,0.0
2023-12-22 13:30:00-05:00,253.58999633789062,253.67999267578125,251.5800018310547,251.75999450683594,60364,0.0,0.0,0.0
2023-12-22 14:30:00-05:00,251.4499969482422,253.11000061035156,251.0399932861328,253.05999755859375,58004,0.0,0.0,0.0
2023-12-22 15:30:00-05:00,253.1300048828125,253.13999938964844,252.57000732421875,252.82000732421875,86854,0.0,0.0,0.0
2023-12-26 09:30:00-05:00,253.69000244140625,254.39999389648438,253.24000549316406,253.7100067138672,83670,0.0,0.0,0.0
2023-12-26 10:30:00-05:00,253.91000366210938,254.42999267578125,253.8000946044922,254.30999755859375,48798,0.0,0.0,0.0
2023-12-26 11:30:00-05:00,254.3594970703125,255.5800018310547,254.3000030517578,255.49000549316406,56483,0.0,0.0,0.0
2023-12-26 12:30:00-05:00,255.47999572753906,255.8300018310547,255.06500244140625,255.77999877929688,75197,0.0,0.0,0.0
2023-12-26 13:30:00-05:00,255.85000610351562,256.04998779296875,255.5399932861328,256.0,99651,0.0,0.0,0.0
2023-12-26 14:30:00-05:00,256.0199890136719,256.5199890136719,255.99729919433594,256.3900146484375,65934,0.0,0.0,0.0
2023-12-26 15:30:00-05:00,256.3999938964844,256.5799865722656,255.77999877929688,255.88999938964844,137343,0.0,0.0,0.0
2023-12-27 09:30:00-05:00,256.44000244140625,257.8699951171875,256.44000244140625,257.3550109863281,77926,0.0,0.0,0.0
2023-12-27 10:30:00-05:00,257.30999755859375,257.3500061035156,255.60000610351562,256.3500061035156,73658,0.0,0.0,0.0
2023-12-27 11:30:00-05:00,256.2900085449219,257.1383056640625,256.2900085449219,256.94000244140625,35950,0.0,0.0,0.0
2023-12-27 12:30:00-05:00,256.94000244140625,258.1099853515625,256.6700134277344,257.45001220703125,66337,0.0,0.0,0.0
2023-12-27 13:30:00-05:00,257.4200134277344,257.8699951171875,256.135009765625,257.2099914550781,68574,0.0,0.0,0.0
2023-12-27 14:30:00-05:00,257.17999267578125,257.3900146484375,256.6300048828125,257.0849914550781,111794,0.0,0.0,0.0
2023-12-27 15:30:00-05:00,257.07000732421875,257.4800109863281,256.7099914550781,257.4800109863281,102932,0.0,0.0,0.0
2023-12-28 09:30:00-05:00,256.8800048828125,257.94000244140625,255.80999755859375,257.94000244140625,35944,0.0,0.0,0.0
2023-12-28 10:30:00-05:00,257.8500061035156,257.8900146484375,256.5299987792969,256.5799865722656,35378,0.0,0.0,0.0
2023-12-28 11:30:00-05:00,256.54998779296875,256.8699951171875,256.3500061035156,256.82000732421875,28585,0.0,0.0,0.0
2023-12-28 12:30:00-05:00,256.7900085449219,257.0899963378906,255.63160705566406,256.2149963378906,61579,0.0,0.0,0.0
2023-12-28 13:30:00-05:00,256.25,256.5299987792969,255.75999450683594,256.2900085449219,29343,0.0,0.0,0.0
2023-12-28 14:30:00-05:00,256.17999267578125,256.3599853515625,255.58999633789062,255.99000549316406,56680,0.0,0.0,0.0
2023-12-28 15:30:00-05:00,256.05999755859375,256.44000244140625,255.83009338378906,256.2200012207031,84094,0.0,0.0,0.0
2023-12-29 09:30:00-05:00,256.1300048828125,256.54998779296875,254.6199951171875,254.6699981689453,68505,0.0,0.0,0.0
2023-12-29 10:30:00-05:00,254.65499877929688,254.69000244140625,252.46949768066406,252.59800720214844,115444,0.0,0.0,0.0
2023-12-29 11:30:00-05:00,252.64999389648438,253.19000244140625,252.47000122070312,252.53500366210938,67025,0.0,0.0,0.0
2023-12-29 12:30:00-05:00,252.58999633789062,253.5800018310547,252.57000732421875,253.05999755859375,80412,0.0,0.0,0.0
2023-12-29 13:30:00-05:00,253.1699981689453,253.69000244140625,253.16200256347656,253.36000061035156,39150,0.0,0.0,0.0
2023-12-29 14:30:00-05:00,253.3300018310547,253.75999450683594,253.19009399414062,253.69749450683594,55187,0.0,0.0,0.0
2023-12-29 15:30:00-05:00,253.72000122070312,253.72000122070312,252.27000427246094,252.27000427246094,106945,0.0,0.0,0.0
2024-01-02 09:30:00-05:00,249.94000244140625,253.07000732421875,249.38999938964844,251.2550048828125,112140,0.0,0.0,0.0
2024-01-02 10:30:00-05:00,250.84010314941406,251.41000366210938,249.99049377441406,251.05999755859375,89928,0.0,0.0,0.0
2024-01-02 11:30:00-05:00,250.9250030517578,252.19000244140625,250.81500244140625,251.64999389648438,70595,0.0,0.0,0.0
2024-01-02 12:30:00-05:00,251.58999633789062,252.21499633789062,250.38999938964844,250.6999969482422,102391,0.0,0.0,0.0
2024-01-02 13:30:00-05:00,250.66000366210938,250.82000732421875,249.38999938964844,249.82000732421875,55261,0.0,0.0,0.0
2024-01-02 14:30:00-05:00,249.77000427246094,249.77000427246094,248.44000244140625,248.91000366210938,184853,0.0,0.0,0.0
2024-01-02 15:30:00-05:00,248.85499572753906,249.8000030517578,248.37010192871094,249.8000030517578,66297,0.0,0.0,0.0
2024-01-03 09:30:00-05:00,246.8300018310547,247.5800018310547,245.10000610351562,246.00999450683594,110608,0.0,0.0,0.0
2024-01-03 10:30:00-05:00,245.91000366210938,246.27999877929688,244.57000732421875,246.06640625,93046,0.0,0.0,0.0
2024-01-03 11:30:00-05:00,246.10000610351562,246.1999053955078,244.80999755859375,245.44000244140625,43040,0.0,0.0,0.0
2024-01-03 12:30:00-05:00,245.4600067138672,245.8000030517578,245.08999633789062,245.5800018310547,60225,0.0,0.0,0.0
2024-01-03 13:30:00-05:00,245.55999755859375,245.55999755859375,243.92160034179688,245.52999877929688,88206,0.0,0.0,0.0
2024-01-03 14:30:00-05:00,245.74000549316406,245.75999450683594,242.18710327148438,242.4600067138672,51826,0.0,0.0,0.0
2024-01-03 15:30:00-05:00,242.61000061035156,243.25,242.52000427246094,242.72000122070312,65274,0.0,0.0,0.0
2024-01-04 09:30:00-05:00,242.3800048828125,243.74000549316406,242.2100067138672,243.25999450683594,99948,0.0,0.0,0.0
2024-01-04 10:30:00-05:00,243.74000549316406,244.1300048828125,243.02000427246094,244.00999450683594,65609,0.0,0.0,0.0
2024-01-04 11:30:00-05:00,244.043701171875,244.13999938964844,242.75,243.36000061035156,189174,0.0,0.0,0.0
2024-01-04 12:30:00-05:00,243.22000122070312,243.6051025390625,242.69000244140625,243.6051025390625,26709,0.0,0.0,0.0
2024-01-04 13:30:00-05:00,243.52999877929688,243.86000061035156,243.22000122070312,243.39999389648438,26414,0.0,0.0,0.0
2024-01-04 14:30:00-05:00,243.1999969482422,243.78990173339844,242.72000122070312,243.22999572753906,25455,0.0,0.0,0.0
2024-01-04 15:30:00-05:00,243.13999938964844,243.38999938964844,242.4600067138672,242.66000366210938,73564,0.0,0.0,0.0
2024-01-05 09:30:00-05:00,240.8699951171875,244.1300048828125,240.75999450683594,243.36000061035156,130391,0.0,0.0,0.0
2024-01-05 10:30:00-05:00,243.39999389648438,243.7899932861328,242.52000427246094,242.57000732421875,80497,0.0,0.0,0.0
2024-01-05 11:30:00-05:00,242.5800018310547,242.77999877929688,241.3249969482422,241.72999572753906,121156,0.0,0.0,0.0
2024-01-05 12:30:00-05:00,241.72000122070312,242.1999969482422,241.375,242.1820068359375,78521,0.0,0.0,0.0
2024-01-05 13:30:00-05:00,242.52000427246094,243.0749969482422,242.25999450683594,242.5,25580,0.0,0.0,0.0
2024-01-05 14:30:00-05:00,242.39999389648438,242.47000122070312,241.04010009765625,241.7100067138672,40336,0.0,0.0,0.0
2024-01-05 15:30:00-05:00,241.66769409179688,242.17999267578125,241.4499969482422,241.58999633789062,90060,0.0,0.0,0.0
2024-01-08 09:30:00-05:00,241.6300048828125,243.5399932861328,240.88999938964844,243.41000366210938,72708,0.0,0.0,0.0
2024-01-08 10:30:00-05:00,243.52000427246094,244.67999267578125,243.52000427246094,244.13999938964844,130681,0.0,0.0,0.0
2024-01-08 11:30:00-05:00,244.14999389648438,245.24000549316406,244.08999633789062,244.47000122070312,79344,0.0,0.0,0.0
2024-01-08 12:30:00-05:00,244.49000549316406,246.07000732421875,244.49000549316406,245.9499969482422,28765,0.0,0.0,0.0
2024-01-08 13:30:00-05:00,245.9600067138672,246.86500549316406,245.9600067138672,246.83999633789062,27172,0.0,0.0,0.0
2024-01-08 14:30:00-05:00,246.99000549316406,247.08999633789062,246.75999450683594,247.01499938964844,122080,0.0,0.0,0.0
2024-01-08 15:30:00-05:00,246.92999267578125,247.60000610351562,246.92999267578125,247.52000427246094,76316,0.0,0.0,0.0
2024-01-09 09:30:00-05:00,244.66000366210938,245.14500427246094,243.25999450683594,244.6300048828125,143923,0.0,0.0,0.0
2024-01-09 10:30:00-05:00,244.61000061035156,245.5500030517578,244.47000122070312,245.5399932861328,72129,0.0,0.0,0.0
2024-01-09 11:30:00-05:00,245.57000732421875,246.0,245.47000122070312,245.94000244140625,64893,0.0,0.0,0.0
2024-01-09 12:30:00-05:00,245.99000549316406,246.5399932861328,245.33999633789062,245.4600067138672,98779,0.0,0.0,0.0
2024-01-09 13:30:00-05:00,245.25,246.36000061035156,245.08999633789062,245.72000122070312,111158,0.0,0.0,0.0
2024-01-09 14:30:00-05:00,245.66000366210938,246.38999938964844,245.63499450683594,245.8699951171875,48245,0.0,0.0,0.0
2024-01-09 15:30:00-05:00,245.94000244140625,245.94000244140625,245.25,245.5,98843,0.0,0.0,0.0
2024-01-10 09:30:00-05:00,245.44000244140625,245.77999877929688,243.02000427246094,244.360107421875,66113,0.0,0.0,0.0
2024-01-10 10:30:00-05:00,244.5050048828125,244.92999267578125,244.24000549316406,244.51010131835938,67958,0.0,0.0,0.0
2024-01-10 11:30:00-05:00,244.50999450683594,244.9248046875,244.40499877929688,244.74000549316406,37366,0.0,0.0,0.0
2024-01-10 12:30:00-05:00,244.72000122070312,245.2899932861328,244.25,245.0,50263,0.0,0.0,0.0
2024-01-10 13:30:00-05:00,244.9499969482422,245.74000549316406,244.92999267578125,245.60000610351562,55569,0.0,0.0,0.0
2024-01-10 14:30:00-05:00,245.55999755859375,245.89999389648438,244.5500030517578,244.72000122070312,61548,0.0,0.0,0.0
2024-01-10 15:30:00-05:00,244.75999450683594,245.61000061035156,244.50999450683594,245.5399932861328,87951,0.0,0.0,0.0
2024-01-11 09:30:00-05:00,244.85000610351562,245.63999938964844,241.2100067138672,242.44000244140625,152550,0.0,0.0,0.0
2024-01-11 10:30:00-05:00,242.49000549316406,242.88999938964844,240.88999938964844,241.02000427246094,146486,0.0,0.0,0.0
2024-01-11 11:30:00-05:00,241.02499389648438,241.8300018310547,240.82000732421875,241.09500122070312,56359,0.0,0.0,0.0
2024-01-11 12:30:00-05:00,241.1300048828125,243.3699951171875,241.1300048828125,242.8800048828125,60014,0.0,0.0,0.0
2024-01-11 13:30:00-05:00,243.0399932861328,243.77000427246094,242.5800018310547,243.77000427246094,47322,0.0,0.0,0.0
2024-01-11 14:30:00-05:00,243.74000549316406,244.1300048828125,243.0865020751953,243.8000030517578,218699,0.0,0.0,0.0
2024-01-11 15:30:00-05:00,243.69000244140625,243.97500610351562,243.4199981689453,243.74000549316406,74299,0.0,0.0,0.0
2024-01-12 09:30:00-05:00,245.99000549316406,247.74000549316406,244.17010498046875,244.4600067138672,67386,0.0,0.0,0.0
2024-01-12 10:30:00-05:00,244.42999267578125,244.7899932861328,243.11000061035156,244.03599548339844,49996,0.0,0.0,0.0
2024-01-12 11:30:00-05:00,243.9199981689453,243.97999572753906,242.58999633789062,243.02999877929688,82590,0.0,0.0,0.0
2024-01-12 12:30:00-05:00,243.02000427246094,243.30999755859375,242.5850067138672,243.2899932861328,38698,0.0,0.0,0.0
2024-01-12 13:30:00-05:00,243.30999755859375,243.72000122070312,243.27999877929688,243.45590209960938,40478,0.0,0.0,0.0
2024-01-12 14:30:00-05:00,243.44000244140625,243.4600067138672,242.65310668945312,243.02000427246094,61169,0.0,0.0,0.0
2024-01-12 15:30:00-05:00,242.99000549316406,243.36000061035156,242.91000366210938,243.16000366210938,49082,0.0,0.0,0.0
2024-01-16 09:30:00-05:00,241.02999877929688,242.1199951171875,239.92999267578125,242.1199951171875,85729,0.0,0.0,0.0
2024-01-16 10:30:00-05:00,241.9700927734375,242.64059448242188,240.80999755859375,242.13499450683594,129646,0.0,0.0,0.0
2024-01-16 11:30:00-05:00,242.0,242.3699951171875,241.13999938964844,241.22000122070312,32025,0.0,0.0,0.0
2024-01-16 12:30:00-05:00,241.1199951171875,241.7100067138672,240.91000366210938,241.39999389648438,96583,0.0,0.0,0.0
2024-01-16 13:30:00-05:00,241.50999450683594,241.5850067138672,239.9499969482422,240.3800048828125,53571,0.0,0.0,0.0
2024-01-16 14:30:00-05:00,240.25999450683594,241.05999755859375,240.16000366210938,240.77999877929688,78257,0.0,0.0,0.0
2024-01-16 15:30:00-05:00,240.83999633789062,241.19000244140625,240.50999450683594,241.13999938964844,107037,0.0,0.0,0.0
2024-01-17 09:30:00-05:00,238.1999969482422,239.32000732421875,237.02999877929688,238.6300048828125,97333,0.0,0.0,0.0
2024-01-17 10:30:00-05:00,238.61000061035156,239.17999267578125,238.19000244140625,238.97999572753906,50595,0.0,0.0,0.0
2024-01-17 11:30:00-05:00,238.8800048828125,239.32989501953125,238.44000244140625,238.55149841308594,50832,0.0,0.0,0.0
2024-01-17 12:30:00-05:00,238.49000549316406,238.97999572753906,238.25,238.3699951171875,32423,0.0,0.0,0.0
2024-01-17 13:30:00-05:00,238.25,238.91000366210938,237.9199981689453,238.77000427246094,28053,0.0,0.0,0.0
2024-01-17 14:30:00-05:00,238.9499969482422,239.0399932861328,238.42999267578125,238.47999572753906,54980,0.0,0.0,0.0
2024-01-17 15:30:00-05:00,238.42999267578125,239.80999755859375,238.39999389648438,239.5399932861328,72790,0.0,0.0,0.0
2024-01-18 09:30:00-05:00,241.22999572753906,241.60499572753906,239.10299682617188,240.02000427246094,50319,0.0,0.0,0.0
2024-01-18 10:30:00-05:00,240.0399932861328,240.47000122070312,238.94000244140625,239.77000427246094,33585,0.0,0.0,0.0
2024-01-18 11:30:00-05:00,239.88999938964844,240.1199951171875,237.99000549316406,238.73989868164062,50463,0.0,0.0,0.0
2024-01-18 12:30:00-05:00,238.606201171875,238.85000610351562,237.66000366210938,237.9499969482422,48011,0.0,0.0,0.0
2024-01-18 13:30:00-05:00,237.947998046875,239.75999450683594,237.94000244140625,239.71499633789062,40286,0.0,0.0,0.0
2024-01-18 14:30:00-05:00,239.72999572753906,240.5500030517578,239.4600067138672,240.49000549316406,44062,0.0,0.0,0.0
2024-01-18 15:30:00-05:00,240.5399932861328,240.74000549316406,240.24000549316406,240.6199951171875,66742,0.0,0.0,0.0
2024-01-19 09:30:00-05:00,241.47999572753906,241.69000244140625,239.13999938964844,239.8000030517578,77934,0.0,0.0,0.0
2024-01-19 10:30:00-05:00,239.75,240.60000610351562,239.33999633789062,240.0800018310547,49877,0.0,0.0,0.0
2024-01-19 11:30:00-05:00,240.0050048828125,240.13999938964844,239.3000030517578,240.13999938964844,33234,0.0,0.0,0.0
2024-01-19 12:30:00-05:00,240.1999969482422,241.6580047607422,240.08999633789062,241.58999633789062,41120,0.0,0.0,0.0
2024-01-19 13:30:00-05:00,241.67999267578125,243.25999450683594,241.67999267578125,242.97000122070312,40924,0.0,0.0,0.0
2024-01-19 14:30:00-05:00,243.1699981689453,243.1699981689453,242.3699951171875,242.7100067138672,57497,0.0,0.0,0.0
2024-01-19 15:30:00-05:00,242.66000366210938,243.1300048828125,242.5399932861328,243.1300048828125,55841,0.0,0.0,0.0
2024-01-22 09:30:00-05:00,245.0500030517578,248.4499969482422,245.0500030517578,247.97000122070312,129911,0.0,0.0,0.0
2024-01-22 10:30:00-05:00,247.82000732421875,247.8699951171875,246.24000549316406,247.3000030517578,140563,0.0,0.0,0.0
2024-01-22 11:30:00-05:00,247.3800048828125,247.39999389648438,246.3699951171875,246.89999389648438,77750,0.0,0.0,0.0
2024-01-22 12:30:00-05:00,246.94000244140625,246.9600067138672,245.86000061035156,245.86000061035156,52927,0.0,0.0,0.0
2024-01-22 13:30:00-05:00,245.80999755859375,246.89999389648438,245.7899932861328,246.19000244140625,81340,0.0,0.0,0.0
2024-01-22 14:30:00-05:00,246.34500122070312,247.90750122070312,246.24000549316406,247.8802032470703,79476,0.0,0.0,0.0
2024-01-22 15:30:00-05:00,247.9199981689453,248.25999450683594,247.64999389648438,248.02000427246094,225228,0.0,0.0,0.0
2024-01-23 09:30:00-05:00,250.17999267578125,250.47999572753906,248.44000244140625,248.7899932861328,108618,0.0,0.0,0.0
2024-01-23 10:30:00-05:00,248.74000549316406,248.75,246.6300048828125,246.6300048828125,113972,0.0,0.0,0.0
2024-01-23 11:30:00-05:00,246.6999969482422,247.1199951171875,246.1699981689453,246.50999450683594,83637,0.0,0.0,0.0
2024-01-23 12:30:00-05:00,246.5,246.75999450683594,246.27999877929688,246.57000732421875,150298,0.0,0.0,0.0
2024-01-23 13:30:00-05:00,246.57000732421875,247.66000366210938,246.39999389648438,247.4207000732422,88378,0.0,0.0,0.0
2024-01-23 14:30:00-05:00,247.38999938964844,248.44000244140625,247.27999877929688,248.02999877929688,132617,0.0,0.0,0.0
2024-01-23 15:30:00-05:00,248.02000427246094,248.02000427246094,247.50999450683594,247.72000122070312,106898,0.0,0.0,0.0
2024-01-24 09:30:00-05:00,250.83999633789062,251.00999450683594,247.1999969482422,248.3800048828125,105321,0.0,0.0,0.0
2024-01-24 10:30:00-05:00,248.1699981689453,249.33999633789062,247.9694061279297,248.75999450683594,76570,0.0,0.0,0.0
2024-01-24 11:30:00-05:00,248.69000244140625,248.6999969482422,247.8699951171875,248.25999450683594,44013,0.0,0.0,0.0
2024-01-24 12:30:00-05:00,248.1999969482422,248.5800018310547,247.0399932861328,247.24000549316406,49700,0.0,0.0,0.0
2024-01-24 13:30:00-05:00,247.0399932861328,247.0399932861328,245.67999267578125,246.00999450683594,85692,0.0,0.0,0.0
2024-01-24 14:30:00-05:00,246.1699981689453,246.77000427246094,245.4600067138672,245.49000549316406,197050,0.0,0.0,0.0
2024-01-24 15:30:00-05:00,245.4199981689453,246.1199951171875,245.2449951171875,245.30999755859375,76993,0.0,0.0,0.0
2024-01-25 09:30:00-05:00,248.24000549316406,249.66000366210938,247.0919952392578,248.57000732421875,77216,0.0,0.0,0.0
2024-01-25 10:30:00-05:00,248.52999877929688,248.61000061035156,246.63999938964844,247.48500061035156,38874,0.0,0.0,0.0
2024-01-25 11:30:00-05:00,247.5800018310547,247.72000122070312,246.16000366210938,246.35000610351562,114844,0.0,0.0,0.0
2024-01-25 12:30:00-05:00,246.05999755859375,246.99000549316406,245.63999938964844,246.1649932861328,47846,0.0,0.0,0.0
2024-01-25 13:30:00-05:00,245.8800048828125,246.52650451660156,245.4199981689453,246.4600067138672,33203,0.0,0.0,0.0
2024-01-25 14:30:00-05:00,246.39999389648438,246.7899932861328,246.11000061035156,246.1199951171875,96182,0.0,0.0,0.0
2024-01-25 15:30:00-05:00,246.2100067138672,247.0,246.2100067138672,247.0,227310,0.0,0.0,0.0
2024-01-26 09:30:00-05:00,248.13999938964844,249.4199981689453,247.25999450683594,248.0749969482422,36167,0.0,0.0,0.0
2024-01-26 10:30:00-05:00,247.90499877929688,248.82000732421875,247.69000244140625,248.0749969482422,31594,0.0,0.0,0.0
2024-01-26 11:30:00-05:00,247.9499969482422,248.2899932861328,247.49000549316406,247.8000030517578,32246,0.0,0.0,0.0
2024-01-26 12:30:00-05:00,247.77999877929688,247.77999877929688,246.50999450683594,247.32000732421875,99518,0.0,0.0,0.0
2024-01-26 13:30:00-05:00,247.33999633789062,247.4499969482422,246.75,247.27000427246094,36357,0.0,0.0,0.0
2024-01-26 14:30:00-05:00,247.14999389648438,247.55999755859375,246.77000427246094,246.8300018310547,84805,0.0,0.0,0.0
2024-01-26 15:30:00-05:00,246.83999633789062,247.22999572753906,246.6699981689453,246.8300018310547,139228,0.0,0.0,0.0
2024-01-29 09:30:00-05:00,246.9499969482422,248.0050048828125,246.1999969482422,247.5496063232422,71089,0.0,0.0,0.0
2024-01-29 10:30:00-05:00,247.8000030517578,248.69000244140625,247.42999267578125,248.4499969482422,66010,0.0,0.0,0.0
2024-01-29 11:30:00-05:00,248.52999877929688,248.87550354003906,248.22000122070312,248.86000061035156,44483,0.0,0.0,0.0
2024-01-29 12:30:00-05:00,248.9600067138672,249.0500030517578,248.5399932861328,249.02000427246094,63832,0.0,0.0,0.0
2024-01-29 13:30:00-05:00,248.97999572753906,249.69000244140625,248.8699951171875,249.6699981689453,38772,0.0,0.0,0.0
2024-01-29 14:30:00-05:00,249.67999267578125,251.75,249.55999755859375,251.5800018310547,76063,0.0,0.0,0.0
2024-01-29 15:30:00-05:00,251.5500030517578,252.1699981689453,251.25,252.1699981689453,116519,0.0,0.0,0.0
2024-01-30 09:30:00-05:00,251.19000244140625,251.21279907226562,249.27000427246094,249.5500030517578,62420,0.0,0.0,0.0
2024-01-30 10:30:00-05:00,249.4600067138672,249.74000549316406,249.24000549316406,249.74000549316406,53345,0.0,0.0,0.0
2024-01-30 11:30:00-05:00,249.7205047607422,250.22999572753906,249.1999969482422,249.2100067138672,88462,0.0,0.0,0.0
2024-01-30 12:30:00-05:00,249.19000244140625,249.36000061035156,248.57000732421875,249.3498992919922,98477,0.0,0.0,0.0
2024-01-30 13:30:00-05:00,249.36000061035156,249.7100067138672,249.07000732421875,249.67999267578125,55010,0.0,0.0,0.0
2024-01-30 14:30:00-05:00,249.66000366210938,249.86500549316406,249.39999389648438,249.85499572753906,51102,0.0,0.0,0.0
2024-01-30 15:30:00-05:00,249.8300018310547,249.9600067138672,249.49000549316406,249.5,139234,0.0,0.0,0.0
2024-01-31 09:30:00-05:00,249.00999450683594,249.52000427246094,247.89999389648438,249.2100067138672,22846,0.0,0.0,0.0
2024-01-31 10:30:00-05:00,249.11000061035156,249.27000427246094,247.9219970703125,248.52999877929688,62756,0.0,0.0,0.0
2024-01-31 11:30:00-05:00,248.60000610351562,248.75,247.39999389648438,248.75,69098,0.0,0.0,0.0
2024-01-31 12:30:00-05:00,248.75999450683594,249.1199951171875,248.17349243164062,248.52999877929688,57415,0.0,0.0,0.0
2024-01-31 13:30:00-05:00,248.63999938964844,248.97999572753906,247.24000549316406,247.47999572753906,42192,0.0,0.0,0.0
2024-01-31 14:30:00-05:00,247.3800048828125,251.3300018310547,244.99000549316406,246.1699981689453,79620,0.0,0.0,0.0
2024-01-31 15:30:00-05:00,245.7100067138672,245.7100067138672,243.97000122070312,244.10000610351562,68453,0.0,0.0,0.0
2024-02-01 09:30:00-05:00,246.2100067138672,247.49000549316406,244.75,246.6999969482422,103724,0.0,0.0,0.0
2024-02-01 10:30:00-05:00,246.67999267578125,246.74420166015625,243.7899932861328,244.5,178645,0.0,0.0,0.0
2024-02-01 11:30:00-05:00,244.64999389648438,247.0800018310547,244.64999389648438,246.5500030517578,55980,0.0,0.0,0.0
2024-02-01 12:30:00-05:00,246.52000427246094,248.11000061035156,246.49000549316406,247.77999877929688,55367,0.0,0.0,0.0
2024-02-01 13:30:00-05:00,248.05990600585938,248.6199951171875,247.41000366210938,248.22000122070312,91761,0.0,0.0,0.0
2024-02-01 14:30:00-05:00,248.2449951171875,248.9398956298828,247.6199951171875,248.38999938964844,97205,0.0,0.0,0.0
2024-02-01 15:30:00-05:00,248.38999938964844,249.00999450683594,248.11000061035156,248.82000732421875,61335,0.0,0.0,0.0
2024-02-02 09:30:00-05:00,246.57000732421875,246.64999389648438,244.9499969482422,245.57000732421875,96372,0.0,0.0,0.0
2024-02-02 10:30:00-05:00,246.08999633789062,247.16000366210938,245.36000061035156,247.0800018310547,95662,0.0,0.0,0.0
2024-02-02 11:30:00-05:00,247.1999969482422,247.3300018310547,246.32000732421875,247.32000732421875,73726,0.0,0.0,0.0
2024-02-02 12:30:00-05:00,247.33999633789062,247.6300048828125,245.69000244140625,246.55999755859375,48314,0.0,0.0,0.0
2024-02-02 13:30:00-05:00,246.375,248.63999938964844,246.375,248.1300048828125,26064,0.0,0.0,0.0
2024-02-02 14:30:00-05:00,248.35000610351562,249.0762939453125,248.0,249.0762939453125,47408,0.0,0.0,0.0
2024-02-02 15:30:00-05:00,249.16879272460938,249.16879272460938,247.97000122070312,248.0800018310547,56072,0.0,0.0,0.0
2024-02-05 09:30:00-05:00,246.11000061035156,246.11000061035156,242.6300048828125,243.3000030517578,101582,0.0,0.0,0.0
2024-02-05 10:30:00-05:00,243.24000549316406,244.10000610351562,242.75999450683594,243.85499572753906,136861,0.0,0.0,0.0
2024-02-05 11:30:00-05:00,243.8300018310547,245.07000732421875,243.7100067138672,245.07000732421875,55852,0.0,0.0,0.0
2024-02-05 12:30:00-05:00,245.19000244140625,245.8000030517578,244.85499572753906,245.1999969482422,38663,0.0,0.0,0.0
2024-02-05 13:30:00-05:00,245.22000122070312,246.02499389648438,245.22000122070312,245.99000549316406,74677,0.0,0.0,0.0
2024-02-05 14:30:00-05:00,245.9600067138672,246.60000610351562,245.25,246.1649932861328,70689,0.0,0.0,0.0
2024-02-05 15:30:00-05:00,246.19000244140625,246.36000061035156,245.14999389648438,245.16000366210938,114355,0.0,0.0,0.0
2024-02-06 09:30:00-05:00,244.92999267578125,246.9499969482422,244.10000610351562,246.5399932861328,54129,0.0,0.0,0.0
2024-02-06 10:30:00-05:00,246.66000366210938,247.26100158691406,246.43499755859375,247.25799560546875,47551,0.0,0.0,0.0
2024-02-06 11:30:00-05:00,247.13999938964844,247.13999938964844,245.6699981689453,246.41000366210938,48480,0.0,0.0,0.0
2024-02-06 12:30:00-05:00,246.50999450683594,246.52000427246094,245.9600067138672,246.24000549316406,36463,0.0,0.0,0.0
2024-02-06 13:30:00-05:00,246.3800048828125,247.1699981689453,246.00999450683594,246.35000610351562,80111,0.0,0.0,0.0
2024-02-06 14:30:00-05:00,246.24000549316406,247.5399932861328,246.17999267578125,247.30999755859375,73021,0.0,0.0,0.0
2024-02-06 15:30:00-05:00,247.24000549316406,247.7899932861328,246.92999267578125,247.6999969482422,77351,0.0,0.0,0.0
2024-02-07 09:30:00-05:00,248.49000549316406,248.49000549316406,246.16000366210938,248.30999755859375,31470,0.0,0.0,0.0
2024-02-07 10:30:00-05:00,248.32000732421875,248.52999877929688,247.60150146484375,247.97000122070312,33528,0.0,0.0,0.0
2024-02-07 11:30:00-05:00,247.7498016357422,247.88499450683594,247.33999633789062,247.74000549316406,58176,0.0,0.0,0.0
2024-02-07 12:30:00-05:00,247.61500549316406,248.75,247.36000061035156,248.75,27264,0.0,0.0,0.0
2024-02-07 13:30:00-05:00,248.75,248.9250030517578,248.3350067138672,248.47999572753906,57625,0.0,0.0,0.0
2024-02-07 14:30:00-05:00,248.5500030517578,248.80999755859375,248.25999450683594,248.3000030517578,90134,0.0,0.0,0.0
2024-02-07 15:30:00-05:00,248.25999450683594,248.28500366210938,247.52999877929688,247.6699981689453,98262,0.0,0.0,0.0
2024-02-08 09:30:00-05:00,247.8800048828125,250.30999755859375,247.30999755859375,249.7301025390625,46527,0.0,0.0,0.0
2024-02-08 10:30:00-05:00,250.08999633789062,251.00999450683594,250.0800018310547,250.1300048828125,26537,0.0,0.0,0.0
2024-02-08 11:30:00-05:00,250.0,250.86000061035156,250.0,250.77000427246094,17769,0.0,0.0,0.0
2024-02-08 12:30:00-05:00,250.74000549316406,251.44000244140625,250.4199981689453,251.44000244140625,39929,0.0,0.0,0.0
2024-02-08 13:30:00-05:00,251.47999572753906,252.27999877929688,251.3699951171875,252.08999633789062,60214,0.0,0.0,0.0
2024-02-08 14:30:00-05:00,252.0,252.1999969482422,251.45199584960938,251.91000366210938,42370,0.0,0.0,0.0
2024-02-08 15:30:00-05:00,251.9398956298828,252.1199951171875,251.4971923828125,252.05999755859375,85603,0.0,0.0,0.0
2024-02-09 09:30:00-05:00,253.69000244140625,254.7899932861328,252.97000122070312,254.3000030517578,85928,0.0,0.0,0.0
2024-02-09 10:30:00-05:00,254.32000732421875,255.0789031982422,254.14999389648438,254.39999389648438,85013,0.0,0.0,0.0
2024-02-09 11:30:00-05:00,254.44000244140625,255.82000732421875,254.1300048828125,255.82000732421875,34590,0.0,0.0,0.0
2024-02-09 12:30:00-05:00,255.8000030517578,257.339111328125,255.4600067138672,257.2947082519531,47079,0.0,0.0,0.0
2024-02-09 13:30:00-05:00,257.30999755859375,257.30999755859375,256.6000061035156,256.95001220703125,62151,0.0,0.0,0.0
2024-02-09 14:30:00-05:00,256.9800109863281,257.1724853515625,256.07000732421875,256.91400146484375,86472,0.0,0.0,0.0
2024-02-09 15:30:00-05:00,256.8399963378906,257.07000732421875,256.55999755859375,257.07000732421875,176138,0.0,0.0,0.0
2024-02-12 09:30:00-05:00,258.010009765625,260.1112976074219,258.010009765625,260.1112976074219,86352,0.0,0.0,0.0
2024-02-12 10:30:00-05:00,260.07000732421875,261.48699951171875,260.07000732421875,261.3699951171875,62897,0.0,0.0,0.0
2024-02-12 11:30:00-05:00,261.3229064941406,261.8500061035156,261.1400146484375,261.20001220703125,50373,0.0,0.0,0.0
2024-02-12 12:30:00-05:00,261.1600036621094,262.0299987792969,261.1000061035156,261.3800048828125,54110,0.0,0.0,0.0
2024-02-12 13:30:00-05:00,261.2699890136719,261.3949890136719,259.6199951171875,260.2449951171875,53487,0.0,0.0,0.0
2024-02-12 14:30:00-05:00,260.75,261.1488037109375,260.3500061035156,261.0387878417969,43755,0.0,0.0,0.0
2024-02-12 15:30:00-05:00,260.94000244140625,261.6549987792969,260.8999938964844,261.05999755859375,128483,0.0,0.0,0.0
2024-02-13 09:30:00-05:00,252.08999633789062,253.8000030517578,250.41000366210938,252.49000549316406,140091,0.0,0.0,0.0
2024-02-13 10:30:00-05:00,252.5800018310547,254.61000061035156,252.0399932861328,254.10000610351562,59476,0.0,0.0,0.0
2024-02-13 11:30:00-05:00,254.10000610351562,254.89999389648438,252.66000366210938,252.7100067138672,159322,0.0,0.0,0.0
2024-02-13 12:30:00-05:00,252.72999572753906,253.50999450683594,252.34559631347656,252.90499877929688,241523,0.0,0.0,0.0
2024-02-13 13:30:00-05:00,252.8800048828125,252.91000366210938,251.00999450683594,251.3300018310547,181034,0.0,0.0,0.0
2024-02-13 14:30:00-05:00,251.4512939453125,251.82000732421875,248.9145050048828,249.61929321289062,176057,0.0,0.0,0.0
2024-02-13 15:30:00-05:00,249.47999572753906,250.92999267578125,249.47000122070312,250.8699951171875,455591,0.0,0.0,0.0
2024-02-14 09:30:00-05:00,255.0800018310547,255.7100067138672,253.60000610351562,255.3800048828125,23955,0.0,0.0,0.0
2024-02-14 10:30:00-05:00,255.4199981689453,255.47500610351562,253.5601043701172,255.11000061035156,55228,0.0,0.0,0.0
2024-02-14 11:30:00-05:00,255.22000122070312,255.55999755859375,253.91000366210938,255.4199981689453,29786,0.0,0.0,0.0
2024-02-14 12:30:00-05:00,255.44000244140625,256.19000244140625,255.17999267578125,255.66000366210938,32402,0.0,0.0,0.0
2024-02-14 13:30:00-05:00,255.77999877929688,257.010009765625,255.77999877929688,256.96630859375,255312,0.0,0.0,0.0
2024-02-14 14:30:00-05:00,256.9599914550781,258.023193359375,256.7799987792969,257.875,41410,0.0,0.0,0.0
2024-02-14 15:30:00-05:00,257.710205078125,257.9800109863281,257.44000244140625,257.5899963378906,146005,0.0,0.0,0.0
2024-02-15 09:30:00-05:00,259.4800109863281,261.8999938964844,259.4800109863281,261.07000732421875,92652,0.0,0.0,0.0
2024-02-15 10:30:00-05:00,261.05499267578125,261.260009765625,259.3900146484375,260.5400085449219,218623,0.0,0.0,0.0
2024-02-15 11:30:00-05:00,260.3999938964844,261.33099365234375,260.2300109863281,261.2998962402344,41155,0.0,0.0,0.0
2024-02-15 12:30:00-05:00,261.29998779296875,262.3078918457031,260.6700134277344,262.3078918457031,42013,0.0,0.0,0.0
2024-02-15 13:30:00-05:00,262.3699951171875,263.7200012207031,262.3699951171875,263.5799865722656,75634,0.0,0.0,0.0
2024-02-15 14:30:00-05:00,263.7900085449219,264.0299987792969,262.7099914550781,263.07501220703125,56448,0.0,0.0,0.0
2024-02-15 15:30:00-05:00,263.32000732421875,263.6499938964844,263.1700134277344,263.6000061035156,63074,0.0,0.0,0.0
2024-02-16 09:30:00-05:00,260.5400085449219,262.4200134277344,259.2200012207031,260.4599914550781,138103,0.0,0.0,0.0
2024-02-16 10:30:00-05:00,260.489990234375,261.79998779296875,260.0199890136719,261.4700012207031,84573,0.0,0.0,0.0
2024-02-16 11:30:00-05:00,261.5,262.010009765625,260.9200134277344,261.760009765625,58925,0.0,0.0,0.0
2024-02-16 12:30:00-05:00,262.010009765625,262.1000061035156,261.0400085449219,261.3349914550781,48277,0.0,0.0,0.0
2024-02-16 13:30:00-05:00,261.3299865722656,262.3581848144531,261.3299865722656,261.7699890136719,79458,0.0,0.0,0.0
2024-02-16 14:30:00-05:00,261.7554016113281,261.7554016113281,259.79998779296875,260.2900085449219,130658,0.0,0.0,0.0
2024-02-16 15:30:00-05:00,260.32000732421875,260.44000244140625,259.30999755859375,259.3500061035156,214159,0.0,0.0,0.0
2024-02-20 09:30:00-05:00,256.1099853515625,256.760009765625,254.88009643554688,255.55999755859375,149777,0.0,0.0,0.0
2024-02-20 10:30:00-05:00,255.25999450683594,255.75,254.78500366210938,255.5,76315,0.0,0.0,0.0
2024-02-20 11:30:00-05:00,255.39999389648438,255.39999389648438,253.9600067138672,254.1199951171875,67676,0.0,0.0,0.0
2024-02-20 12:30:00-05:00,254.08999633789062,254.7899932861328,253.82000732421875,254.3300018310547,77560,0.0,0.0,0.0
2024-02-20 13:30:00-05:00,254.2899932861328,254.72999572753906,254.0,254.55999755859375,63929,0.0,0.0,0.0
2024-02-20 14:30:00-05:00,254.58999633789062,255.17999267578125,254.33999633789062,255.00999450683594,75998,0.0,0.0,0.0
2024-02-20 15:30:00-05:00,255.07000732421875,255.4499969482422,254.3699951171875,255.4499969482422,148772,0.0,0.0,0.0
2024-02-21 09:30:00-05:00,253.25,254.1199951171875,253.10000610351562,253.30999755859375,83355,0.0,0.0,0.0
2024-02-21 10:30:00-05:00,253.1199951171875,253.5,252.67999267578125,253.0,62248,0.0,0.0,0.0
2024-02-21 11:30:00-05:00,252.88999938964844,252.91000366210938,251.97000122070312,252.1199951171875,49570,0.0,0.0,0.0
2024-02-21 12:30:00-05:00,252.16000366210938,252.77999877929688,251.91000366210938,252.42999267578125,364803,0.0,0.0,0.0
2024-02-21 13:30:00-05:00,252.5850067138672,253.07000732421875,251.7458953857422,251.97999572753906,38375,0.0,0.0,0.0
2024-02-21 14:30:00-05:00,252.02999877929688,252.05999755859375,251.17999267578125,251.72000122070312,65952,0.0,0.0,0.0
2024-02-21 15:30:00-05:00,251.77999877929688,253.2100067138672,251.7100067138672,253.1999969482422,78835,0.0,0.0,0.0
2024-02-22 09:30:00-05:00,255.33999633789062,257.1199951171875,255.0800018310547,255.58990478515625,151253,0.0,0.0,0.0
2024-02-22 10:30:00-05:00,255.38999938964844,256.635009765625,254.97999572753906,256.5400085449219,136199,0.0,0.0,0.0
2024-02-22 11:30:00-05:00,256.6499938964844,257.3299865722656,256.2900085449219,257.19000244140625,74180,0.0,0.0,0.0
2024-02-22 12:30:00-05:00,257.25,258.0,256.6099853515625,256.989990234375,127729,0.0,0.0,0.0
2024-02-22 13:30:00-05:00,256.8900146484375,258.1499938964844,256.8900146484375,257.94000244140625,185443,0.0,0.0,0.0
2024-02-22 14:30:00-05:00,257.9700012207031,257.9700012207031,256.8500061035156,257.45001220703125,132355,0.0,0.0,0.0
2024-02-22 15:30:00-05:00,257.4700012207031,257.989990234375,257.2200012207031,257.4495849609375,74491,0.0,0.0,0.0
2024-02-23 09:30:00-05:00,257.45001220703125,257.81500244140625,255.8800048828125,256.7699890136719,209170,0.0,0.0,0.0
2024-02-23 10:30:00-05:00,256.7449951171875,257.45001220703125,255.8300018310547,256.8299865722656,143029,0.0,0.0,0.0
2024-02-23 11:30:00-05:00,256.8399963378906,258.6499938964844,256.4700012207031,257.9800109863281,131744,0.0,0.0,0.0
2024-02-23 12:30:00-05:00,257.95001220703125,258.8699951171875,257.6199951171875,258.8299865722656,226545,0.0,0.0,0.0
2024-02-23 13:30:00-05:00,258.8399963378906,259.04998779296875,257.6700134277344,257.8599853515625,116666,0.0,0.0,0.0
2024-02-23 14:30:00-05:00,257.92999267578125,258.1400146484375,257.4700012207031,257.4700012207031,57789,0.0,0.0,0.0
2024-02-23 15:30:00-05:00,257.5199890136719,257.9800109863281,257.3399963378906,257.6499938964844,138503,0.0,0.0,0.0
2024-02-26 09:30:00-05:00,257.4800109863281,260.1400146484375,257.2099914550781,260.1400146484375,68930,0.0,0.0,0.0
2024-02-26 10:30:00-05:00,260.0,260.3900146484375,259.69000244140625,259.9549865722656,54257,0.0,0.0,0.0
2024-02-26 11:30:00-05:00,259.94000244140625,260.5039978027344,259.6499938964844,260.4783935546875,56715,0.0,0.0,0.0
2024-02-26 12:30:00-05:00,260.3299865722656,260.4800109863281,259.1199951171875,259.1449890136719,71172,0.0,0.0,0.0
2024-02-26 13:30:00-05:00,259.1499938964844,260.2200012207031,259.0,260.2200012207031,53897,0.0,0.0,0.0
2024-02-26 14:30:00-05:00,260.25,260.95001220703125,259.9200134277344,260.739990234375,88383,0.0,0.0,0.0
2024-02-26 15:30:00-05:00,260.75,260.9200134277344,260.07501220703125,260.6400146484375,100264,0.0,0.0,0.0
2024-02-27 09:30:00-05:00,263.0299987792969,264.20001220703125,262.21978759765625,263.5400085449219,64681,0.0,0.0,0.0
2024-02-27 10:30:00-05:00,263.69000244140625,264.2699890136719,263.2099914550781,264.0799865722656,99676,0.0,0.0,0.0
2024-02-27 11:30:00-05:00,264.04998779296875,264.6400146484375,263.8699951171875,264.1050109863281,48457,0.0,0.0,0.0
2024-02-27 12:30:00-05:00,264.07000732421875,264.2049865722656,263.1499938964844,263.7699890136719,87625,0.0,0.0,0.0
2024-02-27 13:30:00-05:00,263.7300109863281,264.3800048828125,263.6600036621094,264.25,209959,0.0,0.0,0.0
2024-02-27 14:30:00-05:00,264.2699890136719,264.6400146484375,263.8500061035156,264.6300048828125,191034,0.0,0.0,0.0
2024-02-27 15:30:00-05:00,264.6000061035156,265.09991455078125,264.44000244140625,264.6600036621094,118440,0.0,0.0,0.0
2024-02-28 09:30:00-05:00,262.8399963378906,264.3299865722656,261.8900146484375,263.8699951171875,179343,0.0,0.0,0.0
2024-02-28 10:30:00-05:00,263.57000732421875,264.2900085449219,263.5,263.6400146484375,108109,0.0,0.0,0.0
2024-02-28 11:30:00-05:00,263.8699951171875,264.4200134277344,263.6199951171875,263.8800048828125,78696,0.0,0.0,0.0
2024-02-28 12:30:00-05:00,263.8599853515625,263.8599853515625,263.0400085449219,263.6400146484375,129197,0.0,0.0,0.0
2024-02-28 13:30:00-05:00,263.70001220703125,263.7799987792969,262.82000732421875,263.2200012207031,82076,0.0,0.0,0.0
2024-02-28 14:30:00-05:00,263.1000061035156,263.5,262.7099914550781,263.0799865722656,58238,0.0,0.0,0.0
2024-02-28 15:30:00-05:00,263.0,263.1499938964844,262.3299865722656,262.6400146484375,91854,0.0,0.0,0.0
2024-02-29 09:30:00-05:00,266.6400146484375,267.35809326171875,264.8200988769531,265.364990234375,89930,0.0,0.0,0.0
2024-02-29 10:30:00-05:00,265.6400146484375,265.6400146484375,263.67999267578125,263.67999267578125,56890,0.0,0.0,0.0
2024-02-29 11:30:00-05:00,263.6050109863281,263.94000244140625,262.260009765625,262.9961853027344,55384,0.0,0.0,0.0
2024-02-29 12:30:00-05:00,263.04998779296875,264.010009765625,262.92999267578125,263.8800048828125,75309,0.0,0.0,0.0
2024-02-29 13:30:00-05:00,264.04998779296875,264.04998779296875,263.29998779296875,263.42999267578125,114128,0.0,0.0,0.0
2024-02-29 14:30:00-05:00,263.4100036621094,263.9549865722656,263.1029968261719,263.8800048828125,96773,0.0,0.0,0.0
2024-02-29 15:30:00-05:00,263.9200134277344,264.635009765625,263.7900085449219,263.7900085449219,117210,0.0,0.0,0.0
2024-03-01 09:30:00-05:00,265.0,267.4599914550781,264.05999755859375,267.2200012207031,125986,0.0,0.0,0.0
2024-03-01 10:30:00-05:00,267.29998779296875,268.07501220703125,266.6700134277344,267.30999755859375,120335,0.0,0.0,0.0
2024-03-01 11:30:00-05:00,267.239990234375,267.989990234375,266.80999755859375,267.80499267578125,81292,0.0,0.0,0.0
2024-03-01 12:30:00-05:00,267.8500061035156,268.0899963378906,267.6072998046875,267.8699951171875,67443,0.0,0.0,0.0
2024-03-01 13:30:00-05:00,267.8299865722656,268.1400146484375,267.54998779296875,267.94000244140625,120242,0.0,0.0,0.0
2024-03-01 14:30:00-05:00,267.94000244140625,267.989990234375,267.05999755859375,267.3900146484375,70122,0.0,0.0,0.0
2024-03-01 15:30:00-05:00,267.4750061035156,267.6549987792969,267.1099853515625,267.5199890136719,75847,0.0,0.0,0.0
2024-03-04 09:30:00-05:00,270.07000732421875,270.989990234375,269.07000732421875,269.1400146484375,81643,0.0,0.0,0.0
2024-03-04 10:30:00-05:00,269.3500061035156,270.3619079589844,269.1099853515625,270.04998779296875,57271,0.0,0.0,0.0
2024-03-04 11:30:00-05:00,270.0299987792969,270.57000732421875,269.5199890136719,270.4100036621094,36379,0.0,0.0,0.0
2024-03-04 12:30:00-05:00,270.5,270.5,269.6600036621094,269.82000732421875,35289,0.0,0.0,0.0
2024-03-04 13:30:00-05:00,269.8399963378906,270.0357971191406,269.4700012207031,269.6400146484375,47281,0.0,0.0,0.0
2024-03-04 14:30:00-05:00,269.67999267578125,270.3599853515625,269.62969970703125,269.62969970703125,107992,0.0,0.0,0.0
2024-03-04 15:30:00-05:00,269.6099853515625,269.7099914550781,268.2900085449219,268.6000061035156,112641,0.0,0.0,0.0
2024-03-05 09:30:00-05:00,266.20001220703125,267.6000061035156,265.0950012207031,265.4200134277344,40725,0.0,0.0,0.0
2024-03-05 10:30:00-05:00,265.2515869140625,265.30999755859375,264.25,264.8599853515625,114156,0.0,0.0,0.0
2024-03-05 11:30:00-05:00,264.8699951171875,265.79998779296875,264.4599914550781,265.79998779296875,46897,0.0,0.0,0.0
2024-03-05 12:30:00-05:00,265.82000732421875,265.9100036621094,265.19000244140625,265.4490966796875,30462,0.0,0.0,0.0
2024-03-05 13:30:00-05:00,265.3299865722656,265.559814453125,264.4700012207031,264.7699890136719,39720,0.0,0.0,0.0
2024-03-05 14:30:00-05:00,264.7099914550781,264.739990234375,263.19000244140625,263.29998779296875,0,0.0,0.0,0.0
2024-03-05 15:30:00-05:00,263.1199951171875,264.4599914550781,263.1199951171875,264.260009765625,494979,0.0,0.0,0.0
2024-03-06 09:30:00-05:00,268.20001220703125,268.20001220703125,265.20001220703125,266.20001220703125,63491,0.0,0.0,0.0
2024-03-06 10:30:00-05:00,266.1400146484375,267.8500061035156,265.94000244140625,267.6199951171875,80823,0.0,0.0,0.0
2024-03-06 11:30:00-05:00,267.7300109863281,268.3500061035156,267.0,268.3399963378906,79229,0.0,0.0,0.0
2024-03-06 12:30:00-05:00,268.2699890136719,268.44000244140625,267.95001220703125,268.30999755859375,87089,0.0,0.0,0.0
2024-03-06 13:30:00-05:00,268.3299865722656,268.3299865722656,266.42999267578125,267.4599914550781,65658,0.0,0.0,0.0
2024-03-06 14:30:00-05:00,267.54998779296875,267.6600036621094,266.42498779296875,266.6499938964844,88303,0.0,0.0,0.0
2024-03-06 15:30:00-05:00,266.7099914550781,266.9100036621094,265.7699890136719,266.8900146484375,114765,0.0,0.0,0.0
2024-03-07 09:30:00-05:00,268.7300109863281,270.1099853515625,268.1700134277344,268.7300109863281,101010,0.0,0.0,0.0
2024-03-07 10:30:00-05:00,268.67999267578125,269.42999267578125,268.3500061035156,268.9700012207031,112541,0.0,0.0,0.0
2024-03-07 11:30:00-05:00,268.7200012207031,269.1449890136719,268.2699890136719,269.1099853515625,93036,0.0,0.0,0.0
2024-03-07 12:30:00-05:00,269.0799865722656,269.510009765625,268.79998779296875,269.510009765625,51721,0.0,0.0,0.0
2024-03-07 13:30:00-05:00,269.55999755859375,269.8299865722656,269.1659851074219,269.2200012207031,59621,0.0,0.0,0.0
2024-03-07 14:30:00-05:00,269.239990234375,269.3599853515625,268.7749938964844,269.0899963378906,151089,0.0,0.0,0.0
2024-03-07 15:30:00-05:00,269.04998779296875,269.385009765625,268.9100036621094,269.2699890136719,92250,0.0,0.0,0.0
2024-03-08 09:30:00-05:00,271.54998779296875,273.760009765625,271.3599853515625,273.32000732421875,111591,0.0,0.0,0.0
2024-03-08 10:30:00-05:00,273.35980224609375,273.3599853515625,269.7099914550781,269.7300109863281,57572,0.0,0.0,0.0
2024-03-08 11:30:00-05:00,269.70001220703125,270.3999938964844,269.0899963378906,269.7550048828125,43836,0.0,0.0,0.0
2024-03-08 12:30:00-05:00,269.7699890136719,269.95001220703125,268.1400146484375,268.3999938964844,65938,0.0,0.0,0.0
2024-03-08 13:30:00-05:00,268.1700134277344,269.29998779296875,267.2099914550781,269.1300048828125,103768,0.0,0.0,0.0
2024-03-08 14:30:00-05:00,269.25,270.0903015136719,268.4100036621094,268.5400085449219,158651,0.0,0.0,0.0
2024-03-08 15:30:00-05:00,268.4800109863281,269.05999755859375,268.364990234375,268.5,162191,0.0,0.0,0.0
2024-03-11 09:30:00-04:00,267.739990234375,268.6000061035156,265.510009765625,266.1499938964844,85578,0.0,0.0,0.0
2024-03-11 10:30:00-04:00,266.1000061035156,266.6700134277344,265.82000732421875,266.1099853515625,88317,0.0,0.0,0.0
2024-03-11 11:30:00-04:00,266.010009765625,266.7699890136719,265.989990234375,266.55999755859375,56208,0.0,0.0,0.0
2024-03-11 12:30:00-04:00,266.5899963378906,267.1400146484375,266.1700134277344,266.7300109863281,46657,0.0,0.0,0.0
2024-03-11 13:30:00-04:00,266.69000244140625,266.72869873046875,265.8299865722656,266.3999938964844,47801,0.0,0.0,0.0
2024-03-11 14:30:00-04:00,266.3699951171875,266.5199890136719,265.5199890136719,265.6099853515625,52644,0.0,0.0,0.0
2024-03-11 15:30:00-04:00,265.54998779296875,265.7799987792969,265.2200012207031,265.7300109863281,59139,0.0,0.0,0.0
2024-03-12 09:30:00-04:00,266.20001220703125,266.239990234375,263.8999938964844,265.7200012207031,50920,0.0,0.0,0.0
2024-03-12 10:30:00-04:00,266.2200012207031,267.235595703125,266.1199951171875,267.0050048828125,30426,0.0,0.0,0.0
2024-03-12 11:30:00-04:00,266.9200134277344,266.9200134277344,265.1600036621094,265.2178955078125,34110,0.0,0.0,0.0
2024-03-12 12:30:00-04:00,265.06390380859375,265.2799987792969,264.3999938964844,264.9855041503906,53624,0.0,0.0,0.0
2024-03-12 13:30:00-04:00,265.0,266.05999755859375,265.0,266.0,43123,0.0,0.0,0.0
2024-03-12 14:30:00-04:00,266.0,266.489990234375,265.6400146484375,266.29998779296875,62316,0.0,0.0,0.0
2024-03-12 15:30:00-04:00,266.3599853515625,266.7379150390625,266.2049865722656,266.4100036621094,281203,0.0,0.0,0.0
2024-03-13 09:30:00-04:00,266.32000732421875,268.1499938964844,266.32000732421875,268.0799865722656,76842,0.0,0.0,0.0
2024-03-13 10:30:00-04:00,268.1300048828125,268.1300048828125,266.760009765625,267.6099853515625,91660,0.0,0.0,0.0
2024-03-13 11:30:00-04:00,267.5799865722656,267.9718933105469,267.2099914550781,267.881103515625,42586,0.0,0.0,0.0
2024-03-13 12:30:00-04:00,267.55999755859375,268.4599914550781,267.5199890136719,268.4599914550781,36650,0.0,0.0,0.0
2024-03-13 13:30:00-04:00,268.4599914550781,268.4599914550781,267.7200012207031,267.9599914550781,367554,0.0,0.0,0.0
2024-03-13 14:30:00-04:00,268.04998779296875,268.2900085449219,266.4100036621094,266.6600036621094,39480,0.0,0.0,0.0
2024-03-13 15:30:00-04:00,266.8800048828125,267.6300048828125,266.7099914550781,267.6300048828125,24757,0.0,0.0,0.0
2024-03-14 09:30:00-04:00,267.4200134277344,267.4200134277344,262.80999755859375,263.25,138640,0.0,0.0,0.0
2024-03-14 10:30:00-04:00,263.75,264.32000732421875,262.57000732421875,262.69000244140625,58414,0.0,0.0,0.0
2024-03-14 11:30:00-04:00,262.760009765625,263.55999755859375,262.6300048828125,262.8450012207031,172122,0.0,0.0,0.0
2024-03-14 12:30:00-04:00,262.8599853515625,263.3299865722656,262.0,262.1000061035156,84621,0.0,0.0,0.0
2024-03-14 13:30:00-04:00,262.1000061035156,263.3800048828125,261.9700012207031,262.87921142578125,122090,0.0,0.0,0.0
2024-03-14 14:30:00-04:00,262.8800048828125,262.9150085449219,260.5799865722656,260.94000244140625,107143,0.0,0.0,0.0
2024-03-14 15:30:00-04:00,260.8699951171875,262.760009765625,260.25,262.69000244140625,81637,0.0,0.0,0.0
2024-03-15 09:30:00-04:00,261.239990234375,263.489990234375,261.1499938964844,262.510009765625,109502,0.0,0.0,0.0
2024-03-15 10:30:00-04:00,262.4599914550781,263.2749938964844,262.3399963378906,263.010009765625,55583,0.0,0.0,0.0
2024-03-15 11:30:00-04:00,262.9549865722656,263.0899963378906,261.79998779296875,262.20001220703125,35006,0.0,0.0,0.0
2024-03-15 12:30:00-04:00,262.1700134277344,262.7099914550781,261.5899963378906,262.44000244140625,53381,0.0,0.0,0.0
2024-03-15 13:30:00-04:00,262.6099853515625,263.07000732421875,262.4599914550781,262.7049865722656,62455,0.0,0.0,0.0
2024-03-15 14:30:00-04:00,262.8399963378906,263.4700012207031,262.7799987792969,262.95001220703125,71836,0.0,0.0,0.0
2024-03-15 15:30:00-04:00,263.0299987792969,263.04998779296875,262.3800048828125,262.7699890136719,43297,0.0,0.0,0.0
2024-03-18 09:30:00-04:00,263.79998779296875,264.07501220703125,261.5,262.4200134277344,104387,0.0,0.0,0.0
2024-03-18 10:30:00-04:00,261.9681091308594,263.125,261.6700134277344,261.9005126953125,30886,0.0,0.0,0.0
2024-03-18 11:30:00-04:00,261.7699890136719,262.1199951171875,261.20001220703125,261.7799987792969,40057,0.0,0.0,0.0
2024-03-18 12:30:00-04:00,261.8299865722656,262.0400085449219,260.80999755859375,261.42999267578125,35529,0.0,0.0,0.0
2024-03-18 13:30:00-04:00,261.42999267578125,262.2820129394531,261.04998779296875,262.2349853515625,26618,0.0,0.0,0.0
2024-03-18 14:30:00-04:00,262.1499938964844,262.30499267578125,261.55499267578125,261.57000732421875,40783,0.0,0.0,0.0
2024-03-18 15:30:00-04:00,261.54998779296875,261.739990234375,260.3900146484375,260.69000244140625,140030,0.0,0.0,0.0
2024-03-19 09:30:00-04:00,258.5199890136719,259.42999267578125,257.59259033203125,257.9100036621094,79976,0.0,0.0,0.0
2024-03-19 10:30:00-04:00,257.7799987792969,259.25,257.7699890136719,259.2200012207031,106971,0.0,0.0,0.0
2024-03-19 11:30:00-04:00,259.30999755859375,260.9014892578125,259.30999755859375,260.8299865722656,54157,0.0,0.0,0.0
2024-03-19 12:30:00-04:00,261.0378112792969,261.9200134277344,261.0378112792969,261.69000244140625,42208,0.0,0.0,0.0
2024-03-19 13:30:00-04:00,261.75,261.92999267578125,261.0799865722656,261.6099853515625,49405,0.0,0.0,0.0
2024-03-19 14:30:00-04:00,261.5950012207031,262.0299987792969,260.54998779296875,260.8999938964844,113059,0.0,0.0,0.0
2024-03-19 15:30:00-04:00,260.8800048828125,261.6278991699219,260.79998779296875,261.2699890136719,98853,0.0,0.0,0.0
2024-03-20 09:30:00-04:00,260.5899963378906,261.489013671875,259.840087890625,261.44000244140625,37734,0.0,0.0,0.0
2024-03-20 10:30:00-04:00,261.4800109863281,261.593994140625,260.92999267578125,261.5400085449219,42810,0.0,0.0,0.0
2024-03-20 11:30:00-04:00,261.4200134277344,261.4200134277344,260.489990234375,260.4949951171875,44378,0.0,0.0,0.0
2024-03-20 12:30:00-04:00,260.4800109863281,260.6700134277344,260.1199951171875,260.42999267578125,36064,0.0,0.0,0.0
2024-03-20 13:30:00-04:00,260.3999938964844,264.0,260.30999755859375,262.625,32734,0.0,0.0,0.0
2024-03-20 14:30:00-04:00,263.0950012207031,265.6000061035156,261.1000061035156,265.54010009765625,86478,0.0,0.0,0.0
2024-03-20 15:30:00-04:00,265.489990234375,266.5199890136719,264.885009765625,265.42999267578125,96983,0.0,0.0,0.0
2024-03-21 09:30:00-04:00,267.1000061035156,269.2099914550781,267.05999755859375,269.0299987792969,83968,0.0,0.0,0.0
2024-03-21 10:30:00-04:00,269.1098937988281,269.8927917480469,268.5299987792969,268.7699890136719,64507,0.0,0.0,0.0
2024-03-21 11:30:00-04:00,268.760009765625,268.989990234375,268.4849853515625,268.989990234375,91321,0.0,0.0,0.0
2024-03-21 12:30:00-04:00,268.9800109863281,269.5199890136719,268.6050109863281,269.30499267578125,49388,0.0,0.0,0.0
2024-03-21 13:30:00-04:00,269.2585144042969,269.5,268.4200134277344,269.30108642578125,68154,0.0,0.0,0.0
2024-03-21 14:30:00-04:00,269.3399963378906,269.44500732421875,268.44000244140625,269.29998779296875,57429,0.0,0.0,0.0
2024-03-21 15:30:00-04:00,269.3299865722656,269.3900146484375,268.0,268.20001220703125,191315,0.0,0.0,0.0
2024-03-22 09:30:00-04:00,267.8900146484375,268.4767150878906,265.70001220703125,266.260009765625,71040,0.0,0.0,0.0
2024-03-22 10:30:00-04:00,266.2049865722656,266.239990234375,265.1099853515625,266.1600036621094,54120,0.0,0.0,0.0
2024-03-22 11:30:00-04:00,266.2200012207031,266.2250061035156,265.489990234375,265.6300048828125,30380,0.0,0.0,0.0
2024-03-22 12:30:00-04:00,265.739990234375,266.260009765625,265.3070983886719,266.2300109863281,28396,0.0,0.0,0.0
2024-03-22 13:30:00-04:00,266.2300109863281,266.4800109863281,265.94000244140625,266.0799865722656,32220,0.0,0.0,0.0
2024-03-22 14:30:00-04:00,266.2799987792969,266.2799987792969,265.11151123046875,265.4599914550781,67714,0.0,0.0,0.0
2024-03-22 15:30:00-04:00,265.4200134277344,265.6700134277344,265.0299987792969,265.0299987792969,71468,0.0,0.0,0.0
2024-03-25 09:30:00-04:00,265.7900085449219,267.57000732421875,265.70001220703125,267.25,93351,0.0,0.0,0.0
2024-03-25 10:30:00-04:00,267.2099914550781,267.5899963378906,266.6700134277344,267.2699890136719,43148,0.0,0.0,0.0
2024-03-25 11:30:00-04:00,267.20001220703125,267.5199890136719,266.5700988769531,266.70001220703125,52854,0.0,0.0,0.0
2024-03-25 12:30:00-04:00,266.6499938964844,266.989990234375,266.4023132324219,266.94000244140625,34330,0.0,0.0,0.0
2024-03-25 13:30:00-04:00,266.92999267578125,267.19000244140625,266.80999755859375,267.1700134277344,23959,0.0,0.0,0.0
2024-03-25 14:30:00-04:00,267.0899963378906,267.1499938964844,265.9599914550781,266.1300048828125,34347,0.0,0.0,0.0
2024-03-25 15:30:00-04:00,266.1199951171875,266.4200134277344,265.6199951171875,265.7200012207031,75207,0.0,0.0,0.0
2024-03-26 09:30:00-04:00,268.2200012207031,268.7799987792969,266.57000732421875,266.64990234375,51050,0.0,0.0,0.0
2024-03-26 10:30:00-04:00,266.55999755859375,267.0299987792969,266.0549011230469,266.6700134277344,35912,0.0,0.0,0.0
2024-03-26 11:30:00-04:00,266.70001220703125,267.08380126953125,266.3500061035156,267.04998779296875,50886,0.0,0.0,0.0
2024-03-26 12:30:00-04:00,267.0299987792969,267.0299987792969,266.5899963378906,266.9800109863281,28494,0.0,0.0,0.0
2024-03-26 13:30:00-04:00,267.1600036621094,267.6000061035156,266.7099914550781,267.6000061035156,19499,0.0,0.0,0.0
2024-03-26 14:30:00-04:00,267.6199951171875,267.7099914550781,266.5,266.5,19423,0.0,0.0,0.0
2024-03-26 15:30:00-04:00,266.3949890136719,266.4949951171875,265.5,265.55999755859375,34743,0.0,0.0,0.0
2024-03-27 09:30:00-04:00,268.29998779296875,268.7300109863281,266.385009765625,267.2699890136719,73680,0.0,0.0,0.0
2024-03-27 10:30:00-04:00,267.5199890136719,268.6300048828125,267.4700012207031,268.44000244140625,38079,0.0,0.0,0.0
2024-03-27 11:30:00-04:00,268.2900085449219,268.70001220703125,268.0599060058594,268.6499938964844,38055,0.0,0.0,0.0
2024-03-27 12:30:00-04:00,268.75,269.5398864746094,268.75,268.96649169921875,27762,0.0,0.0,0.0
2024-03-27 13:30:00-04:00,268.8900146484375,269.67999267578125,268.8550109863281,269.67999267578125,16899,0.0,0.0,0.0
2024-03-27 14:30:00-04:00,269.67999267578125,269.67999267578125,269.05999755859375,269.5199890136719,35859,0.0,0.0,0.0
2024-03-27 15:30:00-04:00,269.3599853515625,270.67999267578125,269.260009765625,270.6700134277344,63428,0.0,0.0,0.0
2024-03-28 09:30:00-04:00,271.4700012207031,272.05999755859375,270.9800109863281,271.6200866699219,53025,0.0,0.0,0.0
2024-03-28 10:30:00-04:00,271.57000732421875,272.7578125,271.57000732421875,272.3949890136719,43152,0.0,0.0,0.0
2024-03-28 11:30:00-04:00,272.44000244140625,273.1098937988281,272.385009765625,272.760009765625,55787,0.0,0.0,0.0
2024-03-28 12:30:00-04:00,272.67999267578125,272.739990234375,271.29998779296875,271.3900146484375,43757,0.0,0.0,0.0
2024-03-28 13:30:00-04:00,271.32000732421875,271.5199890136719,270.8800048828125,271.04998779296875,52251,0.0,0.0,0.0
2024-03-28 14:30:00-04:00,271.0,271.4507141113281,270.760009765625,270.92498779296875,75280,0.0,0.0,0.0
2024-03-28 15:30:00-04:00,270.9800109863281,271.3599853515625,270.6700134277344,270.7300109863281,118099,0.0,0.0,0.0
2024-04-01 09:30:00-04:00,271.30999755859375,271.30999755859375,268.6499938964844,268.67999267578125,49727,0.0,0.0,0.0
2024-04-01 10:30:00-04:00,268.82000732421875,269.5,268.3599853515625,269.0199890136719,71725,0.0,0.0,0.0
2024-04-01 11:30:00-04:00,269.0199890136719,269.1689147949219,267.9599914550781,268.69000244140625,120090,0.0,0.0,0.0
2024-04-01 12:30:00-04:00,268.739990234375,268.92999267578125,268.0,268.3999938964844,53394,0.0,0.0,0.0
2024-04-01 13:30:00-04:00,268.42999267578125,268.989990234375,268.2300109863281,268.4649963378906,118402,0.0,0.0,0.0
2024-04-01 14:30:00-04:00,268.3699951171875,268.897705078125,268.2799987792969,268.67999267578125,76423,0.0,0.0,0.0
2024-04-01 15:30:00-04:00,268.7300109863281,269.010009765625,268.31500244140625,268.7099914550781,72017,0.0,0.0,0.0
2024-04-02 09:30:00-04:00,265.0,265.0199890136719,262.9100036621094,263.5299987792969,98744,0.0,0.0,0.0
2024-04-02 10:30:00-04:00,263.4800109863281,263.8500061035156,262.7900085449219,263.2900085449219,40940,0.0,0.0,0.0
2024-04-02 11:30:00-04:00,263.2900085449219,263.29998779296875,262.25,262.5199890136719,84302,0.0,0.0,0.0
2024-04-02 12:30:00-04:00,262.5806884765625,262.95001220703125,262.2900085449219,262.4100036621094,35727,0.0,0.0,0.0
2024-04-02 13:30:00-04:00,262.239990234375,262.7349853515625,261.9800109863281,262.6700134277344,54534,0.0,0.0,0.0
2024-04-02 14:30:00-04:00,262.6000061035156,262.9700012207031,262.510009765625,262.9100036621094,33114,0.0,0.0,0.0
2024-04-02 15:30:00-04:00,262.8900146484375,263.739990234375,262.80010986328125,263.3299865722656,97190,0.0,0.0,0.0
2024-04-03 09:30:00-04:00,262.1499938964844,264.75,262.0199890136719,264.5050048828125,85612,0.0,0.0,0.0
2024-04-03 10:30:00-04:00,264.3500061035156,265.5,264.2799987792969,265.3999938964844,75940,0.0,0.0,0.0
2024-04-03 11:30:00-04:00,265.4198913574219,265.4949951171875,264.3836975097656,265.4949951171875,49873,0.0,0.0,0.0
2024-04-03 12:30:00-04:00,265.5450134277344,265.8299865722656,264.7900085449219,265.6300048828125,45183,0.0,0.0,0.0
2024-04-03 13:30:00-04:00,265.6300048828125,265.9458923339844,265.5199890136719,265.79998779296875,46603,0.0,0.0,0.0
2024-04-03 14:30:00-04:00,265.75,265.8699951171875,264.3999938964844,264.5350036621094,64374,0.0,0.0,0.0
2024-04-03 15:30:00-04:00,264.5,265.1799011230469,264.4200134277344,265.04998779296875,76574,0.0,0.0,0.0
2024-04-04 09:30:00-04:00,268.1300048828125,268.5086975097656,267.1000061035156,267.6299133300781,29692,0.0,0.0,0.0
2024-04-04 10:30:00-04:00,267.57501220703125,267.94000244140625,267.0799865722656,267.4031982421875,34380,0.0,0.0,0.0
2024-04-04 11:30:00-04:00,267.3900146484375,267.989990234375,267.3900146484375,267.8299865722656,23995,0.0,0.0,0.0
2024-04-04 12:30:00-04:00,267.7850036621094,267.8299865722656,267.2699890136719,267.2699890136719,13383,0.0,0.0,0.0
2024-04-04 13:30:00-04:00,267.2117919921875,267.32000732421875,264.6830139160156,264.6830139160156,34431,0.0,0.0,0.0
2024-04-04 14:30:00-04:00,264.30999755859375,264.4801025390625,261.5799865722656,261.5799865722656,55173,0.0,0.0,0.0
2024-04-04 15:30:00-04:00,261.5799865722656,262.3800048828125,261.239990234375,261.6099853515625,46694,0.0,0.0,0.0
2024-04-05 09:30:00-04:00,261.2900085449219,263.07000732421875,260.57000732421875,262.07000732421875,52137,0.0,0.0,0.0
2024-04-05 10:30:00-04:00,262.0799865722656,263.44000244140625,262.010009765625,262.7099914550781,130321,0.0,0.0,0.0
2024-04-05 11:30:00-04:00,262.989990234375,264.05999755859375,262.8900146484375,263.94000244140625,46772,0.0,0.0,0.0
2024-04-05 12:30:00-04:00,263.9200134277344,264.510009765625,263.55999755859375,263.95001220703125,68949,0.0,0.0,0.0
2024-04-05 13:30:00-04:00,264.05999755859375,264.1600036621094,262.70001220703125,263.0,68874,0.0,0.0,0.0
2024-04-05 14:30:00-04:00,263.0299987792969,263.32000732421875,262.6700134277344,263.1164855957031,55175,0.0,0.0,0.0
2024-04-05 15:30:00-04:00,263.0400085449219,263.4700012207031,262.6499938964844,262.67999267578125,46330,0.0,0.0,0.0
2024-04-08 09:30:00-04:00,264.8699951171875,265.29998779296875,262.6099853515625,263.5799865722656,118633,0.0,0.0,0.0
2024-04-08 10:30:00-04:00,263.6499938964844,264.40838623046875,263.6400146484375,264.1700134277344,51332,0.0,0.0,0.0
2024-04-08 11:30:00-04:00,264.18499755859375,264.2099914550781,263.3949890136719,263.8299865722656,173268,0.0,0.0,0.0
2024-04-08 12:30:00-04:00,263.8290100097656,264.5299987792969,263.8290100097656,264.1199951171875,59129,0.0,0.0,0.0
2024-04-08 13:30:00-04:00,264.2200012207031,264.7200012207031,263.9800109863281,264.5899963378906,61077,0.0,0.0,0.0
2024-04-08 14:30:00-04:00,264.45001220703125,264.57000732421875,264.05499267578125,264.3399963378906,58729,0.0,0.0,0.0
2024-04-08 15:30:00-04:00,264.30999755859375,264.45001220703125,263.7699890136719,263.9599914550781,124525,0.0,0.0,0.0
2024-04-09 09:30:00-04:00,264.8399963378906,265.4100036621094,263.6600036621094,263.7900085449219,42127,0.0,0.0,0.0
2024-04-09 10:30:00-04:00,263.69000244140625,263.7300109863281,262.1400146484375,263.17999267578125,114062,0.0,0.0,0.0
2024-04-09 11:30:00-04:00,263.1600036621094,263.9700012207031,262.67999267578125,263.7699890136719,42077,0.0,0.0,0.0
2024-04-09 12:30:00-04:00,263.7799987792969,264.2749938964844,263.5400085449219,263.92999267578125,50663,0.0,0.0,0.0
2024-04-09 13:30:00-04:00,264.0150146484375,264.30999755859375,263.4049987792969,263.760009765625,99872,0.0,0.0,0.0
2024-04-09 14:30:00-04:00,263.6499938964844,264.57000732421875,262.9599914550781,264.57000732421875,52910,0.0,0.0,0.0
2024-04-09 15:30:00-04:00,264.54998779296875,264.9100036621094,263.9700012207031,264.760009765625,85079,0.0,0.0,0.0
2024-04-10 09:30:00-04:00,258.1600036621094,260.1698913574219,256.9100036621094,259.94000244140625,85235,0.0,0.0,0.0
2024-04-10 10:30:00-04:00,259.8399963378906,260.7900085449219,258.7799987792969,259.7200012207031,72443,0.0,0.0,0.0
2024-04-10 11:30:00-04:00,259.69000244140625,259.69000244140625,258.44000244140625,258.8500061035156,109865,0.0,0.0,0.0
2024-04-10 12:30:00-04:00,258.8500061035156,259.239990234375,257.69000244140625,258.1700134277344,233946,0.0,0.0,0.0
2024-04-10 13:30:00-04:00,258.1199951171875,258.9100036621094,257.29998779296875,257.9200134277344,190583,0.0,0.0,0.0
2024-04-10 14:30:00-04:00,257.80499267578125,259.25,257.5799865722656,258.7349853515625,97601,0.0,0.0,0.0
2024-04-10 15:30:00-04:00,258.79998779296875,259.3800048828125,258.010009765625,259.0299987792969,106439,0.0,0.0,0.0
2024-04-11 09:30:00-04:00,259.989990234375,260.6000061035156,258.2650146484375,258.32501220703125,58894,0.0,0.0,0.0
2024-04-11 10:30:00-04:00,258.5899963378906,259.2965087890625,258.45001220703125,258.7430114746094,72701,0.0,0.0,0.0
2024-04-11 11:30:00-04:00,258.7799987792969,260.5899963378906,258.7799987792969,259.9100036621094,58248,0.0,0.0,0.0
2024-04-11 12:30:00-04:00,259.79998779296875,261.2300109863281,259.7200012207031,261.090087890625,87626,0.0,0.0,0.0
2024-04-11 13:30:00-04:00,261.0799865722656,261.6182861328125,260.5350036621094,261.3450012207031,77631,0.0,0.0,0.0
2024-04-11 14:30:00-04:00,261.4200134277344,261.4800109863281,260.55999755859375,260.8900146484375,38417,0.0,0.0,0.0
2024-04-11 15:30:00-04:00,260.8800048828125,261.2200012207031,260.6300048828125,261.0299987792969,61066,0.0,0.0,0.0
2024-04-12 09:30:00-04:00,259.32000732421875,259.8900146484375,256.9100036621094,257.3599853515625,95060,0.0,0.0,0.0
2024-04-12 10:30:00-04:00,257.32000732421875,257.6400146484375,256.69000244140625,257.57000732421875,56963,0.0,0.0,0.0
2024-04-12 11:30:00-04:00,257.5015869140625,257.5249938964844,256.3800048828125,256.489990234375,31974,0.0,0.0,0.0
2024-04-12 12:30:00-04:00,256.54998779296875,256.54998779296875,255.3450927734375,255.41000366210938,45617,0.0,0.0,0.0
2024-04-12 13:30:00-04:00,255.10499572753906,255.97999572753906,254.8699951171875,255.14999389648438,116728,0.0,0.0,0.0
2024-04-12 14:30:00-04:00,254.94000244140625,255.07000732421875,253.99000549316406,254.25999450683594,135594,0.0,0.0,0.0
2024-04-12 15:30:00-04:00,254.24000549316406,255.25999450683594,254.2100067138672,255.24000549316406,80097,0.0,0.0,0.0
2024-04-15 09:30:00-04:00,256.239990234375,257.1199951171875,254.10499572753906,254.10499572753906,97660,0.0,0.0,0.0
2024-04-15 10:30:00-04:00,254.0,255.00999450683594,252.94000244140625,253.6699981689453,49536,0.0,0.0,0.0
2024-04-15 11:30:00-04:00,253.73500061035156,254.75650024414062,253.17999267578125,253.4199981689453,65417,0.0,0.0,0.0
2024-04-15 12:30:00-04:00,253.25,253.27000427246094,251.4600067138672,251.5460968017578,72769,0.0,0.0,0.0
2024-04-15 13:30:00-04:00,251.25999450683594,252.10000610351562,250.8907012939453,251.02999877929688,124830,0.0,0.0,0.0
2024-04-15 14:30:00-04:00,251.0800018310547,251.57530212402344,250.10000610351562,250.52999877929688,51253,0.0,0.0,0.0
2024-04-15 15:30:00-04:00,250.69000244140625,251.36000061035156,250.5500030517578,251.08299255371094,77909,0.0,0.0,0.0
2024-04-16 09:30:00-04:00,249.64999389648438,250.55499267578125,248.5,249.58999633789062,52997,0.0,0.0,0.0
2024-04-16 10:30:00-04:00,249.5500030517578,250.9550018310547,248.74000549316406,250.86000061035156,60578,0.0,0.0,0.0
2024-04-16 11:30:00-04:00,250.86749267578125,251.32000732421875,250.2050018310547,250.75999450683594,64689,0.0,0.0,0.0
2024-04-16 12:30:00-04:00,250.80999755859375,251.6999969482422,250.6699981689453,251.10499572753906,70795,0.0,0.0,0.0
2024-04-16 13:30:00-04:00,251.24000549316406,252.49000549316406,249.6300048828125,250.3000030517578,90347,0.0,0.0,0.0
2024-04-16 14:30:00-04:00,250.44000244140625,251.77000427246094,250.1999969482422,251.72000122070312,33515,0.0,0.0,0.0
2024-04-16 15:30:00-04:00,251.46359252929688,251.6699981689453,250.6999969482422,251.0399932861328,38647,0.0,0.0,0.0
2024-04-17 09:30:00-04:00,252.52999877929688,253.02499389648438,250.57000732421875,250.8300018310547,32597,0.0,0.0,0.0
2024-04-17 10:30:00-04:00,250.63999938964844,251.0800018310547,249.66000366210938,249.66000366210938,69607,0.0,0.0,0.0
2024-04-17 11:30:00-04:00,249.22000122070312,250.0,248.77999877929688,249.11920166015625,80805,0.0,0.0,0.0
2024-04-17 12:30:00-04:00,249.0,250.08999633789062,248.13999938964844,250.08999633789062,79317,0.0,0.0,0.0
2024-04-17 13:30:00-04:00,250.25999450683594,250.4600067138672,249.50999450683594,249.88999938964844,49578,0.0,0.0,0.0
2024-04-17 14:30:00-04:00,249.85000610351562,250.9499969482422,248.39089965820312,248.39089965820312,49178,0.0,0.0,0.0
2024-04-17 15:30:00-04:00,248.47000122070312,249.05999755859375,248.0,248.00999450683594,59324,0.0,0.0,0.0
2024-04-18 09:30:00-04:00,248.94000244140625,249.77000427246094,247.17999267578125,249.77000427246094,37438,0.0,0.0,0.0
2024-04-18 10:30:00-04:00,249.9499969482422,251.24989318847656,249.64999389648438,250.82000732421875,71199,0.0,0.0,0.0
2024-04-18 11:30:00-04:00,250.6199951171875,250.75999450683594,249.86000061035156,250.42990112304688,60649,0.0,0.0,0.0
2024-04-18 12:30:00-04:00,250.50999450683594,250.50999450683594,247.6999969482422,248.44000244140625,40936,0.0,0.0,0.0
2024-04-18 13:30:00-04:00,248.25999450683594,248.3699951171875,247.0500946044922,247.49000549316406,38187,0.0,0.0,0.0
2024-04-18 14:30:00-04:00,247.22000122070312,247.52999877929688,246.5500030517578,247.30999755859375,39466,0.0,0.0,0.0
2024-04-18 15:30:00-04:00,247.52000427246094,247.74000549316406,246.80999755859375,247.0399932861328,58576,0.0,0.0,0.0
2024-04-19 09:30:00-04:00,245.60000610351562,248.0399932861328,245.39999389648438,246.22000122070312,108068,0.0,0.0,0.0
2024-04-19 10:30:00-04:00,246.39999389648438,246.60000610351562,245.44000244140625,245.52999877929688,51483,0.0,0.0,0.0
2024-04-19 11:30:00-04:00,245.8350067138672,246.25,244.22999572753906,244.25,67824,0.0,0.0,0.0
2024-04-19 12:30:00-04:00,244.3300018310547,245.6699981689453,244.24000549316406,245.02999877929688,74023,0.0,0.0,0.0
2024-04-19 13:30:00-04:00,245.0,246.00999450683594,243.74000549316406,243.77999877929688,261246,0.0,0.0,0.0
2024-04-19 14:30:00-04:00,243.72999572753906,244.6824951171875,242.9199981689453,244.36500549316406,895820,0.0,0.0,0.0
2024-04-19 15:30:00-04:00,244.34500122070312,245.34500122070312,243.9199981689453,245.0399932861328,64418,0.0,0.0,0.0
2024-04-22 09:30:00-04:00,246.36000061035156,247.02000427246094,245.1199951171875,245.72000122070312,30260,0.0,0.0,0.0
2024-04-22 10:30:00-04:00,246.07000732421875,246.41920471191406,244.74000549316406,244.97000122070312,22339,0.0,0.0,0.0
2024-04-22 11:30:00-04:00,245.15499877929688,246.80999755859375,245.05999755859375,246.50999450683594,77577,0.0,0.0,0.0
2024-04-22 12:30:00-04:00,246.32000732421875,247.77999877929688,246.1699981689453,247.77999877929688,32128,0.0,0.0,0.0
2024-04-22 13:30:00-04:00,247.82000732421875,248.9600067138672,247.74000549316406,248.9199981689453,30452,0.0,0.0,0.0
2024-04-22 14:30:00-04:00,248.9600067138672,249.0399932861328,247.95770263671875,248.1699981689453,29158,0.0,0.0,0.0
2024-04-22 15:30:00-04:00,248.1199951171875,248.21499633789062,247.5,247.83999633789062,96415,0.0,0.0,0.0
2024-04-23 09:30:00-04:00,248.1300048828125,252.86500549316406,248.08999633789062,252.86500549316406,62274,0.0,0.0,0.0
2024-04-23 10:30:00-04:00,252.77000427246094,253.25999450683594,251.8699951171875,252.60000610351562,23576,0.0,0.0,0.0
2024-04-23 11:30:00-04:00,252.36000061035156,252.5500030517578,252.0,252.50999450683594,26361,0.0,0.0,0.0
2024-04-23 12:30:00-04:00,252.53500366210938,252.8300018310547,252.3000030517578,252.60000610351562,67210,0.0,0.0,0.0
2024-04-23 13:30:00-04:00,252.6300048828125,253.47999572753906,252.6199951171875,253.2899932861328,45577,0.0,0.0,0.0
2024-04-23 14:30:00-04:00,253.33999633789062,253.38999938964844,252.50999450683594,252.5500030517578,43950,0.0,0.0,0.0
2024-04-23 15:30:00-04:00,252.47999572753906,252.63999938964844,252.15499877929688,252.32000732421875,116604,0.0,0.0,0.0
2024-04-24 09:30:00-04:00,253.13999938964844,253.64999389648438,251.5,252.50999450683594,36740,0.0,0.0,0.0
2024-04-24 10:30:00-04:00,252.52000427246094,252.78500366210938,250.8000030517578,251.11000061035156,53227,0.0,0.0,0.0
2024-04-24 11:30:00-04:00,251.1699981689453,251.42999267578125,249.8800048828125,250.3000030517578,35868,0.0,0.0,0.0
2024-04-24 12:30:00-04:00,250.2100067138672,251.02999877929688,249.73500061035156,251.02999877929688,46509,0.0,0.0,0.0
2024-04-24 13:30:00-04:00,251.16000366210938,251.88999938964844,250.8699951171875,250.8699951171875,30924,0.0,0.0,0.0
2024-04-24 14:30:00-04:00,250.83999633789062,251.02000427246094,250.4499969482422,250.9499969482422,27096,0.0,0.0,0.0
2024-04-24 15:30:00-04:00,250.99200439453125,251.66000366210938,250.92999267578125,251.1199951171875,32767,0.0,0.0,0.0
2024-04-25 09:30:00-04:00,247.77999877929688,248.4488983154297,246.41000366210938,248.4488983154297,39428,0.0,0.0,0.0
2024-04-25 10:30:00-04:00,248.22999572753906,248.22999572753906,247.1699981689453,248.00999450683594,31612,0.0,0.0,0.0
2024-04-25 11:30:00-04:00,247.99000549316406,248.58999633789062,247.49000549316406,248.42999267578125,29692,0.0,0.0,0.0
2024-04-25 12:30:00-04:00,248.36000061035156,249.35000610351562,248.3345947265625,248.77999877929688,43965,0.0,0.0,0.0
2024-04-25 13:30:00-04:00,248.91000366210938,250.07000732421875,248.91000366210938,249.0800018310547,25472,0.0,0.0,0.0
2024-04-25 14:30:00-04:00,249.2949981689453,250.3300018310547,248.96499633789062,250.0800018310547,40306,0.0,0.0,0.0
2024-04-25 15:30:00-04:00,249.97999572753906,249.97999572753906,249.24000549316406,249.8000030517578,24936,0.0,0.0,0.0
2024-04-26 09:30:00-04:00,251.07000732421875,253.5800018310547,250.16000366210938,252.52000427246094,28686,0.0,0.0,0.0
2024-04-26 10:30:00-04:00,252.63999938964844,253.1300048828125,251.92999267578125,252.05499267578125,23145,0.0,0.0,0.0
2024-04-26 11:30:00-04:00,252.1999969482422,252.9600067138672,251.8800048828125,252.91000366210938,20161,0.0,0.0,0.0
2024-04-26 12:30:00-04:00,252.9499969482422,253.75509643554688,252.9499969482422,253.75509643554688,14294,0.0,0.0,0.0
2024-04-26 13:30:00-04:00,253.60009765625,253.75,253.27000427246094,253.32000732421875,21906,0.0,0.0,0.0
2024-04-26 14:30:00-04:00,253.35000610351562,253.639892578125,253.2100067138672,253.4499969482422,43906,0.0,0.0,0.0
2024-04-26 15:30:00-04:00,253.4199981689453,253.49000549316406,253.11000061035156,253.2899932861328,102313,0.0,0.0,0.0
2024-04-29 09:30:00-04:00,254.1699981689453,255.65499877929688,253.97999572753906,255.65499877929688,156314,0.0,0.0,0.0
2024-04-29 10:30:00-04:00,255.67999267578125,255.77000427246094,255.02000427246094,255.08999633789062,36869,0.0,0.0,0.0
2024-04-29 11:30:00-04:00,254.9600067138672,255.7899932861328,254.80999755859375,255.75999450683594,28585,0.0,0.0,0.0
2024-04-29 12:30:00-04:00,255.7899932861328,256.07501220703125,255.6199951171875,256.010009765625,14945,0.0,0.0,0.0
2024-04-29 13:30:00-04:00,255.86000061035156,256.05999755859375,255.61000061035156,255.7899932861328,15659,0.0,0.0,0.0
2024-04-29 14:30:00-04:00,255.73500061035156,255.74000549316406,254.10000610351562,254.9600067138672,36935,0.0,0.0,0.0
2024-04-29 15:30:00-04:00,254.99000549316406,255.64999389648438,254.92999267578125,255.64999389648438,34155,0.0,0.0,0.0
2024-04-30 09:30:00-04:00,253.1199951171875,254.02000427246094,252.30999755859375,253.39999389648438,29583,0.0,0.0,0.0
2024-04-30 10:30:00-04:00,253.24000549316406,253.63999938964844,252.0500030517578,252.38999938964844,76634,0.0,0.0,0.0
2024-04-30 11:30:00-04:00,252.5,252.5,251.8300018310547,252.24000549316406,18342,0.0,0.0,0.0
2024-04-30 12:30:00-04:00,252.15499877929688,252.15499877929688,251.19000244140625,251.58999633789062,19421,0.0,0.0,0.0
2024-04-30 13:30:00-04:00,251.61000061035156,252.1199951171875,251.39999389648438,251.39999389648438,22158,0.0,0.0,0.0
2024-04-30 14:30:00-04:00,251.42999267578125,251.81419372558594,250.9499969482422,251.1999969482422,39255,0.0,0.0,0.0
2024-04-30 15:30:00-04:00,251.17999267578125,251.33999633789062,250.13999938964844,250.24000549316406,52066,0.0,0.0,0.0
2024-05-01 09:30:00-04:00,249.6199951171875,250.4199981689453,248.47000122070312,248.8350067138672,31072,0.0,0.0,0.0
2024-05-01 10:30:00-04:00,248.8300018310547,249.35000610351562,247.8699951171875,248.3800048828125,36409,0.0,0.0,0.0
2024-05-01 11:30:00-04:00,248.35000610351562,249.4499969482422,248.0399932861328,249.4499969482422,30012,0.0,0.0,0.0
2024-05-01 12:30:00-04:00,249.4427032470703,249.4427032470703,248.47999572753906,249.0500030517578,19142,0.0,0.0,0.0
2024-05-01 13:30:00-04:00,249.08999633789062,250.8300018310547,248.99000549316406,250.8300018310547,25896,0.0,0.0,0.0
2024-05-01 14:30:00-04:00,251.1999969482422,255.22500610351562,249.4600067138672,253.94000244140625,67121,0.0,0.0,0.0
2024-05-01 15:30:00-04:00,252.7899932861328,253.02499389648438,249.6999969482422,249.6999969482422,69633,0.0,0.0,0.0
2024-05-02 09:30:00-04:00,253.02999877929688,253.41000366210938,249.41000366210938,251.22000122070312,37437,0.0,0.0,0.0
2024-05-02 10:30:00-04:00,251.2899932861328,252.5500030517578,250.6699981689453,252.2899932861328,41347,0.0,0.0,0.0
2024-05-02 11:30:00-04:00,252.23500061035156,252.61000061035156,251.88999938964844,252.16000366210938,90194,0.0,0.0,0.0
2024-05-02 12:30:00-04:00,252.14999389648438,253.5399932861328,251.66000366210938,253.49000549316406,24864,0.0,0.0,0.0
2024-05-02 13:30:00-04:00,253.5399932861328,253.69000244140625,253.07000732421875,253.63999938964844,18813,0.0,0.0,0.0
2024-05-02 14:30:00-04:00,253.66000366210938,254.42999267578125,253.66000366210938,254.25,53825,0.0,0.0,0.0
2024-05-02 15:30:00-04:00,254.1999969482422,254.39999389648438,253.52000427246094,254.38999938964844,58023,0.0,0.0,0.0
2024-05-03 09:30:00-04:00,258.6000061035156,259.5299987792969,256.31500244140625,257.1199951171875,73015,0.0,0.0,0.0
2024-05-03 10:30:00-04:00,257.29998779296875,257.3977966308594,255.9199981689453,256.3900146484375,19726,0.0,0.0,0.0
2024-05-03 11:30:00-04:00,256.45001220703125,257.1400146484375,256.3999938964844,256.80999755859375,31885,0.0,0.0,0.0
2024-05-03 12:30:00-04:00,256.8299865722656,257.0400085449219,256.44000244140625,256.44000244140625,29072,0.0,0.0,0.0
2024-05-03 13:30:00-04:00,256.42999267578125,257.29998779296875,256.1000061035156,257.2300109863281,28442,0.0,0.0,0.0
2024-05-03 14:30:00-04:00,257.18499755859375,257.32000732421875,256.44000244140625,256.67999267578125,35111,0.0,0.0,0.0
2024-05-03 15:30:00-04:00,256.6600036621094,256.92999267578125,256.510009765625,256.739990234375,39223,0.0,0.0,0.0
2024-05-06 09:30:00-04:00,259.04998779296875,261.1400146484375,259.04998779296875,260.7691955566406,0,0.0,0.0,0.0
2024-05-06 10:30:00-04:00,260.8800048828125,261.05499267578125,259.7149963378906,260.3399963378906,49642,0.0,0.0,0.0
2024-05-06 11:30:00-04:00,260.30999755859375,260.9324951171875,260.2900085449219,260.4800109863281,12994,0.0,0.0,0.0
2024-05-06 12:30:00-04:00,260.510009765625,260.82000732421875,260.1300048828125,260.7699890136719,13598,0.0,0.0,0.0
2024-05-06 13:30:00-04:00,260.6994934082031,261.0150146484375,260.56500244140625,260.95001220703125,17103,0.0,0.0,0.0
2024-05-06 14:30:00-04:00,260.9800109863281,260.9800109863281,260.364990234375,260.5299987792969,27359,0.0,0.0,0.0
2024-05-06 15:30:00-04:00,260.510009765625,261.0,260.4100036621094,260.9599914550781,82535,0.0,0.0,0.0
2024-05-07 09:30:00-04:00,261.69000244140625,262.1199951171875,260.8999938964844,261.9700012207031,21070,0.0,0.0,0.0
2024-05-07 10:30:00-04:00,261.95001220703125,263.06500244140625,261.9150085449219,263.0299987792969,0,0.0,0.0,0.0
2024-05-07 11:30:00-04:00,262.885009765625,263.4800109863281,262.80999755859375,263.44000244140625,56710,0.0,0.0,0.0
2024-05-07 12:30:00-04:00,263.4100036621094,263.42999267578125,262.8599853515625,263.0519104003906,16403,0.0,0.0,0.0
2024-05-07 13:30:00-04:00,263.1300048828125,263.20001220703125,262.3299865722656,262.3500061035156,16602,0.0,0.0,0.0
2024-05-07 14:30:00-04:00,262.42498779296875,262.55999755859375,262.1000061035156,262.44000244140625,20288,0.0,0.0,0.0
2024-05-07 15:30:00-04:00,262.3999938964844,262.55999755859375,262.0899963378906,262.1400146484375,34041,0.0,0.0,0.0
2024-05-08 09:30:00-04:00,259.3399963378906,260.5199890136719,259.0799865722656,260.44500732421875,46923,0.0,0.0,0.0
2024-05-08 10:30:00-04:00,260.44000244140625,260.80999755859375,259.92999267578125,260.0299987792969,50469,0.0,0.0,0.0
2024-05-08 11:30:00-04:00,259.989990234375,260.1499938964844,259.5,259.55499267578125,23256,0.0,0.0,0.0
2024-05-08 12:30:00-04:00,259.6000061035156,259.6400146484375,259.1000061035156,259.239990234375,59232,0.0,0.0,0.0
2024-05-08 13:30:00-04:00,259.2449951171875,259.9800109863281,259.2449951171875,259.95001220703125,19815,0.0,0.0,0.0
2024-05-08 14:30:00-04:00,260.0249938964844,260.0400085449219,259.4649963378906,259.7699890136719,51285,0.0,0.0,0.0
2024-05-08 15:30:00-04:00,259.7669982910156,260.19000244140625,259.7669982910156,260.0799865722656,26124,0.0,0.0,0.0
2024-05-09 09:30:00-04:00,260.19000244140625,260.69500732421875,259.4200134277344,260.3399963378906,63732,0.0,0.0,0.0
2024-05-09 10:30:00-04:00,260.7101135253906,261.56500244140625,260.7101135253906,261.2900085449219,30028,0.0,0.0,0.0
2024-05-09 11:30:00-04:00,261.29998779296875,261.6499938964844,261.0,261.3999938964844,20980,0.0,0.0,0.0
2024-05-09 12:30:00-04:00,261.3500061035156,261.5199890136719,261.010009765625,261.0979919433594,44588,0.0,0.0,0.0
2024-05-09 13:30:00-04:00,261.260009765625,261.3699951171875,261.1499938964844,261.3699951171875,9421,0.0,0.0,0.0
2024-05-09 14:30:00-04:00,261.43499755859375,262.07000732421875,261.260009765625,261.8699951171875,91866,0.0,0.0,0.0
2024-05-09 15:30:00-04:00,261.8299865722656,262.1700134277344,261.7900085449219,261.8900146484375,20491,0.0,0.0,0.0
2024-05-10 09:30:00-04:00,263.1499938964844,263.3299865722656,260.3999938964844,260.510009765625,28094,0.0,0.0,0.0
2024-05-10 10:30:00-04:00,260.5350036621094,260.8328857421875,259.8880920410156,260.1700134277344,44650,0.0,0.0,0.0
2024-05-10 11:30:00-04:00,260.1400146484375,260.2300109863281,259.6400146484375,259.69000244140625,45432,0.0,0.0,0.0
2024-05-10 12:30:00-04:00,259.739990234375,260.0610046386719,259.44000244140625,259.5799865722656,36601,0.0,0.0,0.0
2024-05-10 13:30:00-04:00,259.5799865722656,259.8500061035156,259.4103088378906,259.7099914550781,42061,0.0,0.0,0.0
2024-05-10 14:30:00-04:00,259.7699890136719,259.8500061035156,259.5400085449219,259.8299865722656,24505,0.0,0.0,0.0
2024-05-10 15:30:00-04:00,259.9100036621094,260.1700134277344,259.8399963378906,259.9200134277344,39666,0.0,0.0,0.0
2024-05-13 09:30:00-04:00,262.3399963378906,262.79998779296875,261.30999755859375,262.6600036621094,45524,0.0,0.0,0.0
2024-05-13 10:30:00-04:00,262.5400085449219,262.7250061035156,261.5899963378906,261.5899963378906,0,0.0,0.0,0.0
2024-05-13 11:30:00-04:00,261.3500061035156,261.8900146484375,261.2300109863281,261.70159912109375,126208,0.0,0.0,0.0
2024-05-13 12:30:00-04:00,261.7099914550781,261.739990234375,260.54998779296875,260.7900085449219,23159,0.0,0.0,0.0
2024-05-13 13:30:00-04:00,260.79998779296875,260.9700012207031,260.510009765625,260.9049987792969,28739,0.0,0.0,0.0
2024-05-13 14:30:00-04:00,260.8450012207031,261.1549987792969,260.5799865722656,260.6499938964844,26630,0.0,0.0,0.0
2024-05-13 15:30:00-04:00,260.6499938964844,260.760009765625,260.45001220703125,260.55999755859375,46712,0.0,0.0,0.0
2024-05-14 09:30:00-04:00,262.760009765625,264.1600036621094,262.760009765625,263.54998779296875,145575,0.0,0.0,0.0
2024-05-14 10:30:00-04:00,263.55999755859375,263.79998779296875,262.6099853515625,263.7049865722656,68220,0.0,0.0,0.0
2024-05-14 11:30:00-04:00,263.739990234375,263.739990234375,263.0400085449219,263.0799865722656,43743,0.0,0.0,0.0
2024-05-14 12:30:00-04:00,263.04998779296875,263.1700134277344,262.30999755859375,262.82000732421875,55890,0.0,0.0,0.0
2024-05-14 13:30:00-04:00,262.7900085449219,263.32000732421875,262.489990234375,263.1199951171875,40436,0.0,0.0,0.0
2024-05-14 14:30:00-04:00,263.1000061035156,263.54901123046875,263.1000061035156,263.4468078613281,71422,0.0,0.0,0.0
2024-05-14 15:30:00-04:00,263.4200134277344,264.0,263.4100036621094,263.5799865722656,44791,0.0,0.0,0.0
2024-05-15 09:30:00-04:00,267.0799865722656,267.4599914550781,265.1014099121094,265.32501220703125,35337,0.0,0.0,0.0
2024-05-15 10:30:00-04:00,265.4800109863281,267.2699890136719,265.4800109863281,267.0450134277344,31349,0.0,0.0,0.0
2024-05-15 11:30:00-04:00,267.05999755859375,267.2650146484375,266.5150146484375,267.05999755859375,26150,0.0,0.0,0.0
2024-05-15 12:30:00-04:00,267.1300048828125,267.5799865722656,267.07000732421875,267.3599853515625,18066,0.0,0.0,0.0
2024-05-15 13:30:00-04:00,267.32000732421875,267.5400085449219,266.947509765625,267.29998779296875,31396,0.0,0.0,0.0
2024-05-15 14:30:00-04:00,267.3599853515625,267.6492004394531,267.19500732421875,267.3800048828125,41984,0.0,0.0,0.0
2024-05-15 15:30:00-04:00,267.3599853515625,268.05999755859375,267.31500244140625,268.010009765625,37246,0.0,0.0,0.0
2024-05-16 09:30:00-04:00,267.75,267.75,266.510009765625,266.94000244140625,17085,0.0,0.0,0.0
2024-05-16 10:30:00-04:00,267.1700134277344,267.29998779296875,266.6499938964844,267.05999755859375,17670,0.0,0.0,0.0
2024-05-16 11:30:00-04:00,267.1099853515625,267.1600036621094,266.30999755859375,266.5400085449219,32230,0.0,0.0,0.0
2024-05-16 12:30:00-04:00,266.3399963378906,266.6199951171875,265.75,266.0299987792969,55604,0.0,0.0,0.0
2024-05-16 13:30:00-04:00,266.010009765625,266.1400146484375,265.6099853515625,265.7900085449219,40771,0.0,0.0,0.0
2024-05-16 14:30:00-04:00,265.7749938964844,266.4706115722656,265.7705078125,266.3299865722656,42810,0.0,0.0,0.0
2024-05-16 15:30:00-04:00,266.3599853515625,266.3599853515625,265.4800109863281,265.5400085449219,26597,0.0,0.0,0.0
2024-05-17 09:30:00-04:00,266.45001220703125,266.45001220703125,265.0,265.95001220703125,29569,0.0,0.0,0.0
2024-05-17 10:30:00-04:00,265.94000244140625,265.94000244140625,265.2099914550781,265.2099914550781,80086,0.0,0.0,0.0
2024-05-17 11:30:00-04:00,265.20001220703125,265.55999755859375,264.95001220703125,265.1600036621094,44505,0.0,0.0,0.0
2024-05-17 12:30:00-04:00,265.0799865722656,265.30999755859375,264.7099914550781,264.9100036621094,43813,0.0,0.0,0.0
2024-05-17 13:30:00-04:00,264.9700012207031,265.0400085449219,263.94000244140625,264.4100036621094,55282,0.0,0.0,0.0
2024-05-17 14:30:00-04:00,264.3900146484375,265.0199890136719,264.30999755859375,264.8999938964844,54524,0.0,0.0,0.0
2024-05-17 15:30:00-04:00,264.8800048828125,265.239990234375,264.5400085449219,265.239990234375,156393,0.0,0.0,0.0
2024-05-20 09:30:00-04:00,265.7200012207031,266.5,264.9450988769531,265.8699951171875,34781,0.0,0.0,0.0
2024-05-20 10:30:00-04:00,266.0,267.1300048828125,265.8599853515625,267.1099853515625,22458,0.0,0.0,0.0
2024-05-20 11:30:00-04:00,267.1199951171875,267.4649963378906,267.0400085449219,267.19000244140625,72963,0.0,0.0,0.0
2024-05-20 12:30:00-04:00,267.20001220703125,267.6099853515625,267.0299987792969,267.1099853515625,21876,0.0,0.0,0.0
2024-05-20 13:30:00-04:00,266.9775085449219,267.0799865722656,266.4700012207031,266.94000244140625,19724,0.0,0.0,0.0
2024-05-20 14:30:00-04:00,266.9750061035156,267.5050048828125,266.9649963378906,267.4849853515625,30146,0.0,0.0,0.0
2024-05-20 15:30:00-04:00,267.4949951171875,267.4949951171875,267.0299987792969,267.3599853515625,35449,0.0,0.0,0.0
2024-05-21 09:30:00-04:00,266.3500061035156,267.0199890136719,265.9649963378906,266.6210021972656,16335,0.0,0.0,0.0
2024-05-21 10:30:00-04:00,266.70001220703125,267.25,266.70001220703125,267.0,17965,0.0,0.0,0.0
2024-05-21 11:30:00-04:00,266.92498779296875,267.04998779296875,266.30499267578125,266.784912109375,16242,0.0,0.0,0.0
2024-05-21 12:30:00-04:00,266.5492858886719,266.7799987792969,266.3900146484375,266.6199951171875,38501,0.0,0.0,0.0
2024-05-21 13:30:00-04:00,266.6000061035156,266.82000732421875,266.5299987792969,266.58990478515625,13960,0.0,0.0,0.0
2024-05-21 14:30:00-04:00,266.54998779296875,266.7900085449219,266.3999938964844,266.5899963378906,16547,0.0,0.0,0.0
2024-05-21 15:30:00-04:00,266.5299987792969,266.82000732421875,266.5141906738281,266.67999267578125,90103,0.0,0.0,0.0
2024-05-22 09:30:00-04:00,265.9800109863281,266.7900085449219,265.7300109863281,266.5,22892,0.0,0.0,0.0
2024-05-22 10:30:00-04:00,266.6000061035156,266.92999267578125,266.30999755859375,266.3399963378906,14006,0.0,0.0,0.0
2024-05-22 11:30:00-04:00,266.30499267578125,267.07000732421875,266.2200012207031,267.07000732421875,16502,0.0,0.0,0.0
2024-05-22 12:30:00-04:00,267.0899963378906,267.0899963378906,266.6700134277344,266.70001220703125,10530,0.0,0.0,0.0
2024-05-22 13:30:00-04:00,266.7099914550781,266.7925109863281,264.010009765625,264.010009765625,70714,0.0,0.0,0.0
2024-05-22 14:30:00-04:00,263.8800048828125,265.0400085449219,263.70001220703125,264.4949951171875,34852,0.0,0.0,0.0
2024-05-22 15:30:00-04:00,264.68499755859375,265.17999267578125,264.1400146484375,264.760009765625,50945,0.0,0.0,0.0
2024-05-23 09:30:00-04:00,266.9200134277344,266.9200134277344,263.2200012207031,263.2200012207031,31292,0.0,0.0,0.0
2024-05-23 10:30:00-04:00,263.3999938964844,263.8800048828125,262.3399963378906,263.4800109863281,27149,0.0,0.0,0.0
2024-05-23 11:30:00-04:00,263.7300109863281,264.3465881347656,263.614990234375,264.2200012207031,16495,0.0,0.0,0.0
2024-05-23 12:30:00-04:00,264.29998779296875,264.510009765625,262.6499938964844,263.05999755859375,9490,0.0,0.0,0.0
2024-05-23 13:30:00-04:00,262.9200134277344,262.9200134277344,259.80999755859375,260.0199890136719,20754,0.0,0.0,0.0
2024-05-23 14:30:00-04:00,259.9599914550781,260.489990234375,259.6700134277344,260.3599853515625,93727,0.0,0.0,0.0
2024-05-23 15:30:00-04:00,260.3599853515625,261.1600036621094,260.2799987792969,261.1499938964844,156714,0.0,0.0,0.0
2024-05-24 09:30:00-04:00,263.1300048828125,263.6199951171875,261.92999267578125,263.6199951171875,32290,0.0,0.0,0.0
2024-05-24 10:30:00-04:00,263.614990234375,264.6700134277344,263.1499938964844,264.3699951171875,34738,0.0,0.0,0.0
2024-05-24 11:30:00-04:00,264.4200134277344,264.6499938964844,263.8800048828125,264.4800109863281,28809,0.0,0.0,0.0
2024-05-24 12:30:00-04:00,264.4184875488281,264.5201110839844,264.1400146484375,264.4371032714844,22687,0.0,0.0,0.0
2024-05-24 13:30:00-04:00,264.3699951171875,264.510009765625,263.9599914550781,264.0,30780,0.0,0.0,0.0
2024-05-24 14:30:00-04:00,263.9700012207031,264.02960205078125,263.4750061035156,263.8900146484375,28889,0.0,0.0,0.0
2024-05-24 15:30:00-04:00,263.8299865722656,264.54998779296875,263.8299865722656,264.5199890136719,32357,0.0,0.0,0.0
2024-05-28 09:30:00-04:00,266.7900085449219,266.7900085449219,264.44000244140625,264.9200134277344,26986,0.0,0.0,0.0
2024-05-28 10:30:00-04:00,264.8999938964844,265.6099853515625,264.5150146484375,265.45001220703125,14805,0.0,0.0,0.0
2024-05-28 11:30:00-04:00,265.57000732421875,265.7799987792969,265.2099914550781,265.2099914550781,28592,0.0,0.0,0.0
2024-05-28 12:30:00-04:00,265.239990234375,265.510009765625,264.5,265.010009765625,31028,0.0,0.0,0.0
2024-05-28 13:30:00-04:00,264.88519287109375,265.097900390625,263.3800048828125,263.3800048828125,27024,0.0,0.0,0.0
2024-05-28 14:30:00-04:00,263.239990234375,264.1700134277344,262.8500061035156,263.8999938964844,29775,0.0,0.0,0.0
2024-05-28 15:30:00-04:00,264.04998779296875,264.6300048828125,264.04998779296875,264.55999755859375,59927,0.0,0.0,0.0
2024-05-29 09:30:00-04:00,261.1199951171875,261.9849853515625,260.6600036621094,261.6000061035156,22967,0.0,0.0,0.0
2024-05-29 10:30:00-04:00,261.6300048828125,261.9849853515625,261.3399963378906,261.8500061035156,25772,0.0,0.0,0.0
2024-05-29 11:30:00-04:00,261.6099853515625,261.9200134277344,261.2650146484375,261.8299865722656,24234,0.0,0.0,0.0
2024-05-29 12:30:00-04:00,261.8500061035156,261.8900146484375,261.1600036621094,261.6099853515625,10144,0.0,0.0,0.0
2024-05-29 13:30:00-04:00,261.6075134277344,261.7099914550781,261.1400146484375,261.1400146484375,15038,0.0,0.0,0.0
2024-05-29 14:30:00-04:00,260.9800109863281,261.5299987792969,260.8136901855469,261.3399963378906,34229,0.0,0.0,0.0
2024-05-29 15:30:00-04:00,261.29998779296875,261.5199890136719,260.8599853515625,260.94000244140625,57111,0.0,0.0,0.0
2024-05-30 09:30:00-04:00,262.5,263.2200012207031,262.0018005371094,263.0899963378906,33752,0.0,0.0,0.0
2024-05-30 10:30:00-04:00,263.0799865722656,263.6700134277344,262.4800109863281,263.6700134277344,22682,0.0,0.0,0.0
2024-05-30 11:30:00-04:00,263.6400146484375,264.010009765625,263.4200134277344,263.79998779296875,24982,0.0,0.0,0.0
2024-05-30 12:30:00-04:00,263.6300048828125,264.0299987792969,263.55999755859375,263.989990234375,9194,0.0,0.0,0.0
2024-05-30 13:30:00-04:00,264.0400085449219,264.20001220703125,263.0199890136719,263.44000244140625,14888,0.0,0.0,0.0
2024-05-30 14:30:00-04:00,263.4200134277344,263.55999755859375,262.4100036621094,262.885009765625,73558,0.0,0.0,0.0
2024-05-30 15:30:00-04:00,262.94000244140625,262.95001220703125,261.6000061035156,262.7300109863281,59204,0.0,0.0,0.0
2024-05-31 09:30:00-04:00,263.80999755859375,265.3949890136719,262.1600036621094,262.25,48835,0.0,0.0,0.0
2024-05-31 10:30:00-04:00,262.19000244140625,262.19000244140625,261.17999267578125,261.17999267578125,34688,0.0,0.0,0.0
2024-05-31 11:30:00-04:00,261.1000061035156,261.4100036621094,260.0,260.44000244140625,49229,0.0,0.0,0.0
2024-05-31 12:30:00-04:00,260.3500061035156,261.82000732421875,260.2099914550781,261.760009765625,36973,0.0,0.0,0.0
2024-05-31 13:30:00-04:00,261.7699890136719,261.94000244140625,261.3399963378906,261.56561279296875,85667,0.0,0.0,0.0
2024-05-31 14:30:00-04:00,261.4700012207031,262.20001220703125,261.25,261.8699951171875,47739,0.0,0.0,0.0
2024-05-31 15:30:00-04:00,261.8800048828125,263.8299865722656,261.7099914550781,263.79998779296875,123418,0.0,0.0,0.0
2024-06-03 09:30:00-04:00,266.0,266.2300109863281,263.7925109863281,263.989990234375,55646,0.0,0.0,0.0
2024-06-03 10:30:00-04:00,263.82000732421875,263.82000732421875,262.7049865722656,263.3299865722656,37018,0.0,0.0,0.0
2024-06-03 11:30:00-04:00,263.3299865722656,263.3299865722656,261.4100036621094,261.6700134277344,33275,0.0,0.0,0.0
2024-06-03 12:30:00-04:00,261.5400085449219,261.7900085449219,260.24749755859375,261.2900085449219,174872,0.0,0.0,0.0
2024-06-03 13:30:00-04:00,261.29998779296875,262.07000732421875,261.1300048828125,261.9150085449219,43034,0.0,0.0,0.0
2024-06-03 14:30:00-04:00,262.0299987792969,262.2699890136719,261.6199951171875,262.1300048828125,45339,0.0,0.0,0.0
2024-06-03 15:30:00-04:00,262.1499938964844,262.6099853515625,262.0050048828125,262.6099853515625,223798,0.0,0.0,0.0
2024-06-04 09:30:00-04:00,261.1000061035156,261.6000061035156,260.1099853515625,260.3500061035156,53886,0.0,0.0,0.0
2024-06-04 10:30:00-04:00,260.79998779296875,260.79998779296875,259.6000061035156,260.05999755859375,32857,0.0,0.0,0.0
2024-06-04 11:30:00-04:00,259.3699951171875,259.6600036621094,259.21728515625,259.6600036621094,12762,0.0,0.0,0.0
2024-06-04 12:30:00-04:00,259.7749938964844,259.9599914550781,259.2099914550781,259.29998779296875,10375,0.0,0.0,0.0
2024-06-04 13:30:00-04:00,259.57000732421875,260.6099853515625,259.2799987792969,260.4599914550781,15843,0.0,0.0,0.0
2024-06-04 14:30:00-04:00,260.5450134277344,260.5450134277344,259.1300048828125,259.3800048828125,15572,0.0,0.0,0.0
2024-06-04 15:30:00-04:00,259.3915100097656,259.79998779296875,259.0826110839844,259.489990234375,37327,0.0,0.0,0.0
2024-06-05 09:30:00-04:00,261.1499938964844,261.92999267578125,260.1499938964844,261.67999267578125,31375,0.0,0.0,0.0
2024-06-05 10:30:00-04:00,261.75,263.410400390625,261.75,263.19500732421875,22153,0.0,0.0,0.0
2024-06-05 11:30:00-04:00,263.2900085449219,263.7099914550781,263.1499938964844,263.7099914550781,29328,0.0,0.0,0.0
2024-06-05 12:30:00-04:00,263.635009765625,264.2200012207031,263.635009765625,264.0799865722656,14440,0.0,0.0,0.0
2024-06-05 13:30:00-04:00,264.17999267578125,264.4599914550781,264.1199951171875,264.2716979980469,12513,0.0,0.0,0.0
2024-06-05 14:30:00-04:00,264.25,264.55999755859375,264.1000061035156,264.1000061035156,35229,0.0,0.0,0.0
2024-06-05 15:30:00-04:00,264.05999755859375,264.635009765625,263.9100036621094,264.5899963378906,29377,0.0,0.0,0.0
2024-06-06 09:30:00-04:00,263.57000732421875,264.3147888183594,262.7701110839844,262.95001220703125,36914,0.0,0.0,0.0
2024-06-06 10:30:00-04:00,262.8699951171875,263.4100036621094,262.7349853515625,263.3299865722656,22812,0.0,0.0,0.0
2024-06-06 11:30:00-04:00,263.25,263.25,262.2900085449219,262.44000244140625,28366,0.0,0.0,0.0
2024-06-06 12:30:00-04:00,262.1499938964844,262.8699951171875,262.1499938964844,262.7799987792969,7561,0.0,0.0,0.0
2024-06-06 13:30:00-04:00,262.8299865722656,263.2699890136719,261.7300109863281,262.1650085449219,15928,0.0,0.0,0.0
2024-06-06 14:30:00-04:00,262.1600036621094,262.7099914550781,262.1600036621094,262.4649963378906,21761,0.0,0.0,0.0
2024-06-06 15:30:00-04:00,262.32000732421875,262.44000244140625,262.0400085449219,262.3999938964844,61211,0.0,0.0,0.0
2024-06-07 09:30:00-04:00,259.9700012207031,261.4200134277344,259.1600036621094,261.4100036621094,24955,0.0,0.0,0.0
2024-06-07 10:30:00-04:00,261.32000732421875,262.05999755859375,259.95098876953125,260.4800109863281,19304,0.0,0.0,0.0
2024-06-07 11:30:00-04:00,260.5,260.9200134277344,260.2713928222656,260.9200134277344,12748,0.0,0.0,0.0
2024-06-07 12:30:00-04:00,260.92999267578125,261.0199890136719,260.1300048828125,260.1300048828125,15531,0.0,0.0,0.0
2024-06-07 13:30:00-04:00,260.20001220703125,260.20001220703125,258.6400146484375,259.239990234375,25205,0.0,0.0,0.0
2024-06-07 14:30:00-04:00,259.380615234375,259.8800048828125,259.04998779296875,259.5899963378906,14431,0.0,0.0,0.0
2024-06-07 15:30:00-04:00,259.489990234375,259.6724853515625,259.17999267578125,259.2200012207031,21959,0.0,0.0,0.0
2024-06-10 09:30:00-04:00,257.55999755859375,259.31988525390625,256.8399963378906,259.2200012207031,32691,0.0,0.0,0.0
2024-06-10 10:30:00-04:00,259.25,260.07000732421875,259.20001220703125,259.8699951171875,59648,0.0,0.0,0.0
2024-06-10 11:30:00-04:00,259.8761901855469,260.25,259.739990234375,260.014404296875,14015,0.0,0.0,0.0
2024-06-10 12:30:00-04:00,260.1499938964844,260.17999267578125,259.67999267578125,260.0199890136719,8504,0.0,0.0,0.0
2024-06-10 13:30:00-04:00,259.92999267578125,260.78338623046875,259.9200134277344,260.12249755859375,8551,0.0,0.0,0.0
2024-06-10 14:30:00-04:00,260.2699890136719,261.30999755859375,260.2699890136719,261.20001220703125,11021,0.0,0.0,0.0
2024-06-10 15:30:00-04:00,261.1499938964844,261.2124938964844,260.5799865722656,261.0199890136719,33951,0.0,0.0,0.0
2024-06-11 09:30:00-04:00,258.6199951171875,258.6199951171875,256.8992004394531,257.6400146484375,17496,0.0,0.0,0.0
2024-06-11 10:30:00-04:00,257.6050109863281,258.4849853515625,257.6050109863281,258.30499267578125,16345,0.0,0.0,0.0
2024-06-11 11:30:00-04:00,258.3399963378906,258.57000732421875,257.8900146484375,258.5199890136719,20751,0.0,0.0,0.0
2024-06-11 12:30:00-04:00,258.5799865722656,259.05499267578125,258.4100036621094,258.8599853515625,11734,0.0,0.0,0.0
2024-06-11 13:30:00-04:00,258.95001220703125,260.30999755859375,258.95001220703125,260.30999755859375,22414,0.0,0.0,0.0
2024-06-11 14:30:00-04:00,260.3999938964844,260.4200134277344,259.6700134277344,259.6700134277344,12013,0.0,0.0,0.0
2024-06-11 15:30:00-04:00,259.6400146484375,260.1499938964844,259.57000732421875,260.0087890625,14598,0.0,0.0,0.0
2024-06-12 09:30:00-04:00,266.6199951171875,268.5,266.05999755859375,268.4198913574219,71081,0.0,0.0,0.0
2024-06-12 10:30:00-04:00,268.0299987792969,268.19000244140625,266.8399963378906,267.1199951171875,26958,0.0,0.0,0.0
2024-06-12 11:30:00-04:00,266.9800109863281,267.1650085449219,266.5658874511719,266.6700134277344,27182,0.0,0.0,0.0
2024-06-12 12:30:00-04:00,266.6300048828125,267.0,266.54998779296875,266.70001220703125,43735,0.0,0.0,0.0
2024-06-12 13:30:00-04:00,266.739990234375,266.7900085449219,264.6099853515625,266.3500061035156,53305,0.0,0.0,0.0
2024-06-12 14:30:00-04:00,266.3399963378906,266.739990234375,263.69000244140625,263.7049865722656,58099,0.0,0.0,0.0
2024-06-12 15:30:00-04:00,263.7799987792969,264.79998779296875,263.25,264.1499938964844,62702,0.0,0.0,0.0
2024-06-13 09:30:00-04:00,263.57000732421875,263.8399963378906,261.5799865722656,261.80999755859375,62250,0.0,0.0,0.0
2024-06-13 10:30:00-04:00,261.8599853515625,261.9800109863281,260.69500732421875,261.1300048828125,46010,0.0,0.0,0.0
2024-06-13 11:30:00-04:00,261.3599853515625,261.55999755859375,260.4100036621094,260.4570007324219,54292,0.0,0.0,0.0
2024-06-13 12:30:00-04:00,260.3399963378906,262.0199890136719,260.3399963378906,261.6184997558594,25654,0.0,0.0,0.0
2024-06-13 13:30:00-04:00,261.6600036621094,262.1099853515625,261.364990234375,262.1099853515625,35263,0.0,0.0,0.0
2024-06-13 14:30:00-04:00,262.0824890136719,262.3599853515625,261.875,262.1300048828125,15856,0.0,0.0,0.0
2024-06-13 15:30:00-04:00,261.7799987792969,262.55999755859375,261.7799987792969,262.54998779296875,8524,0.0,0.0,0.0
2024-06-14 09:30:00-04:00,259.30999755859375,259.6000061035156,257.65948486328125,257.8074951171875,55520,0.0,0.0,0.0
2024-06-14 10:30:00-04:00,258.1300048828125,258.3399963378906,257.0799865722656,258.0899963378906,83557,0.0,0.0,0.0
2024-06-14 11:30:00-04:00,258.18499755859375,258.25,257.1099853515625,257.1099853515625,14491,0.0,0.0,0.0
2024-06-14 12:30:00-04:00,256.8999938964844,258.1499938964844,256.8617858886719,258.0299987792969,25435,0.0,0.0,0.0
2024-06-14 13:30:00-04:00,257.94879150390625,258.0400085449219,257.2300109863281,257.62420654296875,25160,0.0,0.0,0.0
2024-06-14 14:30:00-04:00,257.6099853515625,258.0350036621094,257.44000244140625,258.0159912109375,26949,0.0,0.0,0.0
2024-06-14 15:30:00-04:00,258.0299987792969,258.2099914550781,257.7699890136719,258.1400146484375,131086,0.0,0.0,0.0
2024-06-17 09:30:00-04:00,257.55999755859375,257.8699951171875,256.5899963378906,256.6600036621094,42011,0.0,0.0,0.0
2024-06-17 10:30:00-04:00,256.6354064941406,257.177001953125,256.4700012207031,257.177001953125,20034,0.0,0.0,0.0
2024-06-17 11:30:00-04:00,257.21380615234375,258.5299987792969,256.92999267578125,258.5299987792969,24076,0.0,0.0,0.0
2024-06-17 12:30:00-04:00,258.4800109863281,259.75,258.4800109863281,259.4150085449219,42174,0.0,0.0,0.0
2024-06-17 13:30:00-04:00,259.4700012207031,261.3500061035156,259.4700012207031,260.8175048828125,42835,0.0,0.0,0.0
2024-06-17 14:30:00-04:00,260.8900146484375,260.8900146484375,260.43499755859375,260.8500061035156,26415,0.0,0.0,0.0
2024-06-17 15:30:00-04:00,260.8800048828125,260.8900146484375,260.010009765625,260.2300109863281,132050,0.0,0.0,0.0
2024-06-18 09:30:00-04:00,260.20001220703125,261.32000732421875,260.0199890136719,261.1499938964844,45472,0.0,0.0,0.0
2024-06-18 10:30:00-04:00,261.1499938964844,261.5799865722656,260.69000244140625,260.95001220703125,29544,0.0,0.0,0.0
2024-06-18 11:30:00-04:00,260.9599914550781,262.2099914550781,260.94000244140625,262.0400085449219,108166,0.0,0.0,0.0
2024-06-18 12:30:00-04:00,262.0,262.0799865722656,261.32501220703125,261.4150085449219,80340,0.0,0.0,0.0
2024-06-18 13:30:00-04:00,261.42999267578125,261.8599853515625,261.0299987792969,261.67999267578125,94787,0.0,0.0,0.0
2024-06-18 14:30:00-04:00,261.70001220703125,261.82000732421875,261.0639953613281,261.2099914550781,116104,0.0,0.0,0.0
2024-06-18 15:30:00-04:00,261.1600036621094,261.3599853515625,260.8399963378906,261.07000732421875,54166,0.0,0.0,0.0
2024-06-20 09:30:00-04:00,261.0400085449219,262.70001220703125,260.3399963378906,262.2099914550781,36506,0.0,0.0,0.0
2024-06-20 10:30:00-04:00,262.1400146484375,262.4200134277344,261.25,261.49578857421875,14629,0.0,0.0,0.0
2024-06-20 11:30:00-04:00,261.45001220703125,261.54998779296875,260.1401062011719,260.1600036621094,34932,0.0,0.0,0.0
2024-06-20 12:30:00-04:00,260.0299987792969,260.125,258.92999267578125,259.010009765625,26246,0.0,0.0,0.0
2024-06-20 13:30:00-04:00,259.0199890136719,260.2300109863281,258.260009765625,260.2300109863281,45798,0.0,0.0,0.0
2024-06-20 14:30:00-04:00,260.2349853515625,260.3399963378906,258.7099914550781,259.3599853515625,34025,0.0,0.0,0.0
2024-06-20 15:30:00-04:00,259.1600036621094,259.5007019042969,258.8760070800781,259.2799987792969,37656,0.0,0.0,0.0
2024-06-21 09:30:00-04:00,259.1099853515625,259.2030029296875,257.3599853515625,258.87530517578125,34813,0.0,0.0,0.0
2024-06-21 10:30:00-04:00,258.7900085449219,259.7325134277344,258.54998779296875,259.4150085449219,14439,0.0,0.0,0.0
2024-06-21 11:30:00-04:00,259.2900085449219,259.70001220703125,258.9800109863281,259.3500061035156,11207,0.0,0.0,0.0
2024-06-21 12:30:00-04:00,259.3399963378906,259.8599853515625,259.25,259.25,8345,0.0,0.0,0.0
2024-06-21 13:30:00-04:00,259.1499938964844,259.6199951171875,259.0625,259.5899963378906,12161,0.0,0.0,0.0
2024-06-21 14:30:00-04:00,259.6099853515625,259.6099853515625,258.79998779296875,259.4800109863281,47840,0.0,0.0,0.0
2024-06-21 15:30:00-04:00,259.5,260.3900146484375,259.3800048828125,260.3699951171875,84967,0.0,0.0,0.0
2024-06-24 09:30:00-04:00,260.2200012207031,262.17999267578125,260.2200012207031,260.864990234375,71137,0.0,0.0,0.0
2024-06-24 10:30:00-04:00,260.94000244140625,262.30999755859375,260.94000244140625,262.2799072265625,34416,0.0,0.0,0.0
2024-06-24 11:30:00-04:00,262.2699890136719,262.2699890136719,261.07000732421875,261.260009765625,18410,0.0,0.0,0.0
2024-06-24 12:30:00-04:00,261.260009765625,261.260009765625,260.05999755859375,260.2149963378906,55731,0.0,0.0,0.0
2024-06-24 13:30:00-04:00,260.2799987792969,260.67999267578125,259.8900146484375,260.6700134277344,23830,0.0,0.0,0.0
2024-06-24 14:30:00-04:00,260.67999267578125,261.60321044921875,260.6300048828125,261.260009765625,35286,0.0,0.0,0.0
2024-06-24 15:30:00-04:00,261.2699890136719,261.3699951171875,260.3328857421875,260.3699951171875,32938,0.0,0.0,0.0
2024-06-25 09:30:00-04:00,260.30999755859375,260.3299865722656,258.92999267578125,260.2300109863281,151065,0.0,0.0,0.0
2024-06-25 10:30:00-04:00,260.29998779296875,260.3288879394531,259.55999755859375,259.8399963378906,44974,0.0,0.0,0.0
2024-06-25 11:30:00-04:00,259.80999755859375,260.04998779296875,259.69000244140625,259.93499755859375,30526,0.0,0.0,0.0
2024-06-25 12:30:00-04:00,259.8299865722656,260.3800048828125,259.510009765625,260.3800048828125,12353,0.0,0.0,0.0
2024-06-25 13:30:00-04:00,260.25,260.5799865722656,260.1199951171875,260.5799865722656,17777,0.0,0.0,0.0
2024-06-25 14:30:00-04:00,260.4599914550781,260.4599914550781,259.8699951171875,260.4100036621094,31206,0.0,0.0,0.0
2024-06-25 15:30:00-04:00,260.4100036621094,260.4800109863281,260.1700134277344,260.3599853515625,56149,0.0,0.0,0.0
2024-06-26 09:30:00-04:00,259.0,259.6700134277344,258.29998779296875,259.30999755859375,18346,0.0,0.0,0.0
2024-06-26 10:30:00-04:00,259.19500732421875,259.79888916015625,258.80999755859375,259.3699951171875,32919,0.0,0.0,0.0
2024-06-26 11:30:00-04:00,259.30999755859375,260.4100036621094,259.25,259.94000244140625,18329,0.0,0.0,0.0
2024-06-26 12:30:00-04:00,259.8399963378906,259.92999267578125,258.9599914550781,259.1600036621094,19116,0.0,0.0,0.0
2024-06-26 13:30:00-04:00,259.1199951171875,259.2200012207031,258.8399963378906,259.0299987792969,25683,0.0,0.0,0.0
2024-06-26 14:30:00-04:00,259.0249938964844,259.3299865722656,258.7099914550781,258.82000732421875,47338,0.0,0.0,0.0
2024-06-26 15:30:00-04:00,258.8500061035156,259.635009765625,258.79998779296875,259.5299987792969,61697,0.0,0.0,0.0
2024-06-27 09:30:00-04:00,260.3399963378906,261.6499938964844,259.70001220703125,260.9200134277344,48192,0.0,0.0,0.0
2024-06-27 10:30:00-04:00,261.0199890136719,261.6300048828125,260.3399963378906,260.3599853515625,29921,0.0,0.0,0.0
2024-06-27 11:30:00-04:00,260.3399963378906,261.1199951171875,260.05999755859375,260.8900146484375,18838,0.0,0.0,0.0
2024-06-27 12:30:00-04:00,260.92999267578125,262.0,260.92999267578125,261.8500061035156,11213,0.0,0.0,0.0
2024-06-27 13:30:00-04:00,261.6300048828125,262.1993103027344,261.42498779296875,261.75,32070,0.0,0.0,0.0
2024-06-27 14:30:00-04:00,261.7200012207031,262.5,261.7200012207031,262.4700012207031,31873,0.0,0.0,0.0
2024-06-27 15:30:00-04:00,262.489990234375,263.1099853515625,262.3699951171875,263.1099853515625,29756,0.0,0.0,0.0
2024-06-28 09:30:00-04:00,264.4100036621094,265.7099914550781,263.5150146484375,264.8500061035156,61242,0.0,0.0,0.0
2024-06-28 10:30:00-04:00,264.7799987792969,264.95001220703125,262.7900085449219,263.010009765625,88454,0.0,0.0,0.0
2024-06-28 11:30:00-04:00,263.04998779296875,263.5799865722656,262.3349914550781,263.1499938964844,43070,0.0,0.0,0.0
2024-06-28 12:30:00-04:00,263.0828857421875,263.1499938964844,262.07000732421875,262.3262939453125,56916,0.0,0.0,0.0
2024-06-28 13:30:00-04:00,262.2200012207031,262.4599914550781,261.6300048828125,262.0400085449219,32868,0.0,0.0,0.0
2024-06-28 14:30:00-04:00,261.92999267578125,262.3800048828125,261.69000244140625,261.75,60018,0.0,0.0,0.0
2024-06-28 15:30:00-04:00,261.7300109863281,262.8299865722656,260.8800048828125,262.7300109863281,191488,0.0,0.0,0.0
2024-07-01 09:30:00-04:00,263.4100036621094,263.6099853515625,259.8500061035156,260.9700012207031,100357,0.0,0.0,0.0
2024-07-01 10:30:00-04:00,260.8800048828125,261.2900085449219,260.2699890136719,260.55999755859375,22249,0.0,0.0,0.0
2024-07-01 11:30:00-04:00,260.19000244140625,260.8500061035156,259.82000732421875,260.78131103515625,18175,0.0,0.0,0.0
2024-07-01 12:30:00-04:00,260.760009765625,260.9200134277344,260.4469909667969,260.8699951171875,39981,0.0,0.0,0.0
2024-07-01 13:30:00-04:00,260.7799987792969,261.29998779296875,260.4013977050781,260.6600036621094,12416,0.0,0.0,0.0
2024-07-01 14:30:00-04:00,260.5,260.9490966796875,260.3900146484375,260.5899963378906,20312,0.0,0.0,0.0
2024-07-01 15:30:00-04:00,260.715087890625,260.94000244140625,260.5369873046875,260.7049865722656,30833,0.0,0.0,0.0
2024-07-02 09:30:00-04:00,260.94000244140625,261.7950134277344,260.4150085449219,260.92498779296875,32114,0.0,0.0,0.0
2024-07-02 10:30:00-04:00,261.0050048828125,261.17498779296875,260.38800048828125,261.1000061035156,22789,0.0,0.0,0.0
2024-07-02 11:30:00-04:00,261.1000061035156,261.2049865722656,260.4801025390625,260.7200012207031,15347,0.0,0.0,0.0
2024-07-02 12:30:00-04:00,260.6203918457031,260.6203918457031,259.94000244140625,260.45001220703125,13203,0.0,0.0,0.0
2024-07-02 13:30:00-04:00,260.30999755859375,261.2099914550781,260.0899963378906,260.9100036621094,32342,0.0,0.0,0.0
2024-07-02 14:30:00-04:00,260.7799987792969,261.30999755859375,260.7250061035156,261.30999755859375,59578,0.0,0.0,0.0
2024-07-02 15:30:00-04:00,261.2200012207031,261.2726135253906,260.635009765625,260.95001220703125,36179,0.0,0.0,0.0
2024-07-03 09:30:00-04:00,261.7799987792969,262.8500061035156,260.82000732421875,262.5050048828125,36298,0.0,0.0,0.0
2024-07-03 10:30:00-04:00,262.489990234375,262.55499267578125,261.04998779296875,261.55999755859375,33265,0.0,0.0,0.0
2024-07-03 11:30:00-04:00,261.510009765625,261.7998962402344,261.04998779296875,261.70001220703125,47441,0.0,0.0,0.0
2024-07-05 09:30:00-04:00,260.82000732421875,261.1000061035156,259.0899963378906,259.17999267578125,67057,0.0,0.0,0.0
2024-07-05 10:30:00-04:00,259.2300109863281,260.86199951171875,259.2300109863281,260.4700012207031,16318,0.0,0.0,0.0
2024-07-05 11:30:00-04:00,260.5299987792969,260.7300109863281,260.25,260.489990234375,20211,0.0,0.0,0.0
2024-07-05 12:30:00-04:00,260.489990234375,260.5899963378906,260.2349853515625,260.32501220703125,8699,0.0,0.0,0.0
2024-07-05 13:30:00-04:00,260.4200134277344,260.8599853515625,260.32000732421875,260.5799865722656,11932,0.0,0.0,0.0
2024-07-05 14:30:00-04:00,260.6199951171875,261.1400146484375,260.4949951171875,261.05499267578125,11060,0.0,0.0,0.0
2024-07-05 15:30:00-04:00,260.8900146484375,261.625,260.8900146484375,261.19000244140625,15170,0.0,0.0,0.0
2024-07-08 09:30:00-04:00,263.1000061035156,264.5400085449219,263.1000061035156,264.05999755859375,135956,0.0,0.0,0.0
2024-07-08 10:30:00-04:00,263.9849853515625,264.57989501953125,263.6000061035156,263.7300109863281,63199,0.0,0.0,0.0
2024-07-08 11:30:00-04:00,263.7799987792969,263.7799987792969,262.6199951171875,262.94000244140625,16634,0.0,0.0,0.0
2024-07-08 12:30:00-04:00,263.0,263.6400146484375,262.95098876953125,263.07000732421875,34860,0.0,0.0,0.0
2024-07-08 13:30:00-04:00,263.1199951171875,263.4100036621094,263.1199951171875,263.3351135253906,9068,0.0,0.0,0.0
2024-07-08 14:30:00-04:00,263.239990234375,263.239990234375,262.5400085449219,262.94000244140625,18941,0.0,0.0,0.0
2024-07-08 15:30:00-04:00,262.9200134277344,263.17999267578125,262.8599853515625,262.8900146484375,14564,0.0,0.0,0.0
2024-07-09 09:30:00-04:00,263.05999755859375,263.05999755859375,261.510009765625,261.70001220703125,33645,0.0,0.0,0.0
2024-07-09 10:30:00-04:00,261.6343078613281,262.0849914550781,260.9106140136719,260.9106140136719,28649,0.0,0.0,0.0
2024-07-09 11:30:00-04:00,261.3699951171875,262.44000244140625,261.3299865722656,262.2898864746094,21168,0.0,0.0,0.0
2024-07-09 12:30:00-04:00,262.260009765625,263.1299133300781,262.1099853515625,262.3398132324219,43332,0.0,0.0,0.0
2024-07-09 13:30:00-04:00,262.239990234375,262.6000061035156,261.7349853515625,261.739990234375,29793,0.0,0.0,0.0
2024-07-09 14:30:00-04:00,261.73199462890625,261.947998046875,261.54998779296875,261.5799865722656,50855,0.0,0.0,0.0
2024-07-09 15:30:00-04:00,261.4800109863281,261.8299865722656,261.3900146484375,261.57000732421875,70257,0.0,0.0,0.0
2024-07-10 09:30:00-04:00,262.7200012207031,263.1099853515625,261.739990234375,261.80999755859375,143376,0.0,0.0,0.0
2024-07-10 10:30:00-04:00,261.7200012207031,262.1600036621094,261.4599914550781,262.0899963378906,26045,0.0,0.0,0.0
2024-07-10 11:30:00-04:00,262.20001220703125,262.9599914550781,261.8999938964844,262.8699951171875,19135,0.0,0.0,0.0
2024-07-10 12:30:00-04:00,262.5963134765625,262.9800109863281,262.489990234375,262.69989013671875,29143,0.0,0.0,0.0
2024-07-10 13:30:00-04:00,262.7054138183594,263.0199890136719,262.552001953125,262.6300048828125,15130,0.0,0.0,0.0
2024-07-10 14:30:00-04:00,262.6000061035156,262.95001220703125,262.6000061035156,262.92498779296875,18240,0.0,0.0,0.0
2024-07-10 15:30:00-04:00,262.9700012207031,263.9599914550781,262.92999267578125,263.80999755859375,74288,0.0,0.0,0.0
2024-07-11 09:30:00-04:00,268.9700012207031,271.510009765625,268.3550109863281,271.47601318359375,138250,0.0,0.0,0.0
2024-07-11 10:30:00-04:00,271.4100036621094,272.8500061035156,271.3900146484375,271.760009765625,138605,0.0,0.0,0.0
2024-07-11 11:30:00-04:00,271.7449951171875,272.1950988769531,270.32000732421875,271.0350036621094,77524,0.0,0.0,0.0
2024-07-11 12:30:00-04:00,271.3900146484375,272.6000061035156,270.92999267578125,272.5,56499,0.0,0.0,0.0
2024-07-11 13:30:00-04:00,272.489990234375,272.489990234375,271.7200012207031,271.80999755859375,41053,0.0,0.0,0.0
2024-07-11 14:30:00-04:00,271.760009765625,272.1400146484375,271.239990234375,271.7799987792969,87969,0.0,0.0,0.0
2024-07-11 15:30:00-04:00,271.7699890136719,272.739990234375,271.7699890136719,272.25,214921,0.0,0.0,0.0
2024-07-12 09:30:00-04:00,274.9800109863281,277.8599853515625,274.6199951171875,277.7200012207031,296542,0.0,0.0,0.0
2024-07-12 10:30:00-04:00,277.69000244140625,277.9100036621094,276.17999267578125,276.7149963378906,108797,0.0,0.0,0.0
2024-07-12 11:30:00-04:00,276.67999267578125,276.69000244140625,275.25,275.5400085449219,58444,0.0,0.0,0.0
2024-07-12 12:30:00-04:00,275.58990478515625,276.38800048828125,275.2900085449219,276.3800048828125,57253,0.0,0.0,0.0
2024-07-12 13:30:00-04:00,276.2699890136719,276.5694885253906,275.8599853515625,276.2799987792969,80304,0.0,0.0,0.0
2024-07-12 14:30:00-04:00,276.19000244140625,276.57000732421875,276.04998779296875,276.3699951171875,81523,0.0,0.0,0.0
2024-07-12 15:30:00-04:00,276.3500061035156,276.42999267578125,275.6300048828125,275.7699890136719,138055,0.0,0.0,0.0
2024-07-15 09:30:00-04:00,278.0199890136719,280.3699951171875,277.2300109863281,280.17999267578125,154156,0.0,0.0,0.0
2024-07-15 10:30:00-04:00,280.1600036621094,281.7593994140625,279.75,281.05499267578125,121787,0.0,0.0,0.0
2024-07-15 11:30:00-04:00,281.05999755859375,281.95001220703125,280.3699951171875,280.5400085449219,62058,0.0,0.0,0.0
2024-07-15 12:30:00-04:00,280.42999267578125,280.9599914550781,279.57000732421875,280.44000244140625,42169,0.0,0.0,0.0
2024-07-15 13:30:00-04:00,280.510009765625,281.3699951171875,279.82000732421875,281.1789855957031,72941,0.0,0.0,0.0
2024-07-15 14:30:00-04:00,281.1400146484375,282.4599914550781,281.0799865722656,282.1300048828125,137792,0.0,0.0,0.0
2024-07-15 15:30:00-04:00,282.1400146484375,282.1400146484375,280.3399963378906,281.05999755859375,224881,0.0,0.0,0.0
2024-07-16 09:30:00-04:00,283.45001220703125,286.98870849609375,283.45001220703125,285.260009765625,184315,0.0,0.0,0.0
2024-07-16 10:30:00-04:00,285.1099853515625,287.69000244140625,284.92999267578125,287.42999267578125,102962,0.0,0.0,0.0
2024-07-16 11:30:00-04:00,287.3500061035156,287.497802734375,286.5199890136719,287.3399963378906,63460,0.0,0.0,0.0
2024-07-16 12:30:00-04:00,287.1400146484375,287.79998779296875,287.0,287.5,52415,0.0,0.0,0.0
2024-07-16 13:30:00-04:00,287.42999267578125,288.5899963378906,287.3999938964844,288.5899963378906,76077,0.0,0.0,0.0
2024-07-16 14:30:00-04:00,288.5899963378906,289.9599914550781,288.5899963378906,289.9200134277344,68243,0.0,0.0,0.0
2024-07-16 15:30:00-04:00,289.95599365234375,290.260009765625,289.3900146484375,289.8599853515625,164716,0.0,0.0,0.0
2024-07-17 09:30:00-04:00,286.70001220703125,291.6099853515625,286.70001220703125,286.96820068359375,143894,0.0,0.0,0.0
2024-07-17 10:30:00-04:00,286.94000244140625,287.4800109863281,286.0799865722656,286.4599914550781,47263,0.0,0.0,0.0
2024-07-17 11:30:00-04:00,286.42999267578125,286.54998779296875,284.7099914550781,284.7099914550781,41728,0.0,0.0,0.0
2024-07-17 12:30:00-04:00,284.8900146484375,285.1199951171875,284.17999267578125,284.8900146484375,71924,0.0,0.0,0.0
2024-07-17 13:30:00-04:00,284.9700012207031,285.7699890136719,284.5,285.6400146484375,22513,0.0,0.0,0.0
2024-07-17 14:30:00-04:00,285.5400085449219,285.7099914550781,284.7900085449219,285.6099853515625,52545,0.0,0.0,0.0
2024-07-17 15:30:00-04:00,285.5799865722656,285.8999938964844,284.260009765625,284.44000244140625,79790,0.0,0.0,0.0
2024-07-18 09:30:00-04:00,283.8500061035156,287.6099853515625,283.3702087402344,286.6099853515625,89686,0.0,0.0,0.0
2024-07-18 10:30:00-04:00,286.20001220703125,286.3450012207031,282.0799865722656,282.20001220703125,92945,0.0,0.0,0.0
2024-07-18 11:30:00-04:00,282.2300109863281,282.4700012207031,280.180908203125,280.2699890136719,52390,0.0,0.0,0.0
2024-07-18 12:30:00-04:00,280.0899963378906,282.3500061035156,280.0899963378906,281.260009765625,48895,0.0,0.0,0.0
2024-07-18 13:30:00-04:00,281.32000732421875,281.489990234375,278.8800048828125,278.885009765625,57470,0.0,0.0,0.0
2024-07-18 14:30:00-04:00,278.7200012207031,278.8699951171875,277.2799987792969,277.6300048828125,89372,0.0,0.0,0.0
2024-07-18 15:30:00-04:00,277.6099853515625,279.6400146484375,277.510009765625,278.489990234375,49651,0.0,0.0,0.0
2024-07-19 09:30:00-04:00,279.05999755859375,279.32000732421875,276.9800109863281,278.010009765625,71237,0.0,0.0,0.0
2024-07-19 10:30:00-04:00,278.2650146484375,278.7699890136719,276.0199890136719,276.1300048828125,78871,0.0,0.0,0.0
2024-07-19 11:30:00-04:00,276.2099914550781,278.44000244140625,276.05999755859375,277.489990234375,44562,0.0,0.0,0.0
2024-07-19 12:30:00-04:00,277.3999938964844,277.92999267578125,276.75,277.0,44934,0.0,0.0,0.0
2024-07-19 13:30:00-04:00,276.8999938964844,277.6099853515625,276.5899963378906,276.7699890136719,64231,0.0,0.0,0.0
2024-07-19 14:30:00-04:00,276.55999755859375,277.989990234375,276.1499938964844,277.57000732421875,277263,0.0,0.0,0.0
2024-07-19 15:30:00-04:00,277.57000732421875,277.6199951171875,276.6000061035156,277.0899963378906,53301,0.0,0.0,0.0
2024-07-22 09:30:00-04:00,278.5,280.239990234375,276.07000732421875,277.2799987792969,134645,0.0,0.0,0.0
2024-07-22 10:30:00-04:00,277.25,279.29998779296875,277.07000732421875,278.1199951171875,89455,0.0,0.0,0.0
2024-07-22 11:30:00-04:00,277.9200134277344,278.69000244140625,277.6300048828125,277.989990234375,40888,0.0,0.0,0.0
2024-07-22 12:30:00-04:00,278.07501220703125,279.7349853515625,277.8800048828125,279.7349853515625,42445,0.0,0.0,0.0
2024-07-22 13:30:00-04:00,279.6700134277344,280.2300109863281,279.6300048828125,280.1288146972656,50273,0.0,0.0,0.0
2024-07-22 14:30:00-04:00,280.1199951171875,281.9700012207031,280.1199951171875,281.6199951171875,64558,0.0,0.0,0.0
2024-07-22 15:30:00-04:00,281.6099853515625,282.2650146484375,281.5199890136719,281.69000244140625,54955,0.0,0.0,0.0
2024-07-23 09:30:00-04:00,280.8299865722656,284.9800109863281,280.57000732421875,284.8299865722656,79039,0.0,0.0,0.0
2024-07-23 10:30:00-04:00,284.8500061035156,285.510009765625,283.3599853515625,284.5799865722656,69913,0.0,0.0,0.0
2024-07-23 11:30:00-04:00,284.57501220703125,285.0837097167969,283.7699890136719,283.95489501953125,32875,0.0,0.0,0.0
2024-07-23 12:30:00-04:00,283.84600830078125,284.4800109863281,283.7550048828125,284.2300109863281,29555,0.0,0.0,0.0
2024-07-23 13:30:00-04:00,284.0299987792969,285.3949890136719,283.875,285.19000244140625,31425,0.0,0.0,0.0
2024-07-23 14:30:00-04:00,285.25,286.1199951171875,285.2101135253906,285.8800048828125,48643,0.0,0.0,0.0
2024-07-23 15:30:00-04:00,285.7300109863281,285.7300109863281,284.4599914550781,284.6700134277344,45943,0.0,0.0,0.0
2024-07-24 09:30:00-04:00,282.5400085449219,285.69000244140625,281.17999267578125,283.4800109863281,65218,0.0,0.0,0.0
2024-07-24 10:30:00-04:00,283.32000732421875,284.1499938964844,281.8900146484375,282.7300109863281,35171,0.0,0.0,0.0
2024-07-24 11:30:00-04:00,282.94000244140625,283.7799987792969,282.5350036621094,282.94000244140625,28733,0.0,0.0,0.0
2024-07-24 12:30:00-04:00,283.010009765625,283.0799865722656,281.5801086425781,282.3599853515625,16831,0.0,0.0,0.0
2024-07-24 13:30:00-04:00,282.0199890136719,282.6700134277344,281.0,281.0,19589,0.0,0.0,0.0
2024-07-24 14:30:00-04:00,280.9800109863281,281.0199890136719,278.6400146484375,278.92999267578125,70669,0.0,0.0,0.0
2024-07-24 15:30:00-04:00,278.8800048828125,280.0,277.6700134277344,277.8800048828125,284312,0.0,0.0,0.0
2024-07-25 09:30:00-04:00,278.510009765625,281.30999755859375,277.7488098144531,281.04998779296875,127307,0.0,0.0,0.0
2024-07-25 10:30:00-04:00,280.95001220703125,283.2699890136719,279.3399963378906,282.010009765625,49206,0.0,0.0,0.0
2024-07-25 11:30:00-04:00,282.1050109863281,284.1673889160156,281.8800048828125,284.0350036621094,56022,0.0,0.0,0.0
2024-07-25 12:30:00-04:00,284.0400085449219,285.0299987792969,283.45001220703125,283.55999755859375,47755,0.0,0.0,0.0
2024-07-25 13:30:00-04:00,283.5350036621094,283.93499755859375,282.2900085449219,282.2900085449219,37869,0.0,0.0,0.0
2024-07-25 14:30:00-04:00,282.489990234375,282.7099914550781,280.5299987792969,282.3699951171875,90160,0.0,0.0,0.0
2024-07-25 15:30:00-04:00,282.3699951171875,282.489990234375,280.1925048828125,280.29998779296875,111258,0.0,0.0,0.0
2024-07-26 09:30:00-04:00,284.7900085449219,287.114990234375,284.1401062011719,284.4700012207031,140987,0.0,0.0,0.0
2024-07-26 10:30:00-04:00,284.0,284.260009765625,282.260009765625,282.9200134277344,64813,0.0,0.0,0.0
2024-07-26 11:30:00-04:00,282.94000244140625,285.1300048828125,282.9100036621094,284.6000061035156,68661,0.0,0.0,0.0
2024-07-26 12:30:00-04:00,284.44000244140625,285.05999755859375,284.1499938964844,285.05999755859375,21423,0.0,0.0,0.0
2024-07-26 13:30:00-04:00,284.80999755859375,285.0,283.44000244140625,284.57000732421875,29808,0.0,0.0,0.0
2024-07-26 14:30:00-04:00,284.6499938964844,285.2200012207031,283.7250061035156,285.04058837890625,39635,0.0,0.0,0.0
2024-07-26 15:30:00-04:00,285.0,285.510009765625,284.3399963378906,285.1199951171875,34713,0.0,0.0,0.0
