Datetime,Open,High,Low,Close,Volume,Dividends,Stock Splits
2022-07-28 09:30:00-04:00,131.64999389648438,131.64999389648438,128.9499969482422,128.9499969482422,0,0.0,0.0
2022-07-28 10:30:00-04:00,129.4949951171875,129.4949951171875,127.5999984741211,127.9800033569336,19551,0.0,0.0
2022-07-28 11:30:00-04:00,127.56999969482422,127.56999969482422,125.29000091552734,125.37999725341797,14071,0.0,0.0
2022-07-28 12:30:00-04:00,125.4000015258789,125.41000366210938,124.16999816894531,124.33999633789062,12546,0.0,0.0
2022-07-28 13:30:00-04:00,124.19000244140625,124.45999908447266,123.7699966430664,123.7699966430664,14940,0.0,0.0
2022-07-28 14:30:00-04:00,123.58999633789062,123.76000213623047,122.4800033569336,123.1500015258789,25999,0.0,0.0
2022-07-28 15:30:00-04:00,122.83999633789062,123.69999694824219,122.55999755859375,123.29000091552734,39543,0.0,0.0
2022-07-29 09:30:00-04:00,124.4000015258789,126.91500091552734,122.7750015258789,126.41000366210938,14172,0.0,0.0
2022-07-29 10:30:00-04:00,126.43000030517578,127.25,126.12000274658203,127.25,11135,0.0,0.0
2022-07-29 11:30:00-04:00,127.19999694824219,127.76000213623047,126.94000244140625,127.16999816894531,12831,0.0,0.0
2022-07-29 12:30:00-04:00,127.19000244140625,128.47999572753906,127.19000244140625,128.4600067138672,18013,0.0,0.0
2022-07-29 13:30:00-04:00,128.69000244140625,129.17999267578125,128.34500122070312,129.1300048828125,14312,0.0,0.0
2022-07-29 14:30:00-04:00,128.83999633789062,129.25999450683594,128.3800048828125,128.97000122070312,15426,0.0,0.0
2022-07-29 15:30:00-04:00,129.05999755859375,129.1199951171875,127.80999755859375,128.4600067138672,41132,0.0,0.0
2022-08-01 09:30:00-04:00,128.64999389648438,128.64999389648438,127.11000061035156,127.5199966430664,7618,0.0,0.0
2022-08-01 10:30:00-04:00,127.94999694824219,129.19000244140625,127.51000213623047,128.4600067138672,7931,0.0,0.0
2022-08-01 11:30:00-04:00,128.5800018310547,129.22000122070312,128.5,129.1999969482422,12330,0.0,0.0
2022-08-01 12:30:00-04:00,129.16000366210938,129.4499969482422,128.91000366210938,128.91000366210938,6301,0.0,0.0
2022-08-01 13:30:00-04:00,128.8300018310547,129.1999969482422,128.76119995117188,129.0500030517578,8710,0.0,0.0
2022-08-01 14:30:00-04:00,128.97999572753906,129.61000061035156,128.97000122070312,129.0800018310547,8923,0.0,0.0
2022-08-01 15:30:00-04:00,129.07000732421875,129.0800018310547,128.3509979248047,128.47999572753906,21761,0.0,0.0
2022-08-02 09:30:00-04:00,127.3499984741211,129.10000610351562,125.6500015258789,126.44999694824219,5860,0.0,0.0
2022-08-02 10:30:00-04:00,126.75,126.95999908447266,126.13500213623047,126.4000015258789,6136,0.0,0.0
2022-08-02 11:30:00-04:00,126.61000061035156,126.643798828125,125.86000061035156,126.02999877929688,8498,0.0,0.0
2022-08-02 12:30:00-04:00,125.98999786376953,126.18499755859375,125.27999877929688,125.27999877929688,8327,0.0,0.0
2022-08-02 13:30:00-04:00,125.08000183105469,125.5199966430664,125.01000213623047,125.3499984741211,8564,0.0,0.0
2022-08-02 14:30:00-04:00,125.2300033569336,125.54499816894531,124.87000274658203,125.4000015258789,30884,0.0,0.0
2022-08-02 15:30:00-04:00,125.37999725341797,125.7300033569336,125.13999938964844,125.44000244140625,25245,0.0,0.0
2022-08-03 09:30:00-04:00,125.80000305175781,126.8499984741211,125.80000305175781,126.8499984741211,0,0.0,0.0
2022-08-03 10:30:00-04:00,127.54000091552734,127.54000091552734,127.52999877929688,127.52999877929688,1816,0.0,0.0
2022-08-03 11:30:00-04:00,127.4749984741211,127.48999786376953,127.16999816894531,127.44000244140625,3386,0.0,0.0
2022-08-03 12:30:00-04:00,127.68000030517578,128.30999755859375,127.68000030517578,128.05999755859375,2951,0.0,0.0
2022-08-03 13:30:00-04:00,128.07000732421875,128.07000732421875,127.75,128.00999450683594,5310,0.0,0.0
2022-08-03 14:30:00-04:00,128.11500549316406,128.11500549316406,127.31999969482422,127.31999969482422,6403,0.0,0.0
2022-08-03 15:30:00-04:00,127.41999816894531,127.41999816894531,126.79000091552734,126.83999633789062,22281,0.0,0.0
2022-08-04 09:30:00-04:00,127.16999816894531,127.30999755859375,127.05500030517578,127.1500015258789,4006,0.0,0.0
2022-08-04 10:30:00-04:00,127.19499969482422,127.3499984741211,126.33999633789062,126.33999633789062,3272,0.0,0.0
2022-08-04 11:30:00-04:00,126.19000244140625,126.62000274658203,126.16000366210938,126.5999984741211,6766,0.0,0.0
2022-08-04 12:30:00-04:00,126.2300033569336,126.51000213623047,126.13839721679688,126.41999816894531,3285,0.0,0.0
2022-08-04 13:30:00-04:00,126.7699966430664,126.7699966430664,126.54000091552734,126.73999786376953,2953,0.0,0.0
2022-08-04 14:30:00-04:00,126.76000213623047,126.87000274658203,126.55999755859375,126.7947998046875,9327,0.0,0.0
2022-08-04 15:30:00-04:00,126.8550033569336,126.93000030517578,126.47000122070312,126.48999786376953,18062,0.0,0.0
2022-08-05 09:30:00-04:00,125.11000061035156,126.83999633789062,125.11000061035156,126.4000015258789,0,0.0,0.0
2022-08-05 10:30:00-04:00,126.2300033569336,126.2300033569336,125.75,125.94000244140625,4041,0.0,0.0
2022-08-05 11:30:00-04:00,125.97000122070312,126.45999908447266,125.95999908447266,126.27999877929688,4897,0.0,0.0
2022-08-05 12:30:00-04:00,126.5199966430664,126.54000091552734,126.5199966430664,126.54000091552734,1407,0.0,0.0
2022-08-05 13:30:00-04:00,126.8499984741211,126.8550033569336,126.30999755859375,126.33000183105469,3298,0.0,0.0
2022-08-05 14:30:00-04:00,126.36000061035156,126.5,125.80999755859375,126.05999755859375,9193,0.0,0.0
2022-08-05 15:30:00-04:00,126.1050033569336,126.5999984741211,126.1050033569336,126.41000366210938,15027,0.0,0.0
2022-08-08 09:30:00-04:00,127.58000183105469,128.3350067138672,126.83000183105469,128.32000732421875,5418,0.0,0.0
2022-08-08 10:30:00-04:00,128.33999633789062,128.52000427246094,127.79000091552734,128.07000732421875,5249,0.0,0.0
2022-08-08 11:30:00-04:00,127.77999877929688,128.17999267578125,127.5199966430664,127.5199966430664,4781,0.0,0.0
2022-08-08 12:30:00-04:00,127.5199966430664,128.61000061035156,127.3499984741211,128.1649932861328,6988,0.0,0.0
2022-08-08 13:30:00-04:00,128.32000732421875,128.4199981689453,127.33999633789062,127.8499984741211,5347,0.0,0.0
2022-08-08 14:30:00-04:00,127.88999938964844,128.1199951171875,127.7300033569336,127.7300033569336,8435,0.0,0.0
2022-08-08 15:30:00-04:00,127.9000015258789,128.17999267578125,127.55999755859375,127.63999938964844,17208,0.0,0.0
2022-08-09 09:30:00-04:00,128.27000427246094,128.27000427246094,126.7300033569336,127.375,9373,0.0,0.0
2022-08-09 10:30:00-04:00,127.36000061035156,127.41999816894531,125.91000366210938,126.0199966430664,30978,0.0,0.0
2022-08-09 11:30:00-04:00,126.29000091552734,126.33000183105469,125.66999816894531,125.69999694824219,7861,0.0,0.0
2022-08-09 12:30:00-04:00,125.87999725341797,126.11000061035156,125.63999938964844,125.75499725341797,4543,0.0,0.0
2022-08-09 13:30:00-04:00,125.75,126.0,125.61000061035156,125.61000061035156,6358,0.0,0.0
2022-08-09 14:30:00-04:00,125.58999633789062,126.12999725341797,125.58999633789062,125.9800033569336,7838,0.0,0.0
2022-08-09 15:30:00-04:00,125.91000366210938,126.0,125.30999755859375,125.95999908447266,21936,0.0,0.0
2022-08-10 09:30:00-04:00,127.16999816894531,128.48500061035156,125.31999969482422,128.1199951171875,14563,0.0,0.0
2022-08-10 10:30:00-04:00,128.3249969482422,128.61000061035156,127.0999984741211,127.0999984741211,11803,0.0,0.0
2022-08-10 11:30:00-04:00,127.12999725341797,127.75499725341797,126.55000305175781,126.76499938964844,12380,0.0,0.0
2022-08-10 12:30:00-04:00,126.44999694824219,126.91000366210938,126.2300033569336,126.4000015258789,13205,0.0,0.0
2022-08-10 13:30:00-04:00,126.48999786376953,126.85250091552734,126.27999877929688,126.62999725341797,10464,0.0,0.0
2022-08-10 14:30:00-04:00,126.63999938964844,126.69499969482422,126.08000183105469,126.2699966430664,13197,0.0,0.0
2022-08-10 15:30:00-04:00,126.26499938964844,127.0199966430664,126.25499725341797,127.0,22323,0.0,0.0
2022-08-11 09:30:00-04:00,127.37000274658203,129.52000427246094,127.37000274658203,128.95790100097656,4178,0.0,0.0
2022-08-11 10:30:00-04:00,129.60000610351562,130.0500030517578,129.14999389648438,129.4600067138672,4886,0.0,0.0
2022-08-11 11:30:00-04:00,129.22000122070312,129.39500427246094,128.875,128.91000366210938,4337,0.0,0.0
2022-08-11 12:30:00-04:00,129.00999450683594,129.22000122070312,128.6999969482422,128.89999389648438,4391,0.0,0.0
2022-08-11 13:30:00-04:00,128.99000549316406,128.99000549316406,128.56869506835938,128.61000061035156,4591,0.0,0.0
2022-08-11 14:30:00-04:00,128.66000366210938,128.6999969482422,128.30999755859375,128.6999969482422,9049,0.0,0.0
2022-08-11 15:30:00-04:00,128.74000549316406,129.07000732421875,128.67250061035156,128.8699951171875,20439,0.0,0.0
2022-08-12 09:30:00-04:00,129.88999938964844,130.21499633789062,128.9600067138672,129.55999755859375,0,0.0,0.0
2022-08-12 10:30:00-04:00,129.1999969482422,129.22999572753906,128.38999938964844,128.44000244140625,8055,0.0,0.0
2022-08-12 11:30:00-04:00,128.44000244140625,129.72000122070312,128.44000244140625,129.72000122070312,8828,0.0,0.0
2022-08-12 12:30:00-04:00,129.9199981689453,129.9199981689453,129.8800048828125,129.8800048828125,1355,0.0,0.0
2022-08-12 13:30:00-04:00,129.85499572753906,130.72000122070312,129.85499572753906,130.72000122070312,9424,0.0,0.0
2022-08-12 14:30:00-04:00,130.64999389648438,131.35000610351562,130.64999389648438,131.14999389648438,12780,0.0,0.0
2022-08-12 15:30:00-04:00,131.1199951171875,131.55999755859375,131.09500122070312,131.52000427246094,24634,0.0,0.0
2022-08-15 09:30:00-04:00,130.22000122070312,130.92999267578125,130.22000122070312,130.8800048828125,0,0.0,0.0
2022-08-15 10:30:00-04:00,130.3000030517578,130.47999572753906,130.0800018310547,130.37820434570312,3215,0.0,0.0
2022-08-15 11:30:00-04:00,130.3762969970703,131.8699951171875,130.3762969970703,131.80999755859375,3760,0.0,0.0
2022-08-15 12:30:00-04:00,131.73500061035156,132.0,131.67999267578125,132.0,4442,0.0,0.0
2022-08-15 13:30:00-04:00,131.89999389648438,132.00999450683594,131.62750244140625,131.97000122070312,7576,0.0,0.0
2022-08-15 14:30:00-04:00,131.8800048828125,132.38999938964844,131.8800048828125,132.1199951171875,10609,0.0,0.0
2022-08-15 15:30:00-04:00,132.0800018310547,132.19500732421875,131.84500122070312,131.9600067138672,18480,0.0,0.0
2022-08-16 09:30:00-04:00,131.5399932861328,131.8699951171875,130.85000610351562,131.49000549316406,0,0.0,0.0
2022-08-16 10:30:00-04:00,131.6999969482422,132.22000122070312,131.6999969482422,132.07000732421875,4784,0.0,0.0
2022-08-16 11:30:00-04:00,131.86500549316406,131.9600067138672,131.4600067138672,131.9600067138672,16333,0.0,0.0
2022-08-16 12:30:00-04:00,131.5800018310547,131.85000610351562,131.25999450683594,131.27000427246094,4514,0.0,0.0
2022-08-16 13:30:00-04:00,131.3000030517578,132.5800018310547,131.1300048828125,132.5800018310547,10665,0.0,0.0
2022-08-16 14:30:00-04:00,132.0800018310547,132.58999633789062,131.99000549316406,132.28269958496094,9820,0.0,0.0
2022-08-16 15:30:00-04:00,132.4600067138672,132.88999938964844,132.30999755859375,132.61000061035156,26455,0.0,0.0
2022-08-17 09:30:00-04:00,132.38999938964844,132.38999938964844,131.2895050048828,132.2100067138672,5316,0.0,0.0
2022-08-17 10:30:00-04:00,132.00999450683594,132.00999450683594,131.13999938964844,131.5399932861328,4758,0.0,0.0
2022-08-17 11:30:00-04:00,131.52999877929688,131.9550018310547,131.2550048828125,131.89999389648438,5237,0.0,0.0
2022-08-17 12:30:00-04:00,132.16000366210938,132.16000366210938,131.6199951171875,131.6199951171875,3351,0.0,0.0
2022-08-17 13:30:00-04:00,131.8000030517578,132.4550018310547,131.75,132.27000427246094,4411,0.0,0.0
2022-08-17 14:30:00-04:00,132.3000030517578,132.3000030517578,131.63999938964844,131.73500061035156,6107,0.0,0.0
2022-08-17 15:30:00-04:00,131.72000122070312,132.25999450683594,131.6999969482422,131.6999969482422,14505,0.0,0.0
2022-08-18 09:30:00-04:00,131.35000610351562,131.36000061035156,130.64999389648438,131.1999969482422,0,0.0,0.0
2022-08-18 10:30:00-04:00,131.9199981689453,132.17999267578125,131.6750030517578,132.10000610351562,6915,0.0,0.0
2022-08-18 11:30:00-04:00,131.8300018310547,132.07000732421875,131.3699951171875,131.4499969482422,4300,0.0,0.0
2022-08-18 12:30:00-04:00,131.36000061035156,131.4250030517578,131.1199951171875,131.4250030517578,2649,0.0,0.0
2022-08-18 13:30:00-04:00,131.32000732421875,131.6199951171875,130.86000061035156,131.6199951171875,5456,0.0,0.0
2022-08-18 14:30:00-04:00,131.59500122070312,131.9600067138672,131.49000549316406,131.9600067138672,4119,0.0,0.0
2022-08-18 15:30:00-04:00,132.1300048828125,132.1300048828125,131.5800018310547,131.86000061035156,13680,0.0,0.0
2022-08-19 09:30:00-04:00,132.0500030517578,132.0500030517578,129.75999450683594,129.75999450683594,5287,0.0,0.0
2022-08-19 10:30:00-04:00,130.11000061035156,130.61000061035156,129.89999389648438,130.02499389648438,4638,0.0,0.0
2022-08-19 11:30:00-04:00,130.1999969482422,130.3800048828125,130.0,130.22000122070312,8386,0.0,0.0
2022-08-19 12:30:00-04:00,130.35000610351562,130.50999450683594,130.0399932861328,130.2100067138672,4925,0.0,0.0
2022-08-19 13:30:00-04:00,130.28500366210938,130.71499633789062,130.05999755859375,130.51499938964844,3776,0.0,0.0
2022-08-19 14:30:00-04:00,130.4149932861328,130.86590576171875,130.38999938964844,130.72000122070312,13038,0.0,0.0
2022-08-19 15:30:00-04:00,130.72000122070312,131.22999572753906,130.72000122070312,131.02999877929688,20193,0.0,0.0
2022-08-22 09:30:00-04:00,130.07000732421875,131.7100067138672,128.6699981689453,129.07000732421875,7881,0.0,0.0
2022-08-22 10:30:00-04:00,129.22999572753906,129.5800018310547,129.1199951171875,129.1199951171875,3207,0.0,0.0
2022-08-22 11:30:00-04:00,129.14999389648438,129.3000030517578,128.55499267578125,128.85000610351562,6240,0.0,0.0
2022-08-22 12:30:00-04:00,128.72000122070312,128.86000061035156,128.42999267578125,128.44000244140625,5099,0.0,0.0
2022-08-22 13:30:00-04:00,128.38499450683594,128.38499450683594,127.9625015258789,128.0399932861328,5563,0.0,0.0
2022-08-22 14:30:00-04:00,128.03500366210938,128.22000122070312,127.80999755859375,128.1199951171875,8010,0.0,0.0
2022-08-22 15:30:00-04:00,128.10499572753906,128.1999969482422,127.8550033569336,128.1300048828125,17241,0.0,0.0
2022-08-23 09:30:00-04:00,127.43000030517578,129.0,126.54000091552734,126.63500213623047,17906,0.0,0.0
2022-08-23 10:30:00-04:00,126.69499969482422,126.7750015258789,125.62000274658203,125.73500061035156,18454,0.0,0.0
2022-08-23 11:30:00-04:00,125.73500061035156,125.94999694824219,125.39749908447266,125.58000183105469,4715,0.0,0.0
2022-08-23 12:30:00-04:00,125.4000015258789,125.54000091552734,125.19000244140625,125.44000244140625,4992,0.0,0.0
2022-08-23 13:30:00-04:00,125.37999725341797,125.44000244140625,125.0,125.41999816894531,5660,0.0,0.0
2022-08-23 14:30:00-04:00,125.4000015258789,125.94000244140625,125.3499984741211,125.87999725341797,6355,0.0,0.0
2022-08-23 15:30:00-04:00,125.76499938964844,125.91000366210938,125.66000366210938,125.77999877929688,13310,0.0,0.0
2022-08-24 09:30:00-04:00,125.5,126.08999633789062,125.5,125.7300033569336,1748,0.0,0.0
2022-08-24 10:30:00-04:00,126.27999877929688,126.75,125.93000030517578,126.75,2833,0.0,0.0
2022-08-24 11:30:00-04:00,126.58000183105469,126.8499984741211,126.0,126.0,6000,0.0,0.0
2022-08-24 12:30:00-04:00,125.97000122070312,125.98999786376953,125.33000183105469,125.4000015258789,4253,0.0,0.0
2022-08-24 13:30:00-04:00,125.26000213623047,126.06999969482422,125.22000122070312,126.06999969482422,3537,0.0,0.0
2022-08-24 14:30:00-04:00,126.08000183105469,126.19000244140625,125.94000244140625,126.19000244140625,2597,0.0,0.0
2022-08-24 15:30:00-04:00,126.18319702148438,126.18319702148438,125.9800033569336,126.11000061035156,12349,0.0,0.0
2022-08-25 09:30:00-04:00,126.93000030517578,127.41000366210938,126.375,127.41000366210938,5053,0.0,0.0
2022-08-25 10:30:00-04:00,127.3499984741211,127.37000274658203,126.97000122070312,126.97000122070312,4349,0.0,0.0
2022-08-25 11:30:00-04:00,127.01000213623047,127.04000091552734,126.80000305175781,126.80000305175781,2264,0.0,0.0
2022-08-25 12:30:00-04:00,126.8949966430664,126.93000030517578,126.69499969482422,126.69999694824219,3316,0.0,0.0
2022-08-25 13:30:00-04:00,126.9000015258789,127.02999877929688,126.9000015258789,127.02999877929688,1034,0.0,0.0
2022-08-25 14:30:00-04:00,126.87000274658203,126.94000244140625,126.58370208740234,126.94000244140625,5168,0.0,0.0
2022-08-25 15:30:00-04:00,127.08999633789062,127.72000122070312,126.81159973144531,127.72000122070312,12532,0.0,0.0
2022-08-26 09:30:00-04:00,127.56999969482422,127.56999969482422,124.9749984741211,124.9749984741211,0,0.0,0.0
2022-08-26 10:30:00-04:00,125.3499984741211,125.36599731445312,124.5199966430664,124.5199966430664,5732,0.0,0.0
2022-08-26 11:30:00-04:00,124.37999725341797,124.44999694824219,124.0,124.25,2472,0.0,0.0
2022-08-26 12:30:00-04:00,124.01000213623047,124.12999725341797,123.93000030517578,124.07499694824219,4742,0.0,0.0
2022-08-26 13:30:00-04:00,123.94000244140625,123.94000244140625,122.87999725341797,122.94999694824219,4276,0.0,0.0
2022-08-26 14:30:00-04:00,122.70999908447266,122.70999908447266,122.23999786376953,122.2699966430664,5815,0.0,0.0
2022-08-26 15:30:00-04:00,122.23999786376953,122.23999786376953,121.7699966430664,121.79000091552734,15045,0.0,0.0
2022-08-29 09:30:00-04:00,120.62999725341797,120.66999816894531,120.0,120.4000015258789,5089,0.0,0.0
2022-08-29 10:30:00-04:00,119.55000305175781,120.05999755859375,119.27999877929688,120.0,5898,0.0,0.0
2022-08-29 11:30:00-04:00,120.13999938964844,120.7300033569336,120.0999984741211,120.7300033569336,5468,0.0,0.0
2022-08-29 12:30:00-04:00,120.7699966430664,121.05999755859375,120.66000366210938,120.77999877929688,3033,0.0,0.0
2022-08-29 13:30:00-04:00,121.05000305175781,121.22000122070312,120.69000244140625,120.81999969482422,2959,0.0,0.0
2022-08-29 14:30:00-04:00,120.87999725341797,121.25,120.55000305175781,120.9800033569336,6410,0.0,0.0
2022-08-29 15:30:00-04:00,120.9000015258789,121.21499633789062,120.76000213623047,120.76000213623047,10701,0.0,0.0
2022-08-30 09:30:00-04:00,121.5999984741211,121.5999984741211,120.125,120.125,2780,0.0,0.0
2022-08-30 10:30:00-04:00,119.94999694824219,119.94999694824219,118.69999694824219,119.2699966430664,4904,0.0,0.0
2022-08-30 11:30:00-04:00,119.08000183105469,119.88999938964844,119.08000183105469,119.88999938964844,5838,0.0,0.0
2022-08-30 12:30:00-04:00,119.05999755859375,119.05999755859375,118.77999877929688,118.93000030517578,2185,0.0,0.0
2022-08-30 13:30:00-04:00,118.81999969482422,119.38999938964844,118.79000091552734,118.95999908447266,5083,0.0,0.0
2022-08-30 14:30:00-04:00,119.3499984741211,119.91999816894531,119.0999984741211,119.62999725341797,4635,0.0,0.0
2022-08-30 15:30:00-04:00,119.55999755859375,119.97000122070312,119.23999786376953,119.66999816894531,17437,0.0,0.0
2022-08-31 09:30:00-04:00,120.45999908447266,120.45999908447266,118.9000015258789,119.08499908447266,4755,0.0,0.0
2022-08-31 10:30:00-04:00,119.43499755859375,119.7300033569336,119.01000213623047,119.01000213623047,7333,0.0,0.0
2022-08-31 11:30:00-04:00,119.33000183105469,119.33000183105469,118.73999786376953,118.73999786376953,4406,0.0,0.0
2022-08-31 12:30:00-04:00,118.86499786376953,119.12999725341797,118.7300033569336,119.11000061035156,4283,0.0,0.0
2022-08-31 13:30:00-04:00,118.91000366210938,118.91000366210938,118.41999816894531,118.67250061035156,3981,0.0,0.0
2022-08-31 14:30:00-04:00,118.62000274658203,119.07499694824219,118.48750305175781,119.01499938964844,5486,0.0,0.0
2022-08-31 15:30:00-04:00,118.94999694824219,119.06999969482422,118.73999786376953,118.87999725341797,11513,0.0,0.0
2022-09-01 09:30:00-04:00,118.0,118.0,116.7699966430664,116.87000274658203,10231,0.0,0.0
2022-09-01 10:30:00-04:00,116.58000183105469,116.58000183105469,115.87999725341797,116.56999969482422,7625,0.0,0.0
2022-09-01 11:30:00-04:00,116.37999725341797,117.26000213623047,116.37999725341797,117.26000213623047,4983,0.0,0.0
2022-09-01 12:30:00-04:00,116.97000122070312,117.52999877929688,116.7300033569336,117.52999877929688,3537,0.0,0.0
2022-09-01 13:30:00-04:00,117.61000061035156,117.61000061035156,117.02999877929688,117.23999786376953,3976,0.0,0.0
2022-09-01 14:30:00-04:00,117.51000213623047,117.62000274658203,117.0999984741211,117.0999984741211,5632,0.0,0.0
2022-09-01 15:30:00-04:00,117.125,117.69999694824219,117.04000091552734,117.62999725341797,9317,0.0,0.0
2022-09-02 09:30:00-04:00,118.81999969482422,118.81999969482422,116.56999969482422,117.3499984741211,3226,0.0,0.0
2022-09-02 10:30:00-04:00,117.66999816894531,118.18000030517578,117.66999816894531,117.86000061035156,2894,0.0,0.0
2022-09-02 11:30:00-04:00,117.8499984741211,117.98999786376953,117.77999877929688,117.79000091552734,3959,0.0,0.0
2022-09-02 12:30:00-04:00,117.30999755859375,117.30999755859375,116.33000183105469,116.33000183105469,4107,0.0,0.0
2022-09-02 13:30:00-04:00,115.73999786376953,116.23999786376953,115.66500091552734,116.12999725341797,8425,0.0,0.0
2022-09-02 14:30:00-04:00,116.02999877929688,116.38999938964844,115.95999908447266,115.9800033569336,8172,0.0,0.0
2022-09-02 15:30:00-04:00,115.69999694824219,115.79000091552734,115.08000183105469,115.66000366210938,19471,0.0,0.0
2022-09-06 09:30:00-04:00,116.55000305175781,117.1500015258789,114.7300033569336,115.20500183105469,9302,0.0,0.0
2022-09-06 10:30:00-04:00,115.19999694824219,116.05000305175781,115.0,115.72000122070312,4800,0.0,0.0
2022-09-06 11:30:00-04:00,115.97000122070312,115.97000122070312,115.56999969482422,115.56999969482422,2651,0.0,0.0
2022-09-06 12:30:00-04:00,115.58999633789062,116.16500091552734,115.58000183105469,115.76000213623047,6932,0.0,0.0
2022-09-06 13:30:00-04:00,116.01499938964844,116.81999969482422,115.97000122070312,116.81999969482422,9964,0.0,0.0
2022-09-06 14:30:00-04:00,116.48999786376953,116.75,116.18000030517578,116.5250015258789,8535,0.0,0.0
2022-09-06 15:30:00-04:00,116.36000061035156,116.68000030517578,116.22000122070312,116.52999877929688,15737,0.0,0.0
2022-09-07 09:30:00-04:00,117.01000213623047,118.1500015258789,117.01000213623047,118.1500015258789,6174,0.0,0.0
2022-09-07 10:30:00-04:00,118.2300033569336,118.8499984741211,117.80999755859375,118.56999969482422,7991,0.0,0.0
2022-09-07 11:30:00-04:00,118.58999633789062,118.58999633789062,118.19039916992188,118.44000244140625,5750,0.0,0.0
2022-09-07 12:30:00-04:00,118.58000183105469,118.94000244140625,118.58000183105469,118.80999755859375,5719,0.0,0.0
2022-09-07 13:30:00-04:00,118.79000091552734,119.4000015258789,118.79000091552734,119.29000091552734,7152,0.0,0.0
2022-09-07 14:30:00-04:00,119.47000122070312,119.7699966430664,119.4375991821289,119.7249984741211,9360,0.0,0.0
2022-09-07 15:30:00-04:00,119.70999908447266,119.83999633789062,119.43000030517578,119.55999755859375,18006,0.0,0.0
2022-09-08 09:30:00-04:00,118.2300033569336,120.36000061035156,117.62999725341797,118.69000244140625,4854,0.0,0.0
2022-09-08 10:30:00-04:00,119.2300033569336,119.76000213623047,119.2300033569336,119.54000091552734,3873,0.0,0.0
2022-09-08 11:30:00-04:00,119.52999877929688,119.55999755859375,118.29000091552734,118.76000213623047,5583,0.0,0.0
2022-09-08 12:30:00-04:00,118.91999816894531,119.58999633789062,118.80000305175781,119.58999633789062,5366,0.0,0.0
2022-09-08 13:30:00-04:00,119.48999786376953,119.66000366210938,119.05999755859375,119.23999786376953,5024,0.0,0.0
2022-09-08 14:30:00-04:00,119.37000274658203,119.98999786376953,119.30000305175781,119.7699966430664,9609,0.0,0.0
2022-09-08 15:30:00-04:00,119.33999633789062,119.83000183105469,119.06999969482422,119.69000244140625,13161,0.0,0.0
2022-09-09 09:30:00-04:00,119.44999694824219,122.48999786376953,119.41000366210938,122.04000091552734,11989,0.0,0.0
2022-09-09 10:30:00-04:00,122.08999633789062,122.75499725341797,121.625,121.75,8401,0.0,0.0
2022-09-09 11:30:00-04:00,121.83999633789062,122.36000061035156,121.52999877929688,121.54000091552734,8480,0.0,0.0
2022-09-09 12:30:00-04:00,121.63999938964844,122.41000366210938,121.63999938964844,121.99500274658203,11016,0.0,0.0
2022-09-09 13:30:00-04:00,122.18000030517578,122.62000274658203,121.91999816894531,122.61000061035156,6369,0.0,0.0
2022-09-09 14:30:00-04:00,122.66999816894531,122.9000015258789,122.5199966430664,122.80000305175781,9970,0.0,0.0
2022-09-09 15:30:00-04:00,122.58499908447266,122.88249969482422,122.5199966430664,122.6500015258789,17192,0.0,0.0
2022-09-12 09:30:00-04:00,122.93000030517578,123.80999755859375,122.33999633789062,123.55000305175781,0,0.0,0.0
2022-09-12 10:30:00-04:00,123.94000244140625,123.94000244140625,122.71900177001953,122.98999786376953,3364,0.0,0.0
2022-09-12 11:30:00-04:00,123.4000015258789,123.4000015258789,122.43000030517578,123.08000183105469,3683,0.0,0.0
2022-09-12 12:30:00-04:00,122.96900177001953,123.12999725341797,122.91999816894531,122.93000030517578,2630,0.0,0.0
2022-09-12 13:30:00-04:00,123.06999969482422,123.2699966430664,122.92500305175781,122.93499755859375,3155,0.0,0.0
2022-09-12 14:30:00-04:00,123.11499786376953,123.4800033569336,122.86000061035156,123.4800033569336,4955,0.0,0.0
2022-09-12 15:30:00-04:00,123.44999694824219,123.55999755859375,123.00499725341797,123.51000213623047,11090,0.0,0.0
2022-09-13 09:30:00-04:00,122.44000244140625,123.76000213623047,122.44000244140625,123.19999694824219,12433,0.0,0.0
2022-09-13 10:30:00-04:00,123.08999633789062,123.18499755859375,121.58930206298828,122.05999755859375,9261,0.0,0.0
2022-09-13 11:30:00-04:00,122.05000305175781,122.55000305175781,121.66999816894531,122.41999816894531,7110,0.0,0.0
2022-09-13 12:30:00-04:00,122.19999694824219,122.37000274658203,121.63999938964844,122.37000274658203,5444,0.0,0.0
2022-09-13 13:30:00-04:00,122.47000122070312,122.47000122070312,121.91999816894531,122.16999816894531,4927,0.0,0.0
2022-09-13 14:30:00-04:00,122.12999725341797,122.12999725341797,120.88500213623047,120.97000122070312,7276,0.0,0.0
2022-09-13 15:30:00-04:00,120.95999908447266,121.33999633789062,120.40499877929688,121.01000213623047,17992,0.0,0.0
2022-09-14 09:30:00-04:00,120.41999816894531,121.54499816894531,119.33499908447266,119.33499908447266,0,0.0,0.0
2022-09-14 10:30:00-04:00,119.33999633789062,120.54499816894531,119.33999633789062,120.25,3924,0.0,0.0
2022-09-14 11:30:00-04:00,120.47000122070312,120.47000122070312,120.05000305175781,120.05000305175781,2293,0.0,0.0
2022-09-14 12:30:00-04:00,119.94999694824219,120.8499984741211,119.94999694824219,120.7699966430664,10579,0.0,0.0
2022-09-14 13:30:00-04:00,120.54000091552734,120.54000091552734,120.06999969482422,120.16500091552734,9182,0.0,0.0
2022-09-14 14:30:00-04:00,120.29000091552734,120.38999938964844,119.25,119.66000366210938,10500,0.0,0.0
2022-09-14 15:30:00-04:00,119.47000122070312,120.0999984741211,119.05000305175781,120.01000213623047,24796,0.0,0.0
2022-09-15 09:30:00-04:00,119.61000061035156,120.69499969482422,118.44000244140625,120.37000274658203,3422,0.0,0.0
2022-09-15 10:30:00-04:00,120.2300033569336,120.33999633789062,119.5199966430664,119.6050033569336,5882,0.0,0.0
2022-09-15 11:30:00-04:00,119.58999633789062,119.58999633789062,118.41999816894531,118.41999816894531,7574,0.0,0.0
2022-09-15 12:30:00-04:00,118.41000366210938,119.09500122070312,118.30999755859375,119.09500122070312,3199,0.0,0.0
2022-09-15 13:30:00-04:00,119.13999938964844,119.54000091552734,118.54000091552734,119.54000091552734,9784,0.0,0.0
2022-09-15 14:30:00-04:00,119.58000183105469,119.8949966430664,118.75,118.95999908447266,8527,0.0,0.0
2022-09-15 15:30:00-04:00,119.05999755859375,119.66000366210938,118.88999938964844,119.61499786376953,18991,0.0,0.0
2022-09-16 09:30:00-04:00,118.36000061035156,118.58499908447266,116.75499725341797,117.30999755859375,38950,0.0,0.0
2022-09-16 10:30:00-04:00,117.37999725341797,118.6500015258789,117.37999725341797,118.3499984741211,8614,0.0,0.0
2022-09-16 11:30:00-04:00,117.95359802246094,118.12000274658203,117.26000213623047,117.44999694824219,8619,0.0,0.0
2022-09-16 12:30:00-04:00,117.37999725341797,117.55000305175781,117.33000183105469,117.41000366210938,5088,0.0,0.0
2022-09-16 13:30:00-04:00,117.12999725341797,117.33999633789062,116.88999938964844,117.08999633789062,4941,0.0,0.0
2022-09-16 14:30:00-04:00,117.4000015258789,117.4000015258789,116.72000122070312,117.23999786376953,12060,0.0,0.0
2022-09-16 15:30:00-04:00,117.2300033569336,117.67500305175781,116.98999786376953,117.61000061035156,24506,0.0,0.0
2022-09-19 09:30:00-04:00,116.44999694824219,117.94000244140625,116.23999786376953,117.94000244140625,5028,0.0,0.0
2022-09-19 10:30:00-04:00,118.2300033569336,118.29000091552734,117.58000183105469,118.24500274658203,3926,0.0,0.0
2022-09-19 11:30:00-04:00,117.97000122070312,118.27999877929688,117.66000366210938,117.73999786376953,3936,0.0,0.0
2022-09-19 12:30:00-04:00,118.05000305175781,118.87999725341797,118.04000091552734,118.87999725341797,3829,0.0,0.0
2022-09-19 13:30:00-04:00,118.87999725341797,118.87999725341797,118.56500244140625,118.56500244140625,3405,0.0,0.0
2022-09-19 14:30:00-04:00,118.58999633789062,119.55000305175781,118.45500183105469,119.20999908447266,9210,0.0,0.0
2022-09-19 15:30:00-04:00,119.16000366210938,119.19000244140625,118.70999908447266,119.06999969482422,23595,0.0,0.0
2022-09-20 09:30:00-04:00,117.80999755859375,117.80999755859375,116.38999938964844,117.46499633789062,6554,0.0,0.0
2022-09-20 10:30:00-04:00,116.88999938964844,117.25,116.88999938964844,117.25,2214,0.0,0.0
2022-09-20 11:30:00-04:00,117.19000244140625,117.70500183105469,117.19000244140625,117.51000213623047,3385,0.0,0.0
2022-09-20 12:30:00-04:00,117.1500015258789,117.37999725341797,117.0,117.20999908447266,10736,0.0,0.0
2022-09-20 13:30:00-04:00,117.20500183105469,117.29000091552734,116.94999694824219,117.26000213623047,7539,0.0,0.0
2022-09-20 14:30:00-04:00,117.31500244140625,117.76000213623047,117.2249984741211,117.76000213623047,6158,0.0,0.0
2022-09-20 15:30:00-04:00,117.68000030517578,118.19999694824219,117.43000030517578,117.61000061035156,12889,0.0,0.0
2022-09-21 09:30:00-04:00,118.80000305175781,119.27999877929688,118.80000305175781,119.27999877929688,2770,0.0,0.0
2022-09-21 10:30:00-04:00,119.0999984741211,119.0999984741211,118.18000030517578,118.41000366210938,4092,0.0,0.0
2022-09-21 11:30:00-04:00,118.61000061035156,118.9000015258789,118.37000274658203,118.75,4231,0.0,0.0
2022-09-21 12:30:00-04:00,118.91999816894531,118.98999786376953,118.66000366210938,118.66000366210938,3717,0.0,0.0
2022-09-21 13:30:00-04:00,118.58999633789062,119.27999877929688,116.69000244140625,116.69000244140625,6347,0.0,0.0
2022-09-21 14:30:00-04:00,116.5999984741211,118.31500244140625,116.37000274658203,116.37999725341797,14586,0.0,0.0
2022-09-21 15:30:00-04:00,116.42500305175781,116.42500305175781,115.79000091552734,116.08000183105469,14809,0.0,0.0
2022-09-22 09:30:00-04:00,116.20999908447266,116.20999908447266,113.6500015258789,114.19999694824219,5823,0.0,0.0
2022-09-22 10:30:00-04:00,114.80000305175781,114.80000305175781,113.7699966430664,113.77999877929688,9858,0.0,0.0
2022-09-22 11:30:00-04:00,114.01270294189453,114.17500305175781,113.58999633789062,114.16999816894531,3853,0.0,0.0
2022-09-22 12:30:00-04:00,114.08499908447266,114.33000183105469,114.01000213623047,114.125,10620,0.0,0.0
2022-09-22 13:30:00-04:00,114.2300033569336,114.80999755859375,114.21749877929688,114.56999969482422,8129,0.0,0.0
2022-09-22 14:30:00-04:00,114.53500366210938,114.73999786376953,113.52999877929688,113.6500015258789,12474,0.0,0.0
2022-09-22 15:30:00-04:00,113.66500091552734,113.95500183105469,113.52999877929688,113.52999877929688,32147,0.0,0.0
2022-09-23 09:30:00-04:00,112.2699966430664,112.31999969482422,111.37999725341797,111.5,4625,0.0,0.0
2022-09-23 10:30:00-04:00,111.94999694824219,112.31999969482422,111.66999816894531,112.31999969482422,4134,0.0,0.0
2022-09-23 11:30:00-04:00,112.18620300292969,112.2249984741211,111.94000244140625,112.02999877929688,4528,0.0,0.0
2022-09-23 12:30:00-04:00,112.08000183105469,112.37000274658203,112.08000183105469,112.26000213623047,4177,0.0,0.0
2022-09-23 13:30:00-04:00,111.81999969482422,111.81999969482422,111.04000091552734,111.31999969482422,5301,0.0,0.0
2022-09-23 14:30:00-04:00,111.2300033569336,111.56999969482422,110.79000091552734,111.56500244140625,10704,0.0,0.0
2022-09-23 15:30:00-04:00,111.73500061035156,111.73500061035156,111.24500274658203,111.41999816894531,28973,0.0,0.0
2022-09-26 09:30:00-04:00,111.76000213623047,112.2699966430664,111.1500015258789,112.23500061035156,6919,0.0,0.0
2022-09-26 10:30:00-04:00,112.25,112.9800033569336,112.01000213623047,112.94999694824219,17308,0.0,0.0
2022-09-26 11:30:00-04:00,113.01000213623047,113.20999908447266,112.08000183105469,112.18000030517578,8244,0.0,0.0
2022-09-26 12:30:00-04:00,111.84500122070312,112.18000030517578,111.76000213623047,112.09500122070312,12103,0.0,0.0
2022-09-26 13:30:00-04:00,112.22000122070312,112.91000366210938,112.08000183105469,112.5999984741211,14456,0.0,0.0
2022-09-26 14:30:00-04:00,112.55999755859375,113.47000122070312,112.5,112.93000030517578,26546,0.0,0.0
2022-09-26 15:30:00-04:00,112.77999877929688,113.30000305175781,112.48999786376953,112.80999755859375,31771,0.0,0.0
2022-09-27 09:30:00-04:00,113.33999633789062,113.66999816894531,110.04000091552734,110.12000274658203,11608,0.0,0.0
2022-09-27 10:30:00-04:00,110.13999938964844,111.20999908447266,110.12000274658203,110.38999938964844,12455,0.0,0.0
2022-09-27 11:30:00-04:00,110.12000274658203,110.54499816894531,108.75,109.05999755859375,11875,0.0,0.0
2022-09-27 12:30:00-04:00,109.23999786376953,109.62000274658203,108.75,109.05000305175781,12269,0.0,0.0
2022-09-27 13:30:00-04:00,109.12000274658203,109.75,109.07499694824219,109.3499984741211,11267,0.0,0.0
2022-09-27 14:30:00-04:00,109.30000305175781,110.27999877929688,109.12000274658203,110.27999877929688,18896,0.0,0.0
2022-09-27 15:30:00-04:00,110.16500091552734,110.33999633789062,110.01000213623047,110.19999694824219,15162,0.0,0.0
2022-09-28 09:30:00-04:00,111.12000274658203,111.73999786376953,110.02999877929688,111.73999786376953,6273,0.0,0.0
2022-09-28 10:30:00-04:00,111.70999908447266,111.87999725341797,111.4000015258789,111.7699966430664,3830,0.0,0.0
2022-09-28 11:30:00-04:00,111.80000305175781,112.38999938964844,111.72000122070312,112.31999969482422,3698,0.0,0.0
2022-09-28 12:30:00-04:00,112.0999984741211,112.56999969482422,112.0999984741211,112.5,3725,0.0,0.0
2022-09-28 13:30:00-04:00,112.55999755859375,112.6500015258789,112.0199966430664,112.33000183105469,5169,0.0,0.0
2022-09-28 14:30:00-04:00,112.40249633789062,113.15499877929688,112.2699966430664,112.91999816894531,8462,0.0,0.0
2022-09-28 15:30:00-04:00,113.12000274658203,113.41999816894531,112.47000122070312,112.61000061035156,18586,0.0,0.0
2022-09-29 09:30:00-04:00,111.63999938964844,111.63999938964844,109.25,109.38999938964844,10583,0.0,0.0
2022-09-29 10:30:00-04:00,109.4800033569336,110.4000015258789,109.33999633789062,109.98999786376953,9112,0.0,0.0
2022-09-29 11:30:00-04:00,109.94000244140625,110.5,109.91999816894531,110.31999969482422,12421,0.0,0.0
2022-09-29 12:30:00-04:00,110.4800033569336,110.6500015258789,109.95999908447266,110.3499984741211,6045,0.0,0.0
2022-09-29 13:30:00-04:00,110.30000305175781,110.36000061035156,109.55000305175781,110.19000244140625,12124,0.0,0.0
2022-09-29 14:30:00-04:00,110.02999877929688,110.37999725341797,109.87000274658203,110.2699966430664,14609,0.0,0.0
2022-09-29 15:30:00-04:00,110.18000030517578,110.7300033569336,110.18000030517578,110.58999633789062,20140,0.0,0.0
2022-09-30 09:30:00-04:00,110.7300033569336,112.08999633789062,110.18000030517578,112.08000183105469,6201,0.0,0.0
2022-09-30 10:30:00-04:00,111.75,113.12999725341797,111.75,113.12999725341797,6788,0.0,0.0
2022-09-30 11:30:00-04:00,112.88999938964844,112.93499755859375,112.16999816894531,112.23999786376953,5067,0.0,0.0
2022-09-30 12:30:00-04:00,112.54000091552734,112.62000274658203,112.0,112.08000183105469,8065,0.0,0.0
2022-09-30 13:30:00-04:00,112.16000366210938,112.16000366210938,111.31999969482422,111.3499984741211,6555,0.0,0.0
2022-09-30 14:30:00-04:00,111.31999969482422,111.37000274658203,110.33999633789062,110.43000030517578,10597,0.0,0.0
2022-09-30 15:30:00-04:00,110.76000213623047,110.76000213623047,109.01000213623047,109.27999877929688,27089,0.0,0.0
2022-10-03 09:30:00-04:00,110.19000244140625,111.79000091552734,110.19000244140625,111.6500015258789,5102,0.0,0.0
2022-10-03 10:30:00-04:00,111.58000183105469,112.16000366210938,111.1500015258789,112.16000366210938,4371,0.0,0.0
2022-10-03 11:30:00-04:00,111.95999908447266,112.18000030517578,111.44000244140625,112.18000030517578,4203,0.0,0.0
2022-10-03 12:30:00-04:00,112.02999877929688,112.70999908447266,111.69000244140625,112.70999908447266,4076,0.0,0.0
2022-10-03 13:30:00-04:00,112.74500274658203,113.4000015258789,112.56999969482422,113.4000015258789,4092,0.0,0.0
2022-10-03 14:30:00-04:00,113.4749984741211,114.04000091552734,113.33000183105469,113.48999786376953,13426,0.0,0.0
2022-10-03 15:30:00-04:00,113.37000274658203,113.62000274658203,113.19999694824219,113.56999969482422,19785,0.0,0.0
2022-10-04 09:30:00-04:00,114.44999694824219,117.19000244140625,114.44999694824219,117.19000244140625,3704,0.0,0.0
2022-10-04 10:30:00-04:00,117.3550033569336,117.3550033569336,116.58499908447266,117.30999755859375,5200,0.0,0.0
2022-10-04 11:30:00-04:00,117.29000091552734,117.52999877929688,117.11499786376953,117.52999877929688,3703,0.0,0.0
2022-10-04 12:30:00-04:00,117.51000213623047,117.61000061035156,116.81999969482422,116.95999908447266,4107,0.0,0.0
2022-10-04 13:30:00-04:00,117.19000244140625,117.69000244140625,117.1500015258789,117.19000244140625,4762,0.0,0.0
2022-10-04 14:30:00-04:00,117.08999633789062,117.4800033569336,117.08999633789062,117.26000213623047,5989,0.0,0.0
2022-10-04 15:30:00-04:00,117.41999816894531,117.97000122070312,117.41999816894531,117.87000274658203,15057,0.0,0.0
2022-10-05 09:30:00-04:00,116.18000030517578,117.32499694824219,116.18000030517578,116.23999786376953,0,0.0,0.0
2022-10-05 10:30:00-04:00,116.25499725341797,116.95999908447266,116.0999984741211,116.41000366210938,5836,0.0,0.0
2022-10-05 11:30:00-04:00,116.56999969482422,117.54499816894531,116.56999969482422,117.54499816894531,4704,0.0,0.0
2022-10-05 12:30:00-04:00,117.43000030517578,118.0,117.33000183105469,117.72000122070312,3780,0.0,0.0
2022-10-05 13:30:00-04:00,117.625,118.13999938964844,117.5999984741211,117.83499908447266,8417,0.0,0.0
2022-10-05 14:30:00-04:00,117.81999969482422,118.52999877929688,117.76000213623047,118.41000366210938,7092,0.0,0.0
2022-10-05 15:30:00-04:00,118.19000244140625,118.19999694824219,117.37000274658203,117.61000061035156,18322,0.0,0.0
2022-10-06 09:30:00-04:00,117.72000122070312,118.0,116.86000061035156,117.5999984741211,4067,0.0,0.0
2022-10-06 10:30:00-04:00,117.20500183105469,117.9800033569336,117.20500183105469,117.55999755859375,6598,0.0,0.0
2022-10-06 11:30:00-04:00,117.4749984741211,117.4749984741211,116.78500366210938,116.91000366210938,6094,0.0,0.0
2022-10-06 12:30:00-04:00,117.33000183105469,117.54000091552734,116.94999694824219,117.3949966430664,4897,0.0,0.0
2022-10-06 13:30:00-04:00,117.4000015258789,117.4000015258789,116.54499816894531,116.54499816894531,3920,0.0,0.0
2022-10-06 14:30:00-04:00,116.7699966430664,116.92500305175781,116.33999633789062,116.81500244140625,8971,0.0,0.0
2022-10-06 15:30:00-04:00,116.97000122070312,116.97000122070312,116.37000274658203,116.62999725341797,14309,0.0,0.0
2022-10-07 09:30:00-04:00,116.62999725341797,116.70500183105469,114.41000366210938,114.95500183105469,8753,0.0,0.0
2022-10-07 10:30:00-04:00,114.91500091552734,115.16999816894531,114.19999694824219,114.51000213623047,8218,0.0,0.0
2022-10-07 11:30:00-04:00,114.33000183105469,114.7750015258789,114.2699966430664,114.2699966430664,12011,0.0,0.0
2022-10-07 12:30:00-04:00,114.12999725341797,114.57430267333984,114.12999725341797,114.47000122070312,7413,0.0,0.0
2022-10-07 13:30:00-04:00,114.47000122070312,114.91500091552734,114.47000122070312,114.7699966430664,9834,0.0,0.0
2022-10-07 14:30:00-04:00,114.67500305175781,115.66000366210938,114.63999938964844,114.78500366210938,12041,0.0,0.0
2022-10-07 15:30:00-04:00,114.75,115.9000015258789,114.67500305175781,115.37000274658203,37799,0.0,0.0
2022-10-10 09:30:00-04:00,115.13999938964844,116.25,114.2699966430664,115.19000244140625,9176,0.0,0.0
2022-10-10 10:30:00-04:00,115.47000122070312,115.62000274658203,114.51499938964844,114.5199966430664,7354,0.0,0.0
2022-10-10 11:30:00-04:00,114.54000091552734,115.1500015258789,113.93000030517578,113.93000030517578,6437,0.0,0.0
2022-10-10 12:30:00-04:00,113.77999877929688,114.27999877929688,113.5199966430664,114.26000213623047,4686,0.0,0.0
2022-10-10 13:30:00-04:00,114.16999816894531,115.21499633789062,114.16999816894531,114.72000122070312,8288,0.0,0.0
2022-10-10 14:30:00-04:00,114.91500091552734,115.25,114.62000274658203,114.66000366210938,11445,0.0,0.0
2022-10-10 15:30:00-04:00,114.7300033569336,115.7699966430664,114.49500274658203,114.80999755859375,37534,0.0,0.0
2022-10-11 09:30:00-04:00,114.61000061035156,114.98500061035156,113.75,114.62000274658203,0,0.0,0.0
2022-10-11 10:30:00-04:00,114.91999816894531,115.5199966430664,114.62999725341797,115.24420166015625,8044,0.0,0.0
2022-10-11 11:30:00-04:00,115.73999786376953,116.57499694824219,115.6500015258789,116.11000061035156,6524,0.0,0.0
2022-10-11 12:30:00-04:00,116.33999633789062,116.43000030517578,115.98999786376953,115.98999786376953,6655,0.0,0.0
2022-10-11 13:30:00-04:00,116.06999969482422,116.06999969482422,115.79000091552734,115.94999694824219,6270,0.0,0.0
2022-10-11 14:30:00-04:00,116.05999755859375,116.05999755859375,114.81999969482422,115.58999633789062,17289,0.0,0.0
2022-10-11 15:30:00-04:00,115.48999786376953,116.1500015258789,115.28500366210938,115.83999633789062,26072,0.0,0.0
2022-10-12 09:30:00-04:00,116.22000122070312,116.37000274658203,114.9209976196289,115.93000030517578,23996,0.0,0.0
2022-10-12 10:30:00-04:00,115.91000366210938,115.92500305175781,115.19000244140625,115.50499725341797,7958,0.0,0.0
2022-10-12 11:30:00-04:00,115.5,116.22000122070312,115.2699966430664,115.62999725341797,10209,0.0,0.0
2022-10-12 12:30:00-04:00,115.68000030517578,115.68000030517578,115.38999938964844,115.45999908447266,7264,0.0,0.0
2022-10-12 13:30:00-04:00,115.30000305175781,115.83000183105469,115.19999694824219,115.82499694824219,10451,0.0,0.0
2022-10-12 14:30:00-04:00,115.77999877929688,116.0199966430664,115.1050033569336,115.1050033569336,9778,0.0,0.0
2022-10-12 15:30:00-04:00,115.02999877929688,115.06999969482422,114.16000366210938,114.25,25427,0.0,0.0
2022-10-13 09:30:00-04:00,112.55999755859375,113.7300033569336,112.48500061035156,113.29000091552734,0,0.0,0.0
2022-10-13 10:30:00-04:00,113.37000274658203,115.43000030517578,113.37000274658203,115.43000030517578,4596,0.0,0.0
2022-10-13 11:30:00-04:00,115.58000183105469,116.7699966430664,115.56999969482422,115.79000091552734,5764,0.0,0.0
2022-10-13 12:30:00-04:00,115.96589660644531,116.98999786376953,115.95500183105469,116.98999786376953,6571,0.0,0.0
2022-10-13 13:30:00-04:00,117.46499633789062,117.4800033569336,116.69999694824219,116.86000061035156,7800,0.0,0.0
2022-10-13 14:30:00-04:00,117.28500366210938,117.83999633789062,117.22000122070312,117.6050033569336,8258,0.0,0.0
2022-10-13 15:30:00-04:00,117.33999633789062,117.43000030517578,116.9000015258789,117.05999755859375,26519,0.0,0.0
2022-10-14 09:30:00-04:00,117.38999938964844,117.3949966430664,114.66999816894531,114.8949966430664,7281,0.0,0.0
2022-10-14 10:30:00-04:00,115.44999694824219,115.44999694824219,114.13999938964844,114.38999938964844,6242,0.0,0.0
2022-10-14 11:30:00-04:00,114.22000122070312,114.22000122070312,113.7249984741211,113.7249984741211,4765,0.0,0.0
2022-10-14 12:30:00-04:00,113.7249984741211,114.05000305175781,113.30500030517578,113.62999725341797,21829,0.0,0.0
2022-10-14 13:30:00-04:00,113.55000305175781,114.0999984741211,113.5199966430664,113.66999816894531,5122,0.0,0.0
2022-10-14 14:30:00-04:00,113.45999908447266,113.68499755859375,113.20999908447266,113.66999816894531,8479,0.0,0.0
2022-10-14 15:30:00-04:00,113.76000213623047,113.97000122070312,113.41999816894531,113.62000274658203,13225,0.0,0.0
2022-10-17 09:30:00-04:00,115.2699966430664,116.93099975585938,115.2699966430664,115.69999694824219,8359,0.0,0.0
2022-10-17 10:30:00-04:00,115.4800033569336,116.04499816894531,114.95999908447266,116.04499816894531,12837,0.0,0.0
2022-10-17 11:30:00-04:00,115.91999816894531,116.55999755859375,115.48999786376953,116.52999877929688,5554,0.0,0.0
2022-10-17 12:30:00-04:00,116.38999938964844,116.91000366210938,116.28500366210938,116.86499786376953,6132,0.0,0.0
2022-10-17 13:30:00-04:00,116.92500305175781,117.58999633789062,116.69999694824219,116.80999755859375,8605,0.0,0.0
2022-10-17 14:30:00-04:00,116.75,116.7750015258789,116.08999633789062,116.44999694824219,8783,0.0,0.0
2022-10-17 15:30:00-04:00,116.4800033569336,116.88999938964844,116.4800033569336,116.52999877929688,15676,0.0,0.0
2022-10-18 09:30:00-04:00,119.37000274658203,119.98500061035156,119.06999969482422,119.06999969482422,6438,0.0,0.0
2022-10-18 10:30:00-04:00,118.97000122070312,119.62000274658203,118.66999816894531,118.81999969482422,8172,0.0,0.0
2022-10-18 11:30:00-04:00,118.80999755859375,119.29499816894531,118.48999786376953,118.93000030517578,5105,0.0,0.0
2022-10-18 12:30:00-04:00,118.91999816894531,119.55000305175781,118.91000366210938,119.4000015258789,8576,0.0,0.0
2022-10-18 13:30:00-04:00,119.40499877929688,120.0199966430664,119.40499877929688,119.44000244140625,7002,0.0,0.0
2022-10-18 14:30:00-04:00,119.46499633789062,119.4800033569336,117.77999877929688,118.18000030517578,15002,0.0,0.0
2022-10-18 15:30:00-04:00,118.2699966430664,118.87999725341797,118.05000305175781,118.87999725341797,27051,0.0,0.0
2022-10-19 09:30:00-04:00,117.97000122070312,118.56999969482422,117.30999755859375,118.33999633789062,9486,0.0,0.0
2022-10-19 10:30:00-04:00,118.11000061035156,118.11000061035156,116.56999969482422,116.61000061035156,8095,0.0,0.0
2022-10-19 11:30:00-04:00,116.63999938964844,117.30999755859375,116.58000183105469,116.7699966430664,12021,0.0,0.0
2022-10-19 12:30:00-04:00,116.75,116.75,115.81999969482422,116.01000213623047,7512,0.0,0.0
2022-10-19 13:30:00-04:00,116.01000213623047,116.36499786376953,115.70999908447266,116.26000213623047,8064,0.0,0.0
2022-10-19 14:30:00-04:00,116.34500122070312,116.69999694824219,116.0199966430664,116.4800033569336,12797,0.0,0.0
2022-10-19 15:30:00-04:00,116.54000091552734,117.18499755859375,116.50800323486328,117.05999755859375,17284,0.0,0.0
2022-10-20 09:30:00-04:00,117.27999877929688,117.61000061035156,115.65750122070312,117.30999755859375,4442,0.0,0.0
2022-10-20 10:30:00-04:00,117.19999694824219,117.19999694824219,115.9800033569336,115.9800033569336,3723,0.0,0.0
2022-10-20 11:30:00-04:00,116.20999908447266,116.56999969482422,115.05000305175781,115.05000305175781,4570,0.0,0.0
2022-10-20 12:30:00-04:00,114.94000244140625,115.08000183105469,114.61000061035156,114.94000244140625,6457,0.0,0.0
2022-10-20 13:30:00-04:00,114.95999908447266,115.08000183105469,114.37000274658203,114.68000030517578,6965,0.0,0.0
2022-10-20 14:30:00-04:00,115.05500030517578,115.25,114.56999969482422,114.78500366210938,8651,0.0,0.0
2022-10-20 15:30:00-04:00,114.61000061035156,115.4800033569336,114.61000061035156,115.4000015258789,13947,0.0,0.0
2022-10-21 09:30:00-04:00,115.43000030517578,117.12000274658203,114.55999755859375,114.55999755859375,13612,0.0,0.0
2022-10-21 10:30:00-04:00,114.61499786376953,114.97000122070312,113.55999755859375,114.26000213623047,15217,0.0,0.0
2022-10-21 11:30:00-04:00,114.55000305175781,115.54000091552734,114.41999816894531,115.51000213623047,6001,0.0,0.0
2022-10-21 12:30:00-04:00,115.31999969482422,115.94999694824219,115.25,115.86000061035156,7546,0.0,0.0
2022-10-21 13:30:00-04:00,115.86000061035156,116.44000244140625,115.7699966430664,116.16000366210938,6353,0.0,0.0
2022-10-21 14:30:00-04:00,116.20999908447266,117.01000213623047,116.20999908447266,117.01000213623047,5401,0.0,0.0
2022-10-21 15:30:00-04:00,117.19000244140625,117.33999633789062,116.76000213623047,117.04299926757812,19109,0.0,0.0
2022-10-24 09:30:00-04:00,117.79000091552734,118.5999984741211,116.81999969482422,117.1500015258789,0,0.0,0.0
2022-10-24 10:30:00-04:00,117.76499938964844,118.11129760742188,116.96649932861328,117.4000015258789,9932,0.0,0.0
2022-10-24 11:30:00-04:00,117.30999755859375,117.95999908447266,117.30999755859375,117.83000183105469,6109,0.0,0.0
2022-10-24 12:30:00-04:00,117.66000366210938,117.66000366210938,116.91000366210938,116.91000366210938,7630,0.0,0.0
2022-10-24 13:30:00-04:00,117.19000244140625,117.36000061035156,116.97000122070312,117.16000366210938,4798,0.0,0.0
2022-10-24 14:30:00-04:00,117.37000274658203,118.16000366210938,117.3499984741211,117.86499786376953,8974,0.0,0.0
2022-10-24 15:30:00-04:00,117.625,117.625,117.29000091552734,117.29000091552734,13658,0.0,0.0
2022-10-25 09:30:00-04:00,116.73999786376953,118.46499633789062,116.37999725341797,118.29000091552734,10426,0.0,0.0
2022-10-25 10:30:00-04:00,118.19000244140625,118.4800033569336,118.00499725341797,118.12000274658203,11537,0.0,0.0
2022-10-25 11:30:00-04:00,118.19000244140625,118.56999969482422,118.05999755859375,118.31999969482422,13717,0.0,0.0
2022-10-25 12:30:00-04:00,118.29000091552734,118.37000274658203,117.625,117.75,7134,0.0,0.0
2022-10-25 13:30:00-04:00,117.87000274658203,118.0199966430664,117.76000213623047,118.01000213623047,10904,0.0,0.0
2022-10-25 14:30:00-04:00,118.05500030517578,118.41000366210938,117.98999786376953,118.41000366210938,19800,0.0,0.0
2022-10-25 15:30:00-04:00,118.66000366210938,118.87000274658203,118.37000274658203,118.37999725341797,19363,0.0,0.0
2022-10-26 09:30:00-04:00,118.9800033569336,118.9800033569336,116.4000015258789,118.20999908447266,13250,0.0,0.0
2022-10-26 10:30:00-04:00,117.69999694824219,118.55999755859375,117.3499984741211,118.33000183105469,13412,0.0,0.0
2022-10-26 11:30:00-04:00,118.4000015258789,118.5999984741211,118.22000122070312,118.5999984741211,10310,0.0,0.0
2022-10-26 12:30:00-04:00,118.5999984741211,118.5999984741211,117.44000244140625,117.94999694824219,9369,0.0,0.0
2022-10-26 13:30:00-04:00,118.03500366210938,118.98500061035156,117.56999969482422,118.63500213623047,9925,0.0,0.0
2022-10-26 14:30:00-04:00,118.69999694824219,118.82499694824219,118.3499984741211,118.41999816894531,11423,0.0,0.0
2022-10-26 15:30:00-04:00,118.27999877929688,118.38999938964844,116.7300033569336,117.22000122070312,26439,0.0,0.0
2022-10-27 09:30:00-04:00,122.41999816894531,132.8800048828125,119.1500015258789,132.47999572753906,0,0.0,0.0
2022-10-27 10:30:00-04:00,134.72999572753906,139.19000244140625,132.91000366210938,137.38999938964844,54143,0.0,0.0
2022-10-27 11:30:00-04:00,137.77999877929688,139.22000122070312,134.67999267578125,135.2061004638672,26131,0.0,0.0
2022-10-27 12:30:00-04:00,135.49000549316406,137.75999450683594,134.9600067138672,136.49000549316406,29099,0.0,0.0
2022-10-27 13:30:00-04:00,136.5050048828125,136.67669677734375,133.3300018310547,133.97500610351562,19114,0.0,0.0
2022-10-27 14:30:00-04:00,133.97000122070312,133.97500610351562,131.27000427246094,131.91000366210938,41774,0.0,0.0
2022-10-27 15:30:00-04:00,131.6999969482422,132.1199951171875,130.30999755859375,131.61000061035156,67201,0.0,0.0
2022-10-28 09:30:00-04:00,132.0,134.47000122070312,128.27999877929688,128.27999877929688,27652,0.0,0.0
2022-10-28 10:30:00-04:00,128.3249969482422,130.36000061035156,127.55999755859375,129.16000366210938,19970,0.0,0.0
2022-10-28 11:30:00-04:00,129.1300048828125,130.90499877929688,128.8699951171875,130.90499877929688,14592,0.0,0.0
2022-10-28 12:30:00-04:00,130.23500061035156,131.3800048828125,130.2100067138672,130.82000732421875,16633,0.0,0.0
2022-10-28 13:30:00-04:00,130.74000549316406,130.84500122070312,130.02000427246094,130.33999633789062,10270,0.0,0.0
2022-10-28 14:30:00-04:00,130.46499633789062,131.5,130.46499633789062,131.5,11839,0.0,0.0
2022-10-28 15:30:00-04:00,131.3300018310547,132.0500030517578,131.1699981689453,132.0500030517578,34825,0.0,0.0
2022-10-31 09:30:00-04:00,132.0,132.0,130.5,131.56500244140625,0,0.0,0.0
2022-10-31 10:30:00-04:00,131.32000732421875,132.58999633789062,130.75999450683594,132.1540069580078,31586,0.0,0.0
2022-10-31 11:30:00-04:00,131.6300048828125,133.2100067138672,131.50999450683594,133.0,21813,0.0,0.0
2022-10-31 12:30:00-04:00,132.91000366210938,134.0399932861328,132.63999938964844,133.99000549316406,15642,0.0,0.0
2022-10-31 13:30:00-04:00,134.02999877929688,134.0850067138672,132.5399932861328,133.30999755859375,14821,0.0,0.0
2022-10-31 14:30:00-04:00,133.5500030517578,134.27000427246094,133.1699981689453,133.6999969482422,13366,0.0,0.0
2022-10-31 15:30:00-04:00,133.5800018310547,134.32000732421875,133.4600067138672,134.25999450683594,42972,0.0,0.0
2022-11-01 09:30:00-04:00,134.8000030517578,136.4499969482422,134.5500030517578,134.78500366210938,21492,0.0,0.0
2022-11-01 10:30:00-04:00,135.27999877929688,135.85000610351562,134.02000427246094,134.41000366210938,15247,0.0,0.0
2022-11-01 11:30:00-04:00,135.19000244140625,135.30999755859375,134.11000061035156,134.11000061035156,9289,0.0,0.0
2022-11-01 12:30:00-04:00,134.1699981689453,134.9149932861328,134.1699981689453,134.9149932861328,6301,0.0,0.0
2022-11-01 13:30:00-04:00,135.00999450683594,135.3300018310547,134.814697265625,135.02000427246094,8666,0.0,0.0
2022-11-01 14:30:00-04:00,134.9250030517578,135.125,134.3800048828125,134.39500427246094,11207,0.0,0.0
2022-11-01 15:30:00-04:00,134.4499969482422,135.00999450683594,134.39999389648438,134.6300048828125,19978,0.0,0.0
2022-11-02 09:30:00-04:00,134.0800018310547,134.0800018310547,132.68600463867188,133.1199951171875,0,0.0,0.0
2022-11-02 10:30:00-04:00,133.22999572753906,133.5500030517578,132.875,133.0399932861328,5810,0.0,0.0
2022-11-02 11:30:00-04:00,133.14500427246094,133.72000122070312,133.14500427246094,133.72000122070312,2399,0.0,0.0
2022-11-02 12:30:00-04:00,133.7050018310547,133.89999389648438,132.50999450683594,132.50999450683594,7429,0.0,0.0
2022-11-02 13:30:00-04:00,132.8000030517578,134.85000610351562,132.8000030517578,134.0850067138672,15664,0.0,0.0
2022-11-02 14:30:00-04:00,134.0800018310547,134.11000061035156,130.8699951171875,130.8699951171875,18877,0.0,0.0
2022-11-02 15:30:00-04:00,130.5449981689453,132.02999877929688,130.5449981689453,131.47000122070312,30878,0.0,0.0
2022-11-03 09:30:00-04:00,129.85000610351562,130.91000366210938,127.19000244140625,130.30999755859375,9724,0.0,0.0
2022-11-03 10:30:00-04:00,130.3800048828125,131.3000030517578,129.6699981689453,129.6999969482422,9066,0.0,0.0
2022-11-03 11:30:00-04:00,129.88999938964844,130.41000366210938,129.5500030517578,130.41000366210938,5804,0.0,0.0
2022-11-03 12:30:00-04:00,130.2100067138672,130.63999938964844,130.14999389648438,130.2050018310547,6460,0.0,0.0
2022-11-03 13:30:00-04:00,130.22500610351562,130.96499633789062,129.83999633789062,130.77999877929688,8513,0.0,0.0
2022-11-03 14:30:00-04:00,130.81500244140625,131.0399932861328,130.16000366210938,130.3699951171875,13427,0.0,0.0
2022-11-03 15:30:00-04:00,130.38999938964844,130.4600067138672,129.83999633789062,130.00999450683594,21348,0.0,0.0
2022-11-04 09:30:00-04:00,131.3000030517578,132.1999969482422,130.14999389648438,132.1999969482422,0,0.0,0.0
2022-11-04 10:30:00-04:00,132.07000732421875,132.1999969482422,130.72000122070312,130.72000122070312,2434,0.0,0.0
2022-11-04 11:30:00-04:00,130.39500427246094,130.48500061035156,129.6699981689453,130.3300018310547,13906,0.0,0.0
2022-11-04 12:30:00-04:00,130.4199981689453,130.59500122070312,129.88999938964844,130.59500122070312,3771,0.0,0.0
2022-11-04 13:30:00-04:00,130.41000366210938,130.41000366210938,129.9949951171875,130.375,4130,0.0,0.0
2022-11-04 14:30:00-04:00,130.80999755859375,131.2899932861328,130.8000030517578,131.1999969482422,5046,0.0,0.0
2022-11-04 15:30:00-04:00,131.08999633789062,131.9199981689453,130.7100067138672,131.7100067138672,14458,0.0,0.0
2022-11-07 09:30:00-05:00,133.11000061035156,133.11000061035156,132.0,132.16700744628906,3339,0.0,0.0
2022-11-07 10:30:00-05:00,131.8520050048828,132.22000122070312,131.5399932861328,132.10000610351562,9678,0.0,0.0
2022-11-07 11:30:00-05:00,131.75999450683594,132.69000244140625,131.7100067138672,132.6699981689453,6448,0.0,0.0
2022-11-07 12:30:00-05:00,132.5500030517578,132.55990600585938,131.96499633789062,132.36500549316406,17226,0.0,0.0
2022-11-07 13:30:00-05:00,132.63499450683594,133.47999572753906,132.47500610351562,133.4600067138672,5530,0.0,0.0
2022-11-07 14:30:00-05:00,133.57000732421875,134.0850067138672,133.3000030517578,133.9949951171875,13809,0.0,0.0
2022-11-07 15:30:00-05:00,134.27000427246094,134.5800018310547,134.07000732421875,134.4499969482422,24238,0.0,0.0
2022-11-08 09:30:00-05:00,134.72000122070312,135.4499969482422,133.77000427246094,135.4499969482422,12640,0.0,0.0
2022-11-08 10:30:00-05:00,135.375,135.52000427246094,134.47000122070312,135.35000610351562,9926,0.0,0.0
2022-11-08 11:30:00-05:00,135.81500244140625,136.1699981689453,135.4499969482422,135.6999969482422,8567,0.0,0.0
2022-11-08 12:30:00-05:00,134.92999267578125,135.10000610351562,133.7100067138672,134.05999755859375,4712,0.0,0.0
2022-11-08 13:30:00-05:00,134.0399932861328,134.0399932861328,132.49000549316406,132.49000549316406,6897,0.0,0.0
2022-11-08 14:30:00-05:00,132.3000030517578,133.86000061035156,132.3000030517578,133.86000061035156,6238,0.0,0.0
2022-11-08 15:30:00-05:00,133.77999877929688,134.5800018310547,133.55999755859375,134.5800018310547,28376,0.0,0.0
2022-11-09 09:30:00-05:00,133.0399932861328,133.8800048828125,132.58999633789062,133.5399932861328,2825,0.0,0.0
2022-11-09 10:30:00-05:00,133.5,133.80999755859375,133.27000427246094,133.27000427246094,11314,0.0,0.0
2022-11-09 11:30:00-05:00,133.3000030517578,134.07000732421875,133.22999572753906,133.49000549316406,6806,0.0,0.0
2022-11-09 12:30:00-05:00,133.80999755859375,134.4149932861328,133.5,133.63499450683594,7662,0.0,0.0
2022-11-09 13:30:00-05:00,133.5,133.51499938964844,132.83999633789062,133.50999450683594,8074,0.0,0.0
2022-11-09 14:30:00-05:00,133.17999267578125,133.27999877929688,132.60000610351562,133.0399932861328,11784,0.0,0.0
2022-11-09 15:30:00-05:00,132.94000244140625,134.02999877929688,132.94000244140625,133.8000030517578,28199,0.0,0.0
2022-11-10 09:30:00-05:00,138.16000366210938,139.33999633789062,137.57000732421875,138.14999389648438,10733,0.0,0.0
2022-11-10 10:30:00-05:00,137.94000244140625,139.36000061035156,137.66000366210938,138.25999450683594,13196,0.0,0.0
2022-11-10 11:30:00-05:00,138.02000427246094,138.99000549316406,136.02000427246094,136.02000427246094,10689,0.0,0.0
2022-11-10 12:30:00-05:00,136.1699981689453,137.1300048828125,135.7899932861328,136.8699951171875,10916,0.0,0.0
2022-11-10 13:30:00-05:00,137.30999755859375,137.6300048828125,136.8300018310547,137.10499572753906,20789,0.0,0.0
2022-11-10 14:30:00-05:00,137.00999450683594,137.27999877929688,135.99000549316406,137.02000427246094,23292,0.0,0.0
2022-11-10 15:30:00-05:00,137.0,137.47999572753906,136.83999633789062,137.10000610351562,40435,0.0,0.0
2022-11-11 09:30:00-05:00,137.1699981689453,139.0,137.0,138.6300048828125,60183,0.0,0.0
2022-11-11 10:30:00-05:00,138.30499267578125,138.6649932861328,137.9550018310547,138.1999969482422,14200,0.0,0.0
2022-11-11 11:30:00-05:00,138.27000427246094,138.97000122070312,137.9199981689453,138.78500366210938,12840,0.0,0.0
2022-11-11 12:30:00-05:00,138.63999938964844,138.82000732421875,138.19000244140625,138.82000732421875,8987,0.0,0.0
2022-11-11 13:30:00-05:00,139.22999572753906,139.3300018310547,138.80999755859375,139.2899932861328,8195,0.0,0.0
2022-11-11 14:30:00-05:00,139.24000549316406,139.86500549316406,138.89500427246094,139.27999877929688,14508,0.0,0.0
2022-11-11 15:30:00-05:00,139.125,139.3000030517578,138.30999755859375,138.6300048828125,19560,0.0,0.0
2022-11-14 09:30:00-05:00,138.8699951171875,139.3822021484375,136.89999389648438,137.10000610351562,17468,0.0,0.0
2022-11-14 10:30:00-05:00,137.8300018310547,138.2100067138672,137.4600067138672,138.04449462890625,8111,0.0,0.0
2022-11-14 11:30:00-05:00,138.38999938964844,138.86000061035156,138.26499938964844,138.44000244140625,9009,0.0,0.0
2022-11-14 12:30:00-05:00,138.6699981689453,139.83999633789062,138.6699981689453,139.35000610351562,11567,0.0,0.0
2022-11-14 13:30:00-05:00,139.36000061035156,139.4600067138672,139.00999450683594,139.1300048828125,8297,0.0,0.0
2022-11-14 14:30:00-05:00,139.1999969482422,139.3699951171875,138.47999572753906,138.47999572753906,18846,0.0,0.0
2022-11-14 15:30:00-05:00,138.4600067138672,138.4600067138672,137.44000244140625,137.72999572753906,20154,0.0,0.0
2022-11-15 09:30:00-05:00,140.0,140.14500427246094,138.3300018310547,138.85000610351562,40294,0.0,0.0
2022-11-15 10:30:00-05:00,139.02999877929688,139.02999877929688,137.97000122070312,138.19000244140625,18638,0.0,0.0
2022-11-15 11:30:00-05:00,138.50999450683594,139.24000549316406,138.36000061035156,138.6999969482422,11294,0.0,0.0
2022-11-15 12:30:00-05:00,138.6699981689453,138.92999267578125,137.47000122070312,137.47000122070312,12692,0.0,0.0
2022-11-15 13:30:00-05:00,137.5,137.86500549316406,136.77999877929688,137.78500366210938,12413,0.0,0.0
2022-11-15 14:30:00-05:00,137.875,138.1199951171875,137.40499877929688,137.42999267578125,13055,0.0,0.0
2022-11-15 15:30:00-05:00,137.41000366210938,137.75999450683594,135.86000061035156,135.9499969482422,55593,0.0,0.0
2022-11-16 09:30:00-05:00,136.4199981689453,136.6699981689453,134.99000549316406,135.5679931640625,0,0.0,0.0
2022-11-16 10:30:00-05:00,135.3300018310547,136.3925018310547,135.14999389648438,136.02999877929688,8931,0.0,0.0
2022-11-16 11:30:00-05:00,135.75,136.24000549316406,135.42999267578125,136.0,6294,0.0,0.0
2022-11-16 12:30:00-05:00,135.77000427246094,137.0399932861328,135.77000427246094,136.52000427246094,10204,0.0,0.0
2022-11-16 13:30:00-05:00,136.4199981689453,136.69000244140625,135.9199981689453,136.5,9555,0.0,0.0
2022-11-16 14:30:00-05:00,136.67999267578125,137.35000610351562,136.27000427246094,136.85000610351562,21177,0.0,0.0
2022-11-16 15:30:00-05:00,136.9499969482422,137.32000732421875,136.6999969482422,137.02999877929688,25095,0.0,0.0
2022-11-17 09:30:00-05:00,135.75,137.1300048828125,134.9512939453125,136.6999969482422,0,0.0,0.0
2022-11-17 10:30:00-05:00,136.3800048828125,136.69500732421875,135.25999450683594,135.42999267578125,6565,0.0,0.0
2022-11-17 11:30:00-05:00,135.7100067138672,136.4550018310547,135.5399932861328,136.4149932861328,2408,0.0,0.0
2022-11-17 12:30:00-05:00,136.4149932861328,136.8000030517578,136.36000061035156,136.36000061035156,4291,0.0,0.0
2022-11-17 13:30:00-05:00,136.3350067138672,136.6300048828125,136.00999450683594,136.02999877929688,6263,0.0,0.0
2022-11-17 14:30:00-05:00,136.0800018310547,136.6699981689453,135.33999633789062,135.35000610351562,14276,0.0,0.0
2022-11-17 15:30:00-05:00,135.52000427246094,136.77999877929688,135.38999938964844,136.49000549316406,45079,0.0,0.0
2022-11-18 09:30:00-05:00,138.55999755859375,138.63999938964844,136.6699981689453,137.56500244140625,8249,0.0,0.0
2022-11-18 10:30:00-05:00,137.83999633789062,138.4949951171875,137.39999389648438,137.91000366210938,7701,0.0,0.0
2022-11-18 11:30:00-05:00,138.01499938964844,138.01499938964844,137.10499572753906,137.61000061035156,5890,0.0,0.0
2022-11-18 12:30:00-05:00,138.0399932861328,138.0800018310547,137.38999938964844,138.0800018310547,19378,0.0,0.0
2022-11-18 13:30:00-05:00,138.00999450683594,138.02000427246094,137.41000366210938,137.77999877929688,6374,0.0,0.0
2022-11-18 14:30:00-05:00,138.00999450683594,138.3300018310547,137.5399932861328,137.85000610351562,11952,0.0,0.0
2022-11-18 15:30:00-05:00,137.80499267578125,138.21499633789062,137.75999450683594,138.13999938964844,22451,0.0,0.0
2022-11-21 09:30:00-05:00,138.6999969482422,139.9199981689453,138.6999969482422,139.0399932861328,2306,0.0,0.0
2022-11-21 10:30:00-05:00,138.60000610351562,139.5,138.33999633789062,138.89999389648438,29969,0.0,0.0
2022-11-21 11:30:00-05:00,138.8699951171875,139.1750030517578,138.67999267578125,138.9250030517578,12351,0.0,0.0
2022-11-21 12:30:00-05:00,139.21499633789062,139.75790405273438,139.05999755859375,139.75790405273438,3187,0.0,0.0
2022-11-21 13:30:00-05:00,139.72500610351562,139.72500610351562,139.1999969482422,139.1999969482422,3273,0.0,0.0
2022-11-21 14:30:00-05:00,139.38999938964844,139.72999572753906,138.97999572753906,139.27000427246094,16434,0.0,0.0
2022-11-21 15:30:00-05:00,139.25,139.7100067138672,139.10000610351562,139.47999572753906,19596,0.0,0.0
2022-11-22 09:30:00-05:00,140.0,140.12899780273438,139.33999633789062,139.33999633789062,13382,0.0,0.0
2022-11-22 10:30:00-05:00,138.82000732421875,139.1999969482422,138.0050048828125,138.83999633789062,20792,0.0,0.0
2022-11-22 11:30:00-05:00,138.67999267578125,139.0800018310547,138.67999267578125,139.0800018310547,2070,0.0,0.0
2022-11-22 12:30:00-05:00,139.0850067138672,139.44000244140625,138.88999938964844,139.15499877929688,3548,0.0,0.0
2022-11-22 13:30:00-05:00,139.14500427246094,140.03250122070312,139.14500427246094,139.8249969482422,3977,0.0,0.0
2022-11-22 14:30:00-05:00,139.83999633789062,140.32000732421875,139.61000061035156,139.76499938964844,9319,0.0,0.0
2022-11-22 15:30:00-05:00,139.5800018310547,140.41000366210938,139.5800018310547,140.17999267578125,17602,0.0,0.0
2022-11-23 09:30:00-05:00,140.0500030517578,141.7550048828125,139.0500030517578,140.24029541015625,27458,0.0,0.0
2022-11-23 10:30:00-05:00,139.8000030517578,141.75,139.8000030517578,141.73500061035156,32121,0.0,0.0
2022-11-23 11:30:00-05:00,141.86000061035156,141.86000061035156,141.3000030517578,141.75999450683594,5007,0.0,0.0
2022-11-23 12:30:00-05:00,141.72000122070312,141.9199981689453,141.30999755859375,141.80999755859375,3765,0.0,0.0
2022-11-23 13:30:00-05:00,142.18499755859375,142.75999450683594,141.82000732421875,142.3000030517578,6110,0.0,0.0
2022-11-23 14:30:00-05:00,142.0500030517578,142.26449584960938,141.7899932861328,141.88499450683594,6936,0.0,0.0
2022-11-23 15:30:00-05:00,141.77000427246094,142.06500244140625,141.27999877929688,141.27999877929688,19148,0.0,0.0
2022-11-25 09:30:00-05:00,140.92999267578125,141.91000366210938,140.92999267578125,141.91000366210938,5963,0.0,0.0
2022-11-25 10:30:00-05:00,142.27000427246094,142.61000061035156,142.22999572753906,142.61000061035156,1480,0.0,0.0
2022-11-25 11:30:00-05:00,142.7100067138672,143.0,141.52999877929688,141.97000122070312,10529,0.0,0.0
2022-11-28 09:30:00-05:00,141.05999755859375,141.7899932861328,141.05999755859375,141.25,2143,0.0,0.0
2022-11-28 10:30:00-05:00,141.5500030517578,141.9499969482422,141.02000427246094,141.1750030517578,7192,0.0,0.0
2022-11-28 11:30:00-05:00,140.88999938964844,141.1199951171875,140.1300048828125,140.9250030517578,10319,0.0,0.0
2022-11-28 12:30:00-05:00,140.61000061035156,140.61000061035156,140.1300048828125,140.1300048828125,4467,0.0,0.0
2022-11-28 13:30:00-05:00,140.05999755859375,140.2050018310547,139.55999755859375,139.55999755859375,3420,0.0,0.0
2022-11-28 14:30:00-05:00,139.125,139.25999450683594,138.05999755859375,138.05999755859375,7130,0.0,0.0
2022-11-28 15:30:00-05:00,138.1999969482422,138.4600067138672,137.9600067138672,137.9600067138672,18434,0.0,0.0
2022-11-29 09:30:00-05:00,137.25999450683594,137.923095703125,135.88999938964844,137.47500610351562,6131,0.0,0.0
2022-11-29 10:30:00-05:00,137.19500732421875,137.99000549316406,136.76499938964844,137.10000610351562,4568,0.0,0.0
2022-11-29 11:30:00-05:00,136.7550048828125,137.25999450683594,136.56500244140625,136.77999877929688,10745,0.0,0.0
2022-11-29 12:30:00-05:00,136.92999267578125,137.1699981689453,136.69000244140625,136.69000244140625,6645,0.0,0.0
2022-11-29 13:30:00-05:00,136.8300018310547,137.23899841308594,136.6199951171875,136.6699981689453,14739,0.0,0.0
2022-11-29 14:30:00-05:00,136.2899932861328,136.86000061035156,136.21499633789062,136.4499969482422,27004,0.0,0.0
2022-11-29 15:30:00-05:00,136.5850067138672,136.88999938964844,136.47999572753906,136.52999877929688,18819,0.0,0.0
2022-11-30 09:30:00-05:00,137.5,137.5,136.4499969482422,136.47000122070312,3140,0.0,0.0
2022-11-30 10:30:00-05:00,136.6699981689453,136.80499267578125,135.8300018310547,136.80499267578125,6793,0.0,0.0
2022-11-30 11:30:00-05:00,137.55499267578125,137.84500122070312,136.97999572753906,137.16000366210938,7508,0.0,0.0
2022-11-30 12:30:00-05:00,136.92999267578125,137.62249755859375,136.91000366210938,137.23500061035156,6332,0.0,0.0
2022-11-30 13:30:00-05:00,136.8800048828125,138.80999755859375,136.85000610351562,138.7550048828125,11629,0.0,0.0
2022-11-30 14:30:00-05:00,138.9199981689453,139.7100067138672,138.72500610351562,139.5050048828125,9012,0.0,0.0
2022-11-30 15:30:00-05:00,139.52499389648438,141.02999877929688,139.25,141.02999877929688,36197,0.0,0.0
2022-12-01 09:30:00-05:00,142.2100067138672,143.27769470214844,140.97000122070312,140.97000122070312,4576,0.0,0.0
2022-12-01 10:30:00-05:00,140.4250030517578,140.88499450683594,140.07000732421875,140.07000732421875,10475,0.0,0.0
2022-12-01 11:30:00-05:00,140.4250030517578,140.64500427246094,139.9199981689453,139.9199981689453,5796,0.0,0.0
2022-12-01 12:30:00-05:00,140.38999938964844,140.44000244140625,139.94000244140625,139.94000244140625,3660,0.0,0.0
2022-12-01 13:30:00-05:00,140.05999755859375,140.11000061035156,139.6999969482422,140.08999633789062,4985,0.0,0.0
2022-12-01 14:30:00-05:00,140.6988067626953,141.4499969482422,140.6699981689453,141.23500061035156,4724,0.0,0.0
2022-12-01 15:30:00-05:00,141.63999938964844,141.6649932861328,141.0,141.57000732421875,12850,0.0,0.0
2022-12-02 09:30:00-05:00,139.97000122070312,142.07000732421875,139.97000122070312,141.35000610351562,0,0.0,0.0
2022-12-02 10:30:00-05:00,140.9600067138672,141.58999633789062,140.63999938964844,141.0850067138672,6722,0.0,0.0
2022-12-02 11:30:00-05:00,141.72999572753906,142.19000244140625,141.72999572753906,142.19000244140625,1475,0.0,0.0
2022-12-02 12:30:00-05:00,142.16000366210938,142.16000366210938,141.41000366210938,141.57000732421875,5597,0.0,0.0
2022-12-02 13:30:00-05:00,141.9199981689453,142.4250030517578,141.83999633789062,142.1999969482422,5217,0.0,0.0
2022-12-02 14:30:00-05:00,142.24000549316406,143.2100067138672,142.02000427246094,143.13999938964844,7908,0.0,0.0
2022-12-02 15:30:00-05:00,142.57000732421875,142.64999389648438,141.60000610351562,141.60000610351562,13797,0.0,0.0
2022-12-05 09:30:00-05:00,140.16000366210938,140.16000366210938,138.22999572753906,138.69500732421875,3095,0.0,0.0
2022-12-05 10:30:00-05:00,139.1699981689453,139.27000427246094,138.6999969482422,138.6999969482422,1901,0.0,0.0
2022-12-05 11:30:00-05:00,138.92999267578125,138.92999267578125,138.3800048828125,138.52999877929688,2947,0.0,0.0
2022-12-05 12:30:00-05:00,138.7100067138672,138.84500122070312,138.27999877929688,138.63999938964844,5552,0.0,0.0
2022-12-05 13:30:00-05:00,138.77999877929688,138.77999877929688,138.38999938964844,138.72999572753906,4425,0.0,0.0
2022-12-05 14:30:00-05:00,138.68589782714844,139.00999450683594,138.4199981689453,138.7100067138672,3505,0.0,0.0
2022-12-05 15:30:00-05:00,138.71499633789062,139.42999267578125,138.47000122070312,139.1199951171875,13743,0.0,0.0
2022-12-06 09:30:00-05:00,138.91000366210938,139.2949981689453,137.64999389648438,138.26499938964844,4703,0.0,0.0
2022-12-06 10:30:00-05:00,138.00999450683594,138.3800048828125,137.58999633789062,138.3000030517578,8834,0.0,0.0
2022-12-06 11:30:00-05:00,138.0800018310547,138.4499969482422,137.88999938964844,137.97999572753906,5522,0.0,0.0
2022-12-06 12:30:00-05:00,138.02000427246094,138.16000366210938,137.3300018310547,137.3300018310547,5982,0.0,0.0
2022-12-06 13:30:00-05:00,137.1699981689453,137.60000610351562,137.1699981689453,137.3300018310547,8826,0.0,0.0
2022-12-06 14:30:00-05:00,137.07000732421875,137.60000610351562,136.89999389648438,137.3699951171875,11147,0.0,0.0
2022-12-06 15:30:00-05:00,137.57000732421875,138.32000732421875,137.57000732421875,137.66000366210938,17243,0.0,0.0
2022-12-07 09:30:00-05:00,136.8800048828125,137.1699981689453,136.61000061035156,136.88499450683594,6074,0.0,0.0
2022-12-07 10:30:00-05:00,137.68499755859375,137.8000030517578,137.24000549316406,137.5,4585,0.0,0.0
2022-12-07 11:30:00-05:00,137.6699981689453,137.6699981689453,136.49000549316406,136.49000549316406,11822,0.0,0.0
2022-12-07 12:30:00-05:00,136.39999389648438,136.39999389648438,135.74000549316406,135.75,10576,0.0,0.0
2022-12-07 13:30:00-05:00,135.6699981689453,135.72999572753906,134.05999755859375,134.39999389648438,13883,0.0,0.0
2022-12-07 14:30:00-05:00,134.30499267578125,134.61000061035156,133.7449951171875,134.25,17380,0.0,0.0
2022-12-07 15:30:00-05:00,134.2899932861328,134.7899932861328,133.86000061035156,134.1699981689453,44627,0.0,0.0
2022-12-08 09:30:00-05:00,133.9600067138672,135.0800018310547,133.52330017089844,134.97999572753906,8365,0.0,0.0
2022-12-08 10:30:00-05:00,135.16000366210938,135.3350067138672,134.0,134.0399932861328,11212,0.0,0.0
2022-12-08 11:30:00-05:00,134.05499267578125,135.1300048828125,133.84500122070312,134.0399932861328,7006,0.0,0.0
2022-12-08 12:30:00-05:00,133.7899932861328,134.33999633789062,133.7899932861328,134.33999633789062,6916,0.0,0.0
2022-12-08 13:30:00-05:00,134.375,134.58999633789062,133.27999877929688,133.76499938964844,10292,0.0,0.0
2022-12-08 14:30:00-05:00,133.71499633789062,133.97000122070312,133.05999755859375,133.97000122070312,10281,0.0,0.0
2022-12-08 15:30:00-05:00,133.875,134.82000732421875,133.8000030517578,134.47000122070312,26886,0.0,0.0
2022-12-09 09:30:00-05:00,134.7100067138672,134.7100067138672,133.49000549316406,133.49000549316406,0,0.0,0.0
2022-12-09 10:30:00-05:00,133.64999389648438,133.9499969482422,133.5500030517578,133.9499969482422,2418,0.0,0.0
2022-12-09 11:30:00-05:00,134.0399932861328,134.61500549316406,133.91000366210938,134.51499938964844,12571,0.0,0.0
2022-12-09 12:30:00-05:00,134.5,134.5800018310547,134.16000366210938,134.16000366210938,5085,0.0,0.0
2022-12-09 13:30:00-05:00,134.00999450683594,134.25,133.66009521484375,134.25,2619,0.0,0.0
2022-12-09 14:30:00-05:00,134.00999450683594,134.92999267578125,133.72230529785156,134.2100067138672,12783,0.0,0.0
2022-12-09 15:30:00-05:00,134.22000122070312,134.67999267578125,134.19000244140625,134.52999877929688,23152,0.0,0.0
2022-12-12 09:30:00-05:00,134.75,135.0,133.49000549316406,134.50149536132812,4301,0.0,0.0
2022-12-12 10:30:00-05:00,134.13999938964844,135.22999572753906,134.13999938964844,134.6199951171875,4936,0.0,0.0
2022-12-12 11:30:00-05:00,134.47999572753906,134.625,134.00999450683594,134.27000427246094,6646,0.0,0.0
2022-12-12 12:30:00-05:00,134.4600067138672,134.4600067138672,134.07000732421875,134.44000244140625,3422,0.0,0.0
2022-12-12 13:30:00-05:00,134.52000427246094,134.67999267578125,134.11000061035156,134.5,4500,0.0,0.0
2022-12-12 14:30:00-05:00,134.3000030517578,135.05999755859375,134.0500030517578,135.05999755859375,6524,0.0,0.0
2022-12-12 15:30:00-05:00,134.9499969482422,134.9499969482422,134.375,134.3800048828125,13072,0.0,0.0
2022-12-13 09:30:00-05:00,136.85000610351562,138.50999450683594,136.19810485839844,136.47000122070312,0,0.0,0.0
2022-12-13 10:30:00-05:00,136.32000732421875,136.47999572753906,134.84820556640625,135.60499572753906,8962,0.0,0.0
2022-12-13 11:30:00-05:00,135.55999755859375,135.92999267578125,134.05999755859375,134.4499969482422,12057,0.0,0.0
2022-12-13 12:30:00-05:00,134.44000244140625,135.22999572753906,133.6103973388672,135.22999572753906,5591,0.0,0.0
2022-12-13 13:30:00-05:00,135.57000732421875,135.63999938964844,134.7100067138672,135.13999938964844,5989,0.0,0.0
2022-12-13 14:30:00-05:00,135.18499755859375,135.78500366210938,134.5500030517578,135.0,8120,0.0,0.0
2022-12-13 15:30:00-05:00,134.77000427246094,135.82000732421875,134.7050018310547,135.82000732421875,20494,0.0,0.0
2022-12-14 09:30:00-05:00,136.75999450683594,136.8800048828125,135.02000427246094,136.25999450683594,5103,0.0,0.0
2022-12-14 10:30:00-05:00,136.00999450683594,136.6300048828125,136.00999450683594,136.6300048828125,4852,0.0,0.0
2022-12-14 11:30:00-05:00,136.3699951171875,136.7899932861328,135.80999755859375,135.82000732421875,8038,0.0,0.0
2022-12-14 12:30:00-05:00,136.0850067138672,136.0850067138672,135.47500610351562,135.9499969482422,6582,0.0,0.0
2022-12-14 13:30:00-05:00,135.72000122070312,136.27000427246094,133.8000030517578,134.61000061035156,8820,0.0,0.0
2022-12-14 14:30:00-05:00,135.0500030517578,136.94000244140625,134.02000427246094,134.27999877929688,13733,0.0,0.0
2022-12-14 15:30:00-05:00,134.14999389648438,135.66000366210938,134.13999938964844,135.63999938964844,20922,0.0,0.0
2022-12-15 09:30:00-05:00,133.3699951171875,133.63999938964844,131.47999572753906,132.94000244140625,9898,0.0,0.0
2022-12-15 10:30:00-05:00,133.36000061035156,133.8699951171875,132.08999633789062,132.08999633789062,12587,0.0,0.0
2022-12-15 11:30:00-05:00,132.25999450683594,133.12759399414062,131.91000366210938,132.80999755859375,6496,0.0,0.0
2022-12-15 12:30:00-05:00,132.97000122070312,133.11500549316406,132.19000244140625,132.38999938964844,5681,0.0,0.0
2022-12-15 13:30:00-05:00,132.3699951171875,132.3699951171875,131.94000244140625,132.13999938964844,6483,0.0,0.0
2022-12-15 14:30:00-05:00,132.00999450683594,132.75,131.77000427246094,132.6199951171875,12194,0.0,0.0
2022-12-15 15:30:00-05:00,132.47999572753906,132.47999572753906,131.86000061035156,132.10000610351562,16389,0.0,0.0
2022-12-16 09:30:00-05:00,130.92999267578125,132.57000732421875,130.92999267578125,132.3699951171875,26525,0.0,0.0
2022-12-16 10:30:00-05:00,132.0800018310547,132.14999389648438,131.1999969482422,131.75999450683594,10795,0.0,0.0
2022-12-16 11:30:00-05:00,131.57000732421875,131.57000732421875,130.25,130.4199981689453,10926,0.0,0.0
2022-12-16 12:30:00-05:00,130.22999572753906,130.60000610351562,129.5,130.60000610351562,6244,0.0,0.0
2022-12-16 13:30:00-05:00,130.42999267578125,130.6999969482422,129.80999755859375,130.10000610351562,8654,0.0,0.0
2022-12-16 14:30:00-05:00,130.09500122070312,131.02000427246094,129.91000366210938,131.02000427246094,9246,0.0,0.0
2022-12-16 15:30:00-05:00,131.0,131.35000610351562,129.5800018310547,129.72999572753906,36138,0.0,0.0
2022-12-19 09:30:00-05:00,131.32000732421875,132.47999572753906,130.47000122070312,132.36000061035156,6708,0.0,0.0
2022-12-19 10:30:00-05:00,132.42999267578125,132.83999633789062,131.42999267578125,132.2449951171875,8593,0.0,0.0
2022-12-19 11:30:00-05:00,132.10000610351562,132.30999755859375,131.57000732421875,131.76499938964844,6904,0.0,0.0
2022-12-19 12:30:00-05:00,131.75860595703125,132.22999572753906,131.6300048828125,131.75,9188,0.0,0.0
2022-12-19 13:30:00-05:00,131.75,131.77499389648438,130.8699951171875,130.8699951171875,8696,0.0,0.0
2022-12-19 14:30:00-05:00,131.2949981689453,131.57000732421875,130.97500610351562,131.4250030517578,16101,0.0,0.0
2022-12-19 15:30:00-05:00,131.375,131.63999938964844,131.13499450683594,131.47999572753906,23499,0.0,0.0
2022-12-20 09:30:00-05:00,131.9199981689453,132.90499877929688,131.07000732421875,132.88499450683594,10108,0.0,0.0
2022-12-20 10:30:00-05:00,132.8800048828125,133.8699951171875,132.8800048828125,133.4600067138672,20140,0.0,0.0
2022-12-20 11:30:00-05:00,133.6300048828125,133.6676025390625,132.72000122070312,133.6199951171875,12689,0.0,0.0
2022-12-20 12:30:00-05:00,133.38999938964844,134.07000732421875,133.1999969482422,134.07000732421875,11163,0.0,0.0
2022-12-20 13:30:00-05:00,134.0800018310547,134.66000366210938,134.02999877929688,134.24000549316406,12713,0.0,0.0
2022-12-20 14:30:00-05:00,134.20599365234375,134.4600067138672,133.72999572753906,134.4600067138672,32215,0.0,0.0
2022-12-20 15:30:00-05:00,134.74000549316406,135.72000122070312,134.6699981689453,135.25,42230,0.0,0.0
2022-12-21 09:30:00-05:00,136.88999938964844,138.1009979248047,136.22999572753906,136.75999450683594,5326,0.0,0.0
2022-12-21 10:30:00-05:00,136.75999450683594,137.5800018310547,136.47000122070312,136.8699951171875,8249,0.0,0.0
2022-12-21 11:30:00-05:00,136.66000366210938,136.6999969482422,136.3000030517578,136.38999938964844,2671,0.0,0.0
2022-12-21 12:30:00-05:00,136.38999938964844,137.35000610351562,136.36000061035156,137.1300048828125,12738,0.0,0.0
2022-12-21 13:30:00-05:00,137.38999938964844,138.32000732421875,137.38999938964844,138.0,8861,0.0,0.0
2022-12-21 14:30:00-05:00,137.99000549316406,138.39999389648438,137.30499267578125,138.07000732421875,12156,0.0,0.0
2022-12-21 15:30:00-05:00,138.02999877929688,139.00999450683594,138.02999877929688,138.63999938964844,34954,0.0,0.0
2022-12-22 09:30:00-05:00,138.1999969482422,138.1999969482422,136.75999450683594,136.77000427246094,3257,0.0,0.0
2022-12-22 10:30:00-05:00,136.8000030517578,137.38999938964844,136.4801025390625,137.0,10826,0.0,0.0
2022-12-22 11:30:00-05:00,137.14999389648438,137.14999389648438,136.75999450683594,136.85000610351562,5716,0.0,0.0
2022-12-22 12:30:00-05:00,136.85000610351562,137.07000732421875,136.6999969482422,137.05499267578125,24217,0.0,0.0
2022-12-22 13:30:00-05:00,137.05499267578125,137.57000732421875,136.89999389648438,137.57000732421875,6391,0.0,0.0
2022-12-22 14:30:00-05:00,137.69500732421875,138.86000061035156,137.4499969482422,138.65499877929688,9951,0.0,0.0
2022-12-22 15:30:00-05:00,138.72000122070312,139.8300018310547,138.64999389648438,139.74000549316406,31223,0.0,0.0
2022-12-23 09:30:00-05:00,140.17999267578125,140.17999267578125,139.1529998779297,140.16000366210938,6273,0.0,0.0
2022-12-23 10:30:00-05:00,140.0500030517578,140.24000549316406,139.22999572753906,139.22999572753906,11045,0.0,0.0
2022-12-23 11:30:00-05:00,139.5800018310547,140.35000610351562,139.52999877929688,139.92999267578125,6813,0.0,0.0
2022-12-23 12:30:00-05:00,139.80499267578125,141.22999572753906,139.36000061035156,140.1999969482422,11833,0.0,0.0
2022-12-23 13:30:00-05:00,140.09500122070312,140.48500061035156,139.64999389648438,140.27000427246094,5752,0.0,0.0
2022-12-23 14:30:00-05:00,140.4199981689453,141.14999389648438,140.4199981689453,140.57000732421875,6882,0.0,0.0
2022-12-23 15:30:00-05:00,140.2449951171875,141.10000610351562,140.0800018310547,140.58999633789062,14389,0.0,0.0
2022-12-27 09:30:00-05:00,141.47999572753906,141.86180114746094,140.6300048828125,141.72999572753906,0,0.0,0.0
2022-12-27 10:30:00-05:00,141.7899932861328,141.7899932861328,141.1699981689453,141.1699981689453,11676,0.0,0.0
2022-12-27 11:30:00-05:00,141.14999389648438,141.2899932861328,140.94000244140625,141.07000732421875,5202,0.0,0.0
2022-12-27 12:30:00-05:00,141.09019470214844,141.36500549316406,140.8300018310547,141.16000366210938,6431,0.0,0.0
2022-12-27 13:30:00-05:00,141.26499938964844,141.2899932861328,140.6199951171875,140.6199951171875,6140,0.0,0.0
2022-12-27 14:30:00-05:00,140.22000122070312,141.32000732421875,140.14999389648438,141.25,8504,0.0,0.0
2022-12-27 15:30:00-05:00,141.27000427246094,141.33999633789062,140.8800048828125,141.25,15059,0.0,0.0
2022-12-28 09:30:00-05:00,142.25,142.6999969482422,141.8249969482422,141.86000061035156,0,0.0,0.0
2022-12-28 10:30:00-05:00,141.4199981689453,141.52999877929688,140.8000030517578,141.1300048828125,9832,0.0,0.0
2022-12-28 11:30:00-05:00,141.11500549316406,141.14999389648438,140.60000610351562,140.97999572753906,8267,0.0,0.0
2022-12-28 12:30:00-05:00,140.94000244140625,141.63999938964844,140.94000244140625,141.56500244140625,5065,0.0,0.0
2022-12-28 13:30:00-05:00,141.5,141.5,141.3350067138672,141.38499450683594,5724,0.0,0.0
2022-12-28 14:30:00-05:00,141.4250030517578,141.8000030517578,141.0399932861328,141.2050018310547,7466,0.0,0.0
2022-12-28 15:30:00-05:00,141.3699951171875,141.3800048828125,140.72999572753906,140.88999938964844,23353,0.0,0.0
2022-12-29 09:30:00-05:00,141.55999755859375,142.97999572753906,141.39999389648438,142.57000732421875,3420,0.0,0.0
2022-12-29 10:30:00-05:00,142.6999969482422,142.91000366210938,142.47999572753906,142.75,7006,0.0,0.0
2022-12-29 11:30:00-05:00,142.92999267578125,143.72999572753906,142.92999267578125,143.72999572753906,5084,0.0,0.0
2022-12-29 12:30:00-05:00,143.5500030517578,144.07000732421875,143.10000610351562,143.10000610351562,6931,0.0,0.0
2022-12-29 13:30:00-05:00,143.1999969482422,143.91000366210938,143.00999450683594,143.91000366210938,6326,0.0,0.0
2022-12-29 14:30:00-05:00,143.6199951171875,143.86000061035156,143.5,143.69500732421875,9906,0.0,0.0
2022-12-29 15:30:00-05:00,143.67999267578125,144.94000244140625,143.67999267578125,144.7100067138672,19327,0.0,0.0
2022-12-30 09:30:00-05:00,143.16000366210938,143.82000732421875,142.27999877929688,143.82000732421875,0,0.0,0.0
2022-12-30 10:30:00-05:00,143.69000244140625,144.01499938964844,143.07000732421875,143.07000732421875,4369,0.0,0.0
2022-12-30 11:30:00-05:00,143.2740020751953,144.13999938964844,143.25999450683594,144.13999938964844,8807,0.0,0.0
2022-12-30 12:30:00-05:00,143.92999267578125,144.17999267578125,142.8699951171875,142.8699951171875,6746,0.0,0.0
2022-12-30 13:30:00-05:00,143.23500061035156,143.86000061035156,143.23500061035156,143.69000244140625,10373,0.0,0.0
2022-12-30 14:30:00-05:00,143.72000122070312,144.44000244140625,143.72000122070312,143.97999572753906,18523,0.0,0.0
2022-12-30 15:30:00-05:00,144.0,144.57000732421875,144.0,144.19000244140625,29742,0.0,0.0
2023-01-03 09:30:00-05:00,144.86000061035156,146.3300018310547,143.08999633789062,143.7100067138672,9997,0.0,0.0
2023-01-03 10:30:00-05:00,143.89500427246094,145.11000061035156,143.61000061035156,143.6999969482422,11537,0.0,0.0
2023-01-03 11:30:00-05:00,143.3000030517578,143.3300018310547,142.1999969482422,142.3800048828125,8097,0.0,0.0
2023-01-03 12:30:00-05:00,142.6300048828125,143.8000030517578,141.97000122070312,143.8000030517578,12773,0.0,0.0
2023-01-03 13:30:00-05:00,143.3300018310547,143.58999633789062,142.3800048828125,142.39999389648438,7427,0.0,0.0
2023-01-03 14:30:00-05:00,142.3000030517578,143.91000366210938,142.07000732421875,143.48500061035156,12740,0.0,0.0
2023-01-03 15:30:00-05:00,143.69000244140625,143.86000061035156,143.22999572753906,143.22999572753906,25579,0.0,0.0
2023-01-04 09:30:00-05:00,143.7100067138672,144.89999389648438,142.6300048828125,143.08999633789062,0,0.0,0.0
2023-01-04 10:30:00-05:00,143.10000610351562,143.69000244140625,142.52999877929688,142.52999877929688,8491,0.0,0.0
2023-01-04 11:30:00-05:00,142.55999755859375,144.39500427246094,142.55999755859375,144.05999755859375,7627,0.0,0.0
2023-01-04 12:30:00-05:00,144.19000244140625,144.44500732421875,143.8300018310547,143.91000366210938,10869,0.0,0.0
2023-01-04 13:30:00-05:00,143.9600067138672,144.47500610351562,143.33999633789062,143.39999389648438,11998,0.0,0.0
2023-01-04 14:30:00-05:00,143.36000061035156,143.63999938964844,143.11000061035156,143.2550048828125,10665,0.0,0.0
2023-01-04 15:30:00-05:00,143.3000030517578,143.8249969482422,142.82640075683594,143.7100067138672,49330,0.0,0.0
2023-01-05 09:30:00-05:00,142.4199981689453,142.9550018310547,141.6300048828125,142.89999389648438,7266,0.0,0.0
2023-01-05 10:30:00-05:00,143.11500549316406,143.16000366210938,141.8699951171875,141.92999267578125,7012,0.0,0.0
2023-01-05 11:30:00-05:00,141.97999572753906,142.64500427246094,141.74000549316406,142.32000732421875,7882,0.0,0.0
2023-01-05 12:30:00-05:00,142.6300048828125,142.67999267578125,141.5,142.1699981689453,13377,0.0,0.0
2023-01-05 13:30:00-05:00,142.11500549316406,142.2550048828125,141.6300048828125,141.8000030517578,8446,0.0,0.0
2023-01-05 14:30:00-05:00,141.7899932861328,142.33999633789062,141.24000549316406,141.3800048828125,15088,0.0,0.0
2023-01-05 15:30:00-05:00,141.31500244140625,141.5,140.1199951171875,141.16000366210938,37036,0.0,0.0
2023-01-06 09:30:00-05:00,143.00999450683594,143.00999450683594,141.11000061035156,141.69500732421875,8235,0.0,0.0
2023-01-06 10:30:00-05:00,141.41000366210938,141.72500610351562,140.67999267578125,141.19000244140625,23698,0.0,0.0
2023-01-06 11:30:00-05:00,141.6999969482422,142.2100067138672,141.61000061035156,141.92999267578125,7365,0.0,0.0
2023-01-06 12:30:00-05:00,141.8300018310547,141.8300018310547,141.0,141.71499633789062,16324,0.0,0.0
2023-01-06 13:30:00-05:00,141.64999389648438,142.18499755859375,141.4600067138672,141.6999969482422,14927,0.0,0.0
2023-01-06 14:30:00-05:00,141.7100067138672,141.8699951171875,141.11000061035156,141.11000061035156,15283,0.0,0.0
2023-01-06 15:30:00-05:00,141.09500122070312,141.2100067138672,140.16000366210938,140.25,30306,0.0,0.0
2023-01-09 09:30:00-05:00,140.50999450683594,141.1999969482422,139.85000610351562,141.1999969482422,0,0.0,0.0
2023-01-09 10:30:00-05:00,140.6999969482422,142.0,140.6999969482422,140.7899932861328,11765,0.0,0.0
2023-01-09 11:30:00-05:00,140.4499969482422,140.47000122070312,138.74000549316406,138.74000549316406,12185,0.0,0.0
2023-01-09 12:30:00-05:00,138.67999267578125,138.83999633789062,137.85000610351562,138.02000427246094,14179,0.0,0.0
2023-01-09 13:30:00-05:00,138.02000427246094,138.02000427246094,135.99000549316406,135.99000549316406,25630,0.0,0.0
2023-01-09 14:30:00-05:00,135.86000061035156,135.875,134.69000244140625,134.74000549316406,28617,0.0,0.0
2023-01-09 15:30:00-05:00,134.63999938964844,134.63999938964844,133.07000732421875,133.1699981689453,57265,0.0,0.0
2023-01-10 09:30:00-05:00,133.9499969482422,134.3800048828125,132.72000122070312,133.72999572753906,0,0.0,0.0
2023-01-10 10:30:00-05:00,133.97999572753906,135.27499389648438,133.9499969482422,134.38999938964844,10328,0.0,0.0
2023-01-10 11:30:00-05:00,134.44000244140625,134.44000244140625,133.38499450683594,133.47000122070312,11137,0.0,0.0
2023-01-10 12:30:00-05:00,133.43499755859375,134.0449981689453,133.39999389648438,133.6300048828125,10622,0.0,0.0
2023-01-10 13:30:00-05:00,133.64999389648438,133.75,132.99000549316406,133.36000061035156,23197,0.0,0.0
2023-01-10 14:30:00-05:00,133.36000061035156,133.59500122070312,132.25,132.75999450683594,20836,0.0,0.0
2023-01-10 15:30:00-05:00,132.80999755859375,133.3000030517578,132.80999755859375,133.3000030517578,35516,0.0,0.0
2023-01-11 09:30:00-05:00,133.25,133.7100067138672,132.32000732421875,133.44000244140625,18772,0.0,0.0
2023-01-11 10:30:00-05:00,132.97999572753906,133.0,132.38999938964844,132.42999267578125,4208,0.0,0.0
2023-01-11 11:30:00-05:00,132.38999938964844,133.13999938964844,132.38999938964844,132.94000244140625,6543,0.0,0.0
2023-01-11 12:30:00-05:00,132.75,133.0,132.75,133.0,6147,0.0,0.0
2023-01-11 13:30:00-05:00,133.0,133.1300048828125,132.72000122070312,132.8699951171875,10740,0.0,0.0
2023-01-11 14:30:00-05:00,132.85000610351562,133.13499450683594,132.72000122070312,132.9199981689453,21987,0.0,0.0
2023-01-11 15:30:00-05:00,132.8800048828125,133.05999755859375,132.44000244140625,132.44000244140625,34459,0.0,0.0
2023-01-12 09:30:00-05:00,133.0,133.1199951171875,131.66000366210938,132.64999389648438,0,0.0,0.0
2023-01-12 10:30:00-05:00,132.58999633789062,134.10879516601562,132.58999633789062,133.47999572753906,47783,0.0,0.0
2023-01-12 11:30:00-05:00,133.38999938964844,133.55999755859375,133.0800018310547,133.55999755859375,11140,0.0,0.0
2023-01-12 12:30:00-05:00,133.32000732421875,133.5800018310547,133.02000427246094,133.02000427246094,9352,0.0,0.0
2023-01-12 13:30:00-05:00,132.88499450683594,133.1750030517578,132.5399932861328,132.55799865722656,16799,0.0,0.0
2023-01-12 14:30:00-05:00,132.67999267578125,133.35000610351562,132.58999633789062,133.35000610351562,9343,0.0,0.0
2023-01-12 15:30:00-05:00,133.66000366210938,133.94000244140625,133.16000366210938,133.92999267578125,27925,0.0,0.0
2023-01-13 09:30:00-05:00,133.38999938964844,134.35000610351562,132.4250030517578,133.61000061035156,9087,0.0,0.0
2023-01-13 10:30:00-05:00,133.94000244140625,134.40499877929688,133.50999450683594,134.0800018310547,9916,0.0,0.0
2023-01-13 11:30:00-05:00,134.44090270996094,135.22999572753906,134.44090270996094,135.22999572753906,3191,0.0,0.0
2023-01-13 12:30:00-05:00,135.22500610351562,135.5,134.97000122070312,135.1199951171875,9586,0.0,0.0
2023-01-13 13:30:00-05:00,135.32000732421875,135.33999633789062,134.5050048828125,134.61500549316406,4852,0.0,0.0
2023-01-13 14:30:00-05:00,134.5800018310547,135.24000549316406,134.33999633789062,135.23500061035156,8893,0.0,0.0
2023-01-13 15:30:00-05:00,135.21499633789062,135.2899932861328,134.86000061035156,135.0,16033,0.0,0.0
2023-01-17 09:30:00-05:00,134.5,135.02000427246094,134.19000244140625,134.74000549316406,15183,0.0,0.0
2023-01-17 10:30:00-05:00,134.58999633789062,134.97999572753906,134.22999572753906,134.75999450683594,19055,0.0,0.0
2023-01-17 11:30:00-05:00,134.8350067138672,135.1300048828125,134.5749969482422,134.85000610351562,6066,0.0,0.0
2023-01-17 12:30:00-05:00,134.91000366210938,135.22999572753906,134.88999938964844,135.06500244140625,5624,0.0,0.0
2023-01-17 13:30:00-05:00,135.16000366210938,135.63999938964844,135.07000732421875,135.13999938964844,8998,0.0,0.0
2023-01-17 14:30:00-05:00,135.01499938964844,135.47000122070312,134.97999572753906,135.1999969482422,11857,0.0,0.0
2023-01-17 15:30:00-05:00,135.1199951171875,135.32000732421875,134.85000610351562,134.8800048828125,18851,0.0,0.0
2023-01-18 09:30:00-05:00,134.74000549316406,136.6300048828125,134.7100067138672,135.74000549316406,11555,0.0,0.0
2023-01-18 10:30:00-05:00,135.82000732421875,135.82000732421875,133.4550018310547,133.50999450683594,19602,0.0,0.0
2023-01-18 11:30:00-05:00,133.3800048828125,133.3800048828125,132.38999938964844,132.38999938964844,8315,0.0,0.0
2023-01-18 12:30:00-05:00,132.2949981689453,132.2949981689453,131.49000549316406,132.23500061035156,5812,0.0,0.0
2023-01-18 13:30:00-05:00,132.67999267578125,133.6699981689453,132.2899932861328,132.66000366210938,13288,0.0,0.0
2023-01-18 14:30:00-05:00,132.67559814453125,132.67559814453125,132.1999969482422,132.2100067138672,8810,0.0,0.0
2023-01-18 15:30:00-05:00,132.08999633789062,132.38999938964844,131.89500427246094,132.36000061035156,16053,0.0,0.0
2023-01-19 09:30:00-05:00,132.0,132.38999938964844,131.1699981689453,131.3699951171875,7264,0.0,0.0
2023-01-19 10:30:00-05:00,131.35000610351562,131.35000610351562,130.17999267578125,130.19500732421875,9232,0.0,0.0
2023-01-19 11:30:00-05:00,130.34500122070312,130.74000549316406,129.9149932861328,130.61000061035156,17081,0.0,0.0
2023-01-19 12:30:00-05:00,130.6199951171875,130.72000122070312,130.27999877929688,130.27999877929688,4269,0.0,0.0
2023-01-19 13:30:00-05:00,130.57000732421875,130.66000366210938,130.03500366210938,130.49000549316406,7938,0.0,0.0
2023-01-19 14:30:00-05:00,130.44000244140625,130.5800018310547,130.16000366210938,130.2100067138672,7323,0.0,0.0
2023-01-19 15:30:00-05:00,130.18499755859375,130.2550048828125,129.50999450683594,129.50999450683594,18640,0.0,0.0
2023-01-20 09:30:00-05:00,130.42999267578125,131.0,129.1699981689453,131.0,0,0.0,0.0
2023-01-20 10:30:00-05:00,131.3800048828125,131.9550018310547,131.05999755859375,131.84500122070312,34197,0.0,0.0
2023-01-20 11:30:00-05:00,131.75999450683594,132.14500427246094,131.3699951171875,131.58999633789062,9806,0.0,0.0
2023-01-20 12:30:00-05:00,131.80999755859375,131.80999755859375,130.6999969482422,130.6999969482422,5211,0.0,0.0
2023-01-20 13:30:00-05:00,131.38490295410156,131.38870239257812,131.0399932861328,131.25,5056,0.0,0.0
2023-01-20 14:30:00-05:00,131.27000427246094,131.6750030517578,130.97000122070312,131.55999755859375,9541,0.0,0.0
2023-01-20 15:30:00-05:00,131.59500122070312,132.3000030517578,131.27999877929688,132.2899932861328,29119,0.0,0.0
2023-01-23 09:30:00-05:00,132.1999969482422,132.4149932861328,131.30999755859375,131.7100067138672,11265,0.0,0.0
2023-01-23 10:30:00-05:00,131.58999633789062,131.8800048828125,130.8800048828125,131.22500610351562,10448,0.0,0.0
2023-01-23 11:30:00-05:00,131.2899932861328,131.42999267578125,130.99000549316406,131.3000030517578,13517,0.0,0.0
2023-01-23 12:30:00-05:00,131.69000244140625,132.1999969482422,131.5500030517578,131.83999633789062,8121,0.0,0.0
2023-01-23 13:30:00-05:00,131.72999572753906,131.85000610351562,130.72999572753906,130.72999572753906,9677,0.0,0.0
2023-01-23 14:30:00-05:00,131.14999389648438,131.14999389648438,130.57000732421875,130.76499938964844,10691,0.0,0.0
2023-01-23 15:30:00-05:00,130.77499389648438,131.27999877929688,130.6699981689453,130.89999389648438,15564,0.0,0.0
2023-01-24 09:30:00-05:00,130.89500427246094,130.89500427246094,130.22000122070312,130.57000732421875,14257,0.0,0.0
2023-01-24 10:30:00-05:00,130.67999267578125,132.24000549316406,130.4199981689453,131.93499755859375,19059,0.0,0.0
2023-01-24 11:30:00-05:00,131.7899932861328,131.9199981689453,131.22999572753906,131.30999755859375,15087,0.0,0.0
2023-01-24 12:30:00-05:00,131.2899932861328,131.97000122070312,130.86000061035156,131.77000427246094,23524,0.0,0.0
2023-01-24 13:30:00-05:00,132.24000549316406,132.3350067138672,131.32000732421875,131.59500122070312,11394,0.0,0.0
2023-01-24 14:30:00-05:00,131.57000732421875,131.75,131.4600067138672,131.4600067138672,9741,0.0,0.0
2023-01-24 15:30:00-05:00,131.42999267578125,131.43499755859375,130.74000549316406,130.74000549316406,39727,0.0,0.0
2023-01-25 09:30:00-05:00,130.1699981689453,130.2100067138672,128.8300018310547,129.72500610351562,0,0.0,0.0
2023-01-25 10:30:00-05:00,129.92999267578125,129.92999267578125,128.72000122070312,129.2550048828125,12637,0.0,0.0
2023-01-25 11:30:00-05:00,129.36000061035156,130.22999572753906,129.25,129.69000244140625,18111,0.0,0.0
2023-01-25 12:30:00-05:00,129.72000122070312,131.80999755859375,129.42999267578125,131.75999450683594,7750,0.0,0.0
2023-01-25 13:30:00-05:00,131.7899932861328,132.72000122070312,131.625,132.5500030517578,13314,0.0,0.0
2023-01-25 14:30:00-05:00,132.39500427246094,132.94000244140625,132.17999267578125,132.52000427246094,11631,0.0,0.0
2023-01-25 15:30:00-05:00,132.8000030517578,132.8000030517578,132.11000061035156,132.25999450683594,23516,0.0,0.0
2023-01-26 09:30:00-05:00,133.3699951171875,133.3800048828125,131.47999572753906,132.68499755859375,0,0.0,0.0
2023-01-26 10:30:00-05:00,133.22000122070312,133.55999755859375,132.77999877929688,132.88999938964844,21812,0.0,0.0
2023-01-26 11:30:00-05:00,133.30499267578125,133.77000427246094,133.1699981689453,133.46499633789062,6531,0.0,0.0
2023-01-26 12:30:00-05:00,133.4600067138672,133.51499938964844,133.02499389648438,133.22999572753906,5789,0.0,0.0
2023-01-26 13:30:00-05:00,133.25,133.52000427246094,133.09500122070312,133.09500122070312,5977,0.0,0.0
2023-01-26 14:30:00-05:00,132.88999938964844,133.47999572753906,132.88999938964844,133.39999389648438,9358,0.0,0.0
2023-01-26 15:30:00-05:00,133.27000427246094,134.1300048828125,133.22000122070312,134.0800018310547,20574,0.0,0.0
2023-01-27 09:30:00-05:00,134.0,134.51499938964844,133.47999572753906,134.39999389648438,4454,0.0,0.0
2023-01-27 10:30:00-05:00,134.41000366210938,134.41000366210938,132.80050659179688,133.22999572753906,6706,0.0,0.0
2023-01-27 11:30:00-05:00,133.35000610351562,133.7050018310547,133.35000610351562,133.5,5001,0.0,0.0
2023-01-27 12:30:00-05:00,133.22000122070312,133.72999572753906,133.22000122070312,133.55499267578125,3285,0.0,0.0
2023-01-27 13:30:00-05:00,133.6199951171875,133.64999389648438,133.24000549316406,133.44500732421875,5115,0.0,0.0
2023-01-27 14:30:00-05:00,133.52000427246094,134.3000030517578,133.44000244140625,134.3000030517578,8466,0.0,0.0
2023-01-27 15:30:00-05:00,134.5500030517578,134.5500030517578,134.10000610351562,134.4199981689453,14995,0.0,0.0
2023-01-30 09:30:00-05:00,134.00999450683594,135.55589294433594,134.00999450683594,134.77999877929688,9773,0.0,0.0
2023-01-30 10:30:00-05:00,134.8000030517578,134.8000030517578,133.5500030517578,134.33999633789062,7411,0.0,0.0
2023-01-30 11:30:00-05:00,134.4499969482422,134.4499969482422,133.5800018310547,133.66000366210938,5917,0.0,0.0
2023-01-30 12:30:00-05:00,133.6199951171875,133.7899932861328,133.5,133.7899932861328,6418,0.0,0.0
2023-01-30 13:30:00-05:00,133.86000061035156,134.10000610351562,133.5500030517578,133.5500030517578,8205,0.0,0.0
2023-01-30 14:30:00-05:00,133.64999389648438,133.78500366210938,133.38999938964844,133.4250030517578,8380,0.0,0.0
2023-01-30 15:30:00-05:00,133.5800018310547,133.75999450683594,133.13999938964844,133.6999969482422,31740,0.0,0.0
2023-01-31 09:30:00-05:00,133.6699981689453,134.92999267578125,133.4199981689453,134.9199981689453,10498,0.0,0.0
2023-01-31 10:30:00-05:00,135.0,135.49000549316406,134.08999633789062,134.4499969482422,15643,0.0,0.0
2023-01-31 11:30:00-05:00,134.375,135.22000122070312,134.375,134.86000061035156,24310,0.0,0.0
2023-01-31 12:30:00-05:00,134.80999755859375,135.6699981689453,134.80999755859375,135.6699981689453,13316,0.0,0.0
2023-01-31 13:30:00-05:00,135.65499877929688,135.8800048828125,135.35000610351562,135.8699951171875,15612,0.0,0.0
2023-01-31 14:30:00-05:00,135.8699951171875,136.0800018310547,135.63999938964844,135.8800048828125,20577,0.0,0.0
2023-01-31 15:30:00-05:00,136.02000427246094,137.4949951171875,135.7949981689453,136.38999938964844,127385,0.0,0.0
2023-02-01 09:30:00-05:00,135.6699981689453,137.4600067138672,135.6699981689453,137.3699951171875,8725,0.0,0.0
2023-02-01 10:30:00-05:00,137.2899932861328,137.4199981689453,136.42999267578125,137.30999755859375,11685,0.0,0.0
2023-02-01 11:30:00-05:00,137.4600067138672,137.49000549316406,136.68499755859375,136.69000244140625,7643,0.0,0.0
2023-02-01 12:30:00-05:00,136.66000366210938,137.3699951171875,136.6300048828125,137.3699951171875,7833,0.0,0.0
2023-02-01 13:30:00-05:00,137.3800048828125,137.8000030517578,137.11500549316406,137.4600067138672,9655,0.0,0.0
2023-02-01 14:30:00-05:00,137.49000549316406,139.25999450683594,136.82000732421875,139.00999450683594,15111,0.0,0.0
2023-02-01 15:30:00-05:00,139.07000732421875,139.83999633789062,138.5800018310547,138.97000122070312,30876,0.0,0.0
2023-02-02 09:30:00-05:00,139.1699981689453,139.52999877929688,138.41000366210938,139.1199951171875,5703,0.0,0.0
2023-02-02 10:30:00-05:00,139.10499572753906,139.27999877929688,138.5500030517578,138.77000427246094,7548,0.0,0.0
2023-02-02 11:30:00-05:00,139.0449981689453,139.77999877929688,138.6999969482422,139.64999389648438,11111,0.0,0.0
2023-02-02 12:30:00-05:00,139.44000244140625,139.44000244140625,139.02999877929688,139.1750030517578,5656,0.0,0.0
2023-02-02 13:30:00-05:00,138.97999572753906,140.22999572753906,138.97999572753906,139.75,19979,0.0,0.0
2023-02-02 14:30:00-05:00,139.6300048828125,140.25,139.50999450683594,140.0500030517578,34415,0.0,0.0
2023-02-02 15:30:00-05:00,140.0500030517578,140.82000732421875,139.91000366210938,140.7899932861328,21166,0.0,0.0
2023-02-03 09:30:00-05:00,140.4499969482422,141.42999267578125,139.07000732421875,140.91000366210938,10618,0.0,0.0
2023-02-03 10:30:00-05:00,141.0,141.0800018310547,140.25,140.9499969482422,5768,0.0,0.0
2023-02-03 11:30:00-05:00,140.9550018310547,141.10000610351562,140.44000244140625,140.6699981689453,4984,0.0,0.0
2023-02-03 12:30:00-05:00,140.67999267578125,140.9199981689453,139.27000427246094,139.72999572753906,5366,0.0,0.0
2023-02-03 13:30:00-05:00,139.72000122070312,140.22000122070312,139.3350067138672,139.6999969482422,10479,0.0,0.0
2023-02-03 14:30:00-05:00,139.6300048828125,140.8800048828125,139.32000732421875,140.47999572753906,15042,0.0,0.0
2023-02-03 15:30:00-05:00,140.375,140.61000061035156,140.0500030517578,140.42999267578125,14400,0.0,0.0
2023-02-06 09:30:00-05:00,139.17999267578125,139.69000244140625,138.64999389648438,138.6699981689453,5432,0.0,0.0
2023-02-06 10:30:00-05:00,138.51499938964844,139.2899932861328,138.51499938964844,138.55999755859375,7632,0.0,0.0
2023-02-06 11:30:00-05:00,138.55999755859375,138.55999755859375,137.80999755859375,138.2949981689453,14413,0.0,0.0
2023-02-06 12:30:00-05:00,138.26499938964844,138.4499969482422,138.02000427246094,138.14999389648438,4918,0.0,0.0
2023-02-06 13:30:00-05:00,138.1300048828125,138.38999938964844,138.02000427246094,138.33999633789062,4627,0.0,0.0
2023-02-06 14:30:00-05:00,138.31500244140625,138.31500244140625,137.60000610351562,137.86000061035156,8795,0.0,0.0
2023-02-06 15:30:00-05:00,137.72999572753906,138.1699981689453,137.5399932861328,137.6300048828125,21272,0.0,0.0
2023-02-07 09:30:00-05:00,136.47000122070312,136.47000122070312,135.4199981689453,135.6300048828125,8771,0.0,0.0
2023-02-07 10:30:00-05:00,135.44000244140625,135.7949981689453,135.25999450683594,135.60000610351562,8778,0.0,0.0
2023-02-07 11:30:00-05:00,135.58999633789062,136.0500030517578,135.58999633789062,135.80999755859375,10676,0.0,0.0
2023-02-07 12:30:00-05:00,136.0500030517578,137.13499450683594,135.55999755859375,135.57000732421875,14708,0.0,0.0
2023-02-07 13:30:00-05:00,135.25,136.69000244140625,134.84500122070312,136.5800018310547,11586,0.0,0.0
2023-02-07 14:30:00-05:00,136.69000244140625,136.8800048828125,136.26499938964844,136.72000122070312,17890,0.0,0.0
2023-02-07 15:30:00-05:00,136.72000122070312,137.49000549316406,136.39999389648438,137.49000549316406,26746,0.0,0.0
2023-02-08 09:30:00-05:00,137.0399932861328,137.0399932861328,135.9600067138672,136.7899932861328,2263,0.0,0.0
2023-02-08 10:30:00-05:00,136.2263946533203,137.36000061035156,136.2263946533203,136.7100067138672,5078,0.0,0.0
2023-02-08 11:30:00-05:00,136.99000549316406,137.5,136.77000427246094,137.35000610351562,3746,0.0,0.0
2023-02-08 12:30:00-05:00,137.40499877929688,137.58999633789062,137.22999572753906,137.38999938964844,5214,0.0,0.0
2023-02-08 13:30:00-05:00,137.22999572753906,137.5500030517578,136.96499633789062,136.96499633789062,5372,0.0,0.0
2023-02-08 14:30:00-05:00,137.11000061035156,137.36000061035156,137.11000061035156,137.14999389648438,4235,0.0,0.0
2023-02-08 15:30:00-05:00,137.27000427246094,137.2899932861328,136.2899932861328,136.2899932861328,17569,0.0,0.0
2023-02-09 09:30:00-05:00,137.05999755859375,137.6999969482422,136.47000122070312,137.0,0,0.0,0.0
2023-02-09 10:30:00-05:00,137.0449981689453,137.6750030517578,136.9149932861328,136.9199981689453,7191,0.0,0.0
2023-02-09 11:30:00-05:00,136.9633026123047,137.30999755859375,136.9199981689453,137.30999755859375,6260,0.0,0.0
2023-02-09 12:30:00-05:00,137.10499572753906,137.10499572753906,136.47000122070312,136.75999450683594,7267,0.0,0.0
2023-02-09 13:30:00-05:00,136.4499969482422,136.9250030517578,136.4149932861328,136.6999969482422,5776,0.0,0.0
2023-02-09 14:30:00-05:00,136.86000061035156,137.27999877929688,136.38999938964844,136.38999938964844,8690,0.0,0.0
2023-02-09 15:30:00-05:00,136.4949951171875,136.5800018310547,135.82000732421875,135.88999938964844,17610,0.0,0.0
2023-02-10 09:30:00-05:00,135.5,136.97999572753906,135.35000610351562,136.5800018310547,7866,0.0,0.0
2023-02-10 10:30:00-05:00,136.5,136.75999450683594,135.97999572753906,136.75999450683594,7130,0.0,0.0
2023-02-10 11:30:00-05:00,136.42999267578125,136.5800018310547,135.4199981689453,135.66000366210938,8375,0.0,0.0
2023-02-10 12:30:00-05:00,135.5500030517578,136.25,135.5500030517578,136.25,13165,0.0,0.0
2023-02-10 13:30:00-05:00,136.38999938964844,136.38999938964844,135.8000030517578,136.125,7444,0.0,0.0
2023-02-10 14:30:00-05:00,136.19000244140625,136.50999450683594,136.0800018310547,136.14999389648438,8683,0.0,0.0
2023-02-10 15:30:00-05:00,136.16000366210938,136.8000030517578,136.13999938964844,136.6699981689453,17759,0.0,0.0
2023-02-13 09:30:00-05:00,136.0500030517578,137.27000427246094,135.69000244140625,137.27000427246094,4481,0.0,0.0
2023-02-13 10:30:00-05:00,137.32000732421875,137.42999267578125,136.5399932861328,136.85000610351562,4836,0.0,0.0
2023-02-13 11:30:00-05:00,137.0399932861328,137.0399932861328,136.75,136.85000610351562,3821,0.0,0.0
2023-02-13 12:30:00-05:00,136.80999755859375,137.00999450683594,136.80999755859375,136.89999389648438,2873,0.0,0.0
2023-02-13 13:30:00-05:00,137.16000366210938,137.16000366210938,136.77999877929688,136.77999877929688,3902,0.0,0.0
2023-02-13 14:30:00-05:00,137.11000061035156,137.17999267578125,136.97000122070312,137.13999938964844,3193,0.0,0.0
2023-02-13 15:30:00-05:00,137.27000427246094,137.75999450683594,137.25,137.75999450683594,16684,0.0,0.0
2023-02-14 09:30:00-05:00,137.86000061035156,137.86000061035156,135.51499938964844,136.3300018310547,9358,0.0,0.0
2023-02-14 10:30:00-05:00,135.58999633789062,136.6699981689453,135.3000030517578,136.24000549316406,13013,0.0,0.0
2023-02-14 11:30:00-05:00,135.8800048828125,136.5800018310547,135.6300048828125,136.39500427246094,3262,0.0,0.0
2023-02-14 12:30:00-05:00,136.5500030517578,137.30999755859375,136.41000366210938,136.92999267578125,5456,0.0,0.0
2023-02-14 13:30:00-05:00,136.97000122070312,137.52000427246094,136.9499969482422,137.32000732421875,7791,0.0,0.0
2023-02-14 14:30:00-05:00,137.51499938964844,137.51499938964844,137.02000427246094,137.1199951171875,5480,0.0,0.0
2023-02-14 15:30:00-05:00,137.16000366210938,137.2899932861328,136.4600067138672,136.5500030517578,19255,0.0,0.0
2023-02-15 09:30:00-05:00,135.82000732421875,137.0399932861328,135.7899932861328,137.0399932861328,6678,0.0,0.0
2023-02-15 10:30:00-05:00,136.88999938964844,137.4250030517578,136.88999938964844,137.41000366210938,4069,0.0,0.0
2023-02-15 11:30:00-05:00,137.5500030517578,138.0800018310547,137.25,137.8699951171875,8403,0.0,0.0
2023-02-15 12:30:00-05:00,137.75,138.00999450683594,137.75,137.8300018310547,5761,0.0,0.0
2023-02-15 13:30:00-05:00,137.68499755859375,138.11000061035156,137.68499755859375,138.11000061035156,7551,0.0,0.0
2023-02-15 14:30:00-05:00,138.36000061035156,138.63999938964844,138.1199951171875,138.1999969482422,11504,0.0,0.0
2023-02-15 15:30:00-05:00,138.02000427246094,138.1199951171875,137.27999877929688,137.52000427246094,29437,0.0,0.0
2023-02-16 09:30:00-05:00,137.24000549316406,142.47999572753906,132.19000244140625,139.38999938964844,15710,0.0,0.0
2023-02-16 10:30:00-05:00,139.38999938964844,142.25999450683594,139.38999938964844,142.25999450683594,13313,0.0,0.0
2023-02-16 11:30:00-05:00,141.3800048828125,142.08999633789062,140.60000610351562,141.625,18770,0.0,0.0
2023-02-16 12:30:00-05:00,141.72000122070312,142.6699981689453,141.41000366210938,141.41000366210938,11337,0.0,0.0
2023-02-16 13:30:00-05:00,141.63999938964844,141.7198944091797,140.64999389648438,140.74000549316406,8463,0.0,0.0
2023-02-16 14:30:00-05:00,140.50999450683594,140.7100067138672,139.83999633789062,139.94000244140625,11799,0.0,0.0
2023-02-16 15:30:00-05:00,139.85000610351562,140.16000366210938,139.10000610351562,139.38999938964844,40552,0.0,0.0
2023-02-17 09:30:00-05:00,140.35000610351562,141.63499450683594,139.24009704589844,141.63499450683594,0,0.0,0.0
2023-02-17 10:30:00-05:00,141.30499267578125,141.58999633789062,140.1300048828125,140.22999572753906,12100,0.0,0.0
2023-02-17 11:30:00-05:00,140.25999450683594,141.30999755859375,140.25999450683594,140.8800048828125,8781,0.0,0.0
2023-02-17 12:30:00-05:00,140.89500427246094,141.25,140.4600067138672,141.2100067138672,7918,0.0,0.0
2023-02-17 13:30:00-05:00,141.10499572753906,141.625,141.02000427246094,141.625,8872,0.0,0.0
2023-02-17 14:30:00-05:00,141.5,141.63999938964844,140.97000122070312,141.17999267578125,14004,0.0,0.0
2023-02-17 15:30:00-05:00,141.10000610351562,141.36000061035156,140.1300048828125,140.1300048828125,26002,0.0,0.0
2023-02-21 09:30:00-05:00,139.7100067138672,139.7100067138672,137.8249969482422,137.8249969482422,6621,0.0,0.0
2023-02-21 10:30:00-05:00,137.6199951171875,138.05999755859375,136.60000610351562,137.3300018310547,9123,0.0,0.0
2023-02-21 11:30:00-05:00,137.11270141601562,137.11270141601562,135.4600067138672,135.64500427246094,9468,0.0,0.0
2023-02-21 12:30:00-05:00,135.5800018310547,135.72000122070312,135.27999877929688,135.52499389648438,3508,0.0,0.0
2023-02-21 13:30:00-05:00,135.52499389648438,135.52499389648438,134.35000610351562,134.8800048828125,7029,0.0,0.0
2023-02-21 14:30:00-05:00,134.97999572753906,134.97999572753906,134.67999267578125,134.74639892578125,5145,0.0,0.0
2023-02-21 15:30:00-05:00,134.75169372558594,134.83999633789062,133.42999267578125,133.72999572753906,29398,0.0,0.0
2023-02-22 09:30:00-05:00,133.97999572753906,135.6999969482422,132.82000732421875,135.6999969482422,4969,0.0,0.0
2023-02-22 10:30:00-05:00,135.7740020751953,136.0399932861328,135.2899932861328,135.67999267578125,4515,0.0,0.0
2023-02-22 11:30:00-05:00,135.5,135.93569946289062,134.83999633789062,134.83999633789062,5203,0.0,0.0
2023-02-22 12:30:00-05:00,134.9949951171875,135.91000366210938,134.92999267578125,135.5800018310547,5197,0.0,0.0
2023-02-22 13:30:00-05:00,135.5,135.6999969482422,134.1300048828125,134.89999389648438,9154,0.0,0.0
2023-02-22 14:30:00-05:00,134.80999755859375,134.80999755859375,133.70089721679688,133.89999389648438,8801,0.0,0.0
2023-02-22 15:30:00-05:00,134.08999633789062,134.08999633789062,133.57000732421875,133.6300048828125,15629,0.0,0.0
2023-02-23 09:30:00-05:00,134.24000549316406,134.8699951171875,133.2100067138672,133.69000244140625,7667,0.0,0.0
2023-02-23 10:30:00-05:00,133.63999938964844,133.63999938964844,132.38499450683594,132.38499450683594,5555,0.0,0.0
2023-02-23 11:30:00-05:00,132.19000244140625,132.38499450683594,131.66000366210938,131.7100067138672,5119,0.0,0.0
2023-02-23 12:30:00-05:00,131.75999450683594,131.99000549316406,130.97999572753906,131.68499755859375,67663,0.0,0.0
2023-02-23 13:30:00-05:00,131.58999633789062,132.0800018310547,131.3300018310547,132.0800018310547,5685,0.0,0.0
2023-02-23 14:30:00-05:00,132.10000610351562,133.15499877929688,132.10000610351562,133.15499877929688,12517,0.0,0.0
2023-02-23 15:30:00-05:00,133.14999389648438,134.02999877929688,133.14999389648438,134.02000427246094,29486,0.0,0.0
2023-02-24 09:30:00-05:00,132.60000610351562,133.9499969482422,131.49000549316406,132.0,32057,0.0,0.0
2023-02-24 10:30:00-05:00,132.0,133.97000122070312,131.47999572753906,133.97000122070312,12248,0.0,0.0
2023-02-24 11:30:00-05:00,133.9550018310547,134.1999969482422,133.14999389648438,133.14999389648438,9250,0.0,0.0
2023-02-24 12:30:00-05:00,132.89999389648438,133.67999267578125,132.8000030517578,133.67999267578125,7127,0.0,0.0
2023-02-24 13:30:00-05:00,133.94000244140625,134.19000244140625,133.80999755859375,134.05999755859375,5849,0.0,0.0
2023-02-24 14:30:00-05:00,134.0,134.61500549316406,134.0,134.4149932861328,7724,0.0,0.0
2023-02-24 15:30:00-05:00,134.4149932861328,134.8000030517578,134.22000122070312,134.44000244140625,22488,0.0,0.0
2023-02-27 09:30:00-05:00,135.2899932861328,135.9600067138672,133.91000366210938,135.9600067138672,8666,0.0,0.0
2023-02-27 10:30:00-05:00,135.6300048828125,136.10000610351562,135.36000061035156,135.77000427246094,7199,0.0,0.0
2023-02-27 11:30:00-05:00,135.47999572753906,135.61000061035156,135.19000244140625,135.44000244140625,8006,0.0,0.0
2023-02-27 12:30:00-05:00,135.55999755859375,135.8000030517578,135.14999389648438,135.5399932861328,4532,0.0,0.0
2023-02-27 13:30:00-05:00,135.57000732421875,135.76499938964844,135.24000549316406,135.38999938964844,8447,0.0,0.0
2023-02-27 14:30:00-05:00,135.3800048828125,135.42999267578125,134.1699981689453,134.47999572753906,11836,0.0,0.0
2023-02-27 15:30:00-05:00,134.47000122070312,134.5780029296875,134.0399932861328,134.0500030517578,14217,0.0,0.0
2023-02-28 09:30:00-05:00,133.9499969482422,138.0500030517578,133.9499969482422,136.34500122070312,38503,0.0,0.0
2023-02-28 10:30:00-05:00,135.9949951171875,136.72999572753906,135.76499938964844,136.72999572753906,4698,0.0,0.0
2023-02-28 11:30:00-05:00,136.6999969482422,136.6999969482422,136.22999572753906,136.3000030517578,3764,0.0,0.0
2023-02-28 12:30:00-05:00,136.41000366210938,136.48500061035156,136.05499267578125,136.43499755859375,6209,0.0,0.0
2023-02-28 13:30:00-05:00,136.3000030517578,136.36000061035156,136.00999450683594,136.11000061035156,4120,0.0,0.0
2023-02-28 14:30:00-05:00,135.66000366210938,135.77499389648438,134.86000061035156,134.97999572753906,15039,0.0,0.0
2023-02-28 15:30:00-05:00,134.77000427246094,135.02999877929688,134.3000030517578,134.3000030517578,17839,0.0,0.0
2023-03-01 09:30:00-05:00,133.85000610351562,135.0,133.60000610351562,133.9600067138672,15853,0.0,0.0
2023-03-01 10:30:00-05:00,134.05999755859375,134.05999755859375,132.5500030517578,132.5500030517578,6980,0.0,0.0
2023-03-01 11:30:00-05:00,133.05999755859375,134.07000732421875,132.8699951171875,133.97500610351562,4708,0.0,0.0
2023-03-01 12:30:00-05:00,134.22000122070312,134.58999633789062,133.63999938964844,133.63999938964844,9103,0.0,0.0
2023-03-01 13:30:00-05:00,133.61000061035156,133.75999450683594,133.38999938964844,133.75999450683594,3894,0.0,0.0
2023-03-01 14:30:00-05:00,133.5399932861328,133.5399932861328,133.16000366210938,133.3249969482422,7664,0.0,0.0
2023-03-01 15:30:00-05:00,133.4199981689453,133.85499572753906,133.4199981689453,133.4199981689453,16644,0.0,0.0
2023-03-02 09:30:00-05:00,132.94000244140625,134.3800048828125,132.0,134.3800048828125,4582,0.0,0.0
2023-03-02 10:30:00-05:00,134.23460388183594,134.60000610351562,133.92999267578125,134.1199951171875,4780,0.0,0.0
2023-03-02 11:30:00-05:00,134.10499572753906,134.61000061035156,133.38999938964844,134.4550018310547,3956,0.0,0.0
2023-03-02 12:30:00-05:00,134.47000122070312,134.47000122070312,133.72000122070312,133.72000122070312,2730,0.0,0.0
2023-03-02 13:30:00-05:00,133.6999969482422,135.05999755859375,133.60000610351562,135.05999755859375,12912,0.0,0.0
2023-03-02 14:30:00-05:00,134.85499572753906,134.88499450683594,134.85499572753906,134.88499450683594,1669,0.0,0.0
2023-03-02 15:30:00-05:00,135.13999938964844,135.83999633789062,135.07000732421875,135.2100067138672,23627,0.0,0.0
2023-03-03 09:30:00-05:00,135.50999450683594,136.1999969482422,134.44000244140625,134.77999877929688,4300,0.0,0.0
2023-03-03 10:30:00-05:00,134.64999389648438,135.47999572753906,134.10000610351562,135.1999969482422,12389,0.0,0.0
2023-03-03 11:30:00-05:00,134.83999633789062,135.0500030517578,134.6999969482422,134.6999969482422,3931,0.0,0.0
2023-03-03 12:30:00-05:00,134.64999389648438,135.3000030517578,134.64999389648438,135.23500061035156,9494,0.0,0.0
2023-03-03 13:30:00-05:00,135.0800018310547,135.10000610351562,134.89999389648438,135.10000610351562,3210,0.0,0.0
2023-03-03 14:30:00-05:00,135.07000732421875,135.5,135.0500030517578,135.4199981689453,6955,0.0,0.0
2023-03-03 15:30:00-05:00,135.39999389648438,135.8699951171875,135.36000061035156,135.66000366210938,12148,0.0,0.0
2023-03-06 09:30:00-05:00,135.3699951171875,136.0,134.3000030517578,135.05999755859375,10975,0.0,0.0
2023-03-06 10:30:00-05:00,134.60000610351562,134.60000610351562,134.02999877929688,134.5500030517578,7165,0.0,0.0
2023-03-06 11:30:00-05:00,134.63999938964844,135.05999755859375,133.85000610351562,134.88999938964844,5995,0.0,0.0
2023-03-06 12:30:00-05:00,134.69000244140625,135.88999938964844,134.64999389648438,135.40499877929688,12533,0.0,0.0
2023-03-06 13:30:00-05:00,135.5,136.13999938964844,135.4199981689453,135.74000549316406,14107,0.0,0.0
2023-03-06 14:30:00-05:00,135.83799743652344,135.83799743652344,135.2899932861328,135.5500030517578,8994,0.0,0.0
2023-03-06 15:30:00-05:00,135.5500030517578,136.60000610351562,135.44000244140625,136.60000610351562,25242,0.0,0.0
2023-03-07 09:30:00-05:00,136.3300018310547,136.67999267578125,135.77000427246094,136.2100067138672,10088,0.0,0.0
2023-03-07 10:30:00-05:00,136.4600067138672,136.4600067138672,135.92999267578125,136.1999969482422,7674,0.0,0.0
2023-03-07 11:30:00-05:00,135.88999938964844,136.50999450683594,135.6300048828125,136.47000122070312,7911,0.0,0.0
2023-03-07 12:30:00-05:00,136.32000732421875,136.4600067138672,135.84500122070312,136.19000244140625,11481,0.0,0.0
2023-03-07 13:30:00-05:00,136.22000122070312,136.32000732421875,135.90499877929688,136.32000732421875,10328,0.0,0.0
2023-03-07 14:30:00-05:00,136.3699951171875,136.5050048828125,135.74000549316406,136.39999389648438,13529,0.0,0.0
2023-03-07 15:30:00-05:00,136.4600067138672,136.60000610351562,135.82000732421875,136.0,22715,0.0,0.0
2023-03-08 09:30:00-05:00,136.1999969482422,137.0,135.39999389648438,136.0,44119,0.0,0.0
2023-03-08 10:30:00-05:00,136.5399932861328,137.2100067138672,136.5399932861328,137.2100067138672,26121,0.0,0.0
2023-03-08 11:30:00-05:00,137.3800048828125,137.47000122070312,136.875,136.875,6444,0.0,0.0
2023-03-08 12:30:00-05:00,136.52000427246094,137.39999389648438,136.0500030517578,137.21499633789062,71497,0.0,0.0
2023-03-08 13:30:00-05:00,137.0,137.1300048828125,136.83999633789062,136.91000366210938,17587,0.0,0.0
2023-03-08 14:30:00-05:00,136.9250030517578,137.0399932861328,136.7949981689453,137.0399932861328,12459,0.0,0.0
2023-03-08 15:30:00-05:00,137.0050048828125,137.89999389648438,137.0050048828125,137.72000122070312,23841,0.0,0.0
2023-03-09 09:30:00-05:00,138.42999267578125,138.6999969482422,137.0500030517578,138.11000061035156,7759,0.0,0.0
2023-03-09 10:30:00-05:00,138.08999633789062,138.42999267578125,137.71499633789062,138.07000732421875,5528,0.0,0.0
2023-03-09 11:30:00-05:00,137.69000244140625,137.97999572753906,137.69000244140625,137.9425048828125,5035,0.0,0.0
2023-03-09 12:30:00-05:00,137.83999633789062,138.08999633789062,137.60499572753906,138.07000732421875,13554,0.0,0.0
2023-03-09 13:30:00-05:00,137.8800048828125,138.10000610351562,137.77000427246094,137.97000122070312,28672,0.0,0.0
2023-03-09 14:30:00-05:00,137.88999938964844,137.94000244140625,136.74000549316406,136.77000427246094,33869,0.0,0.0
2023-03-09 15:30:00-05:00,136.80999755859375,136.80999755859375,135.92999267578125,135.92999267578125,28286,0.0,0.0
2023-03-10 09:30:00-05:00,135.9600067138672,135.9600067138672,133.6999969482422,134.7550048828125,0,0.0,0.0
2023-03-10 10:30:00-05:00,134.71499633789062,135.5399932861328,134.71499633789062,135.18499755859375,5043,0.0,0.0
2023-03-10 11:30:00-05:00,135.5,135.6999969482422,134.40249633789062,134.77000427246094,7723,0.0,0.0
2023-03-10 12:30:00-05:00,134.7449951171875,134.7449951171875,133.88499450683594,134.0850067138672,9450,0.0,0.0
2023-03-10 13:30:00-05:00,133.92999267578125,134.1300048828125,133.1300048828125,133.27000427246094,37850,0.0,0.0
2023-03-10 14:30:00-05:00,133.72000122070312,134.14500427246094,132.9600067138672,133.80499267578125,23862,0.0,0.0
2023-03-10 15:30:00-05:00,133.63999938964844,133.63999938964844,132.6999969482422,133.16000366210938,26731,0.0,0.0
2023-03-13 09:30:00-04:00,131.6999969482422,132.5,131.19000244140625,131.58999633789062,19347,0.0,0.0
2023-03-13 10:30:00-04:00,131.55999755859375,133.11000061035156,131.5,133.11000061035156,6788,0.0,0.0
2023-03-13 11:30:00-04:00,132.76499938964844,132.76499938964844,131.6300048828125,131.86500549316406,14966,0.0,0.0
2023-03-13 12:30:00-04:00,131.63999938964844,132.32000732421875,130.99000549316406,131.1999969482422,8245,0.0,0.0
2023-03-13 13:30:00-04:00,131.1300048828125,133.05999755859375,131.1300048828125,133.05999755859375,11781,0.0,0.0
2023-03-13 14:30:00-04:00,132.8000030517578,132.94000244140625,131.42999267578125,131.42999267578125,8292,0.0,0.0
2023-03-13 15:30:00-04:00,131.52999877929688,131.8000030517578,131.33999633789062,131.3800048828125,17818,0.0,0.0
2023-03-14 09:30:00-04:00,133.25999450683594,135.38999938964844,131.89999389648438,135.38999938964844,28362,0.0,0.0
2023-03-14 10:30:00-04:00,134.67999267578125,135.1999969482422,134.5,134.50999450683594,19577,0.0,0.0
2023-03-14 11:30:00-04:00,135.0399932861328,135.0399932861328,133.8000030517578,134.1300048828125,17353,0.0,0.0
2023-03-14 12:30:00-04:00,133.94000244140625,134.27000427246094,132.0500030517578,132.3800048828125,5302,0.0,0.0
2023-03-14 13:30:00-04:00,132.10000610351562,132.73500061035156,132.01499938964844,132.66000366210938,8387,0.0,0.0
2023-03-14 14:30:00-04:00,132.5,132.77499389648438,131.7449951171875,132.08999633789062,11496,0.0,0.0
2023-03-14 15:30:00-04:00,132.27000427246094,133.8300018310547,132.1999969482422,133.72000122070312,27615,0.0,0.0
2023-03-15 09:30:00-04:00,131.47999572753906,132.5800018310547,131.08999633789062,132.1999969482422,22585,0.0,0.0
2023-03-15 10:30:00-04:00,131.3300018310547,131.9199981689453,130.7050018310547,130.7050018310547,16782,0.0,0.0
2023-03-15 11:30:00-04:00,130.72999572753906,130.77999877929688,129.5500030517578,129.72999572753906,9299,0.0,0.0
2023-03-15 12:30:00-04:00,129.9199981689453,130.1699981689453,129.27000427246094,130.0500030517578,14360,0.0,0.0
2023-03-15 13:30:00-04:00,129.85000610351562,131.18499755859375,129.5800018310547,131.18499755859375,8437,0.0,0.0
2023-03-15 14:30:00-04:00,130.92999267578125,131.2550048828125,130.3800048828125,131.08999633789062,13965,0.0,0.0
2023-03-15 15:30:00-04:00,131.1750030517578,131.30999755859375,130.6699981689453,131.3000030517578,18102,0.0,0.0
2023-03-16 09:30:00-04:00,130.4499969482422,132.39999389648438,130.02999877929688,131.21499633789062,16764,0.0,0.0
2023-03-16 10:30:00-04:00,131.22500610351562,132.41000366210938,131.11000061035156,132.41000366210938,12681,0.0,0.0
2023-03-16 11:30:00-04:00,132.23500061035156,132.55999755859375,131.8000030517578,132.0,8366,0.0,0.0
2023-03-16 12:30:00-04:00,132.08999633789062,133.27000427246094,131.69000244140625,132.5399932861328,13113,0.0,0.0
2023-03-16 13:30:00-04:00,132.5399932861328,133.0500030517578,132.5399932861328,132.9600067138672,10770,0.0,0.0
2023-03-16 14:30:00-04:00,133.0,133.8699951171875,132.88999938964844,133.8699951171875,14825,0.0,0.0
2023-03-16 15:30:00-04:00,133.67999267578125,133.77999877929688,133.03500366210938,133.2899932861328,16508,0.0,0.0
2023-03-17 09:30:00-04:00,133.0,133.3000030517578,130.35000610351562,130.43499755859375,52265,0.0,0.0
2023-03-17 10:30:00-04:00,130.44000244140625,130.44000244140625,128.7899932861328,129.0500030517578,20648,0.0,0.0
2023-03-17 11:30:00-04:00,129.24000549316406,129.6699981689453,128.99000549316406,129.02000427246094,17942,0.0,0.0
2023-03-17 12:30:00-04:00,129.2899932861328,129.875,129.0,129.72999572753906,12559,0.0,0.0
2023-03-17 13:30:00-04:00,129.6999969482422,129.72999572753906,128.6199951171875,128.64999389648438,9714,0.0,0.0
2023-03-17 14:30:00-04:00,128.72999572753906,128.86000061035156,128.1750030517578,128.66000366210938,19275,0.0,0.0
2023-03-17 15:30:00-04:00,128.66000366210938,129.1999969482422,128.19000244140625,129.1199951171875,30113,0.0,0.0
2023-03-20 09:30:00-04:00,129.80999755859375,132.92999267578125,129.66329956054688,132.02499389648438,10557,0.0,0.0
2023-03-20 10:30:00-04:00,132.25999450683594,132.48500061035156,132.0,132.08999633789062,5091,0.0,0.0
2023-03-20 11:30:00-04:00,131.8300018310547,131.96499633789062,130.47999572753906,130.7449951171875,4952,0.0,0.0
2023-03-20 12:30:00-04:00,130.77000427246094,131.3699951171875,130.75,131.3699951171875,6549,0.0,0.0
2023-03-20 13:30:00-04:00,131.38999938964844,132.1999969482422,130.9499969482422,131.16000366210938,16234,0.0,0.0
2023-03-20 14:30:00-04:00,131.02999877929688,131.22000122070312,130.94000244140625,131.1999969482422,12502,0.0,0.0
2023-03-20 15:30:00-04:00,131.50999450683594,131.99000549316406,131.43499755859375,131.99000549316406,14118,0.0,0.0
2023-03-21 09:30:00-04:00,133.5399932861328,134.69000244140625,133.5399932861328,133.7899932861328,4489,0.0,0.0
2023-03-21 10:30:00-04:00,133.47999572753906,133.58999633789062,132.36000061035156,132.8000030517578,14287,0.0,0.0
2023-03-21 11:30:00-04:00,132.25,132.72000122070312,132.0,132.16000366210938,18931,0.0,0.0
2023-03-21 12:30:00-04:00,131.85000610351562,131.8800048828125,131.55999755859375,131.5800018310547,10099,0.0,0.0
2023-03-21 13:30:00-04:00,131.58999633789062,131.75999450683594,131.30499267578125,131.57000732421875,8336,0.0,0.0
2023-03-21 14:30:00-04:00,131.61000061035156,132.0449981689453,131.5500030517578,131.83999633789062,11781,0.0,0.0
2023-03-21 15:30:00-04:00,131.82000732421875,132.6199951171875,131.7100067138672,132.6199951171875,25349,0.0,0.0
2023-03-22 09:30:00-04:00,133.0800018310547,133.3000030517578,131.72999572753906,133.3000030517578,10377,0.0,0.0
2023-03-22 10:30:00-04:00,133.39999389648438,133.39999389648438,132.4600067138672,132.6300048828125,2915,0.0,0.0
2023-03-22 11:30:00-04:00,132.4550018310547,132.91000366210938,132.30999755859375,132.6750030517578,11445,0.0,0.0
2023-03-22 12:30:00-04:00,132.39999389648438,132.44000244140625,131.92999267578125,132.10000610351562,5941,0.0,0.0
2023-03-22 13:30:00-04:00,132.17999267578125,132.44000244140625,131.5399932861328,131.83999633789062,12080,0.0,0.0
2023-03-22 14:30:00-04:00,131.9199981689453,132.52999877929688,130.77000427246094,131.61000061035156,30211,0.0,0.0
2023-03-22 15:30:00-04:00,131.49000549316406,131.49000549316406,129.75,129.75,21615,0.0,0.0
2023-03-23 09:30:00-04:00,129.99000549316406,131.08999633789062,129.85000610351562,130.57000732421875,14466,0.0,0.0
2023-03-23 10:30:00-04:00,130.8699951171875,132.10000610351562,130.8699951171875,131.44000244140625,6671,0.0,0.0
2023-03-23 11:30:00-04:00,131.24000549316406,131.24000549316406,130.57000732421875,130.74000549316406,9963,0.0,0.0
2023-03-23 12:30:00-04:00,130.5399932861328,130.5399932861328,129.88999938964844,130.22000122070312,4892,0.0,0.0
2023-03-23 13:30:00-04:00,129.99000549316406,130.2899932861328,129.47000122070312,129.47000122070312,9220,0.0,0.0
2023-03-23 14:30:00-04:00,129.36000061035156,129.58999633789062,127.93499755859375,128.14999389648438,21885,0.0,0.0
2023-03-23 15:30:00-04:00,128.33999633789062,129.52000427246094,128.1649932861328,129.1300048828125,34218,0.0,0.0
2023-03-24 09:30:00-04:00,128.10000610351562,128.86000061035156,128.10000610351562,128.42999267578125,8226,0.0,0.0
2023-03-24 10:30:00-04:00,128.7050018310547,129.22000122070312,128.06500244140625,128.3300018310547,7143,0.0,0.0
2023-03-24 11:30:00-04:00,128.1999969482422,129.41000366210938,128.17999267578125,128.77999877929688,11850,0.0,0.0
2023-03-24 12:30:00-04:00,128.77999877929688,129.38999938964844,128.6501007080078,129.3800048828125,7332,0.0,0.0
2023-03-24 13:30:00-04:00,129.44500732421875,129.44500732421875,129.10000610351562,129.13999938964844,6998,0.0,0.0
2023-03-24 14:30:00-04:00,129.25999450683594,129.75,129.0500030517578,129.58999633789062,12008,0.0,0.0
2023-03-24 15:30:00-04:00,129.80999755859375,129.80999755859375,129.05099487304688,129.69000244140625,22423,0.0,0.0
2023-03-27 09:30:00-04:00,131.22999572753906,131.49000549316406,130.69000244140625,131.1300048828125,7548,0.0,0.0
2023-03-27 10:30:00-04:00,131.2550048828125,131.36500549316406,131.02000427246094,131.02000427246094,3460,0.0,0.0
2023-03-27 11:30:00-04:00,131.2100067138672,131.2100067138672,130.75,131.10000610351562,2889,0.0,0.0
2023-03-27 12:30:00-04:00,131.24000549316406,131.7899932861328,131.24000549316406,131.7899932861328,7510,0.0,0.0
2023-03-27 13:30:00-04:00,131.83999633789062,131.83999633789062,131.3699951171875,131.5399932861328,6887,0.0,0.0
2023-03-27 14:30:00-04:00,131.41000366210938,131.72999572753906,131.41000366210938,131.57000732421875,8444,0.0,0.0
2023-03-27 15:30:00-04:00,131.67999267578125,131.67999267578125,130.75,130.89999389648438,13608,0.0,0.0
2023-03-28 09:30:00-04:00,130.92999267578125,132.02999877929688,130.92999267578125,131.6300048828125,4689,0.0,0.0
2023-03-28 10:30:00-04:00,131.7050018310547,131.8800048828125,131.1699981689453,131.40499877929688,4751,0.0,0.0
2023-03-28 11:30:00-04:00,131.41000366210938,131.91000366210938,131.41000366210938,131.91000366210938,5235,0.0,0.0
2023-03-28 12:30:00-04:00,131.77999877929688,131.77999877929688,131.4949951171875,131.69000244140625,5313,0.0,0.0
2023-03-28 13:30:00-04:00,131.7100067138672,131.75,131.42999267578125,131.43499755859375,6873,0.0,0.0
2023-03-28 14:30:00-04:00,131.32000732421875,131.80499267578125,131.0749969482422,131.77499389648438,10723,0.0,0.0
2023-03-28 15:30:00-04:00,131.86000061035156,132.1300048828125,131.71499633789062,131.91000366210938,22407,0.0,0.0
2023-03-29 09:30:00-04:00,132.85000610351562,132.96499633789062,131.3300018310547,132.24000549316406,8131,0.0,0.0
2023-03-29 10:30:00-04:00,132.44000244140625,132.61000061035156,131.49000549316406,131.49000549316406,8358,0.0,0.0
2023-03-29 11:30:00-04:00,131.75999450683594,132.0050048828125,131.60000610351562,132.0050048828125,7310,0.0,0.0
2023-03-29 12:30:00-04:00,132.11000061035156,132.2050018310547,131.8800048828125,132.1649932861328,5180,0.0,0.0
2023-03-29 13:30:00-04:00,132.3000030517578,132.3000030517578,131.72000122070312,132.1999969482422,6340,0.0,0.0
2023-03-29 14:30:00-04:00,132.26499938964844,132.4499969482422,132.17999267578125,132.25,12904,0.0,0.0
2023-03-29 15:30:00-04:00,132.2449951171875,132.40499877929688,132.05999755859375,132.27999877929688,18270,0.0,0.0
2023-03-30 09:30:00-04:00,133.10000610351562,133.42999267578125,132.72999572753906,133.1699981689453,8114,0.0,0.0
2023-03-30 10:30:00-04:00,132.99000549316406,133.15499877929688,132.5749969482422,132.60000610351562,3877,0.0,0.0
2023-03-30 11:30:00-04:00,132.5,132.6999969482422,132.30999755859375,132.36000061035156,6324,0.0,0.0
2023-03-30 12:30:00-04:00,132.30499267578125,132.47999572753906,132.27999877929688,132.4199981689453,3237,0.0,0.0
2023-03-30 13:30:00-04:00,132.27000427246094,132.47999572753906,132.25999450683594,132.27999877929688,8570,0.0,0.0
2023-03-30 14:30:00-04:00,132.1699981689453,132.33999633789062,132.0800018310547,132.20899963378906,4882,0.0,0.0
2023-03-30 15:30:00-04:00,132.22000122070312,132.36000061035156,132.05999755859375,132.3000030517578,21872,0.0,0.0
2023-03-31 09:30:00-04:00,133.0800018310547,133.5,132.74000549316406,133.4250030517578,0,0.0,0.0
2023-03-31 10:30:00-04:00,133.0800018310547,133.3300018310547,132.99000549316406,133.22500610351562,10213,0.0,0.0
2023-03-31 11:30:00-04:00,133.1199951171875,133.44500732421875,133.1199951171875,133.375,1984,0.0,0.0
2023-03-31 12:30:00-04:00,133.24000549316406,133.24000549316406,132.7039031982422,132.7039031982422,3924,0.0,0.0
2023-03-31 13:30:00-04:00,132.67999267578125,132.89500427246094,132.5399932861328,132.5399932861328,3923,0.0,0.0
2023-03-31 14:30:00-04:00,132.5500030517578,133.1999969482422,132.5500030517578,133.10000610351562,4620,0.0,0.0
2023-03-31 15:30:00-04:00,133.10000610351562,133.5,132.89999389648438,133.5,21770,0.0,0.0
2023-04-03 09:30:00-04:00,133.91000366210938,134.94000244140625,133.38499450683594,134.6199951171875,12208,0.0,0.0
2023-04-03 10:30:00-04:00,134.56460571289062,134.62229919433594,132.83079528808594,133.35000610351562,7289,0.0,0.0
2023-04-03 11:30:00-04:00,133.14999389648438,133.67999267578125,133.14999389648438,133.51499938964844,9106,0.0,0.0
2023-04-03 12:30:00-04:00,133.4600067138672,133.5500030517578,133.2949981689453,133.2949981689453,6517,0.0,0.0
2023-04-03 13:30:00-04:00,133.3350067138672,133.5800018310547,133.27999877929688,133.4149932861328,6557,0.0,0.0
2023-04-03 14:30:00-04:00,133.5800018310547,133.63999938964844,133.33999633789062,133.52499389648438,6709,0.0,0.0
2023-04-03 15:30:00-04:00,133.58999633789062,133.64999389648438,133.3699951171875,133.52000427246094,28080,0.0,0.0
2023-04-04 09:30:00-04:00,133.35000610351562,133.35000610351562,131.6699981689453,132.0,13026,0.0,0.0
2023-04-04 10:30:00-04:00,131.9499969482422,131.9499969482422,130.97999572753906,131.25999450683594,9654,0.0,0.0
2023-04-04 11:30:00-04:00,131.32000732421875,131.32000732421875,130.57000732421875,130.6999969482422,10619,0.0,0.0
2023-04-04 12:30:00-04:00,130.6300048828125,131.3699951171875,130.59500122070312,131.27000427246094,13847,0.0,0.0
2023-04-04 13:30:00-04:00,131.19000244140625,131.19000244140625,130.47999572753906,130.47999572753906,10705,0.0,0.0
2023-04-04 14:30:00-04:00,130.49000549316406,131.00999450683594,130.49000549316406,130.7899932861328,8655,0.0,0.0
2023-04-04 15:30:00-04:00,130.6999969482422,131.22999572753906,130.50999450683594,131.22000122070312,32063,0.0,0.0
2023-04-05 09:30:00-04:00,130.72000122070312,131.60000610351562,130.64500427246094,131.0,30602,0.0,0.0
2023-04-05 10:30:00-04:00,131.2100067138672,131.25,130.63999938964844,130.63999938964844,19023,0.0,0.0
2023-04-05 11:30:00-04:00,130.63499450683594,130.80499267578125,130.02999877929688,130.05999755859375,11985,0.0,0.0
2023-04-05 12:30:00-04:00,130.1300048828125,130.6300048828125,129.85000610351562,130.6199951171875,21206,0.0,0.0
2023-04-05 13:30:00-04:00,130.65499877929688,131.0050048828125,130.22000122070312,130.72000122070312,22541,0.0,0.0
2023-04-05 14:30:00-04:00,130.72999572753906,131.00999450683594,130.67999267578125,130.8800048828125,24891,0.0,0.0
2023-04-05 15:30:00-04:00,130.9250030517578,131.1699981689453,129.97999572753906,130.47000122070312,66990,0.0,0.0
2023-04-06 09:30:00-04:00,130.88999938964844,131.40499877929688,129.91000366210938,130.5,5000,0.0,0.0
2023-04-06 10:30:00-04:00,130.27999877929688,130.38999938964844,130.0399932861328,130.0800018310547,9296,0.0,0.0
2023-04-06 11:30:00-04:00,130.09500122070312,130.27999877929688,129.97999572753906,130.1999969482422,4383,0.0,0.0
2023-04-06 12:30:00-04:00,130.1999969482422,130.4949951171875,130.1999969482422,130.4499969482422,12263,0.0,0.0
2023-04-06 13:30:00-04:00,130.3000030517578,130.52000427246094,129.97000122070312,130.5,12866,0.0,0.0
2023-04-06 14:30:00-04:00,130.5500030517578,130.8000030517578,130.44000244140625,130.52999877929688,12955,0.0,0.0
2023-04-06 15:30:00-04:00,130.6300048828125,131.0,130.52999877929688,130.99000549316406,29617,0.0,0.0
2023-04-10 09:30:00-04:00,130.52999877929688,131.8699951171875,129.8800048828125,131.75,5299,0.0,0.0
2023-04-10 10:30:00-04:00,131.47000122070312,131.57000732421875,131.0500946044922,131.0500946044922,3592,0.0,0.0
2023-04-10 11:30:00-04:00,131.17579650878906,131.17579650878906,130.7100067138672,130.8800048828125,6526,0.0,0.0
2023-04-10 12:30:00-04:00,131.0,131.02000427246094,130.72000122070312,130.72000122070312,8510,0.0,0.0
2023-04-10 13:30:00-04:00,130.77499389648438,130.8000030517578,129.9199981689453,130.50999450683594,11494,0.0,0.0
2023-04-10 14:30:00-04:00,130.5399932861328,130.8000030517578,130.38999938964844,130.69500732421875,7322,0.0,0.0
2023-04-10 15:30:00-04:00,130.75,131.08999633789062,130.6300048828125,131.0800018310547,19678,0.0,0.0
2023-04-11 09:30:00-04:00,131.89999389648438,132.52499389648438,130.8699951171875,131.97999572753906,8286,0.0,0.0
2023-04-11 10:30:00-04:00,131.97500610351562,131.97500610351562,131.42999267578125,131.8300018310547,6415,0.0,0.0
2023-04-11 11:30:00-04:00,131.75999450683594,132.07000732421875,131.6699981689453,131.94500732421875,5100,0.0,0.0
2023-04-11 12:30:00-04:00,131.97999572753906,132.0399932861328,131.83999633789062,131.83999633789062,9180,0.0,0.0
2023-04-11 13:30:00-04:00,131.77999877929688,131.88999938964844,131.69500732421875,131.72000122070312,4666,0.0,0.0
2023-04-11 14:30:00-04:00,131.77999877929688,131.92999267578125,131.45590209960938,131.71499633789062,8567,0.0,0.0
2023-04-11 15:30:00-04:00,131.69500732421875,131.8300018310547,130.9600067138672,131.25999450683594,13196,0.0,0.0
2023-04-12 09:30:00-04:00,132.0500030517578,132.30499267578125,131.66000366210938,131.75999450683594,7285,0.0,0.0
2023-04-12 10:30:00-04:00,131.77999877929688,132.14999389648438,131.35000610351562,131.88999938964844,3390,0.0,0.0
2023-04-12 11:30:00-04:00,132.05999755859375,132.05999755859375,131.6999969482422,131.89999389648438,3530,0.0,0.0
2023-04-12 12:30:00-04:00,132.0050048828125,132.05499267578125,131.67999267578125,132.0050048828125,6353,0.0,0.0
2023-04-12 13:30:00-04:00,131.82000732421875,132.27000427246094,131.50999450683594,131.50999450683594,7525,0.0,0.0
2023-04-12 14:30:00-04:00,131.44000244140625,131.47000122070312,131.02999877929688,131.13999938964844,6433,0.0,0.0
2023-04-12 15:30:00-04:00,131.1300048828125,131.61000061035156,130.99000549316406,131.58999633789062,16573,0.0,0.0
2023-04-13 09:30:00-04:00,132.08999633789062,132.7675018310547,130.72999572753906,131.02000427246094,7189,0.0,0.0
2023-04-13 10:30:00-04:00,131.0800018310547,131.0800018310547,130.3800048828125,130.74000549316406,5120,0.0,0.0
2023-04-13 11:30:00-04:00,131.27999877929688,131.30999755859375,130.67999267578125,130.7949981689453,4333,0.0,0.0
2023-04-13 12:30:00-04:00,130.9199981689453,131.57000732421875,130.63999938964844,131.35000610351562,10100,0.0,0.0
2023-04-13 13:30:00-04:00,131.42999267578125,131.9199981689453,131.22999572753906,131.64500427246094,8503,0.0,0.0
2023-04-13 14:30:00-04:00,131.57000732421875,131.74000549316406,131.36000061035156,131.49000549316406,15188,0.0,0.0
2023-04-13 15:30:00-04:00,131.47999572753906,131.66000366210938,131.3300018310547,131.66000366210938,23054,0.0,0.0
2023-04-14 09:30:00-04:00,131.47999572753906,133.0800018310547,131.47999572753906,132.49000549316406,6849,0.0,0.0
2023-04-14 10:30:00-04:00,132.4149932861328,132.57000732421875,132.13999938964844,132.44000244140625,6014,0.0,0.0
2023-04-14 11:30:00-04:00,131.77999877929688,131.7899932861328,131.5800018310547,131.5800018310547,992,0.0,0.0
2023-04-14 12:30:00-04:00,131.16000366210938,131.2100067138672,130.72000122070312,130.72000122070312,1167,0.0,0.0
2023-04-14 13:30:00-04:00,130.7100067138672,130.97999572753906,130.6300048828125,130.7899932861328,5521,0.0,0.0
2023-04-14 14:30:00-04:00,130.88999938964844,130.99000549316406,130.22999572753906,130.47000122070312,5983,0.0,0.0
2023-04-14 15:30:00-04:00,130.72999572753906,131.08999633789062,130.66000366210938,130.75,11286,0.0,0.0
2023-04-17 09:30:00-04:00,131.05999755859375,132.1999969482422,131.05999755859375,131.16000366210938,10242,0.0,0.0
2023-04-17 10:30:00-04:00,131.17779541015625,131.47999572753906,130.86000061035156,131.47999572753906,3464,0.0,0.0
2023-04-17 11:30:00-04:00,131.0500030517578,131.13999938964844,130.97999572753906,131.13999938964844,2423,0.0,0.0
2023-04-17 12:30:00-04:00,131.22999572753906,131.22999572753906,130.83999633789062,131.0500030517578,4525,0.0,0.0
2023-04-17 13:30:00-04:00,131.07000732421875,131.32000732421875,130.85009765625,131.0050048828125,3308,0.0,0.0
2023-04-17 14:30:00-04:00,131.11500549316406,131.85000610351562,131.11500549316406,131.67999267578125,4052,0.0,0.0
2023-04-17 15:30:00-04:00,131.50999450683594,131.75,131.44500732421875,131.69000244140625,8706,0.0,0.0
2023-04-18 09:30:00-04:00,132.10000610351562,132.375,131.97500610351562,132.1199951171875,4395,0.0,0.0
2023-04-18 10:30:00-04:00,132.0500030517578,132.0500030517578,131.6699981689453,131.6699981689453,2112,0.0,0.0
2023-04-18 11:30:00-04:00,131.97999572753906,131.97999572753906,131.4700927734375,131.48269653320312,2827,0.0,0.0
2023-04-18 12:30:00-04:00,131.67999267578125,131.85000610351562,131.5500030517578,131.6999969482422,2171,0.0,0.0
2023-04-18 13:30:00-04:00,131.75999450683594,132.00999450683594,131.69000244140625,131.93499755859375,4719,0.0,0.0
2023-04-18 14:30:00-04:00,132.18499755859375,132.18499755859375,131.375,131.64999389648438,11484,0.0,0.0
2023-04-18 15:30:00-04:00,131.75999450683594,131.8000030517578,131.32000732421875,131.33999633789062,16945,0.0,0.0
2023-04-19 09:30:00-04:00,132.1699981689453,132.1699981689453,130.88499450683594,131.65499877929688,1492,0.0,0.0
2023-04-19 10:30:00-04:00,131.3699951171875,132.10000610351562,131.3699951171875,131.64500427246094,5292,0.0,0.0
2023-04-19 11:30:00-04:00,130.9001007080078,131.48500061035156,130.72000122070312,131.48500061035156,2015,0.0,0.0
2023-04-19 12:30:00-04:00,131.3300018310547,131.86500549316406,131.0,131.8000030517578,12530,0.0,0.0
2023-04-19 13:30:00-04:00,131.8300018310547,132.05999755859375,131.8300018310547,131.97000122070312,2205,0.0,0.0
2023-04-19 14:30:00-04:00,132.02999877929688,132.11000061035156,131.78500366210938,131.94000244140625,11945,0.0,0.0
2023-04-19 15:30:00-04:00,131.94000244140625,131.94000244140625,131.42999267578125,131.49000549316406,8383,0.0,0.0
2023-04-20 09:30:00-04:00,131.4199981689453,132.7449951171875,131.3000030517578,131.55999755859375,2312,0.0,0.0
2023-04-20 10:30:00-04:00,131.80999755859375,132.03030395507812,131.48500061035156,131.48500061035156,5963,0.0,0.0
2023-04-20 11:30:00-04:00,131.3800048828125,131.5749969482422,131.08999633789062,131.08999633789062,9017,0.0,0.0
2023-04-20 12:30:00-04:00,130.9600067138672,131.13360595703125,130.9499969482422,130.99000549316406,5780,0.0,0.0
2023-04-20 13:30:00-04:00,130.8000030517578,131.1999969482422,130.8000030517578,131.10000610351562,6756,0.0,0.0
2023-04-20 14:30:00-04:00,131.14999389648438,131.14999389648438,130.35000610351562,130.35000610351562,12562,0.0,0.0
2023-04-20 15:30:00-04:00,130.39999389648438,130.77999877929688,130.39999389648438,130.77999877929688,9591,0.0,0.0
2023-04-21 09:30:00-04:00,131.27999877929688,132.18499755859375,130.14999389648438,130.97999572753906,7016,0.0,0.0
2023-04-21 10:30:00-04:00,130.72999572753906,130.72999572753906,129.9199981689453,130.14999389648438,6092,0.0,0.0
2023-04-21 11:30:00-04:00,130.19000244140625,130.55499267578125,130.00999450683594,130.44000244140625,4262,0.0,0.0
2023-04-21 12:30:00-04:00,130.22999572753906,130.35000610351562,130.00999450683594,130.00999450683594,2747,0.0,0.0
2023-04-21 13:30:00-04:00,129.9550018310547,130.5500030517578,129.9550018310547,130.30999755859375,3497,0.0,0.0
2023-04-21 14:30:00-04:00,130.43499755859375,130.57000732421875,130.1300048828125,130.1300048828125,5996,0.0,0.0
2023-04-21 15:30:00-04:00,130.0800018310547,131.05999755859375,130.0800018310547,130.94000244140625,21714,0.0,0.0
2023-04-24 09:30:00-04:00,130.3800048828125,131.4499969482422,130.3800048828125,131.25,0,0.0,0.0
2023-04-24 10:30:00-04:00,131.0198974609375,131.0198974609375,130.1199951171875,130.1199951171875,1117,0.0,0.0
2023-04-24 11:30:00-04:00,130.25,130.25,129.75,129.8800048828125,4779,0.0,0.0
2023-04-24 12:30:00-04:00,130.0,130.3000030517578,130.0,130.10499572753906,2804,0.0,0.0
2023-04-24 13:30:00-04:00,130.1999969482422,130.25999450683594,129.9600067138672,129.99000549316406,14164,0.0,0.0
2023-04-24 14:30:00-04:00,129.97999572753906,130.14999389648438,129.60000610351562,130.14999389648438,6756,0.0,0.0
2023-04-24 15:30:00-04:00,130.1300048828125,130.60000610351562,130.1300048828125,130.47999572753906,10303,0.0,0.0
2023-04-25 09:30:00-04:00,130.2100067138672,131.82000732421875,129.88999938964844,130.52000427246094,4615,0.0,0.0
2023-04-25 10:30:00-04:00,130.3000030517578,130.8699951171875,130.3000030517578,130.47999572753906,5901,0.0,0.0
2023-04-25 11:30:00-04:00,130.50999450683594,131.07000732421875,130.32000732421875,130.61500549316406,5635,0.0,0.0
2023-04-25 12:30:00-04:00,130.48500061035156,130.48500061035156,129.89999389648438,130.32000732421875,8220,0.0,0.0
2023-04-25 13:30:00-04:00,130.30499267578125,130.82000732421875,129.7899932861328,130.32000732421875,15713,0.0,0.0
2023-04-25 14:30:00-04:00,129.97000122070312,129.97000122070312,129.33999633789062,129.33999633789062,6889,0.0,0.0
2023-04-25 15:30:00-04:00,129.22000122070312,129.5399932861328,129.00999450683594,129.00999450683594,10848,0.0,0.0
2023-04-26 09:30:00-04:00,127.94999694824219,130.4499969482422,127.94999694824219,128.91000366210938,8545,0.0,0.0
2023-04-26 10:30:00-04:00,128.6699981689453,129.02000427246094,128.5800018310547,128.85499572753906,2805,0.0,0.0
2023-04-26 11:30:00-04:00,128.44000244140625,128.44000244140625,128.11000061035156,128.19500732421875,2913,0.0,0.0
2023-04-26 12:30:00-04:00,128.3300018310547,128.33999633789062,127.71499633789062,128.13999938964844,6252,0.0,0.0
2023-04-26 13:30:00-04:00,128.0749969482422,128.25,127.51499938964844,127.54000091552734,6805,0.0,0.0
2023-04-26 14:30:00-04:00,127.49500274658203,128.0,127.49500274658203,127.87999725341797,9675,0.0,0.0
2023-04-26 15:30:00-04:00,127.80000305175781,128.17999267578125,127.55000305175781,127.66000366210938,20954,0.0,0.0
2023-04-27 09:30:00-04:00,127.81999969482422,127.81999969482422,127.81999969482422,127.81999969482422,966,0.0,0.0
2023-04-27 10:30:00-04:00,128.81500244140625,128.81500244140625,128.3300018310547,128.34500122070312,4177,0.0,0.0
2023-04-27 11:30:00-04:00,128.32000732421875,129.02000427246094,128.16000366210938,129.02000427246094,2736,0.0,0.0
2023-04-27 12:30:00-04:00,129.2449951171875,129.42999267578125,128.97000122070312,128.97000122070312,3878,0.0,0.0
2023-04-27 13:30:00-04:00,129.22500610351562,129.82000732421875,129.22500610351562,129.64999389648438,5049,0.0,0.0
2023-04-27 14:30:00-04:00,129.64999389648438,129.8699951171875,129.4499969482422,129.64999389648438,4480,0.0,0.0
2023-04-27 15:30:00-04:00,129.64999389648438,129.6999969482422,129.3300018310547,129.63999938964844,12307,0.0,0.0
2023-04-28 09:30:00-04:00,128.9600067138672,130.88999938964844,128.9600067138672,130.3249969482422,7168,0.0,0.0
2023-04-28 10:30:00-04:00,130.52000427246094,130.74000549316406,129.4001007080078,130.1300048828125,5011,0.0,0.0
2023-04-28 11:30:00-04:00,130.2100067138672,130.30999755859375,129.90499877929688,130.02999877929688,5645,0.0,0.0
2023-04-28 12:30:00-04:00,129.89999389648438,130.1199951171875,129.78500366210938,130.02000427246094,4006,0.0,0.0
2023-04-28 13:30:00-04:00,129.875,130.02000427246094,129.64999389648438,129.64999389648438,5775,0.0,0.0
2023-04-28 14:30:00-04:00,129.64999389648438,129.8699951171875,129.64999389648438,129.75999450683594,3878,0.0,0.0
2023-04-28 15:30:00-04:00,129.64999389648438,129.7899932861328,129.47000122070312,129.6300048828125,16923,0.0,0.0
2023-05-01 09:30:00-04:00,129.74000549316406,130.55499267578125,129.27000427246094,130.0800018310547,8855,0.0,0.0
2023-05-01 10:30:00-04:00,130.47000122070312,130.66000366210938,130.30999755859375,130.44000244140625,4041,0.0,0.0
2023-05-01 11:30:00-04:00,130.5500030517578,130.77000427246094,130.4499969482422,130.77000427246094,6038,0.0,0.0
2023-05-01 12:30:00-04:00,130.89500427246094,130.89500427246094,130.0500030517578,130.19500732421875,9496,0.0,0.0
2023-05-01 13:30:00-04:00,130.03500366210938,130.2949981689453,129.80999755859375,130.13499450683594,7628,0.0,0.0
2023-05-01 14:30:00-04:00,130.19000244140625,130.30499267578125,130.0800018310547,130.13499450683594,8550,0.0,0.0
2023-05-01 15:30:00-04:00,130.00999450683594,130.36000061035156,129.72000122070312,130.3000030517578,19949,0.0,0.0
2023-05-02 09:30:00-04:00,126.83000183105469,129.07989501953125,122.56999969482422,125.8550033569336,53995,0.0,0.0
2023-05-02 10:30:00-04:00,126.05999755859375,127.44499969482422,125.4800033569336,127.25,27452,0.0,0.0
2023-05-02 11:30:00-04:00,127.08499908447266,128.35000610351562,127.0250015258789,127.88999938964844,20745,0.0,0.0
2023-05-02 12:30:00-04:00,127.9000015258789,129.97500610351562,127.9000015258789,129.6649932861328,26602,0.0,0.0
2023-05-02 13:30:00-04:00,129.63999938964844,130.6199951171875,129.2899932861328,129.62249755859375,26929,0.0,0.0
2023-05-02 14:30:00-04:00,129.6999969482422,131.25999450683594,129.69000244140625,131.21499633789062,41341,0.0,0.0
2023-05-02 15:30:00-04:00,131.10000610351562,133.02999877929688,131.02999877929688,132.4499969482422,62974,0.0,0.0
2023-05-03 09:30:00-04:00,132.8699951171875,140.58999633789062,132.8699951171875,140.14500427246094,22637,0.0,0.0
2023-05-03 10:30:00-04:00,140.14500427246094,140.14500427246094,138.72000122070312,139.10499572753906,28300,0.0,0.0
2023-05-03 11:30:00-04:00,139.5,139.55999755859375,138.69000244140625,139.07000732421875,12610,0.0,0.0
2023-05-03 12:30:00-04:00,139.1699981689453,139.74000549316406,139.1699981689453,139.53500366210938,12845,0.0,0.0
2023-05-03 13:30:00-04:00,139.75,139.77999877929688,138.05999755859375,139.0050048828125,18676,0.0,0.0
2023-05-03 14:30:00-04:00,139.03500366210938,139.58999633789062,138.22000122070312,138.9250030517578,30072,0.0,0.0
2023-05-03 15:30:00-04:00,138.75,139.14999389648438,138.52000427246094,139.0500030517578,71224,0.0,0.0
2023-05-04 09:30:00-04:00,138.36000061035156,138.63999938964844,133.82000732421875,133.8699951171875,19271,0.0,0.0
2023-05-04 10:30:00-04:00,134.05999755859375,134.80999755859375,133.05499267578125,133.05499267578125,11829,0.0,0.0
2023-05-04 11:30:00-04:00,133.3699951171875,133.72000122070312,131.35000610351562,131.4199981689453,38519,0.0,0.0
2023-05-04 12:30:00-04:00,130.34500122070312,130.47999572753906,129.33099365234375,129.61099243164062,13979,0.0,0.0
2023-05-04 13:30:00-04:00,129.5399932861328,129.9600067138672,128.3000030517578,128.75999450683594,13696,0.0,0.0
2023-05-04 14:30:00-04:00,128.25,128.55999755859375,126.75,127.41500091552734,19427,0.0,0.0
2023-05-04 15:30:00-04:00,127.41000366210938,128.42999267578125,127.41000366210938,127.7300033569336,45258,0.0,0.0
2023-05-05 09:30:00-04:00,129.0399932861328,133.16000366210938,129.0399932861328,132.22000122070312,14178,0.0,0.0
2023-05-05 10:30:00-04:00,132.27999877929688,134.0800018310547,132.25999450683594,134.0800018310547,11020,0.0,0.0
2023-05-05 11:30:00-04:00,133.89999389648438,134.24000549316406,133.61000061035156,134.0399932861328,21100,0.0,0.0
2023-05-05 12:30:00-04:00,134.0050048828125,134.30999755859375,133.7899932861328,134.11000061035156,32497,0.0,0.0
2023-05-05 13:30:00-04:00,134.30999755859375,134.66000366210938,133.57000732421875,133.8000030517578,19230,0.0,0.0
2023-05-05 14:30:00-04:00,133.85000610351562,134.22000122070312,133.8300018310547,133.8800048828125,12597,0.0,0.0
2023-05-05 15:30:00-04:00,133.83999633789062,134.2100067138672,133.58099365234375,134.1999969482422,39533,0.0,0.0
2023-05-08 09:30:00-04:00,134.36000061035156,135.08999633789062,133.77999877929688,133.9600067138672,4563,0.0,0.0
2023-05-08 10:30:00-04:00,133.9949951171875,134.06500244140625,133.68499755859375,133.68499755859375,3597,0.0,0.0
2023-05-08 11:30:00-04:00,133.80999755859375,133.97999572753906,133.63499450683594,133.63499450683594,3288,0.0,0.0
2023-05-08 12:30:00-04:00,133.4499969482422,133.59500122070312,133.18499755859375,133.3000030517578,6340,0.0,0.0
2023-05-08 13:30:00-04:00,133.2899932861328,133.77999877929688,133.2899932861328,133.6199951171875,8623,0.0,0.0
2023-05-08 14:30:00-04:00,133.8350067138672,134.64999389648438,133.77000427246094,134.5850067138672,9487,0.0,0.0
2023-05-08 15:30:00-04:00,134.59500122070312,135.30999755859375,134.4949951171875,135.30999755859375,25097,0.0,0.0
2023-05-09 09:30:00-04:00,134.97999572753906,137.4600067138672,134.25999450683594,137.32000732421875,10810,0.0,0.0
2023-05-09 10:30:00-04:00,137.19000244140625,138.22999572753906,137.09249877929688,138.11000061035156,11876,0.0,0.0
2023-05-09 11:30:00-04:00,138.2899932861328,138.49000549316406,137.44850158691406,137.64999389648438,9590,0.0,0.0
2023-05-09 12:30:00-04:00,137.5850067138672,137.8000030517578,137.57000732421875,137.7899932861328,6540,0.0,0.0
2023-05-09 13:30:00-04:00,137.78500366210938,138.02499389648438,137.19500732421875,137.19500732421875,6280,0.0,0.0
2023-05-09 14:30:00-04:00,137.4499969482422,137.85000610351562,137.18499755859375,137.7550048828125,16555,0.0,0.0
2023-05-09 15:30:00-04:00,137.55999755859375,137.7899932861328,136.80999755859375,137.77999877929688,45365,0.0,0.0
2023-05-10 09:30:00-04:00,138.0,139.10000610351562,136.77999877929688,139.10000610351562,8592,0.0,0.0
2023-05-10 10:30:00-04:00,139.10000610351562,140.25,139.08999633789062,140.25,13399,0.0,0.0
2023-05-10 11:30:00-04:00,140.30999755859375,140.92999267578125,140.15750122070312,140.3699951171875,19812,0.0,0.0
2023-05-10 12:30:00-04:00,140.3350067138672,140.3350067138672,139.68499755859375,139.8000030517578,10521,0.0,0.0
2023-05-10 13:30:00-04:00,139.7949981689453,140.3699951171875,139.7949981689453,140.30499267578125,11681,0.0,0.0
2023-05-10 14:30:00-04:00,140.5800018310547,140.94000244140625,140.48500061035156,140.7899932861328,12468,0.0,0.0
2023-05-10 15:30:00-04:00,140.6699981689453,141.67999267578125,140.6699981689453,141.4550018310547,47111,0.0,0.0
2023-05-11 09:30:00-04:00,140.4199981689453,142.7899932861328,140.1649932861328,141.44000244140625,0,0.0,0.0
2023-05-11 10:30:00-04:00,141.1300048828125,141.4600067138672,140.8300018310547,141.14999389648438,10058,0.0,0.0
2023-05-11 11:30:00-04:00,141.27999877929688,141.58999633789062,140.8000030517578,141.02999877929688,9033,0.0,0.0
2023-05-11 12:30:00-04:00,140.11000061035156,140.3000030517578,139.7899932861328,140.27000427246094,6755,0.0,0.0
2023-05-11 13:30:00-04:00,140.27499389648438,140.77000427246094,140.1300048828125,140.2899932861328,16955,0.0,0.0
2023-05-11 14:30:00-04:00,140.1699981689453,141.22000122070312,140.1699981689453,141.16000366210938,24770,0.0,0.0
2023-05-11 15:30:00-04:00,141.02999877929688,141.94000244140625,140.88499450683594,141.82000732421875,34684,0.0,0.0
2023-05-12 09:30:00-04:00,142.3699951171875,143.8300018310547,141.92999267578125,142.4499969482422,11008,0.0,0.0
2023-05-12 10:30:00-04:00,141.75,141.75,140.44500732421875,141.61000061035156,15475,0.0,0.0
2023-05-12 11:30:00-04:00,141.75999450683594,142.11000061035156,141.44000244140625,142.0800018310547,14866,0.0,0.0
2023-05-12 12:30:00-04:00,142.21499633789062,142.77999877929688,142.19000244140625,142.67999267578125,16042,0.0,0.0
2023-05-12 13:30:00-04:00,142.85000610351562,143.43499755859375,142.36000061035156,143.38499450683594,20502,0.0,0.0
2023-05-12 14:30:00-04:00,143.47000122070312,143.78500366210938,142.8249969482422,143.1199951171875,26890,0.0,0.0
2023-05-12 15:30:00-04:00,143.26499938964844,143.6699981689453,142.38499450683594,143.47000122070312,54204,0.0,0.0
2023-05-15 09:30:00-04:00,142.77999877929688,142.77999877929688,141.50999450683594,141.72000122070312,5153,0.0,0.0
2023-05-15 10:30:00-04:00,141.77999877929688,141.88999938964844,141.5850067138672,141.8175048828125,4095,0.0,0.0
2023-05-15 11:30:00-04:00,141.8300018310547,141.8300018310547,141.30499267578125,141.5800018310547,3428,0.0,0.0
2023-05-15 12:30:00-04:00,141.77000427246094,142.5,141.63499450683594,142.02000427246094,9311,0.0,0.0
2023-05-15 13:30:00-04:00,141.9199981689453,142.6300048828125,141.8300018310547,142.32000732421875,15668,0.0,0.0
2023-05-15 14:30:00-04:00,142.44000244140625,143.0,142.30999755859375,142.64999389648438,21849,0.0,0.0
2023-05-15 15:30:00-04:00,142.63999938964844,143.2050018310547,142.58999633789062,143.05999755859375,33990,0.0,0.0
2023-05-16 09:30:00-04:00,142.25999450683594,142.35000610351562,141.4250030517578,141.99000549316406,0,0.0,0.0
2023-05-16 10:30:00-04:00,142.0,142.97000122070312,141.61000061035156,142.97000122070312,13017,0.0,0.0
2023-05-16 11:30:00-04:00,143.14999389648438,143.77000427246094,142.8300018310547,143.75999450683594,11474,0.0,0.0
2023-05-16 12:30:00-04:00,143.8800048828125,144.14999389648438,143.63499450683594,143.63499450683594,10824,0.0,0.0
2023-05-16 13:30:00-04:00,143.34500122070312,143.51499938964844,143.22999572753906,143.22999572753906,7221,0.0,0.0
2023-05-16 14:30:00-04:00,143.09500122070312,143.40589904785156,143.0500030517578,143.25999450683594,11597,0.0,0.0
2023-05-16 15:30:00-04:00,143.3000030517578,143.35499572753906,142.47999572753906,142.49000549316406,29814,0.0,0.0
2023-05-17 09:30:00-04:00,142.5500030517578,143.2449951171875,141.0800018310547,141.11000061035156,13232,0.0,0.0
2023-05-17 10:30:00-04:00,141.34500122070312,142.0800018310547,140.5500030517578,142.0800018310547,11744,0.0,0.0
2023-05-17 11:30:00-04:00,142.13999938964844,142.13999938964844,141.75999450683594,141.76499938964844,5489,0.0,0.0
2023-05-17 12:30:00-04:00,142.02000427246094,143.22000122070312,142.02000427246094,143.22000122070312,9945,0.0,0.0
2023-05-17 13:30:00-04:00,142.98500061035156,143.64999389648438,142.98500061035156,143.42999267578125,8429,0.0,0.0
2023-05-17 14:30:00-04:00,143.32000732421875,143.8800048828125,143.32000732421875,143.57000732421875,9980,0.0,0.0
2023-05-17 15:30:00-04:00,143.5399932861328,144.1300048828125,143.52999877929688,143.77499389648438,23545,0.0,0.0
2023-05-18 09:30:00-04:00,143.2100067138672,144.60000610351562,143.19500732421875,144.60000610351562,2748,0.0,0.0
2023-05-18 10:30:00-04:00,144.3000030517578,144.60000610351562,143.7366943359375,144.32000732421875,3987,0.0,0.0
2023-05-18 11:30:00-04:00,144.10000610351562,144.9499969482422,143.85000610351562,144.24000549316406,18216,0.0,0.0
2023-05-18 12:30:00-04:00,144.17999267578125,144.69000244140625,144.1300048828125,144.69000244140625,6877,0.0,0.0
2023-05-18 13:30:00-04:00,144.35000610351562,144.55999755859375,144.1999969482422,144.3699951171875,10669,0.0,0.0
2023-05-18 14:30:00-04:00,144.4499969482422,144.66000366210938,144.375,144.61000061035156,8798,0.0,0.0
2023-05-18 15:30:00-04:00,144.75999450683594,145.48500061035156,144.75999450683594,145.24000549316406,18022,0.0,0.0
2023-05-19 09:30:00-04:00,146.19000244140625,147.75,145.3000030517578,145.88999938964844,26284,0.0,0.0
2023-05-19 10:30:00-04:00,145.5399932861328,145.77999877929688,144.44000244140625,144.44000244140625,3643,0.0,0.0
2023-05-19 11:30:00-04:00,144.27999877929688,144.27999877929688,142.67999267578125,143.77000427246094,7147,0.0,0.0
2023-05-19 12:30:00-04:00,143.33999633789062,143.52000427246094,143.02000427246094,143.52000427246094,4864,0.0,0.0
2023-05-19 13:30:00-04:00,143.0,143.1199951171875,142.89999389648438,143.05999755859375,5764,0.0,0.0
2023-05-19 14:30:00-04:00,143.30999755859375,143.64999389648438,143.30999755859375,143.55999755859375,4101,0.0,0.0
2023-05-19 15:30:00-04:00,143.47000122070312,143.72000122070312,143.19000244140625,143.72000122070312,25408,0.0,0.0
2023-05-22 09:30:00-04:00,144.0,145.11000061035156,143.39999389648438,144.14999389648438,26495,0.0,0.0
2023-05-22 10:30:00-04:00,144.2100067138672,144.83999633789062,143.97999572753906,144.76499938964844,5962,0.0,0.0
2023-05-22 11:30:00-04:00,144.72000122070312,145.35000610351562,144.5800018310547,145.27000427246094,4147,0.0,0.0
2023-05-22 12:30:00-04:00,144.72000122070312,144.74000549316406,144.36000061035156,144.63999938964844,12778,0.0,0.0
2023-05-22 13:30:00-04:00,144.50999450683594,144.77999877929688,144.4550018310547,144.77999877929688,6898,0.0,0.0
2023-05-22 14:30:00-04:00,144.66000366210938,144.7899932861328,144.3699951171875,144.64999389648438,7456,0.0,0.0
2023-05-22 15:30:00-04:00,144.8090057373047,144.88999938964844,144.38999938964844,144.7100067138672,21476,0.0,0.0
2023-05-23 09:30:00-04:00,143.8699951171875,144.85000610351562,142.17999267578125,144.85000610351562,3886,0.0,0.0
2023-05-23 10:30:00-04:00,144.9550018310547,145.08999633789062,144.5,144.7100067138672,4881,0.0,0.0
2023-05-23 11:30:00-04:00,144.72000122070312,145.38999938964844,144.3699951171875,144.83999633789062,15272,0.0,0.0
2023-05-23 12:30:00-04:00,144.875,145.32000732421875,144.7449951171875,144.9600067138672,13615,0.0,0.0
2023-05-23 13:30:00-04:00,144.50999450683594,145.14999389648438,144.27999877929688,144.30999755859375,18099,0.0,0.0
2023-05-23 14:30:00-04:00,144.42999267578125,144.42999267578125,142.97500610351562,143.0800018310547,6358,0.0,0.0
2023-05-23 15:30:00-04:00,143.13499450683594,144.17999267578125,143.13499450683594,143.3000030517578,17542,0.0,0.0
2023-05-24 09:30:00-04:00,143.4600067138672,143.5189971923828,142.3699951171875,142.9600067138672,10781,0.0,0.0
2023-05-24 10:30:00-04:00,143.10000610351562,143.25,142.3300018310547,142.80999755859375,6564,0.0,0.0
2023-05-24 11:30:00-04:00,142.5399932861328,143.0399932861328,142.5399932861328,142.7899932861328,3661,0.0,0.0
2023-05-24 12:30:00-04:00,142.63999938964844,142.71499633789062,142.27000427246094,142.27000427246094,3511,0.0,0.0
2023-05-24 13:30:00-04:00,142.27000427246094,143.09500122070312,142.27000427246094,142.75,18805,0.0,0.0
2023-05-24 14:30:00-04:00,142.85000610351562,143.19000244140625,142.73500061035156,143.0800018310547,25197,0.0,0.0
2023-05-24 15:30:00-04:00,142.9499969482422,143.19000244140625,142.71249389648438,142.9600067138672,19043,0.0,0.0
2023-05-25 09:30:00-04:00,142.7899932861328,143.19000244140625,141.0800018310547,141.0800018310547,22456,0.0,0.0
2023-05-25 10:30:00-04:00,141.16000366210938,141.16000366210938,139.35000610351562,139.4600067138672,7196,0.0,0.0
2023-05-25 11:30:00-04:00,139.47000122070312,139.6300048828125,139.2100067138672,139.35000610351562,3397,0.0,0.0
2023-05-25 12:30:00-04:00,139.00999450683594,139.0399932861328,138.58999633789062,139.0399932861328,5592,0.0,0.0
2023-05-25 13:30:00-04:00,139.0,139.0,138.0,138.14999389648438,7767,0.0,0.0
2023-05-25 14:30:00-04:00,138.02999877929688,138.57000732421875,137.89999389648438,138.2899932861328,8056,0.0,0.0
2023-05-25 15:30:00-04:00,138.27000427246094,138.3699951171875,137.99000549316406,138.33999633789062,18948,0.0,0.0
2023-05-26 09:30:00-04:00,138.07000732421875,140.0,138.07000732421875,139.52000427246094,20987,0.0,0.0
2023-05-26 10:30:00-04:00,139.61000061035156,139.83999633789062,139.10000610351562,139.10000610351562,11766,0.0,0.0
2023-05-26 11:30:00-04:00,139.1750030517578,140.08999633789062,138.86000061035156,140.08999633789062,6379,0.0,0.0
2023-05-26 12:30:00-04:00,139.9949951171875,140.80499267578125,139.9875030517578,140.33999633789062,8444,0.0,0.0
2023-05-26 13:30:00-04:00,140.44000244140625,140.5749969482422,140.07000732421875,140.47500610351562,7655,0.0,0.0
2023-05-26 14:30:00-04:00,140.51499938964844,141.16000366210938,140.42999267578125,140.88999938964844,6933,0.0,0.0
2023-05-26 15:30:00-04:00,140.86000061035156,141.27999877929688,140.8000030517578,141.22000122070312,15683,0.0,0.0
2023-05-30 09:30:00-04:00,141.6999969482422,141.6999969482422,140.54010009765625,140.88999938964844,6605,0.0,0.0
2023-05-30 10:30:00-04:00,140.8350067138672,140.97999572753906,140.32000732421875,140.72000122070312,3507,0.0,0.0
2023-05-30 11:30:00-04:00,140.6199951171875,141.85499572753906,140.55999755859375,141.85499572753906,12600,0.0,0.0
2023-05-30 12:30:00-04:00,141.69000244140625,141.7899932861328,141.27000427246094,141.6649932861328,3122,0.0,0.0
2023-05-30 13:30:00-04:00,141.80999755859375,142.52999877929688,141.52000427246094,141.72000122070312,8680,0.0,0.0
2023-05-30 14:30:00-04:00,141.75,142.125,141.32000732421875,141.64999389648438,9661,0.0,0.0
2023-05-30 15:30:00-04:00,141.75,141.75,141.17999267578125,141.17999267578125,13037,0.0,0.0
2023-05-31 09:30:00-04:00,140.8699951171875,140.8699951171875,138.6699981689453,138.6699981689453,2571,0.0,0.0
2023-05-31 10:30:00-04:00,138.63999938964844,138.86000061035156,138.19000244140625,138.5399932861328,6084,0.0,0.0
2023-05-31 11:30:00-04:00,138.2100067138672,138.2100067138672,137.49000549316406,137.97500610351562,9259,0.0,0.0
2023-05-31 12:30:00-04:00,137.67999267578125,137.8975067138672,137.27000427246094,137.27000427246094,7264,0.0,0.0
2023-05-31 13:30:00-04:00,137.52000427246094,138.14999389648438,137.4250030517578,138.05499267578125,9544,0.0,0.0
2023-05-31 14:30:00-04:00,137.94500732421875,138.00999450683594,137.27999877929688,137.49000549316406,10059,0.0,0.0
2023-05-31 15:30:00-04:00,137.60000610351562,138.28500366210938,137.47000122070312,137.47999572753906,25820,0.0,0.0
2023-06-01 09:30:00-04:00,138.5800018310547,138.5800018310547,136.43499755859375,137.5,6917,0.0,0.0
2023-06-01 10:30:00-04:00,137.52000427246094,138.08999633789062,137.39999389648438,137.72000122070312,5019,0.0,0.0
2023-06-01 11:30:00-04:00,137.89999389648438,138.69000244140625,137.84500122070312,138.39999389648438,16291,0.0,0.0
2023-06-01 12:30:00-04:00,138.27000427246094,138.27000427246094,137.55499267578125,137.55499267578125,5472,0.0,0.0
2023-06-01 13:30:00-04:00,137.68499755859375,138.94000244140625,137.5800018310547,138.69500732421875,8934,0.0,0.0
2023-06-01 14:30:00-04:00,138.5,139.1999969482422,138.5,139.0500030517578,7989,0.0,0.0
2023-06-01 15:30:00-04:00,139.02999877929688,139.27999877929688,138.9600067138672,139.22000122070312,15207,0.0,0.0
2023-06-02 09:30:00-04:00,139.97000122070312,141.9600067138672,139.97000122070312,141.47999572753906,6901,0.0,0.0
2023-06-02 10:30:00-04:00,141.75999450683594,142.97999572753906,141.75999450683594,142.94000244140625,6010,0.0,0.0
2023-06-02 11:30:00-04:00,143.0,143.0500030517578,142.6300048828125,142.74000549316406,10428,0.0,0.0
2023-06-02 12:30:00-04:00,142.88499450683594,143.2899932861328,142.88499450683594,142.92999267578125,14218,0.0,0.0
2023-06-02 13:30:00-04:00,143.0399932861328,143.0399932861328,142.3699951171875,142.3699951171875,9485,0.0,0.0
2023-06-02 14:30:00-04:00,142.4799041748047,143.41000366210938,142.38999938964844,142.69000244140625,22982,0.0,0.0
2023-06-02 15:30:00-04:00,142.52999877929688,142.9600067138672,142.33999633789062,142.75999450683594,28167,0.0,0.0
2023-06-05 09:30:00-04:00,141.85000610351562,142.5,139.0050048828125,139.42999267578125,14722,0.0,0.0
2023-06-05 10:30:00-04:00,139.68499755859375,141.9250030517578,139.42430114746094,141.9199981689453,13224,0.0,0.0
2023-06-05 11:30:00-04:00,142.08999633789062,142.08999633789062,141.16000366210938,141.60000610351562,20364,0.0,0.0
2023-06-05 12:30:00-04:00,141.61000061035156,141.61000061035156,140.31500244140625,140.6300048828125,10211,0.0,0.0
2023-06-05 13:30:00-04:00,140.39999389648438,141.52000427246094,140.32000732421875,140.8249969482422,16066,0.0,0.0
2023-06-05 14:30:00-04:00,140.75999450683594,141.00999450683594,140.5124969482422,140.89999389648438,12577,0.0,0.0
2023-06-05 15:30:00-04:00,140.9949951171875,141.91000366210938,140.94000244140625,141.58999633789062,25534,0.0,0.0
2023-06-06 09:30:00-04:00,142.60000610351562,145.25,142.60000610351562,145.02999877929688,13377,0.0,0.0
2023-06-06 10:30:00-04:00,145.19000244140625,145.5050048828125,143.91000366210938,144.2100067138672,17526,0.0,0.0
2023-06-06 11:30:00-04:00,143.98500061035156,144.4499969482422,143.64999389648438,143.64999389648438,6642,0.0,0.0
2023-06-06 12:30:00-04:00,143.91000366210938,143.92999267578125,143.55499267578125,143.55499267578125,5214,0.0,0.0
2023-06-06 13:30:00-04:00,143.41000366210938,143.47000122070312,143.1649932861328,143.47000122070312,7754,0.0,0.0
2023-06-06 14:30:00-04:00,143.38999938964844,143.86000061035156,143.38999938964844,143.8000030517578,9377,0.0,0.0
2023-06-06 15:30:00-04:00,143.72000122070312,144.02999877929688,143.5500030517578,143.91000366210938,18400,0.0,0.0
2023-06-07 09:30:00-04:00,144.7100067138672,145.5800018310547,144.2899932861328,145.14999389648438,5225,0.0,0.0
2023-06-07 10:30:00-04:00,145.41000366210938,146.2899932861328,144.55499267578125,146.2899932861328,10740,0.0,0.0
2023-06-07 11:30:00-04:00,146.3000030517578,147.0,145.80999755859375,146.39500427246094,21948,0.0,0.0
2023-06-07 12:30:00-04:00,146.19000244140625,146.92999267578125,146.1750030517578,146.92999267578125,7151,0.0,0.0
2023-06-07 13:30:00-04:00,147.13999938964844,147.76499938964844,146.9600067138672,147.60000610351562,11140,0.0,0.0
2023-06-07 14:30:00-04:00,147.60000610351562,147.6300048828125,146.89999389648438,146.97500610351562,13349,0.0,0.0
2023-06-07 15:30:00-04:00,146.96429443359375,147.26499938964844,146.82000732421875,147.2100067138672,35740,0.0,0.0
2023-06-08 09:30:00-04:00,147.16000366210938,147.16000366210938,146.64500427246094,146.80999755859375,7493,0.0,0.0
2023-06-08 10:30:00-04:00,146.9949951171875,148.16000366210938,146.98500061035156,148.16000366210938,8543,0.0,0.0
2023-06-08 11:30:00-04:00,148.27000427246094,148.44000244140625,147.99000549316406,148.39999389648438,11273,0.0,0.0
2023-06-08 12:30:00-04:00,148.0050048828125,148.05999755859375,147.56500244140625,147.57749938964844,6328,0.0,0.0
2023-06-08 13:30:00-04:00,147.56500244140625,147.8000030517578,147.56500244140625,147.7100067138672,8328,0.0,0.0
2023-06-08 14:30:00-04:00,147.89999389648438,148.9499969482422,147.89999389648438,148.5850067138672,17187,0.0,0.0
2023-06-08 15:30:00-04:00,148.55999755859375,148.60499572753906,147.94000244140625,148.0399932861328,29966,0.0,0.0
2023-06-09 09:30:00-04:00,147.50999450683594,149.44000244140625,147.0500030517578,148.94000244140625,14000,0.0,0.0
2023-06-09 10:30:00-04:00,149.3800048828125,150.88999938964844,149.3000030517578,150.86000061035156,42054,0.0,0.0
2023-06-09 11:30:00-04:00,150.63499450683594,151.9250030517578,150.53500366210938,151.9250030517578,26634,0.0,0.0
2023-06-09 12:30:00-04:00,151.9199981689453,153.25999450683594,151.8300018310547,153.0,45210,0.0,0.0
2023-06-09 13:30:00-04:00,153.22000122070312,154.60000610351562,152.91250610351562,154.53500366210938,37173,0.0,0.0
2023-06-09 14:30:00-04:00,154.5399932861328,154.72999572753906,153.4949951171875,153.99000549316406,41892,0.0,0.0
2023-06-09 15:30:00-04:00,153.91000366210938,154.25999450683594,153.24000549316406,154.25,67755,0.0,0.0
2023-06-12 09:30:00-04:00,154.83999633789062,155.2899932861328,152.9250030517578,153.55499267578125,35405,0.0,0.0
2023-06-12 10:30:00-04:00,153.47000122070312,154.99000549316406,153.11500549316406,154.30499267578125,29177,0.0,0.0
2023-06-12 11:30:00-04:00,154.2949981689453,155.2949981689453,154.24000549316406,155.03500366210938,30555,0.0,0.0
2023-06-12 12:30:00-04:00,155.2100067138672,155.2100067138672,153.9550018310547,154.33999633789062,54728,0.0,0.0
2023-06-12 13:30:00-04:00,154.33999633789062,154.8800048828125,153.9949951171875,154.38999938964844,23093,0.0,0.0
2023-06-12 14:30:00-04:00,154.5,154.97999572753906,154.19500732421875,154.97999572753906,25717,0.0,0.0
2023-06-12 15:30:00-04:00,155.00999450683594,155.89999389648438,154.92999267578125,155.07000732421875,51048,0.0,0.0
2023-06-13 09:30:00-04:00,155.00999450683594,157.1300048828125,154.7050018310547,156.97500610351562,10704,0.0,0.0
2023-06-13 10:30:00-04:00,157.18499755859375,157.7550048828125,156.90499877929688,156.90499877929688,10529,0.0,0.0
2023-06-13 11:30:00-04:00,156.91749572753906,157.82000732421875,156.2949981689453,157.82000732421875,15383,0.0,0.0
2023-06-13 12:30:00-04:00,157.82000732421875,157.82000732421875,156.63999938964844,157.13999938964844,11112,0.0,0.0
2023-06-13 13:30:00-04:00,157.23500061035156,157.3800048828125,156.9801025390625,157.27499389648438,11264,0.0,0.0
2023-06-13 14:30:00-04:00,157.2550048828125,157.75999450683594,156.92999267578125,157.38499450683594,17028,0.0,0.0
2023-06-13 15:30:00-04:00,157.47000122070312,157.69000244140625,157.13499450683594,157.6649932861328,34867,0.0,0.0
2023-06-14 09:30:00-04:00,157.6199951171875,158.07000732421875,157.41000366210938,157.8699951171875,13406,0.0,0.0
2023-06-14 10:30:00-04:00,158.02999877929688,158.4499969482422,157.95010375976562,157.9600067138672,6840,0.0,0.0
2023-06-14 11:30:00-04:00,158.0449981689453,158.13999938964844,157.75,158.0579071044922,12471,0.0,0.0
2023-06-14 12:30:00-04:00,158.07000732421875,158.95989990234375,158.0050048828125,158.74000549316406,18132,0.0,0.0
2023-06-14 13:30:00-04:00,158.5800018310547,158.6199951171875,157.17999267578125,157.5500030517578,21800,0.0,0.0
2023-06-14 14:30:00-04:00,157.72500610351562,159.25,157.70750427246094,159.1199951171875,31978,0.0,0.0
2023-06-14 15:30:00-04:00,159.0,159.5749969482422,158.85000610351562,159.55999755859375,56492,0.0,0.0
2023-06-15 09:30:00-04:00,158.92999267578125,161.4600067138672,158.53500366210938,161.33999633789062,24937,0.0,0.0
2023-06-15 10:30:00-04:00,161.27000427246094,161.41000366210938,160.5,161.05999755859375,16778,0.0,0.0
2023-06-15 11:30:00-04:00,161.081298828125,161.27999877929688,160.4199981689453,161.0,22665,0.0,0.0
2023-06-15 12:30:00-04:00,161.0,161.52999877929688,160.8350067138672,161.2100067138672,18434,0.0,0.0
2023-06-15 13:30:00-04:00,161.1999969482422,161.6999969482422,160.93499755859375,161.13999938964844,29204,0.0,0.0
2023-06-15 14:30:00-04:00,161.22999572753906,161.3800048828125,160.85499572753906,161.1699981689453,39103,0.0,0.0
2023-06-15 15:30:00-04:00,161.16000366210938,161.5850067138672,160.9250030517578,161.30499267578125,52018,0.0,0.0
2023-06-16 09:30:00-04:00,162.5,163.02999877929688,161.36000061035156,161.89999389648438,64200,0.0,0.0
2023-06-16 10:30:00-04:00,161.6199951171875,161.8800048828125,159.32000732421875,159.33999633789062,22783,0.0,0.0
2023-06-16 11:30:00-04:00,158.99000549316406,159.82000732421875,158.28500366210938,159.3350067138672,57043,0.0,0.0
2023-06-16 12:30:00-04:00,159.3249969482422,160.1300048828125,159.19000244140625,160.1300048828125,22681,0.0,0.0
2023-06-16 13:30:00-04:00,160.02000427246094,162.4600067138672,160.02000427246094,161.83999633789062,26725,0.0,0.0
2023-06-16 14:30:00-04:00,161.77000427246094,162.5800018310547,161.14999389648438,161.78720092773438,26378,0.0,0.0
2023-06-16 15:30:00-04:00,161.77000427246094,162.74000549316406,161.65750122070312,161.74000549316406,65246,0.0,0.0
2023-06-20 09:30:00-04:00,160.94000244140625,163.66000366210938,160.3300018310547,163.3300018310547,25859,0.0,0.0
2023-06-20 10:30:00-04:00,163.3800048828125,164.27000427246094,162.89999389648438,163.19000244140625,21235,0.0,0.0
2023-06-20 11:30:00-04:00,163.0800018310547,163.4600067138672,162.875,163.08999633789062,22202,0.0,0.0
2023-06-20 12:30:00-04:00,163.33999633789062,164.4600067138672,163.2899932861328,164.3000030517578,18526,0.0,0.0
2023-06-20 13:30:00-04:00,164.2949981689453,164.3800048828125,164.0399932861328,164.0399932861328,20096,0.0,0.0
2023-06-20 14:30:00-04:00,164.0399932861328,164.10000610351562,162.7899932861328,163.13999938964844,30137,0.0,0.0
2023-06-20 15:30:00-04:00,163.1750030517578,163.4499969482422,162.88999938964844,162.94000244140625,54003,0.0,0.0
2023-06-21 09:30:00-04:00,162.75,166.27999877929688,161.8699951171875,166.27999877929688,0,0.0,0.0
2023-06-21 10:30:00-04:00,166.1699981689453,166.49000549316406,164.9600067138672,165.2899932861328,36038,0.0,0.0
2023-06-21 11:30:00-04:00,165.32000732421875,165.32000732421875,164.36000061035156,164.61500549316406,11312,0.0,0.0
2023-06-21 12:30:00-04:00,164.72000122070312,164.97000122070312,164.5800018310547,164.8300018310547,9846,0.0,0.0
2023-06-21 13:30:00-04:00,164.8000030517578,165.75999450683594,164.8000030517578,165.3699951171875,17337,0.0,0.0
2023-06-21 14:30:00-04:00,165.3800048828125,165.49000549316406,165.1199951171875,165.3000030517578,10432,0.0,0.0
2023-06-21 15:30:00-04:00,165.02999877929688,165.9499969482422,165.02999877929688,165.89999389648438,33366,0.0,0.0
2023-06-22 09:30:00-04:00,165.08999633789062,168.1199951171875,163.69500732421875,165.8000030517578,54791,0.0,0.0
2023-06-22 10:30:00-04:00,165.67999267578125,166.52999877929688,165.6699981689453,166.2550048828125,29826,0.0,0.0
2023-06-22 11:30:00-04:00,166.0500030517578,166.1649932861328,164.61000061035156,165.30999755859375,10060,0.0,0.0
2023-06-22 12:30:00-04:00,165.19000244140625,165.32000732421875,164.25999450683594,164.25999450683594,8769,0.0,0.0
2023-06-22 13:30:00-04:00,164.22999572753906,164.74000549316406,164.17999267578125,164.63999938964844,13030,0.0,0.0
2023-06-22 14:30:00-04:00,164.66000366210938,165.61000061035156,164.63999938964844,165.02000427246094,16455,0.0,0.0
2023-06-22 15:30:00-04:00,164.72000122070312,165.25999450683594,164.72000122070312,164.8699951171875,26816,0.0,0.0
2023-06-23 09:30:00-04:00,163.16000366210938,163.85000610351562,161.85000610351562,161.9199981689453,22955,0.0,0.0
2023-06-23 10:30:00-04:00,162.27999877929688,162.36000061035156,161.69000244140625,162.0,15781,0.0,0.0
2023-06-23 11:30:00-04:00,161.9949951171875,162.52000427246094,161.9949951171875,162.50999450683594,11213,0.0,0.0
2023-06-23 12:30:00-04:00,162.0800018310547,162.27000427246094,161.97000122070312,162.09500122070312,5494,0.0,0.0
2023-06-23 13:30:00-04:00,162.16000366210938,162.51499938964844,161.8699951171875,162.4499969482422,12880,0.0,0.0
2023-06-23 14:30:00-04:00,162.47000122070312,162.47000122070312,161.9600067138672,162.17999267578125,16070,0.0,0.0
2023-06-23 15:30:00-04:00,162.11000061035156,162.5,161.97999572753906,162.2899932861328,29256,0.0,0.0
2023-06-26 09:30:00-04:00,162.1199951171875,163.80999755859375,162.01499938964844,162.27999877929688,18912,0.0,0.0
2023-06-26 10:30:00-04:00,162.2550048828125,163.13499450683594,162.00999450683594,162.57000732421875,8475,0.0,0.0
2023-06-26 11:30:00-04:00,162.52999877929688,163.30999755859375,162.50999450683594,163.16000366210938,8429,0.0,0.0
2023-06-26 12:30:00-04:00,162.83999633789062,162.94500732421875,162.33999633789062,162.72500610351562,9634,0.0,0.0
2023-06-26 13:30:00-04:00,162.91000366210938,164.16000366210938,162.84249877929688,164.09249877929688,15046,0.0,0.0
2023-06-26 14:30:00-04:00,164.19500732421875,164.69000244140625,163.9499969482422,164.52000427246094,15586,0.0,0.0
2023-06-26 15:30:00-04:00,164.61000061035156,164.67999267578125,163.52999877929688,163.6300048828125,30360,0.0,0.0
2023-06-27 09:30:00-04:00,164.67999267578125,165.22000122070312,164.02999877929688,165.0128936767578,0,0.0,0.0
2023-06-27 10:30:00-04:00,165.25,166.41000366210938,165.25,165.8699951171875,6325,0.0,0.0
2023-06-27 11:30:00-04:00,165.8300018310547,166.64999389648438,165.8000030517578,166.48500061035156,8802,0.0,0.0
2023-06-27 12:30:00-04:00,166.8300018310547,167.6300048828125,166.8000030517578,167.49000549316406,80327,0.0,0.0
2023-06-27 13:30:00-04:00,167.47999572753906,168.16000366210938,167.46499633789062,167.58999633789062,23934,0.0,0.0
2023-06-27 14:30:00-04:00,167.60000610351562,167.60000610351562,166.8800048828125,167.49000549316406,16755,0.0,0.0
2023-06-27 15:30:00-04:00,167.63499450683594,167.97999572753906,167.4199981689453,167.8699951171875,28180,0.0,0.0
2023-06-28 09:30:00-04:00,168.36000061035156,168.4499969482422,167.49000549316406,168.0,8368,0.0,0.0
2023-06-28 10:30:00-04:00,168.2100067138672,169.0,168.2100067138672,168.88999938964844,7719,0.0,0.0
2023-06-28 11:30:00-04:00,168.77999877929688,169.78500366210938,168.77999877929688,169.78500366210938,6958,0.0,0.0
2023-06-28 12:30:00-04:00,169.74000549316406,169.88999938964844,168.6699981689453,169.42999267578125,7609,0.0,0.0
2023-06-28 13:30:00-04:00,169.33999633789062,170.16000366210938,169.33999633789062,170.00999450683594,19419,0.0,0.0
2023-06-28 14:30:00-04:00,169.91000366210938,170.36000061035156,169.91000366210938,170.36000061035156,8786,0.0,0.0
2023-06-28 15:30:00-04:00,170.2899932861328,170.55999755859375,169.89999389648438,170.3800048828125,32456,0.0,0.0
2023-06-29 09:30:00-04:00,169.5800018310547,171.27999877929688,169.5800018310547,171.02999877929688,35528,0.0,0.0
2023-06-29 10:30:00-04:00,170.55999755859375,171.10000610351562,170.27999877929688,170.7100067138672,12202,0.0,0.0
2023-06-29 11:30:00-04:00,171.00999450683594,172.67999267578125,171.0,172.67999267578125,7680,0.0,0.0
2023-06-29 12:30:00-04:00,172.41000366210938,173.16000366210938,172.3699951171875,172.97000122070312,6443,0.0,0.0
2023-06-29 13:30:00-04:00,173.07000732421875,173.19000244140625,172.63999938964844,172.72000122070312,8379,0.0,0.0
2023-06-29 14:30:00-04:00,172.94000244140625,173.50999450683594,172.78500366210938,173.375,11757,0.0,0.0
2023-06-29 15:30:00-04:00,173.22000122070312,173.35000610351562,170.25,172.92999267578125,41307,0.0,0.0
2023-06-30 09:30:00-04:00,174.77999877929688,175.9499969482422,174.77999877929688,175.64999389648438,40944,0.0,0.0
2023-06-30 10:30:00-04:00,175.64999389648438,176.0,174.08999633789062,175.5399932861328,16639,0.0,0.0
2023-06-30 11:30:00-04:00,175.5,175.9199981689453,174.94009399414062,175.61000061035156,30205,0.0,0.0
2023-06-30 12:30:00-04:00,175.5,175.57000732421875,175.38999938964844,175.5050048828125,6970,0.0,0.0
2023-06-30 13:30:00-04:00,175.52000427246094,175.8300018310547,174.89999389648438,174.89999389648438,17982,0.0,0.0
2023-06-30 14:30:00-04:00,174.86500549316406,175.05999755859375,174.3300018310547,174.86000061035156,16818,0.0,0.0
2023-06-30 15:30:00-04:00,174.85000610351562,174.85000610351562,173.91000366210938,174.00999450683594,26095,0.0,0.0
2023-07-03 09:30:00-04:00,173.3699951171875,174.14999389648438,169.22999572753906,172.08999633789062,43228,0.0,0.0
2023-07-03 10:30:00-04:00,172.27999877929688,172.4199981689453,169.80999755859375,169.8249969482422,25592,0.0,0.0
2023-07-03 11:30:00-04:00,169.88999938964844,170.14999389648438,168.8699951171875,169.4949951171875,40747,0.0,0.0
2023-07-05 09:30:00-04:00,168.69000244140625,169.39500427246094,166.80999755859375,169.0800018310547,31409,0.0,0.0
2023-07-05 10:30:00-04:00,169.08999633789062,169.30999755859375,167.27999877929688,167.875,26558,0.0,0.0
2023-07-05 11:30:00-04:00,167.86000061035156,168.75,167.86000061035156,168.28500366210938,20413,0.0,0.0
2023-07-05 12:30:00-04:00,168.22000122070312,168.22000122070312,167.23500061035156,167.3300018310547,17946,0.0,0.0
2023-07-05 13:30:00-04:00,167.4149932861328,167.5251007080078,166.85000610351562,167.3800048828125,19722,0.0,0.0
2023-07-05 14:30:00-04:00,167.5850067138672,168.40499877929688,167.5050048828125,168.14999389648438,22057,0.0,0.0
2023-07-05 15:30:00-04:00,168.14999389648438,168.1999969482422,167.3000030517578,167.77000427246094,34568,0.0,0.0
2023-07-06 09:30:00-04:00,166.75999450683594,166.94000244140625,164.82000732421875,164.94000244140625,19726,0.0,0.0
2023-07-06 10:30:00-04:00,165.11309814453125,165.2299041748047,163.5800018310547,163.77000427246094,20168,0.0,0.0
2023-07-06 11:30:00-04:00,163.77000427246094,164.0399932861328,163.5800018310547,163.7100067138672,16161,0.0,0.0
2023-07-06 12:30:00-04:00,163.82000732421875,164.5050048828125,163.80999755859375,164.1999969482422,28705,0.0,0.0
2023-07-06 13:30:00-04:00,164.35000610351562,164.47000122070312,164.08999633789062,164.25999450683594,12471,0.0,0.0
2023-07-06 14:30:00-04:00,164.25,164.9499969482422,164.1199951171875,164.4600067138672,34361,0.0,0.0
2023-07-06 15:30:00-04:00,164.24000549316406,164.5800018310547,163.9499969482422,164.57000732421875,35552,0.0,0.0
2023-07-07 09:30:00-04:00,164.00999450683594,169.0500030517578,163.1999969482422,165.2949981689453,120462,0.0,0.0
2023-07-07 10:30:00-04:00,165.60000610351562,165.8300018310547,164.24000549316406,164.7449951171875,11671,0.0,0.0
2023-07-07 11:30:00-04:00,164.72000122070312,165.47999572753906,164.5399932861328,165.47000122070312,14663,0.0,0.0
2023-07-07 12:30:00-04:00,165.47500610351562,165.75999450683594,164.85000610351562,164.85000610351562,37982,0.0,0.0
2023-07-07 13:30:00-04:00,164.80999755859375,165.27999877929688,164.66000366210938,164.96499633789062,35795,0.0,0.0
2023-07-07 14:30:00-04:00,164.94000244140625,164.97999572753906,164.15499877929688,164.67999267578125,36429,0.0,0.0
2023-07-07 15:30:00-04:00,164.64999389648438,164.80999755859375,164.25,164.80999755859375,69923,0.0,0.0
2023-07-10 09:30:00-04:00,165.27999877929688,168.6699981689453,165.27999877929688,168.13499450683594,8314,0.0,0.0
2023-07-10 10:30:00-04:00,168.02000427246094,168.41000366210938,166.97000122070312,166.97000122070312,9666,0.0,0.0
2023-07-10 11:30:00-04:00,167.1999969482422,167.3699951171875,166.8300018310547,167.19000244140625,23327,0.0,0.0
2023-07-10 12:30:00-04:00,167.31500244140625,168.4199981689453,167.19000244140625,167.80999755859375,30847,0.0,0.0
2023-07-10 13:30:00-04:00,167.94000244140625,167.9600067138672,167.4199981689453,167.47999572753906,11611,0.0,0.0
2023-07-10 14:30:00-04:00,167.50999450683594,167.50999450683594,166.52000427246094,166.52000427246094,13905,0.0,0.0
2023-07-10 15:30:00-04:00,166.58999633789062,167.17999267578125,166.44000244140625,167.17999267578125,34979,0.0,0.0
2023-07-11 09:30:00-04:00,167.77000427246094,168.92999267578125,167.20899963378906,168.03500366210938,4801,0.0,0.0
2023-07-11 10:30:00-04:00,167.72999572753906,167.8800048828125,167.36000061035156,167.55499267578125,9289,0.0,0.0
2023-07-11 11:30:00-04:00,167.34500122070312,167.38999938964844,166.89999389648438,167.0399932861328,9165,0.0,0.0
2023-07-11 12:30:00-04:00,166.85000610351562,167.85000610351562,166.85000610351562,167.85000610351562,9739,0.0,0.0
2023-07-11 13:30:00-04:00,167.7100067138672,168.09500122070312,167.7100067138672,168.09500122070312,6435,0.0,0.0
2023-07-11 14:30:00-04:00,168.3699951171875,168.80999755859375,168.19000244140625,168.69000244140625,8346,0.0,0.0
2023-07-11 15:30:00-04:00,168.6999969482422,169.30999755859375,168.69000244140625,169.0,23197,0.0,0.0
2023-07-12 09:30:00-04:00,170.97999572753906,171.52999877929688,169.67999267578125,170.8300018310547,0,0.0,0.0
2023-07-12 10:30:00-04:00,170.66000366210938,171.10000610351562,170.42999267578125,170.60000610351562,9948,0.0,0.0
2023-07-12 11:30:00-04:00,170.4600067138672,170.4600067138672,169.30999755859375,169.30999755859375,10680,0.0,0.0
2023-07-12 12:30:00-04:00,169.32000732421875,169.77000427246094,169.07000732421875,169.5500030517578,17059,0.0,0.0
2023-07-12 13:30:00-04:00,169.5399932861328,169.7100067138672,169.0500030517578,169.44000244140625,21161,0.0,0.0
2023-07-12 14:30:00-04:00,169.35000610351562,169.3800048828125,168.41000366210938,168.6199951171875,19884,0.0,0.0
2023-07-12 15:30:00-04:00,168.6300048828125,168.6999969482422,168.10000610351562,168.61000061035156,33097,0.0,0.0
2023-07-13 09:30:00-04:00,169.41000366210938,169.7949981689453,168.36000061035156,169.7949981689453,9705,0.0,0.0
2023-07-13 10:30:00-04:00,169.83999633789062,169.83999633789062,169.23500061035156,169.33999633789062,4784,0.0,0.0
2023-07-13 11:30:00-04:00,169.24000549316406,169.24000549316406,168.7200927734375,168.8800048828125,7535,0.0,0.0
2023-07-13 12:30:00-04:00,168.9600067138672,168.9600067138672,168.58999633789062,168.75999450683594,11848,0.0,0.0
2023-07-13 13:30:00-04:00,168.66000366210938,169.5,168.53500366210938,169.16000366210938,11100,0.0,0.0
2023-07-13 14:30:00-04:00,169.0500030517578,169.5500030517578,169.0,169.50999450683594,12817,0.0,0.0
2023-07-13 15:30:00-04:00,169.6699981689453,169.6699981689453,169.22999572753906,169.4199981689453,19771,0.0,0.0
2023-07-14 09:30:00-04:00,169.10000610351562,169.3350067138672,166.99000549316406,166.99000549316406,13498,0.0,0.0
2023-07-14 10:30:00-04:00,167.02999877929688,167.6300048828125,166.6199951171875,167.33999633789062,10129,0.0,0.0
2023-07-14 11:30:00-04:00,167.47999572753906,167.5500030517578,166.63999938964844,166.63999938964844,9521,0.0,0.0
2023-07-14 12:30:00-04:00,166.77499389648438,166.9600067138672,166.57000732421875,166.9600067138672,11754,0.0,0.0
2023-07-14 13:30:00-04:00,167.02999877929688,167.2899932861328,166.25,166.82000732421875,16579,0.0,0.0
2023-07-14 14:30:00-04:00,166.8000030517578,166.9600067138672,166.01499938964844,166.19500732421875,20119,0.0,0.0
2023-07-14 15:30:00-04:00,166.27999877929688,166.6699981689453,166.11000061035156,166.27999877929688,33138,0.0,0.0
2023-07-17 09:30:00-04:00,165.74000549316406,167.96499633789062,164.97000122070312,166.89999389648438,11959,0.0,0.0
2023-07-17 10:30:00-04:00,167.05499267578125,167.47000122070312,166.6300048828125,167.47000122070312,9939,0.0,0.0
2023-07-17 11:30:00-04:00,167.88999938964844,168.2100067138672,167.8000030517578,167.8000030517578,6965,0.0,0.0
2023-07-17 12:30:00-04:00,167.89999389648438,167.89999389648438,167.34500122070312,167.5,7845,0.0,0.0
2023-07-17 13:30:00-04:00,167.22500610351562,167.6300048828125,167.0800018310547,167.6300048828125,11357,0.0,0.0
2023-07-17 14:30:00-04:00,167.57000732421875,167.63999938964844,167.3699951171875,167.4550018310547,11827,0.0,0.0
2023-07-17 15:30:00-04:00,167.23280334472656,168.05999755859375,167.23280334472656,167.94000244140625,26710,0.0,0.0
2023-07-18 09:30:00-04:00,168.22000122070312,170.36000061035156,168.22000122070312,169.8800048828125,9961,0.0,0.0
2023-07-18 10:30:00-04:00,169.9199981689453,171.02999877929688,169.4199981689453,171.02999877929688,11913,0.0,0.0
2023-07-18 11:30:00-04:00,171.1300048828125,171.1300048828125,170.50999450683594,170.74000549316406,13277,0.0,0.0
2023-07-18 12:30:00-04:00,170.75999450683594,171.22000122070312,169.94000244140625,169.94000244140625,23831,0.0,0.0
2023-07-18 13:30:00-04:00,169.8699951171875,170.16000366210938,169.7899932861328,169.7899932861328,11292,0.0,0.0
2023-07-18 14:30:00-04:00,169.83999633789062,169.9550018310547,169.375,169.81500244140625,16521,0.0,0.0
2023-07-18 15:30:00-04:00,169.72999572753906,170.0500030517578,169.4199981689453,169.5399932861328,27959,0.0,0.0
2023-07-19 09:30:00-04:00,169.3300018310547,169.4149932861328,167.11000061035156,167.36000061035156,28332,0.0,0.0
2023-07-19 10:30:00-04:00,167.11500549316406,167.22999572753906,165.85000610351562,166.41000366210938,16406,0.0,0.0
2023-07-19 11:30:00-04:00,166.5697021484375,166.8000030517578,166.35000610351562,166.59500122070312,17045,0.0,0.0
2023-07-19 12:30:00-04:00,166.36000061035156,167.1300048828125,166.25999450683594,167.1300048828125,15535,0.0,0.0
2023-07-19 13:30:00-04:00,167.2100067138672,167.77000427246094,166.77000427246094,167.6699981689453,13198,0.0,0.0
2023-07-19 14:30:00-04:00,167.55999755859375,168.60000610351562,167.3800048828125,168.2899932861328,20841,0.0,0.0
2023-07-19 15:30:00-04:00,168.4949951171875,169.27499389648438,168.4949951171875,169.07000732421875,29540,0.0,0.0
2023-07-20 09:30:00-04:00,170.19000244140625,171.55999755859375,168.60000610351562,168.75999450683594,19287,0.0,0.0
2023-07-20 10:30:00-04:00,168.67999267578125,169.6750030517578,168.33999633789062,168.7100067138672,10785,0.0,0.0
2023-07-20 11:30:00-04:00,168.6300048828125,168.8000030517578,168.39999389648438,168.4199981689453,7936,0.0,0.0
2023-07-20 12:30:00-04:00,168.375,168.5,167.30499267578125,167.39999389648438,11017,0.0,0.0
2023-07-20 13:30:00-04:00,167.24000549316406,167.3000030517578,166.33999633789062,166.33999633789062,15976,0.0,0.0
2023-07-20 14:30:00-04:00,166.36500549316406,167.1199951171875,166.36500549316406,166.9600067138672,20573,0.0,0.0
2023-07-20 15:30:00-04:00,167.02000427246094,167.6300048828125,166.81500244140625,167.5,28494,0.0,0.0
2023-07-21 09:30:00-04:00,167.9499969482422,168.19000244140625,167.27000427246094,167.44000244140625,5525,0.0,0.0
2023-07-21 10:30:00-04:00,167.55999755859375,167.97999572753906,167.55999755859375,167.61000061035156,6185,0.0,0.0
2023-07-21 11:30:00-04:00,167.99000549316406,168.27999877929688,167.7899932861328,168.0500030517578,6906,0.0,0.0
2023-07-21 12:30:00-04:00,167.8300018310547,168.0800018310547,167.625,168.02999877929688,7591,0.0,0.0
2023-07-21 13:30:00-04:00,168.1300048828125,168.1300048828125,167.77000427246094,167.77000427246094,5498,0.0,0.0
2023-07-21 14:30:00-04:00,167.74000549316406,168.02000427246094,167.625,167.625,7780,0.0,0.0
2023-07-21 15:30:00-04:00,167.66000366210938,167.8300018310547,167.08999633789062,167.10000610351562,22454,0.0,0.0
2023-07-24 09:30:00-04:00,166.80999755859375,168.36000061035156,166.42999267578125,167.24000549316406,8278,0.0,0.0
2023-07-24 10:30:00-04:00,167.24000549316406,167.25,166.47999572753906,166.9550018310547,4550,0.0,0.0
2023-07-24 11:30:00-04:00,167.52000427246094,168.83999633789062,167.4499969482422,168.13999938964844,11695,0.0,0.0
2023-07-24 12:30:00-04:00,167.91000366210938,167.91000366210938,167.14999389648438,167.4199981689453,8183,0.0,0.0
2023-07-24 13:30:00-04:00,167.6300048828125,167.6300048828125,166.95010375976562,167.30499267578125,18575,0.0,0.0
2023-07-24 14:30:00-04:00,167.11000061035156,167.1999969482422,166.89999389648438,167.0,6854,0.0,0.0
2023-07-24 15:30:00-04:00,167.0050048828125,167.47000122070312,166.6699981689453,167.25,18246,0.0,0.0
2023-07-25 09:30:00-04:00,165.92999267578125,166.97500610351562,165.4199981689453,166.60499572753906,7214,0.0,0.0
2023-07-25 10:30:00-04:00,166.30499267578125,166.72999572753906,165.99000549316406,166.3350067138672,10208,0.0,0.0
2023-07-25 11:30:00-04:00,166.7899932861328,167.3300018310547,166.5800018310547,166.61000061035156,11049,0.0,0.0
2023-07-25 12:30:00-04:00,166.7449951171875,166.8125,166.22000122070312,166.47000122070312,15336,0.0,0.0
2023-07-25 13:30:00-04:00,166.49000549316406,166.8000030517578,166.3800048828125,166.8000030517578,14943,0.0,0.0
2023-07-25 14:30:00-04:00,166.8699951171875,167.5800018310547,166.8699951171875,167.42999267578125,11953,0.0,0.0
2023-07-25 15:30:00-04:00,167.28500366210938,167.88999938964844,167.21499633789062,167.7899932861328,20864,0.0,0.0
2023-07-26 09:30:00-04:00,167.0800018310547,168.77000427246094,167.0800018310547,167.6199951171875,8423,0.0,0.0
2023-07-26 10:30:00-04:00,167.33999633789062,167.7100067138672,166.72000122070312,167.22999572753906,8234,0.0,0.0
2023-07-26 11:30:00-04:00,167.1999969482422,167.3699951171875,166.78500366210938,166.8699951171875,13703,0.0,0.0
2023-07-26 12:30:00-04:00,166.80999755859375,167.0399932861328,166.67999267578125,166.75,11500,0.0,0.0
2023-07-26 13:30:00-04:00,166.7100067138672,166.7899932861328,165.9199981689453,166.7899932861328,15075,0.0,0.0
2023-07-26 14:30:00-04:00,166.85499572753906,167.40499877929688,166.3300018310547,166.7899932861328,17303,0.0,0.0
2023-07-26 15:30:00-04:00,166.6199951171875,166.86000061035156,166.38999938964844,166.58999633789062,30056,0.0,0.0
2023-07-27 09:30:00-04:00,167.69000244140625,169.5399932861328,165.02000427246094,165.22000122070312,8710,0.0,0.0
2023-07-27 10:30:00-04:00,165.14889526367188,165.8300018310547,165.0,165.8300018310547,8653,0.0,0.0
2023-07-27 11:30:00-04:00,165.77000427246094,166.2899932861328,165.52000427246094,166.2899932861328,6457,0.0,0.0
2023-07-27 12:30:00-04:00,166.42999267578125,166.58999633789062,166.08999633789062,166.16000366210938,6932,0.0,0.0
2023-07-27 13:30:00-04:00,166.1999969482422,166.35000610351562,165.69500732421875,165.72000122070312,8954,0.0,0.0
2023-07-27 14:30:00-04:00,165.5749969482422,165.5749969482422,165.14999389648438,165.47999572753906,10682,0.0,0.0
2023-07-27 15:30:00-04:00,165.64999389648438,166.22999572753906,165.49000549316406,165.97000122070312,25939,0.0,0.0
2023-07-28 09:30:00-04:00,166.1999969482422,166.875,162.72999572753906,166.65499877929688,9154,0.0,0.0
2023-07-28 10:30:00-04:00,166.77000427246094,167.3699951171875,166.77000427246094,167.15499877929688,7686,0.0,0.0
2023-07-28 11:30:00-04:00,167.2259063720703,167.2259063720703,166.52999877929688,166.6999969482422,5453,0.0,0.0
2023-07-28 12:30:00-04:00,166.58999633789062,166.85000610351562,166.4600067138672,166.47000122070312,7180,0.0,0.0
2023-07-28 13:30:00-04:00,166.0,166.30999755859375,165.9499969482422,166.30999755859375,7118,0.0,0.0
2023-07-28 14:30:00-04:00,166.26199340820312,166.58999633789062,166.22000122070312,166.3000030517578,14064,0.0,0.0
2023-07-28 15:30:00-04:00,166.2949981689453,166.97000122070312,166.2949981689453,166.97000122070312,20539,0.0,0.0
2023-07-31 09:30:00-04:00,166.1999969482422,167.0,166.16000366210938,166.16000366210938,0,0.0,0.0
2023-07-31 10:30:00-04:00,166.02000427246094,166.67999267578125,165.99000549316406,166.4499969482422,33161,0.0,0.0
2023-07-31 11:30:00-04:00,166.51809692382812,166.51809692382812,166.0399932861328,166.10499572753906,6259,0.0,0.0
2023-07-31 12:30:00-04:00,166.1300048828125,166.61000061035156,165.6999969482422,166.61000061035156,10574,0.0,0.0
2023-07-31 13:30:00-04:00,166.59500122070312,166.83999633789062,165.94000244140625,166.10000610351562,16509,0.0,0.0
2023-07-31 14:30:00-04:00,166.08999633789062,166.19000244140625,165.88999938964844,166.00999450683594,18964,0.0,0.0
2023-07-31 15:30:00-04:00,166.09500122070312,166.47999572753906,165.63999938964844,166.0,82704,0.0,0.0
2023-08-01 09:30:00-04:00,169.05999755859375,178.9499969482422,167.92999267578125,174.69000244140625,57021,0.0,0.0
2023-08-01 10:30:00-04:00,174.86000061035156,177.53500366210938,174.5050048828125,176.5749969482422,67471,0.0,0.0
2023-08-01 11:30:00-04:00,176.7899932861328,177.3699951171875,174.44000244140625,175.1999969482422,18205,0.0,0.0
2023-08-01 12:30:00-04:00,175.1999969482422,175.74000549316406,174.78500366210938,175.30999755859375,15135,0.0,0.0
2023-08-01 13:30:00-04:00,175.32000732421875,177.72999572753906,175.32000732421875,177.5,39500,0.0,0.0
2023-08-01 14:30:00-04:00,177.3300018310547,179.05999755859375,177.32249450683594,178.85000610351562,24427,0.0,0.0
2023-08-01 15:30:00-04:00,179.02000427246094,180.3000030517578,178.44500732421875,179.8300018310547,82212,0.0,0.0
2023-08-02 09:30:00-04:00,179.4499969482422,182.6300048828125,178.52999877929688,182.59500122070312,38840,0.0,0.0
2023-08-02 10:30:00-04:00,182.4949951171875,183.82000732421875,181.0,183.81500244140625,37276,0.0,0.0
2023-08-02 11:30:00-04:00,183.81500244140625,183.81500244140625,182.97000122070312,182.9949951171875,15226,0.0,0.0
2023-08-02 12:30:00-04:00,183.14999389648438,184.64999389648438,183.125,184.58999633789062,12239,0.0,0.0
2023-08-02 13:30:00-04:00,184.58999633789062,185.55999755859375,183.74000549316406,183.92999267578125,52180,0.0,0.0
2023-08-02 14:30:00-04:00,184.0399932861328,184.32000732421875,183.1699981689453,183.5399932861328,47431,0.0,0.0
2023-08-02 15:30:00-04:00,183.27000427246094,183.27000427246094,182.14999389648438,182.16000366210938,55758,0.0,0.0
2023-08-03 09:30:00-04:00,180.72000122070312,180.72000122070312,178.27999877929688,178.27999877929688,14973,0.0,0.0
2023-08-03 10:30:00-04:00,177.7899932861328,179.0,176.8350067138672,179.0,19611,0.0,0.0
2023-08-03 11:30:00-04:00,178.72999572753906,178.8000030517578,177.61500549316406,177.71499633789062,14685,0.0,0.0
2023-08-03 12:30:00-04:00,177.7899932861328,178.28500366210938,177.72999572753906,178.10000610351562,10688,0.0,0.0
2023-08-03 13:30:00-04:00,178.02999877929688,178.92999267578125,177.77000427246094,178.77459716796875,9914,0.0,0.0
2023-08-03 14:30:00-04:00,178.7550048828125,178.97999572753906,177.89999389648438,178.4550018310547,22281,0.0,0.0
2023-08-03 15:30:00-04:00,178.47999572753906,178.96499633789062,178.13999938964844,178.38999938964844,37823,0.0,0.0
2023-08-04 09:30:00-04:00,178.0,178.0749969482422,176.8699951171875,177.3800048828125,20889,0.0,0.0
2023-08-04 10:30:00-04:00,177.39999389648438,178.9949951171875,177.35000610351562,177.63499450683594,20481,0.0,0.0
2023-08-04 11:30:00-04:00,177.5449981689453,178.13499450683594,177.3220977783203,178.13499450683594,10633,0.0,0.0
2023-08-04 12:30:00-04:00,178.15499877929688,178.15499877929688,177.36500549316406,177.36500549316406,9165,0.0,0.0
2023-08-04 13:30:00-04:00,177.36000061035156,177.44000244140625,176.3249969482422,176.3249969482422,9691,0.0,0.0
2023-08-04 14:30:00-04:00,176.25999450683594,176.6300048828125,176.0540008544922,176.14999389648438,11731,0.0,0.0
2023-08-04 15:30:00-04:00,176.08999633789062,176.22000122070312,175.7100067138672,176.17999267578125,19169,0.0,0.0
2023-08-07 09:30:00-04:00,176.00999450683594,177.50999450683594,176.00999450683594,176.47000122070312,8271,0.0,0.0
2023-08-07 10:30:00-04:00,176.4600067138672,176.8000030517578,175.97000122070312,176.34500122070312,13379,0.0,0.0
2023-08-07 11:30:00-04:00,176.375,177.09500122070312,176.13999938964844,176.35000610351562,41406,0.0,0.0
2023-08-07 12:30:00-04:00,176.3800048828125,176.3800048828125,175.52000427246094,175.61000061035156,9984,0.0,0.0
2023-08-07 13:30:00-04:00,175.5800018310547,176.57000732421875,175.5800018310547,176.0,11696,0.0,0.0
2023-08-07 14:30:00-04:00,176.03500366210938,176.3699951171875,175.57000732421875,176.01499938964844,14083,0.0,0.0
2023-08-07 15:30:00-04:00,175.83999633789062,176.3000030517578,175.69000244140625,175.92999267578125,34983,0.0,0.0
2023-08-08 09:30:00-04:00,175.80999755859375,175.80999755859375,174.62379455566406,175.25999450683594,9655,0.0,0.0
2023-08-08 10:30:00-04:00,175.50999450683594,176.42999267578125,175.38999938964844,175.5,17564,0.0,0.0
2023-08-08 11:30:00-04:00,175.5,175.72000122070312,174.36000061035156,175.0850067138672,10330,0.0,0.0
2023-08-08 12:30:00-04:00,175.38900756835938,176.66000366210938,175.24000549316406,176.35000610351562,9085,0.0,0.0
2023-08-08 13:30:00-04:00,176.47999572753906,177.1199951171875,176.33999633789062,176.89500427246094,24939,0.0,0.0
2023-08-08 14:30:00-04:00,176.97000122070312,177.50999450683594,176.61000061035156,176.99000549316406,15605,0.0,0.0
2023-08-08 15:30:00-04:00,176.91000366210938,177.08999633789062,176.57000732421875,176.6199951171875,15184,0.0,0.0
2023-08-09 09:30:00-04:00,175.97999572753906,177.82000732421875,175.5,175.5,4388,0.0,0.0
2023-08-09 10:30:00-04:00,175.8699951171875,176.05999755859375,175.13999938964844,175.4700927734375,12498,0.0,0.0
2023-08-09 11:30:00-04:00,175.30999755859375,175.4949951171875,174.7949981689453,175.25999450683594,11155,0.0,0.0
2023-08-09 12:30:00-04:00,175.2899932861328,176.0399932861328,175.1199951171875,175.83999633789062,5584,0.0,0.0
2023-08-09 13:30:00-04:00,175.8000030517578,175.84500122070312,175.27999877929688,175.3699951171875,10087,0.0,0.0
2023-08-09 14:30:00-04:00,175.40499877929688,175.8990020751953,175.14999389648438,175.8990020751953,7524,0.0,0.0
2023-08-09 15:30:00-04:00,175.6699981689453,175.9499969482422,175.24000549316406,175.4199981689453,19790,0.0,0.0
2023-08-10 09:30:00-04:00,175.30999755859375,176.39999389648438,175.30999755859375,176.3000030517578,0,0.0,0.0
2023-08-10 10:30:00-04:00,175.80999755859375,176.16000366210938,175.36000061035156,175.36000061035156,5082,0.0,0.0
2023-08-10 11:30:00-04:00,175.60499572753906,175.60499572753906,173.30999755859375,173.30999755859375,5054,0.0,0.0
2023-08-10 12:30:00-04:00,173.3699951171875,174.6199951171875,173.3699951171875,173.75999450683594,7005,0.0,0.0
2023-08-10 13:30:00-04:00,174.02000427246094,175.1699981689453,173.82000732421875,175.0399932861328,8871,0.0,0.0
2023-08-10 14:30:00-04:00,175.02999877929688,175.80999755859375,175.02999877929688,175.32000732421875,11592,0.0,0.0
2023-08-10 15:30:00-04:00,175.6300048828125,175.63999938964844,174.97000122070312,175.39999389648438,32688,0.0,0.0
2023-08-11 09:30:00-04:00,175.0399932861328,176.14999389648438,174.0,175.16000366210938,28650,0.0,0.0
2023-08-11 10:30:00-04:00,175.2899932861328,176.33999633789062,175.11000061035156,175.2100067138672,14194,0.0,0.0
2023-08-11 11:30:00-04:00,175.22999572753906,176.47999572753906,175.08999633789062,176.41000366210938,23865,0.0,0.0
2023-08-11 12:30:00-04:00,176.9600067138672,177.47500610351562,176.61500549316406,177.47500610351562,7973,0.0,0.0
2023-08-11 13:30:00-04:00,177.1699981689453,177.3800048828125,176.8300018310547,177.27000427246094,5602,0.0,0.0
2023-08-11 14:30:00-04:00,177.51499938964844,177.9600067138672,177.35000610351562,177.7949981689453,15843,0.0,0.0
2023-08-11 15:30:00-04:00,177.8300018310547,178.30999755859375,177.72000122070312,178.22000122070312,52001,0.0,0.0
2023-08-14 09:30:00-04:00,177.9600067138672,178.69000244140625,176.69979858398438,178.3800048828125,0,0.0,0.0
2023-08-14 10:30:00-04:00,178.22000122070312,179.3699951171875,178.1999969482422,179.14999389648438,6404,0.0,0.0
2023-08-14 11:30:00-04:00,179.00999450683594,179.2100067138672,179.00999450683594,179.2100067138672,3366,0.0,0.0
2023-08-14 12:30:00-04:00,179.17999267578125,179.35499572753906,178.10000610351562,178.49000549316406,9618,0.0,0.0
2023-08-14 13:30:00-04:00,178.32000732421875,178.69000244140625,178.24000549316406,178.6199951171875,6246,0.0,0.0
2023-08-14 14:30:00-04:00,178.72000122070312,179.72999572753906,178.72000122070312,179.3699951171875,9866,0.0,0.0
2023-08-14 15:30:00-04:00,179.3699951171875,179.6999969482422,178.9199981689453,179.1300048828125,30636,0.0,0.0
2023-08-15 09:30:00-04:00,178.14999389648438,178.15499877929688,176.52999877929688,176.6300048828125,10465,0.0,0.0
2023-08-15 10:30:00-04:00,176.7100067138672,177.4499969482422,176.4250030517578,176.6199951171875,9463,0.0,0.0
2023-08-15 11:30:00-04:00,176.49000549316406,177.35000610351562,176.34249877929688,177.35000610351562,7642,0.0,0.0
2023-08-15 12:30:00-04:00,177.25999450683594,177.47999572753906,176.49000549316406,176.60000610351562,8561,0.0,0.0
2023-08-15 13:30:00-04:00,176.50999450683594,177.64999389648438,176.2899932861328,177.60499572753906,16471,0.0,0.0
2023-08-15 14:30:00-04:00,177.6300048828125,177.6649932861328,176.77999877929688,176.77999877929688,10293,0.0,0.0
2023-08-15 15:30:00-04:00,176.6699981689453,176.9499969482422,176.47000122070312,176.83999633789062,40555,0.0,0.0
2023-08-16 09:30:00-04:00,176.8000030517578,177.94500732421875,176.8000030517578,177.69500732421875,13964,0.0,0.0
2023-08-16 10:30:00-04:00,177.91000366210938,178.9550018310547,177.76930236816406,178.9499969482422,8289,0.0,0.0
2023-08-16 11:30:00-04:00,178.92999267578125,179.03500366210938,177.96499633789062,177.97000122070312,7271,0.0,0.0
2023-08-16 12:30:00-04:00,178.25999450683594,178.27499389648438,177.875,177.875,4936,0.0,0.0
2023-08-16 13:30:00-04:00,178.13999938964844,178.4600067138672,177.98500061035156,178.1699981689453,8494,0.0,0.0
2023-08-16 14:30:00-04:00,178.3300018310547,178.39500427246094,177.67999267578125,177.89500427246094,17034,0.0,0.0
2023-08-16 15:30:00-04:00,177.78750610351562,177.91000366210938,177.24000549316406,177.4149932861328,24541,0.0,0.0
2023-08-17 09:30:00-04:00,177.1300048828125,178.05999755859375,177.1300048828125,178.0,11891,0.0,0.0
2023-08-17 10:30:00-04:00,177.6699981689453,177.75,176.72000122070312,176.72000122070312,8258,0.0,0.0
2023-08-17 11:30:00-04:00,176.64500427246094,176.86000061035156,175.3300018310547,175.6999969482422,24584,0.0,0.0
2023-08-17 12:30:00-04:00,175.8699951171875,176.25999450683594,175.3699951171875,175.3699951171875,15206,0.0,0.0
2023-08-17 13:30:00-04:00,175.5500030517578,175.5500030517578,174.89999389648438,174.97000122070312,13220,0.0,0.0
2023-08-17 14:30:00-04:00,174.9949951171875,174.9949951171875,173.77999877929688,173.7899932861328,15022,0.0,0.0
2023-08-17 15:30:00-04:00,173.58999633789062,173.9499969482422,173.4199981689453,173.66000366210938,34556,0.0,0.0
2023-08-18 09:30:00-04:00,173.86000061035156,174.74000549316406,172.77999877929688,173.99000549316406,9076,0.0,0.0
2023-08-18 10:30:00-04:00,174.11000061035156,175.33999633789062,173.97000122070312,175.33999633789062,20695,0.0,0.0
2023-08-18 11:30:00-04:00,175.06500244140625,175.36500549316406,174.76499938964844,175.28500366210938,15334,0.0,0.0
2023-08-18 12:30:00-04:00,175.4550018310547,176.07000732421875,175.35000610351562,175.55999755859375,13262,0.0,0.0
2023-08-18 13:30:00-04:00,175.47999572753906,176.0050048828125,175.47999572753906,175.5500030517578,18631,0.0,0.0
2023-08-18 14:30:00-04:00,175.10000610351562,175.68499755859375,174.97250366210938,175.3509979248047,20949,0.0,0.0
2023-08-18 15:30:00-04:00,175.3520050048828,175.8350067138672,174.44000244140625,174.6199951171875,44844,0.0,0.0
2023-08-21 09:30:00-04:00,174.0800018310547,174.9600067138672,173.9550018310547,174.91000366210938,10372,0.0,0.0
2023-08-21 10:30:00-04:00,174.7899932861328,175.41000366210938,174.39500427246094,174.8000030517578,14912,0.0,0.0
2023-08-21 11:30:00-04:00,174.63999938964844,175.19000244140625,174.63999938964844,175.0800018310547,7508,0.0,0.0
2023-08-21 12:30:00-04:00,175.32000732421875,175.6199951171875,175.16000366210938,175.6199951171875,3165,0.0,0.0
2023-08-21 13:30:00-04:00,175.3800048828125,175.3800048828125,175.16000366210938,175.16000366210938,3437,0.0,0.0
2023-08-21 14:30:00-04:00,175.2899932861328,175.51499938964844,175.1999969482422,175.50999450683594,3941,0.0,0.0
2023-08-21 15:30:00-04:00,175.61000061035156,175.81500244140625,175.02999877929688,175.32000732421875,15441,0.0,0.0
2023-08-22 09:30:00-04:00,176.41000366210938,176.69000244140625,176.11000061035156,176.69000244140625,3195,0.0,0.0
2023-08-22 10:30:00-04:00,175.52999877929688,176.52000427246094,175.52999877929688,176.02000427246094,10285,0.0,0.0
2023-08-22 11:30:00-04:00,176.02000427246094,176.02000427246094,175.86000061035156,175.86000061035156,2138,0.0,0.0
2023-08-22 12:30:00-04:00,175.77499389648438,175.89999389648438,175.2801055908203,175.2801055908203,4313,0.0,0.0
2023-08-22 13:30:00-04:00,175.48500061035156,175.69000244140625,175.27000427246094,175.64999389648438,11707,0.0,0.0
2023-08-22 14:30:00-04:00,175.44000244140625,175.97999572753906,175.30499267578125,175.8249969482422,6469,0.0,0.0
2023-08-22 15:30:00-04:00,175.7100067138672,175.7100067138672,175.4149932861328,175.58999633789062,12847,0.0,0.0
2023-08-23 09:30:00-04:00,177.10499572753906,177.10499572753906,176.09500122070312,176.2050018310547,7496,0.0,0.0
2023-08-23 10:30:00-04:00,176.0749969482422,177.00999450683594,175.9949951171875,176.99000549316406,4062,0.0,0.0
2023-08-23 11:30:00-04:00,177.2050018310547,178.22500610351562,177.2050018310547,178.21499633789062,6809,0.0,0.0
2023-08-23 12:30:00-04:00,178.1750030517578,178.33599853515625,178.17250061035156,178.33599853515625,3703,0.0,0.0
2023-08-23 13:30:00-04:00,178.17999267578125,178.64999389648438,178.1199951171875,178.4550018310547,4417,0.0,0.0
2023-08-23 14:30:00-04:00,178.4499969482422,178.7899932861328,178.4149932861328,178.7899932861328,3878,0.0,0.0
2023-08-23 15:30:00-04:00,178.6649932861328,179.1999969482422,178.6649932861328,179.1999969482422,18050,0.0,0.0
2023-08-24 09:30:00-04:00,179.39999389648438,180.88499450683594,179.03500366210938,179.99000549316406,11102,0.0,0.0
2023-08-24 10:30:00-04:00,179.8300018310547,180.30499267578125,179.57000732421875,180.26499938964844,18406,0.0,0.0
2023-08-24 11:30:00-04:00,179.93499755859375,180.39999389648438,178.72999572753906,178.97999572753906,17322,0.0,0.0
2023-08-24 12:30:00-04:00,178.67999267578125,178.67999267578125,177.96499633789062,177.96499633789062,2359,0.0,0.0
2023-08-24 13:30:00-04:00,178.02999877929688,178.7198944091797,177.59500122070312,178.7198944091797,8050,0.0,0.0
2023-08-24 14:30:00-04:00,178.63589477539062,178.7198944091797,177.80999755859375,177.90249633789062,6275,0.0,0.0
2023-08-24 15:30:00-04:00,177.90499877929688,178.4949951171875,177.90499877929688,177.92999267578125,24820,0.0,0.0
2023-08-25 09:30:00-04:00,179.30999755859375,180.42999267578125,178.97000122070312,180.0800018310547,29062,0.0,0.0
2023-08-25 10:30:00-04:00,179.96499633789062,180.4199981689453,179.17999267578125,180.4199981689453,55958,0.0,0.0
2023-08-25 11:30:00-04:00,180.58999633789062,181.30999755859375,180.58999633789062,181.10000610351562,6987,0.0,0.0
2023-08-25 12:30:00-04:00,181.10000610351562,181.10000610351562,180.30999755859375,180.6999969482422,6271,0.0,0.0
2023-08-25 13:30:00-04:00,180.75,181.2100067138672,180.74000549316406,181.1999969482422,8448,0.0,0.0
2023-08-25 14:30:00-04:00,181.40499877929688,181.55999755859375,181.35000610351562,181.3800048828125,6454,0.0,0.0
2023-08-25 15:30:00-04:00,181.31500244140625,181.64999389648438,180.33999633789062,180.5,19825,0.0,0.0
2023-08-28 09:30:00-04:00,180.47999572753906,183.52999877929688,180.47999572753906,182.72999572753906,8543,0.0,0.0
2023-08-28 10:30:00-04:00,182.85000610351562,182.85000610351562,181.64999389648438,181.76499938964844,4529,0.0,0.0
2023-08-28 11:30:00-04:00,181.69500732421875,181.9949951171875,181.36000061035156,181.9949951171875,4770,0.0,0.0
2023-08-28 12:30:00-04:00,181.4149932861328,181.46499633789062,181.27499389648438,181.27499389648438,6560,0.0,0.0
2023-08-28 13:30:00-04:00,180.58999633789062,180.58999633789062,180.1199951171875,180.43499755859375,6269,0.0,0.0
2023-08-28 14:30:00-04:00,180.30999755859375,180.4600067138672,180.0399932861328,180.22500610351562,4936,0.0,0.0
2023-08-28 15:30:00-04:00,180.1999969482422,180.1999969482422,179.77999877929688,180.14999389648438,18333,0.0,0.0
2023-08-29 09:30:00-04:00,179.6699981689453,181.2100067138672,179.47999572753906,181.2100067138672,6224,0.0,0.0
2023-08-29 10:30:00-04:00,180.44500732421875,181.08999633789062,179.97000122070312,180.88499450683594,15481,0.0,0.0
2023-08-29 11:30:00-04:00,180.89999389648438,181.1199951171875,180.6699981689453,180.89999389648438,3143,0.0,0.0
2023-08-29 12:30:00-04:00,180.75,180.75,180.50999450683594,180.50999450683594,5576,0.0,0.0
2023-08-29 13:30:00-04:00,180.75,181.2100067138672,180.75,180.9600067138672,5407,0.0,0.0
2023-08-29 14:30:00-04:00,181.24000549316406,181.5850067138672,181.00999450683594,181.5850067138672,9769,0.0,0.0
2023-08-29 15:30:00-04:00,181.24000549316406,181.63499450683594,180.77999877929688,180.77999877929688,24557,0.0,0.0
2023-08-30 09:30:00-04:00,180.92999267578125,183.0800018310547,180.92999267578125,182.53500366210938,6227,0.0,0.0
2023-08-30 10:30:00-04:00,182.6649932861328,182.8800048828125,182.4600067138672,182.6125030517578,4681,0.0,0.0
2023-08-30 11:30:00-04:00,182.72000122070312,182.81500244140625,181.8300018310547,181.8300018310547,9894,0.0,0.0
2023-08-30 12:30:00-04:00,182.0,182.0,182.0,182.0,2280,0.0,0.0
2023-08-30 13:30:00-04:00,181.69500732421875,181.8074951171875,181.52999877929688,181.6199951171875,5993,0.0,0.0
2023-08-30 14:30:00-04:00,181.83999633789062,182.05999755859375,181.82000732421875,181.85000610351562,4507,0.0,0.0
2023-08-30 15:30:00-04:00,181.69000244140625,182.00999450683594,181.49000549316406,181.9199981689453,16524,0.0,0.0
2023-08-31 09:30:00-04:00,182.7100067138672,184.11000061035156,181.99000549316406,183.47999572753906,7827,0.0,0.0
2023-08-31 10:30:00-04:00,183.6699981689453,183.6699981689453,183.24000549316406,183.38999938964844,3953,0.0,0.0
2023-08-31 11:30:00-04:00,183.8300018310547,183.8300018310547,182.8000030517578,182.8000030517578,4407,0.0,0.0
2023-08-31 12:30:00-04:00,182.97999572753906,182.97999572753906,182.3699951171875,182.4949951171875,3656,0.0,0.0
2023-08-31 13:30:00-04:00,182.39999389648438,182.57000732421875,182.2899932861328,182.2899932861328,5605,0.0,0.0
2023-08-31 14:30:00-04:00,182.33999633789062,182.90499877929688,181.97999572753906,182.90499877929688,6461,0.0,0.0
2023-08-31 15:30:00-04:00,182.7050018310547,182.86000061035156,182.27000427246094,182.72000122070312,12223,0.0,0.0
2023-09-01 09:30:00-04:00,183.47999572753906,184.99000549316406,183.47999572753906,184.97999572753906,7051,0.0,0.0
2023-09-01 10:30:00-04:00,184.38499450683594,184.66000366210938,184.25,184.3000030517578,3385,0.0,0.0
2023-09-01 11:30:00-04:00,184.38999938964844,184.5050048828125,184.08999633789062,184.5050048828125,5512,0.0,0.0
2023-09-01 12:30:00-04:00,185.07000732421875,185.0800018310547,184.72000122070312,184.97000122070312,3040,0.0,0.0
2023-09-01 13:30:00-04:00,185.05499267578125,185.34219360351562,184.9550018310547,185.0800018310547,5164,0.0,0.0
2023-09-01 14:30:00-04:00,184.8699951171875,185.55999755859375,184.8699951171875,185.5449981689453,6359,0.0,0.0
2023-09-01 15:30:00-04:00,185.52000427246094,185.57000732421875,184.75999450683594,185.08999633789062,18045,0.0,0.0
2023-09-05 09:30:00-04:00,184.0399932861328,184.0399932861328,175.47999572753906,175.47999572753906,14626,0.0,0.0
2023-09-05 10:30:00-04:00,175.3800048828125,177.32000732421875,174.88999938964844,177.32000732421875,15883,0.0,0.0
2023-09-05 11:30:00-04:00,177.68499755859375,177.97000122070312,176.61000061035156,176.61000061035156,7705,0.0,0.0
2023-09-05 12:30:00-04:00,176.55999755859375,176.55999755859375,175.07000732421875,175.19000244140625,8719,0.0,0.0
2023-09-05 13:30:00-04:00,175.21499633789062,176.16000366210938,175.21499633789062,175.4600067138672,9341,0.0,0.0
2023-09-05 14:30:00-04:00,175.5,175.72999572753906,175.36000061035156,175.72000122070312,12383,0.0,0.0
2023-09-05 15:30:00-04:00,175.75999450683594,176.64999389648438,175.75999450683594,175.77000427246094,28622,0.0,0.0
2023-09-06 09:30:00-04:00,175.6300048828125,178.4199981689453,175.6300048828125,177.99000549316406,7037,0.0,0.0
2023-09-06 10:30:00-04:00,177.47000122070312,177.88999938964844,176.60000610351562,176.60000610351562,3471,0.0,0.0
2023-09-06 11:30:00-04:00,176.05999755859375,176.05999755859375,175.5500030517578,175.7449951171875,4761,0.0,0.0
2023-09-06 12:30:00-04:00,176.11000061035156,176.5749969482422,175.69000244140625,176.5749969482422,3508,0.0,0.0
2023-09-06 13:30:00-04:00,176.57000732421875,176.59500122070312,176.3000030517578,176.3000030517578,4113,0.0,0.0
2023-09-06 14:30:00-04:00,176.10000610351562,176.29249572753906,175.75999450683594,175.77000427246094,9124,0.0,0.0
2023-09-06 15:30:00-04:00,175.9600067138672,176.05999755859375,175.61000061035156,175.89999389648438,24996,0.0,0.0
2023-09-07 09:30:00-04:00,176.66000366210938,176.66000366210938,173.14500427246094,173.14500427246094,14680,0.0,0.0
2023-09-07 10:30:00-04:00,173.27000427246094,173.60000610351562,171.97000122070312,173.25,9023,0.0,0.0
2023-09-07 11:30:00-04:00,173.0800018310547,173.16000366210938,172.1699981689453,172.56500244140625,24423,0.0,0.0
2023-09-07 12:30:00-04:00,172.64999389648438,172.64999389648438,171.9499969482422,172.28250122070312,8417,0.0,0.0
2023-09-07 13:30:00-04:00,172.4149932861328,172.91000366210938,172.2899932861328,172.375,7521,0.0,0.0
2023-09-07 14:30:00-04:00,172.47999572753906,172.6699981689453,171.38999938964844,172.19500732421875,18756,0.0,0.0
2023-09-07 15:30:00-04:00,171.99000549316406,172.97500610351562,171.7899932861328,172.60000610351562,34479,0.0,0.0
2023-09-08 09:30:00-04:00,172.8800048828125,173.99000549316406,172.21499633789062,172.21499633789062,4883,0.0,0.0
2023-09-08 10:30:00-04:00,172.13999938964844,173.61000061035156,172.13999938964844,173.40499877929688,8365,0.0,0.0
2023-09-08 11:30:00-04:00,173.50999450683594,173.50999450683594,172.3800048828125,172.3800048828125,11924,0.0,0.0
2023-09-08 12:30:00-04:00,172.35000610351562,172.3699951171875,171.77999877929688,172.3699951171875,5657,0.0,0.0
2023-09-08 13:30:00-04:00,172.22999572753906,172.86500549316406,172.22999572753906,172.2899932861328,12626,0.0,0.0
2023-09-08 14:30:00-04:00,172.3000030517578,172.3000030517578,171.6699981689453,171.8800048828125,8919,0.0,0.0
2023-09-08 15:30:00-04:00,171.80499267578125,171.99000549316406,171.4550018310547,171.67999267578125,28804,0.0,0.0
2023-09-11 09:30:00-04:00,170.8300018310547,172.3574981689453,170.8300018310547,171.08999633789062,8336,0.0,0.0
2023-09-11 10:30:00-04:00,171.62840270996094,171.62840270996094,170.9600067138672,171.30999755859375,4532,0.0,0.0
2023-09-11 11:30:00-04:00,170.9600067138672,172.5399932861328,170.74000549316406,172.2949981689453,5294,0.0,0.0
2023-09-11 12:30:00-04:00,172.6699981689453,172.86000061035156,172.25999450683594,172.48500061035156,4747,0.0,0.0
2023-09-11 13:30:00-04:00,172.4600067138672,172.4600067138672,172.0399932861328,172.14999389648438,5737,0.0,0.0
2023-09-11 14:30:00-04:00,172.0500030517578,172.0500030517578,171.66000366210938,171.8699951171875,6456,0.0,0.0
2023-09-11 15:30:00-04:00,172.1999969482422,173.5399932861328,172.1999969482422,172.9499969482422,27111,0.0,0.0
2023-09-12 09:30:00-04:00,172.5500030517578,174.5,172.5500030517578,174.02999877929688,0,0.0,0.0
2023-09-12 10:30:00-04:00,173.75880432128906,174.07000732421875,173.55999755859375,173.8249969482422,5016,0.0,0.0
2023-09-12 11:30:00-04:00,175.22999572753906,175.33999633789062,174.77000427246094,174.88999938964844,6806,0.0,0.0
2023-09-12 12:30:00-04:00,173.99000549316406,174.05499267578125,173.66000366210938,173.66000366210938,2528,0.0,0.0
2023-09-12 13:30:00-04:00,173.5500030517578,173.5500030517578,173.2991943359375,173.34500122070312,3478,0.0,0.0
2023-09-12 14:30:00-04:00,173.3800048828125,173.85499572753906,173.375,173.7899932861328,6191,0.0,0.0
2023-09-12 15:30:00-04:00,173.83999633789062,173.83999633789062,172.8300018310547,172.97000122070312,18471,0.0,0.0
2023-09-13 09:30:00-04:00,173.27999877929688,173.49000549316406,172.19000244140625,172.88999938964844,5517,0.0,0.0
2023-09-13 10:30:00-04:00,173.01499938964844,173.01499938964844,172.6300048828125,172.9550018310547,4596,0.0,0.0
2023-09-13 11:30:00-04:00,172.6199951171875,173.10000610351562,172.5800018310547,173.10000610351562,11179,0.0,0.0
2023-09-13 12:30:00-04:00,173.0449981689453,173.13999938964844,172.66000366210938,172.69000244140625,5406,0.0,0.0
2023-09-13 13:30:00-04:00,172.49000549316406,172.8300018310547,171.00999450683594,171.00999450683594,8027,0.0,0.0
2023-09-13 14:30:00-04:00,170.9499969482422,172.60000610351562,170.16000366210938,172.5399932861328,56748,0.0,0.0
2023-09-13 15:30:00-04:00,172.6699981689453,172.99000549316406,172.625,172.92999267578125,24310,0.0,0.0
2023-09-14 09:30:00-04:00,173.27000427246094,174.5500030517578,172.00999450683594,173.52000427246094,0,0.0,0.0
2023-09-14 10:30:00-04:00,173.97000122070312,175.0500030517578,173.97000122070312,174.4600067138672,7617,0.0,0.0
2023-09-14 11:30:00-04:00,174.1300048828125,175.27999877929688,174.1300048828125,175.27999877929688,10983,0.0,0.0
2023-09-14 12:30:00-04:00,175.3800048828125,175.57000732421875,175.1300048828125,175.39999389648438,3502,0.0,0.0
2023-09-14 13:30:00-04:00,175.08999633789062,175.08999633789062,174.69000244140625,174.7449951171875,6691,0.0,0.0
2023-09-14 14:30:00-04:00,174.9199981689453,175.40499877929688,174.67999267578125,175.0500030517578,6945,0.0,0.0
2023-09-14 15:30:00-04:00,175.14999389648438,175.14999389648438,174.00999450683594,174.52999877929688,28998,0.0,0.0
2023-09-15 09:30:00-04:00,173.44000244140625,175.41000366210938,173.44000244140625,174.52999877929688,20243,0.0,0.0
2023-09-15 10:30:00-04:00,174.49000549316406,174.6750030517578,173.3699951171875,173.74000549316406,8381,0.0,0.0
2023-09-15 11:30:00-04:00,173.97500610351562,174.03500366210938,173.14999389648438,173.14999389648438,6454,0.0,0.0
2023-09-15 12:30:00-04:00,173.19500732421875,173.19500732421875,172.75999450683594,172.75999450683594,6250,0.0,0.0
2023-09-15 13:30:00-04:00,172.6699981689453,172.82000732421875,172.42999267578125,172.42999267578125,7646,0.0,0.0
2023-09-15 14:30:00-04:00,172.27999877929688,172.4499969482422,172.02999877929688,172.1649932861328,8217,0.0,0.0
2023-09-15 15:30:00-04:00,172.15499877929688,172.4499969482422,171.41000366210938,172.2100067138672,51701,0.0,0.0
2023-09-18 09:30:00-04:00,172.8800048828125,173.52999877929688,171.8300018310547,173.3800048828125,4522,0.0,0.0
2023-09-18 10:30:00-04:00,173.38499450683594,174.36500549316406,173.38499450683594,173.6999969482422,3708,0.0,0.0
2023-09-18 11:30:00-04:00,173.6999969482422,173.6999969482422,172.94000244140625,173.1199951171875,4603,0.0,0.0
2023-09-18 12:30:00-04:00,173.14999389648438,173.14999389648438,172.5,172.5,7902,0.0,0.0
2023-09-18 13:30:00-04:00,172.5500030517578,172.5970001220703,172.3000030517578,172.3000030517578,3484,0.0,0.0
2023-09-18 14:30:00-04:00,172.24000549316406,172.5,171.94500732421875,171.96499633789062,11347,0.0,0.0
2023-09-18 15:30:00-04:00,171.9550018310547,171.97000122070312,171.35000610351562,171.39999389648438,16281,0.0,0.0
2023-09-19 09:30:00-04:00,170.97000122070312,171.08999633789062,169.94500732421875,170.1300048828125,2938,0.0,0.0
2023-09-19 10:30:00-04:00,170.27999877929688,170.27999877929688,169.4199981689453,169.49000549316406,8353,0.0,0.0
2023-09-19 11:30:00-04:00,169.49000549316406,169.5800018310547,169.1750030517578,169.1750030517578,3724,0.0,0.0
2023-09-19 12:30:00-04:00,168.96499633789062,169.0,168.75999450683594,168.75999450683594,3374,0.0,0.0
2023-09-19 13:30:00-04:00,168.62449645996094,169.27999877929688,168.62449645996094,169.05999755859375,3790,0.0,0.0
2023-09-19 14:30:00-04:00,169.1199951171875,169.4600067138672,169.0399932861328,169.22999572753906,9804,0.0,0.0
2023-09-19 15:30:00-04:00,169.22999572753906,169.22999572753906,168.55999755859375,168.75999450683594,26010,0.0,0.0
2023-09-20 09:30:00-04:00,169.3800048828125,169.8699951171875,168.53919982910156,168.97999572753906,7112,0.0,0.0
2023-09-20 10:30:00-04:00,168.97000122070312,168.97000122070312,168.5800018310547,168.90499877929688,4159,0.0,0.0
2023-09-20 11:30:00-04:00,168.875,169.0399932861328,168.77000427246094,169.0,6295,0.0,0.0
2023-09-20 12:30:00-04:00,168.75,168.75,168.55999755859375,168.55999755859375,2524,0.0,0.0
2023-09-20 13:30:00-04:00,168.44000244140625,168.56320190429688,168.0,168.0,6075,0.0,0.0
2023-09-20 14:30:00-04:00,167.9199981689453,168.19000244140625,167.21499633789062,167.21499633789062,10561,0.0,0.0
2023-09-20 15:30:00-04:00,167.14999389648438,167.19000244140625,166.4499969482422,166.97000122070312,20310,0.0,0.0
2023-09-21 09:30:00-04:00,166.72000122070312,166.72000122070312,164.27999877929688,165.41000366210938,5236,0.0,0.0
2023-09-21 10:30:00-04:00,165.58999633789062,165.64500427246094,164.93499755859375,164.93499755859375,10991,0.0,0.0
2023-09-21 11:30:00-04:00,165.13499450683594,165.2899932861328,164.9600067138672,164.96499633789062,2331,0.0,0.0
2023-09-21 12:30:00-04:00,165.38999938964844,165.38999938964844,165.02999877929688,165.1699981689453,4436,0.0,0.0
2023-09-21 13:30:00-04:00,165.33999633789062,166.00999450683594,165.3000030517578,166.00999450683594,4921,0.0,0.0
2023-09-21 14:30:00-04:00,165.88499450683594,166.02000427246094,165.55999755859375,165.7899932861328,10097,0.0,0.0
2023-09-21 15:30:00-04:00,165.71780395507812,165.71780395507812,165.23500061035156,165.44500732421875,19910,0.0,0.0
2023-09-22 09:30:00-04:00,165.05999755859375,166.1649932861328,164.50999450683594,164.94000244140625,4734,0.0,0.0
2023-09-22 10:30:00-04:00,165.52000427246094,165.7449951171875,165.21560668945312,165.7449951171875,4908,0.0,0.0
2023-09-22 11:30:00-04:00,165.5800018310547,165.5800018310547,164.60009765625,164.97000122070312,13739,0.0,0.0
2023-09-22 12:30:00-04:00,164.9199981689453,165.8699951171875,164.9199981689453,164.9499969482422,21791,0.0,0.0
2023-09-22 13:30:00-04:00,165.27499389648438,165.27499389648438,164.7100067138672,164.7100067138672,6422,0.0,0.0
2023-09-22 14:30:00-04:00,164.5800018310547,165.19000244140625,164.5800018310547,165.02499389648438,4231,0.0,0.0
2023-09-22 15:30:00-04:00,165.0399932861328,165.0399932861328,164.00999450683594,164.00999450683594,20433,0.0,0.0
2023-09-25 09:30:00-04:00,163.30999755859375,165.4499969482422,163.30999755859375,164.0500030517578,8713,0.0,0.0
2023-09-25 10:30:00-04:00,164.16000366210938,164.5500030517578,163.43499755859375,163.76499938964844,5912,0.0,0.0
2023-09-25 11:30:00-04:00,164.24000549316406,164.36500549316406,163.42999267578125,163.47300720214844,5874,0.0,0.0
2023-09-25 12:30:00-04:00,163.47000122070312,163.47900390625,162.9499969482422,162.9499969482422,13741,0.0,0.0
2023-09-25 13:30:00-04:00,163.11000061035156,163.52999877929688,162.9600067138672,163.36000061035156,12010,0.0,0.0
2023-09-25 14:30:00-04:00,163.31399536132812,163.4600067138672,162.5,162.59500122070312,7866,0.0,0.0
2023-09-25 15:30:00-04:00,162.61000061035156,162.61000061035156,161.8249969482422,162.4199981689453,23092,0.0,0.0
2023-09-26 09:30:00-04:00,162.72999572753906,163.2899932861328,160.69000244140625,161.6300048828125,12221,0.0,0.0
2023-09-26 10:30:00-04:00,161.64500427246094,161.66000366210938,160.9429931640625,161.06500244140625,8059,0.0,0.0
2023-09-26 11:30:00-04:00,161.02000427246094,161.3300018310547,160.36399841308594,160.44200134277344,6468,0.0,0.0
2023-09-26 12:30:00-04:00,160.5050048828125,160.5050048828125,159.77000427246094,159.92999267578125,8460,0.0,0.0
2023-09-26 13:30:00-04:00,159.82000732421875,160.75,159.41900634765625,160.33999633789062,15339,0.0,0.0
2023-09-26 14:30:00-04:00,160.2100067138672,160.4499969482422,159.6199951171875,159.66000366210938,15221,0.0,0.0
2023-09-26 15:30:00-04:00,159.6999969482422,159.6999969482422,158.77999877929688,158.97999572753906,44463,0.0,0.0
2023-09-27 09:30:00-04:00,158.8699951171875,160.40499877929688,158.7899932861328,159.97000122070312,13493,0.0,0.0
2023-09-27 10:30:00-04:00,159.4499969482422,159.6199951171875,158.66000366210938,159.00999450683594,9021,0.0,0.0
2023-09-27 11:30:00-04:00,159.2899932861328,159.33999633789062,157.69000244140625,157.69000244140625,6421,0.0,0.0
2023-09-27 12:30:00-04:00,157.85499572753906,158.57620239257812,157.85499572753906,157.97999572753906,11169,0.0,0.0
2023-09-27 13:30:00-04:00,158.09500122070312,158.22000122070312,157.7100067138672,158.07000732421875,5903,0.0,0.0
2023-09-27 14:30:00-04:00,158.07000732421875,158.58999633789062,157.9499969482422,158.47500610351562,38951,0.0,0.0
2023-09-27 15:30:00-04:00,158.47500610351562,158.72500610351562,157.83999633789062,158.05999755859375,42308,0.0,0.0
2023-09-28 09:30:00-04:00,158.72999572753906,160.64999389648438,158.72999572753906,159.38999938964844,10259,0.0,0.0
2023-09-28 10:30:00-04:00,159.17999267578125,159.5,158.8300018310547,159.38499450683594,11737,0.0,0.0
2023-09-28 11:30:00-04:00,159.55999755859375,160.30999755859375,159.41000366210938,159.42999267578125,11712,0.0,0.0
2023-09-28 12:30:00-04:00,159.85499572753906,159.89999389648438,158.86000061035156,159.1699981689453,8731,0.0,0.0
2023-09-28 13:30:00-04:00,158.94000244140625,158.97000122070312,158.6199951171875,158.69500732421875,13509,0.0,0.0
2023-09-28 14:30:00-04:00,158.6999969482422,159.05999755859375,158.45010375976562,159.05999755859375,15428,0.0,0.0
2023-09-28 15:30:00-04:00,158.9600067138672,159.5500030517578,158.5800018310547,159.35000610351562,37834,0.0,0.0
2023-09-29 09:30:00-04:00,160.33999633789062,160.33999633789062,159.07000732421875,159.47999572753906,8362,0.0,0.0
2023-09-29 10:30:00-04:00,159.6300048828125,159.7050018310547,158.1999969482422,158.58999633789062,14592,0.0,0.0
2023-09-29 11:30:00-04:00,158.93499755859375,159.14999389648438,158.14999389648438,158.14999389648438,6857,0.0,0.0
2023-09-29 12:30:00-04:00,157.92999267578125,158.13499450683594,157.44000244140625,157.44000244140625,7794,0.0,0.0
2023-09-29 13:30:00-04:00,157.6649932861328,158.2899932861328,157.5,157.75999450683594,11096,0.0,0.0
2023-09-29 14:30:00-04:00,157.76499938964844,158.27499389648438,157.76499938964844,157.9250030517578,16752,0.0,0.0
2023-09-29 15:30:00-04:00,157.8800048828125,158.02999877929688,157.39999389648438,157.44000244140625,37049,0.0,0.0
2023-10-02 09:30:00-04:00,157.16000366210938,157.42999267578125,156.27589416503906,157.42999267578125,8758,0.0,0.0
2023-10-02 10:30:00-04:00,157.27999877929688,157.3000030517578,156.65029907226562,156.65029907226562,5598,0.0,0.0
2023-10-02 11:30:00-04:00,156.74000549316406,156.9149932861328,155.5800018310547,155.6199951171875,6693,0.0,0.0
2023-10-02 12:30:00-04:00,155.6300048828125,155.99000549316406,155.1300048828125,155.99000549316406,6022,0.0,0.0
2023-10-02 13:30:00-04:00,156.00999450683594,156.17999267578125,155.65499877929688,155.65499877929688,7580,0.0,0.0
2023-10-02 14:30:00-04:00,155.85000610351562,156.0399932861328,155.7100067138672,155.7100067138672,9598,0.0,0.0
2023-10-02 15:30:00-04:00,155.72000122070312,155.8300018310547,155.22999572753906,155.2899932861328,29315,0.0,0.0
2023-10-03 09:30:00-04:00,154.25,155.55999755859375,154.0749969482422,154.89999389648438,6147,0.0,0.0
2023-10-03 10:30:00-04:00,155.07000732421875,155.85000610351562,155.07000732421875,155.3000030517578,7175,0.0,0.0
2023-10-03 11:30:00-04:00,155.3350067138672,156.05999755859375,155.22000122070312,156.05999755859375,7696,0.0,0.0
2023-10-03 12:30:00-04:00,155.64999389648438,155.7899932861328,155.0,155.0,4033,0.0,0.0
2023-10-03 13:30:00-04:00,155.05999755859375,155.11000061035156,154.7386016845703,155.02999877929688,3632,0.0,0.0
2023-10-03 14:30:00-04:00,155.00999450683594,155.30999755859375,155.00999450683594,155.07000732421875,4897,0.0,0.0
2023-10-03 15:30:00-04:00,155.18499755859375,155.5,154.97999572753906,155.1999969482422,16213,0.0,0.0
2023-10-04 09:30:00-04:00,154.5399932861328,154.85000610351562,154.35499572753906,154.85000610351562,8335,0.0,0.0
2023-10-04 10:30:00-04:00,154.83999633789062,155.4550018310547,154.77000427246094,155.1199951171875,15104,0.0,0.0
2023-10-04 11:30:00-04:00,155.1199951171875,156.41000366210938,155.1199951171875,156.41000366210938,14407,0.0,0.0
2023-10-04 12:30:00-04:00,156.51499938964844,157.10000610351562,156.50750732421875,156.57000732421875,10037,0.0,0.0
2023-10-04 13:30:00-04:00,156.64999389648438,156.82000732421875,156.2949981689453,156.82000732421875,10231,0.0,0.0
2023-10-04 14:30:00-04:00,156.96749877929688,157.30999755859375,156.7899932861328,157.07000732421875,14476,0.0,0.0
2023-10-04 15:30:00-04:00,157.3000030517578,157.82000732421875,157.0850067138672,157.75999450683594,27866,0.0,0.0
2023-10-05 09:30:00-04:00,157.61000061035156,158.19000244140625,157.49000549316406,158.19000244140625,5854,0.0,0.0
2023-10-05 10:30:00-04:00,157.74000549316406,158.02000427246094,157.44000244140625,157.49000549316406,7571,0.0,0.0
2023-10-05 11:30:00-04:00,157.7100067138672,158.0749969482422,157.3800048828125,157.77999877929688,6006,0.0,0.0
2023-10-05 12:30:00-04:00,157.58999633789062,158.0749969482422,157.49000549316406,158.00999450683594,5640,0.0,0.0
2023-10-05 13:30:00-04:00,157.94500732421875,158.6300048828125,157.94500732421875,158.41000366210938,6493,0.0,0.0
2023-10-05 14:30:00-04:00,158.40499877929688,158.55999755859375,158.24000549316406,158.3699951171875,5787,0.0,0.0
2023-10-05 15:30:00-04:00,158.5,158.5,157.8800048828125,157.8800048828125,21518,0.0,0.0
2023-10-06 09:30:00-04:00,156.92999267578125,157.21499633789062,156.19000244140625,157.0749969482422,28674,0.0,0.0
2023-10-06 10:30:00-04:00,157.0749969482422,157.29750061035156,156.22000122070312,156.64999389648438,4676,0.0,0.0
2023-10-06 11:30:00-04:00,156.86000061035156,157.97250366210938,156.86000061035156,157.08999633789062,5165,0.0,0.0
2023-10-06 12:30:00-04:00,157.1199951171875,157.32000732421875,156.92999267578125,157.32000732421875,3285,0.0,0.0
2023-10-06 13:30:00-04:00,157.48500061035156,157.89999389648438,157.08999633789062,157.88499450683594,5694,0.0,0.0
2023-10-06 14:30:00-04:00,157.90499877929688,158.02999877929688,157.00999450683594,157.11000061035156,36456,0.0,0.0
2023-10-06 15:30:00-04:00,157.06500244140625,157.07000732421875,156.42999267578125,156.7100067138672,40304,0.0,0.0
2023-10-09 09:30:00-04:00,156.1199951171875,156.59500122070312,156.1199951171875,156.3800048828125,3437,0.0,0.0
2023-10-09 10:30:00-04:00,156.69000244140625,156.6999969482422,156.17999267578125,156.24000549316406,18526,0.0,0.0
2023-10-09 11:30:00-04:00,156.3000030517578,156.3000030517578,155.1999969482422,155.32000732421875,15129,0.0,0.0
2023-10-09 12:30:00-04:00,155.40499877929688,155.42999267578125,155.08999633789062,155.1699981689453,7879,0.0,0.0
2023-10-09 13:30:00-04:00,155.32000732421875,156.0800018310547,155.2899932861328,156.0449981689453,7482,0.0,0.0
2023-10-09 14:30:00-04:00,156.0399932861328,156.16000366210938,155.8000030517578,156.04750061035156,10692,0.0,0.0
2023-10-09 15:30:00-04:00,156.33999633789062,156.33999633789062,155.7899932861328,156.1300048828125,23893,0.0,0.0
2023-10-10 09:30:00-04:00,156.6300048828125,157.08999633789062,155.82000732421875,156.4250030517578,12566,0.0,0.0
2023-10-10 10:30:00-04:00,156.76499938964844,157.13999938964844,155.9250030517578,156.69000244140625,33392,0.0,0.0
2023-10-10 11:30:00-04:00,156.57000732421875,158.1092987060547,156.5,157.0449981689453,37640,0.0,0.0
2023-10-10 12:30:00-04:00,157.1300048828125,157.1999969482422,156.36000061035156,156.41000366210938,8694,0.0,0.0
2023-10-10 13:30:00-04:00,156.61000061035156,156.81500244140625,156.0399932861328,156.0399932861328,10321,0.0,0.0
2023-10-10 14:30:00-04:00,156.0850067138672,156.47999572753906,155.74000549316406,156.0,11975,0.0,0.0
2023-10-10 15:30:00-04:00,156.05999755859375,156.1999969482422,155.57000732421875,155.8000030517578,26081,0.0,0.0
2023-10-11 09:30:00-04:00,156.6300048828125,158.66000366210938,155.5050048828125,155.6999969482422,21981,0.0,0.0
2023-10-11 10:30:00-04:00,156.05499267578125,156.68499755859375,155.5,155.5399932861328,14686,0.0,0.0
2023-10-11 11:30:00-04:00,155.7100067138672,156.5749969482422,155.69500732421875,155.7050018310547,6160,0.0,0.0
2023-10-11 12:30:00-04:00,156.0449981689453,156.35499572753906,155.6699981689453,155.97000122070312,5856,0.0,0.0
2023-10-11 13:30:00-04:00,156.01499938964844,156.35499572753906,155.86000061035156,156.0,17507,0.0,0.0
2023-10-11 14:30:00-04:00,156.0,156.32000732421875,155.75999450683594,156.0749969482422,21643,0.0,0.0
2023-10-11 15:30:00-04:00,156.01499938964844,156.47999572753906,155.6999969482422,156.1999969482422,27055,0.0,0.0
2023-10-12 09:30:00-04:00,156.8300018310547,156.8300018310547,153.60000610351562,153.60000610351562,4907,0.0,0.0
2023-10-12 10:30:00-04:00,153.86500549316406,154.74000549316406,153.6300048828125,154.74000549316406,4013,0.0,0.0
2023-10-12 11:30:00-04:00,154.86000061035156,154.9199981689453,154.32000732421875,154.6199951171875,6105,0.0,0.0
2023-10-12 12:30:00-04:00,154.72000122070312,154.92999267578125,153.4600067138672,153.55999755859375,7736,0.0,0.0
2023-10-12 13:30:00-04:00,153.35000610351562,153.36000061035156,152.39999389648438,152.74000549316406,5221,0.0,0.0
2023-10-12 14:30:00-04:00,152.92999267578125,153.97999572753906,152.89999389648438,153.92999267578125,12526,0.0,0.0
2023-10-12 15:30:00-04:00,154.16990661621094,154.64999389648438,153.7899932861328,154.60000610351562,30106,0.0,0.0
2023-10-13 09:30:00-04:00,155.0,155.0,153.35499572753906,153.8000030517578,3188,0.0,0.0
2023-10-13 10:30:00-04:00,154.03500366210938,154.52999877929688,153.8000030517578,154.05999755859375,9995,0.0,0.0
2023-10-13 11:30:00-04:00,153.8249969482422,153.8249969482422,153.5800018310547,153.6199951171875,2879,0.0,0.0
2023-10-13 12:30:00-04:00,153.7100067138672,153.74000549316406,153.00999450683594,153.00999450683594,6044,0.0,0.0
2023-10-13 13:30:00-04:00,153.11000061035156,153.2100067138672,152.7899932861328,153.2100067138672,5025,0.0,0.0
2023-10-13 14:30:00-04:00,153.26499938964844,153.42999267578125,152.81500244140625,152.8249969482422,7168,0.0,0.0
2023-10-13 15:30:00-04:00,152.93699645996094,153.2899932861328,152.83999633789062,153.02000427246094,16738,0.0,0.0
2023-10-16 09:30:00-04:00,154.6300048828125,155.60000610351562,153.89999389648438,155.60000610351562,4806,0.0,0.0
2023-10-16 10:30:00-04:00,156.01699829101562,156.0500030517578,154.3350067138672,154.6750030517578,11029,0.0,0.0
2023-10-16 11:30:00-04:00,154.55999755859375,154.83999633789062,154.02499389648438,154.27000427246094,6133,0.0,0.0
2023-10-16 12:30:00-04:00,154.27499389648438,154.5399932861328,153.74000549316406,154.38999938964844,7277,0.0,0.0
2023-10-16 13:30:00-04:00,154.4199981689453,154.875,154.4199981689453,154.4499969482422,5019,0.0,0.0
2023-10-16 14:30:00-04:00,154.36500549316406,154.89999389648438,154.36500549316406,154.60000610351562,6951,0.0,0.0
2023-10-16 15:30:00-04:00,154.60000610351562,154.74000549316406,154.3300018310547,154.35000610351562,20498,0.0,0.0
2023-10-17 09:30:00-04:00,153.5800018310547,154.94000244140625,151.19000244140625,154.0,25313,0.0,0.0
2023-10-17 10:30:00-04:00,154.39999389648438,155.1699981689453,154.16000366210938,154.6199951171875,23434,0.0,0.0
2023-10-17 11:30:00-04:00,154.8350067138672,155.9149932861328,154.5399932861328,155.89500427246094,23984,0.0,0.0
2023-10-17 12:30:00-04:00,155.52000427246094,155.73500061035156,155.1999969482422,155.44000244140625,11460,0.0,0.0
2023-10-17 13:30:00-04:00,155.39999389648438,156.52999877929688,155.19000244140625,156.4499969482422,11297,0.0,0.0
2023-10-17 14:30:00-04:00,156.52000427246094,156.69000244140625,155.63999938964844,156.1699981689453,18359,0.0,0.0
2023-10-17 15:30:00-04:00,156.39999389648438,156.5050048828125,155.7100067138672,155.8000030517578,26231,0.0,0.0
2023-10-18 09:30:00-04:00,154.24000549316406,154.75,151.89500427246094,152.22000122070312,7598,0.0,0.0
2023-10-18 10:30:00-04:00,152.07000732421875,152.77999877929688,151.39999389648438,152.36000061035156,7027,0.0,0.0
2023-10-18 11:30:00-04:00,152.7449951171875,152.7449951171875,152.07249450683594,152.3000030517578,6467,0.0,0.0
2023-10-18 12:30:00-04:00,152.16000366210938,153.07000732421875,152.0,152.6999969482422,9238,0.0,0.0
2023-10-18 13:30:00-04:00,152.75999450683594,153.02999877929688,152.52999877929688,152.6999969482422,4993,0.0,0.0
2023-10-18 14:30:00-04:00,152.63999938964844,152.63999938964844,151.9149932861328,152.27999877929688,20770,0.0,0.0
2023-10-18 15:30:00-04:00,152.3300018310547,152.3300018310547,151.5800018310547,151.5800018310547,32505,0.0,0.0
2023-10-19 09:30:00-04:00,150.4499969482422,151.99000549316406,149.8699951171875,149.8699951171875,11195,0.0,0.0
2023-10-19 10:30:00-04:00,150.1199951171875,150.94000244140625,150.0749969482422,150.94000244140625,6287,0.0,0.0
2023-10-19 11:30:00-04:00,151.22000122070312,152.6199951171875,151.22000122070312,152.38999938964844,5282,0.0,0.0
2023-10-19 12:30:00-04:00,151.8699951171875,152.75999450683594,151.25999450683594,151.89999389648438,7577,0.0,0.0
2023-10-19 13:30:00-04:00,151.77999877929688,152.1199951171875,151.46499633789062,152.09500122070312,15251,0.0,0.0
2023-10-19 14:30:00-04:00,151.97000122070312,151.99000549316406,150.77999877929688,150.77999877929688,17872,0.0,0.0
2023-10-19 15:30:00-04:00,150.9600067138672,151.10499572753906,150.4199981689453,150.8800048828125,32243,0.0,0.0
2023-10-20 09:30:00-04:00,151.57000732421875,151.57000732421875,149.66000366210938,149.66000366210938,10131,0.0,0.0
2023-10-20 10:30:00-04:00,150.0,150.30499267578125,149.2100067138672,149.47000122070312,5114,0.0,0.0
2023-10-20 11:30:00-04:00,149.47000122070312,150.8300018310547,149.47000122070312,150.8300018310547,9858,0.0,0.0
2023-10-20 12:30:00-04:00,151.09500122070312,151.09500122070312,150.60000610351562,151.08999633789062,9196,0.0,0.0
2023-10-20 13:30:00-04:00,150.97500610351562,151.0500030517578,150.375,150.375,8868,0.0,0.0
2023-10-20 14:30:00-04:00,150.4499969482422,150.69500732421875,150.0,150.24000549316406,11486,0.0,0.0
2023-10-20 15:30:00-04:00,150.3350067138672,150.3350067138672,149.32000732421875,149.59500122070312,20351,0.0,0.0
2023-10-23 09:30:00-04:00,149.24000549316406,150.4600067138672,149.24000549316406,150.0050048828125,8166,0.0,0.0
2023-10-23 10:30:00-04:00,149.6300048828125,149.8350067138672,149.16000366210938,149.8350067138672,7371,0.0,0.0
2023-10-23 11:30:00-04:00,149.55999755859375,149.63499450683594,148.9499969482422,149.26499938964844,8309,0.0,0.0
2023-10-23 12:30:00-04:00,149.4550018310547,149.53500366210938,148.83999633789062,148.83999633789062,15862,0.0,0.0
2023-10-23 13:30:00-04:00,148.97000122070312,149.31500244140625,148.6199951171875,148.9149932861328,7393,0.0,0.0
2023-10-23 14:30:00-04:00,148.9199981689453,149.10000610351562,148.49000549316406,148.72500610351562,10691,0.0,0.0
2023-10-23 15:30:00-04:00,148.53500366210938,148.5399932861328,147.8800048828125,147.97999572753906,29839,0.0,0.0
2023-10-24 09:30:00-04:00,147.8300018310547,149.6199951171875,147.8300018310547,149.27999877929688,4838,0.0,0.0
2023-10-24 10:30:00-04:00,149.22999572753906,149.77999877929688,148.6999969482422,149.00999450683594,6745,0.0,0.0
2023-10-24 11:30:00-04:00,148.74000549316406,148.74000549316406,147.52499389648438,147.52499389648438,6941,0.0,0.0
2023-10-24 12:30:00-04:00,147.60000610351562,148.30999755859375,147.55999755859375,148.30999755859375,6046,0.0,0.0
2023-10-24 13:30:00-04:00,148.27000427246094,148.41000366210938,147.92999267578125,148.25,9035,0.0,0.0
2023-10-24 14:30:00-04:00,148.18499755859375,148.97999572753906,147.35000610351562,148.80999755859375,20767,0.0,0.0
2023-10-24 15:30:00-04:00,148.8249969482422,148.9499969482422,148.17999267578125,148.61000061035156,36219,0.0,0.0
2023-10-25 09:30:00-04:00,153.3800048828125,159.52000427246094,153.0,159.49000549316406,38012,0.0,0.0
2023-10-25 10:30:00-04:00,159.52000427246094,161.61500549316406,159.14999389648438,160.83999633789062,24207,0.0,0.0
2023-10-25 11:30:00-04:00,160.8000030517578,162.3157958984375,160.19940185546875,161.97000122070312,12563,0.0,0.0
2023-10-25 12:30:00-04:00,161.94000244140625,161.94000244140625,158.9499969482422,158.9499969482422,19523,0.0,0.0
2023-10-25 13:30:00-04:00,158.90499877929688,160.07000732421875,158.7050018310547,159.49000549316406,19647,0.0,0.0
2023-10-25 14:30:00-04:00,159.49000549316406,160.0800018310547,158.52999877929688,159.0500030517578,28357,0.0,0.0
2023-10-25 15:30:00-04:00,159.19000244140625,159.42999267578125,158.60000610351562,159.1699981689453,57959,0.0,0.0
2023-10-26 09:30:00-04:00,158.97999572753906,159.4600067138672,157.44500732421875,157.89999389648438,13713,0.0,0.0
2023-10-26 10:30:00-04:00,158.1999969482422,160.80999755859375,158.1999969482422,159.9499969482422,19899,0.0,0.0
2023-10-26 11:30:00-04:00,159.94000244140625,160.16000366210938,158.92999267578125,160.16000366210938,16409,0.0,0.0
2023-10-26 12:30:00-04:00,160.3000030517578,160.4499969482422,159.6300048828125,160.08250427246094,15861,0.0,0.0
2023-10-26 13:30:00-04:00,159.80999755859375,160.4199981689453,159.27999877929688,160.4199981689453,22885,0.0,0.0
2023-10-26 14:30:00-04:00,160.4499969482422,161.52999877929688,160.36500549316406,160.47500610351562,22634,0.0,0.0
2023-10-26 15:30:00-04:00,160.47000122070312,160.75,159.9199981689453,159.92999267578125,42687,0.0,0.0
2023-10-27 09:30:00-04:00,160.25999450683594,160.92999267578125,157.46499633789062,159.5050048828125,9089,0.0,0.0
2023-10-27 10:30:00-04:00,158.9949951171875,159.25999450683594,158.67999267578125,158.67999267578125,6925,0.0,0.0
2023-10-27 11:30:00-04:00,158.55999755859375,159.50999450683594,158.48500061035156,159.50999450683594,14972,0.0,0.0
2023-10-27 12:30:00-04:00,159.13009643554688,159.85000610351562,158.71499633789062,158.72999572753906,13010,0.0,0.0
2023-10-27 13:30:00-04:00,158.49000549316406,158.91000366210938,158.0850067138672,158.6300048828125,8880,0.0,0.0
2023-10-27 14:30:00-04:00,158.53500366210938,158.6699981689453,158.33999633789062,158.47000122070312,13730,0.0,0.0
2023-10-27 15:30:00-04:00,158.58999633789062,159.02000427246094,157.4199981689453,157.52000427246094,47248,0.0,0.0
2023-10-30 09:30:00-04:00,157.24000549316406,159.27999877929688,156.25,156.25,7018,0.0,0.0
2023-10-30 10:30:00-04:00,155.33999633789062,157.38999938964844,155.33999633789062,157.38589477539062,5337,0.0,0.0
2023-10-30 11:30:00-04:00,156.85000610351562,157.71499633789062,156.85000610351562,157.38999938964844,6208,0.0,0.0
2023-10-30 12:30:00-04:00,157.5,157.60000610351562,157.2595977783203,157.60000610351562,6788,0.0,0.0
2023-10-30 13:30:00-04:00,157.8000030517578,157.9199981689453,157.4600067138672,157.8699951171875,6819,0.0,0.0
2023-10-30 14:30:00-04:00,157.57000732421875,157.9600067138672,157.57000732421875,157.67999267578125,9872,0.0,0.0
2023-10-30 15:30:00-04:00,157.64999389648438,158.2480010986328,157.5800018310547,158.14999389648438,26691,0.0,0.0
2023-10-31 09:30:00-04:00,157.50999450683594,159.07000732421875,157.27000427246094,158.1649932861328,7201,0.0,0.0
2023-10-31 10:30:00-04:00,158.0,158.02000427246094,157.77999877929688,158.0,6446,0.0,0.0
2023-10-31 11:30:00-04:00,158.2100067138672,158.25999450683594,157.44000244140625,157.52000427246094,9469,0.0,0.0
2023-10-31 12:30:00-04:00,157.74000549316406,158.0399932861328,157.47000122070312,157.47000122070312,2916,0.0,0.0
2023-10-31 13:30:00-04:00,157.35499572753906,157.5050048828125,157.0800018310547,157.36000061035156,5390,0.0,0.0
2023-10-31 14:30:00-04:00,157.16000366210938,157.6699981689453,156.77999877929688,157.52000427246094,12178,0.0,0.0
2023-10-31 15:30:00-04:00,157.70989990234375,158.36000061035156,157.52000427246094,157.88999938964844,30435,0.0,0.0
2023-11-01 09:30:00-04:00,157.07000732421875,157.74000549316406,156.77999877929688,157.74000549316406,2320,0.0,0.0
2023-11-01 10:30:00-04:00,157.58999633789062,157.58999633789062,155.94000244140625,155.94000244140625,6621,0.0,0.0
2023-11-01 11:30:00-04:00,156.08999633789062,156.5050048828125,155.83999633789062,156.39999389648438,6337,0.0,0.0
2023-11-01 12:30:00-04:00,156.5,156.52999877929688,155.7449951171875,155.9600067138672,7217,0.0,0.0
2023-11-01 13:30:00-04:00,155.7899932861328,157.00999450683594,155.60000610351562,156.57000732421875,6353,0.0,0.0
2023-11-01 14:30:00-04:00,156.66000366210938,157.41000366210938,156.35000610351562,157.02999877929688,12668,0.0,0.0
2023-11-01 15:30:00-04:00,157.0800018310547,157.75,156.97000122070312,157.64999389648438,28404,0.0,0.0
2023-11-02 09:30:00-04:00,159.1199951171875,160.27000427246094,157.11000061035156,160.00999450683594,6253,0.0,0.0
2023-11-02 10:30:00-04:00,159.80999755859375,160.1999969482422,159.6750030517578,159.85499572753906,4382,0.0,0.0
2023-11-02 11:30:00-04:00,160.0399932861328,160.0399932861328,158.25999450683594,158.25999450683594,5217,0.0,0.0
2023-11-02 12:30:00-04:00,158.35000610351562,159.02999877929688,158.17999267578125,159.02999877929688,6165,0.0,0.0
2023-11-02 13:30:00-04:00,158.90499877929688,159.25,158.7100067138672,158.74000549316406,7056,0.0,0.0
2023-11-02 14:30:00-04:00,158.71499633789062,159.25999450683594,158.71499633789062,159.1649932861328,7185,0.0,0.0
2023-11-02 15:30:00-04:00,159.08999633789062,159.4600067138672,158.9149932861328,159.3000030517578,28747,0.0,0.0
2023-11-03 09:30:00-04:00,159.99000549316406,161.76499938964844,159.9199981689453,160.9499969482422,6580,0.0,0.0
2023-11-03 10:30:00-04:00,160.89500427246094,160.89500427246094,159.9949951171875,160.30999755859375,5928,0.0,0.0
2023-11-03 11:30:00-04:00,160.47999572753906,160.49000549316406,160.1300048828125,160.27000427246094,6275,0.0,0.0
2023-11-03 12:30:00-04:00,161.0500030517578,161.08999633789062,160.5,160.5,3656,0.0,0.0
2023-11-03 13:30:00-04:00,160.38999938964844,160.6699981689453,160.38999938964844,160.6699981689453,2571,0.0,0.0
2023-11-03 14:30:00-04:00,160.61000061035156,160.9499969482422,160.61000061035156,160.65499877929688,6698,0.0,0.0
2023-11-03 15:30:00-04:00,160.7100067138672,160.7100067138672,160.25,160.32000732421875,20061,0.0,0.0
2023-11-06 09:30:00-05:00,160.6699981689453,161.47999572753906,160.47000122070312,160.47999572753906,2942,0.0,0.0
2023-11-06 10:30:00-05:00,160.48399353027344,160.74000549316406,159.94000244140625,160.2100067138672,5487,0.0,0.0
2023-11-06 11:30:00-05:00,159.85499572753906,159.85499572753906,159.4499969482422,159.5399932861328,2940,0.0,0.0
2023-11-06 12:30:00-05:00,159.6699981689453,159.6699981689453,158.77999877929688,158.8800048828125,4030,0.0,0.0
2023-11-06 13:30:00-05:00,158.88999938964844,159.1300048828125,158.72000122070312,159.0800018310547,8205,0.0,0.0
2023-11-06 14:30:00-05:00,158.92999267578125,159.75,158.77000427246094,159.69500732421875,14446,0.0,0.0
2023-11-06 15:30:00-05:00,159.64500427246094,160.0,159.5500030517578,159.69000244140625,24353,0.0,0.0
2023-11-07 09:30:00-05:00,159.6999969482422,159.6999969482422,159.6999969482422,159.6999969482422,1216,0.0,0.0
2023-11-07 10:30:00-05:00,159.5449981689453,160.0,159.5449981689453,159.59320068359375,5423,0.0,0.0
2023-11-07 11:30:00-05:00,159.91000366210938,159.97999572753906,159.6999969482422,159.6999969482422,1592,0.0,0.0
2023-11-07 12:30:00-05:00,159.55999755859375,160.61000061035156,159.5500030517578,160.2899932861328,4501,0.0,0.0
2023-11-07 13:30:00-05:00,160.5500030517578,160.75999450683594,160.47000122070312,160.75999450683594,3499,0.0,0.0
2023-11-07 14:30:00-05:00,160.77000427246094,160.8300018310547,160.58999633789062,160.8300018310547,3964,0.0,0.0
2023-11-07 15:30:00-05:00,160.80999755859375,160.8300018310547,159.75999450683594,159.85000610351562,16000,0.0,0.0
2023-11-08 09:30:00-05:00,159.82000732421875,160.17999267578125,158.97999572753906,159.64999389648438,3138,0.0,0.0
2023-11-08 10:30:00-05:00,159.37600708007812,160.0399932861328,159.37600708007812,159.83999633789062,4199,0.0,0.0
2023-11-08 11:30:00-05:00,159.38999938964844,159.47999572753906,158.60000610351562,158.60000610351562,4086,0.0,0.0
2023-11-08 12:30:00-05:00,158.63999938964844,158.7899932861328,158.5500030517578,158.57000732421875,2675,0.0,0.0
2023-11-08 13:30:00-05:00,158.80499267578125,159.20989990234375,158.5500030517578,159.00999450683594,6370,0.0,0.0
2023-11-08 14:30:00-05:00,159.47000122070312,159.47000122070312,159.0,159.0,4642,0.0,0.0
2023-11-08 15:30:00-05:00,158.88999938964844,158.88999938964844,157.57000732421875,157.57000732421875,36731,0.0,0.0
2023-11-09 09:30:00-05:00,158.1699981689453,159.64999389648438,157.33999633789062,159.52000427246094,6547,0.0,0.0
2023-11-09 10:30:00-05:00,159.1699981689453,159.77999877929688,159.1699981689453,159.39999389648438,4756,0.0,0.0
2023-11-09 11:30:00-05:00,159.52000427246094,159.52000427246094,159.0050048828125,159.02000427246094,2294,0.0,0.0
2023-11-09 12:30:00-05:00,158.9600067138672,159.25999450683594,158.5,158.5,5449,0.0,0.0
2023-11-09 13:30:00-05:00,159.11000061035156,159.2550048828125,158.4600067138672,158.72000122070312,10388,0.0,0.0
2023-11-09 14:30:00-05:00,158.8800048828125,159.4199981689453,158.77000427246094,159.32000732421875,8750,0.0,0.0
2023-11-09 15:30:00-05:00,159.32000732421875,159.52000427246094,159.07000732421875,159.39999389648438,17963,0.0,0.0
2023-11-10 09:30:00-05:00,159.92999267578125,160.6199951171875,158.625,160.6199951171875,3584,0.0,0.0
2023-11-10 10:30:00-05:00,160.30999755859375,160.60000610351562,159.86000061035156,159.86000061035156,4483,0.0,0.0
2023-11-10 11:30:00-05:00,159.82000732421875,160.0800018310547,159.4600067138672,159.85000610351562,3628,0.0,0.0
2023-11-10 12:30:00-05:00,159.35000610351562,159.7884979248047,159.22000122070312,159.7884979248047,3175,0.0,0.0
2023-11-10 13:30:00-05:00,159.6074981689453,161.1699981689453,159.6074981689453,161.1699981689453,17968,0.0,0.0
2023-11-10 14:30:00-05:00,160.9600067138672,160.99000549316406,160.77450561523438,160.9499969482422,3060,0.0,0.0
2023-11-10 15:30:00-05:00,160.8800048828125,160.91000366210938,160.1199951171875,160.17999267578125,14022,0.0,0.0
2023-11-13 09:30:00-05:00,159.4600067138672,160.25999450683594,158.86000061035156,160.24000549316406,2683,0.0,0.0
2023-11-13 10:30:00-05:00,159.5449981689453,160.27999877929688,159.09800720214844,160.27999877929688,4153,0.0,0.0
2023-11-13 11:30:00-05:00,160.5800018310547,161.47999572753906,160.27999877929688,161.4199981689453,9764,0.0,0.0
2023-11-13 12:30:00-05:00,161.89999389648438,162.49000549316406,161.39999389648438,162.00999450683594,14055,0.0,0.0
2023-11-13 13:30:00-05:00,161.99000549316406,162.4199981689453,161.77999877929688,162.3594970703125,9597,0.0,0.0
2023-11-13 14:30:00-05:00,162.58999633789062,162.77999877929688,162.4199981689453,162.625,15525,0.0,0.0
2023-11-13 15:30:00-05:00,162.72000122070312,162.86000061035156,162.5800018310547,162.86000061035156,24202,0.0,0.0
2023-11-14 09:30:00-05:00,164.10000610351562,165.4199981689453,162.85000610351562,164.5800018310547,13990,0.0,0.0
2023-11-14 10:30:00-05:00,164.35009765625,165.61000061035156,164.35009765625,164.89999389648438,44064,0.0,0.0
2023-11-14 11:30:00-05:00,164.77999877929688,165.27499389648438,163.60000610351562,163.9499969482422,10876,0.0,0.0
2023-11-14 12:30:00-05:00,163.78500366210938,164.25999450683594,163.78500366210938,164.2550048828125,4885,0.0,0.0
2023-11-14 13:30:00-05:00,164.25999450683594,164.85499572753906,164.11000061035156,164.67999267578125,9138,0.0,0.0
2023-11-14 14:30:00-05:00,164.8699951171875,165.41000366210938,164.8699951171875,165.3000030517578,10198,0.0,0.0
2023-11-14 15:30:00-05:00,165.5399932861328,165.83999633789062,164.71249389648438,165.63999938964844,30073,0.0,0.0
2023-11-15 09:30:00-05:00,165.63999938964844,165.63999938964844,164.94000244140625,164.94000244140625,2399,0.0,0.0
2023-11-15 10:30:00-05:00,166.6199951171875,166.9199981689453,165.92999267578125,165.92999267578125,6931,0.0,0.0
2023-11-15 11:30:00-05:00,165.9199981689453,166.35000610351562,164.89999389648438,165.13999938964844,40362,0.0,0.0
2023-11-15 12:30:00-05:00,165.11000061035156,166.0850067138672,164.9600067138672,165.85499572753906,22539,0.0,0.0
2023-11-15 13:30:00-05:00,165.86000061035156,165.8699951171875,165.1699981689453,165.17999267578125,8424,0.0,0.0
2023-11-15 14:30:00-05:00,165.35000610351562,165.66000366210938,165.31500244140625,165.66000366210938,10095,0.0,0.0
2023-11-15 15:30:00-05:00,165.47000122070312,166.1999969482422,165.3699951171875,166.0500030517578,31832,0.0,0.0
2023-11-16 09:30:00-05:00,165.49000549316406,166.61000061035156,165.13999938964844,165.13999938964844,3824,0.0,0.0
2023-11-16 10:30:00-05:00,165.4550018310547,165.4550018310547,164.92349243164062,164.9250030517578,7921,0.0,0.0
2023-11-16 11:30:00-05:00,164.86500549316406,165.4600067138672,164.82000732421875,165.4600067138672,11008,0.0,0.0
2023-11-16 12:30:00-05:00,165.6199951171875,166.33999633789062,165.4199981689453,166.25,10486,0.0,0.0
2023-11-16 13:30:00-05:00,166.24000549316406,166.36500549316406,165.5500030517578,165.77000427246094,11483,0.0,0.0
2023-11-16 14:30:00-05:00,165.85000610351562,166.36000061035156,165.77000427246094,166.0,22712,0.0,0.0
2023-11-16 15:30:00-05:00,165.9499969482422,165.9499969482422,165.60000610351562,165.80999755859375,33092,0.0,0.0
2023-11-17 09:30:00-05:00,166.8300018310547,168.6699981689453,166.59500122070312,167.3800048828125,8336,0.0,0.0
2023-11-17 10:30:00-05:00,167.61990356445312,167.61990356445312,166.27499389648438,167.22000122070312,9142,0.0,0.0
2023-11-17 11:30:00-05:00,167.05499267578125,167.81500244140625,166.69000244140625,167.0,16286,0.0,0.0
2023-11-17 12:30:00-05:00,166.78500366210938,166.78500366210938,165.58999633789062,166.35000610351562,10652,0.0,0.0
2023-11-17 13:30:00-05:00,166.3249969482422,166.47000122070312,165.9199981689453,166.25999450683594,10802,0.0,0.0
2023-11-17 14:30:00-05:00,166.2100067138672,167.02999877929688,166.06500244140625,167.02999877929688,8280,0.0,0.0
2023-11-17 15:30:00-05:00,166.88999938964844,167.13499450683594,166.6999969482422,166.74000549316406,24626,0.0,0.0
2023-11-20 09:30:00-05:00,166.05999755859375,166.4600067138672,166.05999755859375,166.4600067138672,3846,0.0,0.0
2023-11-20 10:30:00-05:00,166.63999938964844,167.47999572753906,166.52999877929688,167.47999572753906,7009,0.0,0.0
2023-11-20 11:30:00-05:00,167.4499969482422,168.64999389648438,167.4499969482422,167.84500122070312,10632,0.0,0.0
2023-11-20 12:30:00-05:00,167.76499938964844,168.38499450683594,167.4600067138672,168.3300018310547,7933,0.0,0.0
2023-11-20 13:30:00-05:00,168.61000061035156,168.63999938964844,168.61000061035156,168.63999938964844,3645,0.0,0.0
2023-11-20 14:30:00-05:00,168.1999969482422,168.3000030517578,167.92999267578125,168.1699981689453,8379,0.0,0.0
2023-11-20 15:30:00-05:00,168.17999267578125,168.44500732421875,167.72000122070312,167.74000549316406,28881,0.0,0.0
2023-11-21 09:30:00-05:00,166.80999755859375,167.41000366210938,166.72000122070312,166.86000061035156,5261,0.0,0.0
2023-11-21 10:30:00-05:00,166.75999450683594,167.00999450683594,166.16000366210938,166.44500732421875,6751,0.0,0.0
2023-11-21 11:30:00-05:00,166.3300018310547,166.44000244140625,165.9600067138672,166.27499389648438,3799,0.0,0.0
2023-11-21 12:30:00-05:00,166.26429748535156,166.77000427246094,166.26429748535156,166.30499267578125,4843,0.0,0.0
2023-11-21 13:30:00-05:00,166.38999938964844,166.38999938964844,165.67999267578125,165.67999267578125,4300,0.0,0.0
2023-11-21 14:30:00-05:00,165.84849548339844,165.85000610351562,165.52999877929688,165.52999877929688,8608,0.0,0.0
2023-11-21 15:30:00-05:00,165.44000244140625,165.45489501953125,164.6199951171875,165.36000061035156,32870,0.0,0.0
2023-11-22 09:30:00-05:00,165.4499969482422,166.22500610351562,163.5800018310547,165.69000244140625,5166,0.0,0.0
2023-11-22 10:30:00-05:00,166.22900390625,166.22900390625,165.39999389648438,166.0800018310547,6986,0.0,0.0
2023-11-22 11:30:00-05:00,166.27999877929688,167.32000732421875,166.27999877929688,166.97999572753906,6378,0.0,0.0
2023-11-22 12:30:00-05:00,166.8300018310547,166.85000610351562,166.66000366210938,166.66000366210938,2938,0.0,0.0
2023-11-22 13:30:00-05:00,166.97999572753906,166.97999572753906,166.57000732421875,166.57000732421875,5421,0.0,0.0
2023-11-22 14:30:00-05:00,166.625,166.64999389648438,166.44000244140625,166.57000732421875,5366,0.0,0.0
2023-11-22 15:30:00-05:00,166.63999938964844,166.72000122070312,166.0,166.02999877929688,21958,0.0,0.0
2023-11-24 09:30:00-05:00,166.0,167.77999877929688,166.0,167.75999450683594,2085,0.0,0.0
2023-11-24 10:30:00-05:00,168.19000244140625,168.19000244140625,166.96499633789062,167.00999450683594,3634,0.0,0.0
2023-11-24 11:30:00-05:00,166.97999572753906,166.97999572753906,166.33999633789062,166.5,5241,0.0,0.0
2023-11-27 09:30:00-05:00,166.44000244140625,166.89999389648438,165.3699951171875,166.8000030517578,8500,0.0,0.0
2023-11-27 10:30:00-05:00,166.97500610351562,167.64999389648438,166.91000366210938,167.64999389648438,9490,0.0,0.0
2023-11-27 11:30:00-05:00,167.73500061035156,167.73500061035156,166.6999969482422,166.8000030517578,7335,0.0,0.0
2023-11-27 12:30:00-05:00,166.5500030517578,167.41000366210938,166.41000366210938,167.09500122070312,9715,0.0,0.0
2023-11-27 13:30:00-05:00,167.38999938964844,167.72500610351562,166.92999267578125,167.72500610351562,8294,0.0,0.0
2023-11-27 14:30:00-05:00,167.5500030517578,167.99000549316406,167.5500030517578,167.98500061035156,11096,0.0,0.0
2023-11-27 15:30:00-05:00,168.02999877929688,168.4199981689453,168.02999877929688,168.02999877929688,27665,0.0,0.0
2023-11-28 09:30:00-05:00,167.85000610351562,168.55999755859375,166.69000244140625,167.30999755859375,16047,0.0,0.0
2023-11-28 10:30:00-05:00,167.8800048828125,168.57000732421875,167.8800048828125,168.27000427246094,7349,0.0,0.0
2023-11-28 11:30:00-05:00,168.14999389648438,168.27000427246094,166.52999877929688,166.8800048828125,8066,0.0,0.0
2023-11-28 12:30:00-05:00,166.47000122070312,166.67999267578125,166.22000122070312,166.2550048828125,5740,0.0,0.0
2023-11-28 13:30:00-05:00,166.38540649414062,166.52000427246094,166.02999877929688,166.52000427246094,4779,0.0,0.0
2023-11-28 14:30:00-05:00,166.08999633789062,166.7949981689453,166.08999633789062,166.57000732421875,7615,0.0,0.0
2023-11-28 15:30:00-05:00,166.6199951171875,167.17999267578125,166.47000122070312,167.16000366210938,21382,0.0,0.0
2023-11-29 09:30:00-05:00,168.13999938964844,169.99000549316406,166.52969360351562,169.0500030517578,10789,0.0,0.0
2023-11-29 10:30:00-05:00,168.8800048828125,169.22000122070312,168.68499755859375,169.03500366210938,6208,0.0,0.0
2023-11-29 11:30:00-05:00,169.1529998779297,170.16000366210938,169.1529998779297,170.00999450683594,11606,0.0,0.0
2023-11-29 12:30:00-05:00,170.1699981689453,170.52000427246094,170.125,170.30999755859375,7095,0.0,0.0
2023-11-29 13:30:00-05:00,170.24000549316406,170.41000366210938,170.05499267578125,170.1199951171875,11423,0.0,0.0
2023-11-29 14:30:00-05:00,169.96499633789062,170.33999633789062,169.94749450683594,170.33999633789062,12201,0.0,0.0
2023-11-29 15:30:00-05:00,170.41000366210938,170.4759979248047,169.89999389648438,170.30999755859375,40555,0.0,0.0
2023-11-30 09:30:00-05:00,171.25,172.66000366210938,170.72000122070312,172.02999877929688,15665,0.0,0.0
2023-11-30 10:30:00-05:00,172.35499572753906,173.14999389648438,172.0500030517578,173.125,16453,0.0,0.0
2023-11-30 11:30:00-05:00,172.97000122070312,173.24000549316406,172.18899536132812,172.74000549316406,12323,0.0,0.0
2023-11-30 12:30:00-05:00,172.65499877929688,173.0500030517578,172.2899932861328,172.97999572753906,11570,0.0,0.0
2023-11-30 13:30:00-05:00,173.0,173.94000244140625,172.77999877929688,173.3800048828125,39274,0.0,0.0
2023-11-30 14:30:00-05:00,173.2899932861328,174.11000061035156,173.2899932861328,173.88999938964844,19090,0.0,0.0
2023-11-30 15:30:00-05:00,173.83999633789062,174.66000366210938,173.61500549316406,174.22000122070312,48950,0.0,0.0
2023-12-01 09:30:00-05:00,173.5800018310547,174.5695037841797,172.75999450683594,173.875,11041,0.0,0.0
2023-12-01 10:30:00-05:00,173.7449951171875,174.47000122070312,173.7449951171875,174.44000244140625,7940,0.0,0.0
2023-12-01 11:30:00-05:00,174.7899932861328,175.82000732421875,174.7899932861328,175.0,16536,0.0,0.0
2023-12-01 12:30:00-05:00,175.30999755859375,176.14999389648438,175.22000122070312,176.14999389648438,9107,0.0,0.0
2023-12-01 13:30:00-05:00,176.17999267578125,176.81500244140625,175.99000549316406,176.4949951171875,23054,0.0,0.0
2023-12-01 14:30:00-05:00,176.1699981689453,176.4149932861328,175.8300018310547,175.86000061035156,8422,0.0,0.0
2023-12-01 15:30:00-05:00,175.97999572753906,176.60000610351562,175.8249969482422,176.5800018310547,27812,0.0,0.0
2023-12-04 09:30:00-05:00,176.25999450683594,178.4499969482422,176.25999450683594,178.0399932861328,3738,0.0,0.0
2023-12-04 10:30:00-05:00,178.0355987548828,178.8000030517578,177.64999389648438,178.4250030517578,22350,0.0,0.0
2023-12-04 11:30:00-05:00,178.3000030517578,179.42999267578125,178.3000030517578,179.42999267578125,22004,0.0,0.0
2023-12-04 12:30:00-05:00,179.03500366210938,179.22999572753906,178.22000122070312,178.63999938964844,8898,0.0,0.0
2023-12-04 13:30:00-05:00,178.67999267578125,178.92999267578125,178.0749969482422,178.86000061035156,17108,0.0,0.0
2023-12-04 14:30:00-05:00,178.9149932861328,178.9149932861328,177.5800018310547,177.5800018310547,11311,0.0,0.0
2023-12-04 15:30:00-05:00,177.42999267578125,177.52999877929688,176.72000122070312,176.74000549316406,41551,0.0,0.0
2023-12-05 09:30:00-05:00,176.0500030517578,176.0500030517578,173.16000366210938,173.9199981689453,6421,0.0,0.0
2023-12-05 10:30:00-05:00,174.2899932861328,174.2899932861328,173.3800048828125,173.3800048828125,4016,0.0,0.0
2023-12-05 11:30:00-05:00,173.94000244140625,174.0800018310547,173.09500122070312,173.09500122070312,4308,0.0,0.0
2023-12-05 12:30:00-05:00,172.5500030517578,173.66000366210938,172.1999969482422,173.55999755859375,4801,0.0,0.0
2023-12-05 13:30:00-05:00,173.42999267578125,173.75999450683594,172.8800048828125,173.75999450683594,14521,0.0,0.0
2023-12-05 14:30:00-05:00,173.5800018310547,174.19000244140625,173.30999755859375,173.47999572753906,15202,0.0,0.0
2023-12-05 15:30:00-05:00,173.55999755859375,173.99000549316406,173.41000366210938,173.8699951171875,14772,0.0,0.0
2023-12-06 09:30:00-05:00,174.6999969482422,175.02000427246094,173.52000427246094,174.03500366210938,4303,0.0,0.0
2023-12-06 10:30:00-05:00,173.9499969482422,174.3300018310547,172.1999969482422,172.85000610351562,7046,0.0,0.0
2023-12-06 11:30:00-05:00,172.0399932861328,172.47999572753906,171.86500549316406,172.25999450683594,5429,0.0,0.0
2023-12-06 12:30:00-05:00,172.1199951171875,172.5,171.66000366210938,172.5,5840,0.0,0.0
2023-12-06 13:30:00-05:00,172.64500427246094,172.8000030517578,171.72000122070312,171.72000122070312,8448,0.0,0.0
2023-12-06 14:30:00-05:00,171.92999267578125,172.0500030517578,171.41000366210938,171.41000366210938,8956,0.0,0.0
2023-12-06 15:30:00-05:00,171.4199981689453,171.8000030517578,170.88999938964844,171.0,32966,0.0,0.0
2023-12-07 09:30:00-05:00,170.67999267578125,170.99000549316406,169.77999877929688,170.69000244140625,4295,0.0,0.0
2023-12-07 10:30:00-05:00,170.6999969482422,171.14999389648438,169.2050018310547,169.625,12233,0.0,0.0
2023-12-07 11:30:00-05:00,169.8000030517578,170.0500030517578,169.4600067138672,169.8000030517578,6859,0.0,0.0
2023-12-07 12:30:00-05:00,170.0500030517578,170.22999572753906,169.7899932861328,169.7899932861328,6291,0.0,0.0
2023-12-07 13:30:00-05:00,169.88999938964844,170.44000244140625,169.72000122070312,170.24000549316406,12022,0.0,0.0
2023-12-07 14:30:00-05:00,170.33999633789062,171.375,170.27000427246094,170.74000549316406,28355,0.0,0.0
2023-12-07 15:30:00-05:00,170.73500061035156,171.3699951171875,170.6999969482422,171.2100067138672,41882,0.0,0.0
2023-12-08 09:30:00-05:00,171.82000732421875,172.43499755859375,170.8300018310547,171.25999450683594,8014,0.0,0.0
2023-12-08 10:30:00-05:00,170.6999969482422,170.72999572753906,169.49000549316406,169.49000549316406,5623,0.0,0.0
2023-12-08 11:30:00-05:00,170.0,170.4949951171875,170.0,170.39999389648438,5813,0.0,0.0
2023-12-08 12:30:00-05:00,170.64999389648438,171.42999267578125,170.4550018310547,171.24000549316406,3631,0.0,0.0
2023-12-08 13:30:00-05:00,171.2550048828125,171.3300018310547,171.06500244140625,171.2100067138672,4938,0.0,0.0
2023-12-08 14:30:00-05:00,171.30999755859375,171.4949951171875,170.9199981689453,171.14500427246094,9185,0.0,0.0
2023-12-08 15:30:00-05:00,171.07000732421875,171.2100067138672,170.91000366210938,171.0,22708,0.0,0.0
2023-12-11 09:30:00-05:00,170.89999389648438,171.02000427246094,170.10000610351562,170.49000549316406,8942,0.0,0.0
2023-12-11 10:30:00-05:00,170.57000732421875,170.57000732421875,170.1199951171875,170.4199981689453,7110,0.0,0.0
2023-12-11 11:30:00-05:00,170.3800048828125,170.3800048828125,169.625,169.7899932861328,9876,0.0,0.0
2023-12-11 12:30:00-05:00,169.4199981689453,169.53469848632812,168.97500610351562,169.44500732421875,7790,0.0,0.0
2023-12-11 13:30:00-05:00,169.49000549316406,169.5399932861328,169.3300018310547,169.4199981689453,6791,0.0,0.0
2023-12-11 14:30:00-05:00,169.3800048828125,169.44000244140625,168.9949951171875,168.9949951171875,12867,0.0,0.0
2023-12-11 15:30:00-05:00,169.08999633789062,169.39500427246094,168.7899932861328,169.25,26504,0.0,0.0
2023-12-12 09:30:00-05:00,169.55999755859375,170.9499969482422,168.5,169.83999633789062,7341,0.0,0.0
2023-12-12 10:30:00-05:00,169.93499755859375,170.2550048828125,169.14999389648438,169.14999389648438,10700,0.0,0.0
2023-12-12 11:30:00-05:00,169.36000061035156,169.85000610351562,169.36000061035156,169.6916046142578,5905,0.0,0.0
2023-12-12 12:30:00-05:00,169.5399932861328,169.82000732421875,169.33999633789062,169.35000610351562,10407,0.0,0.0
2023-12-12 13:30:00-05:00,169.5800018310547,170.3300018310547,169.52000427246094,169.9199981689453,12039,0.0,0.0
2023-12-12 14:30:00-05:00,169.75999450683594,170.38999938964844,169.64999389648438,170.3699951171875,12055,0.0,0.0
2023-12-12 15:30:00-05:00,170.2050018310547,170.2050018310547,169.24000549316406,169.27000427246094,32976,0.0,0.0
2023-12-13 09:30:00-05:00,169.35000610351562,170.15499877929688,168.43499755859375,168.85000610351562,10296,0.0,0.0
2023-12-13 10:30:00-05:00,169.0449981689453,169.8300018310547,168.8350067138672,169.34500122070312,3893,0.0,0.0
2023-12-13 11:30:00-05:00,169.11000061035156,169.30499267578125,168.6999969482422,168.88999938964844,6464,0.0,0.0
2023-12-13 12:30:00-05:00,168.92999267578125,168.92999267578125,168.21499633789062,168.22000122070312,6943,0.0,0.0
2023-12-13 13:30:00-05:00,168.0,169.1699981689453,167.83999633789062,168.57350158691406,12802,0.0,0.0
2023-12-13 14:30:00-05:00,168.77499389648438,169.63999938964844,168.5,169.1699981689453,20878,0.0,0.0
2023-12-13 15:30:00-05:00,169.38999938964844,170.17999267578125,169.24000549316406,170.17999267578125,49882,0.0,0.0
2023-12-14 09:30:00-05:00,171.8699951171875,174.11500549316406,170.33999633789062,170.80999755859375,24248,0.0,0.0
2023-12-14 10:30:00-05:00,170.76499938964844,170.92999267578125,169.8699951171875,169.97000122070312,11618,0.0,0.0
2023-12-14 11:30:00-05:00,169.76499938964844,170.35499572753906,169.49000549316406,170.11000061035156,13188,0.0,0.0
2023-12-14 12:30:00-05:00,170.22999572753906,170.38499450683594,169.72999572753906,169.72999572753906,10634,0.0,0.0
2023-12-14 13:30:00-05:00,169.5,169.7100067138672,169.06500244140625,169.52499389648438,10846,0.0,0.0
2023-12-14 14:30:00-05:00,169.63999938964844,170.05499267578125,169.5850067138672,169.89999389648438,11274,0.0,0.0
2023-12-14 15:30:00-05:00,169.97500610351562,170.08999633789062,169.02000427246094,169.0500030517578,31059,0.0,0.0
2023-12-15 09:30:00-05:00,169.5500030517578,169.86000061035156,168.91000366210938,169.03500366210938,38334,0.0,0.0
2023-12-15 10:30:00-05:00,168.85000610351562,169.1699981689453,167.80499267578125,167.80499267578125,11498,0.0,0.0
2023-12-15 11:30:00-05:00,167.55499267578125,168.0050048828125,167.03500366210938,167.55999755859375,11910,0.0,0.0
2023-12-15 12:30:00-05:00,167.25999450683594,167.25999450683594,166.14999389648438,166.7550048828125,17341,0.0,0.0
2023-12-15 13:30:00-05:00,166.80999755859375,166.80999755859375,165.5800018310547,165.77999877929688,19057,0.0,0.0
2023-12-15 14:30:00-05:00,165.69000244140625,166.00999450683594,165.52999877929688,165.5800018310547,17530,0.0,0.0
2023-12-15 15:30:00-05:00,165.6699981689453,165.67999267578125,164.77000427246094,165.16000366210938,47175,0.0,0.0
2023-12-18 09:30:00-05:00,166.88999938964844,168.68499755859375,166.125,167.0399932861328,21718,0.0,0.0
2023-12-18 10:30:00-05:00,166.75999450683594,167.00999450683594,166.7100067138672,166.8699951171875,5902,0.0,0.0
2023-12-18 11:30:00-05:00,166.7100067138672,167.6199951171875,166.67999267578125,167.6199951171875,11816,0.0,0.0
2023-12-18 12:30:00-05:00,167.50999450683594,167.89999389648438,167.25999450683594,167.82000732421875,13578,0.0,0.0
2023-12-18 13:30:00-05:00,167.85000610351562,167.85000610351562,167.2949981689453,167.5570068359375,8565,0.0,0.0
2023-12-18 14:30:00-05:00,167.59500122070312,167.8699951171875,167.28500366210938,167.52999877929688,11418,0.0,0.0
2023-12-18 15:30:00-05:00,167.47999572753906,167.75,166.4199981689453,166.5,45207,0.0,0.0
2023-12-19 09:30:00-05:00,166.83999633789062,169.88999938964844,165.3699951171875,166.18499755859375,15245,0.0,0.0
2023-12-19 10:30:00-05:00,166.375,168.17999267578125,166.375,167.6999969482422,23121,0.0,0.0
2023-12-19 11:30:00-05:00,167.72000122070312,167.88999938964844,166.92999267578125,166.96499633789062,15448,0.0,0.0
2023-12-19 12:30:00-05:00,167.19500732421875,167.2899932861328,166.9600067138672,167.0,6728,0.0,0.0
2023-12-19 13:30:00-05:00,167.0,167.0,165.52000427246094,166.4199981689453,15726,0.0,0.0
2023-12-19 14:30:00-05:00,166.3000030517578,166.52999877929688,165.89999389648438,166.38999938964844,41041,0.0,0.0
2023-12-19 15:30:00-05:00,166.43499755859375,166.52999877929688,165.91000366210938,166.25999450683594,78033,0.0,0.0
2023-12-20 09:30:00-05:00,166.2100067138672,166.69000244140625,165.9499969482422,165.9499969482422,14889,0.0,0.0
2023-12-20 10:30:00-05:00,166.26499938964844,166.41000366210938,165.96499633789062,166.22500610351562,14479,0.0,0.0
2023-12-20 11:30:00-05:00,166.25999450683594,166.6199951171875,165.94000244140625,165.97000122070312,10846,0.0,0.0
2023-12-20 12:30:00-05:00,166.1199951171875,166.42999267578125,165.94000244140625,165.94000244140625,7087,0.0,0.0
2023-12-20 13:30:00-05:00,165.97000122070312,166.17999267578125,165.85000610351562,166.05499267578125,7258,0.0,0.0
2023-12-20 14:30:00-05:00,166.0399932861328,166.10499572753906,164.1009979248047,164.25,23687,0.0,0.0
2023-12-20 15:30:00-05:00,164.0800018310547,164.30999755859375,163.47000122070312,163.5,48773,0.0,0.0
2023-12-21 09:30:00-05:00,163.7100067138672,165.72999572753906,162.0399932861328,164.5554962158203,44450,0.0,0.0
2023-12-21 10:30:00-05:00,165.16000366210938,165.7449951171875,164.8300018310547,165.67999267578125,8919,0.0,0.0
2023-12-21 11:30:00-05:00,165.67999267578125,165.67999267578125,164.82000732421875,164.99000549316406,6633,0.0,0.0
2023-12-21 12:30:00-05:00,165.02000427246094,165.25999450683594,163.9499969482422,164.52499389648438,15042,0.0,0.0
2023-12-21 13:30:00-05:00,164.5449981689453,165.60000610351562,164.3699951171875,165.43519592285156,22756,0.0,0.0
2023-12-21 14:30:00-05:00,165.5,165.74000549316406,165.05999755859375,165.44000244140625,13283,0.0,0.0
2023-12-21 15:30:00-05:00,165.4600067138672,166.2899932861328,165.2899932861328,166.2899932861328,45787,0.0,0.0
2023-12-22 09:30:00-05:00,167.5500030517578,168.3300018310547,165.53500366210938,167.4600067138672,20321,0.0,0.0
2023-12-22 10:30:00-05:00,168.08999633789062,168.2550048828125,166.77000427246094,167.25999450683594,12030,0.0,0.0
2023-12-22 11:30:00-05:00,167.71499633789062,167.72000122070312,167.3699951171875,167.6699981689453,5408,0.0,0.0
2023-12-22 12:30:00-05:00,167.61000061035156,167.6300048828125,167.3800048828125,167.50999450683594,2405,0.0,0.0
2023-12-22 13:30:00-05:00,167.1999969482422,167.26499938964844,166.77999877929688,166.77999877929688,3655,0.0,0.0
2023-12-22 14:30:00-05:00,166.3800048828125,166.9499969482422,166.35000610351562,166.91000366210938,7147,0.0,0.0
2023-12-22 15:30:00-05:00,166.72999572753906,167.16000366210938,166.39999389648438,167.08999633789062,24312,0.0,0.0
2023-12-26 09:30:00-05:00,167.10000610351562,167.10000610351562,165.50999450683594,166.53500366210938,2907,0.0,0.0
2023-12-26 10:30:00-05:00,166.80999755859375,167.15499877929688,166.39999389648438,167.10000610351562,14356,0.0,0.0
2023-12-26 11:30:00-05:00,167.25,167.91000366210938,167.05499267578125,167.91000366210938,16604,0.0,0.0
2023-12-26 12:30:00-05:00,167.88999938964844,168.63999938964844,167.8800048828125,168.50999450683594,17539,0.0,0.0
2023-12-26 13:30:00-05:00,168.60499572753906,168.60499572753906,168.38999938964844,168.39999389648438,2862,0.0,0.0
2023-12-26 14:30:00-05:00,168.44000244140625,168.97999572753906,168.44000244140625,168.69500732421875,12433,0.0,0.0
2023-12-26 15:30:00-05:00,168.61500549316406,168.75,168.0800018310547,168.16000366210938,19563,0.0,0.0
2023-12-27 09:30:00-05:00,168.74000549316406,169.77000427246094,167.41000366210938,169.5500030517578,12569,0.0,0.0
2023-12-27 10:30:00-05:00,169.3300018310547,169.3300018310547,168.58999633789062,168.72999572753906,8102,0.0,0.0
2023-12-27 11:30:00-05:00,168.7449951171875,169.11000061035156,168.543701171875,168.72000122070312,11595,0.0,0.0
2023-12-27 12:30:00-05:00,168.7100067138672,169.1199951171875,168.7050018310547,168.8000030517578,6495,0.0,0.0
2023-12-27 13:30:00-05:00,168.75999450683594,169.05499267578125,168.50999450683594,168.89500427246094,12649,0.0,0.0
2023-12-27 14:30:00-05:00,168.89999389648438,169.32000732421875,168.89999389648438,169.15499877929688,14522,0.0,0.0
2023-12-27 15:30:00-05:00,169.125,169.3699951171875,168.72999572753906,168.8300018310547,26007,0.0,0.0
2023-12-28 09:30:00-05:00,168.50999450683594,169.10000610351562,167.16000366210938,167.80999755859375,14777,0.0,0.0
2023-12-28 10:30:00-05:00,167.88999938964844,168.13999938964844,167.8800048828125,167.97999572753906,3897,0.0,0.0
2023-12-28 11:30:00-05:00,167.80999755859375,168.0800018310547,167.7899932861328,168.06370544433594,6830,0.0,0.0
2023-12-28 12:30:00-05:00,168.08999633789062,168.4499969482422,168.08999633789062,168.3300018310547,4859,0.0,0.0
2023-12-28 13:30:00-05:00,168.3350067138672,168.58999633789062,168.17999267578125,168.22000122070312,4281,0.0,0.0
2023-12-28 14:30:00-05:00,168.28500366210938,168.68499755859375,167.83999633789062,168.5399932861328,10517,0.0,0.0
2023-12-28 15:30:00-05:00,168.5399932861328,168.8800048828125,168.5399932861328,168.80999755859375,24607,0.0,0.0
2023-12-29 09:30:00-05:00,168.9199981689453,169.39999389648438,168.11000061035156,168.2200927734375,2713,0.0,0.0
2023-12-29 10:30:00-05:00,168.5,168.8300018310547,168.34500122070312,168.80999755859375,5089,0.0,0.0
2023-12-29 11:30:00-05:00,168.60000610351562,168.83999633789062,168.35000610351562,168.53500366210938,8140,0.0,0.0
2023-12-29 12:30:00-05:00,168.6199951171875,168.7899932861328,168.61000061035156,168.61000061035156,3358,0.0,0.0
2023-12-29 13:30:00-05:00,168.6999969482422,169.00999450683594,168.6750030517578,168.91000366210938,5894,0.0,0.0
2023-12-29 14:30:00-05:00,168.8249969482422,169.35000610351562,168.8249969482422,169.24000549316406,6799,0.0,0.0
2023-12-29 15:30:00-05:00,169.27999877929688,169.61000061035156,168.77999877929688,168.7899932861328,34174,0.0,0.0
2024-01-02 09:30:00-05:00,167.6199951171875,169.30499267578125,167.6199951171875,168.07000732421875,16482,0.0,0.0
2024-01-02 10:30:00-05:00,168.0449981689453,168.0449981689453,167.40499877929688,167.61000061035156,11796,0.0,0.0
2024-01-02 11:30:00-05:00,167.63499450683594,167.77999877929688,167.3699951171875,167.375,18186,0.0,0.0
2024-01-02 12:30:00-05:00,167.4499969482422,167.88999938964844,167.3800048828125,167.88999938964844,13151,0.0,0.0
2024-01-02 13:30:00-05:00,167.89999389648438,168.01499938964844,167.6699981689453,167.6699981689453,10504,0.0,0.0
2024-01-02 14:30:00-05:00,167.6699981689453,167.81500244140625,167.4199981689453,167.63999938964844,16391,0.0,0.0
2024-01-02 15:30:00-05:00,167.49000549316406,168.02499389648438,166.9199981689453,167.77999877929688,34298,0.0,0.0
2024-01-03 09:30:00-05:00,166.32000732421875,167.42999267578125,165.80999755859375,166.97999572753906,19354,0.0,0.0
2024-01-03 10:30:00-05:00,166.5,166.63999938964844,166.02000427246094,166.63999938964844,30195,0.0,0.0
2024-01-03 11:30:00-05:00,166.6999969482422,166.72500610351562,166.13499450683594,166.13499450683594,13950,0.0,0.0
2024-01-03 12:30:00-05:00,165.82000732421875,166.0800018310547,165.22999572753906,165.88999938964844,11403,0.0,0.0
2024-01-03 13:30:00-05:00,165.88999938964844,165.88999938964844,164.97000122070312,165.86000061035156,23444,0.0,0.0
2024-01-03 14:30:00-05:00,165.75,165.9499969482422,165.2550048828125,165.4199981689453,20754,0.0,0.0
2024-01-03 15:30:00-05:00,165.43499755859375,165.7899932861328,164.66000366210938,165.07000732421875,53452,0.0,0.0
2024-01-04 09:30:00-05:00,165.50999450683594,166.50999450683594,165.06500244140625,165.14999389648438,12422,0.0,0.0
2024-01-04 10:30:00-05:00,164.99000549316406,165.0500030517578,163.94500732421875,164.63999938964844,32623,0.0,0.0
2024-01-04 11:30:00-05:00,164.5399932861328,165.0,164.50999450683594,165.0,12951,0.0,0.0
2024-01-04 12:30:00-05:00,164.8800048828125,164.8800048828125,164.02999877929688,164.09500122070312,11006,0.0,0.0
2024-01-04 13:30:00-05:00,163.97000122070312,164.02000427246094,163.02999877929688,163.77000427246094,30016,0.0,0.0
2024-01-04 14:30:00-05:00,163.6300048828125,164.1199951171875,163.44000244140625,163.7899932861328,23060,0.0,0.0
2024-01-04 15:30:00-05:00,163.77499389648438,164.0850067138672,163.44000244140625,163.67999267578125,67306,0.0,0.0
2024-01-05 09:30:00-05:00,162.55999755859375,163.52000427246094,161.39500427246094,161.72000122070312,14025,0.0,0.0
2024-01-05 10:30:00-05:00,161.6199951171875,162.10910034179688,161.3800048828125,161.5500030517578,22154,0.0,0.0
2024-01-05 11:30:00-05:00,161.61749267578125,162.07000732421875,161.22999572753906,161.5,13184,0.0,0.0
2024-01-05 12:30:00-05:00,161.52000427246094,162.2100067138672,161.52000427246094,162.13999938964844,7024,0.0,0.0
2024-01-05 13:30:00-05:00,162.1649932861328,162.85000610351562,162.1649932861328,162.72000122070312,12449,0.0,0.0
2024-01-05 14:30:00-05:00,162.94000244140625,162.94000244140625,161.58999633789062,161.83999633789062,21944,0.0,0.0
2024-01-05 15:30:00-05:00,161.64999389648438,161.88999938964844,160.9600067138672,161.02000427246094,67294,0.0,0.0
2024-01-08 09:30:00-05:00,161.61000061035156,162.9600067138672,160.7449951171875,162.8000030517578,18582,0.0,0.0
2024-01-08 10:30:00-05:00,163.22500610351562,163.7550048828125,162.85000610351562,162.85000610351562,17563,0.0,0.0
2024-01-08 11:30:00-05:00,163.07000732421875,163.29110717773438,162.75999450683594,162.9250030517578,11333,0.0,0.0
2024-01-08 12:30:00-05:00,163.0800018310547,163.10000610351562,162.7449951171875,162.875,9777,0.0,0.0
2024-01-08 13:30:00-05:00,163.0399932861328,163.75,162.9149932861328,163.75,8437,0.0,0.0
2024-01-08 14:30:00-05:00,163.74000549316406,164.1699981689453,163.58999633789062,164.1699981689453,13916,0.0,0.0
2024-01-08 15:30:00-05:00,164.27000427246094,164.82200622558594,164.27000427246094,164.7100067138672,26338,0.0,0.0
2024-01-09 09:30:00-05:00,163.1999969482422,165.35000610351562,163.0,163.25999450683594,5710,0.0,0.0
2024-01-09 10:30:00-05:00,163.47999572753906,164.13999938964844,163.1999969482422,163.83999633789062,7426,0.0,0.0
2024-01-09 11:30:00-05:00,163.85000610351562,164.13999938964844,163.81500244140625,163.9199981689453,3368,0.0,0.0
2024-01-09 12:30:00-05:00,163.9199981689453,164.25999450683594,163.39999389648438,163.83999633789062,12668,0.0,0.0
2024-01-09 13:30:00-05:00,163.6999969482422,164.27999877929688,163.58999633789062,164.02999877929688,7353,0.0,0.0
2024-01-09 14:30:00-05:00,164.02499389648438,164.5,164.02499389648438,164.19500732421875,8068,0.0,0.0
2024-01-09 15:30:00-05:00,164.19000244140625,164.7949981689453,164.19000244140625,164.41000366210938,22666,0.0,0.0
2024-01-10 09:30:00-05:00,164.47999572753906,164.85000610351562,164.4600067138672,164.75999450683594,2686,0.0,0.0
2024-01-10 10:30:00-05:00,164.72000122070312,165.10000610351562,164.72000122070312,164.8699951171875,5455,0.0,0.0
2024-01-10 11:30:00-05:00,165.07000732421875,165.3350067138672,165.02999877929688,165.3350067138672,3719,0.0,0.0
2024-01-10 12:30:00-05:00,165.33999633789062,165.60000610351562,165.0399932861328,165.55999755859375,8138,0.0,0.0
2024-01-10 13:30:00-05:00,165.2899932861328,165.85000610351562,165.27000427246094,165.64999389648438,5924,0.0,0.0
2024-01-10 14:30:00-05:00,165.75,165.8699951171875,165.4149932861328,165.5,7030,0.0,0.0
2024-01-10 15:30:00-05:00,165.57000732421875,165.68499755859375,165.35000610351562,165.47000122070312,19491,0.0,0.0
2024-01-11 09:30:00-05:00,164.99000549316406,169.9600067138672,164.24000549316406,164.5,11269,0.0,0.0
2024-01-11 10:30:00-05:00,164.5,164.9199981689453,164.19000244140625,164.3800048828125,7774,0.0,0.0
2024-01-11 11:30:00-05:00,164.36000061035156,164.75999450683594,164.17999267578125,164.6750030517578,9704,0.0,0.0
2024-01-11 12:30:00-05:00,164.6999969482422,165.16000366210938,164.6999969482422,165.16000366210938,4008,0.0,0.0
2024-01-11 13:30:00-05:00,164.89999389648438,165.22999572753906,164.8300018310547,165.14999389648438,5351,0.0,0.0
2024-01-11 14:30:00-05:00,165.17999267578125,165.66000366210938,165.1699981689453,165.66000366210938,10463,0.0,0.0
2024-01-11 15:30:00-05:00,165.47999572753906,165.88999938964844,165.42999267578125,165.67999267578125,37225,0.0,0.0
2024-01-12 09:30:00-05:00,166.85000610351562,167.4600067138672,165.7100067138672,165.74000549316406,6916,0.0,0.0
2024-01-12 10:30:00-05:00,165.60000610351562,165.60000610351562,165.11000061035156,165.39999389648438,3937,0.0,0.0
2024-01-12 11:30:00-05:00,165.3800048828125,165.6300048828125,164.66000366210938,165.47000122070312,15947,0.0,0.0
2024-01-12 12:30:00-05:00,165.4149932861328,165.6300048828125,165.1699981689453,165.36000061035156,3814,0.0,0.0
2024-01-12 13:30:00-05:00,165.30999755859375,165.36000061035156,164.66000366210938,165.00999450683594,8409,0.0,0.0
2024-01-12 14:30:00-05:00,164.94000244140625,164.94000244140625,164.24000549316406,164.6699981689453,10801,0.0,0.0
2024-01-12 15:30:00-05:00,164.5800018310547,165.38999938964844,164.4600067138672,165.10000610351562,29514,0.0,0.0
2024-01-16 09:30:00-05:00,163.75999450683594,164.64259338378906,162.91000366210938,164.3300018310547,4952,0.0,0.0
2024-01-16 10:30:00-05:00,163.33999633789062,163.63099670410156,163.00999450683594,163.3000030517578,5671,0.0,0.0
2024-01-16 11:30:00-05:00,163.3000030517578,163.7100067138672,163.07000732421875,163.2899932861328,7709,0.0,0.0
2024-01-16 12:30:00-05:00,163.1999969482422,163.60000610351562,163.1999969482422,163.5449981689453,5862,0.0,0.0
2024-01-16 13:30:00-05:00,163.58099365234375,163.58099365234375,162.4149932861328,162.4149932861328,8634,0.0,0.0
2024-01-16 14:30:00-05:00,162.51499938964844,162.9550018310547,162.51499938964844,162.80999755859375,7560,0.0,0.0
2024-01-16 15:30:00-05:00,162.80999755859375,163.33999633789062,162.75,163.00999450683594,31664,0.0,0.0
2024-01-17 09:30:00-05:00,161.63999938964844,162.5800018310547,160.02000427246094,162.36000061035156,3244,0.0,0.0
2024-01-17 10:30:00-05:00,162.42999267578125,162.56500244140625,162.3300018310547,162.4499969482422,4962,0.0,0.0
2024-01-17 11:30:00-05:00,162.5,162.5,161.9199981689453,162.07000732421875,8379,0.0,0.0
2024-01-17 12:30:00-05:00,162.1699981689453,162.33999633789062,161.8300018310547,161.8699951171875,4939,0.0,0.0
2024-01-17 13:30:00-05:00,161.8000030517578,162.10000610351562,161.77999877929688,162.08999633789062,7084,0.0,0.0
2024-01-17 14:30:00-05:00,162.14999389648438,162.14999389648438,161.6999969482422,161.7899932861328,7403,0.0,0.0
2024-01-17 15:30:00-05:00,161.71499633789062,161.97999572753906,161.5500030517578,161.61000061035156,23287,0.0,0.0
2024-01-18 09:30:00-05:00,162.0,162.11500549316406,161.1199951171875,162.0800018310547,7952,0.0,0.0
2024-01-18 10:30:00-05:00,162.19500732421875,162.8300018310547,161.9250030517578,162.8300018310547,12512,0.0,0.0
2024-01-18 11:30:00-05:00,162.88999938964844,162.88999938964844,162.49000549316406,162.77999877929688,5176,0.0,0.0
2024-01-18 12:30:00-05:00,162.52999877929688,163.02499389648438,162.27499389648438,162.97000122070312,18276,0.0,0.0
2024-01-18 13:30:00-05:00,162.88999938964844,163.6300048828125,162.88999938964844,163.4600067138672,4572,0.0,0.0
2024-01-18 14:30:00-05:00,163.6199951171875,163.9199981689453,163.5500030517578,163.72500610351562,8223,0.0,0.0
2024-01-18 15:30:00-05:00,163.7550048828125,163.75999450683594,163.25999450683594,163.7100067138672,27800,0.0,0.0
2024-01-19 09:30:00-05:00,164.5,164.5,162.73500061035156,162.7949981689453,7658,0.0,0.0
2024-01-19 10:30:00-05:00,162.77999877929688,162.78500366210938,162.08999633789062,162.08999633789062,2705,0.0,0.0
2024-01-19 11:30:00-05:00,162.1750030517578,162.25,161.75999450683594,162.25,5167,0.0,0.0
2024-01-19 12:30:00-05:00,162.43499755859375,162.8800048828125,162.25999450683594,162.7050018310547,5638,0.0,0.0
2024-01-19 13:30:00-05:00,162.75,163.08999633789062,162.5500030517578,163.08999633789062,6657,0.0,0.0
2024-01-19 14:30:00-05:00,163.02999877929688,163.05990600585938,162.8699951171875,162.902099609375,6267,0.0,0.0
2024-01-19 15:30:00-05:00,162.72000122070312,163.0,162.6199951171875,162.92999267578125,19404,0.0,0.0
2024-01-22 09:30:00-05:00,163.1300048828125,165.47999572753906,163.1300048828125,165.22000122070312,33531,0.0,0.0
2024-01-22 10:30:00-05:00,165.0,165.0,164.30999755859375,164.80999755859375,6045,0.0,0.0
2024-01-22 11:30:00-05:00,164.8000030517578,164.97000122070312,164.64500427246094,164.83999633789062,6318,0.0,0.0
2024-01-22 12:30:00-05:00,164.83999633789062,166.3300018310547,164.75,166.0749969482422,55204,0.0,0.0
2024-01-22 13:30:00-05:00,166.06500244140625,167.0,166.02000427246094,166.17999267578125,10692,0.0,0.0
2024-01-22 14:30:00-05:00,166.33740234375,167.1999969482422,166.0,167.0,21792,0.0,0.0
2024-01-22 15:30:00-05:00,167.22000122070312,167.22000122070312,166.83999633789062,167.1300048828125,45121,0.0,0.0
2024-01-23 09:30:00-05:00,168.00999450683594,168.00999450683594,166.78289794921875,167.19000244140625,9033,0.0,0.0
2024-01-23 10:30:00-05:00,166.72500610351562,166.72500610351562,166.42999267578125,166.51499938964844,9147,0.0,0.0
2024-01-23 11:30:00-05:00,166.53500366210938,166.53500366210938,166.35000610351562,166.39500427246094,4381,0.0,0.0
2024-01-23 12:30:00-05:00,166.4550018310547,166.50999450683594,166.27000427246094,166.32000732421875,10949,0.0,0.0
2024-01-23 13:30:00-05:00,166.32000732421875,167.32000732421875,166.32000732421875,167.07040405273438,18704,0.0,0.0
2024-01-23 14:30:00-05:00,167.05499267578125,167.58999633789062,166.9550018310547,167.09500122070312,21151,0.0,0.0
2024-01-23 15:30:00-05:00,166.94000244140625,168.11000061035156,166.94000244140625,167.6300048828125,43602,0.0,0.0
2024-01-24 09:30:00-05:00,168.52000427246094,168.52000427246094,166.28500366210938,167.75999450683594,21481,0.0,0.0
2024-01-24 10:30:00-05:00,167.77000427246094,168.5800018310547,167.48500061035156,168.02000427246094,19071,0.0,0.0
2024-01-24 11:30:00-05:00,167.625,168.44000244140625,167.625,168.41000366210938,16333,0.0,0.0
2024-01-24 12:30:00-05:00,168.3800048828125,168.72000122070312,167.80999755859375,168.02999877929688,12980,0.0,0.0
2024-01-24 13:30:00-05:00,167.96499633789062,168.0,167.69749450683594,168.0,8476,0.0,0.0
2024-01-24 14:30:00-05:00,168.02999877929688,168.1199951171875,167.69500732421875,167.72999572753906,13408,0.0,0.0
2024-01-24 15:30:00-05:00,167.69000244140625,168.0,167.4199981689453,167.48500061035156,22907,0.0,0.0
2024-01-25 09:30:00-05:00,168.16000366210938,168.25999450683594,167.06500244140625,167.7100067138672,13219,0.0,0.0
2024-01-25 10:30:00-05:00,167.33999633789062,168.0800018310547,167.30999755859375,167.67999267578125,12393,0.0,0.0
2024-01-25 11:30:00-05:00,167.25999450683594,167.41720581054688,166.625,166.72999572753906,3795,0.0,0.0
2024-01-25 12:30:00-05:00,166.36000061035156,166.36000061035156,165.22999572753906,165.22999572753906,5272,0.0,0.0
2024-01-25 13:30:00-05:00,165.2050018310547,165.2050018310547,164.77999877929688,164.80999755859375,6616,0.0,0.0
2024-01-25 14:30:00-05:00,164.90499877929688,165.4199981689453,164.88999938964844,165.27000427246094,18155,0.0,0.0
2024-01-25 15:30:00-05:00,165.5,166.02999877929688,165.5,166.02000427246094,22002,0.0,0.0
2024-01-26 09:30:00-05:00,166.8000030517578,167.0469970703125,165.9199981689453,165.9199981689453,2776,0.0,0.0
2024-01-26 10:30:00-05:00,166.24000549316406,166.66000366210938,165.85499572753906,166.66000366210938,9991,0.0,0.0
2024-01-26 11:30:00-05:00,166.73500061035156,166.7449951171875,166.22999572753906,166.5500030517578,7207,0.0,0.0
2024-01-26 12:30:00-05:00,166.40499877929688,166.40499877929688,165.99000549316406,166.375,6177,0.0,0.0
2024-01-26 13:30:00-05:00,166.41000366210938,166.58999633789062,166.0800018310547,166.5500030517578,14672,0.0,0.0
2024-01-26 14:30:00-05:00,166.5850067138672,166.9499969482422,166.5850067138672,166.85000610351562,8234,0.0,0.0
2024-01-26 15:30:00-05:00,166.9499969482422,166.9499969482422,166.0399932861328,166.07000732421875,20448,0.0,0.0
2024-01-29 09:30:00-05:00,165.3300018310547,166.3000030517578,164.86000061035156,164.86000061035156,4386,0.0,0.0
2024-01-29 10:30:00-05:00,164.6699981689453,165.11000061035156,164.64500427246094,165.11000061035156,5585,0.0,0.0
2024-01-29 11:30:00-05:00,164.9199981689453,165.92999267578125,164.9199981689453,165.85000610351562,5050,0.0,0.0
2024-01-29 12:30:00-05:00,165.92999267578125,166.64999389648438,165.92999267578125,166.0399932861328,22848,0.0,0.0
2024-01-29 13:30:00-05:00,166.11000061035156,166.75999450683594,166.11000061035156,166.75999450683594,6708,0.0,0.0
2024-01-29 14:30:00-05:00,166.8000030517578,167.6999969482422,166.8000030517578,167.6699981689453,15798,0.0,0.0
2024-01-29 15:30:00-05:00,167.81500244140625,168.13999938964844,167.4499969482422,167.77000427246094,26300,0.0,0.0
2024-01-30 09:30:00-05:00,167.72000122070312,167.72000122070312,167.0399932861328,167.4149932861328,7657,0.0,0.0
2024-01-30 10:30:00-05:00,167.27999877929688,168.13499450683594,167.27999877929688,168.13499450683594,9601,0.0,0.0
2024-01-30 11:30:00-05:00,168.25999450683594,168.3800048828125,168.2100067138672,168.26589965820312,5079,0.0,0.0
2024-01-30 12:30:00-05:00,168.25999450683594,168.61000061035156,168.0850067138672,168.61000061035156,14722,0.0,0.0
2024-01-30 13:30:00-05:00,168.63499450683594,168.6649932861328,167.97999572753906,168.08999633789062,6908,0.0,0.0
2024-01-30 14:30:00-05:00,168.0749969482422,168.08999633789062,167.01499938964844,167.22000122070312,19173,0.0,0.0
2024-01-30 15:30:00-05:00,167.22860717773438,167.5800018310547,166.83999633789062,167.36000061035156,29165,0.0,0.0
2024-01-31 09:30:00-05:00,167.85000610351562,168.14999389648438,166.80499267578125,166.80499267578125,22971,0.0,0.0
2024-01-31 10:30:00-05:00,166.63999938964844,167.6300048828125,166.3699951171875,166.8800048828125,23665,0.0,0.0
2024-01-31 11:30:00-05:00,166.77000427246094,166.77000427246094,165.8300018310547,166.5399932861328,19022,0.0,0.0
2024-01-31 12:30:00-05:00,166.46499633789062,166.6999969482422,166.35000610351562,166.68499755859375,7749,0.0,0.0
2024-01-31 13:30:00-05:00,166.80999755859375,166.94000244140625,166.02000427246094,166.75999450683594,16653,0.0,0.0
2024-01-31 14:30:00-05:00,166.58999633789062,167.8000030517578,165.75,165.75,34767,0.0,0.0
2024-01-31 15:30:00-05:00,165.77000427246094,165.77000427246094,164.7949981689453,165.02999877929688,74615,0.0,0.0
2024-02-01 09:30:00-05:00,165.74000549316406,165.89999389648438,164.0500030517578,165.5050048828125,8478,0.0,0.0
2024-02-01 10:30:00-05:00,165.9510040283203,166.4600067138672,165.17999267578125,165.63999938964844,11589,0.0,0.0
2024-02-01 11:30:00-05:00,165.75,166.75,165.4600067138672,166.55999755859375,12693,0.0,0.0
2024-02-01 12:30:00-05:00,166.5850067138672,167.4600067138672,166.43499755859375,167.27499389648438,18741,0.0,0.0
2024-02-01 13:30:00-05:00,167.30999755859375,168.0850067138672,167.19000244140625,167.91000366210938,12061,0.0,0.0
2024-02-01 14:30:00-05:00,167.94500732421875,168.0,167.13999938964844,167.22999572753906,17163,0.0,0.0
2024-02-01 15:30:00-05:00,167.13999938964844,167.5800018310547,166.8800048828125,167.5500030517578,36542,0.0,0.0
2024-02-02 09:30:00-05:00,166.16000366210938,167.125,166.02999877929688,166.3300018310547,11742,0.0,0.0
2024-02-02 10:30:00-05:00,166.42999267578125,167.1750030517578,166.2899932861328,167.1750030517578,4666,0.0,0.0
2024-02-02 11:30:00-05:00,167.1750030517578,167.4199981689453,166.86000061035156,167.01499938964844,6369,0.0,0.0
2024-02-02 12:30:00-05:00,166.94500732421875,167.3000030517578,166.61000061035156,167.27999877929688,6206,0.0,0.0
2024-02-02 13:30:00-05:00,167.13999938964844,167.9499969482422,167.13999938964844,167.89999389648438,5875,0.0,0.0
2024-02-02 14:30:00-05:00,167.92999267578125,168.35000610351562,167.8300018310547,168.35000610351562,10885,0.0,0.0
2024-02-02 15:30:00-05:00,168.49000549316406,168.77999877929688,168.00999450683594,168.5,27267,0.0,0.0
2024-02-05 09:30:00-05:00,168.0,168.0,166.09500122070312,167.0,9432,0.0,0.0
2024-02-05 10:30:00-05:00,166.7899932861328,167.22999572753906,166.44000244140625,166.72999572753906,6869,0.0,0.0
2024-02-05 11:30:00-05:00,166.86500549316406,167.11000061035156,166.61000061035156,167.11000061035156,7638,0.0,0.0
2024-02-05 12:30:00-05:00,167.02999877929688,167.24000549316406,166.9499969482422,167.00999450683594,9409,0.0,0.0
2024-02-05 13:30:00-05:00,167.0850067138672,167.39999389648438,166.97999572753906,167.39999389648438,5491,0.0,0.0
2024-02-05 14:30:00-05:00,167.27999877929688,167.88499450683594,167.19000244140625,167.49749755859375,16332,0.0,0.0
2024-02-05 15:30:00-05:00,167.5500030517578,167.5500030517578,166.85000610351562,166.85000610351562,25098,0.0,0.0
2024-02-06 09:30:00-05:00,167.22000122070312,168.91000366210938,167.1750030517578,168.63999938964844,8568,0.0,0.0
2024-02-06 10:30:00-05:00,168.92999267578125,169.77999877929688,168.8300018310547,169.47000122070312,23862,0.0,0.0
2024-02-06 11:30:00-05:00,169.5500030517578,169.97000122070312,168.88999938964844,169.97000122070312,72218,0.0,0.0
2024-02-06 12:30:00-05:00,169.89999389648438,170.97000122070312,169.89999389648438,170.66000366210938,17868,0.0,0.0
2024-02-06 13:30:00-05:00,170.44000244140625,171.10000610351562,169.9600067138672,169.9600067138672,19381,0.0,0.0
2024-02-06 14:30:00-05:00,169.86000061035156,170.02000427246094,169.16000366210938,169.39999389648438,18943,0.0,0.0
2024-02-06 15:30:00-05:00,169.38099670410156,169.72000122070312,168.83999633789062,169.6300048828125,45589,0.0,0.0
2024-02-07 09:30:00-05:00,170.33999633789062,172.0500030517578,169.64999389648438,171.27000427246094,17641,0.0,0.0
2024-02-07 10:30:00-05:00,171.6199951171875,171.6300048828125,171.08999633789062,171.11500549316406,6983,0.0,0.0
2024-02-07 11:30:00-05:00,170.66000366210938,170.66000366210938,170.1999969482422,170.21499633789062,7424,0.0,0.0
2024-02-07 12:30:00-05:00,170.32000732421875,170.88999938964844,170.2949981689453,170.75999450683594,12702,0.0,0.0
2024-02-07 13:30:00-05:00,170.86000061035156,171.24000549316406,170.86000061035156,171.05499267578125,7859,0.0,0.0
2024-02-07 14:30:00-05:00,171.22000122070312,171.42999267578125,170.77999877929688,170.8800048828125,17682,0.0,0.0
2024-02-07 15:30:00-05:00,170.97999572753906,171.16000366210938,170.50999450683594,171.10000610351562,27666,0.0,0.0
2024-02-08 09:30:00-05:00,171.5800018310547,172.13999938964844,171.4949951171875,171.67999267578125,6888,0.0,0.0
2024-02-08 10:30:00-05:00,171.86000061035156,171.8699951171875,171.1699981689453,171.31500244140625,12245,0.0,0.0
2024-02-08 11:30:00-05:00,171.1199951171875,172.3800048828125,171.1199951171875,172.3699951171875,15871,0.0,0.0
2024-02-08 12:30:00-05:00,172.36500549316406,172.76499938964844,172.2449951171875,172.2449951171875,7774,0.0,0.0
2024-02-08 13:30:00-05:00,172.17999267578125,172.55999755859375,171.97999572753906,172.4600067138672,14505,0.0,0.0
2024-02-08 14:30:00-05:00,172.62249755859375,173.22999572753906,172.5399932861328,173.22999572753906,14258,0.0,0.0
2024-02-08 15:30:00-05:00,173.2550048828125,174.03500366210938,173.1699981689453,173.9600067138672,43009,0.0,0.0
2024-02-09 09:30:00-05:00,174.35000610351562,177.6300048828125,173.6699981689453,176.7550048828125,37047,0.0,0.0
2024-02-09 10:30:00-05:00,176.3350067138672,177.2050018310547,175.99000549316406,176.60000610351562,15213,0.0,0.0
2024-02-09 11:30:00-05:00,176.9600067138672,176.9600067138672,175.1699981689453,175.60000610351562,25289,0.0,0.0
2024-02-09 12:30:00-05:00,175.57000732421875,177.39999389648438,175.57000732421875,177.39999389648438,10813,0.0,0.0
2024-02-09 13:30:00-05:00,177.1649932861328,177.72000122070312,176.9199981689453,177.69000244140625,12427,0.0,0.0
2024-02-09 14:30:00-05:00,177.6103057861328,177.92999267578125,177.39999389648438,177.77000427246094,14308,0.0,0.0
2024-02-09 15:30:00-05:00,177.85000610351562,178.1300048828125,177.47999572753906,178.1300048828125,35702,0.0,0.0
2024-02-12 09:30:00-05:00,178.3699951171875,178.46600341796875,176.97999572753906,177.5,29524,0.0,0.0
2024-02-12 10:30:00-05:00,177.8699951171875,177.8800048828125,177.0,177.22999572753906,4639,0.0,0.0
2024-02-12 11:30:00-05:00,177.22000122070312,177.35000610351562,176.875,177.1199951171875,10025,0.0,0.0
2024-02-12 12:30:00-05:00,177.02000427246094,178.53489685058594,176.8800048828125,178.22500610351562,19594,0.0,0.0
2024-02-12 13:30:00-05:00,178.27499389648438,178.50999450683594,178.00999450683594,178.00999450683594,12366,0.0,0.0
2024-02-12 14:30:00-05:00,177.7550048828125,177.97999572753906,177.4499969482422,177.7449951171875,12967,0.0,0.0
2024-02-12 15:30:00-05:00,177.8699951171875,178.0399932861328,176.72999572753906,177.47999572753906,51742,0.0,0.0
2024-02-13 09:30:00-05:00,174.7899932861328,175.0749969482422,173.80999755859375,174.6999969482422,28391,0.0,0.0
2024-02-13 10:30:00-05:00,174.57000732421875,177.38999938964844,174.57000732421875,176.97500610351562,24471,0.0,0.0
2024-02-13 11:30:00-05:00,177.16000366210938,177.5500030517578,177.0800018310547,177.0800018310547,13792,0.0,0.0
2024-02-13 12:30:00-05:00,177.08999633789062,177.08999633789062,176.05999755859375,176.05999755859375,9074,0.0,0.0
2024-02-13 13:30:00-05:00,175.94500732421875,175.94500732421875,174.64500427246094,174.91000366210938,11536,0.0,0.0
2024-02-13 14:30:00-05:00,174.97000122070312,175.14999389648438,173.75,174.0399932861328,21258,0.0,0.0
2024-02-13 15:30:00-05:00,174.11000061035156,175.07000732421875,174.10000610351562,174.9499969482422,37217,0.0,0.0
2024-02-14 09:30:00-05:00,175.32000732421875,176.3000030517578,174.63499450683594,174.86000061035156,9530,0.0,0.0
2024-02-14 10:30:00-05:00,174.74000549316406,175.53500366210938,174.44500732421875,175.4250030517578,17126,0.0,0.0
2024-02-14 11:30:00-05:00,175.5050048828125,175.83999633789062,175.3300018310547,175.66000366210938,16701,0.0,0.0
2024-02-14 12:30:00-05:00,175.66000366210938,176.0399932861328,175.5,175.5,21698,0.0,0.0
2024-02-14 13:30:00-05:00,175.61000061035156,176.25999450683594,175.0,175.66000366210938,37784,0.0,0.0
2024-02-14 14:30:00-05:00,175.60000610351562,175.7100067138672,175.10000610351562,175.2050018310547,30371,0.0,0.0
2024-02-14 15:30:00-05:00,175.15499877929688,176.60000610351562,174.93499755859375,176.52000427246094,74851,0.0,0.0
2024-02-15 09:30:00-05:00,179.0,184.88999938964844,177.61000061035156,177.80999755859375,65621,0.0,0.0
2024-02-15 10:30:00-05:00,177.63999938964844,179.73500061035156,175.0500030517578,178.1699981689453,51015,0.0,0.0
2024-02-15 11:30:00-05:00,178.03500366210938,178.6300048828125,175.6208038330078,175.6208038330078,22242,0.0,0.0
2024-02-15 12:30:00-05:00,175.19000244140625,176.6300048828125,174.57000732421875,176.2949981689453,31456,0.0,0.0
2024-02-15 13:30:00-05:00,176.55999755859375,179.2100067138672,176.55999755859375,177.02499389648438,27506,0.0,0.0
2024-02-15 14:30:00-05:00,177.27499389648438,178.1649932861328,176.85499572753906,177.1199951171875,26906,0.0,0.0
2024-02-15 15:30:00-05:00,177.0500030517578,178.08999633789062,176.59500122070312,178.02999877929688,69058,0.0,0.0
2024-02-16 09:30:00-05:00,178.22000122070312,179.66000366210938,176.6699981689453,177.97000122070312,16561,0.0,0.0
2024-02-16 10:30:00-05:00,178.33700561523438,179.60499572753906,177.97000122070312,179.40499877929688,15767,0.0,0.0
2024-02-16 11:30:00-05:00,179.74000549316406,179.74000549316406,179.08999633789062,179.47999572753906,13513,0.0,0.0
2024-02-16 12:30:00-05:00,179.42999267578125,180.56500244140625,179.27000427246094,180.4199981689453,14206,0.0,0.0
2024-02-16 13:30:00-05:00,180.36500549316406,180.38999938964844,179.75999450683594,180.10000610351562,24023,0.0,0.0
2024-02-16 14:30:00-05:00,180.02999877929688,180.07000732421875,178.7949981689453,179.36000061035156,17615,0.0,0.0
2024-02-16 15:30:00-05:00,179.23500061035156,179.38999938964844,178.05999755859375,178.4499969482422,43835,0.0,0.0
2024-02-20 09:30:00-05:00,177.4600067138672,178.2899932861328,177.4600067138672,178.15499877929688,8436,0.0,0.0
2024-02-20 10:30:00-05:00,178.1999969482422,178.84500122070312,178.14999389648438,178.5449981689453,18141,0.0,0.0
2024-02-20 11:30:00-05:00,178.5399932861328,178.5399932861328,177.6750030517578,178.0449981689453,8798,0.0,0.0
2024-02-20 12:30:00-05:00,177.8249969482422,178.08999633789062,177.1300048828125,177.4149932861328,13434,0.0,0.0
2024-02-20 13:30:00-05:00,177.5399932861328,177.75999450683594,177.02000427246094,177.2100067138672,11212,0.0,0.0
2024-02-20 14:30:00-05:00,176.90499877929688,177.33999633789062,176.69500732421875,177.32000732421875,19772,0.0,0.0
2024-02-20 15:30:00-05:00,177.3699951171875,177.72999572753906,177.2303924560547,177.2899932861328,41675,0.0,0.0
2024-02-21 09:30:00-05:00,177.47000122070312,177.47000122070312,176.60000610351562,176.68499755859375,5074,0.0,0.0
2024-02-21 10:30:00-05:00,176.85000610351562,176.9499969482422,176.44000244140625,176.5800018310547,11398,0.0,0.0
2024-02-21 11:30:00-05:00,176.44000244140625,176.44000244140625,175.6199951171875,175.9949951171875,8714,0.0,0.0
2024-02-21 12:30:00-05:00,175.9949951171875,176.05999755859375,175.39999389648438,175.4499969482422,13012,0.0,0.0
2024-02-21 13:30:00-05:00,175.4550018310547,175.52000427246094,174.4250030517578,174.7050018310547,18755,0.0,0.0
2024-02-21 14:30:00-05:00,174.7050018310547,175.4199981689453,174.19000244140625,175.4199981689453,16584,0.0,0.0
2024-02-21 15:30:00-05:00,175.50999450683594,175.86500549316406,175.0800018310547,175.4499969482422,39575,0.0,0.0
2024-02-22 09:30:00-05:00,177.02000427246094,178.33999633789062,176.88499450683594,178.22000122070312,13409,0.0,0.0
2024-02-22 10:30:00-05:00,178.10000610351562,178.92999267578125,178.10000610351562,178.30999755859375,9892,0.0,0.0
2024-02-22 11:30:00-05:00,178.47500610351562,179.05999755859375,177.98500061035156,178.36000061035156,19319,0.0,0.0
2024-02-22 12:30:00-05:00,178.39500427246094,178.79310607910156,178.10000610351562,178.34500122070312,10833,0.0,0.0
2024-02-22 13:30:00-05:00,178.5050048828125,179.26499938964844,178.30999755859375,179.26499938964844,13022,0.0,0.0
2024-02-22 14:30:00-05:00,179.25999450683594,179.88999938964844,178.8800048828125,179.72000122070312,15056,0.0,0.0
2024-02-22 15:30:00-05:00,179.6699981689453,179.9199981689453,179.52000427246094,179.72999572753906,35582,0.0,0.0
2024-02-23 09:30:00-05:00,180.00999450683594,180.52499389648438,177.1699981689453,177.39500427246094,17971,0.0,0.0
2024-02-23 10:30:00-05:00,177.4600067138672,177.74000549316406,177.05999755859375,177.52999877929688,15399,0.0,0.0
2024-02-23 11:30:00-05:00,177.77000427246094,179.38999938964844,177.52999877929688,179.38999938964844,17618,0.0,0.0
2024-02-23 12:30:00-05:00,179.26499938964844,180.0,179.26499938964844,179.89999389648438,13366,0.0,0.0
2024-02-23 13:30:00-05:00,180.0,180.0500030517578,179.57000732421875,179.8300018310547,15228,0.0,0.0
2024-02-23 14:30:00-05:00,179.73500061035156,180.07000732421875,179.5,179.94500732421875,16926,0.0,0.0
2024-02-23 15:30:00-05:00,179.94000244140625,180.75,179.75999450683594,180.0,44517,0.0,0.0
2024-02-26 09:30:00-05:00,180.13999938964844,181.2100067138672,179.94000244140625,180.89999389648438,8117,0.0,0.0
2024-02-26 10:30:00-05:00,181.2449951171875,181.39999389648438,180.89999389648438,181.33999633789062,14185,0.0,0.0
2024-02-26 11:30:00-05:00,181.64500427246094,182.17999267578125,181.63999938964844,182.17999267578125,5840,0.0,0.0
2024-02-26 12:30:00-05:00,181.97999572753906,182.2899932861328,181.66000366210938,181.66000366210938,11805,0.0,0.0
2024-02-26 13:30:00-05:00,181.60000610351562,181.86000061035156,181.13999938964844,181.86000061035156,13446,0.0,0.0
2024-02-26 14:30:00-05:00,181.91000366210938,182.51499938964844,181.60499572753906,182.51499938964844,17088,0.0,0.0
2024-02-26 15:30:00-05:00,182.4149932861328,182.92999267578125,182.14999389648438,182.6300048828125,36168,0.0,0.0
2024-02-27 09:30:00-05:00,182.6300048828125,183.4199981689453,181.85000610351562,182.08999633789062,7576,0.0,0.0
2024-02-27 10:30:00-05:00,182.2899932861328,182.47000122070312,182.08999633789062,182.19000244140625,6353,0.0,0.0
2024-02-27 11:30:00-05:00,182.19000244140625,182.42999267578125,181.89999389648438,182.42999267578125,7314,0.0,0.0
2024-02-27 12:30:00-05:00,182.6300048828125,182.7449951171875,181.8000030517578,181.88999938964844,9076,0.0,0.0
2024-02-27 13:30:00-05:00,181.9199981689453,182.25,181.77000427246094,182.0500030517578,7726,0.0,0.0
2024-02-27 14:30:00-05:00,182.07000732421875,182.36000061035156,181.8000030517578,182.22000122070312,7790,0.0,0.0
2024-02-27 15:30:00-05:00,182.24000549316406,182.4499969482422,181.88999938964844,182.00999450683594,22709,0.0,0.0
2024-02-28 09:30:00-05:00,180.75,182.1199951171875,179.9199981689453,181.80999755859375,18337,0.0,0.0
2024-02-28 10:30:00-05:00,181.7449951171875,182.9250030517578,181.7449951171875,182.83999633789062,9460,0.0,0.0
2024-02-28 11:30:00-05:00,183.07000732421875,183.09500122070312,182.6699981689453,182.7100067138672,6498,0.0,0.0
2024-02-28 12:30:00-05:00,182.71499633789062,182.97500610351562,182.5,182.97500610351562,10024,0.0,0.0
2024-02-28 13:30:00-05:00,182.97500610351562,182.97500610351562,182.4499969482422,182.92999267578125,8604,0.0,0.0
2024-02-28 14:30:00-05:00,183.2949981689453,183.6999969482422,183.11000061035156,183.18499755859375,10792,0.0,0.0
2024-02-28 15:30:00-05:00,183.1999969482422,183.30999755859375,182.8000030517578,182.92999267578125,24451,0.0,0.0
2024-02-29 09:30:00-05:00,183.57000732421875,185.26499938964844,183.57000732421875,184.64999389648438,16846,0.0,0.0
2024-02-29 10:30:00-05:00,184.89999389648438,185.36000061035156,184.5399932861328,184.6199951171875,11516,0.0,0.0
2024-02-29 11:30:00-05:00,184.31500244140625,184.5500030517578,183.9199981689453,184.33999633789062,7415,0.0,0.0
2024-02-29 12:30:00-05:00,184.33999633789062,184.72000122070312,183.83999633789062,183.83999633789062,17887,0.0,0.0
2024-02-29 13:30:00-05:00,183.92999267578125,184.72999572753906,183.45489501953125,184.08999633789062,15361,0.0,0.0
2024-02-29 14:30:00-05:00,184.22000122070312,184.41000366210938,183.68499755859375,183.72999572753906,21329,0.0,0.0
2024-02-29 15:30:00-05:00,183.7100067138672,184.80999755859375,183.5399932861328,184.1300048828125,36458,0.0,0.0
2024-03-01 09:30:00-05:00,184.27999877929688,185.75,184.16000366210938,184.6699981689453,21839,0.0,0.0
2024-03-01 10:30:00-05:00,184.39999389648438,184.77000427246094,183.41000366210938,184.0449981689453,16206,0.0,0.0
2024-03-01 11:30:00-05:00,183.65499877929688,183.6824951171875,183.27000427246094,183.47999572753906,9230,0.0,0.0
2024-03-01 12:30:00-05:00,183.4600067138672,183.61000061035156,182.99000549316406,183.18499755859375,8648,0.0,0.0
2024-03-01 13:30:00-05:00,182.83999633789062,183.32000732421875,182.57049560546875,183.16000366210938,19621,0.0,0.0
2024-03-01 14:30:00-05:00,182.94000244140625,182.9949951171875,182.17999267578125,182.53500366210938,20120,0.0,0.0
2024-03-01 15:30:00-05:00,182.52000427246094,183.30999755859375,182.49000549316406,183.17999267578125,20472,0.0,0.0
2024-03-04 09:30:00-05:00,184.08999633789062,186.50999450683594,184.08999633789062,184.86000061035156,4312,0.0,0.0
2024-03-04 10:30:00-05:00,184.9199981689453,186.00999450683594,184.77999877929688,185.9600067138672,8057,0.0,0.0
2024-03-04 11:30:00-05:00,186.22500610351562,186.49000549316406,185.64999389648438,186.4250030517578,7480,0.0,0.0
2024-03-04 12:30:00-05:00,186.6300048828125,187.0,186.51499938964844,186.84500122070312,7996,0.0,0.0
2024-03-04 13:30:00-05:00,186.77999877929688,187.10000610351562,186.5229949951172,186.72000122070312,7983,0.0,0.0
2024-03-04 14:30:00-05:00,186.63999938964844,187.5800018310547,186.43499755859375,187.3114013671875,30049,0.0,0.0
2024-03-04 15:30:00-05:00,187.2899932861328,187.2899932861328,186.375,186.3800048828125,21780,0.0,0.0
2024-03-05 09:30:00-05:00,184.92999267578125,185.83999633789062,184.25999450683594,185.42999267578125,5839,0.0,0.0
2024-03-05 10:30:00-05:00,185.33299255371094,186.74000549316406,185.33299255371094,186.2449951171875,5085,0.0,0.0
2024-03-05 11:30:00-05:00,186.52999877929688,186.8800048828125,186.52000427246094,186.8000030517578,9381,0.0,0.0
2024-03-05 12:30:00-05:00,186.5449981689453,186.5449981689453,185.5050048828125,185.6999969482422,10045,0.0,0.0
2024-03-05 13:30:00-05:00,185.6999969482422,185.96499633789062,185.1750030517578,185.75,9671,0.0,0.0
2024-03-05 14:30:00-05:00,185.75999450683594,185.84500122070312,183.89999389648438,183.89999389648438,12532,0.0,0.0
2024-03-05 15:30:00-05:00,183.8300018310547,184.3300018310547,183.8300018310547,183.97000122070312,25725,0.0,0.0
2024-03-06 09:30:00-05:00,184.24000549316406,187.3300018310547,184.24000549316406,186.61000061035156,7419,0.0,0.0
2024-03-06 10:30:00-05:00,186.4949951171875,186.6199951171875,186.27000427246094,186.6199951171875,3913,0.0,0.0
2024-03-06 11:30:00-05:00,186.22999572753906,186.97999572753906,186.17999267578125,186.75070190429688,4598,0.0,0.0
2024-03-06 12:30:00-05:00,186.89999389648438,187.02999877929688,186.41000366210938,186.43499755859375,6394,0.0,0.0
2024-03-06 13:30:00-05:00,186.4499969482422,186.80999755859375,186.1300048828125,186.75999450683594,7610,0.0,0.0
2024-03-06 14:30:00-05:00,186.6699981689453,187.14500427246094,185.81500244140625,186.1999969482422,14174,0.0,0.0
2024-03-06 15:30:00-05:00,186.5590057373047,186.7100067138672,186.00999450683594,186.0800018310547,27499,0.0,0.0
2024-03-07 09:30:00-05:00,186.9600067138672,187.3300018310547,186.1999969482422,186.66000366210938,7207,0.0,0.0
2024-03-07 10:30:00-05:00,186.6699981689453,187.0500030517578,185.85000610351562,185.8699951171875,7863,0.0,0.0
2024-03-07 11:30:00-05:00,185.63999938964844,185.69000244140625,185.22999572753906,185.5800018310547,4136,0.0,0.0
2024-03-07 12:30:00-05:00,185.65499877929688,185.65499877929688,185.26499938964844,185.5,4254,0.0,0.0
2024-03-07 13:30:00-05:00,185.42999267578125,186.08999633789062,184.89500427246094,185.8000030517578,10955,0.0,0.0
2024-03-07 14:30:00-05:00,185.74000549316406,185.77999877929688,185.07000732421875,185.5,10782,0.0,0.0
2024-03-07 15:30:00-05:00,185.4600067138672,186.0399932861328,185.1300048828125,186.02000427246094,21905,0.0,0.0
2024-03-08 09:30:00-05:00,186.99000549316406,187.9499969482422,186.0,187.55999755859375,5755,0.0,0.0
2024-03-08 10:30:00-05:00,187.16000366210938,188.26499938964844,187.0,187.5500030517578,6223,0.0,0.0
2024-03-08 11:30:00-05:00,187.17999267578125,187.25,186.1999969482422,186.1999969482422,6093,0.0,0.0
2024-03-08 12:30:00-05:00,186.39999389648438,186.4199981689453,185.27000427246094,185.59500122070312,12452,0.0,0.0
2024-03-08 13:30:00-05:00,185.68499755859375,185.68499755859375,185.13999938964844,185.44000244140625,2652,0.0,0.0
2024-03-08 14:30:00-05:00,185.75,186.08680725097656,185.66000366210938,185.66000366210938,6898,0.0,0.0
2024-03-08 15:30:00-05:00,185.88999938964844,186.38999938964844,185.77999877929688,186.08999633789062,20464,0.0,0.0
2024-03-11 09:30:00-04:00,185.82000732421875,185.88999938964844,184.3249969482422,184.3249969482422,4564,0.0,0.0
2024-03-11 10:30:00-04:00,184.38999938964844,184.89500427246094,184.02499389648438,184.39999389648438,7305,0.0,0.0
2024-03-11 11:30:00-04:00,184.42999267578125,185.22999572753906,184.3699951171875,185.22999572753906,10914,0.0,0.0
2024-03-11 12:30:00-04:00,185.14920043945312,185.41000366210938,184.38999938964844,184.5,6911,0.0,0.0
2024-03-11 13:30:00-04:00,185.25999450683594,185.25999450683594,184.57000732421875,184.6199951171875,18367,0.0,0.0
2024-03-11 14:30:00-04:00,184.86480712890625,185.42999267578125,184.84500122070312,185.24000549316406,12776,0.0,0.0
2024-03-11 15:30:00-04:00,185.14599609375,185.35000610351562,185.07000732421875,185.08999633789062,14625,0.0,0.0
2024-03-12 09:30:00-04:00,184.5399932861328,185.14999389648438,184.5399932861328,184.625,3338,0.0,0.0
2024-03-12 10:30:00-04:00,184.9550018310547,185.10000610351562,184.34500122070312,184.5850067138672,5034,0.0,0.0
2024-03-12 11:30:00-04:00,184.58999633789062,186.13499450683594,184.58999633789062,186.13499450683594,14014,0.0,0.0
2024-03-12 12:30:00-04:00,186.14500427246094,186.82000732421875,184.99000549316406,185.6649932861328,13678,0.0,0.0
2024-03-12 13:30:00-04:00,185.93499755859375,186.89999389648438,185.86500549316406,186.89999389648438,13311,0.0,0.0
2024-03-12 14:30:00-04:00,186.75,187.27000427246094,186.27499389648438,186.85000610351562,15439,0.0,0.0
2024-03-12 15:30:00-04:00,186.85000610351562,187.25,186.468994140625,186.9199981689453,25229,0.0,0.0
2024-03-13 09:30:00-04:00,187.35000610351562,187.35000610351562,185.89999389648438,186.35499572753906,9267,0.0,0.0
2024-03-13 10:30:00-04:00,186.36500549316406,186.68499755859375,185.99000549316406,186.4499969482422,6338,0.0,0.0
2024-03-13 11:30:00-04:00,186.4196014404297,186.7449951171875,185.92999267578125,186.7449951171875,8972,0.0,0.0
2024-03-13 12:30:00-04:00,186.47000122070312,187.0,186.47000122070312,186.72000122070312,3949,0.0,0.0
2024-03-13 13:30:00-04:00,186.9199981689453,187.7899932861328,186.9199981689453,187.33999633789062,8932,0.0,0.0
2024-03-13 14:30:00-04:00,187.27000427246094,187.3000030517578,186.36000061035156,186.36000061035156,8757,0.0,0.0
2024-03-13 15:30:00-04:00,186.63999938964844,187.17999267578125,186.5800018310547,186.80999755859375,19407,0.0,0.0
2024-03-14 09:30:00-04:00,186.88999938964844,187.0,185.6999969482422,186.60000610351562,11358,0.0,0.0
2024-03-14 10:30:00-04:00,186.4550018310547,186.4550018310547,185.2449951171875,185.7949981689453,5037,0.0,0.0
2024-03-14 11:30:00-04:00,185.74000549316406,185.78500366210938,184.30999755859375,184.38999938964844,8261,0.0,0.0
2024-03-14 12:30:00-04:00,184.75999450683594,184.9550018310547,184.30999755859375,184.4149932861328,7020,0.0,0.0
2024-03-14 13:30:00-04:00,184.55999755859375,185.2550048828125,184.55999755859375,185.2550048828125,4410,0.0,0.0
2024-03-14 14:30:00-04:00,185.0050048828125,185.0050048828125,183.5449981689453,183.6699981689453,7857,0.0,0.0
2024-03-14 15:30:00-04:00,183.44000244140625,183.7899932861328,183.22000122070312,183.7899932861328,28536,0.0,0.0
2024-03-15 09:30:00-04:00,182.77000427246094,185.27000427246094,182.1199951171875,183.78500366210938,25358,0.0,0.0
2024-03-15 10:30:00-04:00,183.89500427246094,184.38800048828125,183.32000732421875,183.5449981689453,21267,0.0,0.0
2024-03-15 11:30:00-04:00,183.6300048828125,183.6300048828125,183.22999572753906,183.32000732421875,8114,0.0,0.0
2024-03-15 12:30:00-04:00,183.32000732421875,183.60000610351562,183.1199951171875,183.5399932861328,8646,0.0,0.0
2024-03-15 13:30:00-04:00,183.77999877929688,184.1699981689453,183.3000030517578,184.02499389648438,14983,0.0,0.0
2024-03-15 14:30:00-04:00,184.13999938964844,184.39999389648438,183.5500030517578,184.01499938964844,16264,0.0,0.0
2024-03-15 15:30:00-04:00,184.0449981689453,184.0449981689453,182.7209930419922,183.0800018310547,33593,0.0,0.0
2024-03-18 09:30:00-04:00,184.0,184.66000366210938,183.6009979248047,183.75999450683594,12783,0.0,0.0
2024-03-18 10:30:00-04:00,183.92999267578125,183.92999267578125,183.4199981689453,183.4199981689453,4390,0.0,0.0
2024-03-18 11:30:00-04:00,183.2949981689453,183.47000122070312,183.00999450683594,183.08999633789062,4778,0.0,0.0
2024-03-18 12:30:00-04:00,183.05999755859375,183.38999938964844,182.7899932861328,183.38999938964844,5569,0.0,0.0
2024-03-18 13:30:00-04:00,183.41000366210938,183.8249969482422,183.22000122070312,183.52000427246094,8461,0.0,0.0
2024-03-18 14:30:00-04:00,183.38999938964844,183.80999755859375,183.33999633789062,183.60000610351562,9913,0.0,0.0
2024-03-18 15:30:00-04:00,183.60499572753906,183.80499267578125,182.93499755859375,183.27999877929688,23486,0.0,0.0
2024-03-19 09:30:00-04:00,183.0,184.52999877929688,182.11000061035156,183.61500549316406,6449,0.0,0.0
2024-03-19 10:30:00-04:00,183.55999755859375,184.0850067138672,182.9199981689453,184.0850067138672,11020,0.0,0.0
2024-03-19 11:30:00-04:00,184.17999267578125,184.6199951171875,183.58999633789062,184.02499389648438,12799,0.0,0.0
2024-03-19 12:30:00-04:00,184.00999450683594,184.3000030517578,183.9600067138672,184.13499450683594,12394,0.0,0.0
2024-03-19 13:30:00-04:00,184.11000061035156,184.30999755859375,184.11000061035156,184.15499877929688,4180,0.0,0.0
2024-03-19 14:30:00-04:00,184.21499633789062,184.42999267578125,183.39999389648438,183.6999969482422,10717,0.0,0.0
2024-03-19 15:30:00-04:00,183.94000244140625,184.08999633789062,183.67999267578125,184.02000427246094,29874,0.0,0.0
2024-03-20 09:30:00-04:00,183.5500030517578,184.72000122070312,183.5500030517578,183.9600067138672,39639,0.0,0.0
2024-03-20 10:30:00-04:00,184.58999633789062,184.58999633789062,183.71499633789062,183.75,5684,0.0,0.0
2024-03-20 11:30:00-04:00,183.72999572753906,183.82000732421875,183.4499969482422,183.65499877929688,3020,0.0,0.0
2024-03-20 12:30:00-04:00,183.41000366210938,183.41000366210938,182.50999450683594,182.52499389648438,4518,0.0,0.0
2024-03-20 13:30:00-04:00,182.51499938964844,183.2100067138672,182.1053009033203,182.41000366210938,12282,0.0,0.0
2024-03-20 14:30:00-04:00,182.7100067138672,184.11000061035156,182.02999877929688,183.6649932861328,16664,0.0,0.0
2024-03-20 15:30:00-04:00,184.02499389648438,184.02499389648438,182.52999877929688,182.94000244140625,36427,0.0,0.0
2024-03-21 09:30:00-04:00,182.14999389648438,184.79620361328125,182.06500244140625,184.27499389648438,62603,0.0,0.0
2024-03-21 10:30:00-04:00,184.5,185.50999450683594,184.375,185.30999755859375,39672,0.0,0.0
2024-03-21 11:30:00-04:00,185.32000732421875,186.57000732421875,185.0,186.57000732421875,6855,0.0,0.0
2024-03-21 12:30:00-04:00,186.75999450683594,187.0,186.58999633789062,186.65499877929688,4852,0.0,0.0
2024-03-21 13:30:00-04:00,186.71499633789062,187.3000030517578,186.71499633789062,186.89999389648438,8660,0.0,0.0
2024-03-21 14:30:00-04:00,186.9499969482422,187.6699981689453,186.24000549316406,187.0800018310547,19801,0.0,0.0
2024-03-21 15:30:00-04:00,187.08999633789062,187.35000610351562,186.8916015625,187.2899932861328,27631,0.0,0.0
2024-03-22 09:30:00-04:00,187.7100067138672,187.7100067138672,186.25999450683594,186.55999755859375,6085,0.0,0.0
2024-03-22 10:30:00-04:00,186.68499755859375,187.10499572753906,186.52000427246094,187.10499572753906,10255,0.0,0.0
2024-03-22 11:30:00-04:00,186.85000610351562,187.02999877929688,186.6300048828125,187.02999877929688,6887,0.0,0.0
2024-03-22 12:30:00-04:00,187.31500244140625,187.6300048828125,187.25999450683594,187.25999450683594,4527,0.0,0.0
2024-03-22 13:30:00-04:00,187.26499938964844,187.64999389648438,187.26499938964844,187.64999389648438,7992,0.0,0.0
2024-03-22 14:30:00-04:00,187.64500427246094,187.82000732421875,187.34629821777344,187.44000244140625,10252,0.0,0.0
2024-03-22 15:30:00-04:00,187.4499969482422,187.49000549316406,187.14999389648438,187.36000061035156,33264,0.0,0.0
2024-03-25 09:30:00-04:00,187.19000244140625,188.4600067138672,186.89999389648438,188.25999450683594,6176,0.0,0.0
2024-03-25 10:30:00-04:00,187.89999389648438,188.4600067138672,187.89999389648438,188.2100067138672,3997,0.0,0.0
2024-03-25 11:30:00-04:00,187.97500610351562,188.80999755859375,187.88999938964844,188.64999389648438,4683,0.0,0.0
2024-03-25 12:30:00-04:00,188.82000732421875,189.47000122070312,188.47999572753906,189.39500427246094,6668,0.0,0.0
2024-03-25 13:30:00-04:00,189.5,190.2899932861328,189.49899291992188,190.2899932861328,10810,0.0,0.0
2024-03-25 14:30:00-04:00,190.16000366210938,190.16000366210938,189.11000061035156,189.15499877929688,18487,0.0,0.0
2024-03-25 15:30:00-04:00,188.97000122070312,189.14999389648438,188.6699981689453,189.14999389648438,27033,0.0,0.0
2024-03-26 09:30:00-04:00,189.9499969482422,189.9499969482422,188.97000122070312,189.60000610351562,4895,0.0,0.0
2024-03-26 10:30:00-04:00,190.05999755859375,191.60000610351562,190.0399932861328,191.47999572753906,9671,0.0,0.0
2024-03-26 11:30:00-04:00,191.42999267578125,192.13999938964844,191.41000366210938,191.41000366210938,12643,0.0,0.0
2024-03-26 12:30:00-04:00,191.58999633789062,192.1999969482422,191.1699981689453,192.0,12771,0.0,0.0
2024-03-26 13:30:00-04:00,191.9149932861328,193.13999938964844,191.84080505371094,193.13999938964844,15274,0.0,0.0
2024-03-26 14:30:00-04:00,193.02000427246094,193.32000732421875,192.41000366210938,192.97999572753906,33927,0.0,0.0
2024-03-26 15:30:00-04:00,193.05999755859375,193.9149932861328,192.89999389648438,193.89999389648438,45187,0.0,0.0
2024-03-27 09:30:00-04:00,194.27000427246094,194.55999755859375,192.57000732421875,192.57000732421875,8025,0.0,0.0
2024-03-27 10:30:00-04:00,193.36500549316406,193.8300018310547,193.25999450683594,193.8300018310547,8331,0.0,0.0
2024-03-27 11:30:00-04:00,193.77000427246094,193.84750366210938,192.4199981689453,192.4199981689453,9607,0.0,0.0
2024-03-27 12:30:00-04:00,192.77999877929688,192.77999877929688,192.3800048828125,192.3800048828125,6703,0.0,0.0
2024-03-27 13:30:00-04:00,192.77000427246094,193.11000061035156,192.58999633789062,192.74000549316406,5990,0.0,0.0
2024-03-27 14:30:00-04:00,192.9149932861328,193.73500061035156,192.8800048828125,193.49000549316406,16659,0.0,0.0
2024-03-27 15:30:00-04:00,193.4949951171875,193.7899932861328,192.6999969482422,193.1999969482422,43613,0.0,0.0
2024-03-28 09:30:00-04:00,192.9199981689453,193.53109741210938,192.32000732421875,193.1199951171875,7611,0.0,0.0
2024-03-28 10:30:00-04:00,193.25999450683594,195.0800018310547,193.25999450683594,194.23500061035156,6157,0.0,0.0
2024-03-28 11:30:00-04:00,194.22500610351562,195.19500732421875,194.22500610351562,194.77999877929688,3204,0.0,0.0
2024-03-28 12:30:00-04:00,195.02999877929688,195.47999572753906,194.8800048828125,195.09449768066406,6699,0.0,0.0
2024-03-28 13:30:00-04:00,194.83999633789062,194.85000610351562,194.19000244140625,194.19000244140625,10448,0.0,0.0
2024-03-28 14:30:00-04:00,194.25,194.25,193.7100067138672,194.25,6644,0.0,0.0
2024-03-28 15:30:00-04:00,194.53500366210938,194.5800018310547,193.44000244140625,193.47000122070312,19870,0.0,0.0
2024-04-01 09:30:00-04:00,193.52000427246094,194.0449981689453,192.0926971435547,192.0926971435547,2761,0.0,0.0
2024-04-01 10:30:00-04:00,191.73199462890625,192.35000610351562,191.73199462890625,191.85499572753906,3560,0.0,0.0
2024-04-01 11:30:00-04:00,192.3300018310547,192.33999633789062,189.42999267578125,190.0,22086,0.0,0.0
2024-04-01 12:30:00-04:00,190.0,190.0500030517578,189.27999877929688,189.3249969482422,15845,0.0,0.0
2024-04-01 13:30:00-04:00,189.5050048828125,189.55999755859375,189.27999877929688,189.27999877929688,8879,0.0,0.0
2024-04-01 14:30:00-04:00,189.22500610351562,189.6199951171875,188.6199951171875,189.47500610351562,18380,0.0,0.0
2024-04-01 15:30:00-04:00,189.47999572753906,190.9600067138672,189.4600067138672,190.92999267578125,43895,0.0,0.0
2024-04-02 09:30:00-04:00,190.25,190.25999450683594,188.4550018310547,188.7449951171875,9565,0.0,0.0
2024-04-02 10:30:00-04:00,188.75,189.50999450683594,187.77000427246094,189.50999450683594,12797,0.0,0.0
2024-04-02 11:30:00-04:00,189.14999389648438,190.2100067138672,189.14999389648438,190.1750030517578,6498,0.0,0.0
2024-04-02 12:30:00-04:00,190.4499969482422,190.4499969482422,189.7899932861328,189.97500610351562,8698,0.0,0.0
2024-04-02 13:30:00-04:00,190.0800018310547,190.89999389648438,189.7899932861328,190.88999938964844,15938,0.0,0.0
2024-04-02 14:30:00-04:00,190.89999389648438,190.9199981689453,189.85000610351562,190.80999755859375,13849,0.0,0.0
2024-04-02 15:30:00-04:00,190.75999450683594,191.05999755859375,190.47999572753906,190.75,35034,0.0,0.0
2024-04-03 09:30:00-04:00,189.91000366210938,191.77000427246094,189.91000366210938,191.4199981689453,5707,0.0,0.0
2024-04-03 10:30:00-04:00,191.52000427246094,192.02999877929688,191.31500244140625,191.6750030517578,10785,0.0,0.0
2024-04-03 11:30:00-04:00,191.67999267578125,192.19000244140625,191.55999755859375,192.05999755859375,9401,0.0,0.0
2024-04-03 12:30:00-04:00,191.83999633789062,192.1300048828125,191.75,191.97000122070312,7249,0.0,0.0
2024-04-03 13:30:00-04:00,191.6999969482422,192.08999633789062,191.6999969482422,191.8699951171875,7342,0.0,0.0
2024-04-03 14:30:00-04:00,191.75999450683594,192.61000061035156,191.75999450683594,192.2449951171875,13881,0.0,0.0
2024-04-03 15:30:00-04:00,192.25,192.77000427246094,191.83999633789062,191.86000061035156,31023,0.0,0.0
2024-04-04 09:30:00-04:00,192.61000061035156,193.4199981689453,192.47000122070312,192.8300018310547,17316,0.0,0.0
2024-04-04 10:30:00-04:00,193.07310485839844,193.49000549316406,192.8699951171875,193.32000732421875,6746,0.0,0.0
2024-04-04 11:30:00-04:00,193.5800018310547,194.91000366210938,193.5800018310547,194.625,7625,0.0,0.0
2024-04-04 12:30:00-04:00,194.5,194.5,193.17999267578125,193.17999267578125,4237,0.0,0.0
2024-04-04 13:30:00-04:00,193.00999450683594,193.00999450683594,192.74000549316406,192.75999450683594,6691,0.0,0.0
2024-04-04 14:30:00-04:00,191.50999450683594,191.5800018310547,190.5,190.85000610351562,9511,0.0,0.0
2024-04-04 15:30:00-04:00,190.6300048828125,191.36000061035156,190.1999969482422,190.72000122070312,30399,0.0,0.0
2024-04-05 09:30:00-04:00,191.5,192.19500732421875,191.5,191.83999633789062,6245,0.0,0.0
2024-04-05 10:30:00-04:00,191.85000610351562,194.30999755859375,191.85000610351562,193.8699951171875,27366,0.0,0.0
2024-04-05 11:30:00-04:00,194.3300018310547,195.83999633789062,194.3300018310547,195.83999633789062,11263,0.0,0.0
2024-04-05 12:30:00-04:00,195.72000122070312,196.02000427246094,194.63009643554688,195.41000366210938,12317,0.0,0.0
2024-04-05 13:30:00-04:00,195.52999877929688,195.52999877929688,194.34030151367188,194.49000549316406,22288,0.0,0.0
2024-04-05 14:30:00-04:00,194.47000122070312,194.67999267578125,193.86500549316406,194.67999267578125,26038,0.0,0.0
2024-04-05 15:30:00-04:00,194.7550048828125,195.23500061035156,194.67999267578125,194.80999755859375,45597,0.0,0.0
2024-04-08 09:30:00-04:00,195.27999877929688,195.27999877929688,193.91000366210938,195.0399932861328,14739,0.0,0.0
2024-04-08 10:30:00-04:00,195.25,195.3800048828125,194.07000732421875,195.23500061035156,6708,0.0,0.0
2024-04-08 11:30:00-04:00,195.05999755859375,195.18499755859375,194.38999938964844,194.94000244140625,7311,0.0,0.0
2024-04-08 12:30:00-04:00,194.74000549316406,195.19000244140625,194.31500244140625,194.74000549316406,14748,0.0,0.0
2024-04-08 13:30:00-04:00,194.75999450683594,195.13999938964844,194.2100067138672,194.2100067138672,6583,0.0,0.0
2024-04-08 14:30:00-04:00,194.31500244140625,195.0,194.15809631347656,194.39500427246094,8225,0.0,0.0
2024-04-08 15:30:00-04:00,194.1999969482422,194.2899932861328,193.66000366210938,193.77999877929688,24615,0.0,0.0
2024-04-09 09:30:00-04:00,194.41000366210938,194.9199981689453,192.66000366210938,193.64999389648438,12309,0.0,0.0
2024-04-09 10:30:00-04:00,193.5,193.7050018310547,191.5800018310547,192.48500061035156,10583,0.0,0.0
2024-04-09 11:30:00-04:00,192.22999572753906,192.58999633789062,191.80999755859375,192.58999633789062,11235,0.0,0.0
2024-04-09 12:30:00-04:00,192.64999389648438,193.18499755859375,192.64999389648438,192.91000366210938,8916,0.0,0.0
2024-04-09 13:30:00-04:00,192.86500549316406,193.3800048828125,192.8300018310547,193.06500244140625,9724,0.0,0.0
2024-04-09 14:30:00-04:00,192.86000061035156,193.00999450683594,192.02999877929688,192.88999938964844,11108,0.0,0.0
2024-04-09 15:30:00-04:00,192.99899291992188,193.63999938964844,192.61000061035156,193.6300048828125,26421,0.0,0.0
2024-04-10 09:30:00-04:00,190.83999633789062,192.5800018310547,190.3800048828125,191.1300048828125,4023,0.0,0.0
2024-04-10 10:30:00-04:00,191.50999450683594,192.10499572753906,191.5,192.10499572753906,3189,0.0,0.0
2024-04-10 11:30:00-04:00,192.10000610351562,192.44000244140625,191.49009704589844,191.60000610351562,6894,0.0,0.0
2024-04-10 12:30:00-04:00,191.32000732421875,191.97999572753906,190.89999389648438,191.4250030517578,9328,0.0,0.0
2024-04-10 13:30:00-04:00,191.17999267578125,191.39999389648438,191.17999267578125,191.36000061035156,3610,0.0,0.0
2024-04-10 14:30:00-04:00,191.3800048828125,192.1999969482422,190.84010314941406,191.91000366210938,6559,0.0,0.0
2024-04-10 15:30:00-04:00,192.00999450683594,192.25999450683594,191.67999267578125,192.22999572753906,16566,0.0,0.0
2024-04-11 09:30:00-04:00,192.32000732421875,192.32000732421875,190.75999450683594,191.01499938964844,3507,0.0,0.0
2024-04-11 10:30:00-04:00,191.3000030517578,191.72500610351562,191.0800018310547,191.0800018310547,4153,0.0,0.0
2024-04-11 11:30:00-04:00,191.42999267578125,191.71499633789062,191.16360473632812,191.17999267578125,6083,0.0,0.0
2024-04-11 12:30:00-04:00,191.0850067138672,192.66000366210938,191.05499267578125,192.3800048828125,14665,0.0,0.0
2024-04-11 13:30:00-04:00,192.3800048828125,193.3000030517578,192.1199951171875,193.02999877929688,8129,0.0,0.0
2024-04-11 14:30:00-04:00,193.14999389648438,193.2449951171875,192.55999755859375,192.55999755859375,9189,0.0,0.0
2024-04-11 15:30:00-04:00,192.49000549316406,193.50999450683594,192.3699951171875,193.3699951171875,21279,0.0,0.0
2024-04-12 09:30:00-04:00,192.50999450683594,192.50999450683594,191.11000061035156,191.11000061035156,3073,0.0,0.0
2024-04-12 10:30:00-04:00,191.42999267578125,191.42999267578125,190.51499938964844,190.5800018310547,6224,0.0,0.0
2024-04-12 11:30:00-04:00,191.02000427246094,191.3300018310547,190.0800018310547,191.19000244140625,14573,0.0,0.0
2024-04-12 12:30:00-04:00,190.8800048828125,190.9600067138672,190.2100067138672,190.5050048828125,6995,0.0,0.0
2024-04-12 13:30:00-04:00,190.60499572753906,190.72000122070312,189.86000061035156,189.86000061035156,7167,0.0,0.0
2024-04-12 14:30:00-04:00,190.14999389648438,190.65499877929688,189.92999267578125,190.64999389648438,9612,0.0,0.0
2024-04-12 15:30:00-04:00,190.72999572753906,191.02999877929688,190.24000549316406,190.30999755859375,31942,0.0,0.0
2024-04-15 09:30:00-04:00,190.69000244140625,192.0500030517578,190.69000244140625,190.8800048828125,4841,0.0,0.0
2024-04-15 10:30:00-04:00,190.72000122070312,191.47999572753906,190.58999633789062,191.47999572753906,8216,0.0,0.0
2024-04-15 11:30:00-04:00,191.375,191.375,189.88499450683594,190.03500366210938,12566,0.0,0.0
2024-04-15 12:30:00-04:00,189.8300018310547,189.8300018310547,188.0220947265625,188.1199951171875,8906,0.0,0.0
2024-04-15 13:30:00-04:00,188.22000122070312,188.22000122070312,187.41000366210938,187.85000610351562,6541,0.0,0.0
2024-04-15 14:30:00-04:00,187.66000366210938,188.27999877929688,187.20140075683594,187.25999450683594,16263,0.0,0.0
2024-04-15 15:30:00-04:00,187.5399932861328,188.02000427246094,187.5399932861328,187.75999450683594,17482,0.0,0.0
2024-04-16 09:30:00-04:00,187.42999267578125,187.7899932861328,186.35000610351562,187.2899932861328,7576,0.0,0.0
2024-04-16 10:30:00-04:00,186.4499969482422,187.19000244140625,186.4499969482422,187.19000244140625,3417,0.0,0.0
2024-04-16 11:30:00-04:00,187.29049682617188,187.5500030517578,187.16000366210938,187.39999389648438,2562,0.0,0.0
2024-04-16 12:30:00-04:00,187.30999755859375,187.50999450683594,187.11000061035156,187.3699951171875,3795,0.0,0.0
2024-04-16 13:30:00-04:00,187.16000366210938,187.49000549316406,187.00999450683594,187.00999450683594,7084,0.0,0.0
2024-04-16 14:30:00-04:00,187.02000427246094,187.8300018310547,186.83999633789062,187.8300018310547,5229,0.0,0.0
2024-04-16 15:30:00-04:00,187.77999877929688,187.99000549316406,186.9199981689453,187.0,24863,0.0,0.0
2024-04-17 09:30:00-04:00,188.25,189.19000244140625,187.3699951171875,187.75999450683594,4605,0.0,0.0
2024-04-17 10:30:00-04:00,188.03599548339844,188.1300048828125,187.64999389648438,187.6999969482422,5246,0.0,0.0
2024-04-17 11:30:00-04:00,187.35000610351562,187.47000122070312,187.0,187.0,9018,0.0,0.0
2024-04-17 12:30:00-04:00,186.92999267578125,187.17999267578125,186.4600067138672,187.17999267578125,6750,0.0,0.0
2024-04-17 13:30:00-04:00,187.17999267578125,187.17999267578125,186.54010009765625,186.83999633789062,13644,0.0,0.0
2024-04-17 14:30:00-04:00,186.75,187.36500549316406,186.72000122070312,186.8531036376953,9119,0.0,0.0
2024-04-17 15:30:00-04:00,186.98500061035156,187.49000549316406,185.8800048828125,185.89999389648438,36105,0.0,0.0
2024-04-18 09:30:00-04:00,186.58999633789062,186.7449951171875,185.77999877929688,186.7449951171875,7363,0.0,0.0
2024-04-18 10:30:00-04:00,186.82699584960938,187.55999755859375,186.39500427246094,187.4550018310547,7428,0.0,0.0
2024-04-18 11:30:00-04:00,187.4949951171875,187.75999450683594,187.4949951171875,187.61000061035156,4985,0.0,0.0
2024-04-18 12:30:00-04:00,187.3800048828125,187.46499633789062,185.60000610351562,185.7550048828125,5943,0.0,0.0
2024-04-18 13:30:00-04:00,185.78500366210938,186.30999755859375,185.50999450683594,186.05999755859375,6315,0.0,0.0
2024-04-18 14:30:00-04:00,185.42999267578125,185.8699951171875,185.38999938964844,185.8699951171875,6474,0.0,0.0
2024-04-18 15:30:00-04:00,185.9199981689453,186.1699981689453,185.52999877929688,185.7100067138672,23285,0.0,0.0
2024-04-19 09:30:00-04:00,186.5,187.32000732421875,185.74000549316406,185.74000549316406,4290,0.0,0.0
2024-04-19 10:30:00-04:00,185.72999572753906,185.7949981689453,185.10000610351562,185.10000610351562,5975,0.0,0.0
2024-04-19 11:30:00-04:00,185.22999572753906,186.17999267578125,185.22999572753906,185.90499877929688,10714,0.0,0.0
2024-04-19 12:30:00-04:00,185.91000366210938,186.25,184.66000366210938,185.41000366210938,12767,0.0,0.0
2024-04-19 13:30:00-04:00,185.21600341796875,185.52000427246094,184.85499572753906,185.33999633789062,3903,0.0,0.0
2024-04-19 14:30:00-04:00,184.4600067138672,184.74000549316406,183.9149932861328,184.74000549316406,6030,0.0,0.0
2024-04-19 15:30:00-04:00,184.7899932861328,185.4199981689453,184.38999938964844,185.2100067138672,19834,0.0,0.0
2024-04-22 09:30:00-04:00,186.38999938964844,187.14999389648438,185.30999755859375,187.08999633789062,7719,0.0,0.0
2024-04-22 10:30:00-04:00,187.24000549316406,188.25,187.24000549316406,188.1199951171875,8922,0.0,0.0
2024-04-22 11:30:00-04:00,188.14500427246094,188.14500427246094,187.50999450683594,187.86000061035156,9000,0.0,0.0
2024-04-22 12:30:00-04:00,187.85499572753906,188.625,187.85499572753906,188.625,4704,0.0,0.0
2024-04-22 13:30:00-04:00,188.80499267578125,189.67999267578125,188.77999877929688,189.38499450683594,11699,0.0,0.0
2024-04-22 14:30:00-04:00,189.39999389648438,189.63999938964844,188.48500061035156,188.50999450683594,9886,0.0,0.0
2024-04-22 15:30:00-04:00,188.1699981689453,188.17999267578125,187.72000122070312,187.94000244140625,14744,0.0,0.0
2024-04-23 09:30:00-04:00,188.60000610351562,190.02000427246094,188.60000610351562,190.02000427246094,5957,0.0,0.0
2024-04-23 10:30:00-04:00,190.13999938964844,190.13999938964844,189.23500061035156,189.77499389648438,4881,0.0,0.0
2024-04-23 11:30:00-04:00,189.35000610351562,189.35000610351562,189.35000610351562,189.35000610351562,1709,0.0,0.0
2024-04-23 12:30:00-04:00,189.47000122070312,190.27999877929688,189.47000122070312,190.2050018310547,6945,0.0,0.0
2024-04-23 13:30:00-04:00,190.42999267578125,190.64999389648438,190.2346954345703,190.44000244140625,3451,0.0,0.0
2024-04-23 14:30:00-04:00,190.3699951171875,190.3699951171875,189.3249969482422,190.0,9508,0.0,0.0
2024-04-23 15:30:00-04:00,190.1699981689453,190.32000732421875,189.85000610351562,190.08999633789062,18755,0.0,0.0
2024-04-24 09:30:00-04:00,189.63999938964844,191.1699981689453,189.63999938964844,191.1699981689453,2721,0.0,0.0
2024-04-24 10:30:00-04:00,190.19000244140625,190.19000244140625,189.80999755859375,189.80999755859375,2565,0.0,0.0
2024-04-24 11:30:00-04:00,189.89999389648438,190.22000122070312,188.7550048828125,188.86000061035156,5446,0.0,0.0
2024-04-24 12:30:00-04:00,188.85989379882812,189.0399932861328,188.1699981689453,188.81500244140625,16757,0.0,0.0
2024-04-24 13:30:00-04:00,189.47000122070312,190.13999938964844,189.47000122070312,189.5449981689453,13332,0.0,0.0
2024-04-24 14:30:00-04:00,189.67999267578125,189.83999633789062,189.24000549316406,189.7899932861328,14560,0.0,0.0
2024-04-24 15:30:00-04:00,190.16000366210938,191.14999389648438,190.0800018310547,190.77999877929688,34147,0.0,0.0
2024-04-25 09:30:00-04:00,189.52000427246094,189.52000427246094,188.22000122070312,188.22000122070312,4728,0.0,0.0
2024-04-25 10:30:00-04:00,187.3800048828125,188.1699981689453,187.35000610351562,188.1699981689453,6261,0.0,0.0
2024-04-25 11:30:00-04:00,188.69000244140625,188.77999877929688,188.69000244140625,188.77999877929688,1525,0.0,0.0
2024-04-25 12:30:00-04:00,188.57000732421875,188.57000732421875,187.8502960205078,187.85499572753906,12519,0.0,0.0
2024-04-25 13:30:00-04:00,187.9246063232422,188.47000122070312,187.88499450683594,188.1999969482422,7079,0.0,0.0
2024-04-25 14:30:00-04:00,188.36000061035156,188.6699981689453,188.14999389648438,188.58999633789062,5865,0.0,0.0
2024-04-25 15:30:00-04:00,188.69000244140625,188.7100067138672,188.0800018310547,188.58999633789062,24069,0.0,0.0
2024-04-26 09:30:00-04:00,189.07000732421875,190.72000122070312,188.9250030517578,189.7100067138672,7291,0.0,0.0
2024-04-26 10:30:00-04:00,189.6999969482422,189.92999267578125,189.17999267578125,189.3249969482422,5513,0.0,0.0
2024-04-26 11:30:00-04:00,189.05499267578125,189.6699981689453,188.6199951171875,189.6699981689453,5439,0.0,0.0
2024-04-26 12:30:00-04:00,189.9600067138672,190.6699981689453,189.8300018310547,189.8350067138672,4897,0.0,0.0
2024-04-26 13:30:00-04:00,189.75,189.75,189.17999267578125,189.3249969482422,9150,0.0,0.0
2024-04-26 14:30:00-04:00,189.2899932861328,189.75,189.1844024658203,189.33999633789062,11989,0.0,0.0
2024-04-26 15:30:00-04:00,189.11000061035156,189.32000732421875,188.48500061035156,188.77000427246094,31750,0.0,0.0
2024-04-29 09:30:00-04:00,188.5500030517578,189.16000366210938,187.10000610351562,188.30999755859375,23811,0.0,0.0
2024-04-29 10:30:00-04:00,188.2949981689453,188.91000366210938,188.03500366210938,188.4499969482422,8728,0.0,0.0
2024-04-29 11:30:00-04:00,188.16000366210938,188.6750030517578,188.0449981689453,188.09500122070312,7358,0.0,0.0
2024-04-29 12:30:00-04:00,188.55999755859375,189.6699981689453,188.5500030517578,188.86000061035156,10581,0.0,0.0
2024-04-29 13:30:00-04:00,188.9600067138672,189.02000427246094,188.39349365234375,188.625,11898,0.0,0.0
2024-04-29 14:30:00-04:00,188.5500030517578,188.7899932861328,188.08999633789062,188.28500366210938,22117,0.0,0.0
2024-04-29 15:30:00-04:00,188.39999389648438,188.9250030517578,187.8699951171875,188.02000427246094,71957,0.0,0.0
2024-04-30 09:30:00-04:00,186.44000244140625,194.07000732421875,185.6699981689453,186.1699981689453,48764,0.0,0.0
2024-04-30 10:30:00-04:00,184.86000061035156,187.36500549316406,183.97999572753906,185.0800018310547,22492,0.0,0.0
2024-04-30 11:30:00-04:00,184.89999389648438,185.0399932861328,181.6199951171875,181.77000427246094,41045,0.0,0.0
2024-04-30 12:30:00-04:00,181.74000549316406,181.74000549316406,178.4199981689453,178.8300018310547,26463,0.0,0.0
2024-04-30 13:30:00-04:00,178.7899932861328,180.33999633789062,178.4600067138672,179.39999389648438,19487,0.0,0.0
2024-04-30 14:30:00-04:00,179.3300018310547,180.8199005126953,179.27999877929688,179.38999938964844,30764,0.0,0.0
2024-04-30 15:30:00-04:00,179.32000732421875,180.38999938964844,178.6199951171875,180.38999938964844,75930,0.0,0.0
2024-05-01 09:30:00-04:00,180.1300048828125,182.33999633789062,180.1300048828125,182.00999450683594,15263,0.0,0.0
2024-05-01 10:30:00-04:00,182.11000061035156,182.5,180.3000030517578,180.9199981689453,19600,0.0,0.0
2024-05-01 11:30:00-04:00,181.13499450683594,183.9199981689453,181.13499450683594,183.8350067138672,15594,0.0,0.0
2024-05-01 12:30:00-04:00,183.6699981689453,183.74000549316406,180.83999633789062,181.77499389648438,16895,0.0,0.0
2024-05-01 13:30:00-04:00,181.9199981689453,183.1699981689453,181.89500427246094,183.1699981689453,21474,0.0,0.0
2024-05-01 14:30:00-04:00,182.64999389648438,185.1999969482422,182.1999969482422,184.77999877929688,20914,0.0,0.0
2024-05-01 15:30:00-04:00,184.8000030517578,185.00999450683594,182.55999755859375,182.55999755859375,52617,0.0,0.0
2024-05-02 09:30:00-04:00,184.75,185.5,183.02999877929688,185.5,9395,0.0,0.0
2024-05-02 10:30:00-04:00,185.16000366210938,186.2949981689453,184.72000122070312,185.8249969482422,7869,0.0,0.0
2024-05-02 11:30:00-04:00,185.6199951171875,187.00999450683594,185.4600067138672,186.07000732421875,11976,0.0,0.0
2024-05-02 12:30:00-04:00,186.17999267578125,186.17999267578125,185.52999877929688,186.10499572753906,8332,0.0,0.0
2024-05-02 13:30:00-04:00,186.30999755859375,186.30999755859375,184.77000427246094,184.83999633789062,18911,0.0,0.0
2024-05-02 14:30:00-04:00,184.9949951171875,185.13999938964844,184.50999450683594,185.0,24307,0.0,0.0
2024-05-02 15:30:00-04:00,185.2010040283203,185.74000549316406,184.58999633789062,185.35000610351562,56546,0.0,0.0
2024-05-03 09:30:00-04:00,186.66000366210938,186.66000366210938,183.55999755859375,184.2100067138672,7196,0.0,0.0
2024-05-03 10:30:00-04:00,184.02000427246094,184.22000122070312,183.47000122070312,183.7100067138672,6339,0.0,0.0
2024-05-03 11:30:00-04:00,183.7100067138672,183.86000061035156,182.9600067138672,183.72500610351562,8780,0.0,0.0
2024-05-03 12:30:00-04:00,183.6999969482422,184.22999572753906,183.1199951171875,184.1999969482422,10147,0.0,0.0
2024-05-03 13:30:00-04:00,184.11000061035156,184.67999267578125,183.8000030517578,184.52000427246094,11414,0.0,0.0
2024-05-03 14:30:00-04:00,184.4600067138672,184.69000244140625,184.38999938964844,184.48500061035156,7576,0.0,0.0
2024-05-03 15:30:00-04:00,184.5,185.10000610351562,183.5800018310547,183.94000244140625,43566,0.0,0.0
2024-05-06 09:30:00-04:00,184.92999267578125,186.35000610351562,184.2183074951172,186.19000244140625,11043,0.0,0.0
2024-05-06 10:30:00-04:00,185.89920043945312,186.75,184.91000366210938,185.0,19479,0.0,0.0
2024-05-06 11:30:00-04:00,184.91000366210938,185.1649932861328,184.22000122070312,184.58999633789062,16546,0.0,0.0
2024-05-06 12:30:00-04:00,184.5500030517578,185.10499572753906,184.25,184.3699951171875,13138,0.0,0.0
2024-05-06 13:30:00-04:00,184.41000366210938,184.5,184.03500366210938,184.3699951171875,12160,0.0,0.0
2024-05-06 14:30:00-04:00,184.4149932861328,185.14500427246094,184.27000427246094,184.7899932861328,21160,0.0,0.0
2024-05-06 15:30:00-04:00,184.94000244140625,185.5,184.5500030517578,185.2100067138672,46438,0.0,0.0
2024-05-07 09:30:00-04:00,185.2100067138672,188.74000549316406,185.2100067138672,188.74000549316406,7767,0.0,0.0
2024-05-07 10:30:00-04:00,188.66000366210938,189.24000549316406,187.58999633789062,188.52000427246094,19470,0.0,0.0
2024-05-07 11:30:00-04:00,188.39999389648438,189.42999267578125,188.27499389648438,189.14999389648438,10528,0.0,0.0
2024-05-07 12:30:00-04:00,189.27999877929688,189.58999633789062,188.52000427246094,188.92999267578125,11030,0.0,0.0
2024-05-07 13:30:00-04:00,188.80499267578125,188.80499267578125,188.1699981689453,188.38999938964844,18057,0.0,0.0
2024-05-07 14:30:00-04:00,188.36000061035156,188.6699981689453,188.0,188.66000366210938,21488,0.0,0.0
2024-05-07 15:30:00-04:00,188.6300048828125,188.66000366210938,187.8699951171875,188.19000244140625,69054,0.0,0.0
2024-05-08 09:30:00-04:00,187.97999572753906,189.0399932861328,187.02499389648438,187.5399932861328,17557,0.0,0.0
2024-05-08 10:30:00-04:00,187.72999572753906,188.47999572753906,187.11000061035156,187.42999267578125,11071,0.0,0.0
2024-05-08 11:30:00-04:00,187.32000732421875,187.61000061035156,186.60000610351562,186.75,25819,0.0,0.0
2024-05-08 12:30:00-04:00,186.75,187.19000244140625,186.5,187.17999267578125,12774,0.0,0.0
2024-05-08 13:30:00-04:00,187.1999969482422,188.3800048828125,186.97999572753906,187.94000244140625,18065,0.0,0.0
2024-05-08 14:30:00-04:00,187.6199951171875,188.6750030517578,187.5,188.42999267578125,33384,0.0,0.0
2024-05-08 15:30:00-04:00,188.5449981689453,188.63999938964844,187.58999633789062,187.58999633789062,45906,0.0,0.0
2024-05-09 09:30:00-04:00,188.14999389648438,188.30999755859375,188.0,188.30999755859375,5118,0.0,0.0
2024-05-09 10:30:00-04:00,188.35000610351562,188.36000061035156,187.8000030517578,187.8000030517578,5099,0.0,0.0
2024-05-09 11:30:00-04:00,187.9149932861328,188.27000427246094,187.22000122070312,188.0399932861328,12799,0.0,0.0
2024-05-09 12:30:00-04:00,188.26629638671875,188.60000610351562,187.91000366210938,188.22000122070312,8848,0.0,0.0
2024-05-09 13:30:00-04:00,188.00999450683594,188.14999389648438,188.0050048828125,188.14999389648438,3952,0.0,0.0
2024-05-09 14:30:00-04:00,188.22000122070312,189.5800018310547,188.22000122070312,189.5,13277,0.0,0.0
2024-05-09 15:30:00-04:00,189.47000122070312,190.0500030517578,189.0399932861328,189.6699981689453,29395,0.0,0.0
2024-05-10 09:30:00-04:00,190.44000244140625,190.4550018310547,188.8699951171875,188.97999572753906,8774,0.0,0.0
2024-05-10 10:30:00-04:00,188.9499969482422,189.3300018310547,188.5399932861328,189.32000732421875,11002,0.0,0.0
2024-05-10 11:30:00-04:00,189.03500366210938,189.6750030517578,188.7949981689453,189.3800048828125,8319,0.0,0.0
2024-05-10 12:30:00-04:00,189.50999450683594,189.86500549316406,189.47999572753906,189.47999572753906,3234,0.0,0.0
2024-05-10 13:30:00-04:00,189.52000427246094,189.72999572753906,189.49000549316406,189.49000549316406,4479,0.0,0.0
2024-05-10 14:30:00-04:00,189.3699951171875,190.6199951171875,189.3699951171875,190.58999633789062,13279,0.0,0.0
2024-05-10 15:30:00-04:00,190.6199951171875,190.72000122070312,189.75999450683594,189.77000427246094,33823,0.0,0.0
2024-05-13 09:30:00-04:00,192.1699981689453,192.1699981689453,191.0399932861328,191.15499877929688,6601,0.0,0.0
2024-05-13 10:30:00-04:00,191.1999969482422,191.2899932861328,190.5800018310547,190.5800018310547,10784,0.0,0.0
2024-05-13 11:30:00-04:00,190.27999877929688,190.36000061035156,189.8699951171875,190.36000061035156,5441,0.0,0.0
2024-05-13 12:30:00-04:00,190.36000061035156,190.46499633789062,189.97999572753906,190.2899932861328,7797,0.0,0.0
2024-05-13 13:30:00-04:00,190.41029357910156,190.42149353027344,190.27999877929688,190.42149353027344,5152,0.0,0.0
2024-05-13 14:30:00-04:00,190.57000732421875,190.64999389648438,190.0800018310547,190.0800018310547,9005,0.0,0.0
2024-05-13 15:30:00-04:00,189.80999755859375,189.91000366210938,189.02000427246094,189.02999877929688,35401,0.0,0.0
2024-05-14 09:30:00-04:00,189.00999450683594,189.30499267578125,188.30999755859375,188.72000122070312,9622,0.0,0.0
2024-05-14 10:30:00-04:00,188.9199981689453,188.9199981689453,188.27000427246094,188.8699951171875,6990,0.0,0.0
2024-05-14 11:30:00-04:00,188.6199951171875,189.27999877929688,188.42999267578125,189.1300048828125,13052,0.0,0.0
2024-05-14 12:30:00-04:00,189.22999572753906,189.22999572753906,188.42999267578125,188.97999572753906,12473,0.0,0.0
2024-05-14 13:30:00-04:00,189.10000610351562,189.36000061035156,188.85000610351562,188.85000610351562,7257,0.0,0.0
2024-05-14 14:30:00-04:00,188.6750030517578,188.97999572753906,188.6750030517578,188.72000122070312,7459,0.0,0.0
2024-05-14 15:30:00-04:00,188.7899932861328,189.14999389648438,188.30999755859375,189.02000427246094,34946,0.0,0.0
2024-05-15 09:30:00-04:00,189.94000244140625,190.74000549316406,189.94000244140625,190.63999938964844,6164,0.0,0.0
2024-05-15 10:30:00-04:00,190.99000549316406,192.74000549316406,190.99000549316406,192.55499267578125,14992,0.0,0.0
2024-05-15 11:30:00-04:00,193.02999877929688,193.38999938964844,192.39999389648438,192.41000366210938,15854,0.0,0.0
2024-05-15 12:30:00-04:00,192.38999938964844,192.38999938964844,191.8800048828125,192.19000244140625,15862,0.0,0.0
2024-05-15 13:30:00-04:00,192.3300018310547,192.33999633789062,191.8300018310547,192.02999877929688,14022,0.0,0.0
2024-05-15 14:30:00-04:00,191.84500122070312,192.5399932861328,191.64999389648438,192.24000549316406,16141,0.0,0.0
2024-05-15 15:30:00-04:00,192.38900756835938,192.5500030517578,191.7899932861328,192.1300048828125,35701,0.0,0.0
2024-05-16 09:30:00-04:00,191.7899932861328,191.7899932861328,190.1999969482422,190.4199981689453,7581,0.0,0.0
2024-05-16 10:30:00-04:00,190.16000366210938,190.5500030517578,190.16000366210938,190.44500732421875,6226,0.0,0.0
2024-05-16 11:30:00-04:00,190.3988037109375,190.3988037109375,188.0200958251953,188.49000549316406,18655,0.0,0.0
2024-05-16 12:30:00-04:00,188.42999267578125,189.0,188.360107421875,188.42999267578125,15100,0.0,0.0
2024-05-16 13:30:00-04:00,188.44000244140625,188.8699951171875,188.08999633789062,188.8699951171875,17540,0.0,0.0
2024-05-16 14:30:00-04:00,189.0399932861328,190.35000610351562,188.89999389648438,190.05499267578125,26199,0.0,0.0
2024-05-16 15:30:00-04:00,190.0500030517578,190.0500030517578,189.00999450683594,189.47000122070312,32890,0.0,0.0
2024-05-17 09:30:00-04:00,189.50999450683594,189.8800048828125,187.8000030517578,189.14999389648438,12492,0.0,0.0
2024-05-17 10:30:00-04:00,189.1699981689453,189.55999755859375,188.35000610351562,188.51499938964844,12855,0.0,0.0
2024-05-17 11:30:00-04:00,188.5366973876953,189.02000427246094,188.24000549316406,188.4149932861328,8792,0.0,0.0
2024-05-17 12:30:00-04:00,188.17999267578125,188.89999389648438,188.17999267578125,188.73500061035156,14631,0.0,0.0
2024-05-17 13:30:00-04:00,188.9199981689453,189.97999572753906,188.91000366210938,189.80999755859375,18884,0.0,0.0
2024-05-17 14:30:00-04:00,189.77999877929688,190.1199951171875,189.66000366210938,189.8000030517578,16206,0.0,0.0
2024-05-17 15:30:00-04:00,189.72000122070312,189.7899932861328,188.83999633789062,189.14999389648438,52372,0.0,0.0
2024-05-20 09:30:00-04:00,189.52000427246094,190.86000061035156,189.44500732421875,190.86000061035156,4228,0.0,0.0
2024-05-20 10:30:00-04:00,190.8249969482422,192.19000244140625,190.8249969482422,191.97000122070312,6749,0.0,0.0
2024-05-20 11:30:00-04:00,192.11000061035156,192.25999450683594,191.5399932861328,191.8000030517578,16316,0.0,0.0
2024-05-20 12:30:00-04:00,191.8000030517578,192.0399932861328,191.24009704589844,191.42999267578125,7693,0.0,0.0
2024-05-20 13:30:00-04:00,191.42999267578125,191.74000549316406,190.02000427246094,190.97999572753906,21151,0.0,0.0
2024-05-20 14:30:00-04:00,190.9149932861328,191.1199951171875,190.47000122070312,191.11000061035156,12508,0.0,0.0
2024-05-20 15:30:00-04:00,191.1300048828125,192.21499633789062,191.02999877929688,191.6199951171875,51044,0.0,0.0
2024-05-21 09:30:00-04:00,191.0,191.94500732421875,190.73500061035156,191.69000244140625,8697,0.0,0.0
2024-05-21 10:30:00-04:00,191.8800048828125,192.71499633789062,191.8800048828125,192.40499877929688,8987,0.0,0.0
2024-05-21 11:30:00-04:00,192.22000122070312,192.36500549316406,191.35000610351562,191.55999755859375,7814,0.0,0.0
2024-05-21 12:30:00-04:00,191.5399932861328,191.55999755859375,190.2100067138672,190.24000549316406,12675,0.0,0.0
2024-05-21 13:30:00-04:00,190.07000732421875,190.51499938964844,190.02000427246094,190.1300048828125,7343,0.0,0.0
2024-05-21 14:30:00-04:00,190.13499450683594,190.39999389648438,189.3300018310547,189.3300018310547,12206,0.0,0.0
2024-05-21 15:30:00-04:00,189.46499633789062,190.32000732421875,189.36000061035156,190.00999450683594,28517,0.0,0.0
2024-05-22 09:30:00-04:00,188.97999572753906,192.6199951171875,188.63999938964844,189.60499572753906,8520,0.0,0.0
2024-05-22 10:30:00-04:00,189.77000427246094,190.02000427246094,188.77000427246094,188.77000427246094,6220,0.0,0.0
2024-05-22 11:30:00-04:00,188.85000610351562,190.58999633789062,188.85000610351562,190.33999633789062,9508,0.0,0.0
2024-05-22 12:30:00-04:00,190.05999755859375,190.58999633789062,189.83999633789062,189.83999633789062,6895,0.0,0.0
2024-05-22 13:30:00-04:00,189.64999389648438,190.1999969482422,189.5500030517578,189.5500030517578,7250,0.0,0.0
2024-05-22 14:30:00-04:00,189.50999450683594,189.86000061035156,188.7899932861328,189.84500122070312,12805,0.0,0.0
2024-05-22 15:30:00-04:00,189.74000549316406,190.27499389648438,189.50999450683594,190.1199951171875,38749,0.0,0.0
2024-05-23 09:30:00-04:00,190.49000549316406,191.38999938964844,188.427001953125,189.6199951171875,5602,0.0,0.0
2024-05-23 10:30:00-04:00,189.24000549316406,190.31500244140625,189.24000549316406,189.3249969482422,8671,0.0,0.0
2024-05-23 11:30:00-04:00,190.22000122070312,190.7899932861328,190.16000366210938,190.42430114746094,6226,0.0,0.0
2024-05-23 12:30:00-04:00,190.49000549316406,190.7100067138672,190.4199981689453,190.4499969482422,7396,0.0,0.0
2024-05-23 13:30:00-04:00,189.9600067138672,189.9600067138672,189.57000732421875,189.57000732421875,8492,0.0,0.0
2024-05-23 14:30:00-04:00,189.49000549316406,189.89999389648438,188.82000732421875,189.6699981689453,11914,0.0,0.0
2024-05-23 15:30:00-04:00,189.60000610351562,189.89999389648438,188.94000244140625,189.10000610351562,40753,0.0,0.0
2024-05-24 09:30:00-04:00,189.75999450683594,189.83999633789062,188.1699981689453,188.3000030517578,5781,0.0,0.0
2024-05-24 10:30:00-04:00,187.73500061035156,189.02000427246094,187.73500061035156,188.99229431152344,4887,0.0,0.0
2024-05-24 11:30:00-04:00,188.94500732421875,189.08999633789062,188.36000061035156,188.36000061035156,4714,0.0,0.0
2024-05-24 12:30:00-04:00,187.8000030517578,187.8800048828125,187.33999633789062,187.63999938964844,8144,0.0,0.0
2024-05-24 13:30:00-04:00,187.52499389648438,188.22999572753906,187.25,187.7100067138672,6581,0.0,0.0
2024-05-24 14:30:00-04:00,187.75,188.16000366210938,187.35000610351562,187.90199279785156,12987,0.0,0.0
2024-05-24 15:30:00-04:00,187.9199981689453,188.25,187.4949951171875,187.63999938964844,21232,0.0,0.0
2024-05-28 09:30:00-04:00,186.77000427246094,187.88999938964844,184.19000244140625,184.91000366210938,7514,0.0,0.0
2024-05-28 10:30:00-04:00,184.50999450683594,184.8800048828125,184.24000549316406,184.24000549316406,5549,0.0,0.0
2024-05-28 11:30:00-04:00,184.3000030517578,184.3249969482422,183.25,183.35000610351562,11667,0.0,0.0
2024-05-28 12:30:00-04:00,183.52999877929688,183.82000732421875,182.4600067138672,183.80999755859375,8218,0.0,0.0
2024-05-28 13:30:00-04:00,183.7899932861328,184.69500732421875,182.6699981689453,182.67999267578125,14018,0.0,0.0
2024-05-28 14:30:00-04:00,182.16000366210938,182.47000122070312,181.99000549316406,182.30499267578125,10015,0.0,0.0
2024-05-28 15:30:00-04:00,182.14999389648438,182.6699981689453,181.92999267578125,182.0,29456,0.0,0.0
2024-05-29 09:30:00-04:00,180.6300048828125,181.5399932861328,179.6199951171875,179.7899932861328,18076,0.0,0.0
2024-05-29 10:30:00-04:00,179.99000549316406,181.52999877929688,179.83999633789062,180.05999755859375,26490,0.0,0.0
2024-05-29 11:30:00-04:00,180.16000366210938,181.1999969482422,179.96499633789062,180.3699951171875,19541,0.0,0.0
2024-05-29 12:30:00-04:00,180.39999389648438,180.42999267578125,179.58999633789062,179.97000122070312,16721,0.0,0.0
2024-05-29 13:30:00-04:00,180.0,180.07000732421875,179.7899932861328,179.93499755859375,14415,0.0,0.0
2024-05-29 14:30:00-04:00,179.9499969482422,179.9499969482422,179.10000610351562,179.33999633789062,19555,0.0,0.0
2024-05-29 15:30:00-04:00,179.19000244140625,179.375,178.38999938964844,178.60000610351562,44640,0.0,0.0
2024-05-30 09:30:00-04:00,179.27000427246094,179.4499969482422,178.60499572753906,179.3925018310547,7632,0.0,0.0
2024-05-30 10:30:00-04:00,179.3625030517578,179.4250030517578,179.0,179.2449951171875,18543,0.0,0.0
2024-05-30 11:30:00-04:00,179.36000061035156,179.47999572753906,178.7899932861328,179.47999572753906,14021,0.0,0.0
2024-05-30 12:30:00-04:00,179.5050048828125,179.73500061035156,178.32000732421875,178.43499755859375,20666,0.0,0.0
2024-05-30 13:30:00-04:00,178.5,178.64999389648438,178.02000427246094,178.64999389648438,11983,0.0,0.0
2024-05-30 14:30:00-04:00,178.77000427246094,179.60000610351562,178.63499450683594,179.1300048828125,13254,0.0,0.0
2024-05-30 15:30:00-04:00,179.22999572753906,179.25,178.24000549316406,178.57000732421875,43497,0.0,0.0
2024-05-31 09:30:00-04:00,178.63999938964844,180.47000122070312,178.39999389648438,179.625,20336,0.0,0.0
2024-05-31 10:30:00-04:00,179.6649932861328,180.47000122070312,179.59500122070312,179.66000366210938,15353,0.0,0.0
2024-05-31 11:30:00-04:00,179.52999877929688,179.64500427246094,178.69500732421875,178.85499572753906,9147,0.0,0.0
2024-05-31 12:30:00-04:00,178.67999267578125,179.02999877929688,178.5,179.02999877929688,9434,0.0,0.0
2024-05-31 13:30:00-04:00,178.80999755859375,179.0800018310547,177.92999267578125,177.92999267578125,10779,0.0,0.0
2024-05-31 14:30:00-04:00,178.50999450683594,178.88999938964844,178.4499969482422,178.84500122070312,11307,0.0,0.0
2024-05-31 15:30:00-04:00,178.76499938964844,180.36000061035156,178.5500030517578,179.94000244140625,45865,0.0,0.0
2024-06-03 09:30:00-04:00,179.5800018310547,180.31500244140625,177.22999572753906,177.22999572753906,11106,0.0,0.0
2024-06-03 10:30:00-04:00,177.1300048828125,177.58999633789062,176.72999572753906,177.58999633789062,4719,0.0,0.0
2024-06-03 11:30:00-04:00,176.93499755859375,177.39999389648438,176.8699951171875,176.89999389648438,7842,0.0,0.0
2024-06-03 12:30:00-04:00,177.07000732421875,177.92999267578125,176.4600067138672,176.88499450683594,14933,0.0,0.0
2024-06-03 13:30:00-04:00,177.27999877929688,177.58999633789062,176.8524932861328,177.23500061035156,13288,0.0,0.0
2024-06-03 14:30:00-04:00,177.4550018310547,178.0500030517578,177.33999633789062,177.5399932861328,10767,0.0,0.0
2024-06-03 15:30:00-04:00,177.4600067138672,177.59500122070312,175.44000244140625,176.3800048828125,90700,0.0,0.0
2024-06-04 09:30:00-04:00,175.80999755859375,177.8000030517578,175.80999755859375,177.65499877929688,10880,0.0,0.0
2024-06-04 10:30:00-04:00,177.88499450683594,177.88499450683594,176.3699951171875,176.3699951171875,10834,0.0,0.0
2024-06-04 11:30:00-04:00,176.42999267578125,176.42999267578125,175.31500244140625,175.7050018310547,14523,0.0,0.0
2024-06-04 12:30:00-04:00,175.6750030517578,176.125,175.6750030517578,175.99000549316406,2826,0.0,0.0
2024-06-04 13:30:00-04:00,175.69000244140625,176.91000366210938,175.69000244140625,176.60000610351562,8647,0.0,0.0
2024-06-04 14:30:00-04:00,176.7100067138672,177.01499938964844,175.94000244140625,176.1699981689453,11761,0.0,0.0
2024-06-04 15:30:00-04:00,176.16000366210938,176.89999389648438,175.74119567871094,176.58999633789062,51024,0.0,0.0
2024-06-05 09:30:00-04:00,177.82000732421875,177.82000732421875,174.6699981689453,175.44439697265625,11860,0.0,0.0
2024-06-05 10:30:00-04:00,175.93499755859375,176.56500244140625,175.32000732421875,176.56500244140625,13504,0.0,0.0
2024-06-05 11:30:00-04:00,176.81500244140625,176.81500244140625,175.80499267578125,176.49000549316406,33357,0.0,0.0
2024-06-05 12:30:00-04:00,176.47999572753906,176.72500610351562,175.30999755859375,175.86500549316406,19077,0.0,0.0
2024-06-05 13:30:00-04:00,175.9199981689453,177.3800048828125,175.80999755859375,177.08999633789062,10488,0.0,0.0
2024-06-05 14:30:00-04:00,177.10000610351562,177.14500427246094,176.6999969482422,176.6999969482422,7578,0.0,0.0
2024-06-05 15:30:00-04:00,176.49920654296875,176.5399932861328,175.55999755859375,176.02999877929688,40905,0.0,0.0
2024-06-06 09:30:00-04:00,176.2899932861328,176.7100067138672,174.89999389648438,174.9149932861328,11702,0.0,0.0
2024-06-06 10:30:00-04:00,174.74000549316406,174.8300018310547,173.60000610351562,173.8300018310547,20037,0.0,0.0
2024-06-06 11:30:00-04:00,173.91000366210938,173.9250030517578,173.24000549316406,173.30999755859375,7931,0.0,0.0
2024-06-06 12:30:00-04:00,173.24000549316406,173.6300048828125,173.1300048828125,173.5050048828125,5517,0.0,0.0
2024-06-06 13:30:00-04:00,173.52000427246094,173.52000427246094,172.8300018310547,173.40499877929688,13005,0.0,0.0
2024-06-06 14:30:00-04:00,173.52000427246094,174.3300018310547,173.2899932861328,174.25999450683594,14680,0.0,0.0
2024-06-06 15:30:00-04:00,174.22000122070312,174.61000061035156,173.86000061035156,174.27999877929688,36110,0.0,0.0
2024-06-07 09:30:00-04:00,173.69000244140625,174.6300048828125,173.13999938964844,173.4499969482422,15603,0.0,0.0
2024-06-07 10:30:00-04:00,173.53500366210938,174.11000061035156,172.49000549316406,173.02499389648438,9478,0.0,0.0
2024-06-07 11:30:00-04:00,173.1300048828125,173.1649932861328,172.86000061035156,172.86000061035156,3683,0.0,0.0
2024-06-07 12:30:00-04:00,172.85000610351562,173.08999633789062,172.74000549316406,173.0,2440,0.0,0.0
2024-06-07 13:30:00-04:00,172.98699951171875,173.02499389648438,172.01499938964844,172.19000244140625,7436,0.0,0.0
2024-06-07 14:30:00-04:00,172.18499755859375,172.30999755859375,171.8800048828125,172.0500030517578,10460,0.0,0.0
2024-06-07 15:30:00-04:00,172.11500549316406,172.11500549316406,171.16000366210938,171.22999572753906,23238,0.0,0.0
2024-06-10 09:30:00-04:00,169.99000549316406,170.63999938964844,169.0496063232422,170.4199981689453,9147,0.0,0.0
2024-06-10 10:30:00-04:00,170.4499969482422,170.52499389648438,170.0500030517578,170.3800048828125,10456,0.0,0.0
2024-06-10 11:30:00-04:00,170.4250030517578,170.94000244140625,170.28500366210938,170.8699951171875,9356,0.0,0.0
2024-06-10 12:30:00-04:00,170.8800048828125,170.94000244140625,170.30999755859375,170.50999450683594,7781,0.0,0.0
2024-06-10 13:30:00-04:00,170.89500427246094,171.7899932861328,170.89500427246094,171.5,8273,0.0,0.0
2024-06-10 14:30:00-04:00,171.47999572753906,172.11000061035156,171.47999572753906,172.08999633789062,12352,0.0,0.0
2024-06-10 15:30:00-04:00,171.89999389648438,172.30999755859375,171.53680419921875,172.3000030517578,38813,0.0,0.0
2024-06-11 09:30:00-04:00,171.4499969482422,171.7100067138672,170.1199951171875,171.5749969482422,6590,0.0,0.0
2024-06-11 10:30:00-04:00,171.30999755859375,172.08999633789062,171.30999755859375,171.80999755859375,7438,0.0,0.0
2024-06-11 11:30:00-04:00,171.52999877929688,171.6649932861328,171.1475067138672,171.39999389648438,8532,0.0,0.0
2024-06-11 12:30:00-04:00,172.0,172.66000366210938,171.5050048828125,172.3699951171875,20020,0.0,0.0
2024-06-11 13:30:00-04:00,172.3249969482422,172.3300018310547,171.7050018310547,172.22000122070312,11509,0.0,0.0
2024-06-11 14:30:00-04:00,172.23500061035156,172.23500061035156,171.91000366210938,172.05499267578125,12430,0.0,0.0
2024-06-11 15:30:00-04:00,172.07000732421875,172.82000732421875,171.63999938964844,172.8000030517578,33967,0.0,0.0
2024-06-12 09:30:00-04:00,174.38999938964844,176.02000427246094,174.38999938964844,175.36500549316406,8965,0.0,0.0
2024-06-12 10:30:00-04:00,175.6199951171875,175.9499969482422,175.24000549316406,175.31500244140625,10775,0.0,0.0
2024-06-12 11:30:00-04:00,175.47999572753906,176.0399932861328,175.47999572753906,175.89639282226562,9171,0.0,0.0
2024-06-12 12:30:00-04:00,175.7899932861328,176.02999877929688,175.77000427246094,175.89999389648438,4991,0.0,0.0
2024-06-12 13:30:00-04:00,175.66000366210938,176.38999938964844,174.9499969482422,176.19500732421875,22041,0.0,0.0
2024-06-12 14:30:00-04:00,176.14500427246094,176.8699951171875,175.64999389648438,175.99000549316406,15555,0.0,0.0
2024-06-12 15:30:00-04:00,175.86500549316406,177.10000610351562,175.72000122070312,177.02999877929688,36263,0.0,0.0
2024-06-13 09:30:00-04:00,176.57000732421875,176.57000732421875,175.07000732421875,175.07000732421875,7266,0.0,0.0
2024-06-13 10:30:00-04:00,175.5399932861328,176.5399932861328,174.99000549316406,176.5399932861328,28527,0.0,0.0
2024-06-13 11:30:00-04:00,176.13499450683594,176.82000732421875,176.1199951171875,176.72000122070312,11976,0.0,0.0
2024-06-13 12:30:00-04:00,176.7899932861328,178.0399932861328,176.7899932861328,177.7949981689453,13009,0.0,0.0
2024-06-13 13:30:00-04:00,177.51499938964844,178.11500549316406,177.51499938964844,178.0500030517578,8163,0.0,0.0
2024-06-13 14:30:00-04:00,178.0800018310547,178.64999389648438,178.0800018310547,178.42999267578125,12783,0.0,0.0
2024-06-13 15:30:00-04:00,178.35000610351562,178.63999938964844,178.16000366210938,178.24000549316406,33969,0.0,0.0
2024-06-14 09:30:00-04:00,176.5800018310547,177.83799743652344,175.39999389648438,176.3300018310547,18393,0.0,0.0
2024-06-14 10:30:00-04:00,175.67999267578125,176.27000427246094,175.67999267578125,176.27000427246094,6952,0.0,0.0
2024-06-14 11:30:00-04:00,176.3699951171875,176.58999633789062,176.31500244140625,176.50999450683594,11053,0.0,0.0
2024-06-14 12:30:00-04:00,176.5800018310547,178.58999633789062,176.5800018310547,177.9600067138672,23064,0.0,0.0
2024-06-14 13:30:00-04:00,177.75,177.83999633789062,177.60000610351562,177.83999633789062,12008,0.0,0.0
2024-06-14 14:30:00-04:00,177.88999938964844,178.44000244140625,177.82000732421875,177.99000549316406,16926,0.0,0.0
2024-06-14 15:30:00-04:00,178.10000610351562,178.58999633789062,177.7899932861328,178.00999450683594,51558,0.0,0.0
2024-06-17 09:30:00-04:00,177.27999877929688,179.27999877929688,177.27999877929688,179.00999450683594,8156,0.0,0.0
2024-06-17 10:30:00-04:00,178.9425048828125,179.61000061035156,178.77000427246094,179.61000061035156,10423,0.0,0.0
2024-06-17 11:30:00-04:00,179.2899932861328,179.83999633789062,178.5749969482422,179.83999633789062,8532,0.0,0.0
2024-06-17 12:30:00-04:00,179.94000244140625,180.8249969482422,179.94000244140625,180.74000549316406,15506,0.0,0.0
2024-06-17 13:30:00-04:00,181.27999877929688,181.52499389648438,181.1750030517578,181.2100067138672,8841,0.0,0.0
2024-06-17 14:30:00-04:00,181.30999755859375,181.63499450683594,181.22000122070312,181.27999877929688,12398,0.0,0.0
2024-06-17 15:30:00-04:00,181.55999755859375,182.4949951171875,181.5500030517578,181.9600067138672,55807,0.0,0.0
2024-06-18 09:30:00-04:00,182.4199981689453,183.0500030517578,180.5749969482422,181.07000732421875,8981,0.0,0.0
2024-06-18 10:30:00-04:00,181.0850067138672,181.81500244140625,181.0850067138672,181.8000030517578,11503,0.0,0.0
2024-06-18 11:30:00-04:00,181.97999572753906,183.27499389648438,181.86000061035156,183.1699981689453,12328,0.0,0.0
2024-06-18 12:30:00-04:00,183.66000366210938,184.44000244140625,183.66000366210938,184.30999755859375,13493,0.0,0.0
2024-06-18 13:30:00-04:00,184.25999450683594,185.11000061035156,184.1699981689453,185.0399932861328,20068,0.0,0.0
2024-06-18 14:30:00-04:00,184.9250030517578,185.6199951171875,184.6999969482422,185.6199951171875,23214,0.0,0.0
2024-06-18 15:30:00-04:00,185.55999755859375,185.57000732421875,184.8000030517578,184.8000030517578,47421,0.0,0.0
2024-06-20 09:30:00-04:00,185.0,185.5,183.55999755859375,185.4550018310547,11897,0.0,0.0
2024-06-20 10:30:00-04:00,185.0,185.47999572753906,184.8000030517578,185.14999389648438,12400,0.0,0.0
2024-06-20 11:30:00-04:00,184.9600067138672,185.1699981689453,184.91000366210938,185.1199951171875,11402,0.0,0.0
2024-06-20 12:30:00-04:00,185.1199951171875,186.09500122070312,184.85000610351562,186.02999877929688,19525,0.0,0.0
2024-06-20 13:30:00-04:00,186.0,186.5050048828125,185.63999938964844,186.22999572753906,16645,0.0,0.0
2024-06-20 14:30:00-04:00,186.3300018310547,186.58999633789062,186.10000610351562,186.5500030517578,33919,0.0,0.0
2024-06-20 15:30:00-04:00,186.44500732421875,187.0800018310547,186.3000030517578,186.7100067138672,69292,0.0,0.0
2024-06-21 09:30:00-04:00,187.3699951171875,187.67999267578125,186.5500030517578,186.72999572753906,49243,0.0,0.0
2024-06-21 10:30:00-04:00,186.72999572753906,189.32000732421875,186.7050018310547,188.9499969482422,19156,0.0,0.0
2024-06-21 11:30:00-04:00,189.10000610351562,189.3350067138672,187.56500244140625,188.3800048828125,12541,0.0,0.0
2024-06-21 12:30:00-04:00,188.44000244140625,189.19000244140625,187.56500244140625,187.56500244140625,8489,0.0,0.0
2024-06-21 13:30:00-04:00,187.47000122070312,187.9499969482422,187.16000366210938,187.9499969482422,12317,0.0,0.0
2024-06-21 14:30:00-04:00,187.9149932861328,188.61000061035156,187.7899932861328,188.61000061035156,16194,0.0,0.0
2024-06-21 15:30:00-04:00,188.61000061035156,189.67999267578125,188.5800018310547,188.67999267578125,69314,0.0,0.0
2024-06-24 09:30:00-04:00,187.60000610351562,189.1649932861328,187.60000610351562,188.94500732421875,14145,0.0,0.0
2024-06-24 10:30:00-04:00,188.9499969482422,189.94000244140625,188.9499969482422,189.8300018310547,10051,0.0,0.0
2024-06-24 11:30:00-04:00,190.11000061035156,190.17999267578125,189.74000549316406,190.11000061035156,8717,0.0,0.0
2024-06-24 12:30:00-04:00,190.1699981689453,190.6999969482422,189.97000122070312,190.4499969482422,22971,0.0,0.0
2024-06-24 13:30:00-04:00,190.3350067138672,191.0399932861328,190.32000732421875,190.9600067138672,15913,0.0,0.0
2024-06-24 14:30:00-04:00,190.875,191.3000030517578,190.8699951171875,191.14999389648438,15522,0.0,0.0
2024-06-24 15:30:00-04:00,191.0,191.22999572753906,190.6199951171875,190.72000122070312,88899,0.0,0.0
2024-06-25 09:30:00-04:00,190.88999938964844,190.99000549316406,186.67999267578125,187.32000732421875,14723,0.0,0.0
2024-06-25 10:30:00-04:00,187.41000366210938,187.41000366210938,184.0,184.99000549316406,19853,0.0,0.0
2024-06-25 11:30:00-04:00,185.0,186.14999389648438,184.85000610351562,186.14999389648438,12511,0.0,0.0
2024-06-25 12:30:00-04:00,186.0850067138672,186.4499969482422,185.5399932861328,186.16000366210938,27592,0.0,0.0
2024-06-25 13:30:00-04:00,186.35000610351562,186.86000061035156,186.24000549316406,186.6199951171875,12968,0.0,0.0
2024-06-25 14:30:00-04:00,186.61500549316406,187.6699981689453,186.59500122070312,187.52499389648438,25184,0.0,0.0
2024-06-25 15:30:00-04:00,187.42999267578125,188.49000549316406,187.33999633789062,187.92999267578125,88151,0.0,0.0
2024-06-26 09:30:00-04:00,187.39999389648438,188.6300048828125,186.47999572753906,187.59500122070312,18193,0.0,0.0
2024-06-26 10:30:00-04:00,187.69000244140625,187.94000244140625,187.00999450683594,187.02000427246094,11803,0.0,0.0
2024-06-26 11:30:00-04:00,187.03500366210938,187.61000061035156,187.03500366210938,187.4199981689453,22126,0.0,0.0
2024-06-26 12:30:00-04:00,187.4199981689453,187.69000244140625,187.14999389648438,187.41000366210938,30831,0.0,0.0
2024-06-26 13:30:00-04:00,187.30499267578125,187.3800048828125,186.97000122070312,187.2050018310547,34654,0.0,0.0
2024-06-26 14:30:00-04:00,187.4600067138672,187.5399932861328,187.3249969482422,187.44500732421875,22763,0.0,0.0
2024-06-26 15:30:00-04:00,187.44000244140625,188.07000732421875,187.33999633789062,187.89999389648438,59159,0.0,0.0
2024-06-27 09:30:00-04:00,187.1999969482422,188.91000366210938,187.1999969482422,188.22999572753906,10821,0.0,0.0
2024-06-27 10:30:00-04:00,188.2449951171875,189.1699981689453,187.5,187.59500122070312,11629,0.0,0.0
2024-06-27 11:30:00-04:00,187.4499969482422,187.88999938964844,187.07000732421875,187.32000732421875,20704,0.0,0.0
2024-06-27 12:30:00-04:00,187.2899932861328,187.91000366210938,187.16000366210938,187.5,15785,0.0,0.0
2024-06-27 13:30:00-04:00,187.52999877929688,187.8800048828125,187.42999267578125,187.5,17939,0.0,0.0
2024-06-27 14:30:00-04:00,187.55499267578125,187.83999633789062,187.41000366210938,187.80999755859375,22736,0.0,0.0
2024-06-27 15:30:00-04:00,187.9149932861328,188.3300018310547,187.60000610351562,187.75,61931,0.0,0.0
2024-06-28 09:30:00-04:00,188.57000732421875,189.25999450683594,187.4600067138672,187.75,6952,0.0,0.0
2024-06-28 10:30:00-04:00,188.13999938964844,188.75,187.65499877929688,187.8800048828125,8641,0.0,0.0
2024-06-28 11:30:00-04:00,187.5500030517578,187.77000427246094,187.25999450683594,187.77000427246094,9711,0.0,0.0
2024-06-28 12:30:00-04:00,187.67999267578125,188.0500030517578,187.56500244140625,187.9149932861328,6188,0.0,0.0
2024-06-28 13:30:00-04:00,187.8800048828125,187.8800048828125,187.4600067138672,187.6699981689453,10351,0.0,0.0
2024-06-28 14:30:00-04:00,187.64999389648438,187.6649932861328,186.68499755859375,187.0050048828125,14450,0.0,0.0
2024-06-28 15:30:00-04:00,186.7949981689453,187.80499267578125,186.69000244140625,187.5500030517578,52164,0.0,0.0
2024-07-01 09:30:00-04:00,187.8300018310547,187.96499633789062,186.17999267578125,186.22000122070312,8534,0.0,0.0
2024-07-01 10:30:00-04:00,186.16000366210938,186.47000122070312,185.8300018310547,186.19000244140625,26985,0.0,0.0
2024-07-01 11:30:00-04:00,186.08999633789062,186.33999633789062,185.86000061035156,186.33999633789062,12270,0.0,0.0
2024-07-01 12:30:00-04:00,186.26499938964844,186.26499938964844,185.7899932861328,186.1425018310547,13581,0.0,0.0
2024-07-01 13:30:00-04:00,186.1999969482422,186.3699951171875,185.66000366210938,185.77000427246094,15178,0.0,0.0
2024-07-01 14:30:00-04:00,185.6199951171875,185.6199951171875,184.6300048828125,184.83999633789062,27056,0.0,0.0
2024-07-01 15:30:00-04:00,184.86500549316406,185.52999877929688,184.63999938964844,185.1199951171875,61473,0.0,0.0
2024-07-02 09:30:00-04:00,185.35000610351562,185.7550048828125,183.25,183.61500549316406,16266,0.0,0.0
2024-07-02 10:30:00-04:00,183.6199951171875,184.25999450683594,183.21499633789062,184.14999389648438,13044,0.0,0.0
2024-07-02 11:30:00-04:00,184.47999572753906,184.8000030517578,184.1999969482422,184.1999969482422,6836,0.0,0.0
2024-07-02 12:30:00-04:00,184.10000610351562,184.25,183.92999267578125,184.0399932861328,8328,0.0,0.0
2024-07-02 13:30:00-04:00,184.0399932861328,184.3800048828125,183.92999267578125,184.3800048828125,7044,0.0,0.0
2024-07-02 14:30:00-04:00,184.5800018310547,185.02000427246094,184.55999755859375,184.55999755859375,9053,0.0,0.0
2024-07-02 15:30:00-04:00,184.61000061035156,185.0500030517578,184.57000732421875,184.77999877929688,39496,0.0,0.0
2024-07-03 09:30:00-04:00,184.67999267578125,186.08999633789062,184.41000366210938,184.5800018310547,10564,0.0,0.0
2024-07-03 10:30:00-04:00,184.4250030517578,185.24000549316406,184.3000030517578,184.58999633789062,13284,0.0,0.0
2024-07-03 11:30:00-04:00,184.5,185.33999633789062,184.5,185.33999633789062,11295,0.0,0.0
2024-07-05 09:30:00-04:00,183.86000061035156,184.7899932861328,183.14999389648438,183.2899932861328,22080,0.0,0.0
2024-07-05 10:30:00-04:00,183.7949981689453,184.09500122070312,183.15499877929688,183.30999755859375,55305,0.0,0.0
2024-07-05 11:30:00-04:00,183.27499389648438,183.5800018310547,183.24000549316406,183.35000610351562,9726,0.0,0.0
2024-07-05 12:30:00-04:00,183.17999267578125,183.5500030517578,183.17999267578125,183.36000061035156,9278,0.0,0.0
2024-07-05 13:30:00-04:00,183.36000061035156,183.8350067138672,183.36000061035156,183.67999267578125,9684,0.0,0.0
2024-07-05 14:30:00-04:00,183.6699981689453,183.92030334472656,183.36000061035156,183.75,21186,0.0,0.0
2024-07-05 15:30:00-04:00,183.8000030517578,184.3300018310547,183.77499389648438,184.1199951171875,31224,0.0,0.0
2024-07-08 09:30:00-04:00,185.1699981689453,186.6999969482422,184.4550018310547,186.21499633789062,15399,0.0,0.0
2024-07-08 10:30:00-04:00,186.33999633789062,186.33999633789062,185.75999450683594,185.75999450683594,3701,0.0,0.0
2024-07-08 11:30:00-04:00,185.52000427246094,185.52000427246094,184.81500244140625,185.05499267578125,6226,0.0,0.0
2024-07-08 12:30:00-04:00,185.25,185.9499969482422,185.22999572753906,185.9499969482422,5717,0.0,0.0
2024-07-08 13:30:00-04:00,185.66099548339844,185.97000122070312,185.22000122070312,185.5,19899,0.0,0.0
2024-07-08 14:30:00-04:00,185.58999633789062,185.67999267578125,185.2050018310547,185.67999267578125,12187,0.0,0.0
2024-07-08 15:30:00-04:00,185.5,185.75,185.5,185.5,33332,0.0,0.0
2024-07-09 09:30:00-04:00,185.5800018310547,186.36000061035156,185.3699951171875,185.76499938964844,11700,0.0,0.0
2024-07-09 10:30:00-04:00,185.4949951171875,185.75,185.31500244140625,185.44000244140625,10234,0.0,0.0
2024-07-09 11:30:00-04:00,185.48500061035156,185.614501953125,185.39999389648438,185.614501953125,9486,0.0,0.0
2024-07-09 12:30:00-04:00,185.61500549316406,186.11500549316406,185.61000061035156,186.11500549316406,2961,0.0,0.0
2024-07-09 13:30:00-04:00,185.77499389648438,186.1199951171875,185.58999633789062,185.58999633789062,7787,0.0,0.0
2024-07-09 14:30:00-04:00,185.8699951171875,185.99000549316406,185.49000549316406,185.52000427246094,5977,0.0,0.0
2024-07-09 15:30:00-04:00,185.49000549316406,186.80999755859375,185.49000549316406,185.8699951171875,30819,0.0,0.0
2024-07-10 09:30:00-04:00,186.5500030517578,187.0850067138672,186.11000061035156,186.17999267578125,9708,0.0,0.0
2024-07-10 10:30:00-04:00,186.2100067138672,187.0749969482422,186.0749969482422,186.77999877929688,15610,0.0,0.0
2024-07-10 11:30:00-04:00,186.7100067138672,186.875,186.47500610351562,186.67999267578125,7097,0.0,0.0
2024-07-10 12:30:00-04:00,186.60000610351562,187.61000061035156,186.58999633789062,187.28500366210938,6514,0.0,0.0
2024-07-10 13:30:00-04:00,187.10499572753906,187.44500732421875,187.10499572753906,187.26499938964844,3125,0.0,0.0
2024-07-10 14:30:00-04:00,187.22999572753906,187.47999572753906,187.11000061035156,187.24000549316406,6689,0.0,0.0
2024-07-10 15:30:00-04:00,187.2899932861328,187.94000244140625,187.2899932861328,187.36000061035156,31523,0.0,0.0
2024-07-11 09:30:00-04:00,189.05999755859375,189.9600067138672,188.06500244140625,189.5050048828125,12310,0.0,0.0
2024-07-11 10:30:00-04:00,189.7449951171875,191.97000122070312,189.07000732421875,191.0850067138672,24826,0.0,0.0
2024-07-11 11:30:00-04:00,191.22000122070312,191.6699981689453,190.35000610351562,191.25,8555,0.0,0.0
2024-07-11 12:30:00-04:00,191.2899932861328,191.67999267578125,190.94189453125,191.38999938964844,9135,0.0,0.0
2024-07-11 13:30:00-04:00,191.4199981689453,191.78500366210938,191.2050018310547,191.34500122070312,7948,0.0,0.0
2024-07-11 14:30:00-04:00,191.52999877929688,191.55999755859375,190.93499755859375,191.51499938964844,21895,0.0,0.0
2024-07-11 15:30:00-04:00,191.67999267578125,192.8800048828125,191.67999267578125,191.8699951171875,52114,0.0,0.0
2024-07-12 09:30:00-04:00,193.5,195.77999877929688,192.36000061035156,194.8699951171875,14313,0.0,0.0
2024-07-12 10:30:00-04:00,194.55999755859375,195.1649932861328,194.25999450683594,195.1649932861328,7086,0.0,0.0
2024-07-12 11:30:00-04:00,194.65499877929688,194.66000366210938,193.9499969482422,194.0050048828125,5935,0.0,0.0
2024-07-12 12:30:00-04:00,193.97500610351562,194.96499633789062,193.7899932861328,194.6300048828125,5215,0.0,0.0
2024-07-12 13:30:00-04:00,194.4499969482422,195.16000366210938,194.4499969482422,194.67999267578125,5601,0.0,0.0
2024-07-12 14:30:00-04:00,194.3699951171875,194.64999389648438,194.17999267578125,194.32000732421875,7170,0.0,0.0
2024-07-12 15:30:00-04:00,194.1999969482422,194.32000732421875,192.97000122070312,193.19000244140625,31888,0.0,0.0
2024-07-15 09:30:00-04:00,194.4600067138672,196.33999633789062,193.63499450683594,196.02000427246094,3927,0.0,0.0
2024-07-15 10:30:00-04:00,195.67999267578125,195.9499969482422,194.47999572753906,194.94500732421875,8857,0.0,0.0
2024-07-15 11:30:00-04:00,195.0399932861328,195.38499450683594,194.61000061035156,194.61000061035156,8266,0.0,0.0
2024-07-15 12:30:00-04:00,194.4499969482422,195.6300048828125,194.4499969482422,194.69000244140625,17694,0.0,0.0
2024-07-15 13:30:00-04:00,194.6750030517578,194.9600067138672,194.52000427246094,194.9600067138672,7176,0.0,0.0
2024-07-15 14:30:00-04:00,194.86000061035156,195.27000427246094,194.69000244140625,194.72999572753906,11154,0.0,0.0
2024-07-15 15:30:00-04:00,194.8000030517578,194.8699951171875,193.36000061035156,193.4199981689453,49161,0.0,0.0
2024-07-16 09:30:00-04:00,194.94000244140625,200.5,194.94000244140625,198.39999389648438,21673,0.0,0.0
2024-07-16 10:30:00-04:00,198.52999877929688,199.49000549316406,197.94000244140625,199.07000732421875,11016,0.0,0.0
2024-07-16 11:30:00-04:00,198.75,198.75,198.33999633789062,198.64999389648438,4066,0.0,0.0
2024-07-16 12:30:00-04:00,198.63999938964844,198.83999633789062,198.58999633789062,198.64999389648438,5930,0.0,0.0
2024-07-16 13:30:00-04:00,198.72000122070312,198.72000122070312,197.75,198.14999389648438,22916,0.0,0.0
2024-07-16 14:30:00-04:00,198.36000061035156,199.72999572753906,198.3000030517578,199.33999633789062,12531,0.0,0.0
2024-07-16 15:30:00-04:00,199.3000030517578,200.60499572753906,199.0800018310547,199.89999389648438,33685,0.0,0.0
2024-07-17 09:30:00-04:00,199.27999877929688,200.60000610351562,197.7550048828125,199.14999389648438,15061,0.0,0.0
2024-07-17 10:30:00-04:00,199.21099853515625,199.21099853515625,198.0800018310547,198.0800018310547,7444,0.0,0.0
2024-07-17 11:30:00-04:00,198.11000061035156,198.11000061035156,197.39999389648438,197.80999755859375,7527,0.0,0.0
2024-07-17 12:30:00-04:00,197.8699951171875,197.8699951171875,197.47999572753906,197.47999572753906,5305,0.0,0.0
2024-07-17 13:30:00-04:00,197.33999633789062,197.33999633789062,196.5800018310547,196.8350067138672,19198,0.0,0.0
2024-07-17 14:30:00-04:00,196.91000366210938,197.1999969482422,196.64999389648438,197.1999969482422,9006,0.0,0.0
2024-07-17 15:30:00-04:00,197.3300018310547,197.3300018310547,194.9199981689453,194.9199981689453,49309,0.0,0.0
2024-07-18 09:30:00-04:00,195.3800048828125,196.72999572753906,195.11399841308594,195.875,16038,0.0,0.0
2024-07-18 10:30:00-04:00,195.96499633789062,195.98500061035156,194.75,194.88999938964844,13017,0.0,0.0
2024-07-18 11:30:00-04:00,194.63999938964844,194.64999389648438,192.75999450683594,192.9499969482422,8673,0.0,0.0
2024-07-18 12:30:00-04:00,193.0399932861328,193.57000732421875,192.9199981689453,192.94000244140625,9055,0.0,0.0
2024-07-18 13:30:00-04:00,193.02499389648438,193.25,191.97999572753906,191.97999572753906,7663,0.0,0.0
2024-07-18 14:30:00-04:00,191.97999572753906,191.97999572753906,190.97000122070312,191.23500061035156,13211,0.0,0.0
2024-07-18 15:30:00-04:00,191.24000549316406,191.72999572753906,190.66000366210938,190.75,59068,0.0,0.0
2024-07-19 09:30:00-04:00,190.27999877929688,191.05499267578125,189.14999389648438,189.24000549316406,16804,0.0,0.0
2024-07-19 10:30:00-04:00,189.25999450683594,190.1300048828125,188.7899932861328,189.74000549316406,14454,0.0,0.0
2024-07-19 11:30:00-04:00,189.69500732421875,191.47000122070312,189.60000610351562,191.1300048828125,9715,0.0,0.0
2024-07-19 12:30:00-04:00,191.15499877929688,191.25,190.30499267578125,190.60000610351562,12274,0.0,0.0
2024-07-19 13:30:00-04:00,190.94000244140625,191.18499755859375,190.6750030517578,190.6999969482422,6517,0.0,0.0
2024-07-19 14:30:00-04:00,190.35499572753906,191.60499572753906,190.22500610351562,191.22000122070312,12161,0.0,0.0
2024-07-19 15:30:00-04:00,191.3350067138672,191.42999267578125,190.32000732421875,190.33999633789062,42970,0.0,0.0
2024-07-22 09:30:00-04:00,191.1199951171875,191.36000061035156,190.67999267578125,191.3000030517578,7488,0.0,0.0
2024-07-22 10:30:00-04:00,191.07400512695312,191.8800048828125,191.07400512695312,191.63999938964844,6208,0.0,0.0
2024-07-22 11:30:00-04:00,191.38499450683594,191.66000366210938,191.22000122070312,191.66000366210938,5220,0.0,0.0
2024-07-22 12:30:00-04:00,191.57000732421875,191.82000732421875,190.9250030517578,191.74000549316406,12760,0.0,0.0
2024-07-22 13:30:00-04:00,191.75,193.13999938964844,191.64999389648438,193.13999938964844,13030,0.0,0.0
2024-07-22 14:30:00-04:00,193.1300048828125,194.6999969482422,193.1300048828125,194.17999267578125,23901,0.0,0.0
2024-07-22 15:30:00-04:00,194.18499755859375,195.10000610351562,194.0800018310547,195.0800018310547,42498,0.0,0.0
2024-07-23 09:30:00-04:00,194.1300048828125,196.17999267578125,194.05999755859375,196.0399932861328,3842,0.0,0.0
2024-07-23 10:30:00-04:00,195.85000610351562,197.02000427246094,195.85000610351562,196.50999450683594,7279,0.0,0.0
2024-07-23 11:30:00-04:00,196.21730041503906,196.21730041503906,195.52999877929688,195.61000061035156,8038,0.0,0.0
2024-07-23 12:30:00-04:00,195.72999572753906,196.08999633789062,195.45249938964844,195.6699981689453,6221,0.0,0.0
2024-07-23 13:30:00-04:00,195.50999450683594,196.05999755859375,195.50999450683594,196.05999755859375,6036,0.0,0.0
2024-07-23 14:30:00-04:00,196.14999389648438,196.2100067138672,195.8800048828125,196.0500030517578,6728,0.0,0.0
2024-07-23 15:30:00-04:00,195.9550018310547,195.9550018310547,195.08999633789062,195.1300048828125,26383,0.0,0.0
2024-07-24 09:30:00-04:00,194.2899932861328,196.36000061035156,193.8800048828125,195.10000610351562,14689,0.0,0.0
2024-07-24 10:30:00-04:00,195.16000366210938,196.0500030517578,195.0500030517578,195.82000732421875,11048,0.0,0.0
2024-07-24 11:30:00-04:00,195.63999938964844,195.9600067138672,195.4199981689453,195.72500610351562,12916,0.0,0.0
2024-07-24 12:30:00-04:00,195.57000732421875,195.80999755859375,195.1999969482422,195.5399932861328,10312,0.0,0.0
2024-07-24 13:30:00-04:00,195.38999938964844,195.64999389648438,195.16000366210938,195.32000732421875,11344,0.0,0.0
2024-07-24 14:30:00-04:00,195.30999755859375,195.30999755859375,193.41000366210938,193.41000366210938,17911,0.0,0.0
2024-07-24 15:30:00-04:00,193.56500244140625,194.08999633789062,191.9499969482422,192.02000427246094,52137,0.0,0.0
2024-07-25 09:30:00-04:00,188.8300018310547,194.21499633789062,188.8300018310547,191.5399932861328,41390,0.0,0.0
2024-07-25 10:30:00-04:00,191.5800018310547,193.58999633789062,191.3300018310547,193.58999633789062,27452,0.0,0.0
2024-07-25 11:30:00-04:00,193.84500122070312,193.8800048828125,189.8350067138672,190.2899932861328,18509,0.0,0.0
2024-07-25 12:30:00-04:00,190.17999267578125,193.8000030517578,188.05999755859375,192.41000366210938,32189,0.0,0.0
2024-07-25 13:30:00-04:00,191.55999755859375,191.77999877929688,190.39999389648438,191.24000549316406,15300,0.0,0.0
2024-07-25 14:30:00-04:00,191.24000549316406,192.5800018310547,189.89999389648438,192.52499389648438,33754,0.0,0.0
2024-07-25 15:30:00-04:00,192.6699981689453,193.16000366210938,191.57000732421875,191.5800018310547,81498,0.0,0.0
2024-07-26 09:30:00-04:00,193.1699981689453,193.1699981689453,191.47500610351562,191.73500061035156,14713,0.0,0.0
2024-07-26 10:30:00-04:00,191.73500061035156,192.10000610351562,191.24000549316406,191.77999877929688,18442,0.0,0.0
2024-07-26 11:30:00-04:00,191.77999877929688,192.4499969482422,191.73500061035156,192.25,12655,0.0,0.0
2024-07-26 12:30:00-04:00,192.5,193.0399932861328,192.24000549316406,193.0399932861328,13489,0.0,0.0
2024-07-26 13:30:00-04:00,193.0800018310547,193.22000122070312,189.94000244140625,189.94000244140625,11712,0.0,0.0
2024-07-26 14:30:00-04:00,189.97999572753906,190.16000366210938,188.4499969482422,189.3300018310547,22068,0.0,0.0
2024-07-26 15:30:00-04:00,189.3699951171875,189.74000549316406,188.64999389648438,189.6699981689453,42372,0.0,0.0
