Datetime,Open,High,Low,Close,Volume,Dividends,Stock Splits,Capital Gains
2022-07-28 09:30:00-04:00,82.80999755859375,82.9800033569336,82.0199966430664,82.0199966430664,16028,0.0,0.0,0.0
2022-07-28 10:30:00-04:00,81.80000305175781,82.21720123291016,81.56999969482422,82.21720123291016,6797,0.0,0.0,0.0
2022-07-28 11:30:00-04:00,82.16000366210938,82.51000213623047,82.16000366210938,82.2699966430664,5576,0.0,0.0,0.0
2022-07-28 12:30:00-04:00,82.1500015258789,82.43000030517578,82.0,82.43000030517578,2964,0.0,0.0,0.0
2022-07-28 13:30:00-04:00,82.38999938964844,82.5,82.33999633789062,82.33999633789062,3352,0.0,0.0,0.0
2022-07-28 14:30:00-04:00,82.36650085449219,82.68000030517578,82.36650085449219,82.51570129394531,2940,0.0,0.0,0.0
2022-07-28 15:30:00-04:00,82.5,82.62000274658203,82.5,82.55999755859375,2666,0.0,0.0,0.0
2022-07-29 09:30:00-04:00,82.54000091552734,82.7300033569336,81.44999694824219,82.70999908447266,18978,0.0,0.0,0.0
2022-07-29 10:30:00-04:00,82.70330047607422,83.46990203857422,82.69999694824219,83.13999938964844,16348,0.0,0.0,0.0
2022-07-29 11:30:00-04:00,82.95099639892578,83.47000122070312,82.95099639892578,83.11000061035156,7789,0.0,0.0,0.0
2022-07-29 12:30:00-04:00,83.12000274658203,83.2509994506836,82.80000305175781,83.2509994506836,6106,0.0,0.0,0.0
2022-07-29 13:30:00-04:00,83.22100067138672,83.31500244140625,83.19999694824219,83.19999694824219,6763,0.0,0.0,0.0
2022-07-29 14:30:00-04:00,83.18000030517578,83.26000213623047,82.98999786376953,83.03099822998047,9378,0.0,0.0,0.0
2022-07-29 15:30:00-04:00,83.08000183105469,83.16000366210938,82.8499984741211,82.8499984741211,13683,0.0,0.0,0.0
2022-08-01 09:30:00-04:00,84.06999969482422,84.5,83.80000305175781,83.8499984741211,66642,0.0,0.0,0.0
2022-08-01 10:30:00-04:00,83.94999694824219,84.81999969482422,83.90010070800781,84.7750015258789,33800,0.0,0.0,0.0
2022-08-01 11:30:00-04:00,84.66000366210938,84.66000366210938,84.05000305175781,84.3499984741211,8775,0.0,0.0,0.0
2022-08-01 12:30:00-04:00,84.30500030517578,84.36000061035156,84.16999816894531,84.16999816894531,5761,0.0,0.0,0.0
2022-08-01 13:30:00-04:00,84.05000305175781,84.2499008178711,84.0,84.0199966430664,26634,0.0,0.0,0.0
2022-08-01 14:30:00-04:00,84.13999938964844,84.38990020751953,84.0,84.30000305175781,4543,0.0,0.0,0.0
2022-08-01 15:30:00-04:00,84.39900207519531,84.44000244140625,84.30889892578125,84.44000244140625,0,0.0,0.0,0.0
2022-08-02 09:30:00-04:00,85.2300033569336,85.3499984741211,84.56999969482422,84.60299682617188,51100,0.0,0.0,0.0
2022-08-02 10:30:00-04:00,84.62000274658203,84.62300109863281,83.61000061035156,84.12000274658203,12167,0.0,0.0,0.0
2022-08-02 11:30:00-04:00,84.06999969482422,85.16500091552734,83.8301010131836,85.05000305175781,7875,0.0,0.0,0.0
2022-08-02 12:30:00-04:00,85.08000183105469,85.08000183105469,84.31999969482422,84.31999969482422,7120,0.0,0.0,0.0
2022-08-02 13:30:00-04:00,84.31999969482422,84.31999969482422,83.57499694824219,83.62999725341797,7746,0.0,0.0,0.0
2022-08-02 14:30:00-04:00,83.56999969482422,83.72789764404297,83.23999786376953,83.38009643554688,8517,0.0,0.0,0.0
2022-08-02 15:30:00-04:00,83.33999633789062,83.4800033569336,83.20999908447266,83.4800033569336,0,0.0,0.0,0.0
2022-08-03 09:30:00-04:00,83.69999694824219,83.7699966430664,82.70099639892578,83.0999984741211,10729,0.0,0.0,0.0
2022-08-03 10:30:00-04:00,82.83000183105469,82.9800033569336,82.7750015258789,82.9800033569336,5596,0.0,0.0,0.0
2022-08-03 11:30:00-04:00,83.06999969482422,83.33499908447266,82.9800033569336,83.23999786376953,4273,0.0,0.0,0.0
2022-08-03 12:30:00-04:00,83.5,83.51000213623047,83.0999984741211,83.2699966430664,3954,0.0,0.0,0.0
2022-08-03 13:30:00-04:00,83.2750015258789,83.52999877929688,83.25,83.42009735107422,1923,0.0,0.0,0.0
2022-08-03 14:30:00-04:00,83.47000122070312,83.72000122070312,83.29000091552734,83.62999725341797,3523,0.0,0.0,0.0
2022-08-03 15:30:00-04:00,83.6449966430664,83.70999908447266,83.56999969482422,83.56999969482422,0,0.0,0.0,0.0
2022-08-04 09:30:00-04:00,84.72000122070312,85.94999694824219,84.66999816894531,85.8499984741211,16340,0.0,0.0,0.0
2022-08-04 10:30:00-04:00,85.94000244140625,86.38999938964844,85.94000244140625,85.94999694824219,20387,0.0,0.0,0.0
2022-08-04 11:30:00-04:00,85.93499755859375,86.33999633789062,85.91500091552734,86.25,12719,0.0,0.0,0.0
2022-08-04 12:30:00-04:00,86.30999755859375,86.37000274658203,86.18199920654297,86.2699966430664,5149,0.0,0.0,0.0
2022-08-04 13:30:00-04:00,86.2300033569336,86.5,86.18000030517578,86.41000366210938,13966,0.0,0.0,0.0
2022-08-04 14:30:00-04:00,86.4800033569336,86.5999984741211,86.36399841308594,86.36399841308594,6566,0.0,0.0,0.0
2022-08-04 15:30:00-04:00,86.3499984741211,86.47000122070312,86.33000183105469,86.4000015258789,0,0.0,0.0,0.0
2022-08-05 09:30:00-04:00,85.80000305175781,86.6500015258789,85.80000305175781,86.44999694824219,26327,0.0,0.0,0.0
2022-08-05 10:30:00-04:00,86.72979736328125,87.01000213623047,86.6500015258789,86.73999786376953,5911,0.0,0.0,0.0
2022-08-05 11:30:00-04:00,86.81999969482422,86.94000244140625,86.5707015991211,86.5707015991211,2882,0.0,0.0,0.0
2022-08-05 12:30:00-04:00,86.37000274658203,86.37570190429688,86.1500015258789,86.1500015258789,6597,0.0,0.0,0.0
2022-08-05 13:30:00-04:00,86.31999969482422,86.50669860839844,86.31999969482422,86.33999633789062,1730,0.0,0.0,0.0
2022-08-05 14:30:00-04:00,86.44000244140625,86.58999633789062,86.37999725341797,86.48100280761719,11605,0.0,0.0,0.0
2022-08-05 15:30:00-04:00,86.4749984741211,86.76499938964844,86.4749984741211,86.58000183105469,2971,0.0,0.0,0.0
2022-08-08 09:30:00-04:00,86.94000244140625,87.5999984741211,86.94000244140625,87.24299621582031,16885,0.0,0.0,0.0
2022-08-08 10:30:00-04:00,87.5864028930664,88.30000305175781,87.4561996459961,88.30000305175781,15832,0.0,0.0,0.0
2022-08-08 11:30:00-04:00,88.0999984741211,88.16999816894531,87.5,87.5,22637,0.0,0.0,0.0
2022-08-08 12:30:00-04:00,87.5199966430664,87.55999755859375,87.19000244140625,87.33000183105469,6851,0.0,0.0,0.0
2022-08-08 13:30:00-04:00,87.13999938964844,87.1500015258789,87.08000183105469,87.12000274658203,9165,0.0,0.0,0.0
2022-08-08 14:30:00-04:00,87.19999694824219,87.4000015258789,87.1760025024414,87.1760025024414,7534,0.0,0.0,0.0
2022-08-08 15:30:00-04:00,87.40499877929688,87.41999816894531,87.3499984741211,87.3499984741211,2737,0.0,0.0,0.0
2022-08-09 09:30:00-04:00,87.5,87.7417984008789,86.8499984741211,86.8499984741211,10920,0.0,0.0,0.0
2022-08-09 10:30:00-04:00,86.79000091552734,87.0458984375,86.57009887695312,86.91010284423828,6947,0.0,0.0,0.0
2022-08-09 11:30:00-04:00,86.87000274658203,86.87000274658203,86.70500183105469,86.83000183105469,1045,0.0,0.0,0.0
2022-08-09 12:30:00-04:00,86.82499694824219,86.82499694824219,86.5250015258789,86.68009948730469,3090,0.0,0.0,0.0
2022-08-09 13:30:00-04:00,86.57559967041016,86.7511978149414,86.54139709472656,86.61000061035156,3910,0.0,0.0,0.0
2022-08-09 14:30:00-04:00,86.54000091552734,86.7970962524414,86.54000091552734,86.7970962524414,2569,0.0,0.0,0.0
2022-08-09 15:30:00-04:00,86.7300033569336,86.77999877929688,86.70999908447266,86.72000122070312,0,0.0,0.0,0.0
2022-08-10 09:30:00-04:00,86.94000244140625,87.41999816894531,86.62000274658203,87.26000213623047,8135,0.0,0.0,0.0
2022-08-10 10:30:00-04:00,87.3499984741211,87.86499786376953,87.30000305175781,87.69999694824219,6555,0.0,0.0,0.0
2022-08-10 11:30:00-04:00,87.66000366210938,88.0999984741211,87.61009979248047,87.75,9470,0.0,0.0,0.0
2022-08-10 12:30:00-04:00,87.95999908447266,88.12000274658203,87.95999908447266,87.97000122070312,4733,0.0,0.0,0.0
2022-08-10 13:30:00-04:00,87.91000366210938,87.91000366210938,87.5999984741211,87.66300201416016,13021,0.0,0.0,0.0
2022-08-10 14:30:00-04:00,87.5999984741211,87.66000366210938,87.3499984741211,87.4000015258789,8640,0.0,0.0,0.0
2022-08-10 15:30:00-04:00,87.42150115966797,87.5,87.41000366210938,87.41000366210938,0,0.0,0.0,0.0
2022-08-11 09:30:00-04:00,89.4000015258789,90.48999786376953,89.30000305175781,89.69999694824219,54323,0.0,0.0,0.0
2022-08-11 10:30:00-04:00,89.48999786376953,89.51000213623047,88.7699966430664,89.08999633789062,16531,0.0,0.0,0.0
2022-08-11 11:30:00-04:00,89.4000015258789,89.91999816894531,89.25,89.8499984741211,13206,0.0,0.0,0.0
2022-08-11 12:30:00-04:00,89.88999938964844,89.97000122070312,88.9800033569336,89.06999969482422,16528,0.0,0.0,0.0
2022-08-11 13:30:00-04:00,89.04499816894531,89.19999694824219,88.76000213623047,88.8563003540039,8611,0.0,0.0,0.0
2022-08-11 14:30:00-04:00,88.88999938964844,89.04000091552734,88.8499984741211,88.94999694824219,3991,0.0,0.0,0.0
2022-08-11 15:30:00-04:00,89.05500030517578,89.05500030517578,88.79000091552734,88.80000305175781,0,0.0,0.0,0.0
2022-08-12 09:30:00-04:00,88.5999984741211,88.5999984741211,88.29000091552734,88.55999755859375,7452,0.0,0.0,0.0
2022-08-12 10:30:00-04:00,88.45999908447266,89.05000305175781,88.375,88.91690063476562,5825,0.0,0.0,0.0
2022-08-12 11:30:00-04:00,89.05000305175781,89.18000030517578,88.77999877929688,88.87999725341797,3635,0.0,0.0,0.0
2022-08-12 12:30:00-04:00,88.80000305175781,89.27999877929688,88.80000305175781,89.27999877929688,4530,0.0,0.0,0.0
2022-08-12 13:30:00-04:00,89.27999877929688,89.35340118408203,89.0999984741211,89.35340118408203,3147,0.0,0.0,0.0
2022-08-12 14:30:00-04:00,89.33219909667969,89.38999938964844,89.1531982421875,89.1531982421875,6363,0.0,0.0,0.0
2022-08-12 15:30:00-04:00,89.30000305175781,89.4188003540039,89.26499938964844,89.30000305175781,5110,0.0,0.0,0.0
2022-08-15 09:30:00-04:00,87.18000030517578,87.19999694824219,85.7322998046875,85.79000091552734,33165,0.0,0.0,0.0
2022-08-15 10:30:00-04:00,86.06500244140625,86.81999969482422,85.97010040283203,86.81999969482422,12634,0.0,0.0,0.0
2022-08-15 11:30:00-04:00,86.97000122070312,87.05840301513672,86.70999908447266,86.7500991821289,7898,0.0,0.0,0.0
2022-08-15 12:30:00-04:00,86.88999938964844,87.08000183105469,86.83999633789062,87.08000183105469,10244,0.0,0.0,0.0
2022-08-15 13:30:00-04:00,86.82360076904297,86.84880065917969,86.68000030517578,86.6803970336914,1273,0.0,0.0,0.0
2022-08-15 14:30:00-04:00,86.7300033569336,86.83999633789062,86.47000122070312,86.77999877929688,4428,0.0,0.0,0.0
2022-08-15 15:30:00-04:00,86.80000305175781,86.91000366210938,86.72000122070312,86.72000122070312,0,0.0,0.0,0.0
2022-08-16 09:30:00-04:00,86.43000030517578,87.47000122070312,86.43000030517578,87.28500366210938,7642,0.0,0.0,0.0
2022-08-16 10:30:00-04:00,87.1500015258789,87.58999633789062,86.9000015258789,86.9000015258789,11110,0.0,0.0,0.0
2022-08-16 11:30:00-04:00,86.87000274658203,86.87000274658203,86.37000274658203,86.73999786376953,6065,0.0,0.0,0.0
2022-08-16 12:30:00-04:00,86.69999694824219,86.77999877929688,86.61000061035156,86.77999877929688,1529,0.0,0.0,0.0
2022-08-16 13:30:00-04:00,86.77999877929688,87.05000305175781,86.77999877929688,87.04900360107422,1983,0.0,0.0,0.0
2022-08-16 14:30:00-04:00,87.04000091552734,87.12000274658203,86.7500991821289,86.91000366210938,2968,0.0,0.0,0.0
2022-08-16 15:30:00-04:00,86.8499984741211,86.95999908447266,86.8499984741211,86.95999908447266,0,0.0,0.0,0.0
2022-08-17 09:30:00-04:00,86.19999694824219,86.66999816894531,85.87999725341797,86.3499984741211,10341,0.0,0.0,0.0
2022-08-17 10:30:00-04:00,86.54000091552734,86.54000091552734,85.79000091552734,85.86000061035156,3967,0.0,0.0,0.0
2022-08-17 11:30:00-04:00,85.44999694824219,85.66999816894531,85.27999877929688,85.56999969482422,9145,0.0,0.0,0.0
2022-08-17 12:30:00-04:00,85.69000244140625,85.87999725341797,85.6500015258789,85.76000213623047,7159,0.0,0.0,0.0
2022-08-17 13:30:00-04:00,85.97000122070312,86.45999908447266,85.97000122070312,86.16999816894531,3048,0.0,0.0,0.0
2022-08-17 14:30:00-04:00,86.11000061035156,86.33999633789062,85.81999969482422,85.8499984741211,14057,0.0,0.0,0.0
2022-08-17 15:30:00-04:00,85.96499633789062,86.0199966430664,85.86000061035156,85.86000061035156,0,0.0,0.0,0.0
2022-08-18 09:30:00-04:00,85.58999633789062,85.58999633789062,85.0999984741211,85.31999969482422,12479,0.0,0.0,0.0
2022-08-18 10:30:00-04:00,85.25,85.35910034179688,85.18000030517578,85.27899932861328,4506,0.0,0.0,0.0
2022-08-18 11:30:00-04:00,85.19999694824219,85.19999694824219,84.70999908447266,84.81330108642578,12280,0.0,0.0,0.0
2022-08-18 12:30:00-04:00,84.77999877929688,84.91999816894531,84.6500015258789,84.88999938964844,5846,0.0,0.0,0.0
2022-08-18 13:30:00-04:00,84.86000061035156,84.97979736328125,84.75,84.97979736328125,3411,0.0,0.0,0.0
2022-08-18 14:30:00-04:00,84.87000274658203,84.98989868164062,84.6500015258789,84.98989868164062,5722,0.0,0.0,0.0
2022-08-18 15:30:00-04:00,84.9999008178711,84.9999008178711,84.6500015258789,84.6500015258789,0,0.0,0.0,0.0
2022-08-19 09:30:00-04:00,83.94000244140625,83.94000244140625,83.0,83.20999908447266,34299,0.0,0.0,0.0
2022-08-19 10:30:00-04:00,83.11000061035156,83.11000061035156,82.54010009765625,82.56999969482422,16791,0.0,0.0,0.0
2022-08-19 11:30:00-04:00,82.71009826660156,83.23999786376953,82.69010162353516,83.23999786376953,4669,0.0,0.0,0.0
2022-08-19 12:30:00-04:00,83.16000366210938,83.3499984741211,82.8949966430664,82.9000015258789,17709,0.0,0.0,0.0
2022-08-19 13:30:00-04:00,82.81999969482422,83.12999725341797,82.81999969482422,83.01000213623047,5480,0.0,0.0,0.0
2022-08-19 14:30:00-04:00,83.08000183105469,83.25990295410156,82.83000183105469,83.04000091552734,4166,0.0,0.0,0.0
2022-08-19 15:30:00-04:00,83.17500305175781,83.17500305175781,83.0,83.05999755859375,4514,0.0,0.0,0.0
2022-08-22 09:30:00-04:00,81.38999938964844,81.38999938964844,80.69999694824219,81.13999938964844,46913,0.0,0.0,0.0
2022-08-22 10:30:00-04:00,81.3499984741211,81.52999877929688,81.16999816894531,81.16999816894531,5500,0.0,0.0,0.0
2022-08-22 11:30:00-04:00,81.20570373535156,81.44000244140625,81.11000061035156,81.12999725341797,21956,0.0,0.0,0.0
2022-08-22 12:30:00-04:00,81.13999938964844,81.43000030517578,80.8499984741211,80.89520263671875,16027,0.0,0.0,0.0
2022-08-22 13:30:00-04:00,80.8499984741211,81.18840026855469,80.8499984741211,81.02999877929688,18743,0.0,0.0,0.0
2022-08-22 14:30:00-04:00,81.11000061035156,81.1395034790039,81.02999877929688,81.11000061035156,2509,0.0,0.0,0.0
2022-08-22 15:30:00-04:00,81.11000061035156,81.21990203857422,80.94999694824219,81.12000274658203,11531,0.0,0.0,0.0
2022-08-23 09:30:00-04:00,80.6500015258789,82.08560180664062,80.54000091552734,81.80000305175781,30978,0.0,0.0,0.0
2022-08-23 10:30:00-04:00,81.6500015258789,82.68499755859375,81.6500015258789,82.68499755859375,15035,0.0,0.0,0.0
2022-08-23 11:30:00-04:00,82.55000305175781,82.6227035522461,82.2300033569336,82.2300033569336,4175,0.0,0.0,0.0
2022-08-23 12:30:00-04:00,82.15499877929688,82.15499877929688,81.83999633789062,81.97599792480469,7555,0.0,0.0,0.0
2022-08-23 13:30:00-04:00,82.03679656982422,82.06420135498047,81.73650360107422,81.9000015258789,7324,0.0,0.0,0.0
2022-08-23 14:30:00-04:00,82.02989959716797,82.02989959716797,81.8499984741211,81.87999725341797,1853,0.0,0.0,0.0
2022-08-23 15:30:00-04:00,81.91999816894531,82.04000091552734,81.9000015258789,81.9000015258789,9465,0.0,0.0,0.0
2022-08-24 09:30:00-04:00,81.12999725341797,81.37999725341797,80.52999877929688,81.27999877929688,31799,0.0,0.0,0.0
2022-08-24 10:30:00-04:00,81.19000244140625,81.71900177001953,80.91999816894531,81.70999908447266,10582,0.0,0.0,0.0
2022-08-24 11:30:00-04:00,81.37000274658203,81.6343002319336,81.19000244140625,81.48999786376953,3819,0.0,0.0,0.0
2022-08-24 12:30:00-04:00,81.44999694824219,81.44999694824219,81.29000091552734,81.37000274658203,6352,0.0,0.0,0.0
2022-08-24 13:30:00-04:00,81.27050018310547,81.44999694824219,81.2333984375,81.32499694824219,5499,0.0,0.0,0.0
2022-08-24 14:30:00-04:00,81.48999786376953,81.61900329589844,81.38999938964844,81.61900329589844,10784,0.0,0.0,0.0
2022-08-24 15:30:00-04:00,81.58000183105469,81.70999908447266,81.51000213623047,81.70999908447266,0,0.0,0.0,0.0
2022-08-25 09:30:00-04:00,82.02999877929688,82.02999877929688,81.62000274658203,81.62999725341797,9768,0.0,0.0,0.0
2022-08-25 10:30:00-04:00,81.79000091552734,82.0999984741211,81.79000091552734,81.80999755859375,7635,0.0,0.0,0.0
2022-08-25 11:30:00-04:00,81.79000091552734,81.79879760742188,81.5999984741211,81.79879760742188,4531,0.0,0.0,0.0
2022-08-25 12:30:00-04:00,82.0,82.0999984741211,81.93000030517578,81.98999786376953,24722,0.0,0.0,0.0
2022-08-25 13:30:00-04:00,82.04199981689453,82.04199981689453,81.83999633789062,81.88150024414062,2901,0.0,0.0,0.0
2022-08-25 14:30:00-04:00,81.97000122070312,82.0999984741211,81.8916015625,82.0999984741211,7661,0.0,0.0,0.0
2022-08-25 15:30:00-04:00,82.0999984741211,82.19499969482422,82.06999969482422,82.06999969482422,0,0.0,0.0,0.0
2022-08-26 09:30:00-04:00,81.7699966430664,82.1500015258789,81.30000305175781,81.77999877929688,22102,0.0,0.0,0.0
2022-08-26 10:30:00-04:00,81.45999908447266,81.45999908447266,80.69999694824219,80.9000015258789,19132,0.0,0.0,0.0
2022-08-26 11:30:00-04:00,80.9000015258789,81.1500015258789,80.61000061035156,80.7300033569336,17107,0.0,0.0,0.0
2022-08-26 12:30:00-04:00,80.68000030517578,80.68000030517578,80.22000122070312,80.44999694824219,16846,0.0,0.0,0.0
2022-08-26 13:30:00-04:00,80.37999725341797,80.4000015258789,80.1500015258789,80.29000091552734,5429,0.0,0.0,0.0
2022-08-26 14:30:00-04:00,80.13999938964844,80.2300033569336,80.0,80.11000061035156,15594,0.0,0.0,0.0
2022-08-26 15:30:00-04:00,80.11000061035156,80.23999786376953,80.08070373535156,80.12999725341797,7982,0.0,0.0,0.0
2022-08-29 09:30:00-04:00,80.19999694824219,81.0,80.19000244140625,80.63999938964844,17827,0.0,0.0,0.0
2022-08-29 10:30:00-04:00,80.41999816894531,80.41999816894531,80.12999725341797,80.20999908447266,8558,0.0,0.0,0.0
2022-08-29 11:30:00-04:00,80.16999816894531,80.38999938964844,80.0999984741211,80.33000183105469,6388,0.0,0.0,0.0
2022-08-29 12:30:00-04:00,80.26499938964844,80.5,80.13999938964844,80.2300033569336,3533,0.0,0.0,0.0
2022-08-29 13:30:00-04:00,80.29000091552734,80.58000183105469,80.26000213623047,80.30000305175781,6828,0.0,0.0,0.0
2022-08-29 14:30:00-04:00,80.30000305175781,80.44999694824219,80.23999786376953,80.33000183105469,5683,0.0,0.0,0.0
2022-08-29 15:30:00-04:00,80.2699966430664,80.4000015258789,80.2699966430664,80.4000015258789,0,0.0,0.0,0.0
2022-08-30 09:30:00-04:00,79.80999755859375,79.80999755859375,78.66999816894531,78.94210052490234,35509,0.0,0.0,0.0
2022-08-30 10:30:00-04:00,78.77999877929688,78.88999938964844,78.54000091552734,78.76000213623047,21156,0.0,0.0,0.0
2022-08-30 11:30:00-04:00,78.73999786376953,78.87000274658203,78.55000305175781,78.68000030517578,14434,0.0,0.0,0.0
2022-08-30 12:30:00-04:00,78.69999694824219,78.77999877929688,78.63999938964844,78.69999694824219,3446,0.0,0.0,0.0
2022-08-30 13:30:00-04:00,78.81999969482422,78.8499984741211,78.66000366210938,78.66000366210938,15525,0.0,0.0,0.0
2022-08-30 14:30:00-04:00,78.69000244140625,78.9000015258789,78.66010284423828,78.80999755859375,10393,0.0,0.0,0.0
2022-08-30 15:30:00-04:00,78.76100158691406,78.86000061035156,78.74500274658203,78.74500274658203,3315,0.0,0.0,0.0
2022-08-31 09:30:00-04:00,78.55000305175781,79.08200073242188,78.54000091552734,78.75,20286,0.0,0.0,0.0
2022-08-31 10:30:00-04:00,78.93000030517578,79.09989929199219,78.69999694824219,78.94999694824219,7973,0.0,0.0,0.0
2022-08-31 11:30:00-04:00,78.8499984741211,78.9489974975586,78.69999694824219,78.69999694824219,8593,0.0,0.0,0.0
2022-08-31 12:30:00-04:00,78.5999984741211,78.66999816894531,78.26000213623047,78.29000091552734,10957,0.0,0.0,0.0
2022-08-31 13:30:00-04:00,78.3499984741211,78.4999008178711,78.23999786376953,78.44000244140625,8778,0.0,0.0,0.0
2022-08-31 14:30:00-04:00,78.41999816894531,78.43000030517578,78.26000213623047,78.29000091552734,9150,0.0,0.0,0.0
2022-08-31 15:30:00-04:00,78.33000183105469,78.43000030517578,78.26000213623047,78.26000213623047,0,0.0,0.0,0.0
2022-09-01 09:30:00-04:00,77.44000244140625,77.44000244140625,76.08999633789062,76.81009674072266,58478,0.0,0.0,0.0
2022-09-01 10:30:00-04:00,76.77999877929688,77.0199966430664,76.5,76.70999908447266,10603,0.0,0.0,0.0
2022-09-01 11:30:00-04:00,76.68000030517578,77.25,76.68000030517578,76.96009826660156,21493,0.0,0.0,0.0
2022-09-01 12:30:00-04:00,76.86199951171875,76.94999694824219,76.59010314941406,76.94999694824219,6404,0.0,0.0,0.0
2022-09-01 13:30:00-04:00,77.0199966430664,77.0199966430664,76.77010345458984,76.99690246582031,10893,0.0,0.0,0.0
2022-09-01 14:30:00-04:00,76.98999786376953,76.98999786376953,76.66999816894531,76.70999908447266,17367,0.0,0.0,0.0
2022-09-01 15:30:00-04:00,76.70999908447266,76.80000305175781,76.65010070800781,76.76000213623047,0,0.0,0.0,0.0
2022-09-02 09:30:00-04:00,78.38999938964844,78.38999938964844,77.75,78.2300033569336,59440,0.0,0.0,0.0
2022-09-02 10:30:00-04:00,78.18000030517578,78.52140045166016,78.17500305175781,78.45819854736328,19465,0.0,0.0,0.0
2022-09-02 11:30:00-04:00,78.4000015258789,78.52999877929688,78.23999786376953,78.23999786376953,13457,0.0,0.0,0.0
2022-09-02 12:30:00-04:00,78.08000183105469,78.08000183105469,77.51000213623047,77.66000366210938,17438,0.0,0.0,0.0
2022-09-02 13:30:00-04:00,77.66000366210938,77.91809844970703,77.55000305175781,77.87000274658203,8674,0.0,0.0,0.0
2022-09-02 14:30:00-04:00,78.08999633789062,78.08999633789062,77.69999694824219,77.69999694824219,3598,0.0,0.0,0.0
2022-09-02 15:30:00-04:00,77.73999786376953,77.73999786376953,77.47000122070312,77.6500015258789,23306,0.0,0.0,0.0
2022-09-06 09:30:00-04:00,79.5999984741211,79.94999694824219,78.75,79.29989624023438,34587,0.0,0.0,0.0
2022-09-06 10:30:00-04:00,79.12000274658203,79.4000015258789,78.88999938964844,78.88999938964844,6475,0.0,0.0,0.0
2022-09-06 11:30:00-04:00,78.88999938964844,79.07489776611328,78.75,78.75499725341797,3380,0.0,0.0,0.0
2022-09-06 12:30:00-04:00,78.94999694824219,79.25990295410156,78.72000122070312,78.77200317382812,6083,0.0,0.0,0.0
2022-09-06 13:30:00-04:00,78.83000183105469,79.02999877929688,78.70999908447266,78.93000030517578,3847,0.0,0.0,0.0
2022-09-06 14:30:00-04:00,78.86000061035156,79.33000183105469,78.86000061035156,79.16999816894531,3713,0.0,0.0,0.0
2022-09-06 15:30:00-04:00,79.12000274658203,79.23999786376953,79.0999984741211,79.15499877929688,3114,0.0,0.0,0.0
2022-09-07 09:30:00-04:00,79.2300033569336,79.94000244140625,79.20999908447266,79.73999786376953,29193,0.0,0.0,0.0
2022-09-07 10:30:00-04:00,79.9800033569336,80.25,79.70999908447266,79.86589813232422,7358,0.0,0.0,0.0
2022-09-07 11:30:00-04:00,79.81500244140625,79.81999969482422,79.4800033569336,79.62999725341797,4277,0.0,0.0,0.0
2022-09-07 12:30:00-04:00,79.83000183105469,80.48999786376953,79.8280029296875,80.48999786376953,7725,0.0,0.0,0.0
2022-09-07 13:30:00-04:00,80.37999725341797,80.5,80.37999725341797,80.38999938964844,5010,0.0,0.0,0.0
2022-09-07 14:30:00-04:00,80.4000015258789,80.51000213623047,80.29149627685547,80.51000213623047,5392,0.0,0.0,0.0
2022-09-07 15:30:00-04:00,80.45500183105469,80.58000183105469,80.41999816894531,80.44999694824219,7440,0.0,0.0,0.0
2022-09-08 09:30:00-04:00,80.97000122070312,81.48999786376953,80.97000122070312,81.06999969482422,30183,0.0,0.0,0.0
2022-09-08 10:30:00-04:00,81.0999984741211,82.12989807128906,81.0999984741211,81.9800033569336,30983,0.0,0.0,0.0
2022-09-08 11:30:00-04:00,82.07990264892578,82.07990264892578,80.93009948730469,81.24150085449219,6777,0.0,0.0,0.0
2022-09-08 12:30:00-04:00,81.12999725341797,81.73999786376953,81.12000274658203,81.73999786376953,6970,0.0,0.0,0.0
2022-09-08 13:30:00-04:00,81.78900146484375,81.9666976928711,81.6240005493164,81.72000122070312,8798,0.0,0.0,0.0
2022-09-08 14:30:00-04:00,81.79000091552734,81.95970153808594,81.5999984741211,81.66000366210938,12451,0.0,0.0,0.0
2022-09-08 15:30:00-04:00,81.69999694824219,81.7699966430664,81.56999969482422,81.73999786376953,15413,0.0,0.0,0.0
2022-09-09 09:30:00-04:00,81.25,82.0,81.22000122070312,81.78589630126953,16565,0.0,0.0,0.0
2022-09-09 10:30:00-04:00,81.80000305175781,81.83999633789062,81.63999938964844,81.66999816894531,3233,0.0,0.0,0.0
2022-09-09 11:30:00-04:00,81.91439819335938,81.91439819335938,81.63999938964844,81.68000030517578,9193,0.0,0.0,0.0
2022-09-09 12:30:00-04:00,81.77999877929688,82.11730194091797,81.77999877929688,81.95459747314453,6237,0.0,0.0,0.0
2022-09-09 13:30:00-04:00,81.8678970336914,81.8678970336914,81.56999969482422,81.69000244140625,4535,0.0,0.0,0.0
2022-09-09 14:30:00-04:00,81.70999908447266,81.73729705810547,81.5801010131836,81.68000030517578,11704,0.0,0.0,0.0
2022-09-09 15:30:00-04:00,81.64240264892578,81.69999694824219,81.62000274658203,81.62000274658203,3599,0.0,0.0,0.0
2022-09-12 09:30:00-04:00,83.44999694824219,83.72000122070312,83.19999694824219,83.69999694824219,55356,0.0,0.0,0.0
2022-09-12 10:30:00-04:00,83.625,83.93000030517578,83.30999755859375,83.93000030517578,19301,0.0,0.0,0.0
2022-09-12 11:30:00-04:00,83.82250213623047,84.19999694824219,83.76100158691406,84.01000213623047,16813,0.0,0.0,0.0
2022-09-12 12:30:00-04:00,84.13999938964844,84.27110290527344,84.01000213623047,84.01000213623047,5913,0.0,0.0,0.0
2022-09-12 13:30:00-04:00,83.95999908447266,84.0,83.65249633789062,83.8499984741211,11659,0.0,0.0,0.0
2022-09-12 14:30:00-04:00,83.83999633789062,83.98650360107422,83.83999633789062,83.97000122070312,5063,0.0,0.0,0.0
2022-09-12 15:30:00-04:00,83.99800109863281,84.12000274658203,83.9800033569336,84.12000274658203,0,0.0,0.0,0.0
2022-09-13 09:30:00-04:00,83.52999877929688,84.0,83.44999694824219,83.80000305175781,56979,0.0,0.0,0.0
2022-09-13 10:30:00-04:00,83.75,83.86029815673828,83.33000183105469,83.6500015258789,14048,0.0,0.0,0.0
2022-09-13 11:30:00-04:00,83.625,83.625,82.08000183105469,82.08000183105469,17015,0.0,0.0,0.0
2022-09-13 12:30:00-04:00,82.19000244140625,82.62999725341797,82.11009979248047,82.62999725341797,11918,0.0,0.0,0.0
2022-09-13 13:30:00-04:00,82.5,82.5,82.20999908447266,82.29920196533203,2467,0.0,0.0,0.0
2022-09-13 14:30:00-04:00,82.1500015258789,82.1500015258789,81.56009674072266,81.61000061035156,15780,0.0,0.0,0.0
2022-09-13 15:30:00-04:00,81.58000183105469,81.80999755859375,81.5199966430664,81.66999816894531,6870,0.0,0.0,0.0
2022-09-14 09:30:00-04:00,83.5999984741211,84.34249877929688,83.5999984741211,83.9219970703125,22424,0.0,0.0,0.0
2022-09-14 10:30:00-04:00,83.9520034790039,84.80999755859375,83.9520034790039,84.68000030517578,18805,0.0,0.0,0.0
2022-09-14 11:30:00-04:00,84.3499984741211,84.75,84.29000091552734,84.44999694824219,12349,0.0,0.0,0.0
2022-09-14 12:30:00-04:00,84.38999938964844,84.46430206298828,84.08000183105469,84.08000183105469,3713,0.0,0.0,0.0
2022-09-14 13:30:00-04:00,84.0999984741211,84.16999816894531,83.95999908447266,83.95999908447266,4169,0.0,0.0,0.0
2022-09-14 14:30:00-04:00,84.05500030517578,84.19000244140625,83.83000183105469,83.83000183105469,1869,0.0,0.0,0.0
2022-09-14 15:30:00-04:00,83.87000274658203,84.19000244140625,83.82499694824219,84.19000244140625,5634,0.0,0.0,0.0
2022-09-15 09:30:00-04:00,84.69999694824219,85.5,84.62999725341797,85.18000030517578,60958,0.0,0.0,0.0
2022-09-15 10:30:00-04:00,85.0999984741211,85.0999984741211,84.06500244140625,84.19999694824219,10172,0.0,0.0,0.0
2022-09-15 11:30:00-04:00,84.1449966430664,84.44000244140625,83.76100158691406,84.08999633789062,8492,0.0,0.0,0.0
2022-09-15 12:30:00-04:00,83.94000244140625,84.2300033569336,83.9000015258789,84.11000061035156,5675,0.0,0.0,0.0
2022-09-15 13:30:00-04:00,84.14610290527344,84.20999908447266,84.02999877929688,84.02999877929688,11884,0.0,0.0,0.0
2022-09-15 14:30:00-04:00,84.14409637451172,84.19000244140625,83.9000015258789,84.01000213623047,7837,0.0,0.0,0.0
2022-09-15 15:30:00-04:00,83.94000244140625,84.08219909667969,83.91999816894531,84.08219909667969,0,0.0,0.0,0.0
2022-09-16 09:30:00-04:00,82.81999969482422,83.7698974609375,82.5,83.55500030517578,21724,0.0,0.0,0.0
2022-09-16 10:30:00-04:00,83.58499908447266,83.77870178222656,83.46199798583984,83.76830291748047,5410,0.0,0.0,0.0
2022-09-16 11:30:00-04:00,83.7146987915039,84.19599914550781,83.41999816894531,83.62999725341797,18733,0.0,0.0,0.0
2022-09-16 12:30:00-04:00,83.68000030517578,83.98999786376953,83.58999633789062,83.98989868164062,5500,0.0,0.0,0.0
2022-09-16 13:30:00-04:00,83.93000030517578,84.11000061035156,83.91000366210938,84.0199966430664,3077,0.0,0.0,0.0
2022-09-16 14:30:00-04:00,84.05999755859375,84.37000274658203,84.05999755859375,84.25,10706,0.0,0.0,0.0
2022-09-16 15:30:00-04:00,84.12000274658203,84.29000091552734,84.12000274658203,84.29000091552734,3133,0.0,0.0,0.0
2022-09-19 09:30:00-04:00,83.9000015258789,84.66899871826172,83.9000015258789,84.66899871826172,6865,0.0,0.0,0.0
2022-09-19 10:30:00-04:00,84.5199966430664,85.5999984741211,84.5199966430664,85.5,9746,0.0,0.0,0.0
2022-09-19 11:30:00-04:00,85.26000213623047,85.5,84.97000122070312,84.9800033569336,9065,0.0,0.0,0.0
2022-09-19 12:30:00-04:00,85.0999984741211,85.43090057373047,85.0,85.0,8854,0.0,0.0,0.0
2022-09-19 13:30:00-04:00,85.08000183105469,85.2699966430664,85.08000183105469,85.13999938964844,9197,0.0,0.0,0.0
2022-09-19 14:30:00-04:00,85.38999938964844,85.52999877929688,85.33499908447266,85.52999877929688,2943,0.0,0.0,0.0
2022-09-19 15:30:00-04:00,85.44999694824219,85.47989654541016,85.31999969482422,85.31999969482422,1997,0.0,0.0,0.0
2022-09-20 09:30:00-04:00,85.41999816894531,85.55000305175781,84.95999908447266,85.4000015258789,26910,0.0,0.0,0.0
2022-09-20 10:30:00-04:00,85.22000122070312,85.77999877929688,85.19999694824219,85.72000122070312,42720,0.0,0.0,0.0
2022-09-20 11:30:00-04:00,85.65969848632812,85.7166976928711,85.25,85.36000061035156,18719,0.0,0.0,0.0
2022-09-20 12:30:00-04:00,85.31999969482422,85.56999969482422,85.31999969482422,85.3949966430664,6165,0.0,0.0,0.0
2022-09-20 13:30:00-04:00,85.27999877929688,85.55010223388672,85.25,85.55010223388672,3706,0.0,0.0,0.0
2022-09-20 14:30:00-04:00,85.51100158691406,85.6792984008789,85.26000213623047,85.51000213623047,7035,0.0,0.0,0.0
2022-09-20 15:30:00-04:00,85.50399780273438,85.70999908447266,85.45999908447266,85.5199966430664,0,0.0,0.0,0.0
2022-09-21 09:30:00-04:00,85.58999633789062,85.58999633789062,84.55000305175781,84.62580108642578,30233,0.0,0.0,0.0
2022-09-21 10:30:00-04:00,84.63999938964844,85.02999877929688,84.54010009765625,84.83000183105469,8382,0.0,0.0,0.0
2022-09-21 11:30:00-04:00,85.04000091552734,85.08999633789062,84.83000183105469,84.95999908447266,2671,0.0,0.0,0.0
2022-09-21 12:30:00-04:00,84.94999694824219,84.9800033569336,84.69999694824219,84.9800033569336,6000,0.0,0.0,0.0
2022-09-21 13:30:00-04:00,84.97010040283203,85.26000213623047,84.05000305175781,84.4000015258789,29863,0.0,0.0,0.0
2022-09-21 14:30:00-04:00,84.2300033569336,85.38999938964844,84.18000030517578,84.77999877929688,50420,0.0,0.0,0.0
2022-09-21 15:30:00-04:00,84.52999877929688,84.66000366210938,84.43000030517578,84.43000030517578,9203,0.0,0.0,0.0
2022-09-22 09:30:00-04:00,84.52999877929688,84.75,84.0999984741211,84.58080291748047,13703,0.0,0.0,0.0
2022-09-22 10:30:00-04:00,84.41999816894531,84.54989624023438,83.95829772949219,83.95829772949219,5531,0.0,0.0,0.0
2022-09-22 11:30:00-04:00,83.9000015258789,84.08999633789062,83.70999908447266,83.96269989013672,15947,0.0,0.0,0.0
2022-09-22 12:30:00-04:00,83.79000091552734,84.02999877929688,83.66999816894531,83.86000061035156,8321,0.0,0.0,0.0
2022-09-22 13:30:00-04:00,83.81999969482422,83.91999816894531,83.43000030517578,83.47000122070312,10931,0.0,0.0,0.0
2022-09-22 14:30:00-04:00,83.58999633789062,83.77989959716797,83.44999694824219,83.4800033569336,11563,0.0,0.0,0.0
2022-09-22 15:30:00-04:00,83.58999633789062,83.66349792480469,83.44000244140625,83.44000244140625,5245,0.0,0.0,0.0
2022-09-23 09:30:00-04:00,80.76000213623047,80.76000213623047,80.08999633789062,80.26000213623047,38704,0.0,0.0,0.0
2022-09-23 10:30:00-04:00,80.20500183105469,80.23999786376953,79.53500366210938,80.23999786376953,25168,0.0,0.0,0.0
2022-09-23 11:30:00-04:00,80.20999908447266,80.20999908447266,79.79010009765625,80.00990295410156,16149,0.0,0.0,0.0
2022-09-23 12:30:00-04:00,79.91999816894531,80.05000305175781,79.77999877929688,79.98999786376953,10324,0.0,0.0,0.0
2022-09-23 13:30:00-04:00,79.94000244140625,79.94000244140625,79.61000061035156,79.87999725341797,12663,0.0,0.0,0.0
2022-09-23 14:30:00-04:00,79.81999969482422,79.87999725341797,79.5,79.62000274658203,18713,0.0,0.0,0.0
2022-09-23 15:30:00-04:00,79.72000122070312,79.9999008178711,79.5999984741211,79.61000061035156,6064,0.0,0.0,0.0
2022-09-26 09:30:00-04:00,80.11000061035156,80.37999725341797,79.91500091552734,80.30999755859375,43167,0.0,0.0,0.0
2022-09-26 10:30:00-04:00,80.23999786376953,80.4000015258789,79.95500183105469,79.95500183105469,8309,0.0,0.0,0.0
2022-09-26 11:30:00-04:00,79.77429962158203,79.87999725341797,79.3499984741211,79.3499984741211,16356,0.0,0.0,0.0
2022-09-26 12:30:00-04:00,79.12010192871094,79.48500061035156,79.0,79.05999755859375,5932,0.0,0.0,0.0
2022-09-26 13:30:00-04:00,79.19000244140625,79.27999877929688,79.07129669189453,79.1500015258789,16170,0.0,0.0,0.0
2022-09-26 14:30:00-04:00,79.08000183105469,79.5,79.08000183105469,79.38999938964844,6462,0.0,0.0,0.0
2022-09-26 15:30:00-04:00,79.20999908447266,79.30000305175781,79.12999725341797,79.12999725341797,0,0.0,0.0,0.0
2022-09-27 09:30:00-04:00,79.51000213623047,80.17900085449219,79.49009704589844,79.55000305175781,31216,0.0,0.0,0.0
2022-09-27 10:30:00-04:00,79.71499633789062,79.86000061035156,79.41100311279297,79.45999908447266,12441,0.0,0.0,0.0
2022-09-27 11:30:00-04:00,79.5,79.56999969482422,78.94499969482422,78.9749984741211,6267,0.0,0.0,0.0
2022-09-27 12:30:00-04:00,79.04499816894531,79.14579772949219,78.72810363769531,78.72810363769531,2967,0.0,0.0,0.0
2022-09-27 13:30:00-04:00,78.89990234375,78.89990234375,78.7300033569336,78.82499694824219,5072,0.0,0.0,0.0
2022-09-27 14:30:00-04:00,78.91999816894531,79.04000091552734,78.69999694824219,78.76000213623047,38757,0.0,0.0,0.0
2022-09-27 15:30:00-04:00,78.69599914550781,78.80000305175781,78.61799621582031,78.72000122070312,0,0.0,0.0,0.0
2022-09-28 09:30:00-04:00,79.0,79.5822982788086,79.0,79.33999633789062,23767,0.0,0.0,0.0
2022-09-28 10:30:00-04:00,79.41000366210938,79.55989837646484,78.94499969482422,79.16000366210938,12848,0.0,0.0,0.0
2022-09-28 11:30:00-04:00,79.11000061035156,80.61000061035156,79.11000061035156,80.19000244140625,52561,0.0,0.0,0.0
2022-09-28 12:30:00-04:00,80.32620239257812,80.58000183105469,80.06999969482422,80.43000030517578,19661,0.0,0.0,0.0
2022-09-28 13:30:00-04:00,80.37000274658203,80.52210235595703,80.2699966430664,80.5,19106,0.0,0.0,0.0
2022-09-28 14:30:00-04:00,80.55000305175781,80.79000091552734,80.44000244140625,80.66000366210938,38101,0.0,0.0,0.0
2022-09-28 15:30:00-04:00,80.55000305175781,80.72000122070312,80.30500030517578,80.72000122070312,0,0.0,0.0,0.0
2022-09-29 09:30:00-04:00,80.9000015258789,81.1500015258789,79.69010162353516,79.86000061035156,9409,0.0,0.0,0.0
2022-09-29 10:30:00-04:00,79.79000091552734,80.77999877929688,79.79000091552734,80.66999816894531,25891,0.0,0.0,0.0
2022-09-29 11:30:00-04:00,80.66999816894531,80.86000061035156,80.3499984741211,80.3499984741211,9653,0.0,0.0,0.0
2022-09-29 12:30:00-04:00,80.41349792480469,80.44999694824219,80.13999938964844,80.16000366210938,9296,0.0,0.0,0.0
2022-09-29 13:30:00-04:00,80.11000061035156,80.13999938964844,79.79000091552734,79.83000183105469,3018,0.0,0.0,0.0
2022-09-29 14:30:00-04:00,80.0199966430664,80.26000213623047,79.97000122070312,80.13999938964844,3459,0.0,0.0,0.0
2022-09-29 15:30:00-04:00,80.37000274658203,80.41999816894531,80.31999969482422,80.41999816894531,0,0.0,0.0,0.0
2022-09-30 09:30:00-04:00,79.91000366210938,80.94999694824219,79.91000366210938,80.4198989868164,41083,0.0,0.0,0.0
2022-09-30 10:30:00-04:00,80.36000061035156,80.88990020751953,80.30000305175781,80.77999877929688,12785,0.0,0.0,0.0
2022-09-30 11:30:00-04:00,80.80999755859375,80.81999969482422,80.2300033569336,80.2699966430664,6057,0.0,0.0,0.0
2022-09-30 12:30:00-04:00,80.27999877929688,80.41999816894531,80.19000244140625,80.2509994506836,3904,0.0,0.0,0.0
2022-09-30 13:30:00-04:00,80.19000244140625,80.2499008178711,80.0999984741211,80.23999786376953,8135,0.0,0.0,0.0
2022-09-30 14:30:00-04:00,80.2699966430664,80.2699966430664,79.95999908447266,79.95999908447266,6736,0.0,0.0,0.0
2022-09-30 15:30:00-04:00,80.0,80.0999984741211,79.91000366210938,79.91000366210938,4748,0.0,0.0,0.0
2022-10-03 09:30:00-04:00,82.47000122070312,83.19000244140625,82.0,83.05500030517578,89460,0.0,0.0,0.0
2022-10-03 10:30:00-04:00,83.0999984741211,83.62200164794922,83.0999984741211,83.3499984741211,20810,0.0,0.0,0.0
2022-10-03 11:30:00-04:00,83.45500183105469,83.56999969482422,83.23999786376953,83.36000061035156,13508,0.0,0.0,0.0
2022-10-03 12:30:00-04:00,83.32009887695312,83.69000244140625,83.32009887695312,83.58999633789062,10205,0.0,0.0,0.0
2022-10-03 13:30:00-04:00,83.63999938964844,83.93000030517578,83.63999938964844,83.87000274658203,3985,0.0,0.0,0.0
2022-10-03 14:30:00-04:00,83.81999969482422,83.96900177001953,83.7300033569336,83.93900299072266,8763,0.0,0.0,0.0
2022-10-03 15:30:00-04:00,83.9000015258789,83.9489974975586,83.78009796142578,83.84500122070312,6332,0.0,0.0,0.0
2022-10-04 09:30:00-04:00,85.79000091552734,86.12999725341797,85.5,86.12000274658203,46938,0.0,0.0,0.0
2022-10-04 10:30:00-04:00,86.02999877929688,86.9000015258789,85.94999694824219,86.9000015258789,14119,0.0,0.0,0.0
2022-10-04 11:30:00-04:00,86.97599792480469,87.11000061035156,86.4800033569336,86.75499725341797,7631,0.0,0.0,0.0
2022-10-04 12:30:00-04:00,86.88999938964844,86.88999938964844,86.04000091552734,86.05999755859375,5228,0.0,0.0,0.0
2022-10-04 13:30:00-04:00,86.12259674072266,86.58999633789062,86.12259674072266,86.43000030517578,8338,0.0,0.0,0.0
2022-10-04 14:30:00-04:00,86.3499984741211,86.67839813232422,86.3499984741211,86.5,4683,0.0,0.0,0.0
2022-10-04 15:30:00-04:00,86.44999694824219,86.5999984741211,86.44999694824219,86.5250015258789,6838,0.0,0.0,0.0
2022-10-05 09:30:00-04:00,85.05999755859375,85.23999786376953,83.5999984741211,83.5999984741211,24801,0.0,0.0,0.0
2022-10-05 10:30:00-04:00,83.9800033569336,84.69999694824219,83.9800033569336,84.69999694824219,17052,0.0,0.0,0.0
2022-10-05 11:30:00-04:00,84.69000244140625,84.9000015258789,84.5999984741211,84.8124008178711,4726,0.0,0.0,0.0
2022-10-05 12:30:00-04:00,84.75,85.3499984741211,84.54000091552734,85.33999633789062,4908,0.0,0.0,0.0
2022-10-05 13:30:00-04:00,85.04010009765625,85.33999633789062,85.04000091552734,85.33999633789062,5107,0.0,0.0,0.0
2022-10-05 14:30:00-04:00,85.37000274658203,85.61000061035156,85.37000274658203,85.4800033569336,2998,0.0,0.0,0.0
2022-10-05 15:30:00-04:00,85.4448013305664,85.46499633789062,85.0999984741211,85.0999984741211,0,0.0,0.0,0.0
2022-10-06 09:30:00-04:00,85.45999908447266,85.95500183105469,85.09500122070312,85.38999938964844,7674,0.0,0.0,0.0
2022-10-06 10:30:00-04:00,85.26200103759766,85.91500091552734,85.0,85.91500091552734,0,0.0,0.0,0.0
2022-10-06 11:30:00-04:00,85.8499984741211,85.91000366210938,85.5999984741211,85.73999786376953,73369,0.0,0.0,0.0
2022-10-06 12:30:00-04:00,85.79000091552734,86.0199966430664,85.68000030517578,86.0199966430664,8611,0.0,0.0,0.0
2022-10-06 13:30:00-04:00,85.91000366210938,86.12999725341797,85.88009643554688,86.05000305175781,11335,0.0,0.0,0.0
2022-10-06 14:30:00-04:00,86.05000305175781,86.11000061035156,85.87000274658203,86.05000305175781,10185,0.0,0.0,0.0
2022-10-06 15:30:00-04:00,86.08999633789062,86.08999633789062,85.80999755859375,85.95999908447266,0,0.0,0.0,0.0
2022-10-07 09:30:00-04:00,86.62000274658203,86.62000274658203,85.51000213623047,86.0,14455,0.0,0.0,0.0
2022-10-07 10:30:00-04:00,85.83000183105469,86.19139862060547,85.44999694824219,85.51000213623047,9857,0.0,0.0,0.0
2022-10-07 11:30:00-04:00,85.33999633789062,85.87000274658203,85.23999786376953,85.5,6039,0.0,0.0,0.0
2022-10-07 12:30:00-04:00,85.40989685058594,85.4198989868164,85.08999633789062,85.18150329589844,2605,0.0,0.0,0.0
2022-10-07 13:30:00-04:00,85.16999816894531,85.24639892578125,85.02100372314453,85.0510025024414,2905,0.0,0.0,0.0
2022-10-07 14:30:00-04:00,85.0199966430664,85.08090209960938,84.65010070800781,84.65010070800781,0,0.0,0.0,0.0
2022-10-07 15:30:00-04:00,84.58999633789062,84.71990203857422,84.25,84.58000183105469,57034,0.0,0.0,0.0
2022-10-10 09:30:00-04:00,84.41000366210938,84.41000366210938,83.91000366210938,84.0,17720,0.0,0.0,0.0
2022-10-10 10:30:00-04:00,84.4000015258789,84.4000015258789,83.23100280761719,83.47000122070312,7375,0.0,0.0,0.0
2022-10-10 11:30:00-04:00,83.62349700927734,83.87999725341797,83.13800048828125,83.13800048828125,7344,0.0,0.0,0.0
2022-10-10 12:30:00-04:00,83.2760009765625,83.30000305175781,82.9000015258789,83.27999877929688,4070,0.0,0.0,0.0
2022-10-10 13:30:00-04:00,83.5,83.75,83.45999908447266,83.58499908447266,2281,0.0,0.0,0.0
2022-10-10 14:30:00-04:00,83.55000305175781,83.58000183105469,83.493896484375,83.58000183105469,2828,0.0,0.0,0.0
2022-10-10 15:30:00-04:00,83.51000213623047,83.55999755859375,83.3499984741211,83.4000015258789,0,0.0,0.0,0.0
2022-10-11 09:30:00-04:00,82.66999816894531,82.91999816894531,82.14009857177734,82.83989715576172,13053,0.0,0.0,0.0
2022-10-11 10:30:00-04:00,82.5,82.7699966430664,82.30000305175781,82.5,27156,0.0,0.0,0.0
2022-10-11 11:30:00-04:00,82.83000183105469,83.36000061035156,82.83000183105469,83.36000061035156,409930,0.0,0.0,0.0
2022-10-11 12:30:00-04:00,83.41000366210938,83.84989929199219,83.41000366210938,83.83000183105469,17802,0.0,0.0,0.0
2022-10-11 13:30:00-04:00,83.73889923095703,83.73889923095703,83.38999938964844,83.66000366210938,4432,0.0,0.0,0.0
2022-10-11 14:30:00-04:00,83.69999694824219,83.71389770507812,82.47000122070312,82.68000030517578,25085,0.0,0.0,0.0
2022-10-11 15:30:00-04:00,82.61000061035156,82.81999969482422,82.54000091552734,82.7699966430664,21143,0.0,0.0,0.0
2022-10-12 09:30:00-04:00,82.26000213623047,82.62000274658203,82.0199966430664,82.12000274658203,19104,0.0,0.0,0.0
2022-10-12 10:30:00-04:00,82.08999633789062,82.2699966430664,81.56999969482422,82.2699966430664,19429,0.0,0.0,0.0
2022-10-12 11:30:00-04:00,82.2300033569336,82.23999786376953,81.8499984741211,81.9000015258789,10148,0.0,0.0,0.0
2022-10-12 12:30:00-04:00,81.93499755859375,82.26000213623047,81.93000030517578,82.16999816894531,15280,0.0,0.0,0.0
2022-10-12 13:30:00-04:00,82.19000244140625,82.37999725341797,81.73500061035156,82.29000091552734,13471,0.0,0.0,0.0
2022-10-12 14:30:00-04:00,82.27999877929688,82.38999938964844,81.58999633789062,82.08999633789062,15711,0.0,0.0,0.0
2022-10-12 15:30:00-04:00,81.7249984741211,82.29100036621094,81.7249984741211,81.94999694824219,0,0.0,0.0,0.0
2022-10-13 09:30:00-04:00,80.37999725341797,81.13999938964844,80.33000183105469,80.81999969482422,31485,0.0,0.0,0.0
2022-10-13 10:30:00-04:00,80.83000183105469,82.91000366210938,80.73999786376953,82.51000213623047,14146,0.0,0.0,0.0
2022-10-13 11:30:00-04:00,82.40499877929688,83.64790344238281,82.40499877929688,83.29000091552734,11162,0.0,0.0,0.0
2022-10-13 12:30:00-04:00,83.27999877929688,83.98500061035156,83.02999877929688,83.79000091552734,13889,0.0,0.0,0.0
2022-10-13 13:30:00-04:00,83.84500122070312,84.04000091552734,83.70999908447266,83.70999908447266,11554,0.0,0.0,0.0
2022-10-13 14:30:00-04:00,83.88999938964844,84.04000091552734,83.70999908447266,83.7699966430664,12225,0.0,0.0,0.0
2022-10-13 15:30:00-04:00,83.7699966430664,84.02999877929688,83.70999908447266,83.8499984741211,0,0.0,0.0,0.0
2022-10-14 09:30:00-04:00,84.22000122070312,84.31999969482422,83.0,83.09040069580078,12065,0.0,0.0,0.0
2022-10-14 10:30:00-04:00,83.56999969482422,83.95999908447266,83.35780334472656,83.51000213623047,25023,0.0,0.0,0.0
2022-10-14 11:30:00-04:00,83.45999908447266,83.54000091552734,83.25,83.25,5735,0.0,0.0,0.0
2022-10-14 12:30:00-04:00,83.1500015258789,83.30999755859375,83.13500213623047,83.30999755859375,8581,0.0,0.0,0.0
2022-10-14 13:30:00-04:00,83.37010192871094,83.58000183105469,83.30999755859375,83.41999816894531,9934,0.0,0.0,0.0
2022-10-14 14:30:00-04:00,83.44000244140625,83.72000122070312,83.44000244140625,83.62000274658203,5357,0.0,0.0,0.0
2022-10-14 15:30:00-04:00,83.69499969482422,83.80999755859375,83.66999816894531,83.70999908447266,2244,0.0,0.0,0.0
2022-10-17 09:30:00-04:00,84.68000030517578,85.56759643554688,84.68000030517578,85.0198974609375,11479,0.0,0.0,0.0
2022-10-17 10:30:00-04:00,84.98999786376953,85.31999969482422,84.4000015258789,84.54000091552734,3839,0.0,0.0,0.0
2022-10-17 11:30:00-04:00,84.69000244140625,85.0,84.58999633789062,84.689697265625,1648,0.0,0.0,0.0
2022-10-17 12:30:00-04:00,84.69000244140625,85.01000213623047,84.6500015258789,85.01000213623047,1895,0.0,0.0,0.0
2022-10-17 13:30:00-04:00,85.03589630126953,85.03589630126953,84.63899993896484,84.63899993896484,2220,0.0,0.0,0.0
2022-10-17 14:30:00-04:00,84.72000122070312,84.74500274658203,84.58000183105469,84.58000183105469,2494,0.0,0.0,0.0
2022-10-17 15:30:00-04:00,84.70999908447266,84.88999938964844,84.6449966430664,84.69779968261719,0,0.0,0.0,0.0
2022-10-18 09:30:00-04:00,85.23999786376953,85.66999816894531,84.94999694824219,84.94999694824219,20571,0.0,0.0,0.0
2022-10-18 10:30:00-04:00,84.8499984741211,85.04000091552734,84.0999984741211,84.0999984741211,11674,0.0,0.0,0.0
2022-10-18 11:30:00-04:00,84.12000274658203,84.29000091552734,83.83999633789062,84.18000030517578,1858,0.0,0.0,0.0
2022-10-18 12:30:00-04:00,84.3499984741211,84.4000015258789,84.16069793701172,84.16069793701172,1294,0.0,0.0,0.0
2022-10-18 13:30:00-04:00,84.2708969116211,84.43000030517578,84.2708969116211,84.43000030517578,3254,0.0,0.0,0.0
2022-10-18 14:30:00-04:00,84.18000030517578,84.25,83.94999694824219,84.25,1279,0.0,0.0,0.0
2022-10-18 15:30:00-04:00,84.16999816894531,84.45999908447266,84.16000366210938,84.36000061035156,0,0.0,0.0,0.0
2022-10-19 09:30:00-04:00,82.86000061035156,83.08000183105469,82.76000213623047,82.84010314941406,11241,0.0,0.0,0.0
2022-10-19 10:30:00-04:00,83.11990356445312,83.19000244140625,82.47000122070312,82.47000122070312,4575,0.0,0.0,0.0
2022-10-19 11:30:00-04:00,82.3499984741211,82.52989959716797,82.06999969482422,82.12989807128906,1959,0.0,0.0,0.0
2022-10-19 12:30:00-04:00,82.04299926757812,82.32109832763672,81.9800033569336,82.2699966430664,3228,0.0,0.0,0.0
2022-10-19 13:30:00-04:00,82.20999908447266,82.38999938964844,82.1500015258789,82.37999725341797,5901,0.0,0.0,0.0
2022-10-19 14:30:00-04:00,82.08999633789062,82.08999633789062,82.01789855957031,82.01789855957031,1384,0.0,0.0,0.0
2022-10-19 15:30:00-04:00,82.12999725341797,82.2083969116211,82.05000305175781,82.05999755859375,0,0.0,0.0,0.0
2022-10-20 09:30:00-04:00,83.11000061035156,84.86000061035156,83.11000061035156,84.83999633789062,32584,0.0,0.0,0.0
2022-10-20 10:30:00-04:00,84.61000061035156,85.29499816894531,84.45999908447266,84.45999908447266,9861,0.0,0.0,0.0
2022-10-20 11:30:00-04:00,84.73999786376953,85.09500122070312,84.66000366210938,84.9800033569336,6178,0.0,0.0,0.0
2022-10-20 12:30:00-04:00,84.82499694824219,85.06999969482422,84.62999725341797,84.94999694824219,10142,0.0,0.0,0.0
2022-10-20 13:30:00-04:00,84.75,85.16000366210938,84.69000244140625,85.09500122070312,5166,0.0,0.0,0.0
2022-10-20 14:30:00-04:00,84.98500061035156,85.30000305175781,84.93000030517578,85.0000991821289,10586,0.0,0.0,0.0
2022-10-20 15:30:00-04:00,85.06749725341797,85.29000091552734,85.06749725341797,85.23500061035156,8585,0.0,0.0,0.0
2022-10-21 09:30:00-04:00,83.87000274658203,84.72000122070312,83.87000274658203,84.16000366210938,18773,0.0,0.0,0.0
2022-10-21 10:30:00-04:00,84.41999816894531,85.19000244140625,84.2750015258789,85.0,2335,0.0,0.0,0.0
2022-10-21 11:30:00-04:00,84.6500015258789,85.5999984741211,84.6500015258789,85.5199966430664,7289,0.0,0.0,0.0
2022-10-21 12:30:00-04:00,85.3010025024414,86.66390228271484,85.3010025024414,86.66390228271484,6360,0.0,0.0,0.0
2022-10-21 13:30:00-04:00,86.5,86.80000305175781,86.48999786376953,86.61849975585938,6511,0.0,0.0,0.0
2022-10-21 14:30:00-04:00,86.70999908447266,86.7699966430664,86.52999877929688,86.7300033569336,11396,0.0,0.0,0.0
2022-10-21 15:30:00-04:00,86.72989654541016,86.72989654541016,86.33499908447266,86.52999877929688,3012,0.0,0.0,0.0
2022-10-24 09:30:00-04:00,86.1500015258789,86.29000091552734,85.24099731445312,85.24099731445312,23081,0.0,0.0,0.0
2022-10-24 10:30:00-04:00,85.61000061035156,86.05000305175781,85.61000061035156,85.69999694824219,2387,0.0,0.0,0.0
2022-10-24 11:30:00-04:00,85.86990356445312,85.87999725341797,85.55000305175781,85.73370361328125,4804,0.0,0.0,0.0
2022-10-24 12:30:00-04:00,85.61609649658203,85.61609649658203,85.45999908447266,85.45999908447266,648,0.0,0.0,0.0
2022-10-24 13:30:00-04:00,85.56310272216797,85.67500305175781,85.56310272216797,85.62000274658203,971,0.0,0.0,0.0
2022-10-24 14:30:00-04:00,85.63870239257812,86.1050033569336,85.63870239257812,86.1050033569336,1800,0.0,0.0,0.0
2022-10-24 15:30:00-04:00,86.0248031616211,86.125,85.81999969482422,85.81999969482422,0,0.0,0.0,0.0
2022-10-25 09:30:00-04:00,84.91999816894531,85.31999969482422,84.91999816894531,85.0999984741211,19436,0.0,0.0,0.0
2022-10-25 10:30:00-04:00,85.11000061035156,85.4000015258789,84.91010284423828,85.36000061035156,5902,0.0,0.0,0.0
2022-10-25 11:30:00-04:00,85.2750015258789,85.72000122070312,85.2750015258789,85.5999984741211,6933,0.0,0.0,0.0
2022-10-25 12:30:00-04:00,85.59500122070312,85.59500122070312,84.88999938964844,85.30500030517578,5084,0.0,0.0,0.0
2022-10-25 13:30:00-04:00,85.41000366210938,85.41000366210938,85.20999908447266,85.29000091552734,1669,0.0,0.0,0.0
2022-10-25 14:30:00-04:00,85.35099792480469,85.45500183105469,85.33000183105469,85.3594970703125,2297,0.0,0.0,0.0
2022-10-25 15:30:00-04:00,85.47000122070312,85.5,85.33000183105469,85.5,5395,0.0,0.0,0.0
2022-10-26 09:30:00-04:00,86.83000183105469,88.0,86.83000183105469,88.0,34390,0.0,0.0,0.0
2022-10-26 10:30:00-04:00,87.9000015258789,88.58689880371094,87.9000015258789,88.48999786376953,10459,0.0,0.0,0.0
2022-10-26 11:30:00-04:00,88.5,88.72109985351562,88.19000244140625,88.63999938964844,18942,0.0,0.0,0.0
2022-10-26 12:30:00-04:00,88.69499969482422,88.83999633789062,88.06999969482422,88.0999984741211,23364,0.0,0.0,0.0
2022-10-26 13:30:00-04:00,88.08999633789062,88.36000061035156,87.83999633789062,88.03500366210938,21973,0.0,0.0,0.0
2022-10-26 14:30:00-04:00,88.05000305175781,88.27989959716797,87.83999633789062,88.1050033569336,27524,0.0,0.0,0.0
2022-10-26 15:30:00-04:00,88.06999969482422,88.22000122070312,87.94210052490234,88.12999725341797,17420,0.0,0.0,0.0
2022-10-27 09:30:00-04:00,88.43000030517578,89.0999984741211,87.91000366210938,89.0999984741211,15523,0.0,0.0,0.0
2022-10-27 10:30:00-04:00,89.19000244140625,89.5,88.90129852294922,89.44300079345703,19811,0.0,0.0,0.0
2022-10-27 11:30:00-04:00,89.44000244140625,89.44000244140625,88.9011001586914,88.94999694824219,7465,0.0,0.0,0.0
2022-10-27 12:30:00-04:00,89.0,89.31500244140625,88.75,89.18000030517578,5726,0.0,0.0,0.0
2022-10-27 13:30:00-04:00,89.1718978881836,89.30000305175781,88.87999725341797,88.87999725341797,3938,0.0,0.0,0.0
2022-10-27 14:30:00-04:00,88.9800033569336,89.11000061035156,88.83309936523438,89.0,15298,0.0,0.0,0.0
2022-10-27 15:30:00-04:00,89.04000091552734,89.0999984741211,88.87999725341797,89.05999755859375,6050,0.0,0.0,0.0
2022-10-28 09:30:00-04:00,87.61000061035156,88.38999938964844,87.61000061035156,87.80139923095703,23513,0.0,0.0,0.0
2022-10-28 10:30:00-04:00,87.86650085449219,88.0999984741211,87.34410095214844,87.63999938964844,16698,0.0,0.0,0.0
2022-10-28 11:30:00-04:00,87.55999755859375,87.63999938964844,87.33000183105469,87.45999908447266,2975,0.0,0.0,0.0
2022-10-28 12:30:00-04:00,87.37000274658203,87.52999877929688,87.23999786376953,87.38999938964844,8867,0.0,0.0,0.0
2022-10-28 13:30:00-04:00,87.44999694824219,87.44999694824219,87.1500015258789,87.26000213623047,18684,0.0,0.0,0.0
2022-10-28 14:30:00-04:00,87.2300033569336,87.68499755859375,87.22000122070312,87.58000183105469,11742,0.0,0.0,0.0
2022-10-28 15:30:00-04:00,87.61000061035156,87.71499633789062,87.44499969482422,87.70999908447266,11169,0.0,0.0,0.0
2022-10-31 09:30:00-04:00,85.88999938964844,86.57990264892578,85.58999633789062,86.3499984741211,15176,0.0,0.0,0.0
2022-10-31 10:30:00-04:00,86.5199966430664,86.94000244140625,86.42500305175781,86.42500305175781,3580,0.0,0.0,0.0
2022-10-31 11:30:00-04:00,86.18000030517578,86.64309692382812,86.04000091552734,86.13999938964844,0,0.0,0.0,0.0
2022-10-31 12:30:00-04:00,86.00499725341797,86.01000213623047,85.81999969482422,86.01000213623047,33629,0.0,0.0,0.0
2022-10-31 13:30:00-04:00,85.97000122070312,86.06999969482422,85.92790222167969,86.00499725341797,2668,0.0,0.0,0.0
2022-10-31 14:30:00-04:00,86.11000061035156,86.125,85.79499816894531,85.94999694824219,6827,0.0,0.0,0.0
2022-10-31 15:30:00-04:00,85.8499984741211,85.98999786376953,85.8499984741211,85.94999694824219,2028,0.0,0.0,0.0
2022-11-01 09:30:00-04:00,88.25,88.54000091552734,87.12999725341797,87.12999725341797,21884,0.0,0.0,0.0
2022-11-01 10:30:00-04:00,87.25,87.70999908447266,87.23999786376953,87.44000244140625,7315,0.0,0.0,0.0
2022-11-01 11:30:00-04:00,87.56999969482422,87.88999938964844,87.26000213623047,87.5,5926,0.0,0.0,0.0
2022-11-01 12:30:00-04:00,87.38999938964844,87.68000030517578,87.2699966430664,87.65499877929688,2473,0.0,0.0,0.0
2022-11-01 13:30:00-04:00,87.52999877929688,87.95999908447266,87.47000122070312,87.73999786376953,6213,0.0,0.0,0.0
2022-11-01 14:30:00-04:00,87.7699966430664,87.98999786376953,87.59719848632812,87.59719848632812,3687,0.0,0.0,0.0
2022-11-01 15:30:00-04:00,87.55999755859375,87.69000244140625,87.41999816894531,87.55000305175781,3066,0.0,0.0,0.0
2022-11-02 09:30:00-04:00,88.38999938964844,88.56999969482422,87.91999816894531,88.18000030517578,18586,0.0,0.0,0.0
2022-11-02 10:30:00-04:00,87.94000244140625,87.95999908447266,87.48999786376953,87.63040161132812,4403,0.0,0.0,0.0
2022-11-02 11:30:00-04:00,87.62999725341797,87.62999725341797,87.61000061035156,87.61000061035156,814,0.0,0.0,0.0
2022-11-02 12:30:00-04:00,87.42500305175781,87.42500305175781,87.31999969482422,87.31999969482422,828,0.0,0.0,0.0
2022-11-02 13:30:00-04:00,87.5999984741211,88.69000244140625,87.5999984741211,88.69000244140625,15940,0.0,0.0,0.0
2022-11-02 14:30:00-04:00,88.69999694824219,88.72000122070312,86.51010131835938,86.91000366210938,8474,0.0,0.0,0.0
2022-11-02 15:30:00-04:00,86.76000213623047,87.0,86.45999908447266,86.55000305175781,0,0.0,0.0,0.0
2022-11-03 09:30:00-04:00,85.31999969482422,85.68689727783203,85.05999755859375,85.5,11602,0.0,0.0,0.0
2022-11-03 10:30:00-04:00,85.55000305175781,86.13999938964844,85.5,85.97989654541016,17720,0.0,0.0,0.0
2022-11-03 11:30:00-04:00,85.4749984741211,85.4749984741211,85.15480041503906,85.31990051269531,3358,0.0,0.0,0.0
2022-11-03 12:30:00-04:00,85.30989837646484,85.5999984741211,85.12000274658203,85.3949966430664,10120,0.0,0.0,0.0
2022-11-03 13:30:00-04:00,85.55789947509766,85.5999984741211,85.33000183105469,85.40550231933594,11706,0.0,0.0,0.0
2022-11-03 14:30:00-04:00,85.4489974975586,85.61000061035156,85.44000244140625,85.51000213623047,20696,0.0,0.0,0.0
2022-11-03 15:30:00-04:00,85.62000274658203,85.62000274658203,85.4000015258789,85.4000015258789,909,0.0,0.0,0.0
2022-11-04 09:30:00-04:00,87.73999786376953,88.02999877929688,87.45099639892578,87.9000015258789,14294,0.0,0.0,0.0
2022-11-04 10:30:00-04:00,87.9800033569336,88.625,87.87999725341797,87.93000030517578,11454,0.0,0.0,0.0
2022-11-04 11:30:00-04:00,87.86000061035156,88.23999786376953,87.4000015258789,88.16000366210938,20188,0.0,0.0,0.0
2022-11-04 12:30:00-04:00,88.19999694824219,88.62000274658203,88.16000366210938,88.55999755859375,7474,0.0,0.0,0.0
2022-11-04 13:30:00-04:00,88.44999694824219,88.97000122070312,88.36000061035156,88.88999938964844,17792,0.0,0.0,0.0
2022-11-04 14:30:00-04:00,88.9800033569336,89.27639770507812,88.93000030517578,89.0999984741211,16809,0.0,0.0,0.0
2022-11-04 15:30:00-04:00,89.29789733886719,89.38999938964844,89.1500015258789,89.31999969482422,8180,0.0,0.0,0.0
2022-11-07 09:30:00-05:00,89.94999694824219,90.3499984741211,89.64430236816406,90.08000183105469,47834,0.0,0.0,0.0
2022-11-07 10:30:00-05:00,90.06999969482422,90.76000213623047,89.97329711914062,90.66999816894531,13029,0.0,0.0,0.0
2022-11-07 11:30:00-05:00,90.6552963256836,90.98999786376953,90.51000213623047,90.8499984741211,17886,0.0,0.0,0.0
2022-11-07 12:30:00-05:00,90.99500274658203,91.05999755859375,90.69999694824219,90.69999694824219,7328,0.0,0.0,0.0
2022-11-07 13:30:00-05:00,90.8499984741211,91.05999755859375,90.8499984741211,91.05999755859375,5764,0.0,0.0,0.0
2022-11-07 14:30:00-05:00,91.08999633789062,91.51940155029297,91.08999633789062,91.23500061035156,8221,0.0,0.0,0.0
2022-11-07 15:30:00-05:00,91.29900360107422,91.30000305175781,91.0999984741211,91.12999725341797,0,0.0,0.0,0.0
2022-11-08 09:30:00-05:00,91.48999786376953,92.80989837646484,91.19989776611328,92.38999938964844,29823,0.0,0.0,0.0
2022-11-08 10:30:00-05:00,92.61000061035156,92.81759643554688,92.30000305175781,92.75,7473,0.0,0.0,0.0
2022-11-08 11:30:00-05:00,92.79000091552734,93.18000030517578,92.61009979248047,92.8499984741211,12286,0.0,0.0,0.0
2022-11-08 12:30:00-05:00,92.76000213623047,92.9000015258789,92.26000213623047,92.26000213623047,6510,0.0,0.0,0.0
2022-11-08 13:30:00-05:00,92.37999725341797,92.5020980834961,91.95999908447266,92.05879974365234,8122,0.0,0.0,0.0
2022-11-08 14:30:00-05:00,91.95800018310547,92.69999694824219,91.95800018310547,92.68990325927734,7256,0.0,0.0,0.0
2022-11-08 15:30:00-05:00,92.69000244140625,92.69000244140625,92.44999694824219,92.58999633789062,3716,0.0,0.0,0.0
2022-11-09 09:30:00-05:00,91.76000213623047,92.54000091552734,91.72000122070312,92.20670318603516,21257,0.0,0.0,0.0
2022-11-09 10:30:00-05:00,91.69000244140625,91.73999786376953,91.11650085449219,91.73999786376953,6056,0.0,0.0,0.0
2022-11-09 11:30:00-05:00,91.72000122070312,91.72000122070312,91.37000274658203,91.37000274658203,1050,0.0,0.0,0.0
2022-11-09 12:30:00-05:00,91.4800033569336,91.56500244140625,91.4000015258789,91.4000015258789,3034,0.0,0.0,0.0
2022-11-09 13:30:00-05:00,91.40540313720703,91.40540313720703,91.17310333251953,91.20999908447266,2986,0.0,0.0,0.0
2022-11-09 14:30:00-05:00,91.0166015625,91.44999694824219,90.90499877929688,91.33499908447266,5332,0.0,0.0,0.0
2022-11-09 15:30:00-05:00,91.26229858398438,91.62999725341797,91.26229858398438,91.62999725341797,5100,0.0,0.0,0.0
2022-11-10 09:30:00-05:00,95.05999755859375,96.19999694824219,95.05999755859375,96.0,89638,0.0,0.0,0.0
2022-11-10 10:30:00-05:00,96.03630065917969,96.03630065917969,95.19000244140625,95.47000122070312,36926,0.0,0.0,0.0
2022-11-10 11:30:00-05:00,95.5,96.31999969482422,95.5,96.0199966430664,69983,0.0,0.0,0.0
2022-11-10 12:30:00-05:00,95.83000183105469,96.49009704589844,95.83000183105469,96.36499786376953,14165,0.0,0.0,0.0
2022-11-10 13:30:00-05:00,96.1686019897461,96.52989959716797,96.1686019897461,96.5199966430664,12267,0.0,0.0,0.0
2022-11-10 14:30:00-05:00,96.52300262451172,96.70999908447266,96.37000274658203,96.4000015258789,18286,0.0,0.0,0.0
2022-11-10 15:30:00-05:00,96.5,96.5,96.16449737548828,96.27999877929688,0,0.0,0.0,0.0
2022-11-11 09:30:00-05:00,96.11000061035156,96.12999725341797,95.55000305175781,95.66999816894531,32250,0.0,0.0,0.0
2022-11-11 10:30:00-05:00,95.54450225830078,95.8499984741211,95.18000030517578,95.28099822998047,56463,0.0,0.0,0.0
2022-11-11 11:30:00-05:00,95.21610260009766,95.33000183105469,94.76000213623047,94.91999816894531,14581,0.0,0.0,0.0
2022-11-11 12:30:00-05:00,94.86000061035156,95.12000274658203,94.76000213623047,95.0999984741211,5549,0.0,0.0,0.0
2022-11-11 13:30:00-05:00,95.01000213623047,95.33000183105469,94.87999725341797,95.26000213623047,5760,0.0,0.0,0.0
2022-11-11 14:30:00-05:00,95.36000061035156,95.43000030517578,95.2699966430664,95.3499984741211,3844,0.0,0.0,0.0
2022-11-11 15:30:00-05:00,95.38999938964844,95.80000305175781,95.37999725341797,95.48999786376953,0,0.0,0.0,0.0
2022-11-14 09:30:00-05:00,93.48999786376953,94.5,93.48999786376953,94.4000015258789,19084,0.0,0.0,0.0
2022-11-14 10:30:00-05:00,94.25,94.52999877929688,94.25,94.4000015258789,7985,0.0,0.0,0.0
2022-11-14 11:30:00-05:00,94.43000030517578,94.73999786376953,94.33999633789062,94.56999969482422,8408,0.0,0.0,0.0
2022-11-14 12:30:00-05:00,94.51000213623047,94.94999694824219,94.37000274658203,94.94999694824219,12180,0.0,0.0,0.0
2022-11-14 13:30:00-05:00,94.9000015258789,95.0199966430664,94.86000061035156,94.9000015258789,3969,0.0,0.0,0.0
2022-11-14 14:30:00-05:00,94.87999725341797,94.87999725341797,94.58000183105469,94.60009765625,5103,0.0,0.0,0.0
2022-11-14 15:30:00-05:00,94.63999938964844,94.73999786376953,94.41000366210938,94.44000244140625,4793,0.0,0.0,0.0
2022-11-15 09:30:00-05:00,95.25,95.30000305175781,94.13999938964844,94.52999877929688,15563,0.0,0.0,0.0
2022-11-15 10:30:00-05:00,94.32499694824219,94.36000061035156,93.61000061035156,93.63999938964844,9414,0.0,0.0,0.0
2022-11-15 11:30:00-05:00,93.69499969482422,93.87000274658203,93.49610137939453,93.55000305175781,7722,0.0,0.0,0.0
2022-11-15 12:30:00-05:00,93.5,94.0199966430664,93.45999908447266,93.66999816894531,11378,0.0,0.0,0.0
2022-11-15 13:30:00-05:00,93.61000061035156,94.33999633789062,93.37999725341797,93.73999786376953,9510,0.0,0.0,0.0
2022-11-15 14:30:00-05:00,93.43000030517578,94.31999969482422,93.43000030517578,94.2699966430664,6334,0.0,0.0,0.0
2022-11-15 15:30:00-05:00,94.19499969482422,94.19999694824219,93.94000244140625,94.12000274658203,6522,0.0,0.0,0.0
2022-11-16 09:30:00-05:00,94.0199966430664,94.3499984741211,92.85260009765625,92.9800033569336,15413,0.0,0.0,0.0
2022-11-16 10:30:00-05:00,93.30999755859375,93.78269958496094,93.20999908447266,93.73930358886719,11322,0.0,0.0,0.0
2022-11-16 11:30:00-05:00,93.76000213623047,93.76000213623047,93.25,93.3499984741211,6724,0.0,0.0,0.0
2022-11-16 12:30:00-05:00,93.37000274658203,93.62969970703125,93.19999694824219,93.19999694824219,5679,0.0,0.0,0.0
2022-11-16 13:30:00-05:00,93.20999908447266,93.26000213623047,92.97000122070312,93.16000366210938,16529,0.0,0.0,0.0
2022-11-16 14:30:00-05:00,93.18000030517578,93.44000244140625,93.02999877929688,93.1500015258789,37788,0.0,0.0,0.0
2022-11-16 15:30:00-05:00,93.23500061035156,93.33999633789062,93.08000183105469,93.12999725341797,6201,0.0,0.0,0.0
2022-11-17 09:30:00-05:00,91.5,91.94999694824219,91.2300033569336,91.69000244140625,24746,0.0,0.0,0.0
2022-11-17 10:30:00-05:00,91.5,91.5,91.0,91.0,4149,0.0,0.0,0.0
2022-11-17 11:30:00-05:00,90.75,91.22000122070312,90.60070037841797,90.94000244140625,27730,0.0,0.0,0.0
2022-11-17 12:30:00-05:00,90.90760040283203,91.36799621582031,90.87000274658203,91.25,5921,0.0,0.0,0.0
2022-11-17 13:30:00-05:00,91.2699966430664,91.31999969482422,90.9800033569336,91.06999969482422,3603,0.0,0.0,0.0
2022-11-17 14:30:00-05:00,91.1050033569336,91.1050033569336,90.83000183105469,90.83999633789062,5993,0.0,0.0,0.0
2022-11-17 15:30:00-05:00,90.91130065917969,91.11000061035156,90.70449829101562,91.05999755859375,7163,0.0,0.0,0.0
2022-11-18 09:30:00-05:00,91.30000305175781,91.44000244140625,90.91999816894531,91.19999694824219,29293,0.0,0.0,0.0
2022-11-18 10:30:00-05:00,91.2300033569336,91.61000061035156,91.2300033569336,91.52999877929688,13427,0.0,0.0,0.0
2022-11-18 11:30:00-05:00,91.2301025390625,91.37999725341797,90.34660339355469,90.66000366210938,16794,0.0,0.0,0.0
2022-11-18 12:30:00-05:00,90.6500015258789,90.97000122070312,90.52999877929688,90.94000244140625,37873,0.0,0.0,0.0
2022-11-18 13:30:00-05:00,91.08000183105469,91.0989990234375,90.68000030517578,90.80799865722656,7084,0.0,0.0,0.0
2022-11-18 14:30:00-05:00,90.9000015258789,90.9000015258789,90.6532974243164,90.88999938964844,24560,0.0,0.0,0.0
2022-11-18 15:30:00-05:00,90.83000183105469,91.01000213623047,90.80000305175781,90.86000061035156,8190,0.0,0.0,0.0
2022-11-21 09:30:00-05:00,91.05000305175781,91.05000305175781,90.38670349121094,90.38670349121094,11954,0.0,0.0,0.0
2022-11-21 10:30:00-05:00,90.38999938964844,90.5,90.19999694824219,90.19999694824219,4708,0.0,0.0,0.0
2022-11-21 11:30:00-05:00,90.38999938964844,90.85479736328125,90.2699966430664,90.69999694824219,10747,0.0,0.0,0.0
2022-11-21 12:30:00-05:00,90.91999816894531,91.43000030517578,90.7500991821289,91.18000030517578,2360,0.0,0.0,0.0
2022-11-21 13:30:00-05:00,91.09210205078125,91.2300033569336,91.09210205078125,91.17500305175781,1957,0.0,0.0,0.0
2022-11-21 14:30:00-05:00,91.23999786376953,91.36000061035156,91.11000061035156,91.2300033569336,3961,0.0,0.0,0.0
2022-11-21 15:30:00-05:00,91.37000274658203,91.44000244140625,91.33999633789062,91.44000244140625,0,0.0,0.0,0.0
2022-11-22 09:30:00-05:00,92.25,92.8541030883789,92.20500183105469,92.62689971923828,32223,0.0,0.0,0.0
2022-11-22 10:30:00-05:00,92.57630157470703,92.57630157470703,92.12989807128906,92.22000122070312,14275,0.0,0.0,0.0
2022-11-22 11:30:00-05:00,92.29329681396484,92.34500122070312,91.88500213623047,91.88500213623047,9308,0.0,0.0,0.0
2022-11-22 12:30:00-05:00,91.74009704589844,92.13999938964844,91.70999908447266,92.13999938964844,13330,0.0,0.0,0.0
2022-11-22 13:30:00-05:00,92.08999633789062,92.18000030517578,91.95700073242188,92.18000030517578,11128,0.0,0.0,0.0
2022-11-22 14:30:00-05:00,92.08000183105469,92.30000305175781,92.05500030517578,92.1449966430664,6622,0.0,0.0,0.0
2022-11-22 15:30:00-05:00,92.15499877929688,92.30000305175781,92.15499877929688,92.23999786376953,3288,0.0,0.0,0.0
2022-11-23 09:30:00-05:00,91.08999633789062,91.48999786376953,90.80000305175781,91.26000213623047,13023,0.0,0.0,0.0
2022-11-23 10:30:00-05:00,91.26000213623047,92.11000061035156,91.19999694824219,91.8499984741211,56618,0.0,0.0,0.0
2022-11-23 11:30:00-05:00,91.79000091552734,91.80999755859375,91.33000183105469,91.58699798583984,3958,0.0,0.0,0.0
2022-11-23 12:30:00-05:00,91.86990356445312,92.02519989013672,91.75,92.02519989013672,15729,0.0,0.0,0.0
2022-11-23 13:30:00-05:00,92.11000061035156,92.79000091552734,91.87000274658203,92.65630340576172,8728,0.0,0.0,0.0
2022-11-23 14:30:00-05:00,92.55999755859375,92.83000183105469,92.5,92.80999755859375,31292,0.0,0.0,0.0
2022-11-23 15:30:00-05:00,92.75,92.8499984741211,92.58499908447266,92.7699966430664,4773,0.0,0.0,0.0
2022-11-25 09:30:00-05:00,91.23999786376953,91.80999755859375,90.76000213623047,90.80000305175781,23942,0.0,0.0,0.0
2022-11-25 10:30:00-05:00,91.0114974975586,91.16999816894531,90.7699966430664,90.97000122070312,8268,0.0,0.0,0.0
2022-11-25 11:30:00-05:00,90.97000122070312,91.56999969482422,90.90260314941406,91.12999725341797,9019,0.0,0.0,0.0
2022-11-28 09:30:00-05:00,92.52999877929688,92.52999877929688,91.62010192871094,91.94000244140625,16956,0.0,0.0,0.0
2022-11-28 10:30:00-05:00,91.82499694824219,91.87999725341797,91.30010223388672,91.30010223388672,22653,0.0,0.0,0.0
2022-11-28 11:30:00-05:00,91.33999633789062,92.0999984741211,91.2500991821289,92.0999984741211,10009,0.0,0.0,0.0
2022-11-28 12:30:00-05:00,92.13999938964844,92.13999938964844,91.66999816894531,91.75,6547,0.0,0.0,0.0
2022-11-28 13:30:00-05:00,91.77999877929688,91.82559967041016,91.435302734375,91.49500274658203,6295,0.0,0.0,0.0
2022-11-28 14:30:00-05:00,91.66000366210938,91.66010284423828,91.41999816894531,91.58000183105469,3251,0.0,0.0,0.0
2022-11-28 15:30:00-05:00,91.62249755859375,91.72000122070312,91.55000305175781,91.66999816894531,0,0.0,0.0,0.0
2022-11-29 09:30:00-05:00,91.68000030517578,93.1500015258789,91.16999816894531,93.0801010131836,23347,0.0,0.0,0.0
2022-11-29 10:30:00-05:00,93.37000274658203,93.625,92.30010223388672,92.44010162353516,8005,0.0,0.0,0.0
2022-11-29 11:30:00-05:00,92.44999694824219,92.93000030517578,92.4000015258789,92.69000244140625,7606,0.0,0.0,0.0
2022-11-29 12:30:00-05:00,92.93000030517578,93.01000213623047,92.68009948730469,92.97940063476562,4663,0.0,0.0,0.0
2022-11-29 13:30:00-05:00,92.97000122070312,93.25,92.80000305175781,92.98999786376953,7467,0.0,0.0,0.0
2022-11-29 14:30:00-05:00,93.05000305175781,93.1050033569336,92.88999938964844,92.97000122070312,7812,0.0,0.0,0.0
2022-11-29 15:30:00-05:00,93.02570343017578,93.08999633789062,92.91000366210938,92.94999694824219,0,0.0,0.0,0.0
2022-11-30 09:30:00-05:00,95.94999694824219,96.51000213623047,94.95999908447266,95.15499877929688,57435,0.0,0.0,0.0
2022-11-30 10:30:00-05:00,95.17500305175781,95.74700164794922,94.87000274658203,95.73999786376953,14756,0.0,0.0,0.0
2022-11-30 11:30:00-05:00,95.68000030517578,95.8499984741211,95.23999786376953,95.2699966430664,5338,0.0,0.0,0.0
2022-11-30 12:30:00-05:00,95.44000244140625,95.44000244140625,95.01000213623047,95.0199966430664,9279,0.0,0.0,0.0
2022-11-30 13:30:00-05:00,95.16999816894531,96.30000305175781,95.04000091552734,96.04499816894531,14124,0.0,0.0,0.0
2022-11-30 14:30:00-05:00,96.05999755859375,96.49700164794922,95.93000030517578,96.0199966430664,10987,0.0,0.0,0.0
2022-11-30 15:30:00-05:00,96.06999969482422,96.25,95.56999969482422,95.83000183105469,0,0.0,0.0,0.0
2022-12-01 09:30:00-05:00,96.69000244140625,97.5,96.43000030517578,96.43000030517578,55820,0.0,0.0,0.0
2022-12-01 10:30:00-05:00,96.41999816894531,96.63999938964844,96.05000305175781,96.44999694824219,10668,0.0,0.0,0.0
2022-12-01 11:30:00-05:00,96.44999694824219,96.58000183105469,96.0199966430664,96.47000122070312,12520,0.0,0.0,0.0
2022-12-01 12:30:00-05:00,96.52999877929688,96.63839721679688,96.22000122070312,96.22000122070312,10520,0.0,0.0,0.0
2022-12-01 13:30:00-05:00,96.29000091552734,96.48999786376953,96.18000030517578,96.45500183105469,18091,0.0,0.0,0.0
2022-12-01 14:30:00-05:00,96.41999816894531,96.51000213623047,96.33000183105469,96.47899627685547,20377,0.0,0.0,0.0
2022-12-01 15:30:00-05:00,96.44499969482422,96.6449966430664,96.4000015258789,96.4000015258789,10246,0.0,0.0,0.0
2022-12-02 09:30:00-05:00,93.4000015258789,94.2125015258789,93.4000015258789,93.83000183105469,20375,0.0,0.0,0.0
2022-12-02 10:30:00-05:00,93.7300033569336,94.30999755859375,93.7300033569336,94.16500091552734,15958,0.0,0.0,0.0
2022-12-02 11:30:00-05:00,94.36499786376953,94.79000091552734,94.36499786376953,94.59609985351562,12314,0.0,0.0,0.0
2022-12-02 12:30:00-05:00,94.66500091552734,94.66500091552734,94.18000030517578,94.19999694824219,13260,0.0,0.0,0.0
2022-12-02 13:30:00-05:00,94.26589965820312,94.33000183105469,94.1500015258789,94.2029037475586,10000,0.0,0.0,0.0
2022-12-02 14:30:00-05:00,94.25499725341797,94.5199966430664,94.19999694824219,94.5199966430664,7996,0.0,0.0,0.0
2022-12-02 15:30:00-05:00,94.44000244140625,94.58999633789062,94.32499694824219,94.37000274658203,21980,0.0,0.0,0.0
2022-12-05 09:30:00-05:00,93.58999633789062,93.97470092773438,92.86000061035156,92.93000030517578,15446,0.0,0.0,0.0
2022-12-05 10:30:00-05:00,92.87000274658203,93.41000366210938,92.80999755859375,93.02999877929688,17793,0.0,0.0,0.0
2022-12-05 11:30:00-05:00,93.13999938964844,93.13999938964844,92.8499984741211,93.04000091552734,26471,0.0,0.0,0.0
2022-12-05 12:30:00-05:00,92.83999633789062,93.01000213623047,92.73210144042969,92.83999633789062,16511,0.0,0.0,0.0
2022-12-05 13:30:00-05:00,92.83999633789062,92.86000061035156,92.62000274658203,92.62000274658203,13943,0.0,0.0,0.0
2022-12-05 14:30:00-05:00,92.56009674072266,92.69999694824219,92.51899719238281,92.54499816894531,9814,0.0,0.0,0.0
2022-12-05 15:30:00-05:00,92.55500030517578,92.73999786376953,92.55000305175781,92.55000305175781,15310,0.0,0.0,0.0
2022-12-06 09:30:00-05:00,92.5,92.95500183105469,92.0,92.20999908447266,25267,0.0,0.0,0.0
2022-12-06 10:30:00-05:00,92.2300033569336,92.33999633789062,92.01000213623047,92.13999938964844,10370,0.0,0.0,0.0
2022-12-06 11:30:00-05:00,92.07250213623047,92.30000305175781,91.5,92.05950164794922,5625,0.0,0.0,0.0
2022-12-06 12:30:00-05:00,91.65670013427734,92.0,91.5999984741211,91.7300033569336,3607,0.0,0.0,0.0
2022-12-06 13:30:00-05:00,91.5,91.7300033569336,91.30999755859375,91.6500015258789,4100,0.0,0.0,0.0
2022-12-06 14:30:00-05:00,91.59500122070312,91.8550033569336,91.54000091552734,91.74410247802734,11089,0.0,0.0,0.0
2022-12-06 15:30:00-05:00,91.79000091552734,91.85990142822266,91.68000030517578,91.80999755859375,3689,0.0,0.0,0.0
2022-12-07 09:30:00-05:00,93.0,94.33999633789062,93.0,93.81490325927734,32980,0.0,0.0,0.0
2022-12-07 10:30:00-05:00,93.80000305175781,93.80000305175781,92.41000366210938,92.56500244140625,8113,0.0,0.0,0.0
2022-12-07 11:30:00-05:00,92.66999816894531,93.16000366210938,92.66999816894531,93.12000274658203,14254,0.0,0.0,0.0
2022-12-07 12:30:00-05:00,93.13459777832031,93.27999877929688,93.01000213623047,93.19999694824219,7368,0.0,0.0,0.0
2022-12-07 13:30:00-05:00,93.41000366210938,93.43669891357422,93.30000305175781,93.37000274658203,3766,0.0,0.0,0.0
2022-12-07 14:30:00-05:00,93.44999694824219,93.55999755859375,93.06999969482422,93.19000244140625,9954,0.0,0.0,0.0
2022-12-07 15:30:00-05:00,93.18000030517578,93.2499008178711,93.01000213623047,93.01000213623047,3110,0.0,0.0,0.0
2022-12-08 09:30:00-05:00,93.41000366210938,93.81999969482422,93.01000213623047,93.6780014038086,14252,0.0,0.0,0.0
2022-12-08 10:30:00-05:00,93.61000061035156,93.91999816894531,93.01000213623047,93.30010223388672,13673,0.0,0.0,0.0
2022-12-08 11:30:00-05:00,93.37999725341797,93.4800033569336,93.12680053710938,93.12680053710938,4520,0.0,0.0,0.0
2022-12-08 12:30:00-05:00,93.3499984741211,93.3499984741211,93.04000091552734,93.26000213623047,7038,0.0,0.0,0.0
2022-12-08 13:30:00-05:00,93.2300033569336,93.53250122070312,93.01000213623047,93.01000213623047,6673,0.0,0.0,0.0
2022-12-08 14:30:00-05:00,93.01000213623047,93.12000274658203,92.97010040283203,93.0999984741211,3203,0.0,0.0,0.0
2022-12-08 15:30:00-05:00,93.02999877929688,93.07990264892578,92.94000244140625,92.94000244140625,0,0.0,0.0,0.0
2022-12-09 09:30:00-05:00,92.93000030517578,93.55000305175781,92.93000030517578,93.05000305175781,10466,0.0,0.0,0.0
2022-12-09 10:30:00-05:00,93.31500244140625,94.47000122070312,93.19999694824219,94.36000061035156,18377,0.0,0.0,0.0
2022-12-09 11:30:00-05:00,94.33100128173828,94.76000213623047,94.08999633789062,94.16999816894531,12378,0.0,0.0,0.0
2022-12-09 12:30:00-05:00,94.5,95.2750015258789,94.5,94.76000213623047,10903,0.0,0.0,0.0
2022-12-09 13:30:00-05:00,94.83999633789062,95.125,94.83999633789062,95.11000061035156,8748,0.0,0.0,0.0
2022-12-09 14:30:00-05:00,95.25,95.4000015258789,95.01000213623047,95.05999755859375,10823,0.0,0.0,0.0
2022-12-09 15:30:00-05:00,95.02999877929688,95.07990264892578,94.72000122070312,94.81999969482422,5864,0.0,0.0,0.0
2022-12-12 09:30:00-05:00,93.44000244140625,93.44000244140625,92.30999755859375,92.73999786376953,21933,0.0,0.0,0.0
2022-12-12 10:30:00-05:00,92.56999969482422,93.01000213623047,92.56999969482422,92.69819641113281,6617,0.0,0.0,0.0
2022-12-12 11:30:00-05:00,92.79000091552734,93.0199966430664,92.65499877929688,92.8563003540039,21629,0.0,0.0,0.0
2022-12-12 12:30:00-05:00,92.75,92.80030059814453,92.60340118408203,92.76000213623047,17819,0.0,0.0,0.0
2022-12-12 13:30:00-05:00,92.59500122070312,92.81999969482422,92.59500122070312,92.81999969482422,4549,0.0,0.0,0.0
2022-12-12 14:30:00-05:00,92.77999877929688,92.91999816894531,92.61000061035156,92.9000015258789,5778,0.0,0.0,0.0
2022-12-12 15:30:00-05:00,93.0,93.22989654541016,92.94999694824219,93.08999633789062,8097,0.0,0.0,0.0
2022-12-13 09:30:00-05:00,96.02999877929688,96.74839782714844,95.63300323486328,95.79000091552734,51981,0.0,0.0,0.0
2022-12-13 10:30:00-05:00,95.5,96.1050033569336,95.2300033569336,96.0,32921,0.0,0.0,0.0
2022-12-13 11:30:00-05:00,96.00900268554688,96.22000122070312,95.22149658203125,95.48989868164062,11779,0.0,0.0,0.0
2022-12-13 12:30:00-05:00,95.48999786376953,95.9000015258789,95.23999786376953,95.88999938964844,42090,0.0,0.0,0.0
2022-12-13 13:30:00-05:00,95.78009796142578,96.04000091552734,95.66999816894531,95.92990112304688,15534,0.0,0.0,0.0
2022-12-13 14:30:00-05:00,95.92160034179688,96.05000305175781,95.70999908447266,95.95999908447266,8540,0.0,0.0,0.0
2022-12-13 15:30:00-05:00,96.0,96.01000213623047,95.8499984741211,95.9749984741211,3914,0.0,0.0,0.0
2022-12-14 09:30:00-05:00,95.19999694824219,95.47000122070312,94.95330047607422,95.18000030517578,12797,0.0,0.0,0.0
2022-12-14 10:30:00-05:00,95.20999908447266,95.55000305175781,95.18000030517578,95.47000122070312,7229,0.0,0.0,0.0
2022-12-14 11:30:00-05:00,95.55000305175781,95.58989715576172,95.3550033569336,95.58989715576172,4797,0.0,0.0,0.0
2022-12-14 12:30:00-05:00,95.18000030517578,95.66999816894531,95.18000030517578,95.62000274658203,3010,0.0,0.0,0.0
2022-12-14 13:30:00-05:00,95.61000061035156,95.81510162353516,94.51000213623047,95.22000122070312,24245,0.0,0.0,0.0
2022-12-14 14:30:00-05:00,95.30999755859375,96.02999877929688,94.7699966430664,95.30999755859375,7050,0.0,0.0,0.0
2022-12-14 15:30:00-05:00,95.20999908447266,95.58989715576172,95.13999938964844,95.27999877929688,0,0.0,0.0,0.0
2022-12-15 09:30:00-05:00,93.66000366210938,94.34989929199219,93.23999786376953,93.61000061035156,16895,0.0,0.0,0.0
2022-12-15 10:30:00-05:00,93.5999984741211,93.94000244140625,93.37750244140625,93.5,13662,0.0,0.0,0.0
2022-12-15 11:30:00-05:00,93.5250015258789,93.54989624023438,93.01000213623047,93.25,14838,0.0,0.0,0.0
2022-12-15 12:30:00-05:00,93.37999725341797,93.43000030517578,93.19989776611328,93.29669952392578,9526,0.0,0.0,0.0
2022-12-15 13:30:00-05:00,93.3499984741211,93.3499984741211,93.1511001586914,93.2699966430664,11049,0.0,0.0,0.0
2022-12-15 14:30:00-05:00,93.23999786376953,93.38999938964844,93.23999786376953,93.36000061035156,30445,0.0,0.0,0.0
2022-12-15 15:30:00-05:00,93.4000015258789,93.55000305175781,93.16010284423828,93.51000213623047,0,0.0,0.0,0.0
2022-12-16 09:30:00-05:00,92.70999908447266,93.54499816894531,92.3499984741211,92.54000091552734,23855,0.0,0.0,0.0
2022-12-16 10:30:00-05:00,92.5,92.5,91.93000030517578,92.08000183105469,17857,0.0,0.0,0.0
2022-12-16 11:30:00-05:00,92.11499786376953,92.22000122070312,92.01000213623047,92.06999969482422,8800,0.0,0.0,0.0
2022-12-16 12:30:00-05:00,92.08999633789062,92.2699966430664,91.95999908447266,92.24410247802734,17775,0.0,0.0,0.0
2022-12-16 13:30:00-05:00,92.29000091552734,92.33999633789062,92.13999938964844,92.13999938964844,7476,0.0,0.0,0.0
2022-12-16 14:30:00-05:00,92.20999908447266,92.33999633789062,92.0999984741211,92.33000183105469,15253,0.0,0.0,0.0
2022-12-16 15:30:00-05:00,92.33999633789062,92.3499984741211,92.18009948730469,92.22000122070312,15571,0.0,0.0,0.0
2022-12-19 09:30:00-05:00,92.11000061035156,92.50389862060547,91.58999633789062,92.30000305175781,11609,0.0,0.0,0.0
2022-12-19 10:30:00-05:00,92.03800201416016,92.03800201416016,91.3499984741211,91.4000015258789,4874,0.0,0.0,0.0
2022-12-19 11:30:00-05:00,91.66000366210938,91.66000366210938,91.18000030517578,91.48999786376953,5306,0.0,0.0,0.0
2022-12-19 12:30:00-05:00,91.38999938964844,91.38999938964844,91.17130279541016,91.17130279541016,9453,0.0,0.0,0.0
2022-12-19 13:30:00-05:00,91.0999984741211,91.20999908447266,90.83000183105469,90.9000015258789,8744,0.0,0.0,0.0
2022-12-19 14:30:00-05:00,90.80999755859375,90.89990234375,90.63999938964844,90.86499786376953,10721,0.0,0.0,0.0
2022-12-19 15:30:00-05:00,90.75,90.92990112304688,90.70999908447266,90.76000213623047,0,0.0,0.0,0.0
2022-12-20 09:30:00-05:00,92.12999725341797,93.94499969482422,92.04000091552734,93.66000366210938,41342,0.0,0.0,0.0
2022-12-20 10:30:00-05:00,93.875,94.08000183105469,93.4000015258789,93.4800033569336,13786,0.0,0.0,0.0
2022-12-20 11:30:00-05:00,93.29399871826172,93.54000091552734,93.12010192871094,93.45429992675781,13069,0.0,0.0,0.0
2022-12-20 12:30:00-05:00,93.44999694824219,93.62999725341797,93.3499984741211,93.5781021118164,17161,0.0,0.0,0.0
2022-12-20 13:30:00-05:00,93.62999725341797,93.69999694824219,93.52279663085938,93.68499755859375,3124,0.0,0.0,0.0
2022-12-20 14:30:00-05:00,93.5801010131836,93.76799774169922,93.39009857177734,93.66000366210938,5364,0.0,0.0,0.0
2022-12-20 15:30:00-05:00,93.5000991821289,93.66999816894531,93.4000015258789,93.4000015258789,6228,0.0,0.0,0.0
2022-12-21 09:30:00-05:00,92.55000305175781,93.30000305175781,92.37120056152344,93.30000305175781,13067,0.0,0.0,0.0
2022-12-21 10:30:00-05:00,93.18499755859375,93.5,92.44000244140625,92.59500122070312,22444,0.0,0.0,0.0
2022-12-21 11:30:00-05:00,92.5,92.77999877929688,92.43009948730469,92.46109771728516,8089,0.0,0.0,0.0
2022-12-21 12:30:00-05:00,92.61000061035156,92.66000366210938,92.46160125732422,92.52010345458984,2065,0.0,0.0,0.0
2022-12-21 13:30:00-05:00,92.62879943847656,92.83999633789062,92.45700073242188,92.77999877929688,4621,0.0,0.0,0.0
2022-12-21 14:30:00-05:00,92.69999694824219,92.69999694824219,92.51000213623047,92.51000213623047,5527,0.0,0.0,0.0
2022-12-21 15:30:00-05:00,92.55500030517578,92.75,92.55000305175781,92.58000183105469,6883,0.0,0.0,0.0
2022-12-22 09:30:00-05:00,91.19000244140625,91.87000274658203,90.95539855957031,91.80999755859375,46457,0.0,0.0,0.0
2022-12-22 10:30:00-05:00,91.76000213623047,92.13999938964844,91.70999908447266,91.71800231933594,15648,0.0,0.0,0.0
2022-12-22 11:30:00-05:00,91.55000305175781,91.83999633789062,91.2699966430664,91.2699966430664,10996,0.0,0.0,0.0
2022-12-22 12:30:00-05:00,91.19999694824219,91.44999694824219,90.4800033569336,90.88999938964844,13385,0.0,0.0,0.0
2022-12-22 13:30:00-05:00,90.86499786376953,90.91999816894531,90.0999984741211,90.45999908447266,30655,0.0,0.0,0.0
2022-12-22 14:30:00-05:00,90.4000015258789,90.61000061035156,90.30000305175781,90.54450225830078,16707,0.0,0.0,0.0
2022-12-22 15:30:00-05:00,90.65989685058594,90.7699966430664,90.56999969482422,90.73999786376953,13207,0.0,0.0,0.0
2022-12-23 09:30:00-05:00,94.20800018310547,94.58999633789062,93.51000213623047,94.37999725341797,76979,0.0,0.0,0.0
2022-12-23 10:30:00-05:00,94.41000366210938,95.08999633789062,94.30010223388672,94.93990325927734,68733,0.0,0.0,0.0
2022-12-23 11:30:00-05:00,94.94000244140625,95.22000122070312,94.81999969482422,94.95999908447266,64305,0.0,0.0,0.0
2022-12-23 12:30:00-05:00,95.06999969482422,95.19000244140625,94.55999755859375,94.66000366210938,21007,0.0,0.0,0.0
2022-12-23 13:30:00-05:00,94.6500015258789,94.68229675292969,94.49009704589844,94.65899658203125,13235,0.0,0.0,0.0
2022-12-23 14:30:00-05:00,94.75499725341797,94.91000366210938,94.73999786376953,94.76000213623047,25014,0.0,0.0,0.0
2022-12-23 15:30:00-05:00,94.72000122070312,94.9000015258789,94.6500015258789,94.88999938964844,8303,0.0,0.0,0.0
2022-12-27 09:30:00-05:00,92.81999969482422,94.20500183105469,92.81009674072266,94.10009765625,38148,0.0,0.0,0.0
2022-12-27 10:30:00-05:00,94.29850006103516,94.54000091552734,94.06999969482422,94.37000274658203,10797,0.0,0.0,0.0
2022-12-27 11:30:00-05:00,94.5250015258789,94.80000305175781,94.45999908447266,94.80000305175781,5343,0.0,0.0,0.0
2022-12-27 12:30:00-05:00,94.62999725341797,95.1500015258789,94.51000213623047,95.1500015258789,8363,0.0,0.0,0.0
2022-12-27 13:30:00-05:00,94.9365005493164,95.13999938964844,94.60009765625,94.60009765625,14631,0.0,0.0,0.0
2022-12-27 14:30:00-05:00,94.73300170898438,95.0,94.58039855957031,94.58039855957031,19611,0.0,0.0,0.0
2022-12-27 15:30:00-05:00,94.58499908447266,95.08999633789062,94.58499908447266,95.05000305175781,0,0.0,0.0,0.0
2022-12-28 09:30:00-05:00,94.87999725341797,95.01000213623047,94.01010131835938,94.20999908447266,11399,0.0,0.0,0.0
2022-12-28 10:30:00-05:00,94.11000061035156,94.11000061035156,93.33000183105469,93.53040313720703,7695,0.0,0.0,0.0
2022-12-28 11:30:00-05:00,93.75,93.79450225830078,93.44000244140625,93.79450225830078,4517,0.0,0.0,0.0
2022-12-28 12:30:00-05:00,93.80159759521484,94.0,93.72010040283203,93.75,6967,0.0,0.0,0.0
2022-12-28 13:30:00-05:00,93.81999969482422,93.81999969482422,93.61000061035156,93.6947021484375,4623,0.0,0.0,0.0
2022-12-28 14:30:00-05:00,93.6500015258789,93.69999694824219,93.43000030517578,93.4800033569336,8229,0.0,0.0,0.0
2022-12-28 15:30:00-05:00,93.46649932861328,93.5999984741211,93.46649932861328,93.5999984741211,1866,0.0,0.0,0.0
2022-12-29 09:30:00-05:00,95.86000061035156,96.95999908447266,95.77999877929688,96.52999877929688,48305,0.0,0.0,0.0
2022-12-29 10:30:00-05:00,96.4000015258789,96.69999694824219,96.33000183105469,96.5999984741211,19461,0.0,0.0,0.0
2022-12-29 11:30:00-05:00,96.7699966430664,97.57099914550781,96.7699966430664,97.48370361328125,24185,0.0,0.0,0.0
2022-12-29 12:30:00-05:00,97.40499877929688,97.74829864501953,97.30000305175781,97.72000122070312,15124,0.0,0.0,0.0
2022-12-29 13:30:00-05:00,97.70500183105469,98.08999633789062,97.56999969482422,97.98999786376953,35063,0.0,0.0,0.0
2022-12-29 14:30:00-05:00,97.91000366210938,98.27899932861328,97.91000366210938,98.0,25061,0.0,0.0,0.0
2022-12-29 15:30:00-05:00,97.99530029296875,98.15399932861328,97.71009826660156,98.0999984741211,0,0.0,0.0,0.0
2022-12-30 09:30:00-05:00,98.54000091552734,98.98500061035156,97.78569793701172,98.0999984741211,31783,0.0,0.0,0.0
2022-12-30 10:30:00-05:00,98.0999984741211,98.58999633789062,98.0999984741211,98.5,8730,0.0,0.0,0.0
2022-12-30 11:30:00-05:00,98.41999816894531,98.9645004272461,98.23500061035156,98.9645004272461,9821,0.0,0.0,0.0
2022-12-30 12:30:00-05:00,98.75689697265625,99.12999725341797,98.75,98.83999633789062,16276,0.0,0.0,0.0
2022-12-30 13:30:00-05:00,98.84500122070312,99.12000274658203,98.75,99.12000274658203,7068,0.0,0.0,0.0
2022-12-30 14:30:00-05:00,99.11000061035156,99.17990112304688,98.94010162353516,99.01000213623047,16193,0.0,0.0,0.0
2022-12-30 15:30:00-05:00,99.0199966430664,99.37000274658203,99.0199966430664,99.27999877929688,31733,0.0,0.0,0.0
2023-01-03 09:30:00-05:00,99.66999816894531,100.95999908447266,99.60099792480469,99.63999938964844,54979,0.0,0.0,0.0
2023-01-03 10:30:00-05:00,99.75,100.34989929199219,99.63999938964844,99.7699966430664,27853,0.0,0.0,0.0
2023-01-03 11:30:00-05:00,99.91999816894531,100.12989807128906,99.62999725341797,100.05599975585938,24796,0.0,0.0,0.0
2023-01-03 12:30:00-05:00,100.0,100.37999725341797,99.94000244140625,100.34750366210938,8695,0.0,0.0,0.0
2023-01-03 13:30:00-05:00,100.29000091552734,100.51000213623047,100.24130249023438,100.24130249023438,11253,0.0,0.0,0.0
2023-01-03 14:30:00-05:00,100.23999786376953,100.48999786376953,100.19000244140625,100.30000305175781,28993,0.0,0.0,0.0
2023-01-03 15:30:00-05:00,100.4000015258789,100.5999984741211,100.30999755859375,100.5199966430664,53021,0.0,0.0,0.0
2023-01-04 09:30:00-05:00,100.4800033569336,100.8499984741211,99.07009887695312,99.80000305175781,64218,0.0,0.0,0.0
2023-01-04 10:30:00-05:00,99.51000213623047,100.4000015258789,99.51000213623047,100.23999786376953,17632,0.0,0.0,0.0
2023-01-04 11:30:00-05:00,100.32009887695312,100.90730285644531,100.32009887695312,100.48999786376953,19674,0.0,0.0,0.0
2023-01-04 12:30:00-05:00,100.37999725341797,100.56999969482422,99.80000305175781,99.88990020751953,7436,0.0,0.0,0.0
2023-01-04 13:30:00-05:00,99.78009796142578,100.33999633789062,99.53620147705078,100.04000091552734,5084,0.0,0.0,0.0
2023-01-04 14:30:00-05:00,99.94999694824219,100.2300033569336,99.87100219726562,100.19999694824219,8395,0.0,0.0,0.0
2023-01-04 15:30:00-05:00,100.18000030517578,100.18000030517578,99.94000244140625,100.06999969482422,12768,0.0,0.0,0.0
2023-01-05 09:30:00-05:00,98.70999908447266,98.70999908447266,98.0447006225586,98.1500015258789,21266,0.0,0.0,0.0
2023-01-05 10:30:00-05:00,98.13690185546875,98.4000015258789,97.91999816894531,98.1500015258789,6576,0.0,0.0,0.0
2023-01-05 11:30:00-05:00,98.08000183105469,98.2249984741211,97.91999816894531,98.13999938964844,4797,0.0,0.0,0.0
2023-01-05 12:30:00-05:00,98.11009979248047,98.52999877929688,97.90470123291016,98.45999908447266,11134,0.0,0.0,0.0
2023-01-05 13:30:00-05:00,98.45999908447266,98.76499938964844,98.11969757080078,98.11969757080078,28459,0.0,0.0,0.0
2023-01-05 14:30:00-05:00,98.20999908447266,98.4010009765625,98.02999877929688,98.02999877929688,7913,0.0,0.0,0.0
2023-01-05 15:30:00-05:00,98.16500091552734,98.29000091552734,98.0999984741211,98.0999984741211,8213,0.0,0.0,0.0
2023-01-06 09:30:00-05:00,99.16999816894531,100.19999694824219,98.9000015258789,99.7261962890625,22406,0.0,0.0,0.0
2023-01-06 10:30:00-05:00,99.95999908447266,100.36990356445312,99.8550033569336,100.11000061035156,16435,0.0,0.0,0.0
2023-01-06 11:30:00-05:00,100.21890258789062,100.87999725341797,100.20999908447266,100.75,11700,0.0,0.0,0.0
2023-01-06 12:30:00-05:00,100.80000305175781,101.04000091552734,100.78500366210938,100.87999725341797,19130,0.0,0.0,0.0
2023-01-06 13:30:00-05:00,100.91000366210938,101.2699966430664,100.91000366210938,101.2699966430664,37109,0.0,0.0,0.0
2023-01-06 14:30:00-05:00,101.25,101.36000061035156,101.08999633789062,101.23999786376953,12590,0.0,0.0,0.0
2023-01-06 15:30:00-05:00,101.23619842529297,101.28500366210938,101.01000213623047,101.0199966430664,11302,0.0,0.0,0.0
2023-01-09 09:30:00-05:00,101.16999816894531,101.47989654541016,100.71800231933594,100.95999908447266,18345,0.0,0.0,0.0
2023-01-09 10:30:00-05:00,101.0,101.4563980102539,100.84600067138672,101.0801010131836,5028,0.0,0.0,0.0
2023-01-09 11:30:00-05:00,101.12000274658203,101.29000091552734,100.62100219726562,100.77639770507812,15307,0.0,0.0,0.0
2023-01-09 12:30:00-05:00,100.83999633789062,100.9104995727539,100.36990356445312,100.67150115966797,10966,0.0,0.0,0.0
2023-01-09 13:30:00-05:00,100.58000183105469,100.5999984741211,100.22000122070312,100.22000122070312,14301,0.0,0.0,0.0
2023-01-09 14:30:00-05:00,100.37000274658203,100.39800262451172,100.0,100.0999984741211,7939,0.0,0.0,0.0
2023-01-09 15:30:00-05:00,99.8499984741211,100.06999969482422,99.59200286865234,100.06999969482422,5447,0.0,0.0,0.0
2023-01-10 09:30:00-05:00,100.30999755859375,100.66999816894531,99.76000213623047,100.12000274658203,11332,0.0,0.0,0.0
2023-01-10 10:30:00-05:00,99.75,99.95999908447266,99.17459869384766,99.95999908447266,9381,0.0,0.0,0.0
2023-01-10 11:30:00-05:00,99.7061996459961,99.9000015258789,99.69999694824219,99.75630187988281,1623,0.0,0.0,0.0
2023-01-10 12:30:00-05:00,99.87999725341797,100.0,99.71499633789062,99.71499633789062,6344,0.0,0.0,0.0
2023-01-10 13:30:00-05:00,100.01899719238281,100.0999984741211,99.75,100.0999984741211,4511,0.0,0.0,0.0
2023-01-10 14:30:00-05:00,100.0999984741211,100.27999877929688,99.97000122070312,100.02010345458984,4623,0.0,0.0,0.0
2023-01-10 15:30:00-05:00,100.11000061035156,100.16000366210938,100.0,100.1500015258789,7420,0.0,0.0,0.0
2023-01-11 09:30:00-05:00,101.83000183105469,101.87999725341797,100.72000122070312,100.72000122070312,23914,0.0,0.0,0.0
2023-01-11 10:30:00-05:00,100.62999725341797,100.8833999633789,99.5199966430664,99.98999786376953,88791,0.0,0.0,0.0
2023-01-11 11:30:00-05:00,99.91999816894531,100.05999755859375,99.44000244140625,99.44999694824219,77300,0.0,0.0,0.0
2023-01-11 12:30:00-05:00,99.45999908447266,99.59590148925781,98.68000030517578,98.98500061035156,53587,0.0,0.0,0.0
2023-01-11 13:30:00-05:00,99.09329986572266,99.09329986572266,98.91999816894531,99.0,7208,0.0,0.0,0.0
2023-01-11 14:30:00-05:00,99.0,99.0,98.86000061035156,98.98989868164062,7935,0.0,0.0,0.0
2023-01-11 15:30:00-05:00,98.8738021850586,98.95500183105469,98.8499984741211,98.9000015258789,0,0.0,0.0,0.0
2023-01-12 09:30:00-05:00,99.38999938964844,99.59230041503906,98.0199966430664,98.68000030517578,19735,0.0,0.0,0.0
2023-01-12 10:30:00-05:00,98.63999938964844,98.94999694824219,97.61000061035156,98.81999969482422,156574,0.0,0.0,0.0
2023-01-12 11:30:00-05:00,98.89990234375,99.08000183105469,98.70500183105469,99.0790023803711,20952,0.0,0.0,0.0
2023-01-12 12:30:00-05:00,98.98999786376953,99.47000122070312,98.91000366210938,99.04000091552734,7578,0.0,0.0,0.0
2023-01-12 13:30:00-05:00,99.05999755859375,99.3561019897461,98.97000122070312,98.97000122070312,6029,0.0,0.0,0.0
2023-01-12 14:30:00-05:00,99.02999877929688,99.12999725341797,98.69999694824219,98.81999969482422,11281,0.0,0.0,0.0
2023-01-12 15:30:00-05:00,98.76000213623047,98.98989868164062,98.70999908447266,98.86000061035156,6048,0.0,0.0,0.0
2023-01-13 09:30:00-05:00,98.08000183105469,98.97949981689453,98.03359985351562,98.73049926757812,36830,0.0,0.0,0.0
2023-01-13 10:30:00-05:00,98.70079803466797,98.81999969482422,98.4000015258789,98.41999816894531,22683,0.0,0.0,0.0
2023-01-13 11:30:00-05:00,98.5,98.66999816894531,98.20999908447266,98.54499816894531,61359,0.0,0.0,0.0
2023-01-13 12:30:00-05:00,98.5199966430664,98.83999633789062,98.5,98.68000030517578,26659,0.0,0.0,0.0
2023-01-13 13:30:00-05:00,98.62999725341797,99.0,98.62999725341797,98.94000244140625,7593,0.0,0.0,0.0
2023-01-13 14:30:00-05:00,98.94000244140625,99.08999633789062,98.80000305175781,99.03929901123047,15682,0.0,0.0,0.0
2023-01-13 15:30:00-05:00,99.0199966430664,99.06999969482422,98.90010070800781,99.02999877929688,5032,0.0,0.0,0.0
2023-01-17 09:30:00-05:00,97.9000015258789,98.17040252685547,97.0009994506836,97.02999877929688,27819,0.0,0.0,0.0
2023-01-17 10:30:00-05:00,97.1050033569336,97.1050033569336,96.26010131835938,96.66999816894531,174298,0.0,0.0,0.0
2023-01-17 11:30:00-05:00,96.55010223388672,96.70999908447266,96.26069641113281,96.27999877929688,37932,0.0,0.0,0.0
2023-01-17 12:30:00-05:00,96.29090118408203,96.66000366210938,96.20999908447266,96.4000015258789,42049,0.0,0.0,0.0
2023-01-17 13:30:00-05:00,96.41500091552734,96.5199966430664,96.26000213623047,96.47000122070312,28971,0.0,0.0,0.0
2023-01-17 14:30:00-05:00,96.47000122070312,96.66000366210938,96.31999969482422,96.51000213623047,61954,0.0,0.0,0.0
2023-01-17 15:30:00-05:00,96.54199981689453,96.5999984741211,96.41999816894531,96.5199966430664,29589,0.0,0.0,0.0
2023-01-18 09:30:00-05:00,99.22000122070312,99.66999816894531,98.5,98.83499908447266,76038,0.0,0.0,0.0
2023-01-18 10:30:00-05:00,98.76499938964844,98.86109924316406,97.52999877929688,97.69999694824219,34482,0.0,0.0,0.0
2023-01-18 11:30:00-05:00,97.49500274658203,97.49500274658203,95.72000122070312,95.80999755859375,24827,0.0,0.0,0.0
2023-01-18 12:30:00-05:00,95.8499984741211,96.2300033569336,95.73999786376953,96.18000030517578,30337,0.0,0.0,0.0
2023-01-18 13:30:00-05:00,96.20999908447266,96.42990112304688,95.94999694824219,96.26499938964844,18339,0.0,0.0,0.0
2023-01-18 14:30:00-05:00,96.30000305175781,96.33000183105469,95.91999816894531,96.25,17385,0.0,0.0,0.0
2023-01-18 15:30:00-05:00,96.21499633789062,96.2499008178711,95.91000366210938,96.16000366210938,8690,0.0,0.0,0.0
2023-01-19 09:30:00-05:00,94.63999938964844,95.2300033569336,93.62760162353516,95.13999938964844,161665,0.0,0.0,0.0
2023-01-19 10:30:00-05:00,95.11000061035156,95.29000091552734,94.69000244140625,94.69000244140625,93285,0.0,0.0,0.0
2023-01-19 11:30:00-05:00,94.76000213623047,95.79000091552734,94.70709991455078,95.59239959716797,28261,0.0,0.0,0.0
2023-01-19 12:30:00-05:00,95.68000030517578,96.06999969482422,95.66999816894531,95.66999816894531,23113,0.0,0.0,0.0
2023-01-19 13:30:00-05:00,95.79000091552734,96.08999633789062,95.66000366210938,96.08000183105469,24056,0.0,0.0,0.0
2023-01-19 14:30:00-05:00,96.0999984741211,96.47000122070312,96.06009674072266,96.1500015258789,44784,0.0,0.0,0.0
2023-01-19 15:30:00-05:00,96.16999816894531,96.18000030517578,95.87079620361328,95.91999816894531,38449,0.0,0.0,0.0
2023-01-20 09:30:00-05:00,95.45999908447266,96.87999725341797,95.04409790039062,96.86000061035156,67918,0.0,0.0,0.0
2023-01-20 10:30:00-05:00,97.0,97.47000122070312,96.69499969482422,97.05999755859375,51970,0.0,0.0,0.0
2023-01-20 11:30:00-05:00,97.11000061035156,97.12999725341797,96.31999969482422,96.31999969482422,18022,0.0,0.0,0.0
2023-01-20 12:30:00-05:00,96.38999938964844,96.54350280761719,96.0708999633789,96.54350280761719,13607,0.0,0.0,0.0
2023-01-20 13:30:00-05:00,96.30999755859375,96.5999984741211,96.2699966430664,96.5999984741211,10353,0.0,0.0,0.0
2023-01-20 14:30:00-05:00,96.5,96.58000183105469,96.25,96.30999755859375,32143,0.0,0.0,0.0
2023-01-20 15:30:00-05:00,96.25,96.41000366210938,96.16999816894531,96.27999877929688,11934,0.0,0.0,0.0
2023-01-23 09:30:00-05:00,95.62000274658203,96.13990020751953,95.30999755859375,95.86150360107422,25687,0.0,0.0,0.0
2023-01-23 10:30:00-05:00,95.86000061035156,96.47689819335938,95.76000213623047,96.19999694824219,12130,0.0,0.0,0.0
2023-01-23 11:30:00-05:00,96.30999755859375,96.5999984741211,96.10130310058594,96.5999984741211,24179,0.0,0.0,0.0
2023-01-23 12:30:00-05:00,96.51000213623047,97.0979995727539,96.51000213623047,96.87000274658203,23558,0.0,0.0,0.0
2023-01-23 13:30:00-05:00,96.94999694824219,97.07990264892578,96.75,96.7699966430664,11473,0.0,0.0,0.0
2023-01-23 14:30:00-05:00,96.76000213623047,96.94000244140625,96.58000183105469,96.94000244140625,21107,0.0,0.0,0.0
2023-01-23 15:30:00-05:00,96.93000030517578,97.05000305175781,96.80999755859375,96.9000015258789,31655,0.0,0.0,0.0
2023-01-24 09:30:00-05:00,96.8499984741211,97.6500015258789,96.44000244140625,97.6500015258789,48749,0.0,0.0,0.0
2023-01-24 10:30:00-05:00,97.44000244140625,97.9999008178711,97.30999755859375,97.83000183105469,30231,0.0,0.0,0.0
2023-01-24 11:30:00-05:00,97.88999938964844,97.9041976928711,97.49500274658203,97.6500015258789,13873,0.0,0.0,0.0
2023-01-24 12:30:00-05:00,97.68000030517578,97.79000091552734,97.54000091552734,97.71399688720703,7140,0.0,0.0,0.0
2023-01-24 13:30:00-05:00,97.61000061035156,97.93000030517578,97.61000061035156,97.93000030517578,4895,0.0,0.0,0.0
2023-01-24 14:30:00-05:00,97.86000061035156,97.91999816894531,97.72000122070312,97.77999877929688,20256,0.0,0.0,0.0
2023-01-24 15:30:00-05:00,97.69999694824219,97.91999816894531,97.62999725341797,97.91999816894531,7875,0.0,0.0,0.0
2023-01-25 09:30:00-05:00,96.27999877929688,96.8916015625,95.56009674072266,95.87999725341797,39876,0.0,0.0,0.0
2023-01-25 10:30:00-05:00,95.9551010131836,96.4000015258789,95.55999755859375,96.4000015258789,12362,0.0,0.0,0.0
2023-01-25 11:30:00-05:00,96.4000015258789,96.4000015258789,96.11000061035156,96.32050323486328,10601,0.0,0.0,0.0
2023-01-25 12:30:00-05:00,96.26000213623047,96.45210266113281,96.12999725341797,96.45210266113281,13975,0.0,0.0,0.0
2023-01-25 13:30:00-05:00,96.25,96.33830261230469,96.0999984741211,96.11419677734375,20032,0.0,0.0,0.0
2023-01-25 14:30:00-05:00,96.16000366210938,96.41999816894531,96.01000213623047,96.2300033569336,19721,0.0,0.0,0.0
2023-01-25 15:30:00-05:00,96.25,96.37000274658203,96.19499969482422,96.37000274658203,10816,0.0,0.0,0.0
2023-01-26 09:30:00-05:00,95.5999984741211,95.5999984741211,94.61000061035156,95.0199966430664,44573,0.0,0.0,0.0
2023-01-26 10:30:00-05:00,95.0199966430664,95.3010025024414,94.63999938964844,94.81999969482422,14359,0.0,0.0,0.0
2023-01-26 11:30:00-05:00,94.80999755859375,94.82830047607422,94.27999877929688,94.33999633789062,65139,0.0,0.0,0.0
2023-01-26 12:30:00-05:00,94.3499984741211,94.6229019165039,94.1500015258789,94.45909881591797,65437,0.0,0.0,0.0
2023-01-26 13:30:00-05:00,94.41000366210938,94.61990356445312,94.4000015258789,94.43000030517578,18788,0.0,0.0,0.0
2023-01-26 14:30:00-05:00,94.52999877929688,94.61000061035156,94.31999969482422,94.56999969482422,12358,0.0,0.0,0.0
2023-01-26 15:30:00-05:00,94.5,94.5999984741211,94.43009948730469,94.51000213623047,7828,0.0,0.0,0.0
2023-01-27 09:30:00-05:00,93.56999969482422,93.91000366210938,93.30000305175781,93.43000030517578,31812,0.0,0.0,0.0
2023-01-27 10:30:00-05:00,93.4800033569336,93.6500015258789,92.58999633789062,93.4800033569336,216678,0.0,0.0,0.0
2023-01-27 11:30:00-05:00,93.5,93.79000091552734,93.28500366210938,93.28800201416016,49887,0.0,0.0,0.0
2023-01-27 12:30:00-05:00,93.29000091552734,93.94000244140625,93.22489929199219,93.81999969482422,18023,0.0,0.0,0.0
2023-01-27 13:30:00-05:00,93.83000183105469,94.08999633789062,93.79000091552734,94.08999633789062,17491,0.0,0.0,0.0
2023-01-27 14:30:00-05:00,94.02999877929688,94.0999984741211,93.8821029663086,93.95999908447266,12823,0.0,0.0,0.0
2023-01-27 15:30:00-05:00,93.98999786376953,94.05000305175781,93.8927993774414,93.94999694824219,14455,0.0,0.0,0.0
2023-01-30 09:30:00-05:00,93.79000091552734,94.08000183105469,93.31999969482422,93.80000305175781,41242,0.0,0.0,0.0
2023-01-30 10:30:00-05:00,93.75,94.0999984741211,93.52999877929688,93.52999877929688,11138,0.0,0.0,0.0
2023-01-30 11:30:00-05:00,93.6500015258789,93.9000015258789,93.58999633789062,93.80000305175781,12525,0.0,0.0,0.0
2023-01-30 12:30:00-05:00,93.73999786376953,94.08000183105469,93.72000122070312,93.87999725341797,7677,0.0,0.0,0.0
2023-01-30 13:30:00-05:00,93.7300033569336,93.82460021972656,93.51000213623047,93.58000183105469,3935,0.0,0.0,0.0
2023-01-30 14:30:00-05:00,93.5199966430664,93.6958999633789,93.44999694824219,93.51000213623047,49877,0.0,0.0,0.0
2023-01-30 15:30:00-05:00,93.44999694824219,93.6500015258789,93.4000015258789,93.4000015258789,7046,0.0,0.0,0.0
2023-01-31 09:30:00-05:00,92.66000366210938,93.58999633789062,92.33000183105469,93.58999633789062,39170,0.0,0.0,0.0
2023-01-31 10:30:00-05:00,93.38999938964844,94.37000274658203,93.38999938964844,94.19010162353516,17447,0.0,0.0,0.0
2023-01-31 11:30:00-05:00,94.27999877929688,94.5,93.86499786376953,93.86499786376953,12816,0.0,0.0,0.0
2023-01-31 12:30:00-05:00,93.97000122070312,94.35340118408203,93.63999938964844,94.1500015258789,10423,0.0,0.0,0.0
2023-01-31 13:30:00-05:00,94.19000244140625,94.19000244140625,93.76000213623047,93.93890380859375,30735,0.0,0.0,0.0
2023-01-31 14:30:00-05:00,93.93569946289062,93.93569946289062,93.47000122070312,93.52490234375,46574,0.0,0.0,0.0
2023-01-31 15:30:00-05:00,93.57589721679688,93.69999694824219,93.45999908447266,93.69999694824219,37525,0.0,0.0,0.0
2023-02-01 09:30:00-05:00,93.5199966430664,93.69000244140625,92.66999816894531,92.73999786376953,49670,0.0,0.0,0.0
2023-02-01 10:30:00-05:00,92.93250274658203,92.93250274658203,92.51000213623047,92.62000274658203,13570,0.0,0.0,0.0
2023-02-01 11:30:00-05:00,92.62000274658203,92.73989868164062,91.83999633789062,91.93499755859375,68747,0.0,0.0,0.0
2023-02-01 12:30:00-05:00,91.93499755859375,92.43000030517578,91.7699966430664,92.2500991821289,65155,0.0,0.0,0.0
2023-02-01 13:30:00-05:00,92.2301025390625,92.51000213623047,92.05000305175781,92.1500015258789,51857,0.0,0.0,0.0
2023-02-01 14:30:00-05:00,92.31500244140625,93.59390258789062,91.9000015258789,93.38999938964844,34376,0.0,0.0,0.0
2023-02-01 15:30:00-05:00,93.33999633789062,93.50990295410156,93.0739974975586,93.27999877929688,18263,0.0,0.0,0.0
2023-02-02 09:30:00-05:00,95.68000030517578,95.68000030517578,93.56999969482422,94.1500015258789,66527,0.0,0.0,0.0
2023-02-02 10:30:00-05:00,94.28189849853516,94.79000091552734,94.25,94.2959976196289,19061,0.0,0.0,0.0
2023-02-02 11:30:00-05:00,94.29000091552734,95.05000305175781,94.08000183105469,95.03500366210938,42625,0.0,0.0,0.0
2023-02-02 12:30:00-05:00,94.91999816894531,95.06500244140625,94.2699966430664,94.3499984741211,11775,0.0,0.0,0.0
2023-02-02 13:30:00-05:00,94.36000061035156,95.00140380859375,94.36000061035156,94.4000015258789,26863,0.0,0.0,0.0
2023-02-02 14:30:00-05:00,94.55000305175781,94.66500091552734,94.4000015258789,94.5,31542,0.0,0.0,0.0
2023-02-02 15:30:00-05:00,94.5999984741211,94.72000122070312,94.4749984741211,94.66000366210938,11893,0.0,0.0,0.0
2023-02-03 09:30:00-05:00,92.18000030517578,92.5999984741211,91.28009796142578,92.29000091552734,62788,0.0,0.0,0.0
2023-02-03 10:30:00-05:00,92.10310363769531,92.22000122070312,90.81999969482422,90.9000015258789,61106,0.0,0.0,0.0
2023-02-03 11:30:00-05:00,90.91999816894531,90.94999694824219,90.2500991821289,90.37770080566406,0,0.0,0.0,0.0
2023-02-03 12:30:00-05:00,90.37999725341797,90.53780364990234,90.1449966430664,90.30999755859375,231077,0.0,0.0,0.0
2023-02-03 13:30:00-05:00,90.30000305175781,90.5199966430664,90.12999725341797,90.38999938964844,46587,0.0,0.0,0.0
2023-02-03 14:30:00-05:00,90.25,90.4000015258789,90.11000061035156,90.30000305175781,23693,0.0,0.0,0.0
2023-02-03 15:30:00-05:00,90.22000122070312,90.61000061035156,90.22000122070312,90.37999725341797,23116,0.0,0.0,0.0
2023-02-06 09:30:00-05:00,90.58000183105469,90.85990142822266,89.58000183105469,89.9000015258789,53892,0.0,0.0,0.0
2023-02-06 10:30:00-05:00,89.88999938964844,90.26000213623047,89.66999816894531,90.15550231933594,34184,0.0,0.0,0.0
2023-02-06 11:30:00-05:00,90.19999694824219,90.50509643554688,89.95069885253906,89.9800033569336,21305,0.0,0.0,0.0
2023-02-06 12:30:00-05:00,89.94999694824219,89.9800033569336,89.5999984741211,89.76000213623047,21624,0.0,0.0,0.0
2023-02-06 13:30:00-05:00,89.7699966430664,90.35990142822266,89.66010284423828,90.12999725341797,31436,0.0,0.0,0.0
2023-02-06 14:30:00-05:00,90.12000274658203,90.26000213623047,89.71309661865234,89.83000183105469,19071,0.0,0.0,0.0
2023-02-06 15:30:00-05:00,89.73999786376953,89.94999694824219,89.73999786376953,89.9000015258789,12156,0.0,0.0,0.0
2023-02-07 09:30:00-05:00,89.1500015258789,90.0,89.11009979248047,89.71499633789062,37201,0.0,0.0,0.0
2023-02-07 10:30:00-05:00,89.98709869384766,90.61000061035156,89.79080200195312,90.28109741210938,9820,0.0,0.0,0.0
2023-02-07 11:30:00-05:00,90.44000244140625,90.55999755859375,90.26529693603516,90.26529693603516,5898,0.0,0.0,0.0
2023-02-07 12:30:00-05:00,90.23999786376953,91.01399993896484,90.11119842529297,90.5,8798,0.0,0.0,0.0
2023-02-07 13:30:00-05:00,90.21399688720703,90.42990112304688,89.625,90.26000213623047,0,0.0,0.0,0.0
2023-02-07 14:30:00-05:00,90.30000305175781,90.33999633789062,90.01000213623047,90.03990173339844,91478,0.0,0.0,0.0
2023-02-07 15:30:00-05:00,90.01000213623047,90.30000305175781,90.0,90.30000305175781,5856,0.0,0.0,0.0
2023-02-08 09:30:00-05:00,90.95999908447266,91.19999694824219,90.53500366210938,90.80999755859375,25492,0.0,0.0,0.0
2023-02-08 10:30:00-05:00,90.4000015258789,90.51000213623047,89.91999816894531,89.95999908447266,36965,0.0,0.0,0.0
2023-02-08 11:30:00-05:00,89.99500274658203,90.3499984741211,89.77670288085938,90.2177963256836,52876,0.0,0.0,0.0
2023-02-08 12:30:00-05:00,90.26000213623047,90.87000274658203,89.97010040283203,90.68000030517578,22219,0.0,0.0,0.0
2023-02-08 13:30:00-05:00,90.66000366210938,90.66000366210938,90.16000366210938,90.16000366210938,29874,0.0,0.0,0.0
2023-02-08 14:30:00-05:00,90.30000305175781,90.38999938964844,89.62000274658203,89.81999969482422,110569,0.0,0.0,0.0
2023-02-08 15:30:00-05:00,89.81999969482422,89.87999725341797,89.68000030517578,89.69999694824219,46605,0.0,0.0,0.0
2023-02-09 09:30:00-05:00,89.80000305175781,90.12000274658203,89.45999908447266,89.5,28634,0.0,0.0,0.0
2023-02-09 10:30:00-05:00,89.43000030517578,89.43000030517578,88.62999725341797,88.86000061035156,38013,0.0,0.0,0.0
2023-02-09 11:30:00-05:00,88.75,89.30010223388672,88.73999786376953,89.28990173339844,29382,0.0,0.0,0.0
2023-02-09 12:30:00-05:00,88.9000015258789,89.31549835205078,88.5199966430664,88.98500061035156,24438,0.0,0.0,0.0
2023-02-09 13:30:00-05:00,88.9800033569336,89.08000183105469,88.5,88.5999984741211,11441,0.0,0.0,0.0
2023-02-09 14:30:00-05:00,88.4583969116211,88.53990173339844,88.27999877929688,88.45860290527344,27609,0.0,0.0,0.0
2023-02-09 15:30:00-05:00,88.40869903564453,88.4800033569336,88.27999877929688,88.27999877929688,4545,0.0,0.0,0.0
2023-02-10 09:30:00-05:00,89.37000274658203,89.37000274658203,88.75,88.75,17262,0.0,0.0,0.0
2023-02-10 10:30:00-05:00,88.63999938964844,88.66000366210938,87.58999633789062,87.93990325927734,31089,0.0,0.0,0.0
2023-02-10 11:30:00-05:00,87.90889739990234,87.90889739990234,87.6500015258789,87.8499984741211,13184,0.0,0.0,0.0
2023-02-10 12:30:00-05:00,87.8499984741211,87.98999786376953,87.66999816894531,87.93000030517578,4558,0.0,0.0,0.0
2023-02-10 13:30:00-05:00,87.8499984741211,87.8499984741211,87.33999633789062,87.54499816894531,29910,0.0,0.0,0.0
2023-02-10 14:30:00-05:00,87.4800033569336,87.68990325927734,87.36000061035156,87.53500366210938,22230,0.0,0.0,0.0
2023-02-10 15:30:00-05:00,87.56990051269531,87.69999694824219,87.4800033569336,87.625,19610,0.0,0.0,0.0
2023-02-13 09:30:00-05:00,86.98999786376953,87.9613037109375,86.80999755859375,87.9613037109375,49503,0.0,0.0,0.0
2023-02-13 10:30:00-05:00,87.97000122070312,88.3395004272461,87.68000030517578,88.08989715576172,75982,0.0,0.0,0.0
2023-02-13 11:30:00-05:00,87.81999969482422,88.30000305175781,87.70999908447266,88.30000305175781,5759,0.0,0.0,0.0
2023-02-13 12:30:00-05:00,88.33000183105469,88.56990051269531,88.26000213623047,88.38999938964844,18424,0.0,0.0,0.0
2023-02-13 13:30:00-05:00,88.47000122070312,88.5634994506836,88.33999633789062,88.33999633789062,26588,0.0,0.0,0.0
2023-02-13 14:30:00-05:00,88.30000305175781,88.33000183105469,88.19999694824219,88.25,37267,0.0,0.0,0.0
2023-02-13 15:30:00-05:00,88.2750015258789,88.3499984741211,88.25499725341797,88.27999877929688,11077,0.0,0.0,0.0
2023-02-14 09:30:00-05:00,87.04000091552734,88.63999938964844,87.0,88.16999816894531,80122,0.0,0.0,0.0
2023-02-14 10:30:00-05:00,88.27999877929688,88.30999755859375,86.30000305175781,86.30000305175781,42046,0.0,0.0,0.0
2023-02-14 11:30:00-05:00,86.21499633789062,86.58999633789062,86.05999755859375,86.36000061035156,30899,0.0,0.0,0.0
2023-02-14 12:30:00-05:00,86.33999633789062,86.83000183105469,86.27999877929688,86.56999969482422,32297,0.0,0.0,0.0
2023-02-14 13:30:00-05:00,86.56999969482422,86.71099853515625,86.31009674072266,86.37999725341797,28611,0.0,0.0,0.0
2023-02-14 14:30:00-05:00,86.41500091552734,86.59500122070312,86.29000091552734,86.29000091552734,39323,0.0,0.0,0.0
2023-02-14 15:30:00-05:00,86.33989715576172,86.58000183105469,86.29000091552734,86.41000366210938,25547,0.0,0.0,0.0
2023-02-15 09:30:00-05:00,85.5999984741211,86.06999969482422,85.27999877929688,85.57499694824219,104926,0.0,0.0,0.0
2023-02-15 10:30:00-05:00,85.47930145263672,85.47930145263672,84.97000122070312,85.17369842529297,28184,0.0,0.0,0.0
2023-02-15 11:30:00-05:00,85.0999984741211,85.48999786376953,84.96099853515625,84.99259948730469,20361,0.0,0.0,0.0
2023-02-15 12:30:00-05:00,84.9800033569336,85.26010131835938,84.8905029296875,85.22989654541016,15979,0.0,0.0,0.0
2023-02-15 13:30:00-05:00,85.11000061035156,85.29620361328125,85.0199966430664,85.19999694824219,12681,0.0,0.0,0.0
2023-02-15 14:30:00-05:00,85.13999938964844,85.15399932861328,84.83999633789062,84.9000015258789,30461,0.0,0.0,0.0
2023-02-15 15:30:00-05:00,84.97000122070312,84.99510192871094,84.86000061035156,84.88999938964844,10559,0.0,0.0,0.0
2023-02-16 09:30:00-05:00,84.55000305175781,85.7699966430664,84.25,85.51000213623047,31653,0.0,0.0,0.0
2023-02-16 10:30:00-05:00,85.63999938964844,86.19999694824219,85.5999984741211,85.9000015258789,10945,0.0,0.0,0.0
2023-02-16 11:30:00-05:00,85.94000244140625,86.41000366210938,85.84500122070312,86.0,9297,0.0,0.0,0.0
2023-02-16 12:30:00-05:00,85.95999908447266,86.10199737548828,85.81999969482422,86.10199737548828,7145,0.0,0.0,0.0
2023-02-16 13:30:00-05:00,85.98999786376953,86.06999969482422,85.73999786376953,85.73999786376953,3436,0.0,0.0,0.0
2023-02-16 14:30:00-05:00,85.8499984741211,85.97000122070312,85.5199966430664,85.64990234375,10999,0.0,0.0,0.0
2023-02-16 15:30:00-05:00,85.5199966430664,85.5199966430664,85.26000213623047,85.41000366210938,4246,0.0,0.0,0.0
2023-02-17 09:30:00-05:00,84.56999969482422,85.52639770507812,84.41000366210938,85.1500015258789,21735,0.0,0.0,0.0
2023-02-17 10:30:00-05:00,85.26000213623047,85.5,85.0199966430664,85.19999694824219,8445,0.0,0.0,0.0
2023-02-17 11:30:00-05:00,85.13999938964844,85.44000244140625,85.13999938964844,85.26000213623047,5055,0.0,0.0,0.0
2023-02-17 12:30:00-05:00,85.22000122070312,85.3499984741211,85.08000183105469,85.25,3459,0.0,0.0,0.0
2023-02-17 13:30:00-05:00,85.16000366210938,85.48999786376953,85.16000366210938,85.26000213623047,1831,0.0,0.0,0.0
2023-02-17 14:30:00-05:00,85.33000183105469,85.4000015258789,85.20220184326172,85.3499984741211,3551,0.0,0.0,0.0
2023-02-17 15:30:00-05:00,85.12000274658203,85.29000091552734,85.0999984741211,85.0999984741211,3374,0.0,0.0,0.0
2023-02-21 09:30:00-05:00,86.04519653320312,87.0,86.04519653320312,86.95500183105469,90439,0.0,0.0,0.0
2023-02-21 10:30:00-05:00,86.95999908447266,87.56999969482422,86.9000015258789,87.26000213623047,31935,0.0,0.0,0.0
2023-02-21 11:30:00-05:00,87.2699966430664,87.55000305175781,87.0000991821289,87.55000305175781,4430,0.0,0.0,0.0
2023-02-21 12:30:00-05:00,87.47000122070312,87.83989715576172,87.47000122070312,87.53890228271484,11062,0.0,0.0,0.0
2023-02-21 13:30:00-05:00,87.5,87.56999969482422,87.30999755859375,87.44000244140625,3964,0.0,0.0,0.0
2023-02-21 14:30:00-05:00,87.41000366210938,87.61409759521484,87.41000366210938,87.4800033569336,3972,0.0,0.0,0.0
2023-02-21 15:30:00-05:00,87.58999633789062,87.62000274658203,87.3499984741211,87.5199966430664,7380,0.0,0.0,0.0
2023-02-22 09:30:00-05:00,88.56999969482422,89.02690124511719,87.79000091552734,88.21009826660156,29540,0.0,0.0,0.0
2023-02-22 10:30:00-05:00,87.97010040283203,88.49579620361328,87.97010040283203,88.125,5042,0.0,0.0,0.0
2023-02-22 11:30:00-05:00,87.94000244140625,88.15170288085938,87.78739929199219,87.97799682617188,5806,0.0,0.0,0.0
2023-02-22 12:30:00-05:00,88.0199966430664,88.05999755859375,87.77020263671875,88.04399871826172,5009,0.0,0.0,0.0
2023-02-22 13:30:00-05:00,87.9749984741211,88.08000183105469,87.77839660644531,87.77839660644531,3828,0.0,0.0,0.0
2023-02-22 14:30:00-05:00,87.68000030517578,87.7699966430664,87.4800033569336,87.7699966430664,5054,0.0,0.0,0.0
2023-02-22 15:30:00-05:00,87.66999816894531,87.84989929199219,87.66999816894531,87.84989929199219,3898,0.0,0.0,0.0
2023-02-23 09:30:00-05:00,88.48999786376953,88.85050201416016,87.96849822998047,88.25,44889,0.0,0.0,0.0
2023-02-23 10:30:00-05:00,88.19499969482422,88.20999908447266,87.37999725341797,87.73999786376953,12839,0.0,0.0,0.0
2023-02-23 11:30:00-05:00,87.8499984741211,87.87999725341797,87.08999633789062,87.87999725341797,11363,0.0,0.0,0.0
2023-02-23 12:30:00-05:00,87.98999786376953,88.04989624023438,87.21980285644531,87.21980285644531,4364,0.0,0.0,0.0
2023-02-23 13:30:00-05:00,87.44999694824219,87.7300033569336,87.44999694824219,87.60009765625,10123,0.0,0.0,0.0
2023-02-23 14:30:00-05:00,87.5999984741211,87.73999786376953,87.5999984741211,87.73999786376953,2984,0.0,0.0,0.0
2023-02-23 15:30:00-05:00,87.80000305175781,87.86499786376953,87.76000213623047,87.77999877929688,3935,0.0,0.0,0.0
2023-02-24 09:30:00-05:00,85.2300033569336,85.42990112304688,84.61000061035156,84.80000305175781,27670,0.0,0.0,0.0
2023-02-24 10:30:00-05:00,84.83999633789062,84.97000122070312,84.30000305175781,84.95999908447266,22100,0.0,0.0,0.0
2023-02-24 11:30:00-05:00,84.97000122070312,84.97640228271484,84.3499984741211,84.48999786376953,15040,0.0,0.0,0.0
2023-02-24 12:30:00-05:00,84.50409698486328,84.80999755859375,84.1500015258789,84.33049774169922,28617,0.0,0.0,0.0
2023-02-24 13:30:00-05:00,84.3499984741211,84.42990112304688,84.2300033569336,84.3550033569336,10675,0.0,0.0,0.0
2023-02-24 14:30:00-05:00,84.34989929199219,84.6249008178711,84.2300033569336,84.5199966430664,10590,0.0,0.0,0.0
2023-02-24 15:30:00-05:00,84.37010192871094,84.61000061035156,84.23999786376953,84.33999633789062,20499,0.0,0.0,0.0
2023-02-27 09:30:00-05:00,87.62999725341797,87.73989868164062,86.80000305175781,87.3949966430664,34278,0.0,0.0,0.0
2023-02-27 10:30:00-05:00,87.0,87.0,86.6500015258789,86.7699966430664,7051,0.0,0.0,0.0
2023-02-27 11:30:00-05:00,86.78839874267578,87.44999694824219,86.7699966430664,87.23999786376953,8503,0.0,0.0,0.0
2023-02-27 12:30:00-05:00,87.16000366210938,87.2698974609375,87.05999755859375,87.0696029663086,1801,0.0,0.0,0.0
2023-02-27 13:30:00-05:00,87.18000030517578,87.23999786376953,87.16089630126953,87.2300033569336,7124,0.0,0.0,0.0
2023-02-27 14:30:00-05:00,87.2300033569336,87.38999938964844,87.05999755859375,87.12000274658203,8702,0.0,0.0,0.0
2023-02-27 15:30:00-05:00,87.0999984741211,87.0999984741211,86.97010040283203,87.01000213623047,4465,0.0,0.0,0.0
2023-02-28 09:30:00-05:00,87.41000366210938,88.22000122070312,87.05000305175781,87.76000213623047,24653,0.0,0.0,0.0
2023-02-28 10:30:00-05:00,87.73580169677734,88.3499984741211,87.70999908447266,88.3499984741211,21675,0.0,0.0,0.0
2023-02-28 11:30:00-05:00,88.26100158691406,88.94000244140625,88.26100158691406,88.94000244140625,17030,0.0,0.0,0.0
2023-02-28 12:30:00-05:00,88.75,88.88999938964844,88.30000305175781,88.36000061035156,7064,0.0,0.0,0.0
2023-02-28 13:30:00-05:00,88.4458999633789,88.68229675292969,88.4000015258789,88.47000122070312,4918,0.0,0.0,0.0
2023-02-28 14:30:00-05:00,88.55000305175781,88.55000305175781,88.25,88.25,3912,0.0,0.0,0.0
2023-02-28 15:30:00-05:00,88.22000122070312,88.26000213623047,88.15599822998047,88.25,5033,0.0,0.0,0.0
2023-03-01 09:30:00-05:00,88.83000183105469,89.25,88.22000122070312,89.09729766845703,73537,0.0,0.0,0.0
2023-03-01 10:30:00-05:00,88.91999816894531,89.80000305175781,88.30999755859375,88.54000091552734,58775,0.0,0.0,0.0
2023-03-01 11:30:00-05:00,88.44999694824219,88.83999633789062,88.13999938964844,88.4000015258789,3651,0.0,0.0,0.0
2023-03-01 12:30:00-05:00,88.29000091552734,88.75399780273438,88.29000091552734,88.55000305175781,8214,0.0,0.0,0.0
2023-03-01 13:30:00-05:00,88.55000305175781,88.5999984741211,88.2699966430664,88.41999816894531,2872,0.0,0.0,0.0
2023-03-01 14:30:00-05:00,88.37000274658203,88.75,88.19010162353516,88.5199966430664,5858,0.0,0.0,0.0
2023-03-01 15:30:00-05:00,88.5199966430664,88.58999633789062,88.41999816894531,88.58999633789062,15202,0.0,0.0,0.0
2023-03-02 09:30:00-05:00,88.27999877929688,88.9800033569336,88.13500213623047,88.62000274658203,19540,0.0,0.0,0.0
2023-03-02 10:30:00-05:00,88.76190185546875,89.18289947509766,88.61000061035156,88.87000274658203,11388,0.0,0.0,0.0
2023-03-02 11:30:00-05:00,88.98989868164062,89.01000213623047,88.72000122070312,88.73999786376953,3398,0.0,0.0,0.0
2023-03-02 12:30:00-05:00,88.6863021850586,88.76000213623047,88.61000061035156,88.68000030517578,4548,0.0,0.0,0.0
2023-03-02 13:30:00-05:00,88.87999725341797,89.0999984741211,88.87000274658203,89.0999984741211,6711,0.0,0.0,0.0
2023-03-02 14:30:00-05:00,89.06999969482422,89.11990356445312,88.87999725341797,89.11990356445312,20141,0.0,0.0,0.0
2023-03-02 15:30:00-05:00,89.05999755859375,89.23999786376953,88.95999908447266,89.02999877929688,12714,0.0,0.0,0.0
2023-03-03 09:30:00-05:00,89.72000122070312,89.73899841308594,89.10030364990234,89.69999694824219,55850,0.0,0.0,0.0
2023-03-03 10:30:00-05:00,89.5999984741211,90.08999633789062,89.39009857177734,89.58000183105469,8579,0.0,0.0,0.0
2023-03-03 11:30:00-05:00,89.87169647216797,90.12000274658203,89.86000061035156,89.9801025390625,19927,0.0,0.0,0.0
2023-03-03 12:30:00-05:00,90.07879638671875,90.23999786376953,89.85009765625,90.2300033569336,12451,0.0,0.0,0.0
2023-03-03 13:30:00-05:00,90.22810363769531,90.45989990234375,90.22810363769531,90.44969940185547,15501,0.0,0.0,0.0
2023-03-03 14:30:00-05:00,90.44999694824219,90.9030990600586,90.27010345458984,90.9030990600586,19606,0.0,0.0,0.0
2023-03-03 15:30:00-05:00,90.78289794921875,90.88269805908203,90.3499984741211,90.79000091552734,6566,0.0,0.0,0.0
2023-03-06 09:30:00-05:00,89.83000183105469,90.13999938964844,89.51000213623047,90.0,18742,0.0,0.0,0.0
2023-03-06 10:30:00-05:00,90.1500015258789,90.3499984741211,89.8561019897461,90.08000183105469,4604,0.0,0.0,0.0
2023-03-06 11:30:00-05:00,90.20999908447266,90.38999938964844,90.01000213623047,90.08999633789062,6608,0.0,0.0,0.0
2023-03-06 12:30:00-05:00,90.19999694824219,90.19999694824219,89.83000183105469,90.05999755859375,3751,0.0,0.0,0.0
2023-03-06 13:30:00-05:00,90.1449966430664,90.33999633789062,90.0199966430664,90.19999694824219,4726,0.0,0.0,0.0
2023-03-06 14:30:00-05:00,90.24500274658203,90.29000091552734,90.0999984741211,90.19999694824219,4567,0.0,0.0,0.0
2023-03-06 15:30:00-05:00,90.1698989868164,90.3499984741211,90.09429931640625,90.19999694824219,10909,0.0,0.0,0.0
2023-03-07 09:30:00-05:00,88.45999908447266,88.45999908447266,86.55000305175781,86.91999816894531,33544,0.0,0.0,0.0
2023-03-07 10:30:00-05:00,86.83000183105469,87.05000305175781,86.2427978515625,86.56500244140625,29786,0.0,0.0,0.0
2023-03-07 11:30:00-05:00,86.58000183105469,86.98999786376953,86.58000183105469,86.98999786376953,3560,0.0,0.0,0.0
2023-03-07 12:30:00-05:00,86.61000061035156,86.78829956054688,86.30999755859375,86.39440155029297,6325,0.0,0.0,0.0
2023-03-07 13:30:00-05:00,86.47000122070312,86.59989929199219,86.18000030517578,86.22000122070312,12667,0.0,0.0,0.0
2023-03-07 14:30:00-05:00,86.20999908447266,86.36990356445312,86.10009765625,86.26000213623047,5275,0.0,0.0,0.0
2023-03-07 15:30:00-05:00,86.30000305175781,86.5,86.1500015258789,86.16000366210938,0,0.0,0.0,0.0
2023-03-08 09:30:00-05:00,86.7300033569336,87.52999877929688,86.69999694824219,87.5199966430664,12870,0.0,0.0,0.0
2023-03-08 10:30:00-05:00,87.5199966430664,87.87999725341797,87.2300033569336,87.61000061035156,3048,0.0,0.0,0.0
2023-03-08 11:30:00-05:00,87.2699966430664,87.44999694824219,86.9800033569336,86.9800033569336,2814,0.0,0.0,0.0
2023-03-08 12:30:00-05:00,87.0186996459961,87.37000274658203,86.99500274658203,86.99500274658203,2424,0.0,0.0,0.0
2023-03-08 13:30:00-05:00,86.98999786376953,87.0999984741211,86.94999694824219,87.0199966430664,3619,0.0,0.0,0.0
2023-03-08 14:30:00-05:00,86.95999908447266,86.98799896240234,86.83000183105469,86.83000183105469,2539,0.0,0.0,0.0
2023-03-08 15:30:00-05:00,86.8499984741211,86.97000122070312,86.7699966430664,86.97000122070312,3139,0.0,0.0,0.0
2023-03-09 09:30:00-05:00,87.83799743652344,88.58000183105469,87.59290313720703,87.70999908447266,17114,0.0,0.0,0.0
2023-03-09 10:30:00-05:00,87.88999938964844,88.08999633789062,87.1500015258789,87.16010284423828,3006,0.0,0.0,0.0
2023-03-09 11:30:00-05:00,87.36000061035156,87.94000244140625,87.33000183105469,87.85880279541016,1934,0.0,0.0,0.0
2023-03-09 12:30:00-05:00,87.88999938964844,87.9000015258789,87.29010009765625,87.29010009765625,3917,0.0,0.0,0.0
2023-03-09 13:30:00-05:00,87.53009796142578,87.79000091552734,87.51010131835938,87.56999969482422,2040,0.0,0.0,0.0
2023-03-09 14:30:00-05:00,87.37570190429688,87.6500015258789,87.08000183105469,87.08000183105469,2424,0.0,0.0,0.0
2023-03-09 15:30:00-05:00,87.26000213623047,87.7468032836914,87.08999633789062,87.58999633789062,8453,0.0,0.0,0.0
2023-03-10 09:30:00-05:00,87.73999786376953,89.33000183105469,87.63999938964844,89.30000305175781,27995,0.0,0.0,0.0
2023-03-10 10:30:00-05:00,89.4800033569336,90.01940155029297,88.83000183105469,88.94999694824219,20256,0.0,0.0,0.0
2023-03-10 11:30:00-05:00,89.16000366210938,89.16999816894531,88.33499908447266,88.6500015258789,7316,0.0,0.0,0.0
2023-03-10 12:30:00-05:00,88.67500305175781,88.86000061035156,88.54499816894531,88.54499816894531,3899,0.0,0.0,0.0
2023-03-10 13:30:00-05:00,88.55000305175781,88.56999969482422,88.23999786376953,88.4800033569336,8498,0.0,0.0,0.0
2023-03-10 14:30:00-05:00,88.51000213623047,88.7300033569336,88.18000030517578,88.47000122070312,5336,0.0,0.0,0.0
2023-03-10 15:30:00-05:00,88.63999938964844,88.80000305175781,88.5,88.80000305175781,7996,0.0,0.0,0.0
2023-03-13 09:30:00-04:00,91.54000091552734,92.47989654541016,91.18000030517578,91.81919860839844,109754,0.0,0.0,0.0
2023-03-13 10:30:00-04:00,92.0,92.73989868164062,91.69499969482422,92.73989868164062,42479,0.0,0.0,0.0
2023-03-13 11:30:00-04:00,92.44999694824219,92.44999694824219,91.72720336914062,92.0,7569,0.0,0.0,0.0
2023-03-13 12:30:00-04:00,92.0,92.62999725341797,91.94999694824219,92.4739990234375,12474,0.0,0.0,0.0
2023-03-13 13:30:00-04:00,92.5,92.6500015258789,92.28260040283203,92.56330108642578,12525,0.0,0.0,0.0
2023-03-13 14:30:00-04:00,92.58999633789062,92.94000244140625,92.51000213623047,92.73999786376953,14443,0.0,0.0,0.0
2023-03-13 15:30:00-04:00,92.7155990600586,92.80000305175781,92.37000274658203,92.69000244140625,0,0.0,0.0,0.0
2023-03-14 09:30:00-04:00,91.11000061035156,91.38999938964844,90.26000213623047,90.95069885253906,18946,0.0,0.0,0.0
2023-03-14 10:30:00-04:00,90.94999694824219,91.5884017944336,90.94999694824219,91.45999908447266,5744,0.0,0.0,0.0
2023-03-14 11:30:00-04:00,91.66000366210938,91.66000366210938,90.86969757080078,90.86969757080078,27998,0.0,0.0,0.0
2023-03-14 12:30:00-04:00,91.30000305175781,91.57569885253906,90.81999969482422,91.26000213623047,21598,0.0,0.0,0.0
2023-03-14 13:30:00-04:00,91.4000015258789,91.69999694824219,91.20999908447266,91.40899658203125,7652,0.0,0.0,0.0
2023-03-14 14:30:00-04:00,91.20999908447266,91.38999938964844,91.02999877929688,91.02999877929688,1916,0.0,0.0,0.0
2023-03-14 15:30:00-04:00,91.06999969482422,91.13569641113281,90.81310272216797,90.95999908447266,3891,0.0,0.0,0.0
2023-03-15 09:30:00-04:00,88.51000213623047,89.18000030517578,88.12999725341797,89.05999755859375,24917,0.0,0.0,0.0
2023-03-15 10:30:00-04:00,88.86000061035156,89.82990264892578,88.79000091552734,89.41999816894531,30516,0.0,0.0,0.0
2023-03-15 11:30:00-04:00,89.41999816894531,89.5199966430664,88.83999633789062,88.83999633789062,8344,0.0,0.0,0.0
2023-03-15 12:30:00-04:00,89.1698989868164,89.34539794921875,88.69999694824219,88.96499633789062,11597,0.0,0.0,0.0
2023-03-15 13:30:00-04:00,89.0,89.0,88.6489028930664,88.88999938964844,3268,0.0,0.0,0.0
2023-03-15 14:30:00-04:00,88.81999969482422,88.94999694824219,88.47000122070312,88.76000213623047,12933,0.0,0.0,0.0
2023-03-15 15:30:00-04:00,88.6500015258789,89.0,88.6500015258789,88.73999786376953,4195,0.0,0.0,0.0
2023-03-16 09:30:00-04:00,89.58999633789062,89.91000366210938,88.98999786376953,89.26000213623047,6738,0.0,0.0,0.0
2023-03-16 10:30:00-04:00,89.28240203857422,89.9000015258789,89.28240203857422,89.52999877929688,6356,0.0,0.0,0.0
2023-03-16 11:30:00-04:00,89.6500015258789,90.37999725341797,89.6500015258789,90.3499984741211,8052,0.0,0.0,0.0
2023-03-16 12:30:00-04:00,90.0199966430664,90.25029754638672,89.62999725341797,90.12079620361328,12441,0.0,0.0,0.0
2023-03-16 13:30:00-04:00,90.0344009399414,90.05999755859375,89.88999938964844,89.88999938964844,2097,0.0,0.0,0.0
2023-03-16 14:30:00-04:00,90.01000213623047,90.31990051269531,90.01000213623047,90.1449966430664,3168,0.0,0.0,0.0
2023-03-16 15:30:00-04:00,90.08999633789062,90.25990295410156,89.97000122070312,90.12000274658203,5188,0.0,0.0,0.0
2023-03-17 09:30:00-04:00,90.94999694824219,91.0199966430664,89.63159942626953,89.83670043945312,18838,0.0,0.0,0.0
2023-03-17 10:30:00-04:00,89.72000122070312,89.88999938964844,89.25,89.25,6126,0.0,0.0,0.0
2023-03-17 11:30:00-04:00,89.27999877929688,89.69999694824219,89.01000213623047,89.5260009765625,7130,0.0,0.0,0.0
2023-03-17 12:30:00-04:00,90.01000213623047,90.50990295410156,89.9219970703125,89.99400329589844,6809,0.0,0.0,0.0
2023-03-17 13:30:00-04:00,90.24009704589844,90.50029754638672,90.1500015258789,90.375,3365,0.0,0.0,0.0
2023-03-17 14:30:00-04:00,90.44000244140625,90.44000244140625,90.0999984741211,90.0999984741211,6028,0.0,0.0,0.0
2023-03-17 15:30:00-04:00,90.05650329589844,90.19149780273438,89.98889923095703,90.0999984741211,7940,0.0,0.0,0.0
2023-03-20 09:30:00-04:00,91.11000061035156,91.44000244140625,90.22000122070312,90.9625015258789,21684,0.0,0.0,0.0
2023-03-20 10:30:00-04:00,90.79010009765625,91.16999816894531,90.48780059814453,91.16999816894531,7712,0.0,0.0,0.0
2023-03-20 11:30:00-04:00,91.19000244140625,91.73999786376953,91.05000305175781,91.73999786376953,5136,0.0,0.0,0.0
2023-03-20 12:30:00-04:00,91.55000305175781,91.78990173339844,91.41000366210938,91.41000366210938,5667,0.0,0.0,0.0
2023-03-20 13:30:00-04:00,91.4000015258789,91.5999984741211,91.33000183105469,91.51000213623047,1400,0.0,0.0,0.0
2023-03-20 14:30:00-04:00,91.61000061035156,91.63999938964844,91.45010375976562,91.45010375976562,2011,0.0,0.0,0.0
2023-03-20 15:30:00-04:00,91.5,91.5,91.37999725341797,91.37999725341797,2819,0.0,0.0,0.0
2023-03-21 09:30:00-04:00,91.30999755859375,91.68000030517578,89.81999969482422,89.93000030517578,15395,0.0,0.0,0.0
2023-03-21 10:30:00-04:00,90.08999633789062,90.45999908447266,90.08999633789062,90.25,4593,0.0,0.0,0.0
2023-03-21 11:30:00-04:00,90.12000274658203,90.12000274658203,89.19999694824219,89.33999633789062,13455,0.0,0.0,0.0
2023-03-21 12:30:00-04:00,89.25,90.0,89.13999938964844,90.0,6040,0.0,0.0,0.0
2023-03-21 13:30:00-04:00,89.84290313720703,89.91999816894531,89.48999786376953,89.86000061035156,4793,0.0,0.0,0.0
2023-03-21 14:30:00-04:00,89.81999969482422,90.0999984741211,89.75,90.08999633789062,3598,0.0,0.0,0.0
2023-03-21 15:30:00-04:00,89.9800033569336,90.02999877929688,89.81999969482422,89.83999633789062,4895,0.0,0.0,0.0
2023-03-22 09:30:00-04:00,91.55000305175781,91.79000091552734,90.81050109863281,90.93000030517578,31216,0.0,0.0,0.0
2023-03-22 10:30:00-04:00,91.20780181884766,91.48899841308594,91.04499816894531,91.0999984741211,31025,0.0,0.0,0.0
2023-03-22 11:30:00-04:00,91.02999877929688,91.04199981689453,90.37000274658203,90.54000091552734,3569,0.0,0.0,0.0
2023-03-22 12:30:00-04:00,90.68000030517578,91.12000274658203,90.68000030517578,90.82769775390625,3232,0.0,0.0,0.0
2023-03-22 13:30:00-04:00,90.70500183105469,91.37000274658203,90.70500183105469,90.94000244140625,2393,0.0,0.0,0.0
2023-03-22 14:30:00-04:00,91.5250015258789,91.87999725341797,91.02999877929688,91.54000091552734,7351,0.0,0.0,0.0
2023-03-22 15:30:00-04:00,91.02999877929688,91.30000305175781,91.01000213623047,91.15010070800781,7353,0.0,0.0,0.0
2023-03-23 09:30:00-04:00,91.01000213623047,91.79000091552734,90.72000122070312,91.60160064697266,11978,0.0,0.0,0.0
2023-03-23 10:30:00-04:00,91.22000122070312,91.48999786376953,91.1500015258789,91.48999786376953,1193,0.0,0.0,0.0
2023-03-23 11:30:00-04:00,91.45999908447266,91.55999755859375,91.15010070800781,91.36119842529297,3665,0.0,0.0,0.0
2023-03-23 12:30:00-04:00,91.2500991821289,91.45999908447266,91.0199966430664,91.0199966430664,3115,0.0,0.0,0.0
2023-03-23 13:30:00-04:00,91.2249984741211,91.47000122070312,91.13990020751953,91.16999816894531,3511,0.0,0.0,0.0
2023-03-23 14:30:00-04:00,91.10009765625,91.10009765625,90.80000305175781,90.93000030517578,2738,0.0,0.0,0.0
2023-03-23 15:30:00-04:00,91.07499694824219,91.2750015258789,90.91999816894531,91.0999984741211,2426,0.0,0.0,0.0
2023-03-24 09:30:00-04:00,90.5199966430664,90.61499786376953,89.73359680175781,90.0436019897461,70234,0.0,0.0,0.0
2023-03-24 10:30:00-04:00,89.92520141601562,90.29000091552734,89.69000244140625,90.29000091552734,60752,0.0,0.0,0.0
2023-03-24 11:30:00-04:00,90.22000122070312,90.87000274658203,90.22000122070312,90.86150360107422,7153,0.0,0.0,0.0
2023-03-24 12:30:00-04:00,90.50700378417969,90.83999633789062,90.44999694824219,90.54000091552734,5735,0.0,0.0,0.0
2023-03-24 13:30:00-04:00,90.56999969482422,90.75700378417969,90.27999877929688,90.48999786376953,5208,0.0,0.0,0.0
2023-03-24 14:30:00-04:00,90.55999755859375,90.78990173339844,90.5000991821289,90.66999816894531,8774,0.0,0.0,0.0
2023-03-24 15:30:00-04:00,90.68000030517578,90.81729888916016,90.5,90.51000213623047,6957,0.0,0.0,0.0
2023-03-27 09:30:00-04:00,90.5,90.58000183105469,89.87460327148438,90.05999755859375,9419,0.0,0.0,0.0
2023-03-27 10:30:00-04:00,90.2427978515625,90.38999938964844,90.04170227050781,90.38999938964844,7502,0.0,0.0,0.0
2023-03-27 11:30:00-04:00,90.52999877929688,90.61000061035156,90.37000274658203,90.47000122070312,12042,0.0,0.0,0.0
2023-03-27 12:30:00-04:00,90.55000305175781,90.55000305175781,89.9000015258789,90.08000183105469,6994,0.0,0.0,0.0
2023-03-27 13:30:00-04:00,90.02989959716797,90.11000061035156,89.97000122070312,90.11000061035156,2290,0.0,0.0,0.0
2023-03-27 14:30:00-04:00,90.33989715576172,90.4000015258789,90.23999786376953,90.28009796142578,2214,0.0,0.0,0.0
2023-03-27 15:30:00-04:00,90.30999755859375,90.4000015258789,90.25,90.33999633789062,0,0.0,0.0,0.0
2023-03-28 09:30:00-04:00,89.0199966430664,89.72989654541016,89.0,89.18000030517578,35949,0.0,0.0,0.0
2023-03-28 10:30:00-04:00,89.2030029296875,89.67179870605469,89.2030029296875,89.3772964477539,25655,0.0,0.0,0.0
2023-03-28 11:30:00-04:00,89.3499984741211,89.55000305175781,89.2300033569336,89.29000091552734,10799,0.0,0.0,0.0
2023-03-28 12:30:00-04:00,89.19999694824219,89.47930145263672,89.16000366210938,89.18329620361328,15865,0.0,0.0,0.0
2023-03-28 13:30:00-04:00,89.2916030883789,89.31990051269531,89.19999694824219,89.22949981689453,6171,0.0,0.0,0.0
2023-03-28 14:30:00-04:00,89.2300033569336,89.45999908447266,89.18000030517578,89.36499786376953,5839,0.0,0.0,0.0
2023-03-28 15:30:00-04:00,89.33999633789062,89.47000122070312,89.33000183105469,89.36000061035156,0,0.0,0.0,0.0
2023-03-29 09:30:00-04:00,89.0,89.8499984741211,88.5,89.40619659423828,14446,0.0,0.0,0.0
2023-03-29 10:30:00-04:00,89.5999984741211,89.7499008178711,89.54000091552734,89.55999755859375,9728,0.0,0.0,0.0
2023-03-29 11:30:00-04:00,89.6500015258789,89.75,89.4800033569336,89.75,6408,0.0,0.0,0.0
2023-03-29 12:30:00-04:00,89.69000244140625,89.81990051269531,89.51000213623047,89.51000213623047,2435,0.0,0.0,0.0
2023-03-29 13:30:00-04:00,89.81990051269531,89.81990051269531,89.4800033569336,89.5779037475586,3548,0.0,0.0,0.0
2023-03-29 14:30:00-04:00,89.73999786376953,89.7699966430664,89.5199966430664,89.5199966430664,7256,0.0,0.0,0.0
2023-03-29 15:30:00-04:00,89.51000213623047,89.58999633789062,89.50129699707031,89.55000305175781,3699,0.0,0.0,0.0
2023-03-30 09:30:00-04:00,90.48999786376953,90.74199676513672,90.41000366210938,90.5999984741211,16839,0.0,0.0,0.0
2023-03-30 10:30:00-04:00,90.79499816894531,91.0,90.7249984741211,90.80000305175781,11784,0.0,0.0,0.0
2023-03-30 11:30:00-04:00,90.58999633789062,91.1500015258789,90.58999633789062,91.1500015258789,2532,0.0,0.0,0.0
2023-03-30 12:30:00-04:00,91.29000091552734,91.44999694824219,91.12000274658203,91.12999725341797,15271,0.0,0.0,0.0
2023-03-30 13:30:00-04:00,91.30999755859375,91.44999694824219,91.0999984741211,91.2699966430664,7920,0.0,0.0,0.0
2023-03-30 14:30:00-04:00,91.29000091552734,91.37000274658203,91.22010040283203,91.28800201416016,10862,0.0,0.0,0.0
2023-03-30 15:30:00-04:00,91.35990142822266,91.37989807128906,91.0999984741211,91.19999694824219,0,0.0,0.0,0.0
2023-03-31 09:30:00-04:00,91.19000244140625,91.78949737548828,91.06999969482422,91.22530364990234,17815,0.0,0.0,0.0
2023-03-31 10:30:00-04:00,91.30000305175781,92.05000305175781,91.30000305175781,92.05000305175781,28933,0.0,0.0,0.0
2023-03-31 11:30:00-04:00,91.94000244140625,92.08589935302734,91.69000244140625,92.0,9528,0.0,0.0,0.0
2023-03-31 12:30:00-04:00,92.05010223388672,92.0999984741211,91.70999908447266,91.70999908447266,4912,0.0,0.0,0.0
2023-03-31 13:30:00-04:00,91.73600006103516,91.73600006103516,91.61100006103516,91.71949768066406,4003,0.0,0.0,0.0
2023-03-31 14:30:00-04:00,91.72000122070312,91.87999725341797,91.72000122070312,91.84500122070312,20548,0.0,0.0,0.0
2023-03-31 15:30:00-04:00,91.87999725341797,91.98999786376953,91.83090209960938,91.94000244140625,10846,0.0,0.0,0.0
2023-04-03 09:30:00-04:00,91.05999755859375,92.17569732666016,90.7699966430664,92.17569732666016,47116,0.0,0.0,0.0
2023-04-03 10:30:00-04:00,92.37999725341797,92.58999633789062,91.75,92.0250015258789,7268,0.0,0.0,0.0
2023-04-03 11:30:00-04:00,91.9749984741211,91.9800033569336,91.62999725341797,91.82589721679688,3616,0.0,0.0,0.0
2023-04-03 12:30:00-04:00,91.22000122070312,91.81659698486328,91.19999694824219,91.47000122070312,4137,0.0,0.0,0.0
2023-04-03 13:30:00-04:00,91.5,91.62000274658203,91.47979736328125,91.47979736328125,2310,0.0,0.0,0.0
2023-04-03 14:30:00-04:00,91.7249984741211,91.7249984741211,91.56009674072266,91.56009674072266,1241,0.0,0.0,0.0
2023-04-03 15:30:00-04:00,91.75,92.16999816894531,91.75,92.16999816894531,12657,0.0,0.0,0.0
2023-04-04 09:30:00-04:00,93.12999725341797,93.9000015258789,92.19170379638672,93.9000015258789,48490,0.0,0.0,0.0
2023-04-04 10:30:00-04:00,93.75,94.38999938964844,93.54000091552734,94.2300033569336,25866,0.0,0.0,0.0
2023-04-04 11:30:00-04:00,93.7603988647461,94.69999694824219,93.7603988647461,94.55000305175781,19483,0.0,0.0,0.0
2023-04-04 12:30:00-04:00,94.54000091552734,94.69999694824219,94.37000274658203,94.6500015258789,8225,0.0,0.0,0.0
2023-04-04 13:30:00-04:00,94.48500061035156,94.60759735107422,94.3499984741211,94.55000305175781,3469,0.0,0.0,0.0
2023-04-04 14:30:00-04:00,94.61000061035156,94.69999694824219,94.54720306396484,94.69999694824219,13327,0.0,0.0,0.0
2023-04-04 15:30:00-04:00,94.69999694824219,94.87999725341797,94.54000091552734,94.75,0,0.0,0.0,0.0
2023-04-05 09:30:00-04:00,94.16000366210938,94.4292984008789,93.30999755859375,93.6500015258789,15550,0.0,0.0,0.0
2023-04-05 10:30:00-04:00,92.41000366210938,93.19999694824219,92.16000366210938,92.57420349121094,11746,0.0,0.0,0.0
2023-04-05 11:30:00-04:00,92.44000244140625,92.80999755859375,92.32009887695312,92.56999969482422,10182,0.0,0.0,0.0
2023-04-05 12:30:00-04:00,92.4281005859375,92.58000183105469,92.39009857177734,92.39009857177734,8861,0.0,0.0,0.0
2023-04-05 13:30:00-04:00,92.4800033569336,92.52999877929688,92.44989776611328,92.48999786376953,3481,0.0,0.0,0.0
2023-04-05 14:30:00-04:00,92.68000030517578,92.80000305175781,92.58619689941406,92.58619689941406,5951,0.0,0.0,0.0
2023-04-05 15:30:00-04:00,92.5165023803711,92.91999816894531,92.5165023803711,92.69499969482422,0,0.0,0.0,0.0
2023-04-06 09:30:00-04:00,93.08999633789062,94.0,92.38999938964844,93.02999877929688,24158,0.0,0.0,0.0
2023-04-06 10:30:00-04:00,92.87999725341797,93.05000305175781,92.77999877929688,92.91999816894531,4397,0.0,0.0,0.0
2023-04-06 11:30:00-04:00,92.90499877929688,93.36000061035156,92.90499877929688,93.36000061035156,5915,0.0,0.0,0.0
2023-04-06 12:30:00-04:00,93.4800033569336,93.69999694824219,93.33999633789062,93.69999694824219,5694,0.0,0.0,0.0
2023-04-06 13:30:00-04:00,93.63999938964844,93.68990325927734,93.30000305175781,93.4000015258789,5761,0.0,0.0,0.0
2023-04-06 14:30:00-04:00,93.44999694824219,93.44999694824219,93.20010375976562,93.23999786376953,4050,0.0,0.0,0.0
2023-04-06 15:30:00-04:00,93.25,93.37000274658203,93.20999908447266,93.37000274658203,2961,0.0,0.0,0.0
2023-04-10 09:30:00-04:00,92.05000305175781,92.52149963378906,91.48999786376953,91.66000366210938,25184,0.0,0.0,0.0
2023-04-10 10:30:00-04:00,91.48999786376953,91.90119934082031,91.4000015258789,91.56999969482422,11847,0.0,0.0,0.0
2023-04-10 11:30:00-04:00,91.6781005859375,91.98999786376953,91.5,91.98999786376953,7158,0.0,0.0,0.0
2023-04-10 12:30:00-04:00,92.05000305175781,92.40989685058594,92.02999877929688,92.26000213623047,15738,0.0,0.0,0.0
2023-04-10 13:30:00-04:00,92.27999877929688,92.27999877929688,92.08999633789062,92.19999694824219,8449,0.0,0.0,0.0
2023-04-10 14:30:00-04:00,92.12000274658203,92.30000305175781,92.11009979248047,92.29000091552734,29566,0.0,0.0,0.0
2023-04-10 15:30:00-04:00,92.29000091552734,92.69000244140625,92.25,92.69000244140625,0,0.0,0.0,0.0
2023-04-11 09:30:00-04:00,92.5,93.19239807128906,92.30000305175781,92.75270080566406,18607,0.0,0.0,0.0
2023-04-11 10:30:00-04:00,92.75270080566406,92.87999725341797,92.23999786376953,92.80000305175781,7200,0.0,0.0,0.0
2023-04-11 11:30:00-04:00,92.71099853515625,92.98999786376953,92.60009765625,92.69999694824219,8938,0.0,0.0,0.0
2023-04-11 12:30:00-04:00,92.69999694824219,92.75,92.31999969482422,92.53500366210938,6899,0.0,0.0,0.0
2023-04-11 13:30:00-04:00,92.69000244140625,92.83000183105469,92.47010040283203,92.48999786376953,5667,0.0,0.0,0.0
2023-04-11 14:30:00-04:00,92.6500015258789,92.77999877929688,92.5000991821289,92.5000991821289,10051,0.0,0.0,0.0
2023-04-11 15:30:00-04:00,92.54499816894531,92.63999938964844,92.4000015258789,92.63999938964844,0,0.0,0.0,0.0
2023-04-12 09:30:00-04:00,94.55000305175781,94.73999786376953,93.20999908447266,93.71829986572266,24401,0.0,0.0,0.0
2023-04-12 10:30:00-04:00,93.52960205078125,93.80999755859375,93.45999908447266,93.80999755859375,5157,0.0,0.0,0.0
2023-04-12 11:30:00-04:00,93.78759765625,94.19999694824219,93.74500274658203,94.09020233154297,9752,0.0,0.0,0.0
2023-04-12 12:30:00-04:00,94.13500213623047,94.3499984741211,93.96510314941406,94.3499984741211,4694,0.0,0.0,0.0
2023-04-12 13:30:00-04:00,94.27529907226562,94.46990203857422,94.25,94.3499984741211,2294,0.0,0.0,0.0
2023-04-12 14:30:00-04:00,94.375,94.4800033569336,94.29000091552734,94.3656005859375,9951,0.0,0.0,0.0
2023-04-12 15:30:00-04:00,94.30000305175781,94.33799743652344,94.0199966430664,94.1050033569336,0,0.0,0.0,0.0
2023-04-13 09:30:00-04:00,95.58000183105469,96.8499984741211,95.52459716796875,96.61000061035156,37780,0.0,0.0,0.0
2023-04-13 10:30:00-04:00,96.61000061035156,96.96499633789062,96.44999694824219,96.96499633789062,13378,0.0,0.0,0.0
2023-04-13 11:30:00-04:00,96.90499877929688,96.98989868164062,96.7300033569336,96.8479995727539,5807,0.0,0.0,0.0
2023-04-13 12:30:00-04:00,96.96990203857422,97.69999694824219,96.79280090332031,97.63999938964844,11090,0.0,0.0,0.0
2023-04-13 13:30:00-04:00,97.25,97.4800033569336,96.97000122070312,97.12000274658203,16572,0.0,0.0,0.0
2023-04-13 14:30:00-04:00,97.23999786376953,97.34559631347656,96.75260162353516,97.34559631347656,13194,0.0,0.0,0.0
2023-04-13 15:30:00-04:00,97.11000061035156,97.29989624023438,97.02999877929688,97.05999755859375,8274,0.0,0.0,0.0
2023-04-14 09:30:00-04:00,96.6500015258789,97.31999969482422,96.38179779052734,96.79000091552734,19061,0.0,0.0,0.0
2023-04-14 10:30:00-04:00,96.83999633789062,96.83999633789062,95.62010192871094,95.9000015258789,18780,0.0,0.0,0.0
2023-04-14 11:30:00-04:00,95.89009857177734,96.30000305175781,95.89009857177734,96.05000305175781,6831,0.0,0.0,0.0
2023-04-14 12:30:00-04:00,95.74009704589844,96.31999969482422,95.74009704589844,96.1500015258789,8134,0.0,0.0,0.0
2023-04-14 13:30:00-04:00,96.1500015258789,96.41999816894531,96.08000183105469,96.41999816894531,4407,0.0,0.0,0.0
2023-04-14 14:30:00-04:00,96.41000366210938,96.5197982788086,96.19000244140625,96.5197982788086,2908,0.0,0.0,0.0
2023-04-14 15:30:00-04:00,96.52989959716797,96.70320129394531,96.36000061035156,96.49500274658203,6382,0.0,0.0,0.0
2023-04-17 09:30:00-04:00,97.23999786376953,97.5,97.02999877929688,97.33000183105469,28865,0.0,0.0,0.0
2023-04-17 10:30:00-04:00,97.1500015258789,97.4999008178711,96.52999877929688,97.4999008178711,17358,0.0,0.0,0.0
2023-04-17 11:30:00-04:00,97.33499908447266,97.33499908447266,96.66000366210938,96.97200012207031,12933,0.0,0.0,0.0
2023-04-17 12:30:00-04:00,97.0,97.13770294189453,96.75,96.83000183105469,7694,0.0,0.0,0.0
2023-04-17 13:30:00-04:00,96.85489654541016,97.05000305175781,96.70099639892578,96.70099639892578,5856,0.0,0.0,0.0
2023-04-17 14:30:00-04:00,96.80999755859375,97.10870361328125,96.68000030517578,97.01000213623047,43432,0.0,0.0,0.0
2023-04-17 15:30:00-04:00,96.91999816894531,97.0250015258789,96.87999725341797,96.97000122070312,9817,0.0,0.0,0.0
2023-04-18 09:30:00-04:00,98.74839782714844,100.00389862060547,98.48999786376953,99.75,81348,0.0,0.0,0.0
2023-04-18 10:30:00-04:00,99.88999938964844,100.56169891357422,99.83999633789062,100.56169891357422,29983,0.0,0.0,0.0
2023-04-18 11:30:00-04:00,100.6083984375,100.64990234375,99.94850158691406,100.64990234375,14416,0.0,0.0,0.0
2023-04-18 12:30:00-04:00,100.4800033569336,100.62999725341797,100.01000213623047,100.21189880371094,14298,0.0,0.0,0.0
2023-04-18 13:30:00-04:00,100.19200134277344,100.43000030517578,99.77999877929688,99.81999969482422,5301,0.0,0.0,0.0
2023-04-18 14:30:00-04:00,99.98999786376953,100.20999908447266,99.80000305175781,100.19000244140625,38489,0.0,0.0,0.0
2023-04-18 15:30:00-04:00,99.95999908447266,100.12000274658203,99.8821029663086,100.0999984741211,12552,0.0,0.0,0.0
2023-04-19 09:30:00-04:00,99.36000061035156,100.76000213623047,99.0,100.76000213623047,44636,0.0,0.0,0.0
2023-04-19 10:30:00-04:00,100.75,101.24500274658203,100.75,101.18990325927734,34766,0.0,0.0,0.0
2023-04-19 11:30:00-04:00,100.83000183105469,100.97540283203125,100.13999938964844,100.69999694824219,9333,0.0,0.0,0.0
2023-04-19 12:30:00-04:00,100.7300033569336,101.12000274658203,100.7300033569336,100.87129974365234,12578,0.0,0.0,0.0
2023-04-19 13:30:00-04:00,100.85990142822266,100.9738998413086,100.68000030517578,100.8499984741211,11706,0.0,0.0,0.0
2023-04-19 14:30:00-04:00,100.88749694824219,101.3499984741211,100.76000213623047,101.12000274658203,41312,0.0,0.0,0.0
2023-04-19 15:30:00-04:00,101.02999877929688,101.02999877929688,100.80999755859375,100.80999755859375,3083,0.0,0.0,0.0
2023-04-20 09:30:00-04:00,100.98999786376953,101.47000122070312,100.95010375976562,101.19999694824219,23503,0.0,0.0,0.0
2023-04-20 10:30:00-04:00,101.37000274658203,101.44000244140625,100.62999725341797,101.30999755859375,6947,0.0,0.0,0.0
2023-04-20 11:30:00-04:00,101.35199737548828,101.35199737548828,100.57009887695312,100.88999938964844,11227,0.0,0.0,0.0
2023-04-20 12:30:00-04:00,101.06999969482422,101.22000122070312,100.93379974365234,101.06999969482422,13464,0.0,0.0,0.0
2023-04-20 13:30:00-04:00,101.18000030517578,101.38999938964844,100.97260284423828,100.97260284423828,10131,0.0,0.0,0.0
2023-04-20 14:30:00-04:00,101.02999877929688,101.06990051269531,100.94999694824219,101.01000213623047,11705,0.0,0.0,0.0
2023-04-20 15:30:00-04:00,100.94999694824219,101.08000183105469,100.94999694824219,100.95999908447266,6690,0.0,0.0,0.0
2023-04-21 09:30:00-04:00,103.94999694824219,104.67269897460938,102.90239715576172,103.6500015258789,66227,0.0,0.0,0.0
2023-04-21 10:30:00-04:00,103.5999984741211,103.68000030517578,103.02999877929688,103.56999969482422,25346,0.0,0.0,0.0
2023-04-21 11:30:00-04:00,103.66999816894531,103.73999786376953,103.27010345458984,103.69999694824219,13760,0.0,0.0,0.0
2023-04-21 12:30:00-04:00,103.69999694824219,103.97799682617188,103.30999755859375,103.85009765625,22883,0.0,0.0,0.0
2023-04-21 13:30:00-04:00,103.9000015258789,104.04000091552734,103.63999938964844,103.66999816894531,25257,0.0,0.0,0.0
2023-04-21 14:30:00-04:00,103.81999969482422,103.9800033569336,103.54000091552734,103.77999877929688,14701,0.0,0.0,0.0
2023-04-21 15:30:00-04:00,103.66999816894531,103.98999786376953,103.66000366210938,103.76000213623047,25438,0.0,0.0,0.0
2023-04-24 09:30:00-04:00,100.69999694824219,101.30000305175781,100.07550048828125,101.0000991821289,36854,0.0,0.0,0.0
2023-04-24 10:30:00-04:00,101.19170379638672,101.34989929199219,100.60690307617188,100.60690307617188,11497,0.0,0.0,0.0
2023-04-24 11:30:00-04:00,100.83999633789062,100.8489990234375,100.5,100.75,28007,0.0,0.0,0.0
2023-04-24 12:30:00-04:00,101.02179718017578,101.02179718017578,100.5801010131836,100.91200256347656,8216,0.0,0.0,0.0
2023-04-24 13:30:00-04:00,100.85690307617188,100.97000122070312,100.76000213623047,100.91000366210938,13582,0.0,0.0,0.0
2023-04-24 14:30:00-04:00,100.7699966430664,101.04989624023438,100.76010131835938,100.92500305175781,8379,0.0,0.0,0.0
2023-04-24 15:30:00-04:00,100.7500991821289,101.08000183105469,100.7500991821289,100.91000366210938,4897,0.0,0.0,0.0
2023-04-25 09:30:00-04:00,100.12000274658203,100.80999755859375,99.01000213623047,100.0,40923,0.0,0.0,0.0
2023-04-25 10:30:00-04:00,100.08999633789062,100.56999969482422,99.80000305175781,100.56999969482422,4654,0.0,0.0,0.0
2023-04-25 11:30:00-04:00,100.30999755859375,100.5199966430664,100.23999786376953,100.44999694824219,6485,0.0,0.0,0.0
2023-04-25 12:30:00-04:00,100.48999786376953,100.8313980102539,100.29000091552734,100.8313980102539,11315,0.0,0.0,0.0
2023-04-25 13:30:00-04:00,100.9800033569336,101.16999816894531,100.72689819335938,101.16999816894531,8592,0.0,0.0,0.0
2023-04-25 14:30:00-04:00,101.0,101.17990112304688,100.80999755859375,100.81179809570312,7352,0.0,0.0,0.0
2023-04-25 15:30:00-04:00,100.9000015258789,101.05999755859375,100.8718032836914,100.94000244140625,0,0.0,0.0,0.0
2023-04-26 09:30:00-04:00,101.43000030517578,101.69999694824219,101.20010375976562,101.43499755859375,19088,0.0,0.0,0.0
2023-04-26 10:30:00-04:00,101.4800033569336,101.7571029663086,100.90010070800781,100.90010070800781,8430,0.0,0.0,0.0
2023-04-26 11:30:00-04:00,100.97010040283203,101.24610137939453,100.72000122070312,100.72000122070312,2211,0.0,0.0,0.0
2023-04-26 12:30:00-04:00,100.72000122070312,101.01000213623047,100.63009643554688,101.0,3370,0.0,0.0,0.0
2023-04-26 13:30:00-04:00,100.75499725341797,100.88999938964844,100.3499984741211,100.3499984741211,3362,0.0,0.0,0.0
2023-04-26 14:30:00-04:00,100.57420349121094,100.9800033569336,100.51000213623047,100.7699966430664,5779,0.0,0.0,0.0
2023-04-26 15:30:00-04:00,100.76000213623047,100.83940124511719,100.6500015258789,100.68000030517578,0,0.0,0.0,0.0
2023-04-27 09:30:00-04:00,99.87999725341797,100.5,99.16999816894531,99.69999694824219,23656,0.0,0.0,0.0
2023-04-27 10:30:00-04:00,99.87000274658203,99.9000015258789,99.30500030517578,99.62789916992188,6748,0.0,0.0,0.0
2023-04-27 11:30:00-04:00,99.7699966430664,99.7699966430664,99.50499725341797,99.50499725341797,2136,0.0,0.0,0.0
2023-04-27 12:30:00-04:00,99.83000183105469,100.06719970703125,99.70999908447266,100.06719970703125,2194,0.0,0.0,0.0
2023-04-27 13:30:00-04:00,100.19000244140625,100.23999786376953,99.9207992553711,100.05000305175781,7024,0.0,0.0,0.0
2023-04-27 14:30:00-04:00,100.11119842529297,100.2300033569336,100.0,100.2083969116211,6124,0.0,0.0,0.0
2023-04-27 15:30:00-04:00,100.18499755859375,100.18499755859375,99.77999877929688,99.81999969482422,5574,0.0,0.0,0.0
2023-04-28 09:30:00-04:00,98.91000366210938,99.19999694824219,98.31999969482422,99.01000213623047,11747,0.0,0.0,0.0
2023-04-28 10:30:00-04:00,99.19999694824219,99.33999633789062,99.06999969482422,99.13999938964844,4898,0.0,0.0,0.0
2023-04-28 11:30:00-04:00,99.4000015258789,99.62039947509766,99.23999786376953,99.28050231933594,11433,0.0,0.0,0.0
2023-04-28 12:30:00-04:00,99.431396484375,99.83999633789062,99.431396484375,99.68000030517578,5765,0.0,0.0,0.0
2023-04-28 13:30:00-04:00,99.67279815673828,99.68000030517578,99.55000305175781,99.57769775390625,3476,0.0,0.0,0.0
2023-04-28 14:30:00-04:00,99.63999938964844,99.63999938964844,99.31009674072266,99.52999877929688,5514,0.0,0.0,0.0
2023-04-28 15:30:00-04:00,99.5,99.70999908447266,99.4000015258789,99.70999908447266,4303,0.0,0.0,0.0
2023-05-01 09:30:00-04:00,100.25,100.45999908447266,99.05000305175781,99.05000305175781,12231,0.0,0.0,0.0
2023-05-01 10:30:00-04:00,98.86000061035156,99.21990203857422,98.13999938964844,98.13999938964844,11869,0.0,0.0,0.0
2023-05-01 11:30:00-04:00,98.16000366210938,98.27999877929688,98.0,98.16000366210938,16174,0.0,0.0,0.0
2023-05-01 12:30:00-04:00,98.2938003540039,98.2938003540039,97.29010009765625,97.38999938964844,52551,0.0,0.0,0.0
2023-05-01 13:30:00-04:00,97.51000213623047,97.69999694824219,97.30010223388672,97.68000030517578,7986,0.0,0.0,0.0
2023-05-01 14:30:00-04:00,97.61000061035156,97.8499984741211,97.30000305175781,97.61000061035156,85651,0.0,0.0,0.0
2023-05-01 15:30:00-04:00,97.78990173339844,97.81999969482422,97.46009826660156,97.62999725341797,42323,0.0,0.0,0.0
2023-05-02 09:30:00-04:00,97.0,97.3499984741211,96.57389831542969,97.31999969482422,56386,0.0,0.0,0.0
2023-05-02 10:30:00-04:00,97.5,98.36000061035156,97.36000061035156,97.93000030517578,17356,0.0,0.0,0.0
2023-05-02 11:30:00-04:00,98.08999633789062,98.48999786376953,98.00499725341797,98.30500030517578,21143,0.0,0.0,0.0
2023-05-02 12:30:00-04:00,98.47000122070312,98.87999725341797,98.05000305175781,98.71219635009766,31583,0.0,0.0,0.0
2023-05-02 13:30:00-04:00,98.69999694824219,98.70010375976562,98.30010223388672,98.51000213623047,31139,0.0,0.0,0.0
2023-05-02 14:30:00-04:00,98.5199966430664,98.68000030517578,98.44000244140625,98.44000244140625,14436,0.0,0.0,0.0
2023-05-02 15:30:00-04:00,98.44000244140625,98.67990112304688,98.37999725341797,98.5250015258789,23889,0.0,0.0,0.0
2023-05-03 09:30:00-04:00,97.80000305175781,98.36000061035156,97.70999908447266,97.99500274658203,22949,0.0,0.0,0.0
2023-05-03 10:30:00-04:00,97.94999694824219,98.29149627685547,97.77999877929688,97.87000274658203,9362,0.0,0.0,0.0
2023-05-03 11:30:00-04:00,97.73999786376953,97.75,96.88999938964844,97.05000305175781,19805,0.0,0.0,0.0
2023-05-03 12:30:00-04:00,96.98999786376953,97.61990356445312,96.98999786376953,97.55000305175781,9925,0.0,0.0,0.0
2023-05-03 13:30:00-04:00,97.48999786376953,97.7699966430664,97.2300033569336,97.4000015258789,12745,0.0,0.0,0.0
2023-05-03 14:30:00-04:00,97.38999938964844,97.65989685058594,96.91999816894531,96.97750091552734,20300,0.0,0.0,0.0
2023-05-03 15:30:00-04:00,97.19989776611328,97.29989624023438,96.80999755859375,97.0,16082,0.0,0.0,0.0
2023-05-04 09:30:00-04:00,97.19999694824219,97.63999938964844,96.5999984741211,96.86000061035156,30217,0.0,0.0,0.0
2023-05-04 10:30:00-04:00,96.66999816894531,97.05000305175781,95.94999694824219,96.41999816894531,36244,0.0,0.0,0.0
2023-05-04 11:30:00-04:00,96.29499816894531,96.83000183105469,96.25,96.58000183105469,35082,0.0,0.0,0.0
2023-05-04 12:30:00-04:00,96.56999969482422,96.7699966430664,96.25,96.31999969482422,7258,0.0,0.0,0.0
2023-05-04 13:30:00-04:00,96.47000122070312,96.92669677734375,96.37000274658203,96.61000061035156,5842,0.0,0.0,0.0
2023-05-04 14:30:00-04:00,96.67500305175781,96.98989868164062,96.66999816894531,96.98989868164062,11091,0.0,0.0,0.0
2023-05-04 15:30:00-04:00,96.94000244140625,97.06999969482422,96.69499969482422,97.0199966430664,8504,0.0,0.0,0.0
2023-05-05 09:30:00-04:00,96.55000305175781,97.29000091552734,96.55000305175781,97.19000244140625,27716,0.0,0.0,0.0
2023-05-05 10:30:00-04:00,97.0199966430664,97.69999694824219,96.91999816894531,97.61000061035156,7049,0.0,0.0,0.0
2023-05-05 11:30:00-04:00,97.9000015258789,98.20999908447266,97.68000030517578,98.05999755859375,13259,0.0,0.0,0.0
2023-05-05 12:30:00-04:00,98.06210327148438,98.22200012207031,97.69000244140625,98.12000274658203,16673,0.0,0.0,0.0
2023-05-05 13:30:00-04:00,97.9749984741211,98.06999969482422,97.73999786376953,98.06999969482422,6818,0.0,0.0,0.0
2023-05-05 14:30:00-04:00,98.08000183105469,98.17900085449219,97.75,97.9800033569336,21317,0.0,0.0,0.0
2023-05-05 15:30:00-04:00,97.94000244140625,97.94000244140625,97.71009826660156,97.94000244140625,0,0.0,0.0,0.0
2023-05-08 09:30:00-04:00,99.97000122070312,100.29000091552734,99.41380310058594,100.27999877929688,65182,0.0,0.0,0.0
2023-05-08 10:30:00-04:00,100.27999877929688,100.32990264892578,99.45999908447266,99.47000122070312,17867,0.0,0.0,0.0
2023-05-08 11:30:00-04:00,99.7499008178711,99.98999786376953,99.46399688720703,99.79000091552734,11283,0.0,0.0,0.0
2023-05-08 12:30:00-04:00,99.86000061035156,99.86000061035156,99.40489959716797,99.68000030517578,3635,0.0,0.0,0.0
2023-05-08 13:30:00-04:00,99.66999816894531,99.75,99.2300033569336,99.68000030517578,2374,0.0,0.0,0.0
2023-05-08 14:30:00-04:00,99.48680114746094,99.48999786376953,98.97010040283203,99.220703125,7705,0.0,0.0,0.0
2023-05-08 15:30:00-04:00,99.2300033569336,99.24500274658203,99.02010345458984,99.16999816894531,3308,0.0,0.0,0.0
2023-05-09 09:30:00-04:00,100.43000030517578,100.87989807128906,100.13999938964844,100.68000030517578,26636,0.0,0.0,0.0
2023-05-09 10:30:00-04:00,100.64710235595703,101.05500030517578,100.29499816894531,100.7699966430664,10938,0.0,0.0,0.0
2023-05-09 11:30:00-04:00,100.66010284423828,102.37909698486328,100.66010284423828,102.29000091552734,22575,0.0,0.0,0.0
2023-05-09 12:30:00-04:00,102.4000015258789,102.4000015258789,101.97000122070312,102.06500244140625,15868,0.0,0.0,0.0
2023-05-09 13:30:00-04:00,102.04000091552734,102.19999694824219,101.79000091552734,102.01000213623047,11119,0.0,0.0,0.0
2023-05-09 14:30:00-04:00,102.13999938964844,102.38990020751953,101.79010009765625,101.88999938964844,8415,0.0,0.0,0.0
2023-05-09 15:30:00-04:00,101.98999786376953,102.19989776611328,101.84200286865234,102.11000061035156,0,0.0,0.0,0.0
2023-05-10 09:30:00-04:00,102.68000030517578,102.88999938964844,102.18000030517578,102.18000030517578,22933,0.0,0.0,0.0
2023-05-10 10:30:00-04:00,102.20999908447266,102.58000183105469,101.66000366210938,102.37999725341797,25185,0.0,0.0,0.0
2023-05-10 11:30:00-04:00,102.45480346679688,102.5199966430664,102.23999786376953,102.506103515625,14027,0.0,0.0,0.0
2023-05-10 12:30:00-04:00,102.34089660644531,102.63500213623047,102.34089660644531,102.44000244140625,9937,0.0,0.0,0.0
2023-05-10 13:30:00-04:00,102.38030242919922,102.80000305175781,102.38030242919922,102.681396484375,11651,0.0,0.0,0.0
2023-05-10 14:30:00-04:00,102.72000122070312,103.12000274658203,102.67009735107422,102.94300079345703,20549,0.0,0.0,0.0
2023-05-10 15:30:00-04:00,102.79000091552734,103.18000030517578,102.79000091552734,103.18000030517578,0,0.0,0.0,0.0
2023-05-11 09:30:00-04:00,102.6500015258789,102.68000030517578,100.87999725341797,101.29509735107422,23107,0.0,0.0,0.0
2023-05-11 10:30:00-04:00,101.41000366210938,101.7699966430664,101.22000122070312,101.27999877929688,14925,0.0,0.0,0.0
2023-05-11 11:30:00-04:00,101.23999786376953,101.29000091552734,100.4801025390625,100.72000122070312,9907,0.0,0.0,0.0
2023-05-11 12:30:00-04:00,100.72000122070312,101.19999694824219,100.66999816894531,101.04499816894531,13631,0.0,0.0,0.0
2023-05-11 13:30:00-04:00,101.08999633789062,101.37950134277344,100.94999694824219,101.0199966430664,4224,0.0,0.0,0.0
2023-05-11 14:30:00-04:00,101.19999694824219,101.24220275878906,100.9000015258789,101.12010192871094,13645,0.0,0.0,0.0
2023-05-11 15:30:00-04:00,101.0999984741211,101.18900299072266,101.0999984741211,101.0999984741211,0,0.0,0.0,0.0
2023-05-12 09:30:00-04:00,99.45999908447266,100.05999755859375,99.11000061035156,99.72000122070312,75532,0.0,0.0,0.0
2023-05-12 10:30:00-04:00,99.45449829101562,99.45999908447266,98.81109619140625,98.88500213623047,22807,0.0,0.0,0.0
2023-05-12 11:30:00-04:00,98.91000366210938,98.93000030517578,98.40010070800781,98.48639678955078,13238,0.0,0.0,0.0
2023-05-12 12:30:00-04:00,98.44499969482422,98.45999908447266,97.9800033569336,98.21810150146484,10452,0.0,0.0,0.0
2023-05-12 13:30:00-04:00,98.1500015258789,98.20999908447266,97.76000213623047,98.12000274658203,26995,0.0,0.0,0.0
2023-05-12 14:30:00-04:00,98.05999755859375,98.11000061035156,97.75,97.87999725341797,25760,0.0,0.0,0.0
2023-05-12 15:30:00-04:00,97.93000030517578,98.08999633789062,97.80000305175781,98.08999633789062,19528,0.0,0.0,0.0
2023-05-15 09:30:00-04:00,98.12999725341797,98.81999969482422,97.95500183105469,98.41809844970703,25404,0.0,0.0,0.0
2023-05-15 10:30:00-04:00,98.55000305175781,98.98999786376953,98.41999816894531,98.98999786376953,37216,0.0,0.0,0.0
2023-05-15 11:30:00-04:00,98.97000122070312,99.2699966430664,98.4281005859375,99.18499755859375,22424,0.0,0.0,0.0
2023-05-15 12:30:00-04:00,99.30000305175781,99.30000305175781,98.8240966796875,98.97000122070312,6882,0.0,0.0,0.0
2023-05-15 13:30:00-04:00,98.94599914550781,99.08000183105469,98.66000366210938,98.91000366210938,7366,0.0,0.0,0.0
2023-05-15 14:30:00-04:00,99.04000091552734,99.12000274658203,98.76000213623047,98.81999969482422,4251,0.0,0.0,0.0
2023-05-15 15:30:00-04:00,98.77999877929688,98.80000305175781,98.5999984741211,98.77999877929688,8501,0.0,0.0,0.0
2023-05-16 09:30:00-04:00,98.6500015258789,99.7699966430664,98.5999984741211,98.91999816894531,26104,0.0,0.0,0.0
2023-05-16 10:30:00-04:00,99.05999755859375,99.05999755859375,98.27999877929688,98.38999938964844,7559,0.0,0.0,0.0
2023-05-16 11:30:00-04:00,98.13500213623047,98.55000305175781,98.04000091552734,98.42009735107422,3618,0.0,0.0,0.0
2023-05-16 12:30:00-04:00,98.16999816894531,98.73999786376953,98.16999816894531,98.25,13137,0.0,0.0,0.0
2023-05-16 13:30:00-04:00,98.27999877929688,98.63999938964844,98.2300033569336,98.45500183105469,6747,0.0,0.0,0.0
2023-05-16 14:30:00-04:00,98.63999938964844,98.693603515625,98.19000244140625,98.23999786376953,6302,0.0,0.0,0.0
2023-05-16 15:30:00-04:00,98.33999633789062,98.61000061035156,98.23999786376953,98.41999816894531,4706,0.0,0.0,0.0
2023-05-17 09:30:00-04:00,99.80000305175781,99.98999786376953,98.7300033569336,99.12999725341797,21494,0.0,0.0,0.0
2023-05-17 10:30:00-04:00,99.19000244140625,99.5,99.09010314941406,99.30010223388672,11899,0.0,0.0,0.0
2023-05-17 11:30:00-04:00,99.46209716796875,99.55000305175781,99.2300033569336,99.31009674072266,2338,0.0,0.0,0.0
2023-05-17 12:30:00-04:00,99.54000091552734,99.80000305175781,99.39530181884766,99.4000015258789,14428,0.0,0.0,0.0
2023-05-17 13:30:00-04:00,99.25,99.61000061035156,99.20999908447266,99.4000015258789,11042,0.0,0.0,0.0
2023-05-17 14:30:00-04:00,99.3927993774414,99.54000091552734,99.38999938964844,99.4800033569336,2942,0.0,0.0,0.0
2023-05-17 15:30:00-04:00,99.42009735107422,99.61000061035156,99.37999725341797,99.61000061035156,0,0.0,0.0,0.0
2023-05-18 09:30:00-04:00,98.75,98.78500366210938,98.11000061035156,98.62999725341797,24045,0.0,0.0,0.0
2023-05-18 10:30:00-04:00,98.69999694824219,98.69999694824219,98.0,98.01000213623047,12129,0.0,0.0,0.0
2023-05-18 11:30:00-04:00,98.3499984741211,98.3499984741211,97.30500030517578,97.30500030517578,19118,0.0,0.0,0.0
2023-05-18 12:30:00-04:00,97.5199966430664,97.55500030517578,97.23059844970703,97.27050018310547,5177,0.0,0.0,0.0
2023-05-18 13:30:00-04:00,97.33999633789062,97.48999786376953,97.30000305175781,97.41259765625,6871,0.0,0.0,0.0
2023-05-18 14:30:00-04:00,97.44609832763672,97.77999877929688,97.36000061035156,97.66000366210938,14017,0.0,0.0,0.0
2023-05-18 15:30:00-04:00,97.79000091552734,98.04000091552734,97.56999969482422,97.9800033569336,15754,0.0,0.0,0.0
2023-05-19 09:30:00-04:00,98.9000015258789,98.9000015258789,97.98999786376953,98.12000274658203,16425,0.0,0.0,0.0
2023-05-19 10:30:00-04:00,98.0199966430664,99.28990173339844,97.63999938964844,98.80000305175781,10058,0.0,0.0,0.0
2023-05-19 11:30:00-04:00,98.89009857177734,98.95999908447266,98.44059753417969,98.44059753417969,1530,0.0,0.0,0.0
2023-05-19 12:30:00-04:00,98.83000183105469,98.93000030517578,98.83000183105469,98.93000030517578,1382,0.0,0.0,0.0
2023-05-19 13:30:00-04:00,99.0,99.0,98.87000274658203,98.87000274658203,8097,0.0,0.0,0.0
2023-05-19 14:30:00-04:00,98.75,98.88999938964844,98.45999908447266,98.68499755859375,7153,0.0,0.0,0.0
2023-05-19 15:30:00-04:00,98.61000061035156,98.70999908447266,98.6050033569336,98.70999908447266,853,0.0,0.0,0.0
2023-05-22 09:30:00-04:00,99.25,99.9800033569336,99.13999938964844,99.2249984741211,13575,0.0,0.0,0.0
2023-05-22 10:30:00-04:00,99.44000244140625,99.44000244140625,98.7699966430664,98.87000274658203,11926,0.0,0.0,0.0
2023-05-22 11:30:00-04:00,98.93000030517578,99.32990264892578,98.79000091552734,99.32990264892578,3599,0.0,0.0,0.0
2023-05-22 12:30:00-04:00,98.94999694824219,99.05000305175781,98.70500183105469,99.05000305175781,27900,0.0,0.0,0.0
2023-05-22 13:30:00-04:00,98.61710357666016,99.24610137939453,98.61710357666016,98.8499984741211,5797,0.0,0.0,0.0
2023-05-22 14:30:00-04:00,98.83999633789062,98.87999725341797,98.80000305175781,98.83999633789062,7246,0.0,0.0,0.0
2023-05-22 15:30:00-04:00,98.80999755859375,98.91999816894531,98.7300033569336,98.91439819335938,0,0.0,0.0,0.0
2023-05-23 09:30:00-04:00,98.04000091552734,98.41000366210938,97.83000183105469,97.87999725341797,8765,0.0,0.0,0.0
2023-05-23 10:30:00-04:00,97.8949966430664,98.0999984741211,97.5,97.63999938964844,5160,0.0,0.0,0.0
2023-05-23 11:30:00-04:00,97.58499908447266,97.73999786376953,97.4000015258789,97.50240325927734,11180,0.0,0.0,0.0
2023-05-23 12:30:00-04:00,97.58000183105469,97.58000183105469,97.30999755859375,97.34369659423828,7695,0.0,0.0,0.0
2023-05-23 13:30:00-04:00,97.45999908447266,97.62000274658203,97.45999908447266,97.55989837646484,5067,0.0,0.0,0.0
2023-05-23 14:30:00-04:00,97.45010375976562,97.72000122070312,97.44999694824219,97.72000122070312,7688,0.0,0.0,0.0
2023-05-23 15:30:00-04:00,97.5,97.76000213623047,97.5,97.76000213623047,7626,0.0,0.0,0.0
2023-05-24 09:30:00-04:00,96.51000213623047,96.88410186767578,95.03500366210938,95.30850219726562,66295,0.0,0.0,0.0
2023-05-24 10:30:00-04:00,95.06999969482422,95.54000091552734,95.0,95.25,40177,0.0,0.0,0.0
2023-05-24 11:30:00-04:00,95.37000274658203,95.37000274658203,94.70590209960938,94.83000183105469,14947,0.0,0.0,0.0
2023-05-24 12:30:00-04:00,94.83999633789062,95.23799896240234,94.61609649658203,95.19999694824219,18744,0.0,0.0,0.0
2023-05-24 13:30:00-04:00,95.197998046875,95.39299774169922,95.02010345458984,95.19999694824219,6581,0.0,0.0,0.0
2023-05-24 14:30:00-04:00,95.02989959716797,95.36000061035156,94.79000091552734,95.06999969482422,22454,0.0,0.0,0.0
2023-05-24 15:30:00-04:00,95.29000091552734,95.31999969482422,94.87000274658203,95.02999877929688,11612,0.0,0.0,0.0
2023-05-25 09:30:00-04:00,94.62999725341797,95.2698974609375,94.44999694824219,95.03500366210938,45963,0.0,0.0,0.0
2023-05-25 10:30:00-04:00,95.08499908447266,95.4531021118164,94.72000122070312,94.94000244140625,26731,0.0,0.0,0.0
2023-05-25 11:30:00-04:00,95.0,95.10430145263672,94.80000305175781,94.95999908447266,10050,0.0,0.0,0.0
2023-05-25 12:30:00-04:00,95.0,95.08000183105469,94.61000061035156,94.83989715576172,17857,0.0,0.0,0.0
2023-05-25 13:30:00-04:00,94.86000061035156,94.9302978515625,94.70339965820312,94.79000091552734,7312,0.0,0.0,0.0
2023-05-25 14:30:00-04:00,95.06990051269531,95.06990051269531,94.65499877929688,94.65499877929688,5793,0.0,0.0,0.0
2023-05-25 15:30:00-04:00,94.66000366210938,94.7249984741211,94.5999984741211,94.62940216064453,9581,0.0,0.0,0.0
2023-05-26 09:30:00-04:00,94.79000091552734,95.66000366210938,94.7300033569336,95.55000305175781,39407,0.0,0.0,0.0
2023-05-26 10:30:00-04:00,95.3499984741211,95.46990203857422,94.48999786376953,94.68000030517578,12482,0.0,0.0,0.0
2023-05-26 11:30:00-04:00,94.86000061035156,95.18000030517578,94.61000061035156,94.95999908447266,12646,0.0,0.0,0.0
2023-05-26 12:30:00-04:00,94.91000366210938,95.05400085449219,94.44999694824219,94.45010375976562,6640,0.0,0.0,0.0
2023-05-26 13:30:00-04:00,94.61000061035156,94.67790222167969,94.5,94.54000091552734,3932,0.0,0.0,0.0
2023-05-26 14:30:00-04:00,94.67890167236328,94.68000030517578,94.51000213623047,94.51000213623047,2565,0.0,0.0,0.0
2023-05-26 15:30:00-04:00,94.58000183105469,94.58000183105469,94.44999694824219,94.44999694824219,5303,0.0,0.0,0.0
2023-05-30 09:30:00-04:00,94.80999755859375,94.86000061035156,93.68000030517578,93.68000030517578,47385,0.0,0.0,0.0
2023-05-30 10:30:00-04:00,94.091796875,94.27999877929688,93.88999938964844,94.18000030517578,9424,0.0,0.0,0.0
2023-05-30 11:30:00-04:00,94.23300170898438,94.32990264892578,93.95999908447266,94.32990264892578,2456,0.0,0.0,0.0
2023-05-30 12:30:00-04:00,94.11000061035156,94.25,94.0,94.23999786376953,9414,0.0,0.0,0.0
2023-05-30 13:30:00-04:00,94.2300033569336,94.2300033569336,94.02999877929688,94.19000244140625,1510,0.0,0.0,0.0
2023-05-30 14:30:00-04:00,94.25,94.55000305175781,94.16000366210938,94.36499786376953,9142,0.0,0.0,0.0
2023-05-30 15:30:00-04:00,94.40499877929688,94.52230072021484,94.29779815673828,94.42500305175781,2412,0.0,0.0,0.0
2023-05-31 09:30:00-04:00,93.19999694824219,93.56400299072266,92.13999938964844,92.76000213623047,72981,0.0,0.0,0.0
2023-05-31 10:30:00-04:00,92.58000183105469,93.19000244140625,92.5000991821289,92.75,8607,0.0,0.0,0.0
2023-05-31 11:30:00-04:00,92.76270294189453,92.76270294189453,92.45999908447266,92.45999908447266,7226,0.0,0.0,0.0
2023-05-31 12:30:00-04:00,92.44999694824219,92.54000091552734,92.21009826660156,92.21009826660156,6630,0.0,0.0,0.0
2023-05-31 13:30:00-04:00,92.47000122070312,92.6500015258789,92.47000122070312,92.54000091552734,6168,0.0,0.0,0.0
2023-05-31 14:30:00-04:00,92.51000213623047,92.59089660644531,92.38999938964844,92.41000366210938,2522,0.0,0.0,0.0
2023-05-31 15:30:00-04:00,92.41999816894531,92.56999969482422,92.20999908447266,92.20999908447266,0,0.0,0.0,0.0
2023-06-01 09:30:00-04:00,92.33000183105469,93.0,92.33000183105469,92.81999969482422,35828,0.0,0.0,0.0
2023-06-01 10:30:00-04:00,92.7699966430664,93.44000244140625,92.69000244140625,93.25,28086,0.0,0.0,0.0
2023-06-01 11:30:00-04:00,93.3499984741211,93.5199966430664,93.13009643554688,93.3010025024414,11769,0.0,0.0,0.0
2023-06-01 12:30:00-04:00,93.4999008178711,93.5,93.01730346679688,93.18000030517578,7021,0.0,0.0,0.0
2023-06-01 13:30:00-04:00,93.19999694824219,93.19999694824219,93.0,93.0,5339,0.0,0.0,0.0
2023-06-01 14:30:00-04:00,92.9000015258789,93.0199966430664,92.75,93.0199966430664,4794,0.0,0.0,0.0
2023-06-01 15:30:00-04:00,93.0469970703125,93.16000366210938,93.04000091552734,93.08000183105469,3831,0.0,0.0,0.0
2023-06-02 09:30:00-04:00,93.69999694824219,93.7300033569336,92.73999786376953,92.73999786376953,15745,0.0,0.0,0.0
2023-06-02 10:30:00-04:00,92.73999786376953,93.22989654541016,92.73999786376953,93.05999755859375,10167,0.0,0.0,0.0
2023-06-02 11:30:00-04:00,93.0,93.11150360107422,92.58000183105469,92.58999633789062,6514,0.0,0.0,0.0
2023-06-02 12:30:00-04:00,92.58999633789062,92.5999984741211,92.30000305175781,92.42009735107422,6404,0.0,0.0,0.0
2023-06-02 13:30:00-04:00,92.66000366210938,92.66000366210938,92.45999908447266,92.62999725341797,3659,0.0,0.0,0.0
2023-06-02 14:30:00-04:00,92.72000122070312,92.84500122070312,92.58000183105469,92.84500122070312,2497,0.0,0.0,0.0
2023-06-02 15:30:00-04:00,92.69999694824219,92.80999755859375,92.68000030517578,92.68000030517578,4001,0.0,0.0,0.0
2023-06-05 09:30:00-04:00,94.12999725341797,95.064697265625,94.12999725341797,94.38999938964844,59474,0.0,0.0,0.0
2023-06-05 10:30:00-04:00,94.4000015258789,95.75,94.22000122070312,95.48999786376953,35865,0.0,0.0,0.0
2023-06-05 11:30:00-04:00,95.30000305175781,95.75,95.29000091552734,95.69999694824219,55791,0.0,0.0,0.0
2023-06-05 12:30:00-04:00,95.5,95.50090026855469,95.2699966430664,95.30000305175781,3750,0.0,0.0,0.0
2023-06-05 13:30:00-04:00,95.20999908447266,95.24970245361328,95.20999908447266,95.24520111083984,2143,0.0,0.0,0.0
2023-06-05 14:30:00-04:00,95.29000091552734,95.29000091552734,94.91000366210938,95.22000122070312,6399,0.0,0.0,0.0
2023-06-05 15:30:00-04:00,95.20999908447266,95.26010131835938,94.88999938964844,94.95999908447266,34194,0.0,0.0,0.0
2023-06-06 09:30:00-04:00,95.05000305175781,95.6500015258789,94.69000244140625,95.1719970703125,16512,0.0,0.0,0.0
2023-06-06 10:30:00-04:00,95.08999633789062,95.51000213623047,95.0199966430664,95.48999786376953,2745,0.0,0.0,0.0
2023-06-06 11:30:00-04:00,95.4800033569336,95.6500015258789,95.30999755859375,95.36250305175781,3215,0.0,0.0,0.0
2023-06-06 12:30:00-04:00,95.44999694824219,95.5999984741211,95.30500030517578,95.51000213623047,2233,0.0,0.0,0.0
2023-06-06 13:30:00-04:00,95.59989929199219,95.59989929199219,95.43009948730469,95.56999969482422,3855,0.0,0.0,0.0
2023-06-06 14:30:00-04:00,95.5999984741211,95.63999938964844,95.5199966430664,95.55999755859375,5544,0.0,0.0,0.0
2023-06-06 15:30:00-04:00,95.6500015258789,95.6698989868164,95.3219985961914,95.3499984741211,3515,0.0,0.0,0.0
2023-06-07 09:30:00-04:00,95.58999633789062,96.69000244140625,95.58999633789062,96.0199966430664,15932,0.0,0.0,0.0
2023-06-07 10:30:00-04:00,95.35070037841797,95.51000213623047,95.04869842529297,95.07499694824219,28999,0.0,0.0,0.0
2023-06-07 11:30:00-04:00,94.76000213623047,94.79000091552734,94.18000030517578,94.22000122070312,7702,0.0,0.0,0.0
2023-06-07 12:30:00-04:00,94.23999786376953,94.48999786376953,94.23999786376953,94.41000366210938,4526,0.0,0.0,0.0
2023-06-07 13:30:00-04:00,94.30010223388672,94.51609802246094,94.2699966430664,94.31500244140625,25301,0.0,0.0,0.0
2023-06-07 14:30:00-04:00,94.23999786376953,94.31990051269531,94.18000030517578,94.20500183105469,3649,0.0,0.0,0.0
2023-06-07 15:30:00-04:00,94.19999694824219,94.29989624023438,94.18000030517578,94.19999694824219,28460,0.0,0.0,0.0
2023-06-08 09:30:00-04:00,93.98999786376953,94.22769927978516,93.5199966430664,94.18499755859375,11967,0.0,0.0,0.0
2023-06-08 10:30:00-04:00,94.24210357666016,94.38899993896484,93.79290008544922,93.87000274658203,9799,0.0,0.0,0.0
2023-06-08 11:30:00-04:00,93.77999877929688,93.9574966430664,93.38999938964844,93.55999755859375,17284,0.0,0.0,0.0
2023-06-08 12:30:00-04:00,93.52999877929688,93.66000366210938,93.47200012207031,93.66000366210938,7498,0.0,0.0,0.0
2023-06-08 13:30:00-04:00,93.73310089111328,93.75,93.66010284423828,93.66010284423828,1617,0.0,0.0,0.0
2023-06-08 14:30:00-04:00,93.69129943847656,93.70989990234375,93.56999969482422,93.56999969482422,8783,0.0,0.0,0.0
2023-06-08 15:30:00-04:00,93.53209686279297,93.66000366210938,93.53209686279297,93.62999725341797,2147,0.0,0.0,0.0
2023-06-09 09:30:00-04:00,93.05000305175781,93.46869659423828,92.55000305175781,93.46869659423828,38525,0.0,0.0,0.0
2023-06-09 10:30:00-04:00,93.51000213623047,93.51000213623047,93.2699966430664,93.30000305175781,2398,0.0,0.0,0.0
2023-06-09 11:30:00-04:00,93.27999877929688,93.68990325927734,93.2699966430664,93.57879638671875,2991,0.0,0.0,0.0
2023-06-09 12:30:00-04:00,93.31999969482422,93.67990112304688,93.30999755859375,93.57499694824219,2770,0.0,0.0,0.0
2023-06-09 13:30:00-04:00,93.54840087890625,93.5999984741211,93.54840087890625,93.59500122070312,903,0.0,0.0,0.0
2023-06-09 14:30:00-04:00,93.4800033569336,93.48999786376953,93.2300033569336,93.45349884033203,2373,0.0,0.0,0.0
2023-06-09 15:30:00-04:00,93.31680297851562,93.62000274658203,93.30000305175781,93.30000305175781,5351,0.0,0.0,0.0
2023-06-12 09:30:00-04:00,92.0,92.31999969482422,91.30999755859375,91.80000305175781,43604,0.0,0.0,0.0
2023-06-12 10:30:00-04:00,91.79000091552734,92.03990173339844,91.38400268554688,91.71160125732422,24994,0.0,0.0,0.0
2023-06-12 11:30:00-04:00,91.8499984741211,91.95999908447266,91.31999969482422,91.33000183105469,21722,0.0,0.0,0.0
2023-06-12 12:30:00-04:00,91.30999755859375,91.63999938964844,91.29000091552734,91.5999984741211,28963,0.0,0.0,0.0
2023-06-12 13:30:00-04:00,91.44999694824219,91.58889770507812,91.44000244140625,91.4977035522461,1645,0.0,0.0,0.0
2023-06-12 14:30:00-04:00,91.63999938964844,91.63999938964844,91.41000366210938,91.58000183105469,16356,0.0,0.0,0.0
2023-06-12 15:30:00-04:00,91.62999725341797,91.73999786376953,91.58999633789062,91.72000122070312,6630,0.0,0.0,0.0
2023-06-13 09:30:00-04:00,91.5,91.93569946289062,91.0,91.00379943847656,35319,0.0,0.0,0.0
2023-06-13 10:30:00-04:00,91.0,91.0,90.4000015258789,90.4000015258789,105021,0.0,0.0,0.0
2023-06-13 11:30:00-04:00,90.44999694824219,90.61229705810547,90.36000061035156,90.375,12896,0.0,0.0,0.0
2023-06-13 12:30:00-04:00,90.43990325927734,90.52999877929688,90.29000091552734,90.43000030517578,21340,0.0,0.0,0.0
2023-06-13 13:30:00-04:00,90.43000030517578,90.43000030517578,90.29000091552734,90.29000091552734,11495,0.0,0.0,0.0
2023-06-13 14:30:00-04:00,90.31999969482422,90.52839660644531,90.18000030517578,90.52839660644531,23180,0.0,0.0,0.0
2023-06-13 15:30:00-04:00,90.4999008178711,90.58999633789062,90.41000366210938,90.58999633789062,6445,0.0,0.0,0.0
2023-06-14 09:30:00-04:00,90.51000213623047,90.7123031616211,90.18000030517578,90.69989776611328,73853,0.0,0.0,0.0
2023-06-14 10:30:00-04:00,90.4800033569336,90.59639739990234,90.16000366210938,90.44000244140625,14561,0.0,0.0,0.0
2023-06-14 11:30:00-04:00,90.35269927978516,90.38999938964844,90.16000366210938,90.30000305175781,5800,0.0,0.0,0.0
2023-06-14 12:30:00-04:00,90.37999725341797,90.55500030517578,90.30000305175781,90.30000305175781,6818,0.0,0.0,0.0
2023-06-14 13:30:00-04:00,90.4000015258789,90.4000015258789,89.66020202636719,89.95989990234375,45884,0.0,0.0,0.0
2023-06-14 14:30:00-04:00,89.87000274658203,90.41999816894531,89.8499984741211,90.2300033569336,12669,0.0,0.0,0.0
2023-06-14 15:30:00-04:00,90.16000366210938,90.32990264892578,90.1500015258789,90.1500015258789,5272,0.0,0.0,0.0
2023-06-15 09:30:00-04:00,90.5,91.30500030517578,90.5,91.30500030517578,28006,0.0,0.0,0.0
2023-06-15 10:30:00-04:00,91.33000183105469,91.37999725341797,90.69000244140625,90.88009643554688,4733,0.0,0.0,0.0
2023-06-15 11:30:00-04:00,91.19999694824219,91.44000244140625,91.19999694824219,91.38999938964844,22236,0.0,0.0,0.0
2023-06-15 12:30:00-04:00,91.37010192871094,91.54989624023438,91.22149658203125,91.38999938964844,18533,0.0,0.0,0.0
2023-06-15 13:30:00-04:00,91.38999938964844,91.69999694824219,91.2300033569336,91.5,12082,0.0,0.0,0.0
2023-06-15 14:30:00-04:00,91.5,91.6500015258789,91.30000305175781,91.31999969482422,51193,0.0,0.0,0.0
2023-06-15 15:30:00-04:00,91.44999694824219,91.45169830322266,91.22000122070312,91.22000122070312,12176,0.0,0.0,0.0
2023-06-16 09:30:00-04:00,91.20999908447266,91.31999969482422,90.55999755859375,90.55999755859375,46686,0.0,0.0,0.0
2023-06-16 10:30:00-04:00,90.32499694824219,90.95999908447266,90.32499694824219,90.78919982910156,5789,0.0,0.0,0.0
2023-06-16 11:30:00-04:00,90.80999755859375,90.88999938964844,90.36000061035156,90.36000061035156,8005,0.0,0.0,0.0
2023-06-16 12:30:00-04:00,90.45999908447266,91.11000061035156,90.45999908447266,91.11000061035156,6211,0.0,0.0,0.0
2023-06-16 13:30:00-04:00,90.96150207519531,91.12000274658203,90.96150207519531,91.05999755859375,2272,0.0,0.0,0.0
2023-06-16 14:30:00-04:00,91.1270980834961,91.1270980834961,90.88619995117188,91.0343017578125,2841,0.0,0.0,0.0
2023-06-16 15:30:00-04:00,91.11000061035156,91.11000061035156,90.73500061035156,90.8499984741211,7984,0.0,0.0,0.0
2023-06-20 09:30:00-04:00,89.1500015258789,89.4811019897461,88.2699966430664,88.4800033569336,66702,0.0,0.0,0.0
2023-06-20 10:30:00-04:00,88.41000366210938,89.12000274658203,88.36000061035156,88.87999725341797,20054,0.0,0.0,0.0
2023-06-20 11:30:00-04:00,89.01419830322266,89.10990142822266,88.77999877929688,89.09940338134766,6451,0.0,0.0,0.0
2023-06-20 12:30:00-04:00,89.0,89.23600006103516,88.91999816894531,89.1395034790039,7667,0.0,0.0,0.0
2023-06-20 13:30:00-04:00,89.16000366210938,89.16999816894531,89.0999984741211,89.16999816894531,4183,0.0,0.0,0.0
2023-06-20 14:30:00-04:00,89.1698989868164,89.1698989868164,88.79000091552734,88.95999908447266,31602,0.0,0.0,0.0
2023-06-20 15:30:00-04:00,88.90499877929688,89.0,88.66000366210938,88.66000366210938,33007,0.0,0.0,0.0
2023-06-21 09:30:00-04:00,88.0199966430664,88.16680145263672,87.5,87.91000366210938,54484,0.0,0.0,0.0
2023-06-21 10:30:00-04:00,88.12999725341797,88.3239974975586,87.4000015258789,87.4000015258789,13065,0.0,0.0,0.0
2023-06-21 11:30:00-04:00,87.37000274658203,87.6698989868164,87.302001953125,87.47000122070312,18717,0.0,0.0,0.0
2023-06-21 12:30:00-04:00,87.76470184326172,87.76470184326172,87.33000183105469,87.6500015258789,10333,0.0,0.0,0.0
2023-06-21 13:30:00-04:00,87.58000183105469,87.7499008178711,87.5199966430664,87.7499008178711,15398,0.0,0.0,0.0
2023-06-21 14:30:00-04:00,87.75,87.75199890136719,87.3499984741211,87.44499969482422,25911,0.0,0.0,0.0
2023-06-21 15:30:00-04:00,87.33999633789062,87.54000091552734,87.33000183105469,87.33000183105469,7383,0.0,0.0,0.0
2023-06-22 09:30:00-04:00,86.62999725341797,86.81690216064453,86.16000366210938,86.19000244140625,40837,0.0,0.0,0.0
2023-06-22 10:30:00-04:00,86.16000366210938,86.44999694824219,85.6500015258789,85.67990112304688,40661,0.0,0.0,0.0
2023-06-22 11:30:00-04:00,85.61000061035156,85.91000366210938,85.58000183105469,85.75,22145,0.0,0.0,0.0
2023-06-22 12:30:00-04:00,85.87999725341797,85.9800033569336,85.33000183105469,85.46499633789062,18856,0.0,0.0,0.0
2023-06-22 13:30:00-04:00,85.44999694824219,85.66000366210938,85.33000183105469,85.47000122070312,10584,0.0,0.0,0.0
2023-06-22 14:30:00-04:00,85.47000122070312,85.70999908447266,85.4000015258789,85.52999877929688,15454,0.0,0.0,0.0
2023-06-22 15:30:00-04:00,85.52999877929688,85.63999938964844,85.4000015258789,85.4000015258789,14215,0.0,0.0,0.0
2023-06-23 09:30:00-04:00,85.5999984741211,85.70999908447266,84.94999694824219,85.0780029296875,37141,0.0,0.0,0.0
2023-06-23 10:30:00-04:00,85.44499969482422,85.62000274658203,85.27729797363281,85.48500061035156,11390,0.0,0.0,0.0
2023-06-23 11:30:00-04:00,85.41999816894531,85.52950286865234,85.01000213623047,85.18000030517578,8745,0.0,0.0,0.0
2023-06-23 12:30:00-04:00,85.0999984741211,85.29000091552734,85.02999877929688,85.0999984741211,6635,0.0,0.0,0.0
2023-06-23 13:30:00-04:00,85.13990020751953,85.13990020751953,84.97000122070312,85.0250015258789,9491,0.0,0.0,0.0
2023-06-23 14:30:00-04:00,84.94999694824219,85.06849670410156,84.8499984741211,85.06849670410156,7582,0.0,0.0,0.0
2023-06-23 15:30:00-04:00,84.89009857177734,85.0,84.86620330810547,84.87999725341797,14219,0.0,0.0,0.0
2023-06-26 09:30:00-04:00,85.70999908447266,85.95480346679688,85.47000122070312,85.75,14069,0.0,0.0,0.0
2023-06-26 10:30:00-04:00,85.69000244140625,86.3499984741211,85.62999725341797,86.16000366210938,11292,0.0,0.0,0.0
2023-06-26 11:30:00-04:00,86.16500091552734,86.19999694824219,86.0,86.05000305175781,6459,0.0,0.0,0.0
2023-06-26 12:30:00-04:00,86.05999755859375,86.05999755859375,85.45999908447266,85.69999694824219,9063,0.0,0.0,0.0
2023-06-26 13:30:00-04:00,85.69499969482422,85.70500183105469,85.63999938964844,85.70500183105469,8567,0.0,0.0,0.0
2023-06-26 14:30:00-04:00,85.69999694824219,85.73999786376953,85.54000091552734,85.66000366210938,22448,0.0,0.0,0.0
2023-06-26 15:30:00-04:00,85.66999816894531,85.76110076904297,85.54000091552734,85.54000091552734,17883,0.0,0.0,0.0
2023-06-27 09:30:00-04:00,85.52999877929688,85.68990325927734,84.83999633789062,85.10379791259766,26616,0.0,0.0,0.0
2023-06-27 10:30:00-04:00,85.25,85.25,84.94000244140625,85.16999816894531,7696,0.0,0.0,0.0
2023-06-27 11:30:00-04:00,85.33000183105469,85.43990325927734,85.12999725341797,85.37000274658203,2799,0.0,0.0,0.0
2023-06-27 12:30:00-04:00,85.4000015258789,85.87999725341797,85.4000015258789,85.85299682617188,13869,0.0,0.0,0.0
2023-06-27 13:30:00-04:00,85.66000366210938,85.70999908447266,85.37680053710938,85.52989959716797,6378,0.0,0.0,0.0
2023-06-27 14:30:00-04:00,85.63999938964844,85.68000030517578,85.48999786376953,85.5000991821289,28480,0.0,0.0,0.0
2023-06-27 15:30:00-04:00,85.55999755859375,85.56999969482422,85.37000274658203,85.43000030517578,13408,0.0,0.0,0.0
2023-06-28 09:30:00-04:00,84.0999984741211,84.39990234375,83.51000213623047,84.16000366210938,51184,0.0,0.0,0.0
2023-06-28 10:30:00-04:00,84.07009887695312,84.5199966430664,83.75,84.5199966430664,18761,0.0,0.0,0.0
2023-06-28 11:30:00-04:00,84.66000366210938,84.94999694824219,84.58000183105469,84.76000213623047,7794,0.0,0.0,0.0
2023-06-28 12:30:00-04:00,84.72000122070312,84.83999633789062,84.58000183105469,84.69999694824219,3044,0.0,0.0,0.0
2023-06-28 13:30:00-04:00,84.69999694824219,84.72000122070312,84.45099639892578,84.48040008544922,12930,0.0,0.0,0.0
2023-06-28 14:30:00-04:00,84.5999984741211,84.66000366210938,84.5,84.5999984741211,7455,0.0,0.0,0.0
2023-06-28 15:30:00-04:00,84.58000183105469,84.58000183105469,84.51740264892578,84.5199966430664,7289,0.0,0.0,0.0
2023-06-29 09:30:00-04:00,82.6500015258789,83.25,82.44499969482422,82.75,46577,0.0,0.0,0.0
2023-06-29 10:30:00-04:00,82.7300033569336,83.12999725341797,82.44999694824219,83.0199966430664,39949,0.0,0.0,0.0
2023-06-29 11:30:00-04:00,83.0302963256836,83.39399719238281,82.9000015258789,83.39399719238281,18613,0.0,0.0,0.0
2023-06-29 12:30:00-04:00,83.26000213623047,83.26000213623047,82.91999816894531,83.04000091552734,16697,0.0,0.0,0.0
2023-06-29 13:30:00-04:00,83.03500366210938,83.1698989868164,82.98999786376953,83.08999633789062,6093,0.0,0.0,0.0
2023-06-29 14:30:00-04:00,83.0071029663086,83.19000244140625,82.9000015258789,82.9000015258789,15786,0.0,0.0,0.0
2023-06-29 15:30:00-04:00,82.98999786376953,83.12000274658203,82.97000122070312,82.97000122070312,3228,0.0,0.0,0.0
2023-06-30 09:30:00-04:00,82.97000122070312,83.61000061035156,82.56999969482422,83.61000061035156,19419,0.0,0.0,0.0
2023-06-30 10:30:00-04:00,83.6063003540039,83.87000274658203,83.23500061035156,83.87000274658203,15979,0.0,0.0,0.0
2023-06-30 11:30:00-04:00,84.0,84.29000091552734,83.76000213623047,83.88999938964844,8726,0.0,0.0,0.0
2023-06-30 12:30:00-04:00,83.80999755859375,83.92500305175781,83.55999755859375,83.76699829101562,16986,0.0,0.0,0.0
2023-06-30 13:30:00-04:00,83.55999755859375,83.55999755859375,83.41999816894531,83.5,4624,0.0,0.0,0.0
2023-06-30 14:30:00-04:00,83.54810333251953,83.72000122070312,83.47000122070312,83.55999755859375,5465,0.0,0.0,0.0
2023-06-30 15:30:00-04:00,83.54329681396484,83.7300033569336,83.54329681396484,83.7300033569336,9442,0.0,0.0,0.0
2023-07-03 09:30:00-04:00,84.12000274658203,84.7311019897461,84.12000274658203,84.26000213623047,28316,0.0,0.0,0.0
2023-07-03 10:30:00-04:00,84.4000015258789,84.55999755859375,84.16000366210938,84.29000091552734,30810,0.0,0.0,0.0
2023-07-03 11:30:00-04:00,84.29000091552734,84.58000183105469,84.18000030517578,84.46990203857422,19005,0.0,0.0,0.0
2023-07-05 09:30:00-04:00,84.80000305175781,85.11000061035156,84.55000305175781,84.80999755859375,59371,0.0,0.0,0.0
2023-07-05 10:30:00-04:00,84.80999755859375,84.80999755859375,84.10009765625,84.51000213623047,11618,0.0,0.0,0.0
2023-07-05 11:30:00-04:00,84.4800033569336,85.0,84.46980285644531,84.93000030517578,70111,0.0,0.0,0.0
2023-07-05 12:30:00-04:00,84.98999786376953,85.0999984741211,84.87000274658203,85.05999755859375,6046,0.0,0.0,0.0
2023-07-05 13:30:00-04:00,84.96659851074219,85.15540313720703,84.78410339355469,84.81999969482422,8192,0.0,0.0,0.0
2023-07-05 14:30:00-04:00,84.87989807128906,85.02999877929688,84.7500991821289,84.96499633789062,3729,0.0,0.0,0.0
2023-07-05 15:30:00-04:00,84.84760284423828,85.0199966430664,84.84760284423828,84.9800033569336,7809,0.0,0.0,0.0
2023-07-06 09:30:00-04:00,83.7300033569336,83.7300033569336,82.98999786376953,82.98999786376953,38302,0.0,0.0,0.0
2023-07-06 10:30:00-04:00,82.94999694824219,83.44999694824219,82.8499984741211,83.30999755859375,14047,0.0,0.0,0.0
2023-07-06 11:30:00-04:00,83.44000244140625,83.77999877929688,83.25969696044922,83.62999725341797,11569,0.0,0.0,0.0
2023-07-06 12:30:00-04:00,83.63999938964844,83.98989868164062,83.63999938964844,83.7699966430664,13745,0.0,0.0,0.0
2023-07-06 13:30:00-04:00,83.80000305175781,83.97000122070312,83.80000305175781,83.96810150146484,7121,0.0,0.0,0.0
2023-07-06 14:30:00-04:00,83.97000122070312,83.98999786376953,83.7500991821289,83.86000061035156,10203,0.0,0.0,0.0
2023-07-06 15:30:00-04:00,83.8499984741211,83.94999694824219,83.78720092773438,83.83000183105469,10087,0.0,0.0,0.0
2023-07-07 09:30:00-04:00,83.97000122070312,84.75,83.97000122070312,84.37999725341797,21042,0.0,0.0,0.0
2023-07-07 10:30:00-04:00,84.29000091552734,84.79000091552734,84.25,84.25,53316,0.0,0.0,0.0
2023-07-07 11:30:00-04:00,84.33000183105469,84.33000183105469,84.04000091552734,84.12000274658203,32014,0.0,0.0,0.0
2023-07-07 12:30:00-04:00,84.1781005859375,84.43499755859375,84.0199966430664,84.37000274658203,11101,0.0,0.0,0.0
2023-07-07 13:30:00-04:00,84.47000122070312,84.48999786376953,84.37539672851562,84.38009643554688,6786,0.0,0.0,0.0
2023-07-07 14:30:00-04:00,84.5,84.66000366210938,84.43000030517578,84.58999633789062,11169,0.0,0.0,0.0
2023-07-07 15:30:00-04:00,84.63999938964844,84.6500015258789,84.35009765625,84.55000305175781,4479,0.0,0.0,0.0
2023-07-10 09:30:00-04:00,84.37999725341797,85.75,84.37999725341797,85.37000274658203,14237,0.0,0.0,0.0
2023-07-10 10:30:00-04:00,85.43000030517578,85.68000030517578,85.19999694824219,85.56990051269531,6894,0.0,0.0,0.0
2023-07-10 11:30:00-04:00,85.68000030517578,85.98999786376953,85.52999877929688,85.98999786376953,9359,0.0,0.0,0.0
2023-07-10 12:30:00-04:00,85.94499969482422,85.97000122070312,85.7300033569336,85.9000015258789,7133,0.0,0.0,0.0
2023-07-10 13:30:00-04:00,85.95999908447266,86.1260986328125,85.91500091552734,86.0999984741211,11127,0.0,0.0,0.0
2023-07-10 14:30:00-04:00,86.18000030517578,86.21499633789062,86.01010131835938,86.11000061035156,13813,0.0,0.0,0.0
2023-07-10 15:30:00-04:00,86.20989990234375,86.20989990234375,86.01010131835938,86.18000030517578,14691,0.0,0.0,0.0
2023-07-11 09:30:00-04:00,85.63999938964844,86.0250015258789,85.44000244140625,85.9000015258789,15110,0.0,0.0,0.0
2023-07-11 10:30:00-04:00,85.88999938964844,85.9916000366211,85.66000366210938,85.7699966430664,3839,0.0,0.0,0.0
2023-07-11 11:30:00-04:00,85.92990112304688,85.92990112304688,85.62999725341797,85.6500015258789,3404,0.0,0.0,0.0
2023-07-11 12:30:00-04:00,85.75,85.77999877929688,85.66000366210938,85.67500305175781,6425,0.0,0.0,0.0
2023-07-11 13:30:00-04:00,85.7300033569336,85.83000183105469,85.62010192871094,85.69999694824219,3588,0.0,0.0,0.0
2023-07-11 14:30:00-04:00,85.69999694824219,85.80000305175781,85.6281967163086,85.73999786376953,7258,0.0,0.0,0.0
2023-07-11 15:30:00-04:00,85.73999786376953,85.8499984741211,85.70999908447266,85.70999908447266,3381,0.0,0.0,0.0
2023-07-12 09:30:00-04:00,87.41000366210938,88.37000274658203,87.41000366210938,87.88999938964844,61059,0.0,0.0,0.0
2023-07-12 10:30:00-04:00,87.94999694824219,88.23100280761719,87.875,87.93389892578125,9535,0.0,0.0,0.0
2023-07-12 11:30:00-04:00,87.69999694824219,87.9999008178711,87.55000305175781,87.7300033569336,15534,0.0,0.0,0.0
2023-07-12 12:30:00-04:00,87.875,87.95069885253906,87.57630157470703,87.95069885253906,4430,0.0,0.0,0.0
2023-07-12 13:30:00-04:00,87.9198989868164,88.0,87.9198989868164,88.0,4616,0.0,0.0,0.0
2023-07-12 14:30:00-04:00,88.08989715576172,88.18990325927734,87.87149810791016,87.94000244140625,7686,0.0,0.0,0.0
2023-07-12 15:30:00-04:00,87.94229888916016,88.05139923095703,87.9000015258789,87.95500183105469,4352,0.0,0.0,0.0
2023-07-13 09:30:00-04:00,89.36000061035156,89.7699966430664,89.20059967041016,89.31159973144531,37069,0.0,0.0,0.0
2023-07-13 10:30:00-04:00,89.40499877929688,90.04000091552734,89.31009674072266,89.93000030517578,23800,0.0,0.0,0.0
2023-07-13 11:30:00-04:00,89.71009826660156,90.0250015258789,89.56999969482422,90.0250015258789,16338,0.0,0.0,0.0
2023-07-13 12:30:00-04:00,89.98999786376953,90.02999877929688,89.84729766845703,89.9000015258789,7899,0.0,0.0,0.0
2023-07-13 13:30:00-04:00,89.9968032836914,90.2699966430664,89.87010192871094,90.12999725341797,9586,0.0,0.0,0.0
2023-07-13 14:30:00-04:00,90.05999755859375,90.05999755859375,89.85009765625,89.94499969482422,8418,0.0,0.0,0.0
2023-07-13 15:30:00-04:00,89.94000244140625,89.98999786376953,89.82009887695312,89.98999786376953,10456,0.0,0.0,0.0
2023-07-14 09:30:00-04:00,90.0,90.02999877929688,89.18000030517578,89.5,34296,0.0,0.0,0.0
2023-07-14 10:30:00-04:00,89.46499633789062,90.01499938964844,89.27010345458984,90.01499938964844,4715,0.0,0.0,0.0
2023-07-14 11:30:00-04:00,90.0999984741211,90.0999984741211,89.77999877929688,89.77999877929688,3352,0.0,0.0,0.0
2023-07-14 12:30:00-04:00,89.73999786376953,90.2300033569336,89.73999786376953,90.0199966430664,4540,0.0,0.0,0.0
2023-07-14 13:30:00-04:00,90.03009796142578,90.12000274658203,90.01000213623047,90.05500030517578,2759,0.0,0.0,0.0
2023-07-14 14:30:00-04:00,90.12999725341797,90.12999725341797,89.80000305175781,89.80000305175781,2095,0.0,0.0,0.0
2023-07-14 15:30:00-04:00,89.91000366210938,89.91000366210938,89.58000183105469,89.58000183105469,8712,0.0,0.0,0.0
2023-07-17 09:30:00-04:00,89.33000183105469,90.19719696044922,88.91999816894531,89.87039947509766,15094,0.0,0.0,0.0
2023-07-17 10:30:00-04:00,89.9000015258789,90.33999633789062,89.9000015258789,90.27999877929688,4607,0.0,0.0,0.0
2023-07-17 11:30:00-04:00,90.33999633789062,90.74490356445312,90.27950286865234,90.74490356445312,28907,0.0,0.0,0.0
2023-07-17 12:30:00-04:00,90.30000305175781,90.34989929199219,90.17009735107422,90.34989929199219,805,0.0,0.0,0.0
2023-07-17 13:30:00-04:00,90.1884994506836,90.4198989868164,90.17009735107422,90.40989685058594,5671,0.0,0.0,0.0
2023-07-17 14:30:00-04:00,90.33999633789062,90.43990325927734,90.20999908447266,90.43990325927734,2385,0.0,0.0,0.0
2023-07-17 15:30:00-04:00,90.21009826660156,90.44999694824219,90.21009826660156,90.44999694824219,4773,0.0,0.0,0.0
2023-07-18 09:30:00-04:00,90.81999969482422,91.5999984741211,90.59200286865234,91.58999633789062,25646,0.0,0.0,0.0
2023-07-18 10:30:00-04:00,91.55000305175781,91.75,91.3301010131836,91.45500183105469,48817,0.0,0.0,0.0
2023-07-18 11:30:00-04:00,91.21499633789062,91.33999633789062,91.18000030517578,91.33000183105469,8139,0.0,0.0,0.0
2023-07-18 12:30:00-04:00,90.731201171875,91.05000305175781,90.731201171875,90.9800033569336,2284,0.0,0.0,0.0
2023-07-18 13:30:00-04:00,90.91000366210938,90.97799682617188,90.8499984741211,90.94280242919922,7670,0.0,0.0,0.0
2023-07-18 14:30:00-04:00,90.87999725341797,90.94000244140625,90.81099700927734,90.86000061035156,23953,0.0,0.0,0.0
2023-07-18 15:30:00-04:00,90.86000061035156,90.95999908447266,90.79000091552734,90.95999908447266,45859,0.0,0.0,0.0
2023-07-19 09:30:00-04:00,90.58999633789062,91.0250015258789,90.41500091552734,90.44000244140625,47146,0.0,0.0,0.0
2023-07-19 10:30:00-04:00,90.29010009765625,90.38999938964844,89.87010192871094,90.22000122070312,10059,0.0,0.0,0.0
2023-07-19 11:30:00-04:00,90.05000305175781,90.08999633789062,89.57219696044922,89.73500061035156,4341,0.0,0.0,0.0
2023-07-19 12:30:00-04:00,89.79000091552734,90.01000213623047,89.77999877929688,90.0,3704,0.0,0.0,0.0
2023-07-19 13:30:00-04:00,89.90509796142578,90.13990020751953,89.80999755859375,89.80999755859375,17215,0.0,0.0,0.0
2023-07-19 14:30:00-04:00,89.81990051269531,89.98999786376953,89.81990051269531,89.87999725341797,3847,0.0,0.0,0.0
2023-07-19 15:30:00-04:00,89.9000015258789,89.91000366210938,89.76000213623047,89.76000213623047,2484,0.0,0.0,0.0
2023-07-20 09:30:00-04:00,89.45999908447266,89.83999633789062,88.62999725341797,88.79000091552734,17440,0.0,0.0,0.0
2023-07-20 10:30:00-04:00,88.5199966430664,88.54450225830078,88.04000091552734,88.30000305175781,9377,0.0,0.0,0.0
2023-07-20 11:30:00-04:00,88.26000213623047,88.30999755859375,88.11000061035156,88.16000366210938,13795,0.0,0.0,0.0
2023-07-20 12:30:00-04:00,88.19000244140625,88.30999755859375,88.12879943847656,88.2699966430664,6096,0.0,0.0,0.0
2023-07-20 13:30:00-04:00,88.30999755859375,88.37149810791016,88.20999908447266,88.29000091552734,9830,0.0,0.0,0.0
2023-07-20 14:30:00-04:00,88.20999908447266,88.4000015258789,88.0999984741211,88.31999969482422,18040,0.0,0.0,0.0
2023-07-20 15:30:00-04:00,88.27010345458984,88.37000274658203,88.2300033569336,88.36250305175781,5097,0.0,0.0,0.0
2023-07-21 09:30:00-04:00,88.4000015258789,88.56610107421875,88.02999877929688,88.38500213623047,11751,0.0,0.0,0.0
2023-07-21 10:30:00-04:00,88.31990051269531,88.70999908447266,88.05999755859375,88.70999908447266,4258,0.0,0.0,0.0
2023-07-21 11:30:00-04:00,89.05000305175781,89.05000305175781,88.77680206298828,88.98999786376953,10682,0.0,0.0,0.0
2023-07-21 12:30:00-04:00,88.9800033569336,89.08000183105469,88.79000091552734,88.79010009765625,2169,0.0,0.0,0.0
2023-07-21 13:30:00-04:00,88.88999938964844,88.9999008178711,88.83000183105469,88.87000274658203,2387,0.0,0.0,0.0
2023-07-21 14:30:00-04:00,88.98989868164062,88.98989868164062,88.77999877929688,88.83999633789062,59974,0.0,0.0,0.0
2023-07-21 15:30:00-04:00,88.8499984741211,88.91999816894531,88.72000122070312,88.9000015258789,6359,0.0,0.0,0.0
2023-07-24 09:30:00-04:00,88.69000244140625,88.7490005493164,88.25,88.30999755859375,5205,0.0,0.0,0.0
2023-07-24 10:30:00-04:00,88.30000305175781,89.0,88.30000305175781,89.0,3259,0.0,0.0,0.0
2023-07-24 11:30:00-04:00,88.9800033569336,89.02999877929688,88.83000183105469,88.87000274658203,9827,0.0,0.0,0.0
2023-07-24 12:30:00-04:00,88.83000183105469,88.91500091552734,88.58999633789062,88.73500061035156,7506,0.0,0.0,0.0
2023-07-24 13:30:00-04:00,88.76499938964844,88.7699966430664,88.48999786376953,88.58999633789062,24320,0.0,0.0,0.0
2023-07-24 14:30:00-04:00,88.54000091552734,88.59500122070312,88.31999969482422,88.44000244140625,36001,0.0,0.0,0.0
2023-07-24 15:30:00-04:00,88.41000366210938,88.625,88.37999725341797,88.41999816894531,25370,0.0,0.0,0.0
2023-07-25 09:30:00-04:00,89.30000305175781,89.38990020751953,88.79000091552734,88.87799835205078,8507,0.0,0.0,0.0
2023-07-25 10:30:00-04:00,89.12000274658203,89.4198989868164,89.12000274658203,89.19000244140625,1528,0.0,0.0,0.0
2023-07-25 11:30:00-04:00,89.31999969482422,89.5,89.30000305175781,89.5,4593,0.0,0.0,0.0
2023-07-25 12:30:00-04:00,89.31999969482422,89.31999969482422,89.30999755859375,89.30999755859375,769,0.0,0.0,0.0
2023-07-25 13:30:00-04:00,89.22979736328125,89.29509735107422,89.22820281982422,89.22820281982422,1156,0.0,0.0,0.0
2023-07-25 14:30:00-04:00,89.42549896240234,89.45010375976562,89.20010375976562,89.44999694824219,32178,0.0,0.0,0.0
2023-07-25 15:30:00-04:00,89.44999694824219,89.69000244140625,89.37000274658203,89.55000305175781,24669,0.0,0.0,0.0
2023-07-26 09:30:00-04:00,88.44999694824219,88.86930084228516,88.4000015258789,88.41000366210938,29129,0.0,0.0,0.0
2023-07-26 10:30:00-04:00,88.41999816894531,89.16500091552734,88.41000366210938,89.04010009765625,2823,0.0,0.0,0.0
2023-07-26 11:30:00-04:00,89.14700317382812,89.14700317382812,89.08999633789062,89.08999633789062,2554,0.0,0.0,0.0
2023-07-26 12:30:00-04:00,88.94000244140625,88.98400115966797,88.87000274658203,88.98400115966797,1469,0.0,0.0,0.0
2023-07-26 13:30:00-04:00,89.05999755859375,89.05999755859375,88.83499908447266,88.9000015258789,1427,0.0,0.0,0.0
2023-07-26 14:30:00-04:00,89.0,89.5999984741211,89.0,89.2499008178711,20912,0.0,0.0,0.0
2023-07-26 15:30:00-04:00,89.31050109863281,89.31050109863281,89.3053970336914,89.3053970336914,966,0.0,0.0,0.0
2023-07-27 09:30:00-04:00,87.44000244140625,87.44000244140625,86.56999969482422,86.73999786376953,36480,0.0,0.0,0.0
2023-07-27 10:30:00-04:00,86.69999694824219,87.0,86.61869812011719,86.68489837646484,11631,0.0,0.0,0.0
2023-07-27 11:30:00-04:00,86.68000030517578,86.88999938964844,86.5199966430664,86.61000061035156,4634,0.0,0.0,0.0
2023-07-27 12:30:00-04:00,86.69999694824219,86.87999725341797,86.4718017578125,86.58999633789062,8013,0.0,0.0,0.0
2023-07-27 13:30:00-04:00,86.66999816894531,86.66999816894531,86.4000015258789,86.44000244140625,10990,0.0,0.0,0.0
2023-07-27 14:30:00-04:00,86.4000015258789,86.4000015258789,86.20110321044922,86.31999969482422,14965,0.0,0.0,0.0
2023-07-27 15:30:00-04:00,86.32499694824219,86.48999786376953,86.20999908447266,86.22000122070312,12882,0.0,0.0,0.0
2023-07-28 09:30:00-04:00,86.19000244140625,86.97709655761719,85.93499755859375,86.33000183105469,29998,0.0,0.0,0.0
2023-07-28 10:30:00-04:00,86.80000305175781,86.80000305175781,86.36000061035156,86.62650299072266,3014,0.0,0.0,0.0
2023-07-28 11:30:00-04:00,86.78500366210938,86.87740325927734,86.69999694824219,86.85990142822266,5220,0.0,0.0,0.0
2023-07-28 12:30:00-04:00,86.80500030517578,86.80500030517578,86.52999877929688,86.52999877929688,2972,0.0,0.0,0.0
2023-07-28 13:30:00-04:00,86.46499633789062,86.48100280761719,86.44000244140625,86.48100280761719,3038,0.0,0.0,0.0
2023-07-28 14:30:00-04:00,86.61000061035156,86.69999694824219,86.4800033569336,86.58000183105469,51711,0.0,0.0,0.0
2023-07-28 15:30:00-04:00,86.58999633789062,86.66000366210938,86.5,86.5,2762,0.0,0.0,0.0
2023-07-31 09:30:00-04:00,87.55000305175781,88.69660186767578,87.43000030517578,88.42289733886719,21706,0.0,0.0,0.0
2023-07-31 10:30:00-04:00,88.43800354003906,88.44000244140625,88.0,88.2249984741211,10192,0.0,0.0,0.0
2023-07-31 11:30:00-04:00,88.4000015258789,88.5199966430664,88.11000061035156,88.2699966430664,2207,0.0,0.0,0.0
2023-07-31 12:30:00-04:00,88.08999633789062,88.25,87.77999877929688,87.875,2795,0.0,0.0,0.0
2023-07-31 13:30:00-04:00,87.79000091552734,88.2300033569336,87.79000091552734,87.98919677734375,3073,0.0,0.0,0.0
2023-07-31 14:30:00-04:00,88.14129638671875,88.18990325927734,87.93000030517578,88.12000274658203,18692,0.0,0.0,0.0
2023-07-31 15:30:00-04:00,88.05000305175781,88.05000305175781,87.87999725341797,88.0,3428,0.0,0.0,0.0
2023-08-01 09:30:00-04:00,85.5199966430664,86.05500030517578,85.3499984741211,85.7699966430664,49603,0.0,0.0,0.0
2023-08-01 10:30:00-04:00,85.55999755859375,86.27999877929688,85.55999755859375,85.75,5606,0.0,0.0,0.0
2023-08-01 11:30:00-04:00,85.79499816894531,85.92649841308594,85.5999984741211,85.92649841308594,5703,0.0,0.0,0.0
2023-08-01 12:30:00-04:00,85.70010375976562,86.26190185546875,85.70010375976562,86.20790100097656,5936,0.0,0.0,0.0
2023-08-01 13:30:00-04:00,86.16999816894531,86.29000091552734,86.07350158691406,86.29000091552734,6922,0.0,0.0,0.0
2023-08-01 14:30:00-04:00,86.11499786376953,86.19999694824219,86.05000305175781,86.19159698486328,5444,0.0,0.0,0.0
2023-08-01 15:30:00-04:00,86.19000244140625,86.2300033569336,86.05999755859375,86.05999755859375,12314,0.0,0.0,0.0
2023-08-02 09:30:00-04:00,85.87999725341797,86.30999755859375,85.29440307617188,85.41999816894531,33895,0.0,0.0,0.0
2023-08-02 10:30:00-04:00,85.38999938964844,85.38999938964844,85.02179718017578,85.1500015258789,10815,0.0,0.0,0.0
2023-08-02 11:30:00-04:00,85.22000122070312,85.3499984741211,85.17489624023438,85.3499984741211,2129,0.0,0.0,0.0
2023-08-02 12:30:00-04:00,85.19999694824219,85.63279724121094,85.19999694824219,85.36000061035156,4847,0.0,0.0,0.0
2023-08-02 13:30:00-04:00,85.54000091552734,85.54319763183594,85.27999877929688,85.30000305175781,15743,0.0,0.0,0.0
2023-08-02 14:30:00-04:00,85.20999908447266,85.26000213623047,85.19999694824219,85.19999694824219,1152,0.0,0.0,0.0
2023-08-02 15:30:00-04:00,85.22000122070312,85.26000213623047,85.1500015258789,85.2208023071289,19304,0.0,0.0,0.0
2023-08-03 09:30:00-04:00,85.0,85.0198974609375,84.5999984741211,85.0198974609375,20962,0.0,0.0,0.0
2023-08-03 10:30:00-04:00,84.75,85.22640228271484,84.75,85.19999694824219,13884,0.0,0.0,0.0
2023-08-03 11:30:00-04:00,85.19059753417969,85.19059753417969,84.7699966430664,84.87000274658203,2635,0.0,0.0,0.0
2023-08-03 12:30:00-04:00,85.0,85.0,84.66500091552734,84.66500091552734,4649,0.0,0.0,0.0
2023-08-03 13:30:00-04:00,84.5999984741211,84.61329650878906,84.52999877929688,84.58000183105469,7062,0.0,0.0,0.0
2023-08-03 14:30:00-04:00,84.53269958496094,84.56500244140625,84.47000122070312,84.5,8123,0.0,0.0,0.0
2023-08-03 15:30:00-04:00,84.5,84.5250015258789,84.41000366210938,84.41000366210938,3815,0.0,0.0,0.0
2023-08-04 09:30:00-04:00,84.48999786376953,85.33000183105469,84.48999786376953,85.1500015258789,9906,0.0,0.0,0.0
2023-08-04 10:30:00-04:00,84.92549896240234,85.18000030517578,84.80000305175781,85.18000030517578,1894,0.0,0.0,0.0
2023-08-04 11:30:00-04:00,85.08999633789062,85.45500183105469,85.08999633789062,85.36000061035156,4465,0.0,0.0,0.0
2023-08-04 12:30:00-04:00,85.46880340576172,85.46880340576172,85.2020034790039,85.25,3158,0.0,0.0,0.0
2023-08-04 13:30:00-04:00,85.2699966430664,85.2699966430664,85.12000274658203,85.12000274658203,2055,0.0,0.0,0.0
2023-08-04 14:30:00-04:00,85.0000991821289,85.1500015258789,85.0,85.0999984741211,8970,0.0,0.0,0.0
2023-08-04 15:30:00-04:00,85.12259674072266,85.33999633789062,85.12259674072266,85.18689727783203,16294,0.0,0.0,0.0
2023-08-07 09:30:00-04:00,85.16000366210938,85.28679656982422,84.57499694824219,85.04000091552734,7856,0.0,0.0,0.0
2023-08-07 10:30:00-04:00,85.19000244140625,85.29000091552734,85.14939880371094,85.29000091552734,5743,0.0,0.0,0.0
2023-08-07 11:30:00-04:00,85.19000244140625,85.29000091552734,84.98709869384766,85.1500015258789,4179,0.0,0.0,0.0
2023-08-07 12:30:00-04:00,85.16999816894531,85.23290252685547,85.16500091552734,85.2300033569336,1714,0.0,0.0,0.0
2023-08-07 13:30:00-04:00,85.20999908447266,85.2300033569336,85.12930297851562,85.22000122070312,1316,0.0,0.0,0.0
2023-08-07 14:30:00-04:00,85.22979736328125,85.31999969482422,85.19499969482422,85.2699966430664,18522,0.0,0.0,0.0
2023-08-07 15:30:00-04:00,85.24500274658203,85.24500274658203,85.19000244140625,85.20999908447266,1627,0.0,0.0,0.0
2023-08-08 09:30:00-04:00,83.2699966430664,83.29149627685547,82.9000015258789,83.0,37772,0.0,0.0,0.0
2023-08-08 10:30:00-04:00,83.4000015258789,83.5114974975586,83.1343994140625,83.16889953613281,8025,0.0,0.0,0.0
2023-08-08 11:30:00-04:00,83.20999908447266,83.31500244140625,83.01000213623047,83.28980255126953,10235,0.0,0.0,0.0
2023-08-08 12:30:00-04:00,83.19499969482422,83.33989715576172,83.12999725341797,83.30000305175781,4374,0.0,0.0,0.0
2023-08-08 13:30:00-04:00,83.30500030517578,83.39859771728516,83.22000122070312,83.37000274658203,8239,0.0,0.0,0.0
2023-08-08 14:30:00-04:00,83.29499816894531,83.48999786376953,83.29000091552734,83.48999786376953,3480,0.0,0.0,0.0
2023-08-08 15:30:00-04:00,83.47000122070312,83.48999786376953,83.3499984741211,83.4000015258789,4040,0.0,0.0,0.0
2023-08-09 09:30:00-04:00,82.48999786376953,83.0,82.30000305175781,82.72550201416016,57575,0.0,0.0,0.0
2023-08-09 10:30:00-04:00,82.7499008178711,82.8949966430664,82.30000305175781,82.37000274658203,21894,0.0,0.0,0.0
2023-08-09 11:30:00-04:00,82.3499984741211,82.5,82.27999877929688,82.39240264892578,23023,0.0,0.0,0.0
2023-08-09 12:30:00-04:00,82.40499877929688,82.51499938964844,82.20099639892578,82.4000015258789,25583,0.0,0.0,0.0
2023-08-09 13:30:00-04:00,82.41999816894531,82.49500274658203,82.30000305175781,82.3499984741211,23023,0.0,0.0,0.0
2023-08-09 14:30:00-04:00,82.3499984741211,82.54000091552734,82.33000183105469,82.43920135498047,18825,0.0,0.0,0.0
2023-08-09 15:30:00-04:00,82.5,82.5,82.38999938964844,82.44999694824219,6963,0.0,0.0,0.0
2023-08-10 09:30:00-04:00,83.11000061035156,83.93499755859375,82.97000122070312,83.7300033569336,19130,0.0,0.0,0.0
2023-08-10 10:30:00-04:00,83.43000030517578,83.9800033569336,83.25,83.95999908447266,8023,0.0,0.0,0.0
2023-08-10 11:30:00-04:00,83.95999908447266,84.33999633789062,83.95999908447266,84.19999694824219,6349,0.0,0.0,0.0
2023-08-10 12:30:00-04:00,84.29319763183594,84.41670227050781,84.13999938964844,84.16010284423828,4687,0.0,0.0,0.0
2023-08-10 13:30:00-04:00,84.05999755859375,84.118896484375,83.82499694824219,84.0103988647461,7946,0.0,0.0,0.0
2023-08-10 14:30:00-04:00,84.13999938964844,84.13999938964844,84.11000061035156,84.11000061035156,984,0.0,0.0,0.0
2023-08-10 15:30:00-04:00,84.03780364990234,84.05999755859375,84.01000213623047,84.01090240478516,2041,0.0,0.0,0.0
2023-08-11 09:30:00-04:00,84.16999816894531,84.44999694824219,83.74710083007812,84.44999694824219,34418,0.0,0.0,0.0
2023-08-11 10:30:00-04:00,84.43000030517578,84.66999816894531,84.1050033569336,84.1050033569336,4500,0.0,0.0,0.0
2023-08-11 11:30:00-04:00,84.12519836425781,84.41999816894531,84.0999984741211,84.33999633789062,3668,0.0,0.0,0.0
2023-08-11 12:30:00-04:00,84.2500991821289,84.375,84.05999755859375,84.23400115966797,2799,0.0,0.0,0.0
2023-08-11 13:30:00-04:00,84.25,84.33809661865234,84.19999694824219,84.19999694824219,4122,0.0,0.0,0.0
2023-08-11 14:30:00-04:00,84.3499984741211,84.36000061035156,84.26000213623047,84.31990051269531,1697,0.0,0.0,0.0
2023-08-11 15:30:00-04:00,84.38999938964844,84.4000015258789,84.3781967163086,84.4000015258789,2953,0.0,0.0,0.0
2023-08-14 09:30:00-04:00,82.87999725341797,83.12999725341797,82.51069641113281,83.0988998413086,26011,0.0,0.0,0.0
2023-08-14 10:30:00-04:00,83.01000213623047,83.31999969482422,82.86000061035156,83.31999969482422,8208,0.0,0.0,0.0
2023-08-14 11:30:00-04:00,83.37590026855469,83.69000244140625,83.37000274658203,83.69000244140625,2092,0.0,0.0,0.0
2023-08-14 12:30:00-04:00,83.55999755859375,83.66999816894531,83.55999755859375,83.58999633789062,1956,0.0,0.0,0.0
2023-08-14 13:30:00-04:00,83.4800033569336,83.48860168457031,83.39579772949219,83.45999908447266,2170,0.0,0.0,0.0
2023-08-14 14:30:00-04:00,83.35199737548828,83.48500061035156,83.26000213623047,83.3740005493164,4235,0.0,0.0,0.0
2023-08-14 15:30:00-04:00,83.37000274658203,83.58000183105469,83.32499694824219,83.55000305175781,20659,0.0,0.0,0.0
2023-08-15 09:30:00-04:00,82.44999694824219,82.49500274658203,81.98999786376953,82.30000305175781,40401,0.0,0.0,0.0
2023-08-15 10:30:00-04:00,82.4000015258789,82.69999694824219,82.27999877929688,82.55000305175781,9618,0.0,0.0,0.0
2023-08-15 11:30:00-04:00,82.5999984741211,82.5999984741211,82.39009857177734,82.4000015258789,3070,0.0,0.0,0.0
2023-08-15 12:30:00-04:00,82.23999786376953,82.38999938964844,82.23999786376953,82.33000183105469,2888,0.0,0.0,0.0
2023-08-15 13:30:00-04:00,82.32749938964844,82.42620086669922,82.27030181884766,82.33319854736328,4279,0.0,0.0,0.0
2023-08-15 14:30:00-04:00,82.37000274658203,82.37000274658203,82.2300033569336,82.2300033569336,1497,0.0,0.0,0.0
2023-08-15 15:30:00-04:00,82.25,82.3499984741211,82.2300033569336,82.3499984741211,7032,0.0,0.0,0.0
2023-08-16 09:30:00-04:00,82.19000244140625,82.8499984741211,82.19000244140625,82.79989624023438,25569,0.0,0.0,0.0
2023-08-16 10:30:00-04:00,82.75,82.80000305175781,82.6238021850586,82.68000030517578,2867,0.0,0.0,0.0
2023-08-16 11:30:00-04:00,82.62550354003906,82.7249984741211,82.25,82.30000305175781,5980,0.0,0.0,0.0
2023-08-16 12:30:00-04:00,82.26000213623047,82.29029846191406,82.12999725341797,82.22000122070312,4087,0.0,0.0,0.0
2023-08-16 13:30:00-04:00,82.0999984741211,82.33989715576172,82.0,82.29000091552734,12411,0.0,0.0,0.0
2023-08-16 14:30:00-04:00,82.3427963256836,82.3427963256836,81.8499984741211,81.99189758300781,9603,0.0,0.0,0.0
2023-08-16 15:30:00-04:00,81.87000274658203,81.98989868164062,81.83000183105469,81.83999633789062,10079,0.0,0.0,0.0
2023-08-17 09:30:00-04:00,83.29000091552734,83.45040130615234,82.83000183105469,82.83000183105469,15011,0.0,0.0,0.0
2023-08-17 10:30:00-04:00,82.70999908447266,83.0,82.61000061035156,82.9397964477539,6712,0.0,0.0,0.0
2023-08-17 11:30:00-04:00,82.78630065917969,82.78630065917969,82.61009979248047,82.61009979248047,1812,0.0,0.0,0.0
2023-08-17 12:30:00-04:00,82.62000274658203,82.73999786376953,82.5,82.5,4090,0.0,0.0,0.0
2023-08-17 13:30:00-04:00,82.47000122070312,82.47000122070312,82.30999755859375,82.36000061035156,1978,0.0,0.0,0.0
2023-08-17 14:30:00-04:00,82.3301010131836,82.69000244140625,82.3301010131836,82.69000244140625,3765,0.0,0.0,0.0
2023-08-17 15:30:00-04:00,82.61000061035156,82.86990356445312,82.58899688720703,82.86990356445312,2421,0.0,0.0,0.0
2023-08-18 09:30:00-04:00,83.61000061035156,84.16000366210938,83.48590087890625,84.15070343017578,26414,0.0,0.0,0.0
2023-08-18 10:30:00-04:00,83.9800033569336,84.4000015258789,83.85009765625,84.18000030517578,16588,0.0,0.0,0.0
2023-08-18 11:30:00-04:00,84.02989959716797,84.0999984741211,84.0250015258789,84.0999984741211,2585,0.0,0.0,0.0
2023-08-18 12:30:00-04:00,84.0999984741211,84.28990173339844,83.9800033569336,83.9800033569336,7981,0.0,0.0,0.0
2023-08-18 13:30:00-04:00,84.04000091552734,84.21949768066406,84.02999877929688,84.05619812011719,2037,0.0,0.0,0.0
2023-08-18 14:30:00-04:00,84.10600280761719,84.19999694824219,84.05000305175781,84.0999984741211,13197,0.0,0.0,0.0
2023-08-18 15:30:00-04:00,84.16000366210938,84.27999877929688,84.16000366210938,84.23999786376953,5699,0.0,0.0,0.0
2023-08-21 09:30:00-04:00,84.02999877929688,84.05999755859375,83.54499816894531,83.69000244140625,12714,0.0,0.0,0.0
2023-08-21 10:30:00-04:00,83.72000122070312,83.91999816894531,83.56950378417969,83.56950378417969,3596,0.0,0.0,0.0
2023-08-21 11:30:00-04:00,83.73999786376953,83.87999725341797,83.73999786376953,83.87999725341797,833,0.0,0.0,0.0
2023-08-21 12:30:00-04:00,83.66000366210938,84.29000091552734,83.66000366210938,84.29000091552734,3261,0.0,0.0,0.0
2023-08-21 13:30:00-04:00,84.16000366210938,84.2300033569336,84.16000366210938,84.20999908447266,700,0.0,0.0,0.0
2023-08-21 14:30:00-04:00,84.22000122070312,84.37419891357422,84.17009735107422,84.37419891357422,2386,0.0,0.0,0.0
2023-08-21 15:30:00-04:00,84.29000091552734,84.30000305175781,84.01300048828125,84.16999816894531,5739,0.0,0.0,0.0
2023-08-22 09:30:00-04:00,85.11000061035156,85.23999786376953,84.472900390625,84.79000091552734,9749,0.0,0.0,0.0
2023-08-22 10:30:00-04:00,84.80999755859375,85.19999694824219,84.80999755859375,85.02899932861328,5544,0.0,0.0,0.0
2023-08-22 11:30:00-04:00,85.06800079345703,85.2251968383789,85.0,85.08999633789062,4231,0.0,0.0,0.0
2023-08-22 12:30:00-04:00,85.16570281982422,85.16570281982422,84.93000030517578,85.00199890136719,3348,0.0,0.0,0.0
2023-08-22 13:30:00-04:00,85.07569885253906,85.07569885253906,84.98999786376953,85.00440216064453,4891,0.0,0.0,0.0
2023-08-22 14:30:00-04:00,85.04000091552734,85.1500015258789,85.04000091552734,85.08000183105469,3367,0.0,0.0,0.0
2023-08-22 15:30:00-04:00,85.0999984741211,85.0999984741211,84.83000183105469,84.83000183105469,9009,0.0,0.0,0.0
2023-08-23 09:30:00-04:00,85.95999908447266,86.55000305175781,85.91999816894531,86.51000213623047,0,0.0,0.0,0.0
2023-08-23 10:30:00-04:00,86.48989868164062,86.53990173339844,86.12100219726562,86.12100219726562,40140,0.0,0.0,0.0
2023-08-23 11:30:00-04:00,86.1240005493164,86.25,86.05000305175781,86.06600189208984,4427,0.0,0.0,0.0
2023-08-23 12:30:00-04:00,86.0,86.16000366210938,85.9999008178711,86.125,9739,0.0,0.0,0.0
2023-08-23 13:30:00-04:00,86.1592025756836,86.16799926757812,85.9791030883789,86.08000183105469,5183,0.0,0.0,0.0
2023-08-23 14:30:00-04:00,86.0199966430664,86.05000305175781,85.92009735107422,86.0199966430664,4547,0.0,0.0,0.0
2023-08-23 15:30:00-04:00,86.01000213623047,86.0199966430664,85.9000015258789,85.95999908447266,6743,0.0,0.0,0.0
2023-08-24 09:30:00-04:00,86.33000183105469,86.9800033569336,86.04000091552734,86.77999877929688,25491,0.0,0.0,0.0
2023-08-24 10:30:00-04:00,86.66999816894531,86.91999816894531,86.44999694824219,86.53399658203125,7421,0.0,0.0,0.0
2023-08-24 11:30:00-04:00,86.48999786376953,86.69999694824219,86.48999786376953,86.58999633789062,3606,0.0,0.0,0.0
2023-08-24 12:30:00-04:00,86.45670318603516,86.63999938964844,86.45670318603516,86.63999938964844,2791,0.0,0.0,0.0
2023-08-24 13:30:00-04:00,86.66500091552734,86.66500091552734,86.56999969482422,86.63999938964844,1559,0.0,0.0,0.0
2023-08-24 14:30:00-04:00,86.63999938964844,86.6500015258789,86.5,86.5,2759,0.0,0.0,0.0
2023-08-24 15:30:00-04:00,86.5999984741211,86.5999984741211,86.41999816894531,86.47000122070312,8590,0.0,0.0,0.0
2023-08-25 09:30:00-04:00,87.16000366210938,87.5,86.62999725341797,86.69999694824219,18468,0.0,0.0,0.0
2023-08-25 10:30:00-04:00,86.66000366210938,86.66000366210938,86.05999755859375,86.47000122070312,8086,0.0,0.0,0.0
2023-08-25 11:30:00-04:00,86.69999694824219,86.9000015258789,86.61000061035156,86.8499984741211,2731,0.0,0.0,0.0
2023-08-25 12:30:00-04:00,86.94999694824219,87.17340087890625,86.77999877929688,86.98919677734375,8914,0.0,0.0,0.0
2023-08-25 13:30:00-04:00,87.1500015258789,87.58499908447266,87.1500015258789,87.53500366210938,5970,0.0,0.0,0.0
2023-08-25 14:30:00-04:00,87.54000091552734,87.54000091552734,87.30999755859375,87.45999908447266,7318,0.0,0.0,0.0
2023-08-25 15:30:00-04:00,87.44999694824219,87.44999694824219,87.12000274658203,87.1500015258789,6214,0.0,0.0,0.0
2023-08-28 09:30:00-04:00,87.9800033569336,89.0999984741211,87.94920349121094,88.935302734375,119999,0.0,0.0,0.0
2023-08-28 10:30:00-04:00,88.9749984741211,89.39990234375,88.8499984741211,89.27999877929688,36825,0.0,0.0,0.0
2023-08-28 11:30:00-04:00,89.31999969482422,89.44000244140625,89.0999984741211,89.25,20422,0.0,0.0,0.0
2023-08-28 12:30:00-04:00,89.20860290527344,89.37000274658203,88.91999816894531,89.08999633789062,8431,0.0,0.0,0.0
2023-08-28 13:30:00-04:00,89.08999633789062,89.20999908447266,89.03099822998047,89.20999908447266,6833,0.0,0.0,0.0
2023-08-28 14:30:00-04:00,89.22000122070312,89.37000274658203,89.22000122070312,89.30000305175781,6045,0.0,0.0,0.0
2023-08-28 15:30:00-04:00,89.2699966430664,89.43000030517578,89.2699966430664,89.4000015258789,15273,0.0,0.0,0.0
2023-08-29 09:30:00-04:00,89.7699966430664,90.66000366210938,89.5,90.66000366210938,34263,0.0,0.0,0.0
2023-08-29 10:30:00-04:00,90.6635971069336,90.6635971069336,90.01000213623047,90.6500015258789,25665,0.0,0.0,0.0
2023-08-29 11:30:00-04:00,90.51000213623047,90.58000183105469,90.1780014038086,90.41999816894531,7007,0.0,0.0,0.0
2023-08-29 12:30:00-04:00,90.30000305175781,90.54000091552734,90.25499725341797,90.40619659423828,19990,0.0,0.0,0.0
2023-08-29 13:30:00-04:00,90.5,90.52999877929688,90.36000061035156,90.45500183105469,3311,0.0,0.0,0.0
2023-08-29 14:30:00-04:00,90.44960021972656,90.54000091552734,90.43000030517578,90.45999908447266,5202,0.0,0.0,0.0
2023-08-29 15:30:00-04:00,90.5,90.52999877929688,90.41999816894531,90.44999694824219,4828,0.0,0.0,0.0
2023-08-30 09:30:00-04:00,89.97000122070312,90.25,89.63999938964844,89.71499633789062,15848,0.0,0.0,0.0
2023-08-30 10:30:00-04:00,89.91000366210938,90.13500213623047,89.85160064697266,90.13500213623047,6585,0.0,0.0,0.0
2023-08-30 11:30:00-04:00,90.13999938964844,90.13999938964844,89.91999816894531,90.08000183105469,11619,0.0,0.0,0.0
2023-08-30 12:30:00-04:00,90.11000061035156,90.3499984741211,90.11000061035156,90.3499984741211,2610,0.0,0.0,0.0
2023-08-30 13:30:00-04:00,90.33000183105469,90.3499984741211,90.18000030517578,90.18000030517578,4142,0.0,0.0,0.0
2023-08-30 14:30:00-04:00,90.18499755859375,90.2699966430664,90.08000183105469,90.19999694824219,5434,0.0,0.0,0.0
2023-08-30 15:30:00-04:00,90.20999908447266,90.23999786376953,90.13999938964844,90.20999908447266,6521,0.0,0.0,0.0
2023-08-31 09:30:00-04:00,90.19999694824219,90.43000030517578,89.95899963378906,90.05000305175781,13259,0.0,0.0,0.0
2023-08-31 10:30:00-04:00,90.0958023071289,90.20999908447266,89.41100311279297,89.60009765625,7568,0.0,0.0,0.0
2023-08-31 11:30:00-04:00,89.5,89.5,89.13009643554688,89.3499984741211,8996,0.0,0.0,0.0
2023-08-31 12:30:00-04:00,89.22000122070312,89.5,89.22000122070312,89.4800033569336,8923,0.0,0.0,0.0
2023-08-31 13:30:00-04:00,89.51000213623047,89.70999908447266,89.45999908447266,89.6520004272461,9304,0.0,0.0,0.0
2023-08-31 14:30:00-04:00,89.55000305175781,89.58000183105469,89.48999786376953,89.57469940185547,2056,0.0,0.0,0.0
2023-08-31 15:30:00-04:00,89.5468978881836,89.60710144042969,89.31999969482422,89.31999969482422,2366,0.0,0.0,0.0
2023-09-01 09:30:00-04:00,90.08999633789062,90.44000244140625,89.3550033569336,89.3550033569336,17207,0.0,0.0,0.0
2023-09-01 10:30:00-04:00,89.30000305175781,89.62999725341797,89.2300033569336,89.62999725341797,3196,0.0,0.0,0.0
2023-09-01 11:30:00-04:00,89.6155014038086,89.6155014038086,89.04000091552734,89.26000213623047,4318,0.0,0.0,0.0
2023-09-01 12:30:00-04:00,89.19000244140625,89.19000244140625,88.76000213623047,88.91999816894531,5617,0.0,0.0,0.0
2023-09-01 13:30:00-04:00,88.97000122070312,88.9800033569336,88.78009796142578,88.78009796142578,5628,0.0,0.0,0.0
2023-09-01 14:30:00-04:00,88.74500274658203,88.79499816894531,88.68009948730469,88.70999908447266,9674,0.0,0.0,0.0
2023-09-01 15:30:00-04:00,88.73999786376953,88.78959655761719,88.61000061035156,88.61000061035156,9541,0.0,0.0,0.0
2023-09-05 09:30:00-04:00,86.94000244140625,87.08999633789062,86.364501953125,86.41729736328125,23495,0.0,0.0,0.0
2023-09-05 10:30:00-04:00,86.4800033569336,86.81999969482422,86.27989959716797,86.27989959716797,14851,0.0,0.0,0.0
2023-09-05 11:30:00-04:00,86.19999694824219,86.19999694824219,85.83000183105469,85.95649719238281,7195,0.0,0.0,0.0
2023-09-05 12:30:00-04:00,86.00990295410156,86.00990295410156,85.61000061035156,85.98999786376953,6101,0.0,0.0,0.0
2023-09-05 13:30:00-04:00,85.94999694824219,85.98999786376953,85.81120300292969,85.9031982421875,57972,0.0,0.0,0.0
2023-09-05 14:30:00-04:00,85.9000015258789,85.9000015258789,85.75,85.79000091552734,15392,0.0,0.0,0.0
2023-09-05 15:30:00-04:00,85.7665023803711,85.79000091552734,85.61000061035156,85.61000061035156,4924,0.0,0.0,0.0
2023-09-06 09:30:00-04:00,84.29000091552734,84.79000091552734,83.9198989868164,84.0,64024,0.0,0.0,0.0
2023-09-06 10:30:00-04:00,83.91000366210938,84.08000183105469,83.66000366210938,84.08000183105469,27458,0.0,0.0,0.0
2023-09-06 11:30:00-04:00,84.02999877929688,84.30999755859375,84.0,84.18000030517578,7563,0.0,0.0,0.0
2023-09-06 12:30:00-04:00,84.19999694824219,84.4000015258789,84.11000061035156,84.36499786376953,8112,0.0,0.0,0.0
2023-09-06 13:30:00-04:00,84.23999786376953,84.47000122070312,84.19049835205078,84.28500366210938,1526,0.0,0.0,0.0
2023-09-06 14:30:00-04:00,84.22000122070312,84.31999969482422,84.19999694824219,84.31580352783203,4407,0.0,0.0,0.0
2023-09-06 15:30:00-04:00,84.31999969482422,84.4000015258789,84.19000244140625,84.32499694824219,3781,0.0,0.0,0.0
2023-09-07 09:30:00-04:00,83.61000061035156,83.67169952392578,83.4000015258789,83.44999694824219,22319,0.0,0.0,0.0
2023-09-07 10:30:00-04:00,83.68000030517578,84.00129699707031,83.68000030517578,83.75,7510,0.0,0.0,0.0
2023-09-07 11:30:00-04:00,83.80000305175781,83.97000122070312,83.69000244140625,83.9000015258789,11035,0.0,0.0,0.0
2023-09-07 12:30:00-04:00,83.8197021484375,83.97000122070312,83.63009643554688,83.80999755859375,3397,0.0,0.0,0.0
2023-09-07 13:30:00-04:00,83.8499984741211,83.93000030517578,83.66000366210938,83.8499984741211,2548,0.0,0.0,0.0
2023-09-07 14:30:00-04:00,83.86489868164062,83.91999816894531,83.86489868164062,83.88200378417969,942,0.0,0.0,0.0
2023-09-07 15:30:00-04:00,83.86000061035156,83.93000030517578,83.83000183105469,83.86000061035156,10897,0.0,0.0,0.0
2023-09-08 09:30:00-04:00,83.05000305175781,83.3499984741211,82.9000015258789,83.05940246582031,38927,0.0,0.0,0.0
2023-09-08 10:30:00-04:00,83.18370056152344,83.18370056152344,82.52999877929688,82.72550201416016,36406,0.0,0.0,0.0
2023-09-08 11:30:00-04:00,82.5999984741211,82.7083969116211,82.43000030517578,82.4800033569336,17873,0.0,0.0,0.0
2023-09-08 12:30:00-04:00,82.4800033569336,82.65679931640625,82.3499984741211,82.5542984008789,7538,0.0,0.0,0.0
2023-09-08 13:30:00-04:00,82.625,82.69999694824219,82.5199966430664,82.61000061035156,16740,0.0,0.0,0.0
2023-09-08 14:30:00-04:00,82.66999816894531,82.69000244140625,82.5,82.63999938964844,22101,0.0,0.0,0.0
2023-09-08 15:30:00-04:00,82.64399719238281,82.79000091552734,82.61000061035156,82.69999694824219,10520,0.0,0.0,0.0
2023-09-11 09:30:00-04:00,83.69999694824219,83.76349639892578,83.12999725341797,83.12999725341797,23295,0.0,0.0,0.0
2023-09-11 10:30:00-04:00,83.0999984741211,83.16089630126953,83.0,83.0,18765,0.0,0.0,0.0
2023-09-11 11:30:00-04:00,83.02999877929688,83.30000305175781,83.0,83.25,2015,0.0,0.0,0.0
2023-09-11 12:30:00-04:00,83.27999877929688,83.27999877929688,83.08999633789062,83.25,5844,0.0,0.0,0.0
2023-09-11 13:30:00-04:00,83.15989685058594,83.15989685058594,83.0,83.0000991821289,4260,0.0,0.0,0.0
2023-09-11 14:30:00-04:00,83.14769744873047,83.160400390625,83.0999984741211,83.12999725341797,3989,0.0,0.0,0.0
2023-09-11 15:30:00-04:00,83.20999908447266,83.4000015258789,83.06999969482422,83.1500015258789,5071,0.0,0.0,0.0
2023-09-12 09:30:00-04:00,83.33999633789062,84.25,83.33999633789062,84.25,29333,0.0,0.0,0.0
2023-09-12 10:30:00-04:00,84.3280029296875,84.32990264892578,84.05000305175781,84.0999984741211,7259,0.0,0.0,0.0
2023-09-12 11:30:00-04:00,84.0999984741211,84.243896484375,84.00250244140625,84.12999725341797,16637,0.0,0.0,0.0
2023-09-12 12:30:00-04:00,84.01000213623047,84.08000183105469,83.93000030517578,84.08000183105469,10727,0.0,0.0,0.0
2023-09-12 13:30:00-04:00,84.0999984741211,84.21690368652344,84.0707015991211,84.11009979248047,4695,0.0,0.0,0.0
2023-09-12 14:30:00-04:00,84.1500015258789,84.25,84.07489776611328,84.125,5551,0.0,0.0,0.0
2023-09-12 15:30:00-04:00,84.19000244140625,84.19000244140625,83.94999694824219,84.08000183105469,5774,0.0,0.0,0.0
2023-09-13 09:30:00-04:00,83.1500015258789,83.56999969482422,83.04499816894531,83.05999755859375,14154,0.0,0.0,0.0
2023-09-13 10:30:00-04:00,83.12000274658203,83.54000091552734,83.05000305175781,83.05000305175781,8035,0.0,0.0,0.0
2023-09-13 11:30:00-04:00,83.25,83.30000305175781,83.08999633789062,83.08999633789062,7326,0.0,0.0,0.0
2023-09-13 12:30:00-04:00,83.25,83.58370208740234,83.25,83.58370208740234,2040,0.0,0.0,0.0
2023-09-13 13:30:00-04:00,83.55999755859375,83.55999755859375,83.4000015258789,83.4000015258789,6063,0.0,0.0,0.0
2023-09-13 14:30:00-04:00,83.37889862060547,83.40190124511719,83.28450012207031,83.28450012207031,3487,0.0,0.0,0.0
2023-09-13 15:30:00-04:00,83.36799621582031,83.37000274658203,83.30999755859375,83.31999969482422,6312,0.0,0.0,0.0
2023-09-14 09:30:00-04:00,83.5199966430664,83.7699966430664,83.2437973022461,83.5999984741211,8681,0.0,0.0,0.0
2023-09-14 10:30:00-04:00,83.5999984741211,84.1500015258789,83.5999984741211,84.02999877929688,17989,0.0,0.0,0.0
2023-09-14 11:30:00-04:00,84.04000091552734,84.2300033569336,83.83999633789062,84.20999908447266,15531,0.0,0.0,0.0
2023-09-14 12:30:00-04:00,84.20999908447266,84.22000122070312,83.9540023803711,83.9540023803711,6707,0.0,0.0,0.0
2023-09-14 13:30:00-04:00,83.96309661865234,83.96309661865234,83.76789855957031,83.76789855957031,3567,0.0,0.0,0.0
2023-09-14 14:30:00-04:00,83.86000061035156,83.91999816894531,83.8499984741211,83.87000274658203,5018,0.0,0.0,0.0
2023-09-14 15:30:00-04:00,83.88410186767578,83.94000244140625,83.88410186767578,83.94000244140625,2656,0.0,0.0,0.0
2023-09-15 09:30:00-04:00,85.69999694824219,85.87999725341797,85.23999786376953,85.47000122070312,64272,0.0,0.0,0.0
2023-09-15 10:30:00-04:00,85.2699966430664,85.70999908447266,85.2699966430664,85.69999694824219,14503,0.0,0.0,0.0
2023-09-15 11:30:00-04:00,85.55729675292969,85.69999694824219,85.55729675292969,85.69999694824219,2412,0.0,0.0,0.0
2023-09-15 12:30:00-04:00,85.58999633789062,85.5999984741211,85.47940063476562,85.47940063476562,3298,0.0,0.0,0.0
2023-09-15 13:30:00-04:00,85.5000991821289,85.6708984375,85.41000366210938,85.55000305175781,11609,0.0,0.0,0.0
2023-09-15 14:30:00-04:00,85.5999984741211,85.83999633789062,85.58000183105469,85.73500061035156,5404,0.0,0.0,0.0
2023-09-15 15:30:00-04:00,85.74099731445312,85.78250122070312,85.55999755859375,85.55999755859375,8705,0.0,0.0,0.0
2023-09-18 09:30:00-04:00,86.5199966430664,86.5199966430664,85.56999969482422,85.94000244140625,21244,0.0,0.0,0.0
2023-09-18 10:30:00-04:00,85.9999008178711,86.19999694824219,85.9999008178711,86.18000030517578,3922,0.0,0.0,0.0
2023-09-18 11:30:00-04:00,86.16000366210938,86.2699966430664,86.0,86.16999816894531,1808,0.0,0.0,0.0
2023-09-18 12:30:00-04:00,86.1500015258789,86.29000091552734,86.1500015258789,86.25,1881,0.0,0.0,0.0
2023-09-18 13:30:00-04:00,86.25,86.25,86.19999694824219,86.19999694824219,960,0.0,0.0,0.0
2023-09-18 14:30:00-04:00,86.18990325927734,86.18990325927734,86.05000305175781,86.05000305175781,7643,0.0,0.0,0.0
2023-09-18 15:30:00-04:00,86.1500015258789,86.20610046386719,86.08999633789062,86.11000061035156,4845,0.0,0.0,0.0
2023-09-19 09:30:00-04:00,87.3499984741211,87.68000030517578,86.88999938964844,86.93000030517578,38085,0.0,0.0,0.0
2023-09-19 10:30:00-04:00,87.18000030517578,87.2300033569336,87.05999755859375,87.18000030517578,5059,0.0,0.0,0.0
2023-09-19 11:30:00-04:00,87.1449966430664,87.22000122070312,87.07499694824219,87.21990203857422,4593,0.0,0.0,0.0
2023-09-19 12:30:00-04:00,87.11080169677734,87.12079620361328,87.08999633789062,87.1050033569336,1929,0.0,0.0,0.0
2023-09-19 13:30:00-04:00,87.13500213623047,87.16020202636719,87.01000213623047,87.01000213623047,2587,0.0,0.0,0.0
2023-09-19 14:30:00-04:00,87.11000061035156,87.17749786376953,87.02010345458984,87.12999725341797,2118,0.0,0.0,0.0
2023-09-19 15:30:00-04:00,87.15229797363281,87.16290283203125,86.95999908447266,86.97000122070312,6833,0.0,0.0,0.0
2023-09-20 09:30:00-04:00,86.69999694824219,87.0999984741211,86.46600341796875,86.48999786376953,13121,0.0,0.0,0.0
2023-09-20 10:30:00-04:00,86.44000244140625,86.68000030517578,86.0,86.45999908447266,9740,0.0,0.0,0.0
2023-09-20 11:30:00-04:00,86.44999694824219,86.51339721679688,86.30000305175781,86.43460083007812,3339,0.0,0.0,0.0
2023-09-20 12:30:00-04:00,86.3905029296875,86.52999877929688,86.3905029296875,86.4749984741211,1157,0.0,0.0,0.0
2023-09-20 13:30:00-04:00,86.33999633789062,86.43000030517578,86.18499755859375,86.25,3789,0.0,0.0,0.0
2023-09-20 14:30:00-04:00,86.37000274658203,86.37000274658203,85.98999786376953,86.07929992675781,4047,0.0,0.0,0.0
2023-09-20 15:30:00-04:00,86.02999877929688,86.06999969482422,85.5822982788086,85.68000030517578,11014,0.0,0.0,0.0
2023-09-21 09:30:00-04:00,84.94999694824219,85.33000183105469,84.5999984741211,85.16000366210938,65870,0.0,0.0,0.0
2023-09-21 10:30:00-04:00,85.19000244140625,85.19999694824219,84.76000213623047,84.76000213623047,2534,0.0,0.0,0.0
2023-09-21 11:30:00-04:00,84.7699966430664,84.83999633789062,84.61250305175781,84.83999633789062,3465,0.0,0.0,0.0
2023-09-21 12:30:00-04:00,84.8550033569336,85.0199966430664,84.8550033569336,85.0199966430664,3792,0.0,0.0,0.0
2023-09-21 13:30:00-04:00,85.0999984741211,85.0999984741211,85.01000213623047,85.01000213623047,2318,0.0,0.0,0.0
2023-09-21 14:30:00-04:00,85.0,85.04000091552734,84.91799926757812,85.0270004272461,1819,0.0,0.0,0.0
2023-09-21 15:30:00-04:00,84.97000122070312,85.05449676513672,84.83000183105469,84.83000183105469,6346,0.0,0.0,0.0
2023-09-22 09:30:00-04:00,86.38999938964844,86.44999694824219,85.66999816894531,85.83999633789062,25056,0.0,0.0,0.0
2023-09-22 10:30:00-04:00,85.98999786376953,86.08999633789062,85.68000030517578,85.86000061035156,19953,0.0,0.0,0.0
2023-09-22 11:30:00-04:00,85.87000274658203,86.0,85.70999908447266,85.7300033569336,5236,0.0,0.0,0.0
2023-09-22 12:30:00-04:00,85.77999877929688,85.77999877929688,85.62000274658203,85.6500015258789,1421,0.0,0.0,0.0
2023-09-22 13:30:00-04:00,85.70999908447266,85.82929992675781,85.57009887695312,85.57009887695312,1524,0.0,0.0,0.0
2023-09-22 14:30:00-04:00,85.67500305175781,85.7699966430664,85.62010192871094,85.7699966430664,1381,0.0,0.0,0.0
2023-09-22 15:30:00-04:00,85.66000366210938,85.72000122070312,85.5,85.66500091552734,4004,0.0,0.0,0.0
2023-09-25 09:30:00-04:00,84.52999877929688,84.78959655761719,84.08200073242188,84.14009857177734,14092,0.0,0.0,0.0
2023-09-25 10:30:00-04:00,84.27999877929688,84.27999877929688,84.13999938964844,84.24500274658203,2855,0.0,0.0,0.0
2023-09-25 11:30:00-04:00,84.51499938964844,84.58999633789062,84.2699966430664,84.33000183105469,2786,0.0,0.0,0.0
2023-09-25 12:30:00-04:00,84.33170318603516,84.41999816894531,84.27999877929688,84.38999938964844,1050,0.0,0.0,0.0
2023-09-25 13:30:00-04:00,84.25,84.25650024414062,84.25,84.25650024414062,633,0.0,0.0,0.0
2023-09-25 14:30:00-04:00,84.26000213623047,84.26000213623047,84.19999694824219,84.20999908447266,1965,0.0,0.0,0.0
2023-09-25 15:30:00-04:00,84.19999694824219,84.5198974609375,84.06999969482422,84.16000366210938,4199,0.0,0.0,0.0
2023-09-26 09:30:00-04:00,83.23999786376953,83.5999984741211,83.06999969482422,83.55000305175781,25903,0.0,0.0,0.0
2023-09-26 10:30:00-04:00,83.7300033569336,83.92990112304688,83.58999633789062,83.58999633789062,3555,0.0,0.0,0.0
2023-09-26 11:30:00-04:00,83.5,83.66000366210938,83.44000244140625,83.5999984741211,3067,0.0,0.0,0.0
2023-09-26 12:30:00-04:00,83.6500015258789,83.65760040283203,83.47810363769531,83.47810363769531,1670,0.0,0.0,0.0
2023-09-26 13:30:00-04:00,83.4800033569336,83.48999786376953,83.4800033569336,83.4801025390625,1495,0.0,0.0,0.0
2023-09-26 14:30:00-04:00,83.51000213623047,83.59989929199219,83.44000244140625,83.4800033569336,2997,0.0,0.0,0.0
2023-09-26 15:30:00-04:00,83.41600036621094,83.51000213623047,83.4000015258789,83.41000366210938,4228,0.0,0.0,0.0
2023-09-27 09:30:00-04:00,83.0,83.13999938964844,82.7699966430664,82.86000061035156,40893,0.0,0.0,0.0
2023-09-27 10:30:00-04:00,82.78209686279297,82.80000305175781,82.31800079345703,82.55000305175781,27732,0.0,0.0,0.0
2023-09-27 11:30:00-04:00,82.56999969482422,82.56999969482422,82.12000274658203,82.12000274658203,24332,0.0,0.0,0.0
2023-09-27 12:30:00-04:00,82.11000061035156,82.2300033569336,81.80000305175781,81.87000274658203,23224,0.0,0.0,0.0
2023-09-27 13:30:00-04:00,81.7699966430664,81.80999755859375,81.5999984741211,81.77999877929688,53945,0.0,0.0,0.0
2023-09-27 14:30:00-04:00,81.79000091552734,82.17310333251953,81.76969909667969,82.17009735107422,12068,0.0,0.0,0.0
2023-09-27 15:30:00-04:00,82.20999908447266,82.2300033569336,82.0199966430664,82.0199966430664,3948,0.0,0.0,0.0
2023-09-28 09:30:00-04:00,82.55000305175781,83.51000213623047,82.55000305175781,83.43000030517578,54441,0.0,0.0,0.0
2023-09-28 10:30:00-04:00,83.4000015258789,83.5999984741211,82.86000061035156,83.13700103759766,9248,0.0,0.0,0.0
2023-09-28 11:30:00-04:00,83.26000213623047,83.69999694824219,83.26000213623047,83.5999984741211,12862,0.0,0.0,0.0
2023-09-28 12:30:00-04:00,83.69999694824219,83.75990295410156,83.4000015258789,83.5999984741211,14222,0.0,0.0,0.0
2023-09-28 13:30:00-04:00,83.53500366210938,83.77999877929688,83.5250015258789,83.77999877929688,3928,0.0,0.0,0.0
2023-09-28 14:30:00-04:00,83.80000305175781,83.87000274658203,83.69999694824219,83.85009765625,5205,0.0,0.0,0.0
2023-09-28 15:30:00-04:00,83.8499984741211,83.87999725341797,83.69000244140625,83.73999786376953,4238,0.0,0.0,0.0
2023-09-29 09:30:00-04:00,84.73999786376953,84.93800354003906,84.0999984741211,84.0999984741211,17923,0.0,0.0,0.0
2023-09-29 10:30:00-04:00,84.25,84.47000122070312,84.15760040283203,84.15760040283203,11971,0.0,0.0,0.0
2023-09-29 11:30:00-04:00,84.1686019897461,84.1686019897461,83.72160339355469,83.88009643554688,8580,0.0,0.0,0.0
2023-09-29 12:30:00-04:00,83.95500183105469,83.95500183105469,83.29000091552734,83.30000305175781,13114,0.0,0.0,0.0
2023-09-29 13:30:00-04:00,83.30000305175781,83.56999969482422,83.30000305175781,83.51499938964844,5779,0.0,0.0,0.0
2023-09-29 14:30:00-04:00,83.44000244140625,83.92500305175781,83.44000244140625,83.62999725341797,3299,0.0,0.0,0.0
2023-09-29 15:30:00-04:00,83.62999725341797,83.66000366210938,83.55999755859375,83.65499877929688,2352,0.0,0.0,0.0
2023-10-02 09:30:00-04:00,82.93000030517578,82.93000030517578,81.93000030517578,82.06999969482422,37663,0.0,0.0,0.0
2023-10-02 10:30:00-04:00,81.98590087890625,82.12999725341797,81.80010223388672,81.97360229492188,14273,0.0,0.0,0.0
2023-10-02 11:30:00-04:00,81.94499969482422,81.97000122070312,81.0999984741211,81.30999755859375,27811,0.0,0.0,0.0
2023-10-02 12:30:00-04:00,81.23999786376953,81.3427963256836,81.05000305175781,81.20999908447266,9052,0.0,0.0,0.0
2023-10-02 13:30:00-04:00,81.32990264892578,81.41999816894531,81.2699966430664,81.30000305175781,8123,0.0,0.0,0.0
2023-10-02 14:30:00-04:00,81.26200103759766,81.33000183105469,81.16999816894531,81.23999786376953,19793,0.0,0.0,0.0
2023-10-02 15:30:00-04:00,81.21479797363281,81.29000091552734,81.19999694824219,81.19999694824219,0,0.0,0.0,0.0
2023-10-03 09:30:00-04:00,80.98999786376953,81.35800170898438,80.3499984741211,80.48600006103516,52871,0.0,0.0,0.0
2023-10-03 10:30:00-04:00,80.88999938964844,81.05000305175781,80.46499633789062,80.5,11667,0.0,0.0,0.0
2023-10-03 11:30:00-04:00,80.55000305175781,80.86070251464844,80.5199966430664,80.86070251464844,3792,0.0,0.0,0.0
2023-10-03 12:30:00-04:00,80.7300033569336,80.79000091552734,80.58100128173828,80.58999633789062,4442,0.0,0.0,0.0
2023-10-03 13:30:00-04:00,80.56999969482422,80.66999816894531,80.38999938964844,80.4000015258789,7203,0.0,0.0,0.0
2023-10-03 14:30:00-04:00,80.54989624023438,80.54989624023438,80.4000015258789,80.48470306396484,10289,0.0,0.0,0.0
2023-10-03 15:30:00-04:00,80.41999816894531,80.5999984741211,80.37999725341797,80.51499938964844,0,0.0,0.0,0.0
2023-10-04 09:30:00-04:00,80.51000213623047,80.63999938964844,79.80000305175781,79.80000305175781,27647,0.0,0.0,0.0
2023-10-04 10:30:00-04:00,79.7300033569336,80.0,79.58999633789062,80.0,17206,0.0,0.0,0.0
2023-10-04 11:30:00-04:00,79.95999908447266,80.54989624023438,79.95970153808594,80.44000244140625,21775,0.0,0.0,0.0
2023-10-04 12:30:00-04:00,80.47000122070312,80.48999786376953,80.18000030517578,80.19999694824219,6979,0.0,0.0,0.0
2023-10-04 13:30:00-04:00,80.19000244140625,80.27999877929688,80.0,80.0,5004,0.0,0.0,0.0
2023-10-04 14:30:00-04:00,80.0,80.22000122070312,80.0,80.10430145263672,14044,0.0,0.0,0.0
2023-10-04 15:30:00-04:00,80.0999984741211,80.3499984741211,80.0199966430664,80.1500015258789,6698,0.0,0.0,0.0
2023-10-05 09:30:00-04:00,79.97000122070312,80.04000091552734,79.66999816894531,79.66999816894531,38924,0.0,0.0,0.0
2023-10-05 10:30:00-04:00,79.70999908447266,79.70999908447266,79.22000122070312,79.25,35265,0.0,0.0,0.0
2023-10-05 11:30:00-04:00,79.29889678955078,79.35990142822266,79.12000274658203,79.20500183105469,9331,0.0,0.0,0.0
2023-10-05 12:30:00-04:00,79.30000305175781,79.30000305175781,79.0999984741211,79.16999816894531,4387,0.0,0.0,0.0
2023-10-05 13:30:00-04:00,79.29000091552734,79.64990234375,79.29000091552734,79.57710266113281,5666,0.0,0.0,0.0
2023-10-05 14:30:00-04:00,79.55000305175781,79.69599914550781,79.41999816894531,79.5,14233,0.0,0.0,0.0
2023-10-05 15:30:00-04:00,79.51000213623047,79.6500015258789,79.5,79.62999725341797,0,0.0,0.0,0.0
2023-10-06 09:30:00-04:00,79.5999984741211,80.0,79.16000366210938,80.0,35666,0.0,0.0,0.0
2023-10-06 10:30:00-04:00,79.84750366210938,81.06500244140625,79.84750366210938,81.06500244140625,26495,0.0,0.0,0.0
2023-10-06 11:30:00-04:00,80.9800033569336,81.4397964477539,80.89029693603516,81.04000091552734,13822,0.0,0.0,0.0
2023-10-06 12:30:00-04:00,81.0999984741211,81.11900329589844,80.8499984741211,81.11900329589844,4121,0.0,0.0,0.0
2023-10-06 13:30:00-04:00,81.09539794921875,81.20999908447266,81.0,81.20999908447266,2794,0.0,0.0,0.0
2023-10-06 14:30:00-04:00,81.26000213623047,81.26000213623047,81.05000305175781,81.0999984741211,6084,0.0,0.0,0.0
2023-10-06 15:30:00-04:00,81.0999984741211,81.152099609375,80.88999938964844,81.12999725341797,3256,0.0,0.0,0.0
2023-10-09 09:30:00-04:00,80.8499984741211,81.5999984741211,80.81999969482422,81.5199966430664,21480,0.0,0.0,0.0
2023-10-09 10:30:00-04:00,81.51000213623047,81.58000183105469,81.26000213623047,81.54000091552734,5979,0.0,0.0,0.0
2023-10-09 11:30:00-04:00,81.48159790039062,81.6500015258789,81.43000030517578,81.43000030517578,3902,0.0,0.0,0.0
2023-10-09 12:30:00-04:00,81.51499938964844,81.76000213623047,81.48999786376953,81.76000213623047,6594,0.0,0.0,0.0
2023-10-09 13:30:00-04:00,81.85900115966797,82.04000091552734,81.8301010131836,82.04000091552734,5714,0.0,0.0,0.0
2023-10-09 14:30:00-04:00,81.91000366210938,82.14990234375,81.91000366210938,82.06999969482422,1047,0.0,0.0,0.0
2023-10-09 15:30:00-04:00,82.05999755859375,82.09919738769531,82.04499816894531,82.08999633789062,4031,0.0,0.0,0.0
2023-10-10 09:30:00-04:00,81.5999984741211,82.13999938964844,81.5999984741211,81.93000030517578,6181,0.0,0.0,0.0
2023-10-10 10:30:00-04:00,81.94999694824219,82.0199966430664,81.51000213623047,81.72850036621094,11481,0.0,0.0,0.0
2023-10-10 11:30:00-04:00,81.67500305175781,81.88990020751953,81.53009796142578,81.71739959716797,4821,0.0,0.0,0.0
2023-10-10 12:30:00-04:00,81.70999908447266,81.70999908447266,81.5,81.61000061035156,3992,0.0,0.0,0.0
2023-10-10 13:30:00-04:00,81.54000091552734,81.54000091552734,81.36000061035156,81.38079833984375,4114,0.0,0.0,0.0
2023-10-10 14:30:00-04:00,81.55000305175781,81.55000305175781,81.31009674072266,81.31009674072266,1119,0.0,0.0,0.0
2023-10-10 15:30:00-04:00,81.5,81.5999984741211,81.46759796142578,81.5999984741211,2568,0.0,0.0,0.0
2023-10-11 09:30:00-04:00,81.31999969482422,81.67530059814453,81.14700317382812,81.46499633789062,13726,0.0,0.0,0.0
2023-10-11 10:30:00-04:00,81.5780029296875,81.70999908447266,81.3301010131836,81.70999908447266,7373,0.0,0.0,0.0
2023-10-11 11:30:00-04:00,81.72000122070312,81.79989624023438,81.69999694824219,81.73999786376953,3665,0.0,0.0,0.0
2023-10-11 12:30:00-04:00,81.87999725341797,81.9000015258789,81.70999908447266,81.70999908447266,2950,0.0,0.0,0.0
2023-10-11 13:30:00-04:00,81.72000122070312,81.82990264892578,81.62999725341797,81.80999755859375,8208,0.0,0.0,0.0
2023-10-11 14:30:00-04:00,81.76000213623047,82.08999633789062,81.76000213623047,81.97000122070312,6564,0.0,0.0,0.0
2023-10-11 15:30:00-04:00,81.94999694824219,82.0999984741211,81.91000366210938,81.91999816894531,0,0.0,0.0,0.0
2023-10-12 09:30:00-04:00,81.30999755859375,81.30999755859375,80.5,80.52999877929688,19064,0.0,0.0,0.0
2023-10-12 10:30:00-04:00,80.44999694824219,80.56999969482422,80.37000274658203,80.37000274658203,6252,0.0,0.0,0.0
2023-10-12 11:30:00-04:00,80.21219635009766,80.41000366210938,80.21219635009766,80.4000015258789,17026,0.0,0.0,0.0
2023-10-12 12:30:00-04:00,80.38999938964844,80.41500091552734,80.2500991821289,80.2500991821289,2304,0.0,0.0,0.0
2023-10-12 13:30:00-04:00,80.25,80.25,80.08000183105469,80.12999725341797,5924,0.0,0.0,0.0
2023-10-12 14:30:00-04:00,80.19879913330078,80.2051010131836,80.11000061035156,80.12000274658203,4372,0.0,0.0,0.0
2023-10-12 15:30:00-04:00,80.17500305175781,80.22560119628906,80.0999984741211,80.0999984741211,2974,0.0,0.0,0.0
2023-10-13 09:30:00-04:00,81.0,81.34700012207031,80.73999786376953,80.73999786376953,17782,0.0,0.0,0.0
2023-10-13 10:30:00-04:00,80.61499786376953,81.07990264892578,80.61499786376953,80.87000274658203,5652,0.0,0.0,0.0
2023-10-13 11:30:00-04:00,80.94989776611328,81.34269714355469,80.86499786376953,81.25,5252,0.0,0.0,0.0
2023-10-13 12:30:00-04:00,81.1051025390625,81.26000213623047,81.0,81.25,3713,0.0,0.0,0.0
2023-10-13 13:30:00-04:00,81.26000213623047,81.39990234375,81.16999816894531,81.39340209960938,9676,0.0,0.0,0.0
2023-10-13 14:30:00-04:00,81.38999938964844,81.38999938964844,81.31199645996094,81.32990264892578,1496,0.0,0.0,0.0
2023-10-13 15:30:00-04:00,81.29000091552734,81.48999786376953,81.28399658203125,81.48999786376953,7506,0.0,0.0,0.0
2023-10-16 09:30:00-04:00,81.62999725341797,82.02999877929688,81.5,82.02999877929688,27066,0.0,0.0,0.0
2023-10-16 10:30:00-04:00,82.0999984741211,82.19999694824219,81.78009796142578,82.19999694824219,9756,0.0,0.0,0.0
2023-10-16 11:30:00-04:00,82.19000244140625,82.25,82.08999633789062,82.2499008178711,5300,0.0,0.0,0.0
2023-10-16 12:30:00-04:00,82.08999633789062,82.4000015258789,82.08999633789062,82.35189819335938,5182,0.0,0.0,0.0
2023-10-16 13:30:00-04:00,82.25599670410156,82.45390319824219,82.25599670410156,82.35009765625,4974,0.0,0.0,0.0
2023-10-16 14:30:00-04:00,82.41999816894531,82.41999816894531,82.30999755859375,82.41999816894531,1508,0.0,0.0,0.0
2023-10-16 15:30:00-04:00,82.44999694824219,82.44999694824219,82.33350372314453,82.40499877929688,5394,0.0,0.0,0.0
2023-10-17 09:30:00-04:00,82.4800033569336,83.25399780273438,82.43000030517578,82.86219787597656,17972,0.0,0.0,0.0
2023-10-17 10:30:00-04:00,82.8219985961914,82.98999786376953,82.78990173339844,82.98370361328125,4578,0.0,0.0,0.0
2023-10-17 11:30:00-04:00,82.8042984008789,82.9999008178711,82.8042984008789,82.89119720458984,10075,0.0,0.0,0.0
2023-10-17 12:30:00-04:00,82.95010375976562,82.95999908447266,82.77999877929688,82.89219665527344,4087,0.0,0.0,0.0
2023-10-17 13:30:00-04:00,82.87010192871094,82.87010192871094,82.70999908447266,82.70999908447266,3610,0.0,0.0,0.0
2023-10-17 14:30:00-04:00,82.75,82.87999725341797,82.70359802246094,82.87999725341797,3030,0.0,0.0,0.0
2023-10-17 15:30:00-04:00,82.96330261230469,82.96330261230469,82.85079956054688,82.85079956054688,0,0.0,0.0,0.0
2023-10-18 09:30:00-04:00,82.58000183105469,82.80000305175781,81.75,81.78800201416016,24087,0.0,0.0,0.0
2023-10-18 10:30:00-04:00,81.62000274658203,81.62000274658203,81.18499755859375,81.33999633789062,17566,0.0,0.0,0.0
2023-10-18 11:30:00-04:00,81.30000305175781,81.79450225830078,81.27999877929688,81.79450225830078,8822,0.0,0.0,0.0
2023-10-18 12:30:00-04:00,81.69999694824219,82.01000213623047,81.69999694824219,81.98480224609375,3900,0.0,0.0,0.0
2023-10-18 13:30:00-04:00,81.96009826660156,81.9800033569336,81.83000183105469,81.85009765625,2679,0.0,0.0,0.0
2023-10-18 14:30:00-04:00,81.86000061035156,81.91999816894531,81.62300109863281,81.75,2660,0.0,0.0,0.0
2023-10-18 15:30:00-04:00,81.81300354003906,81.83999633789062,81.7300033569336,81.7300033569336,2733,0.0,0.0,0.0
2023-10-19 09:30:00-04:00,82.0,82.28019714355469,81.75270080566406,82.0,8564,0.0,0.0,0.0
2023-10-19 10:30:00-04:00,82.08999633789062,82.30999755859375,82.08999633789062,82.29000091552734,6373,0.0,0.0,0.0
2023-10-19 11:30:00-04:00,82.2300033569336,82.29989624023438,82.13500213623047,82.13500213623047,4949,0.0,0.0,0.0
2023-10-19 12:30:00-04:00,81.80000305175781,82.4749984741211,81.6500015258789,82.41999816894531,0,0.0,0.0,0.0
2023-10-19 13:30:00-04:00,82.57530212402344,82.57530212402344,82.2573013305664,82.29000091552734,44928,0.0,0.0,0.0
2023-10-19 14:30:00-04:00,82.2300033569336,82.2699966430664,82.0999984741211,82.20999908447266,4178,0.0,0.0,0.0
2023-10-19 15:30:00-04:00,82.29000091552734,82.30999755859375,82.10099792480469,82.21320343017578,0,0.0,0.0,0.0
2023-10-20 09:30:00-04:00,82.70999908447266,83.3718032836914,82.62000274658203,83.05000305175781,17441,0.0,0.0,0.0
2023-10-20 10:30:00-04:00,83.1500015258789,83.59989929199219,83.05999755859375,83.30999755859375,14684,0.0,0.0,0.0
2023-10-20 11:30:00-04:00,83.05000305175781,83.19999694824219,82.88050079345703,83.0,6763,0.0,0.0,0.0
2023-10-20 12:30:00-04:00,83.17340087890625,83.17340087890625,82.73529815673828,82.9800033569336,2857,0.0,0.0,0.0
2023-10-20 13:30:00-04:00,82.94999694824219,83.09960174560547,82.72000122070312,82.83940124511719,6471,0.0,0.0,0.0
2023-10-20 14:30:00-04:00,82.68009948730469,82.80110168457031,82.62000274658203,82.73999786376953,6007,0.0,0.0,0.0
2023-10-20 15:30:00-04:00,82.73999786376953,82.81500244140625,82.5199966430664,82.58999633789062,7561,0.0,0.0,0.0
2023-10-23 09:30:00-04:00,82.62999725341797,82.94000244140625,82.0,82.86000061035156,28753,0.0,0.0,0.0
2023-10-23 10:30:00-04:00,82.8499984741211,83.05000305175781,82.81999969482422,82.97000122070312,18484,0.0,0.0,0.0
2023-10-23 11:30:00-04:00,82.94000244140625,82.94000244140625,82.81999969482422,82.81999969482422,1664,0.0,0.0,0.0
2023-10-23 12:30:00-04:00,82.91609954833984,82.93489837646484,82.91609954833984,82.93489837646484,680,0.0,0.0,0.0
2023-10-23 13:30:00-04:00,82.83999633789062,83.0,82.79000091552734,82.86940002441406,6060,0.0,0.0,0.0
2023-10-23 14:30:00-04:00,82.80549621582031,83.04000091552734,82.80500030517578,82.83999633789062,4914,0.0,0.0,0.0
2023-10-23 15:30:00-04:00,82.61000061035156,82.86000061035156,82.58999633789062,82.8499984741211,6331,0.0,0.0,0.0
2023-10-24 09:30:00-04:00,81.62000274658203,81.84359741210938,81.43090057373047,81.75,15415,0.0,0.0,0.0
2023-10-24 10:30:00-04:00,81.83159637451172,82.03929901123047,81.66500091552734,81.66500091552734,4163,0.0,0.0,0.0
2023-10-24 11:30:00-04:00,81.67500305175781,81.79000091552734,81.67500305175781,81.73999786376953,1399,0.0,0.0,0.0
2023-10-24 12:30:00-04:00,81.73999786376953,81.927001953125,81.71060180664062,81.927001953125,1490,0.0,0.0,0.0
2023-10-24 13:30:00-04:00,81.9000015258789,82.08000183105469,81.9000015258789,81.97000122070312,981,0.0,0.0,0.0
2023-10-24 14:30:00-04:00,82.04000091552734,82.04000091552734,81.9000015258789,81.97000122070312,2042,0.0,0.0,0.0
2023-10-24 15:30:00-04:00,81.96649932861328,82.19000244140625,81.88999938964844,82.19000244140625,4236,0.0,0.0,0.0
2023-10-25 09:30:00-04:00,82.55999755859375,83.01000213623047,82.54000091552734,82.87000274658203,19822,0.0,0.0,0.0
2023-10-25 10:30:00-04:00,83.0,83.5999984741211,82.88999938964844,83.43000030517578,11411,0.0,0.0,0.0
2023-10-25 11:30:00-04:00,83.51000213623047,83.77200317382812,83.51000213623047,83.69000244140625,7906,0.0,0.0,0.0
2023-10-25 12:30:00-04:00,83.6500015258789,83.67990112304688,83.30999755859375,83.5199966430664,6714,0.0,0.0,0.0
2023-10-25 13:30:00-04:00,83.52040100097656,83.58999633789062,83.5199966430664,83.58999633789062,3179,0.0,0.0,0.0
2023-10-25 14:30:00-04:00,83.5999984741211,83.75,83.35009765625,83.6050033569336,68567,0.0,0.0,0.0
2023-10-25 15:30:00-04:00,83.7406005859375,83.7406005859375,83.5199966430664,83.5999984741211,4332,0.0,0.0,0.0
2023-10-26 09:30:00-04:00,83.9000015258789,83.94000244140625,82.52999877929688,82.66500091552734,16488,0.0,0.0,0.0
2023-10-26 10:30:00-04:00,82.76000213623047,83.30110168457031,82.69000244140625,83.1500015258789,7429,0.0,0.0,0.0
2023-10-26 11:30:00-04:00,83.08999633789062,83.27999877929688,83.06999969482422,83.25,3868,0.0,0.0,0.0
2023-10-26 12:30:00-04:00,83.1395034790039,83.48999786376953,83.1395034790039,83.28849792480469,1984,0.0,0.0,0.0
2023-10-26 13:30:00-04:00,83.2885971069336,83.51000213623047,83.2385025024414,83.51000213623047,2962,0.0,0.0,0.0
2023-10-26 14:30:00-04:00,83.5250015258789,83.61000061035156,83.5250015258789,83.54000091552734,1181,0.0,0.0,0.0
2023-10-26 15:30:00-04:00,83.37100219726562,83.54000091552734,83.37100219726562,83.54000091552734,0,0.0,0.0,0.0
2023-10-27 09:30:00-04:00,84.25,84.25,83.49410247802734,83.68170166015625,10172,0.0,0.0,0.0
2023-10-27 10:30:00-04:00,83.93499755859375,83.93499755859375,83.30999755859375,83.30999755859375,6543,0.0,0.0,0.0
2023-10-27 11:30:00-04:00,83.38999938964844,83.45999908447266,82.94999694824219,83.06590270996094,9232,0.0,0.0,0.0
2023-10-27 12:30:00-04:00,83.06999969482422,83.13999938964844,82.82050323486328,83.08999633789062,1499,0.0,0.0,0.0
2023-10-27 13:30:00-04:00,83.12000274658203,83.41000366210938,83.11009979248047,83.41000366210938,5297,0.0,0.0,0.0
2023-10-27 14:30:00-04:00,83.30000305175781,83.4000015258789,83.19000244140625,83.21499633789062,4274,0.0,0.0,0.0
2023-10-27 15:30:00-04:00,83.14399719238281,83.41000366210938,83.12999725341797,83.3499984741211,8167,0.0,0.0,0.0
2023-10-30 09:30:00-04:00,85.5,85.69000244140625,85.25,85.29000091552734,57515,0.0,0.0,0.0
2023-10-30 10:30:00-04:00,85.02999877929688,85.30000305175781,84.47000122070312,85.27749633789062,7220,0.0,0.0,0.0
2023-10-30 11:30:00-04:00,85.30000305175781,85.8499984741211,85.26000213623047,85.83000183105469,10096,0.0,0.0,0.0
2023-10-30 12:30:00-04:00,85.80000305175781,85.94999694824219,85.75,85.88999938964844,9358,0.0,0.0,0.0
2023-10-30 13:30:00-04:00,85.94000244140625,86.12000274658203,85.87999725341797,85.98999786376953,23221,0.0,0.0,0.0
2023-10-30 14:30:00-04:00,86.05999755859375,86.125,85.97000122070312,85.97000122070312,7002,0.0,0.0,0.0
2023-10-30 15:30:00-04:00,86.0,86.12000274658203,85.97000122070312,85.9800033569336,11607,0.0,0.0,0.0
2023-10-31 09:30:00-04:00,86.16999816894531,86.98999786376953,86.16999816894531,86.66000366210938,32445,0.0,0.0,0.0
2023-10-31 10:30:00-04:00,86.77010345458984,86.87999725341797,86.35240173339844,86.72000122070312,18334,0.0,0.0,0.0
2023-10-31 11:30:00-04:00,86.75070190429688,86.83000183105469,86.18000030517578,86.22000122070312,7728,0.0,0.0,0.0
2023-10-31 12:30:00-04:00,86.18000030517578,86.30989837646484,86.0999984741211,86.0999984741211,7225,0.0,0.0,0.0
2023-10-31 13:30:00-04:00,86.21990203857422,86.2300033569336,85.86009979248047,85.90499877929688,11010,0.0,0.0,0.0
2023-10-31 14:30:00-04:00,85.86000061035156,86.05999755859375,85.86000061035156,85.91000366210938,10898,0.0,0.0,0.0
2023-10-31 15:30:00-04:00,86.05000305175781,86.19989776611328,86.00039672851562,86.04000091552734,0,0.0,0.0,0.0
2023-11-01 09:30:00-04:00,85.2699966430664,85.56999969482422,85.0999984741211,85.5,7685,0.0,0.0,0.0
2023-11-01 10:30:00-04:00,85.6500015258789,85.79000091552734,85.07779693603516,85.20500183105469,2813,0.0,0.0,0.0
2023-11-01 11:30:00-04:00,85.24629974365234,85.26499938964844,85.0,85.08000183105469,4994,0.0,0.0,0.0
2023-11-01 12:30:00-04:00,85.0250015258789,85.08499908447266,84.9800033569336,85.08499908447266,2099,0.0,0.0,0.0
2023-11-01 13:30:00-04:00,85.05010223388672,85.1500015258789,84.98999786376953,85.05000305175781,5263,0.0,0.0,0.0
2023-11-01 14:30:00-04:00,85.24500274658203,85.38860321044922,84.8499984741211,85.37000274658203,2998,0.0,0.0,0.0
2023-11-01 15:30:00-04:00,85.37000274658203,85.37000274658203,85.0999984741211,85.0999984741211,0,0.0,0.0,0.0
2023-11-02 09:30:00-04:00,84.98999786376953,85.19170379638672,84.69999694824219,84.75,12943,0.0,0.0,0.0
2023-11-02 10:30:00-04:00,84.91829681396484,85.17500305175781,84.91829681396484,85.06990051269531,4208,0.0,0.0,0.0
2023-11-02 11:30:00-04:00,84.69999694824219,84.88999938964844,84.62999725341797,84.73819732666016,1590,0.0,0.0,0.0
2023-11-02 12:30:00-04:00,84.7562026977539,85.17500305175781,84.69999694824219,85.0833969116211,3545,0.0,0.0,0.0
2023-11-02 13:30:00-04:00,85.16000366210938,85.19000244140625,85.04000091552734,85.04000091552734,2024,0.0,0.0,0.0
2023-11-02 14:30:00-04:00,85.22000122070312,85.22000122070312,85.04000091552734,85.14990234375,4882,0.0,0.0,0.0
2023-11-02 15:30:00-04:00,84.91919708251953,85.0999984741211,84.85009765625,85.0999984741211,3032,0.0,0.0,0.0
2023-11-03 09:30:00-04:00,85.54000091552734,86.29000091552734,85.54000091552734,85.56999969482422,10401,0.0,0.0,0.0
2023-11-03 10:30:00-04:00,85.58999633789062,85.80000305175781,85.5,85.7499008178711,6882,0.0,0.0,0.0
2023-11-03 11:30:00-04:00,85.77050018310547,85.9280014038086,85.6500015258789,85.92500305175781,4780,0.0,0.0,0.0
2023-11-03 12:30:00-04:00,85.81999969482422,86.31680297851562,85.81999969482422,86.08999633789062,4915,0.0,0.0,0.0
2023-11-03 13:30:00-04:00,86.22129821777344,86.27989959716797,86.0199966430664,86.06999969482422,10463,0.0,0.0,0.0
2023-11-03 14:30:00-04:00,86.16999816894531,86.30000305175781,85.99500274658203,86.30000305175781,7563,0.0,0.0,0.0
2023-11-03 15:30:00-04:00,86.10780334472656,86.16999816894531,85.90070343017578,85.90070343017578,2205,0.0,0.0,0.0
2023-11-06 09:30:00-05:00,85.19000244140625,85.24210357666016,84.65010070800781,84.66000366210938,19241,0.0,0.0,0.0
2023-11-06 10:30:00-05:00,84.70999908447266,84.96990203857422,84.5999984741211,84.66000366210938,11295,0.0,0.0,0.0
2023-11-06 11:30:00-05:00,84.66000366210938,84.66000366210938,84.08370208740234,84.27490234375,16462,0.0,0.0,0.0
2023-11-06 12:30:00-05:00,84.1500015258789,84.2699966430664,83.81109619140625,83.88999938964844,8981,0.0,0.0,0.0
2023-11-06 13:30:00-05:00,83.82759857177734,83.94000244140625,83.80000305175781,83.87999725341797,13156,0.0,0.0,0.0
2023-11-06 14:30:00-05:00,83.97000122070312,83.98999786376953,83.8949966430664,83.9800033569336,3693,0.0,0.0,0.0
2023-11-06 15:30:00-05:00,83.91999816894531,84.06999969482422,83.68000030517578,83.69999694824219,5621,0.0,0.0,0.0
2023-11-07 09:30:00-05:00,82.98999786376953,82.98999786376953,82.69000244140625,82.69000244140625,22198,0.0,0.0,0.0
2023-11-07 10:30:00-05:00,82.69999694824219,82.91999816894531,82.5000991821289,82.8499984741211,7768,0.0,0.0,0.0
2023-11-07 11:30:00-05:00,82.71199798583984,82.71199798583984,82.41000366210938,82.41179656982422,14136,0.0,0.0,0.0
2023-11-07 12:30:00-05:00,82.44000244140625,82.47000122070312,82.30000305175781,82.35269927978516,4384,0.0,0.0,0.0
2023-11-07 13:30:00-05:00,82.4000015258789,82.55999755859375,82.35009765625,82.43000030517578,5978,0.0,0.0,0.0
2023-11-07 14:30:00-05:00,82.44429779052734,82.49400329589844,82.31999969482422,82.43840026855469,4301,0.0,0.0,0.0
2023-11-07 15:30:00-05:00,82.46990203857422,82.46990203857422,82.4000015258789,82.41999816894531,4701,0.0,0.0,0.0
2023-11-08 09:30:00-05:00,80.87999725341797,81.13999938964844,80.19000244140625,80.37999725341797,88711,0.0,0.0,0.0
2023-11-08 10:30:00-05:00,80.53060150146484,80.53060150146484,80.15010070800781,80.4000015258789,14838,0.0,0.0,0.0
2023-11-08 11:30:00-05:00,80.55500030517578,80.80000305175781,80.41000366210938,80.44999694824219,16629,0.0,0.0,0.0
2023-11-08 12:30:00-05:00,80.41000366210938,80.41000366210938,80.19999694824219,80.27999877929688,17563,0.0,0.0,0.0
2023-11-08 13:30:00-05:00,80.24400329589844,80.38800048828125,80.22000122070312,80.22000122070312,12604,0.0,0.0,0.0
2023-11-08 14:30:00-05:00,80.22000122070312,80.28500366210938,80.1500015258789,80.25,11603,0.0,0.0,0.0
2023-11-08 15:30:00-05:00,80.23999786376953,80.29000091552734,80.19999694824219,80.29000091552734,11569,0.0,0.0,0.0
2023-11-09 09:30:00-05:00,80.08000183105469,80.45999908447266,80.01000213623047,80.32990264892578,25737,0.0,0.0,0.0
2023-11-09 10:30:00-05:00,80.30999755859375,80.45570373535156,79.9000015258789,79.9000015258789,21660,0.0,0.0,0.0
2023-11-09 11:30:00-05:00,79.9000015258789,79.97000122070312,79.65809631347656,79.72989654541016,14100,0.0,0.0,0.0
2023-11-09 12:30:00-05:00,79.72000122070312,79.72000122070312,79.4000015258789,79.69170379638672,38607,0.0,0.0,0.0
2023-11-09 13:30:00-05:00,79.63999938964844,79.63999938964844,79.36000061035156,79.4198989868164,19102,0.0,0.0,0.0
2023-11-09 14:30:00-05:00,79.42500305175781,79.57879638671875,79.19999694824219,79.4000015258789,11066,0.0,0.0,0.0
2023-11-09 15:30:00-05:00,79.51000213623047,79.51000213623047,79.38999938964844,79.4000015258789,9867,0.0,0.0,0.0
2023-11-10 09:30:00-05:00,78.5999984741211,78.5999984741211,77.94999694824219,78.02989959716797,68943,0.0,0.0,0.0
2023-11-10 10:30:00-05:00,78.0,78.10990142822266,77.80000305175781,77.88999938964844,15754,0.0,0.0,0.0
2023-11-10 11:30:00-05:00,77.83989715576172,77.95890045166016,77.68000030517578,77.68000030517578,14456,0.0,0.0,0.0
2023-11-10 12:30:00-05:00,77.68000030517578,77.9583969116211,77.68000030517578,77.88999938964844,15457,0.0,0.0,0.0
2023-11-10 13:30:00-05:00,77.86000061035156,77.92949676513672,77.83000183105469,77.8499984741211,8013,0.0,0.0,0.0
2023-11-10 14:30:00-05:00,77.83000183105469,78.0,77.79000091552734,77.97000122070312,41769,0.0,0.0,0.0
2023-11-10 15:30:00-05:00,77.9800033569336,78.0165023803711,77.97000122070312,78.01000213623047,12485,0.0,0.0,0.0
2023-11-13 09:30:00-05:00,78.41000366210938,78.93830108642578,78.33000183105469,78.6500015258789,31212,0.0,0.0,0.0
2023-11-13 10:30:00-05:00,78.51000213623047,78.89140319824219,78.37999725341797,78.89009857177734,10826,0.0,0.0,0.0
2023-11-13 11:30:00-05:00,78.94000244140625,79.69000244140625,78.91999816894531,79.58000183105469,11525,0.0,0.0,0.0
2023-11-13 12:30:00-05:00,79.58000183105469,79.70999908447266,79.29720306396484,79.70999908447266,4188,0.0,0.0,0.0
2023-11-13 13:30:00-05:00,79.63999938964844,79.94989776611328,79.63700103759766,79.88469696044922,7555,0.0,0.0,0.0
2023-11-13 14:30:00-05:00,79.9000015258789,79.92939758300781,79.8499984741211,79.92939758300781,1734,0.0,0.0,0.0
2023-11-13 15:30:00-05:00,79.82749938964844,80.0199966430664,79.81790161132812,79.94999694824219,14320,0.0,0.0,0.0
2023-11-14 09:30:00-05:00,81.11000061035156,82.00900268554688,81.0801010131836,82.00900268554688,42711,0.0,0.0,0.0
2023-11-14 10:30:00-05:00,82.05000305175781,82.12000274658203,81.56999969482422,81.94999694824219,25074,0.0,0.0,0.0
2023-11-14 11:30:00-05:00,82.02999877929688,82.12000274658203,81.80000305175781,81.92500305175781,14842,0.0,0.0,0.0
2023-11-14 12:30:00-05:00,82.00990295410156,82.0999984741211,81.87999725341797,82.0999984741211,7925,0.0,0.0,0.0
2023-11-14 13:30:00-05:00,82.13140106201172,82.13140106201172,82.03089904785156,82.0999984741211,4827,0.0,0.0,0.0
2023-11-14 14:30:00-05:00,82.1500015258789,82.19999694824219,82.10009765625,82.13999938964844,4974,0.0,0.0,0.0
2023-11-14 15:30:00-05:00,82.0885009765625,82.16500091552734,82.02999877929688,82.02999877929688,10821,0.0,0.0,0.0
2023-11-15 09:30:00-05:00,82.68000030517578,83.2300033569336,82.68000030517578,83.2300033569336,34482,0.0,0.0,0.0
2023-11-15 10:30:00-05:00,83.2300033569336,83.44000244140625,83.13999938964844,83.29000091552734,16749,0.0,0.0,0.0
2023-11-15 11:30:00-05:00,83.06999969482422,83.06999969482422,82.77999877929688,82.98999786376953,14361,0.0,0.0,0.0
2023-11-15 12:30:00-05:00,82.9000015258789,83.0198974609375,82.80999755859375,82.80999755859375,17317,0.0,0.0,0.0
2023-11-15 13:30:00-05:00,82.80500030517578,82.87000274658203,82.68000030517578,82.86000061035156,3435,0.0,0.0,0.0
2023-11-15 14:30:00-05:00,82.87000274658203,83.0,82.87000274658203,82.97219848632812,6271,0.0,0.0,0.0
2023-11-15 15:30:00-05:00,83.0,83.0,82.85009765625,82.9800033569336,8394,0.0,0.0,0.0
2023-11-16 09:30:00-05:00,82.91000366210938,83.375,82.91000366210938,83.22000122070312,24307,0.0,0.0,0.0
2023-11-16 10:30:00-05:00,83.29499816894531,83.41999816894531,83.05000305175781,83.05010223388672,8984,0.0,0.0,0.0
2023-11-16 11:30:00-05:00,82.9800033569336,83.0999984741211,82.76000213623047,82.80000305175781,10204,0.0,0.0,0.0
2023-11-16 12:30:00-05:00,82.86000061035156,82.87989807128906,82.75,82.75,2455,0.0,0.0,0.0
2023-11-16 13:30:00-05:00,82.72000122070312,82.79509735107422,82.65499877929688,82.70999908447266,5187,0.0,0.0,0.0
2023-11-16 14:30:00-05:00,82.70999908447266,82.79000091552734,82.70999908447266,82.70999908447266,2942,0.0,0.0,0.0
2023-11-16 15:30:00-05:00,82.6500015258789,82.6500015258789,82.52999877929688,82.52999877929688,5095,0.0,0.0,0.0
2023-11-17 09:30:00-05:00,82.76000213623047,82.95999908447266,82.30000305175781,82.55370330810547,15687,0.0,0.0,0.0
2023-11-17 10:30:00-05:00,82.69999694824219,82.81999969482422,82.55000305175781,82.55000305175781,4840,0.0,0.0,0.0
2023-11-17 11:30:00-05:00,82.5199966430664,82.56220245361328,82.33599853515625,82.4800033569336,5963,0.0,0.0,0.0
2023-11-17 12:30:00-05:00,82.4800033569336,82.8136978149414,82.4800033569336,82.70500183105469,4587,0.0,0.0,0.0
2023-11-17 13:30:00-05:00,82.76000213623047,82.9000015258789,82.75,82.76000213623047,4733,0.0,0.0,0.0
2023-11-17 14:30:00-05:00,82.72100067138672,82.80000305175781,82.70020294189453,82.75,3168,0.0,0.0,0.0
2023-11-17 15:30:00-05:00,82.82749938964844,83.0,82.79000091552734,83.0,1492,0.0,0.0,0.0
2023-11-20 09:30:00-05:00,83.0199966430664,84.05999755859375,83.0199966430664,84.05999755859375,49849,0.0,0.0,0.0
2023-11-20 10:30:00-05:00,84.12999725341797,84.5,84.06950378417969,84.26000213623047,26568,0.0,0.0,0.0
2023-11-20 11:30:00-05:00,84.26000213623047,84.73999786376953,84.0,84.73999786376953,46734,0.0,0.0,0.0
2023-11-20 12:30:00-05:00,84.62999725341797,84.9800033569336,84.55000305175781,84.87000274658203,17242,0.0,0.0,0.0
2023-11-20 13:30:00-05:00,84.88500213623047,85.0,84.80999755859375,84.94000244140625,10585,0.0,0.0,0.0
2023-11-20 14:30:00-05:00,84.80000305175781,85.0,84.80000305175781,84.88009643554688,8380,0.0,0.0,0.0
2023-11-20 15:30:00-05:00,84.9800033569336,85.12000274658203,84.85009765625,85.04000091552734,14154,0.0,0.0,0.0
2023-11-21 09:30:00-05:00,85.5,86.38999938964844,85.5,86.30999755859375,43364,0.0,0.0,0.0
2023-11-21 10:30:00-05:00,86.3499984741211,86.55000305175781,86.30000305175781,86.30000305175781,18820,0.0,0.0,0.0
2023-11-21 11:30:00-05:00,86.38990020751953,86.75,86.36150360107422,86.67500305175781,274685,0.0,0.0,0.0
2023-11-21 12:30:00-05:00,86.69999694824219,86.75,86.62000274658203,86.6427993774414,8581,0.0,0.0,0.0
2023-11-21 13:30:00-05:00,86.6863021850586,86.6863021850586,86.43049621582031,86.54940032958984,10388,0.0,0.0,0.0
2023-11-21 14:30:00-05:00,86.59989929199219,86.59989929199219,86.37999725341797,86.37999725341797,2151,0.0,0.0,0.0
2023-11-21 15:30:00-05:00,86.37000274658203,86.37999725341797,85.95999908447266,86.02999877929688,6082,0.0,0.0,0.0
2023-11-22 09:30:00-05:00,84.9800033569336,85.33999633789062,84.66000366210938,84.9000015258789,14718,0.0,0.0,0.0
2023-11-22 10:30:00-05:00,84.9800033569336,85.43000030517578,84.8948974609375,85.33000183105469,6612,0.0,0.0,0.0
2023-11-22 11:30:00-05:00,85.37550354003906,85.37999725341797,85.27010345458984,85.3572998046875,2420,0.0,0.0,0.0
2023-11-22 12:30:00-05:00,85.40499877929688,85.40499877929688,85.1541976928711,85.25,12804,0.0,0.0,0.0
2023-11-22 13:30:00-05:00,85.22119903564453,85.25,85.16349792480469,85.25,1341,0.0,0.0,0.0
2023-11-22 14:30:00-05:00,85.28500366210938,85.28500366210938,85.2300033569336,85.2300033569336,556,0.0,0.0,0.0
2023-11-22 15:30:00-05:00,85.27999877929688,85.27999877929688,85.18000030517578,85.19999694824219,3417,0.0,0.0,0.0
2023-11-24 09:30:00-05:00,84.69999694824219,86.19999694824219,84.69999694824219,85.68000030517578,17403,0.0,0.0,0.0
2023-11-24 10:30:00-05:00,85.68000030517578,85.77249908447266,85.4800033569336,85.4800033569336,7141,0.0,0.0,0.0
2023-11-24 11:30:00-05:00,85.63999938964844,85.83000183105469,85.62999725341797,85.83000183105469,5647,0.0,0.0,0.0
2023-11-27 09:30:00-05:00,85.0199966430664,85.1227035522461,84.63999938964844,84.76000213623047,23823,0.0,0.0,0.0
2023-11-27 10:30:00-05:00,84.59200286865234,84.6698989868164,84.33999633789062,84.45999908447266,10760,0.0,0.0,0.0
2023-11-27 11:30:00-05:00,84.36000061035156,84.65989685058594,84.16000366210938,84.44000244140625,14803,0.0,0.0,0.0
2023-11-27 12:30:00-05:00,84.55500030517578,84.81999969482422,84.47010040283203,84.47010040283203,2150,0.0,0.0,0.0
2023-11-27 13:30:00-05:00,84.5999984741211,84.71499633789062,84.5999984741211,84.70999908447266,4313,0.0,0.0,0.0
2023-11-27 14:30:00-05:00,84.8469009399414,84.875,84.75,84.83000183105469,7824,0.0,0.0,0.0
2023-11-27 15:30:00-05:00,84.87999725341797,84.9800033569336,84.55000305175781,84.55000305175781,3175,0.0,0.0,0.0
2023-11-28 09:30:00-05:00,85.29000091552734,86.0999984741211,85.29000091552734,86.05999755859375,15625,0.0,0.0,0.0
2023-11-28 10:30:00-05:00,86.15499877929688,86.55999755859375,86.02999877929688,86.49189758300781,16090,0.0,0.0,0.0
2023-11-28 11:30:00-05:00,86.36000061035156,87.43000030517578,86.36000061035156,87.41000366210938,14305,0.0,0.0,0.0
2023-11-28 12:30:00-05:00,87.37000274658203,87.37000274658203,86.7300033569336,86.81009674072266,18167,0.0,0.0,0.0
2023-11-28 13:30:00-05:00,86.79000091552734,86.99320220947266,86.79000091552734,86.88999938964844,2396,0.0,0.0,0.0
2023-11-28 14:30:00-05:00,86.93990325927734,86.93990325927734,86.68000030517578,86.70999908447266,2808,0.0,0.0,0.0
2023-11-28 15:30:00-05:00,86.78900146484375,86.83000183105469,86.66999816894531,86.80999755859375,6993,0.0,0.0,0.0
2023-11-29 09:30:00-05:00,85.94000244140625,86.51170349121094,85.94000244140625,85.97000122070312,14554,0.0,0.0,0.0
2023-11-29 10:30:00-05:00,86.19999694824219,86.3230972290039,85.9000015258789,86.0999984741211,5192,0.0,0.0,0.0
2023-11-29 11:30:00-05:00,86.06500244140625,86.09500122070312,85.95999908447266,86.09500122070312,8079,0.0,0.0,0.0
2023-11-29 12:30:00-05:00,86.0999984741211,86.0999984741211,85.94000244140625,85.94999694824219,3784,0.0,0.0,0.0
2023-11-29 13:30:00-05:00,86.15989685058594,86.57990264892578,86.05500030517578,86.22000122070312,3406,0.0,0.0,0.0
2023-11-29 14:30:00-05:00,86.05999755859375,86.1500015258789,85.86000061035156,85.86000061035156,10045,0.0,0.0,0.0
2023-11-29 15:30:00-05:00,85.92500305175781,85.92500305175781,85.70999908447266,85.70999908447266,4327,0.0,0.0,0.0
2023-11-30 09:30:00-05:00,85.76000213623047,86.02999877929688,85.20010375976562,85.5,9763,0.0,0.0,0.0
2023-11-30 10:30:00-05:00,85.37000274658203,85.5,85.26499938964844,85.43000030517578,2622,0.0,0.0,0.0
2023-11-30 11:30:00-05:00,85.3499984741211,85.62999725341797,85.31999969482422,85.35009765625,11124,0.0,0.0,0.0
2023-11-30 12:30:00-05:00,85.36000061035156,85.91000366210938,85.3499984741211,85.68000030517578,8331,0.0,0.0,0.0
2023-11-30 13:30:00-05:00,85.63500213623047,85.68000030517578,85.48480224609375,85.58499908447266,17690,0.0,0.0,0.0
2023-11-30 14:30:00-05:00,85.66000366210938,85.70999908447266,85.60749816894531,85.60749816894531,7767,0.0,0.0,0.0
2023-11-30 15:30:00-05:00,85.66000366210938,85.75,85.5999984741211,85.68000030517578,4765,0.0,0.0,0.0
2023-12-01 09:30:00-05:00,85.06999969482422,85.88999938964844,84.94000244140625,85.6500015258789,12693,0.0,0.0,0.0
2023-12-01 10:30:00-05:00,85.43000030517578,85.48999786376953,84.83999633789062,85.48999786376953,11497,0.0,0.0,0.0
2023-12-01 11:30:00-05:00,85.5,85.78260040283203,85.5,85.61000061035156,7901,0.0,0.0,0.0
2023-12-01 12:30:00-05:00,85.61940002441406,85.91000366210938,85.61009979248047,85.78500366210938,9471,0.0,0.0,0.0
2023-12-01 13:30:00-05:00,85.8499984741211,86.1500015258789,85.8499984741211,86.08000183105469,8608,0.0,0.0,0.0
2023-12-01 14:30:00-05:00,85.95999908447266,86.0999984741211,85.8499984741211,86.07499694824219,4749,0.0,0.0,0.0
2023-12-01 15:30:00-05:00,86.03160095214844,86.2699966430664,86.0009994506836,86.2699966430664,6161,0.0,0.0,0.0
2023-12-04 09:30:00-05:00,85.19999694824219,85.47000122070312,84.20999908447266,84.41999816894531,21055,0.0,0.0,0.0
2023-12-04 10:30:00-05:00,84.43000030517578,84.54000091552734,84.05999755859375,84.45010375976562,5556,0.0,0.0,0.0
2023-12-04 11:30:00-05:00,84.51499938964844,85.07060241699219,84.51499938964844,84.81809997558594,2485,0.0,0.0,0.0
2023-12-04 12:30:00-05:00,84.9000015258789,85.0199966430664,84.76000213623047,84.76000213623047,4953,0.0,0.0,0.0
2023-12-04 13:30:00-05:00,84.70800018310547,84.8499984741211,84.70800018310547,84.75,15943,0.0,0.0,0.0
2023-12-04 14:30:00-05:00,84.77999877929688,84.94999694824219,84.72010040283203,84.92870330810547,20820,0.0,0.0,0.0
2023-12-04 15:30:00-05:00,84.93990325927734,85.05000305175781,84.7300033569336,85.05000305175781,5450,0.0,0.0,0.0
2023-12-05 09:30:00-05:00,83.0,83.5999984741211,82.75,82.87010192871094,66650,0.0,0.0,0.0
2023-12-05 10:30:00-05:00,82.87010192871094,83.05999755859375,82.55000305175781,82.98400115966797,62448,0.0,0.0,0.0
2023-12-05 11:30:00-05:00,82.94000244140625,83.30999755859375,82.87370300292969,83.2699966430664,14501,0.0,0.0,0.0
2023-12-05 12:30:00-05:00,83.2300033569336,83.3550033569336,83.01000213623047,83.22000122070312,33895,0.0,0.0,0.0
2023-12-05 13:30:00-05:00,83.23999786376953,83.26499938964844,83.00479888916016,83.22000122070312,24154,0.0,0.0,0.0
2023-12-05 14:30:00-05:00,83.20999908447266,83.37000274658203,83.0999984741211,83.18499755859375,22387,0.0,0.0,0.0
2023-12-05 15:30:00-05:00,83.19999694824219,83.28500366210938,83.04409790039062,83.11000061035156,18622,0.0,0.0,0.0
2023-12-06 09:30:00-05:00,83.73999786376953,83.93000030517578,83.08999633789062,83.41000366210938,24122,0.0,0.0,0.0
2023-12-06 10:30:00-05:00,83.33999633789062,83.5250015258789,82.41000366210938,82.49500274658203,26232,0.0,0.0,0.0
2023-12-06 11:30:00-05:00,82.47000122070312,82.5,82.12000274658203,82.13500213623047,29804,0.0,0.0,0.0
2023-12-06 12:30:00-05:00,82.05010223388672,82.19180297851562,81.86000061035156,82.02999877929688,22484,0.0,0.0,0.0
2023-12-06 13:30:00-05:00,82.1500015258789,82.28790283203125,82.0999984741211,82.11000061035156,6603,0.0,0.0,0.0
2023-12-06 14:30:00-05:00,82.20140075683594,82.25499725341797,82.0999984741211,82.0999984741211,13629,0.0,0.0,0.0
2023-12-06 15:30:00-05:00,82.0999984741211,82.1500015258789,82.04000091552734,82.08999633789062,18170,0.0,0.0,0.0
2023-12-07 09:30:00-05:00,84.12000274658203,84.5,83.60009765625,83.93000030517578,60690,0.0,0.0,0.0
2023-12-07 10:30:00-05:00,83.91000366210938,84.12000274658203,83.7114028930664,83.79000091552734,18966,0.0,0.0,0.0
2023-12-07 11:30:00-05:00,83.7699966430664,83.81999969482422,83.37999725341797,83.54129791259766,24679,0.0,0.0,0.0
2023-12-07 12:30:00-05:00,83.51000213623047,83.9000015258789,83.42140197753906,83.88999938964844,19512,0.0,0.0,0.0
2023-12-07 13:30:00-05:00,83.8280029296875,83.9000015258789,83.66999816894531,83.70659637451172,5777,0.0,0.0,0.0
2023-12-07 14:30:00-05:00,83.59140014648438,83.70989990234375,83.58000183105469,83.69950103759766,3202,0.0,0.0,0.0
2023-12-07 15:30:00-05:00,83.69999694824219,83.69999694824219,83.55999755859375,83.63999938964844,7284,0.0,0.0,0.0
2023-12-08 09:30:00-05:00,84.13999938964844,85.05000305175781,84.13999938964844,84.97090148925781,22471,0.0,0.0,0.0
2023-12-08 10:30:00-05:00,85.0199966430664,85.0199966430664,84.30999755859375,84.48999786376953,6045,0.0,0.0,0.0
2023-12-08 11:30:00-05:00,84.48999786376953,84.5999984741211,84.12000274658203,84.23999786376953,7772,0.0,0.0,0.0
2023-12-08 12:30:00-05:00,84.19999694824219,84.68000030517578,84.14849853515625,84.68000030517578,3764,0.0,0.0,0.0
2023-12-08 13:30:00-05:00,84.66000366210938,84.66000366210938,84.4905014038086,84.62000274658203,4490,0.0,0.0,0.0
2023-12-08 14:30:00-05:00,84.63500213623047,84.63500213623047,84.55000305175781,84.61499786376953,4381,0.0,0.0,0.0
2023-12-08 15:30:00-05:00,84.6050033569336,84.65989685058594,84.48999786376953,84.48999786376953,3667,0.0,0.0,0.0
2023-12-11 09:30:00-05:00,84.83000183105469,84.83000183105469,84.16999816894531,84.41999816894531,22671,0.0,0.0,0.0
2023-12-11 10:30:00-05:00,84.45999908447266,84.8499984741211,84.11100006103516,84.18000030517578,43657,0.0,0.0,0.0
2023-12-11 11:30:00-05:00,84.19499969482422,84.26000213623047,84.0,84.12000274658203,24692,0.0,0.0,0.0
2023-12-11 12:30:00-05:00,84.0,84.17990112304688,83.92500305175781,84.03150177001953,9813,0.0,0.0,0.0
2023-12-11 13:30:00-05:00,84.09500122070312,84.16999816894531,84.05850219726562,84.16000366210938,7890,0.0,0.0,0.0
2023-12-11 14:30:00-05:00,84.0999984741211,84.13999938964844,84.00460052490234,84.04000091552734,8061,0.0,0.0,0.0
2023-12-11 15:30:00-05:00,84.00499725341797,84.19000244140625,83.8750991821289,84.19000244140625,4053,0.0,0.0,0.0
2023-12-12 09:30:00-05:00,84.69000244140625,84.69000244140625,83.87999725341797,84.36080169677734,18044,0.0,0.0,0.0
2023-12-12 10:30:00-05:00,84.36000061035156,85.12000274658203,84.36000061035156,85.0730972290039,10292,0.0,0.0,0.0
2023-12-12 11:30:00-05:00,85.23999786376953,85.44000244140625,85.06999969482422,85.3499984741211,29878,0.0,0.0,0.0
2023-12-12 12:30:00-05:00,85.33000183105469,85.66999816894531,85.33000183105469,85.6500015258789,15965,0.0,0.0,0.0
2023-12-12 13:30:00-05:00,85.4800033569336,85.625,85.4800033569336,85.54000091552734,8062,0.0,0.0,0.0
2023-12-12 14:30:00-05:00,85.54570007324219,85.80000305175781,85.54570007324219,85.80000305175781,44800,0.0,0.0,0.0
2023-12-12 15:30:00-05:00,85.7750015258789,85.94999694824219,85.70149993896484,85.94999694824219,8863,0.0,0.0,0.0
2023-12-13 09:30:00-05:00,85.51000213623047,85.73999786376953,85.11000061035156,85.11499786376953,26258,0.0,0.0,0.0
2023-12-13 10:30:00-05:00,85.08000183105469,85.12000274658203,84.76000213623047,84.8499984741211,5968,0.0,0.0,0.0
2023-12-13 11:30:00-05:00,84.76000213623047,84.76000213623047,84.44170379638672,84.61949920654297,9840,0.0,0.0,0.0
2023-12-13 12:30:00-05:00,84.61000061035156,84.62999725341797,84.53019714355469,84.5999984741211,2295,0.0,0.0,0.0
2023-12-13 13:30:00-05:00,84.51000213623047,85.81990051269531,84.51000213623047,85.7300033569336,28126,0.0,0.0,0.0
2023-12-13 14:30:00-05:00,85.70950317382812,86.41999816894531,85.70950317382812,86.25849914550781,54676,0.0,0.0,0.0
2023-12-13 15:30:00-05:00,86.16999816894531,86.4800033569336,86.13999938964844,86.4800033569336,30839,0.0,0.0,0.0
2023-12-14 09:30:00-05:00,87.12999725341797,88.71990203857422,87.08999633789062,88.51000213623047,95703,0.0,0.0,0.0
2023-12-14 10:30:00-05:00,88.48989868164062,88.5999984741211,88.12000274658203,88.48999786376953,21167,0.0,0.0,0.0
2023-12-14 11:30:00-05:00,88.4000015258789,88.5999984741211,88.30010223388672,88.58999633789062,14188,0.0,0.0,0.0
2023-12-14 12:30:00-05:00,88.69999694824219,88.87999725341797,88.41000366210938,88.41000366210938,11730,0.0,0.0,0.0
2023-12-14 13:30:00-05:00,88.56549835205078,88.56549835205078,88.33000183105469,88.52400207519531,10246,0.0,0.0,0.0
2023-12-14 14:30:00-05:00,88.43000030517578,88.55500030517578,88.43000030517578,88.47000122070312,5217,0.0,0.0,0.0
2023-12-14 15:30:00-05:00,88.53500366210938,88.59390258789062,88.4175033569336,88.45999908447266,5430,0.0,0.0,0.0
2023-12-15 09:30:00-05:00,86.69999694824219,87.23989868164062,86.37000274658203,87.13999938964844,46417,0.0,0.0,0.0
2023-12-15 10:30:00-05:00,87.19999694824219,87.5,86.76000213623047,87.47000122070312,14107,0.0,0.0,0.0
2023-12-15 11:30:00-05:00,87.4800033569336,87.4800033569336,86.80999755859375,87.11000061035156,12913,0.0,0.0,0.0
2023-12-15 12:30:00-05:00,87.12999725341797,87.37999725341797,86.93000030517578,87.03990173339844,11291,0.0,0.0,0.0
2023-12-15 13:30:00-05:00,87.06999969482422,87.06999969482422,86.77999877929688,86.77999877929688,10610,0.0,0.0,0.0
2023-12-15 14:30:00-05:00,86.80000305175781,87.18000030517578,86.76010131835938,87.16500091552734,12666,0.0,0.0,0.0
2023-12-15 15:30:00-05:00,87.20999908447266,87.29000091552734,86.95999908447266,86.9800033569336,16572,0.0,0.0,0.0
2023-12-18 09:30:00-05:00,88.0,88.0999984741211,87.21990203857422,87.21990203857422,59402,0.0,0.0,0.0
2023-12-18 10:30:00-05:00,87.01000213623047,87.44999694824219,87.01000213623047,87.44999694824219,6047,0.0,0.0,0.0
2023-12-18 11:30:00-05:00,87.5,87.67990112304688,87.48290252685547,87.6500015258789,5093,0.0,0.0,0.0
2023-12-18 12:30:00-05:00,87.68000030517578,87.79000091552734,87.26380157470703,87.43699645996094,3956,0.0,0.0,0.0
2023-12-18 13:30:00-05:00,87.38999938964844,87.38999938964844,87.16570281982422,87.31990051269531,17529,0.0,0.0,0.0
2023-12-18 14:30:00-05:00,87.30000305175781,87.3239974975586,87.2300033569336,87.30000305175781,7981,0.0,0.0,0.0
2023-12-18 15:30:00-05:00,87.27950286865234,87.33000183105469,87.12000274658203,87.33000183105469,31542,0.0,0.0,0.0
2023-12-19 09:30:00-05:00,87.7699966430664,88.38990020751953,87.56999969482422,88.05999755859375,19736,0.0,0.0,0.0
2023-12-19 10:30:00-05:00,87.80999755859375,88.47640228271484,87.73999786376953,88.31999969482422,7955,0.0,0.0,0.0
2023-12-19 11:30:00-05:00,88.47989654541016,88.51000213623047,88.19000244140625,88.32499694824219,10197,0.0,0.0,0.0
2023-12-19 12:30:00-05:00,88.37999725341797,88.47000122070312,88.1500015258789,88.18000030517578,21064,0.0,0.0,0.0
2023-12-19 13:30:00-05:00,88.18000030517578,88.37000274658203,88.06999969482422,88.08999633789062,41306,0.0,0.0,0.0
2023-12-19 14:30:00-05:00,88.0999984741211,88.19000244140625,87.94000244140625,87.95999908447266,86427,0.0,0.0,0.0
2023-12-19 15:30:00-05:00,87.95999908447266,87.95999908447266,87.81939697265625,87.83999633789062,58848,0.0,0.0,0.0
2023-12-20 09:30:00-05:00,88.30000305175781,88.75,88.30000305175781,88.41999816894531,27796,0.0,0.0,0.0
2023-12-20 10:30:00-05:00,88.36419677734375,88.91999816894531,88.36419677734375,88.83000183105469,21928,0.0,0.0,0.0
2023-12-20 11:30:00-05:00,88.80999755859375,89.02999877929688,88.73999786376953,88.87999725341797,64848,0.0,0.0,0.0
2023-12-20 12:30:00-05:00,88.91500091552734,89.4800033569336,88.83000183105469,89.37999725341797,63981,0.0,0.0,0.0
2023-12-20 13:30:00-05:00,89.43000030517578,89.4800033569336,89.27999877929688,89.4000015258789,29836,0.0,0.0,0.0
2023-12-20 14:30:00-05:00,89.3949966430664,89.41999816894531,88.5999984741211,88.69000244140625,40772,0.0,0.0,0.0
2023-12-20 15:30:00-05:00,88.69000244140625,88.70999908447266,88.26000213623047,88.41000366210938,30202,0.0,0.0,0.0
2023-12-21 09:30:00-05:00,88.25,88.69999694824219,87.62000274658203,88.48999786376953,17127,0.0,0.0,0.0
2023-12-21 10:30:00-05:00,88.56999969482422,88.87999725341797,88.26740264892578,88.78880310058594,8513,0.0,0.0,0.0
2023-12-21 11:30:00-05:00,88.78990173339844,89.13189697265625,88.68450164794922,89.0,21236,0.0,0.0,0.0
2023-12-21 12:30:00-05:00,89.0999984741211,89.11000061035156,88.9000015258789,88.96499633789062,16957,0.0,0.0,0.0
2023-12-21 13:30:00-05:00,88.9000015258789,89.06839752197266,88.83999633789062,89.03500366210938,10944,0.0,0.0,0.0
2023-12-21 14:30:00-05:00,89.10990142822266,89.11000061035156,88.93499755859375,88.98999786376953,6944,0.0,0.0,0.0
2023-12-21 15:30:00-05:00,89.02999877929688,89.0999984741211,89.02999877929688,89.08999633789062,7067,0.0,0.0,0.0
2023-12-22 09:30:00-05:00,89.87999725341797,90.55999755859375,89.58000183105469,89.94999694824219,76420,0.0,0.0,0.0
2023-12-22 10:30:00-05:00,89.87000274658203,89.9032974243164,89.3499984741211,89.9032974243164,13028,0.0,0.0,0.0
2023-12-22 11:30:00-05:00,89.88999938964844,90.0,89.6500015258789,89.82009887695312,13505,0.0,0.0,0.0
2023-12-22 12:30:00-05:00,89.91999816894531,90.0999984741211,89.91000366210938,89.9800033569336,7068,0.0,0.0,0.0
2023-12-22 13:30:00-05:00,89.91999816894531,89.93000030517578,89.58000183105469,89.58000183105469,7798,0.0,0.0,0.0
2023-12-22 14:30:00-05:00,89.58000183105469,89.69000244140625,89.552001953125,89.69000244140625,19109,0.0,0.0,0.0
2023-12-22 15:30:00-05:00,89.65010070800781,89.91000366210938,89.5999984741211,89.91000366210938,5636,0.0,0.0,0.0
2023-12-26 09:30:00-05:00,90.2699966430664,90.37190246582031,89.76000213623047,90.0,22261,0.0,0.0,0.0
2023-12-26 10:30:00-05:00,89.98490142822266,90.37000274658203,89.98490142822266,90.37000274658203,9926,0.0,0.0,0.0
2023-12-26 11:30:00-05:00,90.22000122070312,90.5,90.22000122070312,90.47979736328125,10839,0.0,0.0,0.0
2023-12-26 12:30:00-05:00,90.34600067138672,90.3499984741211,90.02739715576172,90.19000244140625,2992,0.0,0.0,0.0
2023-12-26 13:30:00-05:00,90.20999908447266,90.30500030517578,90.1343994140625,90.20999908447266,2731,0.0,0.0,0.0
2023-12-26 14:30:00-05:00,90.2300033569336,90.42500305175781,90.2300033569336,90.4000015258789,11553,0.0,0.0,0.0
2023-12-26 15:30:00-05:00,90.3949966430664,90.6500015258789,90.3949966430664,90.6500015258789,6416,0.0,0.0,0.0
2023-12-27 09:30:00-05:00,90.0,90.9000015258789,89.76000213623047,90.87999725341797,33674,0.0,0.0,0.0
2023-12-27 10:30:00-05:00,90.88999938964844,91.2699966430664,90.7300033569336,91.20999908447266,24612,0.0,0.0,0.0
2023-12-27 11:30:00-05:00,91.32499694824219,91.4000015258789,91.16999816894531,91.36000061035156,12647,0.0,0.0,0.0
2023-12-27 12:30:00-05:00,91.41999816894531,91.61150360107422,91.36060333251953,91.56999969482422,9139,0.0,0.0,0.0
2023-12-27 13:30:00-05:00,91.51000213623047,91.66000366210938,91.5,91.66000366210938,6633,0.0,0.0,0.0
2023-12-27 14:30:00-05:00,91.69000244140625,91.8499984741211,91.67500305175781,91.73999786376953,7821,0.0,0.0,0.0
2023-12-27 15:30:00-05:00,91.70149993896484,91.88500213623047,91.69000244140625,91.87999725341797,17518,0.0,0.0,0.0
2023-12-28 09:30:00-05:00,92.05000305175781,93.15989685058594,92.05000305175781,93.12699890136719,37671,0.0,0.0,0.0
2023-12-28 10:30:00-05:00,93.01000213623047,93.12999725341797,92.30000305175781,92.44999694824219,14438,0.0,0.0,0.0
2023-12-28 11:30:00-05:00,92.52999877929688,92.625,92.38500213623047,92.60160064697266,10730,0.0,0.0,0.0
2023-12-28 12:30:00-05:00,92.68000030517578,92.78990173339844,92.46499633789062,92.51000213623047,6936,0.0,0.0,0.0
2023-12-28 13:30:00-05:00,92.50990295410156,92.50990295410156,92.3550033569336,92.3550033569336,4679,0.0,0.0,0.0
2023-12-28 14:30:00-05:00,92.33000183105469,92.36000061035156,92.26699829101562,92.3499984741211,7117,0.0,0.0,0.0
2023-12-28 15:30:00-05:00,92.37989807128906,92.43000030517578,92.3499984741211,92.36000061035156,4755,0.0,0.0,0.0
2023-12-29 09:30:00-05:00,91.97000122070312,92.43000030517578,91.95999908447266,92.30000305175781,31188,0.0,0.0,0.0
2023-12-29 10:30:00-05:00,92.32420349121094,92.4000015258789,91.75,91.93000030517578,9245,0.0,0.0,0.0
2023-12-29 11:30:00-05:00,91.8550033569336,91.9000015258789,91.69999694824219,91.69999694824219,3835,0.0,0.0,0.0
2023-12-29 12:30:00-05:00,91.69999694824219,91.79989624023438,91.44999694824219,91.4800033569336,9128,0.0,0.0,0.0
2023-12-29 13:30:00-05:00,91.46199798583984,91.68000030517578,91.40769958496094,91.48999786376953,9422,0.0,0.0,0.0
2023-12-29 14:30:00-05:00,91.48999786376953,91.55000305175781,91.36000061035156,91.48999786376953,2942,0.0,0.0,0.0
2023-12-29 15:30:00-05:00,91.4800033569336,91.4800033569336,91.08999633789062,91.2300033569336,9586,0.0,0.0,0.0
2024-01-02 09:30:00-05:00,90.81999969482422,91.05999755859375,90.51000213623047,90.8499984741211,17460,0.0,0.0,0.0
2024-01-02 10:30:00-05:00,90.75,91.36599731445312,90.52200317382812,91.1500015258789,11555,0.0,0.0,0.0
2024-01-02 11:30:00-05:00,91.04000091552734,91.43499755859375,91.04000091552734,91.20999908447266,41098,0.0,0.0,0.0
2024-01-02 12:30:00-05:00,91.0,91.0,90.62999725341797,90.6405029296875,6987,0.0,0.0,0.0
2024-01-02 13:30:00-05:00,90.63999938964844,90.63999938964844,90.41000366210938,90.41000366210938,8504,0.0,0.0,0.0
2024-01-02 14:30:00-05:00,90.44999694824219,90.51000213623047,90.31009674072266,90.41000366210938,15874,0.0,0.0,0.0
2024-01-02 15:30:00-05:00,90.41000366210938,90.41999816894531,90.29000091552734,90.30000305175781,9656,0.0,0.0,0.0
2024-01-03 09:30:00-05:00,89.5199966430664,89.66999816894531,88.94999694824219,89.20970153808594,29387,0.0,0.0,0.0
2024-01-03 10:30:00-05:00,89.13999938964844,89.43099975585938,88.80500030517578,89.43000030517578,6366,0.0,0.0,0.0
2024-01-03 11:30:00-05:00,89.55999755859375,89.6500015258789,89.4749984741211,89.6500015258789,4996,0.0,0.0,0.0
2024-01-03 12:30:00-05:00,89.62999725341797,89.80000305175781,89.58999633789062,89.71499633789062,3166,0.0,0.0,0.0
2024-01-03 13:30:00-05:00,89.69989776611328,89.69989776611328,89.4000015258789,89.4000015258789,2812,0.0,0.0,0.0
2024-01-03 14:30:00-05:00,89.9198989868164,89.9198989868164,89.46630096435547,89.46630096435547,3038,0.0,0.0,0.0
2024-01-03 15:30:00-05:00,89.52999877929688,89.62989807128906,89.44999694824219,89.44999694824219,5213,0.0,0.0,0.0
2024-01-04 09:30:00-05:00,88.6500015258789,88.83000183105469,88.47090148925781,88.69999694824219,48675,0.0,0.0,0.0
2024-01-04 10:30:00-05:00,88.79499816894531,88.88999938964844,88.20649719238281,88.4000015258789,25578,0.0,0.0,0.0
2024-01-04 11:30:00-05:00,88.37999725341797,88.40809631347656,88.11499786376953,88.12000274658203,7944,0.0,0.0,0.0
2024-01-04 12:30:00-05:00,88.11000061035156,88.16909790039062,87.84400177001953,88.16909790039062,11387,0.0,0.0,0.0
2024-01-04 13:30:00-05:00,88.16000366210938,88.17500305175781,88.0199966430664,88.0199966430664,5699,0.0,0.0,0.0
2024-01-04 14:30:00-05:00,87.91000366210938,88.15499877929688,87.91000366210938,88.08000183105469,5665,0.0,0.0,0.0
2024-01-04 15:30:00-05:00,88.11499786376953,88.18000030517578,88.0,88.0,9566,0.0,0.0,0.0
2024-01-05 09:30:00-05:00,88.41999816894531,89.19110107421875,88.25,88.7699966430664,52426,0.0,0.0,0.0
2024-01-05 10:30:00-05:00,88.76000213623047,88.98500061035156,88.54000091552734,88.54000091552734,15884,0.0,0.0,0.0
2024-01-05 11:30:00-05:00,88.63999938964844,88.7155990600586,88.49549865722656,88.5,10878,0.0,0.0,0.0
2024-01-05 12:30:00-05:00,88.52200317382812,88.6500015258789,88.52200317382812,88.54000091552734,5858,0.0,0.0,0.0
2024-01-05 13:30:00-05:00,88.76200103759766,89.0,88.61219787597656,88.88999938964844,4890,0.0,0.0,0.0
2024-01-05 14:30:00-05:00,88.94999694824219,88.94999694824219,88.5999984741211,88.6500015258789,21128,0.0,0.0,0.0
2024-01-05 15:30:00-05:00,88.6500015258789,88.95999908447266,88.6449966430664,88.87999725341797,14581,0.0,0.0,0.0
2024-01-08 09:30:00-05:00,87.5,88.4000015258789,87.09709930419922,88.4000015258789,31626,0.0,0.0,0.0
2024-01-08 10:30:00-05:00,88.52999877929688,88.55000305175781,87.94999694824219,87.95999908447266,18038,0.0,0.0,0.0
2024-01-08 11:30:00-05:00,87.93720245361328,88.04399871826172,87.58999633789062,87.59500122070312,6221,0.0,0.0,0.0
2024-01-08 12:30:00-05:00,87.57260131835938,87.57260131835938,87.19999694824219,87.19999694824219,5430,0.0,0.0,0.0
2024-01-08 13:30:00-05:00,87.18000030517578,87.19969940185547,87.01010131835938,87.01010131835938,5753,0.0,0.0,0.0
2024-01-08 14:30:00-05:00,87.12989807128906,87.22000122070312,86.9000015258789,87.02999877929688,9326,0.0,0.0,0.0
2024-01-08 15:30:00-05:00,87.06990051269531,87.23999786376953,87.0,87.23999786376953,26336,0.0,0.0,0.0
2024-01-09 09:30:00-05:00,86.87000274658203,87.04000091552734,86.1719970703125,86.41999816894531,26745,0.0,0.0,0.0
2024-01-09 10:30:00-05:00,86.37149810791016,86.45500183105469,85.94999694824219,86.16000366210938,14539,0.0,0.0,0.0
2024-01-09 11:30:00-05:00,86.22000122070312,86.22000122070312,86.0,86.13999938964844,7171,0.0,0.0,0.0
2024-01-09 12:30:00-05:00,86.13500213623047,86.1698989868164,85.94999694824219,86.05999755859375,8948,0.0,0.0,0.0
2024-01-09 13:30:00-05:00,85.98799896240234,86.11000061035156,85.90799713134766,85.9800033569336,6276,0.0,0.0,0.0
2024-01-09 14:30:00-05:00,85.97000122070312,86.06999969482422,85.83999633789062,86.0,7749,0.0,0.0,0.0
2024-01-09 15:30:00-05:00,85.98999786376953,85.98999786376953,85.77999877929688,85.92549896240234,16598,0.0,0.0,0.0
2024-01-10 09:30:00-05:00,85.58000183105469,85.58000183105469,84.55000305175781,84.7300033569336,38210,0.0,0.0,0.0
2024-01-10 10:30:00-05:00,84.91000366210938,85.11990356445312,84.5199966430664,84.63600158691406,17178,0.0,0.0,0.0
2024-01-10 11:30:00-05:00,84.71990203857422,84.81999969482422,84.56999969482422,84.68000030517578,17258,0.0,0.0,0.0
2024-01-10 12:30:00-05:00,84.63999938964844,84.84200286865234,84.625,84.70860290527344,12466,0.0,0.0,0.0
2024-01-10 13:30:00-05:00,84.75,84.79000091552734,84.6500015258789,84.79000091552734,8903,0.0,0.0,0.0
2024-01-10 14:30:00-05:00,84.79000091552734,84.9800033569336,84.73320007324219,84.78849792480469,21341,0.0,0.0,0.0
2024-01-10 15:30:00-05:00,84.76000213623047,84.98999786376953,84.69999694824219,84.88999938964844,24237,0.0,0.0,0.0
2024-01-11 09:30:00-05:00,85.13999938964844,85.30999755859375,84.45040130615234,84.81510162353516,33169,0.0,0.0,0.0
2024-01-11 10:30:00-05:00,84.7699966430664,84.88140106201172,84.16000366210938,84.16000366210938,15720,0.0,0.0,0.0
2024-01-11 11:30:00-05:00,84.168701171875,84.19000244140625,83.88999938964844,83.95999908447266,19033,0.0,0.0,0.0
2024-01-11 12:30:00-05:00,83.88999938964844,84.20210266113281,83.83390045166016,84.16999816894531,17322,0.0,0.0,0.0
2024-01-11 13:30:00-05:00,84.05380249023438,84.47799682617188,83.95439910888672,84.47799682617188,4224,0.0,0.0,0.0
2024-01-11 14:30:00-05:00,84.4800033569336,84.55590057373047,84.41999816894531,84.51969909667969,4007,0.0,0.0,0.0
2024-01-11 15:30:00-05:00,84.49009704589844,84.62000274658203,84.41000366210938,84.41000366210938,5693,0.0,0.0,0.0
2024-01-12 09:30:00-05:00,86.11000061035156,86.2699966430664,85.54000091552734,85.55000305175781,42499,0.0,0.0,0.0
2024-01-12 10:30:00-05:00,85.38999938964844,85.41000366210938,84.80000305175781,84.9000015258789,18248,0.0,0.0,0.0
2024-01-12 11:30:00-05:00,84.7301025390625,84.86000061035156,84.19999694824219,84.24839782714844,16011,0.0,0.0,0.0
2024-01-12 12:30:00-05:00,84.20999908447266,84.2699966430664,84.06050109863281,84.13999938964844,16614,0.0,0.0,0.0
2024-01-12 13:30:00-05:00,84.12000274658203,84.125,83.94999694824219,83.98999786376953,6907,0.0,0.0,0.0
2024-01-12 14:30:00-05:00,83.99859619140625,84.0,83.61000061035156,83.61000061035156,18442,0.0,0.0,0.0
2024-01-12 15:30:00-05:00,83.64749908447266,83.69999694824219,83.44000244140625,83.51000213623047,43056,0.0,0.0,0.0
2024-01-16 09:30:00-05:00,83.4000015258789,83.4000015258789,82.94329833984375,83.36000061035156,42224,0.0,0.0,0.0
2024-01-16 10:30:00-05:00,83.30999755859375,83.37310028076172,82.68000030517578,83.18000030517578,21448,0.0,0.0,0.0
2024-01-16 11:30:00-05:00,83.13009643554688,83.25,82.66000366210938,82.66000366210938,18386,0.0,0.0,0.0
2024-01-16 12:30:00-05:00,82.62000274658203,82.81890106201172,82.55000305175781,82.73999786376953,14299,0.0,0.0,0.0
2024-01-16 13:30:00-05:00,82.83499908447266,82.83499908447266,82.62740325927734,82.7979965209961,4785,0.0,0.0,0.0
2024-01-16 14:30:00-05:00,82.81999969482422,82.91000366210938,82.67500305175781,82.80500030517578,14193,0.0,0.0,0.0
2024-01-16 15:30:00-05:00,82.82990264892578,82.87000274658203,82.75,82.8499984741211,13119,0.0,0.0,0.0
2024-01-17 09:30:00-05:00,82.12000274658203,82.12000274658203,81.16000366210938,81.19000244140625,38290,0.0,0.0,0.0
2024-01-17 10:30:00-05:00,81.125,81.33999633789062,80.81009674072266,81.22000122070312,56588,0.0,0.0,0.0
2024-01-17 11:30:00-05:00,81.1990966796875,81.31999969482422,81.13999938964844,81.15010070800781,9925,0.0,0.0,0.0
2024-01-17 12:30:00-05:00,81.125,81.58000183105469,81.08000183105469,81.4800033569336,9403,0.0,0.0,0.0
2024-01-17 13:30:00-05:00,81.5199966430664,81.66999816894531,81.44159698486328,81.66999816894531,6358,0.0,0.0,0.0
2024-01-17 14:30:00-05:00,81.56999969482422,81.68000030517578,81.52050018310547,81.59870147705078,6114,0.0,0.0,0.0
2024-01-17 15:30:00-05:00,81.55000305175781,81.72000122070312,81.53810119628906,81.68000030517578,8416,0.0,0.0,0.0
2024-01-18 09:30:00-05:00,82.80999755859375,82.94999694824219,82.50140380859375,82.54000091552734,66512,0.0,0.0,0.0
2024-01-18 10:30:00-05:00,82.61000061035156,82.83519744873047,82.5,82.7300033569336,11173,0.0,0.0,0.0
2024-01-18 11:30:00-05:00,82.8499984741211,83.16000366210938,82.80000305175781,83.15010070800781,14799,0.0,0.0,0.0
2024-01-18 12:30:00-05:00,83.19999694824219,83.4800033569336,83.12000274658203,83.4800033569336,13867,0.0,0.0,0.0
2024-01-18 13:30:00-05:00,83.45359802246094,83.56500244140625,83.36499786376953,83.44999694824219,9029,0.0,0.0,0.0
2024-01-18 14:30:00-05:00,83.5,83.5,83.40499877929688,83.47000122070312,6195,0.0,0.0,0.0
2024-01-18 15:30:00-05:00,83.50199890136719,83.70999908447266,83.4708023071289,83.70999908447266,6597,0.0,0.0,0.0
2024-01-19 09:30:00-05:00,83.44000244140625,83.44000244140625,82.94499969482422,83.2698974609375,17250,0.0,0.0,0.0
2024-01-19 10:30:00-05:00,83.06999969482422,83.22000122070312,82.69000244140625,82.69000244140625,14795,0.0,0.0,0.0
2024-01-19 11:30:00-05:00,82.66500091552734,82.77999877929688,82.43000030517578,82.77999877929688,8723,0.0,0.0,0.0
2024-01-19 12:30:00-05:00,82.86080169677734,83.05000305175781,82.86000061035156,82.88999938964844,11059,0.0,0.0,0.0
2024-01-19 13:30:00-05:00,82.94999694824219,83.01000213623047,82.71009826660156,82.91999816894531,7523,0.0,0.0,0.0
2024-01-19 14:30:00-05:00,82.95999908447266,83.01000213623047,82.86009979248047,82.91999816894531,13752,0.0,0.0,0.0
2024-01-19 15:30:00-05:00,82.8550033569336,83.01000213623047,82.8550033569336,82.93000030517578,26973,0.0,0.0,0.0
2024-01-22 09:30:00-05:00,82.75,83.30999755859375,82.56999969482422,83.11160278320312,24979,0.0,0.0,0.0
2024-01-22 10:30:00-05:00,83.22000122070312,83.22000122070312,82.51529693603516,82.51529693603516,14485,0.0,0.0,0.0
2024-01-22 11:30:00-05:00,82.52799987792969,82.75,82.5000991821289,82.75,17156,0.0,0.0,0.0
2024-01-22 12:30:00-05:00,82.69000244140625,82.69000244140625,82.37560272216797,82.37560272216797,2110,0.0,0.0,0.0
2024-01-22 13:30:00-05:00,82.3550033569336,82.50279998779297,82.34500122070312,82.34500122070312,3343,0.0,0.0,0.0
2024-01-22 14:30:00-05:00,82.34500122070312,82.41519927978516,82.34500122070312,82.4000015258789,3401,0.0,0.0,0.0
2024-01-22 15:30:00-05:00,82.5,82.63999938964844,82.30999755859375,82.5999984741211,17979,0.0,0.0,0.0
2024-01-23 09:30:00-05:00,82.94999694824219,83.08999633789062,82.6500015258789,82.87999725341797,43451,0.0,0.0,0.0
2024-01-23 10:30:00-05:00,83.01499938964844,83.04000091552734,82.62000274658203,82.68000030517578,32453,0.0,0.0,0.0
2024-01-23 11:30:00-05:00,82.66000366210938,82.86990356445312,82.62999725341797,82.7699966430664,7572,0.0,0.0,0.0
2024-01-23 12:30:00-05:00,82.61000061035156,82.88999938964844,82.61000061035156,82.80000305175781,3829,0.0,0.0,0.0
2024-01-23 13:30:00-05:00,82.87999725341797,82.99490356445312,82.87000274658203,82.99490356445312,4085,0.0,0.0,0.0
2024-01-23 14:30:00-05:00,82.9800033569336,83.13500213623047,82.9800033569336,83.11000061035156,4130,0.0,0.0,0.0
2024-01-23 15:30:00-05:00,83.05999755859375,83.19000244140625,83.05000305175781,83.19000244140625,2146,0.0,0.0,0.0
2024-01-24 09:30:00-05:00,83.70999908447266,83.91000366210938,83.31999969482422,83.37339782714844,13744,0.0,0.0,0.0
2024-01-24 10:30:00-05:00,83.62999725341797,83.70999908447266,83.37999725341797,83.54000091552734,6132,0.0,0.0,0.0
2024-01-24 11:30:00-05:00,83.54000091552734,83.54000091552734,83.38410186767578,83.48999786376953,4041,0.0,0.0,0.0
2024-01-24 12:30:00-05:00,83.51499938964844,83.66999816894531,83.26000213623047,83.3550033569336,8011,0.0,0.0,0.0
2024-01-24 13:30:00-05:00,83.41999816894531,83.41999816894531,83.08000183105469,83.08000183105469,5602,0.0,0.0,0.0
2024-01-24 14:30:00-05:00,83.07499694824219,83.17990112304688,83.06999969482422,83.10169982910156,7492,0.0,0.0,0.0
2024-01-24 15:30:00-05:00,83.08999633789062,83.08999633789062,83.0,83.0,2869,0.0,0.0,0.0
2024-01-25 09:30:00-05:00,82.73999786376953,82.73999786376953,82.19999694824219,82.31999969482422,22191,0.0,0.0,0.0
2024-01-25 10:30:00-05:00,82.27999877929688,82.27999877929688,81.91999816894531,82.0,10450,0.0,0.0,0.0
2024-01-25 11:30:00-05:00,82.0,82.0,81.66999816894531,81.6812973022461,30935,0.0,0.0,0.0
2024-01-25 12:30:00-05:00,81.72920227050781,81.97000122070312,81.5999984741211,81.89990234375,18495,0.0,0.0,0.0
2024-01-25 13:30:00-05:00,81.81999969482422,81.91940307617188,81.79000091552734,81.88890075683594,7849,0.0,0.0,0.0
2024-01-25 14:30:00-05:00,82.0250015258789,82.31500244140625,82.0199966430664,82.16000366210938,135741,0.0,0.0,0.0
2024-01-25 15:30:00-05:00,82.19000244140625,82.33000183105469,82.1500015258789,82.20999908447266,4050,0.0,0.0,0.0
2024-01-26 09:30:00-05:00,83.58000183105469,83.83999633789062,83.36000061035156,83.54499816894531,43712,0.0,0.0,0.0
2024-01-26 10:30:00-05:00,83.4800033569336,84.25,83.4800033569336,84.25,30752,0.0,0.0,0.0
2024-01-26 11:30:00-05:00,84.2699966430664,84.3499984741211,84.02999877929688,84.02999877929688,27928,0.0,0.0,0.0
2024-01-26 12:30:00-05:00,84.04000091552734,84.31999969482422,83.8499984741211,84.31999969482422,18258,0.0,0.0,0.0
2024-01-26 13:30:00-05:00,84.29000091552734,84.44499969482422,84.22000122070312,84.2750015258789,23030,0.0,0.0,0.0
2024-01-26 14:30:00-05:00,84.2699966430664,84.37999725341797,84.2300033569336,84.2699966430664,22506,0.0,0.0,0.0
2024-01-26 15:30:00-05:00,84.27999877929688,84.3499984741211,84.0999984741211,84.33999633789062,28949,0.0,0.0,0.0
2024-01-29 09:30:00-05:00,84.88999938964844,85.18000030517578,84.48999786376953,85.13990020751953,37144,0.0,0.0,0.0
2024-01-29 10:30:00-05:00,85.06999969482422,85.44999694824219,85.01000213623047,85.44999694824219,9981,0.0,0.0,0.0
2024-01-29 11:30:00-05:00,85.40399932861328,85.55999755859375,85.25499725341797,85.5199966430664,12543,0.0,0.0,0.0
2024-01-29 12:30:00-05:00,85.56990051269531,85.56999969482422,85.36499786376953,85.5259017944336,7128,0.0,0.0,0.0
2024-01-29 13:30:00-05:00,85.5,85.52999877929688,85.43000030517578,85.52999877929688,3613,0.0,0.0,0.0
2024-01-29 14:30:00-05:00,85.55000305175781,85.83999633789062,85.51499938964844,85.7300033569336,11756,0.0,0.0,0.0
2024-01-29 15:30:00-05:00,85.75,85.75,85.62000274658203,85.6500015258789,5254,0.0,0.0,0.0
2024-01-30 09:30:00-05:00,85.5,85.5999984741211,84.2699966430664,84.2699966430664,32128,0.0,0.0,0.0
2024-01-30 10:30:00-05:00,84.2300033569336,84.9749984741211,84.22000122070312,84.70999908447266,13445,0.0,0.0,0.0
2024-01-30 11:30:00-05:00,84.95230102539062,85.06500244140625,84.94000244140625,85.06500244140625,11114,0.0,0.0,0.0
2024-01-30 12:30:00-05:00,85.0199966430664,85.08999633789062,84.95999908447266,85.08999633789062,4501,0.0,0.0,0.0
2024-01-30 13:30:00-05:00,85.15540313720703,85.15540313720703,85.08000183105469,85.12699890136719,2787,0.0,0.0,0.0
2024-01-30 14:30:00-05:00,85.16010284423828,85.18990325927734,85.16010284423828,85.18990325927734,529,0.0,0.0,0.0
2024-01-30 15:30:00-05:00,85.19999694824219,85.19999694824219,85.0,85.08999633789062,11111,0.0,0.0,0.0
2024-01-31 09:30:00-05:00,85.29000091552734,85.63999938964844,85.21289825439453,85.5427017211914,19362,0.0,0.0,0.0
2024-01-31 10:30:00-05:00,85.68000030517578,86.0,85.46499633789062,85.5,8038,0.0,0.0,0.0
2024-01-31 11:30:00-05:00,85.6488037109375,85.6488037109375,85.27999877929688,85.43990325927734,6648,0.0,0.0,0.0
2024-01-31 12:30:00-05:00,85.4000015258789,85.4000015258789,85.00180053710938,85.00180053710938,7457,0.0,0.0,0.0
2024-01-31 13:30:00-05:00,84.95189666748047,85.12999725341797,84.83999633789062,84.9000015258789,5613,0.0,0.0,0.0
2024-01-31 14:30:00-05:00,84.8499984741211,85.41000366210938,84.43009948730469,84.43009948730469,12493,0.0,0.0,0.0
2024-01-31 15:30:00-05:00,84.45010375976562,84.52999877929688,84.24610137939453,84.44000244140625,6037,0.0,0.0,0.0
2024-02-01 09:30:00-05:00,83.83999633789062,84.2300033569336,83.77999877929688,84.07499694824219,35331,0.0,0.0,0.0
2024-02-01 10:30:00-05:00,84.13999938964844,84.41999816894531,83.69999694824219,84.36000061035156,18745,0.0,0.0,0.0
2024-02-01 11:30:00-05:00,84.48999786376953,84.48999786376953,84.16999816894531,84.25,15447,0.0,0.0,0.0
2024-02-01 12:30:00-05:00,84.25990295410156,84.25990295410156,83.87999725341797,83.94999694824219,14152,0.0,0.0,0.0
2024-02-01 13:30:00-05:00,84.06379699707031,84.19989776611328,83.94999694824219,84.06999969482422,3065,0.0,0.0,0.0
2024-02-01 14:30:00-05:00,84.0999984741211,84.20999908447266,83.98999786376953,84.14199829101562,3360,0.0,0.0,0.0
2024-02-01 15:30:00-05:00,84.17749786376953,84.32209777832031,84.11000061035156,84.16999816894531,8021,0.0,0.0,0.0
2024-02-02 09:30:00-05:00,83.02999877929688,83.08999633789062,82.30000305175781,82.30000305175781,36010,0.0,0.0,0.0
2024-02-02 10:30:00-05:00,82.4000015258789,82.72000122070312,82.11000061035156,82.22000122070312,25986,0.0,0.0,0.0
2024-02-02 11:30:00-05:00,82.16999816894531,82.46499633789062,82.16000366210938,82.31999969482422,21339,0.0,0.0,0.0
2024-02-02 12:30:00-05:00,82.41519927978516,82.44000244140625,82.30000305175781,82.38600158691406,9062,0.0,0.0,0.0
2024-02-02 13:30:00-05:00,82.30000305175781,82.44989776611328,82.30000305175781,82.4000015258789,9180,0.0,0.0,0.0
2024-02-02 14:30:00-05:00,82.4000015258789,82.45999908447266,82.30999755859375,82.37999725341797,32060,0.0,0.0,0.0
2024-02-02 15:30:00-05:00,82.37000274658203,82.4000015258789,82.2300033569336,82.2300033569336,12407,0.0,0.0,0.0
2024-02-05 09:30:00-05:00,82.95999908447266,82.95999908447266,82.25,82.36000061035156,53774,0.0,0.0,0.0
2024-02-05 10:30:00-05:00,82.3905029296875,82.3905029296875,82.02010345458984,82.1176986694336,6825,0.0,0.0,0.0
2024-02-05 11:30:00-05:00,82.27999877929688,82.72000122070312,82.15010070800781,82.72000122070312,6124,0.0,0.0,0.0
2024-02-05 12:30:00-05:00,82.72000122070312,82.79499816894531,82.5199966430664,82.7300033569336,6149,0.0,0.0,0.0
2024-02-05 13:30:00-05:00,82.72000122070312,82.80000305175781,82.68000030517578,82.80000305175781,2278,0.0,0.0,0.0
2024-02-05 14:30:00-05:00,82.78119659423828,82.89990234375,82.70999908447266,82.7699966430664,4160,0.0,0.0,0.0
2024-02-05 15:30:00-05:00,82.7699966430664,83.02999877929688,82.7699966430664,82.9000015258789,16912,0.0,0.0,0.0
2024-02-06 09:30:00-05:00,83.02999877929688,83.20999908447266,82.71499633789062,83.20999908447266,24724,0.0,0.0,0.0
2024-02-06 10:30:00-05:00,83.25499725341797,83.27999877929688,83.08999633789062,83.23999786376953,5229,0.0,0.0,0.0
2024-02-06 11:30:00-05:00,83.25920104980469,83.50990295410156,83.22000122070312,83.33989715576172,3369,0.0,0.0,0.0
2024-02-06 12:30:00-05:00,83.33609771728516,83.33609771728516,83.13999938964844,83.16999816894531,3108,0.0,0.0,0.0
2024-02-06 13:30:00-05:00,83.19000244140625,83.30699920654297,83.12999725341797,83.13999938964844,2284,0.0,0.0,0.0
2024-02-06 14:30:00-05:00,83.17900085449219,83.29319763183594,83.17900085449219,83.29319763183594,2005,0.0,0.0,0.0
2024-02-06 15:30:00-05:00,83.30000305175781,83.4000015258789,83.20500183105469,83.4000015258789,1692,0.0,0.0,0.0
2024-02-07 09:30:00-05:00,81.43000030517578,81.95999908447266,81.2301025390625,81.75,28179,0.0,0.0,0.0
2024-02-07 10:30:00-05:00,81.66999816894531,81.72000122070312,81.18000030517578,81.18000030517578,29644,0.0,0.0,0.0
2024-02-07 11:30:00-05:00,81.20999908447266,81.26000213623047,80.93000030517578,81.17880249023438,30935,0.0,0.0,0.0
2024-02-07 12:30:00-05:00,81.0999984741211,81.19999694824219,80.9999008178711,81.16000366210938,12565,0.0,0.0,0.0
2024-02-07 13:30:00-05:00,81.16999816894531,81.21849822998047,81.11750030517578,81.20999908447266,10039,0.0,0.0,0.0
2024-02-07 14:30:00-05:00,81.19999694824219,81.27999877929688,81.13999938964844,81.26499938964844,8361,0.0,0.0,0.0
2024-02-07 15:30:00-05:00,81.20089721679688,81.31999969482422,81.15239715576172,81.2300033569336,8508,0.0,0.0,0.0
2024-02-08 09:30:00-05:00,80.62999725341797,81.35970306396484,80.5,81.20999908447266,53415,0.0,0.0,0.0
2024-02-08 10:30:00-05:00,81.19999694824219,81.72000122070312,81.19999694824219,81.68000030517578,39984,0.0,0.0,0.0
2024-02-08 11:30:00-05:00,81.56539916992188,81.80999755859375,81.56539916992188,81.62999725341797,13105,0.0,0.0,0.0
2024-02-08 12:30:00-05:00,81.63999938964844,81.7699966430664,81.55999755859375,81.69349670410156,8346,0.0,0.0,0.0
2024-02-08 13:30:00-05:00,81.67620086669922,81.8499984741211,81.62999725341797,81.81999969482422,8827,0.0,0.0,0.0
2024-02-08 14:30:00-05:00,81.73410034179688,81.86000061035156,81.70999908447266,81.82430267333984,7169,0.0,0.0,0.0
2024-02-08 15:30:00-05:00,81.76000213623047,81.81500244140625,81.70459747314453,81.80000305175781,6666,0.0,0.0,0.0
2024-02-09 09:30:00-05:00,80.80999755859375,80.8499984741211,80.52999877929688,80.62999725341797,90580,0.0,0.0,0.0
2024-02-09 10:30:00-05:00,80.58999633789062,80.62999725341797,80.19999694824219,80.20999908447266,39803,0.0,0.0,0.0
2024-02-09 11:30:00-05:00,80.20999908447266,80.26000213623047,80.08999633789062,80.17980194091797,21145,0.0,0.0,0.0
2024-02-09 12:30:00-05:00,80.16000366210938,80.5,80.14720153808594,80.46499633789062,19937,0.0,0.0,0.0
2024-02-09 13:30:00-05:00,80.45130157470703,80.63999938964844,80.44000244140625,80.63999938964844,4144,0.0,0.0,0.0
2024-02-09 14:30:00-05:00,80.62999725341797,80.7300033569336,80.55999755859375,80.62999725341797,9463,0.0,0.0,0.0
2024-02-09 15:30:00-05:00,80.62999725341797,80.69999694824219,80.58399963378906,80.66000366210938,7308,0.0,0.0,0.0
2024-02-12 09:30:00-05:00,81.12999725341797,81.12999725341797,80.61009979248047,80.87000274658203,22856,0.0,0.0,0.0
2024-02-12 10:30:00-05:00,80.91000366210938,81.68000030517578,80.91000366210938,81.68000030517578,16203,0.0,0.0,0.0
2024-02-12 11:30:00-05:00,81.77999877929688,82.27999877929688,81.75,82.06999969482422,14713,0.0,0.0,0.0
2024-02-12 12:30:00-05:00,82.14990234375,82.1500015258789,81.95999908447266,82.0999984741211,10773,0.0,0.0,0.0
2024-02-12 13:30:00-05:00,82.13179779052734,82.13179779052734,82.02200317382812,82.02200317382812,7543,0.0,0.0,0.0
2024-02-12 14:30:00-05:00,82.01000213623047,82.01000213623047,81.9000015258789,81.91000366210938,3297,0.0,0.0,0.0
2024-02-12 15:30:00-05:00,81.91000366210938,82.04000091552734,81.91000366210938,81.98999786376953,4477,0.0,0.0,0.0
2024-02-13 09:30:00-05:00,81.19000244140625,81.25,80.22779846191406,80.2699966430664,56440,0.0,0.0,0.0
2024-02-13 10:30:00-05:00,80.2301025390625,80.58999633789062,80.18000030517578,80.31500244140625,17845,0.0,0.0,0.0
2024-02-13 11:30:00-05:00,80.3499984741211,80.43000030517578,80.12000274658203,80.3499984741211,18541,0.0,0.0,0.0
2024-02-13 12:30:00-05:00,80.3550033569336,80.4000015258789,80.31009674072266,80.37000274658203,7172,0.0,0.0,0.0
2024-02-13 13:30:00-05:00,80.4000015258789,80.4000015258789,80.25,80.25,13839,0.0,0.0,0.0
2024-02-13 14:30:00-05:00,80.31999969482422,80.33110046386719,80.25,80.26300048828125,4463,0.0,0.0,0.0
2024-02-13 15:30:00-05:00,80.27400207519531,80.52999877929688,80.27400207519531,80.52999877929688,16962,0.0,0.0,0.0
2024-02-14 09:30:00-05:00,82.02999877929688,82.10990142822266,81.41999816894531,81.66179656982422,31629,0.0,0.0,0.0
2024-02-14 10:30:00-05:00,81.71990203857422,82.18000030517578,81.50990295410156,82.1500015258789,12800,0.0,0.0,0.0
2024-02-14 11:30:00-05:00,82.16999816894531,82.44000244140625,81.95500183105469,81.97000122070312,11594,0.0,0.0,0.0
2024-02-14 12:30:00-05:00,82.0,82.0,81.77999877929688,81.77999877929688,4284,0.0,0.0,0.0
2024-02-14 13:30:00-05:00,81.93990325927734,81.93990325927734,81.58999633789062,81.66000366210938,72276,0.0,0.0,0.0
2024-02-14 14:30:00-05:00,81.6500015258789,81.87000274658203,81.6449966430664,81.80000305175781,22267,0.0,0.0,0.0
2024-02-14 15:30:00-05:00,82.12989807128906,82.12989807128906,81.61650085449219,81.91000366210938,6643,0.0,0.0,0.0
2024-02-15 09:30:00-05:00,82.4800033569336,83.1050033569336,82.4800033569336,83.05000305175781,32705,0.0,0.0,0.0
2024-02-15 10:30:00-05:00,82.94999694824219,82.94999694824219,82.3499984741211,82.41999816894531,14605,0.0,0.0,0.0
2024-02-15 11:30:00-05:00,82.43000030517578,82.6155014038086,82.40499877929688,82.5,3115,0.0,0.0,0.0
2024-02-15 12:30:00-05:00,82.54000091552734,82.69000244140625,82.4800033569336,82.66999816894531,7535,0.0,0.0,0.0
2024-02-15 13:30:00-05:00,82.68000030517578,82.76000213623047,82.5999984741211,82.66000366210938,8202,0.0,0.0,0.0
2024-02-15 14:30:00-05:00,82.70999908447266,82.80999755859375,82.58000183105469,82.66999816894531,8578,0.0,0.0,0.0
2024-02-15 15:30:00-05:00,82.66000366210938,82.7385025024414,82.5999984741211,82.69000244140625,14905,0.0,0.0,0.0
2024-02-16 09:30:00-05:00,82.1500015258789,83.11000061035156,82.1500015258789,83.0999984741211,22457,0.0,0.0,0.0
2024-02-16 10:30:00-05:00,83.12000274658203,83.30000305175781,83.0199966430664,83.30000305175781,17714,0.0,0.0,0.0
2024-02-16 11:30:00-05:00,83.12999725341797,83.30000305175781,83.0,83.12000274658203,17188,0.0,0.0,0.0
2024-02-16 12:30:00-05:00,83.08999633789062,83.3499984741211,83.08999633789062,83.19000244140625,21217,0.0,0.0,0.0
2024-02-16 13:30:00-05:00,83.24500274658203,83.45369720458984,83.20999908447266,83.41999816894531,10177,0.0,0.0,0.0
2024-02-16 14:30:00-05:00,83.37999725341797,83.4000015258789,83.08999633789062,83.13009643554688,12428,0.0,0.0,0.0
2024-02-16 15:30:00-05:00,83.19999694824219,83.37000274658203,83.19999694824219,83.26000213623047,13278,0.0,0.0,0.0
2024-02-20 09:30:00-05:00,83.94999694824219,84.05999755859375,83.5,83.80999755859375,41989,0.0,0.0,0.0
2024-02-20 10:30:00-05:00,83.76000213623047,83.87999725341797,83.5250015258789,83.54000091552734,8106,0.0,0.0,0.0
2024-02-20 11:30:00-05:00,83.5000991821289,83.5999984741211,83.37999725341797,83.4800033569336,7251,0.0,0.0,0.0
2024-02-20 12:30:00-05:00,83.5,83.5,83.36000061035156,83.40499877929688,11746,0.0,0.0,0.0
2024-02-20 13:30:00-05:00,83.33000183105469,83.41000366210938,83.30000305175781,83.37999725341797,5047,0.0,0.0,0.0
2024-02-20 14:30:00-05:00,83.38400268554688,83.38400268554688,83.30000305175781,83.30999755859375,1704,0.0,0.0,0.0
2024-02-20 15:30:00-05:00,83.30999755859375,83.33000183105469,83.12999725341797,83.26000213623047,12410,0.0,0.0,0.0
2024-02-21 09:30:00-05:00,82.30999755859375,82.30999755859375,81.69000244140625,81.70999908447266,36846,0.0,0.0,0.0
2024-02-21 10:30:00-05:00,81.75,81.8499984741211,81.30000305175781,81.44010162353516,29932,0.0,0.0,0.0
2024-02-21 11:30:00-05:00,81.4000015258789,81.49649810791016,81.25,81.42500305175781,9961,0.0,0.0,0.0
2024-02-21 12:30:00-05:00,81.41000366210938,81.58999633789062,81.38009643554688,81.44000244140625,9558,0.0,0.0,0.0
2024-02-21 13:30:00-05:00,81.49849700927734,81.6500015258789,81.37000274658203,81.4208984375,7712,0.0,0.0,0.0
2024-02-21 14:30:00-05:00,81.46499633789062,81.47000122070312,81.31310272216797,81.38009643554688,5354,0.0,0.0,0.0
2024-02-21 15:30:00-05:00,81.41500091552734,81.54499816894531,81.37999725341797,81.45999908447266,4548,0.0,0.0,0.0
2024-02-22 09:30:00-05:00,82.58999633789062,82.82550048828125,81.91999816894531,82.23999786376953,41604,0.0,0.0,0.0
2024-02-22 10:30:00-05:00,82.25,83.0,82.25,83.0,7050,0.0,0.0,0.0
2024-02-22 11:30:00-05:00,83.0,83.0,82.83000183105469,82.9135971069336,10231,0.0,0.0,0.0
2024-02-22 12:30:00-05:00,82.9000015258789,82.91000366210938,82.7301025390625,82.76000213623047,4163,0.0,0.0,0.0
2024-02-22 13:30:00-05:00,82.83509826660156,82.8949966430664,82.74009704589844,82.86000061035156,6022,0.0,0.0,0.0
2024-02-22 14:30:00-05:00,82.84500122070312,82.88999938964844,82.80000305175781,82.80000305175781,3934,0.0,0.0,0.0
2024-02-22 15:30:00-05:00,82.79000091552734,82.91999816894531,82.76000213623047,82.91999816894531,4059,0.0,0.0,0.0
2024-02-23 09:30:00-05:00,83.26000213623047,83.26000213623047,82.36009979248047,82.83000183105469,30969,0.0,0.0,0.0
2024-02-23 10:30:00-05:00,82.74500274658203,83.0,82.62000274658203,82.94000244140625,7282,0.0,0.0,0.0
2024-02-23 11:30:00-05:00,82.91999816894531,83.11990356445312,82.91000366210938,83.05999755859375,28914,0.0,0.0,0.0
2024-02-23 12:30:00-05:00,83.05000305175781,83.08000183105469,82.95999908447266,83.0,5841,0.0,0.0,0.0
2024-02-23 13:30:00-05:00,83.0999984741211,83.13670349121094,82.91500091552734,82.91500091552734,3466,0.0,0.0,0.0
2024-02-23 14:30:00-05:00,82.86000061035156,82.89990234375,82.80999755859375,82.89990234375,7242,0.0,0.0,0.0
2024-02-23 15:30:00-05:00,82.80000305175781,82.83000183105469,82.80000305175781,82.80000305175781,1013,0.0,0.0,0.0
2024-02-26 09:30:00-05:00,81.12999725341797,81.2300033569336,80.83000183105469,80.86990356445312,44637,0.0,0.0,0.0
2024-02-26 10:30:00-05:00,80.86000061035156,80.98989868164062,80.70010375976562,80.70010375976562,21144,0.0,0.0,0.0
2024-02-26 11:30:00-05:00,80.72560119628906,80.94999694824219,80.72000122070312,80.94000244140625,15527,0.0,0.0,0.0
2024-02-26 12:30:00-05:00,80.9000015258789,80.9000015258789,80.67849731445312,80.72730255126953,8307,0.0,0.0,0.0
2024-02-26 13:30:00-05:00,80.74299621582031,80.88999938964844,80.74299621582031,80.84210205078125,8052,0.0,0.0,0.0
2024-02-26 14:30:00-05:00,80.83280181884766,81.06999969482422,80.83280181884766,80.99980163574219,6601,0.0,0.0,0.0
2024-02-26 15:30:00-05:00,80.9990005493164,81.0562973022461,80.93779754638672,81.04000091552734,4403,0.0,0.0,0.0
2024-02-27 09:30:00-05:00,81.94999694824219,82.22000122070312,81.75019836425781,81.86990356445312,68996,0.0,0.0,0.0
2024-02-27 10:30:00-05:00,81.83000183105469,82.29989624023438,81.83000183105469,82.16500091552734,12668,0.0,0.0,0.0
2024-02-27 11:30:00-05:00,82.2300033569336,82.23500061035156,81.90010070800781,81.90010070800781,3240,0.0,0.0,0.0
2024-02-27 12:30:00-05:00,82.11000061035156,82.19999694824219,81.98999786376953,82.19999694824219,1893,0.0,0.0,0.0
2024-02-27 13:30:00-05:00,82.12000274658203,82.12000274658203,82.06999969482422,82.11000061035156,971,0.0,0.0,0.0
2024-02-27 14:30:00-05:00,82.06999969482422,82.0999984741211,81.94010162353516,82.0,3385,0.0,0.0,0.0
2024-02-27 15:30:00-05:00,81.99299621582031,82.02999877929688,81.91999816894531,81.91999816894531,3216,0.0,0.0,0.0
2024-02-28 09:30:00-05:00,81.1500015258789,81.19999694824219,80.80000305175781,80.88999938964844,39970,0.0,0.0,0.0
2024-02-28 10:30:00-05:00,80.8550033569336,80.91000366210938,80.77989959716797,80.91000366210938,19310,0.0,0.0,0.0
2024-02-28 11:30:00-05:00,80.78369903564453,80.97129821777344,80.7699966430664,80.97129821777344,5166,0.0,0.0,0.0
2024-02-28 12:30:00-05:00,80.87129974365234,81.0999984741211,80.87129974365234,81.0718994140625,3888,0.0,0.0,0.0
2024-02-28 13:30:00-05:00,81.06999969482422,81.06999969482422,80.93000030517578,80.93000030517578,2114,0.0,0.0,0.0
2024-02-28 14:30:00-05:00,80.94000244140625,81.07869720458984,80.87000274658203,81.02469635009766,4378,0.0,0.0,0.0
2024-02-28 15:30:00-05:00,81.03620147705078,81.03620147705078,80.82589721679688,80.91000366210938,2716,0.0,0.0,0.0
2024-02-29 09:30:00-05:00,81.48999786376953,81.69499969482422,81.33999633789062,81.4000015258789,7928,0.0,0.0,0.0
2024-02-29 10:30:00-05:00,81.29000091552734,81.58000183105469,80.87999725341797,80.87999725341797,5824,0.0,0.0,0.0
2024-02-29 11:30:00-05:00,80.88500213623047,81.0999984741211,80.76010131835938,80.93000030517578,9145,0.0,0.0,0.0
2024-02-29 12:30:00-05:00,80.88999938964844,81.19000244140625,80.81009674072266,81.12999725341797,4242,0.0,0.0,0.0
2024-02-29 13:30:00-05:00,81.01010131835938,81.25900268554688,81.01000213623047,81.01000213623047,1167,0.0,0.0,0.0
2024-02-29 14:30:00-05:00,81.03399658203125,81.04499816894531,80.9000015258789,81.04499816894531,4234,0.0,0.0,0.0
2024-02-29 15:30:00-05:00,81.00910186767578,81.08719635009766,80.98999786376953,80.98999786376953,3529,0.0,0.0,0.0
2024-03-01 09:30:00-05:00,80.5,80.81999969482422,80.1500015258789,80.81999969482422,85054,0.0,0.0,0.0
2024-03-01 10:30:00-05:00,80.80999755859375,81.31500244140625,80.77999877929688,81.1500015258789,38805,0.0,0.0,0.0
2024-03-01 11:30:00-05:00,81.2300033569336,81.31999969482422,80.9800033569336,81.25,24503,0.0,0.0,0.0
2024-03-01 12:30:00-05:00,81.28500366210938,81.32990264892578,81.12000274658203,81.30000305175781,15579,0.0,0.0,0.0
2024-03-01 13:30:00-05:00,81.4000015258789,81.55000305175781,81.4000015258789,81.45999908447266,11012,0.0,0.0,0.0
2024-03-01 14:30:00-05:00,81.55000305175781,81.62989807128906,81.41000366210938,81.4800033569336,5812,0.0,0.0,0.0
2024-03-01 15:30:00-05:00,81.45999908447266,81.50990295410156,81.40360260009766,81.46720123291016,6515,0.0,0.0,0.0
2024-03-04 09:30:00-05:00,82.08000183105469,82.48699951171875,81.94000244140625,82.13999938964844,41017,0.0,0.0,0.0
2024-03-04 10:30:00-05:00,82.19000244140625,82.7699966430664,82.1500015258789,82.6500015258789,19172,0.0,0.0,0.0
2024-03-04 11:30:00-05:00,82.66000366210938,82.9000015258789,82.58000183105469,82.71399688720703,18534,0.0,0.0,0.0
2024-03-04 12:30:00-05:00,82.70500183105469,82.70999908447266,82.56999969482422,82.56999969482422,2336,0.0,0.0,0.0
2024-03-04 13:30:00-05:00,82.61000061035156,82.67639923095703,82.51110076904297,82.58499908447266,2822,0.0,0.0,0.0
2024-03-04 14:30:00-05:00,82.5999984741211,82.7499008178711,82.57009887695312,82.68370056152344,9604,0.0,0.0,0.0
2024-03-04 15:30:00-05:00,82.72000122070312,82.75,82.55010223388672,82.55010223388672,6522,0.0,0.0,0.0
2024-03-05 09:30:00-05:00,81.41999816894531,81.92759704589844,81.20279693603516,81.61000061035156,57781,0.0,0.0,0.0
2024-03-05 10:30:00-05:00,81.55999755859375,81.74500274658203,81.08999633789062,81.23999786376953,37205,0.0,0.0,0.0
2024-03-05 11:30:00-05:00,81.2300033569336,81.375,81.03009796142578,81.375,15925,0.0,0.0,0.0
2024-03-05 12:30:00-05:00,81.31999969482422,81.40029907226562,81.19499969482422,81.23999786376953,8250,0.0,0.0,0.0
2024-03-05 13:30:00-05:00,81.29000091552734,81.31999969482422,81.13009643554688,81.31500244140625,8470,0.0,0.0,0.0
2024-03-05 14:30:00-05:00,81.29000091552734,81.29000091552734,81.0999984741211,81.1500015258789,18164,0.0,0.0,0.0
2024-03-05 15:30:00-05:00,81.0999984741211,81.19999694824219,81.06999969482422,81.11000061035156,12947,0.0,0.0,0.0
2024-03-06 09:30:00-05:00,82.19999694824219,83.0,82.19999694824219,82.97000122070312,119603,0.0,0.0,0.0
2024-03-06 10:30:00-05:00,82.94499969482422,83.3499984741211,82.7699966430664,83.29000091552734,84801,0.0,0.0,0.0
2024-03-06 11:30:00-05:00,83.33619689941406,83.78759765625,83.23500061035156,83.55010223388672,38127,0.0,0.0,0.0
2024-03-06 12:30:00-05:00,83.55999755859375,83.61000061035156,83.5199966430664,83.61000061035156,5322,0.0,0.0,0.0
2024-03-06 13:30:00-05:00,83.61009979248047,83.62999725341797,83.14009857177734,83.2300033569336,16845,0.0,0.0,0.0
2024-03-06 14:30:00-05:00,83.22000122070312,83.3291015625,83.12999725341797,83.22000122070312,11510,0.0,0.0,0.0
2024-03-06 15:30:00-05:00,83.22589874267578,83.39990234375,83.1613998413086,83.26000213623047,3526,0.0,0.0,0.0
2024-03-07 09:30:00-05:00,84.55000305175781,84.76930236816406,84.37000274658203,84.5,67014,0.0,0.0,0.0
2024-03-07 10:30:00-05:00,84.55000305175781,84.80000305175781,84.37999725341797,84.55000305175781,24206,0.0,0.0,0.0
2024-03-07 11:30:00-05:00,84.61000061035156,84.69740295410156,84.42410278320312,84.55000305175781,24905,0.0,0.0,0.0
2024-03-07 12:30:00-05:00,84.5199966430664,84.5999984741211,84.05940246582031,84.46399688720703,19547,0.0,0.0,0.0
2024-03-07 13:30:00-05:00,84.5259017944336,84.58999633789062,84.44000244140625,84.55999755859375,12388,0.0,0.0,0.0
2024-03-07 14:30:00-05:00,84.58999633789062,84.69000244140625,84.43009948730469,84.58999633789062,15110,0.0,0.0,0.0
2024-03-07 15:30:00-05:00,84.58999633789062,84.58999633789062,84.43009948730469,84.55000305175781,17545,0.0,0.0,0.0
2024-03-08 09:30:00-05:00,84.3499984741211,84.41999816894531,83.82499694824219,84.0999984741211,31876,0.0,0.0,0.0
2024-03-08 10:30:00-05:00,83.98999786376953,84.18499755859375,83.51000213623047,83.52999877929688,21995,0.0,0.0,0.0
2024-03-08 11:30:00-05:00,83.56999969482422,84.28500366210938,83.55999755859375,84.13200378417969,18320,0.0,0.0,0.0
2024-03-08 12:30:00-05:00,84.29000091552734,84.29000091552734,83.62809753417969,83.81999969482422,12088,0.0,0.0,0.0
2024-03-08 13:30:00-05:00,83.83000183105469,83.88999938964844,83.57499694824219,83.88999938964844,13898,0.0,0.0,0.0
2024-03-08 14:30:00-05:00,83.81999969482422,83.9800033569336,83.76010131835938,83.80000305175781,10062,0.0,0.0,0.0
2024-03-08 15:30:00-05:00,83.79000091552734,83.91000366210938,83.75,83.86000061035156,7409,0.0,0.0,0.0
2024-03-11 09:30:00-04:00,85.51000213623047,85.80999755859375,85.2249984741211,85.66000366210938,48665,0.0,0.0,0.0
2024-03-11 10:30:00-04:00,85.70999908447266,86.018798828125,85.65499877929688,86.01000213623047,33305,0.0,0.0,0.0
2024-03-11 11:30:00-04:00,85.88999938964844,86.12120056152344,85.88999938964844,86.12120056152344,25840,0.0,0.0,0.0
2024-03-11 12:30:00-04:00,86.11000061035156,86.39520263671875,86.0,86.30000305175781,12763,0.0,0.0,0.0
2024-03-11 13:30:00-04:00,86.27999877929688,86.43990325927734,86.08999633789062,86.16000366210938,158642,0.0,0.0,0.0
2024-03-11 14:30:00-04:00,86.19000244140625,86.5198974609375,86.05010223388672,86.30999755859375,19245,0.0,0.0,0.0
2024-03-11 15:30:00-04:00,86.31999969482422,86.36000061035156,86.11289978027344,86.23999786376953,18488,0.0,0.0,0.0
2024-03-12 09:30:00-04:00,84.26000213623047,84.61499786376953,83.91429901123047,84.61499786376953,32812,0.0,0.0,0.0
2024-03-12 10:30:00-04:00,84.61000061035156,84.83999633789062,84.50499725341797,84.72000122070312,7329,0.0,0.0,0.0
2024-03-12 11:30:00-04:00,84.6500015258789,84.9800033569336,84.6500015258789,84.93000030517578,12447,0.0,0.0,0.0
2024-03-12 12:30:00-04:00,84.83000183105469,85.04000091552734,84.69999694824219,84.88999938964844,7181,0.0,0.0,0.0
2024-03-12 13:30:00-04:00,84.9000015258789,84.95999908447266,84.66999816894531,84.73500061035156,3355,0.0,0.0,0.0
2024-03-12 14:30:00-04:00,84.97000122070312,84.97000122070312,84.72010040283203,84.91999816894531,4144,0.0,0.0,0.0
2024-03-12 15:30:00-04:00,84.9468002319336,84.95999908447266,84.83999633789062,84.87999725341797,4841,0.0,0.0,0.0
2024-03-13 09:30:00-04:00,85.58000183105469,85.8499984741211,85.49420166015625,85.70210266113281,29709,0.0,0.0,0.0
2024-03-13 10:30:00-04:00,85.62999725341797,86.19499969482422,85.62999725341797,86.19499969482422,14752,0.0,0.0,0.0
2024-03-13 11:30:00-04:00,86.16999816894531,86.44499969482422,86.08999633789062,86.37999725341797,26007,0.0,0.0,0.0
2024-03-13 12:30:00-04:00,86.32009887695312,86.5,86.29199981689453,86.44000244140625,48312,0.0,0.0,0.0
2024-03-13 13:30:00-04:00,86.4927978515625,86.57990264892578,86.37999725341797,86.37999725341797,5209,0.0,0.0,0.0
2024-03-13 14:30:00-04:00,86.45999908447266,86.5,86.33499908447266,86.33499908447266,28608,0.0,0.0,0.0
2024-03-13 15:30:00-04:00,86.41999816894531,86.47000122070312,86.31500244140625,86.47000122070312,6688,0.0,0.0,0.0
2024-03-14 09:30:00-04:00,85.87999725341797,85.87999725341797,85.19999694824219,85.30999755859375,35289,0.0,0.0,0.0
2024-03-14 10:30:00-04:00,85.44999694824219,85.61000061035156,85.2300033569336,85.58000183105469,24348,0.0,0.0,0.0
2024-03-14 11:30:00-04:00,85.45010375976562,85.65499877929688,85.30000305175781,85.38739776611328,9242,0.0,0.0,0.0
2024-03-14 12:30:00-04:00,85.61000061035156,85.69000244140625,85.55010223388672,85.69000244140625,2053,0.0,0.0,0.0
2024-03-14 13:30:00-04:00,85.57009887695312,85.6500015258789,85.57009887695312,85.6500015258789,1754,0.0,0.0,0.0
2024-03-14 14:30:00-04:00,85.55000305175781,85.56999969482422,85.41000366210938,85.41000366210938,2625,0.0,0.0,0.0
2024-03-14 15:30:00-04:00,85.37000274658203,85.55999755859375,85.3292007446289,85.48999786376953,8132,0.0,0.0,0.0
2024-03-15 09:30:00-04:00,86.55000305175781,87.37999725341797,86.55000305175781,86.7699966430664,62689,0.0,0.0,0.0
2024-03-15 10:30:00-04:00,86.77999877929688,86.97000122070312,86.55000305175781,86.77999877929688,20837,0.0,0.0,0.0
2024-03-15 11:30:00-04:00,86.5999984741211,86.71499633789062,86.31999969482422,86.31999969482422,3339,0.0,0.0,0.0
2024-03-15 12:30:00-04:00,86.4000015258789,86.55000305175781,86.13009643554688,86.38999938964844,4798,0.0,0.0,0.0
2024-03-15 13:30:00-04:00,86.33999633789062,86.43000030517578,86.31999969482422,86.37999725341797,4199,0.0,0.0,0.0
2024-03-15 14:30:00-04:00,86.4000015258789,86.54000091552734,86.37000274658203,86.5199966430664,4071,0.0,0.0,0.0
2024-03-15 15:30:00-04:00,86.53500366210938,86.54000091552734,86.19090270996094,86.41000366210938,8208,0.0,0.0,0.0
2024-03-18 09:30:00-04:00,84.66999816894531,84.92500305175781,84.33999633789062,84.36000061035156,47160,0.0,0.0,0.0
2024-03-18 10:30:00-04:00,84.22000122070312,84.46269989013672,84.19000244140625,84.2500991821289,18120,0.0,0.0,0.0
2024-03-18 11:30:00-04:00,84.41999816894531,84.56990051269531,84.25,84.29000091552734,9410,0.0,0.0,0.0
2024-03-18 12:30:00-04:00,84.318603515625,84.44999694824219,84.22000122070312,84.43000030517578,11237,0.0,0.0,0.0
2024-03-18 13:30:00-04:00,84.44999694824219,84.44999694824219,84.33869934082031,84.33999633789062,3341,0.0,0.0,0.0
2024-03-18 14:30:00-04:00,84.3550033569336,84.4000015258789,84.26180267333984,84.37550354003906,2242,0.0,0.0,0.0
2024-03-18 15:30:00-04:00,84.37999725341797,84.51000213623047,84.24009704589844,84.37000274658203,6537,0.0,0.0,0.0
2024-03-19 09:30:00-04:00,82.58000183105469,82.74610137939453,82.20999908447266,82.5,140208,0.0,0.0,0.0
2024-03-19 10:30:00-04:00,82.38999938964844,82.43499755859375,82.2300033569336,82.27989959716797,14222,0.0,0.0,0.0
2024-03-19 11:30:00-04:00,82.30999755859375,82.44499969482422,82.19000244140625,82.44499969482422,15546,0.0,0.0,0.0
2024-03-19 12:30:00-04:00,82.42410278320312,82.62000274658203,82.42410278320312,82.5,16689,0.0,0.0,0.0
2024-03-19 13:30:00-04:00,82.58999633789062,82.58999633789062,82.4000015258789,82.43000030517578,7272,0.0,0.0,0.0
2024-03-19 14:30:00-04:00,82.45010375976562,82.61990356445312,82.38999938964844,82.44000244140625,9052,0.0,0.0,0.0
2024-03-19 15:30:00-04:00,82.43000030517578,82.62999725341797,82.4000015258789,82.62999725341797,15198,0.0,0.0,0.0
2024-03-20 09:30:00-04:00,82.16000366210938,82.9800033569336,82.0199966430664,82.68000030517578,88111,0.0,0.0,0.0
2024-03-20 10:30:00-04:00,82.51000213623047,82.69999694824219,82.37999725341797,82.51000213623047,101772,0.0,0.0,0.0
2024-03-20 11:30:00-04:00,82.48500061035156,82.55000305175781,82.38999938964844,82.38999938964844,8331,0.0,0.0,0.0
2024-03-20 12:30:00-04:00,82.47000122070312,82.61000061035156,82.43000030517578,82.61000061035156,3015,0.0,0.0,0.0
2024-03-20 13:30:00-04:00,82.5,83.18990325927734,82.41999816894531,82.93000030517578,13320,0.0,0.0,0.0
2024-03-20 14:30:00-04:00,82.8114013671875,83.72000122070312,82.7300033569336,83.72000122070312,20415,0.0,0.0,0.0
2024-03-20 15:30:00-04:00,83.69000244140625,83.69000244140625,83.41000366210938,83.68000030517578,13076,0.0,0.0,0.0
2024-03-21 09:30:00-04:00,84.27999877929688,84.37850189208984,83.5,83.56999969482422,80907,0.0,0.0,0.0
2024-03-21 10:30:00-04:00,83.55999755859375,83.94979858398438,83.31500244140625,83.40499877929688,16845,0.0,0.0,0.0
2024-03-21 11:30:00-04:00,83.5199966430664,83.77999877929688,83.5000991821289,83.68499755859375,52938,0.0,0.0,0.0
2024-03-21 12:30:00-04:00,83.62999725341797,83.69989776611328,83.56999969482422,83.58000183105469,3640,0.0,0.0,0.0
2024-03-21 13:30:00-04:00,83.58999633789062,83.66999816894531,83.51100158691406,83.55999755859375,6996,0.0,0.0,0.0
2024-03-21 14:30:00-04:00,83.55999755859375,83.66500091552734,83.52200317382812,83.52999877929688,6173,0.0,0.0,0.0
2024-03-21 15:30:00-04:00,83.5,83.5,83.33000183105469,83.37999725341797,5711,0.0,0.0,0.0
2024-03-22 09:30:00-04:00,82.86000061035156,83.18000030517578,82.63999938964844,82.7699966430664,19614,0.0,0.0,0.0
2024-03-22 10:30:00-04:00,82.69000244140625,82.79000091552734,82.47000122070312,82.51000213623047,18476,0.0,0.0,0.0
2024-03-22 11:30:00-04:00,82.56999969482422,82.62999725341797,82.20580291748047,82.2249984741211,17105,0.0,0.0,0.0
2024-03-22 12:30:00-04:00,82.23999786376953,82.37000274658203,82.16999816894531,82.20999908447266,9581,0.0,0.0,0.0
2024-03-22 13:30:00-04:00,82.20999908447266,82.31999969482422,82.20999908447266,82.30999755859375,14356,0.0,0.0,0.0
2024-03-22 14:30:00-04:00,82.30999755859375,82.38939666748047,82.20999908447266,82.31999969482422,126101,0.0,0.0,0.0
2024-03-22 15:30:00-04:00,82.31999969482422,82.39510345458984,82.27999877929688,82.31999969482422,15327,0.0,0.0,0.0
2024-03-25 09:30:00-04:00,83.31999969482422,83.80000305175781,83.31999969482422,83.69499969482422,40004,0.0,0.0,0.0
2024-03-25 10:30:00-04:00,83.61499786376953,83.66999816894531,83.32499694824219,83.38999938964844,9349,0.0,0.0,0.0
2024-03-25 11:30:00-04:00,83.43000030517578,83.58000183105469,83.34500122070312,83.47000122070312,9371,0.0,0.0,0.0
2024-03-25 12:30:00-04:00,83.5199966430664,83.5199966430664,83.22000122070312,83.22000122070312,5744,0.0,0.0,0.0
2024-03-25 13:30:00-04:00,83.2699966430664,83.30000305175781,83.06210327148438,83.15499877929688,8078,0.0,0.0,0.0
2024-03-25 14:30:00-04:00,83.19000244140625,83.2300033569336,83.05000305175781,83.08000183105469,4512,0.0,0.0,0.0
2024-03-25 15:30:00-04:00,83.05999755859375,83.16100311279297,83.0199966430664,83.04000091552734,7984,0.0,0.0,0.0
2024-03-26 09:30:00-04:00,84.05000305175781,84.05000305175781,82.9800033569336,83.13999938964844,10652,0.0,0.0,0.0
2024-03-26 10:30:00-04:00,83.05999755859375,83.33000183105469,82.76010131835938,83.18000030517578,18039,0.0,0.0,0.0
2024-03-26 11:30:00-04:00,83.12999725341797,83.25,82.98999786376953,83.16999816894531,9099,0.0,0.0,0.0
2024-03-26 12:30:00-04:00,83.32499694824219,83.43000030517578,83.2699966430664,83.3499984741211,8085,0.0,0.0,0.0
2024-03-26 13:30:00-04:00,83.2301025390625,83.33989715576172,83.13629913330078,83.29000091552734,3401,0.0,0.0,0.0
2024-03-26 14:30:00-04:00,83.2051010131836,83.31600189208984,83.09030151367188,83.09030151367188,4685,0.0,0.0,0.0
2024-03-26 15:30:00-04:00,83.13500213623047,83.14990234375,82.94499969482422,83.04000091552734,5952,0.0,0.0,0.0
2024-03-27 09:30:00-04:00,82.0,82.64350128173828,81.94490051269531,82.45999908447266,27703,0.0,0.0,0.0
2024-03-27 10:30:00-04:00,82.61000061035156,82.61000061035156,82.2500991821289,82.2500991821289,12556,0.0,0.0,0.0
2024-03-27 11:30:00-04:00,82.29010009765625,82.50499725341797,82.29010009765625,82.43000030517578,7571,0.0,0.0,0.0
2024-03-27 12:30:00-04:00,82.4800033569336,82.69999694824219,82.44999694824219,82.69999694824219,6145,0.0,0.0,0.0
2024-03-27 13:30:00-04:00,82.6178970336914,82.6178970336914,82.54550170898438,82.54550170898438,3465,0.0,0.0,0.0
2024-03-27 14:30:00-04:00,82.55000305175781,82.63999938964844,82.4800033569336,82.56999969482422,3331,0.0,0.0,0.0
2024-03-27 15:30:00-04:00,82.61000061035156,82.6500015258789,82.55000305175781,82.62000274658203,3996,0.0,0.0,0.0
2024-03-28 09:30:00-04:00,82.91999816894531,83.5199966430664,82.8821029663086,83.29000091552734,34147,0.0,0.0,0.0
2024-03-28 10:30:00-04:00,83.20999908447266,83.69999694824219,83.19999694824219,83.58000183105469,24937,0.0,0.0,0.0
2024-03-28 11:30:00-04:00,83.5999984741211,83.63999938964844,83.4000015258789,83.5199966430664,9027,0.0,0.0,0.0
2024-03-28 12:30:00-04:00,83.47000122070312,83.6449966430664,83.4000015258789,83.4000015258789,19874,0.0,0.0,0.0
2024-03-28 13:30:00-04:00,83.44000244140625,83.69309997558594,83.44000244140625,83.58000183105469,9241,0.0,0.0,0.0
2024-03-28 14:30:00-04:00,83.49500274658203,83.61900329589844,83.3926010131836,83.58499908447266,4041,0.0,0.0,0.0
2024-03-28 15:30:00-04:00,83.56999969482422,83.62999725341797,83.51000213623047,83.58000183105469,9492,0.0,0.0,0.0
2024-04-01 09:30:00-04:00,83.11000061035156,83.11000061035156,82.4000015258789,82.58000183105469,58538,0.0,0.0,0.0
2024-04-01 10:30:00-04:00,82.62999725341797,82.62999725341797,82.25,82.55999755859375,21662,0.0,0.0,0.0
2024-04-01 11:30:00-04:00,82.6500015258789,82.81999969482422,82.45999908447266,82.81999969482422,7870,0.0,0.0,0.0
2024-04-01 12:30:00-04:00,82.7699966430664,82.80000305175781,82.59100341796875,82.70500183105469,5375,0.0,0.0,0.0
2024-04-01 13:30:00-04:00,82.80000305175781,82.91999816894531,82.7300033569336,82.83000183105469,4240,0.0,0.0,0.0
2024-04-01 14:30:00-04:00,82.71499633789062,82.80000305175781,82.69120025634766,82.7699966430664,2855,0.0,0.0,0.0
2024-04-01 15:30:00-04:00,82.7699966430664,82.94000244140625,82.7666015625,82.87000274658203,7567,0.0,0.0,0.0
2024-04-02 09:30:00-04:00,85.04000091552734,85.4354019165039,84.7249984741211,85.4354019165039,76241,0.0,0.0,0.0
2024-04-02 10:30:00-04:00,85.33000183105469,85.48999786376953,84.76000213623047,84.76000213623047,24004,0.0,0.0,0.0
2024-04-02 11:30:00-04:00,84.75,84.81999969482422,84.44999694824219,84.81999969482422,10929,0.0,0.0,0.0
2024-04-02 12:30:00-04:00,84.86100006103516,84.86840057373047,84.71009826660156,84.76000213623047,3818,0.0,0.0,0.0
2024-04-02 13:30:00-04:00,84.73999786376953,84.97989654541016,84.73999786376953,84.97989654541016,6637,0.0,0.0,0.0
2024-04-02 14:30:00-04:00,84.93000030517578,84.98999786376953,84.79000091552734,84.87999725341797,125054,0.0,0.0,0.0
2024-04-02 15:30:00-04:00,84.8499984741211,84.93000030517578,84.83999633789062,84.93000030517578,5512,0.0,0.0,0.0
2024-04-03 09:30:00-04:00,85.2699966430664,85.9000015258789,85.2573013305664,85.5000991821289,45683,0.0,0.0,0.0
2024-04-03 10:30:00-04:00,85.58000183105469,85.96990203857422,85.2699966430664,85.87999725341797,18941,0.0,0.0,0.0
2024-04-03 11:30:00-04:00,85.91999816894531,85.93000030517578,85.62999725341797,85.8499984741211,12206,0.0,0.0,0.0
2024-04-03 12:30:00-04:00,85.83000183105469,85.93000030517578,85.6500015258789,85.81999969482422,8218,0.0,0.0,0.0
2024-04-03 13:30:00-04:00,85.875,86.0999984741211,85.80000305175781,86.05500030517578,28724,0.0,0.0,0.0
2024-04-03 14:30:00-04:00,86.0,86.19999694824219,86.0,86.16999816894531,12186,0.0,0.0,0.0
2024-04-03 15:30:00-04:00,86.19999694824219,86.39209747314453,86.16000366210938,86.16000366210938,10344,0.0,0.0,0.0
2024-04-04 09:30:00-04:00,86.06999969482422,86.55940246582031,85.80999755859375,86.55940246582031,68195,0.0,0.0,0.0
2024-04-04 10:30:00-04:00,86.51909637451172,86.73999786376953,86.3499984741211,86.73999786376953,28035,0.0,0.0,0.0
2024-04-04 11:30:00-04:00,86.73999786376953,86.8499984741211,86.38500213623047,86.38500213623047,13767,0.0,0.0,0.0
2024-04-04 12:30:00-04:00,86.42769622802734,86.52999877929688,86.31999969482422,86.39099884033203,12572,0.0,0.0,0.0
2024-04-04 13:30:00-04:00,86.4000015258789,86.58000183105469,86.4000015258789,86.4010009765625,7362,0.0,0.0,0.0
2024-04-04 14:30:00-04:00,86.41000366210938,86.53990173339844,85.875,85.875,27989,0.0,0.0,0.0
2024-04-04 15:30:00-04:00,85.84989929199219,85.97000122070312,85.51000213623047,85.5199966430664,18271,0.0,0.0,0.0
2024-04-05 09:30:00-04:00,84.7699966430664,85.06999969482422,84.25,85.06999969482422,56709,0.0,0.0,0.0
2024-04-05 10:30:00-04:00,85.0999984741211,85.5,84.87010192871094,85.4000015258789,29542,0.0,0.0,0.0
2024-04-05 11:30:00-04:00,85.3949966430664,85.55500030517578,85.19499969482422,85.48560333251953,70996,0.0,0.0,0.0
2024-04-05 12:30:00-04:00,85.52999877929688,85.6843032836914,85.49040222167969,85.58000183105469,22418,0.0,0.0,0.0
2024-04-05 13:30:00-04:00,85.6500015258789,85.70999908447266,85.49009704589844,85.70999908447266,18650,0.0,0.0,0.0
2024-04-05 14:30:00-04:00,85.6500015258789,85.7300033569336,85.40010070800781,85.56999969482422,16568,0.0,0.0,0.0
2024-04-05 15:30:00-04:00,85.58000183105469,85.63500213623047,85.45999908447266,85.47000122070312,11608,0.0,0.0,0.0
2024-04-08 09:30:00-04:00,87.94999694824219,88.33000183105469,87.69000244140625,88.07009887695312,92159,0.0,0.0,0.0
2024-04-08 10:30:00-04:00,88.1500015258789,89.0,88.0999984741211,89.0,46973,0.0,0.0,0.0
2024-04-08 11:30:00-04:00,89.03500366210938,89.06999969482422,88.20999908447266,88.36000061035156,39676,0.0,0.0,0.0
2024-04-08 12:30:00-04:00,88.36000061035156,88.5999984741211,88.22000122070312,88.58999633789062,21485,0.0,0.0,0.0
2024-04-08 13:30:00-04:00,88.65499877929688,88.72000122070312,88.5625991821289,88.72000122070312,15585,0.0,0.0,0.0
2024-04-08 14:30:00-04:00,88.70899963378906,88.7699966430664,88.5999984741211,88.7699966430664,18923,0.0,0.0,0.0
2024-04-08 15:30:00-04:00,88.75,88.84500122070312,88.64129638671875,88.83000183105469,20462,0.0,0.0,0.0
2024-04-09 09:30:00-04:00,90.33999633789062,90.73989868164062,90.0,90.05999755859375,170253,0.0,0.0,0.0
2024-04-09 10:30:00-04:00,90.17990112304688,90.17990112304688,89.0,89.01499938964844,73672,0.0,0.0,0.0
2024-04-09 11:30:00-04:00,89.08499908447266,89.29989624023438,88.70999908447266,89.2300033569336,30782,0.0,0.0,0.0
2024-04-09 12:30:00-04:00,89.29499816894531,89.5199966430664,88.97989654541016,89.5199966430664,29093,0.0,0.0,0.0
2024-04-09 13:30:00-04:00,89.37999725341797,89.75170135498047,89.20999908447266,89.70989990234375,17774,0.0,0.0,0.0
2024-04-09 14:30:00-04:00,89.70999908447266,89.88009643554688,89.66000366210938,89.88009643554688,33906,0.0,0.0,0.0
2024-04-09 15:30:00-04:00,89.80999755859375,89.93000030517578,89.77999877929688,89.9000015258789,19983,0.0,0.0,0.0
2024-04-10 09:30:00-04:00,88.83999633789062,89.55999755859375,88.4800033569336,89.30000305175781,66176,0.0,0.0,0.0
2024-04-10 10:30:00-04:00,89.25,89.4000015258789,88.08000183105469,88.23999786376953,30568,0.0,0.0,0.0
2024-04-10 11:30:00-04:00,88.33999633789062,88.62999725341797,88.25,88.57499694824219,33993,0.0,0.0,0.0
2024-04-10 12:30:00-04:00,88.47000122070312,88.76000213623047,88.29000091552734,88.5999984741211,13345,0.0,0.0,0.0
2024-04-10 13:30:00-04:00,88.61160278320312,89.0,88.61009979248047,88.83000183105469,8063,0.0,0.0,0.0
2024-04-10 14:30:00-04:00,88.73999786376953,88.80079650878906,88.5624008178711,88.7699966430664,11138,0.0,0.0,0.0
2024-04-10 15:30:00-04:00,88.69499969482422,88.81999969482422,88.6500015258789,88.81999969482422,46348,0.0,0.0,0.0
2024-04-11 09:30:00-04:00,89.7699966430664,90.04000091552734,89.37999725341797,89.37999725341797,42445,0.0,0.0,0.0
2024-04-11 10:30:00-04:00,89.37999725341797,89.48999786376953,88.97000122070312,89.30000305175781,11074,0.0,0.0,0.0
2024-04-11 11:30:00-04:00,89.27660369873047,89.66999816894531,89.27660369873047,89.51000213623047,10924,0.0,0.0,0.0
2024-04-11 12:30:00-04:00,89.52999877929688,89.9749984741211,89.45999908447266,89.94999694824219,18220,0.0,0.0,0.0
2024-04-11 13:30:00-04:00,89.8499984741211,90.08000183105469,89.73999786376953,90.02999877929688,25907,0.0,0.0,0.0
2024-04-11 14:30:00-04:00,90.04000091552734,90.16000366210938,89.94999694824219,90.12999725341797,23838,0.0,0.0,0.0
2024-04-11 15:30:00-04:00,90.11000061035156,90.19000244140625,90.07279968261719,90.19000244140625,21103,0.0,0.0,0.0
2024-04-12 09:30:00-04:00,91.5999984741211,92.0,91.45010375976562,91.73500061035156,65508,0.0,0.0,0.0
2024-04-12 10:30:00-04:00,91.82540130615234,92.4800033569336,91.44999694824219,91.62999725341797,55877,0.0,0.0,0.0
2024-04-12 11:30:00-04:00,91.48999786376953,91.66500091552734,90.67250061035156,90.75,62288,0.0,0.0,0.0
2024-04-12 12:30:00-04:00,90.76000213623047,90.9000015258789,90.33550262451172,90.55999755859375,25185,0.0,0.0,0.0
2024-04-12 13:30:00-04:00,90.56999969482422,90.6500015258789,90.37000274658203,90.37999725341797,7667,0.0,0.0,0.0
2024-04-12 14:30:00-04:00,90.3499984741211,90.3499984741211,89.87999725341797,90.08000183105469,21058,0.0,0.0,0.0
2024-04-12 15:30:00-04:00,90.17990112304688,90.18000030517578,89.69999694824219,89.76000213623047,12060,0.0,0.0,0.0
2024-04-15 09:30:00-04:00,88.94999694824219,89.1500015258789,88.15010070800781,88.43000030517578,50176,0.0,0.0,0.0
2024-04-15 10:30:00-04:00,88.41999816894531,88.7699966430664,88.38009643554688,88.75,17928,0.0,0.0,0.0
2024-04-15 11:30:00-04:00,88.77549743652344,89.12999725341797,88.66010284423828,88.75,17472,0.0,0.0,0.0
2024-04-15 12:30:00-04:00,88.77999877929688,89.22689819335938,88.68000030517578,88.91999816894531,14819,0.0,0.0,0.0
2024-04-15 13:30:00-04:00,88.90499877929688,89.06999969482422,88.72000122070312,88.94999694824219,25669,0.0,0.0,0.0
2024-04-15 14:30:00-04:00,88.94999694824219,89.25,88.93009948730469,89.24299621582031,20971,0.0,0.0,0.0
2024-04-15 15:30:00-04:00,89.18000030517578,89.41999816894531,89.0999984741211,89.2300033569336,6025,0.0,0.0,0.0
2024-04-16 09:30:00-04:00,89.27999877929688,89.27999877929688,87.91000366210938,88.277099609375,40859,0.0,0.0,0.0
2024-04-16 10:30:00-04:00,88.2302017211914,89.07499694824219,88.2302017211914,88.75,33875,0.0,0.0,0.0
2024-04-16 11:30:00-04:00,88.80480194091797,88.94000244140625,88.6500015258789,88.7300033569336,4587,0.0,0.0,0.0
2024-04-16 12:30:00-04:00,88.83999633789062,88.87000274658203,88.33000183105469,88.37999725341797,9981,0.0,0.0,0.0
2024-04-16 13:30:00-04:00,88.19999694824219,88.56999969482422,88.09500122070312,88.22000122070312,10418,0.0,0.0,0.0
2024-04-16 14:30:00-04:00,88.38999938964844,88.51000213623047,88.38999938964844,88.48500061035156,4191,0.0,0.0,0.0
2024-04-16 15:30:00-04:00,88.5,88.5,88.20999908447266,88.29000091552734,10636,0.0,0.0,0.0
2024-04-17 09:30:00-04:00,87.62000274658203,88.20989990234375,87.55000305175781,87.76000213623047,81252,0.0,0.0,0.0
2024-04-17 10:30:00-04:00,87.83999633789062,87.90989685058594,87.38999938964844,87.41999816894531,30456,0.0,0.0,0.0
2024-04-17 11:30:00-04:00,87.2699966430664,87.46399688720703,86.80899810791016,86.94999694824219,28322,0.0,0.0,0.0
2024-04-17 12:30:00-04:00,86.98999786376953,86.98999786376953,86.60009765625,86.83000183105469,33390,0.0,0.0,0.0
2024-04-17 13:30:00-04:00,86.97730255126953,87.25990295410156,86.8499984741211,86.87010192871094,25033,0.0,0.0,0.0
2024-04-17 14:30:00-04:00,86.94930267333984,87.18990325927734,86.62999725341797,86.62999725341797,14513,0.0,0.0,0.0
2024-04-17 15:30:00-04:00,86.66999816894531,86.87000274658203,86.60009765625,86.79000091552734,12128,0.0,0.0,0.0
2024-04-18 09:30:00-04:00,86.58000183105469,86.91000366210938,86.14569854736328,86.75,106428,0.0,0.0,0.0
2024-04-18 10:30:00-04:00,86.79000091552734,87.41999816894531,86.60199737548828,87.38999938964844,32433,0.0,0.0,0.0
2024-04-18 11:30:00-04:00,87.31999969482422,87.4000015258789,86.80010223388672,86.84010314941406,22368,0.0,0.0,0.0
2024-04-18 12:30:00-04:00,86.98899841308594,87.0385971069336,86.6604995727539,86.75,7922,0.0,0.0,0.0
2024-04-18 13:30:00-04:00,86.74500274658203,86.83999633789062,86.56009674072266,86.66000366210938,14066,0.0,0.0,0.0
2024-04-18 14:30:00-04:00,86.5999984741211,86.69999694824219,86.44999694824219,86.5,21376,0.0,0.0,0.0
2024-04-18 15:30:00-04:00,86.48999786376953,86.60449981689453,86.45999908447266,86.56999969482422,16533,0.0,0.0,0.0
2024-04-19 09:30:00-04:00,85.72000122070312,85.93930053710938,85.29000091552734,85.62000274658203,43443,0.0,0.0,0.0
2024-04-19 10:30:00-04:00,85.76000213623047,86.06999969482422,85.45480346679688,85.71510314941406,35779,0.0,0.0,0.0
2024-04-19 11:30:00-04:00,85.64109802246094,85.94000244140625,85.44000244140625,85.44000244140625,26953,0.0,0.0,0.0
2024-04-19 12:30:00-04:00,85.44000244140625,86.02989959716797,85.44000244140625,85.87999725341797,21926,0.0,0.0,0.0
2024-04-19 13:30:00-04:00,85.8301010131836,85.94000244140625,85.69999694824219,85.74349975585938,18613,0.0,0.0,0.0
2024-04-19 14:30:00-04:00,85.69409942626953,85.87000274658203,85.69000244140625,85.7500991821289,9987,0.0,0.0,0.0
2024-04-19 15:30:00-04:00,85.80500030517578,85.87999725341797,85.69000244140625,85.87999725341797,13095,0.0,0.0,0.0
2024-04-22 09:30:00-04:00,84.75,85.31500244140625,84.19999694824219,85.25,60631,0.0,0.0,0.0
2024-04-22 10:30:00-04:00,85.26000213623047,85.59989929199219,84.5999984741211,84.5999984741211,27804,0.0,0.0,0.0
2024-04-22 11:30:00-04:00,84.69000244140625,84.76349639892578,84.53189849853516,84.65840148925781,43717,0.0,0.0,0.0
2024-04-22 12:30:00-04:00,84.58999633789062,84.76000213623047,84.58999633789062,84.72000122070312,7709,0.0,0.0,0.0
2024-04-22 13:30:00-04:00,84.72000122070312,84.90989685058594,84.69999694824219,84.87000274658203,9853,0.0,0.0,0.0
2024-04-22 14:30:00-04:00,84.91950225830078,84.91950225830078,84.76000213623047,84.78880310058594,7555,0.0,0.0,0.0
2024-04-22 15:30:00-04:00,84.78949737548828,84.8239974975586,84.68209838867188,84.74500274658203,14238,0.0,0.0,0.0
2024-04-23 09:30:00-04:00,83.33000183105469,84.15989685058594,83.19999694824219,84.0,130380,0.0,0.0,0.0
2024-04-23 10:30:00-04:00,83.96499633789062,84.19000244140625,83.87999725341797,84.05999755859375,19614,0.0,0.0,0.0
2024-04-23 11:30:00-04:00,83.98999786376953,84.0199966430664,83.76000213623047,83.9800033569336,23199,0.0,0.0,0.0
2024-04-23 12:30:00-04:00,83.9000015258789,84.04000091552734,83.87999725341797,83.94999694824219,21962,0.0,0.0,0.0
2024-04-23 13:30:00-04:00,83.94999694824219,83.94999694824219,83.77999877929688,83.83000183105469,11668,0.0,0.0,0.0
2024-04-23 14:30:00-04:00,83.8550033569336,83.86499786376953,83.63999938964844,83.69000244140625,24616,0.0,0.0,0.0
2024-04-23 15:30:00-04:00,83.7300033569336,83.80000305175781,83.625,83.68000030517578,22352,0.0,0.0,0.0
2024-04-24 09:30:00-04:00,83.63999938964844,83.63999938964844,83.01000213623047,83.15499877929688,45224,0.0,0.0,0.0
2024-04-24 10:30:00-04:00,83.27999877929688,83.62920379638672,83.0999984741211,83.17990112304688,24661,0.0,0.0,0.0
2024-04-24 11:30:00-04:00,83.0999984741211,83.2791976928711,83.05000305175781,83.19499969482422,14909,0.0,0.0,0.0
2024-04-24 12:30:00-04:00,83.11000061035156,83.5,83.05500030517578,83.37000274658203,12981,0.0,0.0,0.0
2024-04-24 13:30:00-04:00,83.33000183105469,83.41590118408203,83.12999725341797,83.12999725341797,14039,0.0,0.0,0.0
2024-04-24 14:30:00-04:00,83.05999755859375,83.29499816894531,83.05999755859375,83.26000213623047,34862,0.0,0.0,0.0
2024-04-24 15:30:00-04:00,83.24500274658203,83.29000091552734,83.22000122070312,83.26499938964844,0,0.0,0.0,0.0
2024-04-25 09:30:00-04:00,82.73999786376953,83.20500183105469,82.58000183105469,83.12999725341797,148906,0.0,0.0,0.0
2024-04-25 10:30:00-04:00,83.16999816894531,83.9800033569336,83.11000061035156,83.9800033569336,35893,0.0,0.0,0.0
2024-04-25 11:30:00-04:00,84.05999755859375,84.0999984741211,83.52999877929688,83.58509826660156,31593,0.0,0.0,0.0
2024-04-25 12:30:00-04:00,83.45149993896484,83.92500305175781,83.45149993896484,83.92500305175781,10162,0.0,0.0,0.0
2024-04-25 13:30:00-04:00,83.93000030517578,84.20989990234375,83.91000366210938,84.11000061035156,14645,0.0,0.0,0.0
2024-04-25 14:30:00-04:00,84.01000213623047,84.19509887695312,83.95010375976562,84.19509887695312,14615,0.0,0.0,0.0
2024-04-25 15:30:00-04:00,84.24009704589844,84.2699966430664,84.08999633789062,84.12000274658203,10510,0.0,0.0,0.0
2024-04-26 09:30:00-04:00,83.88999938964844,84.27629852294922,83.81999969482422,83.9000015258789,37172,0.0,0.0,0.0
2024-04-26 10:30:00-04:00,83.86009979248047,84.01010131835938,83.63009643554688,83.91590118408203,141309,0.0,0.0,0.0
2024-04-26 11:30:00-04:00,83.9010009765625,84.11990356445312,83.9010009765625,83.9801025390625,11174,0.0,0.0,0.0
2024-04-26 12:30:00-04:00,84.02999877929688,84.06500244140625,83.8667984008789,84.0,7509,0.0,0.0,0.0
2024-04-26 13:30:00-04:00,84.03189849853516,84.1500015258789,84.01000213623047,84.0999984741211,9920,0.0,0.0,0.0
2024-04-26 14:30:00-04:00,84.1500015258789,84.15190124511719,83.94999694824219,83.97000122070312,12410,0.0,0.0,0.0
2024-04-26 15:30:00-04:00,83.94999694824219,84.27999877929688,83.91000366210938,84.27999877929688,11543,0.0,0.0,0.0
2024-04-29 09:30:00-04:00,86.12000274658203,86.52010345458984,85.79000091552734,86.48999786376953,68570,0.0,0.0,0.0
2024-04-29 10:30:00-04:00,86.48999786376953,87.0199966430664,86.48999786376953,87.0114974975586,35578,0.0,0.0,0.0
2024-04-29 11:30:00-04:00,87.0199966430664,87.41000366210938,86.91609954833984,87.08999633789062,38149,0.0,0.0,0.0
2024-04-29 12:30:00-04:00,87.06999969482422,87.75,87.06999969482422,87.69999694824219,35297,0.0,0.0,0.0
2024-04-29 13:30:00-04:00,87.68810272216797,87.7300033569336,87.0999984741211,87.0999984741211,47136,0.0,0.0,0.0
2024-04-29 14:30:00-04:00,87.08999633789062,87.12169647216797,86.94999694824219,87.06990051269531,13750,0.0,0.0,0.0
2024-04-29 15:30:00-04:00,87.0687026977539,87.18000030517578,86.98999786376953,87.18000030517578,12108,0.0,0.0,0.0
2024-04-30 09:30:00-04:00,86.3499984741211,86.58499908447266,85.87999725341797,85.87999725341797,28931,0.0,0.0,0.0
2024-04-30 10:30:00-04:00,85.93000030517578,85.94000244140625,85.58000183105469,85.80000305175781,17701,0.0,0.0,0.0
2024-04-30 11:30:00-04:00,85.91500091552734,85.9800033569336,85.68499755859375,85.8949966430664,18002,0.0,0.0,0.0
2024-04-30 12:30:00-04:00,85.87999725341797,86.31999969482422,85.68000030517578,86.06999969482422,37711,0.0,0.0,0.0
2024-04-30 13:30:00-04:00,86.0999984741211,86.29000091552734,86.02999877929688,86.19000244140625,18437,0.0,0.0,0.0
2024-04-30 14:30:00-04:00,86.12999725341797,86.16999816894531,86.0,86.06999969482422,25102,0.0,0.0,0.0
2024-04-30 15:30:00-04:00,86.04000091552734,86.22000122070312,86.04000091552734,86.19000244140625,62707,0.0,0.0,0.0
2024-05-01 09:30:00-04:00,87.25,87.91000366210938,87.0999984741211,87.86000061035156,31120,0.0,0.0,0.0
2024-05-01 10:30:00-04:00,87.73999786376953,87.98999786376953,87.63130187988281,87.877197265625,31362,0.0,0.0,0.0
2024-05-01 11:30:00-04:00,87.88510131835938,87.88510131835938,87.20999908447266,87.27999877929688,6808,0.0,0.0,0.0
2024-05-01 12:30:00-04:00,87.36000061035156,87.37999725341797,86.80879974365234,86.80879974365234,12780,0.0,0.0,0.0
2024-05-01 13:30:00-04:00,86.80000305175781,87.22000122070312,86.69000244140625,87.22000122070312,6912,0.0,0.0,0.0
2024-05-01 14:30:00-04:00,87.26499938964844,87.94000244140625,87.006103515625,87.5999984741211,17315,0.0,0.0,0.0
2024-05-01 15:30:00-04:00,87.5199966430664,87.62999725341797,87.01100158691406,87.01100158691406,8989,0.0,0.0,0.0
2024-05-02 09:30:00-04:00,87.18000030517578,87.3499984741211,86.68000030517578,87.3499984741211,20128,0.0,0.0,0.0
2024-05-02 10:30:00-04:00,87.41999816894531,87.86000061035156,87.41999816894531,87.5,66048,0.0,0.0,0.0
2024-05-02 11:30:00-04:00,87.48999786376953,87.5,87.29000091552734,87.44000244140625,131481,0.0,0.0,0.0
2024-05-02 12:30:00-04:00,87.60970306396484,87.63500213623047,87.41000366210938,87.5,2936,0.0,0.0,0.0
2024-05-02 13:30:00-04:00,87.62999725341797,87.94000244140625,87.62999725341797,87.79989624023438,9044,0.0,0.0,0.0
2024-05-02 14:30:00-04:00,87.79900360107422,87.9000015258789,87.6500015258789,87.68000030517578,18518,0.0,0.0,0.0
2024-05-02 15:30:00-04:00,87.58999633789062,87.62000274658203,87.51000213623047,87.55999755859375,3505,0.0,0.0,0.0
2024-05-03 09:30:00-04:00,88.25,88.44000244140625,87.12000274658203,87.2615966796875,31189,0.0,0.0,0.0
2024-05-03 10:30:00-04:00,87.30000305175781,87.5781021118164,87.04000091552734,87.37000274658203,19946,0.0,0.0,0.0
2024-05-03 11:30:00-04:00,87.38999938964844,87.80000305175781,87.21080017089844,87.47000122070312,4824,0.0,0.0,0.0
2024-05-03 12:30:00-04:00,87.73999786376953,87.8833999633789,87.62999725341797,87.69999694824219,6341,0.0,0.0,0.0
2024-05-03 13:30:00-04:00,87.79000091552734,87.83999633789062,87.79000091552734,87.79000091552734,2423,0.0,0.0,0.0
2024-05-03 14:30:00-04:00,87.55999755859375,87.76000213623047,87.55000305175781,87.5801010131836,4866,0.0,0.0,0.0
2024-05-03 15:30:00-04:00,87.68000030517578,87.73500061035156,87.59500122070312,87.62000274658203,4727,0.0,0.0,0.0
2024-05-06 09:30:00-04:00,88.31999969482422,88.63809967041016,88.16999816894531,88.62999725341797,40266,0.0,0.0,0.0
2024-05-06 10:30:00-04:00,88.52400207519531,88.52400207519531,87.58000183105469,87.6500015258789,13777,0.0,0.0,0.0
2024-05-06 11:30:00-04:00,87.66999816894531,87.94999694824219,87.6500015258789,87.87999725341797,13281,0.0,0.0,0.0
2024-05-06 12:30:00-04:00,87.66699981689453,87.83999633789062,87.63999938964844,87.68000030517578,10436,0.0,0.0,0.0
2024-05-06 13:30:00-04:00,87.7300033569336,87.87999725341797,87.70999908447266,87.83000183105469,7542,0.0,0.0,0.0
2024-05-06 14:30:00-04:00,87.80999755859375,87.86990356445312,87.72029876708984,87.76000213623047,8737,0.0,0.0,0.0
2024-05-06 15:30:00-04:00,87.78199768066406,87.87999725341797,87.70999908447266,87.77999877929688,6698,0.0,0.0,0.0
2024-05-07 09:30:00-04:00,89.30999755859375,89.8949966430664,89.30999755859375,89.87000274658203,57310,0.0,0.0,0.0
2024-05-07 10:30:00-04:00,89.9000015258789,90.29000091552734,89.81999969482422,89.91999816894531,49831,0.0,0.0,0.0
2024-05-07 11:30:00-04:00,89.86000061035156,89.98999786376953,89.66000366210938,89.95999908447266,4900,0.0,0.0,0.0
2024-05-07 12:30:00-04:00,90.0,90.01000213623047,89.67310333251953,89.91000366210938,14131,0.0,0.0,0.0
2024-05-07 13:30:00-04:00,89.92500305175781,90.05000305175781,89.80000305175781,89.80000305175781,5986,0.0,0.0,0.0
2024-05-07 14:30:00-04:00,89.80000305175781,89.89900207519531,89.6500015258789,89.86499786376953,5870,0.0,0.0,0.0
2024-05-07 15:30:00-04:00,89.87000274658203,90.04000091552734,89.73999786376953,90.0,6979,0.0,0.0,0.0
2024-05-08 09:30:00-04:00,88.41000366210938,89.28520202636719,88.41000366210938,89.28520202636719,26310,0.0,0.0,0.0
2024-05-08 10:30:00-04:00,89.29000091552734,89.50499725341797,89.26000213623047,89.375,5261,0.0,0.0,0.0
2024-05-08 11:30:00-04:00,89.44999694824219,89.73999786376953,89.44999694824219,89.54620361328125,8465,0.0,0.0,0.0
2024-05-08 12:30:00-04:00,89.54499816894531,89.77999877929688,89.38500213623047,89.5999984741211,5384,0.0,0.0,0.0
2024-05-08 13:30:00-04:00,89.6698989868164,89.6698989868164,89.55999755859375,89.55999755859375,1552,0.0,0.0,0.0
2024-05-08 14:30:00-04:00,89.61000061035156,89.62999725341797,89.51000213623047,89.62989807128906,5595,0.0,0.0,0.0
2024-05-08 15:30:00-04:00,89.61190032958984,89.79930114746094,89.58000183105469,89.69000244140625,5950,0.0,0.0,0.0
2024-05-09 09:30:00-04:00,89.83999633789062,90.72000122070312,89.70500183105469,90.56999969482422,30882,0.0,0.0,0.0
2024-05-09 10:30:00-04:00,90.42500305175781,90.5250015258789,89.99500274658203,90.0,25806,0.0,0.0,0.0
2024-05-09 11:30:00-04:00,90.08000183105469,90.25,89.88899993896484,90.18000030517578,7266,0.0,0.0,0.0
2024-05-09 12:30:00-04:00,90.23999786376953,90.45989990234375,90.18000030517578,90.30999755859375,11126,0.0,0.0,0.0
2024-05-09 13:30:00-04:00,90.30999755859375,90.47989654541016,90.22000122070312,90.3385009765625,7949,0.0,0.0,0.0
2024-05-09 14:30:00-04:00,90.25,90.51909637451172,90.23259735107422,90.47250366210938,2940,0.0,0.0,0.0
2024-05-09 15:30:00-04:00,90.54000091552734,90.54000091552734,90.44519805908203,90.48999786376953,1486,0.0,0.0,0.0
2024-05-10 09:30:00-04:00,91.27999877929688,91.70999908447266,91.08000183105469,91.13999938964844,51599,0.0,0.0,0.0
2024-05-10 10:30:00-04:00,91.16999816894531,91.2699966430664,90.61009979248047,91.11499786376953,19783,0.0,0.0,0.0
2024-05-10 11:30:00-04:00,91.12999725341797,91.55000305175781,91.12999725341797,91.4563980102539,10574,0.0,0.0,0.0
2024-05-10 12:30:00-04:00,91.58000183105469,91.71499633789062,91.08000183105469,91.55999755859375,25424,0.0,0.0,0.0
2024-05-10 13:30:00-04:00,91.58999633789062,91.68499755859375,91.55999755859375,91.55999755859375,7902,0.0,0.0,0.0
2024-05-10 14:30:00-04:00,91.63999938964844,91.75,91.61000061035156,91.69010162353516,8794,0.0,0.0,0.0
2024-05-10 15:30:00-04:00,91.68000030517578,91.68000030517578,91.5,91.56500244140625,6340,0.0,0.0,0.0
2024-05-13 09:30:00-04:00,92.2300033569336,93.40609741210938,92.2300033569336,92.69499969482422,92480,0.0,0.0,0.0
2024-05-13 10:30:00-04:00,92.68000030517578,92.7300033569336,91.8499984741211,91.93000030517578,22460,0.0,0.0,0.0
2024-05-13 11:30:00-04:00,91.9800033569336,92.05000305175781,91.73179626464844,92.01000213623047,8960,0.0,0.0,0.0
2024-05-13 12:30:00-04:00,91.96759796142578,92.05989837646484,91.81999969482422,92.01000213623047,14329,0.0,0.0,0.0
2024-05-13 13:30:00-04:00,91.8230972290039,92.09089660644531,91.8230972290039,91.95999908447266,5450,0.0,0.0,0.0
2024-05-13 14:30:00-04:00,91.94999694824219,92.02999877929688,91.8499984741211,91.97000122070312,14380,0.0,0.0,0.0
2024-05-13 15:30:00-04:00,91.94000244140625,91.94999694824219,91.85810089111328,91.92500305175781,5638,0.0,0.0,0.0
2024-05-14 09:30:00-04:00,93.30000305175781,94.0,93.30000305175781,93.69999694824219,60857,0.0,0.0,0.0
2024-05-14 10:30:00-04:00,93.87999725341797,94.68000030517578,93.72000122070312,94.63999938964844,32318,0.0,0.0,0.0
2024-05-14 11:30:00-04:00,94.66999816894531,95.05999755859375,94.47769927978516,95.0198974609375,32866,0.0,0.0,0.0
2024-05-14 12:30:00-04:00,94.93000030517578,95.05999755859375,94.75830078125,94.9000015258789,8038,0.0,0.0,0.0
2024-05-14 13:30:00-04:00,94.9000015258789,94.9999008178711,94.80000305175781,94.9999008178711,11963,0.0,0.0,0.0
2024-05-14 14:30:00-04:00,95.0,95.19999694824219,94.91999816894531,95.11900329589844,13144,0.0,0.0,0.0
2024-05-14 15:30:00-04:00,95.15499877929688,95.25,95.06099700927734,95.25,10791,0.0,0.0,0.0
2024-05-15 09:30:00-04:00,96.95999908447266,97.50990295410156,95.68000030517578,96.19999694824219,102129,0.0,0.0,0.0
2024-05-15 10:30:00-04:00,96.1259994506836,97.41000366210938,96.1259994506836,97.06999969482422,28672,0.0,0.0,0.0
2024-05-15 11:30:00-04:00,97.02999877929688,97.17479705810547,96.61000061035156,97.12999725341797,18766,0.0,0.0,0.0
2024-05-15 12:30:00-04:00,97.14790344238281,97.38999938964844,97.13999938964844,97.36499786376953,21894,0.0,0.0,0.0
2024-05-15 13:30:00-04:00,97.2759017944336,97.61000061035156,97.1957015991211,97.5999984741211,70664,0.0,0.0,0.0
2024-05-15 14:30:00-04:00,97.5999984741211,97.70500183105469,97.43000030517578,97.6500015258789,21314,0.0,0.0,0.0
2024-05-15 15:30:00-04:00,97.69989776611328,97.98999786376953,97.62999725341797,97.8499984741211,71086,0.0,0.0,0.0
2024-05-16 09:30:00-04:00,97.5,97.5,96.49500274658203,96.66000366210938,48317,0.0,0.0,0.0
2024-05-16 10:30:00-04:00,96.7699966430664,96.94000244140625,96.2500991821289,96.75,14573,0.0,0.0,0.0
2024-05-16 11:30:00-04:00,96.87000274658203,97.36000061035156,96.87000274658203,97.13500213623047,19184,0.0,0.0,0.0
2024-05-16 12:30:00-04:00,97.16000366210938,97.6500015258789,97.0718002319336,97.29820251464844,19296,0.0,0.0,0.0
2024-05-16 13:30:00-04:00,97.37999725341797,97.4000015258789,97.06400299072266,97.30000305175781,7052,0.0,0.0,0.0
2024-05-16 14:30:00-04:00,97.4000015258789,97.61000061035156,97.38500213623047,97.49500274658203,8582,0.0,0.0,0.0
2024-05-16 15:30:00-04:00,97.5,97.52999877929688,97.44000244140625,97.5,10237,0.0,0.0,0.0
2024-05-17 09:30:00-04:00,97.83999633789062,98.4000015258789,97.63400268554688,98.39820098876953,42387,0.0,0.0,0.0
2024-05-17 10:30:00-04:00,98.4800033569336,99.02989959716797,98.4800033569336,98.91999816894531,30090,0.0,0.0,0.0
2024-05-17 11:30:00-04:00,98.87999725341797,99.19000244140625,98.69999694824219,99.08989715576172,14167,0.0,0.0,0.0
2024-05-17 12:30:00-04:00,99.0,99.45989990234375,98.8499984741211,99.38999938964844,23083,0.0,0.0,0.0
2024-05-17 13:30:00-04:00,99.47000122070312,99.84989929199219,99.30010223388672,99.7699966430664,22915,0.0,0.0,0.0
2024-05-17 14:30:00-04:00,99.8499984741211,100.0,99.5613021850586,99.9000015258789,28190,0.0,0.0,0.0
2024-05-17 15:30:00-04:00,99.83999633789062,99.9800033569336,99.61000061035156,99.75,14412,0.0,0.0,0.0
2024-05-20 09:30:00-04:00,97.52999877929688,97.52999877929688,96.34850311279297,96.80000305175781,106099,0.0,0.0,0.0
2024-05-20 10:30:00-04:00,96.74009704589844,97.44010162353516,96.74009704589844,97.08100128173828,31525,0.0,0.0,0.0
2024-05-20 11:30:00-04:00,97.05999755859375,97.13999938964844,96.69999694824219,97.08000183105469,13676,0.0,0.0,0.0
2024-05-20 12:30:00-04:00,97.23500061035156,97.23500061035156,96.84549713134766,97.06500244140625,16288,0.0,0.0,0.0
2024-05-20 13:30:00-04:00,96.96800231933594,97.05000305175781,96.72000122070312,96.94000244140625,20188,0.0,0.0,0.0
2024-05-20 14:30:00-04:00,97.04000091552734,97.08999633789062,96.62999725341797,96.8550033569336,16403,0.0,0.0,0.0
2024-05-20 15:30:00-04:00,96.81549835205078,96.97000122070312,96.69999694824219,96.79000091552734,7071,0.0,0.0,0.0
2024-05-21 09:30:00-04:00,96.80999755859375,97.33000183105469,96.53500366210938,97.0,141599,0.0,0.0,0.0
2024-05-21 10:30:00-04:00,96.94999694824219,97.47000122070312,96.80010223388672,97.2699966430664,46160,0.0,0.0,0.0
2024-05-21 11:30:00-04:00,97.32990264892578,97.32990264892578,96.23999786376953,96.68000030517578,20691,0.0,0.0,0.0
2024-05-21 12:30:00-04:00,96.66000366210938,96.7699966430664,96.45999908447266,96.75,20090,0.0,0.0,0.0
2024-05-21 13:30:00-04:00,96.81999969482422,96.8301010131836,96.55400085449219,96.62000274658203,21584,0.0,0.0,0.0
2024-05-21 14:30:00-04:00,96.71700286865234,97.12999725341797,96.5,96.95999908447266,6188,0.0,0.0,0.0
2024-05-21 15:30:00-04:00,96.97000122070312,97.0730972290039,96.70649719238281,96.93000030517578,4972,0.0,0.0,0.0
2024-05-22 09:30:00-04:00,96.72000122070312,96.95110321044922,95.52010345458984,95.52010345458984,56923,0.0,0.0,0.0
2024-05-22 10:30:00-04:00,95.61000061035156,96.37030029296875,95.61000061035156,96.04000091552734,11435,0.0,0.0,0.0
2024-05-22 11:30:00-04:00,95.74240112304688,96.05999755859375,95.66010284423828,96.01820373535156,10062,0.0,0.0,0.0
2024-05-22 12:30:00-04:00,95.91000366210938,96.2300033569336,95.70999908447266,95.87000274658203,10901,0.0,0.0,0.0
2024-05-22 13:30:00-04:00,95.69000244140625,95.87000274658203,95.17169952392578,95.17169952392578,23868,0.0,0.0,0.0
2024-05-22 14:30:00-04:00,95.16999816894531,95.5199966430664,95.11009979248047,95.44000244140625,11931,0.0,0.0,0.0
2024-05-22 15:30:00-04:00,95.40499877929688,95.55989837646484,95.16000366210938,95.41000366210938,15950,0.0,0.0,0.0
2024-05-23 09:30:00-04:00,95.47000122070312,95.83999633789062,94.5,94.80999755859375,35437,0.0,0.0,0.0
2024-05-23 10:30:00-04:00,94.7699966430664,94.77999877929688,94.12229919433594,94.3499984741211,17737,0.0,0.0,0.0
2024-05-23 11:30:00-04:00,94.52999877929688,94.66999816894531,94.30000305175781,94.43499755859375,11695,0.0,0.0,0.0
2024-05-23 12:30:00-04:00,94.36009979248047,94.46849822998047,93.68000030517578,93.85269927978516,24084,0.0,0.0,0.0
2024-05-23 13:30:00-04:00,93.9000015258789,93.9000015258789,93.51000213623047,93.76000213623047,17214,0.0,0.0,0.0
2024-05-23 14:30:00-04:00,93.66480255126953,93.94999694824219,93.52999877929688,93.58999633789062,8384,0.0,0.0,0.0
2024-05-23 15:30:00-04:00,93.66000366210938,93.70999908447266,93.50499725341797,93.52999877929688,14390,0.0,0.0,0.0
2024-05-24 09:30:00-04:00,93.95999908447266,94.83000183105469,93.95999908447266,94.20989990234375,27652,0.0,0.0,0.0
2024-05-24 10:30:00-04:00,94.375,94.83999633789062,94.29000091552734,94.44499969482422,11979,0.0,0.0,0.0
2024-05-24 11:30:00-04:00,94.29650115966797,94.44000244140625,94.14469909667969,94.14469909667969,3465,0.0,0.0,0.0
2024-05-24 12:30:00-04:00,94.47000122070312,94.55000305175781,94.14510345458984,94.55000305175781,5607,0.0,0.0,0.0
2024-05-24 13:30:00-04:00,94.44000244140625,94.625,94.30999755859375,94.4801025390625,10782,0.0,0.0,0.0
2024-05-24 14:30:00-04:00,94.73999786376953,94.73999786376953,94.31999969482422,94.39969635009766,3392,0.0,0.0,0.0
2024-05-24 15:30:00-04:00,94.17379760742188,94.58000183105469,94.17379760742188,94.5199966430664,4704,0.0,0.0,0.0
2024-05-28 09:30:00-04:00,97.05999755859375,97.2197036743164,96.02999877929688,96.36000061035156,214759,0.0,0.0,0.0
2024-05-28 10:30:00-04:00,96.3499984741211,97.58699798583984,96.06999969482422,97.46499633789062,35554,0.0,0.0,0.0
2024-05-28 11:30:00-04:00,97.51480102539062,97.9749984741211,97.30020141601562,97.70999908447266,16080,0.0,0.0,0.0
2024-05-28 12:30:00-04:00,97.66000366210938,97.6707992553711,97.06649780273438,97.42440032958984,14629,0.0,0.0,0.0
2024-05-28 13:30:00-04:00,97.05999755859375,97.38999938964844,96.86000061035156,96.86000061035156,8234,0.0,0.0,0.0
2024-05-28 14:30:00-04:00,96.83000183105469,97.06060028076172,96.72000122070312,97.0,8747,0.0,0.0,0.0
2024-05-28 15:30:00-04:00,97.03929901123047,97.28990173339844,96.86000061035156,97.1500015258789,7774,0.0,0.0,0.0
2024-05-29 09:30:00-04:00,95.88999938964844,96.08999633789062,95.46499633789062,95.78350067138672,49676,0.0,0.0,0.0
2024-05-29 10:30:00-04:00,95.70999908447266,95.76499938964844,95.3499984741211,95.4800033569336,28020,0.0,0.0,0.0
2024-05-29 11:30:00-04:00,95.5250015258789,95.54000091552734,95.18599700927734,95.36000061035156,30468,0.0,0.0,0.0
2024-05-29 12:30:00-04:00,95.36000061035156,95.6698989868164,95.2699966430664,95.6698989868164,7921,0.0,0.0,0.0
2024-05-29 13:30:00-04:00,95.5999984741211,95.84729766845703,95.4000015258789,95.69499969482422,4629,0.0,0.0,0.0
2024-05-29 14:30:00-04:00,95.56999969482422,95.56999969482422,95.36000061035156,95.47000122070312,4469,0.0,0.0,0.0
2024-05-29 15:30:00-04:00,95.47000122070312,95.47000122070312,95.23999786376953,95.34500122070312,8074,0.0,0.0,0.0
2024-05-30 09:30:00-04:00,94.52999877929688,95.41000366210938,94.5199966430664,95.08999633789062,22203,0.0,0.0,0.0
2024-05-30 10:30:00-04:00,95.0,95.11409759521484,94.625,94.80000305175781,8199,0.0,0.0,0.0
2024-05-30 11:30:00-04:00,95.16000366210938,95.16000366210938,94.54010009765625,94.6500015258789,20626,0.0,0.0,0.0
2024-05-30 12:30:00-04:00,94.63999938964844,94.67990112304688,94.33000183105469,94.57510375976562,8246,0.0,0.0,0.0
2024-05-30 13:30:00-04:00,94.6500015258789,94.6500015258789,94.26000213623047,94.26000213623047,7016,0.0,0.0,0.0
2024-05-30 14:30:00-04:00,94.31999969482422,94.38189697265625,94.12000274658203,94.29499816894531,6407,0.0,0.0,0.0
2024-05-30 15:30:00-04:00,94.11000061035156,94.2300033569336,93.86000061035156,94.16000366210938,16019,0.0,0.0,0.0
2024-05-31 09:30:00-04:00,95.27999877929688,95.69000244140625,95.0,95.27999877929688,27312,0.0,0.0,0.0
2024-05-31 10:30:00-04:00,95.19999694824219,95.19999694824219,93.91000366210938,93.91000366210938,85385,0.0,0.0,0.0
2024-05-31 11:30:00-04:00,93.91000366210938,94.1500015258789,93.38999938964844,94.1500015258789,49631,0.0,0.0,0.0
2024-05-31 12:30:00-04:00,94.19999694824219,95.04000091552734,94.1050033569336,94.93000030517578,18065,0.0,0.0,0.0
2024-05-31 13:30:00-04:00,95.01000213623047,95.22000122070312,94.83000183105469,95.12000274658203,15171,0.0,0.0,0.0
2024-05-31 14:30:00-04:00,95.04000091552734,95.11000061035156,94.94000244140625,95.0,6417,0.0,0.0,0.0
2024-05-31 15:30:00-04:00,94.98999786376953,95.29000091552734,94.98999786376953,95.24500274658203,3771,0.0,0.0,0.0
2024-06-03 09:30:00-04:00,94.68000030517578,94.7699966430664,94.0,94.08999633789062,31462,0.0,0.0,0.0
2024-06-03 10:30:00-04:00,93.68609619140625,94.05999755859375,93.16999816894531,93.16999816894531,12080,0.0,0.0,0.0
2024-06-03 11:30:00-04:00,93.5199966430664,93.5199966430664,93.36499786376953,93.47000122070312,7681,0.0,0.0,0.0
2024-06-03 12:30:00-04:00,93.4800033569336,93.55000305175781,93.3499984741211,93.49430084228516,6969,0.0,0.0,0.0
2024-06-03 13:30:00-04:00,93.33999633789062,93.51000213623047,93.33000183105469,93.41999816894531,5530,0.0,0.0,0.0
2024-06-03 14:30:00-04:00,93.38140106201172,93.43499755859375,93.2699966430664,93.43499755859375,4674,0.0,0.0,0.0
2024-06-03 15:30:00-04:00,93.30000305175781,93.47000122070312,93.30000305175781,93.47000122070312,5630,0.0,0.0,0.0
2024-06-04 09:30:00-04:00,93.16999816894531,93.25499725341797,92.11009979248047,92.47000122070312,63992,0.0,0.0,0.0
2024-06-04 10:30:00-04:00,92.4800033569336,92.4800033569336,91.69000244140625,91.69000244140625,61089,0.0,0.0,0.0
2024-06-04 11:30:00-04:00,91.69999694824219,91.75,91.12999725341797,91.13999938964844,31886,0.0,0.0,0.0
2024-06-04 12:30:00-04:00,91.11000061035156,91.13999938964844,90.72000122070312,91.11499786376953,28935,0.0,0.0,0.0
2024-06-04 13:30:00-04:00,91.12999725341797,91.3499984741211,91.06009674072266,91.1500015258789,32169,0.0,0.0,0.0
2024-06-04 14:30:00-04:00,91.0999984741211,91.25,90.97000122070312,90.9800033569336,26170,0.0,0.0,0.0
2024-06-04 15:30:00-04:00,91.05000305175781,91.0999984741211,90.9000015258789,91.06999969482422,22389,0.0,0.0,0.0
2024-06-05 09:30:00-04:00,90.36000061035156,91.20999908447266,90.36000061035156,91.12000274658203,40615,0.0,0.0,0.0
2024-06-05 10:30:00-04:00,91.37999725341797,91.45999908447266,90.87000274658203,91.33000183105469,30653,0.0,0.0,0.0
2024-06-05 11:30:00-04:00,91.37999725341797,91.70999908447266,91.3499984741211,91.55000305175781,21292,0.0,0.0,0.0
2024-06-05 12:30:00-04:00,91.5999984741211,91.5999984741211,91.34010314941406,91.3584976196289,9224,0.0,0.0,0.0
2024-06-05 13:30:00-04:00,91.31009674072266,91.48989868164062,91.30000305175781,91.4800033569336,10874,0.0,0.0,0.0
2024-06-05 14:30:00-04:00,91.47000122070312,91.5999984741211,91.44999694824219,91.50599670410156,4039,0.0,0.0,0.0
2024-06-05 15:30:00-04:00,91.52420043945312,91.6500015258789,91.44999694824219,91.55000305175781,15630,0.0,0.0,0.0
2024-06-06 09:30:00-04:00,91.72000122070312,92.04000091552734,91.3550033569336,91.55000305175781,48334,0.0,0.0,0.0
2024-06-06 10:30:00-04:00,91.56500244140625,92.05500030517578,91.4000015258789,92.0,23830,0.0,0.0,0.0
2024-06-06 11:30:00-04:00,91.99829864501953,92.61000061035156,91.99829864501953,92.4198989868164,16354,0.0,0.0,0.0
2024-06-06 12:30:00-04:00,92.55999755859375,92.58999633789062,92.38999938964844,92.53009796142578,7788,0.0,0.0,0.0
2024-06-06 13:30:00-04:00,92.5999984741211,92.80999755859375,92.37999725341797,92.51000213623047,7414,0.0,0.0,0.0
2024-06-06 14:30:00-04:00,92.52629852294922,92.80000305175781,92.37999725341797,92.45950317382812,16345,0.0,0.0,0.0
2024-06-06 15:30:00-04:00,92.36000061035156,92.5,92.29000091552734,92.5,19463,0.0,0.0,0.0
2024-06-07 09:30:00-04:00,90.16999816894531,90.23999786376953,89.43000030517578,89.66000366210938,108503,0.0,0.0,0.0
2024-06-07 10:30:00-04:00,89.7699966430664,90.0,88.50879669189453,88.63999938964844,65271,0.0,0.0,0.0
2024-06-07 11:30:00-04:00,88.79000091552734,88.97200012207031,88.55999755859375,88.8499984741211,26397,0.0,0.0,0.0
2024-06-07 12:30:00-04:00,88.87999725341797,88.9749984741211,88.62000274658203,88.82499694824219,30112,0.0,0.0,0.0
2024-06-07 13:30:00-04:00,88.81999969482422,88.8499984741211,88.61000061035156,88.82559967041016,6598,0.0,0.0,0.0
2024-06-07 14:30:00-04:00,88.80999755859375,88.97000122070312,88.68000030517578,88.80000305175781,10306,0.0,0.0,0.0
2024-06-07 15:30:00-04:00,88.87090301513672,88.94000244140625,88.77999877929688,88.77999877929688,13885,0.0,0.0,0.0
2024-06-10 09:30:00-04:00,89.16999816894531,89.30999755859375,88.68000030517578,88.68000030517578,50466,0.0,0.0,0.0
2024-06-10 10:30:00-04:00,88.86000061035156,89.56999969482422,88.86000061035156,89.55999755859375,15037,0.0,0.0,0.0
2024-06-10 11:30:00-04:00,89.45999908447266,89.61990356445312,89.36000061035156,89.36000061035156,18065,0.0,0.0,0.0
2024-06-10 12:30:00-04:00,89.41999816894531,89.41999816894531,89.16999816894531,89.25,3662,0.0,0.0,0.0
2024-06-10 13:30:00-04:00,89.2699966430664,89.37920379638672,89.1500015258789,89.36000061035156,6521,0.0,0.0,0.0
2024-06-10 14:30:00-04:00,89.33999633789062,89.45770263671875,89.20999908447266,89.27999877929688,6095,0.0,0.0,0.0
2024-06-10 15:30:00-04:00,89.29000091552734,89.35990142822266,89.06089782714844,89.22000122070312,20811,0.0,0.0,0.0
2024-06-11 09:30:00-04:00,88.30000305175781,88.30000305175781,87.33000183105469,87.69000244140625,23643,0.0,0.0,0.0
2024-06-11 10:30:00-04:00,87.5999984741211,88.19719696044922,87.35479736328125,87.35479736328125,22912,0.0,0.0,0.0
2024-06-11 11:30:00-04:00,87.61509704589844,87.66999816894531,87.4000015258789,87.6500015258789,8289,0.0,0.0,0.0
2024-06-11 12:30:00-04:00,87.66000366210938,87.80829620361328,87.63999938964844,87.756103515625,7548,0.0,0.0,0.0
2024-06-11 13:30:00-04:00,87.7300033569336,87.83000183105469,87.66999816894531,87.75,6738,0.0,0.0,0.0
2024-06-11 14:30:00-04:00,87.83999633789062,87.88500213623047,87.80999755859375,87.87000274658203,3513,0.0,0.0,0.0
2024-06-11 15:30:00-04:00,87.86799621582031,87.91000366210938,87.69999694824219,87.69999694824219,6309,0.0,0.0,0.0
2024-06-12 09:30:00-04:00,88.62000274658203,88.81990051269531,88.10900115966797,88.5,56613,0.0,0.0,0.0
2024-06-12 10:30:00-04:00,88.44000244140625,88.8102035522461,88.1500015258789,88.66500091552734,15371,0.0,0.0,0.0
2024-06-12 11:30:00-04:00,88.92859649658203,88.9999008178711,88.51000213623047,88.81999969482422,11868,0.0,0.0,0.0
2024-06-12 12:30:00-04:00,88.80000305175781,89.0093002319336,88.70500183105469,88.94999694824219,8116,0.0,0.0,0.0
2024-06-12 13:30:00-04:00,88.93009948730469,88.93009948730469,88.33000183105469,88.61509704589844,18185,0.0,0.0,0.0
2024-06-12 14:30:00-04:00,88.66000366210938,88.80999755859375,88.08609771728516,88.08609771728516,13061,0.0,0.0,0.0
2024-06-12 15:30:00-04:00,88.16999816894531,88.23999786376953,88.01229858398438,88.12999725341797,6919,0.0,0.0,0.0
2024-06-13 09:30:00-04:00,87.80000305175781,87.9800033569336,87.12999725341797,87.16999816894531,74161,0.0,0.0,0.0
2024-06-13 10:30:00-04:00,87.16999816894531,87.4124984741211,86.80000305175781,86.97029876708984,24896,0.0,0.0,0.0
2024-06-13 11:30:00-04:00,87.01000213623047,87.19000244140625,86.6332015991211,87.16470336914062,42007,0.0,0.0,0.0
2024-06-13 12:30:00-04:00,87.25509643554688,87.48999786376953,87.25509643554688,87.38999938964844,3860,0.0,0.0,0.0
2024-06-13 13:30:00-04:00,87.41999816894531,87.62000274658203,87.30010223388672,87.33999633789062,3297,0.0,0.0,0.0
2024-06-13 14:30:00-04:00,87.2699966430664,87.5728988647461,87.2699966430664,87.47000122070312,4637,0.0,0.0,0.0
2024-06-13 15:30:00-04:00,87.54989624023438,87.5999984741211,87.3499984741211,87.3499984741211,6154,0.0,0.0,0.0
2024-06-14 09:30:00-04:00,87.08999633789062,87.69000244140625,86.97000122070312,87.4000015258789,25293,0.0,0.0,0.0
2024-06-14 10:30:00-04:00,87.27999877929688,87.58000183105469,87.1510009765625,87.58000183105469,14625,0.0,0.0,0.0
2024-06-14 11:30:00-04:00,87.5999984741211,87.9000015258789,87.36499786376953,87.69999694824219,10338,0.0,0.0,0.0
2024-06-14 12:30:00-04:00,87.69999694824219,87.84940338134766,87.69999694824219,87.76000213623047,2529,0.0,0.0,0.0
2024-06-14 13:30:00-04:00,87.79000091552734,87.84500122070312,87.63999938964844,87.76000213623047,10823,0.0,0.0,0.0
2024-06-14 14:30:00-04:00,87.76000213623047,87.97599792480469,87.76000213623047,87.86000061035156,4546,0.0,0.0,0.0
2024-06-14 15:30:00-04:00,87.98989868164062,88.0,87.8550033569336,88.0,8318,0.0,0.0,0.0
2024-06-17 09:30:00-04:00,88.5,88.67500305175781,88.16000366210938,88.61000061035156,21550,0.0,0.0,0.0
2024-06-17 10:30:00-04:00,88.69999694824219,88.91000366210938,88.37999725341797,88.41999816894531,22979,0.0,0.0,0.0
2024-06-17 11:30:00-04:00,88.33999633789062,88.73359680175781,88.05000305175781,88.57099914550781,13719,0.0,0.0,0.0
2024-06-17 12:30:00-04:00,88.58000183105469,88.83999633789062,88.54000091552734,88.80999755859375,16242,0.0,0.0,0.0
2024-06-17 13:30:00-04:00,88.79499816894531,89.01000213623047,88.7300033569336,88.91889953613281,13319,0.0,0.0,0.0
2024-06-17 14:30:00-04:00,88.89969635009766,89.16000366210938,88.89969635009766,89.11000061035156,4364,0.0,0.0,0.0
2024-06-17 15:30:00-04:00,89.05000305175781,89.44989776611328,89.04499816894531,89.23999786376953,11934,0.0,0.0,0.0
2024-06-18 09:30:00-04:00,88.94999694824219,89.5,88.51000213623047,89.2427978515625,19712,0.0,0.0,0.0
2024-06-18 10:30:00-04:00,89.22000122070312,89.30000305175781,88.75,89.0999984741211,10756,0.0,0.0,0.0
2024-06-18 11:30:00-04:00,89.05000305175781,89.26000213623047,88.84089660644531,89.0,14257,0.0,0.0,0.0
2024-06-18 12:30:00-04:00,88.9800033569336,89.4800033569336,88.9000015258789,89.4800033569336,7981,0.0,0.0,0.0
2024-06-18 13:30:00-04:00,89.47000122070312,89.64900207519531,89.3499984741211,89.35769653320312,16888,0.0,0.0,0.0
2024-06-18 14:30:00-04:00,89.5,89.63999938964844,89.43990325927734,89.59500122070312,13655,0.0,0.0,0.0
2024-06-18 15:30:00-04:00,89.58999633789062,89.61000061035156,89.5,89.5199966430664,2666,0.0,0.0,0.0
2024-06-20 09:30:00-04:00,89.54000091552734,90.0,89.0604019165039,89.9800033569336,34546,0.0,0.0,0.0
2024-06-20 10:30:00-04:00,89.9800033569336,90.43000030517578,89.91999816894531,89.93499755859375,26748,0.0,0.0,0.0
2024-06-20 11:30:00-04:00,89.86000061035156,90.16999816894531,89.83390045166016,89.83390045166016,3971,0.0,0.0,0.0
2024-06-20 12:30:00-04:00,89.81999969482422,89.9800033569336,89.5999984741211,89.91999816894531,7967,0.0,0.0,0.0
2024-06-20 13:30:00-04:00,89.81999969482422,90.25,89.73999786376953,90.25,4865,0.0,0.0,0.0
2024-06-20 14:30:00-04:00,90.25,90.29989624023438,90.1050033569336,90.20999908447266,10340,0.0,0.0,0.0
2024-06-20 15:30:00-04:00,90.11930084228516,90.3499984741211,90.11930084228516,90.3499984741211,2528,0.0,0.0,0.0
2024-06-21 09:30:00-04:00,91.2300033569336,91.34500122070312,90.2300033569336,91.34500122070312,47726,0.0,0.0,0.0
2024-06-21 10:30:00-04:00,91.30000305175781,91.54499816894531,90.69000244140625,90.90489959716797,25513,0.0,0.0,0.0
2024-06-21 11:30:00-04:00,90.9800033569336,91.2249984741211,90.87000274658203,91.20500183105469,17513,0.0,0.0,0.0
2024-06-21 12:30:00-04:00,91.19000244140625,91.4749984741211,91.0999984741211,91.27999877929688,14210,0.0,0.0,0.0
2024-06-21 13:30:00-04:00,91.27999877929688,91.37000274658203,91.09200286865234,91.19999694824219,17785,0.0,0.0,0.0
2024-06-21 14:30:00-04:00,91.22000122070312,91.3499984741211,91.19999694824219,91.24500274658203,11600,0.0,0.0,0.0
2024-06-21 15:30:00-04:00,91.24500274658203,91.24500274658203,91.01000213623047,91.12000274658203,12076,0.0,0.0,0.0
2024-06-24 09:30:00-04:00,91.97000122070312,92.39990234375,91.69999694824219,92.2750015258789,40386,0.0,0.0,0.0
2024-06-24 10:30:00-04:00,92.27999877929688,92.5999984741211,92.0,92.0,24184,0.0,0.0,0.0
2024-06-24 11:30:00-04:00,92.10990142822266,92.10990142822266,91.37100219726562,91.47000122070312,29894,0.0,0.0,0.0
2024-06-24 12:30:00-04:00,91.62000274658203,91.66000366210938,91.31999969482422,91.37000274658203,17836,0.0,0.0,0.0
2024-06-24 13:30:00-04:00,91.37999725341797,91.58000183105469,91.2699966430664,91.43000030517578,19991,0.0,0.0,0.0
2024-06-24 14:30:00-04:00,91.47000122070312,91.54000091552734,91.3499984741211,91.5,12797,0.0,0.0,0.0
2024-06-24 15:30:00-04:00,91.44000244140625,91.45999908447266,91.37000274658203,91.44999694824219,7816,0.0,0.0,0.0
2024-06-25 09:30:00-04:00,90.98999786376953,91.12999725341797,90.48999786376953,90.9800033569336,29524,0.0,0.0,0.0
2024-06-25 10:30:00-04:00,90.94999694824219,90.94999694824219,90.30000305175781,90.56999969482422,44218,0.0,0.0,0.0
2024-06-25 11:30:00-04:00,90.55999755859375,90.7699966430664,90.4395980834961,90.56999969482422,43586,0.0,0.0,0.0
2024-06-25 12:30:00-04:00,90.59500122070312,90.68499755859375,90.12000274658203,90.26000213623047,24529,0.0,0.0,0.0
2024-06-25 13:30:00-04:00,90.27999877929688,90.51000213623047,90.18710327148438,90.51000213623047,12331,0.0,0.0,0.0
2024-06-25 14:30:00-04:00,90.5,90.5999984741211,90.37000274658203,90.44999694824219,11676,0.0,0.0,0.0
2024-06-25 15:30:00-04:00,90.3949966430664,90.47000122070312,90.27999877929688,90.37999725341797,9650,0.0,0.0,0.0
2024-06-26 09:30:00-04:00,91.66000366210938,91.75,90.86000061035156,91.41000366210938,0,0.0,0.0,0.0
2024-06-26 10:30:00-04:00,91.37999725341797,92.13680267333984,91.07499694824219,92.0999984741211,274914,0.0,0.0,0.0
2024-06-26 11:30:00-04:00,92.11000061035156,93.5,92.0999984741211,93.37999725341797,91299,0.0,0.0,0.0
2024-06-26 12:30:00-04:00,93.37000274658203,93.63999938964844,93.27999877929688,93.55500030517578,35213,0.0,0.0,0.0
2024-06-26 13:30:00-04:00,93.47000122070312,93.47000122070312,93.02999877929688,93.04499816894531,34850,0.0,0.0,0.0
2024-06-26 14:30:00-04:00,93.08999633789062,93.13999938964844,92.94999694824219,93.00399780273438,22705,0.0,0.0,0.0
2024-06-26 15:30:00-04:00,92.9749984741211,93.05460357666016,92.91000366210938,93.05460357666016,7170,0.0,0.0,0.0
2024-06-27 09:30:00-04:00,91.58999633789062,91.69999694824219,91.02030181884766,91.1500015258789,42077,0.0,0.0,0.0
2024-06-27 10:30:00-04:00,91.26000213623047,91.56999969482422,90.8499984741211,90.88999938964844,21140,0.0,0.0,0.0
2024-06-27 11:30:00-04:00,90.8499984741211,90.88680267333984,90.62999725341797,90.78990173339844,10230,0.0,0.0,0.0
2024-06-27 12:30:00-04:00,90.80000305175781,90.98999786376953,90.71009826660156,90.8550033569336,7879,0.0,0.0,0.0
2024-06-27 13:30:00-04:00,90.83999633789062,90.90989685058594,90.61000061035156,90.64800262451172,8612,0.0,0.0,0.0
2024-06-27 14:30:00-04:00,90.6500015258789,90.69740295410156,90.55120086669922,90.6500015258789,8179,0.0,0.0,0.0
2024-06-27 15:30:00-04:00,90.62010192871094,90.76000213623047,90.62010192871094,90.76000213623047,6490,0.0,0.0,0.0
2024-06-28 09:30:00-04:00,92.80999755859375,92.99500274658203,91.93009948730469,92.19740295410156,36926,0.0,0.0,0.0
2024-06-28 10:30:00-04:00,92.16999816894531,92.34619903564453,91.80999755859375,92.11689758300781,15545,0.0,0.0,0.0
2024-06-28 11:30:00-04:00,92.0199966430664,92.1500015258789,91.72000122070312,91.80000305175781,7434,0.0,0.0,0.0
2024-06-28 12:30:00-04:00,91.9000015258789,91.9000015258789,91.66999816894531,91.81999969482422,3912,0.0,0.0,0.0
2024-06-28 13:30:00-04:00,91.66999816894531,91.69999694824219,91.5,91.55000305175781,9205,0.0,0.0,0.0
2024-06-28 14:30:00-04:00,91.5,91.5801010131836,91.31009674072266,91.3563003540039,8771,0.0,0.0,0.0
2024-06-28 15:30:00-04:00,91.33910369873047,91.4800033569336,91.30000305175781,91.4800033569336,9827,0.0,0.0,0.0
2024-07-01 09:30:00-04:00,90.66999816894531,90.95999908447266,89.76000213623047,89.9000015258789,52570,0.0,0.0,0.0
2024-07-01 10:30:00-04:00,89.8499984741211,89.8499984741211,89.40950012207031,89.47000122070312,16115,0.0,0.0,0.0
2024-07-01 11:30:00-04:00,89.47000122070312,89.61990356445312,89.4000015258789,89.58000183105469,3808,0.0,0.0,0.0
2024-07-01 12:30:00-04:00,89.66000366210938,89.73999786376953,89.5199966430664,89.66999816894531,5594,0.0,0.0,0.0
2024-07-01 13:30:00-04:00,89.80030059814453,89.80030059814453,89.61000061035156,89.61000061035156,4280,0.0,0.0,0.0
2024-07-01 14:30:00-04:00,89.58999633789062,89.7300033569336,89.58080291748047,89.72000122070312,7057,0.0,0.0,0.0
2024-07-01 15:30:00-04:00,89.72000122070312,89.8499984741211,89.68000030517578,89.75,8150,0.0,0.0,0.0
2024-07-02 09:30:00-04:00,91.1500015258789,91.87000274658203,90.62210083007812,91.87000274658203,40245,0.0,0.0,0.0
2024-07-02 10:30:00-04:00,92.0,92.08000183105469,91.62000274658203,91.81999969482422,14932,0.0,0.0,0.0
2024-07-02 11:30:00-04:00,91.76000213623047,91.76000213623047,91.168701171875,91.23999786376953,19985,0.0,0.0,0.0
2024-07-02 12:30:00-04:00,91.37000274658203,91.4749984741211,91.10710144042969,91.26000213623047,14441,0.0,0.0,0.0
2024-07-02 13:30:00-04:00,91.15499877929688,91.4000015258789,91.1500015258789,91.31999969482422,3084,0.0,0.0,0.0
2024-07-02 14:30:00-04:00,91.37999725341797,91.62000274658203,91.37000274658203,91.62000274658203,2101,0.0,0.0,0.0
2024-07-02 15:30:00-04:00,91.58000183105469,91.62000274658203,91.5199966430664,91.55000305175781,3454,0.0,0.0,0.0
2024-07-03 09:30:00-04:00,92.0999984741211,92.61000061035156,92.0999984741211,92.52999877929688,49570,0.0,0.0,0.0
2024-07-03 10:30:00-04:00,92.36000061035156,92.49520111083984,91.70999908447266,91.80999755859375,31418,0.0,0.0,0.0
2024-07-03 11:30:00-04:00,91.91000366210938,92.16999816894531,91.55999755859375,91.55999755859375,16222,0.0,0.0,0.0
2024-07-05 09:30:00-04:00,93.58999633789062,94.30999755859375,93.58999633789062,94.2699966430664,103300,0.0,0.0,0.0
2024-07-05 10:30:00-04:00,94.3499984741211,94.76000213623047,94.2300033569336,94.68000030517578,21156,0.0,0.0,0.0
2024-07-05 11:30:00-04:00,94.68000030517578,94.80999755859375,94.61000061035156,94.68000030517578,18688,0.0,0.0,0.0
2024-07-05 12:30:00-04:00,94.62000274658203,94.72000122070312,94.347900390625,94.6500015258789,8608,0.0,0.0,0.0
2024-07-05 13:30:00-04:00,94.55000305175781,94.69989776611328,94.44000244140625,94.45999908447266,8540,0.0,0.0,0.0
2024-07-05 14:30:00-04:00,94.45429992675781,94.48999786376953,94.20999908447266,94.4000015258789,6833,0.0,0.0,0.0
2024-07-05 15:30:00-04:00,94.44999694824219,94.67990112304688,94.20999908447266,94.20999908447266,5699,0.0,0.0,0.0
2024-07-08 09:30:00-04:00,92.58999633789062,92.73999786376953,92.0999984741211,92.73999786376953,31476,0.0,0.0,0.0
2024-07-08 10:30:00-04:00,92.66000366210938,92.81990051269531,92.0,92.06999969482422,23424,0.0,0.0,0.0
2024-07-08 11:30:00-04:00,92.04000091552734,92.04000091552734,91.72000122070312,92.0259017944336,24919,0.0,0.0,0.0
2024-07-08 12:30:00-04:00,91.9000015258789,92.11849975585938,91.83999633789062,91.83999633789062,7047,0.0,0.0,0.0
2024-07-08 13:30:00-04:00,91.90380096435547,92.05740356445312,91.9000015258789,91.9000015258789,3316,0.0,0.0,0.0
2024-07-08 14:30:00-04:00,91.875,92.0,91.7051010131836,91.87999725341797,10810,0.0,0.0,0.0
2024-07-08 15:30:00-04:00,91.93000030517578,92.0199966430664,91.8499984741211,91.8499984741211,8932,0.0,0.0,0.0
2024-07-09 09:30:00-04:00,91.56999969482422,91.68000030517578,90.6500015258789,90.6500015258789,30443,0.0,0.0,0.0
2024-07-09 10:30:00-04:00,90.63999938964844,90.82499694824219,90.05699920654297,90.23999786376953,39513,0.0,0.0,0.0
2024-07-09 11:30:00-04:00,90.26010131835938,90.77410125732422,90.19509887695312,90.5438003540039,15914,0.0,0.0,0.0
2024-07-09 12:30:00-04:00,90.52999877929688,90.65280151367188,90.44779968261719,90.54010009765625,3826,0.0,0.0,0.0
2024-07-09 13:30:00-04:00,90.62999725341797,90.62999725341797,90.41230010986328,90.5199966430664,3639,0.0,0.0,0.0
2024-07-09 14:30:00-04:00,90.5199966430664,90.55999755859375,90.42009735107422,90.51000213623047,4160,0.0,0.0,0.0
2024-07-09 15:30:00-04:00,90.56379699707031,90.56379699707031,90.4800033569336,90.4800033569336,1255,0.0,0.0,0.0
2024-07-10 09:30:00-04:00,90.73999786376953,91.5999984741211,90.73999786376953,91.08000183105469,53097,0.0,0.0,0.0
2024-07-10 10:30:00-04:00,91.05000305175781,91.30000305175781,90.80999755859375,91.29000091552734,17778,0.0,0.0,0.0
2024-07-10 11:30:00-04:00,91.13999938964844,91.33999633789062,91.04090118408203,91.20999908447266,18187,0.0,0.0,0.0
2024-07-10 12:30:00-04:00,91.2300033569336,91.39920043945312,91.11000061035156,91.31500244140625,8959,0.0,0.0,0.0
2024-07-10 13:30:00-04:00,91.19999694824219,91.36499786376953,91.0199966430664,91.33499908447266,9284,0.0,0.0,0.0
2024-07-10 14:30:00-04:00,91.33499908447266,91.5,91.2750015258789,91.5,3018,0.0,0.0,0.0
2024-07-10 15:30:00-04:00,91.4800033569336,91.67569732666016,91.41999816894531,91.55999755859375,6037,0.0,0.0,0.0
2024-07-11 09:30:00-04:00,91.95999908447266,92.64990234375,91.80999755859375,92.03990173339844,53115,0.0,0.0,0.0
2024-07-11 10:30:00-04:00,91.88999938964844,92.50469970703125,91.70999908447266,92.2300033569336,22065,0.0,0.0,0.0
2024-07-11 11:30:00-04:00,92.22000122070312,92.33999633789062,92.04000091552734,92.1500015258789,9509,0.0,0.0,0.0
2024-07-11 12:30:00-04:00,92.05999755859375,92.08999633789062,91.75,92.08000183105469,11676,0.0,0.0,0.0
2024-07-11 13:30:00-04:00,91.9800033569336,92.3738021850586,91.9800033569336,92.19499969482422,4400,0.0,0.0,0.0
2024-07-11 14:30:00-04:00,92.16000366210938,92.40049743652344,92.16000366210938,92.2500991821289,9680,0.0,0.0,0.0
2024-07-11 15:30:00-04:00,92.32009887695312,92.55999755859375,92.32009887695312,92.33000183105469,9513,0.0,0.0,0.0
2024-07-12 09:30:00-04:00,91.20999908447266,91.9800033569336,91.12000274658203,91.63990020751953,30375,0.0,0.0,0.0
2024-07-12 10:30:00-04:00,91.5199966430664,91.8895034790039,91.3550033569336,91.5250015258789,39665,0.0,0.0,0.0
2024-07-12 11:30:00-04:00,91.55000305175781,91.9000015258789,91.55000305175781,91.8499984741211,11407,0.0,0.0,0.0
2024-07-12 12:30:00-04:00,91.87439727783203,92.05470275878906,91.79000091552734,91.85800170898438,4888,0.0,0.0,0.0
2024-07-12 13:30:00-04:00,91.80000305175781,92.05000305175781,91.78500366210938,91.8499984741211,0,0.0,0.0,0.0
2024-07-12 14:30:00-04:00,91.86000061035156,91.96990203857422,91.84500122070312,91.91000366210938,99079,0.0,0.0,0.0
2024-07-12 15:30:00-04:00,91.87000274658203,91.93379974365234,91.76000213623047,91.7699966430664,47402,0.0,0.0,0.0
2024-07-15 09:30:00-04:00,90.86000061035156,91.83000183105469,90.52999877929688,91.76000213623047,40229,0.0,0.0,0.0
2024-07-15 10:30:00-04:00,91.7699966430664,92.9000015258789,91.75,92.36990356445312,34835,0.0,0.0,0.0
2024-07-15 11:30:00-04:00,92.18000030517578,92.31999969482422,91.91000366210938,92.0,10023,0.0,0.0,0.0
2024-07-15 12:30:00-04:00,91.94840240478516,92.0999984741211,91.44110107421875,91.55999755859375,7217,0.0,0.0,0.0
2024-07-15 13:30:00-04:00,91.6500015258789,91.73989868164062,91.31410217285156,91.63999938964844,7708,0.0,0.0,0.0
2024-07-15 14:30:00-04:00,91.62000274658203,91.70989990234375,91.57499694824219,91.67500305175781,10897,0.0,0.0,0.0
2024-07-15 15:30:00-04:00,91.67500305175781,91.75,91.33999633789062,91.37000274658203,19854,0.0,0.0,0.0
2024-07-16 09:30:00-04:00,90.6500015258789,91.0999984741211,90.22010040283203,90.73999786376953,29935,0.0,0.0,0.0
2024-07-16 10:30:00-04:00,90.81999969482422,91.55999755859375,90.69999694824219,91.49369812011719,27033,0.0,0.0,0.0
2024-07-16 11:30:00-04:00,91.43000030517578,91.58999633789062,91.22899627685547,91.4000015258789,9818,0.0,0.0,0.0
2024-07-16 12:30:00-04:00,91.4800033569336,91.68000030517578,91.31999969482422,91.68000030517578,12017,0.0,0.0,0.0
2024-07-16 13:30:00-04:00,91.86990356445312,91.87860107421875,91.69000244140625,91.86000061035156,7129,0.0,0.0,0.0
2024-07-16 14:30:00-04:00,91.86799621582031,91.97000122070312,91.76010131835938,91.83999633789062,7000,0.0,0.0,0.0
2024-07-16 15:30:00-04:00,91.82499694824219,92.0,91.78179931640625,91.91000366210938,9208,0.0,0.0,0.0
2024-07-17 09:30:00-04:00,93.18000030517578,93.49220275878906,92.26010131835938,92.26010131835938,94612,0.0,0.0,0.0
2024-07-17 10:30:00-04:00,92.32009887695312,92.37000274658203,91.5199966430664,91.52999877929688,31410,0.0,0.0,0.0
2024-07-17 11:30:00-04:00,91.5199966430664,91.5781021118164,91.36000061035156,91.36000061035156,13742,0.0,0.0,0.0
2024-07-17 12:30:00-04:00,91.29000091552734,91.6500015258789,91.2699966430664,91.47000122070312,9310,0.0,0.0,0.0
2024-07-17 13:30:00-04:00,91.5,91.5,91.27999877929688,91.3499984741211,8073,0.0,0.0,0.0
2024-07-17 14:30:00-04:00,91.33000183105469,91.36060333251953,91.19999694824219,91.20230102539062,21676,0.0,0.0,0.0
2024-07-17 15:30:00-04:00,91.33000183105469,91.48999786376953,91.30000305175781,91.39990234375,5602,0.0,0.0,0.0
2024-07-18 09:30:00-04:00,91.6500015258789,91.6500015258789,90.58000183105469,90.5999984741211,31209,0.0,0.0,0.0
2024-07-18 10:30:00-04:00,90.58000183105469,90.80000305175781,90.11000061035156,90.18009948730469,26032,0.0,0.0,0.0
2024-07-18 11:30:00-04:00,90.13999938964844,90.31500244140625,89.36000061035156,89.6698989868164,52009,0.0,0.0,0.0
2024-07-18 12:30:00-04:00,89.68000030517578,89.7249984741211,89.41000366210938,89.5,9120,0.0,0.0,0.0
2024-07-18 13:30:00-04:00,89.5999984741211,89.75,89.36499786376953,89.41999816894531,28044,0.0,0.0,0.0
2024-07-18 14:30:00-04:00,89.3499984741211,89.36000061035156,88.5999984741211,88.73999786376953,29011,0.0,0.0,0.0
2024-07-18 15:30:00-04:00,89.02999877929688,89.11199951171875,88.80010223388672,88.80999755859375,18402,0.0,0.0,0.0
2024-07-19 09:30:00-04:00,88.16999816894531,88.93000030517578,88.16999816894531,88.42500305175781,45078,0.0,0.0,0.0
2024-07-19 10:30:00-04:00,88.38999938964844,88.77999877929688,88.36000061035156,88.44999694824219,8566,0.0,0.0,0.0
2024-07-19 11:30:00-04:00,88.33000183105469,88.7499008178711,88.33000183105469,88.52999877929688,6024,0.0,0.0,0.0
2024-07-19 12:30:00-04:00,88.44999694824219,88.55000305175781,88.4000015258789,88.41999816894531,7272,0.0,0.0,0.0
2024-07-19 13:30:00-04:00,88.43499755859375,88.55999755859375,88.41000366210938,88.43009948730469,10253,0.0,0.0,0.0
2024-07-19 14:30:00-04:00,88.54000091552734,88.8499984741211,88.43090057373047,88.6500015258789,14249,0.0,0.0,0.0
2024-07-19 15:30:00-04:00,88.61009979248047,88.75830078125,88.5199966430664,88.5199966430664,7086,0.0,0.0,0.0
2024-07-22 09:30:00-04:00,87.01000213623047,87.05999755859375,86.46040344238281,86.56009674072266,112447,0.0,0.0,0.0
2024-07-22 10:30:00-04:00,86.63500213623047,87.0999984741211,86.44499969482422,86.49500274658203,58816,0.0,0.0,0.0
2024-07-22 11:30:00-04:00,86.52999877929688,87.09989929199219,86.52999877929688,86.94999694824219,13862,0.0,0.0,0.0
2024-07-22 12:30:00-04:00,86.94000244140625,87.02999877929688,86.88999938964844,86.98999786376953,15803,0.0,0.0,0.0
2024-07-22 13:30:00-04:00,86.97000122070312,87.08999633789062,86.86009979248047,87.08999633789062,21205,0.0,0.0,0.0
2024-07-22 14:30:00-04:00,87.05000305175781,87.21990203857422,87.02999877929688,87.1500015258789,17449,0.0,0.0,0.0
2024-07-22 15:30:00-04:00,87.19000244140625,87.2699966430664,87.11499786376953,87.26000213623047,10038,0.0,0.0,0.0
2024-07-23 09:30:00-04:00,87.0199966430664,87.05000305175781,86.4800033569336,86.56999969482422,26319,0.0,0.0,0.0
2024-07-23 10:30:00-04:00,86.83999633789062,87.05590057373047,86.55000305175781,86.5999984741211,32246,0.0,0.0,0.0
2024-07-23 11:30:00-04:00,86.75599670410156,87.23999786376953,86.75599670410156,87.1050033569336,14877,0.0,0.0,0.0
2024-07-23 12:30:00-04:00,87.12000274658203,87.12000274658203,86.9000015258789,86.97000122070312,9018,0.0,0.0,0.0
2024-07-23 13:30:00-04:00,86.91999816894531,87.01499938964844,86.91010284423828,86.91010284423828,3159,0.0,0.0,0.0
2024-07-23 14:30:00-04:00,86.95500183105469,87.0,86.95500183105469,87.0,1435,0.0,0.0,0.0
2024-07-23 15:30:00-04:00,87.19000244140625,87.19000244140625,86.77999877929688,86.97000122070312,7243,0.0,0.0,0.0
2024-07-24 09:30:00-04:00,88.0199966430664,88.30999755859375,87.4738998413086,87.66999816894531,24897,0.0,0.0,0.0
2024-07-24 10:30:00-04:00,87.66999816894531,87.9800033569336,87.46009826660156,87.94999694824219,12601,0.0,0.0,0.0
2024-07-24 11:30:00-04:00,88.13999938964844,88.27999877929688,87.88500213623047,87.88500213623047,4694,0.0,0.0,0.0
2024-07-24 12:30:00-04:00,87.91500091552734,88.0199966430664,87.69999694824219,87.69999694824219,7948,0.0,0.0,0.0
2024-07-24 13:30:00-04:00,87.69999694824219,87.73999786376953,87.37999725341797,87.37999725341797,3398,0.0,0.0,0.0
2024-07-24 14:30:00-04:00,87.44999694824219,87.46820068359375,87.17009735107422,87.30000305175781,11308,0.0,0.0,0.0
2024-07-24 15:30:00-04:00,87.18099975585938,87.30000305175781,87.11000061035156,87.16000366210938,7869,0.0,0.0,0.0
2024-07-25 09:30:00-04:00,85.6500015258789,86.19999694824219,85.4000015258789,86.1500015258789,81927,0.0,0.0,0.0
2024-07-25 10:30:00-04:00,86.05999755859375,86.13999938964844,85.7300033569336,85.7699966430664,16684,0.0,0.0,0.0
2024-07-25 11:30:00-04:00,85.76000213623047,86.03929901123047,85.75,85.97000122070312,11061,0.0,0.0,0.0
2024-07-25 12:30:00-04:00,86.05500030517578,86.12999725341797,85.76010131835938,85.76010131835938,12524,0.0,0.0,0.0
2024-07-25 13:30:00-04:00,85.88999938964844,85.9292984008789,85.76000213623047,85.9292984008789,9300,0.0,0.0,0.0
2024-07-25 14:30:00-04:00,85.82009887695312,86.05999755859375,85.80999755859375,86.05999755859375,8516,0.0,0.0,0.0
2024-07-25 15:30:00-04:00,86.0999984741211,86.1500015258789,85.93499755859375,86.0,7641,0.0,0.0,0.0
2024-07-26 09:30:00-04:00,85.5999984741211,85.9749984741211,85.4000015258789,85.4000015258789,38236,0.0,0.0,0.0
2024-07-26 10:30:00-04:00,85.30000305175781,85.62000274658203,85.04000091552734,85.55999755859375,22041,0.0,0.0,0.0
2024-07-26 11:30:00-04:00,85.6050033569336,85.81999969482422,85.55999755859375,85.81999969482422,9229,0.0,0.0,0.0
2024-07-26 12:30:00-04:00,85.79499816894531,86.03260040283203,85.74120330810547,85.77999877929688,4838,0.0,0.0,0.0
2024-07-26 13:30:00-04:00,85.69000244140625,85.81999969482422,85.48999786376953,85.73470306396484,17095,0.0,0.0,0.0
2024-07-26 14:30:00-04:00,85.73999786376953,85.86000061035156,85.5999984741211,85.72000122070312,13016,0.0,0.0,0.0
2024-07-26 15:30:00-04:00,85.7300033569336,86.0,85.7300033569336,86.0,24423,0.0,0.0,0.0
