Datetime,Open,High,Low,Close,Volume,Dividends,Stock Splits
2022-07-28 09:30:00-04:00,53.68000030517578,53.880001068115234,52.56999969482422,52.65999984741211,0,0.0,0.0
2022-07-28 10:30:00-04:00,52.689998626708984,53.279998779296875,52.595001220703125,53.27000045776367,141866,0.0,0.0
2022-07-28 11:30:00-04:00,53.279998779296875,53.5099983215332,53.15999984741211,53.220001220703125,155346,0.0,0.0
2022-07-28 12:30:00-04:00,53.220001220703125,53.41999816894531,53.119998931884766,53.369998931884766,124707,0.0,0.0
2022-07-28 13:30:00-04:00,53.369998931884766,53.4900016784668,53.13999938964844,53.279998779296875,154095,0.0,0.0
2022-07-28 14:30:00-04:00,53.27000045776367,53.39500045776367,53.189998626708984,53.38999938964844,169171,0.0,0.0
2022-07-28 15:30:00-04:00,53.380001068115234,53.48500061035156,53.27000045776367,53.47999954223633,296939,0.0,0.0
2022-07-29 09:30:00-04:00,53.720001220703125,54.599998474121094,53.560001373291016,54.369998931884766,321610,0.0,0.0
2022-07-29 10:30:00-04:00,54.34000015258789,54.34000015258789,53.869998931884766,53.91999816894531,75323,0.0,0.0
2022-07-29 11:30:00-04:00,53.939998626708984,54.16999816894531,53.880001068115234,53.92499923706055,140831,0.0,0.0
2022-07-29 12:30:00-04:00,53.93000030517578,54.099998474121094,53.88999938964844,54.02000045776367,132360,0.0,0.0
2022-07-29 13:30:00-04:00,54.005001068115234,54.56999969482422,54.005001068115234,54.47999954223633,227441,0.0,0.0
2022-07-29 14:30:00-04:00,54.4900016784668,54.70000076293945,54.45000076293945,54.70000076293945,182505,0.0,0.0
2022-07-29 15:30:00-04:00,54.689998626708984,54.689998626708984,54.494998931884766,54.54999923706055,367522,0.0,0.0
2022-08-01 09:30:00-04:00,54.290000915527344,54.529998779296875,53.54100036621094,54.084999084472656,168931,0.0,0.0
2022-08-01 10:30:00-04:00,54.09000015258789,54.529998779296875,53.970001220703125,54.32500076293945,101848,0.0,0.0
2022-08-01 11:30:00-04:00,54.29999923706055,54.34000015258789,53.869998931884766,54.18000030517578,94542,0.0,0.0
2022-08-01 12:30:00-04:00,54.15999984741211,54.29999923706055,53.90999984741211,53.939998626708984,103306,0.0,0.0
2022-08-01 13:30:00-04:00,53.91999816894531,54.0099983215332,53.709999084472656,53.9900016784668,127225,0.0,0.0
2022-08-01 14:30:00-04:00,53.9900016784668,54.165000915527344,53.849998474121094,54.0,181375,0.0,0.0
2022-08-01 15:30:00-04:00,53.9900016784668,54.0,53.84000015258789,53.939998626708984,286743,0.0,0.0
2022-08-02 09:30:00-04:00,53.970001220703125,54.47999954223633,53.279998779296875,53.599998474121094,158577,0.0,0.0
2022-08-02 10:30:00-04:00,53.650001525878906,53.90999984741211,53.52000045776367,53.90999984741211,81193,0.0,0.0
2022-08-02 11:30:00-04:00,53.900001525878906,53.939998626708984,53.7400016784668,53.75,93529,0.0,0.0
2022-08-02 12:30:00-04:00,53.790000915527344,53.91999816894531,53.63999938964844,53.68000030517578,119179,0.0,0.0
2022-08-02 13:30:00-04:00,53.68000030517578,53.68000030517578,53.380001068115234,53.5099983215332,105399,0.0,0.0
2022-08-02 14:30:00-04:00,53.512298583984375,53.58000183105469,53.23500061035156,53.459999084472656,128680,0.0,0.0
2022-08-02 15:30:00-04:00,53.45000076293945,53.47999954223633,53.06999969482422,53.099998474121094,137386,0.0,0.0
2022-08-03 09:30:00-04:00,53.34000015258789,53.709999084472656,53.04999923706055,53.709999084472656,98085,0.0,0.0
2022-08-03 10:30:00-04:00,53.720001220703125,53.790000915527344,53.415000915527344,53.52000045776367,76168,0.0,0.0
2022-08-03 11:30:00-04:00,53.52000045776367,53.720001220703125,53.45000076293945,53.66999816894531,117676,0.0,0.0
2022-08-03 12:30:00-04:00,53.709999084472656,54.0,53.68000030517578,53.97999954223633,94077,0.0,0.0
2022-08-03 13:30:00-04:00,53.9900016784668,54.13999938964844,53.91999816894531,54.130001068115234,110807,0.0,0.0
2022-08-03 14:30:00-04:00,54.13999938964844,54.16999816894531,53.970001220703125,54.119998931884766,144100,0.0,0.0
2022-08-03 15:30:00-04:00,54.11000061035156,54.15999984741211,53.90999984741211,53.959999084472656,288998,0.0,0.0
2022-08-04 09:30:00-04:00,53.72999954223633,53.959999084472656,53.25,53.29999923706055,89448,0.0,0.0
2022-08-04 10:30:00-04:00,53.31999969482422,53.560001373291016,53.25,53.38999938964844,131894,0.0,0.0
2022-08-04 11:30:00-04:00,53.45000076293945,53.46070098876953,53.13999938964844,53.244998931884766,107937,0.0,0.0
2022-08-04 12:30:00-04:00,53.263301849365234,53.310001373291016,53.119998931884766,53.220001220703125,92047,0.0,0.0
2022-08-04 13:30:00-04:00,53.209999084472656,53.33000183105469,53.150001525878906,53.220001220703125,71747,0.0,0.0
2022-08-04 14:30:00-04:00,53.220001220703125,53.43000030517578,53.08000183105469,53.36000061035156,103412,0.0,0.0
2022-08-04 15:30:00-04:00,53.349998474121094,53.349998474121094,53.150001525878906,53.310001373291016,234861,0.0,0.0
2022-08-05 09:30:00-04:00,53.2599983215332,54.66999816894531,53.150001525878906,54.40999984741211,100695,0.0,0.0
2022-08-05 10:30:00-04:00,54.41999816894531,54.61000061035156,54.20000076293945,54.22999954223633,71727,0.0,0.0
2022-08-05 11:30:00-04:00,54.20000076293945,54.459999084472656,54.18000030517578,54.43000030517578,67135,0.0,0.0
2022-08-05 12:30:00-04:00,54.41999816894531,54.59000015258789,54.29999923706055,54.34000015258789,55636,0.0,0.0
2022-08-05 13:30:00-04:00,54.34000015258789,54.459999084472656,54.08000183105469,54.09000015258789,61298,0.0,0.0
2022-08-05 14:30:00-04:00,54.08000183105469,54.22999954223633,54.060001373291016,54.189998626708984,78534,0.0,0.0
2022-08-05 15:30:00-04:00,54.17499923706055,54.220001220703125,53.97999954223633,54.0,172560,0.0,0.0
2022-08-08 09:30:00-04:00,54.20000076293945,54.81999969482422,54.20000076293945,54.5,114308,0.0,0.0
2022-08-08 10:30:00-04:00,54.5,54.779998779296875,54.47999954223633,54.52000045776367,53390,0.0,0.0
2022-08-08 11:30:00-04:00,54.494998931884766,54.619998931884766,54.2400016784668,54.27000045776367,58908,0.0,0.0
2022-08-08 12:30:00-04:00,54.2599983215332,54.58679962158203,54.25,54.38999938964844,55028,0.0,0.0
2022-08-08 13:30:00-04:00,54.400001525878906,54.459999084472656,54.15999984741211,54.209999084472656,85765,0.0,0.0
2022-08-08 14:30:00-04:00,54.21500015258789,54.334999084472656,54.060001373291016,54.29499816894531,99983,0.0,0.0
2022-08-08 15:30:00-04:00,54.290000915527344,54.31999969482422,54.06999969482422,54.095001220703125,213410,0.0,0.0
2022-08-09 09:30:00-04:00,54.13999938964844,54.415000915527344,53.83000183105469,54.279998779296875,99654,0.0,0.0
2022-08-09 10:30:00-04:00,54.279998779296875,54.36000061035156,54.04999923706055,54.2400016784668,84047,0.0,0.0
2022-08-09 11:30:00-04:00,54.22999954223633,54.310001373291016,54.060001373291016,54.25,110417,0.0,0.0
2022-08-09 12:30:00-04:00,54.25,54.47999954223633,54.220001220703125,54.43000030517578,86956,0.0,0.0
2022-08-09 13:30:00-04:00,54.43000030517578,54.4900016784668,54.2400016784668,54.290000915527344,207059,0.0,0.0
2022-08-09 14:30:00-04:00,54.279998779296875,54.333499908447266,54.084999084472656,54.31999969482422,160222,0.0,0.0
2022-08-09 15:30:00-04:00,54.31999969482422,54.66999816894531,54.290000915527344,54.650001525878906,303755,0.0,0.0
2022-08-10 09:30:00-04:00,55.369998931884766,56.540000915527344,55.244998931884766,56.220001220703125,229987,0.0,0.0
2022-08-10 10:30:00-04:00,56.218101501464844,56.619998931884766,56.189998626708984,56.459999084472656,121535,0.0,0.0
2022-08-10 11:30:00-04:00,56.470001220703125,56.810001373291016,56.330101013183594,56.72999954223633,111385,0.0,0.0
2022-08-10 12:30:00-04:00,56.720001220703125,56.779998779296875,56.47999954223633,56.5,120550,0.0,0.0
2022-08-10 13:30:00-04:00,56.4900016784668,56.56999969482422,56.37160110473633,56.4900016784668,98179,0.0,0.0
2022-08-10 14:30:00-04:00,56.505001068115234,56.529998779296875,56.220001220703125,56.33000183105469,134185,0.0,0.0
2022-08-10 15:30:00-04:00,56.31999969482422,56.427799224853516,56.20000076293945,56.369998931884766,288000,0.0,0.0
2022-08-11 09:30:00-04:00,56.880001068115234,57.439998626708984,56.869998931884766,57.31999969482422,124503,0.0,0.0
2022-08-11 10:30:00-04:00,57.33000183105469,57.439998626708984,57.06999969482422,57.154998779296875,111577,0.0,0.0
2022-08-11 11:30:00-04:00,57.16999816894531,57.209999084472656,56.9900016784668,57.119998931884766,92653,0.0,0.0
2022-08-11 12:30:00-04:00,57.150001525878906,57.369998931884766,57.119998931884766,57.2400016784668,78289,0.0,0.0
2022-08-11 13:30:00-04:00,57.2400016784668,57.41999816894531,57.22999954223633,57.38999938964844,81651,0.0,0.0
2022-08-11 14:30:00-04:00,57.369998931884766,57.38999938964844,57.06999969482422,57.310001373291016,120931,0.0,0.0
2022-08-11 15:30:00-04:00,57.29999923706055,57.33000183105469,57.11000061035156,57.25,160050,0.0,0.0
2022-08-12 09:30:00-04:00,57.540000915527344,57.7599983215332,57.290000915527344,57.6349983215332,430656,0.0,0.0
2022-08-12 10:30:00-04:00,57.63999938964844,58.0,57.540000915527344,57.9900016784668,77792,0.0,0.0
2022-08-12 11:30:00-04:00,58.0,58.0,57.81999969482422,57.93000030517578,96888,0.0,0.0
2022-08-12 12:30:00-04:00,57.90999984741211,58.0099983215332,57.77000045776367,57.939998626708984,83074,0.0,0.0
2022-08-12 13:30:00-04:00,57.95000076293945,58.029998779296875,57.875,57.97999954223633,82037,0.0,0.0
2022-08-12 14:30:00-04:00,57.970001220703125,58.18000030517578,57.959999084472656,58.15999984741211,112976,0.0,0.0
2022-08-12 15:30:00-04:00,58.150001525878906,58.27000045776367,58.099998474121094,58.22999954223633,203086,0.0,0.0
2022-08-15 09:30:00-04:00,57.810001373291016,58.529998779296875,57.5099983215332,58.15999984741211,410762,0.0,0.0
2022-08-15 10:30:00-04:00,58.130001068115234,58.29999923706055,58.09000015258789,58.150001525878906,118465,0.0,0.0
2022-08-15 11:30:00-04:00,58.13999938964844,58.599998474121094,58.13999938964844,58.560001373291016,90243,0.0,0.0
2022-08-15 12:30:00-04:00,58.56999969482422,58.849998474121094,58.56999969482422,58.73500061035156,93893,0.0,0.0
2022-08-15 13:30:00-04:00,58.77000045776367,58.81999969482422,58.67499923706055,58.814998626708984,96840,0.0,0.0
2022-08-15 14:30:00-04:00,58.81999969482422,58.85499954223633,58.630001068115234,58.665000915527344,153328,0.0,0.0
2022-08-15 15:30:00-04:00,58.66999816894531,58.720001220703125,58.5099983215332,58.6349983215332,226028,0.0,0.0
2022-08-16 09:30:00-04:00,58.540000915527344,58.90999984741211,58.470001220703125,58.790000915527344,140924,0.0,0.0
2022-08-16 10:30:00-04:00,58.810001373291016,58.95500183105469,58.650001525878906,58.91999816894531,102370,0.0,0.0
2022-08-16 11:30:00-04:00,58.90999984741211,59.34000015258789,58.89500045776367,59.29999923706055,159586,0.0,0.0
2022-08-16 12:30:00-04:00,59.33000183105469,59.34000015258789,59.040000915527344,59.27000045776367,83145,0.0,0.0
2022-08-16 13:30:00-04:00,59.27000045776367,59.5099983215332,59.20000076293945,59.33000183105469,142461,0.0,0.0
2022-08-16 14:30:00-04:00,59.349998474121094,59.349998474121094,58.900001525878906,59.15999984741211,169604,0.0,0.0
2022-08-16 15:30:00-04:00,59.169898986816406,59.19499969482422,58.95500183105469,58.970001220703125,186207,0.0,0.0
2022-08-17 09:30:00-04:00,57.84000015258789,58.369998931884766,57.5,58.34000015258789,179712,0.0,0.0
2022-08-17 10:30:00-04:00,58.380001068115234,58.529998779296875,58.20000076293945,58.27000045776367,114815,0.0,0.0
2022-08-17 11:30:00-04:00,58.27000045776367,58.369998931884766,57.959999084472656,58.34000015258789,120691,0.0,0.0
2022-08-17 12:30:00-04:00,58.34000015258789,58.57500076293945,58.34000015258789,58.560001373291016,100862,0.0,0.0
2022-08-17 13:30:00-04:00,58.560001373291016,58.97999954223633,58.43000030517578,58.900001525878906,165334,0.0,0.0
2022-08-17 14:30:00-04:00,58.91999816894531,59.11000061035156,58.52000045776367,58.79999923706055,173841,0.0,0.0
2022-08-17 15:30:00-04:00,58.790000915527344,58.84000015258789,58.630001068115234,58.65999984741211,239874,0.0,0.0
2022-08-18 09:30:00-04:00,58.7599983215332,58.7599983215332,58.380001068115234,58.7400016784668,69048,0.0,0.0
2022-08-18 10:30:00-04:00,58.7599983215332,58.84000015258789,58.45000076293945,58.66999816894531,59169,0.0,0.0
2022-08-18 11:30:00-04:00,58.68000030517578,58.77000045776367,58.4900016784668,58.5,70844,0.0,0.0
2022-08-18 12:30:00-04:00,58.4900016784668,58.529998779296875,58.349998474121094,58.5099983215332,55740,0.0,0.0
2022-08-18 13:30:00-04:00,58.52000045776367,58.670101165771484,58.5,58.630001068115234,61403,0.0,0.0
2022-08-18 14:30:00-04:00,58.60499954223633,58.849998474121094,58.56999969482422,58.81999969482422,61951,0.0,0.0
2022-08-18 15:30:00-04:00,58.81999969482422,58.84000015258789,58.689998626708984,58.790000915527344,165416,0.0,0.0
2022-08-19 09:30:00-04:00,58.119998931884766,58.28499984741211,57.810001373291016,57.900001525878906,125666,0.0,0.0
2022-08-19 10:30:00-04:00,57.93000030517578,58.07500076293945,57.4900016784668,57.58000183105469,55845,0.0,0.0
2022-08-19 11:30:00-04:00,57.58000183105469,57.63999938964844,57.47999954223633,57.54999923706055,50512,0.0,0.0
2022-08-19 12:30:00-04:00,57.529998779296875,57.82500076293945,57.5,57.630001068115234,67205,0.0,0.0
2022-08-19 13:30:00-04:00,57.619998931884766,57.619998931884766,57.40999984741211,57.54499816894531,60317,0.0,0.0
2022-08-19 14:30:00-04:00,57.540000915527344,57.66999816894531,57.369998931884766,57.650001525878906,71218,0.0,0.0
2022-08-19 15:30:00-04:00,57.650001525878906,57.77000045776367,57.564998626708984,57.619998931884766,145495,0.0,0.0
2022-08-22 09:30:00-04:00,56.86000061035156,56.86000061035156,55.81999969482422,55.880001068115234,102808,0.0,0.0
2022-08-22 10:30:00-04:00,55.88999938964844,56.28499984741211,55.86000061035156,56.2400016784668,117781,0.0,0.0
2022-08-22 11:30:00-04:00,56.220001220703125,56.34000015258789,56.119998931884766,56.15999984741211,54739,0.0,0.0
2022-08-22 12:30:00-04:00,56.16999816894531,56.36000061035156,56.16999816894531,56.20000076293945,57030,0.0,0.0
2022-08-22 13:30:00-04:00,56.16999816894531,56.18000030517578,56.00600051879883,56.064998626708984,57010,0.0,0.0
2022-08-22 14:30:00-04:00,56.060001373291016,56.150001525878906,55.915000915527344,55.95000076293945,97738,0.0,0.0
2022-08-22 15:30:00-04:00,55.959999084472656,56.08000183105469,55.84000015258789,56.0099983215332,191644,0.0,0.0
2022-08-23 09:30:00-04:00,56.04999923706055,56.61000061035156,56.0,56.400001525878906,62947,0.0,0.0
2022-08-23 10:30:00-04:00,56.41999816894531,56.560001373291016,56.09000015258789,56.18000030517578,68291,0.0,0.0
2022-08-23 11:30:00-04:00,56.18000030517578,56.25,55.97999954223633,56.0099983215332,68508,0.0,0.0
2022-08-23 12:30:00-04:00,56.0099983215332,56.16699981689453,56.0099983215332,56.08000183105469,41034,0.0,0.0
2022-08-23 13:30:00-04:00,56.130001068115234,56.1349983215332,55.900001525878906,56.099998474121094,51571,0.0,0.0
2022-08-23 14:30:00-04:00,56.10499954223633,56.130001068115234,55.970001220703125,55.97999954223633,72195,0.0,0.0
2022-08-23 15:30:00-04:00,55.9900016784668,56.25,55.93000030517578,56.18000030517578,181550,0.0,0.0
2022-08-24 09:30:00-04:00,55.93000030517578,56.099998474121094,55.66999816894531,55.97999954223633,58476,0.0,0.0
2022-08-24 10:30:00-04:00,55.97999954223633,56.400001525878906,55.97999954223633,56.334999084472656,73638,0.0,0.0
2022-08-24 11:30:00-04:00,56.33000183105469,56.43000030517578,56.2400016784668,56.26499938964844,36619,0.0,0.0
2022-08-24 12:30:00-04:00,56.220001220703125,56.25,55.939998626708984,55.970001220703125,30378,0.0,0.0
2022-08-24 13:30:00-04:00,55.970001220703125,56.09000015258789,55.90999984741211,56.07500076293945,39502,0.0,0.0
2022-08-24 14:30:00-04:00,56.060001373291016,56.290000915527344,56.02000045776367,56.209999084472656,53363,0.0,0.0
2022-08-24 15:30:00-04:00,56.22999954223633,56.34000015258789,56.15999984741211,56.279998779296875,105988,0.0,0.0
2022-08-25 09:30:00-04:00,56.459999084472656,57.31999969482422,56.33000183105469,57.279998779296875,91924,0.0,0.0
2022-08-25 10:30:00-04:00,57.33000183105469,57.459999084472656,57.150001525878906,57.2400016784668,76607,0.0,0.0
2022-08-25 11:30:00-04:00,57.25,57.310001373291016,56.900001525878906,57.060001373291016,68840,0.0,0.0
2022-08-25 12:30:00-04:00,57.064998626708984,57.16999816894531,56.959999084472656,57.165000915527344,56994,0.0,0.0
2022-08-25 13:30:00-04:00,57.15999984741211,57.19499969482422,57.099998474121094,57.13999938964844,47238,0.0,0.0
2022-08-25 14:30:00-04:00,57.125,57.20500183105469,57.01499938964844,57.17499923706055,55234,0.0,0.0
2022-08-25 15:30:00-04:00,57.16999816894531,57.349998474121094,57.119998931884766,57.349998474121094,134928,0.0,0.0
2022-08-26 09:30:00-04:00,57.38999938964844,57.97999954223633,57.060001373291016,57.09000015258789,227796,0.0,0.0
2022-08-26 10:30:00-04:00,57.08000183105469,57.08000183105469,56.61000061035156,56.75,163630,0.0,0.0
2022-08-26 11:30:00-04:00,56.75,56.939998626708984,56.539798736572266,56.58000183105469,119309,0.0,0.0
2022-08-26 12:30:00-04:00,56.58000183105469,56.80500030517578,56.5,56.7599983215332,97860,0.0,0.0
2022-08-26 13:30:00-04:00,56.744998931884766,56.79499816894531,56.61000061035156,56.78499984741211,85079,0.0,0.0
2022-08-26 14:30:00-04:00,56.79999923706055,56.869998931884766,56.69499969482422,56.72999954223633,138266,0.0,0.0
2022-08-26 15:30:00-04:00,56.73500061035156,56.755001068115234,56.400001525878906,56.43000030517578,248467,0.0,0.0
2022-08-29 09:30:00-04:00,55.970001220703125,56.060001373291016,55.540000915527344,55.77000045776367,0,0.0,0.0
2022-08-29 10:30:00-04:00,55.77000045776367,56.005001068115234,55.310001373291016,55.93000030517578,188081,0.0,0.0
2022-08-29 11:30:00-04:00,55.939998626708984,56.189998626708984,55.849998474121094,56.0099983215332,91952,0.0,0.0
2022-08-29 12:30:00-04:00,56.029998779296875,56.189998626708984,55.880001068115234,55.93000030517578,97273,0.0,0.0
2022-08-29 13:30:00-04:00,55.96500015258789,56.22999954223633,55.96500015258789,56.125,107037,0.0,0.0
2022-08-29 14:30:00-04:00,56.150001525878906,56.314998626708984,55.86000061035156,55.86000061035156,108556,0.0,0.0
2022-08-29 15:30:00-04:00,55.85499954223633,56.029998779296875,55.720001220703125,55.75,234640,0.0,0.0
2022-08-30 09:30:00-04:00,55.959999084472656,56.2400016784668,55.439998626708984,55.630001068115234,153188,0.0,0.0
2022-08-30 10:30:00-04:00,55.599998474121094,55.77000045776367,55.16999816894531,55.66999816894531,108325,0.0,0.0
2022-08-30 11:30:00-04:00,55.63999938964844,55.91999816894531,55.63999938964844,55.84000015258789,84247,0.0,0.0
2022-08-30 12:30:00-04:00,55.834999084472656,55.834999084472656,55.31999969482422,55.380001068115234,56188,0.0,0.0
2022-08-30 13:30:00-04:00,55.380001068115234,55.54999923706055,55.189998626708984,55.439998626708984,119429,0.0,0.0
2022-08-30 14:30:00-04:00,55.41999816894531,55.66999816894531,55.31999969482422,55.54999923706055,114459,0.0,0.0
2022-08-30 15:30:00-04:00,55.54999923706055,55.619998931884766,55.36000061035156,55.40999984741211,194436,0.0,0.0
2022-08-31 09:30:00-04:00,55.41999816894531,55.849998474121094,54.97999954223633,55.465999603271484,77369,0.0,0.0
2022-08-31 10:30:00-04:00,55.5,55.79999923706055,55.349998474121094,55.400001525878906,104660,0.0,0.0
2022-08-31 11:30:00-04:00,55.369998931884766,55.540000915527344,55.31999969482422,55.36000061035156,51253,0.0,0.0
2022-08-31 12:30:00-04:00,55.349998474121094,55.38999938964844,55.13999938964844,55.209999084472656,64469,0.0,0.0
2022-08-31 13:30:00-04:00,55.20000076293945,55.221099853515625,55.0,55.02000045776367,77669,0.0,0.0
2022-08-31 14:30:00-04:00,55.02000045776367,55.2599983215332,54.87030029296875,55.10100173950195,111182,0.0,0.0
2022-08-31 15:30:00-04:00,55.11000061035156,55.38999938964844,55.0099983215332,55.0099983215332,227631,0.0,0.0
2022-09-01 09:30:00-04:00,54.75,54.849998474121094,53.90999984741211,54.439998626708984,126923,0.0,0.0
2022-09-01 10:30:00-04:00,54.40999984741211,54.595001220703125,54.060001373291016,54.41999816894531,82550,0.0,0.0
2022-09-01 11:30:00-04:00,54.41999816894531,54.66999816894531,54.369998931884766,54.619998931884766,131093,0.0,0.0
2022-09-01 12:30:00-04:00,54.59000015258789,54.869998931884766,54.369998931884766,54.849998474121094,101152,0.0,0.0
2022-09-01 13:30:00-04:00,54.83000183105469,54.95000076293945,54.630001068115234,54.92499923706055,135351,0.0,0.0
2022-09-01 14:30:00-04:00,54.93000030517578,55.04499816894531,54.7599983215332,54.779998779296875,110479,0.0,0.0
2022-09-01 15:30:00-04:00,54.77000045776367,55.150001525878906,54.7400016784668,55.11000061035156,198896,0.0,0.0
2022-09-02 09:30:00-04:00,55.779998779296875,56.0,55.459999084472656,56.0,171328,0.0,0.0
2022-09-02 10:30:00-04:00,56.029998779296875,56.380001068115234,56.02000045776367,56.27000045776367,157400,0.0,0.0
2022-09-02 11:30:00-04:00,56.279998779296875,56.500099182128906,56.06999969482422,56.275001525878906,106932,0.0,0.0
2022-09-02 12:30:00-04:00,56.27000045776367,56.290000915527344,55.189998626708984,55.20000076293945,114875,0.0,0.0
2022-09-02 13:30:00-04:00,55.209999084472656,55.540000915527344,55.15999984741211,55.41999816894531,149481,0.0,0.0
2022-09-02 14:30:00-04:00,55.369998931884766,55.5099983215332,55.16999816894531,55.29999923706055,111848,0.0,0.0
2022-09-02 15:30:00-04:00,55.25,55.2599983215332,54.779998779296875,55.04999923706055,180976,0.0,0.0
2022-09-06 09:30:00-04:00,55.459999084472656,55.599998474121094,54.099998474121094,54.380001068115234,148331,0.0,0.0
2022-09-06 10:30:00-04:00,54.380001068115234,54.849998474121094,54.1713981628418,54.65999984741211,116712,0.0,0.0
2022-09-06 11:30:00-04:00,54.650001525878906,55.08000183105469,54.54999923706055,54.66999816894531,105184,0.0,0.0
2022-09-06 12:30:00-04:00,54.689998626708984,54.779998779296875,54.33000183105469,54.369998931884766,98348,0.0,0.0
2022-09-06 13:30:00-04:00,54.369998931884766,54.59000015258789,54.314998626708984,54.5,86738,0.0,0.0
2022-09-06 14:30:00-04:00,54.52000045776367,54.65999984741211,54.29999923706055,54.599998474121094,106111,0.0,0.0
2022-09-06 15:30:00-04:00,54.560001373291016,54.72999954223633,54.4010009765625,54.68000030517578,176707,0.0,0.0
2022-09-07 09:30:00-04:00,54.56999969482422,54.97999954223633,54.2599983215332,54.939998626708984,116002,0.0,0.0
2022-09-07 10:30:00-04:00,54.97999954223633,55.380001068115234,54.97999954223633,55.29999923706055,124294,0.0,0.0
2022-09-07 11:30:00-04:00,55.314998626708984,55.59000015258789,55.27000045776367,55.5099983215332,124092,0.0,0.0
2022-09-07 12:30:00-04:00,55.52000045776367,55.70000076293945,55.41999816894531,55.58000183105469,75626,0.0,0.0
2022-09-07 13:30:00-04:00,55.595001220703125,56.290000915527344,55.595001220703125,56.20000076293945,166387,0.0,0.0
2022-09-07 14:30:00-04:00,56.189998626708984,56.529998779296875,56.150001525878906,56.369998931884766,117216,0.0,0.0
2022-09-07 15:30:00-04:00,56.369998931884766,56.43000030517578,56.150001525878906,56.349998474121094,217193,0.0,0.0
2022-09-08 09:30:00-04:00,55.880001068115234,57.60499954223633,55.599998474121094,57.54999923706055,191526,0.0,0.0
2022-09-08 10:30:00-04:00,57.5,57.790000915527344,57.457000732421875,57.5,140009,0.0,0.0
2022-09-08 11:30:00-04:00,57.5,57.7400016784668,57.20000076293945,57.439998626708984,111712,0.0,0.0
2022-09-08 12:30:00-04:00,57.41999816894531,57.939998626708984,57.38999938964844,57.90999984741211,100274,0.0,0.0
2022-09-08 13:30:00-04:00,57.93000030517578,58.0,57.75,57.880001068115234,100388,0.0,0.0
2022-09-08 14:30:00-04:00,57.88999938964844,58.220001220703125,57.630001068115234,58.18000030517578,170257,0.0,0.0
2022-09-08 15:30:00-04:00,58.18000030517578,58.3650016784668,57.98500061035156,58.27000045776367,260908,0.0,0.0
2022-09-09 09:30:00-04:00,58.72999954223633,59.31999969482422,58.72999954223633,59.09000015258789,183801,0.0,0.0
2022-09-09 10:30:00-04:00,59.130001068115234,59.20000076293945,58.65999984741211,58.72999954223633,152804,0.0,0.0
2022-09-09 11:30:00-04:00,58.709999084472656,58.77000045776367,58.33000183105469,58.45000076293945,171725,0.0,0.0
2022-09-09 12:30:00-04:00,58.43000030517578,58.720001220703125,58.380001068115234,58.66999816894531,78418,0.0,0.0
2022-09-09 13:30:00-04:00,58.71500015258789,58.95000076293945,58.599998474121094,58.93000030517578,97225,0.0,0.0
2022-09-09 14:30:00-04:00,58.93000030517578,59.060001373291016,58.79999923706055,58.900001525878906,113386,0.0,0.0
2022-09-09 15:30:00-04:00,58.88999938964844,58.88999938964844,58.57500076293945,58.66999816894531,430337,0.0,0.0
2022-09-12 09:30:00-04:00,58.83000183105469,59.46009826660156,58.68000030517578,59.29999923706055,237215,0.0,0.0
2022-09-12 10:30:00-04:00,59.290000915527344,59.310001373291016,58.369998931884766,58.560001373291016,174069,0.0,0.0
2022-09-12 11:30:00-04:00,58.56999969482422,58.59000015258789,58.099998474121094,58.20500183105469,94934,0.0,0.0
2022-09-12 12:30:00-04:00,58.18000030517578,58.529998779296875,58.13999938964844,58.5,93728,0.0,0.0
2022-09-12 13:30:00-04:00,58.5,58.529998779296875,58.150001525878906,58.224998474121094,105070,0.0,0.0
2022-09-12 14:30:00-04:00,58.20000076293945,58.650001525878906,58.189998626708984,58.5099983215332,219412,0.0,0.0
2022-09-12 15:30:00-04:00,58.5,58.650001525878906,58.3650016784668,58.630001068115234,172430,0.0,0.0
2022-09-13 09:30:00-04:00,57.529998779296875,58.25,57.130001068115234,57.63999938964844,260905,0.0,0.0
2022-09-13 10:30:00-04:00,57.630001068115234,57.869998931884766,57.31999969482422,57.81999969482422,132534,0.0,0.0
2022-09-13 11:30:00-04:00,57.86000061035156,57.95000076293945,57.56999969482422,57.77000045776367,129813,0.0,0.0
2022-09-13 12:30:00-04:00,57.77000045776367,57.93000030517578,57.66999816894531,57.86000061035156,90643,0.0,0.0
2022-09-13 13:30:00-04:00,57.849998474121094,57.91999816894531,57.45000076293945,57.45000076293945,96102,0.0,0.0
2022-09-13 14:30:00-04:00,57.45000076293945,57.459999084472656,57.0099983215332,57.04999923706055,140437,0.0,0.0
2022-09-13 15:30:00-04:00,57.04499816894531,57.45000076293945,56.95000076293945,57.290000915527344,313920,0.0,0.0
2022-09-14 09:30:00-04:00,57.540000915527344,58.0099983215332,56.77000045776367,56.790000915527344,139844,0.0,0.0
2022-09-14 10:30:00-04:00,56.72999954223633,57.72999954223633,56.72999954223633,57.650001525878906,207841,0.0,0.0
2022-09-14 11:30:00-04:00,57.665000915527344,57.77000045776367,57.36000061035156,57.47999954223633,119598,0.0,0.0
2022-09-14 12:30:00-04:00,57.5099983215332,58.150001525878906,57.439998626708984,57.97999954223633,123103,0.0,0.0
2022-09-14 13:30:00-04:00,58.005001068115234,58.064998626708984,57.709999084472656,57.79999923706055,128228,0.0,0.0
2022-09-14 14:30:00-04:00,57.810001373291016,57.93000030517578,57.400001525878906,57.529998779296875,179052,0.0,0.0
2022-09-14 15:30:00-04:00,57.520999908447266,58.0099983215332,57.34000015258789,57.970001220703125,260072,0.0,0.0
2022-09-15 09:30:00-04:00,58.209999084472656,59.59000015258789,58.11000061035156,59.20000076293945,189175,0.0,0.0
2022-09-15 10:30:00-04:00,59.2400016784668,59.54999923706055,58.95000076293945,59.18000030517578,125378,0.0,0.0
2022-09-15 11:30:00-04:00,59.13999938964844,59.290000915527344,58.869998931884766,58.95000076293945,106283,0.0,0.0
2022-09-15 12:30:00-04:00,58.959999084472656,59.7400016784668,58.939998626708984,59.68000030517578,97043,0.0,0.0
2022-09-15 13:30:00-04:00,59.66999816894531,59.75,59.209999084472656,59.5099983215332,169546,0.0,0.0
2022-09-15 14:30:00-04:00,59.5099983215332,59.66999816894531,58.689998626708984,58.79999923706055,213001,0.0,0.0
2022-09-15 15:30:00-04:00,58.775001525878906,59.11000061035156,58.75,58.970001220703125,299417,0.0,0.0
2022-09-16 09:30:00-04:00,58.189998626708984,58.189998626708984,57.209999084472656,57.72999954223633,218919,0.0,0.0
2022-09-16 10:30:00-04:00,57.81999969482422,57.939998626708984,57.5099983215332,57.5099983215332,79877,0.0,0.0
2022-09-16 11:30:00-04:00,57.5,57.7599983215332,57.400001525878906,57.45000076293945,59012,0.0,0.0
2022-09-16 12:30:00-04:00,57.435001373291016,57.709999084472656,57.40999984741211,57.59000015258789,65916,0.0,0.0
2022-09-16 13:30:00-04:00,57.58000183105469,57.720001220703125,57.36000061035156,57.65999984741211,76145,0.0,0.0
2022-09-16 14:30:00-04:00,57.63999938964844,57.91999816894531,57.59000015258789,57.72999954223633,82606,0.0,0.0
2022-09-16 15:30:00-04:00,57.630001068115234,57.84000015258789,57.34000015258789,57.70000076293945,284161,0.0,0.0
2022-09-19 09:30:00-04:00,57.02000045776367,58.2599983215332,57.02000045776367,58.16999816894531,87824,0.0,0.0
2022-09-19 10:30:00-04:00,58.209999084472656,58.56999969482422,58.15999984741211,58.275001525878906,90077,0.0,0.0
2022-09-19 11:30:00-04:00,58.26499938964844,58.33000183105469,57.90999984741211,57.939998626708984,91611,0.0,0.0
2022-09-19 12:30:00-04:00,57.959999084472656,58.290000915527344,57.939998626708984,58.25,61206,0.0,0.0
2022-09-19 13:30:00-04:00,58.25,58.2599983215332,57.93000030517578,58.025001525878906,102205,0.0,0.0
2022-09-19 14:30:00-04:00,58.02000045776367,58.380001068115234,57.91999816894531,58.310001373291016,133015,0.0,0.0
2022-09-19 15:30:00-04:00,58.33000183105469,58.529998779296875,58.220001220703125,58.369998931884766,220236,0.0,0.0
2022-09-20 09:30:00-04:00,57.77000045776367,58.22999954223633,57.68000030517578,58.099998474121094,172413,0.0,0.0
2022-09-20 10:30:00-04:00,58.06999969482422,58.2400016784668,57.95000076293945,58.029998779296875,84173,0.0,0.0
2022-09-20 11:30:00-04:00,58.040000915527344,58.22999954223633,57.880001068115234,57.880001068115234,103199,0.0,0.0
2022-09-20 12:30:00-04:00,57.85499954223633,57.88999938964844,57.369998931884766,57.369998931884766,123092,0.0,0.0
2022-09-20 13:30:00-04:00,57.349998474121094,57.41999816894531,57.07820129394531,57.27000045776367,143082,0.0,0.0
2022-09-20 14:30:00-04:00,57.224998474121094,57.65999984741211,57.0,57.61000061035156,252859,0.0,0.0
2022-09-20 15:30:00-04:00,57.619998931884766,57.91999816894531,57.540000915527344,57.70000076293945,164581,0.0,0.0
2022-09-21 09:30:00-04:00,57.84000015258789,58.279998779296875,57.630001068115234,58.279998779296875,156917,0.0,0.0
2022-09-21 10:30:00-04:00,58.31999969482422,58.34000015258789,58.03499984741211,58.23500061035156,79210,0.0,0.0
2022-09-21 11:30:00-04:00,58.22999954223633,58.334999084472656,58.150001525878906,58.220001220703125,64041,0.0,0.0
2022-09-21 12:30:00-04:00,58.22999954223633,58.345001220703125,58.109901428222656,58.34000015258789,73650,0.0,0.0
2022-09-21 13:30:00-04:00,58.38999938964844,58.619998931884766,57.54999923706055,57.75,175326,0.0,0.0
2022-09-21 14:30:00-04:00,57.720001220703125,58.8849983215332,57.599998474121094,57.72999954223633,294681,0.0,0.0
2022-09-21 15:30:00-04:00,57.720001220703125,57.720001220703125,57.099998474121094,57.11000061035156,272564,0.0,0.0
2022-09-22 09:30:00-04:00,57.279998779296875,57.439998626708984,55.58570098876953,56.06999969482422,122372,0.0,0.0
2022-09-22 10:30:00-04:00,56.099998474121094,56.22999954223633,55.66999816894531,55.939998626708984,77402,0.0,0.0
2022-09-22 11:30:00-04:00,55.95500183105469,56.08000183105469,55.650001525878906,55.81999969482422,52401,0.0,0.0
2022-09-22 12:30:00-04:00,55.790000915527344,55.959999084472656,55.720001220703125,55.91999816894531,54227,0.0,0.0
2022-09-22 13:30:00-04:00,55.95000076293945,56.060001373291016,55.61000061035156,55.709999084472656,110104,0.0,0.0
2022-09-22 14:30:00-04:00,55.709999084472656,56.16999816894531,55.70000076293945,56.02000045776367,93979,0.0,0.0
2022-09-22 15:30:00-04:00,56.040000915527344,56.34000015258789,55.72999954223633,55.75,212803,0.0,0.0
2022-09-23 09:30:00-04:00,55.119998931884766,55.20000076293945,54.380001068115234,54.63999938964844,111217,0.0,0.0
2022-09-23 10:30:00-04:00,54.63999938964844,54.810001373291016,54.45000076293945,54.650001525878906,81344,0.0,0.0
2022-09-23 11:30:00-04:00,54.650001525878906,54.689998626708984,54.27000045776367,54.33000183105469,137244,0.0,0.0
2022-09-23 12:30:00-04:00,54.314998626708984,54.4900016784668,54.060001373291016,54.060001373291016,65089,0.0,0.0
2022-09-23 13:30:00-04:00,54.09000015258789,54.16999816894531,53.7400016784668,53.90999984741211,95281,0.0,0.0
2022-09-23 14:30:00-04:00,53.900001525878906,54.13999938964844,53.599998474121094,54.130001068115234,91053,0.0,0.0
2022-09-23 15:30:00-04:00,54.13999938964844,54.540000915527344,54.060001373291016,54.52000045776367,208293,0.0,0.0
2022-09-26 09:30:00-04:00,54.02000045776367,54.939998626708984,53.779998779296875,54.43000030517578,101680,0.0,0.0
2022-09-26 10:30:00-04:00,54.369998931884766,54.369998931884766,53.72999954223633,53.72999954223633,78551,0.0,0.0
2022-09-26 11:30:00-04:00,53.75,53.90999984741211,53.61000061035156,53.63999938964844,106544,0.0,0.0
2022-09-26 12:30:00-04:00,53.619998931884766,53.71500015258789,53.06999969482422,53.130001068115234,132908,0.0,0.0
2022-09-26 13:30:00-04:00,53.130001068115234,53.61000061035156,53.1150016784668,53.40999984741211,130095,0.0,0.0
2022-09-26 14:30:00-04:00,53.41999816894531,53.90999984741211,53.40999984741211,53.689998626708984,86809,0.0,0.0
2022-09-26 15:30:00-04:00,53.65999984741211,53.91590118408203,53.470001220703125,53.540000915527344,168772,0.0,0.0
2022-09-27 09:30:00-04:00,53.7400016784668,54.2599983215332,53.630001068115234,53.810001373291016,110888,0.0,0.0
2022-09-27 10:30:00-04:00,53.834999084472656,54.150001525878906,53.34000015258789,53.40999984741211,89474,0.0,0.0
2022-09-27 11:30:00-04:00,53.38999938964844,53.560001373291016,52.689998626708984,52.7599983215332,99062,0.0,0.0
2022-09-27 12:30:00-04:00,52.73500061035156,52.8849983215332,52.36000061035156,52.36000061035156,127129,0.0,0.0
2022-09-27 13:30:00-04:00,52.34000015258789,52.630001068115234,52.31999969482422,52.52000045776367,153883,0.0,0.0
2022-09-27 14:30:00-04:00,52.560001373291016,52.9900016784668,52.505001068115234,52.75,146425,0.0,0.0
2022-09-27 15:30:00-04:00,52.77000045776367,52.900001525878906,52.57500076293945,52.75,332311,0.0,0.0
2022-09-28 09:30:00-04:00,52.88999938964844,53.650001525878906,52.79999923706055,53.400001525878906,151553,0.0,0.0
2022-09-28 10:30:00-04:00,53.459999084472656,53.529998779296875,53.16999816894531,53.31999969482422,101601,0.0,0.0
2022-09-28 11:30:00-04:00,53.33000183105469,53.599998474121094,53.11000061035156,53.31999969482422,148238,0.0,0.0
2022-09-28 12:30:00-04:00,53.29999923706055,53.56999969482422,53.209999084472656,53.38999938964844,77208,0.0,0.0
2022-09-28 13:30:00-04:00,53.33000183105469,53.45000076293945,53.185001373291016,53.2400016784668,90998,0.0,0.0
2022-09-28 14:30:00-04:00,53.2599983215332,53.540000915527344,53.220001220703125,53.48500061035156,127666,0.0,0.0
2022-09-28 15:30:00-04:00,53.494998931884766,53.560001373291016,53.209999084472656,53.2599983215332,285169,0.0,0.0
2022-09-29 09:30:00-04:00,52.529998779296875,52.58000183105469,51.31999969482422,51.47999954223633,193845,0.0,0.0
2022-09-29 10:30:00-04:00,51.4900016784668,52.040000915527344,51.31999969482422,51.790000915527344,169635,0.0,0.0
2022-09-29 11:30:00-04:00,51.77000045776367,52.13999938964844,51.720001220703125,51.900001525878906,118420,0.0,0.0
2022-09-29 12:30:00-04:00,51.893001556396484,52.119998931884766,51.41999816894531,51.51499938964844,153529,0.0,0.0
2022-09-29 13:30:00-04:00,51.470001220703125,51.67499923706055,51.31999969482422,51.56999969482422,145578,0.0,0.0
2022-09-29 14:30:00-04:00,51.560001373291016,51.849998474121094,51.540000915527344,51.68000030517578,186969,0.0,0.0
2022-09-29 15:30:00-04:00,51.630001068115234,51.93000030517578,51.59000015258789,51.790000915527344,437257,0.0,0.0
2022-09-30 09:30:00-04:00,51.7599983215332,51.959999084472656,51.099998474121094,51.47999954223633,218624,0.0,0.0
2022-09-30 10:30:00-04:00,51.470001220703125,52.150001525878906,51.470001220703125,51.939998626708984,166177,0.0,0.0
2022-09-30 11:30:00-04:00,51.95000076293945,51.9900016784668,51.38999938964844,51.439998626708984,115670,0.0,0.0
2022-09-30 12:30:00-04:00,51.45000076293945,51.939998626708984,51.45000076293945,51.93000030517578,105639,0.0,0.0
2022-09-30 13:30:00-04:00,51.90999984741211,51.939998626708984,51.2599983215332,51.29999923706055,143890,0.0,0.0
2022-09-30 14:30:00-04:00,51.31999969482422,51.349998474121094,50.915000915527344,51.119998931884766,198620,0.0,0.0
2022-09-30 15:30:00-04:00,51.130001068115234,51.220001220703125,50.78499984741211,50.900001525878906,311169,0.0,0.0
2022-10-03 09:30:00-04:00,51.72999954223633,52.040000915527344,50.65999984741211,51.970001220703125,182833,0.0,0.0
2022-10-03 10:30:00-04:00,52.0,52.20000076293945,51.790000915527344,52.040000915527344,131599,0.0,0.0
2022-10-03 11:30:00-04:00,52.04999923706055,52.29999923706055,52.0,52.04999923706055,146366,0.0,0.0
2022-10-03 12:30:00-04:00,52.040000915527344,52.04999923706055,51.79999923706055,51.939998626708984,145968,0.0,0.0
2022-10-03 13:30:00-04:00,51.939998626708984,52.25,51.90999984741211,52.25,196914,0.0,0.0
2022-10-03 14:30:00-04:00,52.244998931884766,52.369998931884766,52.08000183105469,52.150001525878906,368687,0.0,0.0
2022-10-03 15:30:00-04:00,52.15999984741211,52.189998626708984,52.005001068115234,52.189998626708984,435356,0.0,0.0
2022-10-04 09:30:00-04:00,52.84000015258789,54.34000015258789,52.84000015258789,53.85499954223633,304868,0.0,0.0
2022-10-04 10:30:00-04:00,53.810001373291016,54.31999969482422,53.779998779296875,54.31999969482422,277868,0.0,0.0
2022-10-04 11:30:00-04:00,54.34000015258789,54.470001220703125,54.11000061035156,54.41999816894531,171266,0.0,0.0
2022-10-04 12:30:00-04:00,54.41999816894531,54.5099983215332,54.02000045776367,54.189998626708984,117666,0.0,0.0
2022-10-04 13:30:00-04:00,54.209999084472656,54.380001068115234,54.150001525878906,54.15999984741211,126568,0.0,0.0
2022-10-04 14:30:00-04:00,54.150001525878906,54.27000045776367,53.95000076293945,54.18000030517578,163944,0.0,0.0
2022-10-04 15:30:00-04:00,54.16999816894531,54.52000045776367,54.119998931884766,54.5099983215332,469146,0.0,0.0
2022-10-05 09:30:00-04:00,53.5,54.060001373291016,53.47999954223633,53.56999969482422,113684,0.0,0.0
2022-10-05 10:30:00-04:00,53.54999923706055,53.599998474121094,53.15520095825195,53.29999923706055,98031,0.0,0.0
2022-10-05 11:30:00-04:00,53.31999969482422,53.540000915527344,53.16999816894531,53.38999938964844,52410,0.0,0.0
2022-10-05 12:30:00-04:00,53.33000183105469,53.58000183105469,53.22999954223633,53.525001525878906,53008,0.0,0.0
2022-10-05 13:30:00-04:00,53.5,53.560001373291016,53.38999938964844,53.560001373291016,64002,0.0,0.0
2022-10-05 14:30:00-04:00,53.540000915527344,53.709999084472656,53.41999816894531,53.630001068115234,94548,0.0,0.0
2022-10-05 15:30:00-04:00,53.63999938964844,53.729000091552734,53.46500015258789,53.52000045776367,213292,0.0,0.0
2022-10-06 09:30:00-04:00,53.0099983215332,53.41999816894531,52.369998931884766,52.380001068115234,129579,0.0,0.0
2022-10-06 10:30:00-04:00,52.36000061035156,52.91999816894531,52.189998626708984,52.84000015258789,143304,0.0,0.0
2022-10-06 11:30:00-04:00,52.83000183105469,52.880001068115234,52.38999938964844,52.619998931884766,74487,0.0,0.0
2022-10-06 12:30:00-04:00,52.61000061035156,52.810001373291016,52.56999969482422,52.665000915527344,58315,0.0,0.0
2022-10-06 13:30:00-04:00,52.654998779296875,52.66999816894531,52.40999984741211,52.5,56683,0.0,0.0
2022-10-06 14:30:00-04:00,52.505001068115234,52.630001068115234,52.400001525878906,52.619998931884766,83225,0.0,0.0
2022-10-06 15:30:00-04:00,52.650001525878906,52.650001525878906,52.349998474121094,52.40999984741211,202767,0.0,0.0
2022-10-07 09:30:00-04:00,51.5,51.5,50.2400016784668,50.83000183105469,251689,0.0,0.0
2022-10-07 10:30:00-04:00,50.849998474121094,51.31999969482422,50.79999923706055,51.06999969482422,253220,0.0,0.0
2022-10-07 11:30:00-04:00,51.060001373291016,51.07500076293945,50.650001525878906,50.720001220703125,139716,0.0,0.0
2022-10-07 12:30:00-04:00,50.73500061035156,50.73500061035156,50.40999984741211,50.58000183105469,91102,0.0,0.0
2022-10-07 13:30:00-04:00,50.56930160522461,50.650001525878906,50.27989959716797,50.29999923706055,114915,0.0,0.0
2022-10-07 14:30:00-04:00,50.29999923706055,50.4900016784668,50.209999084472656,50.27000045776367,139263,0.0,0.0
2022-10-07 15:30:00-04:00,50.27899932861328,50.4900016784668,50.16999816894531,50.36000061035156,319770,0.0,0.0
2022-10-10 09:30:00-04:00,50.970001220703125,50.97999954223633,50.305198669433594,50.7599983215332,121043,0.0,0.0
2022-10-10 10:30:00-04:00,50.7599983215332,50.79999923706055,50.310001373291016,50.439998626708984,88649,0.0,0.0
2022-10-10 11:30:00-04:00,50.439998626708984,50.47999954223633,50.060001373291016,50.08000183105469,57041,0.0,0.0
2022-10-10 12:30:00-04:00,50.095001220703125,50.095001220703125,49.560001373291016,49.61000061035156,93768,0.0,0.0
2022-10-10 13:30:00-04:00,49.59000015258789,50.119998931884766,49.59000015258789,49.91999816894531,106432,0.0,0.0
2022-10-10 14:30:00-04:00,49.900001525878906,50.22999954223633,49.88999938964844,49.994998931884766,100157,0.0,0.0
2022-10-10 15:30:00-04:00,50.0099983215332,50.150001525878906,49.93000030517578,49.959999084472656,180297,0.0,0.0
2022-10-11 09:30:00-04:00,49.79999923706055,49.90999984741211,48.880001068115234,49.185001373291016,157073,0.0,0.0
2022-10-11 10:30:00-04:00,49.15999984741211,49.5099983215332,49.040000915527344,49.459999084472656,108702,0.0,0.0
2022-10-11 11:30:00-04:00,49.47999954223633,49.84000015258789,49.47999954223633,49.810001373291016,95323,0.0,0.0
2022-10-11 12:30:00-04:00,49.859100341796875,50.06999969482422,49.84000015258789,49.93000030517578,86494,0.0,0.0
2022-10-11 13:30:00-04:00,49.95000076293945,50.02000045776367,49.75,49.79999923706055,107286,0.0,0.0
2022-10-11 14:30:00-04:00,49.810001373291016,49.93000030517578,48.880001068115234,49.04499816894531,176015,0.0,0.0
2022-10-11 15:30:00-04:00,49.04999923706055,49.290000915527344,48.959999084472656,49.18000030517578,252240,0.0,0.0
2022-10-12 09:30:00-04:00,49.0099983215332,49.040000915527344,48.47999954223633,48.81999969482422,117426,0.0,0.0
2022-10-12 10:30:00-04:00,48.790000915527344,48.900001525878906,48.54999923706055,48.689998626708984,97907,0.0,0.0
2022-10-12 11:30:00-04:00,48.709999084472656,49.0099983215332,48.599998474121094,48.83000183105469,104333,0.0,0.0
2022-10-12 12:30:00-04:00,48.810001373291016,48.869998931884766,48.66999816894531,48.79999923706055,96880,0.0,0.0
2022-10-12 13:30:00-04:00,48.790000915527344,49.27000045776367,48.720001220703125,49.2400016784668,160203,0.0,0.0
2022-10-12 14:30:00-04:00,49.22999954223633,49.2599983215332,48.70000076293945,48.70500183105469,126584,0.0,0.0
2022-10-12 15:30:00-04:00,48.70320129394531,48.86000061035156,48.380001068115234,48.439998626708984,298752,0.0,0.0
2022-10-13 09:30:00-04:00,47.900001525878906,48.849998474121094,47.29999923706055,48.29999923706055,193553,0.0,0.0
2022-10-13 10:30:00-04:00,48.2599983215332,49.810001373291016,48.20000076293945,49.4900016784668,219737,0.0,0.0
2022-10-13 11:30:00-04:00,49.56999969482422,50.25,49.439998626708984,50.150001525878906,225299,0.0,0.0
2022-10-13 12:30:00-04:00,50.15999984741211,50.779998779296875,50.15999984741211,50.70000076293945,209813,0.0,0.0
2022-10-13 13:30:00-04:00,50.709999084472656,50.90999984741211,50.40999984741211,50.459999084472656,386111,0.0,0.0
2022-10-13 14:30:00-04:00,50.439998626708984,50.7400016784668,50.345001220703125,50.560001373291016,212338,0.0,0.0
2022-10-13 15:30:00-04:00,50.54999923706055,50.630001068115234,50.38999938964844,50.560001373291016,403345,0.0,0.0
2022-10-14 09:30:00-04:00,50.880001068115234,52.15999984741211,49.15999984741211,50.41999816894531,338860,0.0,0.0
2022-10-14 10:30:00-04:00,50.41999816894531,50.83000183105469,50.11000061035156,50.7400016784668,222210,0.0,0.0
2022-10-14 11:30:00-04:00,50.720001220703125,50.720001220703125,50.29999923706055,50.400001525878906,166643,0.0,0.0
2022-10-14 12:30:00-04:00,50.41999816894531,50.68000030517578,50.310001373291016,50.42499923706055,124066,0.0,0.0
2022-10-14 13:30:00-04:00,50.41999816894531,50.459999084472656,49.90999984741211,49.970001220703125,150701,0.0,0.0
2022-10-14 14:30:00-04:00,49.959999084472656,50.27000045776367,49.86000061035156,50.209999084472656,172770,0.0,0.0
2022-10-14 15:30:00-04:00,50.20000076293945,50.25,50.0,50.13999938964844,345740,0.0,0.0
2022-10-17 09:30:00-04:00,50.970001220703125,52.04999923706055,50.93000030517578,51.77000045776367,136203,0.0,0.0
2022-10-17 10:30:00-04:00,51.75,51.7599983215332,51.16999816894531,51.56999969482422,162277,0.0,0.0
2022-10-17 11:30:00-04:00,51.55500030517578,51.689998626708984,51.415000915527344,51.5,100315,0.0,0.0
2022-10-17 12:30:00-04:00,51.5,51.66999816894531,51.34000015258789,51.65999984741211,103412,0.0,0.0
2022-10-17 13:30:00-04:00,51.68000030517578,51.79999923706055,51.58000183105469,51.77000045776367,180373,0.0,0.0
2022-10-17 14:30:00-04:00,51.77000045776367,51.810001373291016,51.619998931884766,51.75,136855,0.0,0.0
2022-10-17 15:30:00-04:00,51.7599983215332,52.0,51.71500015258789,51.869998931884766,269679,0.0,0.0
2022-10-18 09:30:00-04:00,52.959999084472656,53.38999938964844,52.525001525878906,52.68000030517578,140643,0.0,0.0
2022-10-18 10:30:00-04:00,52.68000030517578,52.689998626708984,51.630001068115234,51.720001220703125,103467,0.0,0.0
2022-10-18 11:30:00-04:00,51.720001220703125,51.97999954223633,51.52000045776367,51.939998626708984,106625,0.0,0.0
2022-10-18 12:30:00-04:00,51.93000030517578,52.099998474121094,51.755001068115234,52.08000183105469,228211,0.0,0.0
2022-10-18 13:30:00-04:00,52.09000015258789,52.33000183105469,52.04999923706055,52.209999084472656,186533,0.0,0.0
2022-10-18 14:30:00-04:00,52.20000076293945,52.220001220703125,51.720001220703125,51.83000183105469,124330,0.0,0.0
2022-10-18 15:30:00-04:00,51.83000183105469,52.04999923706055,51.79999923706055,51.970001220703125,301522,0.0,0.0
2022-10-19 09:30:00-04:00,51.31999969482422,51.60499954223633,50.720001220703125,50.915000915527344,353082,0.0,0.0
2022-10-19 10:30:00-04:00,50.93000030517578,50.97999954223633,49.880001068115234,50.0,468038,0.0,0.0
2022-10-19 11:30:00-04:00,49.9900016784668,50.150001525878906,49.56999969482422,49.599998474121094,140999,0.0,0.0
2022-10-19 12:30:00-04:00,49.599998474121094,49.71500015258789,48.83000183105469,48.959999084472656,215077,0.0,0.0
2022-10-19 13:30:00-04:00,48.96500015258789,49.11000061035156,48.68000030517578,49.09000015258789,171905,0.0,0.0
2022-10-19 14:30:00-04:00,49.09000015258789,49.349998474121094,48.959999084472656,49.040000915527344,174657,0.0,0.0
2022-10-19 15:30:00-04:00,49.04999923706055,49.22999954223633,48.96500015258789,49.220001220703125,315367,0.0,0.0
2022-10-20 09:30:00-04:00,49.18000030517578,49.63999938964844,48.56999969482422,49.540000915527344,335245,0.0,0.0
2022-10-20 10:30:00-04:00,49.54999923706055,49.560001373291016,48.9900016784668,49.02000045776367,146534,0.0,0.0
2022-10-20 11:30:00-04:00,49.0,49.040000915527344,48.47999954223633,48.54999923706055,114446,0.0,0.0
2022-10-20 12:30:00-04:00,48.54999923706055,48.59000015258789,47.79999923706055,47.90999984741211,239151,0.0,0.0
2022-10-20 13:30:00-04:00,47.86000061035156,47.880001068115234,47.0,47.000099182128906,403967,0.0,0.0
2022-10-20 14:30:00-04:00,47.0,47.27000045776367,46.720001220703125,46.72999954223633,298821,0.0,0.0
2022-10-20 15:30:00-04:00,46.720001220703125,47.22999954223633,46.68000030517578,47.119998931884766,390222,0.0,0.0
2022-10-21 09:30:00-04:00,46.66999816894531,48.50450134277344,46.58000183105469,47.54999923706055,599408,0.0,0.0
2022-10-21 10:30:00-04:00,47.560001373291016,47.68000030517578,47.150001525878906,47.5,334803,0.0,0.0
2022-10-21 11:30:00-04:00,47.43000030517578,47.7599983215332,47.189998626708984,47.43000030517578,229326,0.0,0.0
2022-10-21 12:30:00-04:00,47.404998779296875,47.93000030517578,47.38999938964844,47.58000183105469,201468,0.0,0.0
2022-10-21 13:30:00-04:00,47.58000183105469,47.96500015258789,47.564998626708984,47.79999923706055,194034,0.0,0.0
2022-10-21 14:30:00-04:00,47.790000915527344,47.86000061035156,47.60499954223633,47.76499938964844,215005,0.0,0.0
2022-10-21 15:30:00-04:00,47.77000045776367,47.939998626708984,47.7400016784668,47.810001373291016,388190,0.0,0.0
2022-10-24 09:30:00-04:00,48.31999969482422,49.349998474121094,48.130001068115234,49.060001373291016,674553,0.0,0.0
2022-10-24 10:30:00-04:00,49.130001068115234,49.470001220703125,48.95000076293945,49.220001220703125,206822,0.0,0.0
2022-10-24 11:30:00-04:00,49.21500015258789,49.709999084472656,49.15999984741211,49.650001525878906,236715,0.0,0.0
2022-10-24 12:30:00-04:00,49.65999984741211,50.04999923706055,49.20000076293945,49.31999969482422,355561,0.0,0.0
2022-10-24 13:30:00-04:00,49.32500076293945,49.63999938964844,49.279998779296875,49.630001068115234,201289,0.0,0.0
2022-10-24 14:30:00-04:00,49.63999938964844,49.95000076293945,49.625,49.93899917602539,332482,0.0,0.0
2022-10-24 15:30:00-04:00,49.935001373291016,50.04499816894531,49.689998626708984,49.779998779296875,489437,0.0,0.0
2022-10-25 09:30:00-04:00,47.720001220703125,51.55500030517578,47.4900016784668,51.529998779296875,930510,0.0,0.0
2022-10-25 10:30:00-04:00,51.5099983215332,51.689998626708984,50.7400016784668,51.47999954223633,597118,0.0,0.0
2022-10-25 11:30:00-04:00,51.470001220703125,51.77000045776367,50.939998626708984,51.59000015258789,339688,0.0,0.0
2022-10-25 12:30:00-04:00,51.58000183105469,51.849998474121094,51.4900016784668,51.650001525878906,244707,0.0,0.0
2022-10-25 13:30:00-04:00,51.65999984741211,51.869998931884766,51.25,51.36000061035156,392591,0.0,0.0
2022-10-25 14:30:00-04:00,51.36000061035156,51.83000183105469,51.06999969482422,51.56999969482422,346068,0.0,0.0
2022-10-25 15:30:00-04:00,51.59000015258789,51.80500030517578,51.4900016784668,51.52000045776367,497592,0.0,0.0
2022-10-26 09:30:00-04:00,51.040000915527344,51.939998626708984,50.98500061035156,51.2400016784668,294233,0.0,0.0
2022-10-26 10:30:00-04:00,51.25,51.33000183105469,50.779998779296875,51.244998931884766,227231,0.0,0.0
2022-10-26 11:30:00-04:00,51.244998931884766,51.31999969482422,51.029998779296875,51.029998779296875,126906,0.0,0.0
2022-10-26 12:30:00-04:00,51.040000915527344,51.18000030517578,50.68000030517578,50.724998474121094,152241,0.0,0.0
2022-10-26 13:30:00-04:00,50.7400016784668,50.880001068115234,50.63999938964844,50.709999084472656,136945,0.0,0.0
2022-10-26 14:30:00-04:00,50.720001220703125,50.7599983215332,50.47999954223633,50.58000183105469,169799,0.0,0.0
2022-10-26 15:30:00-04:00,50.59000015258789,50.61000061035156,50.349998474121094,50.439998626708984,353602,0.0,0.0
2022-10-27 09:30:00-04:00,51.060001373291016,51.43000030517578,50.84000015258789,51.38999938964844,144988,0.0,0.0
2022-10-27 10:30:00-04:00,51.39500045776367,51.52000045776367,51.05500030517578,51.2599983215332,118761,0.0,0.0
2022-10-27 11:30:00-04:00,51.25,51.29999923706055,50.64500045776367,50.64500045776367,115503,0.0,0.0
2022-10-27 12:30:00-04:00,50.599998474121094,50.959999084472656,50.56999969482422,50.790000915527344,82883,0.0,0.0
2022-10-27 13:30:00-04:00,50.79999923706055,50.814998626708984,50.29999923706055,50.314998626708984,91929,0.0,0.0
2022-10-27 14:30:00-04:00,50.29999923706055,50.41999816894531,50.189998626708984,50.349998474121094,159546,0.0,0.0
2022-10-27 15:30:00-04:00,50.349998474121094,50.58000183105469,50.27000045776367,50.38999938964844,266111,0.0,0.0
2022-10-28 09:30:00-04:00,50.779998779296875,51.209999084472656,50.433998107910156,50.810001373291016,136937,0.0,0.0
2022-10-28 10:30:00-04:00,50.81999969482422,50.930999755859375,50.65999984741211,50.709999084472656,75936,0.0,0.0
2022-10-28 11:30:00-04:00,50.7400016784668,51.04499816894531,50.599998474121094,51.0099983215332,123650,0.0,0.0
2022-10-28 12:30:00-04:00,51.029998779296875,51.290000915527344,50.9900016784668,51.18000030517578,85582,0.0,0.0
2022-10-28 13:30:00-04:00,51.19969940185547,51.369998931884766,51.11000061035156,51.310001373291016,125233,0.0,0.0
2022-10-28 14:30:00-04:00,51.33000183105469,51.595001220703125,51.33000183105469,51.43000030517578,205589,0.0,0.0
2022-10-28 15:30:00-04:00,51.41999816894531,51.61000061035156,51.345001220703125,51.540000915527344,290792,0.0,0.0
2022-10-31 09:30:00-04:00,51.099998474121094,51.72999954223633,51.02000045776367,51.65999984741211,188930,0.0,0.0
2022-10-31 10:30:00-04:00,51.650001525878906,52.040000915527344,51.52000045776367,51.939998626708984,163689,0.0,0.0
2022-10-31 11:30:00-04:00,51.93000030517578,52.11000061035156,51.84000015258789,51.91230010986328,193390,0.0,0.0
2022-10-31 12:30:00-04:00,51.93000030517578,52.095001220703125,51.77000045776367,52.09000015258789,144952,0.0,0.0
2022-10-31 13:30:00-04:00,52.08000183105469,52.27000045776367,52.0,52.20500183105469,129474,0.0,0.0
2022-10-31 14:30:00-04:00,52.189998626708984,52.2400016784668,51.900001525878906,52.0,141363,0.0,0.0
2022-10-31 15:30:00-04:00,51.9900016784668,52.09000015258789,51.91999816894531,51.93000030517578,396684,0.0,0.0
2022-11-01 09:30:00-04:00,52.38999938964844,52.54999923706055,51.56999969482422,51.65999984741211,113722,0.0,0.0
2022-11-01 10:30:00-04:00,51.65999984741211,51.79999923706055,51.36000061035156,51.5099983215332,96458,0.0,0.0
2022-11-01 11:30:00-04:00,51.5099983215332,51.880001068115234,51.3650016784668,51.7400016784668,111923,0.0,0.0
2022-11-01 12:30:00-04:00,51.72999954223633,51.875,51.689998626708984,51.75,115882,0.0,0.0
2022-11-01 13:30:00-04:00,51.75,51.779998779296875,51.540000915527344,51.689998626708984,95750,0.0,0.0
2022-11-01 14:30:00-04:00,51.70000076293945,51.81999969482422,51.630001068115234,51.665000915527344,104311,0.0,0.0
2022-11-01 15:30:00-04:00,51.689998626708984,51.775001525878906,51.540000915527344,51.590999603271484,292738,0.0,0.0
2022-11-02 09:30:00-04:00,51.36000061035156,51.40999984741211,50.86199951171875,50.88999938964844,121966,0.0,0.0
2022-11-02 10:30:00-04:00,50.88999938964844,51.08000183105469,50.775001525878906,51.0099983215332,205390,0.0,0.0
2022-11-02 11:30:00-04:00,51.0099983215332,51.08000183105469,50.630001068115234,50.65999984741211,101872,0.0,0.0
2022-11-02 12:30:00-04:00,50.65999984741211,50.75,50.61000061035156,50.630001068115234,83928,0.0,0.0
2022-11-02 13:30:00-04:00,50.630001068115234,51.31999969482422,50.630001068115234,51.279998779296875,262542,0.0,0.0
2022-11-02 14:30:00-04:00,51.279998779296875,51.36000061035156,49.849998474121094,49.939998626708984,383473,0.0,0.0
2022-11-02 15:30:00-04:00,49.90999984741211,49.90999984741211,49.459999084472656,49.470001220703125,439165,0.0,0.0
2022-11-03 09:30:00-04:00,48.61000061035156,48.66999816894531,47.459999084472656,48.119998931884766,335096,0.0,0.0
2022-11-03 10:30:00-04:00,48.099998474121094,48.369998931884766,47.869998931884766,48.2400016784668,157967,0.0,0.0
2022-11-03 11:30:00-04:00,48.255001068115234,48.650001525878906,48.16999816894531,48.540000915527344,134174,0.0,0.0
2022-11-03 12:30:00-04:00,48.540000915527344,48.61000061035156,48.380001068115234,48.45000076293945,88687,0.0,0.0
2022-11-03 13:30:00-04:00,48.45000076293945,48.68000030517578,48.400001525878906,48.650001525878906,98818,0.0,0.0
2022-11-03 14:30:00-04:00,48.650001525878906,48.779998779296875,48.540000915527344,48.57500076293945,134283,0.0,0.0
2022-11-03 15:30:00-04:00,48.564998626708984,48.59000015258789,48.099998474121094,48.119998931884766,330312,0.0,0.0
2022-11-04 09:30:00-04:00,48.810001373291016,49.47999954223633,48.7400016784668,49.470001220703125,468363,0.0,0.0
2022-11-04 10:30:00-04:00,49.45000076293945,49.77000045776367,49.38999938964844,49.38999938964844,129149,0.0,0.0
2022-11-04 11:30:00-04:00,49.38999938964844,49.4900016784668,48.810001373291016,49.119998931884766,79506,0.0,0.0
2022-11-04 12:30:00-04:00,49.11000061035156,49.16999816894531,48.86000061035156,49.119998931884766,84450,0.0,0.0
2022-11-04 13:30:00-04:00,49.04999923706055,49.36000061035156,48.91999816894531,49.33000183105469,110179,0.0,0.0
2022-11-04 14:30:00-04:00,49.34000015258789,49.650001525878906,49.28499984741211,49.59000015258789,217876,0.0,0.0
2022-11-04 15:30:00-04:00,49.590999603271484,49.82500076293945,49.54999923706055,49.77000045776367,222569,0.0,0.0
2022-11-07 09:30:00-05:00,50.220001220703125,50.5,49.630001068115234,49.689998626708984,106161,0.0,0.0
2022-11-07 10:30:00-05:00,49.70500183105469,49.709999084472656,49.45009994506836,49.63999938964844,103578,0.0,0.0
2022-11-07 11:30:00-05:00,49.63999938964844,49.7599983215332,49.439998626708984,49.70000076293945,87784,0.0,0.0
2022-11-07 12:30:00-05:00,49.709999084472656,49.73500061035156,49.459999084472656,49.630001068115234,71240,0.0,0.0
2022-11-07 13:30:00-05:00,49.654998779296875,49.775001525878906,49.54999923706055,49.7599983215332,98197,0.0,0.0
2022-11-07 14:30:00-05:00,49.779998779296875,49.91999816894531,49.779998779296875,49.849998474121094,127606,0.0,0.0
2022-11-07 15:30:00-05:00,49.84000015258789,49.92499923706055,49.77000045776367,49.90999984741211,156381,0.0,0.0
2022-11-08 09:30:00-05:00,49.81999969482422,50.810001373291016,49.790000915527344,50.66999816894531,164763,0.0,0.0
2022-11-08 10:30:00-05:00,50.68000030517578,51.07500076293945,50.63999938964844,51.04999923706055,128484,0.0,0.0
2022-11-08 11:30:00-05:00,51.04999923706055,51.130001068115234,50.900001525878906,50.939998626708984,82970,0.0,0.0
2022-11-08 12:30:00-05:00,50.959999084472656,51.03390121459961,50.400001525878906,50.400001525878906,80430,0.0,0.0
2022-11-08 13:30:00-05:00,50.38999938964844,50.5099983215332,50.08000183105469,50.08000183105469,120849,0.0,0.0
2022-11-08 14:30:00-05:00,50.09000015258789,50.7599983215332,50.025001525878906,50.7599983215332,115941,0.0,0.0
2022-11-08 15:30:00-05:00,50.7599983215332,50.900001525878906,50.63999938964844,50.709999084472656,218884,0.0,0.0
2022-11-09 09:30:00-05:00,49.939998626708984,50.22999954223633,49.36000061035156,49.9900016784668,124373,0.0,0.0
2022-11-09 10:30:00-05:00,49.97999954223633,50.25,49.7400016784668,50.16999816894531,88249,0.0,0.0
2022-11-09 11:30:00-05:00,50.130001068115234,50.369998931884766,49.93000030517578,49.970001220703125,66834,0.0,0.0
2022-11-09 12:30:00-05:00,49.95000076293945,50.060001373291016,49.779998779296875,49.79499816894531,87330,0.0,0.0
2022-11-09 13:30:00-05:00,49.790000915527344,49.93000030517578,49.630001068115234,49.869998931884766,93231,0.0,0.0
2022-11-09 14:30:00-05:00,49.8650016784668,49.8650016784668,49.61000061035156,49.71500015258789,123963,0.0,0.0
2022-11-09 15:30:00-05:00,49.720699310302734,49.81999969482422,49.59000015258789,49.720001220703125,189203,0.0,0.0
2022-11-10 09:30:00-05:00,51.11000061035156,52.994998931884766,51.11000061035156,52.93000030517578,451780,0.0,0.0
2022-11-10 10:30:00-05:00,52.95000076293945,53.709999084472656,52.77000045776367,53.68000030517578,289979,0.0,0.0
2022-11-10 11:30:00-05:00,53.68000030517578,54.02000045776367,53.66999816894531,53.849998474121094,267458,0.0,0.0
2022-11-10 12:30:00-05:00,53.849998474121094,53.97999954223633,53.650001525878906,53.84000015258789,204304,0.0,0.0
2022-11-10 13:30:00-05:00,53.849998474121094,53.95500183105469,53.56999969482422,53.720001220703125,232614,0.0,0.0
2022-11-10 14:30:00-05:00,53.71500015258789,53.81999969482422,53.59000015258789,53.775001525878906,311281,0.0,0.0
2022-11-10 15:30:00-05:00,53.775001525878906,53.91999816894531,53.61000061035156,53.86000061035156,511764,0.0,0.0
2022-11-11 09:30:00-05:00,54.08000183105469,55.58000183105469,53.70000076293945,55.349998474121094,558902,0.0,0.0
2022-11-11 10:30:00-05:00,55.34000015258789,55.400001525878906,54.90999984741211,55.1150016784668,230029,0.0,0.0
2022-11-11 11:30:00-05:00,55.09000015258789,55.459999084472656,55.06999969482422,55.33000183105469,175532,0.0,0.0
2022-11-11 12:30:00-05:00,55.334999084472656,55.880001068115234,55.290000915527344,55.73500061035156,176449,0.0,0.0
2022-11-11 13:30:00-05:00,55.72999954223633,56.040000915527344,55.630001068115234,55.970001220703125,210969,0.0,0.0
2022-11-11 14:30:00-05:00,55.959999084472656,56.099998474121094,55.34000015258789,55.36000061035156,299639,0.0,0.0
2022-11-11 15:30:00-05:00,55.349998474121094,55.40999984741211,55.119998931884766,55.380001068115234,376955,0.0,0.0
2022-11-14 09:30:00-05:00,55.08000183105469,55.310001373291016,53.7599983215332,54.91999816894531,349702,0.0,0.0
2022-11-14 10:30:00-05:00,54.900001525878906,55.0099983215332,54.25,54.29999923706055,228427,0.0,0.0
2022-11-14 11:30:00-05:00,54.29999923706055,54.36000061035156,53.7599983215332,54.15999984741211,220909,0.0,0.0
2022-11-14 12:30:00-05:00,54.150001525878906,54.377498626708984,54.13999938964844,54.31999969482422,113540,0.0,0.0
2022-11-14 13:30:00-05:00,54.310001373291016,54.349998474121094,53.849998474121094,53.88999938964844,130274,0.0,0.0
2022-11-14 14:30:00-05:00,53.880001068115234,53.9900016784668,53.54999923706055,53.689998626708984,174121,0.0,0.0
2022-11-14 15:30:00-05:00,53.68000030517578,53.68000030517578,53.244998931884766,53.310001373291016,384666,0.0,0.0
2022-11-15 09:30:00-05:00,54.08000183105469,55.0,54.0,54.189998626708984,138610,0.0,0.0
2022-11-15 10:30:00-05:00,54.185001373291016,54.279998779296875,53.77000045776367,54.0099983215332,114263,0.0,0.0
2022-11-15 11:30:00-05:00,54.040000915527344,54.220001220703125,53.525001525878906,53.540000915527344,104856,0.0,0.0
2022-11-15 12:30:00-05:00,53.529998779296875,53.779998779296875,52.90999984741211,52.9900016784668,175751,0.0,0.0
2022-11-15 13:30:00-05:00,52.97999954223633,53.459999084472656,52.59000015258789,53.41999816894531,193441,0.0,0.0
2022-11-15 14:30:00-05:00,53.43000030517578,53.540000915527344,53.16999816894531,53.33000183105469,137519,0.0,0.0
2022-11-15 15:30:00-05:00,53.310001373291016,53.310001373291016,52.939998626708984,53.119998931884766,289822,0.0,0.0
2022-11-16 09:30:00-05:00,53.040000915527344,53.279998779296875,52.400001525878906,52.400001525878906,342924,0.0,0.0
2022-11-16 10:30:00-05:00,52.41999816894531,52.470001220703125,51.91999816894531,52.18000030517578,180941,0.0,0.0
2022-11-16 11:30:00-05:00,52.16999816894531,52.25,51.939998626708984,52.13999938964844,117144,0.0,0.0
2022-11-16 12:30:00-05:00,52.11000061035156,52.20000076293945,51.904998779296875,51.970001220703125,91398,0.0,0.0
2022-11-16 13:30:00-05:00,51.974998474121094,52.150001525878906,51.84000015258789,52.150001525878906,92457,0.0,0.0
2022-11-16 14:30:00-05:00,52.150001525878906,52.18000030517578,51.7400016784668,51.79499816894531,162448,0.0,0.0
2022-11-16 15:30:00-05:00,51.790000915527344,52.08000183105469,51.77000045776367,51.880001068115234,317620,0.0,0.0
2022-11-17 09:30:00-05:00,50.9900016784668,50.9900016784668,50.2400016784668,50.459999084472656,314742,0.0,0.0
2022-11-17 10:30:00-05:00,50.459999084472656,50.47999954223633,49.779998779296875,49.95000076293945,260511,0.0,0.0
2022-11-17 11:30:00-05:00,49.95000076293945,50.36000061035156,49.79999923706055,50.34000015258789,302594,0.0,0.0
2022-11-17 12:30:00-05:00,50.31999969482422,50.84000015258789,50.290000915527344,50.66999816894531,204860,0.0,0.0
2022-11-17 13:30:00-05:00,50.68000030517578,50.790000915527344,50.310001373291016,50.400001525878906,147304,0.0,0.0
2022-11-17 14:30:00-05:00,50.40999984741211,50.56999969482422,50.18000030517578,50.244998931884766,175218,0.0,0.0
2022-11-17 15:30:00-05:00,50.25,50.81999969482422,50.15999984741211,50.779998779296875,417407,0.0,0.0
2022-11-18 09:30:00-05:00,51.77000045776367,52.09000015258789,50.70000076293945,50.845001220703125,130237,0.0,0.0
2022-11-18 10:30:00-05:00,50.8650016784668,50.900001525878906,50.4900016784668,50.54999923706055,148657,0.0,0.0
2022-11-18 11:30:00-05:00,50.540000915527344,50.54999923706055,49.54999923706055,49.65999984741211,241842,0.0,0.0
2022-11-18 12:30:00-05:00,49.65999984741211,50.09000015258789,49.38999938964844,50.04999923706055,236938,0.0,0.0
2022-11-18 13:30:00-05:00,50.08000183105469,50.35499954223633,49.83000183105469,50.310001373291016,165672,0.0,0.0
2022-11-18 14:30:00-05:00,50.30500030517578,50.540000915527344,50.09000015258789,50.47999954223633,231523,0.0,0.0
2022-11-18 15:30:00-05:00,50.4900016784668,50.904998779296875,50.470001220703125,50.68000030517578,332529,0.0,0.0
2022-11-21 09:30:00-05:00,50.7599983215332,51.30500030517578,50.6349983215332,50.66999816894531,160682,0.0,0.0
2022-11-21 10:30:00-05:00,50.61000061035156,50.79999923706055,50.41999816894531,50.66999816894531,158807,0.0,0.0
2022-11-21 11:30:00-05:00,50.66999816894531,50.84000015258789,50.579898834228516,50.66999816894531,122096,0.0,0.0
2022-11-21 12:30:00-05:00,50.66999816894531,50.90999984741211,50.665000915527344,50.75,143477,0.0,0.0
2022-11-21 13:30:00-05:00,50.77000045776367,50.779998779296875,50.630001068115234,50.709999084472656,88469,0.0,0.0
2022-11-21 14:30:00-05:00,50.68000030517578,50.83000183105469,50.599998474121094,50.775001525878906,232228,0.0,0.0
2022-11-21 15:30:00-05:00,50.779998779296875,50.9900016784668,50.77000045776367,50.810001373291016,387707,0.0,0.0
2022-11-22 09:30:00-05:00,51.18000030517578,51.56999969482422,51.06999969482422,51.5,78825,0.0,0.0
2022-11-22 10:30:00-05:00,51.5,51.630001068115234,50.970001220703125,50.970001220703125,63089,0.0,0.0
2022-11-22 11:30:00-05:00,50.95000076293945,50.970001220703125,50.779998779296875,50.915000915527344,63451,0.0,0.0
2022-11-22 12:30:00-05:00,50.900001525878906,50.9900016784668,50.77000045776367,50.91999816894531,78985,0.0,0.0
2022-11-22 13:30:00-05:00,50.939998626708984,51.20500183105469,50.8650016784668,51.189998626708984,94174,0.0,0.0
2022-11-22 14:30:00-05:00,51.18000030517578,51.34000015258789,51.06999969482422,51.33000183105469,102570,0.0,0.0
2022-11-22 15:30:00-05:00,51.32500076293945,51.459999084472656,51.220001220703125,51.25,240666,0.0,0.0
2022-11-23 09:30:00-05:00,51.16999816894531,51.400001525878906,50.7599983215332,51.150001525878906,175667,0.0,0.0
2022-11-23 10:30:00-05:00,51.13999938964844,51.47999954223633,51.13999938964844,51.43009948730469,66989,0.0,0.0
2022-11-23 11:30:00-05:00,51.470001220703125,51.619998931884766,51.290000915527344,51.40999984741211,63111,0.0,0.0
2022-11-23 12:30:00-05:00,51.41999816894531,51.459999084472656,51.16999816894531,51.28499984741211,118224,0.0,0.0
2022-11-23 13:30:00-05:00,51.310001373291016,51.66999816894531,51.150001525878906,51.57149887084961,70273,0.0,0.0
2022-11-23 14:30:00-05:00,51.57500076293945,51.58000183105469,51.36000061035156,51.51499938964844,75038,0.0,0.0
2022-11-23 15:30:00-05:00,51.5099983215332,51.689998626708984,51.4900016784668,51.52000045776367,163381,0.0,0.0
2022-11-25 09:30:00-05:00,51.540000915527344,51.65999984741211,51.04999923706055,51.54499816894531,57998,0.0,0.0
2022-11-25 10:30:00-05:00,51.560001373291016,51.689998626708984,51.470001220703125,51.529998779296875,60732,0.0,0.0
2022-11-25 11:30:00-05:00,51.540000915527344,51.72999954223633,51.540000915527344,51.68000030517578,59487,0.0,0.0
2022-11-28 09:30:00-05:00,51.349998474121094,51.709999084472656,50.61000061035156,51.01499938964844,101017,0.0,0.0
2022-11-28 10:30:00-05:00,51.0,51.09000015258789,50.54999923706055,50.560001373291016,132731,0.0,0.0
2022-11-28 11:30:00-05:00,50.55500030517578,50.790000915527344,50.45000076293945,50.45000076293945,175699,0.0,0.0
2022-11-28 12:30:00-05:00,50.459999084472656,50.56999969482422,50.27000045776367,50.404998779296875,84694,0.0,0.0
2022-11-28 13:30:00-05:00,50.400001525878906,50.40999984741211,50.22999954223633,50.33000183105469,140452,0.0,0.0
2022-11-28 14:30:00-05:00,50.33000183105469,50.380001068115234,50.16999816894531,50.189998626708984,109481,0.0,0.0
2022-11-28 15:30:00-05:00,50.189998626708984,50.380001068115234,50.15999984741211,50.220001220703125,318881,0.0,0.0
2022-11-29 09:30:00-05:00,50.41999816894531,50.81999969482422,50.130001068115234,50.79999923706055,187756,0.0,0.0
2022-11-29 10:30:00-05:00,50.810001373291016,50.959999084472656,50.462799072265625,50.4900016784668,111779,0.0,0.0
2022-11-29 11:30:00-05:00,50.4900016784668,50.70000076293945,50.47999954223633,50.540000915527344,75009,0.0,0.0
2022-11-29 12:30:00-05:00,50.56999969482422,50.709999084472656,50.560001373291016,50.619998931884766,63858,0.0,0.0
2022-11-29 13:30:00-05:00,50.619998931884766,50.869998931884766,50.6150016784668,50.70000076293945,77717,0.0,0.0
2022-11-29 14:30:00-05:00,50.689998626708984,50.939998626708984,50.59000015258789,50.939998626708984,111880,0.0,0.0
2022-11-29 15:30:00-05:00,50.939998626708984,51.09000015258789,50.900001525878906,51.02000045776367,241266,0.0,0.0
2022-11-30 09:30:00-05:00,50.790000915527344,51.02000045776367,49.529998779296875,49.61000061035156,188683,0.0,0.0
2022-11-30 10:30:00-05:00,49.63999938964844,50.150001525878906,49.540000915527344,50.125,148484,0.0,0.0
2022-11-30 11:30:00-05:00,50.119998931884766,50.14500045776367,49.720001220703125,49.790000915527344,63154,0.0,0.0
2022-11-30 12:30:00-05:00,49.78499984741211,49.880001068115234,49.709999084472656,49.790000915527344,53574,0.0,0.0
2022-11-30 13:30:00-05:00,49.7599983215332,51.15999984741211,49.69499969482422,51.02000045776367,166389,0.0,0.0
2022-11-30 14:30:00-05:00,51.02000045776367,51.41999816894531,50.869998931884766,51.40999984741211,121711,0.0,0.0
2022-11-30 15:30:00-05:00,51.400001525878906,51.939998626708984,51.369998931884766,51.790000915527344,391936,0.0,0.0
2022-12-01 09:30:00-05:00,52.20000076293945,52.60499954223633,51.13999938964844,51.2599983215332,153987,0.0,0.0
2022-12-01 10:30:00-05:00,51.290000915527344,51.75,51.189998626708984,51.70000076293945,128048,0.0,0.0
2022-12-01 11:30:00-05:00,51.720001220703125,51.939998626708984,51.529998779296875,51.790000915527344,132970,0.0,0.0
2022-12-01 12:30:00-05:00,51.82500076293945,51.93000030517578,51.59000015258789,51.790000915527344,87324,0.0,0.0
2022-12-01 13:30:00-05:00,51.79999923706055,51.888999938964844,51.60940170288086,51.8650016784668,138518,0.0,0.0
2022-12-01 14:30:00-05:00,51.849998474121094,51.970001220703125,51.79999923706055,51.880001068115234,101164,0.0,0.0
2022-12-01 15:30:00-05:00,51.869998931884766,52.11000061035156,51.86000061035156,51.970001220703125,260753,0.0,0.0
2022-12-02 09:30:00-05:00,51.09000015258789,51.75,51.09000015258789,51.560001373291016,276681,0.0,0.0
2022-12-02 10:30:00-05:00,51.529998779296875,51.90999984741211,51.47999954223633,51.7400016784668,168063,0.0,0.0
2022-12-02 11:30:00-05:00,51.73500061035156,52.16999816894531,51.689998626708984,51.939998626708984,155092,0.0,0.0
2022-12-02 12:30:00-05:00,51.939998626708984,51.959999084472656,51.75,51.845001220703125,107184,0.0,0.0
2022-12-02 13:30:00-05:00,51.845001220703125,52.09000015258789,51.81999969482422,51.970001220703125,110637,0.0,0.0
2022-12-02 14:30:00-05:00,51.970001220703125,52.189998626708984,51.939998626708984,52.165000915527344,145469,0.0,0.0
2022-12-02 15:30:00-05:00,52.16999816894531,52.310001373291016,52.0099983215332,52.25,314676,0.0,0.0
2022-12-05 09:30:00-05:00,51.689998626708984,51.689998626708984,49.349998474121094,49.439998626708984,263058,0.0,0.0
2022-12-05 10:30:00-05:00,49.439998626708984,49.560001373291016,48.970001220703125,48.970001220703125,325017,0.0,0.0
2022-12-05 11:30:00-05:00,48.94499969482422,48.9900016784668,48.275001525878906,48.599998474121094,271014,0.0,0.0
2022-12-05 12:30:00-05:00,48.58000183105469,48.779998779296875,48.2400016784668,48.279998779296875,166034,0.0,0.0
2022-12-05 13:30:00-05:00,48.2599983215332,48.314998626708984,47.59000015258789,47.93000030517578,258715,0.0,0.0
2022-12-05 14:30:00-05:00,47.93000030517578,47.959999084472656,47.47999954223633,47.7599983215332,289111,0.0,0.0
2022-12-05 15:30:00-05:00,47.76499938964844,48.47999954223633,47.7599983215332,48.439998626708984,434012,0.0,0.0
2022-12-06 09:30:00-05:00,48.349998474121094,48.609901428222656,47.40999984741211,47.470001220703125,264474,0.0,0.0
2022-12-06 10:30:00-05:00,47.459999084472656,47.494998931884766,47.08000183105469,47.220001220703125,188995,0.0,0.0
2022-12-06 11:30:00-05:00,47.20000076293945,47.560001373291016,47.165000915527344,47.349998474121094,174262,0.0,0.0
2022-12-06 12:30:00-05:00,47.310001373291016,47.380001068115234,46.96500015258789,47.060001373291016,120333,0.0,0.0
2022-12-06 13:30:00-05:00,47.060001373291016,47.369998931884766,46.810001373291016,46.81999969482422,165999,0.0,0.0
2022-12-06 14:30:00-05:00,46.82500076293945,47.189998626708984,46.72999954223633,47.11000061035156,280786,0.0,0.0
2022-12-06 15:30:00-05:00,47.099998474121094,47.2599983215332,47.08000183105469,47.15999984741211,417482,0.0,0.0
2022-12-07 09:30:00-05:00,46.95000076293945,47.349998474121094,45.970001220703125,47.154998779296875,315307,0.0,0.0
2022-12-07 10:30:00-05:00,47.15999984741211,47.529998779296875,46.880001068115234,46.88999938964844,208449,0.0,0.0
2022-12-07 11:30:00-05:00,46.869998931884766,47.20000076293945,46.79999923706055,46.95000076293945,163012,0.0,0.0
2022-12-07 12:30:00-05:00,46.95000076293945,47.18000030517578,46.939998626708984,47.119998931884766,154999,0.0,0.0
2022-12-07 13:30:00-05:00,47.119998931884766,47.31999969482422,46.91999816894531,46.9900016784668,175690,0.0,0.0
2022-12-07 14:30:00-05:00,47.0,47.189998626708984,46.970001220703125,47.099998474121094,163679,0.0,0.0
2022-12-07 15:30:00-05:00,47.099998474121094,47.15999984741211,46.92499923706055,47.02000045776367,364851,0.0,0.0
2022-12-08 09:30:00-05:00,47.349998474121094,47.65999984741211,47.040000915527344,47.5,141340,0.0,0.0
2022-12-08 10:30:00-05:00,47.48500061035156,47.529998779296875,47.150001525878906,47.349998474121094,94295,0.0,0.0
2022-12-08 11:30:00-05:00,47.345001220703125,47.529998779296875,47.220001220703125,47.2400016784668,75155,0.0,0.0
2022-12-08 12:30:00-05:00,47.220001220703125,47.220001220703125,47.029998779296875,47.15999984741211,78297,0.0,0.0
2022-12-08 13:30:00-05:00,47.16999816894531,47.380001068115234,46.970001220703125,47.130001068115234,154635,0.0,0.0
2022-12-08 14:30:00-05:00,47.13999938964844,47.369998931884766,47.099998474121094,47.310001373291016,137086,0.0,0.0
2022-12-08 15:30:00-05:00,47.310001373291016,47.43000030517578,47.15999984741211,47.369998931884766,301959,0.0,0.0
2022-12-09 09:30:00-05:00,47.04999923706055,47.560001373291016,47.0099983215332,47.33000183105469,99287,0.0,0.0
2022-12-09 10:30:00-05:00,47.36000061035156,47.459999084472656,47.220001220703125,47.3650016784668,83385,0.0,0.0
2022-12-09 11:30:00-05:00,47.349998474121094,47.45000076293945,47.2599983215332,47.349998474121094,71419,0.0,0.0
2022-12-09 12:30:00-05:00,47.345001220703125,47.58000183105469,47.310001373291016,47.459999084472656,69163,0.0,0.0
2022-12-09 13:30:00-05:00,47.459999084472656,47.560001373291016,47.34000015258789,47.51499938964844,68375,0.0,0.0
2022-12-09 14:30:00-05:00,47.5,47.689998626708984,47.47999954223633,47.52000045776367,82357,0.0,0.0
2022-12-09 15:30:00-05:00,47.52000045776367,47.599998474121094,47.41999816894531,47.47999954223633,204678,0.0,0.0
2022-12-12 09:30:00-05:00,47.369998931884766,47.4900016784668,46.810001373291016,47.209999084472656,105367,0.0,0.0
2022-12-12 10:30:00-05:00,47.189998626708984,47.95500183105469,47.16999816894531,47.939998626708984,78911,0.0,0.0
2022-12-12 11:30:00-05:00,47.95000076293945,48.25,47.900001525878906,48.209999084472656,55483,0.0,0.0
2022-12-12 12:30:00-05:00,48.209999084472656,48.31999969482422,48.099998474121094,48.130001068115234,94389,0.0,0.0
2022-12-12 13:30:00-05:00,48.119998931884766,48.310001373291016,48.119998931884766,48.189998626708984,68085,0.0,0.0
2022-12-12 14:30:00-05:00,48.185001373291016,48.619998931884766,48.15999984741211,48.61000061035156,94046,0.0,0.0
2022-12-12 15:30:00-05:00,48.619998931884766,48.6349983215332,48.2400016784668,48.40999984741211,250245,0.0,0.0
2022-12-13 09:30:00-05:00,49.099998474121094,49.77000045776367,48.41999816894531,48.59000015258789,431107,0.0,0.0
2022-12-13 10:30:00-05:00,48.61000061035156,48.650001525878906,48.060001373291016,48.33000183105469,217398,0.0,0.0
2022-12-13 11:30:00-05:00,48.34000015258789,48.380001068115234,47.900001525878906,47.90999984741211,180289,0.0,0.0
2022-12-13 12:30:00-05:00,47.88999938964844,48.369998931884766,47.84000015258789,48.34000015258789,114982,0.0,0.0
2022-12-13 13:30:00-05:00,48.34000015258789,48.4900016784668,48.18000030517578,48.36000061035156,109065,0.0,0.0
2022-12-13 14:30:00-05:00,48.404998779296875,48.470001220703125,47.900001525878906,48.27000045776367,146894,0.0,0.0
2022-12-13 15:30:00-05:00,48.279998779296875,48.45000076293945,48.22999954223633,48.290000915527344,274353,0.0,0.0
2022-12-14 09:30:00-05:00,48.27000045776367,48.4900016784668,47.849998474121094,48.290000915527344,117743,0.0,0.0
2022-12-14 10:30:00-05:00,48.310001373291016,48.45000076293945,48.16999816894531,48.41999816894531,55733,0.0,0.0
2022-12-14 11:30:00-05:00,48.400001525878906,48.40999984741211,48.02000045776367,48.119998931884766,57505,0.0,0.0
2022-12-14 12:30:00-05:00,48.095001220703125,48.25,47.9900016784668,48.165000915527344,53314,0.0,0.0
2022-12-14 13:30:00-05:00,48.189998626708984,48.43000030517578,47.619998931884766,47.959999084472656,112384,0.0,0.0
2022-12-14 14:30:00-05:00,47.91999816894531,48.29999923706055,47.279998779296875,47.47999954223633,270246,0.0,0.0
2022-12-14 15:30:00-05:00,47.45000076293945,47.7400016784668,47.30500030517578,47.540000915527344,226049,0.0,0.0
2022-12-15 09:30:00-05:00,46.790000915527344,47.16999816894531,46.599998474121094,46.8650016784668,128385,0.0,0.0
2022-12-15 10:30:00-05:00,46.88999938964844,47.310001373291016,46.81999969482422,47.08000183105469,142426,0.0,0.0
2022-12-15 11:30:00-05:00,47.04999923706055,47.154998779296875,46.66999816894531,46.720001220703125,80901,0.0,0.0
2022-12-15 12:30:00-05:00,46.75,46.869998931884766,46.54999923706055,46.68000030517578,67867,0.0,0.0
2022-12-15 13:30:00-05:00,46.709999084472656,46.79999923706055,46.584999084472656,46.65999984741211,80543,0.0,0.0
2022-12-15 14:30:00-05:00,46.64500045776367,47.099998474121094,46.64500045776367,47.099998474121094,130699,0.0,0.0
2022-12-15 15:30:00-05:00,47.099998474121094,47.16999816894531,46.810001373291016,46.88999938964844,283583,0.0,0.0
2022-12-16 09:30:00-05:00,46.25,47.04999923706055,46.06999969482422,46.35499954223633,258541,0.0,0.0
2022-12-16 10:30:00-05:00,46.349998474121094,46.75,46.20000076293945,46.5,116783,0.0,0.0
2022-12-16 11:30:00-05:00,46.5,46.540000915527344,46.119998931884766,46.380001068115234,82152,0.0,0.0
2022-12-16 12:30:00-05:00,46.380001068115234,46.380001068115234,46.130001068115234,46.16999816894531,70441,0.0,0.0
2022-12-16 13:30:00-05:00,46.17499923706055,46.400001525878906,46.16999816894531,46.20000076293945,65867,0.0,0.0
2022-12-16 14:30:00-05:00,46.189998626708984,46.380001068115234,46.025001525878906,46.34000015258789,126658,0.0,0.0
2022-12-16 15:30:00-05:00,46.349998474121094,46.439998626708984,46.0099983215332,46.09000015258789,368771,0.0,0.0
2022-12-19 09:30:00-05:00,46.099998474121094,46.459999084472656,45.810001373291016,46.150001525878906,117065,0.0,0.0
2022-12-19 10:30:00-05:00,46.1349983215332,46.22999954223633,45.720001220703125,45.77000045776367,84257,0.0,0.0
2022-12-19 11:30:00-05:00,45.77000045776367,45.77000045776367,45.38999938964844,45.64500045776367,105182,0.0,0.0
2022-12-19 12:30:00-05:00,45.630001068115234,45.790000915527344,45.38999938964844,45.38999938964844,94634,0.0,0.0
2022-12-19 13:30:00-05:00,45.3849983215332,45.540000915527344,45.29999923706055,45.30500030517578,97613,0.0,0.0
2022-12-19 14:30:00-05:00,45.29999923706055,45.5099983215332,45.209999084472656,45.47999954223633,115239,0.0,0.0
2022-12-19 15:30:00-05:00,45.4900016784668,45.810001373291016,45.45500183105469,45.7400016784668,210198,0.0,0.0
2022-12-20 09:30:00-05:00,45.95000076293945,46.22999954223633,45.77000045776367,46.18000030517578,74772,0.0,0.0
2022-12-20 10:30:00-05:00,46.26499938964844,46.4900016784668,46.11000061035156,46.15999984741211,122642,0.0,0.0
2022-12-20 11:30:00-05:00,46.150001525878906,46.22999954223633,45.9900016784668,46.130001068115234,57120,0.0,0.0
2022-12-20 12:30:00-05:00,46.09000015258789,46.41999816894531,46.040000915527344,46.400001525878906,67040,0.0,0.0
2022-12-20 13:30:00-05:00,46.400001525878906,46.58000183105469,46.2400016784668,46.27000045776367,139056,0.0,0.0
2022-12-20 14:30:00-05:00,46.25,46.27000045776367,46.099998474121094,46.220001220703125,114666,0.0,0.0
2022-12-20 15:30:00-05:00,46.229000091552734,46.349998474121094,46.11000061035156,46.130001068115234,235441,0.0,0.0
2022-12-21 09:30:00-05:00,47.029998779296875,47.540000915527344,47.029998779296875,47.380001068115234,155188,0.0,0.0
2022-12-21 10:30:00-05:00,47.380001068115234,47.470001220703125,47.09000015258789,47.2599983215332,100997,0.0,0.0
2022-12-21 11:30:00-05:00,47.27000045776367,47.4900016784668,47.157501220703125,47.43000030517578,110405,0.0,0.0
2022-12-21 12:30:00-05:00,47.439998626708984,47.5,47.310001373291016,47.33000183105469,98881,0.0,0.0
2022-12-21 13:30:00-05:00,47.32500076293945,47.38999938964844,47.20000076293945,47.20000076293945,131520,0.0,0.0
2022-12-21 14:30:00-05:00,47.20090103149414,47.31999969482422,47.15999984741211,47.290000915527344,174260,0.0,0.0
2022-12-21 15:30:00-05:00,47.30500030517578,47.58000183105469,47.220001220703125,47.58000183105469,295484,0.0,0.0
2022-12-22 09:30:00-05:00,47.2599983215332,47.415000915527344,47.08000183105469,47.16999816894531,174758,0.0,0.0
2022-12-22 10:30:00-05:00,47.150001525878906,47.2599983215332,47.04100036621094,47.119998931884766,188529,0.0,0.0
2022-12-22 11:30:00-05:00,47.11000061035156,47.29999923706055,47.0,47.005001068115234,135703,0.0,0.0
2022-12-22 12:30:00-05:00,47.0099983215332,47.275001525878906,46.970001220703125,47.220001220703125,155074,0.0,0.0
2022-12-22 13:30:00-05:00,47.209999084472656,47.5,47.150001525878906,47.470001220703125,162816,0.0,0.0
2022-12-22 14:30:00-05:00,47.474998474121094,47.970001220703125,47.42499923706055,47.959999084472656,159461,0.0,0.0
2022-12-22 15:30:00-05:00,47.959999084472656,48.345001220703125,47.90999984741211,48.290000915527344,383860,0.0,0.0
2022-12-23 09:30:00-05:00,48.279998779296875,48.6150016784668,47.9900016784668,48.36000061035156,108834,0.0,0.0
2022-12-23 10:30:00-05:00,48.349998474121094,48.5,48.130001068115234,48.189998626708984,107857,0.0,0.0
2022-12-23 11:30:00-05:00,48.20000076293945,48.45000076293945,48.20000076293945,48.380001068115234,69891,0.0,0.0
2022-12-23 12:30:00-05:00,48.38999938964844,48.540000915527344,48.209999084472656,48.529998779296875,204316,0.0,0.0
2022-12-23 13:30:00-05:00,48.54999923706055,48.66999816894531,48.34000015258789,48.439998626708984,117395,0.0,0.0
2022-12-23 14:30:00-05:00,48.45000076293945,48.650001525878906,48.43000030517578,48.54999923706055,111412,0.0,0.0
2022-12-23 15:30:00-05:00,48.54999923706055,48.61000061035156,48.38999938964844,48.459999084472656,303550,0.0,0.0
2022-12-27 09:30:00-05:00,48.650001525878906,48.689998626708984,47.90999984741211,48.63999938964844,55427,0.0,0.0
2022-12-27 10:30:00-05:00,48.63999938964844,48.869998931884766,48.60499954223633,48.70000076293945,88630,0.0,0.0
2022-12-27 11:30:00-05:00,48.709999084472656,48.93000030517578,48.70000076293945,48.84000015258789,50304,0.0,0.0
2022-12-27 12:30:00-05:00,48.81999969482422,49.119998931884766,48.810001373291016,49.09000015258789,86571,0.0,0.0
2022-12-27 13:30:00-05:00,49.08000183105469,49.099998474121094,48.67499923706055,48.68000030517578,90041,0.0,0.0
2022-12-27 14:30:00-05:00,48.66999816894531,48.939998626708984,48.56999969482422,48.900001525878906,82076,0.0,0.0
2022-12-27 15:30:00-05:00,48.90999984741211,48.97999954223633,48.790000915527344,48.84000015258789,158548,0.0,0.0
2022-12-28 09:30:00-05:00,48.869998931884766,48.900001525878906,48.22999954223633,48.22999954223633,86754,0.0,0.0
2022-12-28 10:30:00-05:00,48.220001220703125,48.400001525878906,48.154998779296875,48.220001220703125,61073,0.0,0.0
2022-12-28 11:30:00-05:00,48.22999954223633,48.290000915527344,47.939998626708984,48.029998779296875,64623,0.0,0.0
2022-12-28 12:30:00-05:00,48.060001373291016,48.380001068115234,48.05500030517578,48.290000915527344,67482,0.0,0.0
2022-12-28 13:30:00-05:00,48.310001373291016,48.400001525878906,48.25,48.34000015258789,57473,0.0,0.0
2022-12-28 14:30:00-05:00,48.32500076293945,48.470001220703125,48.099998474121094,48.119998931884766,76875,0.0,0.0
2022-12-28 15:30:00-05:00,48.119998931884766,48.15999984741211,47.970001220703125,47.970001220703125,151771,0.0,0.0
2022-12-29 09:30:00-05:00,48.060001373291016,48.83000183105469,47.92499923706055,48.709999084472656,57237,0.0,0.0
2022-12-29 10:30:00-05:00,48.68000030517578,48.86000061035156,48.61000061035156,48.81999969482422,56114,0.0,0.0
2022-12-29 11:30:00-05:00,48.81999969482422,49.18000030517578,48.81999969482422,49.095001220703125,50333,0.0,0.0
2022-12-29 12:30:00-05:00,49.08000183105469,49.310001373291016,49.0,49.0,84408,0.0,0.0
2022-12-29 13:30:00-05:00,49.005001068115234,49.060001373291016,48.849998474121094,48.974998474121094,75797,0.0,0.0
2022-12-29 14:30:00-05:00,48.97999954223633,49.11000061035156,48.84000015258789,48.95000076293945,85179,0.0,0.0
2022-12-29 15:30:00-05:00,48.97999954223633,49.150001525878906,48.97999954223633,49.08000183105469,160525,0.0,0.0
2022-12-30 09:30:00-05:00,48.61000061035156,49.380001068115234,48.5,49.33000183105469,72851,0.0,0.0
2022-12-30 10:30:00-05:00,49.349998474121094,49.40999984741211,49.130001068115234,49.150001525878906,52739,0.0,0.0
2022-12-30 11:30:00-05:00,49.125,49.279998779296875,49.099998474121094,49.16999816894531,40527,0.0,0.0
2022-12-30 12:30:00-05:00,49.209999084472656,49.22999954223633,48.88999938964844,48.974998474121094,38179,0.0,0.0
2022-12-30 13:30:00-05:00,48.9900016784668,49.08000183105469,48.83000183105469,48.959999084472656,51874,0.0,0.0
2022-12-30 14:30:00-05:00,48.959999084472656,49.02000045776367,48.81999969482422,48.81999969482422,93469,0.0,0.0
2022-12-30 15:30:00-05:00,48.810001373291016,49.22999954223633,48.810001373291016,49.15999984741211,144157,0.0,0.0
2023-01-03 09:30:00-05:00,48.68000030517578,49.79999923706055,48.5099983215332,49.060001373291016,205564,0.0,0.0
2023-01-03 10:30:00-05:00,49.060001373291016,49.54999923706055,49.0099983215332,49.29999923706055,104737,0.0,0.0
2023-01-03 11:30:00-05:00,49.290000915527344,49.290000915527344,48.81999969482422,48.959999084472656,83930,0.0,0.0
2023-01-03 12:30:00-05:00,48.959999084472656,49.08000183105469,48.65999984741211,48.869998931884766,81461,0.0,0.0
2023-01-03 13:30:00-05:00,48.849998474121094,48.849998474121094,48.459999084472656,48.4900016784668,97211,0.0,0.0
2023-01-03 14:30:00-05:00,48.4900016784668,48.7400016784668,48.2599983215332,48.63999938964844,151470,0.0,0.0
2023-01-03 15:30:00-05:00,48.63999938964844,48.65999984741211,48.400001525878906,48.45000076293945,270998,0.0,0.0
2023-01-04 09:30:00-05:00,49.08000183105469,49.81999969482422,48.970001220703125,49.81999969482422,214442,0.0,0.0
2023-01-04 10:30:00-05:00,49.79999923706055,50.459999084472656,49.790000915527344,50.41999816894531,136078,0.0,0.0
2023-01-04 11:30:00-05:00,50.459999084472656,50.84000015258789,50.3849983215332,50.505001068115234,133148,0.0,0.0
2023-01-04 12:30:00-05:00,50.5099983215332,50.61000061035156,50.33000183105469,50.380001068115234,140839,0.0,0.0
2023-01-04 13:30:00-05:00,50.36000061035156,50.51499938964844,50.04999923706055,50.125,164579,0.0,0.0
2023-01-04 14:30:00-05:00,50.125,50.47999954223633,50.099998474121094,50.34000015258789,185919,0.0,0.0
2023-01-04 15:30:00-05:00,50.310001373291016,50.345001220703125,50.06999969482422,50.2400016784668,430079,0.0,0.0
2023-01-05 09:30:00-05:00,49.7400016784668,49.95000076293945,48.790000915527344,49.31999969482422,154548,0.0,0.0
2023-01-05 10:30:00-05:00,49.31999969482422,49.564998626708984,48.91999816894531,48.974998474121094,56873,0.0,0.0
2023-01-05 11:30:00-05:00,48.95000076293945,49.369998931884766,48.90999984741211,49.26499938964844,53332,0.0,0.0
2023-01-05 12:30:00-05:00,49.27000045776367,49.689998626708984,49.22999954223633,49.6349983215332,84339,0.0,0.0
2023-01-05 13:30:00-05:00,49.630001068115234,49.7599983215332,49.5099983215332,49.540000915527344,67853,0.0,0.0
2023-01-05 14:30:00-05:00,49.540000915527344,49.7400016784668,49.43000030517578,49.474998474121094,71577,0.0,0.0
2023-01-05 15:30:00-05:00,49.470001220703125,49.52000045776367,49.33000183105469,49.36000061035156,183673,0.0,0.0
2023-01-06 09:30:00-05:00,49.83000183105469,50.150001525878906,49.43000030517578,50.0,0,0.0,0.0
2023-01-06 10:30:00-05:00,50.0,50.560001373291016,50.0,50.400001525878906,100182,0.0,0.0
2023-01-06 11:30:00-05:00,50.41999816894531,50.54999923706055,50.30500030517578,50.400001525878906,58013,0.0,0.0
2023-01-06 12:30:00-05:00,50.40999984741211,50.619998931884766,50.310001373291016,50.619998931884766,73698,0.0,0.0
2023-01-06 13:30:00-05:00,50.619998931884766,51.185001373291016,50.619998931884766,51.095001220703125,194581,0.0,0.0
2023-01-06 14:30:00-05:00,51.099998474121094,51.41999816894531,51.099998474121094,51.34000015258789,211707,0.0,0.0
2023-01-06 15:30:00-05:00,51.34000015258789,51.459999084472656,51.22999954223633,51.2599983215332,356908,0.0,0.0
2023-01-09 09:30:00-05:00,51.630001068115234,51.7400016784668,50.959999084472656,51.060001373291016,97417,0.0,0.0
2023-01-09 10:30:00-05:00,51.040000915527344,51.310001373291016,51.040000915527344,51.25,80423,0.0,0.0
2023-01-09 11:30:00-05:00,51.2599983215332,51.40999984741211,51.15999984741211,51.34000015258789,56123,0.0,0.0
2023-01-09 12:30:00-05:00,51.34989929199219,51.380001068115234,51.060001373291016,51.27000045776367,56171,0.0,0.0
2023-01-09 13:30:00-05:00,51.279998779296875,51.400001525878906,51.000999450683594,51.34000015258789,94528,0.0,0.0
2023-01-09 14:30:00-05:00,51.29999923706055,51.36000061035156,51.05500030517578,51.09000015258789,122324,0.0,0.0
2023-01-09 15:30:00-05:00,51.09000015258789,51.111000061035156,50.904998779296875,51.02000045776367,235449,0.0,0.0
2023-01-10 09:30:00-05:00,50.88999938964844,51.189998626708984,50.56999969482422,50.939998626708984,108828,0.0,0.0
2023-01-10 10:30:00-05:00,50.959999084472656,51.38999938964844,50.77000045776367,51.220001220703125,93159,0.0,0.0
2023-01-10 11:30:00-05:00,51.220001220703125,51.27000045776367,51.04999923706055,51.099998474121094,54521,0.0,0.0
2023-01-10 12:30:00-05:00,51.099998474121094,51.26499938964844,51.06999969482422,51.26499938964844,95379,0.0,0.0
2023-01-10 13:30:00-05:00,51.290000915527344,51.34000015258789,51.04999923706055,51.09000015258789,113399,0.0,0.0
2023-01-10 14:30:00-05:00,51.084999084472656,51.11000061035156,50.88999938964844,50.92499923706055,127370,0.0,0.0
2023-01-10 15:30:00-05:00,50.91999816894531,51.04999923706055,50.880001068115234,51.04999923706055,175082,0.0,0.0
2023-01-11 09:30:00-05:00,51.290000915527344,51.41999816894531,50.88999938964844,51.16999816894531,92835,0.0,0.0
2023-01-11 10:30:00-05:00,51.130001068115234,51.220001220703125,50.880001068115234,51.189998626708984,61507,0.0,0.0
2023-01-11 11:30:00-05:00,51.21390151977539,51.470001220703125,51.20500183105469,51.361000061035156,34345,0.0,0.0
2023-01-11 12:30:00-05:00,51.375,51.77000045776367,51.34000015258789,51.720001220703125,61892,0.0,0.0
2023-01-11 13:30:00-05:00,51.689998626708984,51.70000076293945,51.310001373291016,51.5,54823,0.0,0.0
2023-01-11 14:30:00-05:00,51.5,51.59000015258789,51.380001068115234,51.380001068115234,72060,0.0,0.0
2023-01-11 15:30:00-05:00,51.380001068115234,51.380001068115234,51.244998931884766,51.33000183105469,162736,0.0,0.0
2023-01-12 09:30:00-05:00,51.58000183105469,52.2599983215332,51.4900016784668,51.959999084472656,119713,0.0,0.0
2023-01-12 10:30:00-05:00,51.959999084472656,51.98500061035156,51.650001525878906,51.939998626708984,77867,0.0,0.0
2023-01-12 11:30:00-05:00,51.95000076293945,52.130001068115234,51.810001373291016,52.11000061035156,67063,0.0,0.0
2023-01-12 12:30:00-05:00,52.130001068115234,52.130001068115234,51.689998626708984,51.689998626708984,89980,0.0,0.0
2023-01-12 13:30:00-05:00,51.689998626708984,52.09000015258789,51.61000061035156,51.939998626708984,144171,0.0,0.0
2023-01-12 14:30:00-05:00,51.8849983215332,51.93000030517578,51.619998931884766,51.66999816894531,114733,0.0,0.0
2023-01-12 15:30:00-05:00,51.65999984741211,51.68000030517578,51.38999938964844,51.45000076293945,328581,0.0,0.0
2023-01-13 09:30:00-05:00,50.68000030517578,50.83000183105469,49.650001525878906,50.27000045776367,119605,0.0,0.0
2023-01-13 10:30:00-05:00,50.31999969482422,50.7599983215332,50.20000076293945,50.68000030517578,131303,0.0,0.0
2023-01-13 11:30:00-05:00,50.70000076293945,51.029998779296875,50.404998779296875,50.91999816894531,164617,0.0,0.0
2023-01-13 12:30:00-05:00,50.900001525878906,51.09000015258789,50.83000183105469,50.939998626708984,94227,0.0,0.0
2023-01-13 13:30:00-05:00,50.93000030517578,51.20000076293945,50.90999984741211,51.08000183105469,123052,0.0,0.0
2023-01-13 14:30:00-05:00,51.08000183105469,51.33000183105469,50.974998474121094,51.224998474121094,101975,0.0,0.0
2023-01-13 15:30:00-05:00,51.20000076293945,51.439998626708984,51.17499923706055,51.38999938964844,167629,0.0,0.0
2023-01-17 09:30:00-05:00,51.150001525878906,51.220001220703125,50.31999969482422,50.869998931884766,292292,0.0,0.0
2023-01-17 10:30:00-05:00,50.880001068115234,50.89500045776367,50.31999969482422,50.459999084472656,125881,0.0,0.0
2023-01-17 11:30:00-05:00,50.459999084472656,50.689998626708984,50.369998931884766,50.43000030517578,189794,0.0,0.0
2023-01-17 12:30:00-05:00,50.439998626708984,50.959999084472656,50.400001525878906,50.7400016784668,340290,0.0,0.0
2023-01-17 13:30:00-05:00,50.72999954223633,51.040000915527344,50.724998474121094,50.8849983215332,87021,0.0,0.0
2023-01-17 14:30:00-05:00,50.900001525878906,51.10499954223633,50.849998474121094,51.0,79294,0.0,0.0
2023-01-17 15:30:00-05:00,50.9900016784668,51.06999969482422,50.720001220703125,50.880001068115234,190890,0.0,0.0
2023-01-18 09:30:00-05:00,50.54999923706055,50.57500076293945,49.45000076293945,50.16999816894531,177904,0.0,0.0
2023-01-18 10:30:00-05:00,50.16999816894531,50.220001220703125,49.15999984741211,49.189998626708984,217367,0.0,0.0
2023-01-18 11:30:00-05:00,49.20000076293945,49.275001525878906,48.994998931884766,49.06999969482422,177353,0.0,0.0
2023-01-18 12:30:00-05:00,49.060001373291016,49.060001373291016,48.724998474121094,48.97999954223633,127381,0.0,0.0
2023-01-18 13:30:00-05:00,48.970001220703125,49.03499984741211,48.59000015258789,48.665000915527344,131551,0.0,0.0
2023-01-18 14:30:00-05:00,48.665000915527344,48.72999954223633,48.28499984741211,48.48500061035156,287157,0.0,0.0
2023-01-18 15:30:00-05:00,48.48500061035156,48.54999923706055,48.20000076293945,48.25,440107,0.0,0.0
2023-01-19 09:30:00-05:00,47.709999084472656,48.73500061035156,47.560001373291016,48.40999984741211,259716,0.0,0.0
2023-01-19 10:30:00-05:00,48.38999938964844,48.4900016784668,48.0099983215332,48.290000915527344,249689,0.0,0.0
2023-01-19 11:30:00-05:00,48.2599983215332,48.900001525878906,48.2599983215332,48.599998474121094,116341,0.0,0.0
2023-01-19 12:30:00-05:00,48.61000061035156,49.005001068115234,48.525001525878906,48.939998626708984,100812,0.0,0.0
2023-01-19 13:30:00-05:00,48.95000076293945,49.3650016784668,48.95000076293945,49.349998474121094,181412,0.0,0.0
2023-01-19 14:30:00-05:00,49.349998474121094,49.470001220703125,49.04999923706055,49.279998779296875,222403,0.0,0.0
2023-01-19 15:30:00-05:00,49.28499984741211,49.54999923706055,49.189998626708984,49.529998779296875,448575,0.0,0.0
2023-01-20 09:30:00-05:00,49.849998474121094,51.349998474121094,49.52000045776367,51.18000030517578,493217,0.0,0.0
2023-01-20 10:30:00-05:00,51.209999084472656,51.599998474121094,50.93000030517578,51.59000015258789,214251,0.0,0.0
2023-01-20 11:30:00-05:00,51.599998474121094,51.599998474121094,51.16999816894531,51.43000030517578,205816,0.0,0.0
2023-01-20 12:30:00-05:00,51.439998626708984,51.439998626708984,51.20000076293945,51.20500183105469,127513,0.0,0.0
2023-01-20 13:30:00-05:00,51.209999084472656,51.529998779296875,51.18000030517578,51.4900016784668,178896,0.0,0.0
2023-01-20 14:30:00-05:00,51.48899841308594,51.65999984741211,51.2400016784668,51.599998474121094,240536,0.0,0.0
2023-01-20 15:30:00-05:00,51.59000015258789,51.650001525878906,51.380001068115234,51.47999954223633,589186,0.0,0.0
2023-01-23 09:30:00-05:00,51.599998474121094,52.459999084472656,51.27000045776367,52.334999084472656,385996,0.0,0.0
2023-01-23 10:30:00-05:00,52.334999084472656,53.08000183105469,52.31999969482422,52.810001373291016,258208,0.0,0.0
2023-01-23 11:30:00-05:00,52.810001373291016,53.189998626708984,52.790000915527344,53.150001525878906,174685,0.0,0.0
2023-01-23 12:30:00-05:00,53.15999984741211,53.23500061035156,52.869998931884766,52.95500183105469,251357,0.0,0.0
2023-01-23 13:30:00-05:00,52.959999084472656,53.16999816894531,52.845001220703125,52.9900016784668,221657,0.0,0.0
2023-01-23 14:30:00-05:00,52.970001220703125,53.029998779296875,52.52000045776367,52.61000061035156,366351,0.0,0.0
2023-01-23 15:30:00-05:00,52.6150016784668,52.724998474121094,52.41999816894531,52.650001525878906,686726,0.0,0.0
2023-01-24 09:30:00-05:00,52.060001373291016,52.09000015258789,50.25,51.08000183105469,798782,0.0,0.0
2023-01-24 10:30:00-05:00,51.09000015258789,51.5099983215332,50.86000061035156,51.310001373291016,642762,0.0,0.0
2023-01-24 11:30:00-05:00,51.290000915527344,51.540000915527344,50.5880012512207,51.52000045776367,566694,0.0,0.0
2023-01-24 12:30:00-05:00,51.5099983215332,51.61000061035156,50.900001525878906,51.38999938964844,273268,0.0,0.0
2023-01-24 13:30:00-05:00,51.38999938964844,51.83000183105469,51.349998474121094,51.56999969482422,326866,0.0,0.0
2023-01-24 14:30:00-05:00,51.56999969482422,51.755001068115234,51.540000915527344,51.6349983215332,291179,0.0,0.0
2023-01-24 15:30:00-05:00,51.6349983215332,51.900001525878906,51.619998931884766,51.77000045776367,546087,0.0,0.0
2023-01-25 09:30:00-05:00,50.81999969482422,51.18000030517578,50.470001220703125,50.7400016784668,288974,0.0,0.0
2023-01-25 10:30:00-05:00,50.72999954223633,50.77000045776367,50.470001220703125,50.66999816894531,278383,0.0,0.0
2023-01-25 11:30:00-05:00,50.68000030517578,50.91999816894531,50.560001373291016,50.779998779296875,251308,0.0,0.0
2023-01-25 12:30:00-05:00,50.78499984741211,51.060001373291016,50.7400016784668,51.01499938964844,438508,0.0,0.0
2023-01-25 13:30:00-05:00,51.02000045776367,51.810001373291016,51.0099983215332,51.71500015258789,344184,0.0,0.0
2023-01-25 14:30:00-05:00,51.71500015258789,52.07500076293945,51.54999923706055,51.83000183105469,438404,0.0,0.0
2023-01-25 15:30:00-05:00,51.84000015258789,52.08000183105469,51.72999954223633,52.029998779296875,493070,0.0,0.0
2023-01-26 09:30:00-05:00,52.61000061035156,52.939998626708984,51.900001525878906,52.029998779296875,141945,0.0,0.0
2023-01-26 10:30:00-05:00,52.040000915527344,52.040000915527344,51.38999938964844,51.519901275634766,141581,0.0,0.0
2023-01-26 11:30:00-05:00,51.5099983215332,51.7400016784668,51.47999954223633,51.6150016784668,142984,0.0,0.0
2023-01-26 12:30:00-05:00,51.619998931884766,52.040000915527344,51.56999969482422,52.02000045776367,159955,0.0,0.0
2023-01-26 13:30:00-05:00,52.02000045776367,52.29999923706055,51.95000076293945,52.084999084472656,152970,0.0,0.0
2023-01-26 14:30:00-05:00,52.06999969482422,52.279998779296875,52.060001373291016,52.244998931884766,175396,0.0,0.0
2023-01-26 15:30:00-05:00,52.2400016784668,52.29999923706055,52.09000015258789,52.20000076293945,298732,0.0,0.0
2023-01-27 09:30:00-05:00,52.20000076293945,53.0,52.150001525878906,52.97999954223633,158527,0.0,0.0
2023-01-27 10:30:00-05:00,52.9900016784668,53.189998626708984,52.56999969482422,52.8650016784668,299374,0.0,0.0
2023-01-27 11:30:00-05:00,52.880001068115234,53.31999969482422,52.869998931884766,53.2599983215332,159396,0.0,0.0
2023-01-27 12:30:00-05:00,53.25,53.34000015258789,53.06999969482422,53.06999969482422,96844,0.0,0.0
2023-01-27 13:30:00-05:00,53.06999969482422,53.59000015258789,53.060001373291016,53.470001220703125,184615,0.0,0.0
2023-01-27 14:30:00-05:00,53.470001220703125,53.720001220703125,53.150001525878906,53.68000030517578,229737,0.0,0.0
2023-01-27 15:30:00-05:00,53.66999816894531,53.77000045776367,53.369998931884766,53.38999938964844,374026,0.0,0.0
2023-01-30 09:30:00-05:00,53.06999969482422,53.150001525878906,52.66999816894531,52.810001373291016,162807,0.0,0.0
2023-01-30 10:30:00-05:00,52.84000015258789,52.84000015258789,52.52000045776367,52.75,84058,0.0,0.0
2023-01-30 11:30:00-05:00,52.77000045776367,52.849998474121094,52.560001373291016,52.720001220703125,71430,0.0,0.0
2023-01-30 12:30:00-05:00,52.66999816894531,52.66999816894531,52.31999969482422,52.459999084472656,170465,0.0,0.0
2023-01-30 13:30:00-05:00,52.459999084472656,52.47999954223633,52.16999816894531,52.2400016784668,156234,0.0,0.0
2023-01-30 14:30:00-05:00,52.2400016784668,52.33000183105469,52.1150016784668,52.154998779296875,149184,0.0,0.0
2023-01-30 15:30:00-05:00,52.15999984741211,52.38999938964844,52.13999938964844,52.2400016784668,266652,0.0,0.0
2023-01-31 09:30:00-05:00,52.27000045776367,52.5099983215332,52.0,52.2599983215332,0,0.0,0.0
2023-01-31 10:30:00-05:00,52.255001068115234,52.814998626708984,52.2400016784668,52.779998779296875,82507,0.0,0.0
2023-01-31 11:30:00-05:00,52.78499984741211,53.0,52.66999816894531,52.880001068115234,60225,0.0,0.0
2023-01-31 12:30:00-05:00,52.880001068115234,53.07500076293945,52.86000061035156,52.89500045776367,60631,0.0,0.0
2023-01-31 13:30:00-05:00,52.900001525878906,53.11000061035156,52.880001068115234,53.06999969482422,58817,0.0,0.0
2023-01-31 14:30:00-05:00,53.08000183105469,53.130001068115234,52.900001525878906,52.974998474121094,89934,0.0,0.0
2023-01-31 15:30:00-05:00,52.97999954223633,53.15999984741211,52.95000076293945,53.15999984741211,257118,0.0,0.0
2023-02-01 09:30:00-05:00,52.869998931884766,53.40999984741211,52.66999816894531,53.400001525878906,98217,0.0,0.0
2023-02-01 10:30:00-05:00,53.380001068115234,53.54999923706055,53.09000015258789,53.41999816894531,128704,0.0,0.0
2023-02-01 11:30:00-05:00,53.40999984741211,53.4900016784668,53.220001220703125,53.369998931884766,83673,0.0,0.0
2023-02-01 12:30:00-05:00,53.400001525878906,53.47999954223633,53.33000183105469,53.35499954223633,63684,0.0,0.0
2023-02-01 13:30:00-05:00,53.375,53.43000030517578,53.04999923706055,53.23500061035156,120060,0.0,0.0
2023-02-01 14:30:00-05:00,53.2599983215332,54.22999954223633,52.93000030517578,53.762001037597656,299540,0.0,0.0
2023-02-01 15:30:00-05:00,53.762001037597656,54.099998474121094,53.209999084472656,53.38999938964844,344946,0.0,0.0
2023-02-02 09:30:00-05:00,53.93000030517578,54.18000030517578,53.529998779296875,53.880001068115234,148912,0.0,0.0
2023-02-02 10:30:00-05:00,53.90999984741211,54.81999969482422,53.900001525878906,54.630001068115234,123295,0.0,0.0
2023-02-02 11:30:00-05:00,54.630001068115234,54.650001525878906,54.33000183105469,54.40769958496094,91277,0.0,0.0
2023-02-02 12:30:00-05:00,54.400001525878906,54.529998779296875,54.331199645996094,54.45500183105469,63046,0.0,0.0
2023-02-02 13:30:00-05:00,54.459999084472656,54.525001525878906,54.130001068115234,54.17499923706055,75657,0.0,0.0
2023-02-02 14:30:00-05:00,54.18000030517578,54.189998626708984,53.68000030517578,53.869998931884766,149198,0.0,0.0
2023-02-02 15:30:00-05:00,53.900001525878906,54.33000183105469,53.869998931884766,54.290000915527344,255332,0.0,0.0
2023-02-03 09:30:00-05:00,53.619998931884766,54.900001525878906,53.404998779296875,54.900001525878906,161665,0.0,0.0
2023-02-03 10:30:00-05:00,54.939998626708984,55.06999969482422,54.66999816894531,54.880001068115234,110055,0.0,0.0
2023-02-03 11:30:00-05:00,54.880001068115234,55.16999816894531,54.709999084472656,55.09000015258789,96017,0.0,0.0
2023-02-03 12:30:00-05:00,55.099998474121094,55.19499969482422,54.439998626708984,54.47999954223633,61272,0.0,0.0
2023-02-03 13:30:00-05:00,54.439998626708984,54.599998474121094,54.400001525878906,54.505001068115234,64352,0.0,0.0
2023-02-03 14:30:00-05:00,54.5099983215332,54.529998779296875,54.2223014831543,54.38999938964844,89165,0.0,0.0
2023-02-03 15:30:00-05:00,54.400001525878906,54.470001220703125,54.15999984741211,54.40999984741211,164784,0.0,0.0
2023-02-06 09:30:00-05:00,54.02000045776367,54.04999923706055,53.58000183105469,53.810001373291016,141511,0.0,0.0
2023-02-06 10:30:00-05:00,53.79999923706055,53.959999084472656,53.52000045776367,53.86000061035156,129380,0.0,0.0
2023-02-06 11:30:00-05:00,53.869998931884766,53.95500183105469,53.7400016784668,53.869998931884766,100824,0.0,0.0
2023-02-06 12:30:00-05:00,53.88999938964844,54.0099983215332,53.7599983215332,53.779998779296875,103712,0.0,0.0
2023-02-06 13:30:00-05:00,53.779998779296875,53.970001220703125,53.66999816894531,53.849998474121094,106438,0.0,0.0
2023-02-06 14:30:00-05:00,53.86000061035156,53.90999984741211,53.75,53.834999084472656,127467,0.0,0.0
2023-02-06 15:30:00-05:00,53.83000183105469,54.150001525878906,53.810001373291016,54.08000183105469,252771,0.0,0.0
2023-02-07 09:30:00-05:00,53.86000061035156,54.15999984741211,53.2400016784668,53.880001068115234,99322,0.0,0.0
2023-02-07 10:30:00-05:00,53.93000030517578,54.2400016784668,53.83000183105469,54.2400016784668,89411,0.0,0.0
2023-02-07 11:30:00-05:00,54.25,54.630001068115234,54.244998931884766,54.354000091552734,96833,0.0,0.0
2023-02-07 12:30:00-05:00,54.34000015258789,55.119998931884766,54.29999923706055,54.29999923706055,198565,0.0,0.0
2023-02-07 13:30:00-05:00,54.27000045776367,54.689998626708984,53.9900016784668,54.619998931884766,138708,0.0,0.0
2023-02-07 14:30:00-05:00,54.619998931884766,54.81999969482422,54.54999923706055,54.79999923706055,138475,0.0,0.0
2023-02-07 15:30:00-05:00,54.78499984741211,55.02000045776367,54.709999084472656,54.790000915527344,178481,0.0,0.0
2023-02-08 09:30:00-05:00,54.2599983215332,54.540000915527344,53.845001220703125,54.40999984741211,211499,0.0,0.0
2023-02-08 10:30:00-05:00,54.41999816894531,54.459999084472656,54.0,54.09000015258789,228205,0.0,0.0
2023-02-08 11:30:00-05:00,54.08000183105469,54.099998474121094,53.84000015258789,54.0099983215332,148118,0.0,0.0
2023-02-08 12:30:00-05:00,54.0099983215332,54.34000015258789,53.880001068115234,53.9900016784668,186898,0.0,0.0
2023-02-08 13:30:00-05:00,54.0,54.02000045776367,53.79499816894531,53.845001220703125,246853,0.0,0.0
2023-02-08 14:30:00-05:00,53.84000015258789,53.845001220703125,53.494998931884766,53.54999923706055,332538,0.0,0.0
2023-02-08 15:30:00-05:00,53.560001373291016,53.6150016784668,53.314998626708984,53.34000015258789,673426,0.0,0.0
2023-02-09 09:30:00-05:00,53.68000030517578,53.95000076293945,53.36000061035156,53.654998779296875,209723,0.0,0.0
2023-02-09 10:30:00-05:00,53.650001525878906,53.7400016784668,53.189998626708984,53.22999954223633,146689,0.0,0.0
2023-02-09 11:30:00-05:00,53.255001068115234,53.36000061035156,53.13999938964844,53.20000076293945,127696,0.0,0.0
2023-02-09 12:30:00-05:00,53.189998626708984,53.22999954223633,53.01499938964844,53.01499938964844,117349,0.0,0.0
2023-02-09 13:30:00-05:00,53.0099983215332,53.084999084472656,52.83000183105469,52.900001525878906,125992,0.0,0.0
2023-02-09 14:30:00-05:00,52.900001525878906,53.06999969482422,52.72999954223633,52.77000045776367,129121,0.0,0.0
2023-02-09 15:30:00-05:00,52.77000045776367,52.900001525878906,52.599998474121094,52.63999938964844,268618,0.0,0.0
2023-02-10 09:30:00-05:00,52.38999938964844,52.665000915527344,52.16999816894531,52.630001068115234,106074,0.0,0.0
2023-02-10 10:30:00-05:00,52.630001068115234,52.68000030517578,52.41999816894531,52.52000045776367,106572,0.0,0.0
2023-02-10 11:30:00-05:00,52.52000045776367,52.54999923706055,52.31999969482422,52.400001525878906,73749,0.0,0.0
2023-02-10 12:30:00-05:00,52.435001373291016,52.77000045776367,52.435001373291016,52.689998626708984,86413,0.0,0.0
2023-02-10 13:30:00-05:00,52.689998626708984,52.689998626708984,52.459999084472656,52.5099983215332,88942,0.0,0.0
2023-02-10 14:30:00-05:00,52.494998931884766,52.69499969482422,52.459999084472656,52.69499969482422,111183,0.0,0.0
2023-02-10 15:30:00-05:00,52.70000076293945,52.7599983215332,52.439998626708984,52.529998779296875,318683,0.0,0.0
2023-02-13 09:30:00-05:00,52.439998626708984,52.75,52.06999969482422,52.709999084472656,182238,0.0,0.0
2023-02-13 10:30:00-05:00,52.72999954223633,52.8849983215332,52.619998931884766,52.720001220703125,135106,0.0,0.0
2023-02-13 11:30:00-05:00,52.709999084472656,52.86000061035156,52.59000015258789,52.72999954223633,129156,0.0,0.0
2023-02-13 12:30:00-05:00,52.72999954223633,52.81999969482422,52.64500045776367,52.70000076293945,134010,0.0,0.0
2023-02-13 13:30:00-05:00,52.709999084472656,52.84000015258789,52.65999984741211,52.73500061035156,113378,0.0,0.0
2023-02-13 14:30:00-05:00,52.737300872802734,52.91999816894531,52.66999816894531,52.810001373291016,136046,0.0,0.0
2023-02-13 15:30:00-05:00,52.81999969482422,52.915000915527344,52.790000915527344,52.90999984741211,247449,0.0,0.0
2023-02-14 09:30:00-05:00,52.83000183105469,53.150001525878906,52.40999984741211,52.84000015258789,151576,0.0,0.0
2023-02-14 10:30:00-05:00,52.86000061035156,52.95000076293945,52.349998474121094,52.400001525878906,151413,0.0,0.0
2023-02-14 11:30:00-05:00,52.38999938964844,52.5099983215332,52.0635986328125,52.474998474121094,133297,0.0,0.0
2023-02-14 12:30:00-05:00,52.459999084472656,52.77000045776367,52.35499954223633,52.61029815673828,120122,0.0,0.0
2023-02-14 13:30:00-05:00,52.619998931884766,52.81999969482422,52.529998779296875,52.75,102687,0.0,0.0
2023-02-14 14:30:00-05:00,52.7400016784668,52.97999954223633,52.7400016784668,52.8650016784668,117125,0.0,0.0
2023-02-14 15:30:00-05:00,52.869998931884766,52.97999954223633,52.720001220703125,52.7400016784668,231262,0.0,0.0
2023-02-15 09:30:00-05:00,51.90999984741211,52.2599983215332,51.68000030517578,52.150001525878906,128248,0.0,0.0
2023-02-15 10:30:00-05:00,52.15999984741211,52.5,52.1150016784668,52.47999954223633,64146,0.0,0.0
2023-02-15 11:30:00-05:00,52.4900016784668,52.525001525878906,51.849998474121094,51.849998474121094,70420,0.0,0.0
2023-02-15 12:30:00-05:00,51.869998931884766,51.939998626708984,51.65999984741211,51.779998779296875,117637,0.0,0.0
2023-02-15 13:30:00-05:00,51.790000915527344,52.150001525878906,51.790000915527344,52.150001525878906,83711,0.0,0.0
2023-02-15 14:30:00-05:00,52.16999816894531,52.20000076293945,52.02000045776367,52.08000183105469,99394,0.0,0.0
2023-02-15 15:30:00-05:00,52.09000015258789,52.2400016784668,52.02000045776367,52.18000030517578,202744,0.0,0.0
2023-02-16 09:30:00-05:00,51.650001525878906,51.650001525878906,51.2400016784668,51.470001220703125,132388,0.0,0.0
2023-02-16 10:30:00-05:00,51.470001220703125,51.630001068115234,51.36000061035156,51.630001068115234,95201,0.0,0.0
2023-02-16 11:30:00-05:00,51.630001068115234,51.77000045776367,51.51499938964844,51.7599983215332,86727,0.0,0.0
2023-02-16 12:30:00-05:00,51.76100158691406,51.849998474121094,51.59000015258789,51.6349983215332,108324,0.0,0.0
2023-02-16 13:30:00-05:00,51.630001068115234,51.95000076293945,51.619998931884766,51.91999816894531,81215,0.0,0.0
2023-02-16 14:30:00-05:00,51.90999984741211,51.90999984741211,51.529998779296875,51.54999923706055,118413,0.0,0.0
2023-02-16 15:30:00-05:00,51.54999923706055,51.599998474121094,51.369998931884766,51.380001068115234,161453,0.0,0.0
2023-02-17 09:30:00-05:00,51.279998779296875,51.435001373291016,50.91999816894531,51.31999969482422,120812,0.0,0.0
2023-02-17 10:30:00-05:00,51.310001373291016,51.540000915527344,50.959999084472656,50.9900016784668,97787,0.0,0.0
2023-02-17 11:30:00-05:00,50.994998931884766,51.279998779296875,50.95000076293945,51.20000076293945,95272,0.0,0.0
2023-02-17 12:30:00-05:00,51.189998626708984,51.279998779296875,51.060001373291016,51.2400016784668,115963,0.0,0.0
2023-02-17 13:30:00-05:00,51.22999954223633,51.29999923706055,51.08000183105469,51.22999954223633,113431,0.0,0.0
2023-02-17 14:30:00-05:00,51.25,51.400001525878906,51.209999084472656,51.34000015258789,159058,0.0,0.0
2023-02-17 15:30:00-05:00,51.33000183105469,51.5,51.310001373291016,51.43000030517578,247567,0.0,0.0
2023-02-21 09:30:00-05:00,50.779998779296875,50.779998779296875,50.025001525878906,50.130001068115234,161161,0.0,0.0
2023-02-21 10:30:00-05:00,50.11000061035156,50.15999984741211,49.65999984741211,49.7400016784668,246306,0.0,0.0
2023-02-21 11:30:00-05:00,49.72999954223633,49.77000045776367,49.54999923706055,49.630001068115234,96814,0.0,0.0
2023-02-21 12:30:00-05:00,49.619998931884766,49.77000045776367,49.56999969482422,49.58000183105469,95152,0.0,0.0
2023-02-21 13:30:00-05:00,49.584999084472656,49.60499954223633,49.310001373291016,49.45000076293945,109297,0.0,0.0
2023-02-21 14:30:00-05:00,49.439998626708984,49.95000076293945,49.43000030517578,49.90999984741211,161353,0.0,0.0
2023-02-21 15:30:00-05:00,49.91999816894531,50.06999969482422,49.755001068115234,49.81999969482422,284044,0.0,0.0
2023-02-22 09:30:00-05:00,49.70000076293945,49.900001525878906,49.56999969482422,49.59000015258789,131171,0.0,0.0
2023-02-22 10:30:00-05:00,49.56999969482422,49.66999816894531,49.400001525878906,49.5099983215332,92740,0.0,0.0
2023-02-22 11:30:00-05:00,49.5099983215332,49.650001525878906,49.36000061035156,49.59000015258789,74782,0.0,0.0
2023-02-22 12:30:00-05:00,49.599998474121094,49.7599983215332,49.540000915527344,49.720001220703125,84530,0.0,0.0
2023-02-22 13:30:00-05:00,49.709999084472656,49.75,49.474998474121094,49.47999954223633,136801,0.0,0.0
2023-02-22 14:30:00-05:00,49.459999084472656,49.47999954223633,48.9900016784668,49.06999969482422,253981,0.0,0.0
2023-02-22 15:30:00-05:00,49.064998626708984,49.34000015258789,48.95500183105469,49.31999969482422,296107,0.0,0.0
2023-02-23 09:30:00-05:00,49.65999984741211,50.0,49.099998474121094,49.189998626708984,156087,0.0,0.0
2023-02-23 10:30:00-05:00,49.209999084472656,49.2400016784668,48.84000015258789,49.029998779296875,134004,0.0,0.0
2023-02-23 11:30:00-05:00,49.029998779296875,49.060001373291016,48.869998931884766,48.95500183105469,91621,0.0,0.0
2023-02-23 12:30:00-05:00,48.95000076293945,49.130001068115234,48.939998626708984,49.09000015258789,77542,0.0,0.0
2023-02-23 13:30:00-05:00,49.08000183105469,49.33000183105469,48.970001220703125,49.29999923706055,101042,0.0,0.0
2023-02-23 14:30:00-05:00,49.290000915527344,49.54999923706055,49.244998931884766,49.52000045776367,154611,0.0,0.0
2023-02-23 15:30:00-05:00,49.52000045776367,49.529998779296875,49.26499938964844,49.36000061035156,203974,0.0,0.0
2023-02-24 09:30:00-05:00,48.79999923706055,49.359901428222656,48.630001068115234,49.27000045776367,180152,0.0,0.0
2023-02-24 10:30:00-05:00,49.290000915527344,49.5099983215332,49.11000061035156,49.474998474121094,70800,0.0,0.0
2023-02-24 11:30:00-05:00,49.459999084472656,49.61249923706055,49.369998931884766,49.61000061035156,63502,0.0,0.0
2023-02-24 12:30:00-05:00,49.619998931884766,49.790000915527344,49.459999084472656,49.709999084472656,144864,0.0,0.0
2023-02-24 13:30:00-05:00,49.72999954223633,49.95000076293945,49.599998474121094,49.88999938964844,83162,0.0,0.0
2023-02-24 14:30:00-05:00,49.880001068115234,50.2400016784668,49.78499984741211,50.11000061035156,276358,0.0,0.0
2023-02-24 15:30:00-05:00,50.099998474121094,50.310001373291016,49.939998626708984,50.279998779296875,303838,0.0,0.0
2023-02-27 09:30:00-05:00,50.810001373291016,51.189998626708984,50.654998779296875,51.119998931884766,171918,0.0,0.0
2023-02-27 10:30:00-05:00,51.08000183105469,51.13999938964844,50.66999816894531,50.76499938964844,178854,0.0,0.0
2023-02-27 11:30:00-05:00,50.76900100708008,50.779998779296875,50.529998779296875,50.630001068115234,90555,0.0,0.0
2023-02-27 12:30:00-05:00,50.630001068115234,50.720001220703125,50.54999923706055,50.54999923706055,89327,0.0,0.0
2023-02-27 13:30:00-05:00,50.55500030517578,50.709999084472656,50.470001220703125,50.650001525878906,89132,0.0,0.0
2023-02-27 14:30:00-05:00,50.65999984741211,50.66999816894531,50.349998474121094,50.459999084472656,162362,0.0,0.0
2023-02-27 15:30:00-05:00,50.45000076293945,50.5,50.334999084472656,50.40999984741211,226269,0.0,0.0
2023-02-28 09:30:00-05:00,50.689998626708984,50.814998626708984,50.459999084472656,50.52000045776367,123994,0.0,0.0
2023-02-28 10:30:00-05:00,50.529998779296875,50.900001525878906,50.4900016784668,50.7400016784668,157086,0.0,0.0
2023-02-28 11:30:00-05:00,50.7400016784668,50.84000015258789,50.63999938964844,50.75,136130,0.0,0.0
2023-02-28 12:30:00-05:00,50.810001373291016,51.04999923706055,50.709999084472656,51.0099983215332,64869,0.0,0.0
2023-02-28 13:30:00-05:00,51.0099983215332,51.02000045776367,50.810001373291016,50.939998626708984,153056,0.0,0.0
2023-02-28 14:30:00-05:00,50.93000030517578,50.97999954223633,50.61000061035156,50.61000061035156,190937,0.0,0.0
2023-02-28 15:30:00-05:00,50.599998474121094,50.880001068115234,50.4900016784668,50.61000061035156,312672,0.0,0.0
2023-03-01 09:30:00-05:00,50.2599983215332,50.59000015258789,50.099998474121094,50.54499816894531,159527,0.0,0.0
2023-03-01 10:30:00-05:00,50.529998779296875,50.959999084472656,50.42499923706055,50.595001220703125,155472,0.0,0.0
2023-03-01 11:30:00-05:00,50.59000015258789,50.80500030517578,50.560001373291016,50.599998474121094,131616,0.0,0.0
2023-03-01 12:30:00-05:00,50.619998931884766,50.7599983215332,50.470001220703125,50.4900016784668,111749,0.0,0.0
2023-03-01 13:30:00-05:00,50.47999954223633,50.59000015258789,50.290000915527344,50.290000915527344,98416,0.0,0.0
2023-03-01 14:30:00-05:00,50.290000915527344,50.369998931884766,50.20000076293945,50.290000915527344,125239,0.0,0.0
2023-03-01 15:30:00-05:00,50.279998779296875,50.5,50.279998779296875,50.45000076293945,193081,0.0,0.0
2023-03-02 09:30:00-05:00,49.970001220703125,49.970001220703125,48.459999084472656,48.80500030517578,0,0.0,0.0
2023-03-02 10:30:00-05:00,48.810001373291016,48.970001220703125,48.42499923706055,48.650001525878906,179198,0.0,0.0
2023-03-02 11:30:00-05:00,48.65999984741211,48.720001220703125,48.09000015258789,48.21500015258789,155527,0.0,0.0
2023-03-02 12:30:00-05:00,48.20000076293945,48.275001525878906,47.959999084472656,47.970001220703125,125001,0.0,0.0
2023-03-02 13:30:00-05:00,47.970001220703125,48.540000915527344,47.91999816894531,48.36000061035156,109922,0.0,0.0
2023-03-02 14:30:00-05:00,48.36000061035156,48.400001525878906,48.10499954223633,48.220001220703125,206626,0.0,0.0
2023-03-02 15:30:00-05:00,48.22999954223633,48.439998626708984,48.119998931884766,48.310001373291016,314753,0.0,0.0
2023-03-03 09:30:00-05:00,48.63999938964844,48.87990188598633,48.380001068115234,48.83000183105469,154677,0.0,0.0
2023-03-03 10:30:00-05:00,48.81999969482422,48.93000030517578,48.65999984741211,48.720001220703125,125985,0.0,0.0
2023-03-03 11:30:00-05:00,48.72999954223633,48.970001220703125,48.65999984741211,48.79999923706055,147547,0.0,0.0
2023-03-03 12:30:00-05:00,48.779998779296875,49.0099983215332,48.7599983215332,48.869998931884766,100158,0.0,0.0
2023-03-03 13:30:00-05:00,48.849998474121094,49.09000015258789,48.810001373291016,49.0099983215332,158182,0.0,0.0
2023-03-03 14:30:00-05:00,49.0099983215332,49.189998626708984,48.970001220703125,49.13999938964844,183717,0.0,0.0
2023-03-03 15:30:00-05:00,49.13999938964844,49.25,49.02000045776367,49.220001220703125,350380,0.0,0.0
2023-03-06 09:30:00-05:00,49.41999816894531,49.84000015258789,49.18000030517578,49.66999816894531,209962,0.0,0.0
2023-03-06 10:30:00-05:00,49.68000030517578,49.70000076293945,49.26499938964844,49.27000045776367,169370,0.0,0.0
2023-03-06 11:30:00-05:00,49.27000045776367,49.31999969482422,49.06999969482422,49.11000061035156,113316,0.0,0.0
2023-03-06 12:30:00-05:00,49.11090087890625,49.13999938964844,48.81999969482422,48.88999938964844,172089,0.0,0.0
2023-03-06 13:30:00-05:00,48.88999938964844,48.89500045776367,48.69499969482422,48.869998931884766,152966,0.0,0.0
2023-03-06 14:30:00-05:00,48.869998931884766,49.11000061035156,48.84000015258789,48.939998626708984,184919,0.0,0.0
2023-03-06 15:30:00-05:00,48.91999816894531,48.95000076293945,48.724998474121094,48.7599983215332,278772,0.0,0.0
2023-03-07 09:30:00-05:00,48.33000183105469,48.38999938964844,47.2400016784668,47.29499816894531,300611,0.0,0.0
2023-03-07 10:30:00-05:00,47.2599983215332,47.38999938964844,46.529998779296875,46.720001220703125,289152,0.0,0.0
2023-03-07 11:30:00-05:00,46.72999954223633,46.849998474121094,46.33000183105469,46.529998779296875,292270,0.0,0.0
2023-03-07 12:30:00-05:00,46.540000915527344,46.689998626708984,46.13999938964844,46.185001373291016,245609,0.0,0.0
2023-03-07 13:30:00-05:00,46.18000030517578,46.5099983215332,45.959999084472656,46.4900016784668,285149,0.0,0.0
2023-03-07 14:30:00-05:00,46.5099983215332,46.59000015258789,46.16999816894531,46.2599983215332,247255,0.0,0.0
2023-03-07 15:30:00-05:00,46.2400016784668,46.4900016784668,46.2400016784668,46.439998626708984,324203,0.0,0.0
2023-03-08 09:30:00-05:00,46.65999984741211,47.36000061035156,46.349998474121094,47.2400016784668,395764,0.0,0.0
2023-03-08 10:30:00-05:00,47.22999954223633,47.380001068115234,46.93000030517578,46.970001220703125,232659,0.0,0.0
2023-03-08 11:30:00-05:00,47.0,47.11000061035156,46.7400016784668,46.93000030517578,120476,0.0,0.0
2023-03-08 12:30:00-05:00,46.93000030517578,46.994998931884766,46.59000015258789,46.60499954223633,171819,0.0,0.0
2023-03-08 13:30:00-05:00,46.61000061035156,46.654998779296875,46.33000183105469,46.4900016784668,156921,0.0,0.0
2023-03-08 14:30:00-05:00,46.5,46.51300048828125,46.279998779296875,46.375,185986,0.0,0.0
2023-03-08 15:30:00-05:00,46.369998931884766,46.689998626708984,46.33000183105469,46.68000030517578,273245,0.0,0.0
2023-03-09 09:30:00-05:00,45.83000183105469,45.90999984741211,43.439998626708984,43.810001373291016,1037028,0.0,0.0
2023-03-09 10:30:00-05:00,43.810001373291016,43.86000061035156,42.638099670410156,42.7599983215332,615998,0.0,0.0
2023-03-09 11:30:00-05:00,42.77000045776367,43.11000061035156,42.5099983215332,42.88999938964844,515488,0.0,0.0
2023-03-09 12:30:00-05:00,42.88999938964844,43.0,42.38999938964844,42.619998931884766,518119,0.0,0.0
2023-03-09 13:30:00-05:00,42.619998931884766,42.66999816894531,42.18000030517578,42.40999984741211,389760,0.0,0.0
2023-03-09 14:30:00-05:00,42.40999984741211,42.40999984741211,40.84000015258789,40.84000015258789,859056,0.0,0.0
2023-03-09 15:30:00-05:00,40.84000015258789,41.619998931884766,40.810001373291016,41.36000061035156,1029240,0.0,0.0
2023-03-10 09:30:00-05:00,37.6879997253418,41.04999923706055,34.38999938964844,40.7400016784668,3917340,0.0,0.0
2023-03-10 10:30:00-05:00,40.73500061035156,42.15999984741211,39.2599983215332,42.13999938964844,1467941,0.0,0.0
2023-03-10 11:30:00-05:00,42.150001525878906,42.57550048828125,39.500099182128906,39.66999816894531,1347367,0.0,0.0
2023-03-10 12:30:00-05:00,39.66999816894531,40.189998626708984,39.03010177612305,39.04999923706055,512749,0.0,0.0
2023-03-10 13:30:00-05:00,39.04059982299805,39.935001373291016,39.005001068115234,39.89500045776367,1173547,0.0,0.0
2023-03-10 14:30:00-05:00,39.90999984741211,40.45000076293945,39.81999969482422,40.279998779296875,1519782,0.0,0.0
2023-03-10 15:30:00-05:00,40.2599983215332,40.41999816894531,40.04999923706055,40.34000015258789,1063353,0.0,0.0
2023-03-13 09:30:00-04:00,26.25,30.290000915527344,22.549999237060547,26.760000228881836,6652162,0.0,0.0
2023-03-13 10:30:00-04:00,26.719999313354492,35.209999084472656,25.799999237060547,35.209999084472656,5971612,0.0,0.0
2023-03-13 11:30:00-04:00,37.0,37.25,29.25,29.989900588989258,3053856,0.0,0.0
2023-03-13 12:30:00-04:00,29.979999542236328,31.579999923706055,29.139999389648438,30.809999465942383,2181084,0.0,0.0
2023-03-13 13:30:00-04:00,30.80500030517578,33.849998474121094,30.1299991607666,33.43000030517578,2295483,0.0,0.0
2023-03-13 14:30:00-04:00,33.439998626708984,34.31990051269531,29.799999237060547,31.09000015258789,3560829,0.0,0.0
2023-03-13 15:30:00-04:00,31.079999923706055,31.24180030822754,29.90999984741211,29.959999084472656,1798940,0.0,0.0
2023-03-14 09:30:00-04:00,36.18000030517578,36.9900016784668,32.86000061035156,34.15999984741211,4290696,0.0,0.0
2023-03-14 10:30:00-04:00,34.119998931884766,35.46799850463867,33.77000045776367,34.8650016784668,1311510,0.0,0.0
2023-03-14 11:30:00-04:00,34.85499954223633,34.970001220703125,33.13999938964844,33.172698974609375,1288778,0.0,0.0
2023-03-14 12:30:00-04:00,33.16999816894531,33.47999954223633,27.690000534057617,30.715900421142578,3802321,0.0,0.0
2023-03-14 13:30:00-04:00,30.68000030517578,31.1825008392334,29.799999237060547,30.280000686645508,1369091,0.0,0.0
2023-03-14 14:30:00-04:00,30.329999923706055,30.94499969482422,28.5,28.709999084472656,2088666,0.0,0.0
2023-03-14 15:30:00-04:00,28.709999084472656,31.959999084472656,28.360000610351562,31.34000015258789,2590171,0.0,0.0
2023-03-15 09:30:00-04:00,29.93000030517578,32.0,28.520000457763672,31.420000076293945,3140174,0.0,0.0
2023-03-15 10:30:00-04:00,31.399999618530273,31.899999618530273,30.729999542236328,31.200000762939453,1189110,0.0,0.0
2023-03-15 11:30:00-04:00,31.15999984741211,31.68000030517578,30.729999542236328,30.809799194335938,741056,0.0,0.0
2023-03-15 12:30:00-04:00,30.780000686645508,31.110000610351562,30.030000686645508,30.799999237060547,983227,0.0,0.0
2023-03-15 13:30:00-04:00,30.79010009765625,30.8799991607666,29.889999389648438,30.614999771118164,728501,0.0,0.0
2023-03-15 14:30:00-04:00,30.649900436401367,31.200000762939453,30.3799991607666,30.709999084472656,914430,0.0,0.0
2023-03-15 15:30:00-04:00,30.700000762939453,30.940000534057617,30.520000457763672,30.75,996765,0.0,0.0
2023-03-16 09:30:00-04:00,29.940000534057617,30.040000915527344,28.1299991607666,28.15999984741211,2472878,0.0,0.0
2023-03-16 10:30:00-04:00,28.15999984741211,30.56999969482422,28.059999465942383,30.139999389648438,2302269,0.0,0.0
2023-03-16 11:30:00-04:00,30.110000610351562,31.299999237060547,29.93000030517578,30.88800048828125,1032536,0.0,0.0
2023-03-16 12:30:00-04:00,30.889999389648438,33.95000076293945,30.7450008392334,32.4900016784668,2253938,0.0,0.0
2023-03-16 13:30:00-04:00,32.4900016784668,32.83000183105469,31.56999969482422,31.719999313354492,916867,0.0,0.0
2023-03-16 14:30:00-04:00,31.670000076293945,31.749900817871094,30.899999618530273,31.579999923706055,962210,0.0,0.0
2023-03-16 15:30:00-04:00,31.59000015258789,32.150001525878906,31.540000915527344,32.119998931884766,1130982,0.0,0.0
2023-03-17 09:30:00-04:00,31.670000076293945,31.690000534057617,30.295000076293945,31.040000915527344,2028298,0.0,0.0
2023-03-17 10:30:00-04:00,31.030000686645508,31.389999389648438,29.530000686645508,29.690000534057617,1676425,0.0,0.0
2023-03-17 11:30:00-04:00,29.709999084472656,30.575000762939453,29.600000381469727,30.549999237060547,780156,0.0,0.0
2023-03-17 12:30:00-04:00,30.549999237060547,30.8700008392334,29.684999465942383,29.8799991607666,529948,0.0,0.0
2023-03-17 13:30:00-04:00,29.8700008392334,30.305999755859375,29.670000076293945,29.915000915527344,570773,0.0,0.0
2023-03-17 14:30:00-04:00,29.889999389648438,30.139999389648438,29.719999313354492,29.90999984741211,1061978,0.0,0.0
2023-03-17 15:30:00-04:00,29.90999984741211,29.979999542236328,29.350000381469727,29.81999969482422,1667875,0.0,0.0
2023-03-20 09:30:00-04:00,30.850000381469727,32.619998931884766,30.610000610351562,31.75,1924435,0.0,0.0
2023-03-20 10:30:00-04:00,31.719999313354492,32.130001068115234,30.989999771118164,31.530000686645508,922346,0.0,0.0
2023-03-20 11:30:00-04:00,31.549999237060547,31.549999237060547,29.799999237060547,30.18000030517578,763555,0.0,0.0
2023-03-20 12:30:00-04:00,30.190000534057617,30.739999771118164,29.799999237060547,30.399999618530273,972287,0.0,0.0
2023-03-20 13:30:00-04:00,30.389299392700195,30.5,30.06999969482422,30.309999465942383,570002,0.0,0.0
2023-03-20 14:30:00-04:00,30.31999969482422,30.459999084472656,29.889999389648438,30.229999542236328,865503,0.0,0.0
2023-03-20 15:30:00-04:00,30.239999771118164,30.469999313354492,30.139999389648438,30.170000076293945,991005,0.0,0.0
2023-03-21 09:30:00-04:00,31.729999542236328,32.599998474121094,31.389999389648438,31.70800018310547,1678362,0.0,0.0
2023-03-21 10:30:00-04:00,31.729999542236328,32.65999984741211,31.635000228881836,32.380001068115234,1287234,0.0,0.0
2023-03-21 11:30:00-04:00,32.380001068115234,32.63999938964844,32.0099983215332,32.54999923706055,533333,0.0,0.0
2023-03-21 12:30:00-04:00,32.560001373291016,32.92499923706055,32.349998474121094,32.77000045776367,657374,0.0,0.0
2023-03-21 13:30:00-04:00,32.779998779296875,33.08000183105469,32.040000915527344,32.04999923706055,736415,0.0,0.0
2023-03-21 14:30:00-04:00,32.06999969482422,32.119998931884766,31.40999984741211,32.08000183105469,1366752,0.0,0.0
2023-03-21 15:30:00-04:00,32.09000015258789,32.5,31.950000762939453,32.29999923706055,1406081,0.0,0.0
2023-03-22 09:30:00-04:00,32.290000915527344,33.040000915527344,31.709999084472656,32.48500061035156,1296345,0.0,0.0
2023-03-22 10:30:00-04:00,32.48500061035156,32.529998779296875,31.360000610351562,31.389999389648438,1016822,0.0,0.0
2023-03-22 11:30:00-04:00,31.399999618530273,31.940000534057617,31.3700008392334,31.8799991607666,480845,0.0,0.0
2023-03-22 12:30:00-04:00,31.8799991607666,31.899999618530273,31.43000030517578,31.59000015258789,491199,0.0,0.0
2023-03-22 13:30:00-04:00,31.600000381469727,32.029998779296875,31.229999542236328,31.350000381469727,651333,0.0,0.0
2023-03-22 14:30:00-04:00,31.350000381469727,31.690000534057617,30.649999618530273,30.940000534057617,1387612,0.0,0.0
2023-03-22 15:30:00-04:00,30.93000030517578,30.979999542236328,30.09000015258789,30.110000610351562,1225787,0.0,0.0
2023-03-23 09:30:00-04:00,30.389999389648438,30.780000686645508,29.049999237060547,29.409900665283203,1578621,0.0,0.0
2023-03-23 10:30:00-04:00,29.3799991607666,29.760000228881836,29.06999969482422,29.251800537109375,857550,0.0,0.0
2023-03-23 11:30:00-04:00,29.270000457763672,29.59000015258789,28.329999923706055,28.829999923706055,1206918,0.0,0.0
2023-03-23 12:30:00-04:00,28.8700008392334,28.90999984741211,28.139999389648438,28.209999084472656,837436,0.0,0.0
2023-03-23 13:30:00-04:00,28.190000534057617,28.549999237060547,27.889999389648438,27.90999984741211,664134,0.0,0.0
2023-03-23 14:30:00-04:00,27.899999618530273,28.610000610351562,27.309999465942383,27.309999465942383,1662836,0.0,0.0
2023-03-23 15:30:00-04:00,27.299999237060547,27.5049991607666,27.0,27.440000534057617,2098552,0.0,0.0
2023-03-24 09:30:00-04:00,27.325000762939453,28.020000457763672,26.040000915527344,27.170000076293945,2919537,0.0,0.0
2023-03-24 10:30:00-04:00,27.170000076293945,27.670000076293945,26.67099952697754,27.110000610351562,1606646,0.0,0.0
2023-03-24 11:30:00-04:00,27.09000015258789,28.309999465942383,26.93000030517578,27.729999542236328,2112869,0.0,0.0
2023-03-24 12:30:00-04:00,27.739999771118164,28.2450008392334,27.649999618530273,28.19499969482422,721905,0.0,0.0
2023-03-24 13:30:00-04:00,28.200000762939453,28.850000381469727,28.200000762939453,28.570100784301758,809665,0.0,0.0
2023-03-24 14:30:00-04:00,28.549999237060547,28.809999465942383,27.97010040283203,28.104999542236328,963595,0.0,0.0
2023-03-24 15:30:00-04:00,28.104999542236328,28.239999771118164,28.024900436401367,28.229999542236328,1172081,0.0,0.0
2023-03-27 09:30:00-04:00,29.8799991607666,30.989999771118164,28.690000534057617,28.729999542236328,2299955,0.0,0.0
2023-03-27 10:30:00-04:00,28.719999313354492,28.8700008392334,28.420000076293945,28.639999389648438,949098,0.0,0.0
2023-03-27 11:30:00-04:00,28.6299991607666,29.219999313354492,28.59000015258789,29.030000686645508,744011,0.0,0.0
2023-03-27 12:30:00-04:00,29.059999465942383,29.25,28.8799991607666,29.139999389648438,692298,0.0,0.0
2023-03-27 13:30:00-04:00,29.139999389648438,29.469999313354492,29.049999237060547,29.40999984741211,782668,0.0,0.0
2023-03-27 14:30:00-04:00,29.40999984741211,30.040000915527344,29.40999984741211,29.829999923706055,1010977,0.0,0.0
2023-03-27 15:30:00-04:00,29.81999969482422,29.834999084472656,29.25,29.350000381469727,1033967,0.0,0.0
2023-03-28 09:30:00-04:00,29.3799991607666,29.979999542236328,28.959999084472656,29.84000015258789,490769,0.0,0.0
2023-03-28 10:30:00-04:00,29.84000015258789,29.860000610351562,29.450000762939453,29.524999618530273,340323,0.0,0.0
2023-03-28 11:30:00-04:00,29.510000228881836,29.600000381469727,29.399999618530273,29.540000915527344,318056,0.0,0.0
2023-03-28 12:30:00-04:00,29.549999237060547,29.639999389648438,29.079999923706055,29.100000381469727,339765,0.0,0.0
2023-03-28 13:30:00-04:00,29.09000015258789,29.579999923706055,29.079999923706055,29.520000457763672,372827,0.0,0.0
2023-03-28 14:30:00-04:00,29.530000686645508,29.940000534057617,29.520000457763672,29.8799991607666,409426,0.0,0.0
2023-03-28 15:30:00-04:00,29.8799991607666,30.06999969482422,29.709999084472656,29.969999313354492,574730,0.0,0.0
2023-03-29 09:30:00-04:00,30.5,30.84000015258789,30.219999313354492,30.479999542236328,423303,0.0,0.0
2023-03-29 10:30:00-04:00,30.479999542236328,30.639999389648438,30.1299991607666,30.6200008392334,281078,0.0,0.0
2023-03-29 11:30:00-04:00,30.6200008392334,30.90999984741211,30.434999465942383,30.860000610351562,335281,0.0,0.0
2023-03-29 12:30:00-04:00,30.851200103759766,31.18000030517578,30.770000457763672,31.045000076293945,369301,0.0,0.0
2023-03-29 13:30:00-04:00,31.040000915527344,31.114999771118164,30.790000915527344,30.93000030517578,321589,0.0,0.0
2023-03-29 14:30:00-04:00,30.950000762939453,31.309999465942383,30.940000534057617,30.969999313354492,461584,0.0,0.0
2023-03-29 15:30:00-04:00,30.959999084472656,31.299999237060547,30.889999389648438,31.059999465942383,721781,0.0,0.0
2023-03-30 09:30:00-04:00,31.469999313354492,31.8799991607666,31.06999969482422,31.18000030517578,711288,0.0,0.0
2023-03-30 10:30:00-04:00,31.18000030517578,31.450000762939453,30.719999313354492,30.889999389648438,394717,0.0,0.0
2023-03-30 11:30:00-04:00,30.889999389648438,31.079999923706055,30.530000686645508,30.530000686645508,404623,0.0,0.0
2023-03-30 12:30:00-04:00,30.514999389648438,30.700000762939453,30.3700008392334,30.610000610351562,308820,0.0,0.0
2023-03-30 13:30:00-04:00,30.610000610351562,30.639999389648438,30.315000534057617,30.559900283813477,419666,0.0,0.0
2023-03-30 14:30:00-04:00,30.549999237060547,30.639999389648438,30.06999969482422,30.09000015258789,419959,0.0,0.0
2023-03-30 15:30:00-04:00,30.094999313354492,30.43000030517578,30.09000015258789,30.290000915527344,799549,0.0,0.0
2023-03-31 09:30:00-04:00,30.510000228881836,30.8799991607666,29.399999618530273,29.540000915527344,914206,0.0,0.0
2023-03-31 10:30:00-04:00,29.559999465942383,29.68199920654297,29.299999237060547,29.621999740600586,814704,0.0,0.0
2023-03-31 11:30:00-04:00,29.625,29.920000076293945,29.354999542236328,29.739999771118164,448902,0.0,0.0
2023-03-31 12:30:00-04:00,29.71500015258789,30.079999923706055,29.579999923706055,30.065000534057617,351062,0.0,0.0
2023-03-31 13:30:00-04:00,30.065000534057617,30.06999969482422,29.739999771118164,29.780000686645508,300494,0.0,0.0
2023-03-31 14:30:00-04:00,29.780000686645508,29.84000015258789,29.56999969482422,29.809999465942383,330521,0.0,0.0
2023-03-31 15:30:00-04:00,29.799999237060547,29.969999313354492,29.670000076293945,29.940000534057617,617696,0.0,0.0
2023-04-03 09:30:00-04:00,30.290000915527344,30.519899368286133,29.790000915527344,29.920000076293945,679207,0.0,0.0
2023-04-03 10:30:00-04:00,29.93000030517578,29.989999771118164,29.020000457763672,29.139999389648438,611948,0.0,0.0
2023-04-03 11:30:00-04:00,29.135000228881836,29.309999465942383,28.854999542236328,29.08989906311035,468723,0.0,0.0
2023-04-03 12:30:00-04:00,29.079999923706055,29.25819969177246,28.860000610351562,28.895000457763672,327341,0.0,0.0
2023-04-03 13:30:00-04:00,28.899999618530273,29.1299991607666,28.8799991607666,29.09000015258789,401653,0.0,0.0
2023-04-03 14:30:00-04:00,29.059999465942383,29.549999237060547,29.049999237060547,29.200000762939453,600504,0.0,0.0
2023-04-03 15:30:00-04:00,29.200000762939453,29.260000228881836,29.079999923706055,29.110000610351562,667642,0.0,0.0
2023-04-04 09:30:00-04:00,29.170000076293945,29.344999313354492,27.604999542236328,27.670000076293945,903620,0.0,0.0
2023-04-04 10:30:00-04:00,27.68000030517578,27.700000762939453,26.8799991607666,26.940000534057617,981984,0.0,0.0
2023-04-04 11:30:00-04:00,26.93000030517578,27.469999313354492,26.885000228881836,27.459999084472656,789040,0.0,0.0
2023-04-04 12:30:00-04:00,27.459999084472656,27.670000076293945,27.420000076293945,27.59000015258789,566760,0.0,0.0
2023-04-04 13:30:00-04:00,27.600000381469727,27.829999923706055,27.334999084472656,27.34000015258789,605703,0.0,0.0
2023-04-04 14:30:00-04:00,27.341999053955078,27.440000534057617,27.219999313354492,27.31999969482422,623774,0.0,0.0
2023-04-04 15:30:00-04:00,27.31999969482422,27.790000915527344,27.290000915527344,27.700000762939453,1171962,0.0,0.0
2023-04-05 09:30:00-04:00,27.729999542236328,28.010000228881836,26.93000030517578,27.1200008392334,1748471,0.0,0.0
2023-04-05 10:30:00-04:00,27.149999618530273,27.82990074157715,27.010000228881836,27.540000915527344,791870,0.0,0.0
2023-04-05 11:30:00-04:00,27.549999237060547,27.549999237060547,27.010000228881836,27.149999618530273,995642,0.0,0.0
2023-04-05 12:30:00-04:00,27.139999389648438,27.950000762939453,27.06999969482422,27.559999465942383,737431,0.0,0.0
2023-04-05 13:30:00-04:00,27.568500518798828,28.270000457763672,27.270000457763672,28.028499603271484,1421039,0.0,0.0
2023-04-05 14:30:00-04:00,28.014999389648438,28.395999908447266,27.760000228881836,28.360000610351562,1019104,0.0,0.0
2023-04-05 15:30:00-04:00,28.3700008392334,28.829999923706055,28.230100631713867,28.6299991607666,2161668,0.0,0.0
2023-04-06 09:30:00-04:00,28.5,30.020000457763672,28.5,29.40999984741211,1330205,0.0,0.0
2023-04-06 10:30:00-04:00,29.399999618530273,29.799999237060547,29.110000610351562,29.229999542236328,737214,0.0,0.0
2023-04-06 11:30:00-04:00,29.229999542236328,29.5,29.1299991607666,29.329999923706055,457535,0.0,0.0
2023-04-06 12:30:00-04:00,29.31999969482422,29.790000915527344,29.209999084472656,29.530000686645508,585455,0.0,0.0
2023-04-06 13:30:00-04:00,29.530000686645508,29.540000915527344,29.1200008392334,29.260000228881836,673340,0.0,0.0
2023-04-06 14:30:00-04:00,29.25,29.43000030517578,29.1299991607666,29.295000076293945,704285,0.0,0.0
2023-04-06 15:30:00-04:00,29.295000076293945,29.485000610351562,29.269899368286133,29.399999618530273,995795,0.0,0.0
2023-04-10 09:30:00-04:00,29.1299991607666,29.969999313354492,28.700000762939453,29.93000030517578,681705,0.0,0.0
2023-04-10 10:30:00-04:00,29.950000762939453,30.06999969482422,29.459999084472656,29.510000228881836,384074,0.0,0.0
2023-04-10 11:30:00-04:00,29.510000228881836,29.549999237060547,29.15999984741211,29.170000076293945,385946,0.0,0.0
2023-04-10 12:30:00-04:00,29.190000534057617,29.719999313354492,29.15999984741211,29.690000534057617,338629,0.0,0.0
2023-04-10 13:30:00-04:00,29.700000762939453,30.09000015258789,29.65019989013672,29.860000610351562,543011,0.0,0.0
2023-04-10 14:30:00-04:00,29.860000610351562,29.90999984741211,29.700000762939453,29.809999465942383,370101,0.0,0.0
2023-04-10 15:30:00-04:00,29.81999969482422,29.90999984741211,29.704999923706055,29.8799991607666,481996,0.0,0.0
2023-04-11 09:30:00-04:00,30.1200008392334,30.5,29.8700008392334,30.149999618530273,554052,0.0,0.0
2023-04-11 10:30:00-04:00,30.139999389648438,30.25,29.760000228881836,30.049999237060547,345593,0.0,0.0
2023-04-11 11:30:00-04:00,30.059999465942383,30.440000534057617,29.8700008392334,30.420000076293945,272751,0.0,0.0
2023-04-11 12:30:00-04:00,30.412099838256836,30.479999542236328,30.30500030517578,30.40999984741211,421002,0.0,0.0
2023-04-11 13:30:00-04:00,30.40999984741211,30.56999969482422,30.31999969482422,30.325000762939453,769906,0.0,0.0
2023-04-11 14:30:00-04:00,30.329999923706055,30.479999542236328,30.229999542236328,30.3799991607666,664867,0.0,0.0
2023-04-11 15:30:00-04:00,30.389999389648438,30.450000762939453,30.09000015258789,30.100000381469727,561671,0.0,0.0
2023-04-12 09:30:00-04:00,30.209999084472656,30.520000457763672,29.65999984741211,29.81100082397461,480085,0.0,0.0
2023-04-12 10:30:00-04:00,29.809999465942383,29.950000762939453,29.540000915527344,29.8700008392334,432306,0.0,0.0
2023-04-12 11:30:00-04:00,29.8700008392334,30.350000381469727,29.84000015258789,30.28499984741211,362384,0.0,0.0
2023-04-12 12:30:00-04:00,30.299999237060547,30.729999542236328,30.200000762939453,30.729999542236328,415829,0.0,0.0
2023-04-12 13:30:00-04:00,30.709999084472656,30.780000686645508,30.489999771118164,30.549999237060547,346834,0.0,0.0
2023-04-12 14:30:00-04:00,30.540000915527344,30.610000610351562,30.360000610351562,30.3799991607666,406218,0.0,0.0
2023-04-12 15:30:00-04:00,30.360000610351562,30.42650032043457,30.170000076293945,30.290000915527344,495014,0.0,0.0
2023-04-13 09:30:00-04:00,30.459999084472656,30.55500030517578,29.790000915527344,30.542999267578125,453637,0.0,0.0
2023-04-13 10:30:00-04:00,30.545000076293945,30.850000381469727,30.420000076293945,30.760000228881836,353194,0.0,0.0
2023-04-13 11:30:00-04:00,30.729999542236328,31.049999237060547,30.729999542236328,30.809999465942383,433515,0.0,0.0
2023-04-13 12:30:00-04:00,30.809999465942383,31.239999771118164,30.799999237060547,31.170000076293945,426328,0.0,0.0
2023-04-13 13:30:00-04:00,31.149999618530273,31.190000534057617,30.93000030517578,31.0,252306,0.0,0.0
2023-04-13 14:30:00-04:00,31.0,31.309999465942383,30.969999313354492,31.18000030517578,433978,0.0,0.0
2023-04-13 15:30:00-04:00,31.184999465942383,31.209999084472656,31.049999237060547,31.149999618530273,495061,0.0,0.0
2023-04-14 09:30:00-04:00,31.84000015258789,31.889999389648438,30.645000457763672,30.8700008392334,867000,0.0,0.0
2023-04-14 10:30:00-04:00,30.81999969482422,30.899999618530273,30.309999465942383,30.3700008392334,491797,0.0,0.0
2023-04-14 11:30:00-04:00,30.389999389648438,30.520000457763672,30.010000228881836,30.020000457763672,387171,0.0,0.0
2023-04-14 12:30:00-04:00,30.011600494384766,30.31999969482422,30.010000228881836,30.09000015258789,322497,0.0,0.0
2023-04-14 13:30:00-04:00,30.09000015258789,30.15999984741211,29.84000015258789,30.040000915527344,303740,0.0,0.0
2023-04-14 14:30:00-04:00,30.049999237060547,30.139999389648438,29.719999313354492,29.799999237060547,635426,0.0,0.0
2023-04-14 15:30:00-04:00,29.809999465942383,30.030000686645508,29.799800872802734,29.969999313354492,597812,0.0,0.0
2023-04-17 09:30:00-04:00,29.809999465942383,30.079999923706055,29.06999969482422,30.0,406445,0.0,0.0
2023-04-17 10:30:00-04:00,30.0,30.399999618530273,29.950000762939453,30.239999771118164,440671,0.0,0.0
2023-04-17 11:30:00-04:00,30.229999542236328,30.69569969177246,30.149999618530273,30.6200008392334,566361,0.0,0.0
2023-04-17 12:30:00-04:00,30.610000610351562,30.799999237060547,30.329999923706055,30.5049991607666,753708,0.0,0.0
2023-04-17 13:30:00-04:00,30.510000228881836,30.735000610351562,30.3799991607666,30.735000610351562,643392,0.0,0.0
2023-04-17 14:30:00-04:00,30.735000610351562,31.046300888061523,30.68000030517578,30.985000610351562,502851,0.0,0.0
2023-04-17 15:30:00-04:00,30.979999542236328,30.979999542236328,30.799999237060547,30.93000030517578,715773,0.0,0.0
2023-04-18 09:30:00-04:00,31.110000610351562,31.1200008392334,29.780099868774414,29.81999969482422,676274,0.0,0.0
2023-04-18 10:30:00-04:00,29.809999465942383,30.1299991607666,29.709999084472656,30.09000015258789,356209,0.0,0.0
2023-04-18 11:30:00-04:00,30.100000381469727,30.170000076293945,29.670000076293945,29.979299545288086,489989,0.0,0.0
2023-04-18 12:30:00-04:00,29.96500015258789,30.139999389648438,29.8700008392334,29.8799991607666,234935,0.0,0.0
2023-04-18 13:30:00-04:00,29.860000610351562,30.058000564575195,29.850000381469727,30.0,231412,0.0,0.0
2023-04-18 14:30:00-04:00,30.010000228881836,30.1200008392334,29.920000076293945,30.094999313354492,373224,0.0,0.0
2023-04-18 15:30:00-04:00,30.094999313354492,30.5,30.079999923706055,30.459999084472656,774999,0.0,0.0
2023-04-19 09:30:00-04:00,31.030000686645508,31.739999771118164,30.610000610351562,31.46500015258789,1149434,0.0,0.0
2023-04-19 10:30:00-04:00,31.459999084472656,31.859899520874023,31.43000030517578,31.594999313354492,641014,0.0,0.0
2023-04-19 11:30:00-04:00,31.600000381469727,31.770000457763672,31.360000610351562,31.739999771118164,449001,0.0,0.0
2023-04-19 12:30:00-04:00,31.739999771118164,32.66999816894531,31.670000076293945,32.1775016784668,1131927,0.0,0.0
2023-04-19 13:30:00-04:00,32.185001373291016,32.900001525878906,32.09000015258789,32.810001373291016,842589,0.0,0.0
2023-04-19 14:30:00-04:00,32.849998474121094,32.98500061035156,32.52000045776367,32.98249816894531,990744,0.0,0.0
2023-04-19 15:30:00-04:00,32.98500061035156,33.130001068115234,32.48500061035156,32.7400016784668,2004427,0.0,0.0
2023-04-20 09:30:00-04:00,31.1299991607666,31.81999969482422,30.3799991607666,31.059999465942383,2431421,0.0,0.0
2023-04-20 10:30:00-04:00,31.065000534057617,31.399999618530273,30.75,30.790000915527344,1447406,0.0,0.0
2023-04-20 11:30:00-04:00,30.769800186157227,31.219999313354492,30.670000076293945,31.0802001953125,573530,0.0,0.0
2023-04-20 12:30:00-04:00,31.07270050048828,31.329999923706055,30.950000762939453,31.264999389648438,555729,0.0,0.0
2023-04-20 13:30:00-04:00,31.270000457763672,31.364999771118164,30.969999313354492,31.1200008392334,710106,0.0,0.0
2023-04-20 14:30:00-04:00,31.1299991607666,31.329999923706055,31.06999969482422,31.18000030517578,697419,0.0,0.0
2023-04-20 15:30:00-04:00,31.18000030517578,31.25,30.850000381469727,31.1299991607666,1232128,0.0,0.0
2023-04-21 09:30:00-04:00,30.8700008392334,30.889999389648438,30.139999389648438,30.200000762939453,1006805,0.0,0.0
2023-04-21 10:30:00-04:00,30.200000762939453,30.3799991607666,29.530000686645508,29.969999313354492,923326,0.0,0.0
2023-04-21 11:30:00-04:00,29.959999084472656,30.010000228881836,29.150100708007812,29.184999465942383,945939,0.0,0.0
2023-04-21 12:30:00-04:00,29.190000534057617,29.540000915527344,29.170000076293945,29.389999389648438,640262,0.0,0.0
2023-04-21 13:30:00-04:00,29.399999618530273,29.579999923706055,29.360000610351562,29.459999084472656,524470,0.0,0.0
2023-04-21 14:30:00-04:00,29.454999923706055,29.62700080871582,29.420000076293945,29.450000762939453,396316,0.0,0.0
2023-04-21 15:30:00-04:00,29.450000762939453,29.559999465942383,29.25,29.350000381469727,1030990,0.0,0.0
2023-04-24 09:30:00-04:00,29.350000381469727,29.59000015258789,28.469999313354492,28.959999084472656,1379720,0.0,0.0
2023-04-24 10:30:00-04:00,28.897600173950195,28.978599548339844,28.06999969482422,28.25,1103464,0.0,0.0
2023-04-24 11:30:00-04:00,28.239999771118164,28.5,28.170000076293945,28.5,417529,0.0,0.0
2023-04-24 12:30:00-04:00,28.5,28.688199996948242,28.399999618530273,28.506099700927734,357619,0.0,0.0
2023-04-24 13:30:00-04:00,28.51609992980957,28.760000228881836,28.290000915527344,28.34000015258789,432471,0.0,0.0
2023-04-24 14:30:00-04:00,28.327899932861328,28.440000534057617,28.235000610351562,28.364900588989258,358669,0.0,0.0
2023-04-24 15:30:00-04:00,28.360000610351562,28.395000457763672,28.229999542236328,28.280000686645508,695869,0.0,0.0
2023-04-25 09:30:00-04:00,27.760000228881836,27.920000076293945,27.110000610351562,27.729999542236328,1456862,0.0,0.0
2023-04-25 10:30:00-04:00,27.690000534057617,27.739999771118164,27.420000076293945,27.450000762939453,422193,0.0,0.0
2023-04-25 11:30:00-04:00,27.459999084472656,27.59000015258789,27.329999923706055,27.420000076293945,327662,0.0,0.0
2023-04-25 12:30:00-04:00,27.40999984741211,27.450000762939453,26.309999465942383,26.889999389648438,999571,0.0,0.0
2023-04-25 13:30:00-04:00,26.899999618530273,27.280000686645508,26.56999969482422,27.270000457763672,563795,0.0,0.0
2023-04-25 14:30:00-04:00,27.239999771118164,27.31999969482422,26.969999313354492,26.969999313354492,582525,0.0,0.0
2023-04-25 15:30:00-04:00,26.959999084472656,27.010000228881836,26.639999389648438,26.719999313354492,1079955,0.0,0.0
2023-04-26 09:30:00-04:00,26.940000534057617,27.059999465942383,25.969999313354492,26.040000915527344,964844,0.0,0.0
2023-04-26 10:30:00-04:00,26.040000915527344,27.079999923706055,26.040000915527344,26.934999465942383,612408,0.0,0.0
2023-04-26 11:30:00-04:00,26.93779945373535,27.219999313354492,26.84000015258789,26.920000076293945,335857,0.0,0.0
2023-04-26 12:30:00-04:00,26.920000076293945,27.079999923706055,26.799999237060547,26.83989906311035,258567,0.0,0.0
2023-04-26 13:30:00-04:00,26.83799934387207,26.889999389648438,26.405000686645508,26.469999313354492,292952,0.0,0.0
2023-04-26 14:30:00-04:00,26.469999313354492,26.540000915527344,25.90999984741211,26.25,728902,0.0,0.0
2023-04-26 15:30:00-04:00,26.239999771118164,26.440000534057617,26.149999618530273,26.389999389648438,566708,0.0,0.0
2023-04-27 09:30:00-04:00,26.360000610351562,27.190000534057617,26.31999969482422,26.764999389648438,496196,0.0,0.0
2023-04-27 10:30:00-04:00,26.780000686645508,26.8799991607666,26.545000076293945,26.799999237060547,325160,0.0,0.0
2023-04-27 11:30:00-04:00,26.790000915527344,27.229999542236328,26.725000381469727,26.969999313354492,449857,0.0,0.0
2023-04-27 12:30:00-04:00,26.979999542236328,27.0,26.719999313354492,26.854999542236328,349701,0.0,0.0
2023-04-27 13:30:00-04:00,26.850000381469727,26.959999084472656,26.690000534057617,26.959999084472656,339117,0.0,0.0
2023-04-27 14:30:00-04:00,26.959999084472656,26.989999771118164,26.665000915527344,26.709999084472656,445397,0.0,0.0
2023-04-27 15:30:00-04:00,26.704999923706055,26.780000686645508,26.469999313354492,26.59000015258789,939965,0.0,0.0
2023-04-28 09:30:00-04:00,26.389999389648438,27.59000015258789,26.239999771118164,27.559999465942383,800149,0.0,0.0
2023-04-28 10:30:00-04:00,27.5625,27.6200008392334,26.899999618530273,27.520000457763672,1006809,0.0,0.0
2023-04-28 11:30:00-04:00,27.530000686645508,28.290000915527344,27.5049991607666,27.899999618530273,797669,0.0,0.0
2023-04-28 12:30:00-04:00,27.905000686645508,28.170000076293945,27.7810001373291,28.139999389648438,338281,0.0,0.0
2023-04-28 13:30:00-04:00,28.139999389648438,28.280000686645508,27.969999313354492,28.0,666942,0.0,0.0
2023-04-28 14:30:00-04:00,28.0049991607666,28.040000915527344,27.829999923706055,27.940000534057617,421590,0.0,0.0
2023-04-28 15:30:00-04:00,27.94659996032715,28.045000076293945,27.739999771118164,27.8700008392334,799634,0.0,0.0
2023-05-01 09:30:00-04:00,27.940000534057617,28.010000228881836,27.34000015258789,27.75,732683,0.0,0.0
2023-05-01 10:30:00-04:00,27.75,27.959999084472656,26.8799991607666,26.95330047607422,459810,0.0,0.0
2023-05-01 11:30:00-04:00,26.93000030517578,27.290000915527344,26.770000457763672,27.200000762939453,368730,0.0,0.0
2023-05-01 12:30:00-04:00,27.200000762939453,27.3700008392334,26.989999771118164,27.0,401070,0.0,0.0
2023-05-01 13:30:00-04:00,26.989999771118164,27.239999771118164,26.84000015258789,26.920000076293945,597337,0.0,0.0
2023-05-01 14:30:00-04:00,26.90999984741211,27.06999969482422,26.799999237060547,26.84000015258789,417019,0.0,0.0
2023-05-01 15:30:00-04:00,26.84000015258789,27.010000228881836,26.78499984741211,26.81999969482422,822204,0.0,0.0
2023-05-02 09:30:00-04:00,26.65999984741211,26.65999984741211,23.850000381469727,24.131399154663086,2655380,0.0,0.0
2023-05-02 10:30:00-04:00,23.790000915527344,24.31999969482422,20.40999984741211,23.610000610351562,6681047,0.0,0.0
2023-05-02 11:30:00-04:00,23.6200008392334,24.729999542236328,22.69499969482422,23.760000228881836,3572501,0.0,0.0
2023-05-02 12:30:00-04:00,23.75909996032715,24.350000381469727,23.139999389648438,23.329999923706055,1467894,0.0,0.0
2023-05-02 13:30:00-04:00,23.334999084472656,23.920000076293945,23.25,23.399999618530273,971481,0.0,0.0
2023-05-02 14:30:00-04:00,23.405000686645508,23.860000610351562,23.31999969482422,23.68000030517578,996853,0.0,0.0
2023-05-02 15:30:00-04:00,23.67180061340332,24.040000915527344,23.440000534057617,23.885000228881836,1565331,0.0,0.0
2023-05-03 09:30:00-04:00,24.329999923706055,25.184999465942383,24.110000610351562,24.670000076293945,1385564,0.0,0.0
2023-05-03 10:30:00-04:00,24.65999984741211,24.697099685668945,23.969999313354492,24.182199478149414,924862,0.0,0.0
2023-05-03 11:30:00-04:00,24.170000076293945,24.639999389648438,24.084999084472656,24.56999969482422,585462,0.0,0.0
2023-05-03 12:30:00-04:00,24.56999969482422,24.649999618530273,24.290000915527344,24.290000915527344,561138,0.0,0.0
2023-05-03 13:30:00-04:00,24.28499984741211,24.780000686645508,24.020000457763672,24.026500701904297,696344,0.0,0.0
2023-05-03 14:30:00-04:00,24.030000686645508,24.450000762939453,22.75,22.989999771118164,2137827,0.0,0.0
2023-05-03 15:30:00-04:00,22.979999542236328,23.030000686645508,22.229999542236328,22.688199996948242,2553547,0.0,0.0
2023-05-04 09:30:00-04:00,21.790000915527344,22.299999237060547,18.260000228881836,19.30500030517578,7032229,0.0,0.0
2023-05-04 10:30:00-04:00,19.30500030517578,21.610000610351562,18.270000457763672,20.604999542236328,7770812,0.0,0.0
2023-05-04 11:30:00-04:00,20.575000762939453,21.709999084472656,20.299999237060547,21.280000686645508,2595141,0.0,0.0
2023-05-04 12:30:00-04:00,21.299999237060547,21.3700008392334,19.75,19.8700008392334,2443819,0.0,0.0
2023-05-04 13:30:00-04:00,19.8700008392334,20.469999313354492,19.639999389648438,19.860000610351562,1710482,0.0,0.0
2023-05-04 14:30:00-04:00,19.860000610351562,20.30929946899414,19.739999771118164,20.049999237060547,1457808,0.0,0.0
2023-05-04 15:30:00-04:00,20.04990005493164,20.270000457763672,19.850000381469727,19.969999313354492,1664615,0.0,0.0
2023-05-05 09:30:00-04:00,23.290000915527344,23.709999084472656,22.204999923706055,23.0049991607666,4954764,0.0,0.0
2023-05-05 10:30:00-04:00,23.020000457763672,23.579999923706055,22.649999618530273,23.459999084472656,1865229,0.0,0.0
2023-05-05 11:30:00-04:00,23.469999313354492,23.8700008392334,23.264999389648438,23.78499984741211,1230162,0.0,0.0
2023-05-05 12:30:00-04:00,23.799999237060547,24.489999771118164,23.530000686645508,23.78499984741211,2313957,0.0,0.0
2023-05-05 13:30:00-04:00,23.799999237060547,24.0,23.520000457763672,23.649999618530273,1089396,0.0,0.0
2023-05-05 14:30:00-04:00,23.655000686645508,24.25,23.43000030517578,23.790000915527344,1153171,0.0,0.0
2023-05-05 15:30:00-04:00,23.809999465942383,23.975000381469727,23.700000762939453,23.7549991607666,1364004,0.0,0.0
2023-05-08 09:30:00-04:00,25.309999465942383,26.459999084472656,24.020000457763672,24.139999389648438,4119082,0.0,0.0
2023-05-08 10:30:00-04:00,24.149999618530273,24.638999938964844,23.649999618530273,23.719999313354492,1160191,0.0,0.0
2023-05-08 11:30:00-04:00,23.709999084472656,24.6299991607666,23.639999389648438,24.6299991607666,1245878,0.0,0.0
2023-05-08 12:30:00-04:00,24.610000610351562,24.649999618530273,24.020000457763672,24.239999771118164,877096,0.0,0.0
2023-05-08 13:30:00-04:00,24.239999771118164,25.40999984741211,24.229999542236328,25.364999771118164,1488201,0.0,0.0
2023-05-08 14:30:00-04:00,25.364999771118164,25.399999618530273,24.520000457763672,24.674999237060547,1131918,0.0,0.0
2023-05-08 15:30:00-04:00,24.674999237060547,24.940000534057617,24.239999771118164,24.260000228881836,1203587,0.0,0.0
2023-05-09 09:30:00-04:00,23.899999618530273,24.329700469970703,23.5,24.2549991607666,1254234,0.0,0.0
2023-05-09 10:30:00-04:00,24.261699676513672,24.3799991607666,23.889999389648438,24.059999465942383,552615,0.0,0.0
2023-05-09 11:30:00-04:00,24.059999465942383,24.139999389648438,23.850000381469727,23.979999542236328,521819,0.0,0.0
2023-05-09 12:30:00-04:00,23.959999084472656,24.18000030517578,23.8799991607666,24.18000030517578,512164,0.0,0.0
2023-05-09 13:30:00-04:00,24.173200607299805,24.79990005493164,24.173200607299805,24.649999618530273,696204,0.0,0.0
2023-05-09 14:30:00-04:00,24.649999618530273,24.8799991607666,24.59000015258789,24.739999771118164,488961,0.0,0.0
2023-05-09 15:30:00-04:00,24.729999542236328,24.799999237060547,24.389999389648438,24.43000030517578,635878,0.0,0.0
2023-05-10 09:30:00-04:00,25.06999969482422,25.350000381469727,23.799999237060547,23.799999237060547,1591922,0.0,0.0
2023-05-10 10:30:00-04:00,23.81999969482422,24.190000534057617,23.760000228881836,24.100000381469727,631082,0.0,0.0
2023-05-10 11:30:00-04:00,24.100000381469727,24.209999084472656,23.93000030517578,24.100000381469727,484347,0.0,0.0
2023-05-10 12:30:00-04:00,24.094999313354492,24.100000381469727,23.600000381469727,23.690000534057617,554055,0.0,0.0
2023-05-10 13:30:00-04:00,23.670000076293945,23.788999557495117,23.530000686645508,23.684999465942383,572011,0.0,0.0
2023-05-10 14:30:00-04:00,23.690000534057617,23.790000915527344,23.389999389648438,23.719999313354492,684833,0.0,0.0
2023-05-10 15:30:00-04:00,23.719999313354492,23.950000762939453,23.670000076293945,23.790000915527344,760811,0.0,0.0
2023-05-11 09:30:00-04:00,23.100000381469727,23.783000946044922,22.850000381469727,23.084999084472656,1616800,0.0,0.0
2023-05-11 10:30:00-04:00,23.06999969482422,23.170000076293945,22.440000534057617,22.6200008392334,1658581,0.0,0.0
2023-05-11 11:30:00-04:00,22.61009979248047,23.06999969482422,22.610000610351562,22.922000885009766,734064,0.0,0.0
2023-05-11 12:30:00-04:00,22.920000076293945,23.110000610351562,22.690000534057617,22.959999084472656,737679,0.0,0.0
2023-05-11 13:30:00-04:00,22.934999465942383,23.030000686645508,22.670000076293945,23.0,432719,0.0,0.0
2023-05-11 14:30:00-04:00,22.989999771118164,23.024999618530273,22.709999084472656,22.78499984741211,524161,0.0,0.0
2023-05-11 15:30:00-04:00,22.78499984741211,22.829999923706055,22.594999313354492,22.68000030517578,1072687,0.0,0.0
2023-05-12 09:30:00-04:00,22.959999084472656,23.0,22.06999969482422,22.200000762939453,1285179,0.0,0.0
2023-05-12 10:30:00-04:00,22.209999084472656,22.420000076293945,22.09000015258789,22.100000381469727,675424,0.0,0.0
2023-05-12 11:30:00-04:00,22.100000381469727,22.479999542236328,22.09000015258789,22.1200008392334,952271,0.0,0.0
2023-05-12 12:30:00-04:00,22.100000381469727,22.28499984741211,21.959999084472656,22.219999313354492,697348,0.0,0.0
2023-05-12 13:30:00-04:00,22.219999313354492,22.40999984741211,22.030000686645508,22.309999465942383,636508,0.0,0.0
2023-05-12 14:30:00-04:00,22.30500030517578,22.31999969482422,22.110000610351562,22.15999984741211,669438,0.0,0.0
2023-05-12 15:30:00-04:00,22.15999984741211,22.450000762939453,22.020000457763672,22.43000030517578,927335,0.0,0.0
2023-05-15 09:30:00-04:00,22.670000076293945,23.5,22.489999771118164,23.135000228881836,1436213,0.0,0.0
2023-05-15 10:30:00-04:00,23.1200008392334,23.93000030517578,23.059999465942383,23.709999084472656,936759,0.0,0.0
2023-05-15 11:30:00-04:00,23.71500015258789,23.9950008392334,23.469999313354492,23.760000228881836,702921,0.0,0.0
2023-05-15 12:30:00-04:00,23.770000457763672,24.200000762939453,23.670000076293945,24.03499984741211,579876,0.0,0.0
2023-05-15 13:30:00-04:00,24.024999618530273,24.110000610351562,23.864999771118164,24.045000076293945,464745,0.0,0.0
2023-05-15 14:30:00-04:00,24.040000915527344,24.299999237060547,24.0049991607666,24.18000030517578,661644,0.0,0.0
2023-05-15 15:30:00-04:00,24.18000030517578,24.350000381469727,24.030000686645508,24.34000015258789,958944,0.0,0.0
2023-05-16 09:30:00-04:00,24.399999618530273,24.81999969482422,24.170700073242188,24.43000030517578,1361780,0.0,0.0
2023-05-16 10:30:00-04:00,24.43000030517578,24.8169002532959,24.350000381469727,24.670000076293945,685821,0.0,0.0
2023-05-16 11:30:00-04:00,24.670000076293945,24.770000457763672,24.534700393676758,24.594999313354492,430220,0.0,0.0
2023-05-16 12:30:00-04:00,24.600000381469727,24.600000381469727,24.34000015258789,24.3700008392334,431581,0.0,0.0
2023-05-16 13:30:00-04:00,24.389999389648438,24.454999923706055,24.190000534057617,24.24920082092285,397522,0.0,0.0
2023-05-16 14:30:00-04:00,24.25,24.360000610351562,24.030000686645508,24.074499130249023,363824,0.0,0.0
2023-05-16 15:30:00-04:00,24.075000762939453,24.09000015258789,23.68000030517578,23.739999771118164,646387,0.0,0.0
2023-05-17 09:30:00-04:00,24.365100860595703,25.350000381469727,24.219999313354492,25.309999465942383,1545196,0.0,0.0
2023-05-17 10:30:00-04:00,25.31999969482422,26.059999465942383,25.15999984741211,25.816499710083008,1820561,0.0,0.0
2023-05-17 11:30:00-04:00,25.780000686645508,26.15999984741211,25.684999465942383,26.030000686645508,1513651,0.0,0.0
2023-05-17 12:30:00-04:00,26.049999237060547,26.329999923706055,25.790000915527344,26.010000228881836,1375238,0.0,0.0
2023-05-17 13:30:00-04:00,26.010000228881836,26.199899673461914,25.76059913635254,25.989999771118164,598457,0.0,0.0
2023-05-17 14:30:00-04:00,26.010000228881836,26.190000534057617,25.799999237060547,26.0049991607666,712600,0.0,0.0
2023-05-17 15:30:00-04:00,26.005800247192383,26.200000762939453,25.8799991607666,26.18000030517578,900557,0.0,0.0
2023-05-18 09:30:00-04:00,26.270000457763672,26.77899932861328,25.785900115966797,26.739999771118164,2379667,0.0,0.0
2023-05-18 10:30:00-04:00,26.739900588989258,26.93000030517578,26.426599502563477,26.729999542236328,1349246,0.0,0.0
2023-05-18 11:30:00-04:00,26.729999542236328,26.860000610351562,26.511199951171875,26.559999465942383,551117,0.0,0.0
2023-05-18 12:30:00-04:00,26.559999465942383,26.93000030517578,26.514400482177734,26.639999389648438,675383,0.0,0.0
2023-05-18 13:30:00-04:00,26.6299991607666,26.850000381469727,26.43000030517578,26.790000915527344,371515,0.0,0.0
2023-05-18 14:30:00-04:00,26.760000228881836,27.09000015258789,26.719999313354492,26.969999313354492,1243473,0.0,0.0
2023-05-18 15:30:00-04:00,26.9950008392334,27.469999313354492,26.875,27.229999542236328,1898825,0.0,0.0
2023-05-19 09:30:00-04:00,27.260000228881836,27.65999984741211,26.631500244140625,26.989999771118164,1749451,0.0,0.0
2023-05-19 10:30:00-04:00,26.989999771118164,27.079999923706055,25.790000915527344,26.079999923706055,1551599,0.0,0.0
2023-05-19 11:30:00-04:00,26.093000411987305,26.260000228881836,25.770000457763672,26.049999237060547,750617,0.0,0.0
2023-05-19 12:30:00-04:00,26.040000915527344,26.489999771118164,25.90999984741211,26.40999984741211,702856,0.0,0.0
2023-05-19 13:30:00-04:00,26.402599334716797,26.549999237060547,26.299999237060547,26.440000534057617,607737,0.0,0.0
2023-05-19 14:30:00-04:00,26.43000030517578,26.670000076293945,26.389999389648438,26.520000457763672,539367,0.0,0.0
2023-05-19 15:30:00-04:00,26.5049991607666,26.809999465942383,26.485000610351562,26.790000915527344,841993,0.0,0.0
2023-05-22 09:30:00-04:00,27.31999969482422,27.950000762939453,27.020000457763672,27.67169952392578,2256896,0.0,0.0
2023-05-22 10:30:00-04:00,27.68000030517578,27.84000015258789,27.1200008392334,27.760000228881836,797387,0.0,0.0
2023-05-22 11:30:00-04:00,27.764999389648438,28.719999313354492,27.75,28.600000381469727,1031174,0.0,0.0
2023-05-22 12:30:00-04:00,28.584999084472656,28.770000457763672,28.131000518798828,28.213699340820312,904417,0.0,0.0
2023-05-22 13:30:00-04:00,28.225000381469727,28.489999771118164,28.190000534057617,28.38610076904297,803585,0.0,0.0
2023-05-22 14:30:00-04:00,28.3700008392334,28.459999084472656,28.06999969482422,28.125,630875,0.0,0.0
2023-05-22 15:30:00-04:00,28.1299991607666,28.206100463867188,28.059999465942383,28.100000381469727,833068,0.0,0.0
2023-05-23 09:30:00-04:00,28.8700008392334,29.90999984741211,28.610000610351562,29.8799991607666,2242633,0.0,0.0
2023-05-23 10:30:00-04:00,29.875999450683594,30.5,29.68000030517578,30.440000534057617,1410317,0.0,0.0
2023-05-23 11:30:00-04:00,30.440000534057617,30.670000076293945,29.774999618530273,30.0,1083602,0.0,0.0
2023-05-23 12:30:00-04:00,30.0049991607666,30.200000762939453,29.510000228881836,29.770000457763672,1144507,0.0,0.0
2023-05-23 13:30:00-04:00,29.774999618530273,30.170000076293945,29.559999465942383,29.65999984741211,1086729,0.0,0.0
2023-05-23 14:30:00-04:00,29.649999618530273,29.8799991607666,29.40999984741211,29.569000244140625,1216126,0.0,0.0
2023-05-23 15:30:00-04:00,29.559999465942383,29.559999465942383,29.350000381469727,29.3700008392334,902457,0.0,0.0
2023-05-24 09:30:00-04:00,28.989999771118164,29.270000457763672,28.260000228881836,28.40999984741211,1557998,0.0,0.0
2023-05-24 10:30:00-04:00,28.420000076293945,28.996200561523438,28.350000381469727,28.739999771118164,911713,0.0,0.0
2023-05-24 11:30:00-04:00,28.75,28.93000030517578,28.600000381469727,28.850000381469727,479491,0.0,0.0
2023-05-24 12:30:00-04:00,28.8700008392334,29.09000015258789,28.780000686645508,28.889999389648438,348745,0.0,0.0
2023-05-24 13:30:00-04:00,28.8799991607666,29.06999969482422,28.829999923706055,28.940000534057617,399038,0.0,0.0
2023-05-24 14:30:00-04:00,28.940000534057617,29.15999984741211,28.739999771118164,29.049999237060547,362522,0.0,0.0
2023-05-24 15:30:00-04:00,29.059999465942383,29.25,28.920000076293945,28.979999542236328,658029,0.0,0.0
2023-05-25 09:30:00-04:00,29.06999969482422,29.3799991607666,28.530000686645508,28.8700008392334,1366140,0.0,0.0
2023-05-25 10:30:00-04:00,28.857999801635742,28.879100799560547,28.329999923706055,28.475000381469727,655387,0.0,0.0
2023-05-25 11:30:00-04:00,28.459999084472656,28.520000457763672,27.93000030517578,28.36989974975586,895272,0.0,0.0
2023-05-25 12:30:00-04:00,28.3700008392334,28.510000228881836,28.030000686645508,28.299999237060547,517793,0.0,0.0
2023-05-25 13:30:00-04:00,28.299999237060547,28.450000762939453,28.1299991607666,28.290000915527344,375854,0.0,0.0
2023-05-25 14:30:00-04:00,28.290000915527344,28.559999465942383,28.149999618530273,28.5,475272,0.0,0.0
2023-05-25 15:30:00-04:00,28.5,28.549999237060547,28.235000610351562,28.329999923706055,660870,0.0,0.0
2023-05-26 09:30:00-04:00,28.43000030517578,28.579999923706055,27.610000610351562,28.350000381469727,872360,0.0,0.0
2023-05-26 10:30:00-04:00,28.350000381469727,28.559999465942383,28.129899978637695,28.389999389648438,419818,0.0,0.0
2023-05-26 11:30:00-04:00,28.3700008392334,28.8700008392334,28.309999465942383,28.6200008392334,278404,0.0,0.0
2023-05-26 12:30:00-04:00,28.6299991607666,28.663999557495117,28.36479949951172,28.43000030517578,393844,0.0,0.0
2023-05-26 13:30:00-04:00,28.420000076293945,28.559999465942383,28.360000610351562,28.475000381469727,182659,0.0,0.0
2023-05-26 14:30:00-04:00,28.475000381469727,28.709999084472656,28.459999084472656,28.56999969482422,280456,0.0,0.0
2023-05-26 15:30:00-04:00,28.559999465942383,28.729999542236328,28.559999465942383,28.65999984741211,361772,0.0,0.0
2023-05-30 09:30:00-04:00,28.969999313354492,29.239999771118164,27.799999237060547,28.277700424194336,1227834,0.0,0.0
2023-05-30 10:30:00-04:00,28.28499984741211,28.780000686645508,28.200000762939453,28.360000610351562,559078,0.0,0.0
2023-05-30 11:30:00-04:00,28.344999313354492,28.940000534057617,28.31999969482422,28.859100341796875,357448,0.0,0.0
2023-05-30 12:30:00-04:00,28.850000381469727,28.898000717163086,28.559999465942383,28.739999771118164,337453,0.0,0.0
2023-05-30 13:30:00-04:00,28.719999313354492,28.8799991607666,28.6200008392334,28.8799991607666,269423,0.0,0.0
2023-05-30 14:30:00-04:00,28.889999389648438,29.110000610351562,28.844999313354492,29.030000686645508,342738,0.0,0.0
2023-05-30 15:30:00-04:00,29.030000686645508,29.136600494384766,28.8700008392334,28.920000076293945,743433,0.0,0.0
2023-05-31 09:30:00-04:00,28.540000915527344,28.6299991607666,27.579299926757812,27.6200008392334,647605,0.0,0.0
2023-05-31 10:30:00-04:00,27.604999542236328,27.6200008392334,27.200000762939453,27.2549991607666,717818,0.0,0.0
2023-05-31 11:30:00-04:00,27.270000457763672,27.469999313354492,27.139999389648438,27.37700080871582,399013,0.0,0.0
2023-05-31 12:30:00-04:00,27.3799991607666,27.520000457763672,27.309999465942383,27.3799991607666,299570,0.0,0.0
2023-05-31 13:30:00-04:00,27.38680076599121,27.59000015258789,27.309999465942383,27.520000457763672,376889,0.0,0.0
2023-05-31 14:30:00-04:00,27.530000686645508,27.610000610351562,27.31999969482422,27.38409996032715,365184,0.0,0.0
2023-05-31 15:30:00-04:00,27.385000228881836,27.385000228881836,27.239999771118164,27.299999237060547,664730,0.0,0.0
2023-06-01 09:30:00-04:00,27.809999465942383,27.8799991607666,26.579999923706055,27.389999389648438,874896,0.0,0.0
2023-06-01 10:30:00-04:00,27.3518009185791,27.90999984741211,27.309999465942383,27.65999984741211,693962,0.0,0.0
2023-06-01 11:30:00-04:00,27.65999984741211,28.18000030517578,27.649999618530273,28.040000915527344,310100,0.0,0.0
2023-06-01 12:30:00-04:00,28.049999237060547,28.125,27.75,27.90999984741211,300049,0.0,0.0
2023-06-01 13:30:00-04:00,27.899999618530273,27.94499969482422,27.739999771118164,27.815000534057617,203840,0.0,0.0
2023-06-01 14:30:00-04:00,27.809999465942383,27.81999969482422,27.610000610351562,27.735000610351562,443849,0.0,0.0
2023-06-01 15:30:00-04:00,27.735000610351562,27.81999969482422,27.600000381469727,27.65999984741211,724141,0.0,0.0
2023-06-02 09:30:00-04:00,28.479999542236328,29.049999237060547,28.170000076293945,29.030000686645508,846086,0.0,0.0
2023-06-02 10:30:00-04:00,29.040000915527344,29.459999084472656,28.8700008392334,29.389999389648438,691543,0.0,0.0
2023-06-02 11:30:00-04:00,29.389999389648438,29.479999542236328,29.100000381469727,29.329999923706055,723117,0.0,0.0
2023-06-02 12:30:00-04:00,29.334999084472656,29.559999465942383,29.25,29.46500015258789,443178,0.0,0.0
2023-06-02 13:30:00-04:00,29.46269989013672,29.520000457763672,29.1299991607666,29.224300384521484,699375,0.0,0.0
2023-06-02 14:30:00-04:00,29.229999542236328,29.350000381469727,29.065000534057617,29.280000686645508,559537,0.0,0.0
2023-06-02 15:30:00-04:00,29.280000686645508,29.34000015258789,29.040000915527344,29.059999465942383,833220,0.0,0.0
2023-06-05 09:30:00-04:00,29.28499984741211,29.649999618530273,28.600000381469727,28.729999542236328,803675,0.0,0.0
2023-06-05 10:30:00-04:00,28.7450008392334,29.149999618530273,28.709999084472656,28.969999313354492,468023,0.0,0.0
2023-06-05 11:30:00-04:00,28.96500015258789,29.020000457763672,28.735000610351562,28.989999771118164,345211,0.0,0.0
2023-06-05 12:30:00-04:00,28.989999771118164,29.06999969482422,28.690000534057617,28.74090003967285,305790,0.0,0.0
2023-06-05 13:30:00-04:00,28.719999313354492,29.0,28.69499969482422,28.829999923706055,225796,0.0,0.0
2023-06-05 14:30:00-04:00,28.834800720214844,28.989999771118164,28.649999618530273,28.93000030517578,269591,0.0,0.0
2023-06-05 15:30:00-04:00,28.93000030517578,28.989999771118164,28.690000534057617,28.729999542236328,523399,0.0,0.0
2023-06-06 09:30:00-04:00,28.5,30.40999984741211,28.43000030517578,30.3799991607666,830307,0.0,0.0
2023-06-06 10:30:00-04:00,30.3799991607666,31.010000228881836,30.260000228881836,30.854999542236328,903861,0.0,0.0
2023-06-06 11:30:00-04:00,30.8700008392334,31.030000686645508,30.639999389648438,30.706499099731445,950754,0.0,0.0
2023-06-06 12:30:00-04:00,30.709999084472656,30.725000381469727,30.102100372314453,30.219999313354492,602597,0.0,0.0
2023-06-06 13:30:00-04:00,30.224700927734375,30.2450008392334,29.860000610351562,30.1200008392334,420991,0.0,0.0
2023-06-06 14:30:00-04:00,30.114999771118164,30.15999984741211,29.8799991607666,30.045000076293945,414648,0.0,0.0
2023-06-06 15:30:00-04:00,30.049999237060547,30.190000534057617,29.959999084472656,30.110000610351562,662701,0.0,0.0
2023-06-07 09:30:00-04:00,30.559999465942383,30.829999923706055,29.889999389648438,30.690000534057617,952168,0.0,0.0
2023-06-07 10:30:00-04:00,30.690000534057617,31.020000457763672,30.5492000579834,30.774999618530273,595350,0.0,0.0
2023-06-07 11:30:00-04:00,30.770000457763672,31.079999923706055,30.700000762939453,31.040000915527344,437226,0.0,0.0
2023-06-07 12:30:00-04:00,31.040000915527344,31.25,30.93000030517578,31.110000610351562,477429,0.0,0.0
2023-06-07 13:30:00-04:00,31.100000381469727,31.43000030517578,30.8799991607666,31.385000228881836,392870,0.0,0.0
2023-06-07 14:30:00-04:00,31.3799991607666,31.639999389648438,31.25,31.3700008392334,513728,0.0,0.0
2023-06-07 15:30:00-04:00,31.375,31.59000015258789,31.350000381469727,31.489999771118164,737171,0.0,0.0
2023-06-08 09:30:00-04:00,31.299999237060547,31.44700050354004,30.649999618530273,30.940000534057617,1078483,0.0,0.0
2023-06-08 10:30:00-04:00,30.959999084472656,31.354999542236328,30.790000915527344,31.25,635061,0.0,0.0
2023-06-08 11:30:00-04:00,31.229999542236328,31.5,31.110000610351562,31.360000610351562,621149,0.0,0.0
2023-06-08 12:30:00-04:00,31.350000381469727,31.549999237060547,31.145000457763672,31.510000228881836,314243,0.0,0.0
2023-06-08 13:30:00-04:00,31.510000228881836,31.690000534057617,31.360000610351562,31.690000534057617,328270,0.0,0.0
2023-06-08 14:30:00-04:00,31.700000762939453,32.0099983215332,31.69499969482422,31.8700008392334,784990,0.0,0.0
2023-06-08 15:30:00-04:00,31.8700008392334,32.189998626708984,31.780000686645508,32.0,813751,0.0,0.0
2023-06-09 09:30:00-04:00,32.0,32.150001525878906,31.559999465942383,31.989999771118164,757689,0.0,0.0
2023-06-09 10:30:00-04:00,31.969999313354492,32.150001525878906,31.56089973449707,31.6200008392334,486367,0.0,0.0
2023-06-09 11:30:00-04:00,31.610000610351562,31.610300064086914,31.149999618530273,31.287500381469727,509700,0.0,0.0
2023-06-09 12:30:00-04:00,31.270000457763672,31.309999465942383,30.829999923706055,30.920000076293945,519594,0.0,0.0
2023-06-09 13:30:00-04:00,30.915000915527344,30.93000030517578,30.610000610351562,30.770000457763672,531758,0.0,0.0
2023-06-09 14:30:00-04:00,30.760000228881836,30.850000381469727,30.59000015258789,30.7549991607666,363102,0.0,0.0
2023-06-09 15:30:00-04:00,30.760000228881836,30.93000030517578,30.719999313354492,30.875,566152,0.0,0.0
2023-06-12 09:30:00-04:00,30.959999084472656,32.34000015258789,30.889999389648438,31.280000686645508,1315473,0.0,0.0
2023-06-12 10:30:00-04:00,31.280000686645508,31.290000915527344,29.88920021057129,29.938499450683594,1072472,0.0,0.0
2023-06-12 11:30:00-04:00,29.90999984741211,30.489999771118164,29.739999771118164,30.399999618530273,638011,0.0,0.0
2023-06-12 12:30:00-04:00,30.40999984741211,30.559999465942383,30.1200008392334,30.200000762939453,379119,0.0,0.0
2023-06-12 13:30:00-04:00,30.21299934387207,30.360000610351562,30.100000381469727,30.260000228881836,240782,0.0,0.0
2023-06-12 14:30:00-04:00,30.270000457763672,30.399999618530273,29.969999313354492,30.1200008392334,800675,0.0,0.0
2023-06-12 15:30:00-04:00,30.1200008392334,30.239999771118164,30.079999923706055,30.229999542236328,517819,0.0,0.0
2023-06-13 09:30:00-04:00,28.790000915527344,30.309999465942383,28.139999389648438,29.920000076293945,2833800,0.0,0.0
2023-06-13 10:30:00-04:00,29.905000686645508,29.920000076293945,28.979999542236328,29.290000915527344,1305312,0.0,0.0
2023-06-13 11:30:00-04:00,29.299999237060547,29.610000610351562,29.125,29.510000228881836,644637,0.0,0.0
2023-06-13 12:30:00-04:00,29.5,29.73819923400879,29.40999984741211,29.719999313354492,432915,0.0,0.0
2023-06-13 13:30:00-04:00,29.729999542236328,30.100000381469727,29.639999389648438,30.030000686645508,461778,0.0,0.0
2023-06-13 14:30:00-04:00,30.024999618530273,30.06999969482422,29.540000915527344,29.81999969482422,687002,0.0,0.0
2023-06-13 15:30:00-04:00,29.81999969482422,29.899999618530273,29.6299991607666,29.770000457763672,943717,0.0,0.0
2023-06-14 09:30:00-04:00,29.530000686645508,29.780000686645508,28.760000228881836,28.915000915527344,1143885,0.0,0.0
2023-06-14 10:30:00-04:00,28.93000030517578,29.239999771118164,28.739999771118164,29.110000610351562,746016,0.0,0.0
2023-06-14 11:30:00-04:00,29.110000610351562,29.360000610351562,28.959999084472656,29.239999771118164,490364,0.0,0.0
2023-06-14 12:30:00-04:00,29.239999771118164,29.280000686645508,29.149999618530273,29.229999542236328,324325,0.0,0.0
2023-06-14 13:30:00-04:00,29.225000381469727,29.229999542236328,27.829999923706055,27.93000030517578,1288955,0.0,0.0
2023-06-14 14:30:00-04:00,27.93000030517578,28.420000076293945,27.899999618530273,28.239999771118164,1112281,0.0,0.0
2023-06-14 15:30:00-04:00,28.219999313354492,28.290000915527344,27.989999771118164,28.06999969482422,800005,0.0,0.0
2023-06-15 09:30:00-04:00,27.274999618530273,28.65999984741211,27.06999969482422,28.3700008392334,1387647,0.0,0.0
2023-06-15 10:30:00-04:00,28.364999771118164,28.540000915527344,28.09000015258789,28.530000686645508,590858,0.0,0.0
2023-06-15 11:30:00-04:00,28.520000457763672,28.65999984741211,28.459999084472656,28.592199325561523,363158,0.0,0.0
2023-06-15 12:30:00-04:00,28.600000381469727,28.700000762939453,28.49169921875,28.68000030517578,238798,0.0,0.0
2023-06-15 13:30:00-04:00,28.68000030517578,28.90999984741211,28.635000228881836,28.809999465942383,306404,0.0,0.0
2023-06-15 14:30:00-04:00,28.799999237060547,29.075000762939453,28.799999237060547,28.985200881958008,447889,0.0,0.0
2023-06-15 15:30:00-04:00,28.989999771118164,29.170000076293945,28.885000228881836,28.979999542236328,616856,0.0,0.0
2023-06-16 09:30:00-04:00,28.889999389648438,29.139999389648438,28.09000015258789,28.309999465942383,1103030,0.0,0.0
2023-06-16 10:30:00-04:00,28.290000915527344,28.360000610351562,27.93000030517578,28.09000015258789,586250,0.0,0.0
2023-06-16 11:30:00-04:00,28.09950065612793,28.58989906311035,27.969999313354492,28.507299423217773,357787,0.0,0.0
2023-06-16 12:30:00-04:00,28.5,28.75,28.4950008392334,28.71500015258789,205814,0.0,0.0
2023-06-16 13:30:00-04:00,28.719999313354492,28.719999313354492,28.545000076293945,28.670000076293945,147863,0.0,0.0
2023-06-16 14:30:00-04:00,28.670000076293945,28.725000381469727,28.55340003967285,28.639999389648438,199834,0.0,0.0
2023-06-16 15:30:00-04:00,28.635000228881836,28.739999771118164,28.55500030517578,28.639999389648438,469104,0.0,0.0
2023-06-20 09:30:00-04:00,28.440000534057617,28.5,27.440000534057617,27.489999771118164,940185,0.0,0.0
2023-06-20 10:30:00-04:00,27.4950008392334,27.591999053955078,27.31999969482422,27.34000015258789,557304,0.0,0.0
2023-06-20 11:30:00-04:00,27.34000015258789,27.598899841308594,27.270000457763672,27.485000610351562,902477,0.0,0.0
2023-06-20 12:30:00-04:00,27.485000610351562,27.985000610351562,27.485000610351562,27.8700008392334,453246,0.0,0.0
2023-06-20 13:30:00-04:00,27.8799991607666,27.8799991607666,27.623600006103516,27.68000030517578,331973,0.0,0.0
2023-06-20 14:30:00-04:00,27.690000534057617,27.84000015258789,27.6299991607666,27.809999465942383,266908,0.0,0.0
2023-06-20 15:30:00-04:00,27.829999923706055,27.899999618530273,27.719999313354492,27.860000610351562,287870,0.0,0.0
2023-06-21 09:30:00-04:00,27.770000457763672,27.915000915527344,27.460100173950195,27.649999618530273,511871,0.0,0.0
2023-06-21 10:30:00-04:00,27.639999389648438,28.0,27.56999969482422,27.975000381469727,354596,0.0,0.0
2023-06-21 11:30:00-04:00,27.979999542236328,28.219999313354492,27.889999389648438,28.09000015258789,418337,0.0,0.0
2023-06-21 12:30:00-04:00,28.110000610351562,28.200000762939453,27.950000762939453,28.024999618530273,347405,0.0,0.0
2023-06-21 13:30:00-04:00,28.024999618530273,28.249900817871094,28.024999618530273,28.2450008392334,269454,0.0,0.0
2023-06-21 14:30:00-04:00,28.239999771118164,28.25,28.0,28.040000915527344,240844,0.0,0.0
2023-06-21 15:30:00-04:00,28.030000686645508,28.114999771118164,27.920000076293945,27.950000762939453,498656,0.0,0.0
2023-06-22 09:30:00-04:00,27.770000457763672,27.850000381469727,26.90999984741211,27.309999465942383,857986,0.0,0.0
2023-06-22 10:30:00-04:00,27.299999237060547,27.43000030517578,26.690099716186523,27.020000457763672,968135,0.0,0.0
2023-06-22 11:30:00-04:00,27.030000686645508,27.110000610351562,26.885900497436523,27.030000686645508,256994,0.0,0.0
2023-06-22 12:30:00-04:00,27.040000915527344,27.219999313354492,26.959999084472656,27.139999389648438,401055,0.0,0.0
2023-06-22 13:30:00-04:00,27.139999389648438,27.155000686645508,26.889999389648438,27.09000015258789,260642,0.0,0.0
2023-06-22 14:30:00-04:00,27.09000015258789,27.270000457763672,26.90999984741211,26.90999984741211,234218,0.0,0.0
2023-06-22 15:30:00-04:00,26.90999984741211,26.989999771118164,26.829999923706055,26.975000381469727,564839,0.0,0.0
2023-06-23 09:30:00-04:00,26.628000259399414,26.920000076293945,26.450000762939453,26.600000381469727,541527,0.0,0.0
2023-06-23 10:30:00-04:00,26.600000381469727,26.719999313354492,26.39240074157715,26.520000457763672,471185,0.0,0.0
2023-06-23 11:30:00-04:00,26.529300689697266,26.63719940185547,26.399999618530273,26.6200008392334,494120,0.0,0.0
2023-06-23 12:30:00-04:00,26.6299991607666,26.719999313354492,26.56999969482422,26.670000076293945,191824,0.0,0.0
2023-06-23 13:30:00-04:00,26.674999237060547,26.709999084472656,26.43000030517578,26.434999465942383,281259,0.0,0.0
2023-06-23 14:30:00-04:00,26.43000030517578,26.549999237060547,26.354999542236328,26.549999237060547,489986,0.0,0.0
2023-06-23 15:30:00-04:00,26.549999237060547,26.6299991607666,26.399999618530273,26.600000381469727,650909,0.0,0.0
2023-06-26 09:30:00-04:00,26.920000076293945,27.670000076293945,26.8700008392334,27.200000762939453,590609,0.0,0.0
2023-06-26 10:30:00-04:00,27.18000030517578,27.299999237060547,26.979999542236328,27.292499542236328,266939,0.0,0.0
2023-06-26 11:30:00-04:00,27.290000915527344,27.450000762939453,27.125499725341797,27.139999389648438,155153,0.0,0.0
2023-06-26 12:30:00-04:00,27.139999389648438,27.270000457763672,27.06999969482422,27.149999618530273,169060,0.0,0.0
2023-06-26 13:30:00-04:00,27.149999618530273,27.214000701904297,27.059999465942383,27.139999389648438,132940,0.0,0.0
2023-06-26 14:30:00-04:00,27.1299991607666,27.200000762939453,27.100000381469727,27.18000030517578,157334,0.0,0.0
2023-06-26 15:30:00-04:00,27.180999755859375,27.19499969482422,27.020000457763672,27.06999969482422,454925,0.0,0.0
2023-06-27 09:30:00-04:00,27.1299991607666,27.170000076293945,26.575000762939453,27.049999237060547,604956,0.0,0.0
2023-06-27 10:30:00-04:00,27.06999969482422,27.520000457763672,27.053499221801758,27.459999084472656,384117,0.0,0.0
2023-06-27 11:30:00-04:00,27.459999084472656,27.510000228881836,27.239999771118164,27.31999969482422,372371,0.0,0.0
2023-06-27 12:30:00-04:00,27.299999237060547,27.479999542236328,27.280000686645508,27.420000076293945,215802,0.0,0.0
2023-06-27 13:30:00-04:00,27.450000762939453,27.510000228881836,27.3799991607666,27.405000686645508,123088,0.0,0.0
2023-06-27 14:30:00-04:00,27.40999984741211,27.479999542236328,27.290000915527344,27.459999084472656,148281,0.0,0.0
2023-06-27 15:30:00-04:00,27.454999923706055,27.479999542236328,27.274999618530273,27.28499984741211,308156,0.0,0.0
2023-06-28 09:30:00-04:00,27.040000915527344,27.15999984741211,26.55500030517578,26.940000534057617,429934,0.0,0.0
2023-06-28 10:30:00-04:00,26.979999542236328,27.06999969482422,26.809999465942383,27.045000076293945,329279,0.0,0.0
2023-06-28 11:30:00-04:00,27.040000915527344,27.180400848388672,27.020000457763672,27.079999923706055,244327,0.0,0.0
2023-06-28 12:30:00-04:00,27.09000015258789,27.170000076293945,26.8799991607666,26.989999771118164,261571,0.0,0.0
2023-06-28 13:30:00-04:00,26.989999771118164,27.059999465942383,26.950000762939453,27.010000228881836,113990,0.0,0.0
2023-06-28 14:30:00-04:00,27.018800735473633,27.100000381469727,26.90999984741211,26.979999542236328,180239,0.0,0.0
2023-06-28 15:30:00-04:00,26.969999313354492,27.100000381469727,26.920000076293945,27.09000015258789,542818,0.0,0.0
2023-06-29 09:30:00-04:00,27.43000030517578,27.889999389648438,27.360000610351562,27.540000915527344,758212,0.0,0.0
2023-06-29 10:30:00-04:00,27.600000381469727,27.600000381469727,27.059999465942383,27.1200008392334,505049,0.0,0.0
2023-06-29 11:30:00-04:00,27.1200008392334,27.28499984741211,27.06999969482422,27.260000228881836,249133,0.0,0.0
2023-06-29 12:30:00-04:00,27.264999389648438,27.31999969482422,27.15999984741211,27.239999771118164,190708,0.0,0.0
2023-06-29 13:30:00-04:00,27.239999771118164,27.260000228881836,27.09000015258789,27.199600219726562,175394,0.0,0.0
2023-06-29 14:30:00-04:00,27.190000534057617,27.270000457763672,27.155000686645508,27.229999542236328,191264,0.0,0.0
2023-06-29 15:30:00-04:00,27.229999542236328,27.31999969482422,27.18000030517578,27.280000686645508,510762,0.0,0.0
2023-06-30 09:30:00-04:00,27.6200008392334,27.71470069885254,26.8700008392334,27.209999084472656,529400,0.0,0.0
2023-06-30 10:30:00-04:00,27.219999313354492,27.290000915527344,26.770000457763672,27.075000762939453,436328,0.0,0.0
2023-06-30 11:30:00-04:00,27.084999084472656,27.18000030517578,26.969999313354492,27.145000457763672,366845,0.0,0.0
2023-06-30 12:30:00-04:00,27.1299991607666,27.290000915527344,27.094999313354492,27.18000030517578,261939,0.0,0.0
2023-06-30 13:30:00-04:00,27.174999237060547,27.290000915527344,27.15999984741211,27.229999542236328,255091,0.0,0.0
2023-06-30 14:30:00-04:00,27.225000381469727,27.260000228881836,27.190000534057617,27.2450008392334,312446,0.0,0.0
2023-06-30 15:30:00-04:00,27.2450008392334,27.2549991607666,26.829999923706055,26.850000381469727,1004966,0.0,0.0
2023-07-03 09:30:00-04:00,27.260000228881836,28.079999923706055,27.165000915527344,27.889999389648438,1023358,0.0,0.0
2023-07-03 10:30:00-04:00,27.905000686645508,28.010000228881836,27.739999771118164,27.96500015258789,446891,0.0,0.0
2023-07-03 11:30:00-04:00,27.959999084472656,28.139999389648438,27.920000076293945,28.075000762939453,498745,0.0,0.0
2023-07-05 09:30:00-04:00,27.75,28.010000228881836,27.43000030517578,27.850000381469727,517015,0.0,0.0
2023-07-05 10:30:00-04:00,27.850000381469727,28.42099952697754,27.799999237060547,28.420000076293945,386374,0.0,0.0
2023-07-05 11:30:00-04:00,28.43000030517578,28.68000030517578,28.43000030517578,28.59000015258789,480519,0.0,0.0
2023-07-05 12:30:00-04:00,28.59000015258789,28.625,28.424999237060547,28.594999313354492,399064,0.0,0.0
2023-07-05 13:30:00-04:00,28.604999542236328,28.604999542236328,28.44499969482422,28.510000228881836,304032,0.0,0.0
2023-07-05 14:30:00-04:00,28.510000228881836,28.530000686645508,28.329999923706055,28.354999542236328,338909,0.0,0.0
2023-07-05 15:30:00-04:00,28.350000381469727,28.350000381469727,27.93000030517578,27.959999084472656,565218,0.0,0.0
2023-07-06 09:30:00-04:00,27.3799991607666,27.389999389648438,26.690000534057617,27.110000610351562,1465231,0.0,0.0
2023-07-06 10:30:00-04:00,27.100000381469727,27.3700008392334,27.030000686645508,27.260000228881836,764753,0.0,0.0
2023-07-06 11:30:00-04:00,27.25,27.45989990234375,27.229999542236328,27.329999923706055,419953,0.0,0.0
2023-07-06 12:30:00-04:00,27.329999923706055,27.510000228881836,27.31999969482422,27.385000228881836,335451,0.0,0.0
2023-07-06 13:30:00-04:00,27.3799991607666,27.614999771118164,27.352399826049805,27.600000381469727,328771,0.0,0.0
2023-07-06 14:30:00-04:00,27.604999542236328,27.825000762939453,27.59000015258789,27.774999618530273,260976,0.0,0.0
2023-07-06 15:30:00-04:00,27.774999618530273,27.81999969482422,27.600000381469727,27.770000457763672,525989,0.0,0.0
2023-07-07 09:30:00-04:00,27.780000686645508,28.639999389648438,27.65999984741211,28.577499389648438,763192,0.0,0.0
2023-07-07 10:30:00-04:00,28.579200744628906,29.0,28.395000457763672,28.975000381469727,509523,0.0,0.0
2023-07-07 11:30:00-04:00,28.979999542236328,29.059999465942383,28.8799991607666,28.989999771118164,504202,0.0,0.0
2023-07-07 12:30:00-04:00,28.979999542236328,29.350000381469727,28.954999923706055,29.277999877929688,461376,0.0,0.0
2023-07-07 13:30:00-04:00,29.274999618530273,29.350000381469727,29.06999969482422,29.350000381469727,565200,0.0,0.0
2023-07-07 14:30:00-04:00,29.344999313354492,29.364999771118164,29.18000030517578,29.219999313354492,458790,0.0,0.0
2023-07-07 15:30:00-04:00,29.209999084472656,29.25,28.90999984741211,28.969999313354492,544986,0.0,0.0
2023-07-10 09:30:00-04:00,28.799999237060547,29.520000457763672,28.510000228881836,29.46500015258789,803778,0.0,0.0
2023-07-10 10:30:00-04:00,29.46500015258789,29.799999237060547,29.350000381469727,29.729999542236328,643081,0.0,0.0
2023-07-10 11:30:00-04:00,29.729999542236328,29.770000457763672,29.579999923706055,29.739999771118164,423912,0.0,0.0
2023-07-10 12:30:00-04:00,29.739999771118164,29.7450008392334,29.523300170898438,29.600000381469727,234136,0.0,0.0
2023-07-10 13:30:00-04:00,29.601499557495117,29.735000610351562,29.594999313354492,29.684999465942383,253625,0.0,0.0
2023-07-10 14:30:00-04:00,29.68000030517578,29.690000534057617,29.56999969482422,29.614999771118164,294474,0.0,0.0
2023-07-10 15:30:00-04:00,29.614999771118164,29.68000030517578,29.520000457763672,29.559999465942383,567013,0.0,0.0
2023-07-11 09:30:00-04:00,29.139999389648438,30.739999771118164,29.06999969482422,30.739999771118164,1139639,0.0,0.0
2023-07-11 10:30:00-04:00,30.729999542236328,31.024999618530273,30.5,30.739999771118164,929378,0.0,0.0
2023-07-11 11:30:00-04:00,30.729999542236328,30.924999237060547,30.631399154663086,30.729999542236328,351582,0.0,0.0
2023-07-11 12:30:00-04:00,30.729999542236328,30.760000228881836,30.420000076293945,30.56999969482422,300159,0.0,0.0
2023-07-11 13:30:00-04:00,30.575000762939453,30.59000015258789,30.325000762939453,30.420000076293945,234154,0.0,0.0
2023-07-11 14:30:00-04:00,30.43000030517578,30.475000381469727,30.30500030517578,30.350000381469727,341989,0.0,0.0
2023-07-11 15:30:00-04:00,30.3700008392334,30.479999542236328,30.309999465942383,30.424999237060547,510951,0.0,0.0
2023-07-12 09:30:00-04:00,31.43000030517578,32.209999084472656,31.219999313354492,31.489999771118164,1601068,0.0,0.0
2023-07-12 10:30:00-04:00,31.479999542236328,32.04999923706055,31.459999084472656,31.850000381469727,722622,0.0,0.0
2023-07-12 11:30:00-04:00,31.84000015258789,31.975000381469727,31.639999389648438,31.700000762939453,939484,0.0,0.0
2023-07-12 12:30:00-04:00,31.709999084472656,31.799999237060547,31.520000457763672,31.552000045776367,534809,0.0,0.0
2023-07-12 13:30:00-04:00,31.549999237060547,31.6200008392334,31.280000686645508,31.329999923706055,475347,0.0,0.0
2023-07-12 14:30:00-04:00,31.344999313354492,31.469999313354492,31.075000762939453,31.135000228881836,563011,0.0,0.0
2023-07-12 15:30:00-04:00,31.139999389648438,31.28499984741211,31.06999969482422,31.28499984741211,756068,0.0,0.0
2023-07-13 09:30:00-04:00,31.520000457763672,32.02000045776367,31.1200008392334,31.989999771118164,641588,0.0,0.0
2023-07-13 10:30:00-04:00,31.989999771118164,32.334999084472656,31.739999771118164,31.829999923706055,533459,0.0,0.0
2023-07-13 11:30:00-04:00,31.829999923706055,31.934999465942383,31.7091007232666,31.934999465942383,226282,0.0,0.0
2023-07-13 12:30:00-04:00,31.93000030517578,31.969999313354492,31.799999237060547,31.854999542236328,198104,0.0,0.0
2023-07-13 13:30:00-04:00,31.850000381469727,32.02000045776367,31.75,31.959999084472656,268889,0.0,0.0
2023-07-13 14:30:00-04:00,31.950000762939453,31.959999084472656,31.8700008392334,31.920000076293945,243551,0.0,0.0
2023-07-13 15:30:00-04:00,31.920000076293945,32.040000915527344,31.899999618530273,32.0,481916,0.0,0.0
2023-07-14 09:30:00-04:00,32.70000076293945,32.70000076293945,30.8700008392334,31.06999969482422,1241994,0.0,0.0
2023-07-14 10:30:00-04:00,31.049999237060547,31.079999923706055,30.579999923706055,30.780000686645508,1033397,0.0,0.0
2023-07-14 11:30:00-04:00,30.780000686645508,31.040000915527344,30.625,30.840099334716797,482687,0.0,0.0
2023-07-14 12:30:00-04:00,30.850000381469727,31.079999923706055,30.81999969482422,30.895000457763672,392225,0.0,0.0
2023-07-14 13:30:00-04:00,30.895000457763672,31.010000228881836,30.850000381469727,30.90999984741211,247109,0.0,0.0
2023-07-14 14:30:00-04:00,30.899999618530273,30.9950008392334,30.780000686645508,30.81999969482422,319353,0.0,0.0
2023-07-14 15:30:00-04:00,30.81999969482422,30.84000015258789,30.65999984741211,30.709999084472656,577062,0.0,0.0
2023-07-17 09:30:00-04:00,30.6299991607666,31.1200008392334,30.34000015258789,30.985000610351562,489482,0.0,0.0
2023-07-17 10:30:00-04:00,30.989999771118164,31.309999465942383,30.920000076293945,31.15399932861328,326028,0.0,0.0
2023-07-17 11:30:00-04:00,31.149999618530273,31.395000457763672,31.09000015258789,31.219999313354492,235749,0.0,0.0
2023-07-17 12:30:00-04:00,31.190000534057617,31.3799991607666,31.190000534057617,31.3789005279541,172075,0.0,0.0
2023-07-17 13:30:00-04:00,31.3700008392334,31.5,31.30500030517578,31.479999542236328,229457,0.0,0.0
2023-07-17 14:30:00-04:00,31.479999542236328,31.5,31.395000457763672,31.469999313354492,253895,0.0,0.0
2023-07-17 15:30:00-04:00,31.475000381469727,31.5049991607666,31.31999969482422,31.350000381469727,347838,0.0,0.0
2023-07-18 09:30:00-04:00,31.479999542236328,33.27000045776367,31.344999313354492,32.959999084472656,1509025,0.0,0.0
2023-07-18 10:30:00-04:00,32.95000076293945,32.95000076293945,32.16999816894531,32.689998626708984,784203,0.0,0.0
2023-07-18 11:30:00-04:00,32.670101165771484,32.670101165771484,32.20000076293945,32.4900016784668,250446,0.0,0.0
2023-07-18 12:30:00-04:00,32.47999954223633,32.489200592041016,32.2599983215332,32.29499816894531,308362,0.0,0.0
2023-07-18 13:30:00-04:00,32.29999923706055,32.5098991394043,32.15999984741211,32.459999084472656,401282,0.0,0.0
2023-07-18 14:30:00-04:00,32.459999084472656,32.779998779296875,32.29999923706055,32.66999816894531,450128,0.0,0.0
2023-07-18 15:30:00-04:00,32.66999816894531,32.689998626708984,32.380001068115234,32.43000030517578,886157,0.0,0.0
2023-07-19 09:30:00-04:00,32.79999923706055,34.209999084472656,32.5099983215332,33.970001220703125,1348602,0.0,0.0
2023-07-19 10:30:00-04:00,34.005001068115234,34.189998626708984,33.61000061035156,33.88999938964844,920619,0.0,0.0
2023-07-19 11:30:00-04:00,33.88999938964844,34.40999984741211,33.880001068115234,34.20500183105469,686107,0.0,0.0
2023-07-19 12:30:00-04:00,34.20000076293945,34.630001068115234,33.97999954223633,34.5099983215332,841994,0.0,0.0
2023-07-19 13:30:00-04:00,34.5099983215332,34.56990051269531,34.20000076293945,34.47999954223633,807801,0.0,0.0
2023-07-19 14:30:00-04:00,34.470001220703125,34.79999923706055,34.470001220703125,34.77000045776367,979837,0.0,0.0
2023-07-19 15:30:00-04:00,34.7599983215332,34.84000015258789,34.45000076293945,34.459999084472656,1524670,0.0,0.0
2023-07-20 09:30:00-04:00,37.02000045776367,38.459999084472656,36.220001220703125,37.34000015258789,3675680,0.0,0.0
2023-07-20 10:30:00-04:00,37.36000061035156,38.04999923706055,36.880001068115234,37.689998626708984,1457015,0.0,0.0
2023-07-20 11:30:00-04:00,37.70000076293945,38.2599983215332,37.63999938964844,38.060001373291016,840015,0.0,0.0
2023-07-20 12:30:00-04:00,38.06999969482422,38.2599983215332,37.90999984741211,38.140201568603516,676955,0.0,0.0
2023-07-20 13:30:00-04:00,38.13999938964844,38.438499450683594,37.7599983215332,37.7599983215332,888568,0.0,0.0
2023-07-20 14:30:00-04:00,37.76499938964844,38.0,37.529998779296875,37.70000076293945,964761,0.0,0.0
2023-07-20 15:30:00-04:00,37.70000076293945,37.970001220703125,37.689998626708984,37.880001068115234,999262,0.0,0.0
2023-07-21 09:30:00-04:00,38.06999969482422,38.150001525878906,36.43000030517578,36.720001220703125,1666347,0.0,0.0
2023-07-21 10:30:00-04:00,36.70000076293945,37.08000183105469,35.86000061035156,36.2598991394043,958175,0.0,0.0
2023-07-21 11:30:00-04:00,36.240299224853516,36.66999816894531,36.150001525878906,36.459999084472656,565688,0.0,0.0
2023-07-21 12:30:00-04:00,36.459999084472656,36.630001068115234,36.2400016784668,36.279998779296875,435905,0.0,0.0
2023-07-21 13:30:00-04:00,36.290000915527344,36.51499938964844,36.27000045776367,36.30500030517578,315635,0.0,0.0
2023-07-21 14:30:00-04:00,36.31999969482422,36.41999816894531,35.9900016784668,36.10499954223633,484927,0.0,0.0
2023-07-21 15:30:00-04:00,36.11000061035156,36.16999816894531,36.0099983215332,36.099998474121094,865951,0.0,0.0
2023-07-24 09:30:00-04:00,35.70009994506836,36.52000045776367,35.69499969482422,35.869998931884766,916401,0.0,0.0
2023-07-24 10:30:00-04:00,35.849998474121094,36.2400016784668,35.65999984741211,36.23500061035156,895150,0.0,0.0
2023-07-24 11:30:00-04:00,36.2400016784668,36.8390007019043,35.970001220703125,36.8390007019043,597522,0.0,0.0
2023-07-24 12:30:00-04:00,36.84000015258789,37.400001525878906,36.81999969482422,37.28499984741211,525183,0.0,0.0
2023-07-24 13:30:00-04:00,37.279998779296875,37.42499923706055,37.0,37.08000183105469,346681,0.0,0.0
2023-07-24 14:30:00-04:00,37.064998626708984,37.1150016784668,36.88999938964844,36.93000030517578,523935,0.0,0.0
2023-07-24 15:30:00-04:00,36.915000915527344,37.16999816894531,36.89080047607422,37.09000015258789,727758,0.0,0.0
2023-07-25 09:30:00-04:00,37.345001220703125,37.59000015258789,36.68000030517578,37.16999816894531,685903,0.0,0.0
2023-07-25 10:30:00-04:00,37.16999816894531,37.220001220703125,36.849998474121094,37.05500030517578,404654,0.0,0.0
2023-07-25 11:30:00-04:00,37.060001373291016,37.119998931884766,36.72999954223633,36.77000045776367,415363,0.0,0.0
2023-07-25 12:30:00-04:00,36.779998779296875,37.09000015258789,36.779998779296875,37.04499816894531,347626,0.0,0.0
2023-07-25 13:30:00-04:00,37.04999923706055,37.11000061035156,36.91999816894531,36.91999816894531,239709,0.0,0.0
2023-07-25 14:30:00-04:00,36.91999816894531,37.189998626708984,35.42300033569336,36.0,1964728,0.0,0.0
2023-07-25 15:30:00-04:00,35.9900016784668,36.06999969482422,35.7400016784668,35.77000045776367,817915,0.0,0.0
2023-07-26 09:30:00-04:00,36.79999923706055,38.04999923706055,36.790000915527344,37.790000915527344,887227,0.0,0.0
2023-07-26 10:30:00-04:00,37.810001373291016,38.220001220703125,37.720001220703125,38.0,479562,0.0,0.0
2023-07-26 11:30:00-04:00,38.00400161743164,38.31999969482422,37.970001220703125,38.2400016784668,361206,0.0,0.0
2023-07-26 12:30:00-04:00,38.2400016784668,38.26499938964844,38.0343017578125,38.060001373291016,204473,0.0,0.0
2023-07-26 13:30:00-04:00,38.03499984741211,38.099998474121094,37.775001525878906,37.94670104980469,296644,0.0,0.0
2023-07-26 14:30:00-04:00,37.95000076293945,38.63999938964844,37.880001068115234,38.28499984741211,635041,0.0,0.0
2023-07-26 15:30:00-04:00,38.28499984741211,38.52000045776367,38.05500030517578,38.47999954223633,987817,0.0,0.0
2023-07-27 09:30:00-04:00,38.65999984741211,39.38999938964844,38.61000061035156,39.32500076293945,1026773,0.0,0.0
2023-07-27 10:30:00-04:00,39.32500076293945,39.63999938964844,39.0099983215332,39.20000076293945,485556,0.0,0.0
2023-07-27 11:30:00-04:00,39.20000076293945,39.209999084472656,38.59000015258789,38.79999923706055,417966,0.0,0.0
2023-07-27 12:30:00-04:00,38.790000915527344,38.869998931884766,38.369998931884766,38.45000076293945,344735,0.0,0.0
2023-07-27 13:30:00-04:00,38.44060134887695,38.5,38.02000045776367,38.060001373291016,284491,0.0,0.0
2023-07-27 14:30:00-04:00,38.04999923706055,38.15999984741211,37.45000076293945,37.45000076293945,469254,0.0,0.0
2023-07-27 15:30:00-04:00,37.459999084472656,37.724998474121094,37.349998474121094,37.58000183105469,801038,0.0,0.0
2023-07-28 09:30:00-04:00,38.290000915527344,38.814998626708984,37.84000015258789,38.790000915527344,465432,0.0,0.0
2023-07-28 10:30:00-04:00,38.810001373291016,38.970001220703125,38.59000015258789,38.939998626708984,435112,0.0,0.0
2023-07-28 11:30:00-04:00,38.90999984741211,38.939998626708984,38.41999816894531,38.5,283178,0.0,0.0
2023-07-28 12:30:00-04:00,38.470001220703125,38.56999969482422,38.380001068115234,38.5,217358,0.0,0.0
2023-07-28 13:30:00-04:00,38.5,38.529998779296875,38.18000030517578,38.41999816894531,268666,0.0,0.0
2023-07-28 14:30:00-04:00,38.40999984741211,38.46500015258789,38.27000045776367,38.36000061035156,256923,0.0,0.0
2023-07-28 15:30:00-04:00,38.349998474121094,38.75,38.33000183105469,38.70000076293945,426043,0.0,0.0
2023-07-31 09:30:00-04:00,38.91999816894531,39.11000061035156,38.47999954223633,38.529998779296875,542600,0.0,0.0
2023-07-31 10:30:00-04:00,38.4900016784668,38.5099983215332,37.84000015258789,38.025001525878906,544789,0.0,0.0
2023-07-31 11:30:00-04:00,38.029998779296875,38.099998474121094,37.72999954223633,37.935001373291016,371932,0.0,0.0
2023-07-31 12:30:00-04:00,37.93000030517578,37.95500183105469,37.650001525878906,37.70000076293945,316230,0.0,0.0
2023-07-31 13:30:00-04:00,37.689998626708984,37.81999969482422,37.650001525878906,37.71500015258789,252998,0.0,0.0
2023-07-31 14:30:00-04:00,37.71500015258789,38.08000183105469,37.665000915527344,38.04499816894531,340269,0.0,0.0
2023-07-31 15:30:00-04:00,38.04999923706055,38.3849983215332,37.939998626708984,38.2599983215332,825625,0.0,0.0
2023-08-01 09:30:00-04:00,38.650001525878906,38.68000030517578,36.529998779296875,36.62839889526367,1041366,0.0,0.0
2023-08-01 10:30:00-04:00,36.619998931884766,37.099998474121094,36.529998779296875,36.880001068115234,432500,0.0,0.0
2023-08-01 11:30:00-04:00,36.869998931884766,37.15999984741211,36.869998931884766,37.060001373291016,286840,0.0,0.0
2023-08-01 12:30:00-04:00,37.060001373291016,37.15999984741211,36.939998626708984,37.099998474121094,150484,0.0,0.0
2023-08-01 13:30:00-04:00,37.099998474121094,37.150001525878906,36.959999084472656,37.06999969482422,228403,0.0,0.0
2023-08-01 14:30:00-04:00,37.06999969482422,37.18000030517578,36.9900016784668,37.067501068115234,251363,0.0,0.0
2023-08-01 15:30:00-04:00,37.060001373291016,37.18000030517578,36.95000076293945,37.11000061035156,547276,0.0,0.0
2023-08-02 09:30:00-04:00,36.16999816894531,37.0,35.95000076293945,36.4099006652832,664187,0.0,0.0
2023-08-02 10:30:00-04:00,36.41999816894531,36.58000183105469,35.779998779296875,36.21500015258789,734215,0.0,0.0
2023-08-02 11:30:00-04:00,36.220001220703125,36.45989990234375,36.05500030517578,36.38999938964844,266238,0.0,0.0
2023-08-02 12:30:00-04:00,36.380001068115234,36.474998474121094,36.20000076293945,36.314998626708984,254454,0.0,0.0
2023-08-02 13:30:00-04:00,36.29999923706055,36.45000076293945,36.290000915527344,36.36000061035156,182814,0.0,0.0
2023-08-02 14:30:00-04:00,36.36000061035156,36.5,36.279998779296875,36.33000183105469,185263,0.0,0.0
2023-08-02 15:30:00-04:00,36.33000183105469,36.69499969482422,36.29999923706055,36.63999938964844,505505,0.0,0.0
2023-08-03 09:30:00-04:00,36.5,36.95000076293945,36.11000061035156,36.25,410329,0.0,0.0
2023-08-03 10:30:00-04:00,36.22999954223633,36.790000915527344,36.18000030517578,36.7400016784668,271243,0.0,0.0
2023-08-03 11:30:00-04:00,36.7400016784668,37.02000045776367,36.70500183105469,36.97999954223633,245861,0.0,0.0
2023-08-03 12:30:00-04:00,36.9900016784668,37.4900016784668,36.93000030517578,37.400001525878906,225027,0.0,0.0
2023-08-03 13:30:00-04:00,37.38999938964844,37.5099983215332,37.279998779296875,37.47999954223633,243597,0.0,0.0
2023-08-03 14:30:00-04:00,37.470001220703125,37.4900016784668,37.22999954223633,37.25,289646,0.0,0.0
2023-08-03 15:30:00-04:00,37.255001068115234,37.529998779296875,37.25,37.40999984741211,446076,0.0,0.0
2023-08-04 09:30:00-04:00,37.125,37.939998626708984,37.064998626708984,37.8849983215332,287616,0.0,0.0
2023-08-04 10:30:00-04:00,37.91999816894531,38.150001525878906,37.727298736572266,38.084999084472656,375093,0.0,0.0
2023-08-04 11:30:00-04:00,38.08000183105469,38.40999984741211,38.03499984741211,38.3849983215332,312018,0.0,0.0
2023-08-04 12:30:00-04:00,38.37919998168945,38.560001373291016,38.2599983215332,38.38999938964844,229589,0.0,0.0
2023-08-04 13:30:00-04:00,38.38999938964844,38.46500015258789,37.869998931884766,37.97999954223633,309901,0.0,0.0
2023-08-04 14:30:00-04:00,37.974998474121094,38.060001373291016,37.779998779296875,37.90999984741211,237210,0.0,0.0
2023-08-04 15:30:00-04:00,37.93000030517578,37.9900016784668,37.810001373291016,37.91999816894531,498413,0.0,0.0
2023-08-07 09:30:00-04:00,37.91999816894531,38.34000015258789,37.70000076293945,38.290000915527344,291304,0.0,0.0
2023-08-07 10:30:00-04:00,38.27000045776367,38.505001068115234,38.1505012512207,38.15999984741211,368906,0.0,0.0
2023-08-07 11:30:00-04:00,38.15999984741211,38.404998779296875,38.02000045776367,38.18000030517578,355936,0.0,0.0
2023-08-07 12:30:00-04:00,38.18000030517578,38.23500061035156,38.08000183105469,38.130001068115234,229506,0.0,0.0
2023-08-07 13:30:00-04:00,38.13999938964844,38.349998474121094,38.060001373291016,38.064998626708984,256173,0.0,0.0
2023-08-07 14:30:00-04:00,38.06999969482422,38.15999984741211,38.0099983215332,38.040000915527344,275169,0.0,0.0
2023-08-07 15:30:00-04:00,38.040000915527344,38.220001220703125,38.029998779296875,38.150001525878906,542836,0.0,0.0
2023-08-08 09:30:00-04:00,36.68000030517578,36.900001525878906,35.95000076293945,36.849998474121094,947814,0.0,0.0
2023-08-08 10:30:00-04:00,36.84000015258789,37.02000045776367,36.560001373291016,36.95000076293945,311196,0.0,0.0
2023-08-08 11:30:00-04:00,36.95000076293945,37.279998779296875,36.939998626708984,37.119998931884766,302478,0.0,0.0
2023-08-08 12:30:00-04:00,37.119998931884766,37.369998931884766,37.119998931884766,37.290000915527344,305678,0.0,0.0
2023-08-08 13:30:00-04:00,37.29999923706055,37.810001373291016,37.25,37.77000045776367,189243,0.0,0.0
2023-08-08 14:30:00-04:00,37.79999923706055,37.9900016784668,37.68000030517578,37.93000030517578,382768,0.0,0.0
2023-08-08 15:30:00-04:00,37.93000030517578,38.209999084472656,37.869998931884766,38.18000030517578,487442,0.0,0.0
2023-08-09 09:30:00-04:00,37.849998474121094,38.380001068115234,37.2599983215332,38.33000183105469,402667,0.0,0.0
2023-08-09 10:30:00-04:00,38.31999969482422,38.61000061035156,37.7599983215332,37.82500076293945,488706,0.0,0.0
2023-08-09 11:30:00-04:00,37.79999923706055,37.81999969482422,37.38999938964844,37.529998779296875,167799,0.0,0.0
2023-08-09 12:30:00-04:00,37.52000045776367,37.71500015258789,37.470001220703125,37.689998626708984,135309,0.0,0.0
2023-08-09 13:30:00-04:00,37.682899475097656,38.12900161743164,37.682899475097656,38.09000015258789,274973,0.0,0.0
2023-08-09 14:30:00-04:00,38.099998474121094,38.229000091552734,37.654998779296875,37.7400016784668,784358,0.0,0.0
2023-08-09 15:30:00-04:00,37.75,37.779998779296875,37.334999084472656,37.40999984741211,472292,0.0,0.0
2023-08-10 09:30:00-04:00,37.66999816894531,38.09000015258789,37.56999969482422,37.91999816894531,385355,0.0,0.0
2023-08-10 10:30:00-04:00,37.93000030517578,37.95000076293945,37.43000030517578,37.470001220703125,402312,0.0,0.0
2023-08-10 11:30:00-04:00,37.45000076293945,37.5,37.189998626708984,37.25,192462,0.0,0.0
2023-08-10 12:30:00-04:00,37.2400016784668,37.380001068115234,37.08000183105469,37.25,267288,0.0,0.0
2023-08-10 13:30:00-04:00,37.25,37.560001373291016,37.189998626708984,37.380001068115234,175644,0.0,0.0
2023-08-10 14:30:00-04:00,37.380001068115234,37.63999938964844,37.33000183105469,37.38999938964844,171758,0.0,0.0
2023-08-10 15:30:00-04:00,37.41999816894531,37.58000183105469,37.31999969482422,37.5,431545,0.0,0.0
2023-08-11 09:30:00-04:00,37.029998779296875,38.38999938964844,36.88999938964844,38.369998931884766,325896,0.0,0.0
2023-08-11 10:30:00-04:00,38.380001068115234,38.529998779296875,38.22999954223633,38.290000915527344,381391,0.0,0.0
2023-08-11 11:30:00-04:00,38.29999923706055,38.625,38.22999954223633,38.560001373291016,314011,0.0,0.0
2023-08-11 12:30:00-04:00,38.564998626708984,38.650001525878906,38.494998931884766,38.59000015258789,224778,0.0,0.0
2023-08-11 13:30:00-04:00,38.59000015258789,38.6150016784668,38.3650016784668,38.459999084472656,314043,0.0,0.0
2023-08-11 14:30:00-04:00,38.459999084472656,38.529998779296875,38.29999923706055,38.41999816894531,357874,0.0,0.0
2023-08-11 15:30:00-04:00,38.404998779296875,38.470001220703125,38.279998779296875,38.29499816894531,477394,0.0,0.0
2023-08-14 09:30:00-04:00,37.779998779296875,37.78099822998047,37.13999938964844,37.39500045776367,605984,0.0,0.0
2023-08-14 10:30:00-04:00,37.380001068115234,37.650001525878906,37.220001220703125,37.220001220703125,248096,0.0,0.0
2023-08-14 11:30:00-04:00,37.25,37.61000061035156,37.16999816894531,37.41999816894531,170143,0.0,0.0
2023-08-14 12:30:00-04:00,37.439998626708984,37.599998474121094,37.34000015258789,37.380001068115234,116080,0.0,0.0
2023-08-14 13:30:00-04:00,37.369998931884766,37.435001373291016,37.22999954223633,37.2400016784668,154846,0.0,0.0
2023-08-14 14:30:00-04:00,37.2400016784668,37.255001068115234,37.029998779296875,37.099998474121094,295639,0.0,0.0
2023-08-14 15:30:00-04:00,37.09000015258789,37.439998626708984,37.064998626708984,37.43000030517578,506019,0.0,0.0
2023-08-15 09:30:00-04:00,36.5,36.790000915527344,35.79999923706055,36.029998779296875,764583,0.0,0.0
2023-08-15 10:30:00-04:00,36.02000045776367,36.65999984741211,35.869998931884766,36.38999938964844,388109,0.0,0.0
2023-08-15 11:30:00-04:00,36.369998931884766,36.46500015258789,36.15999984741211,36.16999816894531,198538,0.0,0.0
2023-08-15 12:30:00-04:00,36.16999816894531,36.18000030517578,35.83000183105469,35.84049987792969,187996,0.0,0.0
2023-08-15 13:30:00-04:00,35.83000183105469,35.880001068115234,35.69499969482422,35.79999923706055,286110,0.0,0.0
2023-08-15 14:30:00-04:00,35.79999923706055,36.029998779296875,35.68000030517578,35.689998626708984,347803,0.0,0.0
2023-08-15 15:30:00-04:00,35.689998626708984,35.91999816894531,35.65999984741211,35.72999954223633,503856,0.0,0.0
2023-08-16 09:30:00-04:00,35.191898345947266,35.540000915527344,34.86000061035156,34.90999984741211,443238,0.0,0.0
2023-08-16 10:30:00-04:00,34.91999816894531,35.10499954223633,34.77000045776367,35.060001373291016,281146,0.0,0.0
2023-08-16 11:30:00-04:00,35.060001373291016,35.31999969482422,35.04999923706055,35.290000915527344,167317,0.0,0.0
2023-08-16 12:30:00-04:00,35.279998779296875,35.400001525878906,35.060001373291016,35.060001373291016,228885,0.0,0.0
2023-08-16 13:30:00-04:00,35.06999969482422,35.2400016784668,34.93000030517578,35.1349983215332,284895,0.0,0.0
2023-08-16 14:30:00-04:00,35.1349983215332,35.16999816894531,34.753700256347656,34.86000061035156,244884,0.0,0.0
2023-08-16 15:30:00-04:00,34.85499954223633,34.915000915527344,34.779998779296875,34.83000183105469,364898,0.0,0.0
2023-08-17 09:30:00-04:00,35.22999954223633,35.29999923706055,34.39500045776367,34.66999816894531,334899,0.0,0.0
2023-08-17 10:30:00-04:00,34.65999984741211,34.81999969482422,34.459999084472656,34.60499954223633,223548,0.0,0.0
2023-08-17 11:30:00-04:00,34.599998474121094,34.77000045776367,34.40999984741211,34.71500015258789,195594,0.0,0.0
2023-08-17 12:30:00-04:00,34.720001220703125,34.939998626708984,34.6150016784668,34.88999938964844,210916,0.0,0.0
2023-08-17 13:30:00-04:00,34.89500045776367,35.02000045776367,34.810001373291016,34.95000076293945,176344,0.0,0.0
2023-08-17 14:30:00-04:00,34.95560073852539,35.04999923706055,34.81999969482422,35.04999923706055,241986,0.0,0.0
2023-08-17 15:30:00-04:00,35.060001373291016,35.150001525878906,34.95000076293945,34.959999084472656,365462,0.0,0.0
2023-08-18 09:30:00-04:00,34.29010009765625,34.935001373291016,34.150001525878906,34.470001220703125,375075,0.0,0.0
2023-08-18 10:30:00-04:00,34.459999084472656,34.880001068115234,34.45000076293945,34.66999816894531,268977,0.0,0.0
2023-08-18 11:30:00-04:00,34.689998626708984,34.726600646972656,34.45000076293945,34.45000076293945,204544,0.0,0.0
2023-08-18 12:30:00-04:00,34.45000076293945,34.63999938964844,34.435001373291016,34.56999969482422,141820,0.0,0.0
2023-08-18 13:30:00-04:00,34.59000015258789,34.689998626708984,34.505001068115234,34.61000061035156,213433,0.0,0.0
2023-08-18 14:30:00-04:00,34.61000061035156,34.65999984741211,34.4900016784668,34.650001525878906,200149,0.0,0.0
2023-08-18 15:30:00-04:00,34.650001525878906,34.880001068115234,34.63999938964844,34.724998474121094,340232,0.0,0.0
2023-08-21 09:30:00-04:00,34.869998931884766,35.0,34.33000183105469,34.369998931884766,264258,0.0,0.0
2023-08-21 10:30:00-04:00,34.3650016784668,34.4900016784668,34.209999084472656,34.220001220703125,237988,0.0,0.0
2023-08-21 11:30:00-04:00,34.22999954223633,34.29999923706055,33.959999084472656,34.060001373291016,406957,0.0,0.0
2023-08-21 12:30:00-04:00,34.04999923706055,34.165000915527344,33.929901123046875,34.165000915527344,237421,0.0,0.0
2023-08-21 13:30:00-04:00,34.165000915527344,34.29999923706055,34.150001525878906,34.28499984741211,146174,0.0,0.0
2023-08-21 14:30:00-04:00,34.290000915527344,34.560001373291016,34.27000045776367,34.51499938964844,244892,0.0,0.0
2023-08-21 15:30:00-04:00,34.51499938964844,34.60499954223633,34.47999954223633,34.540000915527344,449509,0.0,0.0
2023-08-22 09:30:00-04:00,34.5,34.58000183105469,33.52000045776367,33.55339813232422,428178,0.0,0.0
2023-08-22 10:30:00-04:00,33.54999923706055,33.54999923706055,33.130001068115234,33.209999084472656,379340,0.0,0.0
2023-08-22 11:30:00-04:00,33.220001220703125,33.47999954223633,33.189998626708984,33.290000915527344,275190,0.0,0.0
2023-08-22 12:30:00-04:00,33.29999923706055,33.34000015258789,32.939998626708984,33.084999084472656,282003,0.0,0.0
2023-08-22 13:30:00-04:00,33.099998474121094,33.130001068115234,32.970001220703125,33.02000045776367,194365,0.0,0.0
2023-08-22 14:30:00-04:00,33.029998779296875,33.21500015258789,32.900001525878906,32.994998931884766,613605,0.0,0.0
2023-08-22 15:30:00-04:00,32.994998931884766,33.150001525878906,32.959999084472656,33.08000183105469,649687,0.0,0.0
2023-08-23 09:30:00-04:00,33.09000015258789,33.47999954223633,32.650901794433594,33.470001220703125,442108,0.0,0.0
2023-08-23 10:30:00-04:00,33.47999954223633,33.90999984741211,33.38999938964844,33.880001068115234,173637,0.0,0.0
2023-08-23 11:30:00-04:00,33.86000061035156,33.93000030517578,33.77000045776367,33.80500030517578,162858,0.0,0.0
2023-08-23 12:30:00-04:00,33.79999923706055,33.95000076293945,33.7599983215332,33.92499923706055,101357,0.0,0.0
2023-08-23 13:30:00-04:00,33.935001373291016,33.959999084472656,33.779998779296875,33.79499816894531,142084,0.0,0.0
2023-08-23 14:30:00-04:00,33.810001373291016,33.95000076293945,33.80500030517578,33.90999984741211,189930,0.0,0.0
2023-08-23 15:30:00-04:00,33.900001525878906,34.07500076293945,33.880001068115234,33.970001220703125,359641,0.0,0.0
2023-08-24 09:30:00-04:00,34.13999938964844,35.470001220703125,34.000999450683594,34.619998931884766,817164,0.0,0.0
2023-08-24 10:30:00-04:00,34.619998931884766,35.04499816894531,34.58000183105469,34.68000030517578,377668,0.0,0.0
2023-08-24 11:30:00-04:00,34.689998626708984,34.81999969482422,34.45000076293945,34.63999938964844,325407,0.0,0.0
2023-08-24 12:30:00-04:00,34.63999938964844,34.790000915527344,34.39500045776367,34.41999816894531,162851,0.0,0.0
2023-08-24 13:30:00-04:00,34.42499923706055,34.560001373291016,34.33000183105469,34.41999816894531,138889,0.0,0.0
2023-08-24 14:30:00-04:00,34.43000030517578,34.6349983215332,34.369998931884766,34.599998474121094,148057,0.0,0.0
2023-08-24 15:30:00-04:00,34.60499954223633,34.67499923706055,34.45500183105469,34.459999084472656,386219,0.0,0.0
2023-08-25 09:30:00-04:00,34.63999938964844,35.0,34.1150016784668,34.27000045776367,296540,0.0,0.0
2023-08-25 10:30:00-04:00,34.22999954223633,34.2400016784668,33.77000045776367,34.2400016784668,216563,0.0,0.0
2023-08-25 11:30:00-04:00,34.2400016784668,34.34000015258789,34.040000915527344,34.314998626708984,148892,0.0,0.0
2023-08-25 12:30:00-04:00,34.31999969482422,34.38999938964844,33.915000915527344,34.0,109945,0.0,0.0
2023-08-25 13:30:00-04:00,33.9900016784668,34.16999816894531,33.75,34.16999816894531,131309,0.0,0.0
2023-08-25 14:30:00-04:00,34.16999816894531,34.33000183105469,34.08000183105469,34.29999923706055,119446,0.0,0.0
2023-08-25 15:30:00-04:00,34.29999923706055,34.314998626708984,34.029998779296875,34.130001068115234,260574,0.0,0.0
2023-08-28 09:30:00-04:00,34.5,35.19499969482422,34.31999969482422,35.150001525878906,256583,0.0,0.0
2023-08-28 10:30:00-04:00,35.16999816894531,35.189998626708984,34.790000915527344,34.88999938964844,261783,0.0,0.0
2023-08-28 11:30:00-04:00,34.88999938964844,35.06999969482422,34.83000183105469,35.029998779296875,137846,0.0,0.0
2023-08-28 12:30:00-04:00,35.040000915527344,35.189998626708984,34.9900016784668,35.09000015258789,97021,0.0,0.0
2023-08-28 13:30:00-04:00,35.09000015258789,35.099998474121094,34.88999938964844,34.93000030517578,90454,0.0,0.0
2023-08-28 14:30:00-04:00,34.93000030517578,34.9900016784668,34.78499984741211,34.790000915527344,151356,0.0,0.0
2023-08-28 15:30:00-04:00,34.779998779296875,34.939998626708984,34.7400016784668,34.88999938964844,342538,0.0,0.0
2023-08-29 09:30:00-04:00,34.70000076293945,35.213401794433594,34.439998626708984,35.20500183105469,200056,0.0,0.0
2023-08-29 10:30:00-04:00,35.20000076293945,35.35499954223633,35.060001373291016,35.34000015258789,370132,0.0,0.0
2023-08-29 11:30:00-04:00,35.349998474121094,35.65999984741211,35.33000183105469,35.63999938964844,203218,0.0,0.0
2023-08-29 12:30:00-04:00,35.63999938964844,35.709999084472656,35.40999984741211,35.70000076293945,145970,0.0,0.0
2023-08-29 13:30:00-04:00,35.70500183105469,35.70500183105469,35.47999954223633,35.4900016784668,185557,0.0,0.0
2023-08-29 14:30:00-04:00,35.47999954223633,35.560001373291016,35.275001525878906,35.39500045776367,185314,0.0,0.0
2023-08-29 15:30:00-04:00,35.400001525878906,35.459999084472656,35.334999084472656,35.43000030517578,312488,0.0,0.0
2023-08-30 09:30:00-04:00,35.45000076293945,35.58000183105469,35.0099983215332,35.11000061035156,264634,0.0,0.0
2023-08-30 10:30:00-04:00,35.099998474121094,35.220001220703125,34.935001373291016,35.189998626708984,300240,0.0,0.0
2023-08-30 11:30:00-04:00,35.189998626708984,35.220001220703125,35.029998779296875,35.20000076293945,214513,0.0,0.0
2023-08-30 12:30:00-04:00,35.209999084472656,35.209999084472656,35.060001373291016,35.13999938964844,164643,0.0,0.0
2023-08-30 13:30:00-04:00,35.130001068115234,35.185001373291016,34.93000030517578,34.9900016784668,197137,0.0,0.0
2023-08-30 14:30:00-04:00,34.970001220703125,35.04999923706055,34.900001525878906,34.994998931884766,255685,0.0,0.0
2023-08-30 15:30:00-04:00,35.0,35.02000045776367,34.880001068115234,35.0,302935,0.0,0.0
2023-08-31 09:30:00-04:00,35.08000183105469,35.4900016784668,34.86000061035156,35.459999084472656,325765,0.0,0.0
2023-08-31 10:30:00-04:00,35.45000076293945,35.540000915527344,35.33000183105469,35.52000045776367,156896,0.0,0.0
2023-08-31 11:30:00-04:00,35.46500015258789,35.46500015258789,35.26649856567383,35.369998931884766,85167,0.0,0.0
2023-08-31 12:30:00-04:00,35.369998931884766,35.470001220703125,35.31999969482422,35.369998931884766,160101,0.0,0.0
2023-08-31 13:30:00-04:00,35.38999938964844,35.540000915527344,35.369998931884766,35.52000045776367,108692,0.0,0.0
2023-08-31 14:30:00-04:00,35.52000045776367,35.540000915527344,35.3135986328125,35.35499954223633,184791,0.0,0.0
2023-08-31 15:30:00-04:00,35.36000061035156,35.52000045776367,35.29999923706055,35.5099983215332,350562,0.0,0.0
2023-09-01 09:30:00-04:00,35.7599983215332,36.34000015258789,35.7599983215332,36.16999816894531,332848,0.0,0.0
2023-09-01 10:30:00-04:00,36.16999816894531,36.25,36.02000045776367,36.11000061035156,327301,0.0,0.0
2023-09-01 11:30:00-04:00,36.130001068115234,36.2400016784668,35.97999954223633,36.19499969482422,553199,0.0,0.0
2023-09-01 12:30:00-04:00,36.19499969482422,36.435001373291016,36.189998626708984,36.290000915527344,212464,0.0,0.0
2023-09-01 13:30:00-04:00,36.279998779296875,36.58000183105469,36.275001525878906,36.57500076293945,279346,0.0,0.0
2023-09-01 14:30:00-04:00,36.560001373291016,36.599998474121094,36.39500045776367,36.41999816894531,244334,0.0,0.0
2023-09-01 15:30:00-04:00,36.40999984741211,36.459999084472656,36.268001556396484,36.439998626708984,544896,0.0,0.0
2023-09-05 09:30:00-04:00,36.08000183105469,37.0099983215332,36.08000183105469,36.95000076293945,534540,0.0,0.0
2023-09-05 10:30:00-04:00,36.95000076293945,36.97999954223633,36.65999984741211,36.7400016784668,226905,0.0,0.0
2023-09-05 11:30:00-04:00,36.72999954223633,36.7599983215332,36.42499923706055,36.560001373291016,183631,0.0,0.0
2023-09-05 12:30:00-04:00,36.560001373291016,36.59000015258789,36.400001525878906,36.435001373291016,148014,0.0,0.0
2023-09-05 13:30:00-04:00,36.45000076293945,36.4900016784668,36.3849983215332,36.38999938964844,127925,0.0,0.0
2023-09-05 14:30:00-04:00,36.400001525878906,36.5,36.349998474121094,36.380001068115234,145459,0.0,0.0
2023-09-05 15:30:00-04:00,36.369998931884766,36.43000030517578,36.11000061035156,36.130001068115234,495254,0.0,0.0
2023-09-06 09:30:00-04:00,35.599998474121094,35.939998626708984,35.040000915527344,35.040000915527344,568715,0.0,0.0
2023-09-06 10:30:00-04:00,35.04999923706055,35.15399932861328,34.75,34.77000045776367,462408,0.0,0.0
2023-09-06 11:30:00-04:00,34.75,34.810001373291016,34.36000061035156,34.439998626708984,490115,0.0,0.0
2023-09-06 12:30:00-04:00,34.439998626708984,34.5,34.220001220703125,34.29999923706055,246495,0.0,0.0
2023-09-06 13:30:00-04:00,34.290000915527344,34.64500045776367,34.2400016784668,34.61000061035156,205895,0.0,0.0
2023-09-06 14:30:00-04:00,34.61000061035156,34.849998474121094,34.61000061035156,34.790000915527344,208070,0.0,0.0
2023-09-06 15:30:00-04:00,34.779998779296875,34.869998931884766,34.70000076293945,34.814998626708984,500687,0.0,0.0
2023-09-07 09:30:00-04:00,34.529998779296875,35.060001373291016,34.08000183105469,34.119998931884766,303400,0.0,0.0
2023-09-07 10:30:00-04:00,34.13999938964844,34.43000030517578,34.02000045776367,34.400001525878906,238262,0.0,0.0
2023-09-07 11:30:00-04:00,34.404998779296875,34.529998779296875,34.119998931884766,34.119998931884766,197927,0.0,0.0
2023-09-07 12:30:00-04:00,34.119998931884766,34.189998626708984,33.97999954223633,34.185001373291016,254341,0.0,0.0
2023-09-07 13:30:00-04:00,34.189998626708984,34.209999084472656,33.790000915527344,33.80500030517578,154776,0.0,0.0
2023-09-07 14:30:00-04:00,33.790000915527344,33.93000030517578,33.709999084472656,33.80720138549805,393393,0.0,0.0
2023-09-07 15:30:00-04:00,33.810001373291016,34.0,33.790000915527344,33.84000015258789,483337,0.0,0.0
2023-09-08 09:30:00-04:00,34.029998779296875,34.029998779296875,32.935001373291016,33.439998626708984,678399,0.0,0.0
2023-09-08 10:30:00-04:00,33.43000030517578,33.880001068115234,33.33000183105469,33.869998931884766,473022,0.0,0.0
2023-09-08 11:30:00-04:00,33.86000061035156,34.20000076293945,33.790000915527344,34.185001373291016,348208,0.0,0.0
2023-09-08 12:30:00-04:00,34.189998626708984,34.54999923706055,34.12009811401367,34.43000030517578,355158,0.0,0.0
2023-09-08 13:30:00-04:00,34.45000076293945,34.75,34.40999984741211,34.75,269406,0.0,0.0
2023-09-08 14:30:00-04:00,34.75,34.810001373291016,34.6150016784668,34.79499816894531,335996,0.0,0.0
2023-09-08 15:30:00-04:00,34.79499816894531,34.95000076293945,34.68000030517578,34.939998626708984,592043,0.0,0.0
2023-09-11 09:30:00-04:00,35.119998931884766,35.68000030517578,35.040000915527344,35.459999084472656,358539,0.0,0.0
2023-09-11 10:30:00-04:00,35.45000076293945,35.540000915527344,35.279998779296875,35.310001373291016,233504,0.0,0.0
2023-09-11 11:30:00-04:00,35.310001373291016,35.310001373291016,35.0099983215332,35.22999954223633,187527,0.0,0.0
2023-09-11 12:30:00-04:00,35.2400016784668,35.369998931884766,35.06999969482422,35.099998474121094,345709,0.0,0.0
2023-09-11 13:30:00-04:00,35.09000015258789,35.09000015258789,34.61000061035156,34.68000030517578,412658,0.0,0.0
2023-09-11 14:30:00-04:00,34.685001373291016,34.869998931884766,34.65999984741211,34.790000915527344,187265,0.0,0.0
2023-09-11 15:30:00-04:00,34.790000915527344,34.814998626708984,34.619998931884766,34.75,439595,0.0,0.0
2023-09-12 09:30:00-04:00,36.11000061035156,37.43000030517578,35.88999938964844,36.38999938964844,1679994,0.0,0.0
2023-09-12 10:30:00-04:00,36.400001525878906,37.060001373291016,36.349998474121094,36.97999954223633,603905,0.0,0.0
2023-09-12 11:30:00-04:00,36.994998931884766,37.459999084472656,36.900001525878906,37.29010009765625,723420,0.0,0.0
2023-09-12 12:30:00-04:00,37.310001373291016,37.505001068115234,37.2400016784668,37.470001220703125,492048,0.0,0.0
2023-09-12 13:30:00-04:00,37.46900177001953,37.630001068115234,37.220001220703125,37.38999938964844,488817,0.0,0.0
2023-09-12 14:30:00-04:00,37.400001525878906,37.404998779296875,36.95000076293945,37.08100128173828,571097,0.0,0.0
2023-09-12 15:30:00-04:00,37.099998474121094,37.20000076293945,37.005001068115234,37.08000183105469,561430,0.0,0.0
2023-09-13 09:30:00-04:00,37.40999984741211,37.40999984741211,35.35749816894531,35.4911994934082,1110068,0.0,0.0
2023-09-13 10:30:00-04:00,35.5,35.75,35.349998474121094,35.689998626708984,559282,0.0,0.0
2023-09-13 11:30:00-04:00,35.689998626708984,35.790000915527344,35.43000030517578,35.494998931884766,361514,0.0,0.0
2023-09-13 12:30:00-04:00,35.48500061035156,35.79999923706055,35.38999938964844,35.65999984741211,250664,0.0,0.0
2023-09-13 13:30:00-04:00,35.654998779296875,35.80500030517578,35.54999923706055,35.63999938964844,259380,0.0,0.0
2023-09-13 14:30:00-04:00,35.65999984741211,35.84000015258789,35.525001525878906,35.834999084472656,447040,0.0,0.0
2023-09-13 15:30:00-04:00,35.834999084472656,36.19499969482422,35.810001373291016,36.13999938964844,915598,0.0,0.0
2023-09-14 09:30:00-04:00,36.5,37.209999084472656,36.34000015258789,36.849998474121094,508983,0.0,0.0
2023-09-14 10:30:00-04:00,36.84000015258789,37.15999984741211,36.75,36.95500183105469,185575,0.0,0.0
2023-09-14 11:30:00-04:00,36.959999084472656,37.09000015258789,36.79999923706055,36.91999816894531,190207,0.0,0.0
2023-09-14 12:30:00-04:00,36.92499923706055,36.97999954223633,36.75,36.97999954223633,166344,0.0,0.0
2023-09-14 13:30:00-04:00,36.974998474121094,37.029998779296875,36.779998779296875,36.91999816894531,208008,0.0,0.0
2023-09-14 14:30:00-04:00,36.90999984741211,37.15999984741211,36.880001068115234,37.0,437217,0.0,0.0
2023-09-14 15:30:00-04:00,37.005001068115234,37.165000915527344,37.0,37.09000015258789,546130,0.0,0.0
2023-09-15 09:30:00-04:00,36.720001220703125,37.189998626708984,36.45000076293945,37.06999969482422,436098,0.0,0.0
2023-09-15 10:30:00-04:00,37.05500030517578,37.27000045776367,36.849998474121094,37.119998931884766,352508,0.0,0.0
2023-09-15 11:30:00-04:00,37.11000061035156,37.130001068115234,36.77000045776367,36.80500030517578,248426,0.0,0.0
2023-09-15 12:30:00-04:00,36.80500030517578,36.88999938964844,36.560001373291016,36.619998931884766,167717,0.0,0.0
2023-09-15 13:30:00-04:00,36.619998931884766,36.91999816894531,36.57500076293945,36.7599983215332,213725,0.0,0.0
2023-09-15 14:30:00-04:00,36.7599983215332,36.959999084472656,36.72999954223633,36.85499954223633,228634,0.0,0.0
2023-09-15 15:30:00-04:00,36.86000061035156,36.9900016784668,36.709999084472656,36.95000076293945,613910,0.0,0.0
2023-09-18 09:30:00-04:00,36.79999923706055,37.0,36.029998779296875,36.227901458740234,301722,0.0,0.0
2023-09-18 10:30:00-04:00,36.25,36.56999969482422,36.150001525878906,36.20000076293945,181345,0.0,0.0
2023-09-18 11:30:00-04:00,36.209999084472656,36.36000061035156,36.04999923706055,36.16999816894531,164436,0.0,0.0
2023-09-18 12:30:00-04:00,36.16999816894531,36.25,36.150001525878906,36.220001220703125,86683,0.0,0.0
2023-09-18 13:30:00-04:00,36.20000076293945,36.279998779296875,36.130001068115234,36.20000076293945,92358,0.0,0.0
2023-09-18 14:30:00-04:00,36.210601806640625,36.369998931884766,36.189998626708984,36.34000015258789,119754,0.0,0.0
2023-09-18 15:30:00-04:00,36.33000183105469,36.349998474121094,36.130001068115234,36.18000030517578,295907,0.0,0.0
2023-09-19 09:30:00-04:00,36.09000015258789,36.619998931884766,35.970001220703125,36.130001068115234,229560,0.0,0.0
2023-09-19 10:30:00-04:00,36.130001068115234,36.189998626708984,35.529998779296875,35.650001525878906,420036,0.0,0.0
2023-09-19 11:30:00-04:00,35.650001525878906,35.83000183105469,35.560001373291016,35.66999816894531,217570,0.0,0.0
2023-09-19 12:30:00-04:00,35.66999816894531,35.689998626708984,35.470001220703125,35.619998931884766,113629,0.0,0.0
2023-09-19 13:30:00-04:00,35.599998474121094,35.72999954223633,35.560001373291016,35.61000061035156,127156,0.0,0.0
2023-09-19 14:30:00-04:00,35.63999938964844,35.90999984741211,35.595001220703125,35.904998779296875,139463,0.0,0.0
2023-09-19 15:30:00-04:00,35.90999984741211,36.029998779296875,35.849998474121094,35.90999984741211,443564,0.0,0.0
2023-09-20 09:30:00-04:00,36.13999938964844,36.650001525878906,36.0099983215332,36.494998931884766,193332,0.0,0.0
2023-09-20 10:30:00-04:00,36.5099983215332,36.68000030517578,36.459999084472656,36.59000015258789,120309,0.0,0.0
2023-09-20 11:30:00-04:00,36.584999084472656,36.595001220703125,36.28499984741211,36.310001373291016,101138,0.0,0.0
2023-09-20 12:30:00-04:00,36.310001373291016,36.40999984741211,36.26499938964844,36.27000045776367,54425,0.0,0.0
2023-09-20 13:30:00-04:00,36.279998779296875,36.33000183105469,35.970001220703125,36.040000915527344,150010,0.0,0.0
2023-09-20 14:30:00-04:00,36.0,36.15999984741211,35.43000030517578,35.665000915527344,331175,0.0,0.0
2023-09-20 15:30:00-04:00,35.66999816894531,35.68000030517578,35.279998779296875,35.30099868774414,676319,0.0,0.0
2023-09-21 09:30:00-04:00,35.029998779296875,35.220001220703125,34.290000915527344,34.790000915527344,454389,0.0,0.0
2023-09-21 10:30:00-04:00,34.78499984741211,34.78499984741211,34.2599983215332,34.290000915527344,410319,0.0,0.0
2023-09-21 11:30:00-04:00,34.29999923706055,34.709999084472656,34.290000915527344,34.40999984741211,322862,0.0,0.0
2023-09-21 12:30:00-04:00,34.40999984741211,34.560001373291016,34.29399871826172,34.4900016784668,237532,0.0,0.0
2023-09-21 13:30:00-04:00,34.459999084472656,34.540000915527344,34.400001525878906,34.5,206762,0.0,0.0
2023-09-21 14:30:00-04:00,34.4900016784668,34.52000045776367,34.084999084472656,34.189998626708984,516300,0.0,0.0
2023-09-21 15:30:00-04:00,34.18000030517578,34.334999084472656,34.13999938964844,34.16999816894531,629767,0.0,0.0
2023-09-22 09:30:00-04:00,34.279998779296875,34.52000045776367,33.64500045776367,34.150001525878906,482971,0.0,0.0
2023-09-22 10:30:00-04:00,34.154998779296875,34.29999923706055,33.81639862060547,34.08000183105469,249733,0.0,0.0
2023-09-22 11:30:00-04:00,34.06999969482422,34.279998779296875,33.994998931884766,34.130001068115234,247368,0.0,0.0
2023-09-22 12:30:00-04:00,34.130001068115234,34.36000061035156,34.04999923706055,34.04999923706055,311612,0.0,0.0
2023-09-22 13:30:00-04:00,34.04999923706055,34.189998626708984,33.959999084472656,34.130001068115234,206584,0.0,0.0
2023-09-22 14:30:00-04:00,34.119998931884766,34.40999984741211,34.09000015258789,34.349998474121094,224844,0.0,0.0
2023-09-22 15:30:00-04:00,34.349998474121094,34.36000061035156,34.06999969482422,34.099998474121094,394610,0.0,0.0
2023-09-25 09:30:00-04:00,33.77000045776367,34.369998931884766,33.63999938964844,34.290000915527344,355558,0.0,0.0
2023-09-25 10:30:00-04:00,34.25,34.380001068115234,33.994998931884766,34.21500015258789,115272,0.0,0.0
2023-09-25 11:30:00-04:00,34.220001220703125,34.2599983215332,34.07500076293945,34.22999954223633,114682,0.0,0.0
2023-09-25 12:30:00-04:00,34.25,34.400001525878906,34.150001525878906,34.220001220703125,74847,0.0,0.0
2023-09-25 13:30:00-04:00,34.22999954223633,34.470001220703125,34.220001220703125,34.45500183105469,132021,0.0,0.0
2023-09-25 14:30:00-04:00,34.459999084472656,34.59000015258789,34.29999923706055,34.45000076293945,183576,0.0,0.0
2023-09-25 15:30:00-04:00,34.43000030517578,34.599998474121094,34.43000030517578,34.58000183105469,238423,0.0,0.0
2023-09-26 09:30:00-04:00,33.84000015258789,34.5099983215332,33.84000015258789,34.47999954223633,201817,0.0,0.0
2023-09-26 10:30:00-04:00,34.45000076293945,34.70000076293945,34.33000183105469,34.36000061035156,118708,0.0,0.0
2023-09-26 11:30:00-04:00,34.36000061035156,34.45000076293945,34.13999938964844,34.349998474121094,107608,0.0,0.0
2023-09-26 12:30:00-04:00,34.369998931884766,34.369998931884766,34.064998626708984,34.064998626708984,134324,0.0,0.0
2023-09-26 13:30:00-04:00,34.04999923706055,34.099998474121094,33.84000015258789,33.880001068115234,174281,0.0,0.0
2023-09-26 14:30:00-04:00,33.875,34.13999938964844,33.869998931884766,33.98500061035156,209013,0.0,0.0
2023-09-26 15:30:00-04:00,33.98500061035156,34.13999938964844,33.959999084472656,34.0,351090,0.0,0.0
2023-09-27 09:30:00-04:00,33.41999816894531,34.060001373291016,33.150001525878906,33.82500076293945,786034,0.0,0.0
2023-09-27 10:30:00-04:00,33.810001373291016,33.974998474121094,33.65999984741211,33.88999938964844,233784,0.0,0.0
2023-09-27 11:30:00-04:00,33.88999938964844,33.900001525878906,33.52000045776367,33.58000183105469,192139,0.0,0.0
2023-09-27 12:30:00-04:00,33.58000183105469,33.68000030517578,33.279998779296875,33.279998779296875,273101,0.0,0.0
2023-09-27 13:30:00-04:00,33.290000915527344,33.47999954223633,33.16999816894531,33.459999084472656,350604,0.0,0.0
2023-09-27 14:30:00-04:00,33.459999084472656,33.75,33.40999984741211,33.44499969482422,359928,0.0,0.0
2023-09-27 15:30:00-04:00,33.439998626708984,33.47999954223633,33.11000061035156,33.16999816894531,923992,0.0,0.0
2023-09-28 09:30:00-04:00,33.18000030517578,33.42599868774414,32.540000915527344,33.2400016784668,541430,0.0,0.0
2023-09-28 10:30:00-04:00,33.220001220703125,33.880001068115234,33.040000915527344,33.86000061035156,350077,0.0,0.0
2023-09-28 11:30:00-04:00,33.86000061035156,34.09000015258789,33.779998779296875,34.02000045776367,185530,0.0,0.0
2023-09-28 12:30:00-04:00,34.0099983215332,34.04999923706055,33.790000915527344,33.8650016784668,136289,0.0,0.0
2023-09-28 13:30:00-04:00,33.8650016784668,34.150001525878906,33.790000915527344,34.08000183105469,205027,0.0,0.0
2023-09-28 14:30:00-04:00,34.09000015258789,34.380001068115234,33.959999084472656,34.2599983215332,177460,0.0,0.0
2023-09-28 15:30:00-04:00,34.26499938964844,34.26499938964844,33.88999938964844,33.95000076293945,419341,0.0,0.0
2023-09-29 09:30:00-04:00,34.720001220703125,35.56999969482422,34.38999938964844,35.380001068115234,506969,0.0,0.0
2023-09-29 10:30:00-04:00,35.3650016784668,35.7400016784668,35.25,35.5099983215332,286650,0.0,0.0
2023-09-29 11:30:00-04:00,35.5099983215332,35.68000030517578,35.30500030517578,35.54999923706055,255383,0.0,0.0
2023-09-29 12:30:00-04:00,35.5099983215332,35.584999084472656,34.845001220703125,35.040000915527344,259768,0.0,0.0
2023-09-29 13:30:00-04:00,35.02000045776367,35.03499984741211,34.709999084472656,34.790000915527344,145654,0.0,0.0
2023-09-29 14:30:00-04:00,34.790000915527344,35.029998779296875,34.68000030517578,34.70500183105469,193334,0.0,0.0
2023-09-29 15:30:00-04:00,34.70000076293945,34.93000030517578,34.55500030517578,34.880001068115234,732726,0.0,0.0
2023-10-02 09:30:00-04:00,34.88999938964844,35.209999084472656,34.04999923706055,34.18000030517578,481606,0.0,0.0
2023-10-02 10:30:00-04:00,34.189998626708984,34.189998626708984,33.459999084472656,33.54999923706055,361494,0.0,0.0
2023-10-02 11:30:00-04:00,33.560001373291016,33.755001068115234,33.21500015258789,33.41999816894531,271600,0.0,0.0
2023-10-02 12:30:00-04:00,33.40999984741211,33.54499816894531,33.220001220703125,33.4900016784668,203099,0.0,0.0
2023-10-02 13:30:00-04:00,33.4900016784668,33.790000915527344,33.34000015258789,33.43000030517578,180188,0.0,0.0
2023-10-02 14:30:00-04:00,33.41999816894531,33.60499954223633,33.40999984741211,33.45000076293945,201402,0.0,0.0
2023-10-02 15:30:00-04:00,33.45000076293945,33.58000183105469,33.404998779296875,33.52000045776367,548802,0.0,0.0
2023-10-03 09:30:00-04:00,33.220001220703125,33.349998474121094,32.66999816894531,32.720001220703125,473531,0.0,0.0
2023-10-03 10:30:00-04:00,32.709999084472656,32.75,32.290000915527344,32.5,437796,0.0,0.0
2023-10-03 11:30:00-04:00,32.4900016784668,32.58000183105469,32.25,32.58000183105469,329544,0.0,0.0
2023-10-03 12:30:00-04:00,32.56999969482422,32.689998626708984,32.41999816894531,32.58000183105469,156085,0.0,0.0
2023-10-03 13:30:00-04:00,32.58000183105469,32.77000045776367,32.47999954223633,32.7400016784668,316107,0.0,0.0
2023-10-03 14:30:00-04:00,32.720001220703125,33.220001220703125,32.689998626708984,32.73500061035156,368122,0.0,0.0
2023-10-03 15:30:00-04:00,32.7400016784668,32.959999084472656,32.709999084472656,32.93000030517578,449746,0.0,0.0
2023-10-04 09:30:00-04:00,33.119998931884766,33.29999923706055,32.2401008605957,32.470001220703125,529740,0.0,0.0
2023-10-04 10:30:00-04:00,32.45000076293945,32.72999954223633,32.41999816894531,32.689998626708984,259368,0.0,0.0
2023-10-04 11:30:00-04:00,32.66999816894531,33.029998779296875,32.5,32.95000076293945,366309,0.0,0.0
2023-10-04 12:30:00-04:00,32.95000076293945,33.18000030517578,32.91999816894531,32.91999816894531,324109,0.0,0.0
2023-10-04 13:30:00-04:00,32.92499923706055,33.04999923706055,32.810001373291016,32.86000061035156,235745,0.0,0.0
2023-10-04 14:30:00-04:00,32.869998931884766,33.06999969482422,32.810001373291016,33.06999969482422,164556,0.0,0.0
2023-10-04 15:30:00-04:00,33.06999969482422,33.41999816894531,33.06999969482422,33.34000015258789,425355,0.0,0.0
2023-10-05 09:30:00-04:00,33.25,33.709999084472656,32.83000183105469,33.650001525878906,421280,0.0,0.0
2023-10-05 10:30:00-04:00,33.63999938964844,33.68000030517578,33.279998779296875,33.334999084472656,245046,0.0,0.0
2023-10-05 11:30:00-04:00,33.33000183105469,33.45000076293945,33.2400016784668,33.40999984741211,160921,0.0,0.0
2023-10-05 12:30:00-04:00,33.40999984741211,33.45000076293945,33.185001373291016,33.38999938964844,621920,0.0,0.0
2023-10-05 13:30:00-04:00,33.36000061035156,33.5099983215332,33.18000030517578,33.224998474121094,863469,0.0,0.0
2023-10-05 14:30:00-04:00,33.22999954223633,33.40999984741211,32.869998931884766,33.15999984741211,1146979,0.0,0.0
2023-10-05 15:30:00-04:00,33.154998779296875,33.439998626708984,32.9900016784668,33.404998779296875,1249470,0.0,0.0
2023-10-06 09:30:00-04:00,32.66999816894531,32.97999954223633,32.435001373291016,32.810001373291016,614100,0.0,0.0
2023-10-06 10:30:00-04:00,32.84000015258789,33.52000045776367,32.77000045776367,33.380001068115234,500827,0.0,0.0
2023-10-06 11:30:00-04:00,33.38999938964844,34.13999938964844,33.33000183105469,33.65999984741211,361299,0.0,0.0
2023-10-06 12:30:00-04:00,33.630001068115234,33.95000076293945,33.4900016784668,33.84410095214844,309566,0.0,0.0
2023-10-06 13:30:00-04:00,33.849998474121094,34.09000015258789,33.849998474121094,34.09000015258789,301068,0.0,0.0
2023-10-06 14:30:00-04:00,34.08000183105469,34.130001068115234,33.90999984741211,33.939998626708984,305767,0.0,0.0
2023-10-06 15:30:00-04:00,33.939998626708984,33.974998474121094,33.65999984741211,33.68000030517578,662330,0.0,0.0
2023-10-09 09:30:00-04:00,33.29999923706055,33.9900016784668,33.2599983215332,33.45000076293945,320268,0.0,0.0
2023-10-09 10:30:00-04:00,33.45000076293945,33.720001220703125,33.25,33.709999084472656,286210,0.0,0.0
2023-10-09 11:30:00-04:00,33.709999084472656,33.755001068115234,33.439998626708984,33.45000076293945,203157,0.0,0.0
2023-10-09 12:30:00-04:00,33.45000076293945,33.630001068115234,33.38999938964844,33.6150016784668,262863,0.0,0.0
2023-10-09 13:30:00-04:00,33.619998931884766,33.959999084472656,33.61040115356445,33.939998626708984,197320,0.0,0.0
2023-10-09 14:30:00-04:00,33.95000076293945,34.22999954223633,33.86000061035156,34.0099983215332,622426,0.0,0.0
2023-10-09 15:30:00-04:00,34.0099983215332,34.04999923706055,33.88999938964844,33.97999954223633,539333,0.0,0.0
2023-10-10 09:30:00-04:00,34.459999084472656,35.04999923706055,34.29999923706055,34.94499969482422,516053,0.0,0.0
2023-10-10 10:30:00-04:00,34.95500183105469,35.079898834228516,34.71500015258789,34.970001220703125,378147,0.0,0.0
2023-10-10 11:30:00-04:00,34.959999084472656,35.20000076293945,34.93000030517578,35.11000061035156,180565,0.0,0.0
2023-10-10 12:30:00-04:00,35.11000061035156,35.41999816894531,35.11000061035156,35.220001220703125,481033,0.0,0.0
2023-10-10 13:30:00-04:00,35.220001220703125,35.459999084472656,35.029998779296875,35.130001068115234,297393,0.0,0.0
2023-10-10 14:30:00-04:00,35.13999938964844,35.43000030517578,34.96500015258789,34.96500015258789,477330,0.0,0.0
2023-10-10 15:30:00-04:00,34.959999084472656,35.150001525878906,34.845001220703125,35.119998931884766,605659,0.0,0.0
2023-10-11 09:30:00-04:00,35.36000061035156,36.02000045776367,35.2400016784668,35.880001068115234,615009,0.0,0.0
2023-10-11 10:30:00-04:00,35.88999938964844,35.91999816894531,35.310001373291016,35.459999084472656,384502,0.0,0.0
2023-10-11 11:30:00-04:00,35.4900016784668,35.54999923706055,35.11000061035156,35.189998626708984,246838,0.0,0.0
2023-10-11 12:30:00-04:00,35.18000030517578,35.41999816894531,35.150001525878906,35.2599983215332,298761,0.0,0.0
2023-10-11 13:30:00-04:00,35.279998779296875,35.5,35.119998931884766,35.41999816894531,191401,0.0,0.0
2023-10-11 14:30:00-04:00,35.43000030517578,35.584999084472656,35.43000030517578,35.5,313410,0.0,0.0
2023-10-11 15:30:00-04:00,35.5,35.68000030517578,35.47249984741211,35.650001525878906,434430,0.0,0.0
2023-10-12 09:30:00-04:00,35.630001068115234,35.650001525878906,34.52000045776367,35.33000183105469,585789,0.0,0.0
2023-10-12 10:30:00-04:00,35.349998474121094,35.4900016784668,35.11000061035156,35.29999923706055,167611,0.0,0.0
2023-10-12 11:30:00-04:00,35.290000915527344,35.35499954223633,34.880001068115234,35.25,275557,0.0,0.0
2023-10-12 12:30:00-04:00,35.244998931884766,35.31999969482422,34.90999984741211,34.91120147705078,206391,0.0,0.0
2023-10-12 13:30:00-04:00,34.88999938964844,35.0,34.689998626708984,34.869998931884766,257450,0.0,0.0
2023-10-12 14:30:00-04:00,34.869998931884766,35.14500045776367,34.83000183105469,35.08000183105469,236728,0.0,0.0
2023-10-12 15:30:00-04:00,35.08000183105469,35.290000915527344,35.04999923706055,35.209999084472656,423675,0.0,0.0
2023-10-13 09:30:00-04:00,35.689998626708984,35.8557014465332,34.86000061035156,34.86000061035156,324392,0.0,0.0
2023-10-13 10:30:00-04:00,34.869998931884766,35.224998474121094,34.86000061035156,35.099998474121094,264270,0.0,0.0
2023-10-13 11:30:00-04:00,35.099998474121094,35.13999938964844,34.849998474121094,34.94499969482422,189584,0.0,0.0
2023-10-13 12:30:00-04:00,34.95500183105469,34.970001220703125,34.369998931884766,34.38999938964844,162791,0.0,0.0
2023-10-13 13:30:00-04:00,34.36000061035156,34.65999984741211,34.33000183105469,34.560001373291016,235263,0.0,0.0
2023-10-13 14:30:00-04:00,34.560001373291016,34.67499923706055,34.38999938964844,34.43000030517578,245901,0.0,0.0
2023-10-13 15:30:00-04:00,34.439998626708984,34.61000061035156,34.43000030517578,34.59000015258789,401741,0.0,0.0
2023-10-16 09:30:00-04:00,35.09000015258789,35.369998931884766,34.689998626708984,35.22999954223633,311479,0.0,0.0
2023-10-16 10:30:00-04:00,35.25,35.65999984741211,35.244998931884766,35.54999923706055,310678,0.0,0.0
2023-10-16 11:30:00-04:00,35.54999923706055,35.834999084472656,35.36000061035156,35.83000183105469,298431,0.0,0.0
2023-10-16 12:30:00-04:00,35.83000183105469,35.959999084472656,35.599998474121094,35.8125,225823,0.0,0.0
2023-10-16 13:30:00-04:00,35.81999969482422,35.959999084472656,35.72999954223633,35.7599983215332,229262,0.0,0.0
2023-10-16 14:30:00-04:00,35.75,35.915000915527344,35.65999984741211,35.915000915527344,209126,0.0,0.0
2023-10-16 15:30:00-04:00,35.915000915527344,36.0099983215332,35.845001220703125,35.90999984741211,479191,0.0,0.0
2023-10-17 09:30:00-04:00,35.529998779296875,36.34000015258789,35.504398345947266,36.04999923706055,463895,0.0,0.0
2023-10-17 10:30:00-04:00,36.06999969482422,36.790000915527344,36.02000045776367,36.619998931884766,409906,0.0,0.0
2023-10-17 11:30:00-04:00,36.630001068115234,37.165000915527344,36.54999923706055,37.150001525878906,527491,0.0,0.0
2023-10-17 12:30:00-04:00,37.154998779296875,37.189998626708984,36.66999816894531,36.709999084472656,243875,0.0,0.0
2023-10-17 13:30:00-04:00,36.689998626708984,36.72999954223633,36.41999816894531,36.709999084472656,291073,0.0,0.0
2023-10-17 14:30:00-04:00,36.70000076293945,37.099998474121094,36.54999923706055,36.775001525878906,452862,0.0,0.0
2023-10-17 15:30:00-04:00,36.779998779296875,36.85499954223633,36.66999816894531,36.7400016784668,498719,0.0,0.0
2023-10-18 09:30:00-04:00,36.33000183105469,36.61000061035156,35.869998931884766,36.29999923706055,349325,0.0,0.0
2023-10-18 10:30:00-04:00,36.290000915527344,36.459999084472656,35.88999938964844,36.07500076293945,249069,0.0,0.0
2023-10-18 11:30:00-04:00,36.109901428222656,36.109901428222656,35.59000015258789,35.70000076293945,409974,0.0,0.0
2023-10-18 12:30:00-04:00,35.709999084472656,36.025001525878906,35.540000915527344,35.7599983215332,439243,0.0,0.0
2023-10-18 13:30:00-04:00,35.75,36.02000045776367,35.650001525878906,35.79999923706055,493450,0.0,0.0
2023-10-18 14:30:00-04:00,35.79999923706055,35.869998931884766,35.56999969482422,35.75,631337,0.0,0.0
2023-10-18 15:30:00-04:00,35.75,35.810001373291016,35.5099983215332,35.70000076293945,671427,0.0,0.0
2023-10-19 09:30:00-04:00,33.97999954223633,34.380001068115234,33.189998626708984,33.95000076293945,2156722,0.0,0.0
2023-10-19 10:30:00-04:00,33.95000076293945,34.08000183105469,33.27000045776367,34.040000915527344,1180878,0.0,0.0
2023-10-19 11:30:00-04:00,34.060001373291016,34.34000015258789,33.75,34.099998474121094,1065152,0.0,0.0
2023-10-19 12:30:00-04:00,34.09000015258789,34.150001525878906,33.630001068115234,33.97999954223633,521110,0.0,0.0
2023-10-19 13:30:00-04:00,33.939998626708984,33.939998626708984,33.08000183105469,33.125,654843,0.0,0.0
2023-10-19 14:30:00-04:00,33.130001068115234,33.18000030517578,32.33000183105469,32.459999084472656,1087881,0.0,0.0
2023-10-19 15:30:00-04:00,32.45500183105469,32.61000061035156,32.220001220703125,32.2599983215332,1309990,0.0,0.0
2023-10-20 09:30:00-04:00,32.0,32.099998474121094,29.940000534057617,30.389999389648438,1757978,0.0,0.0
2023-10-20 10:30:00-04:00,30.40999984741211,30.979999542236328,30.389999389648438,30.7549991607666,1078787,0.0,0.0
2023-10-20 11:30:00-04:00,30.75,31.0049991607666,30.420000076293945,30.540000915527344,516348,0.0,0.0
2023-10-20 12:30:00-04:00,30.540000915527344,30.899999618530273,30.440000534057617,30.760000228881836,338833,0.0,0.0
2023-10-20 13:30:00-04:00,30.780000686645508,30.799999237060547,29.989999771118164,30.020000457763672,602451,0.0,0.0
2023-10-20 14:30:00-04:00,30.020000457763672,30.09000015258789,29.6200008392334,29.739999771118164,694360,0.0,0.0
2023-10-20 15:30:00-04:00,29.739999771118164,29.989999771118164,29.684999465942383,29.969999313354492,1080082,0.0,0.0
2023-10-23 09:30:00-04:00,29.639999389648438,30.459999084472656,29.510000228881836,30.209999084472656,996817,0.0,0.0
2023-10-23 10:30:00-04:00,30.200000762939453,30.559999465942383,30.06999969482422,30.40999984741211,761679,0.0,0.0
2023-10-23 11:30:00-04:00,30.40999984741211,30.709999084472656,30.350000381469727,30.489999771118164,330765,0.0,0.0
2023-10-23 12:30:00-04:00,30.489999771118164,30.8700008392334,30.479999542236328,30.549999237060547,345907,0.0,0.0
2023-10-23 13:30:00-04:00,30.520000457763672,30.674999237060547,30.360000610351562,30.43000030517578,363730,0.0,0.0
2023-10-23 14:30:00-04:00,30.440000534057617,30.549999237060547,30.030000686645508,30.09000015258789,485850,0.0,0.0
2023-10-23 15:30:00-04:00,30.09000015258789,30.25,29.985000610351562,30.049999237060547,958131,0.0,0.0
2023-10-24 09:30:00-04:00,30.1299991607666,30.459999084472656,29.8799991607666,30.190000534057617,595989,0.0,0.0
2023-10-24 10:30:00-04:00,30.190000534057617,30.280000686645508,29.329999923706055,29.493999481201172,459782,0.0,0.0
2023-10-24 11:30:00-04:00,29.5,29.670000076293945,29.389999389648438,29.43000030517578,321792,0.0,0.0
2023-10-24 12:30:00-04:00,29.43000030517578,29.899999618530273,29.40999984741211,29.896499633789062,168037,0.0,0.0
2023-10-24 13:30:00-04:00,29.889999389648438,29.940000534057617,29.790000915527344,29.876100540161133,142390,0.0,0.0
2023-10-24 14:30:00-04:00,29.8799991607666,30.00749969482422,29.829999923706055,29.940000534057617,213756,0.0,0.0
2023-10-24 15:30:00-04:00,29.940000534057617,29.979999542236328,29.84000015258789,29.860000610351562,442286,0.0,0.0
2023-10-25 09:30:00-04:00,29.510000228881836,29.899999618530273,28.93000030517578,29.075000762939453,479434,0.0,0.0
2023-10-25 10:30:00-04:00,29.06999969482422,29.360000610351562,28.899999618530273,29.329999923706055,417239,0.0,0.0
2023-10-25 11:30:00-04:00,29.31999969482422,29.614999771118164,29.209999084472656,29.420000076293945,239020,0.0,0.0
2023-10-25 12:30:00-04:00,29.40999984741211,29.520000457763672,29.229999542236328,29.360000610351562,162567,0.0,0.0
2023-10-25 13:30:00-04:00,29.350000381469727,29.670000076293945,29.229999542236328,29.65999984741211,274262,0.0,0.0
2023-10-25 14:30:00-04:00,29.68000030517578,29.969999313354492,29.559999465942383,29.75,302099,0.0,0.0
2023-10-25 15:30:00-04:00,29.760000228881836,29.799999237060547,29.600000381469727,29.6299991607666,271869,0.0,0.0
2023-10-26 09:30:00-04:00,29.559999465942383,30.729999542236328,29.559999465942383,30.700000762939453,483340,0.0,0.0
2023-10-26 10:30:00-04:00,30.704999923706055,30.860000610351562,30.309999465942383,30.440000534057617,382661,0.0,0.0
2023-10-26 11:30:00-04:00,30.440000534057617,30.579999923706055,30.010000228881836,30.09000015258789,193111,0.0,0.0
2023-10-26 12:30:00-04:00,30.06999969482422,30.3700008392334,30.010000228881836,30.200000762939453,143327,0.0,0.0
2023-10-26 13:30:00-04:00,30.190000534057617,30.600000381469727,30.079999923706055,30.559999465942383,1013194,0.0,0.0
2023-10-26 14:30:00-04:00,30.56999969482422,30.790000915527344,30.530000686645508,30.729999542236328,815358,0.0,0.0
2023-10-26 15:30:00-04:00,30.719999313354492,30.75,30.399999618530273,30.450000762939453,569698,0.0,0.0
2023-10-27 09:30:00-04:00,30.59000015258789,30.670000076293945,29.68000030517578,29.792800903320312,304411,0.0,0.0
2023-10-27 10:30:00-04:00,29.809999465942383,30.200000762939453,29.729999542236328,30.030000686645508,174694,0.0,0.0
2023-10-27 11:30:00-04:00,30.030000686645508,30.059999465942383,29.639999389648438,29.701000213623047,186768,0.0,0.0
2023-10-27 12:30:00-04:00,29.700000762939453,29.71500015258789,29.15999984741211,29.219999313354492,306433,0.0,0.0
2023-10-27 13:30:00-04:00,29.210100173950195,29.309999465942383,28.979999542236328,29.260000228881836,287382,0.0,0.0
2023-10-27 14:30:00-04:00,29.260000228881836,29.489999771118164,29.229999542236328,29.481599807739258,449257,0.0,0.0
2023-10-27 15:30:00-04:00,29.485000610351562,29.520000457763672,29.299999237060547,29.469999313354492,440078,0.0,0.0
2023-10-30 09:30:00-04:00,29.84000015258789,30.15570068359375,29.31999969482422,29.56999969482422,357611,0.0,0.0
2023-10-30 10:30:00-04:00,29.54010009765625,29.760000228881836,29.469999313354492,29.729999542236328,329083,0.0,0.0
2023-10-30 11:30:00-04:00,29.729999542236328,29.959999084472656,29.700000762939453,29.860000610351562,284141,0.0,0.0
2023-10-30 12:30:00-04:00,29.8700008392334,30.084999084472656,29.770000457763672,30.075000762939453,192977,0.0,0.0
2023-10-30 13:30:00-04:00,30.079999923706055,30.170000076293945,29.969999313354492,30.030000686645508,328269,0.0,0.0
2023-10-30 14:30:00-04:00,30.020000457763672,30.18000030517578,30.0049991607666,30.145000457763672,436504,0.0,0.0
2023-10-30 15:30:00-04:00,30.149999618530273,30.155000686645508,29.959999084472656,29.969999313354492,559228,0.0,0.0
2023-10-31 09:30:00-04:00,30.079999923706055,30.354999542236328,29.780000686645508,30.225000381469727,272659,0.0,0.0
2023-10-31 10:30:00-04:00,30.219999313354492,30.68000030517578,30.170000076293945,30.56999969482422,242863,0.0,0.0
2023-10-31 11:30:00-04:00,30.579999923706055,30.770000457763672,30.479999542236328,30.719999313354492,276656,0.0,0.0
2023-10-31 12:30:00-04:00,30.719999313354492,30.850000381469727,30.549999237060547,30.842500686645508,184853,0.0,0.0
2023-10-31 13:30:00-04:00,30.850000381469727,30.889999389648438,30.709999084472656,30.81999969482422,158377,0.0,0.0
2023-10-31 14:30:00-04:00,30.809999465942383,30.975000381469727,30.6299991607666,30.889999389648438,270296,0.0,0.0
2023-10-31 15:30:00-04:00,30.899999618530273,30.905000686645508,30.700000762939453,30.850000381469727,488483,0.0,0.0
2023-11-01 09:30:00-04:00,30.739999771118164,31.030000686645508,30.3799991607666,30.889999389648438,282842,0.0,0.0
2023-11-01 10:30:00-04:00,30.899999618530273,31.1299991607666,30.75,30.760000228881836,142208,0.0,0.0
2023-11-01 11:30:00-04:00,30.75,30.920000076293945,30.709999084472656,30.75,153774,0.0,0.0
2023-11-01 12:30:00-04:00,30.75,30.770000457763672,30.540000915527344,30.709999084472656,178214,0.0,0.0
2023-11-01 13:30:00-04:00,30.719999313354492,30.899999618530273,30.479999542236328,30.639999389648438,250859,0.0,0.0
2023-11-01 14:30:00-04:00,30.6299991607666,30.844999313354492,30.329999923706055,30.704999923706055,514314,0.0,0.0
2023-11-01 15:30:00-04:00,30.700000762939453,31.059999465942383,30.670000076293945,31.030000686645508,390664,0.0,0.0
2023-11-02 09:30:00-04:00,31.6299991607666,32.4900016784668,31.6299991607666,32.470001220703125,432033,0.0,0.0
2023-11-02 10:30:00-04:00,32.4541015625,32.81999969482422,32.4541015625,32.779998779296875,320615,0.0,0.0
2023-11-02 11:30:00-04:00,32.77000045776367,33.18000030517578,32.77000045776367,32.970001220703125,311059,0.0,0.0
2023-11-02 12:30:00-04:00,32.97999954223633,33.1150016784668,32.88999938964844,32.93000030517578,266426,0.0,0.0
2023-11-02 13:30:00-04:00,32.93000030517578,33.244998931884766,32.900001525878906,33.22999954223633,283561,0.0,0.0
2023-11-02 14:30:00-04:00,33.22999954223633,33.35499954223633,33.154998779296875,33.17499923706055,392575,0.0,0.0
2023-11-02 15:30:00-04:00,33.17499923706055,33.345001220703125,33.15999984741211,33.25,588794,0.0,0.0
2023-11-03 09:30:00-04:00,34.38999938964844,35.08000183105469,34.279998779296875,34.519901275634766,742011,0.0,0.0
2023-11-03 10:30:00-04:00,34.5,34.91999816894531,34.435001373291016,34.68000030517578,333273,0.0,0.0
2023-11-03 11:30:00-04:00,34.68000030517578,34.77000045776367,34.43000030517578,34.54999923706055,174953,0.0,0.0
2023-11-03 12:30:00-04:00,34.54999923706055,34.779998779296875,34.529998779296875,34.65999984741211,144120,0.0,0.0
2023-11-03 13:30:00-04:00,34.68000030517578,34.869998931884766,34.67499923706055,34.86000061035156,206392,0.0,0.0
2023-11-03 14:30:00-04:00,34.869998931884766,34.951698303222656,34.82500076293945,34.880001068115234,238589,0.0,0.0
2023-11-03 15:30:00-04:00,34.88999938964844,34.88999938964844,34.70000076293945,34.7599983215332,386967,0.0,0.0
2023-11-06 09:30:00-05:00,34.869998931884766,35.09000015258789,34.209999084472656,34.25,309787,0.0,0.0
2023-11-06 10:30:00-05:00,34.279998779296875,34.540000915527344,34.18000030517578,34.38999938964844,178837,0.0,0.0
2023-11-06 11:30:00-05:00,34.380001068115234,34.439998626708984,34.040000915527344,34.117000579833984,128344,0.0,0.0
2023-11-06 12:30:00-05:00,34.119998931884766,34.20000076293945,33.849998474121094,33.93000030517578,188541,0.0,0.0
2023-11-06 13:30:00-05:00,33.939998626708984,34.06999969482422,33.880001068115234,34.02000045776367,132767,0.0,0.0
2023-11-06 14:30:00-05:00,34.029998779296875,34.119998931884766,34.0099983215332,34.08000183105469,144017,0.0,0.0
2023-11-06 15:30:00-05:00,34.06999969482422,34.185001373291016,34.04999923706055,34.18000030517578,279325,0.0,0.0
2023-11-07 09:30:00-05:00,34.099998474121094,34.290000915527344,33.81999969482422,34.0,283025,0.0,0.0
2023-11-07 10:30:00-05:00,34.0099983215332,34.16999816894531,33.81999969482422,33.91999816894531,245815,0.0,0.0
2023-11-07 11:30:00-05:00,33.92940139770508,34.11000061035156,33.869998931884766,33.9900016784668,197760,0.0,0.0
2023-11-07 12:30:00-05:00,33.9900016784668,34.0,33.75,33.8849983215332,186528,0.0,0.0
2023-11-07 13:30:00-05:00,33.880001068115234,34.060001373291016,33.869998931884766,34.03499984741211,140928,0.0,0.0
2023-11-07 14:30:00-05:00,34.03499984741211,34.11000061035156,33.939998626708984,34.01499938964844,183035,0.0,0.0
2023-11-07 15:30:00-05:00,34.01499938964844,34.130001068115234,34.0,34.09000015258789,294342,0.0,0.0
2023-11-08 09:30:00-05:00,34.150001525878906,34.16999816894531,33.31999969482422,33.52000045776367,288782,0.0,0.0
2023-11-08 10:30:00-05:00,33.529998779296875,33.720001220703125,33.4900016784668,33.599998474121094,235774,0.0,0.0
2023-11-08 11:30:00-05:00,33.57500076293945,33.7400016784668,33.5,33.65999984741211,189822,0.0,0.0
2023-11-08 12:30:00-05:00,33.64500045776367,33.650001525878906,33.310001373291016,33.53499984741211,186661,0.0,0.0
2023-11-08 13:30:00-05:00,33.55500030517578,33.77000045776367,33.55500030517578,33.720001220703125,164237,0.0,0.0
2023-11-08 14:30:00-05:00,33.720001220703125,33.72999954223633,33.59000015258789,33.625,173611,0.0,0.0
2023-11-08 15:30:00-05:00,33.625,33.79499816894531,33.580101013183594,33.7599983215332,317736,0.0,0.0
2023-11-09 09:30:00-05:00,33.900001525878906,33.91999816894531,33.18000030517578,33.4900016784668,228590,0.0,0.0
2023-11-09 10:30:00-05:00,33.4900016784668,33.685699462890625,33.33000183105469,33.400001525878906,121289,0.0,0.0
2023-11-09 11:30:00-05:00,33.400001525878906,33.53499984741211,33.36000061035156,33.48099899291992,182398,0.0,0.0
2023-11-09 12:30:00-05:00,33.4900016784668,33.61000061035156,33.0099983215332,33.0099983215332,213913,0.0,0.0
2023-11-09 13:30:00-05:00,33.0,33.0,32.38999938964844,32.470001220703125,237590,0.0,0.0
2023-11-09 14:30:00-05:00,32.459999084472656,32.63999938964844,32.459999084472656,32.459999084472656,218311,0.0,0.0
2023-11-09 15:30:00-05:00,32.47999954223633,32.595001220703125,32.40999984741211,32.560001373291016,339135,0.0,0.0
2023-11-10 09:30:00-05:00,32.959999084472656,33.150001525878906,32.18000030517578,32.45000076293945,264110,0.0,0.0
2023-11-10 10:30:00-05:00,32.45000076293945,32.650001525878906,32.31999969482422,32.505001068115234,195136,0.0,0.0
2023-11-10 11:30:00-05:00,32.500999450683594,32.63999938964844,32.369998931884766,32.54999923706055,200764,0.0,0.0
2023-11-10 12:30:00-05:00,32.560001373291016,32.70500183105469,32.5099983215332,32.65999984741211,225547,0.0,0.0
2023-11-10 13:30:00-05:00,32.650001525878906,32.93000030517578,32.650001525878906,32.869998931884766,160359,0.0,0.0
2023-11-10 14:30:00-05:00,32.8650016784668,32.93000030517578,32.76599884033203,32.900001525878906,139925,0.0,0.0
2023-11-10 15:30:00-05:00,32.89500045776367,32.94499969482422,32.810001373291016,32.90999984741211,237788,0.0,0.0
2023-11-13 09:30:00-05:00,32.63999938964844,32.86000061035156,32.2400016784668,32.63999938964844,203261,0.0,0.0
2023-11-13 10:30:00-05:00,32.630001068115234,32.83000183105469,32.540000915527344,32.810001373291016,111772,0.0,0.0
2023-11-13 11:30:00-05:00,32.79499816894531,32.88999938964844,32.72999954223633,32.810001373291016,149236,0.0,0.0
2023-11-13 12:30:00-05:00,32.79999923706055,32.79999923706055,32.59000015258789,32.59000015258789,120157,0.0,0.0
2023-11-13 13:30:00-05:00,32.56999969482422,32.720001220703125,32.4900016784668,32.540000915527344,85506,0.0,0.0
2023-11-13 14:30:00-05:00,32.53499984741211,32.650001525878906,32.525001525878906,32.64500045776367,99411,0.0,0.0
2023-11-13 15:30:00-05:00,32.630001068115234,32.7400016784668,32.59000015258789,32.709999084472656,219402,0.0,0.0
2023-11-14 09:30:00-05:00,34.369998931884766,35.88999938964844,34.36000061035156,35.78499984741211,763215,0.0,0.0
2023-11-14 10:30:00-05:00,35.779998779296875,36.04999923706055,35.71500015258789,35.910099029541016,607072,0.0,0.0
2023-11-14 11:30:00-05:00,35.900001525878906,35.970001220703125,35.5,35.599998474121094,282988,0.0,0.0
2023-11-14 12:30:00-05:00,35.595001220703125,35.68000030517578,35.25,35.31999969482422,277381,0.0,0.0
2023-11-14 13:30:00-05:00,35.31999969482422,35.34000015258789,34.970001220703125,35.31999969482422,258613,0.0,0.0
2023-11-14 14:30:00-05:00,35.314998626708984,35.58000183105469,35.314998626708984,35.4900016784668,258339,0.0,0.0
2023-11-14 15:30:00-05:00,35.48500061035156,35.529998779296875,35.27000045776367,35.36000061035156,421466,0.0,0.0
2023-11-15 09:30:00-05:00,35.36000061035156,36.279998779296875,35.25339889526367,36.189998626708984,419662,0.0,0.0
2023-11-15 10:30:00-05:00,36.20000076293945,36.4900016784668,36.154998779296875,36.28499984741211,414773,0.0,0.0
2023-11-15 11:30:00-05:00,36.28499984741211,36.42499923706055,36.08000183105469,36.41999816894531,352245,0.0,0.0
2023-11-15 12:30:00-05:00,36.41999816894531,36.525001525878906,36.13999938964844,36.220001220703125,320841,0.0,0.0
2023-11-15 13:30:00-05:00,36.209999084472656,36.36000061035156,36.20000076293945,36.25,173642,0.0,0.0
2023-11-15 14:30:00-05:00,36.255001068115234,36.33000183105469,36.08000183105469,36.310001373291016,176944,0.0,0.0
2023-11-15 15:30:00-05:00,36.30500030517578,36.380001068115234,36.08000183105469,36.09000015258789,335504,0.0,0.0
2023-11-16 09:30:00-05:00,35.95000076293945,36.0,35.060001373291016,35.30500030517578,436546,0.0,0.0
2023-11-16 10:30:00-05:00,35.30500030517578,35.38999938964844,35.11000061035156,35.29999923706055,279358,0.0,0.0
2023-11-16 11:30:00-05:00,35.290000915527344,35.37519836425781,35.130001068115234,35.27000045776367,216543,0.0,0.0
2023-11-16 12:30:00-05:00,35.2599983215332,35.689998626708984,35.20000076293945,35.4900016784668,276110,0.0,0.0
2023-11-16 13:30:00-05:00,35.494998931884766,35.560001373291016,35.369998931884766,35.380001068115234,170961,0.0,0.0
2023-11-16 14:30:00-05:00,35.380001068115234,35.66999816894531,35.380001068115234,35.619998931884766,225574,0.0,0.0
2023-11-16 15:30:00-05:00,35.6150016784668,35.75,35.529998779296875,35.709999084472656,364424,0.0,0.0
2023-11-17 09:30:00-05:00,36.25,36.470001220703125,35.400001525878906,35.810001373291016,372055,0.0,0.0
2023-11-17 10:30:00-05:00,35.79999923706055,36.09000015258789,35.709999084472656,35.900001525878906,237835,0.0,0.0
2023-11-17 11:30:00-05:00,35.88999938964844,36.029998779296875,35.834999084472656,35.92499923706055,284312,0.0,0.0
2023-11-17 12:30:00-05:00,35.92499923706055,35.97999954223633,35.68199920654297,35.70000076293945,234708,0.0,0.0
2023-11-17 13:30:00-05:00,35.709999084472656,35.88999938964844,35.709999084472656,35.779998779296875,133525,0.0,0.0
2023-11-17 14:30:00-05:00,35.790000915527344,35.935001373291016,35.75,35.935001373291016,159839,0.0,0.0
2023-11-17 15:30:00-05:00,35.935001373291016,36.084999084472656,35.86000061035156,36.06999969482422,346630,0.0,0.0
2023-11-20 09:30:00-05:00,36.16999816894531,36.16999816894531,35.560001373291016,35.97999954223633,396201,0.0,0.0
2023-11-20 10:30:00-05:00,35.959999084472656,36.11000061035156,35.849998474121094,35.959999084472656,223311,0.0,0.0
2023-11-20 11:30:00-05:00,35.970001220703125,35.97999954223633,35.65999984741211,35.689998626708984,156231,0.0,0.0
2023-11-20 12:30:00-05:00,35.685001373291016,35.91999816894531,35.650001525878906,35.83000183105469,113256,0.0,0.0
2023-11-20 13:30:00-05:00,35.81999969482422,35.86000061035156,35.779998779296875,35.790000915527344,110823,0.0,0.0
2023-11-20 14:30:00-05:00,35.78499984741211,35.93000030517578,35.78499984741211,35.88999938964844,128870,0.0,0.0
2023-11-20 15:30:00-05:00,35.880001068115234,35.880001068115234,35.74250030517578,35.77000045776367,243860,0.0,0.0
2023-11-21 09:30:00-05:00,35.08000183105469,35.290000915527344,34.03499984741211,34.34000015258789,542124,0.0,0.0
2023-11-21 10:30:00-05:00,34.36000061035156,34.720001220703125,34.310001373291016,34.65999984741211,305540,0.0,0.0
2023-11-21 11:30:00-05:00,34.65999984741211,34.869998931884766,34.540000915527344,34.59000015258789,181847,0.0,0.0
2023-11-21 12:30:00-05:00,34.599998474121094,34.709999084472656,34.540000915527344,34.599998474121094,133262,0.0,0.0
2023-11-21 13:30:00-05:00,34.599998474121094,34.720001220703125,34.390098571777344,34.43000030517578,260889,0.0,0.0
2023-11-21 14:30:00-05:00,34.43000030517578,34.4900016784668,34.29499816894531,34.31999969482422,236633,0.0,0.0
2023-11-21 15:30:00-05:00,34.310001373291016,34.369998931884766,34.23500061035156,34.310001373291016,347473,0.0,0.0
2023-11-22 09:30:00-05:00,34.689998626708984,34.96500015258789,34.290000915527344,34.939998626708984,149184,0.0,0.0
2023-11-22 10:30:00-05:00,34.9900016784668,35.0,34.630001068115234,34.630001068115234,227348,0.0,0.0
2023-11-22 11:30:00-05:00,34.630001068115234,34.790000915527344,34.61000061035156,34.63999938964844,146133,0.0,0.0
2023-11-22 12:30:00-05:00,34.630001068115234,34.66999816894531,34.34000015258789,34.40999984741211,179380,0.0,0.0
2023-11-22 13:30:00-05:00,34.400001525878906,34.45000076293945,34.2400016784668,34.26499938964844,106117,0.0,0.0
2023-11-22 14:30:00-05:00,34.27000045776367,34.435001373291016,34.16999816894531,34.435001373291016,133751,0.0,0.0
2023-11-22 15:30:00-05:00,34.439998626708984,34.48500061035156,34.380001068115234,34.38999938964844,261947,0.0,0.0
2023-11-24 09:30:00-05:00,34.59000015258789,34.779998779296875,34.2400016784668,34.47010040283203,174233,0.0,0.0
2023-11-24 10:30:00-05:00,34.470001220703125,34.592498779296875,34.22999954223633,34.290000915527344,96649,0.0,0.0
2023-11-24 11:30:00-05:00,34.279998779296875,34.349998474121094,34.130001068115234,34.290000915527344,104273,0.0,0.0
2023-11-27 09:30:00-05:00,34.290000915527344,34.290000915527344,33.65999984741211,34.099998474121094,231505,0.0,0.0
2023-11-27 10:30:00-05:00,34.11000061035156,34.27000045776367,34.09000015258789,34.185001373291016,176598,0.0,0.0
2023-11-27 11:30:00-05:00,34.189998626708984,34.22999954223633,33.950199127197266,34.095001220703125,139758,0.0,0.0
2023-11-27 12:30:00-05:00,34.09000015258789,34.16999816894531,33.95000076293945,34.005001068115234,99950,0.0,0.0
2023-11-27 13:30:00-05:00,34.0078010559082,34.33000183105469,34.005001068115234,34.209999084472656,138666,0.0,0.0
2023-11-27 14:30:00-05:00,34.21009826660156,34.42499923706055,34.209999084472656,34.38999938964844,163983,0.0,0.0
2023-11-27 15:30:00-05:00,34.39500045776367,34.5,34.35499954223633,34.400001525878906,289542,0.0,0.0
2023-11-28 09:30:00-05:00,34.29999923706055,34.29999923706055,33.7400016784668,34.099998474121094,256054,0.0,0.0
2023-11-28 10:30:00-05:00,34.09000015258789,34.47999954223633,34.040000915527344,34.349998474121094,176298,0.0,0.0
2023-11-28 11:30:00-05:00,34.36000061035156,34.5,34.34000015258789,34.40999984741211,101969,0.0,0.0
2023-11-28 12:30:00-05:00,34.400001525878906,34.40959930419922,34.0,34.13999938964844,247999,0.0,0.0
2023-11-28 13:30:00-05:00,34.150001525878906,34.22999954223633,34.099998474121094,34.119998931884766,196310,0.0,0.0
2023-11-28 14:30:00-05:00,34.130001068115234,34.400001525878906,34.084999084472656,34.349998474121094,244568,0.0,0.0
2023-11-28 15:30:00-05:00,34.35499954223633,34.56999969482422,34.290000915527344,34.54999923706055,460493,0.0,0.0
2023-11-29 09:30:00-05:00,34.689998626708984,36.2400016784668,34.689998626708984,36.165000915527344,696858,0.0,0.0
2023-11-29 10:30:00-05:00,36.154998779296875,36.31999969482422,35.72999954223633,35.75,430535,0.0,0.0
2023-11-29 11:30:00-05:00,35.7599983215332,35.880001068115234,35.66999816894531,35.8650016784668,204444,0.0,0.0
2023-11-29 12:30:00-05:00,35.869998931884766,36.040000915527344,35.7599983215332,35.84000015258789,201902,0.0,0.0
2023-11-29 13:30:00-05:00,35.84000015258789,35.880001068115234,35.72999954223633,35.78260040283203,200288,0.0,0.0
2023-11-29 14:30:00-05:00,35.779998779296875,35.779998779296875,35.400001525878906,35.435001373291016,217636,0.0,0.0
2023-11-29 15:30:00-05:00,35.43000030517578,35.47999954223633,35.34000015258789,35.439998626708984,379451,0.0,0.0
2023-11-30 09:30:00-05:00,35.529998779296875,36.040000915527344,35.06999969482422,36.040000915527344,294991,0.0,0.0
2023-11-30 10:30:00-05:00,36.060001373291016,36.11000061035156,35.72999954223633,35.869998931884766,169782,0.0,0.0
2023-11-30 11:30:00-05:00,35.84000015258789,35.91999816894531,35.70000076293945,35.810001373291016,150762,0.0,0.0
2023-11-30 12:30:00-05:00,35.80500030517578,36.060001373291016,35.74300003051758,35.9900016784668,180752,0.0,0.0
2023-11-30 13:30:00-05:00,36.0,36.025001525878906,35.869998931884766,36.0,152137,0.0,0.0
2023-11-30 14:30:00-05:00,36.02000045776367,36.029998779296875,35.7400016784668,35.75,320390,0.0,0.0
2023-11-30 15:30:00-05:00,35.7599983215332,35.79999923706055,35.4900016784668,35.630001068115234,469065,0.0,0.0
2023-12-01 09:30:00-05:00,35.400001525878906,36.845001220703125,35.20719909667969,36.810001373291016,506093,0.0,0.0
2023-12-01 10:30:00-05:00,36.810001373291016,37.15999984741211,36.58000183105469,37.150001525878906,347695,0.0,0.0
2023-12-01 11:30:00-05:00,37.15999984741211,38.16999816894531,37.08000183105469,38.119998931884766,513099,0.0,0.0
2023-12-01 12:30:00-05:00,38.11000061035156,38.439998626708984,38.0099983215332,38.380001068115234,655478,0.0,0.0
2023-12-01 13:30:00-05:00,38.375,39.0099983215332,38.369998931884766,38.684600830078125,934492,0.0,0.0
2023-12-01 14:30:00-05:00,38.68000030517578,38.724998474121094,38.22999954223633,38.2599983215332,407923,0.0,0.0
2023-12-01 15:30:00-05:00,38.26499938964844,38.52000045776367,38.154998779296875,38.31999969482422,783617,0.0,0.0
2023-12-04 09:30:00-05:00,37.709999084472656,38.97999954223633,37.52000045776367,38.20119857788086,403746,0.0,0.0
2023-12-04 10:30:00-05:00,38.18000030517578,38.650001525878906,38.08000183105469,38.540000915527344,243333,0.0,0.0
2023-12-04 11:30:00-05:00,38.5,38.66999816894531,38.35499954223633,38.57500076293945,190534,0.0,0.0
2023-12-04 12:30:00-05:00,38.56999969482422,39.029998779296875,38.54069900512695,38.900001525878906,349183,0.0,0.0
2023-12-04 13:30:00-05:00,38.869998931884766,38.93000030517578,38.630001068115234,38.65999984741211,193099,0.0,0.0
2023-12-04 14:30:00-05:00,38.65999984741211,39.029998779296875,38.65999984741211,38.77000045776367,336433,0.0,0.0
2023-12-04 15:30:00-05:00,38.779998779296875,38.875,38.650001525878906,38.685001373291016,472077,0.0,0.0
2023-12-05 09:30:00-05:00,38.310001373291016,38.349998474121094,37.502601623535156,37.7400016784668,470522,0.0,0.0
2023-12-05 10:30:00-05:00,37.810001373291016,38.099998474121094,37.52000045776367,37.91999816894531,335719,0.0,0.0
2023-12-05 11:30:00-05:00,37.910499572753906,38.099998474121094,37.7599983215332,37.779998779296875,169746,0.0,0.0
2023-12-05 12:30:00-05:00,37.779998779296875,37.869998931884766,37.689998626708984,37.779998779296875,201683,0.0,0.0
2023-12-05 13:30:00-05:00,37.779998779296875,37.95000076293945,37.630001068115234,37.6349983215332,241022,0.0,0.0
2023-12-05 14:30:00-05:00,37.63999938964844,37.79999923706055,37.56999969482422,37.630001068115234,284274,0.0,0.0
2023-12-05 15:30:00-05:00,37.619998931884766,37.665000915527344,37.310001373291016,37.369998931884766,539141,0.0,0.0
2023-12-06 09:30:00-05:00,37.900001525878906,38.68989944458008,37.70000076293945,38.31999969482422,330005,0.0,0.0
2023-12-06 10:30:00-05:00,38.34000015258789,38.59000015258789,37.95000076293945,38.33000183105469,395385,0.0,0.0
2023-12-06 11:30:00-05:00,38.31999969482422,38.31999969482422,37.900001525878906,37.95000076293945,210042,0.0,0.0
2023-12-06 12:30:00-05:00,37.95000076293945,37.95000076293945,37.68000030517578,37.90999984741211,193676,0.0,0.0
2023-12-06 13:30:00-05:00,37.900001525878906,38.060001373291016,37.81999969482422,37.84000015258789,158952,0.0,0.0
2023-12-06 14:30:00-05:00,37.84000015258789,37.880001068115234,37.27000045776367,37.29999923706055,239718,0.0,0.0
2023-12-06 15:30:00-05:00,37.290000915527344,37.32500076293945,37.04999923706055,37.150001525878906,433026,0.0,0.0
2023-12-07 09:30:00-05:00,37.34000015258789,38.220001220703125,37.18000030517578,38.11000061035156,234738,0.0,0.0
2023-12-07 10:30:00-05:00,38.099998474121094,38.1349983215332,37.849998474121094,37.939998626708984,157110,0.0,0.0
2023-12-07 11:30:00-05:00,37.91999816894531,38.04999923706055,37.869998931884766,37.90999984741211,95790,0.0,0.0
2023-12-07 12:30:00-05:00,37.90999984741211,38.189998626708984,37.900001525878906,38.17499923706055,96179,0.0,0.0
2023-12-07 13:30:00-05:00,38.17499923706055,38.400001525878906,38.130001068115234,38.334999084472656,158142,0.0,0.0
2023-12-07 14:30:00-05:00,38.34000015258789,38.43000030517578,38.27000045776367,38.415000915527344,164336,0.0,0.0
2023-12-07 15:30:00-05:00,38.400001525878906,38.48500061035156,38.29999923706055,38.369998931884766,328437,0.0,0.0
2023-12-08 09:30:00-05:00,38.5,39.63999938964844,38.150001525878906,39.46500015258789,444817,0.0,0.0
2023-12-08 10:30:00-05:00,39.44499969482422,39.474998474121094,38.790000915527344,38.869998931884766,283714,0.0,0.0
2023-12-08 11:30:00-05:00,38.88999938964844,39.06999969482422,38.599998474121094,38.75,161385,0.0,0.0
2023-12-08 12:30:00-05:00,38.7599983215332,38.95000076293945,38.70000076293945,38.92499923706055,138080,0.0,0.0
2023-12-08 13:30:00-05:00,38.91999816894531,38.91999816894531,38.669898986816406,38.849998474121094,149667,0.0,0.0
2023-12-08 14:30:00-05:00,38.86000061035156,39.0,38.79499816894531,39.0,224152,0.0,0.0
2023-12-08 15:30:00-05:00,39.0,39.084999084472656,38.875,38.90999984741211,263279,0.0,0.0
2023-12-11 09:30:00-05:00,38.77000045776367,39.0890007019043,38.43000030517578,38.79999923706055,248318,0.0,0.0
2023-12-11 10:30:00-05:00,38.810001373291016,38.97999954223633,38.70000076293945,38.834999084472656,138424,0.0,0.0
2023-12-11 11:30:00-05:00,38.81999969482422,38.90999984741211,38.709999084472656,38.7599983215332,102086,0.0,0.0
2023-12-11 12:30:00-05:00,38.779998779296875,38.88999938964844,38.7599983215332,38.849998474121094,65962,0.0,0.0
2023-12-11 13:30:00-05:00,38.84000015258789,38.97999954223633,38.79999923706055,38.91109848022461,89991,0.0,0.0
2023-12-11 14:30:00-05:00,38.915000915527344,38.939998626708984,38.70000076293945,38.70000076293945,136979,0.0,0.0
2023-12-11 15:30:00-05:00,38.68000030517578,38.720001220703125,38.560001373291016,38.630001068115234,241744,0.0,0.0
2023-12-12 09:30:00-05:00,38.470001220703125,38.83319854736328,37.90999984741211,38.095001220703125,282881,0.0,0.0
2023-12-12 10:30:00-05:00,38.11000061035156,38.564998626708984,38.11000061035156,38.25,239902,0.0,0.0
2023-12-12 11:30:00-05:00,38.25,38.34000015258789,38.18000030517578,38.31999969482422,125345,0.0,0.0
2023-12-12 12:30:00-05:00,38.32500076293945,38.44499969482422,38.2599983215332,38.41999816894531,94784,0.0,0.0
2023-12-12 13:30:00-05:00,38.43000030517578,38.470001220703125,38.17020034790039,38.31999969482422,113909,0.0,0.0
2023-12-12 14:30:00-05:00,38.31999969482422,38.334999084472656,38.13999938964844,38.2400016784668,222739,0.0,0.0
2023-12-12 15:30:00-05:00,38.22999954223633,38.22999954223633,38.06999969482422,38.11000061035156,261190,0.0,0.0
2023-12-13 09:30:00-05:00,38.220001220703125,38.935001373291016,38.084999084472656,38.84000015258789,344932,0.0,0.0
2023-12-13 10:30:00-05:00,38.83000183105469,38.849998474121094,38.56999969482422,38.65999984741211,141628,0.0,0.0
2023-12-13 11:30:00-05:00,38.65999984741211,38.77000045776367,38.599998474121094,38.630001068115234,110920,0.0,0.0
2023-12-13 12:30:00-05:00,38.630001068115234,38.7400016784668,38.41999816894531,38.4900016784668,91227,0.0,0.0
2023-12-13 13:30:00-05:00,38.4900016784668,39.7400016784668,38.439998626708984,39.689998626708984,332465,0.0,0.0
2023-12-13 14:30:00-05:00,39.70000076293945,41.560001373291016,39.650001525878906,41.130001068115234,842496,0.0,0.0
2023-12-13 15:30:00-05:00,41.130001068115234,41.84000015258789,41.060001373291016,41.810001373291016,935687,0.0,0.0
2023-12-14 09:30:00-05:00,43.81999969482422,45.869998931884766,43.74100112915039,44.61000061035156,1584398,0.0,0.0
2023-12-14 10:30:00-05:00,44.619998931884766,45.26499938964844,44.13999938964844,45.209999084472656,879797,0.0,0.0
2023-12-14 11:30:00-05:00,45.25,45.935001373291016,45.244998931884766,45.869998931884766,579057,0.0,0.0
2023-12-14 12:30:00-05:00,45.88999938964844,46.150001525878906,45.45000076293945,45.63999938964844,724539,0.0,0.0
2023-12-14 13:30:00-05:00,45.630001068115234,45.86000061035156,45.220001220703125,45.7599983215332,379291,0.0,0.0
2023-12-14 14:30:00-05:00,45.7599983215332,45.95000076293945,45.41999816894531,45.78499984741211,565231,0.0,0.0
2023-12-14 15:30:00-05:00,45.779998779296875,45.93000030517578,45.59000015258789,45.65999984741211,978932,0.0,0.0
2023-12-15 09:30:00-05:00,45.529998779296875,45.81999969482422,44.380001068115234,44.79999923706055,859641,0.0,0.0
2023-12-15 10:30:00-05:00,44.75,44.939998626708984,44.42499923706055,44.564998626708984,340315,0.0,0.0
2023-12-15 11:30:00-05:00,44.56999969482422,44.810001373291016,44.4900016784668,44.599998474121094,418380,0.0,0.0
2023-12-15 12:30:00-05:00,44.599998474121094,44.650001525878906,44.2599983215332,44.31999969482422,300900,0.0,0.0
2023-12-15 13:30:00-05:00,44.339599609375,44.380001068115234,43.59000015258789,43.7599983215332,518090,0.0,0.0
2023-12-15 14:30:00-05:00,43.7599983215332,43.83000183105469,43.52000045776367,43.75,425704,0.0,0.0
2023-12-15 15:30:00-05:00,43.7599983215332,43.89500045776367,43.310001373291016,43.83000183105469,791110,0.0,0.0
2023-12-18 09:30:00-05:00,44.43000030517578,44.470001220703125,43.349998474121094,43.41999816894531,329051,0.0,0.0
2023-12-18 10:30:00-05:00,43.415000915527344,43.599998474121094,43.18000030517578,43.3849983215332,197939,0.0,0.0
2023-12-18 11:30:00-05:00,43.369998931884766,43.619998931884766,43.2599983215332,43.446998596191406,125332,0.0,0.0
2023-12-18 12:30:00-05:00,43.45000076293945,43.5099983215332,43.220001220703125,43.22999954223633,193422,0.0,0.0
2023-12-18 13:30:00-05:00,43.22999954223633,43.380001068115234,43.18000030517578,43.22999954223633,105887,0.0,0.0
2023-12-18 14:30:00-05:00,43.23899841308594,43.33000183105469,43.150001525878906,43.150001525878906,196454,0.0,0.0
2023-12-18 15:30:00-05:00,43.150001525878906,43.349998474121094,43.04100036621094,43.04100036621094,349039,0.0,0.0
2023-12-19 09:30:00-05:00,43.209999084472656,43.849998474121094,42.810001373291016,43.625,357928,0.0,0.0
2023-12-19 10:30:00-05:00,43.61000061035156,43.86000061035156,43.429901123046875,43.58000183105469,310176,0.0,0.0
2023-12-19 11:30:00-05:00,43.560001373291016,43.84000015258789,43.400001525878906,43.81999969482422,193484,0.0,0.0
2023-12-19 12:30:00-05:00,43.81999969482422,44.09000015258789,43.81999969482422,43.939998626708984,139797,0.0,0.0
2023-12-19 13:30:00-05:00,43.93000030517578,44.040000915527344,43.90999984741211,44.0,115871,0.0,0.0
2023-12-19 14:30:00-05:00,43.9900016784668,44.040000915527344,43.7400016784668,44.03850173950195,166915,0.0,0.0
2023-12-19 15:30:00-05:00,44.040000915527344,44.04499816894531,43.880001068115234,43.93000030517578,281626,0.0,0.0
2023-12-20 09:30:00-05:00,43.70000076293945,44.16910171508789,43.430198669433594,43.61000061035156,257060,0.0,0.0
2023-12-20 10:30:00-05:00,43.625,43.794700622558594,43.459999084472656,43.61000061035156,197750,0.0,0.0
2023-12-20 11:30:00-05:00,43.619998931884766,43.619998931884766,43.380001068115234,43.54499816894531,126059,0.0,0.0
2023-12-20 12:30:00-05:00,43.560001373291016,43.77000045776367,43.4900016784668,43.66999816894531,139526,0.0,0.0
2023-12-20 13:30:00-05:00,43.689998626708984,43.84000015258789,43.470001220703125,43.5,191032,0.0,0.0
2023-12-20 14:30:00-05:00,43.5099983215332,43.5099983215332,42.310001373291016,42.689998626708984,402315,0.0,0.0
2023-12-20 15:30:00-05:00,42.689998626708984,43.0099983215332,42.4900016784668,42.529998779296875,378720,0.0,0.0
2023-12-21 09:30:00-05:00,43.349998474121094,43.81999969482422,43.07109832763672,43.48500061035156,355542,0.0,0.0
2023-12-21 10:30:00-05:00,43.529998779296875,43.65999984741211,43.27000045776367,43.380001068115234,119836,0.0,0.0
2023-12-21 11:30:00-05:00,43.38999938964844,43.40999984741211,42.90999984741211,43.15999984741211,99673,0.0,0.0
2023-12-21 12:30:00-05:00,43.15999984741211,43.310001373291016,42.970001220703125,43.15999984741211,244660,0.0,0.0
2023-12-21 13:30:00-05:00,43.15999984741211,43.310001373291016,43.1150016784668,43.22999954223633,94370,0.0,0.0
2023-12-21 14:30:00-05:00,43.22999954223633,43.29999923706055,43.029998779296875,43.220001220703125,112605,0.0,0.0
2023-12-21 15:30:00-05:00,43.2599983215332,43.66999816894531,43.20000076293945,43.619998931884766,393412,0.0,0.0
2023-12-22 09:30:00-05:00,44.279998779296875,44.779998779296875,43.685001373291016,44.06919860839844,341845,0.0,0.0
2023-12-22 10:30:00-05:00,44.09000015258789,44.099998474121094,43.59000015258789,43.95000076293945,174371,0.0,0.0
2023-12-22 11:30:00-05:00,43.939998626708984,44.16999816894531,43.834999084472656,44.15999984741211,162227,0.0,0.0
2023-12-22 12:30:00-05:00,44.15999984741211,44.27000045776367,43.935001373291016,43.97999954223633,192033,0.0,0.0
2023-12-22 13:30:00-05:00,43.970001220703125,44.0099983215332,43.560001373291016,43.59000015258789,98847,0.0,0.0
2023-12-22 14:30:00-05:00,43.54999923706055,43.97999954223633,43.52000045776367,43.95000076293945,113818,0.0,0.0
2023-12-22 15:30:00-05:00,43.959999084472656,44.04999923706055,43.810001373291016,44.025001525878906,269790,0.0,0.0
2023-12-26 09:30:00-05:00,44.099998474121094,44.630001068115234,43.720001220703125,44.38999938964844,155710,0.0,0.0
2023-12-26 10:30:00-05:00,44.39500045776367,44.7400016784668,44.39500045776367,44.67340087890625,145211,0.0,0.0
2023-12-26 11:30:00-05:00,44.66999816894531,44.7599983215332,44.61090087890625,44.70000076293945,84603,0.0,0.0
2023-12-26 12:30:00-05:00,44.72999954223633,44.790000915527344,44.56999969482422,44.69499969482422,102538,0.0,0.0
2023-12-26 13:30:00-05:00,44.709999084472656,44.93000030517578,44.709999084472656,44.8849983215332,83484,0.0,0.0
2023-12-26 14:30:00-05:00,44.88999938964844,45.03499984741211,44.86000061035156,45.0,135060,0.0,0.0
2023-12-26 15:30:00-05:00,44.9900016784668,45.099998474121094,44.86000061035156,44.869998931884766,245449,0.0,0.0
2023-12-27 09:30:00-05:00,44.959999084472656,44.959999084472656,44.29999923706055,44.869998931884766,218224,0.0,0.0
2023-12-27 10:30:00-05:00,44.849998474121094,44.86000061035156,44.47999954223633,44.584999084472656,108451,0.0,0.0
2023-12-27 11:30:00-05:00,44.58000183105469,44.77000045776367,44.54999923706055,44.720001220703125,79223,0.0,0.0
2023-12-27 12:30:00-05:00,44.72999954223633,44.880001068115234,44.630001068115234,44.68000030517578,91591,0.0,0.0
2023-12-27 13:30:00-05:00,44.685001373291016,44.79999923706055,44.5099983215332,44.63999938964844,76934,0.0,0.0
2023-12-27 14:30:00-05:00,44.61000061035156,44.709999084472656,44.51499938964844,44.529998779296875,188514,0.0,0.0
2023-12-27 15:30:00-05:00,44.53499984741211,44.56999969482422,44.349998474121094,44.540000915527344,323403,0.0,0.0
2023-12-28 09:30:00-05:00,44.060001373291016,44.6349983215332,44.0,44.5,133912,0.0,0.0
2023-12-28 10:30:00-05:00,44.4900016784668,44.5,44.33000183105469,44.435001373291016,82740,0.0,0.0
2023-12-28 11:30:00-05:00,44.439998626708984,44.619998931884766,44.40999984741211,44.560001373291016,77442,0.0,0.0
2023-12-28 12:30:00-05:00,44.55500030517578,44.599998474121094,44.40599822998047,44.4900016784668,69366,0.0,0.0
2023-12-28 13:30:00-05:00,44.5099983215332,44.59000015258789,44.38999938964844,44.43000030517578,99967,0.0,0.0
2023-12-28 14:30:00-05:00,44.41999816894531,44.560001373291016,44.31999969482422,44.52130126953125,158338,0.0,0.0
2023-12-28 15:30:00-05:00,44.529998779296875,44.70000076293945,44.529998779296875,44.66999816894531,254133,0.0,0.0
2023-12-29 09:30:00-05:00,44.650001525878906,44.650001525878906,44.11000061035156,44.310001373291016,145596,0.0,0.0
2023-12-29 10:30:00-05:00,44.290000915527344,44.439998626708984,43.720001220703125,44.005001068115234,207496,0.0,0.0
2023-12-29 11:30:00-05:00,44.04999923706055,44.099998474121094,43.869998931884766,43.885501861572266,93011,0.0,0.0
2023-12-29 12:30:00-05:00,43.880001068115234,44.13999938964844,43.869998931884766,44.0,102980,0.0,0.0
2023-12-29 13:30:00-05:00,43.9900016784668,44.20000076293945,43.9900016784668,44.150001525878906,74247,0.0,0.0
2023-12-29 14:30:00-05:00,44.15999984741211,44.25,44.1150016784668,44.16999816894531,163682,0.0,0.0
2023-12-29 15:30:00-05:00,44.17879867553711,44.18000030517578,43.779998779296875,43.869998931884766,320853,0.0,0.0
2024-01-02 09:30:00-05:00,43.5,44.099998474121094,43.0,43.900001525878906,281800,0.0,0.0
2024-01-02 10:30:00-05:00,43.900001525878906,44.25,43.689998626708984,44.15399932861328,207302,0.0,0.0
2024-01-02 11:30:00-05:00,44.189998626708984,44.540000915527344,44.16999816894531,44.27000045776367,228204,0.0,0.0
2024-01-02 12:30:00-05:00,44.27000045776367,44.45000076293945,44.26499938964844,44.310001373291016,206210,0.0,0.0
2024-01-02 13:30:00-05:00,44.279998779296875,44.45000076293945,44.07500076293945,44.20899963378906,259201,0.0,0.0
2024-01-02 14:30:00-05:00,44.20000076293945,44.22999954223633,43.689998626708984,43.7599983215332,281315,0.0,0.0
2024-01-02 15:30:00-05:00,43.7599983215332,44.150001525878906,43.720001220703125,44.150001525878906,354333,0.0,0.0
2024-01-03 09:30:00-05:00,43.040000915527344,43.09000015258789,42.224998474121094,42.290000915527344,565671,0.0,0.0
2024-01-03 10:30:00-05:00,42.28499984741211,42.64500045776367,41.93000030517578,42.380001068115234,408085,0.0,0.0
2024-01-03 11:30:00-05:00,42.38999938964844,42.529998779296875,42.2400016784668,42.31999969482422,295976,0.0,0.0
2024-01-03 12:30:00-05:00,42.33000183105469,42.67499923706055,42.22999954223633,42.54499816894531,201766,0.0,0.0
2024-01-03 13:30:00-05:00,42.54499816894531,42.650001525878906,42.30500030517578,42.61000061035156,251772,0.0,0.0
2024-01-03 14:30:00-05:00,42.630001068115234,42.689998626708984,41.85499954223633,41.904998779296875,361259,0.0,0.0
2024-01-03 15:30:00-05:00,41.904998779296875,42.150001525878906,41.875,42.0099983215332,523688,0.0,0.0
2024-01-04 09:30:00-05:00,42.0099983215332,42.84000015258789,41.79999923706055,42.709999084472656,381707,0.0,0.0
2024-01-04 10:30:00-05:00,42.70100021362305,42.97999954223633,42.70000076293945,42.849998474121094,184560,0.0,0.0
2024-01-04 11:30:00-05:00,42.81999969482422,43.040000915527344,42.709999084472656,42.880001068115234,136169,0.0,0.0
2024-01-04 12:30:00-05:00,42.86000061035156,42.880001068115234,42.65999984741211,42.81999969482422,111895,0.0,0.0
2024-01-04 13:30:00-05:00,42.83000183105469,43.0099983215332,42.724998474121094,42.75,167754,0.0,0.0
2024-01-04 14:30:00-05:00,42.72999954223633,42.83000183105469,42.650001525878906,42.75,158430,0.0,0.0
2024-01-04 15:30:00-05:00,42.74530029296875,42.810001373291016,42.5,42.63999938964844,337852,0.0,0.0
2024-01-05 09:30:00-05:00,41.91999816894531,43.38999938964844,41.77000045776367,43.310001373291016,424922,0.0,0.0
2024-01-05 10:30:00-05:00,43.31999969482422,43.90999984741211,43.2599983215332,43.650001525878906,226325,0.0,0.0
2024-01-05 11:30:00-05:00,43.68000030517578,43.939300537109375,43.630001068115234,43.65999984741211,196717,0.0,0.0
2024-01-05 12:30:00-05:00,43.65999984741211,43.66999816894531,43.390098571777344,43.63999938964844,185803,0.0,0.0
2024-01-05 13:30:00-05:00,43.65999984741211,44.0,43.630001068115234,43.9900016784668,205580,0.0,0.0
2024-01-05 14:30:00-05:00,43.970001220703125,44.099998474121094,43.79999923706055,44.099998474121094,345834,0.0,0.0
2024-01-05 15:30:00-05:00,44.099998474121094,44.13999938964844,43.8849983215332,44.040000915527344,499389,0.0,0.0
2024-01-08 09:30:00-05:00,43.779998779296875,43.9900016784668,43.400001525878906,43.85499954223633,225180,0.0,0.0
2024-01-08 10:30:00-05:00,43.869998931884766,44.04999923706055,43.77000045776367,43.9900016784668,148189,0.0,0.0
2024-01-08 11:30:00-05:00,43.9900016784668,43.9900016784668,43.709999084472656,43.779998779296875,104753,0.0,0.0
2024-01-08 12:30:00-05:00,43.77000045776367,43.95000076293945,43.72999954223633,43.84000015258789,140938,0.0,0.0
2024-01-08 13:30:00-05:00,43.84000015258789,44.2400016784668,43.83000183105469,44.224998474121094,173381,0.0,0.0
2024-01-08 14:30:00-05:00,44.2400016784668,44.41999816894531,44.21500015258789,44.334999084472656,156157,0.0,0.0
2024-01-08 15:30:00-05:00,44.34000015258789,44.59000015258789,44.275001525878906,44.54999923706055,387487,0.0,0.0
2024-01-09 09:30:00-05:00,43.84000015258789,44.063899993896484,43.380001068115234,43.98500061035156,231991,0.0,0.0
2024-01-09 10:30:00-05:00,43.97999954223633,44.310001373291016,43.939998626708984,44.290000915527344,123737,0.0,0.0
2024-01-09 11:30:00-05:00,44.290000915527344,44.40999984741211,44.25,44.314998626708984,102976,0.0,0.0
2024-01-09 12:30:00-05:00,44.33000183105469,44.470001220703125,44.18000030517578,44.36000061035156,122126,0.0,0.0
2024-01-09 13:30:00-05:00,44.345001220703125,44.59000015258789,44.2599983215332,44.290000915527344,153113,0.0,0.0
2024-01-09 14:30:00-05:00,44.29999923706055,44.34000015258789,44.13999938964844,44.2599983215332,116564,0.0,0.0
2024-01-09 15:30:00-05:00,44.2599983215332,44.2599983215332,44.0099983215332,44.040000915527344,290562,0.0,0.0
2024-01-10 09:30:00-05:00,43.90999984741211,43.90999984741211,43.34000015258789,43.595001220703125,157151,0.0,0.0
2024-01-10 10:30:00-05:00,43.61000061035156,43.709999084472656,43.52000045776367,43.59000015258789,100850,0.0,0.0
2024-01-10 11:30:00-05:00,43.599998474121094,43.810001373291016,43.560001373291016,43.7400016784668,143844,0.0,0.0
2024-01-10 12:30:00-05:00,43.7400016784668,43.97999954223633,43.599998474121094,43.84000015258789,116344,0.0,0.0
2024-01-10 13:30:00-05:00,43.834999084472656,44.029998779296875,43.709999084472656,43.959999084472656,165532,0.0,0.0
2024-01-10 14:30:00-05:00,43.959999084472656,44.119998931884766,43.68000030517578,43.720001220703125,207755,0.0,0.0
2024-01-10 15:30:00-05:00,43.720001220703125,43.97999954223633,43.68000030517578,43.91999816894531,346998,0.0,0.0
2024-01-11 09:30:00-05:00,43.43000030517578,43.5,42.29999923706055,42.58000183105469,283824,0.0,0.0
2024-01-11 10:30:00-05:00,42.564998626708984,42.7599983215332,42.40999984741211,42.7400016784668,201933,0.0,0.0
2024-01-11 11:30:00-05:00,42.7400016784668,42.84000015258789,42.52000045776367,42.59000015258789,128471,0.0,0.0
2024-01-11 12:30:00-05:00,42.56999969482422,42.880001068115234,42.54999923706055,42.720001220703125,117568,0.0,0.0
2024-01-11 13:30:00-05:00,42.72999954223633,43.02000045776367,42.69499969482422,43.02000045776367,221214,0.0,0.0
2024-01-11 14:30:00-05:00,42.994998931884766,43.22999954223633,42.89500045776367,43.13999938964844,208658,0.0,0.0
2024-01-11 15:30:00-05:00,43.119998931884766,43.38999938964844,43.11000061035156,43.36000061035156,537863,0.0,0.0
2024-01-12 09:30:00-05:00,43.58000183105469,43.65999984741211,42.279998779296875,42.369998931884766,323048,0.0,0.0
2024-01-12 10:30:00-05:00,42.380001068115234,42.5099983215332,41.93000030517578,42.2400016784668,308300,0.0,0.0
2024-01-12 11:30:00-05:00,42.26499938964844,42.34000015258789,41.79999923706055,41.95000076293945,159125,0.0,0.0
2024-01-12 12:30:00-05:00,41.95000076293945,42.29499816894531,41.904998779296875,42.279998779296875,118106,0.0,0.0
2024-01-12 13:30:00-05:00,42.275001525878906,42.41999816894531,42.20000076293945,42.36000061035156,104201,0.0,0.0
2024-01-12 14:30:00-05:00,42.349998474121094,42.349998474121094,42.064998626708984,42.150001525878906,156303,0.0,0.0
2024-01-12 15:30:00-05:00,42.13999938964844,42.29499816894531,42.09000015258789,42.119998931884766,331466,0.0,0.0
2024-01-16 09:30:00-05:00,41.470001220703125,41.470001220703125,40.77000045776367,41.31999969482422,344207,0.0,0.0
2024-01-16 10:30:00-05:00,41.33000183105469,41.56999969482422,41.005001068115234,41.349998474121094,433135,0.0,0.0
2024-01-16 11:30:00-05:00,41.36000061035156,41.380001068115234,41.1349983215332,41.189998626708984,247685,0.0,0.0
2024-01-16 12:30:00-05:00,41.18899917602539,41.439998626708984,41.130001068115234,41.400001525878906,143770,0.0,0.0
2024-01-16 13:30:00-05:00,41.40359878540039,41.43000030517578,41.0,41.040000915527344,283435,0.0,0.0
2024-01-16 14:30:00-05:00,41.02000045776367,41.150001525878906,40.994998931884766,41.029998779296875,184714,0.0,0.0
2024-01-16 15:30:00-05:00,41.040000915527344,41.18000030517578,40.98500061035156,41.16999816894531,444170,0.0,0.0
2024-01-17 09:30:00-05:00,40.2599983215332,41.099998474121094,40.04999923706055,40.83000183105469,361623,0.0,0.0
2024-01-17 10:30:00-05:00,40.80500030517578,40.95000076293945,40.71500015258789,40.85499954223633,212919,0.0,0.0
2024-01-17 11:30:00-05:00,40.83000183105469,40.904998779296875,40.529998779296875,40.540000915527344,133470,0.0,0.0
2024-01-17 12:30:00-05:00,40.540000915527344,40.630001068115234,40.29999923706055,40.34000015258789,157415,0.0,0.0
2024-01-17 13:30:00-05:00,40.34000015258789,40.61000061035156,40.255001068115234,40.59000015258789,240858,0.0,0.0
2024-01-17 14:30:00-05:00,40.599998474121094,40.79999923706055,40.5099983215332,40.77000045776367,173405,0.0,0.0
2024-01-17 15:30:00-05:00,40.7599983215332,40.97999954223633,40.744998931884766,40.959999084472656,403946,0.0,0.0
2024-01-18 09:30:00-05:00,41.290000915527344,41.314998626708984,40.435001373291016,40.790000915527344,371331,0.0,0.0
2024-01-18 10:30:00-05:00,40.79999923706055,41.02000045776367,40.209999084472656,40.22999954223633,267467,0.0,0.0
2024-01-18 11:30:00-05:00,40.224998474121094,40.290000915527344,39.829898834228516,39.83000183105469,423376,0.0,0.0
2024-01-18 12:30:00-05:00,39.82659912109375,40.09000015258789,39.779998779296875,40.04999923706055,197161,0.0,0.0
2024-01-18 13:30:00-05:00,40.029998779296875,40.279998779296875,40.02000045776367,40.279998779296875,125910,0.0,0.0
2024-01-18 14:30:00-05:00,40.290000915527344,40.56999969482422,40.290000915527344,40.529998779296875,294262,0.0,0.0
2024-01-18 15:30:00-05:00,40.529998779296875,40.63999938964844,40.47999954223633,40.5099983215332,402853,0.0,0.0
2024-01-19 09:30:00-05:00,40.630001068115234,40.86000061035156,40.15999984741211,40.75,413060,0.0,0.0
2024-01-19 10:30:00-05:00,40.75,40.75,40.45000076293945,40.5,323383,0.0,0.0
2024-01-19 11:30:00-05:00,40.5,40.720001220703125,40.474998474121094,40.689998626708984,206148,0.0,0.0
2024-01-19 12:30:00-05:00,40.70000076293945,40.9900016784668,40.619998931884766,40.9900016784668,166704,0.0,0.0
2024-01-19 13:30:00-05:00,40.9900016784668,41.54999923706055,40.96049880981445,41.45000076293945,204970,0.0,0.0
2024-01-19 14:30:00-05:00,41.459999084472656,41.70500183105469,41.31999969482422,41.665000915527344,264304,0.0,0.0
2024-01-19 15:30:00-05:00,41.65999984741211,41.70500183105469,41.474998474121094,41.63999938964844,386229,0.0,0.0
2024-01-22 09:30:00-05:00,42.029998779296875,42.7599983215332,41.58000183105469,42.58000183105469,837981,0.0,0.0
2024-01-22 10:30:00-05:00,42.58000183105469,42.72999954223633,42.244998931884766,42.470001220703125,493450,0.0,0.0
2024-01-22 11:30:00-05:00,42.47999954223633,42.65999984741211,42.369998931884766,42.65999984741211,148233,0.0,0.0
2024-01-22 12:30:00-05:00,42.650001525878906,42.66999816894531,42.119998931884766,42.13999938964844,160765,0.0,0.0
2024-01-22 13:30:00-05:00,42.13999938964844,42.25,42.060001373291016,42.130001068115234,284306,0.0,0.0
2024-01-22 14:30:00-05:00,42.130001068115234,44.013099670410156,41.040000915527344,43.47999954223633,3295111,0.0,0.0
2024-01-22 15:30:00-05:00,43.47999954223633,43.68000030517578,43.27000045776367,43.310001373291016,1241905,0.0,0.0
2024-01-23 09:30:00-05:00,43.5099983215332,44.15119934082031,42.810001373291016,43.01499938964844,1002804,0.0,0.0
2024-01-23 10:30:00-05:00,43.01499938964844,43.04999923706055,41.970001220703125,42.2400016784668,985395,0.0,0.0
2024-01-23 11:30:00-05:00,42.2400016784668,42.755001068115234,42.02000045776367,42.709999084472656,270637,0.0,0.0
2024-01-23 12:30:00-05:00,42.689998626708984,43.4900016784668,42.599998474121094,43.16999816894531,324653,0.0,0.0
2024-01-23 13:30:00-05:00,43.18000030517578,43.529998779296875,42.75,42.83000183105469,436056,0.0,0.0
2024-01-23 14:30:00-05:00,42.79999923706055,43.209999084472656,42.77000045776367,43.029998779296875,352267,0.0,0.0
2024-01-23 15:30:00-05:00,43.025001525878906,43.04999923706055,42.75,42.7599983215332,666828,0.0,0.0
2024-01-24 09:30:00-05:00,43.540000915527344,44.095001220703125,43.244998931884766,43.845001220703125,745959,0.0,0.0
2024-01-24 10:30:00-05:00,43.86000061035156,44.92499923706055,43.63999938964844,44.86000061035156,545127,0.0,0.0
2024-01-24 11:30:00-05:00,44.86000061035156,44.880001068115234,44.42499923706055,44.630001068115234,374670,0.0,0.0
2024-01-24 12:30:00-05:00,44.63999938964844,44.720001220703125,44.40999984741211,44.540000915527344,251098,0.0,0.0
2024-01-24 13:30:00-05:00,44.54499816894531,44.5452995300293,43.84000015258789,43.9900016784668,284685,0.0,0.0
2024-01-24 14:30:00-05:00,43.97999954223633,44.255001068115234,43.91999816894531,44.084999084472656,319970,0.0,0.0
2024-01-24 15:30:00-05:00,44.07500076293945,44.31999969482422,44.005001068115234,44.150001525878906,675327,0.0,0.0
2024-01-25 09:30:00-05:00,44.86000061035156,45.33000183105469,44.25,44.53499984741211,423973,0.0,0.0
2024-01-25 10:30:00-05:00,44.529998779296875,44.58000183105469,43.880001068115234,44.08000183105469,382730,0.0,0.0
2024-01-25 11:30:00-05:00,44.06999969482422,44.09000015258789,43.720001220703125,43.84000015258789,246841,0.0,0.0
2024-01-25 12:30:00-05:00,43.84000015258789,44.2400016784668,43.630001068115234,44.11000061035156,126716,0.0,0.0
2024-01-25 13:30:00-05:00,44.099998474121094,44.41450119018555,44.04999923706055,44.400001525878906,211735,0.0,0.0
2024-01-25 14:30:00-05:00,44.40999984741211,44.47999954223633,44.24190139770508,44.33000183105469,207817,0.0,0.0
2024-01-25 15:30:00-05:00,44.334999084472656,44.39500045776367,44.16999816894531,44.290000915527344,410216,0.0,0.0
2024-01-26 09:30:00-05:00,44.5,44.860599517822266,44.02000045776367,44.22999954223633,178231,0.0,0.0
2024-01-26 10:30:00-05:00,44.220001220703125,44.335899353027344,44.060001373291016,44.25,125233,0.0,0.0
2024-01-26 11:30:00-05:00,44.2400016784668,44.27000045776367,44.150001525878906,44.189998626708984,74683,0.0,0.0
2024-01-26 12:30:00-05:00,44.189998626708984,44.34000015258789,43.96009826660156,44.279998779296875,163045,0.0,0.0
2024-01-26 13:30:00-05:00,44.290000915527344,44.31999969482422,44.119998931884766,44.20500183105469,133826,0.0,0.0
2024-01-26 14:30:00-05:00,44.20500183105469,44.310001373291016,44.165000915527344,44.189998626708984,206072,0.0,0.0
2024-01-26 15:30:00-05:00,44.20000076293945,44.23500061035156,44.0,44.0099983215332,408559,0.0,0.0
2024-01-29 09:30:00-05:00,43.970001220703125,44.540000915527344,43.77000045776367,44.540000915527344,265320,0.0,0.0
2024-01-29 10:30:00-05:00,44.529998779296875,44.59000015258789,44.220001220703125,44.25,186049,0.0,0.0
2024-01-29 11:30:00-05:00,44.2400016784668,44.3650016784668,44.130001068115234,44.34000015258789,133452,0.0,0.0
2024-01-29 12:30:00-05:00,44.349998474121094,44.5,44.209999084472656,44.459999084472656,167331,0.0,0.0
2024-01-29 13:30:00-05:00,44.46500015258789,44.52000045776367,44.36000061035156,44.42499923706055,221746,0.0,0.0
2024-01-29 14:30:00-05:00,44.439998626708984,44.92499923706055,44.400001525878906,44.84000015258789,256155,0.0,0.0
2024-01-29 15:30:00-05:00,44.849998474121094,44.9900016784668,44.689998626708984,44.95000076293945,526846,0.0,0.0
2024-01-30 09:30:00-05:00,44.7599983215332,45.029998779296875,44.4900016784668,44.52000045776367,250876,0.0,0.0
2024-01-30 10:30:00-05:00,44.5099983215332,44.7599983215332,44.39500045776367,44.7400016784668,195529,0.0,0.0
2024-01-30 11:30:00-05:00,44.72999954223633,44.83000183105469,44.650001525878906,44.709999084472656,197504,0.0,0.0
2024-01-30 12:30:00-05:00,44.68000030517578,44.75,44.59000015258789,44.66999816894531,178813,0.0,0.0
2024-01-30 13:30:00-05:00,44.66999816894531,44.73500061035156,44.59000015258789,44.61000061035156,194505,0.0,0.0
2024-01-30 14:30:00-05:00,44.60499954223633,44.685001373291016,44.400001525878906,44.44499969482422,392051,0.0,0.0
2024-01-30 15:30:00-05:00,44.44499969482422,44.45500183105469,44.3849983215332,44.43000030517578,312541,0.0,0.0
2024-01-31 09:30:00-05:00,42.189998626708984,43.2599983215332,41.79999923706055,43.22999954223633,845281,0.0,0.0
2024-01-31 10:30:00-05:00,43.25,43.43000030517578,42.810001373291016,42.900001525878906,629884,0.0,0.0
2024-01-31 11:30:00-05:00,42.93000030517578,43.119998931884766,42.61000061035156,43.119998931884766,273328,0.0,0.0
2024-01-31 12:30:00-05:00,43.11000061035156,43.125,42.880001068115234,43.060001373291016,213746,0.0,0.0
2024-01-31 13:30:00-05:00,43.04999923706055,43.22999954223633,42.72999954223633,42.768001556396484,227096,0.0,0.0
2024-01-31 14:30:00-05:00,42.7599983215332,43.53499984741211,42.2400016784668,42.349998474121094,527999,0.0,0.0
2024-01-31 15:30:00-05:00,42.33000183105469,42.40999984741211,41.689998626708984,41.90999984741211,783327,0.0,0.0
2024-02-01 09:30:00-05:00,42.189998626708984,42.34000015258789,39.040000915527344,39.268699645996094,1842683,0.0,0.0
2024-02-01 10:30:00-05:00,39.27000045776367,39.380001068115234,37.755001068115234,38.66999816894531,1802665,0.0,0.0
2024-02-01 11:30:00-05:00,38.68000030517578,39.86000061035156,38.650001525878906,39.81999969482422,1013303,0.0,0.0
2024-02-01 12:30:00-05:00,39.81999969482422,39.959999084472656,39.04999923706055,39.20000076293945,751707,0.0,0.0
2024-02-01 13:30:00-05:00,39.20000076293945,39.81999969482422,39.20000076293945,39.380001068115234,379355,0.0,0.0
2024-02-01 14:30:00-05:00,39.380001068115234,39.689998626708984,39.20500183105469,39.38999938964844,664676,0.0,0.0
2024-02-01 15:30:00-05:00,39.38999938964844,39.599998474121094,39.154998779296875,39.2400016784668,943263,0.0,0.0
2024-02-02 09:30:00-05:00,38.380001068115234,39.34000015258789,37.959999084472656,39.09000015258789,1060353,0.0,0.0
2024-02-02 10:30:00-05:00,39.11000061035156,39.369998931884766,38.810001373291016,39.36000061035156,557115,0.0,0.0
2024-02-02 11:30:00-05:00,39.380001068115234,39.599998474121094,38.97999954223633,39.16999816894531,636888,0.0,0.0
2024-02-02 12:30:00-05:00,39.20000076293945,39.34000015258789,38.9900016784668,39.095001220703125,474476,0.0,0.0
2024-02-02 13:30:00-05:00,39.08000183105469,39.31999969482422,38.97999954223633,39.09000015258789,468746,0.0,0.0
2024-02-02 14:30:00-05:00,39.09000015258789,39.59000015258789,39.040000915527344,39.56999969482422,529739,0.0,0.0
2024-02-02 15:30:00-05:00,39.560001373291016,39.80500030517578,39.323699951171875,39.630001068115234,1137244,0.0,0.0
2024-02-05 09:30:00-05:00,39.04999923706055,39.209999084472656,38.630001068115234,38.779998779296875,690277,0.0,0.0
2024-02-05 10:30:00-05:00,38.779998779296875,39.040000915527344,38.685001373291016,38.880001068115234,405968,0.0,0.0
2024-02-05 11:30:00-05:00,38.880001068115234,38.970001220703125,38.720001220703125,38.970001220703125,473265,0.0,0.0
2024-02-05 12:30:00-05:00,38.97999954223633,39.01499938964844,38.80500030517578,38.86000061035156,438464,0.0,0.0
2024-02-05 13:30:00-05:00,38.86000061035156,39.150001525878906,38.790000915527344,39.150001525878906,541694,0.0,0.0
2024-02-05 14:30:00-05:00,39.165000915527344,39.400001525878906,39.03499984741211,39.20500183105469,625447,0.0,0.0
2024-02-05 15:30:00-05:00,39.209999084472656,39.22999954223633,38.81999969482422,38.84000015258789,662734,0.0,0.0
2024-02-06 09:30:00-05:00,38.880001068115234,39.68669891357422,38.70000076293945,39.23400115966797,516737,0.0,0.0
2024-02-06 10:30:00-05:00,39.220001220703125,39.33000183105469,38.540000915527344,39.06999969482422,745627,0.0,0.0
2024-02-06 11:30:00-05:00,39.060001373291016,39.25,38.90999984741211,39.11000061035156,340817,0.0,0.0
2024-02-06 12:30:00-05:00,39.119998931884766,39.130001068115234,38.84000015258789,38.970001220703125,202283,0.0,0.0
2024-02-06 13:30:00-05:00,38.970001220703125,39.20500183105469,38.90999984741211,39.119998931884766,421724,0.0,0.0
2024-02-06 14:30:00-05:00,39.119998931884766,39.375,38.91999816894531,39.0099983215332,534983,0.0,0.0
2024-02-06 15:30:00-05:00,39.01499938964844,39.01499938964844,38.869998931884766,38.880001068115234,1015051,0.0,0.0
2024-02-07 09:30:00-05:00,39.119998931884766,39.2400016784668,38.119998931884766,39.040000915527344,780741,0.0,0.0
2024-02-07 10:30:00-05:00,39.040000915527344,39.11000061035156,38.540000915527344,38.650001525878906,374212,0.0,0.0
2024-02-07 11:30:00-05:00,38.65999984741211,39.18000030517578,38.630001068115234,39.150001525878906,439278,0.0,0.0
2024-02-07 12:30:00-05:00,39.15999984741211,39.73500061035156,39.02000045776367,39.720001220703125,468211,0.0,0.0
2024-02-07 13:30:00-05:00,39.720001220703125,39.7599983215332,39.45000076293945,39.540000915527344,329362,0.0,0.0
2024-02-07 14:30:00-05:00,39.58000183105469,39.72999954223633,39.38999938964844,39.41999816894531,374703,0.0,0.0
2024-02-07 15:30:00-05:00,39.417999267578125,39.43000030517578,39.064998626708984,39.18000030517578,613027,0.0,0.0
2024-02-08 09:30:00-05:00,39.2400016784668,40.2599983215332,38.81999969482422,39.334999084472656,705873,0.0,0.0
2024-02-08 10:30:00-05:00,39.36000061035156,39.790000915527344,39.36000061035156,39.439998626708984,376201,0.0,0.0
2024-02-08 11:30:00-05:00,39.439998626708984,39.599998474121094,39.400001525878906,39.44499969482422,179718,0.0,0.0
2024-02-08 12:30:00-05:00,39.45000076293945,39.59000015258789,39.279998779296875,39.45000076293945,181288,0.0,0.0
2024-02-08 13:30:00-05:00,39.46500015258789,39.85499954223633,39.43000030517578,39.779998779296875,232225,0.0,0.0
2024-02-08 14:30:00-05:00,39.77000045776367,39.88999938964844,39.619998931884766,39.86000061035156,232112,0.0,0.0
2024-02-08 15:30:00-05:00,39.849998474121094,39.93000030517578,39.755001068115234,39.88999938964844,434712,0.0,0.0
2024-02-09 09:30:00-05:00,39.91999816894531,40.119998931884766,39.45000076293945,39.7599983215332,254784,0.0,0.0
2024-02-09 10:30:00-05:00,39.7599983215332,39.84000015258789,39.650001525878906,39.72999954223633,245226,0.0,0.0
2024-02-09 11:30:00-05:00,39.720001220703125,40.0,39.650001525878906,39.9900016784668,169004,0.0,0.0
2024-02-09 12:30:00-05:00,39.97999954223633,40.41999816894531,39.88999938964844,40.369998931884766,217080,0.0,0.0
2024-02-09 13:30:00-05:00,40.369998931884766,40.38999938964844,40.03499984741211,40.06999969482422,281462,0.0,0.0
2024-02-09 14:30:00-05:00,40.06999969482422,40.130001068115234,39.85499954223633,39.974998474121094,245372,0.0,0.0
2024-02-09 15:30:00-05:00,39.974998474121094,40.099998474121094,39.91999816894531,40.08000183105469,455373,0.0,0.0
2024-02-12 09:30:00-05:00,40.15999984741211,41.61000061035156,40.09000015258789,41.45000076293945,392918,0.0,0.0
2024-02-12 10:30:00-05:00,41.43000030517578,41.560001373291016,41.25,41.40999984741211,194409,0.0,0.0
2024-02-12 11:30:00-05:00,41.40370178222656,41.529998779296875,41.18000030517578,41.27000045776367,123871,0.0,0.0
2024-02-12 12:30:00-05:00,41.2599983215332,41.43000030517578,41.22999954223633,41.290000915527344,142803,0.0,0.0
2024-02-12 13:30:00-05:00,41.290000915527344,41.65999984741211,41.22999954223633,41.36000061035156,168422,0.0,0.0
2024-02-12 14:30:00-05:00,41.3650016784668,41.564998626708984,41.349998474121094,41.40999984741211,195601,0.0,0.0
2024-02-12 15:30:00-05:00,41.40999984741211,41.40999984741211,41.165000915527344,41.2400016784668,391744,0.0,0.0
2024-02-13 09:30:00-05:00,39.54999923706055,39.86600112915039,39.099998474121094,39.44499969482422,800977,0.0,0.0
2024-02-13 10:30:00-05:00,39.439998626708984,39.720001220703125,39.11000061035156,39.58000183105469,302046,0.0,0.0
2024-02-13 11:30:00-05:00,39.61000061035156,39.70500183105469,39.244998931884766,39.339900970458984,185040,0.0,0.0
2024-02-13 12:30:00-05:00,39.34000015258789,39.58000183105469,39.2400016784668,39.27000045776367,217575,0.0,0.0
2024-02-13 13:30:00-05:00,39.2599983215332,39.34000015258789,38.91999816894531,38.959999084472656,178901,0.0,0.0
2024-02-13 14:30:00-05:00,38.959999084472656,39.06999969482422,38.649898529052734,38.83000183105469,318862,0.0,0.0
2024-02-13 15:30:00-05:00,38.84000015258789,39.40999984741211,38.84000015258789,39.36000061035156,672790,0.0,0.0
2024-02-14 09:30:00-05:00,39.529998779296875,39.880001068115234,39.290000915527344,39.66999816894531,321144,0.0,0.0
2024-02-14 10:30:00-05:00,39.66999816894531,39.75,39.14059829711914,39.650001525878906,202254,0.0,0.0
2024-02-14 11:30:00-05:00,39.65999984741211,39.7599983215332,39.5,39.75,156810,0.0,0.0
2024-02-14 12:30:00-05:00,39.7599983215332,39.83000183105469,39.630001068115234,39.83000183105469,127989,0.0,0.0
2024-02-14 13:30:00-05:00,39.86000061035156,40.065399169921875,39.7400016784668,40.05500030517578,182395,0.0,0.0
2024-02-14 14:30:00-05:00,40.05500030517578,40.35499954223633,39.98500061035156,40.35499954223633,326346,0.0,0.0
2024-02-14 15:30:00-05:00,40.369998931884766,40.435001373291016,40.04499816894531,40.38999938964844,926263,0.0,0.0
2024-02-15 09:30:00-05:00,40.84000015258789,42.18000030517578,40.729400634765625,41.689998626708984,639884,0.0,0.0
2024-02-15 10:30:00-05:00,41.70000076293945,41.72999954223633,41.29999923706055,41.439998626708984,239838,0.0,0.0
2024-02-15 11:30:00-05:00,41.43000030517578,41.79999923706055,41.400001525878906,41.790000915527344,309925,0.0,0.0
2024-02-15 12:30:00-05:00,41.79999923706055,41.79999923706055,41.47999954223633,41.58000183105469,170524,0.0,0.0
2024-02-15 13:30:00-05:00,41.58000183105469,41.790000915527344,41.494998931884766,41.650001525878906,192727,0.0,0.0
2024-02-15 14:30:00-05:00,41.65999984741211,42.02000045776367,41.56999969482422,41.95000076293945,288160,0.0,0.0
2024-02-15 15:30:00-05:00,41.94499969482422,41.96500015258789,41.470001220703125,41.52000045776367,502783,0.0,0.0
2024-02-16 09:30:00-05:00,40.7599983215332,41.21500015258789,40.650001525878906,40.869998931884766,373686,0.0,0.0
2024-02-16 10:30:00-05:00,40.85499954223633,41.040000915527344,40.720001220703125,41.005001068115234,270176,0.0,0.0
2024-02-16 11:30:00-05:00,41.01499938964844,41.08000183105469,40.83000183105469,40.97999954223633,180535,0.0,0.0
2024-02-16 12:30:00-05:00,40.9900016784668,41.02000045776367,40.66999816894531,40.78499984741211,152667,0.0,0.0
2024-02-16 13:30:00-05:00,40.790000915527344,40.9900016784668,40.66999816894531,40.9900016784668,169362,0.0,0.0
2024-02-16 14:30:00-05:00,40.97999954223633,40.97999954223633,40.63999938964844,40.88999938964844,263315,0.0,0.0
2024-02-16 15:30:00-05:00,40.900001525878906,40.90999984741211,40.599998474121094,40.63999938964844,550040,0.0,0.0
2024-02-20 09:30:00-05:00,39.91999816894531,40.650001525878906,39.84000015258789,40.43000030517578,260642,0.0,0.0
2024-02-20 10:30:00-05:00,40.41999816894531,40.52000045776367,40.185001373291016,40.47999954223633,213916,0.0,0.0
2024-02-20 11:30:00-05:00,40.5,40.5,40.20000076293945,40.290000915527344,190193,0.0,0.0
2024-02-20 12:30:00-05:00,40.28499984741211,40.349998474121094,40.18000030517578,40.34000015258789,141023,0.0,0.0
2024-02-20 13:30:00-05:00,40.34000015258789,40.43000030517578,40.18000030517578,40.279998779296875,202476,0.0,0.0
2024-02-20 14:30:00-05:00,40.279998779296875,40.369998931884766,40.224998474121094,40.30500030517578,198461,0.0,0.0
2024-02-20 15:30:00-05:00,40.310001373291016,40.310001373291016,39.91999816894531,40.09000015258789,450728,0.0,0.0
2024-02-21 09:30:00-05:00,39.63999938964844,39.88999938964844,39.2599983215332,39.775001525878906,364805,0.0,0.0
2024-02-21 10:30:00-05:00,39.779998779296875,40.196998596191406,39.779998779296875,40.02000045776367,179897,0.0,0.0
2024-02-21 11:30:00-05:00,40.02000045776367,40.02000045776367,39.709999084472656,39.7599983215332,149090,0.0,0.0
2024-02-21 12:30:00-05:00,39.75,39.97999954223633,39.689998626708984,39.869998931884766,108491,0.0,0.0
2024-02-21 13:30:00-05:00,39.869998931884766,40.06999969482422,39.665000915527344,39.7599983215332,104602,0.0,0.0
2024-02-21 14:30:00-05:00,39.7599983215332,39.834999084472656,39.439998626708984,39.529998779296875,242215,0.0,0.0
2024-02-21 15:30:00-05:00,39.529998779296875,39.689998626708984,39.45000076293945,39.599998474121094,402513,0.0,0.0
2024-02-22 09:30:00-05:00,39.70000076293945,40.6150016784668,39.47999954223633,40.09000015258789,338424,0.0,0.0
2024-02-22 10:30:00-05:00,40.08000183105469,40.349998474121094,40.040000915527344,40.290000915527344,243615,0.0,0.0
2024-02-22 11:30:00-05:00,40.290000915527344,40.38999938964844,40.15999984741211,40.279998779296875,160058,0.0,0.0
2024-02-22 12:30:00-05:00,40.279998779296875,40.310001373291016,39.779998779296875,39.9900016784668,118557,0.0,0.0
2024-02-22 13:30:00-05:00,39.9900016784668,40.060001373291016,39.93000030517578,40.03499984741211,197451,0.0,0.0
2024-02-22 14:30:00-05:00,40.040000915527344,40.040000915527344,39.59000015258789,39.83000183105469,257099,0.0,0.0
2024-02-22 15:30:00-05:00,39.84000015258789,39.92499923706055,39.619998931884766,39.6349983215332,398521,0.0,0.0
2024-02-23 09:30:00-05:00,39.459999084472656,39.709999084472656,38.95000076293945,39.220001220703125,392734,0.0,0.0
2024-02-23 10:30:00-05:00,39.209999084472656,39.71500015258789,39.150001525878906,39.290000915527344,519717,0.0,0.0
2024-02-23 11:30:00-05:00,39.290000915527344,39.5,39.21500015258789,39.244998931884766,260806,0.0,0.0
2024-02-23 12:30:00-05:00,39.2400016784668,39.334999084472656,39.119998931884766,39.20000076293945,209803,0.0,0.0
2024-02-23 13:30:00-05:00,39.20000076293945,39.34000015258789,38.8650016784668,38.93000030517578,440572,0.0,0.0
2024-02-23 14:30:00-05:00,38.935001373291016,38.970001220703125,38.7400016784668,38.89500045776367,316048,0.0,0.0
2024-02-23 15:30:00-05:00,38.900001525878906,39.099998474121094,38.8849983215332,39.0099983215332,534278,0.0,0.0
2024-02-26 09:30:00-05:00,38.61000061035156,39.439998626708984,38.58000183105469,38.779998779296875,263872,0.0,0.0
2024-02-26 10:30:00-05:00,38.790000915527344,38.92499923706055,38.619998931884766,38.86000061035156,229669,0.0,0.0
2024-02-26 11:30:00-05:00,38.8650016784668,38.880001068115234,38.66999816894531,38.689998626708984,108844,0.0,0.0
2024-02-26 12:30:00-05:00,38.68000030517578,38.7400016784668,38.040000915527344,38.09859848022461,253911,0.0,0.0
2024-02-26 13:30:00-05:00,38.08000183105469,38.39500045776367,38.060001373291016,38.27000045776367,241220,0.0,0.0
2024-02-26 14:30:00-05:00,38.279998779296875,38.40999984741211,38.209999084472656,38.26499938964844,169945,0.0,0.0
2024-02-26 15:30:00-05:00,38.27000045776367,38.459999084472656,38.209999084472656,38.400001525878906,369446,0.0,0.0
2024-02-27 09:30:00-05:00,38.86000061035156,39.2400016784668,38.380001068115234,38.685001373291016,281869,0.0,0.0
2024-02-27 10:30:00-05:00,38.689998626708984,39.064998626708984,38.689998626708984,38.901100158691406,237556,0.0,0.0
2024-02-27 11:30:00-05:00,38.900001525878906,38.959999084472656,38.63999938964844,38.66999816894531,98229,0.0,0.0
2024-02-27 12:30:00-05:00,38.67890167236328,38.779998779296875,38.52899932861328,38.529998779296875,110879,0.0,0.0
2024-02-27 13:30:00-05:00,38.5099983215332,38.625,38.435001373291016,38.529998779296875,188801,0.0,0.0
2024-02-27 14:30:00-05:00,38.529998779296875,38.58000183105469,38.334999084472656,38.439998626708984,190422,0.0,0.0
2024-02-27 15:30:00-05:00,38.439998626708984,38.689998626708984,38.415000915527344,38.68000030517578,351936,0.0,0.0
2024-02-28 09:30:00-05:00,38.290000915527344,38.68000030517578,38.06999969482422,38.48500061035156,172542,0.0,0.0
2024-02-28 10:30:00-05:00,38.470001220703125,38.689998626708984,38.41999816894531,38.529998779296875,179101,0.0,0.0
2024-02-28 11:30:00-05:00,38.525001525878906,38.525001525878906,38.279998779296875,38.310001373291016,97826,0.0,0.0
2024-02-28 12:30:00-05:00,38.314998626708984,38.43000030517578,38.29999923706055,38.345001220703125,102807,0.0,0.0
2024-02-28 13:30:00-05:00,38.345001220703125,38.415000915527344,38.150001525878906,38.27000045776367,140478,0.0,0.0
2024-02-28 14:30:00-05:00,38.2599983215332,38.310001373291016,38.165000915527344,38.220001220703125,153667,0.0,0.0
2024-02-28 15:30:00-05:00,38.209999084472656,38.2599983215332,38.0099983215332,38.099998474121094,357188,0.0,0.0
2024-02-29 09:30:00-05:00,39.02000045776367,39.61000061035156,38.974998474121094,39.4900016784668,570983,0.0,0.0
2024-02-29 10:30:00-05:00,39.5,39.52000045776367,38.970001220703125,38.970001220703125,195940,0.0,0.0
2024-02-29 11:30:00-05:00,38.970001220703125,39.0,38.75,38.84000015258789,191803,0.0,0.0
2024-02-29 12:30:00-05:00,38.84000015258789,39.20500183105469,38.84000015258789,39.189998626708984,209450,0.0,0.0
2024-02-29 13:30:00-05:00,39.20000076293945,39.290000915527344,39.15999984741211,39.16999816894531,200045,0.0,0.0
2024-02-29 14:30:00-05:00,39.164398193359375,39.36000061035156,39.099998474121094,39.345001220703125,348287,0.0,0.0
2024-02-29 15:30:00-05:00,39.349998474121094,39.5,39.30500030517578,39.41999816894531,741089,0.0,0.0
2024-03-01 09:30:00-05:00,38.9900016784668,39.220001220703125,38.0099983215332,39.220001220703125,314514,0.0,0.0
2024-03-01 10:30:00-05:00,39.220001220703125,39.220001220703125,38.65999984741211,38.709999084472656,514468,0.0,0.0
2024-03-01 11:30:00-05:00,38.689998626708984,38.9900016784668,38.630001068115234,38.88999938964844,251228,0.0,0.0
2024-03-01 12:30:00-05:00,38.88999938964844,38.95249938964844,38.70000076293945,38.7599983215332,228218,0.0,0.0
2024-03-01 13:30:00-05:00,38.7599983215332,38.97999954223633,38.720001220703125,38.90999984741211,264080,0.0,0.0
2024-03-01 14:30:00-05:00,38.90999984741211,38.970001220703125,38.779998779296875,38.849998474121094,262752,0.0,0.0
2024-03-01 15:30:00-05:00,38.849998474121094,39.095001220703125,38.75,38.779998779296875,503880,0.0,0.0
2024-03-04 09:30:00-05:00,39.30799865722656,40.209999084472656,38.790000915527344,39.209999084472656,996596,0.0,0.0
2024-03-04 10:30:00-05:00,39.220001220703125,39.3025016784668,38.880001068115234,39.189998626708984,5107,0.0,0.0
2024-03-04 11:30:00-05:00,39.20000076293945,39.584999084472656,39.130001068115234,39.47999954223633,230308,0.0,0.0
2024-03-04 12:30:00-05:00,39.47999954223633,39.82500076293945,39.41999816894531,39.790000915527344,222298,0.0,0.0
2024-03-04 13:30:00-05:00,39.79999923706055,39.939998626708984,39.38999938964844,39.5099983215332,213641,0.0,0.0
2024-03-04 14:30:00-05:00,39.505001068115234,39.75,39.400001525878906,39.400001525878906,224508,0.0,0.0
2024-03-04 15:30:00-05:00,39.400001525878906,39.40999984741211,39.13999938964844,39.189998626708984,1987578,0.0,0.0
2024-03-05 09:30:00-05:00,38.88999938964844,40.209999084472656,38.845001220703125,40.209999084472656,364751,0.0,0.0
2024-03-05 10:30:00-05:00,40.220001220703125,40.47600173950195,40.029998779296875,40.06999969482422,353768,0.0,0.0
2024-03-05 11:30:00-05:00,40.185001373291016,40.70500183105469,40.029998779296875,40.665000915527344,0,0.0,0.0
2024-03-05 12:30:00-05:00,40.685001373291016,41.08000183105469,40.60499954223633,41.060001373291016,201219,0.0,0.0
2024-03-05 13:30:00-05:00,41.060001373291016,41.275001525878906,41.0,41.189998626708984,197486,0.0,0.0
2024-03-05 14:30:00-05:00,41.16999816894531,41.2599983215332,40.66999816894531,40.814998626708984,271664,0.0,0.0
2024-03-05 15:30:00-05:00,40.814998626708984,41.0,40.560001373291016,40.95000076293945,1581604,0.0,0.0
2024-03-06 09:30:00-05:00,40.72999954223633,41.0099983215332,40.0,40.13999938964844,430332,0.0,0.0
2024-03-06 10:30:00-05:00,40.14500045776367,40.58000183105469,40.11000061035156,40.58000183105469,0,0.0,0.0
2024-03-06 11:30:00-05:00,40.58000183105469,40.588401794433594,39.279998779296875,39.910099029541016,350013,0.0,0.0
2024-03-06 12:30:00-05:00,39.91999816894531,40.26499938964844,39.85499954223633,40.22999954223633,178880,0.0,0.0
2024-03-06 13:30:00-05:00,40.220001220703125,41.31999969482422,39.7400016784668,41.279998779296875,573555,0.0,0.0
2024-03-06 14:30:00-05:00,41.290000915527344,41.93000030517578,41.15999984741211,41.31999969482422,694647,0.0,0.0
2024-03-06 15:30:00-05:00,41.35499954223633,41.45000076293945,40.84000015258789,41.29999923706055,1640291,0.0,0.0
2024-03-07 09:30:00-05:00,41.88999938964844,42.599998474121094,41.66999816894531,42.0099983215332,519721,0.0,0.0
2024-03-07 10:30:00-05:00,42.02000045776367,42.040000915527344,41.55500030517578,41.7400016784668,339565,0.0,0.0
2024-03-07 11:30:00-05:00,41.75,41.75,41.22999954223633,41.2400016784668,216797,0.0,0.0
2024-03-07 12:30:00-05:00,41.22999954223633,41.459999084472656,41.150001525878906,41.439998626708984,168659,0.0,0.0
2024-03-07 13:30:00-05:00,41.459999084472656,41.470001220703125,41.25,41.369998931884766,210314,0.0,0.0
2024-03-07 14:30:00-05:00,41.36000061035156,41.58000183105469,41.34000015258789,41.505001068115234,228424,0.0,0.0
2024-03-07 15:30:00-05:00,41.5,41.68000030517578,41.48500061035156,41.525001525878906,383293,0.0,0.0
2024-03-08 09:30:00-05:00,42.25,42.95000076293945,42.09000015258789,42.209999084472656,432223,0.0,0.0
2024-03-08 10:30:00-05:00,42.20000076293945,42.52000045776367,42.060001373291016,42.17499923706055,314757,0.0,0.0
2024-03-08 11:30:00-05:00,42.150001525878906,42.529998779296875,42.060001373291016,42.36000061035156,264915,0.0,0.0
2024-03-08 12:30:00-05:00,42.369998931884766,42.474998474121094,42.16999816894531,42.470001220703125,224756,0.0,0.0
2024-03-08 13:30:00-05:00,42.459999084472656,42.53499984741211,42.33000183105469,42.43000030517578,320755,0.0,0.0
2024-03-08 14:30:00-05:00,42.45000076293945,42.5099983215332,42.130001068115234,42.1349983215332,221642,0.0,0.0
2024-03-08 15:30:00-05:00,42.1150016784668,42.380001068115234,42.11000061035156,42.22999954223633,411009,0.0,0.0
2024-03-11 09:30:00-04:00,42.06999969482422,42.439998626708984,41.439998626708984,41.560001373291016,320823,0.0,0.0
2024-03-11 10:30:00-04:00,41.560001373291016,41.79499816894531,41.400001525878906,41.45000076293945,270433,0.0,0.0
2024-03-11 11:30:00-04:00,41.459999084472656,41.55500030517578,41.380001068115234,41.45000076293945,198062,0.0,0.0
2024-03-11 12:30:00-04:00,41.45000076293945,41.654998779296875,41.34000015258789,41.630001068115234,206729,0.0,0.0
2024-03-11 13:30:00-04:00,41.63999938964844,41.63999938964844,41.23500061035156,41.31999969482422,211346,0.0,0.0
2024-03-11 14:30:00-04:00,41.31999969482422,41.849998474121094,41.290000915527344,41.599998474121094,433391,0.0,0.0
2024-03-11 15:30:00-04:00,41.60499954223633,41.79999923706055,41.560001373291016,41.619998931884766,502471,0.0,0.0
2024-03-12 09:30:00-04:00,41.630001068115234,41.810001373291016,40.93000030517578,41.810001373291016,353075,0.0,0.0
2024-03-12 10:30:00-04:00,41.77000045776367,42.040000915527344,41.68000030517578,41.790000915527344,244104,0.0,0.0
2024-03-12 11:30:00-04:00,41.79499816894531,41.81999969482422,41.25,41.34960174560547,199745,0.0,0.0
2024-03-12 12:30:00-04:00,41.349998474121094,41.470001220703125,40.939998626708984,41.06999969482422,235596,0.0,0.0
2024-03-12 13:30:00-04:00,41.060001373291016,41.08000183105469,40.67499923706055,40.79499816894531,314007,0.0,0.0
2024-03-12 14:30:00-04:00,40.79499816894531,41.04999923706055,40.72999954223633,40.974998474121094,256244,0.0,0.0
2024-03-12 15:30:00-04:00,40.974998474121094,41.0099983215332,40.83000183105469,40.88999938964844,388778,0.0,0.0
2024-03-13 09:30:00-04:00,40.650001525878906,41.369998931884766,40.56999969482422,41.15999984741211,289199,0.0,0.0
2024-03-13 10:30:00-04:00,41.16999816894531,41.310001373291016,41.04999923706055,41.084999084472656,186015,0.0,0.0
2024-03-13 11:30:00-04:00,41.08000183105469,41.31999969482422,41.040000915527344,41.189998626708984,148358,0.0,0.0
2024-03-13 12:30:00-04:00,41.185001373291016,41.310001373291016,41.125,41.185001373291016,151477,0.0,0.0
2024-03-13 13:30:00-04:00,41.185001373291016,41.189998626708984,40.95009994506836,40.959999084472656,158415,0.0,0.0
2024-03-13 14:30:00-04:00,40.970001220703125,40.994998931884766,40.70000076293945,40.755001068115234,228856,0.0,0.0
2024-03-13 15:30:00-04:00,40.75749969482422,41.10499954223633,40.75749969482422,41.09000015258789,381678,0.0,0.0
2024-03-14 09:30:00-04:00,40.83000183105469,41.04999923706055,39.93000030517578,40.01499938964844,350568,0.0,0.0
2024-03-14 10:30:00-04:00,40.029998779296875,40.27000045776367,40.0099983215332,40.209999084472656,277812,0.0,0.0
2024-03-14 11:30:00-04:00,40.209999084472656,40.29999923706055,39.880001068115234,39.93000030517578,265478,0.0,0.0
2024-03-14 12:30:00-04:00,39.91999816894531,40.07500076293945,39.83700180053711,39.869998931884766,194761,0.0,0.0
2024-03-14 13:30:00-04:00,39.86000061035156,40.02000045776367,39.77000045776367,39.790000915527344,214259,0.0,0.0
2024-03-14 14:30:00-04:00,39.779998779296875,39.810001373291016,39.224998474121094,39.584999084472656,373759,0.0,0.0
2024-03-14 15:30:00-04:00,39.584999084472656,39.849998474121094,39.47999954223633,39.84000015258789,624797,0.0,0.0
2024-03-15 09:30:00-04:00,39.599998474121094,40.33000183105469,39.46500015258789,40.07500076293945,397233,0.0,0.0
2024-03-15 10:30:00-04:00,40.08000183105469,40.20000076293945,39.95000076293945,40.06999969482422,178506,0.0,0.0
2024-03-15 11:30:00-04:00,40.060001373291016,40.08000183105469,39.86000061035156,39.98500061035156,115356,0.0,0.0
2024-03-15 12:30:00-04:00,39.98030090332031,39.98030090332031,39.63999938964844,39.65999984741211,151750,0.0,0.0
2024-03-15 13:30:00-04:00,39.650001525878906,39.810001373291016,39.55500030517578,39.810001373291016,131008,0.0,0.0
2024-03-15 14:30:00-04:00,39.79999923706055,39.970001220703125,39.7400016784668,39.81999969482422,169788,0.0,0.0
2024-03-15 15:30:00-04:00,39.810001373291016,39.869998931884766,39.380001068115234,39.849998474121094,637069,0.0,0.0
2024-03-18 09:30:00-04:00,39.970001220703125,40.029998779296875,39.29499816894531,39.29999923706055,523378,0.0,0.0
2024-03-18 10:30:00-04:00,39.29999923706055,39.650001525878906,39.290000915527344,39.59000015258789,329383,0.0,0.0
2024-03-18 11:30:00-04:00,39.589900970458984,39.65999984741211,39.529998779296875,39.56999969482422,237452,0.0,0.0
2024-03-18 12:30:00-04:00,39.57500076293945,39.83000183105469,39.564998626708984,39.720001220703125,171749,0.0,0.0
2024-03-18 13:30:00-04:00,39.709999084472656,39.880001068115234,39.68000030517578,39.85499954223633,179134,0.0,0.0
2024-03-18 14:30:00-04:00,39.849998474121094,39.9900016784668,39.83000183105469,39.869998931884766,163702,0.0,0.0
2024-03-18 15:30:00-04:00,39.849998474121094,39.92499923706055,39.720001220703125,39.72999954223633,332106,0.0,0.0
2024-03-19 09:30:00-04:00,39.41999816894531,39.97999954223633,39.38999938964844,39.529998779296875,259506,0.0,0.0
2024-03-19 10:30:00-04:00,39.52000045776367,39.8400993347168,39.4900016784668,39.810001373291016,266711,0.0,0.0
2024-03-19 11:30:00-04:00,39.79999923706055,39.9900016784668,39.790000915527344,39.970001220703125,155167,0.0,0.0
2024-03-19 12:30:00-04:00,39.970001220703125,40.209999084472656,39.94499969482422,39.994998931884766,191189,0.0,0.0
2024-03-19 13:30:00-04:00,40.0,40.13999938964844,39.69499969482422,39.75,269599,0.0,0.0
2024-03-19 14:30:00-04:00,39.75,39.959999084472656,39.650001525878906,39.95000076293945,202287,0.0,0.0
2024-03-19 15:30:00-04:00,39.95000076293945,40.0,39.779998779296875,39.779998779296875,427897,0.0,0.0
2024-03-20 09:30:00-04:00,39.58000183105469,39.7400016784668,39.279998779296875,39.709999084472656,265402,0.0,0.0
2024-03-20 10:30:00-04:00,39.72999954223633,39.79999923706055,39.595001220703125,39.685001373291016,167825,0.0,0.0
2024-03-20 11:30:00-04:00,39.689998626708984,39.70000076293945,39.54499816894531,39.619998931884766,95338,0.0,0.0
2024-03-20 12:30:00-04:00,39.599998474121094,39.599998474121094,39.40999984741211,39.40999984741211,123995,0.0,0.0
2024-03-20 13:30:00-04:00,39.40999984741211,40.150001525878906,39.400001525878906,39.910099029541016,313078,0.0,0.0
2024-03-20 14:30:00-04:00,39.93000030517578,41.55500030517578,39.654998779296875,41.494998931884766,678420,0.0,0.0
2024-03-20 15:30:00-04:00,41.47999954223633,41.650001525878906,41.27000045776367,41.29999923706055,909587,0.0,0.0
2024-03-21 09:30:00-04:00,41.529998779296875,42.90999984741211,41.529998779296875,42.22999954223633,487532,0.0,0.0
2024-03-21 10:30:00-04:00,42.25,42.310001373291016,41.77000045776367,41.79999923706055,325762,0.0,0.0
2024-03-21 11:30:00-04:00,41.790000915527344,41.849998474121094,41.630001068115234,41.75,174769,0.0,0.0
2024-03-21 12:30:00-04:00,41.7599983215332,41.84000015258789,41.619998931884766,41.689998626708984,177813,0.0,0.0
2024-03-21 13:30:00-04:00,41.689998626708984,41.73500061035156,41.400001525878906,41.59000015258789,218541,0.0,0.0
2024-03-21 14:30:00-04:00,41.58000183105469,41.834999084472656,41.56999969482422,41.834999084472656,155246,0.0,0.0
2024-03-21 15:30:00-04:00,41.83000183105469,41.83000183105469,41.58000183105469,41.58000183105469,421142,0.0,0.0
2024-03-22 09:30:00-04:00,41.25,41.880001068115234,40.95000076293945,40.95000076293945,236575,0.0,0.0
2024-03-22 10:30:00-04:00,40.95000076293945,41.040000915527344,40.775001525878906,40.939998626708984,194516,0.0,0.0
2024-03-22 11:30:00-04:00,40.939998626708984,40.95000076293945,40.720001220703125,40.78499984741211,209798,0.0,0.0
2024-03-22 12:30:00-04:00,40.79999923706055,40.93000030517578,40.689998626708984,40.88999938964844,198154,0.0,0.0
2024-03-22 13:30:00-04:00,40.88999938964844,40.935001373291016,40.83000183105469,40.904998779296875,177400,0.0,0.0
2024-03-22 14:30:00-04:00,40.904998779296875,41.0099983215332,40.65999984741211,40.755001068115234,208148,0.0,0.0
2024-03-22 15:30:00-04:00,40.7599983215332,40.810001373291016,40.630001068115234,40.63999938964844,441701,0.0,0.0
2024-03-25 09:30:00-04:00,40.619998931884766,41.31999969482422,40.61000061035156,41.15999984741211,227550,0.0,0.0
2024-03-25 10:30:00-04:00,41.16999816894531,41.31999969482422,41.060001373291016,41.22999954223633,274693,0.0,0.0
2024-03-25 11:30:00-04:00,41.22999954223633,41.2400016784668,41.10749816894531,41.150001525878906,221304,0.0,0.0
2024-03-25 12:30:00-04:00,41.15999984741211,41.224998474121094,40.91999816894531,40.97999954223633,165508,0.0,0.0
2024-03-25 13:30:00-04:00,40.97999954223633,41.099998474121094,40.93000030517578,41.060001373291016,152928,0.0,0.0
2024-03-25 14:30:00-04:00,41.060001373291016,41.060001373291016,40.810001373291016,40.90999984741211,309002,0.0,0.0
2024-03-25 15:30:00-04:00,40.90999984741211,41.095001220703125,40.90999984741211,41.025001525878906,366810,0.0,0.0
2024-03-26 09:30:00-04:00,41.369998931884766,41.3849983215332,40.9556999206543,41.17599868774414,131520,0.0,0.0
2024-03-26 10:30:00-04:00,41.18000030517578,41.2400016784668,40.974998474121094,41.0,173134,0.0,0.0
2024-03-26 11:30:00-04:00,40.9900016784668,41.15999984741211,40.940101623535156,41.15999984741211,134810,0.0,0.0
2024-03-26 12:30:00-04:00,41.150001525878906,41.224998474121094,41.11000061035156,41.14500045776367,155212,0.0,0.0
2024-03-26 13:30:00-04:00,41.150001525878906,41.28499984741211,41.11009979248047,41.28499984741211,150995,0.0,0.0
2024-03-26 14:30:00-04:00,41.279998779296875,41.380001068115234,41.20000076293945,41.290000915527344,250690,0.0,0.0
2024-03-26 15:30:00-04:00,41.290000915527344,41.29999923706055,41.095001220703125,41.209999084472656,299971,0.0,0.0
2024-03-27 09:30:00-04:00,41.540000915527344,42.130001068115234,41.36000061035156,42.00299835205078,320174,0.0,0.0
2024-03-27 10:30:00-04:00,42.04499816894531,42.209999084472656,41.959999084472656,42.060001373291016,230027,0.0,0.0
2024-03-27 11:30:00-04:00,42.05500030517578,42.22999954223633,42.000099182128906,42.21500015258789,139027,0.0,0.0
2024-03-27 12:30:00-04:00,42.20500183105469,42.33000183105469,42.20500183105469,42.220001220703125,105772,0.0,0.0
2024-03-27 13:30:00-04:00,42.20000076293945,42.29999923706055,42.099998474121094,42.29499816894531,123407,0.0,0.0
2024-03-27 14:30:00-04:00,42.30500030517578,42.54999923706055,42.29999923706055,42.52000045776367,319543,0.0,0.0
2024-03-27 15:30:00-04:00,42.5099983215332,43.17499923706055,42.459999084472656,43.16999816894531,604308,0.0,0.0
2024-03-28 09:30:00-04:00,42.88999938964844,43.400001525878906,42.7599983215332,43.290000915527344,312305,0.0,0.0
2024-03-28 10:30:00-04:00,43.29999923706055,43.34000015258789,43.08000183105469,43.150001525878906,151634,0.0,0.0
2024-03-28 11:30:00-04:00,43.13999938964844,43.349998474121094,43.130001068115234,43.334999084472656,134723,0.0,0.0
2024-03-28 12:30:00-04:00,43.29999923706055,43.29999923706055,43.099998474121094,43.16999816894531,122806,0.0,0.0
2024-03-28 13:30:00-04:00,43.16999816894531,43.380001068115234,43.150001525878906,43.279998779296875,143700,0.0,0.0
2024-03-28 14:30:00-04:00,43.2599983215332,43.279998779296875,43.11000061035156,43.189998626708984,150477,0.0,0.0
2024-03-28 15:30:00-04:00,43.189998626708984,43.52000045776367,43.15999984741211,43.40999984741211,572477,0.0,0.0
2024-04-01 09:30:00-04:00,43.36000061035156,43.44499969482422,42.880001068115234,42.97999954223633,276442,0.0,0.0
2024-04-01 10:30:00-04:00,42.95500183105469,43.11000061035156,42.810001373291016,42.91999816894531,162070,0.0,0.0
2024-04-01 11:30:00-04:00,42.91999816894531,42.959999084472656,42.599998474121094,42.86000061035156,134732,0.0,0.0
2024-04-01 12:30:00-04:00,42.849998474121094,42.939998626708984,42.77000045776367,42.83000183105469,108011,0.0,0.0
2024-04-01 13:30:00-04:00,42.81999969482422,43.02000045776367,42.790000915527344,42.939998626708984,126581,0.0,0.0
2024-04-01 14:30:00-04:00,42.939998626708984,43.040000915527344,42.845001220703125,42.88999938964844,162736,0.0,0.0
2024-04-01 15:30:00-04:00,42.88999938964844,43.08000183105469,42.83000183105469,42.9900016784668,498958,0.0,0.0
2024-04-02 09:30:00-04:00,42.279998779296875,42.66999816894531,41.70000076293945,42.65999984741211,423505,0.0,0.0
2024-04-02 10:30:00-04:00,42.66999816894531,42.84000015258789,42.43000030517578,42.65999984741211,230172,0.0,0.0
2024-04-02 11:30:00-04:00,42.630001068115234,42.66999816894531,42.45000076293945,42.619998931884766,178922,0.0,0.0
2024-04-02 12:30:00-04:00,42.61000061035156,42.61000061035156,42.349998474121094,42.3650016784668,168442,0.0,0.0
2024-04-02 13:30:00-04:00,42.36000061035156,42.5,42.31999969482422,42.33000183105469,201119,0.0,0.0
2024-04-02 14:30:00-04:00,42.32500076293945,42.599998474121094,42.310001373291016,42.595001220703125,222620,0.0,0.0
2024-04-02 15:30:00-04:00,42.599998474121094,42.64500045776367,42.380001068115234,42.415000915527344,383824,0.0,0.0
2024-04-03 09:30:00-04:00,42.5,43.099998474121094,42.220001220703125,42.69499969482422,320493,0.0,0.0
2024-04-03 10:30:00-04:00,42.68000030517578,42.77000045776367,42.5,42.560001373291016,131958,0.0,0.0
2024-04-03 11:30:00-04:00,42.540000915527344,42.630001068115234,42.30500030517578,42.630001068115234,142929,0.0,0.0
2024-04-03 12:30:00-04:00,42.619998931884766,42.93000030517578,42.599998474121094,42.88999938964844,167217,0.0,0.0
2024-04-03 13:30:00-04:00,42.880001068115234,42.8849983215332,42.5,42.54499816894531,104388,0.0,0.0
2024-04-03 14:30:00-04:00,42.540000915527344,42.540000915527344,42.15999984741211,42.275001525878906,180718,0.0,0.0
2024-04-03 15:30:00-04:00,42.27000045776367,42.560001373291016,42.2599983215332,42.540000915527344,251347,0.0,0.0
2024-04-04 09:30:00-04:00,43.33000183105469,43.599998474121094,43.029998779296875,43.58000183105469,288190,0.0,0.0
2024-04-04 10:30:00-04:00,43.58000183105469,43.630001068115234,43.13999938964844,43.18000030517578,201310,0.0,0.0
2024-04-04 11:30:00-04:00,43.18000030517578,43.2400016784668,43.09000015258789,43.20500183105469,138650,0.0,0.0
2024-04-04 12:30:00-04:00,43.20500183105469,43.2599983215332,43.10499954223633,43.15999984741211,120103,0.0,0.0
2024-04-04 13:30:00-04:00,43.150001525878906,43.150001525878906,42.349998474121094,42.349998474121094,160657,0.0,0.0
2024-04-04 14:30:00-04:00,42.34000015258789,42.349998474121094,41.83000183105469,41.900001525878906,206209,0.0,0.0
2024-04-04 15:30:00-04:00,41.900001525878906,42.002498626708984,41.71500015258789,41.72999954223633,390420,0.0,0.0
2024-04-05 09:30:00-04:00,41.290000915527344,41.904998779296875,41.200599670410156,41.61000061035156,157694,0.0,0.0
2024-04-05 10:30:00-04:00,41.599998474121094,42.0099983215332,41.59000015258789,41.939998626708984,164484,0.0,0.0
2024-04-05 11:30:00-04:00,41.974998474121094,42.41999816894531,41.959999084472656,42.334999084472656,162721,0.0,0.0
2024-04-05 12:30:00-04:00,42.33000183105469,42.33000183105469,41.959999084472656,42.07500076293945,156695,0.0,0.0
2024-04-05 13:30:00-04:00,42.084999084472656,42.15999984741211,41.875,41.97999954223633,142808,0.0,0.0
2024-04-05 14:30:00-04:00,41.97999954223633,42.099998474121094,41.90999984741211,41.935001373291016,171026,0.0,0.0
2024-04-05 15:30:00-04:00,41.935001373291016,42.18000030517578,41.91999816894531,42.060001373291016,341077,0.0,0.0
2024-04-08 09:30:00-04:00,42.2400016784668,42.70000076293945,41.90999984741211,42.45000076293945,252128,0.0,0.0
2024-04-08 10:30:00-04:00,42.439998626708984,42.7599983215332,42.33000183105469,42.61000061035156,191472,0.0,0.0
2024-04-08 11:30:00-04:00,42.619998931884766,42.630001068115234,42.41999816894531,42.61000061035156,85496,0.0,0.0
2024-04-08 12:30:00-04:00,42.61000061035156,42.869998931884766,42.59000015258789,42.869998931884766,97950,0.0,0.0
2024-04-08 13:30:00-04:00,42.880001068115234,43.099998474121094,42.81999969482422,43.09000015258789,152541,0.0,0.0
2024-04-08 14:30:00-04:00,43.095001220703125,43.16999816894531,43.02000045776367,43.15999984741211,178528,0.0,0.0
2024-04-08 15:30:00-04:00,43.13999938964844,43.14500045776367,42.92499923706055,42.98500061035156,323491,0.0,0.0
2024-04-09 09:30:00-04:00,43.2599983215332,43.279998779296875,42.400001525878906,42.73500061035156,236142,0.0,0.0
2024-04-09 10:30:00-04:00,42.71500015258789,42.875,42.33000183105469,42.810001373291016,231428,0.0,0.0
2024-04-09 11:30:00-04:00,42.82500076293945,43.08000183105469,42.779998779296875,43.040000915527344,129953,0.0,0.0
2024-04-09 12:30:00-04:00,43.029998779296875,43.130001068115234,42.9900016784668,43.07500076293945,115650,0.0,0.0
2024-04-09 13:30:00-04:00,43.06999969482422,43.29999923706055,43.04999923706055,43.244998931884766,183849,0.0,0.0
2024-04-09 14:30:00-04:00,43.23500061035156,43.43000030517578,43.11000061035156,43.43000030517578,171082,0.0,0.0
2024-04-09 15:30:00-04:00,43.41999816894531,43.540000915527344,43.31999969482422,43.540000915527344,411047,0.0,0.0
2024-04-10 09:30:00-04:00,42.0099983215332,42.255001068115234,41.314998626708984,41.81999969482422,316811,0.0,0.0
2024-04-10 10:30:00-04:00,41.79999923706055,42.005001068115234,41.369998931884766,41.52000045776367,205188,0.0,0.0
2024-04-10 11:30:00-04:00,41.52000045776367,41.52000045776367,41.18000030517578,41.380001068115234,208150,0.0,0.0
2024-04-10 12:30:00-04:00,41.381900787353516,41.415000915527344,40.83000183105469,41.095001220703125,241860,0.0,0.0
2024-04-10 13:30:00-04:00,41.099998474121094,41.209999084472656,40.790000915527344,40.79999923706055,166001,0.0,0.0
2024-04-10 14:30:00-04:00,40.790000915527344,43.5099983215332,40.63999938964844,41.0099983215332,209624,0.0,0.0
2024-04-10 15:30:00-04:00,40.95000076293945,41.23500061035156,40.81999969482422,41.119998931884766,402881,0.0,0.0
2024-04-11 09:30:00-04:00,41.09000015258789,41.400001525878906,40.40999984741211,40.40999984741211,186819,0.0,0.0
2024-04-11 10:30:00-04:00,40.380001068115234,40.95000076293945,40.36000061035156,40.91999816894531,193298,0.0,0.0
2024-04-11 11:30:00-04:00,40.90999984741211,41.095001220703125,40.869998931884766,40.97999954223633,107175,0.0,0.0
2024-04-11 12:30:00-04:00,40.959999084472656,41.42250061035156,40.959999084472656,41.25,134926,0.0,0.0
2024-04-11 13:30:00-04:00,41.25,41.400001525878906,41.060001373291016,41.349998474121094,121710,0.0,0.0
2024-04-11 14:30:00-04:00,41.345001220703125,41.36000061035156,41.150001525878906,41.2400016784668,259803,0.0,0.0
2024-04-11 15:30:00-04:00,41.220001220703125,41.36000061035156,41.16999816894531,41.2599983215332,273105,0.0,0.0
2024-04-12 09:30:00-04:00,40.65999984741211,41.029998779296875,40.45750045776367,40.75,176649,0.0,0.0
2024-04-12 10:30:00-04:00,40.720001220703125,40.834999084472656,40.599998474121094,40.75,118437,0.0,0.0
2024-04-12 11:30:00-04:00,40.779998779296875,40.82500076293945,40.599998474121094,40.689998626708984,209029,0.0,0.0
2024-04-12 12:30:00-04:00,40.70000076293945,40.880001068115234,40.599998474121094,40.599998474121094,200035,0.0,0.0
2024-04-12 13:30:00-04:00,40.599998474121094,40.810001373291016,40.5099983215332,40.65999984741211,118177,0.0,0.0
2024-04-12 14:30:00-04:00,40.650001525878906,40.66999816894531,40.369998931884766,40.54999923706055,225487,0.0,0.0
2024-04-12 15:30:00-04:00,40.560001373291016,40.7599983215332,40.494998931884766,40.70000076293945,346448,0.0,0.0
2024-04-15 09:30:00-04:00,40.9900016784668,41.5,40.439998626708984,40.5099983215332,237648,0.0,0.0
2024-04-15 10:30:00-04:00,40.5,40.650001525878906,40.369998931884766,40.52000045776367,152994,0.0,0.0
2024-04-15 11:30:00-04:00,40.54999923706055,40.83000183105469,40.470001220703125,40.55500030517578,146816,0.0,0.0
2024-04-15 12:30:00-04:00,40.54999923706055,40.608699798583984,40.119998931884766,40.119998931884766,186067,0.0,0.0
2024-04-15 13:30:00-04:00,40.130001068115234,40.2599983215332,39.95500183105469,40.0099983215332,268417,0.0,0.0
2024-04-15 14:30:00-04:00,40.0,40.11000061035156,39.86000061035156,40.10499954223633,164527,0.0,0.0
2024-04-15 15:30:00-04:00,40.11000061035156,40.47999954223633,40.11000061035156,40.40999984741211,363789,0.0,0.0
2024-04-16 09:30:00-04:00,39.959999084472656,40.05500030517578,39.2400016784668,39.439998626708984,231679,0.0,0.0
2024-04-16 10:30:00-04:00,39.470001220703125,39.73910140991211,39.400001525878906,39.70000076293945,153000,0.0,0.0
2024-04-16 11:30:00-04:00,39.70000076293945,39.93000030517578,39.6349983215332,39.880001068115234,112830,0.0,0.0
2024-04-16 12:30:00-04:00,39.880001068115234,39.88999938964844,39.63999938964844,39.69499969482422,121981,0.0,0.0
2024-04-16 13:30:00-04:00,39.69499969482422,39.84000015258789,39.279998779296875,39.40999984741211,193081,0.0,0.0
2024-04-16 14:30:00-04:00,39.43000030517578,39.779998779296875,39.40999984741211,39.74340057373047,206080,0.0,0.0
2024-04-16 15:30:00-04:00,39.72999954223633,39.79499816894531,39.4900016784668,39.5099983215332,293952,0.0,0.0
2024-04-17 09:30:00-04:00,40.02000045776367,40.040000915527344,39.4900016784668,39.650001525878906,263473,0.0,0.0
2024-04-17 10:30:00-04:00,39.65999984741211,39.65999984741211,39.2599983215332,39.27000045776367,201854,0.0,0.0
2024-04-17 11:30:00-04:00,39.27000045776367,39.380001068115234,39.099998474121094,39.26860046386719,173625,0.0,0.0
2024-04-17 12:30:00-04:00,39.2400016784668,39.63999938964844,39.209999084472656,39.63999938964844,130396,0.0,0.0
2024-04-17 13:30:00-04:00,39.654998779296875,39.779998779296875,39.52000045776367,39.599998474121094,159178,0.0,0.0
2024-04-17 14:30:00-04:00,39.61000061035156,39.86000061035156,39.380001068115234,39.4900016784668,187677,0.0,0.0
2024-04-17 15:30:00-04:00,39.4900016784668,39.59000015258789,39.33000183105469,39.349998474121094,361361,0.0,0.0
2024-04-18 09:30:00-04:00,39.41999816894531,39.900001525878906,39.279998779296875,39.54999923706055,234865,0.0,0.0
2024-04-18 10:30:00-04:00,39.56999969482422,39.959999084472656,39.5,39.779998779296875,288246,0.0,0.0
2024-04-18 11:30:00-04:00,39.77000045776367,39.79999923706055,39.56999969482422,39.66999816894531,131204,0.0,0.0
2024-04-18 12:30:00-04:00,39.63999938964844,39.63999938964844,39.18000030517578,39.380001068115234,312131,0.0,0.0
2024-04-18 13:30:00-04:00,39.38999938964844,39.400001525878906,39.099998474121094,39.220001220703125,363939,0.0,0.0
2024-04-18 14:30:00-04:00,39.22999954223633,39.4900016784668,39.09000015258789,39.47999954223633,209561,0.0,0.0
2024-04-18 15:30:00-04:00,39.47999954223633,39.52000045776367,39.189998626708984,39.2400016784668,420683,0.0,0.0
2024-04-19 09:30:00-04:00,39.060001373291016,39.790000915527344,39.060001373291016,39.540000915527344,456182,0.0,0.0
2024-04-19 10:30:00-04:00,39.52000045776367,39.869998931884766,39.52000045776367,39.779998779296875,326342,0.0,0.0
2024-04-19 11:30:00-04:00,39.779998779296875,40.0,39.724998474121094,39.810001373291016,290037,0.0,0.0
2024-04-19 12:30:00-04:00,39.810001373291016,40.189998626708984,39.79999923706055,39.9900016784668,283580,0.0,0.0
2024-04-19 13:30:00-04:00,39.9900016784668,40.150001525878906,39.81999969482422,39.81999969482422,403240,0.0,0.0
2024-04-19 14:30:00-04:00,39.81999969482422,39.939998626708984,39.720001220703125,39.84000015258789,409621,0.0,0.0
2024-04-19 15:30:00-04:00,39.83000183105469,39.970001220703125,39.665000915527344,39.900001525878906,783476,0.0,0.0
2024-04-22 09:30:00-04:00,39.90999984741211,41.560001373291016,39.626399993896484,40.939998626708984,1007963,0.0,0.0
2024-04-22 10:30:00-04:00,40.93000030517578,41.04999923706055,39.91999816894531,40.790000915527344,593479,0.0,0.0
2024-04-22 11:30:00-04:00,40.79999923706055,41.060001373291016,40.709999084472656,40.810001373291016,409802,0.0,0.0
2024-04-22 12:30:00-04:00,40.81999969482422,41.41999816894531,40.775001525878906,41.40999984741211,453329,0.0,0.0
2024-04-22 13:30:00-04:00,41.40999984741211,41.900001525878906,41.380001068115234,41.779998779296875,409464,0.0,0.0
2024-04-22 14:30:00-04:00,41.77000045776367,41.81999969482422,41.380001068115234,41.41999816894531,496930,0.0,0.0
2024-04-22 15:30:00-04:00,41.40999984741211,41.54499816894531,41.15999984741211,41.34000015258789,785550,0.0,0.0
2024-04-23 09:30:00-04:00,41.459999084472656,41.970001220703125,41.119998931884766,41.80500030517578,318241,0.0,0.0
2024-04-23 10:30:00-04:00,41.79999923706055,42.02000045776367,41.5099983215332,41.97999954223633,258633,0.0,0.0
2024-04-23 11:30:00-04:00,41.98500061035156,42.0724983215332,41.900001525878906,42.03499984741211,208021,0.0,0.0
2024-04-23 12:30:00-04:00,42.03499984741211,42.10499954223633,41.90999984741211,42.10499954223633,113736,0.0,0.0
2024-04-23 13:30:00-04:00,42.10309982299805,42.1150016784668,41.869998931884766,41.939998626708984,130258,0.0,0.0
2024-04-23 14:30:00-04:00,41.93000030517578,42.060001373291016,41.810001373291016,41.90999984741211,201687,0.0,0.0
2024-04-23 15:30:00-04:00,41.900001525878906,41.91999816894531,41.654998779296875,41.77000045776367,331847,0.0,0.0
2024-04-24 09:30:00-04:00,41.22999954223633,42.25,41.189998626708984,42.029998779296875,226996,0.0,0.0
2024-04-24 10:30:00-04:00,42.0099983215332,42.060001373291016,41.724998474121094,41.90999984741211,282471,0.0,0.0
2024-04-24 11:30:00-04:00,41.91999816894531,42.0099983215332,41.70000076293945,41.970001220703125,192928,0.0,0.0
2024-04-24 12:30:00-04:00,41.9900016784668,42.26499938964844,41.91999816894531,42.16999816894531,203271,0.0,0.0
2024-04-24 13:30:00-04:00,42.16999816894531,42.2599983215332,42.060001373291016,42.16999816894531,165081,0.0,0.0
2024-04-24 14:30:00-04:00,42.150001525878906,42.224998474121094,42.0099983215332,42.15999984741211,165440,0.0,0.0
2024-04-24 15:30:00-04:00,42.14500045776367,42.220001220703125,42.064998626708984,42.150001525878906,323975,0.0,0.0
2024-04-25 09:30:00-04:00,41.54999923706055,41.939998626708984,41.14500045776367,41.52000045776367,249781,0.0,0.0
2024-04-25 10:30:00-04:00,41.529998779296875,41.612998962402344,41.220001220703125,41.40999984741211,121362,0.0,0.0
2024-04-25 11:30:00-04:00,41.40999984741211,41.51499938964844,41.27000045776367,41.30500030517578,143608,0.0,0.0
2024-04-25 12:30:00-04:00,41.31999969482422,41.31999969482422,41.040000915527344,41.06999969482422,139366,0.0,0.0
2024-04-25 13:30:00-04:00,41.060001373291016,41.2400016784668,40.83000183105469,40.83000183105469,127836,0.0,0.0
2024-04-25 14:30:00-04:00,40.83000183105469,41.31999969482422,40.83000183105469,41.2599983215332,250625,0.0,0.0
2024-04-25 15:30:00-04:00,41.25,41.33000183105469,41.060001373291016,41.2599983215332,314994,0.0,0.0
2024-04-26 09:30:00-04:00,41.099998474121094,42.279998779296875,41.099998474121094,42.189998626708984,252732,0.0,0.0
2024-04-26 10:30:00-04:00,42.189998626708984,42.31999969482422,41.66999816894531,41.869998931884766,307422,0.0,0.0
2024-04-26 11:30:00-04:00,41.86000061035156,42.11000061035156,41.810001373291016,42.099998474121094,163754,0.0,0.0
2024-04-26 12:30:00-04:00,42.099998474121094,42.220001220703125,42.060001373291016,42.130001068115234,144466,0.0,0.0
2024-04-26 13:30:00-04:00,42.13999938964844,42.19499969482422,42.005001068115234,42.15999984741211,161134,0.0,0.0
2024-04-26 14:30:00-04:00,42.154998779296875,42.25,42.11000061035156,42.13999938964844,199027,0.0,0.0
2024-04-26 15:30:00-04:00,42.13999938964844,42.13999938964844,41.755001068115234,41.77000045776367,548424,0.0,0.0
2024-04-29 09:30:00-04:00,42.029998779296875,42.21500015258789,41.59000015258789,41.845001220703125,122945,0.0,0.0
2024-04-29 10:30:00-04:00,41.845001220703125,41.95000076293945,41.65999984741211,41.70000076293945,155220,0.0,0.0
2024-04-29 11:30:00-04:00,41.66999816894531,41.76089859008789,41.56999969482422,41.709999084472656,74391,0.0,0.0
2024-04-29 12:30:00-04:00,41.709999084472656,41.7599983215332,41.470001220703125,41.529998779296875,82308,0.0,0.0
2024-04-29 13:30:00-04:00,41.5099983215332,41.57500076293945,41.439998626708984,41.555999755859375,86537,0.0,0.0
2024-04-29 14:30:00-04:00,41.540000915527344,41.55500030517578,41.119998931884766,41.2400016784668,154391,0.0,0.0
2024-04-29 15:30:00-04:00,41.2400016784668,41.43000030517578,41.19499969482422,41.31999969482422,226721,0.0,0.0
2024-04-30 09:30:00-04:00,40.810001373291016,41.459999084472656,40.63999938964844,41.22999954223633,97578,0.0,0.0
2024-04-30 10:30:00-04:00,41.25,41.459999084472656,41.20000076293945,41.2400016784668,97445,0.0,0.0
2024-04-30 11:30:00-04:00,41.29999923706055,41.400001525878906,41.154998779296875,41.29999923706055,210808,0.0,0.0
2024-04-30 12:30:00-04:00,41.29999923706055,41.29999923706055,41.04999923706055,41.185001373291016,99744,0.0,0.0
2024-04-30 13:30:00-04:00,41.189998626708984,41.334999084472656,41.08000183105469,41.130001068115234,93551,0.0,0.0
2024-04-30 14:30:00-04:00,41.119998931884766,41.23500061035156,41.040000915527344,41.084999084472656,146261,0.0,0.0
2024-04-30 15:30:00-04:00,41.09000015258789,41.13999938964844,40.72999954223633,40.77000045776367,373117,0.0,0.0
2024-05-01 09:30:00-04:00,41.08000183105469,41.52000045776367,40.994998931884766,41.2599983215332,144331,0.0,0.0
2024-05-01 10:30:00-04:00,41.24100112915039,41.551998138427734,41.209999084472656,41.36000061035156,107898,0.0,0.0
2024-05-01 11:30:00-04:00,41.369998931884766,41.40999984741211,41.16849899291992,41.36000061035156,76434,0.0,0.0
2024-05-01 12:30:00-04:00,41.349998474121094,41.45000076293945,41.15999984741211,41.349998474121094,94716,0.0,0.0
2024-05-01 13:30:00-04:00,41.36000061035156,41.5,41.15999984741211,41.47999954223633,104267,0.0,0.0
2024-05-01 14:30:00-04:00,41.52000045776367,42.630001068115234,41.25,42.15999984741211,309842,0.0,0.0
2024-05-01 15:30:00-04:00,42.16999816894531,42.16999816894531,41.75,41.83000183105469,405891,0.0,0.0
2024-05-02 09:30:00-04:00,42.27000045776367,42.529998779296875,41.73500061035156,41.84000015258789,148151,0.0,0.0
2024-05-02 10:30:00-04:00,41.814998626708984,42.16999816894531,41.525001525878906,42.060001373291016,183938,0.0,0.0
2024-05-02 11:30:00-04:00,42.06999969482422,42.09000015258789,41.900001525878906,41.970001220703125,307406,0.0,0.0
2024-05-02 12:30:00-04:00,41.970001220703125,42.275001525878906,41.90999984741211,42.2400016784668,212666,0.0,0.0
2024-05-02 13:30:00-04:00,42.255001068115234,42.28499984741211,42.18000030517578,42.2599983215332,141909,0.0,0.0
2024-05-02 14:30:00-04:00,42.2599983215332,42.564998626708984,42.25,42.41999816894531,266743,0.0,0.0
2024-05-02 15:30:00-04:00,42.38999938964844,42.72999954223633,42.31999969482422,42.709999084472656,398999,0.0,0.0
2024-05-03 09:30:00-04:00,43.560001373291016,44.099998474121094,43.41999816894531,43.709999084472656,404095,0.0,0.0
2024-05-03 10:30:00-04:00,43.709999084472656,43.7599983215332,43.380001068115234,43.650001525878906,199661,0.0,0.0
2024-05-03 11:30:00-04:00,43.65999984741211,43.689998626708984,43.23500061035156,43.560001373291016,189410,0.0,0.0
2024-05-03 12:30:00-04:00,43.54999923706055,43.70000076293945,43.4900016784668,43.52069854736328,128672,0.0,0.0
2024-05-03 13:30:00-04:00,43.52000045776367,43.7400016784668,43.4900016784668,43.68000030517578,155508,0.0,0.0
2024-05-03 14:30:00-04:00,43.689998626708984,43.72999954223633,43.459999084472656,43.560001373291016,177976,0.0,0.0
2024-05-03 15:30:00-04:00,43.54999923706055,43.720001220703125,43.47999954223633,43.650001525878906,421683,0.0,0.0
2024-05-06 09:30:00-04:00,44.150001525878906,44.18000030517578,43.65999984741211,44.06999969482422,232356,0.0,0.0
2024-05-06 10:30:00-04:00,43.90999984741211,43.939998626708984,43.619998931884766,43.709999084472656,160225,0.0,0.0
2024-05-06 11:30:00-04:00,43.7400016784668,43.83000183105469,43.630001068115234,43.66999816894531,104134,0.0,0.0
2024-05-06 12:30:00-04:00,43.689998626708984,43.81999969482422,43.604000091552734,43.7400016784668,105977,0.0,0.0
2024-05-06 13:30:00-04:00,43.75,43.95000076293945,43.720001220703125,43.90999984741211,114859,0.0,0.0
2024-05-06 14:30:00-04:00,43.90999984741211,43.91999816894531,43.720001220703125,43.72999954223633,164584,0.0,0.0
2024-05-06 15:30:00-04:00,43.72999954223633,43.83000183105469,43.627498626708984,43.70000076293945,382144,0.0,0.0
2024-05-07 09:30:00-04:00,43.97999954223633,44.099998474121094,43.689998626708984,44.07500076293945,148907,0.0,0.0
2024-05-07 10:30:00-04:00,44.06999969482422,44.27000045776367,44.029998779296875,44.099998474121094,177233,0.0,0.0
2024-05-07 11:30:00-04:00,44.09000015258789,44.119998931884766,43.97600173950195,44.029998779296875,86940,0.0,0.0
2024-05-07 12:30:00-04:00,44.03030014038086,44.04999923706055,43.939998626708984,43.95000076293945,90216,0.0,0.0
2024-05-07 13:30:00-04:00,43.93000030517578,43.939998626708984,43.7400016784668,43.79999923706055,91091,0.0,0.0
2024-05-07 14:30:00-04:00,43.80500030517578,43.84000015258789,43.709999084472656,43.84000015258789,145864,0.0,0.0
2024-05-07 15:30:00-04:00,43.84000015258789,43.96500015258789,43.79999923706055,43.81999969482422,415933,0.0,0.0
2024-05-08 09:30:00-04:00,43.18000030517578,43.7599983215332,43.02000045776367,43.494998931884766,158921,0.0,0.0
2024-05-08 10:30:00-04:00,43.49470138549805,43.70000076293945,43.41999816894531,43.68000030517578,109751,0.0,0.0
2024-05-08 11:30:00-04:00,43.650001525878906,43.665000915527344,43.56999969482422,43.63999938964844,62106,0.0,0.0
2024-05-08 12:30:00-04:00,43.63999938964844,43.7599983215332,43.529998779296875,43.75,89543,0.0,0.0
2024-05-08 13:30:00-04:00,43.7400016784668,43.970001220703125,43.709999084472656,43.95000076293945,101208,0.0,0.0
2024-05-08 14:30:00-04:00,43.959999084472656,44.025001525878906,43.939998626708984,43.970001220703125,241317,0.0,0.0
2024-05-08 15:30:00-04:00,43.96500015258789,44.189998626708984,43.96500015258789,44.130001068115234,203876,0.0,0.0
2024-05-09 09:30:00-04:00,44.060001373291016,44.48500061035156,43.849998474121094,44.369998931884766,164623,0.0,0.0
2024-05-09 10:30:00-04:00,44.380001068115234,44.470001220703125,44.15999984741211,44.400001525878906,210652,0.0,0.0
2024-05-09 11:30:00-04:00,44.380001068115234,44.404998779296875,44.189998626708984,44.189998626708984,91920,0.0,0.0
2024-05-09 12:30:00-04:00,44.189998626708984,44.189998626708984,44.08000183105469,44.130001068115234,97524,0.0,0.0
2024-05-09 13:30:00-04:00,44.130001068115234,44.21500015258789,44.099998474121094,44.20500183105469,93615,0.0,0.0
2024-05-09 14:30:00-04:00,44.209999084472656,44.22999954223633,44.099998474121094,44.185001373291016,115169,0.0,0.0
2024-05-09 15:30:00-04:00,44.18000030517578,44.38999938964844,44.154998779296875,44.31999969482422,243157,0.0,0.0
2024-05-10 09:30:00-04:00,44.4900016784668,44.4900016784668,44.005001068115234,44.0099983215332,111319,0.0,0.0
2024-05-10 10:30:00-04:00,44.0,44.119998931884766,43.81999969482422,44.0,130038,0.0,0.0
2024-05-10 11:30:00-04:00,43.9900016784668,44.21500015258789,43.97999954223633,44.16999816894531,78972,0.0,0.0
2024-05-10 12:30:00-04:00,44.16999816894531,44.20000076293945,44.06999969482422,44.17499923706055,95006,0.0,0.0
2024-05-10 13:30:00-04:00,44.18000030517578,44.23500061035156,44.095001220703125,44.18000030517578,93925,0.0,0.0
2024-05-10 14:30:00-04:00,44.18000030517578,44.314998626708984,44.16999816894531,44.279998779296875,104098,0.0,0.0
2024-05-10 15:30:00-04:00,44.290000915527344,44.380001068115234,44.2599983215332,44.33000183105469,222232,0.0,0.0
2024-05-13 09:30:00-04:00,44.61000061035156,44.68000030517578,44.34000015258789,44.4900016784668,155767,0.0,0.0
2024-05-13 10:30:00-04:00,44.4900016784668,44.54999923706055,44.2599983215332,44.279998779296875,142398,0.0,0.0
2024-05-13 11:30:00-04:00,44.27000045776367,44.279998779296875,44.11000061035156,44.150001525878906,103585,0.0,0.0
2024-05-13 12:30:00-04:00,44.130001068115234,44.22999954223633,43.939998626708984,44.040000915527344,77890,0.0,0.0
2024-05-13 13:30:00-04:00,44.047698974609375,44.119998931884766,44.029998779296875,44.06999969482422,74610,0.0,0.0
2024-05-13 14:30:00-04:00,44.09000015258789,44.20000076293945,44.060001373291016,44.060001373291016,102652,0.0,0.0
2024-05-13 15:30:00-04:00,44.060001373291016,44.130001068115234,43.900001525878906,43.95000076293945,247931,0.0,0.0
2024-05-14 09:30:00-04:00,44.5,44.560001373291016,44.029998779296875,44.36000061035156,172955,0.0,0.0
2024-05-14 10:30:00-04:00,44.38999938964844,44.5099983215332,44.290000915527344,44.39500045776367,129930,0.0,0.0
2024-05-14 11:30:00-04:00,44.39979934692383,44.47999954223633,44.25,44.36000061035156,131422,0.0,0.0
2024-05-14 12:30:00-04:00,44.3650016784668,44.46500015258789,44.16999816894531,44.27000045776367,116788,0.0,0.0
2024-05-14 13:30:00-04:00,44.2599983215332,44.36000061035156,44.220001220703125,44.36000061035156,77701,0.0,0.0
2024-05-14 14:30:00-04:00,44.349998474121094,44.435001373291016,44.25,44.290000915527344,133436,0.0,0.0
2024-05-14 15:30:00-04:00,44.275001525878906,44.56999969482422,44.25,44.56999969482422,364147,0.0,0.0
2024-05-15 09:30:00-04:00,44.95000076293945,45.53990173339844,44.93000030517578,44.98500061035156,265117,0.0,0.0
2024-05-15 10:30:00-04:00,44.970001220703125,45.0,44.525001525878906,44.84149932861328,171998,0.0,0.0
2024-05-15 11:30:00-04:00,44.86000061035156,44.92499923706055,44.7599983215332,44.900001525878906,146439,0.0,0.0
2024-05-15 12:30:00-04:00,44.904998779296875,44.970001220703125,44.790000915527344,44.810001373291016,107510,0.0,0.0
2024-05-15 13:30:00-04:00,44.79999923706055,44.83000183105469,44.599998474121094,44.70000076293945,126954,0.0,0.0
2024-05-15 14:30:00-04:00,44.689998626708984,44.849998474121094,44.65999984741211,44.755001068115234,134617,0.0,0.0
2024-05-15 15:30:00-04:00,44.75,45.189998626708984,44.744998931884766,45.119998931884766,403742,0.0,0.0
2024-05-16 09:30:00-04:00,44.900001525878906,45.224998474121094,44.720001220703125,44.88999938964844,128607,0.0,0.0
2024-05-16 10:30:00-04:00,44.90999984741211,45.060001373291016,44.869998931884766,44.93000030517578,167757,0.0,0.0
2024-05-16 11:30:00-04:00,44.93000030517578,45.08000183105469,44.89500045776367,45.06999969482422,82722,0.0,0.0
2024-05-16 12:30:00-04:00,45.060001373291016,45.119998931884766,44.880001068115234,44.939998626708984,130563,0.0,0.0
2024-05-16 13:30:00-04:00,44.959999084472656,44.9900016784668,44.83000183105469,44.88999938964844,101137,0.0,0.0
2024-05-16 14:30:00-04:00,44.88999938964844,44.989898681640625,44.880001068115234,44.900001525878906,113929,0.0,0.0
2024-05-16 15:30:00-04:00,44.900001525878906,44.904998779296875,44.709999084472656,44.73500061035156,318879,0.0,0.0
2024-05-17 09:30:00-04:00,44.7400016784668,45.11000061035156,44.665000915527344,45.06999969482422,141571,0.0,0.0
2024-05-17 10:30:00-04:00,45.064998626708984,45.080101013183594,44.81999969482422,44.91999816894531,127676,0.0,0.0
2024-05-17 11:30:00-04:00,44.91999816894531,45.13999938964844,44.849998474121094,45.09000015258789,118792,0.0,0.0
2024-05-17 12:30:00-04:00,45.08000183105469,45.119998931884766,44.87990188598633,45.00019836425781,118250,0.0,0.0
2024-05-17 13:30:00-04:00,45.02000045776367,45.04999923706055,44.81999969482422,44.9010009765625,98120,0.0,0.0
2024-05-17 14:30:00-04:00,44.90999984741211,45.0099983215332,44.880001068115234,44.939998626708984,121216,0.0,0.0
2024-05-17 15:30:00-04:00,44.935001373291016,44.959999084472656,44.79999923706055,44.959999084472656,231872,0.0,0.0
2024-05-20 09:30:00-04:00,44.84000015258789,45.0,44.52000045776367,44.650001525878906,125453,0.0,0.0
2024-05-20 10:30:00-04:00,44.66999816894531,44.80500030517578,44.66999816894531,44.75,103573,0.0,0.0
2024-05-20 11:30:00-04:00,44.75,44.77000045776367,44.564998626708984,44.630001068115234,87038,0.0,0.0
2024-05-20 12:30:00-04:00,44.630001068115234,44.630001068115234,44.439998626708984,44.4900016784668,109475,0.0,0.0
2024-05-20 13:30:00-04:00,44.48500061035156,44.54999923706055,44.2400016784668,44.279998779296875,167415,0.0,0.0
2024-05-20 14:30:00-04:00,44.2599983215332,44.34000015258789,43.900001525878906,44.0,332077,0.0,0.0
2024-05-20 15:30:00-04:00,44.0,44.02000045776367,43.724998474121094,43.790000915527344,281458,0.0,0.0
2024-05-21 09:30:00-04:00,43.630001068115234,44.189998626708984,43.560001373291016,43.935001373291016,90611,0.0,0.0
2024-05-21 10:30:00-04:00,43.927799224853516,44.06999969482422,43.88999938964844,43.939998626708984,73058,0.0,0.0
2024-05-21 11:30:00-04:00,43.939998626708984,43.94499969482422,43.77000045776367,43.86009979248047,101724,0.0,0.0
2024-05-21 12:30:00-04:00,43.869998931884766,43.95000076293945,43.83000183105469,43.877899169921875,74599,0.0,0.0
2024-05-21 13:30:00-04:00,43.86000061035156,43.9900016784668,43.86000061035156,43.970001220703125,68093,0.0,0.0
2024-05-21 14:30:00-04:00,43.959999084472656,44.029998779296875,43.88999938964844,43.90999984741211,112021,0.0,0.0
2024-05-21 15:30:00-04:00,43.900001525878906,44.04999923706055,43.849998474121094,44.029998779296875,411941,0.0,0.0
2024-05-22 09:30:00-04:00,43.75559997558594,44.029998779296875,43.61000061035156,43.88999938964844,84194,0.0,0.0
2024-05-22 10:30:00-04:00,43.880001068115234,43.95000076293945,43.779998779296875,43.81999969482422,65484,0.0,0.0
2024-05-22 11:30:00-04:00,43.80500030517578,43.85499954223633,43.709999084472656,43.83000183105469,71399,0.0,0.0
2024-05-22 12:30:00-04:00,43.849998474121094,43.875,43.7400016784668,43.7400016784668,52057,0.0,0.0
2024-05-22 13:30:00-04:00,43.7400016784668,43.814998626708984,43.380001068115234,43.38010025024414,99046,0.0,0.0
2024-05-22 14:30:00-04:00,43.369998931884766,43.70000076293945,43.290000915527344,43.619998931884766,213688,0.0,0.0
2024-05-22 15:30:00-04:00,43.6349983215332,43.84000015258789,43.619998931884766,43.810001373291016,273008,0.0,0.0
2024-05-23 09:30:00-04:00,44.27199935913086,44.27199935913086,43.22999954223633,43.439998626708984,186670,0.0,0.0
2024-05-23 10:30:00-04:00,43.45500183105469,43.63999938964844,43.380001068115234,43.45500183105469,130369,0.0,0.0
2024-05-23 11:30:00-04:00,43.459999084472656,43.599998474121094,43.380001068115234,43.439998626708984,81312,0.0,0.0
2024-05-23 12:30:00-04:00,43.435001373291016,43.48500061035156,42.810001373291016,43.06999969482422,298115,0.0,0.0
2024-05-23 13:30:00-04:00,43.084999084472656,43.11000061035156,42.34000015258789,42.51499938964844,561495,0.0,0.0
2024-05-23 14:30:00-04:00,42.5099983215332,42.70500183105469,42.41999816894531,42.560001373291016,358200,0.0,0.0
2024-05-23 15:30:00-04:00,42.560001373291016,42.7400016784668,42.53499984741211,42.560001373291016,448324,0.0,0.0
2024-05-24 09:30:00-04:00,42.95000076293945,43.14500045776367,42.67499923706055,42.869998931884766,90701,0.0,0.0
2024-05-24 10:30:00-04:00,42.79499816894531,42.880001068115234,42.66999816894531,42.810001373291016,60721,0.0,0.0
2024-05-24 11:30:00-04:00,42.81999969482422,42.82809829711914,42.689998626708984,42.7400016784668,86498,0.0,0.0
2024-05-24 12:30:00-04:00,42.73099899291992,42.76499938964844,42.584999084472656,42.65999984741211,74614,0.0,0.0
2024-05-24 13:30:00-04:00,42.63999938964844,42.834999084472656,42.59000015258789,42.755001068115234,104412,0.0,0.0
2024-05-24 14:30:00-04:00,42.75,42.97999954223633,42.720001220703125,42.935001373291016,94894,0.0,0.0
2024-05-24 15:30:00-04:00,42.90999984741211,43.11000061035156,42.90999984741211,43.11000061035156,286900,0.0,0.0
2024-05-28 09:30:00-04:00,43.38999938964844,43.4900016784668,42.880001068115234,42.967498779296875,73091,0.0,0.0
2024-05-28 10:30:00-04:00,42.915000915527344,43.0099983215332,42.84000015258789,42.959999084472656,43793,0.0,0.0
2024-05-28 11:30:00-04:00,42.93000030517578,42.97999954223633,42.81999969482422,42.81999969482422,61409,0.0,0.0
2024-05-28 12:30:00-04:00,42.84000015258789,42.970001220703125,42.55500030517578,42.56999969482422,66056,0.0,0.0
2024-05-28 13:30:00-04:00,42.54999923706055,42.59000015258789,42.29499816894531,42.31999969482422,87857,0.0,0.0
2024-05-28 14:30:00-04:00,42.290000915527344,42.40999984741211,42.220001220703125,42.29999923706055,101078,0.0,0.0
2024-05-28 15:30:00-04:00,42.29999923706055,42.6150016784668,42.29999923706055,42.540000915527344,246802,0.0,0.0
2024-05-29 09:30:00-04:00,41.720001220703125,41.720001220703125,41.0,41.39500045776367,210862,0.0,0.0
2024-05-29 10:30:00-04:00,41.400001525878906,41.40999984741211,41.18000030517578,41.290000915527344,85109,0.0,0.0
2024-05-29 11:30:00-04:00,41.310001373291016,41.4900016784668,41.2400016784668,41.459999084472656,83954,0.0,0.0
2024-05-29 12:30:00-04:00,41.459999084472656,41.54999923706055,41.29999923706055,41.54999923706055,145501,0.0,0.0
2024-05-29 13:30:00-04:00,41.529998779296875,41.75,41.4900016784668,41.68899917602539,98195,0.0,0.0
2024-05-29 14:30:00-04:00,41.66999816894531,41.81999969482422,41.61000061035156,41.76499938964844,96179,0.0,0.0
2024-05-29 15:30:00-04:00,41.72999954223633,41.79999923706055,41.665000915527344,41.69499969482422,187569,0.0,0.0
2024-05-30 09:30:00-04:00,42.20000076293945,42.369998931884766,41.72999954223633,41.77000045776367,79350,0.0,0.0
2024-05-30 10:30:00-04:00,41.76499938964844,42.34000015258789,41.7599983215332,42.3224983215332,70722,0.0,0.0
2024-05-30 11:30:00-04:00,42.32500076293945,42.43000030517578,42.189998626708984,42.361000061035156,77114,0.0,0.0
2024-05-30 12:30:00-04:00,42.36000061035156,42.39500045776367,42.15999984741211,42.16999816894531,51342,0.0,0.0
2024-05-30 13:30:00-04:00,42.16999816894531,42.2400016784668,42.130001068115234,42.2400016784668,65902,0.0,0.0
2024-05-30 14:30:00-04:00,42.244998931884766,42.279998779296875,42.16999816894531,42.220001220703125,65381,0.0,0.0
2024-05-30 15:30:00-04:00,42.22999954223633,42.29999923706055,42.04999923706055,42.22999954223633,188783,0.0,0.0
2024-05-31 09:30:00-04:00,42.59000015258789,42.7400016784668,42.20000076293945,42.310001373291016,76573,0.0,0.0
2024-05-31 10:30:00-04:00,42.310001373291016,42.56700134277344,42.279998779296875,42.54999923706055,108532,0.0,0.0
2024-05-31 11:30:00-04:00,42.52009963989258,42.63999938964844,42.25,42.320701599121094,73550,0.0,0.0
2024-05-31 12:30:00-04:00,42.33000183105469,42.494998931884766,42.26499938964844,42.440101623535156,73050,0.0,0.0
2024-05-31 13:30:00-04:00,42.459999084472656,42.630001068115234,42.459999084472656,42.5609016418457,83803,0.0,0.0
2024-05-31 14:30:00-04:00,42.57500076293945,42.720001220703125,42.4900016784668,42.65999984741211,98094,0.0,0.0
2024-05-31 15:30:00-04:00,42.650001525878906,43.220001220703125,42.650001525878906,43.209999084472656,432972,0.0,0.0
2024-06-03 09:30:00-04:00,43.400001525878906,43.5,42.66999816894531,42.779998779296875,166561,0.0,0.0
2024-06-03 10:30:00-04:00,42.790000915527344,42.939998626708984,42.43000030517578,42.439998626708984,207196,0.0,0.0
2024-06-03 11:30:00-04:00,42.459999084472656,42.459999084472656,41.7599983215332,41.88999938964844,189800,0.0,0.0
2024-06-03 12:30:00-04:00,41.88999938964844,41.90999984741211,41.689998626708984,41.84000015258789,127229,0.0,0.0
2024-06-03 13:30:00-04:00,41.849998474121094,41.95000076293945,41.785701751708984,41.900001525878906,118239,0.0,0.0
2024-06-03 14:30:00-04:00,41.91999816894531,42.05500030517578,41.869998931884766,42.005001068115234,128735,0.0,0.0
2024-06-03 15:30:00-04:00,42.0099983215332,42.09000015258789,41.959999084472656,42.02000045776367,267836,0.0,0.0
2024-06-04 09:30:00-04:00,41.41999816894531,41.79999923706055,41.29999923706055,41.654998779296875,74173,0.0,0.0
2024-06-04 10:30:00-04:00,41.66999816894531,41.810001373291016,41.25,41.31999969482422,138031,0.0,0.0
2024-06-04 11:30:00-04:00,41.310001373291016,41.31869888305664,40.97999954223633,41.040000915527344,132077,0.0,0.0
2024-06-04 12:30:00-04:00,41.029998779296875,41.220001220703125,40.959999084472656,41.220001220703125,110634,0.0,0.0
2024-06-04 13:30:00-04:00,41.25,41.30500030517578,41.09000015258789,41.15999984741211,76236,0.0,0.0
2024-06-04 14:30:00-04:00,41.150001525878906,41.2400016784668,41.029998779296875,41.150001525878906,121366,0.0,0.0
2024-06-04 15:30:00-04:00,41.14500045776367,41.209999084472656,41.08000183105469,41.119998931884766,268104,0.0,0.0
2024-06-05 09:30:00-04:00,41.560001373291016,41.560001373291016,40.91999816894531,41.095001220703125,123571,0.0,0.0
2024-06-05 10:30:00-04:00,41.084999084472656,41.310001373291016,41.084999084472656,41.189998626708984,63961,0.0,0.0
2024-06-05 11:30:00-04:00,41.189998626708984,41.2400016784668,40.95000076293945,41.0,86815,0.0,0.0
2024-06-05 12:30:00-04:00,41.0,41.08000183105469,40.86000061035156,40.939998626708984,118582,0.0,0.0
2024-06-05 13:30:00-04:00,40.91999816894531,41.040000915527344,40.91999816894531,40.98500061035156,72121,0.0,0.0
2024-06-05 14:30:00-04:00,40.97999954223633,41.040000915527344,40.88999938964844,40.959999084472656,111221,0.0,0.0
2024-06-05 15:30:00-04:00,40.95000076293945,41.04999923706055,40.880001068115234,40.95000076293945,257979,0.0,0.0
2024-06-06 09:30:00-04:00,41.06999969482422,41.529998779296875,41.05500030517578,41.11000061035156,167993,0.0,0.0
2024-06-06 10:30:00-04:00,41.189998626708984,41.189998626708984,40.939998626708984,41.150001525878906,199260,0.0,0.0
2024-06-06 11:30:00-04:00,41.150001525878906,41.2599983215332,40.959999084472656,40.970001220703125,100531,0.0,0.0
2024-06-06 12:30:00-04:00,40.959999084472656,41.09000015258789,40.900001525878906,41.09000015258789,72443,0.0,0.0
2024-06-06 13:30:00-04:00,41.09000015258789,41.220001220703125,41.029998779296875,41.06999969482422,74066,0.0,0.0
2024-06-06 14:30:00-04:00,41.060001373291016,41.23500061035156,41.060001373291016,41.19499969482422,143895,0.0,0.0
2024-06-06 15:30:00-04:00,41.18000030517578,41.18000030517578,40.9900016784668,41.060001373291016,210474,0.0,0.0
2024-06-07 09:30:00-04:00,40.58000183105469,41.40999984741211,40.58000183105469,41.375,197901,0.0,0.0
2024-06-07 10:30:00-04:00,41.380001068115234,41.529998779296875,41.217498779296875,41.2599983215332,94710,0.0,0.0
2024-06-07 11:30:00-04:00,41.28499984741211,41.380001068115234,41.190101623535156,41.369998931884766,55629,0.0,0.0
2024-06-07 12:30:00-04:00,41.380001068115234,41.400001525878906,41.20000076293945,41.380001068115234,60097,0.0,0.0
2024-06-07 13:30:00-04:00,41.36000061035156,41.459999084472656,41.290000915527344,41.45000076293945,114200,0.0,0.0
2024-06-07 14:30:00-04:00,41.41999816894531,41.4900016784668,41.38999938964844,41.470001220703125,110283,0.0,0.0
2024-06-07 15:30:00-04:00,41.459999084472656,41.57500076293945,41.439998626708984,41.54999923706055,339533,0.0,0.0
2024-06-10 09:30:00-04:00,41.209999084472656,41.2599983215332,40.440101623535156,40.939998626708984,164892,0.0,0.0
2024-06-10 10:30:00-04:00,40.904998779296875,40.9900016784668,40.66999816894531,40.970001220703125,138071,0.0,0.0
2024-06-10 11:30:00-04:00,40.9900016784668,41.064998626708984,40.8650016784668,41.0,96879,0.0,0.0
2024-06-10 12:30:00-04:00,41.0,41.189998626708984,40.970001220703125,41.130001068115234,78502,0.0,0.0
2024-06-10 13:30:00-04:00,41.119998931884766,41.31999969482422,41.119998931884766,41.310001373291016,131020,0.0,0.0
2024-06-10 14:30:00-04:00,41.310001373291016,41.41999816894531,41.22999954223633,41.29999923706055,122365,0.0,0.0
2024-06-10 15:30:00-04:00,41.29999923706055,41.33000183105469,41.18000030517578,41.310001373291016,250061,0.0,0.0
2024-06-11 09:30:00-04:00,40.65999984741211,40.709999084472656,40.27450180053711,40.470001220703125,221639,0.0,0.0
2024-06-11 10:30:00-04:00,40.349998474121094,40.52000045776367,40.16999816894531,40.46500015258789,128699,0.0,0.0
2024-06-11 11:30:00-04:00,40.5,40.619998931884766,40.310001373291016,40.33000183105469,135510,0.0,0.0
2024-06-11 12:30:00-04:00,40.34000015258789,40.54819869995117,40.279998779296875,40.36000061035156,129012,0.0,0.0
2024-06-11 13:30:00-04:00,40.36000061035156,40.5099983215332,40.2599983215332,40.47999954223633,118920,0.0,0.0
2024-06-11 14:30:00-04:00,40.4900016784668,40.619998931884766,40.41999816894531,40.494998931884766,175955,0.0,0.0
2024-06-11 15:30:00-04:00,40.5,40.75,40.38999938964844,40.709999084472656,352263,0.0,0.0
2024-06-12 09:30:00-04:00,41.939998626708984,42.43000030517578,41.790000915527344,42.220001220703125,252438,0.0,0.0
2024-06-12 10:30:00-04:00,42.220001220703125,42.70000076293945,42.220001220703125,42.36000061035156,208221,0.0,0.0
2024-06-12 11:30:00-04:00,42.36000061035156,42.40999984741211,42.19499969482422,42.31999969482422,88016,0.0,0.0
2024-06-12 12:30:00-04:00,42.31999969482422,42.459999084472656,42.29999923706055,42.459999084472656,99147,0.0,0.0
2024-06-12 13:30:00-04:00,42.45500183105469,42.540000915527344,42.154998779296875,42.209999084472656,192752,0.0,0.0
2024-06-12 14:30:00-04:00,42.27000045776367,42.40999984741211,42.04999923706055,42.08000183105469,438989,0.0,0.0
2024-06-12 15:30:00-04:00,42.09000015258789,42.45000076293945,42.060001373291016,42.439998626708984,480034,0.0,0.0
2024-06-13 09:30:00-04:00,42.400001525878906,42.41999816894531,41.70000076293945,41.70000076293945,130383,0.0,0.0
2024-06-13 10:30:00-04:00,41.689998626708984,41.95000076293945,41.470001220703125,41.599998474121094,190206,0.0,0.0
2024-06-13 11:30:00-04:00,41.59000015258789,41.619998931884766,41.380001068115234,41.40999984741211,136206,0.0,0.0
2024-06-13 12:30:00-04:00,41.400001525878906,41.77000045776367,41.400001525878906,41.709999084472656,97335,0.0,0.0
2024-06-13 13:30:00-04:00,41.70000076293945,41.81999969482422,41.68000030517578,41.689998626708984,84883,0.0,0.0
2024-06-13 14:30:00-04:00,41.689998626708984,41.7400016784668,41.599998474121094,41.61000061035156,110273,0.0,0.0
2024-06-13 15:30:00-04:00,41.59000015258789,41.61000061035156,41.33000183105469,41.34000015258789,388028,0.0,0.0
2024-06-14 09:30:00-04:00,40.59000015258789,41.150001525878906,40.279998779296875,40.630001068115234,145972,0.0,0.0
2024-06-14 10:30:00-04:00,40.630001068115234,40.869998931884766,40.4995002746582,40.86000061035156,75887,0.0,0.0
2024-06-14 11:30:00-04:00,40.869998931884766,40.96500015258789,40.79999923706055,40.869998931884766,87495,0.0,0.0
2024-06-14 12:30:00-04:00,40.880001068115234,41.04999923706055,40.83000183105469,40.83000183105469,64642,0.0,0.0
2024-06-14 13:30:00-04:00,40.84000015258789,40.84000015258789,40.55500030517578,40.71979904174805,72987,0.0,0.0
2024-06-14 14:30:00-04:00,40.720001220703125,40.80500030517578,40.65999984741211,40.790000915527344,96214,0.0,0.0
2024-06-14 15:30:00-04:00,40.75,40.84000015258789,40.709999084472656,40.75,232301,0.0,0.0
2024-06-17 09:30:00-04:00,40.630001068115234,40.630001068115234,40.029998779296875,40.06999969482422,174947,0.0,0.0
2024-06-17 10:30:00-04:00,40.060001373291016,40.349998474121094,39.91999816894531,40.349998474121094,182099,0.0,0.0
2024-06-17 11:30:00-04:00,40.345001220703125,40.40999984741211,40.23500061035156,40.40999984741211,126641,0.0,0.0
2024-06-17 12:30:00-04:00,40.40999984741211,40.470001220703125,40.345001220703125,40.380001068115234,89758,0.0,0.0
2024-06-17 13:30:00-04:00,40.36000061035156,40.689998626708984,40.36000061035156,40.68000030517578,141553,0.0,0.0
2024-06-17 14:30:00-04:00,40.68000030517578,40.849998474121094,40.619998931884766,40.849998474121094,186534,0.0,0.0
2024-06-17 15:30:00-04:00,40.84000015258789,41.290000915527344,40.83000183105469,41.290000915527344,324849,0.0,0.0
2024-06-18 09:30:00-04:00,41.06999969482422,41.39500045776367,40.91999816894531,41.20000076293945,141048,0.0,0.0
2024-06-18 10:30:00-04:00,41.189998626708984,41.470001220703125,41.16999816894531,41.369998931884766,77291,0.0,0.0
2024-06-18 11:30:00-04:00,41.3650016784668,41.56809997558594,41.36000061035156,41.41999816894531,99026,0.0,0.0
2024-06-18 12:30:00-04:00,41.42190170288086,41.435001373291016,41.36000061035156,41.3849983215332,85066,0.0,0.0
2024-06-18 13:30:00-04:00,41.380001068115234,41.4900016784668,41.30500030517578,41.31999969482422,127519,0.0,0.0
2024-06-18 14:30:00-04:00,41.31999969482422,41.38999938964844,41.185001373291016,41.224998474121094,121224,0.0,0.0
2024-06-18 15:30:00-04:00,41.2400016784668,41.40999984741211,41.22999954223633,41.40999984741211,219600,0.0,0.0
2024-06-20 09:30:00-04:00,41.29999923706055,41.29999923706055,40.724998474121094,40.959999084472656,156686,0.0,0.0
2024-06-20 10:30:00-04:00,40.959999084472656,40.97999954223633,40.68000030517578,40.84000015258789,130986,0.0,0.0
2024-06-20 11:30:00-04:00,40.84000015258789,40.959999084472656,40.79999923706055,40.83000183105469,110969,0.0,0.0
2024-06-20 12:30:00-04:00,40.79999923706055,40.9281005859375,40.779998779296875,40.9281005859375,60582,0.0,0.0
2024-06-20 13:30:00-04:00,40.91999816894531,41.09000015258789,40.880001068115234,41.09000015258789,135199,0.0,0.0
2024-06-20 14:30:00-04:00,41.099998474121094,41.130001068115234,41.005001068115234,41.11000061035156,63012,0.0,0.0
2024-06-20 15:30:00-04:00,41.099998474121094,41.27000045776367,41.08000183105469,41.189998626708984,200374,0.0,0.0
2024-06-21 09:30:00-04:00,41.11000061035156,41.11000061035156,40.54499816894531,40.90999984741211,203634,0.0,0.0
2024-06-21 10:30:00-04:00,40.970001220703125,40.97999954223633,40.79999923706055,40.880001068115234,107759,0.0,0.0
2024-06-21 11:30:00-04:00,40.880001068115234,40.939998626708984,40.7599983215332,40.869998931884766,49363,0.0,0.0
2024-06-21 12:30:00-04:00,40.86000061035156,41.040000915527344,40.83000183105469,40.9900016784668,37344,0.0,0.0
2024-06-21 13:30:00-04:00,40.97600173950195,41.04999923706055,40.849998474121094,41.04999923706055,42780,0.0,0.0
2024-06-21 14:30:00-04:00,41.040000915527344,41.119998931884766,40.97999954223633,41.02000045776367,111169,0.0,0.0
2024-06-21 15:30:00-04:00,41.029998779296875,41.279998779296875,41.02000045776367,41.22999954223633,215566,0.0,0.0
2024-06-24 09:30:00-04:00,41.5,42.0786018371582,41.2599983215332,42.029998779296875,158040,0.0,0.0
2024-06-24 10:30:00-04:00,42.060001373291016,42.599998474121094,42.04999923706055,42.599998474121094,175934,0.0,0.0
2024-06-24 11:30:00-04:00,42.61000061035156,42.720001220703125,42.38999938964844,42.69499969482422,143981,0.0,0.0
2024-06-24 12:30:00-04:00,42.69499969482422,42.72999954223633,42.5099983215332,42.599998474121094,126269,0.0,0.0
2024-06-24 13:30:00-04:00,42.61000061035156,42.66999816894531,42.560001373291016,42.650001525878906,86417,0.0,0.0
2024-06-24 14:30:00-04:00,42.64500045776367,42.91999816894531,42.64500045776367,42.70000076293945,157427,0.0,0.0
2024-06-24 15:30:00-04:00,42.70000076293945,42.709999084472656,42.404998779296875,42.459999084472656,285527,0.0,0.0
2024-06-25 09:30:00-04:00,42.2400016784668,42.5099983215332,41.97999954223633,42.099998474121094,85338,0.0,0.0
2024-06-25 10:30:00-04:00,42.060001373291016,42.060001373291016,41.790000915527344,41.810001373291016,79502,0.0,0.0
2024-06-25 11:30:00-04:00,41.83000183105469,41.88999938964844,41.560001373291016,41.560001373291016,60802,0.0,0.0
2024-06-25 12:30:00-04:00,41.5099983215332,41.78499984741211,41.45000076293945,41.78499984741211,86638,0.0,0.0
2024-06-25 13:30:00-04:00,41.78499984741211,41.790000915527344,41.65999984741211,41.7599983215332,48790,0.0,0.0
2024-06-25 14:30:00-04:00,41.77000045776367,41.86000061035156,41.6150016784668,41.845001220703125,105393,0.0,0.0
2024-06-25 15:30:00-04:00,41.845001220703125,42.04999923706055,41.814998626708984,41.999000549316406,343682,0.0,0.0
2024-06-26 09:30:00-04:00,41.68000030517578,41.869998931884766,41.540000915527344,41.63999938964844,84277,0.0,0.0
2024-06-26 10:30:00-04:00,41.619998931884766,41.720001220703125,41.43000030517578,41.70000076293945,77635,0.0,0.0
2024-06-26 11:30:00-04:00,41.70000076293945,41.79999923706055,41.599998474121094,41.6150016784668,54741,0.0,0.0
2024-06-26 12:30:00-04:00,41.560001373291016,41.65010070800781,41.45000076293945,41.5,47367,0.0,0.0
2024-06-26 13:30:00-04:00,41.4900016784668,41.58000183105469,41.45000076293945,41.540000915527344,61026,0.0,0.0
2024-06-26 14:30:00-04:00,41.54999923706055,41.849998474121094,41.529998779296875,41.849998474121094,99023,0.0,0.0
2024-06-26 15:30:00-04:00,41.845001220703125,41.880001068115234,41.66999816894531,41.84000015258789,188023,0.0,0.0
2024-06-27 09:30:00-04:00,41.83000183105469,42.08000183105469,41.40999984741211,41.79999923706055,84122,0.0,0.0
2024-06-27 10:30:00-04:00,41.790000915527344,41.849998474121094,41.619998931884766,41.689998626708984,49296,0.0,0.0
2024-06-27 11:30:00-04:00,41.69499969482422,41.78200149536133,41.630001068115234,41.76499938964844,58303,0.0,0.0
2024-06-27 12:30:00-04:00,41.7599983215332,41.959999084472656,41.709999084472656,41.88999938964844,43893,0.0,0.0
2024-06-27 13:30:00-04:00,41.8650016784668,41.970001220703125,41.849998474121094,41.880001068115234,68462,0.0,0.0
2024-06-27 14:30:00-04:00,41.880001068115234,42.040000915527344,41.779998779296875,42.029998779296875,84536,0.0,0.0
2024-06-27 15:30:00-04:00,42.029998779296875,42.119998931884766,41.95500183105469,42.07500076293945,302960,0.0,0.0
2024-06-28 09:30:00-04:00,42.560001373291016,43.220001220703125,42.310001373291016,43.09000015258789,207599,0.0,0.0
2024-06-28 10:30:00-04:00,43.16400146484375,43.470001220703125,43.16400146484375,43.220001220703125,128961,0.0,0.0
2024-06-28 11:30:00-04:00,43.189998626708984,43.27000045776367,43.0,43.209999084472656,98924,0.0,0.0
2024-06-28 12:30:00-04:00,43.2599983215332,43.28010177612305,42.9900016784668,43.02000045776367,88621,0.0,0.0
2024-06-28 13:30:00-04:00,43.0,43.130001068115234,42.880001068115234,43.130001068115234,91487,0.0,0.0
2024-06-28 14:30:00-04:00,43.10499954223633,43.189998626708984,42.970001220703125,43.18000030517578,137802,0.0,0.0
2024-06-28 15:30:00-04:00,43.18000030517578,43.40999984741211,42.959999084472656,43.38999938964844,393233,0.0,0.0
2024-07-01 09:30:00-04:00,43.029998779296875,43.790000915527344,43.029998779296875,43.11000061035156,217125,0.0,0.0
2024-07-01 10:30:00-04:00,43.13999938964844,43.35499954223633,43.11000061035156,43.310001373291016,139334,0.0,0.0
2024-07-01 11:30:00-04:00,43.310001373291016,43.58000183105469,43.310001373291016,43.52000045776367,132740,0.0,0.0
2024-07-01 12:30:00-04:00,43.5099983215332,43.56999969482422,43.380001068115234,43.4900016784668,67586,0.0,0.0
2024-07-01 13:30:00-04:00,43.47999954223633,43.493499755859375,43.40999984741211,43.40999984741211,81540,0.0,0.0
2024-07-01 14:30:00-04:00,43.40999984741211,43.43159866333008,43.310001373291016,43.349998474121094,83532,0.0,0.0
2024-07-01 15:30:00-04:00,43.35499954223633,43.38999938964844,43.290000915527344,43.29999923706055,153600,0.0,0.0
2024-07-02 09:30:00-04:00,43.22999954223633,43.560001373291016,43.13999938964844,43.44499969482422,85140,0.0,0.0
2024-07-02 10:30:00-04:00,43.470001220703125,43.47999954223633,43.2400016784668,43.369998931884766,62719,0.0,0.0
2024-07-02 11:30:00-04:00,43.349998474121094,43.529998779296875,43.349998474121094,43.5,69561,0.0,0.0
2024-07-02 12:30:00-04:00,43.47999954223633,43.65999984741211,43.47999954223633,43.630001068115234,51523,0.0,0.0
2024-07-02 13:30:00-04:00,43.603599548339844,43.73500061035156,43.540000915527344,43.720001220703125,62099,0.0,0.0
2024-07-02 14:30:00-04:00,43.70500183105469,43.869998931884766,43.66999816894531,43.86000061035156,92040,0.0,0.0
2024-07-02 15:30:00-04:00,43.880001068115234,43.974998474121094,43.790000915527344,43.970001220703125,182500,0.0,0.0
2024-07-03 09:30:00-04:00,43.849998474121094,44.08000183105469,43.5099983215332,43.994998931884766,211069,0.0,0.0
2024-07-03 10:30:00-04:00,43.9900016784668,44.04999923706055,43.72999954223633,43.849998474121094,463157,0.0,0.0
2024-07-03 11:30:00-04:00,43.83000183105469,43.875,43.6349983215332,43.709999084472656,142655,0.0,0.0
2024-07-05 09:30:00-04:00,43.369998931884766,43.459999084472656,42.97999954223633,43.0099983215332,128449,0.0,0.0
2024-07-05 10:30:00-04:00,43.060001373291016,43.099998474121094,42.869998931884766,42.93000030517578,161064,0.0,0.0
2024-07-05 11:30:00-04:00,42.900001525878906,42.91999816894531,42.68000030517578,42.685001373291016,123374,0.0,0.0
2024-07-05 12:30:00-04:00,42.70000076293945,42.70199966430664,42.52000045776367,42.595001220703125,68257,0.0,0.0
2024-07-05 13:30:00-04:00,42.599998474121094,42.72999954223633,42.560001373291016,42.63999938964844,69791,0.0,0.0
2024-07-05 14:30:00-04:00,42.630001068115234,42.650001525878906,42.375,42.375,116004,0.0,0.0
2024-07-05 15:30:00-04:00,42.380001068115234,42.654998779296875,42.36000061035156,42.470001220703125,224915,0.0,0.0
2024-07-08 09:30:00-04:00,43.099998474121094,43.25040054321289,42.790000915527344,42.939998626708984,140055,0.0,0.0
2024-07-08 10:30:00-04:00,42.935001373291016,43.11000061035156,42.709999084472656,42.720001220703125,94721,0.0,0.0
2024-07-08 11:30:00-04:00,42.66999816894531,42.80500030517578,42.540000915527344,42.77000045776367,107510,0.0,0.0
2024-07-08 12:30:00-04:00,42.7599983215332,42.779998779296875,42.52000045776367,42.56999969482422,104079,0.0,0.0
2024-07-08 13:30:00-04:00,42.58000183105469,42.63999938964844,42.53499984741211,42.53499984741211,105675,0.0,0.0
2024-07-08 14:30:00-04:00,42.54999923706055,42.75,42.529998779296875,42.650001525878906,187104,0.0,0.0
2024-07-08 15:30:00-04:00,42.63999938964844,42.665000915527344,42.529998779296875,42.58000183105469,243590,0.0,0.0
2024-07-09 09:30:00-04:00,42.470001220703125,42.84000015258789,42.33000183105469,42.70000076293945,116265,0.0,0.0
2024-07-09 10:30:00-04:00,42.65999984741211,43.0,42.650001525878906,42.939998626708984,100240,0.0,0.0
2024-07-09 11:30:00-04:00,42.97999954223633,43.470001220703125,42.97999954223633,43.400001525878906,113212,0.0,0.0
2024-07-09 12:30:00-04:00,43.3849983215332,43.70000076293945,43.380001068115234,43.625,136775,0.0,0.0
2024-07-09 13:30:00-04:00,43.6349983215332,43.83000183105469,43.619998931884766,43.66999816894531,122598,0.0,0.0
2024-07-09 14:30:00-04:00,43.65999984741211,43.83000183105469,43.59000015258789,43.81999969482422,112104,0.0,0.0
2024-07-09 15:30:00-04:00,43.81999969482422,43.974998474121094,43.79499816894531,43.93000030517578,383806,0.0,0.0
2024-07-10 09:30:00-04:00,43.970001220703125,44.2400016784668,43.790000915527344,44.2400016784668,344295,0.0,0.0
2024-07-10 10:30:00-04:00,44.2400016784668,44.88999938964844,44.18000030517578,44.849998474121094,315680,0.0,0.0
2024-07-10 11:30:00-04:00,44.8650016784668,45.04999923706055,44.75,44.880001068115234,315068,0.0,0.0
2024-07-10 12:30:00-04:00,44.869998931884766,45.119998931884766,44.42499923706055,45.119998931884766,222839,0.0,0.0
2024-07-10 13:30:00-04:00,45.119998931884766,45.22999954223633,44.970001220703125,45.220001220703125,311803,0.0,0.0
2024-07-10 14:30:00-04:00,45.209999084472656,45.400001525878906,45.040000915527344,45.112998962402344,429520,0.0,0.0
2024-07-10 15:30:00-04:00,45.1349983215332,45.40999984741211,45.125,45.369998931884766,276127,0.0,0.0
2024-07-11 09:30:00-04:00,46.2599983215332,47.13999938964844,46.12350082397461,46.93000030517578,381665,0.0,0.0
2024-07-11 10:30:00-04:00,46.915000915527344,47.150001525878906,46.76499938964844,46.86000061035156,341803,0.0,0.0
2024-07-11 11:30:00-04:00,46.875,47.209999084472656,46.869998931884766,46.939998626708984,361361,0.0,0.0
2024-07-11 12:30:00-04:00,46.939998626708984,47.46500015258789,46.93000030517578,47.43000030517578,204113,0.0,0.0
2024-07-11 13:30:00-04:00,47.45000076293945,47.650001525878906,47.375,47.560001373291016,184918,0.0,0.0
2024-07-11 14:30:00-04:00,47.56010055541992,47.56010055541992,47.38999938964844,47.42499923706055,172688,0.0,0.0
2024-07-11 15:30:00-04:00,47.435001373291016,47.619998931884766,47.40999984741211,47.41899871826172,319584,0.0,0.0
2024-07-12 09:30:00-04:00,47.439998626708984,47.650001525878906,47.029998779296875,47.560001373291016,178347,0.0,0.0
2024-07-12 10:30:00-04:00,47.57500076293945,47.619998931884766,47.290000915527344,47.58000183105469,229438,0.0,0.0
2024-07-12 11:30:00-04:00,47.560001373291016,47.66999816894531,47.406700134277344,47.43000030517578,103131,0.0,0.0
2024-07-12 12:30:00-04:00,47.40999984741211,47.56999969482422,47.33000183105469,47.470001220703125,117051,0.0,0.0
2024-07-12 13:30:00-04:00,47.470001220703125,47.59000015258789,47.349998474121094,47.560001373291016,103192,0.0,0.0
2024-07-12 14:30:00-04:00,47.564998626708984,47.650001525878906,47.4900016784668,47.55500030517578,124443,0.0,0.0
2024-07-12 15:30:00-04:00,47.560001373291016,47.59000015258789,47.18000030517578,47.22100067138672,304333,0.0,0.0
2024-07-15 09:30:00-04:00,48.18000030517578,48.41999816894531,47.900001525878906,48.11000061035156,220072,0.0,0.0
2024-07-15 10:30:00-04:00,48.099998474121094,48.5099983215332,48.0,48.49599838256836,118303,0.0,0.0
2024-07-15 11:30:00-04:00,48.52000045776367,48.68000030517578,48.439998626708984,48.459999084472656,147684,0.0,0.0
2024-07-15 12:30:00-04:00,48.45000076293945,48.52000045776367,47.96049880981445,48.439998626708984,255995,0.0,0.0
2024-07-15 13:30:00-04:00,48.42499923706055,48.59000015258789,48.2599983215332,48.52000045776367,88045,0.0,0.0
2024-07-15 14:30:00-04:00,48.52000045776367,48.64500045776367,48.189998626708984,48.20000076293945,192384,0.0,0.0
2024-07-15 15:30:00-04:00,48.209999084472656,48.3849983215332,48.150001525878906,48.2400016784668,258234,0.0,0.0
2024-07-16 09:30:00-04:00,48.42499923706055,49.9900016784668,48.42499923706055,49.95000076293945,300189,0.0,0.0
2024-07-16 10:30:00-04:00,49.95000076293945,50.130001068115234,49.73500061035156,49.810001373291016,483943,0.0,0.0
2024-07-16 11:30:00-04:00,49.779998779296875,49.85499954223633,49.56999969482422,49.7599983215332,205559,0.0,0.0
2024-07-16 12:30:00-04:00,49.7599983215332,49.900001525878906,49.619998931884766,49.68000030517578,121674,0.0,0.0
2024-07-16 13:30:00-04:00,49.66999816894531,49.9900016784668,49.65999984741211,49.900001525878906,170565,0.0,0.0
2024-07-16 14:30:00-04:00,49.91999816894531,50.02000045776367,49.83000183105469,49.94499969482422,229752,0.0,0.0
2024-07-16 15:30:00-04:00,49.939998626708984,50.2400016784668,49.89500045776367,50.220001220703125,405915,0.0,0.0
2024-07-17 09:30:00-04:00,49.47999954223633,51.23500061035156,49.47999954223633,51.040000915527344,283127,0.0,0.0
2024-07-17 10:30:00-04:00,51.04999923706055,51.189998626708984,50.689998626708984,50.92100143432617,240831,0.0,0.0
2024-07-17 11:30:00-04:00,50.900001525878906,51.09000015258789,50.650001525878906,50.90999984741211,147548,0.0,0.0
2024-07-17 12:30:00-04:00,50.90999984741211,51.07500076293945,50.380001068115234,50.58000183105469,232669,0.0,0.0
2024-07-17 13:30:00-04:00,50.56999969482422,50.720001220703125,50.29499816894531,50.689998626708984,223491,0.0,0.0
2024-07-17 14:30:00-04:00,50.68000030517578,50.880001068115234,50.6349983215332,50.849998474121094,222486,0.0,0.0
2024-07-17 15:30:00-04:00,50.869998931884766,50.90999984741211,50.5,50.529998779296875,376222,0.0,0.0
2024-07-18 09:30:00-04:00,49.84000015258789,51.130001068115234,49.81999969482422,51.040000915527344,205260,0.0,0.0
2024-07-18 10:30:00-04:00,51.0,51.029998779296875,50.279998779296875,50.349998474121094,319150,0.0,0.0
2024-07-18 11:30:00-04:00,50.34000015258789,50.3650016784668,49.619998931884766,49.630001068115234,289222,0.0,0.0
2024-07-18 12:30:00-04:00,49.63999938964844,49.875,49.61370086669922,49.86000061035156,208189,0.0,0.0
2024-07-18 13:30:00-04:00,49.86000061035156,49.91999816894531,49.290000915527344,49.29999923706055,218893,0.0,0.0
2024-07-18 14:30:00-04:00,49.27000045776367,49.459999084472656,48.970001220703125,49.060001373291016,231252,0.0,0.0
2024-07-18 15:30:00-04:00,49.060001373291016,49.43000030517578,49.060001373291016,49.189998626708984,336340,0.0,0.0
2024-07-19 09:30:00-04:00,49.209999084472656,49.599998474121094,48.650001525878906,49.279998779296875,504417,0.0,0.0
2024-07-19 10:30:00-04:00,49.31999969482422,49.349998474121094,48.85449981689453,49.0099983215332,217792,0.0,0.0
2024-07-19 11:30:00-04:00,49.0099983215332,49.5099983215332,48.84000015258789,49.2400016784668,217143,0.0,0.0
2024-07-19 12:30:00-04:00,49.2400016784668,49.2400016784668,48.880001068115234,49.04999923706055,136687,0.0,0.0
2024-07-19 13:30:00-04:00,49.06999969482422,49.2599983215332,49.0,49.0099983215332,171557,0.0,0.0
2024-07-19 14:30:00-04:00,49.0,49.22999954223633,48.90999984741211,49.189998626708984,253713,0.0,0.0
2024-07-19 15:30:00-04:00,49.189998626708984,49.19499969482422,48.849998474121094,49.0099983215332,728512,0.0,0.0
2024-07-22 09:30:00-04:00,48.560001373291016,49.11000061035156,48.41999816894531,48.97999954223633,375740,0.0,0.0
2024-07-22 10:30:00-04:00,48.970001220703125,49.400001525878906,48.959999084472656,49.25,379103,0.0,0.0
2024-07-22 11:30:00-04:00,49.2400016784668,49.61000061035156,49.20000076293945,49.47999954223633,240816,0.0,0.0
2024-07-22 12:30:00-04:00,49.470001220703125,49.59000015258789,49.34000015258789,49.4900016784668,105721,0.0,0.0
2024-07-22 13:30:00-04:00,49.5,49.599998474121094,49.310001373291016,49.380001068115234,140933,0.0,0.0
2024-07-22 14:30:00-04:00,49.38999938964844,49.599998474121094,49.380001068115234,49.470001220703125,346555,0.0,0.0
2024-07-22 15:30:00-04:00,49.4900016784668,49.709999084472656,49.415000915527344,49.470001220703125,501140,0.0,0.0
2024-07-23 09:30:00-04:00,53.31999969482422,53.31999969482422,50.939998626708984,51.97999954223633,810172,0.0,0.0
2024-07-23 10:30:00-04:00,51.959999084472656,52.845001220703125,51.95000076293945,52.720001220703125,426029,0.0,0.0
2024-07-23 11:30:00-04:00,52.689998626708984,53.08000183105469,52.47999954223633,52.560001373291016,316995,0.0,0.0
2024-07-23 12:30:00-04:00,52.54999923706055,52.7400016784668,52.38999938964844,52.560001373291016,212111,0.0,0.0
2024-07-23 13:30:00-04:00,52.53499984741211,52.810001373291016,52.53499984741211,52.70000076293945,229606,0.0,0.0
2024-07-23 14:30:00-04:00,52.709999084472656,52.79999923706055,52.48500061035156,52.48500061035156,238931,0.0,0.0
2024-07-23 15:30:00-04:00,52.470001220703125,52.63999938964844,52.400001525878906,52.52000045776367,594358,0.0,0.0
2024-07-24 09:30:00-04:00,52.41019821166992,52.529998779296875,51.38999938964844,51.834999084472656,243955,0.0,0.0
2024-07-24 10:30:00-04:00,51.834999084472656,52.16999816894531,51.7599983215332,51.90999984741211,242317,0.0,0.0
2024-07-24 11:30:00-04:00,51.90999984741211,52.68000030517578,51.900001525878906,52.51649856567383,207076,0.0,0.0
2024-07-24 12:30:00-04:00,52.52000045776367,52.560001373291016,51.89500045776367,51.93000030517578,137548,0.0,0.0
2024-07-24 13:30:00-04:00,51.93000030517578,52.084999084472656,51.599998474121094,51.63999938964844,236795,0.0,0.0
2024-07-24 14:30:00-04:00,51.6150016784668,51.83000183105469,51.38999938964844,51.415000915527344,490624,0.0,0.0
2024-07-24 15:30:00-04:00,51.415000915527344,51.54999923706055,50.869998931884766,51.0,467387,0.0,0.0
2024-07-25 09:30:00-04:00,50.5,51.66999816894531,50.5,51.63999938964844,352482,0.0,0.0
2024-07-25 10:30:00-04:00,51.619998931884766,51.880001068115234,51.5099983215332,51.75,211985,0.0,0.0
2024-07-25 11:30:00-04:00,51.77000045776367,52.1349983215332,51.630001068115234,52.09000015258789,167244,0.0,0.0
2024-07-25 12:30:00-04:00,52.07500076293945,52.43000030517578,52.0099983215332,52.02000045776367,135860,0.0,0.0
2024-07-25 13:30:00-04:00,52.04999923706055,52.119998931884766,51.8650016784668,52.04999923706055,129880,0.0,0.0
2024-07-25 14:30:00-04:00,52.060001373291016,52.18000030517578,51.83000183105469,52.08000183105469,151408,0.0,0.0
2024-07-25 15:30:00-04:00,52.099998474121094,52.099998474121094,51.7599983215332,51.77000045776367,402552,0.0,0.0
2024-07-26 09:30:00-04:00,52.0,52.4900016784668,51.81999969482422,52.38059997558594,187761,0.0,0.0
2024-07-26 10:30:00-04:00,52.39500045776367,52.39500045776367,51.869998931884766,51.9900016784668,120020,0.0,0.0
2024-07-26 11:30:00-04:00,52.0099983215332,52.18000030517578,51.900001525878906,52.040000915527344,162524,0.0,0.0
2024-07-26 12:30:00-04:00,52.029998779296875,52.06999969482422,51.720001220703125,51.90999984741211,123977,0.0,0.0
2024-07-26 13:30:00-04:00,51.869998931884766,52.06999969482422,51.58000183105469,52.0099983215332,129790,0.0,0.0
2024-07-26 14:30:00-04:00,51.95000076293945,52.310001373291016,51.900001525878906,52.279998779296875,171189,0.0,0.0
2024-07-26 15:30:00-04:00,52.25,52.400001525878906,52.08000183105469,52.27000045776367,283254,0.0,0.0
