Datetime,Open,High,Low,Close,Volume,Dividends,Stock Splits
2024-09-02 09:00:00+09:00,328.0,328.0,323.0,323.0,0,0.0,0.0
2024-09-02 09:01:00+09:00,320.0,320.0,317.0,317.0,4867,0.0,0.0
2024-09-02 09:02:00+09:00,317.0,317.0,316.0,316.0,4539,0.0,0.0
2024-09-02 09:03:00+09:00,315.0,316.0,313.0,316.0,19780,0.0,0.0
2024-09-02 09:04:00+09:00,312.0,312.0,310.0,310.0,2051,0.0,0.0
2024-09-02 09:06:00+09:00,311.0,314.0,310.0,314.0,4417,0.0,0.0
2024-09-02 09:07:00+09:00,310.0,310.0,310.0,310.0,121,0.0,0.0
2024-09-02 09:09:00+09:00,310.0,310.0,306.0,309.0,26706,0.0,0.0
2024-09-02 09:11:00+09:00,309.0,309.0,308.0,308.0,280,0.0,0.0
2024-09-02 09:12:00+09:00,308.0,310.0,308.0,310.0,4321,0.0,0.0
2024-09-02 09:13:00+09:00,310.0,313.0,310.0,313.0,580,0.0,0.0
2024-09-02 09:14:00+09:00,313.0,313.0,313.0,313.0,832,0.0,0.0
2024-09-02 09:15:00+09:00,313.0,313.0,310.0,311.0,308,0.0,0.0
2024-09-02 09:16:00+09:00,312.0,312.0,312.0,312.0,153,0.0,0.0
2024-09-02 09:17:00+09:00,312.0,312.0,311.0,311.0,142,0.0,0.0
2024-09-02 09:18:00+09:00,311.0,312.0,311.0,312.0,519,0.0,0.0
2024-09-02 09:19:00+09:00,312.0,312.0,312.0,312.0,0,0.0,0.0
2024-09-02 09:22:00+09:00,310.0,310.0,310.0,310.0,70,0.0,0.0
2024-09-02 09:23:00+09:00,312.0,314.0,312.0,314.0,1718,0.0,0.0
2024-09-02 09:24:00+09:00,314.0,314.0,314.0,314.0,1246,0.0,0.0
2024-09-02 09:25:00+09:00,314.0,314.0,314.0,314.0,0,0.0,0.0
2024-09-02 09:26:00+09:00,314.0,314.0,314.0,314.0,175,0.0,0.0
2024-09-02 09:27:00+09:00,314.0,314.0,314.0,314.0,275,0.0,0.0
2024-09-02 09:28:00+09:00,313.0,313.0,313.0,313.0,0,0.0,0.0
2024-09-02 09:29:00+09:00,314.0,315.0,314.0,315.0,5921,0.0,0.0
2024-09-02 09:30:00+09:00,312.0,315.0,311.0,315.0,0,0.0,0.0
2024-09-02 09:31:00+09:00,315.0,315.0,315.0,315.0,0,0.0,0.0
2024-09-02 09:33:00+09:00,315.0,322.0,314.0,321.0,3356,0.0,0.0
2024-09-02 09:35:00+09:00,318.0,318.0,318.0,318.0,1282,0.0,0.0
2024-09-02 09:38:00+09:00,317.0,317.0,317.0,317.0,200,0.0,0.0
2024-09-02 09:39:00+09:00,315.0,315.0,315.0,315.0,100,0.0,0.0
2024-09-02 09:40:00+09:00,315.0,317.0,314.0,317.0,568,0.0,0.0
2024-09-02 09:41:00+09:00,317.0,317.0,317.0,317.0,0,0.0,0.0
2024-09-02 09:44:00+09:00,317.0,317.0,315.0,317.0,319,0.0,0.0
2024-09-02 09:45:00+09:00,317.0,317.0,316.0,316.0,2912,0.0,0.0
2024-09-02 09:46:00+09:00,316.0,316.0,316.0,316.0,0,0.0,0.0
2024-09-02 09:47:00+09:00,316.0,316.0,316.0,316.0,10,0.0,0.0
2024-09-02 09:48:00+09:00,314.0,315.0,311.0,313.0,10582,0.0,0.0
2024-09-02 09:49:00+09:00,313.0,313.0,308.0,308.0,20304,0.0,0.0
2024-09-02 09:51:00+09:00,313.0,313.0,313.0,313.0,100,0.0,0.0
2024-09-02 09:52:00+09:00,313.0,313.0,313.0,313.0,0,0.0,0.0
2024-09-02 09:55:00+09:00,313.0,313.0,313.0,313.0,359,0.0,0.0
2024-09-02 09:56:00+09:00,313.0,313.0,313.0,313.0,0,0.0,0.0
2024-09-02 09:57:00+09:00,313.0,313.0,313.0,313.0,243,0.0,0.0
2024-09-02 10:01:00+09:00,312.0,315.0,310.0,314.0,6629,0.0,0.0
2024-09-02 10:02:00+09:00,314.0,314.0,310.0,310.0,107,0.0,0.0
2024-09-02 10:03:00+09:00,313.0,313.0,313.0,313.0,55,0.0,0.0
2024-09-02 10:04:00+09:00,313.0,314.0,313.0,314.0,2998,0.0,0.0
2024-09-02 10:06:00+09:00,314.0,314.0,307.0,307.0,28618,0.0,0.0
2024-09-02 10:08:00+09:00,308.0,311.0,307.0,311.0,0,0.0,0.0
2024-09-02 10:09:00+09:00,308.0,311.0,307.0,311.0,20000,0.0,0.0
2024-09-02 10:10:00+09:00,308.0,311.0,308.0,311.0,137,0.0,0.0
2024-09-02 10:11:00+09:00,311.0,311.0,311.0,311.0,7,0.0,0.0
2024-09-02 10:13:00+09:00,308.0,308.0,308.0,308.0,1650,0.0,0.0
2024-09-02 10:14:00+09:00,311.0,311.0,311.0,311.0,0,0.0,0.0
2024-09-02 10:15:00+09:00,308.0,308.0,305.0,305.0,30009,0.0,0.0
2024-09-02 10:16:00+09:00,307.0,307.0,306.0,306.0,2027,0.0,0.0
2024-09-02 10:17:00+09:00,306.0,306.0,305.0,305.0,4023,0.0,0.0
2024-09-02 10:19:00+09:00,305.0,307.0,305.0,307.0,1467,0.0,0.0
2024-09-02 10:20:00+09:00,306.0,307.0,306.0,306.0,0,0.0,0.0
2024-09-02 10:21:00+09:00,306.0,306.0,306.0,306.0,1000,0.0,0.0
2024-09-02 10:22:00+09:00,307.0,307.0,307.0,307.0,0,0.0,0.0
2024-09-02 10:23:00+09:00,305.0,307.0,305.0,307.0,0,0.0,0.0
2024-09-02 10:24:00+09:00,307.0,307.0,307.0,307.0,5049,0.0,0.0
2024-09-02 10:26:00+09:00,309.0,309.0,307.0,307.0,0,0.0,0.0
2024-09-02 10:27:00+09:00,309.0,309.0,309.0,309.0,1819,0.0,0.0
2024-09-02 10:28:00+09:00,309.0,309.0,309.0,309.0,0,0.0,0.0
2024-09-02 10:34:00+09:00,309.0,309.0,308.0,308.0,60,0.0,0.0
2024-09-02 10:35:00+09:00,308.0,311.0,308.0,308.0,3818,0.0,0.0
2024-09-02 10:36:00+09:00,311.0,311.0,311.0,311.0,1055,0.0,0.0
2024-09-02 10:39:00+09:00,311.0,311.0,311.0,311.0,0,0.0,0.0
2024-09-02 10:40:00+09:00,308.0,308.0,308.0,308.0,25,0.0,0.0
2024-09-02 10:41:00+09:00,310.0,310.0,310.0,310.0,24,0.0,0.0
2024-09-02 10:43:00+09:00,310.0,310.0,310.0,310.0,28,0.0,0.0
2024-09-02 10:44:00+09:00,310.0,310.0,310.0,310.0,280,0.0,0.0
2024-09-02 10:50:00+09:00,310.0,310.0,310.0,310.0,387,0.0,0.0
2024-09-02 10:51:00+09:00,310.0,310.0,310.0,310.0,10,0.0,0.0
2024-09-02 10:52:00+09:00,310.0,310.0,310.0,310.0,13772,0.0,0.0
2024-09-02 10:54:00+09:00,310.0,310.0,310.0,310.0,0,0.0,0.0
2024-09-02 10:55:00+09:00,310.0,310.0,310.0,310.0,32,0.0,0.0
2024-09-02 10:56:00+09:00,310.0,310.0,310.0,310.0,0,0.0,0.0
2024-09-02 10:57:00+09:00,310.0,310.0,310.0,310.0,6,0.0,0.0
2024-09-02 10:58:00+09:00,310.0,310.0,310.0,310.0,22,0.0,0.0
2024-09-02 10:59:00+09:00,311.0,311.0,308.0,308.0,33,0.0,0.0
2024-09-02 11:01:00+09:00,311.0,311.0,308.0,308.0,2025,0.0,0.0
2024-09-02 11:02:00+09:00,308.0,308.0,308.0,308.0,3096,0.0,0.0
2024-09-02 11:04:00+09:00,310.0,310.0,310.0,310.0,0,0.0,0.0
2024-09-02 11:05:00+09:00,310.0,310.0,310.0,310.0,144,0.0,0.0
2024-09-02 11:07:00+09:00,310.0,310.0,310.0,310.0,4,0.0,0.0
2024-09-02 11:09:00+09:00,310.0,310.0,310.0,310.0,8,0.0,0.0
2024-09-02 11:11:00+09:00,310.0,310.0,310.0,310.0,544,0.0,0.0
2024-09-02 11:12:00+09:00,310.0,310.0,310.0,310.0,1077,0.0,0.0
2024-09-02 11:13:00+09:00,310.0,310.0,310.0,310.0,129,0.0,0.0
2024-09-02 11:16:00+09:00,309.0,309.0,309.0,309.0,0,0.0,0.0
2024-09-02 11:21:00+09:00,309.0,309.0,309.0,309.0,183,0.0,0.0
2024-09-02 11:22:00+09:00,311.0,311.0,311.0,311.0,0,0.0,0.0
2024-09-02 11:24:00+09:00,308.0,308.0,308.0,308.0,102,0.0,0.0
2024-09-02 11:25:00+09:00,311.0,311.0,311.0,311.0,54,0.0,0.0
2024-09-02 11:26:00+09:00,311.0,311.0,311.0,311.0,0,0.0,0.0
2024-09-02 11:28:00+09:00,311.0,311.0,311.0,311.0,4482,0.0,0.0
2024-09-02 11:29:00+09:00,311.0,311.0,311.0,311.0,0,0.0,0.0
2024-09-02 11:31:00+09:00,311.0,311.0,311.0,311.0,58,0.0,0.0
2024-09-02 11:36:00+09:00,308.0,311.0,308.0,311.0,37,0.0,0.0
2024-09-02 11:39:00+09:00,311.0,311.0,311.0,311.0,90,0.0,0.0
2024-09-02 11:40:00+09:00,311.0,311.0,311.0,311.0,6950,0.0,0.0
2024-09-02 11:41:00+09:00,310.0,310.0,309.0,309.0,1343,0.0,0.0
2024-09-02 11:43:00+09:00,311.0,311.0,311.0,311.0,0,0.0,0.0
2024-09-02 11:46:00+09:00,311.0,311.0,311.0,311.0,16,0.0,0.0
2024-09-02 11:49:00+09:00,311.0,311.0,311.0,311.0,947,0.0,0.0
2024-09-02 11:50:00+09:00,309.0,309.0,309.0,309.0,7,0.0,0.0
2024-09-02 11:54:00+09:00,309.0,309.0,309.0,309.0,20,0.0,0.0
2024-09-02 12:02:00+09:00,311.0,311.0,311.0,311.0,4,0.0,0.0
2024-09-02 12:03:00+09:00,310.0,310.0,310.0,310.0,3856,0.0,0.0
2024-09-02 12:04:00+09:00,309.0,309.0,309.0,309.0,0,0.0,0.0
2024-09-02 12:05:00+09:00,311.0,311.0,311.0,311.0,17,0.0,0.0
2024-09-02 12:06:00+09:00,311.0,311.0,311.0,311.0,0,0.0,0.0
2024-09-02 12:10:00+09:00,311.0,311.0,311.0,311.0,3,0.0,0.0
2024-09-02 12:17:00+09:00,310.0,310.0,310.0,310.0,202,0.0,0.0
2024-09-02 12:20:00+09:00,309.0,311.0,309.0,311.0,0,0.0,0.0
2024-09-02 12:22:00+09:00,311.0,311.0,311.0,311.0,1,0.0,0.0
2024-09-02 12:32:00+09:00,310.0,310.0,309.0,309.0,3500,0.0,0.0
2024-09-02 12:37:00+09:00,311.0,311.0,311.0,311.0,20,0.0,0.0
2024-09-02 12:39:00+09:00,311.0,311.0,311.0,311.0,54,0.0,0.0
2024-09-02 12:43:00+09:00,309.0,309.0,309.0,309.0,2226,0.0,0.0
2024-09-02 12:44:00+09:00,309.0,309.0,309.0,309.0,0,0.0,0.0
2024-09-02 12:46:00+09:00,308.0,308.0,306.0,306.0,47508,0.0,0.0
2024-09-02 12:53:00+09:00,311.0,311.0,311.0,311.0,0,0.0,0.0
2024-09-02 12:54:00+09:00,311.0,311.0,311.0,311.0,590,0.0,0.0
2024-09-02 13:00:00+09:00,310.0,310.0,310.0,310.0,0,0.0,0.0
2024-09-02 13:01:00+09:00,310.0,310.0,310.0,310.0,77,0.0,0.0
2024-09-02 13:02:00+09:00,311.0,311.0,310.0,310.0,1060,0.0,0.0
2024-09-02 13:08:00+09:00,308.0,308.0,308.0,308.0,80,0.0,0.0
2024-09-02 13:13:00+09:00,309.0,309.0,309.0,309.0,0,0.0,0.0
2024-09-02 13:15:00+09:00,310.0,310.0,310.0,310.0,5435,0.0,0.0
2024-09-02 13:20:00+09:00,311.0,311.0,311.0,311.0,3968,0.0,0.0
2024-09-02 13:22:00+09:00,311.0,311.0,311.0,311.0,6,0.0,0.0
2024-09-02 13:23:00+09:00,311.0,311.0,311.0,311.0,74,0.0,0.0
2024-09-02 13:27:00+09:00,311.0,311.0,311.0,311.0,70,0.0,0.0
2024-09-02 13:28:00+09:00,311.0,311.0,311.0,311.0,313579,0.0,0.0
2024-09-02 13:39:00+09:00,311.0,311.0,311.0,311.0,0,0.0,0.0
2024-09-02 13:40:00+09:00,310.0,310.0,310.0,310.0,14880,0.0,0.0
2024-09-02 13:42:00+09:00,311.0,311.0,311.0,311.0,0,0.0,0.0
2024-09-02 13:47:00+09:00,311.0,311.0,311.0,311.0,2,0.0,0.0
2024-09-02 13:49:00+09:00,310.0,310.0,310.0,310.0,1999,0.0,0.0
2024-09-02 13:50:00+09:00,311.0,311.0,311.0,311.0,0,0.0,0.0
2024-09-02 13:56:00+09:00,311.0,311.0,311.0,311.0,46,0.0,0.0
2024-09-02 13:59:00+09:00,311.0,311.0,311.0,311.0,71,0.0,0.0
2024-09-02 14:00:00+09:00,311.0,311.0,311.0,311.0,0,0.0,0.0
2024-09-02 14:02:00+09:00,311.0,311.0,311.0,311.0,151,0.0,0.0
2024-09-02 14:06:00+09:00,311.0,311.0,311.0,311.0,160,0.0,0.0
2024-09-02 14:14:00+09:00,310.0,310.0,310.0,310.0,1110,0.0,0.0
2024-09-02 14:16:00+09:00,310.0,310.0,310.0,310.0,0,0.0,0.0
2024-09-02 14:17:00+09:00,310.0,310.0,310.0,310.0,0,0.0,0.0
2024-09-02 14:18:00+09:00,310.0,310.0,310.0,310.0,149,0.0,0.0
2024-09-02 14:20:00+09:00,310.0,310.0,310.0,310.0,968,0.0,0.0
2024-09-02 14:21:00+09:00,310.0,310.0,310.0,310.0,2097,0.0,0.0
2024-09-02 14:23:00+09:00,310.0,310.0,310.0,310.0,636,0.0,0.0
2024-09-02 14:27:00+09:00,311.0,311.0,311.0,311.0,0,0.0,0.0
2024-09-02 14:30:00+09:00,311.0,311.0,311.0,311.0,0,0.0,0.0
2024-09-02 14:31:00+09:00,310.0,310.0,310.0,310.0,999,0.0,0.0
2024-09-02 14:32:00+09:00,310.0,310.0,310.0,310.0,52,0.0,0.0
2024-09-02 14:33:00+09:00,310.0,312.0,310.0,312.0,18553,0.0,0.0
2024-09-02 14:34:00+09:00,314.0,320.0,314.0,320.0,1321,0.0,0.0
2024-09-02 14:35:00+09:00,316.0,316.0,315.0,315.0,5743,0.0,0.0
2024-09-02 14:36:00+09:00,319.0,319.0,319.0,319.0,0,0.0,0.0
2024-09-02 14:37:00+09:00,319.0,319.0,315.0,318.0,3487,0.0,0.0
2024-09-02 14:38:00+09:00,318.0,318.0,314.0,314.0,89,0.0,0.0
2024-09-02 14:40:00+09:00,312.0,312.0,312.0,312.0,421,0.0,0.0
2024-09-02 14:41:00+09:00,310.0,310.0,310.0,310.0,1578,0.0,0.0
2024-09-02 14:42:00+09:00,310.0,310.0,309.0,309.0,450,0.0,0.0
2024-09-02 14:43:00+09:00,312.0,312.0,312.0,312.0,0,0.0,0.0
2024-09-02 14:44:00+09:00,312.0,312.0,312.0,312.0,158,0.0,0.0
2024-09-02 14:45:00+09:00,312.0,312.0,312.0,312.0,290,0.0,0.0
2024-09-02 14:47:00+09:00,313.0,313.0,313.0,313.0,300,0.0,0.0
2024-09-02 14:49:00+09:00,313.0,313.0,313.0,313.0,0,0.0,0.0
2024-09-02 14:50:00+09:00,313.0,313.0,313.0,313.0,9,0.0,0.0
2024-09-02 14:52:00+09:00,310.0,310.0,310.0,310.0,59,0.0,0.0
2024-09-02 14:53:00+09:00,310.0,313.0,310.0,313.0,846,0.0,0.0
2024-09-02 14:54:00+09:00,310.0,313.0,310.0,313.0,1050,0.0,0.0
2024-09-02 14:56:00+09:00,310.0,310.0,310.0,310.0,590,0.0,0.0
2024-09-02 14:57:00+09:00,311.0,311.0,311.0,311.0,13,0.0,0.0
2024-09-03 09:00:00+09:00,313.0,313.0,313.0,313.0,9802,0.0,0.0
2024-09-03 09:01:00+09:00,310.0,310.0,310.0,310.0,5790,0.0,0.0
2024-09-03 09:02:00+09:00,310.0,311.0,310.0,310.0,0,0.0,0.0
2024-09-03 09:03:00+09:00,311.0,311.0,310.0,310.0,2258,0.0,0.0
2024-09-03 09:04:00+09:00,310.0,310.0,308.0,309.0,3200,0.0,0.0
2024-09-03 09:05:00+09:00,309.0,309.0,309.0,309.0,16862,0.0,0.0
2024-09-03 09:07:00+09:00,309.0,309.0,309.0,309.0,0,0.0,0.0
2024-09-03 09:08:00+09:00,309.0,312.0,309.0,312.0,18465,0.0,0.0
2024-09-03 09:09:00+09:00,313.0,314.0,313.0,314.0,5467,0.0,0.0
2024-09-03 09:10:00+09:00,314.0,320.0,314.0,320.0,26883,0.0,0.0
2024-09-03 09:11:00+09:00,320.0,320.0,317.0,317.0,12257,0.0,0.0
2024-09-03 09:12:00+09:00,317.0,317.0,317.0,317.0,0,0.0,0.0
2024-09-03 09:13:00+09:00,317.0,319.0,317.0,317.0,1954,0.0,0.0
2024-09-03 09:14:00+09:00,317.0,317.0,316.0,316.0,12374,0.0,0.0
2024-09-03 09:15:00+09:00,313.0,313.0,313.0,313.0,0,0.0,0.0
2024-09-03 09:16:00+09:00,314.0,316.0,314.0,316.0,130,0.0,0.0
2024-09-03 09:17:00+09:00,316.0,317.0,316.0,317.0,7,0.0,0.0
2024-09-03 09:18:00+09:00,317.0,318.0,317.0,318.0,199,0.0,0.0
2024-09-03 09:22:00+09:00,318.0,318.0,318.0,318.0,2449,0.0,0.0
2024-09-03 09:23:00+09:00,318.0,318.0,315.0,315.0,1657,0.0,0.0
2024-09-03 09:24:00+09:00,319.0,319.0,319.0,319.0,617,0.0,0.0
2024-09-03 09:25:00+09:00,319.0,319.0,319.0,319.0,0,0.0,0.0
2024-09-03 09:26:00+09:00,319.0,319.0,319.0,319.0,1,0.0,0.0
2024-09-03 09:27:00+09:00,319.0,319.0,319.0,319.0,3,0.0,0.0
2024-09-03 09:28:00+09:00,317.0,319.0,315.0,319.0,87,0.0,0.0
2024-09-03 09:29:00+09:00,319.0,319.0,319.0,319.0,0,0.0,0.0
2024-09-03 09:32:00+09:00,319.0,319.0,319.0,319.0,3682,0.0,0.0
2024-09-03 09:35:00+09:00,319.0,319.0,319.0,319.0,19732,0.0,0.0
2024-09-03 09:36:00+09:00,319.0,319.0,319.0,319.0,0,0.0,0.0
2024-09-03 09:37:00+09:00,319.0,319.0,319.0,319.0,0,0.0,0.0
2024-09-03 09:38:00+09:00,320.0,320.0,318.0,318.0,45,0.0,0.0
2024-09-03 09:39:00+09:00,320.0,320.0,320.0,320.0,996,0.0,0.0
2024-09-03 09:40:00+09:00,320.0,320.0,320.0,320.0,1551,0.0,0.0
2024-09-03 09:41:00+09:00,321.0,323.0,321.0,323.0,4328,0.0,0.0
2024-09-03 09:42:00+09:00,324.0,326.0,324.0,326.0,23926,0.0,0.0
2024-09-03 09:43:00+09:00,326.0,328.0,325.0,325.0,31359,0.0,0.0
2024-09-03 09:45:00+09:00,324.0,325.0,324.0,325.0,4059,0.0,0.0
2024-09-03 09:46:00+09:00,325.0,325.0,325.0,325.0,11007,0.0,0.0
2024-09-03 09:47:00+09:00,325.0,327.0,325.0,327.0,13128,0.0,0.0
2024-09-03 09:48:00+09:00,327.0,328.0,327.0,328.0,869,0.0,0.0
2024-09-03 09:51:00+09:00,327.0,327.0,327.0,327.0,170,0.0,0.0
2024-09-03 09:52:00+09:00,327.0,327.0,325.0,325.0,168,0.0,0.0
2024-09-03 09:53:00+09:00,325.0,327.0,325.0,327.0,977,0.0,0.0
2024-09-03 09:54:00+09:00,327.0,327.0,326.0,326.0,0,0.0,0.0
2024-09-03 09:55:00+09:00,326.0,326.0,325.0,325.0,13052,0.0,0.0
2024-09-03 09:56:00+09:00,326.0,340.0,326.0,340.0,64876,0.0,0.0
2024-09-03 09:57:00+09:00,340.0,344.0,340.0,344.0,2397,0.0,0.0
2024-09-03 09:59:00+09:00,344.0,344.0,336.0,338.0,68630,0.0,0.0
2024-09-03 10:00:00+09:00,340.0,340.0,331.0,335.0,23126,0.0,0.0
2024-09-03 10:01:00+09:00,334.0,334.0,331.0,331.0,17833,0.0,0.0
2024-09-03 10:02:00+09:00,331.0,334.0,331.0,333.0,18107,0.0,0.0
2024-09-03 10:03:00+09:00,332.0,333.0,331.0,333.0,7566,0.0,0.0
2024-09-03 10:04:00+09:00,333.0,333.0,332.0,332.0,815,0.0,0.0
2024-09-03 10:05:00+09:00,332.0,333.0,330.0,330.0,4074,0.0,0.0
2024-09-03 10:06:00+09:00,330.0,330.0,325.0,326.0,18752,0.0,0.0
2024-09-03 10:07:00+09:00,325.0,329.0,325.0,326.0,8205,0.0,0.0
2024-09-03 10:08:00+09:00,326.0,326.0,326.0,326.0,10066,0.0,0.0
2024-09-03 10:09:00+09:00,327.0,328.0,325.0,328.0,612,0.0,0.0
2024-09-03 10:10:00+09:00,328.0,331.0,327.0,331.0,952,0.0,0.0
2024-09-03 10:11:00+09:00,331.0,337.0,331.0,331.0,9277,0.0,0.0
2024-09-03 10:12:00+09:00,335.0,335.0,329.0,331.0,9251,0.0,0.0
2024-09-03 10:13:00+09:00,328.0,329.0,327.0,329.0,992,0.0,0.0
2024-09-03 10:14:00+09:00,329.0,329.0,329.0,329.0,1012,0.0,0.0
2024-09-03 10:15:00+09:00,329.0,329.0,328.0,329.0,1372,0.0,0.0
2024-09-03 10:16:00+09:00,328.0,329.0,327.0,327.0,1131,0.0,0.0
2024-09-03 10:17:00+09:00,329.0,329.0,325.0,325.0,8211,0.0,0.0
2024-09-03 10:18:00+09:00,329.0,329.0,329.0,329.0,0,0.0,0.0
2024-09-03 10:19:00+09:00,329.0,329.0,329.0,329.0,4654,0.0,0.0
2024-09-03 10:20:00+09:00,329.0,332.0,326.0,332.0,6632,0.0,0.0
2024-09-03 10:21:00+09:00,332.0,332.0,329.0,329.0,0,0.0,0.0
2024-09-03 10:22:00+09:00,331.0,331.0,326.0,330.0,3600,0.0,0.0
2024-09-03 10:23:00+09:00,330.0,330.0,326.0,329.0,1021,0.0,0.0
2024-09-03 10:24:00+09:00,327.0,334.0,326.0,334.0,11374,0.0,0.0
2024-09-03 10:25:00+09:00,331.0,331.0,331.0,331.0,0,0.0,0.0
2024-09-03 10:26:00+09:00,331.0,331.0,330.0,330.0,1672,0.0,0.0
2024-09-03 10:27:00+09:00,330.0,330.0,326.0,326.0,7576,0.0,0.0
2024-09-03 10:28:00+09:00,326.0,327.0,325.0,327.0,10649,0.0,0.0
2024-09-03 10:29:00+09:00,327.0,327.0,325.0,325.0,1271,0.0,0.0
2024-09-03 10:30:00+09:00,325.0,325.0,323.0,323.0,1090,0.0,0.0
2024-09-03 10:31:00+09:00,326.0,326.0,322.0,322.0,16411,0.0,0.0
2024-09-03 10:32:00+09:00,322.0,323.0,322.0,322.0,882,0.0,0.0
2024-09-03 10:34:00+09:00,326.0,327.0,326.0,327.0,10002,0.0,0.0
2024-09-03 10:35:00+09:00,324.0,324.0,324.0,324.0,1,0.0,0.0
2024-09-03 10:36:00+09:00,324.0,324.0,324.0,324.0,93,0.0,0.0
2024-09-03 10:38:00+09:00,324.0,324.0,323.0,323.0,1474,0.0,0.0
2024-09-03 10:39:00+09:00,324.0,324.0,323.0,323.0,2742,0.0,0.0
2024-09-03 10:41:00+09:00,323.0,323.0,323.0,323.0,199,0.0,0.0
2024-09-03 10:42:00+09:00,323.0,324.0,323.0,324.0,2100,0.0,0.0
2024-09-03 10:43:00+09:00,322.0,322.0,321.0,321.0,1963,0.0,0.0
2024-09-03 10:44:00+09:00,321.0,321.0,319.0,319.0,14363,0.0,0.0
2024-09-03 10:45:00+09:00,319.0,319.0,319.0,319.0,8743,0.0,0.0
2024-09-03 10:46:00+09:00,320.0,321.0,319.0,319.0,10243,0.0,0.0
2024-09-03 10:47:00+09:00,319.0,319.0,319.0,319.0,9122,0.0,0.0
2024-09-03 10:48:00+09:00,319.0,321.0,319.0,319.0,1057,0.0,0.0
2024-09-03 10:49:00+09:00,319.0,321.0,319.0,321.0,0,0.0,0.0
2024-09-03 10:50:00+09:00,321.0,321.0,321.0,321.0,900,0.0,0.0
2024-09-03 10:52:00+09:00,321.0,321.0,321.0,321.0,0,0.0,0.0
2024-09-03 10:53:00+09:00,322.0,322.0,322.0,322.0,451,0.0,0.0
2024-09-03 10:54:00+09:00,322.0,323.0,322.0,323.0,238,0.0,0.0
2024-09-03 10:55:00+09:00,323.0,323.0,323.0,323.0,2,0.0,0.0
2024-09-03 10:56:00+09:00,323.0,325.0,323.0,325.0,12538,0.0,0.0
2024-09-03 10:57:00+09:00,325.0,325.0,325.0,325.0,790,0.0,0.0
2024-09-03 11:00:00+09:00,324.0,324.0,324.0,324.0,0,0.0,0.0
2024-09-03 11:01:00+09:00,323.0,325.0,323.0,325.0,2695,0.0,0.0
2024-09-03 11:02:00+09:00,325.0,325.0,325.0,325.0,0,0.0,0.0
2024-09-03 11:03:00+09:00,325.0,325.0,325.0,325.0,4,0.0,0.0
2024-09-03 11:05:00+09:00,325.0,325.0,325.0,325.0,9128,0.0,0.0
2024-09-03 11:06:00+09:00,326.0,326.0,323.0,323.0,185,0.0,0.0
2024-09-03 11:08:00+09:00,323.0,323.0,323.0,323.0,3080,0.0,0.0
2024-09-03 11:09:00+09:00,323.0,323.0,323.0,323.0,0,0.0,0.0
2024-09-03 11:10:00+09:00,322.0,324.0,322.0,324.0,247,0.0,0.0
2024-09-03 11:12:00+09:00,324.0,324.0,324.0,324.0,3,0.0,0.0
2024-09-03 11:13:00+09:00,324.0,324.0,324.0,324.0,1,0.0,0.0
2024-09-03 11:14:00+09:00,324.0,324.0,324.0,324.0,18258,0.0,0.0
2024-09-03 11:16:00+09:00,324.0,324.0,324.0,324.0,0,0.0,0.0
2024-09-03 11:18:00+09:00,324.0,324.0,324.0,324.0,2945,0.0,0.0
2024-09-03 11:21:00+09:00,324.0,324.0,324.0,324.0,2985,0.0,0.0
2024-09-03 11:23:00+09:00,324.0,324.0,324.0,324.0,1100,0.0,0.0
2024-09-03 11:25:00+09:00,325.0,325.0,325.0,325.0,0,0.0,0.0
2024-09-03 11:26:00+09:00,324.0,325.0,324.0,325.0,0,0.0,0.0
2024-09-03 11:28:00+09:00,325.0,325.0,325.0,325.0,2361,0.0,0.0
2024-09-03 11:29:00+09:00,325.0,325.0,325.0,325.0,0,0.0,0.0
2024-09-03 11:30:00+09:00,325.0,325.0,321.0,321.0,27911,0.0,0.0
2024-09-03 11:31:00+09:00,325.0,325.0,325.0,325.0,0,0.0,0.0
2024-09-03 11:32:00+09:00,325.0,325.0,325.0,325.0,3,0.0,0.0
2024-09-03 11:33:00+09:00,325.0,325.0,325.0,325.0,15,0.0,0.0
2024-09-03 11:34:00+09:00,324.0,324.0,324.0,324.0,200,0.0,0.0
2024-09-03 11:35:00+09:00,325.0,325.0,325.0,325.0,700,0.0,0.0
2024-09-03 11:36:00+09:00,325.0,325.0,325.0,325.0,578,0.0,0.0
2024-09-03 11:37:00+09:00,325.0,327.0,325.0,327.0,3504,0.0,0.0
2024-09-03 11:38:00+09:00,327.0,327.0,327.0,327.0,533,0.0,0.0
2024-09-03 11:39:00+09:00,327.0,327.0,327.0,327.0,0,0.0,0.0
2024-09-03 11:41:00+09:00,327.0,327.0,327.0,327.0,1713,0.0,0.0
2024-09-03 11:42:00+09:00,326.0,327.0,326.0,327.0,0,0.0,0.0
2024-09-03 11:43:00+09:00,324.0,327.0,324.0,327.0,18835,0.0,0.0
2024-09-03 11:45:00+09:00,327.0,328.0,327.0,328.0,0,0.0,0.0
2024-09-03 11:46:00+09:00,327.0,327.0,327.0,327.0,279,0.0,0.0
2024-09-03 11:47:00+09:00,327.0,327.0,327.0,327.0,358,0.0,0.0
2024-09-03 11:49:00+09:00,327.0,327.0,327.0,327.0,4858,0.0,0.0
2024-09-03 11:51:00+09:00,327.0,327.0,325.0,325.0,318,0.0,0.0
2024-09-03 11:52:00+09:00,325.0,327.0,325.0,327.0,0,0.0,0.0
2024-09-03 11:53:00+09:00,327.0,327.0,324.0,324.0,4950,0.0,0.0
2024-09-03 11:54:00+09:00,324.0,324.0,324.0,324.0,0,0.0,0.0
2024-09-03 11:55:00+09:00,324.0,324.0,324.0,324.0,3,0.0,0.0
2024-09-03 11:57:00+09:00,323.0,324.0,323.0,324.0,4113,0.0,0.0
2024-09-03 12:01:00+09:00,325.0,325.0,321.0,322.0,7075,0.0,0.0
2024-09-03 12:02:00+09:00,322.0,322.0,322.0,322.0,0,0.0,0.0
2024-09-03 12:03:00+09:00,327.0,327.0,326.0,326.0,11,0.0,0.0
2024-09-03 12:04:00+09:00,326.0,326.0,326.0,326.0,54,0.0,0.0
2024-09-03 12:06:00+09:00,325.0,325.0,325.0,325.0,8,0.0,0.0
2024-09-03 12:07:00+09:00,323.0,323.0,323.0,323.0,0,0.0,0.0
2024-09-03 12:08:00+09:00,323.0,327.0,323.0,327.0,258,0.0,0.0
2024-09-03 12:11:00+09:00,323.0,323.0,323.0,323.0,992,0.0,0.0
2024-09-03 12:16:00+09:00,323.0,323.0,323.0,323.0,0,0.0,0.0
2024-09-03 12:19:00+09:00,324.0,324.0,324.0,324.0,111,0.0,0.0
2024-09-03 12:21:00+09:00,324.0,324.0,324.0,324.0,39,0.0,0.0
2024-09-03 12:22:00+09:00,324.0,324.0,324.0,324.0,20,0.0,0.0
2024-09-03 12:23:00+09:00,324.0,324.0,324.0,324.0,2,0.0,0.0
2024-09-03 12:25:00+09:00,324.0,324.0,324.0,324.0,129,0.0,0.0
2024-09-03 12:26:00+09:00,324.0,324.0,324.0,324.0,1734,0.0,0.0
2024-09-03 12:27:00+09:00,324.0,324.0,324.0,324.0,0,0.0,0.0
2024-09-03 12:28:00+09:00,324.0,324.0,324.0,324.0,0,0.0,0.0
2024-09-03 12:30:00+09:00,325.0,325.0,325.0,325.0,19,0.0,0.0
2024-09-03 12:32:00+09:00,324.0,324.0,324.0,324.0,3990,0.0,0.0
2024-09-03 12:34:00+09:00,324.0,324.0,324.0,324.0,6,0.0,0.0
2024-09-03 12:37:00+09:00,323.0,323.0,323.0,323.0,10017,0.0,0.0
2024-09-03 12:38:00+09:00,321.0,321.0,321.0,321.0,1592,0.0,0.0
2024-09-03 12:39:00+09:00,324.0,324.0,324.0,324.0,0,0.0,0.0
2024-09-03 12:47:00+09:00,322.0,322.0,321.0,321.0,6814,0.0,0.0
2024-09-03 12:48:00+09:00,321.0,321.0,321.0,321.0,2,0.0,0.0
2024-09-03 12:49:00+09:00,321.0,321.0,321.0,321.0,99,0.0,0.0
2024-09-03 12:50:00+09:00,324.0,324.0,324.0,324.0,58,0.0,0.0
2024-09-03 12:51:00+09:00,324.0,324.0,324.0,324.0,0,0.0,0.0
2024-09-03 12:53:00+09:00,324.0,324.0,324.0,324.0,9,0.0,0.0
2024-09-03 12:56:00+09:00,324.0,324.0,321.0,321.0,2045,0.0,0.0
2024-09-03 12:58:00+09:00,321.0,322.0,321.0,321.0,3702,0.0,0.0
2024-09-03 12:59:00+09:00,321.0,321.0,321.0,321.0,0,0.0,0.0
2024-09-03 13:02:00+09:00,324.0,324.0,324.0,324.0,35,0.0,0.0
2024-09-03 13:03:00+09:00,324.0,324.0,324.0,324.0,34,0.0,0.0
2024-09-03 13:04:00+09:00,324.0,324.0,324.0,324.0,20,0.0,0.0
2024-09-03 13:05:00+09:00,324.0,324.0,324.0,324.0,30,0.0,0.0
2024-09-03 13:07:00+09:00,324.0,324.0,324.0,324.0,1563,0.0,0.0
2024-09-03 13:10:00+09:00,322.0,322.0,322.0,322.0,432,0.0,0.0
2024-09-03 13:11:00+09:00,324.0,324.0,324.0,324.0,0,0.0,0.0
2024-09-03 13:12:00+09:00,321.0,321.0,320.0,320.0,3249,0.0,0.0
2024-09-03 13:13:00+09:00,323.0,323.0,323.0,323.0,0,0.0,0.0
2024-09-03 13:15:00+09:00,323.0,323.0,323.0,323.0,1480,0.0,0.0
2024-09-03 13:16:00+09:00,323.0,323.0,323.0,323.0,0,0.0,0.0
2024-09-03 13:19:00+09:00,322.0,322.0,322.0,322.0,12,0.0,0.0
2024-09-03 13:20:00+09:00,321.0,321.0,321.0,321.0,904,0.0,0.0
2024-09-03 13:22:00+09:00,320.0,323.0,320.0,323.0,0,0.0,0.0
2024-09-03 13:23:00+09:00,323.0,323.0,323.0,323.0,70,0.0,0.0
2024-09-03 13:24:00+09:00,323.0,323.0,323.0,323.0,370,0.0,0.0
2024-09-03 13:25:00+09:00,323.0,323.0,323.0,323.0,0,0.0,0.0
2024-09-03 13:27:00+09:00,323.0,323.0,323.0,323.0,3300,0.0,0.0
2024-09-03 13:29:00+09:00,323.0,323.0,323.0,323.0,0,0.0,0.0
2024-09-03 13:30:00+09:00,323.0,323.0,323.0,323.0,190,0.0,0.0
2024-09-03 13:32:00+09:00,323.0,323.0,323.0,323.0,0,0.0,0.0
2024-09-03 13:33:00+09:00,323.0,323.0,323.0,323.0,254,0.0,0.0
2024-09-03 13:34:00+09:00,323.0,323.0,323.0,323.0,8,0.0,0.0
2024-09-03 13:35:00+09:00,323.0,323.0,323.0,323.0,196,0.0,0.0
2024-09-03 13:36:00+09:00,323.0,323.0,323.0,323.0,0,0.0,0.0
2024-09-03 13:40:00+09:00,323.0,323.0,323.0,323.0,160,0.0,0.0
2024-09-03 13:43:00+09:00,322.0,322.0,321.0,321.0,557,0.0,0.0
2024-09-03 13:45:00+09:00,321.0,321.0,321.0,321.0,32,0.0,0.0
2024-09-03 13:47:00+09:00,321.0,321.0,321.0,321.0,150,0.0,0.0
2024-09-03 13:48:00+09:00,321.0,321.0,321.0,321.0,0,0.0,0.0
2024-09-03 13:49:00+09:00,321.0,322.0,321.0,322.0,6,0.0,0.0
2024-09-03 13:51:00+09:00,323.0,323.0,323.0,323.0,10000,0.0,0.0
2024-09-03 13:53:00+09:00,323.0,323.0,323.0,323.0,2266,0.0,0.0
2024-09-03 13:54:00+09:00,324.0,324.0,324.0,324.0,0,0.0,0.0
2024-09-03 13:55:00+09:00,323.0,323.0,323.0,323.0,0,0.0,0.0
2024-09-03 13:56:00+09:00,324.0,324.0,324.0,324.0,3004,0.0,0.0
2024-09-03 13:58:00+09:00,324.0,324.0,324.0,324.0,0,0.0,0.0
2024-09-03 13:59:00+09:00,323.0,323.0,323.0,323.0,1624,0.0,0.0
2024-09-03 14:00:00+09:00,324.0,324.0,323.0,323.0,2157,0.0,0.0
2024-09-03 14:01:00+09:00,323.0,323.0,323.0,323.0,7624,0.0,0.0
2024-09-03 14:02:00+09:00,323.0,323.0,323.0,323.0,0,0.0,0.0
2024-09-03 14:04:00+09:00,324.0,324.0,324.0,324.0,53,0.0,0.0
2024-09-03 14:10:00+09:00,324.0,324.0,324.0,324.0,1300,0.0,0.0
2024-09-03 14:11:00+09:00,324.0,324.0,324.0,324.0,55,0.0,0.0
2024-09-03 14:12:00+09:00,324.0,324.0,324.0,324.0,0,0.0,0.0
2024-09-03 14:13:00+09:00,324.0,324.0,324.0,324.0,0,0.0,0.0
2024-09-03 14:15:00+09:00,323.0,323.0,323.0,323.0,22,0.0,0.0
2024-09-03 14:16:00+09:00,324.0,324.0,324.0,324.0,8,0.0,0.0
2024-09-03 14:17:00+09:00,324.0,324.0,323.0,324.0,2450,0.0,0.0
2024-09-03 14:18:00+09:00,324.0,324.0,324.0,324.0,1033,0.0,0.0
2024-09-03 14:19:00+09:00,323.0,323.0,323.0,323.0,0,0.0,0.0
2024-09-03 14:20:00+09:00,323.0,323.0,323.0,323.0,182,0.0,0.0
2024-09-03 14:21:00+09:00,324.0,324.0,323.0,324.0,2003,0.0,0.0
2024-09-03 14:22:00+09:00,323.0,323.0,323.0,323.0,0,0.0,0.0
2024-09-03 14:23:00+09:00,323.0,323.0,323.0,323.0,114,0.0,0.0
2024-09-03 14:24:00+09:00,323.0,324.0,323.0,324.0,4449,0.0,0.0
2024-09-03 14:25:00+09:00,323.0,324.0,323.0,323.0,53,0.0,0.0
2024-09-03 14:26:00+09:00,323.0,324.0,321.0,324.0,10085,0.0,0.0
2024-09-03 14:28:00+09:00,322.0,324.0,321.0,321.0,1302,0.0,0.0
2024-09-03 14:29:00+09:00,321.0,325.0,321.0,321.0,105,0.0,0.0
2024-09-03 14:30:00+09:00,325.0,325.0,325.0,325.0,16,0.0,0.0
2024-09-03 14:31:00+09:00,322.0,322.0,321.0,321.0,201,0.0,0.0
2024-09-03 14:32:00+09:00,324.0,324.0,321.0,321.0,2000,0.0,0.0
2024-09-03 14:33:00+09:00,321.0,324.0,321.0,324.0,17210,0.0,0.0
2024-09-03 14:34:00+09:00,324.0,324.0,320.0,320.0,19,0.0,0.0
2024-09-03 14:35:00+09:00,321.0,324.0,320.0,324.0,3104,0.0,0.0
2024-09-03 14:36:00+09:00,324.0,324.0,323.0,323.0,50,0.0,0.0
2024-09-03 14:37:00+09:00,320.0,323.0,320.0,323.0,223,0.0,0.0
2024-09-03 14:39:00+09:00,320.0,320.0,318.0,318.0,4905,0.0,0.0
2024-09-03 14:40:00+09:00,321.0,323.0,320.0,323.0,1017,0.0,0.0
2024-09-03 14:41:00+09:00,320.0,323.0,320.0,323.0,5182,0.0,0.0
2024-09-03 14:42:00+09:00,320.0,324.0,320.0,324.0,0,0.0,0.0
2024-09-03 14:44:00+09:00,319.0,319.0,318.0,318.0,22389,0.0,0.0
2024-09-03 14:45:00+09:00,319.0,321.0,318.0,319.0,0,0.0,0.0
2024-09-03 14:46:00+09:00,319.0,321.0,318.0,321.0,6521,0.0,0.0
2024-09-03 14:47:00+09:00,319.0,321.0,319.0,321.0,294,0.0,0.0
2024-09-03 14:48:00+09:00,318.0,318.0,317.0,317.0,5417,0.0,0.0
2024-09-03 14:49:00+09:00,318.0,321.0,318.0,321.0,1946,0.0,0.0
2024-09-03 14:50:00+09:00,321.0,322.0,321.0,322.0,0,0.0,0.0
2024-09-03 14:52:00+09:00,322.0,322.0,322.0,322.0,0,0.0,0.0
2024-09-03 14:54:00+09:00,318.0,318.0,318.0,318.0,80,0.0,0.0
2024-09-03 14:56:00+09:00,318.0,320.0,318.0,320.0,4060,0.0,0.0
2024-09-03 14:57:00+09:00,322.0,322.0,322.0,322.0,0,0.0,0.0
2024-09-03 14:58:00+09:00,322.0,322.0,322.0,322.0,12,0.0,0.0
2024-09-04 09:00:00+09:00,325.0,325.0,319.0,322.0,6833,0.0,0.0
2024-09-04 09:02:00+09:00,321.0,321.0,316.0,316.0,493,0.0,0.0
2024-09-04 09:03:00+09:00,316.0,320.0,316.0,320.0,564,0.0,0.0
2024-09-04 09:04:00+09:00,319.0,319.0,319.0,319.0,2,0.0,0.0
2024-09-04 09:05:00+09:00,319.0,319.0,319.0,319.0,443,0.0,0.0
2024-09-04 09:06:00+09:00,317.0,317.0,317.0,317.0,0,0.0,0.0
2024-09-04 09:07:00+09:00,317.0,318.0,313.0,315.0,5239,0.0,0.0
2024-09-04 09:08:00+09:00,317.0,317.0,317.0,317.0,960,0.0,0.0
2024-09-04 09:09:00+09:00,316.0,316.0,315.0,315.0,2247,0.0,0.0
2024-09-04 09:10:00+09:00,315.0,316.0,315.0,316.0,0,0.0,0.0
2024-09-04 09:11:00+09:00,315.0,315.0,314.0,314.0,1593,0.0,0.0
2024-09-04 09:12:00+09:00,316.0,318.0,316.0,318.0,8406,0.0,0.0
2024-09-04 09:13:00+09:00,317.0,318.0,317.0,318.0,4537,0.0,0.0
2024-09-04 09:14:00+09:00,318.0,319.0,318.0,319.0,7714,0.0,0.0
2024-09-04 09:15:00+09:00,320.0,320.0,319.0,319.0,444,0.0,0.0
2024-09-04 09:16:00+09:00,320.0,321.0,320.0,321.0,3386,0.0,0.0
2024-09-04 09:17:00+09:00,321.0,326.0,321.0,326.0,4860,0.0,0.0
2024-09-04 09:18:00+09:00,324.0,324.0,323.0,323.0,1181,0.0,0.0
2024-09-04 09:19:00+09:00,325.0,325.0,323.0,324.0,112,0.0,0.0
2024-09-04 09:20:00+09:00,320.0,320.0,320.0,320.0,827,0.0,0.0
2024-09-04 09:21:00+09:00,320.0,320.0,318.0,318.0,5702,0.0,0.0
2024-09-04 09:22:00+09:00,319.0,319.0,317.0,318.0,37,0.0,0.0
2024-09-04 09:23:00+09:00,317.0,317.0,315.0,315.0,2554,0.0,0.0
2024-09-04 09:24:00+09:00,315.0,315.0,311.0,311.0,6787,0.0,0.0
2024-09-04 09:25:00+09:00,311.0,311.0,311.0,311.0,11352,0.0,0.0
2024-09-04 09:26:00+09:00,311.0,311.0,309.0,309.0,4299,0.0,0.0
2024-09-04 09:27:00+09:00,308.0,311.0,307.0,307.0,7079,0.0,0.0
2024-09-04 09:28:00+09:00,311.0,313.0,311.0,311.0,7808,0.0,0.0
2024-09-04 09:29:00+09:00,311.0,311.0,311.0,311.0,4900,0.0,0.0
2024-09-04 09:30:00+09:00,311.0,311.0,311.0,311.0,16820,0.0,0.0
2024-09-04 09:31:00+09:00,312.0,315.0,312.0,315.0,0,0.0,0.0
2024-09-04 09:32:00+09:00,313.0,313.0,313.0,313.0,0,0.0,0.0
2024-09-04 09:35:00+09:00,313.0,313.0,313.0,313.0,1293,0.0,0.0
2024-09-04 09:37:00+09:00,312.0,312.0,312.0,312.0,0,0.0,0.0
2024-09-04 09:38:00+09:00,313.0,313.0,311.0,313.0,10526,0.0,0.0
2024-09-04 09:39:00+09:00,313.0,313.0,313.0,313.0,204,0.0,0.0
2024-09-04 09:40:00+09:00,312.0,313.0,312.0,313.0,32,0.0,0.0
2024-09-04 09:41:00+09:00,313.0,313.0,313.0,313.0,1,0.0,0.0
2024-09-04 09:42:00+09:00,312.0,312.0,312.0,312.0,209,0.0,0.0
2024-09-04 09:43:00+09:00,311.0,311.0,311.0,311.0,0,0.0,0.0
2024-09-04 09:44:00+09:00,309.0,311.0,309.0,309.0,156916,0.0,0.0
2024-09-04 09:45:00+09:00,308.0,310.0,308.0,310.0,3481,0.0,0.0
2024-09-04 09:46:00+09:00,310.0,310.0,310.0,310.0,4100,0.0,0.0
2024-09-04 09:47:00+09:00,311.0,311.0,311.0,311.0,5210,0.0,0.0
2024-09-04 09:48:00+09:00,310.0,313.0,310.0,313.0,4264,0.0,0.0
2024-09-04 09:49:00+09:00,316.0,316.0,316.0,316.0,0,0.0,0.0
2024-09-04 09:50:00+09:00,316.0,316.0,316.0,316.0,533,0.0,0.0
2024-09-04 09:51:00+09:00,316.0,316.0,310.0,310.0,4911,0.0,0.0
2024-09-04 09:54:00+09:00,310.0,310.0,309.0,309.0,102087,0.0,0.0
2024-09-04 09:55:00+09:00,314.0,314.0,314.0,314.0,0,0.0,0.0
2024-09-04 09:56:00+09:00,314.0,314.0,309.0,309.0,119,0.0,0.0
2024-09-04 09:57:00+09:00,314.0,314.0,314.0,314.0,0,0.0,0.0
2024-09-04 09:58:00+09:00,314.0,314.0,314.0,314.0,2,0.0,0.0
2024-09-04 09:59:00+09:00,310.0,310.0,310.0,310.0,574,0.0,0.0
2024-09-04 10:02:00+09:00,313.0,313.0,313.0,313.0,1377,0.0,0.0
2024-09-04 10:03:00+09:00,310.0,310.0,310.0,310.0,362,0.0,0.0
2024-09-04 10:05:00+09:00,313.0,313.0,313.0,313.0,0,0.0,0.0
2024-09-04 10:08:00+09:00,311.0,311.0,307.0,307.0,12419,0.0,0.0
2024-09-04 10:10:00+09:00,308.0,308.0,308.0,308.0,433,0.0,0.0
2024-09-04 10:11:00+09:00,310.0,310.0,310.0,310.0,0,0.0,0.0
2024-09-04 10:12:00+09:00,310.0,310.0,310.0,310.0,567,0.0,0.0
2024-09-04 10:13:00+09:00,311.0,311.0,311.0,311.0,0,0.0,0.0
2024-09-04 10:16:00+09:00,311.0,311.0,311.0,311.0,175,0.0,0.0
2024-09-04 10:17:00+09:00,311.0,312.0,311.0,312.0,366,0.0,0.0
2024-09-04 10:18:00+09:00,311.0,311.0,310.0,310.0,365,0.0,0.0
2024-09-04 10:19:00+09:00,312.0,312.0,312.0,312.0,0,0.0,0.0
2024-09-04 10:20:00+09:00,310.0,310.0,307.0,308.0,4576,0.0,0.0
2024-09-04 10:21:00+09:00,309.0,309.0,309.0,309.0,327,0.0,0.0
2024-09-04 10:22:00+09:00,309.0,309.0,309.0,309.0,0,0.0,0.0
2024-09-04 10:23:00+09:00,309.0,309.0,309.0,309.0,362,0.0,0.0
2024-09-04 10:29:00+09:00,311.0,311.0,310.0,310.0,182,0.0,0.0
2024-09-04 10:31:00+09:00,310.0,310.0,306.0,306.0,20537,0.0,0.0
2024-09-04 10:32:00+09:00,306.0,309.0,306.0,307.0,0,0.0,0.0
2024-09-04 10:33:00+09:00,309.0,309.0,308.0,309.0,2110,0.0,0.0
2024-09-04 10:34:00+09:00,310.0,312.0,310.0,312.0,1480,0.0,0.0
2024-09-04 10:35:00+09:00,309.0,311.0,309.0,311.0,0,0.0,0.0
2024-09-04 10:38:00+09:00,311.0,311.0,311.0,311.0,6,0.0,0.0
2024-09-04 10:39:00+09:00,311.0,311.0,311.0,311.0,600,0.0,0.0
2024-09-04 10:40:00+09:00,311.0,311.0,311.0,311.0,534,0.0,0.0
2024-09-04 10:44:00+09:00,312.0,312.0,312.0,312.0,1339,0.0,0.0
2024-09-04 10:46:00+09:00,311.0,311.0,311.0,311.0,0,0.0,0.0
2024-09-04 10:47:00+09:00,312.0,312.0,312.0,312.0,0,0.0,0.0
2024-09-04 10:51:00+09:00,311.0,311.0,309.0,309.0,717,0.0,0.0
2024-09-04 10:53:00+09:00,309.0,309.0,309.0,309.0,362,0.0,0.0
2024-09-04 10:56:00+09:00,310.0,310.0,310.0,310.0,0,0.0,0.0
2024-09-04 10:57:00+09:00,311.0,311.0,311.0,311.0,176,0.0,0.0
2024-09-04 10:59:00+09:00,311.0,311.0,311.0,311.0,1947,0.0,0.0
2024-09-04 11:01:00+09:00,312.0,312.0,312.0,312.0,0,0.0,0.0
2024-09-04 11:02:00+09:00,312.0,312.0,312.0,312.0,205,0.0,0.0
2024-09-04 11:03:00+09:00,311.0,311.0,311.0,311.0,2,0.0,0.0
2024-09-04 11:05:00+09:00,311.0,311.0,310.0,311.0,273,0.0,0.0
2024-09-04 11:06:00+09:00,311.0,311.0,311.0,311.0,72,0.0,0.0
2024-09-04 11:07:00+09:00,312.0,312.0,312.0,312.0,0,0.0,0.0
2024-09-04 11:08:00+09:00,310.0,310.0,310.0,310.0,78,0.0,0.0
2024-09-04 11:11:00+09:00,310.0,310.0,310.0,310.0,0,0.0,0.0
2024-09-04 11:12:00+09:00,312.0,312.0,312.0,312.0,982,0.0,0.0
2024-09-04 11:13:00+09:00,312.0,312.0,312.0,312.0,0,0.0,0.0
2024-09-04 11:14:00+09:00,310.0,310.0,310.0,310.0,360,0.0,0.0
2024-09-04 11:15:00+09:00,310.0,310.0,310.0,310.0,53,0.0,0.0
2024-09-04 11:18:00+09:00,311.0,311.0,311.0,311.0,0,0.0,0.0
2024-09-04 11:19:00+09:00,312.0,312.0,312.0,312.0,331,0.0,0.0
2024-09-04 11:22:00+09:00,312.0,312.0,311.0,311.0,230,0.0,0.0
2024-09-04 11:23:00+09:00,311.0,311.0,311.0,311.0,100,0.0,0.0
2024-09-04 11:24:00+09:00,311.0,311.0,308.0,308.0,7075,0.0,0.0
2024-09-04 11:30:00+09:00,312.0,312.0,312.0,312.0,0,0.0,0.0
2024-09-04 11:31:00+09:00,310.0,310.0,310.0,310.0,0,0.0,0.0
2024-09-04 11:35:00+09:00,310.0,310.0,310.0,310.0,100,0.0,0.0
2024-09-04 11:36:00+09:00,311.0,311.0,311.0,311.0,57,0.0,0.0
2024-09-04 11:37:00+09:00,311.0,311.0,311.0,311.0,172,0.0,0.0
2024-09-04 11:40:00+09:00,311.0,313.0,311.0,313.0,5497,0.0,0.0
2024-09-04 11:43:00+09:00,313.0,313.0,313.0,313.0,32,0.0,0.0
2024-09-04 11:44:00+09:00,313.0,313.0,313.0,313.0,9,0.0,0.0
2024-09-04 11:46:00+09:00,313.0,313.0,313.0,313.0,495,0.0,0.0
2024-09-04 11:50:00+09:00,313.0,313.0,313.0,313.0,103,0.0,0.0
2024-09-04 11:51:00+09:00,313.0,313.0,313.0,313.0,2,0.0,0.0
2024-09-04 11:55:00+09:00,311.0,311.0,311.0,311.0,1478,0.0,0.0
2024-09-04 11:56:00+09:00,311.0,313.0,311.0,313.0,932,0.0,0.0
2024-09-04 11:57:00+09:00,313.0,313.0,313.0,313.0,0,0.0,0.0
2024-09-04 11:58:00+09:00,313.0,313.0,313.0,313.0,681,0.0,0.0
2024-09-04 12:02:00+09:00,313.0,314.0,313.0,314.0,4240,0.0,0.0
2024-09-04 12:06:00+09:00,315.0,315.0,315.0,315.0,10,0.0,0.0
2024-09-04 12:08:00+09:00,314.0,314.0,314.0,314.0,4,0.0,0.0
2024-09-04 12:10:00+09:00,313.0,313.0,313.0,313.0,0,0.0,0.0
2024-09-04 12:11:00+09:00,313.0,313.0,313.0,313.0,60,0.0,0.0
2024-09-04 12:17:00+09:00,311.0,311.0,311.0,311.0,79,0.0,0.0
2024-09-04 12:20:00+09:00,312.0,312.0,312.0,312.0,4,0.0,0.0
2024-09-04 12:21:00+09:00,311.0,312.0,311.0,312.0,2,0.0,0.0
2024-09-04 12:23:00+09:00,311.0,311.0,311.0,311.0,361,0.0,0.0
2024-09-04 12:25:00+09:00,311.0,311.0,311.0,311.0,265,0.0,0.0
2024-09-04 12:26:00+09:00,312.0,312.0,312.0,312.0,0,0.0,0.0
2024-09-04 12:28:00+09:00,311.0,311.0,311.0,311.0,1094,0.0,0.0
2024-09-04 12:29:00+09:00,311.0,311.0,311.0,311.0,0,0.0,0.0
2024-09-04 12:30:00+09:00,312.0,312.0,312.0,312.0,0,0.0,0.0
2024-09-04 12:32:00+09:00,312.0,312.0,312.0,312.0,999,0.0,0.0
2024-09-04 12:36:00+09:00,311.0,312.0,311.0,312.0,10020,0.0,0.0
2024-09-04 12:37:00+09:00,312.0,312.0,312.0,312.0,0,0.0,0.0
2024-09-04 12:38:00+09:00,312.0,312.0,312.0,312.0,195,0.0,0.0
2024-09-04 12:39:00+09:00,312.0,312.0,312.0,312.0,0,0.0,0.0
2024-09-04 12:42:00+09:00,311.0,311.0,311.0,311.0,357,0.0,0.0
2024-09-04 12:43:00+09:00,311.0,311.0,311.0,311.0,0,0.0,0.0
2024-09-04 12:46:00+09:00,311.0,311.0,311.0,311.0,201,0.0,0.0
2024-09-04 12:48:00+09:00,311.0,311.0,311.0,311.0,4000,0.0,0.0
2024-09-04 12:49:00+09:00,312.0,312.0,312.0,312.0,0,0.0,0.0
2024-09-04 12:52:00+09:00,311.0,311.0,311.0,311.0,176,0.0,0.0
2024-09-04 12:53:00+09:00,311.0,311.0,311.0,311.0,1308,0.0,0.0
2024-09-04 12:54:00+09:00,311.0,311.0,311.0,311.0,2181,0.0,0.0
2024-09-04 12:56:00+09:00,311.0,311.0,311.0,311.0,1956,0.0,0.0
2024-09-04 12:57:00+09:00,310.0,311.0,310.0,311.0,299,0.0,0.0
2024-09-04 12:59:00+09:00,311.0,311.0,311.0,311.0,192,0.0,0.0
2024-09-04 13:01:00+09:00,311.0,311.0,311.0,311.0,0,0.0,0.0
2024-09-04 13:04:00+09:00,311.0,311.0,311.0,311.0,4738,0.0,0.0
2024-09-04 13:06:00+09:00,312.0,312.0,312.0,312.0,0,0.0,0.0
2024-09-04 13:08:00+09:00,312.0,312.0,312.0,312.0,474,0.0,0.0
2024-09-04 13:10:00+09:00,311.0,312.0,311.0,311.0,2274,0.0,0.0
2024-09-04 13:12:00+09:00,312.0,312.0,312.0,312.0,0,0.0,0.0
2024-09-04 13:13:00+09:00,312.0,312.0,312.0,312.0,735,0.0,0.0
2024-09-04 13:14:00+09:00,312.0,312.0,312.0,312.0,28,0.0,0.0
2024-09-04 13:15:00+09:00,312.0,312.0,312.0,312.0,0,0.0,0.0
2024-09-04 13:18:00+09:00,311.0,311.0,311.0,311.0,2996,0.0,0.0
2024-09-04 13:21:00+09:00,312.0,312.0,312.0,312.0,5,0.0,0.0
2024-09-04 13:22:00+09:00,312.0,312.0,312.0,312.0,29,0.0,0.0
2024-09-04 13:24:00+09:00,312.0,312.0,312.0,312.0,25,0.0,0.0
2024-09-04 13:25:00+09:00,312.0,312.0,312.0,312.0,606,0.0,0.0
2024-09-04 13:26:00+09:00,311.0,311.0,311.0,311.0,68584,0.0,0.0
2024-09-04 13:27:00+09:00,310.0,310.0,307.0,307.0,33575,0.0,0.0
2024-09-04 13:28:00+09:00,308.0,308.0,308.0,308.0,2155,0.0,0.0
2024-09-04 13:29:00+09:00,308.0,308.0,308.0,308.0,1342,0.0,0.0
2024-09-04 13:30:00+09:00,309.0,309.0,309.0,309.0,0,0.0,0.0
2024-09-04 13:31:00+09:00,308.0,309.0,308.0,309.0,4047,0.0,0.0
2024-09-04 13:32:00+09:00,309.0,309.0,307.0,307.0,23843,0.0,0.0
2024-09-04 13:35:00+09:00,308.0,308.0,308.0,308.0,1400,0.0,0.0
2024-09-04 13:37:00+09:00,310.0,310.0,310.0,310.0,9202,0.0,0.0
2024-09-04 13:40:00+09:00,310.0,310.0,310.0,310.0,0,0.0,0.0
2024-09-04 13:43:00+09:00,308.0,308.0,306.0,306.0,71159,0.0,0.0
2024-09-04 13:44:00+09:00,307.0,307.0,307.0,307.0,0,0.0,0.0
2024-09-04 13:45:00+09:00,307.0,307.0,307.0,307.0,2,0.0,0.0
2024-09-04 13:46:00+09:00,306.0,306.0,306.0,306.0,998,0.0,0.0
2024-09-04 13:49:00+09:00,309.0,309.0,309.0,309.0,4878,0.0,0.0
2024-09-04 13:52:00+09:00,307.0,307.0,307.0,307.0,0,0.0,0.0
2024-09-04 13:53:00+09:00,306.0,308.0,300.0,308.0,67822,0.0,0.0
2024-09-04 13:54:00+09:00,305.0,306.0,305.0,306.0,0,0.0,0.0
2024-09-04 13:55:00+09:00,306.0,306.0,306.0,306.0,1343,0.0,0.0
2024-09-04 13:56:00+09:00,306.0,306.0,306.0,306.0,1071,0.0,0.0
2024-09-04 13:57:00+09:00,307.0,307.0,307.0,307.0,0,0.0,0.0
2024-09-04 13:58:00+09:00,305.0,307.0,305.0,307.0,203,0.0,0.0
2024-09-04 13:59:00+09:00,304.0,306.0,304.0,306.0,10318,0.0,0.0
2024-09-04 14:01:00+09:00,305.0,305.0,303.0,303.0,1944,0.0,0.0
2024-09-04 14:02:00+09:00,303.0,303.0,302.0,303.0,4359,0.0,0.0
2024-09-04 14:03:00+09:00,303.0,305.0,303.0,305.0,3767,0.0,0.0
2024-09-04 14:04:00+09:00,306.0,306.0,306.0,306.0,190,0.0,0.0
2024-09-04 14:05:00+09:00,306.0,306.0,305.0,305.0,601,0.0,0.0
2024-09-04 14:07:00+09:00,305.0,305.0,305.0,305.0,3544,0.0,0.0
2024-09-04 14:08:00+09:00,306.0,306.0,306.0,306.0,2,0.0,0.0
2024-09-04 14:09:00+09:00,306.0,306.0,306.0,306.0,44,0.0,0.0
2024-09-04 14:10:00+09:00,306.0,306.0,306.0,306.0,14,0.0,0.0
2024-09-04 14:11:00+09:00,303.0,303.0,303.0,303.0,0,0.0,0.0
2024-09-04 14:12:00+09:00,303.0,305.0,303.0,305.0,108,0.0,0.0
2024-09-04 14:14:00+09:00,305.0,306.0,305.0,306.0,4206,0.0,0.0
2024-09-04 14:16:00+09:00,305.0,305.0,305.0,305.0,0,0.0,0.0
2024-09-04 14:17:00+09:00,306.0,308.0,306.0,308.0,572,0.0,0.0
2024-09-04 14:18:00+09:00,307.0,307.0,307.0,307.0,6100,0.0,0.0
2024-09-04 14:19:00+09:00,308.0,308.0,308.0,308.0,0,0.0,0.0
2024-09-04 14:20:00+09:00,308.0,308.0,306.0,306.0,11015,0.0,0.0
2024-09-04 14:21:00+09:00,306.0,306.0,305.0,305.0,6167,0.0,0.0
2024-09-04 14:22:00+09:00,305.0,307.0,305.0,307.0,0,0.0,0.0
2024-09-04 14:23:00+09:00,305.0,305.0,305.0,305.0,2000,0.0,0.0
2024-09-04 14:25:00+09:00,305.0,305.0,305.0,305.0,0,0.0,0.0
2024-09-04 14:28:00+09:00,305.0,305.0,305.0,305.0,1478,0.0,0.0
2024-09-04 14:29:00+09:00,304.0,306.0,304.0,306.0,237,0.0,0.0
2024-09-04 14:31:00+09:00,306.0,306.0,306.0,306.0,0,0.0,0.0
2024-09-04 14:33:00+09:00,304.0,305.0,298.0,303.0,55287,0.0,0.0
2024-09-04 14:34:00+09:00,302.0,302.0,302.0,302.0,48,0.0,0.0
2024-09-04 14:36:00+09:00,301.0,303.0,301.0,302.0,5763,0.0,0.0
2024-09-04 14:37:00+09:00,302.0,303.0,302.0,303.0,0,0.0,0.0
2024-09-04 14:38:00+09:00,303.0,303.0,303.0,303.0,16,0.0,0.0
2024-09-04 14:39:00+09:00,303.0,304.0,303.0,304.0,3030,0.0,0.0
2024-09-04 14:40:00+09:00,304.0,304.0,304.0,304.0,0,0.0,0.0
2024-09-04 14:41:00+09:00,303.0,303.0,303.0,303.0,19952,0.0,0.0
2024-09-04 14:42:00+09:00,302.0,302.0,302.0,302.0,0,0.0,0.0
2024-09-04 14:43:00+09:00,303.0,303.0,302.0,302.0,21,0.0,0.0
2024-09-04 14:45:00+09:00,301.0,301.0,300.0,300.0,37678,0.0,0.0
2024-09-04 14:46:00+09:00,301.0,301.0,301.0,301.0,0,0.0,0.0
2024-09-04 14:47:00+09:00,300.0,300.0,300.0,300.0,2501,0.0,0.0
2024-09-04 14:48:00+09:00,300.0,300.0,299.0,300.0,5620,0.0,0.0
2024-09-04 14:49:00+09:00,299.0,300.0,299.0,300.0,1001,0.0,0.0
2024-09-04 14:50:00+09:00,299.0,299.0,298.0,298.0,618,0.0,0.0
2024-09-04 14:51:00+09:00,299.0,299.0,298.0,298.0,1921,0.0,0.0
2024-09-04 14:52:00+09:00,297.0,300.0,297.0,300.0,80382,0.0,0.0
2024-09-04 14:54:00+09:00,298.0,300.0,298.0,300.0,3592,0.0,0.0
2024-09-04 14:55:00+09:00,298.0,298.0,297.0,297.0,2668,0.0,0.0
2024-09-04 14:56:00+09:00,298.0,300.0,298.0,300.0,10009,0.0,0.0
2024-09-04 14:57:00+09:00,300.0,300.0,298.0,300.0,2597,0.0,0.0
2024-09-04 14:58:00+09:00,298.0,300.0,298.0,300.0,2103,0.0,0.0
2024-09-04 14:59:00+09:00,297.0,297.0,296.0,296.0,20381,0.0,0.0
