Datetime,Open,High,Low,Close,Volume,Dividends,Stock Splits
2024-09-02 09:00:00+09:00,55100.0,55400.0,55100.0,55100.0,0,0.0,0.0
2024-09-02 09:01:00+09:00,55100.0,55100.0,54800.0,54800.0,829,0.0,0.0
2024-09-02 09:02:00+09:00,54800.0,54800.0,54700.0,54800.0,663,0.0,0.0
2024-09-02 09:03:00+09:00,54900.0,54900.0,54700.0,54700.0,92,0.0,0.0
2024-09-02 09:04:00+09:00,54700.0,54700.0,54300.0,54300.0,398,0.0,0.0
2024-09-02 09:05:00+09:00,54300.0,54500.0,54200.0,54500.0,2148,0.0,0.0
2024-09-02 09:06:00+09:00,54700.0,54700.0,54600.0,54600.0,0,0.0,0.0
2024-09-02 09:07:00+09:00,54500.0,54500.0,54300.0,54300.0,126,0.0,0.0
2024-09-02 09:08:00+09:00,54300.0,54300.0,54300.0,54300.0,40,0.0,0.0
2024-09-02 09:09:00+09:00,54300.0,54400.0,53900.0,54200.0,1071,0.0,0.0
2024-09-02 09:10:00+09:00,54200.0,54300.0,54100.0,54300.0,34,0.0,0.0
2024-09-02 09:11:00+09:00,54200.0,54300.0,54200.0,54300.0,116,0.0,0.0
2024-09-02 09:12:00+09:00,54300.0,54300.0,54300.0,54300.0,240,0.0,0.0
2024-09-02 09:13:00+09:00,54400.0,54400.0,54400.0,54400.0,91,0.0,0.0
2024-09-02 09:14:00+09:00,54400.0,54400.0,54300.0,54400.0,12,0.0,0.0
2024-09-02 09:15:00+09:00,54400.0,54400.0,54400.0,54400.0,293,0.0,0.0
2024-09-02 09:16:00+09:00,54400.0,54400.0,54400.0,54400.0,0,0.0,0.0
2024-09-02 09:17:00+09:00,54500.0,54500.0,54500.0,54500.0,9,0.0,0.0
2024-09-02 09:18:00+09:00,54700.0,54700.0,54500.0,54700.0,20,0.0,0.0
2024-09-02 09:19:00+09:00,54500.0,54500.0,54500.0,54500.0,0,0.0,0.0
2024-09-02 09:20:00+09:00,54600.0,54600.0,54600.0,54600.0,3,0.0,0.0
2024-09-02 09:21:00+09:00,54600.0,54600.0,54600.0,54600.0,39,0.0,0.0
2024-09-02 09:22:00+09:00,54600.0,54600.0,54600.0,54600.0,31,0.0,0.0
2024-09-02 09:23:00+09:00,54600.0,54600.0,54600.0,54600.0,0,0.0,0.0
2024-09-02 09:24:00+09:00,54500.0,54500.0,54500.0,54500.0,23,0.0,0.0
2024-09-02 09:25:00+09:00,54500.0,54500.0,54500.0,54500.0,158,0.0,0.0
2024-09-02 09:26:00+09:00,54600.0,54600.0,54600.0,54600.0,0,0.0,0.0
2024-09-02 09:29:00+09:00,54600.0,54600.0,54600.0,54600.0,0,0.0,0.0
2024-09-02 09:30:00+09:00,54500.0,54500.0,54500.0,54500.0,13,0.0,0.0
2024-09-02 09:31:00+09:00,54500.0,54500.0,54500.0,54500.0,0,0.0,0.0
2024-09-02 09:32:00+09:00,54500.0,54500.0,54500.0,54500.0,57,0.0,0.0
2024-09-02 09:33:00+09:00,54500.0,54500.0,54500.0,54500.0,13,0.0,0.0
2024-09-02 09:34:00+09:00,54500.0,54600.0,54500.0,54600.0,0,0.0,0.0
2024-09-02 09:35:00+09:00,54500.0,54500.0,54400.0,54400.0,1497,0.0,0.0
2024-09-02 09:36:00+09:00,54400.0,54400.0,54300.0,54300.0,74,0.0,0.0
2024-09-02 09:37:00+09:00,54400.0,54400.0,54400.0,54400.0,0,0.0,0.0
2024-09-02 09:38:00+09:00,54300.0,54300.0,54200.0,54200.0,358,0.0,0.0
2024-09-02 09:39:00+09:00,54300.0,54300.0,54200.0,54200.0,0,0.0,0.0
2024-09-02 09:40:00+09:00,54200.0,54300.0,54200.0,54300.0,0,0.0,0.0
2024-09-02 09:41:00+09:00,54200.0,54200.0,54200.0,54200.0,75,0.0,0.0
2024-09-02 09:42:00+09:00,54200.0,54200.0,54200.0,54200.0,93,0.0,0.0
2024-09-02 09:43:00+09:00,54200.0,54200.0,54100.0,54100.0,3,0.0,0.0
2024-09-02 09:44:00+09:00,54100.0,54200.0,54100.0,54200.0,91,0.0,0.0
2024-09-02 09:45:00+09:00,54200.0,54200.0,54000.0,54000.0,324,0.0,0.0
2024-09-02 09:46:00+09:00,54100.0,54100.0,54000.0,54000.0,84,0.0,0.0
2024-09-02 09:47:00+09:00,54100.0,54100.0,54000.0,54100.0,36,0.0,0.0
2024-09-02 09:48:00+09:00,54100.0,54100.0,54000.0,54000.0,55,0.0,0.0
2024-09-02 09:49:00+09:00,54000.0,54000.0,54000.0,54000.0,138,0.0,0.0
2024-09-02 09:50:00+09:00,53900.0,53900.0,53900.0,53900.0,13,0.0,0.0
2024-09-02 09:51:00+09:00,54000.0,54000.0,53900.0,53900.0,150,0.0,0.0
2024-09-02 09:52:00+09:00,53900.0,54100.0,53900.0,54100.0,722,0.0,0.0
2024-09-02 09:53:00+09:00,54100.0,54100.0,53900.0,53900.0,85,0.0,0.0
2024-09-02 09:54:00+09:00,53900.0,53900.0,53900.0,53900.0,0,0.0,0.0
2024-09-02 09:56:00+09:00,53900.0,54000.0,53900.0,54000.0,24,0.0,0.0
2024-09-02 09:57:00+09:00,54000.0,54000.0,53900.0,53900.0,85,0.0,0.0
2024-09-02 09:58:00+09:00,54000.0,54000.0,54000.0,54000.0,0,0.0,0.0
2024-09-02 09:59:00+09:00,54000.0,54000.0,53900.0,54000.0,361,0.0,0.0
2024-09-02 10:00:00+09:00,54000.0,54100.0,53900.0,54000.0,121,0.0,0.0
2024-09-02 10:01:00+09:00,53900.0,54100.0,53900.0,53900.0,46,0.0,0.0
2024-09-02 10:02:00+09:00,53900.0,53900.0,53900.0,53900.0,60,0.0,0.0
2024-09-02 10:03:00+09:00,53900.0,53900.0,53900.0,53900.0,67,0.0,0.0
2024-09-02 10:04:00+09:00,53900.0,53900.0,53900.0,53900.0,0,0.0,0.0
2024-09-02 10:05:00+09:00,54000.0,54000.0,53800.0,53800.0,415,0.0,0.0
2024-09-02 10:06:00+09:00,53800.0,53900.0,53800.0,53900.0,19,0.0,0.0
2024-09-02 10:07:00+09:00,53900.0,53900.0,53900.0,53900.0,0,0.0,0.0
2024-09-02 10:08:00+09:00,53900.0,53900.0,53800.0,53900.0,45,0.0,0.0
2024-09-02 10:09:00+09:00,53900.0,53900.0,53800.0,53800.0,29,0.0,0.0
2024-09-02 10:10:00+09:00,53900.0,53900.0,53900.0,53900.0,0,0.0,0.0
2024-09-02 10:11:00+09:00,53800.0,53800.0,53800.0,53800.0,61,0.0,0.0
2024-09-02 10:12:00+09:00,53800.0,53900.0,53800.0,53800.0,45,0.0,0.0
2024-09-02 10:13:00+09:00,53800.0,53800.0,53800.0,53800.0,377,0.0,0.0
2024-09-02 10:14:00+09:00,53800.0,53800.0,53800.0,53800.0,0,0.0,0.0
2024-09-02 10:15:00+09:00,53900.0,53900.0,53800.0,53800.0,16,0.0,0.0
2024-09-02 10:16:00+09:00,53800.0,53800.0,53800.0,53800.0,308,0.0,0.0
2024-09-02 10:17:00+09:00,53800.0,53800.0,53800.0,53800.0,8,0.0,0.0
2024-09-02 10:18:00+09:00,53800.0,53800.0,53800.0,53800.0,195,0.0,0.0
2024-09-02 10:19:00+09:00,53800.0,53800.0,53800.0,53800.0,0,0.0,0.0
2024-09-02 10:20:00+09:00,53800.0,53900.0,53800.0,53900.0,30,0.0,0.0
2024-09-02 10:21:00+09:00,53900.0,53900.0,53900.0,53900.0,22,0.0,0.0
2024-09-02 10:22:00+09:00,53800.0,53900.0,53800.0,53900.0,70,0.0,0.0
2024-09-02 10:23:00+09:00,53900.0,53900.0,53800.0,53800.0,76,0.0,0.0
2024-09-02 10:24:00+09:00,53800.0,53800.0,53700.0,53700.0,1299,0.0,0.0
2024-09-02 10:25:00+09:00,53600.0,53700.0,53600.0,53600.0,41,0.0,0.0
2024-09-02 10:26:00+09:00,53700.0,53700.0,53600.0,53700.0,135,0.0,0.0
2024-09-02 10:27:00+09:00,53700.0,53700.0,53700.0,53700.0,1,0.0,0.0
2024-09-02 10:28:00+09:00,53600.0,53800.0,53600.0,53800.0,25,0.0,0.0
2024-09-02 10:29:00+09:00,53800.0,53800.0,53800.0,53800.0,39,0.0,0.0
2024-09-02 10:30:00+09:00,53900.0,53900.0,53900.0,53900.0,0,0.0,0.0
2024-09-02 10:31:00+09:00,53800.0,53800.0,53800.0,53800.0,42,0.0,0.0
2024-09-02 10:32:00+09:00,53900.0,53900.0,53800.0,53900.0,8,0.0,0.0
2024-09-02 10:33:00+09:00,53800.0,53800.0,53800.0,53800.0,77,0.0,0.0
2024-09-02 10:34:00+09:00,53700.0,53700.0,53700.0,53700.0,2,0.0,0.0
2024-09-02 10:35:00+09:00,53800.0,53900.0,53800.0,53900.0,169,0.0,0.0
2024-09-02 10:36:00+09:00,53900.0,54000.0,53900.0,54000.0,0,0.0,0.0
2024-09-02 10:38:00+09:00,53700.0,53700.0,53600.0,53600.0,117,0.0,0.0
2024-09-02 10:39:00+09:00,53700.0,53700.0,53700.0,53700.0,652,0.0,0.0
2024-09-02 10:40:00+09:00,53600.0,53700.0,53600.0,53700.0,0,0.0,0.0
2024-09-02 10:41:00+09:00,53600.0,53700.0,53600.0,53700.0,19,0.0,0.0
2024-09-02 10:42:00+09:00,53700.0,53700.0,53700.0,53700.0,0,0.0,0.0
2024-09-02 10:44:00+09:00,53700.0,53700.0,53600.0,53600.0,316,0.0,0.0
2024-09-02 10:45:00+09:00,53600.0,53600.0,53600.0,53600.0,0,0.0,0.0
2024-09-02 10:46:00+09:00,53700.0,53700.0,53700.0,53700.0,117,0.0,0.0
2024-09-02 10:47:00+09:00,53700.0,53700.0,53700.0,53700.0,9,0.0,0.0
2024-09-02 10:48:00+09:00,53700.0,53700.0,53600.0,53600.0,4,0.0,0.0
2024-09-02 10:49:00+09:00,53600.0,53600.0,53600.0,53600.0,40,0.0,0.0
2024-09-02 10:50:00+09:00,53600.0,53600.0,53600.0,53600.0,0,0.0,0.0
2024-09-02 10:51:00+09:00,53700.0,53700.0,53600.0,53600.0,103,0.0,0.0
2024-09-02 10:52:00+09:00,53700.0,53700.0,53700.0,53700.0,0,0.0,0.0
2024-09-02 10:53:00+09:00,53600.0,53600.0,53600.0,53600.0,50,0.0,0.0
2024-09-02 10:54:00+09:00,53700.0,53700.0,53700.0,53700.0,12,0.0,0.0
2024-09-02 10:55:00+09:00,53600.0,53700.0,53600.0,53700.0,21,0.0,0.0
2024-09-02 10:56:00+09:00,53700.0,53700.0,53700.0,53700.0,128,0.0,0.0
2024-09-02 10:57:00+09:00,53700.0,53700.0,53700.0,53700.0,152,0.0,0.0
2024-09-02 10:58:00+09:00,53700.0,53700.0,53700.0,53700.0,187,0.0,0.0
2024-09-02 10:59:00+09:00,53800.0,53800.0,53800.0,53800.0,0,0.0,0.0
2024-09-02 11:00:00+09:00,53700.0,53700.0,53700.0,53700.0,10,0.0,0.0
2024-09-02 11:01:00+09:00,53700.0,53800.0,53700.0,53700.0,305,0.0,0.0
2024-09-02 11:02:00+09:00,53600.0,53600.0,53600.0,53600.0,0,0.0,0.0
2024-09-02 11:04:00+09:00,53600.0,53700.0,53600.0,53700.0,259,0.0,0.0
2024-09-02 11:05:00+09:00,53700.0,53700.0,53700.0,53700.0,2,0.0,0.0
2024-09-02 11:06:00+09:00,53700.0,53900.0,53700.0,53900.0,248,0.0,0.0
2024-09-02 11:08:00+09:00,53800.0,53800.0,53800.0,53800.0,68,0.0,0.0
2024-09-02 11:10:00+09:00,53700.0,53700.0,53700.0,53700.0,1,0.0,0.0
2024-09-02 11:12:00+09:00,53700.0,53700.0,53700.0,53700.0,2,0.0,0.0
2024-09-02 11:13:00+09:00,53700.0,53700.0,53700.0,53700.0,9,0.0,0.0
2024-09-02 11:14:00+09:00,53700.0,53700.0,53700.0,53700.0,0,0.0,0.0
2024-09-02 11:15:00+09:00,53700.0,53700.0,53700.0,53700.0,4,0.0,0.0
2024-09-02 11:16:00+09:00,53700.0,53700.0,53700.0,53700.0,0,0.0,0.0
2024-09-02 11:18:00+09:00,53600.0,53600.0,53600.0,53600.0,1,0.0,0.0
2024-09-02 11:20:00+09:00,53700.0,53700.0,53600.0,53600.0,89,0.0,0.0
2024-09-02 11:22:00+09:00,53600.0,53700.0,53600.0,53700.0,21,0.0,0.0
2024-09-02 11:27:00+09:00,53700.0,53700.0,53700.0,53700.0,8,0.0,0.0
2024-09-02 11:28:00+09:00,53700.0,53800.0,53700.0,53800.0,84,0.0,0.0
2024-09-02 11:29:00+09:00,53800.0,53800.0,53800.0,53800.0,0,0.0,0.0
2024-09-02 11:30:00+09:00,53800.0,53800.0,53800.0,53800.0,0,0.0,0.0
2024-09-02 11:32:00+09:00,53700.0,53800.0,53700.0,53800.0,2,0.0,0.0
2024-09-02 11:33:00+09:00,53700.0,53700.0,53700.0,53700.0,9,0.0,0.0
2024-09-02 11:34:00+09:00,53800.0,53800.0,53800.0,53800.0,12,0.0,0.0
2024-09-02 11:35:00+09:00,53800.0,53800.0,53800.0,53800.0,5,0.0,0.0
2024-09-02 11:37:00+09:00,53700.0,53800.0,53700.0,53800.0,5,0.0,0.0
2024-09-02 11:38:00+09:00,53700.0,53700.0,53700.0,53700.0,98,0.0,0.0
2024-09-02 11:39:00+09:00,53800.0,53800.0,53800.0,53800.0,0,0.0,0.0
2024-09-02 11:44:00+09:00,53800.0,53800.0,53800.0,53800.0,1,0.0,0.0
2024-09-02 11:45:00+09:00,53700.0,53800.0,53700.0,53700.0,5,0.0,0.0
2024-09-02 11:46:00+09:00,53800.0,53800.0,53800.0,53800.0,59,0.0,0.0
2024-09-02 11:50:00+09:00,53800.0,53800.0,53800.0,53800.0,13,0.0,0.0
2024-09-02 11:51:00+09:00,53800.0,53800.0,53800.0,53800.0,40,0.0,0.0
2024-09-02 11:52:00+09:00,53800.0,53800.0,53700.0,53700.0,0,0.0,0.0
2024-09-02 11:53:00+09:00,53700.0,53800.0,53700.0,53800.0,1,0.0,0.0
2024-09-02 11:54:00+09:00,53800.0,53800.0,53800.0,53800.0,118,0.0,0.0
2024-09-02 11:56:00+09:00,53800.0,53800.0,53800.0,53800.0,0,0.0,0.0
2024-09-02 11:58:00+09:00,53800.0,53900.0,53800.0,53900.0,96,0.0,0.0
2024-09-02 11:59:00+09:00,53900.0,53900.0,53900.0,53900.0,39,0.0,0.0
2024-09-02 12:00:00+09:00,53800.0,53800.0,53800.0,53800.0,0,0.0,0.0
2024-09-02 12:01:00+09:00,53900.0,53900.0,53800.0,53800.0,200,0.0,0.0
2024-09-02 12:07:00+09:00,53800.0,53800.0,53800.0,53800.0,0,0.0,0.0
2024-09-02 12:11:00+09:00,53800.0,53800.0,53800.0,53800.0,612,0.0,0.0
2024-09-02 12:14:00+09:00,53800.0,53800.0,53800.0,53800.0,508,0.0,0.0
2024-09-02 12:16:00+09:00,53800.0,53800.0,53800.0,53800.0,0,0.0,0.0
2024-09-02 12:17:00+09:00,53800.0,53800.0,53800.0,53800.0,43,0.0,0.0
2024-09-02 12:18:00+09:00,53800.0,53800.0,53800.0,53800.0,161,0.0,0.0
2024-09-02 12:19:00+09:00,53800.0,53800.0,53800.0,53800.0,10,0.0,0.0
2024-09-02 12:20:00+09:00,53800.0,53800.0,53800.0,53800.0,0,0.0,0.0
2024-09-02 12:23:00+09:00,53800.0,53800.0,53800.0,53800.0,25,0.0,0.0
2024-09-02 12:25:00+09:00,53800.0,53800.0,53800.0,53800.0,262,0.0,0.0
2024-09-02 12:26:00+09:00,53800.0,53900.0,53800.0,53900.0,0,0.0,0.0
2024-09-02 12:29:00+09:00,53800.0,53800.0,53800.0,53800.0,13,0.0,0.0
2024-09-02 12:30:00+09:00,53800.0,53800.0,53800.0,53800.0,6,0.0,0.0
2024-09-02 12:31:00+09:00,53800.0,53800.0,53800.0,53800.0,3,0.0,0.0
2024-09-02 12:32:00+09:00,53800.0,53800.0,53800.0,53800.0,28,0.0,0.0
2024-09-02 12:33:00+09:00,53800.0,53800.0,53800.0,53800.0,3,0.0,0.0
2024-09-02 12:34:00+09:00,53800.0,53800.0,53800.0,53800.0,25,0.0,0.0
2024-09-02 12:36:00+09:00,53800.0,53800.0,53800.0,53800.0,200,0.0,0.0
2024-09-02 12:37:00+09:00,53800.0,53800.0,53800.0,53800.0,0,0.0,0.0
2024-09-02 12:39:00+09:00,53800.0,53800.0,53800.0,53800.0,177,0.0,0.0
2024-09-02 12:40:00+09:00,53800.0,53800.0,53800.0,53800.0,17,0.0,0.0
2024-09-02 12:41:00+09:00,53800.0,53800.0,53800.0,53800.0,1,0.0,0.0
2024-09-02 12:42:00+09:00,53800.0,53800.0,53700.0,53700.0,17,0.0,0.0
2024-09-02 12:43:00+09:00,53700.0,53800.0,53700.0,53800.0,54,0.0,0.0
2024-09-02 12:44:00+09:00,53800.0,53800.0,53800.0,53800.0,21,0.0,0.0
2024-09-02 12:45:00+09:00,53700.0,53800.0,53700.0,53800.0,64,0.0,0.0
2024-09-02 12:46:00+09:00,53800.0,53800.0,53700.0,53700.0,0,0.0,0.0
2024-09-02 12:47:00+09:00,53800.0,53800.0,53800.0,53800.0,20,0.0,0.0
2024-09-02 12:49:00+09:00,53800.0,53800.0,53800.0,53800.0,2,0.0,0.0
2024-09-02 12:50:00+09:00,53800.0,53800.0,53800.0,53800.0,4,0.0,0.0
2024-09-02 12:54:00+09:00,53800.0,53800.0,53800.0,53800.0,3,0.0,0.0
2024-09-02 12:55:00+09:00,53700.0,53700.0,53700.0,53700.0,2,0.0,0.0
2024-09-02 12:58:00+09:00,53700.0,53700.0,53700.0,53700.0,1,0.0,0.0
2024-09-02 13:01:00+09:00,53700.0,53800.0,53700.0,53800.0,365,0.0,0.0
2024-09-02 13:02:00+09:00,53700.0,53700.0,53700.0,53700.0,291,0.0,0.0
2024-09-02 13:03:00+09:00,53800.0,53800.0,53800.0,53800.0,0,0.0,0.0
2024-09-02 13:04:00+09:00,53800.0,53800.0,53800.0,53800.0,26,0.0,0.0
2024-09-02 13:08:00+09:00,53800.0,53800.0,53700.0,53700.0,181,0.0,0.0
2024-09-02 13:09:00+09:00,53800.0,53800.0,53700.0,53700.0,118,0.0,0.0
2024-09-02 13:10:00+09:00,53800.0,53800.0,53800.0,53800.0,73,0.0,0.0
2024-09-02 13:11:00+09:00,53800.0,53800.0,53700.0,53700.0,1023,0.0,0.0
2024-09-02 13:12:00+09:00,53700.0,53700.0,53700.0,53700.0,0,0.0,0.0
2024-09-02 13:13:00+09:00,53800.0,53800.0,53700.0,53700.0,40,0.0,0.0
2024-09-02 13:14:00+09:00,53700.0,53700.0,53700.0,53700.0,237,0.0,0.0
2024-09-02 13:16:00+09:00,53700.0,53700.0,53700.0,53700.0,0,0.0,0.0
2024-09-02 13:18:00+09:00,53700.0,53700.0,53700.0,53700.0,61,0.0,0.0
2024-09-02 13:25:00+09:00,53700.0,53700.0,53700.0,53700.0,0,0.0,0.0
2024-09-02 13:28:00+09:00,53700.0,53700.0,53700.0,53700.0,1,0.0,0.0
2024-09-02 13:29:00+09:00,53700.0,53700.0,53700.0,53700.0,1,0.0,0.0
2024-09-02 13:31:00+09:00,53800.0,53800.0,53800.0,53800.0,1,0.0,0.0
2024-09-02 13:32:00+09:00,53800.0,53800.0,53800.0,53800.0,20,0.0,0.0
2024-09-02 13:33:00+09:00,53800.0,53800.0,53800.0,53800.0,0,0.0,0.0
2024-09-02 13:34:00+09:00,53800.0,53800.0,53800.0,53800.0,10,0.0,0.0
2024-09-02 13:38:00+09:00,53700.0,53700.0,53600.0,53600.0,536,0.0,0.0
2024-09-02 13:39:00+09:00,53600.0,53600.0,53600.0,53600.0,0,0.0,0.0
2024-09-02 13:45:00+09:00,53600.0,53600.0,53600.0,53600.0,2,0.0,0.0
2024-09-02 13:47:00+09:00,53600.0,53600.0,53600.0,53600.0,107,0.0,0.0
2024-09-02 13:48:00+09:00,53600.0,53600.0,53600.0,53600.0,774,0.0,0.0
2024-09-02 13:50:00+09:00,53600.0,53600.0,53600.0,53600.0,21,0.0,0.0
2024-09-02 13:51:00+09:00,53600.0,53600.0,53600.0,53600.0,2,0.0,0.0
2024-09-02 13:53:00+09:00,53600.0,53600.0,53600.0,53600.0,1,0.0,0.0
2024-09-02 13:55:00+09:00,53600.0,53600.0,53600.0,53600.0,2,0.0,0.0
2024-09-02 13:56:00+09:00,53600.0,53600.0,53600.0,53600.0,35,0.0,0.0
2024-09-02 13:57:00+09:00,53700.0,53800.0,53600.0,53800.0,186,0.0,0.0
2024-09-02 13:58:00+09:00,53800.0,53800.0,53800.0,53800.0,1,0.0,0.0
2024-09-02 13:59:00+09:00,53700.0,53700.0,53700.0,53700.0,1,0.0,0.0
2024-09-02 14:01:00+09:00,53800.0,53800.0,53700.0,53700.0,2,0.0,0.0
2024-09-02 14:02:00+09:00,53700.0,53700.0,53700.0,53700.0,0,0.0,0.0
2024-09-02 14:04:00+09:00,53700.0,53700.0,53700.0,53700.0,2,0.0,0.0
2024-09-02 14:05:00+09:00,53700.0,53700.0,53700.0,53700.0,1,0.0,0.0
2024-09-02 14:06:00+09:00,53800.0,53800.0,53800.0,53800.0,0,0.0,0.0
2024-09-02 14:07:00+09:00,53700.0,53700.0,53700.0,53700.0,2,0.0,0.0
2024-09-02 14:08:00+09:00,53700.0,53700.0,53700.0,53700.0,495,0.0,0.0
2024-09-02 14:10:00+09:00,53600.0,53700.0,53600.0,53700.0,238,0.0,0.0
2024-09-02 14:11:00+09:00,53600.0,53600.0,53600.0,53600.0,12,0.0,0.0
2024-09-02 14:12:00+09:00,53600.0,53600.0,53500.0,53500.0,22,0.0,0.0
2024-09-02 14:13:00+09:00,53500.0,53600.0,53500.0,53500.0,429,0.0,0.0
2024-09-02 14:14:00+09:00,53500.0,53500.0,53500.0,53500.0,4,0.0,0.0
2024-09-02 14:15:00+09:00,53500.0,53500.0,53500.0,53500.0,31,0.0,0.0
2024-09-02 14:16:00+09:00,53500.0,53500.0,53500.0,53500.0,3,0.0,0.0
2024-09-02 14:17:00+09:00,53500.0,53500.0,53500.0,53500.0,402,0.0,0.0
2024-09-02 14:18:00+09:00,53500.0,53500.0,53500.0,53500.0,0,0.0,0.0
2024-09-02 14:19:00+09:00,53500.0,53600.0,53500.0,53500.0,68,0.0,0.0
2024-09-02 14:20:00+09:00,53600.0,53600.0,53500.0,53500.0,5,0.0,0.0
2024-09-02 14:21:00+09:00,53500.0,53500.0,53500.0,53500.0,13,0.0,0.0
2024-09-02 14:22:00+09:00,53500.0,53500.0,53500.0,53500.0,535,0.0,0.0
2024-09-02 14:23:00+09:00,53500.0,53500.0,53500.0,53500.0,61,0.0,0.0
2024-09-02 14:24:00+09:00,53500.0,53500.0,53500.0,53500.0,14,0.0,0.0
2024-09-02 14:25:00+09:00,53500.0,53500.0,53500.0,53500.0,1,0.0,0.0
2024-09-02 14:26:00+09:00,53500.0,53600.0,53500.0,53500.0,36,0.0,0.0
2024-09-02 14:27:00+09:00,53600.0,53600.0,53500.0,53500.0,25,0.0,0.0
2024-09-02 14:28:00+09:00,53600.0,53600.0,53500.0,53500.0,25,0.0,0.0
2024-09-02 14:29:00+09:00,53500.0,53500.0,53500.0,53500.0,3,0.0,0.0
2024-09-02 14:30:00+09:00,53500.0,53600.0,53500.0,53600.0,765,0.0,0.0
2024-09-02 14:31:00+09:00,53600.0,53600.0,53600.0,53600.0,0,0.0,0.0
2024-09-02 14:32:00+09:00,53600.0,53600.0,53600.0,53600.0,15,0.0,0.0
2024-09-02 14:33:00+09:00,53600.0,53600.0,53600.0,53600.0,38,0.0,0.0
2024-09-02 14:34:00+09:00,53600.0,53600.0,53500.0,53500.0,286,0.0,0.0
2024-09-02 14:35:00+09:00,53600.0,53600.0,53500.0,53500.0,7,0.0,0.0
2024-09-02 14:36:00+09:00,53500.0,53500.0,53500.0,53500.0,16,0.0,0.0
2024-09-02 14:37:00+09:00,53500.0,53500.0,53500.0,53500.0,6,0.0,0.0
2024-09-02 14:38:00+09:00,53500.0,53500.0,53500.0,53500.0,21,0.0,0.0
2024-09-02 14:39:00+09:00,53500.0,53600.0,53500.0,53500.0,15,0.0,0.0
2024-09-02 14:40:00+09:00,53500.0,53500.0,53500.0,53500.0,2,0.0,0.0
2024-09-02 14:41:00+09:00,53500.0,53500.0,53500.0,53500.0,13,0.0,0.0
2024-09-02 14:42:00+09:00,53500.0,53500.0,53500.0,53500.0,3,0.0,0.0
2024-09-02 14:43:00+09:00,53500.0,53600.0,53500.0,53600.0,6,0.0,0.0
2024-09-02 14:44:00+09:00,53600.0,53600.0,53600.0,53600.0,62,0.0,0.0
2024-09-02 14:45:00+09:00,53500.0,53600.0,53500.0,53500.0,1,0.0,0.0
2024-09-02 14:46:00+09:00,53600.0,53600.0,53500.0,53500.0,35,0.0,0.0
2024-09-02 14:47:00+09:00,53600.0,53700.0,53600.0,53700.0,140,0.0,0.0
2024-09-02 14:48:00+09:00,53600.0,53600.0,53600.0,53600.0,7,0.0,0.0
2024-09-02 14:49:00+09:00,53600.0,53600.0,53600.0,53600.0,34,0.0,0.0
2024-09-02 14:50:00+09:00,53600.0,53600.0,53600.0,53600.0,16,0.0,0.0
2024-09-02 14:51:00+09:00,53600.0,53700.0,53600.0,53700.0,385,0.0,0.0
2024-09-02 14:52:00+09:00,53600.0,53600.0,53600.0,53600.0,0,0.0,0.0
2024-09-02 14:53:00+09:00,53600.0,53600.0,53600.0,53600.0,9,0.0,0.0
2024-09-02 14:54:00+09:00,53600.0,53600.0,53600.0,53600.0,1050,0.0,0.0
2024-09-02 14:55:00+09:00,53500.0,53500.0,53500.0,53500.0,615,0.0,0.0
2024-09-02 14:56:00+09:00,53500.0,53600.0,53500.0,53600.0,0,0.0,0.0
2024-09-02 14:57:00+09:00,53500.0,53500.0,53500.0,53500.0,167,0.0,0.0
2024-09-02 14:58:00+09:00,53500.0,53500.0,53500.0,53500.0,12,0.0,0.0
2024-09-02 14:59:00+09:00,53500.0,53500.0,53500.0,53500.0,207,0.0,0.0
2024-09-03 09:00:00+09:00,53500.0,53500.0,53500.0,53500.0,256,0.0,0.0
2024-09-03 09:01:00+09:00,53700.0,53700.0,53700.0,53700.0,0,0.0,0.0
2024-09-03 09:02:00+09:00,53700.0,53700.0,53700.0,53700.0,4,0.0,0.0
2024-09-03 09:03:00+09:00,53800.0,53800.0,53800.0,53800.0,6,0.0,0.0
2024-09-03 09:04:00+09:00,53900.0,53900.0,53900.0,53900.0,7,0.0,0.0
2024-09-03 09:05:00+09:00,53900.0,53900.0,53900.0,53900.0,53,0.0,0.0
2024-09-03 09:06:00+09:00,53900.0,53900.0,53800.0,53800.0,64,0.0,0.0
2024-09-03 09:07:00+09:00,53800.0,53800.0,53700.0,53700.0,410,0.0,0.0
2024-09-03 09:08:00+09:00,53700.0,53700.0,53700.0,53700.0,89,0.0,0.0
2024-09-03 09:09:00+09:00,53600.0,53600.0,53600.0,53600.0,250,0.0,0.0
2024-09-03 09:10:00+09:00,53600.0,53600.0,53500.0,53600.0,535,0.0,0.0
2024-09-03 09:11:00+09:00,53600.0,53600.0,53400.0,53400.0,29,0.0,0.0
2024-09-03 09:12:00+09:00,53500.0,53500.0,53400.0,53500.0,22,0.0,0.0
2024-09-03 09:13:00+09:00,53400.0,53400.0,53400.0,53400.0,214,0.0,0.0
2024-09-03 09:14:00+09:00,53400.0,53400.0,53400.0,53400.0,0,0.0,0.0
2024-09-03 09:15:00+09:00,53300.0,53400.0,53300.0,53300.0,141,0.0,0.0
2024-09-03 09:16:00+09:00,53300.0,53400.0,53300.0,53400.0,70,0.0,0.0
2024-09-03 09:17:00+09:00,53400.0,53400.0,53400.0,53400.0,157,0.0,0.0
2024-09-03 09:18:00+09:00,53400.0,53400.0,53400.0,53400.0,40,0.0,0.0
2024-09-03 09:19:00+09:00,53400.0,53400.0,53300.0,53400.0,218,0.0,0.0
2024-09-03 09:20:00+09:00,53400.0,53400.0,53300.0,53400.0,60,0.0,0.0
2024-09-03 09:22:00+09:00,53400.0,53400.0,53300.0,53300.0,321,0.0,0.0
2024-09-03 09:23:00+09:00,53200.0,53300.0,53200.0,53200.0,0,0.0,0.0
2024-09-03 09:24:00+09:00,53200.0,53200.0,53200.0,53200.0,310,0.0,0.0
2024-09-03 09:25:00+09:00,53200.0,53200.0,53200.0,53200.0,0,0.0,0.0
2024-09-03 09:26:00+09:00,53300.0,53300.0,53200.0,53200.0,0,0.0,0.0
2024-09-03 09:28:00+09:00,53200.0,53200.0,53200.0,53200.0,311,0.0,0.0
2024-09-03 09:29:00+09:00,53300.0,53400.0,53300.0,53400.0,54,0.0,0.0
2024-09-03 09:30:00+09:00,53400.0,53400.0,53400.0,53400.0,622,0.0,0.0
2024-09-03 09:31:00+09:00,53500.0,53500.0,53400.0,53400.0,201,0.0,0.0
2024-09-03 09:33:00+09:00,53400.0,53500.0,53400.0,53400.0,0,0.0,0.0
2024-09-03 09:34:00+09:00,53500.0,53500.0,53400.0,53500.0,44,0.0,0.0
2024-09-03 09:35:00+09:00,53500.0,53500.0,53400.0,53400.0,46,0.0,0.0
2024-09-03 09:36:00+09:00,53400.0,53500.0,53400.0,53400.0,18,0.0,0.0
2024-09-03 09:37:00+09:00,53400.0,53400.0,53400.0,53400.0,554,0.0,0.0
2024-09-03 09:38:00+09:00,53500.0,53500.0,53400.0,53400.0,58,0.0,0.0
2024-09-03 09:39:00+09:00,53400.0,53500.0,53400.0,53400.0,168,0.0,0.0
2024-09-03 09:40:00+09:00,53400.0,53400.0,53400.0,53400.0,25,0.0,0.0
2024-09-03 09:41:00+09:00,53400.0,53400.0,53400.0,53400.0,180,0.0,0.0
2024-09-03 09:42:00+09:00,53400.0,53400.0,53400.0,53400.0,0,0.0,0.0
2024-09-03 09:43:00+09:00,53300.0,53300.0,53300.0,53300.0,52,0.0,0.0
2024-09-03 09:44:00+09:00,53300.0,53300.0,53200.0,53200.0,606,0.0,0.0
2024-09-03 09:45:00+09:00,53200.0,53200.0,53200.0,53200.0,0,0.0,0.0
2024-09-03 09:46:00+09:00,53200.0,53200.0,53200.0,53200.0,209,0.0,0.0
2024-09-03 09:47:00+09:00,53100.0,53200.0,53100.0,53200.0,0,0.0,0.0
2024-09-03 09:49:00+09:00,53100.0,53200.0,53100.0,53200.0,158,0.0,0.0
2024-09-03 09:50:00+09:00,53200.0,53200.0,53200.0,53200.0,0,0.0,0.0
2024-09-03 09:51:00+09:00,53200.0,53200.0,53200.0,53200.0,35,0.0,0.0
2024-09-03 09:52:00+09:00,53200.0,53200.0,53200.0,53200.0,0,0.0,0.0
2024-09-03 09:53:00+09:00,53200.0,53200.0,53200.0,53200.0,2,0.0,0.0
2024-09-03 09:54:00+09:00,53200.0,53200.0,53100.0,53200.0,102,0.0,0.0
2024-09-03 09:55:00+09:00,53200.0,53200.0,52700.0,52900.0,3285,0.0,0.0
2024-09-03 09:56:00+09:00,53000.0,53100.0,52800.0,53000.0,172,0.0,0.0
2024-09-03 09:57:00+09:00,52900.0,53100.0,52900.0,53100.0,343,0.0,0.0
2024-09-03 09:58:00+09:00,53100.0,53200.0,53100.0,53200.0,389,0.0,0.0
2024-09-03 09:59:00+09:00,53000.0,53000.0,53000.0,53000.0,13,0.0,0.0
2024-09-03 10:00:00+09:00,53100.0,53100.0,53100.0,53100.0,64,0.0,0.0
2024-09-03 10:01:00+09:00,53000.0,53100.0,53000.0,53100.0,0,0.0,0.0
2024-09-03 10:02:00+09:00,53000.0,53000.0,53000.0,53000.0,31,0.0,0.0
2024-09-03 10:03:00+09:00,53000.0,53000.0,53000.0,53000.0,53,0.0,0.0
2024-09-03 10:04:00+09:00,53000.0,53000.0,53000.0,53000.0,0,0.0,0.0
2024-09-03 10:05:00+09:00,53000.0,53000.0,53000.0,53000.0,12,0.0,0.0
2024-09-03 10:06:00+09:00,53100.0,53100.0,53000.0,53000.0,228,0.0,0.0
2024-09-03 10:07:00+09:00,53100.0,53100.0,53000.0,53000.0,355,0.0,0.0
2024-09-03 10:08:00+09:00,53200.0,53200.0,53000.0,53000.0,0,0.0,0.0
2024-09-03 10:09:00+09:00,53000.0,53000.0,53000.0,53000.0,104,0.0,0.0
2024-09-03 10:10:00+09:00,53000.0,53100.0,53000.0,53100.0,0,0.0,0.0
2024-09-03 10:11:00+09:00,53000.0,53000.0,53000.0,53000.0,59,0.0,0.0
2024-09-03 10:12:00+09:00,53000.0,53000.0,53000.0,53000.0,0,0.0,0.0
2024-09-03 10:13:00+09:00,53000.0,53000.0,53000.0,53000.0,2,0.0,0.0
2024-09-03 10:14:00+09:00,53000.0,53000.0,53000.0,53000.0,14,0.0,0.0
2024-09-03 10:15:00+09:00,53000.0,53000.0,53000.0,53000.0,10,0.0,0.0
2024-09-03 10:17:00+09:00,53000.0,53000.0,52900.0,52900.0,211,0.0,0.0
2024-09-03 10:18:00+09:00,53000.0,53000.0,52800.0,52800.0,160,0.0,0.0
2024-09-03 10:19:00+09:00,52900.0,52900.0,52900.0,52900.0,104,0.0,0.0
2024-09-03 10:20:00+09:00,52800.0,52800.0,52800.0,52800.0,72,0.0,0.0
2024-09-03 10:21:00+09:00,52800.0,52900.0,52800.0,52900.0,119,0.0,0.0
2024-09-03 10:22:00+09:00,52800.0,53000.0,52800.0,53000.0,1193,0.0,0.0
2024-09-03 10:23:00+09:00,53000.0,53100.0,53000.0,53100.0,0,0.0,0.0
2024-09-03 10:24:00+09:00,53100.0,53100.0,53000.0,53100.0,42,0.0,0.0
2024-09-03 10:25:00+09:00,53200.0,53300.0,53200.0,53300.0,481,0.0,0.0
2024-09-03 10:26:00+09:00,53200.0,53200.0,53200.0,53200.0,14,0.0,0.0
2024-09-03 10:27:00+09:00,53200.0,53300.0,53200.0,53300.0,25,0.0,0.0
2024-09-03 10:28:00+09:00,53300.0,53300.0,53300.0,53300.0,2,0.0,0.0
2024-09-03 10:29:00+09:00,53100.0,53100.0,53100.0,53100.0,11,0.0,0.0
2024-09-03 10:31:00+09:00,53200.0,53200.0,53100.0,53100.0,17,0.0,0.0
2024-09-03 10:32:00+09:00,53100.0,53100.0,53100.0,53100.0,47,0.0,0.0
2024-09-03 10:33:00+09:00,53100.0,53200.0,53100.0,53200.0,48,0.0,0.0
2024-09-03 10:34:00+09:00,53200.0,53200.0,53000.0,53000.0,55,0.0,0.0
2024-09-03 10:35:00+09:00,53000.0,53000.0,53000.0,53000.0,3,0.0,0.0
2024-09-03 10:36:00+09:00,53100.0,53100.0,53000.0,53000.0,18,0.0,0.0
2024-09-03 10:37:00+09:00,53000.0,53000.0,53000.0,53000.0,29,0.0,0.0
2024-09-03 10:38:00+09:00,53100.0,53100.0,53000.0,53100.0,16,0.0,0.0
2024-09-03 10:40:00+09:00,53000.0,53000.0,53000.0,53000.0,35,0.0,0.0
2024-09-03 10:41:00+09:00,53100.0,53100.0,53100.0,53100.0,13,0.0,0.0
2024-09-03 10:42:00+09:00,53100.0,53100.0,53000.0,53000.0,32,0.0,0.0
2024-09-03 10:44:00+09:00,53000.0,53100.0,53000.0,53100.0,0,0.0,0.0
2024-09-03 10:45:00+09:00,53000.0,53100.0,53000.0,53000.0,64,0.0,0.0
2024-09-03 10:46:00+09:00,53100.0,53100.0,53000.0,53000.0,1,0.0,0.0
2024-09-03 10:48:00+09:00,53100.0,53100.0,53000.0,53100.0,122,0.0,0.0
2024-09-03 10:50:00+09:00,53100.0,53100.0,53100.0,53100.0,2,0.0,0.0
2024-09-03 10:52:00+09:00,53200.0,53200.0,53200.0,53200.0,292,0.0,0.0
2024-09-03 10:53:00+09:00,53200.0,53200.0,53100.0,53100.0,114,0.0,0.0
2024-09-03 10:54:00+09:00,53100.0,53300.0,53100.0,53200.0,1029,0.0,0.0
2024-09-03 10:55:00+09:00,53200.0,53200.0,53200.0,53200.0,100,0.0,0.0
2024-09-03 10:56:00+09:00,53200.0,53200.0,53200.0,53200.0,152,0.0,0.0
2024-09-03 10:57:00+09:00,53100.0,53500.0,53100.0,53500.0,1695,0.0,0.0
2024-09-03 10:58:00+09:00,53600.0,53600.0,53600.0,53600.0,67,0.0,0.0
2024-09-03 10:59:00+09:00,53500.0,53500.0,53500.0,53500.0,117,0.0,0.0
2024-09-03 11:00:00+09:00,53600.0,53700.0,53600.0,53700.0,1374,0.0,0.0
2024-09-03 11:01:00+09:00,53700.0,53800.0,53700.0,53700.0,564,0.0,0.0
2024-09-03 11:03:00+09:00,53800.0,53800.0,53800.0,53800.0,60,0.0,0.0
2024-09-03 11:04:00+09:00,53700.0,53700.0,53700.0,53700.0,107,0.0,0.0
2024-09-03 11:05:00+09:00,53700.0,53700.0,53700.0,53700.0,0,0.0,0.0
2024-09-03 11:06:00+09:00,53700.0,53700.0,53600.0,53600.0,88,0.0,0.0
2024-09-03 11:07:00+09:00,53600.0,53600.0,53600.0,53600.0,0,0.0,0.0
2024-09-03 11:08:00+09:00,53700.0,53700.0,53700.0,53700.0,2,0.0,0.0
2024-09-03 11:09:00+09:00,53700.0,53700.0,53700.0,53700.0,110,0.0,0.0
2024-09-03 11:10:00+09:00,53800.0,53800.0,53800.0,53800.0,61,0.0,0.0
2024-09-03 11:11:00+09:00,53800.0,53800.0,53700.0,53800.0,6,0.0,0.0
2024-09-03 11:12:00+09:00,53700.0,53700.0,53700.0,53700.0,11,0.0,0.0
2024-09-03 11:13:00+09:00,53800.0,53800.0,53800.0,53800.0,129,0.0,0.0
2024-09-03 11:14:00+09:00,53800.0,53800.0,53800.0,53800.0,0,0.0,0.0
2024-09-03 11:15:00+09:00,53800.0,53900.0,53800.0,53900.0,77,0.0,0.0
2024-09-03 11:16:00+09:00,53900.0,53900.0,53900.0,53900.0,70,0.0,0.0
2024-09-03 11:17:00+09:00,53800.0,53800.0,53800.0,53800.0,0,0.0,0.0
2024-09-03 11:18:00+09:00,53800.0,53900.0,53800.0,53900.0,37,0.0,0.0
2024-09-03 11:19:00+09:00,53900.0,53900.0,53900.0,53900.0,67,0.0,0.0
2024-09-03 11:20:00+09:00,53800.0,53900.0,53800.0,53900.0,39,0.0,0.0
2024-09-03 11:21:00+09:00,53900.0,53900.0,53800.0,53900.0,194,0.0,0.0
2024-09-03 11:22:00+09:00,53900.0,53900.0,53700.0,53700.0,53,0.0,0.0
2024-09-03 11:23:00+09:00,53700.0,53700.0,53700.0,53700.0,12,0.0,0.0
2024-09-03 11:25:00+09:00,53800.0,53800.0,53800.0,53800.0,0,0.0,0.0
2024-09-03 11:26:00+09:00,53800.0,53800.0,53800.0,53800.0,47,0.0,0.0
2024-09-03 11:27:00+09:00,53800.0,53900.0,53800.0,53800.0,93,0.0,0.0
2024-09-03 11:28:00+09:00,53800.0,53900.0,53800.0,53800.0,59,0.0,0.0
2024-09-03 11:29:00+09:00,53800.0,53800.0,53800.0,53800.0,1,0.0,0.0
2024-09-03 11:31:00+09:00,53900.0,53900.0,53800.0,53800.0,28,0.0,0.0
2024-09-03 11:32:00+09:00,53900.0,53900.0,53800.0,53800.0,67,0.0,0.0
2024-09-03 11:33:00+09:00,53900.0,53900.0,53900.0,53900.0,56,0.0,0.0
2024-09-03 11:34:00+09:00,53800.0,53800.0,53800.0,53800.0,55,0.0,0.0
2024-09-03 11:35:00+09:00,53900.0,53900.0,53900.0,53900.0,65,0.0,0.0
2024-09-03 11:36:00+09:00,53900.0,53900.0,53800.0,53800.0,68,0.0,0.0
2024-09-03 11:37:00+09:00,53800.0,53800.0,53800.0,53800.0,54,0.0,0.0
2024-09-03 11:38:00+09:00,53800.0,53800.0,53600.0,53600.0,55,0.0,0.0
2024-09-03 11:39:00+09:00,53700.0,53700.0,53700.0,53700.0,2,0.0,0.0
2024-09-03 11:41:00+09:00,53700.0,53800.0,53700.0,53800.0,63,0.0,0.0
2024-09-03 11:42:00+09:00,53800.0,53800.0,53700.0,53800.0,42,0.0,0.0
2024-09-03 11:44:00+09:00,53700.0,53800.0,53700.0,53800.0,35,0.0,0.0
2024-09-03 11:45:00+09:00,53700.0,53800.0,53700.0,53800.0,27,0.0,0.0
2024-09-03 11:46:00+09:00,53800.0,53900.0,53800.0,53800.0,134,0.0,0.0
2024-09-03 11:47:00+09:00,53700.0,53700.0,53700.0,53700.0,26,0.0,0.0
2024-09-03 11:48:00+09:00,53600.0,53600.0,53600.0,53600.0,63,0.0,0.0
2024-09-03 11:49:00+09:00,53700.0,53700.0,53700.0,53700.0,37,0.0,0.0
2024-09-03 11:50:00+09:00,53700.0,53700.0,53600.0,53700.0,72,0.0,0.0
2024-09-03 11:51:00+09:00,53600.0,53600.0,53600.0,53600.0,8,0.0,0.0
2024-09-03 11:52:00+09:00,53700.0,53700.0,53700.0,53700.0,0,0.0,0.0
2024-09-03 11:53:00+09:00,53700.0,53700.0,53600.0,53700.0,107,0.0,0.0
2024-09-03 11:54:00+09:00,53700.0,53700.0,53600.0,53600.0,80,0.0,0.0
2024-09-03 11:55:00+09:00,53600.0,53600.0,53500.0,53500.0,12,0.0,0.0
2024-09-03 11:58:00+09:00,53500.0,53600.0,53500.0,53600.0,74,0.0,0.0
2024-09-03 11:59:00+09:00,53600.0,53600.0,53600.0,53600.0,70,0.0,0.0
2024-09-03 12:01:00+09:00,53600.0,53700.0,53600.0,53600.0,55,0.0,0.0
2024-09-03 12:02:00+09:00,53800.0,53800.0,53800.0,53800.0,0,0.0,0.0
2024-09-03 12:03:00+09:00,53800.0,53800.0,53600.0,53600.0,93,0.0,0.0
2024-09-03 12:05:00+09:00,53800.0,53900.0,53800.0,53800.0,30,0.0,0.0
2024-09-03 12:06:00+09:00,53800.0,53900.0,53600.0,53600.0,78,0.0,0.0
2024-09-03 12:07:00+09:00,53800.0,53900.0,53600.0,53600.0,31,0.0,0.0
2024-09-03 12:08:00+09:00,53800.0,53800.0,53800.0,53800.0,103,0.0,0.0
2024-09-03 12:09:00+09:00,53800.0,53800.0,53600.0,53600.0,0,0.0,0.0
2024-09-03 12:10:00+09:00,53800.0,53800.0,53700.0,53700.0,45,0.0,0.0
2024-09-03 12:11:00+09:00,53700.0,53700.0,53700.0,53700.0,67,0.0,0.0
2024-09-03 12:12:00+09:00,53700.0,53700.0,53600.0,53700.0,70,0.0,0.0
2024-09-03 12:14:00+09:00,53900.0,53900.0,53600.0,53600.0,61,0.0,0.0
2024-09-03 12:15:00+09:00,53800.0,53800.0,53800.0,53800.0,109,0.0,0.0
2024-09-03 12:16:00+09:00,53800.0,53800.0,53800.0,53800.0,43,0.0,0.0
2024-09-03 12:17:00+09:00,53700.0,53700.0,53700.0,53700.0,0,0.0,0.0
2024-09-03 12:18:00+09:00,53700.0,53700.0,53700.0,53700.0,99,0.0,0.0
2024-09-03 12:19:00+09:00,53700.0,53800.0,53700.0,53700.0,74,0.0,0.0
2024-09-03 12:20:00+09:00,53700.0,53800.0,53700.0,53800.0,42,0.0,0.0
2024-09-03 12:21:00+09:00,53700.0,53800.0,53700.0,53800.0,65,0.0,0.0
2024-09-03 12:22:00+09:00,53600.0,53600.0,53600.0,53600.0,0,0.0,0.0
2024-09-03 12:23:00+09:00,53800.0,53800.0,53600.0,53600.0,81,0.0,0.0
2024-09-03 12:24:00+09:00,53600.0,53800.0,53600.0,53800.0,0,0.0,0.0
2024-09-03 12:25:00+09:00,53600.0,53600.0,53600.0,53600.0,11,0.0,0.0
2024-09-03 12:26:00+09:00,53700.0,53700.0,53700.0,53700.0,58,0.0,0.0
2024-09-03 12:27:00+09:00,53700.0,53800.0,53600.0,53600.0,20,0.0,0.0
2024-09-03 12:28:00+09:00,53600.0,53700.0,53600.0,53700.0,42,0.0,0.0
2024-09-03 12:29:00+09:00,53600.0,53700.0,53600.0,53700.0,52,0.0,0.0
2024-09-03 12:30:00+09:00,53700.0,53800.0,53600.0,53600.0,79,0.0,0.0
2024-09-03 12:31:00+09:00,53800.0,53800.0,53800.0,53800.0,58,0.0,0.0
2024-09-03 12:32:00+09:00,53600.0,53700.0,53600.0,53700.0,0,0.0,0.0
2024-09-03 12:33:00+09:00,53700.0,53700.0,53600.0,53700.0,116,0.0,0.0
2024-09-03 12:34:00+09:00,53700.0,53700.0,53700.0,53700.0,32,0.0,0.0
2024-09-03 12:36:00+09:00,53600.0,53800.0,53600.0,53800.0,44,0.0,0.0
2024-09-03 12:37:00+09:00,53800.0,53800.0,53800.0,53800.0,68,0.0,0.0
2024-09-03 12:38:00+09:00,53800.0,53800.0,53700.0,53700.0,142,0.0,0.0
2024-09-03 12:39:00+09:00,53600.0,53700.0,53600.0,53700.0,7,0.0,0.0
2024-09-03 12:40:00+09:00,53700.0,53700.0,53700.0,53700.0,65,0.0,0.0
2024-09-03 12:41:00+09:00,53600.0,53600.0,53600.0,53600.0,0,0.0,0.0
2024-09-03 12:42:00+09:00,53600.0,53600.0,53600.0,53600.0,0,0.0,0.0
2024-09-03 12:43:00+09:00,53700.0,53700.0,53700.0,53700.0,12,0.0,0.0
2024-09-03 12:44:00+09:00,53700.0,53700.0,53700.0,53700.0,29,0.0,0.0
2024-09-03 12:45:00+09:00,53700.0,53800.0,53700.0,53800.0,74,0.0,0.0
2024-09-03 12:46:00+09:00,53800.0,53800.0,53700.0,53800.0,185,0.0,0.0
2024-09-03 12:47:00+09:00,53700.0,53700.0,53700.0,53700.0,0,0.0,0.0
2024-09-03 12:49:00+09:00,53700.0,53800.0,53700.0,53800.0,0,0.0,0.0
2024-09-03 12:50:00+09:00,53800.0,53800.0,53800.0,53800.0,70,0.0,0.0
2024-09-03 12:51:00+09:00,53800.0,53900.0,53800.0,53900.0,95,0.0,0.0
2024-09-03 12:52:00+09:00,53900.0,53900.0,53700.0,53700.0,43,0.0,0.0
2024-09-03 12:53:00+09:00,53900.0,53900.0,53700.0,53700.0,9,0.0,0.0
2024-09-03 12:54:00+09:00,53900.0,53900.0,53900.0,53900.0,11,0.0,0.0
2024-09-03 12:55:00+09:00,53700.0,53900.0,53700.0,53900.0,68,0.0,0.0
2024-09-03 12:56:00+09:00,53800.0,53800.0,53700.0,53700.0,0,0.0,0.0
2024-09-03 12:57:00+09:00,53800.0,53900.0,53800.0,53800.0,49,0.0,0.0
2024-09-03 12:58:00+09:00,53800.0,53900.0,53800.0,53900.0,43,0.0,0.0
2024-09-03 12:59:00+09:00,53800.0,53900.0,53800.0,53900.0,151,0.0,0.0
2024-09-03 13:00:00+09:00,53900.0,53900.0,53800.0,53800.0,0,0.0,0.0
2024-09-03 13:01:00+09:00,53900.0,53900.0,53900.0,53900.0,5,0.0,0.0
2024-09-03 13:02:00+09:00,53900.0,53900.0,53900.0,53900.0,81,0.0,0.0
2024-09-03 13:03:00+09:00,53800.0,53900.0,53800.0,53900.0,16,0.0,0.0
2024-09-03 13:04:00+09:00,53900.0,53900.0,53900.0,53900.0,292,0.0,0.0
2024-09-03 13:05:00+09:00,53900.0,53900.0,53900.0,53900.0,0,0.0,0.0
2024-09-03 13:06:00+09:00,53800.0,53800.0,53800.0,53800.0,92,0.0,0.0
2024-09-03 13:07:00+09:00,53900.0,53900.0,53900.0,53900.0,0,0.0,0.0
2024-09-03 13:08:00+09:00,53900.0,53900.0,53800.0,53800.0,17,0.0,0.0
2024-09-03 13:09:00+09:00,53800.0,53900.0,53800.0,53900.0,10,0.0,0.0
2024-09-03 13:10:00+09:00,53900.0,53900.0,53900.0,53900.0,44,0.0,0.0
2024-09-03 13:11:00+09:00,53900.0,53900.0,53800.0,53800.0,9,0.0,0.0
2024-09-03 13:12:00+09:00,53900.0,53900.0,53900.0,53900.0,8,0.0,0.0
2024-09-03 13:13:00+09:00,53900.0,53900.0,53800.0,53800.0,156,0.0,0.0
2024-09-03 13:14:00+09:00,53700.0,53800.0,53700.0,53800.0,16,0.0,0.0
2024-09-03 13:16:00+09:00,53800.0,53800.0,53600.0,53600.0,17,0.0,0.0
2024-09-03 13:17:00+09:00,53800.0,53800.0,53800.0,53800.0,8,0.0,0.0
2024-09-03 13:18:00+09:00,53800.0,53800.0,53800.0,53800.0,12,0.0,0.0
2024-09-03 13:19:00+09:00,53700.0,53700.0,53600.0,53600.0,13,0.0,0.0
2024-09-03 13:20:00+09:00,53700.0,53700.0,53700.0,53700.0,11,0.0,0.0
2024-09-03 13:21:00+09:00,53700.0,53700.0,53600.0,53600.0,194,0.0,0.0
2024-09-03 13:22:00+09:00,53600.0,53600.0,53600.0,53600.0,5,0.0,0.0
2024-09-03 13:23:00+09:00,53600.0,53600.0,53500.0,53500.0,94,0.0,0.0
2024-09-03 13:24:00+09:00,53500.0,53500.0,53400.0,53400.0,14,0.0,0.0
2024-09-03 13:25:00+09:00,53500.0,53500.0,53500.0,53500.0,5,0.0,0.0
2024-09-03 13:27:00+09:00,53500.0,53500.0,53100.0,53300.0,317,0.0,0.0
2024-09-03 13:28:00+09:00,53400.0,53400.0,53400.0,53400.0,85,0.0,0.0
2024-09-03 13:29:00+09:00,53500.0,53500.0,53500.0,53500.0,0,0.0,0.0
2024-09-03 13:30:00+09:00,53500.0,53500.0,53400.0,53500.0,9,0.0,0.0
2024-09-03 13:31:00+09:00,53500.0,53500.0,53500.0,53500.0,12,0.0,0.0
2024-09-03 13:32:00+09:00,53500.0,53700.0,53500.0,53700.0,231,0.0,0.0
2024-09-03 13:33:00+09:00,53500.0,53600.0,53500.0,53600.0,16,0.0,0.0
2024-09-03 13:34:00+09:00,53600.0,53600.0,53600.0,53600.0,0,0.0,0.0
2024-09-03 13:35:00+09:00,53600.0,53600.0,53500.0,53600.0,21,0.0,0.0
2024-09-03 13:36:00+09:00,53600.0,53600.0,53600.0,53600.0,34,0.0,0.0
2024-09-03 13:37:00+09:00,53700.0,53700.0,53700.0,53700.0,0,0.0,0.0
2024-09-03 13:38:00+09:00,53700.0,53700.0,53700.0,53700.0,13,0.0,0.0
2024-09-03 13:39:00+09:00,53700.0,53800.0,53700.0,53800.0,84,0.0,0.0
2024-09-03 13:40:00+09:00,53700.0,53800.0,53600.0,53800.0,22,0.0,0.0
2024-09-03 13:41:00+09:00,53700.0,53700.0,53600.0,53600.0,8,0.0,0.0
2024-09-03 13:43:00+09:00,53700.0,53800.0,53600.0,53600.0,74,0.0,0.0
2024-09-03 13:44:00+09:00,53700.0,53700.0,53700.0,53700.0,13,0.0,0.0
2024-09-03 13:45:00+09:00,53600.0,53700.0,53600.0,53700.0,0,0.0,0.0
2024-09-03 13:46:00+09:00,53700.0,53700.0,53500.0,53600.0,129,0.0,0.0
2024-09-03 13:47:00+09:00,53700.0,53700.0,53600.0,53700.0,19,0.0,0.0
2024-09-03 13:48:00+09:00,53700.0,53700.0,53700.0,53700.0,10,0.0,0.0
2024-09-03 13:49:00+09:00,53600.0,53700.0,53600.0,53600.0,26,0.0,0.0
2024-09-03 13:51:00+09:00,53600.0,53700.0,53500.0,53500.0,59,0.0,0.0
2024-09-03 13:52:00+09:00,53600.0,53600.0,53600.0,53600.0,0,0.0,0.0
2024-09-03 13:53:00+09:00,53600.0,53700.0,53600.0,53600.0,78,0.0,0.0
2024-09-03 13:54:00+09:00,53500.0,53600.0,53500.0,53600.0,0,0.0,0.0
2024-09-03 13:55:00+09:00,53500.0,53600.0,53500.0,53600.0,10,0.0,0.0
2024-09-03 13:57:00+09:00,53600.0,53600.0,53500.0,53600.0,86,0.0,0.0
2024-09-03 13:58:00+09:00,53600.0,53700.0,53600.0,53700.0,0,0.0,0.0
2024-09-03 13:59:00+09:00,53600.0,53700.0,53600.0,53700.0,10,0.0,0.0
2024-09-03 14:00:00+09:00,53600.0,53600.0,53600.0,53600.0,0,0.0,0.0
2024-09-03 14:01:00+09:00,53600.0,53600.0,53600.0,53600.0,48,0.0,0.0
2024-09-03 14:02:00+09:00,53600.0,53600.0,53400.0,53500.0,162,0.0,0.0
2024-09-03 14:03:00+09:00,53400.0,53500.0,53400.0,53500.0,0,0.0,0.0
2024-09-03 14:04:00+09:00,53500.0,53500.0,53500.0,53500.0,76,0.0,0.0
2024-09-03 14:05:00+09:00,53500.0,53500.0,53500.0,53500.0,0,0.0,0.0
2024-09-03 14:06:00+09:00,53600.0,53600.0,53500.0,53500.0,8,0.0,0.0
2024-09-03 14:07:00+09:00,53600.0,53600.0,53500.0,53500.0,20,0.0,0.0
2024-09-03 14:08:00+09:00,53600.0,53600.0,53500.0,53500.0,134,0.0,0.0
2024-09-03 14:09:00+09:00,53500.0,53600.0,53500.0,53600.0,12,0.0,0.0
2024-09-03 14:10:00+09:00,53600.0,53600.0,53600.0,53600.0,13,0.0,0.0
2024-09-03 14:11:00+09:00,53500.0,53500.0,53400.0,53500.0,19,0.0,0.0
2024-09-03 14:12:00+09:00,53500.0,53500.0,53500.0,53500.0,46,0.0,0.0
2024-09-03 14:13:00+09:00,53500.0,53500.0,53500.0,53500.0,9,0.0,0.0
2024-09-03 14:14:00+09:00,53400.0,53500.0,53400.0,53500.0,21,0.0,0.0
2024-09-03 14:15:00+09:00,53500.0,53500.0,53400.0,53400.0,401,0.0,0.0
2024-09-03 14:16:00+09:00,53500.0,53500.0,53400.0,53500.0,0,0.0,0.0
2024-09-03 14:17:00+09:00,53400.0,53500.0,53400.0,53500.0,16,0.0,0.0
2024-09-03 14:18:00+09:00,53400.0,53500.0,53400.0,53500.0,0,0.0,0.0
2024-09-03 14:19:00+09:00,53500.0,53500.0,53500.0,53500.0,63,0.0,0.0
2024-09-03 14:20:00+09:00,53500.0,53500.0,53500.0,53500.0,1,0.0,0.0
2024-09-03 14:21:00+09:00,53400.0,53500.0,53400.0,53500.0,12,0.0,0.0
2024-09-03 14:23:00+09:00,53500.0,53500.0,53400.0,53400.0,101,0.0,0.0
2024-09-03 14:24:00+09:00,53400.0,53400.0,53400.0,53400.0,38,0.0,0.0
2024-09-03 14:25:00+09:00,53400.0,53400.0,53300.0,53300.0,4,0.0,0.0
2024-09-03 14:26:00+09:00,53300.0,53400.0,53300.0,53400.0,7,0.0,0.0
2024-09-03 14:27:00+09:00,53300.0,53400.0,53000.0,53200.0,1459,0.0,0.0
2024-09-03 14:28:00+09:00,53200.0,53400.0,53200.0,53400.0,147,0.0,0.0
2024-09-03 14:29:00+09:00,53400.0,53400.0,53400.0,53400.0,12,0.0,0.0
2024-09-03 14:30:00+09:00,53400.0,53400.0,53400.0,53400.0,36,0.0,0.0
2024-09-03 14:31:00+09:00,53400.0,53400.0,53400.0,53400.0,10,0.0,0.0
2024-09-03 14:32:00+09:00,53300.0,53400.0,53300.0,53400.0,36,0.0,0.0
2024-09-03 14:33:00+09:00,53400.0,53400.0,53400.0,53400.0,0,0.0,0.0
2024-09-03 14:34:00+09:00,53400.0,53400.0,53400.0,53400.0,46,0.0,0.0
2024-09-03 14:35:00+09:00,53400.0,53400.0,53300.0,53300.0,31,0.0,0.0
2024-09-03 14:36:00+09:00,53200.0,53300.0,53200.0,53300.0,39,0.0,0.0
2024-09-03 14:37:00+09:00,53200.0,53200.0,53000.0,53100.0,863,0.0,0.0
2024-09-03 14:38:00+09:00,53200.0,53400.0,53200.0,53300.0,212,0.0,0.0
2024-09-03 14:39:00+09:00,53300.0,53300.0,53100.0,53300.0,242,0.0,0.0
2024-09-03 14:40:00+09:00,53300.0,53300.0,53300.0,53300.0,41,0.0,0.0
2024-09-03 14:41:00+09:00,53300.0,53300.0,53300.0,53300.0,32,0.0,0.0
2024-09-03 14:42:00+09:00,53400.0,53400.0,53400.0,53400.0,12,0.0,0.0
2024-09-03 14:43:00+09:00,53400.0,53400.0,53400.0,53400.0,10,0.0,0.0
2024-09-03 14:44:00+09:00,53300.0,53400.0,53300.0,53400.0,56,0.0,0.0
2024-09-03 14:45:00+09:00,53500.0,53500.0,53500.0,53500.0,0,0.0,0.0
2024-09-03 14:46:00+09:00,53500.0,53500.0,53500.0,53500.0,8,0.0,0.0
2024-09-03 14:47:00+09:00,53500.0,53500.0,53500.0,53500.0,13,0.0,0.0
2024-09-03 14:48:00+09:00,53500.0,53500.0,53500.0,53500.0,41,0.0,0.0
2024-09-03 14:49:00+09:00,53500.0,53500.0,53200.0,53200.0,136,0.0,0.0
2024-09-03 14:50:00+09:00,53400.0,53400.0,53400.0,53400.0,49,0.0,0.0
2024-09-03 14:51:00+09:00,53300.0,53400.0,53300.0,53400.0,22,0.0,0.0
2024-09-03 14:52:00+09:00,53400.0,53400.0,53400.0,53400.0,63,0.0,0.0
2024-09-03 14:53:00+09:00,53300.0,53400.0,53000.0,53000.0,2075,0.0,0.0
2024-09-03 14:54:00+09:00,53000.0,53100.0,53000.0,53000.0,1267,0.0,0.0
2024-09-03 14:55:00+09:00,53000.0,53200.0,53000.0,53100.0,0,0.0,0.0
2024-09-03 14:56:00+09:00,53100.0,53100.0,53100.0,53100.0,5,0.0,0.0
2024-09-03 14:57:00+09:00,53100.0,53100.0,53100.0,53100.0,12,0.0,0.0
2024-09-03 14:58:00+09:00,53100.0,53100.0,53000.0,53000.0,4,0.0,0.0
2024-09-03 14:59:00+09:00,53100.0,53200.0,53100.0,53200.0,388,0.0,0.0
2024-09-04 09:00:00+09:00,51400.0,51800.0,51200.0,51300.0,4731,0.0,0.0
2024-09-04 09:01:00+09:00,51300.0,51400.0,51200.0,51300.0,5212,0.0,0.0
2024-09-04 09:02:00+09:00,51400.0,51400.0,51000.0,51000.0,471,0.0,0.0
2024-09-04 09:03:00+09:00,51300.0,51500.0,51000.0,51000.0,1669,0.0,0.0
2024-09-04 09:04:00+09:00,51200.0,51200.0,51100.0,51200.0,252,0.0,0.0
2024-09-04 09:05:00+09:00,51200.0,51200.0,50900.0,51200.0,552,0.0,0.0
2024-09-04 09:06:00+09:00,51100.0,51200.0,51100.0,51200.0,50,0.0,0.0
2024-09-04 09:07:00+09:00,51200.0,51200.0,51000.0,51200.0,857,0.0,0.0
2024-09-04 09:08:00+09:00,51000.0,51200.0,51000.0,51200.0,177,0.0,0.0
2024-09-04 09:09:00+09:00,51100.0,51200.0,51000.0,51100.0,623,0.0,0.0
2024-09-04 09:10:00+09:00,51100.0,51200.0,50700.0,51100.0,2272,0.0,0.0
2024-09-04 09:11:00+09:00,51100.0,51100.0,51000.0,51100.0,621,0.0,0.0
2024-09-04 09:12:00+09:00,51100.0,51200.0,51000.0,51100.0,578,0.0,0.0
2024-09-04 09:13:00+09:00,51100.0,51100.0,51000.0,51100.0,2,0.0,0.0
2024-09-04 09:14:00+09:00,51000.0,51200.0,51000.0,51200.0,40,0.0,0.0
2024-09-04 09:15:00+09:00,51100.0,51100.0,50800.0,50800.0,979,0.0,0.0
2024-09-04 09:16:00+09:00,50800.0,50800.0,50700.0,50700.0,917,0.0,0.0
2024-09-04 09:17:00+09:00,50800.0,50900.0,50700.0,50900.0,2011,0.0,0.0
2024-09-04 09:18:00+09:00,50800.0,50800.0,50400.0,50700.0,1521,0.0,0.0
2024-09-04 09:19:00+09:00,50600.0,50800.0,50600.0,50800.0,203,0.0,0.0
2024-09-04 09:20:00+09:00,50600.0,50800.0,50600.0,50800.0,91,0.0,0.0
2024-09-04 09:21:00+09:00,50800.0,50900.0,50600.0,50600.0,274,0.0,0.0
2024-09-04 09:22:00+09:00,50800.0,50800.0,50600.0,50800.0,293,0.0,0.0
2024-09-04 09:23:00+09:00,50800.0,50800.0,50700.0,50800.0,92,0.0,0.0
2024-09-04 09:24:00+09:00,50900.0,51000.0,50500.0,50800.0,1177,0.0,0.0
2024-09-04 09:25:00+09:00,50800.0,50800.0,50700.0,50700.0,27,0.0,0.0
2024-09-04 09:26:00+09:00,50700.0,50700.0,50700.0,50700.0,360,0.0,0.0
2024-09-04 09:27:00+09:00,50600.0,50600.0,50500.0,50500.0,424,0.0,0.0
2024-09-04 09:28:00+09:00,50700.0,50700.0,50500.0,50500.0,308,0.0,0.0
2024-09-04 09:29:00+09:00,50500.0,50700.0,50400.0,50700.0,390,0.0,0.0
2024-09-04 09:30:00+09:00,50600.0,50600.0,50500.0,50600.0,1235,0.0,0.0
2024-09-04 09:31:00+09:00,50600.0,50600.0,50600.0,50600.0,98,0.0,0.0
2024-09-04 09:32:00+09:00,50500.0,50600.0,50400.0,50500.0,377,0.0,0.0
2024-09-04 09:33:00+09:00,50500.0,50600.0,50400.0,50400.0,1359,0.0,0.0
2024-09-04 09:34:00+09:00,50400.0,50400.0,50400.0,50400.0,0,0.0,0.0
2024-09-04 09:35:00+09:00,50500.0,50500.0,50300.0,50300.0,480,0.0,0.0
2024-09-04 09:36:00+09:00,50400.0,50400.0,50300.0,50300.0,2368,0.0,0.0
2024-09-04 09:37:00+09:00,50300.0,50500.0,50300.0,50400.0,86,0.0,0.0
2024-09-04 09:38:00+09:00,50400.0,50500.0,50400.0,50400.0,387,0.0,0.0
2024-09-04 09:39:00+09:00,50400.0,50400.0,50400.0,50400.0,69,0.0,0.0
2024-09-04 09:40:00+09:00,50500.0,50600.0,50500.0,50600.0,54,0.0,0.0
2024-09-04 09:41:00+09:00,50600.0,50600.0,50500.0,50500.0,90,0.0,0.0
2024-09-04 09:42:00+09:00,50500.0,50500.0,50400.0,50400.0,84,0.0,0.0
2024-09-04 09:44:00+09:00,50400.0,50500.0,50400.0,50500.0,30,0.0,0.0
2024-09-04 09:45:00+09:00,50500.0,50500.0,50500.0,50500.0,31,0.0,0.0
2024-09-04 09:46:00+09:00,50500.0,50500.0,50400.0,50500.0,339,0.0,0.0
2024-09-04 09:47:00+09:00,50600.0,50600.0,50500.0,50500.0,118,0.0,0.0
2024-09-04 09:48:00+09:00,50600.0,50600.0,50500.0,50500.0,1180,0.0,0.0
2024-09-04 09:49:00+09:00,50500.0,50500.0,50400.0,50500.0,0,0.0,0.0
2024-09-04 09:50:00+09:00,50400.0,50500.0,50400.0,50500.0,51,0.0,0.0
2024-09-04 09:51:00+09:00,50400.0,50500.0,50400.0,50500.0,82,0.0,0.0
2024-09-04 09:52:00+09:00,50500.0,50500.0,50400.0,50400.0,25,0.0,0.0
2024-09-04 09:53:00+09:00,50400.0,50400.0,50300.0,50300.0,552,0.0,0.0
2024-09-04 09:54:00+09:00,50300.0,50400.0,50300.0,50400.0,174,0.0,0.0
2024-09-04 09:55:00+09:00,50300.0,50400.0,50300.0,50300.0,96,0.0,0.0
2024-09-04 09:56:00+09:00,50400.0,50400.0,50300.0,50300.0,37,0.0,0.0
2024-09-04 09:57:00+09:00,50400.0,50400.0,50300.0,50300.0,130,0.0,0.0
2024-09-04 09:58:00+09:00,50400.0,50400.0,50300.0,50300.0,818,0.0,0.0
2024-09-04 09:59:00+09:00,50300.0,50400.0,50300.0,50400.0,35,0.0,0.0
2024-09-04 10:00:00+09:00,50300.0,50400.0,50300.0,50400.0,364,0.0,0.0
2024-09-04 10:01:00+09:00,50400.0,50400.0,50400.0,50400.0,2,0.0,0.0
2024-09-04 10:02:00+09:00,50400.0,50400.0,50400.0,50400.0,14,0.0,0.0
2024-09-04 10:03:00+09:00,50400.0,50400.0,50300.0,50400.0,1004,0.0,0.0
2024-09-04 10:04:00+09:00,50300.0,50400.0,50000.0,50100.0,3618,0.0,0.0
2024-09-04 10:05:00+09:00,50200.0,50200.0,50200.0,50200.0,29,0.0,0.0
2024-09-04 10:06:00+09:00,50100.0,50100.0,50100.0,50100.0,16,0.0,0.0
2024-09-04 10:07:00+09:00,50200.0,50200.0,50100.0,50100.0,200,0.0,0.0
2024-09-04 10:08:00+09:00,50100.0,50100.0,50000.0,50000.0,0,0.0,0.0
2024-09-04 10:09:00+09:00,50000.0,50100.0,50000.0,50100.0,399,0.0,0.0
2024-09-04 10:10:00+09:00,50100.0,50100.0,50000.0,50000.0,10,0.0,0.0
2024-09-04 10:11:00+09:00,50100.0,50100.0,50100.0,50100.0,55,0.0,0.0
2024-09-04 10:12:00+09:00,50100.0,50100.0,50100.0,50100.0,17,0.0,0.0
2024-09-04 10:13:00+09:00,50200.0,50200.0,50200.0,50200.0,224,0.0,0.0
2024-09-04 10:14:00+09:00,50300.0,50300.0,50300.0,50300.0,17,0.0,0.0
2024-09-04 10:15:00+09:00,50300.0,50300.0,50200.0,50200.0,81,0.0,0.0
2024-09-04 10:16:00+09:00,50300.0,50300.0,50300.0,50300.0,0,0.0,0.0
2024-09-04 10:17:00+09:00,50300.0,50300.0,50200.0,50300.0,124,0.0,0.0
2024-09-04 10:18:00+09:00,50200.0,50300.0,50100.0,50200.0,1104,0.0,0.0
2024-09-04 10:19:00+09:00,50200.0,50300.0,50200.0,50300.0,13,0.0,0.0
2024-09-04 10:20:00+09:00,50300.0,50300.0,50300.0,50300.0,5,0.0,0.0
2024-09-04 10:22:00+09:00,50200.0,50200.0,50200.0,50200.0,2,0.0,0.0
2024-09-04 10:23:00+09:00,50300.0,50400.0,50300.0,50400.0,296,0.0,0.0
2024-09-04 10:24:00+09:00,50400.0,50500.0,50400.0,50500.0,0,0.0,0.0
2024-09-04 10:25:00+09:00,50500.0,50500.0,50500.0,50500.0,0,0.0,0.0
2024-09-04 10:26:00+09:00,50500.0,50500.0,50400.0,50500.0,95,0.0,0.0
2024-09-04 10:27:00+09:00,50500.0,50500.0,50500.0,50500.0,81,0.0,0.0
2024-09-04 10:28:00+09:00,50500.0,50500.0,50500.0,50500.0,5,0.0,0.0
2024-09-04 10:29:00+09:00,50500.0,50500.0,50500.0,50500.0,20,0.0,0.0
2024-09-04 10:30:00+09:00,50500.0,50500.0,50500.0,50500.0,20,0.0,0.0
2024-09-04 10:31:00+09:00,50500.0,50500.0,50400.0,50400.0,53,0.0,0.0
2024-09-04 10:32:00+09:00,50500.0,50500.0,50400.0,50400.0,223,0.0,0.0
2024-09-04 10:33:00+09:00,50600.0,50600.0,50600.0,50600.0,0,0.0,0.0
2024-09-04 10:34:00+09:00,50600.0,50700.0,50600.0,50700.0,347,0.0,0.0
2024-09-04 10:35:00+09:00,50800.0,50800.0,50800.0,50800.0,156,0.0,0.0
2024-09-04 10:36:00+09:00,50800.0,50800.0,50800.0,50800.0,16,0.0,0.0
2024-09-04 10:37:00+09:00,50800.0,50900.0,50800.0,50900.0,157,0.0,0.0
2024-09-04 10:38:00+09:00,50900.0,50900.0,50900.0,50900.0,171,0.0,0.0
2024-09-04 10:39:00+09:00,50900.0,51100.0,50900.0,51100.0,1153,0.0,0.0
2024-09-04 10:40:00+09:00,51100.0,51200.0,51100.0,51200.0,43,0.0,0.0
2024-09-04 10:41:00+09:00,51200.0,51300.0,51200.0,51300.0,490,0.0,0.0
2024-09-04 10:42:00+09:00,51300.0,51300.0,51300.0,51300.0,302,0.0,0.0
2024-09-04 10:43:00+09:00,51400.0,51400.0,51200.0,51300.0,160,0.0,0.0
2024-09-04 10:44:00+09:00,51300.0,51300.0,51300.0,51300.0,109,0.0,0.0
2024-09-04 10:45:00+09:00,51200.0,51200.0,51200.0,51200.0,0,0.0,0.0
2024-09-04 10:46:00+09:00,51200.0,51200.0,51200.0,51200.0,89,0.0,0.0
2024-09-04 10:47:00+09:00,51200.0,51300.0,51200.0,51200.0,77,0.0,0.0
2024-09-04 10:48:00+09:00,51300.0,51300.0,51200.0,51200.0,10,0.0,0.0
2024-09-04 10:49:00+09:00,51300.0,51300.0,51300.0,51300.0,50,0.0,0.0
2024-09-04 10:50:00+09:00,51300.0,51300.0,51300.0,51300.0,234,0.0,0.0
2024-09-04 10:51:00+09:00,51400.0,51400.0,51400.0,51400.0,18,0.0,0.0
2024-09-04 10:52:00+09:00,51400.0,51400.0,51400.0,51400.0,1,0.0,0.0
2024-09-04 10:53:00+09:00,51400.0,51400.0,51400.0,51400.0,1045,0.0,0.0
2024-09-04 10:54:00+09:00,51400.0,51400.0,51300.0,51300.0,209,0.0,0.0
2024-09-04 10:55:00+09:00,51200.0,51200.0,51200.0,51200.0,2,0.0,0.0
2024-09-04 10:56:00+09:00,51200.0,51200.0,51100.0,51100.0,1129,0.0,0.0
2024-09-04 10:57:00+09:00,51000.0,51000.0,51000.0,51000.0,400,0.0,0.0
2024-09-04 10:58:00+09:00,51000.0,51000.0,51000.0,51000.0,0,0.0,0.0
2024-09-04 10:59:00+09:00,51000.0,51000.0,51000.0,51000.0,19,0.0,0.0
2024-09-04 11:00:00+09:00,51200.0,51200.0,50900.0,50900.0,102,0.0,0.0
2024-09-04 11:01:00+09:00,50900.0,50900.0,50800.0,50800.0,345,0.0,0.0
2024-09-04 11:02:00+09:00,50900.0,50900.0,50900.0,50900.0,178,0.0,0.0
2024-09-04 11:03:00+09:00,50900.0,51100.0,50900.0,51100.0,0,0.0,0.0
2024-09-04 11:04:00+09:00,51100.0,51100.0,51100.0,51100.0,2,0.0,0.0
2024-09-04 11:05:00+09:00,51100.0,51100.0,51000.0,51000.0,2,0.0,0.0
2024-09-04 11:07:00+09:00,51200.0,51200.0,51100.0,51100.0,11,0.0,0.0
2024-09-04 11:08:00+09:00,51100.0,51300.0,51100.0,51300.0,93,0.0,0.0
2024-09-04 11:12:00+09:00,51200.0,51200.0,51100.0,51100.0,239,0.0,0.0
2024-09-04 11:13:00+09:00,51100.0,51100.0,51100.0,51100.0,69,0.0,0.0
2024-09-04 11:14:00+09:00,51200.0,51200.0,51200.0,51200.0,3,0.0,0.0
2024-09-04 11:15:00+09:00,51200.0,51200.0,51200.0,51200.0,29,0.0,0.0
2024-09-04 11:16:00+09:00,51100.0,51100.0,51100.0,51100.0,0,0.0,0.0
2024-09-04 11:18:00+09:00,51100.0,51100.0,51100.0,51100.0,47455,0.0,0.0
2024-09-04 11:20:00+09:00,51200.0,51200.0,51200.0,51200.0,4,0.0,0.0
2024-09-04 11:21:00+09:00,51100.0,51200.0,51100.0,51200.0,95,0.0,0.0
2024-09-04 11:22:00+09:00,51300.0,51300.0,51200.0,51300.0,0,0.0,0.0
2024-09-04 11:25:00+09:00,51200.0,51200.0,51200.0,51200.0,30,0.0,0.0
2024-09-04 11:27:00+09:00,51200.0,51200.0,51200.0,51200.0,61,0.0,0.0
2024-09-04 11:28:00+09:00,51300.0,51300.0,51300.0,51300.0,2,0.0,0.0
2024-09-04 11:29:00+09:00,51200.0,51300.0,51200.0,51300.0,52,0.0,0.0
2024-09-04 11:30:00+09:00,51200.0,51200.0,51200.0,51200.0,36,0.0,0.0
2024-09-04 11:31:00+09:00,51200.0,51200.0,51200.0,51200.0,268,0.0,0.0
2024-09-04 11:32:00+09:00,51100.0,51100.0,51100.0,51100.0,20,0.0,0.0
2024-09-04 11:34:00+09:00,51000.0,51000.0,51000.0,51000.0,5,0.0,0.0
2024-09-04 11:38:00+09:00,51000.0,51000.0,51000.0,51000.0,19,0.0,0.0
2024-09-04 11:41:00+09:00,51000.0,51000.0,51000.0,51000.0,0,0.0,0.0
2024-09-04 11:44:00+09:00,51000.0,51000.0,51000.0,51000.0,15,0.0,0.0
2024-09-04 11:47:00+09:00,51100.0,51100.0,51100.0,51100.0,0,0.0,0.0
2024-09-04 11:48:00+09:00,51000.0,51100.0,51000.0,51100.0,6,0.0,0.0
2024-09-04 11:50:00+09:00,51000.0,51000.0,51000.0,51000.0,2,0.0,0.0
2024-09-04 11:51:00+09:00,51000.0,51000.0,51000.0,51000.0,10,0.0,0.0
2024-09-04 11:52:00+09:00,51100.0,51100.0,51100.0,51100.0,0,0.0,0.0
2024-09-04 11:55:00+09:00,51000.0,51000.0,51000.0,51000.0,2,0.0,0.0
2024-09-04 11:57:00+09:00,51000.0,51000.0,50900.0,51000.0,422,0.0,0.0
2024-09-04 12:01:00+09:00,51000.0,51000.0,51000.0,51000.0,0,0.0,0.0
2024-09-04 12:03:00+09:00,50900.0,50900.0,50900.0,50900.0,5,0.0,0.0
2024-09-04 12:05:00+09:00,50900.0,50900.0,50900.0,50900.0,0,0.0,0.0
2024-09-04 12:06:00+09:00,50900.0,50900.0,50900.0,50900.0,10,0.0,0.0
2024-09-04 12:07:00+09:00,50900.0,50900.0,50900.0,50900.0,27,0.0,0.0
2024-09-04 12:09:00+09:00,50900.0,50900.0,50900.0,50900.0,2,0.0,0.0
2024-09-04 12:10:00+09:00,50900.0,50900.0,50900.0,50900.0,9,0.0,0.0
2024-09-04 12:11:00+09:00,51000.0,51000.0,51000.0,51000.0,0,0.0,0.0
2024-09-04 12:12:00+09:00,50900.0,50900.0,50900.0,50900.0,11,0.0,0.0
2024-09-04 12:15:00+09:00,51000.0,51000.0,51000.0,51000.0,0,0.0,0.0
2024-09-04 12:16:00+09:00,50900.0,50900.0,50900.0,50900.0,10,0.0,0.0
2024-09-04 12:17:00+09:00,51000.0,51000.0,51000.0,51000.0,0,0.0,0.0
2024-09-04 12:18:00+09:00,51000.0,51000.0,51000.0,51000.0,46,0.0,0.0
2024-09-04 12:19:00+09:00,51000.0,51000.0,51000.0,51000.0,3,0.0,0.0
2024-09-04 12:20:00+09:00,51000.0,51000.0,50900.0,50900.0,16,0.0,0.0
2024-09-04 12:26:00+09:00,50900.0,51000.0,50900.0,51000.0,55,0.0,0.0
2024-09-04 12:27:00+09:00,51000.0,51000.0,50900.0,50900.0,970,0.0,0.0
2024-09-04 12:28:00+09:00,51000.0,51000.0,50900.0,50900.0,20,0.0,0.0
2024-09-04 12:29:00+09:00,50800.0,50800.0,50700.0,50700.0,117,0.0,0.0
2024-09-04 12:30:00+09:00,50800.0,50800.0,50800.0,50800.0,39,0.0,0.0
2024-09-04 12:31:00+09:00,50800.0,50800.0,50800.0,50800.0,3,0.0,0.0
2024-09-04 12:34:00+09:00,50700.0,50700.0,50700.0,50700.0,8,0.0,0.0
2024-09-04 12:37:00+09:00,50700.0,50700.0,50600.0,50600.0,195,0.0,0.0
2024-09-04 12:38:00+09:00,50700.0,50700.0,50700.0,50700.0,126,0.0,0.0
2024-09-04 12:39:00+09:00,50600.0,50600.0,50600.0,50600.0,357,0.0,0.0
2024-09-04 12:40:00+09:00,50600.0,50600.0,50500.0,50500.0,640,0.0,0.0
2024-09-04 12:42:00+09:00,50700.0,50700.0,50700.0,50700.0,0,0.0,0.0
2024-09-04 12:43:00+09:00,50500.0,50500.0,50500.0,50500.0,64,0.0,0.0
2024-09-04 12:45:00+09:00,50500.0,50500.0,50500.0,50500.0,0,0.0,0.0
2024-09-04 12:47:00+09:00,50700.0,50700.0,50700.0,50700.0,1,0.0,0.0
2024-09-04 12:48:00+09:00,50700.0,50700.0,50700.0,50700.0,226,0.0,0.0
2024-09-04 12:49:00+09:00,50700.0,50700.0,50700.0,50700.0,0,0.0,0.0
2024-09-04 12:50:00+09:00,50700.0,50800.0,50700.0,50800.0,187,0.0,0.0
2024-09-04 12:51:00+09:00,50800.0,50900.0,50800.0,50900.0,0,0.0,0.0
2024-09-04 12:52:00+09:00,50900.0,50900.0,50900.0,50900.0,4,0.0,0.0
2024-09-04 12:53:00+09:00,50800.0,50800.0,50600.0,50600.0,222,0.0,0.0
2024-09-04 12:54:00+09:00,50600.0,50600.0,50500.0,50500.0,690,0.0,0.0
2024-09-04 12:57:00+09:00,50500.0,50500.0,50500.0,50500.0,99,0.0,0.0
2024-09-04 12:59:00+09:00,50600.0,50600.0,50500.0,50500.0,0,0.0,0.0
2024-09-04 13:00:00+09:00,50600.0,50700.0,50600.0,50700.0,176,0.0,0.0
2024-09-04 13:01:00+09:00,50800.0,50800.0,50800.0,50800.0,8,0.0,0.0
2024-09-04 13:02:00+09:00,50800.0,50900.0,50800.0,50900.0,30,0.0,0.0
2024-09-04 13:03:00+09:00,50900.0,51400.0,50900.0,51400.0,1099,0.0,0.0
2024-09-04 13:04:00+09:00,51400.0,51400.0,51000.0,51200.0,230,0.0,0.0
2024-09-04 13:05:00+09:00,51100.0,51300.0,51100.0,51100.0,318,0.0,0.0
2024-09-04 13:06:00+09:00,51000.0,51100.0,51000.0,51100.0,5,0.0,0.0
2024-09-04 13:07:00+09:00,51100.0,51100.0,51100.0,51100.0,32,0.0,0.0
2024-09-04 13:08:00+09:00,51100.0,51100.0,51100.0,51100.0,8,0.0,0.0
2024-09-04 13:09:00+09:00,51100.0,51100.0,51100.0,51100.0,12,0.0,0.0
2024-09-04 13:10:00+09:00,51100.0,51300.0,51100.0,51100.0,101,0.0,0.0
2024-09-04 13:11:00+09:00,51100.0,51100.0,51100.0,51100.0,0,0.0,0.0
2024-09-04 13:12:00+09:00,51000.0,51000.0,51000.0,51000.0,23,0.0,0.0
2024-09-04 13:13:00+09:00,51000.0,51000.0,51000.0,51000.0,9,0.0,0.0
2024-09-04 13:14:00+09:00,50900.0,50900.0,50900.0,50900.0,62,0.0,0.0
2024-09-04 13:15:00+09:00,50900.0,50900.0,50900.0,50900.0,22,0.0,0.0
2024-09-04 13:16:00+09:00,50900.0,50900.0,50900.0,50900.0,9,0.0,0.0
2024-09-04 13:17:00+09:00,50900.0,50900.0,50900.0,50900.0,12,0.0,0.0
2024-09-04 13:18:00+09:00,50900.0,50900.0,50900.0,50900.0,6,0.0,0.0
2024-09-04 13:19:00+09:00,50900.0,50900.0,50900.0,50900.0,8,0.0,0.0
2024-09-04 13:20:00+09:00,50900.0,50900.0,50900.0,50900.0,67,0.0,0.0
2024-09-04 13:21:00+09:00,50800.0,50800.0,50800.0,50800.0,148,0.0,0.0
2024-09-04 13:22:00+09:00,50900.0,50900.0,50900.0,50900.0,0,0.0,0.0
2024-09-04 13:23:00+09:00,50900.0,50900.0,50900.0,50900.0,14,0.0,0.0
2024-09-04 13:24:00+09:00,50900.0,50900.0,50800.0,50800.0,2,0.0,0.0
2024-09-04 13:25:00+09:00,50800.0,50800.0,50800.0,50800.0,3,0.0,0.0
2024-09-04 13:26:00+09:00,50800.0,50800.0,50800.0,50800.0,8,0.0,0.0
2024-09-04 13:27:00+09:00,50800.0,50800.0,50700.0,50700.0,408,0.0,0.0
2024-09-04 13:28:00+09:00,50900.0,50900.0,50700.0,50700.0,835,0.0,0.0
2024-09-04 13:29:00+09:00,50800.0,50900.0,50800.0,50900.0,26,0.0,0.0
2024-09-04 13:30:00+09:00,50900.0,50900.0,50900.0,50900.0,4,0.0,0.0
2024-09-04 13:31:00+09:00,50900.0,50900.0,50900.0,50900.0,9,0.0,0.0
2024-09-04 13:32:00+09:00,50900.0,50900.0,50900.0,50900.0,21,0.0,0.0
2024-09-04 13:33:00+09:00,50900.0,50900.0,50900.0,50900.0,14,0.0,0.0
2024-09-04 13:34:00+09:00,50800.0,50900.0,50700.0,50700.0,343,0.0,0.0
2024-09-04 13:36:00+09:00,50700.0,50900.0,50700.0,50900.0,195,0.0,0.0
2024-09-04 13:37:00+09:00,50800.0,50800.0,50700.0,50800.0,0,0.0,0.0
2024-09-04 13:38:00+09:00,50800.0,50800.0,50800.0,50800.0,5,0.0,0.0
2024-09-04 13:39:00+09:00,50900.0,50900.0,50900.0,50900.0,13,0.0,0.0
2024-09-04 13:40:00+09:00,50900.0,50900.0,50900.0,50900.0,11,0.0,0.0
2024-09-04 13:41:00+09:00,50900.0,50900.0,50900.0,50900.0,0,0.0,0.0
2024-09-04 13:42:00+09:00,50900.0,51000.0,50900.0,50900.0,74,0.0,0.0
2024-09-04 13:43:00+09:00,51000.0,51000.0,51000.0,51000.0,0,0.0,0.0
2024-09-04 13:44:00+09:00,51000.0,51000.0,51000.0,51000.0,56596,0.0,0.0
2024-09-04 13:45:00+09:00,50900.0,50900.0,50900.0,50900.0,19,0.0,0.0
2024-09-04 13:46:00+09:00,51000.0,51000.0,50900.0,50900.0,0,0.0,0.0
2024-09-04 13:47:00+09:00,50900.0,50900.0,50900.0,50900.0,78,0.0,0.0
2024-09-04 13:48:00+09:00,50900.0,50900.0,50800.0,50800.0,0,0.0,0.0
2024-09-04 13:49:00+09:00,50800.0,50800.0,50800.0,50800.0,45,0.0,0.0
2024-09-04 13:51:00+09:00,50800.0,50900.0,50800.0,50900.0,21,0.0,0.0
2024-09-04 13:52:00+09:00,50900.0,51000.0,50900.0,51000.0,308,0.0,0.0
2024-09-04 13:53:00+09:00,51000.0,51000.0,51000.0,51000.0,20,0.0,0.0
2024-09-04 13:54:00+09:00,51000.0,51000.0,50900.0,50900.0,16,0.0,0.0
2024-09-04 13:55:00+09:00,50900.0,51000.0,50900.0,51000.0,20,0.0,0.0
2024-09-04 13:56:00+09:00,51000.0,51000.0,51000.0,51000.0,8,0.0,0.0
2024-09-04 13:57:00+09:00,51000.0,51000.0,51000.0,51000.0,134,0.0,0.0
2024-09-04 13:58:00+09:00,51000.0,51000.0,51000.0,51000.0,0,0.0,0.0
2024-09-04 13:59:00+09:00,51000.0,51000.0,51000.0,51000.0,15,0.0,0.0
2024-09-04 14:00:00+09:00,51000.0,51000.0,51000.0,51000.0,25,0.0,0.0
2024-09-04 14:01:00+09:00,51100.0,51100.0,51100.0,51100.0,5,0.0,0.0
2024-09-04 14:02:00+09:00,50900.0,50900.0,50900.0,50900.0,3,0.0,0.0
2024-09-04 14:03:00+09:00,51000.0,51000.0,51000.0,51000.0,10,0.0,0.0
2024-09-04 14:05:00+09:00,51000.0,51000.0,50900.0,50900.0,2,0.0,0.0
2024-09-04 14:06:00+09:00,50900.0,50900.0,50800.0,50800.0,303,0.0,0.0
2024-09-04 14:07:00+09:00,50800.0,50800.0,50700.0,50700.0,161,0.0,0.0
2024-09-04 14:09:00+09:00,50700.0,50700.0,50700.0,50700.0,24,0.0,0.0
2024-09-04 14:10:00+09:00,50700.0,50700.0,50700.0,50700.0,0,0.0,0.0
2024-09-04 14:11:00+09:00,50700.0,50700.0,50600.0,50600.0,89,0.0,0.0
2024-09-04 14:12:00+09:00,50700.0,50700.0,50700.0,50700.0,0,0.0,0.0
2024-09-04 14:13:00+09:00,50600.0,50700.0,50600.0,50600.0,31,0.0,0.0
2024-09-04 14:14:00+09:00,50600.0,50600.0,50600.0,50600.0,803,0.0,0.0
2024-09-04 14:15:00+09:00,50600.0,50600.0,50600.0,50600.0,0,0.0,0.0
2024-09-04 14:16:00+09:00,50600.0,50600.0,50600.0,50600.0,109,0.0,0.0
2024-09-04 14:17:00+09:00,50600.0,50600.0,50600.0,50600.0,0,0.0,0.0
2024-09-04 14:18:00+09:00,50600.0,50600.0,50600.0,50600.0,548,0.0,0.0
2024-09-04 14:19:00+09:00,50600.0,50600.0,50600.0,50600.0,0,0.0,0.0
2024-09-04 14:20:00+09:00,50600.0,50600.0,50600.0,50600.0,2,0.0,0.0
2024-09-04 14:21:00+09:00,50600.0,50600.0,50600.0,50600.0,15,0.0,0.0
2024-09-04 14:22:00+09:00,50600.0,50600.0,50600.0,50600.0,0,0.0,0.0
2024-09-04 14:23:00+09:00,50600.0,50600.0,50600.0,50600.0,100,0.0,0.0
2024-09-04 14:24:00+09:00,50600.0,50600.0,50600.0,50600.0,355,0.0,0.0
2024-09-04 14:25:00+09:00,50600.0,50700.0,50600.0,50700.0,203,0.0,0.0
2024-09-04 14:26:00+09:00,50800.0,50800.0,50800.0,50800.0,24,0.0,0.0
2024-09-04 14:27:00+09:00,50800.0,50900.0,50800.0,50900.0,501,0.0,0.0
2024-09-04 14:29:00+09:00,51000.0,51000.0,50900.0,50900.0,0,0.0,0.0
2024-09-04 14:30:00+09:00,50900.0,50900.0,50800.0,50800.0,37,0.0,0.0
2024-09-04 14:31:00+09:00,50900.0,50900.0,50800.0,50800.0,22,0.0,0.0
2024-09-04 14:33:00+09:00,50800.0,50800.0,50800.0,50800.0,22,0.0,0.0
2024-09-04 14:34:00+09:00,50800.0,50900.0,50800.0,50900.0,0,0.0,0.0
2024-09-04 14:35:00+09:00,50900.0,50900.0,50800.0,50800.0,15,0.0,0.0
2024-09-04 14:36:00+09:00,50900.0,50900.0,50700.0,50700.0,161,0.0,0.0
2024-09-04 14:37:00+09:00,50700.0,50800.0,50700.0,50800.0,117,0.0,0.0
2024-09-04 14:38:00+09:00,50700.0,50800.0,50700.0,50800.0,33,0.0,0.0
2024-09-04 14:39:00+09:00,50800.0,50800.0,50800.0,50800.0,6,0.0,0.0
2024-09-04 14:40:00+09:00,50700.0,50700.0,50700.0,50700.0,299,0.0,0.0
2024-09-04 14:41:00+09:00,50700.0,50700.0,50700.0,50700.0,54,0.0,0.0
2024-09-04 14:42:00+09:00,50700.0,50700.0,50700.0,50700.0,0,0.0,0.0
2024-09-04 14:43:00+09:00,50700.0,50700.0,50700.0,50700.0,199,0.0,0.0
2024-09-04 14:46:00+09:00,50700.0,50800.0,50700.0,50800.0,0,0.0,0.0
2024-09-04 14:47:00+09:00,50800.0,50800.0,50700.0,50700.0,81,0.0,0.0
2024-09-04 14:48:00+09:00,50800.0,50800.0,50700.0,50700.0,19,0.0,0.0
2024-09-04 14:49:00+09:00,50800.0,50800.0,50800.0,50800.0,19,0.0,0.0
2024-09-04 14:50:00+09:00,50800.0,50800.0,50800.0,50800.0,0,0.0,0.0
2024-09-04 14:51:00+09:00,50800.0,50900.0,50800.0,50900.0,188,0.0,0.0
2024-09-04 14:52:00+09:00,50800.0,50800.0,50800.0,50800.0,199,0.0,0.0
2024-09-04 14:53:00+09:00,50800.0,50800.0,50800.0,50800.0,0,0.0,0.0
2024-09-04 14:54:00+09:00,50800.0,50800.0,50800.0,50800.0,326,0.0,0.0
2024-09-04 14:55:00+09:00,50900.0,50900.0,50900.0,50900.0,256,0.0,0.0
2024-09-04 14:56:00+09:00,50900.0,50900.0,50800.0,50800.0,0,0.0,0.0
2024-09-04 14:58:00+09:00,50900.0,51000.0,50900.0,51000.0,395,0.0,0.0
2024-09-04 14:59:00+09:00,51000.0,51100.0,50900.0,51100.0,0,0.0,0.0
2024-09-05 09:00:00+09:00,51400.0,51400.0,51400.0,51400.0,142,0.0,0.0
2024-09-05 09:01:00+09:00,51200.0,51200.0,51200.0,51200.0,199,0.0,0.0
2024-09-05 09:03:00+09:00,51200.0,51200.0,51100.0,51200.0,5,0.0,0.0
2024-09-05 09:04:00+09:00,51200.0,51200.0,51200.0,51200.0,2,0.0,0.0
2024-09-05 09:05:00+09:00,51100.0,51100.0,51100.0,51100.0,160,0.0,0.0
2024-09-05 09:06:00+09:00,51200.0,51200.0,51100.0,51100.0,137,0.0,0.0
2024-09-05 09:07:00+09:00,51100.0,51100.0,51100.0,51100.0,68,0.0,0.0
2024-09-05 09:09:00+09:00,51100.0,51100.0,51100.0,51100.0,0,0.0,0.0
2024-09-05 09:11:00+09:00,51100.0,51100.0,51000.0,51000.0,199,0.0,0.0
2024-09-05 09:12:00+09:00,51000.0,51000.0,51000.0,51000.0,242,0.0,0.0
2024-09-05 09:13:00+09:00,51000.0,51000.0,50900.0,51000.0,309,0.0,0.0
2024-09-05 09:14:00+09:00,51100.0,51100.0,51100.0,51100.0,103,0.0,0.0
2024-09-05 09:15:00+09:00,51100.0,51100.0,51100.0,51100.0,0,0.0,0.0
2024-09-05 09:16:00+09:00,51200.0,51200.0,51200.0,51200.0,5,0.0,0.0
2024-09-05 09:17:00+09:00,51200.0,51400.0,51200.0,51400.0,301,0.0,0.0
2024-09-05 09:18:00+09:00,51300.0,51400.0,51300.0,51300.0,8,0.0,0.0
2024-09-05 09:19:00+09:00,51200.0,51200.0,51200.0,51200.0,7,0.0,0.0
2024-09-05 09:20:00+09:00,51300.0,51300.0,51200.0,51200.0,118,0.0,0.0
2024-09-05 09:21:00+09:00,51300.0,51300.0,51300.0,51300.0,2,0.0,0.0
2024-09-05 09:22:00+09:00,51300.0,51300.0,51300.0,51300.0,194,0.0,0.0
2024-09-05 09:23:00+09:00,51300.0,51300.0,51300.0,51300.0,0,0.0,0.0
2024-09-05 09:25:00+09:00,51300.0,51400.0,51300.0,51400.0,237,0.0,0.0
2024-09-05 09:26:00+09:00,51400.0,51600.0,51400.0,51600.0,433,0.0,0.0
2024-09-05 09:27:00+09:00,51600.0,51600.0,51600.0,51600.0,152,0.0,0.0
2024-09-05 09:28:00+09:00,51700.0,51800.0,51600.0,51800.0,117,0.0,0.0
2024-09-05 09:29:00+09:00,51800.0,51800.0,51600.0,51600.0,887,0.0,0.0
2024-09-05 09:30:00+09:00,51600.0,51700.0,51600.0,51600.0,0,0.0,0.0
2024-09-05 09:31:00+09:00,51700.0,51700.0,51700.0,51700.0,0,0.0,0.0
2024-09-05 09:32:00+09:00,51700.0,51700.0,51700.0,51700.0,35,0.0,0.0
2024-09-05 09:34:00+09:00,51700.0,51700.0,51700.0,51700.0,2,0.0,0.0
2024-09-05 09:35:00+09:00,51700.0,51700.0,51500.0,51600.0,50,0.0,0.0
2024-09-05 09:36:00+09:00,51600.0,51600.0,51500.0,51500.0,104,0.0,0.0
2024-09-05 09:37:00+09:00,51600.0,51700.0,51600.0,51700.0,182,0.0,0.0
2024-09-05 09:38:00+09:00,51700.0,51700.0,51700.0,51700.0,12,0.0,0.0
2024-09-05 09:39:00+09:00,51700.0,51800.0,51700.0,51800.0,270,0.0,0.0
2024-09-05 09:40:00+09:00,51800.0,51900.0,51800.0,51900.0,34,0.0,0.0
2024-09-05 09:41:00+09:00,51900.0,51900.0,51800.0,51900.0,10,0.0,0.0
2024-09-05 09:42:00+09:00,51900.0,51900.0,51900.0,51900.0,2,0.0,0.0
2024-09-05 09:43:00+09:00,51900.0,51900.0,51800.0,51800.0,2,0.0,0.0
2024-09-05 09:44:00+09:00,51900.0,51900.0,51800.0,51900.0,192,0.0,0.0
2024-09-05 09:45:00+09:00,51900.0,52000.0,51900.0,52000.0,174,0.0,0.0
2024-09-05 09:46:00+09:00,52000.0,52000.0,51900.0,51900.0,11,0.0,0.0
2024-09-05 09:47:00+09:00,51900.0,52000.0,51900.0,52000.0,52,0.0,0.0
2024-09-05 09:48:00+09:00,51900.0,51900.0,51900.0,51900.0,344,0.0,0.0
2024-09-05 09:49:00+09:00,52000.0,52000.0,52000.0,52000.0,45,0.0,0.0
2024-09-05 09:50:00+09:00,52000.0,52000.0,51900.0,51900.0,0,0.0,0.0
2024-09-05 09:51:00+09:00,51900.0,52000.0,51900.0,51900.0,7,0.0,0.0
2024-09-05 09:52:00+09:00,51800.0,51900.0,51800.0,51900.0,13,0.0,0.0
2024-09-05 09:53:00+09:00,51900.0,51900.0,51900.0,51900.0,7,0.0,0.0
2024-09-05 09:54:00+09:00,51900.0,51900.0,51800.0,51900.0,11,0.0,0.0
2024-09-05 09:55:00+09:00,51900.0,51900.0,51900.0,51900.0,9,0.0,0.0
2024-09-05 09:56:00+09:00,51900.0,51900.0,51800.0,51800.0,55,0.0,0.0
2024-09-05 09:57:00+09:00,51900.0,52000.0,51900.0,52000.0,15,0.0,0.0
2024-09-05 09:58:00+09:00,52000.0,52100.0,52000.0,52100.0,570,0.0,0.0
2024-09-05 09:59:00+09:00,52100.0,52100.0,52100.0,52100.0,138,0.0,0.0
2024-09-05 10:00:00+09:00,52200.0,52200.0,52200.0,52200.0,4,0.0,0.0
2024-09-05 10:01:00+09:00,52100.0,52200.0,52100.0,52200.0,6,0.0,0.0
2024-09-05 10:02:00+09:00,52200.0,52200.0,52100.0,52100.0,0,0.0,0.0
2024-09-05 10:03:00+09:00,52200.0,52200.0,52100.0,52100.0,164,0.0,0.0
2024-09-05 10:04:00+09:00,52200.0,52200.0,52200.0,52200.0,0,0.0,0.0
2024-09-05 10:05:00+09:00,52200.0,52200.0,52100.0,52100.0,10,0.0,0.0
2024-09-05 10:06:00+09:00,52200.0,52200.0,52000.0,52100.0,308,0.0,0.0
2024-09-05 10:07:00+09:00,52100.0,52100.0,52100.0,52100.0,5,0.0,0.0
2024-09-05 10:08:00+09:00,52000.0,52100.0,52000.0,52000.0,19,0.0,0.0
2024-09-05 10:09:00+09:00,52000.0,52000.0,51900.0,51900.0,632,0.0,0.0
2024-09-05 10:10:00+09:00,51900.0,51900.0,51900.0,51900.0,0,0.0,0.0
2024-09-05 10:11:00+09:00,51800.0,51800.0,51800.0,51800.0,50,0.0,0.0
2024-09-05 10:12:00+09:00,51900.0,51900.0,51900.0,51900.0,7,0.0,0.0
2024-09-05 10:13:00+09:00,51900.0,51900.0,51800.0,51800.0,8,0.0,0.0
2024-09-05 10:14:00+09:00,51900.0,51900.0,51900.0,51900.0,278,0.0,0.0
2024-09-05 10:15:00+09:00,51900.0,51900.0,51900.0,51900.0,0,0.0,0.0
2024-09-05 10:16:00+09:00,51900.0,51900.0,51800.0,51900.0,12,0.0,0.0
2024-09-05 10:17:00+09:00,51900.0,51900.0,51900.0,51900.0,9,0.0,0.0
2024-09-05 10:18:00+09:00,52000.0,52000.0,52000.0,52000.0,0,0.0,0.0
2024-09-05 10:19:00+09:00,52000.0,52000.0,51900.0,51900.0,30,0.0,0.0
2024-09-05 10:20:00+09:00,51900.0,51900.0,51900.0,51900.0,4,0.0,0.0
2024-09-05 10:21:00+09:00,51900.0,51900.0,51900.0,51900.0,3,0.0,0.0
2024-09-05 10:22:00+09:00,51800.0,51900.0,51800.0,51900.0,11,0.0,0.0
2024-09-05 10:23:00+09:00,51900.0,51900.0,51900.0,51900.0,2,0.0,0.0
2024-09-05 10:24:00+09:00,51900.0,51900.0,51900.0,51900.0,22,0.0,0.0
2024-09-05 10:25:00+09:00,51900.0,51900.0,51900.0,51900.0,0,0.0,0.0
2024-09-05 10:26:00+09:00,51900.0,51900.0,51900.0,51900.0,16,0.0,0.0
2024-09-05 10:27:00+09:00,51900.0,51900.0,51800.0,51900.0,4,0.0,0.0
2024-09-05 10:28:00+09:00,52000.0,52000.0,51900.0,51900.0,12,0.0,0.0
2024-09-05 10:29:00+09:00,51900.0,51900.0,51900.0,51900.0,24,0.0,0.0
2024-09-05 10:30:00+09:00,51900.0,51900.0,51900.0,51900.0,0,0.0,0.0
2024-09-05 10:31:00+09:00,51800.0,51900.0,51800.0,51900.0,10,0.0,0.0
2024-09-05 10:33:00+09:00,51900.0,51900.0,51900.0,51900.0,2,0.0,0.0
2024-09-05 10:34:00+09:00,51900.0,51900.0,51900.0,51900.0,20,0.0,0.0
2024-09-05 10:35:00+09:00,51900.0,51900.0,51900.0,51900.0,3,0.0,0.0
2024-09-05 10:36:00+09:00,51900.0,52000.0,51900.0,52000.0,7,0.0,0.0
2024-09-05 10:37:00+09:00,52000.0,52000.0,52000.0,52000.0,5,0.0,0.0
2024-09-05 10:38:00+09:00,52000.0,52000.0,52000.0,52000.0,7,0.0,0.0
2024-09-05 10:39:00+09:00,52000.0,52000.0,52000.0,52000.0,2,0.0,0.0
2024-09-05 10:40:00+09:00,51900.0,52000.0,51900.0,51900.0,162,0.0,0.0
2024-09-05 10:42:00+09:00,51900.0,51900.0,51700.0,51700.0,423,0.0,0.0
2024-09-05 10:43:00+09:00,51700.0,51800.0,51700.0,51800.0,0,0.0,0.0
2024-09-05 10:44:00+09:00,51800.0,51800.0,51700.0,51700.0,50,0.0,0.0
2024-09-05 10:45:00+09:00,51800.0,51800.0,51800.0,51800.0,0,0.0,0.0
2024-09-05 10:46:00+09:00,51700.0,51700.0,51600.0,51600.0,622,0.0,0.0
2024-09-05 10:47:00+09:00,51700.0,51700.0,51700.0,51700.0,0,0.0,0.0
2024-09-05 10:48:00+09:00,51700.0,51700.0,51600.0,51600.0,7,0.0,0.0
2024-09-05 10:49:00+09:00,51600.0,51600.0,51600.0,51600.0,2,0.0,0.0
2024-09-05 10:50:00+09:00,51500.0,51600.0,51500.0,51600.0,9,0.0,0.0
2024-09-05 10:52:00+09:00,51400.0,51500.0,51400.0,51500.0,388,0.0,0.0
2024-09-05 10:53:00+09:00,51500.0,51500.0,51400.0,51400.0,23,0.0,0.0
2024-09-05 10:54:00+09:00,51500.0,51500.0,51500.0,51500.0,0,0.0,0.0
2024-09-05 10:55:00+09:00,51500.0,51500.0,51400.0,51400.0,22,0.0,0.0
2024-09-05 10:56:00+09:00,51400.0,51500.0,51400.0,51500.0,374,0.0,0.0
2024-09-05 10:57:00+09:00,51500.0,51500.0,51500.0,51500.0,0,0.0,0.0
2024-09-05 10:59:00+09:00,51500.0,51500.0,51500.0,51500.0,4,0.0,0.0
2024-09-05 11:00:00+09:00,51500.0,51500.0,51300.0,51300.0,587,0.0,0.0
2024-09-05 11:01:00+09:00,51300.0,51300.0,51200.0,51200.0,30,0.0,0.0
2024-09-05 11:02:00+09:00,51200.0,51300.0,51200.0,51300.0,3,0.0,0.0
2024-09-05 11:03:00+09:00,51300.0,51300.0,51200.0,51200.0,12,0.0,0.0
2024-09-05 11:04:00+09:00,51200.0,51200.0,51100.0,51100.0,298,0.0,0.0
2024-09-05 11:05:00+09:00,51100.0,51100.0,51100.0,51100.0,2,0.0,0.0
2024-09-05 11:06:00+09:00,51200.0,51300.0,51100.0,51100.0,580,0.0,0.0
2024-09-05 11:07:00+09:00,51200.0,51200.0,51100.0,51100.0,13,0.0,0.0
2024-09-05 11:08:00+09:00,51100.0,51200.0,51100.0,51100.0,105,0.0,0.0
2024-09-05 11:09:00+09:00,51100.0,51200.0,51100.0,51100.0,77,0.0,0.0
2024-09-05 11:10:00+09:00,51100.0,51200.0,51000.0,51100.0,53,0.0,0.0
2024-09-05 11:11:00+09:00,51100.0,51300.0,51100.0,51200.0,23,0.0,0.0
2024-09-05 11:12:00+09:00,51300.0,51300.0,51200.0,51200.0,54,0.0,0.0
2024-09-05 11:13:00+09:00,51300.0,51300.0,51300.0,51300.0,5,0.0,0.0
2024-09-05 11:14:00+09:00,51200.0,51300.0,51200.0,51200.0,124,0.0,0.0
2024-09-05 11:15:00+09:00,51200.0,51200.0,51100.0,51100.0,3,0.0,0.0
2024-09-05 11:16:00+09:00,51200.0,51200.0,51100.0,51100.0,86,0.0,0.0
2024-09-05 11:17:00+09:00,51000.0,51100.0,51000.0,51000.0,8,0.0,0.0
2024-09-05 11:18:00+09:00,51000.0,51100.0,51000.0,51100.0,93,0.0,0.0
2024-09-05 11:19:00+09:00,51000.0,51000.0,51000.0,51000.0,33,0.0,0.0
2024-09-05 11:20:00+09:00,51100.0,51200.0,50900.0,51000.0,668,0.0,0.0
2024-09-05 11:21:00+09:00,50900.0,51000.0,50900.0,50900.0,95,0.0,0.0
2024-09-05 11:22:00+09:00,51000.0,51100.0,51000.0,51000.0,44,0.0,0.0
2024-09-05 11:23:00+09:00,51000.0,51000.0,51000.0,51000.0,1,0.0,0.0
2024-09-05 11:24:00+09:00,51100.0,51100.0,51000.0,51000.0,5,0.0,0.0
2024-09-05 11:25:00+09:00,51100.0,51100.0,51000.0,51100.0,106,0.0,0.0
2024-09-05 11:26:00+09:00,51100.0,51100.0,51100.0,51100.0,3,0.0,0.0
2024-09-05 11:27:00+09:00,51000.0,51100.0,51000.0,51000.0,5,0.0,0.0
2024-09-05 11:28:00+09:00,51000.0,51100.0,51000.0,51100.0,11,0.0,0.0
2024-09-05 11:29:00+09:00,51200.0,51200.0,51100.0,51100.0,11,0.0,0.0
2024-09-05 11:30:00+09:00,51100.0,51100.0,51100.0,51100.0,1,0.0,0.0
2024-09-05 11:31:00+09:00,51200.0,51200.0,51100.0,51100.0,5,0.0,0.0
2024-09-05 11:32:00+09:00,51100.0,51300.0,51100.0,51200.0,53,0.0,0.0
2024-09-05 11:33:00+09:00,51200.0,51500.0,51200.0,51300.0,84,0.0,0.0
2024-09-05 11:34:00+09:00,51400.0,51400.0,51400.0,51400.0,4,0.0,0.0
2024-09-05 11:35:00+09:00,51400.0,51400.0,51200.0,51200.0,54,0.0,0.0
2024-09-05 11:36:00+09:00,51300.0,51300.0,51200.0,51200.0,3,0.0,0.0
2024-09-05 11:37:00+09:00,51100.0,51100.0,51100.0,51100.0,2,0.0,0.0
2024-09-05 11:38:00+09:00,51100.0,51200.0,51100.0,51200.0,11,0.0,0.0
2024-09-05 11:39:00+09:00,51200.0,51200.0,51200.0,51200.0,4,0.0,0.0
2024-09-05 11:40:00+09:00,51200.0,51200.0,51100.0,51100.0,8,0.0,0.0
2024-09-05 11:41:00+09:00,51100.0,51100.0,51100.0,51100.0,1,0.0,0.0
2024-09-05 11:42:00+09:00,51100.0,51100.0,51100.0,51100.0,2,0.0,0.0
2024-09-05 11:43:00+09:00,51100.0,51200.0,51100.0,51100.0,7,0.0,0.0
2024-09-05 11:44:00+09:00,51100.0,51100.0,51100.0,51100.0,3,0.0,0.0
2024-09-05 11:45:00+09:00,51200.0,51400.0,51200.0,51400.0,79,0.0,0.0
2024-09-05 11:46:00+09:00,51300.0,51400.0,51200.0,51400.0,6,0.0,0.0
2024-09-05 11:47:00+09:00,51200.0,51200.0,51200.0,51200.0,1,0.0,0.0
2024-09-05 11:48:00+09:00,51200.0,51200.0,51200.0,51200.0,51,0.0,0.0
2024-09-05 11:49:00+09:00,51200.0,51200.0,51200.0,51200.0,2,0.0,0.0
2024-09-05 11:50:00+09:00,51200.0,51200.0,51100.0,51100.0,14,0.0,0.0
2024-09-05 11:51:00+09:00,51100.0,51100.0,51100.0,51100.0,1,0.0,0.0
2024-09-05 11:52:00+09:00,51200.0,51300.0,51200.0,51300.0,4,0.0,0.0
2024-09-05 11:53:00+09:00,51200.0,51300.0,51200.0,51300.0,9,0.0,0.0
2024-09-05 11:55:00+09:00,51200.0,51400.0,51200.0,51300.0,41,0.0,0.0
2024-09-05 11:56:00+09:00,51300.0,51300.0,51300.0,51300.0,22,0.0,0.0
2024-09-05 11:57:00+09:00,51300.0,51400.0,51300.0,51400.0,5,0.0,0.0
2024-09-05 11:58:00+09:00,51300.0,51300.0,51300.0,51300.0,2,0.0,0.0
2024-09-05 11:59:00+09:00,51400.0,51400.0,51300.0,51300.0,6,0.0,0.0
2024-09-05 12:00:00+09:00,51300.0,51300.0,51300.0,51300.0,2,0.0,0.0
2024-09-05 12:01:00+09:00,51300.0,51300.0,51300.0,51300.0,29,0.0,0.0
2024-09-05 12:02:00+09:00,51300.0,51300.0,51200.0,51200.0,4,0.0,0.0
2024-09-05 12:03:00+09:00,51200.0,51200.0,51200.0,51200.0,9,0.0,0.0
2024-09-05 12:04:00+09:00,51300.0,51300.0,51300.0,51300.0,28,0.0,0.0
2024-09-05 12:05:00+09:00,51200.0,51300.0,51200.0,51300.0,6,0.0,0.0
2024-09-05 12:06:00+09:00,51400.0,51400.0,51300.0,51300.0,44,0.0,0.0
2024-09-05 12:07:00+09:00,51200.0,51600.0,51200.0,51600.0,115,0.0,0.0
2024-09-05 12:08:00+09:00,51200.0,51200.0,51200.0,51200.0,0,0.0,0.0
2024-09-05 12:09:00+09:00,51200.0,51200.0,51100.0,51100.0,53,0.0,0.0
2024-09-05 12:10:00+09:00,51100.0,51200.0,51100.0,51200.0,3,0.0,0.0
2024-09-05 12:11:00+09:00,51100.0,51100.0,51100.0,51100.0,2,0.0,0.0
2024-09-05 12:12:00+09:00,51100.0,51100.0,51100.0,51100.0,6,0.0,0.0
2024-09-05 12:13:00+09:00,51100.0,51100.0,51100.0,51100.0,8,0.0,0.0
2024-09-05 12:15:00+09:00,51200.0,51200.0,51100.0,51100.0,4,0.0,0.0
2024-09-05 12:16:00+09:00,51100.0,51100.0,51100.0,51100.0,26,0.0,0.0
2024-09-05 12:17:00+09:00,51000.0,51100.0,51000.0,51000.0,103,0.0,0.0
2024-09-05 12:18:00+09:00,51000.0,51000.0,51000.0,51000.0,1,0.0,0.0
2024-09-05 12:19:00+09:00,51000.0,51100.0,51000.0,51100.0,6,0.0,0.0
2024-09-05 12:20:00+09:00,51000.0,51000.0,51000.0,51000.0,0,0.0,0.0
2024-09-05 12:21:00+09:00,51000.0,51000.0,51000.0,51000.0,2,0.0,0.0
2024-09-05 12:22:00+09:00,51000.0,51000.0,51000.0,51000.0,5,0.0,0.0
2024-09-05 12:24:00+09:00,51000.0,51100.0,51000.0,51000.0,3,0.0,0.0
2024-09-05 12:25:00+09:00,51000.0,51000.0,51000.0,51000.0,9,0.0,0.0
2024-09-05 12:26:00+09:00,51100.0,51100.0,50900.0,50900.0,296,0.0,0.0
2024-09-05 12:27:00+09:00,51100.0,51100.0,50900.0,50900.0,43,0.0,0.0
2024-09-05 12:28:00+09:00,50900.0,50900.0,50900.0,50900.0,14,0.0,0.0
2024-09-05 12:29:00+09:00,51000.0,51000.0,50900.0,50900.0,2,0.0,0.0
2024-09-05 12:30:00+09:00,50900.0,50900.0,50900.0,50900.0,1,0.0,0.0
2024-09-05 12:32:00+09:00,50900.0,50900.0,50900.0,50900.0,15,0.0,0.0
2024-09-05 12:33:00+09:00,50900.0,50900.0,50900.0,50900.0,2,0.0,0.0
2024-09-05 12:34:00+09:00,50900.0,50900.0,50900.0,50900.0,3,0.0,0.0
2024-09-05 12:35:00+09:00,51000.0,51000.0,50900.0,50900.0,11,0.0,0.0
2024-09-05 12:36:00+09:00,50900.0,50900.0,50900.0,50900.0,0,0.0,0.0
2024-09-05 12:37:00+09:00,50900.0,51000.0,50900.0,51000.0,23,0.0,0.0
2024-09-05 12:38:00+09:00,51000.0,51100.0,51000.0,51000.0,56,0.0,0.0
2024-09-05 12:39:00+09:00,51100.0,51100.0,51000.0,51000.0,1,0.0,0.0
2024-09-05 12:41:00+09:00,51100.0,51100.0,51000.0,51100.0,49,0.0,0.0
2024-09-05 12:42:00+09:00,51000.0,51100.0,51000.0,51000.0,66,0.0,0.0
2024-09-05 12:43:00+09:00,51200.0,51200.0,51100.0,51100.0,76,0.0,0.0
2024-09-05 12:44:00+09:00,51100.0,51200.0,51000.0,51000.0,148,0.0,0.0
2024-09-05 12:45:00+09:00,51000.0,51000.0,51000.0,51000.0,2,0.0,0.0
2024-09-05 12:46:00+09:00,51000.0,51100.0,51000.0,51000.0,138,0.0,0.0
2024-09-05 12:47:00+09:00,51100.0,51100.0,50900.0,50900.0,127,0.0,0.0
2024-09-05 12:48:00+09:00,50900.0,50900.0,50900.0,50900.0,41,0.0,0.0
2024-09-05 12:49:00+09:00,50900.0,50900.0,50900.0,50900.0,3,0.0,0.0
2024-09-05 12:50:00+09:00,50900.0,51000.0,50900.0,51000.0,8,0.0,0.0
2024-09-05 12:51:00+09:00,50900.0,51000.0,50900.0,51000.0,3,0.0,0.0
2024-09-05 12:52:00+09:00,50900.0,51000.0,50900.0,50900.0,10,0.0,0.0
2024-09-05 12:53:00+09:00,50900.0,50900.0,50800.0,50800.0,356,0.0,0.0
2024-09-05 12:54:00+09:00,50800.0,50900.0,50800.0,50800.0,3,0.0,0.0
2024-09-05 12:55:00+09:00,50800.0,50900.0,50800.0,50900.0,7,0.0,0.0
2024-09-05 12:56:00+09:00,50800.0,50900.0,50800.0,50800.0,5,0.0,0.0
2024-09-05 12:57:00+09:00,50800.0,50900.0,50800.0,50800.0,6,0.0,0.0
2024-09-05 12:58:00+09:00,50800.0,50900.0,50800.0,50800.0,8,0.0,0.0
2024-09-05 12:59:00+09:00,50900.0,50900.0,50800.0,50900.0,7,0.0,0.0
2024-09-05 13:00:00+09:00,50900.0,50900.0,50800.0,50900.0,21,0.0,0.0
2024-09-05 13:01:00+09:00,50900.0,51000.0,50900.0,50900.0,135,0.0,0.0
2024-09-05 13:02:00+09:00,51000.0,51000.0,50900.0,50900.0,2,0.0,0.0
2024-09-05 13:03:00+09:00,51000.0,51000.0,50900.0,51000.0,324,0.0,0.0
2024-09-05 13:04:00+09:00,51000.0,51200.0,51000.0,51200.0,294,0.0,0.0
2024-09-05 13:05:00+09:00,51100.0,51100.0,51000.0,51100.0,111,0.0,0.0
2024-09-05 13:06:00+09:00,51100.0,51100.0,51100.0,51100.0,103,0.0,0.0
2024-09-05 13:07:00+09:00,51100.0,51200.0,51000.0,51100.0,41,0.0,0.0
2024-09-05 13:08:00+09:00,51000.0,51100.0,51000.0,51100.0,52,0.0,0.0
2024-09-05 13:09:00+09:00,51200.0,51200.0,51200.0,51200.0,2,0.0,0.0
2024-09-05 13:10:00+09:00,51200.0,51200.0,51000.0,51100.0,84,0.0,0.0
2024-09-05 13:11:00+09:00,51100.0,51200.0,51100.0,51200.0,88,0.0,0.0
2024-09-05 13:12:00+09:00,51100.0,51200.0,51100.0,51100.0,112,0.0,0.0
2024-09-05 13:13:00+09:00,51100.0,51200.0,51100.0,51100.0,8,0.0,0.0
2024-09-05 13:14:00+09:00,51200.0,51200.0,51100.0,51200.0,10,0.0,0.0
2024-09-05 13:15:00+09:00,51100.0,51100.0,50900.0,50900.0,544,0.0,0.0
2024-09-05 13:16:00+09:00,50900.0,51000.0,50900.0,51000.0,5,0.0,0.0
2024-09-05 13:17:00+09:00,51000.0,51200.0,51000.0,51100.0,378,0.0,0.0
2024-09-05 13:18:00+09:00,51000.0,51100.0,51000.0,51000.0,0,0.0,0.0
2024-09-05 13:19:00+09:00,51100.0,51100.0,51100.0,51100.0,5,0.0,0.0
2024-09-05 13:20:00+09:00,51000.0,51100.0,51000.0,51000.0,9,0.0,0.0
2024-09-05 13:21:00+09:00,51100.0,51100.0,51000.0,51000.0,3,0.0,0.0
2024-09-05 13:22:00+09:00,51100.0,51100.0,51000.0,51100.0,12,0.0,0.0
2024-09-05 13:23:00+09:00,51000.0,51100.0,51000.0,51000.0,14,0.0,0.0
2024-09-05 13:24:00+09:00,51100.0,51100.0,51000.0,51000.0,8,0.0,0.0
2024-09-05 13:25:00+09:00,51000.0,51000.0,50900.0,50900.0,12,0.0,0.0
2024-09-05 13:26:00+09:00,51000.0,51000.0,50900.0,50900.0,7,0.0,0.0
2024-09-05 13:27:00+09:00,50900.0,51000.0,50900.0,51000.0,25,0.0,0.0
2024-09-05 13:28:00+09:00,50900.0,51000.0,50900.0,50900.0,6,0.0,0.0
2024-09-05 13:29:00+09:00,50900.0,51000.0,50900.0,51000.0,9,0.0,0.0
2024-09-05 13:30:00+09:00,51000.0,51000.0,50900.0,50900.0,8,0.0,0.0
2024-09-05 13:31:00+09:00,50900.0,50900.0,50900.0,50900.0,9,0.0,0.0
2024-09-05 13:32:00+09:00,50900.0,51000.0,50900.0,51000.0,64,0.0,0.0
2024-09-05 13:33:00+09:00,50900.0,50900.0,50900.0,50900.0,111,0.0,0.0
2024-09-05 13:34:00+09:00,50900.0,51100.0,50900.0,51100.0,201,0.0,0.0
2024-09-05 13:35:00+09:00,51000.0,51000.0,50900.0,50900.0,32,0.0,0.0
2024-09-05 13:36:00+09:00,50900.0,51100.0,50900.0,50900.0,63,0.0,0.0
2024-09-05 13:37:00+09:00,50900.0,51000.0,50900.0,50900.0,36,0.0,0.0
2024-09-05 13:38:00+09:00,50900.0,50900.0,50900.0,50900.0,7,0.0,0.0
2024-09-05 13:39:00+09:00,50900.0,50900.0,50900.0,50900.0,13,0.0,0.0
2024-09-05 13:40:00+09:00,50900.0,51100.0,50900.0,51000.0,49,0.0,0.0
2024-09-05 13:41:00+09:00,50900.0,51000.0,50900.0,51000.0,11,0.0,0.0
2024-09-05 13:42:00+09:00,50900.0,50900.0,50900.0,50900.0,5,0.0,0.0
2024-09-05 13:43:00+09:00,50900.0,50900.0,50900.0,50900.0,15,0.0,0.0
2024-09-05 13:44:00+09:00,50900.0,51000.0,50900.0,50900.0,83,0.0,0.0
2024-09-05 13:45:00+09:00,50900.0,50900.0,50700.0,50700.0,664,0.0,0.0
2024-09-05 13:46:00+09:00,50700.0,50700.0,50300.0,50300.0,1778,0.0,0.0
2024-09-05 13:47:00+09:00,50300.0,50600.0,50300.0,50600.0,3405,0.0,0.0
2024-09-05 13:48:00+09:00,50600.0,50600.0,50600.0,50600.0,15,0.0,0.0
2024-09-05 13:49:00+09:00,50600.0,50600.0,50400.0,50500.0,108,0.0,0.0
2024-09-05 13:50:00+09:00,50500.0,51000.0,50500.0,51000.0,371,0.0,0.0
2024-09-05 13:51:00+09:00,50800.0,50800.0,50600.0,50700.0,0,0.0,0.0
2024-09-05 13:52:00+09:00,50700.0,50900.0,50700.0,50900.0,133,0.0,0.0
2024-09-05 13:53:00+09:00,50700.0,51400.0,50700.0,50800.0,573,0.0,0.0
2024-09-05 13:54:00+09:00,50700.0,50700.0,50700.0,50700.0,0,0.0,0.0
2024-09-05 13:55:00+09:00,50700.0,50700.0,50700.0,50700.0,1,0.0,0.0
2024-09-05 13:56:00+09:00,50600.0,50700.0,50500.0,50600.0,210,0.0,0.0
2024-09-05 13:57:00+09:00,50600.0,50600.0,50300.0,50500.0,1299,0.0,0.0
2024-09-05 13:58:00+09:00,50600.0,50600.0,50500.0,50500.0,0,0.0,0.0
2024-09-05 13:59:00+09:00,50500.0,50500.0,50500.0,50500.0,18,0.0,0.0
2024-09-05 14:00:00+09:00,50500.0,50500.0,50400.0,50500.0,36,0.0,0.0
2024-09-05 14:01:00+09:00,50500.0,50600.0,50500.0,50500.0,25,0.0,0.0
2024-09-05 14:02:00+09:00,50500.0,50500.0,50500.0,50500.0,22,0.0,0.0
2024-09-05 14:03:00+09:00,50500.0,50500.0,50500.0,50500.0,79,0.0,0.0
2024-09-05 14:04:00+09:00,50500.0,50600.0,50500.0,50500.0,12,0.0,0.0
2024-09-05 14:05:00+09:00,50500.0,50600.0,50500.0,50500.0,4,0.0,0.0
2024-09-05 14:06:00+09:00,50500.0,50500.0,50500.0,50500.0,10,0.0,0.0
2024-09-05 14:07:00+09:00,50500.0,50500.0,50400.0,50400.0,104,0.0,0.0
2024-09-05 14:08:00+09:00,50400.0,50500.0,50200.0,50400.0,1179,0.0,0.0
2024-09-05 14:09:00+09:00,50400.0,50400.0,50000.0,50000.0,2236,0.0,0.0
2024-09-05 14:10:00+09:00,50100.0,50300.0,50100.0,50200.0,1217,0.0,0.0
2024-09-05 14:11:00+09:00,50300.0,50400.0,50300.0,50400.0,161,0.0,0.0
2024-09-05 14:12:00+09:00,50400.0,50400.0,50400.0,50400.0,25,0.0,0.0
2024-09-05 14:13:00+09:00,50400.0,50500.0,50400.0,50500.0,10,0.0,0.0
2024-09-05 14:14:00+09:00,50400.0,50400.0,50400.0,50400.0,11,0.0,0.0
2024-09-05 14:15:00+09:00,50400.0,50700.0,50400.0,50500.0,320,0.0,0.0
2024-09-05 14:16:00+09:00,50500.0,50500.0,50500.0,50500.0,9,0.0,0.0
2024-09-05 14:17:00+09:00,50500.0,50500.0,50400.0,50500.0,9,0.0,0.0
2024-09-05 14:18:00+09:00,50500.0,50800.0,50500.0,50500.0,34,0.0,0.0
2024-09-05 14:19:00+09:00,50500.0,50500.0,50500.0,50500.0,14,0.0,0.0
2024-09-05 14:20:00+09:00,50500.0,50800.0,50500.0,50500.0,47,0.0,0.0
2024-09-05 14:21:00+09:00,50500.0,50500.0,50500.0,50500.0,8,0.0,0.0
2024-09-05 14:22:00+09:00,50500.0,50600.0,50500.0,50600.0,16,0.0,0.0
2024-09-05 14:23:00+09:00,50600.0,50600.0,50400.0,50500.0,205,0.0,0.0
2024-09-05 14:24:00+09:00,50400.0,50500.0,50400.0,50500.0,13,0.0,0.0
2024-09-05 14:25:00+09:00,50500.0,50500.0,50400.0,50500.0,8,0.0,0.0
2024-09-05 14:26:00+09:00,50400.0,50400.0,50400.0,50400.0,12,0.0,0.0
2024-09-05 14:27:00+09:00,50400.0,50600.0,50400.0,50500.0,109,0.0,0.0
2024-09-05 14:28:00+09:00,50600.0,50800.0,50600.0,50600.0,66,0.0,0.0
2024-09-05 14:29:00+09:00,50600.0,50700.0,50600.0,50600.0,91,0.0,0.0
2024-09-05 14:30:00+09:00,50600.0,50700.0,50600.0,50600.0,9,0.0,0.0
2024-09-05 14:31:00+09:00,50600.0,50700.0,50600.0,50700.0,30,0.0,0.0
2024-09-05 14:32:00+09:00,50700.0,50700.0,50700.0,50700.0,50,0.0,0.0
2024-09-05 14:33:00+09:00,50700.0,50700.0,50700.0,50700.0,12,0.0,0.0
2024-09-05 14:34:00+09:00,50700.0,50800.0,50700.0,50800.0,391,0.0,0.0
2024-09-05 14:35:00+09:00,50800.0,50800.0,50800.0,50800.0,12,0.0,0.0
2024-09-05 14:36:00+09:00,50800.0,50900.0,50800.0,50800.0,11,0.0,0.0
2024-09-05 14:37:00+09:00,50800.0,50800.0,50800.0,50800.0,112,0.0,0.0
2024-09-05 14:38:00+09:00,50800.0,50800.0,50800.0,50800.0,12,0.0,0.0
2024-09-05 14:39:00+09:00,50800.0,50800.0,50800.0,50800.0,44,0.0,0.0
2024-09-05 14:40:00+09:00,50900.0,50900.0,50800.0,50800.0,19,0.0,0.0
2024-09-05 14:41:00+09:00,50900.0,50900.0,50800.0,50800.0,15,0.0,0.0
2024-09-05 14:42:00+09:00,50900.0,50900.0,50800.0,50800.0,11,0.0,0.0
2024-09-05 14:43:00+09:00,50900.0,50900.0,50800.0,50800.0,10,0.0,0.0
2024-09-05 14:44:00+09:00,50800.0,50900.0,50800.0,50800.0,10,0.0,0.0
2024-09-05 14:45:00+09:00,50800.0,50900.0,50800.0,50900.0,11,0.0,0.0
2024-09-05 14:46:00+09:00,50800.0,50800.0,50800.0,50800.0,55,0.0,0.0
2024-09-05 14:47:00+09:00,50800.0,51000.0,50800.0,50900.0,367,0.0,0.0
2024-09-05 14:48:00+09:00,51000.0,51000.0,50900.0,51000.0,16,0.0,0.0
2024-09-05 14:49:00+09:00,50900.0,51000.0,50900.0,51000.0,84,0.0,0.0
2024-09-05 14:50:00+09:00,50900.0,51000.0,50900.0,50900.0,0,0.0,0.0
2024-09-05 14:51:00+09:00,50900.0,51000.0,50900.0,50900.0,51,0.0,0.0
2024-09-05 14:52:00+09:00,50900.0,51000.0,50900.0,50900.0,47,0.0,0.0
2024-09-05 14:53:00+09:00,50900.0,51000.0,50900.0,50900.0,16,0.0,0.0
2024-09-05 14:54:00+09:00,50900.0,51000.0,50900.0,51000.0,124,0.0,0.0
2024-09-05 14:55:00+09:00,51000.0,51000.0,50900.0,50900.0,0,0.0,0.0
2024-09-05 14:56:00+09:00,50900.0,50900.0,50900.0,50900.0,65,0.0,0.0
2024-09-05 14:57:00+09:00,51000.0,51000.0,50900.0,50900.0,58,0.0,0.0
2024-09-05 14:58:00+09:00,51000.0,51000.0,50900.0,51000.0,29,0.0,0.0
2024-09-05 14:59:00+09:00,51000.0,51000.0,50900.0,50900.0,13,0.0,0.0
2024-09-06 09:00:00+09:00,50000.0,50000.0,50000.0,50000.0,1186,0.0,0.0
2024-09-06 09:01:00+09:00,50400.0,50500.0,50400.0,50500.0,0,0.0,0.0
2024-09-06 09:02:00+09:00,50400.0,50400.0,50200.0,50300.0,68,0.0,0.0
2024-09-06 09:03:00+09:00,50300.0,50500.0,50300.0,50500.0,114,0.0,0.0
2024-09-06 09:04:00+09:00,50500.0,50700.0,50400.0,50700.0,159,0.0,0.0
2024-09-06 09:05:00+09:00,50400.0,50500.0,50400.0,50500.0,0,0.0,0.0
2024-09-06 09:07:00+09:00,50300.0,50300.0,50200.0,50200.0,49,0.0,0.0
2024-09-06 09:08:00+09:00,50300.0,50300.0,50300.0,50300.0,1,0.0,0.0
2024-09-06 09:09:00+09:00,50300.0,50400.0,50300.0,50300.0,17,0.0,0.0
2024-09-06 09:10:00+09:00,50400.0,50500.0,50100.0,50100.0,74,0.0,0.0
2024-09-06 09:11:00+09:00,50300.0,50400.0,50200.0,50200.0,56,0.0,0.0
2024-09-06 09:12:00+09:00,50300.0,50300.0,50300.0,50300.0,21,0.0,0.0
2024-09-06 09:13:00+09:00,50300.0,50400.0,50300.0,50300.0,286,0.0,0.0
2024-09-06 09:14:00+09:00,50400.0,50400.0,50100.0,50100.0,343,0.0,0.0
2024-09-06 09:16:00+09:00,50100.0,50100.0,50000.0,50000.0,140,0.0,0.0
2024-09-06 09:17:00+09:00,50200.0,50200.0,50200.0,50200.0,0,0.0,0.0
2024-09-06 09:18:00+09:00,50200.0,50200.0,50200.0,50200.0,54,0.0,0.0
2024-09-06 09:19:00+09:00,50100.0,50100.0,50100.0,50100.0,34,0.0,0.0
2024-09-06 09:20:00+09:00,50100.0,50100.0,50100.0,50100.0,41,0.0,0.0
2024-09-06 09:21:00+09:00,50100.0,50100.0,50000.0,50000.0,122,0.0,0.0
2024-09-06 09:22:00+09:00,50100.0,50100.0,49900.0,49900.0,786,0.0,0.0
2024-09-06 09:23:00+09:00,49850.0,49850.0,49850.0,49850.0,35,0.0,0.0
2024-09-06 09:24:00+09:00,49850.0,49850.0,49800.0,49850.0,169,0.0,0.0
2024-09-06 09:25:00+09:00,49850.0,49950.0,49850.0,49950.0,396,0.0,0.0
2024-09-06 09:26:00+09:00,50000.0,50000.0,49950.0,50000.0,991,0.0,0.0
2024-09-06 09:27:00+09:00,49950.0,49950.0,49800.0,49850.0,0,0.0,0.0
2024-09-06 09:28:00+09:00,49800.0,49800.0,49450.0,49600.0,1837,0.0,0.0
2024-09-06 09:29:00+09:00,49650.0,49850.0,49650.0,49800.0,200,0.0,0.0
2024-09-06 09:30:00+09:00,49750.0,49750.0,49700.0,49700.0,83,0.0,0.0
2024-09-06 09:31:00+09:00,49750.0,49850.0,49700.0,49850.0,134,0.0,0.0
2024-09-06 09:32:00+09:00,49800.0,49800.0,49800.0,49800.0,1,0.0,0.0
2024-09-06 09:33:00+09:00,49800.0,49800.0,49650.0,49650.0,220,0.0,0.0
2024-09-06 09:34:00+09:00,49650.0,49700.0,49600.0,49650.0,137,0.0,0.0
2024-09-06 09:35:00+09:00,49650.0,49650.0,49500.0,49600.0,183,0.0,0.0
2024-09-06 09:36:00+09:00,49500.0,49550.0,49500.0,49550.0,65,0.0,0.0
2024-09-06 09:37:00+09:00,49550.0,49550.0,49400.0,49400.0,433,0.0,0.0
2024-09-06 09:38:00+09:00,49450.0,49750.0,49400.0,49650.0,148,0.0,0.0
2024-09-06 09:39:00+09:00,49650.0,49750.0,49550.0,49650.0,87,0.0,0.0
2024-09-06 09:40:00+09:00,49650.0,49650.0,49600.0,49650.0,25,0.0,0.0
2024-09-06 09:41:00+09:00,49650.0,49800.0,49550.0,49800.0,139,0.0,0.0
2024-09-06 09:42:00+09:00,49850.0,49900.0,49750.0,49750.0,117,0.0,0.0
2024-09-06 09:43:00+09:00,49700.0,49700.0,49600.0,49600.0,40,0.0,0.0
2024-09-06 09:44:00+09:00,49650.0,49650.0,49550.0,49550.0,53,0.0,0.0
2024-09-06 09:45:00+09:00,49550.0,49550.0,49500.0,49550.0,13,0.0,0.0
2024-09-06 09:46:00+09:00,49550.0,49550.0,49350.0,49400.0,449,0.0,0.0
2024-09-06 09:47:00+09:00,49400.0,49400.0,49400.0,49400.0,31,0.0,0.0
2024-09-06 09:48:00+09:00,49400.0,49400.0,49400.0,49400.0,30,0.0,0.0
2024-09-06 09:49:00+09:00,49400.0,49400.0,49350.0,49350.0,78,0.0,0.0
2024-09-06 09:50:00+09:00,49400.0,49500.0,49400.0,49500.0,114,0.0,0.0
2024-09-06 09:51:00+09:00,49500.0,49500.0,49400.0,49400.0,131,0.0,0.0
2024-09-06 09:52:00+09:00,49400.0,49600.0,49400.0,49600.0,1101,0.0,0.0
2024-09-06 09:53:00+09:00,49600.0,49600.0,49550.0,49550.0,57,0.0,0.0
2024-09-06 09:54:00+09:00,49550.0,49550.0,49450.0,49450.0,61,0.0,0.0
2024-09-06 09:55:00+09:00,49400.0,49400.0,49300.0,49300.0,561,0.0,0.0
2024-09-06 09:56:00+09:00,49400.0,49400.0,49300.0,49400.0,0,0.0,0.0
2024-09-06 09:57:00+09:00,49400.0,49400.0,49300.0,49300.0,45,0.0,0.0
2024-09-06 09:58:00+09:00,49300.0,49300.0,49300.0,49300.0,527,0.0,0.0
2024-09-06 09:59:00+09:00,49300.0,49300.0,49250.0,49250.0,243,0.0,0.0
2024-09-06 10:00:00+09:00,49250.0,49250.0,49150.0,49150.0,368,0.0,0.0
2024-09-06 10:01:00+09:00,49150.0,49200.0,49100.0,49150.0,371,0.0,0.0
2024-09-06 10:02:00+09:00,49150.0,49150.0,49000.0,49000.0,670,0.0,0.0
2024-09-06 10:03:00+09:00,49050.0,49050.0,49000.0,49050.0,361,0.0,0.0
2024-09-06 10:04:00+09:00,49100.0,49100.0,49000.0,49050.0,290,0.0,0.0
2024-09-06 10:05:00+09:00,49050.0,49050.0,49050.0,49050.0,110,0.0,0.0
2024-09-06 10:06:00+09:00,49050.0,49050.0,49000.0,49050.0,64,0.0,0.0
2024-09-06 10:07:00+09:00,49050.0,49150.0,49000.0,49100.0,318,0.0,0.0
2024-09-06 10:08:00+09:00,49200.0,49250.0,49100.0,49150.0,315,0.0,0.0
2024-09-06 10:09:00+09:00,49150.0,49200.0,49050.0,49100.0,427,0.0,0.0
2024-09-06 10:10:00+09:00,49050.0,49250.0,49050.0,49250.0,456,0.0,0.0
2024-09-06 10:11:00+09:00,49300.0,49450.0,49250.0,49350.0,297,0.0,0.0
2024-09-06 10:12:00+09:00,49350.0,49350.0,49250.0,49300.0,6,0.0,0.0
2024-09-06 10:13:00+09:00,49300.0,49300.0,49200.0,49200.0,33,0.0,0.0
2024-09-06 10:14:00+09:00,49200.0,49200.0,49200.0,49200.0,0,0.0,0.0
2024-09-06 10:15:00+09:00,49250.0,49250.0,49200.0,49200.0,55,0.0,0.0
2024-09-06 10:16:00+09:00,49250.0,49250.0,49200.0,49250.0,99,0.0,0.0
2024-09-06 10:17:00+09:00,49250.0,49300.0,49250.0,49300.0,90,0.0,0.0
2024-09-06 10:18:00+09:00,49300.0,49350.0,49300.0,49350.0,10,0.0,0.0
2024-09-06 10:19:00+09:00,49300.0,49300.0,49300.0,49300.0,63,0.0,0.0
2024-09-06 10:20:00+09:00,49300.0,49350.0,49100.0,49100.0,614,0.0,0.0
2024-09-06 10:21:00+09:00,49200.0,49250.0,49200.0,49250.0,62,0.0,0.0
2024-09-06 10:22:00+09:00,49250.0,49250.0,49250.0,49250.0,27,0.0,0.0
2024-09-06 10:23:00+09:00,49250.0,49250.0,49150.0,49250.0,212,0.0,0.0
2024-09-06 10:24:00+09:00,49250.0,49250.0,49250.0,49250.0,0,0.0,0.0
2024-09-06 10:25:00+09:00,49250.0,49250.0,49150.0,49150.0,63,0.0,0.0
2024-09-06 10:26:00+09:00,49150.0,49200.0,49150.0,49150.0,30,0.0,0.0
2024-09-06 10:27:00+09:00,49150.0,49150.0,49050.0,49050.0,163,0.0,0.0
2024-09-06 10:28:00+09:00,49050.0,49100.0,49000.0,49100.0,1001,0.0,0.0
2024-09-06 10:29:00+09:00,49000.0,49050.0,49000.0,49050.0,10,0.0,0.0
2024-09-06 10:30:00+09:00,49050.0,49050.0,49000.0,49000.0,141,0.0,0.0
2024-09-06 10:31:00+09:00,48950.0,49000.0,48950.0,49000.0,0,0.0,0.0
2024-09-06 10:32:00+09:00,49050.0,49100.0,49000.0,49050.0,95,0.0,0.0
2024-09-06 10:33:00+09:00,49050.0,49050.0,49000.0,49050.0,0,0.0,0.0
2024-09-06 10:34:00+09:00,49050.0,49050.0,49050.0,49050.0,21,0.0,0.0
2024-09-06 10:35:00+09:00,49100.0,49100.0,49050.0,49050.0,39,0.0,0.0
2024-09-06 10:36:00+09:00,49050.0,49050.0,49050.0,49050.0,333,0.0,0.0
2024-09-06 10:37:00+09:00,49000.0,49000.0,49000.0,49000.0,3,0.0,0.0
2024-09-06 10:38:00+09:00,49000.0,49050.0,49000.0,49000.0,99,0.0,0.0
2024-09-06 10:39:00+09:00,49000.0,49050.0,49000.0,49050.0,258,0.0,0.0
2024-09-06 10:40:00+09:00,49050.0,49050.0,49000.0,49000.0,60,0.0,0.0
2024-09-06 10:41:00+09:00,49000.0,49050.0,49000.0,49000.0,29,0.0,0.0
2024-09-06 10:42:00+09:00,49000.0,49050.0,49000.0,49050.0,95,0.0,0.0
2024-09-06 10:43:00+09:00,49050.0,49100.0,49050.0,49050.0,155,0.0,0.0
2024-09-06 10:44:00+09:00,49050.0,49150.0,49050.0,49150.0,88,0.0,0.0
2024-09-06 10:45:00+09:00,49150.0,49200.0,49150.0,49150.0,96,0.0,0.0
2024-09-06 10:46:00+09:00,49150.0,49150.0,49150.0,49150.0,123,0.0,0.0
2024-09-06 10:47:00+09:00,49150.0,49150.0,49100.0,49100.0,31,0.0,0.0
2024-09-06 10:48:00+09:00,49100.0,49100.0,49100.0,49100.0,18,0.0,0.0
2024-09-06 10:49:00+09:00,49100.0,49150.0,49100.0,49150.0,50,0.0,0.0
2024-09-06 10:50:00+09:00,49100.0,49200.0,49100.0,49150.0,81,0.0,0.0
2024-09-06 10:51:00+09:00,49150.0,49200.0,49150.0,49150.0,54,0.0,0.0
2024-09-06 10:52:00+09:00,49150.0,49150.0,49150.0,49150.0,2,0.0,0.0
2024-09-06 10:53:00+09:00,49100.0,49250.0,49100.0,49250.0,54,0.0,0.0
2024-09-06 10:54:00+09:00,49300.0,49300.0,49250.0,49250.0,81,0.0,0.0
2024-09-06 10:55:00+09:00,49150.0,49200.0,49150.0,49200.0,71,0.0,0.0
2024-09-06 10:56:00+09:00,49200.0,49200.0,49150.0,49150.0,146,0.0,0.0
2024-09-06 10:57:00+09:00,49150.0,49150.0,49150.0,49150.0,55,0.0,0.0
2024-09-06 10:58:00+09:00,49200.0,49200.0,49100.0,49100.0,30,0.0,0.0
2024-09-06 10:59:00+09:00,49150.0,49150.0,49100.0,49100.0,41,0.0,0.0
2024-09-06 11:00:00+09:00,49100.0,49100.0,49000.0,49000.0,420,0.0,0.0
2024-09-06 11:01:00+09:00,49000.0,49050.0,49000.0,49000.0,1,0.0,0.0
2024-09-06 11:02:00+09:00,49000.0,49000.0,49000.0,49000.0,47,0.0,0.0
2024-09-06 11:03:00+09:00,49000.0,49150.0,49000.0,49150.0,75,0.0,0.0
2024-09-06 11:04:00+09:00,49200.0,49250.0,49100.0,49100.0,44,0.0,0.0
2024-09-06 11:05:00+09:00,49150.0,49150.0,49100.0,49100.0,51,0.0,0.0
2024-09-06 11:06:00+09:00,49100.0,49100.0,48800.0,48800.0,2365,0.0,0.0
2024-09-06 11:07:00+09:00,48800.0,48950.0,48750.0,48950.0,0,0.0,0.0
2024-09-06 11:08:00+09:00,48850.0,49000.0,48850.0,49000.0,271,0.0,0.0
2024-09-06 11:09:00+09:00,49000.0,49050.0,48950.0,49000.0,30,0.0,0.0
2024-09-06 11:10:00+09:00,49000.0,49050.0,49000.0,49000.0,37,0.0,0.0
2024-09-06 11:11:00+09:00,49050.0,49050.0,49000.0,49050.0,47,0.0,0.0
2024-09-06 11:12:00+09:00,49050.0,49100.0,49050.0,49050.0,16,0.0,0.0
2024-09-06 11:13:00+09:00,49100.0,49100.0,49000.0,49000.0,38,0.0,0.0
2024-09-06 11:14:00+09:00,49000.0,49050.0,49000.0,49050.0,36,0.0,0.0
2024-09-06 11:15:00+09:00,49000.0,49000.0,49000.0,49000.0,12,0.0,0.0
2024-09-06 11:16:00+09:00,49000.0,49000.0,48900.0,48900.0,686,0.0,0.0
2024-09-06 11:17:00+09:00,48900.0,48950.0,48900.0,48950.0,41,0.0,0.0
2024-09-06 11:18:00+09:00,48950.0,48950.0,48750.0,48800.0,710,0.0,0.0
2024-09-06 11:19:00+09:00,48800.0,48800.0,48800.0,48800.0,35,0.0,0.0
2024-09-06 11:20:00+09:00,48800.0,48850.0,48750.0,48850.0,85,0.0,0.0
2024-09-06 11:21:00+09:00,48850.0,48850.0,48750.0,48800.0,131,0.0,0.0
2024-09-06 11:22:00+09:00,48850.0,48900.0,48850.0,48900.0,288,0.0,0.0
2024-09-06 11:23:00+09:00,48850.0,48950.0,48850.0,48850.0,55,0.0,0.0
2024-09-06 11:24:00+09:00,48900.0,48900.0,48850.0,48850.0,51,0.0,0.0
2024-09-06 11:25:00+09:00,48900.0,48900.0,48850.0,48900.0,4,0.0,0.0
2024-09-06 11:26:00+09:00,48900.0,48900.0,48900.0,48900.0,15,0.0,0.0
2024-09-06 11:27:00+09:00,48950.0,48950.0,48900.0,48950.0,84,0.0,0.0
2024-09-06 11:28:00+09:00,48950.0,48950.0,48950.0,48950.0,5,0.0,0.0
2024-09-06 11:29:00+09:00,48900.0,48900.0,48900.0,48900.0,78,0.0,0.0
2024-09-06 11:30:00+09:00,48900.0,48900.0,48900.0,48900.0,2,0.0,0.0
2024-09-06 11:31:00+09:00,48900.0,48950.0,48900.0,48950.0,14,0.0,0.0
2024-09-06 11:32:00+09:00,48950.0,48950.0,48900.0,48900.0,64,0.0,0.0
2024-09-06 11:33:00+09:00,48900.0,48900.0,48900.0,48900.0,19,0.0,0.0
2024-09-06 11:34:00+09:00,48900.0,48950.0,48900.0,48950.0,159,0.0,0.0
2024-09-06 11:35:00+09:00,48950.0,48950.0,48900.0,48950.0,68,0.0,0.0
2024-09-06 11:36:00+09:00,48850.0,48900.0,48850.0,48850.0,9,0.0,0.0
2024-09-06 11:37:00+09:00,48850.0,48900.0,48850.0,48850.0,45,0.0,0.0
2024-09-06 11:38:00+09:00,48850.0,48900.0,48850.0,48900.0,14,0.0,0.0
2024-09-06 11:39:00+09:00,48900.0,48900.0,48850.0,48850.0,14,0.0,0.0
2024-09-06 11:40:00+09:00,48850.0,48850.0,48850.0,48850.0,40,0.0,0.0
2024-09-06 11:41:00+09:00,48850.0,48900.0,48800.0,48800.0,351,0.0,0.0
2024-09-06 11:42:00+09:00,48900.0,48900.0,48850.0,48850.0,36,0.0,0.0
2024-09-06 11:43:00+09:00,48800.0,48850.0,48800.0,48850.0,67,0.0,0.0
2024-09-06 11:44:00+09:00,48850.0,48850.0,48800.0,48800.0,22,0.0,0.0
2024-09-06 11:45:00+09:00,48850.0,48850.0,48800.0,48850.0,12,0.0,0.0
2024-09-06 11:46:00+09:00,48850.0,48900.0,48850.0,48850.0,80,0.0,0.0
2024-09-06 11:47:00+09:00,48900.0,48950.0,48850.0,48850.0,2,0.0,0.0
2024-09-06 11:48:00+09:00,48900.0,48900.0,48850.0,48850.0,63,0.0,0.0
2024-09-06 11:49:00+09:00,48850.0,48850.0,48850.0,48850.0,0,0.0,0.0
2024-09-06 11:50:00+09:00,48850.0,48850.0,48850.0,48850.0,53,0.0,0.0
2024-09-06 11:51:00+09:00,48850.0,48850.0,48800.0,48800.0,39,0.0,0.0
2024-09-06 11:52:00+09:00,48800.0,48800.0,48800.0,48800.0,26,0.0,0.0
2024-09-06 11:53:00+09:00,48800.0,48850.0,48800.0,48800.0,69,0.0,0.0
2024-09-06 11:54:00+09:00,48800.0,48800.0,48800.0,48800.0,49,0.0,0.0
2024-09-06 11:55:00+09:00,48850.0,48850.0,48800.0,48800.0,35,0.0,0.0
2024-09-06 11:56:00+09:00,48800.0,48850.0,48800.0,48850.0,67,0.0,0.0
2024-09-06 11:57:00+09:00,48850.0,48850.0,48800.0,48800.0,1,0.0,0.0
2024-09-06 11:58:00+09:00,48850.0,48850.0,48800.0,48800.0,168,0.0,0.0
2024-09-06 11:59:00+09:00,48800.0,48800.0,48800.0,48800.0,36,0.0,0.0
2024-09-06 12:00:00+09:00,48800.0,48800.0,48800.0,48800.0,0,0.0,0.0
2024-09-06 12:01:00+09:00,48800.0,48850.0,48800.0,48800.0,42,0.0,0.0
2024-09-06 12:02:00+09:00,48800.0,48800.0,48800.0,48800.0,29,0.0,0.0
2024-09-06 12:03:00+09:00,48800.0,48850.0,48800.0,48850.0,64,0.0,0.0
2024-09-06 12:04:00+09:00,48850.0,48850.0,48850.0,48850.0,51,0.0,0.0
2024-09-06 12:05:00+09:00,48800.0,48850.0,48800.0,48850.0,28,0.0,0.0
2024-09-06 12:06:00+09:00,48900.0,48950.0,48900.0,48950.0,77,0.0,0.0
2024-09-06 12:07:00+09:00,48850.0,48850.0,48850.0,48850.0,53,0.0,0.0
2024-09-06 12:08:00+09:00,48850.0,48850.0,48850.0,48850.0,57,0.0,0.0
2024-09-06 12:09:00+09:00,48900.0,48900.0,48850.0,48900.0,7,0.0,0.0
2024-09-06 12:10:00+09:00,48850.0,48850.0,48800.0,48800.0,59,0.0,0.0
2024-09-06 12:11:00+09:00,48800.0,48850.0,48800.0,48850.0,4,0.0,0.0
2024-09-06 12:12:00+09:00,48800.0,48850.0,48800.0,48800.0,37,0.0,0.0
2024-09-06 12:13:00+09:00,48800.0,48850.0,48800.0,48800.0,68,0.0,0.0
2024-09-06 12:14:00+09:00,48850.0,48850.0,48800.0,48800.0,16,0.0,0.0
2024-09-06 12:15:00+09:00,48800.0,48850.0,48800.0,48800.0,85,0.0,0.0
2024-09-06 12:16:00+09:00,48800.0,48800.0,48800.0,48800.0,4,0.0,0.0
2024-09-06 12:17:00+09:00,48800.0,48850.0,48800.0,48850.0,30,0.0,0.0
2024-09-06 12:18:00+09:00,48850.0,48850.0,48800.0,48850.0,24,0.0,0.0
2024-09-06 12:19:00+09:00,48850.0,48950.0,48850.0,48850.0,139,0.0,0.0
2024-09-06 12:20:00+09:00,48850.0,48850.0,48850.0,48850.0,6,0.0,0.0
2024-09-06 12:21:00+09:00,48850.0,48950.0,48850.0,48900.0,139,0.0,0.0
2024-09-06 12:22:00+09:00,48900.0,48900.0,48900.0,48900.0,38,0.0,0.0
2024-09-06 12:23:00+09:00,48900.0,48950.0,48900.0,48950.0,61,0.0,0.0
2024-09-06 12:24:00+09:00,48950.0,48950.0,48900.0,48900.0,31,0.0,0.0
2024-09-06 12:25:00+09:00,48900.0,48950.0,48900.0,48900.0,56,0.0,0.0
2024-09-06 12:26:00+09:00,48900.0,48900.0,48900.0,48900.0,20,0.0,0.0
2024-09-06 12:27:00+09:00,48900.0,48950.0,48900.0,48950.0,31,0.0,0.0
2024-09-06 12:28:00+09:00,48950.0,48950.0,48900.0,48900.0,15,0.0,0.0
2024-09-06 12:29:00+09:00,48900.0,48900.0,48900.0,48900.0,39,0.0,0.0
2024-09-06 12:30:00+09:00,48900.0,48900.0,48900.0,48900.0,22,0.0,0.0
2024-09-06 12:31:00+09:00,48900.0,48900.0,48900.0,48900.0,35,0.0,0.0
2024-09-06 12:32:00+09:00,48900.0,48900.0,48900.0,48900.0,13,0.0,0.0
2024-09-06 12:33:00+09:00,48900.0,48900.0,48900.0,48900.0,43,0.0,0.0
2024-09-06 12:34:00+09:00,48900.0,48900.0,48900.0,48900.0,47,0.0,0.0
2024-09-06 12:35:00+09:00,48950.0,48950.0,48950.0,48950.0,5,0.0,0.0
2024-09-06 12:36:00+09:00,48950.0,48950.0,48950.0,48950.0,35,0.0,0.0
2024-09-06 12:37:00+09:00,48950.0,48950.0,48900.0,48950.0,52,0.0,0.0
2024-09-06 12:38:00+09:00,48950.0,48950.0,48950.0,48950.0,29,0.0,0.0
2024-09-06 12:39:00+09:00,48950.0,49000.0,48950.0,48950.0,12,0.0,0.0
2024-09-06 12:40:00+09:00,48950.0,48950.0,48950.0,48950.0,126,0.0,0.0
2024-09-06 12:41:00+09:00,49000.0,49000.0,48950.0,48950.0,18,0.0,0.0
2024-09-06 12:42:00+09:00,48950.0,49000.0,48950.0,49000.0,10,0.0,0.0
2024-09-06 12:43:00+09:00,49000.0,49000.0,48950.0,48950.0,40,0.0,0.0
2024-09-06 12:44:00+09:00,48950.0,48950.0,48950.0,48950.0,54,0.0,0.0
2024-09-06 12:45:00+09:00,48950.0,48950.0,48900.0,48900.0,68,0.0,0.0
2024-09-06 12:46:00+09:00,48950.0,48950.0,48900.0,48900.0,29,0.0,0.0
2024-09-06 12:47:00+09:00,48900.0,48950.0,48900.0,48900.0,82,0.0,0.0
2024-09-06 12:48:00+09:00,48850.0,48850.0,48850.0,48850.0,305,0.0,0.0
2024-09-06 12:49:00+09:00,48850.0,48850.0,48800.0,48800.0,2,0.0,0.0
2024-09-06 12:50:00+09:00,48850.0,48850.0,48800.0,48800.0,5,0.0,0.0
2024-09-06 12:51:00+09:00,48800.0,48800.0,48800.0,48800.0,64,0.0,0.0
2024-09-06 12:52:00+09:00,48800.0,48850.0,48800.0,48850.0,12,0.0,0.0
2024-09-06 12:53:00+09:00,48850.0,48850.0,48800.0,48800.0,55,0.0,0.0
2024-09-06 12:54:00+09:00,48800.0,48850.0,48800.0,48850.0,33,0.0,0.0
2024-09-06 12:55:00+09:00,48800.0,48800.0,48750.0,48750.0,771,0.0,0.0
2024-09-06 12:56:00+09:00,48750.0,48750.0,48750.0,48750.0,0,0.0,0.0
2024-09-06 12:57:00+09:00,48750.0,48900.0,48750.0,48900.0,305,0.0,0.0
2024-09-06 12:58:00+09:00,48900.0,49050.0,48850.0,49050.0,20,0.0,0.0
2024-09-06 12:59:00+09:00,48950.0,48950.0,48900.0,48950.0,46,0.0,0.0
2024-09-06 13:00:00+09:00,48950.0,48950.0,48900.0,48900.0,25,0.0,0.0
2024-09-06 13:01:00+09:00,48950.0,49000.0,48900.0,48900.0,43,0.0,0.0
2024-09-06 13:02:00+09:00,48900.0,48900.0,48900.0,48900.0,60,0.0,0.0
2024-09-06 13:03:00+09:00,48900.0,48900.0,48900.0,48900.0,0,0.0,0.0
2024-09-06 13:04:00+09:00,48900.0,48900.0,48800.0,48800.0,79,0.0,0.0
2024-09-06 13:05:00+09:00,48800.0,48800.0,48750.0,48750.0,127,0.0,0.0
2024-09-06 13:06:00+09:00,48750.0,48800.0,48750.0,48750.0,384,0.0,0.0
2024-09-06 13:07:00+09:00,48800.0,48800.0,48750.0,48750.0,151,0.0,0.0
2024-09-06 13:08:00+09:00,48800.0,48900.0,48800.0,48900.0,124,0.0,0.0
2024-09-06 13:09:00+09:00,48800.0,48800.0,48800.0,48800.0,46,0.0,0.0
2024-09-06 13:10:00+09:00,48800.0,48800.0,48750.0,48800.0,65,0.0,0.0
2024-09-06 13:11:00+09:00,48800.0,48850.0,48800.0,48800.0,21,0.0,0.0
2024-09-06 13:12:00+09:00,48800.0,48800.0,48750.0,48750.0,26,0.0,0.0
2024-09-06 13:13:00+09:00,48750.0,48750.0,48750.0,48750.0,45,0.0,0.0
2024-09-06 13:14:00+09:00,48800.0,48800.0,48750.0,48750.0,22,0.0,0.0
2024-09-06 13:15:00+09:00,48800.0,48800.0,48750.0,48800.0,50,0.0,0.0
2024-09-06 13:16:00+09:00,48750.0,48950.0,48750.0,48900.0,162,0.0,0.0
2024-09-06 13:17:00+09:00,48850.0,48950.0,48850.0,48950.0,31,0.0,0.0
2024-09-06 13:18:00+09:00,48950.0,48950.0,48850.0,48850.0,51,0.0,0.0
2024-09-06 13:19:00+09:00,48850.0,48850.0,48850.0,48850.0,11,0.0,0.0
2024-09-06 13:20:00+09:00,48850.0,48850.0,48850.0,48850.0,25,0.0,0.0
2024-09-06 13:21:00+09:00,48850.0,48850.0,48850.0,48850.0,50,0.0,0.0
2024-09-06 13:22:00+09:00,48850.0,48850.0,48850.0,48850.0,10,0.0,0.0
2024-09-06 13:23:00+09:00,48850.0,49000.0,48850.0,49000.0,110,0.0,0.0
2024-09-06 13:24:00+09:00,49000.0,49000.0,49000.0,49000.0,0,0.0,0.0
2024-09-06 13:25:00+09:00,49000.0,49000.0,49000.0,49000.0,33,0.0,0.0
2024-09-06 13:26:00+09:00,48900.0,48950.0,48850.0,48900.0,100,0.0,0.0
2024-09-06 13:27:00+09:00,48900.0,48900.0,48900.0,48900.0,1,0.0,0.0
2024-09-06 13:28:00+09:00,48850.0,48900.0,48850.0,48850.0,48,0.0,0.0
2024-09-06 13:29:00+09:00,48850.0,48850.0,48800.0,48800.0,43,0.0,0.0
2024-09-06 13:30:00+09:00,48800.0,48800.0,48800.0,48800.0,180,0.0,0.0
2024-09-06 13:31:00+09:00,48800.0,48800.0,48750.0,48750.0,411,0.0,0.0
2024-09-06 13:32:00+09:00,48750.0,48750.0,48750.0,48750.0,0,0.0,0.0
2024-09-06 13:33:00+09:00,48750.0,48800.0,48750.0,48800.0,101,0.0,0.0
2024-09-06 13:34:00+09:00,48800.0,48800.0,48750.0,48750.0,34,0.0,0.0
2024-09-06 13:35:00+09:00,48800.0,48800.0,48750.0,48800.0,19,0.0,0.0
2024-09-06 13:36:00+09:00,48750.0,48800.0,48750.0,48750.0,232,0.0,0.0
2024-09-06 13:37:00+09:00,48750.0,48750.0,48750.0,48750.0,49,0.0,0.0
2024-09-06 13:38:00+09:00,48750.0,48750.0,48750.0,48750.0,6,0.0,0.0
2024-09-06 13:39:00+09:00,48750.0,48750.0,48750.0,48750.0,46,0.0,0.0
2024-09-06 13:40:00+09:00,48750.0,48750.0,48700.0,48750.0,56,0.0,0.0
2024-09-06 13:41:00+09:00,48750.0,48750.0,48750.0,48750.0,21,0.0,0.0
2024-09-06 13:42:00+09:00,48700.0,48750.0,48700.0,48750.0,59,0.0,0.0
2024-09-06 13:43:00+09:00,48700.0,48800.0,48700.0,48750.0,44,0.0,0.0
2024-09-06 13:44:00+09:00,48750.0,48800.0,48750.0,48750.0,5,0.0,0.0
2024-09-06 13:45:00+09:00,48750.0,48800.0,48750.0,48750.0,101,0.0,0.0
2024-09-06 13:46:00+09:00,48700.0,48950.0,48700.0,48950.0,126,0.0,0.0
2024-09-06 13:47:00+09:00,48800.0,48800.0,48750.0,48750.0,6,0.0,0.0
2024-09-06 13:48:00+09:00,48800.0,48800.0,48750.0,48750.0,61,0.0,0.0
2024-09-06 13:49:00+09:00,48750.0,48750.0,48750.0,48750.0,8,0.0,0.0
2024-09-06 13:50:00+09:00,48750.0,48750.0,48700.0,48700.0,64,0.0,0.0
2024-09-06 13:51:00+09:00,48750.0,48750.0,48700.0,48700.0,0,0.0,0.0
2024-09-06 13:52:00+09:00,48750.0,48750.0,48700.0,48700.0,20,0.0,0.0
2024-09-06 13:53:00+09:00,48700.0,48750.0,48700.0,48700.0,67,0.0,0.0
2024-09-06 13:54:00+09:00,48700.0,48700.0,48700.0,48700.0,0,0.0,0.0
2024-09-06 13:55:00+09:00,48700.0,48750.0,48700.0,48700.0,36,0.0,0.0
2024-09-06 13:56:00+09:00,48700.0,48700.0,48700.0,48700.0,280,0.0,0.0
2024-09-06 13:57:00+09:00,48700.0,48800.0,48700.0,48700.0,32,0.0,0.0
2024-09-06 13:58:00+09:00,48700.0,48700.0,48700.0,48700.0,20,0.0,0.0
2024-09-06 13:59:00+09:00,48700.0,48750.0,48700.0,48700.0,36,0.0,0.0
2024-09-06 14:00:00+09:00,48700.0,48750.0,48700.0,48700.0,175,0.0,0.0
2024-09-06 14:01:00+09:00,48700.0,48750.0,48700.0,48750.0,14,0.0,0.0
2024-09-06 14:02:00+09:00,48700.0,48700.0,48700.0,48700.0,76,0.0,0.0
2024-09-06 14:03:00+09:00,48700.0,48700.0,48700.0,48700.0,40,0.0,0.0
2024-09-06 14:04:00+09:00,48700.0,48700.0,48700.0,48700.0,19,0.0,0.0
2024-09-06 14:05:00+09:00,48700.0,48850.0,48700.0,48850.0,238,0.0,0.0
2024-09-06 14:06:00+09:00,48950.0,48950.0,48750.0,48750.0,47,0.0,0.0
2024-09-06 14:07:00+09:00,48750.0,48750.0,48700.0,48750.0,21,0.0,0.0
2024-09-06 14:08:00+09:00,48750.0,48750.0,48700.0,48750.0,46,0.0,0.0
2024-09-06 14:09:00+09:00,48750.0,48750.0,48700.0,48700.0,66,0.0,0.0
2024-09-06 14:10:00+09:00,48700.0,48750.0,48700.0,48750.0,90,0.0,0.0
2024-09-06 14:11:00+09:00,48750.0,48750.0,48700.0,48750.0,38,0.0,0.0
2024-09-06 14:12:00+09:00,48750.0,48750.0,48700.0,48750.0,17,0.0,0.0
2024-09-06 14:13:00+09:00,48750.0,48750.0,48700.0,48750.0,27,0.0,0.0
2024-09-06 14:14:00+09:00,48700.0,48750.0,48700.0,48700.0,20,0.0,0.0
2024-09-06 14:15:00+09:00,48700.0,48750.0,48700.0,48750.0,42,0.0,0.0
2024-09-06 14:16:00+09:00,48750.0,48750.0,48700.0,48700.0,37,0.0,0.0
2024-09-06 14:17:00+09:00,48750.0,48750.0,48700.0,48700.0,824,0.0,0.0
2024-09-06 14:18:00+09:00,48700.0,48700.0,48650.0,48700.0,77,0.0,0.0
2024-09-06 14:19:00+09:00,48700.0,48700.0,48700.0,48700.0,2,0.0,0.0
2024-09-06 14:20:00+09:00,48700.0,48750.0,48650.0,48650.0,177,0.0,0.0
2024-09-06 14:21:00+09:00,48650.0,48700.0,48650.0,48700.0,46,0.0,0.0
2024-09-06 14:22:00+09:00,48700.0,48700.0,48700.0,48700.0,97,0.0,0.0
2024-09-06 14:23:00+09:00,48700.0,48700.0,48650.0,48650.0,334,0.0,0.0
2024-09-06 14:24:00+09:00,48600.0,48650.0,48600.0,48600.0,285,0.0,0.0
2024-09-06 14:25:00+09:00,48650.0,48650.0,48600.0,48600.0,14,0.0,0.0
2024-09-06 14:26:00+09:00,48650.0,48650.0,48600.0,48650.0,27,0.0,0.0
2024-09-06 14:27:00+09:00,48650.0,48650.0,48650.0,48650.0,53,0.0,0.0
2024-09-06 14:28:00+09:00,48650.0,48650.0,48650.0,48650.0,107,0.0,0.0
2024-09-06 14:29:00+09:00,48650.0,48700.0,48650.0,48700.0,32,0.0,0.0
2024-09-06 14:30:00+09:00,48650.0,48700.0,48600.0,48600.0,48,0.0,0.0
2024-09-06 14:31:00+09:00,48600.0,48600.0,48600.0,48600.0,5,0.0,0.0
2024-09-06 14:32:00+09:00,48600.0,48650.0,48600.0,48600.0,34,0.0,0.0
2024-09-06 14:33:00+09:00,48600.0,48650.0,48600.0,48650.0,33,0.0,0.0
2024-09-06 14:34:00+09:00,48600.0,48650.0,48600.0,48600.0,16,0.0,0.0
2024-09-06 14:35:00+09:00,48600.0,48600.0,48600.0,48600.0,48,0.0,0.0
2024-09-06 14:36:00+09:00,48600.0,48650.0,48600.0,48600.0,83,0.0,0.0
2024-09-06 14:37:00+09:00,48600.0,48600.0,48600.0,48600.0,12,0.0,0.0
2024-09-06 14:38:00+09:00,48600.0,48600.0,48600.0,48600.0,227,0.0,0.0
2024-09-06 14:39:00+09:00,48600.0,48600.0,48600.0,48600.0,0,0.0,0.0
2024-09-06 14:40:00+09:00,48600.0,48600.0,48550.0,48600.0,409,0.0,0.0
2024-09-06 14:41:00+09:00,48600.0,48600.0,48550.0,48600.0,237,0.0,0.0
2024-09-06 14:42:00+09:00,48600.0,48600.0,48550.0,48550.0,99,0.0,0.0
2024-09-06 14:43:00+09:00,48550.0,48550.0,48550.0,48550.0,41,0.0,0.0
2024-09-06 14:44:00+09:00,48600.0,48600.0,48550.0,48600.0,9,0.0,0.0
2024-09-06 14:45:00+09:00,48600.0,48600.0,48550.0,48600.0,38,0.0,0.0
2024-09-06 14:46:00+09:00,48600.0,48600.0,48550.0,48600.0,237,0.0,0.0
2024-09-06 14:47:00+09:00,48550.0,48600.0,48550.0,48550.0,27,0.0,0.0
2024-09-06 14:48:00+09:00,48550.0,48600.0,48550.0,48600.0,314,0.0,0.0
2024-09-06 14:49:00+09:00,48600.0,48650.0,48600.0,48650.0,62,0.0,0.0
2024-09-06 14:50:00+09:00,48650.0,48700.0,48650.0,48700.0,63,0.0,0.0
2024-09-06 14:51:00+09:00,48700.0,48750.0,48700.0,48700.0,40,0.0,0.0
2024-09-06 14:52:00+09:00,48750.0,48750.0,48700.0,48700.0,37,0.0,0.0
2024-09-06 14:53:00+09:00,48700.0,48700.0,48650.0,48650.0,90,0.0,0.0
2024-09-06 14:54:00+09:00,48650.0,48650.0,48650.0,48650.0,33,0.0,0.0
2024-09-06 14:55:00+09:00,48650.0,48650.0,48600.0,48600.0,99,0.0,0.0
2024-09-06 14:56:00+09:00,48600.0,48600.0,48600.0,48600.0,132,0.0,0.0
2024-09-06 14:57:00+09:00,48600.0,48600.0,48600.0,48600.0,43,0.0,0.0
2024-09-06 14:58:00+09:00,48600.0,48650.0,48600.0,48650.0,101,0.0,0.0
2024-09-06 14:59:00+09:00,48600.0,48650.0,48600.0,48650.0,2,0.0,0.0
