Datetime,Open,High,Low,Close,Volume,Dividends,Stock Splits
2024-05-29 09:30:00-04:00,3.4600000381469727,3.4600000381469727,3.450000047683716,3.450000047683716,0,0.0,0.0
2024-05-29 09:35:00-04:00,3.450000047683716,3.4600000381469727,3.450000047683716,3.4600000381469727,10017,0.0,0.0
2024-05-29 09:40:00-04:00,3.4749999046325684,3.4749999046325684,3.450000047683716,3.450000047683716,6027,0.0,0.0
2024-05-29 09:45:00-04:00,3.4600000381469727,3.4649999141693115,3.4000000953674316,3.4100000858306885,12522,0.0,0.0
2024-05-29 09:50:00-04:00,3.4200000762939453,3.430000066757202,3.400899887084961,3.4200000762939453,7200,0.0,0.0
2024-05-29 09:55:00-04:00,3.430000066757202,3.430000066757202,3.4200000762939453,3.4200000762939453,4708,0.0,0.0
2024-05-29 10:00:00-04:00,3.4200000762939453,3.424999952316284,3.4149999618530273,3.424999952316284,7193,0.0,0.0
2024-05-29 10:05:00-04:00,3.430000066757202,3.440000057220459,3.430000066757202,3.434999942779541,1763,0.0,0.0
2024-05-29 10:10:00-04:00,3.440000057220459,3.444999933242798,3.440000057220459,3.440000057220459,2659,0.0,0.0
2024-05-29 10:15:00-04:00,3.440000057220459,3.444999933242798,3.430000066757202,3.430000066757202,3485,0.0,0.0
2024-05-29 10:20:00-04:00,3.430000066757202,3.430000066757202,3.430000066757202,3.430000066757202,557,0.0,0.0
2024-05-29 10:25:00-04:00,3.440000057220459,3.444999933242798,3.440000057220459,3.440000057220459,4234,0.0,0.0
2024-05-29 10:30:00-04:00,3.434999942779541,3.440000057220459,3.4200000762939453,3.434999942779541,18241,0.0,0.0
2024-05-29 10:35:00-04:00,3.434999942779541,3.434999942779541,3.434999942779541,3.434999942779541,893,0.0,0.0
2024-05-29 10:40:00-04:00,3.434999942779541,3.434999942779541,3.430000066757202,3.434999942779541,2134,0.0,0.0
2024-05-29 10:45:00-04:00,3.430000066757202,3.4549999237060547,3.430000066757202,3.4549999237060547,15006,0.0,0.0
2024-05-29 10:50:00-04:00,3.4600000381469727,3.4600000381469727,3.444999933242798,3.444999933242798,9129,0.0,0.0
2024-05-29 10:55:00-04:00,3.444999933242798,3.444999933242798,3.4442999362945557,3.444999933242798,1333,0.0,0.0
2024-05-29 11:00:00-04:00,3.444999933242798,3.450000047683716,3.440000057220459,3.444999933242798,4724,0.0,0.0
2024-05-29 11:05:00-04:00,3.450000047683716,3.450000047683716,3.440000057220459,3.440000057220459,3024,0.0,0.0
2024-05-29 11:10:00-04:00,3.440000057220459,3.444999933242798,3.440000057220459,3.440000057220459,2236,0.0,0.0
2024-05-29 11:15:00-04:00,3.444999933242798,3.444999933242798,3.4200000762939453,3.4200000762939453,13119,0.0,0.0
2024-05-29 11:20:00-04:00,3.424999952316284,3.430000066757202,3.4200000762939453,3.424999952316284,1444,0.0,0.0
2024-05-29 11:25:00-04:00,3.424999952316284,3.424999952316284,3.4200000762939453,3.4200000762939453,1820,0.0,0.0
2024-05-29 11:30:00-04:00,3.4200000762939453,3.430000066757202,3.4200000762939453,3.430000066757202,1266,0.0,0.0
2024-05-29 11:35:00-04:00,3.424999952316284,3.424999952316284,3.4200000762939453,3.4200000762939453,1991,0.0,0.0
2024-05-29 11:40:00-04:00,3.430000066757202,3.430000066757202,3.424999952316284,3.424999952316284,1518,0.0,0.0
2024-05-29 11:45:00-04:00,3.424999952316284,3.424999952316284,3.4200000762939453,3.424999952316284,6708,0.0,0.0
2024-05-29 11:50:00-04:00,3.424999952316284,3.424999952316284,3.4200000762939453,3.4200000762939453,2448,0.0,0.0
2024-05-29 11:55:00-04:00,3.430000066757202,3.430000066757202,3.4200000762939453,3.4200000762939453,1202,0.0,0.0
2024-05-29 12:00:00-04:00,3.424999952316284,3.434999942779541,3.4200000762939453,3.424999952316284,76693,0.0,0.0
2024-05-29 12:05:00-04:00,3.4200000762939453,3.424999952316284,3.4200000762939453,3.4200000762939453,1635,0.0,0.0
2024-05-29 12:10:00-04:00,3.424999952316284,3.430000066757202,3.4200000762939453,3.424999952316284,8883,0.0,0.0
2024-05-29 12:15:00-04:00,3.424999952316284,3.424999952316284,3.4200000762939453,3.424999952316284,4051,0.0,0.0
2024-05-29 12:20:00-04:00,3.4200000762939453,3.434999942779541,3.4200000762939453,3.424999952316284,12322,0.0,0.0
2024-05-29 12:25:00-04:00,3.430000066757202,3.434999942779541,3.424999952316284,3.430000066757202,16183,0.0,0.0
2024-05-29 12:30:00-04:00,3.424999952316284,3.424999952316284,3.424999952316284,3.424999952316284,2259,0.0,0.0
2024-05-29 12:35:00-04:00,3.424999952316284,3.424999952316284,3.4200000762939453,3.424999952316284,2581,0.0,0.0
2024-05-29 12:40:00-04:00,3.424999952316284,3.424999952316284,3.423799991607666,3.423799991607666,3724,0.0,0.0
2024-05-29 12:45:00-04:00,3.4200000762939453,3.430000066757202,3.4200000762939453,3.424999952316284,1859,0.0,0.0
2024-05-29 12:50:00-04:00,3.424999952316284,3.440000057220459,3.4200000762939453,3.440000057220459,11132,0.0,0.0
2024-05-29 12:55:00-04:00,3.440000057220459,3.450000047683716,3.440000057220459,3.450000047683716,8184,0.0,0.0
2024-05-29 13:00:00-04:00,3.444999933242798,3.450000047683716,3.444999933242798,3.450000047683716,1028,0.0,0.0
2024-05-29 13:05:00-04:00,3.440000057220459,3.450000047683716,3.440000057220459,3.440000057220459,3764,0.0,0.0
2024-05-29 13:10:00-04:00,3.444999933242798,3.450000047683716,3.440000057220459,3.440000057220459,1389,0.0,0.0
2024-05-29 13:15:00-04:00,3.440000057220459,3.450000047683716,3.440000057220459,3.440000057220459,14618,0.0,0.0
2024-05-29 13:20:00-04:00,3.440000057220459,3.450000047683716,3.440000057220459,3.450000047683716,4945,0.0,0.0
2024-05-29 13:25:00-04:00,3.440000057220459,3.450000047683716,3.440000057220459,3.450000047683716,11971,0.0,0.0
2024-05-29 13:30:00-04:00,3.440000057220459,3.450000047683716,3.440000057220459,3.440000057220459,21321,0.0,0.0
2024-05-29 13:35:00-04:00,3.450000047683716,3.4700000286102295,3.440000057220459,3.465100049972534,31130,0.0,0.0
2024-05-29 13:40:00-04:00,3.4700000286102295,3.4749999046325684,3.4600000381469727,3.4649999141693115,13266,0.0,0.0
2024-05-29 13:45:00-04:00,3.4649999141693115,3.4649999141693115,3.4600000381469727,3.4649999141693115,4876,0.0,0.0
2024-05-29 13:50:00-04:00,3.4700000286102295,3.4800000190734863,3.4700000286102295,3.4749999046325684,6856,0.0,0.0
2024-05-29 13:55:00-04:00,3.4749999046325684,3.4800000190734863,3.4749999046325684,3.4800000190734863,3687,0.0,0.0
2024-05-29 14:00:00-04:00,3.4800000190734863,3.4800000190734863,3.4749999046325684,3.4749999046325684,4930,0.0,0.0
2024-05-29 14:05:00-04:00,3.4749999046325684,3.4800000190734863,3.4749999046325684,3.4800000190734863,1271,0.0,0.0
2024-05-29 14:10:00-04:00,3.4749999046325684,3.4800000190734863,3.4700000286102295,3.4749999046325684,10127,0.0,0.0
2024-05-29 14:15:00-04:00,3.4600000381469727,3.4649999141693115,3.4600000381469727,3.4649999141693115,2371,0.0,0.0
2024-05-29 14:20:00-04:00,3.4600000381469727,3.4649999141693115,3.440000057220459,3.4549999237060547,21623,0.0,0.0
2024-05-29 14:25:00-04:00,3.4549999237060547,3.4700000286102295,3.450000047683716,3.4700000286102295,12365,0.0,0.0
2024-05-29 14:30:00-04:00,3.4700000286102295,3.4700000286102295,3.4649999141693115,3.4700000286102295,2131,0.0,0.0
2024-05-29 14:35:00-04:00,3.4649999141693115,3.4700000286102295,3.4600000381469727,3.4600000381469727,2030,0.0,0.0
2024-05-29 14:40:00-04:00,3.4649999141693115,3.4700000286102295,3.4600000381469727,3.4600000381469727,3268,0.0,0.0
2024-05-29 14:45:00-04:00,3.4649999141693115,3.4700000286102295,3.4600000381469727,3.4649999141693115,5727,0.0,0.0
2024-05-29 14:50:00-04:00,3.4649999141693115,3.4674999713897705,3.4649999141693115,3.4649999141693115,2011,0.0,0.0
2024-05-29 14:55:00-04:00,3.4649999141693115,3.4649999141693115,3.450000047683716,3.450000047683716,7342,0.0,0.0
2024-05-29 15:00:00-04:00,3.450000047683716,3.4649999141693115,3.450000047683716,3.4649999141693115,9421,0.0,0.0
2024-05-29 15:05:00-04:00,3.4700000286102295,3.490000009536743,3.4649999141693115,3.484999895095825,14342,0.0,0.0
2024-05-29 15:10:00-04:00,3.484999895095825,3.490000009536743,3.484999895095825,3.490000009536743,1763,0.0,0.0
2024-05-29 15:15:00-04:00,3.490000009536743,3.490000009536743,3.4800000190734863,3.4800000190734863,2573,0.0,0.0
2024-05-29 15:20:00-04:00,3.4800000190734863,3.509999990463257,3.4800000190734863,3.509999990463257,16732,0.0,0.0
2024-05-29 15:25:00-04:00,3.505000114440918,3.505000114440918,3.505000114440918,3.505000114440918,3570,0.0,0.0
2024-05-29 15:30:00-04:00,3.505000114440918,3.509999990463257,3.5,3.509999990463257,7113,0.0,0.0
2024-05-29 15:35:00-04:00,3.509999990463257,3.5199999809265137,3.5,3.515000104904175,34188,0.0,0.0
2024-05-29 15:40:00-04:00,3.515000104904175,3.515000104904175,3.505000114440918,3.505000114440918,16621,0.0,0.0
2024-05-29 15:45:00-04:00,3.505000114440918,3.505000114440918,3.5,3.5,18424,0.0,0.0
2024-05-29 15:50:00-04:00,3.505000114440918,3.509999990463257,3.5,3.505000114440918,46324,0.0,0.0
2024-05-29 15:55:00-04:00,3.505000114440918,3.5299999713897705,3.5,3.5299999713897705,108663,0.0,0.0
2024-05-30 09:30:00-04:00,3.549999952316284,3.549999952316284,3.490000009536743,3.509999990463257,9254,0.0,0.0
2024-05-30 09:35:00-04:00,3.5199999809265137,3.5250000953674316,3.515000104904175,3.5199999809265137,3444,0.0,0.0
2024-05-30 09:40:00-04:00,3.5199999809265137,3.5350000858306885,3.5,3.5,15075,0.0,0.0
2024-05-30 09:45:00-04:00,3.505000114440918,3.515000104904175,3.505000114440918,3.509999990463257,4778,0.0,0.0
2024-05-30 09:50:00-04:00,3.505000114440918,3.5199999809265137,3.505000114440918,3.5199999809265137,5997,0.0,0.0
2024-05-30 09:55:00-04:00,3.5250000953674316,3.5250000953674316,3.515000104904175,3.515000104904175,2960,0.0,0.0
2024-05-30 10:00:00-04:00,3.515000104904175,3.5199999809265137,3.515000104904175,3.515000104904175,3761,0.0,0.0
2024-05-30 10:05:00-04:00,3.5199999809265137,3.5250000953674316,3.505000114440918,3.505000114440918,10489,0.0,0.0
2024-05-30 10:10:00-04:00,3.505000114440918,3.505000114440918,3.505000114440918,3.505000114440918,2207,0.0,0.0
2024-05-30 10:15:00-04:00,3.505000114440918,3.5299999713897705,3.505000114440918,3.5250000953674316,15163,0.0,0.0
2024-05-30 10:20:00-04:00,3.5250000953674316,3.5350000858306885,3.5250000953674316,3.5350000858306885,6776,0.0,0.0
2024-05-30 10:25:00-04:00,3.5350000858306885,3.5450000762939453,3.5350000858306885,3.5350000858306885,4567,0.0,0.0
2024-05-30 10:30:00-04:00,3.5350000858306885,3.5350000858306885,3.509999990463257,3.515000104904175,5315,0.0,0.0
2024-05-30 10:35:00-04:00,3.515000104904175,3.5250000953674316,3.515000104904175,3.5250000953674316,3307,0.0,0.0
2024-05-30 10:40:00-04:00,3.5250000953674316,3.5350000858306885,3.5250000953674316,3.5350000858306885,4288,0.0,0.0
2024-05-30 10:45:00-04:00,3.5399999618530273,3.5450000762939453,3.5399999618530273,3.5450000762939453,6183,0.0,0.0
2024-05-30 10:50:00-04:00,3.5450000762939453,3.5450000762939453,3.5450000762939453,3.5450000762939453,1015,0.0,0.0
2024-05-30 10:55:00-04:00,3.5450000762939453,3.549999952316284,3.5450000762939453,3.5450000762939453,4630,0.0,0.0
2024-05-30 11:00:00-04:00,3.5450000762939453,3.5450000762939453,3.5450000762939453,3.5450000762939453,907,0.0,0.0
2024-05-30 11:05:00-04:00,3.5450000762939453,3.5450000762939453,3.5299999713897705,3.5350000858306885,3693,0.0,0.0
2024-05-30 11:10:00-04:00,3.5399999618530273,3.5399999618530273,3.5350000858306885,3.5350000858306885,1393,0.0,0.0
2024-05-30 11:15:00-04:00,3.5350000858306885,3.5399999618530273,3.5350000858306885,3.5399999618530273,3175,0.0,0.0
2024-05-30 11:20:00-04:00,3.5450000762939453,3.549999952316284,3.5350000858306885,3.539900064468384,9731,0.0,0.0
2024-05-30 11:25:00-04:00,3.5350000858306885,3.5350000858306885,3.5299999713897705,3.5350000858306885,2429,0.0,0.0
2024-05-30 11:30:00-04:00,3.5350000858306885,3.5399999618530273,3.5350000858306885,3.5399999618530273,332,0.0,0.0
2024-05-30 11:35:00-04:00,3.5250000953674316,3.5299999713897705,3.5250000953674316,3.5250000953674316,13885,0.0,0.0
2024-05-30 11:40:00-04:00,3.5250000953674316,3.5250000953674316,3.5199999809265137,3.5250000953674316,2474,0.0,0.0
2024-05-30 11:45:00-04:00,3.5250000953674316,3.5250000953674316,3.5201001167297363,3.5250000953674316,6097,0.0,0.0
2024-05-30 11:50:00-04:00,3.5250000953674316,3.5250000953674316,3.5250000953674316,3.5250000953674316,1099,0.0,0.0
2024-05-30 11:55:00-04:00,3.5250000953674316,3.5250000953674316,3.5199999809265137,3.5250000953674316,3118,0.0,0.0
2024-05-30 12:00:00-04:00,3.5250000953674316,3.5250000953674316,3.5250000953674316,3.5250000953674316,2160,0.0,0.0
2024-05-30 12:05:00-04:00,3.5299999713897705,3.5450000762939453,3.5250000953674316,3.5399999618530273,48635,0.0,0.0
2024-05-30 12:10:00-04:00,3.5399999618530273,3.549999952316284,3.5350000858306885,3.549999952316284,9634,0.0,0.0
2024-05-30 12:15:00-04:00,3.549999952316284,3.549999952316284,3.5450000762939453,3.549999952316284,5307,0.0,0.0
2024-05-30 12:20:00-04:00,3.549999952316284,3.559999942779541,3.5450000762939453,3.559999942779541,20149,0.0,0.0
2024-05-30 12:25:00-04:00,3.555000066757202,3.559999942779541,3.549999952316284,3.559999942779541,8672,0.0,0.0
2024-05-30 12:30:00-04:00,3.559999942779541,3.569999933242798,3.555000066757202,3.569999933242798,11283,0.0,0.0
2024-05-30 12:35:00-04:00,3.565000057220459,3.575000047683716,3.565000057220459,3.575000047683716,4597,0.0,0.0
2024-05-30 12:40:00-04:00,3.575000047683716,3.575000047683716,3.575000047683716,3.575000047683716,2245,0.0,0.0
2024-05-30 12:45:00-04:00,3.575000047683716,3.575000047683716,3.555000066757202,3.555000066757202,6143,0.0,0.0
2024-05-30 12:50:00-04:00,3.549999952316284,3.555000066757202,3.549999952316284,3.549999952316284,3960,0.0,0.0
2024-05-30 12:55:00-04:00,3.5450000762939453,3.5450000762939453,3.5450000762939453,3.5450000762939453,1246,0.0,0.0
2024-05-30 13:00:00-04:00,3.5399999618530273,3.5450000762939453,3.5399999618530273,3.5450000762939453,11017,0.0,0.0
2024-05-30 13:05:00-04:00,3.5450000762939453,3.5450000762939453,3.5450000762939453,3.5450000762939453,1667,0.0,0.0
2024-05-30 13:10:00-04:00,3.5450000762939453,3.5450000762939453,3.5450000762939453,3.5450000762939453,1750,0.0,0.0
2024-05-30 13:15:00-04:00,3.5450000762939453,3.5450000762939453,3.5399999618530273,3.5450000762939453,5901,0.0,0.0
2024-05-30 13:20:00-04:00,3.5450000762939453,3.549999952316284,3.5399999618530273,3.5450000762939453,3964,0.0,0.0
2024-05-30 13:25:00-04:00,3.5499000549316406,3.5499000549316406,3.5450000762939453,3.5450000762939453,7929,0.0,0.0
2024-05-30 13:30:00-04:00,3.5450000762939453,3.555000066757202,3.5450000762939453,3.555000066757202,10346,0.0,0.0
2024-05-30 13:35:00-04:00,3.549999952316284,3.549999952316284,3.5450000762939453,3.5450000762939453,4327,0.0,0.0
2024-05-30 13:40:00-04:00,3.5450000762939453,3.5450000762939453,3.5450000762939453,3.5450000762939453,723,0.0,0.0
2024-05-30 13:45:00-04:00,3.5450000762939453,3.555000066757202,3.5450000762939453,3.5450000762939453,9500,0.0,0.0
2024-05-30 13:50:00-04:00,3.5450000762939453,3.5450000762939453,3.5450000762939453,3.5450000762939453,1067,0.0,0.0
2024-05-30 13:55:00-04:00,3.5450000762939453,3.555000066757202,3.5450000762939453,3.555000066757202,4823,0.0,0.0
2024-05-30 14:00:00-04:00,3.555000066757202,3.555000066757202,3.549999952316284,3.555000066757202,3302,0.0,0.0
2024-05-30 14:05:00-04:00,3.555000066757202,3.559999942779541,3.555000066757202,3.555000066757202,2490,0.0,0.0
2024-05-30 14:10:00-04:00,3.555000066757202,3.555000066757202,3.549999952316284,3.555000066757202,7034,0.0,0.0
2024-05-30 14:15:00-04:00,3.549999952316284,3.555000066757202,3.5450000762939453,3.5450000762939453,6594,0.0,0.0
2024-05-30 14:20:00-04:00,3.549999952316284,3.555000066757202,3.5450000762939453,3.549999952316284,19600,0.0,0.0
2024-05-30 14:25:00-04:00,3.555000066757202,3.555000066757202,3.549999952316284,3.555000066757202,2332,0.0,0.0
2024-05-30 14:30:00-04:00,3.555000066757202,3.5589001178741455,3.549999952316284,3.555000066757202,2350,0.0,0.0
2024-05-30 14:35:00-04:00,3.555000066757202,3.555000066757202,3.5399999618530273,3.5450000762939453,19458,0.0,0.0
2024-05-30 14:40:00-04:00,3.5450000762939453,3.5450000762939453,3.5432000160217285,3.5450000762939453,3565,0.0,0.0
2024-05-30 14:45:00-04:00,3.5450000762939453,3.549999952316284,3.5399999618530273,3.5399999618530273,10801,0.0,0.0
2024-05-30 14:50:00-04:00,3.5450000762939453,3.5450000762939453,3.5450000762939453,3.5450000762939453,2272,0.0,0.0
2024-05-30 14:55:00-04:00,3.5450000762939453,3.5450000762939453,3.5450000762939453,3.5450000762939453,5207,0.0,0.0
2024-05-30 15:00:00-04:00,3.5450000762939453,3.5450000762939453,3.5450000762939453,3.5450000762939453,3188,0.0,0.0
2024-05-30 15:05:00-04:00,3.5499000549316406,3.555000066757202,3.5409998893737793,3.5409998893737793,19280,0.0,0.0
2024-05-30 15:10:00-04:00,3.5450000762939453,3.5450000762939453,3.5399999618530273,3.5450000762939453,3676,0.0,0.0
2024-05-30 15:15:00-04:00,3.549999952316284,3.559999942779541,3.5399999618530273,3.5399999618530273,14168,0.0,0.0
2024-05-30 15:20:00-04:00,3.5399999618530273,3.5399999618530273,3.5199999809265137,3.5199999809265137,8384,0.0,0.0
2024-05-30 15:25:00-04:00,3.5250000953674316,3.5250000953674316,3.5199999809265137,3.5250000953674316,3690,0.0,0.0
2024-05-30 15:30:00-04:00,3.5250000953674316,3.5350000858306885,3.515000104904175,3.515000104904175,12413,0.0,0.0
2024-05-30 15:35:00-04:00,3.515000104904175,3.5199999809265137,3.515000104904175,3.515000104904175,5081,0.0,0.0
2024-05-30 15:40:00-04:00,3.515000104904175,3.5199999809265137,3.505000114440918,3.505000114440918,15347,0.0,0.0
2024-05-30 15:45:00-04:00,3.505000114440918,3.509999990463257,3.5,3.505000114440918,14629,0.0,0.0
2024-05-30 15:50:00-04:00,3.505000114440918,3.509999990463257,3.4700000286102295,3.4700000286102295,62445,0.0,0.0
2024-05-30 15:55:00-04:00,3.4700000286102295,3.5,3.4600000381469727,3.4600000381469727,208925,0.0,0.0
2024-05-31 09:30:00-04:00,3.4600000381469727,3.4600000381469727,3.4149999618530273,3.4600000381469727,11406,0.0,0.0
2024-05-31 09:40:00-04:00,3.4800000190734863,3.4800000190734863,3.4800000190734863,3.4800000190734863,2286,0.0,0.0
2024-05-31 09:45:00-04:00,3.4700000286102295,3.4700000286102295,3.4700000286102295,3.4700000286102295,2263,0.0,0.0
2024-05-31 09:50:00-04:00,3.4800000190734863,3.4800000190734863,3.4800000190734863,3.4800000190734863,1639,0.0,0.0
2024-05-31 10:00:00-04:00,3.4700000286102295,3.4700000286102295,3.4700000286102295,3.4700000286102295,1071,0.0,0.0
2024-05-31 10:05:00-04:00,3.4649999141693115,3.4649999141693115,3.4649999141693115,3.4649999141693115,107,0.0,0.0
2024-05-31 10:10:00-04:00,3.4649999141693115,3.469899892807007,3.450000047683716,3.4549999237060547,7792,0.0,0.0
2024-05-31 10:15:00-04:00,3.45989990234375,3.45989990234375,3.45989990234375,3.45989990234375,513,0.0,0.0
2024-05-31 10:20:00-04:00,3.4549999237060547,3.4549999237060547,3.4549999237060547,3.4549999237060547,353,0.0,0.0
2024-05-31 10:25:00-04:00,3.450000047683716,3.450000047683716,3.444999933242798,3.444999933242798,4241,0.0,0.0
2024-05-31 10:30:00-04:00,3.444999933242798,3.444999933242798,3.430000066757202,3.430000066757202,4289,0.0,0.0
2024-05-31 10:35:00-04:00,3.424999952316284,3.424999952316284,3.424999952316284,3.424999952316284,970,0.0,0.0
2024-05-31 10:40:00-04:00,3.4200000762939453,3.4200000762939453,3.4100000858306885,3.4100000858306885,3621,0.0,0.0
2024-05-31 10:45:00-04:00,3.4100000858306885,3.4149999618530273,3.4100000858306885,3.4100000858306885,1708,0.0,0.0
2024-05-31 10:50:00-04:00,3.4049999713897705,3.4049999713897705,3.3949999809265137,3.4049999713897705,3299,0.0,0.0
2024-05-31 10:55:00-04:00,3.4100000858306885,3.4100000858306885,3.4100000858306885,3.4100000858306885,1823,0.0,0.0
2024-05-31 11:00:00-04:00,3.4175000190734863,3.440000057220459,3.4000000953674316,3.4000000953674316,16682,0.0,0.0
2024-05-31 11:05:00-04:00,3.390000104904175,3.390000104904175,3.390000104904175,3.390000104904175,639,0.0,0.0
2024-05-31 11:10:00-04:00,3.384999990463257,3.390000104904175,3.380000114440918,3.390000104904175,2284,0.0,0.0
2024-05-31 11:15:00-04:00,3.3801000118255615,3.4000000953674316,3.3801000118255615,3.4000000953674316,3645,0.0,0.0
2024-05-31 11:20:00-04:00,3.4000000953674316,3.4049999713897705,3.4000000953674316,3.4049999713897705,3067,0.0,0.0
2024-05-31 11:25:00-04:00,3.4000000953674316,3.4000000953674316,3.3949999809265137,3.3949999809265137,2442,0.0,0.0
2024-05-31 11:30:00-04:00,3.390000104904175,3.390000104904175,3.390000104904175,3.390000104904175,1578,0.0,0.0
2024-05-31 11:35:00-04:00,3.384000062942505,3.384000062942505,3.384000062942505,3.384000062942505,1047,0.0,0.0
2024-05-31 11:40:00-04:00,3.384999990463257,3.384999990463257,3.384999990463257,3.384999990463257,1967,0.0,0.0
2024-05-31 11:45:00-04:00,3.384999990463257,3.384999990463257,3.380000114440918,3.384999990463257,1073,0.0,0.0
2024-05-31 11:50:00-04:00,3.389899969100952,3.389899969100952,3.384999990463257,3.384999990463257,3585,0.0,0.0
2024-05-31 11:55:00-04:00,3.380000114440918,3.380000114440918,3.375,3.375,2576,0.0,0.0
2024-05-31 12:00:00-04:00,3.375,3.375,3.365000009536743,3.365000009536743,3639,0.0,0.0
2024-05-31 12:10:00-04:00,3.369999885559082,3.424999952316284,3.365000009536743,3.4100000858306885,62248,0.0,0.0
2024-05-31 12:15:00-04:00,3.4100000858306885,3.4189000129699707,3.4100000858306885,3.4189000129699707,1451,0.0,0.0
2024-05-31 12:20:00-04:00,3.4110000133514404,3.4110000133514404,3.4049999713897705,3.4100000858306885,7970,0.0,0.0
2024-05-31 12:25:00-04:00,3.4200000762939453,3.424999952316284,3.4200000762939453,3.424999952316284,2456,0.0,0.0
2024-05-31 12:30:00-04:00,3.430000066757202,3.430000066757202,3.430000066757202,3.430000066757202,550,0.0,0.0
2024-05-31 12:35:00-04:00,3.430000066757202,3.430000066757202,3.4200000762939453,3.4200000762939453,3759,0.0,0.0
2024-05-31 12:40:00-04:00,3.4100000858306885,3.4149999618530273,3.4100000858306885,3.4100000858306885,2671,0.0,0.0
2024-05-31 12:45:00-04:00,3.4100000858306885,3.4100000858306885,3.4049999713897705,3.4049999713897705,618,0.0,0.0
2024-05-31 12:50:00-04:00,3.4049999713897705,3.4100000858306885,3.4049999713897705,3.4100000858306885,8186,0.0,0.0
2024-05-31 13:00:00-04:00,3.4100000858306885,3.4200000762939453,3.4100000858306885,3.4200000762939453,3265,0.0,0.0
2024-05-31 13:10:00-04:00,3.410099983215332,3.4200000762939453,3.410099983215332,3.4200000762939453,5543,0.0,0.0
2024-05-31 13:20:00-04:00,3.4149999618530273,3.4149999618530273,3.4149999618530273,3.4149999618530273,341,0.0,0.0
2024-05-31 13:25:00-04:00,3.4200000762939453,3.4200000762939453,3.4049999713897705,3.4100000858306885,8256,0.0,0.0
2024-05-31 13:35:00-04:00,3.4149999618530273,3.4149999618530273,3.4149999618530273,3.4149999618530273,549,0.0,0.0
2024-05-31 13:40:00-04:00,3.4149999618530273,3.4149999618530273,3.4149999618530273,3.4149999618530273,670,0.0,0.0
2024-05-31 13:45:00-04:00,3.4200000762939453,3.430000066757202,3.4149999618530273,3.430000066757202,8995,0.0,0.0
2024-05-31 13:50:00-04:00,3.424999952316284,3.424999952316284,3.424999952316284,3.424999952316284,736,0.0,0.0
2024-05-31 13:55:00-04:00,3.430000066757202,3.430000066757202,3.424999952316284,3.430000066757202,1300,0.0,0.0
2024-05-31 14:00:00-04:00,3.430000066757202,3.430000066757202,3.424999952316284,3.424999952316284,689,0.0,0.0
2024-05-31 14:05:00-04:00,3.430000066757202,3.4549999237060547,3.424999952316284,3.450000047683716,20317,0.0,0.0
2024-05-31 14:10:00-04:00,3.4600000381469727,3.4600000381469727,3.4549999237060547,3.4549999237060547,1380,0.0,0.0
2024-05-31 14:15:00-04:00,3.4549999237060547,3.4549999237060547,3.4549999237060547,3.4549999237060547,373,0.0,0.0
2024-05-31 14:20:00-04:00,3.4600000381469727,3.4600000381469727,3.4600000381469727,3.4600000381469727,2522,0.0,0.0
2024-05-31 14:25:00-04:00,3.450000047683716,3.450000047683716,3.450000047683716,3.450000047683716,3344,0.0,0.0
2024-05-31 14:35:00-04:00,3.444999933242798,3.450000047683716,3.434999942779541,3.440000057220459,10833,0.0,0.0
2024-05-31 14:45:00-04:00,3.444999933242798,3.450000047683716,3.444999933242798,3.450000047683716,543,0.0,0.0
2024-05-31 14:50:00-04:00,3.450000047683716,3.450000047683716,3.424999952316284,3.424999952316284,19847,0.0,0.0
2024-05-31 14:55:00-04:00,3.424999952316284,3.424999952316284,3.424999952316284,3.424999952316284,589,0.0,0.0
2024-05-31 15:00:00-04:00,3.430000066757202,3.444999933242798,3.430000066757202,3.4300999641418457,17219,0.0,0.0
2024-05-31 15:05:00-04:00,3.440000057220459,3.440000057220459,3.434999942779541,3.440000057220459,1000,0.0,0.0
2024-05-31 15:10:00-04:00,3.434999942779541,3.440000057220459,3.434999942779541,3.4368999004364014,1643,0.0,0.0
2024-05-31 15:15:00-04:00,3.440000057220459,3.440000057220459,3.430000066757202,3.434999942779541,3209,0.0,0.0
2024-05-31 15:20:00-04:00,3.440000057220459,3.440000057220459,3.434999942779541,3.434999942779541,1106,0.0,0.0
2024-05-31 15:25:00-04:00,3.440000057220459,3.440000057220459,3.434999942779541,3.440000057220459,1353,0.0,0.0
2024-05-31 15:30:00-04:00,3.430000066757202,3.434999942779541,3.4200000762939453,3.424999952316284,11668,0.0,0.0
2024-05-31 15:35:00-04:00,3.430000066757202,3.434999942779541,3.424999952316284,3.434999942779541,19265,0.0,0.0
2024-05-31 15:40:00-04:00,3.434999942779541,3.440000057220459,3.434999942779541,3.434999942779541,4504,0.0,0.0
2024-05-31 15:45:00-04:00,3.434999942779541,3.434999942779541,3.4100000858306885,3.4100000858306885,18288,0.0,0.0
2024-05-31 15:50:00-04:00,3.4149999618530273,3.440000057220459,3.4100000858306885,3.440000057220459,75557,0.0,0.0
2024-05-31 15:55:00-04:00,3.440000057220459,3.450000047683716,3.430000066757202,3.430000066757202,70759,0.0,0.0
2024-06-03 09:30:00-04:00,3.4800000190734863,3.4800000190734863,3.390000104904175,3.4184999465942383,23694,0.0,0.0
2024-06-03 09:35:00-04:00,3.4149999618530273,3.4200000762939453,3.3499999046325684,3.359999895095825,6042,0.0,0.0
2024-06-03 09:40:00-04:00,3.3499999046325684,3.3596999645233154,3.3299999237060547,3.3399999141693115,12069,0.0,0.0
2024-06-03 09:45:00-04:00,3.3450000286102295,3.3550000190734863,3.3399999141693115,3.3450000286102295,7199,0.0,0.0
2024-06-03 09:50:00-04:00,3.3450000286102295,3.3450000286102295,3.299999952316284,3.305000066757202,18503,0.0,0.0
2024-06-03 09:55:00-04:00,3.305000066757202,3.3299999237060547,3.305000066757202,3.309999942779541,20912,0.0,0.0
2024-06-03 10:00:00-04:00,3.299999952316284,3.309999942779541,3.2699999809265137,3.2699999809265137,10839,0.0,0.0
2024-06-03 10:05:00-04:00,3.2750000953674316,3.2850000858306885,3.2699999809265137,3.2699999809265137,10161,0.0,0.0
2024-06-03 10:10:00-04:00,3.2850000858306885,3.2850000858306885,3.265000104904175,3.2750000953674316,9064,0.0,0.0
2024-06-03 10:15:00-04:00,3.2799999713897705,3.2799999713897705,3.25,3.255000114440918,7913,0.0,0.0
2024-06-03 10:20:00-04:00,3.25,3.2699999809265137,3.240000009536743,3.2699999809265137,13696,0.0,0.0
2024-06-03 10:25:00-04:00,3.259999990463257,3.259999990463257,3.23009991645813,3.244999885559082,11850,0.0,0.0
2024-06-03 10:30:00-04:00,3.244999885559082,3.2472000122070312,3.240000009536743,3.244999885559082,4140,0.0,0.0
2024-06-03 10:35:00-04:00,3.244999885559082,3.2799999713897705,3.244999885559082,3.2799999713897705,7517,0.0,0.0
2024-06-03 10:40:00-04:00,3.2750000953674316,3.3350000381469727,3.2750000953674316,3.3350000381469727,6794,0.0,0.0
2024-06-03 10:45:00-04:00,3.3299999237060547,3.3299999237060547,3.2950000762939453,3.2950000762939453,9238,0.0,0.0
2024-06-03 10:50:00-04:00,3.2899999618530273,3.299999952316284,3.2799999713897705,3.2899999618530273,12719,0.0,0.0
2024-06-03 10:55:00-04:00,3.305000066757202,3.305000066757202,3.2699999809265137,3.2899999618530273,104544,0.0,0.0
2024-06-03 11:00:00-04:00,3.2799999713897705,3.2899999618530273,3.2799999713897705,3.2899999618530273,8779,0.0,0.0
2024-06-03 11:05:00-04:00,3.2950000762939453,3.2950000762939453,3.2908999919891357,3.2950000762939453,2462,0.0,0.0
2024-06-03 11:10:00-04:00,3.2950000762939453,3.305000066757202,3.2950000762939453,3.305000066757202,4447,0.0,0.0
2024-06-03 11:20:00-04:00,3.299999952316284,3.299999952316284,3.2850000858306885,3.2899999618530273,9593,0.0,0.0
2024-06-03 11:25:00-04:00,3.2899999618530273,3.2950000762939453,3.2899999618530273,3.2899999618530273,783,0.0,0.0
2024-06-03 11:30:00-04:00,3.2899999618530273,3.2899999618530273,3.2899999618530273,3.2899999618530273,881,0.0,0.0
2024-06-03 11:35:00-04:00,3.2899999618530273,3.305000066757202,3.2799999713897705,3.305000066757202,17622,0.0,0.0
2024-06-03 11:40:00-04:00,3.299999952316284,3.299999952316284,3.2899999618530273,3.2899999618530273,2868,0.0,0.0
2024-06-03 11:45:00-04:00,3.2950000762939453,3.2950000762939453,3.2950000762939453,3.2950000762939453,556,0.0,0.0
2024-06-03 11:50:00-04:00,3.2899999618530273,3.2950000762939453,3.2899999618530273,3.2950000762939453,1213,0.0,0.0
2024-06-03 11:55:00-04:00,3.2899999618530273,3.305000066757202,3.2899999618530273,3.305000066757202,4882,0.0,0.0
2024-06-03 12:00:00-04:00,3.299999952316284,3.299999952316284,3.2950000762939453,3.2950000762939453,6314,0.0,0.0
2024-06-03 12:05:00-04:00,3.2899999618530273,3.2899999618530273,3.2799999713897705,3.2850000858306885,7232,0.0,0.0
2024-06-03 12:10:00-04:00,3.2850000858306885,3.2899999618530273,3.2750000953674316,3.2899999618530273,8176,0.0,0.0
2024-06-03 12:15:00-04:00,3.2899999618530273,3.2899999618530273,3.2850000858306885,3.2850000858306885,1777,0.0,0.0
2024-06-03 12:20:00-04:00,3.2850000858306885,3.2850000858306885,3.2750000953674316,3.2750000953674316,8600,0.0,0.0
2024-06-03 12:25:00-04:00,3.2750000953674316,3.2799999713897705,3.2750000953674316,3.2750000953674316,3677,0.0,0.0
2024-06-03 12:30:00-04:00,3.2799999713897705,3.2799999713897705,3.2699999809265137,3.2750000953674316,5964,0.0,0.0
2024-06-03 12:35:00-04:00,3.2750000953674316,3.2850000858306885,3.2699999809265137,3.2850000858306885,17191,0.0,0.0
2024-06-03 12:40:00-04:00,3.2850000858306885,3.2850000858306885,3.2850000858306885,3.2850000858306885,2454,0.0,0.0
2024-06-03 12:45:00-04:00,3.2850000858306885,3.299999952316284,3.2850000858306885,3.299999952316284,8236,0.0,0.0
2024-06-03 12:50:00-04:00,3.299999952316284,3.299999952316284,3.2950000762939453,3.299999952316284,2075,0.0,0.0
2024-06-03 12:55:00-04:00,3.2950000762939453,3.305000066757202,3.2950000762939453,3.299999952316284,10078,0.0,0.0
2024-06-03 13:00:00-04:00,3.299999952316284,3.299999952316284,3.2950000762939453,3.299999952316284,2217,0.0,0.0
2024-06-03 13:05:00-04:00,3.2950000762939453,3.305000066757202,3.2799999713897705,3.299999952316284,21761,0.0,0.0
2024-06-03 13:10:00-04:00,3.299999952316284,3.299999952316284,3.2950000762939453,3.299999952316284,2239,0.0,0.0
2024-06-03 13:15:00-04:00,3.299999952316284,3.299999952316284,3.2950000762939453,3.299999952316284,2294,0.0,0.0
2024-06-03 13:20:00-04:00,3.299999952316284,3.305000066757202,3.299999952316284,3.305000066757202,2536,0.0,0.0
2024-06-03 13:25:00-04:00,3.305000066757202,3.315000057220459,3.299999952316284,3.315000057220459,14148,0.0,0.0
2024-06-03 13:30:00-04:00,3.315000057220459,3.319999933242798,3.315000057220459,3.319999933242798,1680,0.0,0.0
2024-06-03 13:35:00-04:00,3.319999933242798,3.319999933242798,3.319999933242798,3.319999933242798,2806,0.0,0.0
2024-06-03 13:40:00-04:00,3.319999933242798,3.3299999237060547,3.319999933242798,3.325000047683716,4913,0.0,0.0
2024-06-03 13:45:00-04:00,3.3299999237060547,3.3299999237060547,3.325000047683716,3.325000047683716,1828,0.0,0.0
2024-06-03 13:50:00-04:00,3.3299999237060547,3.3299999237060547,3.325000047683716,3.3299999237060547,1895,0.0,0.0
2024-06-03 13:55:00-04:00,3.319999933242798,3.325000047683716,3.319999933242798,3.325000047683716,4891,0.0,0.0
2024-06-03 14:00:00-04:00,3.325000047683716,3.325000047683716,3.315000057220459,3.315000057220459,9666,0.0,0.0
2024-06-03 14:05:00-04:00,3.315000057220459,3.3399999141693115,3.315000057220459,3.3350000381469727,13972,0.0,0.0
2024-06-03 14:10:00-04:00,3.3350000381469727,3.3350000381469727,3.3299999237060547,3.3350000381469727,3924,0.0,0.0
2024-06-03 14:15:00-04:00,3.3350000381469727,3.3350000381469727,3.319999933242798,3.3299999237060547,8831,0.0,0.0
2024-06-03 14:20:00-04:00,3.3299999237060547,3.3299999237060547,3.3299999237060547,3.3299999237060547,1749,0.0,0.0
2024-06-03 14:25:00-04:00,3.3299999237060547,3.3350000381469727,3.325000047683716,3.3350000381469727,5814,0.0,0.0
2024-06-03 14:30:00-04:00,3.3399999141693115,3.3399999141693115,3.3350000381469727,3.3399999141693115,1838,0.0,0.0
2024-06-03 14:35:00-04:00,3.3350000381469727,3.3399999141693115,3.325000047683716,3.3299999237060547,15517,0.0,0.0
2024-06-03 14:40:00-04:00,3.3299999237060547,3.3499999046325684,3.3299999237060547,3.3499999046325684,20790,0.0,0.0
2024-06-03 14:45:00-04:00,3.3450000286102295,3.3450000286102295,3.3350000381469727,3.3350000381469727,7219,0.0,0.0
2024-06-03 14:50:00-04:00,3.3399999141693115,3.3399999141693115,3.325000047683716,3.325000047683716,11088,0.0,0.0
2024-06-03 14:55:00-04:00,3.3299999237060547,3.3299999237060547,3.325000047683716,3.325000047683716,4281,0.0,0.0
2024-06-03 15:00:00-04:00,3.325000047683716,3.3299999237060547,3.325000047683716,3.3299999237060547,1616,0.0,0.0
2024-06-03 15:05:00-04:00,3.325000047683716,3.3299999237060547,3.325000047683716,3.3299999237060547,8553,0.0,0.0
2024-06-03 15:10:00-04:00,3.3299999237060547,3.3299999237060547,3.319999933242798,3.325000047683716,6591,0.0,0.0
2024-06-03 15:15:00-04:00,3.325000047683716,3.325000047683716,3.305000066757202,3.305000066757202,20105,0.0,0.0
2024-06-03 15:20:00-04:00,3.309999942779541,3.309999942779541,3.299999952316284,3.305000066757202,2430,0.0,0.0
2024-06-03 15:25:00-04:00,3.305000066757202,3.309999942779541,3.305000066757202,3.305000066757202,2991,0.0,0.0
2024-06-03 15:30:00-04:00,3.305000066757202,3.305000066757202,3.299999952316284,3.305000066757202,5190,0.0,0.0
2024-06-03 15:35:00-04:00,3.305000066757202,3.309999942779541,3.2850000858306885,3.2850000858306885,15094,0.0,0.0
2024-06-03 15:40:00-04:00,3.2799999713897705,3.2850000858306885,3.2799999713897705,3.2850000858306885,460,0.0,0.0
2024-06-03 15:45:00-04:00,3.2850000858306885,3.2850000858306885,3.259999990463257,3.259999990463257,30549,0.0,0.0
2024-06-03 15:50:00-04:00,3.265000104904175,3.265000104904175,3.240000009536743,3.240000009536743,27797,0.0,0.0
2024-06-03 15:55:00-04:00,3.244999885559082,3.244999885559082,3.2300000190734863,3.240000009536743,50493,0.0,0.0
2024-06-04 09:30:00-04:00,3.2300000190734863,3.2300000190734863,3.140000104904175,3.1700000762939453,29114,0.0,0.0
2024-06-04 09:35:00-04:00,3.180000066757202,3.180000066757202,3.0999999046325684,3.0999999046325684,21304,0.0,0.0
2024-06-04 09:40:00-04:00,3.0899999141693115,3.0899999141693115,3.055000066757202,3.059999942779541,19955,0.0,0.0
2024-06-04 09:45:00-04:00,3.0697999000549316,3.0899999141693115,3.049999952316284,3.059999942779541,21674,0.0,0.0
2024-06-04 09:50:00-04:00,3.065000057220459,3.115000009536743,3.055000066757202,3.0999999046325684,21194,0.0,0.0
2024-06-04 09:55:00-04:00,3.0950000286102295,3.0980000495910645,3.0850000381469727,3.0899999141693115,9259,0.0,0.0
2024-06-04 10:00:00-04:00,3.0950000286102295,3.1050000190734863,3.055000066757202,3.055000066757202,9100,0.0,0.0
2024-06-04 10:05:00-04:00,3.055000066757202,3.055000066757202,2.9800000190734863,2.9800000190734863,34558,0.0,0.0
2024-06-04 10:10:00-04:00,2.984999895095825,3.0250000953674316,2.9800000190734863,3.009999990463257,10286,0.0,0.0
2024-06-04 10:15:00-04:00,3.015000104904175,3.0299999713897705,3.009999990463257,3.0299999713897705,5807,0.0,0.0
2024-06-04 10:20:00-04:00,3.0199999809265137,3.0199999809265137,2.994999885559082,3.0,4364,0.0,0.0
2024-06-04 10:25:00-04:00,3.005000114440918,3.009999990463257,2.994999885559082,2.994999885559082,10683,0.0,0.0
2024-06-04 10:30:00-04:00,2.994999885559082,3.015000104904175,2.990000009536743,3.009999990463257,11506,0.0,0.0
2024-06-04 10:35:00-04:00,3.005000114440918,3.015000104904175,2.990000009536743,2.994999885559082,22390,0.0,0.0
2024-06-04 10:40:00-04:00,2.994999885559082,2.994999885559082,2.9749999046325684,2.984999895095825,10144,0.0,0.0
2024-06-04 10:45:00-04:00,2.990000009536743,2.990000009536743,2.9800000190734863,2.984999895095825,9919,0.0,0.0
2024-06-04 10:50:00-04:00,2.9800000190734863,2.9992001056671143,2.9700000286102295,2.9700000286102295,54071,0.0,0.0
2024-06-04 10:55:00-04:00,2.9700000286102295,2.9790000915527344,2.9649999141693115,2.9700000286102295,42758,0.0,0.0
2024-06-04 11:00:00-04:00,2.9700000286102295,2.9749999046325684,2.9549999237060547,2.9749999046325684,28801,0.0,0.0
2024-06-04 11:05:00-04:00,2.9749999046325684,3.0,2.9600000381469727,2.9700000286102295,78559,0.0,0.0
2024-06-04 11:10:00-04:00,2.9700000286102295,2.9749999046325684,2.9600000381469727,2.9749999046325684,12789,0.0,0.0
2024-06-04 11:15:00-04:00,2.9700000286102295,2.9700000286102295,2.9649999141693115,2.9649999141693115,8161,0.0,0.0
2024-06-04 11:20:00-04:00,2.9649999141693115,2.9649999141693115,2.9649999141693115,2.9649999141693115,1998,0.0,0.0
2024-06-04 11:25:00-04:00,2.9700000286102295,2.9700000286102295,2.9649999141693115,2.9649999141693115,8419,0.0,0.0
2024-06-04 11:30:00-04:00,2.9649999141693115,2.9649999141693115,2.9649999141693115,2.9649999141693115,2555,0.0,0.0
2024-06-04 11:35:00-04:00,2.9649999141693115,2.9649999141693115,2.9607999324798584,2.9607999324798584,4367,0.0,0.0
2024-06-04 11:40:00-04:00,2.9649999141693115,2.9700000286102295,2.9600000381469727,2.9649999141693115,38081,0.0,0.0
2024-06-04 11:45:00-04:00,2.9649999141693115,2.9649999141693115,2.9600000381469727,2.9649999141693115,13425,0.0,0.0
2024-06-04 11:50:00-04:00,2.9649999141693115,2.984999895095825,2.9600000381469727,2.984999895095825,32265,0.0,0.0
2024-06-04 11:55:00-04:00,2.984999895095825,2.9856998920440674,2.984999895095825,2.9856998920440674,4676,0.0,0.0
2024-06-04 12:00:00-04:00,2.984999895095825,3.015000104904175,2.9800000190734863,3.015000104904175,16147,0.0,0.0
2024-06-04 12:05:00-04:00,3.0199999809265137,3.0199999809265137,3.005000114440918,3.015000104904175,10530,0.0,0.0
2024-06-04 12:10:00-04:00,3.009999990463257,3.0199999809265137,3.009999990463257,3.015000104904175,1468,0.0,0.0
2024-06-04 12:15:00-04:00,3.009999990463257,3.009999990463257,2.990000009536743,2.990000009536743,7197,0.0,0.0
2024-06-04 12:20:00-04:00,2.990000009536743,2.994999885559082,2.990000009536743,2.994999885559082,7852,0.0,0.0
2024-06-04 12:25:00-04:00,2.994999885559082,2.994999885559082,2.994999885559082,2.994999885559082,1098,0.0,0.0
2024-06-04 12:30:00-04:00,2.990000009536743,2.994999885559082,2.990000009536743,2.994999885559082,2710,0.0,0.0
2024-06-04 12:35:00-04:00,2.990000009536743,2.994999885559082,2.990000009536743,2.990000009536743,21700,0.0,0.0
2024-06-04 12:40:00-04:00,2.990000009536743,2.994999885559082,2.984999895095825,2.994999885559082,15132,0.0,0.0
2024-06-04 12:45:00-04:00,2.994999885559082,2.994999885559082,2.984999895095825,2.990000009536743,8566,0.0,0.0
2024-06-04 12:50:00-04:00,2.984999895095825,2.990000009536743,2.984999895095825,2.984999895095825,2899,0.0,0.0
2024-06-04 12:55:00-04:00,2.984999895095825,2.990000009536743,2.9800000190734863,2.984999895095825,2459,0.0,0.0
2024-06-04 13:00:00-04:00,2.984999895095825,2.990000009536743,2.9825000762939453,2.984999895095825,5200,0.0,0.0
2024-06-04 13:05:00-04:00,2.984999895095825,2.990000009536743,2.984999895095825,2.990000009536743,7233,0.0,0.0
2024-06-04 13:10:00-04:00,2.984999895095825,2.984999895095825,2.984999895095825,2.984999895095825,2499,0.0,0.0
2024-06-04 13:15:00-04:00,2.984999895095825,2.990000009536743,2.984999895095825,2.984999895095825,4459,0.0,0.0
2024-06-04 13:20:00-04:00,2.984999895095825,2.990000009536743,2.9800000190734863,2.984999895095825,24219,0.0,0.0
2024-06-04 13:25:00-04:00,2.984999895095825,2.9888999462127686,2.984999895095825,2.984999895095825,2602,0.0,0.0
2024-06-04 13:30:00-04:00,2.984999895095825,2.990000009536743,2.9800000190734863,2.984999895095825,4751,0.0,0.0
2024-06-04 13:35:00-04:00,2.988800048828125,2.990000009536743,2.984999895095825,2.984999895095825,3152,0.0,0.0
2024-06-04 13:40:00-04:00,2.984999895095825,2.990000009536743,2.984999895095825,2.984999895095825,3095,0.0,0.0
2024-06-04 13:45:00-04:00,2.984999895095825,2.990000009536743,2.984999895095825,2.984999895095825,2053,0.0,0.0
2024-06-04 13:50:00-04:00,2.984999895095825,2.994999885559082,2.9800000190734863,2.994999885559082,9164,0.0,0.0
2024-06-04 13:55:00-04:00,2.994999885559082,2.994999885559082,2.984999895095825,2.990000009536743,19225,0.0,0.0
2024-06-04 14:00:00-04:00,2.984999895095825,2.984999895095825,2.984999895095825,2.984999895095825,1533,0.0,0.0
2024-06-04 14:05:00-04:00,2.984999895095825,2.989000082015991,2.984999895095825,2.984999895095825,5786,0.0,0.0
2024-06-04 14:10:00-04:00,2.984999895095825,2.984999895095825,2.984999895095825,2.984999895095825,14210,0.0,0.0
2024-06-04 14:15:00-04:00,2.984999895095825,2.984999895095825,2.984999895095825,2.984999895095825,11087,0.0,0.0
2024-06-04 14:20:00-04:00,2.984999895095825,2.990000009536743,2.984999895095825,2.984999895095825,2674,0.0,0.0
2024-06-04 14:25:00-04:00,2.984999895095825,2.990000009536743,2.984999895095825,2.984999895095825,4440,0.0,0.0
2024-06-04 14:30:00-04:00,2.984999895095825,2.984999895095825,2.9800000190734863,2.984999895095825,26473,0.0,0.0
2024-06-04 14:35:00-04:00,2.984999895095825,2.9853999614715576,2.9800000190734863,2.984999895095825,6955,0.0,0.0
2024-06-04 14:40:00-04:00,2.990000009536743,2.990000009536743,2.9800000190734863,2.984999895095825,5712,0.0,0.0
2024-06-04 14:45:00-04:00,2.984999895095825,2.9888999462127686,2.900099992752075,2.934999942779541,110850,0.0,0.0
2024-06-04 14:50:00-04:00,2.934999942779541,2.940000057220459,2.920099973678589,2.9240000247955322,18862,0.0,0.0
2024-06-04 14:55:00-04:00,2.9200000762939453,2.930000066757202,2.9200000762939453,2.924999952316284,764,0.0,0.0
2024-06-04 15:00:00-04:00,2.9200000762939453,2.924999952316284,2.910099983215332,2.910099983215332,2913,0.0,0.0
2024-06-04 15:05:00-04:00,2.9100000858306885,2.9149999618530273,2.8901000022888184,2.8949999809265137,22900,0.0,0.0
2024-06-04 15:10:00-04:00,2.8949999809265137,2.8986001014709473,2.8949999809265137,2.8949999809265137,1471,0.0,0.0
2024-06-04 15:15:00-04:00,2.8949999809265137,2.8949999809265137,2.890000104904175,2.8949999809265137,2059,0.0,0.0
2024-06-04 15:20:00-04:00,2.8949999809265137,2.9000000953674316,2.890000104904175,2.8949999809265137,33581,0.0,0.0
2024-06-04 15:25:00-04:00,2.8949999809265137,2.8949999809265137,2.8901000022888184,2.8949999809265137,5010,0.0,0.0
2024-06-04 15:30:00-04:00,2.8949999809265137,2.898900032043457,2.8901000022888184,2.890899896621704,4333,0.0,0.0
2024-06-04 15:35:00-04:00,2.8907999992370605,2.8949999809265137,2.875,2.875,20983,0.0,0.0
2024-06-04 15:40:00-04:00,2.8798999786376953,2.880000114440918,2.8701000213623047,2.875,4643,0.0,0.0
2024-06-04 15:45:00-04:00,2.875,2.875,2.875,2.875,3871,0.0,0.0
2024-06-04 15:50:00-04:00,2.869999885559082,2.875,2.859999895095825,2.865000009536743,29636,0.0,0.0
2024-06-04 15:55:00-04:00,2.8696999549865723,2.869999885559082,2.859999895095825,2.865000009536743,52428,0.0,0.0
2024-06-05 09:30:00-04:00,2.8299999237060547,2.859999895095825,2.8299999237060547,2.8499999046325684,18241,0.0,0.0
2024-06-05 09:35:00-04:00,2.8433001041412354,2.8499999046325684,2.819999933242798,2.819999933242798,9833,0.0,0.0
2024-06-05 09:40:00-04:00,2.805000066757202,2.809999942779541,2.740000009536743,2.755000114440918,32190,0.0,0.0
2024-06-05 09:45:00-04:00,2.75,2.759999990463257,2.7300000190734863,2.75,14409,0.0,0.0
2024-06-05 09:50:00-04:00,2.740000009536743,2.755000114440918,2.7149999141693115,2.755000114440918,21179,0.0,0.0
2024-06-05 09:55:00-04:00,2.753000020980835,2.7950000762939453,2.744999885559082,2.7850000858306885,44852,0.0,0.0
2024-06-05 10:00:00-04:00,2.7799999713897705,2.815000057220459,2.7774999141693115,2.815000057220459,25326,0.0,0.0
2024-06-05 10:05:00-04:00,2.819000005722046,2.819000005722046,2.8148999214172363,2.815000057220459,1379,0.0,0.0
2024-06-05 10:10:00-04:00,2.815000057220459,2.815000057220459,2.815000057220459,2.815000057220459,4326,0.0,0.0
2024-06-05 10:15:00-04:00,2.815000057220459,2.815000057220459,2.815000057220459,2.815000057220459,2113,0.0,0.0
2024-06-05 10:20:00-04:00,2.815000057220459,2.815000057220459,2.799999952316284,2.805000066757202,18793,0.0,0.0
2024-06-05 10:25:00-04:00,2.805000066757202,2.8299999237060547,2.7950000762939453,2.825000047683716,30383,0.0,0.0
2024-06-05 10:30:00-04:00,2.825000047683716,2.880000114440918,2.825000047683716,2.8550000190734863,42217,0.0,0.0
2024-06-05 10:35:00-04:00,2.8550000190734863,2.884999990463257,2.8550000190734863,2.865000009536743,25378,0.0,0.0
2024-06-05 10:40:00-04:00,2.869999885559082,2.869999885559082,2.856600046157837,2.856600046157837,10983,0.0,0.0
2024-06-05 10:45:00-04:00,2.8550000190734863,2.8550000190734863,2.8499999046325684,2.8550000190734863,3023,0.0,0.0
2024-06-05 10:50:00-04:00,2.8399999141693115,2.8399999141693115,2.8399999141693115,2.8399999141693115,140,0.0,0.0
2024-06-05 10:55:00-04:00,2.840100049972534,2.8450000286102295,2.8301000595092773,2.8350000381469727,5553,0.0,0.0
2024-06-05 11:00:00-04:00,2.8350000381469727,2.8350000381469727,2.8299999237060547,2.8350000381469727,4250,0.0,0.0
2024-06-05 11:05:00-04:00,2.8299999237060547,2.8299999237060547,2.8299999237060547,2.8299999237060547,202,0.0,0.0
2024-06-05 11:10:00-04:00,2.8299999237060547,2.8499999046325684,2.8299999237060547,2.8450000286102295,31960,0.0,0.0
2024-06-05 11:15:00-04:00,2.8403000831604004,2.8450000286102295,2.840100049972534,2.8450000286102295,4082,0.0,0.0
2024-06-05 11:20:00-04:00,2.8450000286102295,2.865000009536743,2.840100049972534,2.865000009536743,19427,0.0,0.0
2024-06-05 11:25:00-04:00,2.865000009536743,2.865000009536743,2.865000009536743,2.865000009536743,1039,0.0,0.0
2024-06-05 11:30:00-04:00,2.865000009536743,2.865000009536743,2.865000009536743,2.865000009536743,1136,0.0,0.0
2024-06-05 11:35:00-04:00,2.8615000247955322,2.865000009536743,2.859999895095825,2.865000009536743,3925,0.0,0.0
2024-06-05 11:45:00-04:00,2.865000009536743,2.869999885559082,2.865000009536743,2.865000009536743,5384,0.0,0.0
2024-06-05 11:50:00-04:00,2.865000009536743,2.865000009536743,2.859999895095825,2.865000009536743,4071,0.0,0.0
2024-06-05 11:55:00-04:00,2.865000009536743,2.865000009536743,2.865000009536743,2.865000009536743,10973,0.0,0.0
2024-06-05 12:00:00-04:00,2.865000009536743,2.865000009536743,2.865000009536743,2.865000009536743,3867,0.0,0.0
2024-06-05 12:05:00-04:00,2.865000009536743,2.865000009536743,2.865000009536743,2.865000009536743,7247,0.0,0.0
2024-06-05 12:10:00-04:00,2.865000009536743,2.865000009536743,2.865000009536743,2.865000009536743,4197,0.0,0.0
2024-06-05 12:15:00-04:00,2.865000009536743,2.865000009536743,2.859999895095825,2.865000009536743,4916,0.0,0.0
2024-06-05 12:20:00-04:00,2.865000009536743,2.865000009536743,2.865000009536743,2.865000009536743,4046,0.0,0.0
2024-06-05 12:25:00-04:00,2.865000009536743,2.865000009536743,2.865000009536743,2.865000009536743,1680,0.0,0.0
2024-06-05 12:30:00-04:00,2.865000009536743,2.8689000606536865,2.865000009536743,2.865000009536743,3338,0.0,0.0
2024-06-05 12:35:00-04:00,2.865000009536743,2.865000009536743,2.8613998889923096,2.865000009536743,4597,0.0,0.0
2024-06-05 12:40:00-04:00,2.865000009536743,2.865000009536743,2.865000009536743,2.865000009536743,6238,0.0,0.0
2024-06-05 12:45:00-04:00,2.865000009536743,2.865000009536743,2.865000009536743,2.865000009536743,3242,0.0,0.0
2024-06-05 12:50:00-04:00,2.865000009536743,2.865000009536743,2.865000009536743,2.865000009536743,3169,0.0,0.0
2024-06-05 12:55:00-04:00,2.865000009536743,2.865000009536743,2.865000009536743,2.865000009536743,4853,0.0,0.0
2024-06-05 13:00:00-04:00,2.865000009536743,2.865000009536743,2.865000009536743,2.865000009536743,3414,0.0,0.0
2024-06-05 13:05:00-04:00,2.865000009536743,2.865000009536743,2.865000009536743,2.865000009536743,3248,0.0,0.0
2024-06-05 13:10:00-04:00,2.865000009536743,2.869999885559082,2.865000009536743,2.869999885559082,8398,0.0,0.0
2024-06-05 13:15:00-04:00,2.869999885559082,2.9049999713897705,2.869999885559082,2.884999990463257,33165,0.0,0.0
2024-06-05 13:20:00-04:00,2.884999990463257,2.884999990463257,2.884999990463257,2.884999990463257,1806,0.0,0.0
2024-06-05 13:25:00-04:00,2.884999990463257,2.884999990463257,2.869999885559082,2.875,11443,0.0,0.0
2024-06-05 13:30:00-04:00,2.875,2.875,2.875,2.875,1220,0.0,0.0
2024-06-05 13:35:00-04:00,2.875,2.875,2.875,2.875,2136,0.0,0.0
2024-06-05 13:40:00-04:00,2.875,2.880000114440918,2.875,2.875,9962,0.0,0.0
2024-06-05 13:45:00-04:00,2.875,2.875,2.875,2.875,2296,0.0,0.0
2024-06-05 13:50:00-04:00,2.875,2.875,2.873699903488159,2.875,3284,0.0,0.0
2024-06-05 13:55:00-04:00,2.875,2.875,2.875,2.875,1451,0.0,0.0
2024-06-05 14:00:00-04:00,2.875,2.875,2.875,2.875,1592,0.0,0.0
2024-06-05 14:05:00-04:00,2.875,2.875,2.875,2.875,1169,0.0,0.0
2024-06-05 14:10:00-04:00,2.875,2.880000114440918,2.875,2.875,5553,0.0,0.0
2024-06-05 14:15:00-04:00,2.875,2.880000114440918,2.875,2.875,16188,0.0,0.0
2024-06-05 14:20:00-04:00,2.875,2.875,2.875,2.875,3015,0.0,0.0
2024-06-05 14:25:00-04:00,2.875,2.875,2.875,2.875,3458,0.0,0.0
2024-06-05 14:30:00-04:00,2.875,2.875,2.871299982070923,2.873300075531006,5865,0.0,0.0
2024-06-05 14:35:00-04:00,2.875,2.875,2.875,2.875,7123,0.0,0.0
2024-06-05 14:40:00-04:00,2.875,2.880000114440918,2.875,2.880000114440918,5606,0.0,0.0
2024-06-05 14:45:00-04:00,2.880000114440918,2.880000114440918,2.875,2.875,3397,0.0,0.0
2024-06-05 14:50:00-04:00,2.880000114440918,2.880000114440918,2.875,2.875,3804,0.0,0.0
2024-06-05 14:55:00-04:00,2.875,2.8798999786376953,2.875,2.875,4215,0.0,0.0
2024-06-05 15:00:00-04:00,2.875,2.875,2.875,2.875,3394,0.0,0.0
2024-06-05 15:05:00-04:00,2.875,2.875,2.875,2.875,3326,0.0,0.0
2024-06-05 15:10:00-04:00,2.875,2.875,2.869999885559082,2.875,9940,0.0,0.0
2024-06-05 15:15:00-04:00,2.875,2.880000114440918,2.875,2.875,9901,0.0,0.0
2024-06-05 15:20:00-04:00,2.875,2.875,2.869999885559082,2.875,10531,0.0,0.0
2024-06-05 15:25:00-04:00,2.875,2.880000114440918,2.875,2.875,12664,0.0,0.0
2024-06-05 15:30:00-04:00,2.880000114440918,2.880000114440918,2.875,2.880000114440918,4624,0.0,0.0
2024-06-05 15:35:00-04:00,2.875,2.9000000953674316,2.869999885559082,2.9000000953674316,74277,0.0,0.0
2024-06-05 15:40:00-04:00,2.9000000953674316,2.9000000953674316,2.890000104904175,2.9000000953674316,4753,0.0,0.0
2024-06-05 15:45:00-04:00,2.8949999809265137,2.9100000858306885,2.8949999809265137,2.9049999713897705,35331,0.0,0.0
2024-06-05 15:50:00-04:00,2.9100000858306885,2.9100000858306885,2.9049999713897705,2.9100000858306885,25205,0.0,0.0
2024-06-05 15:55:00-04:00,2.9049999713897705,2.930000066757202,2.9049999713897705,2.924999952316284,78752,0.0,0.0
2024-06-06 09:30:00-04:00,2.950000047683716,3.0399999618530273,2.940000057220459,3.0199999809265137,32955,0.0,0.0
2024-06-06 09:35:00-04:00,3.0199999809265137,3.0631000995635986,3.009999990463257,3.049999952316284,27938,0.0,0.0
2024-06-06 09:40:00-04:00,3.049999952316284,3.0799999237060547,3.049999952316284,3.065000057220459,9052,0.0,0.0
2024-06-06 09:45:00-04:00,3.059999942779541,3.069999933242798,3.059999942779541,3.065000057220459,3275,0.0,0.0
2024-06-06 09:50:00-04:00,3.065000057220459,3.069999933242798,3.0299999713897705,3.0350000858306885,12738,0.0,0.0
2024-06-06 09:55:00-04:00,3.0350000858306885,3.0350000858306885,3.009999990463257,3.009999990463257,7557,0.0,0.0
2024-06-06 10:00:00-04:00,3.005000114440918,3.0250000953674316,3.0,3.009999990463257,11236,0.0,0.0
2024-06-06 10:05:00-04:00,3.015000104904175,3.015000104904175,3.015000104904175,3.015000104904175,688,0.0,0.0
2024-06-06 10:10:00-04:00,3.015000104904175,3.015000104904175,3.0,3.0,5390,0.0,0.0
2024-06-06 10:15:00-04:00,3.005000114440918,3.015000104904175,3.005000114440918,3.015000104904175,7158,0.0,0.0
2024-06-06 10:20:00-04:00,3.0167999267578125,3.0199999809265137,3.009999990463257,3.015000104904175,13858,0.0,0.0
2024-06-06 10:25:00-04:00,3.015000104904175,3.049999952316284,3.015000104904175,3.049999952316284,20766,0.0,0.0
2024-06-06 10:30:00-04:00,3.049999952316284,3.049999952316284,3.0450000762939453,3.049999952316284,3599,0.0,0.0
2024-06-06 10:35:00-04:00,3.0450000762939453,3.049999952316284,3.0399999618530273,3.0450000762939453,10191,0.0,0.0
2024-06-06 10:40:00-04:00,3.0450000762939453,3.0492000579833984,3.0450000762939453,3.0450000762939453,1535,0.0,0.0
2024-06-06 10:45:00-04:00,3.0450000762939453,3.049299955368042,3.0225000381469727,3.0250000953674316,15151,0.0,0.0
2024-06-06 10:50:00-04:00,3.0250000953674316,3.0299999713897705,3.0250000953674316,3.0250000953674316,7386,0.0,0.0
2024-06-06 10:55:00-04:00,3.0250000953674316,3.0250000953674316,3.0250000953674316,3.0250000953674316,4456,0.0,0.0
2024-06-06 11:00:00-04:00,3.0250000953674316,3.0299999713897705,3.0250000953674316,3.026900053024292,3566,0.0,0.0
2024-06-06 11:05:00-04:00,3.0250000953674316,3.0299999713897705,3.0199999809265137,3.0250000953674316,7492,0.0,0.0
2024-06-06 11:10:00-04:00,3.0250000953674316,3.0299999713897705,3.015000104904175,3.0250000953674316,52165,0.0,0.0
2024-06-06 11:15:00-04:00,3.0299999713897705,3.0399999618530273,3.0250000953674316,3.0250000953674316,13878,0.0,0.0
2024-06-06 11:20:00-04:00,3.0250000953674316,3.0250000953674316,3.0250000953674316,3.0250000953674316,1554,0.0,0.0
2024-06-06 11:25:00-04:00,3.0250000953674316,3.0350000858306885,3.0199999809265137,3.0350000858306885,11171,0.0,0.0
2024-06-06 11:30:00-04:00,3.0399999618530273,3.0399999618530273,3.0350000858306885,3.0350000858306885,1704,0.0,0.0
2024-06-06 11:35:00-04:00,3.0350000858306885,3.0399999618530273,3.0299999713897705,3.0350000858306885,17035,0.0,0.0
2024-06-06 11:40:00-04:00,3.0350000858306885,3.0399999618530273,3.0299999713897705,3.0399999618530273,1229,0.0,0.0
2024-06-06 11:45:00-04:00,3.0299999713897705,3.034600019454956,3.0299999713897705,3.0299999713897705,1390,0.0,0.0
2024-06-06 11:50:00-04:00,3.0299999713897705,3.0399999618530273,3.0299999713897705,3.0350000858306885,16874,0.0,0.0
2024-06-06 11:55:00-04:00,3.0399999618530273,3.0399999618530273,3.0350000858306885,3.0399999618530273,1676,0.0,0.0
2024-06-06 12:00:00-04:00,3.0350000858306885,3.0399999618530273,3.0299999713897705,3.0299999713897705,1858,0.0,0.0
2024-06-06 12:05:00-04:00,3.0350000858306885,3.0350000858306885,3.0,3.005000114440918,63710,0.0,0.0
2024-06-06 12:10:00-04:00,3.005000114440918,3.009999990463257,3.0,3.005000114440918,12456,0.0,0.0
2024-06-06 12:15:00-04:00,3.005000114440918,3.005000114440918,3.0,3.0,1167,0.0,0.0
2024-06-06 12:20:00-04:00,3.0,3.005000114440918,3.0,3.0,9314,0.0,0.0
2024-06-06 12:25:00-04:00,3.0,3.005000114440918,3.0,3.0,11539,0.0,0.0
2024-06-06 12:30:00-04:00,3.0,3.0,2.9700000286102295,2.994999885559082,63038,0.0,0.0
2024-06-06 12:35:00-04:00,3.0,3.0199999809265137,3.0,3.005000114440918,18098,0.0,0.0
2024-06-06 12:40:00-04:00,3.005000114440918,3.009999990463257,3.0,3.0,12481,0.0,0.0
2024-06-06 12:45:00-04:00,3.0,3.0,2.994999885559082,2.994999885559082,3245,0.0,0.0
2024-06-06 12:50:00-04:00,2.990000009536743,2.990000009536743,2.9600000381469727,2.9700000286102295,15099,0.0,0.0
2024-06-06 12:55:00-04:00,2.9700000286102295,2.9700000286102295,2.9600000381469727,2.9700000286102295,2552,0.0,0.0
2024-06-06 13:00:00-04:00,2.9700000286102295,2.9800000190734863,2.9600000381469727,2.9749999046325684,20409,0.0,0.0
2024-06-06 13:05:00-04:00,2.9800000190734863,2.9800000190734863,2.9749999046325684,2.9749999046325684,1192,0.0,0.0
2024-06-06 13:10:00-04:00,2.9749999046325684,2.990000009536743,2.9749999046325684,2.990000009536743,12767,0.0,0.0
2024-06-06 13:15:00-04:00,2.9800000190734863,2.9800000190734863,2.9749999046325684,2.9749999046325684,4055,0.0,0.0
2024-06-06 13:20:00-04:00,2.9800000190734863,2.9800000190734863,2.9700000286102295,2.9800000190734863,2791,0.0,0.0
2024-06-06 13:25:00-04:00,2.9760000705718994,2.9800000190734863,2.9749999046325684,2.9749999046325684,2470,0.0,0.0
2024-06-06 13:30:00-04:00,2.9749999046325684,2.9800000190734863,2.9700000286102295,2.9749999046325684,4820,0.0,0.0
2024-06-06 13:35:00-04:00,2.9749999046325684,2.9800000190734863,2.9749999046325684,2.9749999046325684,2771,0.0,0.0
2024-06-06 13:40:00-04:00,2.9749999046325684,2.9800000190734863,2.9700000286102295,2.9749999046325684,5112,0.0,0.0
2024-06-06 13:45:00-04:00,2.9800000190734863,2.9800000190734863,2.9600000381469727,2.9700000286102295,10883,0.0,0.0
2024-06-06 13:50:00-04:00,2.9600000381469727,2.9800000190734863,2.950000047683716,2.9749999046325684,25131,0.0,0.0
2024-06-06 13:55:00-04:00,2.9749999046325684,2.9800000190734863,2.9649999141693115,2.9749999046325684,31096,0.0,0.0
2024-06-06 14:00:00-04:00,2.9700000286102295,2.9800000190734863,2.9600000381469727,2.9749999046325684,23940,0.0,0.0
2024-06-06 14:05:00-04:00,2.9700000286102295,2.9700000286102295,2.950000047683716,2.9549999237060547,7670,0.0,0.0
2024-06-06 14:10:00-04:00,2.9600000381469727,2.9600000381469727,2.9549999237060547,2.9549999237060547,3633,0.0,0.0
2024-06-06 14:15:00-04:00,2.9549999237060547,2.9600000381469727,2.950000047683716,2.950000047683716,2901,0.0,0.0
2024-06-06 14:20:00-04:00,2.9600000381469727,2.9600000381469727,2.950000047683716,2.950000047683716,2260,0.0,0.0
2024-06-06 14:25:00-04:00,2.9600000381469727,2.9600000381469727,2.950000047683716,2.950000047683716,8518,0.0,0.0
2024-06-06 14:30:00-04:00,2.950000047683716,2.9549999237060547,2.950000047683716,2.9507999420166016,13354,0.0,0.0
2024-06-06 14:35:00-04:00,2.950000047683716,2.9590001106262207,2.950000047683716,2.9549999237060547,2417,0.0,0.0
2024-06-06 14:40:00-04:00,2.9549999237060547,2.9600000381469727,2.950000047683716,2.9500999450683594,5348,0.0,0.0
2024-06-06 14:45:00-04:00,2.9549999237060547,2.9600000381469727,2.950000047683716,2.9549999237060547,5658,0.0,0.0
2024-06-06 14:50:00-04:00,2.9549999237060547,2.9600000381469727,2.9549999237060547,2.9600000381469727,4766,0.0,0.0
2024-06-06 14:55:00-04:00,2.9509999752044678,2.9600000381469727,2.950000047683716,2.9600000381469727,7520,0.0,0.0
2024-06-06 15:00:00-04:00,2.9549999237060547,2.9700000286102295,2.950000047683716,2.9700000286102295,16455,0.0,0.0
2024-06-06 15:05:00-04:00,2.9649999141693115,2.9700000286102295,2.9649999141693115,2.9649999141693115,4542,0.0,0.0
2024-06-06 15:10:00-04:00,2.9649999141693115,2.9700000286102295,2.9649999141693115,2.9700000286102295,5012,0.0,0.0
2024-06-06 15:15:00-04:00,2.9649999141693115,2.9800000190734863,2.9600000381469727,2.9749999046325684,13028,0.0,0.0
2024-06-06 15:20:00-04:00,2.9749999046325684,2.9800000190734863,2.9700000286102295,2.9749999046325684,4288,0.0,0.0
2024-06-06 15:25:00-04:00,2.9700000286102295,2.9800000190734863,2.9700000286102295,2.9749999046325684,4250,0.0,0.0
2024-06-06 15:30:00-04:00,2.9749999046325684,2.9800000190734863,2.9649999141693115,2.9649999141693115,21768,0.0,0.0
2024-06-06 15:35:00-04:00,2.9700000286102295,2.9700000286102295,2.9600000381469727,2.9649999141693115,4688,0.0,0.0
2024-06-06 15:40:00-04:00,2.9649999141693115,2.9700000286102295,2.9600000381469727,2.9649999141693115,16447,0.0,0.0
2024-06-06 15:45:00-04:00,2.9649999141693115,2.9700000286102295,2.9600000381469727,2.9649999141693115,18498,0.0,0.0
2024-06-06 15:50:00-04:00,2.9649999141693115,2.9700000286102295,2.9600000381469727,2.9649999141693115,28648,0.0,0.0
2024-06-06 15:55:00-04:00,2.9700000286102295,2.990000009536743,2.9649999141693115,2.984999895095825,85158,0.0,0.0
2024-06-07 09:30:00-04:00,2.9600000381469727,3.049999952316284,2.924999952316284,3.0399999618530273,46597,0.0,0.0
2024-06-07 09:35:00-04:00,3.003999948501587,3.049999952316284,3.003999948501587,3.0299999713897705,12576,0.0,0.0
2024-06-07 09:40:00-04:00,3.0299999713897705,3.065000057220459,3.0299999713897705,3.059999942779541,14404,0.0,0.0
2024-06-07 09:45:00-04:00,3.055000066757202,3.055000066757202,3.0450000762939453,3.0450000762939453,1648,0.0,0.0
2024-06-07 09:50:00-04:00,3.0450000762939453,3.055000066757202,3.0399999618530273,3.055000066757202,5874,0.0,0.0
2024-06-07 09:55:00-04:00,3.055000066757202,3.059999942779541,3.0299999713897705,3.0299999713897705,4737,0.0,0.0
2024-06-07 10:00:00-04:00,3.0350000858306885,3.0450000762939453,3.0350000858306885,3.0450000762939453,5651,0.0,0.0
2024-06-07 10:05:00-04:00,3.0499000549316406,3.055000066757202,3.0399999618530273,3.055000066757202,20391,0.0,0.0
2024-06-07 10:10:00-04:00,3.055000066757202,3.055000066757202,3.0299999713897705,3.0350000858306885,7256,0.0,0.0
2024-06-07 10:15:00-04:00,3.0350000858306885,3.0450000762939453,3.0350000858306885,3.0450000762939453,3202,0.0,0.0
2024-06-07 10:20:00-04:00,3.049999952316284,3.0850000381469727,3.049999952316284,3.0850000381469727,9049,0.0,0.0
2024-06-07 10:25:00-04:00,3.0850000381469727,3.0850000381469727,3.0850000381469727,3.0850000381469727,1038,0.0,0.0
2024-06-07 10:30:00-04:00,3.0850000381469727,3.0859999656677246,3.0850000381469727,3.0850000381469727,2253,0.0,0.0
2024-06-07 10:35:00-04:00,3.0850000381469727,3.1050000190734863,3.0850000381469727,3.1050000190734863,4246,0.0,0.0
2024-06-07 10:40:00-04:00,3.1050000190734863,3.1050000190734863,3.1050000190734863,3.1050000190734863,1321,0.0,0.0
2024-06-07 10:45:00-04:00,3.1050000190734863,3.119999885559082,3.1050000190734863,3.115000009536743,9317,0.0,0.0
2024-06-07 10:50:00-04:00,3.115000009536743,3.115000009536743,3.1050000190734863,3.1050000190734863,3749,0.0,0.0
2024-06-07 10:55:00-04:00,3.109999895095825,3.109999895095825,3.0850000381469727,3.0850000381469727,8688,0.0,0.0
2024-06-07 11:00:00-04:00,3.0799999237060547,3.0799999237060547,3.065000057220459,3.065000057220459,3062,0.0,0.0
2024-06-07 11:05:00-04:00,3.0601999759674072,3.0601999759674072,3.0450000762939453,3.0450000762939453,4779,0.0,0.0
2024-06-07 11:10:00-04:00,3.0450000762939453,3.0450000762939453,3.0399999618530273,3.0450000762939453,5714,0.0,0.0
2024-06-07 11:15:00-04:00,3.040299892425537,3.040299892425537,3.0299999713897705,3.0350000858306885,8195,0.0,0.0
2024-06-07 11:20:00-04:00,3.0199999809265137,3.0250000953674316,3.009999990463257,3.015000104904175,3896,0.0,0.0
2024-06-07 11:25:00-04:00,3.015000104904175,3.015000104904175,3.010200023651123,3.015000104904175,4746,0.0,0.0
2024-06-07 11:30:00-04:00,3.015000104904175,3.0281999111175537,3.009999990463257,3.0250000953674316,5414,0.0,0.0
2024-06-07 11:35:00-04:00,3.0250000953674316,3.0299999713897705,3.0250000953674316,3.0299999713897705,16465,0.0,0.0
2024-06-07 11:40:00-04:00,3.0299999713897705,3.0350000858306885,3.0299999713897705,3.0350000858306885,2001,0.0,0.0
2024-06-07 11:45:00-04:00,3.0350000858306885,3.0350000858306885,3.0350000858306885,3.0350000858306885,2166,0.0,0.0
2024-06-07 11:50:00-04:00,3.0350000858306885,3.036600112915039,3.0299999713897705,3.0350000858306885,2533,0.0,0.0
2024-06-07 11:55:00-04:00,3.0378000736236572,3.0378000736236572,3.0299999713897705,3.0350000858306885,4246,0.0,0.0
2024-06-07 12:00:00-04:00,3.0299999713897705,3.0350000858306885,3.0199999809265137,3.0350000858306885,7617,0.0,0.0
2024-06-07 12:05:00-04:00,3.0350000858306885,3.0360000133514404,3.0350000858306885,3.0360000133514404,1620,0.0,0.0
2024-06-07 12:10:00-04:00,3.0299999713897705,3.0299999713897705,3.0299999713897705,3.0299999713897705,1151,0.0,0.0
2024-06-07 12:15:00-04:00,3.0350000858306885,3.0350000858306885,3.0299999713897705,3.0350000858306885,4020,0.0,0.0
2024-06-07 12:20:00-04:00,3.0350000858306885,3.0350000858306885,3.0199999809265137,3.0250000953674316,4227,0.0,0.0
2024-06-07 12:25:00-04:00,3.0250000953674316,3.0399999618530273,3.0250000953674316,3.0399999618530273,7950,0.0,0.0
2024-06-07 12:30:00-04:00,3.0350000858306885,3.0350000858306885,3.0299999713897705,3.0299999713897705,2623,0.0,0.0
2024-06-07 12:35:00-04:00,3.0250000953674316,3.0250000953674316,3.0199999809265137,3.0199999809265137,547,0.0,0.0
2024-06-07 12:40:00-04:00,3.0199999809265137,3.0250000953674316,3.0,3.0,7613,0.0,0.0
2024-06-07 12:45:00-04:00,3.005000114440918,3.005000114440918,2.990000009536743,3.005000114440918,17618,0.0,0.0
2024-06-07 12:50:00-04:00,3.005000114440918,3.015000104904175,3.005000114440918,3.015000104904175,5058,0.0,0.0
2024-06-07 12:55:00-04:00,3.015000104904175,3.015000104904175,3.015000104904175,3.015000104904175,1132,0.0,0.0
2024-06-07 13:00:00-04:00,3.015000104904175,3.015000104904175,3.005000114440918,3.009999990463257,6808,0.0,0.0
2024-06-07 13:05:00-04:00,3.009999990463257,3.0199999809265137,3.009999990463257,3.010999917984009,2088,0.0,0.0
2024-06-07 13:10:00-04:00,3.0102999210357666,3.015000104904175,3.0102999210357666,3.015000104904175,1336,0.0,0.0
2024-06-07 13:15:00-04:00,3.010999917984009,3.010999917984009,3.010999917984009,3.010999917984009,479,0.0,0.0
2024-06-07 13:20:00-04:00,3.015000104904175,3.015000104904175,3.009999990463257,3.009999990463257,1369,0.0,0.0
2024-06-07 13:25:00-04:00,3.015000104904175,3.015000104904175,3.009999990463257,3.009999990463257,521,0.0,0.0
2024-06-07 13:30:00-04:00,3.015000104904175,3.015000104904175,3.015000104904175,3.015000104904175,306,0.0,0.0
2024-06-07 13:35:00-04:00,3.015000104904175,3.0199999809265137,3.005000114440918,3.015000104904175,8411,0.0,0.0
2024-06-07 13:40:00-04:00,3.0100998878479004,3.015000104904175,3.009999990463257,3.009999990463257,1472,0.0,0.0
2024-06-07 13:45:00-04:00,3.015000104904175,3.015000104904175,3.015000104904175,3.015000104904175,2106,0.0,0.0
2024-06-07 13:50:00-04:00,3.015000104904175,3.015000104904175,3.015000104904175,3.015000104904175,991,0.0,0.0
2024-06-07 13:55:00-04:00,3.015000104904175,3.015000104904175,3.015000104904175,3.015000104904175,2571,0.0,0.0
2024-06-07 14:00:00-04:00,3.009999990463257,3.0199999809265137,3.009999990463257,3.015000104904175,6105,0.0,0.0
2024-06-07 14:05:00-04:00,3.015000104904175,3.015000104904175,3.015000104904175,3.015000104904175,1408,0.0,0.0
2024-06-07 14:10:00-04:00,3.015000104904175,3.015000104904175,3.015000104904175,3.015000104904175,2760,0.0,0.0
2024-06-07 14:15:00-04:00,3.015000104904175,3.0199999809265137,3.0100998878479004,3.015000104904175,13939,0.0,0.0
2024-06-07 14:20:00-04:00,3.015000104904175,3.015000104904175,3.015000104904175,3.015000104904175,1375,0.0,0.0
2024-06-07 14:25:00-04:00,3.0199999809265137,3.0199999809265137,3.015000104904175,3.0199999809265137,2172,0.0,0.0
2024-06-07 14:30:00-04:00,3.015000104904175,3.0199999809265137,3.015000104904175,3.015000104904175,7889,0.0,0.0
2024-06-07 14:35:00-04:00,3.015000104904175,3.0155999660491943,3.015000104904175,3.015000104904175,3860,0.0,0.0
2024-06-07 14:40:00-04:00,3.015000104904175,3.049999952316284,3.015000104904175,3.049999952316284,19240,0.0,0.0
2024-06-07 14:45:00-04:00,3.0399999618530273,3.0399999618530273,3.0350000858306885,3.0350000858306885,10612,0.0,0.0
2024-06-07 14:50:00-04:00,3.0299999713897705,3.0350000858306885,3.0299999713897705,3.0350000858306885,2340,0.0,0.0
2024-06-07 14:55:00-04:00,3.0299999713897705,3.0299999713897705,3.009999990463257,3.0199999809265137,17923,0.0,0.0
2024-06-07 15:00:00-04:00,3.0250000953674316,3.0250000953674316,3.0199999809265137,3.0199999809265137,5958,0.0,0.0
2024-06-07 15:05:00-04:00,3.0250000953674316,3.0299999713897705,3.005000114440918,3.005000114440918,33914,0.0,0.0
2024-06-07 15:10:00-04:00,3.005000114440918,3.0199999809265137,3.005000114440918,3.015000104904175,61706,0.0,0.0
2024-06-07 15:15:00-04:00,3.0199999809265137,3.0199999809265137,2.994999885559082,3.0,52139,0.0,0.0
2024-06-07 15:20:00-04:00,2.994999885559082,3.009999990463257,2.994999885559082,3.005000114440918,36672,0.0,0.0
2024-06-07 15:25:00-04:00,3.005000114440918,3.005000114440918,2.994999885559082,3.0,8019,0.0,0.0
2024-06-07 15:30:00-04:00,2.994999885559082,3.009999990463257,2.994999885559082,3.005000114440918,12600,0.0,0.0
2024-06-07 15:35:00-04:00,3.005000114440918,3.009999990463257,3.005000114440918,3.009999990463257,9550,0.0,0.0
2024-06-07 15:40:00-04:00,3.009999990463257,3.0199999809265137,3.009999990463257,3.0199999809265137,14961,0.0,0.0
2024-06-07 15:45:00-04:00,3.015000104904175,3.0199999809265137,3.009999990463257,3.015000104904175,14468,0.0,0.0
2024-06-07 15:50:00-04:00,3.015000104904175,3.0199999809265137,3.009999990463257,3.015000104904175,26906,0.0,0.0
2024-06-07 15:55:00-04:00,3.0199999809265137,3.0299999713897705,3.009999990463257,3.0250000953674316,57004,0.0,0.0
2024-06-10 09:30:00-04:00,2.9800000190734863,3.0,2.930000066757202,2.9600000381469727,25644,0.0,0.0
2024-06-10 09:35:00-04:00,2.9600000381469727,3.0,2.9600000381469727,2.990000009536743,17485,0.0,0.0
2024-06-10 09:40:00-04:00,2.984999895095825,3.015000104904175,2.984999895095825,3.0,7329,0.0,0.0
2024-06-10 09:45:00-04:00,3.0,3.015000104904175,2.990000009536743,2.994999885559082,8665,0.0,0.0
2024-06-10 09:50:00-04:00,2.990000009536743,3.009999990463257,2.9774999618530273,2.994999885559082,16170,0.0,0.0
2024-06-10 09:55:00-04:00,3.005000114440918,3.009999990463257,3.0,3.005000114440918,12778,0.0,0.0
2024-06-10 10:00:00-04:00,3.005000114440918,3.009999990463257,3.005000114440918,3.005000114440918,6309,0.0,0.0
2024-06-10 10:05:00-04:00,3.005000114440918,3.005000114440918,2.934999942779541,2.9375,65435,0.0,0.0
2024-06-10 10:10:00-04:00,2.9549999237060547,2.990000009536743,2.944999933242798,2.984999895095825,25337,0.0,0.0
2024-06-10 10:15:00-04:00,2.984999895095825,2.990000009536743,2.9749999046325684,2.9749999046325684,13605,0.0,0.0
2024-06-10 10:20:00-04:00,2.9749999046325684,3.0,2.9700000286102295,2.994999885559082,9328,0.0,0.0
2024-06-10 10:25:00-04:00,2.994999885559082,3.0,2.984999895095825,2.984999895095825,5466,0.0,0.0
2024-06-10 10:30:00-04:00,2.984999895095825,3.0,2.9800000190734863,3.0,9748,0.0,0.0
2024-06-10 10:35:00-04:00,2.994999885559082,3.0,2.990000009536743,2.990000009536743,3344,0.0,0.0
2024-06-10 10:40:00-04:00,2.990000009536743,2.990000009536743,2.9700000286102295,2.990000009536743,11231,0.0,0.0
2024-06-10 10:45:00-04:00,2.990000009536743,3.0,2.9800000190734863,3.0,10890,0.0,0.0
2024-06-10 10:50:00-04:00,2.994999885559082,3.0,2.990000009536743,2.994999885559082,5821,0.0,0.0
2024-06-10 10:55:00-04:00,3.0,3.0,2.990000009536743,2.994999885559082,6820,0.0,0.0
2024-06-10 11:00:00-04:00,2.994999885559082,3.0,2.990000009536743,2.994999885559082,6311,0.0,0.0
2024-06-10 11:05:00-04:00,3.0,3.0,2.994999885559082,2.994999885559082,3494,0.0,0.0
2024-06-10 11:10:00-04:00,2.994999885559082,3.0,2.990000009536743,2.994999885559082,5012,0.0,0.0
2024-06-10 11:15:00-04:00,3.0,3.0,2.990000009536743,2.994999885559082,7768,0.0,0.0
2024-06-10 11:20:00-04:00,2.994999885559082,3.0,2.9800000190734863,3.0,19239,0.0,0.0
2024-06-10 11:25:00-04:00,2.994999885559082,3.0,2.994999885559082,3.0,3075,0.0,0.0
2024-06-10 11:30:00-04:00,2.994999885559082,3.0,2.993299961090088,2.994999885559082,4357,0.0,0.0
2024-06-10 11:35:00-04:00,2.994999885559082,2.994999885559082,2.990000009536743,2.994999885559082,10757,0.0,0.0
2024-06-10 11:40:00-04:00,2.990000009536743,3.0,2.990000009536743,3.0,5681,0.0,0.0
2024-06-10 11:45:00-04:00,2.994999885559082,2.994999885559082,2.994999885559082,2.994999885559082,3073,0.0,0.0
2024-06-10 11:50:00-04:00,2.994999885559082,3.0,2.990000009536743,2.994999885559082,4944,0.0,0.0
2024-06-10 11:55:00-04:00,2.994999885559082,3.005000114440918,2.994999885559082,2.994999885559082,7567,0.0,0.0
2024-06-10 12:00:00-04:00,2.994999885559082,3.0,2.990000009536743,2.994999885559082,4089,0.0,0.0
2024-06-10 12:05:00-04:00,2.994999885559082,2.996000051498413,2.990000009536743,2.994999885559082,4448,0.0,0.0
2024-06-10 12:10:00-04:00,2.990000009536743,2.994999885559082,2.984999895095825,2.984999895095825,10099,0.0,0.0
2024-06-10 12:15:00-04:00,2.984999895095825,2.994999885559082,2.984999895095825,2.994999885559082,6127,0.0,0.0
2024-06-10 12:20:00-04:00,2.990000009536743,2.994999885559082,2.984999895095825,2.984999895095825,6651,0.0,0.0
2024-06-10 12:25:00-04:00,2.984999895095825,2.984999895095825,2.9749999046325684,2.9749999046325684,7033,0.0,0.0
2024-06-10 12:30:00-04:00,2.9749999046325684,2.9800000190734863,2.9649999141693115,2.9649999141693115,6299,0.0,0.0
2024-06-10 12:35:00-04:00,2.9600000381469727,2.9649999141693115,2.9600000381469727,2.9649999141693115,3704,0.0,0.0
2024-06-10 12:40:00-04:00,2.9649999141693115,2.9684998989105225,2.9549999237060547,2.9649999141693115,10695,0.0,0.0
2024-06-10 12:45:00-04:00,2.9649999141693115,2.9649999141693115,2.9600000381469727,2.9649999141693115,3290,0.0,0.0
2024-06-10 12:50:00-04:00,2.9649999141693115,2.9649999141693115,2.9600000381469727,2.9600000381469727,1958,0.0,0.0
2024-06-10 12:55:00-04:00,2.9600000381469727,2.9649999141693115,2.950000047683716,2.9549999237060547,7563,0.0,0.0
2024-06-10 13:00:00-04:00,2.9549999237060547,2.9649999141693115,2.9549999237060547,2.9649999141693115,11852,0.0,0.0
2024-06-10 13:05:00-04:00,2.9649999141693115,2.9649999141693115,2.9649999141693115,2.9649999141693115,2657,0.0,0.0
2024-06-10 13:10:00-04:00,2.9649999141693115,2.9649999141693115,2.9549999237060547,2.9549999237060547,9690,0.0,0.0
2024-06-10 13:15:00-04:00,2.9600000381469727,2.9700000286102295,2.9600000381469727,2.9649999141693115,5697,0.0,0.0
2024-06-10 13:20:00-04:00,2.9649999141693115,2.9749999046325684,2.9649999141693115,2.9749999046325684,4460,0.0,0.0
2024-06-10 13:25:00-04:00,2.9749999046325684,2.9749999046325684,2.9749999046325684,2.9749999046325684,1235,0.0,0.0
2024-06-10 13:30:00-04:00,2.9749999046325684,2.9749999046325684,2.9749999046325684,2.9749999046325684,2399,0.0,0.0
2024-06-10 13:35:00-04:00,2.9749999046325684,2.9749999046325684,2.9749999046325684,2.9749999046325684,3376,0.0,0.0
2024-06-10 13:40:00-04:00,2.9749999046325684,2.9749999046325684,2.9749999046325684,2.9749999046325684,3560,0.0,0.0
2024-06-10 13:45:00-04:00,2.9749999046325684,2.9749999046325684,2.9700000286102295,2.9749999046325684,2927,0.0,0.0
2024-06-10 13:50:00-04:00,2.9749999046325684,2.994999885559082,2.9749999046325684,2.994999885559082,15281,0.0,0.0
2024-06-10 13:55:00-04:00,2.994999885559082,2.994999885559082,2.994999885559082,2.994999885559082,1596,0.0,0.0
2024-06-10 14:00:00-04:00,2.994999885559082,2.9988999366760254,2.990000009536743,2.9988999366760254,5041,0.0,0.0
2024-06-10 14:05:00-04:00,2.994999885559082,2.994999885559082,2.990000009536743,2.994999885559082,2872,0.0,0.0
2024-06-10 14:10:00-04:00,2.994999885559082,2.994999885559082,2.984999895095825,2.994999885559082,10095,0.0,0.0
2024-06-10 14:15:00-04:00,2.994999885559082,2.994999885559082,2.990000009536743,2.990000009536743,2147,0.0,0.0
2024-06-10 14:20:00-04:00,2.994999885559082,2.994999885559082,2.984999895095825,2.994999885559082,7252,0.0,0.0
2024-06-10 14:25:00-04:00,2.990000009536743,2.994999885559082,2.990000009536743,2.994999885559082,2572,0.0,0.0
2024-06-10 14:30:00-04:00,2.994999885559082,2.994999885559082,2.990000009536743,2.994999885559082,4538,0.0,0.0
2024-06-10 14:35:00-04:00,2.990000009536743,2.994999885559082,2.990000009536743,2.994999885559082,3813,0.0,0.0
2024-06-10 14:40:00-04:00,2.994999885559082,2.994999885559082,2.990000009536743,2.994999885559082,4299,0.0,0.0
2024-06-10 14:45:00-04:00,2.994999885559082,2.994999885559082,2.984999895095825,2.984999895095825,8867,0.0,0.0
2024-06-10 14:50:00-04:00,2.984999895095825,2.984999895095825,2.9749999046325684,2.984999895095825,12704,0.0,0.0
2024-06-10 14:55:00-04:00,2.984999895095825,2.984999895095825,2.9800000190734863,2.9800000190734863,3978,0.0,0.0
2024-06-10 15:00:00-04:00,2.9800000190734863,2.984999895095825,2.9749999046325684,2.984999895095825,9471,0.0,0.0
2024-06-10 15:05:00-04:00,2.9800000190734863,2.984999895095825,2.9800000190734863,2.9800000190734863,4796,0.0,0.0
2024-06-10 15:10:00-04:00,2.9800000190734863,2.984999895095825,2.9649999141693115,2.9749999046325684,23785,0.0,0.0
2024-06-10 15:15:00-04:00,2.9749999046325684,2.9749999046325684,2.9700000286102295,2.9700000286102295,7818,0.0,0.0
2024-06-10 15:20:00-04:00,2.9700000286102295,2.9700000286102295,2.940000057220459,2.940000057220459,17931,0.0,0.0
2024-06-10 15:25:00-04:00,2.940000057220459,2.9700000286102295,2.934999942779541,2.9600000381469727,33484,0.0,0.0
2024-06-10 15:30:00-04:00,2.9600000381469727,2.9649999141693115,2.9549999237060547,2.9600000381469727,13580,0.0,0.0
2024-06-10 15:35:00-04:00,2.9549999237060547,2.9700000286102295,2.950000047683716,2.9549999237060547,13113,0.0,0.0
2024-06-10 15:40:00-04:00,2.9549999237060547,2.9600000381469727,2.950000047683716,2.9549999237060547,11185,0.0,0.0
2024-06-10 15:45:00-04:00,2.9549999237060547,2.9549999237060547,2.950000047683716,2.950000047683716,17592,0.0,0.0
2024-06-10 15:50:00-04:00,2.950000047683716,2.9700000286102295,2.944999933242798,2.9649999141693115,43471,0.0,0.0
2024-06-10 15:55:00-04:00,2.9649999141693115,3.0,2.9600000381469727,2.994999885559082,82716,0.0,0.0
2024-06-11 09:30:00-04:00,3.0,3.0,2.9100000858306885,2.950000047683716,8939,0.0,0.0
2024-06-11 09:35:00-04:00,2.944999933242798,2.9600000381469727,2.9000000953674316,2.9600000381469727,18538,0.0,0.0
2024-06-11 09:40:00-04:00,2.9700000286102295,2.9700000286102295,2.9600000381469727,2.9600000381469727,1497,0.0,0.0
2024-06-11 09:45:00-04:00,2.9549999237060547,2.9549999237060547,2.944999933242798,2.9549999237060547,1710,0.0,0.0
2024-06-11 09:50:00-04:00,2.9600000381469727,2.9700000286102295,2.9549999237060547,2.9549999237060547,3963,0.0,0.0
2024-06-11 09:55:00-04:00,2.9549999237060547,2.9600000381469727,2.9549999237060547,2.9600000381469727,1386,0.0,0.0
2024-06-11 10:00:00-04:00,2.9549999237060547,2.9600000381469727,2.9549999237060547,2.9600000381469727,1609,0.0,0.0
2024-06-11 10:05:00-04:00,2.9549999237060547,2.9549999237060547,2.9500999450683594,2.9549999237060547,3757,0.0,0.0
2024-06-11 10:10:00-04:00,2.9549999237060547,2.9549999237060547,2.940000057220459,2.940000057220459,9808,0.0,0.0
2024-06-11 10:15:00-04:00,2.944999933242798,2.9700000286102295,2.944999933242798,2.9695000648498535,10377,0.0,0.0
2024-06-11 10:20:00-04:00,2.9649999141693115,2.9700000286102295,2.9600000381469727,2.9649999141693115,8838,0.0,0.0
2024-06-11 10:25:00-04:00,2.9649999141693115,2.9649999141693115,2.9549999237060547,2.9649999141693115,8946,0.0,0.0
2024-06-11 10:30:00-04:00,2.9649999141693115,2.9649999141693115,2.9649999141693115,2.9649999141693115,1376,0.0,0.0
2024-06-11 10:35:00-04:00,2.9600000381469727,2.9649999141693115,2.9600000381469727,2.9649999141693115,2838,0.0,0.0
2024-06-11 10:40:00-04:00,2.9649999141693115,2.9800000190734863,2.9649999141693115,2.9749999046325684,8936,0.0,0.0
2024-06-11 10:45:00-04:00,2.9749999046325684,2.9749999046325684,2.9749999046325684,2.9749999046325684,2603,0.0,0.0
2024-06-11 10:50:00-04:00,2.9749999046325684,3.005000114440918,2.9749999046325684,2.994999885559082,15247,0.0,0.0
2024-06-11 10:55:00-04:00,3.0,3.0,2.994999885559082,3.0,1699,0.0,0.0
2024-06-11 11:00:00-04:00,2.994999885559082,3.005000114440918,2.994999885559082,3.005000114440918,4307,0.0,0.0
2024-06-11 11:05:00-04:00,3.005000114440918,3.015000104904175,2.994999885559082,3.0,8207,0.0,0.0
2024-06-11 11:10:00-04:00,3.0,3.0,3.0,3.0,4196,0.0,0.0
2024-06-11 11:15:00-04:00,3.005000114440918,3.009999990463257,3.005000114440918,3.005000114440918,1590,0.0,0.0
2024-06-11 11:20:00-04:00,3.0,3.005000114440918,2.994999885559082,3.0,5505,0.0,0.0
2024-06-11 11:25:00-04:00,3.005000114440918,3.005000114440918,3.005000114440918,3.005000114440918,707,0.0,0.0
2024-06-11 11:30:00-04:00,3.0,3.0,2.994999885559082,2.994999885559082,6252,0.0,0.0
2024-06-11 11:35:00-04:00,2.994999885559082,2.994999885559082,2.994999885559082,2.994999885559082,2692,0.0,0.0
2024-06-11 11:40:00-04:00,2.994999885559082,2.994999885559082,2.990000009536743,2.994999885559082,3052,0.0,0.0
2024-06-11 11:45:00-04:00,2.994999885559082,2.998800039291382,2.994999885559082,2.998800039291382,2048,0.0,0.0
2024-06-11 11:50:00-04:00,2.994999885559082,3.009999990463257,2.994999885559082,3.005000114440918,6248,0.0,0.0
2024-06-11 11:55:00-04:00,3.0,3.0,2.990000009536743,2.994999885559082,8289,0.0,0.0
2024-06-11 12:00:00-04:00,2.994999885559082,2.994999885559082,2.984999895095825,2.984999895095825,8840,0.0,0.0
2024-06-11 12:05:00-04:00,2.984999895095825,2.990000009536743,2.984999895095825,2.984999895095825,3707,0.0,0.0
2024-06-11 12:10:00-04:00,2.984999895095825,2.994999885559082,2.984999895095825,2.994999885559082,5922,0.0,0.0
2024-06-11 12:15:00-04:00,2.994999885559082,2.994999885559082,2.9749999046325684,2.984999895095825,18269,0.0,0.0
2024-06-11 12:20:00-04:00,2.984999895095825,3.005000114440918,2.984999895095825,3.005000114440918,8882,0.0,0.0
2024-06-11 12:25:00-04:00,3.005000114440918,3.005000114440918,3.000200033187866,3.005000114440918,3575,0.0,0.0
2024-06-11 12:30:00-04:00,3.005000114440918,3.005000114440918,3.005000114440918,3.005000114440918,1047,0.0,0.0
2024-06-11 12:35:00-04:00,3.005000114440918,3.005000114440918,3.005000114440918,3.005000114440918,2801,0.0,0.0
2024-06-11 12:40:00-04:00,3.005000114440918,3.005000114440918,3.005000114440918,3.005000114440918,1751,0.0,0.0
2024-06-11 12:45:00-04:00,3.005000114440918,3.005000114440918,3.0,3.0,1960,0.0,0.0
2024-06-11 12:50:00-04:00,3.005000114440918,3.005000114440918,3.0,3.0,2016,0.0,0.0
2024-06-11 12:55:00-04:00,3.0,3.005000114440918,2.994999885559082,3.005000114440918,11345,0.0,0.0
2024-06-11 13:00:00-04:00,3.005000114440918,3.005000114440918,3.005000114440918,3.005000114440918,351,0.0,0.0
2024-06-11 13:05:00-04:00,3.005000114440918,3.009999990463257,3.005000114440918,3.005000114440918,3037,0.0,0.0
2024-06-11 13:10:00-04:00,3.005000114440918,3.005000114440918,3.005000114440918,3.005000114440918,748,0.0,0.0
2024-06-11 13:15:00-04:00,3.0,3.005000114440918,3.0,3.0,11944,0.0,0.0
2024-06-11 13:20:00-04:00,3.005000114440918,3.0250000953674316,3.005000114440918,3.0250000953674316,12836,0.0,0.0
2024-06-11 13:25:00-04:00,3.0250000953674316,3.0250000953674316,3.0199999809265137,3.0250000953674316,2950,0.0,0.0
2024-06-11 13:30:00-04:00,3.0250000953674316,3.0299999713897705,3.0246999263763428,3.0250000953674316,2650,0.0,0.0
2024-06-11 13:35:00-04:00,3.0250000953674316,3.0250000953674316,3.0250000953674316,3.0250000953674316,2467,0.0,0.0
2024-06-11 13:40:00-04:00,3.0199999809265137,3.0250000953674316,3.0199999809265137,3.0250000953674316,2342,0.0,0.0
2024-06-11 13:45:00-04:00,3.0250000953674316,3.0250000953674316,3.0250000953674316,3.0250000953674316,1048,0.0,0.0
2024-06-11 13:50:00-04:00,3.0250000953674316,3.0250000953674316,3.0250000953674316,3.0250000953674316,4512,0.0,0.0
2024-06-11 13:55:00-04:00,3.0299999713897705,3.0299999713897705,3.0250000953674316,3.0250000953674316,1858,0.0,0.0
2024-06-11 14:00:00-04:00,3.0250000953674316,3.0299999713897705,3.0199999809265137,3.0299999713897705,2478,0.0,0.0
2024-06-11 14:05:00-04:00,3.0199999809265137,3.0199999809265137,3.009999990463257,3.015000104904175,7741,0.0,0.0
2024-06-11 14:10:00-04:00,3.015000104904175,3.015000104904175,3.009999990463257,3.009999990463257,2284,0.0,0.0
2024-06-11 14:15:00-04:00,3.009999990463257,3.015000104904175,3.005000114440918,3.015000104904175,19683,0.0,0.0
2024-06-11 14:20:00-04:00,3.015000104904175,3.0199999809265137,3.015000104904175,3.015000104904175,2502,0.0,0.0
2024-06-11 14:25:00-04:00,3.015000104904175,3.015000104904175,3.015000104904175,3.015000104904175,1222,0.0,0.0
2024-06-11 14:30:00-04:00,3.009999990463257,3.015000104904175,3.009999990463257,3.015000104904175,1147,0.0,0.0
2024-06-11 14:35:00-04:00,3.015000104904175,3.015000104904175,3.005000114440918,3.009999990463257,14733,0.0,0.0
2024-06-11 14:40:00-04:00,3.005000114440918,3.0199999809265137,3.005000114440918,3.015000104904175,8685,0.0,0.0
2024-06-11 14:45:00-04:00,3.015000104904175,3.0185999870300293,3.015000104904175,3.015000104904175,2903,0.0,0.0
2024-06-11 14:50:00-04:00,3.015000104904175,3.0199999809265137,3.005000114440918,3.0199999809265137,18905,0.0,0.0
2024-06-11 14:55:00-04:00,3.015000104904175,3.015000104904175,3.015000104904175,3.015000104904175,2459,0.0,0.0
2024-06-11 15:00:00-04:00,3.015000104904175,3.015000104904175,3.009999990463257,3.015000104904175,3368,0.0,0.0
2024-06-11 15:05:00-04:00,3.015000104904175,3.0199999809265137,3.009999990463257,3.015000104904175,2592,0.0,0.0
2024-06-11 15:10:00-04:00,3.015000104904175,3.0199999809265137,3.009999990463257,3.015000104904175,6525,0.0,0.0
2024-06-11 15:15:00-04:00,3.015000104904175,3.0199999809265137,3.009999990463257,3.015000104904175,5855,0.0,0.0
2024-06-11 15:20:00-04:00,3.015000104904175,3.015000104904175,3.009999990463257,3.009999990463257,9581,0.0,0.0
2024-06-11 15:25:00-04:00,3.015000104904175,3.015000104904175,3.009999990463257,3.009999990463257,6046,0.0,0.0
2024-06-11 15:30:00-04:00,3.015000104904175,3.015000104904175,3.0,3.0,17651,0.0,0.0
2024-06-11 15:35:00-04:00,3.009999990463257,3.0250000953674316,3.0,3.0199999809265137,42424,0.0,0.0
2024-06-11 15:40:00-04:00,3.0199999809265137,3.0199999809265137,3.009999990463257,3.015000104904175,8158,0.0,0.0
2024-06-11 15:45:00-04:00,3.009999990463257,3.015000104904175,3.005000114440918,3.009999990463257,32145,0.0,0.0
2024-06-11 15:50:00-04:00,3.009999990463257,3.015000104904175,3.0,3.005000114440918,24896,0.0,0.0
2024-06-11 15:55:00-04:00,3.0,3.0199999809265137,3.0,3.015000104904175,92042,0.0,0.0
2024-06-12 09:30:00-04:00,3.140000104904175,3.140000104904175,3.0999999046325684,3.0999999046325684,18210,0.0,0.0
2024-06-12 09:35:00-04:00,3.0999999046325684,3.0999999046325684,3.0799999237060547,3.0899999141693115,7759,0.0,0.0
2024-06-12 09:40:00-04:00,3.0950000286102295,3.115000009536743,3.0943000316619873,3.109999895095825,10321,0.0,0.0
2024-06-12 09:45:00-04:00,3.115000009536743,3.115000009536743,3.109999895095825,3.109999895095825,1476,0.0,0.0
2024-06-12 09:50:00-04:00,3.109999895095825,3.115000009536743,3.0917000770568848,3.0917000770568848,8715,0.0,0.0
2024-06-12 09:55:00-04:00,3.0999999046325684,3.109999895095825,3.0950000286102295,3.1050000190734863,15075,0.0,0.0
2024-06-12 10:00:00-04:00,3.0999999046325684,3.0999999046325684,3.0899999141693115,3.0950000286102295,8052,0.0,0.0
2024-06-12 10:05:00-04:00,3.0899999141693115,3.0899999141693115,3.069999933242798,3.0850000381469727,6537,0.0,0.0
2024-06-12 10:10:00-04:00,3.0850000381469727,3.0999999046325684,3.0850000381469727,3.0999999046325684,4021,0.0,0.0
2024-06-12 10:15:00-04:00,3.0999999046325684,3.1050000190734863,3.0950000286102295,3.0950000286102295,8902,0.0,0.0
2024-06-12 10:20:00-04:00,3.0950000286102295,3.1050000190734863,3.0850000381469727,3.0850000381469727,18922,0.0,0.0
2024-06-12 10:25:00-04:00,3.0850000381469727,3.0850000381469727,3.0799999237060547,3.0850000381469727,13260,0.0,0.0
2024-06-12 10:30:00-04:00,3.0799999237060547,3.0799999237060547,3.065000057220459,3.0799999237060547,8187,0.0,0.0
2024-06-12 10:35:00-04:00,3.075000047683716,3.075000047683716,3.069999933242798,3.075000047683716,1345,0.0,0.0
2024-06-12 10:40:00-04:00,3.075000047683716,3.075000047683716,3.055000066757202,3.055000066757202,8106,0.0,0.0
2024-06-12 10:45:00-04:00,3.055000066757202,3.055000066757202,3.049999952316284,3.049999952316284,4576,0.0,0.0
2024-06-12 10:50:00-04:00,3.055000066757202,3.055000066757202,3.049999952316284,3.049999952316284,3970,0.0,0.0
2024-06-12 10:55:00-04:00,3.049999952316284,3.055000066757202,3.049999952316284,3.049999952316284,1003,0.0,0.0
2024-06-12 11:00:00-04:00,3.049999952316284,3.075000047683716,3.049999952316284,3.075000047683716,6805,0.0,0.0
2024-06-12 11:05:00-04:00,3.069999933242798,3.069999933242798,3.069999933242798,3.069999933242798,2228,0.0,0.0
2024-06-12 11:10:00-04:00,3.065000057220459,3.0850000381469727,3.065000057220459,3.069999933242798,19168,0.0,0.0
2024-06-12 11:15:00-04:00,3.075000047683716,3.0799999237060547,3.075000047683716,3.075000047683716,2169,0.0,0.0
2024-06-12 11:20:00-04:00,3.069999933242798,3.075000047683716,3.069999933242798,3.075000047683716,2822,0.0,0.0
2024-06-12 11:25:00-04:00,3.075000047683716,3.0850000381469727,3.069999933242798,3.0850000381469727,5159,0.0,0.0
2024-06-12 11:30:00-04:00,3.0850000381469727,3.0850000381469727,3.0850000381469727,3.0850000381469727,1004,0.0,0.0
2024-06-12 11:35:00-04:00,3.0850000381469727,3.0950000286102295,3.0850000381469727,3.0950000286102295,9352,0.0,0.0
2024-06-12 11:40:00-04:00,3.0999999046325684,3.1050000190734863,3.0999999046325684,3.1050000190734863,4388,0.0,0.0
2024-06-12 11:45:00-04:00,3.1050000190734863,3.1050000190734863,3.0999999046325684,3.1050000190734863,30405,0.0,0.0
2024-06-12 11:50:00-04:00,3.1050000190734863,3.106600046157837,3.0999999046325684,3.106600046157837,3202,0.0,0.0
2024-06-12 11:55:00-04:00,3.0999999046325684,3.1050000190734863,3.0999999046325684,3.1050000190734863,2518,0.0,0.0
2024-06-12 12:00:00-04:00,3.0999999046325684,3.1050000190734863,3.0999999046325684,3.0999999046325684,12564,0.0,0.0
2024-06-12 12:05:00-04:00,3.0999999046325684,3.1050000190734863,3.0999999046325684,3.0999999046325684,4155,0.0,0.0
2024-06-12 12:10:00-04:00,3.0999999046325684,3.1050000190734863,3.0999999046325684,3.0999999046325684,6168,0.0,0.0
2024-06-12 12:15:00-04:00,3.0999999046325684,3.0999999046325684,3.0950000286102295,3.0999999046325684,18213,0.0,0.0
2024-06-12 12:20:00-04:00,3.0950000286102295,3.0950000286102295,3.0950000286102295,3.0950000286102295,978,0.0,0.0
2024-06-12 12:25:00-04:00,3.0950000286102295,3.0950000286102295,3.0899999141693115,3.0899999141693115,2433,0.0,0.0
2024-06-12 12:30:00-04:00,3.0950000286102295,3.0950000286102295,3.0850000381469727,3.0850000381469727,13580,0.0,0.0
2024-06-12 12:35:00-04:00,3.0850000381469727,3.0899999141693115,3.0850000381469727,3.0899999141693115,1936,0.0,0.0
2024-06-12 12:40:00-04:00,3.0850000381469727,3.0899999141693115,3.0799999237060547,3.0899999141693115,23610,0.0,0.0
2024-06-12 12:45:00-04:00,3.0950000286102295,3.0950000286102295,3.0950000286102295,3.0950000286102295,2376,0.0,0.0
2024-06-12 12:50:00-04:00,3.0950000286102295,3.0950000286102295,3.0950000286102295,3.0950000286102295,1459,0.0,0.0
2024-06-12 12:55:00-04:00,3.0950000286102295,3.0999999046325684,3.0899999141693115,3.0950000286102295,2315,0.0,0.0
2024-06-12 13:00:00-04:00,3.0999999046325684,3.109999895095825,3.0999999046325684,3.1050000190734863,8757,0.0,0.0
2024-06-12 13:05:00-04:00,3.109999895095825,3.109999895095825,3.0999999046325684,3.1050000190734863,3320,0.0,0.0
2024-06-12 13:10:00-04:00,3.1050000190734863,3.1050000190734863,3.0999999046325684,3.1050000190734863,1710,0.0,0.0
2024-06-12 13:15:00-04:00,3.1050000190734863,3.1050000190734863,3.090100049972534,3.0950000286102295,8493,0.0,0.0
2024-06-12 13:20:00-04:00,3.0950000286102295,3.0950000286102295,3.0899999141693115,3.0950000286102295,3478,0.0,0.0
2024-06-12 13:25:00-04:00,3.0950000286102295,3.1050000190734863,3.0950000286102295,3.0950000286102295,13843,0.0,0.0
2024-06-12 13:30:00-04:00,3.0950000286102295,3.0950000286102295,3.0899999141693115,3.0899999141693115,1349,0.0,0.0
2024-06-12 13:35:00-04:00,3.0950000286102295,3.109999895095825,3.0950000286102295,3.109999895095825,42748,0.0,0.0
2024-06-12 13:40:00-04:00,3.109999895095825,3.109999895095825,3.109999895095825,3.109999895095825,1639,0.0,0.0
2024-06-12 13:45:00-04:00,3.109999895095825,3.109999895095825,3.0999999046325684,3.109999895095825,3417,0.0,0.0
2024-06-12 13:50:00-04:00,3.109999895095825,3.109999895095825,3.1050000190734863,3.109999895095825,6191,0.0,0.0
2024-06-12 13:55:00-04:00,3.115000009536743,3.119999885559082,3.1135001182556152,3.115000009536743,3138,0.0,0.0
2024-06-12 14:00:00-04:00,3.109999895095825,3.115000009536743,3.0850000381469727,3.109999895095825,35272,0.0,0.0
2024-06-12 14:05:00-04:00,3.109999895095825,3.109999895095825,3.0999999046325684,3.0999999046325684,2567,0.0,0.0
2024-06-12 14:10:00-04:00,3.0999999046325684,3.1050000190734863,3.0999999046325684,3.0999999046325684,10585,0.0,0.0
2024-06-12 14:15:00-04:00,3.109999895095825,3.109999895095825,3.0999999046325684,3.0999999046325684,8349,0.0,0.0
2024-06-12 14:20:00-04:00,3.0950000286102295,3.0950000286102295,3.0899999141693115,3.0950000286102295,3722,0.0,0.0
2024-06-12 14:25:00-04:00,3.0899999141693115,3.0950000286102295,3.0899999141693115,3.0950000286102295,2605,0.0,0.0
2024-06-12 14:30:00-04:00,3.0950000286102295,3.1050000190734863,3.0950000286102295,3.0999999046325684,15560,0.0,0.0
2024-06-12 14:35:00-04:00,3.0950000286102295,3.1050000190734863,3.0899999141693115,3.0999999046325684,9591,0.0,0.0
2024-06-12 14:40:00-04:00,3.0950000286102295,3.0999999046325684,3.075000047683716,3.0799999237060547,7277,0.0,0.0
2024-06-12 14:45:00-04:00,3.075000047683716,3.075000047683716,3.049999952316284,3.049999952316284,5553,0.0,0.0
2024-06-12 14:50:00-04:00,3.049999952316284,3.069999933242798,3.0450000762939453,3.069999933242798,34695,0.0,0.0
2024-06-12 14:55:00-04:00,3.069999933242798,3.0850000381469727,3.069999933242798,3.0850000381469727,20113,0.0,0.0
2024-06-12 15:00:00-04:00,3.0850000381469727,3.089900016784668,3.0799999237060547,3.0850000381469727,3910,0.0,0.0
2024-06-12 15:05:00-04:00,3.0850000381469727,3.0850000381469727,3.075000047683716,3.075000047683716,12126,0.0,0.0
2024-06-12 15:10:00-04:00,3.075000047683716,3.075000047683716,3.069999933242798,3.075000047683716,4634,0.0,0.0
2024-06-12 15:15:00-04:00,3.069999933242798,3.075000047683716,3.065000057220459,3.065000057220459,7013,0.0,0.0
2024-06-12 15:20:00-04:00,3.065000057220459,3.065000057220459,3.049999952316284,3.055000066757202,16115,0.0,0.0
2024-06-12 15:25:00-04:00,3.055000066757202,3.055000066757202,3.0299999713897705,3.0350000858306885,58908,0.0,0.0
2024-06-12 15:30:00-04:00,3.0350000858306885,3.0399999618530273,3.0299999713897705,3.0350000858306885,6169,0.0,0.0
2024-06-12 15:35:00-04:00,3.0350000858306885,3.049999952316284,3.0299999713897705,3.0450000762939453,26931,0.0,0.0
2024-06-12 15:40:00-04:00,3.0399999618530273,3.0399999618530273,3.0299999713897705,3.0299999713897705,10664,0.0,0.0
2024-06-12 15:45:00-04:00,3.0350000858306885,3.059999942779541,3.0299999713897705,3.055000066757202,36230,0.0,0.0
2024-06-12 15:50:00-04:00,3.055000066757202,3.0799999237060547,3.049999952316284,3.0799999237060547,44081,0.0,0.0
2024-06-12 15:55:00-04:00,3.075000047683716,3.0799999237060547,3.059999942779541,3.0799999237060547,53044,0.0,0.0
2024-06-13 09:30:00-04:00,3.069999933242798,3.0950000286102295,3.0199999809265137,3.0399999618530273,6745,0.0,0.0
2024-06-13 09:35:00-04:00,3.0450000762939453,3.065000057220459,3.0299999713897705,3.059999942779541,6021,0.0,0.0
2024-06-13 09:40:00-04:00,3.0450000762939453,3.0899999141693115,3.0450000762939453,3.0899999141693115,16962,0.0,0.0
2024-06-13 09:45:00-04:00,3.055000066757202,3.065000057220459,3.055000066757202,3.065000057220459,3249,0.0,0.0
2024-06-13 09:50:00-04:00,3.055000066757202,3.059999942779541,3.055000066757202,3.059999942779541,3331,0.0,0.0
2024-06-13 09:55:00-04:00,3.055000066757202,3.065000057220459,3.0450000762939453,3.055000066757202,10628,0.0,0.0
2024-06-13 10:00:00-04:00,3.055000066757202,3.055000066757202,3.0350000858306885,3.0350000858306885,6667,0.0,0.0
2024-06-13 10:05:00-04:00,3.0350000858306885,3.0450000762939453,3.0299999713897705,3.0450000762939453,5324,0.0,0.0
2024-06-13 10:10:00-04:00,3.0399999618530273,3.0399999618530273,3.015000104904175,3.0250000953674316,5320,0.0,0.0
2024-06-13 10:15:00-04:00,3.0250000953674316,3.0250000953674316,3.015000104904175,3.015000104904175,3770,0.0,0.0
2024-06-13 10:20:00-04:00,3.0199999809265137,3.0250000953674316,3.015000104904175,3.0250000953674316,5286,0.0,0.0
2024-06-13 10:25:00-04:00,3.0199999809265137,3.0199999809265137,3.015000104904175,3.015000104904175,5257,0.0,0.0
2024-06-13 10:30:00-04:00,3.015000104904175,3.0199999809265137,3.015000104904175,3.015000104904175,6861,0.0,0.0
2024-06-13 10:35:00-04:00,3.015000104904175,3.015000104904175,3.0,3.015000104904175,11872,0.0,0.0
2024-06-13 10:40:00-04:00,3.009999990463257,3.009999990463257,3.0,3.005000114440918,2628,0.0,0.0
2024-06-13 10:45:00-04:00,3.0,3.005000114440918,2.9700000286102295,2.9749999046325684,18519,0.0,0.0
2024-06-13 10:50:00-04:00,2.9749999046325684,2.9749999046325684,2.950000047683716,2.9549999237060547,8755,0.0,0.0
2024-06-13 10:55:00-04:00,2.9549999237060547,2.9600000381469727,2.940000057220459,2.944999933242798,6930,0.0,0.0
2024-06-13 11:00:00-04:00,2.950000047683716,2.9700000286102295,2.940000057220459,2.9549999237060547,20180,0.0,0.0
2024-06-13 11:05:00-04:00,2.950000047683716,2.950000047683716,2.934999942779541,2.934999942779541,6628,0.0,0.0
2024-06-13 11:10:00-04:00,2.930000066757202,2.934999942779541,2.924999952316284,2.924999952316284,4545,0.0,0.0
2024-06-13 11:15:00-04:00,2.9200000762939453,2.9200000762939453,2.9000000953674316,2.9049999713897705,11348,0.0,0.0
2024-06-13 11:20:00-04:00,2.9100000858306885,2.924999952316284,2.9049999713897705,2.924999952316284,15116,0.0,0.0
2024-06-13 11:25:00-04:00,2.924999952316284,2.940000057220459,2.924999952316284,2.934999942779541,3876,0.0,0.0
2024-06-13 11:30:00-04:00,2.934999942779541,2.934999942779541,2.930000066757202,2.934999942779541,1447,0.0,0.0
2024-06-13 11:35:00-04:00,2.934999942779541,2.934999942779541,2.924999952316284,2.924999952316284,4323,0.0,0.0
2024-06-13 11:40:00-04:00,2.924999952316284,2.924999952316284,2.9200000762939453,2.924999952316284,2421,0.0,0.0
2024-06-13 11:45:00-04:00,2.924999952316284,2.944999933242798,2.9200000762939453,2.944999933242798,9351,0.0,0.0
2024-06-13 11:50:00-04:00,2.950000047683716,2.950000047683716,2.944999933242798,2.944999933242798,1944,0.0,0.0
2024-06-13 11:55:00-04:00,2.940000057220459,2.940000057220459,2.940000057220459,2.940000057220459,3003,0.0,0.0
2024-06-13 12:00:00-04:00,2.930000066757202,2.934999942779541,2.9200000762939453,2.924999952316284,7607,0.0,0.0
2024-06-13 12:05:00-04:00,2.924999952316284,2.924999952316284,2.9200000762939453,2.9200000762939453,2215,0.0,0.0
2024-06-13 12:10:00-04:00,2.9200000762939453,2.924999952316284,2.9049999713897705,2.9149999618530273,7438,0.0,0.0
2024-06-13 12:15:00-04:00,2.9149999618530273,2.9149999618530273,2.9100000858306885,2.9100000858306885,3832,0.0,0.0
2024-06-13 12:20:00-04:00,2.9100000858306885,2.9149999618530273,2.9000000953674316,2.9049999713897705,11539,0.0,0.0
2024-06-13 12:25:00-04:00,2.9049999713897705,2.9049999713897705,2.9000000953674316,2.9049999713897705,7474,0.0,0.0
2024-06-13 12:30:00-04:00,2.9049999713897705,2.9149999618530273,2.9000000953674316,2.9149999618530273,10572,0.0,0.0
2024-06-13 12:35:00-04:00,2.9149999618530273,2.9149999618530273,2.9000000953674316,2.9049999713897705,8745,0.0,0.0
2024-06-13 12:40:00-04:00,2.9049999713897705,2.9049999713897705,2.9049999713897705,2.9049999713897705,2696,0.0,0.0
2024-06-13 12:45:00-04:00,2.9049999713897705,2.9049999713897705,2.9000000953674316,2.9049999713897705,4268,0.0,0.0
2024-06-13 12:50:00-04:00,2.9000000953674316,2.9049999713897705,2.9000000953674316,2.9049999713897705,5323,0.0,0.0
2024-06-13 12:55:00-04:00,2.9049999713897705,2.9049999713897705,2.880000114440918,2.890000104904175,37493,0.0,0.0
2024-06-13 13:00:00-04:00,2.884999990463257,2.890000104904175,2.875,2.890000104904175,38079,0.0,0.0
2024-06-13 13:05:00-04:00,2.8949999809265137,2.9200000762939453,2.880000114440918,2.884999990463257,73332,0.0,0.0
2024-06-13 13:10:00-04:00,2.8801000118255615,2.890000104904175,2.869999885559082,2.875,13641,0.0,0.0
2024-06-13 13:15:00-04:00,2.875,2.875,2.859999895095825,2.865000009536743,11322,0.0,0.0
2024-06-13 13:20:00-04:00,2.865000009536743,2.880000114440918,2.865000009536743,2.880000114440918,14359,0.0,0.0
2024-06-13 13:25:00-04:00,2.875,2.880000114440918,2.859999895095825,2.865000009536743,15007,0.0,0.0
2024-06-13 13:30:00-04:00,2.860100030899048,2.865000009536743,2.850100040435791,2.850100040435791,14921,0.0,0.0
2024-06-13 13:35:00-04:00,2.8550000190734863,2.859999895095825,2.8399999141693115,2.8399999141693115,17252,0.0,0.0
2024-06-13 13:40:00-04:00,2.8420000076293945,2.8499999046325684,2.8299999237060547,2.8350000381469727,13939,0.0,0.0
2024-06-13 13:45:00-04:00,2.8301000595092773,2.8350000381469727,2.815000057220459,2.815000057220459,24802,0.0,0.0
2024-06-13 13:50:00-04:00,2.815000057220459,2.8299999237060547,2.805000066757202,2.825000047683716,27251,0.0,0.0
2024-06-13 13:55:00-04:00,2.825000047683716,2.825000047683716,2.815000057220459,2.815000057220459,12125,0.0,0.0
2024-06-13 14:00:00-04:00,2.815000057220459,2.815000057220459,2.7899999618530273,2.7899999618530273,28849,0.0,0.0
2024-06-13 14:05:00-04:00,2.7909998893737793,2.805000066757202,2.7901999950408936,2.793800115585327,14756,0.0,0.0
2024-06-13 14:10:00-04:00,2.7950000762939453,2.809999942779541,2.7850000858306885,2.809999942779541,19869,0.0,0.0
2024-06-13 14:15:00-04:00,2.805999994277954,2.819999933242798,2.805000066757202,2.805000066757202,13594,0.0,0.0
2024-06-13 14:20:00-04:00,2.809999942779541,2.809999942779541,2.799999952316284,2.805000066757202,3893,0.0,0.0
2024-06-13 14:25:00-04:00,2.799999952316284,2.809999942779541,2.7950000762939453,2.805000066757202,13245,0.0,0.0
2024-06-13 14:30:00-04:00,2.805000066757202,2.8299999237060547,2.805000066757202,2.8245999813079834,20218,0.0,0.0
2024-06-13 14:35:00-04:00,2.825000047683716,2.825700044631958,2.819999933242798,2.825000047683716,4905,0.0,0.0
2024-06-13 14:40:00-04:00,2.825000047683716,2.8350000381469727,2.825000047683716,2.8350000381469727,19113,0.0,0.0
2024-06-13 14:45:00-04:00,2.8350000381469727,2.8359999656677246,2.8299999237060547,2.8350000381469727,5350,0.0,0.0
2024-06-13 14:50:00-04:00,2.8350000381469727,2.8350000381469727,2.8299999237060547,2.8350000381469727,10166,0.0,0.0
2024-06-13 14:55:00-04:00,2.8299999237060547,2.8350000381469727,2.8299999237060547,2.8350000381469727,9162,0.0,0.0
2024-06-13 15:00:00-04:00,2.8348000049591064,2.8350000381469727,2.8299999237060547,2.8350000381469727,5291,0.0,0.0
2024-06-13 15:05:00-04:00,2.8350000381469727,2.8450000286102295,2.8299999237060547,2.8350000381469727,41786,0.0,0.0
2024-06-13 15:10:00-04:00,2.8350000381469727,2.8350000381469727,2.8299999237060547,2.8350000381469727,12831,0.0,0.0
2024-06-13 15:15:00-04:00,2.8299999237060547,2.8350000381469727,2.819999933242798,2.825000047683716,20369,0.0,0.0
2024-06-13 15:20:00-04:00,2.825000047683716,2.825000047683716,2.819999933242798,2.825000047683716,5545,0.0,0.0
2024-06-13 15:25:00-04:00,2.819999933242798,2.8499999046325684,2.819999933242798,2.840100049972534,40067,0.0,0.0
2024-06-13 15:30:00-04:00,2.8450000286102295,2.884999990463257,2.8450000286102295,2.875,87984,0.0,0.0
2024-06-13 15:35:00-04:00,2.875,2.880000114440918,2.869999885559082,2.875,7352,0.0,0.0
2024-06-13 15:40:00-04:00,2.875,2.890000104904175,2.875,2.884999990463257,42303,0.0,0.0
2024-06-13 15:45:00-04:00,2.884999990463257,2.9100000858306885,2.8801000118255615,2.9049999713897705,54703,0.0,0.0
2024-06-13 15:50:00-04:00,2.9049999713897705,2.934999942779541,2.9000000953674316,2.934999942779541,106756,0.0,0.0
2024-06-13 15:55:00-04:00,2.934999942779541,2.934999942779541,2.9147000312805176,2.9200000762939453,116314,0.0,0.0
2024-06-14 09:30:00-04:00,2.819999933242798,2.880000114440918,2.75,2.859999895095825,33001,0.0,0.0
2024-06-14 09:35:00-04:00,2.8350000381469727,2.880000114440918,2.8201000690460205,2.880000114440918,9627,0.0,0.0
2024-06-14 09:40:00-04:00,2.884999990463257,2.890000104904175,2.8499999046325684,2.880000114440918,10869,0.0,0.0
2024-06-14 09:45:00-04:00,2.869999885559082,2.880000114440918,2.859999895095825,2.875,6658,0.0,0.0
2024-06-14 09:50:00-04:00,2.875,2.880000114440918,2.875,2.875,2054,0.0,0.0
2024-06-14 09:55:00-04:00,2.8701000213623047,2.890000104904175,2.8701000213623047,2.884999990463257,7800,0.0,0.0
2024-06-14 10:00:00-04:00,2.880000114440918,2.9000000953674316,2.865000009536743,2.8949999809265137,20559,0.0,0.0
2024-06-14 10:05:00-04:00,2.9000000953674316,2.9000000953674316,2.890000104904175,2.8949999809265137,12671,0.0,0.0
2024-06-14 10:10:00-04:00,2.890000104904175,2.890000104904175,2.869999885559082,2.884999990463257,30902,0.0,0.0
2024-06-14 10:15:00-04:00,2.890000104904175,2.9000000953674316,2.890000104904175,2.9000000953674316,6787,0.0,0.0
2024-06-14 10:20:00-04:00,2.8949999809265137,2.9000000953674316,2.884999990463257,2.884999990463257,11306,0.0,0.0
2024-06-14 10:25:00-04:00,2.884999990463257,2.890000104904175,2.884999990463257,2.884999990463257,3930,0.0,0.0
2024-06-14 10:30:00-04:00,2.884999990463257,2.890000104904175,2.880000114440918,2.880000114440918,10996,0.0,0.0
2024-06-14 10:35:00-04:00,2.884999990463257,2.884999990463257,2.875,2.875,10389,0.0,0.0
2024-06-14 10:40:00-04:00,2.875,2.875,2.8701000213623047,2.875,6315,0.0,0.0
2024-06-14 10:45:00-04:00,2.875,2.880000114440918,2.872499942779541,2.875,3847,0.0,0.0
2024-06-14 10:50:00-04:00,2.880000114440918,2.880000114440918,2.8701000213623047,2.875,4313,0.0,0.0
2024-06-14 10:55:00-04:00,2.875,2.8949999809265137,2.875,2.884999990463257,16185,0.0,0.0
2024-06-14 11:00:00-04:00,2.884999990463257,2.884999990463257,2.875,2.875,10174,0.0,0.0
2024-06-14 11:05:00-04:00,2.875,2.875,2.859999895095825,2.865000009536743,7777,0.0,0.0
2024-06-14 11:10:00-04:00,2.865000009536743,2.865000009536743,2.859999895095825,2.865000009536743,3227,0.0,0.0
2024-06-14 11:15:00-04:00,2.865000009536743,2.865000009536743,2.8499999046325684,2.8550000190734863,10813,0.0,0.0
2024-06-14 11:20:00-04:00,2.8550000190734863,2.8550000190734863,2.8499999046325684,2.8499999046325684,1802,0.0,0.0
2024-06-14 11:25:00-04:00,2.8550000190734863,2.8550000190734863,2.8499999046325684,2.8550000190734863,5787,0.0,0.0
2024-06-14 11:30:00-04:00,2.8550000190734863,2.8550000190734863,2.819999933242798,2.825000047683716,19783,0.0,0.0
2024-06-14 11:35:00-04:00,2.825000047683716,2.825000047683716,2.809999942779541,2.815000057220459,8665,0.0,0.0
2024-06-14 11:40:00-04:00,2.815000057220459,2.815000057220459,2.799999952316284,2.805000066757202,8613,0.0,0.0
2024-06-14 11:45:00-04:00,2.805000066757202,2.805000066757202,2.7899999618530273,2.7950000762939453,15649,0.0,0.0
2024-06-14 11:50:00-04:00,2.7950000762939453,2.809999942779541,2.7950000762939453,2.809999942779541,21917,0.0,0.0
2024-06-14 11:55:00-04:00,2.805000066757202,2.805000066757202,2.7899999618530273,2.7899999618530273,8196,0.0,0.0
2024-06-14 12:00:00-04:00,2.7957000732421875,2.799999952316284,2.7899999618530273,2.7899999618530273,2724,0.0,0.0
2024-06-14 12:05:00-04:00,2.7899999618530273,2.799999952316284,2.7850000858306885,2.799999952316284,15150,0.0,0.0
2024-06-14 12:10:00-04:00,2.7950000762939453,2.799999952316284,2.7950000762939453,2.799999952316284,1560,0.0,0.0
2024-06-14 12:15:00-04:00,2.7950000762939453,2.799999952316284,2.7899999618530273,2.7950000762939453,2621,0.0,0.0
2024-06-14 12:20:00-04:00,2.7899999618530273,2.7899999618530273,2.7799999713897705,2.7799999713897705,3836,0.0,0.0
2024-06-14 12:25:00-04:00,2.7850000858306885,2.7850000858306885,2.7799999713897705,2.7799999713897705,1448,0.0,0.0
2024-06-14 12:30:00-04:00,2.7799999713897705,2.7850000858306885,2.7699999809265137,2.7750000953674316,7472,0.0,0.0
2024-06-14 12:35:00-04:00,2.7750000953674316,2.7850000858306885,2.7701001167297363,2.7850000858306885,16944,0.0,0.0
2024-06-14 12:40:00-04:00,2.7850000858306885,2.7850000858306885,2.7850000858306885,2.7850000858306885,1305,0.0,0.0
2024-06-14 12:45:00-04:00,2.7850000858306885,2.7850000858306885,2.780100107192993,2.780100107192993,1653,0.0,0.0
2024-06-14 12:50:00-04:00,2.7850000858306885,2.7899999618530273,2.7850000858306885,2.7850000858306885,1652,0.0,0.0
2024-06-14 12:55:00-04:00,2.7850000858306885,2.7899999618530273,2.7799999713897705,2.7850000858306885,4443,0.0,0.0
2024-06-14 13:00:00-04:00,2.7850000858306885,2.7899999618530273,2.7850000858306885,2.7899999618530273,6526,0.0,0.0
2024-06-14 13:05:00-04:00,2.7850000858306885,2.7899999618530273,2.7850000858306885,2.7850000858306885,1340,0.0,0.0
2024-06-14 13:10:00-04:00,2.7850000858306885,2.7950000762939453,2.7850000858306885,2.7899999618530273,10204,0.0,0.0
2024-06-14 13:20:00-04:00,2.7950000762939453,2.799999952316284,2.7899999618530273,2.7950000762939453,3236,0.0,0.0
2024-06-14 13:25:00-04:00,2.7950000762939453,2.799999952316284,2.7950000762939453,2.7950000762939453,3664,0.0,0.0
2024-06-14 13:30:00-04:00,2.7950000762939453,2.7950000762939453,2.7899999618530273,2.7950000762939453,5595,0.0,0.0
2024-06-14 13:35:00-04:00,2.7950000762939453,2.7950000762939453,2.7950000762939453,2.7950000762939453,3489,0.0,0.0
2024-06-14 13:40:00-04:00,2.7950000762939453,2.799999952316284,2.7950000762939453,2.7950000762939453,4405,0.0,0.0
2024-06-14 13:45:00-04:00,2.7950000762939453,2.799999952316284,2.7950000762939453,2.7950000762939453,7301,0.0,0.0
2024-06-14 13:50:00-04:00,2.7950000762939453,2.799999952316284,2.7899999618530273,2.7950000762939453,5761,0.0,0.0
2024-06-14 13:55:00-04:00,2.7899999618530273,2.7950000762939453,2.7799999713897705,2.7799999713897705,11510,0.0,0.0
2024-06-14 14:00:00-04:00,2.7799999713897705,2.7799999713897705,2.759999990463257,2.765000104904175,9881,0.0,0.0
2024-06-14 14:05:00-04:00,2.765000104904175,2.765000104904175,2.765000104904175,2.765000104904175,4093,0.0,0.0
2024-06-14 14:10:00-04:00,2.765000104904175,2.765000104904175,2.755000114440918,2.755000114440918,9201,0.0,0.0
2024-06-14 14:15:00-04:00,2.755000114440918,2.755000114440918,2.75,2.75,3719,0.0,0.0
2024-06-14 14:20:00-04:00,2.755000114440918,2.755000114440918,2.744999885559082,2.744999885559082,27681,0.0,0.0
2024-06-14 14:25:00-04:00,2.744999885559082,2.7499001026153564,2.744999885559082,2.744999885559082,1629,0.0,0.0
2024-06-14 14:30:00-04:00,2.744999885559082,2.7750000953674316,2.740000009536743,2.7750000953674316,23572,0.0,0.0
2024-06-14 14:35:00-04:00,2.7799999713897705,2.7799999713897705,2.7699999809265137,2.7699999809265137,24524,0.0,0.0
2024-06-14 14:40:00-04:00,2.7750000953674316,2.7750000953674316,2.7699999809265137,2.7750000953674316,3209,0.0,0.0
2024-06-14 14:45:00-04:00,2.7750000953674316,2.7799999713897705,2.7725000381469727,2.7750000953674316,7202,0.0,0.0
2024-06-14 14:50:00-04:00,2.7750000953674316,2.7799999713897705,2.7699999809265137,2.7750000953674316,15961,0.0,0.0
2024-06-14 14:55:00-04:00,2.7750000953674316,2.7750000953674316,2.765000104904175,2.765000104904175,9542,0.0,0.0
2024-06-14 15:00:00-04:00,2.765000104904175,2.765000104904175,2.755000114440918,2.755000114440918,8622,0.0,0.0
2024-06-14 15:05:00-04:00,2.755000114440918,2.7699999809265137,2.740000009536743,2.765000104904175,39753,0.0,0.0
2024-06-14 15:10:00-04:00,2.765000104904175,2.7699999809265137,2.759999990463257,2.765000104904175,3679,0.0,0.0
2024-06-14 15:15:00-04:00,2.765000104904175,2.765000104904175,2.7527999877929688,2.7527999877929688,26075,0.0,0.0
2024-06-14 15:20:00-04:00,2.75,2.755000114440918,2.75,2.755000114440918,10161,0.0,0.0
2024-06-14 15:25:00-04:00,2.75,2.755000114440918,2.740000009536743,2.740000009536743,11372,0.0,0.0
2024-06-14 15:30:00-04:00,2.740000009536743,2.75,2.7300000190734863,2.734999895095825,21836,0.0,0.0
2024-06-14 15:35:00-04:00,2.7300000190734863,2.734999895095825,2.7300000190734863,2.7300000190734863,11553,0.0,0.0
2024-06-14 15:40:00-04:00,2.7300000190734863,2.734999895095825,2.7300000190734863,2.7300000190734863,18247,0.0,0.0
2024-06-14 15:45:00-04:00,2.734999895095825,2.759999990463257,2.7300000190734863,2.75,48202,0.0,0.0
2024-06-14 15:50:00-04:00,2.755000114440918,2.7799999713897705,2.75,2.7750000953674316,83545,0.0,0.0
2024-06-14 15:55:00-04:00,2.7750000953674316,2.799999952316284,2.759999990463257,2.7899999618530273,124353,0.0,0.0
2024-06-17 09:30:00-04:00,2.7799999713897705,2.799999952316284,2.75,2.75,8915,0.0,0.0
2024-06-17 09:35:00-04:00,2.7799999713897705,2.7850000858306885,2.7750000953674316,2.7750000953674316,6133,0.0,0.0
2024-06-17 09:40:00-04:00,2.7699999809265137,2.805000066757202,2.765000104904175,2.805000066757202,12298,0.0,0.0
2024-06-17 09:45:00-04:00,2.809999942779541,2.8350000381469727,2.809999942779541,2.825000047683716,24823,0.0,0.0
2024-06-17 09:50:00-04:00,2.825000047683716,2.8350000381469727,2.819999933242798,2.825000047683716,9169,0.0,0.0
2024-06-17 09:55:00-04:00,2.825000047683716,2.825000047683716,2.7899999618530273,2.7899999618530273,13099,0.0,0.0
2024-06-17 10:00:00-04:00,2.799999952316284,2.809999942779541,2.799999952316284,2.805000066757202,4037,0.0,0.0
2024-06-17 10:05:00-04:00,2.805000066757202,2.805000066757202,2.7950000762939453,2.7950000762939453,2736,0.0,0.0
2024-06-17 10:10:00-04:00,2.7899999618530273,2.7950000762939453,2.7850000858306885,2.7850000858306885,19436,0.0,0.0
2024-06-17 10:15:00-04:00,2.7899999618530273,2.7950000762939453,2.7850000858306885,2.7850000858306885,7944,0.0,0.0
2024-06-17 10:20:00-04:00,2.7850000858306885,2.7850000858306885,2.7799999713897705,2.7850000858306885,11576,0.0,0.0
2024-06-17 10:25:00-04:00,2.780100107192993,2.7850000858306885,2.7750000953674316,2.7750000953674316,6137,0.0,0.0
2024-06-17 10:30:00-04:00,2.7750000953674316,2.7850000858306885,2.7699999809265137,2.7850000858306885,12139,0.0,0.0
2024-06-17 10:35:00-04:00,2.7850000858306885,2.7850000858306885,2.7850000858306885,2.7850000858306885,4289,0.0,0.0
2024-06-17 10:40:00-04:00,2.7799999713897705,2.7850000858306885,2.7799999713897705,2.7850000858306885,7571,0.0,0.0
2024-06-17 10:45:00-04:00,2.7850000858306885,2.7850000858306885,2.7750000953674316,2.7750000953674316,9575,0.0,0.0
2024-06-17 10:50:00-04:00,2.7699999809265137,2.7899999618530273,2.7699999809265137,2.7899999618530273,7318,0.0,0.0
2024-06-17 10:55:00-04:00,2.7850000858306885,2.815000057220459,2.7850000858306885,2.815000057220459,12221,0.0,0.0
2024-06-17 11:00:00-04:00,2.815000057220459,2.815000057220459,2.809999942779541,2.815000057220459,5223,0.0,0.0
2024-06-17 11:05:00-04:00,2.809999942779541,2.809999942779541,2.809999942779541,2.809999942779541,4617,0.0,0.0
2024-06-17 11:10:00-04:00,2.809999942779541,2.825000047683716,2.809999942779541,2.825000047683716,8757,0.0,0.0
2024-06-17 11:15:00-04:00,2.8299999237060547,2.8399999141693115,2.8299999237060547,2.8350000381469727,3060,0.0,0.0
2024-06-17 11:20:00-04:00,2.8399999141693115,2.8399999141693115,2.825000047683716,2.8299999237060547,6862,0.0,0.0
2024-06-17 11:25:00-04:00,2.825000047683716,2.825000047683716,2.825000047683716,2.825000047683716,2402,0.0,0.0
2024-06-17 11:30:00-04:00,2.825000047683716,2.8299999237060547,2.825000047683716,2.8299999237060547,3800,0.0,0.0
2024-06-17 11:35:00-04:00,2.825000047683716,2.825000047683716,2.819999933242798,2.825000047683716,7057,0.0,0.0
2024-06-17 11:40:00-04:00,2.819999933242798,2.825000047683716,2.819999933242798,2.825000047683716,3180,0.0,0.0
2024-06-17 11:45:00-04:00,2.825000047683716,2.825000047683716,2.819999933242798,2.825000047683716,2677,0.0,0.0
2024-06-17 11:50:00-04:00,2.825000047683716,2.8350000381469727,2.815000057220459,2.8350000381469727,17576,0.0,0.0
2024-06-17 11:55:00-04:00,2.8350000381469727,2.859999895095825,2.8350000381469727,2.8550000190734863,7697,0.0,0.0
2024-06-17 12:00:00-04:00,2.8550000190734863,2.859999895095825,2.8550000190734863,2.859999895095825,3282,0.0,0.0
2024-06-17 12:05:00-04:00,2.8548998832702637,2.8550000190734863,2.8499999046325684,2.8550000190734863,2579,0.0,0.0
2024-06-17 12:10:00-04:00,2.8499999046325684,2.8550000190734863,2.8499999046325684,2.8550000190734863,5500,0.0,0.0
2024-06-17 12:15:00-04:00,2.8499999046325684,2.859999895095825,2.8450000286102295,2.8499999046325684,11847,0.0,0.0
2024-06-17 12:20:00-04:00,2.8550000190734863,2.859999895095825,2.8499999046325684,2.859999895095825,9306,0.0,0.0
2024-06-17 12:25:00-04:00,2.865000009536743,2.865000009536743,2.8499999046325684,2.859999895095825,12157,0.0,0.0
2024-06-17 12:30:00-04:00,2.8550000190734863,2.859999895095825,2.8499999046325684,2.8550000190734863,4415,0.0,0.0
2024-06-17 12:35:00-04:00,2.8550000190734863,2.859999895095825,2.8399999141693115,2.8550000190734863,14229,0.0,0.0
2024-06-17 12:40:00-04:00,2.859999895095825,2.859999895095825,2.8499999046325684,2.8550000190734863,7918,0.0,0.0
2024-06-17 12:45:00-04:00,2.8550000190734863,2.859999895095825,2.8550000190734863,2.859999895095825,2371,0.0,0.0
2024-06-17 12:50:00-04:00,2.8550000190734863,2.859999895095825,2.8499999046325684,2.8499999046325684,5677,0.0,0.0
2024-06-17 12:55:00-04:00,2.8550000190734863,2.880000114440918,2.8499999046325684,2.880000114440918,18058,0.0,0.0
2024-06-17 13:00:00-04:00,2.880000114440918,2.9000000953674316,2.880000114440918,2.9000000953674316,5695,0.0,0.0
2024-06-17 13:05:00-04:00,2.8949999809265137,2.905400037765503,2.8949999809265137,2.9049999713897705,16737,0.0,0.0
2024-06-17 13:10:00-04:00,2.9049999713897705,2.9100000858306885,2.9000000953674316,2.9049999713897705,4033,0.0,0.0
2024-06-17 13:15:00-04:00,2.9100000858306885,2.9100000858306885,2.9000000953674316,2.9000000953674316,6199,0.0,0.0
2024-06-17 13:20:00-04:00,2.9000000953674316,2.9049999713897705,2.890000104904175,2.890000104904175,26057,0.0,0.0
2024-06-17 13:25:00-04:00,2.890000104904175,2.9100000858306885,2.890000104904175,2.9100000858306885,10394,0.0,0.0
2024-06-17 13:30:00-04:00,2.9100000858306885,2.9149999618530273,2.9049999713897705,2.9049999713897705,6222,0.0,0.0
2024-06-17 13:35:00-04:00,2.9049999713897705,2.9049999713897705,2.8949999809265137,2.8949999809265137,8828,0.0,0.0
2024-06-17 13:40:00-04:00,2.8949999809265137,2.9049999713897705,2.8949999809265137,2.9049999713897705,11472,0.0,0.0
2024-06-17 13:45:00-04:00,2.9049999713897705,2.9049999713897705,2.9000000953674316,2.9049999713897705,4717,0.0,0.0
2024-06-17 13:50:00-04:00,2.9049999713897705,2.9149999618530273,2.9049999713897705,2.9049999713897705,15425,0.0,0.0
2024-06-17 13:55:00-04:00,2.9100000858306885,2.9100000858306885,2.9049999713897705,2.9049999713897705,3956,0.0,0.0
2024-06-17 14:00:00-04:00,2.9100000858306885,2.9100000858306885,2.9049999713897705,2.9049999713897705,2034,0.0,0.0
2024-06-17 14:05:00-04:00,2.9049999713897705,2.924999952316284,2.9049999713897705,2.9200000762939453,14313,0.0,0.0
2024-06-17 14:10:00-04:00,2.9149999618530273,2.924999952316284,2.9149999618530273,2.924999952316284,7562,0.0,0.0
2024-06-17 14:15:00-04:00,2.924999952316284,2.924999952316284,2.9200000762939453,2.9200000762939453,7021,0.0,0.0
2024-06-17 14:20:00-04:00,2.9149999618530273,2.9149999618530273,2.9100000858306885,2.9149999618530273,4701,0.0,0.0
2024-06-17 14:25:00-04:00,2.9149999618530273,2.9149999618530273,2.9149999618530273,2.9149999618530273,3886,0.0,0.0
2024-06-17 14:30:00-04:00,2.9149999618530273,2.9200000762939453,2.9100000858306885,2.9149999618530273,6187,0.0,0.0
2024-06-17 14:35:00-04:00,2.9149999618530273,2.9200000762939453,2.9100000858306885,2.9200000762939453,6801,0.0,0.0
2024-06-17 14:40:00-04:00,2.9200000762939453,2.950000047683716,2.9100000858306885,2.934999942779541,28099,0.0,0.0
2024-06-17 14:45:00-04:00,2.934999942779541,2.950000047683716,2.930000066757202,2.950000047683716,17376,0.0,0.0
2024-06-17 14:50:00-04:00,2.944999933242798,2.9600000381469727,2.944999933242798,2.9549999237060547,27109,0.0,0.0
2024-06-17 14:55:00-04:00,2.9549999237060547,2.9549999237060547,2.9549999237060547,2.9549999237060547,6810,0.0,0.0
2024-06-17 15:00:00-04:00,2.9549999237060547,2.9549999237060547,2.944999933242798,2.9549999237060547,30129,0.0,0.0
2024-06-17 15:05:00-04:00,2.9549999237060547,2.9549999237060547,2.944999933242798,2.950000047683716,19361,0.0,0.0
2024-06-17 15:10:00-04:00,2.944999933242798,2.9600000381469727,2.944999933242798,2.950000047683716,19273,0.0,0.0
2024-06-17 15:15:00-04:00,2.950000047683716,2.9549999237060547,2.944999933242798,2.9549999237060547,8991,0.0,0.0
2024-06-17 15:20:00-04:00,2.9600000381469727,2.9600000381469727,2.9549999237060547,2.9600000381469727,6741,0.0,0.0
2024-06-17 15:25:00-04:00,2.9549999237060547,2.9600000381469727,2.9549999237060547,2.9549999237060547,11395,0.0,0.0
2024-06-17 15:30:00-04:00,2.9600000381469727,2.9649999141693115,2.9549999237060547,2.9600000381469727,23032,0.0,0.0
2024-06-17 15:35:00-04:00,2.9549999237060547,2.9600000381469727,2.950000047683716,2.9549999237060547,25038,0.0,0.0
2024-06-17 15:40:00-04:00,2.9549999237060547,2.9700000286102295,2.9549999237060547,2.9700000286102295,22828,0.0,0.0
2024-06-17 15:45:00-04:00,2.9649999141693115,2.9700000286102295,2.9600000381469727,2.9649999141693115,9948,0.0,0.0
2024-06-17 15:50:00-04:00,2.9649999141693115,3.0,2.9600000381469727,2.990000009536743,79662,0.0,0.0
2024-06-17 15:55:00-04:00,2.984999895095825,2.994999885559082,2.9800000190734863,2.990000009536743,49363,0.0,0.0
2024-06-18 09:30:00-04:00,3.0,3.0199999809265137,2.9700000286102295,2.9700000286102295,10795,0.0,0.0
2024-06-18 09:35:00-04:00,2.990000009536743,3.009999990463257,2.990000009536743,3.009999990463257,9453,0.0,0.0
2024-06-18 09:40:00-04:00,3.0,3.0,3.0,3.0,3127,0.0,0.0
2024-06-18 09:45:00-04:00,3.0,3.005000114440918,3.0,3.005000114440918,3262,0.0,0.0
2024-06-18 09:50:00-04:00,3.005000114440918,3.015000104904175,2.9800000190734863,2.984999895095825,14270,0.0,0.0
2024-06-18 09:55:00-04:00,2.984999895095825,2.990000009536743,2.984999895095825,2.990000009536743,6725,0.0,0.0
2024-06-18 10:00:00-04:00,2.984999895095825,2.994999885559082,2.9749999046325684,2.994999885559082,18029,0.0,0.0
2024-06-18 10:05:00-04:00,2.994999885559082,2.994999885559082,2.994999885559082,2.994999885559082,580,0.0,0.0
2024-06-18 10:10:00-04:00,2.994999885559082,2.994999885559082,2.990000009536743,2.994999885559082,3768,0.0,0.0
2024-06-18 10:15:00-04:00,2.994999885559082,2.994999885559082,2.990000009536743,2.990000009536743,2941,0.0,0.0
2024-06-18 10:20:00-04:00,2.994999885559082,3.0,2.9800000190734863,2.984999895095825,11335,0.0,0.0
2024-06-18 10:25:00-04:00,2.9800000190734863,3.0,2.9700000286102295,2.990000009536743,23072,0.0,0.0
2024-06-18 10:30:00-04:00,2.994999885559082,3.015000104904175,2.99399995803833,3.009999990463257,55628,0.0,0.0
2024-06-18 10:40:00-04:00,3.005000114440918,3.005000114440918,3.0,3.005000114440918,6064,0.0,0.0
2024-06-18 10:50:00-04:00,3.005000114440918,3.005000114440918,2.994999885559082,2.994999885559082,19566,0.0,0.0
2024-06-18 10:55:00-04:00,2.994999885559082,2.994999885559082,2.990000009536743,2.994999885559082,8872,0.0,0.0
2024-06-18 11:00:00-04:00,2.994999885559082,2.994999885559082,2.994999885559082,2.994999885559082,2284,0.0,0.0
2024-06-18 11:05:00-04:00,2.990000009536743,2.994999885559082,2.9700000286102295,2.994999885559082,20673,0.0,0.0
2024-06-18 11:10:00-04:00,2.990000009536743,3.0,2.990000009536743,2.999799966812134,634,0.0,0.0
2024-06-18 11:15:00-04:00,2.994999885559082,3.005000114440918,2.994999885559082,3.005000114440918,11132,0.0,0.0
2024-06-18 11:20:00-04:00,3.005000114440918,3.0058000087738037,3.005000114440918,3.005000114440918,3230,0.0,0.0
2024-06-18 11:25:00-04:00,3.0,3.005000114440918,3.0,3.005000114440918,3789,0.0,0.0
2024-06-18 11:30:00-04:00,3.005000114440918,3.009999990463257,3.0,3.0,7838,0.0,0.0
2024-06-18 11:35:00-04:00,3.005000114440918,3.005000114440918,3.0,3.0,1723,0.0,0.0
2024-06-18 11:40:00-04:00,3.005000114440918,3.005000114440918,2.994999885559082,2.994999885559082,19936,0.0,0.0
2024-06-18 11:45:00-04:00,2.994999885559082,2.994999885559082,2.990000009536743,2.994999885559082,2806,0.0,0.0
2024-06-18 11:50:00-04:00,2.994999885559082,3.005000114440918,2.990000009536743,2.994999885559082,26992,0.0,0.0
2024-06-18 11:55:00-04:00,2.994999885559082,3.115000009536743,2.994999885559082,3.012700080871582,246433,0.0,0.0
2024-06-18 12:00:00-04:00,3.0199999809265137,3.0450000762939453,2.990000009536743,3.0250000953674316,31506,0.0,0.0
2024-06-18 12:05:00-04:00,3.0299999713897705,3.0350000858306885,3.0211000442504883,3.0350000858306885,7452,0.0,0.0
2024-06-18 12:10:00-04:00,3.0350000858306885,3.0399999618530273,3.0350000858306885,3.0350000858306885,4324,0.0,0.0
2024-06-18 12:15:00-04:00,3.0399999618530273,3.069999933242798,3.0299999713897705,3.049999952316284,41919,0.0,0.0
2024-06-18 12:20:00-04:00,3.049999952316284,3.055000066757202,3.049999952316284,3.049999952316284,12622,0.0,0.0
2024-06-18 12:25:00-04:00,3.04010009765625,3.049999952316284,3.0399999618530273,3.0450000762939453,7479,0.0,0.0
2024-06-18 12:30:00-04:00,3.0450000762939453,3.0450000762939453,3.0350000858306885,3.0350000858306885,4725,0.0,0.0
2024-06-18 12:35:00-04:00,3.0299999713897705,3.0399999618530273,3.0250000953674316,3.0250000953674316,5479,0.0,0.0
2024-06-18 12:40:00-04:00,3.0250000953674316,3.0250000953674316,2.990000009536743,3.005000114440918,23699,0.0,0.0
2024-06-18 12:45:00-04:00,3.0099000930786133,3.009999990463257,3.0,3.009999990463257,3907,0.0,0.0
2024-06-18 12:50:00-04:00,3.009999990463257,3.0199999809265137,3.009999990463257,3.015000104904175,6812,0.0,0.0
2024-06-18 12:55:00-04:00,3.0199999809265137,3.0199999809265137,3.005000114440918,3.009999990463257,12028,0.0,0.0
2024-06-18 13:00:00-04:00,3.0199999809265137,3.0199999809265137,3.009999990463257,3.0139999389648438,3956,0.0,0.0
2024-06-18 13:05:00-04:00,3.0199999809265137,3.0199999809265137,2.990000009536743,2.994999885559082,15486,0.0,0.0
2024-06-18 13:10:00-04:00,3.0,3.0250000953674316,2.990000009536743,3.005000114440918,74037,0.0,0.0
2024-06-18 13:15:00-04:00,3.005000114440918,3.005000114440918,2.992500066757202,3.0,5489,0.0,0.0
2024-06-18 13:20:00-04:00,3.0,3.005000114440918,2.990000009536743,2.994999885559082,8389,0.0,0.0
2024-06-18 13:25:00-04:00,2.994999885559082,2.994999885559082,2.984299898147583,2.984999895095825,14429,0.0,0.0
2024-06-18 13:30:00-04:00,2.990000009536743,2.990000009536743,2.9700000286102295,2.9749999046325684,5832,0.0,0.0
2024-06-18 13:35:00-04:00,2.9749999046325684,2.9800000190734863,2.9649999141693115,2.9749999046325684,27386,0.0,0.0
2024-06-18 13:40:00-04:00,2.990000009536743,2.990000009536743,2.9600000381469727,2.984999895095825,28544,0.0,0.0
2024-06-18 13:45:00-04:00,2.984999895095825,2.990000009536743,2.9800000190734863,2.984999895095825,6576,0.0,0.0
2024-06-18 13:50:00-04:00,2.9800000190734863,2.9800000190734863,2.9700000286102295,2.9749999046325684,6686,0.0,0.0
2024-06-18 13:55:00-04:00,2.9749999046325684,2.9749999046325684,2.9600000381469727,2.9700000286102295,15305,0.0,0.0
2024-06-18 14:00:00-04:00,2.9600000381469727,2.9649999141693115,2.950000047683716,2.9549999237060547,9703,0.0,0.0
2024-06-18 14:05:00-04:00,2.9549999237060547,2.9549999237060547,2.9549999237060547,2.9549999237060547,3225,0.0,0.0
2024-06-18 14:10:00-04:00,2.9549999237060547,2.9600000381469727,2.950000047683716,2.9549999237060547,4735,0.0,0.0
2024-06-18 14:15:00-04:00,2.9549999237060547,2.9600000381469727,2.950000047683716,2.9600000381469727,11201,0.0,0.0
2024-06-18 14:20:00-04:00,2.950000047683716,2.9549999237060547,2.950000047683716,2.950000047683716,4213,0.0,0.0
2024-06-18 14:25:00-04:00,2.950000047683716,2.9549999237060547,2.940000057220459,2.950000047683716,17047,0.0,0.0
2024-06-18 14:30:00-04:00,2.950000047683716,2.950000047683716,2.950000047683716,2.950000047683716,3683,0.0,0.0
2024-06-18 14:35:00-04:00,2.950000047683716,2.9549999237060547,2.942500114440918,2.944999933242798,26215,0.0,0.0
2024-06-18 14:40:00-04:00,2.950000047683716,2.950000047683716,2.950000047683716,2.950000047683716,3966,0.0,0.0
2024-06-18 14:45:00-04:00,2.944999933242798,2.944999933242798,2.930999994277954,2.940000057220459,22356,0.0,0.0
2024-06-18 14:50:00-04:00,2.944999933242798,2.950000047683716,2.940000057220459,2.940000057220459,12091,0.0,0.0
2024-06-18 14:55:00-04:00,2.940000057220459,2.944999933242798,2.930000066757202,2.944999933242798,12289,0.0,0.0
2024-06-18 15:00:00-04:00,2.944999933242798,2.950000047683716,2.944999933242798,2.950000047683716,7449,0.0,0.0
2024-06-18 15:05:00-04:00,2.950000047683716,2.950000047683716,2.950000047683716,2.950000047683716,7691,0.0,0.0
2024-06-18 15:10:00-04:00,2.950000047683716,2.950000047683716,2.940000057220459,2.950000047683716,10870,0.0,0.0
2024-06-18 15:15:00-04:00,2.950000047683716,2.950000047683716,2.934999942779541,2.934999942779541,26690,0.0,0.0
2024-06-18 15:20:00-04:00,2.930000066757202,2.940000057220459,2.930000066757202,2.940000057220459,7697,0.0,0.0
2024-06-18 15:25:00-04:00,2.940000057220459,2.940000057220459,2.930000066757202,2.940000057220459,14228,0.0,0.0
2024-06-18 15:30:00-04:00,2.940000057220459,2.9600000381469727,2.9302000999450684,2.9600000381469727,65155,0.0,0.0
2024-06-18 15:35:00-04:00,2.9549999237060547,2.9549999237060547,2.950000047683716,2.9549999237060547,14231,0.0,0.0
2024-06-18 15:40:00-04:00,2.9549999237060547,2.9549999237060547,2.944999933242798,2.950000047683716,15543,0.0,0.0
2024-06-18 15:45:00-04:00,2.944999933242798,2.944999933242798,2.940000057220459,2.944999933242798,16643,0.0,0.0
2024-06-18 15:50:00-04:00,2.940000057220459,2.9600000381469727,2.9200000762939453,2.9600000381469727,125576,0.0,0.0
2024-06-18 15:55:00-04:00,2.950000047683716,2.9700000286102295,2.944999933242798,2.9649999141693115,121246,0.0,0.0
2024-06-20 09:30:00-04:00,2.950000047683716,2.950000047683716,2.9019999504089355,2.9019999504089355,10728,0.0,0.0
2024-06-20 09:35:00-04:00,2.9100000858306885,2.9200000762939453,2.9100000858306885,2.9100000858306885,2906,0.0,0.0
2024-06-20 09:40:00-04:00,2.9012999534606934,2.9100000858306885,2.9000000953674316,2.9049999713897705,8462,0.0,0.0
2024-06-20 09:45:00-04:00,2.9049999713897705,2.9049999713897705,2.8949999809265137,2.9000000953674316,11658,0.0,0.0
2024-06-20 09:50:00-04:00,2.9049999713897705,2.9049999713897705,2.880000114440918,2.880000114440918,8620,0.0,0.0
2024-06-20 09:55:00-04:00,2.880000114440918,2.9000000953674316,2.880000114440918,2.890000104904175,10608,0.0,0.0
2024-06-20 10:00:00-04:00,2.880000114440918,2.880000114440918,2.8601999282836914,2.865000009536743,6537,0.0,0.0
2024-06-20 10:05:00-04:00,2.869999885559082,2.875,2.865000009536743,2.865000009536743,6133,0.0,0.0
2024-06-20 10:10:00-04:00,2.865000009536743,2.865000009536743,2.8399999141693115,2.8450000286102295,7117,0.0,0.0
2024-06-20 10:15:00-04:00,2.8450000286102295,2.8450000286102295,2.8399999141693115,2.8450000286102295,4014,0.0,0.0
2024-06-20 10:20:00-04:00,2.8450000286102295,2.8450000286102295,2.8450000286102295,2.8450000286102295,9703,0.0,0.0
2024-06-20 10:25:00-04:00,2.8450000286102295,2.859999895095825,2.8399999141693115,2.8550000190734863,9715,0.0,0.0
2024-06-20 10:30:00-04:00,2.8550000190734863,2.875,2.8499999046325684,2.865000009536743,20619,0.0,0.0
2024-06-20 10:35:00-04:00,2.865000009536743,2.865000009536743,2.865000009536743,2.865000009536743,1354,0.0,0.0
2024-06-20 10:40:00-04:00,2.865000009536743,2.865000009536743,2.8559000492095947,2.8559000492095947,3882,0.0,0.0
2024-06-20 10:45:00-04:00,2.859999895095825,2.865000009536743,2.859999895095825,2.865000009536743,3197,0.0,0.0
2024-06-20 10:50:00-04:00,2.865000009536743,2.880000114440918,2.865000009536743,2.875,10420,0.0,0.0
2024-06-20 10:55:00-04:00,2.875,2.875,2.869999885559082,2.875,5714,0.0,0.0
2024-06-20 11:00:00-04:00,2.880000114440918,2.884999990463257,2.880000114440918,2.880000114440918,7829,0.0,0.0
2024-06-20 11:05:00-04:00,2.880000114440918,2.880000114440918,2.875,2.880000114440918,1601,0.0,0.0
2024-06-20 11:10:00-04:00,2.875,2.880000114440918,2.875,2.875,3746,0.0,0.0
2024-06-20 11:15:00-04:00,2.875,2.890000104904175,2.869999885559082,2.880000114440918,25825,0.0,0.0
2024-06-20 11:20:00-04:00,2.869999885559082,2.890000104904175,2.869999885559082,2.880000114440918,9027,0.0,0.0
2024-06-20 11:25:00-04:00,2.884999990463257,2.890000104904175,2.884999990463257,2.890000104904175,1526,0.0,0.0
2024-06-20 11:30:00-04:00,2.890000104904175,2.9049999713897705,2.884999990463257,2.890000104904175,28744,0.0,0.0
2024-06-20 11:35:00-04:00,2.884999990463257,2.890000104904175,2.884999990463257,2.890000104904175,2170,0.0,0.0
2024-06-20 11:40:00-04:00,2.882499933242798,2.884999990463257,2.880000114440918,2.884999990463257,19478,0.0,0.0
2024-06-20 11:45:00-04:00,2.880000114440918,2.884999990463257,2.875,2.875,5850,0.0,0.0
2024-06-20 11:50:00-04:00,2.875,2.875,2.865000009536743,2.869999885559082,11187,0.0,0.0
2024-06-20 11:55:00-04:00,2.869999885559082,2.875,2.859999895095825,2.865000009536743,13380,0.0,0.0
2024-06-20 12:00:00-04:00,2.859999895095825,2.859999895095825,2.8499999046325684,2.8499999046325684,5551,0.0,0.0
2024-06-20 12:05:00-04:00,2.8550000190734863,2.8550000190734863,2.8499999046325684,2.8499999046325684,4213,0.0,0.0
2024-06-20 12:10:00-04:00,2.859999895095825,2.859999895095825,2.8499999046325684,2.8499999046325684,4275,0.0,0.0
2024-06-20 12:15:00-04:00,2.8550000190734863,2.8550000190734863,2.8499999046325684,2.8499999046325684,7616,0.0,0.0
2024-06-20 12:20:00-04:00,2.8550000190734863,2.8550000190734863,2.8450000286102295,2.8499999046325684,22231,0.0,0.0
2024-06-20 12:25:00-04:00,2.8399999141693115,2.8450000286102295,2.8399999141693115,2.8450000286102295,4257,0.0,0.0
2024-06-20 12:30:00-04:00,2.8450000286102295,2.845900058746338,2.8350000381469727,2.8350000381469727,9135,0.0,0.0
2024-06-20 12:35:00-04:00,2.8299999237060547,2.8350000381469727,2.8299999237060547,2.8350000381469727,3040,0.0,0.0
2024-06-20 12:40:00-04:00,2.8350000381469727,2.8350000381469727,2.8350000381469727,2.8350000381469727,5482,0.0,0.0
2024-06-20 12:45:00-04:00,2.8299999237060547,2.8450000286102295,2.821000099182129,2.8450000286102295,73066,0.0,0.0
2024-06-20 12:50:00-04:00,2.8450000286102295,2.8499999046325684,2.8399999141693115,2.8450000286102295,8268,0.0,0.0
2024-06-20 12:55:00-04:00,2.8399999141693115,2.8450000286102295,2.8399999141693115,2.8450000286102295,847,0.0,0.0
2024-06-20 13:00:00-04:00,2.8450000286102295,2.8450000286102295,2.8299999237060547,2.8348000049591064,6735,0.0,0.0
2024-06-20 13:05:00-04:00,2.8350000381469727,2.8350000381469727,2.8350000381469727,2.8350000381469727,4048,0.0,0.0
2024-06-20 13:10:00-04:00,2.8350000381469727,2.8350000381469727,2.8299999237060547,2.8350000381469727,2393,0.0,0.0
2024-06-20 13:15:00-04:00,2.8350000381469727,2.8350000381469727,2.8299999237060547,2.8350000381469727,7119,0.0,0.0
2024-06-20 13:20:00-04:00,2.8350000381469727,2.8350000381469727,2.8350000381469727,2.8350000381469727,2060,0.0,0.0
2024-06-20 13:25:00-04:00,2.8299999237060547,2.8350000381469727,2.8299999237060547,2.8350000381469727,2968,0.0,0.0
2024-06-20 13:30:00-04:00,2.8350000381469727,2.8350000381469727,2.819999933242798,2.819999933242798,11982,0.0,0.0
2024-06-20 13:35:00-04:00,2.825000047683716,2.825000047683716,2.825000047683716,2.825000047683716,5812,0.0,0.0
2024-06-20 13:40:00-04:00,2.825000047683716,2.825000047683716,2.819999933242798,2.825000047683716,4407,0.0,0.0
2024-06-20 13:45:00-04:00,2.825000047683716,2.8299999237060547,2.825000047683716,2.825000047683716,5554,0.0,0.0
2024-06-20 13:50:00-04:00,2.825000047683716,2.8299999237060547,2.819999933242798,2.825000047683716,31487,0.0,0.0
2024-06-20 13:55:00-04:00,2.825000047683716,2.8299999237060547,2.819999933242798,2.819999933242798,10510,0.0,0.0
2024-06-20 14:00:00-04:00,2.828700065612793,2.8299999237060547,2.809999942779541,2.815000057220459,13281,0.0,0.0
2024-06-20 14:05:00-04:00,2.815000057220459,2.815000057220459,2.7899999618530273,2.7950000762939453,13365,0.0,0.0
2024-06-20 14:10:00-04:00,2.7950000762939453,2.7950000762939453,2.7799999713897705,2.7850000858306885,9920,0.0,0.0
2024-06-20 14:15:00-04:00,2.7850000858306885,2.7850000858306885,2.7750000953674316,2.7750000953674316,9192,0.0,0.0
2024-06-20 14:20:00-04:00,2.7750000953674316,2.7750000953674316,2.755000114440918,2.755000114440918,20844,0.0,0.0
2024-06-20 14:25:00-04:00,2.75,2.7799999713897705,2.744999885559082,2.7699999809265137,148219,0.0,0.0
2024-06-20 14:30:00-04:00,2.759999990463257,2.7699999809265137,2.759999990463257,2.765000104904175,6276,0.0,0.0
2024-06-20 14:35:00-04:00,2.765000104904175,2.7699999809265137,2.75,2.755000114440918,8672,0.0,0.0
2024-06-20 14:40:00-04:00,2.755000114440918,2.755000114440918,2.740000009536743,2.744999885559082,5466,0.0,0.0
2024-06-20 14:45:00-04:00,2.740000009536743,2.740000009536743,2.734999895095825,2.734999895095825,7216,0.0,0.0
2024-06-20 14:50:00-04:00,2.734999895095825,2.734999895095825,2.7300000190734863,2.734999895095825,5786,0.0,0.0
2024-06-20 14:55:00-04:00,2.734999895095825,2.740000009536743,2.7100000381469727,2.740000009536743,37931,0.0,0.0
2024-06-20 15:00:00-04:00,2.740000009536743,2.740000009536743,2.7300000190734863,2.734999895095825,9614,0.0,0.0
2024-06-20 15:05:00-04:00,2.734999895095825,2.734999895095825,2.7200000286102295,2.7200000286102295,5140,0.0,0.0
2024-06-20 15:10:00-04:00,2.7249999046325684,2.7249999046325684,2.7149999141693115,2.7200000286102295,12466,0.0,0.0
2024-06-20 15:15:00-04:00,2.7100000381469727,2.7149999141693115,2.700000047683716,2.7049999237060547,17955,0.0,0.0
2024-06-20 15:20:00-04:00,2.700000047683716,2.7249999046325684,2.700000047683716,2.7249999046325684,19105,0.0,0.0
2024-06-20 15:25:00-04:00,2.7249999046325684,2.7300000190734863,2.7200000286102295,2.7249999046325684,8372,0.0,0.0
2024-06-20 15:30:00-04:00,2.7249999046325684,2.7300000190734863,2.7100000381469727,2.7300000190734863,23157,0.0,0.0
2024-06-20 15:35:00-04:00,2.7300000190734863,2.7699999809265137,2.7149999141693115,2.7699999809265137,76409,0.0,0.0
2024-06-20 15:40:00-04:00,2.7699999809265137,2.7699999809265137,2.759999990463257,2.7699999809265137,13698,0.0,0.0
2024-06-20 15:45:00-04:00,2.7699999809265137,2.7699999809265137,2.75,2.759999990463257,27079,0.0,0.0
2024-06-20 15:50:00-04:00,2.755000114440918,2.7750000953674316,2.739000082015991,2.755000114440918,115073,0.0,0.0
2024-06-20 15:55:00-04:00,2.755000114440918,2.759999990463257,2.740000009536743,2.75,74453,0.0,0.0
2024-06-21 09:30:00-04:00,2.7899999618530273,2.819999933242798,2.759999990463257,2.7799999713897705,174485,0.0,0.0
2024-06-21 09:35:00-04:00,2.7799999713897705,2.7799999713897705,2.75,2.7799999713897705,2297,0.0,0.0
2024-06-21 09:40:00-04:00,2.7799999713897705,2.8299999237060547,2.779900074005127,2.8299999237060547,21151,0.0,0.0
2024-06-21 09:45:00-04:00,2.819999933242798,2.819999933242798,2.7890000343322754,2.815500020980835,63448,0.0,0.0
2024-06-21 09:50:00-04:00,2.819999933242798,2.819999933242798,2.809999942779541,2.815000057220459,8493,0.0,0.0
2024-06-21 09:55:00-04:00,2.815000057220459,2.819999933242798,2.815000057220459,2.815000057220459,4124,0.0,0.0
2024-06-21 10:00:00-04:00,2.819999933242798,2.819999933242798,2.805000066757202,2.819999933242798,18701,0.0,0.0
2024-06-21 10:05:00-04:00,2.815000057220459,2.819999933242798,2.809999942779541,2.809999942779541,9236,0.0,0.0
2024-06-21 10:10:00-04:00,2.815000057220459,2.819999933242798,2.815000057220459,2.819999933242798,2845,0.0,0.0
2024-06-21 10:15:00-04:00,2.819999933242798,2.819999933242798,2.815000057220459,2.819999933242798,3920,0.0,0.0
2024-06-21 10:20:00-04:00,2.815000057220459,2.8399999141693115,2.809999942779541,2.8399999141693115,16543,0.0,0.0
2024-06-21 10:25:00-04:00,2.8399999141693115,2.890000104904175,2.8399999141693115,2.890000104904175,15620,0.0,0.0
2024-06-21 10:30:00-04:00,2.890000104904175,2.9200000762939453,2.880199909210205,2.884000062942505,21229,0.0,0.0
2024-06-21 10:35:00-04:00,2.884999990463257,2.8949999809265137,2.875,2.884999990463257,13802,0.0,0.0
2024-06-21 10:40:00-04:00,2.880000114440918,2.890000104904175,2.875,2.880000114440918,10459,0.0,0.0
2024-06-21 10:45:00-04:00,2.880000114440918,2.884999990463257,2.859999895095825,2.880000114440918,14273,0.0,0.0
2024-06-21 10:50:00-04:00,2.880000114440918,2.890000104904175,2.8710999488830566,2.890000104904175,14015,0.0,0.0
2024-06-21 10:55:00-04:00,2.884999990463257,2.884999990463257,2.875,2.884999990463257,10537,0.0,0.0
2024-06-21 11:00:00-04:00,2.884999990463257,2.884999990463257,2.871000051498413,2.871000051498413,5431,0.0,0.0
2024-06-21 11:05:00-04:00,2.880000114440918,2.880000114440918,2.865000009536743,2.875,14114,0.0,0.0
2024-06-21 11:10:00-04:00,2.875,2.880000114440918,2.875,2.875,4245,0.0,0.0
2024-06-21 11:15:00-04:00,2.875,2.875,2.865000009536743,2.875,9158,0.0,0.0
2024-06-21 11:20:00-04:00,2.875,2.875,2.865000009536743,2.869999885559082,6135,0.0,0.0
2024-06-21 11:25:00-04:00,2.869999885559082,2.869999885559082,2.865000009536743,2.869999885559082,3845,0.0,0.0
2024-06-21 11:30:00-04:00,2.869999885559082,2.869999885559082,2.8450000286102295,2.8450000286102295,12399,0.0,0.0
2024-06-21 11:35:00-04:00,2.8450000286102295,2.8450000286102295,2.825000047683716,2.825000047683716,13115,0.0,0.0
2024-06-21 11:40:00-04:00,2.8299999237060547,2.8299999237060547,2.825000047683716,2.8299999237060547,2900,0.0,0.0
2024-06-21 11:45:00-04:00,2.8299999237060547,2.8299999237060547,2.825000047683716,2.825000047683716,6955,0.0,0.0
2024-06-21 11:50:00-04:00,2.8299999237060547,2.8499999046325684,2.8299999237060547,2.8499999046325684,13095,0.0,0.0
2024-06-21 11:55:00-04:00,2.8450000286102295,2.8499999046325684,2.8450000286102295,2.8499999046325684,3314,0.0,0.0
2024-06-21 12:00:00-04:00,2.8499999046325684,2.859999895095825,2.8450000286102295,2.859999895095825,11535,0.0,0.0
2024-06-21 12:05:00-04:00,2.859999895095825,2.859999895095825,2.8550000190734863,2.859999895095825,4123,0.0,0.0
2024-06-21 12:10:00-04:00,2.859999895095825,2.869999885559082,2.859999895095825,2.869999885559082,8250,0.0,0.0
2024-06-21 12:15:00-04:00,2.869999885559082,2.875,2.864000082015991,2.869999885559082,8816,0.0,0.0
2024-06-21 12:20:00-04:00,2.869999885559082,2.880000114440918,2.869999885559082,2.880000114440918,6291,0.0,0.0
2024-06-21 12:25:00-04:00,2.880000114440918,2.880000114440918,2.859999895095825,2.865000009536743,12227,0.0,0.0
2024-06-21 12:30:00-04:00,2.859999895095825,2.859999895095825,2.8499999046325684,2.8499999046325684,12080,0.0,0.0
2024-06-21 12:35:00-04:00,2.8499999046325684,2.8499999046325684,2.8450000286102295,2.8499999046325684,9255,0.0,0.0
2024-06-21 12:40:00-04:00,2.8550000190734863,2.859999895095825,2.8550000190734863,2.859999895095825,3663,0.0,0.0
2024-06-21 12:45:00-04:00,2.859999895095825,2.859999895095825,2.8550000190734863,2.859999895095825,2847,0.0,0.0
2024-06-21 12:50:00-04:00,2.859999895095825,2.865000009536743,2.8550000190734863,2.8550000190734863,10337,0.0,0.0
2024-06-21 12:55:00-04:00,2.8550000190734863,2.859999895095825,2.8550000190734863,2.8550000190734863,2939,0.0,0.0
2024-06-21 13:00:00-04:00,2.8550000190734863,2.8550000190734863,2.8550000190734863,2.8550000190734863,1227,0.0,0.0
2024-06-21 13:05:00-04:00,2.8550000190734863,2.859999895095825,2.8550000190734863,2.859999895095825,8045,0.0,0.0
2024-06-21 13:10:00-04:00,2.859999895095825,2.869999885559082,2.859999895095825,2.869999885559082,4886,0.0,0.0
2024-06-21 13:15:00-04:00,2.865000009536743,2.869999885559082,2.8550000190734863,2.8550000190734863,15908,0.0,0.0
2024-06-21 13:20:00-04:00,2.859999895095825,2.859999895095825,2.8550000190734863,2.859999895095825,2439,0.0,0.0
2024-06-21 13:25:00-04:00,2.859999895095825,2.859999895095825,2.8550000190734863,2.8550000190734863,7722,0.0,0.0
2024-06-21 13:30:00-04:00,2.8499999046325684,2.859999895095825,2.825000047683716,2.8450000286102295,23987,0.0,0.0
2024-06-21 13:35:00-04:00,2.8450000286102295,2.869999885559082,2.8450000286102295,2.869999885559082,35959,0.0,0.0
2024-06-21 13:40:00-04:00,2.869999885559082,2.884999990463257,2.869999885559082,2.880000114440918,11078,0.0,0.0
2024-06-21 13:45:00-04:00,2.880000114440918,2.884999990463257,2.880000114440918,2.880000114440918,8544,0.0,0.0
2024-06-21 13:50:00-04:00,2.880000114440918,2.890000104904175,2.875,2.890000104904175,6231,0.0,0.0
2024-06-21 13:55:00-04:00,2.884999990463257,2.890000104904175,2.884000062942505,2.884999990463257,5940,0.0,0.0
2024-06-21 14:00:00-04:00,2.884999990463257,2.9100000858306885,2.880000114440918,2.8949999809265137,33424,0.0,0.0
2024-06-21 14:05:00-04:00,2.8949999809265137,2.8949999809265137,2.890000104904175,2.8949999809265137,4233,0.0,0.0
2024-06-21 14:10:00-04:00,2.8901000022888184,2.8949999809265137,2.880000114440918,2.884999990463257,11473,0.0,0.0
2024-06-21 14:15:00-04:00,2.884999990463257,2.9000000953674316,2.884999990463257,2.9000000953674316,13882,0.0,0.0
2024-06-21 14:20:00-04:00,2.9000000953674316,2.9100000858306885,2.8949999809265137,2.8949999809265137,11438,0.0,0.0
2024-06-21 14:25:00-04:00,2.9000000953674316,2.9100000858306885,2.9000000953674316,2.9100000858306885,5909,0.0,0.0
2024-06-21 14:30:00-04:00,2.9049999713897705,2.9100000858306885,2.890000104904175,2.9049999713897705,18296,0.0,0.0
2024-06-21 14:35:00-04:00,2.9000000953674316,2.9100000858306885,2.884999990463257,2.8949999809265137,22887,0.0,0.0
2024-06-21 14:40:00-04:00,2.8949999809265137,2.9000000953674316,2.8949999809265137,2.9000000953674316,7389,0.0,0.0
2024-06-21 14:45:00-04:00,2.9000000953674316,2.9000000953674316,2.890000104904175,2.8949999809265137,7896,0.0,0.0
2024-06-21 14:50:00-04:00,2.8949999809265137,2.9000000953674316,2.890000104904175,2.8949999809265137,8731,0.0,0.0
2024-06-21 14:55:00-04:00,2.8949999809265137,2.9000000953674316,2.8949999809265137,2.9000000953674316,10697,0.0,0.0
2024-06-21 15:00:00-04:00,2.9000000953674316,2.9000000953674316,2.8949999809265137,2.9000000953674316,7677,0.0,0.0
2024-06-21 15:05:00-04:00,2.8949999809265137,2.9000000953674316,2.8949999809265137,2.8949999809265137,6980,0.0,0.0
2024-06-21 15:10:00-04:00,2.9000000953674316,2.9000000953674316,2.890000104904175,2.8949999809265137,10243,0.0,0.0
2024-06-21 15:15:00-04:00,2.8949999809265137,2.924999952316284,2.884999990463257,2.924999952316284,50845,0.0,0.0
2024-06-21 15:20:00-04:00,2.924999952316284,2.930000066757202,2.9200000762939453,2.924999952316284,9444,0.0,0.0
2024-06-21 15:25:00-04:00,2.924999952316284,2.934999942779541,2.924999952316284,2.934999942779541,20141,0.0,0.0
2024-06-21 15:30:00-04:00,2.934999942779541,2.934999942779541,2.924999952316284,2.930000066757202,14132,0.0,0.0
2024-06-21 15:35:00-04:00,2.930000066757202,2.930000066757202,2.9200000762939453,2.924999952316284,14896,0.0,0.0
2024-06-21 15:40:00-04:00,2.924999952316284,2.934999942779541,2.9210000038146973,2.924999952316284,40745,0.0,0.0
2024-06-21 15:45:00-04:00,2.924999952316284,2.930000066757202,2.9149999618530273,2.924999952316284,39499,0.0,0.0
2024-06-21 15:50:00-04:00,2.9200000762939453,2.924999952316284,2.8949999809265137,2.9100000858306885,93253,0.0,0.0
2024-06-21 15:55:00-04:00,2.9149999618530273,2.9149999618530273,2.890000104904175,2.9149999618530273,122025,0.0,0.0
2024-06-24 09:30:00-04:00,2.880000114440918,2.9000000953674316,2.809999942779541,2.884999990463257,14378,0.0,0.0
2024-06-24 09:35:00-04:00,2.890000104904175,2.9000000953674316,2.869999885559082,2.869999885559082,4830,0.0,0.0
2024-06-24 09:40:00-04:00,2.869999885559082,2.880000114440918,2.865000009536743,2.880000114440918,6369,0.0,0.0
2024-06-24 09:45:00-04:00,2.880000114440918,2.9200000762939453,2.880000114440918,2.9200000762939453,17615,0.0,0.0
2024-06-24 09:50:00-04:00,2.930000066757202,2.9600000381469727,2.930000066757202,2.934999942779541,13854,0.0,0.0
2024-06-24 09:55:00-04:00,2.934999942779541,2.940000057220459,2.9200000762939453,2.924999952316284,4588,0.0,0.0
2024-06-24 10:00:00-04:00,2.924999952316284,2.924999952316284,2.9000000953674316,2.9000000953674316,2354,0.0,0.0
2024-06-24 10:05:00-04:00,2.9000000953674316,2.9059998989105225,2.9000000953674316,2.9049999713897705,3646,0.0,0.0
2024-06-24 10:10:00-04:00,2.9000000953674316,2.9100000858306885,2.8949999809265137,2.9049999713897705,4353,0.0,0.0
2024-06-24 10:15:00-04:00,2.9049999713897705,2.9049999713897705,2.9000000953674316,2.9000000953674316,943,0.0,0.0
2024-06-24 10:20:00-04:00,2.9049999713897705,2.9100000858306885,2.890000104904175,2.9000000953674316,19465,0.0,0.0
2024-06-24 10:25:00-04:00,2.8949999809265137,2.9149999618530273,2.884999990463257,2.9000000953674316,19834,0.0,0.0
2024-06-24 10:30:00-04:00,2.8959999084472656,2.9100000858306885,2.8949999809265137,2.9049999713897705,3855,0.0,0.0
2024-06-24 10:35:00-04:00,2.9100000858306885,2.9200000762939453,2.9049999713897705,2.9200000762939453,3178,0.0,0.0
2024-06-24 10:40:00-04:00,2.9200000762939453,2.9200000762939453,2.9049999713897705,2.9100000858306885,6082,0.0,0.0
2024-06-24 10:45:00-04:00,2.9049999713897705,2.9100000858306885,2.9049999713897705,2.9100000858306885,2409,0.0,0.0
2024-06-24 10:50:00-04:00,2.9049999713897705,2.9100000858306885,2.8949999809265137,2.9100000858306885,9617,0.0,0.0
2024-06-24 10:55:00-04:00,2.9149999618530273,2.9200000762939453,2.9100000858306885,2.9200000762939453,2059,0.0,0.0
2024-06-24 11:00:00-04:00,2.9200000762939453,2.9200000762939453,2.9149999618530273,2.9149999618530273,1076,0.0,0.0
2024-06-24 11:05:00-04:00,2.9149999618530273,2.9149999618530273,2.9049999713897705,2.9100000858306885,4383,0.0,0.0
2024-06-24 11:10:00-04:00,2.9100000858306885,2.9100000858306885,2.9049999713897705,2.9049999713897705,4682,0.0,0.0
2024-06-24 11:15:00-04:00,2.9049999713897705,2.9049999713897705,2.9000000953674316,2.9049999713897705,2347,0.0,0.0
2024-06-24 11:20:00-04:00,2.9049999713897705,2.9049999713897705,2.9000000953674316,2.9049999713897705,2663,0.0,0.0
2024-06-24 11:25:00-04:00,2.9049999713897705,2.9100000858306885,2.9049999713897705,2.9049999713897705,1887,0.0,0.0
2024-06-24 11:30:00-04:00,2.9100000858306885,2.9100000858306885,2.9049999713897705,2.9049999713897705,802,0.0,0.0
2024-06-24 11:35:00-04:00,2.9049999713897705,2.9200000762939453,2.9049999713897705,2.9149999618530273,10795,0.0,0.0
2024-06-24 11:40:00-04:00,2.9149999618530273,2.9200000762939453,2.9149999618530273,2.9149999618530273,2760,0.0,0.0
2024-06-24 11:45:00-04:00,2.9149999618530273,2.9200000762939453,2.9000000953674316,2.9000000953674316,8778,0.0,0.0
2024-06-24 11:50:00-04:00,2.9049999713897705,2.9049999713897705,2.9049999713897705,2.9049999713897705,1488,0.0,0.0
2024-06-24 11:55:00-04:00,2.9049999713897705,2.9200000762939453,2.9000000953674316,2.9200000762939453,31322,0.0,0.0
2024-06-24 12:00:00-04:00,2.9200000762939453,2.9200000762939453,2.9149999618530273,2.9200000762939453,3727,0.0,0.0
2024-06-24 12:05:00-04:00,2.9149999618530273,2.9200000762939453,2.9149999618530273,2.9149999618530273,5168,0.0,0.0
2024-06-24 12:10:00-04:00,2.9200000762939453,2.9200000762939453,2.9149999618530273,2.9149999618530273,3384,0.0,0.0
2024-06-24 12:15:00-04:00,2.9200000762939453,2.9200000762939453,2.9149999618530273,2.9149999618530273,2169,0.0,0.0
2024-06-24 12:20:00-04:00,2.9149999618530273,2.9149999618530273,2.9149999618530273,2.9149999618530273,359,0.0,0.0
2024-06-24 12:25:00-04:00,2.9149999618530273,2.9200000762939453,2.9100000858306885,2.9149999618530273,14827,0.0,0.0
2024-06-24 12:30:00-04:00,2.9200000762939453,2.9200000762939453,2.9149999618530273,2.9149999618530273,2477,0.0,0.0
2024-06-24 12:35:00-04:00,2.9200000762939453,2.924999952316284,2.9200000762939453,2.924999952316284,11974,0.0,0.0
2024-06-24 12:40:00-04:00,2.9249000549316406,2.924999952316284,2.9249000549316406,2.924999952316284,3728,0.0,0.0
2024-06-24 12:45:00-04:00,2.924999952316284,2.930000066757202,2.924999952316284,2.924999952316284,4858,0.0,0.0
2024-06-24 12:50:00-04:00,2.924999952316284,2.924999952316284,2.9149999618530273,2.9149999618530273,5597,0.0,0.0
2024-06-24 12:55:00-04:00,2.9149999618530273,2.9200000762939453,2.9149999618530273,2.9149999618530273,10644,0.0,0.0
2024-06-24 13:00:00-04:00,2.9149999618530273,2.9149999618530273,2.9000000953674316,2.9000000953674316,6797,0.0,0.0
2024-06-24 13:05:00-04:00,2.9049999713897705,2.9049999713897705,2.8949999809265137,2.8949999809265137,4771,0.0,0.0
2024-06-24 13:10:00-04:00,2.890000104904175,2.8949999809265137,2.869999885559082,2.869999885559082,22078,0.0,0.0
2024-06-24 13:15:00-04:00,2.875,2.880000114440918,2.865000009536743,2.865000009536743,5290,0.0,0.0
2024-06-24 13:20:00-04:00,2.865000009536743,2.869999885559082,2.8550000190734863,2.865000009536743,11964,0.0,0.0
2024-06-24 13:25:00-04:00,2.865000009536743,2.875,2.863100051879883,2.865000009536743,42471,0.0,0.0
2024-06-24 13:30:00-04:00,2.869999885559082,2.880000114440918,2.865000009536743,2.865000009536743,12573,0.0,0.0
2024-06-24 13:35:00-04:00,2.865000009536743,2.865000009536743,2.865000009536743,2.865000009536743,490,0.0,0.0
2024-06-24 13:40:00-04:00,2.865000009536743,2.865000009536743,2.865000009536743,2.865000009536743,3085,0.0,0.0
2024-06-24 13:45:00-04:00,2.865000009536743,2.8657000064849854,2.865000009536743,2.865000009536743,3658,0.0,0.0
2024-06-24 13:50:00-04:00,2.865000009536743,2.865000009536743,2.8550000190734863,2.8550000190734863,8643,0.0,0.0
2024-06-24 13:55:00-04:00,2.8550000190734863,2.865000009536743,2.8499999046325684,2.865000009536743,5081,0.0,0.0
2024-06-24 14:00:00-04:00,2.865000009536743,2.869999885559082,2.865000009536743,2.865000009536743,2067,0.0,0.0
2024-06-24 14:05:00-04:00,2.869999885559082,2.869999885559082,2.865000009536743,2.865000009536743,1445,0.0,0.0
2024-06-24 14:10:00-04:00,2.869999885559082,2.9000000953674316,2.869999885559082,2.9000000953674316,28359,0.0,0.0
2024-06-24 14:15:00-04:00,2.8949999809265137,2.9000000953674316,2.8949999809265137,2.9000000953674316,3783,0.0,0.0
2024-06-24 14:20:00-04:00,2.9000000953674316,2.9100000858306885,2.8949999809265137,2.8949999809265137,18085,0.0,0.0
2024-06-24 14:25:00-04:00,2.9000000953674316,2.9049999713897705,2.9000000953674316,2.9000000953674316,11798,0.0,0.0
2024-06-24 14:30:00-04:00,2.8949999809265137,2.8949999809265137,2.8949999809265137,2.8949999809265137,1376,0.0,0.0
2024-06-24 14:35:00-04:00,2.9000000953674316,2.9000000953674316,2.8949999809265137,2.9000000953674316,3160,0.0,0.0
2024-06-24 14:40:00-04:00,2.8949999809265137,2.9000000953674316,2.8949999809265137,2.8949999809265137,3519,0.0,0.0
2024-06-24 14:45:00-04:00,2.9000000953674316,2.9100000858306885,2.9000000953674316,2.9049999713897705,3243,0.0,0.0
2024-06-24 14:50:00-04:00,2.9049999713897705,2.9200000762939453,2.9049999713897705,2.9149999618530273,12561,0.0,0.0
2024-06-24 14:55:00-04:00,2.9149999618530273,2.9149999618530273,2.9100000858306885,2.9149999618530273,3671,0.0,0.0
2024-06-24 15:00:00-04:00,2.9149999618530273,2.9149999618530273,2.9149999618530273,2.9149999618530273,1913,0.0,0.0
2024-06-24 15:05:00-04:00,2.9149999618530273,2.9149999618530273,2.9100000858306885,2.910099983215332,2353,0.0,0.0
2024-06-24 15:10:00-04:00,2.9149999618530273,2.9200000762939453,2.9100000858306885,2.9100000858306885,8434,0.0,0.0
2024-06-24 15:15:00-04:00,2.9049999713897705,2.9049999713897705,2.9049999713897705,2.9049999713897705,1411,0.0,0.0
2024-06-24 15:20:00-04:00,2.9049999713897705,2.9049999713897705,2.9000000953674316,2.9049999713897705,3578,0.0,0.0
2024-06-24 15:25:00-04:00,2.9049999713897705,2.9100000858306885,2.9000000953674316,2.9049999713897705,3151,0.0,0.0
2024-06-24 15:30:00-04:00,2.9049999713897705,2.9049999713897705,2.9000000953674316,2.9049999713897705,2988,0.0,0.0
2024-06-24 15:35:00-04:00,2.9049999713897705,2.9049999713897705,2.890000104904175,2.8949999809265137,11529,0.0,0.0
2024-06-24 15:40:00-04:00,2.9000000953674316,2.9000000953674316,2.8949999809265137,2.8949999809265137,3308,0.0,0.0
2024-06-24 15:45:00-04:00,2.9000000953674316,2.9000000953674316,2.8949999809265137,2.8949999809265137,4152,0.0,0.0
2024-06-24 15:50:00-04:00,2.890000104904175,2.890000104904175,2.865000009536743,2.865000009536743,28734,0.0,0.0
2024-06-24 15:55:00-04:00,2.865000009536743,2.890000104904175,2.859999895095825,2.890000104904175,39351,0.0,0.0
2024-06-25 09:30:00-04:00,3.0799999237060547,3.0799999237060547,2.9800000190734863,2.9800000190734863,74122,0.0,0.0
2024-06-25 09:35:00-04:00,2.9700000286102295,2.990000009536743,2.950000047683716,2.9800000190734863,15491,0.0,0.0
2024-06-25 09:40:00-04:00,2.990000009536743,3.0,2.984999895095825,2.990000009536743,5287,0.0,0.0
2024-06-25 09:45:00-04:00,2.994999885559082,3.0350000858306885,2.994999885559082,3.0299999713897705,15604,0.0,0.0
2024-06-25 09:50:00-04:00,3.0299999713897705,3.049999952316284,3.0299999713897705,3.0350000858306885,13403,0.0,0.0
2024-06-25 09:55:00-04:00,3.0350000858306885,3.0350000858306885,3.0350000858306885,3.0350000858306885,1538,0.0,0.0
2024-06-25 10:00:00-04:00,3.0350000858306885,3.0488998889923096,3.0350000858306885,3.0488998889923096,6639,0.0,0.0
2024-06-25 10:05:00-04:00,3.0450000762939453,3.059999942779541,3.0399999618530273,3.059999942779541,3472,0.0,0.0
2024-06-25 10:10:00-04:00,3.055000066757202,3.065000057220459,3.05049991607666,3.055000066757202,13775,0.0,0.0
2024-06-25 10:15:00-04:00,3.059999942779541,3.125,3.059999942779541,3.125,65891,0.0,0.0
2024-06-25 10:20:00-04:00,3.125,3.1449999809265137,3.119999885559082,3.119999885559082,26015,0.0,0.0
2024-06-25 10:25:00-04:00,3.115000009536743,3.119999885559082,3.1050000190734863,3.1191999912261963,4846,0.0,0.0
2024-06-25 10:30:00-04:00,3.119999885559082,3.130000114440918,3.115000009536743,3.125,12044,0.0,0.0
2024-06-25 10:35:00-04:00,3.125,3.125,3.0910000801086426,3.1050000190734863,12003,0.0,0.0
2024-06-25 10:40:00-04:00,3.0999999046325684,3.1050000190734863,3.092600107192993,3.0950000286102295,15474,0.0,0.0
2024-06-25 10:45:00-04:00,3.0899999141693115,3.0899999141693115,3.0850000381469727,3.0850000381469727,3122,0.0,0.0
2024-06-25 10:50:00-04:00,3.0899999141693115,3.0950000286102295,3.0799999237060547,3.0899999141693115,14437,0.0,0.0
2024-06-25 10:55:00-04:00,3.0999999046325684,3.109999895095825,3.0950000286102295,3.0950000286102295,14642,0.0,0.0
2024-06-25 11:00:00-04:00,3.0950000286102295,3.0950000286102295,3.069999933242798,3.0850000381469727,38097,0.0,0.0
2024-06-25 11:05:00-04:00,3.069999933242798,3.069999933242798,3.049999952316284,3.055000066757202,9380,0.0,0.0
2024-06-25 11:10:00-04:00,3.055000066757202,3.059999942779541,3.049999952316284,3.049999952316284,6225,0.0,0.0
2024-06-25 11:15:00-04:00,3.049999952316284,3.049999952316284,3.0399999618530273,3.0450000762939453,5800,0.0,0.0
2024-06-25 11:20:00-04:00,3.0450000762939453,3.0450000762939453,3.0399999618530273,3.0399999618530273,1227,0.0,0.0
2024-06-25 11:25:00-04:00,3.0399999618530273,3.0399999618530273,3.0350000858306885,3.0350000858306885,2129,0.0,0.0
2024-06-25 11:30:00-04:00,3.0299999713897705,3.0350000858306885,3.0299999713897705,3.0350000858306885,3016,0.0,0.0
2024-06-25 11:35:00-04:00,3.0350000858306885,3.0399999618530273,3.0250000953674316,3.0250000953674316,11613,0.0,0.0
2024-06-25 11:40:00-04:00,3.0260000228881836,3.0299999713897705,3.0260000228881836,3.0299999713897705,2890,0.0,0.0
2024-06-25 11:45:00-04:00,3.0199999809265137,3.0250000953674316,3.0199999809265137,3.0250000953674316,5555,0.0,0.0
2024-06-25 11:50:00-04:00,3.0250000953674316,3.0250000953674316,3.0250000953674316,3.0250000953674316,318,0.0,0.0
2024-06-25 11:55:00-04:00,3.0250000953674316,3.0250000953674316,3.0199999809265137,3.0199999809265137,4193,0.0,0.0
2024-06-25 12:00:00-04:00,3.0199999809265137,3.0199999809265137,3.009999990463257,3.009999990463257,6218,0.0,0.0
2024-06-25 12:05:00-04:00,3.015000104904175,3.0299999713897705,3.010200023651123,3.0250000953674316,12845,0.0,0.0
2024-06-25 12:10:00-04:00,3.0250000953674316,3.0250000953674316,3.0250000953674316,3.0250000953674316,391,0.0,0.0
2024-06-25 12:15:00-04:00,3.0199999809265137,3.0250000953674316,3.0199999809265137,3.0199999809265137,1840,0.0,0.0
2024-06-25 12:20:00-04:00,3.0199999809265137,3.0199999809265137,3.015000104904175,3.015000104904175,2417,0.0,0.0
2024-06-25 12:25:00-04:00,3.015000104904175,3.015000104904175,3.015000104904175,3.015000104904175,546,0.0,0.0
2024-06-25 12:30:00-04:00,3.009999990463257,3.0299999713897705,3.009999990463257,3.0299999713897705,10069,0.0,0.0
2024-06-25 12:40:00-04:00,3.0250000953674316,3.0250000953674316,3.0250000953674316,3.0250000953674316,369,0.0,0.0
2024-06-25 12:45:00-04:00,3.0250000953674316,3.0299999713897705,3.0199999809265137,3.0299999713897705,1597,0.0,0.0
2024-06-25 12:50:00-04:00,3.0250000953674316,3.0399999618530273,3.0250000953674316,3.0399999618530273,6044,0.0,0.0
2024-06-25 12:55:00-04:00,3.0350000858306885,3.0350000858306885,3.0350000858306885,3.0350000858306885,218,0.0,0.0
2024-06-25 13:00:00-04:00,3.0350000858306885,3.055000066757202,3.0299999713897705,3.055000066757202,9754,0.0,0.0
2024-06-25 13:05:00-04:00,3.055000066757202,3.055000066757202,3.055000066757202,3.055000066757202,652,0.0,0.0
2024-06-25 13:15:00-04:00,3.059999942779541,3.059999942779541,3.055000066757202,3.059999942779541,8558,0.0,0.0
2024-06-25 13:25:00-04:00,3.055000066757202,3.069999933242798,3.055000066757202,3.065000057220459,5102,0.0,0.0
2024-06-25 13:30:00-04:00,3.059999942779541,3.069999933242798,3.059999942779541,3.069999933242798,936,0.0,0.0
2024-06-25 13:35:00-04:00,3.069999933242798,3.0899999141693115,3.069999933242798,3.0799999237060547,16709,0.0,0.0
2024-06-25 13:45:00-04:00,3.069999933242798,3.0899999141693115,3.049999952316284,3.059999942779541,51406,0.0,0.0
2024-06-25 13:50:00-04:00,3.059999942779541,3.069999933242798,3.059999942779541,3.0601000785827637,6107,0.0,0.0
2024-06-25 13:55:00-04:00,3.059999942779541,3.069999933242798,3.059999942779541,3.069999933242798,14209,0.0,0.0
2024-06-25 14:00:00-04:00,3.069999933242798,3.069999933242798,3.065000057220459,3.065000057220459,570,0.0,0.0
2024-06-25 14:05:00-04:00,3.065000057220459,3.069999933242798,3.059999942779541,3.069999933242798,10357,0.0,0.0
2024-06-25 14:10:00-04:00,3.059999942779541,3.069999933242798,3.055000066757202,3.069999933242798,33314,0.0,0.0
2024-06-25 14:20:00-04:00,3.069999933242798,3.069999933242798,3.069999933242798,3.069999933242798,450,0.0,0.0
2024-06-25 14:25:00-04:00,3.065000057220459,3.069999933242798,3.065000057220459,3.065000057220459,1453,0.0,0.0
2024-06-25 14:30:00-04:00,3.0699000358581543,3.069999933242798,3.059999942779541,3.069999933242798,6805,0.0,0.0
2024-06-25 14:35:00-04:00,3.059999942779541,3.069999933242798,3.055000066757202,3.069999933242798,8687,0.0,0.0
2024-06-25 14:40:00-04:00,3.059999942779541,3.069999933242798,3.059999942779541,3.069999933242798,4944,0.0,0.0
2024-06-25 14:45:00-04:00,3.059999942779541,3.069999933242798,3.059999942779541,3.059999942779541,3053,0.0,0.0
2024-06-25 14:50:00-04:00,3.069999933242798,3.069999933242798,3.059999942779541,3.069999933242798,13036,0.0,0.0
2024-06-25 14:55:00-04:00,3.065000057220459,3.069999933242798,3.059999942779541,3.059999942779541,1659,0.0,0.0
2024-06-25 15:00:00-04:00,3.059999942779541,3.069999933242798,3.059999942779541,3.069999933242798,3132,0.0,0.0
2024-06-25 15:05:00-04:00,3.059999942779541,3.069999933242798,3.059999942779541,3.069999933242798,6408,0.0,0.0
2024-06-25 15:10:00-04:00,3.059999942779541,3.069999933242798,3.059999942779541,3.065000057220459,3564,0.0,0.0
2024-06-25 15:15:00-04:00,3.069999933242798,3.0899999141693115,3.069999933242798,3.0899999141693115,36656,0.0,0.0
2024-06-25 15:20:00-04:00,3.0850000381469727,3.0899999141693115,3.0799999237060547,3.0799999237060547,13815,0.0,0.0
2024-06-25 15:25:00-04:00,3.075000047683716,3.0799999237060547,3.075000047683716,3.0799999237060547,6083,0.0,0.0
2024-06-25 15:30:00-04:00,3.075000047683716,3.0799999237060547,3.069999933242798,3.075000047683716,15316,0.0,0.0
2024-06-25 15:35:00-04:00,3.075000047683716,3.0799999237060547,3.069999933242798,3.075000047683716,3749,0.0,0.0
2024-06-25 15:40:00-04:00,3.069999933242798,3.0799999237060547,3.059999942779541,3.059999942779541,13125,0.0,0.0
2024-06-25 15:45:00-04:00,3.0620999336242676,3.0799999237060547,3.059999942779541,3.075000047683716,22204,0.0,0.0
2024-06-25 15:50:00-04:00,3.069999933242798,3.075000047683716,3.049999952316284,3.055000066757202,29750,0.0,0.0
2024-06-25 15:55:00-04:00,3.055000066757202,3.069999933242798,3.0399999618530273,3.059999942779541,69913,0.0,0.0
2024-06-26 09:30:00-04:00,3.0199999809265137,3.0899999141693115,3.0199999809265137,3.0799999237060547,18207,0.0,0.0
2024-06-26 09:35:00-04:00,3.0899999141693115,3.139899969100952,3.0899999141693115,3.109999895095825,14452,0.0,0.0
2024-06-26 09:40:00-04:00,3.119999885559082,3.1700000762939453,3.115000009536743,3.1700000762939453,95582,0.0,0.0
2024-06-26 09:45:00-04:00,3.1700000762939453,3.180000066757202,3.1700000762939453,3.1700000762939453,17301,0.0,0.0
2024-06-26 09:50:00-04:00,3.1700000762939453,3.1895999908447266,3.1700000762939453,3.1895999908447266,20553,0.0,0.0
2024-06-26 09:55:00-04:00,3.180000066757202,3.184999942779541,3.1649999618530273,3.1649999618530273,8501,0.0,0.0
2024-06-26 10:00:00-04:00,3.1649999618530273,3.174999952316284,3.1649999618530273,3.1649999618530273,10366,0.0,0.0
2024-06-26 10:05:00-04:00,3.1649999618530273,3.1649999618530273,3.1500000953674316,3.1500000953674316,2765,0.0,0.0
2024-06-26 10:10:00-04:00,3.1500000953674316,3.174999952316284,3.1500000953674316,3.174999952316284,8891,0.0,0.0
2024-06-26 10:15:00-04:00,3.174999952316284,3.190000057220459,3.174999952316284,3.184999942779541,5517,0.0,0.0
2024-06-26 10:20:00-04:00,3.184999942779541,3.184999942779541,3.170099973678589,3.170099973678589,5224,0.0,0.0
2024-06-26 10:25:00-04:00,3.174999952316284,3.190000057220459,3.1649999618530273,3.184999942779541,22257,0.0,0.0
2024-06-26 10:30:00-04:00,3.184999942779541,3.184999942779541,3.1649999618530273,3.1649999618530273,11264,0.0,0.0
2024-06-26 10:35:00-04:00,3.1700000762939453,3.1700000762939453,3.164400100708008,3.1649999618530273,8057,0.0,0.0
2024-06-26 10:40:00-04:00,3.1600000858306885,3.1647000312805176,3.1500000953674316,3.1500000953674316,7149,0.0,0.0
2024-06-26 10:45:00-04:00,3.1500000953674316,3.1549999713897705,3.1449999809265137,3.1549999713897705,10830,0.0,0.0
2024-06-26 10:50:00-04:00,3.1549999713897705,3.180000066757202,3.1549999713897705,3.1649999618530273,26378,0.0,0.0
2024-06-26 10:55:00-04:00,3.1649999618530273,3.1649999618530273,3.1649999618530273,3.1649999618530273,2273,0.0,0.0
2024-06-26 11:00:00-04:00,3.1649999618530273,3.1700000762939453,3.1649999618530273,3.1649999618530273,4601,0.0,0.0
2024-06-26 11:05:00-04:00,3.1600000858306885,3.1700000762939453,3.1500000953674316,3.1549999713897705,12791,0.0,0.0
2024-06-26 11:10:00-04:00,3.1500000953674316,3.159899950027466,3.1500000953674316,3.159899950027466,921,0.0,0.0
2024-06-26 11:15:00-04:00,3.1600000858306885,3.184999942779541,3.1549999713897705,3.174999952316284,34995,0.0,0.0
2024-06-26 11:20:00-04:00,3.180000066757202,3.180000066757202,3.174999952316284,3.174999952316284,4606,0.0,0.0
2024-06-26 11:25:00-04:00,3.174999952316284,3.180000066757202,3.174999952316284,3.180000066757202,3643,0.0,0.0
2024-06-26 11:30:00-04:00,3.174999952316284,3.190000057220459,3.174999952316284,3.190000057220459,18108,0.0,0.0
2024-06-26 11:35:00-04:00,3.184999942779541,3.190000057220459,3.184999942779541,3.184999942779541,4693,0.0,0.0
2024-06-26 11:40:00-04:00,3.190000057220459,3.190000057220459,3.184999942779541,3.190000057220459,3563,0.0,0.0
2024-06-26 11:45:00-04:00,3.190000057220459,3.194999933242798,3.184999942779541,3.184999942779541,25994,0.0,0.0
2024-06-26 11:50:00-04:00,3.180000066757202,3.200000047683716,3.180000066757202,3.194999933242798,9695,0.0,0.0
2024-06-26 11:55:00-04:00,3.194999933242798,3.200000047683716,3.194999933242798,3.194999933242798,2499,0.0,0.0
2024-06-26 12:00:00-04:00,3.194999933242798,3.2100000381469727,3.194999933242798,3.2100000381469727,14185,0.0,0.0
2024-06-26 12:05:00-04:00,3.2049999237060547,3.2049999237060547,3.2049999237060547,3.2049999237060547,6052,0.0,0.0
2024-06-26 12:10:00-04:00,3.200000047683716,3.200000047683716,3.190000057220459,3.194999933242798,18959,0.0,0.0
2024-06-26 12:15:00-04:00,3.194999933242798,3.194999933242798,3.190000057220459,3.194999933242798,7462,0.0,0.0
2024-06-26 12:20:00-04:00,3.200000047683716,3.2100000381469727,3.200000047683716,3.2049999237060547,8957,0.0,0.0
2024-06-26 12:25:00-04:00,3.2049999237060547,3.2200000286102295,3.2049999237060547,3.2200000286102295,13185,0.0,0.0
2024-06-26 12:30:00-04:00,3.2200000286102295,3.2200000286102295,3.2149999141693115,3.2200000286102295,1422,0.0,0.0
2024-06-26 12:35:00-04:00,3.2200000286102295,3.2200000286102295,3.2049999237060547,3.2049999237060547,24845,0.0,0.0
2024-06-26 12:40:00-04:00,3.2049999237060547,3.2058000564575195,3.2049999237060547,3.2058000564575195,887,0.0,0.0
2024-06-26 12:45:00-04:00,3.2049999237060547,3.20989990234375,3.190000057220459,3.194999933242798,16539,0.0,0.0
2024-06-26 12:50:00-04:00,3.194999933242798,3.194999933242798,3.194999933242798,3.194999933242798,2428,0.0,0.0
2024-06-26 12:55:00-04:00,3.194999933242798,3.200000047683716,3.194999933242798,3.194999933242798,2979,0.0,0.0
2024-06-26 13:00:00-04:00,3.194999933242798,3.200000047683716,3.1900999546051025,3.194999933242798,3025,0.0,0.0
2024-06-26 13:05:00-04:00,3.194999933242798,3.194999933242798,3.194999933242798,3.194999933242798,1076,0.0,0.0
2024-06-26 13:10:00-04:00,3.194999933242798,3.200000047683716,3.194999933242798,3.194999933242798,2675,0.0,0.0
2024-06-26 13:15:00-04:00,3.194999933242798,3.2149999141693115,3.194999933242798,3.2149999141693115,36762,0.0,0.0
2024-06-26 13:20:00-04:00,3.2200000286102295,3.2200000286102295,3.180000066757202,3.180000066757202,57785,0.0,0.0
2024-06-26 13:25:00-04:00,3.184999942779541,3.184999942779541,3.1600000858306885,3.1600000858306885,17966,0.0,0.0
2024-06-26 13:30:00-04:00,3.1600000858306885,3.174999952316284,3.1449999809265137,3.174999952316284,39288,0.0,0.0
2024-06-26 13:35:00-04:00,3.174999952316284,3.184999942779541,3.174999952316284,3.184999942779541,8905,0.0,0.0
2024-06-26 13:40:00-04:00,3.190000057220459,3.190000057220459,3.174999952316284,3.174999952316284,12250,0.0,0.0
2024-06-26 13:45:00-04:00,3.1700000762939453,3.1772000789642334,3.1700000762939453,3.174999952316284,7973,0.0,0.0
2024-06-26 13:50:00-04:00,3.174999952316284,3.177500009536743,3.1700000762939453,3.1700000762939453,2270,0.0,0.0
2024-06-26 13:55:00-04:00,3.174999952316284,3.177500009536743,3.1700000762939453,3.174999952316284,3781,0.0,0.0
2024-06-26 14:00:00-04:00,3.1700000762939453,3.174999952316284,3.1600000858306885,3.1649999618530273,13781,0.0,0.0
2024-06-26 14:05:00-04:00,3.1649999618530273,3.1649999618530273,3.1600000858306885,3.1649999618530273,2582,0.0,0.0
2024-06-26 14:10:00-04:00,3.1675000190734863,3.1700000762939453,3.1600000858306885,3.1649999618530273,2052,0.0,0.0
2024-06-26 14:15:00-04:00,3.1600000858306885,3.174999952316284,3.1600000858306885,3.174999952316284,21482,0.0,0.0
2024-06-26 14:20:00-04:00,3.174999952316284,3.1760001182556152,3.1700000762939453,3.174999952316284,8087,0.0,0.0
2024-06-26 14:25:00-04:00,3.174999952316284,3.174999952316284,3.1700000762939453,3.174999952316284,2522,0.0,0.0
2024-06-26 14:30:00-04:00,3.1700000762939453,3.174999952316284,3.1700000762939453,3.174999952316284,2813,0.0,0.0
2024-06-26 14:35:00-04:00,3.1700000762939453,3.180000066757202,3.1700000762939453,3.1700000762939453,9587,0.0,0.0
2024-06-26 14:40:00-04:00,3.174999952316284,3.177500009536743,3.1700000762939453,3.1700000762939453,2408,0.0,0.0
2024-06-26 14:45:00-04:00,3.177500009536743,3.180000066757202,3.1700000762939453,3.174999952316284,7035,0.0,0.0
2024-06-26 14:50:00-04:00,3.174999952316284,3.184999942779541,3.1600000858306885,3.1600000858306885,53654,0.0,0.0
2024-06-26 14:55:00-04:00,3.1500000953674316,3.174999952316284,3.1500000953674316,3.174999952316284,51421,0.0,0.0
2024-06-26 15:00:00-04:00,3.174999952316284,3.174999952316284,3.174099922180176,3.174999952316284,3560,0.0,0.0
2024-06-26 15:05:00-04:00,3.177500009536743,3.180000066757202,3.1700000762939453,3.174999952316284,6184,0.0,0.0
2024-06-26 15:10:00-04:00,3.171999931335449,3.177500009536743,3.1600000858306885,3.1600000858306885,29728,0.0,0.0
2024-06-26 15:15:00-04:00,3.1600000858306885,3.1649999618530273,3.1600000858306885,3.1600000858306885,6428,0.0,0.0
2024-06-26 15:20:00-04:00,3.1649999618530273,3.1649999618530273,3.1600000858306885,3.1649999618530273,11024,0.0,0.0
2024-06-26 15:25:00-04:00,3.1649999618530273,3.180000066757202,3.1649999618530273,3.174999952316284,18760,0.0,0.0
2024-06-26 15:30:00-04:00,3.174999952316284,3.180000066757202,3.1700000762939453,3.1700000762939453,7045,0.0,0.0
2024-06-26 15:35:00-04:00,3.174999952316284,3.180000066757202,3.1700000762939453,3.174999952316284,16163,0.0,0.0
2024-06-26 15:40:00-04:00,3.174999952316284,3.190000057220459,3.1700000762939453,3.174999952316284,39612,0.0,0.0
2024-06-26 15:45:00-04:00,3.174999952316284,3.174999952316284,3.1700000762939453,3.1700000762939453,22059,0.0,0.0
2024-06-26 15:50:00-04:00,3.1600000858306885,3.1700000762939453,3.1600000858306885,3.1600000858306885,29888,0.0,0.0
2024-06-26 15:55:00-04:00,3.1600000858306885,3.1700000762939453,3.1500000953674316,3.1689999103546143,80726,0.0,0.0
2024-06-27 09:30:00-04:00,3.1500000953674316,3.1700000762939453,3.069999933242798,3.1700000762939453,14022,0.0,0.0
2024-06-27 09:35:00-04:00,3.1700000762939453,3.1700000762939453,3.1500000953674316,3.159899950027466,1836,0.0,0.0
2024-06-27 09:40:00-04:00,3.1600000858306885,3.1649999618530273,3.1500000953674316,3.1649999618530273,8237,0.0,0.0
2024-06-27 09:45:00-04:00,3.1600000858306885,3.1700000762939453,3.1500000953674316,3.1649999618530273,41676,0.0,0.0
2024-06-27 09:50:00-04:00,3.1649999618530273,3.1700000762939453,3.1649999618530273,3.1649999618530273,5813,0.0,0.0
2024-06-27 09:55:00-04:00,3.174999952316284,3.200000047683716,3.174999952316284,3.184999942779541,22761,0.0,0.0
2024-06-27 10:00:00-04:00,3.184999942779541,3.184999942779541,3.1500000953674316,3.1549999713897705,47847,0.0,0.0
2024-06-27 10:05:00-04:00,3.1549999713897705,3.1700000762939453,3.1549999713897705,3.1700000762939453,20101,0.0,0.0
2024-06-27 10:10:00-04:00,3.1700000762939453,3.190000057220459,3.1700000762939453,3.190000057220459,10338,0.0,0.0
2024-06-27 10:15:00-04:00,3.190000057220459,3.190000057220459,3.174999952316284,3.174999952316284,10705,0.0,0.0
2024-06-27 10:20:00-04:00,3.174999952316284,3.180000066757202,3.174999952316284,3.174999952316284,653,0.0,0.0
2024-06-27 10:25:00-04:00,3.180000066757202,3.180000066757202,3.174999952316284,3.174999952316284,1514,0.0,0.0
2024-06-27 10:30:00-04:00,3.1768999099731445,3.180000066757202,3.1700000762939453,3.180000066757202,1556,0.0,0.0
2024-06-27 10:35:00-04:00,3.174999952316284,3.174999952316284,3.1649999618530273,3.1649999618530273,10363,0.0,0.0
2024-06-27 10:40:00-04:00,3.1700000762939453,3.190000057220459,3.1700000762939453,3.190000057220459,7810,0.0,0.0
2024-06-27 10:45:00-04:00,3.190000057220459,3.190000057220459,3.184999942779541,3.190000057220459,970,0.0,0.0
2024-06-27 10:50:00-04:00,3.190000057220459,3.190000057220459,3.171999931335449,3.184999942779541,28746,0.0,0.0
2024-06-27 10:55:00-04:00,3.190000057220459,3.2149999141693115,3.190000057220459,3.2100000381469727,14013,0.0,0.0
2024-06-27 11:00:00-04:00,3.2100000381469727,3.2100000381469727,3.2049999237060547,3.2100000381469727,6734,0.0,0.0
2024-06-27 11:05:00-04:00,3.2100000381469727,3.2100000381469727,3.184999942779541,3.184999942779541,15152,0.0,0.0
2024-06-27 11:10:00-04:00,3.184999942779541,3.190000057220459,3.1700000762939453,3.1700000762939453,4652,0.0,0.0
2024-06-27 11:15:00-04:00,3.174999952316284,3.174999952316284,3.1700000762939453,3.174999952316284,3505,0.0,0.0
2024-06-27 11:20:00-04:00,3.174999952316284,3.174999952316284,3.1649999618530273,3.1700000762939453,4704,0.0,0.0
2024-06-27 11:25:00-04:00,3.1649999618530273,3.1649999618530273,3.151900053024292,3.151900053024292,11838,0.0,0.0
2024-06-27 11:30:00-04:00,3.1549999713897705,3.1600000858306885,3.1500000953674316,3.1549999713897705,5553,0.0,0.0
2024-06-27 11:35:00-04:00,3.1600000858306885,3.180000066757202,3.1600000858306885,3.180000066757202,23074,0.0,0.0
2024-06-27 11:40:00-04:00,3.180000066757202,3.180000066757202,3.180000066757202,3.180000066757202,3390,0.0,0.0
2024-06-27 11:45:00-04:00,3.180000066757202,3.180000066757202,3.174999952316284,3.180000066757202,2840,0.0,0.0
2024-06-27 11:50:00-04:00,3.174999952316284,3.180000066757202,3.1700000762939453,3.1700000762939453,5718,0.0,0.0
2024-06-27 11:55:00-04:00,3.174999952316284,3.180000066757202,3.172499895095825,3.174999952316284,3380,0.0,0.0
2024-06-27 12:00:00-04:00,3.180000066757202,3.180000066757202,3.1700000762939453,3.174999952316284,3579,0.0,0.0
2024-06-27 12:05:00-04:00,3.174999952316284,3.180000066757202,3.174999952316284,3.174999952316284,3985,0.0,0.0
2024-06-27 12:10:00-04:00,3.1700000762939453,3.174999952316284,3.1600000858306885,3.1700000762939453,13645,0.0,0.0
2024-06-27 12:15:00-04:00,3.1600000858306885,3.1700000762939453,3.1600000858306885,3.1649999618530273,7233,0.0,0.0
2024-06-27 12:20:00-04:00,3.1600000858306885,3.1700000762939453,3.1600000858306885,3.1675000190734863,2898,0.0,0.0
2024-06-27 12:25:00-04:00,3.1600000858306885,3.1675000190734863,3.1600000858306885,3.1675000190734863,2497,0.0,0.0
2024-06-27 12:30:00-04:00,3.1649999618530273,3.1675000190734863,3.1600000858306885,3.1675000190734863,2706,0.0,0.0
2024-06-27 12:35:00-04:00,3.164900064468384,3.1649999618530273,3.164900064468384,3.1649999618530273,3225,0.0,0.0
2024-06-27 12:40:00-04:00,3.1600000858306885,3.1649999618530273,3.1600000858306885,3.1649999618530273,1656,0.0,0.0
2024-06-27 12:45:00-04:00,3.1600000858306885,3.1649999618530273,3.1600000858306885,3.1649999618530273,1660,0.0,0.0
2024-06-27 12:50:00-04:00,3.1600000858306885,3.1649999618530273,3.1600000858306885,3.1600000858306885,1384,0.0,0.0
2024-06-27 12:55:00-04:00,3.1649999618530273,3.1700000762939453,3.1600000858306885,3.1649999618530273,7768,0.0,0.0
2024-06-27 13:00:00-04:00,3.1700000762939453,3.174999952316284,3.1700000762939453,3.174999952316284,10778,0.0,0.0
2024-06-27 13:05:00-04:00,3.1700000762939453,3.174999952316284,3.1700000762939453,3.174999952316284,3127,0.0,0.0
2024-06-27 13:10:00-04:00,3.174999952316284,3.174999952316284,3.1500000953674316,3.1549999713897705,23276,0.0,0.0
2024-06-27 13:15:00-04:00,3.1549999713897705,3.1600000858306885,3.1500000953674316,3.1549999713897705,9769,0.0,0.0
2024-06-27 13:20:00-04:00,3.1549999713897705,3.1549999713897705,3.1549999713897705,3.1549999713897705,2772,0.0,0.0
2024-06-27 13:25:00-04:00,3.1575000286102295,3.1575000286102295,3.1549999713897705,3.1549999713897705,1248,0.0,0.0
2024-06-27 13:30:00-04:00,3.1500000953674316,3.1649999618530273,3.1449999809265137,3.1649999618530273,53631,0.0,0.0
2024-06-27 13:35:00-04:00,3.1600000858306885,3.1600000858306885,3.1500000953674316,3.1600000858306885,15664,0.0,0.0
2024-06-27 13:40:00-04:00,3.1500000953674316,3.1549999713897705,3.1500000953674316,3.1500000953674316,1083,0.0,0.0
2024-06-27 13:45:00-04:00,3.1500000953674316,3.1600000858306885,3.1500000953674316,3.1600000858306885,2127,0.0,0.0
2024-06-27 13:50:00-04:00,3.1549999713897705,3.1600000858306885,3.1500000953674316,3.1500000953674316,3488,0.0,0.0
2024-06-27 13:55:00-04:00,3.1549999713897705,3.1575000286102295,3.1500000953674316,3.1575000286102295,10496,0.0,0.0
2024-06-27 14:00:00-04:00,3.1549999713897705,3.1600000858306885,3.1500000953674316,3.1500000953674316,4003,0.0,0.0
2024-06-27 14:05:00-04:00,3.1549999713897705,3.1575000286102295,3.1500000953674316,3.1500000953674316,3313,0.0,0.0
2024-06-27 14:10:00-04:00,3.1549999713897705,3.194999933242798,3.1500000953674316,3.194999933242798,52532,0.0,0.0
2024-06-27 14:15:00-04:00,3.194999933242798,3.200000047683716,3.184999942779541,3.184999942779541,28235,0.0,0.0
2024-06-27 14:20:00-04:00,3.184999942779541,3.190000057220459,3.180000066757202,3.180000066757202,8013,0.0,0.0
2024-06-27 14:25:00-04:00,3.184999942779541,3.200000047683716,3.180000066757202,3.200000047683716,22961,0.0,0.0
2024-06-27 14:30:00-04:00,3.200000047683716,3.200000047683716,3.194999933242798,3.200000047683716,13525,0.0,0.0
2024-06-27 14:35:00-04:00,3.194999933242798,3.200000047683716,3.194999933242798,3.200000047683716,11733,0.0,0.0
2024-06-27 14:40:00-04:00,3.200000047683716,3.200000047683716,3.194999933242798,3.200000047683716,13088,0.0,0.0
2024-06-27 14:45:00-04:00,3.194999933242798,3.200000047683716,3.194999933242798,3.200000047683716,11988,0.0,0.0
2024-06-27 14:50:00-04:00,3.200000047683716,3.2100000381469727,3.200000047683716,3.2100000381469727,23242,0.0,0.0
2024-06-27 14:55:00-04:00,3.2100000381469727,3.2100000381469727,3.2049999237060547,3.2100000381469727,12616,0.0,0.0
2024-06-27 15:00:00-04:00,3.2063000202178955,3.2100000381469727,3.2049999237060547,3.2100000381469727,12035,0.0,0.0
2024-06-27 15:05:00-04:00,3.2049999237060547,3.2100000381469727,3.200000047683716,3.2049999237060547,17248,0.0,0.0
2024-06-27 15:10:00-04:00,3.2049999237060547,3.2100000381469727,3.2049999237060547,3.2049999237060547,16136,0.0,0.0
2024-06-27 15:15:00-04:00,3.2100000381469727,3.2100000381469727,3.190000057220459,3.194999933242798,17592,0.0,0.0
2024-06-27 15:20:00-04:00,3.194999933242798,3.194999933242798,3.180000066757202,3.180000066757202,20945,0.0,0.0
2024-06-27 15:25:00-04:00,3.184999942779541,3.184999942779541,3.174999952316284,3.180000066757202,18115,0.0,0.0
2024-06-27 15:30:00-04:00,3.180000066757202,3.200000047683716,3.174999952316284,3.194999933242798,73556,0.0,0.0
2024-06-27 15:35:00-04:00,3.200000047683716,3.200000047683716,3.190000057220459,3.194999933242798,9726,0.0,0.0
2024-06-27 15:40:00-04:00,3.190000057220459,3.2100000381469727,3.180000066757202,3.2100000381469727,56924,0.0,0.0
2024-06-27 15:45:00-04:00,3.2100000381469727,3.2200000286102295,3.2049999237060547,3.2200000286102295,60095,0.0,0.0
2024-06-27 15:50:00-04:00,3.2200000286102295,3.2200000286102295,3.200000047683716,3.2149999141693115,44911,0.0,0.0
2024-06-27 15:55:00-04:00,3.2149999141693115,3.2200000286102295,3.200000047683716,3.2100000381469727,59378,0.0,0.0
2024-06-28 09:30:00-04:00,3.2100000381469727,3.2799999713897705,3.2100000381469727,3.2799999713897705,34473,0.0,0.0
2024-06-28 09:35:00-04:00,3.2899999618530273,3.3350000381469727,3.2899999618530273,3.319999933242798,20019,0.0,0.0
2024-06-28 09:40:00-04:00,3.309999942779541,3.309999942779541,3.2899999618530273,3.2899999618530273,6147,0.0,0.0
2024-06-28 09:45:00-04:00,3.2699999809265137,3.2699999809265137,3.234999895095825,3.234999895095825,10572,0.0,0.0
2024-06-28 09:50:00-04:00,3.2249999046325684,3.240000009536743,3.2100000381469727,3.2200000286102295,9262,0.0,0.0
2024-06-28 09:55:00-04:00,3.2200000286102295,3.2200000286102295,3.2049999237060547,3.2049999237060547,7006,0.0,0.0
2024-06-28 10:00:00-04:00,3.2100000381469727,3.2100000381469727,3.2049999237060547,3.2049999237060547,3629,0.0,0.0
2024-06-28 10:05:00-04:00,3.2100000381469727,3.2149999141693115,3.2049999237060547,3.2149999141693115,3069,0.0,0.0
2024-06-28 10:10:00-04:00,3.2149999141693115,3.2149999141693115,3.2149999141693115,3.2149999141693115,1289,0.0,0.0
2024-06-28 10:15:00-04:00,3.2149999141693115,3.244999885559082,3.2049999237060547,3.240000009536743,22724,0.0,0.0
2024-06-28 10:20:00-04:00,3.234999895095825,3.234999895095825,3.2300000190734863,3.2300000190734863,2871,0.0,0.0
2024-06-28 10:25:00-04:00,3.2300000190734863,3.2300000190734863,3.2249999046325684,3.2249999046325684,12850,0.0,0.0
2024-06-28 10:35:00-04:00,3.2300000190734863,3.2300000190734863,3.2300000190734863,3.2300000190734863,396,0.0,0.0
2024-06-28 10:40:00-04:00,3.2249999046325684,3.255000114440918,3.2249999046325684,3.255000114440918,15740,0.0,0.0
2024-06-28 10:45:00-04:00,3.25,3.255000114440918,3.25,3.25,3024,0.0,0.0
2024-06-28 10:50:00-04:00,3.25,3.25,3.240000009536743,3.244999885559082,9586,0.0,0.0
2024-06-28 10:55:00-04:00,3.240000009536743,3.240000009536743,3.240000009536743,3.240000009536743,2650,0.0,0.0
2024-06-28 11:00:00-04:00,3.240000009536743,3.240000009536743,3.2249999046325684,3.234999895095825,8881,0.0,0.0
2024-06-28 11:05:00-04:00,3.2300000190734863,3.2300000190734863,3.2300000190734863,3.2300000190734863,201,0.0,0.0
2024-06-28 11:10:00-04:00,3.2300000190734863,3.240000009536743,3.2300000190734863,3.2300000190734863,1953,0.0,0.0
2024-06-28 11:15:00-04:00,3.2300000190734863,3.2300000190734863,3.2300000190734863,3.2300000190734863,2215,0.0,0.0
2024-06-28 11:20:00-04:00,3.238800048828125,3.238800048828125,3.234999895095825,3.234999895095825,1685,0.0,0.0
2024-06-28 11:30:00-04:00,3.234999895095825,3.234999895095825,3.2300000190734863,3.2300000190734863,611,0.0,0.0
2024-06-28 11:35:00-04:00,3.234999895095825,3.25,3.234999895095825,3.25,13214,0.0,0.0
2024-06-28 11:40:00-04:00,3.240000009536743,3.244999885559082,3.240000009536743,3.240000009536743,1779,0.0,0.0
2024-06-28 11:45:00-04:00,3.240000009536743,3.244999885559082,3.240000009536743,3.244999885559082,1276,0.0,0.0
2024-06-28 11:50:00-04:00,3.240000009536743,3.244999885559082,3.240000009536743,3.244999885559082,5323,0.0,0.0
2024-06-28 11:55:00-04:00,3.240000009536743,3.240000009536743,3.2300000190734863,3.2300000190734863,7301,0.0,0.0
2024-06-28 12:00:00-04:00,3.234999895095825,3.234999895095825,3.2300000190734863,3.2300000190734863,812,0.0,0.0
2024-06-28 12:05:00-04:00,3.234999895095825,3.234999895095825,3.2300000190734863,3.2300000190734863,3863,0.0,0.0
2024-06-28 12:10:00-04:00,3.234999895095825,3.240000009536743,3.2200000286102295,3.2300000190734863,11379,0.0,0.0
2024-06-28 12:15:00-04:00,3.2300000190734863,3.234999895095825,3.2300000190734863,3.234999895095825,1270,0.0,0.0
2024-06-28 12:20:00-04:00,3.2300000190734863,3.2300000190734863,3.2300000190734863,3.2300000190734863,694,0.0,0.0
2024-06-28 12:30:00-04:00,3.234999895095825,3.235100030899048,3.2300000190734863,3.235100030899048,2320,0.0,0.0
2024-06-28 12:35:00-04:00,3.234999895095825,3.234999895095825,3.2249999046325684,3.234999895095825,23991,0.0,0.0
2024-06-28 12:40:00-04:00,3.2300000190734863,3.234999895095825,3.2300000190734863,3.234999895095825,3000,0.0,0.0
2024-06-28 12:45:00-04:00,3.234999895095825,3.234999895095825,3.234999895095825,3.234999895095825,624,0.0,0.0
2024-06-28 12:50:00-04:00,3.234999895095825,3.234999895095825,3.234999895095825,3.234999895095825,560,0.0,0.0
2024-06-28 12:55:00-04:00,3.234999895095825,3.234999895095825,3.234999895095825,3.234999895095825,629,0.0,0.0
2024-06-28 13:00:00-04:00,3.2300000190734863,3.234999895095825,3.2300000190734863,3.234999895095825,1506,0.0,0.0
2024-06-28 13:05:00-04:00,3.234999895095825,3.234999895095825,3.2300000190734863,3.2300000190734863,4018,0.0,0.0
2024-06-28 13:10:00-04:00,3.234999895095825,3.234999895095825,3.234999895095825,3.234999895095825,387,0.0,0.0
2024-06-28 13:15:00-04:00,3.2325000762939453,3.2325000762939453,3.2300000190734863,3.2300000190734863,1055,0.0,0.0
2024-06-28 13:20:00-04:00,3.234999895095825,3.234999895095825,3.234999895095825,3.234999895095825,1990,0.0,0.0
2024-06-28 13:25:00-04:00,3.2300000190734863,3.234999895095825,3.2300000190734863,3.2300000190734863,3026,0.0,0.0
2024-06-28 13:30:00-04:00,3.2300000190734863,3.234999895095825,3.2200000286102295,3.2225000858306885,15823,0.0,0.0
2024-06-28 13:35:00-04:00,3.2200000286102295,3.2249999046325684,3.2200000286102295,3.2225000858306885,1827,0.0,0.0
2024-06-28 13:40:00-04:00,3.2249999046325684,3.2249999046325684,3.2249999046325684,3.2249999046325684,1121,0.0,0.0
2024-06-28 13:45:00-04:00,3.2249999046325684,3.2249999046325684,3.2249999046325684,3.2249999046325684,629,0.0,0.0
2024-06-28 13:50:00-04:00,3.2249999046325684,3.2300000190734863,3.2200000286102295,3.2300000190734863,1485,0.0,0.0
2024-06-28 13:55:00-04:00,3.2249999046325684,3.2297000885009766,3.2200000286102295,3.2200000286102295,1085,0.0,0.0
2024-06-28 14:00:00-04:00,3.2249999046325684,3.2249999046325684,3.2200000286102295,3.2249999046325684,1298,0.0,0.0
2024-06-28 14:05:00-04:00,3.2249999046325684,3.2249999046325684,3.2249999046325684,3.2249999046325684,3039,0.0,0.0
2024-06-28 14:10:00-04:00,3.2300000190734863,3.240000009536743,3.2249999046325684,3.234999895095825,21852,0.0,0.0
2024-06-28 14:15:00-04:00,3.240000009536743,3.25,3.240000009536743,3.244999885559082,10520,0.0,0.0
2024-06-28 14:20:00-04:00,3.240000009536743,3.25,3.240000009536743,3.25,15582,0.0,0.0
2024-06-28 14:25:00-04:00,3.240000009536743,3.25,3.240000009536743,3.25,2461,0.0,0.0
2024-06-28 14:30:00-04:00,3.244999885559082,3.244999885559082,3.240000009536743,3.244999885559082,2384,0.0,0.0
2024-06-28 14:35:00-04:00,3.244999885559082,3.244999885559082,3.240000009536743,3.240000009536743,1278,0.0,0.0
2024-06-28 14:40:00-04:00,3.244999885559082,3.244999885559082,3.244999885559082,3.244999885559082,716,0.0,0.0
2024-06-28 14:45:00-04:00,3.240000009536743,3.246000051498413,3.240000009536743,3.240000009536743,2266,0.0,0.0
2024-06-28 14:50:00-04:00,3.244999885559082,3.244999885559082,3.244999885559082,3.244999885559082,305,0.0,0.0
2024-06-28 14:55:00-04:00,3.2499001026153564,3.2499001026153564,3.240000009536743,3.244999885559082,3561,0.0,0.0
2024-06-28 15:00:00-04:00,3.244999885559082,3.244999885559082,3.240000009536743,3.244999885559082,2104,0.0,0.0
2024-06-28 15:05:00-04:00,3.25,3.25,3.240000009536743,3.25,8704,0.0,0.0
2024-06-28 15:10:00-04:00,3.240000009536743,3.240000009536743,3.240000009536743,3.240000009536743,1618,0.0,0.0
2024-06-28 15:15:00-04:00,3.244999885559082,3.244999885559082,3.240000009536743,3.244999885559082,3959,0.0,0.0
2024-06-28 15:20:00-04:00,3.25,3.25,3.240000009536743,3.244999885559082,1759,0.0,0.0
2024-06-28 15:25:00-04:00,3.25,3.25,3.240000009536743,3.244999885559082,2014,0.0,0.0
2024-06-28 15:30:00-04:00,3.244999885559082,3.244999885559082,3.240000009536743,3.244999885559082,3930,0.0,0.0
2024-06-28 15:35:00-04:00,3.244999885559082,3.255000114440918,3.244999885559082,3.25,28818,0.0,0.0
2024-06-28 15:40:00-04:00,3.2499001026153564,3.259999990463257,3.240000009536743,3.255000114440918,30404,0.0,0.0
2024-06-28 15:45:00-04:00,3.25,3.255000114440918,3.25,3.255000114440918,3481,0.0,0.0
2024-06-28 15:50:00-04:00,3.259999990463257,3.2699999809265137,3.25,3.265000104904175,131751,0.0,0.0
2024-06-28 15:55:00-04:00,3.265000104904175,3.265000104904175,3.2049999237060547,3.2100000381469727,235404,0.0,0.0
