Datetime,Open,High,Low,Close,Volume,Dividends,Stock Splits
2024-05-29 09:30:00-04:00,18.700000762939453,18.74570083618164,18.674999237060547,18.71500015258789,66620,0.0,0.0
2024-05-29 09:35:00-04:00,18.719999313354492,18.7549991607666,18.690000534057617,18.7450008392334,26847,0.0,0.0
2024-05-29 09:40:00-04:00,18.739999771118164,18.80500030517578,18.709999084472656,18.799999237060547,23273,0.0,0.0
2024-05-29 09:45:00-04:00,18.790000915527344,18.790000915527344,18.670000076293945,18.684999465942383,22191,0.0,0.0
2024-05-29 09:50:00-04:00,18.684999465942383,18.780000686645508,18.684999465942383,18.774999618530273,72035,0.0,0.0
2024-05-29 09:55:00-04:00,18.770000457763672,18.77750015258789,18.75,18.774999618530273,33264,0.0,0.0
2024-05-29 10:00:00-04:00,18.774999618530273,18.809999465942383,18.770000457763672,18.795000076293945,36287,0.0,0.0
2024-05-29 10:05:00-04:00,18.799999237060547,18.809999465942383,18.770000457763672,18.770000457763672,31403,0.0,0.0
2024-05-29 10:10:00-04:00,18.770000457763672,18.797500610351562,18.75,18.770000457763672,54765,0.0,0.0
2024-05-29 10:15:00-04:00,18.764999389648438,18.770000457763672,18.739999771118164,18.75,122144,0.0,0.0
2024-05-29 10:20:00-04:00,18.7549991607666,18.760000228881836,18.709999084472656,18.735000610351562,56789,0.0,0.0
2024-05-29 10:25:00-04:00,18.729999542236328,18.75,18.719999313354492,18.725000381469727,13694,0.0,0.0
2024-05-29 10:30:00-04:00,18.719999313354492,18.729999542236328,18.71500015258789,18.725000381469727,23151,0.0,0.0
2024-05-29 10:35:00-04:00,18.729999542236328,18.770000457763672,18.729999542236328,18.764999389648438,35311,0.0,0.0
2024-05-29 10:40:00-04:00,18.770000457763672,18.815000534057617,18.760000228881836,18.809999465942383,25631,0.0,0.0
2024-05-29 10:45:00-04:00,18.809999465942383,18.850000381469727,18.809999465942383,18.844999313354492,49227,0.0,0.0
2024-05-29 10:50:00-04:00,18.850000381469727,18.864999771118164,18.81999969482422,18.81999969482422,27968,0.0,0.0
2024-05-29 10:55:00-04:00,18.81999969482422,18.850000381469727,18.809999465942383,18.829999923706055,14393,0.0,0.0
2024-05-29 11:00:00-04:00,18.829999923706055,18.829999923706055,18.780000686645508,18.799299240112305,18016,0.0,0.0
2024-05-29 11:05:00-04:00,18.795000076293945,18.81999969482422,18.790000915527344,18.808799743652344,39757,0.0,0.0
2024-05-29 11:10:00-04:00,18.80500030517578,18.829999923706055,18.799999237060547,18.825000762939453,23499,0.0,0.0
2024-05-29 11:15:00-04:00,18.829999923706055,18.84000015258789,18.809999465942383,18.81879997253418,23263,0.0,0.0
2024-05-29 11:20:00-04:00,18.815000534057617,18.854999542236328,18.809999465942383,18.854999542236328,26690,0.0,0.0
2024-05-29 11:25:00-04:00,18.850000381469727,18.864999771118164,18.850000381469727,18.850000381469727,15338,0.0,0.0
2024-05-29 11:30:00-04:00,18.850000381469727,18.854999542236328,18.834999084472656,18.854999542236328,15627,0.0,0.0
2024-05-29 11:35:00-04:00,18.854999542236328,18.895000457763672,18.854999542236328,18.895000457763672,16574,0.0,0.0
2024-05-29 11:40:00-04:00,18.889999389648438,18.895000457763672,18.860000610351562,18.889999389648438,51744,0.0,0.0
2024-05-29 11:45:00-04:00,18.889999389648438,18.899999618530273,18.885000228881836,18.895000457763672,34877,0.0,0.0
2024-05-29 11:50:00-04:00,18.899999618530273,18.920000076293945,18.889999389648438,18.917499542236328,42684,0.0,0.0
2024-05-29 11:55:00-04:00,18.920000076293945,18.920000076293945,18.899999618530273,18.899999618530273,19675,0.0,0.0
2024-05-29 12:00:00-04:00,18.899999618530273,18.899999618530273,18.8700008392334,18.8700008392334,80952,0.0,0.0
2024-05-29 12:05:00-04:00,18.8700008392334,18.885000228881836,18.864999771118164,18.885000228881836,34797,0.0,0.0
2024-05-29 12:10:00-04:00,18.885000228881836,18.899999618530273,18.8799991607666,18.8799991607666,48998,0.0,0.0
2024-05-29 12:15:00-04:00,18.889999389648438,18.920000076293945,18.8799991607666,18.915000915527344,14681,0.0,0.0
2024-05-29 12:20:00-04:00,18.915000915527344,18.924999237060547,18.90999984741211,18.920000076293945,26225,0.0,0.0
2024-05-29 12:25:00-04:00,18.920000076293945,18.924999237060547,18.915000915527344,18.924999237060547,9526,0.0,0.0
2024-05-29 12:30:00-04:00,18.924999237060547,18.93000030517578,18.920000076293945,18.920000076293945,17403,0.0,0.0
2024-05-29 12:35:00-04:00,18.921300888061523,18.93000030517578,18.920000076293945,18.922500610351562,8808,0.0,0.0
2024-05-29 12:40:00-04:00,18.924999237060547,18.94499969482422,18.920000076293945,18.924999237060547,59122,0.0,0.0
2024-05-29 12:45:00-04:00,18.920000076293945,18.93000030517578,18.905000686645508,18.90999984741211,73698,0.0,0.0
2024-05-29 12:50:00-04:00,18.915000915527344,18.950000762939453,18.90999984741211,18.950000762939453,23378,0.0,0.0
2024-05-29 12:55:00-04:00,18.954999923706055,18.96500015258789,18.940000534057617,18.940000534057617,41611,0.0,0.0
2024-05-29 13:00:00-04:00,18.940000534057617,18.94499969482422,18.90999984741211,18.90999984741211,24471,0.0,0.0
2024-05-29 13:05:00-04:00,18.90999984741211,18.934999465942383,18.90999984741211,18.93000030517578,35275,0.0,0.0
2024-05-29 13:10:00-04:00,18.924999237060547,18.926799774169922,18.920000076293945,18.922500610351562,17604,0.0,0.0
2024-05-29 13:15:00-04:00,18.924999237060547,18.93000030517578,18.90999984741211,18.920000076293945,70561,0.0,0.0
2024-05-29 13:20:00-04:00,18.924999237060547,18.94499969482422,18.920000076293945,18.934999465942383,32742,0.0,0.0
2024-05-29 13:25:00-04:00,18.934999465942383,18.940000534057617,18.93000030517578,18.934999465942383,11358,0.0,0.0
2024-05-29 13:30:00-04:00,18.934999465942383,18.940000534057617,18.899999618530273,18.905000686645508,28081,0.0,0.0
2024-05-29 13:35:00-04:00,18.905000686645508,18.91900062561035,18.899999618530273,18.905000686645508,20006,0.0,0.0
2024-05-29 13:40:00-04:00,18.905000686645508,18.909000396728516,18.889999389648438,18.899999618530273,25327,0.0,0.0
2024-05-29 13:45:00-04:00,18.895000457763672,18.90999984741211,18.889999389648438,18.905000686645508,17999,0.0,0.0
2024-05-29 13:50:00-04:00,18.90999984741211,18.940000534057617,18.905000686645508,18.93000030517578,55395,0.0,0.0
2024-05-29 13:55:00-04:00,18.935800552368164,18.94499969482422,18.93000030517578,18.934999465942383,16805,0.0,0.0
2024-05-29 14:00:00-04:00,18.934999465942383,18.934999465942383,18.915000915527344,18.915000915527344,31526,0.0,0.0
2024-05-29 14:05:00-04:00,18.920000076293945,18.924999237060547,18.90999984741211,18.915000915527344,31110,0.0,0.0
2024-05-29 14:10:00-04:00,18.90999984741211,18.915000915527344,18.889999389648438,18.905000686645508,35237,0.0,0.0
2024-05-29 14:15:00-04:00,18.90999984741211,18.916099548339844,18.899999618530273,18.905000686645508,35913,0.0,0.0
2024-05-29 14:20:00-04:00,18.905000686645508,18.90999984741211,18.899999618530273,18.905000686645508,11567,0.0,0.0
2024-05-29 14:25:00-04:00,18.899999618530273,18.90999984741211,18.899999618530273,18.905000686645508,26375,0.0,0.0
2024-05-29 14:30:00-04:00,18.899999618530273,18.90999984741211,18.8799991607666,18.895000457763672,81456,0.0,0.0
2024-05-29 14:35:00-04:00,18.895000457763672,18.920000076293945,18.889999389648438,18.918800354003906,27425,0.0,0.0
2024-05-29 14:40:00-04:00,18.920000076293945,18.950000762939453,18.920000076293945,18.924999237060547,119509,0.0,0.0
2024-05-29 14:45:00-04:00,18.928199768066406,18.928199768066406,18.899999618530273,18.899999618530273,20457,0.0,0.0
2024-05-29 14:50:00-04:00,18.899999618530273,18.899999618530273,18.889999389648438,18.889999389648438,21018,0.0,0.0
2024-05-29 14:55:00-04:00,18.895000457763672,18.90999984741211,18.889999389648438,18.899999618530273,106242,0.0,0.0
2024-05-29 15:00:00-04:00,18.905000686645508,18.905000686645508,18.8799991607666,18.905000686645508,50376,0.0,0.0
2024-05-29 15:05:00-04:00,18.905000686645508,18.920000076293945,18.905000686645508,18.915000915527344,19559,0.0,0.0
2024-05-29 15:10:00-04:00,18.920000076293945,18.93000030517578,18.90999984741211,18.93000030517578,81801,0.0,0.0
2024-05-29 15:15:00-04:00,18.934999465942383,18.954999923706055,18.920000076293945,18.934999465942383,97897,0.0,0.0
2024-05-29 15:20:00-04:00,18.93000030517578,18.950000762939453,18.920000076293945,18.94499969482422,108174,0.0,0.0
2024-05-29 15:25:00-04:00,18.94499969482422,18.979999542236328,18.94499969482422,18.969999313354492,91948,0.0,0.0
2024-05-29 15:30:00-04:00,18.959999084472656,18.985000610351562,18.940000534057617,18.979999542236328,76038,0.0,0.0
2024-05-29 15:35:00-04:00,18.985000610351562,19.014999389648438,18.985000610351562,19.010000228881836,68435,0.0,0.0
2024-05-29 15:40:00-04:00,19.014999389648438,19.045000076293945,19.0,19.024999618530273,72110,0.0,0.0
2024-05-29 15:45:00-04:00,19.030000686645508,19.030000686645508,19.010000228881836,19.014999389648438,80744,0.0,0.0
2024-05-29 15:50:00-04:00,19.020000457763672,19.020000457763672,18.96500015258789,18.989999771118164,166245,0.0,0.0
2024-05-29 15:55:00-04:00,18.989999771118164,18.989999771118164,18.959999084472656,18.969999313354492,280176,0.0,0.0
2024-05-30 09:30:00-04:00,19.1200008392334,19.170000076293945,19.09000015258789,19.170000076293945,58728,0.0,0.0
2024-05-30 09:35:00-04:00,19.18000030517578,19.219999313354492,19.1299991607666,19.18000030517578,46817,0.0,0.0
2024-05-30 09:40:00-04:00,19.18000030517578,19.229999542236328,19.170000076293945,19.200000762939453,29838,0.0,0.0
2024-05-30 09:45:00-04:00,19.190000534057617,19.190000534057617,19.110000610351562,19.1200008392334,16074,0.0,0.0
2024-05-30 09:50:00-04:00,19.139999389648438,19.239999771118164,19.1299991607666,19.239999771118164,25099,0.0,0.0
2024-05-30 09:55:00-04:00,19.239999771118164,19.350000381469727,19.239999771118164,19.350000381469727,57040,0.0,0.0
2024-05-30 10:00:00-04:00,19.350000381469727,19.350000381469727,19.262500762939453,19.309999465942383,28966,0.0,0.0
2024-05-30 10:05:00-04:00,19.309999465942383,19.309999465942383,19.260000228881836,19.280000686645508,25403,0.0,0.0
2024-05-30 10:10:00-04:00,19.287500381469727,19.3174991607666,19.280000686645508,19.295000076293945,35880,0.0,0.0
2024-05-30 10:15:00-04:00,19.299999237060547,19.315000534057617,19.290000915527344,19.299999237060547,38591,0.0,0.0
2024-05-30 10:20:00-04:00,19.309999465942383,19.339500427246094,19.299999237060547,19.31999969482422,21319,0.0,0.0
2024-05-30 10:25:00-04:00,19.3174991607666,19.3174991607666,19.290000915527344,19.295000076293945,24942,0.0,0.0
2024-05-30 10:30:00-04:00,19.290000915527344,19.299999237060547,19.272499084472656,19.299999237060547,27945,0.0,0.0
2024-05-30 10:35:00-04:00,19.290000915527344,19.309999465942383,19.28499984741211,19.299999237060547,25271,0.0,0.0
2024-05-30 10:40:00-04:00,19.30500030517578,19.309999465942383,19.274999618530273,19.290000915527344,22298,0.0,0.0
2024-05-30 10:45:00-04:00,19.290000915527344,19.295000076293945,19.280000686645508,19.290000915527344,17669,0.0,0.0
2024-05-30 10:50:00-04:00,19.28499984741211,19.299999237060547,19.280000686645508,19.295000076293945,13294,0.0,0.0
2024-05-30 10:55:00-04:00,19.295000076293945,19.34000015258789,19.295000076293945,19.34000015258789,31230,0.0,0.0
2024-05-30 11:00:00-04:00,19.34000015258789,19.34000015258789,19.31999969482422,19.34000015258789,19978,0.0,0.0
2024-05-30 11:05:00-04:00,19.329999923706055,19.34000015258789,19.325000762939453,19.334999084472656,19028,0.0,0.0
2024-05-30 11:10:00-04:00,19.334999084472656,19.354999542236328,19.329999923706055,19.350000381469727,21802,0.0,0.0
2024-05-30 11:15:00-04:00,19.354999542236328,19.358800888061523,19.350000381469727,19.354999542236328,18959,0.0,0.0
2024-05-30 11:20:00-04:00,19.364999771118164,19.3700008392334,19.350000381469727,19.352500915527344,29331,0.0,0.0
2024-05-30 11:25:00-04:00,19.360000610351562,19.375,19.360000610351562,19.368900299072266,20000,0.0,0.0
2024-05-30 11:30:00-04:00,19.364999771118164,19.3700008392334,19.350000381469727,19.360000610351562,21773,0.0,0.0
2024-05-30 11:35:00-04:00,19.354999542236328,19.354999542236328,19.329999923706055,19.336200714111328,25806,0.0,0.0
2024-05-30 11:40:00-04:00,19.334999084472656,19.350000381469727,19.329999923706055,19.350000381469727,19186,0.0,0.0
2024-05-30 11:45:00-04:00,19.34000015258789,19.360000610351562,19.325000762939453,19.354999542236328,31957,0.0,0.0
2024-05-30 11:50:00-04:00,19.350000381469727,19.364999771118164,19.350000381469727,19.354999542236328,30413,0.0,0.0
2024-05-30 11:55:00-04:00,19.354999542236328,19.354999542236328,19.329999923706055,19.329999923706055,15143,0.0,0.0
2024-05-30 12:00:00-04:00,19.329999923706055,19.350000381469727,19.329999923706055,19.333599090576172,75263,0.0,0.0
2024-05-30 12:05:00-04:00,19.334999084472656,19.375,19.334999084472656,19.3700008392334,47283,0.0,0.0
2024-05-30 12:10:00-04:00,19.364999771118164,19.375,19.354999542236328,19.36989974975586,42436,0.0,0.0
2024-05-30 12:15:00-04:00,19.364999771118164,19.375,19.360000610351562,19.375,24704,0.0,0.0
2024-05-30 12:20:00-04:00,19.375,19.40999984741211,19.375,19.40999984741211,26162,0.0,0.0
2024-05-30 12:25:00-04:00,19.40999984741211,19.420000076293945,19.395000457763672,19.395000457763672,70577,0.0,0.0
2024-05-30 12:30:00-04:00,19.395000457763672,19.40999984741211,19.389999389648438,19.389999389648438,32260,0.0,0.0
2024-05-30 12:35:00-04:00,19.389999389648438,19.395000457763672,19.375,19.375,31352,0.0,0.0
2024-05-30 12:40:00-04:00,19.3799991607666,19.395000457763672,19.375,19.389999389648438,55857,0.0,0.0
2024-05-30 12:45:00-04:00,19.389999389648438,19.395000457763672,19.3700008392334,19.3799991607666,46514,0.0,0.0
2024-05-30 12:50:00-04:00,19.3799991607666,19.417999267578125,19.375,19.40999984741211,136182,0.0,0.0
2024-05-30 12:55:00-04:00,19.40999984741211,19.420000076293945,19.405000686645508,19.405000686645508,22365,0.0,0.0
2024-05-30 13:00:00-04:00,19.399999618530273,19.40999984741211,19.375,19.375,142953,0.0,0.0
2024-05-30 13:05:00-04:00,19.375,19.399999618530273,19.3700008392334,19.395000457763672,24810,0.0,0.0
2024-05-30 13:10:00-04:00,19.395000457763672,19.399999618530273,19.3700008392334,19.375,25360,0.0,0.0
2024-05-30 13:15:00-04:00,19.375,19.3799991607666,19.360000610351562,19.375,114917,0.0,0.0
2024-05-30 13:20:00-04:00,19.375,19.389999389648438,19.340099334716797,19.344999313354492,118606,0.0,0.0
2024-05-30 13:25:00-04:00,19.344999313354492,19.3700008392334,19.344999313354492,19.3700008392334,37460,0.0,0.0
2024-05-30 13:30:00-04:00,19.364999771118164,19.399999618530273,19.364999771118164,19.399999618530273,36669,0.0,0.0
2024-05-30 13:35:00-04:00,19.395000457763672,19.40999984741211,19.3700008392334,19.375,25672,0.0,0.0
2024-05-30 13:40:00-04:00,19.375,19.3799991607666,19.350000381469727,19.350000381469727,27096,0.0,0.0
2024-05-30 13:45:00-04:00,19.350000381469727,19.375,19.350000381469727,19.3700008392334,37302,0.0,0.0
2024-05-30 13:50:00-04:00,19.375,19.3799991607666,19.3700008392334,19.375,22027,0.0,0.0
2024-05-30 13:55:00-04:00,19.375,19.375,19.350000381469727,19.360000610351562,32467,0.0,0.0
2024-05-30 14:00:00-04:00,19.350000381469727,19.360000610351562,19.34000015258789,19.350000381469727,34053,0.0,0.0
2024-05-30 14:05:00-04:00,19.344999313354492,19.350000381469727,19.329999923706055,19.344999313354492,28876,0.0,0.0
2024-05-30 14:10:00-04:00,19.350000381469727,19.3700008392334,19.344999313354492,19.365400314331055,60198,0.0,0.0
2024-05-30 14:15:00-04:00,19.364999771118164,19.3700008392334,19.315000534057617,19.334999084472656,67551,0.0,0.0
2024-05-30 14:20:00-04:00,19.334999084472656,19.354999542236328,19.334999084472656,19.344999313354492,71063,0.0,0.0
2024-05-30 14:25:00-04:00,19.344999313354492,19.360000610351562,19.329999923706055,19.344999313354492,70156,0.0,0.0
2024-05-30 14:30:00-04:00,19.344999313354492,19.350000381469727,19.344999313354492,19.344999313354492,13257,0.0,0.0
2024-05-30 14:35:00-04:00,19.344999313354492,19.354999542236328,19.334999084472656,19.334999084472656,49682,0.0,0.0
2024-05-30 14:40:00-04:00,19.334999084472656,19.34000015258789,19.329999923706055,19.334999084472656,19503,0.0,0.0
2024-05-30 14:45:00-04:00,19.334999084472656,19.350000381469727,19.329999923706055,19.350000381469727,34395,0.0,0.0
2024-05-30 14:50:00-04:00,19.344999313354492,19.344999313354492,19.334999084472656,19.344999313354492,21387,0.0,0.0
2024-05-30 14:55:00-04:00,19.342500686645508,19.350000381469727,19.34000015258789,19.344999313354492,14200,0.0,0.0
2024-05-30 15:00:00-04:00,19.34000015258789,19.350000381469727,19.299999237060547,19.299999237060547,30619,0.0,0.0
2024-05-30 15:05:00-04:00,19.30500030517578,19.30500030517578,19.290000915527344,19.290000915527344,26385,0.0,0.0
2024-05-30 15:10:00-04:00,19.290000915527344,19.31999969482422,19.290000915527344,19.30500030517578,41073,0.0,0.0
2024-05-30 15:15:00-04:00,19.30500030517578,19.315000534057617,19.299999237060547,19.30299949645996,60547,0.0,0.0
2024-05-30 15:20:00-04:00,19.30500030517578,19.31999969482422,19.29050064086914,19.29050064086914,54302,0.0,0.0
2024-05-30 15:25:00-04:00,19.295000076293945,19.315000534057617,19.295000076293945,19.30500030517578,68337,0.0,0.0
2024-05-30 15:30:00-04:00,19.299999237060547,19.34000015258789,19.290000915527344,19.325000762939453,134308,0.0,0.0
2024-05-30 15:35:00-04:00,19.325000762939453,19.329999923706055,19.309999465942383,19.329999923706055,49074,0.0,0.0
2024-05-30 15:40:00-04:00,19.325000762939453,19.34000015258789,19.325000762939453,19.334999084472656,99572,0.0,0.0
2024-05-30 15:45:00-04:00,19.329999923706055,19.350000381469727,19.329999923706055,19.34000015258789,123399,0.0,0.0
2024-05-30 15:50:00-04:00,19.329999923706055,19.364999771118164,19.31999969482422,19.364999771118164,134723,0.0,0.0
2024-05-30 15:55:00-04:00,19.362499237060547,19.420000076293945,19.350000381469727,19.40999984741211,655872,0.0,0.0
2024-05-31 09:30:00-04:00,19.59000015258789,19.59000015258789,19.405000686645508,19.575000762939453,148610,0.0,0.0
2024-05-31 09:35:00-04:00,19.579999923706055,19.635000228881836,19.575000762939453,19.59000015258789,82968,0.0,0.0
2024-05-31 09:40:00-04:00,19.600000381469727,19.639999389648438,19.584999084472656,19.594999313354492,30558,0.0,0.0
2024-05-31 09:45:00-04:00,19.600000381469727,19.600000381469727,19.5,19.5,35628,0.0,0.0
2024-05-31 09:50:00-04:00,19.510000228881836,19.56999969482422,19.5,19.55500030517578,30685,0.0,0.0
2024-05-31 09:55:00-04:00,19.559999465942383,19.614999771118164,19.559999465942383,19.614999771118164,39612,0.0,0.0
2024-05-31 10:00:00-04:00,19.614999771118164,19.6200008392334,19.56999969482422,19.56999969482422,37176,0.0,0.0
2024-05-31 10:05:00-04:00,19.578899383544922,19.59000015258789,19.55500030517578,19.55500030517578,39495,0.0,0.0
2024-05-31 10:10:00-04:00,19.55500030517578,19.575000762939453,19.549999237060547,19.549999237060547,17796,0.0,0.0
2024-05-31 10:15:00-04:00,19.549999237060547,19.579999923706055,19.540000915527344,19.575000762939453,23918,0.0,0.0
2024-05-31 10:20:00-04:00,19.575000762939453,19.655000686645508,19.56999969482422,19.625,31597,0.0,0.0
2024-05-31 10:25:00-04:00,19.625,19.639999389648438,19.610000610351562,19.614999771118164,38042,0.0,0.0
2024-05-31 10:30:00-04:00,19.610000610351562,19.639999389648438,19.59000015258789,19.6200008392334,40840,0.0,0.0
2024-05-31 10:35:00-04:00,19.6200008392334,19.674999237060547,19.614999771118164,19.66699981689453,36778,0.0,0.0
2024-05-31 10:40:00-04:00,19.665000915527344,19.670000076293945,19.6299991607666,19.649999618530273,19974,0.0,0.0
2024-05-31 10:45:00-04:00,19.645000457763672,19.68000030517578,19.645000457763672,19.68000030517578,21697,0.0,0.0
2024-05-31 10:50:00-04:00,19.674999237060547,19.700000762939453,19.674999237060547,19.690000534057617,27369,0.0,0.0
2024-05-31 10:55:00-04:00,19.69499969482422,19.709999084472656,19.682100296020508,19.700000762939453,36417,0.0,0.0
2024-05-31 11:00:00-04:00,19.69499969482422,19.709999084472656,19.674999237060547,19.674999237060547,23125,0.0,0.0
2024-05-31 11:05:00-04:00,19.674999237060547,19.725000381469727,19.674999237060547,19.71500015258789,26485,0.0,0.0
2024-05-31 11:10:00-04:00,19.71500015258789,19.739999771118164,19.71500015258789,19.735000610351562,19705,0.0,0.0
2024-05-31 11:15:00-04:00,19.739999771118164,19.739999771118164,19.69499969482422,19.69499969482422,40168,0.0,0.0
2024-05-31 11:20:00-04:00,19.69499969482422,19.700000762939453,19.665000915527344,19.690000534057617,41226,0.0,0.0
2024-05-31 11:25:00-04:00,19.68000030517578,19.688100814819336,19.665000915527344,19.68000030517578,18673,0.0,0.0
2024-05-31 11:30:00-04:00,19.674999237060547,19.68000030517578,19.649999618530273,19.655000686645508,17753,0.0,0.0
2024-05-31 11:35:00-04:00,19.655000686645508,19.670000076293945,19.645000457763672,19.645000457763672,23395,0.0,0.0
2024-05-31 11:40:00-04:00,19.639999389648438,19.690000534057617,19.639999389648438,19.674999237060547,22146,0.0,0.0
2024-05-31 11:45:00-04:00,19.674999237060547,19.674999237060547,19.65999984741211,19.665000915527344,14566,0.0,0.0
2024-05-31 11:50:00-04:00,19.665000915527344,19.670000076293945,19.649999618530273,19.670000076293945,24935,0.0,0.0
2024-05-31 11:55:00-04:00,19.65999984741211,19.65999984741211,19.649999618530273,19.655000686645508,9834,0.0,0.0
2024-05-31 12:00:00-04:00,19.649999618530273,19.670000076293945,19.649999618530273,19.665000915527344,48479,0.0,0.0
2024-05-31 12:05:00-04:00,19.665000915527344,19.674999237060547,19.649999618530273,19.674999237060547,20896,0.0,0.0
2024-05-31 12:10:00-04:00,19.674999237060547,19.684999465942383,19.65999984741211,19.674999237060547,25202,0.0,0.0
2024-05-31 12:15:00-04:00,19.68000030517578,19.690000534057617,19.670000076293945,19.674999237060547,19193,0.0,0.0
2024-05-31 12:20:00-04:00,19.674999237060547,19.690000534057617,19.65999984741211,19.68000030517578,22494,0.0,0.0
2024-05-31 12:25:00-04:00,19.688499450683594,19.690000534057617,19.670000076293945,19.68000030517578,21925,0.0,0.0
2024-05-31 12:30:00-04:00,19.670000076293945,19.690000534057617,19.670000076293945,19.690000534057617,20264,0.0,0.0
2024-05-31 12:35:00-04:00,19.690000534057617,19.690000534057617,19.670000076293945,19.670000076293945,28867,0.0,0.0
2024-05-31 12:40:00-04:00,19.674999237060547,19.68000030517578,19.65999984741211,19.674999237060547,29175,0.0,0.0
2024-05-31 12:45:00-04:00,19.68000030517578,19.68000030517578,19.670000076293945,19.67569923400879,13022,0.0,0.0
2024-05-31 12:50:00-04:00,19.674999237060547,19.674999237060547,19.65999984741211,19.670000076293945,15825,0.0,0.0
2024-05-31 12:55:00-04:00,19.670000076293945,19.674999237060547,19.649999618530273,19.665000915527344,32424,0.0,0.0
2024-05-31 13:00:00-04:00,19.670000076293945,19.690000534057617,19.670000076293945,19.684999465942383,13040,0.0,0.0
2024-05-31 13:05:00-04:00,19.690000534057617,19.709999084472656,19.690000534057617,19.709999084472656,13569,0.0,0.0
2024-05-31 13:10:00-04:00,19.704999923706055,19.709999084472656,19.69499969482422,19.700000762939453,53379,0.0,0.0
2024-05-31 13:15:00-04:00,19.700000762939453,19.709999084472656,19.690000534057617,19.709999084472656,21370,0.0,0.0
2024-05-31 13:20:00-04:00,19.704999923706055,19.71500015258789,19.69499969482422,19.700000762939453,19216,0.0,0.0
2024-05-31 13:25:00-04:00,19.704999923706055,19.725000381469727,19.704999923706055,19.719999313354492,15551,0.0,0.0
2024-05-31 13:30:00-04:00,19.725000381469727,19.729999542236328,19.71500015258789,19.729999542236328,12049,0.0,0.0
2024-05-31 13:35:00-04:00,19.722400665283203,19.739999771118164,19.722400665283203,19.735000610351562,10244,0.0,0.0
2024-05-31 13:40:00-04:00,19.735000610351562,19.790000915527344,19.729999542236328,19.780000686645508,39346,0.0,0.0
2024-05-31 13:45:00-04:00,19.780000686645508,19.78499984741211,19.780000686645508,19.78499984741211,21269,0.0,0.0
2024-05-31 13:50:00-04:00,19.78499984741211,19.809999465942383,19.774999618530273,19.77989959716797,44122,0.0,0.0
2024-05-31 13:55:00-04:00,19.774999618530273,19.790000915527344,19.772499084472656,19.78499984741211,21418,0.0,0.0
2024-05-31 14:00:00-04:00,19.78499984741211,19.790000915527344,19.770000457763672,19.78499984741211,42418,0.0,0.0
2024-05-31 14:05:00-04:00,19.78499984741211,19.80500030517578,19.780000686645508,19.795000076293945,29588,0.0,0.0
2024-05-31 14:10:00-04:00,19.795000076293945,19.795000076293945,19.780000686645508,19.78499984741211,41535,0.0,0.0
2024-05-31 14:15:00-04:00,19.790000915527344,19.84000015258789,19.780000686645508,19.84000015258789,46858,0.0,0.0
2024-05-31 14:20:00-04:00,19.84000015258789,19.850000381469727,19.834999084472656,19.844999313354492,39002,0.0,0.0
2024-05-31 14:25:00-04:00,19.844999313354492,19.850000381469727,19.81999969482422,19.834999084472656,37836,0.0,0.0
2024-05-31 14:30:00-04:00,19.829999923706055,19.844999313354492,19.829999923706055,19.829999923706055,50722,0.0,0.0
2024-05-31 14:35:00-04:00,19.829999923706055,19.8700008392334,19.829999923706055,19.864999771118164,40594,0.0,0.0
2024-05-31 14:40:00-04:00,19.864999771118164,19.8700008392334,19.84000015258789,19.8700008392334,63382,0.0,0.0
2024-05-31 14:45:00-04:00,19.864999771118164,19.8700008392334,19.850000381469727,19.854999542236328,28604,0.0,0.0
2024-05-31 14:50:00-04:00,19.854999542236328,19.8700008392334,19.84000015258789,19.844999313354492,31015,0.0,0.0
2024-05-31 14:55:00-04:00,19.844999313354492,19.8700008392334,19.844999313354492,19.864999771118164,39178,0.0,0.0
2024-05-31 15:00:00-04:00,19.864999771118164,19.8700008392334,19.81999969482422,19.825000762939453,78558,0.0,0.0
2024-05-31 15:05:00-04:00,19.825000762939453,19.850000381469727,19.81999969482422,19.825000762939453,44960,0.0,0.0
2024-05-31 15:10:00-04:00,19.829999923706055,19.850000381469727,19.825000762939453,19.84000015258789,40953,0.0,0.0
2024-05-31 15:15:00-04:00,19.84000015258789,19.850000381469727,19.81999969482422,19.834999084472656,81532,0.0,0.0
2024-05-31 15:20:00-04:00,19.829999923706055,19.850000381469727,19.81999969482422,19.850000381469727,48670,0.0,0.0
2024-05-31 15:25:00-04:00,19.844999313354492,19.850000381469727,19.825000762939453,19.825000762939453,42467,0.0,0.0
2024-05-31 15:30:00-04:00,19.81999969482422,19.84000015258789,19.81999969482422,19.834999084472656,50173,0.0,0.0
2024-05-31 15:35:00-04:00,19.834999084472656,19.84000015258789,19.809999465942383,19.825000762939453,70407,0.0,0.0
2024-05-31 15:40:00-04:00,19.825000762939453,19.889999389648438,19.825000762939453,19.885000228881836,101097,0.0,0.0
2024-05-31 15:45:00-04:00,19.88800048828125,19.90999984741211,19.8799991607666,19.905000686645508,97587,0.0,0.0
2024-05-31 15:50:00-04:00,19.920000076293945,19.93000030517578,19.8799991607666,19.889999389648438,281028,0.0,0.0
2024-05-31 15:55:00-04:00,19.895000457763672,19.959999084472656,19.889999389648438,19.920000076293945,995373,0.0,0.0
2024-06-03 09:30:00-04:00,19.850000381469727,19.989999771118164,19.844999313354492,19.979999542236328,158969,0.0,0.0
2024-06-03 09:35:00-04:00,19.979999542236328,20.020000457763672,19.889999389648438,19.950000762939453,63862,0.0,0.0
2024-06-03 09:40:00-04:00,19.94499969482422,20.040000915527344,19.920000076293945,20.030000686645508,53119,0.0,0.0
2024-06-03 09:45:00-04:00,20.040000915527344,20.05500030517578,19.940000534057617,19.959999084472656,52121,0.0,0.0
2024-06-03 09:50:00-04:00,19.959999084472656,19.989999771118164,19.875,19.8799991607666,130409,0.0,0.0
2024-06-03 09:55:00-04:00,19.860000610351562,19.860000610351562,19.81999969482422,19.860000610351562,28106,0.0,0.0
2024-06-03 10:00:00-04:00,19.860000610351562,19.954999923706055,19.860000610351562,19.954999923706055,30405,0.0,0.0
2024-06-03 10:05:00-04:00,19.954999923706055,19.954999923706055,19.915000915527344,19.93000030517578,38801,0.0,0.0
2024-06-03 10:10:00-04:00,19.924999237060547,19.94499969482422,19.915000915527344,19.934999465942383,43061,0.0,0.0
2024-06-03 10:15:00-04:00,19.94499969482422,19.96500015258789,19.93000030517578,19.959999084472656,23831,0.0,0.0
2024-06-03 10:20:00-04:00,19.959999084472656,19.979999542236328,19.940000534057617,19.950000762939453,28335,0.0,0.0
2024-06-03 10:25:00-04:00,19.950000762939453,19.975000381469727,19.93000030517578,19.93000030517578,12076,0.0,0.0
2024-06-03 10:30:00-04:00,19.93000030517578,19.93000030517578,19.899999618530273,19.90999984741211,22084,0.0,0.0
2024-06-03 10:35:00-04:00,19.905000686645508,19.93000030517578,19.8799991607666,19.895000457763672,24625,0.0,0.0
2024-06-03 10:40:00-04:00,19.897499084472656,19.915000915527344,19.8700008392334,19.905000686645508,22094,0.0,0.0
2024-06-03 10:45:00-04:00,19.905000686645508,19.940000534057617,19.84000015258789,19.850000381469727,26809,0.0,0.0
2024-06-03 10:50:00-04:00,19.844999313354492,19.8799991607666,19.809999465942383,19.809999465942383,23899,0.0,0.0
2024-06-03 10:55:00-04:00,19.815000534057617,19.815000534057617,19.780000686645508,19.809999465942383,16139,0.0,0.0
2024-06-03 11:00:00-04:00,19.809999465942383,19.834999084472656,19.795000076293945,19.834999084472656,21005,0.0,0.0
2024-06-03 11:05:00-04:00,19.829999923706055,19.860000610351562,19.815000534057617,19.860000610351562,14453,0.0,0.0
2024-06-03 11:10:00-04:00,19.8700008392334,19.887500762939453,19.850000381469727,19.875,17307,0.0,0.0
2024-06-03 11:15:00-04:00,19.8799991607666,19.889999389648438,19.8700008392334,19.8700008392334,18739,0.0,0.0
2024-06-03 11:20:00-04:00,19.8700008392334,19.920000076293945,19.864999771118164,19.899999618530273,27767,0.0,0.0
2024-06-03 11:25:00-04:00,19.90999984741211,19.90999984741211,19.885000228881836,19.905000686645508,20072,0.0,0.0
2024-06-03 11:30:00-04:00,19.905000686645508,19.905000686645508,19.8700008392334,19.880399703979492,20114,0.0,0.0
2024-06-03 11:35:00-04:00,19.8799991607666,19.885000228881836,19.860000610351562,19.875,23099,0.0,0.0
2024-06-03 11:40:00-04:00,19.875,19.8799991607666,19.864999771118164,19.8799991607666,14474,0.0,0.0
2024-06-03 11:45:00-04:00,19.8799991607666,19.915000915527344,19.875,19.905000686645508,21369,0.0,0.0
2024-06-03 11:50:00-04:00,19.905000686645508,19.90999984741211,19.885000228881836,19.900100708007812,17948,0.0,0.0
2024-06-03 11:55:00-04:00,19.899999618530273,19.899999618530273,19.8700008392334,19.8700008392334,11658,0.0,0.0
2024-06-03 12:00:00-04:00,19.8799991607666,19.885000228881836,19.8700008392334,19.8700008392334,5750,0.0,0.0
2024-06-03 12:05:00-04:00,19.875,19.875,19.854999542236328,19.860000610351562,20994,0.0,0.0
2024-06-03 12:10:00-04:00,19.860000610351562,19.864999771118164,19.829999923706055,19.829999923706055,22981,0.0,0.0
2024-06-03 12:15:00-04:00,19.834999084472656,19.834999084472656,19.799999237060547,19.829999923706055,32231,0.0,0.0
2024-06-03 12:20:00-04:00,19.834999084472656,19.860000610351562,19.825000762939453,19.854999542236328,45585,0.0,0.0
2024-06-03 12:25:00-04:00,19.854999542236328,19.864999771118164,19.834999084472656,19.84000015258789,27635,0.0,0.0
2024-06-03 12:30:00-04:00,19.834999084472656,19.84000015258789,19.790000915527344,19.795000076293945,96891,0.0,0.0
2024-06-03 12:35:00-04:00,19.790000915527344,19.809999465942383,19.725000381469727,19.7450008392334,136246,0.0,0.0
2024-06-03 12:40:00-04:00,19.75,19.75,19.729999542236328,19.7450008392334,39779,0.0,0.0
2024-06-03 12:45:00-04:00,19.74250030517578,19.75,19.729999542236328,19.729999542236328,74297,0.0,0.0
2024-06-03 12:50:00-04:00,19.735000610351562,19.739999771118164,19.690000534057617,19.69499969482422,117007,0.0,0.0
2024-06-03 12:55:00-04:00,19.690000534057617,19.75,19.690000534057617,19.739999771118164,30199,0.0,0.0
2024-06-03 13:00:00-04:00,19.739999771118164,19.7549991607666,19.739999771118164,19.7450008392334,29709,0.0,0.0
2024-06-03 13:05:00-04:00,19.7450008392334,19.75,19.719999313354492,19.725000381469727,15670,0.0,0.0
2024-06-03 13:10:00-04:00,19.719999313354492,19.719999313354492,19.684999465942383,19.709999084472656,22615,0.0,0.0
2024-06-03 13:15:00-04:00,19.704999923706055,19.75,19.704999923706055,19.75,15873,0.0,0.0
2024-06-03 13:20:00-04:00,19.75,19.75,19.729999542236328,19.729999542236328,22821,0.0,0.0
2024-06-03 13:25:00-04:00,19.729999542236328,19.739999771118164,19.719999313354492,19.739999771118164,14851,0.0,0.0
2024-06-03 13:30:00-04:00,19.735000610351562,19.7450008392334,19.729999542236328,19.735000610351562,21836,0.0,0.0
2024-06-03 13:35:00-04:00,19.729999542236328,19.790000915527344,19.729999542236328,19.780000686645508,45115,0.0,0.0
2024-06-03 13:40:00-04:00,19.78499984741211,19.790000915527344,19.75,19.7549991607666,27316,0.0,0.0
2024-06-03 13:45:00-04:00,19.7549991607666,19.780000686645508,19.7549991607666,19.774999618530273,6671,0.0,0.0
2024-06-03 13:50:00-04:00,19.774999618530273,19.780000686645508,19.760000228881836,19.764999389648438,20054,0.0,0.0
2024-06-03 13:55:00-04:00,19.760000228881836,19.780000686645508,19.760000228881836,19.760000228881836,30341,0.0,0.0
2024-06-03 14:00:00-04:00,19.760000228881836,19.770000457763672,19.75,19.760000228881836,192955,0.0,0.0
2024-06-03 14:05:00-04:00,19.764999389648438,19.764999389648438,19.75,19.7549991607666,20115,0.0,0.0
2024-06-03 14:10:00-04:00,19.7549991607666,19.790000915527344,19.75,19.760000228881836,167015,0.0,0.0
2024-06-03 14:15:00-04:00,19.764999389648438,19.780000686645508,19.760000228881836,19.774999618530273,19252,0.0,0.0
2024-06-03 14:20:00-04:00,19.77750015258789,19.809999465942383,19.774999618530273,19.780000686645508,20896,0.0,0.0
2024-06-03 14:25:00-04:00,19.78499984741211,19.795000076293945,19.770000457763672,19.770000457763672,66156,0.0,0.0
2024-06-03 14:30:00-04:00,19.770000457763672,19.795000076293945,19.75,19.760000228881836,85114,0.0,0.0
2024-06-03 14:35:00-04:00,19.760000228881836,19.780000686645508,19.760000228881836,19.774999618530273,28355,0.0,0.0
2024-06-03 14:40:00-04:00,19.774999618530273,19.780000686645508,19.760000228881836,19.760000228881836,51014,0.0,0.0
2024-06-03 14:45:00-04:00,19.760000228881836,19.780000686645508,19.75,19.780000686645508,25241,0.0,0.0
2024-06-03 14:50:00-04:00,19.774999618530273,19.774999618530273,19.739999771118164,19.739999771118164,37852,0.0,0.0
2024-06-03 14:55:00-04:00,19.739999771118164,19.790000915527344,19.739999771118164,19.780000686645508,229779,0.0,0.0
2024-06-03 15:00:00-04:00,19.78499984741211,19.809999465942383,19.78499984741211,19.790000915527344,20271,0.0,0.0
2024-06-03 15:05:00-04:00,19.790000915527344,19.80500030517578,19.780000686645508,19.790000915527344,27074,0.0,0.0
2024-06-03 15:10:00-04:00,19.790000915527344,19.799999237060547,19.770000457763672,19.770000457763672,100494,0.0,0.0
2024-06-03 15:15:00-04:00,19.770000457763672,19.774999618530273,19.760000228881836,19.760000228881836,20645,0.0,0.0
2024-06-03 15:20:00-04:00,19.760000228881836,19.774999618530273,19.7549991607666,19.764999389648438,35304,0.0,0.0
2024-06-03 15:25:00-04:00,19.760000228881836,19.774999618530273,19.75,19.75,58103,0.0,0.0
2024-06-03 15:30:00-04:00,19.75,19.75749969482422,19.735000610351562,19.739999771118164,41001,0.0,0.0
2024-06-03 15:35:00-04:00,19.739999771118164,19.760000228881836,19.735000610351562,19.739999771118164,41400,0.0,0.0
2024-06-03 15:40:00-04:00,19.748300552368164,19.770000457763672,19.739999771118164,19.764999389648438,33288,0.0,0.0
2024-06-03 15:45:00-04:00,19.76810073852539,19.774999618530273,19.739999771118164,19.739999771118164,49228,0.0,0.0
2024-06-03 15:50:00-04:00,19.739999771118164,19.780000686645508,19.729999542236328,19.774999618530273,86248,0.0,0.0
2024-06-03 15:55:00-04:00,19.770000457763672,19.780000686645508,19.75,19.770000457763672,262635,0.0,0.0
2024-06-04 09:30:00-04:00,19.709999084472656,19.780000686645508,19.670000076293945,19.780000686645508,40386,0.0,0.0
2024-06-04 09:35:00-04:00,19.799999237060547,19.84000015258789,19.795000076293945,19.799999237060547,22472,0.0,0.0
2024-06-04 09:40:00-04:00,19.805999755859375,19.825000762939453,19.7450008392334,19.815000534057617,46766,0.0,0.0
2024-06-04 09:45:00-04:00,19.815000534057617,19.844999313354492,19.799999237060547,19.81999969482422,16851,0.0,0.0
2024-06-04 09:50:00-04:00,19.825000762939453,19.8700008392334,19.81999969482422,19.860000610351562,43004,0.0,0.0
2024-06-04 09:55:00-04:00,19.860000610351562,19.8700008392334,19.844999313354492,19.8700008392334,13536,0.0,0.0
2024-06-04 10:00:00-04:00,19.8799991607666,19.924999237060547,19.860000610351562,19.8700008392334,29294,0.0,0.0
2024-06-04 10:05:00-04:00,19.860000610351562,19.889999389648438,19.84000015258789,19.854999542236328,18375,0.0,0.0
2024-06-04 10:10:00-04:00,19.850000381469727,19.8700008392334,19.834999084472656,19.854999542236328,29830,0.0,0.0
2024-06-04 10:15:00-04:00,19.854999542236328,19.899999618530273,19.854999542236328,19.8700008392334,21048,0.0,0.0
2024-06-04 10:20:00-04:00,19.875,19.8799991607666,19.844999313354492,19.844999313354492,10812,0.0,0.0
2024-06-04 10:25:00-04:00,19.84000015258789,19.8799991607666,19.84000015258789,19.875,21419,0.0,0.0
2024-06-04 10:30:00-04:00,19.8799991607666,19.905000686645508,19.875,19.885000228881836,18487,0.0,0.0
2024-06-04 10:35:00-04:00,19.889999389648438,19.905000686645508,19.875,19.8799991607666,20624,0.0,0.0
2024-06-04 10:40:00-04:00,19.889999389648438,19.959999084472656,19.889999389648438,19.950000762939453,40245,0.0,0.0
2024-06-04 10:45:00-04:00,19.950000762939453,19.950000762939453,19.930099487304688,19.940000534057617,17240,0.0,0.0
2024-06-04 10:50:00-04:00,19.940000534057617,19.950000762939453,19.934999465942383,19.950000762939453,13502,0.0,0.0
2024-06-04 10:55:00-04:00,19.940000534057617,19.94499969482422,19.915000915527344,19.920000076293945,14909,0.0,0.0
2024-06-04 11:00:00-04:00,19.920000076293945,19.93000030517578,19.895000457763672,19.920000076293945,19354,0.0,0.0
2024-06-04 11:05:00-04:00,19.919700622558594,19.924999237060547,19.899999618530273,19.920000076293945,11662,0.0,0.0
2024-06-04 11:10:00-04:00,19.920000076293945,19.934999465942383,19.920000076293945,19.924999237060547,9867,0.0,0.0
2024-06-04 11:15:00-04:00,19.93000030517578,19.969999313354492,19.93000030517578,19.96500015258789,36787,0.0,0.0
2024-06-04 11:20:00-04:00,19.959999084472656,19.989999771118164,19.959999084472656,19.969999313354492,66408,0.0,0.0
2024-06-04 11:25:00-04:00,19.963699340820312,20.0,19.963699340820312,19.9950008392334,31876,0.0,0.0
2024-06-04 11:30:00-04:00,19.989999771118164,19.9950008392334,19.979999542236328,19.9950008392334,42912,0.0,0.0
2024-06-04 11:35:00-04:00,19.9950008392334,19.9950008392334,19.954999923706055,19.962099075317383,15010,0.0,0.0
2024-06-04 11:40:00-04:00,19.96500015258789,19.989999771118164,19.94499969482422,19.954999923706055,38831,0.0,0.0
2024-06-04 11:45:00-04:00,19.954999923706055,19.96500015258789,19.93000030517578,19.93000030517578,32514,0.0,0.0
2024-06-04 11:50:00-04:00,19.93000030517578,19.940000534057617,19.920000076293945,19.934999465942383,12032,0.0,0.0
2024-06-04 11:55:00-04:00,19.93000030517578,19.940000534057617,19.899999618530273,19.920000076293945,15012,0.0,0.0
2024-06-04 12:00:00-04:00,19.920000076293945,19.924999237060547,19.915000915527344,19.920000076293945,7715,0.0,0.0
2024-06-04 12:05:00-04:00,19.924999237060547,19.924999237060547,19.861099243164062,19.861099243164062,101881,0.0,0.0
2024-06-04 12:10:00-04:00,19.864999771118164,19.8700008392334,19.80500030517578,19.815000534057617,257644,0.0,0.0
2024-06-04 12:15:00-04:00,19.819900512695312,19.84000015258789,19.809999465942383,19.815000534057617,18332,0.0,0.0
2024-06-04 12:20:00-04:00,19.815000534057617,19.829999923706055,19.815000534057617,19.825000762939453,20311,0.0,0.0
2024-06-04 12:25:00-04:00,19.81999969482422,19.864999771118164,19.81999969482422,19.860000610351562,18240,0.0,0.0
2024-06-04 12:30:00-04:00,19.850000381469727,19.850000381469727,19.829999923706055,19.844999313354492,12166,0.0,0.0
2024-06-04 12:35:00-04:00,19.850000381469727,19.854999542236328,19.84000015258789,19.844999313354492,18323,0.0,0.0
2024-06-04 12:40:00-04:00,19.844999313354492,19.8700008392334,19.84000015258789,19.864999771118164,20950,0.0,0.0
2024-06-04 12:45:00-04:00,19.864999771118164,19.889999389648438,19.864999771118164,19.875,18590,0.0,0.0
2024-06-04 12:50:00-04:00,19.8700008392334,19.875,19.844999313354492,19.860000610351562,15618,0.0,0.0
2024-06-04 12:55:00-04:00,19.854999542236328,19.860000610351562,19.850000381469727,19.860000610351562,19787,0.0,0.0
2024-06-04 13:00:00-04:00,19.854999542236328,19.854999542236328,19.829999923706055,19.844999313354492,22668,0.0,0.0
2024-06-04 13:05:00-04:00,19.850000381469727,19.854999542236328,19.84000015258789,19.850000381469727,6749,0.0,0.0
2024-06-04 13:10:00-04:00,19.850000381469727,19.8799991607666,19.850000381469727,19.864999771118164,13170,0.0,0.0
2024-06-04 13:15:00-04:00,19.864999771118164,19.8700008392334,19.860000610351562,19.86009979248047,7729,0.0,0.0
2024-06-04 13:20:00-04:00,19.864999771118164,19.889999389648438,19.860000610351562,19.889999389648438,96442,0.0,0.0
2024-06-04 13:25:00-04:00,19.889999389648438,19.90999984741211,19.8700008392334,19.899999618530273,194939,0.0,0.0
2024-06-04 13:30:00-04:00,19.899999618530273,19.915000915527344,19.8799991607666,19.899999618530273,363266,0.0,0.0
2024-06-04 13:35:00-04:00,19.899999618530273,19.920000076293945,19.8799991607666,19.899999618530273,151272,0.0,0.0
2024-06-04 13:40:00-04:00,19.895000457763672,19.899999618530273,19.850000381469727,19.854999542236328,69480,0.0,0.0
2024-06-04 13:45:00-04:00,19.85059928894043,19.860000610351562,19.850099563598633,19.854999542236328,35336,0.0,0.0
2024-06-04 13:50:00-04:00,19.860000610351562,19.860000610351562,19.829999923706055,19.834999084472656,17196,0.0,0.0
2024-06-04 13:55:00-04:00,19.829999923706055,19.844999313354492,19.81999969482422,19.825000762939453,15479,0.0,0.0
2024-06-04 14:00:00-04:00,19.81999969482422,19.850000381469727,19.81999969482422,19.850000381469727,22134,0.0,0.0
2024-06-04 14:05:00-04:00,19.850000381469727,19.850000381469727,19.834999084472656,19.834999084472656,28557,0.0,0.0
2024-06-04 14:10:00-04:00,19.834999084472656,19.84000015258789,19.81999969482422,19.825000762939453,20737,0.0,0.0
2024-06-04 14:15:00-04:00,19.81999969482422,19.850000381469727,19.81999969482422,19.834999084472656,22239,0.0,0.0
2024-06-04 14:20:00-04:00,19.84000015258789,19.8799991607666,19.834999084472656,19.8799991607666,12569,0.0,0.0
2024-06-04 14:25:00-04:00,19.875,19.90999984741211,19.8700008392334,19.90999984741211,34377,0.0,0.0
2024-06-04 14:30:00-04:00,19.90999984741211,19.90999984741211,19.889999389648438,19.900699615478516,40244,0.0,0.0
2024-06-04 14:35:00-04:00,19.90999984741211,19.915000915527344,19.905000686645508,19.915000915527344,20337,0.0,0.0
2024-06-04 14:40:00-04:00,19.915000915527344,19.915000915527344,19.8799991607666,19.889999389648438,42067,0.0,0.0
2024-06-04 14:45:00-04:00,19.889999389648438,19.895000457763672,19.8799991607666,19.885000228881836,17345,0.0,0.0
2024-06-04 14:50:00-04:00,19.889999389648438,19.899999618530273,19.889999389648438,19.895000457763672,21905,0.0,0.0
2024-06-04 14:55:00-04:00,19.899999618530273,19.907499313354492,19.875,19.875,34826,0.0,0.0
2024-06-04 15:00:00-04:00,19.8700008392334,19.8799991607666,19.84000015258789,19.84000015258789,15351,0.0,0.0
2024-06-04 15:05:00-04:00,19.84000015258789,19.850000381469727,19.81999969482422,19.81999969482422,55718,0.0,0.0
2024-06-04 15:10:00-04:00,19.81999969482422,19.84000015258789,19.81999969482422,19.84000015258789,23345,0.0,0.0
2024-06-04 15:15:00-04:00,19.834999084472656,19.84000015258789,19.81999969482422,19.829999923706055,42355,0.0,0.0
2024-06-04 15:20:00-04:00,19.834999084472656,19.860000610351562,19.834999084472656,19.849899291992188,31869,0.0,0.0
2024-06-04 15:25:00-04:00,19.844999313354492,19.8700008392334,19.84000015258789,19.850000381469727,33978,0.0,0.0
2024-06-04 15:30:00-04:00,19.860000610351562,19.8700008392334,19.852500915527344,19.8700008392334,22630,0.0,0.0
2024-06-04 15:35:00-04:00,19.864999771118164,19.875,19.850000381469727,19.854999542236328,71728,0.0,0.0
2024-06-04 15:40:00-04:00,19.860000610351562,19.8700008392334,19.854999542236328,19.860000610351562,59661,0.0,0.0
2024-06-04 15:45:00-04:00,19.854999542236328,19.860000610351562,19.850000381469727,19.850000381469727,50564,0.0,0.0
2024-06-04 15:50:00-04:00,19.850000381469727,19.850000381469727,19.809999465942383,19.815000534057617,115389,0.0,0.0
2024-06-04 15:55:00-04:00,19.809999465942383,19.809999465942383,19.729999542236328,19.739999771118164,407109,0.0,0.0
2024-06-05 09:30:00-04:00,19.719999313354492,19.75,19.56999969482422,19.579999923706055,40555,0.0,0.0
2024-06-05 09:35:00-04:00,19.579999923706055,19.6200008392334,19.559999465942383,19.600000381469727,30971,0.0,0.0
2024-06-05 09:40:00-04:00,19.6200008392334,19.649999618530273,19.59000015258789,19.625,14332,0.0,0.0
2024-06-05 09:45:00-04:00,19.6299991607666,19.6299991607666,19.559999465942383,19.579999923706055,22908,0.0,0.0
2024-06-05 09:50:00-04:00,19.579999923706055,19.59000015258789,19.530000686645508,19.530000686645508,13394,0.0,0.0
2024-06-05 09:55:00-04:00,19.53499984741211,19.559999465942383,19.510000228881836,19.559999465942383,18422,0.0,0.0
2024-06-05 10:00:00-04:00,19.549999237060547,19.559999465942383,19.489999771118164,19.55500030517578,23805,0.0,0.0
2024-06-05 10:05:00-04:00,19.559999465942383,19.56999969482422,19.540000915527344,19.540000915527344,14097,0.0,0.0
2024-06-05 10:10:00-04:00,19.549999237060547,19.549999237060547,19.520000457763672,19.524999618530273,10161,0.0,0.0
2024-06-05 10:15:00-04:00,19.530000686645508,19.56999969482422,19.524999618530273,19.549999237060547,19252,0.0,0.0
2024-06-05 10:20:00-04:00,19.549999237060547,19.59000015258789,19.549999237060547,19.584999084472656,13210,0.0,0.0
2024-06-05 10:25:00-04:00,19.584999084472656,19.58989906311035,19.53499984741211,19.55500030517578,16719,0.0,0.0
2024-06-05 10:30:00-04:00,19.559999465942383,19.584999084472656,19.549999237060547,19.584999084472656,17539,0.0,0.0
2024-06-05 10:35:00-04:00,19.59000015258789,19.600000381469727,19.579999923706055,19.594999313354492,10291,0.0,0.0
2024-06-05 10:40:00-04:00,19.594999313354492,19.6200008392334,19.584999084472656,19.584999084472656,12917,0.0,0.0
2024-06-05 10:45:00-04:00,19.584299087524414,19.59000015258789,19.540000915527344,19.540000915527344,37219,0.0,0.0
2024-06-05 10:50:00-04:00,19.540000915527344,19.549999237060547,19.530000686645508,19.540000915527344,12464,0.0,0.0
2024-06-05 10:55:00-04:00,19.545000076293945,19.559999465942383,19.540000915527344,19.55500030517578,31052,0.0,0.0
2024-06-05 11:00:00-04:00,19.55500030517578,19.56999969482422,19.540000915527344,19.559999465942383,17743,0.0,0.0
2024-06-05 11:05:00-04:00,19.569000244140625,19.56999969482422,19.55500030517578,19.559999465942383,15772,0.0,0.0
2024-06-05 11:10:00-04:00,19.559999465942383,19.570100784301758,19.559999465942383,19.56999969482422,15677,0.0,0.0
2024-06-05 11:15:00-04:00,19.56999969482422,19.584999084472656,19.559999465942383,19.577899932861328,21182,0.0,0.0
2024-06-05 11:20:00-04:00,19.56999969482422,19.56999969482422,19.559999465942383,19.565000534057617,8558,0.0,0.0
2024-06-05 11:25:00-04:00,19.559999465942383,19.56999969482422,19.559999465942383,19.565000534057617,9079,0.0,0.0
2024-06-05 11:30:00-04:00,19.565000534057617,19.59000015258789,19.55500030517578,19.59000015258789,40258,0.0,0.0
2024-06-05 11:35:00-04:00,19.584999084472656,19.6299991607666,19.579999923706055,19.6299991607666,14651,0.0,0.0
2024-06-05 11:40:00-04:00,19.6299991607666,19.6299991607666,19.6200008392334,19.625,9293,0.0,0.0
2024-06-05 11:45:00-04:00,19.6299991607666,19.639999389648438,19.59000015258789,19.59000015258789,45686,0.0,0.0
2024-06-05 11:50:00-04:00,19.59000015258789,19.610000610351562,19.59000015258789,19.604999542236328,22072,0.0,0.0
2024-06-05 11:55:00-04:00,19.600000381469727,19.610000610351562,19.59000015258789,19.59000015258789,6235,0.0,0.0
2024-06-05 12:00:00-04:00,19.59000015258789,19.59000015258789,19.579999923706055,19.579999923706055,11789,0.0,0.0
2024-06-05 12:05:00-04:00,19.584999084472656,19.584999084472656,19.56999969482422,19.56999969482422,22039,0.0,0.0
2024-06-05 12:10:00-04:00,19.579999923706055,19.59000015258789,19.56999969482422,19.584999084472656,50064,0.0,0.0
2024-06-05 12:15:00-04:00,19.584999084472656,19.59000015258789,19.559999465942383,19.565000534057617,21729,0.0,0.0
2024-06-05 12:20:00-04:00,19.559999465942383,19.565000534057617,19.53499984741211,19.53499984741211,10562,0.0,0.0
2024-06-05 12:25:00-04:00,19.53499984741211,19.540000915527344,19.530000686645508,19.540000915527344,10382,0.0,0.0
2024-06-05 12:30:00-04:00,19.530000686645508,19.545000076293945,19.530000686645508,19.540000915527344,21401,0.0,0.0
2024-06-05 12:35:00-04:00,19.545000076293945,19.56999969482422,19.53499984741211,19.56999969482422,21725,0.0,0.0
2024-06-05 12:40:00-04:00,19.56999969482422,19.575000762939453,19.560100555419922,19.560100555419922,8068,0.0,0.0
2024-06-05 12:45:00-04:00,19.56999969482422,19.575000762939453,19.55500030517578,19.575000762939453,19902,0.0,0.0
2024-06-05 12:50:00-04:00,19.56999969482422,19.579999923706055,19.559999465942383,19.565000534057617,15879,0.0,0.0
2024-06-05 12:55:00-04:00,19.565000534057617,19.56999969482422,19.559999465942383,19.56999969482422,9322,0.0,0.0
2024-06-05 13:00:00-04:00,19.565000534057617,19.579999923706055,19.559999465942383,19.565000534057617,18841,0.0,0.0
2024-06-05 13:05:00-04:00,19.565000534057617,19.579999923706055,19.559999465942383,19.575000762939453,11656,0.0,0.0
2024-06-05 13:10:00-04:00,19.579999923706055,19.579999923706055,19.565000534057617,19.56999969482422,22221,0.0,0.0
2024-06-05 13:15:00-04:00,19.56999969482422,19.575000762939453,19.559999465942383,19.559999465942383,12463,0.0,0.0
2024-06-05 13:20:00-04:00,19.559999465942383,19.565000534057617,19.530000686645508,19.53499984741211,48460,0.0,0.0
2024-06-05 13:25:00-04:00,19.53499984741211,19.559999465942383,19.530000686645508,19.559999465942383,20716,0.0,0.0
2024-06-05 13:30:00-04:00,19.559999465942383,19.559999465942383,19.53499984741211,19.549999237060547,19627,0.0,0.0
2024-06-05 13:35:00-04:00,19.545000076293945,19.549999237060547,19.530000686645508,19.53499984741211,9973,0.0,0.0
2024-06-05 13:40:00-04:00,19.530000686645508,19.56999969482422,19.520000457763672,19.559999465942383,48672,0.0,0.0
2024-06-05 13:45:00-04:00,19.565000534057617,19.579999923706055,19.530000686645508,19.53499984741211,34786,0.0,0.0
2024-06-05 13:50:00-04:00,19.53499984741211,19.545000076293945,19.530000686645508,19.53499984741211,15384,0.0,0.0
2024-06-05 13:55:00-04:00,19.53499984741211,19.540000915527344,19.510000228881836,19.514999389648438,15254,0.0,0.0
2024-06-05 14:00:00-04:00,19.514999389648438,19.520000457763672,19.510000228881836,19.514999389648438,8740,0.0,0.0
2024-06-05 14:05:00-04:00,19.510000228881836,19.520000457763672,19.4950008392334,19.520000457763672,29119,0.0,0.0
2024-06-05 14:10:00-04:00,19.513999938964844,19.53499984741211,19.510000228881836,19.530000686645508,18225,0.0,0.0
2024-06-05 14:15:00-04:00,19.524999618530273,19.530000686645508,19.489999771118164,19.5,34050,0.0,0.0
2024-06-05 14:20:00-04:00,19.510000228881836,19.530000686645508,19.504600524902344,19.530000686645508,14617,0.0,0.0
2024-06-05 14:25:00-04:00,19.530000686645508,19.53499984741211,19.5,19.5,30601,0.0,0.0
2024-06-05 14:30:00-04:00,19.5049991607666,19.530000686645508,19.469999313354492,19.524999618530273,88275,0.0,0.0
2024-06-05 14:35:00-04:00,19.524999618530273,19.530000686645508,19.520000457763672,19.524999618530273,15273,0.0,0.0
2024-06-05 14:40:00-04:00,19.524999618530273,19.549999237060547,19.524999618530273,19.53499984741211,37780,0.0,0.0
2024-06-05 14:45:00-04:00,19.53499984741211,19.549999237060547,19.530000686645508,19.545000076293945,31780,0.0,0.0
2024-06-05 14:50:00-04:00,19.545000076293945,19.545000076293945,19.510000228881836,19.510000228881836,36430,0.0,0.0
2024-06-05 14:55:00-04:00,19.510499954223633,19.520000457763672,19.5,19.5049991607666,20159,0.0,0.0
2024-06-05 15:00:00-04:00,19.5049991607666,19.530000686645508,19.5,19.524999618530273,31823,0.0,0.0
2024-06-05 15:05:00-04:00,19.530000686645508,19.530000686645508,19.510000228881836,19.514999389648438,18787,0.0,0.0
2024-06-05 15:10:00-04:00,19.514999389648438,19.520000457763672,19.5,19.5049991607666,24463,0.0,0.0
2024-06-05 15:15:00-04:00,19.5049991607666,19.540000915527344,19.489999771118164,19.53499984741211,58152,0.0,0.0
2024-06-05 15:20:00-04:00,19.53499984741211,19.53499984741211,19.5,19.5,74004,0.0,0.0
2024-06-05 15:25:00-04:00,19.510000228881836,19.520000457763672,19.479999542236328,19.479999542236328,61785,0.0,0.0
2024-06-05 15:30:00-04:00,19.479999542236328,19.4950008392334,19.479999542236328,19.485000610351562,40922,0.0,0.0
2024-06-05 15:35:00-04:00,19.485000610351562,19.520000457763672,19.479999542236328,19.514999389648438,51496,0.0,0.0
2024-06-05 15:40:00-04:00,19.510000228881836,19.514999389648438,19.5,19.503000259399414,29122,0.0,0.0
2024-06-05 15:45:00-04:00,19.510000228881836,19.510000228881836,19.5,19.5049991607666,52926,0.0,0.0
2024-06-05 15:50:00-04:00,19.5,19.530000686645508,19.489999771118164,19.514999389648438,137188,0.0,0.0
2024-06-05 15:55:00-04:00,19.520000457763672,19.56999969482422,19.510000228881836,19.559999465942383,254575,0.0,0.0
2024-06-06 09:30:00-04:00,19.440000534057617,19.489999771118164,19.3799991607666,19.389999389648438,47908,0.0,0.0
2024-06-06 09:35:00-04:00,19.385000228881836,19.450000762939453,19.3700008392334,19.434999465942383,15391,0.0,0.0
2024-06-06 09:40:00-04:00,19.43000030517578,19.510000228881836,19.43000030517578,19.510000228881836,14018,0.0,0.0
2024-06-06 09:45:00-04:00,19.510000228881836,19.55500030517578,19.510000228881836,19.524999618530273,22496,0.0,0.0
2024-06-06 09:50:00-04:00,19.524999618530273,19.530000686645508,19.489999771118164,19.520000457763672,12649,0.0,0.0
2024-06-06 09:55:00-04:00,19.520000457763672,19.540000915527344,19.520000457763672,19.520000457763672,4040,0.0,0.0
2024-06-06 10:00:00-04:00,19.530000686645508,19.546899795532227,19.49220085144043,19.49220085144043,12477,0.0,0.0
2024-06-06 10:05:00-04:00,19.5,19.510000228881836,19.485000610351562,19.4950008392334,17467,0.0,0.0
2024-06-06 10:10:00-04:00,19.4950008392334,19.5,19.485000610351562,19.489999771118164,7159,0.0,0.0
2024-06-06 10:15:00-04:00,19.485000610351562,19.500099182128906,19.475000381469727,19.500099182128906,6603,0.0,0.0
2024-06-06 10:20:00-04:00,19.506000518798828,19.510000228881836,19.489999771118164,19.4950008392334,11431,0.0,0.0
2024-06-06 10:25:00-04:00,19.489999771118164,19.510000228881836,19.485000610351562,19.510000228881836,8360,0.0,0.0
2024-06-06 10:30:00-04:00,19.514999389648438,19.514999389648438,19.475000381469727,19.4950008392334,12064,0.0,0.0
2024-06-06 10:35:00-04:00,19.5,19.5049991607666,19.4950008392334,19.4950008392334,5637,0.0,0.0
2024-06-06 10:40:00-04:00,19.489999771118164,19.5049991607666,19.469999313354492,19.495500564575195,11610,0.0,0.0
2024-06-06 10:45:00-04:00,19.489999771118164,19.489999771118164,19.475000381469727,19.485000610351562,10667,0.0,0.0
2024-06-06 10:50:00-04:00,19.479999542236328,19.4862003326416,19.46500015258789,19.479999542236328,9341,0.0,0.0
2024-06-06 10:55:00-04:00,19.489900588989258,19.5,19.485000610351562,19.5,10869,0.0,0.0
2024-06-06 11:00:00-04:00,19.499900817871094,19.506999969482422,19.489999771118164,19.489999771118164,5577,0.0,0.0
2024-06-06 11:05:00-04:00,19.489999771118164,19.514999389648438,19.489999771118164,19.510000228881836,23203,0.0,0.0
2024-06-06 11:10:00-04:00,19.5049991607666,19.524999618530273,19.5049991607666,19.524999618530273,8333,0.0,0.0
2024-06-06 11:15:00-04:00,19.520000457763672,19.540000915527344,19.520000457763672,19.530000686645508,9376,0.0,0.0
2024-06-06 11:20:00-04:00,19.540000915527344,19.56999969482422,19.540000915527344,19.565000534057617,8600,0.0,0.0
2024-06-06 11:25:00-04:00,19.559999465942383,19.56999969482422,19.55500030517578,19.55500030517578,5701,0.0,0.0
2024-06-06 11:30:00-04:00,19.55500030517578,19.565000534057617,19.552099227905273,19.565000534057617,7056,0.0,0.0
2024-06-06 11:35:00-04:00,19.559999465942383,19.579999923706055,19.559999465942383,19.579999923706055,6597,0.0,0.0
2024-06-06 11:40:00-04:00,19.575000762939453,19.584999084472656,19.575000762939453,19.584999084472656,8398,0.0,0.0
2024-06-06 11:45:00-04:00,19.584999084472656,19.584999084472656,19.559999465942383,19.565000534057617,9637,0.0,0.0
2024-06-06 11:50:00-04:00,19.559999465942383,19.565000534057617,19.559999465942383,19.56369972229004,2706,0.0,0.0
2024-06-06 11:55:00-04:00,19.56999969482422,19.59000015258789,19.559999465942383,19.559999465942383,17463,0.0,0.0
2024-06-06 12:00:00-04:00,19.559999465942383,19.559999465942383,19.545000076293945,19.545000076293945,6891,0.0,0.0
2024-06-06 12:05:00-04:00,19.540000915527344,19.545000076293945,19.540000915527344,19.545000076293945,2538,0.0,0.0
2024-06-06 12:10:00-04:00,19.540000915527344,19.540000915527344,19.53499984741211,19.540000915527344,9719,0.0,0.0
2024-06-06 12:15:00-04:00,19.545000076293945,19.549999237060547,19.524999618530273,19.540000915527344,15719,0.0,0.0
2024-06-06 12:20:00-04:00,19.545000076293945,19.545000076293945,19.530000686645508,19.540000915527344,17275,0.0,0.0
2024-06-06 12:25:00-04:00,19.540000915527344,19.549999237060547,19.53499984741211,19.549999237060547,11220,0.0,0.0
2024-06-06 12:30:00-04:00,19.549999237060547,19.559999465942383,19.54129981994629,19.55500030517578,4329,0.0,0.0
2024-06-06 12:35:00-04:00,19.55500030517578,19.559999465942383,19.545000076293945,19.559999465942383,14740,0.0,0.0
2024-06-06 12:40:00-04:00,19.55500030517578,19.579999923706055,19.55500030517578,19.575000762939453,6148,0.0,0.0
2024-06-06 12:45:00-04:00,19.56999969482422,19.56999969482422,19.549999237060547,19.55500030517578,6533,0.0,0.0
2024-06-06 12:50:00-04:00,19.55500030517578,19.56999969482422,19.55500030517578,19.559999465942383,8717,0.0,0.0
2024-06-06 12:55:00-04:00,19.559999465942383,19.559999465942383,19.534299850463867,19.53499984741211,9177,0.0,0.0
2024-06-06 13:00:00-04:00,19.530000686645508,19.549999237060547,19.530000686645508,19.549999237060547,7043,0.0,0.0
2024-06-06 13:05:00-04:00,19.540000915527344,19.540000915527344,19.530000686645508,19.530799865722656,4192,0.0,0.0
2024-06-06 13:10:00-04:00,19.530000686645508,19.549999237060547,19.530000686645508,19.549999237060547,5780,0.0,0.0
2024-06-06 13:15:00-04:00,19.549999237060547,19.55500030517578,19.54210090637207,19.549999237060547,16351,0.0,0.0
2024-06-06 13:20:00-04:00,19.549999237060547,19.559999465942383,19.53499984741211,19.559999465942383,13750,0.0,0.0
2024-06-06 13:25:00-04:00,19.565000534057617,19.565000534057617,19.540000915527344,19.55500030517578,61346,0.0,0.0
2024-06-06 13:30:00-04:00,19.55500030517578,19.559999465942383,19.540000915527344,19.549999237060547,16428,0.0,0.0
2024-06-06 13:35:00-04:00,19.55500030517578,19.584999084472656,19.55500030517578,19.584999084472656,11163,0.0,0.0
2024-06-06 13:40:00-04:00,19.584999084472656,19.610000610351562,19.584999084472656,19.600000381469727,14614,0.0,0.0
2024-06-06 13:45:00-04:00,19.600000381469727,19.610000610351562,19.600000381469727,19.610000610351562,8885,0.0,0.0
2024-06-06 13:50:00-04:00,19.6200008392334,19.6200008392334,19.600000381469727,19.600000381469727,8772,0.0,0.0
2024-06-06 13:55:00-04:00,19.604999542236328,19.6200008392334,19.59000015258789,19.6200008392334,35308,0.0,0.0
2024-06-06 14:00:00-04:00,19.614999771118164,19.614999771118164,19.59000015258789,19.594999313354492,20130,0.0,0.0
2024-06-06 14:05:00-04:00,19.594999313354492,19.594999313354492,19.53499984741211,19.53499984741211,38910,0.0,0.0
2024-06-06 14:10:00-04:00,19.534799575805664,19.549999237060547,19.520000457763672,19.549999237060547,20281,0.0,0.0
2024-06-06 14:15:00-04:00,19.549999237060547,19.56999969482422,19.549999237060547,19.56999969482422,11892,0.0,0.0
2024-06-06 14:20:00-04:00,19.5674991607666,19.56999969482422,19.549999237060547,19.549999237060547,21553,0.0,0.0
2024-06-06 14:25:00-04:00,19.549999237060547,19.55500030517578,19.53499984741211,19.55500030517578,20621,0.0,0.0
2024-06-06 14:30:00-04:00,19.559999465942383,19.56999969482422,19.549999237060547,19.55500030517578,18247,0.0,0.0
2024-06-06 14:35:00-04:00,19.549999237060547,19.555999755859375,19.540000915527344,19.549999237060547,8257,0.0,0.0
2024-06-06 14:40:00-04:00,19.55500030517578,19.56999969482422,19.549999237060547,19.559999465942383,18923,0.0,0.0
2024-06-06 14:45:00-04:00,19.55500030517578,19.559999465942383,19.549999237060547,19.559999465942383,7793,0.0,0.0
2024-06-06 14:50:00-04:00,19.55500030517578,19.604999542236328,19.549999237060547,19.600000381469727,36499,0.0,0.0
2024-06-06 14:55:00-04:00,19.610000610351562,19.614999771118164,19.604999542236328,19.604999542236328,8297,0.0,0.0
2024-06-06 15:00:00-04:00,19.600000381469727,19.605100631713867,19.59000015258789,19.605100631713867,16751,0.0,0.0
2024-06-06 15:05:00-04:00,19.610000610351562,19.625,19.604999542236328,19.610000610351562,16943,0.0,0.0
2024-06-06 15:10:00-04:00,19.614999771118164,19.625,19.579999923706055,19.579999923706055,66826,0.0,0.0
2024-06-06 15:15:00-04:00,19.579999923706055,19.59000015258789,19.575000762939453,19.584999084472656,18837,0.0,0.0
2024-06-06 15:20:00-04:00,19.579999923706055,19.594999313354492,19.575000762939453,19.59000015258789,30396,0.0,0.0
2024-06-06 15:25:00-04:00,19.59000015258789,19.600000381469727,19.56999969482422,19.584999084472656,105515,0.0,0.0
2024-06-06 15:30:00-04:00,19.584999084472656,19.59000015258789,19.559999465942383,19.559999465942383,27786,0.0,0.0
2024-06-06 15:35:00-04:00,19.559999465942383,19.56999969482422,19.530000686645508,19.565000534057617,60557,0.0,0.0
2024-06-06 15:40:00-04:00,19.565000534057617,19.56999969482422,19.549999237060547,19.55500030517578,74312,0.0,0.0
2024-06-06 15:45:00-04:00,19.549999237060547,19.559999465942383,19.530000686645508,19.55500030517578,65873,0.0,0.0
2024-06-06 15:50:00-04:00,19.549999237060547,19.559999465942383,19.530000686645508,19.55500030517578,131694,0.0,0.0
2024-06-06 15:55:00-04:00,19.55500030517578,19.55500030517578,19.510000228881836,19.53499984741211,302139,0.0,0.0
2024-06-07 09:30:00-04:00,19.170000076293945,19.264999389648438,19.065000534057617,19.125,100702,0.0,0.0
2024-06-07 09:35:00-04:00,19.1299991607666,19.15999984741211,19.049999237060547,19.145000457763672,43831,0.0,0.0
2024-06-07 09:40:00-04:00,19.139999389648438,19.170000076293945,19.135000228881836,19.15999984741211,37889,0.0,0.0
2024-06-07 09:45:00-04:00,19.15999984741211,19.190000534057617,19.1200008392334,19.149999618530273,43011,0.0,0.0
2024-06-07 09:50:00-04:00,19.139999389648438,19.170000076293945,19.125,19.125,15250,0.0,0.0
2024-06-07 09:55:00-04:00,19.125,19.165000915527344,19.09000015258789,19.165000915527344,20741,0.0,0.0
2024-06-07 10:00:00-04:00,19.15999984741211,19.229999542236328,19.139999389648438,19.225000381469727,28523,0.0,0.0
2024-06-07 10:05:00-04:00,19.229999542236328,19.235000610351562,19.190000534057617,19.225000381469727,16546,0.0,0.0
2024-06-07 10:10:00-04:00,19.219999313354492,19.246000289916992,19.21500015258789,19.219999313354492,20864,0.0,0.0
2024-06-07 10:15:00-04:00,19.219999313354492,19.229999542236328,19.200000762939453,19.21500015258789,15379,0.0,0.0
2024-06-07 10:20:00-04:00,19.209999084472656,19.239999771118164,19.204999923706055,19.235000610351562,9950,0.0,0.0
2024-06-07 10:25:00-04:00,19.235000610351562,19.2549991607666,19.229999542236328,19.25,18734,0.0,0.0
2024-06-07 10:30:00-04:00,19.2549991607666,19.2549991607666,19.22010040283203,19.229999542236328,15682,0.0,0.0
2024-06-07 10:35:00-04:00,19.229999542236328,19.290000915527344,19.229999542236328,19.28499984741211,14648,0.0,0.0
2024-06-07 10:40:00-04:00,19.290000915527344,19.31999969482422,19.280000686645508,19.31999969482422,18319,0.0,0.0
2024-06-07 10:45:00-04:00,19.31999969482422,19.325000762939453,19.299999237060547,19.30500030517578,12804,0.0,0.0
2024-06-07 10:50:00-04:00,19.299999237060547,19.30500030517578,19.270000457763672,19.274999618530273,28655,0.0,0.0
2024-06-07 10:55:00-04:00,19.270000457763672,19.280000686645508,19.262500762939453,19.274999618530273,14925,0.0,0.0
2024-06-07 11:00:00-04:00,19.270000457763672,19.270000457763672,19.25,19.260000228881836,16754,0.0,0.0
2024-06-07 11:05:00-04:00,19.260000228881836,19.274999618530273,19.2450008392334,19.270000457763672,14880,0.0,0.0
2024-06-07 11:10:00-04:00,19.270000457763672,19.270000457763672,19.25,19.2549991607666,13581,0.0,0.0
2024-06-07 11:15:00-04:00,19.260000228881836,19.260000228881836,19.229999542236328,19.235000610351562,13757,0.0,0.0
2024-06-07 11:20:00-04:00,19.229999542236328,19.270000457763672,19.209999084472656,19.270000457763672,22485,0.0,0.0
2024-06-07 11:25:00-04:00,19.280000686645508,19.280000686645508,19.25,19.260000228881836,14253,0.0,0.0
2024-06-07 11:30:00-04:00,19.260000228881836,19.280000686645508,19.260000228881836,19.274999618530273,10140,0.0,0.0
2024-06-07 11:35:00-04:00,19.280000686645508,19.299999237060547,19.280000686645508,19.299999237060547,9350,0.0,0.0
2024-06-07 11:40:00-04:00,19.295000076293945,19.30500030517578,19.280000686645508,19.295000076293945,22940,0.0,0.0
2024-06-07 11:45:00-04:00,19.299999237060547,19.315000534057617,19.299999237060547,19.30500030517578,11175,0.0,0.0
2024-06-07 11:50:00-04:00,19.30500030517578,19.30500030517578,19.270000457763672,19.274999618530273,16926,0.0,0.0
2024-06-07 11:55:00-04:00,19.280000686645508,19.299999237060547,19.274999618530273,19.295000076293945,10627,0.0,0.0
2024-06-07 12:00:00-04:00,19.290000915527344,19.299999237060547,19.280000686645508,19.295000076293945,17933,0.0,0.0
2024-06-07 12:05:00-04:00,19.299999237060547,19.31999969482422,19.299999237060547,19.315000534057617,17596,0.0,0.0
2024-06-07 12:10:00-04:00,19.31999969482422,19.31999969482422,19.295000076293945,19.30500030517578,16359,0.0,0.0
2024-06-07 12:15:00-04:00,19.309999465942383,19.309999465942383,19.295000076293945,19.30500030517578,12799,0.0,0.0
2024-06-07 12:20:00-04:00,19.30500030517578,19.30500030517578,19.28179931640625,19.28499984741211,12770,0.0,0.0
2024-06-07 12:25:00-04:00,19.28499984741211,19.30500030517578,19.28499984741211,19.299999237060547,16765,0.0,0.0
2024-06-07 12:30:00-04:00,19.299999237060547,19.31999969482422,19.280000686645508,19.290000915527344,18557,0.0,0.0
2024-06-07 12:35:00-04:00,19.28499984741211,19.28499984741211,19.260000228881836,19.264999389648438,11667,0.0,0.0
2024-06-07 12:40:00-04:00,19.264999389648438,19.264999389648438,19.2450008392334,19.2549991607666,13226,0.0,0.0
2024-06-07 12:45:00-04:00,19.260000228881836,19.270000457763672,19.25,19.260000228881836,13406,0.0,0.0
2024-06-07 12:50:00-04:00,19.2549991607666,19.270000457763672,19.2549991607666,19.269399642944336,10005,0.0,0.0
2024-06-07 12:55:00-04:00,19.270000457763672,19.290000915527344,19.270000457763672,19.28499984741211,6894,0.0,0.0
2024-06-07 13:00:00-04:00,19.28499984741211,19.28499984741211,19.270000457763672,19.270000457763672,20178,0.0,0.0
2024-06-07 13:05:00-04:00,19.270000457763672,19.295000076293945,19.264999389648438,19.284799575805664,15334,0.0,0.0
2024-06-07 13:10:00-04:00,19.280000686645508,19.309999465942383,19.280000686645508,19.30500030517578,13175,0.0,0.0
2024-06-07 13:15:00-04:00,19.30500030517578,19.31999969482422,19.30500030517578,19.309999465942383,17651,0.0,0.0
2024-06-07 13:20:00-04:00,19.31999969482422,19.329999923706055,19.309999465942383,19.315000534057617,32654,0.0,0.0
2024-06-07 13:25:00-04:00,19.31999969482422,19.31999969482422,19.299999237060547,19.309999465942383,15434,0.0,0.0
2024-06-07 13:30:00-04:00,19.309999465942383,19.31999969482422,19.299999237060547,19.30500030517578,34674,0.0,0.0
2024-06-07 13:35:00-04:00,19.30500030517578,19.325000762939453,19.30500030517578,19.315000534057617,19416,0.0,0.0
2024-06-07 13:40:00-04:00,19.315000534057617,19.315000534057617,19.30500030517578,19.315000534057617,19864,0.0,0.0
2024-06-07 13:45:00-04:00,19.315000534057617,19.316299438476562,19.299999237060547,19.299999237060547,26691,0.0,0.0
2024-06-07 13:50:00-04:00,19.299999237060547,19.31999969482422,19.299999237060547,19.315000534057617,14926,0.0,0.0
2024-06-07 13:55:00-04:00,19.309999465942383,19.31999969482422,19.309999465942383,19.315000534057617,11907,0.0,0.0
2024-06-07 14:00:00-04:00,19.309999465942383,19.309999465942383,19.270000457763672,19.270000457763672,47270,0.0,0.0
2024-06-07 14:05:00-04:00,19.274999618530273,19.274999618530273,19.24250030517578,19.2450008392334,15588,0.0,0.0
2024-06-07 14:10:00-04:00,19.25,19.2549991607666,19.239999771118164,19.239999771118164,18795,0.0,0.0
2024-06-07 14:15:00-04:00,19.235000610351562,19.235000610351562,19.219999313354492,19.225000381469727,12850,0.0,0.0
2024-06-07 14:20:00-04:00,19.229999542236328,19.260000228881836,19.219999313354492,19.2549991607666,27266,0.0,0.0
2024-06-07 14:25:00-04:00,19.260000228881836,19.280000686645508,19.2549991607666,19.280000686645508,14081,0.0,0.0
2024-06-07 14:30:00-04:00,19.270000457763672,19.280000686645508,19.2549991607666,19.2549991607666,26894,0.0,0.0
2024-06-07 14:35:00-04:00,19.2549991607666,19.270000457763672,19.2549991607666,19.270000457763672,15127,0.0,0.0
2024-06-07 14:40:00-04:00,19.264999389648438,19.280000686645508,19.2549991607666,19.264999389648438,20670,0.0,0.0
2024-06-07 14:45:00-04:00,19.264999389648438,19.270000457763672,19.260000228881836,19.260000228881836,6672,0.0,0.0
2024-06-07 14:50:00-04:00,19.264999389648438,19.280000686645508,19.251399993896484,19.274999618530273,24366,0.0,0.0
2024-06-07 14:55:00-04:00,19.274999618530273,19.274999618530273,19.260000228881836,19.260000228881836,27898,0.0,0.0
2024-06-07 15:00:00-04:00,19.260000228881836,19.270000457763672,19.239999771118164,19.260000228881836,34822,0.0,0.0
2024-06-07 15:05:00-04:00,19.260000228881836,19.266399383544922,19.25,19.2549991607666,23071,0.0,0.0
2024-06-07 15:10:00-04:00,19.2549991607666,19.274999618530273,19.239999771118164,19.274999618530273,51814,0.0,0.0
2024-06-07 15:15:00-04:00,19.274999618530273,19.299999237060547,19.270000457763672,19.274999618530273,30123,0.0,0.0
2024-06-07 15:20:00-04:00,19.274999618530273,19.280000686645508,19.2450008392334,19.260000228881836,48014,0.0,0.0
2024-06-07 15:25:00-04:00,19.2549991607666,19.299999237060547,19.2549991607666,19.299999237060547,36330,0.0,0.0
2024-06-07 15:30:00-04:00,19.295000076293945,19.30500030517578,19.280000686645508,19.280000686645508,68845,0.0,0.0
2024-06-07 15:35:00-04:00,19.280000686645508,19.290000915527344,19.274999618530273,19.280000686645508,46061,0.0,0.0
2024-06-07 15:40:00-04:00,19.280000686645508,19.28499984741211,19.270000457763672,19.28499984741211,38506,0.0,0.0
2024-06-07 15:45:00-04:00,19.280000686645508,19.290000915527344,19.264999389648438,19.274999618530273,76421,0.0,0.0
2024-06-07 15:50:00-04:00,19.270000457763672,19.280000686645508,19.260000228881836,19.274999618530273,130567,0.0,0.0
2024-06-07 15:55:00-04:00,19.270000457763672,19.31999969482422,19.270000457763672,19.295000076293945,370374,0.0,0.0
2024-06-10 09:30:00-04:00,19.190000534057617,19.219999313354492,19.100000381469727,19.110000610351562,72153,0.0,0.0
2024-06-10 09:35:00-04:00,19.1200008392334,19.1200008392334,18.940000534057617,18.979999542236328,94641,0.0,0.0
2024-06-10 09:40:00-04:00,18.979999542236328,19.139999389648438,18.979999542236328,19.139999389648438,36241,0.0,0.0
2024-06-10 09:45:00-04:00,19.139999389648438,19.145000457763672,19.06999969482422,19.1200008392334,41258,0.0,0.0
2024-06-10 09:50:00-04:00,19.1299991607666,19.209999084472656,19.1200008392334,19.149999618530273,40599,0.0,0.0
2024-06-10 09:55:00-04:00,19.1299991607666,19.18000030517578,19.100000381469727,19.170000076293945,58801,0.0,0.0
2024-06-10 10:00:00-04:00,19.165000915527344,19.260099411010742,19.165000915527344,19.260000228881836,65419,0.0,0.0
2024-06-10 10:05:00-04:00,19.260000228881836,19.299999237060547,19.260000228881836,19.299999237060547,41098,0.0,0.0
2024-06-10 10:10:00-04:00,19.299999237060547,19.325000762939453,19.28499984741211,19.28499984741211,38975,0.0,0.0
2024-06-10 10:15:00-04:00,19.28499984741211,19.31999969482422,19.28499984741211,19.295000076293945,16410,0.0,0.0
2024-06-10 10:20:00-04:00,19.299999237060547,19.309999465942383,19.274999618530273,19.274999618530273,11743,0.0,0.0
2024-06-10 10:25:00-04:00,19.274999618530273,19.274999618530273,19.239999771118164,19.2450008392334,13019,0.0,0.0
2024-06-10 10:30:00-04:00,19.25,19.270000457763672,19.24530029296875,19.270000457763672,19436,0.0,0.0
2024-06-10 10:35:00-04:00,19.274999618530273,19.295000076293945,19.264999389648438,19.290000915527344,12630,0.0,0.0
2024-06-10 10:40:00-04:00,19.28499984741211,19.309999465942383,19.280000686645508,19.30500030517578,9337,0.0,0.0
2024-06-10 10:45:00-04:00,19.309499740600586,19.31999969482422,19.299999237060547,19.315000534057617,11729,0.0,0.0
2024-06-10 10:50:00-04:00,19.31999969482422,19.325000762939453,19.30500030517578,19.309999465942383,14523,0.0,0.0
2024-06-10 10:55:00-04:00,19.30500030517578,19.315000534057617,19.280000686645508,19.28499984741211,30368,0.0,0.0
2024-06-10 11:00:00-04:00,19.28499984741211,19.295000076293945,19.280000686645508,19.290000915527344,12188,0.0,0.0
2024-06-10 11:05:00-04:00,19.295000076293945,19.315000534057617,19.280000686645508,19.280000686645508,18508,0.0,0.0
2024-06-10 11:10:00-04:00,19.28499984741211,19.30500030517578,19.280000686645508,19.295000076293945,14716,0.0,0.0
2024-06-10 11:15:00-04:00,19.299999237060547,19.309999465942383,19.290000915527344,19.309999465942383,16728,0.0,0.0
2024-06-10 11:20:00-04:00,19.309999465942383,19.329999923706055,19.309999465942383,19.31999969482422,11852,0.0,0.0
2024-06-10 11:25:00-04:00,19.325000762939453,19.344999313354492,19.31999969482422,19.344999313354492,9529,0.0,0.0
2024-06-10 11:30:00-04:00,19.350000381469727,19.350000381469727,19.31999969482422,19.329999923706055,12262,0.0,0.0
2024-06-10 11:35:00-04:00,19.325000762939453,19.34000015258789,19.299999237060547,19.329999923706055,28245,0.0,0.0
2024-06-10 11:40:00-04:00,19.31999969482422,19.325000762939453,19.309999465942383,19.315000534057617,8058,0.0,0.0
2024-06-10 11:45:00-04:00,19.315000534057617,19.329999923706055,19.309999465942383,19.31999969482422,13620,0.0,0.0
2024-06-10 11:50:00-04:00,19.31999969482422,19.350000381469727,19.31999969482422,19.344999313354492,12962,0.0,0.0
2024-06-10 11:55:00-04:00,19.350000381469727,19.360000610351562,19.34000015258789,19.354999542236328,14543,0.0,0.0
2024-06-10 12:00:00-04:00,19.354999542236328,19.360000610351562,19.34000015258789,19.344999313354492,9734,0.0,0.0
2024-06-10 12:05:00-04:00,19.34000015258789,19.350000381469727,19.34000015258789,19.34000015258789,11763,0.0,0.0
2024-06-10 12:10:00-04:00,19.34000015258789,19.350000381469727,19.334999084472656,19.34000015258789,10249,0.0,0.0
2024-06-10 12:15:00-04:00,19.344999313354492,19.344999313354492,19.325000762939453,19.329999923706055,20257,0.0,0.0
2024-06-10 12:20:00-04:00,19.329999923706055,19.3700008392334,19.329999923706055,19.364999771118164,23342,0.0,0.0
2024-06-10 12:25:00-04:00,19.364999771118164,19.399999618530273,19.360000610351562,19.395000457763672,53904,0.0,0.0
2024-06-10 12:30:00-04:00,19.395000457763672,19.420000076293945,19.389999389648438,19.420000076293945,13499,0.0,0.0
2024-06-10 12:35:00-04:00,19.420000076293945,19.434999465942383,19.399999618530273,19.399999618530273,50578,0.0,0.0
2024-06-10 12:40:00-04:00,19.405000686645508,19.40999984741211,19.399999618530273,19.40999984741211,6610,0.0,0.0
2024-06-10 12:45:00-04:00,19.405000686645508,19.43000030517578,19.399999618530273,19.411300659179688,19030,0.0,0.0
2024-06-10 12:50:00-04:00,19.415000915527344,19.420000076293945,19.399999618530273,19.399999618530273,9891,0.0,0.0
2024-06-10 12:55:00-04:00,19.405000686645508,19.405099868774414,19.389999389648438,19.395000457763672,15043,0.0,0.0
2024-06-10 13:00:00-04:00,19.389999389648438,19.395000457763672,19.3700008392334,19.3700008392334,11994,0.0,0.0
2024-06-10 13:05:00-04:00,19.375,19.389999389648438,19.3700008392334,19.3799991607666,14383,0.0,0.0
2024-06-10 13:10:00-04:00,19.3799991607666,19.389999389648438,19.364999771118164,19.3700008392334,19098,0.0,0.0
2024-06-10 13:15:00-04:00,19.3700008392334,19.375,19.3700008392334,19.375,8454,0.0,0.0
2024-06-10 13:20:00-04:00,19.375,19.40999984741211,19.375,19.405000686645508,15842,0.0,0.0
2024-06-10 13:25:00-04:00,19.40999984741211,19.40999984741211,19.399999618530273,19.405000686645508,21449,0.0,0.0
2024-06-10 13:30:00-04:00,19.405000686645508,19.40999984741211,19.399999618530273,19.40999984741211,16593,0.0,0.0
2024-06-10 13:35:00-04:00,19.40999984741211,19.440000534057617,19.405000686645508,19.439899444580078,46480,0.0,0.0
2024-06-10 13:40:00-04:00,19.434999465942383,19.44499969482422,19.430099487304688,19.443099975585938,22676,0.0,0.0
2024-06-10 13:45:00-04:00,19.44499969482422,19.459999084472656,19.43000030517578,19.450000762939453,35847,0.0,0.0
2024-06-10 13:50:00-04:00,19.450000762939453,19.450000762939453,19.440000534057617,19.44499969482422,5518,0.0,0.0
2024-06-10 13:55:00-04:00,19.44499969482422,19.450000762939453,19.424999237060547,19.43000030517578,16501,0.0,0.0
2024-06-10 14:00:00-04:00,19.43000030517578,19.43000030517578,19.399999618530273,19.399999618530273,11915,0.0,0.0
2024-06-10 14:05:00-04:00,19.399999618530273,19.420000076293945,19.399999618530273,19.420000076293945,18795,0.0,0.0
2024-06-10 14:10:00-04:00,19.40999984741211,19.415000915527344,19.399999618530273,19.415000915527344,22018,0.0,0.0
2024-06-10 14:15:00-04:00,19.415000915527344,19.440000534057617,19.415000915527344,19.434999465942383,13435,0.0,0.0
2024-06-10 14:20:00-04:00,19.440000534057617,19.440000534057617,19.415000915527344,19.424999237060547,22060,0.0,0.0
2024-06-10 14:25:00-04:00,19.424999237060547,19.44499969482422,19.424999237060547,19.434999465942383,18490,0.0,0.0
2024-06-10 14:30:00-04:00,19.434999465942383,19.459999084472656,19.434999465942383,19.454999923706055,19107,0.0,0.0
2024-06-10 14:35:00-04:00,19.454999923706055,19.469999313354492,19.450000762939453,19.459999084472656,16676,0.0,0.0
2024-06-10 14:40:00-04:00,19.459999084472656,19.459999084472656,19.440000534057617,19.440000534057617,19277,0.0,0.0
2024-06-10 14:45:00-04:00,19.440000534057617,19.450000762939453,19.440000534057617,19.44499969482422,10138,0.0,0.0
2024-06-10 14:50:00-04:00,19.44499969482422,19.44499969482422,19.431100845336914,19.434999465942383,14173,0.0,0.0
2024-06-10 14:55:00-04:00,19.434999465942383,19.440000534057617,19.43000030517578,19.434999465942383,10475,0.0,0.0
2024-06-10 15:00:00-04:00,19.43000030517578,19.434999465942383,19.399999618530273,19.399999618530273,32893,0.0,0.0
2024-06-10 15:05:00-04:00,19.405000686645508,19.40999984741211,19.3799991607666,19.3799991607666,40263,0.0,0.0
2024-06-10 15:10:00-04:00,19.3799991607666,19.385000228881836,19.360000610351562,19.385000228881836,37226,0.0,0.0
2024-06-10 15:15:00-04:00,19.389999389648438,19.399999618530273,19.360000610351562,19.375,43692,0.0,0.0
2024-06-10 15:20:00-04:00,19.3700008392334,19.395000457763672,19.3700008392334,19.389999389648438,28495,0.0,0.0
2024-06-10 15:25:00-04:00,19.385000228881836,19.405000686645508,19.3799991607666,19.405000686645508,39397,0.0,0.0
2024-06-10 15:30:00-04:00,19.399999618530273,19.399999618530273,19.3700008392334,19.375,29888,0.0,0.0
2024-06-10 15:35:00-04:00,19.375,19.38990020751953,19.364999771118164,19.370399475097656,33549,0.0,0.0
2024-06-10 15:40:00-04:00,19.3700008392334,19.375,19.350000381469727,19.350000381469727,50392,0.0,0.0
2024-06-10 15:45:00-04:00,19.3518009185791,19.360000610351562,19.299999237060547,19.299999237060547,116134,0.0,0.0
2024-06-10 15:50:00-04:00,19.295000076293945,19.30500030517578,19.2450008392334,19.264999389648438,280513,0.0,0.0
2024-06-10 15:55:00-04:00,19.264999389648438,19.264999389648438,19.200000762939453,19.239999771118164,438354,0.0,0.0
2024-06-11 09:30:00-04:00,19.100000381469727,19.170000076293945,19.049999237060547,19.125,137265,0.0,0.0
2024-06-11 09:35:00-04:00,19.06999969482422,19.153799057006836,19.049999237060547,19.1299991607666,54216,0.0,0.0
2024-06-11 09:40:00-04:00,19.149999618530273,19.15999984741211,19.084999084472656,19.139999389648438,20232,0.0,0.0
2024-06-11 09:45:00-04:00,19.145000457763672,19.149999618530273,19.110000610351562,19.125,17031,0.0,0.0
2024-06-11 09:50:00-04:00,19.125,19.209999084472656,19.120899200439453,19.190000534057617,40834,0.0,0.0
2024-06-11 09:55:00-04:00,19.190000534057617,19.225000381469727,19.18000030517578,19.18000030517578,30330,0.0,0.0
2024-06-11 10:00:00-04:00,19.184999465942383,19.204999923706055,19.170000076293945,19.174999237060547,12559,0.0,0.0
2024-06-11 10:05:00-04:00,19.17970085144043,19.204999923706055,19.15999984741211,19.19499969482422,41548,0.0,0.0
2024-06-11 10:10:00-04:00,19.190000534057617,19.190000534057617,19.149999618530273,19.15999984741211,19386,0.0,0.0
2024-06-11 10:15:00-04:00,19.165000915527344,19.190000534057617,19.139999389648438,19.190000534057617,17904,0.0,0.0
2024-06-11 10:20:00-04:00,19.18000030517578,19.18000030517578,19.155000686645508,19.155000686645508,17630,0.0,0.0
2024-06-11 10:25:00-04:00,19.155000686645508,19.190000534057617,19.139999389648438,19.139999389648438,33356,0.0,0.0
2024-06-11 10:30:00-04:00,19.149999618530273,19.170000076293945,19.149999618530273,19.149999618530273,12929,0.0,0.0
2024-06-11 10:35:00-04:00,19.149999618530273,19.156600952148438,19.1200008392334,19.13990020751953,28790,0.0,0.0
2024-06-11 10:40:00-04:00,19.1299991607666,19.139999389648438,19.104999542236328,19.1200008392334,102817,0.0,0.0
2024-06-11 10:45:00-04:00,19.114999771118164,19.1299991607666,19.110000610351562,19.114999771118164,56778,0.0,0.0
2024-06-11 10:50:00-04:00,19.114999771118164,19.15999984741211,19.110000610351562,19.149999618530273,37622,0.0,0.0
2024-06-11 10:55:00-04:00,19.155000686645508,19.170000076293945,19.135000228881836,19.139999389648438,24032,0.0,0.0
2024-06-11 11:00:00-04:00,19.149999618530273,19.15999984741211,19.135000228881836,19.145000457763672,23578,0.0,0.0
2024-06-11 11:05:00-04:00,19.149999618530273,19.149999618530273,19.1200008392334,19.1200008392334,15801,0.0,0.0
2024-06-11 11:10:00-04:00,19.1299991607666,19.139999389648438,19.114999771118164,19.125,77448,0.0,0.0
2024-06-11 11:15:00-04:00,19.125,19.149999618530273,19.125,19.135000228881836,72689,0.0,0.0
2024-06-11 11:20:00-04:00,19.135000228881836,19.135000228881836,19.114999771118164,19.114999771118164,41168,0.0,0.0
2024-06-11 11:25:00-04:00,19.114999771118164,19.1200008392334,19.100000381469727,19.100000381469727,23431,0.0,0.0
2024-06-11 11:30:00-04:00,19.110000610351562,19.125,19.104999542236328,19.114999771118164,39831,0.0,0.0
2024-06-11 11:35:00-04:00,19.1200008392334,19.149999618530273,19.1200008392334,19.1299991607666,29358,0.0,0.0
2024-06-11 11:40:00-04:00,19.125,19.139999389648438,19.1200008392334,19.139999389648438,16950,0.0,0.0
2024-06-11 11:45:00-04:00,19.135000228881836,19.139999389648438,19.125,19.125,26405,0.0,0.0
2024-06-11 11:50:00-04:00,19.1200008392334,19.139999389648438,19.114999771118164,19.135000228881836,41378,0.0,0.0
2024-06-11 11:55:00-04:00,19.135000228881836,19.139999389648438,19.1200008392334,19.125,35532,0.0,0.0
2024-06-11 12:00:00-04:00,19.1200008392334,19.139999389648438,19.1200008392334,19.139999389648438,40285,0.0,0.0
2024-06-11 12:05:00-04:00,19.135000228881836,19.155000686645508,19.1299991607666,19.139999389648438,22913,0.0,0.0
2024-06-11 12:10:00-04:00,19.139999389648438,19.139999389648438,19.1299991607666,19.139999389648438,16729,0.0,0.0
2024-06-11 12:15:00-04:00,19.139999389648438,19.139999389648438,19.1299991607666,19.1299991607666,72858,0.0,0.0
2024-06-11 12:20:00-04:00,19.137699127197266,19.149999618530273,19.137699127197266,19.149999618530273,13159,0.0,0.0
2024-06-11 12:25:00-04:00,19.145000457763672,19.170000076293945,19.145000457763672,19.165000915527344,14570,0.0,0.0
2024-06-11 12:30:00-04:00,19.170000076293945,19.190000534057617,19.15999984741211,19.184999465942383,80366,0.0,0.0
2024-06-11 12:35:00-04:00,19.184999465942383,19.21500015258789,19.18000030517578,19.21500015258789,16679,0.0,0.0
2024-06-11 12:40:00-04:00,19.219999313354492,19.239999771118164,19.204999923706055,19.21500015258789,35586,0.0,0.0
2024-06-11 12:45:00-04:00,19.21500015258789,19.21500015258789,19.174999237060547,19.184999465942383,14381,0.0,0.0
2024-06-11 12:50:00-04:00,19.18000030517578,19.18000030517578,19.170000076293945,19.17609977722168,17743,0.0,0.0
2024-06-11 12:55:00-04:00,19.174999237060547,19.184999465942383,19.170000076293945,19.184999465942383,15780,0.0,0.0
2024-06-11 13:00:00-04:00,19.18000030517578,19.190000534057617,19.149999618530273,19.190000534057617,48117,0.0,0.0
2024-06-11 13:05:00-04:00,19.190000534057617,19.204999923706055,19.184999465942383,19.204999923706055,36122,0.0,0.0
2024-06-11 13:10:00-04:00,19.209999084472656,19.209999084472656,19.18000030517578,19.184999465942383,9633,0.0,0.0
2024-06-11 13:15:00-04:00,19.18000030517578,19.190000534057617,19.15999984741211,19.15999984741211,19128,0.0,0.0
2024-06-11 13:20:00-04:00,19.165000915527344,19.170000076293945,19.155000686645508,19.155000686645508,14875,0.0,0.0
2024-06-11 13:25:00-04:00,19.155000686645508,19.174999237060547,19.149999618530273,19.15999984741211,45975,0.0,0.0
2024-06-11 13:30:00-04:00,19.165000915527344,19.174999237060547,19.149999618530273,19.15999984741211,32228,0.0,0.0
2024-06-11 13:35:00-04:00,19.155000686645508,19.190000534057617,19.155000686645508,19.190000534057617,26498,0.0,0.0
2024-06-11 13:40:00-04:00,19.184999465942383,19.190000534057617,19.155000686645508,19.18000030517578,31431,0.0,0.0
2024-06-11 13:45:00-04:00,19.184999465942383,19.209999084472656,19.184999465942383,19.204999923706055,63054,0.0,0.0
2024-06-11 13:50:00-04:00,19.200000762939453,19.209999084472656,19.190000534057617,19.204999923706055,28050,0.0,0.0
2024-06-11 13:55:00-04:00,19.209999084472656,19.209999084472656,19.190000534057617,19.19499969482422,15537,0.0,0.0
2024-06-11 14:00:00-04:00,19.190000534057617,19.209999084472656,19.184999465942383,19.204999923706055,36164,0.0,0.0
2024-06-11 14:05:00-04:00,19.204999923706055,19.209999084472656,19.184999465942383,19.190000534057617,22462,0.0,0.0
2024-06-11 14:10:00-04:00,19.19499969482422,19.209999084472656,19.19499969482422,19.204999923706055,23636,0.0,0.0
2024-06-11 14:15:00-04:00,19.204999923706055,19.229999542236328,19.200000762939453,19.225000381469727,23838,0.0,0.0
2024-06-11 14:20:00-04:00,19.219999313354492,19.229999542236328,19.21500015258789,19.225000381469727,35712,0.0,0.0
2024-06-11 14:25:00-04:00,19.229999542236328,19.229999542236328,19.184999465942383,19.21500015258789,151281,0.0,0.0
2024-06-11 14:30:00-04:00,19.21500015258789,19.2450008392334,19.21500015258789,19.235000610351562,26011,0.0,0.0
2024-06-11 14:35:00-04:00,19.229999542236328,19.235000610351562,19.209999084472656,19.21500015258789,18863,0.0,0.0
2024-06-11 14:40:00-04:00,19.214799880981445,19.239999771118164,19.209999084472656,19.21500015258789,357889,0.0,0.0
2024-06-11 14:45:00-04:00,19.219999313354492,19.239999771118164,19.204999923706055,19.239999771118164,62861,0.0,0.0
2024-06-11 14:50:00-04:00,19.235000610351562,19.270000457763672,19.235000610351562,19.264999389648438,24682,0.0,0.0
2024-06-11 14:55:00-04:00,19.270000457763672,19.270000457763672,19.260000228881836,19.270000457763672,18136,0.0,0.0
2024-06-11 15:00:00-04:00,19.270000457763672,19.280000686645508,19.260000228881836,19.280000686645508,47249,0.0,0.0
2024-06-11 15:05:00-04:00,19.274999618530273,19.290000915527344,19.274999618530273,19.290000915527344,21642,0.0,0.0
2024-06-11 15:10:00-04:00,19.290000915527344,19.299999237060547,19.260000228881836,19.280000686645508,49245,0.0,0.0
2024-06-11 15:15:00-04:00,19.274999618530273,19.290000915527344,19.260000228881836,19.28499984741211,41700,0.0,0.0
2024-06-11 15:20:00-04:00,19.28499984741211,19.290000915527344,19.2549991607666,19.264999389648438,44640,0.0,0.0
2024-06-11 15:25:00-04:00,19.264999389648438,19.264999389648438,19.2450008392334,19.2549991607666,62382,0.0,0.0
2024-06-11 15:30:00-04:00,19.25,19.280000686645508,19.229999542236328,19.260000228881836,154012,0.0,0.0
2024-06-11 15:35:00-04:00,19.260000228881836,19.28499984741211,19.260000228881836,19.270000457763672,59496,0.0,0.0
2024-06-11 15:40:00-04:00,19.274999618530273,19.280000686645508,19.25,19.2549991607666,64052,0.0,0.0
2024-06-11 15:45:00-04:00,19.25189971923828,19.260000228881836,19.204999923706055,19.209999084472656,105772,0.0,0.0
2024-06-11 15:50:00-04:00,19.200000762939453,19.225000381469727,19.18000030517578,19.209999084472656,207007,0.0,0.0
2024-06-11 15:55:00-04:00,19.204999923706055,19.219999313354492,19.190000534057617,19.209999084472656,435140,0.0,0.0
2024-06-12 09:30:00-04:00,19.709999084472656,19.760000228881836,19.670000076293945,19.760000228881836,63230,0.0,0.0
2024-06-12 09:35:00-04:00,19.770000457763672,19.81999969482422,19.770000457763672,19.774999618530273,22476,0.0,0.0
2024-06-12 09:40:00-04:00,19.790000915527344,19.850000381469727,19.780000686645508,19.834999084472656,17840,0.0,0.0
2024-06-12 09:45:00-04:00,19.84000015258789,19.84000015258789,19.709999084472656,19.739999771118164,38942,0.0,0.0
2024-06-12 09:50:00-04:00,19.729999542236328,19.749000549316406,19.709999084472656,19.7450008392334,8768,0.0,0.0
2024-06-12 09:55:00-04:00,19.7450008392334,19.799999237060547,19.739999771118164,19.770000457763672,21917,0.0,0.0
2024-06-12 10:00:00-04:00,19.770000457763672,19.770000457763672,19.735000610351562,19.735000610351562,23060,0.0,0.0
2024-06-12 10:05:00-04:00,19.735000610351562,19.739999771118164,19.690000534057617,19.719999313354492,77838,0.0,0.0
2024-06-12 10:10:00-04:00,19.729999542236328,19.75,19.709999084472656,19.735000610351562,12605,0.0,0.0
2024-06-12 10:15:00-04:00,19.735000610351562,19.739999771118164,19.704999923706055,19.729999542236328,16731,0.0,0.0
2024-06-12 10:20:00-04:00,19.729999542236328,19.729999542236328,19.700000762939453,19.715200424194336,12337,0.0,0.0
2024-06-12 10:25:00-04:00,19.71500015258789,19.719999313354492,19.690000534057617,19.719999313354492,15593,0.0,0.0
2024-06-12 10:30:00-04:00,19.709999084472656,19.7362003326416,19.690000534057617,19.729999542236328,14903,0.0,0.0
2024-06-12 10:35:00-04:00,19.729999542236328,19.77750015258789,19.729999542236328,19.7549991607666,11984,0.0,0.0
2024-06-12 10:40:00-04:00,19.760000228881836,19.760000228881836,19.68000030517578,19.690000534057617,24341,0.0,0.0
2024-06-12 10:45:00-04:00,19.69499969482422,19.700000762939453,19.68000030517578,19.690000534057617,23853,0.0,0.0
2024-06-12 10:50:00-04:00,19.690000534057617,19.709999084472656,19.674999237060547,19.70989990234375,15648,0.0,0.0
2024-06-12 10:55:00-04:00,19.709999084472656,19.725000381469727,19.709999084472656,19.719999313354492,11756,0.0,0.0
2024-06-12 11:00:00-04:00,19.719999313354492,19.725000381469727,19.709999084472656,19.719999313354492,6775,0.0,0.0
2024-06-12 11:05:00-04:00,19.71500015258789,19.719999313354492,19.684999465942383,19.690000534057617,18204,0.0,0.0
2024-06-12 11:10:00-04:00,19.690000534057617,19.700000762939453,19.670000076293945,19.690000534057617,35926,0.0,0.0
2024-06-12 11:15:00-04:00,19.68000030517578,19.690000534057617,19.670000076293945,19.684999465942383,9682,0.0,0.0
2024-06-12 11:20:00-04:00,19.68000030517578,19.690000534057617,19.663799285888672,19.665000915527344,20183,0.0,0.0
2024-06-12 11:25:00-04:00,19.66069984436035,19.670000076293945,19.649999618530273,19.670000076293945,13258,0.0,0.0
2024-06-12 11:30:00-04:00,19.670000076293945,19.69499969482422,19.65999984741211,19.690000534057617,18025,0.0,0.0
2024-06-12 11:35:00-04:00,19.684999465942383,19.700000762939453,19.68470001220703,19.69499969482422,13806,0.0,0.0
2024-06-12 11:40:00-04:00,19.696199417114258,19.71500015258789,19.690000534057617,19.709999084472656,15949,0.0,0.0
2024-06-12 11:45:00-04:00,19.709999084472656,19.709999084472656,19.684999465942383,19.693700790405273,9360,0.0,0.0
2024-06-12 11:50:00-04:00,19.690000534057617,19.719999313354492,19.670000076293945,19.719999313354492,9349,0.0,0.0
2024-06-12 11:55:00-04:00,19.719999313354492,19.725000381469727,19.700000762939453,19.709999084472656,19851,0.0,0.0
2024-06-12 12:00:00-04:00,19.700000762939453,19.700000762939453,19.68000030517578,19.690000534057617,11943,0.0,0.0
2024-06-12 12:05:00-04:00,19.690000534057617,19.699499130249023,19.670000076293945,19.674999237060547,14787,0.0,0.0
2024-06-12 12:10:00-04:00,19.678499221801758,19.679500579833984,19.665000915527344,19.674999237060547,22944,0.0,0.0
2024-06-12 12:15:00-04:00,19.674999237060547,19.674999237060547,19.649999618530273,19.65999984741211,15311,0.0,0.0
2024-06-12 12:20:00-04:00,19.65999984741211,19.65999984741211,19.639999389648438,19.649999618530273,9791,0.0,0.0
2024-06-12 12:25:00-04:00,19.64349937438965,19.655000686645508,19.635000228881836,19.639999389648438,18263,0.0,0.0
2024-06-12 12:30:00-04:00,19.649999618530273,19.65999984741211,19.6200008392334,19.6299991607666,21208,0.0,0.0
2024-06-12 12:35:00-04:00,19.6299991607666,19.640100479125977,19.6200008392334,19.625,16150,0.0,0.0
2024-06-12 12:40:00-04:00,19.625,19.625,19.610000610351562,19.610000610351562,9920,0.0,0.0
2024-06-12 12:45:00-04:00,19.610000610351562,19.6200008392334,19.600000381469727,19.61009979248047,18721,0.0,0.0
2024-06-12 12:50:00-04:00,19.604999542236328,19.604999542236328,19.594999313354492,19.604999542236328,9289,0.0,0.0
2024-06-12 12:55:00-04:00,19.604999542236328,19.610000610351562,19.59000015258789,19.59000015258789,14840,0.0,0.0
2024-06-12 13:00:00-04:00,19.59000015258789,19.604999542236328,19.59000015258789,19.600000381469727,12904,0.0,0.0
2024-06-12 13:05:00-04:00,19.600000381469727,19.600000381469727,19.59000015258789,19.59000015258789,19131,0.0,0.0
2024-06-12 13:10:00-04:00,19.584999084472656,19.59000015258789,19.579999923706055,19.579999923706055,5463,0.0,0.0
2024-06-12 13:15:00-04:00,19.584999084472656,19.600000381469727,19.579999923706055,19.59000015258789,19485,0.0,0.0
2024-06-12 13:20:00-04:00,19.59000015258789,19.610000610351562,19.59000015258789,19.600000381469727,34485,0.0,0.0
2024-06-12 13:25:00-04:00,19.600000381469727,19.604999542236328,19.59000015258789,19.59000015258789,8828,0.0,0.0
2024-06-12 13:30:00-04:00,19.59000015258789,19.59000015258789,19.56999969482422,19.579999923706055,18431,0.0,0.0
2024-06-12 13:35:00-04:00,19.579999923706055,19.594999313354492,19.575000762939453,19.575000762939453,17811,0.0,0.0
2024-06-12 13:40:00-04:00,19.57990074157715,19.579999923706055,19.56999969482422,19.570100784301758,6833,0.0,0.0
2024-06-12 13:45:00-04:00,19.575000762939453,19.575000762939453,19.549999237060547,19.565000534057617,14403,0.0,0.0
2024-06-12 13:50:00-04:00,19.56999969482422,19.579999923706055,19.559999465942383,19.579999923706055,8453,0.0,0.0
2024-06-12 13:55:00-04:00,19.56999969482422,19.579999923706055,19.56999969482422,19.575000762939453,9236,0.0,0.0
2024-06-12 14:00:00-04:00,19.56999969482422,19.579999923706055,19.475000381469727,19.549999237060547,92809,0.0,0.0
2024-06-12 14:05:00-04:00,19.549999237060547,19.579999923706055,19.540000915527344,19.545000076293945,26545,0.0,0.0
2024-06-12 14:10:00-04:00,19.549999237060547,19.559999465942383,19.524999618530273,19.55500030517578,19231,0.0,0.0
2024-06-12 14:15:00-04:00,19.549999237060547,19.56999969482422,19.549999237060547,19.565000534057617,20095,0.0,0.0
2024-06-12 14:20:00-04:00,19.559999465942383,19.565000534057617,19.542499542236328,19.559999465942383,18310,0.0,0.0
2024-06-12 14:25:00-04:00,19.55500030517578,19.559999465942383,19.53499984741211,19.540000915527344,19157,0.0,0.0
2024-06-12 14:30:00-04:00,19.539899826049805,19.6200008392334,19.5,19.540000915527344,114979,0.0,0.0
2024-06-12 14:35:00-04:00,19.540000915527344,19.579999923706055,19.510000228881836,19.540000915527344,103586,0.0,0.0
2024-06-12 14:40:00-04:00,19.540000915527344,19.540000915527344,19.459999084472656,19.5,37004,0.0,0.0
2024-06-12 14:45:00-04:00,19.489999771118164,19.5,19.459999084472656,19.46500015258789,33637,0.0,0.0
2024-06-12 14:50:00-04:00,19.469999313354492,19.5,19.45050048828125,19.459999084472656,55851,0.0,0.0
2024-06-12 14:55:00-04:00,19.467500686645508,19.520000457763672,19.467500686645508,19.510000228881836,47353,0.0,0.0
2024-06-12 15:00:00-04:00,19.5049991607666,19.537599563598633,19.475000381469727,19.479999542236328,29374,0.0,0.0
2024-06-12 15:05:00-04:00,19.475000381469727,19.4950008392334,19.46500015258789,19.485000610351562,34966,0.0,0.0
2024-06-12 15:10:00-04:00,19.479999542236328,19.489999771118164,19.454999923706055,19.46500015258789,53110,0.0,0.0
2024-06-12 15:15:00-04:00,19.46500015258789,19.5049991607666,19.46500015258789,19.5,67270,0.0,0.0
2024-06-12 15:20:00-04:00,19.4950008392334,19.510000228881836,19.440000534057617,19.440000534057617,233682,0.0,0.0
2024-06-12 15:25:00-04:00,19.440000534057617,19.459999084472656,19.395000457763672,19.395000457763672,58241,0.0,0.0
2024-06-12 15:30:00-04:00,19.389999389648438,19.43000030517578,19.385000228881836,19.43000030517578,62733,0.0,0.0
2024-06-12 15:35:00-04:00,19.421600341796875,19.440000534057617,19.395000457763672,19.395000457763672,73844,0.0,0.0
2024-06-12 15:40:00-04:00,19.395000457763672,19.420000076293945,19.3700008392334,19.375,95047,0.0,0.0
2024-06-12 15:45:00-04:00,19.3700008392334,19.399999618530273,19.360000610351562,19.389999389648438,97597,0.0,0.0
2024-06-12 15:50:00-04:00,19.385000228881836,19.434999465942383,19.3799991607666,19.424999237060547,135731,0.0,0.0
2024-06-12 15:55:00-04:00,19.43000030517578,19.43000030517578,19.395000457763672,19.399999618530273,303686,0.0,0.0
2024-06-13 09:30:00-04:00,19.450000762939453,19.489999771118164,19.389999389648438,19.489999771118164,49618,0.0,0.0
2024-06-13 09:35:00-04:00,19.489999771118164,19.530000686645508,19.489999771118164,19.520000457763672,24515,0.0,0.0
2024-06-13 09:40:00-04:00,19.530000686645508,19.540000915527344,19.5,19.520000457763672,9874,0.0,0.0
2024-06-13 09:45:00-04:00,19.510000228881836,19.510000228881836,19.469999313354492,19.469999313354492,24492,0.0,0.0
2024-06-13 09:50:00-04:00,19.479999542236328,19.524999618530273,19.479999542236328,19.4950008392334,19830,0.0,0.0
2024-06-13 09:55:00-04:00,19.4950008392334,19.510000228881836,19.454999923706055,19.510000228881836,23857,0.0,0.0
2024-06-13 10:00:00-04:00,19.5,19.5,19.420000076293945,19.440099716186523,24646,0.0,0.0
2024-06-13 10:05:00-04:00,19.44499969482422,19.452299118041992,19.43000030517578,19.450000762939453,11999,0.0,0.0
2024-06-13 10:10:00-04:00,19.44499969482422,19.459999084472656,19.415000915527344,19.420000076293945,18033,0.0,0.0
2024-06-13 10:15:00-04:00,19.424999237060547,19.450000762939453,19.424999237060547,19.44499969482422,19280,0.0,0.0
2024-06-13 10:20:00-04:00,19.450000762939453,19.450000762939453,19.43000030517578,19.434999465942383,46000,0.0,0.0
2024-06-13 10:25:00-04:00,19.43000030517578,19.434999465942383,19.385000228881836,19.389999389648438,14137,0.0,0.0
2024-06-13 10:30:00-04:00,19.389999389648438,19.389999389648438,19.360000610351562,19.364999771118164,13765,0.0,0.0
2024-06-13 10:35:00-04:00,19.3700008392334,19.3799991607666,19.364999771118164,19.3799991607666,6112,0.0,0.0
2024-06-13 10:40:00-04:00,19.375,19.399999618530273,19.34000015258789,19.395000457763672,45965,0.0,0.0
2024-06-13 10:45:00-04:00,19.399999618530273,19.440000534057617,19.399999618530273,19.434999465942383,19982,0.0,0.0
2024-06-13 10:50:00-04:00,19.440000534057617,19.5,19.43000030517578,19.489999771118164,37239,0.0,0.0
2024-06-13 10:55:00-04:00,19.5,19.53499984741211,19.5,19.524999618530273,25152,0.0,0.0
2024-06-13 11:00:00-04:00,19.524999618530273,19.540000915527344,19.524999618530273,19.53499984741211,9589,0.0,0.0
2024-06-13 11:05:00-04:00,19.530000686645508,19.53499984741211,19.489999771118164,19.4950008392334,33739,0.0,0.0
2024-06-13 11:10:00-04:00,19.484600067138672,19.485000610351562,19.454999923706055,19.459999084472656,12770,0.0,0.0
2024-06-13 11:15:00-04:00,19.46269989013672,19.46500015258789,19.44499969482422,19.454999923706055,10301,0.0,0.0
2024-06-13 11:20:00-04:00,19.454999923706055,19.459999084472656,19.44499969482422,19.44499969482422,15659,0.0,0.0
2024-06-13 11:25:00-04:00,19.44499969482422,19.514999389648438,19.44499969482422,19.510000228881836,30107,0.0,0.0
2024-06-13 11:30:00-04:00,19.510000228881836,19.530000686645508,19.5049991607666,19.530000686645508,16898,0.0,0.0
2024-06-13 11:35:00-04:00,19.524999618530273,19.530000686645508,19.5049991607666,19.510000228881836,20611,0.0,0.0
2024-06-13 11:40:00-04:00,19.5049991607666,19.530000686645508,19.5049991607666,19.530000686645508,9107,0.0,0.0
2024-06-13 11:45:00-04:00,19.540000915527344,19.540000915527344,19.521699905395508,19.530000686645508,6118,0.0,0.0
2024-06-13 11:50:00-04:00,19.540000915527344,19.540000915527344,19.530000686645508,19.531999588012695,4026,0.0,0.0
2024-06-13 11:55:00-04:00,19.540000915527344,19.540000915527344,19.530000686645508,19.53499984741211,3699,0.0,0.0
2024-06-13 12:00:00-04:00,19.530000686645508,19.530000686645508,19.490100860595703,19.5049991607666,22861,0.0,0.0
2024-06-13 12:05:00-04:00,19.510000228881836,19.520000457763672,19.5049991607666,19.5049991607666,14347,0.0,0.0
2024-06-13 12:10:00-04:00,19.5049991607666,19.510000228881836,19.50119972229004,19.510000228881836,6193,0.0,0.0
2024-06-13 12:15:00-04:00,19.514999389648438,19.530000686645508,19.514999389648438,19.524999618530273,21269,0.0,0.0
2024-06-13 12:20:00-04:00,19.524999618530273,19.540000915527344,19.524999618530273,19.530000686645508,7150,0.0,0.0
2024-06-13 12:25:00-04:00,19.53499984741211,19.549999237060547,19.53499984741211,19.545000076293945,4121,0.0,0.0
2024-06-13 12:30:00-04:00,19.545000076293945,19.565000534057617,19.545000076293945,19.55500030517578,15473,0.0,0.0
2024-06-13 12:35:00-04:00,19.549999237060547,19.565000534057617,19.545000076293945,19.565000534057617,13004,0.0,0.0
2024-06-13 12:40:00-04:00,19.559999465942383,19.56999969482422,19.559999465942383,19.559999465942383,10697,0.0,0.0
2024-06-13 12:45:00-04:00,19.565000534057617,19.579999923706055,19.559999465942383,19.575000762939453,10149,0.0,0.0
2024-06-13 12:50:00-04:00,19.575000762939453,19.614999771118164,19.575000762939453,19.614999771118164,7666,0.0,0.0
2024-06-13 12:55:00-04:00,19.614999771118164,19.614999771118164,19.604999542236328,19.604999542236328,7913,0.0,0.0
2024-06-13 13:00:00-04:00,19.604999542236328,19.6200008392334,19.600000381469727,19.6200008392334,19740,0.0,0.0
2024-06-13 13:05:00-04:00,19.6200008392334,19.655000686645508,19.6200008392334,19.655000686645508,6755,0.0,0.0
2024-06-13 13:10:00-04:00,19.649999618530273,19.665000915527344,19.649999618530273,19.655000686645508,22398,0.0,0.0
2024-06-13 13:15:00-04:00,19.649999618530273,19.649999618530273,19.639999389648438,19.639999389648438,12912,0.0,0.0
2024-06-13 13:20:00-04:00,19.649999618530273,19.649999618530273,19.639999389648438,19.645000457763672,12260,0.0,0.0
2024-06-13 13:25:00-04:00,19.64419937133789,19.649999618530273,19.610000610351562,19.610000610351562,136033,0.0,0.0
2024-06-13 13:30:00-04:00,19.6200008392334,19.6200008392334,19.594999313354492,19.594999313354492,16914,0.0,0.0
2024-06-13 13:35:00-04:00,19.600000381469727,19.600000381469727,19.59000015258789,19.594999313354492,12431,0.0,0.0
2024-06-13 13:40:00-04:00,19.59749984741211,19.600000381469727,19.579999923706055,19.584999084472656,9491,0.0,0.0
2024-06-13 13:45:00-04:00,19.584999084472656,19.59000015258789,19.559999465942383,19.575000762939453,18999,0.0,0.0
2024-06-13 13:50:00-04:00,19.579999923706055,19.579999923706055,19.56999969482422,19.577499389648438,10003,0.0,0.0
2024-06-13 13:55:00-04:00,19.56999969482422,19.575000762939453,19.55500030517578,19.55500030517578,22551,0.0,0.0
2024-06-13 14:00:00-04:00,19.55500030517578,19.55500030517578,19.53499984741211,19.540000915527344,18779,0.0,0.0
2024-06-13 14:05:00-04:00,19.540000915527344,19.56999969482422,19.540000915527344,19.56999969482422,8241,0.0,0.0
2024-06-13 14:10:00-04:00,19.56999969482422,19.56999969482422,19.530000686645508,19.53190040588379,16781,0.0,0.0
2024-06-13 14:15:00-04:00,19.530000686645508,19.537399291992188,19.520000457763672,19.530000686645508,20475,0.0,0.0
2024-06-13 14:20:00-04:00,19.530000686645508,19.530000686645508,19.500099182128906,19.520000457763672,33190,0.0,0.0
2024-06-13 14:25:00-04:00,19.520000457763672,19.520000457763672,19.489999771118164,19.4950008392334,25236,0.0,0.0
2024-06-13 14:30:00-04:00,19.5,19.520000457763672,19.4950008392334,19.514999389648438,22770,0.0,0.0
2024-06-13 14:35:00-04:00,19.510000228881836,19.530000686645508,19.510000228881836,19.521499633789062,14341,0.0,0.0
2024-06-13 14:40:00-04:00,19.524999618530273,19.530000686645508,19.510000228881836,19.530000686645508,23739,0.0,0.0
2024-06-13 14:45:00-04:00,19.524999618530273,19.530000686645508,19.514999389648438,19.524999618530273,18716,0.0,0.0
2024-06-13 14:50:00-04:00,19.524999618530273,19.559999465942383,19.524999618530273,19.559999465942383,16764,0.0,0.0
2024-06-13 14:55:00-04:00,19.55500030517578,19.565000534057617,19.53499984741211,19.545000076293945,37697,0.0,0.0
2024-06-13 15:00:00-04:00,19.545000076293945,19.55500030517578,19.540000915527344,19.55500030517578,19888,0.0,0.0
2024-06-13 15:05:00-04:00,19.559999465942383,19.559999465942383,19.530000686645508,19.540000915527344,21613,0.0,0.0
2024-06-13 15:10:00-04:00,19.545000076293945,19.549999237060547,19.510000228881836,19.514999389648438,23585,0.0,0.0
2024-06-13 15:15:00-04:00,19.510000228881836,19.520000457763672,19.5,19.520000457763672,16943,0.0,0.0
2024-06-13 15:20:00-04:00,19.520000457763672,19.530000686645508,19.510000228881836,19.530000686645508,26435,0.0,0.0
2024-06-13 15:25:00-04:00,19.524999618530273,19.530000686645508,19.510000228881836,19.514999389648438,31308,0.0,0.0
2024-06-13 15:30:00-04:00,19.510000228881836,19.520000457763672,19.5,19.520000457763672,38983,0.0,0.0
2024-06-13 15:35:00-04:00,19.520000457763672,19.520000457763672,19.5,19.5049991607666,42770,0.0,0.0
2024-06-13 15:40:00-04:00,19.5049991607666,19.524999618530273,19.5,19.510000228881836,50423,0.0,0.0
2024-06-13 15:45:00-04:00,19.514999389648438,19.520000457763672,19.510000228881836,19.520000457763672,32796,0.0,0.0
2024-06-13 15:50:00-04:00,19.520000457763672,19.56999969482422,19.510000228881836,19.56999969482422,122357,0.0,0.0
2024-06-13 15:55:00-04:00,19.565000534057617,19.59000015258789,19.549999237060547,19.575000762939453,241528,0.0,0.0
2024-06-14 09:30:00-04:00,19.469999313354492,19.55500030517578,19.459999084472656,19.530000686645508,29029,0.0,0.0
2024-06-14 09:35:00-04:00,19.530000686645508,19.559999465942383,19.530000686645508,19.549999237060547,6892,0.0,0.0
2024-06-14 09:40:00-04:00,19.55500030517578,19.610000610351562,19.549999237060547,19.559999465942383,22561,0.0,0.0
2024-06-14 09:45:00-04:00,19.540000915527344,19.545000076293945,19.5049991607666,19.514999389648438,9074,0.0,0.0
2024-06-14 09:50:00-04:00,19.514999389648438,19.520000457763672,19.479999542236328,19.489999771118164,12857,0.0,0.0
2024-06-14 09:55:00-04:00,19.4950008392334,19.5049991607666,19.479999542236328,19.5,6990,0.0,0.0
2024-06-14 10:00:00-04:00,19.489999771118164,19.489999771118164,19.450000762939453,19.450000762939453,10158,0.0,0.0
2024-06-14 10:05:00-04:00,19.440000534057617,19.440000534057617,19.3799991607666,19.399999618530273,11523,0.0,0.0
2024-06-14 10:10:00-04:00,19.389999389648438,19.389999389648438,19.350000381469727,19.364999771118164,9437,0.0,0.0
2024-06-14 10:15:00-04:00,19.3700008392334,19.3799991607666,19.350000381469727,19.364999771118164,24730,0.0,0.0
2024-06-14 10:20:00-04:00,19.360000610351562,19.3700008392334,19.350000381469727,19.360000610351562,24835,0.0,0.0
2024-06-14 10:25:00-04:00,19.360000610351562,19.40999984741211,19.344999313354492,19.40999984741211,12777,0.0,0.0
2024-06-14 10:30:00-04:00,19.40999984741211,19.420000076293945,19.389999389648438,19.395000457763672,16625,0.0,0.0
2024-06-14 10:35:00-04:00,19.399999618530273,19.43000030517578,19.399999618530273,19.420000076293945,18582,0.0,0.0
2024-06-14 10:40:00-04:00,19.415000915527344,19.450000762939453,19.40999984741211,19.434999465942383,20729,0.0,0.0
2024-06-14 10:45:00-04:00,19.440000534057617,19.46500015258789,19.440000534057617,19.440000534057617,26605,0.0,0.0
2024-06-14 10:50:00-04:00,19.44499969482422,19.450000762939453,19.440000534057617,19.44499969482422,15705,0.0,0.0
2024-06-14 10:55:00-04:00,19.450000762939453,19.450000762939453,19.420000076293945,19.424999237060547,42575,0.0,0.0
2024-06-14 11:00:00-04:00,19.420000076293945,19.440000534057617,19.415000915527344,19.440000534057617,44952,0.0,0.0
2024-06-14 11:05:00-04:00,19.434999465942383,19.459999084472656,19.424999237060547,19.459999084472656,34984,0.0,0.0
2024-06-14 11:10:00-04:00,19.459999084472656,19.479999542236328,19.454999923706055,19.454999923706055,20118,0.0,0.0
2024-06-14 11:15:00-04:00,19.459999084472656,19.489999771118164,19.454999923706055,19.475000381469727,15623,0.0,0.0
2024-06-14 11:20:00-04:00,19.470199584960938,19.489999771118164,19.469999313354492,19.489999771118164,10894,0.0,0.0
2024-06-14 11:25:00-04:00,19.485000610351562,19.520000457763672,19.479999542236328,19.514999389648438,5312,0.0,0.0
2024-06-14 11:30:00-04:00,19.520000457763672,19.53499984741211,19.514999389648438,19.520000457763672,13822,0.0,0.0
2024-06-14 11:35:00-04:00,19.520000457763672,19.530000686645508,19.514999389648438,19.514999389648438,15003,0.0,0.0
2024-06-14 11:40:00-04:00,19.510000228881836,19.510000228881836,19.5,19.5049991607666,5424,0.0,0.0
2024-06-14 11:45:00-04:00,19.5,19.5,19.475000381469727,19.479999542236328,25087,0.0,0.0
2024-06-14 11:50:00-04:00,19.479999542236328,19.489999771118164,19.475000381469727,19.475000381469727,24834,0.0,0.0
2024-06-14 11:55:00-04:00,19.474700927734375,19.479999542236328,19.46500015258789,19.475000381469727,12465,0.0,0.0
2024-06-14 12:00:00-04:00,19.469999313354492,19.475000381469727,19.440000534057617,19.44499969482422,14527,0.0,0.0
2024-06-14 12:05:00-04:00,19.44499969482422,19.459999084472656,19.440000534057617,19.450000762939453,24555,0.0,0.0
2024-06-14 12:10:00-04:00,19.459999084472656,19.489999771118164,19.459999084472656,19.485000610351562,14605,0.0,0.0
2024-06-14 12:15:00-04:00,19.489999771118164,19.489999771118164,19.475000381469727,19.485000610351562,13815,0.0,0.0
2024-06-14 12:20:00-04:00,19.479999542236328,19.489999771118164,19.475000381469727,19.475000381469727,7631,0.0,0.0
2024-06-14 12:25:00-04:00,19.475000381469727,19.479999542236328,19.459999084472656,19.459999084472656,7568,0.0,0.0
2024-06-14 12:30:00-04:00,19.459999084472656,19.469999313354492,19.450000762939453,19.450000762939453,17166,0.0,0.0
2024-06-14 12:35:00-04:00,19.44499969482422,19.459999084472656,19.44499969482422,19.457500457763672,4386,0.0,0.0
2024-06-14 12:40:00-04:00,19.454999923706055,19.479999542236328,19.450000762939453,19.469999313354492,13669,0.0,0.0
2024-06-14 12:45:00-04:00,19.469999313354492,19.475000381469727,19.46500015258789,19.46500015258789,9742,0.0,0.0
2024-06-14 12:50:00-04:00,19.46500015258789,19.479999542236328,19.46500015258789,19.475000381469727,12965,0.0,0.0
2024-06-14 12:55:00-04:00,19.479999542236328,19.479999542236328,19.469999313354492,19.47010040283203,7664,0.0,0.0
2024-06-14 13:00:00-04:00,19.475000381469727,19.489999771118164,19.469999313354492,19.489999771118164,10410,0.0,0.0
2024-06-14 13:05:00-04:00,19.5,19.524999618530273,19.5,19.524999618530273,6309,0.0,0.0
2024-06-14 13:10:00-04:00,19.524999618530273,19.530000686645508,19.514999389648438,19.530000686645508,7304,0.0,0.0
2024-06-14 13:15:00-04:00,19.530000686645508,19.549999237060547,19.514999389648438,19.540000915527344,23042,0.0,0.0
2024-06-14 13:20:00-04:00,19.545000076293945,19.55500030517578,19.520000457763672,19.524999618530273,12573,0.0,0.0
2024-06-14 13:25:00-04:00,19.524999618530273,19.530000686645508,19.520000457763672,19.524999618530273,5761,0.0,0.0
2024-06-14 13:30:00-04:00,19.524999618530273,19.530000686645508,19.514999389648438,19.530000686645508,13086,0.0,0.0
2024-06-14 13:35:00-04:00,19.530000686645508,19.53499984741211,19.514999389648438,19.520000457763672,22930,0.0,0.0
2024-06-14 13:40:00-04:00,19.520000457763672,19.524999618530273,19.5,19.5049991607666,7166,0.0,0.0
2024-06-14 13:45:00-04:00,19.5,19.510000228881836,19.5,19.5,5502,0.0,0.0
2024-06-14 13:50:00-04:00,19.5049991607666,19.509899139404297,19.5,19.5,6236,0.0,0.0
2024-06-14 13:55:00-04:00,19.5049991607666,19.510000228881836,19.5,19.5049991607666,7344,0.0,0.0
2024-06-14 14:00:00-04:00,19.5,19.510000228881836,19.481199264526367,19.501100540161133,28601,0.0,0.0
2024-06-14 14:05:00-04:00,19.510000228881836,19.510000228881836,19.5,19.5049991607666,5621,0.0,0.0
2024-06-14 14:10:00-04:00,19.5049991607666,19.530000686645508,19.504899978637695,19.524999618530273,17781,0.0,0.0
2024-06-14 14:15:00-04:00,19.524999618530273,19.549999237060547,19.520000457763672,19.549999237060547,11274,0.0,0.0
2024-06-14 14:20:00-04:00,19.549999237060547,19.549999237060547,19.530000686645508,19.540000915527344,13571,0.0,0.0
2024-06-14 14:25:00-04:00,19.53499984741211,19.540000915527344,19.524999618530273,19.540000915527344,11318,0.0,0.0
2024-06-14 14:30:00-04:00,19.53499984741211,19.540000915527344,19.530000686645508,19.53499984741211,10018,0.0,0.0
2024-06-14 14:35:00-04:00,19.530000686645508,19.53499984741211,19.514999389648438,19.514999389648438,16151,0.0,0.0
2024-06-14 14:40:00-04:00,19.510000228881836,19.514999389648438,19.5049991607666,19.514999389648438,11173,0.0,0.0
2024-06-14 14:45:00-04:00,19.520000457763672,19.530000686645508,19.51420021057129,19.530000686645508,15175,0.0,0.0
2024-06-14 14:50:00-04:00,19.530000686645508,19.540000915527344,19.529800415039062,19.540000915527344,9146,0.0,0.0
2024-06-14 14:55:00-04:00,19.540000915527344,19.540000915527344,19.531400680541992,19.540000915527344,13957,0.0,0.0
2024-06-14 15:00:00-04:00,19.540000915527344,19.540000915527344,19.524999618530273,19.540000915527344,25558,0.0,0.0
2024-06-14 15:05:00-04:00,19.540000915527344,19.540000915527344,19.520000457763672,19.530000686645508,16211,0.0,0.0
2024-06-14 15:10:00-04:00,19.525800704956055,19.540000915527344,19.520000457763672,19.530000686645508,21616,0.0,0.0
2024-06-14 15:15:00-04:00,19.530000686645508,19.530000686645508,19.520000457763672,19.524999618530273,20379,0.0,0.0
2024-06-14 15:20:00-04:00,19.520000457763672,19.549999237060547,19.520000457763672,19.549999237060547,31851,0.0,0.0
2024-06-14 15:25:00-04:00,19.545000076293945,19.559999465942383,19.545000076293945,19.55500030517578,43244,0.0,0.0
2024-06-14 15:30:00-04:00,19.549999237060547,19.559999465942383,19.540000915527344,19.549999237060547,37262,0.0,0.0
2024-06-14 15:35:00-04:00,19.55500030517578,19.579999923706055,19.55500030517578,19.565000534057617,41837,0.0,0.0
2024-06-14 15:40:00-04:00,19.559999465942383,19.610000610351562,19.559999465942383,19.604999542236328,92227,0.0,0.0
2024-06-14 15:45:00-04:00,19.600000381469727,19.6299991607666,19.600000381469727,19.625,107742,0.0,0.0
2024-06-14 15:50:00-04:00,19.6299991607666,19.65999984741211,19.6200008392334,19.645000457763672,139957,0.0,0.0
2024-06-14 15:55:00-04:00,19.645000457763672,19.68000030517578,19.6299991607666,19.670000076293945,359330,0.0,0.0
2024-06-17 09:30:00-04:00,19.5,19.690000534057617,19.479999542236328,19.559999465942383,37534,0.0,0.0
2024-06-17 09:35:00-04:00,19.56999969482422,19.575000762939453,19.42060089111328,19.4424991607666,34657,0.0,0.0
2024-06-17 09:40:00-04:00,19.40999984741211,19.5,19.395000457763672,19.459999084472656,21390,0.0,0.0
2024-06-17 09:45:00-04:00,19.454999923706055,19.475000381469727,19.43000030517578,19.459999084472656,17255,0.0,0.0
2024-06-17 09:50:00-04:00,19.459999084472656,19.485000610351562,19.450000762939453,19.450000762939453,11028,0.0,0.0
2024-06-17 09:55:00-04:00,19.450000762939453,19.475000381469727,19.389999389648438,19.43000030517578,46887,0.0,0.0
2024-06-17 10:00:00-04:00,19.43000030517578,19.43000030517578,19.389999389648438,19.395000457763672,16068,0.0,0.0
2024-06-17 10:05:00-04:00,19.399999618530273,19.40999984741211,19.385000228881836,19.40999984741211,18161,0.0,0.0
2024-06-17 10:10:00-04:00,19.402599334716797,19.415000915527344,19.3700008392334,19.3799991607666,13253,0.0,0.0
2024-06-17 10:15:00-04:00,19.364999771118164,19.389999389648438,19.360000610351562,19.389999389648438,16328,0.0,0.0
2024-06-17 10:20:00-04:00,19.3799991607666,19.434999465942383,19.3700008392334,19.385000228881836,53450,0.0,0.0
2024-06-17 10:25:00-04:00,19.389999389648438,19.440000534057617,19.389999389648438,19.420000076293945,56338,0.0,0.0
2024-06-17 10:30:00-04:00,19.40999984741211,19.450000762939453,19.40999984741211,19.434999465942383,27589,0.0,0.0
2024-06-17 10:35:00-04:00,19.434999465942383,19.440000534057617,19.40999984741211,19.40999984741211,28040,0.0,0.0
2024-06-17 10:40:00-04:00,19.415000915527344,19.44499969482422,19.40999984741211,19.43000030517578,23557,0.0,0.0
2024-06-17 10:45:00-04:00,19.440000534057617,19.440000534057617,19.43000030517578,19.434999465942383,7159,0.0,0.0
2024-06-17 10:50:00-04:00,19.440000534057617,19.44499969482422,19.399999618530273,19.405000686645508,26510,0.0,0.0
2024-06-17 10:55:00-04:00,19.399999618530273,19.399999618530273,19.385000228881836,19.385000228881836,23547,0.0,0.0
2024-06-17 11:00:00-04:00,19.385000228881836,19.385299682617188,19.354999542236328,19.360000610351562,26329,0.0,0.0
2024-06-17 11:05:00-04:00,19.360000610351562,19.3799991607666,19.344999313354492,19.354999542236328,36649,0.0,0.0
2024-06-17 11:10:00-04:00,19.354999542236328,19.364999771118164,19.344999313354492,19.354999542236328,40233,0.0,0.0
2024-06-17 11:15:00-04:00,19.360000610351562,19.389999389648438,19.354999542236328,19.389999389648438,19632,0.0,0.0
2024-06-17 11:20:00-04:00,19.387699127197266,19.399999618530273,19.3799991607666,19.385000228881836,32220,0.0,0.0
2024-06-17 11:25:00-04:00,19.385000228881836,19.389999389648438,19.3700008392334,19.375,17295,0.0,0.0
2024-06-17 11:30:00-04:00,19.375,19.375,19.329999923706055,19.340999603271484,23021,0.0,0.0
2024-06-17 11:35:00-04:00,19.34000015258789,19.347000122070312,19.329999923706055,19.334999084472656,26062,0.0,0.0
2024-06-17 11:40:00-04:00,19.334999084472656,19.3700008392334,19.329999923706055,19.364999771118164,26664,0.0,0.0
2024-06-17 11:45:00-04:00,19.364999771118164,19.3700008392334,19.344999313354492,19.344999313354492,15511,0.0,0.0
2024-06-17 11:50:00-04:00,19.350000381469727,19.3700008392334,19.34000015258789,19.364999771118164,36917,0.0,0.0
2024-06-17 11:55:00-04:00,19.3700008392334,19.3700008392334,19.350000381469727,19.350000381469727,18804,0.0,0.0
2024-06-17 12:00:00-04:00,19.354999542236328,19.360000610351562,19.350000381469727,19.350000381469727,23654,0.0,0.0
2024-06-17 12:05:00-04:00,19.354999542236328,19.375,19.350000381469727,19.3700008392334,33083,0.0,0.0
2024-06-17 12:10:00-04:00,19.364999771118164,19.3799991607666,19.360000610351562,19.375,20197,0.0,0.0
2024-06-17 12:15:00-04:00,19.375,19.385000228881836,19.3700008392334,19.3700008392334,28014,0.0,0.0
2024-06-17 12:20:00-04:00,19.3799991607666,19.3799991607666,19.3700008392334,19.375,18650,0.0,0.0
2024-06-17 12:25:00-04:00,19.375,19.389999389648438,19.344999313354492,19.385000228881836,65485,0.0,0.0
2024-06-17 12:30:00-04:00,19.389999389648438,19.399999618530273,19.3700008392334,19.389999389648438,28881,0.0,0.0
2024-06-17 12:35:00-04:00,19.389999389648438,19.389999389648438,19.3700008392334,19.3799991607666,15196,0.0,0.0
2024-06-17 12:40:00-04:00,19.3799991607666,19.3799991607666,19.354999542236328,19.354999542236328,14801,0.0,0.0
2024-06-17 12:45:00-04:00,19.354999542236328,19.360000610351562,19.350000381469727,19.354999542236328,17598,0.0,0.0
2024-06-17 12:50:00-04:00,19.354999542236328,19.364999771118164,19.350000381469727,19.354999542236328,17464,0.0,0.0
2024-06-17 12:55:00-04:00,19.360000610351562,19.364999771118164,19.350000381469727,19.351600646972656,15859,0.0,0.0
2024-06-17 13:00:00-04:00,19.354999542236328,19.364999771118164,19.350000381469727,19.354999542236328,17125,0.0,0.0
2024-06-17 13:05:00-04:00,19.354999542236328,19.355899810791016,19.350000381469727,19.354999542236328,21793,0.0,0.0
2024-06-17 13:10:00-04:00,19.354999542236328,19.360000610351562,19.350000381469727,19.354999542236328,16968,0.0,0.0
2024-06-17 13:15:00-04:00,19.354999542236328,19.3799991607666,19.350000381469727,19.375,26753,0.0,0.0
2024-06-17 13:20:00-04:00,19.3799991607666,19.399999618530273,19.35409927368164,19.354999542236328,68220,0.0,0.0
2024-06-17 13:25:00-04:00,19.354999542236328,19.360000610351562,19.350000381469727,19.350000381469727,24359,0.0,0.0
2024-06-17 13:30:00-04:00,19.350000381469727,19.385000228881836,19.350000381469727,19.385000228881836,41412,0.0,0.0
2024-06-17 13:35:00-04:00,19.3799991607666,19.399999618530273,19.3799991607666,19.395000457763672,11758,0.0,0.0
2024-06-17 13:40:00-04:00,19.395000457763672,19.415000915527344,19.395000457763672,19.40999984741211,27316,0.0,0.0
2024-06-17 13:45:00-04:00,19.40999984741211,19.420000076293945,19.394699096679688,19.415000915527344,115817,0.0,0.0
2024-06-17 13:50:00-04:00,19.415000915527344,19.420000076293945,19.405000686645508,19.420000076293945,19033,0.0,0.0
2024-06-17 13:55:00-04:00,19.415000915527344,19.420000076293945,19.40999984741211,19.415000915527344,67337,0.0,0.0
2024-06-17 14:00:00-04:00,19.420000076293945,19.475000381469727,19.415000915527344,19.475000381469727,14442,0.0,0.0
2024-06-17 14:05:00-04:00,19.475000381469727,19.530000686645508,19.475000381469727,19.524999618530273,21217,0.0,0.0
2024-06-17 14:10:00-04:00,19.524999618530273,19.524999618530273,19.5049991607666,19.5049991607666,15434,0.0,0.0
2024-06-17 14:15:00-04:00,19.5,19.524999618530273,19.5,19.510000228881836,20151,0.0,0.0
2024-06-17 14:20:00-04:00,19.5049991607666,19.540000915527344,19.5049991607666,19.53499984741211,15624,0.0,0.0
2024-06-17 14:25:00-04:00,19.53499984741211,19.575000762939453,19.53499984741211,19.575000762939453,18638,0.0,0.0
2024-06-17 14:30:00-04:00,19.56999969482422,19.575000762939453,19.549999237060547,19.55500030517578,16669,0.0,0.0
2024-06-17 14:35:00-04:00,19.55500030517578,19.559999465942383,19.520000457763672,19.524999618530273,21198,0.0,0.0
2024-06-17 14:40:00-04:00,19.520000457763672,19.524999618530273,19.5049991607666,19.510000228881836,15382,0.0,0.0
2024-06-17 14:45:00-04:00,19.510000228881836,19.510000228881836,19.479999542236328,19.489999771118164,50450,0.0,0.0
2024-06-17 14:50:00-04:00,19.4950008392334,19.5,19.479999542236328,19.4950008392334,19293,0.0,0.0
2024-06-17 14:55:00-04:00,19.49090003967285,19.4950008392334,19.469999313354492,19.475000381469727,16318,0.0,0.0
2024-06-17 15:00:00-04:00,19.469999313354492,19.475000381469727,19.46500015258789,19.46500015258789,14791,0.0,0.0
2024-06-17 15:05:00-04:00,19.459999084472656,19.475000381469727,19.43000030517578,19.44499969482422,36963,0.0,0.0
2024-06-17 15:10:00-04:00,19.450000762939453,19.475000381469727,19.450000762939453,19.450000762939453,19485,0.0,0.0
2024-06-17 15:15:00-04:00,19.454999923706055,19.469999313354492,19.440000534057617,19.440000534057617,43577,0.0,0.0
2024-06-17 15:20:00-04:00,19.440000534057617,19.450000762939453,19.43000030517578,19.44499969482422,17922,0.0,0.0
2024-06-17 15:25:00-04:00,19.450000762939453,19.459999084472656,19.43000030517578,19.459999084472656,36765,0.0,0.0
2024-06-17 15:30:00-04:00,19.454999923706055,19.469999313354492,19.440000534057617,19.440000534057617,34610,0.0,0.0
2024-06-17 15:35:00-04:00,19.440200805664062,19.44809913635254,19.420000076293945,19.424999237060547,31373,0.0,0.0
2024-06-17 15:40:00-04:00,19.424999237060547,19.459999084472656,19.40999984741211,19.415000915527344,53015,0.0,0.0
2024-06-17 15:45:00-04:00,19.41830062866211,19.420000076293945,19.399999618530273,19.399999618530273,66494,0.0,0.0
2024-06-17 15:50:00-04:00,19.399999618530273,19.405000686645508,19.3700008392334,19.385000228881836,184998,0.0,0.0
2024-06-17 15:55:00-04:00,19.3799991607666,19.389999389648438,19.350000381469727,19.3700008392334,386469,0.0,0.0
2024-06-18 09:30:00-04:00,19.420000076293945,19.510000228881836,19.420000076293945,19.489999771118164,58810,0.0,0.0
2024-06-18 09:35:00-04:00,19.479999542236328,19.5,19.434999465942383,19.4950008392334,14650,0.0,0.0
2024-06-18 09:40:00-04:00,19.489999771118164,19.540000915527344,19.43000030517578,19.43000030517578,16308,0.0,0.0
2024-06-18 09:45:00-04:00,19.420000076293945,19.434999465942383,19.395000457763672,19.434999465942383,16808,0.0,0.0
2024-06-18 09:50:00-04:00,19.434999465942383,19.440000534057617,19.40999984741211,19.40999984741211,16054,0.0,0.0
2024-06-18 09:55:00-04:00,19.40999984741211,19.40999984741211,19.364999771118164,19.375,23534,0.0,0.0
2024-06-18 10:00:00-04:00,19.3700008392334,19.415000915527344,19.364999771118164,19.405000686645508,61384,0.0,0.0
2024-06-18 10:05:00-04:00,19.399999618530273,19.399999618530273,19.350000381469727,19.350000381469727,22825,0.0,0.0
2024-06-18 10:10:00-04:00,19.350000381469727,19.367000579833984,19.34000015258789,19.360000610351562,10818,0.0,0.0
2024-06-18 10:15:00-04:00,19.360000610351562,19.360000610351562,19.34000015258789,19.350000381469727,8675,0.0,0.0
2024-06-18 10:20:00-04:00,19.344999313354492,19.354999542236328,19.309999465942383,19.309999465942383,12396,0.0,0.0
2024-06-18 10:25:00-04:00,19.31999969482422,19.360000610351562,19.31999969482422,19.354999542236328,22257,0.0,0.0
2024-06-18 10:30:00-04:00,19.360000610351562,19.3799991607666,19.354999542236328,19.360000610351562,13832,0.0,0.0
2024-06-18 10:35:00-04:00,19.360000610351562,19.360000610351562,19.329999923706055,19.329999923706055,20442,0.0,0.0
2024-06-18 10:40:00-04:00,19.329999923706055,19.34000015258789,19.30500030517578,19.334999084472656,68263,0.0,0.0
2024-06-18 10:45:00-04:00,19.334999084472656,19.364999771118164,19.329999923706055,19.360000610351562,18077,0.0,0.0
2024-06-18 10:50:00-04:00,19.364999771118164,19.3700008392334,19.344999313354492,19.360000610351562,28486,0.0,0.0
2024-06-18 10:55:00-04:00,19.354999542236328,19.375,19.34000015258789,19.350900650024414,35605,0.0,0.0
2024-06-18 11:00:00-04:00,19.354999542236328,19.375,19.334999084472656,19.3700008392334,16545,0.0,0.0
2024-06-18 11:05:00-04:00,19.375,19.389999389648438,19.3700008392334,19.385000228881836,12009,0.0,0.0
2024-06-18 11:10:00-04:00,19.385000228881836,19.40999984741211,19.3799991607666,19.405000686645508,10542,0.0,0.0
2024-06-18 11:15:00-04:00,19.40999984741211,19.424999237060547,19.40999984741211,19.415000915527344,13766,0.0,0.0
2024-06-18 11:20:00-04:00,19.40999984741211,19.424999237060547,19.399999618530273,19.405000686645508,21014,0.0,0.0
2024-06-18 11:25:00-04:00,19.400100708007812,19.405000686645508,19.3799991607666,19.405000686645508,12997,0.0,0.0
2024-06-18 11:30:00-04:00,19.405000686645508,19.40999984741211,19.399999618530273,19.40999984741211,3335,0.0,0.0
2024-06-18 11:35:00-04:00,19.405000686645508,19.40999984741211,19.399999618530273,19.399999618530273,9018,0.0,0.0
2024-06-18 11:40:00-04:00,19.399999618530273,19.399999618530273,19.385000228881836,19.395000457763672,26617,0.0,0.0
2024-06-18 11:45:00-04:00,19.399999618530273,19.40999984741211,19.390100479125977,19.405000686645508,10248,0.0,0.0
2024-06-18 11:50:00-04:00,19.405000686645508,19.420000076293945,19.403400421142578,19.40999984741211,13726,0.0,0.0
2024-06-18 11:55:00-04:00,19.40999984741211,19.440000534057617,19.405000686645508,19.434999465942383,39240,0.0,0.0
2024-06-18 12:00:00-04:00,19.434999465942383,19.440000534057617,19.43000030517578,19.434999465942383,6796,0.0,0.0
2024-06-18 12:05:00-04:00,19.434999465942383,19.440000534057617,19.424999237060547,19.43000030517578,14483,0.0,0.0
2024-06-18 12:10:00-04:00,19.43000030517578,19.434999465942383,19.399999618530273,19.415000915527344,28682,0.0,0.0
2024-06-18 12:15:00-04:00,19.415000915527344,19.415000915527344,19.399999618530273,19.399999618530273,8507,0.0,0.0
2024-06-18 12:20:00-04:00,19.399999618530273,19.43000030517578,19.399999618530273,19.424999237060547,22043,0.0,0.0
2024-06-18 12:25:00-04:00,19.420000076293945,19.434999465942383,19.420000076293945,19.424999237060547,30832,0.0,0.0
2024-06-18 12:30:00-04:00,19.420000076293945,19.424999237060547,19.40999984741211,19.415000915527344,14538,0.0,0.0
2024-06-18 12:35:00-04:00,19.40999984741211,19.420000076293945,19.40999984741211,19.415000915527344,8230,0.0,0.0
2024-06-18 12:40:00-04:00,19.415000915527344,19.43000030517578,19.40999984741211,19.42009925842285,10894,0.0,0.0
2024-06-18 12:45:00-04:00,19.424999237060547,19.424999237060547,19.40999984741211,19.40999984741211,10649,0.0,0.0
2024-06-18 12:50:00-04:00,19.415000915527344,19.417499542236328,19.399999618530273,19.399999618530273,7411,0.0,0.0
2024-06-18 12:55:00-04:00,19.399999618530273,19.399999618530273,19.3799991607666,19.3799991607666,11073,0.0,0.0
2024-06-18 13:00:00-04:00,19.3799991607666,19.395000457763672,19.3799991607666,19.395000457763672,10961,0.0,0.0
2024-06-18 13:05:00-04:00,19.395000457763672,19.395000457763672,19.375,19.385000228881836,14165,0.0,0.0
2024-06-18 13:10:00-04:00,19.3799991607666,19.389999389648438,19.375,19.385000228881836,17089,0.0,0.0
2024-06-18 13:15:00-04:00,19.3799991607666,19.389999389648438,19.3799991607666,19.3799991607666,9513,0.0,0.0
2024-06-18 13:20:00-04:00,19.385000228881836,19.385000228881836,19.375,19.385000228881836,20906,0.0,0.0
2024-06-18 13:25:00-04:00,19.385000228881836,19.389999389648438,19.3799991607666,19.389999389648438,6271,0.0,0.0
2024-06-18 13:30:00-04:00,19.3799991607666,19.389999389648438,19.3700008392334,19.385000228881836,14919,0.0,0.0
2024-06-18 13:35:00-04:00,19.385000228881836,19.424999237060547,19.385000228881836,19.415000915527344,74303,0.0,0.0
2024-06-18 13:40:00-04:00,19.415000915527344,19.415000915527344,19.399999618530273,19.415000915527344,12674,0.0,0.0
2024-06-18 13:45:00-04:00,19.415000915527344,19.424999237060547,19.40999984741211,19.415000915527344,15093,0.0,0.0
2024-06-18 13:50:00-04:00,19.415000915527344,19.420000076293945,19.399999618530273,19.40999984741211,33887,0.0,0.0
2024-06-18 13:55:00-04:00,19.40999984741211,19.43000030517578,19.40999984741211,19.420000076293945,15987,0.0,0.0
2024-06-18 14:00:00-04:00,19.420000076293945,19.420000076293945,19.381200790405273,19.399999618530273,30759,0.0,0.0
2024-06-18 14:05:00-04:00,19.395000457763672,19.405000686645508,19.395000457763672,19.399999618530273,7573,0.0,0.0
2024-06-18 14:10:00-04:00,19.405000686645508,19.420000076293945,19.405000686645508,19.40999984741211,13070,0.0,0.0
2024-06-18 14:15:00-04:00,19.415000915527344,19.415000915527344,19.389999389648438,19.395000457763672,23234,0.0,0.0
2024-06-18 14:20:00-04:00,19.395000457763672,19.399999618530273,19.389999389648438,19.389999389648438,6041,0.0,0.0
2024-06-18 14:25:00-04:00,19.389999389648438,19.405000686645508,19.389999389648438,19.405000686645508,19473,0.0,0.0
2024-06-18 14:30:00-04:00,19.405000686645508,19.440000534057617,19.399999618530273,19.434999465942383,14443,0.0,0.0
2024-06-18 14:35:00-04:00,19.440000534057617,19.440000534057617,19.40999984741211,19.43000030517578,28938,0.0,0.0
2024-06-18 14:40:00-04:00,19.420000076293945,19.43000030517578,19.40999984741211,19.424999237060547,16957,0.0,0.0
2024-06-18 14:45:00-04:00,19.420000076293945,19.424999237060547,19.40999984741211,19.40999984741211,34097,0.0,0.0
2024-06-18 14:50:00-04:00,19.40999984741211,19.43000030517578,19.399999618530273,19.424999237060547,44263,0.0,0.0
2024-06-18 14:55:00-04:00,19.424999237060547,19.43000030517578,19.420000076293945,19.43000030517578,22716,0.0,0.0
2024-06-18 15:00:00-04:00,19.424999237060547,19.424999237060547,19.3799991607666,19.395000457763672,34750,0.0,0.0
2024-06-18 15:05:00-04:00,19.389999389648438,19.40999984741211,19.3799991607666,19.40999984741211,61572,0.0,0.0
2024-06-18 15:10:00-04:00,19.40999984741211,19.40999984741211,19.389999389648438,19.389999389648438,29692,0.0,0.0
2024-06-18 15:15:00-04:00,19.389999389648438,19.399999618530273,19.3700008392334,19.375,59639,0.0,0.0
2024-06-18 15:20:00-04:00,19.375,19.3799991607666,19.3700008392334,19.375,18791,0.0,0.0
2024-06-18 15:25:00-04:00,19.3700008392334,19.385000228881836,19.350000381469727,19.354999542236328,51659,0.0,0.0
2024-06-18 15:30:00-04:00,19.354999542236328,19.3700008392334,19.350000381469727,19.364999771118164,53278,0.0,0.0
2024-06-18 15:35:00-04:00,19.364999771118164,19.389999389648438,19.364999771118164,19.375,46974,0.0,0.0
2024-06-18 15:40:00-04:00,19.375,19.389999389648438,19.375,19.385000228881836,57285,0.0,0.0
2024-06-18 15:45:00-04:00,19.385000228881836,19.40999984741211,19.3799991607666,19.405000686645508,64230,0.0,0.0
2024-06-18 15:50:00-04:00,19.40999984741211,19.469999313354492,19.405000686645508,19.46500015258789,160948,0.0,0.0
2024-06-18 15:55:00-04:00,19.46500015258789,19.4950008392334,19.44499969482422,19.489999771118164,319954,0.0,0.0
2024-06-20 09:30:00-04:00,19.43000030517578,19.450000762939453,19.299999237060547,19.434999465942383,69681,0.0,0.0
2024-06-20 09:35:00-04:00,19.43000030517578,19.43000030517578,19.309999465942383,19.309999465942383,16050,0.0,0.0
2024-06-20 09:40:00-04:00,19.31999969482422,19.360000610351562,19.299999237060547,19.334999084472656,14252,0.0,0.0
2024-06-20 09:45:00-04:00,19.320100784301758,19.364999771118164,19.31999969482422,19.350000381469727,36904,0.0,0.0
2024-06-20 09:50:00-04:00,19.350000381469727,19.3700008392334,19.350000381469727,19.364999771118164,14965,0.0,0.0
2024-06-20 09:55:00-04:00,19.360000610351562,19.364999771118164,19.34000015258789,19.344999313354492,10205,0.0,0.0
2024-06-20 10:00:00-04:00,19.34469985961914,19.360000610351562,19.31999969482422,19.350000381469727,24533,0.0,0.0
2024-06-20 10:05:00-04:00,19.364999771118164,19.364999771118164,19.34000015258789,19.350000381469727,16264,0.0,0.0
2024-06-20 10:10:00-04:00,19.344999313354492,19.395000457763672,19.344999313354492,19.3700008392334,15305,0.0,0.0
2024-06-20 10:15:00-04:00,19.3799991607666,19.399999618530273,19.3700008392334,19.38010025024414,30918,0.0,0.0
2024-06-20 10:20:00-04:00,19.385000228881836,19.389999389648438,19.344999313354492,19.349000930786133,24192,0.0,0.0
2024-06-20 10:25:00-04:00,19.350000381469727,19.360000610351562,19.34000015258789,19.350000381469727,15414,0.0,0.0
2024-06-20 10:30:00-04:00,19.354999542236328,19.360000610351562,19.325000762939453,19.329999923706055,12544,0.0,0.0
2024-06-20 10:35:00-04:00,19.329999923706055,19.329999923706055,19.309999465942383,19.315000534057617,19519,0.0,0.0
2024-06-20 10:40:00-04:00,19.315399169921875,19.31999969482422,19.280000686645508,19.290000915527344,16424,0.0,0.0
2024-06-20 10:45:00-04:00,19.290000915527344,19.299999237060547,19.28499984741211,19.290000915527344,15833,0.0,0.0
2024-06-20 10:50:00-04:00,19.295000076293945,19.295000076293945,19.270000457763672,19.274999618530273,18072,0.0,0.0
2024-06-20 10:55:00-04:00,19.280000686645508,19.280000686645508,19.26099967956543,19.270000457763672,21883,0.0,0.0
2024-06-20 11:00:00-04:00,19.270000457763672,19.270000457763672,19.25,19.25,10664,0.0,0.0
2024-06-20 11:05:00-04:00,19.25,19.270000457763672,19.229999542236328,19.229999542236328,33766,0.0,0.0
2024-06-20 11:10:00-04:00,19.235000610351562,19.24570083618164,19.225000381469727,19.225000381469727,20738,0.0,0.0
2024-06-20 11:15:00-04:00,19.225000381469727,19.239999771118164,19.225000381469727,19.239999771118164,11332,0.0,0.0
2024-06-20 11:20:00-04:00,19.225000381469727,19.225000381469727,19.18000030517578,19.19499969482422,16867,0.0,0.0
2024-06-20 11:25:00-04:00,19.200000762939453,19.209999084472656,19.190000534057617,19.190000534057617,11169,0.0,0.0
2024-06-20 11:30:00-04:00,19.190099716186523,19.209999084472656,19.190099716186523,19.204999923706055,10578,0.0,0.0
2024-06-20 11:35:00-04:00,19.209999084472656,19.219900131225586,19.18000030517578,19.18000030517578,10623,0.0,0.0
2024-06-20 11:40:00-04:00,19.18000030517578,19.204999923706055,19.174999237060547,19.184999465942383,15961,0.0,0.0
2024-06-20 11:45:00-04:00,19.184999465942383,19.200000762939453,19.18000030517578,19.190000534057617,13244,0.0,0.0
2024-06-20 11:50:00-04:00,19.200000762939453,19.21500015258789,19.184999465942383,19.204999923706055,19512,0.0,0.0
2024-06-20 11:55:00-04:00,19.204999923706055,19.239999771118164,19.204999923706055,19.23900032043457,16182,0.0,0.0
2024-06-20 12:00:00-04:00,19.239999771118164,19.25,19.229999542236328,19.25,8541,0.0,0.0
2024-06-20 12:05:00-04:00,19.25,19.270000457763672,19.239999771118164,19.264999389648438,14599,0.0,0.0
2024-06-20 12:10:00-04:00,19.264999389648438,19.280000686645508,19.260000228881836,19.280000686645508,17144,0.0,0.0
2024-06-20 12:15:00-04:00,19.280000686645508,19.290000915527344,19.270000457763672,19.28499984741211,20501,0.0,0.0
2024-06-20 12:20:00-04:00,19.290000915527344,19.299999237060547,19.264999389648438,19.264999389648438,18498,0.0,0.0
2024-06-20 12:25:00-04:00,19.270000457763672,19.299999237060547,19.270000457763672,19.299999237060547,14697,0.0,0.0
2024-06-20 12:30:00-04:00,19.295000076293945,19.31999969482422,19.290000915527344,19.30500030517578,38221,0.0,0.0
2024-06-20 12:35:00-04:00,19.299999237060547,19.315000534057617,19.290000915527344,19.315000534057617,47043,0.0,0.0
2024-06-20 12:40:00-04:00,19.309999465942383,19.34000015258789,19.30500030517578,19.329999923706055,24952,0.0,0.0
2024-06-20 12:45:00-04:00,19.325000762939453,19.344999313354492,19.325000762939453,19.334999084472656,12640,0.0,0.0
2024-06-20 12:50:00-04:00,19.34000015258789,19.34000015258789,19.325000762939453,19.334999084472656,26805,0.0,0.0
2024-06-20 12:55:00-04:00,19.329999923706055,19.34000015258789,19.325000762939453,19.334999084472656,17154,0.0,0.0
2024-06-20 13:00:00-04:00,19.329999923706055,19.34000015258789,19.31999969482422,19.34000015258789,13161,0.0,0.0
2024-06-20 13:05:00-04:00,19.34000015258789,19.350000381469727,19.30500030517578,19.309999465942383,19928,0.0,0.0
2024-06-20 13:10:00-04:00,19.309999465942383,19.329999923706055,19.299999237060547,19.315000534057617,15972,0.0,0.0
2024-06-20 13:15:00-04:00,19.315000534057617,19.34000015258789,19.30500030517578,19.309999465942383,32041,0.0,0.0
2024-06-20 13:20:00-04:00,19.309999465942383,19.31999969482422,19.30500030517578,19.31999969482422,16011,0.0,0.0
2024-06-20 13:25:00-04:00,19.315000534057617,19.344999313354492,19.309999465942383,19.334999084472656,44462,0.0,0.0
2024-06-20 13:30:00-04:00,19.34000015258789,19.3700008392334,19.34000015258789,19.3700008392334,26058,0.0,0.0
2024-06-20 13:35:00-04:00,19.360000610351562,19.3799991607666,19.360000610351562,19.3799991607666,27639,0.0,0.0
2024-06-20 13:40:00-04:00,19.375,19.399999618530273,19.371299743652344,19.395000457763672,18681,0.0,0.0
2024-06-20 13:45:00-04:00,19.389999389648438,19.389999389648438,19.3799991607666,19.3799991607666,18822,0.0,0.0
2024-06-20 13:50:00-04:00,19.385000228881836,19.415000915527344,19.3799991607666,19.415000915527344,47428,0.0,0.0
2024-06-20 13:55:00-04:00,19.420000076293945,19.43000030517578,19.40999984741211,19.424999237060547,23466,0.0,0.0
2024-06-20 14:00:00-04:00,19.43000030517578,19.454999923706055,19.420000076293945,19.450000762939453,28720,0.0,0.0
2024-06-20 14:05:00-04:00,19.454999923706055,19.459999084472656,19.440000534057617,19.459999084472656,27524,0.0,0.0
2024-06-20 14:10:00-04:00,19.459999084472656,19.469999313354492,19.450000762939453,19.454999923706055,26256,0.0,0.0
2024-06-20 14:15:00-04:00,19.459999084472656,19.479999542236328,19.450000762939453,19.469999313354492,25954,0.0,0.0
2024-06-20 14:20:00-04:00,19.46500015258789,19.489999771118164,19.459999084472656,19.479999542236328,26080,0.0,0.0
2024-06-20 14:25:00-04:00,19.479999542236328,19.485000610351562,19.44499969482422,19.44499969482422,38151,0.0,0.0
2024-06-20 14:30:00-04:00,19.44499969482422,19.450000762939453,19.440000534057617,19.440000534057617,16783,0.0,0.0
2024-06-20 14:35:00-04:00,19.450000762939453,19.450000762939453,19.433900833129883,19.434999465942383,22164,0.0,0.0
2024-06-20 14:40:00-04:00,19.434999465942383,19.450000762939453,19.434999465942383,19.434999465942383,32071,0.0,0.0
2024-06-20 14:45:00-04:00,19.43000030517578,19.450000762939453,19.420000076293945,19.434999465942383,27940,0.0,0.0
2024-06-20 14:50:00-04:00,19.43000030517578,19.454999923706055,19.420000076293945,19.454999923706055,16549,0.0,0.0
2024-06-20 14:55:00-04:00,19.450000762939453,19.459999084472656,19.434999465942383,19.434999465942383,25391,0.0,0.0
2024-06-20 15:00:00-04:00,19.440000534057617,19.459999084472656,19.415000915527344,19.424999237060547,29435,0.0,0.0
2024-06-20 15:05:00-04:00,19.43000030517578,19.440000534057617,19.40999984741211,19.440000534057617,28570,0.0,0.0
2024-06-20 15:10:00-04:00,19.434999465942383,19.454999923706055,19.415000915527344,19.420000076293945,39534,0.0,0.0
2024-06-20 15:15:00-04:00,19.41390037536621,19.41390037536621,19.399999618530273,19.399999618530273,28304,0.0,0.0
2024-06-20 15:20:00-04:00,19.40999984741211,19.43000030517578,19.405000686645508,19.40999984741211,48937,0.0,0.0
2024-06-20 15:25:00-04:00,19.415000915527344,19.450000762939453,19.399999618530273,19.434999465942383,47528,0.0,0.0
2024-06-20 15:30:00-04:00,19.434999465942383,19.450000762939453,19.399999618530273,19.450000762939453,38662,0.0,0.0
2024-06-20 15:35:00-04:00,19.440000534057617,19.44499969482422,19.40999984741211,19.424999237060547,39534,0.0,0.0
2024-06-20 15:40:00-04:00,19.42009925842285,19.434999465942383,19.40250015258789,19.415000915527344,60768,0.0,0.0
2024-06-20 15:45:00-04:00,19.413700103759766,19.43000030517578,19.40999984741211,19.415000915527344,63265,0.0,0.0
2024-06-20 15:50:00-04:00,19.415000915527344,19.459999084472656,19.405000686645508,19.44499969482422,142604,0.0,0.0
2024-06-20 15:55:00-04:00,19.44499969482422,19.44499969482422,19.3700008392334,19.389999389648438,377396,0.0,0.0
2024-06-21 09:30:00-04:00,19.489999771118164,19.489999771118164,19.395000457763672,19.399999618530273,1034658,0.0,0.0
2024-06-21 09:35:00-04:00,19.399999618530273,19.44499969482422,19.360000610351562,19.375,37668,0.0,0.0
2024-06-21 09:40:00-04:00,19.3700008392334,19.3700008392334,19.299999237060547,19.309999465942383,17134,0.0,0.0
2024-06-21 09:45:00-04:00,19.299999237060547,19.3799991607666,19.25,19.3700008392334,44836,0.0,0.0
2024-06-21 09:50:00-04:00,19.389999389648438,19.420000076293945,19.360000610351562,19.3799991607666,59040,0.0,0.0
2024-06-21 09:55:00-04:00,19.389999389648438,19.399999618530273,19.34000015258789,19.360000610351562,15977,0.0,0.0
2024-06-21 10:00:00-04:00,19.3700008392334,19.395000457763672,19.360000610351562,19.3799991607666,18746,0.0,0.0
2024-06-21 10:05:00-04:00,19.385000228881836,19.399999618530273,19.354999542236328,19.389999389648438,15234,0.0,0.0
2024-06-21 10:10:00-04:00,19.395000457763672,19.405000686645508,19.364999771118164,19.385000228881836,13130,0.0,0.0
2024-06-21 10:15:00-04:00,19.3799991607666,19.405000686645508,19.3799991607666,19.399999618530273,13086,0.0,0.0
2024-06-21 10:20:00-04:00,19.399999618530273,19.450000762939453,19.399999618530273,19.44029998779297,16113,0.0,0.0
2024-06-21 10:25:00-04:00,19.440000534057617,19.459999084472656,19.430099487304688,19.459999084472656,15280,0.0,0.0
2024-06-21 10:30:00-04:00,19.450000762939453,19.454999923706055,19.415000915527344,19.420000076293945,10836,0.0,0.0
2024-06-21 10:35:00-04:00,19.424999237060547,19.424999237060547,19.389999389648438,19.389999389648438,14181,0.0,0.0
2024-06-21 10:40:00-04:00,19.399999618530273,19.415000915527344,19.389999389648438,19.415000915527344,20244,0.0,0.0
2024-06-21 10:45:00-04:00,19.415000915527344,19.43000030517578,19.399999618530273,19.415000915527344,16084,0.0,0.0
2024-06-21 10:50:00-04:00,19.415000915527344,19.43000030517578,19.40999984741211,19.426000595092773,18384,0.0,0.0
2024-06-21 10:55:00-04:00,19.43000030517578,19.43000030517578,19.3700008392334,19.3700008392334,118258,0.0,0.0
2024-06-21 11:00:00-04:00,19.375,19.385000228881836,19.364999771118164,19.385000228881836,19895,0.0,0.0
2024-06-21 11:05:00-04:00,19.3799991607666,19.415000915527344,19.3799991607666,19.40999984741211,10696,0.0,0.0
2024-06-21 11:10:00-04:00,19.399999618530273,19.405000686645508,19.385000228881836,19.399999618530273,15307,0.0,0.0
2024-06-21 11:15:00-04:00,19.405000686645508,19.405000686645508,19.385000228881836,19.389999389648438,15840,0.0,0.0
2024-06-21 11:20:00-04:00,19.389999389648438,19.389999389648438,19.360000610351562,19.3700008392334,14196,0.0,0.0
2024-06-21 11:25:00-04:00,19.364999771118164,19.40999984741211,19.350000381469727,19.399999618530273,20270,0.0,0.0
2024-06-21 11:30:00-04:00,19.405000686645508,19.450000762939453,19.405000686645508,19.434999465942383,14176,0.0,0.0
2024-06-21 11:35:00-04:00,19.434999465942383,19.4950008392334,19.434999465942383,19.46500015258789,40716,0.0,0.0
2024-06-21 11:40:00-04:00,19.46500015258789,19.479999542236328,19.440000534057617,19.440000534057617,27194,0.0,0.0
2024-06-21 11:45:00-04:00,19.440000534057617,19.454999923706055,19.43000030517578,19.44499969482422,22690,0.0,0.0
2024-06-21 11:50:00-04:00,19.440000534057617,19.44499969482422,19.399999618530273,19.399999618530273,37642,0.0,0.0
2024-06-21 11:55:00-04:00,19.395000457763672,19.399999618530273,19.3799991607666,19.3799991607666,18836,0.0,0.0
2024-06-21 12:00:00-04:00,19.3799991607666,19.3799991607666,19.360000610351562,19.360000610351562,29612,0.0,0.0
2024-06-21 12:05:00-04:00,19.360000610351562,19.385000228881836,19.350000381469727,19.385000228881836,20373,0.0,0.0
2024-06-21 12:10:00-04:00,19.385000228881836,19.385000228881836,19.354999542236328,19.364999771118164,24517,0.0,0.0
2024-06-21 12:15:00-04:00,19.360000610351562,19.3700008392334,19.334999084472656,19.334999084472656,46534,0.0,0.0
2024-06-21 12:20:00-04:00,19.329999923706055,19.334999084472656,19.30500030517578,19.30500030517578,95794,0.0,0.0
2024-06-21 12:25:00-04:00,19.30500030517578,19.309999465942383,19.281999588012695,19.290000915527344,50464,0.0,0.0
2024-06-21 12:30:00-04:00,19.290000915527344,19.295000076293945,19.260000228881836,19.260000228881836,26736,0.0,0.0
2024-06-21 12:35:00-04:00,19.26099967956543,19.280000686645508,19.2549991607666,19.260000228881836,101263,0.0,0.0
2024-06-21 12:40:00-04:00,19.260000228881836,19.290000915527344,19.260000228881836,19.274999618530273,56366,0.0,0.0
2024-06-21 12:45:00-04:00,19.274999618530273,19.290000915527344,19.270000457763672,19.274999618530273,154092,0.0,0.0
2024-06-21 12:50:00-04:00,19.274999618530273,19.280000686645508,19.270000457763672,19.274999618530273,70032,0.0,0.0
2024-06-21 12:55:00-04:00,19.270000457763672,19.274999618530273,19.260000228881836,19.270000457763672,62242,0.0,0.0
2024-06-21 13:00:00-04:00,19.264999389648438,19.264999389648438,19.260000228881836,19.260000228881836,13128,0.0,0.0
2024-06-21 13:05:00-04:00,19.264999389648438,19.264999389648438,19.260000228881836,19.260000228881836,7303,0.0,0.0
2024-06-21 13:10:00-04:00,19.264999389648438,19.264999389648438,19.239999771118164,19.2549991607666,34267,0.0,0.0
2024-06-21 13:15:00-04:00,19.2549991607666,19.260000228881836,19.25,19.2549991607666,11161,0.0,0.0
2024-06-21 13:20:00-04:00,19.25,19.28499984741211,19.239999771118164,19.28499984741211,36233,0.0,0.0
2024-06-21 13:25:00-04:00,19.280000686645508,19.28499984741211,19.260000228881836,19.264999389648438,13320,0.0,0.0
2024-06-21 13:30:00-04:00,19.260000228881836,19.290000915527344,19.25,19.28580093383789,31935,0.0,0.0
2024-06-21 13:35:00-04:00,19.290000915527344,19.295000076293945,19.270000457763672,19.274999618530273,49450,0.0,0.0
2024-06-21 13:40:00-04:00,19.280000686645508,19.28499984741211,19.264999389648438,19.28499984741211,49362,0.0,0.0
2024-06-21 13:45:00-04:00,19.280000686645508,19.28499984741211,19.260000228881836,19.264999389648438,101482,0.0,0.0
2024-06-21 13:50:00-04:00,19.264999389648438,19.270000457763672,19.25,19.2549991607666,36827,0.0,0.0
2024-06-21 13:55:00-04:00,19.2549991607666,19.260000228881836,19.219999313354492,19.225000381469727,49988,0.0,0.0
2024-06-21 14:00:00-04:00,19.225000381469727,19.229999542236328,19.209999084472656,19.219999313354492,28399,0.0,0.0
2024-06-21 14:05:00-04:00,19.219999313354492,19.229999542236328,19.190000534057617,19.209999084472656,82389,0.0,0.0
2024-06-21 14:10:00-04:00,19.204999923706055,19.209999084472656,19.18000030517578,19.18000030517578,125924,0.0,0.0
2024-06-21 14:15:00-04:00,19.18000030517578,19.190000534057617,19.170000076293945,19.18000030517578,41741,0.0,0.0
2024-06-21 14:20:00-04:00,19.190000534057617,19.200000762939453,19.1200008392334,19.1299991607666,95028,0.0,0.0
2024-06-21 14:25:00-04:00,19.1299991607666,19.190000534057617,19.1299991607666,19.174999237060547,106509,0.0,0.0
2024-06-21 14:30:00-04:00,19.174999237060547,19.184999465942383,19.15999984741211,19.165000915527344,50034,0.0,0.0
2024-06-21 14:35:00-04:00,19.15999984741211,19.170000076293945,19.15999984741211,19.15999984741211,29352,0.0,0.0
2024-06-21 14:40:00-04:00,19.15999984741211,19.18000030517578,19.149999618530273,19.15999984741211,91238,0.0,0.0
2024-06-21 14:45:00-04:00,19.165000915527344,19.18000030517578,19.149999618530273,19.15999984741211,201251,0.0,0.0
2024-06-21 14:50:00-04:00,19.15999984741211,19.170000076293945,19.149999618530273,19.170000076293945,247563,0.0,0.0
2024-06-21 14:55:00-04:00,19.164400100708008,19.170000076293945,19.149999618530273,19.15999984741211,124804,0.0,0.0
2024-06-21 15:00:00-04:00,19.15999984741211,19.170000076293945,19.149999618530273,19.15999984741211,125323,0.0,0.0
2024-06-21 15:05:00-04:00,19.155000686645508,19.15999984741211,19.1200008392334,19.125,70794,0.0,0.0
2024-06-21 15:10:00-04:00,19.1200008392334,19.1299991607666,19.110000610351562,19.110000610351562,63833,0.0,0.0
2024-06-21 15:15:00-04:00,19.110000610351562,19.1299991607666,19.09000015258789,19.1299991607666,248422,0.0,0.0
2024-06-21 15:20:00-04:00,19.1299991607666,19.1299991607666,19.110000610351562,19.114999771118164,77295,0.0,0.0
2024-06-21 15:25:00-04:00,19.114999771118164,19.114999771118164,19.079999923706055,19.094999313354492,105105,0.0,0.0
2024-06-21 15:30:00-04:00,19.100000381469727,19.104999542236328,19.084999084472656,19.084999084472656,126895,0.0,0.0
2024-06-21 15:35:00-04:00,19.079999923706055,19.104999542236328,19.059999465942383,19.079999923706055,228117,0.0,0.0
2024-06-21 15:40:00-04:00,19.079999923706055,19.079999923706055,19.049999237060547,19.05500030517578,112712,0.0,0.0
2024-06-21 15:45:00-04:00,19.05500030517578,19.079999923706055,19.040000915527344,19.045000076293945,459830,0.0,0.0
2024-06-21 15:50:00-04:00,19.059999465942383,19.209999084472656,19.045000076293945,19.209999084472656,610061,0.0,0.0
2024-06-21 15:55:00-04:00,19.209999084472656,19.229999542236328,19.190000534057617,19.219999313354492,499424,0.0,0.0
2024-06-24 09:30:00-04:00,19.239999771118164,19.299999237060547,19.170000076293945,19.239999771118164,103933,0.0,0.0
2024-06-24 09:35:00-04:00,19.229999542236328,19.350000381469727,19.229999542236328,19.34000015258789,38409,0.0,0.0
2024-06-24 09:40:00-04:00,19.350000381469727,19.3799991607666,19.270000457763672,19.270000457763672,24700,0.0,0.0
2024-06-24 09:45:00-04:00,19.260000228881836,19.43000030517578,19.25,19.420000076293945,39260,0.0,0.0
2024-06-24 09:50:00-04:00,19.429899215698242,19.459999084472656,19.40999984741211,19.40999984741211,26198,0.0,0.0
2024-06-24 09:55:00-04:00,19.420000076293945,19.450000762939453,19.410499572753906,19.450000762939453,24407,0.0,0.0
2024-06-24 10:00:00-04:00,19.458999633789062,19.479999542236328,19.424999237060547,19.450000762939453,32708,0.0,0.0
2024-06-24 10:05:00-04:00,19.450000762939453,19.475000381469727,19.44700050354004,19.469999313354492,21116,0.0,0.0
2024-06-24 10:10:00-04:00,19.459999084472656,19.4950008392334,19.450000762939453,19.485000610351562,23957,0.0,0.0
2024-06-24 10:15:00-04:00,19.48110008239746,19.489999771118164,19.459999084472656,19.475000381469727,15619,0.0,0.0
2024-06-24 10:20:00-04:00,19.479999542236328,19.559999465942383,19.475000381469727,19.559999465942383,39771,0.0,0.0
2024-06-24 10:25:00-04:00,19.559999465942383,19.56999969482422,19.545000076293945,19.549999237060547,30294,0.0,0.0
2024-06-24 10:30:00-04:00,19.55500030517578,19.579999923706055,19.53499984741211,19.575000762939453,37149,0.0,0.0
2024-06-24 10:35:00-04:00,19.575000762939453,19.614999771118164,19.565000534057617,19.610000610351562,34386,0.0,0.0
2024-06-24 10:40:00-04:00,19.610000610351562,19.700000762939453,19.610000610351562,19.700000762939453,34164,0.0,0.0
2024-06-24 10:45:00-04:00,19.709999084472656,19.770000457763672,19.684999465942383,19.760000228881836,44481,0.0,0.0
2024-06-24 10:50:00-04:00,19.760000228881836,19.760000228881836,19.709999084472656,19.709999084472656,24214,0.0,0.0
2024-06-24 10:55:00-04:00,19.71500015258789,19.719999313354492,19.690000534057617,19.690000534057617,24498,0.0,0.0
2024-06-24 11:00:00-04:00,19.690000534057617,19.690000534057617,19.670000076293945,19.674999237060547,35225,0.0,0.0
2024-06-24 11:05:00-04:00,19.674999237060547,19.68000030517578,19.649999618530273,19.649999618530273,15748,0.0,0.0
2024-06-24 11:10:00-04:00,19.649999618530273,19.670000076293945,19.639999389648438,19.665000915527344,15003,0.0,0.0
2024-06-24 11:15:00-04:00,19.665000915527344,19.670000076293945,19.649999618530273,19.65999984741211,18884,0.0,0.0
2024-06-24 11:20:00-04:00,19.665000915527344,19.68000030517578,19.65999984741211,19.670000076293945,25643,0.0,0.0
2024-06-24 11:25:00-04:00,19.674999237060547,19.704999923706055,19.639999389648438,19.639999389648438,59259,0.0,0.0
2024-06-24 11:30:00-04:00,19.6299991607666,19.655000686645508,19.6299991607666,19.635000228881836,23249,0.0,0.0
2024-06-24 11:35:00-04:00,19.635000228881836,19.639999389648438,19.610000610351562,19.610000610351562,16195,0.0,0.0
2024-06-24 11:40:00-04:00,19.610000610351562,19.610000610351562,19.579999923706055,19.579999923706055,27698,0.0,0.0
2024-06-24 11:45:00-04:00,19.584999084472656,19.610000610351562,19.56999969482422,19.604999542236328,25602,0.0,0.0
2024-06-24 11:50:00-04:00,19.604999542236328,19.65999984741211,19.600000381469727,19.65999984741211,17696,0.0,0.0
2024-06-24 11:55:00-04:00,19.655799865722656,19.665000915527344,19.649999618530273,19.649999618530273,11614,0.0,0.0
2024-06-24 12:00:00-04:00,19.649999618530273,19.670000076293945,19.639999389648438,19.65999984741211,19339,0.0,0.0
2024-06-24 12:05:00-04:00,19.65999984741211,19.700000762939453,19.65999984741211,19.69499969482422,32334,0.0,0.0
2024-06-24 12:10:00-04:00,19.69059944152832,19.700000762939453,19.68000030517578,19.68000030517578,15780,0.0,0.0
2024-06-24 12:15:00-04:00,19.684999465942383,19.69499969482422,19.684999465942383,19.690000534057617,19722,0.0,0.0
2024-06-24 12:20:00-04:00,19.69499969482422,19.7549991607666,19.690000534057617,19.7450008392334,100634,0.0,0.0
2024-06-24 12:25:00-04:00,19.75,19.7549991607666,19.729999542236328,19.729999542236328,36578,0.0,0.0
2024-06-24 12:30:00-04:00,19.735000610351562,19.739999771118164,19.729999542236328,19.738800048828125,18934,0.0,0.0
2024-06-24 12:35:00-04:00,19.735000610351562,19.764999389648438,19.729999542236328,19.764999389648438,29900,0.0,0.0
2024-06-24 12:40:00-04:00,19.770000457763672,19.770000457763672,19.760000228881836,19.764999389648438,29394,0.0,0.0
2024-06-24 12:45:00-04:00,19.760000228881836,19.790000915527344,19.760000228881836,19.78499984741211,17522,0.0,0.0
2024-06-24 12:50:00-04:00,19.780000686645508,19.78499984741211,19.760000228881836,19.760000228881836,22040,0.0,0.0
2024-06-24 12:55:00-04:00,19.764999389648438,19.770000457763672,19.739999771118164,19.739999771118164,27350,0.0,0.0
2024-06-24 13:00:00-04:00,19.75,19.75,19.739999771118164,19.7450008392334,7820,0.0,0.0
2024-06-24 13:05:00-04:00,19.7450008392334,19.760000228881836,19.725000381469727,19.729999542236328,33598,0.0,0.0
2024-06-24 13:10:00-04:00,19.73819923400879,19.75,19.719999313354492,19.725000381469727,12452,0.0,0.0
2024-06-24 13:15:00-04:00,19.719999313354492,19.729999542236328,19.709999084472656,19.725000381469727,18149,0.0,0.0
2024-06-24 13:20:00-04:00,19.725000381469727,19.739999771118164,19.719999313354492,19.719999313354492,23828,0.0,0.0
2024-06-24 13:25:00-04:00,19.719999313354492,19.729999542236328,19.71500015258789,19.729999542236328,36163,0.0,0.0
2024-06-24 13:30:00-04:00,19.725000381469727,19.729999542236328,19.719999313354492,19.719999313354492,9474,0.0,0.0
2024-06-24 13:35:00-04:00,19.719999313354492,19.7450008392334,19.71500015258789,19.7450008392334,47255,0.0,0.0
2024-06-24 13:40:00-04:00,19.7450008392334,19.75,19.729999542236328,19.729999542236328,14967,0.0,0.0
2024-06-24 13:45:00-04:00,19.730199813842773,19.730199813842773,19.719999313354492,19.719999313354492,13139,0.0,0.0
2024-06-24 13:50:00-04:00,19.719999313354492,19.739999771118164,19.709999084472656,19.729999542236328,36808,0.0,0.0
2024-06-24 13:55:00-04:00,19.729999542236328,19.7450008392334,19.722299575805664,19.7450008392334,20498,0.0,0.0
2024-06-24 14:00:00-04:00,19.7450008392334,19.770000457763672,19.729999542236328,19.731199264526367,46340,0.0,0.0
2024-06-24 14:05:00-04:00,19.729999542236328,19.774999618530273,19.729999542236328,19.770000457763672,26505,0.0,0.0
2024-06-24 14:10:00-04:00,19.760000228881836,19.799999237060547,19.760000228881836,19.795000076293945,25645,0.0,0.0
2024-06-24 14:15:00-04:00,19.795000076293945,19.795000076293945,19.770000457763672,19.780000686645508,52170,0.0,0.0
2024-06-24 14:20:00-04:00,19.780000686645508,19.790000915527344,19.75,19.7549991607666,45743,0.0,0.0
2024-06-24 14:25:00-04:00,19.760000228881836,19.770000457763672,19.739999771118164,19.764999389648438,66992,0.0,0.0
2024-06-24 14:30:00-04:00,19.770000457763672,19.770000457763672,19.760000228881836,19.764999389648438,26455,0.0,0.0
2024-06-24 14:35:00-04:00,19.770000457763672,19.78499984741211,19.764999389648438,19.770000457763672,49066,0.0,0.0
2024-06-24 14:40:00-04:00,19.764999389648438,19.770000457763672,19.7549991607666,19.7549991607666,39562,0.0,0.0
2024-06-24 14:45:00-04:00,19.760000228881836,19.760000228881836,19.75,19.7549991607666,17768,0.0,0.0
2024-06-24 14:50:00-04:00,19.7549991607666,19.764999389648438,19.739999771118164,19.7450008392334,52501,0.0,0.0
2024-06-24 14:55:00-04:00,19.7450008392334,19.7450008392334,19.729999542236328,19.73270034790039,47012,0.0,0.0
2024-06-24 15:00:00-04:00,19.729999542236328,19.739999771118164,19.700000762939453,19.700000762939453,58053,0.0,0.0
2024-06-24 15:05:00-04:00,19.704999923706055,19.719999313354492,19.700000762939453,19.71500015258789,45033,0.0,0.0
2024-06-24 15:10:00-04:00,19.71500015258789,19.719999313354492,19.700000762939453,19.700000762939453,33826,0.0,0.0
2024-06-24 15:15:00-04:00,19.700000762939453,19.70009994506836,19.690000534057617,19.69499969482422,30297,0.0,0.0
2024-06-24 15:20:00-04:00,19.690000534057617,19.719999313354492,19.690000534057617,19.71500015258789,76074,0.0,0.0
2024-06-24 15:25:00-04:00,19.709999084472656,19.719999313354492,19.690000534057617,19.690000534057617,46394,0.0,0.0
2024-06-24 15:30:00-04:00,19.69499969482422,19.725000381469727,19.69499969482422,19.725000381469727,70266,0.0,0.0
2024-06-24 15:35:00-04:00,19.725000381469727,19.739999771118164,19.709999084472656,19.709999084472656,57310,0.0,0.0
2024-06-24 15:40:00-04:00,19.719999313354492,19.739999771118164,19.704999923706055,19.735000610351562,72618,0.0,0.0
2024-06-24 15:45:00-04:00,19.729999542236328,19.735000610351562,19.71500015258789,19.71500015258789,81649,0.0,0.0
2024-06-24 15:50:00-04:00,19.709999084472656,19.739999771118164,19.700000762939453,19.700000762939453,178052,0.0,0.0
2024-06-24 15:55:00-04:00,19.69499969482422,19.700000762939453,19.6299991607666,19.655000686645508,385830,0.0,0.0
2024-06-25 09:30:00-04:00,19.559999465942383,19.559999465942383,19.459999084472656,19.489999771118164,85785,0.0,0.0
2024-06-25 09:35:00-04:00,19.5,19.540000915527344,19.485000610351562,19.510000228881836,25011,0.0,0.0
2024-06-25 09:40:00-04:00,19.479999542236328,19.5,19.420000076293945,19.469999313354492,34108,0.0,0.0
2024-06-25 09:45:00-04:00,19.469999313354492,19.469999313354492,19.399999618530273,19.40999984741211,19934,0.0,0.0
2024-06-25 09:50:00-04:00,19.399999618530273,19.454999923706055,19.389999389648438,19.44499969482422,24426,0.0,0.0
2024-06-25 09:55:00-04:00,19.43000030517578,19.450000762939453,19.389999389648438,19.389999389648438,66365,0.0,0.0
2024-06-25 10:00:00-04:00,19.395000457763672,19.430500030517578,19.3700008392334,19.3700008392334,27478,0.0,0.0
2024-06-25 10:05:00-04:00,19.3799991607666,19.395000457763672,19.3700008392334,19.3700008392334,47290,0.0,0.0
2024-06-25 10:10:00-04:00,19.375,19.389999389648438,19.360000610351562,19.360000610351562,32981,0.0,0.0
2024-06-25 10:15:00-04:00,19.364999771118164,19.3799991607666,19.354999542236328,19.364999771118164,37531,0.0,0.0
2024-06-25 10:20:00-04:00,19.364999771118164,19.375,19.315000534057617,19.334999084472656,43358,0.0,0.0
2024-06-25 10:25:00-04:00,19.334999084472656,19.334999084472656,19.309999465942383,19.315000534057617,25906,0.0,0.0
2024-06-25 10:30:00-04:00,19.31999969482422,19.329999923706055,19.270000457763672,19.270000457763672,43160,0.0,0.0
2024-06-25 10:35:00-04:00,19.270000457763672,19.290000915527344,19.260000228881836,19.28499984741211,38900,0.0,0.0
2024-06-25 10:40:00-04:00,19.28499984741211,19.299999237060547,19.280000686645508,19.295000076293945,40812,0.0,0.0
2024-06-25 10:45:00-04:00,19.295000076293945,19.309999465942383,19.260000228881836,19.260000228881836,54237,0.0,0.0
2024-06-25 10:50:00-04:00,19.25,19.270000457763672,19.2450008392334,19.264999389648438,31735,0.0,0.0
2024-06-25 10:55:00-04:00,19.260000228881836,19.274999618530273,19.239999771118164,19.25,26847,0.0,0.0
2024-06-25 11:00:00-04:00,19.25,19.260000228881836,19.209999084472656,19.239999771118164,49643,0.0,0.0
2024-06-25 11:05:00-04:00,19.25,19.25,19.209999084472656,19.209999084472656,27341,0.0,0.0
2024-06-25 11:10:00-04:00,19.21500015258789,19.219999313354492,19.184999465942383,19.184999465942383,42104,0.0,0.0
2024-06-25 11:15:00-04:00,19.182100296020508,19.182100296020508,19.15999984741211,19.15999984741211,13947,0.0,0.0
2024-06-25 11:20:00-04:00,19.165000915527344,19.170000076293945,19.131099700927734,19.131099700927734,49017,0.0,0.0
2024-06-25 11:25:00-04:00,19.135000228881836,19.145000457763672,19.1299991607666,19.135000228881836,21121,0.0,0.0
2024-06-25 11:30:00-04:00,19.1299991607666,19.165000915527344,19.125,19.125,24089,0.0,0.0
2024-06-25 11:35:00-04:00,19.125,19.125,19.100000381469727,19.100000381469727,11703,0.0,0.0
2024-06-25 11:40:00-04:00,19.100000381469727,19.110000610351562,19.09000015258789,19.104999542236328,27744,0.0,0.0
2024-06-25 11:45:00-04:00,19.110000610351562,19.1299991607666,19.104999542236328,19.114999771118164,25402,0.0,0.0
2024-06-25 11:50:00-04:00,19.118000030517578,19.1299991607666,19.100000381469727,19.114999771118164,45961,0.0,0.0
2024-06-25 11:55:00-04:00,19.114999771118164,19.1200008392334,19.100000381469727,19.104999542236328,18273,0.0,0.0
2024-06-25 12:00:00-04:00,19.101299285888672,19.114999771118164,19.094999313354492,19.104999542236328,25598,0.0,0.0
2024-06-25 12:05:00-04:00,19.104999542236328,19.1299991607666,19.104299545288086,19.1299991607666,26249,0.0,0.0
2024-06-25 12:10:00-04:00,19.1299991607666,19.139999389648438,19.125,19.135000228881836,10652,0.0,0.0
2024-06-25 12:15:00-04:00,19.135000228881836,19.139999389648438,19.1299991607666,19.135000228881836,6775,0.0,0.0
2024-06-25 12:20:00-04:00,19.1299991607666,19.145000457763672,19.1299991607666,19.145000457763672,16374,0.0,0.0
2024-06-25 12:25:00-04:00,19.145000457763672,19.148500442504883,19.1299991607666,19.135000228881836,22524,0.0,0.0
2024-06-25 12:30:00-04:00,19.1299991607666,19.1299991607666,19.090099334716797,19.114999771118164,27674,0.0,0.0
2024-06-25 12:35:00-04:00,19.114999771118164,19.125,19.110000610351562,19.114999771118164,18895,0.0,0.0
2024-06-25 12:40:00-04:00,19.114999771118164,19.114999771118164,19.09000015258789,19.09000015258789,21166,0.0,0.0
2024-06-25 12:45:00-04:00,19.094999313354492,19.100000381469727,19.079999923706055,19.09000015258789,38521,0.0,0.0
2024-06-25 12:50:00-04:00,19.094999313354492,19.110000610351562,19.09000015258789,19.104999542236328,47000,0.0,0.0
2024-06-25 12:55:00-04:00,19.104999542236328,19.114999771118164,19.100000381469727,19.110000610351562,37587,0.0,0.0
2024-06-25 13:00:00-04:00,19.114999771118164,19.1200008392334,19.100000381469727,19.114999771118164,25595,0.0,0.0
2024-06-25 13:05:00-04:00,19.114999771118164,19.139999389648438,19.110000610351562,19.114999771118164,34107,0.0,0.0
2024-06-25 13:10:00-04:00,19.1200008392334,19.125,19.100000381469727,19.1200008392334,61195,0.0,0.0
2024-06-25 13:15:00-04:00,19.114999771118164,19.117000579833984,19.100000381469727,19.114999771118164,41940,0.0,0.0
2024-06-25 13:20:00-04:00,19.114999771118164,19.1299991607666,19.100000381469727,19.114999771118164,66023,0.0,0.0
2024-06-25 13:25:00-04:00,19.11009979248047,19.149999618530273,19.110000610351562,19.149999618530273,40034,0.0,0.0
2024-06-25 13:30:00-04:00,19.149999618530273,19.170000076293945,19.139999389648438,19.165000915527344,25868,0.0,0.0
2024-06-25 13:35:00-04:00,19.170000076293945,19.189800262451172,19.15999984741211,19.15999984741211,29528,0.0,0.0
2024-06-25 13:40:00-04:00,19.15999984741211,19.170000076293945,19.135000228881836,19.135000228881836,24214,0.0,0.0
2024-06-25 13:45:00-04:00,19.1299991607666,19.149099349975586,19.1299991607666,19.139999389648438,42567,0.0,0.0
2024-06-25 13:50:00-04:00,19.145000457763672,19.149999618530273,19.1299991607666,19.1299991607666,16637,0.0,0.0
2024-06-25 13:55:00-04:00,19.1299991607666,19.1387996673584,19.125,19.135000228881836,28011,0.0,0.0
2024-06-25 14:00:00-04:00,19.1299991607666,19.135000228881836,19.1200008392334,19.125,14802,0.0,0.0
2024-06-25 14:05:00-04:00,19.125,19.135000228881836,19.1200008392334,19.125,41948,0.0,0.0
2024-06-25 14:10:00-04:00,19.125,19.139999389648438,19.125,19.135000228881836,26983,0.0,0.0
2024-06-25 14:15:00-04:00,19.135000228881836,19.190000534057617,19.135000228881836,19.184999465942383,32064,0.0,0.0
2024-06-25 14:20:00-04:00,19.184999465942383,19.190000534057617,19.174999237060547,19.174999237060547,31740,0.0,0.0
2024-06-25 14:25:00-04:00,19.174999237060547,19.18000030517578,19.15999984741211,19.165000915527344,22173,0.0,0.0
2024-06-25 14:30:00-04:00,19.165000915527344,19.165000915527344,19.1299991607666,19.139999389648438,35971,0.0,0.0
2024-06-25 14:35:00-04:00,19.1299991607666,19.170000076293945,19.1299991607666,19.165000915527344,39122,0.0,0.0
2024-06-25 14:40:00-04:00,19.1697998046875,19.170000076293945,19.15999984741211,19.165000915527344,20205,0.0,0.0
2024-06-25 14:45:00-04:00,19.165000915527344,19.184999465942383,19.139999389648438,19.15999984741211,151064,0.0,0.0
2024-06-25 14:50:00-04:00,19.155000686645508,19.170000076293945,19.149999618530273,19.155000686645508,25438,0.0,0.0
2024-06-25 14:55:00-04:00,19.155000686645508,19.170000076293945,19.145000457763672,19.170000076293945,42056,0.0,0.0
2024-06-25 15:00:00-04:00,19.170000076293945,19.184999465942383,19.165000915527344,19.174999237060547,32266,0.0,0.0
2024-06-25 15:05:00-04:00,19.174999237060547,19.179800033569336,19.149999618530273,19.165000915527344,65103,0.0,0.0
2024-06-25 15:10:00-04:00,19.165000915527344,19.170000076293945,19.1299991607666,19.170000076293945,81174,0.0,0.0
2024-06-25 15:15:00-04:00,19.165000915527344,19.204999923706055,19.165000915527344,19.190000534057617,32855,0.0,0.0
2024-06-25 15:20:00-04:00,19.184999465942383,19.184999465942383,19.170000076293945,19.174999237060547,15889,0.0,0.0
2024-06-25 15:25:00-04:00,19.174999237060547,19.19499969482422,19.170000076293945,19.174999237060547,53758,0.0,0.0
2024-06-25 15:30:00-04:00,19.174999237060547,19.174999237060547,19.15999984741211,19.170000076293945,35150,0.0,0.0
2024-06-25 15:35:00-04:00,19.165000915527344,19.209999084472656,19.15999984741211,19.200000762939453,59547,0.0,0.0
2024-06-25 15:40:00-04:00,19.190000534057617,19.209999084472656,19.170000076293945,19.204999923706055,91098,0.0,0.0
2024-06-25 15:45:00-04:00,19.209999084472656,19.209999084472656,19.190000534057617,19.209999084472656,53415,0.0,0.0
2024-06-25 15:50:00-04:00,19.204999923706055,19.21500015258789,19.19499969482422,19.200000762939453,119799,0.0,0.0
2024-06-25 15:55:00-04:00,19.19499969482422,19.21500015258789,19.18000030517578,19.18000030517578,311558,0.0,0.0
2024-06-26 09:30:00-04:00,18.950000762939453,19.059999465942383,18.90999984741211,19.059999465942383,106906,0.0,0.0
2024-06-26 09:35:00-04:00,19.049999237060547,19.049999237060547,18.979999542236328,19.010000228881836,28014,0.0,0.0
2024-06-26 09:40:00-04:00,19.0,19.059799194335938,19.0,19.020000457763672,52272,0.0,0.0
2024-06-26 09:45:00-04:00,19.030000686645508,19.038000106811523,18.969999313354492,18.9950008392334,49088,0.0,0.0
2024-06-26 09:50:00-04:00,19.0,19.030000686645508,18.9950008392334,19.030000686645508,34792,0.0,0.0
2024-06-26 09:55:00-04:00,19.030000686645508,19.030000686645508,19.0,19.020000457763672,27682,0.0,0.0
2024-06-26 10:00:00-04:00,19.020000457763672,19.020000457763672,18.992900848388672,18.9950008392334,24989,0.0,0.0
2024-06-26 10:05:00-04:00,18.9950008392334,19.0,18.954999923706055,18.979999542236328,51992,0.0,0.0
2024-06-26 10:10:00-04:00,18.975000381469727,19.0,18.975000381469727,18.989999771118164,25104,0.0,0.0
2024-06-26 10:15:00-04:00,18.989999771118164,19.0,18.969999313354492,18.975000381469727,27860,0.0,0.0
2024-06-26 10:20:00-04:00,18.979999542236328,19.012500762939453,18.979999542236328,19.010000228881836,36558,0.0,0.0
2024-06-26 10:25:00-04:00,19.0049991607666,19.024999618530273,18.985000610351562,18.985000610351562,117885,0.0,0.0
2024-06-26 10:30:00-04:00,18.979999542236328,18.989999771118164,18.959999084472656,18.959999084472656,31885,0.0,0.0
2024-06-26 10:35:00-04:00,18.96500015258789,18.969999313354492,18.94499969482422,18.959999084472656,33680,0.0,0.0
2024-06-26 10:40:00-04:00,18.959999084472656,18.985000610351562,18.954999923706055,18.985000610351562,35179,0.0,0.0
2024-06-26 10:45:00-04:00,18.979999542236328,19.014999389648438,18.979999542236328,18.989999771118164,27203,0.0,0.0
2024-06-26 10:50:00-04:00,18.995100021362305,19.010000228881836,18.985000610351562,18.989999771118164,21661,0.0,0.0
2024-06-26 10:55:00-04:00,18.989999771118164,19.010000228881836,18.989999771118164,19.0,27960,0.0,0.0
2024-06-26 11:00:00-04:00,19.0049991607666,19.010000228881836,18.9950008392334,19.0049991607666,30569,0.0,0.0
2024-06-26 11:05:00-04:00,19.010000228881836,19.010000228881836,18.979999542236328,18.99449920654297,17442,0.0,0.0
2024-06-26 11:10:00-04:00,18.989999771118164,19.010000228881836,18.989999771118164,19.010000228881836,35212,0.0,0.0
2024-06-26 11:15:00-04:00,19.010000228881836,19.079999923706055,19.010000228881836,19.075000762939453,40389,0.0,0.0
2024-06-26 11:20:00-04:00,19.075000762939453,19.139999389648438,19.075000762939453,19.1299991607666,30247,0.0,0.0
2024-06-26 11:25:00-04:00,19.125,19.139999389648438,19.1200008392334,19.139999389648438,24311,0.0,0.0
2024-06-26 11:30:00-04:00,19.135000228881836,19.139999389648438,19.125,19.125,18913,0.0,0.0
2024-06-26 11:35:00-04:00,19.125,19.1299991607666,19.110000610351562,19.119800567626953,20207,0.0,0.0
2024-06-26 11:40:00-04:00,19.114999771118164,19.1299991607666,19.110000610351562,19.1299991607666,16834,0.0,0.0
2024-06-26 11:45:00-04:00,19.1299991607666,19.145000457763672,19.1200008392334,19.125,19042,0.0,0.0
2024-06-26 11:50:00-04:00,19.1200008392334,19.135000228881836,19.1200008392334,19.1200008392334,21053,0.0,0.0
2024-06-26 11:55:00-04:00,19.125,19.1299991607666,19.100000381469727,19.104999542236328,29355,0.0,0.0
2024-06-26 12:00:00-04:00,19.100000381469727,19.139999389648438,19.09000015258789,19.135000228881836,49234,0.0,0.0
2024-06-26 12:05:00-04:00,19.139999389648438,19.165000915527344,19.139999389648438,19.155000686645508,31185,0.0,0.0
2024-06-26 12:10:00-04:00,19.157699584960938,19.15999984741211,19.1299991607666,19.1299991607666,22585,0.0,0.0
2024-06-26 12:15:00-04:00,19.130399703979492,19.139999389648438,19.1200008392334,19.125,18368,0.0,0.0
2024-06-26 12:20:00-04:00,19.1200008392334,19.1299991607666,19.09000015258789,19.09000015258789,15904,0.0,0.0
2024-06-26 12:25:00-04:00,19.09000015258789,19.09000015258789,19.06999969482422,19.075000762939453,12724,0.0,0.0
2024-06-26 12:30:00-04:00,19.075000762939453,19.079999923706055,19.059999465942383,19.06999969482422,29094,0.0,0.0
2024-06-26 12:35:00-04:00,19.079999923706055,19.09000015258789,19.059999465942383,19.09000015258789,22311,0.0,0.0
2024-06-26 12:40:00-04:00,19.08009910583496,19.1200008392334,19.08009910583496,19.110000610351562,30836,0.0,0.0
2024-06-26 12:45:00-04:00,19.114999771118164,19.1299991607666,19.110000610351562,19.114999771118164,17978,0.0,0.0
2024-06-26 12:50:00-04:00,19.110000610351562,19.1200008392334,19.104999542236328,19.114999771118164,10374,0.0,0.0
2024-06-26 12:55:00-04:00,19.114999771118164,19.139999389648438,19.114999771118164,19.1299991607666,35206,0.0,0.0
2024-06-26 13:00:00-04:00,19.1299991607666,19.1299991607666,19.110000610351562,19.112499237060547,14994,0.0,0.0
2024-06-26 13:05:00-04:00,19.114999771118164,19.114999771118164,19.102500915527344,19.114999771118164,22085,0.0,0.0
2024-06-26 13:10:00-04:00,19.114999771118164,19.1200008392334,19.1112003326416,19.114999771118164,9712,0.0,0.0
2024-06-26 13:15:00-04:00,19.114999771118164,19.1200008392334,19.104999542236328,19.1200008392334,55542,0.0,0.0
2024-06-26 13:20:00-04:00,19.114999771118164,19.1299991607666,19.114999771118164,19.114999771118164,50284,0.0,0.0
2024-06-26 13:25:00-04:00,19.114999771118164,19.1200008392334,19.114999771118164,19.1200008392334,19973,0.0,0.0
2024-06-26 13:30:00-04:00,19.1200008392334,19.1200008392334,19.110000610351562,19.114999771118164,13234,0.0,0.0
2024-06-26 13:35:00-04:00,19.1200008392334,19.1200008392334,19.100000381469727,19.104999542236328,22256,0.0,0.0
2024-06-26 13:40:00-04:00,19.104999542236328,19.110000610351562,19.100000381469727,19.104999542236328,19506,0.0,0.0
2024-06-26 13:45:00-04:00,19.104999542236328,19.1200008392334,19.094999313354492,19.114999771118164,36737,0.0,0.0
2024-06-26 13:50:00-04:00,19.114999771118164,19.139999389648438,19.114999771118164,19.135000228881836,8099,0.0,0.0
2024-06-26 13:55:00-04:00,19.135000228881836,19.149999618530273,19.125,19.145000457763672,19188,0.0,0.0
2024-06-26 14:00:00-04:00,19.149999618530273,19.149999618530273,19.139999389648438,19.149999618530273,9691,0.0,0.0
2024-06-26 14:05:00-04:00,19.145000457763672,19.15999984741211,19.139999389648438,19.155000686645508,20759,0.0,0.0
2024-06-26 14:10:00-04:00,19.155000686645508,19.15999984741211,19.149999618530273,19.155000686645508,10849,0.0,0.0
2024-06-26 14:15:00-04:00,19.15999984741211,19.15999984741211,19.139999389648438,19.14539909362793,21153,0.0,0.0
2024-06-26 14:20:00-04:00,19.145000457763672,19.190000534057617,19.145000457763672,19.184999465942383,44264,0.0,0.0
2024-06-26 14:25:00-04:00,19.18000030517578,19.200000762939453,19.15999984741211,19.19499969482422,65244,0.0,0.0
2024-06-26 14:30:00-04:00,19.19499969482422,19.200000762939453,19.18000030517578,19.19499969482422,38952,0.0,0.0
2024-06-26 14:35:00-04:00,19.19499969482422,19.200000762939453,19.184999465942383,19.184999465942383,23086,0.0,0.0
2024-06-26 14:40:00-04:00,19.184999465942383,19.200000762939453,19.18000030517578,19.19610023498535,20834,0.0,0.0
2024-06-26 14:45:00-04:00,19.19499969482422,19.204999923706055,19.190000534057617,19.204999923706055,13861,0.0,0.0
2024-06-26 14:50:00-04:00,19.204999923706055,19.204999923706055,19.18000030517578,19.18000030517578,25445,0.0,0.0
2024-06-26 14:55:00-04:00,19.184999465942383,19.184999465942383,19.145000457763672,19.149999618530273,71614,0.0,0.0
2024-06-26 15:00:00-04:00,19.145000457763672,19.149999618530273,19.1200008392334,19.1299991607666,30977,0.0,0.0
2024-06-26 15:05:00-04:00,19.135000228881836,19.170000076293945,19.1299991607666,19.15999984741211,167847,0.0,0.0
2024-06-26 15:10:00-04:00,19.15999984741211,19.15999984741211,19.149999618530273,19.155000686645508,12707,0.0,0.0
2024-06-26 15:15:00-04:00,19.15999984741211,19.190000534057617,19.15250015258789,19.190000534057617,59731,0.0,0.0
2024-06-26 15:20:00-04:00,19.190000534057617,19.209999084472656,19.170000076293945,19.174999237060547,51780,0.0,0.0
2024-06-26 15:25:00-04:00,19.174999237060547,19.209999084472656,19.170000076293945,19.18000030517578,76737,0.0,0.0
2024-06-26 15:30:00-04:00,19.18000030517578,19.295000076293945,19.174999237060547,19.28499984741211,212928,0.0,0.0
2024-06-26 15:35:00-04:00,19.28499984741211,19.315000534057617,19.270000457763672,19.290000915527344,235238,0.0,0.0
2024-06-26 15:40:00-04:00,19.295000076293945,19.3700008392334,19.270000457763672,19.3700008392334,364039,0.0,0.0
2024-06-26 15:45:00-04:00,19.375,19.40999984741211,19.34000015258789,19.399999618530273,614909,0.0,0.0
2024-06-26 15:50:00-04:00,19.399999618530273,19.440000534057617,19.385000228881836,19.424999237060547,816341,0.0,0.0
2024-06-26 15:55:00-04:00,19.424999237060547,19.46500015258789,19.3700008392334,19.3700008392334,1788027,0.0,0.0
2024-06-27 09:30:00-04:00,19.40999984741211,19.40999984741211,19.25,19.270000457763672,72178,0.0,0.0
2024-06-27 09:35:00-04:00,19.274999618530273,19.290000915527344,19.200000762939453,19.290000915527344,32766,0.0,0.0
2024-06-27 09:40:00-04:00,19.295000076293945,19.3700008392334,19.295000076293945,19.3700008392334,32890,0.0,0.0
2024-06-27 09:45:00-04:00,19.3700008392334,19.389999389648438,19.34000015258789,19.3799991607666,32816,0.0,0.0
2024-06-27 09:50:00-04:00,19.3700008392334,19.375,19.309999465942383,19.334999084472656,31345,0.0,0.0
2024-06-27 09:55:00-04:00,19.335500717163086,19.350000381469727,19.309999465942383,19.31999969482422,27469,0.0,0.0
2024-06-27 10:00:00-04:00,19.31999969482422,19.350000381469727,19.31999969482422,19.350000381469727,56874,0.0,0.0
2024-06-27 10:05:00-04:00,19.350000381469727,19.354999542236328,19.31999969482422,19.31999969482422,42387,0.0,0.0
2024-06-27 10:10:00-04:00,19.3174991607666,19.360000610351562,19.309999465942383,19.354999542236328,47940,0.0,0.0
2024-06-27 10:15:00-04:00,19.354999542236328,19.364999771118164,19.350000381469727,19.354999542236328,24745,0.0,0.0
2024-06-27 10:20:00-04:00,19.354999542236328,19.385000228881836,19.34000015258789,19.385000228881836,44146,0.0,0.0
2024-06-27 10:25:00-04:00,19.38010025024414,19.38010025024414,19.360000610351562,19.375,15274,0.0,0.0
2024-06-27 10:30:00-04:00,19.375,19.3799991607666,19.3700008392334,19.37150001525879,23847,0.0,0.0
2024-06-27 10:35:00-04:00,19.375,19.385000228881836,19.315000534057617,19.315000534057617,36150,0.0,0.0
2024-06-27 10:40:00-04:00,19.309999465942383,19.31999969482422,19.295000076293945,19.299999237060547,43711,0.0,0.0
2024-06-27 10:45:00-04:00,19.309900283813477,19.31999969482422,19.280000686645508,19.31999969482422,90570,0.0,0.0
2024-06-27 10:50:00-04:00,19.31999969482422,19.31999969482422,19.282699584960938,19.282699584960938,45307,0.0,0.0
2024-06-27 10:55:00-04:00,19.280000686645508,19.288000106811523,19.2549991607666,19.288000106811523,20231,0.0,0.0
2024-06-27 11:00:00-04:00,19.28499984741211,19.290000915527344,19.260000228881836,19.260000228881836,27415,0.0,0.0
2024-06-27 11:05:00-04:00,19.260000228881836,19.295700073242188,19.260000228881836,19.274999618530273,21209,0.0,0.0
2024-06-27 11:10:00-04:00,19.274599075317383,19.280000686645508,19.270000457763672,19.274999618530273,16582,0.0,0.0
2024-06-27 11:15:00-04:00,19.284099578857422,19.28499984741211,19.260000228881836,19.260000228881836,15133,0.0,0.0
2024-06-27 11:20:00-04:00,19.260000228881836,19.264999389648438,19.219999313354492,19.236000061035156,47179,0.0,0.0
2024-06-27 11:25:00-04:00,19.239999771118164,19.2450008392334,19.204999923706055,19.21500015258789,30252,0.0,0.0
2024-06-27 11:30:00-04:00,19.209999084472656,19.229999542236328,19.200000762939453,19.209999084472656,43279,0.0,0.0
2024-06-27 11:35:00-04:00,19.204999923706055,19.229999542236328,19.204999923706055,19.219999313354492,29977,0.0,0.0
2024-06-27 11:40:00-04:00,19.225000381469727,19.239999771118164,19.219999313354492,19.229999542236328,29657,0.0,0.0
2024-06-27 11:45:00-04:00,19.229999542236328,19.235000610351562,19.200000762939453,19.219999313354492,35636,0.0,0.0
2024-06-27 11:50:00-04:00,19.219999313354492,19.229999542236328,19.209999084472656,19.209999084472656,21820,0.0,0.0
2024-06-27 11:55:00-04:00,19.21500015258789,19.231800079345703,19.209999084472656,19.21500015258789,24653,0.0,0.0
2024-06-27 12:00:00-04:00,19.21500015258789,19.219999313354492,19.190000534057617,19.190000534057617,34007,0.0,0.0
2024-06-27 12:05:00-04:00,19.19499969482422,19.200000762939453,19.149999618530273,19.149999618530273,31903,0.0,0.0
2024-06-27 12:10:00-04:00,19.15999984741211,19.170000076293945,19.145000457763672,19.145000457763672,41618,0.0,0.0
2024-06-27 12:15:00-04:00,19.147899627685547,19.15999984741211,19.1200008392334,19.155000686645508,50111,0.0,0.0
2024-06-27 12:20:00-04:00,19.155000686645508,19.170000076293945,19.149999618530273,19.15999984741211,51446,0.0,0.0
2024-06-27 12:25:00-04:00,19.165000915527344,19.165000915527344,19.139999389648438,19.139999389648438,38774,0.0,0.0
2024-06-27 12:30:00-04:00,19.139999389648438,19.145000457763672,19.110000610351562,19.1299991607666,34257,0.0,0.0
2024-06-27 12:35:00-04:00,19.135000228881836,19.139999389648438,19.1200008392334,19.1200008392334,21216,0.0,0.0
2024-06-27 12:40:00-04:00,19.1200008392334,19.135000228881836,19.1200008392334,19.135000228881836,26260,0.0,0.0
2024-06-27 12:45:00-04:00,19.1299991607666,19.139999389648438,19.104999542236328,19.110000610351562,26399,0.0,0.0
2024-06-27 12:50:00-04:00,19.110000610351562,19.125,19.104999542236328,19.110000610351562,34877,0.0,0.0
2024-06-27 12:55:00-04:00,19.114999771118164,19.1200008392334,19.084999084472656,19.09000015258789,59423,0.0,0.0
2024-06-27 13:00:00-04:00,19.094999313354492,19.094999313354492,19.06999969482422,19.079999923706055,48484,0.0,0.0
2024-06-27 13:05:00-04:00,19.084999084472656,19.100000381469727,19.079999923706055,19.079999923706055,37758,0.0,0.0
2024-06-27 13:10:00-04:00,19.079999923706055,19.084999084472656,19.049999237060547,19.075000762939453,94266,0.0,0.0
2024-06-27 13:15:00-04:00,19.075000762939453,19.075000762939453,19.049999237060547,19.059999465942383,50837,0.0,0.0
2024-06-27 13:20:00-04:00,19.065000534057617,19.100000381469727,19.059999465942383,19.08989906311035,50253,0.0,0.0
2024-06-27 13:25:00-04:00,19.084999084472656,19.104999542236328,19.079999923706055,19.079999923706055,72198,0.0,0.0
2024-06-27 13:30:00-04:00,19.06999969482422,19.079999923706055,19.059999465942383,19.06999969482422,22742,0.0,0.0
2024-06-27 13:35:00-04:00,19.06999969482422,19.06999969482422,19.05500030517578,19.065000534057617,29267,0.0,0.0
2024-06-27 13:40:00-04:00,19.059999465942383,19.06999969482422,19.040000915527344,19.05500030517578,47344,0.0,0.0
2024-06-27 13:45:00-04:00,19.049999237060547,19.059999465942383,19.045000076293945,19.049999237060547,33995,0.0,0.0
2024-06-27 13:50:00-04:00,19.050199508666992,19.059999465942383,19.03499984741211,19.03499984741211,36972,0.0,0.0
2024-06-27 13:55:00-04:00,19.040000915527344,19.045000076293945,19.020099639892578,19.030000686645508,61329,0.0,0.0
2024-06-27 14:00:00-04:00,19.030000686645508,19.03499984741211,18.969999313354492,18.969999313354492,49505,0.0,0.0
2024-06-27 14:05:00-04:00,18.969999313354492,18.989999771118164,18.950000762939453,18.979999542236328,71119,0.0,0.0
2024-06-27 14:10:00-04:00,18.979999542236328,18.9950008392334,18.979999542236328,18.985000610351562,27922,0.0,0.0
2024-06-27 14:15:00-04:00,18.979999542236328,18.985000610351562,18.959999084472656,18.97010040283203,66791,0.0,0.0
2024-06-27 14:20:00-04:00,18.969999313354492,18.979999542236328,18.940000534057617,18.950000762939453,80180,0.0,0.0
2024-06-27 14:25:00-04:00,18.954999923706055,18.959999084472656,18.915000915527344,18.920000076293945,44349,0.0,0.0
2024-06-27 14:30:00-04:00,18.90999984741211,18.94499969482422,18.90999984741211,18.934999465942383,64736,0.0,0.0
2024-06-27 14:35:00-04:00,18.934999465942383,18.959999084472656,18.93000030517578,18.954999923706055,40754,0.0,0.0
2024-06-27 14:40:00-04:00,18.954999923706055,18.975000381469727,18.950000762939453,18.969999313354492,47561,0.0,0.0
2024-06-27 14:45:00-04:00,18.969999313354492,18.989999771118164,18.959999084472656,18.979999542236328,22617,0.0,0.0
2024-06-27 14:50:00-04:00,18.985000610351562,18.9950008392334,18.985000610351562,18.9950008392334,22675,0.0,0.0
2024-06-27 14:55:00-04:00,18.9950008392334,18.9950008392334,18.979999542236328,18.988300323486328,39515,0.0,0.0
2024-06-27 15:00:00-04:00,18.979999542236328,19.020000457763672,18.979999542236328,19.010000228881836,88717,0.0,0.0
2024-06-27 15:05:00-04:00,19.010000228881836,19.010000228881836,18.989999771118164,19.0,75634,0.0,0.0
2024-06-27 15:10:00-04:00,18.9950008392334,19.014999389648438,18.969999313354492,18.975000381469727,51174,0.0,0.0
2024-06-27 15:15:00-04:00,18.979999542236328,19.0,18.969999313354492,18.985000610351562,111262,0.0,0.0
2024-06-27 15:20:00-04:00,18.979999542236328,18.9950008392334,18.979999542236328,18.985000610351562,59442,0.0,0.0
2024-06-27 15:25:00-04:00,18.985000610351562,19.014999389648438,18.979999542236328,19.010000228881836,74484,0.0,0.0
2024-06-27 15:30:00-04:00,19.014999389648438,19.030000686645508,19.010000228881836,19.020000457763672,68920,0.0,0.0
2024-06-27 15:35:00-04:00,19.010000228881836,19.040000915527344,19.010000228881836,19.030000686645508,47232,0.0,0.0
2024-06-27 15:40:00-04:00,19.03499984741211,19.059999465942383,19.030000686645508,19.05500030517578,63706,0.0,0.0
2024-06-27 15:45:00-04:00,19.049999237060547,19.100000381469727,19.049999237060547,19.094999313354492,71074,0.0,0.0
2024-06-27 15:50:00-04:00,19.100000381469727,19.170000076293945,19.09000015258789,19.165000915527344,180073,0.0,0.0
2024-06-27 15:55:00-04:00,19.165000915527344,19.239999771118164,19.15999984741211,19.239999771118164,494916,0.0,0.0
2024-06-28 09:30:00-04:00,19.399999618530273,19.5,19.329999923706055,19.4950008392334,91385,0.0,0.0
2024-06-28 09:35:00-04:00,19.5,19.520000457763672,19.43000030517578,19.479799270629883,67522,0.0,0.0
2024-06-28 09:40:00-04:00,19.479999542236328,19.540000915527344,19.479999542236328,19.510000228881836,16765,0.0,0.0
2024-06-28 09:45:00-04:00,19.510000228881836,19.510000228881836,19.3799991607666,19.385000228881836,19151,0.0,0.0
2024-06-28 09:50:00-04:00,19.389999389648438,19.395000457763672,19.344999313354492,19.3799991607666,25074,0.0,0.0
2024-06-28 09:55:00-04:00,19.3799991607666,19.385000228881836,19.334999084472656,19.334999084472656,11878,0.0,0.0
2024-06-28 10:00:00-04:00,19.34000015258789,19.375,19.329999923706055,19.364999771118164,26457,0.0,0.0
2024-06-28 10:05:00-04:00,19.3700008392334,19.3799991607666,19.350000381469727,19.354999542236328,17425,0.0,0.0
2024-06-28 10:10:00-04:00,19.350000381469727,19.360000610351562,19.309999465942383,19.315000534057617,13162,0.0,0.0
2024-06-28 10:15:00-04:00,19.317800521850586,19.350000381469727,19.309999465942383,19.334999084472656,27028,0.0,0.0
2024-06-28 10:20:00-04:00,19.34000015258789,19.360000610351562,19.31999969482422,19.360000610351562,15246,0.0,0.0
2024-06-28 10:25:00-04:00,19.360000610351562,19.3799991607666,19.360000610351562,19.375,13371,0.0,0.0
2024-06-28 10:30:00-04:00,19.3799991607666,19.415000915527344,19.3799991607666,19.40999984741211,11852,0.0,0.0
2024-06-28 10:35:00-04:00,19.415000915527344,19.420000076293945,19.389999389648438,19.389999389648438,23844,0.0,0.0
2024-06-28 10:40:00-04:00,19.385000228881836,19.385000228881836,19.364999771118164,19.364999771118164,18190,0.0,0.0
2024-06-28 10:45:00-04:00,19.3700008392334,19.399999618530273,19.3700008392334,19.3799991607666,19871,0.0,0.0
2024-06-28 10:50:00-04:00,19.375,19.40999984741211,19.375,19.405000686645508,18430,0.0,0.0
2024-06-28 10:55:00-04:00,19.405000686645508,19.40999984741211,19.39299964904785,19.405000686645508,10895,0.0,0.0
2024-06-28 11:00:00-04:00,19.399999618530273,19.405000686645508,19.364999771118164,19.364999771118164,48322,0.0,0.0
2024-06-28 11:05:00-04:00,19.364999771118164,19.389999389648438,19.360000610351562,19.385000228881836,10820,0.0,0.0
2024-06-28 11:10:00-04:00,19.385000228881836,19.385000228881836,19.3700008392334,19.375,61074,0.0,0.0
2024-06-28 11:15:00-04:00,19.3700008392334,19.399999618530273,19.3700008392334,19.375,53273,0.0,0.0
2024-06-28 11:20:00-04:00,19.375,19.375,19.354999542236328,19.364999771118164,20955,0.0,0.0
2024-06-28 11:25:00-04:00,19.360000610351562,19.3700008392334,19.350000381469727,19.354999542236328,8791,0.0,0.0
2024-06-28 11:30:00-04:00,19.350000381469727,19.420000076293945,19.344999313354492,19.420000076293945,47910,0.0,0.0
2024-06-28 11:35:00-04:00,19.424999237060547,19.434999465942383,19.399999618530273,19.43000030517578,64782,0.0,0.0
2024-06-28 11:40:00-04:00,19.434999465942383,19.434999465942383,19.3700008392334,19.380399703979492,47782,0.0,0.0
2024-06-28 11:45:00-04:00,19.3799991607666,19.389999389648438,19.375,19.375,9478,0.0,0.0
2024-06-28 11:50:00-04:00,19.375,19.395000457763672,19.375,19.385000228881836,10261,0.0,0.0
2024-06-28 11:55:00-04:00,19.389999389648438,19.389999389648438,19.3799991607666,19.3799991607666,21415,0.0,0.0
2024-06-28 12:00:00-04:00,19.385000228881836,19.395000457763672,19.354999542236328,19.360000610351562,143929,0.0,0.0
2024-06-28 12:05:00-04:00,19.360000610351562,19.389999389648438,19.351299285888672,19.3799991607666,23565,0.0,0.0
2024-06-28 12:10:00-04:00,19.375,19.3799991607666,19.360000610351562,19.375,30122,0.0,0.0
2024-06-28 12:15:00-04:00,19.3700008392334,19.3799991607666,19.360000610351562,19.3799991607666,14616,0.0,0.0
2024-06-28 12:20:00-04:00,19.375,19.395000457763672,19.375,19.385000228881836,28917,0.0,0.0
2024-06-28 12:25:00-04:00,19.385000228881836,19.389999389648438,19.3700008392334,19.375,26823,0.0,0.0
2024-06-28 12:30:00-04:00,19.3799991607666,19.3799991607666,19.3700008392334,19.375,12612,0.0,0.0
2024-06-28 12:35:00-04:00,19.375,19.3799991607666,19.364999771118164,19.364999771118164,57636,0.0,0.0
2024-06-28 12:40:00-04:00,19.360000610351562,19.3799991607666,19.360000610351562,19.3799991607666,36539,0.0,0.0
2024-06-28 12:45:00-04:00,19.3799991607666,19.3799991607666,19.3700008392334,19.3799991607666,8126,0.0,0.0
2024-06-28 12:50:00-04:00,19.3700008392334,19.375,19.364999771118164,19.364999771118164,13334,0.0,0.0
2024-06-28 12:55:00-04:00,19.369699478149414,19.3799991607666,19.360000610351562,19.360000610351562,16724,0.0,0.0
2024-06-28 13:00:00-04:00,19.360000610351562,19.3700008392334,19.354999542236328,19.3700008392334,9690,0.0,0.0
2024-06-28 13:05:00-04:00,19.3700008392334,19.3700008392334,19.360000610351562,19.364999771118164,5062,0.0,0.0
2024-06-28 13:10:00-04:00,19.364999771118164,19.3700008392334,19.360000610351562,19.364999771118164,7296,0.0,0.0
2024-06-28 13:15:00-04:00,19.360000610351562,19.3700008392334,19.360000610351562,19.360000610351562,11745,0.0,0.0
2024-06-28 13:20:00-04:00,19.360000610351562,19.3700008392334,19.354999542236328,19.354999542236328,22140,0.0,0.0
2024-06-28 13:25:00-04:00,19.350000381469727,19.356000900268555,19.31999969482422,19.31999969482422,15488,0.0,0.0
2024-06-28 13:30:00-04:00,19.325000762939453,19.339799880981445,19.309999465942383,19.325000762939453,31959,0.0,0.0
2024-06-28 13:35:00-04:00,19.31999969482422,19.329999923706055,19.295000076293945,19.309999465942383,25078,0.0,0.0
2024-06-28 13:40:00-04:00,19.30500030517578,19.309999465942383,19.299999237060547,19.299999237060547,8906,0.0,0.0
2024-06-28 13:45:00-04:00,19.30500030517578,19.31999969482422,19.30500030517578,19.315000534057617,14761,0.0,0.0
2024-06-28 13:50:00-04:00,19.31999969482422,19.31999969482422,19.309999465942383,19.315000534057617,6341,0.0,0.0
2024-06-28 13:55:00-04:00,19.315000534057617,19.315000534057617,19.290000915527344,19.295000076293945,26647,0.0,0.0
2024-06-28 14:00:00-04:00,19.295000076293945,19.31999969482422,19.290000915527344,19.31999969482422,22340,0.0,0.0
2024-06-28 14:05:00-04:00,19.315000534057617,19.329999923706055,19.31399917602539,19.325000762939453,10584,0.0,0.0
2024-06-28 14:10:00-04:00,19.325000762939453,19.334999084472656,19.31999969482422,19.329999923706055,75753,0.0,0.0
2024-06-28 14:15:00-04:00,19.325000762939453,19.350000381469727,19.31999969482422,19.344999313354492,24020,0.0,0.0
2024-06-28 14:20:00-04:00,19.34000015258789,19.344999313354492,19.329999923706055,19.34000015258789,27379,0.0,0.0
2024-06-28 14:25:00-04:00,19.34000015258789,19.360000610351562,19.34000015258789,19.344999313354492,37820,0.0,0.0
2024-06-28 14:30:00-04:00,19.344999313354492,19.350000381469727,19.334999084472656,19.344999313354492,20036,0.0,0.0
2024-06-28 14:35:00-04:00,19.344999313354492,19.3700008392334,19.344999313354492,19.364999771118164,29574,0.0,0.0
2024-06-28 14:40:00-04:00,19.3700008392334,19.3700008392334,19.350000381469727,19.364999771118164,24314,0.0,0.0
2024-06-28 14:45:00-04:00,19.364999771118164,19.364999771118164,19.34000015258789,19.344999313354492,19975,0.0,0.0
2024-06-28 14:50:00-04:00,19.344999313354492,19.349899291992188,19.31999969482422,19.334999084472656,37778,0.0,0.0
2024-06-28 14:55:00-04:00,19.334999084472656,19.34000015258789,19.31999969482422,19.34000015258789,25441,0.0,0.0
2024-06-28 15:00:00-04:00,19.334999084472656,19.350000381469727,19.325000762939453,19.344999313354492,34472,0.0,0.0
2024-06-28 15:05:00-04:00,19.344999313354492,19.354999542236328,19.334999084472656,19.354999542236328,27118,0.0,0.0
2024-06-28 15:10:00-04:00,19.354999542236328,19.354999542236328,19.33099937438965,19.334999084472656,43556,0.0,0.0
2024-06-28 15:15:00-04:00,19.34000015258789,19.349899291992188,19.31999969482422,19.326000213623047,69868,0.0,0.0
2024-06-28 15:20:00-04:00,19.329999923706055,19.364999771118164,19.325000762939453,19.364999771118164,65083,0.0,0.0
2024-06-28 15:25:00-04:00,19.364999771118164,19.3799991607666,19.360000610351562,19.379899978637695,24787,0.0,0.0
2024-06-28 15:30:00-04:00,19.3799991607666,19.399999618530273,19.364999771118164,19.399999618530273,131593,0.0,0.0
2024-06-28 15:35:00-04:00,19.399999618530273,19.4950008392334,19.395000457763672,19.4950008392334,169919,0.0,0.0
2024-06-28 15:40:00-04:00,19.4950008392334,19.510000228881836,19.459999084472656,19.5049991607666,153740,0.0,0.0
2024-06-28 15:45:00-04:00,19.5049991607666,19.510000228881836,19.489999771118164,19.5,207406,0.0,0.0
2024-06-28 15:50:00-04:00,19.5,19.559999465942383,19.5,19.545000076293945,230670,0.0,0.0
2024-06-28 15:55:00-04:00,19.545000076293945,19.6299991607666,19.545000076293945,19.6299991607666,866994,0.0,0.0
