Datetime,Open,High,Low,Close,Volume,Dividends,Stock Splits
2024-05-29 09:30:00-04:00,57.0099983215332,57.380001068115234,57.0,57.36920166015625,25560,0.0,0.0
2024-05-29 09:35:00-04:00,57.36349868774414,57.72999954223633,57.36349868774414,57.68000030517578,6838,0.0,0.0
2024-05-29 09:40:00-04:00,57.58000183105469,57.869998931884766,57.58000183105469,57.790000915527344,13985,0.0,0.0
2024-05-29 09:45:00-04:00,57.775001525878906,57.91999816894531,57.775001525878906,57.81999969482422,5746,0.0,0.0
2024-05-29 09:50:00-04:00,57.89659881591797,57.95000076293945,57.81999969482422,57.94499969482422,3619,0.0,0.0
2024-05-29 09:55:00-04:00,57.900001525878906,57.900001525878906,57.779998779296875,57.83000183105469,5865,0.0,0.0
2024-05-29 10:00:00-04:00,57.93000030517578,58.11000061035156,57.91999816894531,58.099998474121094,9529,0.0,0.0
2024-05-29 10:05:00-04:00,58.16999816894531,58.16999816894531,58.04999923706055,58.07500076293945,5330,0.0,0.0
2024-05-29 10:10:00-04:00,58.11000061035156,58.119998931884766,58.07500076293945,58.09000015258789,5336,0.0,0.0
2024-05-29 10:15:00-04:00,58.13999938964844,58.157100677490234,57.96849822998047,57.994998931884766,6605,0.0,0.0
2024-05-29 10:20:00-04:00,57.994998931884766,58.02000045776367,57.90999984741211,58.02000045776367,5112,0.0,0.0
2024-05-29 10:25:00-04:00,58.064998626708984,58.11000061035156,58.04999923706055,58.11000061035156,4300,0.0,0.0
2024-05-29 10:30:00-04:00,58.09579849243164,58.189998626708984,58.07500076293945,58.189998626708984,3924,0.0,0.0
2024-05-29 10:35:00-04:00,58.14670181274414,58.18000030517578,58.125,58.150001525878906,5733,0.0,0.0
2024-05-29 10:40:00-04:00,58.17499923706055,58.27000045776367,58.17499923706055,58.25899887084961,11807,0.0,0.0
2024-05-29 10:45:00-04:00,58.2400016784668,58.2400016784668,58.11000061035156,58.11000061035156,4072,0.0,0.0
2024-05-29 10:50:00-04:00,58.11000061035156,58.22999954223633,58.11000061035156,58.22999954223633,4719,0.0,0.0
2024-05-29 10:55:00-04:00,58.255001068115234,58.439998626708984,58.2400016784668,58.400001525878906,18727,0.0,0.0
2024-05-29 11:00:00-04:00,58.41999816894531,58.43000030517578,58.279998779296875,58.31999969482422,7502,0.0,0.0
2024-05-29 11:05:00-04:00,58.36000061035156,58.40999984741211,58.36000061035156,58.404998779296875,5823,0.0,0.0
2024-05-29 11:10:00-04:00,58.34000015258789,58.400001525878906,58.34000015258789,58.36000061035156,5693,0.0,0.0
2024-05-29 11:15:00-04:00,58.36000061035156,58.363800048828125,58.33000183105469,58.35540008544922,4319,0.0,0.0
2024-05-29 11:20:00-04:00,58.349998474121094,58.47999954223633,58.349998474121094,58.474998474121094,15376,0.0,0.0
2024-05-29 11:25:00-04:00,58.474998474121094,58.630001068115234,58.474998474121094,58.599998474121094,15204,0.0,0.0
2024-05-29 11:30:00-04:00,58.599998474121094,58.599998474121094,58.439998626708984,58.46500015258789,12227,0.0,0.0
2024-05-29 11:35:00-04:00,58.45000076293945,58.58000183105469,58.415000915527344,58.55500030517578,10032,0.0,0.0
2024-05-29 11:40:00-04:00,58.58000183105469,58.58000183105469,58.45000076293945,58.505001068115234,5450,0.0,0.0
2024-05-29 11:45:00-04:00,58.529998779296875,58.58000183105469,58.47999954223633,58.54999923706055,7116,0.0,0.0
2024-05-29 11:50:00-04:00,58.52000045776367,58.540000915527344,58.439998626708984,58.51499938964844,6880,0.0,0.0
2024-05-29 11:55:00-04:00,58.4900016784668,58.4900016784668,58.459999084472656,58.459999084472656,3994,0.0,0.0
2024-05-29 12:00:00-04:00,58.38999938964844,58.40999984741211,58.380001068115234,58.3849983215332,3426,0.0,0.0
2024-05-29 12:05:00-04:00,58.3849983215332,58.45000076293945,58.33000183105469,58.45000076293945,11574,0.0,0.0
2024-05-29 12:10:00-04:00,58.45000076293945,58.45000076293945,58.23500061035156,58.23500061035156,13458,0.0,0.0
2024-05-29 12:15:00-04:00,58.25,58.27000045776367,58.13999938964844,58.20000076293945,6228,0.0,0.0
2024-05-29 12:20:00-04:00,58.189998626708984,58.25,58.17499923706055,58.17499923706055,6317,0.0,0.0
2024-05-29 12:25:00-04:00,58.20000076293945,58.32500076293945,58.20000076293945,58.28499984741211,13327,0.0,0.0
2024-05-29 12:30:00-04:00,58.28499984741211,58.34000015258789,58.2599983215332,58.310001373291016,12635,0.0,0.0
2024-05-29 12:35:00-04:00,58.314998626708984,58.34519958496094,58.310001373291016,58.34519958496094,9028,0.0,0.0
2024-05-29 12:40:00-04:00,58.33000183105469,58.349998474121094,58.244998931884766,58.2599983215332,14984,0.0,0.0
2024-05-29 12:45:00-04:00,58.2599983215332,58.290000915527344,58.2599983215332,58.27000045776367,10283,0.0,0.0
2024-05-29 12:50:00-04:00,58.27000045776367,58.41999816894531,58.27000045776367,58.349998474121094,28414,0.0,0.0
2024-05-29 12:55:00-04:00,58.334999084472656,58.334999084472656,58.23249816894531,58.23249816894531,7646,0.0,0.0
2024-05-29 13:00:00-04:00,58.25,58.25,58.0281982421875,58.0281982421875,17585,0.0,0.0
2024-05-29 13:05:00-04:00,58.03580093383789,58.08000183105469,58.00429916381836,58.029300689697266,6502,0.0,0.0
2024-05-29 13:10:00-04:00,58.05500030517578,58.06999969482422,58.04999923706055,58.06999969482422,4705,0.0,0.0
2024-05-29 13:15:00-04:00,58.04999923706055,58.0629997253418,58.04750061035156,58.04999923706055,2757,0.0,0.0
2024-05-29 13:20:00-04:00,58.06959915161133,58.150001525878906,58.029998779296875,58.119998931884766,9297,0.0,0.0
2024-05-29 13:25:00-04:00,58.12820053100586,58.14360046386719,58.12820053100586,58.14360046386719,1400,0.0,0.0
2024-05-29 13:30:00-04:00,58.15999984741211,58.189998626708984,58.150001525878906,58.15999984741211,7723,0.0,0.0
2024-05-29 13:35:00-04:00,58.150001525878906,58.150001525878906,58.11000061035156,58.1150016784668,3544,0.0,0.0
2024-05-29 13:40:00-04:00,58.130001068115234,58.13999938964844,58.130001068115234,58.13999938964844,1696,0.0,0.0
2024-05-29 13:45:00-04:00,58.12710189819336,58.18000030517578,58.12710189819336,58.172698974609375,4895,0.0,0.0
2024-05-29 13:50:00-04:00,58.18000030517578,58.220001220703125,58.15999984741211,58.15999984741211,10603,0.0,0.0
2024-05-29 13:55:00-04:00,58.150001525878906,58.150001525878906,58.099998474121094,58.150001525878906,10065,0.0,0.0
2024-05-29 14:00:00-04:00,58.15999984741211,58.2400016784668,58.15999984741211,58.192298889160156,4247,0.0,0.0
2024-05-29 14:05:00-04:00,58.20280075073242,58.29999923706055,58.20280075073242,58.28950119018555,6734,0.0,0.0
2024-05-29 14:10:00-04:00,58.27000045776367,58.310001373291016,58.27000045776367,58.310001373291016,10319,0.0,0.0
2024-05-29 14:15:00-04:00,58.3484992980957,58.349998474121094,58.310001373291016,58.349998474121094,9921,0.0,0.0
2024-05-29 14:20:00-04:00,58.349998474121094,58.369998931884766,58.31999969482422,58.32500076293945,9003,0.0,0.0
2024-05-29 14:25:00-04:00,58.32500076293945,58.33000183105469,58.2599983215332,58.27000045776367,8433,0.0,0.0
2024-05-29 14:30:00-04:00,58.26499938964844,58.31999969482422,58.22999954223633,58.310001373291016,61638,0.0,0.0
2024-05-29 14:35:00-04:00,58.314998626708984,58.36000061035156,58.2599983215332,58.36000061035156,10586,0.0,0.0
2024-05-29 14:40:00-04:00,58.369998931884766,58.38999938964844,58.34400177001953,58.380001068115234,10308,0.0,0.0
2024-05-29 14:45:00-04:00,58.3849983215332,58.3849983215332,58.34000015258789,58.34000015258789,7923,0.0,0.0
2024-05-29 14:50:00-04:00,58.36000061035156,58.425201416015625,58.34000015258789,58.40999984741211,11928,0.0,0.0
2024-05-29 14:55:00-04:00,58.40999984741211,58.41999816894531,58.2598991394043,58.27000045776367,14262,0.0,0.0
2024-05-29 15:00:00-04:00,58.27000045776367,58.27000045776367,58.209999084472656,58.209999084472656,25684,0.0,0.0
2024-05-29 15:05:00-04:00,58.189998626708984,58.20000076293945,58.119998931884766,58.20000076293945,14981,0.0,0.0
2024-05-29 15:10:00-04:00,58.20000076293945,58.20500183105469,58.16999816894531,58.189998626708984,10247,0.0,0.0
2024-05-29 15:15:00-04:00,58.209999084472656,58.290000915527344,58.209999084472656,58.290000915527344,12178,0.0,0.0
2024-05-29 15:20:00-04:00,58.310001373291016,58.404300689697266,58.29999923706055,58.38999938964844,11733,0.0,0.0
2024-05-29 15:25:00-04:00,58.380001068115234,58.439998626708984,58.380001068115234,58.429901123046875,21868,0.0,0.0
2024-05-29 15:30:00-04:00,58.45000076293945,58.5098991394043,58.439998626708984,58.4900016784668,15032,0.0,0.0
2024-05-29 15:35:00-04:00,58.5,58.599998474121094,58.5,58.599998474121094,27673,0.0,0.0
2024-05-29 15:40:00-04:00,58.61000061035156,58.66999816894531,58.56999969482422,58.64500045776367,36232,0.0,0.0
2024-05-29 15:45:00-04:00,58.650001525878906,58.689998626708984,58.54999923706055,58.56999969482422,43313,0.0,0.0
2024-05-29 15:50:00-04:00,58.61000061035156,58.7400016784668,58.52000045776367,58.540000915527344,63586,0.0,0.0
2024-05-29 15:55:00-04:00,58.560001373291016,58.625,58.470001220703125,58.470001220703125,132011,0.0,0.0
2024-05-30 09:30:00-04:00,57.779998779296875,57.85499954223633,57.15999984741211,57.290000915527344,68917,0.0,0.0
2024-05-30 09:35:00-04:00,57.17499923706055,57.20000076293945,56.77000045776367,56.89799880981445,64678,0.0,0.0
2024-05-30 09:40:00-04:00,56.915000915527344,57.0099983215332,56.5099983215332,56.619998931884766,88934,0.0,0.0
2024-05-30 09:45:00-04:00,56.72999954223633,56.869998931884766,56.70000076293945,56.77000045776367,48244,0.0,0.0
2024-05-30 09:50:00-04:00,56.689998626708984,56.72999954223633,56.5,56.540000915527344,23586,0.0,0.0
2024-05-30 09:55:00-04:00,56.540000915527344,56.70000076293945,56.400001525878906,56.474998474121094,57593,0.0,0.0
2024-05-30 10:00:00-04:00,56.5099983215332,56.58000183105469,56.290000915527344,56.3849983215332,27121,0.0,0.0
2024-05-30 10:05:00-04:00,56.349998474121094,56.40999984741211,56.130001068115234,56.15999984741211,62539,0.0,0.0
2024-05-30 10:10:00-04:00,56.15999984741211,56.36000061035156,56.06999969482422,56.345001220703125,27375,0.0,0.0
2024-05-30 10:15:00-04:00,56.32500076293945,56.88999938964844,56.32500076293945,56.720001220703125,40894,0.0,0.0
2024-05-30 10:20:00-04:00,56.68000030517578,56.95000076293945,56.65999984741211,56.65999984741211,58998,0.0,0.0
2024-05-30 10:25:00-04:00,56.654998779296875,56.654998779296875,56.41999816894531,56.59000015258789,10957,0.0,0.0
2024-05-30 10:30:00-04:00,56.64860153198242,56.68000030517578,56.42919921875,56.4900016784668,10876,0.0,0.0
2024-05-30 10:35:00-04:00,56.474998474121094,56.6150016784668,56.439998626708984,56.52000045776367,13498,0.0,0.0
2024-05-30 10:40:00-04:00,56.5,56.560001373291016,56.470001220703125,56.494998931884766,11816,0.0,0.0
2024-05-30 10:45:00-04:00,56.470001220703125,56.51380157470703,56.400001525878906,56.45859909057617,20702,0.0,0.0
2024-05-30 10:50:00-04:00,56.40999984741211,56.540000915527344,56.40999984741211,56.494998931884766,15676,0.0,0.0
2024-05-30 10:55:00-04:00,56.529998779296875,56.56999969482422,56.5099983215332,56.540000915527344,5901,0.0,0.0
2024-05-30 11:00:00-04:00,56.54999923706055,56.55500030517578,56.150001525878906,56.31999969482422,19325,0.0,0.0
2024-05-30 11:05:00-04:00,56.310001373291016,56.400001525878906,56.22999954223633,56.38999938964844,17303,0.0,0.0
2024-05-30 11:10:00-04:00,56.402099609375,56.43000030517578,56.33000183105469,56.34000015258789,9856,0.0,0.0
2024-05-30 11:15:00-04:00,56.310001373291016,56.52000045776367,56.310001373291016,56.5099983215332,16156,0.0,0.0
2024-05-30 11:20:00-04:00,56.505001068115234,56.505001068115234,56.369998931884766,56.38999938964844,8241,0.0,0.0
2024-05-30 11:25:00-04:00,56.38999938964844,56.38999938964844,56.290000915527344,56.3650016784668,7869,0.0,0.0
2024-05-30 11:30:00-04:00,56.349998474121094,56.349998474121094,56.2599983215332,56.290000915527344,9172,0.0,0.0
2024-05-30 11:35:00-04:00,56.34000015258789,56.36000061035156,56.314998626708984,56.314998626708984,9152,0.0,0.0
2024-05-30 11:40:00-04:00,56.310001373291016,56.42900085449219,56.310001373291016,56.42900085449219,9797,0.0,0.0
2024-05-30 11:45:00-04:00,56.369998931884766,56.369998931884766,56.30099868774414,56.33000183105469,7805,0.0,0.0
2024-05-30 11:50:00-04:00,56.349998474121094,56.349998474121094,56.224998474121094,56.34000015258789,10399,0.0,0.0
2024-05-30 11:55:00-04:00,56.29999923706055,56.29999923706055,56.20000076293945,56.20500183105469,6397,0.0,0.0
2024-05-30 12:00:00-04:00,56.18000030517578,56.22990036010742,56.16999816894531,56.20000076293945,6603,0.0,0.0
2024-05-30 12:05:00-04:00,56.18000030517578,56.29999923706055,56.160099029541016,56.185001373291016,23615,0.0,0.0
2024-05-30 12:10:00-04:00,56.185001373291016,56.185001373291016,56.08000183105469,56.09049987792969,21842,0.0,0.0
2024-05-30 12:15:00-04:00,56.010501861572266,56.119998931884766,56.0,56.0984001159668,21157,0.0,0.0
2024-05-30 12:20:00-04:00,56.119998931884766,56.16999816894531,56.119998931884766,56.13999938964844,9435,0.0,0.0
2024-05-30 12:25:00-04:00,56.150001525878906,56.18000030517578,56.06999969482422,56.08000183105469,9468,0.0,0.0
2024-05-30 12:30:00-04:00,56.09000015258789,56.119998931884766,56.0099983215332,56.0099983215332,13940,0.0,0.0
2024-05-30 12:35:00-04:00,56.025001525878906,56.025001525878906,55.93579864501953,55.970001220703125,18369,0.0,0.0
2024-05-30 12:40:00-04:00,55.95000076293945,56.0099983215332,55.94300079345703,56.005001068115234,6429,0.0,0.0
2024-05-30 12:45:00-04:00,56.0,56.029998779296875,55.97999954223633,55.9900016784668,9374,0.0,0.0
2024-05-30 12:50:00-04:00,55.97999954223633,56.025001525878906,55.939998626708984,55.97999954223633,13519,0.0,0.0
2024-05-30 12:55:00-04:00,55.95000076293945,55.97999954223633,55.89500045776367,55.939998626708984,16196,0.0,0.0
2024-05-30 13:00:00-04:00,55.939998626708984,55.97930145263672,55.92499923706055,55.92499923706055,9204,0.0,0.0
2024-05-30 13:05:00-04:00,55.90999984741211,55.959999084472656,55.665000915527344,55.72999954223633,31464,0.0,0.0
2024-05-30 13:10:00-04:00,55.689998626708984,55.8650016784668,55.68000030517578,55.79499816894531,18766,0.0,0.0
2024-05-30 13:15:00-04:00,55.790000915527344,55.79999923706055,55.63999938964844,55.66999816894531,23276,0.0,0.0
2024-05-30 13:20:00-04:00,55.68000030517578,55.70500183105469,55.65999984741211,55.6890983581543,12271,0.0,0.0
2024-05-30 13:25:00-04:00,55.709999084472656,55.7400016784668,55.68000030517578,55.72999954223633,12739,0.0,0.0
2024-05-30 13:30:00-04:00,55.736698150634766,55.77000045776367,55.650001525878906,55.650001525878906,18082,0.0,0.0
2024-05-30 13:35:00-04:00,55.650001525878906,55.650001525878906,55.52000045776367,55.584999084472656,16278,0.0,0.0
2024-05-30 13:40:00-04:00,55.605899810791016,55.64500045776367,55.54999923706055,55.54999923706055,23170,0.0,0.0
2024-05-30 13:45:00-04:00,55.5,55.665000915527344,55.47100067138672,55.59189987182617,16612,0.0,0.0
2024-05-30 13:50:00-04:00,55.58810043334961,55.59000015258789,55.47999954223633,55.5099983215332,33869,0.0,0.0
2024-05-30 13:55:00-04:00,55.5,55.58000183105469,55.397499084472656,55.459999084472656,34983,0.0,0.0
2024-05-30 14:00:00-04:00,55.459999084472656,55.470001220703125,55.33000183105469,55.33000183105469,10502,0.0,0.0
2024-05-30 14:05:00-04:00,55.32099914550781,55.529998779296875,55.31999969482422,55.470001220703125,15901,0.0,0.0
2024-05-30 14:10:00-04:00,55.5,55.56999969482422,55.5,55.52000045776367,21824,0.0,0.0
2024-05-30 14:15:00-04:00,55.52000045776367,55.59000015258789,55.5,55.53499984741211,9739,0.0,0.0
2024-05-30 14:20:00-04:00,55.529998779296875,55.54999923706055,55.40999984741211,55.40999984741211,4780,0.0,0.0
2024-05-30 14:25:00-04:00,55.41999816894531,55.470001220703125,55.33000183105469,55.41999816894531,15259,0.0,0.0
2024-05-30 14:30:00-04:00,55.415000915527344,55.452301025390625,55.380001068115234,55.39830017089844,7967,0.0,0.0
2024-05-30 14:35:00-04:00,55.38999938964844,55.41999816894531,55.34000015258789,55.34000015258789,9935,0.0,0.0
2024-05-30 14:40:00-04:00,55.33000183105469,55.38999938964844,55.290000915527344,55.29999923706055,15820,0.0,0.0
2024-05-30 14:45:00-04:00,55.290000915527344,55.33000183105469,55.250999450683594,55.290000915527344,11000,0.0,0.0
2024-05-30 14:50:00-04:00,55.27000045776367,55.290000915527344,55.2599983215332,55.2599983215332,4601,0.0,0.0
2024-05-30 14:55:00-04:00,55.25,55.40999984741211,55.2400016784668,55.29999923706055,30501,0.0,0.0
2024-05-30 15:00:00-04:00,55.279998779296875,55.290000915527344,55.2156982421875,55.2156982421875,6359,0.0,0.0
2024-05-30 15:05:00-04:00,55.220001220703125,55.275001525878906,55.189998626708984,55.220001220703125,17539,0.0,0.0
2024-05-30 15:10:00-04:00,55.21500015258789,55.279998779296875,55.20000076293945,55.20000076293945,21565,0.0,0.0
2024-05-30 15:15:00-04:00,55.189998626708984,55.220001220703125,55.09000015258789,55.10499954223633,15988,0.0,0.0
2024-05-30 15:20:00-04:00,55.0900993347168,55.13999938964844,55.06999969482422,55.08000183105469,28874,0.0,0.0
2024-05-30 15:25:00-04:00,55.099998474121094,55.11000061035156,55.010101318359375,55.060001373291016,12743,0.0,0.0
2024-05-30 15:30:00-04:00,55.050498962402344,55.050498962402344,54.90999984741211,54.915000915527344,21966,0.0,0.0
2024-05-30 15:35:00-04:00,54.910499572753906,54.939998626708984,54.849998474121094,54.880001068115234,44910,0.0,0.0
2024-05-30 15:40:00-04:00,54.9098014831543,54.90999984741211,54.81999969482422,54.869998931884766,51346,0.0,0.0
2024-05-30 15:45:00-04:00,54.875,54.900001525878906,54.66999816894531,54.7599983215332,64804,0.0,0.0
2024-05-30 15:50:00-04:00,54.75,54.8650016784668,54.6973991394043,54.779998779296875,81146,0.0,0.0
2024-05-30 15:55:00-04:00,54.779998779296875,54.810001373291016,54.6349983215332,54.70000076293945,153412,0.0,0.0
2024-05-31 09:30:00-04:00,54.79999923706055,54.91999816894531,54.54999923706055,54.65999984741211,75898,0.0,0.0
2024-05-31 09:35:00-04:00,54.611000061035156,54.790000915527344,54.560001373291016,54.630001068115234,14690,0.0,0.0
2024-05-31 09:40:00-04:00,54.560001373291016,54.75,54.400001525878906,54.560001373291016,19177,0.0,0.0
2024-05-31 09:45:00-04:00,54.52000045776367,54.56999969482422,54.1150016784668,54.25130081176758,27371,0.0,0.0
2024-05-31 09:50:00-04:00,54.2599983215332,54.2599983215332,54.11000061035156,54.16999816894531,8635,0.0,0.0
2024-05-31 09:55:00-04:00,54.19499969482422,54.279998779296875,54.11000061035156,54.279998779296875,8327,0.0,0.0
2024-05-31 10:00:00-04:00,54.2400016784668,54.2400016784668,54.04999923706055,54.1150016784668,14160,0.0,0.0
2024-05-31 10:05:00-04:00,54.09000015258789,54.09000015258789,53.849998474121094,53.880001068115234,23612,0.0,0.0
2024-05-31 10:10:00-04:00,53.869998931884766,53.97999954223633,53.83000183105469,53.939998626708984,13514,0.0,0.0
2024-05-31 10:15:00-04:00,53.90999984741211,54.06999969482422,53.90999984741211,54.0099983215332,10508,0.0,0.0
2024-05-31 10:20:00-04:00,53.97999954223633,54.060001373291016,53.970001220703125,53.974998474121094,14993,0.0,0.0
2024-05-31 10:25:00-04:00,54.0,54.005001068115234,53.834999084472656,53.84000015258789,15425,0.0,0.0
2024-05-31 10:30:00-04:00,53.810001373291016,53.810001373291016,53.59000015258789,53.70000076293945,21944,0.0,0.0
2024-05-31 10:35:00-04:00,53.70000076293945,53.72249984741211,53.6150016784668,53.650001525878906,13210,0.0,0.0
2024-05-31 10:40:00-04:00,53.709999084472656,53.752899169921875,53.550899505615234,53.55590057373047,9770,0.0,0.0
2024-05-31 10:45:00-04:00,53.584999084472656,53.650001525878906,53.500099182128906,53.500099182128906,10430,0.0,0.0
2024-05-31 10:50:00-04:00,53.54999923706055,53.61000061035156,53.525001525878906,53.61000061035156,5702,0.0,0.0
2024-05-31 10:55:00-04:00,53.58000183105469,53.70000076293945,53.58000183105469,53.65999984741211,8587,0.0,0.0
2024-05-31 11:00:00-04:00,53.650001525878906,53.665000915527344,53.56999969482422,53.625,9667,0.0,0.0
2024-05-31 11:05:00-04:00,53.630001068115234,53.630001068115234,53.564998626708984,53.592498779296875,4712,0.0,0.0
2024-05-31 11:10:00-04:00,53.608001708984375,53.7599983215332,53.56999969482422,53.7599983215332,9756,0.0,0.0
2024-05-31 11:15:00-04:00,53.72999954223633,53.88999938964844,53.689998626708984,53.869998931884766,12889,0.0,0.0
2024-05-31 11:20:00-04:00,53.8400993347168,53.88999938964844,53.79999923706055,53.84000015258789,11753,0.0,0.0
2024-05-31 11:25:00-04:00,53.810001373291016,53.86000061035156,53.7599983215332,53.84000015258789,9065,0.0,0.0
2024-05-31 11:30:00-04:00,53.83000183105469,53.900001525878906,53.81869888305664,53.85499954223633,20801,0.0,0.0
2024-05-31 11:35:00-04:00,53.8650016784668,53.939998626708984,53.8650016784668,53.917198181152344,11658,0.0,0.0
2024-05-31 11:40:00-04:00,53.917598724365234,53.939998626708984,53.83000183105469,53.880001068115234,13586,0.0,0.0
2024-05-31 11:45:00-04:00,53.915000915527344,53.915000915527344,53.83000183105469,53.86000061035156,12401,0.0,0.0
2024-05-31 11:50:00-04:00,53.86000061035156,53.89500045776367,53.82500076293945,53.88819885253906,12438,0.0,0.0
2024-05-31 11:55:00-04:00,53.900001525878906,53.939998626708984,53.79999923706055,53.84000015258789,10693,0.0,0.0
2024-05-31 12:00:00-04:00,53.83000183105469,53.86000061035156,53.81010055541992,53.849998474121094,7786,0.0,0.0
2024-05-31 12:05:00-04:00,53.84000015258789,53.86000061035156,53.80609893798828,53.834999084472656,22736,0.0,0.0
2024-05-31 12:10:00-04:00,53.810001373291016,53.880001068115234,53.79999923706055,53.845001220703125,10593,0.0,0.0
2024-05-31 12:15:00-04:00,53.845001220703125,53.900001525878906,53.81999969482422,53.8650016784668,9899,0.0,0.0
2024-05-31 12:20:00-04:00,53.83000183105469,53.84000015258789,53.65999984741211,53.7400016784668,32499,0.0,0.0
2024-05-31 12:25:00-04:00,53.720001220703125,53.810001373291016,53.70000076293945,53.775001525878906,16824,0.0,0.0
2024-05-31 12:30:00-04:00,53.7599983215332,53.78990173339844,53.7400016784668,53.7400016784668,7191,0.0,0.0
2024-05-31 12:35:00-04:00,53.749000549316406,53.779998779296875,53.72999954223633,53.7599983215332,6802,0.0,0.0
2024-05-31 12:40:00-04:00,53.7599983215332,53.779998779296875,53.7400016784668,53.779998779296875,5499,0.0,0.0
2024-05-31 12:45:00-04:00,53.78499984741211,53.81999969482422,53.68000030517578,53.689998626708984,11403,0.0,0.0
2024-05-31 12:50:00-04:00,53.685001373291016,53.685001373291016,53.59370040893555,53.60430145263672,7263,0.0,0.0
2024-05-31 12:55:00-04:00,53.59000015258789,53.619998931884766,53.525001525878906,53.560001373291016,10637,0.0,0.0
2024-05-31 13:00:00-04:00,53.56999969482422,53.630001068115234,53.54999923706055,53.58000183105469,11526,0.0,0.0
2024-05-31 13:05:00-04:00,53.529998779296875,53.58000183105469,53.52000045776367,53.55009841918945,5057,0.0,0.0
2024-05-31 13:10:00-04:00,53.54999923706055,53.61000061035156,53.529998779296875,53.58000183105469,7364,0.0,0.0
2024-05-31 13:15:00-04:00,53.560001373291016,53.665000915527344,53.560001373291016,53.665000915527344,7297,0.0,0.0
2024-05-31 13:20:00-04:00,53.63999938964844,53.6885986328125,53.6338996887207,53.6885986328125,9018,0.0,0.0
2024-05-31 13:25:00-04:00,53.65999984741211,53.709999084472656,53.63999938964844,53.66999816894531,6651,0.0,0.0
2024-05-31 13:30:00-04:00,53.65010070800781,53.66999816894531,53.56999969482422,53.56999969482422,14967,0.0,0.0
2024-05-31 13:35:00-04:00,53.59000015258789,53.650001525878906,53.560001373291016,53.630001068115234,9292,0.0,0.0
2024-05-31 13:40:00-04:00,53.599998474121094,53.650001525878906,53.58000183105469,53.6349983215332,12500,0.0,0.0
2024-05-31 13:45:00-04:00,53.619998931884766,53.80500030517578,53.619998931884766,53.80500030517578,11579,0.0,0.0
2024-05-31 13:50:00-04:00,53.80500030517578,53.814998626708984,53.72200012207031,53.744998931884766,15123,0.0,0.0
2024-05-31 13:55:00-04:00,53.744998931884766,53.779998779296875,53.61000061035156,53.630001068115234,12531,0.0,0.0
2024-05-31 14:00:00-04:00,53.61259841918945,53.70000076293945,53.599998474121094,53.619998931884766,22729,0.0,0.0
2024-05-31 14:05:00-04:00,53.61330032348633,53.650001525878906,53.59000015258789,53.6349983215332,15515,0.0,0.0
2024-05-31 14:10:00-04:00,53.627498626708984,53.70000076293945,53.625,53.69499969482422,15791,0.0,0.0
2024-05-31 14:15:00-04:00,53.709999084472656,53.7599983215332,53.68000030517578,53.7599983215332,5508,0.0,0.0
2024-05-31 14:20:00-04:00,53.7599983215332,53.779998779296875,53.70000076293945,53.709999084472656,9835,0.0,0.0
2024-05-31 14:25:00-04:00,53.720001220703125,53.720001220703125,53.65999984741211,53.68000030517578,8262,0.0,0.0
2024-05-31 14:30:00-04:00,53.689998626708984,53.689998626708984,53.58000183105469,53.59000015258789,20244,0.0,0.0
2024-05-31 14:35:00-04:00,53.599998474121094,53.630001068115234,53.525001525878906,53.529998779296875,18793,0.0,0.0
2024-05-31 14:40:00-04:00,53.53499984741211,53.689998626708984,53.5260009765625,53.66999816894531,16170,0.0,0.0
2024-05-31 14:45:00-04:00,53.67499923706055,53.814998626708984,53.67499923706055,53.689998626708984,15883,0.0,0.0
2024-05-31 14:50:00-04:00,53.689998626708984,53.709999084472656,53.650001525878906,53.665000915527344,16043,0.0,0.0
2024-05-31 14:55:00-04:00,53.665000915527344,53.83000183105469,53.65999984741211,53.78499984741211,16799,0.0,0.0
2024-05-31 15:00:00-04:00,53.779998779296875,53.814998626708984,53.77000045776367,53.79499816894531,20424,0.0,0.0
2024-05-31 15:05:00-04:00,53.810001373291016,53.84000015258789,53.7599983215332,53.79999923706055,23905,0.0,0.0
2024-05-31 15:10:00-04:00,53.790000915527344,53.84000015258789,53.790000915527344,53.81999969482422,30655,0.0,0.0
2024-05-31 15:15:00-04:00,53.810001373291016,53.92499923706055,53.79999923706055,53.880001068115234,27298,0.0,0.0
2024-05-31 15:20:00-04:00,53.880001068115234,53.9900016784668,53.880001068115234,53.97999954223633,32963,0.0,0.0
2024-05-31 15:25:00-04:00,53.97010040283203,54.040000915527344,53.959999084472656,54.02000045776367,23973,0.0,0.0
2024-05-31 15:30:00-04:00,54.0099983215332,54.040000915527344,53.93000030517578,53.93000030517578,72064,0.0,0.0
2024-05-31 15:35:00-04:00,53.93000030517578,54.07500076293945,53.93000030517578,54.04499816894531,40332,0.0,0.0
2024-05-31 15:40:00-04:00,54.04499816894531,54.29999923706055,54.04499816894531,54.2400016784668,87619,0.0,0.0
2024-05-31 15:45:00-04:00,54.23500061035156,54.349998474121094,54.23500061035156,54.290000915527344,58917,0.0,0.0
2024-05-31 15:50:00-04:00,54.30500030517578,54.83000183105469,54.29999923706055,54.79999923706055,184450,0.0,0.0
2024-05-31 15:55:00-04:00,54.81999969482422,54.98500061035156,54.70000076293945,54.72999954223633,558131,0.0,0.0
2024-06-03 09:30:00-04:00,54.88999938964844,54.899898529052734,54.529998779296875,54.61000061035156,61106,0.0,0.0
2024-06-03 09:35:00-04:00,54.560001373291016,54.56999969482422,54.16999816894531,54.28499984741211,33650,0.0,0.0
2024-06-03 09:40:00-04:00,54.349998474121094,54.415000915527344,54.209999084472656,54.23929977416992,18968,0.0,0.0
2024-06-03 09:45:00-04:00,54.30970001220703,54.349998474121094,54.029998779296875,54.2599983215332,42761,0.0,0.0
2024-06-03 09:50:00-04:00,54.258201599121094,54.30500030517578,54.0099983215332,54.04999923706055,26995,0.0,0.0
2024-06-03 09:55:00-04:00,54.11000061035156,54.45000076293945,54.005001068115234,54.400001525878906,44322,0.0,0.0
2024-06-03 10:00:00-04:00,54.439998626708984,54.560001373291016,54.279998779296875,54.38999938964844,21693,0.0,0.0
2024-06-03 10:05:00-04:00,54.400001525878906,54.505001068115234,54.209999084472656,54.209999084472656,16618,0.0,0.0
2024-06-03 10:10:00-04:00,54.2599983215332,54.310001373291016,54.16999816894531,54.25,17577,0.0,0.0
2024-06-03 10:15:00-04:00,54.2401008605957,54.275001525878906,54.08000183105469,54.18000030517578,31381,0.0,0.0
2024-06-03 10:20:00-04:00,54.18000030517578,54.18000030517578,54.07500076293945,54.100101470947266,17851,0.0,0.0
2024-06-03 10:25:00-04:00,54.150001525878906,54.18000030517578,54.009300231933594,54.16999816894531,16564,0.0,0.0
2024-06-03 10:30:00-04:00,54.09000015258789,54.119998931884766,53.959999084472656,54.08000183105469,17569,0.0,0.0
2024-06-03 10:35:00-04:00,54.11000061035156,54.1349983215332,53.93000030517578,53.95000076293945,12077,0.0,0.0
2024-06-03 10:40:00-04:00,53.959999084472656,54.0,53.810001373291016,53.810001373291016,23614,0.0,0.0
2024-06-03 10:45:00-04:00,53.81999969482422,53.81999969482422,53.529998779296875,53.54999923706055,22186,0.0,0.0
2024-06-03 10:50:00-04:00,53.599998474121094,53.599998474121094,53.31999969482422,53.38999938964844,25898,0.0,0.0
2024-06-03 10:55:00-04:00,53.375,53.75,53.27000045776367,53.619998931884766,70484,0.0,0.0
2024-06-03 11:00:00-04:00,53.630001068115234,53.79999923706055,53.61000061035156,53.647098541259766,79446,0.0,0.0
2024-06-03 11:05:00-04:00,53.64500045776367,53.689998626708984,53.529998779296875,53.584999084472656,30200,0.0,0.0
2024-06-03 11:10:00-04:00,53.51499938964844,53.599998474121094,53.5,53.55500030517578,12280,0.0,0.0
2024-06-03 11:15:00-04:00,53.5099983215332,53.73509979248047,53.4900016784668,53.72999954223633,23776,0.0,0.0
2024-06-03 11:20:00-04:00,53.7400016784668,53.7400016784668,53.630001068115234,53.665000915527344,11834,0.0,0.0
2024-06-03 11:25:00-04:00,53.650001525878906,53.650001525878906,53.529998779296875,53.619998931884766,21268,0.0,0.0
2024-06-03 11:30:00-04:00,53.63999938964844,53.70000076293945,53.5,53.5099983215332,29718,0.0,0.0
2024-06-03 11:35:00-04:00,53.4900016784668,53.6349983215332,53.4900016784668,53.59000015258789,12935,0.0,0.0
2024-06-03 11:40:00-04:00,53.584999084472656,53.61000061035156,53.52000045776367,53.525001525878906,7535,0.0,0.0
2024-06-03 11:45:00-04:00,53.540000915527344,53.619998931884766,53.529998779296875,53.619998931884766,8601,0.0,0.0
2024-06-03 11:50:00-04:00,53.61000061035156,53.650001525878906,53.5901985168457,53.63999938964844,15433,0.0,0.0
2024-06-03 11:55:00-04:00,53.599998474121094,53.630001068115234,53.54999923706055,53.58000183105469,20206,0.0,0.0
2024-06-03 12:00:00-04:00,53.59000015258789,53.650001525878906,53.54499816894531,53.630001068115234,16255,0.0,0.0
2024-06-03 12:05:00-04:00,53.619998931884766,53.63999938964844,53.599998474121094,53.619998931884766,9900,0.0,0.0
2024-06-03 12:10:00-04:00,53.650001525878906,53.650001525878906,53.439998626708984,53.5,17468,0.0,0.0
2024-06-03 12:15:00-04:00,53.5099983215332,53.54999923706055,53.459999084472656,53.470001220703125,9441,0.0,0.0
2024-06-03 12:20:00-04:00,53.470001220703125,53.470001220703125,53.279998779296875,53.33000183105469,10549,0.0,0.0
2024-06-03 12:25:00-04:00,53.339900970458984,53.34000015258789,53.27000045776367,53.290000915527344,10517,0.0,0.0
2024-06-03 12:30:00-04:00,53.279998779296875,53.279998779296875,53.099998474121094,53.189998626708984,19670,0.0,0.0
2024-06-03 12:35:00-04:00,53.20000076293945,53.25,53.20000076293945,53.2400016784668,34056,0.0,0.0
2024-06-03 12:40:00-04:00,53.25,53.310001373291016,53.09000015258789,53.13999938964844,58232,0.0,0.0
2024-06-03 12:45:00-04:00,53.150001525878906,53.22999954223633,53.04999923706055,53.130001068115234,68526,0.0,0.0
2024-06-03 12:50:00-04:00,53.11000061035156,53.18000030517578,53.060001373291016,53.13999938964844,15981,0.0,0.0
2024-06-03 12:55:00-04:00,53.130001068115234,53.20000076293945,53.119998931884766,53.16999816894531,8550,0.0,0.0
2024-06-03 13:00:00-04:00,53.20000076293945,53.25,53.13999938964844,53.13999938964844,19233,0.0,0.0
2024-06-03 13:05:00-04:00,53.119998931884766,53.220001220703125,53.11000061035156,53.13999938964844,9121,0.0,0.0
2024-06-03 13:10:00-04:00,53.15999984741211,53.15999984741211,53.11000061035156,53.11000061035156,11314,0.0,0.0
2024-06-03 13:15:00-04:00,53.119998931884766,53.2234992980957,53.029998779296875,53.189998626708984,17358,0.0,0.0
2024-06-03 13:20:00-04:00,53.18000030517578,53.18000030517578,52.970001220703125,53.04999923706055,22913,0.0,0.0
2024-06-03 13:25:00-04:00,53.040000915527344,53.099998474121094,53.0099983215332,53.02000045776367,19510,0.0,0.0
2024-06-03 13:30:00-04:00,53.04990005493164,53.04990005493164,52.90999984741211,52.94499969482422,24543,0.0,0.0
2024-06-03 13:35:00-04:00,52.91999816894531,52.95000076293945,52.849998474121094,52.86000061035156,14651,0.0,0.0
2024-06-03 13:40:00-04:00,52.85499954223633,52.88999938964844,52.77000045776367,52.849998474121094,16477,0.0,0.0
2024-06-03 13:45:00-04:00,52.849998474121094,52.900001525878906,52.810001373291016,52.825401306152344,11409,0.0,0.0
2024-06-03 13:50:00-04:00,52.83000183105469,52.92499923706055,52.7577018737793,52.92499923706055,17107,0.0,0.0
2024-06-03 13:55:00-04:00,52.939998626708984,52.9900016784668,52.869998931884766,52.900001525878906,14555,0.0,0.0
2024-06-03 14:00:00-04:00,52.93000030517578,52.93000030517578,52.779998779296875,52.83000183105469,16160,0.0,0.0
2024-06-03 14:05:00-04:00,52.83000183105469,52.86000061035156,52.77000045776367,52.849998474121094,12526,0.0,0.0
2024-06-03 14:10:00-04:00,52.875,52.8849983215332,52.56999969482422,52.58000183105469,50315,0.0,0.0
2024-06-03 14:15:00-04:00,52.56999969482422,52.70000076293945,52.5099983215332,52.66999816894531,58976,0.0,0.0
2024-06-03 14:20:00-04:00,52.63010025024414,52.720001220703125,52.63010025024414,52.70000076293945,23483,0.0,0.0
2024-06-03 14:25:00-04:00,52.69499969482422,52.70500183105469,52.540000915527344,52.54999923706055,22703,0.0,0.0
2024-06-03 14:30:00-04:00,52.560001373291016,52.68000030517578,52.5,52.65999984741211,40027,0.0,0.0
2024-06-03 14:35:00-04:00,52.65999984741211,52.68000030517578,52.45000076293945,52.61000061035156,60926,0.0,0.0
2024-06-03 14:40:00-04:00,52.59000015258789,52.650001525878906,52.54010009765625,52.58000183105469,39008,0.0,0.0
2024-06-03 14:45:00-04:00,52.54999923706055,52.54999923706055,52.459999084472656,52.470001220703125,30525,0.0,0.0
2024-06-03 14:50:00-04:00,52.4900016784668,52.560001373291016,52.40909957885742,52.5,25556,0.0,0.0
2024-06-03 14:55:00-04:00,52.5,52.5099983215332,52.35499954223633,52.5,39845,0.0,0.0
2024-06-03 15:00:00-04:00,52.540000915527344,52.86000061035156,52.484500885009766,52.689998626708984,111805,0.0,0.0
2024-06-03 15:05:00-04:00,52.709999084472656,52.849998474121094,52.63999938964844,52.66999816894531,21162,0.0,0.0
2024-06-03 15:10:00-04:00,52.665000915527344,52.779998779296875,52.650001525878906,52.75,13370,0.0,0.0
2024-06-03 15:15:00-04:00,52.7400016784668,52.834999084472656,52.709999084472656,52.72999954223633,16400,0.0,0.0
2024-06-03 15:20:00-04:00,52.73500061035156,52.849998474121094,52.68000030517578,52.72999954223633,52260,0.0,0.0
2024-06-03 15:25:00-04:00,52.709999084472656,52.939998626708984,52.70000076293945,52.939998626708984,73255,0.0,0.0
2024-06-03 15:30:00-04:00,52.95000076293945,53.02000045776367,52.779998779296875,52.80500030517578,44586,0.0,0.0
2024-06-03 15:35:00-04:00,52.79999923706055,52.875,52.7400016784668,52.7599983215332,99192,0.0,0.0
2024-06-03 15:40:00-04:00,52.76499938964844,53.0099983215332,52.7400016784668,52.9900016784668,87403,0.0,0.0
2024-06-03 15:45:00-04:00,52.97999954223633,53.2400016784668,52.880001068115234,53.189998626708984,170214,0.0,0.0
2024-06-03 15:50:00-04:00,53.220001220703125,53.380001068115234,53.18000030517578,53.22999954223633,109085,0.0,0.0
2024-06-03 15:55:00-04:00,53.33000183105469,53.4900016784668,53.25,53.41999816894531,279656,0.0,0.0
2024-06-04 09:30:00-04:00,53.77000045776367,53.869998931884766,53.5,53.869998931884766,33497,0.0,0.0
2024-06-04 09:35:00-04:00,53.834999084472656,53.834999084472656,53.25189971923828,53.25189971923828,24089,0.0,0.0
2024-06-04 09:40:00-04:00,53.15999984741211,53.400001525878906,53.15999984741211,53.30500030517578,20550,0.0,0.0
2024-06-04 09:45:00-04:00,53.273399353027344,53.68000030517578,53.273399353027344,53.6150016784668,30903,0.0,0.0
2024-06-04 09:50:00-04:00,53.619998931884766,53.70000076293945,53.5255012512207,53.5255012512207,21590,0.0,0.0
2024-06-04 09:55:00-04:00,53.58000183105469,53.790000915527344,53.560001373291016,53.790000915527344,39901,0.0,0.0
2024-06-04 10:00:00-04:00,53.849998474121094,54.04499816894531,53.77619934082031,53.77619934082031,104086,0.0,0.0
2024-06-04 10:05:00-04:00,53.77000045776367,53.81999969482422,53.689998626708984,53.79499816894531,81403,0.0,0.0
2024-06-04 10:10:00-04:00,53.790000915527344,53.849998474121094,53.650001525878906,53.66999816894531,46137,0.0,0.0
2024-06-04 10:15:00-04:00,53.709999084472656,54.0099983215332,53.709999084472656,53.90999984741211,18565,0.0,0.0
2024-06-04 10:20:00-04:00,53.97999954223633,53.97999954223633,53.83000183105469,53.83000183105469,7685,0.0,0.0
2024-06-04 10:25:00-04:00,53.84000015258789,53.90999984741211,53.70000076293945,53.70000076293945,16917,0.0,0.0
2024-06-04 10:30:00-04:00,53.65999984741211,53.73500061035156,53.630001068115234,53.63999938964844,8200,0.0,0.0
2024-06-04 10:35:00-04:00,53.643798828125,53.65999984741211,53.540000915527344,53.540000915527344,8740,0.0,0.0
2024-06-04 10:40:00-04:00,53.599998474121094,53.630001068115234,53.45500183105469,53.5,19299,0.0,0.0
2024-06-04 10:45:00-04:00,53.47999954223633,53.589900970458984,53.459999084472656,53.5,19305,0.0,0.0
2024-06-04 10:50:00-04:00,53.51499938964844,53.54999923706055,53.43000030517578,53.54499816894531,14423,0.0,0.0
2024-06-04 10:55:00-04:00,53.54999923706055,53.564998626708984,53.369998931884766,53.38999938964844,22839,0.0,0.0
2024-06-04 11:00:00-04:00,53.36000061035156,53.415000915527344,53.22010040283203,53.290000915527344,34651,0.0,0.0
2024-06-04 11:05:00-04:00,53.290000915527344,53.400001525878906,53.2599983215332,53.29999923706055,8031,0.0,0.0
2024-06-04 11:10:00-04:00,53.31010055541992,53.32500076293945,53.27000045776367,53.27000045776367,5835,0.0,0.0
2024-06-04 11:15:00-04:00,53.2599983215332,53.310001373291016,53.2599983215332,53.29999923706055,6447,0.0,0.0
2024-06-04 11:20:00-04:00,53.31999969482422,53.3650016784668,53.31999969482422,53.36000061035156,10058,0.0,0.0
2024-06-04 11:25:00-04:00,53.349998474121094,53.35499954223633,53.27000045776367,53.27000045776367,10398,0.0,0.0
2024-06-04 11:30:00-04:00,53.2400016784668,53.439998626708984,53.209999084472656,53.39500045776367,31379,0.0,0.0
2024-06-04 11:35:00-04:00,53.380001068115234,53.40999984741211,53.29999923706055,53.40999984741211,23016,0.0,0.0
2024-06-04 11:40:00-04:00,53.400001525878906,53.42499923706055,53.33000183105469,53.3849983215332,15228,0.0,0.0
2024-06-04 11:45:00-04:00,53.40999984741211,53.46500015258789,53.38999938964844,53.400001525878906,32488,0.0,0.0
2024-06-04 11:50:00-04:00,53.470001220703125,53.599998474121094,53.470001220703125,53.540000915527344,24692,0.0,0.0
2024-06-04 11:55:00-04:00,53.529998779296875,53.59000015258789,53.470001220703125,53.4900016784668,26730,0.0,0.0
2024-06-04 12:00:00-04:00,53.5099983215332,53.529998779296875,53.43000030517578,53.47999954223633,15882,0.0,0.0
2024-06-04 12:05:00-04:00,53.480098724365234,53.54999923706055,53.369998931884766,53.45000076293945,19557,0.0,0.0
2024-06-04 12:10:00-04:00,53.435001373291016,53.435001373291016,53.36000061035156,53.36000061035156,10028,0.0,0.0
2024-06-04 12:15:00-04:00,53.36000061035156,53.400001525878906,53.36000061035156,53.400001525878906,6728,0.0,0.0
2024-06-04 12:20:00-04:00,53.40999984741211,53.419898986816406,53.36000061035156,53.38240051269531,8885,0.0,0.0
2024-06-04 12:25:00-04:00,53.36589813232422,53.459999084472656,53.36589813232422,53.459999084472656,7362,0.0,0.0
2024-06-04 12:30:00-04:00,53.45000076293945,53.5,53.439998626708984,53.48500061035156,4444,0.0,0.0
2024-06-04 12:35:00-04:00,53.470401763916016,53.625,53.459999084472656,53.560001373291016,41929,0.0,0.0
2024-06-04 12:40:00-04:00,53.57500076293945,53.58000183105469,53.47999954223633,53.560001373291016,16950,0.0,0.0
2024-06-04 12:45:00-04:00,53.58000183105469,53.58000183105469,53.40999984741211,53.40999984741211,14338,0.0,0.0
2024-06-04 12:50:00-04:00,53.400001525878906,53.40999984741211,53.369998931884766,53.400001525878906,10803,0.0,0.0
2024-06-04 12:55:00-04:00,53.400001525878906,53.404998779296875,53.380001068115234,53.400001525878906,10221,0.0,0.0
2024-06-04 13:00:00-04:00,53.38999938964844,53.41999816894531,53.369998931884766,53.415000915527344,6283,0.0,0.0
2024-06-04 13:05:00-04:00,53.415000915527344,53.415000915527344,53.220001220703125,53.220001220703125,17387,0.0,0.0
2024-06-04 13:10:00-04:00,53.25,53.470001220703125,53.244998931884766,53.45000076293945,10951,0.0,0.0
2024-06-04 13:15:00-04:00,53.459999084472656,53.5,53.44900131225586,53.459999084472656,7813,0.0,0.0
2024-06-04 13:20:00-04:00,53.470001220703125,53.5,53.439998626708984,53.45000076293945,10008,0.0,0.0
2024-06-04 13:25:00-04:00,53.432899475097656,53.505001068115234,53.432899475097656,53.48500061035156,15743,0.0,0.0
2024-06-04 13:30:00-04:00,53.48500061035156,53.4900016784668,53.45500183105469,53.4900016784668,8381,0.0,0.0
2024-06-04 13:35:00-04:00,53.470001220703125,53.47999954223633,53.41999816894531,53.45000076293945,16460,0.0,0.0
2024-06-04 13:40:00-04:00,53.459999084472656,53.5,53.43000030517578,53.43000030517578,10567,0.0,0.0
2024-06-04 13:45:00-04:00,53.439998626708984,53.52000045776367,53.439998626708984,53.48500061035156,19024,0.0,0.0
2024-06-04 13:50:00-04:00,53.470001220703125,53.474998474121094,53.34000015258789,53.34000015258789,8240,0.0,0.0
2024-06-04 13:55:00-04:00,53.36899948120117,53.40999984741211,53.36000061035156,53.40999984741211,9264,0.0,0.0
2024-06-04 14:00:00-04:00,53.39500045776367,53.5099983215332,53.39500045776367,53.470001220703125,11355,0.0,0.0
2024-06-04 14:05:00-04:00,53.470001220703125,53.470001220703125,53.400001525878906,53.42499923706055,12881,0.0,0.0
2024-06-04 14:10:00-04:00,53.439998626708984,53.439998626708984,53.369998931884766,53.400001525878906,8011,0.0,0.0
2024-06-04 14:15:00-04:00,53.40999984741211,53.46500015258789,53.40999984741211,53.439998626708984,10642,0.0,0.0
2024-06-04 14:20:00-04:00,53.45500183105469,53.5099983215332,53.45500183105469,53.470001220703125,9142,0.0,0.0
2024-06-04 14:25:00-04:00,53.47999954223633,53.47999954223633,53.41999816894531,53.470001220703125,9005,0.0,0.0
2024-06-04 14:30:00-04:00,53.47999954223633,53.5,53.439998626708984,53.470001220703125,10305,0.0,0.0
2024-06-04 14:35:00-04:00,53.47999954223633,53.47999954223633,53.439998626708984,53.46500015258789,7747,0.0,0.0
2024-06-04 14:40:00-04:00,53.459999084472656,53.5099983215332,53.40999984741211,53.505001068115234,18315,0.0,0.0
2024-06-04 14:45:00-04:00,53.505001068115234,53.505001068115234,53.439998626708984,53.459999084472656,9388,0.0,0.0
2024-06-04 14:50:00-04:00,53.470001220703125,53.5099983215332,53.459999084472656,53.459999084472656,10346,0.0,0.0
2024-06-04 14:55:00-04:00,53.45000076293945,53.45000076293945,53.400001525878906,53.400001525878906,12031,0.0,0.0
2024-06-04 15:00:00-04:00,53.40999984741211,53.40999984741211,53.25,53.2599983215332,15642,0.0,0.0
2024-06-04 15:05:00-04:00,53.2599983215332,53.33000183105469,53.22999954223633,53.290000915527344,18637,0.0,0.0
2024-06-04 15:10:00-04:00,53.29999923706055,53.29999923706055,53.220001220703125,53.2400016784668,15626,0.0,0.0
2024-06-04 15:15:00-04:00,53.244998931884766,53.287498474121094,53.22999954223633,53.23320007324219,30240,0.0,0.0
2024-06-04 15:20:00-04:00,53.22999954223633,53.2400016784668,53.20000076293945,53.22999954223633,17452,0.0,0.0
2024-06-04 15:25:00-04:00,53.220001220703125,53.31999969482422,53.220001220703125,53.279998779296875,19462,0.0,0.0
2024-06-04 15:30:00-04:00,53.27000045776367,53.27000045776367,53.16999816894531,53.18000030517578,28335,0.0,0.0
2024-06-04 15:35:00-04:00,53.16999816894531,53.189998626708984,53.130001068115234,53.13999938964844,22071,0.0,0.0
2024-06-04 15:40:00-04:00,53.150001525878906,53.17499923706055,53.099998474121094,53.150001525878906,28528,0.0,0.0
2024-06-04 15:45:00-04:00,53.13999938964844,53.189998626708984,53.099998474121094,53.1349983215332,46244,0.0,0.0
2024-06-04 15:50:00-04:00,53.150001525878906,53.31999969482422,53.150001525878906,53.25,137099,0.0,0.0
2024-06-04 15:55:00-04:00,53.2599983215332,53.2599983215332,53.15999984741211,53.189998626708984,186175,0.0,0.0
2024-06-05 09:30:00-04:00,53.400001525878906,53.65999984741211,53.099998474121094,53.099998474121094,49332,0.0,0.0
2024-06-05 09:35:00-04:00,53.099998474121094,53.119998931884766,52.83000183105469,53.09000015258789,33237,0.0,0.0
2024-06-05 09:40:00-04:00,53.189998626708984,53.2400016784668,53.02000045776367,53.060001373291016,15955,0.0,0.0
2024-06-05 09:45:00-04:00,53.029998779296875,53.38999938964844,53.0099983215332,53.38999938964844,24607,0.0,0.0
2024-06-05 09:50:00-04:00,53.36000061035156,53.57500076293945,53.320098876953125,53.4900016784668,18814,0.0,0.0
2024-06-05 09:55:00-04:00,53.43000030517578,53.7400016784668,53.415000915527344,53.52000045776367,24630,0.0,0.0
2024-06-05 10:00:00-04:00,53.459999084472656,53.55500030517578,53.41999816894531,53.5099983215332,26577,0.0,0.0
2024-06-05 10:05:00-04:00,53.459999084472656,53.529998779296875,53.40999984741211,53.42499923706055,14048,0.0,0.0
2024-06-05 10:10:00-04:00,53.439998626708984,53.560001373291016,53.400001525878906,53.5,13941,0.0,0.0
2024-06-05 10:15:00-04:00,53.5,53.540000915527344,53.349998474121094,53.380001068115234,22816,0.0,0.0
2024-06-05 10:20:00-04:00,53.38990020751953,53.46500015258789,53.33000183105469,53.380001068115234,17364,0.0,0.0
2024-06-05 10:25:00-04:00,53.409000396728516,53.46500015258789,53.349998474121094,53.41999816894531,21073,0.0,0.0
2024-06-05 10:30:00-04:00,53.44499969482422,53.459999084472656,53.33000183105469,53.459999084472656,11588,0.0,0.0
2024-06-05 10:35:00-04:00,53.45500183105469,53.52000045776367,53.43000030517578,53.43000030517578,16016,0.0,0.0
2024-06-05 10:40:00-04:00,53.47999954223633,53.4900016784668,53.349998474121094,53.43000030517578,15509,0.0,0.0
2024-06-05 10:45:00-04:00,53.39500045776367,53.599998474121094,53.39500045776367,53.54999923706055,27989,0.0,0.0
2024-06-05 10:50:00-04:00,53.54999923706055,53.56990051269531,53.400001525878906,53.40999984741211,129249,0.0,0.0
2024-06-05 10:55:00-04:00,53.369998931884766,53.44499969482422,53.33000183105469,53.44499969482422,13783,0.0,0.0
2024-06-05 11:00:00-04:00,53.439998626708984,53.505001068115234,53.439998626708984,53.47999954223633,6639,0.0,0.0
2024-06-05 11:05:00-04:00,53.47999954223633,53.560001373291016,53.47999954223633,53.540000915527344,54319,0.0,0.0
2024-06-05 11:10:00-04:00,53.540000915527344,53.70500183105469,53.52000045776367,53.6697998046875,39154,0.0,0.0
2024-06-05 11:15:00-04:00,53.665000915527344,53.75,53.61000061035156,53.61000061035156,12628,0.0,0.0
2024-06-05 11:20:00-04:00,53.619998931884766,53.654998779296875,53.56999969482422,53.599998474121094,9678,0.0,0.0
2024-06-05 11:25:00-04:00,53.58000183105469,53.599998474121094,53.38999938964844,53.38999938964844,15069,0.0,0.0
2024-06-05 11:30:00-04:00,53.38999938964844,53.400001525878906,53.2400016784668,53.2400016784668,22619,0.0,0.0
2024-06-05 11:35:00-04:00,53.244998931884766,53.29999923706055,53.22999954223633,53.279998779296875,11778,0.0,0.0
2024-06-05 11:40:00-04:00,53.279998779296875,53.529998779296875,53.27000045776367,53.51499938964844,6889,0.0,0.0
2024-06-05 11:45:00-04:00,53.54990005493164,53.58000183105469,53.43000030517578,53.459999084472656,15122,0.0,0.0
2024-06-05 11:50:00-04:00,53.47999954223633,53.58000183105469,53.47999954223633,53.564998626708984,10041,0.0,0.0
2024-06-05 11:55:00-04:00,53.584999084472656,53.63999938964844,53.5099983215332,53.625,16082,0.0,0.0
2024-06-05 12:00:00-04:00,53.625,53.709999084472656,53.59600067138672,53.599998474121094,18631,0.0,0.0
2024-06-05 12:05:00-04:00,53.61000061035156,53.75,53.59000015258789,53.72999954223633,21620,0.0,0.0
2024-06-05 12:10:00-04:00,53.75,53.75,53.650001525878906,53.650001525878906,16246,0.0,0.0
2024-06-05 12:15:00-04:00,53.65999984741211,53.68000030517578,53.599998474121094,53.63999938964844,8600,0.0,0.0
2024-06-05 12:20:00-04:00,53.63999938964844,53.65999984741211,53.61000061035156,53.650001525878906,5988,0.0,0.0
2024-06-05 12:25:00-04:00,53.65999984741211,53.73500061035156,53.59000015258789,53.73500061035156,21571,0.0,0.0
2024-06-05 12:30:00-04:00,53.73500061035156,53.75,53.62120056152344,53.709999084472656,17162,0.0,0.0
2024-06-05 12:35:00-04:00,53.709999084472656,53.72990036010742,53.619998931884766,53.650001525878906,9463,0.0,0.0
2024-06-05 12:40:00-04:00,53.66999816894531,53.66999816894531,53.619998931884766,53.66999816894531,7896,0.0,0.0
2024-06-05 12:45:00-04:00,53.66999816894531,53.71989822387695,53.66999816894531,53.71989822387695,4689,0.0,0.0
2024-06-05 12:50:00-04:00,53.70000076293945,53.7400016784668,53.689998626708984,53.720001220703125,12350,0.0,0.0
2024-06-05 12:55:00-04:00,53.72999954223633,53.74399948120117,53.599998474121094,53.599998474121094,16856,0.0,0.0
2024-06-05 13:00:00-04:00,53.599998474121094,53.630001068115234,53.58000183105469,53.630001068115234,6530,0.0,0.0
2024-06-05 13:05:00-04:00,53.630001068115234,53.66999816894531,53.619998931884766,53.65999984741211,9607,0.0,0.0
2024-06-05 13:10:00-04:00,53.689998626708984,53.749900817871094,53.685001373291016,53.709999084472656,10982,0.0,0.0
2024-06-05 13:15:00-04:00,53.71500015258789,53.7400016784668,53.70000076293945,53.724998474121094,8857,0.0,0.0
2024-06-05 13:20:00-04:00,53.709999084472656,53.709999084472656,53.61000061035156,53.67499923706055,11393,0.0,0.0
2024-06-05 13:25:00-04:00,53.67499923706055,53.7400016784668,53.67499923706055,53.7400016784668,8773,0.0,0.0
2024-06-05 13:30:00-04:00,53.75,53.810001373291016,53.72999954223633,53.78499984741211,26204,0.0,0.0
2024-06-05 13:35:00-04:00,53.79999923706055,53.79999923706055,53.7400016784668,53.7599983215332,13888,0.0,0.0
2024-06-05 13:40:00-04:00,53.77000045776367,53.849998474121094,53.77000045776367,53.849998474121094,53936,0.0,0.0
2024-06-05 13:45:00-04:00,53.849998474121094,53.90999984741211,53.834999084472656,53.86000061035156,54381,0.0,0.0
2024-06-05 13:50:00-04:00,53.86000061035156,54.06999969482422,53.86000061035156,53.959999084472656,35934,0.0,0.0
2024-06-05 13:55:00-04:00,53.970001220703125,54.02000045776367,53.849998474121094,53.869998931884766,22829,0.0,0.0
2024-06-05 14:00:00-04:00,53.86050033569336,53.8849983215332,53.845001220703125,53.8650016784668,9486,0.0,0.0
2024-06-05 14:05:00-04:00,53.87990188598633,53.880001068115234,53.779998779296875,53.80500030517578,18484,0.0,0.0
2024-06-05 14:10:00-04:00,53.81999969482422,53.88999938964844,53.810001373291016,53.864601135253906,18464,0.0,0.0
2024-06-05 14:15:00-04:00,53.875,53.91999816894531,53.85749816894531,53.90999984741211,35068,0.0,0.0
2024-06-05 14:20:00-04:00,53.90999984741211,53.9900016784668,53.86000061035156,53.8650016784668,38715,0.0,0.0
2024-06-05 14:25:00-04:00,53.869998931884766,54.060001373291016,53.86330032348633,53.994998931884766,16303,0.0,0.0
2024-06-05 14:30:00-04:00,53.995399475097656,54.025001525878906,53.95000076293945,53.9900016784668,43390,0.0,0.0
2024-06-05 14:35:00-04:00,53.9900016784668,54.025001525878906,53.915000915527344,53.93000030517578,52653,0.0,0.0
2024-06-05 14:40:00-04:00,53.91999816894531,53.93000030517578,53.880001068115234,53.90999984741211,30579,0.0,0.0
2024-06-05 14:45:00-04:00,53.90999984741211,53.939998626708984,53.900001525878906,53.900001525878906,17723,0.0,0.0
2024-06-05 14:50:00-04:00,53.904998779296875,54.04499816894531,53.88999938964844,54.0,42930,0.0,0.0
2024-06-05 14:55:00-04:00,54.0,54.0,53.900001525878906,53.900001525878906,16017,0.0,0.0
2024-06-05 15:00:00-04:00,53.88999938964844,53.89229965209961,53.83000183105469,53.845001220703125,19166,0.0,0.0
2024-06-05 15:05:00-04:00,53.849998474121094,53.900001525878906,53.82500076293945,53.8650016784668,27872,0.0,0.0
2024-06-05 15:10:00-04:00,53.85710144042969,53.900001525878906,53.84000015258789,53.840999603271484,21617,0.0,0.0
2024-06-05 15:15:00-04:00,53.845001220703125,53.85499954223633,53.81999969482422,53.81999969482422,17707,0.0,0.0
2024-06-05 15:20:00-04:00,53.82500076293945,53.82500076293945,53.77000045776367,53.81999969482422,22160,0.0,0.0
2024-06-05 15:25:00-04:00,53.810001373291016,53.810001373291016,53.72999954223633,53.72999954223633,33929,0.0,0.0
2024-06-05 15:30:00-04:00,53.709999084472656,53.709999084472656,53.654998779296875,53.67409896850586,17380,0.0,0.0
2024-06-05 15:35:00-04:00,53.689998626708984,53.849998474121094,53.689998626708984,53.83000183105469,46960,0.0,0.0
2024-06-05 15:40:00-04:00,53.84000015258789,53.84000015258789,53.72999954223633,53.72999954223633,67514,0.0,0.0
2024-06-05 15:45:00-04:00,53.7400016784668,53.77000045776367,53.689998626708984,53.689998626708984,55823,0.0,0.0
2024-06-05 15:50:00-04:00,53.709999084472656,53.83000183105469,53.689998626708984,53.75,141440,0.0,0.0
2024-06-05 15:55:00-04:00,53.65999984741211,53.74399948120117,53.439998626708984,53.59000015258789,514251,0.0,0.0
2024-06-06 09:30:00-04:00,53.96289825439453,53.9900016784668,53.529998779296875,53.86989974975586,129622,0.0,0.0
2024-06-06 09:35:00-04:00,53.84000015258789,54.349998474121094,53.7599983215332,54.2599983215332,91513,0.0,0.0
2024-06-06 09:40:00-04:00,54.349998474121094,54.5,54.16999816894531,54.31999969482422,76236,0.0,0.0
2024-06-06 09:45:00-04:00,54.31999969482422,54.59000015258789,54.130001068115234,54.59000015258789,57665,0.0,0.0
2024-06-06 09:50:00-04:00,54.59000015258789,54.619998931884766,54.310001373291016,54.4900016784668,43032,0.0,0.0
2024-06-06 09:55:00-04:00,54.5,54.54999923706055,54.27000045776367,54.3650016784668,43453,0.0,0.0
2024-06-06 10:00:00-04:00,54.3650016784668,54.43000030517578,54.279998779296875,54.404998779296875,39796,0.0,0.0
2024-06-06 10:05:00-04:00,54.3650016784668,54.51499938964844,54.34000015258789,54.470001220703125,81847,0.0,0.0
2024-06-06 10:10:00-04:00,54.460601806640625,54.540000915527344,54.40999984741211,54.40999984741211,39420,0.0,0.0
2024-06-06 10:15:00-04:00,54.41999816894531,54.41999816894531,54.279998779296875,54.369998931884766,27758,0.0,0.0
2024-06-06 10:20:00-04:00,54.380001068115234,54.66999816894531,54.31999969482422,54.654998779296875,55472,0.0,0.0
2024-06-06 10:25:00-04:00,54.630001068115234,54.7599983215332,54.529998779296875,54.689998626708984,89721,0.0,0.0
2024-06-06 10:30:00-04:00,54.679901123046875,54.679901123046875,54.334999084472656,54.36000061035156,31654,0.0,0.0
2024-06-06 10:35:00-04:00,54.36000061035156,54.4900016784668,54.349998474121094,54.349998474121094,63704,0.0,0.0
2024-06-06 10:40:00-04:00,54.349998474121094,54.470001220703125,54.310001373291016,54.38999938964844,49059,0.0,0.0
2024-06-06 10:45:00-04:00,54.41999816894531,54.439998626708984,54.279998779296875,54.35499954223633,29914,0.0,0.0
2024-06-06 10:50:00-04:00,54.380001068115234,54.380001068115234,54.150001525878906,54.25,30366,0.0,0.0
2024-06-06 10:55:00-04:00,54.220001220703125,54.2599983215332,54.060001373291016,54.060001373291016,36879,0.0,0.0
2024-06-06 11:00:00-04:00,54.04499816894531,54.119998931884766,54.03499984741211,54.06999969482422,33459,0.0,0.0
2024-06-06 11:05:00-04:00,54.08000183105469,54.119998931884766,53.93000030517578,53.970001220703125,62472,0.0,0.0
2024-06-06 11:10:00-04:00,53.93989944458008,53.95000076293945,53.689998626708984,53.77989959716797,136630,0.0,0.0
2024-06-06 11:15:00-04:00,53.779701232910156,53.900001525878906,53.7400016784668,53.8650016784668,26201,0.0,0.0
2024-06-06 11:20:00-04:00,53.88999938964844,54.099998474121094,53.8849983215332,53.959999084472656,69520,0.0,0.0
2024-06-06 11:25:00-04:00,53.970001220703125,54.09000015258789,53.939998626708984,54.06999969482422,53480,0.0,0.0
2024-06-06 11:30:00-04:00,54.04999923706055,54.20000076293945,54.029998779296875,54.09000015258789,64936,0.0,0.0
2024-06-06 11:35:00-04:00,54.058998107910156,54.279998779296875,54.04999923706055,54.22999954223633,25658,0.0,0.0
2024-06-06 11:40:00-04:00,54.25,54.262001037597656,54.125,54.125,49375,0.0,0.0
2024-06-06 11:45:00-04:00,54.130001068115234,54.209999084472656,54.130001068115234,54.209999084472656,22173,0.0,0.0
2024-06-06 11:50:00-04:00,54.209999084472656,54.25,54.15999984741211,54.244998931884766,28045,0.0,0.0
2024-06-06 11:55:00-04:00,54.244998931884766,54.34000015258789,54.22999954223633,54.2400016784668,104953,0.0,0.0
2024-06-06 12:00:00-04:00,54.2599983215332,54.33000183105469,54.209999084472656,54.31999969482422,39717,0.0,0.0
2024-06-06 12:05:00-04:00,54.36000061035156,54.369998931884766,54.25,54.310001373291016,39655,0.0,0.0
2024-06-06 12:10:00-04:00,54.290000915527344,54.30289840698242,54.189998626708984,54.23500061035156,18441,0.0,0.0
2024-06-06 12:15:00-04:00,54.23939895629883,54.45000076293945,54.22999954223633,54.44599914550781,44891,0.0,0.0
2024-06-06 12:20:00-04:00,54.43000030517578,54.459999084472656,54.40060043334961,54.45000076293945,23107,0.0,0.0
2024-06-06 12:25:00-04:00,54.451499938964844,54.529998779296875,54.45000076293945,54.470001220703125,25934,0.0,0.0
2024-06-06 12:30:00-04:00,54.48500061035156,54.599998474121094,54.470001220703125,54.58000183105469,28495,0.0,0.0
2024-06-06 12:35:00-04:00,54.58000183105469,54.61000061035156,54.52000045776367,54.529998779296875,24220,0.0,0.0
2024-06-06 12:40:00-04:00,54.54990005493164,54.59000015258789,54.4900016784668,54.54759979248047,47985,0.0,0.0
2024-06-06 12:45:00-04:00,54.529998779296875,54.560001373291016,54.474998474121094,54.510101318359375,27697,0.0,0.0
2024-06-06 12:50:00-04:00,54.529998779296875,54.599998474121094,54.505001068115234,54.58000183105469,26906,0.0,0.0
2024-06-06 12:55:00-04:00,54.55009841918945,54.58000183105469,54.540000915527344,54.54999923706055,12117,0.0,0.0
2024-06-06 13:00:00-04:00,54.560001373291016,54.68000030517578,54.54999923706055,54.599998474121094,43106,0.0,0.0
2024-06-06 13:05:00-04:00,54.59000015258789,54.63999938964844,54.5,54.559898376464844,25407,0.0,0.0
2024-06-06 13:10:00-04:00,54.555198669433594,54.590301513671875,54.52000045776367,54.59000015258789,32577,0.0,0.0
2024-06-06 13:15:00-04:00,54.599998474121094,54.599998474121094,54.52000045776367,54.52000045776367,31338,0.0,0.0
2024-06-06 13:20:00-04:00,54.5099983215332,54.5099983215332,54.369998931884766,54.399898529052734,24418,0.0,0.0
2024-06-06 13:25:00-04:00,54.369998931884766,54.470001220703125,54.34000015258789,54.38240051269531,39448,0.0,0.0
2024-06-06 13:30:00-04:00,54.36800003051758,54.470001220703125,54.31999969482422,54.400001525878906,75286,0.0,0.0
2024-06-06 13:35:00-04:00,54.380001068115234,54.45000076293945,54.22999954223633,54.369998931884766,66026,0.0,0.0
2024-06-06 13:40:00-04:00,54.36000061035156,54.529998779296875,54.36000061035156,54.529998779296875,54185,0.0,0.0
2024-06-06 13:45:00-04:00,54.52000045776367,54.59000015258789,54.40999984741211,54.40999984741211,38002,0.0,0.0
2024-06-06 13:50:00-04:00,54.45000076293945,54.56999969482422,54.40999984741211,54.54999923706055,33976,0.0,0.0
2024-06-06 13:55:00-04:00,54.564998626708984,54.60499954223633,54.5099983215332,54.56999969482422,57665,0.0,0.0
2024-06-06 14:00:00-04:00,54.55500030517578,54.56999969482422,54.38880157470703,54.38880157470703,35290,0.0,0.0
2024-06-06 14:05:00-04:00,54.380001068115234,54.41999816894531,54.30009841918945,54.369998931884766,34976,0.0,0.0
2024-06-06 14:10:00-04:00,54.369998931884766,54.470001220703125,54.36000061035156,54.44499969482422,31681,0.0,0.0
2024-06-06 14:15:00-04:00,54.41999816894531,54.560001373291016,54.41999816894531,54.529998779296875,33605,0.0,0.0
2024-06-06 14:20:00-04:00,54.55500030517578,54.66960144042969,54.5099983215332,54.609901428222656,88109,0.0,0.0
2024-06-06 14:25:00-04:00,54.595001220703125,54.61000061035156,54.45000076293945,54.48500061035156,62208,0.0,0.0
2024-06-06 14:30:00-04:00,54.48500061035156,54.59000015258789,54.48419952392578,54.529998779296875,60361,0.0,0.0
2024-06-06 14:35:00-04:00,54.52000045776367,54.59000015258789,54.51100158691406,54.57500076293945,24772,0.0,0.0
2024-06-06 14:40:00-04:00,54.59000015258789,54.630001068115234,54.529998779296875,54.529998779296875,32989,0.0,0.0
2024-06-06 14:45:00-04:00,54.540000915527344,54.630001068115234,54.529998779296875,54.59000015258789,67053,0.0,0.0
2024-06-06 14:50:00-04:00,54.59000015258789,54.599998474121094,54.5099983215332,54.54999923706055,35239,0.0,0.0
2024-06-06 14:55:00-04:00,54.54999923706055,54.59000015258789,54.5099983215332,54.58000183105469,32579,0.0,0.0
2024-06-06 15:00:00-04:00,54.58000183105469,54.654998779296875,54.56959915161133,54.630001068115234,69083,0.0,0.0
2024-06-06 15:05:00-04:00,54.6349983215332,54.685001373291016,54.619998931884766,54.630001068115234,45114,0.0,0.0
2024-06-06 15:10:00-04:00,54.630001068115234,54.63999938964844,54.540000915527344,54.540000915527344,47563,0.0,0.0
2024-06-06 15:15:00-04:00,54.529998779296875,54.540000915527344,54.33000183105469,54.400001525878906,96005,0.0,0.0
2024-06-06 15:20:00-04:00,54.400001525878906,54.409698486328125,54.290000915527344,54.31740188598633,61678,0.0,0.0
2024-06-06 15:25:00-04:00,54.31990051269531,54.45000076293945,54.3140983581543,54.439998626708984,80644,0.0,0.0
2024-06-06 15:30:00-04:00,54.43000030517578,54.52000045776367,54.41999816894531,54.4900016784668,112095,0.0,0.0
2024-06-06 15:35:00-04:00,54.4900016784668,54.63999938964844,54.47999954223633,54.5,100181,0.0,0.0
2024-06-06 15:40:00-04:00,54.4900016784668,54.529998779296875,54.41999816894531,54.47999954223633,130633,0.0,0.0
2024-06-06 15:45:00-04:00,54.459999084472656,54.51430130004883,54.410499572753906,54.51430130004883,104196,0.0,0.0
2024-06-06 15:50:00-04:00,54.5,54.65999984741211,54.45000076293945,54.5099983215332,314204,0.0,0.0
2024-06-06 15:55:00-04:00,54.5,54.70000076293945,54.439998626708984,54.619998931884766,613364,0.0,0.0
2024-06-07 09:30:00-04:00,51.23099899291992,51.380001068115234,49.11000061035156,49.599998474121094,1596234,0.0,0.0
2024-06-07 09:35:00-04:00,49.63850021362305,49.739898681640625,48.70000076293945,49.45970153808594,939212,0.0,0.0
2024-06-07 09:40:00-04:00,49.470001220703125,49.959999084472656,49.029998779296875,49.790000915527344,633570,0.0,0.0
2024-06-07 09:45:00-04:00,49.810001373291016,50.88999938964844,49.7599983215332,50.80500030517578,1079999,0.0,0.0
2024-06-07 09:50:00-04:00,50.779998779296875,50.9900016784668,50.20000076293945,50.8650016784668,755029,0.0,0.0
2024-06-07 09:55:00-04:00,50.91999816894531,50.95000076293945,49.880001068115234,50.03010177612305,437666,0.0,0.0
2024-06-07 10:00:00-04:00,50.060001373291016,50.54999923706055,49.95500183105469,50.43000030517578,281328,0.0,0.0
2024-06-07 10:05:00-04:00,50.429500579833984,50.83000183105469,50.31999969482422,50.505001068115234,309912,0.0,0.0
2024-06-07 10:10:00-04:00,50.481998443603516,50.600101470947266,49.95000076293945,50.44049835205078,391566,0.0,0.0
2024-06-07 10:15:00-04:00,50.439998626708984,50.73419952392578,50.130001068115234,50.56999969482422,237103,0.0,0.0
2024-06-07 10:20:00-04:00,50.529998779296875,50.779998779296875,50.35100173950195,50.72999954223633,255726,0.0,0.0
2024-06-07 10:25:00-04:00,50.72999954223633,50.956199645996094,50.68000030517578,50.75,311117,0.0,0.0
2024-06-07 10:30:00-04:00,50.75,51.349998474121094,50.75,51.18000030517578,356618,0.0,0.0
2024-06-07 10:35:00-04:00,51.150001525878906,51.900001525878906,50.81999969482422,51.61410140991211,618464,0.0,0.0
2024-06-07 10:40:00-04:00,51.630001068115234,51.75,51.369998931884766,51.4900016784668,287769,0.0,0.0
2024-06-07 10:45:00-04:00,51.48500061035156,51.609901428222656,50.83000183105469,50.86000061035156,424323,0.0,0.0
2024-06-07 10:50:00-04:00,50.864200592041016,51.099998474121094,50.720001220703125,50.80009841918945,199346,0.0,0.0
2024-06-07 10:55:00-04:00,50.80099868774414,51.486000061035156,50.80099868774414,51.209999084472656,261782,0.0,0.0
2024-06-07 11:00:00-04:00,51.219398498535156,51.86000061035156,51.150001525878906,51.849998474121094,241377,0.0,0.0
2024-06-07 11:05:00-04:00,51.85340118408203,51.9900016784668,51.38010025024414,51.70000076293945,290965,0.0,0.0
2024-06-07 11:10:00-04:00,51.660099029541016,51.78990173339844,51.29999923706055,51.35329818725586,110696,0.0,0.0
2024-06-07 11:15:00-04:00,51.31999969482422,51.68000030517578,51.2599983215332,51.29679870605469,111450,0.0,0.0
2024-06-07 11:20:00-04:00,51.26900100708008,51.959999084472656,51.2599983215332,51.869998931884766,159741,0.0,0.0
2024-06-07 11:25:00-04:00,51.861000061035156,52.15999984741211,51.75,51.75,260409,0.0,0.0
2024-06-07 11:30:00-04:00,51.750999450683594,51.88999938964844,51.506900787353516,51.630001068115234,111315,0.0,0.0
2024-06-07 11:35:00-04:00,51.59000015258789,51.77000045776367,51.5099983215332,51.54520034790039,74720,0.0,0.0
2024-06-07 11:40:00-04:00,51.52000045776367,51.869998931884766,51.5,51.869998931884766,134092,0.0,0.0
2024-06-07 11:45:00-04:00,51.853599548339844,52.04999923706055,51.6510009765625,51.834999084472656,141832,0.0,0.0
2024-06-07 11:50:00-04:00,51.85240173339844,52.08000183105469,51.85240173339844,51.880001068115234,104720,0.0,0.0
2024-06-07 11:55:00-04:00,51.93000030517578,51.95989990234375,51.75,51.83000183105469,78207,0.0,0.0
2024-06-07 12:00:00-04:00,51.814998626708984,51.95989990234375,51.80009841918945,51.94940185546875,44759,0.0,0.0
2024-06-07 12:05:00-04:00,51.959999084472656,52.04750061035156,51.90999984741211,51.974998474121094,78626,0.0,0.0
2024-06-07 12:10:00-04:00,51.9822998046875,52.099998474121094,51.77000045776367,51.80500030517578,115753,0.0,0.0
2024-06-07 12:15:00-04:00,51.79050064086914,52.060001373291016,51.774600982666016,52.0,102890,0.0,0.0
2024-06-07 12:20:00-04:00,52.0,52.31999969482422,52.0,52.314998626708984,174428,0.0,0.0
2024-06-07 12:25:00-04:00,52.314998626708984,52.34000015258789,51.970001220703125,52.039398193359375,184595,0.0,0.0
2024-06-07 12:30:00-04:00,51.994998931884766,52.2599983215332,51.994998931884766,52.150001525878906,88738,0.0,0.0
2024-06-07 12:35:00-04:00,52.150001525878906,52.25,51.91999816894531,52.02000045776367,91098,0.0,0.0
2024-06-07 12:40:00-04:00,52.04990005493164,52.13999938964844,52.000701904296875,52.13999938964844,69628,0.0,0.0
2024-06-07 12:45:00-04:00,52.130001068115234,52.38999938964844,52.119998931884766,52.209999084472656,129604,0.0,0.0
2024-06-07 12:50:00-04:00,52.20000076293945,52.220001220703125,52.11000061035156,52.13999938964844,65347,0.0,0.0
2024-06-07 12:55:00-04:00,52.13999938964844,52.20000076293945,52.099998474121094,52.17499923706055,82961,0.0,0.0
2024-06-07 13:00:00-04:00,52.17499923706055,52.18989944458008,51.8400993347168,51.8400993347168,129910,0.0,0.0
2024-06-07 13:05:00-04:00,51.86000061035156,51.900001525878906,51.52989959716797,51.560001373291016,134677,0.0,0.0
2024-06-07 13:10:00-04:00,51.56999969482422,51.86000061035156,51.560001373291016,51.81999969482422,144150,0.0,0.0
2024-06-07 13:15:00-04:00,51.839500427246094,52.25,51.81999969482422,52.209999084472656,109861,0.0,0.0
2024-06-07 13:20:00-04:00,52.189998626708984,52.25,52.119998931884766,52.20000076293945,124515,0.0,0.0
2024-06-07 13:25:00-04:00,52.111000061035156,52.15999984741211,51.95000076293945,52.13999938964844,60490,0.0,0.0
2024-06-07 13:30:00-04:00,52.13999938964844,52.209999084472656,52.104400634765625,52.11000061035156,53939,0.0,0.0
2024-06-07 13:35:00-04:00,52.080501556396484,52.31999969482422,52.080501556396484,52.134700775146484,61474,0.0,0.0
2024-06-07 13:40:00-04:00,52.130001068115234,52.314300537109375,52.130001068115234,52.25,71004,0.0,0.0
2024-06-07 13:45:00-04:00,52.24100112915039,52.35300064086914,52.209999084472656,52.290000915527344,65363,0.0,0.0
2024-06-07 13:50:00-04:00,52.290000915527344,52.4900016784668,52.23099899291992,52.46500015258789,79968,0.0,0.0
2024-06-07 13:55:00-04:00,52.46099853515625,53.0,52.459999084472656,52.95000076293945,284006,0.0,0.0
2024-06-07 14:00:00-04:00,52.89099884033203,52.97999954223633,52.670101165771484,52.755001068115234,263056,0.0,0.0
2024-06-07 14:05:00-04:00,52.730098724365234,52.77000045776367,52.52000045776367,52.62009811401367,155149,0.0,0.0
2024-06-07 14:10:00-04:00,52.619998931884766,52.8578987121582,52.4900016784668,52.81999969482422,160431,0.0,0.0
2024-06-07 14:15:00-04:00,52.79999923706055,52.95000076293945,52.79999923706055,52.88999938964844,140135,0.0,0.0
2024-06-07 14:20:00-04:00,52.880001068115234,53.150001525878906,52.880001068115234,52.93960189819336,186311,0.0,0.0
2024-06-07 14:25:00-04:00,52.92499923706055,52.939998626708984,52.47999954223633,52.5,127798,0.0,0.0
2024-06-07 14:30:00-04:00,52.5,52.689998626708984,52.400001525878906,52.650001525878906,162586,0.0,0.0
2024-06-07 14:35:00-04:00,52.66999816894531,52.869998931884766,52.62009811401367,52.79999923706055,65776,0.0,0.0
2024-06-07 14:40:00-04:00,52.790000915527344,52.939998626708984,52.779998779296875,52.920101165771484,92551,0.0,0.0
2024-06-07 14:45:00-04:00,52.900001525878906,53.0,52.86000061035156,52.970001220703125,90269,0.0,0.0
2024-06-07 14:50:00-04:00,52.97999954223633,53.02000045776367,52.779998779296875,52.80500030517578,128472,0.0,0.0
2024-06-07 14:55:00-04:00,52.80500030517578,52.807498931884766,52.650001525878906,52.67060089111328,57145,0.0,0.0
2024-06-07 15:00:00-04:00,52.65999984741211,52.78499984741211,52.625,52.739498138427734,70240,0.0,0.0
2024-06-07 15:05:00-04:00,52.720001220703125,52.790000915527344,52.68000030517578,52.68000030517578,61325,0.0,0.0
2024-06-07 15:10:00-04:00,52.68000030517578,52.75,52.61000061035156,52.68000030517578,56150,0.0,0.0
2024-06-07 15:15:00-04:00,52.67499923706055,52.692100524902344,52.31999969482422,52.33000183105469,98035,0.0,0.0
2024-06-07 15:20:00-04:00,52.349998474121094,52.5099983215332,52.189998626708984,52.20500183105469,106563,0.0,0.0
2024-06-07 15:25:00-04:00,52.20000076293945,52.33000183105469,52.13999938964844,52.150001525878906,129526,0.0,0.0
2024-06-07 15:30:00-04:00,52.150001525878906,52.349998474121094,52.14500045776367,52.209999084472656,93031,0.0,0.0
2024-06-07 15:35:00-04:00,52.20009994506836,52.269901275634766,52.06999969482422,52.06999969482422,111197,0.0,0.0
2024-06-07 15:40:00-04:00,52.064998626708984,52.18000030517578,51.88010025024414,52.17499923706055,165485,0.0,0.0
2024-06-07 15:45:00-04:00,52.17499923706055,52.18280029296875,51.810001373291016,51.875,284582,0.0,0.0
2024-06-07 15:50:00-04:00,51.86000061035156,51.900001525878906,51.45000076293945,51.875,381791,0.0,0.0
2024-06-07 15:55:00-04:00,51.880001068115234,52.11000061035156,51.85499954223633,52.06999969482422,690975,0.0,0.0
2024-06-10 09:30:00-04:00,51.66999816894531,51.689998626708984,50.959999084472656,51.20000076293945,154245,0.0,0.0
2024-06-10 09:35:00-04:00,51.189998626708984,51.189998626708984,50.439998626708984,50.80509948730469,123327,0.0,0.0
2024-06-10 09:40:00-04:00,50.790000915527344,51.15999984741211,50.70000076293945,50.869998931884766,129139,0.0,0.0
2024-06-10 09:45:00-04:00,50.869998931884766,51.04999923706055,50.70000076293945,51.04999923706055,87139,0.0,0.0
2024-06-10 09:50:00-04:00,51.09000015258789,51.119998931884766,50.849998474121094,50.8849983215332,65251,0.0,0.0
2024-06-10 09:55:00-04:00,50.880001068115234,51.0,50.779998779296875,50.869998931884766,56035,0.0,0.0
2024-06-10 10:00:00-04:00,50.915000915527344,50.95000076293945,50.82500076293945,50.915000915527344,45822,0.0,0.0
2024-06-10 10:05:00-04:00,50.90010070800781,50.93000030517578,50.744998931884766,50.834999084472656,77572,0.0,0.0
2024-06-10 10:10:00-04:00,50.82500076293945,50.82500076293945,50.61000061035156,50.77000045776367,52685,0.0,0.0
2024-06-10 10:15:00-04:00,50.775001525878906,50.93000030517578,50.75,50.90999984741211,40847,0.0,0.0
2024-06-10 10:20:00-04:00,50.92499923706055,51.119300842285156,50.849998474121094,51.099998474121094,56980,0.0,0.0
2024-06-10 10:25:00-04:00,51.084999084472656,51.43000030517578,51.084999084472656,51.43000030517578,78861,0.0,0.0
2024-06-10 10:30:00-04:00,51.41809844970703,51.58000183105469,51.400001525878906,51.435001373291016,43223,0.0,0.0
2024-06-10 10:35:00-04:00,51.435001373291016,51.47999954223633,51.279998779296875,51.279998779296875,27039,0.0,0.0
2024-06-10 10:40:00-04:00,51.25,51.310001373291016,51.20000076293945,51.224998474121094,32148,0.0,0.0
2024-06-10 10:45:00-04:00,51.25,51.5,51.22999954223633,51.470001220703125,32197,0.0,0.0
2024-06-10 10:50:00-04:00,51.474998474121094,51.68000030517578,51.474998474121094,51.595001220703125,33531,0.0,0.0
2024-06-10 10:55:00-04:00,51.59000015258789,51.70000076293945,51.52000045776367,51.52000045776367,50082,0.0,0.0
2024-06-10 11:00:00-04:00,51.470001220703125,51.540000915527344,51.380001068115234,51.380001068115234,37953,0.0,0.0
2024-06-10 11:05:00-04:00,51.3849983215332,51.3927001953125,51.18299865722656,51.20000076293945,37312,0.0,0.0
2024-06-10 11:10:00-04:00,51.19499969482422,51.5099983215332,51.19499969482422,51.40999984741211,66214,0.0,0.0
2024-06-10 11:15:00-04:00,51.3739013671875,51.5099983215332,51.36000061035156,51.5099983215332,23350,0.0,0.0
2024-06-10 11:20:00-04:00,51.5099983215332,51.58000183105469,51.40999984741211,51.470001220703125,33755,0.0,0.0
2024-06-10 11:25:00-04:00,51.45500183105469,51.5099983215332,51.41999816894531,51.47999954223633,14198,0.0,0.0
2024-06-10 11:30:00-04:00,51.4900016784668,51.58000183105469,51.40999984741211,51.58000183105469,31093,0.0,0.0
2024-06-10 11:35:00-04:00,51.599998474121094,51.665000915527344,51.459999084472656,51.46500015258789,31687,0.0,0.0
2024-06-10 11:40:00-04:00,51.459999084472656,51.4900016784668,51.34000015258789,51.349998474121094,22538,0.0,0.0
2024-06-10 11:45:00-04:00,51.349998474121094,51.560001373291016,51.349998474121094,51.473899841308594,39311,0.0,0.0
2024-06-10 11:50:00-04:00,51.459999084472656,51.599998474121094,51.412498474121094,51.470001220703125,43476,0.0,0.0
2024-06-10 11:55:00-04:00,51.47999954223633,51.5099983215332,51.220001220703125,51.224998474121094,18149,0.0,0.0
2024-06-10 12:00:00-04:00,51.209999084472656,51.349998474121094,51.19499969482422,51.349998474121094,32647,0.0,0.0
2024-06-10 12:05:00-04:00,51.36000061035156,51.43000030517578,51.34000015258789,51.34000015258789,15629,0.0,0.0
2024-06-10 12:10:00-04:00,51.36000061035156,51.470001220703125,51.320499420166016,51.40999984741211,17345,0.0,0.0
2024-06-10 12:15:00-04:00,51.390098571777344,51.45000076293945,51.31999969482422,51.31999969482422,30322,0.0,0.0
2024-06-10 12:20:00-04:00,51.29840087890625,51.36000061035156,51.290000915527344,51.314998626708984,15182,0.0,0.0
2024-06-10 12:25:00-04:00,51.32500076293945,51.34000015258789,51.23099899291992,51.279998779296875,19078,0.0,0.0
2024-06-10 12:30:00-04:00,51.275001525878906,51.275001525878906,51.20000076293945,51.22999954223633,20287,0.0,0.0
2024-06-10 12:35:00-04:00,51.220001220703125,51.269901275634766,51.18000030517578,51.20000076293945,33564,0.0,0.0
2024-06-10 12:40:00-04:00,51.18000030517578,51.20000076293945,51.0099983215332,51.060001373291016,29593,0.0,0.0
2024-06-10 12:45:00-04:00,51.06999969482422,51.06999969482422,50.959999084472656,50.959999084472656,19750,0.0,0.0
2024-06-10 12:50:00-04:00,50.96580123901367,51.18090057373047,50.959999084472656,51.17499923706055,19768,0.0,0.0
2024-06-10 12:55:00-04:00,51.189998626708984,51.349998474121094,51.150001525878906,51.290000915527344,39865,0.0,0.0
2024-06-10 13:00:00-04:00,51.34000015258789,51.34000015258789,51.220001220703125,51.220001220703125,18885,0.0,0.0
2024-06-10 13:05:00-04:00,51.224998474121094,51.23500061035156,51.084999084472656,51.084999084472656,16031,0.0,0.0
2024-06-10 13:10:00-04:00,51.084999084472656,51.10499954223633,50.8400993347168,50.8400993347168,24846,0.0,0.0
2024-06-10 13:15:00-04:00,50.849998474121094,51.060001373291016,50.849998474121094,51.0,23368,0.0,0.0
2024-06-10 13:20:00-04:00,50.970001220703125,51.0,50.939998626708984,50.9900016784668,15037,0.0,0.0
2024-06-10 13:25:00-04:00,50.9900016784668,51.04999923706055,50.959999084472656,50.9900016784668,22906,0.0,0.0
2024-06-10 13:30:00-04:00,50.959999084472656,51.189998626708984,50.93000030517578,51.189998626708984,20071,0.0,0.0
2024-06-10 13:35:00-04:00,51.150001525878906,51.2599983215332,51.150001525878906,51.20009994506836,12055,0.0,0.0
2024-06-10 13:40:00-04:00,51.20000076293945,51.209999084472656,51.099998474121094,51.16999816894531,21832,0.0,0.0
2024-06-10 13:45:00-04:00,51.15999984741211,51.22999954223633,51.11000061035156,51.11000061035156,20699,0.0,0.0
2024-06-10 13:50:00-04:00,51.13999938964844,51.2400016784668,51.119998931884766,51.149898529052734,16501,0.0,0.0
2024-06-10 13:55:00-04:00,51.13999938964844,51.13999938964844,51.02000045776367,51.02000045776367,21550,0.0,0.0
2024-06-10 14:00:00-04:00,51.029998779296875,51.03990173339844,50.97999954223633,51.0,18575,0.0,0.0
2024-06-10 14:05:00-04:00,50.9900016784668,51.0099983215332,50.95000076293945,50.95000076293945,14974,0.0,0.0
2024-06-10 14:10:00-04:00,50.959999084472656,51.0099983215332,50.93870162963867,51.0099983215332,24320,0.0,0.0
2024-06-10 14:15:00-04:00,51.0099983215332,51.150001525878906,50.9900016784668,51.099998474121094,24648,0.0,0.0
2024-06-10 14:20:00-04:00,51.08000183105469,51.20000076293945,51.06010055541992,51.119998931884766,18399,0.0,0.0
2024-06-10 14:25:00-04:00,51.130001068115234,51.18000030517578,51.130001068115234,51.165000915527344,15125,0.0,0.0
2024-06-10 14:30:00-04:00,51.150001525878906,51.209999084472656,51.08000183105469,51.11000061035156,28871,0.0,0.0
2024-06-10 14:35:00-04:00,51.119998931884766,51.209999084472656,51.099998474121094,51.16999816894531,18781,0.0,0.0
2024-06-10 14:40:00-04:00,51.17499923706055,51.404998779296875,51.17499923706055,51.400001525878906,32576,0.0,0.0
2024-06-10 14:45:00-04:00,51.41999816894531,51.45000076293945,51.2599983215332,51.27000045776367,18929,0.0,0.0
2024-06-10 14:50:00-04:00,51.27000045776367,51.34000015258789,51.25,51.255001068115234,21000,0.0,0.0
2024-06-10 14:55:00-04:00,51.25790023803711,51.29999923706055,51.249298095703125,51.2599983215332,21531,0.0,0.0
2024-06-10 15:00:00-04:00,51.25,51.33000183105469,51.22999954223633,51.29999923706055,16821,0.0,0.0
2024-06-10 15:05:00-04:00,51.290000915527344,51.29499816894531,51.220001220703125,51.220001220703125,14042,0.0,0.0
2024-06-10 15:10:00-04:00,51.229000091552734,51.2318000793457,51.154998779296875,51.160400390625,25046,0.0,0.0
2024-06-10 15:15:00-04:00,51.20000076293945,51.22999954223633,51.130001068115234,51.18000030517578,29244,0.0,0.0
2024-06-10 15:20:00-04:00,51.20000076293945,51.2599983215332,51.13999938964844,51.13999938964844,38398,0.0,0.0
2024-06-10 15:25:00-04:00,51.154998779296875,51.310001373291016,51.130001068115234,51.310001373291016,40307,0.0,0.0
2024-06-10 15:30:00-04:00,51.31999969482422,51.33000183105469,51.150001525878906,51.150001525878906,44381,0.0,0.0
2024-06-10 15:35:00-04:00,51.14500045776367,51.15999984741211,51.040000915527344,51.040000915527344,48015,0.0,0.0
2024-06-10 15:40:00-04:00,51.029998779296875,51.099998474121094,51.0099983215332,51.029998779296875,54447,0.0,0.0
2024-06-10 15:45:00-04:00,51.02000045776367,51.02000045776367,50.869998931884766,50.869998931884766,68876,0.0,0.0
2024-06-10 15:50:00-04:00,50.880001068115234,51.07500076293945,50.84000015258789,50.959999084472656,110514,0.0,0.0
2024-06-10 15:55:00-04:00,50.97999954223633,51.08000183105469,50.87009811401367,50.97999954223633,226510,0.0,0.0
2024-06-11 09:30:00-04:00,50.97999954223633,51.599998474121094,50.97999954223633,51.435001373291016,60484,0.0,0.0
2024-06-11 09:35:00-04:00,51.400001525878906,51.404998779296875,51.000099182128906,51.21049880981445,47216,0.0,0.0
2024-06-11 09:40:00-04:00,51.099998474121094,51.20000076293945,50.7599983215332,50.88999938964844,49820,0.0,0.0
2024-06-11 09:45:00-04:00,50.86000061035156,50.86000061035156,50.630001068115234,50.70000076293945,24868,0.0,0.0
2024-06-11 09:50:00-04:00,50.65999984741211,51.025001525878906,50.65999984741211,51.005001068115234,56150,0.0,0.0
2024-06-11 09:55:00-04:00,50.98500061035156,51.10499954223633,50.92499923706055,51.095001220703125,35201,0.0,0.0
2024-06-11 10:00:00-04:00,51.084999084472656,51.18000030517578,50.90999984741211,50.915000915527344,39208,0.0,0.0
2024-06-11 10:05:00-04:00,50.935001373291016,50.959999084472656,50.724998474121094,50.79999923706055,24957,0.0,0.0
2024-06-11 10:10:00-04:00,50.79499816894531,50.81999969482422,50.689998626708984,50.7599983215332,24894,0.0,0.0
2024-06-11 10:15:00-04:00,50.68000030517578,50.68000030517578,50.56999969482422,50.650001525878906,27414,0.0,0.0
2024-06-11 10:20:00-04:00,50.66999816894531,50.720001220703125,50.619998931884766,50.70249938964844,31441,0.0,0.0
2024-06-11 10:25:00-04:00,50.70000076293945,50.70000076293945,50.5,50.650001525878906,26162,0.0,0.0
2024-06-11 10:30:00-04:00,50.65999984741211,50.900001525878906,50.65999984741211,50.88999938964844,37061,0.0,0.0
2024-06-11 10:35:00-04:00,50.880001068115234,50.93000030517578,50.81999969482422,50.834999084472656,29468,0.0,0.0
2024-06-11 10:40:00-04:00,50.83000183105469,50.91999816894531,50.779998779296875,50.88999938964844,29461,0.0,0.0
2024-06-11 10:45:00-04:00,50.90999984741211,51.1150016784668,50.89759826660156,50.994998931884766,22932,0.0,0.0
2024-06-11 10:50:00-04:00,51.029998779296875,51.029998779296875,50.900001525878906,50.95000076293945,14070,0.0,0.0
2024-06-11 10:55:00-04:00,50.93000030517578,51.08000183105469,50.91999816894531,51.025001525878906,24166,0.0,0.0
2024-06-11 11:00:00-04:00,51.04999923706055,51.09000015258789,50.9900016784668,51.06999969482422,26405,0.0,0.0
2024-06-11 11:05:00-04:00,51.095001220703125,51.220001220703125,51.095001220703125,51.18320083618164,22341,0.0,0.0
2024-06-11 11:10:00-04:00,51.20000076293945,51.310001373291016,51.1703987121582,51.2400016784668,37242,0.0,0.0
2024-06-11 11:15:00-04:00,51.2599983215332,51.28499984741211,51.189998626708984,51.25,20651,0.0,0.0
2024-06-11 11:20:00-04:00,51.25,51.2599983215332,51.20000076293945,51.220001220703125,27095,0.0,0.0
2024-06-11 11:25:00-04:00,51.224998474121094,51.224998474121094,51.11000061035156,51.209999084472656,21912,0.0,0.0
2024-06-11 11:30:00-04:00,51.209999084472656,51.2400016784668,51.130001068115234,51.2400016784668,27568,0.0,0.0
2024-06-11 11:35:00-04:00,51.2400016784668,51.279998779296875,51.22999954223633,51.26530075073242,28369,0.0,0.0
2024-06-11 11:40:00-04:00,51.25,51.25,51.15999984741211,51.19219970703125,42223,0.0,0.0
2024-06-11 11:45:00-04:00,51.22999954223633,51.43000030517578,51.22999954223633,51.404998779296875,22159,0.0,0.0
2024-06-11 11:50:00-04:00,51.41999816894531,51.439998626708984,51.369998931884766,51.4379997253418,30293,0.0,0.0
2024-06-11 11:55:00-04:00,51.400001525878906,51.404998779296875,51.31999969482422,51.400001525878906,16086,0.0,0.0
2024-06-11 12:00:00-04:00,51.369998931884766,51.380001068115234,51.2599983215332,51.290000915527344,18372,0.0,0.0
2024-06-11 12:05:00-04:00,51.29999923706055,51.37049865722656,51.189998626708984,51.369998931884766,32623,0.0,0.0
2024-06-11 12:10:00-04:00,51.380001068115234,51.45000076293945,51.349998474121094,51.375,43023,0.0,0.0
2024-06-11 12:15:00-04:00,51.369998931884766,51.42499923706055,51.334999084472656,51.334999084472656,31003,0.0,0.0
2024-06-11 12:20:00-04:00,51.369998931884766,51.38999938964844,51.349998474121094,51.349998474121094,13928,0.0,0.0
2024-06-11 12:25:00-04:00,51.359901428222656,51.43000030517578,51.334999084472656,51.398799896240234,15402,0.0,0.0
2024-06-11 12:30:00-04:00,51.39500045776367,51.40999984741211,51.38240051269531,51.400699615478516,10638,0.0,0.0
2024-06-11 12:35:00-04:00,51.400001525878906,51.42499923706055,51.380001068115234,51.38999938964844,19006,0.0,0.0
2024-06-11 12:40:00-04:00,51.380001068115234,51.380001068115234,51.279998779296875,51.279998779296875,19296,0.0,0.0
2024-06-11 12:45:00-04:00,51.2400016784668,51.2599983215332,51.189998626708984,51.189998626708984,6092,0.0,0.0
2024-06-11 12:50:00-04:00,51.189998626708984,51.20000076293945,51.11000061035156,51.18000030517578,14900,0.0,0.0
2024-06-11 12:55:00-04:00,51.16999816894531,51.26250076293945,51.16999816894531,51.2400016784668,16561,0.0,0.0
2024-06-11 13:00:00-04:00,51.2400016784668,51.630001068115234,51.2400016784668,51.630001068115234,49322,0.0,0.0
2024-06-11 13:05:00-04:00,51.64799880981445,51.689998626708984,51.40999984741211,51.41019821166992,31530,0.0,0.0
2024-06-11 13:10:00-04:00,51.40999984741211,51.459999084472656,51.400001525878906,51.43000030517578,9860,0.0,0.0
2024-06-11 13:15:00-04:00,51.43000030517578,51.5098991394043,51.38999938964844,51.4900016784668,31544,0.0,0.0
2024-06-11 13:20:00-04:00,51.494998931884766,51.5,51.400001525878906,51.419898986816406,14527,0.0,0.0
2024-06-11 13:25:00-04:00,51.412601470947266,51.5,51.412601470947266,51.4900016784668,11590,0.0,0.0
2024-06-11 13:30:00-04:00,51.5,51.599998474121094,51.4900016784668,51.54499816894531,19156,0.0,0.0
2024-06-11 13:35:00-04:00,51.549598693847656,51.59000015258789,51.52000045776367,51.59000015258789,10089,0.0,0.0
2024-06-11 13:40:00-04:00,51.599998474121094,51.599998474121094,51.52000045776367,51.53499984741211,13878,0.0,0.0
2024-06-11 13:45:00-04:00,51.529998779296875,51.60499954223633,51.529998779296875,51.57500076293945,26887,0.0,0.0
2024-06-11 13:50:00-04:00,51.57500076293945,51.619998931884766,51.564998626708984,51.619998931884766,25777,0.0,0.0
2024-06-11 13:55:00-04:00,51.625,51.630001068115234,51.560001373291016,51.619998931884766,21782,0.0,0.0
2024-06-11 14:00:00-04:00,51.619998931884766,51.685001373291016,51.59109878540039,51.685001373291016,10238,0.0,0.0
2024-06-11 14:05:00-04:00,51.70000076293945,51.709999084472656,51.66999816894531,51.689998626708984,17391,0.0,0.0
2024-06-11 14:10:00-04:00,51.689998626708984,51.90999984741211,51.689998626708984,51.88999938964844,39249,0.0,0.0
2024-06-11 14:15:00-04:00,51.89680099487305,51.90660095214844,51.849998474121094,51.900001525878906,29679,0.0,0.0
2024-06-11 14:20:00-04:00,51.904998779296875,51.935001373291016,51.8650016784668,51.88999938964844,17871,0.0,0.0
2024-06-11 14:25:00-04:00,51.9005012512207,52.0099983215332,51.869998931884766,51.97999954223633,38786,0.0,0.0
2024-06-11 14:30:00-04:00,51.97999954223633,52.03499984741211,51.9203987121582,51.935001373291016,21879,0.0,0.0
2024-06-11 14:35:00-04:00,51.939998626708984,52.0,51.92499923706055,52.0,20897,0.0,0.0
2024-06-11 14:40:00-04:00,52.0099983215332,52.099998474121094,52.0099983215332,52.060001373291016,19807,0.0,0.0
2024-06-11 14:45:00-04:00,52.060001373291016,52.18000030517578,52.04999923706055,52.18000030517578,24378,0.0,0.0
2024-06-11 14:50:00-04:00,52.18000030517578,52.224998474121094,52.125,52.154998779296875,27672,0.0,0.0
2024-06-11 14:55:00-04:00,52.16999816894531,52.23500061035156,52.16999816894531,52.220001220703125,20754,0.0,0.0
2024-06-11 15:00:00-04:00,52.22999954223633,52.26499938964844,52.18000030517578,52.20000076293945,21202,0.0,0.0
2024-06-11 15:05:00-04:00,52.189998626708984,52.22999954223633,52.099998474121094,52.201499938964844,28440,0.0,0.0
2024-06-11 15:10:00-04:00,52.20949935913086,52.220001220703125,52.150001525878906,52.18000030517578,21685,0.0,0.0
2024-06-11 15:15:00-04:00,52.18000030517578,52.290000915527344,52.18000030517578,52.28010177612305,29866,0.0,0.0
2024-06-11 15:20:00-04:00,52.290000915527344,52.290000915527344,52.209999084472656,52.290000915527344,32298,0.0,0.0
2024-06-11 15:25:00-04:00,52.29999923706055,52.380001068115234,52.29499816894531,52.37189865112305,26377,0.0,0.0
2024-06-11 15:30:00-04:00,52.375,52.375,52.130001068115234,52.130001068115234,49512,0.0,0.0
2024-06-11 15:35:00-04:00,52.12329864501953,52.130001068115234,51.97999954223633,52.02000045776367,43458,0.0,0.0
2024-06-11 15:40:00-04:00,52.025001525878906,52.13999938964844,51.97999954223633,52.052398681640625,51161,0.0,0.0
2024-06-11 15:45:00-04:00,52.060001373291016,52.060001373291016,51.83000183105469,51.86000061035156,35431,0.0,0.0
2024-06-11 15:50:00-04:00,51.86000061035156,52.04999923706055,51.7588996887207,51.959999084472656,73952,0.0,0.0
2024-06-11 15:55:00-04:00,51.97999954223633,52.09000015258789,51.939998626708984,52.08000183105469,175455,0.0,0.0
2024-06-12 09:30:00-04:00,52.63999938964844,52.93000030517578,52.46390151977539,52.8760986328125,87610,0.0,0.0
2024-06-12 09:35:00-04:00,52.8650016784668,53.45000076293945,52.76499938964844,53.45000076293945,149031,0.0,0.0
2024-06-12 09:40:00-04:00,53.415000915527344,53.68000030517578,53.369998931884766,53.630001068115234,75208,0.0,0.0
2024-06-12 09:45:00-04:00,53.55500030517578,53.619998931884766,53.37049865722656,53.599998474121094,48111,0.0,0.0
2024-06-12 09:50:00-04:00,53.57500076293945,53.57500076293945,52.994998931884766,52.994998931884766,28555,0.0,0.0
2024-06-12 09:55:00-04:00,52.994998931884766,53.099998474121094,52.88999938964844,52.97999954223633,27893,0.0,0.0
2024-06-12 10:00:00-04:00,52.95000076293945,52.95000076293945,52.61009979248047,52.63999938964844,30004,0.0,0.0
2024-06-12 10:05:00-04:00,52.65999984741211,52.689998626708984,52.47999954223633,52.48500061035156,25929,0.0,0.0
2024-06-12 10:10:00-04:00,52.459999084472656,52.540000915527344,52.38999938964844,52.540000915527344,18777,0.0,0.0
2024-06-12 10:15:00-04:00,52.52000045776367,52.52000045776367,52.40999984741211,52.5,18553,0.0,0.0
2024-06-12 10:20:00-04:00,52.45000076293945,52.59000015258789,52.41999816894531,52.58000183105469,26558,0.0,0.0
2024-06-12 10:25:00-04:00,52.619998931884766,52.619998931884766,52.5,52.61000061035156,22390,0.0,0.0
2024-06-12 10:30:00-04:00,52.56999969482422,52.56999969482422,52.380001068115234,52.46009826660156,21494,0.0,0.0
2024-06-12 10:35:00-04:00,52.5099983215332,52.5099983215332,52.349998474121094,52.404998779296875,15732,0.0,0.0
2024-06-12 10:40:00-04:00,52.40999984741211,52.4900016784668,52.369998931884766,52.43000030517578,14803,0.0,0.0
2024-06-12 10:45:00-04:00,52.45000076293945,52.54999923706055,52.400001525878906,52.48500061035156,24488,0.0,0.0
2024-06-12 10:50:00-04:00,52.47999954223633,52.47999954223633,52.22999954223633,52.22999954223633,31011,0.0,0.0
2024-06-12 10:55:00-04:00,52.209999084472656,52.29499816894531,52.189998626708984,52.285301208496094,24628,0.0,0.0
2024-06-12 11:00:00-04:00,52.310001373291016,52.310001373291016,52.18000030517578,52.18000030517578,19552,0.0,0.0
2024-06-12 11:05:00-04:00,52.1427001953125,52.20000076293945,52.119998931884766,52.14500045776367,22867,0.0,0.0
2024-06-12 11:10:00-04:00,52.13999938964844,52.189998626708984,52.099998474121094,52.18000030517578,16775,0.0,0.0
2024-06-12 11:15:00-04:00,52.150001525878906,52.20000076293945,52.130001068115234,52.189998626708984,10825,0.0,0.0
2024-06-12 11:20:00-04:00,52.18000030517578,52.189998626708984,52.1150016784668,52.15999984741211,12080,0.0,0.0
2024-06-12 11:25:00-04:00,52.185001373291016,52.25,52.16999816894531,52.2400016784668,19046,0.0,0.0
2024-06-12 11:30:00-04:00,52.2400016784668,52.31999969482422,52.20000076293945,52.21590042114258,32118,0.0,0.0
2024-06-12 11:35:00-04:00,52.209999084472656,52.33000183105469,52.209999084472656,52.310001373291016,17850,0.0,0.0
2024-06-12 11:40:00-04:00,52.310001373291016,52.46500015258789,52.290000915527344,52.46500015258789,18429,0.0,0.0
2024-06-12 11:45:00-04:00,52.459999084472656,52.459999084472656,52.3849983215332,52.43000030517578,19297,0.0,0.0
2024-06-12 11:50:00-04:00,52.41999816894531,52.52000045776367,52.400001525878906,52.52000045776367,24803,0.0,0.0
2024-06-12 11:55:00-04:00,52.51499938964844,52.70000076293945,52.505001068115234,52.70000076293945,29671,0.0,0.0
2024-06-12 12:00:00-04:00,52.695899963378906,52.70500183105469,52.32500076293945,52.32500076293945,23507,0.0,0.0
2024-06-12 12:05:00-04:00,52.349998474121094,52.349998474121094,52.18000030517578,52.19499969482422,9159,0.0,0.0
2024-06-12 12:10:00-04:00,52.20000076293945,52.209999084472656,52.15999984741211,52.17499923706055,13340,0.0,0.0
2024-06-12 12:15:00-04:00,52.16999816894531,52.17770004272461,52.09000015258789,52.10499954223633,15015,0.0,0.0
2024-06-12 12:20:00-04:00,52.11000061035156,52.18000030517578,52.08000183105469,52.08869934082031,13178,0.0,0.0
2024-06-12 12:25:00-04:00,52.11000061035156,52.11000061035156,51.79999923706055,51.900001525878906,40640,0.0,0.0
2024-06-12 12:30:00-04:00,51.939998626708984,52.04499816894531,51.939998626708984,51.9900016784668,12104,0.0,0.0
2024-06-12 12:35:00-04:00,51.9900016784668,52.06999969482422,51.95000076293945,51.959999084472656,16207,0.0,0.0
2024-06-12 12:40:00-04:00,51.939998626708984,51.97999954223633,51.91999816894531,51.95500183105469,11341,0.0,0.0
2024-06-12 12:45:00-04:00,51.95500183105469,51.959999084472656,51.8849983215332,51.8849983215332,32786,0.0,0.0
2024-06-12 12:50:00-04:00,51.880001068115234,51.9900016784668,51.869998931884766,51.974998474121094,13097,0.0,0.0
2024-06-12 12:55:00-04:00,51.98500061035156,52.0,51.97010040283203,51.98500061035156,12444,0.0,0.0
2024-06-12 13:00:00-04:00,52.0,52.0099983215332,51.935001373291016,51.935001373291016,14174,0.0,0.0
2024-06-12 13:05:00-04:00,51.93000030517578,51.95000076293945,51.810001373291016,51.849998474121094,19607,0.0,0.0
2024-06-12 13:10:00-04:00,51.849998474121094,51.849998474121094,51.720001220703125,51.744998931884766,22677,0.0,0.0
2024-06-12 13:15:00-04:00,51.72999954223633,51.810001373291016,51.720001220703125,51.72999954223633,18845,0.0,0.0
2024-06-12 13:20:00-04:00,51.73500061035156,51.779998779296875,51.73500061035156,51.744998931884766,14071,0.0,0.0
2024-06-12 13:25:00-04:00,51.7599983215332,51.880001068115234,51.7599983215332,51.869998931884766,14969,0.0,0.0
2024-06-12 13:30:00-04:00,51.85499954223633,51.869998931884766,51.779998779296875,51.790000915527344,10004,0.0,0.0
2024-06-12 13:35:00-04:00,51.79999923706055,51.849998474121094,51.79999923706055,51.810001373291016,12979,0.0,0.0
2024-06-12 13:40:00-04:00,51.810001373291016,52.0,51.7599983215332,51.97999954223633,24984,0.0,0.0
2024-06-12 13:45:00-04:00,51.95000076293945,51.97999954223633,51.94599914550781,51.959999084472656,12087,0.0,0.0
2024-06-12 13:50:00-04:00,51.939998626708984,51.97999954223633,51.88999938964844,51.970001220703125,15641,0.0,0.0
2024-06-12 13:55:00-04:00,51.959999084472656,51.959999084472656,51.880001068115234,51.92499923706055,12290,0.0,0.0
2024-06-12 14:00:00-04:00,51.900001525878906,51.900001525878906,51.665000915527344,51.86000061035156,24867,0.0,0.0
2024-06-12 14:05:00-04:00,51.86000061035156,51.90999984741211,51.69499969482422,51.80500030517578,22351,0.0,0.0
2024-06-12 14:10:00-04:00,51.83000183105469,51.86000061035156,51.77000045776367,51.77000045776367,13930,0.0,0.0
2024-06-12 14:15:00-04:00,51.779998779296875,51.83000183105469,51.7599983215332,51.7599983215332,16105,0.0,0.0
2024-06-12 14:20:00-04:00,51.75,51.77000045776367,51.720001220703125,51.77000045776367,20980,0.0,0.0
2024-06-12 14:25:00-04:00,51.809898376464844,51.869998931884766,51.79499816894531,51.8650016784668,22598,0.0,0.0
2024-06-12 14:30:00-04:00,51.8650016784668,51.939998626708984,51.79999923706055,51.83000183105469,23166,0.0,0.0
2024-06-12 14:35:00-04:00,51.810001373291016,52.0099983215332,51.72999954223633,51.97999954223633,26505,0.0,0.0
2024-06-12 14:40:00-04:00,52.0,52.0,51.810001373291016,51.88999938964844,22592,0.0,0.0
2024-06-12 14:45:00-04:00,51.88999938964844,51.900001525878906,51.689998626708984,51.689998626708984,19615,0.0,0.0
2024-06-12 14:50:00-04:00,51.67499923706055,51.77000045776367,51.59000015258789,51.619998931884766,31847,0.0,0.0
2024-06-12 14:55:00-04:00,51.619998931884766,51.869998931884766,51.619998931884766,51.81999969482422,21152,0.0,0.0
2024-06-12 15:00:00-04:00,51.79999923706055,51.900001525878906,51.779998779296875,51.81999969482422,21035,0.0,0.0
2024-06-12 15:05:00-04:00,51.79999923706055,51.810001373291016,51.73500061035156,51.7400016784668,18386,0.0,0.0
2024-06-12 15:10:00-04:00,51.720001220703125,51.779998779296875,51.65399932861328,51.709999084472656,24978,0.0,0.0
2024-06-12 15:15:00-04:00,51.709999084472656,51.81999969482422,51.66999816894531,51.790000915527344,24174,0.0,0.0
2024-06-12 15:20:00-04:00,51.775001525878906,51.790000915527344,51.470001220703125,51.48500061035156,24868,0.0,0.0
2024-06-12 15:25:00-04:00,51.470001220703125,51.814998626708984,51.45000076293945,51.630001068115234,60060,0.0,0.0
2024-06-12 15:30:00-04:00,51.599998474121094,51.66999816894531,51.54999923706055,51.63999938964844,29674,0.0,0.0
2024-06-12 15:35:00-04:00,51.630001068115234,51.69900131225586,51.439998626708984,51.459999084472656,31648,0.0,0.0
2024-06-12 15:40:00-04:00,51.45000076293945,51.47999954223633,51.36000061035156,51.36000061035156,61346,0.0,0.0
2024-06-12 15:45:00-04:00,51.36000061035156,51.3650016784668,51.17499923706055,51.2599983215332,59961,0.0,0.0
2024-06-12 15:50:00-04:00,51.27000045776367,51.400001525878906,51.2400016784668,51.27000045776367,77974,0.0,0.0
2024-06-12 15:55:00-04:00,51.279998779296875,51.41999816894531,51.279998779296875,51.31999969482422,189517,0.0,0.0
2024-06-13 09:30:00-04:00,51.72999954223633,52.09000015258789,51.72999954223633,51.93000030517578,87393,0.0,0.0
2024-06-13 09:35:00-04:00,51.880001068115234,51.91999816894531,51.619998931884766,51.619998931884766,15572,0.0,0.0
2024-06-13 09:40:00-04:00,51.65999984741211,51.68000030517578,51.40999984741211,51.5,19920,0.0,0.0
2024-06-13 09:45:00-04:00,51.5,51.5,51.2599983215332,51.29600143432617,33942,0.0,0.0
2024-06-13 09:50:00-04:00,51.29999923706055,51.540000915527344,51.279998779296875,51.53499984741211,22486,0.0,0.0
2024-06-13 09:55:00-04:00,51.529998779296875,51.599998474121094,51.36000061035156,51.540000915527344,38244,0.0,0.0
2024-06-13 10:00:00-04:00,51.540000915527344,51.540000915527344,51.38999938964844,51.459999084472656,18828,0.0,0.0
2024-06-13 10:05:00-04:00,51.5,51.505001068115234,51.369998931884766,51.369998931884766,20200,0.0,0.0
2024-06-13 10:10:00-04:00,51.400001525878906,51.400001525878906,51.2599983215332,51.2599983215332,13303,0.0,0.0
2024-06-13 10:15:00-04:00,51.26499938964844,51.26499938964844,51.119998931884766,51.20000076293945,33130,0.0,0.0
2024-06-13 10:20:00-04:00,51.18000030517578,51.48500061035156,51.165000915527344,51.439998626708984,35138,0.0,0.0
2024-06-13 10:25:00-04:00,51.43000030517578,51.470001220703125,51.380001068115234,51.439998626708984,28656,0.0,0.0
2024-06-13 10:30:00-04:00,51.470001220703125,51.470001220703125,51.27000045776367,51.275001525878906,18093,0.0,0.0
2024-06-13 10:35:00-04:00,51.26369857788086,51.380001068115234,51.198001861572266,51.33000183105469,26740,0.0,0.0
2024-06-13 10:40:00-04:00,51.29999923706055,51.29999923706055,51.209999084472656,51.27000045776367,13059,0.0,0.0
2024-06-13 10:45:00-04:00,51.290000915527344,51.290000915527344,51.13999938964844,51.13999938964844,16447,0.0,0.0
2024-06-13 10:50:00-04:00,51.15999984741211,51.244998931884766,51.15999984741211,51.22079849243164,12159,0.0,0.0
2024-06-13 10:55:00-04:00,51.22010040283203,51.2400016784668,51.06399917602539,51.11000061035156,31933,0.0,0.0
2024-06-13 11:00:00-04:00,51.11000061035156,51.22999954223633,51.11000061035156,51.22999954223633,13974,0.0,0.0
2024-06-13 11:05:00-04:00,51.2400016784668,51.345001220703125,51.21500015258789,51.21500015258789,19001,0.0,0.0
2024-06-13 11:10:00-04:00,51.2400016784668,51.34000015258789,51.2400016784668,51.33000183105469,38009,0.0,0.0
2024-06-13 11:15:00-04:00,51.33000183105469,51.33000183105469,51.189998626708984,51.20000076293945,23124,0.0,0.0
2024-06-13 11:20:00-04:00,51.214900970458984,51.29999923706055,51.214900970458984,51.290000915527344,14322,0.0,0.0
2024-06-13 11:25:00-04:00,51.29999923706055,51.32500076293945,51.27000045776367,51.290000915527344,15860,0.0,0.0
2024-06-13 11:30:00-04:00,51.31999969482422,51.31999969482422,51.22999954223633,51.22999954223633,15946,0.0,0.0
2024-06-13 11:35:00-04:00,51.22999954223633,51.2400016784668,51.150001525878906,51.220001220703125,14649,0.0,0.0
2024-06-13 11:40:00-04:00,51.2400016784668,51.38999938964844,51.220001220703125,51.34000015258789,65035,0.0,0.0
2024-06-13 11:45:00-04:00,51.34000015258789,51.34000015258789,51.27000045776367,51.29999923706055,14009,0.0,0.0
2024-06-13 11:50:00-04:00,51.29999923706055,51.3129997253418,51.209999084472656,51.2400016784668,12337,0.0,0.0
2024-06-13 11:55:00-04:00,51.25,51.279998779296875,51.220001220703125,51.220001220703125,18244,0.0,0.0
2024-06-13 12:00:00-04:00,51.22999954223633,51.400001525878906,51.150001525878906,51.33000183105469,75802,0.0,0.0
2024-06-13 12:05:00-04:00,51.31999969482422,51.36000061035156,51.27009963989258,51.28499984741211,14695,0.0,0.0
2024-06-13 12:10:00-04:00,51.27000045776367,51.29059982299805,51.16999816894531,51.16999816894531,9792,0.0,0.0
2024-06-13 12:15:00-04:00,51.16999816894531,51.16999816894531,51.08000183105469,51.08000183105469,16462,0.0,0.0
2024-06-13 12:20:00-04:00,51.060001373291016,51.189998626708984,50.9900016784668,51.0,69849,0.0,0.0
2024-06-13 12:25:00-04:00,51.029998779296875,51.310001373291016,51.029998779296875,51.28499984741211,79150,0.0,0.0
2024-06-13 12:30:00-04:00,51.31999969482422,51.31999969482422,50.834999084472656,51.0099983215332,96186,0.0,0.0
2024-06-13 12:35:00-04:00,51.02479934692383,51.08000183105469,50.90999984741211,50.90999984741211,21398,0.0,0.0
2024-06-13 12:40:00-04:00,50.91999816894531,50.9900016784668,50.91999816894531,50.98500061035156,9982,0.0,0.0
2024-06-13 12:45:00-04:00,50.98500061035156,51.02000045776367,50.97999954223633,51.0,20813,0.0,0.0
2024-06-13 12:50:00-04:00,50.9900016784668,51.189998626708984,50.95000076293945,51.150001525878906,80562,0.0,0.0
2024-06-13 12:55:00-04:00,51.08000183105469,51.099998474121094,50.970001220703125,51.0099983215332,41201,0.0,0.0
2024-06-13 13:00:00-04:00,51.04999923706055,51.34000015258789,51.04999923706055,51.33000183105469,70025,0.0,0.0
2024-06-13 13:05:00-04:00,51.35499954223633,51.36000061035156,51.27000045776367,51.30009841918945,13739,0.0,0.0
2024-06-13 13:10:00-04:00,51.279998779296875,51.29999923706055,51.2400016784668,51.26499938964844,23597,0.0,0.0
2024-06-13 13:15:00-04:00,51.27000045776367,51.27000045776367,51.18000030517578,51.20000076293945,12008,0.0,0.0
2024-06-13 13:20:00-04:00,51.20000076293945,51.20000076293945,51.15010070800781,51.15010070800781,10822,0.0,0.0
2024-06-13 13:25:00-04:00,51.15999984741211,51.19499969482422,51.099998474121094,51.099998474121094,13194,0.0,0.0
2024-06-13 13:30:00-04:00,51.099998474121094,51.20000076293945,51.06999969482422,51.189998626708984,31792,0.0,0.0
2024-06-13 13:35:00-04:00,51.19499969482422,51.2400016784668,51.18000030517578,51.220001220703125,21363,0.0,0.0
2024-06-13 13:40:00-04:00,51.20000076293945,51.20000076293945,51.06999969482422,51.06999969482422,13184,0.0,0.0
2024-06-13 13:45:00-04:00,51.064998626708984,51.09000015258789,51.029998779296875,51.06760025024414,13502,0.0,0.0
2024-06-13 13:50:00-04:00,51.06999969482422,51.11000061035156,51.040000915527344,51.04999923706055,20083,0.0,0.0
2024-06-13 13:55:00-04:00,51.04999923706055,51.060001373291016,51.0099983215332,51.0099983215332,12771,0.0,0.0
2024-06-13 14:00:00-04:00,51.025001525878906,51.029998779296875,50.959999084472656,50.97999954223633,16103,0.0,0.0
2024-06-13 14:05:00-04:00,50.98500061035156,51.02000045776367,50.9734992980957,51.02000045776367,10997,0.0,0.0
2024-06-13 14:10:00-04:00,51.0099983215332,51.08000183105469,51.0099983215332,51.07500076293945,14344,0.0,0.0
2024-06-13 14:15:00-04:00,51.08000183105469,51.095001220703125,51.06999969482422,51.09000015258789,13183,0.0,0.0
2024-06-13 14:20:00-04:00,51.099998474121094,51.11000061035156,51.060001373291016,51.06010055541992,18833,0.0,0.0
2024-06-13 14:25:00-04:00,51.06999969482422,51.099998474121094,51.04999923706055,51.06999969482422,13123,0.0,0.0
2024-06-13 14:30:00-04:00,51.06999969482422,51.095001220703125,51.01499938964844,51.01499938964844,15141,0.0,0.0
2024-06-13 14:35:00-04:00,51.0099983215332,51.209999084472656,51.0099983215332,51.08000183105469,66340,0.0,0.0
2024-06-13 14:40:00-04:00,51.130001068115234,51.130001068115234,51.06999969482422,51.08000183105469,19230,0.0,0.0
2024-06-13 14:45:00-04:00,51.09000015258789,51.119998931884766,51.06999969482422,51.06999969482422,14620,0.0,0.0
2024-06-13 14:50:00-04:00,51.06999969482422,51.099998474121094,51.040000915527344,51.09000015258789,16140,0.0,0.0
2024-06-13 14:55:00-04:00,51.095001220703125,51.11000061035156,51.029998779296875,51.029998779296875,18331,0.0,0.0
2024-06-13 15:00:00-04:00,51.02000045776367,51.05500030517578,51.0,51.029998779296875,23448,0.0,0.0
2024-06-13 15:05:00-04:00,51.040000915527344,51.060001373291016,51.02000045776367,51.060001373291016,22094,0.0,0.0
2024-06-13 15:10:00-04:00,51.060001373291016,51.10499954223633,51.029998779296875,51.04999923706055,23046,0.0,0.0
2024-06-13 15:15:00-04:00,51.040000915527344,51.15999984741211,51.040000915527344,51.130001068115234,20178,0.0,0.0
2024-06-13 15:20:00-04:00,51.130001068115234,51.272499084472656,51.119998931884766,51.207000732421875,81810,0.0,0.0
2024-06-13 15:25:00-04:00,51.209999084472656,51.29999923706055,51.209999084472656,51.25,21880,0.0,0.0
2024-06-13 15:30:00-04:00,51.25,51.290000915527344,51.189998626708984,51.290000915527344,39865,0.0,0.0
2024-06-13 15:35:00-04:00,51.29899978637695,51.31999969482422,51.27000045776367,51.27000045776367,33240,0.0,0.0
2024-06-13 15:40:00-04:00,51.27000045776367,51.41999816894531,51.27000045776367,51.290000915527344,161919,0.0,0.0
2024-06-13 15:45:00-04:00,51.279998779296875,51.279998779296875,51.150001525878906,51.154998779296875,43484,0.0,0.0
2024-06-13 15:50:00-04:00,51.15999984741211,51.36000061035156,51.15999984741211,51.349998474121094,98539,0.0,0.0
2024-06-13 15:55:00-04:00,51.349998474121094,51.349998474121094,51.15999984741211,51.15999984741211,288712,0.0,0.0
2024-06-14 09:30:00-04:00,50.9900016784668,51.2400016784668,50.91999816894531,51.03499984741211,97314,0.0,0.0
2024-06-14 09:35:00-04:00,51.040000915527344,51.118099212646484,50.83000183105469,50.849998474121094,26197,0.0,0.0
2024-06-14 09:40:00-04:00,50.84000015258789,50.904998779296875,50.75,50.79999923706055,14627,0.0,0.0
2024-06-14 09:45:00-04:00,50.8380012512207,51.09000015258789,50.79999923706055,51.08000183105469,15176,0.0,0.0
2024-06-14 09:50:00-04:00,51.06999969482422,51.2599983215332,51.04999923706055,51.2599983215332,18804,0.0,0.0
2024-06-14 09:55:00-04:00,51.2599983215332,51.27000045776367,51.15999984741211,51.20000076293945,15305,0.0,0.0
2024-06-14 10:00:00-04:00,51.18000030517578,51.279998779296875,51.099998474121094,51.11000061035156,29780,0.0,0.0
2024-06-14 10:05:00-04:00,51.09000015258789,51.09000015258789,50.97999954223633,51.0099983215332,11629,0.0,0.0
2024-06-14 10:10:00-04:00,51.0,51.09000015258789,50.959999084472656,51.04999923706055,44376,0.0,0.0
2024-06-14 10:15:00-04:00,51.03799819946289,51.13999938964844,51.029998779296875,51.13999938964844,10303,0.0,0.0
2024-06-14 10:20:00-04:00,51.130001068115234,51.18000030517578,51.099998474121094,51.099998474121094,9793,0.0,0.0
2024-06-14 10:25:00-04:00,51.09000015258789,51.09000015258789,50.814998626708984,50.814998626708984,17620,0.0,0.0
2024-06-14 10:30:00-04:00,50.790000915527344,51.279998779296875,50.775001525878906,51.130001068115234,175909,0.0,0.0
2024-06-14 10:35:00-04:00,51.18000030517578,51.18000030517578,50.900001525878906,50.900001525878906,16783,0.0,0.0
2024-06-14 10:40:00-04:00,50.88999938964844,51.07120132446289,50.869998931884766,51.07120132446289,23938,0.0,0.0
2024-06-14 10:45:00-04:00,51.095001220703125,51.150001525878906,51.060001373291016,51.13999938964844,8748,0.0,0.0
2024-06-14 10:50:00-04:00,51.16999816894531,51.189998626708984,51.130001068115234,51.16999816894531,7917,0.0,0.0
2024-06-14 10:55:00-04:00,51.150001525878906,51.150001525878906,51.029998779296875,51.06999969482422,11328,0.0,0.0
2024-06-14 11:00:00-04:00,51.060001373291016,51.1349983215332,51.019901275634766,51.119998931884766,12103,0.0,0.0
2024-06-14 11:05:00-04:00,51.12590026855469,51.12590026855469,51.04999923706055,51.06999969482422,9541,0.0,0.0
2024-06-14 11:10:00-04:00,51.099998474121094,51.11000061035156,51.06999969482422,51.09000015258789,7642,0.0,0.0
2024-06-14 11:15:00-04:00,51.099998474121094,51.125,50.95000076293945,50.95000076293945,10211,0.0,0.0
2024-06-14 11:20:00-04:00,50.9900016784668,51.0,50.94499969482422,50.94499969482422,9486,0.0,0.0
2024-06-14 11:25:00-04:00,50.91999816894531,50.9900016784668,50.90999984741211,50.958900451660156,10047,0.0,0.0
2024-06-14 11:30:00-04:00,50.970001220703125,51.060001373291016,50.970001220703125,51.006900787353516,10706,0.0,0.0
2024-06-14 11:35:00-04:00,51.0,51.02000045776367,50.9900016784668,51.0,7711,0.0,0.0
2024-06-14 11:40:00-04:00,51.0,51.0099983215332,50.935001373291016,50.935001373291016,8715,0.0,0.0
2024-06-14 11:45:00-04:00,50.939998626708984,50.939998626708984,50.880001068115234,50.900001525878906,9171,0.0,0.0
2024-06-14 11:50:00-04:00,50.880001068115234,50.95000076293945,50.880001068115234,50.939998626708984,9495,0.0,0.0
2024-06-14 11:55:00-04:00,50.93009948730469,50.95000076293945,50.81999969482422,50.8849983215332,29058,0.0,0.0
2024-06-14 12:00:00-04:00,50.900001525878906,50.90999984741211,50.81999969482422,50.845001220703125,9181,0.0,0.0
2024-06-14 12:05:00-04:00,50.845001220703125,50.849998474121094,50.81999969482422,50.81999969482422,6360,0.0,0.0
2024-06-14 12:10:00-04:00,50.82500076293945,50.86000061035156,50.810001373291016,50.86000061035156,8301,0.0,0.0
2024-06-14 12:15:00-04:00,50.869998931884766,51.0,50.8650016784668,50.90999984741211,21554,0.0,0.0
2024-06-14 12:20:00-04:00,50.900001525878906,50.900001525878906,50.86000061035156,50.86000061035156,8775,0.0,0.0
2024-06-14 12:25:00-04:00,50.8400993347168,50.847999572753906,50.79999923706055,50.79999923706055,6605,0.0,0.0
2024-06-14 12:30:00-04:00,50.810001373291016,50.83000183105469,50.720001220703125,50.76499938964844,9460,0.0,0.0
2024-06-14 12:35:00-04:00,50.779998779296875,50.8849983215332,50.77000045776367,50.8849983215332,9530,0.0,0.0
2024-06-14 12:40:00-04:00,50.880001068115234,50.900001525878906,50.849998474121094,50.880001068115234,6955,0.0,0.0
2024-06-14 12:45:00-04:00,50.900001525878906,50.900001525878906,50.849998474121094,50.86370086669922,9964,0.0,0.0
2024-06-14 12:50:00-04:00,50.869998931884766,50.90999984741211,50.849998474121094,50.849998474121094,10097,0.0,0.0
2024-06-14 12:55:00-04:00,50.88999938964844,50.91999816894531,50.88869857788086,50.91999816894531,6554,0.0,0.0
2024-06-14 13:00:00-04:00,50.930599212646484,50.97999954223633,50.93000030517578,50.970001220703125,7677,0.0,0.0
2024-06-14 13:05:00-04:00,50.970001220703125,51.005001068115234,50.970001220703125,50.97999954223633,7954,0.0,0.0
2024-06-14 13:10:00-04:00,50.970001220703125,50.97999954223633,50.959999084472656,50.97990036010742,6320,0.0,0.0
2024-06-14 13:15:00-04:00,50.97999954223633,50.9900016784668,50.92290115356445,50.939998626708984,7422,0.0,0.0
2024-06-14 13:20:00-04:00,50.95000076293945,51.0,50.95000076293945,51.0,7475,0.0,0.0
2024-06-14 13:25:00-04:00,50.9900016784668,51.029998779296875,50.9900016784668,51.02000045776367,9985,0.0,0.0
2024-06-14 13:30:00-04:00,51.01959991455078,51.01959991455078,50.959999084472656,50.959999084472656,9127,0.0,0.0
2024-06-14 13:35:00-04:00,50.95009994506836,50.959999084472656,50.90010070800781,50.939998626708984,6845,0.0,0.0
2024-06-14 13:40:00-04:00,50.95000076293945,51.0,50.95000076293945,51.0,7449,0.0,0.0
2024-06-14 13:45:00-04:00,51.0099983215332,51.02000045776367,50.970001220703125,51.0,23631,0.0,0.0
2024-06-14 13:50:00-04:00,51.0099983215332,51.09000015258789,51.005001068115234,51.07500076293945,42833,0.0,0.0
2024-06-14 13:55:00-04:00,51.06999969482422,51.06999969482422,50.959999084472656,51.0,29067,0.0,0.0
2024-06-14 14:00:00-04:00,50.9900016784668,50.9900016784668,50.93000030517578,50.97999954223633,48928,0.0,0.0
2024-06-14 14:05:00-04:00,50.9900016784668,51.060001373291016,50.97999954223633,50.97999954223633,27138,0.0,0.0
2024-06-14 14:10:00-04:00,50.98500061035156,51.03499984741211,50.970001220703125,50.970001220703125,8925,0.0,0.0
2024-06-14 14:15:00-04:00,50.98500061035156,50.98500061035156,50.869998931884766,50.88999938964844,30026,0.0,0.0
2024-06-14 14:20:00-04:00,50.88999938964844,50.91999816894531,50.880001068115234,50.880001068115234,6281,0.0,0.0
2024-06-14 14:25:00-04:00,50.900001525878906,50.91999816894531,50.779998779296875,50.779998779296875,27618,0.0,0.0
2024-06-14 14:30:00-04:00,50.79410171508789,50.81999969482422,50.72999954223633,50.75,12651,0.0,0.0
2024-06-14 14:35:00-04:00,50.72999954223633,50.7599983215332,50.720001220703125,50.720001220703125,11003,0.0,0.0
2024-06-14 14:40:00-04:00,50.709999084472656,50.77000045776367,50.709999084472656,50.76499938964844,16693,0.0,0.0
2024-06-14 14:45:00-04:00,50.779998779296875,50.86000061035156,50.75680160522461,50.849998474121094,15025,0.0,0.0
2024-06-14 14:50:00-04:00,50.849998474121094,50.900001525878906,50.834999084472656,50.900001525878906,15838,0.0,0.0
2024-06-14 14:55:00-04:00,50.880001068115234,50.88999938964844,50.84000015258789,50.86000061035156,17811,0.0,0.0
2024-06-14 15:00:00-04:00,50.86000061035156,50.91999816894531,50.86000061035156,50.91999816894531,20766,0.0,0.0
2024-06-14 15:05:00-04:00,50.92499923706055,50.9900016784668,50.90999984741211,50.97999954223633,23650,0.0,0.0
2024-06-14 15:10:00-04:00,50.9900016784668,51.0,50.959999084472656,50.970001220703125,15723,0.0,0.0
2024-06-14 15:15:00-04:00,50.959999084472656,51.02000045776367,50.959999084472656,50.9900016784668,20354,0.0,0.0
2024-06-14 15:20:00-04:00,50.994998931884766,51.07500076293945,50.970001220703125,51.07500076293945,23445,0.0,0.0
2024-06-14 15:25:00-04:00,51.08000183105469,51.11000061035156,51.060001373291016,51.11000061035156,21149,0.0,0.0
2024-06-14 15:30:00-04:00,51.099998474121094,51.11000061035156,51.04999923706055,51.04999923706055,25850,0.0,0.0
2024-06-14 15:35:00-04:00,51.04999923706055,51.06999969482422,50.97999954223633,50.994998931884766,51012,0.0,0.0
2024-06-14 15:40:00-04:00,50.9900016784668,51.02000045776367,50.939998626708984,50.98249816894531,32571,0.0,0.0
2024-06-14 15:45:00-04:00,50.97999954223633,51.040000915527344,50.970001220703125,51.0,24241,0.0,0.0
2024-06-14 15:50:00-04:00,50.9900016784668,51.02000045776367,50.95000076293945,50.95000076293945,68714,0.0,0.0
2024-06-14 15:55:00-04:00,50.939998626708984,50.9900016784668,50.81999969482422,50.81999969482422,152858,0.0,0.0
2024-06-17 09:30:00-04:00,50.560001373291016,50.74909973144531,50.220001220703125,50.29999923706055,68727,0.0,0.0
2024-06-17 09:35:00-04:00,50.26499938964844,50.439998626708984,50.220001220703125,50.369998931884766,23127,0.0,0.0
2024-06-17 09:40:00-04:00,50.345001220703125,50.380001068115234,50.099998474121094,50.119998931884766,10465,0.0,0.0
2024-06-17 09:45:00-04:00,50.130001068115234,50.369998931884766,50.099998474121094,50.369998931884766,26354,0.0,0.0
2024-06-17 09:50:00-04:00,50.35599899291992,50.474998474121094,50.25,50.36000061035156,19733,0.0,0.0
2024-06-17 09:55:00-04:00,50.3650016784668,50.38999938964844,50.2400016784668,50.26499938964844,17683,0.0,0.0
2024-06-17 10:00:00-04:00,50.290000915527344,50.310001373291016,50.220001220703125,50.275001525878906,8528,0.0,0.0
2024-06-17 10:05:00-04:00,50.30500030517578,50.35499954223633,50.279998779296875,50.35499954223633,7779,0.0,0.0
2024-06-17 10:10:00-04:00,50.32080078125,50.36000061035156,50.169700622558594,50.17499923706055,10324,0.0,0.0
2024-06-17 10:15:00-04:00,50.20000076293945,50.20000076293945,50.11000061035156,50.13999938964844,12501,0.0,0.0
2024-06-17 10:20:00-04:00,50.13999938964844,50.150001525878906,50.02000045776367,50.084999084472656,14460,0.0,0.0
2024-06-17 10:25:00-04:00,50.06999969482422,50.13999938964844,50.040000915527344,50.130001068115234,15050,0.0,0.0
2024-06-17 10:30:00-04:00,50.11009979248047,50.20000076293945,50.11009979248047,50.18000030517578,10929,0.0,0.0
2024-06-17 10:35:00-04:00,50.150001525878906,50.19499969482422,50.119998931884766,50.150001525878906,11918,0.0,0.0
2024-06-17 10:40:00-04:00,50.150001525878906,50.165000915527344,50.119998931884766,50.119998931884766,8020,0.0,0.0
2024-06-17 10:45:00-04:00,50.11000061035156,50.11000061035156,49.959999084472656,49.97999954223633,23524,0.0,0.0
2024-06-17 10:50:00-04:00,49.974998474121094,50.0099983215332,49.810001373291016,49.9900016784668,37462,0.0,0.0
2024-06-17 10:55:00-04:00,50.02000045776367,50.060001373291016,49.91999816894531,50.029998779296875,21781,0.0,0.0
2024-06-17 11:00:00-04:00,50.040000915527344,50.040000915527344,49.900001525878906,49.98500061035156,101473,0.0,0.0
2024-06-17 11:05:00-04:00,50.0099983215332,50.11000061035156,49.9900016784668,50.064998626708984,25070,0.0,0.0
2024-06-17 11:10:00-04:00,50.08000183105469,50.08000183105469,49.97999954223633,49.98500061035156,17329,0.0,0.0
2024-06-17 11:15:00-04:00,49.98500061035156,50.08000183105469,49.97999954223633,50.08000183105469,16213,0.0,0.0
2024-06-17 11:20:00-04:00,50.099998474121094,50.099998474121094,50.029998779296875,50.040000915527344,18748,0.0,0.0
2024-06-17 11:25:00-04:00,50.029998779296875,50.04999923706055,50.0099983215332,50.029998779296875,11697,0.0,0.0
2024-06-17 11:30:00-04:00,50.03499984741211,50.060001373291016,49.9901008605957,50.02000045776367,14568,0.0,0.0
2024-06-17 11:35:00-04:00,50.01499938964844,50.11000061035156,50.01499938964844,50.09000015258789,24478,0.0,0.0
2024-06-17 11:40:00-04:00,50.11000061035156,50.18000030517578,50.11000061035156,50.130001068115234,16588,0.0,0.0
2024-06-17 11:45:00-04:00,50.099998474121094,50.11000061035156,49.97999954223633,50.0,12145,0.0,0.0
2024-06-17 11:50:00-04:00,50.005001068115234,50.040000915527344,49.994998931884766,50.005001068115234,13146,0.0,0.0
2024-06-17 11:55:00-04:00,50.02000045776367,50.029998779296875,49.9900016784668,50.0,16326,0.0,0.0
2024-06-17 12:00:00-04:00,50.0,50.060001373291016,49.9900016784668,50.040000915527344,23937,0.0,0.0
2024-06-17 12:05:00-04:00,50.029998779296875,50.08000183105469,49.9900016784668,50.0,9073,0.0,0.0
2024-06-17 12:10:00-04:00,50.0,50.08000183105469,49.9900016784668,50.04999923706055,16393,0.0,0.0
2024-06-17 12:15:00-04:00,50.060001373291016,50.209999084472656,50.04999923706055,50.20500183105469,27441,0.0,0.0
2024-06-17 12:20:00-04:00,50.220001220703125,50.2400016784668,50.09000015258789,50.1349983215332,42758,0.0,0.0
2024-06-17 12:25:00-04:00,50.150001525878906,50.34000015258789,50.13010025024414,50.29999923706055,40324,0.0,0.0
2024-06-17 12:30:00-04:00,50.260101318359375,50.28499984741211,50.16999816894531,50.25,24211,0.0,0.0
2024-06-17 12:35:00-04:00,50.2599983215332,50.29999923706055,50.2400016784668,50.279998779296875,9275,0.0,0.0
2024-06-17 12:40:00-04:00,50.27619934082031,50.29999923706055,50.25,50.290000915527344,12549,0.0,0.0
2024-06-17 12:45:00-04:00,50.29999923706055,50.459999084472656,50.290000915527344,50.41999816894531,16109,0.0,0.0
2024-06-17 12:50:00-04:00,50.40010070800781,50.45000076293945,50.380001068115234,50.380001068115234,13874,0.0,0.0
2024-06-17 12:55:00-04:00,50.3849983215332,50.439998626708984,50.334999084472656,50.43000030517578,18490,0.0,0.0
2024-06-17 13:00:00-04:00,50.43000030517578,50.66999816894531,50.43000030517578,50.66999816894531,22479,0.0,0.0
2024-06-17 13:05:00-04:00,50.66999816894531,50.7599983215332,50.6442985534668,50.720001220703125,48058,0.0,0.0
2024-06-17 13:10:00-04:00,50.75,50.75,50.599998474121094,50.630001068115234,18098,0.0,0.0
2024-06-17 13:15:00-04:00,50.65999984741211,50.720001220703125,50.63999938964844,50.70000076293945,19568,0.0,0.0
2024-06-17 13:20:00-04:00,50.68000030517578,50.72999954223633,50.61000061035156,50.619998931884766,16957,0.0,0.0
2024-06-17 13:25:00-04:00,50.599998474121094,50.65999984741211,50.599998474121094,50.619998931884766,15018,0.0,0.0
2024-06-17 13:30:00-04:00,50.619998931884766,50.630001068115234,50.560001373291016,50.599998474121094,21082,0.0,0.0
2024-06-17 13:35:00-04:00,50.599998474121094,50.650001525878906,50.59000015258789,50.650001525878906,16306,0.0,0.0
2024-06-17 13:40:00-04:00,50.650001525878906,50.70000076293945,50.650001525878906,50.665000915527344,14588,0.0,0.0
2024-06-17 13:45:00-04:00,50.68000030517578,50.68000030517578,50.59000015258789,50.599998474121094,13364,0.0,0.0
2024-06-17 13:50:00-04:00,50.61249923706055,50.709999084472656,50.61249923706055,50.709999084472656,11447,0.0,0.0
2024-06-17 13:55:00-04:00,50.72999954223633,50.7599983215332,50.689998626708984,50.70000076293945,17176,0.0,0.0
2024-06-17 14:00:00-04:00,50.7400016784668,50.790000915527344,50.724998474121094,50.75,19245,0.0,0.0
2024-06-17 14:05:00-04:00,50.779998779296875,50.880001068115234,50.77000045776367,50.86000061035156,12413,0.0,0.0
2024-06-17 14:10:00-04:00,50.86000061035156,50.86000061035156,50.7599983215332,50.775001525878906,21438,0.0,0.0
2024-06-17 14:15:00-04:00,50.78499984741211,50.880001068115234,50.78499984741211,50.810001373291016,12917,0.0,0.0
2024-06-17 14:20:00-04:00,50.79999923706055,50.810001373291016,50.7599983215332,50.7599983215332,13944,0.0,0.0
2024-06-17 14:25:00-04:00,50.77000045776367,50.810001373291016,50.72999954223633,50.77000045776367,25344,0.0,0.0
2024-06-17 14:30:00-04:00,50.779998779296875,50.790000915527344,50.70000076293945,50.709999084472656,16469,0.0,0.0
2024-06-17 14:35:00-04:00,50.720001220703125,50.72999954223633,50.66999816894531,50.689998626708984,18788,0.0,0.0
2024-06-17 14:40:00-04:00,50.685001373291016,50.689998626708984,50.63999938964844,50.689998626708984,19270,0.0,0.0
2024-06-17 14:45:00-04:00,50.68659973144531,50.720001220703125,50.619998931884766,50.68949890136719,29900,0.0,0.0
2024-06-17 14:50:00-04:00,50.689998626708984,50.689998626708984,50.650001525878906,50.665000915527344,21628,0.0,0.0
2024-06-17 14:55:00-04:00,50.66999816894531,50.70000076293945,50.630001068115234,50.70000076293945,24128,0.0,0.0
2024-06-17 15:00:00-04:00,50.689998626708984,50.72999954223633,50.66999816894531,50.720001220703125,27274,0.0,0.0
2024-06-17 15:05:00-04:00,50.71500015258789,50.72999954223633,50.69499969482422,50.709999084472656,19255,0.0,0.0
2024-06-17 15:10:00-04:00,50.720001220703125,50.79999923706055,50.720001220703125,50.79499816894531,33014,0.0,0.0
2024-06-17 15:15:00-04:00,50.79499816894531,50.869998931884766,50.790000915527344,50.869998931884766,28519,0.0,0.0
2024-06-17 15:20:00-04:00,50.869998931884766,50.904998779296875,50.849998474121094,50.904998779296875,33457,0.0,0.0
2024-06-17 15:25:00-04:00,50.904998779296875,50.93000030517578,50.88999938964844,50.900001525878906,31779,0.0,0.0
2024-06-17 15:30:00-04:00,50.88999938964844,51.02000045776367,50.88999938964844,51.019500732421875,35185,0.0,0.0
2024-06-17 15:35:00-04:00,51.02000045776367,51.130001068115234,51.02000045776367,51.11899948120117,49840,0.0,0.0
2024-06-17 15:40:00-04:00,51.119998931884766,51.16899871826172,51.099998474121094,51.165000915527344,47811,0.0,0.0
2024-06-17 15:45:00-04:00,51.15999984741211,51.15999984741211,50.875,50.875,55526,0.0,0.0
2024-06-17 15:50:00-04:00,50.875,51.025001525878906,50.849998474121094,50.939998626708984,65784,0.0,0.0
2024-06-17 15:55:00-04:00,50.95000076293945,51.1150016784668,50.95000076293945,51.040000915527344,203392,0.0,0.0
2024-06-18 09:30:00-04:00,51.09000015258789,51.398799896240234,51.04999923706055,51.25,53310,0.0,0.0
2024-06-18 09:35:00-04:00,51.13999938964844,51.13999938964844,50.935001373291016,51.1349983215332,25366,0.0,0.0
2024-06-18 09:40:00-04:00,51.15999984741211,51.42580032348633,51.154998779296875,51.42580032348633,11196,0.0,0.0
2024-06-18 09:45:00-04:00,51.439998626708984,51.560001373291016,51.35639953613281,51.560001373291016,22402,0.0,0.0
2024-06-18 09:50:00-04:00,51.58000183105469,51.720001220703125,51.570098876953125,51.720001220703125,42499,0.0,0.0
2024-06-18 09:55:00-04:00,51.70000076293945,51.70000076293945,51.45000076293945,51.52000045776367,26749,0.0,0.0
2024-06-18 10:00:00-04:00,51.52000045776367,51.66999816894531,51.47999954223633,51.666099548339844,12945,0.0,0.0
2024-06-18 10:05:00-04:00,51.65999984741211,51.79999923706055,51.650001525878906,51.654998779296875,29556,0.0,0.0
2024-06-18 10:10:00-04:00,51.66999816894531,51.689998626708984,51.45000076293945,51.459999084472656,12569,0.0,0.0
2024-06-18 10:15:00-04:00,51.439998626708984,51.63999938964844,51.439998626708984,51.63999938964844,15866,0.0,0.0
2024-06-18 10:20:00-04:00,51.650001525878906,51.650001525878906,51.470001220703125,51.47999954223633,22094,0.0,0.0
2024-06-18 10:25:00-04:00,51.47060012817383,51.619998931884766,51.47060012817383,51.54499816894531,18918,0.0,0.0
2024-06-18 10:30:00-04:00,51.52000045776367,51.650001525878906,51.52000045776367,51.650001525878906,21322,0.0,0.0
2024-06-18 10:35:00-04:00,51.66999816894531,51.689998626708984,51.47999954223633,51.61000061035156,22704,0.0,0.0
2024-06-18 10:40:00-04:00,51.6150016784668,51.66999816894531,51.59000015258789,51.599998474121094,29485,0.0,0.0
2024-06-18 10:45:00-04:00,51.58649826049805,51.599998474121094,51.400001525878906,51.560001373291016,28093,0.0,0.0
2024-06-18 10:50:00-04:00,51.53499984741211,51.53499984741211,51.459999084472656,51.474998474121094,13552,0.0,0.0
2024-06-18 10:55:00-04:00,51.474998474121094,51.47999954223633,51.40999984741211,51.439998626708984,18498,0.0,0.0
2024-06-18 11:00:00-04:00,51.45000076293945,51.529998779296875,51.40999984741211,51.40999984741211,15930,0.0,0.0
2024-06-18 11:05:00-04:00,51.40999984741211,51.5,51.375,51.4900016784668,11474,0.0,0.0
2024-06-18 11:10:00-04:00,51.49689865112305,51.49689865112305,51.380001068115234,51.43000030517578,17776,0.0,0.0
2024-06-18 11:15:00-04:00,51.43170166015625,51.529998779296875,51.400001525878906,51.47999954223633,17851,0.0,0.0
2024-06-18 11:20:00-04:00,51.5099983215332,51.540000915527344,51.45000076293945,51.45000076293945,16631,0.0,0.0
2024-06-18 11:25:00-04:00,51.439998626708984,51.440101623535156,51.34000015258789,51.34000015258789,15717,0.0,0.0
2024-06-18 11:30:00-04:00,51.369998931884766,51.369998931884766,51.20719909667969,51.20719909667969,20770,0.0,0.0
2024-06-18 11:35:00-04:00,51.20000076293945,51.31999969482422,51.20000076293945,51.279998779296875,16770,0.0,0.0
2024-06-18 11:40:00-04:00,51.275001525878906,51.29999923706055,51.209999084472656,51.22999954223633,19734,0.0,0.0
2024-06-18 11:45:00-04:00,51.20500183105469,51.27000045776367,51.17259979248047,51.27000045776367,14403,0.0,0.0
2024-06-18 11:50:00-04:00,51.26380157470703,51.27320098876953,51.15999984741211,51.15999984741211,11650,0.0,0.0
2024-06-18 11:55:00-04:00,51.15999984741211,51.18000030517578,51.08000183105469,51.1255989074707,13906,0.0,0.0
2024-06-18 12:00:00-04:00,51.150001525878906,51.15999984741211,51.060001373291016,51.06999969482422,14207,0.0,0.0
2024-06-18 12:05:00-04:00,51.06999969482422,51.20000076293945,51.04999923706055,51.20000076293945,11341,0.0,0.0
2024-06-18 12:10:00-04:00,51.18000030517578,51.180301666259766,51.09000015258789,51.18000030517578,15133,0.0,0.0
2024-06-18 12:15:00-04:00,51.18000030517578,51.20000076293945,51.119998931884766,51.130001068115234,11762,0.0,0.0
2024-06-18 12:20:00-04:00,51.13999938964844,51.2400016784668,51.130001068115234,51.20000076293945,11105,0.0,0.0
2024-06-18 12:25:00-04:00,51.220001220703125,51.2400016784668,51.16999816894531,51.18000030517578,12673,0.0,0.0
2024-06-18 12:30:00-04:00,51.15999984741211,51.16999816894531,51.099998474121094,51.165000915527344,13705,0.0,0.0
2024-06-18 12:35:00-04:00,51.150001525878906,51.150001525878906,51.08000183105469,51.099998474121094,9783,0.0,0.0
2024-06-18 12:40:00-04:00,51.11000061035156,51.17499923706055,51.11000061035156,51.16999816894531,13500,0.0,0.0
2024-06-18 12:45:00-04:00,51.150001525878906,51.16999816894531,51.10499954223633,51.11000061035156,12255,0.0,0.0
2024-06-18 12:50:00-04:00,51.095001220703125,51.16999816894531,51.09000015258789,51.152000427246094,14928,0.0,0.0
2024-06-18 12:55:00-04:00,51.15999984741211,51.2400016784668,51.154998779296875,51.224998474121094,13030,0.0,0.0
2024-06-18 13:00:00-04:00,51.21500015258789,51.2400016784668,51.08000183105469,51.08000183105469,12018,0.0,0.0
2024-06-18 13:05:00-04:00,51.060001373291016,51.130001068115234,51.04999923706055,51.119998931884766,13647,0.0,0.0
2024-06-18 13:10:00-04:00,51.130001068115234,51.13999938964844,51.099998474121094,51.119998931884766,13332,0.0,0.0
2024-06-18 13:15:00-04:00,51.099998474121094,51.130001068115234,51.060001373291016,51.11000061035156,17455,0.0,0.0
2024-06-18 13:20:00-04:00,51.11000061035156,51.119998931884766,51.06999969482422,51.06999969482422,10699,0.0,0.0
2024-06-18 13:25:00-04:00,51.08000183105469,51.08000183105469,51.02000045776367,51.02000045776367,13603,0.0,0.0
2024-06-18 13:30:00-04:00,51.040000915527344,51.060001373291016,51.0099983215332,51.0099983215332,10714,0.0,0.0
2024-06-18 13:35:00-04:00,51.040000915527344,51.25,51.03499984741211,51.23099899291992,42464,0.0,0.0
2024-06-18 13:40:00-04:00,51.259498596191406,51.31999969482422,51.220001220703125,51.31999969482422,13923,0.0,0.0
2024-06-18 13:45:00-04:00,51.29999923706055,51.34000015258789,51.2599983215332,51.33000183105469,24062,0.0,0.0
2024-06-18 13:50:00-04:00,51.349998474121094,51.372501373291016,51.279998779296875,51.290000915527344,12349,0.0,0.0
2024-06-18 13:55:00-04:00,51.25,51.29999923706055,51.22999954223633,51.25,11357,0.0,0.0
2024-06-18 14:00:00-04:00,51.25,51.25,51.15999984741211,51.22999954223633,16088,0.0,0.0
2024-06-18 14:05:00-04:00,51.22999954223633,51.27000045776367,51.22999954223633,51.2400016784668,9552,0.0,0.0
2024-06-18 14:10:00-04:00,51.2599983215332,51.29999923706055,51.25,51.290000915527344,12053,0.0,0.0
2024-06-18 14:15:00-04:00,51.279998779296875,51.279998779296875,51.220001220703125,51.220001220703125,17434,0.0,0.0
2024-06-18 14:20:00-04:00,51.224998474121094,51.27000045776367,51.20000076293945,51.27000045776367,14484,0.0,0.0
2024-06-18 14:25:00-04:00,51.279998779296875,51.34000015258789,51.275001525878906,51.310001373291016,13379,0.0,0.0
2024-06-18 14:30:00-04:00,51.314998626708984,51.31999969482422,51.2588996887207,51.29999923706055,16973,0.0,0.0
2024-06-18 14:35:00-04:00,51.29999923706055,51.33000183105469,51.27000045776367,51.29999923706055,19304,0.0,0.0
2024-06-18 14:40:00-04:00,51.29999923706055,51.34000015258789,51.279998779296875,51.334999084472656,21708,0.0,0.0
2024-06-18 14:45:00-04:00,51.34000015258789,51.369998931884766,51.308998107910156,51.31999969482422,15975,0.0,0.0
2024-06-18 14:50:00-04:00,51.31999969482422,51.31999969482422,51.2599983215332,51.264400482177734,11487,0.0,0.0
2024-06-18 14:55:00-04:00,51.2599983215332,51.38999938964844,51.2599983215332,51.38999938964844,25420,0.0,0.0
2024-06-18 15:00:00-04:00,51.400001525878906,51.400001525878906,51.33300018310547,51.369998931884766,16587,0.0,0.0
2024-06-18 15:05:00-04:00,51.38999938964844,51.39350128173828,51.34000015258789,51.34000015258789,12077,0.0,0.0
2024-06-18 15:10:00-04:00,51.349998474121094,51.375,51.31999969482422,51.375,13905,0.0,0.0
2024-06-18 15:15:00-04:00,51.380001068115234,51.400001525878906,51.33000183105469,51.35499954223633,25446,0.0,0.0
2024-06-18 15:20:00-04:00,51.38999938964844,51.40999984741211,51.369998931884766,51.38999938964844,11241,0.0,0.0
2024-06-18 15:25:00-04:00,51.38999938964844,51.41999816894531,51.349998474121094,51.380001068115234,27586,0.0,0.0
2024-06-18 15:30:00-04:00,51.37080001831055,51.38999938964844,51.349998474121094,51.38999938964844,26675,0.0,0.0
2024-06-18 15:35:00-04:00,51.400001525878906,51.43000030517578,51.38999938964844,51.43000030517578,23985,0.0,0.0
2024-06-18 15:40:00-04:00,51.41999816894531,51.459999084472656,51.380001068115234,51.41999816894531,37541,0.0,0.0
2024-06-18 15:45:00-04:00,51.43000030517578,51.43000030517578,51.30759811401367,51.36000061035156,27280,0.0,0.0
2024-06-18 15:50:00-04:00,51.349998474121094,51.380001068115234,51.224998474121094,51.224998474121094,77282,0.0,0.0
2024-06-18 15:55:00-04:00,51.209999084472656,51.2400016784668,50.959999084472656,50.959999084472656,237357,0.0,0.0
2024-06-20 09:30:00-04:00,50.66999816894531,50.70000076293945,49.900001525878906,50.16659927368164,226596,0.0,0.0
2024-06-20 09:35:00-04:00,50.15999984741211,50.563899993896484,50.15999984741211,50.559200286865234,31896,0.0,0.0
2024-06-20 09:40:00-04:00,50.59000015258789,50.68000030517578,50.5,50.64500045776367,21811,0.0,0.0
2024-06-20 09:45:00-04:00,50.650001525878906,50.79999923706055,50.54499816894531,50.77000045776367,27152,0.0,0.0
2024-06-20 09:50:00-04:00,50.7400016784668,50.869998931884766,50.660701751708984,50.86000061035156,21019,0.0,0.0
2024-06-20 09:55:00-04:00,50.849998474121094,51.060001373291016,50.84000015258789,50.970001220703125,38071,0.0,0.0
2024-06-20 10:00:00-04:00,50.91999816894531,51.029998779296875,50.869998931884766,51.029998779296875,21663,0.0,0.0
2024-06-20 10:05:00-04:00,51.02000045776367,51.30500030517578,51.02000045776367,51.255001068115234,30957,0.0,0.0
2024-06-20 10:10:00-04:00,51.279998779296875,51.4900016784668,51.099998474121094,51.43000030517578,61262,0.0,0.0
2024-06-20 10:15:00-04:00,51.415000915527344,51.47999954223633,51.36000061035156,51.45000076293945,30276,0.0,0.0
2024-06-20 10:20:00-04:00,51.412498474121094,51.4900016784668,51.380001068115234,51.470001220703125,22985,0.0,0.0
2024-06-20 10:25:00-04:00,51.470001220703125,51.70000076293945,51.470001220703125,51.70000076293945,35353,0.0,0.0
2024-06-20 10:30:00-04:00,51.689998626708984,51.689998626708984,51.560001373291016,51.6349983215332,40569,0.0,0.0
2024-06-20 10:35:00-04:00,51.620399475097656,51.709999084472656,51.560001373291016,51.689998626708984,26245,0.0,0.0
2024-06-20 10:40:00-04:00,51.689998626708984,51.689998626708984,51.599998474121094,51.650001525878906,19520,0.0,0.0
2024-06-20 10:45:00-04:00,51.650001525878906,51.709999084472656,51.606300354003906,51.66999816894531,27871,0.0,0.0
2024-06-20 10:50:00-04:00,51.65999984741211,51.75,51.65999984741211,51.72999954223633,15251,0.0,0.0
2024-06-20 10:55:00-04:00,51.709999084472656,51.709999084472656,51.597999572753906,51.654998779296875,31910,0.0,0.0
2024-06-20 11:00:00-04:00,51.63999938964844,51.839900970458984,51.58000183105469,51.79999923706055,34603,0.0,0.0
2024-06-20 11:05:00-04:00,51.772300720214844,51.83000183105469,51.70000076293945,51.77000045776367,28422,0.0,0.0
2024-06-20 11:10:00-04:00,51.77000045776367,51.88999938964844,51.720001220703125,51.88999938964844,25965,0.0,0.0
2024-06-20 11:15:00-04:00,51.88999938964844,51.89500045776367,51.76499938964844,51.78889846801758,25851,0.0,0.0
2024-06-20 11:20:00-04:00,51.79999923706055,51.849998474121094,51.72999954223633,51.849998474121094,23897,0.0,0.0
2024-06-20 11:25:00-04:00,51.86000061035156,51.869998931884766,51.79999923706055,51.849998474121094,23168,0.0,0.0
2024-06-20 11:30:00-04:00,51.849998474121094,51.86000061035156,51.779998779296875,51.79999923706055,21151,0.0,0.0
2024-06-20 11:35:00-04:00,51.77000045776367,51.880001068115234,51.77000045776367,51.77690124511719,19065,0.0,0.0
2024-06-20 11:40:00-04:00,51.810001373291016,51.810001373291016,51.7400016784668,51.80500030517578,19208,0.0,0.0
2024-06-20 11:45:00-04:00,51.810001373291016,51.91999816894531,51.810001373291016,51.88999938964844,33791,0.0,0.0
2024-06-20 11:50:00-04:00,51.88999938964844,51.95000076293945,51.869998931884766,51.93000030517578,16708,0.0,0.0
2024-06-20 11:55:00-04:00,51.91999816894531,51.959999084472656,51.87030029296875,51.8849983215332,20569,0.0,0.0
2024-06-20 12:00:00-04:00,51.900001525878906,51.95000076293945,51.869998931884766,51.935001373291016,23682,0.0,0.0
2024-06-20 12:05:00-04:00,51.95000076293945,51.9900016784668,51.90999984741211,51.97999954223633,20987,0.0,0.0
2024-06-20 12:10:00-04:00,51.9900016784668,52.029998779296875,51.974998474121094,52.02000045776367,36784,0.0,0.0
2024-06-20 12:15:00-04:00,52.02000045776367,52.04999923706055,51.9900016784668,52.04280090332031,22403,0.0,0.0
2024-06-20 12:20:00-04:00,52.04499816894531,52.084999084472656,51.910499572753906,51.93000030517578,24128,0.0,0.0
2024-06-20 12:25:00-04:00,51.95000076293945,52.02000045776367,51.939998626708984,51.96139907836914,19121,0.0,0.0
2024-06-20 12:30:00-04:00,51.959999084472656,52.029998779296875,51.880001068115234,51.970001220703125,25675,0.0,0.0
2024-06-20 12:35:00-04:00,51.9900016784668,52.02000045776367,51.84000015258789,51.90999984741211,19629,0.0,0.0
2024-06-20 12:40:00-04:00,51.900001525878906,52.04999923706055,51.880001068115234,52.029998779296875,30236,0.0,0.0
2024-06-20 12:45:00-04:00,52.0099983215332,52.040000915527344,51.97999954223633,51.9900016784668,36293,0.0,0.0
2024-06-20 12:50:00-04:00,52.0,52.04999923706055,51.86009979248047,51.88999938964844,35037,0.0,0.0
2024-06-20 12:55:00-04:00,51.88999938964844,51.93000030517578,51.87160110473633,51.93000030517578,26629,0.0,0.0
2024-06-20 13:00:00-04:00,51.919700622558594,51.945499420166016,51.86000061035156,51.880001068115234,18249,0.0,0.0
2024-06-20 13:05:00-04:00,51.880001068115234,51.90999984741211,51.81999969482422,51.81999969482422,15944,0.0,0.0
2024-06-20 13:10:00-04:00,51.84000015258789,51.88999938964844,51.84000015258789,51.88999938964844,14222,0.0,0.0
2024-06-20 13:15:00-04:00,51.904998779296875,51.92499923706055,51.8109016418457,51.8109016418457,21875,0.0,0.0
2024-06-20 13:20:00-04:00,51.79999923706055,51.900001525878906,51.79499816894531,51.84000015258789,17603,0.0,0.0
2024-06-20 13:25:00-04:00,51.869998931884766,51.88999938964844,51.79999923706055,51.83000183105469,18314,0.0,0.0
2024-06-20 13:30:00-04:00,51.83000183105469,51.83000183105469,51.77000045776367,51.790000915527344,19667,0.0,0.0
2024-06-20 13:35:00-04:00,51.78950119018555,51.78950119018555,51.650001525878906,51.72999954223633,26649,0.0,0.0
2024-06-20 13:40:00-04:00,51.7400016784668,51.86000061035156,51.72999954223633,51.85499954223633,15045,0.0,0.0
2024-06-20 13:45:00-04:00,51.849998474121094,51.880001068115234,51.810001373291016,51.849998474121094,13105,0.0,0.0
2024-06-20 13:50:00-04:00,51.83000183105469,51.85499954223633,51.814998626708984,51.85319900512695,23338,0.0,0.0
2024-06-20 13:55:00-04:00,51.84000015258789,51.880001068115234,51.79999923706055,51.869998931884766,16034,0.0,0.0
2024-06-20 14:00:00-04:00,51.86000061035156,51.959999084472656,51.86000061035156,51.959999084472656,15000,0.0,0.0
2024-06-20 14:05:00-04:00,51.939998626708984,51.970001220703125,51.900001525878906,51.904998779296875,20996,0.0,0.0
2024-06-20 14:10:00-04:00,51.91999816894531,51.97999954223633,51.900001525878906,51.939998626708984,19363,0.0,0.0
2024-06-20 14:15:00-04:00,51.939998626708984,51.97999954223633,51.93050003051758,51.959999084472656,14824,0.0,0.0
2024-06-20 14:20:00-04:00,51.959999084472656,51.970001220703125,51.93000030517578,51.95000076293945,17973,0.0,0.0
2024-06-20 14:25:00-04:00,51.959999084472656,52.040000915527344,51.90999984741211,52.025001525878906,24091,0.0,0.0
2024-06-20 14:30:00-04:00,52.0099983215332,52.02000045776367,51.95500183105469,51.9900016784668,18434,0.0,0.0
2024-06-20 14:35:00-04:00,51.97999954223633,52.03499984741211,51.97999954223633,52.02000045776367,17153,0.0,0.0
2024-06-20 14:40:00-04:00,52.029998779296875,52.03499984741211,51.83000183105469,51.849998474121094,32672,0.0,0.0
2024-06-20 14:45:00-04:00,51.84000015258789,51.90999984741211,51.7599983215332,51.77000045776367,45233,0.0,0.0
2024-06-20 14:50:00-04:00,51.77000045776367,51.83000183105469,51.720001220703125,51.724998474121094,27254,0.0,0.0
2024-06-20 14:55:00-04:00,51.7400016784668,51.810001373291016,51.66999816894531,51.80500030517578,37055,0.0,0.0
2024-06-20 15:00:00-04:00,51.81999969482422,51.869998931884766,51.75,51.86000061035156,23111,0.0,0.0
2024-06-20 15:05:00-04:00,51.86000061035156,51.959999084472656,51.75,51.959999084472656,31686,0.0,0.0
2024-06-20 15:10:00-04:00,51.939998626708984,51.97999954223633,51.93000030517578,51.970001220703125,22041,0.0,0.0
2024-06-20 15:15:00-04:00,51.970001220703125,51.9900016784668,51.939998626708984,51.97999954223633,24121,0.0,0.0
2024-06-20 15:20:00-04:00,51.9900016784668,52.0,51.95000076293945,51.97999954223633,20355,0.0,0.0
2024-06-20 15:25:00-04:00,51.9900016784668,52.0,51.900001525878906,51.935001373291016,39203,0.0,0.0
2024-06-20 15:30:00-04:00,51.91999816894531,52.0099983215332,51.88999938964844,51.9900016784668,38377,0.0,0.0
2024-06-20 15:35:00-04:00,51.9900016784668,51.9900016784668,51.90999984741211,51.97999954223633,53317,0.0,0.0
2024-06-20 15:40:00-04:00,51.97999954223633,52.16999816894531,51.97999954223633,52.16999816894531,70669,0.0,0.0
2024-06-20 15:45:00-04:00,52.15999984741211,52.185001373291016,52.099998474121094,52.11000061035156,63298,0.0,0.0
2024-06-20 15:50:00-04:00,52.119998931884766,52.290000915527344,52.119998931884766,52.290000915527344,102262,0.0,0.0
2024-06-20 15:55:00-04:00,52.29999923706055,52.29999923706055,52.150001525878906,52.189998626708984,225116,0.0,0.0
2024-06-21 09:30:00-04:00,52.130001068115234,52.130001068115234,51.77130126953125,51.85449981689453,97585,0.0,0.0
2024-06-21 09:35:00-04:00,51.845001220703125,52.290000915527344,51.810001373291016,52.22999954223633,31287,0.0,0.0
2024-06-21 09:40:00-04:00,52.18000030517578,52.182498931884766,51.94499969482422,52.09000015258789,23331,0.0,0.0
2024-06-21 09:45:00-04:00,52.025001525878906,52.189998626708984,51.86000061035156,52.16999816894531,28677,0.0,0.0
2024-06-21 09:50:00-04:00,52.176998138427734,52.439998626708984,52.05009841918945,52.40999984741211,43582,0.0,0.0
2024-06-21 09:55:00-04:00,52.41389846801758,52.599998474121094,52.244998931884766,52.275001525878906,28545,0.0,0.0
2024-06-21 10:00:00-04:00,52.290000915527344,52.29869842529297,52.19499969482422,52.22999954223633,27543,0.0,0.0
2024-06-21 10:05:00-04:00,52.2400016784668,52.2400016784668,51.91999816894531,51.91999816894531,22726,0.0,0.0
2024-06-21 10:10:00-04:00,51.939998626708984,51.9900016784668,51.810001373291016,51.95000076293945,21183,0.0,0.0
2024-06-21 10:15:00-04:00,51.939998626708984,51.959999084472656,51.849998474121094,51.959999084472656,21179,0.0,0.0
2024-06-21 10:20:00-04:00,51.959999084472656,51.974998474121094,51.88999938964844,51.970001220703125,17548,0.0,0.0
2024-06-21 10:25:00-04:00,51.96009826660156,51.99700164794922,51.790000915527344,51.92499923706055,30250,0.0,0.0
2024-06-21 10:30:00-04:00,51.900001525878906,51.90999984741211,51.79999923706055,51.84000015258789,17307,0.0,0.0
2024-06-21 10:35:00-04:00,51.82500076293945,52.0099983215332,51.82500076293945,52.0099983215332,18341,0.0,0.0
2024-06-21 10:40:00-04:00,52.0099983215332,52.09000015258789,51.97999954223633,52.09000015258789,17148,0.0,0.0
2024-06-21 10:45:00-04:00,52.099998474121094,52.125,52.01499938964844,52.125,15852,0.0,0.0
2024-06-21 10:50:00-04:00,52.119998931884766,52.119998931884766,51.959999084472656,51.959999084472656,22804,0.0,0.0
2024-06-21 10:55:00-04:00,51.959999084472656,52.029998779296875,51.95000076293945,52.0099983215332,14561,0.0,0.0
2024-06-21 11:00:00-04:00,52.0099983215332,52.18000030517578,51.9900016784668,52.150001525878906,20260,0.0,0.0
2024-06-21 11:05:00-04:00,52.165000915527344,52.16999816894531,52.099998474121094,52.130001068115234,15167,0.0,0.0
2024-06-21 11:10:00-04:00,52.14500045776367,52.16999816894531,52.06999969482422,52.08000183105469,18210,0.0,0.0
2024-06-21 11:15:00-04:00,52.060001373291016,52.34000015258789,52.060001373291016,52.34000015258789,39326,0.0,0.0
2024-06-21 11:20:00-04:00,52.33000183105469,52.349998474121094,52.25,52.29999923706055,25487,0.0,0.0
2024-06-21 11:25:00-04:00,52.310001373291016,52.31999969482422,52.09000015258789,52.09000015258789,18359,0.0,0.0
2024-06-21 11:30:00-04:00,52.09000015258789,52.130001068115234,52.02000045776367,52.130001068115234,16418,0.0,0.0
2024-06-21 11:35:00-04:00,52.11000061035156,52.13999938964844,52.060001373291016,52.11000061035156,13907,0.0,0.0
2024-06-21 11:40:00-04:00,52.11000061035156,52.2400016784668,52.09000015258789,52.165000915527344,19185,0.0,0.0
2024-06-21 11:45:00-04:00,52.165000915527344,52.209999084472656,52.13999938964844,52.18000030517578,26658,0.0,0.0
2024-06-21 11:50:00-04:00,52.18000030517578,52.41320037841797,52.18000030517578,52.38999938964844,36563,0.0,0.0
2024-06-21 11:55:00-04:00,52.369998931884766,52.380001068115234,52.290000915527344,52.380001068115234,14834,0.0,0.0
2024-06-21 12:00:00-04:00,52.369998931884766,52.369998931884766,52.2599983215332,52.26449966430664,22452,0.0,0.0
2024-06-21 12:05:00-04:00,52.2599983215332,52.34000015258789,52.247798919677734,52.33000183105469,12984,0.0,0.0
2024-06-21 12:10:00-04:00,52.34000015258789,52.349998474121094,52.29999923706055,52.29999923706055,11762,0.0,0.0
2024-06-21 12:15:00-04:00,52.310001373291016,52.31999969482422,52.2400016784668,52.28369903564453,18788,0.0,0.0
2024-06-21 12:20:00-04:00,52.2599983215332,52.27000045776367,52.209999084472656,52.2599983215332,15498,0.0,0.0
2024-06-21 12:25:00-04:00,52.255001068115234,52.290000915527344,52.189998626708984,52.209999084472656,17638,0.0,0.0
2024-06-21 12:30:00-04:00,52.20000076293945,52.2400016784668,52.18000030517578,52.220001220703125,12778,0.0,0.0
2024-06-21 12:35:00-04:00,52.224998474121094,52.28900146484375,52.224998474121094,52.2400016784668,10976,0.0,0.0
2024-06-21 12:40:00-04:00,52.2400016784668,52.25,52.189998626708984,52.189998626708984,14571,0.0,0.0
2024-06-21 12:45:00-04:00,52.18000030517578,52.18000030517578,52.095001220703125,52.099998474121094,14069,0.0,0.0
2024-06-21 12:50:00-04:00,52.11000061035156,52.13999938964844,52.11000061035156,52.13999938964844,16460,0.0,0.0
2024-06-21 12:55:00-04:00,52.130001068115234,52.15999984741211,52.119998931884766,52.130001068115234,14134,0.0,0.0
2024-06-21 13:00:00-04:00,52.099998474121094,52.099998474121094,52.06909942626953,52.08000183105469,8049,0.0,0.0
2024-06-21 13:05:00-04:00,52.08000183105469,52.09000015258789,52.005001068115234,52.04999923706055,18290,0.0,0.0
2024-06-21 13:10:00-04:00,52.06999969482422,52.07500076293945,52.04999923706055,52.06999969482422,8918,0.0,0.0
2024-06-21 13:15:00-04:00,52.08000183105469,52.150001525878906,52.04100036621094,52.04100036621094,21699,0.0,0.0
2024-06-21 13:20:00-04:00,52.029998779296875,52.099998474121094,51.95500183105469,51.97999954223633,18259,0.0,0.0
2024-06-21 13:25:00-04:00,51.957401275634766,51.98500061035156,51.957401275634766,51.959999084472656,6798,0.0,0.0
2024-06-21 13:30:00-04:00,51.959999084472656,51.9900016784668,51.900001525878906,51.91999816894531,11855,0.0,0.0
2024-06-21 13:35:00-04:00,51.91999816894531,51.96540069580078,51.90999984741211,51.939998626708984,12029,0.0,0.0
2024-06-21 13:40:00-04:00,51.95000076293945,51.959999084472656,51.900001525878906,51.959999084472656,13148,0.0,0.0
2024-06-21 13:45:00-04:00,51.95000076293945,52.0,51.95000076293945,51.9900016784668,10618,0.0,0.0
2024-06-21 13:50:00-04:00,51.9900016784668,52.0099983215332,51.939998626708984,51.959999084472656,15958,0.0,0.0
2024-06-21 13:55:00-04:00,51.95000076293945,51.95500183105469,51.900001525878906,51.900001525878906,13529,0.0,0.0
2024-06-21 14:00:00-04:00,51.91999816894531,51.959999084472656,51.904998779296875,51.95000076293945,11467,0.0,0.0
2024-06-21 14:05:00-04:00,51.959999084472656,52.064998626708984,51.959999084472656,52.04999923706055,16928,0.0,0.0
2024-06-21 14:10:00-04:00,52.060001373291016,52.099998474121094,52.040000915527344,52.09000015258789,12031,0.0,0.0
2024-06-21 14:15:00-04:00,52.09000015258789,52.130001068115234,52.06999969482422,52.099998474121094,19817,0.0,0.0
2024-06-21 14:20:00-04:00,52.099998474121094,52.130001068115234,52.07500076293945,52.090999603271484,19404,0.0,0.0
2024-06-21 14:25:00-04:00,52.09000015258789,52.11000061035156,52.04010009765625,52.04010009765625,16078,0.0,0.0
2024-06-21 14:30:00-04:00,52.04499816894531,52.13999938964844,52.04499816894531,52.119998931884766,18044,0.0,0.0
2024-06-21 14:35:00-04:00,52.119998931884766,52.130001068115234,52.08000183105469,52.11000061035156,27996,0.0,0.0
2024-06-21 14:40:00-04:00,52.099998474121094,52.119998931884766,52.040000915527344,52.119998931884766,37542,0.0,0.0
2024-06-21 14:45:00-04:00,52.130001068115234,52.16999816894531,52.11000061035156,52.15999984741211,11293,0.0,0.0
2024-06-21 14:50:00-04:00,52.16999816894531,52.17499923706055,52.095001220703125,52.119998931884766,17046,0.0,0.0
2024-06-21 14:55:00-04:00,52.119998931884766,52.119998931884766,52.04999923706055,52.08000183105469,18620,0.0,0.0
2024-06-21 15:00:00-04:00,52.09000015258789,52.15999984741211,52.08000183105469,52.15999984741211,14050,0.0,0.0
2024-06-21 15:05:00-04:00,52.16999816894531,52.26499938964844,52.13999938964844,52.244998931884766,31494,0.0,0.0
2024-06-21 15:10:00-04:00,52.2599983215332,52.27000045776367,52.209999084472656,52.23500061035156,19855,0.0,0.0
2024-06-21 15:15:00-04:00,52.2400016784668,52.244998931884766,52.16999816894531,52.2400016784668,23198,0.0,0.0
2024-06-21 15:20:00-04:00,52.2400016784668,52.310001373291016,52.189998626708984,52.29999923706055,23734,0.0,0.0
2024-06-21 15:25:00-04:00,52.29999923706055,52.33000183105469,52.279998779296875,52.29999923706055,29868,0.0,0.0
2024-06-21 15:30:00-04:00,52.31999969482422,52.334999084472656,52.29499816894531,52.29999923706055,25523,0.0,0.0
2024-06-21 15:35:00-04:00,52.30500030517578,52.33000183105469,52.290000915527344,52.32500076293945,28487,0.0,0.0
2024-06-21 15:40:00-04:00,52.32500076293945,52.36000061035156,52.2599983215332,52.290000915527344,46629,0.0,0.0
2024-06-21 15:45:00-04:00,52.279998779296875,52.310001373291016,52.22999954223633,52.22999954223633,39428,0.0,0.0
2024-06-21 15:50:00-04:00,52.2599983215332,52.5,52.249000549316406,52.47999954223633,184136,0.0,0.0
2024-06-21 15:55:00-04:00,52.4900016784668,52.91999816894531,52.48979949951172,52.709999084472656,759384,0.0,0.0
2024-06-24 09:30:00-04:00,52.20000076293945,52.439998626708984,51.900001525878906,52.400001525878906,83563,0.0,0.0
2024-06-24 09:35:00-04:00,52.400001525878906,52.42879867553711,52.13999938964844,52.2599983215332,22699,0.0,0.0
2024-06-24 09:40:00-04:00,52.279998779296875,52.348899841308594,52.11000061035156,52.20000076293945,22325,0.0,0.0
2024-06-24 09:45:00-04:00,52.189998626708984,52.189998626708984,51.970001220703125,52.09000015258789,14018,0.0,0.0
2024-06-24 09:50:00-04:00,52.11000061035156,52.34000015258789,52.11000061035156,52.12300109863281,20409,0.0,0.0
2024-06-24 09:55:00-04:00,52.150001525878906,52.150001525878906,52.040000915527344,52.10599899291992,13667,0.0,0.0
2024-06-24 10:00:00-04:00,52.20500183105469,52.70000076293945,52.20009994506836,52.650001525878906,28546,0.0,0.0
2024-06-24 10:05:00-04:00,52.709999084472656,52.720001220703125,52.52000045776367,52.720001220703125,26637,0.0,0.0
2024-06-24 10:10:00-04:00,52.720001220703125,52.72999954223633,52.59000015258789,52.72999954223633,16270,0.0,0.0
2024-06-24 10:15:00-04:00,52.709999084472656,52.81999969482422,52.630001068115234,52.81999969482422,16898,0.0,0.0
2024-06-24 10:20:00-04:00,52.810001373291016,52.83000183105469,52.685001373291016,52.79999923706055,16772,0.0,0.0
2024-06-24 10:25:00-04:00,52.79999923706055,52.81999969482422,52.72999954223633,52.72999954223633,24457,0.0,0.0
2024-06-24 10:30:00-04:00,52.724998474121094,52.81999969482422,52.65999984741211,52.70000076293945,40324,0.0,0.0
2024-06-24 10:35:00-04:00,52.69499969482422,52.744998931884766,52.63999938964844,52.70000076293945,28180,0.0,0.0
2024-06-24 10:40:00-04:00,52.70000076293945,52.70000076293945,52.580501556396484,52.619998931884766,23515,0.0,0.0
2024-06-24 10:45:00-04:00,52.630001068115234,52.65999984741211,52.599998474121094,52.599998474121094,20806,0.0,0.0
2024-06-24 10:50:00-04:00,52.59000015258789,52.630001068115234,52.470001220703125,52.5,21179,0.0,0.0
2024-06-24 10:55:00-04:00,52.5,52.54999923706055,52.47010040283203,52.53499984741211,21769,0.0,0.0
2024-06-24 11:00:00-04:00,52.529998779296875,52.529998779296875,52.45000076293945,52.5099983215332,13232,0.0,0.0
2024-06-24 11:05:00-04:00,52.5099983215332,52.5099983215332,52.404998779296875,52.40999984741211,13435,0.0,0.0
2024-06-24 11:10:00-04:00,52.40999984741211,52.45000076293945,52.380001068115234,52.38999938964844,16412,0.0,0.0
2024-06-24 11:15:00-04:00,52.400001525878906,52.4379997253418,52.400001525878906,52.404998779296875,15332,0.0,0.0
2024-06-24 11:20:00-04:00,52.404998779296875,52.45500183105469,52.37030029296875,52.37030029296875,18682,0.0,0.0
2024-06-24 11:25:00-04:00,52.375999450683594,52.400001525878906,52.351898193359375,52.369998931884766,15009,0.0,0.0
2024-06-24 11:30:00-04:00,52.36000061035156,52.36000061035156,52.290000915527344,52.29079818725586,14271,0.0,0.0
2024-06-24 11:35:00-04:00,52.27000045776367,52.31999969482422,52.21799850463867,52.29999923706055,14616,0.0,0.0
2024-06-24 11:40:00-04:00,52.29999923706055,52.34000015258789,52.29999923706055,52.29999923706055,13578,0.0,0.0
2024-06-24 11:45:00-04:00,52.290000915527344,52.310001373291016,52.279998779296875,52.29999923706055,13561,0.0,0.0
2024-06-24 11:50:00-04:00,52.319000244140625,52.319000244140625,52.22200012207031,52.2400016784668,16653,0.0,0.0
2024-06-24 11:55:00-04:00,52.2400016784668,52.2599983215332,52.189998626708984,52.209999084472656,15550,0.0,0.0
2024-06-24 12:00:00-04:00,52.20000076293945,52.26499938964844,52.17499923706055,52.18000030517578,14092,0.0,0.0
2024-06-24 12:05:00-04:00,52.13999938964844,52.13999938964844,52.060001373291016,52.125,18710,0.0,0.0
2024-06-24 12:10:00-04:00,52.11000061035156,52.150001525878906,52.060001373291016,52.150001525878906,14716,0.0,0.0
2024-06-24 12:15:00-04:00,52.14500045776367,52.189998626708984,52.119998931884766,52.154998779296875,16304,0.0,0.0
2024-06-24 12:20:00-04:00,52.150001525878906,52.20000076293945,52.13999938964844,52.20000076293945,14583,0.0,0.0
2024-06-24 12:25:00-04:00,52.18000030517578,52.18000030517578,52.06999969482422,52.08000183105469,21026,0.0,0.0
2024-06-24 12:30:00-04:00,52.084999084472656,52.21900177001953,52.084999084472656,52.21500015258789,52939,0.0,0.0
2024-06-24 12:35:00-04:00,52.209999084472656,52.214698791503906,52.04499816894531,52.059200286865234,15379,0.0,0.0
2024-06-24 12:40:00-04:00,52.06999969482422,52.09000015258789,52.02000045776367,52.029998779296875,17158,0.0,0.0
2024-06-24 12:45:00-04:00,52.0,52.02949905395508,51.970001220703125,51.9900016784668,14477,0.0,0.0
2024-06-24 12:50:00-04:00,51.9900016784668,51.9900016784668,51.90999984741211,51.90999984741211,17481,0.0,0.0
2024-06-24 12:55:00-04:00,51.90999984741211,51.93000030517578,51.869998931884766,51.900001525878906,12562,0.0,0.0
2024-06-24 13:00:00-04:00,51.90999984741211,51.93000030517578,51.90999984741211,51.90999984741211,12688,0.0,0.0
2024-06-24 13:05:00-04:00,51.90999984741211,51.90999984741211,51.75,51.760101318359375,14551,0.0,0.0
2024-06-24 13:10:00-04:00,51.75,51.779998779296875,51.7400016784668,51.77000045776367,16499,0.0,0.0
2024-06-24 13:15:00-04:00,51.7599983215332,51.779998779296875,51.7400016784668,51.75,25926,0.0,0.0
2024-06-24 13:20:00-04:00,51.75,51.79999923706055,51.685001373291016,51.7598991394043,16003,0.0,0.0
2024-06-24 13:25:00-04:00,51.75,51.75,51.689998626708984,51.709999084472656,9589,0.0,0.0
2024-06-24 13:30:00-04:00,51.70000076293945,51.709999084472656,51.619998931884766,51.6349983215332,10527,0.0,0.0
2024-06-24 13:35:00-04:00,51.630001068115234,51.66999816894531,51.599998474121094,51.66999816894531,13083,0.0,0.0
2024-06-24 13:40:00-04:00,51.66999816894531,51.66999816894531,51.599998474121094,51.66999816894531,16442,0.0,0.0
2024-06-24 13:45:00-04:00,51.709999084472656,51.709999084472656,51.650001525878906,51.673500061035156,13995,0.0,0.0
2024-06-24 13:50:00-04:00,51.65999984741211,51.66899871826172,51.650001525878906,51.654998779296875,10320,0.0,0.0
2024-06-24 13:55:00-04:00,51.64500045776367,51.70000076293945,51.599998474121094,51.60660171508789,10000,0.0,0.0
2024-06-24 14:00:00-04:00,51.61000061035156,51.61000061035156,51.52000045776367,51.58000183105469,33928,0.0,0.0
2024-06-24 14:05:00-04:00,51.56999969482422,51.59000015258789,51.560001373291016,51.560001373291016,10534,0.0,0.0
2024-06-24 14:10:00-04:00,51.56999969482422,51.630001068115234,51.56999969482422,51.56999969482422,14518,0.0,0.0
2024-06-24 14:15:00-04:00,51.56999969482422,51.58000183105469,51.560001373291016,51.58000183105469,9607,0.0,0.0
2024-06-24 14:20:00-04:00,51.58000183105469,51.685001373291016,51.56999969482422,51.66999816894531,24925,0.0,0.0
2024-06-24 14:25:00-04:00,51.68000030517578,51.72999954223633,51.6349983215332,51.709999084472656,15632,0.0,0.0
2024-06-24 14:30:00-04:00,51.709999084472656,51.7400016784668,51.691001892089844,51.720001220703125,16051,0.0,0.0
2024-06-24 14:35:00-04:00,51.720001220703125,51.79999923706055,51.720001220703125,51.748600006103516,28012,0.0,0.0
2024-06-24 14:40:00-04:00,51.75,51.81999969482422,51.7400016784668,51.814998626708984,17745,0.0,0.0
2024-06-24 14:45:00-04:00,51.810001373291016,51.849998474121094,51.800498962402344,51.814998626708984,14040,0.0,0.0
2024-06-24 14:50:00-04:00,51.83000183105469,51.869998931884766,51.83000183105469,51.845001220703125,15062,0.0,0.0
2024-06-24 14:55:00-04:00,51.845001220703125,51.85900115966797,51.79999923706055,51.85499954223633,17981,0.0,0.0
2024-06-24 15:00:00-04:00,51.86000061035156,51.90999984741211,51.86000061035156,51.880001068115234,17195,0.0,0.0
2024-06-24 15:05:00-04:00,51.88999938964844,51.994598388671875,51.88999938964844,51.9900016784668,16276,0.0,0.0
2024-06-24 15:10:00-04:00,51.999000549316406,52.029998779296875,51.970001220703125,51.97999954223633,16613,0.0,0.0
2024-06-24 15:15:00-04:00,51.97999954223633,51.9900016784668,51.90999984741211,51.939998626708984,19689,0.0,0.0
2024-06-24 15:20:00-04:00,51.95000076293945,52.0,51.939998626708984,51.970001220703125,19216,0.0,0.0
2024-06-24 15:25:00-04:00,51.96500015258789,52.0,51.91999816894531,52.0,23478,0.0,0.0
2024-06-24 15:30:00-04:00,52.0,52.099998474121094,51.9900016784668,52.099998474121094,27755,0.0,0.0
2024-06-24 15:35:00-04:00,52.11000061035156,52.11000061035156,52.02000045776367,52.02000045776367,35829,0.0,0.0
2024-06-24 15:40:00-04:00,52.0099983215332,52.0099983215332,51.939998626708984,52.0,38632,0.0,0.0
2024-06-24 15:45:00-04:00,51.9900016784668,51.9900016784668,51.88999938964844,51.88999938964844,41083,0.0,0.0
2024-06-24 15:50:00-04:00,51.900001525878906,51.95000076293945,51.790000915527344,51.790000915527344,68074,0.0,0.0
2024-06-24 15:55:00-04:00,51.790000915527344,51.79999923706055,51.68000030517578,51.68000030517578,145879,0.0,0.0
2024-06-25 09:30:00-04:00,51.77000045776367,51.779998779296875,51.560001373291016,51.65999984741211,450513,0.0,0.0
2024-06-25 09:35:00-04:00,51.599998474121094,51.63330078125,51.349998474121094,51.36000061035156,14372,0.0,0.0
2024-06-25 09:40:00-04:00,51.34000015258789,51.5099983215332,51.29999923706055,51.505001068115234,20213,0.0,0.0
2024-06-25 09:45:00-04:00,51.459999084472656,51.52000045776367,51.3849983215332,51.439998626708984,20819,0.0,0.0
2024-06-25 09:50:00-04:00,51.43000030517578,51.439998626708984,51.13999938964844,51.20000076293945,24582,0.0,0.0
2024-06-25 09:55:00-04:00,51.189998626708984,51.2599983215332,51.15999984741211,51.17499923706055,13112,0.0,0.0
2024-06-25 10:00:00-04:00,51.189998626708984,51.38999938964844,51.13999938964844,51.38999938964844,12013,0.0,0.0
2024-06-25 10:05:00-04:00,51.380001068115234,51.6150016784668,51.36000061035156,51.54999923706055,43944,0.0,0.0
2024-06-25 10:10:00-04:00,51.54999923706055,51.689998626708984,51.540000915527344,51.58000183105469,14432,0.0,0.0
2024-06-25 10:15:00-04:00,51.57500076293945,51.57500076293945,51.52000045776367,51.52000045776367,11781,0.0,0.0
2024-06-25 10:20:00-04:00,51.540000915527344,51.66999816894531,51.5099983215332,51.66999816894531,10173,0.0,0.0
2024-06-25 10:25:00-04:00,51.66999816894531,51.71500015258789,51.630001068115234,51.65999984741211,15712,0.0,0.0
2024-06-25 10:30:00-04:00,51.650001525878906,51.66999816894531,51.619998931884766,51.66999816894531,14187,0.0,0.0
2024-06-25 10:35:00-04:00,51.68000030517578,51.70000076293945,51.65999984741211,51.67499923706055,18066,0.0,0.0
2024-06-25 10:40:00-04:00,51.67499923706055,51.76750183105469,51.66999816894531,51.76499938964844,17516,0.0,0.0
2024-06-25 10:45:00-04:00,51.7599983215332,51.7599983215332,51.68000030517578,51.70000076293945,20571,0.0,0.0
2024-06-25 10:50:00-04:00,51.70000076293945,51.724998474121094,51.68000030517578,51.709999084472656,16516,0.0,0.0
2024-06-25 10:55:00-04:00,51.66999816894531,51.81999969482422,51.66999816894531,51.755001068115234,25373,0.0,0.0
2024-06-25 11:00:00-04:00,51.70800018310547,51.70800018310547,51.65999984741211,51.665000915527344,15262,0.0,0.0
2024-06-25 11:05:00-04:00,51.665000915527344,51.720001220703125,51.61249923706055,51.64500045776367,29151,0.0,0.0
2024-06-25 11:10:00-04:00,51.65999984741211,51.689998626708984,51.630001068115234,51.66080093383789,12738,0.0,0.0
2024-06-25 11:15:00-04:00,51.68000030517578,51.7400016784668,51.61000061035156,51.619998931884766,19582,0.0,0.0
2024-06-25 11:20:00-04:00,51.58000183105469,51.60499954223633,51.4900016784668,51.54999923706055,38396,0.0,0.0
2024-06-25 11:25:00-04:00,51.58000183105469,51.58000183105469,51.52000045776367,51.564998626708984,12349,0.0,0.0
2024-06-25 11:30:00-04:00,51.56999969482422,51.59000015258789,51.459999084472656,51.5,13685,0.0,0.0
2024-06-25 11:35:00-04:00,51.5099983215332,51.52199935913086,51.4900016784668,51.5099983215332,11964,0.0,0.0
2024-06-25 11:40:00-04:00,51.512001037597656,51.529998779296875,51.41999816894531,51.52000045776367,14558,0.0,0.0
2024-06-25 11:45:00-04:00,51.529998779296875,51.540000915527344,51.505001068115234,51.5099983215332,12330,0.0,0.0
2024-06-25 11:50:00-04:00,51.494998931884766,51.494998931884766,51.40999984741211,51.439998626708984,14478,0.0,0.0
2024-06-25 11:55:00-04:00,51.44499969482422,51.44499969482422,51.40999984741211,51.41999816894531,10032,0.0,0.0
2024-06-25 12:00:00-04:00,51.400001525878906,51.404998779296875,51.380001068115234,51.38999938964844,7353,0.0,0.0
2024-06-25 12:05:00-04:00,51.3931999206543,51.400001525878906,51.345001220703125,51.349998474121094,9737,0.0,0.0
2024-06-25 12:10:00-04:00,51.369998931884766,51.38999938964844,51.36000061035156,51.38999938964844,11053,0.0,0.0
2024-06-25 12:15:00-04:00,51.38999938964844,51.400001525878906,51.310001373291016,51.310001373291016,14825,0.0,0.0
2024-06-25 12:20:00-04:00,51.310001373291016,51.34000015258789,51.310001373291016,51.34000015258789,7919,0.0,0.0
2024-06-25 12:25:00-04:00,51.349998474121094,51.380001068115234,51.349998474121094,51.369998931884766,11796,0.0,0.0
2024-06-25 12:30:00-04:00,51.36000061035156,51.36000061035156,51.28499984741211,51.29999923706055,13041,0.0,0.0
2024-06-25 12:35:00-04:00,51.30500030517578,51.349998474121094,51.29499816894531,51.349998474121094,10870,0.0,0.0
2024-06-25 12:40:00-04:00,51.349998474121094,51.349998474121094,51.33000183105469,51.339900970458984,7601,0.0,0.0
2024-06-25 12:45:00-04:00,51.349998474121094,51.36000061035156,51.290000915527344,51.33000183105469,12529,0.0,0.0
2024-06-25 12:50:00-04:00,51.33000183105469,51.34000015258789,51.310001373291016,51.33000183105469,10854,0.0,0.0
2024-06-25 12:55:00-04:00,51.34000015258789,51.349998474121094,51.310001373291016,51.31999969482422,9579,0.0,0.0
2024-06-25 13:00:00-04:00,51.29999923706055,51.33000183105469,51.290000915527344,51.31999969482422,8265,0.0,0.0
2024-06-25 13:05:00-04:00,51.310001373291016,51.31999969482422,51.290000915527344,51.310001373291016,6849,0.0,0.0
2024-06-25 13:10:00-04:00,51.31999969482422,51.36000061035156,51.31999969482422,51.36000061035156,12195,0.0,0.0
2024-06-25 13:15:00-04:00,51.3650016784668,51.3650016784668,51.33000183105469,51.34000015258789,8168,0.0,0.0
2024-06-25 13:20:00-04:00,51.339500427246094,51.349998474121094,51.31999969482422,51.349998474121094,6831,0.0,0.0
2024-06-25 13:25:00-04:00,51.349998474121094,51.349998474121094,51.33000183105469,51.33000183105469,9360,0.0,0.0
2024-06-25 13:30:00-04:00,51.334999084472656,51.38999938964844,51.33000183105469,51.38019943237305,8382,0.0,0.0
2024-06-25 13:35:00-04:00,51.400001525878906,51.435001373291016,51.39500045776367,51.435001373291016,11382,0.0,0.0
2024-06-25 13:40:00-04:00,51.439998626708984,51.47999954223633,51.43000030517578,51.439998626708984,19806,0.0,0.0
2024-06-25 13:45:00-04:00,51.439998626708984,51.470001220703125,51.439998626708984,51.46500015258789,9417,0.0,0.0
2024-06-25 13:50:00-04:00,51.470001220703125,51.529998779296875,51.46500015258789,51.529998779296875,11121,0.0,0.0
2024-06-25 13:55:00-04:00,51.53499984741211,51.56999969482422,51.51139831542969,51.51139831542969,13651,0.0,0.0
2024-06-25 14:00:00-04:00,51.52000045776367,51.57500076293945,51.51499938964844,51.57500076293945,6588,0.0,0.0
2024-06-25 14:05:00-04:00,51.56999969482422,51.599998474121094,51.54999923706055,51.599998474121094,13031,0.0,0.0
2024-06-25 14:10:00-04:00,51.61000061035156,51.630001068115234,51.59000015258789,51.619998931884766,17841,0.0,0.0
2024-06-25 14:15:00-04:00,51.619998931884766,51.669498443603516,51.619998931884766,51.65999984741211,7311,0.0,0.0
2024-06-25 14:20:00-04:00,51.65999984741211,51.70000076293945,51.65999984741211,51.68000030517578,13393,0.0,0.0
2024-06-25 14:25:00-04:00,51.69990158081055,51.69990158081055,51.650001525878906,51.66999816894531,9171,0.0,0.0
2024-06-25 14:30:00-04:00,51.65999984741211,51.70750045776367,51.650001525878906,51.70750045776367,11701,0.0,0.0
2024-06-25 14:35:00-04:00,51.709999084472656,51.77000045776367,51.709999084472656,51.77000045776367,9079,0.0,0.0
2024-06-25 14:40:00-04:00,51.7599983215332,51.77989959716797,51.7400016784668,51.7599983215332,12845,0.0,0.0
2024-06-25 14:45:00-04:00,51.779998779296875,51.81999969482422,51.779998779296875,51.779998779296875,10380,0.0,0.0
2024-06-25 14:50:00-04:00,51.786800384521484,51.79999923706055,51.78499984741211,51.79999923706055,11559,0.0,0.0
2024-06-25 14:55:00-04:00,51.810001373291016,51.849998474121094,51.79999923706055,51.81999969482422,31973,0.0,0.0
2024-06-25 15:00:00-04:00,51.81999969482422,51.81999969482422,51.79309844970703,51.79309844970703,9184,0.0,0.0
2024-06-25 15:05:00-04:00,51.79999923706055,51.810001373291016,51.78499984741211,51.79999923706055,13963,0.0,0.0
2024-06-25 15:10:00-04:00,51.80500030517578,51.810001373291016,51.790000915527344,51.79949951171875,15142,0.0,0.0
2024-06-25 15:15:00-04:00,51.79999923706055,51.79999923706055,51.76250076293945,51.77000045776367,15215,0.0,0.0
2024-06-25 15:20:00-04:00,51.7599983215332,51.790000915527344,51.720001220703125,51.78499984741211,17850,0.0,0.0
2024-06-25 15:25:00-04:00,51.790000915527344,51.845001220703125,51.790000915527344,51.810001373291016,18829,0.0,0.0
2024-06-25 15:30:00-04:00,51.79999923706055,51.79999923706055,51.744998931884766,51.76499938964844,16475,0.0,0.0
2024-06-25 15:35:00-04:00,51.7599983215332,51.779998779296875,51.72999954223633,51.779998779296875,34140,0.0,0.0
2024-06-25 15:40:00-04:00,51.779998779296875,51.78099822998047,51.73099899291992,51.75,27569,0.0,0.0
2024-06-25 15:45:00-04:00,51.750099182128906,51.755001068115234,51.665000915527344,51.709999084472656,20267,0.0,0.0
2024-06-25 15:50:00-04:00,51.70000076293945,51.71500015258789,51.61000061035156,51.619998931884766,33261,0.0,0.0
2024-06-25 15:55:00-04:00,51.61000061035156,51.619998931884766,51.5099983215332,51.529998779296875,108531,0.0,0.0
2024-06-26 09:30:00-04:00,51.61000061035156,51.61000061035156,51.38999938964844,51.4900016784668,52137,0.0,0.0
2024-06-26 09:35:00-04:00,51.470001220703125,51.84000015258789,51.43000030517578,51.7599983215332,29615,0.0,0.0
2024-06-26 09:40:00-04:00,51.63999938964844,51.63999938964844,51.439998626708984,51.45000076293945,8489,0.0,0.0
2024-06-26 09:45:00-04:00,51.52000045776367,51.52000045776367,51.290000915527344,51.34000015258789,17647,0.0,0.0
2024-06-26 09:50:00-04:00,51.349998474121094,51.4900016784668,51.31999969482422,51.47999954223633,11770,0.0,0.0
2024-06-26 09:55:00-04:00,51.481998443603516,51.56999969482422,51.44499969482422,51.529998779296875,14227,0.0,0.0
2024-06-26 10:00:00-04:00,51.505001068115234,51.772499084472656,51.505001068115234,51.630001068115234,22180,0.0,0.0
2024-06-26 10:05:00-04:00,51.630001068115234,51.65999984741211,51.45000076293945,51.5,31667,0.0,0.0
2024-06-26 10:10:00-04:00,51.5099983215332,51.529998779296875,51.38010025024414,51.529998779296875,16366,0.0,0.0
2024-06-26 10:15:00-04:00,51.549598693847656,51.650001525878906,51.51499938964844,51.599998474121094,7319,0.0,0.0
2024-06-26 10:20:00-04:00,51.599998474121094,51.599998474121094,51.45000076293945,51.53499984741211,9981,0.0,0.0
2024-06-26 10:25:00-04:00,51.61000061035156,51.650001525878906,51.529998779296875,51.553001403808594,13082,0.0,0.0
2024-06-26 10:30:00-04:00,51.54999923706055,51.7400016784668,51.54499816894531,51.665000915527344,19109,0.0,0.0
2024-06-26 10:35:00-04:00,51.65999984741211,51.65999984741211,51.560001373291016,51.58000183105469,14945,0.0,0.0
2024-06-26 10:40:00-04:00,51.56999969482422,51.599998474121094,51.52000045776367,51.599998474121094,11115,0.0,0.0
2024-06-26 10:45:00-04:00,51.59000015258789,51.650001525878906,51.58000183105469,51.63999938964844,9290,0.0,0.0
2024-06-26 10:50:00-04:00,51.63999938964844,51.65999984741211,51.60499954223633,51.63999938964844,9925,0.0,0.0
2024-06-26 10:55:00-04:00,51.63999938964844,51.65999984741211,51.61000061035156,51.625,8705,0.0,0.0
2024-06-26 11:00:00-04:00,51.63999938964844,51.7400016784668,51.630001068115234,51.7400016784668,19010,0.0,0.0
2024-06-26 11:05:00-04:00,51.79999923706055,51.84000015258789,51.768798828125,51.84000015258789,14525,0.0,0.0
2024-06-26 11:10:00-04:00,51.84000015258789,51.84000015258789,51.66999816894531,51.685001373291016,18021,0.0,0.0
2024-06-26 11:15:00-04:00,51.689998626708984,51.689998626708984,51.619998931884766,51.65999984741211,9767,0.0,0.0
2024-06-26 11:20:00-04:00,51.66999816894531,51.720001220703125,51.625,51.709999084472656,26716,0.0,0.0
2024-06-26 11:25:00-04:00,51.720001220703125,51.790000915527344,51.65999984741211,51.77000045776367,17156,0.0,0.0
2024-06-26 11:30:00-04:00,51.779998779296875,51.779998779296875,51.630001068115234,51.650001525878906,16953,0.0,0.0
2024-06-26 11:35:00-04:00,51.650001525878906,51.70000076293945,51.650001525878906,51.654998779296875,15088,0.0,0.0
2024-06-26 11:40:00-04:00,51.654998779296875,51.73160171508789,51.650001525878906,51.720001220703125,20464,0.0,0.0
2024-06-26 11:45:00-04:00,51.709999084472656,51.77000045776367,51.70000076293945,51.77000045776367,15195,0.0,0.0
2024-06-26 11:50:00-04:00,51.7599983215332,51.77000045776367,51.709999084472656,51.77000045776367,14645,0.0,0.0
2024-06-26 11:55:00-04:00,51.7599983215332,51.7599983215332,51.70000076293945,51.70000076293945,8805,0.0,0.0
2024-06-26 12:00:00-04:00,51.689998626708984,51.70000076293945,51.619998931884766,51.619998931884766,19487,0.0,0.0
2024-06-26 12:05:00-04:00,51.61000061035156,51.650001525878906,51.595001220703125,51.610198974609375,5901,0.0,0.0
2024-06-26 12:10:00-04:00,51.61000061035156,51.61000061035156,51.5,51.540000915527344,19925,0.0,0.0
2024-06-26 12:15:00-04:00,51.54399871826172,51.54999923706055,51.47999954223633,51.54999923706055,15329,0.0,0.0
2024-06-26 12:20:00-04:00,51.54999923706055,51.560001373291016,51.4900016784668,51.540000915527344,14576,0.0,0.0
2024-06-26 12:25:00-04:00,51.54750061035156,51.55500030517578,51.52000045776367,51.52000045776367,18415,0.0,0.0
2024-06-26 12:30:00-04:00,51.5099983215332,51.5099983215332,51.470001220703125,51.470001220703125,9765,0.0,0.0
2024-06-26 12:35:00-04:00,51.47999954223633,51.54999923706055,51.477500915527344,51.5099983215332,30429,0.0,0.0
2024-06-26 12:40:00-04:00,51.5,51.560001373291016,51.5,51.5099983215332,17440,0.0,0.0
2024-06-26 12:45:00-04:00,51.529998779296875,51.54999923706055,51.48500061035156,51.54999923706055,27628,0.0,0.0
2024-06-26 12:50:00-04:00,51.560001373291016,51.57500076293945,51.52000045776367,51.52000045776367,14906,0.0,0.0
2024-06-26 12:55:00-04:00,51.527099609375,51.58000183105469,51.52000045776367,51.560001373291016,12442,0.0,0.0
2024-06-26 13:00:00-04:00,51.56999969482422,51.56999969482422,51.529998779296875,51.529998779296875,15440,0.0,0.0
2024-06-26 13:05:00-04:00,51.522499084472656,51.529998779296875,51.470001220703125,51.5099983215332,18626,0.0,0.0
2024-06-26 13:10:00-04:00,51.51499938964844,51.540000915527344,51.38999938964844,51.40999984741211,13407,0.0,0.0
2024-06-26 13:15:00-04:00,51.41999816894531,51.439998626708984,51.38949966430664,51.39500045776367,27627,0.0,0.0
2024-06-26 13:20:00-04:00,51.369998931884766,51.41999816894531,51.349998474121094,51.36000061035156,12899,0.0,0.0
2024-06-26 13:25:00-04:00,51.349998474121094,51.38999938964844,51.345001220703125,51.369998931884766,12095,0.0,0.0
2024-06-26 13:30:00-04:00,51.369998931884766,51.40999984741211,51.369998931884766,51.40999984741211,16286,0.0,0.0
2024-06-26 13:35:00-04:00,51.41999816894531,51.41999816894531,51.34000015258789,51.349998474121094,12014,0.0,0.0
2024-06-26 13:40:00-04:00,51.349998474121094,51.400001525878906,51.345001220703125,51.380001068115234,18014,0.0,0.0
2024-06-26 13:45:00-04:00,51.380001068115234,51.43000030517578,51.375,51.38999938964844,18057,0.0,0.0
2024-06-26 13:50:00-04:00,51.38999938964844,51.435001373291016,51.38999938964844,51.435001373291016,10932,0.0,0.0
2024-06-26 13:55:00-04:00,51.43600082397461,51.470001220703125,51.43000030517578,51.45500183105469,22952,0.0,0.0
2024-06-26 14:00:00-04:00,51.45000076293945,51.4900016784668,51.41999816894531,51.470001220703125,14939,0.0,0.0
2024-06-26 14:05:00-04:00,51.470001220703125,51.560001373291016,51.470001220703125,51.54999923706055,15912,0.0,0.0
2024-06-26 14:10:00-04:00,51.58000183105469,51.630001068115234,51.56999969482422,51.630001068115234,12192,0.0,0.0
2024-06-26 14:15:00-04:00,51.630001068115234,51.65999984741211,51.619998931884766,51.619998931884766,22837,0.0,0.0
2024-06-26 14:20:00-04:00,51.6245002746582,51.70000076293945,51.6245002746582,51.70000076293945,11060,0.0,0.0
2024-06-26 14:25:00-04:00,51.709999084472656,51.720001220703125,51.650001525878906,51.709999084472656,21519,0.0,0.0
2024-06-26 14:30:00-04:00,51.70000076293945,51.7599983215332,51.70000076293945,51.7599983215332,31753,0.0,0.0
2024-06-26 14:35:00-04:00,51.77000045776367,51.77000045776367,51.709999084472656,51.709999084472656,10353,0.0,0.0
2024-06-26 14:40:00-04:00,51.70500183105469,51.720001220703125,51.68000030517578,51.709999084472656,18902,0.0,0.0
2024-06-26 14:45:00-04:00,51.709999084472656,51.79999923706055,51.709999084472656,51.79999923706055,11623,0.0,0.0
2024-06-26 14:50:00-04:00,51.79999923706055,51.79999923706055,51.720001220703125,51.724998474121094,22857,0.0,0.0
2024-06-26 14:55:00-04:00,51.724998474121094,51.727500915527344,51.66999816894531,51.689998626708984,32368,0.0,0.0
2024-06-26 15:00:00-04:00,51.68989944458008,51.68989944458008,51.61000061035156,51.650001525878906,12642,0.0,0.0
2024-06-26 15:05:00-04:00,51.650001525878906,51.689998626708984,51.630001068115234,51.654998779296875,20771,0.0,0.0
2024-06-26 15:10:00-04:00,51.650001525878906,51.650001525878906,51.599998474121094,51.60499954223633,17424,0.0,0.0
2024-06-26 15:15:00-04:00,51.60499954223633,51.60860061645508,51.58000183105469,51.595001220703125,11002,0.0,0.0
2024-06-26 15:20:00-04:00,51.59000015258789,51.59000015258789,51.52080154418945,51.54499816894531,31961,0.0,0.0
2024-06-26 15:25:00-04:00,51.54999923706055,51.55500030517578,51.52000045776367,51.54100036621094,29988,0.0,0.0
2024-06-26 15:30:00-04:00,51.54499816894531,51.54999923706055,51.5,51.505001068115234,27474,0.0,0.0
2024-06-26 15:35:00-04:00,51.505001068115234,51.52989959716797,51.45000076293945,51.459999084472656,36648,0.0,0.0
2024-06-26 15:40:00-04:00,51.459999084472656,51.474998474121094,51.40999984741211,51.435001373291016,45823,0.0,0.0
2024-06-26 15:45:00-04:00,51.43000030517578,51.459999084472656,51.40999984741211,51.40999984741211,37873,0.0,0.0
2024-06-26 15:50:00-04:00,51.43000030517578,51.58000183105469,51.40999984741211,51.560001373291016,81879,0.0,0.0
2024-06-26 15:55:00-04:00,51.560001373291016,51.650001525878906,51.51259994506836,51.599998474121094,189761,0.0,0.0
2024-06-27 09:30:00-04:00,51.5,51.689998626708984,51.415000915527344,51.61000061035156,45558,0.0,0.0
2024-06-27 09:35:00-04:00,51.63999938964844,51.68000030517578,51.54999923706055,51.630001068115234,12572,0.0,0.0
2024-06-27 09:40:00-04:00,51.630001068115234,52.02000045776367,51.630001068115234,52.02000045776367,44658,0.0,0.0
2024-06-27 09:45:00-04:00,51.97999954223633,52.087398529052734,51.939998626708984,52.0,14866,0.0,0.0
2024-06-27 09:50:00-04:00,51.97999954223633,52.029998779296875,51.790000915527344,52.029998779296875,21834,0.0,0.0
2024-06-27 09:55:00-04:00,51.97999954223633,52.099998474121094,51.97999954223633,52.099998474121094,7125,0.0,0.0
2024-06-27 10:00:00-04:00,52.099998474121094,52.2400016784668,52.08000183105469,52.2400016784668,10568,0.0,0.0
2024-06-27 10:05:00-04:00,52.2599983215332,52.584999084472656,52.2599983215332,52.56050109863281,72973,0.0,0.0
2024-06-27 10:10:00-04:00,52.58000183105469,52.654998779296875,52.51139831542969,52.560001373291016,60374,0.0,0.0
2024-06-27 10:15:00-04:00,52.55730056762695,52.57500076293945,52.47999954223633,52.53499984741211,28712,0.0,0.0
2024-06-27 10:20:00-04:00,52.525001525878906,52.75,52.52000045776367,52.744998931884766,35521,0.0,0.0
2024-06-27 10:25:00-04:00,52.75,52.810001373291016,52.685001373291016,52.79999923706055,26798,0.0,0.0
2024-06-27 10:30:00-04:00,52.79999923706055,52.79999923706055,52.58000183105469,52.61000061035156,19011,0.0,0.0
2024-06-27 10:35:00-04:00,52.59000015258789,52.709999084472656,52.529998779296875,52.609901428222656,18521,0.0,0.0
2024-06-27 10:40:00-04:00,52.58000183105469,52.7599983215332,52.58000183105469,52.70029830932617,19713,0.0,0.0
2024-06-27 10:45:00-04:00,52.70000076293945,52.810001373291016,52.70000076293945,52.790000915527344,17619,0.0,0.0
2024-06-27 10:50:00-04:00,52.810001373291016,52.939998626708984,52.74660110473633,52.935001373291016,62675,0.0,0.0
2024-06-27 10:55:00-04:00,52.939998626708984,53.099998474121094,52.92499923706055,53.02000045776367,104087,0.0,0.0
2024-06-27 11:00:00-04:00,53.0099983215332,53.099998474121094,53.005001068115234,53.079498291015625,33572,0.0,0.0
2024-06-27 11:05:00-04:00,53.060001373291016,53.16999816894531,53.040000915527344,53.15999984741211,21994,0.0,0.0
2024-06-27 11:10:00-04:00,53.17499923706055,53.2400016784668,53.130001068115234,53.22010040283203,23245,0.0,0.0
2024-06-27 11:15:00-04:00,53.2400016784668,53.314998626708984,53.2400016784668,53.30500030517578,26655,0.0,0.0
2024-06-27 11:20:00-04:00,53.307098388671875,53.349998474121094,53.119998931884766,53.16999816894531,38391,0.0,0.0
2024-06-27 11:25:00-04:00,53.167999267578125,53.21500015258789,53.10169982910156,53.16999816894531,17594,0.0,0.0
2024-06-27 11:30:00-04:00,53.18360137939453,53.18360137939453,53.0099983215332,53.040000915527344,11828,0.0,0.0
2024-06-27 11:35:00-04:00,53.03499984741211,53.20000076293945,53.03499984741211,53.20000076293945,28387,0.0,0.0
2024-06-27 11:40:00-04:00,53.189998626708984,53.255001068115234,53.0994987487793,53.119998931884766,33374,0.0,0.0
2024-06-27 11:45:00-04:00,53.099998474121094,53.11000061035156,53.0099983215332,53.029998779296875,23409,0.0,0.0
2024-06-27 11:50:00-04:00,53.029998779296875,53.060001373291016,52.959999084472656,53.04999923706055,42537,0.0,0.0
2024-06-27 11:55:00-04:00,53.0,53.04999923706055,52.95000076293945,53.03300094604492,16183,0.0,0.0
2024-06-27 12:00:00-04:00,53.04499816894531,53.130001068115234,53.03300094604492,53.12969970703125,12986,0.0,0.0
2024-06-27 12:05:00-04:00,53.130001068115234,53.20000076293945,53.064998626708984,53.137699127197266,16103,0.0,0.0
2024-06-27 12:10:00-04:00,53.14500045776367,53.220001220703125,53.14500045776367,53.21500015258789,14426,0.0,0.0
2024-06-27 12:15:00-04:00,53.21580123901367,53.22909927368164,53.170799255371094,53.189998626708984,14064,0.0,0.0
2024-06-27 12:20:00-04:00,53.16999816894531,53.170101165771484,53.11000061035156,53.15999984741211,13637,0.0,0.0
2024-06-27 12:25:00-04:00,53.150001525878906,53.150001525878906,53.07500076293945,53.11009979248047,9675,0.0,0.0
2024-06-27 12:30:00-04:00,53.119998931884766,53.16999816894531,53.11000061035156,53.150001525878906,9966,0.0,0.0
2024-06-27 12:35:00-04:00,53.150001525878906,53.16999816894531,53.119998931884766,53.15999984741211,15631,0.0,0.0
2024-06-27 12:40:00-04:00,53.15999984741211,53.22999954223633,53.15999984741211,53.22999954223633,17336,0.0,0.0
2024-06-27 12:45:00-04:00,53.22999954223633,53.27000045776367,53.16999816894531,53.16999816894531,14784,0.0,0.0
2024-06-27 12:50:00-04:00,53.15620040893555,53.18000030517578,53.119998931884766,53.119998931884766,15990,0.0,0.0
2024-06-27 12:55:00-04:00,53.13740158081055,53.150001525878906,53.060001373291016,53.130001068115234,17892,0.0,0.0
2024-06-27 13:00:00-04:00,53.119998931884766,53.189998626708984,53.08100128173828,53.18000030517578,16917,0.0,0.0
2024-06-27 13:05:00-04:00,53.160099029541016,53.20000076293945,53.150001525878906,53.16999816894531,16884,0.0,0.0
2024-06-27 13:10:00-04:00,53.16999816894531,53.18000030517578,53.099998474121094,53.099998474121094,11340,0.0,0.0
2024-06-27 13:15:00-04:00,53.064998626708984,53.119998931884766,53.051998138427734,53.064998626708984,10770,0.0,0.0
2024-06-27 13:20:00-04:00,53.08000183105469,53.130001068115234,53.08000183105469,53.099998474121094,14327,0.0,0.0
2024-06-27 13:25:00-04:00,53.060001373291016,53.08000183105469,53.04999923706055,53.060001373291016,6719,0.0,0.0
2024-06-27 13:30:00-04:00,53.04499816894531,53.06999969482422,53.02000045776367,53.025001525878906,14554,0.0,0.0
2024-06-27 13:35:00-04:00,53.0099983215332,53.02989959716797,52.939998626708984,52.9900016784668,13331,0.0,0.0
2024-06-27 13:40:00-04:00,52.994998931884766,53.0,52.93199920654297,52.93199920654297,9846,0.0,0.0
2024-06-27 13:45:00-04:00,52.939998626708984,52.9900016784668,52.939998626708984,52.97999954223633,9713,0.0,0.0
2024-06-27 13:50:00-04:00,52.98500061035156,53.0099983215332,52.97999954223633,53.0,14782,0.0,0.0
2024-06-27 13:55:00-04:00,52.98500061035156,52.989898681640625,52.959999084472656,52.959999084472656,10393,0.0,0.0
2024-06-27 14:00:00-04:00,52.95000076293945,52.95000076293945,52.861000061035156,52.869998931884766,19790,0.0,0.0
2024-06-27 14:05:00-04:00,52.875,52.91999816894531,52.845001220703125,52.88999938964844,14505,0.0,0.0
2024-06-27 14:10:00-04:00,52.88999938964844,52.88999938964844,52.81999969482422,52.84000015258789,19517,0.0,0.0
2024-06-27 14:15:00-04:00,52.84000015258789,52.84000015258789,52.79999923706055,52.81999969482422,13838,0.0,0.0
2024-06-27 14:20:00-04:00,52.814998626708984,52.81999969482422,52.77000045776367,52.79999923706055,15952,0.0,0.0
2024-06-27 14:25:00-04:00,52.790000915527344,52.81999969482422,52.77050018310547,52.81999969482422,9877,0.0,0.0
2024-06-27 14:30:00-04:00,52.81999969482422,52.83000183105469,52.7400016784668,52.83000183105469,18416,0.0,0.0
2024-06-27 14:35:00-04:00,52.81999969482422,52.83000183105469,52.80500030517578,52.810001373291016,13036,0.0,0.0
2024-06-27 14:40:00-04:00,52.810001373291016,52.814998626708984,52.779998779296875,52.779998779296875,10991,0.0,0.0
2024-06-27 14:45:00-04:00,52.779998779296875,52.79999923706055,52.72999954223633,52.79990005493164,27394,0.0,0.0
2024-06-27 14:50:00-04:00,52.790000915527344,52.847599029541016,52.790000915527344,52.81999969482422,14521,0.0,0.0
2024-06-27 14:55:00-04:00,52.81999969482422,52.84000015258789,52.779998779296875,52.79999923706055,27438,0.0,0.0
2024-06-27 15:00:00-04:00,52.810001373291016,52.91999816894531,52.810001373291016,52.91999816894531,13786,0.0,0.0
2024-06-27 15:05:00-04:00,52.91999816894531,52.939998626708984,52.88999938964844,52.93000030517578,17172,0.0,0.0
2024-06-27 15:10:00-04:00,52.915000915527344,52.93000030517578,52.893699645996094,52.91999816894531,12687,0.0,0.0
2024-06-27 15:15:00-04:00,52.91999816894531,52.939998626708984,52.880001068115234,52.90999984741211,22340,0.0,0.0
2024-06-27 15:20:00-04:00,52.90999984741211,52.91999816894531,52.8849983215332,52.90999984741211,20739,0.0,0.0
2024-06-27 15:25:00-04:00,52.90999984741211,52.939998626708984,52.88999938964844,52.939998626708984,22749,0.0,0.0
2024-06-27 15:30:00-04:00,52.935001373291016,53.02000045776367,52.93009948730469,53.02000045776367,30018,0.0,0.0
2024-06-27 15:35:00-04:00,53.0099983215332,53.0099983215332,52.959999084472656,53.005001068115234,29082,0.0,0.0
2024-06-27 15:40:00-04:00,52.98500061035156,53.0,52.94499969482422,52.95000076293945,35440,0.0,0.0
2024-06-27 15:45:00-04:00,52.95000076293945,52.979801177978516,52.880001068115234,52.88999938964844,59380,0.0,0.0
2024-06-27 15:50:00-04:00,52.88999938964844,52.95000076293945,52.810001373291016,52.81999969482422,63659,0.0,0.0
2024-06-27 15:55:00-04:00,52.82500076293945,52.84000015258789,52.65999984741211,52.69499969482422,204551,0.0,0.0
2024-06-28 09:30:00-04:00,52.689998626708984,53.16999816894531,52.689998626708984,53.150001525878906,42049,0.0,0.0
2024-06-28 09:35:00-04:00,53.18000030517578,53.260101318359375,53.09000015258789,53.15999984741211,27498,0.0,0.0
2024-06-28 09:40:00-04:00,53.11000061035156,53.13999938964844,52.98500061035156,53.125,14948,0.0,0.0
2024-06-28 09:45:00-04:00,53.1349983215332,53.209999084472656,53.0620002746582,53.10499954223633,22426,0.0,0.0
2024-06-28 09:50:00-04:00,53.11000061035156,53.130001068115234,52.970001220703125,53.029998779296875,32190,0.0,0.0
2024-06-28 09:55:00-04:00,53.04999923706055,53.084999084472656,52.970001220703125,53.040000915527344,18435,0.0,0.0
2024-06-28 10:00:00-04:00,53.060001373291016,53.20000076293945,53.0,53.185001373291016,22998,0.0,0.0
2024-06-28 10:05:00-04:00,53.22999954223633,53.34000015258789,53.22999954223633,53.31999969482422,24782,0.0,0.0
2024-06-28 10:10:00-04:00,53.31999969482422,53.400001525878906,53.220001220703125,53.349998474121094,34678,0.0,0.0
2024-06-28 10:15:00-04:00,53.349998474121094,53.380001068115234,53.279998779296875,53.279998779296875,27286,0.0,0.0
2024-06-28 10:20:00-04:00,53.290000915527344,53.38999938964844,53.244998931884766,53.34000015258789,33673,0.0,0.0
2024-06-28 10:25:00-04:00,53.34000015258789,53.41999816894531,53.29999923706055,53.35499954223633,48464,0.0,0.0
2024-06-28 10:30:00-04:00,53.369998931884766,53.40250015258789,53.30500030517578,53.30500030517578,19902,0.0,0.0
2024-06-28 10:35:00-04:00,53.29999923706055,53.33000183105469,53.244998931884766,53.32500076293945,41483,0.0,0.0
2024-06-28 10:40:00-04:00,53.32500076293945,53.540000915527344,53.32500076293945,53.525001525878906,47130,0.0,0.0
2024-06-28 10:45:00-04:00,53.529998779296875,53.54499816894531,53.5,53.540000915527344,18894,0.0,0.0
2024-06-28 10:50:00-04:00,53.53499984741211,53.54999923706055,53.45000076293945,53.459999084472656,25533,0.0,0.0
2024-06-28 10:55:00-04:00,53.45000076293945,53.59000015258789,53.45000076293945,53.560001373291016,30646,0.0,0.0
2024-06-28 11:00:00-04:00,53.52000045776367,53.564998626708984,53.4900016784668,53.5099983215332,17856,0.0,0.0
2024-06-28 11:05:00-04:00,53.505001068115234,53.540000915527344,53.474998474121094,53.5,17314,0.0,0.0
2024-06-28 11:10:00-04:00,53.5,53.51499938964844,53.45500183105469,53.459999084472656,22621,0.0,0.0
2024-06-28 11:15:00-04:00,53.459999084472656,53.54999923706055,53.454498291015625,53.525001525878906,25256,0.0,0.0
2024-06-28 11:20:00-04:00,53.52000045776367,53.619998931884766,53.519901275634766,53.60200119018555,18253,0.0,0.0
2024-06-28 11:25:00-04:00,53.595001220703125,53.61000061035156,53.459999084472656,53.540000915527344,15555,0.0,0.0
2024-06-28 11:30:00-04:00,53.529998779296875,53.56999969482422,53.45000076293945,53.560001373291016,37624,0.0,0.0
2024-06-28 11:35:00-04:00,53.59000015258789,53.59000015258789,53.529998779296875,53.58000183105469,12857,0.0,0.0
2024-06-28 11:40:00-04:00,53.56999969482422,53.59000015258789,53.470001220703125,53.470001220703125,12623,0.0,0.0
2024-06-28 11:45:00-04:00,53.47999954223633,53.47999954223633,53.38999938964844,53.40999984741211,13893,0.0,0.0
2024-06-28 11:50:00-04:00,53.40999984741211,53.43000030517578,53.38999938964844,53.404998779296875,11427,0.0,0.0
2024-06-28 11:55:00-04:00,53.38999938964844,53.5,53.38010025024414,53.494998931884766,21853,0.0,0.0
2024-06-28 12:00:00-04:00,53.5,53.540000915527344,53.439998626708984,53.439998626708984,13141,0.0,0.0
2024-06-28 12:05:00-04:00,53.439998626708984,53.439998626708984,53.345001220703125,53.345001220703125,12107,0.0,0.0
2024-06-28 12:10:00-04:00,53.34000015258789,53.369998931884766,53.34000015258789,53.369998931884766,10205,0.0,0.0
2024-06-28 12:15:00-04:00,53.380001068115234,53.39500045776367,53.349998474121094,53.36000061035156,19066,0.0,0.0
2024-06-28 12:20:00-04:00,53.369998931884766,53.43000030517578,53.36000061035156,53.41999816894531,23114,0.0,0.0
2024-06-28 12:25:00-04:00,53.43000030517578,53.51499938964844,53.40999984741211,53.51499938964844,19023,0.0,0.0
2024-06-28 12:30:00-04:00,53.5,53.595001220703125,53.5,53.5099983215332,13271,0.0,0.0
2024-06-28 12:35:00-04:00,53.477500915527344,53.52000045776367,53.439998626708984,53.45500183105469,14738,0.0,0.0
2024-06-28 12:40:00-04:00,53.44649887084961,53.47999954223633,53.40999984741211,53.470001220703125,12352,0.0,0.0
2024-06-28 12:45:00-04:00,53.5,53.5,53.43000030517578,53.439998626708984,10794,0.0,0.0
2024-06-28 12:50:00-04:00,53.439998626708984,53.439998626708984,53.334999084472656,53.34000015258789,11231,0.0,0.0
2024-06-28 12:55:00-04:00,53.310001373291016,53.310001373291016,53.2400016784668,53.25,13015,0.0,0.0
2024-06-28 13:00:00-04:00,53.220001220703125,53.220001220703125,53.15999984741211,53.209999084472656,10395,0.0,0.0
2024-06-28 13:05:00-04:00,53.209999084472656,53.220001220703125,53.18000030517578,53.220001220703125,9736,0.0,0.0
2024-06-28 13:10:00-04:00,53.209999084472656,53.28850173950195,53.209999084472656,53.28850173950195,6093,0.0,0.0
2024-06-28 13:15:00-04:00,53.2859992980957,53.369998931884766,53.279998779296875,53.36000061035156,12049,0.0,0.0
2024-06-28 13:20:00-04:00,53.36000061035156,53.36000061035156,53.310001373291016,53.345001220703125,11672,0.0,0.0
2024-06-28 13:25:00-04:00,53.34000015258789,53.345001220703125,53.310001373291016,53.32500076293945,17126,0.0,0.0
2024-06-28 13:30:00-04:00,53.33000183105469,53.33000183105469,53.26369857788086,53.29999923706055,12087,0.0,0.0
2024-06-28 13:35:00-04:00,53.310001373291016,53.310001373291016,53.25,53.27000045776367,18993,0.0,0.0
2024-06-28 13:40:00-04:00,53.27000045776367,53.29999923706055,53.27000045776367,53.290000915527344,14502,0.0,0.0
2024-06-28 13:45:00-04:00,53.29499816894531,53.380001068115234,53.29499816894531,53.36000061035156,39728,0.0,0.0
2024-06-28 13:50:00-04:00,53.36000061035156,53.3650016784668,53.275001525878906,53.275001525878906,12323,0.0,0.0
2024-06-28 13:55:00-04:00,53.275001525878906,53.310001373291016,53.275001525878906,53.29999923706055,10145,0.0,0.0
2024-06-28 14:00:00-04:00,53.310001373291016,53.34000015258789,53.290000915527344,53.334999084472656,13529,0.0,0.0
2024-06-28 14:05:00-04:00,53.334999084472656,53.361000061035156,53.30500030517578,53.34000015258789,16159,0.0,0.0
2024-06-28 14:10:00-04:00,53.34000015258789,53.380001068115234,53.34000015258789,53.380001068115234,13568,0.0,0.0
2024-06-28 14:15:00-04:00,53.380001068115234,53.415000915527344,53.380001068115234,53.400001525878906,18034,0.0,0.0
2024-06-28 14:20:00-04:00,53.400001525878906,53.45000076293945,53.3849983215332,53.43000030517578,21260,0.0,0.0
2024-06-28 14:25:00-04:00,53.43000030517578,53.459999084472656,53.349998474121094,53.400001525878906,34294,0.0,0.0
2024-06-28 14:30:00-04:00,53.3849983215332,53.41999816894531,53.369998931884766,53.369998931884766,17360,0.0,0.0
2024-06-28 14:35:00-04:00,53.369998931884766,53.400001525878906,53.31999969482422,53.380001068115234,15524,0.0,0.0
2024-06-28 14:40:00-04:00,53.3849983215332,53.470001220703125,53.380001068115234,53.46500015258789,25532,0.0,0.0
2024-06-28 14:45:00-04:00,53.46500015258789,53.54999923706055,53.439998626708984,53.525001525878906,24547,0.0,0.0
2024-06-28 14:50:00-04:00,53.5099983215332,53.52000045776367,53.45009994506836,53.474998474121094,15653,0.0,0.0
2024-06-28 14:55:00-04:00,53.474998474121094,53.52000045776367,53.474998474121094,53.5,16967,0.0,0.0
2024-06-28 15:00:00-04:00,53.5,53.52000045776367,53.47999954223633,53.47999954223633,19267,0.0,0.0
2024-06-28 15:05:00-04:00,53.470001220703125,53.5,53.459999084472656,53.494998931884766,13885,0.0,0.0
2024-06-28 15:10:00-04:00,53.4900016784668,53.5,53.45000076293945,53.5,22992,0.0,0.0
2024-06-28 15:15:00-04:00,53.470001220703125,53.53499984741211,53.470001220703125,53.53499984741211,20275,0.0,0.0
2024-06-28 15:20:00-04:00,53.529998779296875,53.54499816894531,53.47999954223633,53.54499816894531,21857,0.0,0.0
2024-06-28 15:25:00-04:00,53.540000915527344,53.540000915527344,53.5,53.52000045776367,21174,0.0,0.0
2024-06-28 15:30:00-04:00,53.5099983215332,53.540000915527344,53.459999084472656,53.522701263427734,40370,0.0,0.0
2024-06-28 15:35:00-04:00,53.529998779296875,53.58000183105469,53.5,53.577701568603516,28164,0.0,0.0
2024-06-28 15:40:00-04:00,53.56999969482422,53.654998779296875,53.540000915527344,53.630001068115234,43182,0.0,0.0
2024-06-28 15:45:00-04:00,53.63650131225586,53.63999938964844,53.41999816894531,53.41999816894531,40676,0.0,0.0
2024-06-28 15:50:00-04:00,53.400001525878906,53.560001373291016,53.349998474121094,53.41999816894531,106742,0.0,0.0
2024-06-28 15:55:00-04:00,53.43000030517578,53.529998779296875,53.41999816894531,53.5099983215332,189386,0.0,0.0
