Datetime,Open,High,Low,Close,Volume,Dividends,Stock Splits
2024-05-29 09:30:00-04:00,1.7999999523162842,1.8035000562667847,1.7999999523162842,1.7999999523162842,2374,0.0,0.0
2024-05-29 09:35:00-04:00,1.8700000047683716,1.8700000047683716,1.8700000047683716,1.8700000047683716,1502,0.0,0.0
2024-05-29 09:45:00-04:00,1.809999942779541,1.809999942779541,1.809999942779541,1.809999942779541,631,0.0,0.0
2024-05-29 09:55:00-04:00,1.809999942779541,1.809999942779541,1.7999999523162842,1.7999999523162842,12348,0.0,0.0
2024-05-29 10:25:00-04:00,1.7899999618530273,1.7899999618530273,1.7899999618530273,1.7899999618530273,553,0.0,0.0
2024-05-29 10:55:00-04:00,1.840000033378601,1.850000023841858,1.840000033378601,1.850000023841858,1717,0.0,0.0
2024-05-29 11:40:00-04:00,1.809999942779541,1.8200000524520874,1.809999942779541,1.8200000524520874,891,0.0,0.0
2024-05-29 12:30:00-04:00,1.7999999523162842,1.8600000143051147,1.7899999618530273,1.8336999416351318,4138,0.0,0.0
2024-05-29 13:20:00-04:00,1.8250000476837158,1.8250000476837158,1.8250000476837158,1.8250000476837158,1003,0.0,0.0
2024-05-29 13:40:00-04:00,1.7933000326156616,1.8600000143051147,1.7933000326156616,1.8600000143051147,2908,0.0,0.0
2024-05-29 13:50:00-04:00,1.8300000429153442,1.8300000429153442,1.8300000429153442,1.8300000429153442,1690,0.0,0.0
2024-05-29 14:35:00-04:00,1.7999999523162842,1.7999999523162842,1.7799999713897705,1.7799999713897705,6125,0.0,0.0
2024-05-29 14:50:00-04:00,1.7799999713897705,1.7799999713897705,1.7799999713897705,1.7799999713897705,1600,0.0,0.0
2024-05-29 14:55:00-04:00,1.8300000429153442,1.8300000429153442,1.8300000429153442,1.8300000429153442,1000,0.0,0.0
2024-05-29 15:00:00-04:00,1.7899999618530273,1.7899999618530273,1.7899999618530273,1.7899999618530273,801,0.0,0.0
2024-05-29 15:10:00-04:00,1.7999999523162842,1.7999999523162842,1.7999999523162842,1.7999999523162842,2313,0.0,0.0
2024-05-29 15:15:00-04:00,1.840000033378601,1.850000023841858,1.840000033378601,1.850000023841858,806,0.0,0.0
2024-05-29 15:30:00-04:00,1.809999942779541,1.809999942779541,1.7999999523162842,1.7999999523162842,1635,0.0,0.0
2024-05-29 15:50:00-04:00,1.7799999713897705,1.7925000190734863,1.7799999713897705,1.7925000190734863,929,0.0,0.0
2024-05-29 15:55:00-04:00,1.850000023841858,1.850000023841858,1.850000023841858,1.850000023841858,275,0.0,0.0
2024-05-30 10:00:00-04:00,1.7999999523162842,1.8000999689102173,1.7999999523162842,1.8000999689102173,2262,0.0,0.0
2024-05-30 10:10:00-04:00,1.8000999689102173,1.8000999689102173,1.8000999689102173,1.8000999689102173,1093,0.0,0.0
2024-05-30 10:40:00-04:00,1.7999999523162842,1.7999999523162842,1.7999999523162842,1.7999999523162842,936,0.0,0.0
2024-05-30 10:45:00-04:00,1.7999999523162842,1.7999999523162842,1.7999999523162842,1.7999999523162842,415,0.0,0.0
2024-05-30 10:50:00-04:00,1.819000005722046,1.8300000429153442,1.819000005722046,1.8300000429153442,1445,0.0,0.0
2024-05-30 11:00:00-04:00,1.7999999523162842,1.8300000429153442,1.7999999523162842,1.809999942779541,8143,0.0,0.0
2024-05-30 11:20:00-04:00,1.8041000366210938,1.8041000366210938,1.8041000366210938,1.8041000366210938,380,0.0,0.0
2024-05-30 11:30:00-04:00,1.8000999689102173,1.8300000429153442,1.8000999689102173,1.8300000429153442,798,0.0,0.0
2024-05-30 11:40:00-04:00,1.7999999523162842,1.7999999523162842,1.7999999523162842,1.7999999523162842,5449,0.0,0.0
2024-05-30 13:05:00-04:00,1.809999942779541,1.809999942779541,1.8001999855041504,1.8001999855041504,551,0.0,0.0
2024-05-30 13:35:00-04:00,1.806399941444397,1.806399941444397,1.806399941444397,1.806399941444397,412,0.0,0.0
2024-05-30 14:50:00-04:00,1.7999999523162842,1.7999999523162842,1.7999999523162842,1.7999999523162842,1451,0.0,0.0
2024-05-30 15:00:00-04:00,1.8000999689102173,1.8000999689102173,1.8000999689102173,1.8000999689102173,2100,0.0,0.0
2024-05-30 15:10:00-04:00,1.7999999523162842,1.8000999689102173,1.7999999523162842,1.8000999689102173,0,0.0,0.0
2024-05-30 15:30:00-04:00,1.809999942779541,1.8300000429153442,1.809999942779541,1.8300000429153442,2295,0.0,0.0
2024-05-30 15:55:00-04:00,1.7999999523162842,1.7999999523162842,1.7999999523162842,1.7999999523162842,490,0.0,0.0
2024-05-31 09:30:00-04:00,1.809999942779541,1.809999942779541,1.809999942779541,1.809999942779541,3849,0.0,0.0
2024-05-31 09:35:00-04:00,1.7999999523162842,1.8000999689102173,1.7999999523162842,1.8000999689102173,2582,0.0,0.0
2024-05-31 09:40:00-04:00,1.809999942779541,1.840000033378601,1.809999942779541,1.840000033378601,696,0.0,0.0
2024-05-31 09:50:00-04:00,1.809999942779541,1.809999942779541,1.7999999523162842,1.7999999523162842,2213,0.0,0.0
2024-05-31 10:15:00-04:00,1.8200000524520874,1.8200000524520874,1.8200000524520874,1.8200000524520874,1588,0.0,0.0
2024-05-31 10:35:00-04:00,1.8200000524520874,1.8200000524520874,1.8200000524520874,1.8200000524520874,226,0.0,0.0
2024-05-31 10:45:00-04:00,1.7999999523162842,1.8200000524520874,1.7999999523162842,1.8200000524520874,2148,0.0,0.0
2024-05-31 11:10:00-04:00,1.7999999523162842,1.8000999689102173,1.7899999618530273,1.7949999570846558,3268,0.0,0.0
2024-05-31 12:00:00-04:00,1.7899999618530273,1.7899999618530273,1.7899999618530273,1.7899999618530273,1398,0.0,0.0
2024-05-31 12:20:00-04:00,1.7999999523162842,1.7999999523162842,1.7999999523162842,1.7999999523162842,342,0.0,0.0
2024-05-31 12:30:00-04:00,1.815000057220459,1.8200000524520874,1.7999999523162842,1.7999999523162842,3267,0.0,0.0
2024-05-31 12:40:00-04:00,1.7999999523162842,1.7999999523162842,1.7999999523162842,1.7999999523162842,1010,0.0,0.0
2024-05-31 12:45:00-04:00,1.7999999523162842,1.7999999523162842,1.7999999523162842,1.7999999523162842,188,0.0,0.0
2024-05-31 12:55:00-04:00,1.7899999618530273,1.7899999618530273,1.7899999618530273,1.7899999618530273,122,0.0,0.0
2024-05-31 13:30:00-04:00,1.8140000104904175,1.8140000104904175,1.8140000104904175,1.8140000104904175,109,0.0,0.0
2024-05-31 13:55:00-04:00,1.8051999807357788,1.8051999807357788,1.8051999807357788,1.8051999807357788,438,0.0,0.0
2024-05-31 14:10:00-04:00,1.7899999618530273,1.7899999618530273,1.7899999618530273,1.7899999618530273,81,0.0,0.0
2024-05-31 14:40:00-04:00,1.8200000524520874,1.8200000524520874,1.8200000524520874,1.8200000524520874,1860,0.0,0.0
2024-05-31 14:45:00-04:00,1.8193999528884888,1.8193999528884888,1.8193999528884888,1.8193999528884888,1167,0.0,0.0
2024-05-31 15:05:00-04:00,1.839900016784668,1.839900016784668,1.839900016784668,1.839900016784668,975,0.0,0.0
2024-05-31 15:30:00-04:00,1.809999942779541,1.809999942779541,1.809999942779541,1.809999942779541,2499,0.0,0.0
2024-05-31 15:40:00-04:00,1.809999942779541,1.840000033378601,1.809999942779541,1.840000033378601,761,0.0,0.0
2024-05-31 15:45:00-04:00,1.850000023841858,1.850000023841858,1.850000023841858,1.850000023841858,811,0.0,0.0
2024-05-31 15:55:00-04:00,1.8372000455856323,1.850000023841858,1.809999942779541,1.850000023841858,2302,0.0,0.0
2024-06-03 09:30:00-04:00,1.815000057220459,1.815000057220459,1.815000057220459,1.815000057220459,3264,0.0,0.0
2024-06-03 10:15:00-04:00,1.8000999689102173,1.8000999689102173,1.8000999689102173,1.8000999689102173,4092,0.0,0.0
2024-06-03 10:30:00-04:00,1.8000999689102173,1.8000999689102173,1.8000999689102173,1.8000999689102173,1000,0.0,0.0
2024-06-03 10:35:00-04:00,1.7999999523162842,1.7999999523162842,1.7999999523162842,1.7999999523162842,3595,0.0,0.0
2024-06-03 10:55:00-04:00,1.8000999689102173,1.8000999689102173,1.7999999523162842,1.8000999689102173,2680,0.0,0.0
2024-06-03 11:00:00-04:00,1.7999999523162842,1.8000999689102173,1.7999999523162842,1.8000999689102173,1776,0.0,0.0
2024-06-03 11:05:00-04:00,1.7999999523162842,1.8073999881744385,1.7999999523162842,1.7999999523162842,3944,0.0,0.0
2024-06-03 11:15:00-04:00,1.7900999784469604,1.7900999784469604,1.7899999618530273,1.7899999618530273,2288,0.0,0.0
2024-06-03 11:20:00-04:00,1.7899999618530273,1.7905000448226929,1.7799999713897705,1.7800999879837036,4236,0.0,0.0
2024-06-03 11:25:00-04:00,1.784999966621399,1.784999966621399,1.784999966621399,1.784999966621399,2793,0.0,0.0
2024-06-03 11:50:00-04:00,1.76010000705719,1.7799999713897705,1.75,1.7799999713897705,2750,0.0,0.0
2024-06-03 11:55:00-04:00,1.774999976158142,1.774999976158142,1.774999976158142,1.774999976158142,133,0.0,0.0
2024-06-03 12:15:00-04:00,1.7649999856948853,1.7649999856948853,1.750100016593933,1.750100016593933,499,0.0,0.0
2024-06-03 12:20:00-04:00,1.7649999856948853,1.7649999856948853,1.7649999856948853,1.7649999856948853,200,0.0,0.0
2024-06-03 12:25:00-04:00,1.7761000394821167,1.7761000394821167,1.7761000394821167,1.7761000394821167,100,0.0,0.0
2024-06-03 12:35:00-04:00,1.7599999904632568,1.7599999904632568,1.7599999904632568,1.7599999904632568,1900,0.0,0.0
2024-06-03 12:40:00-04:00,1.7798999547958374,1.7798999547958374,1.7798999547958374,1.7798999547958374,28,0.0,0.0
2024-06-03 13:00:00-04:00,1.7799999713897705,1.7799999713897705,1.779099941253662,1.779099941253662,880,0.0,0.0
2024-06-03 13:20:00-04:00,1.75,1.75,1.75,1.75,300,0.0,0.0
2024-06-03 13:30:00-04:00,1.7649999856948853,1.7649999856948853,1.7649999856948853,1.7649999856948853,0,0.0,0.0
2024-06-03 13:50:00-04:00,1.7630000114440918,1.7630000114440918,1.7630000114440918,1.7630000114440918,37050,0.0,0.0
2024-06-03 14:05:00-04:00,1.76010000705719,1.76010000705719,1.76010000705719,1.76010000705719,652,0.0,0.0
2024-06-03 14:10:00-04:00,1.7699999809265137,1.7699999809265137,1.7699999809265137,1.7699999809265137,743,0.0,0.0
2024-06-03 14:35:00-04:00,1.7599999904632568,1.7599999904632568,1.7599999904632568,1.7599999904632568,1400,0.0,0.0
2024-06-03 14:55:00-04:00,1.7599999904632568,1.7599999904632568,1.7599999904632568,1.7599999904632568,970,0.0,0.0
2024-06-03 15:10:00-04:00,1.75,1.75,1.75,1.75,200,0.0,0.0
2024-06-03 15:15:00-04:00,1.7753000259399414,1.7753000259399414,1.7753000259399414,1.7753000259399414,118,0.0,0.0
2024-06-03 15:20:00-04:00,1.750100016593933,1.750100016593933,1.750100016593933,1.750100016593933,97,0.0,0.0
2024-06-03 15:30:00-04:00,1.7799999713897705,1.7799999713897705,1.7799999713897705,1.7799999713897705,1445,0.0,0.0
2024-06-03 15:55:00-04:00,1.7999999523162842,1.7999999523162842,1.7699999809265137,1.7699999809265137,2165,0.0,0.0
2024-06-04 09:30:00-04:00,1.7719999551773071,1.7719999551773071,1.7699999809265137,1.7699999809265137,4446,0.0,0.0
2024-06-04 09:35:00-04:00,1.7699999809265137,1.7699999809265137,1.7699999809265137,1.7699999809265137,518,0.0,0.0
2024-06-04 09:45:00-04:00,1.7699999809265137,1.7999999523162842,1.7699999809265137,1.7999999523162842,921,0.0,0.0
2024-06-04 11:10:00-04:00,1.7999000549316406,1.7999000549316406,1.7999000549316406,1.7999000549316406,2486,0.0,0.0
2024-06-04 12:20:00-04:00,1.7669999599456787,1.7669999599456787,1.7669999599456787,1.7669999599456787,1050,0.0,0.0
2024-06-04 12:25:00-04:00,1.7699999809265137,1.7699999809265137,1.7699999809265137,1.7699999809265137,200,0.0,0.0
2024-06-04 12:40:00-04:00,1.76010000705719,1.76010000705719,1.76010000705719,1.76010000705719,1603,0.0,0.0
2024-06-04 13:25:00-04:00,1.760699987411499,1.7699999809265137,1.750100016593933,1.750100016593933,7375,0.0,0.0
2024-06-04 13:30:00-04:00,1.7599999904632568,1.7699999809265137,1.7599999904632568,1.7698999643325806,451,0.0,0.0
2024-06-04 14:00:00-04:00,1.7599999904632568,1.7599999904632568,1.7599999904632568,1.7599999904632568,769,0.0,0.0
2024-06-04 15:05:00-04:00,1.7599999904632568,1.7599999904632568,1.7599999904632568,1.7599999904632568,254,0.0,0.0
2024-06-04 15:25:00-04:00,1.7799999713897705,1.7799999713897705,1.7799999713897705,1.7799999713897705,505,0.0,0.0
2024-06-04 15:40:00-04:00,1.7799999713897705,1.7799999713897705,1.7799999713897705,1.7799999713897705,739,0.0,0.0
2024-06-04 15:55:00-04:00,1.7699999809265137,1.7699999809265137,1.7699999809265137,1.7699999809265137,0,0.0,0.0
2024-06-05 09:45:00-04:00,1.7999999523162842,1.7999999523162842,1.7699999809265137,1.7699999809265137,1225,0.0,0.0
2024-06-05 10:05:00-04:00,1.809999942779541,1.809999942779541,1.809999942779541,1.809999942779541,1325,0.0,0.0
2024-06-05 10:30:00-04:00,1.840000033378601,1.840000033378601,1.840000033378601,1.840000033378601,1030,0.0,0.0
2024-06-05 10:50:00-04:00,1.7699999809265137,1.7699999809265137,1.7699999809265137,1.7699999809265137,1050,0.0,0.0
2024-06-05 10:55:00-04:00,1.7699999809265137,1.7699999809265137,1.7699999809265137,1.7699999809265137,1575,0.0,0.0
2024-06-05 11:00:00-04:00,1.7710000276565552,1.7710000276565552,1.7710000276565552,1.7710000276565552,200,0.0,0.0
2024-06-05 11:20:00-04:00,1.7799999713897705,1.7799999713897705,1.7699999809265137,1.7699999809265137,2204,0.0,0.0
2024-06-05 12:50:00-04:00,1.8199000358581543,1.8899999856948853,1.815000057220459,1.8899999856948853,12833,0.0,0.0
2024-06-05 12:55:00-04:00,1.850000023841858,1.9700000286102295,1.850000023841858,1.8949999809265137,10982,0.0,0.0
2024-06-05 13:15:00-04:00,1.8286000490188599,1.8286000490188599,1.8286000490188599,1.8286000490188599,182,0.0,0.0
2024-06-05 13:30:00-04:00,1.8990000486373901,1.899999976158142,1.8600000143051147,1.899999976158142,3265,0.0,0.0
2024-06-05 13:35:00-04:00,1.9098999500274658,1.940000057220459,1.9098999500274658,1.940000057220459,3887,0.0,0.0
2024-06-05 13:50:00-04:00,1.8899999856948853,1.8899999856948853,1.8899999856948853,1.8899999856948853,1323,0.0,0.0
2024-06-05 14:00:00-04:00,1.9199999570846558,1.9199999570846558,1.9199999570846558,1.9199999570846558,1530,0.0,0.0
2024-06-05 14:30:00-04:00,1.850000023841858,1.850000023841858,1.850000023841858,1.850000023841858,554,0.0,0.0
2024-06-05 14:40:00-04:00,1.8669999837875366,1.9199999570846558,1.8669999837875366,1.8899999856948853,2578,0.0,0.0
2024-06-05 14:50:00-04:00,1.940000057220459,1.940000057220459,1.940000057220459,1.940000057220459,1922,0.0,0.0
2024-06-05 14:55:00-04:00,1.899999976158142,1.899999976158142,1.899999976158142,1.899999976158142,833,0.0,0.0
2024-06-05 15:00:00-04:00,1.8799999952316284,1.8799999952316284,1.8200000524520874,1.8767000436782837,18367,0.0,0.0
2024-06-05 15:05:00-04:00,1.850000023841858,1.8849999904632568,1.8300000429153442,1.8849999904632568,6030,0.0,0.0
2024-06-05 15:40:00-04:00,1.8899999856948853,1.8899999856948853,1.840000033378601,1.840000033378601,1670,0.0,0.0
2024-06-05 15:45:00-04:00,1.9149999618530273,1.9149999618530273,1.9149999618530273,1.9149999618530273,552,0.0,0.0
2024-06-05 15:50:00-04:00,1.9299999475479126,1.940000057220459,1.9149999618530273,1.9249999523162842,3912,0.0,0.0
2024-06-05 15:55:00-04:00,1.9249999523162842,1.9299999475479126,1.899999976158142,1.9299999475479126,2073,0.0,0.0
2024-06-06 09:30:00-04:00,1.8799999952316284,1.8799999952316284,1.8799999952316284,1.8799999952316284,3071,0.0,0.0
2024-06-06 09:40:00-04:00,1.8818000555038452,1.8818000555038452,1.8818000555038452,1.8818000555038452,1401,0.0,0.0
2024-06-06 09:55:00-04:00,1.9149999618530273,1.9149999618530273,1.9149999618530273,1.9149999618530273,2118,0.0,0.0
2024-06-06 10:40:00-04:00,1.8899999856948853,1.8899999856948853,1.8899999856948853,1.8899999856948853,2211,0.0,0.0
2024-06-06 10:50:00-04:00,1.8899999856948853,1.8899999856948853,1.8899999856948853,1.8899999856948853,755,0.0,0.0
2024-06-06 11:10:00-04:00,1.8849999904632568,1.8849999904632568,1.8849999904632568,1.8849999904632568,1300,0.0,0.0
2024-06-06 11:15:00-04:00,1.840399980545044,1.8700000047683716,1.840000033378601,1.8700000047683716,2607,0.0,0.0
2024-06-06 11:35:00-04:00,1.8700000047683716,1.8700000047683716,1.8700000047683716,1.8700000047683716,425,0.0,0.0
2024-06-06 12:00:00-04:00,1.8799999952316284,1.8899999856948853,1.8799999952316284,1.8899999856948853,448,0.0,0.0
2024-06-06 12:05:00-04:00,1.9263999462127686,1.929900050163269,1.899999976158142,1.9048000574111938,2707,0.0,0.0
2024-06-06 12:15:00-04:00,1.8309999704360962,1.8309999704360962,1.8309999704360962,1.8309999704360962,1358,0.0,0.0
2024-06-06 12:20:00-04:00,1.8600000143051147,1.899999976158142,1.8600000143051147,1.899999976158142,1106,0.0,0.0
2024-06-06 12:50:00-04:00,1.8899999856948853,1.8899999856948853,1.8899999856948853,1.8899999856948853,1000,0.0,0.0
2024-06-06 12:55:00-04:00,1.899999976158142,1.899999976158142,1.899999976158142,1.899999976158142,0,0.0,0.0
2024-06-06 13:00:00-04:00,1.899999976158142,1.899999976158142,1.899999976158142,1.899999976158142,1845,0.0,0.0
2024-06-06 13:05:00-04:00,1.8700000047683716,1.8700000047683716,1.8700000047683716,1.8700000047683716,200,0.0,0.0
2024-06-06 13:10:00-04:00,1.8650000095367432,1.899999976158142,1.8650000095367432,1.899999976158142,3289,0.0,0.0
2024-06-06 13:15:00-04:00,1.8849999904632568,1.929900050163269,1.8849999904632568,1.9285000562667847,2706,0.0,0.0
2024-06-06 13:20:00-04:00,1.929900050163269,1.929900050163269,1.899999976158142,1.899999976158142,548,0.0,0.0
2024-06-06 13:25:00-04:00,1.850100040435791,1.929900050163269,1.840000033378601,1.8600000143051147,7232,0.0,0.0
2024-06-06 13:35:00-04:00,1.8798999786376953,1.8799999952316284,1.8798999786376953,1.8799999952316284,4070,0.0,0.0
2024-06-06 13:45:00-04:00,1.8799999952316284,1.8799999952316284,1.8799999952316284,1.8799999952316284,600,0.0,0.0
2024-06-06 14:00:00-04:00,1.8798999786376953,1.8798999786376953,1.8798999786376953,1.8798999786376953,2972,0.0,0.0
2024-06-06 14:05:00-04:00,1.899999976158142,1.899999976158142,1.899999976158142,1.899999976158142,0,0.0,0.0
2024-06-06 14:10:00-04:00,1.899999976158142,1.899999976158142,1.899999976158142,1.899999976158142,3195,0.0,0.0
2024-06-06 14:20:00-04:00,1.8701000213623047,1.8949999809265137,1.8701000213623047,1.8949999809265137,0,0.0,0.0
2024-06-06 14:25:00-04:00,1.909999966621399,1.9199999570846558,1.8949999809265137,1.8949999809265137,1629,0.0,0.0
2024-06-06 14:30:00-04:00,1.899999976158142,1.899999976158142,1.899999976158142,1.899999976158142,1221,0.0,0.0
2024-06-06 14:35:00-04:00,1.9199999570846558,1.9199999570846558,1.9190000295639038,1.9199999570846558,447,0.0,0.0
2024-06-06 14:40:00-04:00,1.8700000047683716,1.8700000047683716,1.8700000047683716,1.8700000047683716,202,0.0,0.0
2024-06-06 14:50:00-04:00,1.899999976158142,1.899999976158142,1.899999976158142,1.899999976158142,353,0.0,0.0
2024-06-06 15:00:00-04:00,1.899999976158142,1.899999976158142,1.899999976158142,1.899999976158142,248,0.0,0.0
2024-06-06 15:25:00-04:00,1.871500015258789,1.871500015258789,1.871500015258789,1.871500015258789,2000,0.0,0.0
2024-06-06 15:35:00-04:00,1.8799999952316284,1.8801000118255615,1.8799999952316284,1.8801000118255615,4800,0.0,0.0
2024-06-06 15:40:00-04:00,1.899999976158142,1.899999976158142,1.8799999952316284,1.8799999952316284,0,0.0,0.0
2024-06-06 15:55:00-04:00,1.8899999856948853,1.9199999570846558,1.8801000118255615,1.9199999570846558,914,0.0,0.0
2024-06-07 09:30:00-04:00,1.850000023841858,1.850000023841858,1.850000023841858,1.850000023841858,3388,0.0,0.0
2024-06-07 09:35:00-04:00,1.7999999523162842,1.7999999523162842,1.7999999523162842,1.7999999523162842,2383,0.0,0.0
2024-06-07 09:50:00-04:00,1.7999999523162842,1.7999999523162842,1.7999999523162842,1.7999999523162842,2454,0.0,0.0
2024-06-07 10:00:00-04:00,1.8011000156402588,1.8011000156402588,1.8011000156402588,1.8011000156402588,300,0.0,0.0
2024-06-07 10:05:00-04:00,1.8791999816894531,1.8791999816894531,1.8791999816894531,1.8791999816894531,0,0.0,0.0
2024-06-07 10:10:00-04:00,1.809999942779541,1.8200000524520874,1.809999942779541,1.8199000358581543,1033,0.0,0.0
2024-06-07 10:15:00-04:00,1.8033000230789185,1.8033000230789185,1.8033000230789185,1.8033000230789185,1000,0.0,0.0
2024-06-07 10:20:00-04:00,1.7920000553131104,1.7999999523162842,1.7920000553131104,1.7999999523162842,1355,0.0,0.0
2024-06-07 10:25:00-04:00,1.7999999523162842,1.7999999523162842,1.7999999523162842,1.7999999523162842,1596,0.0,0.0
2024-06-07 10:35:00-04:00,1.7900999784469604,1.7900999784469604,1.7900999784469604,1.7900999784469604,4400,0.0,0.0
2024-06-07 10:45:00-04:00,1.8200000524520874,1.8200000524520874,1.8200000524520874,1.8200000524520874,0,0.0,0.0
2024-06-07 10:50:00-04:00,1.7928999662399292,1.7933000326156616,1.7928999662399292,1.7933000326156616,960,0.0,0.0
2024-06-07 11:30:00-04:00,1.8042000532150269,1.809999942779541,1.8042000532150269,1.809999942779541,336,0.0,0.0
2024-06-07 11:40:00-04:00,1.809999942779541,1.8300000429153442,1.809999942779541,1.8300000429153442,3300,0.0,0.0
2024-06-07 11:55:00-04:00,1.815000057220459,1.815000057220459,1.815000057220459,1.815000057220459,1979,0.0,0.0
2024-06-07 12:05:00-04:00,1.8450000286102295,1.8450000286102295,1.8450000286102295,1.8450000286102295,1984,0.0,0.0
2024-06-07 12:10:00-04:00,1.8799999952316284,1.8799999952316284,1.850000023841858,1.8600000143051147,1358,0.0,0.0
2024-06-07 13:05:00-04:00,1.8200000524520874,1.8700000047683716,1.8200000524520874,1.8700000047683716,2001,0.0,0.0
2024-06-07 14:20:00-04:00,1.8200000524520874,1.8200000524520874,1.8200000524520874,1.8200000524520874,2198,0.0,0.0
2024-06-07 14:25:00-04:00,1.8200000524520874,1.8600000143051147,1.8200000524520874,1.850000023841858,1401,0.0,0.0
2024-06-07 14:30:00-04:00,1.840000033378601,1.840000033378601,1.8200000524520874,1.8200000524520874,3657,0.0,0.0
2024-06-07 14:35:00-04:00,1.840000033378601,1.8700000047683716,1.809999942779541,1.8700000047683716,5714,0.0,0.0
2024-06-07 15:05:00-04:00,1.8200000524520874,1.8700000047683716,1.8200000524520874,1.8700000047683716,2915,0.0,0.0
2024-06-10 09:30:00-04:00,1.8200000524520874,1.8300000429153442,1.7999999523162842,1.7999999523162842,3670,0.0,0.0
2024-06-10 09:35:00-04:00,1.7999999523162842,1.7999999523162842,1.7999999523162842,1.7999999523162842,1354,0.0,0.0
2024-06-10 09:40:00-04:00,1.7899999618530273,1.7899999618530273,1.7899999618530273,1.7899999618530273,305,0.0,0.0
2024-06-10 09:45:00-04:00,1.8200000524520874,1.8200000524520874,1.8200000524520874,1.8200000524520874,317,0.0,0.0
2024-06-10 09:55:00-04:00,1.809999942779541,1.809999942779541,1.809999942779541,1.809999942779541,952,0.0,0.0
2024-06-10 10:05:00-04:00,1.840000033378601,1.840000033378601,1.840000033378601,1.840000033378601,1411,0.0,0.0
2024-06-10 10:20:00-04:00,1.809999942779541,1.8600000143051147,1.809999942779541,1.8200000524520874,7079,0.0,0.0
2024-06-10 10:25:00-04:00,1.809999942779541,1.809999942779541,1.809999942779541,1.809999942779541,1104,0.0,0.0
2024-06-10 10:30:00-04:00,1.809999942779541,1.809999942779541,1.809999942779541,1.809999942779541,572,0.0,0.0
2024-06-10 10:35:00-04:00,1.7999999523162842,1.7999999523162842,1.7999999523162842,1.7999999523162842,601,0.0,0.0
2024-06-10 11:05:00-04:00,1.7904000282287598,1.7904000282287598,1.7900999784469604,1.7900999784469604,4013,0.0,0.0
2024-06-10 11:10:00-04:00,1.8200000524520874,1.8200000524520874,1.8200000524520874,1.8200000524520874,2349,0.0,0.0
2024-06-10 11:30:00-04:00,1.7699999809265137,1.7699999809265137,1.7699999809265137,1.7699999809265137,2004,0.0,0.0
2024-06-10 11:35:00-04:00,1.7699999809265137,1.7699999809265137,1.7699999809265137,1.7699999809265137,1093,0.0,0.0
2024-06-10 11:40:00-04:00,1.7699999809265137,1.7699999809265137,1.7699999809265137,1.7699999809265137,101,0.0,0.0
2024-06-10 12:00:00-04:00,1.7841999530792236,1.7841999530792236,1.7841999530792236,1.7841999530792236,200,0.0,0.0
2024-06-10 12:05:00-04:00,1.7999999523162842,1.7999999523162842,1.7999999523162842,1.7999999523162842,1783,0.0,0.0
2024-06-10 13:00:00-04:00,1.7700999975204468,1.7700999975204468,1.7700999975204468,1.7700999975204468,207,0.0,0.0
2024-06-10 13:15:00-04:00,1.7699999809265137,1.7699999809265137,1.7699999809265137,1.7699999809265137,1319,0.0,0.0
2024-06-10 14:35:00-04:00,1.809000015258789,1.809000015258789,1.809000015258789,1.809000015258789,200,0.0,0.0
2024-06-10 14:50:00-04:00,1.7899999618530273,1.7899999618530273,1.7899999618530273,1.7899999618530273,112,0.0,0.0
2024-06-10 15:45:00-04:00,1.7899999618530273,1.7899999618530273,1.7899999618530273,1.7899999618530273,2012,0.0,0.0
2024-06-11 10:15:00-04:00,1.7799999713897705,1.7799999713897705,1.7699999809265137,1.7699999809265137,2565,0.0,0.0
2024-06-11 10:45:00-04:00,1.7799999713897705,1.7899999618530273,1.7799999713897705,1.7799999713897705,1483,0.0,0.0
2024-06-11 10:50:00-04:00,1.7718000411987305,1.774999976158142,1.7699999809265137,1.7699999809265137,5816,0.0,0.0
2024-06-11 10:55:00-04:00,1.7649999856948853,1.840000033378601,1.7649999856948853,1.840000033378601,14212,0.0,0.0
2024-06-11 11:00:00-04:00,1.8300000429153442,1.8300000429153442,1.75,1.7699999809265137,8432,0.0,0.0
2024-06-11 11:05:00-04:00,1.7699999809265137,1.7699999809265137,1.75,1.75,1604,0.0,0.0
2024-06-11 11:10:00-04:00,1.7999999523162842,1.7999999523162842,1.7999999523162842,1.7999999523162842,0,0.0,0.0
2024-06-11 11:15:00-04:00,1.7999999523162842,1.7999999523162842,1.7999999523162842,1.7999999523162842,379,0.0,0.0
2024-06-11 12:05:00-04:00,1.75,1.75,1.75,1.75,1331,0.0,0.0
2024-06-11 12:15:00-04:00,1.75,1.75,1.75,1.75,2171,0.0,0.0
2024-06-11 12:25:00-04:00,1.75,1.75,1.75,1.75,300,0.0,0.0
2024-06-11 12:45:00-04:00,1.7599999904632568,1.7599999904632568,1.7599999904632568,1.7599999904632568,633,0.0,0.0
2024-06-11 12:55:00-04:00,1.7599999904632568,1.7599999904632568,1.7599999904632568,1.7599999904632568,300,0.0,0.0
2024-06-11 13:20:00-04:00,1.7599999904632568,1.7599999904632568,1.7599999904632568,1.7599999904632568,768,0.0,0.0
2024-06-11 13:30:00-04:00,1.7599999904632568,1.7599999904632568,1.7599999904632568,1.7599999904632568,279,0.0,0.0
2024-06-11 13:50:00-04:00,1.7599999904632568,1.7599999904632568,1.7599999904632568,1.7599999904632568,207,0.0,0.0
2024-06-11 14:15:00-04:00,1.7599999904632568,1.7599999904632568,1.7599999904632568,1.7599999904632568,2459,0.0,0.0
2024-06-11 14:35:00-04:00,1.75,1.75,1.75,1.75,200,0.0,0.0
2024-06-11 14:50:00-04:00,1.75,1.75,1.75,1.75,101,0.0,0.0
2024-06-11 14:55:00-04:00,1.75,1.75,1.75,1.75,2321,0.0,0.0
2024-06-11 15:20:00-04:00,1.75,1.7899999618530273,1.75,1.7899999618530273,7107,0.0,0.0
2024-06-11 15:25:00-04:00,1.7799999713897705,1.7799999713897705,1.7799999713897705,1.7799999713897705,1308,0.0,0.0
2024-06-11 15:30:00-04:00,1.784999966621399,1.784999966621399,1.7799999713897705,1.7799999713897705,1020,0.0,0.0
2024-06-11 15:35:00-04:00,1.7799999713897705,1.7799999713897705,1.7799999713897705,1.7799999713897705,130,0.0,0.0
2024-06-11 15:50:00-04:00,1.7899999618530273,1.7899999618530273,1.7899999618530273,1.7899999618530273,439,0.0,0.0
2024-06-12 09:35:00-04:00,1.7799999713897705,1.7799999713897705,1.7799999713897705,1.7799999713897705,2708,0.0,0.0
2024-06-12 09:55:00-04:00,1.7799999713897705,1.7799999713897705,1.7799999713897705,1.7799999713897705,758,0.0,0.0
2024-06-12 10:30:00-04:00,1.7799999713897705,1.7799999713897705,1.7799999713897705,1.7799999713897705,1249,0.0,0.0
2024-06-12 11:10:00-04:00,1.7599999904632568,1.7599999904632568,1.7599999904632568,1.7599999904632568,1861,0.0,0.0
2024-06-12 11:20:00-04:00,1.7799999713897705,1.7799999713897705,1.7599999904632568,1.7799999713897705,16792,0.0,0.0
2024-06-12 12:20:00-04:00,1.7799999713897705,1.7799999713897705,1.7799999713897705,1.7799999713897705,1650,0.0,0.0
2024-06-12 13:10:00-04:00,1.7799999713897705,1.7799999713897705,1.7799999713897705,1.7799999713897705,0,0.0,0.0
2024-06-12 13:30:00-04:00,1.7899999618530273,1.7899999618530273,1.7899999618530273,1.7899999618530273,29192,0.0,0.0
2024-06-12 15:00:00-04:00,1.7649999856948853,1.7649999856948853,1.7649999856948853,1.7649999856948853,322,0.0,0.0
2024-06-12 15:15:00-04:00,1.752500057220459,1.752500057220459,1.75,1.75,1750,0.0,0.0
2024-06-13 09:30:00-04:00,1.75,1.75,1.75,1.75,921,0.0,0.0
2024-06-13 09:35:00-04:00,1.8200000524520874,1.8200000524520874,1.8200000524520874,1.8200000524520874,1470,0.0,0.0
2024-06-13 10:00:00-04:00,1.7899999618530273,1.8499000072479248,1.7800999879837036,1.8499000072479248,5524,0.0,0.0
2024-06-13 10:05:00-04:00,1.815000057220459,1.815000057220459,1.7800999879837036,1.815000057220459,3758,0.0,0.0
2024-06-13 10:50:00-04:00,1.8099000453948975,1.8099000453948975,1.8098000288009644,1.8098000288009644,1159,0.0,0.0
2024-06-13 10:55:00-04:00,1.809000015258789,1.809999942779541,1.7908999919891357,1.7908999919891357,1261,0.0,0.0
2024-06-13 11:10:00-04:00,1.784999966621399,1.840000033378601,1.784999966621399,1.7999999523162842,7511,0.0,0.0
2024-06-13 11:15:00-04:00,1.8300000429153442,2.0899999141693115,1.8049999475479126,2.003000020980835,119746,0.0,0.0
2024-06-13 11:20:00-04:00,1.9700000286102295,1.9900000095367432,1.8899999856948853,1.9249999523162842,30743,0.0,0.0
2024-06-13 11:25:00-04:00,1.9000999927520752,1.9499000310897827,1.8799999952316284,1.9199999570846558,12558,0.0,0.0
2024-06-13 11:30:00-04:00,1.9199999570846558,1.9600000381469727,1.8600000143051147,1.8799999952316284,23227,0.0,0.0
2024-06-13 11:35:00-04:00,1.8600000143051147,1.9464999437332153,1.850000023841858,1.9464999437332153,3242,0.0,0.0
2024-06-13 11:40:00-04:00,1.9500000476837158,1.9900000095367432,1.8799999952316284,1.899999976158142,7086,0.0,0.0
2024-06-13 11:45:00-04:00,1.8762999773025513,1.8799999952316284,1.8700000047683716,1.8700000047683716,1980,0.0,0.0
2024-06-13 11:50:00-04:00,1.9499000310897827,1.9499000310897827,1.7999999523162842,1.809999942779541,21038,0.0,0.0
2024-06-13 11:55:00-04:00,1.8066999912261963,1.850000023841858,1.8066999912261963,1.850000023841858,3000,0.0,0.0
2024-06-13 12:00:00-04:00,1.8301000595092773,1.8798999786376953,1.75,1.8250000476837158,10628,0.0,0.0
2024-06-13 12:05:00-04:00,1.7800999879837036,1.8250000476837158,1.6409000158309937,1.7201000452041626,30380,0.0,0.0
2024-06-13 12:10:00-04:00,1.7263000011444092,1.7599999904632568,1.7200000286102295,1.7300000190734863,1923,0.0,0.0
2024-06-13 12:15:00-04:00,1.7200000286102295,1.7200000286102295,1.7100000381469727,1.7100000381469727,4222,0.0,0.0
2024-06-13 12:25:00-04:00,1.7001999616622925,1.75,1.7001999616622925,1.75,1567,0.0,0.0
2024-06-13 12:30:00-04:00,1.7202999591827393,1.7202999591827393,1.7200000286102295,1.7200000286102295,594,0.0,0.0
2024-06-13 12:40:00-04:00,1.7649999856948853,1.7649999856948853,1.7300000190734863,1.7300000190734863,2560,0.0,0.0
2024-06-13 13:00:00-04:00,1.7200000286102295,1.7201000452041626,1.659999966621399,1.7000000476837158,8563,0.0,0.0
2024-06-13 13:05:00-04:00,1.7100000381469727,1.7100000381469727,1.7100000381469727,1.7100000381469727,771,0.0,0.0
2024-06-13 13:10:00-04:00,1.7027000188827515,1.7050000429153442,1.7027000188827515,1.7050000429153442,2570,0.0,0.0
2024-06-13 13:20:00-04:00,1.7194000482559204,1.7599999904632568,1.715999960899353,1.7599999904632568,5571,0.0,0.0
2024-06-13 13:25:00-04:00,1.7598999738693237,1.7598999738693237,1.7598999738693237,1.7598999738693237,200,0.0,0.0
2024-06-13 13:30:00-04:00,1.7400000095367432,1.7400000095367432,1.7201999425888062,1.7201999425888062,2948,0.0,0.0
2024-06-13 14:10:00-04:00,1.7200000286102295,1.7200000286102295,1.7200000286102295,1.7200000286102295,550,0.0,0.0
2024-06-13 14:25:00-04:00,1.7000999450683594,1.7400000095367432,1.7000999450683594,1.7274999618530273,1955,0.0,0.0
2024-06-13 14:45:00-04:00,1.7267999649047852,1.7267999649047852,1.7200000286102295,1.7200000286102295,1744,0.0,0.0
2024-06-13 15:10:00-04:00,1.7200000286102295,1.7200000286102295,1.7000000476837158,1.7000000476837158,2516,0.0,0.0
2024-06-13 15:15:00-04:00,1.7089999914169312,1.7486000061035156,1.7089999914169312,1.735700011253357,4261,0.0,0.0
2024-06-13 15:20:00-04:00,1.7201000452041626,1.7201000452041626,1.7201000452041626,1.7201000452041626,0,0.0,0.0
2024-06-13 15:35:00-04:00,1.7400000095367432,1.7497999668121338,1.7300000190734863,1.7300000190734863,648,0.0,0.0
2024-06-13 15:40:00-04:00,1.7300000190734863,1.7300000190734863,1.7200000286102295,1.7200000286102295,2225,0.0,0.0
2024-06-13 15:50:00-04:00,1.7200000286102295,1.7200000286102295,1.7100000381469727,1.7100000381469727,0,0.0,0.0
2024-06-13 15:55:00-04:00,1.7100000381469727,1.7200000286102295,1.7000000476837158,1.7000000476837158,983,0.0,0.0
2024-06-14 09:30:00-04:00,1.6799999475479126,1.75,1.6799999475479126,1.75,3084,0.0,0.0
2024-06-14 09:40:00-04:00,1.6799999475479126,1.6799999475479126,1.6799999475479126,1.6799999475479126,1969,0.0,0.0
2024-06-14 09:45:00-04:00,1.659999966621399,1.659999966621399,1.659999966621399,1.659999966621399,893,0.0,0.0
2024-06-14 10:10:00-04:00,1.6888999938964844,1.6888999938964844,1.6888999938964844,1.6888999938964844,311,0.0,0.0
2024-06-14 10:30:00-04:00,1.6993999481201172,1.6993999481201172,1.6993999481201172,1.6993999481201172,3868,0.0,0.0
2024-06-14 11:30:00-04:00,1.6973999738693237,1.6973999738693237,1.6973999738693237,1.6973999738693237,4800,0.0,0.0
2024-06-14 12:15:00-04:00,1.7264000177383423,1.7264000177383423,1.7264000177383423,1.7264000177383423,2516,0.0,0.0
2024-06-14 13:40:00-04:00,1.6799999475479126,1.6799999475479126,1.6799999475479126,1.6799999475479126,691,0.0,0.0
2024-06-14 14:25:00-04:00,1.6799999475479126,1.6799999475479126,1.6799999475479126,1.6799999475479126,290,0.0,0.0
2024-06-14 15:05:00-04:00,1.74399995803833,1.74399995803833,1.74399995803833,1.74399995803833,1235,0.0,0.0
2024-06-14 15:40:00-04:00,1.6800999641418457,1.6800999641418457,1.6799999475479126,1.6799999475479126,1552,0.0,0.0
2024-06-14 15:45:00-04:00,1.7100000381469727,1.7100000381469727,1.7000000476837158,1.7000000476837158,1800,0.0,0.0
2024-06-14 15:50:00-04:00,1.659999966621399,1.659999966621399,1.659999966621399,1.659999966621399,0,0.0,0.0
2024-06-14 15:55:00-04:00,1.7000000476837158,1.7000000476837158,1.7000000476837158,1.7000000476837158,906,0.0,0.0
2024-06-17 09:50:00-04:00,1.7000000476837158,1.7000000476837158,1.7000000476837158,1.7000000476837158,2396,0.0,0.0
2024-06-17 11:10:00-04:00,1.68340003490448,1.68340003490448,1.68340003490448,1.68340003490448,115,0.0,0.0
2024-06-17 11:15:00-04:00,1.6799999475479126,1.6799999475479126,1.6799999475479126,1.6799999475479126,2654,0.0,0.0
2024-06-17 11:35:00-04:00,1.690000057220459,1.7100000381469727,1.690000057220459,1.7100000381469727,1396,0.0,0.0
2024-06-17 13:00:00-04:00,1.7100000381469727,1.7100000381469727,1.7100000381469727,1.7100000381469727,169,0.0,0.0
2024-06-17 13:30:00-04:00,1.6699999570846558,1.6699999570846558,1.6699999570846558,1.6699999570846558,432,0.0,0.0
2024-06-17 13:45:00-04:00,1.6799999475479126,1.7100000381469727,1.6799999475479126,1.7100000381469727,1201,0.0,0.0
2024-06-17 14:20:00-04:00,1.7000000476837158,1.7000000476837158,1.7000000476837158,1.7000000476837158,750,0.0,0.0
2024-06-17 14:35:00-04:00,1.6710000038146973,1.6710000038146973,1.6710000038146973,1.6710000038146973,534,0.0,0.0
2024-06-17 15:50:00-04:00,1.7000000476837158,1.7000000476837158,1.6799999475479126,1.690000057220459,1962,0.0,0.0
2024-06-17 15:55:00-04:00,1.6699999570846558,1.6699999570846558,1.6699999570846558,1.6699999570846558,565,0.0,0.0
2024-06-18 09:50:00-04:00,1.659999966621399,1.659999966621399,1.5700000524520874,1.6234999895095825,11828,0.0,0.0
2024-06-18 09:55:00-04:00,1.6007000207901,1.6007000207901,1.600000023841858,1.600000023841858,2686,0.0,0.0
2024-06-18 10:05:00-04:00,1.5950000286102295,1.600000023841858,1.5950000286102295,1.600000023841858,641,0.0,0.0
2024-06-18 10:10:00-04:00,1.6100000143051147,1.6100000143051147,1.6100000143051147,1.6100000143051147,229,0.0,0.0
2024-06-18 10:20:00-04:00,1.5700000524520874,1.5851000547409058,1.5499999523162842,1.5600999593734741,0,0.0,0.0
2024-06-18 10:50:00-04:00,1.5800000429153442,1.5800000429153442,1.5800000429153442,1.5800000429153442,24661,0.0,0.0
2024-06-18 11:20:00-04:00,1.5399999618530273,1.5399999618530273,1.5399999618530273,1.5399999618530273,1607,0.0,0.0
2024-06-18 11:30:00-04:00,1.5700000524520874,1.590000033378601,1.559999942779541,1.559999942779541,1051,0.0,0.0
2024-06-18 12:05:00-04:00,1.5499999523162842,1.5499999523162842,1.5499999523162842,1.5499999523162842,570,0.0,0.0
2024-06-18 12:10:00-04:00,1.5700000524520874,1.5700000524520874,1.5700000524520874,1.5700000524520874,450,0.0,0.0
2024-06-18 12:40:00-04:00,1.600000023841858,1.600000023841858,1.590000033378601,1.590000033378601,2151,0.0,0.0
2024-06-18 13:00:00-04:00,1.5700000524520874,1.5700000524520874,1.5700000524520874,1.5700000524520874,1343,0.0,0.0
2024-06-18 13:05:00-04:00,1.5700000524520874,1.5700000524520874,1.5700000524520874,1.5700000524520874,621,0.0,0.0
2024-06-18 13:30:00-04:00,1.5700000524520874,1.5700000524520874,1.5700000524520874,1.5700000524520874,487,0.0,0.0
2024-06-18 15:05:00-04:00,1.5750000476837158,1.5750000476837158,1.5499999523162842,1.5499999523162842,303,0.0,0.0
2024-06-18 15:15:00-04:00,1.5700000524520874,1.5700000524520874,1.5700000524520874,1.5700000524520874,1494,0.0,0.0
2024-06-18 15:20:00-04:00,1.5499999523162842,1.559999942779541,1.5499999523162842,1.5499999523162842,0,0.0,0.0
2024-06-18 15:25:00-04:00,1.5399999618530273,1.5399999618530273,1.5399999618530273,1.5399999618530273,1365,0.0,0.0
2024-06-18 15:30:00-04:00,1.5405000448226929,1.5499999523162842,1.5299999713897705,1.5299999713897705,3642,0.0,0.0
2024-06-18 15:35:00-04:00,1.5199999809265137,1.5299999713897705,1.5199999809265137,1.5299999713897705,3522,0.0,0.0
2024-06-18 15:50:00-04:00,1.5,1.5,1.4600000381469727,1.4600000381469727,2489,0.0,0.0
2024-06-18 15:55:00-04:00,1.4701000452041626,1.5298999547958374,1.4701000452041626,1.4819999933242798,2190,0.0,0.0
2024-06-20 09:30:00-04:00,1.5199999809265137,1.5199999809265137,1.5199999809265137,1.5199999809265137,1970,0.0,0.0
2024-06-20 10:05:00-04:00,1.4801000356674194,1.48989999294281,1.4801000356674194,1.48989999294281,828,0.0,0.0
2024-06-20 10:10:00-04:00,1.48989999294281,1.48989999294281,1.4800000190734863,1.4800000190734863,2023,0.0,0.0
2024-06-20 10:40:00-04:00,1.4800000190734863,1.4800000190734863,1.4800000190734863,1.4800000190734863,1173,0.0,0.0
2024-06-20 11:40:00-04:00,1.4693000316619873,1.4900000095367432,1.4693000316619873,1.4900000095367432,1527,0.0,0.0
2024-06-20 11:50:00-04:00,1.4900000095367432,1.4900000095367432,1.4800000190734863,1.4800000190734863,529,0.0,0.0
2024-06-20 12:35:00-04:00,1.4717999696731567,1.4717999696731567,1.4717999696731567,1.4717999696731567,250,0.0,0.0
2024-06-20 13:20:00-04:00,1.4500000476837158,1.4500000476837158,1.409999966621399,1.409999966621399,5097,0.0,0.0
2024-06-20 13:40:00-04:00,1.4385000467300415,1.4385000467300415,1.4385000467300415,1.4385000467300415,1285,0.0,0.0
2024-06-20 14:05:00-04:00,1.4500000476837158,1.4500000476837158,1.4500000476837158,1.4500000476837158,614,0.0,0.0
2024-06-20 14:30:00-04:00,1.4450000524520874,1.4450000524520874,1.4450000524520874,1.4450000524520874,770,0.0,0.0
2024-06-20 15:10:00-04:00,1.4399000406265259,1.440000057220459,1.4300999641418457,1.4300999641418457,550,0.0,0.0
2024-06-20 15:25:00-04:00,1.4299999475479126,1.4371999502182007,1.4299999475479126,1.4371999502182007,1149,0.0,0.0
2024-06-20 15:35:00-04:00,1.4500000476837158,1.4500000476837158,1.4500000476837158,1.4500000476837158,299,0.0,0.0
2024-06-20 15:50:00-04:00,1.4299999475479126,1.4299999475479126,1.4299999475479126,1.4299999475479126,2077,0.0,0.0
2024-06-20 15:55:00-04:00,1.4249999523162842,1.4249999523162842,1.409999966621399,1.409999966621399,911,0.0,0.0
2024-06-21 09:50:00-04:00,1.4900000095367432,1.4900000095367432,1.4900000095367432,1.4900000095367432,313,0.0,0.0
2024-06-21 10:05:00-04:00,1.4900000095367432,1.4900000095367432,1.4900000095367432,1.4900000095367432,605,0.0,0.0
2024-06-21 12:25:00-04:00,1.434999942779541,1.434999942779541,1.434999942779541,1.434999942779541,107,0.0,0.0
2024-06-21 12:55:00-04:00,1.409999966621399,1.409999966621399,1.3600000143051147,1.3600000143051147,2146,0.0,0.0
2024-06-21 13:05:00-04:00,1.3799999952316284,1.3799999952316284,1.3799999952316284,1.3799999952316284,200,0.0,0.0
2024-06-21 13:10:00-04:00,1.399999976158142,1.4199999570846558,1.399999976158142,1.4199999570846558,790,0.0,0.0
2024-06-21 13:15:00-04:00,1.4600000381469727,1.4600000381469727,1.4600000381469727,1.4600000381469727,980,0.0,0.0
2024-06-21 13:50:00-04:00,1.410099983215332,1.410099983215332,1.410099983215332,1.410099983215332,260,0.0,0.0
2024-06-21 14:25:00-04:00,1.4134999513626099,1.4199999570846558,1.4134999513626099,1.4199999570846558,468,0.0,0.0
2024-06-21 15:45:00-04:00,1.4199999570846558,1.4199999570846558,1.399999976158142,1.399999976158142,2237,0.0,0.0
2024-06-21 15:50:00-04:00,1.4299999475479126,1.4299999475479126,1.4299999475479126,1.4299999475479126,12,0.0,0.0
2024-06-21 15:55:00-04:00,1.399999976158142,1.399999976158142,1.399999976158142,1.399999976158142,692,0.0,0.0
2024-06-24 09:30:00-04:00,1.4199999570846558,1.4199999570846558,1.4000999927520752,1.4000999927520752,2714,0.0,0.0
2024-06-24 10:00:00-04:00,1.440000057220459,1.440000057220459,1.440000057220459,1.440000057220459,24,0.0,0.0
2024-06-24 10:25:00-04:00,1.410099983215332,1.4199999570846558,1.410099983215332,1.4199999570846558,1462,0.0,0.0
2024-06-24 11:10:00-04:00,1.4018000364303589,1.4018000364303589,1.4018000364303589,1.4018000364303589,2264,0.0,0.0
2024-06-24 14:40:00-04:00,1.409999966621399,1.409999966621399,1.409999966621399,1.409999966621399,885,0.0,0.0
2024-06-24 15:05:00-04:00,1.4199999570846558,1.4199999570846558,1.4199999570846558,1.4199999570846558,228,0.0,0.0
2024-06-25 09:30:00-04:00,1.4500000476837158,1.4500000476837158,1.4500000476837158,1.4500000476837158,262,0.0,0.0
2024-06-25 09:35:00-04:00,1.4600000381469727,1.4600000381469727,1.4600000381469727,1.4600000381469727,630,0.0,0.0
2024-06-25 10:10:00-04:00,1.4500999450683594,1.4800000190734863,1.4500999450683594,1.4800000190734863,3233,0.0,0.0
2024-06-25 10:15:00-04:00,1.5074000358581543,1.5074000358581543,1.506600022315979,1.506600022315979,1519,0.0,0.0
2024-06-25 10:25:00-04:00,1.5099999904632568,1.600000023841858,1.5,1.5399999618530273,48600,0.0,0.0
2024-06-25 10:30:00-04:00,1.5210000276565552,1.559999942779541,1.5199999809265137,1.5399999618530273,9233,0.0,0.0
2024-06-25 10:35:00-04:00,1.5299999713897705,1.5299999713897705,1.5099999904632568,1.5099999904632568,2248,0.0,0.0
2024-06-25 10:40:00-04:00,1.5299999713897705,1.5800000429153442,1.524999976158142,1.5799000263214111,8984,0.0,0.0
2024-06-25 11:00:00-04:00,1.5999000072479248,1.5999000072479248,1.5999000072479248,1.5999000072479248,1889,0.0,0.0
2024-06-25 11:25:00-04:00,1.586300015449524,1.586300015449524,1.586300015449524,1.586300015449524,831,0.0,0.0
2024-06-25 11:45:00-04:00,1.5898000001907349,1.589900016784668,1.5898000001907349,1.5898000001907349,1625,0.0,0.0
2024-06-25 11:55:00-04:00,1.590000033378601,1.590000033378601,1.590000033378601,1.590000033378601,274,0.0,0.0
2024-06-25 12:15:00-04:00,1.590000033378601,1.590000033378601,1.590000033378601,1.590000033378601,966,0.0,0.0
2024-06-25 12:25:00-04:00,1.559999942779541,1.559999942779541,1.4700000286102295,1.4700000286102295,4142,0.0,0.0
2024-06-25 12:30:00-04:00,1.4800000190734863,1.5399999618530273,1.4800000190734863,1.5399999618530273,5165,0.0,0.0
2024-06-25 13:05:00-04:00,1.5800000429153442,1.5800000429153442,1.5800000429153442,1.5800000429153442,131,0.0,0.0
2024-06-25 13:10:00-04:00,1.589900016784668,1.589900016784668,1.589900016784668,1.589900016784668,951,0.0,0.0
2024-06-25 14:40:00-04:00,1.5699000358581543,1.5699000358581543,1.5699000358581543,1.5699000358581543,0,0.0,0.0
2024-06-25 14:45:00-04:00,1.559999942779541,1.559999942779541,1.5499999523162842,1.559999942779541,92193,0.0,0.0
2024-06-25 14:55:00-04:00,1.559999942779541,1.559999942779541,1.559999942779541,1.559999942779541,856,0.0,0.0
2024-06-25 15:25:00-04:00,1.5700000524520874,1.5700000524520874,1.5700000524520874,1.5700000524520874,235,0.0,0.0
2024-06-25 15:40:00-04:00,1.5609999895095825,1.5609999895095825,1.5609999895095825,1.5609999895095825,247,0.0,0.0
2024-06-25 15:45:00-04:00,1.5700000524520874,1.5700000524520874,1.5700000524520874,1.5700000524520874,687,0.0,0.0
2024-06-26 09:30:00-04:00,1.565000057220459,1.565000057220459,1.5500999689102173,1.5500999689102173,2066,0.0,0.0
2024-06-26 09:35:00-04:00,1.5499999523162842,1.5499999523162842,1.5399999618530273,1.5399999618530273,1180,0.0,0.0
2024-06-26 09:40:00-04:00,1.600000023841858,1.600000023841858,1.600000023841858,1.600000023841858,298,0.0,0.0
2024-06-26 09:55:00-04:00,1.6100000143051147,1.6100000143051147,1.6100000143051147,1.6100000143051147,1155,0.0,0.0
2024-06-26 10:05:00-04:00,1.600000023841858,1.600000023841858,1.600000023841858,1.600000023841858,1486,0.0,0.0
2024-06-26 10:10:00-04:00,1.5499999523162842,1.5499999523162842,1.5499999523162842,1.5499999523162842,644,0.0,0.0
2024-06-26 10:20:00-04:00,1.5499999523162842,1.5499999523162842,1.5499999523162842,1.5499999523162842,3095,0.0,0.0
2024-06-26 10:45:00-04:00,1.649899959564209,1.649899959564209,1.649899959564209,1.649899959564209,1055,0.0,0.0
2024-06-26 10:50:00-04:00,1.6497000455856323,1.6497000455856323,1.6497000455856323,1.6497000455856323,1011,0.0,0.0
2024-06-26 11:00:00-04:00,1.5800000429153442,1.5800000429153442,1.5800000429153442,1.5800000429153442,487,0.0,0.0
2024-06-26 12:00:00-04:00,1.570199966430664,1.570199966430664,1.570199966430664,1.570199966430664,160,0.0,0.0
2024-06-26 12:05:00-04:00,1.5709999799728394,1.5709999799728394,1.5700000524520874,1.5700000524520874,534,0.0,0.0
2024-06-26 14:25:00-04:00,1.6200000047683716,1.6200000047683716,1.6200000047683716,1.6200000047683716,571,0.0,0.0
2024-06-26 15:55:00-04:00,1.5800000429153442,1.5800000429153442,1.4800000190734863,1.5199999809265137,20286,0.0,0.0
2024-06-27 10:30:00-04:00,1.5099999904632568,1.5199999809265137,1.5099999904632568,1.5199999809265137,2127,0.0,0.0
2024-06-27 11:05:00-04:00,1.4802000522613525,1.4802000522613525,1.4802000522613525,1.4802000522613525,325,0.0,0.0
2024-06-27 11:20:00-04:00,1.4876999855041504,1.4876999855041504,1.4876999855041504,1.4876999855041504,252,0.0,0.0
2024-06-27 11:40:00-04:00,1.5199999809265137,1.5199999809265137,1.5199999809265137,1.5199999809265137,202,0.0,0.0
2024-06-27 13:00:00-04:00,1.4810999631881714,1.4810999631881714,1.4810999631881714,1.4810999631881714,6159,0.0,0.0
2024-06-27 13:15:00-04:00,1.4900000095367432,1.5399999618530273,1.4900000095367432,1.5399999618530273,934,0.0,0.0
2024-06-27 13:30:00-04:00,1.4811999797821045,1.4811999797821045,1.4811999797821045,1.4811999797821045,1518,0.0,0.0
2024-06-27 15:10:00-04:00,1.5895999670028687,1.5895999670028687,1.5895999670028687,1.5895999670028687,601,0.0,0.0
2024-06-27 15:40:00-04:00,1.559999942779541,1.559999942779541,1.559999942779541,1.559999942779541,1006,0.0,0.0
2024-06-27 15:55:00-04:00,1.4819999933242798,1.4819999933242798,1.4819999933242798,1.4819999933242798,368,0.0,0.0
2024-06-28 09:55:00-04:00,1.5520000457763672,1.5520000457763672,1.5099999904632568,1.5099999904632568,944,0.0,0.0
2024-06-28 10:05:00-04:00,1.559999942779541,1.6092000007629395,1.559999942779541,1.6092000007629395,433,0.0,0.0
2024-06-28 10:35:00-04:00,1.5033999681472778,1.5055999755859375,1.5033999681472778,1.5055999755859375,332,0.0,0.0
2024-06-28 12:30:00-04:00,1.5,1.5,1.5,1.5,200,0.0,0.0
2024-06-28 13:05:00-04:00,1.500100016593933,1.500100016593933,1.500100016593933,1.500100016593933,208,0.0,0.0
2024-06-28 13:35:00-04:00,1.5,1.5,1.5,1.5,300,0.0,0.0
2024-06-28 13:50:00-04:00,1.5056999921798706,1.5056999921798706,1.5056999921798706,1.5056999921798706,141,0.0,0.0
2024-06-28 14:15:00-04:00,1.5299999713897705,1.5299999713897705,1.4500999450683594,1.4528000354766846,7977,0.0,0.0
2024-06-28 14:20:00-04:00,1.4500000476837158,1.4500000476837158,1.4500000476837158,1.4500000476837158,123,0.0,0.0
2024-06-28 14:25:00-04:00,1.4500000476837158,1.4700000286102295,1.4500000476837158,1.4700000286102295,5400,0.0,0.0
2024-06-28 14:30:00-04:00,1.4500000476837158,1.4500999450683594,1.399999976158142,1.399999976158142,10866,0.0,0.0
2024-06-28 14:40:00-04:00,1.4500000476837158,1.4500000476837158,1.4500000476837158,1.4500000476837158,1254,0.0,0.0
2024-06-28 15:55:00-04:00,1.409999966621399,1.409999966621399,1.409999966621399,1.409999966621399,310,0.0,0.0
