Datetime,Open,High,Low,Close,Volume,Dividends,Stock Splits
2024-05-29 09:30:00-04:00,23.110000610351562,23.149999618530273,23.079999923706055,23.079999923706055,0,0.0,0.0
2024-05-29 09:40:00-04:00,23.290000915527344,23.290000915527344,23.290000915527344,23.290000915527344,153,0.0,0.0
2024-05-29 09:50:00-04:00,23.31999969482422,23.31999969482422,23.31999969482422,23.31999969482422,129,0.0,0.0
2024-05-29 10:00:00-04:00,23.420000076293945,23.420000076293945,23.420000076293945,23.420000076293945,721,0.0,0.0
2024-05-29 10:05:00-04:00,23.420000076293945,23.420000076293945,23.420000076293945,23.420000076293945,142,0.0,0.0
2024-05-29 10:10:00-04:00,23.399999618530273,23.399999618530273,23.399999618530273,23.399999618530273,311,0.0,0.0
2024-05-29 10:15:00-04:00,23.309999465942383,23.309999465942383,23.280000686645508,23.280000686645508,1484,0.0,0.0
2024-05-29 10:40:00-04:00,23.299999237060547,23.299999237060547,23.299999237060547,23.299999237060547,446,0.0,0.0
2024-05-29 10:55:00-04:00,23.149999618530273,23.149999618530273,23.149999618530273,23.149999618530273,449,0.0,0.0
2024-05-29 11:00:00-04:00,23.1200008392334,23.149999618530273,23.1200008392334,23.149999618530273,1076,0.0,0.0
2024-05-29 11:10:00-04:00,23.219999313354492,23.219999313354492,23.219999313354492,23.219999313354492,341,0.0,0.0
2024-05-29 11:25:00-04:00,23.209999084472656,23.209999084472656,23.209999084472656,23.209999084472656,153,0.0,0.0
2024-05-29 11:30:00-04:00,23.209999084472656,23.209999084472656,23.209999084472656,23.209999084472656,243,0.0,0.0
2024-05-29 11:35:00-04:00,23.209999084472656,23.209999084472656,23.209999084472656,23.209999084472656,105,0.0,0.0
2024-05-29 11:40:00-04:00,23.209999084472656,23.209999084472656,23.209999084472656,23.209999084472656,184,0.0,0.0
2024-05-29 11:45:00-04:00,23.149999618530273,23.149999618530273,23.1200008392334,23.1200008392334,1790,0.0,0.0
2024-05-29 12:05:00-04:00,23.18000030517578,23.18000030517578,23.18000030517578,23.18000030517578,279,0.0,0.0
2024-05-29 12:20:00-04:00,23.170000076293945,23.239999771118164,23.170000076293945,23.239999771118164,813,0.0,0.0
2024-05-29 12:35:00-04:00,23.209999084472656,23.209999084472656,23.209999084472656,23.209999084472656,325,0.0,0.0
2024-05-29 12:40:00-04:00,23.18000030517578,23.184999465942383,23.18000030517578,23.184999465942383,245,0.0,0.0
2024-05-29 12:50:00-04:00,23.184999465942383,23.184999465942383,23.184999465942383,23.184999465942383,403,0.0,0.0
2024-05-29 13:00:00-04:00,23.15999984741211,23.15999984741211,23.15999984741211,23.15999984741211,1602,0.0,0.0
2024-05-29 13:05:00-04:00,23.09000015258789,23.09000015258789,23.09000015258789,23.09000015258789,381,0.0,0.0
2024-05-29 13:15:00-04:00,23.09000015258789,23.09000015258789,23.049999237060547,23.09000015258789,2109,0.0,0.0
2024-05-29 13:20:00-04:00,23.06999969482422,23.09000015258789,23.06999969482422,23.09000015258789,926,0.0,0.0
2024-05-29 13:35:00-04:00,23.100000381469727,23.110000610351562,23.100000381469727,23.110000610351562,463,0.0,0.0
2024-05-29 13:40:00-04:00,23.06999969482422,23.06999969482422,23.06999969482422,23.06999969482422,567,0.0,0.0
2024-05-29 13:45:00-04:00,23.040000915527344,23.040000915527344,22.989999771118164,22.989999771118164,578,0.0,0.0
2024-05-29 13:55:00-04:00,22.990100860595703,23.0049991607666,22.990100860595703,23.0049991607666,1725,0.0,0.0
2024-05-29 14:05:00-04:00,22.969999313354492,22.969999313354492,22.959999084472656,22.959999084472656,998,0.0,0.0
2024-05-29 14:20:00-04:00,22.924999237060547,22.924999237060547,22.924999237060547,22.924999237060547,464,0.0,0.0
2024-05-29 14:25:00-04:00,22.979999542236328,22.979999542236328,22.979999542236328,22.979999542236328,102,0.0,0.0
2024-05-29 14:30:00-04:00,22.950000762939453,22.959999084472656,22.940000534057617,22.959999084472656,1181,0.0,0.0
2024-05-29 14:40:00-04:00,22.989999771118164,22.9950008392334,22.989999771118164,22.9950008392334,659,0.0,0.0
2024-05-29 14:45:00-04:00,22.979999542236328,22.979999542236328,22.969999313354492,22.975000381469727,416,0.0,0.0
2024-05-29 14:50:00-04:00,22.959999084472656,22.959999084472656,22.924999237060547,22.924999237060547,1240,0.0,0.0
2024-05-29 15:10:00-04:00,22.90999984741211,22.940000534057617,22.899999618530273,22.940000534057617,1903,0.0,0.0
2024-05-29 15:15:00-04:00,22.950000762939453,22.954999923706055,22.950000762939453,22.954999923706055,1086,0.0,0.0
2024-05-29 15:25:00-04:00,22.950000762939453,22.950000762939453,22.934999465942383,22.934999465942383,1045,0.0,0.0
2024-05-29 15:35:00-04:00,22.950000762939453,22.979999542236328,22.950000762939453,22.979999542236328,1378,0.0,0.0
2024-05-29 15:40:00-04:00,22.989999771118164,23.0,22.979999542236328,23.0,2102,0.0,0.0
2024-05-29 15:45:00-04:00,22.969999313354492,22.969999313354492,22.94499969482422,22.94499969482422,3183,0.0,0.0
2024-05-29 15:50:00-04:00,22.969999313354492,22.969999313354492,22.920000076293945,22.93000030517578,2677,0.0,0.0
2024-05-29 15:55:00-04:00,22.93000030517578,22.950000762939453,22.8700008392334,22.950000762939453,4394,0.0,0.0
2024-05-30 09:30:00-04:00,22.950000762939453,22.950000762939453,22.940200805664062,22.950000762939453,2319,0.0,0.0
2024-05-30 09:40:00-04:00,23.05500030517578,23.05500030517578,23.05500030517578,23.05500030517578,418,0.0,0.0
2024-05-30 09:45:00-04:00,23.0,23.0,22.979999542236328,22.979999542236328,364,0.0,0.0
2024-05-30 09:55:00-04:00,23.049999237060547,23.049999237060547,23.049999237060547,23.049999237060547,1875,0.0,0.0
2024-05-30 10:30:00-04:00,23.136999130249023,23.136999130249023,23.136999130249023,23.136999130249023,1937,0.0,0.0
2024-05-30 10:45:00-04:00,23.15999984741211,23.15999984741211,23.15999984741211,23.15999984741211,191,0.0,0.0
2024-05-30 10:50:00-04:00,23.1299991607666,23.1299991607666,23.1200008392334,23.1200008392334,997,0.0,0.0
2024-05-30 11:00:00-04:00,23.15999984741211,23.15999984741211,23.15999984741211,23.15999984741211,2939,0.0,0.0
2024-05-30 11:20:00-04:00,23.167699813842773,23.25,23.167699813842773,23.167699813842773,2732,0.0,0.0
2024-05-30 11:35:00-04:00,23.295000076293945,23.295000076293945,23.295000076293945,23.295000076293945,576,0.0,0.0
2024-05-30 11:40:00-04:00,23.239999771118164,23.25,23.239999771118164,23.239999771118164,467,0.0,0.0
2024-05-30 11:45:00-04:00,23.260000228881836,23.295000076293945,23.260000228881836,23.295000076293945,1084,0.0,0.0
2024-05-30 11:50:00-04:00,23.229999542236328,23.229999542236328,23.200000762939453,23.200000762939453,759,0.0,0.0
2024-05-30 12:00:00-04:00,23.264999389648438,23.264999389648438,23.264999389648438,23.264999389648438,464,0.0,0.0
2024-05-30 12:10:00-04:00,23.239999771118164,23.239999771118164,23.239999771118164,23.239999771118164,457,0.0,0.0
2024-05-30 12:25:00-04:00,23.264999389648438,23.264999389648438,23.18000030517578,23.18000030517578,1658,0.0,0.0
2024-05-30 12:55:00-04:00,23.170000076293945,23.170000076293945,23.170000076293945,23.170000076293945,317,0.0,0.0
2024-05-30 13:00:00-04:00,23.15999984741211,23.15999984741211,23.149999618530273,23.15999984741211,2236,0.0,0.0
2024-05-30 13:15:00-04:00,23.200000762939453,23.200000762939453,23.170000076293945,23.170000076293945,567,0.0,0.0
2024-05-30 13:20:00-04:00,23.170000076293945,23.170000076293945,23.170000076293945,23.170000076293945,1206,0.0,0.0
2024-05-30 13:35:00-04:00,23.260000228881836,23.260000228881836,23.260000228881836,23.260000228881836,585,0.0,0.0
2024-05-30 13:45:00-04:00,23.25,23.25,23.25,23.25,724,0.0,0.0
2024-05-30 13:50:00-04:00,23.209999084472656,23.209999084472656,23.209999084472656,23.209999084472656,2199,0.0,0.0
2024-05-30 13:55:00-04:00,23.260000228881836,23.260000228881836,23.260000228881836,23.260000228881836,562,0.0,0.0
2024-05-30 14:00:00-04:00,23.219999313354492,23.219999313354492,23.200000762939453,23.219999313354492,1050,0.0,0.0
2024-05-30 14:10:00-04:00,23.219999313354492,23.239999771118164,23.219999313354492,23.239999771118164,1609,0.0,0.0
2024-05-30 14:15:00-04:00,23.239999771118164,23.239999771118164,23.239999771118164,23.239999771118164,1182,0.0,0.0
2024-05-30 14:20:00-04:00,23.217500686645508,23.217500686645508,23.217500686645508,23.217500686645508,340,0.0,0.0
2024-05-30 14:25:00-04:00,23.200000762939453,23.200000762939453,23.200000762939453,23.200000762939453,474,0.0,0.0
2024-05-30 14:30:00-04:00,23.219999313354492,23.219999313354492,23.21500015258789,23.219999313354492,982,0.0,0.0
2024-05-30 14:35:00-04:00,23.228200912475586,23.228200912475586,23.15999984741211,23.15999984741211,2224,0.0,0.0
2024-05-30 14:40:00-04:00,23.15999984741211,23.15999984741211,23.15999984741211,23.15999984741211,733,0.0,0.0
2024-05-30 14:55:00-04:00,23.1200008392334,23.145000457763672,23.1200008392334,23.145000457763672,1715,0.0,0.0
2024-05-30 15:00:00-04:00,23.139999389648438,23.139999389648438,23.079999923706055,23.079999923706055,3168,0.0,0.0
2024-05-30 15:10:00-04:00,23.040000915527344,23.045000076293945,23.040000915527344,23.045000076293945,1314,0.0,0.0
2024-05-30 15:15:00-04:00,23.09749984741211,23.09749984741211,23.049999237060547,23.059999465942383,4306,0.0,0.0
2024-05-30 15:20:00-04:00,23.030000686645508,23.049999237060547,23.020000457763672,23.049999237060547,1939,0.0,0.0
2024-05-30 15:25:00-04:00,23.049999237060547,23.200000762939453,23.049999237060547,23.19499969482422,5845,0.0,0.0
2024-05-30 15:30:00-04:00,23.219999313354492,23.219999313354492,23.139999389648438,23.139999389648438,3716,0.0,0.0
2024-05-30 15:35:00-04:00,23.15999984741211,23.15999984741211,23.15999984741211,23.15999984741211,632,0.0,0.0
2024-05-30 15:40:00-04:00,23.149999618530273,23.149999618530273,23.100000381469727,23.125,10434,0.0,0.0
2024-05-30 15:45:00-04:00,23.110000610351562,23.110000610351562,23.084999084472656,23.084999084472656,2916,0.0,0.0
2024-05-30 15:55:00-04:00,23.190000534057617,23.190000534057617,23.15999984741211,23.15999984741211,2621,0.0,0.0
2024-05-31 09:35:00-04:00,23.405000686645508,23.405000686645508,23.405000686645508,23.405000686645508,998,0.0,0.0
2024-05-31 09:55:00-04:00,23.309999465942383,23.309999465942383,23.309999465942383,23.309999465942383,200,0.0,0.0
2024-05-31 10:00:00-04:00,23.299999237060547,23.299999237060547,23.229999542236328,23.229999542236328,1534,0.0,0.0
2024-05-31 10:40:00-04:00,23.469999313354492,23.469999313354492,23.469999313354492,23.469999313354492,256,0.0,0.0
2024-05-31 10:45:00-04:00,23.510000228881836,23.510000228881836,23.510000228881836,23.510000228881836,220,0.0,0.0
2024-05-31 10:50:00-04:00,23.520000457763672,23.520000457763672,23.520000457763672,23.520000457763672,623,0.0,0.0
2024-05-31 10:55:00-04:00,23.489999771118164,23.489999771118164,23.440000534057617,23.450000762939453,1537,0.0,0.0
2024-05-31 11:00:00-04:00,23.270000457763672,23.270000457763672,23.270000457763672,23.270000457763672,297,0.0,0.0
2024-05-31 11:10:00-04:00,23.290000915527344,23.290000915527344,23.290000915527344,23.290000915527344,249,0.0,0.0
2024-05-31 11:15:00-04:00,23.329999923706055,23.329999923706055,23.299999237060547,23.299999237060547,1551,0.0,0.0
2024-05-31 11:20:00-04:00,23.219999313354492,23.219999313354492,23.215999603271484,23.215999603271484,481,0.0,0.0
2024-05-31 11:25:00-04:00,23.209999084472656,23.209999084472656,23.209999084472656,23.209999084472656,370,0.0,0.0
2024-05-31 11:35:00-04:00,23.239999771118164,23.239999771118164,23.239999771118164,23.239999771118164,107,0.0,0.0
2024-05-31 11:40:00-04:00,23.219999313354492,23.219999313354492,23.200000762939453,23.200000762939453,1426,0.0,0.0
2024-05-31 11:55:00-04:00,23.225000381469727,23.225000381469727,23.225000381469727,23.225000381469727,450,0.0,0.0
2024-05-31 12:00:00-04:00,23.170000076293945,23.170000076293945,23.1200008392334,23.1200008392334,828,0.0,0.0
2024-05-31 12:10:00-04:00,23.04990005493164,23.079999923706055,23.020000457763672,23.079999923706055,541,0.0,0.0
2024-05-31 12:15:00-04:00,23.020000457763672,23.020000457763672,23.020000457763672,23.020000457763672,501,0.0,0.0
2024-05-31 12:25:00-04:00,22.989999771118164,22.989999771118164,22.989999771118164,22.989999771118164,484,0.0,0.0
2024-05-31 12:30:00-04:00,22.989999771118164,22.989999771118164,22.989999771118164,22.989999771118164,498,0.0,0.0
2024-05-31 12:40:00-04:00,23.0,23.03499984741211,23.0,23.03499984741211,453,0.0,0.0
2024-05-31 12:45:00-04:00,23.0,23.0,23.0,23.0,160,0.0,0.0
2024-05-31 12:50:00-04:00,23.06410026550293,23.06410026550293,23.06410026550293,23.06410026550293,758,0.0,0.0
2024-05-31 13:00:00-04:00,23.06999969482422,23.100000381469727,23.06999969482422,23.079999923706055,1459,0.0,0.0
2024-05-31 13:05:00-04:00,23.030000686645508,23.084999084472656,23.030000686645508,23.084999084472656,616,0.0,0.0
2024-05-31 13:10:00-04:00,23.139999389648438,23.139999389648438,23.030000686645508,23.03700065612793,2103,0.0,0.0
2024-05-31 13:15:00-04:00,23.139999389648438,23.139999389648438,23.139999389648438,23.139999389648438,662,0.0,0.0
2024-05-31 13:35:00-04:00,23.06999969482422,23.110000610351562,23.030000686645508,23.030000686645508,3929,0.0,0.0
2024-05-31 13:40:00-04:00,23.040000915527344,23.040000915527344,23.040000915527344,23.040000915527344,1587,0.0,0.0
2024-05-31 14:10:00-04:00,23.139999389648438,23.139999389648438,23.1299991607666,23.1299991607666,566,0.0,0.0
2024-05-31 14:15:00-04:00,23.079999923706055,23.079999923706055,23.06999969482422,23.06999969482422,806,0.0,0.0
2024-05-31 14:35:00-04:00,23.059999465942383,23.059999465942383,22.940000534057617,22.940000534057617,3027,0.0,0.0
2024-05-31 14:40:00-04:00,23.0,23.0,23.0,23.0,754,0.0,0.0
2024-05-31 14:45:00-04:00,23.020000457763672,23.020000457763672,23.010000228881836,23.010000228881836,1233,0.0,0.0
2024-05-31 14:55:00-04:00,23.0,23.02199935913086,22.957000732421875,23.02199935913086,7055,0.0,0.0
2024-05-31 15:25:00-04:00,23.040000915527344,23.040000915527344,23.030000686645508,23.030000686645508,1633,0.0,0.0
2024-05-31 15:30:00-04:00,23.024999618530273,23.05699920654297,23.024999618530273,23.05699920654297,1458,0.0,0.0
2024-05-31 15:35:00-04:00,23.059999465942383,23.104999542236328,23.059999465942383,23.104999542236328,1154,0.0,0.0
2024-05-31 15:40:00-04:00,23.139999389648438,23.149999618530273,23.110000610351562,23.149999618530273,2372,0.0,0.0
2024-05-31 15:45:00-04:00,23.149999618530273,23.18000030517578,23.149999618530273,23.18000030517578,2176,0.0,0.0
2024-05-31 15:50:00-04:00,23.229999542236328,23.25,23.170000076293945,23.25,2741,0.0,0.0
2024-05-31 15:55:00-04:00,23.260000228881836,23.270000457763672,23.209999084472656,23.270000457763672,3476,0.0,0.0
2024-06-03 09:35:00-04:00,23.479999542236328,23.479999542236328,23.440000534057617,23.440000534057617,8267,0.0,0.0
2024-06-03 09:40:00-04:00,23.559999465942383,23.559999465942383,23.559999465942383,23.559999465942383,628,0.0,0.0
2024-06-03 10:00:00-04:00,23.280000686645508,23.280000686645508,23.280000686645508,23.280000686645508,1055,0.0,0.0
2024-06-03 10:30:00-04:00,23.395999908447266,23.395999908447266,23.395999908447266,23.395999908447266,241,0.0,0.0
2024-06-03 10:35:00-04:00,23.514999389648438,23.514999389648438,23.514999389648438,23.514999389648438,495,0.0,0.0
2024-06-03 10:55:00-04:00,23.34440040588379,23.424999237060547,23.34440040588379,23.424999237060547,7905,0.0,0.0
2024-06-03 11:00:00-04:00,23.43000030517578,23.43000030517578,23.43000030517578,23.43000030517578,646,0.0,0.0
2024-06-03 11:10:00-04:00,23.5,23.65999984741211,23.5,23.6299991607666,1635,0.0,0.0
2024-06-03 11:35:00-04:00,23.719999313354492,23.719999313354492,23.595800399780273,23.595800399780273,234,0.0,0.0
2024-06-03 11:40:00-04:00,23.649999618530273,23.649999618530273,23.649999618530273,23.649999618530273,778,0.0,0.0
2024-06-03 11:55:00-04:00,23.829999923706055,23.829999923706055,23.829999923706055,23.829999923706055,445,0.0,0.0
2024-06-03 12:00:00-04:00,23.780000686645508,23.780000686645508,23.780000686645508,23.780000686645508,7265,0.0,0.0
2024-06-03 12:05:00-04:00,23.795000076293945,23.795000076293945,23.795000076293945,23.795000076293945,422,0.0,0.0
2024-06-03 12:15:00-04:00,23.825000762939453,23.825000762939453,23.719999313354492,23.7450008392334,1890,0.0,0.0
2024-06-03 12:50:00-04:00,23.729999542236328,23.75,23.71500015258789,23.71500015258789,1125,0.0,0.0
2024-06-03 12:55:00-04:00,23.829999923706055,23.84000015258789,23.829999923706055,23.84000015258789,467,0.0,0.0
2024-06-03 13:05:00-04:00,23.700000762939453,23.700000762939453,23.700000762939453,23.700000762939453,1070,0.0,0.0
2024-06-03 13:10:00-04:00,23.655000686645508,23.655000686645508,23.559999465942383,23.559999465942383,1110,0.0,0.0
2024-06-03 13:35:00-04:00,23.640100479125977,23.640100479125977,23.640100479125977,23.640100479125977,175,0.0,0.0
2024-06-03 13:45:00-04:00,23.674999237060547,23.674999237060547,23.649999618530273,23.65399932861328,334,0.0,0.0
2024-06-03 13:50:00-04:00,23.642000198364258,23.690000534057617,23.639999389648438,23.649999618530273,899,0.0,0.0
2024-06-03 13:55:00-04:00,23.64590072631836,23.69499969482422,23.639999389648438,23.69499969482422,1930,0.0,0.0
2024-06-03 14:00:00-04:00,23.670000076293945,23.670000076293945,23.649999618530273,23.66200065612793,864,0.0,0.0
2024-06-03 14:05:00-04:00,23.649999618530273,23.69499969482422,23.639999389648438,23.649999618530273,733,0.0,0.0
2024-06-03 14:10:00-04:00,23.642000198364258,23.649999618530273,23.612899780273438,23.639999389648438,837,0.0,0.0
2024-06-03 14:15:00-04:00,23.607999801635742,23.639999389648438,23.600000381469727,23.625600814819336,1728,0.0,0.0
2024-06-03 14:20:00-04:00,23.621999740600586,23.719999313354492,23.6200008392334,23.690099716186523,2820,0.0,0.0
2024-06-03 14:25:00-04:00,23.690000534057617,23.690000534057617,23.690000534057617,23.690000534057617,866,0.0,0.0
2024-06-03 14:30:00-04:00,23.690000534057617,23.690000534057617,23.690000534057617,23.690000534057617,926,0.0,0.0
2024-06-03 14:45:00-04:00,23.72960090637207,23.793500900268555,23.72960090637207,23.793500900268555,493,0.0,0.0
2024-06-03 14:50:00-04:00,23.799800872802734,23.799800872802734,23.709999084472656,23.75,2668,0.0,0.0
2024-06-03 15:05:00-04:00,23.790000915527344,23.790000915527344,23.75,23.770000457763672,1586,0.0,0.0
2024-06-03 15:10:00-04:00,23.780000686645508,23.849899291992188,23.780000686645508,23.849899291992188,720,0.0,0.0
2024-06-03 15:15:00-04:00,23.809999465942383,23.809999465942383,23.809999465942383,23.809999465942383,1355,0.0,0.0
2024-06-03 15:20:00-04:00,23.780000686645508,23.780000686645508,23.760000228881836,23.760000228881836,1232,0.0,0.0
2024-06-03 15:25:00-04:00,23.75,23.75,23.75,23.75,771,0.0,0.0
2024-06-03 15:30:00-04:00,23.735000610351562,23.735000610351562,23.735000610351562,23.735000610351562,1071,0.0,0.0
2024-06-03 15:40:00-04:00,23.700000762939453,23.725000381469727,23.700000762939453,23.725000381469727,476,0.0,0.0
2024-06-03 15:45:00-04:00,23.719999313354492,23.760000228881836,23.719999313354492,23.760000228881836,2413,0.0,0.0
2024-06-03 15:50:00-04:00,23.75,23.75,23.719999313354492,23.719999313354492,2741,0.0,0.0
2024-06-03 15:55:00-04:00,23.700000762939453,23.729999542236328,23.674999237060547,23.729999542236328,4778,0.0,0.0
2024-06-04 09:30:00-04:00,23.549999237060547,23.549999237060547,23.46500015258789,23.46500015258789,1374,0.0,0.0
2024-06-04 09:35:00-04:00,23.434999465942383,23.434999465942383,23.434999465942383,23.434999465942383,119,0.0,0.0
2024-06-04 09:40:00-04:00,23.625,23.625,23.38010025024414,23.530000686645508,1176,0.0,0.0
2024-06-04 09:45:00-04:00,23.579999923706055,23.579999923706055,23.579999923706055,23.579999923706055,229,0.0,0.0
2024-06-04 09:50:00-04:00,23.462400436401367,23.462400436401367,23.462400436401367,23.462400436401367,1264,0.0,0.0
2024-06-04 10:05:00-04:00,23.3799991607666,23.469999313354492,23.3799991607666,23.3799991607666,1027,0.0,0.0
2024-06-04 10:10:00-04:00,23.475000381469727,23.479999542236328,23.405399322509766,23.479999542236328,902,0.0,0.0
2024-06-04 10:15:00-04:00,23.5049991607666,23.559999465942383,23.450000762939453,23.559999465942383,7690,0.0,0.0
2024-06-04 10:20:00-04:00,23.635000228881836,23.635000228881836,23.635000228881836,23.635000228881836,269,0.0,0.0
2024-06-04 10:25:00-04:00,23.530000686645508,23.530000686645508,23.530000686645508,23.530000686645508,567,0.0,0.0
2024-06-04 10:50:00-04:00,23.440000534057617,23.440000534057617,23.440000534057617,23.440000534057617,303,0.0,0.0
2024-06-04 11:00:00-04:00,23.280000686645508,23.280000686645508,23.280000686645508,23.280000686645508,125,0.0,0.0
2024-06-04 11:05:00-04:00,23.270000457763672,23.280000686645508,23.270000457763672,23.280000686645508,339,0.0,0.0
2024-06-04 11:10:00-04:00,23.219999313354492,23.219999313354492,23.219999313354492,23.219999313354492,133,0.0,0.0
2024-06-04 11:20:00-04:00,23.239999771118164,23.239999771118164,23.239999771118164,23.239999771118164,146,0.0,0.0
2024-06-04 11:25:00-04:00,23.18000030517578,23.18000030517578,23.18000030517578,23.18000030517578,202,0.0,0.0
2024-06-04 11:30:00-04:00,23.15999984741211,23.15999984741211,23.15999984741211,23.15999984741211,452,0.0,0.0
2024-06-04 11:40:00-04:00,23.1299991607666,23.1299991607666,23.1299991607666,23.1299991607666,198,0.0,0.0
2024-06-04 11:45:00-04:00,23.079999923706055,23.15999984741211,23.040000915527344,23.15999984741211,2188,0.0,0.0
2024-06-04 12:00:00-04:00,23.21500015258789,23.219999313354492,23.21500015258789,23.219999313354492,405,0.0,0.0
2024-06-04 12:05:00-04:00,23.219999313354492,23.219999313354492,23.219999313354492,23.219999313354492,703,0.0,0.0
2024-06-04 12:15:00-04:00,23.21500015258789,23.21500015258789,23.21500015258789,23.21500015258789,789,0.0,0.0
2024-06-04 12:25:00-04:00,23.21500015258789,23.21500015258789,23.21500015258789,23.21500015258789,550,0.0,0.0
2024-06-04 12:40:00-04:00,23.18000030517578,23.18000030517578,23.18000030517578,23.18000030517578,410,0.0,0.0
2024-06-04 12:50:00-04:00,23.18000030517578,23.18000030517578,23.18000030517578,23.18000030517578,266,0.0,0.0
2024-06-04 12:55:00-04:00,23.172000885009766,23.172000885009766,23.15999984741211,23.15999984741211,457,0.0,0.0
2024-06-04 13:00:00-04:00,23.15999984741211,23.15999984741211,23.15999984741211,23.15999984741211,441,0.0,0.0
2024-06-04 13:10:00-04:00,23.170000076293945,23.170000076293945,23.170000076293945,23.170000076293945,620,0.0,0.0
2024-06-04 13:20:00-04:00,23.190000534057617,23.190000534057617,23.190000534057617,23.190000534057617,391,0.0,0.0
2024-06-04 13:35:00-04:00,23.184999465942383,23.219999313354492,23.149999618530273,23.219999313354492,1990,0.0,0.0
2024-06-04 13:50:00-04:00,23.344999313354492,23.344999313354492,23.344999313354492,23.344999313354492,132,0.0,0.0
2024-06-04 13:55:00-04:00,23.290000915527344,23.399999618530273,23.280000686645508,23.399999618530273,2178,0.0,0.0
2024-06-04 14:00:00-04:00,23.3799991607666,23.389999389648438,23.360000610351562,23.389999389648438,912,0.0,0.0
2024-06-04 14:05:00-04:00,23.351999282836914,23.351999282836914,23.351999282836914,23.351999282836914,349,0.0,0.0
2024-06-04 14:10:00-04:00,23.3799991607666,23.399999618530273,23.3799991607666,23.399999618530273,1265,0.0,0.0
2024-06-04 14:30:00-04:00,23.46030044555664,23.46030044555664,23.46030044555664,23.46030044555664,562,0.0,0.0
2024-06-04 14:35:00-04:00,23.350000381469727,23.434999465942383,23.350000381469727,23.40999984741211,765,0.0,0.0
2024-06-04 14:50:00-04:00,23.350000381469727,23.3700008392334,23.350000381469727,23.354999542236328,1017,0.0,0.0
2024-06-04 14:55:00-04:00,23.385000228881836,23.385000228881836,23.3700008392334,23.3700008392334,346,0.0,0.0
2024-06-04 15:00:00-04:00,23.3700008392334,23.3700008392334,23.360000610351562,23.360000610351562,984,0.0,0.0
2024-06-04 15:05:00-04:00,23.350000381469727,23.360000610351562,23.329999923706055,23.360000610351562,1664,0.0,0.0
2024-06-04 15:10:00-04:00,23.36009979248047,23.3700008392334,23.360000610351562,23.3700008392334,1235,0.0,0.0
2024-06-04 15:20:00-04:00,23.299999237060547,23.309999465942383,23.270000457763672,23.270000457763672,1169,0.0,0.0
2024-06-04 15:25:00-04:00,23.290000915527344,23.290000915527344,23.290000915527344,23.290000915527344,407,0.0,0.0
2024-06-04 15:35:00-04:00,23.219999313354492,23.219999313354492,23.219999313354492,23.219999313354492,436,0.0,0.0
2024-06-04 15:40:00-04:00,23.2450008392334,23.334999084472656,23.2450008392334,23.334999084472656,1897,0.0,0.0
2024-06-04 15:45:00-04:00,23.3799991607666,23.3799991607666,23.352500915527344,23.352500915527344,810,0.0,0.0
2024-06-04 15:50:00-04:00,23.344999313354492,23.3700008392334,23.329999923706055,23.3700008392334,4139,0.0,0.0
2024-06-04 15:55:00-04:00,23.350000381469727,23.3700008392334,23.299999237060547,23.299999237060547,5267,0.0,0.0
2024-06-05 09:35:00-04:00,23.25,23.25,23.25,23.25,1503,0.0,0.0
2024-06-05 09:40:00-04:00,23.270000457763672,23.270000457763672,23.270000457763672,23.270000457763672,103,0.0,0.0
2024-06-05 09:45:00-04:00,23.299999237060547,23.299999237060547,23.299999237060547,23.299999237060547,205,0.0,0.0
2024-06-05 09:50:00-04:00,23.28499984741211,23.28499984741211,23.28499984741211,23.28499984741211,212,0.0,0.0
2024-06-05 09:55:00-04:00,23.28499984741211,23.28499984741211,23.25,23.25,620,0.0,0.0
2024-06-05 10:20:00-04:00,23.25,23.25,23.25,23.25,330,0.0,0.0
2024-06-05 10:30:00-04:00,23.34000015258789,23.510000228881836,23.34000015258789,23.454999923706055,2442,0.0,0.0
2024-06-05 10:40:00-04:00,23.34000015258789,23.34000015258789,23.34000015258789,23.34000015258789,251,0.0,0.0
2024-06-05 10:45:00-04:00,23.295000076293945,23.299999237060547,23.290000915527344,23.295000076293945,790,0.0,0.0
2024-06-05 10:55:00-04:00,23.280000686645508,23.280000686645508,23.270000457763672,23.270000457763672,1819,0.0,0.0
2024-06-05 11:05:00-04:00,23.299999237060547,23.299999237060547,23.299999237060547,23.299999237060547,965,0.0,0.0
2024-06-05 11:15:00-04:00,23.360000610351562,23.3700008392334,23.360000610351562,23.3700008392334,1002,0.0,0.0
2024-06-05 11:30:00-04:00,23.3799991607666,23.3799991607666,23.375,23.375,337,0.0,0.0
2024-06-05 11:40:00-04:00,23.31999969482422,23.31999969482422,23.31999969482422,23.31999969482422,27,0.0,0.0
2024-06-05 11:50:00-04:00,23.329999923706055,23.329999923706055,23.329999923706055,23.329999923706055,215,0.0,0.0
2024-06-05 12:00:00-04:00,23.329999923706055,23.329999923706055,23.329999923706055,23.329999923706055,298,0.0,0.0
2024-06-05 12:10:00-04:00,23.385000228881836,23.399999618530273,23.371000289916992,23.371000289916992,2384,0.0,0.0
2024-06-05 12:15:00-04:00,23.420000076293945,23.420000076293945,23.420000076293945,23.420000076293945,295,0.0,0.0
2024-06-05 12:30:00-04:00,23.350000381469727,23.350000381469727,23.350000381469727,23.350000381469727,395,0.0,0.0
2024-06-05 12:40:00-04:00,23.389999389648438,23.389999389648438,23.389999389648438,23.389999389648438,527,0.0,0.0
2024-06-05 12:55:00-04:00,23.389999389648438,23.40999984741211,23.389999389648438,23.40999984741211,1033,0.0,0.0
2024-06-05 13:05:00-04:00,23.449499130249023,23.449499130249023,23.449499130249023,23.449499130249023,1006,0.0,0.0
2024-06-05 13:10:00-04:00,23.520000457763672,23.530000686645508,23.514999389648438,23.514999389648438,1825,0.0,0.0
2024-06-05 13:40:00-04:00,23.56999969482422,23.59000015258789,23.440000534057617,23.440000534057617,5956,0.0,0.0
2024-06-05 13:45:00-04:00,23.40999984741211,23.489999771118164,23.399999618530273,23.489999771118164,4270,0.0,0.0
2024-06-05 13:50:00-04:00,23.469999313354492,23.5,23.469999313354492,23.5,730,0.0,0.0
2024-06-05 13:55:00-04:00,23.459999084472656,23.5,23.459999084472656,23.459999084472656,1334,0.0,0.0
2024-06-05 14:05:00-04:00,23.4950008392334,23.4950008392334,23.4950008392334,23.4950008392334,379,0.0,0.0
2024-06-05 14:10:00-04:00,23.489999771118164,23.489999771118164,23.489999771118164,23.489999771118164,153,0.0,0.0
2024-06-05 14:15:00-04:00,23.5,23.5,23.479999542236328,23.479999542236328,913,0.0,0.0
2024-06-05 14:30:00-04:00,23.454999923706055,23.479999542236328,23.454999923706055,23.479999542236328,888,0.0,0.0
2024-06-05 14:35:00-04:00,23.5,23.5,23.450000762939453,23.459999084472656,506,0.0,0.0
2024-06-05 14:40:00-04:00,23.5,23.5,23.5,23.5,149,0.0,0.0
2024-06-05 14:45:00-04:00,23.5,23.5,23.489999771118164,23.489999771118164,1102,0.0,0.0
2024-06-05 14:50:00-04:00,23.47879981994629,23.47879981994629,23.47879981994629,23.47879981994629,464,0.0,0.0
2024-06-05 14:55:00-04:00,23.46500015258789,23.46500015258789,23.420000076293945,23.420000076293945,1084,0.0,0.0
2024-06-05 15:00:00-04:00,23.441999435424805,23.441999435424805,23.441999435424805,23.441999435424805,124,0.0,0.0
2024-06-05 15:05:00-04:00,23.399999618530273,23.399999618530273,23.399999618530273,23.399999618530273,975,0.0,0.0
2024-06-05 15:10:00-04:00,23.360000610351562,23.360000610351562,23.360000610351562,23.360000610351562,169,0.0,0.0
2024-06-05 15:15:00-04:00,23.35700035095215,23.35700035095215,23.35700035095215,23.35700035095215,408,0.0,0.0
2024-06-05 15:20:00-04:00,23.350000381469727,23.399999618530273,23.350000381469727,23.399999618530273,1731,0.0,0.0
2024-06-05 15:30:00-04:00,23.420000076293945,23.420000076293945,23.40999984741211,23.40999984741211,2767,0.0,0.0
2024-06-05 15:45:00-04:00,23.389999389648438,23.389999389648438,23.3700008392334,23.3700008392334,674,0.0,0.0
2024-06-05 15:50:00-04:00,23.34000015258789,23.389999389648438,23.34000015258789,23.389999389648438,2065,0.0,0.0
2024-06-05 15:55:00-04:00,23.3799991607666,23.40999984741211,23.3799991607666,23.3799991607666,2762,0.0,0.0
2024-06-06 09:30:00-04:00,23.360000610351562,23.360000610351562,22.280000686645508,22.280000686645508,765,0.0,0.0
2024-06-06 09:40:00-04:00,23.325000762939453,23.325000762939453,23.325000762939453,23.325000762939453,811,0.0,0.0
2024-06-06 10:20:00-04:00,23.270000457763672,23.295000076293945,23.270000457763672,23.295000076293945,446,0.0,0.0
2024-06-06 10:25:00-04:00,23.25149917602539,23.325000762939453,23.25149917602539,23.325000762939453,660,0.0,0.0
2024-06-06 10:30:00-04:00,23.322500228881836,23.325000762939453,23.322500228881836,23.325000762939453,1648,0.0,0.0
2024-06-06 10:55:00-04:00,23.415000915527344,23.415000915527344,23.415000915527344,23.415000915527344,1002,0.0,0.0
2024-06-06 11:05:00-04:00,23.395000457763672,23.420000076293945,23.395000457763672,23.420000076293945,1411,0.0,0.0
2024-06-06 11:10:00-04:00,23.3799991607666,23.3799991607666,23.350000381469727,23.350000381469727,1098,0.0,0.0
2024-06-06 11:35:00-04:00,23.325000762939453,23.325000762939453,23.325000762939453,23.325000762939453,993,0.0,0.0
2024-06-06 11:45:00-04:00,23.309999465942383,23.309999465942383,23.309999465942383,23.309999465942383,554,0.0,0.0
2024-06-06 12:05:00-04:00,23.260000228881836,23.260000228881836,23.209999084472656,23.209999084472656,789,0.0,0.0
2024-06-06 12:15:00-04:00,23.19700050354004,23.19700050354004,23.19700050354004,23.19700050354004,3133,0.0,0.0
2024-06-06 13:35:00-04:00,23.149999618530273,23.149999618530273,23.149999618530273,23.149999618530273,879,0.0,0.0
2024-06-06 13:55:00-04:00,23.122499465942383,23.122499465942383,23.122499465942383,23.122499465942383,786,0.0,0.0
2024-06-06 14:10:00-04:00,23.075000762939453,23.1299991607666,23.06999969482422,23.125,6547,0.0,0.0
2024-06-06 14:15:00-04:00,23.110000610351562,23.15250015258789,23.079999923706055,23.15250015258789,2878,0.0,0.0
2024-06-06 14:20:00-04:00,23.1200008392334,23.1200008392334,23.1200008392334,23.1200008392334,812,0.0,0.0
2024-06-06 14:30:00-04:00,23.170000076293945,23.170000076293945,23.170000076293945,23.170000076293945,1817,0.0,0.0
2024-06-06 14:35:00-04:00,23.209999084472656,23.239999771118164,23.209999084472656,23.239999771118164,2289,0.0,0.0
2024-06-06 14:45:00-04:00,23.197099685668945,23.197099685668945,23.197099685668945,23.197099685668945,455,0.0,0.0
2024-06-06 14:50:00-04:00,23.235000610351562,23.235000610351562,23.235000610351562,23.235000610351562,2629,0.0,0.0
2024-06-06 15:00:00-04:00,23.25,23.25,23.25,23.25,718,0.0,0.0
2024-06-06 15:05:00-04:00,23.239999771118164,23.239999771118164,23.239999771118164,23.239999771118164,1182,0.0,0.0
2024-06-06 15:25:00-04:00,23.219999313354492,23.219999313354492,23.1299991607666,23.1299991607666,3245,0.0,0.0
2024-06-06 15:30:00-04:00,23.079999923706055,23.079999923706055,23.079999923706055,23.079999923706055,1369,0.0,0.0
2024-06-06 15:35:00-04:00,23.040000915527344,23.040000915527344,23.030000686645508,23.030000686645508,1123,0.0,0.0
2024-06-06 15:40:00-04:00,23.0,23.020000457763672,23.0,23.010000228881836,821,0.0,0.0
2024-06-06 15:45:00-04:00,22.979999542236328,22.979999542236328,22.959999084472656,22.959999084472656,1930,0.0,0.0
2024-06-06 15:50:00-04:00,23.030000686645508,23.030000686645508,23.010000228881836,23.010000228881836,3652,0.0,0.0
2024-06-06 15:55:00-04:00,23.0,23.0,22.979999542236328,22.979999542236328,1819,0.0,0.0
2024-06-07 09:30:00-04:00,22.920000076293945,22.920000076293945,22.920000076293945,22.920000076293945,828,0.0,0.0
2024-06-07 09:35:00-04:00,22.670000076293945,22.670000076293945,22.6200008392334,22.6200008392334,409,0.0,0.0
2024-06-07 09:40:00-04:00,22.700000762939453,22.700000762939453,22.700000762939453,22.700000762939453,1348,0.0,0.0
2024-06-07 09:55:00-04:00,22.700000762939453,22.739999771118164,22.690000534057617,22.690000534057617,1525,0.0,0.0
2024-06-07 10:05:00-04:00,22.799999237060547,22.799999237060547,22.799999237060547,22.799999237060547,379,0.0,0.0
2024-06-07 10:10:00-04:00,22.850000381469727,22.850000381469727,22.850000381469727,22.850000381469727,1455,0.0,0.0
2024-06-07 10:15:00-04:00,22.864999771118164,22.864999771118164,22.815000534057617,22.850000381469727,2647,0.0,0.0
2024-06-07 10:20:00-04:00,22.899999618530273,22.94499969482422,22.8799991607666,22.94499969482422,6984,0.0,0.0
2024-06-07 10:25:00-04:00,22.940000534057617,22.940000534057617,22.940000534057617,22.940000534057617,177,0.0,0.0
2024-06-07 10:30:00-04:00,22.959999084472656,23.0,22.809999465942383,22.850000381469727,1524,0.0,0.0
2024-06-07 10:40:00-04:00,22.8799991607666,22.97170066833496,22.8799991607666,22.899999618530273,1757,0.0,0.0
2024-06-07 10:45:00-04:00,22.899999618530273,22.899999618530273,22.899999618530273,22.899999618530273,1491,0.0,0.0
2024-06-07 10:50:00-04:00,22.8799991607666,22.8799991607666,22.860000610351562,22.860000610351562,794,0.0,0.0
2024-06-07 10:55:00-04:00,22.809999465942383,22.809999465942383,22.809999465942383,22.809999465942383,616,0.0,0.0
2024-06-07 11:10:00-04:00,22.940000534057617,22.940000534057617,22.940000534057617,22.940000534057617,188,0.0,0.0
2024-06-07 11:15:00-04:00,22.93000030517578,22.93000030517578,22.93000030517578,22.93000030517578,957,0.0,0.0
2024-06-07 11:35:00-04:00,22.84000015258789,22.84000015258789,22.84000015258789,22.84000015258789,370,0.0,0.0
2024-06-07 12:05:00-04:00,22.856000900268555,22.856000900268555,22.856000900268555,22.856000900268555,337,0.0,0.0
2024-06-07 12:30:00-04:00,22.899999618530273,23.0,22.899999618530273,23.0,1166,0.0,0.0
2024-06-07 12:40:00-04:00,22.850000381469727,22.850000381469727,22.84000015258789,22.84000015258789,509,0.0,0.0
2024-06-07 12:50:00-04:00,22.899900436401367,22.952600479125977,22.860000610351562,22.952600479125977,2858,0.0,0.0
2024-06-07 12:55:00-04:00,22.90999984741211,22.920400619506836,22.850000381469727,22.86009979248047,3893,0.0,0.0
2024-06-07 13:25:00-04:00,22.90999984741211,22.90999984741211,22.90999984741211,22.90999984741211,658,0.0,0.0
2024-06-07 13:40:00-04:00,22.889999389648438,22.889999389648438,22.889999389648438,22.889999389648438,427,0.0,0.0
2024-06-07 13:55:00-04:00,22.8799991607666,22.8799991607666,22.8799991607666,22.8799991607666,814,0.0,0.0
2024-06-07 14:00:00-04:00,22.829999923706055,22.829999923706055,22.81999969482422,22.81999969482422,669,0.0,0.0
2024-06-07 14:25:00-04:00,22.802000045776367,22.829999923706055,22.780000686645508,22.780000686645508,1490,0.0,0.0
2024-06-07 14:35:00-04:00,22.799999237060547,22.844999313354492,22.795000076293945,22.844999313354492,1075,0.0,0.0
2024-06-07 14:45:00-04:00,22.834999084472656,22.834999084472656,22.834999084472656,22.834999084472656,362,0.0,0.0
2024-06-07 14:50:00-04:00,22.790000915527344,22.81999969482422,22.780000686645508,22.815000534057617,1852,0.0,0.0
2024-06-07 14:55:00-04:00,22.790000915527344,22.790000915527344,22.75,22.774999618530273,949,0.0,0.0
2024-06-07 15:00:00-04:00,22.770000457763672,22.829999923706055,22.756200790405273,22.790000915527344,3670,0.0,0.0
2024-06-07 15:05:00-04:00,22.780000686645508,22.81999969482422,22.75,22.790000915527344,4881,0.0,0.0
2024-06-07 15:10:00-04:00,22.729999542236328,22.729999542236328,22.719999313354492,22.719999313354492,2000,0.0,0.0
2024-06-07 15:20:00-04:00,22.739999771118164,22.739999771118164,22.739999771118164,22.739999771118164,854,0.0,0.0
2024-06-07 15:30:00-04:00,22.799999237060547,22.799999237060547,22.799999237060547,22.799999237060547,472,0.0,0.0
2024-06-07 15:35:00-04:00,22.760000228881836,22.770000457763672,22.760000228881836,22.770000457763672,1374,0.0,0.0
2024-06-07 15:40:00-04:00,22.760000228881836,22.760000228881836,22.739999771118164,22.739999771118164,1177,0.0,0.0
2024-06-07 15:45:00-04:00,22.709999084472656,22.709999084472656,22.709999084472656,22.709999084472656,1805,0.0,0.0
2024-06-07 15:55:00-04:00,22.719999313354492,22.719999313354492,22.709999084472656,22.709999084472656,4064,0.0,0.0
2024-06-10 09:30:00-04:00,22.709999084472656,22.979900360107422,22.6200008392334,22.6200008392334,5877,0.0,0.0
2024-06-10 09:35:00-04:00,22.700000762939453,22.700000762939453,22.6200008392334,22.6200008392334,2046,0.0,0.0
2024-06-10 09:40:00-04:00,22.913000106811523,22.913000106811523,22.795000076293945,22.795000076293945,1811,0.0,0.0
2024-06-10 09:45:00-04:00,22.860000610351562,22.899999618530273,22.850000381469727,22.899999618530273,2577,0.0,0.0
2024-06-10 09:50:00-04:00,22.93000030517578,22.93000030517578,22.850000381469727,22.850000381469727,392,0.0,0.0
2024-06-10 09:55:00-04:00,22.924999237060547,22.924999237060547,22.924999237060547,22.924999237060547,4435,0.0,0.0
2024-06-10 10:00:00-04:00,22.959999084472656,22.959999084472656,22.950000762939453,22.950000762939453,2696,0.0,0.0
2024-06-10 10:05:00-04:00,22.989999771118164,23.06999969482422,22.989999771118164,23.06999969482422,723,0.0,0.0
2024-06-10 10:10:00-04:00,23.0,23.024999618530273,23.0,23.024999618530273,876,0.0,0.0
2024-06-10 10:15:00-04:00,23.0,23.0,23.0,23.0,308,0.0,0.0
2024-06-10 10:20:00-04:00,23.0,23.0,22.899999618530273,22.950000762939453,1082,0.0,0.0
2024-06-10 10:30:00-04:00,22.899999618530273,22.908000946044922,22.899999618530273,22.908000946044922,1446,0.0,0.0
2024-06-10 10:35:00-04:00,22.989999771118164,23.0,22.989999771118164,22.989999771118164,1650,0.0,0.0
2024-06-10 10:50:00-04:00,23.0,23.020000457763672,23.0,23.020000457763672,2209,0.0,0.0
2024-06-10 10:55:00-04:00,23.010000228881836,23.049999237060547,23.010000228881836,23.049999237060547,595,0.0,0.0
2024-06-10 11:00:00-04:00,23.040000915527344,23.040000915527344,23.040000915527344,23.040000915527344,1115,0.0,0.0
2024-06-10 11:30:00-04:00,22.989999771118164,22.989999771118164,22.989999771118164,22.989999771118164,526,0.0,0.0
2024-06-10 11:35:00-04:00,22.950000762939453,22.950000762939453,22.940000534057617,22.940000534057617,2675,0.0,0.0
2024-06-10 12:05:00-04:00,23.010000228881836,23.014999389648438,23.010000228881836,23.014999389648438,725,0.0,0.0
2024-06-10 12:30:00-04:00,22.969999313354492,22.969999313354492,22.969999313354492,22.969999313354492,472,0.0,0.0
2024-06-10 12:40:00-04:00,23.0049991607666,23.0049991607666,23.0049991607666,23.0049991607666,1384,0.0,0.0
2024-06-10 13:05:00-04:00,23.040000915527344,23.040000915527344,23.030000686645508,23.030000686645508,1184,0.0,0.0
2024-06-10 13:40:00-04:00,23.010000228881836,23.010000228881836,23.010000228881836,23.010000228881836,5333,0.0,0.0
2024-06-10 14:35:00-04:00,23.06999969482422,23.09000015258789,23.06999969482422,23.09000015258789,422,0.0,0.0
2024-06-10 14:40:00-04:00,23.059999465942383,23.059999465942383,23.059999465942383,23.059999465942383,517,0.0,0.0
2024-06-10 14:45:00-04:00,23.084999084472656,23.100000381469727,23.079999923706055,23.100000381469727,3275,0.0,0.0
2024-06-10 15:10:00-04:00,23.049999237060547,23.06999969482422,23.049999237060547,23.06999969482422,468,0.0,0.0
2024-06-10 15:15:00-04:00,23.06999969482422,23.06999969482422,23.040000915527344,23.040000915527344,771,0.0,0.0
2024-06-10 15:20:00-04:00,23.040000915527344,23.104999542236328,23.040000915527344,23.104999542236328,1993,0.0,0.0
2024-06-10 15:30:00-04:00,23.104999542236328,23.114999771118164,23.06999969482422,23.100000381469727,2598,0.0,0.0
2024-06-10 15:35:00-04:00,23.1200008392334,23.1200008392334,23.097999572753906,23.100000381469727,1240,0.0,0.0
2024-06-10 15:40:00-04:00,23.09000015258789,23.15999984741211,23.09000015258789,23.15999984741211,2352,0.0,0.0
2024-06-10 15:45:00-04:00,23.1299991607666,23.1299991607666,23.1299991607666,23.1299991607666,502,0.0,0.0
2024-06-10 15:50:00-04:00,23.1200008392334,23.1200008392334,23.100000381469727,23.100000381469727,3398,0.0,0.0
2024-06-10 15:55:00-04:00,23.100000381469727,23.1299991607666,23.06999969482422,23.125,5071,0.0,0.0
2024-06-11 09:30:00-04:00,22.899999618530273,22.899999618530273,22.899999618530273,22.899999618530273,439,0.0,0.0
2024-06-11 09:35:00-04:00,22.899999618530273,22.899999618530273,22.899999618530273,22.899999618530273,1700,0.0,0.0
2024-06-11 10:00:00-04:00,22.878000259399414,22.878000259399414,22.878000259399414,22.878000259399414,268,0.0,0.0
2024-06-11 10:05:00-04:00,22.889999389648438,22.889999389648438,22.860000610351562,22.860000610351562,1313,0.0,0.0
2024-06-11 10:10:00-04:00,22.850000381469727,22.850000381469727,22.850000381469727,22.850000381469727,1082,0.0,0.0
2024-06-11 10:20:00-04:00,22.75,22.75,22.75,22.75,348,0.0,0.0
2024-06-11 10:35:00-04:00,22.75,22.75,22.68000030517578,22.68000030517578,2671,0.0,0.0
2024-06-11 10:50:00-04:00,22.760000228881836,22.760000228881836,22.760000228881836,22.760000228881836,422,0.0,0.0
2024-06-11 11:10:00-04:00,22.739999771118164,22.739999771118164,22.739999771118164,22.739999771118164,448,0.0,0.0
2024-06-11 11:20:00-04:00,22.799999237060547,22.799999237060547,22.799999237060547,22.799999237060547,220,0.0,0.0
2024-06-11 11:30:00-04:00,22.700000762939453,22.700000762939453,22.700000762939453,22.700000762939453,721,0.0,0.0
2024-06-11 11:35:00-04:00,22.719999313354492,22.719999313354492,22.719999313354492,22.719999313354492,545,0.0,0.0
2024-06-11 12:05:00-04:00,22.739999771118164,22.739999771118164,22.739999771118164,22.739999771118164,698,0.0,0.0
2024-06-11 12:25:00-04:00,22.75,22.75,22.690000534057617,22.690000534057617,2819,0.0,0.0
2024-06-11 12:55:00-04:00,22.729999542236328,22.739999771118164,22.700000762939453,22.739999771118164,1074,0.0,0.0
2024-06-11 13:00:00-04:00,22.700000762939453,22.75,22.690000534057617,22.739999771118164,1500,0.0,0.0
2024-06-11 13:05:00-04:00,22.764999389648438,22.829999923706055,22.75,22.809999465942383,6536,0.0,0.0
2024-06-11 13:10:00-04:00,22.825000762939453,22.83799934387207,22.825000762939453,22.83799934387207,523,0.0,0.0
2024-06-11 13:20:00-04:00,22.8799991607666,22.8799991607666,22.8799991607666,22.8799991607666,225,0.0,0.0
2024-06-11 13:25:00-04:00,22.809999465942383,22.90999984741211,22.809999465942383,22.90999984741211,4057,0.0,0.0
2024-06-11 13:30:00-04:00,23.0049991607666,23.0049991607666,23.0049991607666,23.0049991607666,938,0.0,0.0
2024-06-11 13:35:00-04:00,22.979999542236328,22.979999542236328,22.979999542236328,22.979999542236328,298,0.0,0.0
2024-06-11 13:40:00-04:00,22.950000762939453,22.950000762939453,22.8799991607666,22.889999389648438,2070,0.0,0.0
2024-06-11 13:45:00-04:00,22.905000686645508,22.905000686645508,22.905000686645508,22.905000686645508,5057,0.0,0.0
2024-06-11 13:50:00-04:00,22.920000076293945,22.979999542236328,22.920000076293945,22.979999542236328,291,0.0,0.0
2024-06-11 13:55:00-04:00,23.0,23.0,23.0,23.0,732,0.0,0.0
2024-06-11 14:00:00-04:00,23.0049991607666,23.0049991607666,23.0049991607666,23.0049991607666,278,0.0,0.0
2024-06-11 14:05:00-04:00,22.969999313354492,22.969999313354492,22.920000076293945,22.920000076293945,476,0.0,0.0
2024-06-11 14:10:00-04:00,22.93000030517578,22.93000030517578,22.93000030517578,22.93000030517578,668,0.0,0.0
2024-06-11 14:25:00-04:00,22.950000762939453,22.950000762939453,22.950000762939453,22.950000762939453,206,0.0,0.0
2024-06-11 14:40:00-04:00,22.969999313354492,22.969999313354492,22.860000610351562,22.93000030517578,2027,0.0,0.0
2024-06-11 14:50:00-04:00,22.889999389648438,22.889999389648438,22.889999389648438,22.889999389648438,102,0.0,0.0
2024-06-11 14:55:00-04:00,22.889999389648438,22.889999389648438,22.889999389648438,22.889999389648438,2618,0.0,0.0
2024-06-11 15:05:00-04:00,22.899999618530273,22.899999618530273,22.899999618530273,22.899999618530273,2882,0.0,0.0
2024-06-11 15:15:00-04:00,22.950000762939453,23.020000457763672,22.950000762939453,23.0,1786,0.0,0.0
2024-06-11 15:20:00-04:00,23.0,23.010000228881836,22.989999771118164,23.0,2673,0.0,0.0
2024-06-11 15:40:00-04:00,22.940000534057617,22.940000534057617,22.93000030517578,22.93000030517578,2272,0.0,0.0
2024-06-11 15:50:00-04:00,22.93000030517578,22.93000030517578,22.889999389648438,22.93000030517578,3221,0.0,0.0
2024-06-11 15:55:00-04:00,22.889999389648438,22.93000030517578,22.889999389648438,22.93000030517578,1687,0.0,0.0
2024-06-12 09:30:00-04:00,23.6200008392334,23.6200008392334,23.6200008392334,23.6200008392334,322,0.0,0.0
2024-06-12 09:35:00-04:00,23.575000762939453,23.575000762939453,23.575000762939453,23.575000762939453,456,0.0,0.0
2024-06-12 09:40:00-04:00,23.719999313354492,23.790000915527344,23.665000915527344,23.68000030517578,2153,0.0,0.0
2024-06-12 09:45:00-04:00,23.809999465942383,23.950000762939453,23.760000228881836,23.829999923706055,2307,0.0,0.0
2024-06-12 09:50:00-04:00,23.760000228881836,23.760000228881836,23.760000228881836,23.760000228881836,295,0.0,0.0
2024-06-12 09:55:00-04:00,23.774999618530273,23.837099075317383,23.709999084472656,23.709999084472656,4075,0.0,0.0
2024-06-12 10:00:00-04:00,23.709999084472656,23.84000015258789,23.709999084472656,23.84000015258789,1147,0.0,0.0
2024-06-12 10:05:00-04:00,23.889999389648438,23.889999389648438,23.809999465942383,23.809999465942383,409,0.0,0.0
2024-06-12 10:10:00-04:00,23.860000610351562,23.923200607299805,23.860000610351562,23.923200607299805,1316,0.0,0.0
2024-06-12 10:15:00-04:00,23.940000534057617,23.950000762939453,23.889999389648438,23.950000762939453,1314,0.0,0.0
2024-06-12 10:25:00-04:00,24.059999465942383,24.059999465942383,24.059999465942383,24.059999465942383,1157,0.0,0.0
2024-06-12 10:30:00-04:00,24.079999923706055,24.079999923706055,24.045000076293945,24.065000534057617,1275,0.0,0.0
2024-06-12 10:35:00-04:00,24.06999969482422,24.06999969482422,24.06999969482422,24.06999969482422,914,0.0,0.0
2024-06-12 10:40:00-04:00,23.959999084472656,23.959999084472656,23.959999084472656,23.959999084472656,259,0.0,0.0
2024-06-12 10:50:00-04:00,23.860000610351562,23.860000610351562,23.860000610351562,23.860000610351562,163,0.0,0.0
2024-06-12 11:10:00-04:00,23.799999237060547,23.799999237060547,23.799999237060547,23.799999237060547,312,0.0,0.0
2024-06-12 11:15:00-04:00,23.850000381469727,23.850000381469727,23.809999465942383,23.829999923706055,1426,0.0,0.0
2024-06-12 11:20:00-04:00,23.81999969482422,23.81999969482422,23.81999969482422,23.81999969482422,905,0.0,0.0
2024-06-12 11:40:00-04:00,23.81999969482422,23.81999969482422,23.790000915527344,23.790000915527344,287,0.0,0.0
2024-06-12 11:45:00-04:00,23.76650047302246,23.76650047302246,23.76650047302246,23.76650047302246,1238,0.0,0.0
2024-06-12 12:00:00-04:00,23.75,23.7549991607666,23.75,23.7549991607666,1373,0.0,0.0
2024-06-12 12:05:00-04:00,23.719999313354492,23.75,23.719999313354492,23.75,502,0.0,0.0
2024-06-12 12:15:00-04:00,23.729999542236328,23.729999542236328,23.729999542236328,23.729999542236328,294,0.0,0.0
2024-06-12 12:25:00-04:00,23.729999542236328,23.75,23.700000762939453,23.75,1948,0.0,0.0
2024-06-12 12:40:00-04:00,23.774999618530273,23.774999618530273,23.774999618530273,23.774999618530273,146,0.0,0.0
2024-06-12 12:50:00-04:00,23.790000915527344,23.790000915527344,23.790000915527344,23.790000915527344,591,0.0,0.0
2024-06-12 13:00:00-04:00,23.79789924621582,23.815000534057617,23.79789924621582,23.815000534057617,266,0.0,0.0
2024-06-12 13:10:00-04:00,23.815000534057617,23.815000534057617,23.799999237060547,23.799999237060547,864,0.0,0.0
2024-06-12 13:20:00-04:00,23.81999969482422,23.81999969482422,23.81999969482422,23.81999969482422,264,0.0,0.0
2024-06-12 13:25:00-04:00,23.799999237060547,23.799999237060547,23.799999237060547,23.799999237060547,550,0.0,0.0
2024-06-12 13:35:00-04:00,23.829999923706055,23.829999923706055,23.780000686645508,23.799999237060547,1009,0.0,0.0
2024-06-12 13:45:00-04:00,23.834999084472656,23.834999084472656,23.834999084472656,23.834999084472656,188,0.0,0.0
2024-06-12 13:50:00-04:00,23.860000610351562,23.860000610351562,23.84000015258789,23.84000015258789,994,0.0,0.0
2024-06-12 14:00:00-04:00,23.799999237060547,23.829999923706055,23.799999237060547,23.829999923706055,1253,0.0,0.0
2024-06-12 14:10:00-04:00,23.635000228881836,23.635000228881836,23.635000228881836,23.635000228881836,372,0.0,0.0
2024-06-12 14:15:00-04:00,23.655000686645508,23.700000762939453,23.6299991607666,23.690000534057617,4983,0.0,0.0
2024-06-12 14:20:00-04:00,23.649999618530273,23.649999618530273,23.649999618530273,23.649999618530273,339,0.0,0.0
2024-06-12 14:25:00-04:00,23.68000030517578,23.760000228881836,23.68000030517578,23.760000228881836,1507,0.0,0.0
2024-06-12 14:30:00-04:00,23.770000457763672,23.770000457763672,23.770000457763672,23.770000457763672,650,0.0,0.0
2024-06-12 14:35:00-04:00,23.709999084472656,23.709999084472656,23.709999084472656,23.709999084472656,737,0.0,0.0
2024-06-12 14:40:00-04:00,23.690000534057617,23.690000534057617,23.690000534057617,23.690000534057617,633,0.0,0.0
2024-06-12 14:45:00-04:00,23.61009979248047,23.61009979248047,23.61009979248047,23.61009979248047,258,0.0,0.0
2024-06-12 14:50:00-04:00,23.645000457763672,23.645000457763672,23.645000457763672,23.645000457763672,260,0.0,0.0
2024-06-12 14:55:00-04:00,23.690000534057617,23.760000228881836,23.690000534057617,23.709999084472656,1266,0.0,0.0
2024-06-12 15:10:00-04:00,23.739999771118164,23.739999771118164,23.739999771118164,23.739999771118164,313,0.0,0.0
2024-06-12 15:15:00-04:00,23.729999542236328,23.729999542236328,23.709999084472656,23.709999084472656,1378,0.0,0.0
2024-06-12 15:25:00-04:00,23.600000381469727,23.600000381469727,23.52750015258789,23.540000915527344,2525,0.0,0.0
2024-06-12 15:35:00-04:00,23.5,23.540000915527344,23.489999771118164,23.489999771118164,2334,0.0,0.0
2024-06-12 15:40:00-04:00,23.5,23.5,23.5,23.5,442,0.0,0.0
2024-06-12 15:45:00-04:00,23.520000457763672,23.559999465942383,23.520000457763672,23.559999465942383,1169,0.0,0.0
2024-06-12 15:50:00-04:00,23.56999969482422,23.56999969482422,23.56999969482422,23.56999969482422,2410,0.0,0.0
2024-06-12 15:55:00-04:00,23.639999389648438,23.639999389648438,23.559999465942383,23.559999465942383,2895,0.0,0.0
2024-06-13 09:30:00-04:00,23.65999984741211,23.65999984741211,23.360000610351562,23.360000610351562,1935,0.0,0.0
2024-06-13 10:20:00-04:00,23.385000228881836,23.385000228881836,23.385000228881836,23.385000228881836,288,0.0,0.0
2024-06-13 10:25:00-04:00,23.364999771118164,23.364999771118164,23.364999771118164,23.364999771118164,223,0.0,0.0
2024-06-13 10:35:00-04:00,23.364999771118164,23.364999771118164,23.364999771118164,23.364999771118164,775,0.0,0.0
2024-06-13 10:45:00-04:00,23.405000686645508,23.405000686645508,23.405000686645508,23.405000686645508,409,0.0,0.0
2024-06-13 10:55:00-04:00,23.375,23.415000915527344,23.375,23.415000915527344,751,0.0,0.0
2024-06-13 11:00:00-04:00,23.415000915527344,23.415000915527344,23.415000915527344,23.415000915527344,102,0.0,0.0
2024-06-13 11:05:00-04:00,23.415000915527344,23.424999237060547,23.415000915527344,23.424999237060547,666,0.0,0.0
2024-06-13 11:15:00-04:00,23.31999969482422,23.31999969482422,23.309999465942383,23.309999465942383,612,0.0,0.0
2024-06-13 11:20:00-04:00,23.299999237060547,23.350000381469727,23.299999237060547,23.350000381469727,4011,0.0,0.0
2024-06-13 13:30:00-04:00,23.399999618530273,23.399999618530273,23.399999618530273,23.399999618530273,828,0.0,0.0
2024-06-13 13:50:00-04:00,23.540000915527344,23.540000915527344,23.540000915527344,23.540000915527344,370,0.0,0.0
2024-06-13 14:05:00-04:00,23.520000457763672,23.520000457763672,23.520000457763672,23.520000457763672,740,0.0,0.0
2024-06-13 14:20:00-04:00,23.510000228881836,23.510000228881836,23.510000228881836,23.510000228881836,1438,0.0,0.0
2024-06-13 14:50:00-04:00,23.530000686645508,23.530000686645508,23.530000686645508,23.530000686645508,243,0.0,0.0
2024-06-13 14:55:00-04:00,23.53499984741211,23.53499984741211,23.53499984741211,23.53499984741211,351,0.0,0.0
2024-06-13 15:00:00-04:00,23.520000457763672,23.520000457763672,23.520000457763672,23.520000457763672,269,0.0,0.0
2024-06-13 15:10:00-04:00,23.55500030517578,23.55500030517578,23.55500030517578,23.55500030517578,288,0.0,0.0
2024-06-13 15:15:00-04:00,23.530000686645508,23.530000686645508,23.530000686645508,23.530000686645508,413,0.0,0.0
2024-06-13 15:20:00-04:00,23.56999969482422,23.56999969482422,23.530000686645508,23.530000686645508,495,0.0,0.0
2024-06-13 15:25:00-04:00,23.512300491333008,23.530000686645508,23.512300491333008,23.520000457763672,1802,0.0,0.0
2024-06-13 15:30:00-04:00,23.489999771118164,23.5,23.489999771118164,23.5,472,0.0,0.0
2024-06-13 15:35:00-04:00,23.510000228881836,23.510000228881836,23.510000228881836,23.510000228881836,931,0.0,0.0
2024-06-13 15:40:00-04:00,23.520000457763672,23.520000457763672,23.520000457763672,23.520000457763672,681,0.0,0.0
2024-06-13 15:45:00-04:00,23.530000686645508,23.549999237060547,23.520000457763672,23.520000457763672,636,0.0,0.0
2024-06-13 15:50:00-04:00,23.520000457763672,23.520000457763672,23.510000228881836,23.510000228881836,1142,0.0,0.0
2024-06-13 15:55:00-04:00,23.510000228881836,23.559999465942383,23.450000762939453,23.450000762939453,4894,0.0,0.0
2024-06-14 09:30:00-04:00,23.09000015258789,23.309999465942383,23.0,23.059999465942383,3000,0.0,0.0
2024-06-14 10:00:00-04:00,22.979999542236328,22.979999542236328,22.979999542236328,22.979999542236328,170,0.0,0.0
2024-06-14 10:10:00-04:00,22.860000610351562,22.920000076293945,22.860000610351562,22.920000076293945,745,0.0,0.0
2024-06-14 10:30:00-04:00,22.829999923706055,22.829999923706055,22.770000457763672,22.770000457763672,1072,0.0,0.0
2024-06-14 10:55:00-04:00,22.786300659179688,22.786300659179688,22.780000686645508,22.780000686645508,2304,0.0,0.0
2024-06-14 11:00:00-04:00,22.790000915527344,22.790000915527344,22.790000915527344,22.790000915527344,359,0.0,0.0
2024-06-14 11:10:00-04:00,22.799999237060547,22.850000381469727,22.799999237060547,22.850000381469727,1995,0.0,0.0
2024-06-14 11:45:00-04:00,22.8799991607666,22.8799991607666,22.8799991607666,22.8799991607666,886,0.0,0.0
2024-06-14 11:50:00-04:00,22.8799991607666,22.8799991607666,22.8700008392334,22.8700008392334,1947,0.0,0.0
2024-06-14 12:10:00-04:00,22.899999618530273,22.899999618530273,22.899999618530273,22.899999618530273,806,0.0,0.0
2024-06-14 12:30:00-04:00,22.81999969482422,22.81999969482422,22.81999969482422,22.81999969482422,219,0.0,0.0
2024-06-14 12:35:00-04:00,22.829999923706055,22.829999923706055,22.829999923706055,22.829999923706055,919,0.0,0.0
2024-06-14 13:05:00-04:00,22.85810089111328,22.94499969482422,22.85810089111328,22.94499969482422,4333,0.0,0.0
2024-06-14 13:20:00-04:00,22.934999465942383,22.934999465942383,22.934999465942383,22.934999465942383,128,0.0,0.0
2024-06-14 13:25:00-04:00,22.899999618530273,22.899999618530273,22.850000381469727,22.850000381469727,2049,0.0,0.0
2024-06-14 13:45:00-04:00,22.889999389648438,22.889999389648438,22.8799991607666,22.8799991607666,938,0.0,0.0
2024-06-14 14:00:00-04:00,22.84000015258789,22.84000015258789,22.84000015258789,22.84000015258789,350,0.0,0.0
2024-06-14 14:05:00-04:00,22.905000686645508,22.905000686645508,22.8700008392334,22.8700008392334,2188,0.0,0.0
2024-06-14 14:15:00-04:00,22.81999969482422,22.889999389648438,22.81999969482422,22.8700008392334,1247,0.0,0.0
2024-06-14 14:35:00-04:00,22.860000610351562,22.860000610351562,22.860000610351562,22.860000610351562,245,0.0,0.0
2024-06-14 14:40:00-04:00,22.8700008392334,22.8799991607666,22.8700008392334,22.8799991607666,1086,0.0,0.0
2024-06-14 14:50:00-04:00,22.920000076293945,22.920000076293945,22.920000076293945,22.920000076293945,566,0.0,0.0
2024-06-14 14:55:00-04:00,22.90999984741211,22.90999984741211,22.90999984741211,22.90999984741211,517,0.0,0.0
2024-06-14 15:00:00-04:00,22.950000762939453,22.950000762939453,22.950000762939453,22.950000762939453,182,0.0,0.0
2024-06-14 15:10:00-04:00,22.90999984741211,22.90999984741211,22.889999389648438,22.895000457763672,2148,0.0,0.0
2024-06-14 15:15:00-04:00,22.895000457763672,22.895000457763672,22.895000457763672,22.895000457763672,313,0.0,0.0
2024-06-14 15:20:00-04:00,22.920000076293945,22.920000076293945,22.920000076293945,22.920000076293945,942,0.0,0.0
2024-06-14 15:25:00-04:00,22.969999313354492,22.969999313354492,22.969999313354492,22.969999313354492,376,0.0,0.0
2024-06-14 15:30:00-04:00,22.969999313354492,22.969999313354492,22.8700008392334,22.8700008392334,569,0.0,0.0
2024-06-14 15:35:00-04:00,22.959999084472656,22.959999084472656,22.8799991607666,22.8799991607666,1642,0.0,0.0
2024-06-14 15:40:00-04:00,22.8799991607666,22.954999923706055,22.8799991607666,22.954999923706055,1816,0.0,0.0
2024-06-14 15:45:00-04:00,22.954999923706055,22.954999923706055,22.940000534057617,22.940000534057617,2949,0.0,0.0
2024-06-14 15:50:00-04:00,22.8799991607666,22.8799991607666,22.81999969482422,22.8799991607666,3410,0.0,0.0
2024-06-14 15:55:00-04:00,22.950000762939453,22.979999542236328,22.920000076293945,22.920000076293945,3924,0.0,0.0
2024-06-17 09:30:00-04:00,22.760000228881836,22.933000564575195,22.739999771118164,22.79759979248047,2744,0.0,0.0
2024-06-17 09:50:00-04:00,22.875900268554688,22.875900268554688,22.875900268554688,22.875900268554688,645,0.0,0.0
2024-06-17 10:20:00-04:00,22.850000381469727,22.850000381469727,22.799999237060547,22.799999237060547,592,0.0,0.0
2024-06-17 10:30:00-04:00,22.854999542236328,22.860000610351562,22.84000015258789,22.860000610351562,915,0.0,0.0
2024-06-17 10:40:00-04:00,22.940000534057617,22.940000534057617,22.940000534057617,22.940000534057617,590,0.0,0.0
2024-06-17 10:50:00-04:00,22.850000381469727,22.850000381469727,22.850000381469727,22.850000381469727,1024,0.0,0.0
2024-06-17 11:00:00-04:00,22.920000076293945,22.920000076293945,22.920000076293945,22.920000076293945,2257,0.0,0.0
2024-06-17 11:05:00-04:00,22.979999542236328,22.979999542236328,22.979999542236328,22.979999542236328,150,0.0,0.0
2024-06-17 11:15:00-04:00,23.0,23.0,23.0,23.0,392,0.0,0.0
2024-06-17 11:25:00-04:00,23.020000457763672,23.020000457763672,23.0,23.0,1475,0.0,0.0
2024-06-17 11:35:00-04:00,22.93000030517578,22.940000534057617,22.93000030517578,22.940000534057617,783,0.0,0.0
2024-06-17 12:10:00-04:00,22.975000381469727,22.975000381469727,22.975000381469727,22.975000381469727,404,0.0,0.0
2024-06-17 12:20:00-04:00,22.907100677490234,22.907100677490234,22.907100677490234,22.907100677490234,398,0.0,0.0
2024-06-17 12:25:00-04:00,23.0,23.0,23.0,23.0,779,0.0,0.0
2024-06-17 13:00:00-04:00,23.030000686645508,23.030000686645508,23.020000457763672,23.020000457763672,594,0.0,0.0
2024-06-17 13:15:00-04:00,23.014999389648438,23.014999389648438,23.014999389648438,23.014999389648438,1819,0.0,0.0
2024-06-17 13:45:00-04:00,23.059999465942383,23.059999465942383,23.059999465942383,23.059999465942383,318,0.0,0.0
2024-06-17 13:50:00-04:00,23.062999725341797,23.062999725341797,23.062999725341797,23.062999725341797,692,0.0,0.0
2024-06-17 13:55:00-04:00,23.104999542236328,23.104999542236328,23.104999542236328,23.104999542236328,376,0.0,0.0
2024-06-17 14:00:00-04:00,23.110000610351562,23.110000610351562,23.110000610351562,23.110000610351562,336,0.0,0.0
2024-06-17 14:05:00-04:00,23.149999618530273,23.149999618530273,23.139999389648438,23.139999389648438,1215,0.0,0.0
2024-06-17 14:20:00-04:00,23.21500015258789,23.21500015258789,23.21500015258789,23.21500015258789,278,0.0,0.0
2024-06-17 14:25:00-04:00,23.149999618530273,23.149999618530273,23.149999618530273,23.149999618530273,1233,0.0,0.0
2024-06-17 14:30:00-04:00,23.165000915527344,23.165000915527344,23.165000915527344,23.165000915527344,277,0.0,0.0
2024-06-17 14:35:00-04:00,23.1299991607666,23.1299991607666,23.1299991607666,23.1299991607666,786,0.0,0.0
2024-06-17 14:50:00-04:00,23.079999923706055,23.079999923706055,23.079999923706055,23.079999923706055,533,0.0,0.0
2024-06-17 15:05:00-04:00,23.06999969482422,23.06999969482422,23.06999969482422,23.06999969482422,334,0.0,0.0
2024-06-17 15:15:00-04:00,23.100000381469727,23.110000610351562,23.100000381469727,23.110000610351562,564,0.0,0.0
2024-06-17 15:20:00-04:00,23.09000015258789,23.09000015258789,23.09000015258789,23.09000015258789,1033,0.0,0.0
2024-06-17 15:30:00-04:00,23.139999389648438,23.155000686645508,23.139999389648438,23.155000686645508,553,0.0,0.0
2024-06-17 15:40:00-04:00,23.170000076293945,23.170000076293945,23.1200008392334,23.1200008392334,1468,0.0,0.0
2024-06-17 15:45:00-04:00,23.100000381469727,23.100000381469727,23.100000381469727,23.100000381469727,919,0.0,0.0
2024-06-17 15:50:00-04:00,23.170000076293945,23.170000076293945,23.170000076293945,23.170000076293945,957,0.0,0.0
2024-06-17 15:55:00-04:00,23.19260025024414,23.200000762939453,23.190000534057617,23.190000534057617,1878,0.0,0.0
2024-06-18 09:35:00-04:00,23.200000762939453,23.200000762939453,23.0,23.0,1927,0.0,0.0
2024-06-18 10:00:00-04:00,22.790000915527344,22.790000915527344,22.790000915527344,22.790000915527344,1531,0.0,0.0
2024-06-18 10:15:00-04:00,22.799999237060547,22.799999237060547,22.799999237060547,22.799999237060547,311,0.0,0.0
2024-06-18 10:50:00-04:00,22.755399703979492,22.755399703979492,22.670000076293945,22.670000076293945,2422,0.0,0.0
2024-06-18 10:55:00-04:00,22.7450008392334,22.7450008392334,22.7450008392334,22.7450008392334,1371,0.0,0.0
2024-06-18 11:30:00-04:00,22.795000076293945,22.795000076293945,22.719999313354492,22.719999313354492,2802,0.0,0.0
2024-06-18 11:40:00-04:00,22.737199783325195,22.849199295043945,22.719999313354492,22.719999313354492,2349,0.0,0.0
2024-06-18 11:45:00-04:00,22.719999313354492,22.798099517822266,22.719999313354492,22.760000228881836,2965,0.0,0.0
2024-06-18 11:50:00-04:00,22.779699325561523,22.779699325561523,22.779699325561523,22.779699325561523,427,0.0,0.0
2024-06-18 12:00:00-04:00,22.8700008392334,22.8700008392334,22.8700008392334,22.8700008392334,687,0.0,0.0
2024-06-18 12:05:00-04:00,22.954999923706055,22.954999923706055,22.954999923706055,22.954999923706055,703,0.0,0.0
2024-06-18 12:40:00-04:00,22.989999771118164,22.989999771118164,22.989999771118164,22.989999771118164,466,0.0,0.0
2024-06-18 12:50:00-04:00,23.039899826049805,23.040000915527344,23.030000686645508,23.030000686645508,1642,0.0,0.0
2024-06-18 13:45:00-04:00,23.049999237060547,23.049999237060547,23.030000686645508,23.030000686645508,1390,0.0,0.0
2024-06-18 14:00:00-04:00,23.0,23.0,23.0,23.0,149,0.0,0.0
2024-06-18 14:05:00-04:00,23.020000457763672,23.020000457763672,23.020000457763672,23.020000457763672,233,0.0,0.0
2024-06-18 14:10:00-04:00,23.0,23.0,23.0,23.0,349,0.0,0.0
2024-06-18 14:15:00-04:00,22.989999771118164,22.989999771118164,22.95039939880371,22.95039939880371,857,0.0,0.0
2024-06-18 14:20:00-04:00,23.020000457763672,23.020000457763672,23.020000457763672,23.020000457763672,734,0.0,0.0
2024-06-18 14:35:00-04:00,22.979999542236328,22.979999542236328,22.979999542236328,22.979999542236328,496,0.0,0.0
2024-06-18 14:40:00-04:00,22.962600708007812,22.962600708007812,22.962600708007812,22.962600708007812,1149,0.0,0.0
2024-06-18 15:05:00-04:00,22.93000030517578,22.93000030517578,22.899999618530273,22.899999618530273,1102,0.0,0.0
2024-06-18 15:25:00-04:00,22.90999984741211,22.90999984741211,22.90999984741211,22.90999984741211,560,0.0,0.0
2024-06-18 15:30:00-04:00,22.90999984741211,22.90999984741211,22.90999984741211,22.90999984741211,487,0.0,0.0
2024-06-18 15:35:00-04:00,22.920000076293945,22.920000076293945,22.920000076293945,22.920000076293945,850,0.0,0.0
2024-06-18 15:45:00-04:00,22.889999389648438,22.889999389648438,22.8700008392334,22.8700008392334,1321,0.0,0.0
2024-06-18 15:50:00-04:00,22.854999542236328,22.854999542236328,22.854999542236328,22.854999542236328,249,0.0,0.0
2024-06-18 15:55:00-04:00,22.850000381469727,22.8700008392334,22.84000015258789,22.854999542236328,3467,0.0,0.0
2024-06-20 09:30:00-04:00,22.8799991607666,22.8799991607666,22.8799991607666,22.8799991607666,853,0.0,0.0
2024-06-20 09:50:00-04:00,22.8700008392334,22.8700008392334,22.8700008392334,22.8700008392334,249,0.0,0.0
2024-06-20 10:00:00-04:00,22.8799991607666,22.8799991607666,22.8799991607666,22.8799991607666,223,0.0,0.0
2024-06-20 10:10:00-04:00,22.809999465942383,22.809999465942383,22.809999465942383,22.809999465942383,336,0.0,0.0
2024-06-20 10:30:00-04:00,22.84000015258789,22.84000015258789,22.84000015258789,22.84000015258789,1556,0.0,0.0
2024-06-20 11:45:00-04:00,22.610000610351562,22.610000610351562,22.610000610351562,22.610000610351562,699,0.0,0.0
2024-06-20 11:55:00-04:00,22.540000915527344,22.540000915527344,22.540000915527344,22.540000915527344,266,0.0,0.0
2024-06-20 12:00:00-04:00,22.53499984741211,22.579999923706055,22.530000686645508,22.530000686645508,1279,0.0,0.0
2024-06-20 12:05:00-04:00,22.530000686645508,22.579999923706055,22.514999389648438,22.575000762939453,4853,0.0,0.0
2024-06-20 12:10:00-04:00,22.530000686645508,22.530000686645508,22.530000686645508,22.530000686645508,1369,0.0,0.0
2024-06-20 12:20:00-04:00,22.6299991607666,22.6299991607666,22.6299991607666,22.6299991607666,344,0.0,0.0
2024-06-20 12:30:00-04:00,22.559999465942383,22.559999465942383,22.559999465942383,22.559999465942383,448,0.0,0.0
2024-06-20 12:35:00-04:00,22.579999923706055,22.579999923706055,22.568500518798828,22.568500518798828,1369,0.0,0.0
2024-06-20 13:15:00-04:00,22.540000915527344,22.540000915527344,22.540000915527344,22.540000915527344,279,0.0,0.0
2024-06-20 13:25:00-04:00,22.520000457763672,22.6200008392334,22.520000457763672,22.6200008392334,5830,0.0,0.0
2024-06-20 13:30:00-04:00,22.69499969482422,22.69499969482422,22.690000534057617,22.690000534057617,1639,0.0,0.0
2024-06-20 13:50:00-04:00,22.84000015258789,22.84000015258789,22.84000015258789,22.84000015258789,362,0.0,0.0
2024-06-20 14:05:00-04:00,22.858600616455078,22.858600616455078,22.858600616455078,22.858600616455078,793,0.0,0.0
2024-06-20 14:25:00-04:00,22.84000015258789,22.84000015258789,22.84000015258789,22.84000015258789,2820,0.0,0.0
2024-06-20 15:00:00-04:00,22.677900314331055,22.677900314331055,22.677900314331055,22.677900314331055,301,0.0,0.0
2024-06-20 15:05:00-04:00,22.649999618530273,22.649999618530273,22.649999618530273,22.649999618530273,623,0.0,0.0
2024-06-20 15:20:00-04:00,22.639999389648438,22.645000457763672,22.639999389648438,22.645000457763672,608,0.0,0.0
2024-06-20 15:25:00-04:00,22.639999389648438,22.65999984741211,22.639999389648438,22.65999984741211,1000,0.0,0.0
2024-06-20 15:35:00-04:00,22.709999084472656,22.709999084472656,22.709999084472656,22.709999084472656,289,0.0,0.0
2024-06-20 15:40:00-04:00,22.690000534057617,22.690000534057617,22.674999237060547,22.674999237060547,1496,0.0,0.0
2024-06-20 15:45:00-04:00,22.690000534057617,22.690000534057617,22.690000534057617,22.690000534057617,687,0.0,0.0
2024-06-20 15:50:00-04:00,22.760000228881836,22.790000915527344,22.760000228881836,22.760000228881836,1445,0.0,0.0
2024-06-20 15:55:00-04:00,22.729999542236328,22.770000457763672,22.690000534057617,22.690000534057617,1694,0.0,0.0
2024-06-21 09:30:00-04:00,22.719999313354492,22.719999313354492,22.719999313354492,22.719999313354492,16421,0.0,0.0
2024-06-21 09:40:00-04:00,22.530000686645508,22.530000686645508,22.530000686645508,22.530000686645508,287,0.0,0.0
2024-06-21 09:55:00-04:00,22.512399673461914,22.512399673461914,22.512399673461914,22.512399673461914,651,0.0,0.0
2024-06-21 10:05:00-04:00,22.610000610351562,22.635000228881836,22.610000610351562,22.635000228881836,497,0.0,0.0
2024-06-21 10:15:00-04:00,22.625,22.625,22.625,22.625,268,0.0,0.0
2024-06-21 10:30:00-04:00,22.625,22.625,22.625,22.625,439,0.0,0.0
2024-06-21 10:55:00-04:00,22.690000534057617,22.700000762939453,22.690000534057617,22.700000762939453,932,0.0,0.0
2024-06-21 11:10:00-04:00,22.700000762939453,22.700000762939453,22.700000762939453,22.700000762939453,513,0.0,0.0
2024-06-21 11:25:00-04:00,22.65999984741211,22.65999984741211,22.649999618530273,22.649999618530273,1122,0.0,0.0
2024-06-21 11:45:00-04:00,22.68000030517578,22.700000762939453,22.68000030517578,22.700000762939453,816,0.0,0.0
2024-06-21 12:25:00-04:00,22.719999313354492,22.719999313354492,22.719999313354492,22.719999313354492,452,0.0,0.0
2024-06-21 13:00:00-04:00,22.700000762939453,22.700000762939453,22.700000762939453,22.700000762939453,597,0.0,0.0
2024-06-21 13:30:00-04:00,22.670000076293945,22.670000076293945,22.670000076293945,22.670000076293945,322,0.0,0.0
2024-06-21 13:35:00-04:00,22.674999237060547,22.674999237060547,22.674999237060547,22.674999237060547,418,0.0,0.0
2024-06-21 13:40:00-04:00,22.700000762939453,22.700000762939453,22.651100158691406,22.651100158691406,1030,0.0,0.0
2024-06-21 13:55:00-04:00,22.655000686645508,22.68000030517578,22.655000686645508,22.68000030517578,1304,0.0,0.0
2024-06-21 14:30:00-04:00,22.709999084472656,22.709999084472656,22.65999984741211,22.65999984741211,384,0.0,0.0
2024-06-21 14:35:00-04:00,22.643600463867188,22.68000030517578,22.639999389648438,22.65999984741211,1405,0.0,0.0
2024-06-21 14:40:00-04:00,22.649999618530273,22.649999618530273,22.649999618530273,22.649999618530273,545,0.0,0.0
2024-06-21 14:50:00-04:00,22.6299991607666,22.6299991607666,22.624799728393555,22.624799728393555,705,0.0,0.0
2024-06-21 15:05:00-04:00,22.65999984741211,22.65999984741211,22.65999984741211,22.65999984741211,448,0.0,0.0
2024-06-21 15:10:00-04:00,22.65999984741211,22.65999984741211,22.65999984741211,22.65999984741211,254,0.0,0.0
2024-06-21 15:15:00-04:00,22.68000030517578,22.704999923706055,22.68000030517578,22.704999923706055,853,0.0,0.0
2024-06-21 15:20:00-04:00,22.690000534057617,22.700000762939453,22.690000534057617,22.700000762939453,893,0.0,0.0
2024-06-21 15:40:00-04:00,22.700000762939453,22.780000686645508,22.700000762939453,22.770000457763672,4829,0.0,0.0
2024-06-21 15:45:00-04:00,22.760000228881836,22.760000228881836,22.760000228881836,22.760000228881836,578,0.0,0.0
2024-06-21 15:50:00-04:00,22.81999969482422,22.829999923706055,22.81999969482422,22.829999923706055,563,0.0,0.0
2024-06-21 15:55:00-04:00,22.84000015258789,22.84000015258789,22.81999969482422,22.81999969482422,2097,0.0,0.0
2024-06-24 09:30:00-04:00,22.979999542236328,22.979999542236328,22.979999542236328,22.979999542236328,780,0.0,0.0
2024-06-24 09:45:00-04:00,22.899999618530273,22.899999618530273,22.899999618530273,22.899999618530273,425,0.0,0.0
2024-06-24 10:15:00-04:00,23.020000457763672,23.020000457763672,23.020000457763672,23.020000457763672,637,0.0,0.0
2024-06-24 10:25:00-04:00,22.975000381469727,22.975000381469727,22.899999618530273,22.899999618530273,1055,0.0,0.0
2024-06-24 10:30:00-04:00,22.774999618530273,22.774999618530273,22.774999618530273,22.774999618530273,348,0.0,0.0
2024-06-24 10:45:00-04:00,22.920000076293945,22.93000030517578,22.8799991607666,22.93000030517578,1354,0.0,0.0
2024-06-24 11:20:00-04:00,22.924999237060547,22.924999237060547,22.924999237060547,22.924999237060547,541,0.0,0.0
2024-06-24 11:25:00-04:00,23.059999465942383,23.059999465942383,23.059999465942383,23.059999465942383,314,0.0,0.0
2024-06-24 11:40:00-04:00,22.889999389648438,22.920000076293945,22.875,22.875,1534,0.0,0.0
2024-06-24 11:45:00-04:00,22.864999771118164,22.864999771118164,22.864999771118164,22.864999771118164,823,0.0,0.0
2024-06-24 12:15:00-04:00,22.885000228881836,22.885000228881836,22.790700912475586,22.790700912475586,1886,0.0,0.0
2024-06-24 12:45:00-04:00,22.780000686645508,22.815000534057617,22.780000686645508,22.815000534057617,1271,0.0,0.0
2024-06-24 13:10:00-04:00,22.719999313354492,22.719999313354492,22.719999313354492,22.719999313354492,484,0.0,0.0
2024-06-24 13:20:00-04:00,22.7450008392334,22.770000457763672,22.719999313354492,22.719999313354492,1634,0.0,0.0
2024-06-24 13:35:00-04:00,22.719999313354492,22.729999542236328,22.690000534057617,22.690099716186523,2927,0.0,0.0
2024-06-24 13:40:00-04:00,22.700000762939453,22.739999771118164,22.700000762939453,22.739999771118164,330,0.0,0.0
2024-06-24 13:45:00-04:00,22.70009994506836,22.760000228881836,22.65999984741211,22.760000228881836,1329,0.0,0.0
2024-06-24 13:50:00-04:00,22.77989959716797,22.77989959716797,22.649999618530273,22.69099998474121,2329,0.0,0.0
2024-06-24 14:00:00-04:00,22.6289005279541,22.6289005279541,22.6289005279541,22.6289005279541,540,0.0,0.0
2024-06-24 14:25:00-04:00,22.719999313354492,22.719999313354492,22.68000030517578,22.68000030517578,569,0.0,0.0
2024-06-24 14:35:00-04:00,22.719999313354492,22.75,22.649999618530273,22.75,2646,0.0,0.0
2024-06-24 14:40:00-04:00,22.780000686645508,22.8799991607666,22.780000686645508,22.826200485229492,2653,0.0,0.0
2024-06-24 14:45:00-04:00,22.850000381469727,22.850000381469727,22.850000381469727,22.850000381469727,535,0.0,0.0
2024-06-24 14:55:00-04:00,22.860000610351562,22.860000610351562,22.850000381469727,22.850000381469727,1005,0.0,0.0
2024-06-24 15:05:00-04:00,22.790000915527344,22.790000915527344,22.790000915527344,22.790000915527344,675,0.0,0.0
2024-06-24 15:20:00-04:00,22.760000228881836,22.760000228881836,22.670000076293945,22.670000076293945,448,0.0,0.0
2024-06-24 15:25:00-04:00,22.68000030517578,22.68000030517578,22.68000030517578,22.68000030517578,703,0.0,0.0
2024-06-24 15:30:00-04:00,22.71500015258789,22.71500015258789,22.71500015258789,22.71500015258789,934,0.0,0.0
2024-06-24 15:35:00-04:00,22.719999313354492,22.719999313354492,22.719999313354492,22.719999313354492,231,0.0,0.0
2024-06-24 15:40:00-04:00,22.719999313354492,22.725000381469727,22.690000534057617,22.709999084472656,1713,0.0,0.0
2024-06-24 15:45:00-04:00,22.7549991607666,22.770000457763672,22.7549991607666,22.770000457763672,1464,0.0,0.0
2024-06-24 15:50:00-04:00,22.780000686645508,22.780000686645508,22.770000457763672,22.770000457763672,863,0.0,0.0
2024-06-24 15:55:00-04:00,22.770000457763672,22.84000015258789,22.739999771118164,22.799999237060547,6417,0.0,0.0
2024-06-25 09:30:00-04:00,22.850000381469727,22.850000381469727,22.65999984741211,22.65999984741211,457,0.0,0.0
2024-06-25 09:35:00-04:00,22.65999984741211,22.790000915527344,22.65999984741211,22.790000915527344,972,0.0,0.0
2024-06-25 09:45:00-04:00,22.68000030517578,22.684999465942383,22.68000030517578,22.684999465942383,410,0.0,0.0
2024-06-25 09:50:00-04:00,22.84000015258789,22.84000015258789,22.84000015258789,22.84000015258789,3155,0.0,0.0
2024-06-25 10:10:00-04:00,22.65999984741211,22.68000030517578,22.514999389648438,22.514999389648438,881,0.0,0.0
2024-06-25 10:40:00-04:00,22.582000732421875,22.63990020751953,22.56999969482422,22.56999969482422,2130,0.0,0.0
2024-06-25 10:45:00-04:00,22.589399337768555,22.589399337768555,22.500099182128906,22.56999969482422,1013,0.0,0.0
2024-06-25 10:50:00-04:00,22.59630012512207,22.600000381469727,22.559999465942383,22.559999465942383,2206,0.0,0.0
2024-06-25 10:55:00-04:00,22.575000762939453,22.579999923706055,22.575000762939453,22.579999923706055,1310,0.0,0.0
2024-06-25 11:15:00-04:00,22.610000610351562,22.6299991607666,22.5625,22.575000762939453,2876,0.0,0.0
2024-06-25 11:20:00-04:00,22.6299991607666,22.639999389648438,22.510099411010742,22.575000762939453,2782,0.0,0.0
2024-06-25 11:30:00-04:00,22.59000015258789,22.610000610351562,22.565000534057617,22.565000534057617,1547,0.0,0.0
2024-06-25 11:40:00-04:00,22.59000015258789,22.604999542236328,22.579999923706055,22.604999542236328,2019,0.0,0.0
2024-06-25 11:55:00-04:00,22.6299991607666,22.6299991607666,22.56999969482422,22.610000610351562,838,0.0,0.0
2024-06-25 12:00:00-04:00,22.549999237060547,22.610000610351562,22.549999237060547,22.610000610351562,2370,0.0,0.0
2024-06-25 12:05:00-04:00,22.600000381469727,22.600000381469727,22.600000381469727,22.600000381469727,346,0.0,0.0
2024-06-25 12:10:00-04:00,22.575000762939453,22.575000762939453,22.575000762939453,22.575000762939453,328,0.0,0.0
2024-06-25 12:15:00-04:00,22.575000762939453,22.575000762939453,22.575000762939453,22.575000762939453,184,0.0,0.0
2024-06-25 12:20:00-04:00,22.575000762939453,22.575000762939453,22.575000762939453,22.575000762939453,190,0.0,0.0
2024-06-25 12:30:00-04:00,22.575000762939453,22.575000762939453,22.575000762939453,22.575000762939453,1161,0.0,0.0
2024-06-25 12:35:00-04:00,22.575000762939453,22.575000762939453,22.575000762939453,22.575000762939453,264,0.0,0.0
2024-06-25 12:40:00-04:00,22.59000015258789,22.610000610351562,22.59000015258789,22.610000610351562,1831,0.0,0.0
2024-06-25 12:45:00-04:00,22.6299991607666,22.6299991607666,22.579999923706055,22.594999313354492,4088,0.0,0.0
2024-06-25 13:25:00-04:00,22.645000457763672,22.645000457763672,22.645000457763672,22.645000457763672,104,0.0,0.0
2024-06-25 13:30:00-04:00,22.645000457763672,22.645000457763672,22.645000457763672,22.645000457763672,169,0.0,0.0
2024-06-25 13:35:00-04:00,22.639999389648438,22.639999389648438,22.6299991607666,22.6299991607666,636,0.0,0.0
2024-06-25 13:45:00-04:00,22.645000457763672,22.645000457763672,22.645000457763672,22.645000457763672,206,0.0,0.0
2024-06-25 13:55:00-04:00,22.639999389648438,22.639999389648438,22.639999389648438,22.639999389648438,125,0.0,0.0
2024-06-25 14:00:00-04:00,22.6299991607666,22.6299991607666,22.6299991607666,22.6299991607666,391,0.0,0.0
2024-06-25 14:05:00-04:00,22.645000457763672,22.670000076293945,22.645000457763672,22.65999984741211,1198,0.0,0.0
2024-06-25 14:25:00-04:00,22.729999542236328,22.729999542236328,22.645000457763672,22.68000030517578,1778,0.0,0.0
2024-06-25 14:35:00-04:00,22.645000457763672,22.645000457763672,22.645000457763672,22.645000457763672,867,0.0,0.0
2024-06-25 14:50:00-04:00,22.579999923706055,22.6200008392334,22.579999923706055,22.610000610351562,1285,0.0,0.0
2024-06-25 15:00:00-04:00,22.597999572753906,22.597999572753906,22.597999572753906,22.597999572753906,486,0.0,0.0
2024-06-25 15:05:00-04:00,22.594999313354492,22.594999313354492,22.594999313354492,22.594999313354492,303,0.0,0.0
2024-06-25 15:15:00-04:00,22.600000381469727,22.639999389648438,22.600000381469727,22.639999389648438,1482,0.0,0.0
2024-06-25 15:20:00-04:00,22.645000457763672,22.645000457763672,22.645000457763672,22.645000457763672,290,0.0,0.0
2024-06-25 15:25:00-04:00,22.645000457763672,22.645000457763672,22.645000457763672,22.645000457763672,10273,0.0,0.0
2024-06-25 15:30:00-04:00,22.635000228881836,22.635000228881836,22.5,22.5,15352,0.0,0.0
2024-06-25 15:35:00-04:00,22.489999771118164,22.540000915527344,22.489999771118164,22.540000915527344,2632,0.0,0.0
2024-06-25 15:40:00-04:00,22.549999237060547,22.645000457763672,22.549999237060547,22.56999969482422,2715,0.0,0.0
2024-06-25 15:45:00-04:00,22.565000534057617,22.565000534057617,22.565000534057617,22.565000534057617,574,0.0,0.0
2024-06-25 15:50:00-04:00,22.565000534057617,22.579999923706055,22.520000457763672,22.520000457763672,3124,0.0,0.0
2024-06-25 15:55:00-04:00,22.475000381469727,22.479999542236328,22.420000076293945,22.420000076293945,4398,0.0,0.0
2024-06-26 09:30:00-04:00,22.209999084472656,22.209999084472656,21.670000076293945,22.209999084472656,833,0.0,0.0
2024-06-26 09:40:00-04:00,22.20009994506836,22.20009994506836,22.20009994506836,22.20009994506836,302,0.0,0.0
2024-06-26 09:45:00-04:00,22.190000534057617,22.190000534057617,22.139999389648438,22.139999389648438,375,0.0,0.0
2024-06-26 09:50:00-04:00,22.274999618530273,22.274999618530273,22.274999618530273,22.274999618530273,759,0.0,0.0
2024-06-26 10:05:00-04:00,22.30500030517578,22.309999465942383,22.30500030517578,22.309999465942383,621,0.0,0.0
2024-06-26 10:10:00-04:00,22.360000610351562,22.360000610351562,22.360000610351562,22.360000610351562,502,0.0,0.0
2024-06-26 10:30:00-04:00,22.43000030517578,22.43000030517578,22.43000030517578,22.43000030517578,175,0.0,0.0
2024-06-26 10:40:00-04:00,22.454999923706055,22.454999923706055,22.454999923706055,22.454999923706055,221,0.0,0.0
2024-06-26 10:45:00-04:00,22.450000762939453,22.450000762939453,22.450000762939453,22.450000762939453,1057,0.0,0.0
2024-06-26 10:55:00-04:00,22.479999542236328,22.479999542236328,22.479999542236328,22.479999542236328,338,0.0,0.0
2024-06-26 11:15:00-04:00,22.549999237060547,22.575000762939453,22.549999237060547,22.575000762939453,265,0.0,0.0
2024-06-26 11:20:00-04:00,22.604999542236328,22.604999542236328,22.604999542236328,22.604999542236328,108,0.0,0.0
2024-06-26 11:25:00-04:00,22.604999542236328,22.604999542236328,22.604999542236328,22.604999542236328,595,0.0,0.0
2024-06-26 11:30:00-04:00,22.530000686645508,22.530000686645508,22.479999542236328,22.485000610351562,832,0.0,0.0
2024-06-26 11:50:00-04:00,22.56999969482422,22.635000228881836,22.56999969482422,22.635000228881836,937,0.0,0.0
2024-06-26 12:05:00-04:00,22.545000076293945,22.545000076293945,22.545000076293945,22.545000076293945,148,0.0,0.0
2024-06-26 12:10:00-04:00,22.520000457763672,22.520000457763672,22.520000457763672,22.520000457763672,201,0.0,0.0
2024-06-26 12:20:00-04:00,22.5,22.520000457763672,22.5,22.520000457763672,464,0.0,0.0
2024-06-26 12:25:00-04:00,22.530000686645508,22.530000686645508,22.530000686645508,22.530000686645508,511,0.0,0.0
2024-06-26 12:55:00-04:00,22.5,22.5,22.5,22.5,592,0.0,0.0
2024-06-26 13:50:00-04:00,22.469999313354492,22.469999313354492,22.40999984741211,22.40999984741211,1000,0.0,0.0
2024-06-26 13:55:00-04:00,22.479999542236328,22.479999542236328,22.479999542236328,22.479999542236328,131,0.0,0.0
2024-06-26 14:00:00-04:00,22.459999084472656,22.459999084472656,22.399999618530273,22.399999618530273,1509,0.0,0.0
2024-06-26 14:05:00-04:00,22.459999084472656,22.459999084472656,22.420000076293945,22.420000076293945,1153,0.0,0.0
2024-06-26 14:20:00-04:00,22.440000534057617,22.44499969482422,22.399999618530273,22.399999618530273,2331,0.0,0.0
2024-06-26 14:45:00-04:00,22.385000228881836,22.385000228881836,22.385000228881836,22.385000228881836,228,0.0,0.0
2024-06-26 14:50:00-04:00,22.40999984741211,22.40999984741211,22.40999984741211,22.40999984741211,793,0.0,0.0
2024-06-26 15:00:00-04:00,22.399999618530273,22.399999618530273,22.399999618530273,22.399999618530273,554,0.0,0.0
2024-06-26 15:05:00-04:00,22.43000030517578,22.43000030517578,22.43000030517578,22.43000030517578,1080,0.0,0.0
2024-06-26 15:10:00-04:00,22.440000534057617,22.440000534057617,22.440000534057617,22.440000534057617,219,0.0,0.0
2024-06-26 15:15:00-04:00,22.479999542236328,22.479999542236328,22.479999542236328,22.479999542236328,913,0.0,0.0
2024-06-26 15:20:00-04:00,22.440000534057617,22.440000534057617,22.40999984741211,22.40999984741211,871,0.0,0.0
2024-06-26 15:25:00-04:00,22.399999618530273,22.399999618530273,22.399999618530273,22.399999618530273,541,0.0,0.0
2024-06-26 15:30:00-04:00,22.450000762939453,22.450000762939453,22.3700008392334,22.3700008392334,2269,0.0,0.0
2024-06-26 15:40:00-04:00,22.399999618530273,22.399999618530273,22.399999618530273,22.399999618530273,1240,0.0,0.0
2024-06-26 15:45:00-04:00,22.43000030517578,22.43000030517578,22.420000076293945,22.420000076293945,1365,0.0,0.0
2024-06-26 15:50:00-04:00,22.3700008392334,22.40999984741211,22.3700008392334,22.399999618530273,2633,0.0,0.0
2024-06-26 15:55:00-04:00,22.3799991607666,22.399999618530273,22.3700008392334,22.3700008392334,2501,0.0,0.0
2024-06-27 09:40:00-04:00,22.489999771118164,22.489999771118164,22.489999771118164,22.489999771118164,3111,0.0,0.0
2024-06-27 10:00:00-04:00,22.329999923706055,22.549999237060547,22.25,22.31999969482422,3236,0.0,0.0
2024-06-27 10:10:00-04:00,22.440000534057617,22.440000534057617,22.440000534057617,22.440000534057617,387,0.0,0.0
2024-06-27 10:15:00-04:00,22.309999465942383,22.43000030517578,22.309999465942383,22.43000030517578,687,0.0,0.0
2024-06-27 10:20:00-04:00,22.329999923706055,22.329999923706055,22.329999923706055,22.329999923706055,341,0.0,0.0
2024-06-27 10:30:00-04:00,22.299999237060547,22.299999237060547,22.299999237060547,22.299999237060547,248,0.0,0.0
2024-06-27 10:40:00-04:00,22.40999984741211,22.40999984741211,22.40999984741211,22.40999984741211,529,0.0,0.0
2024-06-27 10:45:00-04:00,22.434999465942383,22.434999465942383,22.3799991607666,22.3799991607666,1235,0.0,0.0
2024-06-27 11:00:00-04:00,22.350000381469727,22.350000381469727,22.350000381469727,22.350000381469727,499,0.0,0.0
2024-06-27 11:05:00-04:00,22.360000610351562,22.389999389648438,22.360000610351562,22.389999389648438,945,0.0,0.0
2024-06-27 11:10:00-04:00,22.43000030517578,22.43000030517578,22.34000015258789,22.34000015258789,1264,0.0,0.0
2024-06-27 11:15:00-04:00,22.389999389648438,22.389999389648438,22.389999389648438,22.389999389648438,924,0.0,0.0
2024-06-27 11:25:00-04:00,22.299999237060547,22.299999237060547,22.299999237060547,22.299999237060547,892,0.0,0.0
2024-06-27 11:30:00-04:00,22.299999237060547,22.299999237060547,22.299999237060547,22.299999237060547,764,0.0,0.0
2024-06-27 11:45:00-04:00,22.309999465942383,22.350000381469727,22.309999465942383,22.309999465942383,687,0.0,0.0
2024-06-27 11:50:00-04:00,22.360000610351562,22.440000534057617,22.305999755859375,22.305999755859375,2989,0.0,0.0
2024-06-27 12:10:00-04:00,22.434999465942383,22.434999465942383,22.350000381469727,22.350000381469727,482,0.0,0.0
2024-06-27 12:20:00-04:00,22.395000457763672,22.395000457763672,22.350000381469727,22.395000457763672,659,0.0,0.0
2024-06-27 12:25:00-04:00,22.389999389648438,22.389999389648438,22.389999389648438,22.389999389648438,477,0.0,0.0
2024-06-27 12:30:00-04:00,22.440000534057617,22.440000534057617,22.440000534057617,22.440000534057617,1006,0.0,0.0
2024-06-27 12:35:00-04:00,22.34000015258789,22.34000015258789,22.34000015258789,22.34000015258789,1194,0.0,0.0
2024-06-27 12:55:00-04:00,22.375,22.375,22.375,22.375,296,0.0,0.0
2024-06-27 13:00:00-04:00,22.399999618530273,22.40999984741211,22.3700008392334,22.399999618530273,1398,0.0,0.0
2024-06-27 13:10:00-04:00,22.43000030517578,22.43000030517578,22.43000030517578,22.43000030517578,345,0.0,0.0
2024-06-27 13:15:00-04:00,22.389999389648438,22.389999389648438,22.389999389648438,22.389999389648438,788,0.0,0.0
2024-06-27 13:20:00-04:00,22.3700008392334,22.3700008392334,22.3700008392334,22.3700008392334,239,0.0,0.0
2024-06-27 13:30:00-04:00,22.329999923706055,22.389999389648438,22.329999923706055,22.389999389648438,1640,0.0,0.0
2024-06-27 13:40:00-04:00,22.389999389648438,22.389999389648438,22.389999389648438,22.389999389648438,889,0.0,0.0
2024-06-27 13:55:00-04:00,22.420000076293945,22.420000076293945,22.420000076293945,22.420000076293945,936,0.0,0.0
2024-06-27 14:10:00-04:00,22.34000015258789,22.34000015258789,22.34000015258789,22.34000015258789,281,0.0,0.0
2024-06-27 14:15:00-04:00,22.280000686645508,22.280000686645508,22.280000686645508,22.280000686645508,692,0.0,0.0
2024-06-27 14:25:00-04:00,22.309999465942383,22.334999084472656,22.309999465942383,22.334999084472656,1602,0.0,0.0
2024-06-27 14:45:00-04:00,22.3700008392334,22.3700008392334,22.354999542236328,22.354999542236328,711,0.0,0.0
2024-06-27 14:50:00-04:00,22.354999542236328,22.354999542236328,22.329999923706055,22.334999084472656,1813,0.0,0.0
2024-06-27 15:05:00-04:00,22.350000381469727,22.350000381469727,22.34000015258789,22.34000015258789,390,0.0,0.0
2024-06-27 15:10:00-04:00,22.34000015258789,22.350000381469727,22.34000015258789,22.350000381469727,1280,0.0,0.0
2024-06-27 15:15:00-04:00,22.485000610351562,22.485000610351562,22.485000610351562,22.485000610351562,328,0.0,0.0
2024-06-27 15:20:00-04:00,22.459999084472656,22.459999084472656,22.450000762939453,22.450000762939453,524,0.0,0.0
2024-06-27 15:25:00-04:00,22.43000030517578,22.43000030517578,22.43000030517578,22.43000030517578,1694,0.0,0.0
2024-06-27 15:35:00-04:00,22.440000534057617,22.489999771118164,22.440000534057617,22.489999771118164,1169,0.0,0.0
2024-06-27 15:40:00-04:00,22.459999084472656,22.459999084472656,22.440000534057617,22.440000534057617,1022,0.0,0.0
2024-06-27 15:45:00-04:00,22.420000076293945,22.420000076293945,22.420000076293945,22.420000076293945,862,0.0,0.0
2024-06-27 15:50:00-04:00,22.43000030517578,22.440000534057617,22.43000030517578,22.440000534057617,3450,0.0,0.0
2024-06-27 15:55:00-04:00,22.469999313354492,22.479999542236328,22.469999313354492,22.479999542236328,2608,0.0,0.0
2024-06-28 09:30:00-04:00,22.719999313354492,22.719999313354492,22.719999313354492,22.719999313354492,836,0.0,0.0
2024-06-28 10:10:00-04:00,22.559999465942383,22.559999465942383,22.559999465942383,22.559999465942383,338,0.0,0.0
2024-06-28 10:20:00-04:00,22.540000915527344,22.59000015258789,22.540000915527344,22.59000015258789,840,0.0,0.0
2024-06-28 10:25:00-04:00,22.59000015258789,22.639999389648438,22.59000015258789,22.639999389648438,980,0.0,0.0
2024-06-28 10:55:00-04:00,22.549999237060547,22.6200008392334,22.540000915527344,22.6200008392334,743,0.0,0.0
2024-06-28 11:05:00-04:00,22.510000228881836,22.510000228881836,22.510000228881836,22.510000228881836,275,0.0,0.0
2024-06-28 11:15:00-04:00,22.5674991607666,22.5674991607666,22.5674991607666,22.5674991607666,704,0.0,0.0
2024-06-28 11:30:00-04:00,22.520000457763672,22.520000457763672,22.520000457763672,22.520000457763672,165,0.0,0.0
2024-06-28 11:35:00-04:00,22.524999618530273,22.524999618530273,22.524999618530273,22.524999618530273,206,0.0,0.0
2024-06-28 11:40:00-04:00,22.524999618530273,22.524999618530273,22.524999618530273,22.524999618530273,241,0.0,0.0
2024-06-28 11:50:00-04:00,22.524999618530273,22.524999618530273,22.524999618530273,22.524999618530273,222,0.0,0.0
2024-06-28 11:55:00-04:00,22.56999969482422,22.579999923706055,22.56999969482422,22.579999923706055,1035,0.0,0.0
2024-06-28 12:25:00-04:00,22.584999084472656,22.584999084472656,22.584999084472656,22.584999084472656,195,0.0,0.0
2024-06-28 12:40:00-04:00,22.549999237060547,22.549999237060547,22.549999237060547,22.549999237060547,471,0.0,0.0
2024-06-28 12:50:00-04:00,22.55500030517578,22.55500030517578,22.55500030517578,22.55500030517578,160,0.0,0.0
2024-06-28 12:55:00-04:00,22.55500030517578,22.55500030517578,22.55500030517578,22.55500030517578,217,0.0,0.0
2024-06-28 13:00:00-04:00,22.559999465942383,22.559999465942383,22.559999465942383,22.559999465942383,185,0.0,0.0
2024-06-28 13:05:00-04:00,22.55500030517578,22.55500030517578,22.55500030517578,22.55500030517578,537,0.0,0.0
2024-06-28 13:15:00-04:00,22.530000686645508,22.579999923706055,22.530000686645508,22.579999923706055,787,0.0,0.0
2024-06-28 13:20:00-04:00,22.6200008392334,22.6200008392334,22.6200008392334,22.6200008392334,869,0.0,0.0
2024-06-28 13:50:00-04:00,22.479999542236328,22.479999542236328,22.479999542236328,22.479999542236328,547,0.0,0.0
2024-06-28 13:55:00-04:00,22.489999771118164,22.530000686645508,22.489999771118164,22.530000686645508,756,0.0,0.0
2024-06-28 14:20:00-04:00,22.47100067138672,22.47100067138672,22.440000534057617,22.440000534057617,810,0.0,0.0
2024-06-28 14:25:00-04:00,22.43000030517578,22.43000030517578,22.43000030517578,22.43000030517578,154,0.0,0.0
2024-06-28 14:30:00-04:00,22.479999542236328,22.479999542236328,22.459999084472656,22.459999084472656,886,0.0,0.0
2024-06-28 14:40:00-04:00,22.458999633789062,22.459999084472656,22.458999633789062,22.459999084472656,957,0.0,0.0
2024-06-28 14:55:00-04:00,22.510000228881836,22.510000228881836,22.510000228881836,22.510000228881836,887,0.0,0.0
2024-06-28 15:10:00-04:00,22.520000457763672,22.520000457763672,22.459999084472656,22.459999084472656,953,0.0,0.0
2024-06-28 15:15:00-04:00,22.469999313354492,22.489999771118164,22.469999313354492,22.489999771118164,633,0.0,0.0
2024-06-28 15:25:00-04:00,22.459999084472656,22.459999084472656,22.459999084472656,22.459999084472656,323,0.0,0.0
2024-06-28 15:30:00-04:00,22.43000030517578,22.43000030517578,22.3799991607666,22.3799991607666,1123,0.0,0.0
2024-06-28 15:40:00-04:00,22.399999618530273,22.399999618530273,22.399999618530273,22.399999618530273,1096,0.0,0.0
2024-06-28 15:45:00-04:00,22.479999542236328,22.5,22.479999542236328,22.5,1035,0.0,0.0
2024-06-28 15:50:00-04:00,22.59000015258789,22.790000915527344,22.59000015258789,22.770000457763672,13440,0.0,0.0
2024-06-28 15:55:00-04:00,22.795000076293945,23.0,22.75,22.989999771118164,37212,0.0,0.0
