Datetime,Open,High,Low,Close,Volume,Dividends,Stock Splits,Capital Gains
2024-05-30 09:30:00-04:00,24.260000228881836,24.260000228881836,24.260000228881836,24.260000228881836,0,0.0,0.0,0.0
2024-05-30 09:35:00-04:00,24.299999237060547,24.309999465942383,24.290000915527344,24.309999465942383,32229,0.0,0.0,0.0
2024-05-30 09:40:00-04:00,24.334999084472656,24.334999084472656,24.334999084472656,24.334999084472656,1007,0.0,0.0,0.0
2024-05-30 09:50:00-04:00,24.329999923706055,24.329999923706055,24.329999923706055,24.329999923706055,304,0.0,0.0,0.0
2024-05-30 09:55:00-04:00,24.329999923706055,24.329999923706055,24.329999923706055,24.329999923706055,100,0.0,0.0,0.0
2024-05-30 10:05:00-04:00,24.33989906311035,24.33989906311035,24.33989906311035,24.33989906311035,148,0.0,0.0,0.0
2024-05-30 10:40:00-04:00,24.310199737548828,24.310199737548828,24.310199737548828,24.310199737548828,7565,0.0,0.0,0.0
2024-05-30 11:10:00-04:00,24.309999465942383,24.309999465942383,24.30500030517578,24.30500030517578,604,0.0,0.0,0.0
2024-05-30 11:15:00-04:00,24.30500030517578,24.309999465942383,24.30500030517578,24.309999465942383,5176,0.0,0.0,0.0
2024-05-30 11:20:00-04:00,24.309999465942383,24.309999465942383,24.30500030517578,24.305099487304688,2281,0.0,0.0,0.0
2024-05-30 11:25:00-04:00,24.30500030517578,24.30500030517578,24.30500030517578,24.30500030517578,345,0.0,0.0,0.0
2024-05-30 11:40:00-04:00,24.299999237060547,24.299999237060547,24.299999237060547,24.299999237060547,108,0.0,0.0,0.0
2024-05-30 11:45:00-04:00,24.297500610351562,24.297500610351562,24.295000076293945,24.297500610351562,589,0.0,0.0,0.0
2024-05-30 11:50:00-04:00,24.295000076293945,24.295000076293945,24.29010009765625,24.29010009765625,2624,0.0,0.0,0.0
2024-05-30 12:00:00-04:00,24.290000915527344,24.298099517822266,24.290000915527344,24.295000076293945,10690,0.0,0.0,0.0
2024-05-30 12:10:00-04:00,24.295000076293945,24.295000076293945,24.295000076293945,24.295000076293945,2348,0.0,0.0,0.0
2024-05-30 12:15:00-04:00,24.295000076293945,24.299999237060547,24.295000076293945,24.299999237060547,32960,0.0,0.0,0.0
2024-05-30 12:35:00-04:00,24.280000686645508,24.280099868774414,24.280000686645508,24.280099868774414,3984,0.0,0.0,0.0
2024-05-30 12:50:00-04:00,24.283199310302734,24.283199310302734,24.283199310302734,24.283199310302734,1000,0.0,0.0,0.0
2024-05-30 12:55:00-04:00,24.280000686645508,24.280000686645508,24.280000686645508,24.280000686645508,112,0.0,0.0,0.0
2024-05-30 13:00:00-04:00,24.270299911499023,24.270299911499023,24.270299911499023,24.270299911499023,11885,0.0,0.0,0.0
2024-05-30 13:05:00-04:00,24.27560043334961,24.27560043334961,24.27560043334961,24.27560043334961,370,0.0,0.0,0.0
2024-05-30 13:10:00-04:00,24.278799057006836,24.278799057006836,24.274999618530273,24.274999618530273,1383,0.0,0.0,0.0
2024-05-30 13:15:00-04:00,24.27899932861328,24.280000686645508,24.274999618530273,24.27750015258789,6831,0.0,0.0,0.0
2024-05-30 13:25:00-04:00,24.274999618530273,24.274999618530273,24.274999618530273,24.274999618530273,339,0.0,0.0,0.0
2024-05-30 13:35:00-04:00,24.273500442504883,24.273500442504883,24.273500442504883,24.273500442504883,465,0.0,0.0,0.0
2024-05-30 13:40:00-04:00,24.274099349975586,24.274099349975586,24.274099349975586,24.274099349975586,247,0.0,0.0,0.0
2024-05-30 13:45:00-04:00,24.275100708007812,24.275100708007812,24.275100708007812,24.275100708007812,335,0.0,0.0,0.0
2024-05-30 13:50:00-04:00,24.274999618530273,24.274999618530273,24.274999618530273,24.274999618530273,245,0.0,0.0,0.0
2024-05-30 13:55:00-04:00,24.280000686645508,24.280000686645508,24.274999618530273,24.280000686645508,13597,0.0,0.0,0.0
2024-05-30 14:00:00-04:00,24.270000457763672,24.274999618530273,24.270000457763672,24.274999618530273,408,0.0,0.0,0.0
2024-05-30 14:15:00-04:00,24.274999618530273,24.276199340820312,24.274999618530273,24.276199340820312,443,0.0,0.0,0.0
2024-05-30 14:45:00-04:00,24.274999618530273,24.280000686645508,24.274999618530273,24.280000686645508,8376,0.0,0.0,0.0
2024-05-30 14:50:00-04:00,24.274999618530273,24.274999618530273,24.274999618530273,24.274999618530273,13964,0.0,0.0,0.0
2024-05-30 14:55:00-04:00,24.278900146484375,24.278900146484375,24.278900146484375,24.278900146484375,950,0.0,0.0,0.0
2024-05-30 15:00:00-04:00,24.274999618530273,24.274999618530273,24.274099349975586,24.274099349975586,311,0.0,0.0,0.0
2024-05-30 15:05:00-04:00,24.270000457763672,24.270099639892578,24.270000457763672,24.270099639892578,451,0.0,0.0,0.0
2024-05-30 15:10:00-04:00,24.271900177001953,24.274999618530273,24.271900177001953,24.274999618530273,547,0.0,0.0,0.0
2024-05-30 15:15:00-04:00,24.270099639892578,24.271900177001953,24.270099639892578,24.271900177001953,403,0.0,0.0,0.0
2024-05-30 15:20:00-04:00,24.275100708007812,24.275100708007812,24.275100708007812,24.275100708007812,400,0.0,0.0,0.0
2024-05-30 15:25:00-04:00,24.27899932861328,24.27899932861328,24.274999618530273,24.274999618530273,82440,0.0,0.0,0.0
2024-05-30 15:30:00-04:00,24.27899932861328,24.27899932861328,24.274999618530273,24.274999618530273,2733,0.0,0.0,0.0
2024-05-30 15:45:00-04:00,24.271900177001953,24.271900177001953,24.270000457763672,24.270000457763672,200,0.0,0.0,0.0
2024-05-30 15:50:00-04:00,24.274999618530273,24.274999618530273,24.274999618530273,24.274999618530273,383,0.0,0.0,0.0
2024-05-30 15:55:00-04:00,24.271900177001953,24.290000915527344,24.271900177001953,24.280000686645508,0,0.0,0.0,0.0
2024-05-31 09:30:00-04:00,24.299999237060547,24.368999481201172,24.299999237060547,24.368999481201172,2310,0.0,0.0,0.0
2024-05-31 10:20:00-04:00,24.360000610351562,24.3794002532959,24.350000381469727,24.350000381469727,1910,0.0,0.0,0.0
2024-05-31 10:30:00-04:00,24.329999923706055,24.329999923706055,24.329999923706055,24.329999923706055,110,0.0,0.0,0.0
2024-05-31 10:40:00-04:00,24.34000015258789,24.34000015258789,24.34000015258789,24.34000015258789,846,0.0,0.0,0.0
2024-05-31 10:45:00-04:00,24.350000381469727,24.350000381469727,24.344999313354492,24.344999313354492,461,0.0,0.0,0.0
2024-05-31 11:00:00-04:00,24.350000381469727,24.350000381469727,24.350000381469727,24.350000381469727,100,0.0,0.0,0.0
2024-05-31 11:05:00-04:00,24.34749984741211,24.34749984741211,24.34749984741211,24.34749984741211,734,0.0,0.0,0.0
2024-05-31 11:10:00-04:00,24.34000015258789,24.34000015258789,24.334999084472656,24.34000015258789,22808,0.0,0.0,0.0
2024-05-31 11:20:00-04:00,24.34000015258789,24.34000015258789,24.33329963684082,24.33329963684082,30500,0.0,0.0,0.0
2024-05-31 11:30:00-04:00,24.325000762939453,24.32939910888672,24.325000762939453,24.32939910888672,680,0.0,0.0,0.0
2024-05-31 11:40:00-04:00,24.31999969482422,24.31999969482422,24.31999969482422,24.31999969482422,299,0.0,0.0,0.0
2024-05-31 12:05:00-04:00,24.328699111938477,24.328699111938477,24.328699111938477,24.328699111938477,144,0.0,0.0,0.0
2024-05-31 12:10:00-04:00,24.328800201416016,24.329999923706055,24.328800201416016,24.329999923706055,3846,0.0,0.0,0.0
2024-05-31 13:00:00-04:00,24.328800201416016,24.328800201416016,24.328800201416016,24.328800201416016,1018,0.0,0.0,0.0
2024-05-31 13:10:00-04:00,24.325000762939453,24.325000762939453,24.325000762939453,24.325000762939453,501,0.0,0.0,0.0
2024-05-31 13:15:00-04:00,24.325000762939453,24.325000762939453,24.31999969482422,24.31999969482422,2259,0.0,0.0,0.0
2024-05-31 13:20:00-04:00,24.31999969482422,24.31999969482422,24.319900512695312,24.319900512695312,917,0.0,0.0,0.0
2024-05-31 14:25:00-04:00,24.329999923706055,24.329999923706055,24.32539939880371,24.32539939880371,306,0.0,0.0,0.0
2024-05-31 14:30:00-04:00,24.320899963378906,24.32979965209961,24.320899963378906,24.32979965209961,865,0.0,0.0,0.0
2024-05-31 14:40:00-04:00,24.34000015258789,24.34000015258789,24.34000015258789,24.34000015258789,432,0.0,0.0,0.0
2024-05-31 15:05:00-04:00,24.329999923706055,24.329999923706055,24.329999923706055,24.329999923706055,520,0.0,0.0,0.0
2024-05-31 15:20:00-04:00,24.310100555419922,24.313400268554688,24.310100555419922,24.313400268554688,2081,0.0,0.0,0.0
2024-05-31 15:40:00-04:00,24.329999923706055,24.329999923706055,24.329999923706055,24.329999923706055,908,0.0,0.0,0.0
2024-05-31 15:50:00-04:00,24.34000015258789,24.34000015258789,24.34000015258789,24.34000015258789,209,0.0,0.0,0.0
2024-05-31 15:55:00-04:00,24.34000015258789,24.342599868774414,24.329999923706055,24.329999923706055,1277,0.0,0.0,0.0
2024-06-03 09:30:00-04:00,24.399999618530273,24.399999618530273,24.399999618530273,24.399999618530273,0,0.0,0.0,0.0
2024-06-03 09:35:00-04:00,24.364999771118164,24.364999771118164,24.364999771118164,24.364999771118164,190,0.0,0.0,0.0
2024-06-03 09:50:00-04:00,24.389999389648438,24.389999389648438,24.389999389648438,24.389999389648438,106,0.0,0.0,0.0
2024-06-03 09:55:00-04:00,24.40999984741211,24.40999984741211,24.40999984741211,24.40999984741211,320,0.0,0.0,0.0
2024-06-03 10:05:00-04:00,24.434999465942383,24.434999465942383,24.434999465942383,24.434999465942383,240,0.0,0.0,0.0
2024-06-03 10:10:00-04:00,24.450000762939453,24.450000762939453,24.450000762939453,24.450000762939453,578,0.0,0.0,0.0
2024-06-03 10:35:00-04:00,24.432199478149414,24.432199478149414,24.432199478149414,24.432199478149414,262,0.0,0.0,0.0
2024-06-03 10:50:00-04:00,24.42020034790039,24.42020034790039,24.42020034790039,24.42020034790039,418,0.0,0.0,0.0
2024-06-03 11:00:00-04:00,24.420000076293945,24.420499801635742,24.420000076293945,24.420499801635742,801,0.0,0.0,0.0
2024-06-03 11:05:00-04:00,24.43000030517578,24.43000030517578,24.43000030517578,24.43000030517578,1116,0.0,0.0,0.0
2024-06-03 11:10:00-04:00,24.43000030517578,24.43899917602539,24.429899215698242,24.429899215698242,2283,0.0,0.0,0.0
2024-06-03 12:05:00-04:00,24.434999465942383,24.439899444580078,24.434999465942383,24.439899444580078,1114,0.0,0.0,0.0
2024-06-03 12:10:00-04:00,24.434999465942383,24.434999465942383,24.434999465942383,24.434999465942383,314,0.0,0.0,0.0
2024-06-03 12:15:00-04:00,24.430500030517578,24.430500030517578,24.430500030517578,24.430500030517578,813,0.0,0.0,0.0
2024-06-03 12:30:00-04:00,24.434999465942383,24.450000762939453,24.434999465942383,24.439899444580078,8188,0.0,0.0,0.0
2024-06-03 12:35:00-04:00,24.440000534057617,24.44099998474121,24.440000534057617,24.44099998474121,458,0.0,0.0,0.0
2024-06-03 12:50:00-04:00,24.44499969482422,24.44499969482422,24.44499969482422,24.44499969482422,10344,0.0,0.0,0.0
2024-06-03 12:55:00-04:00,24.450000762939453,24.459999084472656,24.44499969482422,24.450000762939453,221763,0.0,0.0,0.0
2024-06-03 13:00:00-04:00,24.450000762939453,24.450000762939453,24.450000762939453,24.450000762939453,157,0.0,0.0,0.0
2024-06-03 13:05:00-04:00,24.4507999420166,24.4507999420166,24.4507999420166,24.4507999420166,614,0.0,0.0,0.0
2024-06-03 13:10:00-04:00,24.451000213623047,24.451000213623047,24.451000213623047,24.451000213623047,166,0.0,0.0,0.0
2024-06-03 13:30:00-04:00,24.454999923706055,24.454999923706055,24.454999923706055,24.454999923706055,4527,0.0,0.0,0.0
2024-06-03 13:35:00-04:00,24.450899124145508,24.450899124145508,24.450899124145508,24.450899124145508,481,0.0,0.0,0.0
2024-06-03 13:50:00-04:00,24.489999771118164,24.489999771118164,24.489999771118164,24.489999771118164,202937,0.0,0.0,0.0
2024-06-03 13:55:00-04:00,24.459999084472656,24.459999084472656,24.459999084472656,24.459999084472656,197,0.0,0.0,0.0
2024-06-03 14:05:00-04:00,24.459999084472656,24.459999084472656,24.459999084472656,24.459999084472656,502,0.0,0.0,0.0
2024-06-03 14:15:00-04:00,24.459999084472656,24.459999084472656,24.45009994506836,24.45009994506836,1274,0.0,0.0,0.0
2024-06-03 14:20:00-04:00,24.459999084472656,24.459999084472656,24.459999084472656,24.459999084472656,166,0.0,0.0,0.0
2024-06-03 14:25:00-04:00,24.46500015258789,24.46500015258789,24.46500015258789,24.46500015258789,605,0.0,0.0,0.0
2024-06-03 14:50:00-04:00,24.459999084472656,24.459999084472656,24.459999084472656,24.459999084472656,200,0.0,0.0,0.0
2024-06-03 14:55:00-04:00,24.456199645996094,24.459999084472656,24.456199645996094,24.459999084472656,446,0.0,0.0,0.0
2024-06-03 15:00:00-04:00,24.454999923706055,24.454999923706055,24.454999923706055,24.454999923706055,100,0.0,0.0,0.0
2024-06-03 15:05:00-04:00,24.459699630737305,24.459699630737305,24.459699630737305,24.459699630737305,3602,0.0,0.0,0.0
2024-06-03 15:15:00-04:00,24.450000762939453,24.454999923706055,24.450000762939453,24.454999923706055,1649,0.0,0.0,0.0
2024-06-03 15:20:00-04:00,24.454999923706055,24.454999923706055,24.454999923706055,24.454999923706055,2100,0.0,0.0,0.0
2024-06-03 15:25:00-04:00,24.454999923706055,24.454999923706055,24.454999923706055,24.454999923706055,8300,0.0,0.0,0.0
2024-06-03 15:30:00-04:00,24.454999923706055,24.459999084472656,24.450000762939453,24.454999923706055,20520,0.0,0.0,0.0
2024-06-03 15:35:00-04:00,24.454999923706055,24.454999923706055,24.454999923706055,24.454999923706055,1900,0.0,0.0,0.0
2024-06-03 15:40:00-04:00,24.454999923706055,24.454999923706055,24.4507999420166,24.454999923706055,3253,0.0,0.0,0.0
2024-06-03 15:45:00-04:00,24.454999923706055,24.454999923706055,24.454999923706055,24.454999923706055,5400,0.0,0.0,0.0
2024-06-03 15:50:00-04:00,24.450000762939453,24.46619987487793,24.450000762939453,24.454999923706055,41220,0.0,0.0,0.0
2024-06-03 15:55:00-04:00,24.450000762939453,24.469999313354492,24.450000762939453,24.469999313354492,33910,0.0,0.0,0.0
2024-06-04 09:30:00-04:00,24.559999465942383,24.559999465942383,24.479999542236328,24.479999542236328,8482,0.0,0.0,0.0
2024-06-04 09:35:00-04:00,24.479999542236328,24.479999542236328,24.479999542236328,24.479999542236328,101,0.0,0.0,0.0
2024-06-04 09:40:00-04:00,24.489999771118164,24.489999771118164,24.489999771118164,24.489999771118164,200,0.0,0.0,0.0
2024-06-04 09:45:00-04:00,24.479999542236328,24.479999542236328,24.479999542236328,24.479999542236328,100,0.0,0.0,0.0
2024-06-04 09:50:00-04:00,24.459999084472656,24.469999313354492,24.459999084472656,24.469999313354492,300,0.0,0.0,0.0
2024-06-04 09:55:00-04:00,24.469999313354492,24.469999313354492,24.459999084472656,24.459999084472656,467,0.0,0.0,0.0
2024-06-04 10:00:00-04:00,24.469999313354492,24.489999771118164,24.469999313354492,24.488000869750977,969,0.0,0.0,0.0
2024-06-04 10:05:00-04:00,24.469999313354492,24.479999542236328,24.469999313354492,24.479999542236328,935,0.0,0.0,0.0
2024-06-04 10:15:00-04:00,24.46500015258789,24.46500015258789,24.46500015258789,24.46500015258789,100,0.0,0.0,0.0
2024-06-04 10:20:00-04:00,24.450000762939453,24.450000762939453,24.423799514770508,24.423799514770508,0,0.0,0.0,0.0
2024-06-04 10:35:00-04:00,24.479999542236328,24.479999542236328,24.479999542236328,24.479999542236328,13493,0.0,0.0,0.0
2024-06-04 11:20:00-04:00,24.489999771118164,24.5,24.489999771118164,24.5,2214,0.0,0.0,0.0
2024-06-04 11:30:00-04:00,24.5,24.5049991607666,24.5,24.5049991607666,615,0.0,0.0,0.0
2024-06-04 11:35:00-04:00,24.4950008392334,24.5,24.4950008392334,24.5,4847,0.0,0.0,0.0
2024-06-04 11:50:00-04:00,24.514999389648438,24.518999099731445,24.514999389648438,24.518999099731445,365,0.0,0.0,0.0
2024-06-04 11:55:00-04:00,24.520000457763672,24.520000457763672,24.520000457763672,24.520000457763672,420,0.0,0.0,0.0
2024-06-04 12:00:00-04:00,24.530000686645508,24.530000686645508,24.530000686645508,24.530000686645508,715,0.0,0.0,0.0
2024-06-04 12:05:00-04:00,24.520000457763672,24.530000686645508,24.5,24.510000228881836,23753,0.0,0.0,0.0
2024-06-04 12:10:00-04:00,24.501100540161133,24.525699615478516,24.501100540161133,24.520000457763672,10272,0.0,0.0,0.0
2024-06-04 12:15:00-04:00,24.524999618530273,24.539899826049805,24.524999618530273,24.539899826049805,4964,0.0,0.0,0.0
2024-06-04 12:20:00-04:00,24.530000686645508,24.559999465942383,24.530000686645508,24.549999237060547,21514,0.0,0.0,0.0
2024-06-04 12:25:00-04:00,24.540000915527344,24.540000915527344,24.540000915527344,24.540000915527344,510,0.0,0.0,0.0
2024-06-04 12:35:00-04:00,24.540000915527344,24.54509925842285,24.540000915527344,24.54509925842285,2255,0.0,0.0,0.0
2024-06-04 12:40:00-04:00,24.548799514770508,24.548799514770508,24.548799514770508,24.548799514770508,271,0.0,0.0,0.0
2024-06-04 12:45:00-04:00,24.545000076293945,24.545000076293945,24.520000457763672,24.538000106811523,9355,0.0,0.0,0.0
2024-06-04 12:50:00-04:00,24.53499984741211,24.540000915527344,24.530000686645508,24.530000686645508,1908,0.0,0.0,0.0
2024-06-04 12:55:00-04:00,24.530000686645508,24.540000915527344,24.530000686645508,24.53499984741211,3276,0.0,0.0,0.0
2024-06-04 13:00:00-04:00,24.535999298095703,24.535999298095703,24.530000686645508,24.53499984741211,2612,0.0,0.0,0.0
2024-06-04 13:05:00-04:00,24.537500381469727,24.537500381469727,24.537500381469727,24.537500381469727,334,0.0,0.0,0.0
2024-06-04 13:10:00-04:00,24.537500381469727,24.540000915527344,24.530000686645508,24.540000915527344,2734,0.0,0.0,0.0
2024-06-04 13:15:00-04:00,24.549999237060547,24.549999237060547,24.540000915527344,24.540000915527344,442,0.0,0.0,0.0
2024-06-04 13:20:00-04:00,24.545000076293945,24.545000076293945,24.545000076293945,24.545000076293945,838,0.0,0.0,0.0
2024-06-04 13:25:00-04:00,24.545000076293945,24.549999237060547,24.54210090637207,24.54210090637207,1646,0.0,0.0,0.0
2024-06-04 13:30:00-04:00,24.549999237060547,24.559999465942383,24.549999237060547,24.559999465942383,3301,0.0,0.0,0.0
2024-06-04 13:35:00-04:00,24.56999969482422,24.56999969482422,24.56999969482422,24.56999969482422,400,0.0,0.0,0.0
2024-06-04 13:40:00-04:00,24.56999969482422,24.575000762939453,24.56999969482422,24.575000762939453,745,0.0,0.0,0.0
2024-06-04 13:50:00-04:00,24.56999969482422,24.56999969482422,24.559999465942383,24.56999969482422,5031,0.0,0.0,0.0
2024-06-04 13:55:00-04:00,24.56999969482422,24.56999969482422,24.56999969482422,24.56999969482422,1500,0.0,0.0,0.0
2024-06-04 14:00:00-04:00,24.56999969482422,24.575000762939453,24.56999969482422,24.575000762939453,45101,0.0,0.0,0.0
2024-06-04 14:05:00-04:00,24.57309913635254,24.575000762939453,24.57309913635254,24.575000762939453,2230,0.0,0.0,0.0
2024-06-04 14:10:00-04:00,24.575000762939453,24.575000762939453,24.56999969482422,24.575000762939453,1167,0.0,0.0,0.0
2024-06-04 14:15:00-04:00,24.579700469970703,24.579700469970703,24.575000762939453,24.575000762939453,1598,0.0,0.0,0.0
2024-06-04 14:20:00-04:00,24.571699142456055,24.575000762939453,24.571699142456055,24.575000762939453,604,0.0,0.0,0.0
2024-06-04 14:25:00-04:00,24.579999923706055,24.579999923706055,24.56999969482422,24.579999923706055,3267,0.0,0.0,0.0
2024-06-04 14:30:00-04:00,24.57110023498535,24.575000762939453,24.57110023498535,24.575000762939453,804,0.0,0.0,0.0
2024-06-04 14:35:00-04:00,24.575000762939453,24.575000762939453,24.575000762939453,24.575000762939453,2439,0.0,0.0,0.0
2024-06-04 14:40:00-04:00,24.575000762939453,24.575000762939453,24.559999465942383,24.559999465942383,1895,0.0,0.0,0.0
2024-06-04 15:05:00-04:00,24.5575008392334,24.559999465942383,24.5575008392334,24.559999465942383,639,0.0,0.0,0.0
2024-06-04 15:10:00-04:00,24.565000534057617,24.565000534057617,24.565000534057617,24.565000534057617,7111,0.0,0.0,0.0
2024-06-04 15:15:00-04:00,24.57710075378418,24.58799934387207,24.56999969482422,24.58799934387207,3630,0.0,0.0,0.0
2024-06-04 15:20:00-04:00,24.578800201416016,24.578800201416016,24.578800201416016,24.578800201416016,124,0.0,0.0,0.0
2024-06-04 15:25:00-04:00,24.594999313354492,24.594999313354492,24.579999923706055,24.5802001953125,4098,0.0,0.0,0.0
2024-06-04 15:30:00-04:00,24.579999923706055,24.579999923706055,24.56999969482422,24.57110023498535,11117,0.0,0.0,0.0
2024-06-04 15:35:00-04:00,24.579999923706055,24.579999923706055,24.579999923706055,24.579999923706055,100,0.0,0.0,0.0
2024-06-04 15:40:00-04:00,24.575000762939453,24.575000762939453,24.575000762939453,24.575000762939453,200,0.0,0.0,0.0
2024-06-04 15:45:00-04:00,24.579999923706055,24.59000015258789,24.579999923706055,24.59000015258789,1903,0.0,0.0,0.0
2024-06-04 15:50:00-04:00,24.579999923706055,24.600000381469727,24.579999923706055,24.59000015258789,3591,0.0,0.0,0.0
2024-06-04 15:55:00-04:00,24.59000015258789,24.6200008392334,24.59000015258789,24.614999771118164,9214,0.0,0.0,0.0
2024-06-05 09:30:00-04:00,24.6200008392334,24.700000762939453,24.6200008392334,24.670000076293945,7758,0.0,0.0,0.0
2024-06-05 09:35:00-04:00,24.670000076293945,24.670000076293945,24.65999984741211,24.65999984741211,900,0.0,0.0,0.0
2024-06-05 09:40:00-04:00,24.670000076293945,24.670000076293945,24.670000076293945,24.670000076293945,173,0.0,0.0,0.0
2024-06-05 09:45:00-04:00,24.65999984741211,24.670000076293945,24.65999984741211,24.670000076293945,1083,0.0,0.0,0.0
2024-06-05 09:50:00-04:00,24.65999984741211,24.65999984741211,24.65999984741211,24.65999984741211,100,0.0,0.0,0.0
2024-06-05 09:55:00-04:00,24.656999588012695,24.670000076293945,24.65399932861328,24.670000076293945,805,0.0,0.0,0.0
2024-06-05 10:00:00-04:00,24.670000076293945,24.670000076293945,24.639999389648438,24.639999389648438,1151,0.0,0.0,0.0
2024-06-05 10:05:00-04:00,24.6299991607666,24.6299991607666,24.6299991607666,24.6299991607666,1003,0.0,0.0,0.0
2024-06-05 10:10:00-04:00,24.6299991607666,24.6299991607666,24.6299991607666,24.6299991607666,100,0.0,0.0,0.0
2024-06-05 10:15:00-04:00,24.639999389648438,24.639999389648438,24.6299991607666,24.6299991607666,1000,0.0,0.0,0.0
2024-06-05 10:20:00-04:00,24.6299991607666,24.6299991607666,24.6299991607666,24.6299991607666,151,0.0,0.0,0.0
2024-06-05 10:25:00-04:00,24.649999618530273,24.649999618530273,24.639999389648438,24.649999618530273,1681,0.0,0.0,0.0
2024-06-05 10:30:00-04:00,24.674999237060547,24.674999237060547,24.65999984741211,24.65999984741211,200,0.0,0.0,0.0
2024-06-05 10:35:00-04:00,24.670000076293945,24.670000076293945,24.670000076293945,24.670000076293945,147,0.0,0.0,0.0
2024-06-05 10:40:00-04:00,24.68000030517578,24.68000030517578,24.670000076293945,24.670000076293945,1151,0.0,0.0,0.0
2024-06-05 10:45:00-04:00,24.670000076293945,24.700000762939453,24.670000076293945,24.690000534057617,1861,0.0,0.0,0.0
2024-06-05 10:50:00-04:00,24.690000534057617,24.69729995727539,24.690000534057617,24.690000534057617,5043,0.0,0.0,0.0
2024-06-05 10:55:00-04:00,24.690000534057617,24.690000534057617,24.690000534057617,24.690000534057617,230,0.0,0.0,0.0
2024-06-05 11:05:00-04:00,24.709999084472656,24.709999084472656,24.70009994506836,24.70009994506836,1597,0.0,0.0,0.0
2024-06-05 11:10:00-04:00,24.709999084472656,24.725000381469727,24.709999084472656,24.719999313354492,3850,0.0,0.0,0.0
2024-06-05 11:15:00-04:00,24.719999313354492,24.719999313354492,24.70009994506836,24.70009994506836,2545,0.0,0.0,0.0
2024-06-05 11:20:00-04:00,24.719999313354492,24.719999313354492,24.719999313354492,24.719999313354492,448,0.0,0.0,0.0
2024-06-05 11:25:00-04:00,24.729999542236328,24.729999542236328,24.729999542236328,24.729999542236328,1300,0.0,0.0,0.0
2024-06-05 11:30:00-04:00,24.721099853515625,24.721099853515625,24.721099853515625,24.721099853515625,307,0.0,0.0,0.0
2024-06-05 11:35:00-04:00,24.719999313354492,24.725000381469727,24.719999313354492,24.725000381469727,309,0.0,0.0,0.0
2024-06-05 11:40:00-04:00,24.725000381469727,24.729999542236328,24.719999313354492,24.719999313354492,1965,0.0,0.0,0.0
2024-06-05 11:45:00-04:00,24.71190071105957,24.71190071105957,24.71190071105957,24.71190071105957,821,0.0,0.0,0.0
2024-06-05 11:50:00-04:00,24.739999771118164,24.739999771118164,24.739999771118164,24.739999771118164,1400,0.0,0.0,0.0
2024-06-05 11:55:00-04:00,24.73780059814453,24.73780059814453,24.73780059814453,24.73780059814453,659,0.0,0.0,0.0
2024-06-05 12:00:00-04:00,24.75,24.75,24.75,24.75,1451,0.0,0.0,0.0
2024-06-05 12:05:00-04:00,24.735000610351562,24.75,24.735000610351562,24.75,3984,0.0,0.0,0.0
2024-06-05 12:10:00-04:00,24.75,24.770000457763672,24.75,24.75,1568,0.0,0.0,0.0
2024-06-05 12:15:00-04:00,24.760000228881836,24.760000228881836,24.75,24.760000228881836,7251,0.0,0.0,0.0
2024-06-05 12:20:00-04:00,24.760000228881836,24.760000228881836,24.760000228881836,24.760000228881836,6900,0.0,0.0,0.0
2024-06-05 12:25:00-04:00,24.760000228881836,24.760000228881836,24.7450008392334,24.7450008392334,2661,0.0,0.0,0.0
2024-06-05 12:30:00-04:00,24.739999771118164,24.760000228881836,24.739999771118164,24.760000228881836,9293,0.0,0.0,0.0
2024-06-05 12:35:00-04:00,24.75,24.75,24.75,24.75,551,0.0,0.0,0.0
2024-06-05 12:45:00-04:00,24.760000228881836,24.760000228881836,24.760000228881836,24.760000228881836,1451,0.0,0.0,0.0
2024-06-05 12:55:00-04:00,24.760000228881836,24.760000228881836,24.760000228881836,24.760000228881836,1400,0.0,0.0,0.0
2024-06-05 13:00:00-04:00,24.760000228881836,24.760000228881836,24.760000228881836,24.760000228881836,842,0.0,0.0,0.0
2024-06-05 13:05:00-04:00,24.739999771118164,24.760000228881836,24.739999771118164,24.739999771118164,9358,0.0,0.0,0.0
2024-06-05 13:15:00-04:00,24.740100860595703,24.75,24.740100860595703,24.75,2812,0.0,0.0,0.0
2024-06-05 13:20:00-04:00,24.75,24.75,24.739999771118164,24.739999771118164,8114,0.0,0.0,0.0
2024-06-05 13:25:00-04:00,24.75,24.75,24.75,24.75,1000,0.0,0.0,0.0
2024-06-05 13:30:00-04:00,24.75,24.75,24.739999771118164,24.739999771118164,1565,0.0,0.0,0.0
2024-06-05 13:40:00-04:00,24.75,24.75,24.739999771118164,24.740699768066406,1704,0.0,0.0,0.0
2024-06-05 13:45:00-04:00,24.75,24.75,24.75,24.75,348,0.0,0.0,0.0
2024-06-05 13:55:00-04:00,24.7450008392334,24.75,24.7450008392334,24.75,2492,0.0,0.0,0.0
2024-06-05 14:00:00-04:00,24.75,24.75,24.739999771118164,24.739999771118164,750,0.0,0.0,0.0
2024-06-05 14:05:00-04:00,24.7450008392334,24.75,24.729999542236328,24.739999771118164,4399,0.0,0.0,0.0
2024-06-05 14:10:00-04:00,24.75,24.75550079345703,24.739999771118164,24.739999771118164,4631,0.0,0.0,0.0
2024-06-05 14:15:00-04:00,24.739999771118164,24.739999771118164,24.739999771118164,24.739999771118164,702,0.0,0.0,0.0
2024-06-05 14:20:00-04:00,24.739999771118164,24.760000228881836,24.739999771118164,24.74250030517578,7395,0.0,0.0,0.0
2024-06-05 14:25:00-04:00,24.760000228881836,24.760000228881836,24.739999771118164,24.739999771118164,1702,0.0,0.0,0.0
2024-06-05 14:30:00-04:00,24.729999542236328,24.739999771118164,24.729999542236328,24.739999771118164,1278,0.0,0.0,0.0
2024-06-05 14:35:00-04:00,24.739999771118164,24.739999771118164,24.739999771118164,24.739999771118164,825,0.0,0.0,0.0
2024-06-05 14:40:00-04:00,24.75,24.75,24.75,24.75,1499,0.0,0.0,0.0
2024-06-05 14:50:00-04:00,24.729999542236328,24.75,24.729999542236328,24.729999542236328,5531,0.0,0.0,0.0
2024-06-05 14:55:00-04:00,24.75,24.75,24.75,24.75,1585,0.0,0.0,0.0
2024-06-05 15:00:00-04:00,24.75,24.75,24.75,24.75,1400,0.0,0.0,0.0
2024-06-05 15:05:00-04:00,24.72010040283203,24.72010040283203,24.72010040283203,24.72010040283203,358,0.0,0.0,0.0
2024-06-05 15:10:00-04:00,24.723499298095703,24.760000228881836,24.723499298095703,24.760000228881836,7814,0.0,0.0,0.0
2024-06-05 15:15:00-04:00,24.75979995727539,24.75979995727539,24.739999771118164,24.739999771118164,9301,0.0,0.0,0.0
2024-06-05 15:20:00-04:00,24.739999771118164,24.74970054626465,24.739999771118164,24.74970054626465,5545,0.0,0.0,0.0
2024-06-05 15:25:00-04:00,24.75,24.760000228881836,24.729999542236328,24.73550033569336,10424,0.0,0.0,0.0
2024-06-05 15:30:00-04:00,24.75,24.779800415039062,24.75,24.770000457763672,8080,0.0,0.0,0.0
2024-06-05 15:35:00-04:00,24.752500534057617,24.752500534057617,24.752500534057617,24.752500534057617,403,0.0,0.0,0.0
2024-06-05 15:40:00-04:00,24.7549991607666,24.770000457763672,24.7549991607666,24.764999389648438,10171,0.0,0.0,0.0
2024-06-05 15:45:00-04:00,24.76889991760254,24.76889991760254,24.76889991760254,24.76889991760254,3323,0.0,0.0,0.0
2024-06-05 15:55:00-04:00,24.75,24.780000686645508,24.7450008392334,24.780000686645508,16739,0.0,0.0,0.0
2024-06-06 09:30:00-04:00,24.770000457763672,24.770000457763672,24.770000457763672,24.770000457763672,2688,0.0,0.0,0.0
2024-06-06 09:35:00-04:00,24.780000686645508,24.780000686645508,24.780000686645508,24.780000686645508,2543,0.0,0.0,0.0
2024-06-06 09:40:00-04:00,24.789899826049805,24.789899826049805,24.789899826049805,24.789899826049805,846,0.0,0.0,0.0
2024-06-06 09:50:00-04:00,24.764999389648438,24.764999389648438,24.764999389648438,24.764999389648438,201,0.0,0.0,0.0
2024-06-06 10:00:00-04:00,24.770000457763672,24.770000457763672,24.770000457763672,24.770000457763672,547,0.0,0.0,0.0
2024-06-06 10:05:00-04:00,24.780000686645508,24.780000686645508,24.774999618530273,24.774999618530273,1639,0.0,0.0,0.0
2024-06-06 10:25:00-04:00,24.770000457763672,24.770000457763672,24.770000457763672,24.770000457763672,467,0.0,0.0,0.0
2024-06-06 10:30:00-04:00,24.770000457763672,24.790000915527344,24.760000228881836,24.790000915527344,6626,0.0,0.0,0.0
2024-06-06 10:35:00-04:00,24.78499984741211,24.78499984741211,24.780000686645508,24.782499313354492,1141,0.0,0.0,0.0
2024-06-06 11:00:00-04:00,24.779499053955078,24.779499053955078,24.779499053955078,24.779499053955078,221,0.0,0.0,0.0
2024-06-06 11:10:00-04:00,24.790000915527344,24.790000915527344,24.790000915527344,24.790000915527344,100,0.0,0.0,0.0
2024-06-06 11:30:00-04:00,24.790000915527344,24.790000915527344,24.790000915527344,24.790000915527344,700,0.0,0.0,0.0
2024-06-06 11:35:00-04:00,24.790000915527344,24.790000915527344,24.790000915527344,24.790000915527344,382,0.0,0.0,0.0
2024-06-06 11:45:00-04:00,24.79319953918457,24.79319953918457,24.79319953918457,24.79319953918457,251,0.0,0.0,0.0
2024-06-06 12:00:00-04:00,24.780000686645508,24.780000686645508,24.780000686645508,24.780000686645508,558,0.0,0.0,0.0
2024-06-06 12:40:00-04:00,24.789899826049805,24.789899826049805,24.770000457763672,24.770000457763672,2165,0.0,0.0,0.0
2024-06-06 12:55:00-04:00,24.780000686645508,24.780000686645508,24.780000686645508,24.780000686645508,397,0.0,0.0,0.0
2024-06-06 13:15:00-04:00,24.780000686645508,24.780000686645508,24.780000686645508,24.780000686645508,120,0.0,0.0,0.0
2024-06-06 13:20:00-04:00,24.780000686645508,24.780000686645508,24.780000686645508,24.780000686645508,302,0.0,0.0,0.0
2024-06-06 13:30:00-04:00,24.780000686645508,24.780000686645508,24.780000686645508,24.780000686645508,228,0.0,0.0,0.0
2024-06-06 13:45:00-04:00,24.799999237060547,24.809900283813477,24.795000076293945,24.795000076293945,1077,0.0,0.0,0.0
2024-06-06 14:00:00-04:00,24.799999237060547,24.80470085144043,24.799999237060547,24.799999237060547,1206,0.0,0.0,0.0
2024-06-06 14:05:00-04:00,24.783899307250977,24.783899307250977,24.783899307250977,24.783899307250977,425,0.0,0.0,0.0
2024-06-06 14:20:00-04:00,24.799999237060547,24.81999969482422,24.799999237060547,24.81999969482422,3968,0.0,0.0,0.0
2024-06-06 14:25:00-04:00,24.809999465942383,24.81999969482422,24.809999465942383,24.81999969482422,2696,0.0,0.0,0.0
2024-06-06 14:30:00-04:00,24.81999969482422,24.81999969482422,24.81999969482422,24.81999969482422,2549,0.0,0.0,0.0
2024-06-06 14:35:00-04:00,24.84000015258789,24.84000015258789,24.829999923706055,24.829999923706055,2934,0.0,0.0,0.0
2024-06-06 14:40:00-04:00,24.850000381469727,24.850000381469727,24.84000015258789,24.850000381469727,2805,0.0,0.0,0.0
2024-06-06 14:45:00-04:00,24.84000015258789,24.849899291992188,24.829999923706055,24.83060073852539,8292,0.0,0.0,0.0
2024-06-06 14:50:00-04:00,24.84000015258789,24.850000381469727,24.84000015258789,24.850000381469727,3988,0.0,0.0,0.0
2024-06-06 14:55:00-04:00,24.84000015258789,24.860000610351562,24.84000015258789,24.860000610351562,30719,0.0,0.0,0.0
2024-06-06 15:00:00-04:00,24.829999923706055,24.860000610351562,24.829999923706055,24.84000015258789,2635,0.0,0.0,0.0
2024-06-06 15:05:00-04:00,24.850000381469727,24.850000381469727,24.83329963684082,24.84000015258789,6954,0.0,0.0,0.0
2024-06-06 15:10:00-04:00,24.850000381469727,24.850000381469727,24.850000381469727,24.850000381469727,3766,0.0,0.0,0.0
2024-06-06 15:15:00-04:00,24.859899520874023,24.889999389648438,24.829999923706055,24.860000610351562,9627,0.0,0.0,0.0
2024-06-06 15:20:00-04:00,24.860000610351562,24.860000610351562,24.860000610351562,24.860000610351562,3779,0.0,0.0,0.0
2024-06-06 15:25:00-04:00,24.8700008392334,24.8700008392334,24.86210060119629,24.8700008392334,2501,0.0,0.0,0.0
2024-06-06 15:30:00-04:00,24.8700008392334,24.8799991607666,24.8700008392334,24.8799991607666,6046,0.0,0.0,0.0
2024-06-06 15:35:00-04:00,24.8799991607666,24.90999984741211,24.8799991607666,24.889999389648438,4066,0.0,0.0,0.0
2024-06-06 15:40:00-04:00,24.889999389648438,24.889999389648438,24.840099334716797,24.8700008392334,7374,0.0,0.0,0.0
2024-06-06 15:45:00-04:00,24.889999389648438,24.889999389648438,24.889999389648438,24.889999389648438,7597,0.0,0.0,0.0
2024-06-06 15:50:00-04:00,24.889999389648438,24.889999389648438,24.8700008392334,24.8700008392334,14685,0.0,0.0,0.0
2024-06-06 15:55:00-04:00,24.889999389648438,24.920000076293945,24.860000610351562,24.889999389648438,37939,0.0,0.0,0.0
2024-06-07 09:30:00-04:00,24.729999542236328,24.729999542236328,24.6299991607666,24.6299991607666,2595,0.0,0.0,0.0
2024-06-07 09:35:00-04:00,24.65999984741211,24.65999984741211,24.65999984741211,24.65999984741211,210,0.0,0.0,0.0
2024-06-07 09:40:00-04:00,24.670000076293945,24.7450008392334,24.670000076293945,24.670000076293945,1000,0.0,0.0,0.0
2024-06-07 09:55:00-04:00,24.684999465942383,24.690000534057617,24.684999465942383,24.690000534057617,200,0.0,0.0,0.0
2024-06-07 10:00:00-04:00,24.68000030517578,24.68000030517578,24.68000030517578,24.68000030517578,897,0.0,0.0,0.0
2024-06-07 10:20:00-04:00,24.70989990234375,24.70989990234375,24.70989990234375,24.70989990234375,216,0.0,0.0,0.0
2024-06-07 10:40:00-04:00,24.700000762939453,24.700000762939453,24.684999465942383,24.684999465942383,747,0.0,0.0,0.0
2024-06-07 11:05:00-04:00,24.67300033569336,24.67300033569336,24.67300033569336,24.67300033569336,562,0.0,0.0,0.0
2024-06-07 11:10:00-04:00,24.670000076293945,24.670000076293945,24.670000076293945,24.670000076293945,100,0.0,0.0,0.0
2024-06-07 11:15:00-04:00,24.68000030517578,24.68000030517578,24.68000030517578,24.68000030517578,275,0.0,0.0,0.0
2024-06-07 11:40:00-04:00,24.670000076293945,24.670000076293945,24.670000076293945,24.670000076293945,355,0.0,0.0,0.0
2024-06-07 11:50:00-04:00,24.663999557495117,24.663999557495117,24.663999557495117,24.663999557495117,236,0.0,0.0,0.0
2024-06-07 12:05:00-04:00,24.65999984741211,24.665000915527344,24.65999984741211,24.665000915527344,3427,0.0,0.0,0.0
2024-06-07 12:10:00-04:00,24.665000915527344,24.670000076293945,24.665000915527344,24.665000915527344,1630,0.0,0.0,0.0
2024-06-07 12:15:00-04:00,24.670000076293945,24.670000076293945,24.65999984741211,24.65999984741211,43450,0.0,0.0,0.0
2024-06-07 12:20:00-04:00,24.649999618530273,24.665000915527344,24.649999618530273,24.65999984741211,15920,0.0,0.0,0.0
2024-06-07 12:25:00-04:00,24.669700622558594,24.669700622558594,24.65999984741211,24.65999984741211,5734,0.0,0.0,0.0
2024-06-07 12:30:00-04:00,24.65999984741211,24.65999984741211,24.65999984741211,24.65999984741211,1100,0.0,0.0,0.0
2024-06-07 12:35:00-04:00,24.65999984741211,24.65999984741211,24.65999984741211,24.65999984741211,633,0.0,0.0,0.0
2024-06-07 13:00:00-04:00,24.669700622558594,24.670000076293945,24.669700622558594,24.66990089416504,1580,0.0,0.0,0.0
2024-06-07 13:10:00-04:00,24.670000076293945,24.670000076293945,24.670000076293945,24.670000076293945,508,0.0,0.0,0.0
2024-06-07 13:15:00-04:00,24.670000076293945,24.670000076293945,24.6697998046875,24.6697998046875,491,0.0,0.0,0.0
2024-06-07 13:25:00-04:00,24.662799835205078,24.662799835205078,24.662799835205078,24.662799835205078,102,0.0,0.0,0.0
2024-06-07 13:30:00-04:00,24.65999984741211,24.65999984741211,24.65999984741211,24.65999984741211,2624,0.0,0.0,0.0
2024-06-07 13:35:00-04:00,24.667999267578125,24.667999267578125,24.65999984741211,24.65999984741211,1126,0.0,0.0,0.0
2024-06-07 13:40:00-04:00,24.670000076293945,24.670000076293945,24.65999984741211,24.65999984741211,208,0.0,0.0,0.0
2024-06-07 13:45:00-04:00,24.65999984741211,24.65999984741211,24.65999984741211,24.65999984741211,231,0.0,0.0,0.0
2024-06-07 13:50:00-04:00,24.666900634765625,24.666900634765625,24.666900634765625,24.666900634765625,210,0.0,0.0,0.0
2024-06-07 13:55:00-04:00,24.6825008392334,24.690000534057617,24.68000030517578,24.690000534057617,18124,0.0,0.0,0.0
2024-06-07 14:20:00-04:00,24.680500030517578,24.680500030517578,24.680500030517578,24.680500030517578,312,0.0,0.0,0.0
2024-06-07 14:35:00-04:00,24.684999465942383,24.684999465942383,24.684999465942383,24.684999465942383,116,0.0,0.0,0.0
2024-06-07 14:40:00-04:00,24.68000030517578,24.690000534057617,24.68000030517578,24.690000534057617,2193,0.0,0.0,0.0
2024-06-07 14:45:00-04:00,24.689300537109375,24.689899444580078,24.689300537109375,24.689899444580078,4177,0.0,0.0,0.0
2024-06-07 14:50:00-04:00,24.670000076293945,24.670000076293945,24.65999984741211,24.65999984741211,500,0.0,0.0,0.0
2024-06-07 14:55:00-04:00,24.65999984741211,24.65999984741211,24.639999389648438,24.639999389648438,415,0.0,0.0,0.0
2024-06-07 15:00:00-04:00,24.639999389648438,24.639999389648438,24.639999389648438,24.639999389648438,101,0.0,0.0,0.0
2024-06-07 15:05:00-04:00,24.655000686645508,24.659799575805664,24.655000686645508,24.659799575805664,8266,0.0,0.0,0.0
2024-06-07 15:20:00-04:00,24.655000686645508,24.655000686645508,24.655000686645508,24.655000686645508,310,0.0,0.0,0.0
2024-06-07 15:25:00-04:00,24.659900665283203,24.689899444580078,24.659900665283203,24.670000076293945,6857,0.0,0.0,0.0
2024-06-07 15:50:00-04:00,24.659900665283203,24.65999984741211,24.649200439453125,24.65999984741211,6327,0.0,0.0,0.0
2024-06-07 15:55:00-04:00,24.650999069213867,24.65999984741211,24.650999069213867,24.65999984741211,1151,0.0,0.0,0.0
2024-06-10 09:30:00-04:00,24.84000015258789,24.84000015258789,24.84000015258789,24.84000015258789,0,0.0,0.0,0.0
2024-06-10 09:45:00-04:00,24.639999389648438,24.639999389648438,24.639999389648438,24.639999389648438,284,0.0,0.0,0.0
2024-06-10 10:45:00-04:00,24.649999618530273,24.649999618530273,24.649900436401367,24.649900436401367,223,0.0,0.0,0.0
2024-06-10 11:05:00-04:00,24.65999984741211,24.65999984741211,24.659900665283203,24.659900665283203,1520,0.0,0.0,0.0
2024-06-10 11:15:00-04:00,24.649999618530273,24.649999618530273,24.649999618530273,24.649999618530273,230,0.0,0.0,0.0
2024-06-10 11:35:00-04:00,24.65999984741211,24.65999984741211,24.65999984741211,24.65999984741211,340,0.0,0.0,0.0
2024-06-10 11:40:00-04:00,24.656099319458008,24.656099319458008,24.656099319458008,24.656099319458008,1134,0.0,0.0,0.0
2024-06-10 11:45:00-04:00,24.66990089416504,24.66990089416504,24.66990089416504,24.66990089416504,391,0.0,0.0,0.0
2024-06-10 11:50:00-04:00,24.670000076293945,24.670000076293945,24.66990089416504,24.670000076293945,4999,0.0,0.0,0.0
2024-06-10 11:55:00-04:00,24.65999984741211,24.65999984741211,24.65999984741211,24.65999984741211,192,0.0,0.0,0.0
2024-06-10 12:15:00-04:00,24.670000076293945,24.670000076293945,24.670000076293945,24.670000076293945,329,0.0,0.0,0.0
2024-06-10 12:20:00-04:00,24.65999984741211,24.65999984741211,24.65999984741211,24.65999984741211,137,0.0,0.0,0.0
2024-06-10 12:25:00-04:00,24.670000076293945,24.670000076293945,24.665000915527344,24.665000915527344,1282,0.0,0.0,0.0
2024-06-10 12:30:00-04:00,24.665000915527344,24.665000915527344,24.639999389648438,24.639999389648438,4093,0.0,0.0,0.0
2024-06-10 13:00:00-04:00,24.6299991607666,24.638700485229492,24.6299991607666,24.638700485229492,317,0.0,0.0,0.0
2024-06-10 13:05:00-04:00,24.6200008392334,24.6200008392334,24.6200008392334,24.6200008392334,435,0.0,0.0,0.0
2024-06-10 13:10:00-04:00,24.6200008392334,24.6299991607666,24.6200008392334,24.629899978637695,1321,0.0,0.0,0.0
2024-06-10 13:30:00-04:00,24.62299919128418,24.62299919128418,24.62299919128418,24.62299919128418,980,0.0,0.0,0.0
2024-06-10 13:45:00-04:00,24.625,24.625,24.625,24.625,554,0.0,0.0,0.0
2024-06-10 13:50:00-04:00,24.629899978637695,24.629899978637695,24.629899978637695,24.629899978637695,706,0.0,0.0,0.0
2024-06-10 13:55:00-04:00,24.649999618530273,24.649999618530273,24.62700080871582,24.62700080871582,4342,0.0,0.0,0.0
2024-06-10 14:25:00-04:00,24.635000228881836,24.639999389648438,24.635000228881836,24.63990020751953,353,0.0,0.0,0.0
2024-06-10 14:40:00-04:00,24.639999389648438,24.639999389648438,24.639999389648438,24.639999389648438,113,0.0,0.0,0.0
2024-06-10 14:45:00-04:00,24.649900436401367,24.649900436401367,24.649900436401367,24.649900436401367,1450,0.0,0.0,0.0
2024-06-10 14:50:00-04:00,24.639999389648438,24.639999389648438,24.639999389648438,24.639999389648438,100,0.0,0.0,0.0
2024-06-10 14:55:00-04:00,24.635000228881836,24.639999389648438,24.635000228881836,24.639999389648438,492,0.0,0.0,0.0
2024-06-10 15:00:00-04:00,24.640499114990234,24.640499114990234,24.640499114990234,24.640499114990234,717,0.0,0.0,0.0
2024-06-10 15:05:00-04:00,24.646299362182617,24.646299362182617,24.643400192260742,24.643400192260742,1033,0.0,0.0,0.0
2024-06-10 15:10:00-04:00,24.645099639892578,24.645099639892578,24.639999389648438,24.643999099731445,2109,0.0,0.0,0.0
2024-06-10 15:25:00-04:00,24.645000457763672,24.649999618530273,24.639999389648438,24.649999618530273,3677,0.0,0.0,0.0
2024-06-10 15:30:00-04:00,24.648099899291992,24.648099899291992,24.645000457763672,24.645000457763672,827,0.0,0.0,0.0
2024-06-10 15:35:00-04:00,24.645000457763672,24.649900436401367,24.645000457763672,24.645000457763672,2421,0.0,0.0,0.0
2024-06-10 15:40:00-04:00,24.645000457763672,24.649999618530273,24.645000457763672,24.645000457763672,801,0.0,0.0,0.0
2024-06-10 15:45:00-04:00,24.639999389648438,24.639999389648438,24.639999389648438,24.639999389648438,101,0.0,0.0,0.0
2024-06-10 15:50:00-04:00,24.645000457763672,24.645000457763672,24.639999389648438,24.639999389648438,1487,0.0,0.0,0.0
2024-06-10 15:55:00-04:00,24.6299991607666,24.6299991607666,24.6299991607666,24.6299991607666,639,0.0,0.0,0.0
2024-06-11 09:30:00-04:00,24.649999618530273,24.649999618530273,24.649999618530273,24.649999618530273,0,0.0,0.0,0.0
2024-06-11 09:40:00-04:00,24.670000076293945,24.690000534057617,24.670000076293945,24.67099952697754,5214,0.0,0.0,0.0
2024-06-11 09:55:00-04:00,24.689800262451172,24.689800262451172,24.689800262451172,24.689800262451172,0,0.0,0.0,0.0
2024-06-11 10:00:00-04:00,24.68000030517578,24.68000030517578,24.68000030517578,24.68000030517578,7098,0.0,0.0,0.0
2024-06-11 10:05:00-04:00,24.670000076293945,24.670000076293945,24.670000076293945,24.670000076293945,400,0.0,0.0,0.0
2024-06-11 10:10:00-04:00,24.670000076293945,24.670000076293945,24.649999618530273,24.65999984741211,9053,0.0,0.0,0.0
2024-06-11 10:30:00-04:00,24.63050079345703,24.63050079345703,24.63050079345703,24.63050079345703,390,0.0,0.0,0.0
2024-06-11 10:50:00-04:00,24.655000686645508,24.655000686645508,24.655000686645508,24.655000686645508,444,0.0,0.0,0.0
2024-06-11 11:20:00-04:00,24.662099838256836,24.662099838256836,24.662099838256836,24.662099838256836,2032,0.0,0.0,0.0
2024-06-11 11:30:00-04:00,24.65999984741211,24.65999984741211,24.65999984741211,24.65999984741211,464,0.0,0.0,0.0
2024-06-11 11:40:00-04:00,24.649999618530273,24.649999618530273,24.649999618530273,24.649999618530273,304,0.0,0.0,0.0
2024-06-11 11:45:00-04:00,24.649999618530273,24.658000946044922,24.649999618530273,24.658000946044922,395,0.0,0.0,0.0
2024-06-11 11:50:00-04:00,24.63990020751953,24.63990020751953,24.63990020751953,24.63990020751953,2048,0.0,0.0,0.0
2024-06-11 12:00:00-04:00,24.63629913330078,24.63629913330078,24.63629913330078,24.63629913330078,536,0.0,0.0,0.0
2024-06-11 12:05:00-04:00,24.638700485229492,24.639999389648438,24.6299991607666,24.63520050048828,5288,0.0,0.0,0.0
2024-06-11 12:15:00-04:00,24.631000518798828,24.635099411010742,24.631000518798828,24.635099411010742,1026,0.0,0.0,0.0
2024-06-11 12:20:00-04:00,24.6299991607666,24.6299991607666,24.6200008392334,24.625,863,0.0,0.0,0.0
2024-06-11 12:25:00-04:00,24.625,24.625,24.625,24.625,200,0.0,0.0,0.0
2024-06-11 12:35:00-04:00,24.625,24.6299991607666,24.620100021362305,24.620100021362305,1123,0.0,0.0,0.0
2024-06-11 12:40:00-04:00,24.625,24.62809944152832,24.625,24.62809944152832,376,0.0,0.0,0.0
2024-06-11 12:50:00-04:00,24.629899978637695,24.629899978637695,24.629899978637695,24.629899978637695,255,0.0,0.0,0.0
2024-06-11 13:00:00-04:00,24.625,24.639999389648438,24.625,24.639999389648438,391,0.0,0.0,0.0
2024-06-11 13:15:00-04:00,24.649999618530273,24.649999618530273,24.649999618530273,24.649999618530273,143,0.0,0.0,0.0
2024-06-11 13:40:00-04:00,24.670000076293945,24.670000076293945,24.66990089416504,24.66990089416504,347,0.0,0.0,0.0
2024-06-11 13:45:00-04:00,24.65999984741211,24.65999984741211,24.65999984741211,24.65999984741211,200,0.0,0.0,0.0
2024-06-11 13:55:00-04:00,24.649999618530273,24.649999618530273,24.649999618530273,24.649999618530273,124,0.0,0.0,0.0
2024-06-11 14:10:00-04:00,24.657499313354492,24.665000915527344,24.649999618530273,24.665000915527344,9967,0.0,0.0,0.0
2024-06-11 14:30:00-04:00,24.669200897216797,24.669200897216797,24.669200897216797,24.669200897216797,429,0.0,0.0,0.0
2024-06-11 14:45:00-04:00,24.665000915527344,24.665000915527344,24.665000915527344,24.665000915527344,304,0.0,0.0,0.0
2024-06-11 14:55:00-04:00,24.66010093688965,24.66010093688965,24.66010093688965,24.66010093688965,263,0.0,0.0,0.0
2024-06-11 15:00:00-04:00,24.661500930786133,24.661500930786133,24.661500930786133,24.661500930786133,1014,0.0,0.0,0.0
2024-06-11 15:15:00-04:00,24.670000076293945,24.670000076293945,24.670000076293945,24.670000076293945,187,0.0,0.0,0.0
2024-06-11 15:20:00-04:00,24.670000076293945,24.679500579833984,24.670000076293945,24.679500579833984,4058,0.0,0.0,0.0
2024-06-11 15:25:00-04:00,24.674999237060547,24.674999237060547,24.670000076293945,24.674699783325195,1441,0.0,0.0,0.0
2024-06-11 15:50:00-04:00,24.670000076293945,24.670000076293945,24.670000076293945,24.670000076293945,300,0.0,0.0,0.0
2024-06-11 15:55:00-04:00,24.68000030517578,24.68000030517578,24.68000030517578,24.68000030517578,829,0.0,0.0,0.0
2024-06-12 09:30:00-04:00,24.719999313354492,24.739999771118164,24.719999313354492,24.739999771118164,0,0.0,0.0,0.0
2024-06-12 09:35:00-04:00,24.75,24.770000457763672,24.75,24.76020050048828,5415,0.0,0.0,0.0
2024-06-12 09:40:00-04:00,24.739999771118164,24.764999389648438,24.739999771118164,24.76020050048828,547,0.0,0.0,0.0
2024-06-12 09:45:00-04:00,24.760000228881836,24.764999389648438,24.750499725341797,24.750499725341797,606,0.0,0.0,0.0
2024-06-12 09:50:00-04:00,24.75,24.760000228881836,24.75,24.760000228881836,4650,0.0,0.0,0.0
2024-06-12 09:55:00-04:00,24.770000457763672,24.770000457763672,24.770000457763672,24.770000457763672,100,0.0,0.0,0.0
2024-06-12 10:05:00-04:00,24.760000228881836,24.760000228881836,24.760000228881836,24.760000228881836,100,0.0,0.0,0.0
2024-06-12 10:15:00-04:00,24.780000686645508,24.780000686645508,24.770000457763672,24.780000686645508,300,0.0,0.0,0.0
2024-06-12 10:20:00-04:00,24.780000686645508,24.780000686645508,24.780000686645508,24.780000686645508,200,0.0,0.0,0.0
2024-06-12 10:25:00-04:00,24.790000915527344,24.790000915527344,24.780000686645508,24.780000686645508,0,0.0,0.0,0.0
2024-06-12 10:35:00-04:00,24.790000915527344,24.790000915527344,24.790000915527344,24.790000915527344,42112,0.0,0.0,0.0
2024-06-12 10:50:00-04:00,24.790000915527344,24.790000915527344,24.790000915527344,24.790000915527344,100,0.0,0.0,0.0
2024-06-12 10:55:00-04:00,24.790000915527344,24.790000915527344,24.790000915527344,24.790000915527344,1611,0.0,0.0,0.0
2024-06-12 11:00:00-04:00,24.780000686645508,24.780000686645508,24.780000686645508,24.780000686645508,156,0.0,0.0,0.0
2024-06-12 11:10:00-04:00,24.780000686645508,24.780000686645508,24.780000686645508,24.780000686645508,128,0.0,0.0,0.0
2024-06-12 11:15:00-04:00,24.79829978942871,24.79829978942871,24.79829978942871,24.79829978942871,207,0.0,0.0,0.0
2024-06-12 11:25:00-04:00,24.786800384521484,24.799999237060547,24.780000686645508,24.79599952697754,1194,0.0,0.0,0.0
2024-06-12 11:35:00-04:00,24.780000686645508,24.780000686645508,24.780000686645508,24.780000686645508,219,0.0,0.0,0.0
2024-06-12 11:40:00-04:00,24.79599952697754,24.79599952697754,24.78070068359375,24.78070068359375,478,0.0,0.0,0.0
2024-06-12 11:50:00-04:00,24.780000686645508,24.780000686645508,24.780000686645508,24.780000686645508,344,0.0,0.0,0.0
2024-06-12 12:05:00-04:00,24.770000457763672,24.770000457763672,24.770000457763672,24.770000457763672,103,0.0,0.0,0.0
2024-06-12 12:15:00-04:00,24.780000686645508,24.790000915527344,24.780000686645508,24.790000915527344,663,0.0,0.0,0.0
2024-06-12 12:30:00-04:00,24.79490089416504,24.799999237060547,24.79490089416504,24.799999237060547,2253,0.0,0.0,0.0
2024-06-12 12:35:00-04:00,24.799999237060547,24.799999237060547,24.795000076293945,24.79509925842285,479,0.0,0.0,0.0
2024-06-12 12:40:00-04:00,24.799999237060547,24.799999237060547,24.795000076293945,24.795000076293945,256,0.0,0.0,0.0
2024-06-12 12:50:00-04:00,24.79509925842285,24.799999237060547,24.790000915527344,24.790000915527344,785,0.0,0.0,0.0
2024-06-12 12:55:00-04:00,24.79990005493164,24.79990005493164,24.79990005493164,24.79990005493164,1568,0.0,0.0,0.0
2024-06-12 13:00:00-04:00,24.799999237060547,24.799999237060547,24.799999237060547,24.799999237060547,468,0.0,0.0,0.0
2024-06-12 13:05:00-04:00,24.80500030517578,24.80500030517578,24.80500030517578,24.80500030517578,420,0.0,0.0,0.0
2024-06-12 13:10:00-04:00,24.80500030517578,24.80500030517578,24.80500030517578,24.80500030517578,1008,0.0,0.0,0.0
2024-06-12 13:20:00-04:00,24.809999465942383,24.809999465942383,24.809999465942383,24.809999465942383,900,0.0,0.0,0.0
2024-06-12 13:30:00-04:00,24.81999969482422,24.81999969482422,24.81999969482422,24.81999969482422,101,0.0,0.0,0.0
2024-06-12 13:40:00-04:00,24.809999465942383,24.815000534057617,24.780000686645508,24.81209945678711,8464,0.0,0.0,0.0
2024-06-12 13:45:00-04:00,24.810100555419922,24.810100555419922,24.810100555419922,24.810100555419922,1704,0.0,0.0,0.0
2024-06-12 13:55:00-04:00,24.809999465942383,24.829999923706055,24.790000915527344,24.790000915527344,2288,0.0,0.0,0.0
2024-06-12 14:05:00-04:00,24.770000457763672,24.770000457763672,24.770000457763672,24.770000457763672,393,0.0,0.0,0.0
2024-06-12 14:10:00-04:00,24.780000686645508,24.79509925842285,24.780000686645508,24.79050064086914,13738,0.0,0.0,0.0
2024-06-12 14:15:00-04:00,24.790000915527344,24.790000915527344,24.790000915527344,24.790000915527344,201,0.0,0.0,0.0
2024-06-12 14:25:00-04:00,24.790000915527344,24.790000915527344,24.790000915527344,24.790000915527344,100,0.0,0.0,0.0
2024-06-12 14:30:00-04:00,24.799999237060547,24.809999465942383,24.799999237060547,24.809999465942383,1057,0.0,0.0,0.0
2024-06-12 14:35:00-04:00,24.799999237060547,24.799999237060547,24.799999237060547,24.799999237060547,160,0.0,0.0,0.0
2024-06-12 14:40:00-04:00,24.80500030517578,24.8075008392334,24.780000686645508,24.780000686645508,8355,0.0,0.0,0.0
2024-06-12 14:45:00-04:00,24.780000686645508,24.780000686645508,24.780000686645508,24.780000686645508,100,0.0,0.0,0.0
2024-06-12 14:50:00-04:00,24.780000686645508,24.780000686645508,24.780000686645508,24.780000686645508,298,0.0,0.0,0.0
2024-06-12 15:00:00-04:00,24.770000457763672,24.799999237060547,24.770000457763672,24.799999237060547,2136,0.0,0.0,0.0
2024-06-12 15:10:00-04:00,24.780000686645508,24.780099868774414,24.780000686645508,24.780099868774414,1025,0.0,0.0,0.0
2024-06-12 15:15:00-04:00,24.78499984741211,24.78499984741211,24.780000686645508,24.780000686645508,650,0.0,0.0,0.0
2024-06-12 15:20:00-04:00,24.780000686645508,24.78499984741211,24.780000686645508,24.78499984741211,225,0.0,0.0,0.0
2024-06-12 15:30:00-04:00,24.78499984741211,24.78499984741211,24.78499984741211,24.78499984741211,1374,0.0,0.0,0.0
2024-06-12 15:35:00-04:00,24.78499984741211,24.78499984741211,24.78499984741211,24.78499984741211,802,0.0,0.0,0.0
2024-06-12 15:40:00-04:00,24.790000915527344,24.790000915527344,24.790000915527344,24.790000915527344,100,0.0,0.0,0.0
2024-06-12 15:45:00-04:00,24.780000686645508,24.790000915527344,24.780000686645508,24.78499984741211,300,0.0,0.0,0.0
2024-06-12 15:50:00-04:00,24.78969955444336,24.790000915527344,24.78499984741211,24.790000915527344,796,0.0,0.0,0.0
2024-06-12 15:55:00-04:00,24.795000076293945,24.799999237060547,24.795000076293945,24.795000076293945,553,0.0,0.0,0.0
2024-06-13 09:30:00-04:00,24.829999923706055,24.829999923706055,24.829999923706055,24.829999923706055,0,0.0,0.0,0.0
2024-06-13 09:35:00-04:00,24.859699249267578,24.8700008392334,24.859699249267578,24.8700008392334,11152,0.0,0.0,0.0
2024-06-13 09:40:00-04:00,24.860000610351562,24.860000610351562,24.860000610351562,24.860000610351562,583,0.0,0.0,0.0
2024-06-13 10:00:00-04:00,24.860000610351562,24.860000610351562,24.860000610351562,24.860000610351562,1216,0.0,0.0,0.0
2024-06-13 10:05:00-04:00,24.864999771118164,24.864999771118164,24.864999771118164,24.864999771118164,200,0.0,0.0,0.0
2024-06-13 10:10:00-04:00,24.864999771118164,24.864999771118164,24.864999771118164,24.864999771118164,307,0.0,0.0,0.0
2024-06-13 10:25:00-04:00,24.860000610351562,24.860000610351562,24.860000610351562,24.860000610351562,188,0.0,0.0,0.0
2024-06-13 10:30:00-04:00,24.854999542236328,24.854999542236328,24.850000381469727,24.850099563598633,838,0.0,0.0,0.0
2024-06-13 11:00:00-04:00,24.854999542236328,24.854999542236328,24.854999542236328,24.854999542236328,292,0.0,0.0,0.0
2024-06-13 11:25:00-04:00,24.859500885009766,24.859500885009766,24.859500885009766,24.859500885009766,144,0.0,0.0,0.0
2024-06-13 11:35:00-04:00,24.860000610351562,24.860000610351562,24.850000381469727,24.850000381469727,554,0.0,0.0,0.0
2024-06-13 11:50:00-04:00,24.860000610351562,24.860000610351562,24.860000610351562,24.860000610351562,1030,0.0,0.0,0.0
2024-06-13 11:55:00-04:00,24.868900299072266,24.868900299072266,24.868900299072266,24.868900299072266,100,0.0,0.0,0.0
2024-06-13 12:05:00-04:00,24.864999771118164,24.8700008392334,24.864999771118164,24.864999771118164,2949,0.0,0.0,0.0
2024-06-13 12:10:00-04:00,24.860300064086914,24.8700008392334,24.860300064086914,24.8700008392334,2592,0.0,0.0,0.0
2024-06-13 12:15:00-04:00,24.860000610351562,24.8700008392334,24.860000610351562,24.8700008392334,824,0.0,0.0,0.0
2024-06-13 12:30:00-04:00,24.866100311279297,24.86750030517578,24.860000610351562,24.86750030517578,4639,0.0,0.0,0.0
2024-06-13 12:35:00-04:00,24.855300903320312,24.856300354003906,24.855300903320312,24.856300354003906,1153,0.0,0.0,0.0
2024-06-13 12:55:00-04:00,24.85890007019043,24.85890007019043,24.85890007019043,24.85890007019043,567,0.0,0.0,0.0
2024-06-13 13:00:00-04:00,24.860000610351562,24.875,24.860000610351562,24.875,1171,0.0,0.0,0.0
2024-06-13 13:05:00-04:00,24.889999389648438,24.889999389648438,24.8799991607666,24.8799991607666,200,0.0,0.0,0.0
2024-06-13 13:20:00-04:00,24.895000457763672,24.895000457763672,24.895000457763672,24.895000457763672,400,0.0,0.0,0.0
2024-06-13 13:25:00-04:00,24.895000457763672,24.895000457763672,24.895000457763672,24.895000457763672,1748,0.0,0.0,0.0
2024-06-13 13:35:00-04:00,24.895000457763672,24.895000457763672,24.895000457763672,24.895000457763672,141,0.0,0.0,0.0
2024-06-13 13:45:00-04:00,24.899999618530273,24.899999618530273,24.895000457763672,24.895000457763672,16891,0.0,0.0,0.0
2024-06-13 13:50:00-04:00,24.89430046081543,24.899999618530273,24.889999389648438,24.899999618530273,1267,0.0,0.0,0.0
2024-06-13 13:55:00-04:00,24.8927001953125,24.895000457763672,24.889999389648438,24.889999389648438,3511,0.0,0.0,0.0
2024-06-13 14:00:00-04:00,24.885000228881836,24.889999389648438,24.8799991607666,24.885000228881836,5619,0.0,0.0,0.0
2024-06-13 14:05:00-04:00,24.88990020751953,24.88990020751953,24.88990020751953,24.88990020751953,5926,0.0,0.0,0.0
2024-06-13 14:20:00-04:00,24.8799991607666,24.889999389648438,24.8799991607666,24.889999389648438,282,0.0,0.0,0.0
2024-06-13 14:25:00-04:00,24.885000228881836,24.885000228881836,24.885000228881836,24.885000228881836,250,0.0,0.0,0.0
2024-06-13 14:30:00-04:00,24.885000228881836,24.885000228881836,24.8799991607666,24.8799991607666,2279,0.0,0.0,0.0
2024-06-13 14:45:00-04:00,24.888999938964844,24.888999938964844,24.888999938964844,24.888999938964844,642,0.0,0.0,0.0
2024-06-13 14:50:00-04:00,24.88010025024414,24.88010025024414,24.88010025024414,24.88010025024414,1551,0.0,0.0,0.0
2024-06-13 15:00:00-04:00,24.899999618530273,24.90999984741211,24.899999618530273,24.90999984741211,88543,0.0,0.0,0.0
2024-06-13 15:05:00-04:00,24.899999618530273,24.940000534057617,24.889999389648438,24.889999389648438,251735,0.0,0.0,0.0
2024-06-13 15:10:00-04:00,24.895000457763672,24.895000457763672,24.889999389648438,24.889999389648438,1917,0.0,0.0,0.0
2024-06-13 15:15:00-04:00,24.890100479125977,24.890100479125977,24.890100479125977,24.890100479125977,189,0.0,0.0,0.0
2024-06-13 15:20:00-04:00,24.89389991760254,24.895000457763672,24.89389991760254,24.895000457763672,729,0.0,0.0,0.0
2024-06-13 15:40:00-04:00,24.895000457763672,24.895000457763672,24.895000457763672,24.895000457763672,200,0.0,0.0,0.0
2024-06-13 15:50:00-04:00,24.895000457763672,24.895000457763672,24.889999389648438,24.890300750732422,1225,0.0,0.0,0.0
2024-06-13 15:55:00-04:00,24.899999618530273,24.90999984741211,24.899999618530273,24.90999984741211,0,0.0,0.0,0.0
2024-06-14 09:30:00-04:00,24.950000762939453,24.950000762939453,24.850000381469727,24.850000381469727,13584,0.0,0.0,0.0
2024-06-14 10:00:00-04:00,24.8799991607666,24.8799991607666,24.8799991607666,24.8799991607666,225,0.0,0.0,0.0
2024-06-14 10:05:00-04:00,24.889999389648438,24.889999389648438,24.889999389648438,24.889999389648438,100,0.0,0.0,0.0
2024-06-14 10:10:00-04:00,24.8799991607666,24.8799991607666,24.8799991607666,24.8799991607666,0,0.0,0.0,0.0
2024-06-14 10:15:00-04:00,24.8700008392334,24.8700008392334,24.8700008392334,24.8700008392334,15452,0.0,0.0,0.0
2024-06-14 10:35:00-04:00,24.867799758911133,24.867799758911133,24.86750030517578,24.86750030517578,644,0.0,0.0,0.0
2024-06-14 10:40:00-04:00,24.860000610351562,24.860000610351562,24.860000610351562,24.860000610351562,781,0.0,0.0,0.0
2024-06-14 10:55:00-04:00,24.860000610351562,24.860000610351562,24.860000610351562,24.860000610351562,336,0.0,0.0,0.0
2024-06-14 11:05:00-04:00,24.8700008392334,24.8700008392334,24.8700008392334,24.8700008392334,400,0.0,0.0,0.0
2024-06-14 11:25:00-04:00,24.8700008392334,24.8700008392334,24.8700008392334,24.8700008392334,920,0.0,0.0,0.0
2024-06-14 11:30:00-04:00,24.860000610351562,24.860000610351562,24.860000610351562,24.860000610351562,532,0.0,0.0,0.0
2024-06-14 11:40:00-04:00,24.879899978637695,24.879899978637695,24.879899978637695,24.879899978637695,400,0.0,0.0,0.0
2024-06-14 11:50:00-04:00,24.866199493408203,24.866199493408203,24.866199493408203,24.866199493408203,1188,0.0,0.0,0.0
2024-06-14 12:00:00-04:00,24.861000061035156,24.868799209594727,24.861000061035156,24.864999771118164,2530,0.0,0.0,0.0
2024-06-14 12:05:00-04:00,24.864999771118164,24.864999771118164,24.864999771118164,24.864999771118164,2587,0.0,0.0,0.0
2024-06-14 12:15:00-04:00,24.8799991607666,24.889999389648438,24.8799991607666,24.889999389648438,2477,0.0,0.0,0.0
2024-06-14 12:25:00-04:00,24.889999389648438,24.889999389648438,24.889999389648438,24.889999389648438,448,0.0,0.0,0.0
2024-06-14 12:30:00-04:00,24.899999618530273,24.899999618530273,24.899999618530273,24.899999618530273,2001,0.0,0.0,0.0
2024-06-14 12:35:00-04:00,24.899999618530273,24.90060043334961,24.899999618530273,24.90060043334961,864,0.0,0.0,0.0
2024-06-14 12:40:00-04:00,24.90999984741211,24.90999984741211,24.90999984741211,24.90999984741211,100,0.0,0.0,0.0
2024-06-14 12:45:00-04:00,24.90999984741211,24.90999984741211,24.90999984741211,24.90999984741211,1602,0.0,0.0,0.0
2024-06-14 12:55:00-04:00,24.899999618530273,24.900100708007812,24.899999618530273,24.900100708007812,233,0.0,0.0,0.0
2024-06-14 13:00:00-04:00,24.889999389648438,24.895000457763672,24.889999389648438,24.895000457763672,4904,0.0,0.0,0.0
2024-06-14 13:30:00-04:00,24.895000457763672,24.898700714111328,24.895000457763672,24.898700714111328,1961,0.0,0.0,0.0
2024-06-14 13:40:00-04:00,24.895000457763672,24.895000457763672,24.895000457763672,24.895000457763672,4195,0.0,0.0,0.0
2024-06-14 13:50:00-04:00,24.90999984741211,24.90999984741211,24.90999984741211,24.90999984741211,488,0.0,0.0,0.0
2024-06-14 14:05:00-04:00,24.899999618530273,24.899999618530273,24.8700008392334,24.897499084472656,6234,0.0,0.0,0.0
2024-06-14 14:10:00-04:00,24.920000076293945,24.920000076293945,24.920000076293945,24.920000076293945,168,0.0,0.0,0.0
2024-06-14 14:15:00-04:00,24.920000076293945,24.920000076293945,24.920000076293945,24.920000076293945,0,0.0,0.0,0.0
2024-06-14 14:55:00-04:00,24.93000030517578,24.940000534057617,24.93000030517578,24.93000030517578,57666,0.0,0.0,0.0
2024-06-14 15:05:00-04:00,24.90999984741211,24.90999984741211,24.90999984741211,24.90999984741211,151,0.0,0.0,0.0
2024-06-14 15:25:00-04:00,24.93000030517578,24.93000030517578,24.93000030517578,24.93000030517578,391,0.0,0.0,0.0
2024-06-14 15:30:00-04:00,24.93000030517578,24.93000030517578,24.93000030517578,24.93000030517578,194,0.0,0.0,0.0
2024-06-14 15:55:00-04:00,24.934999465942383,24.940000534057617,24.934999465942383,24.940000534057617,1731,0.0,0.0,0.0
2024-06-17 09:30:00-04:00,24.93000030517578,24.93000030517578,24.93000030517578,24.93000030517578,0,0.0,0.0,0.0
2024-06-17 09:45:00-04:00,24.850000381469727,24.850000381469727,24.850000381469727,24.850000381469727,105,0.0,0.0,0.0
2024-06-17 10:00:00-04:00,24.84000015258789,24.84000015258789,24.84000015258789,24.84000015258789,100,0.0,0.0,0.0
2024-06-17 10:05:00-04:00,24.850000381469727,24.850000381469727,24.829999923706055,24.829999923706055,7281,0.0,0.0,0.0
2024-06-17 10:15:00-04:00,24.834999084472656,24.834999084472656,24.834999084472656,24.834999084472656,299,0.0,0.0,0.0
2024-06-17 10:20:00-04:00,24.84000015258789,24.84000015258789,24.84000015258789,24.84000015258789,2877,0.0,0.0,0.0
2024-06-17 10:35:00-04:00,24.860000610351562,24.860000610351562,24.860000610351562,24.860000610351562,100,0.0,0.0,0.0
2024-06-17 10:40:00-04:00,24.879899978637695,24.879899978637695,24.860000610351562,24.860000610351562,2373,0.0,0.0,0.0
2024-06-17 10:50:00-04:00,24.859899520874023,24.859899520874023,24.859899520874023,24.859899520874023,3170,0.0,0.0,0.0
2024-06-17 10:55:00-04:00,24.850000381469727,24.860000610351562,24.850000381469727,24.854999542236328,5641,0.0,0.0,0.0
2024-06-17 11:00:00-04:00,24.854999542236328,24.854999542236328,24.854999542236328,24.854999542236328,200,0.0,0.0,0.0
2024-06-17 11:10:00-04:00,24.858699798583984,24.858699798583984,24.858699798583984,24.858699798583984,197,0.0,0.0,0.0
2024-06-17 11:15:00-04:00,24.858999252319336,24.860000610351562,24.854999542236328,24.854999542236328,2151,0.0,0.0,0.0
2024-06-17 11:30:00-04:00,24.860000610351562,24.860000610351562,24.860000610351562,24.860000610351562,101,0.0,0.0,0.0
2024-06-17 11:35:00-04:00,24.850000381469727,24.850000381469727,24.850000381469727,24.850000381469727,1181,0.0,0.0,0.0
2024-06-17 11:45:00-04:00,24.860000610351562,24.860000610351562,24.860000610351562,24.860000610351562,100,0.0,0.0,0.0
2024-06-17 11:50:00-04:00,24.850000381469727,24.850099563598633,24.84000015258789,24.84000015258789,2825,0.0,0.0,0.0
2024-06-17 11:55:00-04:00,24.850000381469727,24.850000381469727,24.850000381469727,24.850000381469727,118,0.0,0.0,0.0
2024-06-17 12:05:00-04:00,24.844999313354492,24.844999313354492,24.844999313354492,24.844999313354492,4189,0.0,0.0,0.0
2024-06-17 12:20:00-04:00,24.899799346923828,24.899799346923828,24.8700008392334,24.8799991607666,2935,0.0,0.0,0.0
2024-06-17 12:25:00-04:00,24.875,24.8799991607666,24.875,24.8799991607666,5938,0.0,0.0,0.0
2024-06-17 12:30:00-04:00,24.875,24.875,24.875,24.875,7664,0.0,0.0,0.0
2024-06-17 12:35:00-04:00,24.8700008392334,24.8700008392334,24.8700008392334,24.8700008392334,246,0.0,0.0,0.0
2024-06-17 12:40:00-04:00,24.90999984741211,24.90999984741211,24.90999984741211,24.90999984741211,962,0.0,0.0,0.0
2024-06-17 12:45:00-04:00,24.899999618530273,24.899999618530273,24.889999389648438,24.889999389648438,510,0.0,0.0,0.0
2024-06-17 12:50:00-04:00,24.8799991607666,24.8799991607666,24.8799991607666,24.8799991607666,206,0.0,0.0,0.0
2024-06-17 13:30:00-04:00,24.889999389648438,24.899999618530273,24.8700008392334,24.8700008392334,623,0.0,0.0,0.0
2024-06-17 13:35:00-04:00,24.86989974975586,24.8700008392334,24.86989974975586,24.8700008392334,1126,0.0,0.0,0.0
2024-06-17 13:45:00-04:00,24.8700008392334,24.8700008392334,24.8700008392334,24.8700008392334,463,0.0,0.0,0.0
2024-06-17 13:50:00-04:00,24.8700008392334,24.8700008392334,24.8700008392334,24.8700008392334,402,0.0,0.0,0.0
2024-06-17 13:55:00-04:00,24.860000610351562,24.8700008392334,24.860000610351562,24.8700008392334,1539,0.0,0.0,0.0
2024-06-17 14:05:00-04:00,24.8799991607666,24.8799991607666,24.8799991607666,24.8799991607666,107,0.0,0.0,0.0
2024-06-17 14:10:00-04:00,24.889999389648438,24.889999389648438,24.879499435424805,24.879499435424805,5736,0.0,0.0,0.0
2024-06-17 14:15:00-04:00,24.864999771118164,24.89299964904785,24.864999771118164,24.89299964904785,3069,0.0,0.0,0.0
2024-06-17 14:20:00-04:00,24.875,24.875,24.875,24.875,199,0.0,0.0,0.0
2024-06-17 14:30:00-04:00,24.875,24.875,24.875,24.875,489,0.0,0.0,0.0
2024-06-17 14:35:00-04:00,24.875,24.8799991607666,24.875,24.8799991607666,4837,0.0,0.0,0.0
2024-06-17 14:50:00-04:00,24.9158992767334,24.9158992767334,24.9158992767334,24.9158992767334,197,0.0,0.0,0.0
2024-06-17 15:00:00-04:00,24.889999389648438,24.89620018005371,24.889999389648438,24.89620018005371,889,0.0,0.0,0.0
2024-06-17 15:05:00-04:00,24.898700714111328,24.898700714111328,24.889999389648438,24.895000457763672,5644,0.0,0.0,0.0
2024-06-17 15:20:00-04:00,24.918399810791016,24.918399810791016,24.90999984741211,24.90999984741211,1497,0.0,0.0,0.0
2024-06-17 15:25:00-04:00,24.905000686645508,24.905000686645508,24.905000686645508,24.905000686645508,130,0.0,0.0,0.0
2024-06-17 15:30:00-04:00,24.902700424194336,24.90880012512207,24.902700424194336,24.90880012512207,4929,0.0,0.0,0.0
2024-06-17 15:35:00-04:00,24.899999618530273,24.899999618530273,24.899999618530273,24.899999618530273,837,0.0,0.0,0.0
2024-06-17 15:40:00-04:00,24.89889907836914,24.89889907836914,24.889999389648438,24.889999389648438,2570,0.0,0.0,0.0
2024-06-17 15:45:00-04:00,24.889999389648438,24.889999389648438,24.889999389648438,24.889999389648438,200,0.0,0.0,0.0
2024-06-17 15:50:00-04:00,24.889999389648438,24.889999389648438,24.889999389648438,24.889999389648438,506,0.0,0.0,0.0
2024-06-17 15:55:00-04:00,24.889999389648438,24.920000076293945,24.889999389648438,24.920000076293945,2852,0.0,0.0,0.0
2024-06-18 09:30:00-04:00,24.959999084472656,24.959999084472656,24.959999084472656,24.959999084472656,0,0.0,0.0,0.0
2024-06-18 09:35:00-04:00,24.90999984741211,24.90999984741211,24.90999984741211,24.90999984741211,100,0.0,0.0,0.0
2024-06-18 09:40:00-04:00,24.899999618530273,24.899999618530273,24.899999618530273,24.899999618530273,329,0.0,0.0,0.0
2024-06-18 09:45:00-04:00,24.899999618530273,24.899999618530273,24.899999618530273,24.899999618530273,300,0.0,0.0,0.0
2024-06-18 09:50:00-04:00,24.889999389648438,24.889999389648438,24.889999389648438,24.889999389648438,600,0.0,0.0,0.0
2024-06-18 09:55:00-04:00,24.889999389648438,24.889999389648438,24.889999389648438,24.889999389648438,220,0.0,0.0,0.0
2024-06-18 10:00:00-04:00,24.8799991607666,24.90999984741211,24.8700008392334,24.90999984741211,1410,0.0,0.0,0.0
2024-06-18 10:05:00-04:00,24.899999618530273,24.899999618530273,24.899999618530273,24.899999618530273,1091,0.0,0.0,0.0
2024-06-18 10:10:00-04:00,24.899999618530273,24.899999618530273,24.899999618530273,24.899999618530273,133,0.0,0.0,0.0
2024-06-18 10:15:00-04:00,24.889999389648438,24.889999389648438,24.889999389648438,24.889999389648438,505,0.0,0.0,0.0
2024-06-18 10:25:00-04:00,24.899999618530273,24.899999618530273,24.8966007232666,24.8966007232666,1223,0.0,0.0,0.0
2024-06-18 10:45:00-04:00,24.920000076293945,24.920000076293945,24.920000076293945,24.920000076293945,6150,0.0,0.0,0.0
2024-06-18 10:55:00-04:00,24.959999084472656,24.959999084472656,24.944400787353516,24.944400787353516,285,0.0,0.0,0.0
2024-06-18 11:00:00-04:00,24.959999084472656,24.959999084472656,24.958099365234375,24.958099365234375,300,0.0,0.0,0.0
2024-06-18 11:05:00-04:00,24.959999084472656,24.959999084472656,24.959999084472656,24.959999084472656,577,0.0,0.0,0.0
2024-06-18 11:15:00-04:00,24.959999084472656,24.959999084472656,24.959999084472656,24.959999084472656,900,0.0,0.0,0.0
2024-06-18 11:30:00-04:00,24.97089958190918,24.975000381469727,24.96339988708496,24.96339988708496,1398,0.0,0.0,0.0
2024-06-18 11:35:00-04:00,24.96969985961914,24.96969985961914,24.959999084472656,24.959999084472656,9778,0.0,0.0,0.0
2024-06-18 11:40:00-04:00,24.96500015258789,24.96500015258789,24.96500015258789,24.96500015258789,200,0.0,0.0,0.0
2024-06-18 11:50:00-04:00,24.96980094909668,24.96980094909668,24.96980094909668,24.96980094909668,104,0.0,0.0,0.0
2024-06-18 11:55:00-04:00,24.959999084472656,24.959999084472656,24.959999084472656,24.959999084472656,1299,0.0,0.0,0.0
2024-06-18 12:00:00-04:00,24.940000534057617,24.94499969482422,24.940000534057617,24.940000534057617,2568,0.0,0.0,0.0
2024-06-18 12:05:00-04:00,24.930099487304688,24.940000534057617,24.930099487304688,24.940000534057617,2530,0.0,0.0,0.0
2024-06-18 12:10:00-04:00,24.940000534057617,24.940000534057617,24.93440055847168,24.940000534057617,2118,0.0,0.0,0.0
2024-06-18 12:15:00-04:00,24.934999465942383,24.940000534057617,24.934999465942383,24.940000534057617,7571,0.0,0.0,0.0
2024-06-18 12:20:00-04:00,24.935100555419922,24.940000534057617,24.935100555419922,24.940000534057617,4352,0.0,0.0,0.0
2024-06-18 12:30:00-04:00,24.94499969482422,24.94499969482422,24.94499969482422,24.94499969482422,362,0.0,0.0,0.0
2024-06-18 12:40:00-04:00,24.950000762939453,24.954999923706055,24.950000762939453,24.954999923706055,2305,0.0,0.0,0.0
2024-06-18 12:45:00-04:00,24.954999923706055,24.954999923706055,24.950000762939453,24.954999923706055,4357,0.0,0.0,0.0
2024-06-18 12:50:00-04:00,24.954999923706055,24.959999084472656,24.950000762939453,24.959999084472656,9187,0.0,0.0,0.0
2024-06-18 13:05:00-04:00,24.950000762939453,24.959999084472656,24.950000762939453,24.959999084472656,1577,0.0,0.0,0.0
2024-06-18 13:10:00-04:00,24.96500015258789,24.96500015258789,24.952600479125977,24.958799362182617,3205,0.0,0.0,0.0
2024-06-18 13:25:00-04:00,24.968700408935547,24.968700408935547,24.96500015258789,24.96500015258789,611,0.0,0.0,0.0
2024-06-18 13:40:00-04:00,24.96430015563965,24.96430015563965,24.96430015563965,24.96430015563965,431,0.0,0.0,0.0
2024-06-18 13:45:00-04:00,24.969999313354492,24.969999313354492,24.96660041809082,24.96660041809082,1912,0.0,0.0,0.0
2024-06-18 13:50:00-04:00,24.96500015258789,24.969999313354492,24.96500015258789,24.969999313354492,3200,0.0,0.0,0.0
2024-06-18 13:55:00-04:00,24.975000381469727,24.975000381469727,24.975000381469727,24.975000381469727,1725,0.0,0.0,0.0
2024-06-18 14:00:00-04:00,24.979999542236328,24.979999542236328,24.959999084472656,24.959999084472656,0,0.0,0.0,0.0
2024-06-18 14:10:00-04:00,24.979999542236328,24.979999542236328,24.969999313354492,24.969999313354492,91501,0.0,0.0,0.0
2024-06-18 14:15:00-04:00,24.969999313354492,24.969999313354492,24.969999313354492,24.969999313354492,131,0.0,0.0,0.0
2024-06-18 14:25:00-04:00,24.97010040283203,24.975000381469727,24.969999313354492,24.969999313354492,6813,0.0,0.0,0.0
2024-06-18 14:30:00-04:00,24.969999313354492,24.969999313354492,24.969999313354492,24.969999313354492,500,0.0,0.0,0.0
2024-06-18 14:35:00-04:00,24.97010040283203,24.97010040283203,24.97010040283203,24.97010040283203,3044,0.0,0.0,0.0
2024-06-18 14:40:00-04:00,24.969999313354492,24.97170066833496,24.959999084472656,24.97170066833496,1005,0.0,0.0,0.0
2024-06-18 15:00:00-04:00,24.979999542236328,24.979999542236328,24.979999542236328,24.979999542236328,4282,0.0,0.0,0.0
2024-06-18 15:10:00-04:00,24.979999542236328,24.979999542236328,24.979999542236328,24.979999542236328,486,0.0,0.0,0.0
2024-06-18 15:20:00-04:00,24.989900588989258,24.989900588989258,24.979999542236328,24.979999542236328,7758,0.0,0.0,0.0
2024-06-18 15:25:00-04:00,24.979999542236328,24.979999542236328,24.979999542236328,24.979999542236328,4698,0.0,0.0,0.0
2024-06-18 15:30:00-04:00,24.975000381469727,24.979999542236328,24.975000381469727,24.979999542236328,2030,0.0,0.0,0.0
2024-06-18 15:35:00-04:00,24.979999542236328,24.989999771118164,24.979999542236328,24.989999771118164,7983,0.0,0.0,0.0
2024-06-18 15:40:00-04:00,24.989999771118164,25.0,24.989999771118164,25.0,5850,0.0,0.0,0.0
2024-06-18 15:45:00-04:00,25.0,25.0,24.989999771118164,24.989999771118164,4300,0.0,0.0,0.0
2024-06-18 15:50:00-04:00,25.0,25.0,24.969999313354492,24.988000869750977,7545,0.0,0.0,0.0
2024-06-18 15:55:00-04:00,24.989999771118164,25.059999465942383,24.989999771118164,25.059999465942383,12978,0.0,0.0,0.0
2024-06-20 09:30:00-04:00,24.920000076293945,24.920000076293945,24.885000228881836,24.920000076293945,0,0.0,0.0,0.0
2024-06-20 09:35:00-04:00,24.899999618530273,24.899999618530273,24.899999618530273,24.899999618530273,300,0.0,0.0,0.0
2024-06-20 09:40:00-04:00,24.796199798583984,24.796199798583984,24.796199798583984,24.796199798583984,1295,0.0,0.0,0.0
2024-06-20 09:50:00-04:00,24.8799991607666,24.8799991607666,24.8799991607666,24.8799991607666,200,0.0,0.0,0.0
2024-06-20 10:00:00-04:00,24.8700008392334,24.8799991607666,24.8700008392334,24.8799991607666,0,0.0,0.0,0.0
2024-06-20 10:05:00-04:00,24.899999618530273,24.899999618530273,24.899999618530273,24.899999618530273,110529,0.0,0.0,0.0
2024-06-20 10:10:00-04:00,24.920000076293945,24.93000030517578,24.920000076293945,24.93000030517578,401,0.0,0.0,0.0
2024-06-20 10:20:00-04:00,24.920000076293945,24.920000076293945,24.920000076293945,24.920000076293945,1001,0.0,0.0,0.0
2024-06-20 10:25:00-04:00,24.884000778198242,24.884000778198242,24.884000778198242,24.884000778198242,400,0.0,0.0,0.0
2024-06-20 10:45:00-04:00,24.889999389648438,24.889999389648438,24.88010025024414,24.88010025024414,2892,0.0,0.0,0.0
2024-06-20 10:50:00-04:00,24.885000228881836,24.885000228881836,24.885000228881836,24.885000228881836,730,0.0,0.0,0.0
2024-06-20 11:00:00-04:00,24.885000228881836,24.885000228881836,24.885000228881836,24.885000228881836,1132,0.0,0.0,0.0
2024-06-20 11:20:00-04:00,24.909900665283203,24.909900665283203,24.909900665283203,24.909900665283203,0,0.0,0.0,0.0
2024-06-20 11:45:00-04:00,24.899999618530273,24.899999618530273,24.899999618530273,24.899999618530273,121487,0.0,0.0,0.0
2024-06-20 12:00:00-04:00,24.899999618530273,24.899999618530273,24.899999618530273,24.899999618530273,132,0.0,0.0,0.0
2024-06-20 12:05:00-04:00,24.949899673461914,24.949899673461914,24.949899673461914,24.949899673461914,240,0.0,0.0,0.0
2024-06-20 12:10:00-04:00,24.940000534057617,24.940000534057617,24.920000076293945,24.920000076293945,5500,0.0,0.0,0.0
2024-06-20 12:15:00-04:00,24.959999084472656,24.989999771118164,24.959999084472656,24.979999542236328,7700,0.0,0.0,0.0
2024-06-20 12:20:00-04:00,24.950000762939453,24.950000762939453,24.950000762939453,24.950000762939453,4500,0.0,0.0,0.0
2024-06-20 12:25:00-04:00,24.9689998626709,24.9689998626709,24.9689998626709,24.9689998626709,812,0.0,0.0,0.0
2024-06-20 12:30:00-04:00,24.950000762939453,24.950000762939453,24.92009925842285,24.92009925842285,6814,0.0,0.0,0.0
2024-06-20 12:35:00-04:00,24.934999465942383,24.940900802612305,24.934999465942383,24.940900802612305,701,0.0,0.0,0.0
2024-06-20 12:40:00-04:00,24.922700881958008,24.922700881958008,24.922700881958008,24.922700881958008,217,0.0,0.0,0.0
2024-06-20 12:45:00-04:00,24.92009925842285,24.934999465942383,24.92009925842285,24.934999465942383,1327,0.0,0.0,0.0
2024-06-20 12:50:00-04:00,24.934999465942383,24.934999465942383,24.934999465942383,24.934999465942383,800,0.0,0.0,0.0
2024-06-20 12:55:00-04:00,24.934999465942383,24.934999465942383,24.90999984741211,24.920000076293945,2706,0.0,0.0,0.0
2024-06-20 13:00:00-04:00,24.889999389648438,24.940000534057617,24.889999389648438,24.940000534057617,11340,0.0,0.0,0.0
2024-06-20 13:05:00-04:00,24.89299964904785,24.89299964904785,24.89299964904785,24.89299964904785,480,0.0,0.0,0.0
2024-06-20 13:20:00-04:00,24.940000534057617,24.940000534057617,24.920000076293945,24.920000076293945,4953,0.0,0.0,0.0
2024-06-20 13:30:00-04:00,24.920000076293945,24.920000076293945,24.920000076293945,24.920000076293945,947,0.0,0.0,0.0
2024-06-20 13:40:00-04:00,24.950000762939453,24.950000762939453,24.8700008392334,24.8700008392334,9007,0.0,0.0,0.0
2024-06-20 13:55:00-04:00,24.934999465942383,25.0,24.934999465942383,25.0,8418,0.0,0.0,0.0
2024-06-20 14:00:00-04:00,24.989999771118164,24.989999771118164,24.989999771118164,24.989999771118164,219,0.0,0.0,0.0
2024-06-20 14:20:00-04:00,25.0,25.0,25.0,25.0,7800,0.0,0.0,0.0
2024-06-20 14:40:00-04:00,24.958799362182617,24.958799362182617,24.958799362182617,24.958799362182617,3433,0.0,0.0,0.0
2024-06-20 14:55:00-04:00,24.969999313354492,25.010000228881836,24.950000762939453,24.969999313354492,21841,0.0,0.0,0.0
2024-06-20 15:00:00-04:00,24.9689998626709,24.9689998626709,24.9689998626709,24.9689998626709,195,0.0,0.0,0.0
2024-06-20 15:05:00-04:00,24.969999313354492,24.989999771118164,24.969999313354492,24.989999771118164,4282,0.0,0.0,0.0
2024-06-20 15:10:00-04:00,25.010000228881836,25.010000228881836,25.010000228881836,25.010000228881836,5700,0.0,0.0,0.0
2024-06-20 15:15:00-04:00,24.985000610351562,24.985000610351562,24.985000610351562,24.985000610351562,299,0.0,0.0,0.0
2024-06-20 15:25:00-04:00,25.030000686645508,25.040000915527344,24.9950008392334,25.040000915527344,9606,0.0,0.0,0.0
2024-06-20 15:30:00-04:00,25.040000915527344,25.040000915527344,25.040000915527344,25.040000915527344,3572,0.0,0.0,0.0
2024-06-20 15:40:00-04:00,25.040000915527344,25.040000915527344,25.040000915527344,25.040000915527344,5302,0.0,0.0,0.0
2024-06-20 15:45:00-04:00,25.040000915527344,25.040000915527344,25.030000686645508,25.040000915527344,2000,0.0,0.0,0.0
2024-06-20 15:50:00-04:00,24.959999084472656,25.0,24.950000762939453,24.979999542236328,4501,0.0,0.0,0.0
2024-06-20 15:55:00-04:00,24.950000762939453,24.954999923706055,24.889999389648438,24.950000762939453,16733,0.0,0.0,0.0
2024-06-21 09:30:00-04:00,25.0,25.0,24.90999984741211,24.91510009765625,7333,0.0,0.0,0.0
2024-06-21 09:45:00-04:00,24.899999618530273,25.009899139404297,24.8799991607666,25.009899139404297,1167,0.0,0.0,0.0
2024-06-21 10:15:00-04:00,24.870100021362305,24.870100021362305,24.870100021362305,24.870100021362305,1944,0.0,0.0,0.0
2024-06-21 10:30:00-04:00,24.8799991607666,24.8799991607666,24.8799991607666,24.8799991607666,500,0.0,0.0,0.0
2024-06-21 10:40:00-04:00,24.889999389648438,24.889999389648438,24.8799991607666,24.8799991607666,500,0.0,0.0,0.0
2024-06-21 10:50:00-04:00,24.975000381469727,24.975000381469727,24.889999389648438,24.90999984741211,1765,0.0,0.0,0.0
2024-06-21 10:55:00-04:00,24.920000076293945,24.929899215698242,24.920000076293945,24.929899215698242,643,0.0,0.0,0.0
2024-06-21 11:00:00-04:00,24.875,24.899999618530273,24.8700008392334,24.8700008392334,1854,0.0,0.0,0.0
2024-06-21 11:15:00-04:00,24.8700008392334,24.8700008392334,24.864999771118164,24.864999771118164,910,0.0,0.0,0.0
2024-06-21 11:55:00-04:00,24.86949920654297,24.86949920654297,24.86949920654297,24.86949920654297,800,0.0,0.0,0.0
2024-06-21 12:00:00-04:00,24.860000610351562,24.8700008392334,24.860000610351562,24.8700008392334,3787,0.0,0.0,0.0
2024-06-21 12:10:00-04:00,24.884899139404297,24.884899139404297,24.884899139404297,24.884899139404297,4016,0.0,0.0,0.0
2024-06-21 12:15:00-04:00,24.8700008392334,24.877500534057617,24.8700008392334,24.877500534057617,3181,0.0,0.0,0.0
2024-06-21 12:20:00-04:00,24.875,24.875,24.875,24.875,400,0.0,0.0,0.0
2024-06-21 12:25:00-04:00,24.878700256347656,24.878700256347656,24.8700008392334,24.8700008392334,4926,0.0,0.0,0.0
2024-06-21 12:30:00-04:00,24.864999771118164,24.864999771118164,24.864999771118164,24.864999771118164,670,0.0,0.0,0.0
2024-06-21 12:40:00-04:00,24.8700008392334,24.8700008392334,24.8700008392334,24.8700008392334,693,0.0,0.0,0.0
2024-06-21 12:50:00-04:00,24.8700008392334,24.8700008392334,24.8700008392334,24.8700008392334,770,0.0,0.0,0.0
2024-06-21 13:00:00-04:00,24.8799991607666,24.8799991607666,24.8799991607666,24.8799991607666,6033,0.0,0.0,0.0
2024-06-21 13:05:00-04:00,24.875,24.875,24.875,24.875,1052,0.0,0.0,0.0
2024-06-21 13:15:00-04:00,24.8700008392334,24.8700008392334,24.8700008392334,24.8700008392334,179,0.0,0.0,0.0
2024-06-21 13:20:00-04:00,24.8700008392334,24.8700008392334,24.8700008392334,24.8700008392334,372,0.0,0.0,0.0
2024-06-21 13:35:00-04:00,24.8700008392334,24.8700008392334,24.8700008392334,24.8700008392334,500,0.0,0.0,0.0
2024-06-21 13:40:00-04:00,24.86989974975586,24.86989974975586,24.864999771118164,24.864999771118164,563,0.0,0.0,0.0
2024-06-21 14:00:00-04:00,24.8799991607666,24.8799991607666,24.8799991607666,24.8799991607666,264,0.0,0.0,0.0
2024-06-21 14:05:00-04:00,24.860000610351562,24.860000610351562,24.860000610351562,24.860000610351562,381,0.0,0.0,0.0
2024-06-21 14:30:00-04:00,24.875,24.875,24.875,24.875,129,0.0,0.0,0.0
2024-06-21 14:45:00-04:00,24.889999389648438,24.899999618530273,24.889999389648438,24.899999618530273,300,0.0,0.0,0.0
2024-06-21 15:00:00-04:00,24.90999984741211,24.90999984741211,24.90999984741211,24.90999984741211,400,0.0,0.0,0.0
2024-06-21 15:05:00-04:00,24.889999389648438,24.90999984741211,24.889999389648438,24.889999389648438,1918,0.0,0.0,0.0
2024-06-21 15:15:00-04:00,24.885000228881836,24.889999389648438,24.885000228881836,24.889999389648438,400,0.0,0.0,0.0
2024-06-21 15:20:00-04:00,24.885000228881836,24.889999389648438,24.885000228881836,24.889999389648438,300,0.0,0.0,0.0
2024-06-21 15:25:00-04:00,24.889999389648438,24.889999389648438,24.88520050048828,24.88520050048828,4620,0.0,0.0,0.0
2024-06-21 15:30:00-04:00,24.889999389648438,24.889999389648438,24.888700485229492,24.889999389648438,820,0.0,0.0,0.0
2024-06-21 15:40:00-04:00,24.88170051574707,24.889999389648438,24.8799991607666,24.8799991607666,6456,0.0,0.0,0.0
2024-06-21 15:45:00-04:00,24.875,24.8799991607666,24.875,24.8799991607666,575,0.0,0.0,0.0
2024-06-21 15:50:00-04:00,24.8799991607666,24.889999389648438,24.8799991607666,24.889999389648438,554,0.0,0.0,0.0
2024-06-21 15:55:00-04:00,24.8799991607666,24.899999618530273,24.8799991607666,24.899999618530273,900,0.0,0.0,0.0
2024-06-24 09:30:00-04:00,24.940000534057617,24.940000534057617,24.940000534057617,24.940000534057617,114708,0.0,0.0,0.0
2024-06-24 10:00:00-04:00,24.803699493408203,24.803699493408203,24.803699493408203,24.803699493408203,974,0.0,0.0,0.0
2024-06-24 10:05:00-04:00,24.871999740600586,24.871999740600586,24.871999740600586,24.871999740600586,2041,0.0,0.0,0.0
2024-06-24 10:10:00-04:00,24.799999237060547,24.799999237060547,24.799999237060547,24.799999237060547,353,0.0,0.0,0.0
2024-06-24 10:50:00-04:00,24.818300247192383,24.8799991607666,24.818300247192383,24.8799991607666,1746,0.0,0.0,0.0
2024-06-24 10:55:00-04:00,24.80500030517578,24.80500030517578,24.80500030517578,24.80500030517578,100,0.0,0.0,0.0
2024-06-24 11:10:00-04:00,24.847999572753906,24.847999572753906,24.847999572753906,24.847999572753906,315,0.0,0.0,0.0
2024-06-24 11:30:00-04:00,24.84000015258789,24.84000015258789,24.84000015258789,24.84000015258789,562,0.0,0.0,0.0
2024-06-24 12:00:00-04:00,24.829999923706055,24.829999923706055,24.829999923706055,24.829999923706055,224,0.0,0.0,0.0
2024-06-24 12:15:00-04:00,24.780000686645508,24.81999969482422,24.780000686645508,24.78580093383789,9160,0.0,0.0,0.0
2024-06-24 12:20:00-04:00,24.79990005493164,24.799999237060547,24.796300888061523,24.79990005493164,4252,0.0,0.0,0.0
2024-06-24 12:30:00-04:00,24.799999237060547,24.799999237060547,24.799999237060547,24.799999237060547,591,0.0,0.0,0.0
2024-06-24 12:40:00-04:00,24.799999237060547,24.799999237060547,24.799999237060547,24.799999237060547,300,0.0,0.0,0.0
2024-06-24 12:45:00-04:00,24.807600021362305,24.807600021362305,24.799999237060547,24.799999237060547,1631,0.0,0.0,0.0
2024-06-24 12:50:00-04:00,24.790300369262695,24.809999465942383,24.79010009765625,24.809999465942383,1264,0.0,0.0,0.0
2024-06-24 12:55:00-04:00,24.799999237060547,24.809999465942383,24.799999237060547,24.809999465942383,10542,0.0,0.0,0.0
2024-06-24 13:30:00-04:00,24.809099197387695,24.809999465942383,24.809099197387695,24.809999465942383,496,0.0,0.0,0.0
2024-06-24 13:40:00-04:00,24.809999465942383,24.809999465942383,24.809999465942383,24.809999465942383,142,0.0,0.0,0.0
2024-06-24 13:45:00-04:00,24.809999465942383,24.809999465942383,24.809999465942383,24.809999465942383,101,0.0,0.0,0.0
2024-06-24 13:50:00-04:00,24.809999465942383,24.809999465942383,24.809999465942383,24.809999465942383,12288,0.0,0.0,0.0
2024-06-24 13:55:00-04:00,24.809999465942383,24.809999465942383,24.809999465942383,24.809999465942383,240,0.0,0.0,0.0
2024-06-24 14:00:00-04:00,24.809999465942383,24.809999465942383,24.809999465942383,24.809999465942383,100,0.0,0.0,0.0
2024-06-24 14:05:00-04:00,24.80500030517578,24.809999465942383,24.80500030517578,24.809999465942383,1489,0.0,0.0,0.0
2024-06-24 14:10:00-04:00,24.809999465942383,24.809999465942383,24.790000915527344,24.790000915527344,325,0.0,0.0,0.0
2024-06-24 14:15:00-04:00,24.809999465942383,24.809999465942383,24.790000915527344,24.790000915527344,3205,0.0,0.0,0.0
2024-06-24 14:20:00-04:00,24.799999237060547,24.809999465942383,24.799999237060547,24.809999465942383,497,0.0,0.0,0.0
2024-06-24 14:25:00-04:00,24.809999465942383,24.829999923706055,24.809999465942383,24.81999969482422,1546,0.0,0.0,0.0
2024-06-24 14:30:00-04:00,24.81999969482422,24.81999969482422,24.81999969482422,24.81999969482422,200,0.0,0.0,0.0
2024-06-24 14:40:00-04:00,24.81999969482422,24.81999969482422,24.81999969482422,24.81999969482422,474,0.0,0.0,0.0
2024-06-24 14:45:00-04:00,24.829999923706055,24.829999923706055,24.829999923706055,24.829999923706055,198,0.0,0.0,0.0
2024-06-24 14:50:00-04:00,24.829999923706055,24.829999923706055,24.829999923706055,24.829999923706055,180,0.0,0.0,0.0
2024-06-24 15:05:00-04:00,24.82990074157715,24.82990074157715,24.81999969482422,24.81999969482422,393,0.0,0.0,0.0
2024-06-24 15:10:00-04:00,24.819900512695312,24.829999923706055,24.819000244140625,24.819000244140625,2885,0.0,0.0,0.0
2024-06-24 15:25:00-04:00,24.829999923706055,24.829999923706055,24.829999923706055,24.829999923706055,220,0.0,0.0,0.0
2024-06-24 15:30:00-04:00,24.829999923706055,24.84000015258789,24.822500228881836,24.84000015258789,5289,0.0,0.0,0.0
2024-06-24 15:35:00-04:00,24.829999923706055,24.829999923706055,24.819900512695312,24.81999969482422,1602,0.0,0.0,0.0
2024-06-24 15:40:00-04:00,24.829999923706055,24.829999923706055,24.829999923706055,24.829999923706055,100,0.0,0.0,0.0
2024-06-24 15:50:00-04:00,24.81999969482422,24.81999969482422,24.81999969482422,24.81999969482422,182,0.0,0.0,0.0
2024-06-24 15:55:00-04:00,24.84000015258789,24.850000381469727,24.84000015258789,24.850000381469727,2971,0.0,0.0,0.0
2024-06-25 09:30:00-04:00,24.860000610351562,24.860000610351562,24.860000610351562,24.860000610351562,0,0.0,0.0,0.0
2024-06-25 10:30:00-04:00,24.834800720214844,24.834800720214844,24.834800720214844,24.834800720214844,864,0.0,0.0,0.0
2024-06-25 11:15:00-04:00,24.832000732421875,24.832000732421875,24.832000732421875,24.832000732421875,2116,0.0,0.0,0.0
2024-06-25 11:20:00-04:00,24.81760025024414,24.81760025024414,24.81760025024414,24.81760025024414,510,0.0,0.0,0.0
2024-06-25 11:25:00-04:00,24.809999465942383,24.809999465942383,24.809999465942383,24.809999465942383,220,0.0,0.0,0.0
2024-06-25 11:40:00-04:00,24.81760025024414,24.81760025024414,24.81760025024414,24.81760025024414,683,0.0,0.0,0.0
2024-06-25 12:15:00-04:00,24.800199508666992,24.800199508666992,24.800199508666992,24.800199508666992,256,0.0,0.0,0.0
2024-06-25 12:25:00-04:00,24.80929946899414,24.80929946899414,24.80929946899414,24.80929946899414,112,0.0,0.0,0.0
2024-06-25 12:30:00-04:00,24.800100326538086,24.800100326538086,24.799999237060547,24.799999237060547,11812,0.0,0.0,0.0
2024-06-25 12:35:00-04:00,24.80500030517578,24.809999465942383,24.80500030517578,24.80500030517578,1386,0.0,0.0,0.0
2024-06-25 13:00:00-04:00,24.81999969482422,24.829999923706055,24.81999969482422,24.829999923706055,3850,0.0,0.0,0.0
2024-06-25 13:05:00-04:00,24.815000534057617,24.815000534057617,24.810100555419922,24.810100555419922,5727,0.0,0.0,0.0
2024-06-25 13:10:00-04:00,24.81209945678711,24.81209945678711,24.81209945678711,24.81209945678711,2973,0.0,0.0,0.0
2024-06-25 13:20:00-04:00,24.81999969482422,24.81999969482422,24.81999969482422,24.81999969482422,243,0.0,0.0,0.0
2024-06-25 13:30:00-04:00,24.810199737548828,24.810300827026367,24.799999237060547,24.799999237060547,9680,0.0,0.0,0.0
2024-06-25 13:50:00-04:00,24.815000534057617,24.819900512695312,24.815000534057617,24.818899154663086,6025,0.0,0.0,0.0
2024-06-25 13:55:00-04:00,24.819799423217773,24.81999969482422,24.818899154663086,24.81999969482422,4910,0.0,0.0,0.0
2024-06-25 14:30:00-04:00,24.82990074157715,24.82990074157715,24.82990074157715,24.82990074157715,3342,0.0,0.0,0.0
2024-06-25 14:40:00-04:00,24.81999969482422,24.825000762939453,24.81999969482422,24.825000762939453,300,0.0,0.0,0.0
2024-06-25 14:45:00-04:00,24.825000762939453,24.825000762939453,24.809999465942383,24.809999465942383,1315,0.0,0.0,0.0
2024-06-25 15:05:00-04:00,24.82270050048828,24.82270050048828,24.812000274658203,24.812000274658203,1181,0.0,0.0,0.0
2024-06-25 15:15:00-04:00,24.825000762939453,24.825000762939453,24.825000762939453,24.825000762939453,100,0.0,0.0,0.0
2024-06-25 15:20:00-04:00,24.825000762939453,24.825000762939453,24.825000762939453,24.825000762939453,100,0.0,0.0,0.0
2024-06-25 15:45:00-04:00,24.825000762939453,24.84000015258789,24.825000762939453,24.84000015258789,5814,0.0,0.0,0.0
2024-06-25 15:50:00-04:00,24.834999084472656,24.834999084472656,24.834999084472656,24.834999084472656,104,0.0,0.0,0.0
2024-06-25 15:55:00-04:00,24.834999084472656,24.84000015258789,24.832500457763672,24.832500457763672,0,0.0,0.0,0.0
2024-06-26 09:30:00-04:00,24.84000015258789,24.84000015258789,24.790000915527344,24.790000915527344,9992,0.0,0.0,0.0
2024-06-26 09:35:00-04:00,24.780000686645508,24.780000686645508,24.760000228881836,24.760000228881836,380,0.0,0.0,0.0
2024-06-26 09:40:00-04:00,24.760000228881836,24.780000686645508,24.75,24.780000686645508,1382,0.0,0.0,0.0
2024-06-26 09:45:00-04:00,24.770000457763672,24.770000457763672,24.760000228881836,24.770000457763672,2001,0.0,0.0,0.0
2024-06-26 09:50:00-04:00,24.760000228881836,24.770000457763672,24.760000228881836,24.770000457763672,200,0.0,0.0,0.0
2024-06-26 09:55:00-04:00,24.760000228881836,24.760000228881836,24.760000228881836,24.760000228881836,300,0.0,0.0,0.0
2024-06-26 10:00:00-04:00,24.770000457763672,24.770000457763672,24.760000228881836,24.760000228881836,514,0.0,0.0,0.0
2024-06-26 10:05:00-04:00,24.770000457763672,24.770000457763672,24.770000457763672,24.770000457763672,300,0.0,0.0,0.0
2024-06-26 10:10:00-04:00,24.770000457763672,24.780000686645508,24.770000457763672,24.780000686645508,300,0.0,0.0,0.0
2024-06-26 10:15:00-04:00,24.780000686645508,24.780000686645508,24.780000686645508,24.780000686645508,200,0.0,0.0,0.0
2024-06-26 10:20:00-04:00,24.780000686645508,24.780000686645508,24.75,24.764999389648438,6134,0.0,0.0,0.0
2024-06-26 10:25:00-04:00,24.780000686645508,24.780000686645508,24.780000686645508,24.780000686645508,1201,0.0,0.0,0.0
2024-06-26 10:55:00-04:00,24.723899841308594,24.723899841308594,24.723899841308594,24.723899841308594,124,0.0,0.0,0.0
2024-06-26 11:05:00-04:00,24.72010040283203,24.72010040283203,24.72010040283203,24.72010040283203,186,0.0,0.0,0.0
2024-06-26 11:15:00-04:00,24.75,24.760000228881836,24.73550033569336,24.75,6851,0.0,0.0,0.0
2024-06-26 11:35:00-04:00,24.729999542236328,24.729999542236328,24.729999542236328,24.729999542236328,224,0.0,0.0,0.0
2024-06-26 11:45:00-04:00,24.746000289916992,24.746000289916992,24.746000289916992,24.746000289916992,400,0.0,0.0,0.0
2024-06-26 11:50:00-04:00,24.739999771118164,24.739999771118164,24.739999771118164,24.739999771118164,344,0.0,0.0,0.0
2024-06-26 12:00:00-04:00,24.730100631713867,24.730100631713867,24.730100631713867,24.730100631713867,653,0.0,0.0,0.0
2024-06-26 12:20:00-04:00,24.733800888061523,24.733800888061523,24.733800888061523,24.733800888061523,102,0.0,0.0,0.0
2024-06-26 12:25:00-04:00,24.736400604248047,24.736400604248047,24.736400604248047,24.736400604248047,337,0.0,0.0,0.0
2024-06-26 12:35:00-04:00,24.739999771118164,24.739999771118164,24.729999542236328,24.729999542236328,1543,0.0,0.0,0.0
2024-06-26 12:40:00-04:00,24.739999771118164,24.739999771118164,24.739999771118164,24.739999771118164,6244,0.0,0.0,0.0
2024-06-26 12:45:00-04:00,24.73900032043457,24.73900032043457,24.729900360107422,24.729900360107422,1292,0.0,0.0,0.0
2024-06-26 12:55:00-04:00,24.72960090637207,24.72960090637207,24.72960090637207,24.72960090637207,904,0.0,0.0,0.0
2024-06-26 13:10:00-04:00,24.725000381469727,24.725000381469727,24.725000381469727,24.725000381469727,1904,0.0,0.0,0.0
2024-06-26 13:15:00-04:00,24.719999313354492,24.725000381469727,24.719999313354492,24.725000381469727,2125,0.0,0.0,0.0
2024-06-26 13:25:00-04:00,24.719999313354492,24.719999313354492,24.719999313354492,24.719999313354492,109,0.0,0.0,0.0
2024-06-26 13:30:00-04:00,24.72170066833496,24.72170066833496,24.72170066833496,24.72170066833496,2441,0.0,0.0,0.0
2024-06-26 13:45:00-04:00,24.71150016784668,24.71150016784668,24.71150016784668,24.71150016784668,555,0.0,0.0,0.0
2024-06-26 13:55:00-04:00,24.710899353027344,24.710899353027344,24.710899353027344,24.710899353027344,1814,0.0,0.0,0.0
2024-06-26 14:20:00-04:00,24.709999084472656,24.709999084472656,24.704999923706055,24.704999923706055,595,0.0,0.0,0.0
2024-06-26 14:50:00-04:00,24.714000701904297,24.714000701904297,24.714000701904297,24.714000701904297,1068,0.0,0.0,0.0
2024-06-26 15:00:00-04:00,24.700700759887695,24.709999084472656,24.700700759887695,24.709999084472656,946,0.0,0.0,0.0
2024-06-26 15:05:00-04:00,24.710399627685547,24.710399627685547,24.710399627685547,24.710399627685547,465,0.0,0.0,0.0
2024-06-26 15:10:00-04:00,24.709999084472656,24.709999084472656,24.709999084472656,24.709999084472656,281,0.0,0.0,0.0
2024-06-26 15:25:00-04:00,24.709999084472656,24.709999084472656,24.709999084472656,24.709999084472656,201,0.0,0.0,0.0
2024-06-26 15:35:00-04:00,24.71030044555664,24.71030044555664,24.709999084472656,24.709999084472656,658,0.0,0.0,0.0
2024-06-26 15:40:00-04:00,24.709999084472656,24.709999084472656,24.709999084472656,24.709999084472656,100,0.0,0.0,0.0
2024-06-26 15:45:00-04:00,24.709999084472656,24.71500015258789,24.709999084472656,24.71500015258789,816,0.0,0.0,0.0
2024-06-26 15:50:00-04:00,24.71500015258789,24.71500015258789,24.712499618530273,24.712499618530273,745,0.0,0.0,0.0
2024-06-26 15:55:00-04:00,24.71500015258789,24.719999313354492,24.71500015258789,24.719999313354492,0,0.0,0.0,0.0
2024-06-27 09:30:00-04:00,24.719999313354492,24.75,24.719999313354492,24.75,4447,0.0,0.0,0.0
2024-06-27 09:40:00-04:00,24.729999542236328,24.729999542236328,24.729999542236328,24.729999542236328,400,0.0,0.0,0.0
2024-06-27 09:45:00-04:00,24.719999313354492,24.719999313354492,24.711299896240234,24.711299896240234,1203,0.0,0.0,0.0
2024-06-27 09:50:00-04:00,24.719999313354492,24.729999542236328,24.719999313354492,24.72879981994629,500,0.0,0.0,0.0
2024-06-27 09:55:00-04:00,24.729999542236328,24.729999542236328,24.725000381469727,24.729999542236328,551,0.0,0.0,0.0
2024-06-27 10:20:00-04:00,24.733600616455078,24.733600616455078,24.733600616455078,24.733600616455078,404,0.0,0.0,0.0
2024-06-27 10:25:00-04:00,24.743999481201172,24.743999481201172,24.740699768066406,24.740699768066406,9250,0.0,0.0,0.0
2024-06-27 10:30:00-04:00,24.75,24.75,24.75,24.75,221,0.0,0.0,0.0
2024-06-27 10:35:00-04:00,24.7450008392334,24.7450008392334,24.7450008392334,24.7450008392334,310,0.0,0.0,0.0
2024-06-27 10:40:00-04:00,24.740100860595703,24.740100860595703,24.740100860595703,24.740100860595703,1292,0.0,0.0,0.0
2024-06-27 10:45:00-04:00,24.7450008392334,24.7450008392334,24.7450008392334,24.7450008392334,100,0.0,0.0,0.0
2024-06-27 11:10:00-04:00,24.739999771118164,24.7450008392334,24.739999771118164,24.742000579833984,1473,0.0,0.0,0.0
2024-06-27 11:15:00-04:00,24.733400344848633,24.733400344848633,24.733400344848633,24.733400344848633,193,0.0,0.0,0.0
2024-06-27 11:20:00-04:00,24.739999771118164,24.739999771118164,24.739999771118164,24.739999771118164,1460,0.0,0.0,0.0
2024-06-27 11:25:00-04:00,24.739999771118164,24.739999771118164,24.739999771118164,24.739999771118164,320,0.0,0.0,0.0
2024-06-27 12:05:00-04:00,24.75,24.75,24.749900817871094,24.749900817871094,3258,0.0,0.0,0.0
2024-06-27 12:10:00-04:00,24.7549991607666,24.760000228881836,24.7549991607666,24.760000228881836,12378,0.0,0.0,0.0
2024-06-27 12:35:00-04:00,24.75119972229004,24.75119972229004,24.75119972229004,24.75119972229004,1050,0.0,0.0,0.0
2024-06-27 12:45:00-04:00,24.755800247192383,24.755800247192383,24.755800247192383,24.755800247192383,274,0.0,0.0,0.0
2024-06-27 12:55:00-04:00,24.764999389648438,24.764999389648438,24.764999389648438,24.764999389648438,137,0.0,0.0,0.0
2024-06-27 13:10:00-04:00,24.774999618530273,24.774999618530273,24.774999618530273,24.774999618530273,403,0.0,0.0,0.0
2024-06-27 13:15:00-04:00,24.780000686645508,24.780000686645508,24.780000686645508,24.780000686645508,100,0.0,0.0,0.0
2024-06-27 13:25:00-04:00,24.774999618530273,24.780000686645508,24.774999618530273,24.780000686645508,1418,0.0,0.0,0.0
2024-06-27 13:35:00-04:00,24.770099639892578,24.770099639892578,24.770099639892578,24.770099639892578,298,0.0,0.0,0.0
2024-06-27 13:40:00-04:00,24.774999618530273,24.780000686645508,24.774999618530273,24.780000686645508,1110,0.0,0.0,0.0
2024-06-27 13:45:00-04:00,24.770099639892578,24.770099639892578,24.770099639892578,24.770099639892578,900,0.0,0.0,0.0
2024-06-27 13:55:00-04:00,24.780000686645508,24.780000686645508,24.780000686645508,24.780000686645508,1500,0.0,0.0,0.0
2024-06-27 14:00:00-04:00,24.789899826049805,24.790000915527344,24.78499984741211,24.78499984741211,5690,0.0,0.0,0.0
2024-06-27 14:05:00-04:00,24.78499984741211,24.78499984741211,24.774999618530273,24.780000686645508,16028,0.0,0.0,0.0
2024-06-27 14:10:00-04:00,24.774999618530273,24.774999618530273,24.774999618530273,24.774999618530273,100,0.0,0.0,0.0
2024-06-27 14:30:00-04:00,24.7549991607666,24.774999618530273,24.7549991607666,24.774999618530273,200,0.0,0.0,0.0
2024-06-27 14:35:00-04:00,24.764999389648438,24.764999389648438,24.764999389648438,24.764999389648438,7285,0.0,0.0,0.0
2024-06-27 14:50:00-04:00,24.773500442504883,24.774999618530273,24.773500442504883,24.774999618530273,1009,0.0,0.0,0.0
2024-06-27 15:10:00-04:00,24.774999618530273,24.77739906311035,24.774999618530273,24.77739906311035,275,0.0,0.0,0.0
2024-06-27 15:15:00-04:00,24.774999618530273,24.774999618530273,24.774999618530273,24.774999618530273,100,0.0,0.0,0.0
2024-06-27 15:20:00-04:00,24.774999618530273,24.774999618530273,24.774999618530273,24.774999618530273,2270,0.0,0.0,0.0
2024-06-27 15:25:00-04:00,24.774999618530273,24.774999618530273,24.774999618530273,24.774999618530273,100,0.0,0.0,0.0
2024-06-27 15:30:00-04:00,24.774999618530273,24.774999618530273,24.774999618530273,24.774999618530273,1381,0.0,0.0,0.0
2024-06-27 15:55:00-04:00,24.764999389648438,24.775999069213867,24.764999389648438,24.775999069213867,1936,0.0,0.0,0.0
2024-06-28 09:30:00-04:00,24.84000015258789,24.84000015258789,24.84000015258789,24.84000015258789,6337,0.0,0.0,0.0
2024-06-28 09:35:00-04:00,24.818899154663086,24.829999923706055,24.818899154663086,24.829999923706055,597,0.0,0.0,0.0
2024-06-28 09:40:00-04:00,24.829999923706055,24.829999923706055,24.81999969482422,24.829999923706055,845,0.0,0.0,0.0
2024-06-28 10:00:00-04:00,24.825000762939453,24.825000762939453,24.809999465942383,24.809999465942383,4341,0.0,0.0,0.0
2024-06-28 10:05:00-04:00,24.795000076293945,24.795000076293945,24.795000076293945,24.795000076293945,319,0.0,0.0,0.0
2024-06-28 10:25:00-04:00,24.770099639892578,24.770099639892578,24.770099639892578,24.770099639892578,864,0.0,0.0,0.0
2024-06-28 10:55:00-04:00,24.730100631713867,24.730100631713867,24.730100631713867,24.730100631713867,446,0.0,0.0,0.0
2024-06-28 11:05:00-04:00,24.739999771118164,24.739999771118164,24.719999313354492,24.719999313354492,1451,0.0,0.0,0.0
2024-06-28 11:40:00-04:00,24.719999313354492,24.719999313354492,24.719999313354492,24.719999313354492,100,0.0,0.0,0.0
2024-06-28 11:45:00-04:00,24.719999313354492,24.719999313354492,24.719999313354492,24.719999313354492,192,0.0,0.0,0.0
2024-06-28 11:50:00-04:00,24.709999084472656,24.709999084472656,24.709999084472656,24.709999084472656,352,0.0,0.0,0.0
2024-06-28 11:55:00-04:00,24.70490074157715,24.70490074157715,24.70490074157715,24.70490074157715,1281,0.0,0.0,0.0
2024-06-28 12:05:00-04:00,24.708999633789062,24.709999084472656,24.704999923706055,24.705799102783203,840,0.0,0.0,0.0
2024-06-28 12:10:00-04:00,24.704999923706055,24.704999923706055,24.704999923706055,24.704999923706055,1331,0.0,0.0,0.0
2024-06-28 12:15:00-04:00,24.704999923706055,24.709999084472656,24.704999923706055,24.709999084472656,10037,0.0,0.0,0.0
2024-06-28 12:20:00-04:00,24.700000762939453,24.700000762939453,24.6924991607666,24.700000762939453,1850,0.0,0.0,0.0
2024-06-28 12:30:00-04:00,24.700599670410156,24.700599670410156,24.700599670410156,24.700599670410156,885,0.0,0.0,0.0
2024-06-28 12:35:00-04:00,24.704999923706055,24.704999923706055,24.700000762939453,24.700000762939453,1219,0.0,0.0,0.0
2024-06-28 12:45:00-04:00,24.704999923706055,24.704999923706055,24.704999923706055,24.704999923706055,700,0.0,0.0,0.0
2024-06-28 12:50:00-04:00,24.690000534057617,24.690000534057617,24.690000534057617,24.690000534057617,279,0.0,0.0,0.0
2024-06-28 12:55:00-04:00,24.69499969482422,24.69499969482422,24.69499969482422,24.69499969482422,514,0.0,0.0,0.0
2024-06-28 13:10:00-04:00,24.69499969482422,24.700000762939453,24.69499969482422,24.700000762939453,522,0.0,0.0,0.0
2024-06-28 13:40:00-04:00,24.704999923706055,24.704999923706055,24.704999923706055,24.704999923706055,166,0.0,0.0,0.0
2024-06-28 13:45:00-04:00,24.708999633789062,24.708999633789062,24.700000762939453,24.700000762939453,1242,0.0,0.0,0.0
2024-06-28 14:30:00-04:00,24.70199966430664,24.70199966430664,24.70199966430664,24.70199966430664,263,0.0,0.0,0.0
2024-06-28 14:50:00-04:00,24.690099716186523,24.690099716186523,24.690099716186523,24.690099716186523,2182,0.0,0.0,0.0
2024-06-28 14:55:00-04:00,24.709999084472656,24.709999084472656,24.700199127197266,24.709999084472656,2688,0.0,0.0,0.0
2024-06-28 15:00:00-04:00,24.700000762939453,24.700000762939453,24.700000762939453,24.700000762939453,147,0.0,0.0,0.0
2024-06-28 15:05:00-04:00,24.680099487304688,24.680099487304688,24.680099487304688,24.680099487304688,638,0.0,0.0,0.0
2024-06-28 15:10:00-04:00,24.680099487304688,24.680099487304688,24.680099487304688,24.680099487304688,350,0.0,0.0,0.0
2024-06-28 15:20:00-04:00,24.699100494384766,24.699100494384766,24.699100494384766,24.699100494384766,2198,0.0,0.0,0.0
2024-06-28 15:25:00-04:00,24.684999465942383,24.684999465942383,24.684999465942383,24.684999465942383,1274,0.0,0.0,0.0
2024-06-28 15:30:00-04:00,24.68000030517578,24.689800262451172,24.68000030517578,24.689800262451172,567,0.0,0.0,0.0
2024-06-28 15:45:00-04:00,24.670000076293945,24.670000076293945,24.670000076293945,24.670000076293945,271,0.0,0.0,0.0
2024-06-28 15:50:00-04:00,24.670000076293945,24.670000076293945,24.670000076293945,24.670000076293945,492,0.0,0.0,0.0
2024-06-28 15:55:00-04:00,24.670000076293945,24.670000076293945,24.670000076293945,24.670000076293945,1608,0.0,0.0,0.0
