Datetime,Open,High,Low,Close,Volume,Dividends,Stock Splits
2024-05-30 09:30:00-04:00,5.800000190734863,5.800000190734863,5.800000190734863,5.800000190734863,8587,0.0,0.0
2024-05-30 09:35:00-04:00,5.71999979019165,5.71999979019165,5.71999979019165,5.71999979019165,1065,0.0,0.0
2024-05-30 09:40:00-04:00,5.699999809265137,5.699999809265137,5.699999809265137,5.699999809265137,410,0.0,0.0
2024-05-30 09:50:00-04:00,5.710100173950195,5.710100173950195,5.710100173950195,5.710100173950195,2020,0.0,0.0
2024-05-30 09:55:00-04:00,5.730000019073486,5.730000019073486,5.710000038146973,5.710000038146973,440,0.0,0.0
2024-05-30 10:05:00-04:00,5.710000038146973,5.710000038146973,5.682700157165527,5.682700157165527,5302,0.0,0.0
2024-05-30 10:10:00-04:00,5.723299980163574,5.723299980163574,5.710000038146973,5.710000038146973,5281,0.0,0.0
2024-05-30 10:15:00-04:00,5.699999809265137,5.704999923706055,5.699999809265137,5.704999923706055,908,0.0,0.0
2024-05-30 10:30:00-04:00,5.701000213623047,5.701000213623047,5.695000171661377,5.695000171661377,1168,0.0,0.0
2024-05-30 10:40:00-04:00,5.670000076293945,5.670000076293945,5.670000076293945,5.670000076293945,486,0.0,0.0
2024-05-30 10:45:00-04:00,5.6757001876831055,5.689899921417236,5.6757001876831055,5.689899921417236,1216,0.0,0.0
2024-05-30 10:50:00-04:00,5.690000057220459,5.690000057220459,5.690000057220459,5.690000057220459,108,0.0,0.0
2024-05-30 10:55:00-04:00,5.696199893951416,5.699999809265137,5.630000114440918,5.630000114440918,2879,0.0,0.0
2024-05-30 11:00:00-04:00,5.619999885559082,5.619999885559082,5.599999904632568,5.599999904632568,2098,0.0,0.0
2024-05-30 11:05:00-04:00,5.599400043487549,5.599400043487549,5.599400043487549,5.599400043487549,970,0.0,0.0
2024-05-30 11:10:00-04:00,5.630000114440918,5.670000076293945,5.630000114440918,5.670000076293945,3595,0.0,0.0
2024-05-30 11:20:00-04:00,5.71999979019165,5.71999979019165,5.590099811553955,5.639999866485596,660,0.0,0.0
2024-05-30 11:25:00-04:00,5.699999809265137,5.699999809265137,5.699999809265137,5.699999809265137,471,0.0,0.0
2024-05-30 11:55:00-04:00,5.704999923706055,5.704999923706055,5.704999923706055,5.704999923706055,614,0.0,0.0
2024-05-30 12:00:00-04:00,5.704999923706055,5.730000019073486,5.688899993896484,5.730000019073486,1162,0.0,0.0
2024-05-30 12:10:00-04:00,5.71999979019165,5.729700088500977,5.690100193023682,5.690100193023682,9244,0.0,0.0
2024-05-30 12:25:00-04:00,5.715000152587891,5.769999980926514,5.715000152587891,5.769899845123291,7638,0.0,0.0
2024-05-30 13:00:00-04:00,5.820000171661377,5.839900016784668,5.820000171661377,5.839900016784668,1980,0.0,0.0
2024-05-30 13:10:00-04:00,5.820000171661377,5.820000171661377,5.78000020980835,5.78000020980835,521,0.0,0.0
2024-05-30 13:20:00-04:00,5.789999961853027,5.789999961853027,5.789999961853027,5.789999961853027,1274,0.0,0.0
2024-05-30 13:25:00-04:00,5.805099964141846,5.805099964141846,5.805099964141846,5.805099964141846,272,0.0,0.0
2024-05-30 13:30:00-04:00,5.809999942779541,5.809999942779541,5.809999942779541,5.809999942779541,131,0.0,0.0
2024-05-30 13:40:00-04:00,5.809899806976318,5.829999923706055,5.779900074005127,5.829999923706055,12240,0.0,0.0
2024-05-30 13:45:00-04:00,5.809999942779541,5.859899997711182,5.799900054931641,5.84499979019165,10117,0.0,0.0
2024-05-30 13:50:00-04:00,5.850100040435791,5.869999885559082,5.829999923706055,5.855000019073486,4973,0.0,0.0
2024-05-30 13:55:00-04:00,5.840000152587891,5.840000152587891,5.769999980926514,5.788000106811523,1556,0.0,0.0
2024-05-30 14:00:00-04:00,5.800000190734863,5.800000190734863,5.800000190734863,5.800000190734863,2027,0.0,0.0
2024-05-30 14:55:00-04:00,5.784999847412109,5.784999847412109,5.769999980926514,5.769999980926514,1455,0.0,0.0
2024-05-30 15:10:00-04:00,5.760000228881836,5.760000228881836,5.760000228881836,5.760000228881836,936,0.0,0.0
2024-05-30 15:30:00-04:00,5.789899826049805,5.799900054931641,5.789899826049805,5.799900054931641,1271,0.0,0.0
2024-05-30 15:35:00-04:00,5.7600998878479,5.7600998878479,5.7600998878479,5.7600998878479,399,0.0,0.0
2024-05-30 15:40:00-04:00,5.760000228881836,5.760000228881836,5.760000228881836,5.760000228881836,501,0.0,0.0
2024-05-30 15:45:00-04:00,5.739999771118164,5.739999771118164,5.739999771118164,5.739999771118164,1383,0.0,0.0
2024-05-30 15:50:00-04:00,5.789700031280518,5.789700031280518,5.769999980926514,5.769999980926514,1070,0.0,0.0
2024-05-30 15:55:00-04:00,5.75,5.800000190734863,5.75,5.800000190734863,2102,0.0,0.0
2024-05-31 09:30:00-04:00,5.900000095367432,5.900000095367432,5.900000095367432,5.900000095367432,7970,0.0,0.0
2024-05-31 09:35:00-04:00,5.840000152587891,5.840000152587891,5.75,5.75,3859,0.0,0.0
2024-05-31 09:40:00-04:00,5.789999961853027,5.789999961853027,5.789999961853027,5.789999961853027,314,0.0,0.0
2024-05-31 09:50:00-04:00,5.809999942779541,5.809999942779541,5.7845001220703125,5.7845001220703125,2083,0.0,0.0
2024-05-31 09:55:00-04:00,5.786600112915039,5.786600112915039,5.746300220489502,5.746300220489502,2837,0.0,0.0
2024-05-31 10:00:00-04:00,5.730000019073486,5.772299766540527,5.730000019073486,5.772299766540527,1197,0.0,0.0
2024-05-31 10:05:00-04:00,5.800000190734863,5.800000190734863,5.800000190734863,5.800000190734863,200,0.0,0.0
2024-05-31 10:10:00-04:00,5.760000228881836,5.760000228881836,5.760000228881836,5.760000228881836,669,0.0,0.0
2024-05-31 10:15:00-04:00,5.789899826049805,5.789899826049805,5.789899826049805,5.789899826049805,1473,0.0,0.0
2024-05-31 10:20:00-04:00,5.78000020980835,5.78000020980835,5.67609977722168,5.67609977722168,1675,0.0,0.0
2024-05-31 10:25:00-04:00,5.715000152587891,5.715000152587891,5.715000152587891,5.715000152587891,102,0.0,0.0
2024-05-31 10:30:00-04:00,5.715000152587891,5.715000152587891,5.715000152587891,5.715000152587891,787,0.0,0.0
2024-05-31 10:35:00-04:00,5.650000095367432,5.650000095367432,5.650000095367432,5.650000095367432,1952,0.0,0.0
2024-05-31 10:40:00-04:00,5.614999771118164,5.614999771118164,5.614999771118164,5.614999771118164,1135,0.0,0.0
2024-05-31 10:45:00-04:00,5.609899997711182,5.609899997711182,5.609899997711182,5.609899997711182,344,0.0,0.0
2024-05-31 10:55:00-04:00,5.600399971008301,5.600399971008301,5.600399971008301,5.600399971008301,748,0.0,0.0
2024-05-31 11:00:00-04:00,5.610000133514404,5.63730001449585,5.610000133514404,5.63730001449585,6813,0.0,0.0
2024-05-31 11:05:00-04:00,5.600100040435791,5.600100040435791,5.590000152587891,5.590000152587891,4456,0.0,0.0
2024-05-31 11:10:00-04:00,5.591000080108643,5.591000080108643,5.591000080108643,5.591000080108643,1109,0.0,0.0
2024-05-31 11:25:00-04:00,5.559999942779541,5.5746002197265625,5.559999942779541,5.570000171661377,4468,0.0,0.0
2024-05-31 11:35:00-04:00,5.614999771118164,5.614999771118164,5.614999771118164,5.614999771118164,173,0.0,0.0
2024-05-31 11:40:00-04:00,5.613800048828125,5.613800048828125,5.613800048828125,5.613800048828125,520,0.0,0.0
2024-05-31 11:50:00-04:00,5.610300064086914,5.610300064086914,5.610300064086914,5.610300064086914,200,0.0,0.0
2024-05-31 11:55:00-04:00,5.614999771118164,5.614999771118164,5.614999771118164,5.614999771118164,633,0.0,0.0
2024-05-31 12:00:00-04:00,5.611000061035156,5.611000061035156,5.610000133514404,5.610000133514404,3463,0.0,0.0
2024-05-31 12:05:00-04:00,5.599999904632568,5.599999904632568,5.599999904632568,5.599999904632568,1041,0.0,0.0
2024-05-31 12:15:00-04:00,5.584499835968018,5.584499835968018,5.584499835968018,5.584499835968018,1001,0.0,0.0
2024-05-31 12:20:00-04:00,5.5980000495910645,5.5980000495910645,5.590099811553955,5.590099811553955,4939,0.0,0.0
2024-05-31 12:25:00-04:00,5.579999923706055,5.579999923706055,5.579999923706055,5.579999923706055,2838,0.0,0.0
2024-05-31 12:40:00-04:00,5.619900226593018,5.639999866485596,5.619900226593018,5.639900207519531,3696,0.0,0.0
2024-05-31 12:50:00-04:00,5.675000190734863,5.708499908447266,5.675000190734863,5.708499908447266,2007,0.0,0.0
2024-05-31 13:55:00-04:00,5.670000076293945,5.670000076293945,5.664999961853027,5.664999961853027,3298,0.0,0.0
2024-05-31 14:05:00-04:00,5.684599876403809,5.684599876403809,5.684599876403809,5.684599876403809,216,0.0,0.0
2024-05-31 14:10:00-04:00,5.659999847412109,5.659999847412109,5.659999847412109,5.659999847412109,320,0.0,0.0
2024-05-31 14:15:00-04:00,5.677299976348877,5.677299976348877,5.599999904632568,5.614999771118164,5251,0.0,0.0
2024-05-31 14:35:00-04:00,5.639999866485596,5.639999866485596,5.639999866485596,5.639999866485596,400,0.0,0.0
2024-05-31 14:40:00-04:00,5.670000076293945,5.679999828338623,5.670000076293945,5.679900169372559,1807,0.0,0.0
2024-05-31 14:50:00-04:00,5.625199794769287,5.625199794769287,5.590000152587891,5.620200157165527,1564,0.0,0.0
2024-05-31 15:00:00-04:00,5.638999938964844,5.638999938964844,5.638999938964844,5.638999938964844,127,0.0,0.0
2024-05-31 15:10:00-04:00,5.635000228881836,5.635000228881836,5.635000228881836,5.635000228881836,537,0.0,0.0
2024-05-31 15:25:00-04:00,5.650000095367432,5.650000095367432,5.650000095367432,5.650000095367432,396,0.0,0.0
2024-05-31 15:30:00-04:00,5.619999885559082,5.639999866485596,5.619999885559082,5.639999866485596,3950,0.0,0.0
2024-05-31 15:35:00-04:00,5.657700061798096,5.689199924468994,5.657700061798096,5.689199924468994,1899,0.0,0.0
2024-05-31 15:40:00-04:00,5.690000057220459,5.690000057220459,5.690000057220459,5.690000057220459,1774,0.0,0.0
2024-05-31 15:45:00-04:00,5.684999942779541,5.684999942779541,5.661900043487549,5.661900043487549,4414,0.0,0.0
2024-05-31 15:50:00-04:00,5.699999809265137,5.760000228881836,5.699999809265137,5.760000228881836,9449,0.0,0.0
2024-05-31 15:55:00-04:00,5.760000228881836,5.829999923706055,5.760000228881836,5.829999923706055,3298,0.0,0.0
2024-06-03 09:30:00-04:00,5.829999923706055,5.829999923706055,5.760000228881836,5.760000228881836,4970,0.0,0.0
2024-06-03 09:35:00-04:00,5.710100173950195,5.710100173950195,5.710100173950195,5.710100173950195,724,0.0,0.0
2024-06-03 09:40:00-04:00,5.809999942779541,5.819799900054932,5.809999942779541,5.810500144958496,3615,0.0,0.0
2024-06-03 09:45:00-04:00,5.805699825286865,5.819900035858154,5.805699825286865,5.819900035858154,1027,0.0,0.0
2024-06-03 09:55:00-04:00,5.820000171661377,5.820000171661377,5.71999979019165,5.71999979019165,4243,0.0,0.0
2024-06-03 10:00:00-04:00,5.7399001121521,5.7399001121521,5.717599868774414,5.717599868774414,396,0.0,0.0
2024-06-03 10:10:00-04:00,5.6819000244140625,5.690000057220459,5.661900043487549,5.68209981918335,2038,0.0,0.0
2024-06-03 10:15:00-04:00,5.690000057220459,5.690000057220459,5.679999828338623,5.679999828338623,920,0.0,0.0
2024-06-03 10:30:00-04:00,5.670000076293945,5.670000076293945,5.670000076293945,5.670000076293945,634,0.0,0.0
2024-06-03 10:35:00-04:00,5.659999847412109,5.659999847412109,5.659999847412109,5.659999847412109,566,0.0,0.0
2024-06-03 10:40:00-04:00,5.664299964904785,5.664299964904785,5.664299964904785,5.664299964904785,1198,0.0,0.0
2024-06-03 10:50:00-04:00,5.690000057220459,5.7399001121521,5.690000057220459,5.7399001121521,3833,0.0,0.0
2024-06-03 10:55:00-04:00,5.710000038146973,5.710000038146973,5.679999828338623,5.679999828338623,6297,0.0,0.0
2024-06-03 11:00:00-04:00,5.724999904632568,5.724999904632568,5.724999904632568,5.724999904632568,0,0.0,0.0
2024-06-03 11:10:00-04:00,5.699999809265137,5.699999809265137,5.699999809265137,5.699999809265137,184,0.0,0.0
2024-06-03 11:20:00-04:00,5.710000038146973,5.710000038146973,5.699999809265137,5.699999809265137,1404,0.0,0.0
2024-06-03 11:25:00-04:00,5.680200099945068,5.701600074768066,5.680200099945068,5.701600074768066,1218,0.0,0.0
2024-06-03 11:30:00-04:00,5.679999828338623,5.679999828338623,5.679999828338623,5.679999828338623,2090,0.0,0.0
2024-06-03 11:35:00-04:00,5.675000190734863,5.675000190734863,5.675000190734863,5.675000190734863,135,0.0,0.0
2024-06-03 11:40:00-04:00,5.650000095367432,5.654300212860107,5.599999904632568,5.639999866485596,8497,0.0,0.0
2024-06-03 11:50:00-04:00,5.559999942779541,5.559999942779541,5.5,5.500100135803223,4039,0.0,0.0
2024-06-03 12:05:00-04:00,5.539899826049805,5.539899826049805,5.510000228881836,5.510000228881836,642,0.0,0.0
2024-06-03 12:10:00-04:00,5.539400100708008,5.539400100708008,5.539400100708008,5.539400100708008,66,0.0,0.0
2024-06-03 12:15:00-04:00,5.539899826049805,5.539899826049805,5.539899826049805,5.539899826049805,425,0.0,0.0
2024-06-03 12:20:00-04:00,5.539999961853027,5.550000190734863,5.53000020980835,5.549900054931641,1542,0.0,0.0
2024-06-03 12:25:00-04:00,5.539999961853027,5.539999961853027,5.539999961853027,5.539999961853027,300,0.0,0.0
2024-06-03 12:30:00-04:00,5.539999961853027,5.539999961853027,5.539999961853027,5.539999961853027,158,0.0,0.0
2024-06-03 12:40:00-04:00,5.5320000648498535,5.534599781036377,5.5320000648498535,5.534599781036377,693,0.0,0.0
2024-06-03 12:50:00-04:00,5.539999961853027,5.539999961853027,5.53000020980835,5.539999961853027,1449,0.0,0.0
2024-06-03 13:00:00-04:00,5.539999961853027,5.550000190734863,5.539999961853027,5.550000190734863,3026,0.0,0.0
2024-06-03 13:05:00-04:00,5.550000190734863,5.610000133514404,5.550000190734863,5.610000133514404,7062,0.0,0.0
2024-06-03 13:15:00-04:00,5.609000205993652,5.609000205993652,5.609000205993652,5.609000205993652,201,0.0,0.0
2024-06-03 13:20:00-04:00,5.610000133514404,5.659999847412109,5.59499979019165,5.650000095367432,1006,0.0,0.0
2024-06-03 13:35:00-04:00,5.679999828338623,5.679999828338623,5.679999828338623,5.679999828338623,890,0.0,0.0
2024-06-03 13:40:00-04:00,5.690000057220459,5.690000057220459,5.690000057220459,5.690000057220459,111,0.0,0.0
2024-06-03 13:50:00-04:00,5.679999828338623,5.679999828338623,5.679999828338623,5.679999828338623,5200,0.0,0.0
2024-06-03 13:55:00-04:00,5.690000057220459,5.690000057220459,5.690000057220459,5.690000057220459,0,0.0,0.0
2024-06-03 14:05:00-04:00,5.679999828338623,5.681000232696533,5.599999904632568,5.599999904632568,10068,0.0,0.0
2024-06-03 14:10:00-04:00,5.630000114440918,5.630000114440918,5.630000114440918,5.630000114440918,1933,0.0,0.0
2024-06-03 14:15:00-04:00,5.659999847412109,5.659999847412109,5.659999847412109,5.659999847412109,412,0.0,0.0
2024-06-03 14:20:00-04:00,5.659999847412109,5.699999809265137,5.659999847412109,5.699999809265137,906,0.0,0.0
2024-06-03 14:25:00-04:00,5.690000057220459,5.690000057220459,5.690000057220459,5.690000057220459,201,0.0,0.0
2024-06-03 14:30:00-04:00,5.690000057220459,5.690000057220459,5.690000057220459,5.690000057220459,1625,0.0,0.0
2024-06-03 14:35:00-04:00,5.699999809265137,5.699999809265137,5.690000057220459,5.690000057220459,437,0.0,0.0
2024-06-03 14:40:00-04:00,5.690000057220459,5.690000057220459,5.690000057220459,5.690000057220459,300,0.0,0.0
2024-06-03 14:45:00-04:00,5.690000057220459,5.690000057220459,5.690000057220459,5.690000057220459,130,0.0,0.0
2024-06-03 14:50:00-04:00,5.690000057220459,5.690000057220459,5.659999847412109,5.659999847412109,1203,0.0,0.0
2024-06-03 14:55:00-04:00,5.68179988861084,5.690000057220459,5.659999847412109,5.690000057220459,926,0.0,0.0
2024-06-03 15:00:00-04:00,5.690000057220459,5.690000057220459,5.664999961853027,5.664999961853027,1275,0.0,0.0
2024-06-03 15:05:00-04:00,5.65500020980835,5.65500020980835,5.639999866485596,5.6417999267578125,1015,0.0,0.0
2024-06-03 15:10:00-04:00,5.650000095367432,5.650000095367432,5.650000095367432,5.650000095367432,164,0.0,0.0
2024-06-03 15:20:00-04:00,5.690000057220459,5.690000057220459,5.690000057220459,5.690000057220459,556,0.0,0.0
2024-06-03 15:25:00-04:00,5.679999828338623,5.699999809265137,5.679999828338623,5.699999809265137,725,0.0,0.0
2024-06-03 15:30:00-04:00,5.699999809265137,5.699999809265137,5.650100231170654,5.650100231170654,1658,0.0,0.0
2024-06-03 15:35:00-04:00,5.699999809265137,5.739999771118164,5.699999809265137,5.739999771118164,1365,0.0,0.0
2024-06-03 15:40:00-04:00,5.739999771118164,5.739999771118164,5.739999771118164,5.739999771118164,321,0.0,0.0
2024-06-03 15:45:00-04:00,5.716300010681152,5.739999771118164,5.716300010681152,5.739999771118164,525,0.0,0.0
2024-06-03 15:50:00-04:00,5.739999771118164,5.739999771118164,5.710000038146973,5.739999771118164,5102,0.0,0.0
2024-06-03 15:55:00-04:00,5.710100173950195,5.75,5.710000038146973,5.744999885559082,2954,0.0,0.0
2024-06-04 09:30:00-04:00,5.760000228881836,5.799900054931641,5.75,5.799900054931641,5772,0.0,0.0
2024-06-04 09:35:00-04:00,5.703499794006348,5.703499794006348,5.703499794006348,5.703499794006348,1139,0.0,0.0
2024-06-04 09:40:00-04:00,5.749899864196777,5.749899864196777,5.749899864196777,5.749899864196777,5050,0.0,0.0
2024-06-04 09:50:00-04:00,5.719900131225586,5.719900131225586,5.599999904632568,5.599999904632568,2540,0.0,0.0
2024-06-04 09:55:00-04:00,5.559999942779541,5.559999942779541,5.539999961853027,5.548699855804443,2947,0.0,0.0
2024-06-04 10:05:00-04:00,5.559999942779541,5.559999942779541,5.551000118255615,5.551000118255615,367,0.0,0.0
2024-06-04 10:10:00-04:00,5.570000171661377,5.570000171661377,5.570000171661377,5.570000171661377,500,0.0,0.0
2024-06-04 10:15:00-04:00,5.550000190734863,5.570000171661377,5.550000190734863,5.570000171661377,617,0.0,0.0
2024-06-04 10:20:00-04:00,5.550000190734863,5.550000190734863,5.5,5.5,17535,0.0,0.0
2024-06-04 10:25:00-04:00,5.494999885559082,5.5,5.494999885559082,5.5,520,0.0,0.0
2024-06-04 10:30:00-04:00,5.5,5.5,5.5,5.5,555,0.0,0.0
2024-06-04 10:45:00-04:00,5.519999980926514,5.519999980926514,5.519999980926514,5.519999980926514,118,0.0,0.0
2024-06-04 10:50:00-04:00,5.519999980926514,5.519999980926514,5.509900093078613,5.509900093078613,8005,0.0,0.0
2024-06-04 11:00:00-04:00,5.489999771118164,5.49970006942749,5.480000019073486,5.480000019073486,1188,0.0,0.0
2024-06-04 11:05:00-04:00,5.46999979019165,5.480000019073486,5.46999979019165,5.480000019073486,502,0.0,0.0
2024-06-04 11:10:00-04:00,5.4527997970581055,5.4527997970581055,5.429999828338623,5.430099964141846,2718,0.0,0.0
2024-06-04 11:15:00-04:00,5.449999809265137,5.449999809265137,5.430099964141846,5.430099964141846,1096,0.0,0.0
2024-06-04 11:20:00-04:00,5.46999979019165,5.46999979019165,5.449999809265137,5.449999809265137,1497,0.0,0.0
2024-06-04 11:25:00-04:00,5.46999979019165,5.46999979019165,5.46999979019165,5.46999979019165,300,0.0,0.0
2024-06-04 11:30:00-04:00,5.519999980926514,5.519999980926514,5.519999980926514,5.519999980926514,310,0.0,0.0
2024-06-04 11:35:00-04:00,5.534200191497803,5.534200191497803,5.534200191497803,5.534200191497803,369,0.0,0.0
2024-06-04 11:45:00-04:00,5.539999961853027,5.539999961853027,5.539999961853027,5.539999961853027,200,0.0,0.0
2024-06-04 11:50:00-04:00,5.539000034332275,5.539000034332275,5.420000076293945,5.429999828338623,8509,0.0,0.0
2024-06-04 11:55:00-04:00,5.480000019073486,5.480000019073486,5.440000057220459,5.440000057220459,1451,0.0,0.0
2024-06-04 12:05:00-04:00,5.440000057220459,5.449999809265137,5.440000057220459,5.449999809265137,3030,0.0,0.0
2024-06-04 12:10:00-04:00,5.460000038146973,5.460000038146973,5.460000038146973,5.460000038146973,1848,0.0,0.0
2024-06-04 12:15:00-04:00,5.480000019073486,5.480000019073486,5.480000019073486,5.480000019073486,230,0.0,0.0
2024-06-04 12:20:00-04:00,5.485000133514404,5.485000133514404,5.46999979019165,5.46999979019165,530,0.0,0.0
2024-06-04 12:25:00-04:00,5.480000019073486,5.480000019073486,5.480000019073486,5.480000019073486,197,0.0,0.0
2024-06-04 12:30:00-04:00,5.480000019073486,5.480000019073486,5.480000019073486,5.480000019073486,117,0.0,0.0
2024-06-04 12:40:00-04:00,5.485000133514404,5.485000133514404,5.485000133514404,5.485000133514404,2070,0.0,0.0
2024-06-04 12:45:00-04:00,5.449999809265137,5.449999809265137,5.449999809265137,5.449999809265137,2447,0.0,0.0
2024-06-04 12:50:00-04:00,5.454999923706055,5.454999923706055,5.454999923706055,5.454999923706055,300,0.0,0.0
2024-06-04 12:55:00-04:00,5.454999923706055,5.454999923706055,5.454999923706055,5.454999923706055,716,0.0,0.0
2024-06-04 13:25:00-04:00,5.479899883270264,5.479899883270264,5.479899883270264,5.479899883270264,424,0.0,0.0
2024-06-04 13:30:00-04:00,5.465000152587891,5.510000228881836,5.465000152587891,5.510000228881836,4532,0.0,0.0
2024-06-04 13:40:00-04:00,5.510000228881836,5.510000228881836,5.510000228881836,5.510000228881836,1000,0.0,0.0
2024-06-04 13:50:00-04:00,5.489999771118164,5.489999771118164,5.489999771118164,5.489999771118164,1931,0.0,0.0
2024-06-04 13:55:00-04:00,5.494500160217285,5.494500160217285,5.466899871826172,5.482500076293945,3382,0.0,0.0
2024-06-04 14:15:00-04:00,5.45359992980957,5.5,5.45359992980957,5.480000019073486,1417,0.0,0.0
2024-06-04 14:20:00-04:00,5.489999771118164,5.5,5.489999771118164,5.5,236,0.0,0.0
2024-06-04 14:25:00-04:00,5.505499839782715,5.505499839782715,5.505499839782715,5.505499839782715,307,0.0,0.0
2024-06-04 14:40:00-04:00,5.492300033569336,5.5081000328063965,5.492300033569336,5.5081000328063965,360,0.0,0.0
2024-06-04 14:50:00-04:00,5.5,5.5,5.5,5.5,600,0.0,0.0
2024-06-04 14:55:00-04:00,5.490099906921387,5.490099906921387,5.490099906921387,5.490099906921387,0,0.0,0.0
2024-06-04 15:00:00-04:00,5.489999771118164,5.489999771118164,5.463500022888184,5.463500022888184,8700,0.0,0.0
2024-06-04 15:10:00-04:00,5.46999979019165,5.46999979019165,5.46999979019165,5.46999979019165,197,0.0,0.0
2024-06-04 15:20:00-04:00,5.4953999519348145,5.4953999519348145,5.4953999519348145,5.4953999519348145,411,0.0,0.0
2024-06-04 15:40:00-04:00,5.5,5.505300045013428,5.5,5.505300045013428,1957,0.0,0.0
2024-06-04 15:50:00-04:00,5.508999824523926,5.508999824523926,5.505000114440918,5.505000114440918,1754,0.0,0.0
2024-06-04 15:55:00-04:00,5.5,5.505000114440918,5.46999979019165,5.46999979019165,2876,0.0,0.0
2024-06-05 09:30:00-04:00,5.510000228881836,5.550000190734863,5.510000228881836,5.550000190734863,4772,0.0,0.0
2024-06-05 09:35:00-04:00,5.550099849700928,5.550099849700928,5.460000038146973,5.460000038146973,1833,0.0,0.0
2024-06-05 09:40:00-04:00,5.4710001945495605,5.489299774169922,5.449999809265137,5.489299774169922,2824,0.0,0.0
2024-06-05 10:00:00-04:00,5.479800224304199,5.479800224304199,5.479800224304199,5.479800224304199,411,0.0,0.0
2024-06-05 10:05:00-04:00,5.480000019073486,5.480000019073486,5.455699920654297,5.455699920654297,664,0.0,0.0
2024-06-05 10:10:00-04:00,5.465000152587891,5.465000152587891,5.429999828338623,5.429999828338623,4653,0.0,0.0
2024-06-05 10:15:00-04:00,5.42140007019043,5.42140007019043,5.42140007019043,5.42140007019043,186,0.0,0.0
2024-06-05 10:20:00-04:00,5.420100212097168,5.449999809265137,5.4197001457214355,5.449999809265137,2227,0.0,0.0
2024-06-05 10:25:00-04:00,5.489999771118164,5.489999771118164,5.474999904632568,5.474999904632568,859,0.0,0.0
2024-06-05 10:35:00-04:00,5.539999961853027,5.539999961853027,5.539999961853027,5.539999961853027,4000,0.0,0.0
2024-06-05 10:45:00-04:00,5.519000053405762,5.559999942779541,5.514999866485596,5.559999942779541,0,0.0,0.0
2024-06-05 10:50:00-04:00,5.5304999351501465,5.5304999351501465,5.5304999351501465,5.5304999351501465,225,0.0,0.0
2024-06-05 11:00:00-04:00,5.505000114440918,5.505000114440918,5.505000114440918,5.505000114440918,263,0.0,0.0
2024-06-05 11:15:00-04:00,5.5,5.5,5.5,5.5,989,0.0,0.0
2024-06-05 11:35:00-04:00,5.539999961853027,5.539999961853027,5.539999961853027,5.539999961853027,1406,0.0,0.0
2024-06-05 11:40:00-04:00,5.550000190734863,5.584000110626221,5.550000190734863,5.584000110626221,2562,0.0,0.0
2024-06-05 11:45:00-04:00,5.59499979019165,5.59499979019165,5.59499979019165,5.59499979019165,316,0.0,0.0
2024-06-05 11:55:00-04:00,5.614999771118164,5.614999771118164,5.614999771118164,5.614999771118164,526,0.0,0.0
2024-06-05 12:05:00-04:00,5.590000152587891,5.630000114440918,5.590000152587891,5.618800163269043,2943,0.0,0.0
2024-06-05 12:20:00-04:00,5.587800025939941,5.587800025939941,5.587800025939941,5.587800025939941,223,0.0,0.0
2024-06-05 12:30:00-04:00,5.570000171661377,5.570000171661377,5.570000171661377,5.570000171661377,1148,0.0,0.0
2024-06-05 12:40:00-04:00,5.535799980163574,5.535799980163574,5.519999980926514,5.519999980926514,10086,0.0,0.0
2024-06-05 12:50:00-04:00,5.539999961853027,5.539999961853027,5.539999961853027,5.539999961853027,1384,0.0,0.0
2024-06-05 13:55:00-04:00,5.514999866485596,5.514999866485596,5.514999866485596,5.514999866485596,200,0.0,0.0
2024-06-05 14:10:00-04:00,5.53000020980835,5.53000020980835,5.53000020980835,5.53000020980835,2738,0.0,0.0
2024-06-05 14:15:00-04:00,5.539299964904785,5.539299964904785,5.539299964904785,5.539299964904785,0,0.0,0.0
2024-06-05 14:25:00-04:00,5.525000095367432,5.525000095367432,5.525000095367432,5.525000095367432,120,0.0,0.0
2024-06-05 14:40:00-04:00,5.5395002365112305,5.575399875640869,5.5395002365112305,5.575399875640869,1321,0.0,0.0
2024-06-05 14:50:00-04:00,5.545000076293945,5.545000076293945,5.545000076293945,5.545000076293945,1700,0.0,0.0
2024-06-05 14:55:00-04:00,5.556099891662598,5.556099891662598,5.556099891662598,5.556099891662598,800,0.0,0.0
2024-06-05 15:00:00-04:00,5.565000057220459,5.565000057220459,5.565000057220459,5.565000057220459,0,0.0,0.0
2024-06-05 15:05:00-04:00,5.579899787902832,5.579899787902832,5.545000076293945,5.545000076293945,1289,0.0,0.0
2024-06-05 15:10:00-04:00,5.564799785614014,5.564799785614014,5.564799785614014,5.564799785614014,808,0.0,0.0
2024-06-05 15:20:00-04:00,5.565000057220459,5.565000057220459,5.565000057220459,5.565000057220459,1179,0.0,0.0
2024-06-05 15:30:00-04:00,5.555500030517578,5.555500030517578,5.555500030517578,5.555500030517578,302,0.0,0.0
2024-06-05 15:35:00-04:00,5.559999942779541,5.559999942779541,5.559999942779541,5.559999942779541,239,0.0,0.0
2024-06-05 15:40:00-04:00,5.559999942779541,5.559999942779541,5.559999942779541,5.559999942779541,196,0.0,0.0
2024-06-05 15:45:00-04:00,5.56820011138916,5.56820011138916,5.519999980926514,5.519999980926514,3547,0.0,0.0
2024-06-05 15:50:00-04:00,5.53000020980835,5.550000190734863,5.53000020980835,5.550000190734863,2198,0.0,0.0
2024-06-05 15:55:00-04:00,5.539999961853027,5.569799900054932,5.539999961853027,5.539999961853027,2279,0.0,0.0
2024-06-06 09:30:00-04:00,5.650000095367432,5.75,5.630000114440918,5.630000114440918,4101,0.0,0.0
2024-06-06 09:45:00-04:00,5.669899940490723,5.669899940490723,5.669899940490723,5.669899940490723,2097,0.0,0.0
2024-06-06 09:50:00-04:00,5.642199993133545,5.668399810791016,5.642199993133545,5.668399810791016,409,0.0,0.0
2024-06-06 09:55:00-04:00,5.659999847412109,5.670000076293945,5.659999847412109,5.670000076293945,540,0.0,0.0
2024-06-06 10:00:00-04:00,5.610000133514404,5.610000133514404,5.610000133514404,5.610000133514404,400,0.0,0.0
2024-06-06 10:05:00-04:00,5.649499893188477,5.649499893188477,5.649499893188477,5.649499893188477,391,0.0,0.0
2024-06-06 10:15:00-04:00,5.650000095367432,5.650000095367432,5.650000095367432,5.650000095367432,2881,0.0,0.0
2024-06-06 10:30:00-04:00,5.619999885559082,5.619999885559082,5.619999885559082,5.619999885559082,207,0.0,0.0
2024-06-06 10:35:00-04:00,5.609399795532227,5.609399795532227,5.609399795532227,5.609399795532227,372,0.0,0.0
2024-06-06 10:40:00-04:00,5.619999885559082,5.619999885559082,5.619999885559082,5.619999885559082,107,0.0,0.0
2024-06-06 10:50:00-04:00,5.619999885559082,5.699999809265137,5.619999885559082,5.699999809265137,5151,0.0,0.0
2024-06-06 10:55:00-04:00,5.710000038146973,5.710000038146973,5.695000171661377,5.695000171661377,1057,0.0,0.0
2024-06-06 11:05:00-04:00,5.650400161743164,5.650400161743164,5.650400161743164,5.650400161743164,545,0.0,0.0
2024-06-06 11:10:00-04:00,5.698999881744385,5.730000019073486,5.698999881744385,5.730000019073486,3499,0.0,0.0
2024-06-06 11:15:00-04:00,5.715000152587891,5.729899883270264,5.715000152587891,5.729899883270264,826,0.0,0.0
2024-06-06 11:25:00-04:00,5.730000019073486,5.769999980926514,5.730000019073486,5.760000228881836,3889,0.0,0.0
2024-06-06 11:35:00-04:00,5.800000190734863,5.840000152587891,5.800000190734863,5.8140997886657715,1878,0.0,0.0
2024-06-06 11:40:00-04:00,5.829999923706055,5.8979997634887695,5.829999923706055,5.881899833679199,14186,0.0,0.0
2024-06-06 11:45:00-04:00,5.885000228881836,5.900000095367432,5.869999885559082,5.869999885559082,1586,0.0,0.0
2024-06-06 11:50:00-04:00,5.900000095367432,5.900000095367432,5.896299839019775,5.900000095367432,4337,0.0,0.0
2024-06-06 11:55:00-04:00,5.900000095367432,5.900000095367432,5.856599807739258,5.856599807739258,3967,0.0,0.0
2024-06-06 12:00:00-04:00,5.860000133514404,5.870100021362305,5.860000133514404,5.870100021362305,1913,0.0,0.0
2024-06-06 12:05:00-04:00,5.821100234985352,5.860000133514404,5.821100234985352,5.849999904632568,14384,0.0,0.0
2024-06-06 12:10:00-04:00,5.791399955749512,5.849999904632568,5.791399955749512,5.849999904632568,404,0.0,0.0
2024-06-06 12:15:00-04:00,5.849999904632568,5.849999904632568,5.849999904632568,5.849999904632568,234,0.0,0.0
2024-06-06 12:20:00-04:00,5.899899959564209,5.900000095367432,5.880000114440918,5.900000095367432,751,0.0,0.0
2024-06-06 12:30:00-04:00,5.860400199890137,5.860400199890137,5.860000133514404,5.860000133514404,340,0.0,0.0
2024-06-06 12:35:00-04:00,5.860000133514404,5.871099948883057,5.849999904632568,5.871099948883057,1740,0.0,0.0
2024-06-06 12:40:00-04:00,5.879700183868408,5.879700183868408,5.860000133514404,5.860000133514404,2133,0.0,0.0
2024-06-06 12:45:00-04:00,5.871399879455566,5.900000095367432,5.871399879455566,5.900000095367432,4980,0.0,0.0
2024-06-06 12:55:00-04:00,5.880000114440918,5.909999847412109,5.880000114440918,5.909999847412109,10358,0.0,0.0
2024-06-06 13:00:00-04:00,5.920000076293945,5.949999809265137,5.920000076293945,5.940100193023682,9203,0.0,0.0
2024-06-06 13:10:00-04:00,5.954999923706055,5.989999771118164,5.954999923706055,5.989999771118164,5899,0.0,0.0
2024-06-06 13:15:00-04:00,5.980000019073486,5.980000019073486,5.940000057220459,5.949999809265137,10810,0.0,0.0
2024-06-06 13:20:00-04:00,5.985499858856201,5.985499858856201,5.940000057220459,5.940000057220459,2588,0.0,0.0
2024-06-06 13:25:00-04:00,5.929999828338623,5.929999828338623,5.920000076293945,5.920000076293945,6004,0.0,0.0
2024-06-06 13:35:00-04:00,5.929999828338623,5.929999828338623,5.929999828338623,5.929999828338623,208,0.0,0.0
2024-06-06 13:40:00-04:00,5.934999942779541,5.934999942779541,5.900000095367432,5.920000076293945,2244,0.0,0.0
2024-06-06 13:45:00-04:00,5.920000076293945,5.920000076293945,5.920000076293945,5.920000076293945,234,0.0,0.0
2024-06-06 13:50:00-04:00,5.920000076293945,5.920000076293945,5.920000076293945,5.920000076293945,283,0.0,0.0
2024-06-06 13:55:00-04:00,5.900000095367432,5.919899940490723,5.900000095367432,5.919899940490723,3893,0.0,0.0
2024-06-06 14:15:00-04:00,5.890999794006348,5.890999794006348,5.890999794006348,5.890999794006348,429,0.0,0.0
2024-06-06 14:20:00-04:00,5.861000061035156,5.861000061035156,5.849999904632568,5.849999904632568,2733,0.0,0.0
2024-06-06 14:30:00-04:00,5.849999904632568,5.869999885559082,5.849999904632568,5.860000133514404,4613,0.0,0.0
2024-06-06 14:35:00-04:00,5.860000133514404,5.860000133514404,5.860000133514404,5.860000133514404,479,0.0,0.0
2024-06-06 14:40:00-04:00,5.869999885559082,5.869999885559082,5.859899997711182,5.859899997711182,3214,0.0,0.0
2024-06-06 15:05:00-04:00,5.834000110626221,5.834000110626221,5.834000110626221,5.834000110626221,2714,0.0,0.0
2024-06-06 15:20:00-04:00,5.829999923706055,5.829999923706055,5.829999923706055,5.829999923706055,117,0.0,0.0
2024-06-06 15:35:00-04:00,5.839900016784668,5.849999904632568,5.839900016784668,5.849999904632568,3894,0.0,0.0
2024-06-06 15:40:00-04:00,5.84689998626709,5.84689998626709,5.84689998626709,5.84689998626709,1444,0.0,0.0
2024-06-06 15:50:00-04:00,5.822299957275391,5.824999809265137,5.822299957275391,5.824999809265137,1172,0.0,0.0
2024-06-07 09:30:00-04:00,5.659999847412109,5.659999847412109,5.570000171661377,5.590000152587891,7097,0.0,0.0
2024-06-07 09:35:00-04:00,5.460000038146973,5.535299777984619,5.460000038146973,5.535299777984619,2137,0.0,0.0
2024-06-07 09:40:00-04:00,5.460000038146973,5.460000038146973,5.400000095367432,5.421800136566162,14407,0.0,0.0
2024-06-07 09:45:00-04:00,5.440000057220459,5.449999809265137,5.440000057220459,5.449999809265137,2604,0.0,0.0
2024-06-07 09:50:00-04:00,5.519800186157227,5.519999980926514,5.519800186157227,5.519999980926514,2410,0.0,0.0
2024-06-07 09:55:00-04:00,5.477099895477295,5.477099895477295,5.477099895477295,5.477099895477295,724,0.0,0.0
2024-06-07 10:05:00-04:00,5.440000057220459,5.440000057220459,5.440000057220459,5.440000057220459,1188,0.0,0.0
2024-06-07 10:10:00-04:00,5.5,5.5,5.5,5.5,322,0.0,0.0
2024-06-07 10:20:00-04:00,5.491499900817871,5.550000190734863,5.491399765014648,5.550000190734863,5549,0.0,0.0
2024-06-07 10:25:00-04:00,5.550000190734863,5.570000171661377,5.534999847412109,5.559999942779541,5856,0.0,0.0
2024-06-07 10:30:00-04:00,5.570000171661377,5.574999809265137,5.534999847412109,5.574999809265137,4691,0.0,0.0
2024-06-07 10:35:00-04:00,5.570000171661377,5.580100059509277,5.570000171661377,5.580100059509277,500,0.0,0.0
2024-06-07 10:40:00-04:00,5.611000061035156,5.611000061035156,5.579999923706055,5.579999923706055,286,0.0,0.0
2024-06-07 10:45:00-04:00,5.596099853515625,5.596099853515625,5.596099853515625,5.596099853515625,1023,0.0,0.0
2024-06-07 10:50:00-04:00,5.580100059509277,5.590000152587891,5.550000190734863,5.550000190734863,6429,0.0,0.0
2024-06-07 10:55:00-04:00,5.519999980926514,5.519999980926514,5.519899845123291,5.519899845123291,8136,0.0,0.0
2024-06-07 11:00:00-04:00,5.489999771118164,5.5,5.489999771118164,5.5,4378,0.0,0.0
2024-06-07 11:05:00-04:00,5.517199993133545,5.517199993133545,5.517199993133545,5.517199993133545,825,0.0,0.0
2024-06-07 11:20:00-04:00,5.510000228881836,5.510000228881836,5.489999771118164,5.510000228881836,7404,0.0,0.0
2024-06-07 11:30:00-04:00,5.510000228881836,5.519999980926514,5.489999771118164,5.489999771118164,7539,0.0,0.0
2024-06-07 11:35:00-04:00,5.46999979019165,5.46999979019165,5.400000095367432,5.400000095367432,2573,0.0,0.0
2024-06-07 11:40:00-04:00,5.425600051879883,5.434999942779541,5.400100231170654,5.434999942779541,2324,0.0,0.0
2024-06-07 11:50:00-04:00,5.45989990234375,5.45989990234375,5.45989990234375,5.45989990234375,347,0.0,0.0
2024-06-07 12:00:00-04:00,5.396900177001953,5.396900177001953,5.396900177001953,5.396900177001953,519,0.0,0.0
2024-06-07 12:05:00-04:00,5.400000095367432,5.400000095367432,5.400000095367432,5.400000095367432,320,0.0,0.0
2024-06-07 12:10:00-04:00,5.370999813079834,5.370999813079834,5.369999885559082,5.369999885559082,1595,0.0,0.0
2024-06-07 12:15:00-04:00,5.360000133514404,5.409999847412109,5.34499979019165,5.409999847412109,6565,0.0,0.0
2024-06-07 12:20:00-04:00,5.409999847412109,5.409999847412109,5.409999847412109,5.409999847412109,471,0.0,0.0
2024-06-07 12:25:00-04:00,5.425000190734863,5.425000190734863,5.425000190734863,5.425000190734863,8030,0.0,0.0
2024-06-07 12:30:00-04:00,5.420000076293945,5.439000129699707,5.414999961853027,5.439000129699707,722,0.0,0.0
2024-06-07 12:35:00-04:00,5.400100231170654,5.449999809265137,5.400100231170654,5.449999809265137,1372,0.0,0.0
2024-06-07 12:40:00-04:00,5.451399803161621,5.451399803161621,5.451399803161621,5.451399803161621,394,0.0,0.0
2024-06-07 12:45:00-04:00,5.460000038146973,5.460000038146973,5.450900077819824,5.460000038146973,3661,0.0,0.0
2024-06-07 13:00:00-04:00,5.460000038146973,5.46999979019165,5.449999809265137,5.460000038146973,16771,0.0,0.0
2024-06-07 13:05:00-04:00,5.440000057220459,5.440000057220459,5.440000057220459,5.440000057220459,276,0.0,0.0
2024-06-07 13:10:00-04:00,5.454999923706055,5.454999923706055,5.454999923706055,5.454999923706055,364,0.0,0.0
2024-06-07 13:20:00-04:00,5.449999809265137,5.449999809265137,5.449999809265137,5.449999809265137,1393,0.0,0.0
2024-06-07 13:25:00-04:00,5.445000171661377,5.445000171661377,5.425000190734863,5.429999828338623,7417,0.0,0.0
2024-06-07 13:30:00-04:00,5.440000057220459,5.460000038146973,5.440000057220459,5.460000038146973,1216,0.0,0.0
2024-06-07 13:40:00-04:00,5.440000057220459,5.446000099182129,5.400000095367432,5.400100231170654,3621,0.0,0.0
2024-06-07 13:50:00-04:00,5.448500156402588,5.448500156402588,5.429999828338623,5.429999828338623,5415,0.0,0.0
2024-06-07 13:55:00-04:00,5.429999828338623,5.429999828338623,5.425000190734863,5.425000190734863,1471,0.0,0.0
2024-06-07 14:00:00-04:00,5.446000099182129,5.446000099182129,5.446000099182129,5.446000099182129,394,0.0,0.0
2024-06-07 14:10:00-04:00,5.449999809265137,5.451099872589111,5.449999809265137,5.451099872589111,1441,0.0,0.0
2024-06-07 14:15:00-04:00,5.460000038146973,5.460000038146973,5.460000038146973,5.460000038146973,490,0.0,0.0
2024-06-07 14:20:00-04:00,5.480000019073486,5.490099906921387,5.480000019073486,5.489999771118164,738,0.0,0.0
2024-06-07 14:25:00-04:00,5.474299907684326,5.474299907684326,5.474299907684326,5.474299907684326,537,0.0,0.0
2024-06-07 14:30:00-04:00,5.46999979019165,5.46999979019165,5.46999979019165,5.46999979019165,201,0.0,0.0
2024-06-07 14:40:00-04:00,5.5,5.5,5.5,5.5,641,0.0,0.0
2024-06-07 14:55:00-04:00,5.519999980926514,5.519999980926514,5.5,5.503600120544434,882,0.0,0.0
2024-06-07 15:00:00-04:00,5.505000114440918,5.505000114440918,5.505000114440918,5.505000114440918,200,0.0,0.0
2024-06-07 15:05:00-04:00,5.519999980926514,5.519999980926514,5.519999980926514,5.519999980926514,895,0.0,0.0
2024-06-07 15:10:00-04:00,5.5,5.509099960327148,5.5,5.509099960327148,657,0.0,0.0
2024-06-07 15:15:00-04:00,5.510000228881836,5.510000228881836,5.510000228881836,5.510000228881836,4367,0.0,0.0
2024-06-07 15:20:00-04:00,5.550000190734863,5.550000190734863,5.550000190734863,5.550000190734863,1011,0.0,0.0
2024-06-07 15:30:00-04:00,5.519999980926514,5.519999980926514,5.519999980926514,5.519999980926514,219,0.0,0.0
2024-06-07 15:35:00-04:00,5.552700042724609,5.552700042724609,5.541999816894531,5.550000190734863,1131,0.0,0.0
2024-06-07 15:40:00-04:00,5.5472002029418945,5.5472002029418945,5.53000020980835,5.543700218200684,590,0.0,0.0
2024-06-07 15:45:00-04:00,5.548099994659424,5.549799919128418,5.547699928283691,5.549799919128418,1364,0.0,0.0
2024-06-07 15:55:00-04:00,5.554999828338623,5.570000171661377,5.545000076293945,5.570000171661377,3043,0.0,0.0
2024-06-10 09:30:00-04:00,5.559999942779541,5.559999942779541,5.550000190734863,5.550000190734863,5404,0.0,0.0
2024-06-10 09:35:00-04:00,5.552000045776367,5.579999923706055,5.552000045776367,5.579999923706055,1046,0.0,0.0
2024-06-10 09:40:00-04:00,5.550099849700928,5.554999828338623,5.489999771118164,5.489999771118164,3001,0.0,0.0
2024-06-10 09:50:00-04:00,5.5,5.590000152587891,5.5,5.590000152587891,1954,0.0,0.0
2024-06-10 09:55:00-04:00,5.590000152587891,5.590000152587891,5.590000152587891,5.590000152587891,648,0.0,0.0
2024-06-10 10:00:00-04:00,5.590000152587891,5.590000152587891,5.559999942779541,5.579100131988525,1776,0.0,0.0
2024-06-10 10:05:00-04:00,5.570000171661377,5.570000171661377,5.570000171661377,5.570000171661377,476,0.0,0.0
2024-06-10 10:15:00-04:00,5.585000038146973,5.599899768829346,5.585000038146973,5.599899768829346,307,0.0,0.0
2024-06-10 10:20:00-04:00,5.579999923706055,5.579999923706055,5.579999923706055,5.579999923706055,1573,0.0,0.0
2024-06-10 10:25:00-04:00,5.7399001121521,5.7399001121521,5.695000171661377,5.695000171661377,271,0.0,0.0
2024-06-10 10:30:00-04:00,5.672999858856201,5.672999858856201,5.639999866485596,5.639999866485596,3697,0.0,0.0
2024-06-10 10:35:00-04:00,5.639999866485596,5.699999809265137,5.639999866485596,5.699999809265137,1521,0.0,0.0
2024-06-10 10:45:00-04:00,5.671000003814697,5.699999809265137,5.670000076293945,5.699999809265137,1473,0.0,0.0
2024-06-10 10:50:00-04:00,5.679900169372559,5.679900169372559,5.679900169372559,5.679900169372559,105,0.0,0.0
2024-06-10 10:55:00-04:00,5.679999828338623,5.689700126647949,5.679999828338623,5.689700126647949,1085,0.0,0.0
2024-06-10 11:05:00-04:00,5.659999847412109,5.659999847412109,5.659999847412109,5.659999847412109,304,0.0,0.0
2024-06-10 11:15:00-04:00,5.65500020980835,5.659999847412109,5.650000095367432,5.650000095367432,2624,0.0,0.0
2024-06-10 11:20:00-04:00,5.684999942779541,5.710000038146973,5.684999942779541,5.710000038146973,17914,0.0,0.0
2024-06-10 11:25:00-04:00,5.681399822235107,5.681399822235107,5.681399822235107,5.681399822235107,0,0.0,0.0
2024-06-10 11:30:00-04:00,5.695000171661377,5.695000171661377,5.695000171661377,5.695000171661377,518,0.0,0.0
2024-06-10 11:35:00-04:00,5.699999809265137,5.704699993133545,5.699999809265137,5.704699993133545,554,0.0,0.0
2024-06-10 11:40:00-04:00,5.650000095367432,5.650000095367432,5.650000095367432,5.650000095367432,242,0.0,0.0
2024-06-10 11:50:00-04:00,5.622499942779541,5.659999847412109,5.622499942779541,5.65500020980835,2300,0.0,0.0
2024-06-10 12:00:00-04:00,5.679999828338623,5.699999809265137,5.659999847412109,5.659999847412109,8562,0.0,0.0
2024-06-10 12:15:00-04:00,5.650000095367432,5.650000095367432,5.639999866485596,5.640100002288818,930,0.0,0.0
2024-06-10 12:20:00-04:00,5.699900150299072,5.699900150299072,5.675000190734863,5.675000190734863,760,0.0,0.0
2024-06-10 12:25:00-04:00,5.699999809265137,5.730000019073486,5.699999809265137,5.716700077056885,1020,0.0,0.0
2024-06-10 12:30:00-04:00,5.704999923706055,5.710000038146973,5.704999923706055,5.710000038146973,532,0.0,0.0
2024-06-10 12:40:00-04:00,5.699999809265137,5.699999809265137,5.699999809265137,5.699999809265137,1500,0.0,0.0
2024-06-10 12:50:00-04:00,5.670000076293945,5.670000076293945,5.670000076293945,5.670000076293945,214,0.0,0.0
2024-06-10 13:00:00-04:00,5.660099983215332,5.660099983215332,5.660099983215332,5.660099983215332,445,0.0,0.0
2024-06-10 13:15:00-04:00,5.640100002288818,5.699999809265137,5.640100002288818,5.699999809265137,396,0.0,0.0
2024-06-10 13:50:00-04:00,5.679999828338623,5.679999828338623,5.679999828338623,5.679999828338623,1265,0.0,0.0
2024-06-10 13:55:00-04:00,5.671000003814697,5.671000003814697,5.670000076293945,5.670000076293945,603,0.0,0.0
2024-06-10 14:00:00-04:00,5.619999885559082,5.65500020980835,5.590000152587891,5.590000152587891,1216,0.0,0.0
2024-06-10 14:05:00-04:00,5.689599990844727,5.69980001449585,5.630000114440918,5.630000114440918,876,0.0,0.0
2024-06-10 14:15:00-04:00,5.691400051116943,5.691400051116943,5.629499912261963,5.629499912261963,639,0.0,0.0
2024-06-10 14:20:00-04:00,5.670000076293945,5.670000076293945,5.670000076293945,5.670000076293945,0,0.0,0.0
2024-06-10 14:30:00-04:00,5.667799949645996,5.679999828338623,5.667799949645996,5.679999828338623,1245,0.0,0.0
2024-06-10 14:40:00-04:00,5.668600082397461,5.680600166320801,5.668600082397461,5.680600166320801,2701,0.0,0.0
2024-06-10 14:50:00-04:00,5.659999847412109,5.659999847412109,5.659999847412109,5.659999847412109,678,0.0,0.0
2024-06-10 14:55:00-04:00,5.679999828338623,5.679999828338623,5.550000190734863,5.550000190734863,10194,0.0,0.0
2024-06-10 15:05:00-04:00,5.560999870300293,5.639999866485596,5.560999870300293,5.630000114440918,5799,0.0,0.0
2024-06-10 15:10:00-04:00,5.618000030517578,5.639999866485596,5.618000030517578,5.619999885559082,18,0.0,0.0
2024-06-10 15:15:00-04:00,5.600100040435791,5.600100040435791,5.600100040435791,5.600100040435791,1046,0.0,0.0
2024-06-10 15:20:00-04:00,5.649899959564209,5.649899959564209,5.649899959564209,5.649899959564209,243,0.0,0.0
2024-06-10 15:30:00-04:00,5.664999961853027,5.670000076293945,5.664999961853027,5.670000076293945,1263,0.0,0.0
2024-06-10 15:35:00-04:00,5.644999980926514,5.644999980926514,5.610099792480469,5.610099792480469,482,0.0,0.0
2024-06-10 15:40:00-04:00,5.639999866485596,5.639999866485596,5.639999866485596,5.639999866485596,330,0.0,0.0
2024-06-10 15:50:00-04:00,5.610099792480469,5.635000228881836,5.610099792480469,5.635000228881836,1254,0.0,0.0
2024-06-10 15:55:00-04:00,5.659999847412109,5.659999847412109,5.658999919891357,5.659999847412109,1014,0.0,0.0
2024-06-11 09:30:00-04:00,5.599999904632568,5.599999904632568,5.550000190734863,5.550000190734863,2242,0.0,0.0
2024-06-11 09:35:00-04:00,5.6219000816345215,5.6219000816345215,5.6219000816345215,5.6219000816345215,277,0.0,0.0
2024-06-11 09:40:00-04:00,5.559899806976318,5.559899806976318,5.559899806976318,5.559899806976318,330,0.0,0.0
2024-06-11 09:50:00-04:00,5.5,5.500100135803223,5.400000095367432,5.418900012969971,21920,0.0,0.0
2024-06-11 10:00:00-04:00,5.409999847412109,5.409999847412109,5.400000095367432,5.400000095367432,1175,0.0,0.0
2024-06-11 10:05:00-04:00,5.369500160217285,5.369999885559082,5.369500160217285,5.369999885559082,530,0.0,0.0
2024-06-11 10:10:00-04:00,5.360000133514404,5.360000133514404,5.360000133514404,5.360000133514404,1686,0.0,0.0
2024-06-11 10:20:00-04:00,5.409999847412109,5.5,5.409999847412109,5.5,6871,0.0,0.0
2024-06-11 10:25:00-04:00,5.5,5.5,5.465000152587891,5.5,14616,0.0,0.0
2024-06-11 10:30:00-04:00,5.4720001220703125,5.4720001220703125,5.440100193023682,5.440100193023682,2751,0.0,0.0
2024-06-11 10:35:00-04:00,5.480000019073486,5.480000019073486,5.480000019073486,5.480000019073486,473,0.0,0.0
2024-06-11 10:45:00-04:00,5.510000228881836,5.510000228881836,5.510000228881836,5.510000228881836,312,0.0,0.0
2024-06-11 10:50:00-04:00,5.480000019073486,5.480000019073486,5.480000019073486,5.480000019073486,1049,0.0,0.0
2024-06-11 11:10:00-04:00,5.46999979019165,5.46999979019165,5.460000038146973,5.460000038146973,217,0.0,0.0
2024-06-11 11:15:00-04:00,5.46999979019165,5.46999979019165,5.46999979019165,5.46999979019165,607,0.0,0.0
2024-06-11 11:20:00-04:00,5.479899883270264,5.479899883270264,5.479899883270264,5.479899883270264,196,0.0,0.0
2024-06-11 11:35:00-04:00,5.460000038146973,5.460000038146973,5.460000038146973,5.460000038146973,997,0.0,0.0
2024-06-11 11:40:00-04:00,5.449999809265137,5.449999809265137,5.420000076293945,5.420000076293945,7164,0.0,0.0
2024-06-11 11:45:00-04:00,5.420000076293945,5.420000076293945,5.340000152587891,5.380000114440918,5553,0.0,0.0
2024-06-11 11:50:00-04:00,5.360400199890137,5.360400199890137,5.360400199890137,5.360400199890137,280,0.0,0.0
2024-06-11 11:55:00-04:00,5.355000019073486,5.369999885559082,5.355000019073486,5.369999885559082,436,0.0,0.0
2024-06-11 12:10:00-04:00,5.389999866485596,5.389999866485596,5.389999866485596,5.389999866485596,200,0.0,0.0
2024-06-11 12:20:00-04:00,5.389999866485596,5.389999866485596,5.380000114440918,5.380000114440918,410,0.0,0.0
2024-06-11 12:25:00-04:00,5.369999885559082,5.369999885559082,5.369999885559082,5.369999885559082,289,0.0,0.0
2024-06-11 12:30:00-04:00,5.364500045776367,5.380000114440918,5.340000152587891,5.380000114440918,1731,0.0,0.0
2024-06-11 12:35:00-04:00,5.361000061035156,5.361000061035156,5.349999904632568,5.349999904632568,654,0.0,0.0
2024-06-11 12:45:00-04:00,5.400199890136719,5.400199890136719,5.400199890136719,5.400199890136719,526,0.0,0.0
2024-06-11 12:55:00-04:00,5.401000022888184,5.401000022888184,5.349999904632568,5.399499893188477,2559,0.0,0.0
2024-06-11 13:15:00-04:00,5.361000061035156,5.361000061035156,5.329999923706055,5.340000152587891,2205,0.0,0.0
2024-06-11 13:30:00-04:00,5.369999885559082,5.369999885559082,5.369999885559082,5.369999885559082,278,0.0,0.0
2024-06-11 13:35:00-04:00,5.360000133514404,5.372200012207031,5.359899997711182,5.372200012207031,2741,0.0,0.0
2024-06-11 13:40:00-04:00,5.394700050354004,5.394700050354004,5.394700050354004,5.394700050354004,628,0.0,0.0
2024-06-11 13:45:00-04:00,5.389999866485596,5.389999866485596,5.389999866485596,5.389999866485596,251,0.0,0.0
2024-06-11 14:05:00-04:00,5.360000133514404,5.360000133514404,5.360000133514404,5.360000133514404,360,0.0,0.0
2024-06-11 14:20:00-04:00,5.400000095367432,5.400000095367432,5.400000095367432,5.400000095367432,4081,0.0,0.0
2024-06-11 14:25:00-04:00,5.429999828338623,5.429999828338623,5.429999828338623,5.429999828338623,380,0.0,0.0
2024-06-11 14:35:00-04:00,5.44290018081665,5.44290018081665,5.44290018081665,5.44290018081665,400,0.0,0.0
2024-06-11 14:40:00-04:00,5.449999809265137,5.449999809265137,5.449999809265137,5.449999809265137,89,0.0,0.0
2024-06-11 14:45:00-04:00,5.400000095367432,5.400000095367432,5.400000095367432,5.400000095367432,1123,0.0,0.0
2024-06-11 15:05:00-04:00,5.449999809265137,5.449999809265137,5.420000076293945,5.420000076293945,1819,0.0,0.0
2024-06-11 15:15:00-04:00,5.449999809265137,5.449999809265137,5.420000076293945,5.420000076293945,868,0.0,0.0
2024-06-11 15:30:00-04:00,5.429999828338623,5.429999828338623,5.429999828338623,5.429999828338623,355,0.0,0.0
2024-06-11 15:35:00-04:00,5.434999942779541,5.434999942779541,5.420000076293945,5.420000076293945,882,0.0,0.0
2024-06-11 15:40:00-04:00,5.400100231170654,5.409999847412109,5.400000095367432,5.400000095367432,1889,0.0,0.0
2024-06-11 15:50:00-04:00,5.4274001121521,5.440000057220459,5.410099983215332,5.434999942779541,1975,0.0,0.0
2024-06-12 09:30:00-04:00,5.579999923706055,5.579999923706055,5.53000020980835,5.53000020980835,1654,0.0,0.0
2024-06-12 09:35:00-04:00,5.46999979019165,5.5,5.429999828338623,5.5,4195,0.0,0.0
2024-06-12 09:40:00-04:00,5.449999809265137,5.449999809265137,5.449999809265137,5.449999809265137,152,0.0,0.0
2024-06-12 09:45:00-04:00,5.490200042724609,5.521999835968018,5.490200042724609,5.521999835968018,2580,0.0,0.0
2024-06-12 09:55:00-04:00,5.46619987487793,5.46619987487793,5.46619987487793,5.46619987487793,250,0.0,0.0
2024-06-12 10:00:00-04:00,5.4899001121521,5.4899001121521,5.4899001121521,5.4899001121521,25,0.0,0.0
2024-06-12 10:10:00-04:00,5.420000076293945,5.420199871063232,5.420000076293945,5.420199871063232,6978,0.0,0.0
2024-06-12 10:20:00-04:00,5.366199970245361,5.400000095367432,5.365900039672852,5.365900039672852,1310,0.0,0.0
2024-06-12 10:25:00-04:00,5.370100021362305,5.409999847412109,5.370100021362305,5.409999847412109,4557,0.0,0.0
2024-06-12 10:30:00-04:00,5.3821001052856445,5.394000053405762,5.369999885559082,5.370100021362305,1282,0.0,0.0
2024-06-12 10:35:00-04:00,5.369999885559082,5.370100021362305,5.360000133514404,5.360000133514404,1016,0.0,0.0
2024-06-12 10:40:00-04:00,5.359899997711182,5.359899997711182,5.359899997711182,5.359899997711182,400,0.0,0.0
2024-06-12 10:45:00-04:00,5.360000133514404,5.360000133514404,5.360000133514404,5.360000133514404,568,0.0,0.0
2024-06-12 11:00:00-04:00,5.409900188446045,5.416900157928467,5.389999866485596,5.389999866485596,701,0.0,0.0
2024-06-12 11:05:00-04:00,5.429999828338623,5.429999828338623,5.429999828338623,5.429999828338623,211,0.0,0.0
2024-06-12 11:15:00-04:00,5.410099983215332,5.449999809265137,5.410099983215332,5.449999809265137,337,0.0,0.0
2024-06-12 11:25:00-04:00,5.440000057220459,5.440000057220459,5.440000057220459,5.440000057220459,2500,0.0,0.0
2024-06-12 11:30:00-04:00,5.449999809265137,5.449999809265137,5.449999809265137,5.449999809265137,209,0.0,0.0
2024-06-12 11:50:00-04:00,5.449999809265137,5.449999809265137,5.449999809265137,5.449999809265137,1800,0.0,0.0
2024-06-12 11:55:00-04:00,5.480000019073486,5.480000019073486,5.480000019073486,5.480000019073486,0,0.0,0.0
2024-06-12 12:00:00-04:00,5.508999824523926,5.510000228881836,5.5,5.505000114440918,1135,0.0,0.0
2024-06-12 12:25:00-04:00,5.450099945068359,5.490900039672852,5.450099945068359,5.490900039672852,733,0.0,0.0
2024-06-12 12:40:00-04:00,5.481200218200684,5.481200218200684,5.464000225067139,5.464000225067139,2262,0.0,0.0
2024-06-12 12:45:00-04:00,5.480000019073486,5.480000019073486,5.480000019073486,5.480000019073486,2000,0.0,0.0
2024-06-12 12:50:00-04:00,5.460000038146973,5.460000038146973,5.460000038146973,5.460000038146973,0,0.0,0.0
2024-06-12 12:55:00-04:00,5.489999771118164,5.489999771118164,5.449999809265137,5.449999809265137,1266,0.0,0.0
2024-06-12 13:10:00-04:00,5.440000057220459,5.440000057220459,5.440000057220459,5.440000057220459,504,0.0,0.0
2024-06-12 13:15:00-04:00,5.40500020980835,5.40500020980835,5.40500020980835,5.40500020980835,854,0.0,0.0
2024-06-12 13:20:00-04:00,5.420000076293945,5.420000076293945,5.420000076293945,5.420000076293945,203,0.0,0.0
2024-06-12 13:45:00-04:00,5.369999885559082,5.369999885559082,5.369999885559082,5.369999885559082,500,0.0,0.0
2024-06-12 13:55:00-04:00,5.360000133514404,5.360099792480469,5.358500003814697,5.358500003814697,4762,0.0,0.0
2024-06-12 14:05:00-04:00,5.360000133514404,5.360000133514404,5.360000133514404,5.360000133514404,922,0.0,0.0
2024-06-12 14:25:00-04:00,5.389999866485596,5.389999866485596,5.389999866485596,5.389999866485596,200,0.0,0.0
2024-06-12 14:30:00-04:00,5.369999885559082,5.400000095367432,5.363999843597412,5.400000095367432,3820,0.0,0.0
2024-06-12 14:35:00-04:00,5.3933000564575195,5.3933000564575195,5.389999866485596,5.389999866485596,740,0.0,0.0
2024-06-12 14:45:00-04:00,5.375,5.375,5.375,5.375,543,0.0,0.0
2024-06-12 14:50:00-04:00,5.375,5.375,5.375,5.375,5400,0.0,0.0
2024-06-12 14:55:00-04:00,5.349999904632568,5.349999904632568,5.349999904632568,5.349999904632568,0,0.0,0.0
2024-06-12 15:05:00-04:00,5.377799987792969,5.377799987792969,5.377799987792969,5.377799987792969,741,0.0,0.0
2024-06-12 15:15:00-04:00,5.391600131988525,5.400000095367432,5.389999866485596,5.400000095367432,385,0.0,0.0
2024-06-12 15:20:00-04:00,5.359600067138672,5.359600067138672,5.359600067138672,5.359600067138672,5613,0.0,0.0
2024-06-12 15:25:00-04:00,5.309999942779541,5.309999942779541,5.309999942779541,5.309999942779541,399,0.0,0.0
2024-06-12 15:40:00-04:00,5.310999870300293,5.329999923706055,5.25,5.25,15886,0.0,0.0
2024-06-12 15:45:00-04:00,5.269999980926514,5.276500225067139,5.269999980926514,5.276500225067139,1654,0.0,0.0
2024-06-12 15:50:00-04:00,5.2600998878479,5.269999980926514,5.2600998878479,5.269999980926514,2754,0.0,0.0
2024-06-12 15:55:00-04:00,5.275000095367432,5.279699802398682,5.275000095367432,5.275199890136719,1158,0.0,0.0
2024-06-13 09:30:00-04:00,5.289999961853027,5.630000114440918,5.25,5.25,4460,0.0,0.0
2024-06-13 09:35:00-04:00,5.250100135803223,5.333499908447266,5.25,5.333499908447266,3586,0.0,0.0
2024-06-13 09:40:00-04:00,5.336299896240234,5.389999866485596,5.269999980926514,5.349999904632568,1884,0.0,0.0
2024-06-13 09:45:00-04:00,5.284599781036377,5.284599781036377,5.253300189971924,5.253300189971924,3620,0.0,0.0
2024-06-13 09:50:00-04:00,5.25,5.25,5.25,5.25,3908,0.0,0.0
2024-06-13 09:55:00-04:00,5.239699840545654,5.239999771118164,5.212299823760986,5.239999771118164,1797,0.0,0.0
2024-06-13 10:00:00-04:00,5.25,5.25,5.25,5.25,0,0.0,0.0
2024-06-13 10:05:00-04:00,5.2195000648498535,5.25,5.2195000648498535,5.25,826,0.0,0.0
2024-06-13 10:20:00-04:00,5.21999979019165,5.21999979019165,5.21999979019165,5.21999979019165,118,0.0,0.0
2024-06-13 10:25:00-04:00,5.179999828338623,5.209199905395508,5.179999828338623,5.179999828338623,1058,0.0,0.0
2024-06-13 10:30:00-04:00,5.194699764251709,5.199900150299072,5.179999828338623,5.199900150299072,839,0.0,0.0
2024-06-13 10:35:00-04:00,5.187699794769287,5.187699794769287,5.170000076293945,5.184999942779541,1845,0.0,0.0
2024-06-13 10:40:00-04:00,5.199999809265137,5.239999771118164,5.199999809265137,5.230000019073486,2503,0.0,0.0
2024-06-13 10:45:00-04:00,5.229899883270264,5.229899883270264,5.225399971008301,5.225399971008301,2847,0.0,0.0
2024-06-13 10:50:00-04:00,5.229000091552734,5.230000019073486,5.229000091552734,5.230000019073486,1681,0.0,0.0
2024-06-13 10:55:00-04:00,5.199999809265137,5.25,5.199999809265137,5.239999771118164,2788,0.0,0.0
2024-06-13 11:05:00-04:00,5.289899826049805,5.289899826049805,5.289899826049805,5.289899826049805,220,0.0,0.0
2024-06-13 11:10:00-04:00,5.285999774932861,5.285999774932861,5.21999979019165,5.239999771118164,20503,0.0,0.0
2024-06-13 11:20:00-04:00,5.263199806213379,5.269999980926514,5.263199806213379,5.269899845123291,1646,0.0,0.0
2024-06-13 11:25:00-04:00,5.282400131225586,5.282400131225586,5.282400131225586,5.282400131225586,101,0.0,0.0
2024-06-13 11:30:00-04:00,5.269999980926514,5.269999980926514,5.269999980926514,5.269999980926514,591,0.0,0.0
2024-06-13 11:40:00-04:00,5.278800010681152,5.278800010681152,5.278800010681152,5.278800010681152,245,0.0,0.0
2024-06-13 11:45:00-04:00,5.230000019073486,5.230000019073486,5.210000038146973,5.216100215911865,541,0.0,0.0
2024-06-13 11:50:00-04:00,5.279900074005127,5.279900074005127,5.279900074005127,5.279900074005127,263,0.0,0.0
2024-06-13 11:55:00-04:00,5.25,5.25029993057251,5.23360013961792,5.23360013961792,6980,0.0,0.0
2024-06-13 12:00:00-04:00,5.239999771118164,5.249899864196777,5.239999771118164,5.249899864196777,467,0.0,0.0
2024-06-13 12:05:00-04:00,5.21999979019165,5.25,5.21999979019165,5.25,1100,0.0,0.0
2024-06-13 12:10:00-04:00,5.190000057220459,5.21999979019165,5.190000057220459,5.199999809265137,917,0.0,0.0
2024-06-13 12:15:00-04:00,5.199999809265137,5.199999809265137,5.199999809265137,5.199999809265137,512,0.0,0.0
2024-06-13 12:20:00-04:00,5.179999828338623,5.199999809265137,5.179999828338623,5.199999809265137,2540,0.0,0.0
2024-06-13 12:25:00-04:00,5.239999771118164,5.239999771118164,5.21999979019165,5.239999771118164,1732,0.0,0.0
2024-06-13 12:30:00-04:00,5.2017998695373535,5.275000095367432,5.2017998695373535,5.275000095367432,2071,0.0,0.0
2024-06-13 12:45:00-04:00,5.230000019073486,5.25,5.230000019073486,5.25,1469,0.0,0.0
2024-06-13 12:50:00-04:00,5.25,5.25,5.25,5.25,3099,0.0,0.0
2024-06-13 12:55:00-04:00,5.275000095367432,5.300000190734863,5.275000095367432,5.300000190734863,375,0.0,0.0
2024-06-13 13:00:00-04:00,5.275000095367432,5.275000095367432,5.275000095367432,5.275000095367432,550,0.0,0.0
2024-06-13 13:05:00-04:00,5.360000133514404,5.400000095367432,5.309999942779541,5.309999942779541,5535,0.0,0.0
2024-06-13 13:20:00-04:00,5.296800136566162,5.296800136566162,5.296800136566162,5.296800136566162,626,0.0,0.0
2024-06-13 13:25:00-04:00,5.379899978637695,5.379899978637695,5.379899978637695,5.379899978637695,205,0.0,0.0
2024-06-13 13:30:00-04:00,5.324999809265137,5.379899978637695,5.309999942779541,5.309999942779541,3572,0.0,0.0
2024-06-13 13:35:00-04:00,5.343200206756592,5.343200206756592,5.260000228881836,5.260000228881836,3958,0.0,0.0
2024-06-13 13:50:00-04:00,5.300000190734863,5.340000152587891,5.300000190734863,5.340000152587891,943,0.0,0.0
2024-06-13 13:55:00-04:00,5.269100189208984,5.269100189208984,5.269100189208984,5.269100189208984,361,0.0,0.0
2024-06-13 14:00:00-04:00,5.300000190734863,5.300000190734863,5.300000190734863,5.300000190734863,1147,0.0,0.0
2024-06-13 14:05:00-04:00,5.300000190734863,5.349999904632568,5.300000190734863,5.349999904632568,3645,0.0,0.0
2024-06-13 14:10:00-04:00,5.340000152587891,5.340000152587891,5.340000152587891,5.340000152587891,414,0.0,0.0
2024-06-13 14:25:00-04:00,5.349999904632568,5.349999904632568,5.302000045776367,5.303999900817871,1453,0.0,0.0
2024-06-13 14:30:00-04:00,5.329999923706055,5.339900016784668,5.320000171661377,5.339900016784668,2033,0.0,0.0
2024-06-13 14:40:00-04:00,5.309999942779541,5.309999942779541,5.309999942779541,5.309999942779541,649,0.0,0.0
2024-06-13 15:00:00-04:00,5.309999942779541,5.309999942779541,5.309999942779541,5.309999942779541,681,0.0,0.0
2024-06-13 15:05:00-04:00,5.300099849700928,5.300099849700928,5.300099849700928,5.300099849700928,720,0.0,0.0
2024-06-13 15:10:00-04:00,5.300000190734863,5.300000190734863,5.300000190734863,5.300000190734863,336,0.0,0.0
2024-06-13 15:15:00-04:00,5.28000020980835,5.28000020980835,5.28000020980835,5.28000020980835,389,0.0,0.0
2024-06-13 15:20:00-04:00,5.315000057220459,5.315000057220459,5.302000045776367,5.302000045776367,2831,0.0,0.0
2024-06-13 15:30:00-04:00,5.28000020980835,5.28000020980835,5.247499942779541,5.25,3633,0.0,0.0
2024-06-13 15:35:00-04:00,5.241000175476074,5.241000175476074,5.190100193023682,5.216300010681152,8219,0.0,0.0
2024-06-13 15:45:00-04:00,5.262199878692627,5.269999980926514,5.199999809265137,5.25,1793,0.0,0.0
2024-06-13 15:55:00-04:00,5.269999980926514,5.281400203704834,5.263999938964844,5.275000095367432,1973,0.0,0.0
2024-06-14 09:30:00-04:00,5.300000190734863,5.340000152587891,5.300000190734863,5.324999809265137,7534,0.0,0.0
2024-06-14 09:35:00-04:00,5.333199977874756,5.333199977874756,5.333199977874756,5.333199977874756,535,0.0,0.0
2024-06-14 09:40:00-04:00,5.349999904632568,5.368800163269043,5.349999904632568,5.368800163269043,2094,0.0,0.0
2024-06-14 09:45:00-04:00,5.369999885559082,5.389900207519531,5.369999885559082,5.389900207519531,2459,0.0,0.0
2024-06-14 09:50:00-04:00,5.36269998550415,5.420000076293945,5.320899963378906,5.420000076293945,9849,0.0,0.0
2024-06-14 09:55:00-04:00,5.425000190734863,5.425000190734863,5.380099773406982,5.420000076293945,5647,0.0,0.0
2024-06-14 10:00:00-04:00,5.46999979019165,5.46999979019165,5.400000095367432,5.400000095367432,1525,0.0,0.0
2024-06-14 10:05:00-04:00,5.46999979019165,5.539999961853027,5.442800045013428,5.539999961853027,2595,0.0,0.0
2024-06-14 10:10:00-04:00,5.53000020980835,5.570000171661377,5.53000020980835,5.570000171661377,2619,0.0,0.0
2024-06-14 10:20:00-04:00,5.457300186157227,5.549900054931641,5.457300186157227,5.500500202178955,746,0.0,0.0
2024-06-14 10:25:00-04:00,5.5,5.5,5.5,5.5,416,0.0,0.0
2024-06-14 10:30:00-04:00,5.53000020980835,5.550000190734863,5.505000114440918,5.510000228881836,2319,0.0,0.0
2024-06-14 10:35:00-04:00,5.539999961853027,5.550000190734863,5.519999980926514,5.519999980926514,4788,0.0,0.0
2024-06-14 10:40:00-04:00,5.53000020980835,5.53000020980835,5.53000020980835,5.53000020980835,1199,0.0,0.0
2024-06-14 10:45:00-04:00,5.570000171661377,5.570000171661377,5.559999942779541,5.559999942779541,1234,0.0,0.0
2024-06-14 10:50:00-04:00,5.559999942779541,5.559999942779541,5.559999942779541,5.559999942779541,733,0.0,0.0
2024-06-14 10:55:00-04:00,5.539999961853027,5.539999961853027,5.465000152587891,5.465000152587891,5662,0.0,0.0
2024-06-14 11:05:00-04:00,5.440000057220459,5.460000038146973,5.420000076293945,5.440000057220459,2855,0.0,0.0
2024-06-14 11:10:00-04:00,5.440000057220459,5.440000057220459,5.440000057220459,5.440000057220459,811,0.0,0.0
2024-06-14 11:15:00-04:00,5.449999809265137,5.449999809265137,5.449999809265137,5.449999809265137,1254,0.0,0.0
2024-06-14 11:20:00-04:00,5.4197998046875,5.4197998046875,5.41480016708374,5.41480016708374,623,0.0,0.0
2024-06-14 11:30:00-04:00,5.409999847412109,5.429999828338623,5.409999847412109,5.419300079345703,8500,0.0,0.0
2024-06-14 11:40:00-04:00,5.417399883270264,5.420000076293945,5.417399883270264,5.420000076293945,3129,0.0,0.0
2024-06-14 11:45:00-04:00,5.506899833679199,5.506899833679199,5.456399917602539,5.456399917602539,3894,0.0,0.0
2024-06-14 11:50:00-04:00,5.5,5.510000228881836,5.5,5.510000228881836,111,0.0,0.0
2024-06-14 11:55:00-04:00,5.474999904632568,5.474999904632568,5.443900108337402,5.443900108337402,733,0.0,0.0
2024-06-14 12:05:00-04:00,5.489999771118164,5.489999771118164,5.489999771118164,5.489999771118164,161,0.0,0.0
2024-06-14 12:15:00-04:00,5.539999961853027,5.539999961853027,5.539999961853027,5.539999961853027,151,0.0,0.0
2024-06-14 12:20:00-04:00,5.526899814605713,5.526899814605713,5.526899814605713,5.526899814605713,1130,0.0,0.0
2024-06-14 12:30:00-04:00,5.505000114440918,5.519800186157227,5.505000114440918,5.509900093078613,1236,0.0,0.0
2024-06-14 12:40:00-04:00,5.5,5.5,5.5,5.5,102,0.0,0.0
2024-06-14 12:45:00-04:00,5.5,5.509799957275391,5.496300220489502,5.509799957275391,1104,0.0,0.0
2024-06-14 12:55:00-04:00,5.496300220489502,5.5,5.485000133514404,5.485000133514404,562,0.0,0.0
2024-06-14 13:05:00-04:00,5.485000133514404,5.485000133514404,5.485000133514404,5.485000133514404,1001,0.0,0.0
2024-06-14 13:10:00-04:00,5.484000205993652,5.484000205993652,5.484000205993652,5.484000205993652,613,0.0,0.0
2024-06-14 13:20:00-04:00,5.454999923706055,5.474999904632568,5.450099945068359,5.474999904632568,4009,0.0,0.0
2024-06-14 13:30:00-04:00,5.489999771118164,5.4959001541137695,5.489999771118164,5.4959001541137695,925,0.0,0.0
2024-06-14 13:40:00-04:00,5.519899845123291,5.519899845123291,5.519899845123291,5.519899845123291,232,0.0,0.0
2024-06-14 13:45:00-04:00,5.519999980926514,5.534999847412109,5.519999980926514,5.534999847412109,1004,0.0,0.0
2024-06-14 13:55:00-04:00,5.539999961853027,5.559999942779541,5.539999961853027,5.5441999435424805,1492,0.0,0.0
2024-06-14 14:00:00-04:00,5.559899806976318,5.559999942779541,5.559899806976318,5.559999942779541,3056,0.0,0.0
2024-06-14 14:05:00-04:00,5.544000148773193,5.547500133514404,5.539899826049805,5.547500133514404,2303,0.0,0.0
2024-06-14 14:10:00-04:00,5.519999980926514,5.520500183105469,5.519999980926514,5.520500183105469,718,0.0,0.0
2024-06-14 14:15:00-04:00,5.5,5.509099960327148,5.5,5.509099960327148,2007,0.0,0.0
2024-06-14 14:20:00-04:00,5.539700031280518,5.539700031280518,5.539700031280518,5.539700031280518,229,0.0,0.0
2024-06-14 14:30:00-04:00,5.528200149536133,5.528200149536133,5.528200149536133,5.528200149536133,720,0.0,0.0
2024-06-14 14:40:00-04:00,5.539999961853027,5.539999961853027,5.539999961853027,5.539999961853027,2752,0.0,0.0
2024-06-14 14:45:00-04:00,5.559999942779541,5.559999942779541,5.55210018157959,5.559999942779541,11938,0.0,0.0
2024-06-14 14:50:00-04:00,5.559999942779541,5.559999942779541,5.559999942779541,5.559999942779541,11953,0.0,0.0
2024-06-14 14:55:00-04:00,5.554800033569336,5.559999942779541,5.553999900817871,5.559999942779541,1731,0.0,0.0
2024-06-14 15:00:00-04:00,5.559999942779541,5.559999942779541,5.555200099945068,5.559999942779541,8132,0.0,0.0
2024-06-14 15:05:00-04:00,5.559999942779541,5.559999942779541,5.55709981918335,5.559999942779541,8437,0.0,0.0
2024-06-14 15:15:00-04:00,5.559999942779541,5.559999942779541,5.559999942779541,5.559999942779541,350,0.0,0.0
2024-06-14 15:30:00-04:00,5.552999973297119,5.636000156402588,5.552999973297119,5.619999885559082,20885,0.0,0.0
2024-06-14 15:35:00-04:00,5.614999771118164,5.614999771118164,5.599999904632568,5.614999771118164,2210,0.0,0.0
2024-06-14 15:40:00-04:00,5.615600109100342,5.639999866485596,5.615600109100342,5.639999866485596,1168,0.0,0.0
2024-06-14 15:45:00-04:00,5.636899948120117,5.636899948120117,5.619999885559082,5.630000114440918,1627,0.0,0.0
2024-06-14 15:50:00-04:00,5.638999938964844,5.639999866485596,5.622000217437744,5.625,1388,0.0,0.0
2024-06-14 15:55:00-04:00,5.599999904632568,5.639200210571289,5.590000152587891,5.610000133514404,2476,0.0,0.0
2024-06-17 09:30:00-04:00,5.710000038146973,5.849999904632568,5.710000038146973,5.849999904632568,27895,0.0,0.0
2024-06-17 09:35:00-04:00,5.889999866485596,5.889999866485596,5.78000020980835,5.880000114440918,14983,0.0,0.0
2024-06-17 09:40:00-04:00,5.776299953460693,5.920000076293945,5.776299953460693,5.89109992980957,7465,0.0,0.0
2024-06-17 09:45:00-04:00,5.889999866485596,5.889999866485596,5.840000152587891,5.848499774932861,14947,0.0,0.0
2024-06-17 09:50:00-04:00,5.869999885559082,5.960000038146973,5.869999885559082,5.940000057220459,9724,0.0,0.0
2024-06-17 09:55:00-04:00,5.959000110626221,5.959000110626221,5.848299980163574,5.848299980163574,26483,0.0,0.0
2024-06-17 10:00:00-04:00,5.892399787902832,5.892399787902832,5.892399787902832,5.892399787902832,652,0.0,0.0
2024-06-17 10:05:00-04:00,5.849999904632568,5.849999904632568,5.849999904632568,5.849999904632568,241,0.0,0.0
2024-06-17 10:10:00-04:00,5.869999885559082,5.869999885559082,5.840000152587891,5.840000152587891,5956,0.0,0.0
2024-06-17 10:15:00-04:00,5.815000057220459,5.815000057220459,5.815000057220459,5.815000057220459,376,0.0,0.0
2024-06-17 10:20:00-04:00,5.800000190734863,5.980000019073486,5.789999961853027,5.849999904632568,27338,0.0,0.0
2024-06-17 10:25:00-04:00,5.880000114440918,5.925000190734863,5.880000114440918,5.925000190734863,463,0.0,0.0
2024-06-17 10:30:00-04:00,5.940000057220459,5.963399887084961,5.900000095367432,5.963399887084961,6073,0.0,0.0
2024-06-17 10:35:00-04:00,5.960000038146973,5.960000038146973,5.910099983215332,5.910099983215332,1159,0.0,0.0
2024-06-17 10:40:00-04:00,5.912199974060059,5.940000057220459,5.912199974060059,5.940000057220459,364,0.0,0.0
2024-06-17 10:45:00-04:00,5.960000038146973,6.039999961853027,5.960000038146973,6.026500225067139,40782,0.0,0.0
2024-06-17 10:50:00-04:00,6.050000190734863,6.079999923706055,6.010000228881836,6.03000020980835,14414,0.0,0.0
2024-06-17 10:55:00-04:00,6.070000171661377,6.070000171661377,5.980100154876709,5.980100154876709,6850,0.0,0.0
2024-06-17 11:00:00-04:00,6.019999980926514,6.059999942779541,6.019999980926514,6.059999942779541,3079,0.0,0.0
2024-06-17 11:05:00-04:00,6.081399917602539,6.098400115966797,6.079999923706055,6.079999923706055,3690,0.0,0.0
2024-06-17 11:10:00-04:00,6.070099830627441,6.096099853515625,6.070099830627441,6.085000038146973,1096,0.0,0.0
2024-06-17 11:15:00-04:00,6.085000038146973,6.097400188446045,6.010000228881836,6.019999980926514,11666,0.0,0.0
2024-06-17 11:20:00-04:00,6.045000076293945,6.050000190734863,6.045000076293945,6.050000190734863,1532,0.0,0.0
2024-06-17 11:25:00-04:00,6.050000190734863,6.050000190734863,6.0,6.0,2467,0.0,0.0
2024-06-17 11:30:00-04:00,6.0,6.0,5.929999828338623,5.929999828338623,2819,0.0,0.0
2024-06-17 11:35:00-04:00,5.909999847412109,5.910099983215332,5.710000038146973,5.835000038146973,30790,0.0,0.0
2024-06-17 11:40:00-04:00,5.855999946594238,5.855999946594238,5.855999946594238,5.855999946594238,948,0.0,0.0
2024-06-17 11:50:00-04:00,5.840000152587891,5.840000152587891,5.840000152587891,5.840000152587891,1328,0.0,0.0
2024-06-17 12:00:00-04:00,5.840000152587891,5.860000133514404,5.840000152587891,5.860000133514404,2739,0.0,0.0
2024-06-17 12:05:00-04:00,5.860000133514404,5.860000133514404,5.860000133514404,5.860000133514404,521,0.0,0.0
2024-06-17 12:10:00-04:00,5.862199783325195,5.862199783325195,5.839900016784668,5.840000152587891,8887,0.0,0.0
2024-06-17 12:15:00-04:00,5.869999885559082,5.880000114440918,5.869999885559082,5.880000114440918,1120,0.0,0.0
2024-06-17 12:20:00-04:00,5.856100082397461,5.856100082397461,5.856100082397461,5.856100082397461,1734,0.0,0.0
2024-06-17 12:30:00-04:00,5.909999847412109,5.909999847412109,5.909999847412109,5.909999847412109,1354,0.0,0.0
2024-06-17 12:35:00-04:00,5.889999866485596,5.889999866485596,5.889999866485596,5.889999866485596,14,0.0,0.0
2024-06-17 12:40:00-04:00,5.869999885559082,5.869999885559082,5.869999885559082,5.869999885559082,417,0.0,0.0
2024-06-17 12:50:00-04:00,5.880099773406982,5.880099773406982,5.880099773406982,5.880099773406982,202,0.0,0.0
2024-06-17 12:55:00-04:00,5.88100004196167,5.88100004196167,5.829999923706055,5.830100059509277,2635,0.0,0.0
2024-06-17 13:00:00-04:00,5.838600158691406,5.849999904632568,5.838200092315674,5.849999904632568,4691,0.0,0.0
2024-06-17 13:10:00-04:00,5.869999885559082,5.889999866485596,5.869999885559082,5.889999866485596,1554,0.0,0.0
2024-06-17 13:15:00-04:00,5.875,5.875,5.875,5.875,1126,0.0,0.0
2024-06-17 13:20:00-04:00,5.860099792480469,5.889999866485596,5.860099792480469,5.889999866485596,6664,0.0,0.0
2024-06-17 13:25:00-04:00,5.888999938964844,5.888999938964844,5.869999885559082,5.869999885559082,2019,0.0,0.0
2024-06-17 13:30:00-04:00,5.864999771118164,5.864999771118164,5.860000133514404,5.860099792480469,2619,0.0,0.0
2024-06-17 13:35:00-04:00,5.820000171661377,5.860000133514404,5.820000171661377,5.860000133514404,972,0.0,0.0
2024-06-17 13:40:00-04:00,5.860000133514404,5.860000133514404,5.860000133514404,5.860000133514404,3215,0.0,0.0
2024-06-17 14:05:00-04:00,5.900000095367432,5.920100212097168,5.860000133514404,5.860000133514404,15704,0.0,0.0
2024-06-17 14:25:00-04:00,5.909999847412109,5.988900184631348,5.909999847412109,5.981100082397461,10338,0.0,0.0
2024-06-17 14:40:00-04:00,5.980000019073486,5.980000019073486,5.900000095367432,5.900000095367432,1206,0.0,0.0
2024-06-17 14:50:00-04:00,5.900000095367432,5.900000095367432,5.885000228881836,5.885000228881836,333,0.0,0.0
2024-06-17 14:55:00-04:00,5.885000228881836,5.909999847412109,5.870100021362305,5.909999847412109,2691,0.0,0.0
2024-06-17 15:00:00-04:00,5.880000114440918,5.880000114440918,5.869999885559082,5.869999885559082,707,0.0,0.0
2024-06-17 15:05:00-04:00,5.905700206756592,5.905700206756592,5.905700206756592,5.905700206756592,207,0.0,0.0
2024-06-17 15:15:00-04:00,5.885000228881836,5.885000228881836,5.885000228881836,5.885000228881836,287,0.0,0.0
2024-06-17 15:20:00-04:00,5.869999885559082,5.892000198364258,5.860000133514404,5.892000198364258,1808,0.0,0.0
2024-06-17 15:30:00-04:00,5.829899787902832,5.829899787902832,5.829899787902832,5.829899787902832,453,0.0,0.0
2024-06-17 15:45:00-04:00,5.822800159454346,5.824999809265137,5.822800159454346,5.823299884796143,1428,0.0,0.0
2024-06-17 15:50:00-04:00,5.826099872589111,5.826099872589111,5.826099872589111,5.826099872589111,437,0.0,0.0
2024-06-17 15:55:00-04:00,5.899899959564209,5.899899959564209,5.889999866485596,5.889999866485596,377,0.0,0.0
2024-06-18 09:30:00-04:00,5.949999809265137,5.960000038146973,5.892000198364258,5.960000038146973,6307,0.0,0.0
2024-06-18 09:35:00-04:00,5.940000057220459,5.940000057220459,5.889999866485596,5.894999980926514,2227,0.0,0.0
2024-06-18 09:40:00-04:00,5.933700084686279,5.933700084686279,5.933700084686279,5.933700084686279,1275,0.0,0.0
2024-06-18 09:45:00-04:00,5.800099849700928,5.899199962615967,5.800099849700928,5.899199962615967,2009,0.0,0.0
2024-06-18 09:50:00-04:00,5.920000076293945,5.920000076293945,5.920000076293945,5.920000076293945,839,0.0,0.0
2024-06-18 10:00:00-04:00,5.880000114440918,5.956999778747559,5.880000114440918,5.956999778747559,1113,0.0,0.0
2024-06-18 10:10:00-04:00,5.976900100708008,5.976900100708008,5.976900100708008,5.976900100708008,327,0.0,0.0
2024-06-18 10:15:00-04:00,5.9380998611450195,5.953800201416016,5.9380998611450195,5.953800201416016,975,0.0,0.0
2024-06-18 10:25:00-04:00,5.949999809265137,5.949999809265137,5.949999809265137,5.949999809265137,1795,0.0,0.0
2024-06-18 10:30:00-04:00,5.948999881744385,5.9899001121521,5.948999881744385,5.960000038146973,2148,0.0,0.0
2024-06-18 10:40:00-04:00,5.950099945068359,5.989999771118164,5.950099945068359,5.960999965667725,1745,0.0,0.0
2024-06-18 10:45:00-04:00,5.969600200653076,6.0,5.969600200653076,6.0,7821,0.0,0.0
2024-06-18 10:50:00-04:00,6.010000228881836,6.010000228881836,5.980000019073486,6.000100135803223,4328,0.0,0.0
2024-06-18 10:55:00-04:00,5.992599964141846,5.992599964141846,5.992599964141846,5.992599964141846,1954,0.0,0.0
2024-06-18 11:00:00-04:00,6.0,6.0,6.0,6.0,1121,0.0,0.0
2024-06-18 11:05:00-04:00,5.96999979019165,5.96999979019165,5.909999847412109,5.909999847412109,4325,0.0,0.0
2024-06-18 11:10:00-04:00,5.88100004196167,5.88100004196167,5.869999885559082,5.869999885559082,3012,0.0,0.0
2024-06-18 11:15:00-04:00,5.920000076293945,5.920000076293945,5.920000076293945,5.920000076293945,568,0.0,0.0
2024-06-18 11:30:00-04:00,5.9899001121521,5.9899001121521,5.9899001121521,5.9899001121521,223,0.0,0.0
2024-06-18 11:35:00-04:00,5.970099925994873,5.970099925994873,5.970099925994873,5.970099925994873,1883,0.0,0.0
2024-06-18 11:45:00-04:00,6.020699977874756,6.020699977874756,6.020699977874756,6.020699977874756,121,0.0,0.0
2024-06-18 11:50:00-04:00,6.026000022888184,6.026000022888184,6.026000022888184,6.026000022888184,116,0.0,0.0
2024-06-18 11:55:00-04:00,6.03000020980835,6.050000190734863,6.03000020980835,6.050000190734863,1353,0.0,0.0
2024-06-18 12:05:00-04:00,6.050000190734863,6.079999923706055,6.03000020980835,6.070000171661377,6200,0.0,0.0
2024-06-18 12:10:00-04:00,6.065000057220459,6.065000057220459,6.065000057220459,6.065000057220459,115,0.0,0.0
2024-06-18 12:20:00-04:00,6.04010009765625,6.050000190734863,6.04010009765625,6.050000190734863,2702,0.0,0.0
2024-06-18 12:25:00-04:00,6.039999961853027,6.059899806976318,6.039999961853027,6.059899806976318,944,0.0,0.0
2024-06-18 12:30:00-04:00,6.059899806976318,6.059899806976318,6.023200035095215,6.039999961853027,1714,0.0,0.0
2024-06-18 12:35:00-04:00,6.0,6.019999980926514,6.0,6.005000114440918,4898,0.0,0.0
2024-06-18 12:40:00-04:00,6.024099826812744,6.024099826812744,6.024099826812744,6.024099826812744,239,0.0,0.0
2024-06-18 12:50:00-04:00,6.04040002822876,6.04040002822876,6.04040002822876,6.04040002822876,111,0.0,0.0
2024-06-18 12:55:00-04:00,6.039999961853027,6.039999961853027,6.039999961853027,6.039999961853027,330,0.0,0.0
2024-06-18 13:00:00-04:00,6.019999980926514,6.019999980926514,6.019999980926514,6.019999980926514,1709,0.0,0.0
2024-06-18 13:20:00-04:00,6.03000020980835,6.059899806976318,6.03000020980835,6.059899806976318,3193,0.0,0.0
2024-06-18 13:25:00-04:00,6.010000228881836,6.010000228881836,6.008900165557861,6.010000228881836,5356,0.0,0.0
2024-06-18 13:40:00-04:00,6.053199768066406,6.053199768066406,6.053199768066406,6.053199768066406,137,0.0,0.0
2024-06-18 13:45:00-04:00,6.057700157165527,6.057700157165527,6.057700157165527,6.057700157165527,985,0.0,0.0
2024-06-18 13:50:00-04:00,6.036799907684326,6.036799907684326,6.036799907684326,6.036799907684326,645,0.0,0.0
2024-06-18 14:00:00-04:00,6.020999908447266,6.020999908447266,6.020999908447266,6.020999908447266,103,0.0,0.0
2024-06-18 14:05:00-04:00,6.019999980926514,6.019999980926514,6.019999980926514,6.019999980926514,524,0.0,0.0
2024-06-18 14:15:00-04:00,6.010000228881836,6.010000228881836,6.010000228881836,6.010000228881836,207,0.0,0.0
2024-06-18 14:20:00-04:00,6.0,6.0,6.0,6.0,745,0.0,0.0
2024-06-18 14:30:00-04:00,5.999300003051758,6.0,5.999300003051758,6.0,3305,0.0,0.0
2024-06-18 14:40:00-04:00,6.010000228881836,6.010000228881836,6.010000228881836,6.010000228881836,321,0.0,0.0
2024-06-18 14:50:00-04:00,5.990099906921387,6.0117998123168945,5.990099906921387,6.010000228881836,835,0.0,0.0
2024-06-18 15:00:00-04:00,6.010000228881836,6.010000228881836,6.010000228881836,6.010000228881836,138,0.0,0.0
2024-06-18 15:05:00-04:00,5.989999771118164,5.989999771118164,5.989999771118164,5.989999771118164,565,0.0,0.0
2024-06-18 15:25:00-04:00,6.0152997970581055,6.0177001953125,5.990099906921387,6.0177001953125,1393,0.0,0.0
2024-06-18 15:30:00-04:00,6.010000228881836,6.010000228881836,6.010000228881836,6.010000228881836,649,0.0,0.0
2024-06-18 15:35:00-04:00,6.0,6.0,5.989999771118164,6.0,3932,0.0,0.0
2024-06-18 15:40:00-04:00,5.990099906921387,5.990099906921387,5.985000133514404,5.985000133514404,495,0.0,0.0
2024-06-18 15:45:00-04:00,5.985000133514404,6.03000020980835,5.985000133514404,6.008800029754639,5111,0.0,0.0
2024-06-18 15:50:00-04:00,6.0,6.015999794006348,6.0,6.015999794006348,2478,0.0,0.0
2024-06-18 15:55:00-04:00,5.989999771118164,5.989999771118164,5.96999979019165,5.96999979019165,1984,0.0,0.0
2024-06-20 09:30:00-04:00,6.019100189208984,6.019100189208984,5.989999771118164,6.0,16704,0.0,0.0
2024-06-20 09:35:00-04:00,6.048900127410889,6.048900127410889,5.989999771118164,5.989999771118164,2265,0.0,0.0
2024-06-20 09:40:00-04:00,6.0,6.0,5.949999809265137,5.949999809265137,4951,0.0,0.0
2024-06-20 09:45:00-04:00,5.968699932098389,5.989999771118164,5.968699932098389,5.971099853515625,6280,0.0,0.0
2024-06-20 09:50:00-04:00,5.9899001121521,5.9899001121521,5.963500022888184,5.963500022888184,1407,0.0,0.0
2024-06-20 09:55:00-04:00,5.950200080871582,5.954999923706055,5.929999828338623,5.929999828338623,3860,0.0,0.0
2024-06-20 10:00:00-04:00,5.929999828338623,6.010000228881836,5.929999828338623,5.940100193023682,5920,0.0,0.0
2024-06-20 10:05:00-04:00,5.940100193023682,5.969900131225586,5.940100193023682,5.969900131225586,1655,0.0,0.0
2024-06-20 10:10:00-04:00,5.979899883270264,6.019899845123291,5.979899883270264,5.987100124359131,5271,0.0,0.0
2024-06-20 10:15:00-04:00,5.960100173950195,5.989999771118164,5.960100173950195,5.989999771118164,2110,0.0,0.0
2024-06-20 10:20:00-04:00,5.940000057220459,5.940000057220459,5.940000057220459,5.940000057220459,897,0.0,0.0
2024-06-20 10:25:00-04:00,5.920000076293945,5.920000076293945,5.849999904632568,5.900000095367432,7528,0.0,0.0
2024-06-20 10:30:00-04:00,5.894000053405762,5.919899940490723,5.880099773406982,5.900000095367432,5187,0.0,0.0
2024-06-20 10:35:00-04:00,5.920000076293945,5.965000152587891,5.920000076293945,5.929999828338623,5882,0.0,0.0
2024-06-20 10:40:00-04:00,5.940000057220459,5.940000057220459,5.940000057220459,5.940000057220459,1000,0.0,0.0
2024-06-20 10:45:00-04:00,5.980000019073486,6.0,5.970099925994873,5.970099925994873,6827,0.0,0.0
2024-06-20 10:50:00-04:00,5.994999885559082,5.994999885559082,5.994999885559082,5.994999885559082,253,0.0,0.0
2024-06-20 10:55:00-04:00,5.994999885559082,5.994999885559082,5.989999771118164,5.989999771118164,910,0.0,0.0
2024-06-20 11:00:00-04:00,6.010000228881836,6.019999980926514,6.005000114440918,6.019700050354004,2004,0.0,0.0
2024-06-20 11:05:00-04:00,6.019999980926514,6.065000057220459,6.019999980926514,6.065000057220459,6541,0.0,0.0
2024-06-20 11:10:00-04:00,6.059999942779541,6.089900016784668,6.059999942779541,6.089900016784668,2130,0.0,0.0
2024-06-20 11:20:00-04:00,6.019999980926514,6.019999980926514,6.019999980926514,6.019999980926514,375,0.0,0.0
2024-06-20 11:25:00-04:00,6.015500068664551,6.015500068664551,6.015500068664551,6.015500068664551,928,0.0,0.0
2024-06-20 11:30:00-04:00,6.0192999839782715,6.0192999839782715,6.009900093078613,6.009900093078613,1140,0.0,0.0
2024-06-20 11:35:00-04:00,6.009900093078613,6.009900093078613,6.009900093078613,6.009900093078613,674,0.0,0.0
2024-06-20 11:40:00-04:00,6.0,6.0,6.0,6.0,1067,0.0,0.0
2024-06-20 11:45:00-04:00,6.0,6.019999980926514,6.0,6.019999980926514,1486,0.0,0.0
2024-06-20 11:50:00-04:00,6.005000114440918,6.005000114440918,6.005000114440918,6.005000114440918,339,0.0,0.0
2024-06-20 12:00:00-04:00,6.005000114440918,6.005000114440918,6.005000114440918,6.005000114440918,200,0.0,0.0
2024-06-20 12:05:00-04:00,6.0,6.0,5.994999885559082,6.0,4313,0.0,0.0
2024-06-20 12:15:00-04:00,6.0,6.0,5.993199825286865,5.993199825286865,936,0.0,0.0
2024-06-20 12:20:00-04:00,6.0,6.0,5.989999771118164,5.994999885559082,3590,0.0,0.0
2024-06-20 12:25:00-04:00,6.0,6.0,6.0,6.0,364,0.0,0.0
2024-06-20 12:30:00-04:00,5.980000019073486,6.0,5.980000019073486,6.0,727,0.0,0.0
2024-06-20 12:35:00-04:00,5.989999771118164,6.0,5.980000019073486,5.980000019073486,1680,0.0,0.0
2024-06-20 12:40:00-04:00,6.0,6.019999980926514,6.0,6.014999866485596,3522,0.0,0.0
2024-06-20 12:45:00-04:00,6.03000020980835,6.03000020980835,6.03000020980835,6.03000020980835,0,0.0,0.0
2024-06-20 12:55:00-04:00,6.010000228881836,6.019999980926514,6.0,6.019999980926514,700,0.0,0.0
2024-06-20 13:05:00-04:00,5.980000019073486,5.980000019073486,5.949999809265137,5.949999809265137,3003,0.0,0.0
2024-06-20 13:15:00-04:00,5.932600021362305,5.932600021362305,5.929999828338623,5.929999828338623,234,0.0,0.0
2024-06-20 13:20:00-04:00,5.920000076293945,5.920000076293945,5.920000076293945,5.920000076293945,225,0.0,0.0
2024-06-20 13:25:00-04:00,5.900000095367432,5.900000095367432,5.829999923706055,5.849999904632568,31250,0.0,0.0
2024-06-20 13:30:00-04:00,5.849999904632568,5.860000133514404,5.813000202178955,5.84499979019165,2617,0.0,0.0
2024-06-20 13:35:00-04:00,5.849999904632568,5.849999904632568,5.849999904632568,5.849999904632568,1097,0.0,0.0
2024-06-20 13:40:00-04:00,5.849999904632568,5.849999904632568,5.720200061798096,5.754499912261963,17440,0.0,0.0
2024-06-20 13:45:00-04:00,5.755000114440918,5.849999904632568,5.730000019073486,5.840000152587891,6080,0.0,0.0
2024-06-20 13:55:00-04:00,5.817999839782715,5.849999904632568,5.817999839782715,5.829999923706055,2075,0.0,0.0
2024-06-20 14:00:00-04:00,5.849999904632568,5.849999904632568,5.849999904632568,5.849999904632568,781,0.0,0.0
2024-06-20 14:05:00-04:00,5.849999904632568,5.849999904632568,5.849999904632568,5.849999904632568,271,0.0,0.0
2024-06-20 14:10:00-04:00,5.880000114440918,5.880000114440918,5.880000114440918,5.880000114440918,967,0.0,0.0
2024-06-20 14:15:00-04:00,5.869999885559082,5.869999885559082,5.869999885559082,5.869999885559082,252,0.0,0.0
2024-06-20 14:30:00-04:00,5.869999885559082,5.90500020980835,5.869999885559082,5.90500020980835,3749,0.0,0.0
2024-06-20 14:40:00-04:00,5.909999847412109,5.909999847412109,5.909999847412109,5.909999847412109,550,0.0,0.0
2024-06-20 14:45:00-04:00,5.949900150299072,5.949900150299072,5.949900150299072,5.949900150299072,7123,0.0,0.0
2024-06-20 15:00:00-04:00,5.937900066375732,5.937900066375732,5.937900066375732,5.937900066375732,1611,0.0,0.0
2024-06-20 15:05:00-04:00,5.940000057220459,5.940000057220459,5.940000057220459,5.940000057220459,200,0.0,0.0
2024-06-20 15:10:00-04:00,5.926599979400635,5.926599979400635,5.926599979400635,5.926599979400635,448,0.0,0.0
2024-06-20 15:25:00-04:00,5.860000133514404,5.860000133514404,5.860000133514404,5.860000133514404,120,0.0,0.0
2024-06-20 15:35:00-04:00,5.889999866485596,5.889999866485596,5.880000114440918,5.880000114440918,1048,0.0,0.0
2024-06-20 15:40:00-04:00,5.880000114440918,5.889999866485596,5.860000133514404,5.860000133514404,4053,0.0,0.0
2024-06-20 15:50:00-04:00,5.860000133514404,5.860000133514404,5.860000133514404,5.860000133514404,105,0.0,0.0
2024-06-20 15:55:00-04:00,5.886000156402588,5.886000156402588,5.860000133514404,5.860000133514404,1592,0.0,0.0
2024-06-21 09:30:00-04:00,5.860000133514404,5.909999847412109,5.824999809265137,5.824999809265137,14452,0.0,0.0
2024-06-21 09:35:00-04:00,5.789899826049805,5.880000114440918,5.789899826049805,5.880000114440918,2019,0.0,0.0
2024-06-21 09:40:00-04:00,5.829999923706055,5.829999923706055,5.829999923706055,5.829999923706055,1713,0.0,0.0
2024-06-21 09:50:00-04:00,5.758399963378906,5.789999961853027,5.75,5.75,11497,0.0,0.0
2024-06-21 09:55:00-04:00,5.760000228881836,5.760000228881836,5.679999828338623,5.6981000900268555,15684,0.0,0.0
2024-06-21 10:00:00-04:00,5.705999851226807,5.71999979019165,5.680099964141846,5.710000038146973,5100,0.0,0.0
2024-06-21 10:05:00-04:00,5.735000133514404,5.751500129699707,5.715000152587891,5.715000152587891,5269,0.0,0.0
2024-06-21 10:10:00-04:00,5.670000076293945,5.679999828338623,5.650000095367432,5.679999828338623,2771,0.0,0.0
2024-06-21 10:15:00-04:00,5.679900169372559,5.760000228881836,5.679900169372559,5.760000228881836,1983,0.0,0.0
2024-06-21 10:20:00-04:00,5.769999980926514,5.769999980926514,5.690000057220459,5.710000038146973,2000,0.0,0.0
2024-06-21 10:25:00-04:00,5.67519998550415,5.704999923706055,5.67519998550415,5.701399803161621,2943,0.0,0.0
2024-06-21 10:30:00-04:00,5.704999923706055,5.704999923706055,5.704999923706055,5.704999923706055,244,0.0,0.0
2024-06-21 10:35:00-04:00,5.695000171661377,5.695000171661377,5.695000171661377,5.695000171661377,398,0.0,0.0
2024-06-21 10:40:00-04:00,5.670000076293945,5.670000076293945,5.670000076293945,5.670000076293945,4626,0.0,0.0
2024-06-21 10:45:00-04:00,5.62060022354126,5.62060022354126,5.62060022354126,5.62060022354126,3088,0.0,0.0
2024-06-21 10:50:00-04:00,5.690000057220459,5.690000057220459,5.690000057220459,5.690000057220459,231,0.0,0.0
2024-06-21 11:10:00-04:00,5.639999866485596,5.639999866485596,5.639999866485596,5.639999866485596,206,0.0,0.0
2024-06-21 11:15:00-04:00,5.670000076293945,5.679999828338623,5.670000076293945,5.679999828338623,419,0.0,0.0
2024-06-21 11:20:00-04:00,5.679999828338623,5.679999828338623,5.650000095367432,5.670000076293945,1929,0.0,0.0
2024-06-21 11:25:00-04:00,5.650000095367432,5.670000076293945,5.650000095367432,5.670000076293945,825,0.0,0.0
2024-06-21 11:30:00-04:00,5.664999961853027,5.664999961853027,5.570000171661377,5.599999904632568,13529,0.0,0.0
2024-06-21 11:35:00-04:00,5.599899768829346,5.619999885559082,5.585000038146973,5.590000152587891,1339,0.0,0.0
2024-06-21 11:40:00-04:00,5.619999885559082,5.619999885559082,5.619999885559082,5.619999885559082,14,0.0,0.0
2024-06-21 11:50:00-04:00,5.580100059509277,5.580100059509277,5.570000171661377,5.579999923706055,1019,0.0,0.0
2024-06-21 11:55:00-04:00,5.590000152587891,5.599899768829346,5.590000152587891,5.599899768829346,1627,0.0,0.0
2024-06-21 12:00:00-04:00,5.579999923706055,5.599999904632568,5.579999923706055,5.590000152587891,1589,0.0,0.0
2024-06-21 12:05:00-04:00,5.579999923706055,5.579999923706055,5.579999923706055,5.579999923706055,212,0.0,0.0
2024-06-21 12:15:00-04:00,5.570000171661377,5.570000171661377,5.570000171661377,5.570000171661377,222,0.0,0.0
2024-06-21 12:20:00-04:00,5.570000171661377,5.590000152587891,5.570000171661377,5.590000152587891,577,0.0,0.0
2024-06-21 12:30:00-04:00,5.599899768829346,5.599899768829346,5.599899768829346,5.599899768829346,244,0.0,0.0
2024-06-21 12:35:00-04:00,5.590000152587891,5.590000152587891,5.559999942779541,5.559999942779541,1977,0.0,0.0
2024-06-21 12:40:00-04:00,5.565000057220459,5.579899787902832,5.53000020980835,5.53000020980835,4739,0.0,0.0
2024-06-21 12:45:00-04:00,5.530099868774414,5.570000171661377,5.53000020980835,5.570000171661377,4306,0.0,0.0
2024-06-21 12:50:00-04:00,5.550000190734863,5.550000190734863,5.550000190734863,5.550000190734863,661,0.0,0.0
2024-06-21 12:55:00-04:00,5.579999923706055,5.579999923706055,5.579999923706055,5.579999923706055,505,0.0,0.0
2024-06-21 13:00:00-04:00,5.590000152587891,5.590000152587891,5.590000152587891,5.590000152587891,509,0.0,0.0
2024-06-21 13:30:00-04:00,5.579999923706055,5.579999923706055,5.570000171661377,5.570000171661377,883,0.0,0.0
2024-06-21 13:35:00-04:00,5.579999923706055,5.579999923706055,5.560100078582764,5.560100078582764,1955,0.0,0.0
2024-06-21 13:40:00-04:00,5.570000171661377,5.571400165557861,5.570000171661377,5.571400165557861,865,0.0,0.0
2024-06-21 13:50:00-04:00,5.570000171661377,5.570000171661377,5.570000171661377,5.570000171661377,4957,0.0,0.0
2024-06-21 14:05:00-04:00,5.570000171661377,5.570000171661377,5.570000171661377,5.570000171661377,292,0.0,0.0
2024-06-21 14:10:00-04:00,5.550000190734863,5.570000171661377,5.550000190734863,5.570000171661377,4230,0.0,0.0
2024-06-21 14:30:00-04:00,5.5447998046875,5.550000190734863,5.5447998046875,5.550000190734863,1482,0.0,0.0
2024-06-21 14:40:00-04:00,5.558899879455566,5.558899879455566,5.558899879455566,5.558899879455566,1364,0.0,0.0
2024-06-21 14:55:00-04:00,5.550000190734863,5.550000190734863,5.550000190734863,5.550000190734863,905,0.0,0.0
2024-06-21 15:00:00-04:00,5.559899806976318,5.559899806976318,5.559899806976318,5.559899806976318,933,0.0,0.0
2024-06-21 15:20:00-04:00,5.559999942779541,5.579999923706055,5.559999942779541,5.579999923706055,1386,0.0,0.0
2024-06-21 15:30:00-04:00,5.570000171661377,5.579999923706055,5.554999828338623,5.579999923706055,2403,0.0,0.0
2024-06-21 15:50:00-04:00,5.579999923706055,5.579999923706055,5.579999923706055,5.579999923706055,265,0.0,0.0
2024-06-21 15:55:00-04:00,5.574999809265137,5.599999904632568,5.559999942779541,5.590000152587891,9425,0.0,0.0
2024-06-24 09:30:00-04:00,5.650000095367432,5.730000019073486,5.650000095367432,5.730000019073486,3729,0.0,0.0
2024-06-24 09:35:00-04:00,5.730000019073486,5.730000019073486,5.730000019073486,5.730000019073486,218,0.0,0.0
2024-06-24 09:40:00-04:00,5.730000019073486,5.730000019073486,5.605000019073486,5.639999866485596,2098,0.0,0.0
2024-06-24 09:45:00-04:00,5.560100078582764,5.619999885559082,5.560100078582764,5.619999885559082,13717,0.0,0.0
2024-06-24 09:50:00-04:00,5.730000019073486,5.730000019073486,5.710000038146973,5.710000038146973,2539,0.0,0.0
2024-06-24 09:55:00-04:00,5.699999809265137,5.739999771118164,5.680099964141846,5.680099964141846,9022,0.0,0.0
2024-06-24 10:00:00-04:00,5.768700122833252,5.768700122833252,5.768700122833252,5.768700122833252,386,0.0,0.0
2024-06-24 10:05:00-04:00,5.796999931335449,5.796999931335449,5.71999979019165,5.770999908447266,4206,0.0,0.0
2024-06-24 10:15:00-04:00,5.75,5.75,5.75,5.75,328,0.0,0.0
2024-06-24 10:20:00-04:00,5.730000019073486,5.7399001121521,5.715000152587891,5.730000019073486,3675,0.0,0.0
2024-06-24 10:25:00-04:00,5.699999809265137,5.710000038146973,5.699999809265137,5.710000038146973,1128,0.0,0.0
2024-06-24 10:30:00-04:00,5.713099956512451,5.75,5.710000038146973,5.75,2401,0.0,0.0
2024-06-24 10:35:00-04:00,5.749000072479248,5.749000072479248,5.749000072479248,5.749000072479248,304,0.0,0.0
2024-06-24 10:40:00-04:00,5.756999969482422,5.756999969482422,5.75,5.75,370,0.0,0.0
2024-06-24 10:50:00-04:00,5.734799861907959,5.734799861907959,5.734799861907959,5.734799861907959,1438,0.0,0.0
2024-06-24 10:55:00-04:00,5.710000038146973,5.710000038146973,5.710000038146973,5.710000038146973,630,0.0,0.0
2024-06-24 11:00:00-04:00,5.656000137329102,5.656000137329102,5.656000137329102,5.656000137329102,0,0.0,0.0
2024-06-24 11:05:00-04:00,5.710000038146973,5.710000038146973,5.710000038146973,5.710000038146973,363,0.0,0.0
2024-06-24 11:20:00-04:00,5.704999923706055,5.704999923706055,5.704999923706055,5.704999923706055,1511,0.0,0.0
2024-06-24 11:45:00-04:00,5.630000114440918,5.630000114440918,5.630000114440918,5.630000114440918,716,0.0,0.0
2024-06-24 11:50:00-04:00,5.630000114440918,5.630000114440918,5.615699768066406,5.615699768066406,498,0.0,0.0
2024-06-24 11:55:00-04:00,5.614999771118164,5.614999771118164,5.614999771118164,5.614999771118164,301,0.0,0.0
2024-06-24 12:00:00-04:00,5.602700233459473,5.602700233459473,5.560500144958496,5.579999923706055,595,0.0,0.0
2024-06-24 12:05:00-04:00,5.560999870300293,5.560999870300293,5.560999870300293,5.560999870300293,334,0.0,0.0
2024-06-24 12:15:00-04:00,5.559999942779541,5.559999942779541,5.559999942779541,5.559999942779541,340,0.0,0.0
2024-06-24 12:25:00-04:00,5.565899848937988,5.565899848937988,5.559999942779541,5.559999942779541,623,0.0,0.0
2024-06-24 12:30:00-04:00,5.54580020904541,5.550000190734863,5.54580020904541,5.550000190734863,1078,0.0,0.0
2024-06-24 12:35:00-04:00,5.550000190734863,5.550000190734863,5.550000190734863,5.550000190734863,221,0.0,0.0
2024-06-24 12:40:00-04:00,5.569900035858154,5.610000133514404,5.569900035858154,5.610000133514404,6013,0.0,0.0
2024-06-24 12:45:00-04:00,5.600100040435791,5.600100040435791,5.600100040435791,5.600100040435791,122,0.0,0.0
2024-06-24 12:50:00-04:00,5.650000095367432,5.650000095367432,5.630000114440918,5.630000114440918,562,0.0,0.0
2024-06-24 12:55:00-04:00,5.6570000648498535,5.6570000648498535,5.6570000648498535,5.6570000648498535,1170,0.0,0.0
2024-06-24 13:10:00-04:00,5.610000133514404,5.610000133514404,5.610000133514404,5.610000133514404,262,0.0,0.0
2024-06-24 13:15:00-04:00,5.630000114440918,5.630000114440918,5.599999904632568,5.599999904632568,8685,0.0,0.0
2024-06-24 13:25:00-04:00,5.599999904632568,5.599999904632568,5.599999904632568,5.599999904632568,1242,0.0,0.0
2024-06-24 13:40:00-04:00,5.559999942779541,5.559999942779541,5.559999942779541,5.559999942779541,604,0.0,0.0
2024-06-24 14:05:00-04:00,5.574999809265137,5.574999809265137,5.574999809265137,5.574999809265137,138,0.0,0.0
2024-06-24 14:10:00-04:00,5.579999923706055,5.579999923706055,5.579999923706055,5.579999923706055,433,0.0,0.0
2024-06-24 14:20:00-04:00,5.59499979019165,5.599999904632568,5.59499979019165,5.599999904632568,1289,0.0,0.0
2024-06-24 14:25:00-04:00,5.5971999168396,5.5971999168396,5.559999942779541,5.570000171661377,2472,0.0,0.0
2024-06-24 14:40:00-04:00,5.575099945068359,5.575099945068359,5.575099945068359,5.575099945068359,332,0.0,0.0
2024-06-24 14:45:00-04:00,5.56790018081665,5.56790018081665,5.56790018081665,5.56790018081665,298,0.0,0.0
2024-06-24 14:55:00-04:00,5.619999885559082,5.619999885559082,5.619999885559082,5.619999885559082,347,0.0,0.0
2024-06-24 15:05:00-04:00,5.617700099945068,5.617700099945068,5.617700099945068,5.617700099945068,3687,0.0,0.0
2024-06-24 15:15:00-04:00,5.630000114440918,5.630000114440918,5.630000114440918,5.630000114440918,159,0.0,0.0
2024-06-24 15:25:00-04:00,5.619999885559082,5.630000114440918,5.619999885559082,5.630000114440918,497,0.0,0.0
2024-06-24 15:35:00-04:00,5.659999847412109,5.659999847412109,5.659999847412109,5.659999847412109,307,0.0,0.0
2024-06-24 15:50:00-04:00,5.610000133514404,5.610000133514404,5.599999904632568,5.600500106811523,1606,0.0,0.0
2024-06-24 15:55:00-04:00,5.619999885559082,5.650000095367432,5.619999885559082,5.630000114440918,1571,0.0,0.0
2024-06-25 09:30:00-04:00,5.570000171661377,5.699999809265137,5.570000171661377,5.699999809265137,5408,0.0,0.0
2024-06-25 09:35:00-04:00,5.619999885559082,5.619999885559082,5.559999942779541,5.585000038146973,9291,0.0,0.0
2024-06-25 09:40:00-04:00,5.590000152587891,5.590000152587891,5.557400226593018,5.557400226593018,5327,0.0,0.0
2024-06-25 09:50:00-04:00,5.599999904632568,5.599999904632568,5.599999904632568,5.599999904632568,165,0.0,0.0
2024-06-25 10:05:00-04:00,5.599999904632568,5.599999904632568,5.599999904632568,5.599999904632568,104,0.0,0.0
2024-06-25 10:10:00-04:00,5.574999809265137,5.574999809265137,5.574999809265137,5.574999809265137,220,0.0,0.0
2024-06-25 10:20:00-04:00,5.599999904632568,5.599999904632568,5.599999904632568,5.599999904632568,2167,0.0,0.0
2024-06-25 10:35:00-04:00,5.563000202178955,5.563000202178955,5.563000202178955,5.563000202178955,245,0.0,0.0
2024-06-25 10:45:00-04:00,5.570000171661377,5.570000171661377,5.570000171661377,5.570000171661377,276,0.0,0.0
2024-06-25 10:50:00-04:00,5.550000190734863,5.550000190734863,5.5,5.5,4261,0.0,0.0
2024-06-25 11:05:00-04:00,5.519999980926514,5.519999980926514,5.519999980926514,5.519999980926514,228,0.0,0.0
2024-06-25 11:15:00-04:00,5.489999771118164,5.489999771118164,5.489999771118164,5.489999771118164,223,0.0,0.0
2024-06-25 11:20:00-04:00,5.480999946594238,5.492000102996826,5.46999979019165,5.46999979019165,2127,0.0,0.0
2024-06-25 11:25:00-04:00,5.473899841308594,5.473899841308594,5.473899841308594,5.473899841308594,409,0.0,0.0
2024-06-25 11:35:00-04:00,5.478300094604492,5.478300094604492,5.478300094604492,5.478300094604492,539,0.0,0.0
2024-06-25 11:45:00-04:00,5.539999961853027,5.539999961853027,5.519999980926514,5.519999980926514,1210,0.0,0.0
2024-06-25 11:50:00-04:00,5.535600185394287,5.535600185394287,5.519999980926514,5.519999980926514,2023,0.0,0.0
2024-06-25 11:55:00-04:00,5.494999885559082,5.5,5.494999885559082,5.5,4007,0.0,0.0
2024-06-25 12:05:00-04:00,5.485000133514404,5.485000133514404,5.485000133514404,5.485000133514404,233,0.0,0.0
2024-06-25 12:15:00-04:00,5.460100173950195,5.460100173950195,5.460100173950195,5.460100173950195,3094,0.0,0.0
2024-06-25 12:20:00-04:00,5.412600040435791,5.412600040435791,5.412600040435791,5.412600040435791,226,0.0,0.0
2024-06-25 12:25:00-04:00,5.420000076293945,5.420000076293945,5.360000133514404,5.360000133514404,4408,0.0,0.0
2024-06-25 12:30:00-04:00,5.350100040435791,5.379499912261963,5.350100040435791,5.379499912261963,590,0.0,0.0
2024-06-25 12:35:00-04:00,5.389999866485596,5.389999866485596,5.389999866485596,5.389999866485596,202,0.0,0.0
2024-06-25 12:40:00-04:00,5.383800029754639,5.386899948120117,5.383800029754639,5.386899948120117,2896,0.0,0.0
2024-06-25 12:50:00-04:00,5.389999866485596,5.389999866485596,5.369999885559082,5.369999885559082,1297,0.0,0.0
2024-06-25 12:55:00-04:00,5.375,5.375,5.375,5.375,854,0.0,0.0
2024-06-25 13:00:00-04:00,5.389999866485596,5.389999866485596,5.389999866485596,5.389999866485596,415,0.0,0.0
2024-06-25 13:05:00-04:00,5.380000114440918,5.389999866485596,5.380000114440918,5.389999866485596,856,0.0,0.0
2024-06-25 13:10:00-04:00,5.373499870300293,5.373499870300293,5.373499870300293,5.373499870300293,1165,0.0,0.0
2024-06-25 13:20:00-04:00,5.380000114440918,5.389900207519531,5.349999904632568,5.380000114440918,1434,0.0,0.0
2024-06-25 13:30:00-04:00,5.400000095367432,5.400000095367432,5.400000095367432,5.400000095367432,1058,0.0,0.0
2024-06-25 13:35:00-04:00,5.385000228881836,5.385000228881836,5.385000228881836,5.385000228881836,390,0.0,0.0
2024-06-25 13:40:00-04:00,5.366499900817871,5.366499900817871,5.366499900817871,5.366499900817871,106,0.0,0.0
2024-06-25 13:45:00-04:00,5.350100040435791,5.3506999015808105,5.350100040435791,5.3506999015808105,970,0.0,0.0
2024-06-25 13:50:00-04:00,5.350100040435791,5.350100040435791,5.350100040435791,5.350100040435791,0,0.0,0.0
2024-06-25 13:55:00-04:00,5.364999771118164,5.364999771118164,5.364999771118164,5.364999771118164,122,0.0,0.0
2024-06-25 14:05:00-04:00,5.349999904632568,5.3506999015808105,5.309999942779541,5.32889986038208,6765,0.0,0.0
2024-06-25 14:10:00-04:00,5.331500053405762,5.331500053405762,5.331500053405762,5.331500053405762,372,0.0,0.0
2024-06-25 14:40:00-04:00,5.329999923706055,5.329999923706055,5.329999923706055,5.329999923706055,750,0.0,0.0
2024-06-25 14:45:00-04:00,5.329999923706055,5.329999923706055,5.329999923706055,5.329999923706055,351,0.0,0.0
2024-06-25 14:50:00-04:00,5.329999923706055,5.329999923706055,5.320000171661377,5.324999809265137,1117,0.0,0.0
2024-06-25 15:05:00-04:00,5.339300155639648,5.360000133514404,5.339300155639648,5.360000133514404,766,0.0,0.0
2024-06-25 15:10:00-04:00,5.324999809265137,5.324999809265137,5.324999809265137,5.324999809265137,109,0.0,0.0
2024-06-25 15:15:00-04:00,5.310999870300293,5.310999870300293,5.300000190734863,5.300000190734863,3266,0.0,0.0
2024-06-25 15:25:00-04:00,5.300000190734863,5.320000171661377,5.289999961853027,5.289999961853027,1725,0.0,0.0
2024-06-25 15:30:00-04:00,5.309999942779541,5.309999942779541,5.300000190734863,5.300000190734863,1743,0.0,0.0
2024-06-25 15:40:00-04:00,5.28000020980835,5.28000020980835,5.239999771118164,5.28000020980835,6025,0.0,0.0
2024-06-25 15:50:00-04:00,5.25,5.25,5.21999979019165,5.21999979019165,3213,0.0,0.0
2024-06-25 15:55:00-04:00,5.21999979019165,5.225399971008301,5.179999828338623,5.210000038146973,7158,0.0,0.0
2024-06-26 09:30:00-04:00,5.150000095367432,5.25,5.150000095367432,5.25,12413,0.0,0.0
2024-06-26 09:55:00-04:00,5.179999828338623,5.179999828338623,5.170000076293945,5.170000076293945,1033,0.0,0.0
2024-06-26 10:00:00-04:00,5.150000095367432,5.1981000900268555,5.150000095367432,5.1981000900268555,712,0.0,0.0
2024-06-26 10:05:00-04:00,5.170000076293945,5.170000076293945,5.170000076293945,5.170000076293945,419,0.0,0.0
2024-06-26 10:10:00-04:00,5.170000076293945,5.17080020904541,5.170000076293945,5.17080020904541,606,0.0,0.0
2024-06-26 10:15:00-04:00,5.199999809265137,5.210000038146973,5.199999809265137,5.199999809265137,719,0.0,0.0
2024-06-26 10:20:00-04:00,5.199999809265137,5.199999809265137,5.199999809265137,5.199999809265137,3165,0.0,0.0
2024-06-26 10:30:00-04:00,5.21999979019165,5.21999979019165,5.21999979019165,5.21999979019165,324,0.0,0.0
2024-06-26 10:35:00-04:00,5.224999904632568,5.224999904632568,5.224999904632568,5.224999904632568,1219,0.0,0.0
2024-06-26 10:50:00-04:00,5.199999809265137,5.199999809265137,5.199999809265137,5.199999809265137,1035,0.0,0.0
2024-06-26 10:55:00-04:00,5.192500114440918,5.192500114440918,5.192500114440918,5.192500114440918,604,0.0,0.0
2024-06-26 11:00:00-04:00,5.199999809265137,5.199999809265137,5.199999809265137,5.199999809265137,601,0.0,0.0
2024-06-26 11:20:00-04:00,5.179999828338623,5.179999828338623,5.110000133514404,5.110000133514404,7587,0.0,0.0
2024-06-26 11:50:00-04:00,5.135000228881836,5.135000228881836,5.135000228881836,5.135000228881836,1679,0.0,0.0
2024-06-26 12:10:00-04:00,5.100399971008301,5.100399971008301,5.100399971008301,5.100399971008301,289,0.0,0.0
2024-06-26 12:20:00-04:00,5.130000114440918,5.130000114440918,5.130000114440918,5.130000114440918,831,0.0,0.0
2024-06-26 12:40:00-04:00,5.139999866485596,5.139999866485596,5.139999866485596,5.139999866485596,517,0.0,0.0
2024-06-26 13:00:00-04:00,5.150000095367432,5.150000095367432,5.150000095367432,5.150000095367432,718,0.0,0.0
2024-06-26 13:10:00-04:00,5.110000133514404,5.110000133514404,5.079999923706055,5.079999923706055,8192,0.0,0.0
2024-06-26 13:20:00-04:00,5.079999923706055,5.079999923706055,5.079999923706055,5.079999923706055,1480,0.0,0.0
2024-06-26 13:30:00-04:00,5.090000152587891,5.090000152587891,5.090000152587891,5.090000152587891,385,0.0,0.0
2024-06-26 14:05:00-04:00,5.070000171661377,5.070000171661377,5.03000020980835,5.037199974060059,13599,0.0,0.0
2024-06-26 14:10:00-04:00,5.049900054931641,5.049900054931641,5.049900054931641,5.049900054931641,68,0.0,0.0
2024-06-26 14:15:00-04:00,5.03000020980835,5.03000020980835,5.03000020980835,5.03000020980835,345,0.0,0.0
2024-06-26 14:35:00-04:00,5.070000171661377,5.070000171661377,5.050000190734863,5.050000190734863,677,0.0,0.0
2024-06-26 14:40:00-04:00,5.059999942779541,5.059999942779541,5.059999942779541,5.059999942779541,340,0.0,0.0
2024-06-26 14:45:00-04:00,5.070000171661377,5.070000171661377,5.070000171661377,5.070000171661377,967,0.0,0.0
2024-06-26 15:00:00-04:00,5.074999809265137,5.074999809265137,5.074999809265137,5.074999809265137,115,0.0,0.0
2024-06-26 15:05:00-04:00,5.059999942779541,5.059999942779541,5.059999942779541,5.059999942779541,1013,0.0,0.0
2024-06-26 15:20:00-04:00,5.059999942779541,5.059999942779541,5.059999942779541,5.059999942779541,0,0.0,0.0
2024-06-26 15:30:00-04:00,5.099999904632568,5.099999904632568,5.099999904632568,5.099999904632568,365,0.0,0.0
2024-06-26 15:35:00-04:00,5.085000038146973,5.085000038146973,5.085000038146973,5.085000038146973,353,0.0,0.0
2024-06-26 15:40:00-04:00,5.070000171661377,5.070000171661377,5.070000171661377,5.070000171661377,913,0.0,0.0
2024-06-26 15:55:00-04:00,5.070000171661377,5.110000133514404,5.059999942779541,5.059999942779541,2040,0.0,0.0
2024-06-27 09:30:00-04:00,5.139999866485596,5.149899959564209,5.139999866485596,5.149899959564209,3790,0.0,0.0
2024-06-27 09:35:00-04:00,5.060100078582764,5.061699867248535,5.060100078582764,5.061699867248535,7243,0.0,0.0
2024-06-27 09:40:00-04:00,5.110000133514404,5.110000133514404,5.110000133514404,5.110000133514404,218,0.0,0.0
2024-06-27 09:45:00-04:00,5.110000133514404,5.110000133514404,5.110000133514404,5.110000133514404,106,0.0,0.0
2024-06-27 09:55:00-04:00,5.099999904632568,5.099999904632568,5.070000171661377,5.070000171661377,562,0.0,0.0
2024-06-27 10:00:00-04:00,5.099999904632568,5.119999885559082,5.090000152587891,5.119999885559082,3172,0.0,0.0
2024-06-27 10:05:00-04:00,5.119999885559082,5.119999885559082,5.070000171661377,5.070000171661377,2418,0.0,0.0
2024-06-27 10:15:00-04:00,5.010000228881836,5.010000228881836,5.010000228881836,5.010000228881836,1731,0.0,0.0
2024-06-27 10:20:00-04:00,5.019999980926514,5.019999980926514,5.016499996185303,5.016499996185303,2852,0.0,0.0
2024-06-27 10:30:00-04:00,5.020999908447266,5.03000020980835,5.020999908447266,5.03000020980835,1298,0.0,0.0
2024-06-27 10:35:00-04:00,5.045000076293945,5.045000076293945,5.019999980926514,5.03000020980835,706,0.0,0.0
2024-06-27 10:45:00-04:00,5.03000020980835,5.059999942779541,5.03000020980835,5.059999942779541,1206,0.0,0.0
2024-06-27 10:55:00-04:00,5.059999942779541,5.059999942779541,5.059999942779541,5.059999942779541,300,0.0,0.0
2024-06-27 11:00:00-04:00,5.050000190734863,5.050000190734863,5.0100998878479,5.0100998878479,4224,0.0,0.0
2024-06-27 11:05:00-04:00,5.037099838256836,5.037099838256836,5.037099838256836,5.037099838256836,0,0.0,0.0
2024-06-27 11:10:00-04:00,5.010000228881836,5.039999961853027,5.010000228881836,5.039999961853027,3437,0.0,0.0
2024-06-27 11:20:00-04:00,5.059999942779541,5.059999942779541,5.059999942779541,5.059999942779541,660,0.0,0.0
2024-06-27 11:30:00-04:00,5.039999961853027,5.050000190734863,5.039999961853027,5.050000190734863,1842,0.0,0.0
2024-06-27 11:35:00-04:00,5.070000171661377,5.070000171661377,5.070000171661377,5.070000171661377,333,0.0,0.0
2024-06-27 11:40:00-04:00,5.079100131988525,5.099999904632568,5.079100131988525,5.099999904632568,750,0.0,0.0
2024-06-27 11:45:00-04:00,5.070000171661377,5.070000171661377,5.070000171661377,5.070000171661377,1887,0.0,0.0
2024-06-27 12:10:00-04:00,5.026599884033203,5.042699813842773,5.026599884033203,5.042699813842773,309,0.0,0.0
2024-06-27 12:15:00-04:00,5.079899787902832,5.079899787902832,5.079899787902832,5.079899787902832,481,0.0,0.0
2024-06-27 12:40:00-04:00,5.03000020980835,5.03000020980835,5.03000020980835,5.03000020980835,495,0.0,0.0
2024-06-27 12:55:00-04:00,5.035999774932861,5.035999774932861,5.035999774932861,5.035999774932861,531,0.0,0.0
2024-06-27 13:10:00-04:00,5.039999961853027,5.039999961853027,5.039999961853027,5.039999961853027,1912,0.0,0.0
2024-06-27 13:20:00-04:00,5.048299789428711,5.048299789428711,5.03000020980835,5.03000020980835,775,0.0,0.0
2024-06-27 13:25:00-04:00,5.03000020980835,5.03000020980835,5.03000020980835,5.03000020980835,1164,0.0,0.0
2024-06-27 13:40:00-04:00,5.050000190734863,5.050000190734863,5.050000190734863,5.050000190734863,105,0.0,0.0
2024-06-27 13:45:00-04:00,5.039999961853027,5.039999961853027,5.03000020980835,5.03000020980835,976,0.0,0.0
2024-06-27 14:15:00-04:00,5.039999961853027,5.039999961853027,5.039999961853027,5.039999961853027,171,0.0,0.0
2024-06-27 14:20:00-04:00,5.039999961853027,5.069900035858154,5.033899784088135,5.069900035858154,1531,0.0,0.0
2024-06-27 14:25:00-04:00,5.050000190734863,5.059999942779541,5.050000190734863,5.059999942779541,425,0.0,0.0
2024-06-27 14:40:00-04:00,5.050000190734863,5.050000190734863,5.050000190734863,5.050000190734863,946,0.0,0.0
2024-06-27 14:55:00-04:00,5.070000171661377,5.070000171661377,5.070000171661377,5.070000171661377,264,0.0,0.0
2024-06-27 15:00:00-04:00,5.079999923706055,5.079999923706055,5.079999923706055,5.079999923706055,1100,0.0,0.0
2024-06-27 15:05:00-04:00,5.11899995803833,5.11899995803833,5.11899995803833,5.11899995803833,742,0.0,0.0
2024-06-27 15:15:00-04:00,5.105899810791016,5.105899810791016,5.105899810791016,5.105899810791016,502,0.0,0.0
2024-06-27 15:25:00-04:00,5.130000114440918,5.130000114440918,5.121099948883057,5.121099948883057,2707,0.0,0.0
2024-06-27 15:30:00-04:00,5.105000019073486,5.105000019073486,5.070000171661377,5.070000171661377,1922,0.0,0.0
2024-06-27 15:35:00-04:00,5.044600009918213,5.044600009918213,5.04010009765625,5.04010009765625,2052,0.0,0.0
2024-06-27 15:50:00-04:00,5.070000171661377,5.109899997711182,5.070000171661377,5.109899997711182,2025,0.0,0.0
2024-06-27 15:55:00-04:00,5.059999942779541,5.090000152587891,5.050000190734863,5.050000190734863,962,0.0,0.0
2024-06-28 09:30:00-04:00,5.079999923706055,5.079999923706055,5.019999980926514,5.070000171661377,3030,0.0,0.0
2024-06-28 09:40:00-04:00,5.079999923706055,5.079999923706055,5.079999923706055,5.079999923706055,1200,0.0,0.0
2024-06-28 09:45:00-04:00,5.090000152587891,5.090000152587891,5.050000190734863,5.050000190734863,2746,0.0,0.0
2024-06-28 09:55:00-04:00,5.059999942779541,5.059999942779541,5.059999942779541,5.059999942779541,330,0.0,0.0
2024-06-28 10:00:00-04:00,5.067999839782715,5.090000152587891,5.061999797821045,5.090000152587891,4146,0.0,0.0
2024-06-28 10:20:00-04:00,5.090000152587891,5.090000152587891,5.090000152587891,5.090000152587891,1139,0.0,0.0
2024-06-28 10:30:00-04:00,5.111000061035156,5.139999866485596,5.111000061035156,5.139999866485596,1117,0.0,0.0
2024-06-28 10:40:00-04:00,5.135000228881836,5.159999847412109,5.135000228881836,5.159999847412109,3704,0.0,0.0
2024-06-28 10:45:00-04:00,5.159999847412109,5.179999828338623,5.159999847412109,5.179999828338623,447,0.0,0.0
2024-06-28 11:00:00-04:00,5.159999847412109,5.159999847412109,5.135000228881836,5.135000228881836,1101,0.0,0.0
2024-06-28 11:05:00-04:00,5.150000095367432,5.150000095367432,5.150000095367432,5.150000095367432,195,0.0,0.0
2024-06-28 11:10:00-04:00,5.119999885559082,5.119999885559082,5.119999885559082,5.119999885559082,572,0.0,0.0
2024-06-28 11:30:00-04:00,5.139999866485596,5.139999866485596,5.139999866485596,5.139999866485596,1006,0.0,0.0
2024-06-28 12:05:00-04:00,5.130000114440918,5.167699813842773,5.130000114440918,5.167699813842773,2531,0.0,0.0
2024-06-28 12:15:00-04:00,5.125,5.139999866485596,5.125,5.139999866485596,0,0.0,0.0
2024-06-28 12:20:00-04:00,5.116199970245361,5.116199970245361,5.116199970245361,5.116199970245361,4000,0.0,0.0
2024-06-28 12:25:00-04:00,5.130000114440918,5.130000114440918,5.130000114440918,5.130000114440918,0,0.0,0.0
2024-06-28 12:30:00-04:00,5.130000114440918,5.130000114440918,5.130000114440918,5.130000114440918,137,0.0,0.0
2024-06-28 12:35:00-04:00,5.110000133514404,5.110000133514404,5.099999904632568,5.099999904632568,6202,0.0,0.0
2024-06-28 12:40:00-04:00,5.110000133514404,5.110000133514404,5.099999904632568,5.099999904632568,2357,0.0,0.0
2024-06-28 12:55:00-04:00,5.119999885559082,5.119999885559082,5.119999885559082,5.119999885559082,487,0.0,0.0
2024-06-28 13:10:00-04:00,5.130000114440918,5.139999866485596,5.130000114440918,5.130000114440918,1333,0.0,0.0
2024-06-28 13:20:00-04:00,5.150000095367432,5.150000095367432,5.150000095367432,5.150000095367432,368,0.0,0.0
2024-06-28 13:30:00-04:00,5.144999980926514,5.144999980926514,5.144999980926514,5.144999980926514,529,0.0,0.0
2024-06-28 13:35:00-04:00,5.099999904632568,5.099999904632568,5.099999904632568,5.099999904632568,4003,0.0,0.0
2024-06-28 13:55:00-04:00,5.099999904632568,5.099999904632568,5.099999904632568,5.099999904632568,838,0.0,0.0
2024-06-28 14:05:00-04:00,5.110000133514404,5.110899925231934,5.110000133514404,5.110899925231934,884,0.0,0.0
2024-06-28 14:10:00-04:00,5.125,5.125,5.125,5.125,153,0.0,0.0
2024-06-28 14:20:00-04:00,5.099999904632568,5.099999904632568,5.099999904632568,5.099999904632568,2260,0.0,0.0
2024-06-28 14:30:00-04:00,5.090000152587891,5.090000152587891,5.090000152587891,5.090000152587891,545,0.0,0.0
2024-06-28 14:35:00-04:00,5.090000152587891,5.090000152587891,5.090000152587891,5.090000152587891,4834,0.0,0.0
2024-06-28 14:50:00-04:00,5.099999904632568,5.099999904632568,5.099999904632568,5.099999904632568,126,0.0,0.0
2024-06-28 14:55:00-04:00,5.099999904632568,5.099999904632568,5.099999904632568,5.099999904632568,101,0.0,0.0
2024-06-28 15:00:00-04:00,5.099999904632568,5.099999904632568,5.099999904632568,5.099999904632568,255,0.0,0.0
2024-06-28 15:05:00-04:00,5.110000133514404,5.110000133514404,5.110000133514404,5.110000133514404,460,0.0,0.0
2024-06-28 15:10:00-04:00,5.110000133514404,5.110000133514404,5.110000133514404,5.110000133514404,200,0.0,0.0
2024-06-28 15:15:00-04:00,5.119999885559082,5.119999885559082,5.119999885559082,5.119999885559082,100,0.0,0.0
2024-06-28 15:20:00-04:00,5.110000133514404,5.110000133514404,5.110000133514404,5.110000133514404,512,0.0,0.0
2024-06-28 15:25:00-04:00,5.114999771118164,5.114999771118164,5.114999771118164,5.114999771118164,1866,0.0,0.0
2024-06-28 15:30:00-04:00,5.120100021362305,5.130000114440918,5.110000133514404,5.110000133514404,4872,0.0,0.0
2024-06-28 15:35:00-04:00,5.110000133514404,5.110000133514404,5.105000019073486,5.105000019073486,522,0.0,0.0
2024-06-28 15:40:00-04:00,5.105000019073486,5.119999885559082,5.105000019073486,5.119999885559082,787,0.0,0.0
2024-06-28 15:45:00-04:00,5.130000114440918,5.130000114440918,5.130000114440918,5.130000114440918,672,0.0,0.0
2024-06-28 15:50:00-04:00,5.139999866485596,5.179999828338623,5.139999866485596,5.170000076293945,445,0.0,0.0
2024-06-28 15:55:00-04:00,5.150000095367432,5.170000076293945,5.130099773406982,5.170000076293945,5446,0.0,0.0
