Datetime,Open,High,Low,Close,Volume,Dividends,Stock Splits
2024-05-30 09:30:00-04:00,7.909999847412109,7.980000019073486,7.909999847412109,7.980000019073486,0,0.0,0.0
2024-05-30 09:35:00-04:00,7.96999979019165,7.96999979019165,7.929999828338623,7.929999828338623,744,0.0,0.0
2024-05-30 09:40:00-04:00,7.934999942779541,7.960000038146973,7.934999942779541,7.954999923706055,3403,0.0,0.0
2024-05-30 09:45:00-04:00,7.940000057220459,7.940000057220459,7.920000076293945,7.920000076293945,3186,0.0,0.0
2024-05-30 09:50:00-04:00,7.909999847412109,7.909999847412109,7.894999980926514,7.909999847412109,3595,0.0,0.0
2024-05-30 09:55:00-04:00,7.909999847412109,7.909999847412109,7.889999866485596,7.889999866485596,1615,0.0,0.0
2024-05-30 10:00:00-04:00,7.880000114440918,7.880000114440918,7.880000114440918,7.880000114440918,1618,0.0,0.0
2024-05-30 10:05:00-04:00,7.88100004196167,7.940000057220459,7.88100004196167,7.914999961853027,6806,0.0,0.0
2024-05-30 10:10:00-04:00,7.920000076293945,7.920000076293945,7.914999961853027,7.920000076293945,2302,0.0,0.0
2024-05-30 10:15:00-04:00,7.925000190734863,7.945000171661377,7.925000190734863,7.945000171661377,1597,0.0,0.0
2024-05-30 10:20:00-04:00,7.960000038146973,7.960000038146973,7.960000038146973,7.960000038146973,795,0.0,0.0
2024-05-30 10:35:00-04:00,7.96999979019165,7.96999979019165,7.945000171661377,7.945000171661377,4731,0.0,0.0
2024-05-30 10:45:00-04:00,7.945000171661377,7.989999771118164,7.945000171661377,7.954999923706055,8278,0.0,0.0
2024-05-30 10:50:00-04:00,7.960000038146973,7.960000038146973,7.960000038146973,7.960000038146973,1494,0.0,0.0
2024-05-30 11:00:00-04:00,7.965000152587891,7.965000152587891,7.960000038146973,7.960000038146973,2171,0.0,0.0
2024-05-30 11:05:00-04:00,7.940000057220459,7.940000057220459,7.940000057220459,7.940000057220459,553,0.0,0.0
2024-05-30 11:10:00-04:00,7.945000171661377,7.945000171661377,7.945000171661377,7.945000171661377,211,0.0,0.0
2024-05-30 11:15:00-04:00,7.945000171661377,7.945000171661377,7.889999866485596,7.920000076293945,20029,0.0,0.0
2024-05-30 11:20:00-04:00,7.900000095367432,7.909999847412109,7.900000095367432,7.90500020980835,6573,0.0,0.0
2024-05-30 11:25:00-04:00,7.914999961853027,7.914999961853027,7.889999866485596,7.894999980926514,2459,0.0,0.0
2024-05-30 11:30:00-04:00,7.894999980926514,7.894999980926514,7.894999980926514,7.894999980926514,300,0.0,0.0
2024-05-30 11:35:00-04:00,7.894999980926514,7.894999980926514,7.880000114440918,7.880000114440918,1996,0.0,0.0
2024-05-30 11:40:00-04:00,7.880000114440918,7.900000095367432,7.880000114440918,7.900000095367432,2202,0.0,0.0
2024-05-30 11:45:00-04:00,7.90500020980835,7.909999847412109,7.90500020980835,7.909999847412109,1491,0.0,0.0
2024-05-30 11:50:00-04:00,7.914999961853027,7.920000076293945,7.894999980926514,7.914999961853027,7621,0.0,0.0
2024-05-30 11:55:00-04:00,7.909999847412109,7.909999847412109,7.90500020980835,7.90500020980835,1361,0.0,0.0
2024-05-30 12:00:00-04:00,7.900000095367432,7.900000095367432,7.894999980926514,7.900000095367432,1906,0.0,0.0
2024-05-30 12:10:00-04:00,7.909999847412109,7.960000038146973,7.909999847412109,7.960000038146973,4312,0.0,0.0
2024-05-30 12:15:00-04:00,7.960000038146973,7.960000038146973,7.900000095367432,7.920000076293945,21224,0.0,0.0
2024-05-30 12:20:00-04:00,7.925000190734863,7.925000190734863,7.920000076293945,7.920000076293945,303,0.0,0.0
2024-05-30 12:25:00-04:00,7.920000076293945,7.929999828338623,7.920000076293945,7.929999828338623,1840,0.0,0.0
2024-05-30 12:30:00-04:00,7.929999828338623,7.940000057220459,7.929999828338623,7.940000057220459,1305,0.0,0.0
2024-05-30 12:35:00-04:00,7.940000057220459,7.940000057220459,7.894999980926514,7.929999828338623,11434,0.0,0.0
2024-05-30 12:40:00-04:00,7.920000076293945,7.920000076293945,7.914999961853027,7.914999961853027,610,0.0,0.0
2024-05-30 12:45:00-04:00,7.909999847412109,7.914999961853027,7.894999980926514,7.909999847412109,3187,0.0,0.0
2024-05-30 12:50:00-04:00,7.909999847412109,7.909999847412109,7.894999980926514,7.900000095367432,2005,0.0,0.0
2024-05-30 12:55:00-04:00,7.900000095367432,7.900000095367432,7.899899959564209,7.899899959564209,1008,0.0,0.0
2024-05-30 13:00:00-04:00,7.909999847412109,7.909999847412109,7.900000095367432,7.900000095367432,3002,0.0,0.0
2024-05-30 13:05:00-04:00,7.900000095367432,7.900000095367432,7.894999980926514,7.894999980926514,3799,0.0,0.0
2024-05-30 13:10:00-04:00,7.900000095367432,7.929999828338623,7.900000095367432,7.929999828338623,23979,0.0,0.0
2024-05-30 13:15:00-04:00,7.920000076293945,7.940000057220459,7.900000095367432,7.934999942779541,19909,0.0,0.0
2024-05-30 13:20:00-04:00,7.934999942779541,7.934999942779541,7.925000190734863,7.929999828338623,3910,0.0,0.0
2024-05-30 13:25:00-04:00,7.929999828338623,7.929999828338623,7.889999866485596,7.909999847412109,15368,0.0,0.0
2024-05-30 13:30:00-04:00,7.914999961853027,7.934999942779541,7.900000095367432,7.900000095367432,20542,0.0,0.0
2024-05-30 13:35:00-04:00,7.90500020980835,7.909999847412109,7.869999885559082,7.90500020980835,6719,0.0,0.0
2024-05-30 13:40:00-04:00,7.909999847412109,7.909999847412109,7.90500020980835,7.90500020980835,1060,0.0,0.0
2024-05-30 13:45:00-04:00,7.920000076293945,7.929999828338623,7.920000076293945,7.920000076293945,2468,0.0,0.0
2024-05-30 13:50:00-04:00,7.920000076293945,7.920000076293945,7.909999847412109,7.909999847412109,2479,0.0,0.0
2024-05-30 13:55:00-04:00,7.909999847412109,7.920000076293945,7.909999847412109,7.920000076293945,640,0.0,0.0
2024-05-30 14:00:00-04:00,7.909999847412109,7.909999847412109,7.900000095367432,7.900000095367432,1728,0.0,0.0
2024-05-30 14:05:00-04:00,7.902500152587891,7.90500020980835,7.900000095367432,7.900000095367432,4013,0.0,0.0
2024-05-30 14:10:00-04:00,7.900000095367432,7.929999828338623,7.894999980926514,7.909999847412109,11230,0.0,0.0
2024-05-30 14:15:00-04:00,7.909999847412109,7.914999961853027,7.894999980926514,7.894999980926514,3508,0.0,0.0
2024-05-30 14:20:00-04:00,7.909999847412109,7.909999847412109,7.900000095367432,7.900000095367432,5856,0.0,0.0
2024-05-30 14:25:00-04:00,7.909999847412109,7.909999847412109,7.909999847412109,7.909999847412109,844,0.0,0.0
2024-05-30 14:30:00-04:00,7.900000095367432,7.90500020980835,7.894999980926514,7.900000095367432,4331,0.0,0.0
2024-05-30 14:35:00-04:00,7.889999866485596,7.909999847412109,7.889999866485596,7.909999847412109,6796,0.0,0.0
2024-05-30 14:40:00-04:00,7.909999847412109,7.909999847412109,7.900000095367432,7.900000095367432,2021,0.0,0.0
2024-05-30 14:45:00-04:00,7.889999866485596,7.90500020980835,7.889999866485596,7.900000095367432,2026,0.0,0.0
2024-05-30 14:50:00-04:00,7.900000095367432,7.909999847412109,7.900000095367432,7.909999847412109,1314,0.0,0.0
2024-05-30 14:55:00-04:00,7.909999847412109,7.909999847412109,7.900000095367432,7.900000095367432,5742,0.0,0.0
2024-05-30 15:00:00-04:00,7.900000095367432,7.900000095367432,7.900000095367432,7.900000095367432,1301,0.0,0.0
2024-05-30 15:05:00-04:00,7.900000095367432,7.909999847412109,7.894999980926514,7.900000095367432,4350,0.0,0.0
2024-05-30 15:10:00-04:00,7.900000095367432,7.900000095367432,7.894999980926514,7.894999980926514,1370,0.0,0.0
2024-05-30 15:15:00-04:00,7.900000095367432,7.90500020980835,7.900000095367432,7.90500020980835,563,0.0,0.0
2024-05-30 15:20:00-04:00,7.90500020980835,7.90500020980835,7.900000095367432,7.900000095367432,2475,0.0,0.0
2024-05-30 15:25:00-04:00,7.900000095367432,7.90500020980835,7.894999980926514,7.900000095367432,7614,0.0,0.0
2024-05-30 15:30:00-04:00,7.909999847412109,7.909999847412109,7.894999980926514,7.900000095367432,22885,0.0,0.0
2024-05-30 15:35:00-04:00,7.900000095367432,7.909999847412109,7.900000095367432,7.909999847412109,1424,0.0,0.0
2024-05-30 15:40:00-04:00,7.914999961853027,7.914999961853027,7.889999866485596,7.889999866485596,9234,0.0,0.0
2024-05-30 15:45:00-04:00,7.880000114440918,7.885000228881836,7.880000114440918,7.884200096130371,2613,0.0,0.0
2024-05-30 15:50:00-04:00,7.885000228881836,7.889999866485596,7.880000114440918,7.885000228881836,8502,0.0,0.0
2024-05-30 15:55:00-04:00,7.889999866485596,7.929999828338623,7.885000228881836,7.920000076293945,27114,0.0,0.0
2024-05-31 09:30:00-04:00,7.909999847412109,8.029999732971191,7.909999847412109,8.029999732971191,7469,0.0,0.0
2024-05-31 09:40:00-04:00,8.039999961853027,8.0600004196167,8.029999732971191,8.029999732971191,3257,0.0,0.0
2024-05-31 09:45:00-04:00,8.029999732971191,8.029999732971191,8.0,8.0,1609,0.0,0.0
2024-05-31 09:50:00-04:00,7.989999771118164,7.989999771118164,7.980000019073486,7.980000019073486,1695,0.0,0.0
2024-05-31 10:00:00-04:00,8.0,8.020000457763672,8.0,8.020000457763672,668,0.0,0.0
2024-05-31 10:05:00-04:00,8.01990032196045,8.020000457763672,8.01990032196045,8.020000457763672,1513,0.0,0.0
2024-05-31 10:10:00-04:00,8.029999732971191,8.029999732971191,8.029999732971191,8.029999732971191,283,0.0,0.0
2024-05-31 10:15:00-04:00,8.029999732971191,8.029999732971191,8.029999732971191,8.029999732971191,518,0.0,0.0
2024-05-31 10:20:00-04:00,8.029999732971191,8.029999732971191,8.024999618530273,8.024999618530273,844,0.0,0.0
2024-05-31 10:25:00-04:00,8.020000457763672,8.039999961853027,8.020000457763672,8.039999961853027,882,0.0,0.0
2024-05-31 10:30:00-04:00,8.03600025177002,8.03600025177002,8.03600025177002,8.03600025177002,1333,0.0,0.0
2024-05-31 10:35:00-04:00,8.029999732971191,8.029999732971191,8.029999732971191,8.029999732971191,581,0.0,0.0
2024-05-31 10:40:00-04:00,8.029999732971191,8.029999732971191,8.029999732971191,8.029999732971191,243,0.0,0.0
2024-05-31 10:45:00-04:00,8.050000190734863,8.050000190734863,7.994999885559082,8.029999732971191,17108,0.0,0.0
2024-05-31 10:50:00-04:00,8.03499984741211,8.045000076293945,8.0,8.029999732971191,6390,0.0,0.0
2024-05-31 10:55:00-04:00,8.050000190734863,8.0649995803833,7.989999771118164,8.010000228881836,28520,0.0,0.0
2024-05-31 11:00:00-04:00,8.015000343322754,8.024999618530273,8.005000114440918,8.005000114440918,1845,0.0,0.0
2024-05-31 11:05:00-04:00,8.024999618530273,8.024999618530273,7.994999885559082,8.0,3036,0.0,0.0
2024-05-31 11:10:00-04:00,8.010000228881836,8.010000228881836,8.005000114440918,8.005000114440918,1050,0.0,0.0
2024-05-31 11:15:00-04:00,8.015000343322754,8.015000343322754,7.994999885559082,8.010000228881836,8133,0.0,0.0
2024-05-31 11:20:00-04:00,8.0,8.0,7.989999771118164,7.989999771118164,1586,0.0,0.0
2024-05-31 11:25:00-04:00,7.989999771118164,8.0,7.985000133514404,8.0,2239,0.0,0.0
2024-05-31 11:30:00-04:00,8.010000228881836,8.015000343322754,7.994999885559082,7.994999885559082,3587,0.0,0.0
2024-05-31 11:35:00-04:00,8.0,8.0,8.0,8.0,530,0.0,0.0
2024-05-31 11:40:00-04:00,8.0,8.0,7.994999885559082,8.0,9423,0.0,0.0
2024-05-31 11:45:00-04:00,8.0,8.020000457763672,7.994999885559082,8.0,8618,0.0,0.0
2024-05-31 11:50:00-04:00,8.005000114440918,8.005000114440918,8.005000114440918,8.005000114440918,415,0.0,0.0
2024-05-31 11:55:00-04:00,8.005000114440918,8.005000114440918,7.994999885559082,8.0,1843,0.0,0.0
2024-05-31 12:00:00-04:00,8.005000114440918,8.020000457763672,8.0,8.020000457763672,6287,0.0,0.0
2024-05-31 12:05:00-04:00,8.020000457763672,8.020000457763672,8.020000457763672,8.020000457763672,130,0.0,0.0
2024-05-31 12:10:00-04:00,8.015000343322754,8.020000457763672,8.0,8.0,7191,0.0,0.0
2024-05-31 12:15:00-04:00,8.010000228881836,8.010000228881836,8.010000228881836,8.010000228881836,200,0.0,0.0
2024-05-31 12:20:00-04:00,8.0,8.0,7.994999885559082,7.994999885559082,1243,0.0,0.0
2024-05-31 12:25:00-04:00,8.0,8.0,8.0,8.0,265,0.0,0.0
2024-05-31 12:30:00-04:00,8.005999565124512,8.010000228881836,8.005999565124512,8.010000228881836,717,0.0,0.0
2024-05-31 12:35:00-04:00,8.020000457763672,8.020000457763672,8.0,8.0,3194,0.0,0.0
2024-05-31 12:45:00-04:00,8.010000228881836,8.015000343322754,7.994999885559082,7.997499942779541,2974,0.0,0.0
2024-05-31 12:50:00-04:00,8.0,8.015000343322754,8.0,8.015000343322754,1034,0.0,0.0
2024-05-31 12:55:00-04:00,8.020000457763672,8.024999618530273,7.989999771118164,7.989999771118164,5951,0.0,0.0
2024-05-31 13:00:00-04:00,8.0,8.015000343322754,7.994999885559082,8.015000343322754,2669,0.0,0.0
2024-05-31 13:05:00-04:00,8.010000228881836,8.010000228881836,7.994999885559082,8.0,15659,0.0,0.0
2024-05-31 13:10:00-04:00,8.0,8.005000114440918,7.994999885559082,7.994999885559082,4090,0.0,0.0
2024-05-31 13:15:00-04:00,8.0,8.0,7.994999885559082,7.994999885559082,1534,0.0,0.0
2024-05-31 13:20:00-04:00,8.0,8.0,8.0,8.0,981,0.0,0.0
2024-05-31 13:25:00-04:00,8.0,8.0,8.0,8.0,3090,0.0,0.0
2024-05-31 13:30:00-04:00,8.0,8.010000228881836,8.0,8.010000228881836,1743,0.0,0.0
2024-05-31 13:35:00-04:00,8.005000114440918,8.015000343322754,7.994999885559082,8.010000228881836,3098,0.0,0.0
2024-05-31 13:40:00-04:00,8.010000228881836,8.010000228881836,8.0,8.0,20600,0.0,0.0
2024-05-31 13:45:00-04:00,8.020000457763672,8.029999732971191,8.020000457763672,8.024999618530273,2092,0.0,0.0
2024-05-31 13:50:00-04:00,8.024999618530273,8.045000076293945,8.024999618530273,8.024999618530273,4349,0.0,0.0
2024-05-31 13:55:00-04:00,8.024999618530273,8.03499984741211,8.024999618530273,8.03499984741211,1447,0.0,0.0
2024-05-31 14:00:00-04:00,8.03499984741211,8.03499984741211,8.029999732971191,8.029999732971191,1430,0.0,0.0
2024-05-31 14:05:00-04:00,8.050000190734863,8.074999809265137,8.045000076293945,8.074999809265137,2957,0.0,0.0
2024-05-31 14:10:00-04:00,8.079899787902832,8.114999771118164,8.079899787902832,8.114999771118164,5306,0.0,0.0
2024-05-31 14:15:00-04:00,8.079999923706055,8.114999771118164,8.0600004196167,8.109999656677246,19610,0.0,0.0
2024-05-31 14:20:00-04:00,8.110099792480469,8.110099792480469,8.110099792480469,8.110099792480469,520,0.0,0.0
2024-05-31 14:25:00-04:00,8.114999771118164,8.114999771118164,8.114999771118164,8.114999771118164,1807,0.0,0.0
2024-05-31 14:35:00-04:00,8.125,8.125,8.119999885559082,8.125,3680,0.0,0.0
2024-05-31 14:40:00-04:00,8.130000114440918,8.140000343322754,8.119999885559082,8.130000114440918,9291,0.0,0.0
2024-05-31 14:45:00-04:00,8.135000228881836,8.135000228881836,8.135000228881836,8.135000228881836,393,0.0,0.0
2024-05-31 14:50:00-04:00,8.130000114440918,8.135000228881836,8.125,8.125,3584,0.0,0.0
2024-05-31 14:55:00-04:00,8.123800277709961,8.135000228881836,8.123800277709961,8.130000114440918,9716,0.0,0.0
2024-05-31 15:00:00-04:00,8.130000114440918,8.13010025024414,8.119999885559082,8.130000114440918,3408,0.0,0.0
2024-05-31 15:05:00-04:00,8.130000114440918,8.145000457763672,8.130000114440918,8.140000343322754,3566,0.0,0.0
2024-05-31 15:10:00-04:00,8.145000457763672,8.154999732971191,8.145000457763672,8.154999732971191,2575,0.0,0.0
2024-05-31 15:15:00-04:00,8.154899597167969,8.154899597167969,8.095000267028809,8.100000381469727,14877,0.0,0.0
2024-05-31 15:20:00-04:00,8.119999885559082,8.130000114440918,8.109999656677246,8.130000114440918,1915,0.0,0.0
2024-05-31 15:25:00-04:00,8.119999885559082,8.119999885559082,8.100000381469727,8.104999542236328,5089,0.0,0.0
2024-05-31 15:30:00-04:00,8.104999542236328,8.104999542236328,8.097599983215332,8.100000381469727,4037,0.0,0.0
2024-05-31 15:35:00-04:00,8.095000267028809,8.095000267028809,8.095000267028809,8.095000267028809,523,0.0,0.0
2024-05-31 15:40:00-04:00,8.09000015258789,8.095000267028809,8.079999923706055,8.09000015258789,6589,0.0,0.0
2024-05-31 15:45:00-04:00,8.100000381469727,8.114999771118164,8.095000267028809,8.114999771118164,5648,0.0,0.0
2024-05-31 15:50:00-04:00,8.119999885559082,8.1899995803833,8.114999771118164,8.1850004196167,16766,0.0,0.0
2024-05-31 15:55:00-04:00,8.180000305175781,8.210000038146973,8.135000228881836,8.149999618530273,59399,0.0,0.0
2024-06-03 09:30:00-04:00,8.239999771118164,8.239999771118164,8.22070026397705,8.22070026397705,2643,0.0,0.0
2024-06-03 09:35:00-04:00,8.225000381469727,8.239999771118164,8.1899995803833,8.1899995803833,4265,0.0,0.0
2024-06-03 09:40:00-04:00,8.180000305175781,8.180000305175781,8.140000343322754,8.164999961853027,7517,0.0,0.0
2024-06-03 09:45:00-04:00,8.15999984741211,8.15999984741211,8.069999694824219,8.129799842834473,9734,0.0,0.0
2024-06-03 09:50:00-04:00,8.130000114440918,8.149999618530273,8.125,8.149999618530273,2166,0.0,0.0
2024-06-03 09:55:00-04:00,8.140000343322754,8.149999618530273,8.130000114440918,8.140000343322754,2969,0.0,0.0
2024-06-03 10:00:00-04:00,8.149999618530273,8.170000076293945,8.149999618530273,8.15999984741211,840,0.0,0.0
2024-06-03 10:05:00-04:00,8.170000076293945,8.199999809265137,8.170000076293945,8.180000305175781,4128,0.0,0.0
2024-06-03 10:10:00-04:00,8.170000076293945,8.180000305175781,8.170000076293945,8.180000305175781,2274,0.0,0.0
2024-06-03 10:15:00-04:00,8.199999809265137,8.21500015258789,8.199999809265137,8.21500015258789,1704,0.0,0.0
2024-06-03 10:20:00-04:00,8.220000267028809,8.220000267028809,8.21500015258789,8.21500015258789,1572,0.0,0.0
2024-06-03 10:25:00-04:00,8.210000038146973,8.210000038146973,8.1899995803833,8.1899995803833,1793,0.0,0.0
2024-06-03 10:30:00-04:00,8.175999641418457,8.180000305175781,8.15999984741211,8.175000190734863,5160,0.0,0.0
2024-06-03 10:35:00-04:00,8.180000305175781,8.180000305175781,8.175000190734863,8.175000190734863,1744,0.0,0.0
2024-06-03 10:45:00-04:00,8.199999809265137,8.204999923706055,8.170000076293945,8.180000305175781,4529,0.0,0.0
2024-06-03 10:50:00-04:00,8.1899995803833,8.229999542236328,8.1850004196167,8.225000381469727,2164,0.0,0.0
2024-06-03 10:55:00-04:00,8.229999542236328,8.229999542236328,8.21500015258789,8.21500015258789,3027,0.0,0.0
2024-06-03 11:00:00-04:00,8.239999771118164,8.279999732971191,8.239999771118164,8.270000457763672,4477,0.0,0.0
2024-06-03 11:05:00-04:00,8.289999961853027,8.3100004196167,8.289999961853027,8.3100004196167,939,0.0,0.0
2024-06-03 11:10:00-04:00,8.3100004196167,8.3100004196167,8.300000190734863,8.300000190734863,2592,0.0,0.0
2024-06-03 11:15:00-04:00,8.305000305175781,8.305000305175781,8.305000305175781,8.305000305175781,444,0.0,0.0
2024-06-03 11:20:00-04:00,8.3100004196167,8.324999809265137,8.288999557495117,8.288999557495117,5240,0.0,0.0
2024-06-03 11:25:00-04:00,8.300000190734863,8.300000190734863,8.300000190734863,8.300000190734863,723,0.0,0.0
2024-06-03 11:30:00-04:00,8.300000190734863,8.300000190734863,8.300000190734863,8.300000190734863,1813,0.0,0.0
2024-06-03 11:35:00-04:00,8.300000190734863,8.300000190734863,8.300000190734863,8.300000190734863,1246,0.0,0.0
2024-06-03 11:40:00-04:00,8.3100004196167,8.3100004196167,8.28499984741211,8.289999961853027,2638,0.0,0.0
2024-06-03 11:45:00-04:00,8.300800323486328,8.3100004196167,8.300800323486328,8.305000305175781,374,0.0,0.0
2024-06-03 11:50:00-04:00,8.305000305175781,8.3149995803833,8.305000305175781,8.3100004196167,3758,0.0,0.0
2024-06-03 11:55:00-04:00,8.305000305175781,8.305000305175781,8.305000305175781,8.305000305175781,314,0.0,0.0
2024-06-03 12:00:00-04:00,8.300000190734863,8.300000190734863,8.289999961853027,8.289999961853027,1838,0.0,0.0
2024-06-03 12:05:00-04:00,8.289999961853027,8.300000190734863,8.279999732971191,8.300000190734863,2326,0.0,0.0
2024-06-03 12:10:00-04:00,8.300000190734863,8.300000190734863,8.289999961853027,8.289999961853027,1104,0.0,0.0
2024-06-03 12:15:00-04:00,8.300000190734863,8.300000190734863,8.295999526977539,8.295999526977539,1488,0.0,0.0
2024-06-03 12:20:00-04:00,8.289999961853027,8.291000366210938,8.244999885559082,8.279999732971191,5717,0.0,0.0
2024-06-03 12:25:00-04:00,8.270000457763672,8.270000457763672,8.25,8.25,1706,0.0,0.0
2024-06-03 12:30:00-04:00,8.25,8.25,8.25,8.25,833,0.0,0.0
2024-06-03 12:35:00-04:00,8.25,8.270000457763672,8.25,8.270000457763672,1255,0.0,0.0
2024-06-03 12:40:00-04:00,8.274999618530273,8.274999618530273,8.270000457763672,8.270000457763672,1222,0.0,0.0
2024-06-03 12:45:00-04:00,8.260000228881836,8.265000343322754,8.199999809265137,8.210000038146973,7268,0.0,0.0
2024-06-03 12:50:00-04:00,8.210000038146973,8.210000038146973,8.210000038146973,8.210000038146973,901,0.0,0.0
2024-06-03 12:55:00-04:00,8.220000267028809,8.229999542236328,8.220000267028809,8.229999542236328,1259,0.0,0.0
2024-06-03 13:00:00-04:00,8.234999656677246,8.234999656677246,8.229999542236328,8.229999542236328,992,0.0,0.0
2024-06-03 13:05:00-04:00,8.229999542236328,8.229999542236328,8.229999542236328,8.229999542236328,1185,0.0,0.0
2024-06-03 13:10:00-04:00,8.229999542236328,8.229999542236328,8.229900360107422,8.229900360107422,1680,0.0,0.0
2024-06-03 13:15:00-04:00,8.229999542236328,8.25,8.229999542236328,8.25,2727,0.0,0.0
2024-06-03 13:20:00-04:00,8.25,8.25,8.244999885559082,8.249699592590332,1396,0.0,0.0
2024-06-03 13:25:00-04:00,8.25,8.255000114440918,8.25,8.255000114440918,1488,0.0,0.0
2024-06-03 13:30:00-04:00,8.260000228881836,8.265000343322754,8.21500015258789,8.229999542236328,5469,0.0,0.0
2024-06-03 13:35:00-04:00,8.234999656677246,8.234999656677246,8.199999809265137,8.199999809265137,4412,0.0,0.0
2024-06-03 13:45:00-04:00,8.199999809265137,8.199999809265137,8.1899995803833,8.1899995803833,1084,0.0,0.0
2024-06-03 13:50:00-04:00,8.1899995803833,8.194999694824219,8.1899995803833,8.194999694824219,1480,0.0,0.0
2024-06-03 13:55:00-04:00,8.194999694824219,8.199799537658691,8.170000076293945,8.175000190734863,3301,0.0,0.0
2024-06-03 14:00:00-04:00,8.175000190734863,8.180000305175781,8.175000190734863,8.180000305175781,1688,0.0,0.0
2024-06-03 14:05:00-04:00,8.1899995803833,8.1899995803833,8.1850004196167,8.1899995803833,1276,0.0,0.0
2024-06-03 14:10:00-04:00,8.1850004196167,8.220000267028809,8.1850004196167,8.220000267028809,7039,0.0,0.0
2024-06-03 14:15:00-04:00,8.210000038146973,8.210000038146973,8.204999923706055,8.204999923706055,1969,0.0,0.0
2024-06-03 14:20:00-04:00,8.21500015258789,8.220000267028809,8.21500015258789,8.215999603271484,978,0.0,0.0
2024-06-03 14:25:00-04:00,8.21500015258789,8.225000381469727,8.1899995803833,8.194999694824219,14326,0.0,0.0
2024-06-03 14:30:00-04:00,8.199999809265137,8.204999923706055,8.199999809265137,8.204999923706055,1652,0.0,0.0
2024-06-03 14:35:00-04:00,8.20199966430664,8.21500015258789,8.194999694824219,8.194999694824219,4329,0.0,0.0
2024-06-03 14:40:00-04:00,8.1899995803833,8.194999694824219,8.180000305175781,8.1899995803833,3387,0.0,0.0
2024-06-03 14:45:00-04:00,8.1899995803833,8.194999694824219,8.1899995803833,8.194999694824219,2539,0.0,0.0
2024-06-03 14:50:00-04:00,8.199999809265137,8.199999809265137,8.164999961853027,8.164999961853027,3559,0.0,0.0
2024-06-03 14:55:00-04:00,8.164999961853027,8.175000190734863,8.164999961853027,8.170000076293945,6578,0.0,0.0
2024-06-03 15:00:00-04:00,8.175000190734863,8.175000190734863,8.175000190734863,8.175000190734863,329,0.0,0.0
2024-06-03 15:05:00-04:00,8.180000305175781,8.199999809265137,8.180000305175781,8.199999809265137,2224,0.0,0.0
2024-06-03 15:10:00-04:00,8.199999809265137,8.199999809265137,8.1899995803833,8.199999809265137,2308,0.0,0.0
2024-06-03 15:15:00-04:00,8.210000038146973,8.210000038146973,8.199999809265137,8.199999809265137,1500,0.0,0.0
2024-06-03 15:20:00-04:00,8.199999809265137,8.204999923706055,8.194999694824219,8.194999694824219,3488,0.0,0.0
2024-06-03 15:30:00-04:00,8.194999694824219,8.199999809265137,8.194999694824219,8.199999809265137,2994,0.0,0.0
2024-06-03 15:35:00-04:00,8.1899995803833,8.204999923706055,8.175000190734863,8.194999694824219,9607,0.0,0.0
2024-06-03 15:40:00-04:00,8.204999923706055,8.210000038146973,8.175000190734863,8.175000190734863,10797,0.0,0.0
2024-06-03 15:45:00-04:00,8.175000190734863,8.175000190734863,8.170000076293945,8.170000076293945,3190,0.0,0.0
2024-06-03 15:50:00-04:00,8.175000190734863,8.199999809265137,8.175000190734863,8.194999694824219,10327,0.0,0.0
2024-06-03 15:55:00-04:00,8.194999694824219,8.199999809265137,8.15999984741211,8.15999984741211,23068,0.0,0.0
2024-06-04 09:30:00-04:00,8.140000343322754,8.140000343322754,8.130000114440918,8.130000114440918,2657,0.0,0.0
2024-06-04 09:35:00-04:00,8.100000381469727,8.100000381469727,8.100000381469727,8.100000381469727,431,0.0,0.0
2024-06-04 09:40:00-04:00,8.09000015258789,8.09000015258789,8.0600004196167,8.074999809265137,2186,0.0,0.0
2024-06-04 09:45:00-04:00,8.069999694824219,8.069999694824219,8.03969955444336,8.039999961853027,1712,0.0,0.0
2024-06-04 09:50:00-04:00,8.029999732971191,8.029999732971191,8.029999732971191,8.029999732971191,297,0.0,0.0
2024-06-04 09:55:00-04:00,8.020600318908691,8.022500038146973,8.020600318908691,8.022500038146973,932,0.0,0.0
2024-06-04 10:00:00-04:00,8.029999732971191,8.029999732971191,8.029999732971191,8.029999732971191,1570,0.0,0.0
2024-06-04 10:05:00-04:00,8.010000228881836,8.010000228881836,8.000800132751465,8.005000114440918,2565,0.0,0.0
2024-06-04 10:15:00-04:00,8.020000457763672,8.079999923706055,8.020000457763672,8.069999694824219,9104,0.0,0.0
2024-06-04 10:20:00-04:00,8.0649995803833,8.0649995803833,8.045000076293945,8.050000190734863,2170,0.0,0.0
2024-06-04 10:25:00-04:00,8.050000190734863,8.0600004196167,8.03499984741211,8.039999961853027,7473,0.0,0.0
2024-06-04 10:30:00-04:00,8.045000076293945,8.09000015258789,8.045000076293945,8.055000305175781,11075,0.0,0.0
2024-06-04 10:35:00-04:00,8.050000190734863,8.050000190734863,8.050000190734863,8.050000190734863,328,0.0,0.0
2024-06-04 10:40:00-04:00,8.050000190734863,8.0600004196167,8.050000190734863,8.0600004196167,1575,0.0,0.0
2024-06-04 10:45:00-04:00,8.052499771118164,8.055000305175781,8.050000190734863,8.050000190734863,700,0.0,0.0
2024-06-04 10:50:00-04:00,8.045000076293945,8.045000076293945,8.03499984741211,8.03499984741211,1935,0.0,0.0
2024-06-04 10:55:00-04:00,8.045000076293945,8.045000076293945,8.015000343322754,8.024999618530273,1916,0.0,0.0
2024-06-04 11:00:00-04:00,8.029999732971191,8.029999732971191,8.024999618530273,8.024999618530273,256,0.0,0.0
2024-06-04 11:05:00-04:00,8.022000312805176,8.050000190734863,8.005000114440918,8.045000076293945,11819,0.0,0.0
2024-06-04 11:15:00-04:00,8.039999961853027,8.039999961853027,7.994999885559082,7.994999885559082,7253,0.0,0.0
2024-06-04 11:20:00-04:00,8.0,8.015000343322754,8.0,8.015000343322754,1928,0.0,0.0
2024-06-04 11:25:00-04:00,8.020000457763672,8.020000457763672,7.994999885559082,7.994999885559082,8681,0.0,0.0
2024-06-04 11:30:00-04:00,7.994999885559082,7.994999885559082,7.994999885559082,7.994999885559082,106,0.0,0.0
2024-06-04 11:35:00-04:00,7.989999771118164,8.005000114440918,7.985000133514404,8.0,13898,0.0,0.0
2024-06-04 11:40:00-04:00,8.0,8.005000114440918,7.994999885559082,7.994999885559082,8474,0.0,0.0
2024-06-04 11:45:00-04:00,7.989999771118164,7.989999771118164,7.974999904632568,7.974999904632568,2071,0.0,0.0
2024-06-04 11:50:00-04:00,7.96999979019165,7.96999979019165,7.965000152587891,7.965000152587891,1480,0.0,0.0
2024-06-04 11:55:00-04:00,7.965000152587891,7.965000152587891,7.954999923706055,7.954999923706055,1610,0.0,0.0
2024-06-04 12:00:00-04:00,7.954999923706055,7.954999923706055,7.949999809265137,7.954999923706055,781,0.0,0.0
2024-06-04 12:05:00-04:00,7.949999809265137,7.955999851226807,7.945000171661377,7.955999851226807,2955,0.0,0.0
2024-06-04 12:10:00-04:00,7.949999809265137,7.954999923706055,7.949999809265137,7.954999923706055,1853,0.0,0.0
2024-06-04 12:15:00-04:00,7.954999923706055,8.020000457763672,7.954999923706055,7.994999885559082,33686,0.0,0.0
2024-06-04 12:20:00-04:00,7.994999885559082,8.029999732971191,7.985000133514404,7.989999771118164,10437,0.0,0.0
2024-06-04 12:25:00-04:00,7.989999771118164,7.994999885559082,7.989999771118164,7.989999771118164,1261,0.0,0.0
2024-06-04 12:30:00-04:00,8.005000114440918,8.005000114440918,7.989999771118164,7.989999771118164,2287,0.0,0.0
2024-06-04 12:35:00-04:00,8.0,8.0,7.989999771118164,8.0,3381,0.0,0.0
2024-06-04 12:40:00-04:00,8.005000114440918,8.005000114440918,8.0,8.0,2501,0.0,0.0
2024-06-04 12:45:00-04:00,8.0,8.010000228881836,7.994999885559082,8.008999824523926,3492,0.0,0.0
2024-06-04 12:50:00-04:00,8.0,8.0,7.994999885559082,8.0,1646,0.0,0.0
2024-06-04 12:55:00-04:00,8.0,8.0,7.980000019073486,7.989999771118164,1290,0.0,0.0
2024-06-04 13:00:00-04:00,7.994999885559082,7.994999885559082,7.985000133514404,7.989999771118164,2291,0.0,0.0
2024-06-04 13:05:00-04:00,7.985000133514404,7.994999885559082,7.985000133514404,7.994999885559082,2400,0.0,0.0
2024-06-04 13:15:00-04:00,8.0,8.0,7.994999885559082,8.0,9186,0.0,0.0
2024-06-04 13:20:00-04:00,7.989999771118164,8.0,7.989999771118164,7.989999771118164,1110,0.0,0.0
2024-06-04 13:25:00-04:00,7.989999771118164,8.0,7.989999771118164,7.989999771118164,1320,0.0,0.0
2024-06-04 13:30:00-04:00,7.989999771118164,7.994999885559082,7.989999771118164,7.994999885559082,840,0.0,0.0
2024-06-04 13:35:00-04:00,7.994999885559082,8.0,7.989999771118164,8.0,1236,0.0,0.0
2024-06-04 13:40:00-04:00,8.010000228881836,8.010000228881836,7.989999771118164,7.989999771118164,2358,0.0,0.0
2024-06-04 13:45:00-04:00,7.989999771118164,7.989999771118164,7.989999771118164,7.989999771118164,1007,0.0,0.0
2024-06-04 13:50:00-04:00,8.0,8.010000228881836,7.989999771118164,7.989999771118164,3914,0.0,0.0
2024-06-04 13:55:00-04:00,7.989999771118164,7.989999771118164,7.989999771118164,7.989999771118164,402,0.0,0.0
2024-06-04 14:00:00-04:00,7.994999885559082,7.994999885559082,7.994999885559082,7.994999885559082,481,0.0,0.0
2024-06-04 14:05:00-04:00,7.989999771118164,8.020000457763672,7.989999771118164,8.0,4225,0.0,0.0
2024-06-04 14:10:00-04:00,8.0,8.0,7.989999771118164,7.989999771118164,1962,0.0,0.0
2024-06-04 14:15:00-04:00,8.0,8.0,8.0,8.0,895,0.0,0.0
2024-06-04 14:20:00-04:00,8.0,8.0,8.0,8.0,391,0.0,0.0
2024-06-04 14:25:00-04:00,8.0,8.0,7.989999771118164,7.989999771118164,4167,0.0,0.0
2024-06-04 14:30:00-04:00,7.989999771118164,7.989999771118164,7.985000133514404,7.985000133514404,2369,0.0,0.0
2024-06-04 14:35:00-04:00,7.985000133514404,7.985000133514404,7.980000019073486,7.980000019073486,1038,0.0,0.0
2024-06-04 14:40:00-04:00,7.96999979019165,7.980000019073486,7.96999979019165,7.980000019073486,1178,0.0,0.0
2024-06-04 14:45:00-04:00,7.980000019073486,7.980000019073486,7.980000019073486,7.980000019073486,1204,0.0,0.0
2024-06-04 14:55:00-04:00,7.96999979019165,7.980000019073486,7.965000152587891,7.980000019073486,3048,0.0,0.0
2024-06-04 15:00:00-04:00,7.985000133514404,7.989999771118164,7.96999979019165,7.96999979019165,2713,0.0,0.0
2024-06-04 15:05:00-04:00,7.96999979019165,7.96999979019165,7.960000038146973,7.960000038146973,588,0.0,0.0
2024-06-04 15:10:00-04:00,7.960000038146973,7.96999979019165,7.960000038146973,7.96999979019165,1277,0.0,0.0
2024-06-04 15:15:00-04:00,7.96999979019165,7.974999904632568,7.965000152587891,7.96999979019165,3390,0.0,0.0
2024-06-04 15:20:00-04:00,7.965000152587891,7.96999979019165,7.960000038146973,7.960000038146973,1480,0.0,0.0
2024-06-04 15:30:00-04:00,7.965000152587891,7.965000152587891,7.920000076293945,7.920000076293945,6306,0.0,0.0
2024-06-04 15:35:00-04:00,7.929999828338623,7.929999828338623,7.912499904632568,7.912499904632568,6370,0.0,0.0
2024-06-04 15:40:00-04:00,7.914999961853027,7.920000076293945,7.909999847412109,7.909999847412109,3806,0.0,0.0
2024-06-04 15:45:00-04:00,7.914999961853027,7.920000076293945,7.900000095367432,7.900000095367432,3055,0.0,0.0
2024-06-04 15:50:00-04:00,7.90500020980835,7.920000076293945,7.900000095367432,7.920000076293945,10200,0.0,0.0
2024-06-04 15:55:00-04:00,7.914999961853027,7.940000057220459,7.909999847412109,7.940000057220459,21835,0.0,0.0
2024-06-05 09:30:00-04:00,7.960000038146973,8.050000190734863,7.960000038146973,8.050000190734863,2904,0.0,0.0
2024-06-05 09:35:00-04:00,8.031100273132324,8.031100273132324,7.989999771118164,7.989999771118164,2358,0.0,0.0
2024-06-05 09:40:00-04:00,7.980000019073486,8.020000457763672,7.960000038146973,8.020000457763672,3535,0.0,0.0
2024-06-05 09:45:00-04:00,8.0,8.00059986114502,7.994999885559082,7.994999885559082,2203,0.0,0.0
2024-06-05 09:50:00-04:00,7.989999771118164,7.989999771118164,7.989999771118164,7.989999771118164,954,0.0,0.0
2024-06-05 09:55:00-04:00,7.994999885559082,7.994999885559082,7.994999885559082,7.994999885559082,139,0.0,0.0
2024-06-05 10:00:00-04:00,7.989999771118164,7.989999771118164,7.960000038146973,7.989999771118164,3068,0.0,0.0
2024-06-05 10:10:00-04:00,7.989999771118164,8.010000228881836,7.985000133514404,8.010000228881836,3945,0.0,0.0
2024-06-05 10:15:00-04:00,8.010000228881836,8.010000228881836,8.010000228881836,8.010000228881836,703,0.0,0.0
2024-06-05 10:20:00-04:00,8.020000457763672,8.020000457763672,8.020000457763672,8.020000457763672,570,0.0,0.0
2024-06-05 10:25:00-04:00,8.024999618530273,8.029999732971191,8.020600318908691,8.024999618530273,1160,0.0,0.0
2024-06-05 10:30:00-04:00,8.029999732971191,8.029999732971191,8.029999732971191,8.029999732971191,1623,0.0,0.0
2024-06-05 10:35:00-04:00,8.050000190734863,8.050000190734863,8.050000190734863,8.050000190734863,323,0.0,0.0
2024-06-05 10:40:00-04:00,8.050000190734863,8.050000190734863,8.03499984741211,8.03499984741211,2077,0.0,0.0
2024-06-05 10:50:00-04:00,8.039899826049805,8.039899826049805,8.03499984741211,8.03499984741211,452,0.0,0.0
2024-06-05 10:55:00-04:00,8.039999961853027,8.04800033569336,8.03499984741211,8.04800033569336,986,0.0,0.0
2024-06-05 11:00:00-04:00,8.045000076293945,8.045000076293945,8.039999961853027,8.039999961853027,785,0.0,0.0
2024-06-05 11:05:00-04:00,8.039999961853027,8.0600004196167,8.039899826049805,8.055000305175781,1191,0.0,0.0
2024-06-05 11:10:00-04:00,8.0600004196167,8.0600004196167,8.0600004196167,8.0600004196167,258,0.0,0.0
2024-06-05 11:15:00-04:00,8.0600004196167,8.06089973449707,8.050000190734863,8.050000190734863,1537,0.0,0.0
2024-06-05 11:25:00-04:00,8.045000076293945,8.045000076293945,8.045000076293945,8.045000076293945,292,0.0,0.0
2024-06-05 11:35:00-04:00,8.045000076293945,8.045000076293945,8.045000076293945,8.045000076293945,370,0.0,0.0
2024-06-05 11:40:00-04:00,8.04990005493164,8.050000190734863,8.04990005493164,8.050000190734863,1956,0.0,0.0
2024-06-05 11:45:00-04:00,8.039999961853027,8.045000076293945,8.039999961853027,8.045000076293945,489,0.0,0.0
2024-06-05 11:50:00-04:00,8.045000076293945,8.050000190734863,8.045000076293945,8.045000076293945,1638,0.0,0.0
2024-06-05 12:10:00-04:00,8.045000076293945,8.045000076293945,8.045000076293945,8.045000076293945,199,0.0,0.0
2024-06-05 12:15:00-04:00,8.045000076293945,8.045000076293945,8.045000076293945,8.045000076293945,261,0.0,0.0
2024-06-05 12:20:00-04:00,8.039999961853027,8.039999961853027,8.020000457763672,8.020000457763672,1517,0.0,0.0
2024-06-05 12:25:00-04:00,8.020000457763672,8.020000457763672,8.020000457763672,8.020000457763672,152,0.0,0.0
2024-06-05 12:30:00-04:00,8.020000457763672,8.020000457763672,8.015000343322754,8.015000343322754,593,0.0,0.0
2024-06-05 12:35:00-04:00,8.015000343322754,8.015000343322754,8.015000343322754,8.015000343322754,669,0.0,0.0
2024-06-05 12:50:00-04:00,8.010000228881836,8.015000343322754,8.010000228881836,8.015000343322754,369,0.0,0.0
2024-06-05 12:55:00-04:00,8.017399787902832,8.017399787902832,8.017399787902832,8.017399787902832,342,0.0,0.0
2024-06-05 13:00:00-04:00,8.015000343322754,8.020000457763672,8.015000343322754,8.020000457763672,857,0.0,0.0
2024-06-05 13:15:00-04:00,8.015000343322754,8.017499923706055,8.015000343322754,8.017499923706055,928,0.0,0.0
2024-06-05 13:35:00-04:00,8.015000343322754,8.015000343322754,8.015000343322754,8.015000343322754,717,0.0,0.0
2024-06-05 13:45:00-04:00,8.010199546813965,8.010299682617188,8.005000114440918,8.005000114440918,3614,0.0,0.0
2024-06-05 13:50:00-04:00,8.005000114440918,8.005000114440918,8.005000114440918,8.005000114440918,708,0.0,0.0
2024-06-05 13:55:00-04:00,8.005000114440918,8.015000343322754,8.005000114440918,8.015000343322754,2289,0.0,0.0
2024-06-05 14:00:00-04:00,8.020000457763672,8.055000305175781,8.020000457763672,8.050000190734863,3284,0.0,0.0
2024-06-05 14:05:00-04:00,8.050000190734863,8.050000190734863,8.050000190734863,8.050000190734863,1057,0.0,0.0
2024-06-05 14:15:00-04:00,8.055000305175781,8.055000305175781,8.055000305175781,8.055000305175781,2588,0.0,0.0
2024-06-05 14:20:00-04:00,8.0600004196167,8.0600004196167,8.0600004196167,8.0600004196167,629,0.0,0.0
2024-06-05 14:25:00-04:00,8.0693998336792,8.0693998336792,8.0600004196167,8.0649995803833,2535,0.0,0.0
2024-06-05 14:35:00-04:00,8.055000305175781,8.055000305175781,8.050000190734863,8.050000190734863,739,0.0,0.0
2024-06-05 14:40:00-04:00,8.050000190734863,8.050000190734863,8.045000076293945,8.050000190734863,2374,0.0,0.0
2024-06-05 14:45:00-04:00,8.045000076293945,8.045000076293945,8.029999732971191,8.029999732971191,2307,0.0,0.0
2024-06-05 14:50:00-04:00,8.024999618530273,8.024999618530273,8.024999618530273,8.024999618530273,495,0.0,0.0
2024-06-05 15:00:00-04:00,8.029999732971191,8.039999961853027,8.029999732971191,8.039999961853027,1423,0.0,0.0
2024-06-05 15:05:00-04:00,8.045000076293945,8.045000076293945,8.029999732971191,8.029999732971191,1544,0.0,0.0
2024-06-05 15:10:00-04:00,8.029999732971191,8.029999732971191,8.029999732971191,8.029999732971191,816,0.0,0.0
2024-06-05 15:15:00-04:00,8.027999877929688,8.027999877929688,8.027999877929688,8.027999877929688,760,0.0,0.0
2024-06-05 15:20:00-04:00,8.024999618530273,8.024999618530273,7.994999885559082,7.994999885559082,33861,0.0,0.0
2024-06-05 15:25:00-04:00,8.0,8.024999618530273,8.0,8.010000228881836,22150,0.0,0.0
2024-06-05 15:30:00-04:00,8.015000343322754,8.015000343322754,7.980000019073486,7.980000019073486,7516,0.0,0.0
2024-06-05 15:35:00-04:00,7.985000133514404,8.010000228881836,7.985000133514404,7.994999885559082,5717,0.0,0.0
2024-06-05 15:40:00-04:00,7.994999885559082,8.015000343322754,7.994999885559082,8.015000343322754,2480,0.0,0.0
2024-06-05 15:45:00-04:00,8.010000228881836,8.015000343322754,7.989999771118164,7.989999771118164,7735,0.0,0.0
2024-06-05 15:50:00-04:00,7.994999885559082,8.0,7.989999771118164,7.994999885559082,8696,0.0,0.0
2024-06-05 15:55:00-04:00,7.994999885559082,8.029999732971191,7.980000019073486,7.989999771118164,37992,0.0,0.0
2024-06-06 09:30:00-04:00,8.0,8.0,7.96999979019165,7.96999979019165,0,0.0,0.0
2024-06-06 09:35:00-04:00,7.994999885559082,7.994999885559082,7.994999885559082,7.994999885559082,25,0.0,0.0
2024-06-06 09:40:00-04:00,7.980000019073486,7.980000019073486,7.920000076293945,7.929999828338623,4837,0.0,0.0
2024-06-06 09:45:00-04:00,7.929999828338623,7.965000152587891,7.929999828338623,7.960000038146973,5819,0.0,0.0
2024-06-06 09:50:00-04:00,7.960000038146973,7.96999979019165,7.929999828338623,7.960000038146973,5083,0.0,0.0
2024-06-06 09:55:00-04:00,7.949999809265137,7.949999809265137,7.949999809265137,7.949999809265137,1711,0.0,0.0
2024-06-06 10:00:00-04:00,7.940000057220459,7.974999904632568,7.929999828338623,7.965000152587891,7403,0.0,0.0
2024-06-06 10:05:00-04:00,7.960000038146973,7.980000019073486,7.960000038146973,7.96999979019165,3389,0.0,0.0
2024-06-06 10:10:00-04:00,7.960000038146973,7.960000038146973,7.949999809265137,7.954999923706055,615,0.0,0.0
2024-06-06 10:15:00-04:00,7.954999923706055,7.954999923706055,7.954999923706055,7.954999923706055,1200,0.0,0.0
2024-06-06 10:20:00-04:00,7.949999809265137,7.949999809265137,7.929999828338623,7.929999828338623,2271,0.0,0.0
2024-06-06 10:25:00-04:00,7.909999847412109,7.909999847412109,7.880000114440918,7.894999980926514,1243,0.0,0.0
2024-06-06 10:30:00-04:00,7.894999980926514,7.90500020980835,7.894999980926514,7.894999980926514,1751,0.0,0.0
2024-06-06 10:35:00-04:00,7.894999980926514,7.90500020980835,7.885000228881836,7.885000228881836,2014,0.0,0.0
2024-06-06 10:45:00-04:00,7.880000114440918,7.894999980926514,7.880000114440918,7.889999866485596,2379,0.0,0.0
2024-06-06 10:50:00-04:00,7.889999866485596,7.894999980926514,7.880000114440918,7.880000114440918,2635,0.0,0.0
2024-06-06 10:55:00-04:00,7.880000114440918,7.885000228881836,7.875,7.880000114440918,2706,0.0,0.0
2024-06-06 11:00:00-04:00,7.880000114440918,7.885000228881836,7.880000114440918,7.885000228881836,520,0.0,0.0
2024-06-06 11:05:00-04:00,7.889999866485596,7.889999866485596,7.889999866485596,7.889999866485596,477,0.0,0.0
2024-06-06 11:10:00-04:00,7.900000095367432,7.925000190734863,7.900000095367432,7.925000190734863,1829,0.0,0.0
2024-06-06 11:15:00-04:00,7.925000190734863,7.945000171661377,7.909999847412109,7.940100193023682,3924,0.0,0.0
2024-06-06 11:20:00-04:00,7.949999809265137,7.960000038146973,7.949999809265137,7.960000038146973,3463,0.0,0.0
2024-06-06 11:25:00-04:00,7.954999923706055,7.954999923706055,7.949999809265137,7.949999809265137,1490,0.0,0.0
2024-06-06 11:30:00-04:00,7.949999809265137,7.949999809265137,7.934999942779541,7.934999942779541,3607,0.0,0.0
2024-06-06 11:35:00-04:00,7.940000057220459,7.940000057220459,7.940000057220459,7.940000057220459,0,0.0,0.0
2024-06-06 11:40:00-04:00,7.940000057220459,7.940000057220459,7.940000057220459,7.940000057220459,572,0.0,0.0
2024-06-06 11:50:00-04:00,7.940000057220459,7.940000057220459,7.934999942779541,7.940000057220459,2593,0.0,0.0
2024-06-06 11:55:00-04:00,7.949999809265137,7.954999923706055,7.945000171661377,7.945000171661377,8548,0.0,0.0
2024-06-06 12:00:00-04:00,7.945000171661377,7.945000171661377,7.945000171661377,7.945000171661377,706,0.0,0.0
2024-06-06 12:10:00-04:00,7.945000171661377,7.945000171661377,7.940000057220459,7.945000171661377,421,0.0,0.0
2024-06-06 12:15:00-04:00,7.949999809265137,7.949999809265137,7.949999809265137,7.949999809265137,6314,0.0,0.0
2024-06-06 12:20:00-04:00,7.945000171661377,7.945000171661377,7.900000095367432,7.900000095367432,5120,0.0,0.0
2024-06-06 12:25:00-04:00,7.894999980926514,7.90500020980835,7.894999980926514,7.90500020980835,1056,0.0,0.0
2024-06-06 12:30:00-04:00,7.90500020980835,7.90500020980835,7.90500020980835,7.90500020980835,447,0.0,0.0
2024-06-06 12:35:00-04:00,7.90500020980835,7.90500020980835,7.900000095367432,7.90500020980835,1884,0.0,0.0
2024-06-06 12:40:00-04:00,7.90500020980835,7.90500020980835,7.880000114440918,7.880000114440918,3081,0.0,0.0
2024-06-06 12:45:00-04:00,7.889999866485596,7.906000137329102,7.889999866485596,7.906000137329102,613,0.0,0.0
2024-06-06 12:50:00-04:00,7.90500020980835,7.908999919891357,7.90500020980835,7.908999919891357,339,0.0,0.0
2024-06-06 12:55:00-04:00,7.90500020980835,7.90500020980835,7.90500020980835,7.90500020980835,998,0.0,0.0
2024-06-06 13:00:00-04:00,7.909999847412109,7.914999961853027,7.90500020980835,7.914999961853027,2775,0.0,0.0
2024-06-06 13:05:00-04:00,7.914999961853027,7.914999961853027,7.909999847412109,7.909999847412109,2004,0.0,0.0
2024-06-06 13:10:00-04:00,7.909999847412109,7.914999961853027,7.909999847412109,7.909999847412109,838,0.0,0.0
2024-06-06 13:15:00-04:00,7.909999847412109,7.914999961853027,7.909999847412109,7.914999961853027,1805,0.0,0.0
2024-06-06 13:20:00-04:00,7.914999961853027,7.919000148773193,7.909999847412109,7.909999847412109,3256,0.0,0.0
2024-06-06 13:25:00-04:00,7.914999961853027,7.914999961853027,7.914999961853027,7.914999961853027,141,0.0,0.0
2024-06-06 13:30:00-04:00,7.909999847412109,7.920000076293945,7.909999847412109,7.920000076293945,1622,0.0,0.0
2024-06-06 13:35:00-04:00,7.920000076293945,7.929999828338623,7.920000076293945,7.925000190734863,5227,0.0,0.0
2024-06-06 13:40:00-04:00,7.920000076293945,7.920000076293945,7.920000076293945,7.920000076293945,599,0.0,0.0
2024-06-06 13:45:00-04:00,7.925000190734863,7.925000190734863,7.900000095367432,7.900000095367432,3866,0.0,0.0
2024-06-06 13:50:00-04:00,7.90500020980835,7.90500020980835,7.90500020980835,7.90500020980835,107,0.0,0.0
2024-06-06 13:55:00-04:00,7.90500020980835,7.90500020980835,7.900000095367432,7.900000095367432,9351,0.0,0.0
2024-06-06 14:00:00-04:00,7.894999980926514,7.894999980926514,7.894999980926514,7.894999980926514,567,0.0,0.0
2024-06-06 14:05:00-04:00,7.889999866485596,7.889999866485596,7.849999904632568,7.850800037384033,8525,0.0,0.0
2024-06-06 14:10:00-04:00,7.849999904632568,7.860000133514404,7.849999904632568,7.860000133514404,2620,0.0,0.0
2024-06-06 14:15:00-04:00,7.849999904632568,7.855000019073486,7.849999904632568,7.855000019073486,1211,0.0,0.0
2024-06-06 14:20:00-04:00,7.860000133514404,7.900000095367432,7.860000133514404,7.885000228881836,9895,0.0,0.0
2024-06-06 14:25:00-04:00,7.885000228881836,7.885000228881836,7.885000228881836,7.885000228881836,422,0.0,0.0
2024-06-06 14:30:00-04:00,7.880000114440918,7.880000114440918,7.880000114440918,7.880000114440918,679,0.0,0.0
2024-06-06 14:35:00-04:00,7.875,7.880000114440918,7.875,7.880000114440918,1792,0.0,0.0
2024-06-06 14:40:00-04:00,7.879000186920166,7.880000114440918,7.869999885559082,7.869999885559082,4247,0.0,0.0
2024-06-06 14:45:00-04:00,7.869999885559082,7.886300086975098,7.869999885559082,7.886300086975098,1048,0.0,0.0
2024-06-06 14:50:00-04:00,7.889999866485596,7.889999866485596,7.882500171661377,7.882500171661377,2758,0.0,0.0
2024-06-06 15:00:00-04:00,7.8892998695373535,7.889999866485596,7.888000011444092,7.889999866485596,1124,0.0,0.0
2024-06-06 15:05:00-04:00,7.894999980926514,7.900000095367432,7.88070011138916,7.88070011138916,7286,0.0,0.0
2024-06-06 15:10:00-04:00,7.880000114440918,7.885000228881836,7.875,7.885000228881836,5641,0.0,0.0
2024-06-06 15:15:00-04:00,7.885000228881836,7.889999866485596,7.885000228881836,7.885000228881836,850,0.0,0.0
2024-06-06 15:20:00-04:00,7.880000114440918,7.880000114440918,7.880000114440918,7.880000114440918,1137,0.0,0.0
2024-06-06 15:25:00-04:00,7.875,7.880000114440918,7.875,7.880000114440918,1239,0.0,0.0
2024-06-06 15:30:00-04:00,7.885000228881836,7.885000228881836,7.885000228881836,7.885000228881836,2058,0.0,0.0
2024-06-06 15:35:00-04:00,7.885000228881836,7.900000095367432,7.885000228881836,7.900000095367432,2599,0.0,0.0
2024-06-06 15:40:00-04:00,7.894999980926514,7.90500020980835,7.889999866485596,7.894999980926514,6995,0.0,0.0
2024-06-06 15:45:00-04:00,7.894999980926514,7.900000095367432,7.894999980926514,7.894999980926514,3101,0.0,0.0
2024-06-06 15:50:00-04:00,7.894999980926514,7.900000095367432,7.84499979019165,7.869999885559082,43620,0.0,0.0
2024-06-06 15:55:00-04:00,7.880000114440918,7.920000076293945,7.864999771118164,7.90500020980835,24729,0.0,0.0
2024-06-07 09:30:00-04:00,7.889999866485596,7.889999866485596,7.889999866485596,7.889999866485596,2287,0.0,0.0
2024-06-07 09:35:00-04:00,7.889999866485596,7.900000095367432,7.889999866485596,7.900000095367432,2023,0.0,0.0
2024-06-07 09:45:00-04:00,7.929999828338623,7.929999828338623,7.920000076293945,7.920000076293945,2079,0.0,0.0
2024-06-07 09:50:00-04:00,7.925000190734863,7.925000190734863,7.925000190734863,7.925000190734863,973,0.0,0.0
2024-06-07 09:55:00-04:00,7.929999828338623,7.940000057220459,7.929999828338623,7.940000057220459,1737,0.0,0.0
2024-06-07 10:00:00-04:00,7.945000171661377,7.949999809265137,7.945000171661377,7.949999809265137,1438,0.0,0.0
2024-06-07 10:05:00-04:00,7.96999979019165,7.989999771118164,7.96999979019165,7.989999771118164,1835,0.0,0.0
2024-06-07 10:10:00-04:00,8.010000228881836,8.015000343322754,8.010000228881836,8.015000343322754,1579,0.0,0.0
2024-06-07 10:15:00-04:00,8.020000457763672,8.029999732971191,7.994999885559082,7.994999885559082,5785,0.0,0.0
2024-06-07 10:20:00-04:00,8.024999618530273,8.024999618530273,8.024999618530273,8.024999618530273,131,0.0,0.0
2024-06-07 10:25:00-04:00,8.029999732971191,8.03499984741211,8.029999732971191,8.029999732971191,4184,0.0,0.0
2024-06-07 10:30:00-04:00,8.015000343322754,8.015000343322754,8.0,8.0,1267,0.0,0.0
2024-06-07 10:35:00-04:00,8.0,8.010000228881836,8.0,8.005000114440918,1082,0.0,0.0
2024-06-07 10:40:00-04:00,8.0,8.0,8.0,8.0,1571,0.0,0.0
2024-06-07 10:45:00-04:00,8.015000343322754,8.015000343322754,8.015000343322754,8.015000343322754,617,0.0,0.0
2024-06-07 10:50:00-04:00,8.010000228881836,8.010000228881836,8.0,8.005000114440918,4540,0.0,0.0
2024-06-07 11:00:00-04:00,8.0,8.00100040435791,7.989999771118164,8.0,7498,0.0,0.0
2024-06-07 11:05:00-04:00,8.0,8.0,8.0,8.0,425,0.0,0.0
2024-06-07 11:10:00-04:00,7.994699954986572,8.0,7.994699954986572,7.994999885559082,1847,0.0,0.0
2024-06-07 11:15:00-04:00,8.0,8.0,7.994999885559082,7.994999885559082,1723,0.0,0.0
2024-06-07 11:20:00-04:00,7.989999771118164,7.994999885559082,7.989999771118164,7.994999885559082,1643,0.0,0.0
2024-06-07 11:25:00-04:00,7.994999885559082,7.994999885559082,7.96999979019165,7.989999771118164,2237,0.0,0.0
2024-06-07 11:30:00-04:00,7.994999885559082,7.994999885559082,7.994999885559082,7.994999885559082,352,0.0,0.0
2024-06-07 11:35:00-04:00,7.989999771118164,7.994999885559082,7.989999771118164,7.989999771118164,5989,0.0,0.0
2024-06-07 11:40:00-04:00,7.989999771118164,7.989999771118164,7.880000114440918,7.960000038146973,40887,0.0,0.0
2024-06-07 11:45:00-04:00,7.960000038146973,7.965000152587891,7.960000038146973,7.965000152587891,2360,0.0,0.0
2024-06-07 11:50:00-04:00,7.960000038146973,7.965000152587891,7.960000038146973,7.965000152587891,302,0.0,0.0
2024-06-07 11:55:00-04:00,7.960000038146973,7.960000038146973,7.900000095367432,7.900000095367432,15171,0.0,0.0
2024-06-07 12:00:00-04:00,7.936999797821045,7.936999797821045,7.909900188446045,7.909900188446045,2306,0.0,0.0
2024-06-07 12:05:00-04:00,7.920000076293945,7.920000076293945,7.920000076293945,7.920000076293945,247,0.0,0.0
2024-06-07 12:10:00-04:00,7.909999847412109,7.909999847412109,7.909999847412109,7.909999847412109,397,0.0,0.0
2024-06-07 12:15:00-04:00,7.925000190734863,7.925000190734863,7.909999847412109,7.920000076293945,2307,0.0,0.0
2024-06-07 12:20:00-04:00,7.914999961853027,7.920000076293945,7.914999961853027,7.920000076293945,627,0.0,0.0
2024-06-07 12:25:00-04:00,7.920000076293945,7.925000190734863,7.920000076293945,7.925000190734863,1462,0.0,0.0
2024-06-07 12:30:00-04:00,7.925000190734863,7.925000190734863,7.920100212097168,7.920100212097168,1498,0.0,0.0
2024-06-07 12:35:00-04:00,7.929999828338623,7.929999828338623,7.840000152587891,7.880000114440918,17982,0.0,0.0
2024-06-07 12:40:00-04:00,7.889999866485596,7.889999866485596,7.889999866485596,7.889999866485596,492,0.0,0.0
2024-06-07 12:45:00-04:00,7.885000228881836,7.889999866485596,7.869999885559082,7.880000114440918,3932,0.0,0.0
2024-06-07 12:55:00-04:00,7.875,7.875,7.875,7.875,447,0.0,0.0
2024-06-07 13:00:00-04:00,7.875,7.875,7.860000133514404,7.864999771118164,3123,0.0,0.0
2024-06-07 13:05:00-04:00,7.860000133514404,7.860000133514404,7.800000190734863,7.829899787902832,16941,0.0,0.0
2024-06-07 13:10:00-04:00,7.829899787902832,7.829999923706055,7.829899787902832,7.829999923706055,782,0.0,0.0
2024-06-07 13:15:00-04:00,7.829999923706055,7.829999923706055,7.809999942779541,7.820000171661377,2648,0.0,0.0
2024-06-07 13:20:00-04:00,7.815000057220459,7.820000171661377,7.815000057220459,7.820000171661377,2167,0.0,0.0
2024-06-07 13:25:00-04:00,7.820000171661377,7.820000171661377,7.820000171661377,7.820000171661377,1037,0.0,0.0
2024-06-07 13:30:00-04:00,7.820000171661377,7.820000171661377,7.815000057220459,7.820000171661377,615,0.0,0.0
2024-06-07 13:35:00-04:00,7.820000171661377,7.829999923706055,7.820000171661377,7.829999923706055,1027,0.0,0.0
2024-06-07 13:40:00-04:00,7.829999923706055,7.829999923706055,7.809999942779541,7.809999942779541,3651,0.0,0.0
2024-06-07 13:45:00-04:00,7.820000171661377,7.824999809265137,7.820000171661377,7.824999809265137,226,0.0,0.0
2024-06-07 13:50:00-04:00,7.824999809265137,7.824999809265137,7.800000190734863,7.800000190734863,4286,0.0,0.0
2024-06-07 13:55:00-04:00,7.815000057220459,7.829999923706055,7.809999942779541,7.829999923706055,2592,0.0,0.0
2024-06-07 14:00:00-04:00,7.820000171661377,7.829999923706055,7.800000190734863,7.800000190734863,12484,0.0,0.0
2024-06-07 14:05:00-04:00,7.800000190734863,7.800000190734863,7.769999980926514,7.775000095367432,3637,0.0,0.0
2024-06-07 14:10:00-04:00,7.769999980926514,7.769999980926514,7.764999866485596,7.764999866485596,2164,0.0,0.0
2024-06-07 14:15:00-04:00,7.760000228881836,7.760000228881836,7.744999885559082,7.744999885559082,1352,0.0,0.0
2024-06-07 14:20:00-04:00,7.744999885559082,7.764999866485596,7.744999885559082,7.764999866485596,1468,0.0,0.0
2024-06-07 14:25:00-04:00,7.760000228881836,7.769999980926514,7.760000228881836,7.760000228881836,1571,0.0,0.0
2024-06-07 14:30:00-04:00,7.764999866485596,7.775000095367432,7.75,7.775000095367432,3439,0.0,0.0
2024-06-07 14:35:00-04:00,7.769999980926514,7.78000020980835,7.764999866485596,7.764999866485596,2057,0.0,0.0
2024-06-07 14:40:00-04:00,7.764999866485596,7.764999866485596,7.764999866485596,7.764999866485596,438,0.0,0.0
2024-06-07 14:45:00-04:00,7.769999980926514,7.769999980926514,7.755000114440918,7.755000114440918,4213,0.0,0.0
2024-06-07 14:50:00-04:00,7.755000114440918,7.755000114440918,7.690000057220459,7.730000019073486,18114,0.0,0.0
2024-06-07 14:55:00-04:00,7.724999904632568,7.724999904632568,7.695000171661377,7.699999809265137,6517,0.0,0.0
2024-06-07 15:00:00-04:00,7.695000171661377,7.704999923706055,7.690000057220459,7.690000057220459,3481,0.0,0.0
2024-06-07 15:05:00-04:00,7.696000099182129,7.696000099182129,7.679999828338623,7.679999828338623,1828,0.0,0.0
2024-06-07 15:10:00-04:00,7.684999942779541,7.684999942779541,7.670000076293945,7.684999942779541,7018,0.0,0.0
2024-06-07 15:15:00-04:00,7.695000171661377,7.704999923706055,7.690000057220459,7.695000171661377,3961,0.0,0.0
2024-06-07 15:20:00-04:00,7.695000171661377,7.695000171661377,7.684999942779541,7.695000171661377,1907,0.0,0.0
2024-06-07 15:25:00-04:00,7.690000057220459,7.699999809265137,7.690000057220459,7.690000057220459,9904,0.0,0.0
2024-06-07 15:30:00-04:00,7.695000171661377,7.730000019073486,7.695000171661377,7.71999979019165,6473,0.0,0.0
2024-06-07 15:35:00-04:00,7.715000152587891,7.724999904632568,7.690000057220459,7.710000038146973,13806,0.0,0.0
2024-06-07 15:40:00-04:00,7.71999979019165,7.735000133514404,7.71999979019165,7.735000133514404,2789,0.0,0.0
2024-06-07 15:45:00-04:00,7.735000133514404,7.764999866485596,7.724999904632568,7.7600998878479,11558,0.0,0.0
2024-06-07 15:50:00-04:00,7.760000228881836,7.795000076293945,7.739999771118164,7.795000076293945,13302,0.0,0.0
2024-06-07 15:55:00-04:00,7.795000076293945,7.835000038146973,7.789999961853027,7.809999942779541,37496,0.0,0.0
2024-06-10 09:30:00-04:00,7.769999980926514,7.8242998123168945,7.769999980926514,7.78000020980835,4855,0.0,0.0
2024-06-10 09:35:00-04:00,7.760000228881836,7.769999980926514,7.760000228881836,7.769999980926514,2152,0.0,0.0
2024-06-10 09:40:00-04:00,7.800000190734863,7.820000171661377,7.78000020980835,7.78000020980835,3747,0.0,0.0
2024-06-10 09:45:00-04:00,7.78000020980835,7.78000020980835,7.730000019073486,7.730000019073486,2714,0.0,0.0
2024-06-10 09:50:00-04:00,7.730000019073486,7.730000019073486,7.730000019073486,7.730000019073486,787,0.0,0.0
2024-06-10 09:55:00-04:00,7.739999771118164,7.760000228881836,7.739999771118164,7.755000114440918,3735,0.0,0.0
2024-06-10 10:00:00-04:00,7.760000228881836,7.7600998878479,7.760000228881836,7.7600998878479,1170,0.0,0.0
2024-06-10 10:05:00-04:00,7.769999980926514,7.809999942779541,7.769999980926514,7.800000190734863,3132,0.0,0.0
2024-06-10 10:10:00-04:00,7.789999961853027,7.804999828338623,7.789999961853027,7.804999828338623,3319,0.0,0.0
2024-06-10 10:15:00-04:00,7.800000190734863,7.815000057220459,7.800000190734863,7.815000057220459,1511,0.0,0.0
2024-06-10 10:20:00-04:00,7.809999942779541,7.809999942779541,7.800000190734863,7.800000190734863,1883,0.0,0.0
2024-06-10 10:25:00-04:00,7.809999942779541,7.815000057220459,7.809999942779541,7.810699939727783,1580,0.0,0.0
2024-06-10 10:30:00-04:00,7.815999984741211,7.829999923706055,7.815999984741211,7.829999923706055,2405,0.0,0.0
2024-06-10 10:35:00-04:00,7.829999923706055,7.840000152587891,7.828000068664551,7.840000152587891,2214,0.0,0.0
2024-06-10 10:40:00-04:00,7.840000152587891,7.840000152587891,7.835000038146973,7.835000038146973,1331,0.0,0.0
2024-06-10 10:45:00-04:00,7.840000152587891,7.860000133514404,7.840000152587891,7.860000133514404,1617,0.0,0.0
2024-06-10 10:50:00-04:00,7.864999771118164,7.869999885559082,7.864999771118164,7.869999885559082,1864,0.0,0.0
2024-06-10 10:55:00-04:00,7.869999885559082,7.869999885559082,7.855000019073486,7.855000019073486,1484,0.0,0.0
2024-06-10 11:00:00-04:00,7.864999771118164,7.869999885559082,7.864999771118164,7.864999771118164,1081,0.0,0.0
2024-06-10 11:05:00-04:00,7.864999771118164,7.864999771118164,7.855000019073486,7.855000019073486,1897,0.0,0.0
2024-06-10 11:10:00-04:00,7.861999988555908,7.869999885559082,7.861999988555908,7.869999885559082,445,0.0,0.0
2024-06-10 11:15:00-04:00,7.864999771118164,7.864999771118164,7.861999988555908,7.861999988555908,724,0.0,0.0
2024-06-10 11:20:00-04:00,7.864999771118164,7.864999771118164,7.864999771118164,7.864999771118164,593,0.0,0.0
2024-06-10 11:25:00-04:00,7.869999885559082,7.880000114440918,7.855000019073486,7.875,11230,0.0,0.0
2024-06-10 11:30:00-04:00,7.889999866485596,7.894999980926514,7.889999866485596,7.892000198364258,697,0.0,0.0
2024-06-10 11:35:00-04:00,7.892000198364258,7.900000095367432,7.892000198364258,7.900000095367432,730,0.0,0.0
2024-06-10 11:40:00-04:00,7.909999847412109,7.909999847412109,7.900000095367432,7.900000095367432,1096,0.0,0.0
2024-06-10 11:45:00-04:00,7.900000095367432,7.900000095367432,7.894999980926514,7.894999980926514,1673,0.0,0.0
2024-06-10 11:50:00-04:00,7.894999980926514,7.894999980926514,7.881999969482422,7.881999969482422,1151,0.0,0.0
2024-06-10 11:55:00-04:00,7.889999866485596,7.894999980926514,7.889999866485596,7.894999980926514,697,0.0,0.0
2024-06-10 12:00:00-04:00,7.889999866485596,7.894999980926514,7.889900207519531,7.889999866485596,4031,0.0,0.0
2024-06-10 12:05:00-04:00,7.880000114440918,7.886000156402588,7.880000114440918,7.885000228881836,1284,0.0,0.0
2024-06-10 12:10:00-04:00,7.880000114440918,7.900000095367432,7.880000114440918,7.894999980926514,2562,0.0,0.0
2024-06-10 12:15:00-04:00,7.900000095367432,7.920000076293945,7.900000095367432,7.920000076293945,2118,0.0,0.0
2024-06-10 12:20:00-04:00,7.929900169372559,7.940000057220459,7.925000190734863,7.925000190734863,4190,0.0,0.0
2024-06-10 12:25:00-04:00,7.920000076293945,7.925000190734863,7.914999961853027,7.925000190734863,877,0.0,0.0
2024-06-10 12:30:00-04:00,7.925000190734863,7.925000190734863,7.925000190734863,7.925000190734863,206,0.0,0.0
2024-06-10 12:35:00-04:00,7.925000190734863,7.942999839782715,7.925000190734863,7.942999839782715,1837,0.0,0.0
2024-06-10 12:40:00-04:00,7.941999912261963,7.945000171661377,7.941999912261963,7.945000171661377,300,0.0,0.0
2024-06-10 12:45:00-04:00,7.949999809265137,7.949999809265137,7.934999942779541,7.934999942779541,2676,0.0,0.0
2024-06-10 12:50:00-04:00,7.940000057220459,7.954999923706055,7.940000057220459,7.954999923706055,5037,0.0,0.0
2024-06-10 12:55:00-04:00,7.954999923706055,7.954999923706055,7.950200080871582,7.954999923706055,1434,0.0,0.0
2024-06-10 13:00:00-04:00,7.954999923706055,7.980000019073486,7.949999809265137,7.954999923706055,7521,0.0,0.0
2024-06-10 13:05:00-04:00,7.965000152587891,7.96999979019165,7.965000152587891,7.965000152587891,822,0.0,0.0
2024-06-10 13:10:00-04:00,7.974999904632568,7.980000019073486,7.96999979019165,7.974999904632568,807,0.0,0.0
2024-06-10 13:15:00-04:00,7.96999979019165,7.96999979019165,7.961999893188477,7.961999893188477,1523,0.0,0.0
2024-06-10 13:20:00-04:00,7.96999979019165,7.974999904632568,7.965000152587891,7.974999904632568,1006,0.0,0.0
2024-06-10 13:25:00-04:00,7.9720001220703125,7.978000164031982,7.9720001220703125,7.978000164031982,471,0.0,0.0
2024-06-10 13:30:00-04:00,7.970099925994873,7.994200229644775,7.96999979019165,7.994200229644775,3312,0.0,0.0
2024-06-10 13:35:00-04:00,7.992000102996826,7.994999885559082,7.989999771118164,7.989999771118164,1865,0.0,0.0
2024-06-10 13:40:00-04:00,7.985000133514404,7.989999771118164,7.985000133514404,7.985000133514404,703,0.0,0.0
2024-06-10 13:45:00-04:00,7.989999771118164,7.994999885559082,7.974999904632568,7.974999904632568,4343,0.0,0.0
2024-06-10 13:50:00-04:00,7.960299968719482,7.960299968719482,7.960000038146973,7.960000038146973,4482,0.0,0.0
2024-06-10 13:55:00-04:00,7.961999893188477,7.961999893188477,7.961999893188477,7.961999893188477,322,0.0,0.0
2024-06-10 14:00:00-04:00,7.961999893188477,7.961999893188477,7.961999893188477,7.961999893188477,555,0.0,0.0
2024-06-10 14:05:00-04:00,7.960000038146973,7.965000152587891,7.945000171661377,7.945000171661377,3016,0.0,0.0
2024-06-10 14:10:00-04:00,7.945000171661377,7.96999979019165,7.945000171661377,7.96999979019165,6658,0.0,0.0
2024-06-10 14:15:00-04:00,7.961999893188477,7.96999979019165,7.961999893188477,7.965000152587891,2109,0.0,0.0
2024-06-10 14:20:00-04:00,7.965000152587891,7.965000152587891,7.945000171661377,7.954999923706055,5094,0.0,0.0
2024-06-10 14:25:00-04:00,7.949999809265137,7.949999809265137,7.885000228881836,7.889999866485596,32080,0.0,0.0
2024-06-10 14:30:00-04:00,7.894999980926514,7.900000095367432,7.894999980926514,7.894999980926514,1275,0.0,0.0
2024-06-10 14:35:00-04:00,7.900000095367432,7.900000095367432,7.894999980926514,7.894999980926514,1871,0.0,0.0
2024-06-10 14:40:00-04:00,7.900000095367432,7.900000095367432,7.880000114440918,7.894999980926514,4951,0.0,0.0
2024-06-10 14:45:00-04:00,7.894999980926514,7.894999980926514,7.894999980926514,7.894999980926514,1263,0.0,0.0
2024-06-10 14:50:00-04:00,7.894999980926514,7.894999980926514,7.894999980926514,7.894999980926514,679,0.0,0.0
2024-06-10 14:55:00-04:00,7.894999980926514,7.900000095367432,7.84499979019165,7.860000133514404,17563,0.0,0.0
2024-06-10 15:00:00-04:00,7.869999885559082,7.885000228881836,7.84499979019165,7.84499979019165,14566,0.0,0.0
2024-06-10 15:05:00-04:00,7.849999904632568,7.875,7.849999904632568,7.875,3111,0.0,0.0
2024-06-10 15:10:00-04:00,7.875,7.880000114440918,7.84499979019165,7.860000133514404,16587,0.0,0.0
2024-06-10 15:15:00-04:00,7.869999885559082,7.869999885559082,7.84499979019165,7.849999904632568,7607,0.0,0.0
2024-06-10 15:20:00-04:00,7.860000133514404,7.860000133514404,7.849999904632568,7.8520002365112305,5438,0.0,0.0
2024-06-10 15:25:00-04:00,7.855000019073486,7.855000019073486,7.84499979019165,7.84499979019165,3581,0.0,0.0
2024-06-10 15:30:00-04:00,7.849999904632568,7.860000133514404,7.849999904632568,7.860000133514404,3263,0.0,0.0
2024-06-10 15:35:00-04:00,7.855000019073486,7.869999885559082,7.855000019073486,7.869999885559082,3814,0.0,0.0
2024-06-10 15:40:00-04:00,7.875,7.875,7.8420000076293945,7.8420000076293945,9656,0.0,0.0
2024-06-10 15:45:00-04:00,7.849999904632568,7.849999904632568,7.8420000076293945,7.84499979019165,3084,0.0,0.0
2024-06-10 15:50:00-04:00,7.84499979019165,7.855000019073486,7.84499979019165,7.849999904632568,6161,0.0,0.0
2024-06-10 15:55:00-04:00,7.849999904632568,7.909999847412109,7.840000152587891,7.889999866485596,44726,0.0,0.0
2024-06-11 09:30:00-04:00,7.869999885559082,7.869999885559082,7.789999961853027,7.829999923706055,5513,0.0,0.0
2024-06-11 09:35:00-04:00,7.789999961853027,7.820000171661377,7.789999961853027,7.809999942779541,7210,0.0,0.0
2024-06-11 09:40:00-04:00,7.820000171661377,7.835000038146973,7.820000171661377,7.820000171661377,1903,0.0,0.0
2024-06-11 09:45:00-04:00,7.829999923706055,7.829999923706055,7.784999847412109,7.800000190734863,6555,0.0,0.0
2024-06-11 09:50:00-04:00,7.800000190734863,7.809999942779541,7.795000076293945,7.800000190734863,1878,0.0,0.0
2024-06-11 09:55:00-04:00,7.804999828338623,7.829999923706055,7.800000190734863,7.820000171661377,2857,0.0,0.0
2024-06-11 10:00:00-04:00,7.809999942779541,7.820000171661377,7.800000190734863,7.820000171661377,2436,0.0,0.0
2024-06-11 10:05:00-04:00,7.815000057220459,7.824999809265137,7.789999961853027,7.809999942779541,5090,0.0,0.0
2024-06-11 10:10:00-04:00,7.809999942779541,7.809999942779541,7.795000076293945,7.795000076293945,2215,0.0,0.0
2024-06-11 10:15:00-04:00,7.795000076293945,7.800000190734863,7.795000076293945,7.800000190734863,1495,0.0,0.0
2024-06-11 10:20:00-04:00,7.7967000007629395,7.7967000007629395,7.760000228881836,7.764999866485596,3846,0.0,0.0
2024-06-11 10:25:00-04:00,7.769899845123291,7.78000020980835,7.75,7.769999980926514,11452,0.0,0.0
2024-06-11 10:30:00-04:00,7.760000228881836,7.760000228881836,7.75,7.760000228881836,2485,0.0,0.0
2024-06-11 10:35:00-04:00,7.760000228881836,7.769999980926514,7.760000228881836,7.769999980926514,1131,0.0,0.0
2024-06-11 10:40:00-04:00,7.789999961853027,7.789999961853027,7.784999847412109,7.784999847412109,2785,0.0,0.0
2024-06-11 10:45:00-04:00,7.789999961853027,7.800000190734863,7.789999961853027,7.800000190734863,3194,0.0,0.0
2024-06-11 10:50:00-04:00,7.800000190734863,7.806000232696533,7.800000190734863,7.800000190734863,3424,0.0,0.0
2024-06-11 10:55:00-04:00,7.804999828338623,7.809999942779541,7.804999828338623,7.804999828338623,1930,0.0,0.0
2024-06-11 11:00:00-04:00,7.809999942779541,7.809999942779541,7.75,7.760000228881836,18609,0.0,0.0
2024-06-11 11:05:00-04:00,7.75,7.78000020980835,7.75,7.78000020980835,4641,0.0,0.0
2024-06-11 11:10:00-04:00,7.780099868774414,7.789999961853027,7.78000020980835,7.78000020980835,2628,0.0,0.0
2024-06-11 11:15:00-04:00,7.789999961853027,7.800000190734863,7.784999847412109,7.784999847412109,2370,0.0,0.0
2024-06-11 11:20:00-04:00,7.784999847412109,7.785999774932861,7.75,7.769999980926514,25212,0.0,0.0
2024-06-11 11:25:00-04:00,7.78000020980835,7.780099868774414,7.78000020980835,7.780099868774414,337,0.0,0.0
2024-06-11 11:30:00-04:00,7.78000020980835,7.78000020980835,7.771999835968018,7.771999835968018,1997,0.0,0.0
2024-06-11 11:35:00-04:00,7.78000020980835,7.78000020980835,7.775000095367432,7.775000095367432,638,0.0,0.0
2024-06-11 11:40:00-04:00,7.775000095367432,7.775000095367432,7.739999771118164,7.75,5876,0.0,0.0
2024-06-11 11:45:00-04:00,7.75,7.75,7.75,7.75,1179,0.0,0.0
2024-06-11 11:50:00-04:00,7.760000228881836,7.760000228881836,7.739999771118164,7.75,4566,0.0,0.0
2024-06-11 11:55:00-04:00,7.750100135803223,7.769999980926514,7.750100135803223,7.760000228881836,1668,0.0,0.0
2024-06-11 12:00:00-04:00,7.764999866485596,7.769999980926514,7.764999866485596,7.769999980926514,1682,0.0,0.0
2024-06-11 12:05:00-04:00,7.769999980926514,7.769999980926514,7.749899864196777,7.749899864196777,5536,0.0,0.0
2024-06-11 12:10:00-04:00,7.75,7.75,7.744999885559082,7.744999885559082,1574,0.0,0.0
2024-06-11 12:15:00-04:00,7.75,7.75,7.744999885559082,7.744999885559082,493,0.0,0.0
2024-06-11 12:20:00-04:00,7.75,7.75,7.744999885559082,7.748899936676025,2283,0.0,0.0
2024-06-11 12:25:00-04:00,7.744999885559082,7.744999885559082,7.699999809265137,7.730000019073486,18516,0.0,0.0
2024-06-11 12:30:00-04:00,7.730000019073486,7.730000019073486,7.695000171661377,7.699999809265137,20558,0.0,0.0
2024-06-11 12:35:00-04:00,7.71999979019165,7.730000019073486,7.71999979019165,7.724999904632568,2234,0.0,0.0
2024-06-11 12:40:00-04:00,7.724999904632568,7.724999904632568,7.699999809265137,7.699999809265137,6562,0.0,0.0
2024-06-11 12:45:00-04:00,7.710000038146973,7.710000038146973,7.710000038146973,7.710000038146973,671,0.0,0.0
2024-06-11 12:50:00-04:00,7.699999809265137,7.699999809265137,7.695000171661377,7.695000171661377,2409,0.0,0.0
2024-06-11 12:55:00-04:00,7.695000171661377,7.695000171661377,7.695000171661377,7.695000171661377,431,0.0,0.0
2024-06-11 13:00:00-04:00,7.690000057220459,7.690000057220459,7.679999828338623,7.679999828338623,1590,0.0,0.0
2024-06-11 13:05:00-04:00,7.679999828338623,7.679999828338623,7.650000095367432,7.659999847412109,13056,0.0,0.0
2024-06-11 13:10:00-04:00,7.659999847412109,7.659999847412109,7.639999866485596,7.650000095367432,2682,0.0,0.0
2024-06-11 13:15:00-04:00,7.659999847412109,7.659999847412109,7.650000095367432,7.650000095367432,4413,0.0,0.0
2024-06-11 13:20:00-04:00,7.659999847412109,7.679999828338623,7.659999847412109,7.670000076293945,2204,0.0,0.0
2024-06-11 13:25:00-04:00,7.664999961853027,7.679999828338623,7.664999961853027,7.679999828338623,1300,0.0,0.0
2024-06-11 13:30:00-04:00,7.690000057220459,7.690000057220459,7.684999942779541,7.684999942779541,1751,0.0,0.0
2024-06-11 13:35:00-04:00,7.684999942779541,7.704999923706055,7.684999942779541,7.704999923706055,1351,0.0,0.0
2024-06-11 13:40:00-04:00,7.70989990234375,7.715000152587891,7.699999809265137,7.715000152587891,1997,0.0,0.0
2024-06-11 13:45:00-04:00,7.730000019073486,7.730000019073486,7.690000057220459,7.710000038146973,5354,0.0,0.0
2024-06-11 13:50:00-04:00,7.699999809265137,7.710000038146973,7.650000095367432,7.699999809265137,23855,0.0,0.0
2024-06-11 13:55:00-04:00,7.71999979019165,7.739999771118164,7.715000152587891,7.71999979019165,6684,0.0,0.0
2024-06-11 14:00:00-04:00,7.730000019073486,7.730000019073486,7.650000095367432,7.695000171661377,20228,0.0,0.0
2024-06-11 14:05:00-04:00,7.699999809265137,7.699999809265137,7.691999912261963,7.691999912261963,1841,0.0,0.0
2024-06-11 14:10:00-04:00,7.699999809265137,7.699999809265137,7.644999980926514,7.659999847412109,8613,0.0,0.0
2024-06-11 14:15:00-04:00,7.65500020980835,7.670000076293945,7.65500020980835,7.670000076293945,3044,0.0,0.0
2024-06-11 14:20:00-04:00,7.670000076293945,7.679999828338623,7.659999847412109,7.675000190734863,3096,0.0,0.0
2024-06-11 14:25:00-04:00,7.684999942779541,7.699999809265137,7.650000095367432,7.684999942779541,25466,0.0,0.0
2024-06-11 14:30:00-04:00,7.690000057220459,7.690000057220459,7.679999828338623,7.684999942779541,3097,0.0,0.0
2024-06-11 14:35:00-04:00,7.682000160217285,7.682000160217285,7.682000160217285,7.682000160217285,378,0.0,0.0
2024-06-11 14:40:00-04:00,7.679999828338623,7.679999828338623,7.639999866485596,7.659999847412109,18869,0.0,0.0
2024-06-11 14:45:00-04:00,7.659999847412109,7.664999961853027,7.65500020980835,7.659999847412109,6393,0.0,0.0
2024-06-11 14:50:00-04:00,7.659999847412109,7.664999961853027,7.650000095367432,7.659999847412109,8146,0.0,0.0
2024-06-11 14:55:00-04:00,7.659999847412109,7.659999847412109,7.65500020980835,7.65500020980835,3730,0.0,0.0
2024-06-11 15:00:00-04:00,7.664999961853027,7.750500202178955,7.659999847412109,7.744999885559082,69354,0.0,0.0
2024-06-11 15:05:00-04:00,7.739999771118164,7.739999771118164,7.650000095367432,7.664999961853027,59163,0.0,0.0
2024-06-11 15:10:00-04:00,7.670000076293945,7.699999809265137,7.670000076293945,7.690000057220459,5867,0.0,0.0
2024-06-11 15:15:00-04:00,7.690000057220459,7.699999809265137,7.684999942779541,7.699999809265137,3539,0.0,0.0
2024-06-11 15:20:00-04:00,7.690000057220459,7.690000057220459,7.644999980926514,7.6620001792907715,11318,0.0,0.0
2024-06-11 15:25:00-04:00,7.668000221252441,7.690000057220459,7.659999847412109,7.670000076293945,7701,0.0,0.0
2024-06-11 15:30:00-04:00,7.679999828338623,7.775000095367432,7.679999828338623,7.775000095367432,18149,0.0,0.0
2024-06-11 15:35:00-04:00,7.769999980926514,7.791999816894531,7.75,7.789999961853027,7958,0.0,0.0
2024-06-11 15:40:00-04:00,7.789999961853027,7.818600177764893,7.789999961853027,7.81279993057251,29063,0.0,0.0
2024-06-11 15:45:00-04:00,7.809999942779541,7.815000057220459,7.795000076293945,7.800000190734863,8581,0.0,0.0
2024-06-11 15:50:00-04:00,7.795000076293945,7.800000190734863,7.789999961853027,7.795000076293945,10474,0.0,0.0
2024-06-11 15:55:00-04:00,7.795000076293945,7.795000076293945,7.739999771118164,7.739999771118164,75473,0.0,0.0
2024-06-12 09:30:00-04:00,7.074999809265137,7.130000114440918,6.809999942779541,6.951200008392334,119689,0.0,0.0
2024-06-12 09:35:00-04:00,6.985000133514404,7.03000020980835,6.610000133514404,6.650100231170654,42521,0.0,0.0
2024-06-12 09:40:00-04:00,6.659999847412109,6.75,6.375,6.559599876403809,84436,0.0,0.0
2024-06-12 09:45:00-04:00,6.53000020980835,6.600100040435791,6.460000038146973,6.514999866485596,30759,0.0,0.0
2024-06-12 09:50:00-04:00,6.489999771118164,6.590000152587891,6.485000133514404,6.574999809265137,30606,0.0,0.0
2024-06-12 09:55:00-04:00,6.599999904632568,6.610000133514404,6.514999866485596,6.59499979019165,41432,0.0,0.0
2024-06-12 10:00:00-04:00,6.570000171661377,6.639999866485596,6.485000133514404,6.489999771118164,50793,0.0,0.0
2024-06-12 10:05:00-04:00,6.499300003051758,6.53000020980835,6.400000095367432,6.510000228881836,64945,0.0,0.0
2024-06-12 10:10:00-04:00,6.505000114440918,6.579999923706055,6.484899997711182,6.500100135803223,39901,0.0,0.0
2024-06-12 10:15:00-04:00,6.510000228881836,6.519999980926514,6.420000076293945,6.434999942779541,35125,0.0,0.0
2024-06-12 10:20:00-04:00,6.434999942779541,6.460000038146973,6.434999942779541,6.444799900054932,9620,0.0,0.0
2024-06-12 10:25:00-04:00,6.449999809265137,6.539999961853027,6.449999809265137,6.514100074768066,20397,0.0,0.0
2024-06-12 10:30:00-04:00,6.5,6.5,6.369999885559082,6.400000095367432,40234,0.0,0.0
2024-06-12 10:35:00-04:00,6.399899959564209,6.460000038146973,6.335000038146973,6.369999885559082,56507,0.0,0.0
2024-06-12 10:40:00-04:00,6.383999824523926,6.400000095367432,6.380000114440918,6.380000114440918,11305,0.0,0.0
2024-06-12 10:45:00-04:00,6.3871002197265625,6.418000221252441,6.375,6.414999961853027,6364,0.0,0.0
2024-06-12 10:50:00-04:00,6.420000076293945,6.510000228881836,6.389999866485596,6.5,30946,0.0,0.0
2024-06-12 10:55:00-04:00,6.510000228881836,6.560100078582764,6.489999771118164,6.54010009765625,16244,0.0,0.0
2024-06-12 11:00:00-04:00,6.545000076293945,6.570000171661377,6.489999771118164,6.530099868774414,38861,0.0,0.0
2024-06-12 11:05:00-04:00,6.53000020980835,6.53000020980835,6.489999771118164,6.494999885559082,7648,0.0,0.0
2024-06-12 11:10:00-04:00,6.498000144958496,6.498000144958496,6.480000019073486,6.480000019073486,1567,0.0,0.0
2024-06-12 11:15:00-04:00,6.474999904632568,6.474999904632568,6.429999828338623,6.465000152587891,22084,0.0,0.0
2024-06-12 11:20:00-04:00,6.46999979019165,6.519999980926514,6.465000152587891,6.510000228881836,7049,0.0,0.0
2024-06-12 11:25:00-04:00,6.5106000900268555,6.53000020980835,6.494999885559082,6.499899864196777,17595,0.0,0.0
2024-06-12 11:30:00-04:00,6.494999885559082,6.519999980926514,6.460000038146973,6.510000228881836,11786,0.0,0.0
2024-06-12 11:35:00-04:00,6.500100135803223,6.510000228881836,6.494999885559082,6.500999927520752,3458,0.0,0.0
2024-06-12 11:40:00-04:00,6.489999771118164,6.489999771118164,6.454999923706055,6.454999923706055,9266,0.0,0.0
2024-06-12 11:45:00-04:00,6.454999923706055,6.480000019073486,6.449999809265137,6.449999809265137,6910,0.0,0.0
2024-06-12 11:50:00-04:00,6.454999923706055,6.459700107574463,6.440000057220459,6.458000183105469,5943,0.0,0.0
2024-06-12 11:55:00-04:00,6.454999923706055,6.460000038146973,6.425000190734863,6.449999809265137,10172,0.0,0.0
2024-06-12 12:00:00-04:00,6.454999923706055,6.46999979019165,6.454999923706055,6.46999979019165,2164,0.0,0.0
2024-06-12 12:05:00-04:00,6.460000038146973,6.460000038146973,6.400000095367432,6.401000022888184,19604,0.0,0.0
2024-06-12 12:10:00-04:00,6.408999919891357,6.408999919891357,6.380000114440918,6.389999866485596,10917,0.0,0.0
2024-06-12 12:15:00-04:00,6.394999980926514,6.399899959564209,6.394999980926514,6.394999980926514,1673,0.0,0.0
2024-06-12 12:20:00-04:00,6.394999980926514,6.420000076293945,6.385000228881836,6.409999847412109,14882,0.0,0.0
2024-06-12 12:25:00-04:00,6.414999961853027,6.414999961853027,6.409999847412109,6.410099983215332,1828,0.0,0.0
2024-06-12 12:30:00-04:00,6.4008002281188965,6.40500020980835,6.4008002281188965,6.40500020980835,2005,0.0,0.0
2024-06-12 12:35:00-04:00,6.400100231170654,6.400100231170654,6.360000133514404,6.364999771118164,11884,0.0,0.0
2024-06-12 12:40:00-04:00,6.364999771118164,6.389999866485596,6.364999771118164,6.389999866485596,11694,0.0,0.0
2024-06-12 12:45:00-04:00,6.389999866485596,6.420000076293945,6.389999866485596,6.420000076293945,6123,0.0,0.0
2024-06-12 12:50:00-04:00,6.410099983215332,6.414999961853027,6.410099983215332,6.414999961853027,2389,0.0,0.0
2024-06-12 12:55:00-04:00,6.420000076293945,6.460000038146973,6.420000076293945,6.460000038146973,6508,0.0,0.0
2024-06-12 13:00:00-04:00,6.460000038146973,6.460000038146973,6.454999923706055,6.454999923706055,384,0.0,0.0
2024-06-12 13:05:00-04:00,6.454999923706055,6.454999923706055,6.450300216674805,6.454999923706055,554,0.0,0.0
2024-06-12 13:10:00-04:00,6.454999923706055,6.480000019073486,6.454999923706055,6.460000038146973,17833,0.0,0.0
2024-06-12 13:15:00-04:00,6.470600128173828,6.470799922943115,6.454999923706055,6.45989990234375,7744,0.0,0.0
2024-06-12 13:20:00-04:00,6.451200008392334,6.451200008392334,6.445000171661377,6.445000171661377,3604,0.0,0.0
2024-06-12 13:25:00-04:00,6.440000057220459,6.440000057220459,6.414999961853027,6.425000190734863,7771,0.0,0.0
2024-06-12 13:30:00-04:00,6.420000076293945,6.420000076293945,6.409999847412109,6.409999847412109,1590,0.0,0.0
2024-06-12 13:35:00-04:00,6.40500020980835,6.519999980926514,6.40500020980835,6.449999809265137,21840,0.0,0.0
2024-06-12 13:40:00-04:00,6.445000171661377,6.480000019073486,6.440100193023682,6.460100173950195,7456,0.0,0.0
2024-06-12 13:45:00-04:00,6.469299793243408,6.480000019073486,6.460000038146973,6.460000038146973,2560,0.0,0.0
2024-06-12 13:50:00-04:00,6.460000038146973,6.4791998863220215,6.460000038146973,6.4791998863220215,1713,0.0,0.0
2024-06-12 13:55:00-04:00,6.478799819946289,6.489999771118164,6.478799819946289,6.489999771118164,2211,0.0,0.0
2024-06-12 14:00:00-04:00,6.480000019073486,6.480000019073486,6.420000076293945,6.449999809265137,9951,0.0,0.0
2024-06-12 14:05:00-04:00,6.440000057220459,6.445000171661377,6.440000057220459,6.445000171661377,1935,0.0,0.0
2024-06-12 14:10:00-04:00,6.440000057220459,6.440000057220459,6.409900188446045,6.409999847412109,4833,0.0,0.0
2024-06-12 14:15:00-04:00,6.40500020980835,6.409999847412109,6.400000095367432,6.400000095367432,5314,0.0,0.0
2024-06-12 14:20:00-04:00,6.40500020980835,6.40500020980835,6.400000095367432,6.400100231170654,15819,0.0,0.0
2024-06-12 14:25:00-04:00,6.40500020980835,6.414999961853027,6.400000095367432,6.414999961853027,6165,0.0,0.0
2024-06-12 14:30:00-04:00,6.420000076293945,6.429999828338623,6.400000095367432,6.414999961853027,32890,0.0,0.0
2024-06-12 14:35:00-04:00,6.414999961853027,6.420000076293945,6.400000095367432,6.409900188446045,20595,0.0,0.0
2024-06-12 14:40:00-04:00,6.4079999923706055,6.425000190734863,6.394999980926514,6.40500020980835,34750,0.0,0.0
2024-06-12 14:45:00-04:00,6.400000095367432,6.4096999168396,6.400000095367432,6.400000095367432,14347,0.0,0.0
2024-06-12 14:50:00-04:00,6.400100231170654,6.409999847412109,6.270100116729736,6.319300174713135,60430,0.0,0.0
2024-06-12 14:55:00-04:00,6.300000190734863,6.380000114440918,6.284999847412109,6.340000152587891,50282,0.0,0.0
2024-06-12 15:00:00-04:00,6.329999923706055,6.360000133514404,6.320000171661377,6.326000213623047,36676,0.0,0.0
2024-06-12 15:05:00-04:00,6.324999809265137,6.400100231170654,6.315000057220459,6.385000228881836,67860,0.0,0.0
2024-06-12 15:10:00-04:00,6.385000228881836,6.395999908447266,6.385000228881836,6.385000228881836,8946,0.0,0.0
2024-06-12 15:15:00-04:00,6.385000228881836,6.429999828338623,6.380099773406982,6.380099773406982,18622,0.0,0.0
2024-06-12 15:20:00-04:00,6.380000114440918,6.380000114440918,6.340099811553955,6.340099811553955,9987,0.0,0.0
2024-06-12 15:25:00-04:00,6.340000152587891,6.340000152587891,6.25,6.260000228881836,32805,0.0,0.0
2024-06-12 15:30:00-04:00,6.250100135803223,6.28000020980835,6.230000019073486,6.260000228881836,28833,0.0,0.0
2024-06-12 15:35:00-04:00,6.255000114440918,6.309999942779541,6.244999885559082,6.309999942779541,37877,0.0,0.0
2024-06-12 15:40:00-04:00,6.309999942779541,6.380000114440918,6.309999942779541,6.375,33550,0.0,0.0
2024-06-12 15:45:00-04:00,6.380000114440918,6.40500020980835,6.369999885559082,6.394999980926514,31583,0.0,0.0
2024-06-12 15:50:00-04:00,6.394999980926514,6.425000190734863,6.369999885559082,6.40500020980835,60597,0.0,0.0
2024-06-12 15:55:00-04:00,6.409999847412109,6.429999828338623,6.400000095367432,6.410099983215332,119854,0.0,0.0
2024-06-13 09:30:00-04:00,6.309999942779541,6.579999923706055,6.309999942779541,6.480000019073486,62366,0.0,0.0
2024-06-13 09:35:00-04:00,6.5,6.5,6.409999847412109,6.46999979019165,15514,0.0,0.0
2024-06-13 09:40:00-04:00,6.489999771118164,6.519999980926514,6.480000019073486,6.510000228881836,18551,0.0,0.0
2024-06-13 09:45:00-04:00,6.5,6.5,6.46999979019165,6.474999904632568,16477,0.0,0.0
2024-06-13 09:50:00-04:00,6.474999904632568,6.550000190734863,6.474999904632568,6.510000228881836,13517,0.0,0.0
2024-06-13 09:55:00-04:00,6.510000228881836,6.510000228881836,6.480000019073486,6.488399982452393,6073,0.0,0.0
2024-06-13 10:00:00-04:00,6.485000133514404,6.489999771118164,6.474999904632568,6.474999904632568,7514,0.0,0.0
2024-06-13 10:05:00-04:00,6.474999904632568,6.474999904632568,6.445000171661377,6.460000038146973,8346,0.0,0.0
2024-06-13 10:10:00-04:00,6.460000038146973,6.465000152587891,6.460000038146973,6.465000152587891,7119,0.0,0.0
2024-06-13 10:15:00-04:00,6.465000152587891,6.465000152587891,6.449999809265137,6.454999923706055,6077,0.0,0.0
2024-06-13 10:20:00-04:00,6.450099945068359,6.450900077819824,6.434999942779541,6.434999942779541,6121,0.0,0.0
2024-06-13 10:25:00-04:00,6.434999942779541,6.434999942779541,6.430099964141846,6.434999942779541,1114,0.0,0.0
2024-06-13 10:30:00-04:00,6.429999828338623,6.429999828338623,6.380000114440918,6.385000228881836,14510,0.0,0.0
2024-06-13 10:35:00-04:00,6.385000228881836,6.389999866485596,6.355000019073486,6.389999866485596,13164,0.0,0.0
2024-06-13 10:40:00-04:00,6.389999866485596,6.429999828338623,6.385000228881836,6.394999980926514,8469,0.0,0.0
2024-06-13 10:45:00-04:00,6.394999980926514,6.394999980926514,6.335000038146973,6.340000152587891,5765,0.0,0.0
2024-06-13 10:50:00-04:00,6.335000038146973,6.335000038146973,6.335000038146973,6.335000038146973,1828,0.0,0.0
2024-06-13 10:55:00-04:00,6.340000152587891,6.349999904632568,6.309999942779541,6.324999809265137,15207,0.0,0.0
2024-06-13 11:00:00-04:00,6.320000171661377,6.320000171661377,6.295000076293945,6.295000076293945,2128,0.0,0.0
2024-06-13 11:05:00-04:00,6.289999961853027,6.289999961853027,6.21999979019165,6.21999979019165,18334,0.0,0.0
2024-06-13 11:10:00-04:00,6.21999979019165,6.289999961853027,6.210000038146973,6.264999866485596,22592,0.0,0.0
2024-06-13 11:15:00-04:00,6.275000095367432,6.275000095367432,6.259900093078613,6.259900093078613,2581,0.0,0.0
2024-06-13 11:20:00-04:00,6.255000114440918,6.284999847412109,6.255000114440918,6.284999847412109,12139,0.0,0.0
2024-06-13 11:25:00-04:00,6.289999961853027,6.295000076293945,6.289999961853027,6.289999961853027,2437,0.0,0.0
2024-06-13 11:30:00-04:00,6.289999961853027,6.320000171661377,6.289999961853027,6.320000171661377,11529,0.0,0.0
2024-06-13 11:35:00-04:00,6.320000171661377,6.320000171661377,6.289999961853027,6.289999961853027,5542,0.0,0.0
2024-06-13 11:40:00-04:00,6.295000076293945,6.300000190734863,6.289999961853027,6.295000076293945,5362,0.0,0.0
2024-06-13 11:45:00-04:00,6.295000076293945,6.295000076293945,6.290800094604492,6.290800094604492,1553,0.0,0.0
2024-06-13 11:50:00-04:00,6.295000076293945,6.295000076293945,6.295000076293945,6.295000076293945,533,0.0,0.0
2024-06-13 11:55:00-04:00,6.295000076293945,6.295000076293945,6.170000076293945,6.190000057220459,26014,0.0,0.0
2024-06-13 12:00:00-04:00,6.184999942779541,6.189899921417236,6.134300231933594,6.170000076293945,9889,0.0,0.0
2024-06-13 12:05:00-04:00,6.170000076293945,6.179999828338623,6.1620001792907715,6.175000190734863,1320,0.0,0.0
2024-06-13 12:10:00-04:00,6.175000190734863,6.179999828338623,6.144999980926514,6.144999980926514,2885,0.0,0.0
2024-06-13 12:15:00-04:00,6.149700164794922,6.15500020980835,6.144999980926514,6.15500020980835,2336,0.0,0.0
2024-06-13 12:20:00-04:00,6.15500020980835,6.164999961853027,6.135000228881836,6.164999961853027,5985,0.0,0.0
2024-06-13 12:25:00-04:00,6.164999961853027,6.164999961853027,6.164999961853027,6.164999961853027,2038,0.0,0.0
2024-06-13 12:30:00-04:00,6.169400215148926,6.199999809265137,6.169400215148926,6.197299957275391,3980,0.0,0.0
2024-06-13 12:35:00-04:00,6.199999809265137,6.204999923706055,6.195000171661377,6.204999923706055,1252,0.0,0.0
2024-06-13 12:40:00-04:00,6.204999923706055,6.204999923706055,6.195000171661377,6.199999809265137,4806,0.0,0.0
2024-06-13 12:45:00-04:00,6.195000171661377,6.195000171661377,6.195000171661377,6.195000171661377,322,0.0,0.0
2024-06-13 12:50:00-04:00,6.195000171661377,6.195000171661377,6.195000171661377,6.195000171661377,1263,0.0,0.0
2024-06-13 12:55:00-04:00,6.190000057220459,6.190000057220459,6.169899940490723,6.175000190734863,4153,0.0,0.0
2024-06-13 13:00:00-04:00,6.175000190734863,6.175000190734863,6.175000190734863,6.175000190734863,514,0.0,0.0
2024-06-13 13:05:00-04:00,6.170000076293945,6.170000076293945,6.15500020980835,6.170000076293945,5373,0.0,0.0
2024-06-13 13:10:00-04:00,6.175000190734863,6.175000190734863,6.175000190734863,6.175000190734863,707,0.0,0.0
2024-06-13 13:15:00-04:00,6.179900169372559,6.179999828338623,6.175000190734863,6.175000190734863,8801,0.0,0.0
2024-06-13 13:20:00-04:00,6.175000190734863,6.21999979019165,6.170000076293945,6.215000152587891,13069,0.0,0.0
2024-06-13 13:25:00-04:00,6.215000152587891,6.215000152587891,6.199999809265137,6.199999809265137,3512,0.0,0.0
2024-06-13 13:30:00-04:00,6.209400177001953,6.224999904632568,6.204999923706055,6.224999904632568,3407,0.0,0.0
2024-06-13 13:35:00-04:00,6.224999904632568,6.244999885559082,6.224999904632568,6.244999885559082,3987,0.0,0.0
2024-06-13 13:40:00-04:00,6.25,6.25,6.25,6.25,472,0.0,0.0
2024-06-13 13:45:00-04:00,6.25,6.259900093078613,6.239999771118164,6.244999885559082,5748,0.0,0.0
2024-06-13 13:50:00-04:00,6.244999885559082,6.264999866485596,6.244999885559082,6.264999866485596,3988,0.0,0.0
2024-06-13 13:55:00-04:00,6.260000228881836,6.260000228881836,6.255000114440918,6.255000114440918,4027,0.0,0.0
2024-06-13 14:00:00-04:00,6.255000114440918,6.255000114440918,6.25,6.25,523,0.0,0.0
2024-06-13 14:05:00-04:00,6.25,6.255000114440918,6.25,6.25,1421,0.0,0.0
2024-06-13 14:10:00-04:00,6.255000114440918,6.269999980926514,6.25,6.260000228881836,13336,0.0,0.0
2024-06-13 14:15:00-04:00,6.255000114440918,6.255000114440918,6.255000114440918,6.255000114440918,971,0.0,0.0
2024-06-13 14:20:00-04:00,6.255000114440918,6.255000114440918,6.25,6.25,900,0.0,0.0
2024-06-13 14:25:00-04:00,6.255000114440918,6.256100177764893,6.25,6.25,1561,0.0,0.0
2024-06-13 14:30:00-04:00,6.25,6.255000114440918,6.25,6.25,1373,0.0,0.0
2024-06-13 14:35:00-04:00,6.25,6.255000114440918,6.25,6.255000114440918,908,0.0,0.0
2024-06-13 14:40:00-04:00,6.25,6.259900093078613,6.239999771118164,6.259900093078613,10136,0.0,0.0
2024-06-13 14:45:00-04:00,6.255000114440918,6.255000114440918,6.224999904632568,6.224999904632568,3547,0.0,0.0
2024-06-13 14:50:00-04:00,6.224999904632568,6.224999904632568,6.21999979019165,6.21999979019165,843,0.0,0.0
2024-06-13 14:55:00-04:00,6.21999979019165,6.230000019073486,6.21999979019165,6.21999979019165,7256,0.0,0.0
2024-06-13 15:00:00-04:00,6.199999809265137,6.215000152587891,6.199999809265137,6.2108001708984375,5335,0.0,0.0
2024-06-13 15:05:00-04:00,6.215000152587891,6.215000152587891,6.210000038146973,6.215000152587891,556,0.0,0.0
2024-06-13 15:10:00-04:00,6.210000038146973,6.25,6.210000038146973,6.239999771118164,12538,0.0,0.0
2024-06-13 15:15:00-04:00,6.239999771118164,6.264999866485596,6.239999771118164,6.264999866485596,9874,0.0,0.0
2024-06-13 15:20:00-04:00,6.264999866485596,6.264999866485596,6.260000228881836,6.260000228881836,1925,0.0,0.0
2024-06-13 15:25:00-04:00,6.264999866485596,6.295000076293945,6.260000228881836,6.295000076293945,6620,0.0,0.0
2024-06-13 15:30:00-04:00,6.289999961853027,6.289999961853027,6.255000114440918,6.255000114440918,18217,0.0,0.0
2024-06-13 15:35:00-04:00,6.255000114440918,6.260000228881836,6.230000019073486,6.235000133514404,5675,0.0,0.0
2024-06-13 15:40:00-04:00,6.230000019073486,6.230000019073486,6.210000038146973,6.210000038146973,8749,0.0,0.0
2024-06-13 15:45:00-04:00,6.210000038146973,6.21999979019165,6.190000057220459,6.190000057220459,29699,0.0,0.0
2024-06-13 15:50:00-04:00,6.195000171661377,6.21999979019165,6.175000190734863,6.199999809265137,43364,0.0,0.0
2024-06-13 15:55:00-04:00,6.195000171661377,6.21999979019165,6.195000171661377,6.210000038146973,72277,0.0,0.0
2024-06-14 09:30:00-04:00,6.150000095367432,6.199999809265137,6.139999866485596,6.139999866485596,9906,0.0,0.0
2024-06-14 09:35:00-04:00,6.135000228881836,6.135000228881836,6.070000171661377,6.070000171661377,5664,0.0,0.0
2024-06-14 09:40:00-04:00,6.070000171661377,6.119999885559082,6.070000171661377,6.099999904632568,7717,0.0,0.0
2024-06-14 09:45:00-04:00,6.090000152587891,6.099999904632568,6.050000190734863,6.074999809265137,16976,0.0,0.0
2024-06-14 09:50:00-04:00,6.070000171661377,6.070000171661377,6.045000076293945,6.050000190734863,3092,0.0,0.0
2024-06-14 09:55:00-04:00,6.050000190734863,6.054999828338623,6.019999980926514,6.03000020980835,5902,0.0,0.0
2024-06-14 10:00:00-04:00,6.03000020980835,6.099999904632568,6.014999866485596,6.065000057220459,18714,0.0,0.0
2024-06-14 10:05:00-04:00,6.070000171661377,6.074999809265137,6.039999961853027,6.065000057220459,8012,0.0,0.0
2024-06-14 10:10:00-04:00,6.074999809265137,6.085000038146973,6.070000171661377,6.070000171661377,3845,0.0,0.0
2024-06-14 10:15:00-04:00,6.074999809265137,6.074999809265137,6.025000095367432,6.025000095367432,21721,0.0,0.0
2024-06-14 10:20:00-04:00,6.025000095367432,6.025000095367432,6.010000228881836,6.010000228881836,6818,0.0,0.0
2024-06-14 10:25:00-04:00,6.005000114440918,6.074999809265137,6.005000114440918,6.070000171661377,10889,0.0,0.0
2024-06-14 10:30:00-04:00,6.074999809265137,6.113999843597412,6.074999809265137,6.099999904632568,9199,0.0,0.0
2024-06-14 10:35:00-04:00,6.110000133514404,6.114999771118164,6.09499979019165,6.114999771118164,4189,0.0,0.0
2024-06-14 10:40:00-04:00,6.119999885559082,6.150100231170654,6.09499979019165,6.150000095367432,14102,0.0,0.0
2024-06-14 10:45:00-04:00,6.149400234222412,6.159999847412109,6.139999866485596,6.150000095367432,12761,0.0,0.0
2024-06-14 10:50:00-04:00,6.150000095367432,6.15500020980835,6.139999866485596,6.139999866485596,4669,0.0,0.0
2024-06-14 10:55:00-04:00,6.144999980926514,6.15500020980835,6.130000114440918,6.15500020980835,5601,0.0,0.0
2024-06-14 11:00:00-04:00,6.159999847412109,6.170000076293945,6.159999847412109,6.159999847412109,6324,0.0,0.0
2024-06-14 11:05:00-04:00,6.164999961853027,6.179999828338623,6.164999961853027,6.175000190734863,5658,0.0,0.0
2024-06-14 11:10:00-04:00,6.179999828338623,6.179999828338623,6.170000076293945,6.170000076293945,3186,0.0,0.0
2024-06-14 11:15:00-04:00,6.175000190734863,6.184999942779541,6.170000076293945,6.179999828338623,2714,0.0,0.0
2024-06-14 11:20:00-04:00,6.190000057220459,6.199999809265137,6.175000190734863,6.179999828338623,4865,0.0,0.0
2024-06-14 11:25:00-04:00,6.184999942779541,6.184999942779541,6.179999828338623,6.184999942779541,1392,0.0,0.0
2024-06-14 11:30:00-04:00,6.190000057220459,6.260000228881836,6.190000057220459,6.260000228881836,15395,0.0,0.0
2024-06-14 11:35:00-04:00,6.255000114440918,6.255000114440918,6.210000038146973,6.210000038146973,14573,0.0,0.0
2024-06-14 11:40:00-04:00,6.210000038146973,6.210000038146973,6.190000057220459,6.195000171661377,4609,0.0,0.0
2024-06-14 11:45:00-04:00,6.195000171661377,6.204999923706055,6.195000171661377,6.204999923706055,4536,0.0,0.0
2024-06-14 11:50:00-04:00,6.204999923706055,6.204999923706055,6.204999923706055,6.204999923706055,1034,0.0,0.0
2024-06-14 11:55:00-04:00,6.210000038146973,6.21999979019165,6.204999923706055,6.210000038146973,5711,0.0,0.0
2024-06-14 12:00:00-04:00,6.21999979019165,6.230000019073486,6.21999979019165,6.230000019073486,2683,0.0,0.0
2024-06-14 12:05:00-04:00,6.21999979019165,6.224999904632568,6.21999979019165,6.223999977111816,1620,0.0,0.0
2024-06-14 12:10:00-04:00,6.21999979019165,6.21999979019165,6.210000038146973,6.210000038146973,3543,0.0,0.0
2024-06-14 12:15:00-04:00,6.210000038146973,6.215000152587891,6.210000038146973,6.215000152587891,851,0.0,0.0
2024-06-14 12:20:00-04:00,6.21999979019165,6.239999771118164,6.215000152587891,6.215000152587891,11038,0.0,0.0
2024-06-14 12:25:00-04:00,6.21999979019165,6.224999904632568,6.21999979019165,6.21999979019165,1323,0.0,0.0
2024-06-14 12:30:00-04:00,6.230000019073486,6.230000019073486,6.21999979019165,6.21999979019165,1520,0.0,0.0
2024-06-14 12:35:00-04:00,6.224999904632568,6.244999885559082,6.224999904632568,6.244999885559082,4075,0.0,0.0
2024-06-14 12:40:00-04:00,6.239999771118164,6.244999885559082,6.230000019073486,6.244999885559082,7642,0.0,0.0
2024-06-14 12:45:00-04:00,6.244999885559082,6.264999866485596,6.244999885559082,6.25,10362,0.0,0.0
2024-06-14 12:50:00-04:00,6.25,6.25,6.25,6.25,656,0.0,0.0
2024-06-14 12:55:00-04:00,6.244999885559082,6.244999885559082,6.21999979019165,6.21999979019165,4321,0.0,0.0
2024-06-14 13:00:00-04:00,6.230000019073486,6.235000133514404,6.230000019073486,6.230000019073486,1166,0.0,0.0
2024-06-14 13:05:00-04:00,6.230000019073486,6.244999885559082,6.230000019073486,6.244999885559082,1732,0.0,0.0
2024-06-14 13:10:00-04:00,6.239999771118164,6.269999980926514,6.239999771118164,6.264999866485596,14103,0.0,0.0
2024-06-14 13:15:00-04:00,6.260000228881836,6.260000228881836,6.239999771118164,6.239999771118164,5905,0.0,0.0
2024-06-14 13:20:00-04:00,6.244999885559082,6.264999866485596,6.244999885559082,6.264999866485596,2177,0.0,0.0
2024-06-14 13:25:00-04:00,6.264999866485596,6.284999847412109,6.260000228881836,6.284999847412109,12727,0.0,0.0
2024-06-14 13:30:00-04:00,6.289999961853027,6.295000076293945,6.289999961853027,6.295000076293945,1016,0.0,0.0
2024-06-14 13:35:00-04:00,6.304999828338623,6.304999828338623,6.289999961853027,6.289999961853027,8917,0.0,0.0
2024-06-14 13:40:00-04:00,6.28000020980835,6.28000020980835,6.269999980926514,6.269999980926514,3730,0.0,0.0
2024-06-14 13:45:00-04:00,6.269999980926514,6.269999980926514,6.255000114440918,6.255000114440918,3624,0.0,0.0
2024-06-14 13:50:00-04:00,6.255000114440918,6.255000114440918,6.255000114440918,6.255000114440918,774,0.0,0.0
2024-06-14 13:55:00-04:00,6.255000114440918,6.255000114440918,6.25,6.255000114440918,834,0.0,0.0
2024-06-14 14:00:00-04:00,6.255000114440918,6.275000095367432,6.255000114440918,6.264999866485596,18411,0.0,0.0
2024-06-14 14:05:00-04:00,6.264999866485596,6.264999866485596,6.25,6.25,8815,0.0,0.0
2024-06-14 14:10:00-04:00,6.25,6.25,6.239999771118164,6.244999885559082,3234,0.0,0.0
2024-06-14 14:15:00-04:00,6.25,6.275000095367432,6.25,6.275000095367432,5903,0.0,0.0
2024-06-14 14:20:00-04:00,6.269999980926514,6.28000020980835,6.269999980926514,6.275000095367432,5461,0.0,0.0
2024-06-14 14:25:00-04:00,6.275000095367432,6.275000095367432,6.21999979019165,6.21999979019165,17919,0.0,0.0
2024-06-14 14:30:00-04:00,6.21999979019165,6.230000019073486,6.21999979019165,6.230000019073486,5343,0.0,0.0
2024-06-14 14:35:00-04:00,6.230000019073486,6.230000019073486,6.21999979019165,6.224999904632568,1470,0.0,0.0
2024-06-14 14:40:00-04:00,6.224999904632568,6.224999904632568,6.21999979019165,6.21999979019165,876,0.0,0.0
2024-06-14 14:45:00-04:00,6.224999904632568,6.230000019073486,6.21999979019165,6.230000019073486,4425,0.0,0.0
2024-06-14 14:50:00-04:00,6.230000019073486,6.239999771118164,6.224999904632568,6.239999771118164,9144,0.0,0.0
2024-06-14 14:55:00-04:00,6.25,6.269999980926514,6.25,6.269999980926514,9657,0.0,0.0
2024-06-14 15:00:00-04:00,6.269999980926514,6.269999980926514,6.260000228881836,6.260000228881836,2850,0.0,0.0
2024-06-14 15:05:00-04:00,6.264999866485596,6.269999980926514,6.260000228881836,6.264999866485596,1819,0.0,0.0
2024-06-14 15:10:00-04:00,6.264999866485596,6.264999866485596,6.260000228881836,6.264999866485596,1180,0.0,0.0
2024-06-14 15:15:00-04:00,6.260000228881836,6.264999866485596,6.260000228881836,6.260000228881836,864,0.0,0.0
2024-06-14 15:20:00-04:00,6.264999866485596,6.269999980926514,6.210000038146973,6.235000133514404,29404,0.0,0.0
2024-06-14 15:25:00-04:00,6.235000133514404,6.239999771118164,6.195000171661377,6.235000133514404,12684,0.0,0.0
2024-06-14 15:30:00-04:00,6.235000133514404,6.239999771118164,6.230000019073486,6.235000133514404,2634,0.0,0.0
2024-06-14 15:35:00-04:00,6.235000133514404,6.235000133514404,6.224999904632568,6.224999904632568,8527,0.0,0.0
2024-06-14 15:40:00-04:00,6.224999904632568,6.25,6.224999904632568,6.244999885559082,12114,0.0,0.0
2024-06-14 15:45:00-04:00,6.244999885559082,6.25,6.199999809265137,6.199999809265137,34688,0.0,0.0
2024-06-14 15:50:00-04:00,6.199999809265137,6.215000152587891,6.184999942779541,6.184999942779541,38533,0.0,0.0
2024-06-14 15:55:00-04:00,6.184999942779541,6.184999942779541,6.150000095367432,6.159999847412109,67776,0.0,0.0
2024-06-17 09:30:00-04:00,6.139999866485596,6.25,6.079999923706055,6.190000057220459,29011,0.0,0.0
2024-06-17 09:35:00-04:00,6.199999809265137,6.199999809265137,6.159999847412109,6.159999847412109,1601,0.0,0.0
2024-06-17 09:40:00-04:00,6.179999828338623,6.239999771118164,6.179999828338623,6.230000019073486,6415,0.0,0.0
2024-06-17 09:45:00-04:00,6.230000019073486,6.230599880218506,6.199999809265137,6.210000038146973,10608,0.0,0.0
2024-06-17 09:50:00-04:00,6.21999979019165,6.21999979019165,6.190000057220459,6.190000057220459,3039,0.0,0.0
2024-06-17 09:55:00-04:00,6.190000057220459,6.190000057220459,6.139999866485596,6.139999866485596,3816,0.0,0.0
2024-06-17 10:00:00-04:00,6.139999866485596,6.139999866485596,6.105000019073486,6.105000019073486,5767,0.0,0.0
2024-06-17 10:05:00-04:00,6.105000019073486,6.105000019073486,6.085000038146973,6.090000152587891,4322,0.0,0.0
2024-06-17 10:10:00-04:00,6.085000038146973,6.085000038146973,6.050000190734863,6.050000190734863,2546,0.0,0.0
2024-06-17 10:15:00-04:00,6.045000076293945,6.045000076293945,6.0177001953125,6.019100189208984,13282,0.0,0.0
2024-06-17 10:20:00-04:00,6.019999980926514,6.0279998779296875,5.980000019073486,5.980000019073486,5861,0.0,0.0
2024-06-17 10:25:00-04:00,5.989999771118164,6.0,5.985000133514404,5.989999771118164,4064,0.0,0.0
2024-06-17 10:30:00-04:00,5.99399995803833,6.039999961853027,5.99399995803833,6.03000020980835,14385,0.0,0.0
2024-06-17 10:35:00-04:00,6.034999847412109,6.034999847412109,6.03000020980835,6.034999847412109,10873,0.0,0.0
2024-06-17 10:40:00-04:00,6.03000020980835,6.039999961853027,6.010000228881836,6.010000228881836,10130,0.0,0.0
2024-06-17 10:45:00-04:00,6.010000228881836,6.019999980926514,6.005000114440918,6.014999866485596,3110,0.0,0.0
2024-06-17 10:50:00-04:00,6.021200180053711,6.025000095367432,6.021200180053711,6.025000095367432,991,0.0,0.0
2024-06-17 10:55:00-04:00,6.019999980926514,6.03000020980835,6.019999980926514,6.025000095367432,1442,0.0,0.0
2024-06-17 11:00:00-04:00,6.025000095367432,6.105000019073486,6.025000095367432,6.105000019073486,8702,0.0,0.0
2024-06-17 11:05:00-04:00,6.120100021362305,6.125,6.119999885559082,6.125,2802,0.0,0.0
2024-06-17 11:10:00-04:00,6.120699882507324,6.125,6.070000171661377,6.079999923706055,14161,0.0,0.0
2024-06-17 11:15:00-04:00,6.085000038146973,6.09499979019165,6.085000038146973,6.09499979019165,1362,0.0,0.0
2024-06-17 11:20:00-04:00,6.09499979019165,6.105000019073486,6.059999942779541,6.059999942779541,11858,0.0,0.0
2024-06-17 11:25:00-04:00,6.059999942779541,6.059999942779541,6.03000020980835,6.03000020980835,931,0.0,0.0
2024-06-17 11:30:00-04:00,6.03000020980835,6.039999961853027,6.03000020980835,6.03000020980835,4904,0.0,0.0
2024-06-17 11:35:00-04:00,6.034999847412109,6.034999847412109,6.034999847412109,6.034999847412109,754,0.0,0.0
2024-06-17 11:40:00-04:00,6.034999847412109,6.054999828338623,6.034999847412109,6.054999828338623,5529,0.0,0.0
2024-06-17 11:50:00-04:00,6.065000057220459,6.070000171661377,6.039999961853027,6.039999961853027,8440,0.0,0.0
2024-06-17 11:55:00-04:00,6.045000076293945,6.045000076293945,6.03000020980835,6.03000020980835,3178,0.0,0.0
2024-06-17 12:00:00-04:00,6.025000095367432,6.050000190734863,6.025000095367432,6.050000190734863,10434,0.0,0.0
2024-06-17 12:05:00-04:00,6.054999828338623,6.054999828338623,6.034999847412109,6.034999847412109,3806,0.0,0.0
2024-06-17 12:10:00-04:00,6.045000076293945,6.045000076293945,6.045000076293945,6.045000076293945,223,0.0,0.0
2024-06-17 12:15:00-04:00,6.045000076293945,6.065000057220459,6.045000076293945,6.059999942779541,4074,0.0,0.0
2024-06-17 12:20:00-04:00,6.05049991607666,6.054999828338623,6.05049991607666,6.053999900817871,3686,0.0,0.0
2024-06-17 12:25:00-04:00,6.054999828338623,6.079999923706055,6.050000190734863,6.074999809265137,3870,0.0,0.0
2024-06-17 12:30:00-04:00,6.070000171661377,6.070000171661377,6.065000057220459,6.065000057220459,1996,0.0,0.0
2024-06-17 12:35:00-04:00,6.065000057220459,6.065000057220459,6.050000190734863,6.054999828338623,8259,0.0,0.0
2024-06-17 12:40:00-04:00,6.050000190734863,6.054999828338623,6.039999961853027,6.039999961853027,3683,0.0,0.0
2024-06-17 12:45:00-04:00,6.045000076293945,6.045000076293945,6.03000020980835,6.03000020980835,2883,0.0,0.0
2024-06-17 12:50:00-04:00,6.03000020980835,6.03000020980835,6.03000020980835,6.03000020980835,201,0.0,0.0
2024-06-17 12:55:00-04:00,6.019999980926514,6.019999980926514,6.005000114440918,6.010000228881836,10596,0.0,0.0
2024-06-17 13:00:00-04:00,6.010000228881836,6.0157999992370605,6.005000114440918,6.0157999992370605,1587,0.0,0.0
2024-06-17 13:05:00-04:00,6.019999980926514,6.025000095367432,6.010000228881836,6.010000228881836,2718,0.0,0.0
2024-06-17 13:10:00-04:00,6.014999866485596,6.014999866485596,6.010000228881836,6.014999866485596,1033,0.0,0.0
2024-06-17 13:15:00-04:00,6.014999866485596,6.050000190734863,6.010700225830078,6.050000190734863,11022,0.0,0.0
2024-06-17 13:20:00-04:00,6.065000057220459,6.065000057220459,6.03000020980835,6.03000020980835,5688,0.0,0.0
2024-06-17 13:25:00-04:00,6.034999847412109,6.034999847412109,6.034999847412109,6.034999847412109,581,0.0,0.0
2024-06-17 13:30:00-04:00,6.034999847412109,6.054999828338623,6.034999847412109,6.054999828338623,4291,0.0,0.0
2024-06-17 13:35:00-04:00,6.054999828338623,6.054999828338623,6.039999961853027,6.039999961853027,4515,0.0,0.0
2024-06-17 13:40:00-04:00,6.034999847412109,6.050000190734863,6.034999847412109,6.039999961853027,9961,0.0,0.0
2024-06-17 13:45:00-04:00,6.034999847412109,6.039999961853027,6.033999919891357,6.034999847412109,2917,0.0,0.0
2024-06-17 13:50:00-04:00,6.039999961853027,6.039999961853027,6.019999980926514,6.034999847412109,4473,0.0,0.0
2024-06-17 13:55:00-04:00,6.019999980926514,6.019999980926514,6.014999866485596,6.014999866485596,1636,0.0,0.0
2024-06-17 14:00:00-04:00,6.014999866485596,6.014999866485596,6.005000114440918,6.005000114440918,6406,0.0,0.0
2024-06-17 14:05:00-04:00,6.010000228881836,6.019999980926514,6.010000228881836,6.019999980926514,2470,0.0,0.0
2024-06-17 14:10:00-04:00,6.019999980926514,6.019999980926514,6.005000114440918,6.005000114440918,4024,0.0,0.0
2024-06-17 14:15:00-04:00,6.0,6.0,5.980000019073486,5.9899001121521,2127,0.0,0.0
2024-06-17 14:20:00-04:00,5.980000019073486,5.980000019073486,5.954999923706055,5.960000038146973,3391,0.0,0.0
2024-06-17 14:25:00-04:00,5.949999809265137,5.949999809265137,5.940000057220459,5.949900150299072,2790,0.0,0.0
2024-06-17 14:30:00-04:00,5.94890022277832,5.94890022277832,5.940000057220459,5.940000057220459,3068,0.0,0.0
2024-06-17 14:35:00-04:00,5.934999942779541,5.934999942779541,5.925000190734863,5.925000190734863,1870,0.0,0.0
2024-06-17 14:40:00-04:00,5.925000190734863,5.925000190734863,5.925000190734863,5.925000190734863,441,0.0,0.0
2024-06-17 14:45:00-04:00,5.925000190734863,5.9268999099731445,5.920000076293945,5.9268999099731445,4205,0.0,0.0
2024-06-17 14:50:00-04:00,5.925000190734863,5.960000038146973,5.925000190734863,5.954999923706055,5695,0.0,0.0
2024-06-17 14:55:00-04:00,5.954999923706055,5.954999923706055,5.934999942779541,5.934999942779541,9668,0.0,0.0
2024-06-17 15:00:00-04:00,5.939199924468994,5.949999809265137,5.934999942779541,5.945000171661377,6182,0.0,0.0
2024-06-17 15:05:00-04:00,5.940000057220459,5.940000057220459,5.929999828338623,5.929999828338623,4102,0.0,0.0
2024-06-17 15:10:00-04:00,5.929999828338623,5.929999828338623,5.925000190734863,5.925000190734863,1359,0.0,0.0
2024-06-17 15:15:00-04:00,5.929999828338623,5.929999828338623,5.914999961853027,5.914999961853027,2302,0.0,0.0
2024-06-17 15:20:00-04:00,5.909999847412109,5.909999847412109,5.90500020980835,5.90500020980835,2258,0.0,0.0
2024-06-17 15:25:00-04:00,5.900000095367432,5.900000095367432,5.900000095367432,5.900000095367432,2666,0.0,0.0
2024-06-17 15:30:00-04:00,5.90500020980835,5.90500020980835,5.885000228881836,5.900100231170654,13273,0.0,0.0
2024-06-17 15:35:00-04:00,5.900000095367432,5.900000095367432,5.889999866485596,5.894999980926514,2216,0.0,0.0
2024-06-17 15:40:00-04:00,5.894999980926514,6.03000020980835,5.894999980926514,6.025000095367432,130465,0.0,0.0
2024-06-17 15:45:00-04:00,6.014999866485596,6.014999866485596,6.005000114440918,6.014999866485596,26030,0.0,0.0
2024-06-17 15:50:00-04:00,6.014999866485596,6.059999942779541,6.014999866485596,6.054999828338623,123367,0.0,0.0
2024-06-17 15:55:00-04:00,6.054999828338623,6.054999828338623,5.980000019073486,5.989999771118164,289679,0.0,0.0
2024-06-18 09:30:00-04:00,6.010000228881836,6.039999961853027,6.010000228881836,6.039999961853027,3287,0.0,0.0
2024-06-18 09:35:00-04:00,6.039999961853027,6.159999847412109,6.039999961853027,6.159999847412109,9466,0.0,0.0
2024-06-18 09:40:00-04:00,6.159999847412109,6.170000076293945,6.139999866485596,6.170000076293945,2555,0.0,0.0
2024-06-18 09:45:00-04:00,6.170000076293945,6.199999809265137,6.170000076293945,6.170000076293945,4709,0.0,0.0
2024-06-18 09:50:00-04:00,6.179999828338623,6.179999828338623,6.139999866485596,6.139999866485596,2441,0.0,0.0
2024-06-18 09:55:00-04:00,6.139999866485596,6.139999866485596,6.110000133514404,6.110000133514404,3023,0.0,0.0
2024-06-18 10:00:00-04:00,6.130000114440918,6.144999980926514,6.130000114440918,6.144999980926514,1327,0.0,0.0
2024-06-18 10:05:00-04:00,6.150000095367432,6.179999828338623,6.150000095367432,6.170000076293945,11841,0.0,0.0
2024-06-18 10:10:00-04:00,6.159999847412109,6.164999961853027,6.135000228881836,6.135000228881836,3733,0.0,0.0
2024-06-18 10:15:00-04:00,6.130000114440918,6.139999866485596,6.130000114440918,6.130000114440918,4342,0.0,0.0
2024-06-18 10:20:00-04:00,6.139999866485596,6.139999866485596,6.130000114440918,6.130000114440918,1170,0.0,0.0
2024-06-18 10:25:00-04:00,6.119999885559082,6.135000228881836,6.119999885559082,6.135000228881836,1178,0.0,0.0
2024-06-18 10:30:00-04:00,6.130000114440918,6.139999866485596,6.130000114440918,6.130000114440918,5867,0.0,0.0
2024-06-18 10:35:00-04:00,6.130000114440918,6.139999866485596,6.110000133514404,6.110000133514404,6312,0.0,0.0
2024-06-18 10:40:00-04:00,6.090000152587891,6.110000133514404,6.085000038146973,6.110000133514404,4531,0.0,0.0
2024-06-18 10:45:00-04:00,6.106299877166748,6.125,6.106299877166748,6.119999885559082,4579,0.0,0.0
2024-06-18 10:50:00-04:00,6.119999885559082,6.119999885559082,6.09499979019165,6.09499979019165,3849,0.0,0.0
2024-06-18 10:55:00-04:00,6.09499979019165,6.099999904632568,6.094299793243408,6.09499979019165,2066,0.0,0.0
2024-06-18 11:00:00-04:00,6.090000152587891,6.090000152587891,6.085000038146973,6.085000038146973,1598,0.0,0.0
2024-06-18 11:05:00-04:00,6.085000038146973,6.085000038146973,6.059999942779541,6.070000171661377,10668,0.0,0.0
2024-06-18 11:10:00-04:00,6.079999923706055,6.090000152587891,6.079999923706055,6.090000152587891,1842,0.0,0.0
2024-06-18 11:15:00-04:00,6.090000152587891,6.090000152587891,6.090000152587891,6.090000152587891,2283,0.0,0.0
2024-06-18 11:20:00-04:00,6.09499979019165,6.09499979019165,6.09499979019165,6.09499979019165,2349,0.0,0.0
2024-06-18 11:25:00-04:00,6.099999904632568,6.105000019073486,6.074999809265137,6.074999809265137,4759,0.0,0.0
2024-06-18 11:30:00-04:00,6.074999809265137,6.074999809265137,6.054999828338623,6.054999828338623,2203,0.0,0.0
2024-06-18 11:35:00-04:00,6.050000190734863,6.050000190734863,6.039999961853027,6.039999961853027,838,0.0,0.0
2024-06-18 11:40:00-04:00,6.050000190734863,6.054999828338623,6.050000190734863,6.054999828338623,1541,0.0,0.0
2024-06-18 11:45:00-04:00,6.054999828338623,6.054999828338623,6.054999828338623,6.054999828338623,480,0.0,0.0
2024-06-18 11:55:00-04:00,6.050000190734863,6.050000190734863,6.039999961853027,6.039999961853027,4956,0.0,0.0
2024-06-18 12:00:00-04:00,6.039999961853027,6.039999961853027,6.039899826049805,6.039999961853027,5802,0.0,0.0
2024-06-18 12:05:00-04:00,6.044000148773193,6.044000148773193,6.044000148773193,6.044000148773193,424,0.0,0.0
2024-06-18 12:10:00-04:00,6.042699813842773,6.045000076293945,6.039999961853027,6.039999961853027,2866,0.0,0.0
2024-06-18 12:15:00-04:00,6.039999961853027,6.059999942779541,6.039999961853027,6.059999942779541,4981,0.0,0.0
2024-06-18 12:20:00-04:00,6.059999942779541,6.070000171661377,6.050099849700928,6.050099849700928,4334,0.0,0.0
2024-06-18 12:25:00-04:00,6.050000190734863,6.050000190734863,6.034999847412109,6.034999847412109,4016,0.0,0.0
2024-06-18 12:30:00-04:00,6.039999961853027,6.039999961853027,6.034999847412109,6.034999847412109,2425,0.0,0.0
2024-06-18 12:35:00-04:00,6.03000020980835,6.03000020980835,6.019999980926514,6.029900074005127,2185,0.0,0.0
2024-06-18 12:40:00-04:00,6.029900074005127,6.03000020980835,6.029900074005127,6.03000020980835,2954,0.0,0.0
2024-06-18 12:45:00-04:00,6.025000095367432,6.025000095367432,6.010000228881836,6.010000228881836,3310,0.0,0.0
2024-06-18 12:50:00-04:00,6.014999866485596,6.014999866485596,6.014999866485596,6.014999866485596,432,0.0,0.0
2024-06-18 12:55:00-04:00,6.019899845123291,6.019899845123291,6.0,6.0,4420,0.0,0.0
2024-06-18 13:00:00-04:00,5.994999885559082,5.994999885559082,5.991199970245361,5.991199970245361,938,0.0,0.0
2024-06-18 13:05:00-04:00,5.989999771118164,5.989999771118164,5.980000019073486,5.989999771118164,5094,0.0,0.0
2024-06-18 13:15:00-04:00,6.0,6.005000114440918,6.0,6.005000114440918,2312,0.0,0.0
2024-06-18 13:20:00-04:00,6.005000114440918,6.005000114440918,6.005000114440918,6.005000114440918,329,0.0,0.0
2024-06-18 13:25:00-04:00,6.005000114440918,6.005000114440918,5.994999885559082,5.994999885559082,5050,0.0,0.0
2024-06-18 13:40:00-04:00,5.994999885559082,5.994999885559082,5.994999885559082,5.994999885559082,176,0.0,0.0
2024-06-18 13:45:00-04:00,5.994999885559082,6.005000114440918,5.994999885559082,6.005000114440918,4423,0.0,0.0
2024-06-18 13:50:00-04:00,6.005000114440918,6.005000114440918,6.0,6.005000114440918,581,0.0,0.0
2024-06-18 13:55:00-04:00,6.002999782562256,6.010000228881836,6.002999782562256,6.005000114440918,3185,0.0,0.0
2024-06-18 14:00:00-04:00,6.0,6.0,5.980000019073486,5.980000019073486,6476,0.0,0.0
2024-06-18 14:05:00-04:00,5.985000133514404,5.985000133514404,5.985000133514404,5.985000133514404,702,0.0,0.0
2024-06-18 14:10:00-04:00,5.985000133514404,5.994999885559082,5.985000133514404,5.989999771118164,5837,0.0,0.0
2024-06-18 14:15:00-04:00,5.985000133514404,5.985000133514404,5.96999979019165,5.974100112915039,4027,0.0,0.0
2024-06-18 14:20:00-04:00,5.970300197601318,5.985000133514404,5.96999979019165,5.96999979019165,6620,0.0,0.0
2024-06-18 14:25:00-04:00,5.980000019073486,5.980000019073486,5.980000019073486,5.980000019073486,1161,0.0,0.0
2024-06-18 14:30:00-04:00,5.985000133514404,5.985000133514404,5.980100154876709,5.985000133514404,2121,0.0,0.0
2024-06-18 14:35:00-04:00,5.985000133514404,5.985000133514404,5.974999904632568,5.974999904632568,3988,0.0,0.0
2024-06-18 14:40:00-04:00,5.96999979019165,5.96999979019165,5.965000152587891,5.965000152587891,2503,0.0,0.0
2024-06-18 14:45:00-04:00,5.965000152587891,5.965000152587891,5.965000152587891,5.965000152587891,483,0.0,0.0
2024-06-18 14:50:00-04:00,5.960000038146973,5.965000152587891,5.950099945068359,5.95989990234375,4554,0.0,0.0
2024-06-18 15:00:00-04:00,5.954999923706055,5.954999923706055,5.945000171661377,5.945000171661377,5422,0.0,0.0
2024-06-18 15:05:00-04:00,5.9471001625061035,5.9471001625061035,5.9471001625061035,5.9471001625061035,1251,0.0,0.0
2024-06-18 15:10:00-04:00,5.940000057220459,5.945000171661377,5.925000190734863,5.929999828338623,6789,0.0,0.0
2024-06-18 15:15:00-04:00,5.939899921417236,5.939899921417236,5.934999942779541,5.934999942779541,733,0.0,0.0
2024-06-18 15:20:00-04:00,5.930099964141846,5.930099964141846,5.914999961853027,5.920000076293945,14901,0.0,0.0
2024-06-18 15:25:00-04:00,5.925000190734863,5.925000190734863,5.925000190734863,5.925000190734863,380,0.0,0.0
2024-06-18 15:30:00-04:00,5.920000076293945,5.925000190734863,5.914999961853027,5.914999961853027,8823,0.0,0.0
2024-06-18 15:35:00-04:00,5.909999847412109,5.920000076293945,5.90500020980835,5.914999961853027,45448,0.0,0.0
2024-06-18 15:40:00-04:00,5.909999847412109,5.974999904632568,5.90500020980835,5.949999809265137,124004,0.0,0.0
2024-06-18 15:45:00-04:00,5.954999923706055,6.025000095367432,5.954999923706055,6.005000114440918,63317,0.0,0.0
2024-06-18 15:50:00-04:00,6.0,6.059999942779541,5.994999885559082,6.019999980926514,62580,0.0,0.0
2024-06-18 15:55:00-04:00,6.010000228881836,6.03000020980835,5.994999885559082,6.010000228881836,91081,0.0,0.0
2024-06-20 09:30:00-04:00,6.0,6.050000190734863,5.949999809265137,6.050000190734863,6803,0.0,0.0
2024-06-20 09:35:00-04:00,6.045000076293945,6.059999942779541,6.045000076293945,6.059999942779541,670,0.0,0.0
2024-06-20 09:40:00-04:00,6.030099868774414,6.079999923706055,6.03000020980835,6.079999923706055,7516,0.0,0.0
2024-06-20 09:45:00-04:00,6.079999923706055,6.09119987487793,6.074999809265137,6.09119987487793,3068,0.0,0.0
2024-06-20 09:50:00-04:00,6.110000133514404,6.110000133514404,6.059999942779541,6.059999942779541,4066,0.0,0.0
2024-06-20 09:55:00-04:00,6.059999942779541,6.059999942779541,6.050000190734863,6.050000190734863,2414,0.0,0.0
2024-06-20 10:00:00-04:00,6.054999828338623,6.054999828338623,6.050000190734863,6.050000190734863,361,0.0,0.0
2024-06-20 10:05:00-04:00,6.059999942779541,6.065000057220459,6.045000076293945,6.059999942779541,5255,0.0,0.0
2024-06-20 10:10:00-04:00,6.050000190734863,6.059999942779541,6.03000020980835,6.03000020980835,4033,0.0,0.0
2024-06-20 10:15:00-04:00,6.03000020980835,6.034999847412109,6.03000020980835,6.03000020980835,1658,0.0,0.0
2024-06-20 10:20:00-04:00,6.034999847412109,6.045000076293945,6.031000137329102,6.045000076293945,3164,0.0,0.0
2024-06-20 10:25:00-04:00,6.045000076293945,6.050099849700928,6.025000095367432,6.025000095367432,4042,0.0,0.0
2024-06-20 10:30:00-04:00,6.019999980926514,6.02400016784668,5.989999771118164,5.989999771118164,3594,0.0,0.0
2024-06-20 10:35:00-04:00,5.989999771118164,5.994999885559082,5.989999771118164,5.994999885559082,1907,0.0,0.0
2024-06-20 10:40:00-04:00,5.994999885559082,6.0,5.980000019073486,6.0,5537,0.0,0.0
2024-06-20 10:45:00-04:00,6.001200199127197,6.001200199127197,6.0,6.0,2972,0.0,0.0
2024-06-20 10:50:00-04:00,5.980000019073486,5.980000019073486,5.980000019073486,5.980000019073486,1795,0.0,0.0
2024-06-20 10:55:00-04:00,5.980000019073486,5.980000019073486,5.965000152587891,5.965000152587891,2171,0.0,0.0
2024-06-20 11:00:00-04:00,5.969900131225586,5.96999979019165,5.965000152587891,5.96999979019165,2774,0.0,0.0
2024-06-20 11:05:00-04:00,5.96999979019165,5.96999979019165,5.96999979019165,5.96999979019165,3207,0.0,0.0
2024-06-20 11:10:00-04:00,5.96999979019165,5.96999979019165,5.954999923706055,5.954999923706055,2262,0.0,0.0
2024-06-20 11:15:00-04:00,5.954999923706055,5.954999923706055,5.939000129699707,5.939000129699707,2751,0.0,0.0
2024-06-20 11:20:00-04:00,5.929999828338623,5.929999828338623,5.909900188446045,5.909900188446045,3095,0.0,0.0
2024-06-20 11:25:00-04:00,5.909299850463867,5.914999961853027,5.90500020980835,5.914999961853027,2089,0.0,0.0
2024-06-20 11:30:00-04:00,5.9191999435424805,5.9191999435424805,5.914100170135498,5.914999961853027,1170,0.0,0.0
2024-06-20 11:35:00-04:00,5.914999961853027,5.945000171661377,5.914999961853027,5.940000057220459,11008,0.0,0.0
2024-06-20 11:40:00-04:00,5.940000057220459,5.940000057220459,5.940000057220459,5.940000057220459,2193,0.0,0.0
2024-06-20 11:45:00-04:00,5.929999828338623,5.929999828338623,5.920000076293945,5.920000076293945,941,0.0,0.0
2024-06-20 11:50:00-04:00,5.909999847412109,5.914999961853027,5.889999866485596,5.894999980926514,4944,0.0,0.0
2024-06-20 11:55:00-04:00,5.894999980926514,5.894999980926514,5.880000114440918,5.880000114440918,2871,0.0,0.0
2024-06-20 12:00:00-04:00,5.86899995803833,5.881999969482422,5.86899995803833,5.880000114440918,5994,0.0,0.0
2024-06-20 12:05:00-04:00,5.883999824523926,5.883999824523926,5.883999824523926,5.883999824523926,1576,0.0,0.0
2024-06-20 12:10:00-04:00,5.880000114440918,5.885000228881836,5.880000114440918,5.880000114440918,1751,0.0,0.0
2024-06-20 12:15:00-04:00,5.885000228881836,5.914999961853027,5.885000228881836,5.914999961853027,7688,0.0,0.0
2024-06-20 12:20:00-04:00,5.920000076293945,5.920000076293945,5.900000095367432,5.909999847412109,4436,0.0,0.0
2024-06-20 12:25:00-04:00,5.909999847412109,5.909999847412109,5.900000095367432,5.900000095367432,1093,0.0,0.0
2024-06-20 12:30:00-04:00,5.889999866485596,5.889999866485596,5.885000228881836,5.889699935913086,541,0.0,0.0
2024-06-20 12:35:00-04:00,5.889999866485596,5.889999866485596,5.885000228881836,5.885000228881836,3627,0.0,0.0
2024-06-20 12:40:00-04:00,5.889999866485596,5.894999980926514,5.889999866485596,5.894999980926514,918,0.0,0.0
2024-06-20 12:45:00-04:00,5.889999866485596,5.889999866485596,5.885000228881836,5.885000228881836,6679,0.0,0.0
2024-06-20 12:50:00-04:00,5.885000228881836,5.885000228881836,5.885000228881836,5.885000228881836,343,0.0,0.0
2024-06-20 12:55:00-04:00,5.885000228881836,5.885000228881836,5.880000114440918,5.880000114440918,318,0.0,0.0
2024-06-20 13:00:00-04:00,5.880000114440918,5.880000114440918,5.864999771118164,5.879899978637695,5384,0.0,0.0
2024-06-20 13:05:00-04:00,5.875,5.875,5.875,5.875,157,0.0,0.0
2024-06-20 13:10:00-04:00,5.875,5.875,5.869999885559082,5.869999885559082,494,0.0,0.0
2024-06-20 13:15:00-04:00,5.869999885559082,5.869999885559082,5.84499979019165,5.855000019073486,7654,0.0,0.0
2024-06-20 13:20:00-04:00,5.849999904632568,5.929999828338623,5.849999904632568,5.925000190734863,29411,0.0,0.0
2024-06-20 13:25:00-04:00,5.925000190734863,5.949999809265137,5.925000190734863,5.940000057220459,9543,0.0,0.0
2024-06-20 13:30:00-04:00,5.949999809265137,5.96999979019165,5.949999809265137,5.960000038146973,7147,0.0,0.0
2024-06-20 13:35:00-04:00,5.960000038146973,5.960000038146973,5.960000038146973,5.960000038146973,7834,0.0,0.0
2024-06-20 13:40:00-04:00,5.96999979019165,5.985000133514404,5.96999979019165,5.974999904632568,3866,0.0,0.0
2024-06-20 13:45:00-04:00,5.96999979019165,5.96999979019165,5.965000152587891,5.965000152587891,1184,0.0,0.0
2024-06-20 13:50:00-04:00,5.965000152587891,5.96999979019165,5.965000152587891,5.96999979019165,2510,0.0,0.0
2024-06-20 13:55:00-04:00,5.974999904632568,5.989999771118164,5.974999904632568,5.989999771118164,2413,0.0,0.0
2024-06-20 14:00:00-04:00,5.994999885559082,6.010000228881836,5.994999885559082,6.0,6379,0.0,0.0
2024-06-20 14:05:00-04:00,6.005000114440918,6.005000114440918,6.005000114440918,6.005000114440918,652,0.0,0.0
2024-06-20 14:10:00-04:00,6.005000114440918,6.005000114440918,6.005000114440918,6.005000114440918,1023,0.0,0.0
2024-06-20 14:15:00-04:00,6.005000114440918,6.005000114440918,6.005000114440918,6.005000114440918,303,0.0,0.0
2024-06-20 14:20:00-04:00,6.005000114440918,6.005000114440918,6.005000114440918,6.005000114440918,469,0.0,0.0
2024-06-20 14:25:00-04:00,6.005000114440918,6.005000114440918,6.005000114440918,6.005000114440918,410,0.0,0.0
2024-06-20 14:30:00-04:00,6.005000114440918,6.005000114440918,6.005000114440918,6.005000114440918,125,0.0,0.0
2024-06-20 14:35:00-04:00,6.0,6.005000114440918,5.96999979019165,5.984000205993652,21826,0.0,0.0
2024-06-20 14:40:00-04:00,5.985000133514404,5.985000133514404,5.985000133514404,5.985000133514404,271,0.0,0.0
2024-06-20 14:45:00-04:00,5.985000133514404,5.985000133514404,5.985000133514404,5.985000133514404,394,0.0,0.0
2024-06-20 14:50:00-04:00,5.980000019073486,5.980000019073486,5.980000019073486,5.980000019073486,625,0.0,0.0
2024-06-20 14:55:00-04:00,5.985000133514404,5.985000133514404,5.954999923706055,5.954999923706055,8786,0.0,0.0
2024-06-20 15:00:00-04:00,5.960000038146973,5.96999979019165,5.949999809265137,5.949999809265137,4945,0.0,0.0
2024-06-20 15:05:00-04:00,5.949999809265137,5.949999809265137,5.940000057220459,5.940000057220459,5734,0.0,0.0
2024-06-20 15:10:00-04:00,5.925000190734863,5.925000190734863,5.920000076293945,5.920000076293945,345,0.0,0.0
2024-06-20 15:15:00-04:00,5.920000076293945,5.920000076293945,5.894999980926514,5.894999980926514,3802,0.0,0.0
2024-06-20 15:20:00-04:00,5.900000095367432,5.900000095367432,5.880000114440918,5.880000114440918,1439,0.0,0.0
2024-06-20 15:25:00-04:00,5.880000114440918,5.880000114440918,5.864999771118164,5.869999885559082,4900,0.0,0.0
2024-06-20 15:30:00-04:00,5.860000133514404,5.860000133514404,5.860000133514404,5.860000133514404,915,0.0,0.0
2024-06-20 15:35:00-04:00,5.849999904632568,5.864999771118164,5.849999904632568,5.864999771118164,4450,0.0,0.0
2024-06-20 15:40:00-04:00,5.860000133514404,5.869999885559082,5.840000152587891,5.840000152587891,11078,0.0,0.0
2024-06-20 15:45:00-04:00,5.84499979019165,5.849999904632568,5.800000190734863,5.800000190734863,12527,0.0,0.0
2024-06-20 15:50:00-04:00,5.795000076293945,5.920000076293945,5.795000076293945,5.920000076293945,86533,0.0,0.0
2024-06-20 15:55:00-04:00,5.894999980926514,5.949999809265137,5.894999980926514,5.927999973297119,79019,0.0,0.0
2024-06-21 09:30:00-04:00,5.960000038146973,5.960000038146973,5.880000114440918,5.909999847412109,53071,0.0,0.0
2024-06-21 09:35:00-04:00,5.909999847412109,5.920000076293945,5.90500020980835,5.920000076293945,1744,0.0,0.0
2024-06-21 09:40:00-04:00,5.940000057220459,5.940000057220459,5.940000057220459,5.940000057220459,1289,0.0,0.0
2024-06-21 09:45:00-04:00,5.929999828338623,5.940000057220459,5.929999828338623,5.940000057220459,1014,0.0,0.0
2024-06-21 09:50:00-04:00,5.940000057220459,5.949999809265137,5.940000057220459,5.949999809265137,1083,0.0,0.0
2024-06-21 09:55:00-04:00,5.929999828338623,5.954999923706055,5.929999828338623,5.954999923706055,1773,0.0,0.0
2024-06-21 10:00:00-04:00,5.949999809265137,5.954999923706055,5.929999828338623,5.929999828338623,4162,0.0,0.0
2024-06-21 10:05:00-04:00,5.918300151824951,5.940000057220459,5.918300151824951,5.940000057220459,2372,0.0,0.0
2024-06-21 10:10:00-04:00,5.949999809265137,5.949999809265137,5.934999942779541,5.934999942779541,3187,0.0,0.0
2024-06-21 10:15:00-04:00,5.909999847412109,5.909999847412109,5.885000228881836,5.885000228881836,4731,0.0,0.0
2024-06-21 10:20:00-04:00,5.889999866485596,5.899899959564209,5.889999866485596,5.894999980926514,1004,0.0,0.0
2024-06-21 10:25:00-04:00,5.900000095367432,5.909999847412109,5.900000095367432,5.900000095367432,1864,0.0,0.0
2024-06-21 10:30:00-04:00,5.90500020980835,5.934000015258789,5.90500020980835,5.929999828338623,4087,0.0,0.0
2024-06-21 10:35:00-04:00,5.929999828338623,5.929999828338623,5.920000076293945,5.920000076293945,2341,0.0,0.0
2024-06-21 10:40:00-04:00,5.909999847412109,5.914999961853027,5.909999847412109,5.909999847412109,1475,0.0,0.0
2024-06-21 10:45:00-04:00,5.900000095367432,5.90500020980835,5.900000095367432,5.903299808502197,2447,0.0,0.0
2024-06-21 10:50:00-04:00,5.900000095367432,5.900000095367432,5.880000114440918,5.889999866485596,2251,0.0,0.0
2024-06-21 10:55:00-04:00,5.880000114440918,5.880000114440918,5.869999885559082,5.869999885559082,1555,0.0,0.0
2024-06-21 11:00:00-04:00,5.860000133514404,5.86899995803833,5.860000133514404,5.86899995803833,1648,0.0,0.0
2024-06-21 11:05:00-04:00,5.860000133514404,5.860000133514404,5.843400001525879,5.843400001525879,2131,0.0,0.0
2024-06-21 11:10:00-04:00,5.84499979019165,5.84499979019165,5.829999923706055,5.829999923706055,2044,0.0,0.0
2024-06-21 11:15:00-04:00,5.835000038146973,5.835000038146973,5.835000038146973,5.835000038146973,213,0.0,0.0
2024-06-21 11:20:00-04:00,5.829999923706055,5.829999923706055,5.820000171661377,5.824999809265137,1274,0.0,0.0
2024-06-21 11:25:00-04:00,5.820000171661377,5.820000171661377,5.800000190734863,5.815000057220459,5776,0.0,0.0
2024-06-21 11:30:00-04:00,5.815000057220459,5.815000057220459,5.800000190734863,5.804999828338623,1828,0.0,0.0
2024-06-21 11:35:00-04:00,5.804999828338623,5.804999828338623,5.804999828338623,5.804999828338623,134,0.0,0.0
2024-06-21 11:40:00-04:00,5.800000190734863,5.800000190734863,5.800000190734863,5.800000190734863,1780,0.0,0.0
2024-06-21 11:45:00-04:00,5.784999847412109,5.800000190734863,5.784999847412109,5.800000190734863,3124,0.0,0.0
2024-06-21 11:50:00-04:00,5.804999828338623,5.804999828338623,5.804999828338623,5.804999828338623,113,0.0,0.0
2024-06-21 11:55:00-04:00,5.800000190734863,5.804999828338623,5.800000190734863,5.804999828338623,697,0.0,0.0
2024-06-21 12:00:00-04:00,5.804999828338623,5.804999828338623,5.800000190734863,5.800000190734863,348,0.0,0.0
2024-06-21 12:05:00-04:00,5.800000190734863,5.800000190734863,5.789999961853027,5.794000148773193,4564,0.0,0.0
2024-06-21 12:10:00-04:00,5.78000020980835,5.78000020980835,5.78000020980835,5.78000020980835,1799,0.0,0.0
2024-06-21 12:20:00-04:00,5.78000020980835,5.789999961853027,5.78000020980835,5.789999961853027,3099,0.0,0.0
2024-06-21 12:25:00-04:00,5.789000034332275,5.789999961853027,5.789000034332275,5.789999961853027,1666,0.0,0.0
2024-06-21 12:30:00-04:00,5.784999847412109,5.789999961853027,5.784999847412109,5.789999961853027,471,0.0,0.0
2024-06-21 12:35:00-04:00,5.784999847412109,5.784999847412109,5.783999919891357,5.783999919891357,1074,0.0,0.0
2024-06-21 12:40:00-04:00,5.789999961853027,5.789999961853027,5.789999961853027,5.789999961853027,1408,0.0,0.0
2024-06-21 12:45:00-04:00,5.795000076293945,5.795000076293945,5.789999961853027,5.789999961853027,996,0.0,0.0
2024-06-21 12:50:00-04:00,5.784999847412109,5.789999961853027,5.784999847412109,5.789999961853027,1126,0.0,0.0
2024-06-21 12:55:00-04:00,5.795000076293945,5.795000076293945,5.79010009765625,5.794000148773193,1733,0.0,0.0
2024-06-21 13:00:00-04:00,5.795000076293945,5.795000076293945,5.789999961853027,5.795000076293945,656,0.0,0.0
2024-06-21 13:05:00-04:00,5.800000190734863,5.804999828338623,5.789999961853027,5.789999961853027,5835,0.0,0.0
2024-06-21 13:10:00-04:00,5.775000095367432,5.775000095367432,5.77400016784668,5.77400016784668,632,0.0,0.0
2024-06-21 13:15:00-04:00,5.775000095367432,5.775000095367432,5.769999980926514,5.769999980926514,2495,0.0,0.0
2024-06-21 13:20:00-04:00,5.75,5.769999980926514,5.739999771118164,5.769999980926514,15676,0.0,0.0
2024-06-21 13:25:00-04:00,5.760000228881836,5.760000228881836,5.739999771118164,5.739999771118164,2682,0.0,0.0
2024-06-21 13:30:00-04:00,5.739999771118164,5.744999885559082,5.739999771118164,5.744999885559082,8115,0.0,0.0
2024-06-21 13:35:00-04:00,5.744999885559082,5.75,5.744999885559082,5.744999885559082,5563,0.0,0.0
2024-06-21 13:40:00-04:00,5.744999885559082,5.749899864196777,5.739999771118164,5.744999885559082,1836,0.0,0.0
2024-06-21 13:45:00-04:00,5.744999885559082,5.75,5.744999885559082,5.75,2229,0.0,0.0
2024-06-21 13:50:00-04:00,5.755000114440918,5.760000228881836,5.755000114440918,5.760000228881836,1319,0.0,0.0
2024-06-21 13:55:00-04:00,5.764500141143799,5.78000020980835,5.764500141143799,5.775000095367432,1825,0.0,0.0
2024-06-21 14:00:00-04:00,5.775000095367432,5.78000020980835,5.769999980926514,5.769999980926514,933,0.0,0.0
2024-06-21 14:05:00-04:00,5.769999980926514,5.769999980926514,5.750100135803223,5.760000228881836,1521,0.0,0.0
2024-06-21 14:10:00-04:00,5.764999866485596,5.769999980926514,5.764999866485596,5.769999980926514,510,0.0,0.0
2024-06-21 14:15:00-04:00,5.764999866485596,5.764999866485596,5.75,5.75,2271,0.0,0.0
2024-06-21 14:20:00-04:00,5.75,5.75,5.75,5.75,300,0.0,0.0
2024-06-21 14:25:00-04:00,5.755000114440918,5.760000228881836,5.755000114440918,5.760000228881836,482,0.0,0.0
2024-06-21 14:30:00-04:00,5.75,5.75,5.735000133514404,5.735000133514404,2092,0.0,0.0
2024-06-21 14:35:00-04:00,5.730000019073486,5.789999961853027,5.730000019073486,5.769999980926514,30562,0.0,0.0
2024-06-21 14:40:00-04:00,5.775000095367432,5.809999942779541,5.769999980926514,5.809999942779541,3889,0.0,0.0
2024-06-21 14:45:00-04:00,5.801700115203857,5.849999904632568,5.801700115203857,5.849999904632568,6120,0.0,0.0
2024-06-21 14:50:00-04:00,5.849999904632568,5.869999885559082,5.849999904632568,5.869999885559082,3824,0.0,0.0
2024-06-21 14:55:00-04:00,5.864999771118164,5.864999771118164,5.864999771118164,5.864999771118164,1333,0.0,0.0
2024-06-21 15:00:00-04:00,5.864999771118164,5.864999771118164,5.860199928283691,5.860199928283691,1907,0.0,0.0
2024-06-21 15:05:00-04:00,5.864999771118164,5.864999771118164,5.84499979019165,5.849999904632568,4091,0.0,0.0
2024-06-21 15:10:00-04:00,5.855000019073486,5.855000019073486,5.849999904632568,5.849999904632568,6824,0.0,0.0
2024-06-21 15:15:00-04:00,5.840000152587891,5.869999885559082,5.840000152587891,5.869999885559082,5375,0.0,0.0
2024-06-21 15:20:00-04:00,5.873199939727783,5.894999980926514,5.869999885559082,5.875,8011,0.0,0.0
2024-06-21 15:25:00-04:00,5.880000114440918,5.894999980926514,5.880000114440918,5.894999980926514,9506,0.0,0.0
2024-06-21 15:30:00-04:00,5.889999866485596,5.889999866485596,5.855000019073486,5.875,9273,0.0,0.0
2024-06-21 15:35:00-04:00,5.875,5.880000114440918,5.840000152587891,5.840000152587891,9216,0.0,0.0
2024-06-21 15:40:00-04:00,5.835000038146973,5.835000038146973,5.820000171661377,5.820000171661377,6508,0.0,0.0
2024-06-21 15:45:00-04:00,5.815000057220459,5.815000057220459,5.789999961853027,5.815000057220459,23094,0.0,0.0
2024-06-21 15:50:00-04:00,5.809999942779541,5.849999904632568,5.804999828338623,5.849999904632568,30652,0.0,0.0
2024-06-21 15:55:00-04:00,5.84499979019165,5.864999771118164,5.835000038146973,5.849999904632568,47550,0.0,0.0
2024-06-24 09:30:00-04:00,5.840000152587891,5.840000152587891,5.769999980926514,5.769999980926514,5393,0.0,0.0
2024-06-24 09:35:00-04:00,5.769999980926514,5.769999980926514,5.739999771118164,5.739999771118164,1456,0.0,0.0
2024-06-24 09:40:00-04:00,5.730000019073486,5.75,5.730000019073486,5.75,405,0.0,0.0
2024-06-24 09:45:00-04:00,5.760000228881836,5.760000228881836,5.730000019073486,5.75,4102,0.0,0.0
2024-06-24 09:50:00-04:00,5.75,5.75,5.739999771118164,5.739999771118164,858,0.0,0.0
2024-06-24 09:55:00-04:00,5.735000133514404,5.739999771118164,5.710000038146973,5.710000038146973,3679,0.0,0.0
2024-06-24 10:00:00-04:00,5.710000038146973,5.71999979019165,5.679999828338623,5.679999828338623,11384,0.0,0.0
2024-06-24 10:05:00-04:00,5.675000190734863,5.684999942779541,5.659999847412109,5.684999942779541,12668,0.0,0.0
2024-06-24 10:10:00-04:00,5.695000171661377,5.71999979019165,5.695000171661377,5.71999979019165,1534,0.0,0.0
2024-06-24 10:15:00-04:00,5.724999904632568,5.739999771118164,5.71999979019165,5.71999979019165,4625,0.0,0.0
2024-06-24 10:20:00-04:00,5.71999979019165,5.71999979019165,5.684999942779541,5.690000057220459,7852,0.0,0.0
2024-06-24 10:25:00-04:00,5.710000038146973,5.710000038146973,5.699999809265137,5.699999809265137,2040,0.0,0.0
2024-06-24 10:30:00-04:00,5.699999809265137,5.699999809265137,5.693999767303467,5.693999767303467,2653,0.0,0.0
2024-06-24 10:35:00-04:00,5.709400177001953,5.709400177001953,5.695000171661377,5.695000171661377,1973,0.0,0.0
2024-06-24 10:40:00-04:00,5.699999809265137,5.724999904632568,5.699999809265137,5.724999904632568,1539,0.0,0.0
2024-06-24 10:45:00-04:00,5.730000019073486,5.730000019073486,5.71999979019165,5.730000019073486,4205,0.0,0.0
2024-06-24 10:50:00-04:00,5.724999904632568,5.730000019073486,5.724999904632568,5.730000019073486,499,0.0,0.0
2024-06-24 10:55:00-04:00,5.735000133514404,5.809999942779541,5.734300136566162,5.809999942779541,22846,0.0,0.0
2024-06-24 11:00:00-04:00,5.815000057220459,5.860000133514404,5.815000057220459,5.855000019073486,14520,0.0,0.0
2024-06-24 11:05:00-04:00,5.850800037384033,5.850800037384033,5.850800037384033,5.850800037384033,459,0.0,0.0
2024-06-24 11:10:00-04:00,5.860000133514404,5.90500020980835,5.860000133514404,5.895999908447266,6058,0.0,0.0
2024-06-24 11:15:00-04:00,5.900000095367432,5.909999847412109,5.900000095367432,5.909999847412109,4031,0.0,0.0
2024-06-24 11:20:00-04:00,5.909999847412109,5.925000190734863,5.885000228881836,5.889999866485596,17634,0.0,0.0
2024-06-24 11:25:00-04:00,5.880000114440918,5.880000114440918,5.864999771118164,5.869999885559082,2270,0.0,0.0
2024-06-24 11:30:00-04:00,5.860000133514404,5.880000114440918,5.855999946594238,5.855999946594238,3372,0.0,0.0
2024-06-24 11:35:00-04:00,5.855000019073486,5.855000019073486,5.854499816894531,5.855000019073486,728,0.0,0.0
2024-06-24 11:40:00-04:00,5.849999904632568,5.849999904632568,5.849999904632568,5.849999904632568,107,0.0,0.0
2024-06-24 11:45:00-04:00,5.849999904632568,5.849999904632568,5.835000038146973,5.835000038146973,1486,0.0,0.0
2024-06-24 11:50:00-04:00,5.829999923706055,5.829999923706055,5.829999923706055,5.829999923706055,560,0.0,0.0
2024-06-24 11:55:00-04:00,5.829999923706055,5.84499979019165,5.829999923706055,5.840000152587891,2198,0.0,0.0
2024-06-24 12:00:00-04:00,5.815000057220459,5.815000057220459,5.8125,5.8125,1709,0.0,0.0
2024-06-24 12:05:00-04:00,5.804999828338623,5.804999828338623,5.804999828338623,5.804999828338623,226,0.0,0.0
2024-06-24 12:10:00-04:00,5.809999942779541,5.809999942779541,5.77400016784668,5.77400016784668,15522,0.0,0.0
2024-06-24 12:15:00-04:00,5.775000095367432,5.775000095367432,5.775000095367432,5.775000095367432,234,0.0,0.0
2024-06-24 12:20:00-04:00,5.78000020980835,5.789999961853027,5.78000020980835,5.789999961853027,2782,0.0,0.0
2024-06-24 12:25:00-04:00,5.804999828338623,5.804999828338623,5.804999828338623,5.804999828338623,196,0.0,0.0
2024-06-24 12:30:00-04:00,5.800000190734863,5.800000190734863,5.784999847412109,5.784999847412109,3824,0.0,0.0
2024-06-24 12:40:00-04:00,5.775000095367432,5.775000095367432,5.755000114440918,5.757999897003174,1626,0.0,0.0
2024-06-24 12:50:00-04:00,5.760000228881836,5.760000228881836,5.739999771118164,5.739999771118164,9466,0.0,0.0
2024-06-24 12:55:00-04:00,5.744999885559082,5.744999885559082,5.739999771118164,5.744999885559082,2110,0.0,0.0
2024-06-24 13:00:00-04:00,5.75,5.75,5.75,5.75,548,0.0,0.0
2024-06-24 13:05:00-04:00,5.739999771118164,5.739999771118164,5.739999771118164,5.739999771118164,536,0.0,0.0
2024-06-24 13:10:00-04:00,5.730000019073486,5.730000019073486,5.710000038146973,5.710000038146973,1119,0.0,0.0
2024-06-24 13:15:00-04:00,5.715000152587891,5.715000152587891,5.715000152587891,5.715000152587891,425,0.0,0.0
2024-06-24 13:20:00-04:00,5.715000152587891,5.715000152587891,5.715000152587891,5.715000152587891,249,0.0,0.0
2024-06-24 13:25:00-04:00,5.710000038146973,5.715000152587891,5.704999923706055,5.710000038146973,2016,0.0,0.0
2024-06-24 13:30:00-04:00,5.714000225067139,5.714000225067139,5.710000038146973,5.710000038146973,2529,0.0,0.0
2024-06-24 13:35:00-04:00,5.704999923706055,5.715000152587891,5.704999923706055,5.715000152587891,1838,0.0,0.0
2024-06-24 13:40:00-04:00,5.715000152587891,5.739999771118164,5.715000152587891,5.71999979019165,15443,0.0,0.0
2024-06-24 13:55:00-04:00,5.710000038146973,5.710000038146973,5.710000038146973,5.710000038146973,2755,0.0,0.0
2024-06-24 14:00:00-04:00,5.710000038146973,5.71999979019165,5.710000038146973,5.712800025939941,4218,0.0,0.0
2024-06-24 14:05:00-04:00,5.715000152587891,5.715000152587891,5.715000152587891,5.715000152587891,681,0.0,0.0
2024-06-24 14:10:00-04:00,5.710000038146973,5.715000152587891,5.710000038146973,5.715000152587891,2455,0.0,0.0
2024-06-24 14:15:00-04:00,5.715000152587891,5.71999979019165,5.715000152587891,5.715000152587891,2463,0.0,0.0
2024-06-24 14:20:00-04:00,5.715000152587891,5.715000152587891,5.715000152587891,5.715000152587891,1020,0.0,0.0
2024-06-24 14:25:00-04:00,5.710000038146973,5.710000038146973,5.710000038146973,5.710000038146973,468,0.0,0.0
2024-06-24 14:30:00-04:00,5.71999979019165,5.75,5.71999979019165,5.75,4302,0.0,0.0
2024-06-24 14:35:00-04:00,5.75,5.755000114440918,5.739999771118164,5.75,5513,0.0,0.0
2024-06-24 14:40:00-04:00,5.744999885559082,5.755000114440918,5.744999885559082,5.755000114440918,2361,0.0,0.0
2024-06-24 14:45:00-04:00,5.755000114440918,5.764999866485596,5.755000114440918,5.764999866485596,1618,0.0,0.0
2024-06-24 14:50:00-04:00,5.769999980926514,5.769999980926514,5.769999980926514,5.769999980926514,1355,0.0,0.0
2024-06-24 14:55:00-04:00,5.78000020980835,5.869999885559082,5.78000020980835,5.829999923706055,56235,0.0,0.0
2024-06-24 15:00:00-04:00,5.824999809265137,5.829999923706055,5.824999809265137,5.829999923706055,904,0.0,0.0
2024-06-24 15:05:00-04:00,5.829999923706055,5.829999923706055,5.804999828338623,5.829999923706055,3959,0.0,0.0
2024-06-24 15:10:00-04:00,5.840000152587891,5.855000019073486,5.840000152587891,5.855000019073486,6983,0.0,0.0
2024-06-24 15:15:00-04:00,5.855000019073486,5.860000133514404,5.84499979019165,5.847099781036377,6701,0.0,0.0
2024-06-24 15:20:00-04:00,5.849999904632568,5.855000019073486,5.849999904632568,5.855000019073486,2312,0.0,0.0
2024-06-24 15:25:00-04:00,5.860000133514404,5.880000114440918,5.860000133514404,5.880000114440918,7865,0.0,0.0
2024-06-24 15:30:00-04:00,5.880000114440918,5.889999866485596,5.880000114440918,5.885000228881836,8534,0.0,0.0
2024-06-24 15:35:00-04:00,5.889999866485596,5.90500020980835,5.885000228881836,5.90500020980835,12727,0.0,0.0
2024-06-24 15:40:00-04:00,5.90500020980835,5.914999961853027,5.889999866485596,5.90500020980835,23051,0.0,0.0
2024-06-24 15:45:00-04:00,5.90500020980835,5.914999961853027,5.889999866485596,5.90500020980835,17556,0.0,0.0
2024-06-24 15:50:00-04:00,5.909999847412109,5.934999942779541,5.90500020980835,5.909999847412109,29660,0.0,0.0
2024-06-24 15:55:00-04:00,5.900000095367432,5.920000076293945,5.869999885559082,5.900000095367432,73466,0.0,0.0
2024-06-25 09:30:00-04:00,5.900000095367432,6.019999980926514,5.894999980926514,6.019999980926514,14283,0.0,0.0
2024-06-25 09:35:00-04:00,6.03000020980835,6.070000171661377,6.03000020980835,6.034999847412109,4017,0.0,0.0
2024-06-25 09:40:00-04:00,6.059999942779541,6.139999866485596,6.059999942779541,6.114999771118164,15121,0.0,0.0
2024-06-25 09:45:00-04:00,6.114999771118164,6.150000095367432,6.114999771118164,6.150000095367432,3128,0.0,0.0
2024-06-25 09:50:00-04:00,6.130000114440918,6.159999847412109,6.130000114440918,6.144999980926514,4762,0.0,0.0
2024-06-25 09:55:00-04:00,6.059999942779541,6.074999809265137,6.050000190734863,6.059999942779541,3787,0.0,0.0
2024-06-25 10:00:00-04:00,6.070000171661377,6.099999904632568,6.050000190734863,6.099999904632568,4310,0.0,0.0
2024-06-25 10:05:00-04:00,6.09499979019165,6.099999904632568,6.09499979019165,6.099999904632568,1151,0.0,0.0
2024-06-25 10:10:00-04:00,6.105000019073486,6.119999885559082,6.079999923706055,6.085000038146973,5359,0.0,0.0
2024-06-25 10:15:00-04:00,6.09499979019165,6.09499979019165,6.090000152587891,6.09499979019165,1943,0.0,0.0
2024-06-25 10:20:00-04:00,6.099999904632568,6.099999904632568,6.090000152587891,6.090000152587891,2093,0.0,0.0
2024-06-25 10:25:00-04:00,6.079999923706055,6.079999923706055,6.065000057220459,6.065000057220459,1362,0.0,0.0
2024-06-25 10:30:00-04:00,6.070000171661377,6.070000171661377,6.044000148773193,6.050000190734863,5694,0.0,0.0
2024-06-25 10:35:00-04:00,6.050000190734863,6.050000190734863,6.045000076293945,6.045000076293945,1269,0.0,0.0
2024-06-25 10:40:00-04:00,6.039999961853027,6.050000190734863,6.039999961853027,6.045000076293945,5724,0.0,0.0
2024-06-25 10:45:00-04:00,6.039999961853027,6.045000076293945,6.034999847412109,6.034999847412109,1812,0.0,0.0
2024-06-25 10:50:00-04:00,6.03000020980835,6.039999961853027,5.989999771118164,6.039999961853027,30874,0.0,0.0
2024-06-25 10:55:00-04:00,6.039999961853027,6.054999828338623,6.039999961853027,6.045000076293945,2538,0.0,0.0
2024-06-25 11:00:00-04:00,6.045000076293945,6.045000076293945,6.03000020980835,6.03000020980835,1832,0.0,0.0
2024-06-25 11:05:00-04:00,6.010000228881836,6.010000228881836,6.005000114440918,6.005000114440918,537,0.0,0.0
2024-06-25 11:10:00-04:00,6.010000228881836,6.010000228881836,6.010000228881836,6.010000228881836,612,0.0,0.0
2024-06-25 11:15:00-04:00,6.005000114440918,6.005000114440918,6.005000114440918,6.005000114440918,211,0.0,0.0
2024-06-25 11:20:00-04:00,6.005000114440918,6.005000114440918,6.0,6.005000114440918,2998,0.0,0.0
2024-06-25 11:25:00-04:00,6.005000114440918,6.005000114440918,6.005000114440918,6.005000114440918,451,0.0,0.0
2024-06-25 11:30:00-04:00,6.005000114440918,6.014999866485596,5.994999885559082,6.014999866485596,11590,0.0,0.0
2024-06-25 11:35:00-04:00,6.010000228881836,6.010000228881836,6.0,6.0,1883,0.0,0.0
2024-06-25 11:40:00-04:00,5.994999885559082,5.994999885559082,5.994999885559082,5.994999885559082,440,0.0,0.0
2024-06-25 11:45:00-04:00,5.994999885559082,6.010000228881836,5.994999885559082,6.0,2152,0.0,0.0
2024-06-25 11:50:00-04:00,6.0,6.0,6.0,6.0,850,0.0,0.0
2024-06-25 11:55:00-04:00,6.0,6.010000228881836,6.0,6.010000228881836,2189,0.0,0.0
2024-06-25 12:00:00-04:00,6.005000114440918,6.010000228881836,5.96999979019165,5.980000019073486,24715,0.0,0.0
2024-06-25 12:05:00-04:00,5.965000152587891,5.974999904632568,5.965000152587891,5.973999977111816,2594,0.0,0.0
2024-06-25 12:10:00-04:00,5.974999904632568,5.974999904632568,5.974999904632568,5.974999904632568,191,0.0,0.0
2024-06-25 12:15:00-04:00,5.96999979019165,5.96999979019165,5.965000152587891,5.965000152587891,484,0.0,0.0
2024-06-25 12:20:00-04:00,5.965000152587891,5.965000152587891,5.965000152587891,5.965000152587891,1079,0.0,0.0
2024-06-25 12:25:00-04:00,5.965000152587891,5.965000152587891,5.965000152587891,5.965000152587891,200,0.0,0.0
2024-06-25 12:30:00-04:00,5.960000038146973,5.974999904632568,5.954999923706055,5.96999979019165,7293,0.0,0.0
2024-06-25 12:35:00-04:00,5.965000152587891,5.96999979019165,5.965000152587891,5.96999979019165,938,0.0,0.0
2024-06-25 12:40:00-04:00,5.96999979019165,5.96999979019165,5.960000038146973,5.960000038146973,2031,0.0,0.0
2024-06-25 12:45:00-04:00,5.954999923706055,5.954999923706055,5.945000171661377,5.954999923706055,23466,0.0,0.0
2024-06-25 12:50:00-04:00,5.954999923706055,5.965000152587891,5.949999809265137,5.949999809265137,4094,0.0,0.0
2024-06-25 12:55:00-04:00,5.940000057220459,5.940000057220459,5.940000057220459,5.940000057220459,618,0.0,0.0
2024-06-25 13:05:00-04:00,5.934999942779541,5.934999942779541,5.925000190734863,5.925000190734863,1415,0.0,0.0
2024-06-25 13:10:00-04:00,5.929999828338623,5.929999828338623,5.929999828338623,5.929999828338623,2278,0.0,0.0
2024-06-25 13:15:00-04:00,5.925000190734863,5.925000190734863,5.925000190734863,5.925000190734863,833,0.0,0.0
2024-06-25 13:20:00-04:00,5.925000190734863,5.925000190734863,5.909999847412109,5.925000190734863,4058,0.0,0.0
2024-06-25 13:25:00-04:00,5.920000076293945,5.925000190734863,5.920000076293945,5.925000190734863,1543,0.0,0.0
2024-06-25 13:30:00-04:00,5.925000190734863,5.934999942779541,5.925000190734863,5.934999942779541,2133,0.0,0.0
2024-06-25 13:35:00-04:00,5.934999942779541,5.940000057220459,5.929999828338623,5.940000057220459,3027,0.0,0.0
2024-06-25 13:40:00-04:00,5.940000057220459,5.945000171661377,5.934999942779541,5.934999942779541,1874,0.0,0.0
2024-06-25 13:45:00-04:00,5.940000057220459,5.940000057220459,5.929999828338623,5.934999942779541,1532,0.0,0.0
2024-06-25 13:50:00-04:00,5.934999942779541,5.934999942779541,5.929999828338623,5.929999828338623,1390,0.0,0.0
2024-06-25 13:55:00-04:00,5.929999828338623,5.929999828338623,5.929999828338623,5.929999828338623,117,0.0,0.0
2024-06-25 14:00:00-04:00,5.925000190734863,5.929999828338623,5.925000190734863,5.925000190734863,579,0.0,0.0
2024-06-25 14:05:00-04:00,5.925000190734863,5.925000190734863,5.90500020980835,5.90500020980835,1704,0.0,0.0
2024-06-25 14:10:00-04:00,5.90500020980835,5.90500020980835,5.894999980926514,5.894999980926514,1217,0.0,0.0
2024-06-25 14:15:00-04:00,5.894999980926514,5.894999980926514,5.889999866485596,5.889999866485596,2348,0.0,0.0
2024-06-25 14:20:00-04:00,5.885000228881836,5.885000228881836,5.875,5.875,4183,0.0,0.0
2024-06-25 14:25:00-04:00,5.880000114440918,5.880000114440918,5.875,5.875,3969,0.0,0.0
2024-06-25 14:30:00-04:00,5.880000114440918,5.880000114440918,5.869999885559082,5.869999885559082,2417,0.0,0.0
2024-06-25 14:35:00-04:00,5.869999885559082,5.885000228881836,5.869999885559082,5.885000228881836,940,0.0,0.0
2024-06-25 14:40:00-04:00,5.885000228881836,5.885000228881836,5.875,5.875,1248,0.0,0.0
2024-06-25 14:50:00-04:00,5.875,5.879499912261963,5.874000072479248,5.875,2029,0.0,0.0
2024-06-25 14:55:00-04:00,5.875,5.875,5.870200157165527,5.870200157165527,1759,0.0,0.0
2024-06-25 15:00:00-04:00,5.875,5.875,5.875,5.875,901,0.0,0.0
2024-06-25 15:05:00-04:00,5.880000114440918,5.885000228881836,5.875,5.875,2795,0.0,0.0
2024-06-25 15:10:00-04:00,5.875,5.875,5.875,5.875,637,0.0,0.0
2024-06-25 15:15:00-04:00,5.875,5.875,5.875,5.875,862,0.0,0.0
2024-06-25 15:20:00-04:00,5.875,5.925000190734863,5.875,5.909999847412109,15968,0.0,0.0
2024-06-25 15:25:00-04:00,5.911200046539307,5.954999923706055,5.911200046539307,5.954999923706055,13223,0.0,0.0
2024-06-25 15:30:00-04:00,5.949999809265137,5.960000038146973,5.934999942779541,5.934999942779541,8604,0.0,0.0
2024-06-25 15:35:00-04:00,5.934999942779541,5.949999809265137,5.929999828338623,5.934999942779541,15703,0.0,0.0
2024-06-25 15:40:00-04:00,5.934999942779541,5.954999923706055,5.934999942779541,5.945000171661377,16869,0.0,0.0
2024-06-25 15:45:00-04:00,5.940000057220459,5.96999979019165,5.929999828338623,5.965000152587891,15268,0.0,0.0
2024-06-25 15:50:00-04:00,5.965000152587891,6.005000114440918,5.965000152587891,5.974999904632568,38185,0.0,0.0
2024-06-25 15:55:00-04:00,5.974999904632568,5.989999771118164,5.940800189971924,5.989999771118164,72738,0.0,0.0
2024-06-26 09:30:00-04:00,5.949999809265137,5.949999809265137,5.880000114440918,5.945000171661377,5126,0.0,0.0
2024-06-26 09:40:00-04:00,5.96999979019165,5.994999885559082,5.96999979019165,5.989999771118164,5371,0.0,0.0
2024-06-26 09:50:00-04:00,6.005000114440918,6.019999980926514,5.994999885559082,6.0,4747,0.0,0.0
2024-06-26 09:55:00-04:00,6.010000228881836,6.019999980926514,6.009900093078613,6.019999980926514,6438,0.0,0.0
2024-06-26 10:00:00-04:00,6.019999980926514,6.03000020980835,6.019999980926514,6.03000020980835,1371,0.0,0.0
2024-06-26 10:05:00-04:00,6.03000020980835,6.039999961853027,6.010000228881836,6.010000228881836,5839,0.0,0.0
2024-06-26 10:10:00-04:00,6.014999866485596,6.014999866485596,6.0,6.0,1489,0.0,0.0
2024-06-26 10:15:00-04:00,6.014999866485596,6.03000020980835,6.014999866485596,6.03000020980835,2461,0.0,0.0
2024-06-26 10:20:00-04:00,6.019999980926514,6.019999980926514,6.019999980926514,6.019999980926514,2060,0.0,0.0
2024-06-26 10:25:00-04:00,6.014999866485596,6.025000095367432,6.014999866485596,6.025000095367432,1417,0.0,0.0
2024-06-26 10:30:00-04:00,6.025000095367432,6.025000095367432,6.013999938964844,6.014999866485596,4005,0.0,0.0
2024-06-26 10:35:00-04:00,6.014999866485596,6.014999866485596,6.014999866485596,6.014999866485596,340,0.0,0.0
2024-06-26 10:40:00-04:00,6.013500213623047,6.014999866485596,6.013500213623047,6.014999866485596,1395,0.0,0.0
2024-06-26 10:45:00-04:00,6.019899845123291,6.034999847412109,6.014999866485596,6.014999866485596,7914,0.0,0.0
2024-06-26 10:50:00-04:00,6.019999980926514,6.034999847412109,6.019999980926514,6.03000020980835,6937,0.0,0.0
2024-06-26 10:55:00-04:00,6.034999847412109,6.045000076293945,6.03000020980835,6.039999961853027,3717,0.0,0.0
2024-06-26 11:00:00-04:00,6.045000076293945,6.054999828338623,6.045000076293945,6.054999828338623,973,0.0,0.0
2024-06-26 11:05:00-04:00,6.054999828338623,6.054999828338623,6.039999961853027,6.045000076293945,3255,0.0,0.0
2024-06-26 11:10:00-04:00,6.039999961853027,6.045000076293945,6.039999961853027,6.039999961853027,3123,0.0,0.0
2024-06-26 11:15:00-04:00,6.039999961853027,6.045000076293945,6.039999961853027,6.039999961853027,1461,0.0,0.0
2024-06-26 11:20:00-04:00,6.039999961853027,6.045000076293945,6.034999847412109,6.039999961853027,10620,0.0,0.0
2024-06-26 11:25:00-04:00,6.050000190734863,6.054999828338623,6.050000190734863,6.054999828338623,3433,0.0,0.0
2024-06-26 11:30:00-04:00,6.054999828338623,6.065000057220459,6.050000190734863,6.065000057220459,2937,0.0,0.0
2024-06-26 11:35:00-04:00,6.065000057220459,6.065000057220459,6.065000057220459,6.065000057220459,1907,0.0,0.0
2024-06-26 11:40:00-04:00,6.070000171661377,6.074999809265137,6.065000057220459,6.074999809265137,1897,0.0,0.0
2024-06-26 11:45:00-04:00,6.079999923706055,6.085000038146973,6.079999923706055,6.079999923706055,3397,0.0,0.0
2024-06-26 11:50:00-04:00,6.085000038146973,6.090000152587891,6.079999923706055,6.079999923706055,4407,0.0,0.0
2024-06-26 11:55:00-04:00,6.090000152587891,6.119999885559082,6.085000038146973,6.099999904632568,11430,0.0,0.0
2024-06-26 12:00:00-04:00,6.090000152587891,6.090000152587891,6.085000038146973,6.090000152587891,1151,0.0,0.0
2024-06-26 12:05:00-04:00,6.09499979019165,6.099999904632568,6.093999862670898,6.093999862670898,1940,0.0,0.0
2024-06-26 12:10:00-04:00,6.09499979019165,6.09499979019165,6.085000038146973,6.09499979019165,4134,0.0,0.0
2024-06-26 12:15:00-04:00,6.09499979019165,6.09499979019165,6.079999923706055,6.079999923706055,1927,0.0,0.0
2024-06-26 12:20:00-04:00,6.070000171661377,6.070000171661377,6.070000171661377,6.070000171661377,1417,0.0,0.0
2024-06-26 12:25:00-04:00,6.054999828338623,6.054999828338623,6.054999828338623,6.054999828338623,655,0.0,0.0
2024-06-26 12:30:00-04:00,6.054999828338623,6.054999828338623,6.054999828338623,6.054999828338623,260,0.0,0.0
2024-06-26 12:35:00-04:00,6.051300048828125,6.065000057220459,6.051300048828125,6.054999828338623,4868,0.0,0.0
2024-06-26 12:40:00-04:00,6.050000190734863,6.054699897766113,6.045000076293945,6.045000076293945,2438,0.0,0.0
2024-06-26 12:45:00-04:00,6.050000190734863,6.059999942779541,6.050000190734863,6.059999942779541,3410,0.0,0.0
2024-06-26 12:50:00-04:00,6.054999828338623,6.059999942779541,6.054999828338623,6.059999942779541,2927,0.0,0.0
2024-06-26 12:55:00-04:00,6.059999942779541,6.059999942779541,6.059999942779541,6.059999942779541,2125,0.0,0.0
2024-06-26 13:00:00-04:00,6.065000057220459,6.070000171661377,6.059999942779541,6.070000171661377,2408,0.0,0.0
2024-06-26 13:05:00-04:00,6.070000171661377,6.074999809265137,6.070000171661377,6.070000171661377,2089,0.0,0.0
2024-06-26 13:10:00-04:00,6.070000171661377,6.070000171661377,6.0644001960754395,6.0644001960754395,1913,0.0,0.0
2024-06-26 13:15:00-04:00,6.0690999031066895,6.0690999031066895,6.0690999031066895,6.0690999031066895,497,0.0,0.0
2024-06-26 13:20:00-04:00,6.065000057220459,6.074999809265137,6.059999942779541,6.059999942779541,5644,0.0,0.0
2024-06-26 13:25:00-04:00,6.053999900817871,6.054999828338623,6.034999847412109,6.034999847412109,3240,0.0,0.0
2024-06-26 13:30:00-04:00,6.034999847412109,6.039999961853027,6.034999847412109,6.039999961853027,1514,0.0,0.0
2024-06-26 13:35:00-04:00,6.039999961853027,6.045000076293945,6.034999847412109,6.045000076293945,4029,0.0,0.0
2024-06-26 13:40:00-04:00,6.049900054931641,6.065000057220459,6.045000076293945,6.065000057220459,4982,0.0,0.0
2024-06-26 13:45:00-04:00,6.052499771118164,6.054999828338623,6.052499771118164,6.054999828338623,1340,0.0,0.0
2024-06-26 13:50:00-04:00,6.054999828338623,6.054999828338623,6.054999828338623,6.054999828338623,1063,0.0,0.0
2024-06-26 13:55:00-04:00,6.054999828338623,6.054999828338623,6.053999900817871,6.054999828338623,1755,0.0,0.0
2024-06-26 14:00:00-04:00,6.054999828338623,6.074999809265137,6.052000045776367,6.052000045776367,7048,0.0,0.0
2024-06-26 14:05:00-04:00,6.050000190734863,6.050000190734863,6.039999961853027,6.045000076293945,1093,0.0,0.0
2024-06-26 14:10:00-04:00,6.040299892425537,6.045000076293945,6.040299892425537,6.045000076293945,1070,0.0,0.0
2024-06-26 14:15:00-04:00,6.050000190734863,6.054999828338623,6.019999980926514,6.019999980926514,5547,0.0,0.0
2024-06-26 14:20:00-04:00,6.025000095367432,6.025000095367432,6.019999980926514,6.025000095367432,1289,0.0,0.0
2024-06-26 14:25:00-04:00,6.025000095367432,6.025000095367432,6.014999866485596,6.014999866485596,3874,0.0,0.0
2024-06-26 14:30:00-04:00,6.013999938964844,6.019999980926514,6.013999938964844,6.019999980926514,1191,0.0,0.0
2024-06-26 14:35:00-04:00,6.010000228881836,6.014999866485596,6.0,6.0,6119,0.0,0.0
2024-06-26 14:40:00-04:00,6.004000186920166,6.005000114440918,6.004000186920166,6.005000114440918,790,0.0,0.0
2024-06-26 14:45:00-04:00,6.005000114440918,6.014999866485596,6.005000114440918,6.014999866485596,4042,0.0,0.0
2024-06-26 14:50:00-04:00,6.014999866485596,6.025000095367432,6.014999866485596,6.019999980926514,4188,0.0,0.0
2024-06-26 14:55:00-04:00,6.011000156402588,6.011000156402588,6.005000114440918,6.005000114440918,2180,0.0,0.0
2024-06-26 15:00:00-04:00,6.005000114440918,6.005000114440918,5.994999885559082,5.994999885559082,2746,0.0,0.0
2024-06-26 15:05:00-04:00,6.0,6.0,5.994999885559082,5.994999885559082,1851,0.0,0.0
2024-06-26 15:10:00-04:00,5.994999885559082,6.0,5.980000019073486,5.980000019073486,4537,0.0,0.0
2024-06-26 15:15:00-04:00,5.980000019073486,5.985000133514404,5.980000019073486,5.985000133514404,5816,0.0,0.0
2024-06-26 15:20:00-04:00,5.980000019073486,5.980000019073486,5.96999979019165,5.980000019073486,4221,0.0,0.0
2024-06-26 15:25:00-04:00,5.974999904632568,5.974999904632568,5.974999904632568,5.974999904632568,935,0.0,0.0
2024-06-26 15:30:00-04:00,5.974999904632568,5.974999904632568,5.96999979019165,5.974999904632568,3965,0.0,0.0
2024-06-26 15:35:00-04:00,5.974999904632568,5.985000133514404,5.960000038146973,5.960000038146973,8249,0.0,0.0
2024-06-26 15:40:00-04:00,5.965000152587891,5.965000152587891,5.954999923706055,5.960000038146973,7709,0.0,0.0
2024-06-26 15:45:00-04:00,5.954999923706055,5.954999923706055,5.949999809265137,5.954999923706055,5568,0.0,0.0
2024-06-26 15:50:00-04:00,5.949999809265137,6.059999942779541,5.949999809265137,6.059999942779541,40389,0.0,0.0
2024-06-26 15:55:00-04:00,6.050000190734863,6.110000133514404,6.039999961853027,6.110000133514404,99800,0.0,0.0
2024-06-27 09:30:00-04:00,6.170000076293945,6.170000076293945,6.119999885559082,6.150000095367432,27507,0.0,0.0
2024-06-27 09:35:00-04:00,6.159999847412109,6.25,6.150000095367432,6.25,17993,0.0,0.0
2024-06-27 09:40:00-04:00,6.239999771118164,6.279099941253662,6.239999771118164,6.269999980926514,14958,0.0,0.0
2024-06-27 09:45:00-04:00,6.269999980926514,6.329999923706055,6.2600998878479,6.329999923706055,10955,0.0,0.0
2024-06-27 09:50:00-04:00,6.329999923706055,6.340000152587891,6.25,6.260000228881836,14000,0.0,0.0
2024-06-27 09:55:00-04:00,6.265999794006348,6.28000020980835,6.2600998878479,6.2600998878479,4488,0.0,0.0
2024-06-27 10:00:00-04:00,6.25,6.25,6.139999866485596,6.139999866485596,3043,0.0,0.0
2024-06-27 10:05:00-04:00,6.130000114440918,6.289999961853027,6.130000114440918,6.25,33054,0.0,0.0
2024-06-27 10:10:00-04:00,6.25,6.255000114440918,6.230000019073486,6.255000114440918,1938,0.0,0.0
2024-06-27 10:15:00-04:00,6.269999980926514,6.269999980926514,6.235000133514404,6.235000133514404,3133,0.0,0.0
2024-06-27 10:20:00-04:00,6.235000133514404,6.235000133514404,6.21999979019165,6.230000019073486,1094,0.0,0.0
2024-06-27 10:25:00-04:00,6.224999904632568,6.224999904632568,6.175000190734863,6.199999809265137,5923,0.0,0.0
2024-06-27 10:30:00-04:00,6.184000015258789,6.184000015258789,6.159999847412109,6.175000190734863,4779,0.0,0.0
2024-06-27 10:35:00-04:00,6.190000057220459,6.269999980926514,6.190000057220459,6.215000152587891,25422,0.0,0.0
2024-06-27 10:40:00-04:00,6.215000152587891,6.215000152587891,6.190000057220459,6.199999809265137,5076,0.0,0.0
2024-06-27 10:45:00-04:00,6.204999923706055,6.204999923706055,6.184999942779541,6.199999809265137,2328,0.0,0.0
2024-06-27 10:50:00-04:00,6.190000057220459,6.190000057220459,6.179900169372559,6.179999828338623,1692,0.0,0.0
2024-06-27 10:55:00-04:00,6.190000057220459,6.195000171661377,6.190000057220459,6.190000057220459,2715,0.0,0.0
2024-06-27 11:00:00-04:00,6.190000057220459,6.190000057220459,6.190000057220459,6.190000057220459,581,0.0,0.0
2024-06-27 11:05:00-04:00,6.184999942779541,6.195000171661377,6.159999847412109,6.170000076293945,6700,0.0,0.0
2024-06-27 11:10:00-04:00,6.170000076293945,6.179999828338623,6.170000076293945,6.179999828338623,6914,0.0,0.0
2024-06-27 11:15:00-04:00,6.179999828338623,6.179999828338623,6.170000076293945,6.175000190734863,2712,0.0,0.0
2024-06-27 11:20:00-04:00,6.184999942779541,6.184999942779541,6.169899940490723,6.175000190734863,2165,0.0,0.0
2024-06-27 11:25:00-04:00,6.170000076293945,6.175000190734863,6.170000076293945,6.175000190734863,1688,0.0,0.0
2024-06-27 11:35:00-04:00,6.164999961853027,6.164999961853027,6.150000095367432,6.150000095367432,2880,0.0,0.0
2024-06-27 11:40:00-04:00,6.150000095367432,6.150000095367432,6.140100002288818,6.150000095367432,933,0.0,0.0
2024-06-27 11:45:00-04:00,6.15500020980835,6.159999847412109,6.135000228881836,6.150000095367432,7537,0.0,0.0
2024-06-27 11:50:00-04:00,6.150000095367432,6.150000095367432,6.139999866485596,6.150000095367432,1527,0.0,0.0
2024-06-27 11:55:00-04:00,6.149899959564209,6.150000095367432,6.144999980926514,6.150000095367432,1400,0.0,0.0
2024-06-27 12:00:00-04:00,6.139999866485596,6.139999866485596,6.135000228881836,6.139999866485596,1255,0.0,0.0
2024-06-27 12:05:00-04:00,6.133999824523926,6.133999824523926,6.120100021362305,6.125,2577,0.0,0.0
2024-06-27 12:10:00-04:00,6.129899978637695,6.130000114440918,6.129899978637695,6.130000114440918,449,0.0,0.0
2024-06-27 12:15:00-04:00,6.125,6.130000114440918,6.105000019073486,6.109899997711182,3045,0.0,0.0
2024-06-27 12:20:00-04:00,6.105000019073486,6.114999771118164,6.090000152587891,6.09499979019165,8063,0.0,0.0
2024-06-27 12:25:00-04:00,6.090000152587891,6.09499979019165,6.090000152587891,6.09499979019165,1771,0.0,0.0
2024-06-27 12:30:00-04:00,6.099999904632568,6.114999771118164,6.099999904632568,6.114999771118164,5072,0.0,0.0
2024-06-27 12:35:00-04:00,6.114999771118164,6.114999771118164,6.110000133514404,6.110000133514404,349,0.0,0.0
2024-06-27 12:40:00-04:00,6.119999885559082,6.135000228881836,6.119999885559082,6.135000228881836,2753,0.0,0.0
2024-06-27 12:45:00-04:00,6.135000228881836,6.139999866485596,6.135000228881836,6.135000228881836,4412,0.0,0.0
2024-06-27 12:50:00-04:00,6.139999866485596,6.144999980926514,6.139999866485596,6.144999980926514,793,0.0,0.0
2024-06-27 12:55:00-04:00,6.144999980926514,6.144999980926514,6.144999980926514,6.144999980926514,449,0.0,0.0
2024-06-27 13:00:00-04:00,6.144999980926514,6.15500020980835,6.130000114440918,6.130000114440918,3957,0.0,0.0
2024-06-27 13:05:00-04:00,6.130000114440918,6.130000114440918,6.119999885559082,6.119999885559082,1740,0.0,0.0
2024-06-27 13:10:00-04:00,6.119999885559082,6.119999885559082,6.099999904632568,6.099999904632568,3624,0.0,0.0
2024-06-27 13:15:00-04:00,6.090000152587891,6.090000152587891,6.090000152587891,6.090000152587891,932,0.0,0.0
2024-06-27 13:20:00-04:00,6.085000038146973,6.085000038146973,6.085000038146973,6.085000038146973,1481,0.0,0.0
2024-06-27 13:25:00-04:00,6.090000152587891,6.09499979019165,6.090000152587891,6.09499979019165,2663,0.0,0.0
2024-06-27 13:30:00-04:00,6.090000152587891,6.090000152587891,6.070000171661377,6.074999809265137,3401,0.0,0.0
2024-06-27 13:35:00-04:00,6.079999923706055,6.079999923706055,6.070000171661377,6.070000171661377,3251,0.0,0.0
2024-06-27 13:40:00-04:00,6.074999809265137,6.090000152587891,6.059899806976318,6.090000152587891,13213,0.0,0.0
2024-06-27 13:45:00-04:00,6.090000152587891,6.090000152587891,6.079999923706055,6.090000152587891,2447,0.0,0.0
2024-06-27 13:50:00-04:00,6.090000152587891,6.090000152587891,6.085000038146973,6.085000038146973,929,0.0,0.0
2024-06-27 13:55:00-04:00,6.090000152587891,6.090000152587891,6.085000038146973,6.085000038146973,1055,0.0,0.0
2024-06-27 14:00:00-04:00,6.079999923706055,6.085000038146973,6.074999809265137,6.085000038146973,5150,0.0,0.0
2024-06-27 14:05:00-04:00,6.085000038146973,6.085000038146973,6.085000038146973,6.085000038146973,435,0.0,0.0
2024-06-27 14:10:00-04:00,6.085000038146973,6.099999904632568,6.085000038146973,6.090000152587891,5396,0.0,0.0
2024-06-27 14:15:00-04:00,6.09499979019165,6.09499979019165,6.085000038146973,6.090000152587891,2432,0.0,0.0
2024-06-27 14:20:00-04:00,6.09499979019165,6.09499979019165,6.090000152587891,6.090000152587891,462,0.0,0.0
2024-06-27 14:25:00-04:00,6.09499979019165,6.09499979019165,6.085000038146973,6.085000038146973,3053,0.0,0.0
2024-06-27 14:30:00-04:00,6.090000152587891,6.114999771118164,6.090000152587891,6.110000133514404,4601,0.0,0.0
2024-06-27 14:35:00-04:00,6.105000019073486,6.105000019073486,6.105000019073486,6.105000019073486,635,0.0,0.0
2024-06-27 14:40:00-04:00,6.110000133514404,6.114999771118164,6.105000019073486,6.105000019073486,3613,0.0,0.0
2024-06-27 14:45:00-04:00,6.110000133514404,6.114999771118164,6.110000133514404,6.114999771118164,4154,0.0,0.0
2024-06-27 14:50:00-04:00,6.119999885559082,6.135000228881836,6.119999885559082,6.125,5886,0.0,0.0
2024-06-27 14:55:00-04:00,6.125,6.125,6.079999923706055,6.085000038146973,4445,0.0,0.0
2024-06-27 15:00:00-04:00,6.085000038146973,6.090000152587891,6.085000038146973,6.085000038146973,3274,0.0,0.0
2024-06-27 15:05:00-04:00,6.085000038146973,6.085000038146973,6.085000038146973,6.085000038146973,922,0.0,0.0
2024-06-27 15:10:00-04:00,6.085000038146973,6.110000133514404,6.085000038146973,6.085000038146973,7117,0.0,0.0
2024-06-27 15:15:00-04:00,6.079999923706055,6.085000038146973,6.074999809265137,6.079999923706055,3634,0.0,0.0
2024-06-27 15:20:00-04:00,6.079999923706055,6.099999904632568,6.079999923706055,6.09499979019165,6685,0.0,0.0
2024-06-27 15:25:00-04:00,6.09499979019165,6.110000133514404,6.09499979019165,6.105000019073486,5533,0.0,0.0
2024-06-27 15:30:00-04:00,6.099999904632568,6.105000019073486,6.099999904632568,6.105000019073486,3407,0.0,0.0
2024-06-27 15:35:00-04:00,6.105000019073486,6.105000019073486,6.09499979019165,6.099999904632568,6341,0.0,0.0
2024-06-27 15:40:00-04:00,6.099999904632568,6.099999904632568,6.070000171661377,6.079999923706055,16192,0.0,0.0
2024-06-27 15:45:00-04:00,6.085000038146973,6.085000038146973,6.054999828338623,6.065000057220459,10740,0.0,0.0
2024-06-27 15:50:00-04:00,6.065000057220459,6.105000019073486,6.050000190734863,6.099999904632568,35329,0.0,0.0
2024-06-27 15:55:00-04:00,6.105000019073486,6.119999885559082,6.105000019073486,6.118000030517578,57965,0.0,0.0
2024-06-28 09:30:00-04:00,6.119999885559082,6.159999847412109,6.119999885559082,6.130000114440918,3241,0.0,0.0
2024-06-28 09:35:00-04:00,6.119999885559082,6.130000114440918,6.090000152587891,6.090000152587891,1228,0.0,0.0
2024-06-28 09:40:00-04:00,6.090000152587891,6.090000152587891,6.070000171661377,6.070000171661377,3760,0.0,0.0
2024-06-28 09:45:00-04:00,6.070000171661377,6.070000171661377,6.050000190734863,6.050000190734863,1207,0.0,0.0
2024-06-28 09:55:00-04:00,6.050000190734863,6.070000171661377,6.050000190734863,6.050000190734863,3225,0.0,0.0
2024-06-28 10:00:00-04:00,6.059999942779541,6.059999942779541,6.039999961853027,6.050000190734863,3205,0.0,0.0
2024-06-28 10:05:00-04:00,6.050000190734863,6.091100215911865,6.050000190734863,6.091100215911865,5361,0.0,0.0
2024-06-28 10:10:00-04:00,6.099999904632568,6.114999771118164,6.090000152587891,6.110000133514404,4998,0.0,0.0
2024-06-28 10:15:00-04:00,6.119999885559082,6.119999885559082,6.099999904632568,6.119999885559082,3027,0.0,0.0
2024-06-28 10:20:00-04:00,6.119999885559082,6.130899906158447,6.119999885559082,6.130899906158447,854,0.0,0.0
2024-06-28 10:25:00-04:00,6.150000095367432,6.150000095367432,6.135000228881836,6.144999980926514,4632,0.0,0.0
2024-06-28 10:30:00-04:00,6.140100002288818,6.144000053405762,6.139999866485596,6.139999866485596,1140,0.0,0.0
2024-06-28 10:35:00-04:00,6.150000095367432,6.159999847412109,6.144999980926514,6.159999847412109,3371,0.0,0.0
2024-06-28 10:40:00-04:00,6.159999847412109,6.160299777984619,6.150100231170654,6.159999847412109,7093,0.0,0.0
2024-06-28 10:45:00-04:00,6.159999847412109,6.179999828338623,6.159999847412109,6.179999828338623,1673,0.0,0.0
2024-06-28 10:50:00-04:00,6.175000190734863,6.175000190734863,6.175000190734863,6.175000190734863,558,0.0,0.0
2024-06-28 10:55:00-04:00,6.170000076293945,6.179999828338623,6.1579999923706055,6.179999828338623,6476,0.0,0.0
2024-06-28 11:00:00-04:00,6.170000076293945,6.170000076293945,6.170000076293945,6.170000076293945,182,0.0,0.0
2024-06-28 11:05:00-04:00,6.175000190734863,6.175000190734863,6.170000076293945,6.170000076293945,2173,0.0,0.0
2024-06-28 11:10:00-04:00,6.160799980163574,6.170000076293945,6.159999847412109,6.170000076293945,1744,0.0,0.0
2024-06-28 11:15:00-04:00,6.175000190734863,6.179999828338623,6.175000190734863,6.179999828338623,929,0.0,0.0
2024-06-28 11:20:00-04:00,6.179999828338623,6.179999828338623,6.179999828338623,6.179999828338623,963,0.0,0.0
2024-06-28 11:25:00-04:00,6.170000076293945,6.210000038146973,6.170000076293945,6.210000038146973,23904,0.0,0.0
2024-06-28 11:30:00-04:00,6.204999923706055,6.204999923706055,6.199999809265137,6.199999809265137,1103,0.0,0.0
2024-06-28 11:35:00-04:00,6.199999809265137,6.204999923706055,6.199999809265137,6.199999809265137,615,0.0,0.0
2024-06-28 11:40:00-04:00,6.210000038146973,6.215000152587891,6.210000038146973,6.215000152587891,1814,0.0,0.0
2024-06-28 11:45:00-04:00,6.21999979019165,6.230000019073486,6.215000152587891,6.230000019073486,2113,0.0,0.0
2024-06-28 11:50:00-04:00,6.21999979019165,6.21999979019165,6.210000038146973,6.210000038146973,1486,0.0,0.0
2024-06-28 11:55:00-04:00,6.210000038146973,6.210000038146973,6.210000038146973,6.210000038146973,1286,0.0,0.0
2024-06-28 12:00:00-04:00,6.215000152587891,6.215000152587891,6.215000152587891,6.215000152587891,238,0.0,0.0
2024-06-28 12:05:00-04:00,6.210000038146973,6.210000038146973,6.199999809265137,6.204999923706055,4199,0.0,0.0
2024-06-28 12:10:00-04:00,6.204999923706055,6.204999923706055,6.184999942779541,6.199999809265137,3890,0.0,0.0
2024-06-28 12:15:00-04:00,6.204999923706055,6.210000038146973,6.204999923706055,6.210000038146973,826,0.0,0.0
2024-06-28 12:20:00-04:00,6.210000038146973,6.210000038146973,6.210000038146973,6.210000038146973,698,0.0,0.0
2024-06-28 12:25:00-04:00,6.215000152587891,6.215000152587891,6.215000152587891,6.215000152587891,311,0.0,0.0
2024-06-28 12:30:00-04:00,6.210000038146973,6.210000038146973,6.199999809265137,6.210000038146973,2434,0.0,0.0
2024-06-28 12:35:00-04:00,6.204999923706055,6.204999923706055,6.195000171661377,6.195000171661377,2762,0.0,0.0
2024-06-28 12:45:00-04:00,6.199999809265137,6.199999809265137,6.190000057220459,6.195000171661377,1106,0.0,0.0
2024-06-28 12:50:00-04:00,6.190000057220459,6.190000057220459,6.184999942779541,6.184999942779541,1734,0.0,0.0
2024-06-28 12:55:00-04:00,6.184999942779541,6.184999942779541,6.184999942779541,6.184999942779541,391,0.0,0.0
2024-06-28 13:00:00-04:00,6.184999942779541,6.184999942779541,6.170000076293945,6.170000076293945,1576,0.0,0.0
2024-06-28 13:05:00-04:00,6.179999828338623,6.190000057220459,6.179999828338623,6.190000057220459,2811,0.0,0.0
2024-06-28 13:15:00-04:00,6.190000057220459,6.199999809265137,6.190000057220459,6.195000171661377,1954,0.0,0.0
2024-06-28 13:20:00-04:00,6.199999809265137,6.199999809265137,6.199999809265137,6.199999809265137,1360,0.0,0.0
2024-06-28 13:25:00-04:00,6.190000057220459,6.195000171661377,6.179999828338623,6.179999828338623,1715,0.0,0.0
2024-06-28 13:30:00-04:00,6.175000190734863,6.179999828338623,6.170000076293945,6.170000076293945,241,0.0,0.0
2024-06-28 13:35:00-04:00,6.170000076293945,6.179999828338623,6.15500020980835,6.175000190734863,7070,0.0,0.0
2024-06-28 13:40:00-04:00,6.179999828338623,6.179999828338623,6.175000190734863,6.179999828338623,1870,0.0,0.0
2024-06-28 13:45:00-04:00,6.179999828338623,6.179999828338623,6.179999828338623,6.179999828338623,1319,0.0,0.0
2024-06-28 13:50:00-04:00,6.170000076293945,6.170000076293945,6.164999961853027,6.170000076293945,1091,0.0,0.0
2024-06-28 13:55:00-04:00,6.170000076293945,6.170000076293945,6.159999847412109,6.164999961853027,5128,0.0,0.0
2024-06-28 14:00:00-04:00,6.164999961853027,6.176700115203857,6.159999847412109,6.175000190734863,5288,0.0,0.0
2024-06-28 14:05:00-04:00,6.170000076293945,6.170000076293945,6.15500020980835,6.159999847412109,2550,0.0,0.0
2024-06-28 14:10:00-04:00,6.164999961853027,6.164999961853027,6.159999847412109,6.164999961853027,779,0.0,0.0
2024-06-28 14:15:00-04:00,6.160099983215332,6.164999961853027,6.160099983215332,6.164999961853027,820,0.0,0.0
2024-06-28 14:20:00-04:00,6.170000076293945,6.175000190734863,6.159999847412109,6.175000190734863,6710,0.0,0.0
2024-06-28 14:25:00-04:00,6.175000190734863,6.199999809265137,6.175000190734863,6.199999809265137,12438,0.0,0.0
2024-06-28 14:30:00-04:00,6.204999923706055,6.21999979019165,6.200099945068359,6.21999979019165,4594,0.0,0.0
2024-06-28 14:35:00-04:00,6.21999979019165,6.21999979019165,6.204999923706055,6.208199977874756,4240,0.0,0.0
2024-06-28 14:40:00-04:00,6.210000038146973,6.210000038146973,6.190000057220459,6.195000171661377,4507,0.0,0.0
2024-06-28 14:45:00-04:00,6.199999809265137,6.199999809265137,6.196000099182129,6.196000099182129,1514,0.0,0.0
2024-06-28 14:50:00-04:00,6.199999809265137,6.204999923706055,6.199999809265137,6.204999923706055,1392,0.0,0.0
2024-06-28 14:55:00-04:00,6.204999923706055,6.218400001525879,6.200099945068359,6.204999923706055,8161,0.0,0.0
2024-06-28 15:00:00-04:00,6.199999809265137,6.199999809265137,6.179999828338623,6.184999942779541,4246,0.0,0.0
2024-06-28 15:05:00-04:00,6.190000057220459,6.195000171661377,6.179999828338623,6.195000171661377,2055,0.0,0.0
2024-06-28 15:10:00-04:00,6.190000057220459,6.204999923706055,6.190000057220459,6.204999923706055,2219,0.0,0.0
2024-06-28 15:15:00-04:00,6.199999809265137,6.210000038146973,6.195000171661377,6.210000038146973,3981,0.0,0.0
2024-06-28 15:20:00-04:00,6.199999809265137,6.208600044250488,6.199999809265137,6.204999923706055,2392,0.0,0.0
2024-06-28 15:25:00-04:00,6.199999809265137,6.210000038146973,6.199999809265137,6.204999923706055,1809,0.0,0.0
2024-06-28 15:30:00-04:00,6.204999923706055,6.204999923706055,6.179999828338623,6.179999828338623,3034,0.0,0.0
2024-06-28 15:35:00-04:00,6.179999828338623,6.195000171661377,6.179999828338623,6.184999942779541,5336,0.0,0.0
2024-06-28 15:40:00-04:00,6.190000057220459,6.204999923706055,6.190000057220459,6.204999923706055,3779,0.0,0.0
2024-06-28 15:45:00-04:00,6.204999923706055,6.230000019073486,6.199999809265137,6.230000019073486,9308,0.0,0.0
2024-06-28 15:50:00-04:00,6.230000019073486,6.269999980926514,6.230000019073486,6.255000114440918,42586,0.0,0.0
2024-06-28 15:55:00-04:00,6.25,6.269999980926514,6.25,6.260000228881836,29967,0.0,0.0
