Datetime,Open,High,Low,Close,Volume,Dividends,Stock Splits
2022-10-27 09:30:00-04:00,3.259999990463257,3.259999990463257,3.13700008392334,3.211899995803833,0,0.0,0.0
2022-10-27 10:30:00-04:00,3.1700000762939453,3.2200000286102295,3.1700000762939453,3.205699920654297,1020,0.0,0.0
2022-10-27 13:30:00-04:00,3.190000057220459,3.190000057220459,3.1700000762939453,3.180000066757202,5737,0.0,0.0
2022-10-27 14:30:00-04:00,3.200000047683716,3.200000047683716,3.200000047683716,3.200000047683716,362,0.0,0.0
2022-10-27 15:30:00-04:00,3.180000066757202,3.238100051879883,3.180000066757202,3.238100051879883,444,0.0,0.0
2022-10-28 09:30:00-04:00,3.190000057220459,3.259999990463257,3.069999933242798,3.1500000953674316,5282,0.0,0.0
2022-10-28 10:30:00-04:00,3.1696999073028564,3.2144999504089355,3.1600000858306885,3.2144999504089355,1037,0.0,0.0
2022-10-28 11:30:00-04:00,3.1679999828338623,3.203200101852417,3.1679999828338623,3.203200101852417,727,0.0,0.0
2022-10-28 12:30:00-04:00,3.180000066757202,3.2149999141693115,3.180000066757202,3.190000057220459,5389,0.0,0.0
2022-10-28 14:30:00-04:00,3.2300000190734863,3.2300000190734863,3.1500000953674316,3.190000057220459,461,0.0,0.0
2022-10-28 15:30:00-04:00,3.2300000190734863,3.2300000190734863,3.1600000858306885,3.1600000858306885,1531,0.0,0.0
2022-10-31 09:30:00-04:00,3.180000066757202,3.1826999187469482,3.1500000953674316,3.1826999187469482,0,0.0,0.0
2022-10-31 11:30:00-04:00,3.2100000381469727,3.259999990463257,3.2100000381469727,3.259999990463257,2727,0.0,0.0
2022-10-31 12:30:00-04:00,3.26990008354187,3.3499999046325684,3.259999990463257,3.3350000381469727,9150,0.0,0.0
2022-10-31 13:30:00-04:00,3.3399999141693115,3.3399999141693115,3.2899999618530273,3.2899999618530273,5157,0.0,0.0
2022-10-31 14:30:00-04:00,3.339900016784668,3.359999895095825,3.312000036239624,3.359999895095825,18027,0.0,0.0
2022-10-31 15:30:00-04:00,3.359999895095825,3.359999895095825,3.299999952316284,3.299999952316284,3254,0.0,0.0
2022-11-01 09:30:00-04:00,3.299999952316284,3.380000114440918,3.259999990463257,3.378499984741211,0,0.0,0.0
2022-11-01 10:30:00-04:00,3.3287999629974365,3.390000104904175,3.2899999618530273,3.36899995803833,1835,0.0,0.0
2022-11-01 11:30:00-04:00,3.369999885559082,3.4384000301361084,3.359999895095825,3.396399974822998,2581,0.0,0.0
2022-11-01 12:30:00-04:00,3.3808999061584473,3.4100000858306885,3.380000114440918,3.4100000858306885,818,0.0,0.0
2022-11-01 13:30:00-04:00,3.4000000953674316,3.440000057220459,3.4000000953674316,3.440000057220459,1733,0.0,0.0
2022-11-01 14:30:00-04:00,3.4200000762939453,3.4200000762939453,3.4100000858306885,3.4100000858306885,679,0.0,0.0
2022-11-01 15:30:00-04:00,3.4100000858306885,3.4700000286102295,3.4000000953674316,3.4100000858306885,4866,0.0,0.0
2022-11-02 09:30:00-04:00,3.380000114440918,3.480600118637085,3.380000114440918,3.380000114440918,4838,0.0,0.0
2022-11-02 10:30:00-04:00,3.380000114440918,3.4330999851226807,3.3499999046325684,3.3499999046325684,9232,0.0,0.0
2022-11-02 11:30:00-04:00,3.359999895095825,3.359999895095825,3.3399999141693115,3.3399999141693115,688,0.0,0.0
2022-11-02 12:30:00-04:00,3.300100088119507,3.300100088119507,3.299999952316284,3.299999952316284,1062,0.0,0.0
2022-11-02 13:30:00-04:00,3.3299999237060547,3.390000104904175,3.315000057220459,3.390000104904175,1043,0.0,0.0
2022-11-02 14:30:00-04:00,3.3399999141693115,3.3399999141693115,3.309999942779541,3.309999942779541,1685,0.0,0.0
2022-11-02 15:30:00-04:00,3.315000057220459,3.3299999237060547,3.25,3.25,4788,0.0,0.0
2022-11-03 09:30:00-04:00,3.2200000286102295,3.297100067138672,3.190000057220459,3.25,0,0.0,0.0
2022-11-03 10:30:00-04:00,3.25,3.25,3.2100000381469727,3.2100000381469727,5494,0.0,0.0
2022-11-03 11:30:00-04:00,3.2513999938964844,3.259999990463257,3.2100000381469727,3.2300000190734863,3001,0.0,0.0
2022-11-03 12:30:00-04:00,3.190000057220459,3.190000057220459,3.190000057220459,3.190000057220459,284,0.0,0.0
2022-11-03 13:30:00-04:00,3.222399950027466,3.2899999618530273,3.190000057220459,3.289900064468384,2625,0.0,0.0
2022-11-03 14:30:00-04:00,3.2834999561309814,3.2834999561309814,3.2200000286102295,3.2699999809265137,376,0.0,0.0
2022-11-03 15:30:00-04:00,3.2100000381469727,3.2799999713897705,3.2100000381469727,3.2300000190734863,4426,0.0,0.0
2022-11-04 09:30:00-04:00,3.25,3.25,3.180000066757202,3.2009999752044678,788,0.0,0.0
2022-11-04 10:30:00-04:00,3.240000009536743,3.25,3.200000047683716,3.2200000286102295,1164,0.0,0.0
2022-11-04 11:30:00-04:00,3.228300094604492,3.228300094604492,3.1500000953674316,3.1500000953674316,5464,0.0,0.0
2022-11-04 12:30:00-04:00,3.1700000762939453,3.1700000762939453,3.1700000762939453,3.1700000762939453,285,0.0,0.0
2022-11-04 13:30:00-04:00,3.1791000366210938,3.1791000366210938,3.140000104904175,3.1700000762939453,1401,0.0,0.0
2022-11-04 14:30:00-04:00,3.125,3.130000114440918,3.0299999713897705,3.0731000900268555,5056,0.0,0.0
2022-11-04 15:30:00-04:00,3.082200050354004,3.0899999141693115,3.049999952316284,3.0899999141693115,4008,0.0,0.0
2022-11-07 09:30:00-05:00,3.0399999618530273,3.187999963760376,3.0399999618530273,3.187999963760376,0,0.0,0.0
2022-11-07 10:30:00-05:00,3.1600000858306885,3.1600000858306885,3.1500000953674316,3.1500000953674316,908,0.0,0.0
2022-11-07 11:30:00-05:00,3.1600000858306885,3.184000015258789,3.1600000858306885,3.184000015258789,1357,0.0,0.0
2022-11-07 12:30:00-05:00,3.180000066757202,3.2200000286102295,3.180000066757202,3.2200000286102295,1260,0.0,0.0
2022-11-07 13:30:00-05:00,3.1907999515533447,3.1907999515533447,3.1907999515533447,3.1907999515533447,1076,0.0,0.0
2022-11-07 14:30:00-05:00,3.200000047683716,3.2300000190734863,3.200000047683716,3.200000047683716,5857,0.0,0.0
2022-11-07 15:30:00-05:00,3.200000047683716,3.2300000190734863,3.1600000858306885,3.2300000190734863,1375,0.0,0.0
2022-11-08 09:30:00-05:00,3.190000057220459,3.2100000381469727,3.180000066757202,3.1898999214172363,667,0.0,0.0
2022-11-08 10:30:00-05:00,3.2049999237060547,3.2123000621795654,3.200000047683716,3.2100000381469727,1922,0.0,0.0
2022-11-08 11:30:00-05:00,3.200000047683716,3.200000047683716,3.200000047683716,3.200000047683716,1084,0.0,0.0
2022-11-08 15:30:00-05:00,3.140000104904175,3.1500000953674316,3.069999933242798,3.140000104904175,1704,0.0,0.0
2022-11-09 09:30:00-05:00,3.0899999141693115,3.1891000270843506,3.0899999141693115,3.1438000202178955,0,0.0,0.0
2022-11-09 10:30:00-05:00,3.109999895095825,3.1721999645233154,3.061000108718872,3.140000104904175,2358,0.0,0.0
2022-11-09 11:30:00-05:00,3.1700000762939453,3.1700000762939453,3.1700000762939453,3.1700000762939453,107,0.0,0.0
2022-11-09 13:30:00-05:00,3.069999933242798,3.069999933242798,3.0250000953674316,3.0399999618530273,8478,0.0,0.0
2022-11-09 14:30:00-05:00,3.049999952316284,3.059999942779541,3.049999952316284,3.049999952316284,1010,0.0,0.0
2022-11-09 15:30:00-05:00,3.049999952316284,3.059999942779541,3.0399999618530273,3.0399999618530273,0,0.0,0.0
2022-11-10 09:30:00-05:00,3.0799999237060547,3.1500000953674316,3.0799999237060547,3.1500000953674316,623,0.0,0.0
2022-11-10 10:30:00-05:00,3.140000104904175,3.140000104904175,3.087399959564209,3.119999885559082,527,0.0,0.0
2022-11-10 11:30:00-05:00,3.109999895095825,3.119999885559082,3.109999895095825,3.119999885559082,6566,0.0,0.0
2022-11-10 12:30:00-05:00,3.180000066757202,3.180000066757202,3.1500000953674316,3.1700000762939453,538,0.0,0.0
2022-11-10 13:30:00-05:00,3.140000104904175,3.140000104904175,3.0880000591278076,3.0880000591278076,236,0.0,0.0
2022-11-10 14:30:00-05:00,3.1700000762939453,3.1700000762939453,3.1700000762939453,3.1700000762939453,410,0.0,0.0
2022-11-10 15:30:00-05:00,3.1700000762939453,3.1700000762939453,3.0999999046325684,3.0999999046325684,2648,0.0,0.0
2022-11-11 09:30:00-05:00,3.1500000953674316,3.1500000953674316,3.1500000953674316,3.1500000953674316,0,0.0,0.0
2022-11-11 10:30:00-05:00,3.1700000762939453,3.259999990463257,3.1700000762939453,3.200000047683716,6929,0.0,0.0
2022-11-11 11:30:00-05:00,3.200000047683716,3.200000047683716,3.199899911880493,3.200000047683716,745,0.0,0.0
2022-11-11 12:30:00-05:00,3.2100000381469727,3.2100000381469727,3.2100000381469727,3.2100000381469727,508,0.0,0.0
2022-11-11 13:30:00-05:00,3.2100000381469727,3.240000009536743,3.2100000381469727,3.2200000286102295,2325,0.0,0.0
2022-11-11 14:30:00-05:00,3.2200000286102295,3.2200000286102295,3.180000066757202,3.200000047683716,3993,0.0,0.0
2022-11-11 15:30:00-05:00,3.2200000286102295,3.2300000190734863,3.2200000286102295,3.2300000190734863,3026,0.0,0.0
2022-11-14 09:30:00-05:00,3.140000104904175,3.2295000553131104,3.140000104904175,3.170099973678589,3578,0.0,0.0
2022-11-14 10:30:00-05:00,3.2100000381469727,3.2100000381469727,3.2100000381469727,3.2100000381469727,1466,0.0,0.0
2022-11-14 11:30:00-05:00,3.2100000381469727,3.2200000286102295,3.205199956893921,3.2200000286102295,4328,0.0,0.0
2022-11-14 12:30:00-05:00,3.2300000190734863,3.299999952316284,3.2300000190734863,3.2899999618530273,4749,0.0,0.0
2022-11-14 13:30:00-05:00,3.2400999069213867,3.2899999618530273,3.2400999069213867,3.2699999809265137,3442,0.0,0.0
2022-11-14 14:30:00-05:00,3.259999990463257,3.2799999713897705,3.259999990463257,3.2799999713897705,599,0.0,0.0
2022-11-14 15:30:00-05:00,3.259999990463257,3.259999990463257,3.2100000381469727,3.259999990463257,1303,0.0,0.0
2022-11-15 09:30:00-05:00,3.190000057220459,3.2899999618530273,3.174999952316284,3.2181999683380127,0,0.0,0.0
2022-11-15 10:30:00-05:00,3.2190001010894775,3.2200000286102295,3.2100000381469727,3.2200000286102295,928,0.0,0.0
2022-11-15 11:30:00-05:00,3.2500998973846436,3.2500998973846436,3.2500998973846436,3.2500998973846436,2000,0.0,0.0
2022-11-15 12:30:00-05:00,3.2500998973846436,3.3499999046325684,3.2200000286102295,3.3299999237060547,17257,0.0,0.0
2022-11-15 13:30:00-05:00,3.299999952316284,3.3299999237060547,3.299999952316284,3.3299999237060547,444,0.0,0.0
2022-11-15 14:30:00-05:00,3.271399974822998,3.3299999237060547,3.271399974822998,3.319000005722046,594,0.0,0.0
2022-11-15 15:30:00-05:00,3.2701001167297363,3.319999933242798,3.2701001167297363,3.319999933242798,999,0.0,0.0
2022-11-16 09:30:00-05:00,3.3499999046325684,3.3499999046325684,3.2750000953674316,3.2750000953674316,0,0.0,0.0
2022-11-16 10:30:00-05:00,3.3299999237060547,3.4200000762939453,3.325000047683716,3.3808000087738037,4288,0.0,0.0
2022-11-16 11:30:00-05:00,3.390000104904175,3.430000066757202,3.390000104904175,3.4200000762939453,791,0.0,0.0
2022-11-16 12:30:00-05:00,3.430000066757202,3.569999933242798,3.430000066757202,3.569999933242798,10306,0.0,0.0
2022-11-16 13:30:00-05:00,3.559999942779541,3.559999942779541,3.490000009536743,3.5199999809265137,5948,0.0,0.0
2022-11-16 14:30:00-05:00,3.5199999809265137,3.5299999713897705,3.5,3.5299999713897705,3985,0.0,0.0
2022-11-16 15:30:00-05:00,3.5452001094818115,3.5899999141693115,3.5452001094818115,3.5899999141693115,4063,0.0,0.0
2022-11-17 09:30:00-05:00,3.5,3.5899999141693115,3.430000066757202,3.5399999618530273,3450,0.0,0.0
2022-11-17 11:30:00-05:00,3.559999942779541,3.5799999237060547,3.450000047683716,3.5399999618530273,3028,0.0,0.0
2022-11-17 12:30:00-05:00,3.5999999046325684,3.630000114440918,3.5999999046325684,3.630000114440918,1564,0.0,0.0
2022-11-17 13:30:00-05:00,3.619999885559082,3.619999885559082,3.5399999618530273,3.569999933242798,8575,0.0,0.0
2022-11-17 14:30:00-05:00,3.5999999046325684,3.625,3.5899999141693115,3.625,2427,0.0,0.0
2022-11-17 15:30:00-05:00,3.640000104904175,3.75,3.640000104904175,3.740000009536743,10217,0.0,0.0
2022-11-18 09:30:00-05:00,3.7799999713897705,3.799999952316284,3.7300000190734863,3.7300000190734863,8833,0.0,0.0
2022-11-18 10:30:00-05:00,3.7300000190734863,3.7899999618530273,3.6700000762939453,3.7799999713897705,7138,0.0,0.0
2022-11-18 11:30:00-05:00,3.759999990463257,3.759999990463257,3.75,3.759999990463257,6661,0.0,0.0
2022-11-18 13:30:00-05:00,3.680000066757202,3.680000066757202,3.680000066757202,3.680000066757202,162,0.0,0.0
2022-11-18 14:30:00-05:00,3.690000057220459,3.7100000381469727,3.690000057220459,3.7100000381469727,608,0.0,0.0
2022-11-18 15:30:00-05:00,3.7100000381469727,3.7300000190734863,3.6700000762939453,3.6700000762939453,1442,0.0,0.0
2022-11-21 09:30:00-05:00,3.6500000953674316,3.740000009536743,3.6500000953674316,3.674999952316284,0,0.0,0.0
2022-11-21 10:30:00-05:00,3.5880000591278076,3.799999952316284,3.5880000591278076,3.799999952316284,20968,0.0,0.0
2022-11-21 11:30:00-05:00,3.815000057220459,3.930000066757202,3.815000057220459,3.890000104904175,8522,0.0,0.0
2022-11-21 12:30:00-05:00,3.890000104904175,3.990000009536743,3.890000104904175,3.990000009536743,7276,0.0,0.0
2022-11-21 13:30:00-05:00,3.8097000122070312,3.8097000122070312,3.7960000038146973,3.7960000038146973,646,0.0,0.0
2022-11-21 14:30:00-05:00,3.8499999046325684,3.8499999046325684,3.8499999046325684,3.8499999046325684,233,0.0,0.0
2022-11-21 15:30:00-05:00,3.8499999046325684,3.990000009536743,3.8499999046325684,3.990000009536743,12286,0.0,0.0
2022-11-22 09:30:00-05:00,3.9600000381469727,3.9600000381469727,3.9600000381469727,3.9600000381469727,486,0.0,0.0
2022-11-22 10:30:00-05:00,3.9356000423431396,3.9790000915527344,3.920099973678589,3.920099973678589,2610,0.0,0.0
2022-11-22 11:30:00-05:00,3.9700000286102295,3.9800000190734863,3.9700000286102295,3.9798998832702637,1387,0.0,0.0
2022-11-22 12:30:00-05:00,3.990000009536743,3.990000009536743,3.9649999141693115,3.9649999141693115,490,0.0,0.0
2022-11-22 13:30:00-05:00,3.9649999141693115,4.070000171661377,3.9649999141693115,4.039999961853027,30646,0.0,0.0
2022-11-22 14:30:00-05:00,4.030099868774414,4.085000038146973,4.030099868774414,4.079999923706055,8870,0.0,0.0
2022-11-22 15:30:00-05:00,4.050099849700928,4.099999904632568,4.050000190734863,4.050000190734863,7524,0.0,0.0
2022-11-23 09:30:00-05:00,4.050000190734863,4.090000152587891,4.050000190734863,4.05049991607666,0,0.0,0.0
2022-11-23 10:30:00-05:00,4.050000190734863,4.050000190734863,3.9412999153137207,4.039999961853027,3202,0.0,0.0
2022-11-23 11:30:00-05:00,3.9800000190734863,3.9800000190734863,3.8301000595092773,3.8301000595092773,2690,0.0,0.0
2022-11-23 12:30:00-05:00,3.9700000286102295,4.050000190734863,3.9600000381469727,4.050000190734863,6936,0.0,0.0
2022-11-23 13:30:00-05:00,4.059999942779541,4.099999904632568,4.059999942779541,4.099999904632568,3006,0.0,0.0
2022-11-23 14:30:00-05:00,4.059999942779541,4.099999904632568,4.039999961853027,4.039999961853027,1582,0.0,0.0
2022-11-23 15:30:00-05:00,4.03000020980835,4.070000171661377,4.03000020980835,4.070000171661377,2372,0.0,0.0
2022-11-25 09:30:00-05:00,4.059999942779541,4.099999904632568,4.059999942779541,4.090099811553955,0,0.0,0.0
2022-11-25 10:30:00-05:00,4.09499979019165,4.139999866485596,4.09499979019165,4.139999866485596,5218,0.0,0.0
2022-11-25 11:30:00-05:00,4.110000133514404,4.119999885559082,4.020999908447266,4.070000171661377,6257,0.0,0.0
2022-11-25 12:30:00-05:00,4.085000038146973,4.170000076293945,4.070000171661377,4.170000076293945,0,0.0,0.0
2022-11-28 09:30:00-05:00,4.150000095367432,4.150000095367432,4.125,4.125,399,0.0,0.0
2022-11-28 10:30:00-05:00,4.139999866485596,4.139999866485596,4.029200077056885,4.090000152587891,1519,0.0,0.0
2022-11-28 11:30:00-05:00,4.090000152587891,4.090000152587891,4.050000190734863,4.079999923706055,990,0.0,0.0
2022-11-28 12:30:00-05:00,4.079999923706055,4.079999923706055,4.019999980926514,4.033299922943115,8162,0.0,0.0
2022-11-28 13:30:00-05:00,4.050000190734863,4.050000190734863,4.026500225067139,4.039999961853027,1213,0.0,0.0
2022-11-28 15:30:00-05:00,4.010000228881836,4.019999980926514,3.9700000286102295,4.0,0,0.0,0.0
2022-11-29 09:30:00-05:00,3.9200000762939453,3.990000009536743,3.880000114440918,3.880000114440918,5498,0.0,0.0
2022-11-29 10:30:00-05:00,3.8857998847961426,3.890000104904175,3.693700075149536,3.765000104904175,6509,0.0,0.0
2022-11-29 11:30:00-05:00,3.740000009536743,3.740000009536743,3.740000009536743,3.740000009536743,182,0.0,0.0
2022-11-29 14:30:00-05:00,3.740000009536743,3.740000009536743,3.680000066757202,3.680000066757202,3576,0.0,0.0
2022-11-29 15:30:00-05:00,3.6549999713897705,3.690000057220459,3.6549999713897705,3.690000057220459,2707,0.0,0.0
2022-11-30 09:30:00-05:00,3.509999990463257,3.609999895095825,3.509999990463257,3.559999942779541,7913,0.0,0.0
2022-11-30 10:30:00-05:00,3.4800000190734863,3.599900007247925,3.4700000286102295,3.5,6774,0.0,0.0
2022-11-30 11:30:00-05:00,3.5,3.5299999713897705,3.490000009536743,3.5,2974,0.0,0.0
2022-11-30 12:30:00-05:00,3.4700000286102295,3.5,3.375,3.4059998989105225,5457,0.0,0.0
2022-11-30 13:30:00-05:00,3.4100000858306885,3.5299999713897705,3.380000114440918,3.5299999713897705,6696,0.0,0.0
2022-11-30 14:30:00-05:00,3.4800000190734863,3.511699914932251,3.4049999713897705,3.4800000190734863,3217,0.0,0.0
2022-11-30 15:30:00-05:00,3.4800000190734863,3.505000114440918,3.4700000286102295,3.4800000190734863,6297,0.0,0.0
2022-12-01 09:30:00-05:00,3.450000047683716,3.559999942779541,3.444999933242798,3.559999942779541,4406,0.0,0.0
2022-12-01 10:30:00-05:00,3.630000114440918,3.640000104904175,3.609999895095825,3.6201000213623047,10753,0.0,0.0
2022-12-01 11:30:00-05:00,3.630000114440918,3.7425999641418457,3.630000114440918,3.7293999195098877,6447,0.0,0.0
2022-12-01 12:30:00-05:00,3.6700000762939453,3.6700000762939453,3.630000114440918,3.640000104904175,965,0.0,0.0
2022-12-01 13:30:00-05:00,3.6500000953674316,3.680000066757202,3.625,3.6700000762939453,2901,0.0,0.0
2022-12-01 14:30:00-05:00,3.700000047683716,3.7300000190734863,3.6700000762939453,3.7300000190734863,1245,0.0,0.0
2022-12-01 15:30:00-05:00,3.6700000762939453,3.700000047683716,3.6600000858306885,3.700000047683716,0,0.0,0.0
2022-12-02 09:30:00-05:00,3.734800100326538,3.8399999141693115,3.7200000286102295,3.8399999141693115,3534,0.0,0.0
2022-12-02 10:30:00-05:00,3.7899999618530273,4.019899845123291,3.789900064468384,3.990000009536743,5334,0.0,0.0
2022-12-02 11:30:00-05:00,3.870500087738037,4.039999961853027,3.799999952316284,3.799999952316284,8145,0.0,0.0
2022-12-02 12:30:00-05:00,3.809999942779541,4.019999980926514,3.5799999237060547,3.7899999618530273,12555,0.0,0.0
2022-12-02 13:30:00-05:00,3.9663000106811523,3.9663000106811523,3.9663000106811523,3.9663000106811523,270,0.0,0.0
2022-12-02 14:30:00-05:00,3.9000000953674316,3.9100000858306885,3.815000057220459,3.815000057220459,758,0.0,0.0
2022-12-02 15:30:00-05:00,3.8206000328063965,3.8499999046325684,3.759999990463257,3.759999990463257,2790,0.0,0.0
2022-12-05 09:30:00-05:00,3.819999933242798,3.880000114440918,3.799999952316284,3.819999933242798,0,0.0,0.0
2022-12-05 10:30:00-05:00,3.7500998973846436,3.8399999141693115,3.7500998973846436,3.8399999141693115,677,0.0,0.0
2022-12-05 11:30:00-05:00,3.75,3.75,3.75,3.75,160,0.0,0.0
2022-12-05 12:30:00-05:00,3.7899999618530273,3.880000114440918,3.759999990463257,3.880000114440918,5879,0.0,0.0
2022-12-05 13:30:00-05:00,3.8399999141693115,3.930000066757202,3.7750000953674316,3.869999885559082,4689,0.0,0.0
2022-12-05 14:30:00-05:00,3.930000066757202,3.930000066757202,3.859999895095825,3.869999885559082,1956,0.0,0.0
2022-12-05 15:30:00-05:00,3.819999933242798,3.869999885559082,3.799999952316284,3.869999885559082,4734,0.0,0.0
2022-12-06 09:30:00-05:00,3.80430006980896,3.859999895095825,3.7699999809265137,3.8299999237060547,0,0.0,0.0
2022-12-06 10:30:00-05:00,3.9000000953674316,3.940000057220459,3.884999990463257,3.940000057220459,658,0.0,0.0
2022-12-06 11:30:00-05:00,3.940000057220459,3.990000009536743,3.940000057220459,3.9700000286102295,3241,0.0,0.0
2022-12-06 12:30:00-05:00,3.9800000190734863,3.990000009536743,3.9100000858306885,3.9100000858306885,6572,0.0,0.0
2022-12-06 13:30:00-05:00,3.890000104904175,3.9000000953674316,3.7600998878479004,3.7600998878479004,1795,0.0,0.0
2022-12-06 14:30:00-05:00,3.7899999618530273,3.819999933242798,3.7899999618530273,3.819999933242798,1705,0.0,0.0
2022-12-06 15:30:00-05:00,3.8499999046325684,3.859999895095825,3.805000066757202,3.805000066757202,0,0.0,0.0
2022-12-07 09:30:00-05:00,3.75,3.8399999141693115,3.75,3.7760000228881836,859,0.0,0.0
2022-12-07 10:30:00-05:00,3.7600998878479004,3.809999942779541,3.759999990463257,3.809999942779541,1868,0.0,0.0
2022-12-07 12:30:00-05:00,3.805000066757202,3.809999942779541,3.799999952316284,3.809999942779541,1194,0.0,0.0
2022-12-07 13:30:00-05:00,3.7750000953674316,3.8499999046325684,3.6800999641418457,3.6800999641418457,9492,0.0,0.0
2022-12-07 14:30:00-05:00,3.7054998874664307,3.819999933242798,3.7054998874664307,3.819999933242798,2384,0.0,0.0
2022-12-07 15:30:00-05:00,3.740000009536743,3.7899999618530273,3.740000009536743,3.7899999618530273,1887,0.0,0.0
2022-12-08 09:30:00-05:00,3.819999933242798,3.930000066757202,3.819999933242798,3.930000066757202,1587,0.0,0.0
2022-12-08 10:30:00-05:00,3.884999990463257,3.9600000381469727,3.884999990463257,3.9600000381469727,2372,0.0,0.0
2022-12-08 11:30:00-05:00,3.9200000762939453,4.0,3.8120999336242676,4.0,19412,0.0,0.0
2022-12-08 12:30:00-05:00,3.9600000381469727,3.9600000381469727,3.8499999046325684,3.868000030517578,15465,0.0,0.0
2022-12-08 13:30:00-05:00,3.880000114440918,3.9000000953674316,3.8499999046325684,3.859999895095825,10707,0.0,0.0
2022-12-08 14:30:00-05:00,3.9270999431610107,3.9270999431610107,3.8499999046325684,3.8499999046325684,487,0.0,0.0
2022-12-08 15:30:00-05:00,3.9000000953674316,3.9000000953674316,3.799999952316284,3.799999952316284,1411,0.0,0.0
2022-12-09 09:30:00-05:00,3.9251999855041504,3.9251999855041504,3.9251999855041504,3.9251999855041504,241,0.0,0.0
2022-12-09 11:30:00-05:00,3.9200000762939453,3.9200000762939453,3.869999885559082,3.869999885559082,1640,0.0,0.0
2022-12-09 12:30:00-05:00,3.859999895095825,3.880000114440918,3.859999895095825,3.869999885559082,963,0.0,0.0
2022-12-09 13:30:00-05:00,3.869999885559082,3.869999885559082,3.8499999046325684,3.869999885559082,1315,0.0,0.0
2022-12-09 14:30:00-05:00,3.869999885559082,3.869999885559082,3.869999885559082,3.869999885559082,207,0.0,0.0
2022-12-09 15:30:00-05:00,3.865000009536743,3.890000104904175,3.859999895095825,3.890000104904175,2711,0.0,0.0
2022-12-12 09:30:00-05:00,3.880000114440918,3.880000114440918,3.865000009536743,3.868799924850464,0,0.0,0.0
2022-12-12 10:30:00-05:00,3.880000114440918,3.880000114440918,3.8499999046325684,3.8499999046325684,6510,0.0,0.0
2022-12-12 12:30:00-05:00,3.799999952316284,3.799999952316284,3.799999952316284,3.799999952316284,2016,0.0,0.0
2022-12-12 13:30:00-05:00,3.7899999618530273,3.8499999046325684,3.7899999618530273,3.819999933242798,1157,0.0,0.0
2022-12-12 14:30:00-05:00,3.819999933242798,3.880000114440918,3.819999933242798,3.880000114440918,2416,0.0,0.0
2022-12-12 15:30:00-05:00,3.865000009536743,3.880000114440918,3.8499999046325684,3.865000009536743,2101,0.0,0.0
2022-12-13 09:30:00-05:00,3.809999942779541,3.880000114440918,3.7300000190734863,3.749500036239624,0,0.0,0.0
2022-12-13 11:30:00-05:00,3.700000047683716,3.72160005569458,3.700000047683716,3.72160005569458,1378,0.0,0.0
2022-12-13 12:30:00-05:00,3.700000047683716,3.73799991607666,3.700000047683716,3.73799991607666,840,0.0,0.0
2022-12-13 14:30:00-05:00,3.7699999809265137,3.7699999809265137,3.700000047683716,3.700000047683716,1725,0.0,0.0
2022-12-13 15:30:00-05:00,3.6500000953674316,3.740000009536743,3.6500000953674316,3.740000009536743,0,0.0,0.0
2022-12-14 09:30:00-05:00,3.8459999561309814,3.8459999561309814,3.680000066757202,3.7300000190734863,3998,0.0,0.0
2022-12-14 10:30:00-05:00,3.7300000190734863,3.7300000190734863,3.6619999408721924,3.694999933242798,3324,0.0,0.0
2022-12-14 11:30:00-05:00,3.6600000858306885,3.674999952316284,3.622999906539917,3.622999906539917,1322,0.0,0.0
2022-12-14 13:30:00-05:00,3.575000047683716,3.5999999046325684,3.575000047683716,3.5850000381469727,906,0.0,0.0
2022-12-14 14:30:00-05:00,3.619999885559082,3.6600000858306885,3.5652999877929688,3.6500000953674316,4669,0.0,0.0
2022-12-14 15:30:00-05:00,3.6050000190734863,3.630000114440918,3.5999999046325684,3.630000114440918,2491,0.0,0.0
2022-12-15 09:30:00-05:00,3.5999999046325684,3.740000009536743,3.559999942779541,3.6500000953674316,1430,0.0,0.0
2022-12-15 10:30:00-05:00,3.6500000953674316,3.7130000591278076,3.549999952316284,3.575000047683716,5441,0.0,0.0
2022-12-15 11:30:00-05:00,3.575000047683716,3.5999999046325684,3.575000047683716,3.5799999237060547,3059,0.0,0.0
2022-12-15 12:30:00-05:00,3.5799999237060547,3.5799999237060547,3.549999952316284,3.549999952316284,1540,0.0,0.0
2022-12-15 13:30:00-05:00,3.559999942779541,3.5999999046325684,3.5199999809265137,3.5399999618530273,1856,0.0,0.0
2022-12-15 14:30:00-05:00,3.5399999618530273,3.5999999046325684,3.5399999618530273,3.549999952316284,4206,0.0,0.0
2022-12-15 15:30:00-05:00,3.549999952316284,3.5999999046325684,3.5399999618530273,3.559999942779541,2971,0.0,0.0
2022-12-16 09:30:00-05:00,3.559999942779541,3.5899999141693115,3.4800000190734863,3.4800000190734863,0,0.0,0.0
2022-12-16 10:30:00-05:00,3.555000066757202,3.555000066757202,3.555000066757202,3.555000066757202,418,0.0,0.0
2022-12-16 11:30:00-05:00,3.5199999809265137,3.5199999809265137,3.5185999870300293,3.5185999870300293,439,0.0,0.0
2022-12-16 12:30:00-05:00,3.48009991645813,3.559999942779541,3.48009991645813,3.559999942779541,4711,0.0,0.0
2022-12-16 13:30:00-05:00,3.549999952316284,3.5899999141693115,3.4927000999450684,3.4927000999450684,2631,0.0,0.0
2022-12-16 14:30:00-05:00,3.5,3.5799999237060547,3.5,3.5799999237060547,1892,0.0,0.0
2022-12-16 15:30:00-05:00,3.5399999618530273,3.569999933242798,3.5199999809265137,3.5299999713897705,1986,0.0,0.0
2022-12-19 09:30:00-05:00,3.515000104904175,3.5199999809265137,3.4769999980926514,3.5199999809265137,0,0.0,0.0
2022-12-19 10:30:00-05:00,3.484999895095825,3.5399999618530273,3.4800000190734863,3.5,5552,0.0,0.0
2022-12-19 11:30:00-05:00,3.4744999408721924,3.5541999340057373,3.4744999408721924,3.5299999713897705,1523,0.0,0.0
2022-12-19 12:30:00-05:00,3.5399999618530273,3.5999999046325684,3.5399999618530273,3.549999952316284,5019,0.0,0.0
2022-12-19 13:30:00-05:00,3.5999999046325684,3.5999999046325684,3.550100088119507,3.5999999046325684,741,0.0,0.0
2022-12-19 14:30:00-05:00,3.559999942779541,3.559999942779541,3.5250000953674316,3.549999952316284,3206,0.0,0.0
2022-12-19 15:30:00-05:00,3.549999952316284,3.5799999237060547,3.509999990463257,3.5799999237060547,8400,0.0,0.0
2022-12-20 09:30:00-05:00,3.5,3.5799999237060547,3.5,3.5799999237060547,0,0.0,0.0
2022-12-20 10:30:00-05:00,3.5199999809265137,3.5199999809265137,3.5199999809265137,3.5199999809265137,347,0.0,0.0
2022-12-20 11:30:00-05:00,3.569999933242798,3.569999933242798,3.569999933242798,3.569999933242798,522,0.0,0.0
2022-12-20 12:30:00-05:00,3.5999999046325684,3.609999895095825,3.565000057220459,3.5999999046325684,998,0.0,0.0
2022-12-20 14:30:00-05:00,3.5999999046325684,3.5999999046325684,3.555000066757202,3.5999999046325684,2702,0.0,0.0
2022-12-20 15:30:00-05:00,3.555000066757202,3.5999999046325684,3.555000066757202,3.5999999046325684,805,0.0,0.0
2022-12-21 09:30:00-05:00,3.5748000144958496,3.6078999042510986,3.5748000144958496,3.6078999042510986,0,0.0,0.0
2022-12-21 10:30:00-05:00,3.5999999046325684,3.630000114440918,3.549999952316284,3.5999999046325684,8987,0.0,0.0
2022-12-21 11:30:00-05:00,3.5999999046325684,3.5999999046325684,3.5999999046325684,3.5999999046325684,17725,0.0,0.0
2022-12-21 12:30:00-05:00,3.619999885559082,3.630000114440918,3.5950000286102295,3.600100040435791,12380,0.0,0.0
2022-12-21 13:30:00-05:00,3.590100049972534,3.590100049972534,3.590100049972534,3.590100049972534,5097,0.0,0.0
2022-12-21 14:30:00-05:00,3.5950000286102295,3.640000104904175,3.5899999141693115,3.5950000286102295,1471,0.0,0.0
2022-12-21 15:30:00-05:00,3.5999999046325684,3.630000114440918,3.5999999046325684,3.630000114440918,611,0.0,0.0
2022-12-22 09:30:00-05:00,3.549999952316284,3.5899999141693115,3.549999952316284,3.5899999141693115,2566,0.0,0.0
2022-12-22 10:30:00-05:00,3.5799999237060547,3.609999895095825,3.549999952316284,3.609999895095825,11125,0.0,0.0
2022-12-22 12:30:00-05:00,3.740000009536743,3.740000009536743,3.740000009536743,3.740000009536743,346,0.0,0.0
2022-12-22 13:30:00-05:00,3.6740000247955322,3.680000066757202,3.6642000675201416,3.680000066757202,1200,0.0,0.0
2022-12-22 14:30:00-05:00,3.6600000858306885,3.700000047683716,3.658400058746338,3.700000047683716,1284,0.0,0.0
2022-12-22 15:30:00-05:00,3.6649999618530273,3.680000066757202,3.6500000953674316,3.680000066757202,2814,0.0,0.0
2022-12-23 09:30:00-05:00,3.680000066757202,3.680000066757202,3.6257998943328857,3.680000066757202,0,0.0,0.0
2022-12-23 10:30:00-05:00,3.619999885559082,3.75,3.619999885559082,3.740000009536743,2263,0.0,0.0
2022-12-23 12:30:00-05:00,3.651700019836426,3.70989990234375,3.651700019836426,3.680000066757202,2913,0.0,0.0
2022-12-23 13:30:00-05:00,3.694999933242798,3.740000009536743,3.6691999435424805,3.6691999435424805,1308,0.0,0.0
2022-12-23 14:30:00-05:00,3.700000047683716,3.7300000190734863,3.700000047683716,3.7300000190734863,535,0.0,0.0
2022-12-23 15:30:00-05:00,3.680000066757202,3.7100000381469727,3.680000066757202,3.7100000381469727,788,0.0,0.0
2022-12-27 09:30:00-05:00,3.6700000762939453,3.7219998836517334,3.663100004196167,3.7219998836517334,0,0.0,0.0
2022-12-27 10:30:00-05:00,3.740000009536743,3.7799999713897705,3.6621999740600586,3.7799999713897705,916,0.0,0.0
2022-12-27 11:30:00-05:00,3.7899999618530273,3.799999952316284,3.623300075531006,3.623300075531006,7565,0.0,0.0
2022-12-27 12:30:00-05:00,3.7311999797821045,3.740000009536743,3.7311999797821045,3.740000009536743,996,0.0,0.0
2022-12-27 13:30:00-05:00,3.75,3.75,3.7100000381469727,3.7200000286102295,1093,0.0,0.0
2022-12-27 14:30:00-05:00,3.7100000381469727,3.740000009536743,3.655900001525879,3.655900001525879,3784,0.0,0.0
2022-12-27 15:30:00-05:00,3.6600000858306885,3.700000047683716,3.6549999713897705,3.700000047683716,1518,0.0,0.0
2022-12-28 09:30:00-05:00,3.634999990463257,3.700000047683716,3.619999885559082,3.634999990463257,13481,0.0,0.0
2022-12-28 10:30:00-05:00,3.634999990463257,3.634999990463257,3.630000114440918,3.630000114440918,408,0.0,0.0
2022-12-28 11:30:00-05:00,3.5999999046325684,3.625,3.5999999046325684,3.609800100326538,2617,0.0,0.0
2022-12-28 12:30:00-05:00,3.5899999141693115,3.5999999046325684,3.569999933242798,3.5999999046325684,4814,0.0,0.0
2022-12-28 13:30:00-05:00,3.571899890899658,3.5799999237060547,3.549999952316284,3.5799999237060547,1830,0.0,0.0
2022-12-28 14:30:00-05:00,3.549999952316284,3.549999952316284,3.5,3.5,6566,0.0,0.0
2022-12-28 15:30:00-05:00,3.4800000190734863,3.5,3.4600000381469727,3.4600000381469727,3458,0.0,0.0
2022-12-29 09:30:00-05:00,3.5399999618530273,3.5399999618530273,3.450000047683716,3.460099935531616,10176,0.0,0.0
2022-12-29 10:30:00-05:00,3.41129994392395,3.41129994392395,3.3733999729156494,3.4100000858306885,1052,0.0,0.0
2022-12-29 11:30:00-05:00,3.4049999713897705,3.4100000858306885,3.390000104904175,3.4000000953674316,1249,0.0,0.0
2022-12-29 12:30:00-05:00,3.4000000953674316,3.4000000953674316,3.3310000896453857,3.3399999141693115,2845,0.0,0.0
2022-12-29 13:30:00-05:00,3.3399999141693115,3.3949999809265137,3.3350000381469727,3.3399999141693115,11064,0.0,0.0
2022-12-29 14:30:00-05:00,3.3966000080108643,3.4200000762939453,3.3499999046325684,3.3499999046325684,2998,0.0,0.0
2022-12-29 15:30:00-05:00,3.364000082015991,3.4000000953674316,3.299999952316284,3.299999952316284,3690,0.0,0.0
2022-12-30 09:30:00-05:00,3.299999952316284,3.299999952316284,3.2899999618530273,3.2899999618530273,4155,0.0,0.0
2022-12-30 10:30:00-05:00,3.299999952316284,3.299999952316284,3.2750000953674316,3.299999952316284,1792,0.0,0.0
2022-12-30 11:30:00-05:00,3.325000047683716,3.3499999046325684,3.325000047683716,3.338399887084961,7150,0.0,0.0
2022-12-30 12:30:00-05:00,3.3450000286102295,3.4014999866485596,3.3450000286102295,3.4014999866485596,10248,0.0,0.0
2022-12-30 13:30:00-05:00,3.375,3.4100000858306885,3.369999885559082,3.3970999717712402,3303,0.0,0.0
2022-12-30 14:30:00-05:00,3.450000047683716,3.450000047683716,3.408600091934204,3.408600091934204,981,0.0,0.0
2022-12-30 15:30:00-05:00,3.4200000762939453,3.4200000762939453,3.369999885559082,3.390000104904175,3465,0.0,0.0
2023-01-03 09:30:00-05:00,3.4749999046325684,3.4800000190734863,3.4749999046325684,3.4800000190734863,0,0.0,0.0
2023-01-03 10:30:00-05:00,3.450000047683716,3.4509999752044678,3.410099983215332,3.430000066757202,4673,0.0,0.0
2023-01-03 11:30:00-05:00,3.430000066757202,3.4800000190734863,3.380000114440918,3.4800000190734863,18608,0.0,0.0
2023-01-03 12:30:00-05:00,3.4800000190734863,3.4800000190734863,3.4500999450683594,3.458699941635132,4325,0.0,0.0
2023-01-03 13:30:00-05:00,3.4600000381469727,3.4600000381469727,3.4549999237060547,3.4600000381469727,1215,0.0,0.0
2023-01-03 14:30:00-05:00,3.4600000381469727,3.4600000381469727,3.4600000381469727,3.4600000381469727,991,0.0,0.0
2023-01-03 15:30:00-05:00,3.490000009536743,3.490000009536743,3.4100000858306885,3.440000057220459,2788,0.0,0.0
2023-01-04 09:30:00-05:00,3.569999933242798,3.569999933242798,3.4800000190734863,3.5199999809265137,0,0.0,0.0
2023-01-04 10:30:00-05:00,3.5250000953674316,3.5799999237060547,3.5250000953674316,3.5799999237060547,314,0.0,0.0
2023-01-04 11:30:00-05:00,3.549999952316284,3.565000057220459,3.4800000190734863,3.4800000190734863,4645,0.0,0.0
2023-01-04 12:30:00-05:00,3.4300999641418457,3.450000047683716,3.4300999641418457,3.440000057220459,3018,0.0,0.0
2023-01-04 13:30:00-05:00,3.5422000885009766,3.5422000885009766,3.5422000885009766,3.5422000885009766,236,0.0,0.0
2023-01-04 15:30:00-05:00,3.5,3.5299999713897705,3.490000009536743,3.5299999713897705,3538,0.0,0.0
2023-01-05 09:30:00-05:00,3.510999917984009,3.5114998817443848,3.4865000247955322,3.4865000247955322,1526,0.0,0.0
2023-01-05 10:30:00-05:00,3.4019999504089355,3.4100000858306885,3.4019999504089355,3.4100000858306885,750,0.0,0.0
2023-01-05 11:30:00-05:00,3.4245998859405518,3.4245998859405518,3.4100000858306885,3.4100000858306885,2270,0.0,0.0
2023-01-05 13:30:00-05:00,3.440000057220459,3.440000057220459,3.436800003051758,3.436800003051758,1073,0.0,0.0
2023-01-05 14:30:00-05:00,3.450000047683716,3.4514000415802,3.4453001022338867,3.4453001022338867,6444,0.0,0.0
2023-01-06 09:30:00-05:00,3.430000066757202,3.430000066757202,3.319999933242798,3.319999933242798,0,0.0,0.0
2023-01-06 10:30:00-05:00,3.319999933242798,3.3499999046325684,3.319999933242798,3.3399999141693115,4788,0.0,0.0
2023-01-06 11:30:00-05:00,3.4000000953674316,3.4309000968933105,3.4000000953674316,3.430000066757202,1232,0.0,0.0
2023-01-06 12:30:00-05:00,3.440000057220459,3.490000009536743,3.380000114440918,3.4749999046325684,5338,0.0,0.0
2023-01-06 13:30:00-05:00,3.450000047683716,3.450000047683716,3.450000047683716,3.450000047683716,8608,0.0,0.0
2023-01-06 15:30:00-05:00,3.359999895095825,3.359999895095825,3.359999895095825,3.359999895095825,137,0.0,0.0
2023-01-09 09:30:00-05:00,3.3299999237060547,3.4600000381469727,3.3299999237060547,3.450000047683716,1026,0.0,0.0
2023-01-09 11:30:00-05:00,3.369999885559082,3.4100000858306885,3.369999885559082,3.4100000858306885,4001,0.0,0.0
2023-01-09 12:30:00-05:00,3.4100000858306885,3.4200000762939453,3.4100000858306885,3.4100000858306885,481,0.0,0.0
2023-01-09 13:30:00-05:00,3.4100000858306885,3.4200000762939453,3.390000104904175,3.4200000762939453,7894,0.0,0.0
2023-01-09 14:30:00-05:00,3.450000047683716,3.450000047683716,3.450000047683716,3.450000047683716,671,0.0,0.0
2023-01-09 15:30:00-05:00,3.430000066757202,3.430000066757202,3.4000000953674316,3.4000000953674316,0,0.0,0.0
2023-01-10 10:30:00-05:00,3.4600000381469727,3.5,3.434799909591675,3.5,4326,0.0,0.0
2023-01-10 13:30:00-05:00,3.490000009536743,3.5,3.490000009536743,3.5,611,0.0,0.0
2023-01-10 14:30:00-05:00,3.4540998935699463,3.5,3.4540998935699463,3.5,1895,0.0,0.0
2023-01-10 15:30:00-05:00,3.490000009536743,3.5399999618530273,3.490000009536743,3.5399999618530273,0,0.0,0.0
2023-01-11 09:30:00-05:00,3.5399999618530273,3.5399999618530273,3.4600000381469727,3.4600000381469727,559,0.0,0.0
2023-01-11 10:30:00-05:00,3.490000009536743,3.5,3.4600000381469727,3.4649999141693115,9456,0.0,0.0
2023-01-11 11:30:00-05:00,3.4809000492095947,3.5,3.4700000286102295,3.4700000286102295,2822,0.0,0.0
2023-01-11 12:30:00-05:00,3.490000009536743,3.5,3.4200000762939453,3.442500114440918,12155,0.0,0.0
2023-01-11 13:30:00-05:00,3.4100000858306885,3.450000047683716,3.4000000953674316,3.4100000858306885,2848,0.0,0.0
2023-01-11 14:30:00-05:00,3.4000000953674316,3.424999952316284,3.380000114440918,3.4000000953674316,35252,0.0,0.0
2023-01-11 15:30:00-05:00,3.4001998901367188,3.4075000286102295,3.0399999618530273,3.069999933242798,8074,0.0,0.0
2023-01-12 09:30:00-05:00,3.119999885559082,3.2699999809265137,3.119999885559082,3.20770001411438,17691,0.0,0.0
2023-01-12 10:30:00-05:00,3.2600998878479004,3.2600998878479004,3.259999990463257,3.259999990463257,1532,0.0,0.0
2023-01-12 11:30:00-05:00,3.2200000286102295,3.259999990463257,3.200000047683716,3.200000047683716,1480,0.0,0.0
2023-01-12 12:30:00-05:00,3.225399971008301,3.240000009536743,3.200000047683716,3.2300000190734863,782,0.0,0.0
2023-01-12 15:30:00-05:00,3.240000009536743,3.240000009536743,3.059999942779541,3.059999942779541,17107,0.0,0.0
2023-01-13 09:30:00-05:00,3.0999999046325684,3.1821999549865723,3.0209999084472656,3.1821999549865723,4381,0.0,0.0
2023-01-13 10:30:00-05:00,3.1549999713897705,3.1700000762939453,2.950000047683716,3.0799999237060547,13761,0.0,0.0
2023-01-13 11:30:00-05:00,3.1549999713897705,3.190000057220459,3.1500000953674316,3.190000057220459,7038,0.0,0.0
2023-01-13 12:30:00-05:00,3.190000057220459,3.199399948120117,3.190000057220459,3.199399948120117,845,0.0,0.0
2023-01-13 13:30:00-05:00,3.180000066757202,3.180000066757202,3.180000066757202,3.180000066757202,232,0.0,0.0
2023-01-13 14:30:00-05:00,3.119999885559082,3.119999885559082,3.119999885559082,3.119999885559082,505,0.0,0.0
2023-01-13 15:30:00-05:00,3.0799999237060547,3.1198999881744385,3.0,3.009999990463257,8151,0.0,0.0
2023-01-17 09:30:00-05:00,2.9800000190734863,3.077899932861328,2.9700000286102295,3.077899932861328,12466,0.0,0.0
2023-01-17 10:30:00-05:00,3.0,3.0192999839782715,2.9700000286102295,3.0137999057769775,4722,0.0,0.0
2023-01-17 11:30:00-05:00,3.0199999809265137,3.059999942779541,3.0199999809265137,3.0299999713897705,1698,0.0,0.0
2023-01-17 12:30:00-05:00,3.009999990463257,3.009999990463257,2.9700000286102295,2.9700000286102295,4102,0.0,0.0
2023-01-17 13:30:00-05:00,2.970099925994873,2.986599922180176,2.9600000381469727,2.9600000381469727,3922,0.0,0.0
2023-01-17 14:30:00-05:00,2.9649999141693115,2.9649999141693115,2.930000066757202,2.9600000381469727,3386,0.0,0.0
2023-01-17 15:30:00-05:00,2.9700000286102295,2.9700000286102295,2.930000066757202,2.9700000286102295,1976,0.0,0.0
2023-01-18 09:30:00-05:00,3.0,3.0399999618530273,3.0,3.0000998973846436,0,0.0,0.0
2023-01-18 10:30:00-05:00,2.9999001026153564,3.0,2.990000009536743,3.0,1930,0.0,0.0
2023-01-18 11:30:00-05:00,3.009999990463257,3.0199999809265137,3.0,3.0199999809265137,3166,0.0,0.0
2023-01-18 12:30:00-05:00,3.0199999809265137,3.0199999809265137,2.990000009536743,3.0,3051,0.0,0.0
2023-01-18 13:30:00-05:00,3.0,3.0,2.990000009536743,2.990000009536743,576,0.0,0.0
2023-01-18 14:30:00-05:00,2.992799997329712,3.0179998874664307,2.992799997329712,3.005000114440918,7750,0.0,0.0
2023-01-18 15:30:00-05:00,3.0299999713897705,3.0299999713897705,3.0299999713897705,3.0299999713897705,310,0.0,0.0
2023-01-19 09:30:00-05:00,3.009999990463257,3.0299999713897705,3.009999990463257,3.0199999809265137,0,0.0,0.0
2023-01-19 12:30:00-05:00,3.0,3.0,2.9700000286102295,2.970099925994873,562,0.0,0.0
2023-01-19 13:30:00-05:00,2.984999895095825,3.0,2.9800000190734863,2.9800000190734863,840,0.0,0.0
2023-01-19 14:30:00-05:00,2.971100091934204,2.9800000190734863,2.9700000286102295,2.9800000190734863,635,0.0,0.0
2023-01-19 15:30:00-05:00,3.0,3.0,3.0,3.0,0,0.0,0.0
2023-01-20 09:30:00-05:00,3.0,3.0,3.0,3.0,473,0.0,0.0
2023-01-20 10:30:00-05:00,2.990000009536743,2.990000009536743,2.990000009536743,2.990000009536743,104,0.0,0.0
2023-01-20 11:30:00-05:00,2.9628000259399414,2.963200092315674,2.9495999813079834,2.9495999813079834,752,0.0,0.0
2023-01-20 12:30:00-05:00,2.950000047683716,2.972599983215332,2.930000066757202,2.940000057220459,918,0.0,0.0
2023-01-20 13:30:00-05:00,2.930000066757202,2.934999942779541,2.9100000858306885,2.934999942779541,3715,0.0,0.0
2023-01-20 14:30:00-05:00,2.9100000858306885,2.930000066757202,2.9100000858306885,2.9149999618530273,8122,0.0,0.0
2023-01-20 15:30:00-05:00,2.924999952316284,2.924999952316284,2.9000000953674316,2.9000000953674316,675,0.0,0.0
2023-01-23 09:30:00-05:00,2.930000066757202,2.930000066757202,2.8499999046325684,2.859999895095825,5539,0.0,0.0
2023-01-23 10:30:00-05:00,2.869999885559082,2.880000114440918,2.8580000400543213,2.880000114440918,2054,0.0,0.0
2023-01-23 11:30:00-05:00,2.8801000118255615,2.9000000953674316,2.869999885559082,2.869999885559082,6095,0.0,0.0
2023-01-23 12:30:00-05:00,2.875,2.880000114440918,2.869999885559082,2.875,1930,0.0,0.0
2023-01-23 13:30:00-05:00,2.869999885559082,2.8798999786376953,2.859999895095825,2.869999885559082,1812,0.0,0.0
2023-01-23 14:30:00-05:00,2.859999895095825,2.859999895095825,2.840100049972534,2.840100049972534,691,0.0,0.0
2023-01-23 15:30:00-05:00,2.869999885559082,2.880000114440918,2.859999895095825,2.865000009536743,0,0.0,0.0
2023-01-24 09:30:00-05:00,2.819999933242798,2.8499999046325684,2.819999933242798,2.8499999046325684,1564,0.0,0.0
2023-01-24 10:30:00-05:00,2.8315999507904053,2.8399999141693115,2.799999952316284,2.839900016784668,5208,0.0,0.0
2023-01-24 13:30:00-05:00,2.809999942779541,2.809999942779541,2.809999942779541,2.809999942779541,138,0.0,0.0
2023-01-24 14:30:00-05:00,2.800100088119507,2.809999942779541,2.799999952316284,2.799999952316284,14801,0.0,0.0
2023-01-24 15:30:00-05:00,2.799999952316284,2.8069000244140625,2.799999952316284,2.8069000244140625,397,0.0,0.0
2023-01-25 09:30:00-05:00,2.700000047683716,2.7799999713897705,2.700000047683716,2.7699999809265137,5030,0.0,0.0
2023-01-25 10:30:00-05:00,2.755000114440918,2.7799999713897705,2.755000114440918,2.7799999713897705,4768,0.0,0.0
2023-01-25 11:30:00-05:00,2.799999952316284,2.8299999237060547,2.7799999713897705,2.8299999237060547,12747,0.0,0.0
2023-01-25 13:30:00-05:00,2.8299999237060547,2.8691999912261963,2.8299999237060547,2.8664000034332275,14202,0.0,0.0
2023-01-25 14:30:00-05:00,2.8680999279022217,2.8949999809265137,2.8680999279022217,2.8949999809265137,2655,0.0,0.0
2023-01-25 15:30:00-05:00,2.890000104904175,2.9200000762939453,2.890000104904175,2.9200000762939453,3470,0.0,0.0
2023-01-26 09:30:00-05:00,2.9200000762939453,2.9463999271392822,2.9149999618530273,2.9463999271392822,0,0.0,0.0
2023-01-26 10:30:00-05:00,2.938199996948242,2.938199996948242,2.930000066757202,2.930000066757202,1606,0.0,0.0
2023-01-26 11:30:00-05:00,2.930000066757202,2.9600000381469727,2.930000066757202,2.9600000381469727,7079,0.0,0.0
2023-01-26 12:30:00-05:00,2.960099935531616,2.9749999046325684,2.9210000038146973,2.921999931335449,5138,0.0,0.0
2023-01-26 14:30:00-05:00,2.9326999187469482,2.9749999046325684,2.9326999187469482,2.9749999046325684,11217,0.0,0.0
2023-01-26 15:30:00-05:00,2.9600000381469727,3.0,2.9600000381469727,3.0,11361,0.0,0.0
2023-01-27 09:30:00-05:00,3.0,3.0,2.9999001026153564,3.0,3084,0.0,0.0
2023-01-27 10:30:00-05:00,3.0002999305725098,3.0002999305725098,2.9800000190734863,2.9800000190734863,4927,0.0,0.0
2023-01-27 11:30:00-05:00,2.9600000381469727,2.990000009536743,2.9600000381469727,2.9600000381469727,518,0.0,0.0
2023-01-27 12:30:00-05:00,2.9600000381469727,2.990000009536743,2.9600000381469727,2.9600000381469727,3304,0.0,0.0
2023-01-27 13:30:00-05:00,2.9600000381469727,2.9600000381469727,2.9000000953674316,2.9000000953674316,2109,0.0,0.0
2023-01-27 14:30:00-05:00,2.9000000953674316,2.940000057220459,2.8499999046325684,2.9000000953674316,11073,0.0,0.0
2023-01-27 15:30:00-05:00,2.9000000953674316,2.900099992752075,2.9000000953674316,2.9000000953674316,3850,0.0,0.0
2023-01-30 10:30:00-05:00,2.8427999019622803,2.9049999713897705,2.8427999019622803,2.9000000953674316,3389,0.0,0.0
2023-01-30 11:30:00-05:00,2.8731000423431396,2.949899911880493,2.8731000423431396,2.9467999935150146,1709,0.0,0.0
2023-01-30 12:30:00-05:00,2.9467999935150146,2.9999001026153564,2.9467999935150146,2.9749999046325684,3022,0.0,0.0
2023-01-30 13:30:00-05:00,2.970099925994873,2.990000009536743,2.970099925994873,2.9804000854492188,3230,0.0,0.0
2023-01-30 14:30:00-05:00,2.9800000190734863,2.990000009536743,2.950000047683716,2.950000047683716,2615,0.0,0.0
2023-01-30 15:30:00-05:00,2.9625000953674316,2.9625000953674316,2.9200000762939453,2.930000066757202,2227,0.0,0.0
2023-01-31 09:30:00-05:00,3.0,3.139899969100952,3.0,3.049999952316284,12975,0.0,0.0
2023-01-31 10:30:00-05:00,3.049999952316284,3.059999942779541,3.0,3.009999990463257,4915,0.0,0.0
2023-01-31 11:30:00-05:00,3.0,3.0815999507904053,3.0,3.071700096130371,2443,0.0,0.0
2023-01-31 12:30:00-05:00,3.0199999809265137,3.109999895095825,3.0199999809265137,3.069999933242798,5800,0.0,0.0
2023-01-31 13:30:00-05:00,3.079200029373169,3.0899999141693115,3.0,3.0350000858306885,5647,0.0,0.0
2023-01-31 14:30:00-05:00,3.0350000858306885,3.059999942779541,3.009999990463257,3.009999990463257,849,0.0,0.0
2023-01-31 15:30:00-05:00,3.069999933242798,3.069999933242798,3.0,3.0,4039,0.0,0.0
2023-02-01 09:30:00-05:00,2.890000104904175,2.990000009536743,2.799999952316284,2.990000009536743,16690,0.0,0.0
2023-02-01 10:30:00-05:00,3.009999990463257,3.079400062561035,3.009999990463257,3.049999952316284,1682,0.0,0.0
2023-02-01 11:30:00-05:00,3.0350000858306885,3.0350000858306885,3.0199999809265137,3.0199999809265137,645,0.0,0.0
2023-02-01 12:30:00-05:00,3.0416998863220215,3.0416998863220215,3.009999990463257,3.0199999809265137,514,0.0,0.0
2023-02-01 13:30:00-05:00,3.009999990463257,3.009999990463257,3.009999990463257,3.009999990463257,615,0.0,0.0
2023-02-01 14:30:00-05:00,3.0123000144958496,3.0199999809265137,2.950000047683716,2.9600000381469727,7714,0.0,0.0
2023-02-01 15:30:00-05:00,2.9700000286102295,2.990000009536743,2.9600000381469727,2.9600000381469727,2753,0.0,0.0
2023-02-02 09:30:00-05:00,2.9707999229431152,3.0199999809265137,2.9707999229431152,3.0,0,0.0,0.0
2023-02-02 10:30:00-05:00,3.009999990463257,3.0199999809265137,2.930000066757202,2.940000057220459,4104,0.0,0.0
2023-02-02 11:30:00-05:00,2.9600000381469727,2.998699903488159,2.9600000381469727,2.9600000381469727,1734,0.0,0.0
2023-02-02 12:30:00-05:00,3.0,3.0,2.9700000286102295,2.9700000286102295,5644,0.0,0.0
2023-02-02 14:30:00-05:00,2.9700000286102295,2.9767000675201416,2.9600000381469727,2.9767000675201416,989,0.0,0.0
2023-02-02 15:30:00-05:00,2.9600000381469727,2.9600000381469727,2.950000047683716,2.950000047683716,409,0.0,0.0
2023-02-03 09:30:00-05:00,2.9749999046325684,2.990000009536743,2.9665000438690186,2.9800000190734863,0,0.0,0.0
2023-02-03 10:30:00-05:00,3.0,3.0,2.9500999450683594,2.9500999450683594,2009,0.0,0.0
2023-02-03 11:30:00-05:00,3.0,3.0,2.9800000190734863,3.0,1019,0.0,0.0
2023-02-03 12:30:00-05:00,3.0,3.0,2.9700000286102295,2.9700000286102295,588,0.0,0.0
2023-02-03 13:30:00-05:00,2.9800000190734863,2.9800000190734863,2.9800000190734863,2.9800000190734863,381,0.0,0.0
2023-02-03 14:30:00-05:00,2.9700000286102295,2.9999001026153564,2.9700000286102295,2.9800000190734863,982,0.0,0.0
2023-02-03 15:30:00-05:00,2.9700000286102295,2.9800000190734863,2.9600000381469727,2.9749999046325684,1172,0.0,0.0
2023-02-06 09:30:00-05:00,2.9219000339508057,2.9800000190734863,2.9219000339508057,2.9800000190734863,1960,0.0,0.0
2023-02-06 10:30:00-05:00,2.9168999195098877,2.9700000286102295,2.8489999771118164,2.8489999771118164,11881,0.0,0.0
2023-02-06 11:30:00-05:00,2.9000000953674316,2.9000000953674316,2.859999895095825,2.8701000213623047,3291,0.0,0.0
2023-02-06 12:30:00-05:00,2.859999895095825,2.890000104904175,2.859999895095825,2.880000114440918,476,0.0,0.0
2023-02-06 13:30:00-05:00,2.875,2.881500005722046,2.859999895095825,2.859999895095825,11174,0.0,0.0
2023-02-06 14:30:00-05:00,2.878000020980835,2.878000020980835,2.859999895095825,2.8773000240325928,1507,0.0,0.0
2023-02-06 15:30:00-05:00,2.8717000484466553,2.8717000484466553,2.859999895095825,2.859999895095825,5028,0.0,0.0
2023-02-07 09:30:00-05:00,2.880000114440918,2.880000114440918,2.8499999046325684,2.8678998947143555,0,0.0,0.0
2023-02-07 10:30:00-05:00,2.869999885559082,2.869999885559082,2.8566999435424805,2.8566999435424805,410,0.0,0.0
2023-02-07 11:30:00-05:00,2.865000009536743,2.865000009536743,2.865000009536743,2.865000009536743,124,0.0,0.0
2023-02-07 12:30:00-05:00,2.8499999046325684,2.8499999046325684,2.8499999046325684,2.8499999046325684,7643,0.0,0.0
2023-02-07 13:30:00-05:00,2.8399999141693115,2.8550000190734863,2.8399999141693115,2.8550000190734863,334,0.0,0.0
2023-02-07 14:30:00-05:00,2.8499999046325684,2.880000114440918,2.8499999046325684,2.8499999046325684,10803,0.0,0.0
2023-02-07 15:30:00-05:00,2.866499900817871,2.866499900817871,2.8399999141693115,2.8399999141693115,2326,0.0,0.0
2023-02-08 09:30:00-05:00,2.869999885559082,2.880000114440918,2.859999895095825,2.865000009536743,0,0.0,0.0
2023-02-08 10:30:00-05:00,2.8770999908447266,2.8770999908447266,2.859999895095825,2.859999895095825,406,0.0,0.0
2023-02-08 11:30:00-05:00,2.859999895095825,2.880000114440918,2.859999895095825,2.880000114440918,900,0.0,0.0
2023-02-08 12:30:00-05:00,2.8689000606536865,2.8689000606536865,2.8689000606536865,2.8689000606536865,500,0.0,0.0
2023-02-08 13:30:00-05:00,2.869999885559082,2.869999885559082,2.869999885559082,2.869999885559082,1044,0.0,0.0
2023-02-08 15:30:00-05:00,2.87719988822937,2.880000114440918,2.869999885559082,2.869999885559082,0,0.0,0.0
2023-02-09 09:30:00-05:00,2.8499999046325684,2.890000104904175,2.8499999046325684,2.890000104904175,1154,0.0,0.0
2023-02-09 10:30:00-05:00,2.880000114440918,2.9000000953674316,2.880000114440918,2.9000000953674316,3892,0.0,0.0
2023-02-09 11:30:00-05:00,2.899899959564209,2.9200000762939453,2.890000104904175,2.9200000762939453,4516,0.0,0.0
2023-02-09 14:30:00-05:00,2.9518001079559326,2.9518001079559326,2.859999895095825,2.859999895095825,4240,0.0,0.0
2023-02-09 15:30:00-05:00,2.859999895095825,2.930000066757202,2.8510000705718994,2.9100000858306885,19194,0.0,0.0
2023-02-10 09:30:00-05:00,2.9000000953674316,2.930000066757202,2.9000000953674316,2.930000066757202,0,0.0,0.0
2023-02-10 10:30:00-05:00,2.9000000953674316,2.950000047683716,2.9000000953674316,2.950000047683716,535,0.0,0.0
2023-02-10 11:30:00-05:00,2.9100000858306885,2.950000047683716,2.9100000858306885,2.938800096511841,1049,0.0,0.0
2023-02-10 12:30:00-05:00,2.9100000858306885,2.9124999046325684,2.8949999809265137,2.8949999809265137,4704,0.0,0.0
2023-02-10 13:30:00-05:00,2.9000000953674316,2.9200000762939453,2.9000000953674316,2.914599895477295,4132,0.0,0.0
2023-02-10 14:30:00-05:00,2.9049999713897705,2.9200000762939453,2.900099992752075,2.9200000762939453,2280,0.0,0.0
2023-02-10 15:30:00-05:00,2.9100000858306885,2.9200000762939453,2.9000000953674316,2.9200000762939453,1260,0.0,0.0
2023-02-13 09:30:00-05:00,2.880000114440918,2.9000000953674316,2.880000114440918,2.9000000953674316,1380,0.0,0.0
2023-02-13 10:30:00-05:00,2.890000104904175,2.9000000953674316,2.890000104904175,2.9000000953674316,546,0.0,0.0
2023-02-13 11:30:00-05:00,2.8949999809265137,2.9200000762939453,2.890000104904175,2.9100000858306885,12894,0.0,0.0
2023-02-13 12:30:00-05:00,2.9049999713897705,2.9049999713897705,2.9000000953674316,2.9000000953674316,2310,0.0,0.0
2023-02-13 13:30:00-05:00,2.9049999713897705,2.9049999713897705,2.9049999713897705,2.9049999713897705,532,0.0,0.0
2023-02-13 14:30:00-05:00,2.9049999713897705,2.9049999713897705,2.8499999046325684,2.869999885559082,9224,0.0,0.0
2023-02-13 15:30:00-05:00,2.869999885559082,2.9200000762939453,2.869999885559082,2.9200000762939453,7997,0.0,0.0
2023-02-14 10:30:00-05:00,2.8550000190734863,2.865000009536743,2.8550000190734863,2.865000009536743,1077,0.0,0.0
2023-02-14 11:30:00-05:00,2.865000009536743,2.880000114440918,2.865000009536743,2.880000114440918,302,0.0,0.0
2023-02-14 12:30:00-05:00,2.855299949645996,2.875,2.8499999046325684,2.875,1228,0.0,0.0
2023-02-14 13:30:00-05:00,2.856300115585327,2.875,2.856300115585327,2.875,750,0.0,0.0
2023-02-14 14:30:00-05:00,2.909899950027466,2.9200000762939453,2.869999885559082,2.884999990463257,6025,0.0,0.0
2023-02-14 15:30:00-05:00,2.9100000858306885,2.9200000762939453,2.9100000858306885,2.9200000762939453,3804,0.0,0.0
2023-02-15 09:30:00-05:00,2.925299882888794,2.925299882888794,2.9000000953674316,2.9000000953674316,977,0.0,0.0
2023-02-15 12:30:00-05:00,2.9000000953674316,2.9000000953674316,2.9000000953674316,2.9000000953674316,680,0.0,0.0
2023-02-15 14:30:00-05:00,2.890000104904175,2.9200000762939453,2.890000104904175,2.9200000762939453,6886,0.0,0.0
2023-02-15 15:30:00-05:00,2.925600051879883,2.944999933242798,2.925600051879883,2.944999933242798,0,0.0,0.0
2023-02-16 09:30:00-05:00,2.971299886703491,2.9800000190734863,2.9651999473571777,2.9800000190734863,1825,0.0,0.0
2023-02-16 10:30:00-05:00,2.990000009536743,2.990000009536743,2.9800000190734863,2.9800000190734863,302,0.0,0.0
2023-02-16 11:30:00-05:00,2.9800000190734863,2.9800000190734863,2.9400999546051025,2.9400999546051025,5544,0.0,0.0
2023-02-16 12:30:00-05:00,2.936199903488159,2.990000009536743,2.9300999641418457,2.947499990463257,2112,0.0,0.0
2023-02-16 13:30:00-05:00,2.990000009536743,2.990000009536743,2.990000009536743,2.990000009536743,372,0.0,0.0
2023-02-16 14:30:00-05:00,2.9600000381469727,2.9700000286102295,2.950000047683716,2.950000047683716,9388,0.0,0.0
2023-02-16 15:30:00-05:00,2.9700000286102295,2.9800000190734863,2.9700000286102295,2.9800000190734863,1252,0.0,0.0
2023-02-17 10:30:00-05:00,2.970900058746338,3.0299999713897705,2.9600000381469727,3.0299999713897705,12849,0.0,0.0
2023-02-17 11:30:00-05:00,3.0350000858306885,3.059999942779541,3.0,3.029900074005127,6089,0.0,0.0
2023-02-17 12:30:00-05:00,3.0,3.0000998973846436,2.9858999252319336,3.0,3142,0.0,0.0
2023-02-17 13:30:00-05:00,2.9969000816345215,3.0,2.980600118637085,2.980600118637085,1183,0.0,0.0
2023-02-17 14:30:00-05:00,3.0,3.0,2.9774999618530273,3.0,10849,0.0,0.0
2023-02-17 15:30:00-05:00,2.977299928665161,2.990000009536743,2.9749999046325684,2.990000009536743,672,0.0,0.0
2023-02-21 09:30:00-05:00,3.01990008354187,3.01990008354187,2.994999885559082,2.994999885559082,0,0.0,0.0
2023-02-21 10:30:00-05:00,3.0,3.0,2.990000009536743,2.990000009536743,256,0.0,0.0
2023-02-21 11:30:00-05:00,2.990000009536743,2.990000009536743,2.9800000190734863,2.9800000190734863,511,0.0,0.0
2023-02-21 12:30:00-05:00,2.9700000286102295,2.9702000617980957,2.9600000381469727,2.9600000381469727,2155,0.0,0.0
2023-02-21 13:30:00-05:00,2.9302000999450684,2.95989990234375,2.9302000999450684,2.95989990234375,440,0.0,0.0
2023-02-21 14:30:00-05:00,2.950000047683716,2.950000047683716,2.940000057220459,2.940000057220459,298,0.0,0.0
2023-02-21 15:30:00-05:00,2.930000066757202,2.940000057220459,2.930000066757202,2.940000057220459,300,0.0,0.0
2023-02-22 09:30:00-05:00,2.859999895095825,2.930000066757202,2.859999895095825,2.9100000858306885,3060,0.0,0.0
2023-02-22 10:30:00-05:00,2.930000066757202,2.930000066757202,2.859999895095825,2.859999895095825,2111,0.0,0.0
2023-02-22 11:30:00-05:00,2.884999990463257,2.9200000762939453,2.875,2.875,1630,0.0,0.0
2023-02-22 12:30:00-05:00,2.890000104904175,2.890000104904175,2.890000104904175,2.890000104904175,278,0.0,0.0
2023-02-22 13:30:00-05:00,2.930000066757202,2.930000066757202,2.930000066757202,2.930000066757202,178,0.0,0.0
2023-02-22 14:30:00-05:00,2.86080002784729,2.9000000953674316,2.86080002784729,2.9000000953674316,4003,0.0,0.0
2023-02-22 15:30:00-05:00,2.875,2.9000000953674316,2.8399999141693115,2.8399999141693115,3049,0.0,0.0
2023-02-23 09:30:00-05:00,2.859999895095825,2.9000000953674316,2.859999895095825,2.860100030899048,0,0.0,0.0
2023-02-23 10:30:00-05:00,2.880000114440918,2.9100000858306885,2.859999895095825,2.859999895095825,4725,0.0,0.0
2023-02-23 11:30:00-05:00,2.8550000190734863,2.8550000190734863,2.8399999141693115,2.8399999141693115,456,0.0,0.0
2023-02-23 12:30:00-05:00,2.8499999046325684,2.865600109100342,2.8299999237060547,2.865600109100342,1624,0.0,0.0
2023-02-23 13:30:00-05:00,2.8399999141693115,2.8399999141693115,2.799999952316284,2.799999952316284,2136,0.0,0.0
2023-02-23 14:30:00-05:00,2.799999952316284,2.8429999351501465,2.759999990463257,2.759999990463257,7934,0.0,0.0
2023-02-23 15:30:00-05:00,2.815000057220459,2.815000057220459,2.7100000381469727,2.7100000381469727,2892,0.0,0.0
2023-02-24 09:30:00-05:00,2.6700000762939453,2.7100000381469727,2.6470000743865967,2.6500000953674316,9353,0.0,0.0
2023-02-24 10:30:00-05:00,2.6549999713897705,2.675800085067749,2.6549999713897705,2.6700000762939453,1884,0.0,0.0
2023-02-24 11:30:00-05:00,2.6700000762939453,2.680000066757202,2.6700000762939453,2.6700000762939453,1285,0.0,0.0
2023-02-24 12:30:00-05:00,2.6600000858306885,2.6600000858306885,2.6201000213623047,2.6600000858306885,3622,0.0,0.0
2023-02-24 13:30:00-05:00,2.680000066757202,2.680000066757202,2.680000066757202,2.680000066757202,480,0.0,0.0
2023-02-24 14:30:00-05:00,2.740000009536743,2.7699999809265137,2.6700000762939453,2.7699999809265137,3353,0.0,0.0
2023-02-24 15:30:00-05:00,2.7504000663757324,2.7504000663757324,2.680000066757202,2.680000066757202,534,0.0,0.0
2023-02-27 09:30:00-05:00,2.6500000953674316,2.690000057220459,2.6500000953674316,2.690000057220459,4975,0.0,0.0
2023-02-27 10:30:00-05:00,2.7100000381469727,2.7300000190734863,2.7100000381469727,2.7300000190734863,1009,0.0,0.0
2023-02-27 11:30:00-05:00,2.7300000190734863,2.7300000190734863,2.7149999141693115,2.7200000286102295,309,0.0,0.0
2023-02-27 12:30:00-05:00,2.7200000286102295,2.7200000286102295,2.700000047683716,2.700000047683716,644,0.0,0.0
2023-02-27 13:30:00-05:00,2.7200000286102295,2.7200000286102295,2.6600000858306885,2.6600000858306885,4404,0.0,0.0
2023-02-27 14:30:00-05:00,2.6700000762939453,2.6700000762939453,2.6621999740600586,2.6700000762939453,2027,0.0,0.0
2023-02-27 15:30:00-05:00,2.6700000762939453,2.6700000762939453,2.6500000953674316,2.6700000762939453,745,0.0,0.0
2023-02-28 09:30:00-05:00,2.6635000705718994,2.7100000381469727,2.6635000705718994,2.700000047683716,0,0.0,0.0
2023-02-28 10:30:00-05:00,2.700000047683716,2.7100000381469727,2.700000047683716,2.7100000381469727,401,0.0,0.0
2023-02-28 11:30:00-05:00,2.7100000381469727,2.7200000286102295,2.7100000381469727,2.7200000286102295,270,0.0,0.0
2023-02-28 12:30:00-05:00,2.7200000286102295,2.7300000190734863,2.7200000286102295,2.7300000190734863,1000,0.0,0.0
2023-02-28 13:30:00-05:00,2.7300000190734863,2.7300000190734863,2.7300000190734863,2.7300000190734863,848,0.0,0.0
2023-02-28 14:30:00-05:00,2.7300000190734863,2.7300000190734863,2.700000047683716,2.700000047683716,2390,0.0,0.0
2023-02-28 15:30:00-05:00,2.699899911880493,2.7107999324798584,2.6700000762939453,2.700000047683716,7692,0.0,0.0
2023-03-01 09:30:00-05:00,2.6700000762939453,2.700000047683716,2.6700000762939453,2.700000047683716,0,0.0,0.0
2023-03-01 10:30:00-05:00,2.700000047683716,2.700000047683716,2.650099992752075,2.650099992752075,309,0.0,0.0
2023-03-01 11:30:00-05:00,2.674999952316284,2.700200080871582,2.674999952316284,2.700200080871582,1973,0.0,0.0
2023-03-01 12:30:00-05:00,2.7200000286102295,2.7200000286102295,2.7200000286102295,2.7200000286102295,2763,0.0,0.0
2023-03-01 13:30:00-05:00,2.7200000286102295,2.7200000286102295,2.7100000381469727,2.7100000381469727,874,0.0,0.0
2023-03-01 14:30:00-05:00,2.7200000286102295,2.740000009536743,2.7200000286102295,2.740000009536743,3047,0.0,0.0
2023-03-01 15:30:00-05:00,2.7699999809265137,2.7699999809265137,2.7100000381469727,2.759999990463257,1687,0.0,0.0
2023-03-02 09:30:00-05:00,2.7799999713897705,2.7799999713897705,2.7799999713897705,2.7799999713897705,0,0.0,0.0
2023-03-02 10:30:00-05:00,2.7655999660491943,2.7699999809265137,2.760999917984009,2.760999917984009,2402,0.0,0.0
2023-03-02 12:30:00-05:00,2.759999990463257,2.7799999713897705,2.740000009536743,2.740000009536743,1110,0.0,0.0
2023-03-02 13:30:00-05:00,2.7699999809265137,2.7799999713897705,2.7699999809265137,2.7799999713897705,1062,0.0,0.0
2023-03-02 14:30:00-05:00,2.7799999713897705,2.7799999713897705,2.7799999713897705,2.7799999713897705,32212,0.0,0.0
2023-03-03 09:30:00-05:00,2.5,2.5,2.25,2.4000000953674316,175730,0.0,0.0
2023-03-03 10:30:00-05:00,2.399899959564209,2.399899959564209,2.3101000785827637,2.3389999866485596,23076,0.0,0.0
2023-03-03 11:30:00-05:00,2.309999942779541,2.3399999141693115,2.25,2.3132998943328857,127480,0.0,0.0
2023-03-03 12:30:00-05:00,2.299999952316284,2.390000104904175,2.299999952316284,2.380000114440918,35682,0.0,0.0
2023-03-03 13:30:00-05:00,2.369999885559082,2.3701000213623047,2.309999942779541,2.3668999671936035,16216,0.0,0.0
2023-03-03 14:30:00-05:00,2.319999933242798,2.359999895095825,2.2799999713897705,2.2988998889923096,33748,0.0,0.0
2023-03-03 15:30:00-05:00,2.2799999713897705,2.299999952316284,2.25,2.283099889755249,100274,0.0,0.0
2023-03-06 09:30:00-05:00,2.25,2.39739990234375,2.25,2.359999895095825,27015,0.0,0.0
2023-03-06 10:30:00-05:00,2.3399999141693115,2.3399999141693115,2.300100088119507,2.309999942779541,2257,0.0,0.0
2023-03-06 12:30:00-05:00,2.325900077819824,2.359999895095825,2.319999933242798,2.359999895095825,11761,0.0,0.0
2023-03-06 13:30:00-05:00,2.359999895095825,2.390000104904175,2.319999933242798,2.319999933242798,2735,0.0,0.0
2023-03-06 14:30:00-05:00,2.319999933242798,2.375,2.299999952316284,2.309999942779541,9402,0.0,0.0
2023-03-06 15:30:00-05:00,2.309999942779541,2.309999942779541,2.259999990463257,2.2799999713897705,10977,0.0,0.0
2023-03-07 09:30:00-05:00,2.25,2.330399990081787,2.25,2.2699999809265137,0,0.0,0.0
2023-03-07 10:30:00-05:00,2.2699999809265137,2.2809998989105225,2.2699999809265137,2.2799999713897705,12752,0.0,0.0
2023-03-07 11:30:00-05:00,2.3025999069213867,2.309999942779541,2.2950000762939453,2.2950000762939453,779,0.0,0.0
2023-03-07 12:30:00-05:00,2.319999933242798,2.3436999320983887,2.299999952316284,2.299999952316284,5189,0.0,0.0
2023-03-07 13:30:00-05:00,2.2899999618530273,2.299999952316284,2.2799999713897705,2.299999952316284,3971,0.0,0.0
2023-03-07 14:30:00-05:00,2.299999952316284,2.309999942779541,2.2999000549316406,2.309999942779541,952,0.0,0.0
2023-03-07 15:30:00-05:00,2.299999952316284,2.299999952316284,2.2899999618530273,2.2950000762939453,4716,0.0,0.0
2023-03-08 09:30:00-05:00,2.3299999237060547,2.4800000190734863,2.3299999237060547,2.430000066757202,9969,0.0,0.0
2023-03-08 10:30:00-05:00,2.440000057220459,2.440000057220459,2.384999990463257,2.396399974822998,9643,0.0,0.0
2023-03-08 11:30:00-05:00,2.369999885559082,2.380500078201294,2.369999885559082,2.380500078201294,1943,0.0,0.0
2023-03-08 12:30:00-05:00,2.369999885559082,2.369999885559082,2.3517000675201416,2.369999885559082,3568,0.0,0.0
2023-03-08 13:30:00-05:00,2.3750998973846436,2.3750998973846436,2.3750998973846436,2.3750998973846436,260,0.0,0.0
2023-03-08 14:30:00-05:00,2.365000009536743,2.369999885559082,2.359999895095825,2.369999885559082,4839,0.0,0.0
2023-03-08 15:30:00-05:00,2.4000000953674316,2.4000000953674316,2.390000104904175,2.4000000953674316,4522,0.0,0.0
2023-03-09 09:30:00-05:00,2.4000000953674316,2.4000000953674316,2.4000000953674316,2.4000000953674316,1124,0.0,0.0
2023-03-09 10:30:00-05:00,2.4000000953674316,2.4000000953674316,2.390000104904175,2.4000000953674316,853,0.0,0.0
2023-03-09 11:30:00-05:00,2.3949999809265137,2.4000000953674316,2.380000114440918,2.4000000953674316,3002,0.0,0.0
2023-03-09 14:30:00-05:00,2.380000114440918,2.380000114440918,2.3499999046325684,2.380000114440918,2747,0.0,0.0
2023-03-09 15:30:00-05:00,2.380000114440918,2.380000114440918,2.359999895095825,2.369999885559082,1490,0.0,0.0
2023-03-10 09:30:00-05:00,2.4237000942230225,2.4237000942230225,2.351599931716919,2.390000104904175,0,0.0,0.0
2023-03-10 10:30:00-05:00,2.3499999046325684,2.390000104904175,2.3101000785827637,2.350800037384033,3904,0.0,0.0
2023-03-10 11:30:00-05:00,2.2799999713897705,2.380000114440918,2.2799999713897705,2.380000114440918,797,0.0,0.0
2023-03-10 12:30:00-05:00,2.339400053024292,2.380000114440918,2.3301000595092773,2.359999895095825,3272,0.0,0.0
2023-03-10 13:30:00-05:00,2.380000114440918,2.380000114440918,2.2950000762939453,2.3399999141693115,1906,0.0,0.0
2023-03-10 14:30:00-05:00,2.3101000785827637,2.3399999141693115,2.299999952316284,2.3399999141693115,1443,0.0,0.0
2023-03-10 15:30:00-05:00,2.299999952316284,2.3499999046325684,2.299999952316284,2.3499999046325684,3330,0.0,0.0
2023-03-13 09:30:00-04:00,2.4700000286102295,2.4700000286102295,2.29010009765625,2.369999885559082,0,0.0,0.0
2023-03-13 10:30:00-04:00,2.369999885559082,2.380000114440918,2.369999885559082,2.380000114440918,3399,0.0,0.0
2023-03-13 11:30:00-04:00,2.358799934387207,2.369999885559082,2.358799934387207,2.369999885559082,893,0.0,0.0
2023-03-13 12:30:00-04:00,2.380000114440918,2.380000114440918,2.3708999156951904,2.3708999156951904,386,0.0,0.0
2023-03-13 13:30:00-04:00,2.369999885559082,2.380000114440918,2.365000009536743,2.365000009536743,8107,0.0,0.0
2023-03-13 14:30:00-04:00,2.369999885559082,2.369999885559082,2.3550000190734863,2.3550000190734863,1237,0.0,0.0
2023-03-13 15:30:00-04:00,2.350100040435791,2.380000114440918,2.350100040435791,2.380000114440918,5083,0.0,0.0
2023-03-14 09:30:00-04:00,2.309999942779541,2.4000000953674316,2.309999942779541,2.4000000953674316,2653,0.0,0.0
2023-03-14 10:30:00-04:00,2.3949999809265137,2.4000000953674316,2.3299999237060547,2.3949999809265137,1099,0.0,0.0
2023-03-14 11:30:00-04:00,2.4000000953674316,2.4000000953674316,2.347599983215332,2.390000104904175,1801,0.0,0.0
2023-03-14 12:30:00-04:00,2.330699920654297,2.390000104904175,2.330699920654297,2.390000104904175,1036,0.0,0.0
2023-03-14 13:30:00-04:00,2.3708999156951904,2.390000104904175,2.3499999046325684,2.369999885559082,6806,0.0,0.0
2023-03-14 14:30:00-04:00,2.3499999046325684,2.380000114440918,2.3499999046325684,2.380000114440918,3070,0.0,0.0
2023-03-14 15:30:00-04:00,2.380000114440918,2.380000114440918,2.307800054550171,2.325000047683716,9564,0.0,0.0
2023-03-15 10:30:00-04:00,2.2762999534606934,2.2762999534606934,2.2699999809265137,2.2699999809265137,1302,0.0,0.0
2023-03-15 11:30:00-04:00,2.299999952316284,2.299999952316284,2.299999952316284,2.299999952316284,100,0.0,0.0
2023-03-15 12:30:00-04:00,2.299999952316284,2.299999952316284,2.2701001167297363,2.287100076675415,401,0.0,0.0
2023-03-15 13:30:00-04:00,2.2950000762939453,2.319999933242798,2.2950000762939453,2.319999933242798,1314,0.0,0.0
2023-03-15 14:30:00-04:00,2.2799999713897705,2.359999895095825,2.25,2.299999952316284,14778,0.0,0.0
2023-03-15 15:30:00-04:00,2.2750000953674316,2.2899999618530273,2.259999990463257,2.2899999618530273,2391,0.0,0.0
2023-03-16 09:30:00-04:00,2.299999952316284,2.299999952316284,2.25,2.2699999809265137,1907,0.0,0.0
2023-03-16 10:30:00-04:00,2.2799999713897705,2.2799999713897705,2.2799999713897705,2.2799999713897705,686,0.0,0.0
2023-03-16 12:30:00-04:00,2.2899999618530273,2.2899999618530273,2.2899999618530273,2.2899999618530273,240,0.0,0.0
2023-03-16 13:30:00-04:00,2.2799999713897705,2.289900064468384,2.2799999713897705,2.2799999713897705,1353,0.0,0.0
2023-03-16 14:30:00-04:00,2.2799999713897705,2.299999952316284,2.2699999809265137,2.2699999809265137,2756,0.0,0.0
2023-03-16 15:30:00-04:00,2.2699999809265137,2.2957000732421875,2.2500998973846436,2.2957000732421875,1335,0.0,0.0
2023-03-17 09:30:00-04:00,2.253200054168701,2.253200054168701,2.253200054168701,2.253200054168701,0,0.0,0.0
2023-03-17 11:30:00-04:00,2.2516000270843506,2.2799999713897705,2.2516000270843506,2.2799999713897705,206,0.0,0.0
2023-03-17 12:30:00-04:00,2.2899999618530273,2.2899999618530273,2.2899999618530273,2.2899999618530273,366,0.0,0.0
2023-03-17 13:30:00-04:00,2.2620999813079834,2.299999952316284,2.2500998973846436,2.2500998973846436,5375,0.0,0.0
2023-03-17 14:30:00-04:00,2.2844998836517334,2.299999952316284,2.2844998836517334,2.299999952316284,380,0.0,0.0
2023-03-17 15:30:00-04:00,2.276900053024292,2.276900053024292,2.259999990463257,2.2750000953674316,2526,0.0,0.0
2023-03-20 09:30:00-04:00,2.2899999618530273,2.2899999618530273,2.2899999618530273,2.2899999618530273,150,0.0,0.0
2023-03-20 10:30:00-04:00,2.2950000762939453,2.2950000762939453,2.259999990463257,2.259999990463257,659,0.0,0.0
2023-03-20 11:30:00-04:00,2.2799999713897705,2.2799999713897705,2.2600998878479004,2.2699999809265137,1960,0.0,0.0
2023-03-20 12:30:00-04:00,2.2701001167297363,2.2701001167297363,2.2699999809265137,2.2699999809265137,269,0.0,0.0
2023-03-20 13:30:00-04:00,2.2699999809265137,2.2699999809265137,2.2699999809265137,2.2699999809265137,314,0.0,0.0
2023-03-20 14:30:00-04:00,2.277600049972534,2.2799999713897705,2.2699999809265137,2.2699999809265137,301,0.0,0.0
2023-03-20 15:30:00-04:00,2.2699999809265137,2.2699999809265137,2.259999990463257,2.259999990463257,761,0.0,0.0
2023-03-21 11:30:00-04:00,2.309999942779541,2.309999942779541,2.299999952316284,2.299999952316284,951,0.0,0.0
2023-03-21 13:30:00-04:00,2.281399965286255,2.281399965286255,2.281399965286255,2.281399965286255,1418,0.0,0.0
2023-03-21 14:30:00-04:00,2.287600040435791,2.287600040435791,2.287600040435791,2.287600040435791,418,0.0,0.0
2023-03-21 15:30:00-04:00,2.2899999618530273,2.2899999618530273,2.2300000190734863,2.2300000190734863,3854,0.0,0.0
2023-03-22 09:30:00-04:00,2.200000047683716,2.2049999237060547,2.050100088119507,2.050100088119507,39515,0.0,0.0
2023-03-22 10:30:00-04:00,2.050100088119507,2.050100088119507,1.8799999952316284,1.9299999475479126,76344,0.0,0.0
2023-03-22 11:30:00-04:00,1.9266999959945679,1.9600000381469727,1.850000023841858,1.850000023841858,32624,0.0,0.0
2023-03-22 12:30:00-04:00,1.8619999885559082,1.9098999500274658,1.8600000143051147,1.8650000095367432,32100,0.0,0.0
2023-03-22 13:30:00-04:00,1.8650000095367432,1.8799999952316284,1.8350000381469727,1.8350000381469727,19850,0.0,0.0
2023-03-22 14:30:00-04:00,1.840000033378601,1.8675999641418457,1.840000033378601,1.8675999641418457,11407,0.0,0.0
2023-03-22 15:30:00-04:00,1.850000023841858,1.8700000047683716,1.8450000286102295,1.850000023841858,16551,0.0,0.0
2023-03-23 09:30:00-04:00,1.8600000143051147,2.1098999977111816,1.8600000143051147,2.0299999713897705,18697,0.0,0.0
2023-03-23 10:30:00-04:00,2.0299999713897705,2.0799999237060547,1.940000057220459,2.0000998973846436,17725,0.0,0.0
2023-03-23 11:30:00-04:00,2.0,2.0,1.9700000286102295,1.9700000286102295,1754,0.0,0.0
2023-03-23 13:30:00-04:00,1.9299999475479126,1.9299999475479126,1.899999976158142,1.899999976158142,1181,0.0,0.0
2023-03-23 14:30:00-04:00,1.9149999618530273,1.9500000476837158,1.9149999618530273,1.9500000476837158,1405,0.0,0.0
2023-03-23 15:30:00-04:00,1.909999966621399,1.909999966621399,1.9000999927520752,1.9049999713897705,860,0.0,0.0
2023-03-24 09:30:00-04:00,1.8700000047683716,1.98989999294281,1.8700000047683716,1.9500000476837158,2358,0.0,0.0
2023-03-24 10:30:00-04:00,1.9292999505996704,1.9600000381469727,1.9292999505996704,1.9375,4380,0.0,0.0
2023-03-24 13:30:00-04:00,1.9600000381469727,1.9600000381469727,1.9600000381469727,1.9600000381469727,296,0.0,0.0
2023-03-24 15:30:00-04:00,1.9900000095367432,1.9900000095367432,1.9900000095367432,1.9900000095367432,387,0.0,0.0
2023-03-27 11:30:00-04:00,1.9800000190734863,1.9800000190734863,1.9700000286102295,1.9700000286102295,825,0.0,0.0
2023-03-27 12:30:00-04:00,1.975000023841858,1.975000023841858,1.9400999546051025,1.9503999948501587,2285,0.0,0.0
2023-03-27 13:30:00-04:00,1.940000057220459,1.940000057220459,1.940000057220459,1.940000057220459,126,0.0,0.0
2023-03-27 14:30:00-04:00,1.9496999979019165,1.9900000095367432,1.9496999979019165,1.9900000095367432,5917,0.0,0.0
2023-03-27 15:30:00-04:00,1.9900000095367432,1.9900000095367432,1.9900000095367432,1.9900000095367432,155,0.0,0.0
2023-03-28 09:30:00-04:00,1.940000057220459,1.9799000024795532,1.940000057220459,1.9799000024795532,0,0.0,0.0
2023-03-28 10:30:00-04:00,1.9800000190734863,1.98989999294281,1.9800000190734863,1.98989999294281,1758,0.0,0.0
2023-03-28 11:30:00-04:00,1.9896999597549438,1.9896999597549438,1.9896999597549438,1.9896999597549438,2773,0.0,0.0
2023-03-28 13:30:00-04:00,1.9800000190734863,1.9800000190734863,1.8899999856948853,1.9049999713897705,6377,0.0,0.0
2023-03-28 14:30:00-04:00,1.9049999713897705,1.9049999713897705,1.8700000047683716,1.8700000047683716,10108,0.0,0.0
2023-03-28 15:30:00-04:00,1.8700000047683716,1.8899999856948853,1.850000023841858,1.850000023841858,16498,0.0,0.0
2023-03-29 09:30:00-04:00,1.850000023841858,1.899999976158142,1.850000023841858,1.899999976158142,3578,0.0,0.0
2023-03-29 10:30:00-04:00,1.9156999588012695,1.9156999588012695,1.909999966621399,1.909999966621399,2094,0.0,0.0
2023-03-29 11:30:00-04:00,1.899999976158142,1.9199999570846558,1.8700000047683716,1.9149999618530273,5318,0.0,0.0
2023-03-29 12:30:00-04:00,1.9199999570846558,1.9199999570846558,1.9199999570846558,1.9199999570846558,130,0.0,0.0
2023-03-29 13:30:00-04:00,1.9199999570846558,1.9199999570846558,1.909999966621399,1.909999966621399,794,0.0,0.0
2023-03-29 14:30:00-04:00,1.9149999618530273,1.9199999570846558,1.8700000047683716,1.8700000047683716,5493,0.0,0.0
2023-03-30 09:30:00-04:00,1.8799999952316284,1.8799999952316284,1.8799999952316284,1.8799999952316284,1143,0.0,0.0
2023-03-30 10:30:00-04:00,1.9465999603271484,1.9465999603271484,1.9465999603271484,1.9465999603271484,100,0.0,0.0
2023-03-30 11:30:00-04:00,1.9499000310897827,1.9500000476837158,1.8899999856948853,1.909600019454956,3818,0.0,0.0
2023-03-30 12:30:00-04:00,1.9500000476837158,1.9500000476837158,1.9249999523162842,1.9249999523162842,465,0.0,0.0
2023-03-30 13:30:00-04:00,1.9500000476837158,1.9500000476837158,1.9500000476837158,1.9500000476837158,102,0.0,0.0
2023-03-30 14:30:00-04:00,1.909999966621399,1.9285999536514282,1.899999976158142,1.909999966621399,1021,0.0,0.0
2023-03-30 15:30:00-04:00,1.909999966621399,1.909999966621399,1.8700000047683716,1.8700000047683716,3237,0.0,0.0
2023-03-31 09:30:00-04:00,1.8600000143051147,1.9199999570846558,1.8600000143051147,1.8799999952316284,0,0.0,0.0
2023-03-31 10:30:00-04:00,1.8949999809265137,1.8949999809265137,1.8849999904632568,1.8849999904632568,267,0.0,0.0
2023-03-31 11:30:00-04:00,1.899999976158142,1.899999976158142,1.8799999952316284,1.8799999952316284,502,0.0,0.0
2023-03-31 12:30:00-04:00,1.8700000047683716,1.879699945449829,1.8700000047683716,1.879699945449829,1523,0.0,0.0
2023-03-31 13:30:00-04:00,1.871000051498413,1.871000051498413,1.8200000524520874,1.8650000095367432,7002,0.0,0.0
2023-03-31 14:30:00-04:00,1.8899999856948853,1.8899999856948853,1.8300000429153442,1.8300000429153442,506,0.0,0.0
2023-03-31 15:30:00-04:00,1.8700000047683716,1.8700000047683716,1.8700000047683716,1.8700000047683716,622,0.0,0.0
2023-04-03 09:30:00-04:00,1.850000023841858,1.8799999952316284,1.850000023841858,1.8700000047683716,0,0.0,0.0
2023-04-03 10:30:00-04:00,1.8598999977111816,1.8600000143051147,1.8300000429153442,1.840000033378601,1485,0.0,0.0
2023-04-03 12:30:00-04:00,1.8300000429153442,1.8313000202178955,1.8200000524520874,1.825600028038025,5014,0.0,0.0
2023-04-03 13:30:00-04:00,1.8300000429153442,1.8300000429153442,1.8300000429153442,1.8300000429153442,141,0.0,0.0
2023-04-03 14:30:00-04:00,1.8257999420166016,1.8299000263214111,1.815000057220459,1.8299000263214111,2494,0.0,0.0
2023-04-03 15:30:00-04:00,1.8200000524520874,1.840000033378601,1.8200000524520874,1.8250000476837158,3573,0.0,0.0
2023-04-04 09:30:00-04:00,1.8200000524520874,1.8700000047683716,1.8200000524520874,1.8200000524520874,1461,0.0,0.0
2023-04-04 10:30:00-04:00,1.8300000429153442,1.8300000429153442,1.8200000524520874,1.8200000524520874,19939,0.0,0.0
2023-04-04 11:30:00-04:00,1.7999999523162842,1.7999999523162842,1.7799999713897705,1.784999966621399,3307,0.0,0.0
2023-04-04 12:30:00-04:00,1.7899999618530273,1.7999999523162842,1.7799999713897705,1.7999999523162842,2701,0.0,0.0
2023-04-04 13:30:00-04:00,1.7800999879837036,1.7800999879837036,1.7800999879837036,1.7800999879837036,1081,0.0,0.0
2023-04-04 14:30:00-04:00,1.7799999713897705,1.7999999523162842,1.75,1.7899999618530273,17155,0.0,0.0
2023-04-04 15:30:00-04:00,1.774999976158142,1.798699975013733,1.774999976158142,1.7899999618530273,530,0.0,0.0
2023-04-05 09:30:00-04:00,1.7999999523162842,1.8098000288009644,1.7899999618530273,1.7899999618530273,0,0.0,0.0
2023-04-05 10:30:00-04:00,1.7999999523162842,1.809999942779541,1.7599999904632568,1.7599999904632568,11952,0.0,0.0
2023-04-05 11:30:00-04:00,1.76010000705719,1.7699999809265137,1.75,1.750100016593933,6177,0.0,0.0
2023-04-05 12:30:00-04:00,1.75,1.75,1.75,1.75,2915,0.0,0.0
2023-04-05 13:30:00-04:00,1.7503000497817993,1.7503000497817993,1.7300000190734863,1.7300000190734863,2059,0.0,0.0
2023-04-05 14:30:00-04:00,1.7450000047683716,1.75,1.7300000190734863,1.7300000190734863,18763,0.0,0.0
2023-04-05 15:30:00-04:00,1.7300000190734863,1.7350000143051147,1.7100000381469727,1.7100000381469727,10042,0.0,0.0
2023-04-06 09:30:00-04:00,1.7400000095367432,1.7430000305175781,1.7029999494552612,1.7401000261306763,21091,0.0,0.0
2023-04-06 10:30:00-04:00,1.7598999738693237,1.7598999738693237,1.7598999738693237,1.7598999738693237,2450,0.0,0.0
2023-04-06 11:30:00-04:00,1.75,1.7599999904632568,1.7400000095367432,1.7599999904632568,12662,0.0,0.0
2023-04-06 12:30:00-04:00,1.7598999738693237,1.7598999738693237,1.7411999702453613,1.7411999702453613,2622,0.0,0.0
2023-04-06 13:30:00-04:00,1.75,1.7599999904632568,1.7400000095367432,1.7408000230789185,6263,0.0,0.0
2023-04-06 14:30:00-04:00,1.7599999904632568,1.7599999904632568,1.75,1.7599999904632568,13629,0.0,0.0
2023-04-06 15:30:00-04:00,1.7599999904632568,1.7599999904632568,1.7400000095367432,1.75,16147,0.0,0.0
2023-04-10 09:30:00-04:00,1.7100000381469727,1.7506999969482422,1.7100000381469727,1.7506999969482422,1780,0.0,0.0
2023-04-10 11:30:00-04:00,1.75,1.75,1.7259999513626099,1.7259999513626099,3894,0.0,0.0
2023-04-10 12:30:00-04:00,1.7200000286102295,1.7400000095367432,1.7200000286102295,1.7400000095367432,513,0.0,0.0
2023-04-10 13:30:00-04:00,1.749899983406067,1.749899983406067,1.7450000047683716,1.7450000047683716,3063,0.0,0.0
2023-04-10 14:30:00-04:00,1.75,1.7649999856948853,1.75,1.76010000705719,4938,0.0,0.0
2023-04-10 15:30:00-04:00,1.8377000093460083,1.850000023841858,1.815000057220459,1.850000023841858,1035,0.0,0.0
2023-04-11 09:30:00-04:00,1.8300000429153442,1.840000033378601,1.8300000429153442,1.840000033378601,0,0.0,0.0
2023-04-11 10:30:00-04:00,1.8650000095367432,1.8868999481201172,1.8600000143051147,1.8868999481201172,1400,0.0,0.0
2023-04-11 11:30:00-04:00,1.850000023841858,1.8650000095367432,1.850000023841858,1.8650000095367432,1303,0.0,0.0
2023-04-11 13:30:00-04:00,1.871399998664856,1.871399998664856,1.871399998664856,1.871399998664856,323,0.0,0.0
2023-04-11 14:30:00-04:00,1.8794000148773193,1.8794000148773193,1.8794000148773193,1.8794000148773193,1344,0.0,0.0
2023-04-11 15:30:00-04:00,1.871000051498413,1.8898999691009521,1.850000023841858,1.850000023841858,2088,0.0,0.0
2023-04-12 10:30:00-04:00,1.8250000476837158,1.8250000476837158,1.8250000476837158,1.8250000476837158,166,0.0,0.0
2023-04-12 11:30:00-04:00,1.8458000421524048,1.8458000421524048,1.8458000421524048,1.8458000421524048,2700,0.0,0.0
2023-04-12 12:30:00-04:00,1.8300000429153442,1.8300000429153442,1.7699999809265137,1.7999999523162842,3491,0.0,0.0
2023-04-12 13:30:00-04:00,1.7892999649047852,1.7892999649047852,1.7892999649047852,1.7892999649047852,416,0.0,0.0
2023-04-12 14:30:00-04:00,1.7799999713897705,1.7831000089645386,1.7630000114440918,1.7812000513076782,1326,0.0,0.0
2023-04-12 15:30:00-04:00,1.7599999904632568,1.7999999523162842,1.7300000190734863,1.7300000190734863,0,0.0,0.0
2023-04-13 09:30:00-04:00,1.7301000356674194,1.7999999523162842,1.7301000356674194,1.7799999713897705,11698,0.0,0.0
2023-04-13 11:30:00-04:00,1.7699999809265137,1.7699999809265137,1.7699999809265137,1.7699999809265137,256,0.0,0.0
2023-04-13 12:30:00-04:00,1.7599999904632568,1.7899999618530273,1.75,1.7710000276565552,3546,0.0,0.0
2023-04-13 14:30:00-04:00,1.75,1.7509000301361084,1.75,1.7509000301361084,1506,0.0,0.0
2023-04-13 15:30:00-04:00,1.745300054550171,1.7699999809265137,1.7200000286102295,1.7200000286102295,2685,0.0,0.0
2023-04-14 09:30:00-04:00,1.7200000286102295,1.7200000286102295,1.7200000286102295,1.7200000286102295,0,0.0,0.0
2023-04-14 10:30:00-04:00,1.7371000051498413,1.7899999618530273,1.7371000051498413,1.767799973487854,1120,0.0,0.0
2023-04-14 11:30:00-04:00,1.75,1.7899999618530273,1.75,1.75,2647,0.0,0.0
2023-04-14 12:30:00-04:00,1.774999976158142,1.7899999618530273,1.75,1.750100016593933,8070,0.0,0.0
2023-04-14 13:30:00-04:00,1.7300000190734863,1.7300000190734863,1.690000057220459,1.7299000024795532,8538,0.0,0.0
2023-04-14 14:30:00-04:00,1.7109999656677246,1.7109999656677246,1.6900999546051025,1.6900999546051025,1452,0.0,0.0
2023-04-14 15:30:00-04:00,1.6950000524520874,1.6950000524520874,1.6749999523162842,1.6790000200271606,3361,0.0,0.0
2023-04-17 09:30:00-04:00,1.659999966621399,1.6799999475479126,1.6200000047683716,1.6532000303268433,4498,0.0,0.0
2023-04-17 10:30:00-04:00,1.6399999856948853,1.659999966621399,1.6399999856948853,1.649999976158142,3617,0.0,0.0
2023-04-17 11:30:00-04:00,1.6749999523162842,1.7400000095367432,1.6699999570846558,1.6699999570846558,13358,0.0,0.0
2023-04-17 12:30:00-04:00,1.7300000190734863,1.7300000190734863,1.7200000286102295,1.7300000190734863,18936,0.0,0.0
2023-04-17 13:30:00-04:00,1.7300000190734863,1.7300000190734863,1.7300000190734863,1.7300000190734863,13008,0.0,0.0
2023-04-17 14:30:00-04:00,1.7400000095367432,1.7899999618530273,1.7300000190734863,1.7300000190734863,9736,0.0,0.0
2023-04-17 15:30:00-04:00,1.7300000190734863,1.7899999618530273,1.7300000190734863,1.7300000190734863,4716,0.0,0.0
2023-04-18 09:30:00-04:00,1.649999976158142,1.75,1.649999976158142,1.715000033378601,0,0.0,0.0
2023-04-18 10:30:00-04:00,1.7109999656677246,1.7109999656677246,1.7100000381469727,1.7100000381469727,2473,0.0,0.0
2023-04-18 12:30:00-04:00,1.7152999639511108,1.7152999639511108,1.6934000253677368,1.6934000253677368,721,0.0,0.0
2023-04-18 14:30:00-04:00,1.7000000476837158,1.7000000476837158,1.660099983215332,1.660099983215332,6098,0.0,0.0
2023-04-18 15:30:00-04:00,1.659999966621399,1.6649999618530273,1.649999976158142,1.6649999618530273,3000,0.0,0.0
2023-04-19 09:30:00-04:00,1.649999976158142,1.7300000190734863,1.649999976158142,1.690000057220459,18417,0.0,0.0
2023-04-19 10:30:00-04:00,1.6799999475479126,1.690000057220459,1.6799999475479126,1.690000057220459,409,0.0,0.0
2023-04-19 11:30:00-04:00,1.684999942779541,1.690000057220459,1.684999942779541,1.690000057220459,202,0.0,0.0
2023-04-19 12:30:00-04:00,1.7000000476837158,1.7000000476837158,1.6699999570846558,1.6799999475479126,1570,0.0,0.0
2023-04-19 13:30:00-04:00,1.6800999641418457,1.6800999641418457,1.6800999641418457,1.6800999641418457,170,0.0,0.0
2023-04-19 14:30:00-04:00,1.6799999475479126,1.6799999475479126,1.6799999475479126,1.6799999475479126,0,0.0,0.0
2023-04-20 09:30:00-04:00,1.6699999570846558,1.7000000476837158,1.6699999570846558,1.7000000476837158,3064,0.0,0.0
2023-04-20 10:30:00-04:00,1.7000000476837158,1.7000000476837158,1.690000057220459,1.7000000476837158,1819,0.0,0.0
2023-04-20 11:30:00-04:00,1.690000057220459,1.690000057220459,1.6799999475479126,1.6799999475479126,319,0.0,0.0
2023-04-20 12:30:00-04:00,1.690000057220459,1.690000057220459,1.6799999475479126,1.6799999475479126,1209,0.0,0.0
2023-04-20 13:30:00-04:00,1.6699999570846558,1.6699999570846558,1.6699999570846558,1.6699999570846558,824,0.0,0.0
2023-04-20 14:30:00-04:00,1.6699999570846558,1.6699999570846558,1.6699999570846558,1.6699999570846558,258,0.0,0.0
2023-04-20 15:30:00-04:00,1.6899000406265259,1.7000000476837158,1.6699999570846558,1.6699999570846558,2458,0.0,0.0
2023-04-21 09:30:00-04:00,1.684999942779541,1.7699999809265137,1.684999942779541,1.75,7811,0.0,0.0
2023-04-21 10:30:00-04:00,1.7401000261306763,1.7699999809265137,1.7401000261306763,1.7699999809265137,505,0.0,0.0
2023-04-21 11:30:00-04:00,1.7400000095367432,1.7405999898910522,1.7400000095367432,1.7405999898910522,1049,0.0,0.0
2023-04-21 12:30:00-04:00,1.7300000190734863,1.7400000095367432,1.7100000381469727,1.7350000143051147,8195,0.0,0.0
2023-04-21 13:30:00-04:00,1.7300000190734863,1.7300000190734863,1.7300000190734863,1.7300000190734863,256,0.0,0.0
2023-04-21 14:30:00-04:00,1.7300000190734863,1.7300000190734863,1.7100000381469727,1.711400032043457,956,0.0,0.0
2023-04-21 15:30:00-04:00,1.7300000190734863,1.7300000190734863,1.7300000190734863,1.7300000190734863,0,0.0,0.0
2023-04-24 09:30:00-04:00,1.7200000286102295,1.7200000286102295,1.6699999570846558,1.6699999570846558,9287,0.0,0.0
2023-04-24 10:30:00-04:00,1.6749999523162842,1.6749999523162842,1.6749999523162842,1.6749999523162842,200,0.0,0.0
2023-04-24 11:30:00-04:00,1.6749999523162842,1.6799999475479126,1.670199990272522,1.670300006866455,811,0.0,0.0
2023-04-24 12:30:00-04:00,1.6699999570846558,1.6700999736785889,1.6399999856948853,1.6399999856948853,5641,0.0,0.0
2023-04-24 14:30:00-04:00,1.6200000047683716,1.6201000213623047,1.3799999952316284,1.3799999952316284,47319,0.0,0.0
2023-04-24 15:30:00-04:00,1.3799999952316284,1.409999966621399,1.1799999475479126,1.3401000499725342,0,0.0,0.0
2023-04-25 09:30:00-04:00,1.350000023841858,1.440000057220459,1.350000023841858,1.4199999570846558,23199,0.0,0.0
2023-04-25 10:30:00-04:00,1.4299999475479126,1.440000057220459,1.409999966621399,1.420300006866455,4801,0.0,0.0
2023-04-25 11:30:00-04:00,1.440000057220459,1.440000057220459,1.409999966621399,1.4299999475479126,2614,0.0,0.0
2023-04-25 12:30:00-04:00,1.3899999856948853,1.409999966621399,1.3899999856948853,1.409999966621399,6576,0.0,0.0
2023-04-25 13:30:00-04:00,1.3899999856948853,1.399999976158142,1.2812000513076782,1.2812000513076782,23117,0.0,0.0
2023-04-25 14:30:00-04:00,1.2962000370025635,1.2962000370025635,1.2700999975204468,1.2700999975204468,3555,0.0,0.0
2023-04-25 15:30:00-04:00,1.2999999523162842,1.309999942779541,1.271399974822998,1.309999942779541,0,0.0,0.0
2023-04-26 09:30:00-04:00,1.2699999809265137,1.2799999713897705,1.25,1.25,13106,0.0,0.0
2023-04-26 10:30:00-04:00,1.2599999904632568,1.2799999713897705,1.2301000356674194,1.25,22516,0.0,0.0
2023-04-26 11:30:00-04:00,1.2599999904632568,1.2599999904632568,1.2000000476837158,1.2000000476837158,6630,0.0,0.0
2023-04-26 12:30:00-04:00,1.190000057220459,1.2799999713897705,1.1800999641418457,1.2599999904632568,36496,0.0,0.0
2023-04-26 13:30:00-04:00,1.2699999809265137,1.2999999523162842,1.2400000095367432,1.25,1976,0.0,0.0
2023-04-26 14:30:00-04:00,1.25,1.25,1.2000000476837158,1.25,62876,0.0,0.0
2023-04-26 15:30:00-04:00,1.2100000381469727,1.25,1.2100000381469727,1.2400000095367432,29242,0.0,0.0
2023-04-27 09:30:00-04:00,1.2400000095367432,1.3200000524520874,1.2400000095367432,1.2899999618530273,5062,0.0,0.0
2023-04-27 10:30:00-04:00,1.309999942779541,1.309999942779541,1.309999942779541,1.309999942779541,403,0.0,0.0
2023-04-27 11:30:00-04:00,1.3049999475479126,1.3200000524520874,1.2999999523162842,1.2999999523162842,5997,0.0,0.0
2023-04-27 12:30:00-04:00,1.3356000185012817,1.3356000185012817,1.3200000524520874,1.3300000429153442,6487,0.0,0.0
2023-04-27 13:30:00-04:00,1.340000033378601,1.340000033378601,1.3200000524520874,1.3300000429153442,8808,0.0,0.0
2023-04-27 14:30:00-04:00,1.3300000429153442,1.3300000429153442,1.2599999904632568,1.2799999713897705,26802,0.0,0.0
2023-04-27 15:30:00-04:00,1.2799999713897705,1.2999999523162842,1.2599999904632568,1.2999999523162842,3777,0.0,0.0
2023-04-28 09:30:00-04:00,1.2998000383377075,1.2999999523162842,1.2998000383377075,1.2999999523162842,973,0.0,0.0
2023-04-28 10:30:00-04:00,1.308899998664856,1.3610999584197998,1.308899998664856,1.3450000286102295,29742,0.0,0.0
2023-04-28 11:30:00-04:00,1.3407000303268433,1.3600000143051147,1.2999999523162842,1.2999999523162842,6667,0.0,0.0
2023-04-28 12:30:00-04:00,1.2999999523162842,1.340000033378601,1.2899999618530273,1.3200000524520874,6962,0.0,0.0
2023-04-28 13:30:00-04:00,1.3200000524520874,1.3250000476837158,1.2799999713897705,1.2899999618530273,18212,0.0,0.0
2023-04-28 14:30:00-04:00,1.2899999618530273,1.3530000448226929,1.2699999809265137,1.3530000448226929,17393,0.0,0.0
2023-04-28 15:30:00-04:00,1.3450000286102295,1.3600000143051147,1.2999999523162842,1.2999999523162842,18717,0.0,0.0
2023-05-01 09:30:00-04:00,1.2999999523162842,1.3600000143051147,1.2999999523162842,1.3600000143051147,2937,0.0,0.0
2023-05-01 11:30:00-04:00,1.375,1.3899999856948853,1.375,1.3899999856948853,1444,0.0,0.0
2023-05-01 13:30:00-04:00,1.3700000047683716,1.3899999856948853,1.3700000047683716,1.3899999856948853,992,0.0,0.0
2023-05-01 14:30:00-04:00,1.3849999904632568,1.3849999904632568,1.3799999952316284,1.3799999952316284,427,0.0,0.0
2023-05-01 15:30:00-04:00,1.3799999952316284,1.3802000284194946,1.3700000047683716,1.3802000284194946,765,0.0,0.0
2023-05-02 10:30:00-04:00,1.340000033378601,1.3700000047683716,1.3250000476837158,1.3700000047683716,4277,0.0,0.0
2023-05-02 12:30:00-04:00,1.3698999881744385,1.3798999786376953,1.3698999881744385,1.3798999786376953,6406,0.0,0.0
2023-05-02 13:30:00-04:00,1.351199984550476,1.351199984550476,1.351199984550476,1.351199984550476,597,0.0,0.0
2023-05-02 14:30:00-04:00,1.3756999969482422,1.3756999969482422,1.3664000034332275,1.3664000034332275,2270,0.0,0.0
2023-05-02 15:30:00-04:00,1.3700000047683716,1.3700000047683716,1.350000023841858,1.350000023841858,1410,0.0,0.0
2023-05-03 09:30:00-04:00,1.350000023841858,1.3799999952316284,1.350000023841858,1.3799999952316284,598,0.0,0.0
2023-05-03 10:30:00-04:00,1.3799999952316284,1.3799999952316284,1.3799999952316284,1.3799999952316284,353,0.0,0.0
2023-05-03 12:30:00-04:00,1.375,1.3849999904632568,1.3700000047683716,1.3849999904632568,909,0.0,0.0
2023-05-03 13:30:00-04:00,1.3990000486373901,1.409999966621399,1.3990000486373901,1.399999976158142,4865,0.0,0.0
2023-05-03 14:30:00-04:00,1.399999976158142,1.399999976158142,1.399999976158142,1.399999976158142,382,0.0,0.0
2023-05-03 15:30:00-04:00,1.3948999643325806,1.3948999643325806,1.309999942779541,1.3300000429153442,6025,0.0,0.0
2023-05-04 09:30:00-04:00,1.309999942779541,1.309999942779541,1.309999942779541,1.309999942779541,745,0.0,0.0
2023-05-04 10:30:00-04:00,1.3300000429153442,1.3600000143051147,1.309999942779541,1.3600000143051147,3500,0.0,0.0
2023-05-04 12:30:00-04:00,1.3799999952316284,1.399999976158142,1.3799999952316284,1.399999976158142,982,0.0,0.0
2023-05-04 13:30:00-04:00,1.399999976158142,1.409999966621399,1.3600000143051147,1.3830000162124634,5019,0.0,0.0
2023-05-04 14:30:00-04:00,1.3799999952316284,1.3799999952316284,1.3600000143051147,1.3799999952316284,709,0.0,0.0
2023-05-04 15:30:00-04:00,1.3899999856948853,1.3899999856948853,1.3650000095367432,1.3799999952316284,16030,0.0,0.0
2023-05-05 11:30:00-04:00,1.3901000022888184,1.4600000381469727,1.3899999856948853,1.434999942779541,6656,0.0,0.0
2023-05-05 12:30:00-04:00,1.3901000022888184,1.4700000286102295,1.3901000022888184,1.4700000286102295,4014,0.0,0.0
2023-05-05 13:30:00-04:00,1.4450000524520874,1.4450000524520874,1.4450000524520874,1.4450000524520874,381,0.0,0.0
2023-05-05 14:30:00-04:00,1.4599000215530396,1.4663000106811523,1.440000057220459,1.4663000106811523,10439,0.0,0.0
2023-05-05 15:30:00-04:00,1.4500000476837158,1.4700000286102295,1.4299999475479126,1.4500000476837158,7714,0.0,0.0
2023-05-08 09:30:00-04:00,1.409999966621399,1.48989999294281,1.399999976158142,1.399999976158142,0,0.0,0.0
2023-05-08 10:30:00-04:00,1.399999976158142,1.399999976158142,1.3849999904632568,1.3849999904632568,4574,0.0,0.0
2023-05-08 12:30:00-04:00,1.3700000047683716,1.3700000047683716,1.3700000047683716,1.3700000047683716,3508,0.0,0.0
2023-05-08 13:30:00-04:00,1.4057999849319458,1.4057999849319458,1.4057999849319458,1.4057999849319458,201,0.0,0.0
2023-05-08 14:30:00-04:00,1.409999966621399,1.409999966621399,1.409999966621399,1.409999966621399,450,0.0,0.0
2023-05-08 15:30:00-04:00,1.3899999856948853,1.3899999856948853,1.3600000143051147,1.3600000143051147,4086,0.0,0.0
2023-05-09 09:30:00-04:00,1.3600000143051147,1.3600000143051147,1.3401000499725342,1.3401000499725342,0,0.0,0.0
2023-05-09 10:30:00-04:00,1.350000023841858,1.3600000143051147,1.350000023841858,1.3600000143051147,0,0.0,0.0
2023-05-09 11:30:00-04:00,1.3600000143051147,1.3600000143051147,1.3600000143051147,1.3600000143051147,8762,0.0,0.0
2023-05-09 12:30:00-04:00,1.3600000143051147,1.3600000143051147,1.340000033378601,1.3550000190734863,5263,0.0,0.0
2023-05-09 13:30:00-04:00,1.340000033378601,1.340000033378601,1.340000033378601,1.340000033378601,0,0.0,0.0
2023-05-09 14:30:00-04:00,1.350000023841858,1.350000023841858,1.3200000524520874,1.350000023841858,16179,0.0,0.0
2023-05-09 15:30:00-04:00,1.350000023841858,1.350000023841858,1.309999942779541,1.3300000429153442,5197,0.0,0.0
2023-05-10 09:30:00-04:00,1.2800999879837036,1.2800999879837036,1.2800999879837036,1.2800999879837036,0,0.0,0.0
2023-05-10 12:30:00-04:00,1.2999999523162842,1.2999999523162842,1.2999999523162842,1.2999999523162842,1367,0.0,0.0
2023-05-10 13:30:00-04:00,1.2899999618530273,1.2899999618530273,1.2899999618530273,1.2899999618530273,1245,0.0,0.0
2023-05-10 14:30:00-04:00,1.2918000221252441,1.2918000221252441,1.25,1.284999966621399,1043,0.0,0.0
2023-05-10 15:30:00-04:00,1.2699999809265137,1.2799999713897705,1.25,1.25,2001,0.0,0.0
2023-05-11 09:30:00-04:00,1.25,1.25,1.25,1.25,0,0.0,0.0
2023-05-11 10:30:00-04:00,1.215000033378601,1.2400000095367432,1.215000033378601,1.2400000095367432,3024,0.0,0.0
2023-05-11 11:30:00-04:00,1.25,1.25,1.25,1.25,461,0.0,0.0
2023-05-11 12:30:00-04:00,1.2350000143051147,1.25,1.2350000143051147,1.25,1370,0.0,0.0
2023-05-11 13:30:00-04:00,1.25,1.25,1.2301000356674194,1.2301000356674194,9826,0.0,0.0
2023-05-11 14:30:00-04:00,1.2315000295639038,1.25,1.2201000452041626,1.25,15085,0.0,0.0
2023-05-11 15:30:00-04:00,1.2799999713897705,1.350000023841858,1.2200000286102295,1.2200000286102295,4667,0.0,0.0
2023-05-12 09:30:00-04:00,1.1699999570846558,1.2100000381469727,1.1699999570846558,1.2100000381469727,4830,0.0,0.0
2023-05-12 10:30:00-04:00,1.2100000381469727,1.2486000061035156,1.2100000381469727,1.2400000095367432,1584,0.0,0.0
2023-05-12 11:30:00-04:00,1.2400000095367432,1.2400000095367432,1.2400000095367432,1.2400000095367432,652,0.0,0.0
2023-05-12 13:30:00-04:00,1.2300000190734863,1.2300000190734863,1.2171000242233276,1.2171000242233276,241,0.0,0.0
2023-05-12 14:30:00-04:00,1.2300000190734863,1.2300000190734863,1.2000000476837158,1.2000000476837158,400,0.0,0.0
2023-05-12 15:30:00-04:00,1.2050000429153442,1.2050000429153442,1.1100000143051147,1.1349999904632568,8884,0.0,0.0
2023-05-15 09:30:00-04:00,1.1399999856948853,1.2000000476837158,1.0800000429153442,1.190000057220459,12452,0.0,0.0
2023-05-15 10:30:00-04:00,1.1800999641418457,1.2100000381469727,1.1800999641418457,1.2050000429153442,15966,0.0,0.0
2023-05-15 11:30:00-04:00,1.2050000429153442,1.2400000095367432,1.2050000429153442,1.2396999597549438,18003,0.0,0.0
2023-05-15 12:30:00-04:00,1.2899999618530273,1.3100999593734741,1.2699999809265137,1.3100999593734741,8521,0.0,0.0
2023-05-15 13:30:00-04:00,1.3200000524520874,1.340000033378601,1.309999942779541,1.3229000568389893,21579,0.0,0.0
2023-05-15 14:30:00-04:00,1.3200000524520874,1.350000023841858,1.3100999593734741,1.3100999593734741,4930,0.0,0.0
2023-05-15 15:30:00-04:00,1.3200000524520874,1.3200000524520874,1.2799999713897705,1.2899999618530273,26851,0.0,0.0
2023-05-16 09:30:00-04:00,1.2000000476837158,1.2000000476837158,1.2000000476837158,1.2000000476837158,1058,0.0,0.0
2023-05-16 10:30:00-04:00,1.2100000381469727,1.2100000381469727,1.2000000476837158,1.2000000476837158,9579,0.0,0.0
2023-05-16 11:30:00-04:00,1.1800999641418457,1.1800999641418457,1.1800999641418457,1.1800999641418457,1091,0.0,0.0
2023-05-16 13:30:00-04:00,1.1827000379562378,1.1827000379562378,1.1827000379562378,1.1827000379562378,1014,0.0,0.0
2023-05-16 14:30:00-04:00,1.1799999475479126,1.2100000381469727,1.1799999475479126,1.2100000381469727,4085,0.0,0.0
2023-05-16 15:30:00-04:00,1.2099000215530396,1.2099000215530396,1.1699999570846558,1.1699999570846558,11683,0.0,0.0
2023-05-17 09:30:00-04:00,1.25,1.25,1.1815999746322632,1.1815999746322632,1639,0.0,0.0
2023-05-17 10:30:00-04:00,1.2100000381469727,1.2599999904632568,1.2000000476837158,1.2599999904632568,4301,0.0,0.0
2023-05-17 11:30:00-04:00,1.350000023841858,1.350000023841858,1.2799999713897705,1.2799999713897705,448,0.0,0.0
2023-05-17 12:30:00-04:00,1.274999976158142,1.350000023841858,1.274999976158142,1.350000023841858,2442,0.0,0.0
2023-05-17 13:30:00-04:00,1.2400000095367432,1.340000033378601,1.2400000095367432,1.3250000476837158,4874,0.0,0.0
2023-05-17 14:30:00-04:00,1.25,1.25,1.25,1.25,100,0.0,0.0
2023-05-17 15:30:00-04:00,1.2999999523162842,1.2999999523162842,1.2000000476837158,1.2000000476837158,2651,0.0,0.0
2023-05-18 09:30:00-04:00,1.1399999856948853,1.3300000429153442,1.1399999856948853,1.3300000429153442,25895,0.0,0.0
2023-05-18 10:30:00-04:00,1.3396999835968018,1.340000033378601,1.3200000524520874,1.340000033378601,23906,0.0,0.0
2023-05-18 11:30:00-04:00,1.340000033378601,1.340000033378601,1.3200000524520874,1.3200000524520874,1804,0.0,0.0
2023-05-18 12:30:00-04:00,1.340000033378601,1.340000033378601,1.320099949836731,1.320099949836731,2511,0.0,0.0
2023-05-18 14:30:00-04:00,1.3350000381469727,1.409999966621399,1.3350000381469727,1.409999966621399,31083,0.0,0.0
2023-05-18 15:30:00-04:00,1.4056999683380127,1.4199999570846558,1.3662999868392944,1.4199999570846558,9231,0.0,0.0
2023-05-19 09:30:00-04:00,1.3600000143051147,1.5,1.3600000143051147,1.5,26063,0.0,0.0
2023-05-19 10:30:00-04:00,1.48580002784729,1.5,1.48580002784729,1.5,2767,0.0,0.0
2023-05-19 11:30:00-04:00,1.5010000467300415,1.6200000047683716,1.5010000467300415,1.600000023841858,25881,0.0,0.0
2023-05-19 12:30:00-04:00,1.649899959564209,1.7884999513626099,1.6200000047683716,1.690000057220459,48374,0.0,0.0
2023-05-19 13:30:00-04:00,1.6799999475479126,1.7400000095367432,1.590000033378601,1.5988999605178833,8060,0.0,0.0
2023-05-19 14:30:00-04:00,1.6200000047683716,1.6699999570846558,1.6100000143051147,1.6497999429702759,16446,0.0,0.0
2023-05-19 15:30:00-04:00,1.6699999570846558,1.6992000341415405,1.590000033378601,1.6200000047683716,11443,0.0,0.0
2023-05-22 09:30:00-04:00,1.6399999856948853,1.7599999904632568,1.5392999649047852,1.704699993133545,22845,0.0,0.0
2023-05-22 10:30:00-04:00,1.7100000381469727,1.7300000190734863,1.659999966621399,1.7300000190734863,13490,0.0,0.0
2023-05-22 11:30:00-04:00,1.6779999732971191,1.684999942779541,1.6779999732971191,1.684999942779541,520,0.0,0.0
2023-05-22 12:30:00-04:00,1.6819000244140625,1.7300000190734863,1.6819000244140625,1.7000999450683594,4189,0.0,0.0
2023-05-22 13:30:00-04:00,1.7009999752044678,1.715000033378601,1.649999976158142,1.690000057220459,7319,0.0,0.0
2023-05-22 14:30:00-04:00,1.7050000429153442,1.7340999841690063,1.7050000429153442,1.715000033378601,3853,0.0,0.0
2023-05-22 15:30:00-04:00,1.7050000429153442,1.7400000095367432,1.7050000429153442,1.7400000095367432,1855,0.0,0.0
2023-05-23 09:30:00-04:00,1.649999976158142,1.6799999475479126,1.649999976158142,1.659500002861023,5462,0.0,0.0
2023-05-23 10:30:00-04:00,1.649999976158142,1.6799999475479126,1.649999976158142,1.6799999475479126,5600,0.0,0.0
2023-05-23 11:30:00-04:00,1.6799999475479126,1.6799999475479126,1.6799999475479126,1.6799999475479126,127,0.0,0.0
2023-05-23 12:30:00-04:00,1.679900050163269,1.679900050163269,1.679900050163269,1.679900050163269,567,0.0,0.0
2023-05-23 14:30:00-04:00,1.6799999475479126,1.6799999475479126,1.6700999736785889,1.6799999475479126,707,0.0,0.0
2023-05-23 15:30:00-04:00,1.6700999736785889,1.6799999475479126,1.6699999570846558,1.6799999475479126,1437,0.0,0.0
2023-05-24 09:30:00-04:00,1.684999942779541,1.684999942779541,1.684999942779541,1.684999942779541,0,0.0,0.0
2023-05-24 12:30:00-04:00,1.6200000047683716,1.6200000047683716,1.6100000143051147,1.6200000047683716,1291,0.0,0.0
2023-05-24 14:30:00-04:00,1.600000023841858,1.600000023841858,1.600000023841858,1.600000023841858,113,0.0,0.0
2023-05-24 15:30:00-04:00,1.5937999486923218,1.6200000047683716,1.5700000524520874,1.611299991607666,11727,0.0,0.0
2023-05-25 09:30:00-04:00,1.5124000310897827,1.5124000310897827,1.5124000310897827,1.5124000310897827,533,0.0,0.0
2023-05-25 10:30:00-04:00,1.5750000476837158,1.6096999645233154,1.5750000476837158,1.600000023841858,2034,0.0,0.0
2023-05-25 11:30:00-04:00,1.5849000215530396,1.5849000215530396,1.5700000524520874,1.5800000429153442,2558,0.0,0.0
2023-05-25 12:30:00-04:00,1.5800000429153442,1.5800000429153442,1.5800000429153442,1.5800000429153442,121,0.0,0.0
2023-05-25 13:30:00-04:00,1.559999942779541,1.590000033378601,1.559999942779541,1.5600999593734741,0,0.0,0.0
2023-05-25 14:30:00-04:00,1.590000033378601,1.590000033378601,1.5199999809265137,1.5299999713897705,16862,0.0,0.0
2023-05-25 15:30:00-04:00,1.5199999809265137,1.5800000429153442,1.5199999809265137,1.5499999523162842,1731,0.0,0.0
2023-05-26 09:30:00-04:00,1.5700000524520874,1.5700000524520874,1.5700000524520874,1.5700000524520874,470,0.0,0.0
2023-05-26 10:30:00-04:00,1.4866000413894653,1.4866000413894653,1.4866000413894653,1.4866000413894653,771,0.0,0.0
2023-05-26 11:30:00-04:00,1.5099999904632568,1.5399999618530273,1.4900000095367432,1.5399999618530273,5424,0.0,0.0
2023-05-26 13:30:00-04:00,1.5300999879837036,1.5300999879837036,1.5300999879837036,1.5300999879837036,1780,0.0,0.0
2023-05-26 14:30:00-04:00,1.5399999618530273,1.5399999618530273,1.5399999618530273,1.5399999618530273,277,0.0,0.0
2023-05-26 15:30:00-04:00,1.4900000095367432,1.4900000095367432,1.4800000190734863,1.4900000095367432,1504,0.0,0.0
2023-05-30 09:30:00-04:00,1.5,1.5183000564575195,1.5,1.5,0,0.0,0.0
2023-05-30 10:30:00-04:00,1.5199999809265137,1.5199999809265137,1.5099999904632568,1.5099999904632568,3959,0.0,0.0
2023-05-30 11:30:00-04:00,1.4801000356674194,1.4850000143051147,1.4801000356674194,1.4850000143051147,1130,0.0,0.0
2023-05-30 12:30:00-04:00,1.5099999904632568,1.5292999744415283,1.4801000356674194,1.5049999952316284,10415,0.0,0.0
2023-05-30 13:30:00-04:00,1.4838999509811401,1.5299999713897705,1.4838999509811401,1.5299999713897705,10587,0.0,0.0
2023-05-30 14:30:00-04:00,1.5199999809265137,1.5599000453948975,1.5199999809265137,1.5463000535964966,1735,0.0,0.0
2023-05-30 15:30:00-04:00,1.5398999452590942,1.5399999618530273,1.5199999809265137,1.5399999618530273,3636,0.0,0.0
2023-05-31 09:30:00-04:00,1.5,1.5098999738693237,1.4699000120162964,1.5098999738693237,9768,0.0,0.0
2023-05-31 10:30:00-04:00,1.5770000219345093,1.5770000219345093,1.5499999523162842,1.5499999523162842,3533,0.0,0.0
2023-05-31 11:30:00-04:00,1.4900000095367432,1.4901000261306763,1.4450000524520874,1.4901000261306763,4067,0.0,0.0
2023-05-31 12:30:00-04:00,1.4900000095367432,1.5095000267028809,1.4305000305175781,1.4305000305175781,9150,0.0,0.0
2023-05-31 13:30:00-04:00,1.440000057220459,1.4499000310897827,1.409999966621399,1.4472999572753906,3056,0.0,0.0
2023-05-31 14:30:00-04:00,1.4199999570846558,1.4500000476837158,1.409999966621399,1.409999966621399,3467,0.0,0.0
2023-05-31 15:30:00-04:00,1.409999966621399,1.409999966621399,1.3550000190734863,1.3700000047683716,4489,0.0,0.0
2023-06-01 09:30:00-04:00,1.3300000429153442,1.399899959564209,1.3000999689102173,1.3700000047683716,8387,0.0,0.0
2023-06-01 10:30:00-04:00,1.350000023841858,1.3700000047683716,1.350000023841858,1.3600000143051147,1974,0.0,0.0
2023-06-01 11:30:00-04:00,1.3335000276565552,1.3335000276565552,1.3335000276565552,1.3335000276565552,186,0.0,0.0
2023-06-01 12:30:00-04:00,1.3450000286102295,1.350000023841858,1.3401000499725342,1.3423999547958374,1164,0.0,0.0
2023-06-01 13:30:00-04:00,1.340000033378601,1.340000033378601,1.340000033378601,1.340000033378601,696,0.0,0.0
2023-06-01 14:30:00-04:00,1.3450000286102295,1.3450000286102295,1.340000033378601,1.340000033378601,1526,0.0,0.0
2023-06-01 15:30:00-04:00,1.340000033378601,1.340000033378601,1.2999999523162842,1.2999999523162842,3285,0.0,0.0
2023-06-02 09:30:00-04:00,1.2799999713897705,1.2799999713897705,1.2799999713897705,1.2799999713897705,922,0.0,0.0
2023-06-02 10:30:00-04:00,1.2799999713897705,1.325600028038025,1.2799999713897705,1.2999999523162842,1462,0.0,0.0
2023-06-02 11:30:00-04:00,1.3003000020980835,1.3200000524520874,1.2999999523162842,1.3200000524520874,1783,0.0,0.0
2023-06-02 12:30:00-04:00,1.309999942779541,1.3300000429153442,1.2999999523162842,1.3250000476837158,629,0.0,0.0
2023-06-02 13:30:00-04:00,1.3294999599456787,1.3300000429153442,1.3200000524520874,1.3300000429153442,2287,0.0,0.0
2023-06-02 14:30:00-04:00,1.3499000072479248,1.3600000143051147,1.3300000429153442,1.3600000143051147,7993,0.0,0.0
2023-06-02 15:30:00-04:00,1.3450000286102295,1.3450000286102295,1.2699999809265137,1.2899999618530273,3479,0.0,0.0
2023-06-05 09:30:00-04:00,1.2400000095367432,1.2400000095367432,1.2400000095367432,1.2400000095367432,740,0.0,0.0
2023-06-05 10:30:00-04:00,1.2924000024795532,1.2924000024795532,1.2884000539779663,1.2884000539779663,684,0.0,0.0
2023-06-05 11:30:00-04:00,1.284999966621399,1.2949999570846558,1.2699999809265137,1.2949999570846558,3574,0.0,0.0
2023-06-05 12:30:00-04:00,1.3095999956130981,1.3183000087738037,1.3095999956130981,1.3183000087738037,1297,0.0,0.0
2023-06-05 13:30:00-04:00,1.3200000524520874,1.3200000524520874,1.2999999523162842,1.315000057220459,2100,0.0,0.0
2023-06-05 14:30:00-04:00,1.2999999523162842,1.2999999523162842,1.2999999523162842,1.2999999523162842,744,0.0,0.0
2023-06-05 15:30:00-04:00,1.3049999475479126,1.3049999475479126,1.2899999618530273,1.2999999523162842,1107,0.0,0.0
2023-06-06 09:30:00-04:00,1.2899999618530273,1.2899999618530273,1.2599999904632568,1.2898999452590942,8068,0.0,0.0
2023-06-06 10:30:00-04:00,1.2899999618530273,1.3499000072479248,1.2898999452590942,1.3499000072479248,2973,0.0,0.0
2023-06-06 11:30:00-04:00,1.340000033378601,1.3499000072479248,1.3350000381469727,1.3431999683380127,1590,0.0,0.0
2023-06-06 12:30:00-04:00,1.3300000429153442,1.3300000429153442,1.2999999523162842,1.2999999523162842,4519,0.0,0.0
2023-06-06 13:30:00-04:00,1.3100999593734741,1.3100999593734741,1.3100999593734741,1.3100999593734741,100,0.0,0.0
2023-06-06 14:30:00-04:00,1.2999999523162842,1.315000057220459,1.2999999523162842,1.315000057220459,1039,0.0,0.0
2023-06-06 15:30:00-04:00,1.3200000524520874,1.3200000524520874,1.2999999523162842,1.2999999523162842,0,0.0,0.0
2023-06-07 09:30:00-04:00,1.340000033378601,1.3698999881744385,1.2899999618530273,1.2999999523162842,5366,0.0,0.0
2023-06-07 10:30:00-04:00,1.2999999523162842,1.3421000242233276,1.2899999618530273,1.3421000242233276,31010,0.0,0.0
2023-06-07 11:30:00-04:00,1.3200000524520874,1.351199984550476,1.309999942779541,1.3301000595092773,4993,0.0,0.0
2023-06-07 12:30:00-04:00,1.3638999462127686,1.364300012588501,1.3300000429153442,1.3300000429153442,5123,0.0,0.0
2023-06-07 13:30:00-04:00,1.3198000192642212,1.3600000143051147,1.3198000192642212,1.3600000143051147,15096,0.0,0.0
2023-06-07 14:30:00-04:00,1.3600000143051147,1.399999976158142,1.3526999950408936,1.399999976158142,11207,0.0,0.0
2023-06-07 15:30:00-04:00,1.399999976158142,1.440000057220459,1.3899999856948853,1.4299999475479126,3709,0.0,0.0
2023-06-08 09:30:00-04:00,1.3801000118255615,1.3801000118255615,1.3799999952316284,1.3799999952316284,0,0.0,0.0
2023-06-08 10:30:00-04:00,1.3798999786376953,1.4371999502182007,1.3797999620437622,1.4371999502182007,9959,0.0,0.0
2023-06-08 11:30:00-04:00,1.4544999599456787,1.4544999599456787,1.4544999599456787,1.4544999599456787,624,0.0,0.0
2023-06-08 12:30:00-04:00,1.475000023841858,1.4773000478744507,1.4600000381469727,1.4773000478744507,1708,0.0,0.0
2023-06-08 13:30:00-04:00,1.4600000381469727,1.4600000381469727,1.4534000158309937,1.4534000158309937,3483,0.0,0.0
2023-06-08 15:30:00-04:00,1.4199999570846558,1.4500000476837158,1.4199999570846558,1.4500000476837158,1287,0.0,0.0
2023-06-09 09:30:00-04:00,1.4550000429153442,1.465000033378601,1.4299999475479126,1.465000033378601,0,0.0,0.0
2023-06-09 10:30:00-04:00,1.4900000095367432,1.5399999618530273,1.4800000190734863,1.5214999914169312,15453,0.0,0.0
2023-06-09 11:30:00-04:00,1.5299999713897705,1.5865000486373901,1.5271999835968018,1.5865000486373901,12822,0.0,0.0
2023-06-09 12:30:00-04:00,1.5853999853134155,1.600000023841858,1.5750000476837158,1.600000023841858,1864,0.0,0.0
2023-06-09 13:30:00-04:00,1.5985000133514404,1.600000023841858,1.5700000524520874,1.5700000524520874,3238,0.0,0.0
2023-06-09 14:30:00-04:00,1.5499999523162842,1.5700000524520874,1.5384999513626099,1.5384999513626099,4522,0.0,0.0
2023-06-09 15:30:00-04:00,1.559999942779541,1.559999942779541,1.559999942779541,1.559999942779541,759,0.0,0.0
2023-06-12 09:30:00-04:00,1.5399999618530273,1.5399999618530273,1.5099999904632568,1.5099999904632568,0,0.0,0.0
2023-06-12 10:30:00-04:00,1.5099999904632568,1.5099999904632568,1.5099999904632568,1.5099999904632568,378,0.0,0.0
2023-06-12 11:30:00-04:00,1.5099999904632568,1.5099999904632568,1.5,1.5099999904632568,1021,0.0,0.0
2023-06-12 12:30:00-04:00,1.500499963760376,1.5199999809265137,1.5,1.5099999904632568,6487,0.0,0.0
2023-06-12 14:30:00-04:00,1.5,1.5,1.5,1.5,839,0.0,0.0
2023-06-12 15:30:00-04:00,1.5099999904632568,1.5199999809265137,1.5,1.5199999809265137,1197,0.0,0.0
2023-06-13 10:30:00-04:00,1.534999966621399,1.534999966621399,1.5,1.5,460,0.0,0.0
2023-06-13 11:30:00-04:00,1.5399999618530273,1.5399999618530273,1.5399999618530273,1.5399999618530273,1049,0.0,0.0
2023-06-13 15:30:00-04:00,1.5099999904632568,1.5299999713897705,1.5,1.5299999713897705,1472,0.0,0.0
2023-06-14 09:30:00-04:00,1.5049999952316284,1.5049999952316284,1.5049999952316284,1.5049999952316284,300,0.0,0.0
2023-06-14 10:30:00-04:00,1.4687999486923218,1.5,1.4687999486923218,1.4950000047683716,2565,0.0,0.0
2023-06-14 11:30:00-04:00,1.5199999809265137,1.5299999713897705,1.5099999904632568,1.5199999809265137,7430,0.0,0.0
2023-06-14 12:30:00-04:00,1.5299999713897705,1.5299999713897705,1.5299999713897705,1.5299999713897705,1177,0.0,0.0
2023-06-14 13:30:00-04:00,1.5397000312805176,1.5397000312805176,1.524999976158142,1.524999976158142,1325,0.0,0.0
2023-06-14 14:30:00-04:00,1.5217000246047974,1.6399999856948853,1.5217000246047974,1.6299999952316284,41400,0.0,0.0
2023-06-14 15:30:00-04:00,1.6589000225067139,1.6699999570846558,1.6399999856948853,1.649999976158142,10946,0.0,0.0
2023-06-15 09:30:00-04:00,1.6347999572753906,1.6347999572753906,1.6101000308990479,1.6102999448776245,895,0.0,0.0
2023-06-15 10:30:00-04:00,1.6399999856948853,1.6399999856948853,1.6200000047683716,1.6200000047683716,569,0.0,0.0
2023-06-15 11:30:00-04:00,1.672700047492981,1.672700047492981,1.649999976158142,1.649999976158142,9010,0.0,0.0
2023-06-15 12:30:00-04:00,1.6449999809265137,1.6449999809265137,1.6449999809265137,1.6449999809265137,851,0.0,0.0
2023-06-15 13:30:00-04:00,1.659999966621399,1.659999966621399,1.659999966621399,1.659999966621399,1904,0.0,0.0
2023-06-15 14:30:00-04:00,1.6649999618530273,1.6741000413894653,1.649999976158142,1.6575000286102295,5605,0.0,0.0
2023-06-15 15:30:00-04:00,1.6649999618530273,1.6699999570846558,1.6200000047683716,1.6200000047683716,7984,0.0,0.0
2023-06-16 09:30:00-04:00,1.6799999475479126,1.6799999475479126,1.6140999794006348,1.6140999794006348,1591,0.0,0.0
2023-06-16 10:30:00-04:00,1.6749999523162842,1.684999942779541,1.6699999570846558,1.684999942779541,3475,0.0,0.0
2023-06-16 11:30:00-04:00,1.6899000406265259,1.690000057220459,1.6749999523162842,1.6799999475479126,2202,0.0,0.0
2023-06-16 12:30:00-04:00,1.649999976158142,1.6649999618530273,1.6299999952316284,1.659999966621399,2992,0.0,0.0
2023-06-16 13:30:00-04:00,1.6299999952316284,1.7000000476837158,1.6299999952316284,1.649999976158142,9104,0.0,0.0
2023-06-16 14:30:00-04:00,1.649999976158142,1.659999966621399,1.649999976158142,1.649999976158142,2566,0.0,0.0
2023-06-16 15:30:00-04:00,1.649999976158142,1.7000000476837158,1.649999976158142,1.690000057220459,4203,0.0,0.0
2023-06-20 09:30:00-04:00,1.6799999475479126,1.7000000476837158,1.649999976158142,1.6799999475479126,2480,0.0,0.0
2023-06-20 10:30:00-04:00,1.6500999927520752,1.6510000228881836,1.649999976158142,1.649999976158142,2875,0.0,0.0
2023-06-20 11:30:00-04:00,1.6725000143051147,1.6725000143051147,1.6725000143051147,1.6725000143051147,593,0.0,0.0
2023-06-20 12:30:00-04:00,1.659999966621399,1.6649999618530273,1.649999976158142,1.6649999618530273,1833,0.0,0.0
2023-06-20 14:30:00-04:00,1.6299999952316284,1.6299999952316284,1.6299999952316284,1.6299999952316284,910,0.0,0.0
2023-06-20 15:30:00-04:00,1.6299999952316284,1.6299999952316284,1.6299999952316284,1.6299999952316284,1483,0.0,0.0
2023-06-21 09:30:00-04:00,1.7300000190734863,1.7314000129699707,1.4800000190734863,1.4800000190734863,544216,0.0,0.0
2023-06-21 10:30:00-04:00,1.5154999494552612,1.5166000127792358,1.4800000190734863,1.4900000095367432,6848,0.0,0.0
2023-06-21 11:30:00-04:00,1.4800000190734863,1.5399999618530273,1.4800000190734863,1.5199999809265137,11906,0.0,0.0
2023-06-21 12:30:00-04:00,1.5299999713897705,1.5399999618530273,1.5,1.5099999904632568,8162,0.0,0.0
2023-06-21 13:30:00-04:00,1.5399999618530273,1.5399999618530273,1.5299999713897705,1.5399999618530273,3628,0.0,0.0
2023-06-21 14:30:00-04:00,1.5499999523162842,1.5499999523162842,1.5,1.5499999523162842,4390,0.0,0.0
2023-06-21 15:30:00-04:00,1.5399999618530273,1.5700000524520874,1.5399999618530273,1.5700000524520874,3862,0.0,0.0
2023-06-22 09:30:00-04:00,1.5700000524520874,1.5700000524520874,1.5199999809265137,1.5199999809265137,6650,0.0,0.0
2023-06-22 10:30:00-04:00,1.5199999809265137,1.5700000524520874,1.5,1.5,11149,0.0,0.0
2023-06-22 11:30:00-04:00,1.4809999465942383,1.5,1.4800000190734863,1.4800000190734863,1842,0.0,0.0
2023-06-22 12:30:00-04:00,1.4900000095367432,1.4900000095367432,1.4700000286102295,1.4700000286102295,1746,0.0,0.0
2023-06-22 13:30:00-04:00,1.4550000429153442,1.4700000286102295,1.4550000429153442,1.4700000286102295,1384,0.0,0.0
2023-06-22 14:30:00-04:00,1.4700000286102295,1.4700000286102295,1.4700000286102295,1.4700000286102295,587,0.0,0.0
2023-06-22 15:30:00-04:00,1.4700000286102295,1.4800000190734863,1.4600000381469727,1.4700000286102295,0,0.0,0.0
2023-06-23 09:30:00-04:00,1.4900000095367432,1.4900000095367432,1.4199999570846558,1.4199999570846558,1228,0.0,0.0
2023-06-23 10:30:00-04:00,1.4299999475479126,1.4299999475479126,1.4299999475479126,1.4299999475479126,2111,0.0,0.0
2023-06-23 11:30:00-04:00,1.4199999570846558,1.4299999475479126,1.4139000177383423,1.4139000177383423,3360,0.0,0.0
2023-06-23 12:30:00-04:00,1.4199999570846558,1.4199999570846558,1.409999966621399,1.409999966621399,669,0.0,0.0
2023-06-23 13:30:00-04:00,1.409999966621399,1.409999966621399,1.3700000047683716,1.3799999952316284,7826,0.0,0.0
2023-06-23 14:30:00-04:00,1.3799999952316284,1.3799999952316284,1.350000023841858,1.350000023841858,2214,0.0,0.0
2023-06-23 15:30:00-04:00,1.350000023841858,1.3700000047683716,1.340000033378601,1.3700000047683716,12604,0.0,0.0
2023-06-26 09:30:00-04:00,1.309999942779541,1.5299999713897705,1.309999942779541,1.3799999952316284,30228,0.0,0.0
2023-06-26 10:30:00-04:00,1.3849999904632568,1.3899999856948853,1.350000023841858,1.3700000047683716,8408,0.0,0.0
2023-06-26 14:30:00-04:00,1.3600000143051147,1.3600000143051147,1.3209999799728394,1.3209999799728394,579,0.0,0.0
2023-06-26 15:30:00-04:00,1.350000023841858,1.3700000047683716,1.3322999477386475,1.3700000047683716,7317,0.0,0.0
2023-06-27 11:30:00-04:00,1.3600000143051147,1.3600000143051147,1.3600000143051147,1.3600000143051147,552,0.0,0.0
2023-06-27 12:30:00-04:00,1.3600000143051147,1.3600000143051147,1.3600000143051147,1.3600000143051147,756,0.0,0.0
2023-06-27 13:30:00-04:00,1.3799999952316284,1.4149999618530273,1.3799999952316284,1.409999966621399,7189,0.0,0.0
2023-06-27 14:30:00-04:00,1.3925000429153442,1.4199999570846558,1.3801000118255615,1.409999966621399,3296,0.0,0.0
2023-06-27 15:30:00-04:00,1.4199999570846558,1.440000057220459,1.3801000118255615,1.4199999570846558,4922,0.0,0.0
2023-06-28 09:30:00-04:00,1.3600000143051147,1.399999976158142,1.350000023841858,1.350000023841858,7752,0.0,0.0
2023-06-28 10:30:00-04:00,1.3700000047683716,1.3949999809265137,1.350000023841858,1.3949999809265137,5436,0.0,0.0
2023-06-28 11:30:00-04:00,1.4160000085830688,1.4160000085830688,1.3899999856948853,1.399999976158142,1313,0.0,0.0
2023-06-28 12:30:00-04:00,1.399999976158142,1.409999966621399,1.3450000286102295,1.375,12575,0.0,0.0
2023-06-28 13:30:00-04:00,1.371399998664856,1.409999966621399,1.3401000499725342,1.3799999952316284,6105,0.0,0.0
2023-06-28 14:30:00-04:00,1.409999966621399,1.409999966621399,1.409999966621399,1.409999966621399,954,0.0,0.0
2023-06-28 15:30:00-04:00,1.3880000114440918,1.409999966621399,1.375,1.409999966621399,1338,0.0,0.0
2023-06-29 09:30:00-04:00,1.3300000429153442,1.364799976348877,1.3300000429153442,1.364799976348877,0,0.0,0.0
2023-06-29 10:30:00-04:00,1.3799999952316284,1.3799999952316284,1.3799999952316284,1.3799999952316284,995,0.0,0.0
2023-06-29 11:30:00-04:00,1.3600000143051147,1.3899999856948853,1.3600000143051147,1.3899999856948853,564,0.0,0.0
2023-06-29 12:30:00-04:00,1.3899999856948853,1.3899999856948853,1.3451999425888062,1.3451999425888062,2357,0.0,0.0
2023-06-29 14:30:00-04:00,1.3700000047683716,1.3799999952316284,1.2999999523162842,1.3200000524520874,19527,0.0,0.0
2023-06-29 15:30:00-04:00,1.3000999689102173,1.3200000524520874,1.2920000553131104,1.3200000524520874,2527,0.0,0.0
2023-06-30 09:30:00-04:00,1.350000023841858,1.3899999856948853,1.2899999618530273,1.2900999784469604,48662,0.0,0.0
2023-06-30 10:30:00-04:00,1.339900016784668,1.339900016784668,1.309999942779541,1.309999942779541,2517,0.0,0.0
2023-06-30 11:30:00-04:00,1.3250000476837158,1.3300000429153442,1.2899999618530273,1.3070000410079956,28508,0.0,0.0
2023-06-30 12:30:00-04:00,1.2899999618530273,1.3200000524520874,1.2899999618530273,1.3049999475479126,6232,0.0,0.0
2023-06-30 13:30:00-04:00,1.3200000524520874,1.3799999952316284,1.3200000524520874,1.3799999952316284,3815,0.0,0.0
2023-06-30 14:30:00-04:00,1.3799999952316284,1.3799999952316284,1.3100999593734741,1.340000033378601,7621,0.0,0.0
2023-06-30 15:30:00-04:00,1.3700000047683716,1.3700000047683716,1.3700000047683716,1.3700000047683716,437,0.0,0.0
2023-07-03 10:30:00-04:00,1.350000023841858,1.350000023841858,1.3200000524520874,1.3350000381469727,955,0.0,0.0
2023-07-03 11:30:00-04:00,1.2999999523162842,1.350000023841858,1.2999999523162842,1.3128000497817993,3941,0.0,0.0
2023-07-03 12:30:00-04:00,1.309999942779541,1.3300000429153442,1.2899999618530273,1.2899999618530273,1133,0.0,0.0
2023-07-05 09:30:00-04:00,1.309999942779541,1.3588999509811401,1.2999999523162842,1.2999999523162842,6623,0.0,0.0
2023-07-05 10:30:00-04:00,1.3000999689102173,1.3301000595092773,1.3000999689102173,1.3301000595092773,560,0.0,0.0
2023-07-05 11:30:00-04:00,1.3300000429153442,1.3450000286102295,1.3300000429153442,1.3300000429153442,1354,0.0,0.0
2023-07-05 12:30:00-04:00,1.3200000524520874,1.3200000524520874,1.309999942779541,1.3200000524520874,869,0.0,0.0
2023-07-05 13:30:00-04:00,1.3200000524520874,1.3200000524520874,1.309999942779541,1.309999942779541,1220,0.0,0.0
2023-07-05 15:30:00-04:00,1.309999942779541,1.3200000524520874,1.309999942779541,1.3200000524520874,737,0.0,0.0
2023-07-06 09:30:00-04:00,1.2999999523162842,1.3600000143051147,1.2999999523162842,1.3600000143051147,3000,0.0,0.0
2023-07-06 10:30:00-04:00,1.301800012588501,1.301800012588501,1.301800012588501,1.301800012588501,873,0.0,0.0
2023-07-06 11:30:00-04:00,1.309999942779541,1.3300000429153442,1.2799999713897705,1.2799999713897705,3048,0.0,0.0
2023-07-06 12:30:00-04:00,1.2799999713897705,1.2799999713897705,1.2799999713897705,1.2799999713897705,267,0.0,0.0
2023-07-06 13:30:00-04:00,1.2609000205993652,1.2899999618530273,1.2609000205993652,1.2899999618530273,941,0.0,0.0
2023-07-06 14:30:00-04:00,1.2899999618530273,1.2899999618530273,1.2899999618530273,1.2899999618530273,211,0.0,0.0
2023-07-06 15:30:00-04:00,1.2899999618530273,1.2899999618530273,1.2599999904632568,1.2599999904632568,0,0.0,0.0
2023-07-07 09:30:00-04:00,1.2699999809265137,1.2799999713897705,1.2599999904632568,1.2599999904632568,1489,0.0,0.0
2023-07-07 10:30:00-04:00,1.25,1.2549999952316284,1.25,1.25,10199,0.0,0.0
2023-07-07 11:30:00-04:00,1.2400000095367432,1.2799999713897705,1.2300000190734863,1.232699990272522,1307,0.0,0.0
2023-07-07 12:30:00-04:00,1.2599999904632568,1.2699999809265137,1.2300000190734863,1.2450000047683716,3241,0.0,0.0
2023-07-07 13:30:00-04:00,1.2400000095367432,1.2699999809265137,1.2400000095367432,1.2599999904632568,2087,0.0,0.0
2023-07-07 14:30:00-04:00,1.2354999780654907,1.2354999780654907,1.2354999780654907,1.2354999780654907,265,0.0,0.0
2023-07-07 15:30:00-04:00,1.2450000047683716,1.2599999904632568,1.2450000047683716,1.2599999904632568,1655,0.0,0.0
2023-07-10 10:30:00-04:00,1.2599999904632568,1.2599999904632568,1.2209999561309814,1.2510000467300415,1464,0.0,0.0
2023-07-10 11:30:00-04:00,1.25,1.25,1.25,1.25,117,0.0,0.0
2023-07-10 12:30:00-04:00,1.249500036239624,1.249500036239624,1.249500036239624,1.249500036239624,458,0.0,0.0
2023-07-10 13:30:00-04:00,1.25,1.25,1.25,1.25,145,0.0,0.0
2023-07-10 14:30:00-04:00,1.2309999465942383,1.2309999465942383,1.2309999465942383,1.2309999465942383,262,0.0,0.0
2023-07-10 15:30:00-04:00,1.2300000190734863,1.25,1.2300000190734863,1.2400000095367432,922,0.0,0.0
2023-07-11 09:30:00-04:00,1.2599999904632568,1.2599999904632568,1.2400000095367432,1.2487000226974487,950,0.0,0.0
2023-07-11 10:30:00-04:00,1.25,1.2598999738693237,1.24590003490448,1.24590003490448,1613,0.0,0.0
2023-07-11 11:30:00-04:00,1.2400000095367432,1.2798000574111938,1.2400000095367432,1.2649999856948853,4702,0.0,0.0
2023-07-11 12:30:00-04:00,1.2400000095367432,1.2400000095367432,1.2400000095367432,1.2400000095367432,5817,0.0,0.0
2023-07-11 13:30:00-04:00,1.2350000143051147,1.2350000143051147,1.2350000143051147,1.2350000143051147,3053,0.0,0.0
2023-07-11 14:30:00-04:00,1.2200000286102295,1.2200000286102295,1.2200000286102295,1.2200000286102295,0,0.0,0.0
2023-07-11 15:30:00-04:00,1.2599999904632568,1.2599999904632568,1.2400000095367432,1.2400000095367432,16770,0.0,0.0
2023-07-12 09:30:00-04:00,1.2899999618530273,1.2899999618530273,1.2799999713897705,1.2799999713897705,0,0.0,0.0
2023-07-12 10:30:00-04:00,1.2718000411987305,1.2718000411987305,1.2699999809265137,1.271399974822998,2014,0.0,0.0
2023-07-12 11:30:00-04:00,1.2785999774932861,1.2799999713897705,1.2699999809265137,1.2799999713897705,13372,0.0,0.0
2023-07-12 12:30:00-04:00,1.3200000524520874,1.350000023841858,1.3200000524520874,1.350000023841858,8887,0.0,0.0
2023-07-12 13:30:00-04:00,1.340000033378601,1.3899999856948853,1.340000033378601,1.3899999856948853,21961,0.0,0.0
2023-07-12 14:30:00-04:00,1.3799999952316284,1.388800024986267,1.3700000047683716,1.3700000047683716,4113,0.0,0.0
2023-07-12 15:30:00-04:00,1.3899999856948853,1.3899999856948853,1.3600000143051147,1.3600000143051147,15402,0.0,0.0
2023-07-13 09:30:00-04:00,1.3700000047683716,1.399899959564209,1.3700000047683716,1.399899959564209,2864,0.0,0.0
2023-07-13 10:30:00-04:00,1.3941999673843384,1.4757000207901,1.3941999673843384,1.4757000207901,3665,0.0,0.0
2023-07-13 11:30:00-04:00,1.4500000476837158,1.4600000381469727,1.4285000562667847,1.4600000381469727,22139,0.0,0.0
2023-07-13 12:30:00-04:00,1.3901000022888184,1.3901000022888184,1.3899999856948853,1.3899999856948853,500,0.0,0.0
2023-07-13 13:30:00-04:00,1.4000999927520752,1.4600000381469727,1.4000999927520752,1.4500000476837158,12670,0.0,0.0
2023-07-13 14:30:00-04:00,1.4700000286102295,1.4700000286102295,1.4700000286102295,1.4700000286102295,100,0.0,0.0
2023-07-13 15:30:00-04:00,1.4600000381469727,1.4600000381469727,1.4299999475479126,1.4600000381469727,3997,0.0,0.0
2023-07-14 09:30:00-04:00,1.4199999570846558,1.440000057220459,1.4199999570846558,1.440000057220459,3827,0.0,0.0
2023-07-14 10:30:00-04:00,1.440000057220459,1.4600000381469727,1.440000057220459,1.4600000381469727,6375,0.0,0.0
2023-07-14 11:30:00-04:00,1.4600000381469727,1.4600000381469727,1.4600000381469727,1.4600000381469727,660,0.0,0.0
2023-07-14 12:30:00-04:00,1.4550000429153442,1.4550000429153442,1.4500999450683594,1.4500999450683594,745,0.0,0.0
2023-07-14 13:30:00-04:00,1.4600000381469727,1.4600000381469727,1.4535000324249268,1.4600000381469727,1358,0.0,0.0
2023-07-14 14:30:00-04:00,1.4600000381469727,1.4600000381469727,1.4600000381469727,1.4600000381469727,100,0.0,0.0
2023-07-14 15:30:00-04:00,1.4557000398635864,1.4600000381469727,1.4199999570846558,1.4600000381469727,2368,0.0,0.0
2023-07-17 09:30:00-04:00,1.409999966621399,1.4500000476837158,1.409999966621399,1.448699951171875,0,0.0,0.0
2023-07-17 10:30:00-04:00,1.4470000267028809,1.4500000476837158,1.4312000274658203,1.440000057220459,2654,0.0,0.0
2023-07-17 11:30:00-04:00,1.4500000476837158,1.4500000476837158,1.4500000476837158,1.4500000476837158,221,0.0,0.0
2023-07-17 12:30:00-04:00,1.4600000381469727,1.4600000381469727,1.4586999416351318,1.4600000381469727,758,0.0,0.0
2023-07-17 13:30:00-04:00,1.4600000381469727,1.4600000381469727,1.4600000381469727,1.4600000381469727,131,0.0,0.0
2023-07-17 14:30:00-04:00,1.4529999494552612,1.4529999494552612,1.4479000568389893,1.4479000568389893,1307,0.0,0.0
2023-07-17 15:30:00-04:00,1.4600000381469727,1.4600000381469727,1.440000057220459,1.4500000476837158,0,0.0,0.0
2023-07-18 09:30:00-04:00,1.3701000213623047,1.3701000213623047,1.3701000213623047,1.3701000213623047,1156,0.0,0.0
2023-07-18 10:30:00-04:00,1.375599980354309,1.375599980354309,1.375599980354309,1.375599980354309,373,0.0,0.0
2023-07-18 13:30:00-04:00,1.4154000282287598,1.4154000282287598,1.4154000282287598,1.4154000282287598,101,0.0,0.0
2023-07-18 14:30:00-04:00,1.3899999856948853,1.409999966621399,1.3898999691009521,1.3898999691009521,4028,0.0,0.0
2023-07-18 15:30:00-04:00,1.3899999856948853,1.3899999856948853,1.3550000190734863,1.3700000047683716,2900,0.0,0.0
2023-07-19 12:30:00-04:00,1.3450000286102295,1.3450000286102295,1.3450000286102295,1.3450000286102295,313,0.0,0.0
2023-07-19 13:30:00-04:00,1.3321000337600708,1.340000033378601,1.3116999864578247,1.3116999864578247,4048,0.0,0.0
2023-07-19 14:30:00-04:00,1.3100999593734741,1.3100999593734741,1.3100999593734741,1.3100999593734741,237,0.0,0.0
2023-07-19 15:30:00-04:00,1.340000033378601,1.340000033378601,1.340000033378601,1.340000033378601,0,0.0,0.0
2023-07-20 09:30:00-04:00,1.4500000476837158,1.4500000476837158,1.4500000476837158,1.4500000476837158,10432,0.0,0.0
2023-07-20 10:30:00-04:00,1.347499966621399,1.3860000371932983,1.320099949836731,1.3798999786376953,6375,0.0,0.0
2023-07-20 11:30:00-04:00,1.3600000143051147,1.3600000143051147,1.3379000425338745,1.350000023841858,533,0.0,0.0
2023-07-20 12:30:00-04:00,1.350000023841858,1.3600000143051147,1.350000023841858,1.350000023841858,950,0.0,0.0
2023-07-20 14:30:00-04:00,1.3799999952316284,1.3799999952316284,1.3600000143051147,1.3700000047683716,470,0.0,0.0
2023-07-20 15:30:00-04:00,1.3700000047683716,1.3899999856948853,1.340000033378601,1.3899999856948853,1550,0.0,0.0
2023-07-21 09:30:00-04:00,1.3600000143051147,1.3600000143051147,1.3310999870300293,1.3310999870300293,1418,0.0,0.0
2023-07-21 11:30:00-04:00,1.4208999872207642,1.4208999872207642,1.4208999872207642,1.4208999872207642,526,0.0,0.0
2023-07-21 12:30:00-04:00,1.399999976158142,1.399999976158142,1.399999976158142,1.399999976158142,552,0.0,0.0
2023-07-21 13:30:00-04:00,1.3976999521255493,1.409999966621399,1.3976999521255493,1.399999976158142,3275,0.0,0.0
2023-07-21 14:30:00-04:00,1.4199999570846558,1.4199999570846558,1.3899999856948853,1.3899999856948853,1732,0.0,0.0
2023-07-21 15:30:00-04:00,1.3899999856948853,1.399999976158142,1.3899999856948853,1.399999976158142,1417,0.0,0.0
2023-07-24 10:30:00-04:00,1.3933000564575195,1.3933000564575195,1.3933000564575195,1.3933000564575195,0,0.0,0.0
2023-07-24 11:30:00-04:00,1.3899999856948853,1.4498000144958496,1.3799999952316284,1.4199999570846558,12732,0.0,0.0
2023-07-24 12:30:00-04:00,1.4199999570846558,1.4199999570846558,1.409999966621399,1.409999966621399,1064,0.0,0.0
2023-07-24 13:30:00-04:00,1.409999966621399,1.409999966621399,1.399999976158142,1.399999976158142,3050,0.0,0.0
2023-07-24 14:30:00-04:00,1.410099983215332,1.4299999475479126,1.409999966621399,1.4199999570846558,2246,0.0,0.0
2023-07-24 15:30:00-04:00,1.4000999927520752,1.4000999927520752,1.4000999927520752,1.4000999927520752,627,0.0,0.0
2023-07-25 09:30:00-04:00,1.3899999856948853,1.3899999856948853,1.3899999856948853,1.3899999856948853,0,0.0,0.0
2023-07-25 10:30:00-04:00,1.399999976158142,1.399999976158142,1.399999976158142,1.399999976158142,245,0.0,0.0
2023-07-25 13:30:00-04:00,1.4437999725341797,1.4437999725341797,1.4437999725341797,1.4437999725341797,601,0.0,0.0
2023-07-25 14:30:00-04:00,1.440000057220459,1.440000057220459,1.434999942779541,1.434999942779541,323,0.0,0.0
2023-07-25 15:30:00-04:00,1.4199999570846558,1.440000057220459,1.399999976158142,1.399999976158142,344,0.0,0.0
2023-07-26 10:30:00-04:00,1.399999976158142,1.399999976158142,1.399999976158142,1.399999976158142,0,0.0,0.0
2023-07-26 12:30:00-04:00,1.3903000354766846,1.3903000354766846,1.3903000354766846,1.3903000354766846,857,0.0,0.0
2023-07-26 15:30:00-04:00,1.4500000476837158,1.4500000476837158,1.438599944114685,1.440000057220459,353,0.0,0.0
2023-07-27 09:30:00-04:00,1.409999966621399,1.4194999933242798,1.409999966621399,1.4194999933242798,0,0.0,0.0
2023-07-27 10:30:00-04:00,1.4056999683380127,1.4500000476837158,1.4056999683380127,1.4500000476837158,8704,0.0,0.0
2023-07-27 11:30:00-04:00,1.4500000476837158,1.4500000476837158,1.3899999856948853,1.3899999856948853,2580,0.0,0.0
2023-07-27 12:30:00-04:00,1.3899999856948853,1.409999966621399,1.3899999856948853,1.409999966621399,920,0.0,0.0
2023-07-27 13:30:00-04:00,1.399999976158142,1.399999976158142,1.3849999904632568,1.3899999856948853,1141,0.0,0.0
2023-07-27 14:30:00-04:00,1.3899999856948853,1.3899999856948853,1.3799999952316284,1.3799999952316284,0,0.0,0.0
2023-07-28 11:30:00-04:00,1.399999976158142,1.399999976158142,1.399999976158142,1.399999976158142,439,0.0,0.0
2023-07-28 13:30:00-04:00,1.399999976158142,1.4199999570846558,1.399999976158142,1.399999976158142,9704,0.0,0.0
2023-07-28 14:30:00-04:00,1.399999976158142,1.440000057220459,1.350000023841858,1.440000057220459,24198,0.0,0.0
2023-07-28 15:30:00-04:00,1.409999966621399,1.409999966621399,1.3899999856948853,1.399999976158142,6023,0.0,0.0
2023-07-31 09:30:00-04:00,1.4299999475479126,1.4500000476837158,1.416599988937378,1.4500000476837158,2771,0.0,0.0
2023-07-31 10:30:00-04:00,1.4500000476837158,1.4500000476837158,1.4019999504089355,1.4019999504089355,2246,0.0,0.0
2023-07-31 11:30:00-04:00,1.4500000476837158,1.4500000476837158,1.3899999856948853,1.3899999856948853,2647,0.0,0.0
2023-07-31 12:30:00-04:00,1.3899999856948853,1.4199999570846558,1.3799999952316284,1.3799999952316284,3145,0.0,0.0
2023-07-31 13:30:00-04:00,1.4149999618530273,1.4342999458312988,1.3799999952316284,1.3799999952316284,2940,0.0,0.0
2023-07-31 14:30:00-04:00,1.4249999523162842,1.4249999523162842,1.4249999523162842,1.4249999523162842,310,0.0,0.0
2023-07-31 15:30:00-04:00,1.3437999486923218,1.3799999952316284,1.3200000524520874,1.3200000524520874,4312,0.0,0.0
2023-08-01 09:30:00-04:00,1.2999999523162842,1.3450000286102295,1.2999999523162842,1.3301000595092773,14627,0.0,0.0
2023-08-01 10:30:00-04:00,1.3600000143051147,1.3600000143051147,1.3450000286102295,1.3450000286102295,590,0.0,0.0
2023-08-01 11:30:00-04:00,1.3899999856948853,1.3899999856948853,1.3899999856948853,1.3899999856948853,744,0.0,0.0
2023-08-01 12:30:00-04:00,1.3753000497817993,1.3899999856948853,1.3753000497817993,1.3899999856948853,900,0.0,0.0
2023-08-01 13:30:00-04:00,1.4199999570846558,1.434999942779541,1.4199999570846558,1.434999942779541,551,0.0,0.0
2023-08-01 14:30:00-04:00,1.4199999570846558,1.4850000143051147,1.4199999570846558,1.4850000143051147,11948,0.0,0.0
2023-08-01 15:30:00-04:00,1.4881999492645264,1.5499999523162842,1.4881999492645264,1.5299999713897705,0,0.0,0.0
2023-08-02 09:30:00-04:00,1.5199999809265137,1.5399999618530273,1.4300999641418457,1.5399999618530273,2748,0.0,0.0
2023-08-02 10:30:00-04:00,1.4700000286102295,1.4700000286102295,1.409999966621399,1.4419000148773193,924,0.0,0.0
2023-08-02 11:30:00-04:00,1.409999966621399,1.4500000476837158,1.409999966621399,1.434999942779541,2446,0.0,0.0
2023-08-02 12:30:00-04:00,1.4170000553131104,1.4600000381469727,1.4170000553131104,1.4600000381469727,310,0.0,0.0
2023-08-02 13:30:00-04:00,1.4500000476837158,1.4500000476837158,1.4500000476837158,1.4500000476837158,244,0.0,0.0
2023-08-02 14:30:00-04:00,1.4500000476837158,1.4600000381469727,1.4500000476837158,1.4600000381469727,232,0.0,0.0
2023-08-02 15:30:00-04:00,1.4600000381469727,1.4600000381469727,1.4500000476837158,1.4500000476837158,353,0.0,0.0
2023-08-03 09:30:00-04:00,1.75,1.75,1.559999942779541,1.6318000555038452,8455930,0.0,0.0
2023-08-03 10:30:00-04:00,1.6299999952316284,1.7200000286102295,1.590000033378601,1.6998000144958496,706640,0.0,0.0
2023-08-03 11:30:00-04:00,1.6999000310897827,1.7100000381469727,1.6200000047683716,1.6699999570846558,411742,0.0,0.0
2023-08-03 12:30:00-04:00,1.6799999475479126,1.7200000286102295,1.6100000143051147,1.6216000318527222,566532,0.0,0.0
2023-08-03 13:30:00-04:00,1.6208000183105469,1.6484999656677246,1.600000023841858,1.6050000190734863,252443,0.0,0.0
2023-08-03 14:30:00-04:00,1.6100000143051147,1.659999966621399,1.559999942779541,1.6150000095367432,379430,0.0,0.0
2023-08-03 15:30:00-04:00,1.6150000095367432,1.7100000381469727,1.6150000095367432,1.659999966621399,323511,0.0,0.0
2023-08-04 09:30:00-04:00,1.5399999618530273,1.5800000429153442,1.409999966621399,1.559999942779541,343182,0.0,0.0
2023-08-04 10:30:00-04:00,1.5514999628067017,1.5700000524520874,1.4199999570846558,1.4270000457763672,64290,0.0,0.0
2023-08-04 11:30:00-04:00,1.4299999475479126,1.4600000381469727,1.4199999570846558,1.4249999523162842,51876,0.0,0.0
2023-08-04 12:30:00-04:00,1.4199999570846558,1.4299999475479126,1.3600000143051147,1.399999976158142,130571,0.0,0.0
2023-08-04 13:30:00-04:00,1.3949999809265137,1.4199999570846558,1.3899999856948853,1.4012999534606934,43756,0.0,0.0
2023-08-04 14:30:00-04:00,1.4000999927520752,1.409999966621399,1.399999976158142,1.4098999500274658,25061,0.0,0.0
2023-08-04 15:30:00-04:00,1.409999966621399,1.4800000190734863,1.4049999713897705,1.4500000476837158,47188,0.0,0.0
2023-08-07 09:30:00-04:00,1.3600000143051147,1.3901000022888184,1.2905000448226929,1.3250999450683594,86612,0.0,0.0
2023-08-07 10:30:00-04:00,1.3206000328063965,1.3294999599456787,1.2699999809265137,1.3207999467849731,46798,0.0,0.0
2023-08-07 11:30:00-04:00,1.3299000263214111,1.3300000429153442,1.3200000524520874,1.3200000524520874,18308,0.0,0.0
2023-08-07 12:30:00-04:00,1.3213000297546387,1.3300000429153442,1.2899999618530273,1.2899999618530273,10418,0.0,0.0
2023-08-07 13:30:00-04:00,1.2899999618530273,1.375,1.2899999618530273,1.3700000047683716,46850,0.0,0.0
2023-08-07 14:30:00-04:00,1.375,1.375,1.309999942779541,1.3200000524520874,18500,0.0,0.0
2023-08-07 15:30:00-04:00,1.309999942779541,1.3200000524520874,1.309999942779541,1.3200000524520874,5992,0.0,0.0
2023-08-08 09:30:00-04:00,1.340000033378601,1.340000033378601,1.25,1.2523000240325928,52331,0.0,0.0
2023-08-08 10:30:00-04:00,1.2799999713897705,1.2799999713897705,1.2300000190734863,1.25,15353,0.0,0.0
2023-08-08 11:30:00-04:00,1.233299970626831,1.2799999713897705,1.233299970626831,1.2472000122070312,11383,0.0,0.0
2023-08-08 12:30:00-04:00,1.2549999952316284,1.2549999952316284,1.2400000095367432,1.25,13397,0.0,0.0
2023-08-08 13:30:00-04:00,1.25,1.2799999713897705,1.2414000034332275,1.2599999904632568,4381,0.0,0.0
2023-08-08 14:30:00-04:00,1.2649999856948853,1.2649999856948853,1.2649999856948853,1.2649999856948853,1126,0.0,0.0
2023-08-08 15:30:00-04:00,1.2799999713897705,1.340000033378601,1.2599999904632568,1.340000033378601,32081,0.0,0.0
2023-08-09 09:30:00-04:00,1.2599999904632568,1.3350000381469727,1.2599999904632568,1.3250000476837158,22832,0.0,0.0
2023-08-09 10:30:00-04:00,1.3200000524520874,1.346500039100647,1.2999999523162842,1.346500039100647,8480,0.0,0.0
2023-08-09 11:30:00-04:00,1.3307000398635864,1.350000023841858,1.2999999523162842,1.3343000411987305,2338,0.0,0.0
2023-08-09 12:30:00-04:00,1.3300000429153442,1.350000023841858,1.3250000476837158,1.340000033378601,4561,0.0,0.0
2023-08-09 13:30:00-04:00,1.3250000476837158,1.4049999713897705,1.3250000476837158,1.3949999809265137,17222,0.0,0.0
2023-08-09 14:30:00-04:00,1.398300051689148,1.399999976158142,1.3701000213623047,1.3701000213623047,15419,0.0,0.0
2023-08-09 15:30:00-04:00,1.3899999856948853,1.399999976158142,1.3799999952316284,1.399999976158142,7005,0.0,0.0
2023-08-10 09:30:00-04:00,1.4199999570846558,1.4199999570846558,1.350000023841858,1.3701000213623047,7481,0.0,0.0
2023-08-10 10:30:00-04:00,1.3799999952316284,1.3799999952316284,1.350000023841858,1.350000023841858,1925,0.0,0.0
2023-08-10 11:30:00-04:00,1.340000033378601,1.340000033378601,1.2999999523162842,1.309999942779541,0,0.0,0.0
2023-08-10 12:30:00-04:00,1.3108999729156494,1.350000023841858,1.3108999729156494,1.350000023841858,22281,0.0,0.0
2023-08-10 13:30:00-04:00,1.3288999795913696,1.350000023841858,1.3200000524520874,1.3200000524520874,1371,0.0,0.0
2023-08-10 14:30:00-04:00,1.350000023841858,1.350000023841858,1.3200000524520874,1.3200000524520874,3451,0.0,0.0
2023-08-10 15:30:00-04:00,1.340000033378601,1.3799999952316284,1.3200000524520874,1.3799999952316284,2934,0.0,0.0
2023-08-11 09:30:00-04:00,1.3300000429153442,1.350000023841858,1.2649999856948853,1.350000023841858,28303,0.0,0.0
2023-08-11 10:30:00-04:00,1.3300000429153442,1.3799999952316284,1.3300000429153442,1.350000023841858,6022,0.0,0.0
2023-08-11 11:30:00-04:00,1.3600000143051147,1.3601000308990479,1.3250000476837158,1.3250000476837158,15438,0.0,0.0
2023-08-11 12:30:00-04:00,1.3200000524520874,1.3200000524520874,1.2400000095367432,1.2400000095367432,18837,0.0,0.0
2023-08-11 13:30:00-04:00,1.2401000261306763,1.2798999547958374,1.2400000095367432,1.2699999809265137,9970,0.0,0.0
2023-08-11 14:30:00-04:00,1.2599999904632568,1.2599999904632568,1.2400000095367432,1.2580000162124634,6684,0.0,0.0
2023-08-11 15:30:00-04:00,1.2549999952316284,1.26419997215271,1.2400000095367432,1.2599999904632568,16154,0.0,0.0
2023-08-14 09:30:00-04:00,1.2899999618530273,1.2899999618530273,1.2300000190734863,1.2391999959945679,13171,0.0,0.0
2023-08-14 10:30:00-04:00,1.2319999933242798,1.2400000095367432,1.2300000190734863,1.2300000190734863,7164,0.0,0.0
2023-08-14 11:30:00-04:00,1.2300000190734863,1.2300000190734863,1.2000000476837158,1.2275999784469604,16577,0.0,0.0
2023-08-14 12:30:00-04:00,1.2200000286102295,1.2299000024795532,1.2200000286102295,1.2201000452041626,1169,0.0,0.0
2023-08-14 13:30:00-04:00,1.2100000381469727,1.212499976158142,1.2100000381469727,1.212499976158142,16411,0.0,0.0
2023-08-14 14:30:00-04:00,1.215499997138977,1.2200000286102295,1.2100000381469727,1.2194000482559204,1701,0.0,0.0
2023-08-14 15:30:00-04:00,1.2299000024795532,1.2299000024795532,1.2103999853134155,1.2200000286102295,3558,0.0,0.0
2023-08-15 09:30:00-04:00,1.2000000476837158,1.2100000381469727,1.159999966621399,1.1799999475479126,24197,0.0,0.0
2023-08-15 10:30:00-04:00,1.184999942779541,1.1970000267028809,1.1799999475479126,1.1799999475479126,6287,0.0,0.0
2023-08-15 11:30:00-04:00,1.1799999475479126,1.1799999475479126,1.159999966621399,1.1699999570846558,3420,0.0,0.0
2023-08-15 12:30:00-04:00,1.1699999570846558,1.1699999570846558,1.0800000429153442,1.11899995803833,72328,0.0,0.0
2023-08-15 13:30:00-04:00,1.1200000047683716,1.159999966621399,1.1200000047683716,1.1478999853134155,9734,0.0,0.0
2023-08-15 14:30:00-04:00,1.149999976158142,1.149999976158142,1.100000023841858,1.1299999952316284,6124,0.0,0.0
2023-08-15 15:30:00-04:00,1.149899959564209,1.149899959564209,1.121500015258789,1.121500015258789,0,0.0,0.0
2023-08-16 09:30:00-04:00,1.1313999891281128,1.1789000034332275,1.1121000051498413,1.1121000051498413,20385,0.0,0.0
2023-08-16 10:30:00-04:00,1.1150000095367432,1.125599980354309,1.0299999713897705,1.059399962425232,46616,0.0,0.0
2023-08-16 11:30:00-04:00,1.0549999475479126,1.079300045967102,1.0549999475479126,1.079300045967102,8587,0.0,0.0
2023-08-16 12:30:00-04:00,1.0750000476837158,1.0799000263214111,1.059999942779541,1.0750000476837158,6746,0.0,0.0
2023-08-16 13:30:00-04:00,1.0750000476837158,1.0800000429153442,1.0750000476837158,1.0800000429153442,3370,0.0,0.0
2023-08-16 15:30:00-04:00,1.090000033378601,1.090000033378601,1.0850000381469727,1.090000033378601,0,0.0,0.0
2023-08-17 09:30:00-04:00,1.100000023841858,1.100000023841858,1.0801000595092773,1.090000033378601,4473,0.0,0.0
2023-08-17 10:30:00-04:00,1.082200050354004,1.0976999998092651,1.0801000595092773,1.090000033378601,10056,0.0,0.0
2023-08-17 11:30:00-04:00,1.0821000337600708,1.100000023841858,1.0821000337600708,1.0901000499725342,2248,0.0,0.0
2023-08-17 12:30:00-04:00,1.100000023841858,1.100000023841858,1.093400001525879,1.0950000286102295,5702,0.0,0.0
2023-08-17 13:30:00-04:00,1.090000033378601,1.1399999856948853,1.090000033378601,1.1313999891281128,9870,0.0,0.0
2023-08-17 14:30:00-04:00,1.1366000175476074,1.1398999691009521,1.1366000175476074,1.1398999691009521,2872,0.0,0.0
2023-08-17 15:30:00-04:00,1.1380000114440918,1.1699999570846558,1.1349999904632568,1.1699999570846558,0,0.0,0.0
2023-08-18 09:30:00-04:00,1.149999976158142,1.160099983215332,1.1100000143051147,1.160099983215332,6683,0.0,0.0
2023-08-18 10:30:00-04:00,1.1962000131607056,1.1962000131607056,1.1799999475479126,1.1799999475479126,3161,0.0,0.0
2023-08-18 11:30:00-04:00,1.1799999475479126,1.1799999475479126,1.1799999475479126,1.1799999475479126,753,0.0,0.0
2023-08-18 12:30:00-04:00,1.1699999570846558,1.2200000286102295,1.149999976158142,1.1699999570846558,14050,0.0,0.0
2023-08-18 13:30:00-04:00,1.1799999475479126,1.1799999475479126,1.1799999475479126,1.1799999475479126,886,0.0,0.0
2023-08-18 14:30:00-04:00,1.2099000215530396,1.2099000215530396,1.1699999570846558,1.190000057220459,14269,0.0,0.0
2023-08-18 15:30:00-04:00,1.184999942779541,1.1908999681472778,1.1799999475479126,1.1799999475479126,4432,0.0,0.0
2023-08-21 09:30:00-04:00,1.149999976158142,1.1699999570846558,1.149999976158142,1.1699999570846558,2047,0.0,0.0
2023-08-21 10:30:00-04:00,1.169800043106079,1.2274999618530273,1.169800043106079,1.2274999618530273,1052,0.0,0.0
2023-08-21 12:30:00-04:00,1.2200000286102295,1.2200000286102295,1.2200000286102295,1.2200000286102295,5123,0.0,0.0
2023-08-21 13:30:00-04:00,1.2100000381469727,1.2100000381469727,1.1699999570846558,1.194000005722046,7542,0.0,0.0
2023-08-21 14:30:00-04:00,1.1800999641418457,1.187999963760376,1.1800999641418457,1.187999963760376,1770,0.0,0.0
2023-08-21 15:30:00-04:00,1.190000057220459,1.190000057220459,1.187999963760376,1.187999963760376,960,0.0,0.0
2023-08-22 09:30:00-04:00,1.1699999570846558,1.177299976348877,1.1102999448776245,1.1500999927520752,8467,0.0,0.0
2023-08-22 10:30:00-04:00,1.1699999570846558,1.1699999570846558,1.1650999784469604,1.1699999570846558,640,0.0,0.0
2023-08-22 11:30:00-04:00,1.1699999570846558,1.190000057220459,1.1699999570846558,1.190000057220459,1560,0.0,0.0
2023-08-22 12:30:00-04:00,1.190000057220459,1.190000057220459,1.160099983215332,1.160099983215332,1201,0.0,0.0
2023-08-22 13:30:00-04:00,1.1640000343322754,1.190000057220459,1.1640000343322754,1.190000057220459,2134,0.0,0.0
2023-08-22 15:30:00-04:00,1.160099983215332,1.190000057220459,1.160099983215332,1.190000057220459,2063,0.0,0.0
2023-08-23 09:30:00-04:00,1.190000057220459,1.190000057220459,1.1100000143051147,1.1195000410079956,9749,0.0,0.0
2023-08-23 10:30:00-04:00,1.1200000047683716,1.159999966621399,1.1200000047683716,1.159999966621399,2193,0.0,0.0
2023-08-23 11:30:00-04:00,1.149999976158142,1.149999976158142,1.1299999952316284,1.1299999952316284,1313,0.0,0.0
2023-08-23 12:30:00-04:00,1.1200000047683716,1.149999976158142,1.100000023841858,1.149999976158142,7499,0.0,0.0
2023-08-23 13:30:00-04:00,1.125,1.129699945449829,1.1100000143051147,1.1200000047683716,7255,0.0,0.0
2023-08-23 14:30:00-04:00,1.1238000392913818,1.1238000392913818,1.100000023841858,1.1100000143051147,8999,0.0,0.0
2023-08-23 15:30:00-04:00,1.1100000143051147,1.1100000143051147,1.1100000143051147,1.1100000143051147,739,0.0,0.0
2023-08-24 09:30:00-04:00,1.1200000047683716,1.149999976158142,1.1100000143051147,1.1299999952316284,23613,0.0,0.0
2023-08-24 10:30:00-04:00,1.1200000047683716,1.1399999856948853,1.1200000047683716,1.1399999856948853,1768,0.0,0.0
2023-08-24 11:30:00-04:00,1.1200000047683716,1.1549999713897705,1.1200000047683716,1.1401000022888184,8952,0.0,0.0
2023-08-24 12:30:00-04:00,1.149999976158142,1.159999966621399,1.1405999660491943,1.1405999660491943,4890,0.0,0.0
2023-08-24 13:30:00-04:00,1.149999976158142,1.149999976158142,1.1299999952316284,1.1299999952316284,11261,0.0,0.0
2023-08-24 14:30:00-04:00,1.149999976158142,1.149999976158142,1.1399999856948853,1.1401000022888184,5103,0.0,0.0
2023-08-24 15:30:00-04:00,1.149999976158142,1.1699999570846558,1.149999976158142,1.1699999570846558,3828,0.0,0.0
2023-08-25 09:30:00-04:00,1.1699999570846558,1.190000057220459,1.1699999570846558,1.1699999570846558,6656,0.0,0.0
2023-08-25 10:30:00-04:00,1.1629999876022339,1.1799999475479126,1.1629999876022339,1.1799999475479126,2517,0.0,0.0
2023-08-25 11:30:00-04:00,1.1799999475479126,1.1799999475479126,1.1799999475479126,1.1799999475479126,168,0.0,0.0
2023-08-25 12:30:00-04:00,1.1799999475479126,1.1799999475479126,1.1799999475479126,1.1799999475479126,300,0.0,0.0
2023-08-25 13:30:00-04:00,1.159999966621399,1.1799999475479126,1.1349999904632568,1.1399999856948853,840,0.0,0.0
2023-08-25 14:30:00-04:00,1.173200011253357,1.173200011253357,1.159999966621399,1.159999966621399,3549,0.0,0.0
2023-08-25 15:30:00-04:00,1.1799999475479126,1.1799999475479126,1.159999966621399,1.1699999570846558,796,0.0,0.0
2023-08-28 09:30:00-04:00,1.149999976158142,1.1799999475479126,1.149999976158142,1.159999966621399,0,0.0,0.0
2023-08-28 10:30:00-04:00,1.1699999570846558,1.2209999561309814,1.1699999570846558,1.190000057220459,21552,0.0,0.0
2023-08-28 12:30:00-04:00,1.1799999475479126,1.1799999475479126,1.149999976158142,1.149999976158142,242,0.0,0.0
2023-08-28 13:30:00-04:00,1.1699999570846558,1.1699999570846558,1.1699999570846558,1.1699999570846558,247,0.0,0.0
2023-08-28 14:30:00-04:00,1.1700999736785889,1.2000000476837158,1.1699999570846558,1.2000000476837158,12453,0.0,0.0
2023-08-28 15:30:00-04:00,1.190000057220459,1.2000000476837158,1.190000057220459,1.2000000476837158,0,0.0,0.0
2023-08-29 09:30:00-04:00,1.2200000286102295,1.2699999809265137,1.2000000476837158,1.25,4855,0.0,0.0
2023-08-29 10:30:00-04:00,1.2400000095367432,1.2400000095367432,1.2301000356674194,1.2301000356674194,575,0.0,0.0
2023-08-29 11:30:00-04:00,1.2599999904632568,1.2699999809265137,1.2580000162124634,1.2680000066757202,13669,0.0,0.0
2023-08-29 12:30:00-04:00,1.2411999702453613,1.25,1.2401000261306763,1.25,1100,0.0,0.0
2023-08-29 13:30:00-04:00,1.2400000095367432,1.25,1.2400000095367432,1.25,0,0.0,0.0
2023-08-29 14:30:00-04:00,1.2300000190734863,1.2300000190734863,1.2200000286102295,1.2200000286102295,26718,0.0,0.0
2023-08-29 15:30:00-04:00,1.2100000381469727,1.25,1.2000000476837158,1.25,0,0.0,0.0
2023-08-30 09:30:00-04:00,1.2200000286102295,1.2200000286102295,1.2200000286102295,1.2200000286102295,269,0.0,0.0
2023-08-30 10:30:00-04:00,1.2417999505996704,1.25,1.2400000095367432,1.2400000095367432,10159,0.0,0.0
2023-08-30 11:30:00-04:00,1.2400000095367432,1.2599999904632568,1.2400000095367432,1.2599999904632568,1496,0.0,0.0
2023-08-30 12:30:00-04:00,1.2411999702453613,1.2599999904632568,1.2410000562667847,1.25,2396,0.0,0.0
2023-08-30 13:30:00-04:00,1.25,1.25,1.2400000095367432,1.2409000396728516,4278,0.0,0.0
2023-08-30 14:30:00-04:00,1.2400000095367432,1.2400000095367432,1.2400000095367432,1.2400000095367432,438,0.0,0.0
2023-08-30 15:30:00-04:00,1.2587000131607056,1.2599999904632568,1.25,1.25,0,0.0,0.0
2023-08-31 09:30:00-04:00,1.25,1.25,1.211400032043457,1.2470999956130981,1863,0.0,0.0
2023-08-31 10:30:00-04:00,1.25,1.2699999809265137,1.2400000095367432,1.2699999809265137,2917,0.0,0.0
2023-08-31 11:30:00-04:00,1.2699999809265137,1.2899999618530273,1.2699999809265137,1.2899999618530273,2782,0.0,0.0
2023-08-31 12:30:00-04:00,1.2802000045776367,1.2802000045776367,1.2699999809265137,1.2699999809265137,3144,0.0,0.0
2023-08-31 13:30:00-04:00,1.277999997138977,1.2899999618530273,1.2699999809265137,1.2899999618530273,2503,0.0,0.0
2023-08-31 14:30:00-04:00,1.2999999523162842,1.2999999523162842,1.2649999856948853,1.2799999713897705,2915,0.0,0.0
2023-08-31 15:30:00-04:00,1.2999999523162842,1.2999999523162842,1.2999999523162842,1.2999999523162842,441,0.0,0.0
2023-09-01 09:30:00-04:00,1.2999999523162842,1.340000033378601,1.2799999713897705,1.2799999713897705,4983,0.0,0.0
2023-09-01 10:30:00-04:00,1.3049999475479126,1.3049999475479126,1.2799999713897705,1.3049999475479126,4658,0.0,0.0
2023-09-01 11:30:00-04:00,1.3099000453948975,1.3299000263214111,1.2818000316619873,1.2999999523162842,7128,0.0,0.0
2023-09-01 12:30:00-04:00,1.2899999618530273,1.3200000524520874,1.2899999618530273,1.3049999475479126,2948,0.0,0.0
2023-09-01 13:30:00-04:00,1.3299000263214111,1.3299000263214111,1.2999999523162842,1.2999999523162842,575,0.0,0.0
2023-09-01 14:30:00-04:00,1.2799999713897705,1.2899999618530273,1.274999976158142,1.2800999879837036,1172,0.0,0.0
2023-09-01 15:30:00-04:00,1.2899999618530273,1.3300000429153442,1.2899999618530273,1.3200000524520874,2559,0.0,0.0
2023-09-05 09:30:00-04:00,1.2799999713897705,1.2853000164031982,1.2799999713897705,1.2799999713897705,4420,0.0,0.0
2023-09-05 11:30:00-04:00,1.2798999547958374,1.2799999713897705,1.2699999809265137,1.2799999713897705,4740,0.0,0.0
2023-09-05 12:30:00-04:00,1.2699999809265137,1.2699999809265137,1.2699999809265137,1.2699999809265137,1302,0.0,0.0
2023-09-05 13:30:00-04:00,1.2515000104904175,1.2699999809265137,1.250100016593933,1.2599999904632568,2358,0.0,0.0
2023-09-05 14:30:00-04:00,1.2699999809265137,1.2699999809265137,1.2699999809265137,1.2699999809265137,477,0.0,0.0
2023-09-05 15:30:00-04:00,1.2699999809265137,1.2699999809265137,1.2699999809265137,1.2699999809265137,494,0.0,0.0
2023-09-06 09:30:00-04:00,1.2318999767303467,1.25,1.2318999767303467,1.2402000427246094,0,0.0,0.0
2023-09-06 10:30:00-04:00,1.2400000095367432,1.2400000095367432,1.2200000286102295,1.2200000286102295,3253,0.0,0.0
2023-09-06 11:30:00-04:00,1.2245999574661255,1.2245999574661255,1.2200000286102295,1.2200000286102295,2899,0.0,0.0
2023-09-06 13:30:00-04:00,1.2300000190734863,1.2300000190734863,1.2239999771118164,1.2239999771118164,589,0.0,0.0
2023-09-06 14:30:00-04:00,1.2201000452041626,1.2201000452041626,1.2201000452041626,1.2201000452041626,308,0.0,0.0
2023-09-06 15:30:00-04:00,1.2599999904632568,1.2599999904632568,1.2599999904632568,1.2599999904632568,266,0.0,0.0
2023-09-07 09:30:00-04:00,1.2300000190734863,1.2400000095367432,1.226099967956543,1.2300000190734863,4234,0.0,0.0
2023-09-07 10:30:00-04:00,1.2200000286102295,1.2200000286102295,1.1799999475479126,1.2000000476837158,5665,0.0,0.0
2023-09-07 11:30:00-04:00,1.191100001335144,1.2000000476837158,1.1799999475479126,1.18149995803833,12201,0.0,0.0
2023-09-07 12:30:00-04:00,1.1799999475479126,1.190000057220459,1.1799999475479126,1.1883000135421753,4590,0.0,0.0
2023-09-07 13:30:00-04:00,1.1800999641418457,1.190000057220459,1.1800999641418457,1.190000057220459,406,0.0,0.0
2023-09-07 14:30:00-04:00,1.1855000257492065,1.1950000524520874,1.1801999807357788,1.1950000524520874,515,0.0,0.0
2023-09-07 15:30:00-04:00,1.1799999475479126,1.2100000381469727,1.1799999475479126,1.2100000381469727,0,0.0,0.0
2023-09-08 09:30:00-04:00,1.190000057220459,1.190000057220459,1.1399999856948853,1.159999966621399,13064,0.0,0.0
2023-09-08 10:30:00-04:00,1.159999966621399,1.2000000476837158,1.159999966621399,1.159999966621399,3338,0.0,0.0
2023-09-08 11:30:00-04:00,1.1950000524520874,1.2050000429153442,1.159999966621399,1.1836999654769897,3766,0.0,0.0
2023-09-08 12:30:00-04:00,1.149999976158142,1.149999976158142,1.149999976158142,1.149999976158142,175,0.0,0.0
2023-09-08 13:30:00-04:00,1.1699999570846558,1.1699999570846558,1.149999976158142,1.1500999927520752,3039,0.0,0.0
2023-09-08 14:30:00-04:00,1.1349999904632568,1.149999976158142,1.1349999904632568,1.149999976158142,6081,0.0,0.0
2023-09-08 15:30:00-04:00,1.1470999717712402,1.1699999570846558,1.1399999856948853,1.1699999570846558,3899,0.0,0.0
2023-09-11 09:30:00-04:00,1.149999976158142,1.2099000215530396,1.1200000047683716,1.1200000047683716,21072,0.0,0.0
2023-09-11 10:30:00-04:00,1.1201000213623047,1.1398999691009521,1.1200000047683716,1.1398999691009521,8997,0.0,0.0
2023-09-11 11:30:00-04:00,1.121999979019165,1.121999979019165,1.1200000047683716,1.1200000047683716,1006,0.0,0.0
2023-09-11 12:30:00-04:00,1.1399999856948853,1.1399999856948853,1.1201000213623047,1.1201000213623047,1256,0.0,0.0
2023-09-11 13:30:00-04:00,1.1338000297546387,1.1699999570846558,1.1324000358581543,1.1324000358581543,2506,0.0,0.0
2023-09-11 14:30:00-04:00,1.1615999937057495,1.1615999937057495,1.1615999937057495,1.1615999937057495,300,0.0,0.0
2023-09-11 15:30:00-04:00,1.159999966621399,1.159999966621399,1.159999966621399,1.159999966621399,1402,0.0,0.0
2023-09-12 09:30:00-04:00,1.1299999952316284,1.1399999856948853,1.1200000047683716,1.1200000047683716,7799,0.0,0.0
2023-09-12 10:30:00-04:00,1.1200000047683716,1.1299999952316284,1.100000023841858,1.100000023841858,11126,0.0,0.0
2023-09-12 11:30:00-04:00,1.1050000190734863,1.1200000047683716,1.090000033378601,1.090000033378601,15264,0.0,0.0
2023-09-12 12:30:00-04:00,1.1100000143051147,1.1100000143051147,1.090000033378601,1.090000033378601,4511,0.0,0.0
2023-09-12 13:30:00-04:00,1.090000033378601,1.1100000143051147,1.090000033378601,1.090000033378601,5760,0.0,0.0
2023-09-12 14:30:00-04:00,1.090000033378601,1.100000023841858,1.059999942779541,1.059999942779541,9557,0.0,0.0
2023-09-12 15:30:00-04:00,1.0800000429153442,1.100000023841858,1.059999942779541,1.059999942779541,7261,0.0,0.0
2023-09-13 09:30:00-04:00,1.0700000524520874,1.0700000524520874,1.0700000524520874,1.0700000524520874,290,0.0,0.0
2023-09-13 10:30:00-04:00,1.0800000429153442,1.0800000429153442,1.0800000429153442,1.0800000429153442,679,0.0,0.0
2023-09-13 11:30:00-04:00,1.0800000429153442,1.0800000429153442,1.0800000429153442,1.0800000429153442,1294,0.0,0.0
2023-09-13 12:30:00-04:00,1.090000033378601,1.090000033378601,1.090000033378601,1.090000033378601,220,0.0,0.0
2023-09-13 13:30:00-04:00,1.100000023841858,1.100000023841858,1.100000023841858,1.100000023841858,1769,0.0,0.0
2023-09-13 14:30:00-04:00,1.1100000143051147,1.1176999807357788,1.1100000143051147,1.1176999807357788,1972,0.0,0.0
2023-09-13 15:30:00-04:00,1.090000033378601,1.090000033378601,1.090000033378601,1.090000033378601,1159,0.0,0.0
2023-09-14 09:30:00-04:00,1.1200000047683716,1.1399999856948853,1.1100000143051147,1.1299999952316284,10503,0.0,0.0
2023-09-14 10:30:00-04:00,1.149999976158142,1.149999976158142,1.1401000022888184,1.1401000022888184,1200,0.0,0.0
2023-09-14 11:30:00-04:00,1.1449999809265137,1.149899959564209,1.1150000095367432,1.1150000095367432,8469,0.0,0.0
2023-09-14 12:30:00-04:00,1.1100000143051147,1.1100000143051147,1.1100000143051147,1.1100000143051147,300,0.0,0.0
2023-09-14 13:30:00-04:00,1.1200000047683716,1.1298999786376953,1.100000023841858,1.100000023841858,3569,0.0,0.0
2023-09-14 15:30:00-04:00,1.1299999952316284,1.1299999952316284,1.1100000143051147,1.1100000143051147,6845,0.0,0.0
2023-09-15 09:30:00-04:00,1.090000033378601,1.125,1.090000033378601,1.100000023841858,937,0.0,0.0
2023-09-15 10:30:00-04:00,1.100000023841858,1.100000023841858,1.100000023841858,1.100000023841858,3028,0.0,0.0
2023-09-15 11:30:00-04:00,1.1200000047683716,1.1200000047683716,1.1200000047683716,1.1200000047683716,105,0.0,0.0
2023-09-15 12:30:00-04:00,1.1100000143051147,1.1200000047683716,1.1100000143051147,1.1200000047683716,1282,0.0,0.0
2023-09-15 13:30:00-04:00,1.1200000047683716,1.125,1.1200000047683716,1.125,2175,0.0,0.0
2023-09-15 14:30:00-04:00,1.110700011253357,1.1481000185012817,1.110700011253357,1.1449999809265137,5159,0.0,0.0
2023-09-15 15:30:00-04:00,1.149999976158142,1.149999976158142,1.1200000047683716,1.1200000047683716,1887,0.0,0.0
2023-09-18 09:30:00-04:00,1.1100000143051147,1.1100000143051147,1.100000023841858,1.100000023841858,2524,0.0,0.0
2023-09-18 10:30:00-04:00,1.0999000072479248,1.0999000072479248,1.090000033378601,1.090000033378601,6001,0.0,0.0
2023-09-18 11:30:00-04:00,1.100000023841858,1.1150000095367432,1.0951999425888062,1.1100000143051147,6476,0.0,0.0
2023-09-18 12:30:00-04:00,1.1200000047683716,1.1200000047683716,1.1200000047683716,1.1200000047683716,2289,0.0,0.0
2023-09-18 14:30:00-04:00,1.1200000047683716,1.1200000047683716,1.090000033378601,1.090000033378601,2833,0.0,0.0
2023-09-18 15:30:00-04:00,1.090000033378601,1.100000023841858,1.090000033378601,1.100000023841858,1156,0.0,0.0
2023-09-19 09:30:00-04:00,1.100000023841858,1.100000023841858,1.100000023841858,1.100000023841858,143,0.0,0.0
2023-09-19 10:30:00-04:00,1.0907000303268433,1.0937000513076782,1.0907000303268433,1.0937000513076782,1474,0.0,0.0
2023-09-19 11:30:00-04:00,1.1009999513626099,1.1029000282287598,1.090000033378601,1.0952999591827393,1276,0.0,0.0
2023-09-19 12:30:00-04:00,1.100000023841858,1.1399999856948853,1.090000033378601,1.090000033378601,6368,0.0,0.0
2023-09-19 13:30:00-04:00,1.100000023841858,1.1181000471115112,1.090000033378601,1.100000023841858,3643,0.0,0.0
2023-09-19 14:30:00-04:00,1.090000033378601,1.1100000143051147,1.0750000476837158,1.0800000429153442,5466,0.0,0.0
2023-09-19 15:30:00-04:00,1.0700000524520874,1.0800000429153442,1.059999942779541,1.0700000524520874,7612,0.0,0.0
2023-09-20 09:30:00-04:00,1.1100000143051147,1.1100000143051147,1.100000023841858,1.100000023841858,2195,0.0,0.0
2023-09-20 10:30:00-04:00,1.1116000413894653,1.1116000413894653,1.1116000413894653,1.1116000413894653,1017,0.0,0.0
2023-09-20 11:30:00-04:00,1.100000023841858,1.100000023841858,1.0800000429153442,1.0800000429153442,651,0.0,0.0
2023-09-20 13:30:00-04:00,1.083299994468689,1.083299994468689,1.0800000429153442,1.0800000429153442,701,0.0,0.0
2023-09-20 14:30:00-04:00,1.0999000072479248,1.0999000072479248,1.0999000072479248,1.0999000072479248,308,0.0,0.0
2023-09-20 15:30:00-04:00,1.0813000202178955,1.100000023841858,1.0813000202178955,1.090000033378601,2311,0.0,0.0
2023-09-21 09:30:00-04:00,1.090000033378601,1.100000023841858,1.090000033378601,1.100000023841858,345,0.0,0.0
2023-09-21 10:30:00-04:00,1.1200000047683716,1.1200000047683716,1.0950000286102295,1.0950000286102295,251,0.0,0.0
2023-09-21 12:30:00-04:00,1.090000033378601,1.090000033378601,1.059999942779541,1.059999942779541,25329,0.0,0.0
2023-09-21 13:30:00-04:00,1.059999942779541,1.059999942779541,1.038599967956543,1.048699975013733,13622,0.0,0.0
2023-09-21 14:30:00-04:00,1.034999966621399,1.090000033378601,1.0,1.0299999713897705,50381,0.0,0.0
2023-09-21 15:30:00-04:00,1.0399999618530273,1.0399999618530273,1.0299999713897705,1.0299999713897705,522,0.0,0.0
2023-09-22 09:30:00-04:00,1.0299999713897705,1.0815999507904053,1.0299999713897705,1.0800000429153442,28087,0.0,0.0
2023-09-22 10:30:00-04:00,1.0469000339508057,1.0469000339508057,1.0469000339508057,1.0469000339508057,380,0.0,0.0
2023-09-22 11:30:00-04:00,1.0499999523162842,1.0499999523162842,1.0499999523162842,1.0499999523162842,1339,0.0,0.0
2023-09-22 12:30:00-04:00,1.0499999523162842,1.0499999523162842,1.0499999523162842,1.0499999523162842,216,0.0,0.0
2023-09-22 15:30:00-04:00,1.0499999523162842,1.059999942779541,1.0499999523162842,1.059999942779541,2485,0.0,0.0
2023-09-25 09:30:00-04:00,1.0399999618530273,1.100000023841858,1.0399999618530273,1.0700000524520874,5685,0.0,0.0
2023-09-25 10:30:00-04:00,1.090000033378601,1.090000033378601,1.0700000524520874,1.0700000524520874,1027,0.0,0.0
2023-09-25 11:30:00-04:00,1.0635000467300415,1.0800000429153442,1.0399999618530273,1.0572999715805054,24091,0.0,0.0
2023-09-25 13:30:00-04:00,1.0549999475479126,1.0549999475479126,1.0299999713897705,1.0299999713897705,4159,0.0,0.0
2023-09-25 14:30:00-04:00,1.034999966621399,1.034999966621399,1.034999966621399,1.034999966621399,100,0.0,0.0
2023-09-25 15:30:00-04:00,1.0399999618530273,1.0399999618530273,1.034999966621399,1.034999966621399,1615,0.0,0.0
2023-09-26 09:30:00-04:00,1.0750000476837158,1.0750000476837158,1.0299999713897705,1.0399999618530273,27324,0.0,0.0
2023-09-26 10:30:00-04:00,1.0599000453948975,1.0599000453948975,1.0319000482559204,1.0449999570846558,2917,0.0,0.0
2023-09-26 11:30:00-04:00,1.0449999570846558,1.0449999570846558,1.0,1.0099999904632568,25082,0.0,0.0
2023-09-26 12:30:00-04:00,1.0,1.0,0.9901000261306763,1.0,15045,0.0,0.0
2023-09-26 13:30:00-04:00,0.9949510097503662,0.9998999834060669,0.9900000095367432,0.998199999332428,1904,0.0,0.0
2023-09-26 14:30:00-04:00,0.9919999837875366,0.9919999837875366,0.960099995136261,0.960099995136261,16399,0.0,0.0
2023-09-26 15:30:00-04:00,0.9750000238418579,0.9750000238418579,0.864998996257782,0.9498999714851379,33444,0.0,0.0
2023-09-27 09:30:00-04:00,0.9200000166893005,1.0299999713897705,0.8999999761581421,0.949999988079071,16278,0.0,0.0
2023-09-27 10:30:00-04:00,0.9200000166893005,0.9700999855995178,0.9200000166893005,0.9200000166893005,40407,0.0,0.0
2023-09-27 11:30:00-04:00,0.9300000071525574,1.0098999738693237,0.9200000166893005,0.9800000190734863,4164,0.0,0.0
2023-09-27 12:30:00-04:00,0.949999988079071,0.949999988079071,0.8919000029563904,0.9363999962806702,5856,0.0,0.0
2023-09-27 13:30:00-04:00,0.9235000014305115,0.9235000014305115,0.8949999809265137,0.8949999809265137,1420,0.0,0.0
2023-09-27 14:30:00-04:00,0.8988999724388123,0.9000999927520752,0.8988999724388123,0.9000999927520752,455,0.0,0.0
2023-09-27 15:30:00-04:00,0.9100000262260437,0.9300000071525574,0.8999999761581421,0.9182000160217285,12179,0.0,0.0
2023-09-28 09:30:00-04:00,0.8799999952316284,0.8899999856948853,0.8500000238418579,0.8600000143051147,34953,0.0,0.0
2023-09-28 10:30:00-04:00,0.875,0.8899999856948853,0.8650000095367432,0.8899999856948853,4531,0.0,0.0
2023-09-28 11:30:00-04:00,0.8899000287055969,0.8899999856948853,0.8201000094413757,0.8202999830245972,70039,0.0,0.0
2023-09-28 12:30:00-04:00,0.8400499820709229,0.8600000143051147,0.8400499820709229,0.8499000072479248,11492,0.0,0.0
2023-09-28 13:30:00-04:00,0.8400999903678894,0.8498989939689636,0.8299999833106995,0.8498989939689636,13027,0.0,0.0
2023-09-28 14:30:00-04:00,0.8399999737739563,0.8399999737739563,0.8299999833106995,0.8399999737739563,16454,0.0,0.0
2023-09-28 15:30:00-04:00,0.8399999737739563,0.8399999737739563,0.8199999928474426,0.8199999928474426,38056,0.0,0.0
2023-09-29 09:30:00-04:00,0.8600000143051147,0.8999999761581421,0.8600000143051147,0.8600999712944031,5411,0.0,0.0
2023-09-29 10:30:00-04:00,0.8938390016555786,0.8989999890327454,0.8938390016555786,0.8989999890327454,687,0.0,0.0
2023-09-29 11:30:00-04:00,0.8989999890327454,0.8989999890327454,0.8600000143051147,0.8600000143051147,728,0.0,0.0
2023-09-29 12:30:00-04:00,0.8600999712944031,0.8988990187644958,0.8201000094413757,0.8201000094413757,7370,0.0,0.0
2023-09-29 13:30:00-04:00,0.8930000066757202,0.8934999704360962,0.8299999833106995,0.8934999704360962,2431,0.0,0.0
2023-09-29 14:30:00-04:00,0.8989989757537842,0.8989989757537842,0.8989989757537842,0.8989989757537842,213,0.0,0.0
2023-09-29 15:30:00-04:00,0.8989989757537842,0.8989989757537842,0.8419600129127502,0.8601999878883362,3141,0.0,0.0
2023-10-02 09:30:00-04:00,0.9200000166893005,0.9200000166893005,0.9200000166893005,0.9200000166893005,624,0.0,0.0
2023-10-02 10:30:00-04:00,0.9148989915847778,0.9149900078773499,0.8700000047683716,0.914900004863739,3142,0.0,0.0
2023-10-02 11:30:00-04:00,0.8785930275917053,0.8785930275917053,0.8785930275917053,0.8785930275917053,244,0.0,0.0
2023-10-02 12:30:00-04:00,0.8550009727478027,0.8550009727478027,0.8550009727478027,0.8550009727478027,778,0.0,0.0
2023-10-02 13:30:00-04:00,0.8251000046730042,0.8708999752998352,0.8251000046730042,0.8708999752998352,4855,0.0,0.0
2023-10-02 14:30:00-04:00,0.8799989819526672,0.8799989819526672,0.842199981212616,0.842199981212616,3417,0.0,0.0
2023-10-02 15:30:00-04:00,0.8253999948501587,0.8255000114440918,0.824999988079071,0.824999988079071,4181,0.0,0.0
2023-10-03 09:30:00-04:00,0.8299999833106995,0.8500000238418579,0.824999988079071,0.824999988079071,4701,0.0,0.0
2023-10-03 10:30:00-04:00,0.8299999833106995,0.8399999737739563,0.8299999833106995,0.8325999975204468,4009,0.0,0.0
2023-10-03 11:30:00-04:00,0.8325999975204468,0.8325999975204468,0.8199999928474426,0.8199999928474426,2186,0.0,0.0
2023-10-03 12:30:00-04:00,0.8398990035057068,0.839900016784668,0.824999988079071,0.839900016784668,3304,0.0,0.0
2023-10-03 13:30:00-04:00,0.8100000023841858,0.8100000023841858,0.8100000023841858,0.8100000023841858,106,0.0,0.0
2023-10-03 14:30:00-04:00,0.8399999737739563,0.8399999737739563,0.8100000023841858,0.8100000023841858,1821,0.0,0.0
2023-10-03 15:30:00-04:00,0.8199999928474426,0.8199999928474426,0.8199999928474426,0.8199999928474426,214,0.0,0.0
2023-10-04 09:30:00-04:00,0.800000011920929,0.8190000057220459,0.800000011920929,0.8099989891052246,6567,0.0,0.0
2023-10-04 10:30:00-04:00,0.800000011920929,0.800000011920929,0.7700999975204468,0.7700999975204468,8548,0.0,0.0
2023-10-04 11:30:00-04:00,0.800000011920929,0.800000011920929,0.7855010032653809,0.7855010032653809,3420,0.0,0.0
2023-10-04 12:30:00-04:00,0.800000011920929,0.800000011920929,0.7754999995231628,0.7875000238418579,3494,0.0,0.0
2023-10-04 13:30:00-04:00,0.800000011920929,0.800000011920929,0.800000011920929,0.800000011920929,200,0.0,0.0
2023-10-04 14:30:00-04:00,0.800000011920929,0.800000011920929,0.7749999761581421,0.800000011920929,722,0.0,0.0
2023-10-04 15:30:00-04:00,0.7799999713897705,0.7972000241279602,0.7799999713897705,0.7799999713897705,0,0.0,0.0
2023-10-05 09:30:00-04:00,0.7900000214576721,0.8198999762535095,0.7599999904632568,0.8198999762535095,3015,0.0,0.0
2023-10-05 10:30:00-04:00,0.800000011920929,0.800000011920929,0.770101010799408,0.7900000214576721,7493,0.0,0.0
2023-10-05 11:30:00-04:00,0.7850000262260437,0.7850000262260437,0.7799999713897705,0.7799999713897705,301,0.0,0.0
2023-10-05 12:30:00-04:00,0.781000018119812,0.781000018119812,0.7609999775886536,0.7609999775886536,2883,0.0,0.0
2023-10-05 13:30:00-04:00,0.7610999941825867,0.7615860104560852,0.7599999904632568,0.7599999904632568,5335,0.0,0.0
2023-10-05 14:30:00-04:00,0.7699999809265137,0.7699999809265137,0.7099999785423279,0.7258999943733215,4639,0.0,0.0
2023-10-05 15:30:00-04:00,0.7039999961853027,0.7599999904632568,0.7039999961853027,0.7383000254631042,2421,0.0,0.0
2023-10-06 09:30:00-04:00,0.7400000095367432,0.800000011920929,0.7400000095367432,0.796999990940094,11983,0.0,0.0
2023-10-06 10:30:00-04:00,0.7849500179290771,0.7998999953269958,0.7544999718666077,0.7599999904632568,19901,0.0,0.0
2023-10-06 11:30:00-04:00,0.746999979019165,0.7700999975204468,0.7450000047683716,0.7700999975204468,12826,0.0,0.0
2023-10-06 12:30:00-04:00,0.7799999713897705,0.7802000045776367,0.7699999809265137,0.7800999879837036,7581,0.0,0.0
2023-10-06 13:30:00-04:00,0.7800999879837036,0.7850499749183655,0.7699999809265137,0.7712000012397766,21773,0.0,0.0
2023-10-06 14:30:00-04:00,0.772599995136261,0.7749999761581421,0.7599999904632568,0.7700999975204468,16989,0.0,0.0
2023-10-06 15:30:00-04:00,0.7699999809265137,0.7702000141143799,0.7599999904632568,0.7603999972343445,11378,0.0,0.0
2023-10-09 09:30:00-04:00,0.7962999939918518,0.7962999939918518,0.7962999939918518,0.7962999939918518,0,0.0,0.0
2023-10-09 10:30:00-04:00,0.7850000262260437,0.7850000262260437,0.7802510261535645,0.7802510261535645,1355,0.0,0.0
2023-10-09 11:30:00-04:00,0.7802510261535645,0.7802510261535645,0.7802510261535645,0.7802510261535645,113,0.0,0.0
2023-10-09 12:30:00-04:00,0.7799999713897705,0.7990000247955322,0.7603999972343445,0.7603999972343445,7520,0.0,0.0
2023-10-09 13:30:00-04:00,0.7699999809265137,0.800000011920929,0.7699999809265137,0.7802000045776367,11130,0.0,0.0
2023-10-09 14:30:00-04:00,0.7609999775886536,0.7799999713897705,0.7599999904632568,0.7601010203361511,15309,0.0,0.0
2023-10-09 15:30:00-04:00,0.7599999904632568,0.7799999713897705,0.7501000165939331,0.7799999713897705,0,0.0,0.0
2023-10-10 09:30:00-04:00,0.8198000192642212,0.8198000192642212,0.7900000214576721,0.7900000214576721,1427,0.0,0.0
2023-10-10 10:30:00-04:00,0.802249014377594,0.8149999976158142,0.7545999884605408,0.7799999713897705,10724,0.0,0.0
2023-10-10 11:30:00-04:00,0.7699999809265137,0.7799999713897705,0.7501999735832214,0.7599999904632568,31655,0.0,0.0
2023-10-10 12:30:00-04:00,0.800000011920929,0.800000011920929,0.7699999809265137,0.7998999953269958,11636,0.0,0.0
2023-10-10 13:30:00-04:00,0.7799999713897705,0.7900000214576721,0.7599999904632568,0.7599999904632568,7113,0.0,0.0
2023-10-10 14:30:00-04:00,0.7700999975204468,0.7700999975204468,0.7700999975204468,0.7700999975204468,268,0.0,0.0
2023-10-10 15:30:00-04:00,0.7700999975204468,0.7900000214576721,0.7700999975204468,0.7799999713897705,0,0.0,0.0
2023-10-11 09:30:00-04:00,0.7900000214576721,0.7900000214576721,0.7699999809265137,0.7699999809265137,4407,0.0,0.0
2023-10-11 10:30:00-04:00,0.7998989820480347,0.7998989820480347,0.7998989820480347,0.7998989820480347,758,0.0,0.0
2023-10-11 11:30:00-04:00,0.7599999904632568,0.7799999713897705,0.7599999904632568,0.7799999713897705,420,0.0,0.0
2023-10-11 12:30:00-04:00,0.7649999856948853,0.7799999713897705,0.7649999856948853,0.7700999975204468,6570,0.0,0.0
2023-10-11 13:30:00-04:00,0.7699999809265137,0.7889999747276306,0.7699999809265137,0.7699999809265137,5973,0.0,0.0
2023-10-11 14:30:00-04:00,0.7649999856948853,0.789900004863739,0.7531999945640564,0.7845500111579895,22788,0.0,0.0
2023-10-11 15:30:00-04:00,0.7850000262260437,0.7900000214576721,0.7649999856948853,0.7649999856948853,6500,0.0,0.0
2023-10-12 10:30:00-04:00,0.7651000022888184,0.7651000022888184,0.7651000022888184,0.7651000022888184,3108,0.0,0.0
2023-10-12 11:30:00-04:00,0.7651000022888184,0.7651000022888184,0.7651000022888184,0.7651000022888184,16212,0.0,0.0
2023-10-12 12:30:00-04:00,0.7799999713897705,0.7799999713897705,0.7799999713897705,0.7799999713897705,406,0.0,0.0
2023-10-12 13:30:00-04:00,0.7700999975204468,0.7799999713897705,0.7300000190734863,0.7300000190734863,9822,0.0,0.0
2023-10-12 14:30:00-04:00,0.7590000033378601,0.7792999744415283,0.7300000190734863,0.7440000176429749,11299,0.0,0.0
2023-10-12 15:30:00-04:00,0.7749999761581421,0.7759000062942505,0.7110000252723694,0.75,0,0.0,0.0
2023-10-13 09:30:00-04:00,0.7200000286102295,0.7498999834060669,0.7200000286102295,0.7498999834060669,4074,0.0,0.0
2023-10-13 10:30:00-04:00,0.7301009893417358,0.7401000261306763,0.7301009893417358,0.7400000095367432,9884,0.0,0.0
2023-10-13 11:30:00-04:00,0.7400000095367432,0.7400000095367432,0.739300012588501,0.739300012588501,6042,0.0,0.0
2023-10-13 12:30:00-04:00,0.7497000098228455,0.7497000098228455,0.7301009893417358,0.7301009893417358,7600,0.0,0.0
2023-10-13 13:30:00-04:00,0.7497000098228455,0.75,0.7400000095367432,0.75,2746,0.0,0.0
2023-10-13 14:30:00-04:00,0.7501009702682495,0.7501009702682495,0.7400000095367432,0.7400000095367432,2178,0.0,0.0
2023-10-13 15:30:00-04:00,0.7400000095367432,0.800000011920929,0.7400000095367432,0.7409999966621399,7687,0.0,0.0
2023-10-16 09:30:00-04:00,0.800000011920929,0.800000011920929,0.7699999809265137,0.7699999809265137,2525,0.0,0.0
2023-10-16 10:30:00-04:00,0.7799999713897705,0.7799999713897705,0.7720000147819519,0.7721189856529236,7106,0.0,0.0
2023-10-16 11:30:00-04:00,0.7699999809265137,0.7799999713897705,0.7409999966621399,0.7419999837875366,4080,0.0,0.0
2023-10-16 12:30:00-04:00,0.7419999837875366,0.7605000138282776,0.7407000064849854,0.7407000064849854,1781,0.0,0.0
2023-10-16 13:30:00-04:00,0.7407000064849854,0.7512999773025513,0.7400000095367432,0.7409999966621399,998,0.0,0.0
2023-10-16 14:30:00-04:00,0.7400000095367432,0.7599999904632568,0.7200000286102295,0.75,43163,0.0,0.0
2023-10-16 15:30:00-04:00,0.7200999855995178,0.7400000095367432,0.710099995136261,0.7200000286102295,16303,0.0,0.0
2023-10-17 09:30:00-04:00,0.7200000286102295,0.7540010213851929,0.7200000286102295,0.7455000281333923,12831,0.0,0.0
2023-10-17 10:30:00-04:00,0.7301009893417358,0.7400000095367432,0.7301009893417358,0.7400000095367432,0,0.0,0.0
2023-10-17 11:30:00-04:00,0.7480000257492065,0.7540000081062317,0.743910014629364,0.75,33459,0.0,0.0
2023-10-17 12:30:00-04:00,0.7519000172615051,0.7540000081062317,0.7437999844551086,0.7519999742507935,1939,0.0,0.0
2023-10-17 13:30:00-04:00,0.75,0.75,0.75,0.75,5668,0.0,0.0
2023-10-17 14:30:00-04:00,0.7599999904632568,0.7838000059127808,0.7599999904632568,0.7770000100135803,1581,0.0,0.0
2023-10-17 15:30:00-04:00,0.7699999809265137,0.7949000000953674,0.7605000138282776,0.7605000138282776,13892,0.0,0.0
2023-10-18 09:30:00-04:00,0.781499981880188,0.7815999984741211,0.7607499957084656,0.770799994468689,9202,0.0,0.0
2023-10-18 10:30:00-04:00,0.781499981880188,0.8498989939689636,0.781499981880188,0.8201000094413757,9584,0.0,0.0
2023-10-18 11:30:00-04:00,0.8251000046730042,0.8428699970245361,0.7817000150680542,0.7817000150680542,10709,0.0,0.0
2023-10-18 12:30:00-04:00,0.8008000254631042,0.8008000254631042,0.7907509803771973,0.7907509803771973,1504,0.0,0.0
2023-10-18 13:30:00-04:00,0.7998999953269958,0.7998999953269958,0.7998999953269958,0.7998999953269958,532,0.0,0.0
2023-10-18 14:30:00-04:00,0.7816010117530823,0.7816010117530823,0.781499981880188,0.781499981880188,1252,0.0,0.0
2023-10-18 15:30:00-04:00,0.775600016117096,0.7998999953269958,0.7699999809265137,0.7699999809265137,5223,0.0,0.0
2023-10-19 09:30:00-04:00,0.7599999904632568,0.7601000070571899,0.7599999904632568,0.7601000070571899,1266,0.0,0.0
2023-10-19 10:30:00-04:00,0.7649999856948853,0.7649999856948853,0.7649999856948853,0.7649999856948853,385,0.0,0.0
2023-10-19 11:30:00-04:00,0.8075000047683716,0.8075000047683716,0.8075000047683716,0.8075000047683716,968,0.0,0.0
2023-10-19 12:30:00-04:00,0.8398990035057068,0.8399999737739563,0.8398990035057068,0.839900016784668,0,0.0,0.0
2023-10-19 13:30:00-04:00,0.839900016784668,0.839900016784668,0.7997999787330627,0.7997999787330627,5198,0.0,0.0
2023-10-19 14:30:00-04:00,0.7825000286102295,0.7825000286102295,0.7825000286102295,0.7825000286102295,556,0.0,0.0
2023-10-19 15:30:00-04:00,0.7940999865531921,0.7940999865531921,0.78329998254776,0.78329998254776,578,0.0,0.0
2023-10-20 11:30:00-04:00,0.7950490117073059,0.7950490117073059,0.7950490117073059,0.7950490117073059,250,0.0,0.0
2023-10-20 12:30:00-04:00,0.800000011920929,0.800000011920929,0.7990000247955322,0.800000011920929,3679,0.0,0.0
2023-10-20 13:30:00-04:00,0.800000011920929,0.800000011920929,0.7950999736785889,0.800000011920929,3087,0.0,0.0
2023-10-23 09:30:00-04:00,0.8000010251998901,0.839900016784668,0.760001003742218,0.839900016784668,0,0.0,0.0
2023-10-23 10:30:00-04:00,0.831375002861023,0.831375002861023,0.7825000286102295,0.8198999762535095,6971,0.0,0.0
2023-10-23 11:30:00-04:00,0.8100000023841858,0.8100000023841858,0.7710999846458435,0.7710999846458435,5202,0.0,0.0
2023-10-23 13:30:00-04:00,0.7768999934196472,0.7799999713897705,0.7724999785423279,0.7799999713897705,1869,0.0,0.0
2023-10-23 14:30:00-04:00,0.8098999857902527,0.8100000023841858,0.8098999857902527,0.8100000023841858,214,0.0,0.0
2023-10-23 15:30:00-04:00,0.7750999927520752,0.800000011920929,0.7750999927520752,0.7998999953269958,816,0.0,0.0
2023-10-24 09:30:00-04:00,0.800000011920929,0.800000011920929,0.770101010799408,0.7724999785423279,7150,0.0,0.0
2023-10-24 10:30:00-04:00,0.7998999953269958,0.7998999953269958,0.7998999953269958,0.7998999953269958,3054,0.0,0.0
2023-10-24 11:30:00-04:00,0.7998999953269958,0.800000011920929,0.7998999953269958,0.800000011920929,12025,0.0,0.0
2023-10-24 12:30:00-04:00,0.7900000214576721,0.8500000238418579,0.7900000214576721,0.8500000238418579,2704,0.0,0.0
2023-10-24 15:30:00-04:00,0.8199999928474426,0.8235999941825867,0.7825000286102295,0.8235999941825867,0,0.0,0.0
2023-10-25 09:30:00-04:00,0.8489999771118164,0.9699990153312683,0.8446999788284302,0.9100000262260437,213030,0.0,0.0
2023-10-25 10:30:00-04:00,0.9100000262260437,0.949999988079071,0.8999999761581421,0.9225000143051147,30795,0.0,0.0
2023-10-25 11:30:00-04:00,0.9200000166893005,0.9259999990463257,0.9100000262260437,0.9251499772071838,17172,0.0,0.0
2023-10-25 12:30:00-04:00,0.9251499772071838,0.949999988079071,0.9176499843597412,0.9449999928474426,26895,0.0,0.0
2023-10-25 13:30:00-04:00,0.9430000185966492,1.0,0.9399999976158142,0.9829999804496765,112665,0.0,0.0
2023-10-25 14:30:00-04:00,0.9900000095367432,1.0199999809265137,0.880299985408783,0.9100000262260437,164431,0.0,0.0
2023-10-25 15:30:00-04:00,0.9100000262260437,0.9564999938011169,0.8799999952316284,0.8920999765396118,0,0.0,0.0
2023-10-26 09:30:00-04:00,0.9900000095367432,0.9998999834060669,0.8899999856948853,0.9958999752998352,31345,0.0,0.0
2023-10-26 10:30:00-04:00,0.9900000095367432,0.9900000095367432,0.9549999833106995,0.9599999785423279,5678,0.0,0.0
2023-10-26 11:30:00-04:00,0.9599000215530396,0.9599000215530396,0.9200000166893005,0.9249500036239624,18187,0.0,0.0
2023-10-26 12:30:00-04:00,0.9298999905586243,0.9589999914169312,0.9139999747276306,0.9139999747276306,3549,0.0,0.0
2023-10-26 13:30:00-04:00,0.9319999814033508,0.949999988079071,0.9100000262260437,0.9496999979019165,4207,0.0,0.0
2023-10-26 14:30:00-04:00,0.9490000009536743,0.949999988079071,0.9300000071525574,0.9398999810218811,3411,0.0,0.0
2023-10-26 15:30:00-04:00,0.9200999736785889,0.9491000175476074,0.9100000262260437,0.9491000175476074,6428,0.0,0.0
2023-10-27 09:30:00-04:00,0.949999988079071,0.9998999834060669,0.9100000262260437,0.9800000190734863,19673,0.0,0.0
2023-10-27 10:30:00-04:00,0.9800000190734863,1.0397000312805176,0.9700000286102295,1.0,41719,0.0,0.0
2023-10-27 11:30:00-04:00,1.0099999904632568,1.0499999523162842,0.9916999936103821,1.0188000202178955,89201,0.0,0.0
2023-10-27 12:30:00-04:00,1.0099999904632568,1.0299999713897705,0.9998999834060669,1.0199999809265137,9782,0.0,0.0
2023-10-27 13:30:00-04:00,1.0299999713897705,1.0299999713897705,1.0099999904632568,1.0199999809265137,7064,0.0,0.0
2023-10-27 14:30:00-04:00,1.0194000005722046,1.0299999713897705,1.0099999904632568,1.0199999809265137,17731,0.0,0.0
2023-10-27 15:30:00-04:00,1.0384000539779663,1.0399999618530273,1.0011999607086182,1.0399999618530273,12687,0.0,0.0
2023-10-30 09:30:00-04:00,1.159999966621399,1.159999966621399,1.0399999618530273,1.0750000476837158,46273,0.0,0.0
2023-10-30 10:30:00-04:00,1.0499999523162842,1.1043000221252441,1.0400999784469604,1.070199966430664,6365,0.0,0.0
2023-10-30 11:30:00-04:00,1.0750000476837158,1.090000033378601,1.0306999683380127,1.0800000429153442,6318,0.0,0.0
2023-10-30 12:30:00-04:00,1.0399999618530273,1.0700000524520874,0.9700000286102295,0.9700000286102295,10666,0.0,0.0
2023-10-30 13:30:00-04:00,0.9800000190734863,1.0299999713897705,0.949999988079071,0.9700000286102295,62201,0.0,0.0
2023-10-30 14:30:00-04:00,1.0,1.0,0.8999999761581421,0.9100000262260437,21257,0.0,0.0
2023-10-30 15:30:00-04:00,0.9739000201225281,0.9900000095367432,0.9739000201225281,0.9900000095367432,4348,0.0,0.0
2023-10-31 09:30:00-04:00,1.0,1.0099999904632568,0.9200999736785889,0.9900000095367432,7291,0.0,0.0
2023-10-31 10:30:00-04:00,1.0,1.0198999643325806,0.9222999811172485,1.0099999904632568,3891,0.0,0.0
2023-10-31 11:30:00-04:00,1.000100016593933,1.000100016593933,0.9587000012397766,0.9587000012397766,3838,0.0,0.0
2023-10-31 13:30:00-04:00,0.9599999785423279,0.9599999785423279,0.9399999976158142,0.9399999976158142,311,0.0,0.0
2023-10-31 14:30:00-04:00,0.9739999771118164,0.9993000030517578,0.949999988079071,0.949999988079071,9007,0.0,0.0
2023-10-31 15:30:00-04:00,0.9800000190734863,0.9800000190734863,0.9800000190734863,0.9800000190734863,136,0.0,0.0
2023-11-01 09:30:00-04:00,0.9491999745368958,0.9699000120162964,0.9449999928474426,0.9527999758720398,2175,0.0,0.0
2023-11-01 10:30:00-04:00,0.9262999892234802,0.9800000190734863,0.901199996471405,0.9200999736785889,7104,0.0,0.0
2023-11-01 11:30:00-04:00,0.9731000065803528,0.9731000065803528,0.93265700340271,0.93265700340271,1126,0.0,0.0
2023-11-01 12:30:00-04:00,0.9399999976158142,0.9399999976158142,0.9399999976158142,0.9399999976158142,101,0.0,0.0
2023-11-01 13:30:00-04:00,0.9399999976158142,0.9900000095367432,0.9100000262260437,0.9900000095367432,14186,0.0,0.0
2023-11-01 14:30:00-04:00,0.9800000190734863,0.9900000095367432,0.9392499923706055,0.9406999945640564,3857,0.0,0.0
2023-11-01 15:30:00-04:00,0.910099983215332,0.9528999924659729,0.910099983215332,0.9365000128746033,1399,0.0,0.0
2023-11-02 09:30:00-04:00,0.9200000166893005,1.0099999904632568,0.9160000085830688,0.9399999976158142,3081,0.0,0.0
2023-11-02 10:30:00-04:00,0.9399999976158142,0.9449499845504761,0.9301009774208069,0.9399999976158142,1223,0.0,0.0
2023-11-02 11:30:00-04:00,0.9300000071525574,0.9300000071525574,0.9300000071525574,0.9300000071525574,20783,0.0,0.0
2023-11-02 12:30:00-04:00,0.9300000071525574,0.949999988079071,0.9300000071525574,0.9399999976158142,9306,0.0,0.0
2023-11-02 13:30:00-04:00,0.949999988079071,0.949999988079071,0.9300000071525574,0.9300000071525574,10078,0.0,0.0
2023-11-02 14:30:00-04:00,0.9300000071525574,0.949999988079071,0.8999999761581421,0.8999999761581421,74718,0.0,0.0
2023-11-02 15:30:00-04:00,0.9300000071525574,0.9300000071525574,0.800000011920929,0.800000011920929,21148,0.0,0.0
2023-11-03 09:30:00-04:00,0.9100000262260437,0.9599999785423279,0.8300999999046326,0.9054999947547913,40457,0.0,0.0
2023-11-03 10:30:00-04:00,0.949999988079071,0.9987999796867371,0.8511000275611877,0.8949999809265137,8378,0.0,0.0
2023-11-03 11:30:00-04:00,0.8999999761581421,0.8999999761581421,0.8999999761581421,0.8999999761581421,668,0.0,0.0
2023-11-03 12:30:00-04:00,0.9200000166893005,0.9501000046730042,0.8801000118255615,0.8801000118255615,7207,0.0,0.0
2023-11-03 13:30:00-04:00,0.8801000118255615,0.9449999928474426,0.8801000118255615,0.9449999928474426,1047,0.0,0.0
2023-11-03 14:30:00-04:00,0.8801000118255615,0.8801000118255615,0.8600999712944031,0.8601999878883362,1522,0.0,0.0
2023-11-03 15:30:00-04:00,0.860450029373169,0.9075000286102295,0.8510000109672546,0.8999000191688538,4614,0.0,0.0
2023-11-06 09:30:00-05:00,0.8952999711036682,0.925000011920929,0.8600000143051147,0.8600000143051147,4190,0.0,0.0
2023-11-06 10:30:00-05:00,0.8600000143051147,0.8600000143051147,0.8600000143051147,0.8600000143051147,1073,0.0,0.0
2023-11-06 11:30:00-05:00,0.8500999808311462,0.8876000046730042,0.8500999808311462,0.8500999808311462,1259,0.0,0.0
2023-11-06 12:30:00-05:00,0.8824999928474426,0.8824999928474426,0.8399999737739563,0.8399999737739563,2166,0.0,0.0
2023-11-06 13:30:00-05:00,0.8399999737739563,0.8410000205039978,0.8399999737739563,0.8410000205039978,856,0.0,0.0
2023-11-06 14:30:00-05:00,0.8705009818077087,0.8705009818077087,0.8410000205039978,0.8604999780654907,8955,0.0,0.0
2023-11-06 15:30:00-05:00,0.8410000205039978,0.8600000143051147,0.8410000205039978,0.8410000205039978,3022,0.0,0.0
2023-11-07 09:30:00-05:00,0.8600000143051147,0.8600000143051147,0.8399999737739563,0.8399999737739563,1791,0.0,0.0
2023-11-07 10:30:00-05:00,0.8399999737739563,0.840499997138977,0.8399999737739563,0.8399999737739563,734,0.0,0.0
2023-11-07 11:30:00-05:00,0.8399999737739563,0.8932999968528748,0.8399999737739563,0.8399999737739563,1631,0.0,0.0
2023-11-07 12:30:00-05:00,0.8800489902496338,0.9199000000953674,0.8400999903678894,0.8799999952316284,1051,0.0,0.0
2023-11-07 13:30:00-05:00,0.8799999952316284,0.8799999952316284,0.8399999737739563,0.8399999737739563,3840,0.0,0.0
2023-11-07 14:30:00-05:00,0.8500000238418579,0.8794999718666077,0.840499997138977,0.8500000238418579,3861,0.0,0.0
2023-11-07 15:30:00-05:00,0.8500000238418579,0.8600000143051147,0.8399999737739563,0.8600000143051147,1547,0.0,0.0
2023-11-08 09:30:00-05:00,0.9099990129470825,0.9099990129470825,0.8402000069618225,0.8899999856948853,10869,0.0,0.0
2023-11-08 10:30:00-05:00,0.8999999761581421,0.8999999761581421,0.8999000191688538,0.8999999761581421,1334,0.0,0.0
2023-11-08 11:30:00-05:00,0.8999999761581421,0.8999999761581421,0.8999999761581421,0.8999999761581421,152,0.0,0.0
2023-11-08 12:30:00-05:00,0.8899999856948853,0.9309999942779541,0.8899999856948853,0.9100000262260437,4618,0.0,0.0
2023-11-08 13:30:00-05:00,0.9390000104904175,0.9399999976158142,0.8999999761581421,0.9100000262260437,17073,0.0,0.0
2023-11-08 14:30:00-05:00,0.9200000166893005,0.9200000166893005,0.8999999761581421,0.9200000166893005,9851,0.0,0.0
2023-11-08 15:30:00-05:00,0.9200000166893005,0.9399999976158142,0.8999999761581421,0.9390000104904175,13823,0.0,0.0
2023-11-09 09:30:00-05:00,0.9300000071525574,0.949999988079071,0.880299985408783,0.8949999809265137,5763,0.0,0.0
2023-11-09 10:30:00-05:00,0.949999988079071,0.9575999975204468,0.8899999856948853,0.9337999820709229,1559,0.0,0.0
2023-11-09 11:30:00-05:00,0.9287999868392944,0.9287999868392944,0.9150000214576721,0.9150000214576721,1579,0.0,0.0
2023-11-09 12:30:00-05:00,0.9300000071525574,0.9387999773025513,0.9251000285148621,0.9387999773025513,3329,0.0,0.0
2023-11-09 13:30:00-05:00,0.9387999773025513,0.9574999809265137,0.9200000166893005,0.9350000023841858,1700,0.0,0.0
2023-11-09 14:30:00-05:00,0.9350000023841858,0.949999988079071,0.8999999761581421,0.925000011920929,5102,0.0,0.0
2023-11-09 15:30:00-05:00,0.949999988079071,0.9575999975204468,0.8999999761581421,0.9000999927520752,3517,0.0,0.0
2023-11-10 09:30:00-05:00,0.9373000264167786,0.9373000264167786,0.9373000264167786,0.9373000264167786,339,0.0,0.0
2023-11-10 11:30:00-05:00,0.9472000002861023,0.949999988079071,0.9334999918937683,0.9334999918937683,3582,0.0,0.0
2023-11-10 12:30:00-05:00,0.9373499751091003,0.9739999771118164,0.8901000022888184,0.8999999761581421,6096,0.0,0.0
2023-11-10 13:30:00-05:00,0.9700000286102295,0.9700000286102295,0.8901000022888184,0.9700000286102295,1770,0.0,0.0
2023-11-10 14:30:00-05:00,0.8999999761581421,0.9275500178337097,0.8999999761581421,0.9275500178337097,1827,0.0,0.0
2023-11-10 15:30:00-05:00,0.949999988079071,0.949999988079071,0.8982999920845032,0.949999988079071,921,0.0,0.0
2023-11-13 09:30:00-05:00,0.9200000166893005,0.9890000224113464,0.8526999950408936,0.9890000224113464,5532,0.0,0.0
2023-11-13 10:30:00-05:00,0.9700000286102295,0.9700000286102295,0.934499979019165,0.934499979019165,750,0.0,0.0
2023-11-13 14:30:00-05:00,0.9350000023841858,0.9350000023841858,0.9350000023841858,0.9350000023841858,3650,0.0,0.0
2023-11-13 15:30:00-05:00,0.949999988079071,0.949999988079071,0.8899999856948853,0.8899999856948853,2241,0.0,0.0
2023-11-14 09:30:00-05:00,0.9150000214576721,0.9700000286102295,0.8399999737739563,0.8851000070571899,12029,0.0,0.0
2023-11-14 10:30:00-05:00,0.9100000262260437,0.9100000262260437,0.8899999856948853,0.9100000262260437,4555,0.0,0.0
2023-11-14 11:30:00-05:00,0.885200023651123,0.9100000262260437,0.885200023651123,0.9100000262260437,3396,0.0,0.0
2023-11-14 13:30:00-05:00,0.9100000262260437,0.9100000262260437,0.9100000262260437,0.9100000262260437,1211,0.0,0.0
2023-11-14 14:30:00-05:00,0.885200023651123,0.9200000166893005,0.885200023651123,0.9200000166893005,1649,0.0,0.0
2023-11-15 09:30:00-05:00,0.8633999824523926,0.8931000232696533,0.8633999824523926,0.8931000232696533,0,0.0,0.0
2023-11-15 10:30:00-05:00,0.8999999761581421,0.8999999761581421,0.8799989819526672,0.8799989819526672,1664,0.0,0.0
2023-11-15 11:30:00-05:00,0.8999999761581421,0.8999999761581421,0.8700000047683716,0.8701000213623047,17546,0.0,0.0
2023-11-15 12:30:00-05:00,0.8799999952316284,0.8799999952316284,0.8700000047683716,0.8700000047683716,1771,0.0,0.0
2023-11-15 13:30:00-05:00,0.8849999904632568,0.8999999761581421,0.8849999904632568,0.8949999809265137,1668,0.0,0.0
2023-11-15 14:30:00-05:00,0.8824999928474426,0.8824999928474426,0.8600000143051147,0.8823999762535095,6755,0.0,0.0
2023-11-15 15:30:00-05:00,0.8712999820709229,0.8712999820709229,0.8712000250816345,0.8712000250816345,0,0.0,0.0
2023-11-16 09:30:00-05:00,0.9039999842643738,0.9039999842643738,0.8700000047683716,0.8700000047683716,1455,0.0,0.0
2023-11-16 10:30:00-05:00,0.8700000047683716,0.8701000213623047,0.8698999881744385,0.8700000047683716,2512,0.0,0.0
2023-11-16 11:30:00-05:00,0.8700000047683716,0.8700000047683716,0.8700000047683716,0.8700000047683716,300,0.0,0.0
2023-11-16 12:30:00-05:00,0.8700000047683716,0.8999000191688538,0.8700000047683716,0.8700000047683716,2064,0.0,0.0
2023-11-16 13:30:00-05:00,0.8849999904632568,0.8999999761581421,0.8849999904632568,0.8999999761581421,0,0.0,0.0
2023-11-17 09:30:00-05:00,0.8776999711990356,0.8801000118255615,0.8698999881744385,0.8799999952316284,8531,0.0,0.0
2023-11-17 10:30:00-05:00,0.8801000118255615,0.9399999976158142,0.8799999952316284,0.9399999976158142,12643,0.0,0.0
2023-11-17 14:30:00-05:00,0.8801000118255615,0.9394999742507935,0.8801000118255615,0.9394999742507935,424,0.0,0.0
2023-11-17 15:30:00-05:00,0.8809999823570251,0.9198989868164062,0.8799999952316284,0.9198989868164062,6711,0.0,0.0
2023-11-20 09:30:00-05:00,0.8827000260353088,0.9199000000953674,0.8500000238418579,0.9199000000953674,10476,0.0,0.0
2023-11-20 10:30:00-05:00,0.8510000109672546,0.9098989963531494,0.8500000238418579,0.9089999794960022,3001,0.0,0.0
2023-11-20 11:30:00-05:00,0.8700000047683716,0.8700000047683716,0.8564000129699707,0.8564000129699707,3864,0.0,0.0
2023-11-20 12:30:00-05:00,0.8999999761581421,0.9100000262260437,0.8999999761581421,0.9100000262260437,5161,0.0,0.0
2023-11-20 13:30:00-05:00,0.910099983215332,0.9200000166893005,0.8611000180244446,0.8611000180244446,6631,0.0,0.0
2023-11-20 14:30:00-05:00,0.8799999952316284,0.8999999761581421,0.8799999952316284,0.8999999761581421,402,0.0,0.0
2023-11-20 15:30:00-05:00,0.8924999833106995,0.9100000262260437,0.8924999833106995,0.9100000262260437,3397,0.0,0.0
2023-11-21 09:30:00-05:00,0.8799999952316284,0.9001010060310364,0.8746510148048401,0.8999999761581421,0,0.0,0.0
2023-11-21 11:30:00-05:00,0.8748000264167786,0.8875010013580322,0.8748000264167786,0.8875010013580322,5704,0.0,0.0
2023-11-21 12:30:00-05:00,0.8751000165939331,0.8799999952316284,0.8698989748954773,0.8798990249633789,10551,0.0,0.0
2023-11-21 13:30:00-05:00,0.8798999786376953,0.8799999952316284,0.8600999712944031,0.8600999712944031,10994,0.0,0.0
2023-11-21 14:30:00-05:00,0.8600000143051147,0.8600000143051147,0.859000027179718,0.8600000143051147,1887,0.0,0.0
2023-11-21 15:30:00-05:00,0.8598999977111816,0.8600000143051147,0.8500000238418579,0.8600000143051147,17662,0.0,0.0
2023-11-22 11:30:00-05:00,0.8600000143051147,0.8600000143051147,0.8600000143051147,0.8600000143051147,270,0.0,0.0
2023-11-22 13:30:00-05:00,0.8600000143051147,0.8600000143051147,0.8510000109672546,0.8510000109672546,3448,0.0,0.0
2023-11-22 14:30:00-05:00,0.8410000205039978,0.8410000205039978,0.8410000205039978,0.8410000205039978,2165,0.0,0.0
2023-11-22 15:30:00-05:00,0.8410000205039978,0.8410000205039978,0.8410000205039978,0.8410000205039978,148,0.0,0.0
2023-11-24 09:30:00-05:00,0.8799999952316284,0.8799999952316284,0.8799999952316284,0.8799999952316284,0,0.0,0.0
2023-11-24 10:30:00-05:00,0.8644000291824341,0.8799999952316284,0.8644000291824341,0.8700010180473328,12911,0.0,0.0
2023-11-24 11:30:00-05:00,0.8750489950180054,0.8750489950180054,0.8702009916305542,0.8702009916305542,1563,0.0,0.0
2023-11-27 09:30:00-05:00,0.8500000238418579,0.8799999952316284,0.8399999737739563,0.8799999952316284,2930,0.0,0.0
2023-11-27 10:30:00-05:00,0.8799999952316284,0.8999999761581421,0.8500999808311462,0.8999999761581421,2065,0.0,0.0
2023-11-27 11:30:00-05:00,0.8999999761581421,0.8999999761581421,0.8999999761581421,0.8999999761581421,207,0.0,0.0
2023-11-27 12:30:00-05:00,0.8794999718666077,0.8794999718666077,0.8701000213623047,0.8701000213623047,525,0.0,0.0
2023-11-27 13:30:00-05:00,0.8899999856948853,0.9100000262260437,0.8747000098228455,0.9100000262260437,2189,0.0,0.0
2023-11-27 14:30:00-05:00,0.8899999856948853,0.9100000262260437,0.8899999856948853,0.9100000262260437,1300,0.0,0.0
2023-11-27 15:30:00-05:00,0.9072999954223633,0.9200000166893005,0.9045000076293945,0.9200000166893005,1294,0.0,0.0
2023-11-28 09:30:00-05:00,0.8799999952316284,0.8799999952316284,0.8799999952316284,0.8799999952316284,0,0.0,0.0
2023-11-28 10:30:00-05:00,0.9000009894371033,0.9000009894371033,0.9000009894371033,0.9000009894371033,395,0.0,0.0
2023-11-28 11:30:00-05:00,0.8799999952316284,0.8802000284194946,0.8799999952316284,0.8802000284194946,510,0.0,0.0
2023-11-28 13:30:00-05:00,0.8999999761581421,0.9200000166893005,0.8999000191688538,0.8999999761581421,4619,0.0,0.0
2023-11-28 14:30:00-05:00,0.8999999761581421,0.9047999978065491,0.8999999761581421,0.9047999978065491,3796,0.0,0.0
2023-11-28 15:30:00-05:00,0.9047999978065491,0.9049000144004822,0.8857499957084656,0.8857499957084656,3029,0.0,0.0
2023-11-29 09:30:00-05:00,0.8999999761581421,0.8999999761581421,0.8999999761581421,0.8999999761581421,0,0.0,0.0
2023-11-29 11:30:00-05:00,0.885001003742218,0.910099983215332,0.885001003742218,0.9100000262260437,10484,0.0,0.0
2023-11-29 12:30:00-05:00,0.8999999761581421,0.8999999761581421,0.8784000277519226,0.8784000277519226,694,0.0,0.0
2023-11-29 14:30:00-05:00,0.8999999761581421,0.8999999761581421,0.8999999761581421,0.8999999761581421,3413,0.0,0.0
2023-11-29 15:30:00-05:00,0.9000999927520752,0.9100000262260437,0.9000999927520752,0.9053000211715698,1260,0.0,0.0
2023-11-30 09:30:00-05:00,0.9350000023841858,0.9350000023841858,0.8899999856948853,0.8899999856948853,2872,0.0,0.0
2023-11-30 10:30:00-05:00,0.8999999761581421,0.8999999761581421,0.8999999761581421,0.8999999761581421,586,0.0,0.0
2023-11-30 11:30:00-05:00,0.9150000214576721,0.9150000214576721,0.9010000228881836,0.9010000228881836,399,0.0,0.0
2023-11-30 12:30:00-05:00,0.9154999852180481,0.9300000071525574,0.9154999852180481,0.9300000071525574,398,0.0,0.0
2023-11-30 13:30:00-05:00,0.910099983215332,0.9200000166893005,0.910099983215332,0.9200000166893005,1015,0.0,0.0
2023-11-30 14:30:00-05:00,0.9012010097503662,0.9012010097503662,0.9012010097503662,0.9012010097503662,280,0.0,0.0
2023-11-30 15:30:00-05:00,0.9100000262260437,0.9300000071525574,0.9100000262260437,0.9300000071525574,0,0.0,0.0
2023-12-01 09:30:00-05:00,0.9300000071525574,0.9300000071525574,0.8899999856948853,0.9300000071525574,5777,0.0,0.0
2023-12-01 10:30:00-05:00,0.9049999713897705,0.9300000071525574,0.8799999952316284,0.9300000071525574,4446,0.0,0.0
2023-12-01 12:30:00-05:00,0.8999999761581421,0.9300000071525574,0.8799999952316284,0.8799999952316284,1437,0.0,0.0
2023-12-01 13:30:00-05:00,0.8989999890327454,0.9100000262260437,0.8899999856948853,0.8999999761581421,3833,0.0,0.0
2023-12-01 14:30:00-05:00,0.9100000262260437,0.9300000071525574,0.9100000262260437,0.9300000071525574,6266,0.0,0.0
2023-12-01 15:30:00-05:00,0.9200000166893005,0.9200000166893005,0.9100000262260437,0.9150000214576721,2392,0.0,0.0
2023-12-04 09:30:00-05:00,0.925000011920929,0.9329990148544312,0.925000011920929,0.9329000115394592,6040,0.0,0.0
2023-12-04 10:30:00-05:00,0.9399999976158142,0.9800000190734863,0.9300000071525574,0.9800000190734863,44334,0.0,0.0
2023-12-04 11:30:00-05:00,0.9348999857902527,0.9348999857902527,0.9100000262260437,0.9100000262260437,1525,0.0,0.0
2023-12-04 12:30:00-05:00,0.9298999905586243,0.9298999905586243,0.890999972820282,0.8980000019073486,372,0.0,0.0
2023-12-04 13:30:00-05:00,0.9124990105628967,0.9399999976158142,0.8920000195503235,0.9200000166893005,7744,0.0,0.0
2023-12-04 14:30:00-05:00,0.9399999976158142,0.9399999976158142,0.9399999976158142,0.9399999976158142,309,0.0,0.0
2023-12-04 15:30:00-05:00,0.9399999976158142,0.9399999976158142,0.9399999976158142,0.9399999976158142,0,0.0,0.0
2023-12-05 09:30:00-05:00,0.949999988079071,0.9800000190734863,0.9100000262260437,0.9375,22851,0.0,0.0
2023-12-05 10:30:00-05:00,0.9599999785423279,0.9599999785423279,0.947625994682312,0.9599999785423279,7796,0.0,0.0
2023-12-05 11:30:00-05:00,0.9599999785423279,0.9890000224113464,0.9599000215530396,0.9848999977111816,15950,0.0,0.0
2023-12-05 12:30:00-05:00,0.9900000095367432,1.0499999523162842,0.9800000190734863,0.9800000190734863,33757,0.0,0.0
2023-12-05 13:30:00-05:00,0.987500011920929,1.0098999738693237,0.9599999785423279,0.9998999834060669,5352,0.0,0.0
2023-12-05 14:30:00-05:00,0.9800000190734863,0.9800000190734863,0.9599999785423279,0.9800000190734863,3251,0.0,0.0
2023-12-05 15:30:00-05:00,0.9800000190734863,0.9800000190734863,0.9800000190734863,0.9800000190734863,0,0.0,0.0
2023-12-06 09:30:00-05:00,1.0099999904632568,1.0099999904632568,0.9800000190734863,0.9800000190734863,1473,0.0,0.0
2023-12-06 10:30:00-05:00,0.9811000227928162,1.0099999904632568,0.9811000227928162,1.0099999904632568,442,0.0,0.0
2023-12-06 11:30:00-05:00,1.0198999643325806,1.0198999643325806,1.0099999904632568,1.0099999904632568,264,0.0,0.0
2023-12-06 12:30:00-05:00,1.0098999738693237,1.0098999738693237,0.9842000007629395,0.9955000281333923,2207,0.0,0.0
2023-12-06 13:30:00-05:00,1.0098999738693237,1.0098999738693237,0.9890000224113464,0.9890000224113464,717,0.0,0.0
2023-12-06 14:30:00-05:00,0.9900000095367432,1.0,0.9900000095367432,0.9900000095367432,1210,0.0,0.0
2023-12-07 09:30:00-05:00,0.9800000190734863,1.0099999904632568,0.9800000190734863,0.9900000095367432,6313,0.0,0.0
2023-12-07 10:30:00-05:00,1.0,1.0099999904632568,1.0,1.0099999904632568,1222,0.0,0.0
2023-12-07 11:30:00-05:00,0.9901000261306763,0.9973999857902527,0.9901000261306763,0.9973000288009644,897,0.0,0.0
2023-12-07 12:30:00-05:00,1.0,1.0099999904632568,1.0,1.0099999904632568,3680,0.0,0.0
2023-12-07 13:30:00-05:00,1.0154000520706177,1.059999942779541,1.0154000520706177,1.059999942779541,7593,0.0,0.0
2023-12-07 14:30:00-05:00,1.0700000524520874,1.0888999700546265,1.0099999904632568,1.0399999618530273,4682,0.0,0.0
2023-12-07 15:30:00-05:00,1.059999942779541,1.059999942779541,1.0299999713897705,1.059999942779541,7707,0.0,0.0
2023-12-08 09:30:00-05:00,1.0700000524520874,1.1200000047683716,1.059999942779541,1.1100000143051147,0,0.0,0.0
2023-12-08 10:30:00-05:00,1.1200000047683716,1.1200000047683716,1.090000033378601,1.1100000143051147,3595,0.0,0.0
2023-12-08 11:30:00-05:00,1.1100000143051147,1.1100000143051147,1.1100000143051147,1.1100000143051147,877,0.0,0.0
2023-12-08 12:30:00-05:00,1.1200000047683716,1.1299999952316284,1.1100000143051147,1.1150000095367432,6934,0.0,0.0
2023-12-08 13:30:00-05:00,1.1150000095367432,1.1200000047683716,1.1150000095367432,1.1200000047683716,2647,0.0,0.0
2023-12-08 14:30:00-05:00,1.1200000047683716,1.1200000047683716,1.1100000143051147,1.1100000143051147,4659,0.0,0.0
2023-12-08 15:30:00-05:00,1.097000002861023,1.1100000143051147,1.097000002861023,1.1100000143051147,894,0.0,0.0
2023-12-11 09:30:00-05:00,1.1100000143051147,1.1399999856948853,1.100000023841858,1.1399999856948853,5262,0.0,0.0
2023-12-11 10:30:00-05:00,1.125,1.149999976158142,1.125,1.1399999856948853,4862,0.0,0.0
2023-12-11 11:30:00-05:00,1.1399999856948853,1.1399999856948853,1.1399999856948853,1.1399999856948853,219,0.0,0.0
2023-12-11 12:30:00-05:00,1.1399999856948853,1.1399999856948853,1.1100000143051147,1.1100000143051147,2537,0.0,0.0
2023-12-11 13:30:00-05:00,1.1100000143051147,1.1399999856948853,1.090000033378601,1.1299999952316284,9213,0.0,0.0
2023-12-11 14:30:00-05:00,1.1299999952316284,1.1299999952316284,1.1100000143051147,1.1299999952316284,2810,0.0,0.0
2023-12-11 15:30:00-05:00,1.1299999952316284,1.1299999952316284,1.1200000047683716,1.1299999952316284,4336,0.0,0.0
2023-12-12 09:30:00-05:00,1.1405999660491943,1.1405999660491943,1.0700000524520874,1.1150000095367432,2050,0.0,0.0
2023-12-12 10:30:00-05:00,1.1150000095367432,1.1150000095367432,1.100000023841858,1.100000023841858,1536,0.0,0.0
2023-12-12 11:30:00-05:00,1.0800000429153442,1.0800000429153442,1.059999942779541,1.0741000175476074,3304,0.0,0.0
2023-12-12 12:30:00-05:00,1.0800000429153442,1.0800000429153442,1.0800000429153442,1.0800000429153442,686,0.0,0.0
2023-12-12 14:30:00-05:00,1.0779000520706177,1.1058000326156616,1.0708999633789062,1.0708999633789062,1979,0.0,0.0
2023-12-12 15:30:00-05:00,1.0850000381469727,1.100000023841858,1.0700000524520874,1.0700000524520874,876,0.0,0.0
2023-12-13 09:30:00-05:00,1.1226999759674072,1.1226999759674072,1.065000057220459,1.0700000524520874,920,0.0,0.0
2023-12-13 10:30:00-05:00,1.0750000476837158,1.0800000429153442,1.0399999618530273,1.0399999618530273,4097,0.0,0.0
2023-12-13 12:30:00-05:00,1.0549999475479126,1.0549999475479126,1.0499999523162842,1.0499999523162842,1355,0.0,0.0
2023-12-13 13:30:00-05:00,1.0449999570846558,1.0449999570846558,1.0399999618530273,1.0399999618530273,530,0.0,0.0
2023-12-13 14:30:00-05:00,1.0499999523162842,1.0499999523162842,1.0099999904632568,1.0099999904632568,7382,0.0,0.0
2023-12-13 15:30:00-05:00,0.9950000047683716,1.0,0.9599999785423279,0.9649999737739563,8809,0.0,0.0
2023-12-14 09:30:00-05:00,0.9800000190734863,1.059999942779541,0.9700999855995178,1.059999942779541,835,0.0,0.0
2023-12-14 10:30:00-05:00,1.0199999809265137,1.0199999809265137,1.0,1.0,423,0.0,0.0
2023-12-14 11:30:00-05:00,0.9998999834060669,0.9998999834060669,0.9948999881744385,0.9998999834060669,6511,0.0,0.0
2023-12-14 12:30:00-05:00,0.9848999977111816,0.9900000095367432,0.9797999858856201,0.9900000095367432,5049,0.0,0.0
2023-12-14 13:30:00-05:00,0.9700000286102295,1.034999966621399,0.9700000286102295,1.034999966621399,11713,0.0,0.0
2023-12-14 14:30:00-05:00,1.0299999713897705,1.0299999713897705,1.0299999713897705,1.0299999713897705,10559,0.0,0.0
2023-12-14 15:30:00-05:00,1.0149999856948853,1.0149999856948853,1.0149999856948853,1.0149999856948853,466,0.0,0.0
2023-12-15 09:30:00-05:00,1.0399999618530273,1.0399999618530273,0.9900000095367432,1.0299999713897705,1298,0.0,0.0
2023-12-15 10:30:00-05:00,1.0291999578475952,1.0291999578475952,1.0291999578475952,1.0291999578475952,298,0.0,0.0
2023-12-15 11:30:00-05:00,1.0199999809265137,1.0199999809265137,1.0199999809265137,1.0199999809265137,192,0.0,0.0
2023-12-15 12:30:00-05:00,1.024999976158142,1.024999976158142,1.0160000324249268,1.0160000324249268,1197,0.0,0.0
2023-12-15 13:30:00-05:00,1.024999976158142,1.024999976158142,1.024999976158142,1.024999976158142,822,0.0,0.0
2023-12-15 14:30:00-05:00,1.0109000205993652,1.0109000205993652,1.0109000205993652,1.0109000205993652,341,0.0,0.0
2023-12-15 15:30:00-05:00,1.0299999713897705,1.0499999523162842,0.991100013256073,1.0399999618530273,15695,0.0,0.0
2023-12-18 09:30:00-05:00,1.5099999904632568,1.7300000190734863,1.2599999904632568,1.4112000465393066,29981805,0.0,0.0
2023-12-18 10:30:00-05:00,1.4106999635696411,1.6200000047683716,1.3300000429153442,1.6015000343322754,4545103,0.0,0.0
2023-12-18 11:30:00-05:00,1.6100000143051147,1.649999976158142,1.4900000095367432,1.600000023841858,6338634,0.0,0.0
2023-12-18 12:30:00-05:00,1.5901000499725342,1.649999976158142,1.4800000190734863,1.5800000429153442,3224571,0.0,0.0
2023-12-18 13:30:00-05:00,1.579699993133545,1.6100000143051147,1.4299999475479126,1.570099949836731,2506109,0.0,0.0
2023-12-18 14:30:00-05:00,1.570099949836731,2.130000114440918,1.5499999523162842,1.975000023841858,15049316,0.0,0.0
2023-12-18 15:30:00-05:00,1.9800000190734863,2.0199999809265137,1.559999942779541,1.7000000476837158,4920106,0.0,0.0
2023-12-19 09:30:00-05:00,1.399999976158142,1.5099999904632568,1.3114999532699585,1.329200029373169,1253756,0.0,0.0
2023-12-19 10:30:00-05:00,1.3200000524520874,1.440000057220459,1.2999999523162842,1.440000057220459,425280,0.0,0.0
2023-12-19 11:30:00-05:00,1.4299999475479126,1.4500000476837158,1.3200000524520874,1.340000033378601,251763,0.0,0.0
2023-12-19 12:30:00-05:00,1.350000023841858,1.399999976158142,1.3200000524520874,1.3305000066757202,162600,0.0,0.0
2023-12-19 13:30:00-05:00,1.3417999744415283,1.3899999856948853,1.3200000524520874,1.3899999856948853,93800,0.0,0.0
2023-12-19 14:30:00-05:00,1.3801000118255615,1.399999976158142,1.3700000047683716,1.399999976158142,82287,0.0,0.0
2023-12-19 15:30:00-05:00,1.399999976158142,1.440000057220459,1.3707000017166138,1.4049999713897705,117957,0.0,0.0
2023-12-20 09:30:00-05:00,1.2999999523162842,1.340000033378601,1.2000000476837158,1.25,334429,0.0,0.0
2023-12-20 10:30:00-05:00,1.2699999809265137,1.2899999618530273,1.25,1.2799999713897705,86980,0.0,0.0
2023-12-20 11:30:00-05:00,1.2700999975204468,1.3700000047683716,1.2700999975204468,1.3600000143051147,99879,0.0,0.0
2023-12-20 12:30:00-05:00,1.3700000047683716,1.3899999856948853,1.3300000429153442,1.3600000143051147,82673,0.0,0.0
2023-12-20 13:30:00-05:00,1.3600000143051147,1.3899999856948853,1.350000023841858,1.3899999856948853,64406,0.0,0.0
2023-12-20 14:30:00-05:00,1.3899999856948853,1.399999976158142,1.3700000047683716,1.399999976158142,94244,0.0,0.0
2023-12-20 15:30:00-05:00,1.3899999856948853,1.4199999570846558,1.3600000143051147,1.4007999897003174,66896,0.0,0.0
2023-12-21 09:30:00-05:00,1.399999976158142,1.399999976158142,1.2400000095367432,1.2699999809265137,187843,0.0,0.0
2023-12-21 10:30:00-05:00,1.2699999809265137,1.2799999713897705,1.25,1.2590999603271484,23292,0.0,0.0
2023-12-21 11:30:00-05:00,1.2587000131607056,1.2598999738693237,1.2400000095367432,1.2400000095367432,34249,0.0,0.0
2023-12-21 12:30:00-05:00,1.2450000047683716,1.25,1.2400000095367432,1.2404999732971191,49838,0.0,0.0
2023-12-21 13:30:00-05:00,1.2400000095367432,1.2400000095367432,1.1649999618530273,1.1800999641418457,115630,0.0,0.0
2023-12-21 14:30:00-05:00,1.1985000371932983,1.2000000476837158,1.1100000143051147,1.149899959564209,122637,0.0,0.0
2023-12-21 15:30:00-05:00,1.1399999856948853,1.2300000190734863,1.1399999856948853,1.1799999475479126,72001,0.0,0.0
2023-12-22 09:30:00-05:00,1.190000057220459,1.2697999477386475,1.190000057220459,1.25,54564,0.0,0.0
2023-12-22 10:30:00-05:00,1.250100016593933,1.2598999738693237,1.190000057220459,1.1950000524520874,38459,0.0,0.0
2023-12-22 11:30:00-05:00,1.1950000524520874,1.2200000286102295,1.1699999570846558,1.2070000171661377,21199,0.0,0.0
2023-12-22 12:30:00-05:00,1.2009999752044678,1.2400000095367432,1.2009999752044678,1.2200000286102295,24679,0.0,0.0
2023-12-22 13:30:00-05:00,1.2200000286102295,1.225000023841858,1.1799999475479126,1.2000000476837158,25011,0.0,0.0
2023-12-22 14:30:00-05:00,1.190999984741211,1.2200000286102295,1.1699999570846558,1.2100000381469727,14010,0.0,0.0
2023-12-22 15:30:00-05:00,1.2100000381469727,1.2200000286102295,1.2000000476837158,1.2187999486923218,20471,0.0,0.0
2023-12-26 09:30:00-05:00,1.2000000476837158,1.2300000190734863,1.149999976158142,1.1792999505996704,48830,0.0,0.0
2023-12-26 10:30:00-05:00,1.1699999570846558,1.190000057220459,1.149999976158142,1.1799999475479126,35668,0.0,0.0
2023-12-26 11:30:00-05:00,1.1790000200271606,1.1799999475479126,1.149999976158142,1.1627999544143677,22652,0.0,0.0
2023-12-26 12:30:00-05:00,1.1899000406265259,1.2100000381469727,1.1898000240325928,1.2000000476837158,14335,0.0,0.0
2023-12-26 13:30:00-05:00,1.2000000476837158,1.2100000381469727,1.190000057220459,1.2100000381469727,5836,0.0,0.0
2023-12-26 14:30:00-05:00,1.2139999866485596,1.25,1.2100000381469727,1.2100000381469727,21078,0.0,0.0
2023-12-26 15:30:00-05:00,1.2100000381469727,1.2200000286102295,1.159999966621399,1.1979999542236328,0,0.0,0.0
2023-12-27 09:30:00-05:00,1.2000000476837158,1.2100000381469727,1.1500999927520752,1.1699999570846558,37734,0.0,0.0
2023-12-27 10:30:00-05:00,1.1699999570846558,1.1700999736785889,1.1200000047683716,1.1385999917984009,25008,0.0,0.0
2023-12-27 11:30:00-05:00,1.1405999660491943,1.190000057220459,1.1401000022888184,1.1692999601364136,25399,0.0,0.0
2023-12-27 12:30:00-05:00,1.1649999618530273,1.1649999618530273,1.1399999856948853,1.159999966621399,6564,0.0,0.0
2023-12-27 13:30:00-05:00,1.149999976158142,1.159999966621399,1.149999976158142,1.1593999862670898,3710,0.0,0.0
2023-12-27 14:30:00-05:00,1.1505999565124512,1.2000000476837158,1.149999976158142,1.1699999570846558,22244,0.0,0.0
2023-12-27 15:30:00-05:00,1.190000057220459,1.2000000476837158,1.1699999570846558,1.2000000476837158,42070,0.0,0.0
2023-12-28 09:30:00-05:00,1.190000057220459,1.190000057220459,1.1299999952316284,1.1801999807357788,30776,0.0,0.0
2023-12-28 10:30:00-05:00,1.184999942779541,1.3300000429153442,1.1799999475479126,1.2350000143051147,81305,0.0,0.0
2023-12-28 11:30:00-05:00,1.23989999294281,1.25,1.2301000356674194,1.2486000061035156,21205,0.0,0.0
2023-12-28 12:30:00-05:00,1.2595000267028809,1.2599999904632568,1.2000999450683594,1.2010999917984009,15204,0.0,0.0
2023-12-28 13:30:00-05:00,1.215000033378601,1.2299000024795532,1.2000000476837158,1.2000999450683594,18659,0.0,0.0
2023-12-28 14:30:00-05:00,1.2000000476837158,1.2100000381469727,1.1799999475479126,1.1812000274658203,3035,0.0,0.0
2023-12-28 15:30:00-05:00,1.190000057220459,1.2100000381469727,1.1799999475479126,1.187999963760376,45136,0.0,0.0
2023-12-29 09:30:00-05:00,1.159999966621399,1.2200000286102295,1.159999966621399,1.2100000381469727,47311,0.0,0.0
2023-12-29 10:30:00-05:00,1.2200000286102295,1.2300000190734863,1.1920000314712524,1.2100000381469727,28791,0.0,0.0
2023-12-29 11:30:00-05:00,1.2280000448226929,1.2300000190734863,1.2000999450683594,1.2200000286102295,6797,0.0,0.0
2023-12-29 12:30:00-05:00,1.2199000120162964,1.2300000190734863,1.2100000381469727,1.2101000547409058,16546,0.0,0.0
2023-12-29 13:30:00-05:00,1.2300000190734863,1.2300000190734863,1.2100000381469727,1.2100000381469727,5304,0.0,0.0
2023-12-29 14:30:00-05:00,1.2194000482559204,1.225000023841858,1.2182999849319458,1.225000023841858,890,0.0,0.0
2023-12-29 15:30:00-05:00,1.2200000286102295,1.2799999713897705,1.2100000381469727,1.2480000257492065,52015,0.0,0.0
2024-01-02 09:30:00-05:00,1.2242000102996826,1.2400000095367432,1.2200000286102295,1.2301000356674194,21712,0.0,0.0
2024-01-02 10:30:00-05:00,1.2230000495910645,1.2300000190734863,1.2100000381469727,1.2100000381469727,5744,0.0,0.0
2024-01-02 11:30:00-05:00,1.2106000185012817,1.2300000190734863,1.2100000381469727,1.2300000190734863,2557,0.0,0.0
2024-01-02 12:30:00-05:00,1.225000023841858,1.225000023841858,1.2200000286102295,1.2200000286102295,866,0.0,0.0
2024-01-02 13:30:00-05:00,1.2200000286102295,1.2300000190734863,1.2200000286102295,1.225000023841858,4621,0.0,0.0
2024-01-02 14:30:00-05:00,1.2300000190734863,1.2599999904632568,1.2300000190734863,1.2400000095367432,5036,0.0,0.0
2024-01-02 15:30:00-05:00,1.2350000143051147,1.2699999809265137,1.2350000143051147,1.2699999809265137,31668,0.0,0.0
2024-01-03 09:30:00-05:00,1.2200000286102295,1.2999999523162842,1.2200000286102295,1.2899999618530273,37690,0.0,0.0
2024-01-03 10:30:00-05:00,1.2899999618530273,1.2963000535964966,1.25,1.2899999618530273,30759,0.0,0.0
2024-01-03 11:30:00-05:00,1.2799999713897705,1.3200000524520874,1.25,1.25,63588,0.0,0.0
2024-01-03 12:30:00-05:00,1.25,1.25,1.2203999757766724,1.2300000190734863,6424,0.0,0.0
2024-01-03 13:30:00-05:00,1.2254999876022339,1.24590003490448,1.1699999570846558,1.1799999475479126,49233,0.0,0.0
2024-01-03 14:30:00-05:00,1.190000057220459,1.1990000009536743,0.8079000115394592,0.9100000262260437,1024284,0.0,0.0
2024-01-03 15:30:00-05:00,0.9046000242233276,0.9398000240325928,0.8799999952316284,0.902999997138977,161083,0.0,0.0
2024-01-04 09:30:00-05:00,0.8899999856948853,0.9901000261306763,0.8899999856948853,0.9599999785423279,101799,0.0,0.0
2024-01-04 10:30:00-05:00,0.9700009822845459,0.9800000190734863,0.949999988079071,0.9599999785423279,41966,0.0,0.0
2024-01-04 11:30:00-05:00,0.960099995136261,0.9810000061988831,0.949999988079071,0.9800000190734863,65791,0.0,0.0
2024-01-04 12:30:00-05:00,0.963699996471405,0.9800000190734863,0.9625999927520752,0.9667999744415283,5129,0.0,0.0
2024-01-04 13:30:00-05:00,0.967100977897644,0.9800000190734863,0.9624999761581421,0.9762499928474426,39157,0.0,0.0
2024-01-04 14:30:00-05:00,0.9750000238418579,1.0,0.9556000232696533,0.9900000095367432,24303,0.0,0.0
2024-01-04 15:30:00-05:00,0.9854999780654907,1.0,0.983299970626831,1.0,14103,0.0,0.0
2024-01-05 09:30:00-05:00,1.0199999809265137,1.0800000429153442,1.0199999809265137,1.0800000429153442,43418,0.0,0.0
2024-01-05 10:30:00-05:00,1.041200041770935,1.0800000429153442,1.0399999618530273,1.0499999523162842,9668,0.0,0.0
2024-01-05 11:30:00-05:00,1.0499999523162842,1.0700000524520874,1.0499999523162842,1.059999942779541,7806,0.0,0.0
2024-01-05 12:30:00-05:00,1.0499999523162842,1.0694999694824219,1.0499999523162842,1.0694999694824219,2348,0.0,0.0
2024-01-05 13:30:00-05:00,1.0700000524520874,1.100000023841858,1.0700000524520874,1.100000023841858,3114,0.0,0.0
2024-01-05 14:30:00-05:00,1.090000033378601,1.1299999952316284,1.0872000455856323,1.1200000047683716,21817,0.0,0.0
2024-01-05 15:30:00-05:00,1.100100040435791,1.1100000143051147,1.0299999713897705,1.059999942779541,28229,0.0,0.0
2024-01-08 09:30:00-05:00,1.0700000524520874,1.1200000047683716,1.0499999523162842,1.0950000286102295,99684,0.0,0.0
2024-01-08 10:30:00-05:00,1.100000023841858,1.1299999952316284,1.100000023841858,1.1299999952316284,6796,0.0,0.0
2024-01-08 11:30:00-05:00,1.1299999952316284,1.1497000455856323,1.1100000143051147,1.1361000537872314,26072,0.0,0.0
2024-01-08 12:30:00-05:00,1.100000023841858,1.1200000047683716,1.090000033378601,1.090000033378601,21276,0.0,0.0
2024-01-08 13:30:00-05:00,1.100000023841858,1.118899941444397,1.090000033378601,1.1050000190734863,41486,0.0,0.0
2024-01-08 14:30:00-05:00,1.1097999811172485,1.1097999811172485,1.0499999523162842,1.0800000429153442,42221,0.0,0.0
2024-01-08 15:30:00-05:00,1.0800000429153442,1.090000033378601,1.0800000429153442,1.090000033378601,3476,0.0,0.0
2024-01-09 09:30:00-05:00,1.100000023841858,1.100000023841858,1.059999942779541,1.062000036239624,30040,0.0,0.0
2024-01-09 10:30:00-05:00,1.0729999542236328,1.079800009727478,1.059999942779541,1.0700000524520874,2922,0.0,0.0
2024-01-09 11:30:00-05:00,1.0780999660491943,1.0780999660491943,1.059999942779541,1.065000057220459,16052,0.0,0.0
2024-01-09 12:30:00-05:00,1.065000057220459,1.0700000524520874,1.065000057220459,1.0700000524520874,5669,0.0,0.0
2024-01-09 13:30:00-05:00,1.0800000429153442,1.0800000429153442,1.063099980354309,1.0800000429153442,4161,0.0,0.0
2024-01-09 14:30:00-05:00,1.0800000429153442,1.0800000429153442,1.0800000429153442,1.0800000429153442,460,0.0,0.0
2024-01-09 15:30:00-05:00,1.059999942779541,1.0800000429153442,1.059999942779541,1.0720000267028809,0,0.0,0.0
2024-01-10 09:30:00-05:00,1.090000033378601,1.090000033378601,1.059999942779541,1.059999942779541,2425,0.0,0.0
2024-01-10 10:30:00-05:00,1.0700000524520874,1.0800000429153442,1.0499999523162842,1.0499999523162842,49809,0.0,0.0
2024-01-10 11:30:00-05:00,1.0527000427246094,1.059999942779541,1.0299999713897705,1.0499999523162842,12709,0.0,0.0
2024-01-10 12:30:00-05:00,1.0399999618530273,1.0499999523162842,1.0219999551773071,1.0499999523162842,2149,0.0,0.0
2024-01-10 13:30:00-05:00,1.0399999618530273,1.0499999523162842,1.030500054359436,1.030500054359436,2996,0.0,0.0
2024-01-10 14:30:00-05:00,1.0399999618530273,1.0399999618530273,1.0099999904632568,1.0299999713897705,21278,0.0,0.0
2024-01-10 15:30:00-05:00,1.0499999523162842,1.0499999523162842,1.0099999904632568,1.0099999904632568,15717,0.0,0.0
2024-01-11 09:30:00-05:00,1.0299999713897705,1.0549999475479126,0.9842000007629395,1.0199999809265137,19790,0.0,0.0
2024-01-11 10:30:00-05:00,1.0,1.0199999809265137,0.9799000024795532,0.9983000159263611,30127,0.0,0.0
2024-01-11 11:30:00-05:00,0.9900000095367432,0.9983000159263611,0.957099974155426,0.9700000286102295,7332,0.0,0.0
2024-01-11 12:30:00-05:00,0.9750999808311462,0.9983999729156494,0.970300018787384,0.9901999831199646,5437,0.0,0.0
2024-01-11 13:30:00-05:00,0.9901000261306763,0.9983999729156494,0.9800999760627747,0.9983999729156494,10488,0.0,0.0
2024-01-11 14:30:00-05:00,0.9825999736785889,0.9983000159263611,0.9661999940872192,0.9800000190734863,15170,0.0,0.0
2024-01-11 15:30:00-05:00,0.9725000262260437,0.9994999766349792,0.9599999785423279,0.9599999785423279,7654,0.0,0.0
2024-01-12 09:30:00-05:00,0.9800999760627747,1.0,0.9509999752044678,0.9850000143051147,14514,0.0,0.0
2024-01-12 10:30:00-05:00,0.9825000166893005,1.0,0.9553999900817871,0.9866999983787537,8342,0.0,0.0
2024-01-12 11:30:00-05:00,0.9866999983787537,0.9866999983787537,0.9700000286102295,0.9800000190734863,668,0.0,0.0
2024-01-12 12:30:00-05:00,0.9700000286102295,0.9866999983787537,0.9555000066757202,0.9555000066757202,22589,0.0,0.0
2024-01-12 13:30:00-05:00,0.9538000226020813,0.969199001789093,0.9502999782562256,0.9502999782562256,3798,0.0,0.0
2024-01-12 14:30:00-05:00,0.9501000046730042,0.9502999782562256,0.9100000262260437,0.9140999913215637,41103,0.0,0.0
2024-01-12 15:30:00-05:00,0.9100000262260437,0.9693999886512756,0.9100000262260437,0.9182000160217285,15308,0.0,0.0
2024-01-16 09:30:00-05:00,0.949999988079071,0.9800999760627747,0.9200999736785889,0.9514999985694885,16550,0.0,0.0
2024-01-16 10:30:00-05:00,0.9700000286102295,0.9700000286102295,0.9383000135421753,0.9383000135421753,6186,0.0,0.0
2024-01-16 11:30:00-05:00,0.9284999966621399,0.9493499994277954,0.9284999966621399,0.9493499994277954,924,0.0,0.0
2024-01-16 12:30:00-05:00,0.9405999779701233,0.9480000138282776,0.9405999779701233,0.9480000138282776,1640,0.0,0.0
2024-01-16 13:30:00-05:00,0.9409999847412109,0.9478999972343445,0.9399999976158142,0.9478999972343445,6055,0.0,0.0
2024-01-16 14:30:00-05:00,0.9409999847412109,0.9668999910354614,0.9401000142097473,0.9668999910354614,8218,0.0,0.0
2024-01-16 15:30:00-05:00,0.9452999830245972,0.9696000218391418,0.9399999976158142,0.9549999833106995,6452,0.0,0.0
2024-01-17 09:30:00-05:00,0.9900000095367432,0.9900000095367432,0.9599999785423279,0.9599999785423279,10011,0.0,0.0
2024-01-17 10:30:00-05:00,0.9900000095367432,0.9900000095367432,0.960099995136261,0.9682000279426575,1206,0.0,0.0
2024-01-17 11:30:00-05:00,0.9698989987373352,0.9699000120162964,0.949999988079071,0.9501000046730042,3000,0.0,0.0
2024-01-17 12:30:00-05:00,0.9501000046730042,0.97079998254776,0.9399999976158142,0.9399999976158142,10291,0.0,0.0
2024-01-17 13:30:00-05:00,0.9700000286102295,0.9700000286102295,0.9399999976158142,0.9547989964485168,5723,0.0,0.0
2024-01-17 14:30:00-05:00,0.9693999886512756,0.9695000052452087,0.9509000182151794,0.9509000182151794,2018,0.0,0.0
2024-01-17 15:30:00-05:00,0.9508000016212463,0.9599999785423279,0.9399999976158142,0.9555000066757202,0,0.0,0.0
2024-01-18 09:30:00-05:00,0.9599999785423279,0.9976000189781189,0.9501000046730042,0.9600009918212891,2333,0.0,0.0
2024-01-18 10:30:00-05:00,0.9599999785423279,0.9599999785423279,0.949999988079071,0.949999988079071,1886,0.0,0.0
2024-01-18 11:30:00-05:00,0.9593999981880188,0.9598000049591064,0.9138000011444092,0.9261000156402588,17995,0.0,0.0
2024-01-18 12:30:00-05:00,0.9261000156402588,0.9261000156402588,0.9100000262260437,0.9261000156402588,4431,0.0,0.0
2024-01-18 13:30:00-05:00,0.9100000262260437,0.9100000262260437,0.9100000262260437,0.9100000262260437,168,0.0,0.0
2024-01-18 14:30:00-05:00,0.9200000166893005,0.9261000156402588,0.9100000262260437,0.9261000156402588,9064,0.0,0.0
2024-01-18 15:30:00-05:00,0.9261000156402588,0.9300000071525574,0.9100000262260437,0.9152500033378601,13309,0.0,0.0
2024-01-19 09:30:00-05:00,0.9100000262260437,0.9111999869346619,0.8799999952316284,0.9111999869346619,18163,0.0,0.0
2024-01-19 10:30:00-05:00,0.9111999869346619,0.9300000071525574,0.9111999869346619,0.9298989772796631,2159,0.0,0.0
2024-01-19 11:30:00-05:00,0.9300000071525574,0.9300000071525574,0.9150009751319885,0.9300000071525574,772,0.0,0.0
2024-01-19 12:30:00-05:00,0.9150000214576721,0.9323999881744385,0.9150000214576721,0.9323999881744385,632,0.0,0.0
2024-01-19 13:30:00-05:00,0.9300000071525574,0.9300000071525574,0.9200000166893005,0.9200000166893005,3000,0.0,0.0
2024-01-19 14:30:00-05:00,0.9300000071525574,0.9300000071525574,0.9100000262260437,0.9300000071525574,3550,0.0,0.0
2024-01-19 15:30:00-05:00,0.9200000166893005,0.9200000166893005,0.902899980545044,0.9100000262260437,10437,0.0,0.0
2024-01-22 09:30:00-05:00,0.9100000262260437,0.949999988079071,0.9100000262260437,0.9200000166893005,1652,0.0,0.0
2024-01-22 10:30:00-05:00,0.9101999998092651,0.9352999925613403,0.9101999998092651,0.9352999925613403,1101,0.0,0.0
2024-01-22 11:30:00-05:00,0.9248999953269958,0.9248999953269958,0.8901000022888184,0.8901000022888184,10280,0.0,0.0
2024-01-22 12:30:00-05:00,0.9097999930381775,0.9097999930381775,0.8999999761581421,0.9097999930381775,1228,0.0,0.0
2024-01-22 13:30:00-05:00,0.8999999761581421,0.909500002861023,0.8799999952316284,0.8965330123901367,6510,0.0,0.0
2024-01-22 14:30:00-05:00,0.9049000144004822,0.9049000144004822,0.8999999761581421,0.8999999761581421,474,0.0,0.0
2024-01-22 15:30:00-05:00,0.8999999761581421,0.9248999953269958,0.8999999761581421,0.9200000166893005,4765,0.0,0.0
2024-01-23 09:30:00-05:00,0.9100000262260437,0.9800000190734863,0.9100000262260437,0.9800000190734863,27033,0.0,0.0
2024-01-23 10:30:00-05:00,0.9800000190734863,0.9800000190734863,0.942101001739502,0.942101001739502,2444,0.0,0.0
2024-01-23 11:30:00-05:00,0.9663000106811523,0.977400004863739,0.949999988079071,0.9599999785423279,17886,0.0,0.0
2024-01-23 12:30:00-05:00,0.9646999835968018,0.9793999791145325,0.9646999835968018,0.9650490283966064,0,0.0,0.0
2024-01-23 13:30:00-05:00,0.9700000286102295,0.9800000190734863,0.9602010250091553,0.9800000190734863,53703,0.0,0.0
2024-01-23 14:30:00-05:00,0.984000027179718,0.9890000224113464,0.9700000286102295,0.9700999855995178,8786,0.0,0.0
2024-01-23 15:30:00-05:00,0.9625999927520752,0.9800000190734863,0.9599999785423279,0.9700999855995178,4086,0.0,0.0
2024-01-24 09:30:00-05:00,0.9800000190734863,0.9890000224113464,0.9599999785423279,0.9829000234603882,8306,0.0,0.0
2024-01-24 10:30:00-05:00,0.9799000024795532,0.9799000024795532,0.9409999847412109,0.941100001335144,2694,0.0,0.0
2024-01-24 11:30:00-05:00,0.9498999714851379,0.9800000190734863,0.9459999799728394,0.9800000190734863,6785,0.0,0.0
2024-01-24 12:30:00-05:00,0.949999988079071,0.9797000288963318,0.949999988079071,0.949999988079071,1981,0.0,0.0
2024-01-24 14:30:00-05:00,0.949999988079071,0.9786999821662903,0.949999988079071,0.9786999821662903,1528,0.0,0.0
2024-01-24 15:30:00-05:00,0.9498000144958496,0.949999988079071,0.941100001335144,0.9463499784469604,1404,0.0,0.0
2024-01-25 09:30:00-05:00,0.9846000075340271,0.9900000095367432,0.9500010013580322,0.9500010013580322,1981,0.0,0.0
2024-01-25 10:30:00-05:00,0.9499989748001099,0.9599999785423279,0.9399999976158142,0.9399999976158142,3023,0.0,0.0
2024-01-25 11:30:00-05:00,0.9399999976158142,0.949999988079071,0.9100000262260437,0.9182000160217285,3385,0.0,0.0
2024-01-25 12:30:00-05:00,0.9168000221252441,0.9200000166893005,0.9168000221252441,0.9200000166893005,2835,0.0,0.0
2024-01-25 13:30:00-05:00,0.9228000044822693,0.9399999976158142,0.9200000166893005,0.9300000071525574,3798,0.0,0.0
2024-01-25 14:30:00-05:00,0.9294000267982483,0.9294000267982483,0.910099983215332,0.9200000166893005,6695,0.0,0.0
2024-01-25 15:30:00-05:00,0.9200000166893005,0.9294999837875366,0.9100000262260437,0.910099983215332,2045,0.0,0.0
2024-01-26 09:30:00-05:00,0.9200000166893005,0.9200000166893005,0.8899999856948853,0.8999999761581421,6498,0.0,0.0
2024-01-26 10:30:00-05:00,0.9025999903678894,0.9025999903678894,0.8801000118255615,0.8809999823570251,8105,0.0,0.0
2024-01-26 11:30:00-05:00,0.8810999989509583,0.8981999754905701,0.8799999952316284,0.8799999952316284,4211,0.0,0.0
2024-01-26 12:30:00-05:00,0.8849999904632568,0.8892999887466431,0.8845999836921692,0.8845999836921692,1106,0.0,0.0
2024-01-26 13:30:00-05:00,0.888700008392334,0.9043999910354614,0.8799999952316284,0.8901000022888184,13506,0.0,0.0
2024-01-26 14:30:00-05:00,0.8956900238990784,0.8971999883651733,0.8899999856948853,0.8899999856948853,2247,0.0,0.0
2024-01-26 15:30:00-05:00,0.8899999856948853,0.8899999856948853,0.8899999856948853,0.8899999856948853,528,0.0,0.0
2024-01-29 09:30:00-05:00,0.8899999856948853,0.9097989797592163,0.8899999856948853,0.8999999761581421,2262,0.0,0.0
2024-01-29 10:30:00-05:00,0.9023000001907349,0.9023000001907349,0.8899999856948853,0.8899999856948853,1868,0.0,0.0
2024-01-29 11:30:00-05:00,0.8899999856948853,0.9023000001907349,0.8899999856948853,0.9023000001907349,4025,0.0,0.0
2024-01-29 12:30:00-05:00,0.9023000001907349,0.9045000076293945,0.8902009725570679,0.8999999761581421,5395,0.0,0.0
2024-01-29 13:30:00-05:00,0.8999999761581421,0.9045000076293945,0.897350013256073,0.9045000076293945,7475,0.0,0.0
2024-01-29 14:30:00-05:00,0.9045000076293945,0.949999988079071,0.902999997138977,0.9300000071525574,8319,0.0,0.0
2024-01-29 15:30:00-05:00,0.9300000071525574,0.9599999785423279,0.9031000137329102,0.949999988079071,8964,0.0,0.0
2024-01-30 09:30:00-05:00,0.9300000071525574,0.9599999785423279,0.9100009799003601,0.9100009799003601,2134,0.0,0.0
2024-01-30 10:30:00-05:00,0.9399999976158142,0.9399999976158142,0.9300000071525574,0.9321489930152893,9435,0.0,0.0
2024-01-30 11:30:00-05:00,0.949999988079071,0.949999988079071,0.949999988079071,0.949999988079071,180,0.0,0.0
2024-01-30 13:30:00-05:00,0.9101009964942932,0.9300000071525574,0.8944000005722046,0.8987990021705627,14648,0.0,0.0
2024-01-30 14:30:00-05:00,0.8988999724388123,0.9200000166893005,0.8901000022888184,0.9100000262260437,7568,0.0,0.0
2024-01-30 15:30:00-05:00,0.910099983215332,0.910099983215332,0.9100000262260437,0.910099983215332,10554,0.0,0.0
2024-01-31 09:30:00-05:00,0.910099983215332,0.934656023979187,0.910099983215332,0.934656023979187,1898,0.0,0.0
2024-01-31 10:30:00-05:00,0.9315959811210632,0.9315959811210632,0.9300000071525574,0.9300000071525574,274,0.0,0.0
2024-01-31 11:30:00-05:00,0.9300000071525574,0.9391999840736389,0.9300000071525574,0.9391999840736389,283,0.0,0.0
2024-01-31 12:30:00-05:00,0.9300000071525574,0.9300000071525574,0.9300000071525574,0.9300000071525574,109,0.0,0.0
2024-01-31 13:30:00-05:00,0.9384999871253967,0.9384999871253967,0.9300000071525574,0.9348000288009644,1636,0.0,0.0
2024-01-31 14:30:00-05:00,0.9301000237464905,0.9348000288009644,0.9300000071525574,0.9301000237464905,10469,0.0,0.0
2024-01-31 15:30:00-05:00,0.9301000237464905,0.9301000237464905,0.9300000071525574,0.9300000071525574,2167,0.0,0.0
2024-02-01 09:30:00-05:00,0.9300000071525574,0.9599999785423279,0.9200999736785889,0.9599999785423279,10834,0.0,0.0
2024-02-01 10:30:00-05:00,0.9599999785423279,0.9599999785423279,0.9101009964942932,0.9101009964942932,21325,0.0,0.0
2024-02-01 11:30:00-05:00,0.9200000166893005,0.9200000166893005,0.9200000166893005,0.9200000166893005,315,0.0,0.0
2024-02-01 12:30:00-05:00,0.9300000071525574,0.9350000023841858,0.8999999761581421,0.9350000023841858,9126,0.0,0.0
2024-02-01 13:30:00-05:00,0.9348999857902527,0.9348999857902527,0.9348999857902527,0.9348999857902527,1500,0.0,0.0
2024-02-01 14:30:00-05:00,0.910099983215332,0.910099983215332,0.910099983215332,0.910099983215332,2336,0.0,0.0
2024-02-01 15:30:00-05:00,0.9350000023841858,0.9350000023841858,0.9067000150680542,0.9067000150680542,4816,0.0,0.0
2024-02-02 09:30:00-05:00,0.9154999852180481,0.9200000166893005,0.9154999852180481,0.9200000166893005,844,0.0,0.0
2024-02-02 10:30:00-05:00,0.9200000166893005,0.9297000169754028,0.9200000166893005,0.9248999953269958,853,0.0,0.0
2024-02-02 11:30:00-05:00,0.9200000166893005,0.9300000071525574,0.9010000228881836,0.9200000166893005,14844,0.0,0.0
2024-02-02 12:30:00-05:00,0.921999990940094,0.921999990940094,0.9010000228881836,0.9010000228881836,1751,0.0,0.0
2024-02-02 13:30:00-05:00,0.9100000262260437,0.9199000000953674,0.9050999879837036,0.9050999879837036,685,0.0,0.0
2024-02-02 14:30:00-05:00,0.9300000071525574,0.9300000071525574,0.9100000262260437,0.9169999957084656,1213,0.0,0.0
2024-02-02 15:30:00-05:00,0.9300000071525574,0.9300000071525574,0.8999999761581421,0.9052000045776367,14847,0.0,0.0
2024-02-05 09:30:00-05:00,0.8999999761581421,0.8999999761581421,0.8600000143051147,0.8700000047683716,27790,0.0,0.0
2024-02-05 10:30:00-05:00,0.8795999884605408,0.8795999884605408,0.8600000143051147,0.8794999718666077,2549,0.0,0.0
2024-02-05 11:30:00-05:00,0.8790000081062317,0.8799999952316284,0.8519999980926514,0.8519999980926514,18942,0.0,0.0
2024-02-05 12:30:00-05:00,0.8500000238418579,0.8519999980926514,0.8500000238418579,0.8500999808311462,4059,0.0,0.0
2024-02-05 13:30:00-05:00,0.8500999808311462,0.8619999885559082,0.8500999808311462,0.8600999712944031,4731,0.0,0.0
2024-02-05 14:30:00-05:00,0.8601999878883362,0.8618999719619751,0.8287000060081482,0.8407999873161316,32804,0.0,0.0
2024-02-05 15:30:00-05:00,0.8567000031471252,0.8567000031471252,0.824999988079071,0.824999988079071,0,0.0,0.0
2024-02-06 09:30:00-05:00,0.861299991607666,0.8695999979972839,0.8499000072479248,0.8644000291824341,3877,0.0,0.0
2024-02-06 10:30:00-05:00,0.8651000261306763,0.8799999952316284,0.8499000072479248,0.8609009981155396,9617,0.0,0.0
2024-02-06 11:30:00-05:00,0.86080002784729,0.8611999750137329,0.8399999737739563,0.8500999808311462,8547,0.0,0.0
2024-02-06 12:30:00-05:00,0.8500999808311462,0.8651999831199646,0.8500000238418579,0.8500999808311462,2065,0.0,0.0
2024-02-06 13:30:00-05:00,0.8500000238418579,0.8500000238418579,0.8399999737739563,0.8414999842643738,1302,0.0,0.0
2024-02-06 14:30:00-05:00,0.8425999879837036,0.8511999845504761,0.8399999737739563,0.8511000275611877,3178,0.0,0.0
2024-02-06 15:30:00-05:00,0.8500999808311462,0.8672000169754028,0.8500999808311462,0.8550500273704529,0,0.0,0.0
2024-02-07 09:30:00-05:00,0.8399999737739563,0.8690000176429749,0.8399999737739563,0.8648999929428101,3865,0.0,0.0
2024-02-07 10:30:00-05:00,0.8610000014305115,0.8790000081062317,0.8561009764671326,0.8561009764671326,9046,0.0,0.0
2024-02-07 11:30:00-05:00,0.8634999990463257,0.8709999918937683,0.8560000061988831,0.8572999835014343,4642,0.0,0.0
2024-02-07 12:30:00-05:00,0.8709999918937683,0.8709999918937683,0.855201005935669,0.855201005935669,4336,0.0,0.0
2024-02-07 13:30:00-05:00,0.8709999918937683,0.925000011920929,0.8550999760627747,0.879800021648407,93891,0.0,0.0
2024-02-07 14:30:00-05:00,0.879800021648407,0.8798999786376953,0.8629000186920166,0.8790000081062317,10606,0.0,0.0
2024-02-07 15:30:00-05:00,0.8648999929428101,0.8788999915122986,0.8610000014305115,0.8610000014305115,1314,0.0,0.0
2024-02-08 09:30:00-05:00,0.8500000238418579,0.8502709865570068,0.8109999895095825,0.8120999932289124,28205,0.0,0.0
2024-02-08 10:30:00-05:00,0.8199999928474426,0.8399999737739563,0.8130000233650208,0.8180000185966492,19174,0.0,0.0
2024-02-08 11:30:00-05:00,0.8274999856948853,0.8500000238418579,0.8274999856948853,0.8399999737739563,5262,0.0,0.0
2024-02-08 12:30:00-05:00,0.8399999737739563,0.8607000112533569,0.8399999737739563,0.8399999737739563,3285,0.0,0.0
2024-02-08 13:30:00-05:00,0.8399999737739563,0.8700000047683716,0.8399999737739563,0.8700000047683716,818,0.0,0.0
2024-02-08 14:30:00-05:00,0.8700000047683716,0.8899999856948853,0.8600000143051147,0.8899999856948853,5524,0.0,0.0
2024-02-08 15:30:00-05:00,0.8569499850273132,0.8924000263214111,0.8569499850273132,0.8924000263214111,732,0.0,0.0
2024-02-09 09:30:00-05:00,0.8507000207901001,0.8600000143051147,0.8281000256538391,0.8281000256538391,0,0.0,0.0
2024-02-09 10:30:00-05:00,0.8399999737739563,0.875,0.8399999737739563,0.8600000143051147,830,0.0,0.0
2024-02-09 11:30:00-05:00,0.875,0.8899999856948853,0.8698999881744385,0.8698999881744385,1622,0.0,0.0
2024-02-09 12:30:00-05:00,0.8700000047683716,0.9200000166893005,0.8700000047683716,0.9200000166893005,8694,0.0,0.0
2024-02-09 13:30:00-05:00,0.9200000166893005,0.9399999976158142,0.9200000166893005,0.9200000166893005,2333,0.0,0.0
2024-02-09 14:30:00-05:00,0.9102500081062317,0.9298999905586243,0.9004999995231628,0.9100000262260437,3445,0.0,0.0
2024-02-09 15:30:00-05:00,0.921999990940094,0.925000011920929,0.8999999761581421,0.925000011920929,12725,0.0,0.0
2024-02-12 09:30:00-05:00,0.9200000166893005,0.9200000166893005,0.8999999761581421,0.8999999761581421,5300,0.0,0.0
2024-02-12 10:30:00-05:00,0.9348999857902527,0.9498999714851379,0.9000999927520752,0.9498999714851379,4176,0.0,0.0
2024-02-12 11:30:00-05:00,0.945900022983551,0.949999988079071,0.9157000184059143,0.9157000184059143,4595,0.0,0.0
2024-02-12 12:30:00-05:00,0.9498999714851379,0.9498999714851379,0.9300000071525574,0.9300000071525574,598,0.0,0.0
2024-02-12 13:30:00-05:00,0.9300000071525574,0.9671000242233276,0.9300000071525574,0.958549976348877,6106,0.0,0.0
2024-02-12 14:30:00-05:00,0.949999988079071,0.9699000120162964,0.949999988079071,0.9578999876976013,3813,0.0,0.0
2024-02-12 15:30:00-05:00,0.949999988079071,0.9900000095367432,0.949999988079071,0.9505000114440918,4279,0.0,0.0
2024-02-13 09:30:00-05:00,0.9700000286102295,0.9900000095367432,0.9506000280380249,0.9506000280380249,4660,0.0,0.0
2024-02-13 10:30:00-05:00,0.9700000286102295,1.0,0.9505000114440918,0.9599999785423279,21195,0.0,0.0
2024-02-13 11:30:00-05:00,0.964900016784668,0.9700000286102295,0.9599999785423279,0.9599999785423279,8764,0.0,0.0
2024-02-13 12:30:00-05:00,0.9700000286102295,0.9700000286102295,0.960099995136261,0.9700000286102295,511,0.0,0.0
2024-02-13 13:30:00-05:00,0.9700000286102295,1.0,0.9700000286102295,0.9800000190734863,12392,0.0,0.0
2024-02-13 14:30:00-05:00,0.9998999834060669,1.0099999904632568,0.9800000190734863,0.9825000166893005,19368,0.0,0.0
2024-02-13 15:30:00-05:00,0.9800000190734863,1.0,0.9700000286102295,0.9700000286102295,12215,0.0,0.0
2024-02-14 09:30:00-05:00,1.0,1.0,0.949999988079071,0.9900000095367432,39060,0.0,0.0
2024-02-14 10:30:00-05:00,1.0,1.0169999599456787,0.9735000133514404,1.0169999599456787,776,0.0,0.0
2024-02-14 11:30:00-05:00,0.9900000095367432,0.9901000261306763,0.9900000095367432,0.9901000261306763,2138,0.0,0.0
2024-02-14 12:30:00-05:00,0.9901000261306763,1.0,0.9900000095367432,0.9900000095367432,4382,0.0,0.0
2024-02-14 13:30:00-05:00,0.9800500273704529,0.9800500273704529,0.9700000286102295,0.9800500273704529,4400,0.0,0.0
2024-02-14 14:30:00-05:00,0.9800999760627747,0.9800999760627747,0.9795479774475098,0.9795479774475098,3105,0.0,0.0
2024-02-14 15:30:00-05:00,0.9800000190734863,0.9901000261306763,0.9767339825630188,0.9900000095367432,2468,0.0,0.0
2024-02-15 09:30:00-05:00,0.9603999853134155,0.988099992275238,0.9603999853134155,0.988099992275238,2196,0.0,0.0
2024-02-15 10:30:00-05:00,0.9871000051498413,0.9871000051498413,0.9537000060081482,0.9681000113487244,5611,0.0,0.0
2024-02-15 11:30:00-05:00,0.9660999774932861,0.9660999774932861,0.9641000032424927,0.9641000032424927,1063,0.0,0.0
2024-02-15 12:30:00-05:00,0.9621000289916992,0.9621000289916992,0.9562000036239624,0.9562000036239624,1967,0.0,0.0
2024-02-15 13:30:00-05:00,0.9560999870300293,0.9562000036239624,0.9363999962806702,0.954101026058197,6788,0.0,0.0
2024-02-15 14:30:00-05:00,0.9531999826431274,0.97079998254776,0.9521999955177307,0.9693999886512756,16839,0.0,0.0
2024-02-15 15:30:00-05:00,0.9682000279426575,0.9682000279426575,0.9660999774932861,0.9660999774932861,0,0.0,0.0
2024-02-16 09:30:00-05:00,0.9829000234603882,1.0299999713897705,0.9681000113487244,0.9900000095367432,29398,0.0,0.0
2024-02-16 10:30:00-05:00,0.9900000095367432,0.9900000095367432,0.9900000095367432,0.9900000095367432,621,0.0,0.0
2024-02-16 11:30:00-05:00,0.9900000095367432,1.0299999713897705,0.9900000095367432,1.0099999904632568,1426,0.0,0.0
2024-02-16 12:30:00-05:00,1.0199999809265137,1.0700000524520874,1.0,1.0551999807357788,34029,0.0,0.0
2024-02-16 13:30:00-05:00,1.0499999523162842,1.0800000429153442,1.0499999523162842,1.062000036239624,16102,0.0,0.0
2024-02-16 14:30:00-05:00,1.059999942779541,1.0800000429153442,1.059999942779541,1.0700000524520874,15358,0.0,0.0
2024-02-16 15:30:00-05:00,1.0700000524520874,1.0700000524520874,1.0099999904632568,1.0499999523162842,12021,0.0,0.0
2024-02-20 09:30:00-05:00,1.059999942779541,1.059999942779541,1.0199999809265137,1.0595999956130981,36410,0.0,0.0
2024-02-20 10:30:00-05:00,1.059999942779541,1.059999942779541,1.0299999713897705,1.0399999618530273,2429,0.0,0.0
2024-02-20 11:30:00-05:00,1.0300999879837036,1.059999942779541,1.0199999809265137,1.059999942779541,5892,0.0,0.0
2024-02-20 12:30:00-05:00,1.0276999473571777,1.0399999618530273,1.0276999473571777,1.0399999618530273,549,0.0,0.0
2024-02-20 13:30:00-05:00,1.0398999452590942,1.0399999618530273,1.0398999452590942,1.0399999618530273,1052,0.0,0.0
2024-02-20 14:30:00-05:00,1.0299999713897705,1.0299999713897705,1.0299999713897705,1.0299999713897705,475,0.0,0.0
2024-02-20 15:30:00-05:00,1.0123000144958496,1.0399999618530273,1.01010000705719,1.024999976158142,0,0.0,0.0
2024-02-21 09:30:00-05:00,1.0499999523162842,1.0800000429153442,1.0299999713897705,1.0700000524520874,25928,0.0,0.0
2024-02-21 10:30:00-05:00,1.0609999895095825,1.0609999895095825,1.0509999990463257,1.059999942779541,2652,0.0,0.0
2024-02-21 11:30:00-05:00,1.0700000524520874,1.0700000524520874,1.0699000358581543,1.0699000358581543,331,0.0,0.0
2024-02-21 12:30:00-05:00,1.0506999492645264,1.0800000429153442,1.0506999492645264,1.0799000263214111,4863,0.0,0.0
2024-02-21 13:30:00-05:00,1.0700000524520874,1.090000033378601,1.0700000524520874,1.0800000429153442,11812,0.0,0.0
2024-02-21 14:30:00-05:00,1.072700023651123,1.090000033378601,1.0621000528335571,1.0751999616622925,6031,0.0,0.0
2024-02-21 15:30:00-05:00,1.0622999668121338,1.0800000429153442,1.0622999668121338,1.0750000476837158,1552,0.0,0.0
2024-02-22 09:30:00-05:00,1.090000033378601,1.090000033378601,1.0399999618530273,1.0399999618530273,15517,0.0,0.0
2024-02-22 10:30:00-05:00,1.059999942779541,1.065000057220459,1.0499999523162842,1.065000057220459,2272,0.0,0.0
2024-02-22 11:30:00-05:00,1.0556000471115112,1.059999942779541,1.0499999523162842,1.0499999523162842,854,0.0,0.0
2024-02-22 12:30:00-05:00,1.0509999990463257,1.0800000429153442,1.0499999523162842,1.0800000429153442,14979,0.0,0.0
2024-02-22 13:30:00-05:00,1.0674999952316284,1.0700000524520874,1.0651999711990356,1.0651999711990356,4178,0.0,0.0
2024-02-22 14:30:00-05:00,1.0680999755859375,1.149999976158142,1.0651999711990356,1.149999976158142,55713,0.0,0.0
2024-02-22 15:30:00-05:00,1.159999966621399,1.159999966621399,1.100000023841858,1.1467000246047974,0,0.0,0.0
2024-02-23 09:30:00-05:00,1.159999966621399,1.25,1.149999976158142,1.1500999927520752,54978,0.0,0.0
2024-02-23 10:30:00-05:00,1.2199000120162964,1.2300000190734863,1.204800009727478,1.2300000190734863,13922,0.0,0.0
2024-02-23 11:30:00-05:00,1.2200000286102295,1.25,1.159999966621399,1.219099998474121,45328,0.0,0.0
2024-02-23 12:30:00-05:00,1.2200000286102295,1.2400000095367432,1.2000000476837158,1.2000000476837158,4708,0.0,0.0
2024-02-23 13:30:00-05:00,1.2036999464035034,1.25,1.2036999464035034,1.2400000095367432,10248,0.0,0.0
2024-02-23 14:30:00-05:00,1.2400000095367432,1.350000023841858,1.23989999294281,1.340000033378601,45977,0.0,0.0
2024-02-23 15:30:00-05:00,1.2999999523162842,1.2999999523162842,1.2690999507904053,1.2899999618530273,25231,0.0,0.0
2024-02-26 09:30:00-05:00,1.2999999523162842,1.3300000429153442,1.2699999809265137,1.2899999618530273,14250,0.0,0.0
2024-02-26 10:30:00-05:00,1.2730000019073486,1.2730000019073486,1.2201000452041626,1.2400000095367432,19696,0.0,0.0
2024-02-26 11:30:00-05:00,1.2200000286102295,1.2200000286102295,1.2000000476837158,1.2000000476837158,9886,0.0,0.0
2024-02-26 12:30:00-05:00,1.2117999792099,1.2134000062942505,1.1799999475479126,1.1830999851226807,8241,0.0,0.0
2024-02-26 13:30:00-05:00,1.1799999475479126,1.1799999475479126,1.1305999755859375,1.159999966621399,10818,0.0,0.0
2024-02-26 14:30:00-05:00,1.159999966621399,1.1698999404907227,1.149999976158142,1.1649999618530273,17728,0.0,0.0
2024-02-26 15:30:00-05:00,1.1799999475479126,1.2100000381469727,1.1699999570846558,1.2000000476837158,15672,0.0,0.0
2024-02-27 09:30:00-05:00,1.2200000286102295,1.2799999713897705,1.1986000537872314,1.2200000286102295,18669,0.0,0.0
2024-02-27 10:30:00-05:00,1.2300000190734863,1.2388999462127686,1.2300000190734863,1.2300000190734863,1855,0.0,0.0
2024-02-27 11:30:00-05:00,1.2400000095367432,1.2599999904632568,1.235700011253357,1.2599999904632568,7929,0.0,0.0
2024-02-27 12:30:00-05:00,1.2699999809265137,1.339900016784668,1.2699999809265137,1.320099949836731,17802,0.0,0.0
2024-02-27 13:30:00-05:00,1.3200000524520874,1.3200000524520874,1.2201000452041626,1.2201000452041626,5086,0.0,0.0
2024-02-27 14:30:00-05:00,1.2699999809265137,1.2699999809265137,1.25,1.2594000101089478,6759,0.0,0.0
2024-02-27 15:30:00-05:00,1.2599999904632568,1.2799999713897705,1.2529000043869019,1.2798999547958374,2495,0.0,0.0
2024-02-28 09:30:00-05:00,1.25,1.25,1.2200000286102295,1.2200000286102295,10723,0.0,0.0
2024-02-28 10:30:00-05:00,1.2200000286102295,1.2200000286102295,1.2079999446868896,1.2079999446868896,1354,0.0,0.0
2024-02-28 11:30:00-05:00,1.2200000286102295,1.2200000286102295,1.2200000286102295,1.2200000286102295,180,0.0,0.0
2024-02-28 12:30:00-05:00,1.2101000547409058,1.2200000286102295,1.2101000547409058,1.2200000286102295,6371,0.0,0.0
2024-02-28 13:30:00-05:00,1.2200000286102295,1.2217999696731567,1.2200000286102295,1.2217999696731567,5550,0.0,0.0
2024-02-28 14:30:00-05:00,1.2315000295639038,1.25,1.2315000295639038,1.25,4022,0.0,0.0
2024-02-28 15:30:00-05:00,1.2599999904632568,1.2699999809265137,1.2599999904632568,1.2699999809265137,900,0.0,0.0
2024-02-29 09:30:00-05:00,1.2178000211715698,1.225000023841858,1.2100000381469727,1.2200000286102295,10844,0.0,0.0
2024-02-29 10:30:00-05:00,1.2353999614715576,1.2353999614715576,1.2353999614715576,1.2353999614715576,414,0.0,0.0
2024-02-29 11:30:00-05:00,1.225000023841858,1.2400000095367432,1.225000023841858,1.2400000095367432,224,0.0,0.0
2024-02-29 13:30:00-05:00,1.2229000329971313,1.2229000329971313,1.2100000381469727,1.2101000547409058,1963,0.0,0.0
2024-02-29 14:30:00-05:00,1.2200000286102295,1.2200000286102295,1.2200000286102295,1.2200000286102295,215,0.0,0.0
2024-02-29 15:30:00-05:00,1.2300000190734863,1.2400000095367432,1.2300000190734863,1.2400000095367432,1066,0.0,0.0
2024-03-01 09:30:00-05:00,1.2200000286102295,1.2350000143051147,1.2101000547409058,1.2101000547409058,4474,0.0,0.0
2024-03-01 10:30:00-05:00,1.2110999822616577,1.23989999294281,1.1800999641418457,1.1800999641418457,3230,0.0,0.0
2024-03-01 11:30:00-05:00,1.2100000381469727,1.2100000381469727,1.2050000429153442,1.2050000429153442,1792,0.0,0.0
2024-03-01 12:30:00-05:00,1.190000057220459,1.2300000190734863,1.1799999475479126,1.2200000286102295,10942,0.0,0.0
2024-03-01 13:30:00-05:00,1.2200000286102295,1.2200000286102295,1.2000000476837158,1.2050000429153442,1376,0.0,0.0
2024-03-01 14:30:00-05:00,1.2000000476837158,1.2300000190734863,1.2000000476837158,1.2000000476837158,3746,0.0,0.0
2024-03-01 15:30:00-05:00,1.2000000476837158,1.2300000190734863,1.2000000476837158,1.215000033378601,3601,0.0,0.0
2024-03-04 09:30:00-05:00,1.190000057220459,1.2200000286102295,1.190000057220459,1.2200000286102295,4332,0.0,0.0
2024-03-04 10:30:00-05:00,1.2476999759674072,1.2476999759674072,1.2200000286102295,1.2200000286102295,903,0.0,0.0
2024-03-04 11:30:00-05:00,1.2300000190734863,1.2300000190734863,1.2200000286102295,1.2200000286102295,1297,0.0,0.0
2024-03-04 12:30:00-05:00,1.2200000286102295,1.2300000190734863,1.2200000286102295,1.2300000190734863,2302,0.0,0.0
2024-03-04 14:30:00-05:00,1.2100000381469727,1.2102999687194824,1.2000000476837158,1.2044999599456787,4912,0.0,0.0
2024-03-04 15:30:00-05:00,1.2200000286102295,1.2300000190734863,1.2200000286102295,1.2300000190734863,6906,0.0,0.0
2024-03-05 09:30:00-05:00,1.2000000476837158,1.25,1.2000000476837158,1.225000023841858,6050,0.0,0.0
2024-03-05 10:30:00-05:00,1.2348999977111816,1.2348999977111816,1.2102999687194824,1.2258000373840332,2661,0.0,0.0
2024-03-05 11:30:00-05:00,1.2101000547409058,1.2101000547409058,1.2000000476837158,1.2100000381469727,301,0.0,0.0
2024-03-05 12:30:00-05:00,1.2000000476837158,1.2000000476837158,1.2000000476837158,1.2000000476837158,1051,0.0,0.0
2024-03-05 13:30:00-05:00,1.2000000476837158,1.2000000476837158,1.2000000476837158,1.2000000476837158,504,0.0,0.0
2024-03-05 15:30:00-05:00,1.2000999450683594,1.2100000381469727,1.2000999450683594,1.2100000381469727,6430,0.0,0.0
2024-03-06 09:30:00-05:00,1.183500051498413,1.2400000095367432,1.183500051498413,1.2000000476837158,10543,0.0,0.0
2024-03-06 10:30:00-05:00,1.1886999607086182,1.2000000476837158,1.1886999607086182,1.2000000476837158,0,0.0,0.0
2024-03-06 11:30:00-05:00,1.1799999475479126,1.2100000381469727,1.1799999475479126,1.190000057220459,1729,0.0,0.0
2024-03-06 12:30:00-05:00,1.1799999475479126,1.1885000467300415,1.1799999475479126,1.1805000305175781,3838,0.0,0.0
2024-03-06 13:30:00-05:00,1.190000057220459,1.190000057220459,1.190000057220459,1.190000057220459,4778,0.0,0.0
2024-03-06 14:30:00-05:00,1.1799999475479126,1.1799999475479126,1.1799999475479126,1.1799999475479126,4536,0.0,0.0
2024-03-06 15:30:00-05:00,1.190000057220459,1.190000057220459,1.1799999475479126,1.190000057220459,22615,0.0,0.0
2024-03-07 09:30:00-05:00,1.159999966621399,1.159999966621399,1.1299999952316284,1.149999976158142,0,0.0,0.0
2024-03-07 10:30:00-05:00,1.149999976158142,1.149999976158142,1.149999976158142,1.149999976158142,1027,0.0,0.0
2024-03-07 11:30:00-05:00,1.1349999904632568,1.1349999904632568,1.1299999952316284,1.1299999952316284,2061,0.0,0.0
2024-03-07 12:30:00-05:00,1.1200000047683716,1.149999976158142,1.1200000047683716,1.149999976158142,2472,0.0,0.0
2024-03-07 13:30:00-05:00,1.149999976158142,1.149999976158142,1.149999976158142,1.149999976158142,503,0.0,0.0
2024-03-07 14:30:00-05:00,1.149999976158142,1.190000057220459,1.149999976158142,1.1699999570846558,1448,0.0,0.0
2024-03-07 15:30:00-05:00,1.159999966621399,1.1799999475479126,1.149999976158142,1.149999976158142,1702,0.0,0.0
2024-03-08 09:30:00-05:00,1.1399999856948853,1.159999966621399,1.1299999952316284,1.1404999494552612,15954,0.0,0.0
2024-03-08 10:30:00-05:00,1.1299999952316284,1.1399999856948853,1.1200000047683716,1.1301000118255615,8185,0.0,0.0
2024-03-08 11:30:00-05:00,1.145300030708313,1.145300030708313,1.1299999952316284,1.1299999952316284,5388,0.0,0.0
2024-03-08 12:30:00-05:00,1.149999976158142,1.149999976158142,1.149999976158142,1.149999976158142,783,0.0,0.0
2024-03-08 13:30:00-05:00,1.159999966621399,1.159999966621399,1.1399999856948853,1.1399999856948853,748,0.0,0.0
2024-03-08 14:30:00-05:00,1.1299999952316284,1.1299999952316284,1.1200000047683716,1.1200000047683716,1549,0.0,0.0
2024-03-08 15:30:00-05:00,1.1100000143051147,1.125,1.0800000429153442,1.090000033378601,6943,0.0,0.0
2024-03-11 09:30:00-04:00,1.090000033378601,1.100000023841858,1.0800000429153442,1.090000033378601,0,0.0,0.0
2024-03-11 10:30:00-04:00,1.0700000524520874,1.090000033378601,1.0700000524520874,1.0750000476837158,957,0.0,0.0
2024-03-11 11:30:00-04:00,1.090000033378601,1.090000033378601,1.0499999523162842,1.0499999523162842,1023,0.0,0.0
2024-03-11 12:30:00-04:00,1.0400999784469604,1.0700000524520874,1.0399999618530273,1.065000057220459,1043,0.0,0.0
2024-03-11 13:30:00-04:00,1.0800000429153442,1.0800000429153442,1.0299999713897705,1.0800000429153442,9585,0.0,0.0
2024-03-11 14:30:00-04:00,1.0700000524520874,1.0700000524520874,1.0700000524520874,1.0700000524520874,544,0.0,0.0
2024-03-11 15:30:00-04:00,1.0800000429153442,1.0800000429153442,1.0499999523162842,1.059999942779541,3761,0.0,0.0
2024-03-12 09:30:00-04:00,1.059999942779541,1.0800000429153442,1.0199999809265137,1.0299999713897705,5610,0.0,0.0
2024-03-12 10:30:00-04:00,1.059999942779541,1.090000033378601,1.0199999809265137,1.090000033378601,1950,0.0,0.0
2024-03-12 11:30:00-04:00,1.059999942779541,1.059999942779541,1.0399999618530273,1.0399999618530273,5115,0.0,0.0
2024-03-12 12:30:00-04:00,1.0750000476837158,1.0750000476837158,1.0399999618530273,1.0399999618530273,1220,0.0,0.0
2024-03-12 13:30:00-04:00,1.0299999713897705,1.0499999523162842,1.0198999643325806,1.024999976158142,3500,0.0,0.0
2024-03-12 14:30:00-04:00,1.0399999618530273,1.0399999618530273,1.010699987411499,1.0199999809265137,5381,0.0,0.0
2024-03-12 15:30:00-04:00,1.0199999809265137,1.034999966621399,1.0099999904632568,1.0099999904632568,2494,0.0,0.0
2024-03-13 09:30:00-04:00,1.0199999809265137,1.0399999618530273,1.0199999809265137,1.0399999618530273,780,0.0,0.0
2024-03-13 10:30:00-04:00,1.0399999618530273,1.0399999618530273,1.0199999809265137,1.0374000072479248,1668,0.0,0.0
2024-03-13 11:30:00-04:00,1.0299999713897705,1.0449999570846558,1.0298999547958374,1.0449999570846558,13449,0.0,0.0
2024-03-13 12:30:00-04:00,1.0300999879837036,1.0499999523162842,1.0199999809265137,1.0199999809265137,626,0.0,0.0
2024-03-13 13:30:00-04:00,1.0199999809265137,1.0499999523162842,1.0099999904632568,1.0399999618530273,6533,0.0,0.0
2024-03-13 14:30:00-04:00,1.0399999618530273,1.059999942779541,1.0333000421524048,1.0399999618530273,2386,0.0,0.0
2024-03-13 15:30:00-04:00,1.0399999618530273,1.059999942779541,1.0299999713897705,1.0299999713897705,3313,0.0,0.0
2024-03-14 09:30:00-04:00,1.0844000577926636,1.0844000577926636,1.0700000524520874,1.0700000524520874,2027,0.0,0.0
2024-03-14 11:30:00-04:00,1.059999942779541,1.059999942779541,1.0399999618530273,1.0399999618530273,533,0.0,0.0
2024-03-14 12:30:00-04:00,1.0418000221252441,1.0418000221252441,1.0,1.0199999809265137,14589,0.0,0.0
2024-03-14 13:30:00-04:00,1.0099999904632568,1.0199999809265137,1.0,1.0199999809265137,5971,0.0,0.0
2024-03-14 14:30:00-04:00,1.0099999904632568,1.0199999809265137,1.0,1.0130000114440918,8082,0.0,0.0
2024-03-14 15:30:00-04:00,1.007699966430664,1.0299999713897705,1.0,1.0299999713897705,6082,0.0,0.0
2024-03-15 10:30:00-04:00,1.0300999879837036,1.0300999879837036,1.0300999879837036,1.0300999879837036,885,0.0,0.0
2024-03-15 11:30:00-04:00,1.0399999618530273,1.059999942779541,1.0399999618530273,1.059999942779541,3282,0.0,0.0
2024-03-15 12:30:00-04:00,1.059999942779541,1.0800000429153442,1.059999942779541,1.0800000429153442,881,0.0,0.0
2024-03-15 13:30:00-04:00,1.0499999523162842,1.0700000524520874,1.0499999523162842,1.0700000524520874,249,0.0,0.0
2024-03-15 14:30:00-04:00,1.0602999925613403,1.065000057220459,1.0499999523162842,1.065000057220459,3217,0.0,0.0
2024-03-15 15:30:00-04:00,1.0499999523162842,1.0499999523162842,1.034999966621399,1.0499999523162842,1844,0.0,0.0
2024-03-18 09:30:00-04:00,1.059999942779541,1.1200000047683716,1.059999942779541,1.1100000143051147,1310,0.0,0.0
2024-03-18 10:30:00-04:00,1.1299999952316284,1.1299999952316284,1.1100000143051147,1.1100000143051147,1552,0.0,0.0
2024-03-18 11:30:00-04:00,1.090000033378601,1.090000033378601,1.090000033378601,1.090000033378601,452,0.0,0.0
2024-03-18 12:30:00-04:00,1.100000023841858,1.100000023841858,1.059999942779541,1.0759999752044678,6999,0.0,0.0
2024-03-18 13:30:00-04:00,1.0664000511169434,1.0800000429153442,1.059999942779541,1.0800000429153442,3504,0.0,0.0
2024-03-18 14:30:00-04:00,1.0800000429153442,1.0800000429153442,1.0527000427246094,1.0800000429153442,1702,0.0,0.0
2024-03-18 15:30:00-04:00,1.0800000429153442,1.0800000429153442,1.0800000429153442,1.0800000429153442,787,0.0,0.0
2024-03-19 09:30:00-04:00,1.0800000429153442,1.100000023841858,1.0621999502182007,1.100000023841858,2361,0.0,0.0
2024-03-19 11:30:00-04:00,1.1197999715805054,1.1200000047683716,1.0850000381469727,1.1100000143051147,6457,0.0,0.0
2024-03-19 12:30:00-04:00,1.1200000047683716,1.1200000047683716,1.1139999628067017,1.1139999628067017,597,0.0,0.0
2024-03-19 13:30:00-04:00,1.1200000047683716,1.1399999856948853,1.1200000047683716,1.1399999856948853,1038,0.0,0.0
2024-03-19 14:30:00-04:00,1.1200000047683716,1.1299999952316284,1.100000023841858,1.1299999952316284,6799,0.0,0.0
2024-03-19 15:30:00-04:00,1.1299999952316284,1.1299999952316284,1.1100000143051147,1.111199975013733,4318,0.0,0.0
2024-03-20 09:30:00-04:00,1.100000023841858,1.100000023841858,1.0986000299453735,1.100000023841858,1840,0.0,0.0
2024-03-20 10:30:00-04:00,1.090000033378601,1.1699999570846558,1.090000033378601,1.1699999570846558,22466,0.0,0.0
2024-03-20 11:30:00-04:00,1.1684000492095947,1.1858999729156494,1.1684000492095947,1.1699999570846558,5606,0.0,0.0
2024-03-20 13:30:00-04:00,1.100000023841858,1.100000023841858,1.0800000429153442,1.0800000429153442,404,0.0,0.0
2024-03-20 14:30:00-04:00,1.0809999704360962,1.0809999704360962,1.0299999713897705,1.0299999713897705,9488,0.0,0.0
2024-03-20 15:30:00-04:00,1.0800000429153442,1.0800000429153442,1.0800000429153442,1.0800000429153442,298,0.0,0.0
2024-03-21 09:30:00-04:00,1.0800000429153442,1.0800000429153442,1.0399999618530273,1.0399999618530273,2349,0.0,0.0
2024-03-21 11:30:00-04:00,1.0700000524520874,1.0700000524520874,1.0700000524520874,1.0700000524520874,1704,0.0,0.0
2024-03-21 12:30:00-04:00,1.0549999475479126,1.06850004196167,1.0549999475479126,1.06850004196167,2420,0.0,0.0
2024-03-21 13:30:00-04:00,1.0399999618530273,1.0400999784469604,1.0199999809265137,1.0199999809265137,5716,0.0,0.0
2024-03-21 14:30:00-04:00,1.0200999975204468,1.0200999975204468,1.0200999975204468,1.0200999975204468,3101,0.0,0.0
2024-03-21 15:30:00-04:00,1.024999976158142,1.0299999713897705,0.9900000095367432,1.0199999809265137,4923,0.0,0.0
2024-03-22 09:30:00-04:00,1.0099999904632568,1.0099999904632568,1.0099999904632568,1.0099999904632568,656,0.0,0.0
2024-03-22 10:30:00-04:00,1.0295000076293945,1.0295000076293945,0.9900000095367432,0.9900000095367432,2662,0.0,0.0
2024-03-22 11:30:00-04:00,0.9900000095367432,0.9900000095367432,0.9900000095367432,0.9900000095367432,1312,0.0,0.0
2024-03-22 13:30:00-04:00,1.0,1.0,1.0,1.0,285,0.0,0.0
2024-03-22 14:30:00-04:00,0.9950000047683716,0.9950000047683716,0.8901000022888184,0.8901000022888184,73301,0.0,0.0
2024-03-22 15:30:00-04:00,0.8999999761581421,0.9200000166893005,0.8500000238418579,0.868399977684021,62227,0.0,0.0
2024-03-25 09:30:00-04:00,0.8799999952316284,0.949999988079071,0.8799999952316284,0.9200999736785889,20666,0.0,0.0
2024-03-25 10:30:00-04:00,0.9010999798774719,0.9106000065803528,0.8403000235557556,0.8701000213623047,94699,0.0,0.0
2024-03-25 11:30:00-04:00,0.870199978351593,0.870199978351593,0.870199978351593,0.870199978351593,7221,0.0,0.0
2024-03-25 12:30:00-04:00,0.8702999949455261,0.8702999949455261,0.8702999949455261,0.8702999949455261,4800,0.0,0.0
2024-03-25 13:30:00-04:00,0.8702999949455261,0.8702999949455261,0.870199978351593,0.8702999949455261,4072,0.0,0.0
2024-03-25 14:30:00-04:00,0.8702999949455261,0.8702999949455261,0.8702999949455261,0.8702999949455261,472,0.0,0.0
2024-03-25 15:30:00-04:00,0.8702999949455261,0.8708000183105469,0.8702999949455261,0.8708000183105469,1879,0.0,0.0
2024-03-26 09:30:00-04:00,0.8702999949455261,0.8702999949455261,0.8702999949455261,0.8702999949455261,373,0.0,0.0
2024-03-26 10:30:00-04:00,0.8700000047683716,0.9100000262260437,0.8402000069618225,0.9100000262260437,36167,0.0,0.0
2024-03-26 12:30:00-04:00,0.8820000290870667,0.8820000290870667,0.8400999903678894,0.8461999893188477,7307,0.0,0.0
2024-03-26 13:30:00-04:00,0.8899999856948853,0.8899999856948853,0.8889999985694885,0.8889999985694885,415,0.0,0.0
2024-03-26 14:30:00-04:00,0.8899999856948853,0.8899999856948853,0.8899000287055969,0.8899000287055969,5836,0.0,0.0
2024-03-26 15:30:00-04:00,0.8701000213623047,0.8701000213623047,0.8701000213623047,0.8701000213623047,402,0.0,0.0
2024-03-27 09:30:00-04:00,0.8500999808311462,0.8999999761581421,0.8500000238418579,0.8799999952316284,38596,0.0,0.0
2024-03-27 10:30:00-04:00,0.8799999952316284,0.8799999952316284,0.8799999952316284,0.8799999952316284,2008,0.0,0.0
2024-03-27 11:30:00-04:00,0.8700000047683716,0.8831999897956848,0.8700000047683716,0.8831999897956848,7399,0.0,0.0
2024-03-27 12:30:00-04:00,0.8831999897956848,0.8831999897956848,0.8600000143051147,0.8600000143051147,6321,0.0,0.0
2024-03-27 13:30:00-04:00,0.8820000290870667,0.8820000290870667,0.8799999952316284,0.8799999952316284,2890,0.0,0.0
2024-03-27 14:30:00-04:00,0.8889999985694885,0.8999999761581421,0.8889999985694885,0.8899999856948853,4509,0.0,0.0
2024-03-28 09:30:00-04:00,0.9100000262260437,0.9100000262260437,0.8899999856948853,0.9100000262260437,16746,0.0,0.0
2024-03-28 10:30:00-04:00,0.9100000262260437,0.949999988079071,0.9100000262260437,0.949999988079071,0,0.0,0.0
2024-03-28 12:30:00-04:00,0.9277999997138977,0.9277999997138977,0.9276999831199646,0.9276999831199646,41103,0.0,0.0
2024-03-28 14:30:00-04:00,0.906000018119812,0.9110999703407288,0.8199999928474426,0.9107999801635742,40202,0.0,0.0
2024-03-28 15:30:00-04:00,0.8830000162124634,0.8830000162124634,0.8830000162124634,0.8830000162124634,958,0.0,0.0
2024-04-01 09:30:00-04:00,0.8851000070571899,0.9100000262260437,0.8399999737739563,0.8701000213623047,13768,0.0,0.0
2024-04-01 10:30:00-04:00,0.8801000118255615,0.8801000118255615,0.8603000044822693,0.8603000044822693,16910,0.0,0.0
2024-04-01 11:30:00-04:00,0.8435999751091003,0.8565000295639038,0.8435999751091003,0.8526999950408936,3739,0.0,0.0
2024-04-01 12:30:00-04:00,0.8536999821662903,0.8546000123023987,0.8535000085830688,0.8536999821662903,4052,0.0,0.0
2024-04-01 13:30:00-04:00,0.8532000184059143,0.887499988079071,0.8528000116348267,0.887499988079071,12334,0.0,0.0
2024-04-01 15:30:00-04:00,0.8899999856948853,0.8901000022888184,0.8568000197410583,0.8582000136375427,9998,0.0,0.0
2024-04-02 09:30:00-04:00,0.8450999855995178,0.8500000238418579,0.8450000286102295,0.8450000286102295,10815,0.0,0.0
2024-04-02 10:30:00-04:00,0.8400999903678894,0.9100000262260437,0.8400999903678894,0.9100000262260437,16774,0.0,0.0
2024-04-02 11:30:00-04:00,0.8600000143051147,0.8799999952316284,0.8399999737739563,0.8399999737739563,25420,0.0,0.0
2024-04-02 13:30:00-04:00,0.8454999923706055,0.8456000089645386,0.8399999737739563,0.8399999737739563,14990,0.0,0.0
2024-04-02 14:30:00-04:00,0.8400999903678894,0.8723999857902527,0.8313000202178955,0.8454999923706055,7966,0.0,0.0
2024-04-02 15:30:00-04:00,0.8636999726295471,0.8636999726295471,0.8500000238418579,0.8500000238418579,945,0.0,0.0
2024-04-03 09:30:00-04:00,0.8399999737739563,0.8791999816894531,0.8399999737739563,0.8700000047683716,0,0.0,0.0
2024-04-03 10:30:00-04:00,0.8698999881744385,0.8700000047683716,0.8410000205039978,0.8410000205039978,12135,0.0,0.0
2024-04-03 11:30:00-04:00,0.8499000072479248,0.8677999973297119,0.8201000094413757,0.8677999973297119,16848,0.0,0.0
2024-04-03 13:30:00-04:00,0.8539000153541565,0.8539000153541565,0.8539000153541565,0.8539000153541565,677,0.0,0.0
2024-04-03 14:30:00-04:00,0.8500999808311462,0.8500999808311462,0.824999988079071,0.8500999808311462,2229,0.0,0.0
2024-04-03 15:30:00-04:00,0.8299999833106995,0.8343999981880188,0.8276000022888184,0.8343999981880188,4332,0.0,0.0
2024-04-04 10:30:00-04:00,0.8428999781608582,0.8431000113487244,0.8428999781608582,0.8431000113487244,1729,0.0,0.0
2024-04-04 11:30:00-04:00,0.8431000113487244,0.8490999937057495,0.8431000113487244,0.8490999937057495,528,0.0,0.0
2024-04-04 12:30:00-04:00,0.8500999808311462,0.8500999808311462,0.8500999808311462,0.8500999808311462,804,0.0,0.0
2024-04-04 13:30:00-04:00,0.8500999808311462,0.8500999808311462,0.8500999808311462,0.8500999808311462,583,0.0,0.0
2024-04-04 14:30:00-04:00,0.8431000113487244,0.8432000279426575,0.8431000113487244,0.8432000279426575,3250,0.0,0.0
2024-04-04 15:30:00-04:00,0.8349999785423279,0.835099995136261,0.8201000094413757,0.8233000040054321,12564,0.0,0.0
2024-04-05 09:30:00-04:00,0.8399999737739563,0.8399999737739563,0.8399999737739563,0.8399999737739563,835,0.0,0.0
2024-04-05 10:30:00-04:00,0.8784999847412109,0.8799999952316284,0.8504999876022339,0.8600000143051147,12202,0.0,0.0
2024-04-05 11:30:00-04:00,0.8504999876022339,0.8700000047683716,0.8503999710083008,0.8697999715805054,2517,0.0,0.0
2024-04-05 12:30:00-04:00,0.8657000064849854,0.8698999881744385,0.8501999974250793,0.8501999974250793,8850,0.0,0.0
2024-04-05 13:30:00-04:00,0.8450000286102295,0.8700000047683716,0.8199999928474426,0.8435999751091003,45650,0.0,0.0
2024-04-05 14:30:00-04:00,0.8400999903678894,0.8400999903678894,0.8342000246047974,0.8342999815940857,2310,0.0,0.0
2024-04-05 15:30:00-04:00,0.8324999809265137,0.8485000133514404,0.8324999809265137,0.8400999903678894,7628,0.0,0.0
2024-04-08 09:30:00-04:00,0.8600000143051147,0.8849999904632568,0.8299999833106995,0.8299999833106995,4096,0.0,0.0
2024-04-08 10:30:00-04:00,0.8464000225067139,0.8464000225067139,0.8361999988555908,0.8361999988555908,0,0.0,0.0
2024-04-08 11:30:00-04:00,0.8399999737739563,0.8399999737739563,0.8399999737739563,0.8399999737739563,6593,0.0,0.0
2024-04-08 13:30:00-04:00,0.8500000238418579,0.8698999881744385,0.8299999833106995,0.8299999833106995,1150,0.0,0.0
2024-04-08 14:30:00-04:00,0.8500000238418579,0.8500000238418579,0.8199999928474426,0.8199999928474426,18044,0.0,0.0
2024-04-08 15:30:00-04:00,0.8299999833106995,0.8299999833106995,0.8108999729156494,0.8108999729156494,26495,0.0,0.0
2024-04-09 09:30:00-04:00,0.835099995136261,0.835099995136261,0.835099995136261,0.835099995136261,2217,0.0,0.0
2024-04-09 10:30:00-04:00,0.8399999737739563,0.8399999737739563,0.8399999737739563,0.8399999737739563,415,0.0,0.0
2024-04-09 12:30:00-04:00,0.8276000022888184,0.8277000188827515,0.8274999856948853,0.8277000188827515,2518,0.0,0.0
2024-04-09 13:30:00-04:00,0.8277000188827515,0.835099995136261,0.8277000188827515,0.835099995136261,12901,0.0,0.0
2024-04-09 14:30:00-04:00,0.8302000164985657,0.8302000164985657,0.8302000164985657,0.8302000164985657,134,0.0,0.0
2024-04-09 15:30:00-04:00,0.8300999999046326,0.8399999737739563,0.8284000158309937,0.8284000158309937,8300,0.0,0.0
2024-04-10 09:30:00-04:00,0.8101999759674072,0.8500000238418579,0.8100000023841858,0.8499000072479248,3575,0.0,0.0
2024-04-10 10:30:00-04:00,0.8424000144004822,0.8500000238418579,0.8240000009536743,0.8240000009536743,17655,0.0,0.0
2024-04-10 12:30:00-04:00,0.8299999833106995,0.8299999833106995,0.8299999833106995,0.8299999833106995,823,0.0,0.0
2024-04-10 13:30:00-04:00,0.8299999833106995,0.8299999833106995,0.8253999948501587,0.8299999833106995,1803,0.0,0.0
2024-04-10 15:30:00-04:00,0.8240000009536743,0.8240000009536743,0.8100000023841858,0.8100000023841858,1894,0.0,0.0
2024-04-11 09:30:00-04:00,0.8102999925613403,0.8500000238418579,0.8100000023841858,0.8199999928474426,8896,0.0,0.0
2024-04-11 10:30:00-04:00,0.8195000290870667,0.8198000192642212,0.8094000220298767,0.8100000023841858,19983,0.0,0.0
2024-04-11 11:30:00-04:00,0.8101000189781189,0.8299999833106995,0.8101000189781189,0.8299999833106995,2225,0.0,0.0
2024-04-11 12:30:00-04:00,0.8220000267028809,0.8220000267028809,0.8199999928474426,0.8213000297546387,21632,0.0,0.0
2024-04-11 13:30:00-04:00,0.8300999999046326,0.8899999856948853,0.8087999820709229,0.8087999820709229,217834,0.0,0.0
2024-04-11 14:30:00-04:00,0.8100000023841858,0.839900016784668,0.8100000023841858,0.8349999785423279,7887,0.0,0.0
2024-04-11 15:30:00-04:00,0.8349000215530396,0.8349000215530396,0.8116000294685364,0.8116000294685364,1675,0.0,0.0
2024-04-12 09:30:00-04:00,0.8399999737739563,0.8549000024795532,0.8109999895095825,0.8374999761581421,32453,0.0,0.0
2024-04-12 10:30:00-04:00,0.8374999761581421,0.8374999761581421,0.8199999928474426,0.8201000094413757,0,0.0,0.0
2024-04-12 11:30:00-04:00,0.8199999928474426,0.8199999928474426,0.8199999928474426,0.8199999928474426,40719,0.0,0.0
2024-04-12 12:30:00-04:00,0.8202000260353088,0.8202000260353088,0.8202000260353088,0.8202000260353088,1068,0.0,0.0
2024-04-12 13:30:00-04:00,0.8489999771118164,0.8489999771118164,0.8432999849319458,0.8432999849319458,6262,0.0,0.0
2024-04-12 14:30:00-04:00,0.8296999931335449,0.8296999931335449,0.8102999925613403,0.8102999925613403,5200,0.0,0.0
2024-04-12 15:30:00-04:00,0.8101000189781189,0.8101999759674072,0.8101000189781189,0.8101999759674072,7753,0.0,0.0
2024-04-15 09:30:00-04:00,0.8199999928474426,0.8345999717712402,0.808899998664856,0.829800009727478,49139,0.0,0.0
2024-04-15 10:30:00-04:00,0.8191999793052673,0.8191999793052673,0.8191999793052673,0.8191999793052673,13654,0.0,0.0
2024-04-15 11:30:00-04:00,0.8095999956130981,0.8095999956130981,0.770799994468689,0.781000018119812,15882,0.0,0.0
2024-04-15 12:30:00-04:00,0.785099983215332,0.8155999779701233,0.785099983215332,0.8004000186920166,3910,0.0,0.0
2024-04-15 13:30:00-04:00,0.7998999953269958,0.800000011920929,0.7799999713897705,0.7799999713897705,52386,0.0,0.0
2024-04-15 14:30:00-04:00,0.8156999945640564,0.8156999945640564,0.8156999945640564,0.8156999945640564,0,0.0,0.0
2024-04-15 15:30:00-04:00,0.7900000214576721,0.8098999857902527,0.7900000214576721,0.7950000166893005,7237,0.0,0.0
2024-04-16 09:30:00-04:00,0.7860000133514404,0.8100000023841858,0.7860000133514404,0.7900999784469604,5297,0.0,0.0
2024-04-16 10:30:00-04:00,0.789900004863739,0.789900004863739,0.7616000175476074,0.7688999772071838,8077,0.0,0.0
2024-04-16 11:30:00-04:00,0.7599999904632568,0.7699000239372253,0.7599999904632568,0.7699000239372253,26681,0.0,0.0
2024-04-16 12:30:00-04:00,0.7599999904632568,0.7599999904632568,0.7494999766349792,0.7494999766349792,5329,0.0,0.0
2024-04-16 13:30:00-04:00,0.7450000047683716,0.7692999839782715,0.7300999760627747,0.7692999839782715,12939,0.0,0.0
2024-04-16 14:30:00-04:00,0.7645999789237976,0.7649999856948853,0.741100013256073,0.7599999904632568,3015,0.0,0.0
2024-04-16 15:30:00-04:00,0.7599999904632568,0.7599999904632568,0.7383000254631042,0.7383000254631042,2759,0.0,0.0
2024-04-17 09:30:00-04:00,0.7599999904632568,0.7599999904632568,0.7599999904632568,0.7599999904632568,2606,0.0,0.0
2024-04-17 10:30:00-04:00,0.7699999809265137,0.7785000205039978,0.7699999809265137,0.7738999724388123,9069,0.0,0.0
2024-04-17 11:30:00-04:00,0.7699999809265137,0.7699999809265137,0.75,0.7501000165939331,3660,0.0,0.0
2024-04-17 12:30:00-04:00,0.75,0.7509999871253967,0.75,0.7509999871253967,8522,0.0,0.0
2024-04-17 13:30:00-04:00,0.7703999876976013,0.7703999876976013,0.7703999876976013,0.7703999876976013,2491,0.0,0.0
2024-04-17 14:30:00-04:00,0.7703999876976013,0.7896999716758728,0.7702000141143799,0.7702000141143799,3589,0.0,0.0
2024-04-17 15:30:00-04:00,0.7699999809265137,0.7870000004768372,0.7509999871253967,0.7699999809265137,5536,0.0,0.0
2024-04-18 09:30:00-04:00,0.75,0.75,0.75,0.75,3227,0.0,0.0
2024-04-18 10:30:00-04:00,0.7509999871253967,0.7509999871253967,0.7509999871253967,0.7509999871253967,217,0.0,0.0
2024-04-18 11:30:00-04:00,0.7950000166893005,0.800000011920929,0.7950000166893005,0.800000011920929,5470,0.0,0.0
2024-04-18 12:30:00-04:00,0.800000011920929,0.800000011920929,0.7524999976158142,0.772599995136261,21062,0.0,0.0
2024-04-18 13:30:00-04:00,0.7599999904632568,0.7602999806404114,0.7491999864578247,0.7506999969482422,10128,0.0,0.0
2024-04-18 14:30:00-04:00,0.7508000135421753,0.7508000135421753,0.7506999969482422,0.7508000135421753,5369,0.0,0.0
2024-04-18 15:30:00-04:00,0.7599999904632568,0.7649999856948853,0.7505999803543091,0.7599999904632568,9938,0.0,0.0
2024-04-19 09:30:00-04:00,0.75,0.7745000123977661,0.75,0.7745000123977661,963,0.0,0.0
2024-04-19 10:30:00-04:00,0.7598999738693237,0.7598999738693237,0.7591000199317932,0.7591000199317932,784,0.0,0.0
2024-04-19 11:30:00-04:00,0.7598000168800354,0.7598000168800354,0.7598000168800354,0.7598000168800354,5422,0.0,0.0
2024-04-19 12:30:00-04:00,0.75,0.75,0.7470999956130981,0.7473999857902527,5595,0.0,0.0
2024-04-19 13:30:00-04:00,0.7502999901771545,0.7534999847412109,0.7450000047683716,0.7484999895095825,4754,0.0,0.0
2024-04-19 14:30:00-04:00,0.7491999864578247,0.75,0.7400000095367432,0.7450000047683716,11912,0.0,0.0
2024-04-19 15:30:00-04:00,0.7450000047683716,0.75,0.7303000092506409,0.7400000095367432,5709,0.0,0.0
2024-04-22 09:30:00-04:00,0.7325999736785889,0.7623000144958496,0.7303000092506409,0.7303000092506409,1973,0.0,0.0
2024-04-22 10:30:00-04:00,0.7303000092506409,0.7303000092506409,0.723800003528595,0.7246000170707703,12285,0.0,0.0
2024-04-22 11:30:00-04:00,0.72079998254776,0.7400000095367432,0.72079998254776,0.730400025844574,16250,0.0,0.0
2024-04-22 12:30:00-04:00,0.7400000095367432,0.7400000095367432,0.7272999882698059,0.7272999882698059,3004,0.0,0.0
2024-04-22 13:30:00-04:00,0.7300999760627747,0.7300999760627747,0.703000009059906,0.7150999903678894,33135,0.0,0.0
2024-04-22 14:30:00-04:00,0.7031999826431274,0.7167999744415283,0.7031999826431274,0.7167999744415283,0,0.0,0.0
2024-04-22 15:30:00-04:00,0.7301999926567078,0.7301999926567078,0.725600004196167,0.725600004196167,3124,0.0,0.0
2024-04-23 09:30:00-04:00,0.7699999809265137,0.7799999713897705,0.7400000095367432,0.7400000095367432,3900,0.0,0.0
2024-04-23 10:30:00-04:00,0.7400000095367432,0.7497000098228455,0.72079998254776,0.7300999760627747,14104,0.0,0.0
2024-04-23 11:30:00-04:00,0.7310000061988831,0.7310000061988831,0.7310000061988831,0.7310000061988831,653,0.0,0.0
2024-04-23 12:30:00-04:00,0.7310000061988831,0.7310000061988831,0.7310000061988831,0.7310000061988831,402,0.0,0.0
2024-04-23 13:30:00-04:00,0.7310000061988831,0.7310000061988831,0.7300000190734863,0.7300000190734863,6912,0.0,0.0
2024-04-23 14:30:00-04:00,0.7214999794960022,0.7214999794960022,0.7214999794960022,0.7214999794960022,400,0.0,0.0
2024-04-23 15:30:00-04:00,0.7293000221252441,0.7293000221252441,0.7200000286102295,0.7200000286102295,21681,0.0,0.0
2024-04-24 09:30:00-04:00,0.7580999732017517,0.7960000038146973,0.7300000190734863,0.7300000190734863,42271,0.0,0.0
2024-04-24 10:30:00-04:00,0.7400000095367432,0.7400000095367432,0.7264000177383423,0.7300000190734863,58981,0.0,0.0
2024-04-24 11:30:00-04:00,0.7400000095367432,0.800000011920929,0.6700000166893005,0.7117999792098999,503223,0.0,0.0
2024-04-24 12:30:00-04:00,0.7099999785423279,0.7200000286102295,0.703000009059906,0.703000009059906,8101,0.0,0.0
2024-04-24 13:30:00-04:00,0.703000009059906,0.7196999788284302,0.703000009059906,0.7196999788284302,2933,0.0,0.0
2024-04-24 14:30:00-04:00,0.7148000001907349,0.7161999940872192,0.6848999857902527,0.7003999948501587,30373,0.0,0.0
2024-04-24 15:30:00-04:00,0.6899999976158142,0.7149999737739563,0.6880000233650208,0.6899999976158142,10395,0.0,0.0
2024-04-25 09:30:00-04:00,0.7300000190734863,0.7300000190734863,0.6880000233650208,0.6998999714851379,27245,0.0,0.0
2024-04-25 10:30:00-04:00,0.6948999762535095,0.6998000144958496,0.6700000166893005,0.6700000166893005,46915,0.0,0.0
2024-04-25 11:30:00-04:00,0.6898000240325928,0.6898999810218811,0.6801000237464905,0.6898999810218811,3740,0.0,0.0
2024-04-25 12:30:00-04:00,0.6866000294685364,0.6890000104904175,0.6759999990463257,0.6890000104904175,10344,0.0,0.0
2024-04-25 13:30:00-04:00,0.6898999810218811,0.6898999810218811,0.6898000240325928,0.6898000240325928,253,0.0,0.0
2024-04-25 14:30:00-04:00,0.6800000071525574,0.6898000240325928,0.675000011920929,0.6798999905586243,31434,0.0,0.0
2024-04-25 15:30:00-04:00,0.6798999905586243,0.6798999905586243,0.6754000186920166,0.6754000186920166,1462,0.0,0.0
2024-04-26 09:30:00-04:00,0.699999988079071,0.699999988079071,0.6801000237464905,0.6899999976158142,4038,0.0,0.0
2024-04-26 10:30:00-04:00,0.6850000023841858,0.6998000144958496,0.661300003528595,0.6700000166893005,31735,0.0,0.0
2024-04-26 11:30:00-04:00,0.6940000057220459,0.699999988079071,0.6858000159263611,0.691100001335144,23785,0.0,0.0
2024-04-26 12:30:00-04:00,0.6891000270843506,0.6891000270843506,0.6800000071525574,0.6800000071525574,4497,0.0,0.0
2024-04-26 13:30:00-04:00,0.6798999905586243,0.6869999766349792,0.6739000082015991,0.6739000082015991,2150,0.0,0.0
2024-04-26 14:30:00-04:00,0.6899999976158142,0.6990000009536743,0.6899999976158142,0.6930000185966492,2575,0.0,0.0
2024-04-26 15:30:00-04:00,0.6850000023841858,0.685699999332428,0.6650000214576721,0.6651999950408936,26309,0.0,0.0
2024-04-29 09:30:00-04:00,0.7301999926567078,0.7777000069618225,0.699999988079071,0.7599999904632568,5014141,0.0,0.0
2024-04-29 10:30:00-04:00,0.7739999890327454,0.7885000109672546,0.699999988079071,0.7398999929428101,483352,0.0,0.0
2024-04-29 11:30:00-04:00,0.7369999885559082,0.7628999948501587,0.5,0.6003000140190125,879955,0.0,0.0
2024-04-29 12:30:00-04:00,0.6000999808311462,0.6000999808311462,0.5701000094413757,0.5799000263214111,122965,0.0,0.0
2024-04-29 13:30:00-04:00,0.5800999999046326,0.6100999712944031,0.5799999833106995,0.6100000143051147,62136,0.0,0.0
2024-04-29 14:30:00-04:00,0.6000999808311462,0.6001999974250793,0.5501000285148621,0.5601000189781189,156231,0.0,0.0
2024-04-29 15:30:00-04:00,0.5601000189781189,0.5601000189781189,0.5299999713897705,0.5299999713897705,233206,0.0,0.0
2024-04-30 09:30:00-04:00,0.5519000291824341,0.6622999906539917,0.550000011920929,0.6097999811172485,272004,0.0,0.0
2024-04-30 10:30:00-04:00,0.6096000075340271,0.6194000244140625,0.5799999833106995,0.5989999771118164,213261,0.0,0.0
2024-04-30 11:30:00-04:00,0.5989999771118164,0.6098999977111816,0.595300018787384,0.5953999757766724,62796,0.0,0.0
2024-04-30 12:30:00-04:00,0.6018999814987183,0.6098999977111816,0.5954999923706055,0.6000000238418579,60995,0.0,0.0
2024-04-30 13:30:00-04:00,0.5979999899864197,0.6096000075340271,0.597000002861023,0.600600004196167,58786,0.0,0.0
2024-04-30 14:30:00-04:00,0.600600004196167,0.600600004196167,0.5960000157356262,0.5960999727249146,34926,0.0,0.0
2024-04-30 15:30:00-04:00,0.5960999727249146,0.6047000288963318,0.5960000157356262,0.5960000157356262,90598,0.0,0.0
2024-05-01 09:30:00-04:00,0.5609999895095825,0.5885000228881836,0.5609999895095825,0.5885000228881836,150283,0.0,0.0
2024-05-01 10:30:00-04:00,0.5842999815940857,0.6399999856948853,0.5800999999046326,0.6299999952316284,107355,0.0,0.0
2024-05-01 11:30:00-04:00,0.6225000023841858,0.6399999856948853,0.6225000023841858,0.6389999985694885,60494,0.0,0.0
2024-05-01 12:30:00-04:00,0.6330999732017517,0.6389999985694885,0.6298999786376953,0.6298999786376953,43986,0.0,0.0
2024-05-01 13:30:00-04:00,0.6298999786376953,0.6395000219345093,0.6200000047683716,0.6395000219345093,125030,0.0,0.0
2024-05-01 14:30:00-04:00,0.6389999985694885,0.6395000219345093,0.6200000047683716,0.6302000284194946,97458,0.0,0.0
2024-05-01 15:30:00-04:00,0.6302000284194946,0.6399999856948853,0.6226000189781189,0.6331999897956848,24859,0.0,0.0
2024-05-02 09:30:00-04:00,0.6301000118255615,0.6301000118255615,0.6087999939918518,0.6100000143051147,32839,0.0,0.0
2024-05-02 10:30:00-04:00,0.6150000095367432,0.6200000047683716,0.6100000143051147,0.6198999881744385,20751,0.0,0.0
2024-05-02 11:30:00-04:00,0.6175000071525574,0.6187999844551086,0.6100999712944031,0.6187999844551086,10112,0.0,0.0
2024-05-02 12:30:00-04:00,0.6175000071525574,0.6200000047683716,0.6119999885559082,0.6198999881744385,7743,0.0,0.0
2024-05-02 13:30:00-04:00,0.6175000071525574,0.6200000047683716,0.6129999756813049,0.617900013923645,7951,0.0,0.0
2024-05-02 14:30:00-04:00,0.6154000163078308,0.6154000163078308,0.6001999974250793,0.6001999974250793,20758,0.0,0.0
2024-05-02 15:30:00-04:00,0.6001999974250793,0.6001999974250793,0.5989000201225281,0.5989000201225281,54964,0.0,0.0
2024-05-03 09:30:00-04:00,0.6187999844551086,0.6399000287055969,0.6000000238418579,0.6187999844551086,27975,0.0,0.0
2024-05-03 10:30:00-04:00,0.6187999844551086,0.6187999844551086,0.5899999737739563,0.5974000096321106,15428,0.0,0.0
2024-05-03 11:30:00-04:00,0.5950000286102295,0.6327000260353088,0.5504999756813049,0.6147000193595886,41402,0.0,0.0
2024-05-03 12:30:00-04:00,0.5899999737739563,0.5999000072479248,0.5699999928474426,0.5699999928474426,7514,0.0,0.0
2024-05-03 13:30:00-04:00,0.5724999904632568,0.5799999833106995,0.5699999928474426,0.5799999833106995,6123,0.0,0.0
2024-05-03 14:30:00-04:00,0.5615000128746033,0.5881999731063843,0.550000011920929,0.550000011920929,98666,0.0,0.0
2024-05-03 15:30:00-04:00,0.5774999856948853,0.5774999856948853,0.511900007724762,0.5600000023841858,64000,0.0,0.0
2024-05-06 09:30:00-04:00,0.5555999875068665,0.5799999833106995,0.5400000214576721,0.5601000189781189,33441,0.0,0.0
2024-05-06 10:30:00-04:00,0.5699999928474426,0.5799000263214111,0.5600000023841858,0.5699999928474426,7457,0.0,0.0
2024-05-06 11:30:00-04:00,0.5674999952316284,0.5849999785423279,0.5601999759674072,0.5849000215530396,34945,0.0,0.0
2024-05-06 12:30:00-04:00,0.5899999737739563,0.5978999733924866,0.5852000117301941,0.5978999733924866,22767,0.0,0.0
2024-05-06 13:30:00-04:00,0.5939000248908997,0.6089000105857849,0.5899999737739563,0.597000002861023,38144,0.0,0.0
2024-05-06 14:30:00-04:00,0.5950000286102295,0.609000027179718,0.5870000123977661,0.588100016117096,22937,0.0,0.0
2024-05-06 15:30:00-04:00,0.6019999980926514,0.6019999980926514,0.590399980545044,0.5910000205039978,19620,0.0,0.0
2024-05-07 09:30:00-04:00,0.5860000252723694,0.6388000249862671,0.5860000252723694,0.6050000190734863,32351,0.0,0.0
2024-05-07 10:30:00-04:00,0.5960000157356262,0.6079999804496765,0.5820000171661377,0.6079999804496765,56347,0.0,0.0
2024-05-07 11:30:00-04:00,0.6083999872207642,0.6100000143051147,0.5789999961853027,0.5789999961853027,76211,0.0,0.0
2024-05-07 12:30:00-04:00,0.5611000061035156,0.6097999811172485,0.5598999857902527,0.5791000127792358,38318,0.0,0.0
2024-05-07 13:30:00-04:00,0.602400004863739,0.602400004863739,0.5558000206947327,0.574999988079071,37557,0.0,0.0
2024-05-07 14:30:00-04:00,0.5699999928474426,0.6021000146865845,0.5522000193595886,0.5978000164031982,129481,0.0,0.0
2024-05-07 15:30:00-04:00,0.5976999998092651,0.5976999998092651,0.548799991607666,0.5899999737739563,41526,0.0,0.0
2024-05-08 09:30:00-04:00,0.5600000023841858,0.59579998254776,0.5600000023841858,0.5957000255584717,30977,0.0,0.0
2024-05-08 10:30:00-04:00,0.5950000286102295,0.5989999771118164,0.567799985408783,0.5895000100135803,21925,0.0,0.0
2024-05-08 11:30:00-04:00,0.5895000100135803,0.5989000201225281,0.5845000147819519,0.5845000147819519,5613,0.0,0.0
2024-05-08 12:30:00-04:00,0.59170001745224,0.5989000201225281,0.5845999717712402,0.5989000201225281,5173,0.0,0.0
2024-05-08 13:30:00-04:00,0.59170001745224,0.5921000242233276,0.5843999981880188,0.5921000242233276,982,0.0,0.0
2024-05-08 14:30:00-04:00,0.5843999981880188,0.5989000201225281,0.5843999981880188,0.5979999899864197,5761,0.0,0.0
2024-05-08 15:30:00-04:00,0.5900999903678894,0.5979999899864197,0.5874999761581421,0.5900999903678894,17666,0.0,0.0
2024-05-09 09:30:00-04:00,0.5942999720573425,0.5942999720573425,0.5738999843597412,0.5874999761581421,7352,0.0,0.0
2024-05-09 10:30:00-04:00,0.5986999869346619,0.5986999869346619,0.5899999737739563,0.5899999737739563,3352,0.0,0.0
2024-05-09 11:30:00-04:00,0.5899999737739563,0.5978000164031982,0.5799999833106995,0.5799999833106995,11974,0.0,0.0
2024-05-09 12:30:00-04:00,0.5800999999046326,0.6000000238418579,0.5799999833106995,0.5799999833106995,13060,0.0,0.0
2024-05-09 13:30:00-04:00,0.5899999737739563,0.5899999737739563,0.5892999768257141,0.5899999737739563,3186,0.0,0.0
2024-05-09 14:30:00-04:00,0.6000000238418579,0.6083999872207642,0.6000000238418579,0.6000000238418579,15031,0.0,0.0
2024-05-09 15:30:00-04:00,0.597000002861023,0.6137999892234802,0.5950000286102295,0.6137999892234802,9231,0.0,0.0
2024-05-10 09:30:00-04:00,0.6087999939918518,0.6111999750137329,0.5899999737739563,0.6079999804496765,5960,0.0,0.0
2024-05-10 10:30:00-04:00,0.6000000238418579,0.6079000234603882,0.5577999949455261,0.5900999903678894,16372,0.0,0.0
2024-05-10 11:30:00-04:00,0.5900999903678894,0.6079000234603882,0.5900999903678894,0.6079000234603882,3083,0.0,0.0
2024-05-10 12:30:00-04:00,0.6069999933242798,0.6069999933242798,0.6069999933242798,0.6069999933242798,200,0.0,0.0
2024-05-10 13:30:00-04:00,0.5809999704360962,0.6069999933242798,0.5809999704360962,0.6069999933242798,2761,0.0,0.0
2024-05-10 14:30:00-04:00,0.590499997138977,0.6069999933242798,0.5809999704360962,0.5956000089645386,10604,0.0,0.0
2024-05-10 15:30:00-04:00,0.6000000238418579,0.6000000238418579,0.5934000015258789,0.5946000218391418,3692,0.0,0.0
2024-05-13 09:30:00-04:00,0.5109999775886536,0.6000999808311462,0.5109999775886536,0.5734000205993652,957563,0.0,0.0
2024-05-13 10:30:00-04:00,0.5680000185966492,0.6000000238418579,0.5644000172615051,0.5879999995231628,33242,0.0,0.0
2024-05-13 11:30:00-04:00,0.5878000259399414,0.6000000238418579,0.5701000094413757,0.6000000238418579,31233,0.0,0.0
2024-05-13 12:30:00-04:00,0.5899999737739563,0.6079999804496765,0.5899999737739563,0.5900999903678894,32349,0.0,0.0
2024-05-13 13:30:00-04:00,0.5910000205039978,0.6000000238418579,0.5900999903678894,0.6000000238418579,5208,0.0,0.0
2024-05-13 14:30:00-04:00,0.5910000205039978,0.6000000238418579,0.5799999833106995,0.6000000238418579,19292,0.0,0.0
2024-05-13 15:30:00-04:00,0.5900999903678894,0.6000000238418579,0.5896999835968018,0.6000000238418579,10245,0.0,0.0
2024-05-14 09:30:00-04:00,0.5759999752044678,0.6100000143051147,0.5751000046730042,0.5770000219345093,31490,0.0,0.0
2024-05-14 10:30:00-04:00,0.5755000114440918,0.5924999713897705,0.5755000114440918,0.585099995136261,5668,0.0,0.0
2024-05-14 11:30:00-04:00,0.5849999785423279,0.6079000234603882,0.5809999704360962,0.5820000171661377,11268,0.0,0.0
2024-05-14 12:30:00-04:00,0.5906000137329102,0.5906000137329102,0.590499997138977,0.590499997138977,797,0.0,0.0
2024-05-14 13:30:00-04:00,0.5879999995231628,0.5949000120162964,0.5879999995231628,0.5949000120162964,3729,0.0,0.0
2024-05-14 14:30:00-04:00,0.6069999933242798,0.6069999933242798,0.6000000238418579,0.6000000238418579,608,0.0,0.0
2024-05-14 15:30:00-04:00,0.5920000076293945,0.6000000238418579,0.5920000076293945,0.6000000238418579,5794,0.0,0.0
2024-05-15 09:30:00-04:00,0.6151000261306763,0.6151000261306763,0.5809999704360962,0.602400004863739,19800,0.0,0.0
2024-05-15 10:30:00-04:00,0.5830000042915344,0.6049000024795532,0.5820000171661377,0.5830000042915344,5479,0.0,0.0
2024-05-15 11:30:00-04:00,0.5839999914169312,0.6049000024795532,0.5839999914169312,0.6000000238418579,3716,0.0,0.0
2024-05-15 12:30:00-04:00,0.6000999808311462,0.6096000075340271,0.5830000042915344,0.5830000042915344,17417,0.0,0.0
2024-05-15 13:30:00-04:00,0.5982000231742859,0.609000027179718,0.5699999928474426,0.6069999933242798,71545,0.0,0.0
2024-05-15 14:30:00-04:00,0.6100000143051147,0.6200000047683716,0.6098999977111816,0.6197999715805054,23658,0.0,0.0
2024-05-15 15:30:00-04:00,0.6197999715805054,0.625,0.6019999980926514,0.6158999800682068,13246,0.0,0.0
2024-05-16 09:30:00-04:00,0.5906999707221985,0.5925999879837036,0.5806000232696533,0.5921000242233276,2595,0.0,0.0
2024-05-16 10:30:00-04:00,0.6198999881744385,0.6200000047683716,0.5899999737739563,0.5899999737739563,3021,0.0,0.0
2024-05-16 11:30:00-04:00,0.5900999903678894,0.6200000047683716,0.5900999903678894,0.5950000286102295,11865,0.0,0.0
2024-05-16 12:30:00-04:00,0.6168000102043152,0.6200000047683716,0.6054999828338623,0.6200000047683716,7756,0.0,0.0
2024-05-16 13:30:00-04:00,0.6200000047683716,0.6200000047683716,0.6198999881744385,0.6200000047683716,1502,0.0,0.0
2024-05-16 14:30:00-04:00,0.6248999834060669,0.6248999834060669,0.6154000163078308,0.6154000163078308,5381,0.0,0.0
2024-05-16 15:30:00-04:00,0.625,0.625,0.625,0.625,5615,0.0,0.0
2024-05-17 09:30:00-04:00,0.616100013256073,0.6245999932289124,0.6100000143051147,0.6100000143051147,9192,0.0,0.0
2024-05-17 10:30:00-04:00,0.6100000143051147,0.6500999927520752,0.6100000143051147,0.6500999927520752,22842,0.0,0.0
2024-05-17 11:30:00-04:00,0.6499999761581421,0.6500999927520752,0.6349999904632568,0.6485000252723694,5690,0.0,0.0
2024-05-17 12:30:00-04:00,0.6484000086784363,0.6549000144004822,0.6201000213623047,0.6209999918937683,5305,0.0,0.0
2024-05-17 13:30:00-04:00,0.6499999761581421,0.6600000262260437,0.6299999952316284,0.6560999751091003,39781,0.0,0.0
2024-05-17 14:30:00-04:00,0.6621000170707703,0.6800000071525574,0.6621000170707703,0.6690000295639038,32755,0.0,0.0
2024-05-17 15:30:00-04:00,0.6654000282287598,0.6654000282287598,0.6653000116348267,0.6653000116348267,15929,0.0,0.0
2024-05-20 09:30:00-04:00,0.6869999766349792,0.6869999766349792,0.6600000262260437,0.6643000245094299,22273,0.0,0.0
2024-05-20 10:30:00-04:00,0.6601999998092651,0.6643000245094299,0.6600000262260437,0.6600000262260437,5462,0.0,0.0
2024-05-20 11:30:00-04:00,0.6521000266075134,0.6521000266075134,0.6521000266075134,0.6521000266075134,5166,0.0,0.0
2024-05-20 12:30:00-04:00,0.6521000266075134,0.6700000166893005,0.6521000266075134,0.6700000166893005,579,0.0,0.0
2024-05-20 13:30:00-04:00,0.6694999933242798,0.6699000000953674,0.660099983215332,0.6650000214576721,23275,0.0,0.0
2024-05-20 14:30:00-04:00,0.6607999801635742,0.6607999801635742,0.6600000262260437,0.660099983215332,11863,0.0,0.0
2024-05-20 15:30:00-04:00,0.6674000024795532,0.6674000024795532,0.6674000024795532,0.6674000024795532,181,0.0,0.0
2024-05-21 09:30:00-04:00,0.6604999899864197,0.6604999899864197,0.6549999713897705,0.6603000164031982,3862,0.0,0.0
2024-05-21 10:30:00-04:00,0.6601999998092651,0.6601999998092651,0.6521000266075134,0.6521000266075134,3302,0.0,0.0
2024-05-21 11:30:00-04:00,0.6521000266075134,0.6599000096321106,0.6328999996185303,0.6334999799728394,28357,0.0,0.0
2024-05-21 12:30:00-04:00,0.6328999996185303,0.6601999998092651,0.6328999996185303,0.6601999998092651,2570,0.0,0.0
2024-05-21 14:30:00-04:00,0.6223999857902527,0.6407999992370605,0.6222000122070312,0.6237999796867371,5526,0.0,0.0
2024-05-21 15:30:00-04:00,0.6549000144004822,0.6600000262260437,0.6299999952316284,0.6299999952316284,749,0.0,0.0
2024-05-22 09:30:00-04:00,0.6320000290870667,0.6489999890327454,0.6304000020027161,0.6489999890327454,6733,0.0,0.0
2024-05-22 10:30:00-04:00,0.6401000022888184,0.6401000022888184,0.6399999856948853,0.6399999856948853,6477,0.0,0.0
2024-05-22 11:30:00-04:00,0.6597999930381775,0.6597999930381775,0.6597999930381775,0.6597999930381775,975,0.0,0.0
2024-05-22 12:30:00-04:00,0.6700000166893005,0.6700000166893005,0.6700000166893005,0.6700000166893005,309,0.0,0.0
2024-05-22 13:30:00-04:00,0.6430000066757202,0.6599000096321106,0.6304000020027161,0.6599000096321106,10457,0.0,0.0
2024-05-22 14:30:00-04:00,0.6499999761581421,0.6499999761581421,0.6399999856948853,0.6456000208854675,1541,0.0,0.0
2024-05-22 15:30:00-04:00,0.6399999856948853,0.6460000276565552,0.6399999856948853,0.6460000276565552,7076,0.0,0.0
2024-05-23 09:30:00-04:00,0.6460000276565552,0.6460000276565552,0.6200000047683716,0.6298999786376953,38827,0.0,0.0
2024-05-23 10:30:00-04:00,0.6298999786376953,0.640999972820282,0.625,0.637499988079071,15298,0.0,0.0
2024-05-23 11:30:00-04:00,0.6309999823570251,0.6309999823570251,0.6299999952316284,0.6299999952316284,9173,0.0,0.0
2024-05-23 12:30:00-04:00,0.6324999928474426,0.6324999928474426,0.6324999928474426,0.6324999928474426,1566,0.0,0.0
2024-05-23 13:30:00-04:00,0.6324999928474426,0.6449999809265137,0.6209999918937683,0.6449999809265137,4422,0.0,0.0
2024-05-23 14:30:00-04:00,0.6200000047683716,0.6200000047683716,0.6151000261306763,0.6158999800682068,19738,0.0,0.0
2024-05-23 15:30:00-04:00,0.6151000261306763,0.6151000261306763,0.6151000261306763,0.6151000261306763,5163,0.0,0.0
2024-05-24 09:30:00-04:00,0.6459000110626221,0.6460000276565552,0.6355000138282776,0.6459000110626221,3689,0.0,0.0
2024-05-24 10:30:00-04:00,0.6251000165939331,0.6355999708175659,0.6251000165939331,0.6258000135421753,7243,0.0,0.0
2024-05-24 11:30:00-04:00,0.6251000165939331,0.6399999856948853,0.6251000165939331,0.6399999856948853,3821,0.0,0.0
2024-05-24 12:30:00-04:00,0.6362000107765198,0.6399999856948853,0.6362000107765198,0.6399999856948853,8296,0.0,0.0
2024-05-24 13:30:00-04:00,0.6546000242233276,0.6546000242233276,0.6262000203132629,0.6349999904632568,3504,0.0,0.0
2024-05-24 14:30:00-04:00,0.6251000165939331,0.6425999999046326,0.6251000165939331,0.6425999999046326,965,0.0,0.0
2024-05-24 15:30:00-04:00,0.6259999871253967,0.6259999871253967,0.6259999871253967,0.6259999871253967,525,0.0,0.0
2024-05-28 09:30:00-04:00,0.6299999952316284,0.6309999823570251,0.6100000143051147,0.6259999871253967,15186,0.0,0.0
2024-05-28 10:30:00-04:00,0.6100999712944031,0.6100999712944031,0.6100999712944031,0.6100999712944031,1000,0.0,0.0
2024-05-28 11:30:00-04:00,0.6259999871253967,0.6395999789237976,0.6230000257492065,0.6299999952316284,11920,0.0,0.0
2024-05-28 12:30:00-04:00,0.6309999823570251,0.6309999823570251,0.6100999712944031,0.6100999712944031,6517,0.0,0.0
2024-05-28 13:30:00-04:00,0.6399999856948853,0.6399999856948853,0.6100000143051147,0.6100000143051147,10126,0.0,0.0
2024-05-28 15:30:00-04:00,0.6110000014305115,0.6255000233650208,0.5555999875068665,0.6119999885559082,58604,0.0,0.0
2024-05-29 09:30:00-04:00,0.5918999910354614,0.6150000095367432,0.5918999910354614,0.5918999910354614,8936,0.0,0.0
2024-05-29 10:30:00-04:00,0.6000999808311462,0.6089000105857849,0.6000999808311462,0.6089000105857849,5345,0.0,0.0
2024-05-29 11:30:00-04:00,0.6399999856948853,0.6399999856948853,0.5918999910354614,0.621399998664856,1379,0.0,0.0
2024-05-29 12:30:00-04:00,0.5920000076293945,0.6395000219345093,0.5918999910354614,0.5918999910354614,5825,0.0,0.0
2024-05-29 13:30:00-04:00,0.5625,0.5900999903678894,0.5625,0.5900999903678894,1059,0.0,0.0
2024-05-29 14:30:00-04:00,0.5899999737739563,0.6295999884605408,0.5555999875068665,0.5877000093460083,11931,0.0,0.0
2024-05-29 15:30:00-04:00,0.5899999737739563,0.6299999952316284,0.5899999737739563,0.6299999952316284,4391,0.0,0.0
2024-05-30 09:30:00-04:00,0.6399999856948853,0.6399999856948853,0.5956000089645386,0.6151999831199646,7985,0.0,0.0
2024-05-30 10:30:00-04:00,0.6147000193595886,0.6151000261306763,0.6000000238418579,0.6000000238418579,5103,0.0,0.0
2024-05-30 12:30:00-04:00,0.6299999952316284,0.6299999952316284,0.6299999952316284,0.6299999952316284,2253,0.0,0.0
2024-05-30 13:30:00-04:00,0.6200000047683716,0.6200000047683716,0.580299973487854,0.580299973487854,3876,0.0,0.0
2024-05-30 14:30:00-04:00,0.6013000011444092,0.6013000011444092,0.6013000011444092,0.6013000011444092,2770,0.0,0.0
2024-05-30 15:30:00-04:00,0.617900013923645,0.617900013923645,0.6000000238418579,0.6144999861717224,2260,0.0,0.0
2024-05-31 09:30:00-04:00,0.6299999952316284,0.6299999952316284,0.5849999785423279,0.5849999785423279,5384,0.0,0.0
2024-05-31 10:30:00-04:00,0.585099995136261,0.6335999965667725,0.5824999809265137,0.6335999965667725,11533,0.0,0.0
2024-05-31 11:30:00-04:00,0.6078000068664551,0.6078000068664551,0.6078000068664551,0.6078000068664551,307,0.0,0.0
2024-05-31 12:30:00-04:00,0.6078000068664551,0.6078000068664551,0.6022999882698059,0.6022999882698059,419,0.0,0.0
2024-05-31 13:30:00-04:00,0.5855000019073486,0.5855000019073486,0.5855000019073486,0.5855000019073486,2599,0.0,0.0
2024-05-31 14:30:00-04:00,0.5855000019073486,0.6299999952316284,0.5806000232696533,0.6299999952316284,17851,0.0,0.0
2024-05-31 15:30:00-04:00,0.6053000092506409,0.6298999786376953,0.5819000005722046,0.5952000021934509,28325,0.0,0.0
2024-06-03 09:30:00-04:00,0.5809999704360962,0.6179999709129333,0.5809999704360962,0.585099995136261,1759,0.0,0.0
2024-06-03 10:30:00-04:00,0.585099995136261,0.5999000072479248,0.585099995136261,0.5899999737739563,4235,0.0,0.0
2024-06-03 11:30:00-04:00,0.5900999903678894,0.5900999903678894,0.5601000189781189,0.5871000289916992,4252,0.0,0.0
2024-06-03 12:30:00-04:00,0.5609999895095825,0.5871000289916992,0.5609999895095825,0.5871000289916992,2115,0.0,0.0
2024-06-03 13:30:00-04:00,0.5863999724388123,0.5863999724388123,0.5863999724388123,0.5863999724388123,435,0.0,0.0
2024-06-03 15:30:00-04:00,0.5863999724388123,0.5871000289916992,0.5863999724388123,0.5871000289916992,1676,0.0,0.0
2024-06-04 09:30:00-04:00,0.5924999713897705,0.593999981880188,0.5924999713897705,0.593999981880188,5349,0.0,0.0
2024-06-04 11:30:00-04:00,0.5609999895095825,0.5663999915122986,0.550000011920929,0.5663999915122986,8176,0.0,0.0
2024-06-04 13:30:00-04:00,0.5763000249862671,0.5763000249862671,0.5699999928474426,0.5699999928474426,3957,0.0,0.0
2024-06-04 14:30:00-04:00,0.5716999769210815,0.5716999769210815,0.5504000186920166,0.5522000193595886,4593,0.0,0.0
2024-06-04 15:30:00-04:00,0.5899999737739563,0.5910000205039978,0.5532000064849854,0.5532000064849854,635,0.0,0.0
2024-06-05 09:30:00-04:00,0.5759999752044678,0.5759999752044678,0.5600000023841858,0.5600000023841858,3090,0.0,0.0
2024-06-05 10:30:00-04:00,0.5699999928474426,0.5899999737739563,0.5600000023841858,0.5600000023841858,20969,0.0,0.0
2024-06-05 11:30:00-04:00,0.5547999739646912,0.5547999739646912,0.5547999739646912,0.5547999739646912,1608,0.0,0.0
2024-06-05 12:30:00-04:00,0.5551000237464905,0.5899999737739563,0.5551000237464905,0.5899999737739563,2320,0.0,0.0
2024-06-05 13:30:00-04:00,0.5742999911308289,0.5889000296592712,0.5551000237464905,0.5551000237464905,2111,0.0,0.0
2024-06-05 15:30:00-04:00,0.5600000023841858,0.5600000023841858,0.5562000274658203,0.5562000274658203,3009,0.0,0.0
2024-06-06 09:30:00-04:00,0.5600000023841858,0.5699999928474426,0.5600000023841858,0.5699999928474426,1653,0.0,0.0
2024-06-06 11:30:00-04:00,0.5799999833106995,0.5799999833106995,0.5799999833106995,0.5799999833106995,346,0.0,0.0
2024-06-06 12:30:00-04:00,0.5601000189781189,0.5601000189781189,0.5601000189781189,0.5601000189781189,2580,0.0,0.0
2024-06-06 13:30:00-04:00,0.5600000023841858,0.5600000023841858,0.5600000023841858,0.5600000023841858,2087,0.0,0.0
2024-06-06 14:30:00-04:00,0.5601000189781189,0.5601000189781189,0.5601000189781189,0.5601000189781189,275,0.0,0.0
2024-06-06 15:30:00-04:00,0.5799000263214111,0.5799000263214111,0.5701000094413757,0.5701000094413757,2319,0.0,0.0
2024-06-07 09:30:00-04:00,0.550000011920929,0.5649999976158142,0.5299999713897705,0.554099977016449,39447,0.0,0.0
2024-06-07 10:30:00-04:00,0.5400000214576721,0.5534999966621399,0.5400000214576721,0.5529999732971191,1811,0.0,0.0
2024-06-07 11:30:00-04:00,0.5425000190734863,0.5425000190734863,0.5425000190734863,0.5425000190734863,193,0.0,0.0
2024-06-07 12:30:00-04:00,0.5483999848365784,0.5612000226974487,0.5424000024795532,0.5424000024795532,21204,0.0,0.0
2024-06-07 13:30:00-04:00,0.5414000153541565,0.5604000091552734,0.5407999753952026,0.5407999753952026,8846,0.0,0.0
2024-06-07 14:30:00-04:00,0.550000011920929,0.5555999875068665,0.546999990940094,0.5555999875068665,6219,0.0,0.0
2024-06-07 15:30:00-04:00,0.5550000071525574,0.5554999709129333,0.5408999919891357,0.5408999919891357,1675,0.0,0.0
2024-06-10 09:30:00-04:00,0.5629000067710876,0.5629000067710876,0.5450000166893005,0.5450000166893005,18194,0.0,0.0
2024-06-10 10:30:00-04:00,0.5300999879837036,0.5590000152587891,0.5299999713897705,0.5304999947547913,2903,0.0,0.0
2024-06-10 11:30:00-04:00,0.5397999882698059,0.5598999857902527,0.535099983215332,0.550000011920929,3740,0.0,0.0
2024-06-10 12:30:00-04:00,0.5507000088691711,0.560699999332428,0.5507000088691711,0.560699999332428,2940,0.0,0.0
2024-06-10 13:30:00-04:00,0.5699999928474426,0.5699999928474426,0.5600000023841858,0.5699999928474426,8572,0.0,0.0
2024-06-10 14:30:00-04:00,0.5789999961853027,0.5820000171661377,0.5699999928474426,0.5809999704360962,10691,0.0,0.0
2024-06-10 15:30:00-04:00,0.5770000219345093,0.5807999968528748,0.5701000094413757,0.5807999968528748,6195,0.0,0.0
2024-06-11 09:30:00-04:00,0.5785999894142151,0.5799999833106995,0.550000011920929,0.550000011920929,6426,0.0,0.0
2024-06-11 10:30:00-04:00,0.5799999833106995,0.5799999833106995,0.5799999833106995,0.5799999833106995,275,0.0,0.0
2024-06-11 11:30:00-04:00,0.5699999928474426,0.5899999737739563,0.5699999928474426,0.5799000263214111,28330,0.0,0.0
2024-06-11 12:30:00-04:00,0.5799000263214111,0.5799000263214111,0.5699999928474426,0.5699999928474426,6366,0.0,0.0
2024-06-11 13:30:00-04:00,0.5802000164985657,0.5899999737739563,0.5802000164985657,0.5899999737739563,9516,0.0,0.0
2024-06-11 14:30:00-04:00,0.5800999999046326,0.5889999866485596,0.5800999999046326,0.5889999866485596,1373,0.0,0.0
2024-06-11 15:30:00-04:00,0.5889999866485596,0.5889999866485596,0.5699999928474426,0.5789999961853027,4725,0.0,0.0
2024-06-12 09:30:00-04:00,0.588699996471405,0.5997999906539917,0.574999988079071,0.5874999761581421,20993,0.0,0.0
2024-06-12 10:30:00-04:00,0.5989999771118164,0.5999000072479248,0.5755000114440918,0.599399983882904,13916,0.0,0.0
2024-06-12 11:30:00-04:00,0.5879999995231628,0.5879999995231628,0.5879999995231628,0.5879999995231628,412,0.0,0.0
2024-06-12 12:30:00-04:00,0.5557000041007996,0.5879999995231628,0.5557000041007996,0.5564000010490417,5601,0.0,0.0
2024-06-12 13:30:00-04:00,0.5735999941825867,0.5870000123977661,0.550000011920929,0.550000011920929,1513,0.0,0.0
2024-06-12 14:30:00-04:00,0.5839999914169312,0.5853000283241272,0.5839999914169312,0.5853000283241272,1078,0.0,0.0
2024-06-12 15:30:00-04:00,0.5856999754905701,0.5879999995231628,0.5799999833106995,0.5870000123977661,9860,0.0,0.0
2024-06-13 09:30:00-04:00,0.567300021648407,0.582099974155426,0.5526000261306763,0.5601000189781189,10388,0.0,0.0
2024-06-13 10:30:00-04:00,0.5710999965667725,0.5710999965667725,0.5600000023841858,0.5600000023841858,456,0.0,0.0
2024-06-13 11:30:00-04:00,0.5601000189781189,0.5601000189781189,0.5601000189781189,0.5601000189781189,4614,0.0,0.0
2024-06-13 13:30:00-04:00,0.5699999928474426,0.5699999928474426,0.5648999810218811,0.5648999810218811,962,0.0,0.0
2024-06-13 14:30:00-04:00,0.5601000189781189,0.5601000189781189,0.5601000189781189,0.5601000189781189,914,0.0,0.0
2024-06-13 15:30:00-04:00,0.5697000026702881,0.5697000026702881,0.5697000026702881,0.5697000026702881,562,0.0,0.0
2024-06-14 09:30:00-04:00,0.5698999762535095,0.5698999762535095,0.5629000067710876,0.5630000233650208,2649,0.0,0.0
2024-06-14 10:30:00-04:00,0.5629000067710876,0.5690000057220459,0.5565000176429749,0.5565000176429749,10934,0.0,0.0
2024-06-14 11:30:00-04:00,0.5587999820709229,0.5789999961853027,0.5587999820709229,0.5789999961853027,6576,0.0,0.0
2024-06-14 12:30:00-04:00,0.5789999961853027,0.5789999961853027,0.5789999961853027,0.5789999961853027,299,0.0,0.0
2024-06-14 13:30:00-04:00,0.5701000094413757,0.5777000188827515,0.5701000094413757,0.5777000188827515,1154,0.0,0.0
2024-06-14 14:30:00-04:00,0.5699999928474426,0.5770000219345093,0.5699999928474426,0.5770000219345093,906,0.0,0.0
2024-06-17 09:30:00-04:00,0.5699999928474426,0.5895000100135803,0.5600000023841858,0.5895000100135803,19488,0.0,0.0
2024-06-17 10:30:00-04:00,0.5898000001907349,0.589900016784668,0.5799999833106995,0.5799999833106995,9512,0.0,0.0
2024-06-17 11:30:00-04:00,0.5838000178337097,0.583899974822998,0.5799999833106995,0.583899974822998,3361,0.0,0.0
2024-06-17 12:30:00-04:00,0.5834000110626221,0.5834000110626221,0.5834000110626221,0.5834000110626221,511,0.0,0.0
2024-06-17 13:30:00-04:00,0.583899974822998,0.5870000123977661,0.5799999833106995,0.5870000123977661,2739,0.0,0.0
2024-06-17 14:30:00-04:00,0.5835000276565552,0.5835000276565552,0.5799999833106995,0.5799999833106995,8635,0.0,0.0
2024-06-17 15:30:00-04:00,0.5895000100135803,0.5899999737739563,0.588699996471405,0.5899999737739563,2189,0.0,0.0
2024-06-18 09:30:00-04:00,0.5899999737739563,0.5949000120162964,0.5899999737739563,0.5928000211715698,4887,0.0,0.0
2024-06-18 10:30:00-04:00,0.5899999737739563,0.5899999737739563,0.574999988079071,0.5899999737739563,40986,0.0,0.0
2024-06-18 11:30:00-04:00,0.5760999917984009,0.5760999917984009,0.5760999917984009,0.5760999917984009,522,0.0,0.0
2024-06-18 12:30:00-04:00,0.5782999992370605,0.5827000141143799,0.574999988079071,0.5788000226020813,13479,0.0,0.0
2024-06-18 13:30:00-04:00,0.574999988079071,0.574999988079071,0.574999988079071,0.574999988079071,0,0.0,0.0
2024-06-18 14:30:00-04:00,0.5794000029563904,0.5794000029563904,0.5794000029563904,0.5794000029563904,8032,0.0,0.0
2024-06-18 15:30:00-04:00,0.5519999861717224,0.5529999732971191,0.5339999794960022,0.5360000133514404,5833,0.0,0.0
2024-06-20 09:30:00-04:00,0.5303000211715698,0.5501000285148621,0.5299999713897705,0.5400000214576721,28103,0.0,0.0
2024-06-20 10:30:00-04:00,0.5400999784469604,0.550000011920929,0.5400999784469604,0.550000011920929,14876,0.0,0.0
2024-06-20 11:30:00-04:00,0.550000011920929,0.5501000285148621,0.5304999947547913,0.5304999947547913,22063,0.0,0.0
2024-06-20 12:30:00-04:00,0.5300999879837036,0.5400000214576721,0.5299999713897705,0.5400000214576721,4925,0.0,0.0
2024-06-20 13:30:00-04:00,0.5396000146865845,0.5396000146865845,0.5353999733924866,0.5353999733924866,3110,0.0,0.0
2024-06-20 14:30:00-04:00,0.5371999740600586,0.5372999906539917,0.5288000106811523,0.5288000106811523,19875,0.0,0.0
2024-06-20 15:30:00-04:00,0.527999997138977,0.5289999842643738,0.4618000090122223,0.46630001068115234,55913,0.0,0.0
2024-06-21 09:30:00-04:00,0.45010000467300415,0.4828000068664551,0.4401000142097473,0.46000000834465027,57790,0.0,0.0
2024-06-21 10:30:00-04:00,0.4648999869823456,0.4690000116825104,0.44999998807907104,0.4650000035762787,8276,0.0,0.0
2024-06-21 11:30:00-04:00,0.4675999879837036,0.4699999988079071,0.4650999903678894,0.4675000011920929,21068,0.0,0.0
2024-06-21 12:30:00-04:00,0.46000000834465027,0.46000000834465027,0.40049999952316284,0.4278999865055084,35242,0.0,0.0
2024-06-21 13:30:00-04:00,0.42500001192092896,0.44749999046325684,0.42500001192092896,0.44749999046325684,1868,0.0,0.0
2024-06-21 14:30:00-04:00,0.42719998955726624,0.42719998955726624,0.42500001192092896,0.42500001192092896,13508,0.0,0.0
2024-06-21 15:30:00-04:00,0.4300000071525574,0.45329999923706055,0.4300000071525574,0.4399999976158142,20355,0.0,0.0
2024-06-24 09:30:00-04:00,0.4449999928474426,0.49000000953674316,0.4449999928474426,0.4880000054836273,21438,0.0,0.0
2024-06-24 10:30:00-04:00,0.48500001430511475,0.5098999738693237,0.48500001430511475,0.4950000047683716,4248,0.0,0.0
2024-06-24 11:30:00-04:00,0.4975000023841858,0.4975000023841858,0.48260000348091125,0.4839000105857849,2201,0.0,0.0
2024-06-24 12:30:00-04:00,0.48260000348091125,0.5099999904632568,0.47999998927116394,0.5099999904632568,7409,0.0,0.0
2024-06-24 13:30:00-04:00,0.47999998927116394,0.4948999881744385,0.45989999175071716,0.4797999858856201,12614,0.0,0.0
2024-06-24 14:30:00-04:00,0.46959999203681946,0.4699999988079071,0.45010000467300415,0.4699000120162964,10916,0.0,0.0
2024-06-24 15:30:00-04:00,0.4648999869823456,0.4699999988079071,0.45019999146461487,0.460099995136261,17307,0.0,0.0
2024-06-25 09:30:00-04:00,0.44699999690055847,0.47999998927116394,0.44699999690055847,0.4699999988079071,8084,0.0,0.0
2024-06-25 10:30:00-04:00,0.4749999940395355,0.5,0.4699999988079071,0.4934999942779541,24151,0.0,0.0
2024-06-25 11:30:00-04:00,0.5,0.5,0.4754999876022339,0.476500004529953,7764,0.0,0.0
2024-06-25 12:30:00-04:00,0.4616999924182892,0.476500004529953,0.4616999924182892,0.46219998598098755,13911,0.0,0.0
2024-06-25 13:30:00-04:00,0.4659999907016754,0.47859999537467957,0.4659000039100647,0.47850000858306885,3536,0.0,0.0
2024-06-25 14:30:00-04:00,0.47850000858306885,0.47850000858306885,0.4659999907016754,0.4708000123500824,5582,0.0,0.0
2024-06-25 15:30:00-04:00,0.46950000524520874,0.47049999237060547,0.4399999976158142,0.44519999623298645,18160,0.0,0.0
2024-06-26 09:30:00-04:00,0.4300999939441681,0.4399999976158142,0.4300999939441681,0.4350999891757965,16363,0.0,0.0
2024-06-26 10:30:00-04:00,0.4399999976158142,0.44999998807907104,0.4350999891757965,0.44999998807907104,22702,0.0,0.0
2024-06-26 11:30:00-04:00,0.44999998807907104,0.44999998807907104,0.4401000142097473,0.44999998807907104,7396,0.0,0.0
2024-06-26 12:30:00-04:00,0.44510000944137573,0.44999998807907104,0.44510000944137573,0.44699999690055847,7486,0.0,0.0
2024-06-26 13:30:00-04:00,0.4505000114440918,0.47450000047683716,0.44699999690055847,0.4700999855995178,35919,0.0,0.0
2024-06-26 14:30:00-04:00,0.47049999237060547,0.4706999957561493,0.4255000054836273,0.4580000042915344,48624,0.0,0.0
2024-06-26 15:30:00-04:00,0.4580000042915344,0.46000000834465027,0.4350000023841858,0.4505000114440918,24479,0.0,0.0
2024-06-27 09:30:00-04:00,0.44600000977516174,0.4650000035762787,0.4429999887943268,0.4429999887943268,15993,0.0,0.0
2024-06-27 10:30:00-04:00,0.46000000834465027,0.46000000834465027,0.46000000834465027,0.46000000834465027,561,0.0,0.0
2024-06-27 11:30:00-04:00,0.45100000500679016,0.45100000500679016,0.45100000500679016,0.45100000500679016,6404,0.0,0.0
2024-06-27 12:30:00-04:00,0.46000000834465027,0.46000000834465027,0.46000000834465027,0.46000000834465027,282,0.0,0.0
2024-06-27 13:30:00-04:00,0.4645000100135803,0.4645000100135803,0.41999998688697815,0.45750001072883606,20191,0.0,0.0
2024-06-27 14:30:00-04:00,0.45500001311302185,0.45500001311302185,0.44440001249313354,0.44510000944137573,8814,0.0,0.0
2024-06-27 15:30:00-04:00,0.44510000944137573,0.45320001244544983,0.4422999918460846,0.4449999928474426,14603,0.0,0.0
2024-06-28 09:30:00-04:00,0.44999998807907104,0.46000000834465027,0.44999998807907104,0.46000000834465027,16066,0.0,0.0
2024-06-28 10:30:00-04:00,0.45500001311302185,0.46000000834465027,0.4410000145435333,0.4498000144958496,17659,0.0,0.0
2024-06-28 11:30:00-04:00,0.43389999866485596,0.43389999866485596,0.4325999915599823,0.4325999915599823,2691,0.0,0.0
2024-06-28 12:30:00-04:00,0.43389999866485596,0.44999998807907104,0.43389999866485596,0.4449999928474426,2406,0.0,0.0
2024-06-28 13:30:00-04:00,0.44510000944137573,0.44510000944137573,0.4325999915599823,0.4350999891757965,6695,0.0,0.0
2024-06-28 14:30:00-04:00,0.4350000023841858,0.4350000023841858,0.4350000023841858,0.4350000023841858,2837,0.0,0.0
2024-06-28 15:30:00-04:00,0.4341999888420105,0.4341999888420105,0.4341999888420105,0.4341999888420105,446,0.0,0.0
2024-07-01 09:30:00-04:00,0.4334000051021576,0.46000000834465027,0.4334000051021576,0.4480000138282776,43112,0.0,0.0
2024-07-01 10:30:00-04:00,0.4498000144958496,0.4498000144958496,0.44029998779296875,0.4449999928474426,7246,0.0,0.0
2024-07-01 11:30:00-04:00,0.45980000495910645,0.46779999136924744,0.44999998807907104,0.45980000495910645,8898,0.0,0.0
2024-07-01 12:30:00-04:00,0.4449999928474426,0.44510000944137573,0.4327999949455261,0.43880000710487366,10535,0.0,0.0
2024-07-01 13:30:00-04:00,0.4350999891757965,0.44999998807907104,0.4350999891757965,0.44999998807907104,1800,0.0,0.0
2024-07-01 14:30:00-04:00,0.45019999146461487,0.45980000495910645,0.44519999623298645,0.450300008058548,3213,0.0,0.0
2024-07-01 15:30:00-04:00,0.44999998807907104,0.4648999869823456,0.4401000142097473,0.4401000142097473,11591,0.0,0.0
2024-07-02 09:30:00-04:00,0.4399999976158142,0.46000000834465027,0.4399999976158142,0.4401000142097473,6148,0.0,0.0
2024-07-02 10:30:00-04:00,0.44040000438690186,0.46000000834465027,0.4401000142097473,0.44690001010894775,4439,0.0,0.0
2024-07-02 11:30:00-04:00,0.44999998807907104,0.44999998807907104,0.44999998807907104,0.44999998807907104,631,0.0,0.0
2024-07-02 12:30:00-04:00,0.44999998807907104,0.44999998807907104,0.44690001010894775,0.44690001010894775,6136,0.0,0.0
2024-07-02 13:30:00-04:00,0.4408999979496002,0.44269999861717224,0.4408999979496002,0.44269999861717224,1163,0.0,0.0
2024-07-02 15:30:00-04:00,0.44999998807907104,0.4555000066757202,0.4449999928474426,0.4487999975681305,4900,0.0,0.0
2024-07-03 09:30:00-04:00,0.45989999175071716,0.46459999680519104,0.4449999928474426,0.44510000944137573,15947,0.0,0.0
2024-07-03 10:30:00-04:00,0.4490000009536743,0.45500001311302185,0.44699999690055847,0.4496000111103058,25157,0.0,0.0
2024-07-03 11:30:00-04:00,0.44999998807907104,0.45829999446868896,0.44699999690055847,0.45489999651908875,8533,0.0,0.0
2024-07-03 12:30:00-04:00,0.4472000002861023,0.451200008392334,0.4472000002861023,0.44859999418258667,1916,0.0,0.0
2024-07-05 09:30:00-04:00,0.44999998807907104,0.4699999988079071,0.44999998807907104,0.4699999988079071,14034,0.0,0.0
2024-07-05 10:30:00-04:00,0.4643000066280365,0.4643000066280365,0.4595000147819519,0.4595000147819519,2021,0.0,0.0
2024-07-05 12:30:00-04:00,0.45899999141693115,0.45910000801086426,0.45899999141693115,0.45910000801086426,669,0.0,0.0
2024-07-05 13:30:00-04:00,0.4551999866962433,0.45649999380111694,0.4449999928474426,0.44830000400543213,10668,0.0,0.0
2024-07-05 14:30:00-04:00,0.43209999799728394,0.43209999799728394,0.43209999799728394,0.43209999799728394,405,0.0,0.0
2024-07-05 15:30:00-04:00,0.4422000050544739,0.4422000050544739,0.4350000023841858,0.4359999895095825,2914,0.0,0.0
2024-07-08 09:30:00-04:00,0.4399999976158142,0.4399999976158142,0.4397999942302704,0.4397999942302704,7282,0.0,0.0
2024-07-08 10:30:00-04:00,0.4397999942302704,0.4449999928474426,0.4397999942302704,0.44440001249313354,600,0.0,0.0
2024-07-08 11:30:00-04:00,0.44200000166893005,0.4699999988079071,0.4399999976158142,0.45500001311302185,22738,0.0,0.0
2024-07-08 12:30:00-04:00,0.4584999978542328,0.4584999978542328,0.4496999979019165,0.4496999979019165,7567,0.0,0.0
2024-07-08 13:30:00-04:00,0.45500001311302185,0.45500001311302185,0.4449999928474426,0.4458000063896179,13913,0.0,0.0
2024-07-08 14:30:00-04:00,0.447299987077713,0.44999998807907104,0.44699999690055847,0.4489000141620636,4493,0.0,0.0
2024-07-08 15:30:00-04:00,0.445499986410141,0.4494999945163727,0.4399999976158142,0.44020000100135803,26867,0.0,0.0
2024-07-09 09:30:00-04:00,0.45100000500679016,0.45989999175071716,0.41339999437332153,0.4478999972343445,50477,0.0,0.0
2024-07-09 10:30:00-04:00,0.42500001192092896,0.42989999055862427,0.42500001192092896,0.42989999055862427,474,0.0,0.0
2024-07-09 11:30:00-04:00,0.4250999987125397,0.4250999987125397,0.42500001192092896,0.42500001192092896,1001,0.0,0.0
2024-07-09 12:30:00-04:00,0.4277999997138977,0.43459999561309814,0.4205999970436096,0.42899999022483826,10740,0.0,0.0
2024-07-09 13:30:00-04:00,0.4300000071525574,0.4300999939441681,0.42800000309944153,0.42800000309944153,7850,0.0,0.0
2024-07-09 14:30:00-04:00,0.4278999865055084,0.4278999865055084,0.4275999963283539,0.4275999963283539,0,0.0,0.0
2024-07-09 15:30:00-04:00,0.4278999865055084,0.4302000105381012,0.4278999865055084,0.4300000071525574,8972,0.0,0.0
2024-07-10 09:30:00-04:00,0.42809998989105225,0.42809998989105225,0.41600000858306885,0.41600000858306885,25378,0.0,0.0
2024-07-10 10:30:00-04:00,0.41679999232292175,0.42899999022483826,0.41679999232292175,0.41999998688697815,2487,0.0,0.0
2024-07-10 11:30:00-04:00,0.421099990606308,0.42989999055862427,0.42010000348091125,0.42989999055862427,4574,0.0,0.0
2024-07-10 13:30:00-04:00,0.4269999861717224,0.4293000102043152,0.4262000024318695,0.4293000102043152,6999,0.0,0.0
2024-07-10 14:30:00-04:00,0.42309999465942383,0.4293999969959259,0.41999998688697815,0.42100000381469727,12771,0.0,0.0
2024-07-11 09:30:00-04:00,0.41679999232292175,0.4271000027656555,0.41670000553131104,0.4271000027656555,6622,0.0,0.0
2024-07-11 10:30:00-04:00,0.4269999861717224,0.4271000027656555,0.41999998688697815,0.42399999499320984,1294,0.0,0.0
2024-07-11 11:30:00-04:00,0.42800000309944153,0.42800000309944153,0.41999998688697815,0.41999998688697815,3105,0.0,0.0
2024-07-11 12:30:00-04:00,0.42010000348091125,0.42010000348091125,0.42010000348091125,0.42010000348091125,1010,0.0,0.0
2024-07-11 13:30:00-04:00,0.42419999837875366,0.42419999837875366,0.27000001072883606,0.35749998688697815,137984,0.0,0.0
2024-07-11 14:30:00-04:00,0.35749998688697815,0.3700000047683716,0.35749998688697815,0.3677999973297119,72705,0.0,0.0
2024-07-11 15:30:00-04:00,0.3677000105381012,0.375,0.36559998989105225,0.375,9179,0.0,0.0
2024-07-12 09:30:00-04:00,0.3668999969959259,0.375,0.3668999969959259,0.3700000047683716,7016,0.0,0.0
2024-07-12 10:30:00-04:00,0.3790000081062317,0.3790000081062317,0.3610000014305115,0.3610000014305115,13744,0.0,0.0
2024-07-12 11:30:00-04:00,0.3675000071525574,0.3675000071525574,0.36309999227523804,0.3634999990463257,4059,0.0,0.0
2024-07-12 12:30:00-04:00,0.367000013589859,0.367000013589859,0.3610000014305115,0.3610000014305115,7456,0.0,0.0
2024-07-12 13:30:00-04:00,0.3610999882221222,0.36899998784065247,0.35499998927116394,0.36230000853538513,17256,0.0,0.0
2024-07-12 14:30:00-04:00,0.36959999799728394,0.36959999799728394,0.35499998927116394,0.35690000653266907,12784,0.0,0.0
2024-07-15 09:30:00-04:00,0.35600000619888306,0.3700000047683716,0.35600000619888306,0.3635999858379364,12274,0.0,0.0
2024-07-15 10:30:00-04:00,0.36719998717308044,0.36809998750686646,0.3564999997615814,0.35659998655319214,10891,0.0,0.0
2024-07-15 11:30:00-04:00,0.35659998655319214,0.3646000027656555,0.35659998655319214,0.36230000853538513,10488,0.0,0.0
2024-07-15 13:30:00-04:00,0.36239999532699585,0.3646000027656555,0.3601999878883362,0.3601999878883362,3162,0.0,0.0
2024-07-15 14:30:00-04:00,0.36010000109672546,0.36010000109672546,0.35519999265670776,0.35839998722076416,14977,0.0,0.0
2024-07-15 15:30:00-04:00,0.35690000653266907,0.3578999936580658,0.35519999265670776,0.35600000619888306,3811,0.0,0.0
2024-07-16 09:30:00-04:00,0.3790000081062317,0.3790000081062317,0.36579999327659607,0.3659999966621399,4503,0.0,0.0
2024-07-16 10:30:00-04:00,0.3675999939441681,0.36809998750686646,0.36579999327659607,0.3675000071525574,6914,0.0,0.0
2024-07-16 11:30:00-04:00,0.3659000098705292,0.3693000078201294,0.3659000098705292,0.3659000098705292,2673,0.0,0.0
2024-07-16 12:30:00-04:00,0.3659000098705292,0.3659999966621399,0.36469998955726624,0.36469998955726624,0,0.0,0.0
2024-07-16 13:30:00-04:00,0.36390000581741333,0.3675999939441681,0.3628999888896942,0.3628999888896942,29428,0.0,0.0
2024-07-16 14:30:00-04:00,0.367000013589859,0.367000013589859,0.367000013589859,0.367000013589859,1616,0.0,0.0
2024-07-16 15:30:00-04:00,0.36039999127388,0.36550000309944153,0.36039999127388,0.3653999865055084,6131,0.0,0.0
2024-07-17 09:30:00-04:00,0.36000001430511475,0.367000013589859,0.36000001430511475,0.367000013589859,4399,0.0,0.0
2024-07-17 10:30:00-04:00,0.3635999858379364,0.367000013589859,0.3635999858379364,0.3668999969959259,1495,0.0,0.0
2024-07-17 11:30:00-04:00,0.367000013589859,0.367000013589859,0.3601999878883362,0.36399999260902405,6953,0.0,0.0
2024-07-17 12:30:00-04:00,0.36399999260902405,0.367000013589859,0.36399999260902405,0.367000013589859,3371,0.0,0.0
2024-07-17 13:30:00-04:00,0.36629998683929443,0.3671000003814697,0.36419999599456787,0.367000013589859,30400,0.0,0.0
2024-07-17 14:30:00-04:00,0.375,0.375,0.367000013589859,0.37130001187324524,8368,0.0,0.0
2024-07-17 15:30:00-04:00,0.3700999915599823,0.3711000084877014,0.3700000047683716,0.3700000047683716,9228,0.0,0.0
2024-07-18 09:30:00-04:00,0.358599990606308,0.375,0.350600004196167,0.37459999322891235,6156,0.0,0.0
2024-07-18 11:30:00-04:00,0.3610999882221222,0.3610999882221222,0.3610999882221222,0.3610999882221222,564,0.0,0.0
2024-07-18 12:30:00-04:00,0.36500000953674316,0.3652999997138977,0.3605000078678131,0.3646000027656555,2222,0.0,0.0
2024-07-18 13:30:00-04:00,0.36000001430511475,0.36000001430511475,0.3562000095844269,0.3562000095844269,2172,0.0,0.0
2024-07-18 14:30:00-04:00,0.3553999960422516,0.3598000109195709,0.3400000035762787,0.3400999903678894,12781,0.0,0.0
2024-07-18 15:30:00-04:00,0.3427000045776367,0.34540000557899475,0.3319999873638153,0.3319999873638153,18652,0.0,0.0
2024-07-19 09:30:00-04:00,0.3490000069141388,0.3490000069141388,0.3352999985218048,0.3353999853134155,4615,0.0,0.0
2024-07-19 10:30:00-04:00,0.3357999920845032,0.33719998598098755,0.3357999920845032,0.33629998564720154,5885,0.0,0.0
2024-07-19 11:30:00-04:00,0.33730000257492065,0.33730000257492065,0.32989999651908875,0.32989999651908875,11001,0.0,0.0
2024-07-19 12:30:00-04:00,0.33570000529289246,0.33570000529289246,0.335099995136261,0.335099995136261,1509,0.0,0.0
2024-07-19 14:30:00-04:00,0.33239999413490295,0.33239999413490295,0.33239999413490295,0.33239999413490295,592,0.0,0.0
2024-07-19 15:30:00-04:00,0.3352999985218048,0.3352999985218048,0.3352999985218048,0.3352999985218048,411,0.0,0.0
2024-07-22 09:30:00-04:00,0.3440000116825104,0.34529998898506165,0.3325999975204468,0.34529998898506165,7870,0.0,0.0
2024-07-22 10:30:00-04:00,0.33899998664855957,0.3391000032424927,0.3328000009059906,0.33899998664855957,1765,0.0,0.0
2024-07-22 11:30:00-04:00,0.33899998664855957,0.3440000116825104,0.320499986410141,0.32510000467300415,7275,0.0,0.0
2024-07-22 12:30:00-04:00,0.32589998841285706,0.3449999988079071,0.32589998841285706,0.3449000120162964,868,0.0,0.0
2024-07-22 13:30:00-04:00,0.3447999954223633,0.3447999954223633,0.3447999954223633,0.3447999954223633,330,0.0,0.0
2024-07-22 14:30:00-04:00,0.33059999346733093,0.33329999446868896,0.33059999346733093,0.33160001039505005,30717,0.0,0.0
2024-07-22 15:30:00-04:00,0.33329999446868896,0.33329999446868896,0.32919999957084656,0.32919999957084656,5335,0.0,0.0
2024-07-23 09:30:00-04:00,0.33489999175071716,0.33489999175071716,0.33489999175071716,0.33489999175071716,1611,0.0,0.0
2024-07-23 10:30:00-04:00,0.3393999934196472,0.3393999934196472,0.3393999934196472,0.3393999934196472,430,0.0,0.0
2024-07-23 11:30:00-04:00,0.3400999903678894,0.3400999903678894,0.3400999903678894,0.3400999903678894,261,0.0,0.0
2024-07-23 12:30:00-04:00,0.3490000069141388,0.3490000069141388,0.3411000072956085,0.3488999903202057,2826,0.0,0.0
2024-07-23 13:30:00-04:00,0.3488999903202057,0.3488999903202057,0.3488999903202057,0.3488999903202057,46,0.0,0.0
2024-07-23 14:30:00-04:00,0.33500000834465027,0.34150001406669617,0.33500000834465027,0.34150001406669617,1439,0.0,0.0
2024-07-23 15:30:00-04:00,0.3407000005245209,0.34459999203681946,0.3395000100135803,0.3400000035762787,10184,0.0,0.0
2024-07-24 09:30:00-04:00,0.36000001430511475,0.36000001430511475,0.3474000096321106,0.3474000096321106,8627,0.0,0.0
2024-07-24 10:30:00-04:00,0.3474000096321106,0.35989999771118164,0.3474000096321106,0.35989999771118164,372,0.0,0.0
2024-07-24 11:30:00-04:00,0.3589000105857849,0.3589000105857849,0.34689998626708984,0.3499999940395355,26216,0.0,0.0
2024-07-24 12:30:00-04:00,0.3400999903678894,0.3400999903678894,0.3400999903678894,0.3400999903678894,227,0.0,0.0
2024-07-24 14:30:00-04:00,0.3409999907016754,0.3409999907016754,0.3400000035762787,0.3400999903678894,5400,0.0,0.0
2024-07-24 15:30:00-04:00,0.3425999879837036,0.35499998927116394,0.3400000035762787,0.3499999940395355,3173,0.0,0.0
2024-07-25 09:30:00-04:00,0.34549999237060547,0.35499998927116394,0.3449999988079071,0.3449999988079071,16286,0.0,0.0
2024-07-25 11:30:00-04:00,0.3488999903202057,0.3499000072479248,0.3488999903202057,0.3499000072479248,4163,0.0,0.0
2024-07-25 12:30:00-04:00,0.3476000130176544,0.3499000072479248,0.3474999964237213,0.34950000047683716,3528,0.0,0.0
2024-07-25 13:30:00-04:00,0.3499999940395355,0.3499999940395355,0.3499999940395355,0.3499999940395355,3320,0.0,0.0
2024-07-26 09:30:00-04:00,0.36000001430511475,0.36000001430511475,0.3452000021934509,0.3452000021934509,8253,0.0,0.0
2024-07-26 10:30:00-04:00,0.3540000021457672,0.3540000021457672,0.35010001063346863,0.35010001063346863,1537,0.0,0.0
2024-07-26 11:30:00-04:00,0.3488999903202057,0.3488999903202057,0.3488999903202057,0.3488999903202057,163,0.0,0.0
2024-07-26 12:30:00-04:00,0.34610000252723694,0.34610000252723694,0.34610000252723694,0.34610000252723694,994,0.0,0.0
2024-07-26 13:30:00-04:00,0.35440000891685486,0.3544999957084656,0.35030001401901245,0.35030001401901245,5502,0.0,0.0
2024-07-26 14:30:00-04:00,0.351500004529953,0.351500004529953,0.351500004529953,0.351500004529953,1118,0.0,0.0
2024-07-26 15:30:00-04:00,0.35010001063346863,0.35010001063346863,0.3472000062465668,0.3472000062465668,494,0.0,0.0
2024-07-29 09:30:00-04:00,0.35499998927116394,0.35499998927116394,0.3452000021934509,0.3452000021934509,3057,0.0,0.0
2024-07-29 10:30:00-04:00,0.3476000130176544,0.3476000130176544,0.3476000130176544,0.3476000130176544,574,0.0,0.0
2024-07-29 11:30:00-04:00,0.3452000021934509,0.3452000021934509,0.3452000021934509,0.3452000021934509,2490,0.0,0.0
2024-07-29 12:30:00-04:00,0.3450999855995178,0.3474000096321106,0.3450999855995178,0.3474000096321106,3242,0.0,0.0
2024-07-29 13:30:00-04:00,0.3474000096321106,0.3474000096321106,0.34200000762939453,0.34200000762939453,4206,0.0,0.0
2024-07-29 15:30:00-04:00,0.3375999927520752,0.3375999927520752,0.3375999927520752,0.3375999927520752,6176,0.0,0.0
2024-07-30 09:30:00-04:00,0.3409999907016754,0.34150001406669617,0.3409999907016754,0.34150001406669617,1456,0.0,0.0
2024-07-30 10:30:00-04:00,0.3416000008583069,0.3416000008583069,0.3319999873638153,0.3400000035762787,9092,0.0,0.0
2024-07-30 11:30:00-04:00,0.335999995470047,0.33980000019073486,0.335999995470047,0.33980000019073486,393,0.0,0.0
2024-07-30 12:30:00-04:00,0.3398999869823456,0.3398999869823456,0.33980000019073486,0.33980000019073486,789,0.0,0.0
2024-07-30 14:30:00-04:00,0.3366999924182892,0.3400000035762787,0.3366999924182892,0.3377000093460083,2404,0.0,0.0
2024-07-30 15:30:00-04:00,0.3400000035762787,0.3400000035762787,0.337799996137619,0.337799996137619,1208,0.0,0.0
2024-07-31 09:30:00-04:00,0.3398999869823456,0.3425000011920929,0.33000001311302185,0.3425000011920929,5078,0.0,0.0
2024-07-31 10:30:00-04:00,0.33079999685287476,0.33079999685287476,0.3305000066757202,0.3305000066757202,9132,0.0,0.0
2024-07-31 11:30:00-04:00,0.33070001006126404,0.33500000834465027,0.33070001006126404,0.33500000834465027,0,0.0,0.0
2024-07-31 12:30:00-04:00,0.33500000834465027,0.33500000834465027,0.328900009393692,0.328900009393692,6478,0.0,0.0
2024-07-31 13:30:00-04:00,0.32659998536109924,0.32659998536109924,0.32580000162124634,0.32600000500679016,887,0.0,0.0
2024-07-31 14:30:00-04:00,0.33009999990463257,0.33340001106262207,0.32589998841285706,0.33340001106262207,9079,0.0,0.0
2024-07-31 15:30:00-04:00,0.32829999923706055,0.3336000144481659,0.32829999923706055,0.3336000144481659,7822,0.0,0.0
2024-08-01 09:30:00-04:00,0.3264999985694885,0.3264999985694885,0.31200000643730164,0.31200000643730164,17854,0.0,0.0
2024-08-01 10:30:00-04:00,0.3149999976158142,0.33000001311302185,0.31200000643730164,0.31200000643730164,9904,0.0,0.0
2024-08-01 11:30:00-04:00,0.31209999322891235,0.31299999356269836,0.31200000643730164,0.31200000643730164,13246,0.0,0.0
2024-08-01 12:30:00-04:00,0.31209999322891235,0.31209999322891235,0.31209999322891235,0.31209999322891235,709,0.0,0.0
2024-08-01 13:30:00-04:00,0.31779998540878296,0.32339999079704285,0.31779998540878296,0.32339999079704285,257,0.0,0.0
2024-08-01 14:30:00-04:00,0.31769999861717224,0.31779998540878296,0.30550000071525574,0.30550000071525574,119949,0.0,0.0
2024-08-01 15:30:00-04:00,0.30550000071525574,0.3059999942779541,0.29019999504089355,0.290800005197525,18877,0.0,0.0
2024-08-02 09:30:00-04:00,0.29089999198913574,0.3012999892234802,0.29089999198913574,0.3009999990463257,19616,0.0,0.0
2024-08-02 10:30:00-04:00,0.3005000054836273,0.3037000000476837,0.3000999987125397,0.3019999861717224,3749,0.0,0.0
2024-08-02 11:30:00-04:00,0.29100000858306885,0.29899999499320984,0.27140000462532043,0.28290000557899475,29005,0.0,0.0
2024-08-02 12:30:00-04:00,0.2816999852657318,0.28999999165534973,0.275299996137619,0.2825999855995178,0,0.0,0.0
2024-08-02 14:30:00-04:00,0.28529998660087585,0.28999999165534973,0.28529998660087585,0.28999999165534973,1455,0.0,0.0
2024-08-02 15:30:00-04:00,0.2897999882698059,0.2897999882698059,0.27549999952316284,0.27649998664855957,12793,0.0,0.0
2024-08-05 09:30:00-04:00,0.25,0.26600000262260437,0.24150000512599945,0.24150000512599945,34389,0.0,0.0
2024-08-05 10:30:00-04:00,0.25360000133514404,0.2743000090122223,0.25360000133514404,0.2685000002384186,25029,0.0,0.0
2024-08-05 11:30:00-04:00,0.27250000834465027,0.27619999647140503,0.27250000834465027,0.272599995136261,4254,0.0,0.0
2024-08-05 12:30:00-04:00,0.2687000036239624,0.2759999930858612,0.2687000036239624,0.2757999897003174,3719,0.0,0.0
2024-08-05 13:30:00-04:00,0.2761000096797943,0.27630001306533813,0.2750999927520752,0.27630001306533813,4538,0.0,0.0
2024-08-05 14:30:00-04:00,0.2761000096797943,0.2761000096797943,0.2761000096797943,0.2761000096797943,1155,0.0,0.0
2024-08-05 15:30:00-04:00,0.2808000147342682,0.2808000147342682,0.2806999981403351,0.2806999981403351,2838,0.0,0.0
2024-08-06 09:30:00-04:00,0.2800000011920929,0.2800000011920929,0.2800000011920929,0.2800000011920929,688,0.0,0.0
2024-08-06 10:30:00-04:00,0.2800999879837036,0.2800999879837036,0.27649998664855957,0.27649998664855957,6850,0.0,0.0
2024-08-06 11:30:00-04:00,0.2768999934196472,0.28600001335144043,0.2768999934196472,0.28600001335144043,10713,0.0,0.0
2024-08-06 12:30:00-04:00,0.296999990940094,0.296999990940094,0.2948000133037567,0.296999990940094,5168,0.0,0.0
2024-08-06 13:30:00-04:00,0.296999990940094,0.296999990940094,0.29249998927116394,0.29249998927116394,16011,0.0,0.0
2024-08-06 14:30:00-04:00,0.29249998927116394,0.29260000586509705,0.29249998927116394,0.29260000586509705,2447,0.0,0.0
2024-08-07 09:30:00-04:00,0.31700000166893005,0.33000001311302185,0.289000004529953,0.289000004529953,25035,0.0,0.0
2024-08-07 10:30:00-04:00,0.3287000060081482,0.34880000352859497,0.29010000824928284,0.29010000824928284,11667,0.0,0.0
2024-08-07 11:30:00-04:00,0.30309998989105225,0.30489999055862427,0.3012000024318695,0.30489999055862427,10230,0.0,0.0
2024-08-07 12:30:00-04:00,0.2930999994277954,0.2930999994277954,0.2930999994277954,0.2930999994277954,400,0.0,0.0
2024-08-07 13:30:00-04:00,0.31189998984336853,0.31209999322891235,0.3100000023841858,0.31209999322891235,6435,0.0,0.0
2024-08-07 15:30:00-04:00,0.3050000071525574,0.3050000071525574,0.299699991941452,0.299699991941452,1453,0.0,0.0
2024-08-08 09:30:00-04:00,0.3005000054836273,0.3005000054836273,0.3000999987125397,0.3000999987125397,837,0.0,0.0
2024-08-08 10:30:00-04:00,0.296999990940094,0.296999990940094,0.2955000102519989,0.2955000102519989,1151,0.0,0.0
2024-08-08 11:30:00-04:00,0.30079999566078186,0.30090001225471497,0.28999999165534973,0.295199990272522,15156,0.0,0.0
2024-08-08 14:30:00-04:00,0.29899999499320984,0.29899999499320984,0.29899999499320984,0.29899999499320984,1010,0.0,0.0
2024-08-09 09:30:00-04:00,0.3140000104904175,0.3140000104904175,0.29600000381469727,0.30000001192092896,1145,0.0,0.0
2024-08-09 10:30:00-04:00,0.30000001192092896,0.30000001192092896,0.30000001192092896,0.30000001192092896,320,0.0,0.0
2024-08-09 11:30:00-04:00,0.29989999532699585,0.3093000054359436,0.2953999936580658,0.3089999854564667,5895,0.0,0.0
2024-08-09 12:30:00-04:00,0.3059999942779541,0.3059999942779541,0.3059999942779541,0.3059999942779541,376,0.0,0.0
2024-08-09 14:30:00-04:00,0.30730000138282776,0.3100000023841858,0.30730000138282776,0.30790001153945923,8221,0.0,0.0
2024-08-09 15:30:00-04:00,0.31119999289512634,0.33000001311302185,0.3100000023841858,0.3278999924659729,63269,0.0,0.0
2024-08-12 09:30:00-04:00,0.3434000015258789,0.34610000252723694,0.3434000015258789,0.3434000015258789,3840,0.0,0.0
2024-08-12 10:30:00-04:00,0.328900009393692,0.328900009393692,0.3149999976158142,0.3149999976158142,4113,0.0,0.0
2024-08-12 11:30:00-04:00,0.3149999976158142,0.3160000145435333,0.2800000011920929,0.2800000011920929,66458,0.0,0.0
2024-08-12 12:30:00-04:00,0.31299999356269836,0.33329999446868896,0.30469998717308044,0.32589998841285706,12057,0.0,0.0
2024-08-12 13:30:00-04:00,0.304500013589859,0.304500013589859,0.304500013589859,0.304500013589859,1001,0.0,0.0
2024-08-12 14:30:00-04:00,0.30469998717308044,0.321399986743927,0.3046000003814697,0.3111000061035156,1242,0.0,0.0
2024-08-12 15:30:00-04:00,0.2962999939918518,0.3100999891757965,0.2962999939918518,0.3100999891757965,2540,0.0,0.0
2024-08-13 09:30:00-04:00,0.30410000681877136,0.3100999891757965,0.30000001192092896,0.3050999939441681,13771,0.0,0.0
2024-08-13 11:30:00-04:00,0.31450000405311584,0.31450000405311584,0.31040000915527344,0.3109999895095825,8081,0.0,0.0
2024-08-13 12:30:00-04:00,0.3109999895095825,0.31150001287460327,0.3109999895095825,0.31130000948905945,1312,0.0,0.0
2024-08-13 13:30:00-04:00,0.31139999628067017,0.3116999864578247,0.31060001254081726,0.31060001254081726,4159,0.0,0.0
2024-08-13 14:30:00-04:00,0.31049999594688416,0.3125,0.31049999594688416,0.3111000061035156,3755,0.0,0.0
2024-08-13 15:30:00-04:00,0.31060001254081726,0.31209999322891235,0.3100000023841858,0.3100000023841858,1527,0.0,0.0
2024-08-14 09:30:00-04:00,0.3100000023841858,0.3151000142097473,0.3100000023841858,0.31200000643730164,17769,0.0,0.0
2024-08-14 10:30:00-04:00,0.313400000333786,0.3160000145435333,0.30000001192092896,0.3084999918937683,16197,0.0,0.0
2024-08-14 11:30:00-04:00,0.3100000023841858,0.3100000023841858,0.30630001425743103,0.3082999885082245,5249,0.0,0.0
2024-08-14 12:30:00-04:00,0.30489999055862427,0.30550000071525574,0.30489999055862427,0.30550000071525574,452,0.0,0.0
2024-08-14 13:30:00-04:00,0.3109999895095825,0.3109999895095825,0.3089999854564667,0.3100000023841858,1130,0.0,0.0
2024-08-14 14:30:00-04:00,0.30559998750686646,0.3100000023841858,0.30550000071525574,0.3100000023841858,6627,0.0,0.0
2024-08-14 15:30:00-04:00,0.3050000071525574,0.3050000071525574,0.3050000071525574,0.3050000071525574,650,0.0,0.0
2024-08-15 09:30:00-04:00,0.31029999256134033,0.31029999256134033,0.31029999256134033,0.31029999256134033,1835,0.0,0.0
2024-08-15 10:30:00-04:00,0.3199999928474426,0.32019999623298645,0.31949999928474426,0.31949999928474426,6289,0.0,0.0
2024-08-15 11:30:00-04:00,0.3188999891281128,0.3188999891281128,0.31619998812675476,0.31619998812675476,1670,0.0,0.0
2024-08-15 12:30:00-04:00,0.31310001015663147,0.3188999891281128,0.31310001015663147,0.3188999891281128,4009,0.0,0.0
2024-08-15 13:30:00-04:00,0.3100999891757965,0.3140000104904175,0.3100999891757965,0.310699999332428,1514,0.0,0.0
2024-08-15 14:30:00-04:00,0.31839999556541443,0.3262999951839447,0.31839999556541443,0.32519999146461487,13973,0.0,0.0
2024-08-15 15:30:00-04:00,0.3264000117778778,0.3264000117778778,0.3264000117778778,0.3264000117778778,1046,0.0,0.0
2024-08-16 09:30:00-04:00,0.32989999651908875,0.335099995136261,0.310699999332428,0.3305000066757202,27512,0.0,0.0
2024-08-16 10:30:00-04:00,0.32989999651908875,0.33000001311302185,0.31540000438690186,0.31540000438690186,13044,0.0,0.0
2024-08-16 11:30:00-04:00,0.310699999332428,0.3109999895095825,0.310699999332428,0.310699999332428,5864,0.0,0.0
2024-08-16 13:30:00-04:00,0.31150001287460327,0.3199999928474426,0.31150001287460327,0.31949999928474426,3975,0.0,0.0
2024-08-16 14:30:00-04:00,0.3199000060558319,0.3199999928474426,0.3151000142097473,0.3151000142097473,4613,0.0,0.0
2024-08-16 15:30:00-04:00,0.31619998812675476,0.31619998812675476,0.31060001254081726,0.31060001254081726,4407,0.0,0.0
2024-08-19 09:30:00-04:00,0.31779998540878296,0.3199000060558319,0.31529998779296875,0.3199000060558319,7976,0.0,0.0
2024-08-19 10:30:00-04:00,0.31540000438690186,0.31540000438690186,0.31540000438690186,0.31540000438690186,1201,0.0,0.0
2024-08-19 11:30:00-04:00,0.31779998540878296,0.3199999928474426,0.31520000100135803,0.31520000100135803,16645,0.0,0.0
2024-08-19 12:30:00-04:00,0.3199999928474426,0.3328999876976013,0.3199999928474426,0.32899999618530273,30649,0.0,0.0
2024-08-19 13:30:00-04:00,0.3240000009536743,0.3240000009536743,0.3208000063896179,0.32170000672340393,1246,0.0,0.0
2024-08-19 14:30:00-04:00,0.3160000145435333,0.329800009727478,0.3149999976158142,0.32499998807907104,19991,0.0,0.0
2024-08-19 15:30:00-04:00,0.32499998807907104,0.35350000858306885,0.3212999999523163,0.35010001063346863,72802,0.0,0.0
2024-08-20 09:30:00-04:00,0.3321000039577484,0.37869998812675476,0.3321000039577484,0.37439998984336853,35463,0.0,0.0
2024-08-20 10:30:00-04:00,0.3700999915599823,0.37869998812675476,0.351500004529953,0.37869998812675476,41420,0.0,0.0
2024-08-20 11:30:00-04:00,0.375,0.3898000121116638,0.375,0.375,37401,0.0,0.0
2024-08-20 12:30:00-04:00,0.3871999979019165,0.3871999979019165,0.3700000047683716,0.3797000050544739,12155,0.0,0.0
2024-08-20 13:30:00-04:00,0.375,0.40400001406669617,0.3564000129699707,0.40389999747276306,45604,0.0,0.0
2024-08-20 14:30:00-04:00,0.4016999900341034,0.4187000095844269,0.3720000088214874,0.40470001101493835,74542,0.0,0.0
2024-08-20 15:30:00-04:00,0.4009000062942505,0.41999998688697815,0.4000000059604645,0.41999998688697815,18705,0.0,0.0
2024-08-21 09:30:00-04:00,0.41679999232292175,0.47999998927116394,0.4099999964237213,0.46779999136924744,158300,0.0,0.0
2024-08-21 10:30:00-04:00,0.46700000762939453,0.47999998927116394,0.42989999055862427,0.42989999055862427,48488,0.0,0.0
2024-08-21 11:30:00-04:00,0.46000000834465027,0.46000000834465027,0.4300000071525574,0.4348999857902527,20184,0.0,0.0
2024-08-21 12:30:00-04:00,0.4350000023841858,0.4399000108242035,0.4099999964237213,0.4099999964237213,11398,0.0,0.0
2024-08-21 13:30:00-04:00,0.42989999055862427,0.4399999976158142,0.4099999964237213,0.4255000054836273,35294,0.0,0.0
2024-08-21 14:30:00-04:00,0.41110000014305115,0.4399999976158142,0.41100001335144043,0.4300000071525574,58285,0.0,0.0
2024-08-21 15:30:00-04:00,0.4255000054836273,0.46000000834465027,0.4255000054836273,0.43299999833106995,77446,0.0,0.0
2024-08-22 09:30:00-04:00,0.4221999943256378,0.46000000834465027,0.42010000348091125,0.44999998807907104,10607,0.0,0.0
2024-08-22 10:30:00-04:00,0.45089998841285706,0.4699000120162964,0.44600000977516174,0.45980000495910645,45794,0.0,0.0
2024-08-22 11:30:00-04:00,0.45500001311302185,0.45570001006126404,0.4399999976158142,0.44999998807907104,15128,0.0,0.0
2024-08-22 12:30:00-04:00,0.44999998807907104,0.44999998807907104,0.4449000060558319,0.4449000060558319,15132,0.0,0.0
2024-08-22 13:30:00-04:00,0.4401000142097473,0.45489999651908875,0.4399999976158142,0.44999998807907104,10039,0.0,0.0
2024-08-22 14:30:00-04:00,0.45190000534057617,0.45190000534057617,0.4250999987125397,0.4250999987125397,21263,0.0,0.0
2024-08-22 15:30:00-04:00,0.4336000084877014,0.4341000020503998,0.4336000084877014,0.4341000020503998,1277,0.0,0.0
2024-08-23 09:30:00-04:00,0.421099990606308,0.45989999175071716,0.421099990606308,0.44999998807907104,8367,0.0,0.0
2024-08-23 10:30:00-04:00,0.4474000036716461,0.4474000036716461,0.4474000036716461,0.4474000036716461,1108,0.0,0.0
2024-08-23 11:30:00-04:00,0.4424999952316284,0.4440000057220459,0.421099990606308,0.4284999966621399,16380,0.0,0.0
2024-08-23 12:30:00-04:00,0.4300999939441681,0.4300999939441681,0.4300000071525574,0.4300000071525574,3555,0.0,0.0
2024-08-23 13:30:00-04:00,0.4399000108242035,0.4399000108242035,0.43939998745918274,0.43950000405311584,2204,0.0,0.0
2024-08-23 14:30:00-04:00,0.4388999938964844,0.4397999942302704,0.4300000071525574,0.4339999854564667,23558,0.0,0.0
2024-08-23 15:30:00-04:00,0.43779999017715454,0.43970000743865967,0.43389999866485596,0.43970000743865967,1919,0.0,0.0
2024-08-26 09:30:00-04:00,0.4050000011920929,0.4300000071525574,0.39500001072883606,0.41100001335144043,0,0.0,0.0
2024-08-26 11:30:00-04:00,0.4300999939441681,0.43970000743865967,0.4300000071525574,0.43950000405311584,3435,0.0,0.0
2024-08-26 12:30:00-04:00,0.43950000405311584,0.4480000138282776,0.4339999854564667,0.44780001044273376,18193,0.0,0.0
2024-08-26 13:30:00-04:00,0.44699999690055847,0.4478999972343445,0.43939998745918274,0.43939998745918274,10548,0.0,0.0
2024-08-26 14:30:00-04:00,0.4348999857902527,0.43950000405311584,0.4300000071525574,0.4359999895095825,9639,0.0,0.0
2024-08-26 15:30:00-04:00,0.4359000027179718,0.44029998779296875,0.4350000023841858,0.4390000104904175,15298,0.0,0.0
2024-08-27 09:30:00-04:00,0.42500001192092896,0.47999998927116394,0.42500001192092896,0.4738999903202057,49065,0.0,0.0
2024-08-27 10:30:00-04:00,0.4699999988079071,0.48500001430511475,0.460099995136261,0.47999998927116394,34217,0.0,0.0
2024-08-27 11:30:00-04:00,0.46000000834465027,0.4699999988079071,0.4399999976158142,0.4399999976158142,27114,0.0,0.0
2024-08-27 12:30:00-04:00,0.45750001072883606,0.45750001072883606,0.4449999928474426,0.4449999928474426,2680,0.0,0.0
2024-08-27 13:30:00-04:00,0.4449999928474426,0.45249998569488525,0.4449999928474426,0.45249998569488525,9336,0.0,0.0
2024-08-27 14:30:00-04:00,0.4569999873638153,0.4781999886035919,0.4569999873638153,0.4747999906539917,28237,0.0,0.0
2024-08-27 15:30:00-04:00,0.4650000035762787,0.5099999904632568,0.4650000035762787,0.49129998683929443,37068,0.0,0.0
2024-08-28 09:30:00-04:00,0.5040000081062317,0.5040000081062317,0.44999998807907104,0.44999998807907104,35824,0.0,0.0
2024-08-28 10:30:00-04:00,0.46000000834465027,0.46000000834465027,0.45010000467300415,0.45010000467300415,1698,0.0,0.0
2024-08-28 11:30:00-04:00,0.4580000042915344,0.4580000042915344,0.44999998807907104,0.44999998807907104,20443,0.0,0.0
2024-08-28 12:30:00-04:00,0.47999998927116394,0.47999998927116394,0.4799000024795532,0.4799000024795532,3284,0.0,0.0
2024-08-28 14:30:00-04:00,0.4726000130176544,0.48500001430511475,0.4726000130176544,0.48500001430511475,677,0.0,0.0
2024-08-28 15:30:00-04:00,0.46000000834465027,0.4767000079154968,0.46000000834465027,0.46000000834465027,8142,0.0,0.0
2024-08-29 09:30:00-04:00,0.4499000012874603,0.4790000021457672,0.4300000071525574,0.46799999475479126,76073,0.0,0.0
2024-08-29 10:30:00-04:00,0.48489999771118164,0.48489999771118164,0.47440001368522644,0.4832000136375427,23379,0.0,0.0
2024-08-29 11:30:00-04:00,0.4828999936580658,0.4887000024318695,0.4810999929904938,0.4810999929904938,18526,0.0,0.0
2024-08-29 12:30:00-04:00,0.48100000619888306,0.5,0.48100000619888306,0.4810999929904938,5452,0.0,0.0
2024-08-29 13:30:00-04:00,0.48170000314712524,0.4830000102519989,0.4810999929904938,0.4830000102519989,3233,0.0,0.0
2024-08-29 14:30:00-04:00,0.48100000619888306,0.48100000619888306,0.48010000586509705,0.48010000586509705,6388,0.0,0.0
2024-08-29 15:30:00-04:00,0.47440001368522644,0.47440001368522644,0.46000000834465027,0.46000000834465027,20921,0.0,0.0
2024-08-30 09:30:00-04:00,0.46000000834465027,0.4699999988079071,0.46000000834465027,0.46000000834465027,25147,0.0,0.0
2024-08-30 10:30:00-04:00,0.46000000834465027,0.46950000524520874,0.4447999894618988,0.44749999046325684,30724,0.0,0.0
2024-08-30 11:30:00-04:00,0.44749999046325684,0.44749999046325684,0.44429999589920044,0.4456000030040741,3233,0.0,0.0
2024-08-30 12:30:00-04:00,0.4429999887943268,0.4431000053882599,0.4399999976158142,0.4431000053882599,8890,0.0,0.0
2024-08-30 13:30:00-04:00,0.43779999017715454,0.4406000077724457,0.4372999966144562,0.4404999911785126,1429,0.0,0.0
2024-08-30 14:30:00-04:00,0.4406000077724457,0.4499000012874603,0.4406000077724457,0.4431999921798706,4629,0.0,0.0
2024-08-30 15:30:00-04:00,0.4415999948978424,0.44699999690055847,0.4399999976158142,0.4399999976158142,1055,0.0,0.0
2024-09-03 09:30:00-04:00,0.4399999976158142,0.4620000123977661,0.4300999939441681,0.4300999939441681,21322,0.0,0.0
2024-09-03 10:30:00-04:00,0.4300000071525574,0.44999998807907104,0.4300000071525574,0.4325999915599823,4094,0.0,0.0
2024-09-03 11:30:00-04:00,0.4499000012874603,0.4499000012874603,0.4490000009536743,0.4490000009536743,530,0.0,0.0
2024-09-03 12:30:00-04:00,0.44999998807907104,0.44999998807907104,0.43299999833106995,0.43299999833106995,7209,0.0,0.0
2024-09-03 13:30:00-04:00,0.43299999833106995,0.43299999833106995,0.43299999833106995,0.43299999833106995,2100,0.0,0.0
2024-09-03 14:30:00-04:00,0.43709999322891235,0.43709999322891235,0.43700000643730164,0.43700000643730164,119,0.0,0.0
2024-09-03 15:30:00-04:00,0.4300000071525574,0.4302000105381012,0.4300000071525574,0.4302000105381012,12503,0.0,0.0
2024-09-04 09:30:00-04:00,0.4659999907016754,0.47360000014305115,0.36660000681877136,0.36739999055862427,14089054,0.0,0.0
2024-09-04 10:30:00-04:00,0.3675000071525574,0.39500001072883606,0.33009999990463257,0.37290000915527344,867596,0.0,0.0
2024-09-04 11:30:00-04:00,0.37290000915527344,0.39500001072883606,0.36000001430511475,0.39500001072883606,387904,0.0,0.0
2024-09-04 12:30:00-04:00,0.39500001072883606,0.39719998836517334,0.3801000118255615,0.38960000872612,198524,0.0,0.0
2024-09-04 13:30:00-04:00,0.38960000872612,0.396699994802475,0.3837999999523163,0.3856000006198883,177733,0.0,0.0
2024-09-04 14:30:00-04:00,0.3871999979019165,0.39719998836517334,0.38260000944137573,0.39719998836517334,173892,0.0,0.0
2024-09-04 15:30:00-04:00,0.39989998936653137,0.4059999883174896,0.382099986076355,0.3822000026702881,300268,0.0,0.0
2024-09-05 09:30:00-04:00,0.36890000104904175,0.42500001192092896,0.3310999870300293,0.38580000400543213,475991,0.0,0.0
2024-09-05 10:30:00-04:00,0.385699987411499,0.4196000099182129,0.3686999976634979,0.4153999984264374,208399,0.0,0.0
2024-09-05 11:30:00-04:00,0.41600000858306885,0.4648999869823456,0.4099999964237213,0.42800000309944153,318298,0.0,0.0
2024-09-05 12:30:00-04:00,0.4228000044822693,0.427700012922287,0.36000001430511475,0.39500001072883606,179276,0.0,0.0
2024-09-05 13:30:00-04:00,0.38499999046325684,0.4050000011920929,0.38499999046325684,0.3880999982357025,30823,0.0,0.0
2024-09-05 14:30:00-04:00,0.3880000114440918,0.3887999951839447,0.3801000118255615,0.3871000111103058,42942,0.0,0.0
2024-09-05 15:30:00-04:00,0.3874000012874603,0.388700008392334,0.38260000944137573,0.3880999982357025,18290,0.0,0.0
2024-09-06 09:30:00-04:00,0.3700000047683716,0.3799999952316284,0.361299991607666,0.3700000047683716,48178,0.0,0.0
2024-09-06 10:30:00-04:00,0.3700999915599823,0.3700999915599823,0.34049999713897705,0.3571999967098236,71842,0.0,0.0
2024-09-06 11:30:00-04:00,0.3571999967098236,0.3700000047683716,0.3569999933242798,0.3587999939918518,5920,0.0,0.0
2024-09-06 12:30:00-04:00,0.3569999933242798,0.36079999804496765,0.3449999988079071,0.35510000586509705,20323,0.0,0.0
2024-09-06 13:30:00-04:00,0.35499998927116394,0.35499998927116394,0.3499999940395355,0.3547999858856201,13899,0.0,0.0
2024-09-06 14:30:00-04:00,0.35420000553131104,0.3610000014305115,0.35420000553131104,0.36010000109672546,22978,0.0,0.0
2024-09-06 15:30:00-04:00,0.35989999771118164,0.36010000109672546,0.34360000491142273,0.34360000491142273,26713,0.0,0.0
2024-09-09 09:30:00-04:00,0.3398999869823456,0.3398999869823456,0.3181000053882599,0.323199987411499,60402,0.0,0.0
2024-09-09 10:30:00-04:00,0.323199987411499,0.35190001130104065,0.3231000006198883,0.3472999930381775,58050,0.0,0.0
2024-09-09 11:30:00-04:00,0.3540000021457672,0.3630000054836273,0.3476000130176544,0.36000001430511475,23222,0.0,0.0
2024-09-09 12:30:00-04:00,0.3508000075817108,0.3869999945163727,0.3400000035762787,0.3400000035762787,40991,0.0,0.0
2024-09-09 13:30:00-04:00,0.34150001406669617,0.375,0.34150001406669617,0.3659999966621399,33477,0.0,0.0
2024-09-09 14:30:00-04:00,0.36649999022483826,0.36660000681877136,0.3400000035762787,0.3499999940395355,85637,0.0,0.0
2024-09-09 15:30:00-04:00,0.3596999943256378,0.3619999885559082,0.3560999929904938,0.3560999929904938,10362,0.0,0.0
2024-09-10 09:30:00-04:00,0.3443000018596649,0.3504999876022339,0.3269999921321869,0.3504999876022339,32729,0.0,0.0
2024-09-10 10:30:00-04:00,0.35499998927116394,0.35499998927116394,0.3240000009536743,0.329800009727478,48398,0.0,0.0
2024-09-10 12:30:00-04:00,0.33329999446868896,0.3416000008583069,0.329800009727478,0.329800009727478,45517,0.0,0.0
2024-09-10 13:30:00-04:00,0.329800009727478,0.3398999869823456,0.329800009727478,0.329800009727478,3593,0.0,0.0
2024-09-10 14:30:00-04:00,0.32989999651908875,0.3345000147819519,0.329800009727478,0.329800009727478,5162,0.0,0.0
2024-09-10 15:30:00-04:00,0.33000001311302185,0.3368000090122223,0.3240000009536743,0.3240000009536743,16280,0.0,0.0
2024-09-11 09:30:00-04:00,0.33649998903274536,0.33649998903274536,0.31299999356269836,0.31299999356269836,35366,0.0,0.0
2024-09-11 10:30:00-04:00,0.33489999175071716,0.33489999175071716,0.31060001254081726,0.3199999928474426,14120,0.0,0.0
2024-09-11 11:30:00-04:00,0.31529998779296875,0.31529998779296875,0.31060001254081726,0.3140000104904175,10361,0.0,0.0
2024-09-11 12:30:00-04:00,0.3199000060558319,0.3199000060558319,0.31060001254081726,0.3197999894618988,8982,0.0,0.0
2024-09-11 13:30:00-04:00,0.3197999894618988,0.3199000060558319,0.31459999084472656,0.31459999084472656,1455,0.0,0.0
2024-09-11 14:30:00-04:00,0.3199000060558319,0.3199000060558319,0.31520000100135803,0.31709998846054077,7052,0.0,0.0
2024-09-11 15:30:00-04:00,0.3125999867916107,0.3125999867916107,0.3109999895095825,0.3109999895095825,17876,0.0,0.0
2024-09-12 09:30:00-04:00,0.31200000643730164,0.31779998540878296,0.2919999957084656,0.3000999987125397,42994,0.0,0.0
2024-09-12 10:30:00-04:00,0.3149999976158142,0.3149999976158142,0.30000001192092896,0.30640000104904175,6561,0.0,0.0
2024-09-12 11:30:00-04:00,0.30000001192092896,0.3190000057220459,0.30000001192092896,0.3190000057220459,24947,0.0,0.0
2024-09-12 12:30:00-04:00,0.30809998512268066,0.30809998512268066,0.30809998512268066,0.30809998512268066,8909,0.0,0.0
2024-09-12 13:30:00-04:00,0.3100000023841858,0.3138999938964844,0.3100000023841858,0.3138999938964844,3379,0.0,0.0
2024-09-12 14:30:00-04:00,0.3199000060558319,0.3199000060558319,0.3050999939441681,0.3050999939441681,4610,0.0,0.0
2024-09-13 09:30:00-04:00,0.30000001192092896,0.3197999894618988,0.28049999475479126,0.30000001192092896,75535,0.0,0.0
2024-09-13 10:30:00-04:00,0.3000999987125397,0.3100000023841858,0.3000999987125397,0.3070000112056732,853,0.0,0.0
2024-09-13 11:30:00-04:00,0.3000999987125397,0.3199999928474426,0.3000999987125397,0.3100000023841858,3665,0.0,0.0
2024-09-13 12:30:00-04:00,0.31850001215934753,0.31850001215934753,0.31850001215934753,0.31850001215934753,500,0.0,0.0
2024-09-13 13:30:00-04:00,0.30000001192092896,0.3098999857902527,0.30000001192092896,0.3000999987125397,6237,0.0,0.0
2024-09-13 14:30:00-04:00,0.3100000023841858,0.3100000023841858,0.30000001192092896,0.30000001192092896,13605,0.0,0.0
2024-09-13 15:30:00-04:00,0.3089999854564667,0.3089999854564667,0.30300000309944153,0.30300000309944153,2334,0.0,0.0
2024-09-16 09:30:00-04:00,0.30000001192092896,0.3449999988079071,0.30000001192092896,0.33970001339912415,174545,0.0,0.0
2024-09-16 10:30:00-04:00,0.3398999869823456,0.36000001430511475,0.3398999869823456,0.3400000035762787,68266,0.0,0.0
2024-09-16 11:30:00-04:00,0.3434999883174896,0.3434999883174896,0.3199999928474426,0.32739999890327454,9790,0.0,0.0
2024-09-16 12:30:00-04:00,0.3375000059604645,0.3449000120162964,0.33009999990463257,0.3447999954223633,14278,0.0,0.0
2024-09-16 13:30:00-04:00,0.33000001311302185,0.34459999203681946,0.33000001311302185,0.34459999203681946,10384,0.0,0.0
2024-09-16 14:30:00-04:00,0.34450000524520874,0.34459999203681946,0.34450000524520874,0.34459999203681946,32043,0.0,0.0
2024-09-16 15:30:00-04:00,0.32499998807907104,0.32499998807907104,0.3158999979496002,0.31769999861717224,2994,0.0,0.0
2024-09-17 09:30:00-04:00,0.32190001010894775,0.33180001378059387,0.3149999976158142,0.3314000070095062,8672,0.0,0.0
2024-09-17 10:30:00-04:00,0.33070001006126404,0.3310000002384186,0.32100000977516174,0.3310000002384186,3537,0.0,0.0
2024-09-17 11:30:00-04:00,0.3109999895095825,0.33160001039505005,0.3109999895095825,0.3310000002384186,1330,0.0,0.0
2024-09-17 12:30:00-04:00,0.33160001039505005,0.33160001039505005,0.3190000057220459,0.3190000057220459,1441,0.0,0.0
2024-09-17 13:30:00-04:00,0.3249000012874603,0.33160001039505005,0.3249000012874603,0.33160001039505005,3852,0.0,0.0
2024-09-17 15:30:00-04:00,0.3199999928474426,0.3199999928474426,0.3199999928474426,0.3199999928474426,641,0.0,0.0
2024-09-18 09:30:00-04:00,0.32350000739097595,0.32350000739097595,0.3179999887943268,0.31929999589920044,16686,0.0,0.0
2024-09-18 10:30:00-04:00,0.3181000053882599,0.3199999928474426,0.3179999887943268,0.3179999887943268,10111,0.0,0.0
2024-09-18 11:30:00-04:00,0.3179999887943268,0.328000009059906,0.3179999887943268,0.328000009059906,5604,0.0,0.0
2024-09-18 12:30:00-04:00,0.320499986410141,0.3278000056743622,0.3179999887943268,0.3179999887943268,1413,0.0,0.0
2024-09-18 13:30:00-04:00,0.3179999887943268,0.32739999890327454,0.31790000200271606,0.32269999384880066,27609,0.0,0.0
2024-09-18 14:30:00-04:00,0.32499998807907104,0.32499998807907104,0.32499998807907104,0.32499998807907104,3172,0.0,0.0
2024-09-18 15:30:00-04:00,0.3197999894618988,0.3197999894618988,0.3109999895095825,0.3109999895095825,4048,0.0,0.0
2024-09-19 09:30:00-04:00,0.3240000009536743,0.3240000009536743,0.30329999327659607,0.31540000438690186,2576,0.0,0.0
2024-09-19 10:30:00-04:00,0.32760000228881836,0.3276999890804291,0.30059999227523804,0.30059999227523804,9543,0.0,0.0
2024-09-19 12:30:00-04:00,0.3019999861717224,0.3019999861717224,0.3019999861717224,0.3019999861717224,131,0.0,0.0
2024-09-19 13:30:00-04:00,0.32670000195503235,0.32670000195503235,0.3019999861717224,0.3021000027656555,3221,0.0,0.0
2024-09-19 14:30:00-04:00,0.3190000057220459,0.3190000057220459,0.30219998955726624,0.30230000615119934,2982,0.0,0.0
2024-09-19 15:30:00-04:00,0.3109999895095825,0.3109999895095825,0.3109999895095825,0.3109999895095825,1200,0.0,0.0
2024-09-20 09:30:00-04:00,0.3075000047683716,0.3075000047683716,0.29820001125335693,0.30000001192092896,10209,0.0,0.0
2024-09-20 10:30:00-04:00,0.3068000078201294,0.3068999946117401,0.29820001125335693,0.3066999912261963,16851,0.0,0.0
2024-09-20 11:30:00-04:00,0.29910001158714294,0.29910001158714294,0.29899999499320984,0.29899999499320984,2367,0.0,0.0
2024-09-20 12:30:00-04:00,0.2994999885559082,0.2994999885559082,0.2906999886035919,0.29100000858306885,18587,0.0,0.0
2024-09-20 13:30:00-04:00,0.2944999933242798,0.29789999127388,0.29100000858306885,0.2919999957084656,4437,0.0,0.0
2024-09-20 14:30:00-04:00,0.29420000314712524,0.2976999878883362,0.2800000011920929,0.29760000109672546,29607,0.0,0.0
2024-09-20 15:30:00-04:00,0.2930000126361847,0.2939999997615814,0.2800000011920929,0.2937000095844269,4026,0.0,0.0
2024-09-23 09:30:00-04:00,0.2833999991416931,0.28999999165534973,0.2800000011920929,0.2849999964237213,13680,0.0,0.0
2024-09-23 10:30:00-04:00,0.28999999165534973,0.3199999928474426,0.2799000144004822,0.3100000023841858,3500,0.0,0.0
2024-09-23 11:30:00-04:00,0.30979999899864197,0.30979999899864197,0.29100000858306885,0.2919999957084656,2041,0.0,0.0
2024-09-23 12:30:00-04:00,0.3100000023841858,0.3100000023841858,0.3100000023841858,0.3100000023841858,288,0.0,0.0
2024-09-23 13:30:00-04:00,0.3100000023841858,0.3100000023841858,0.2919999957084656,0.3000999987125397,5546,0.0,0.0
2024-09-23 14:30:00-04:00,0.3000999987125397,0.3000999987125397,0.3000999987125397,0.3000999987125397,1490,0.0,0.0
2024-09-23 15:30:00-04:00,0.30070000886917114,0.3089999854564667,0.29989999532699585,0.30000001192092896,16656,0.0,0.0
2024-09-24 09:30:00-04:00,0.2919999957084656,0.3100000023841858,0.2919999957084656,0.3098999857902527,11961,0.0,0.0
2024-09-24 10:30:00-04:00,0.3199000060558319,0.33980000019073486,0.3073999881744385,0.33980000019073486,14373,0.0,0.0
2024-09-24 11:30:00-04:00,0.32030001282691956,0.3400000035762787,0.3100000023841858,0.32510000467300415,18957,0.0,0.0
2024-09-24 12:30:00-04:00,0.32499998807907104,0.3400000035762787,0.32199999690055847,0.3269999921321869,7718,0.0,0.0
2024-09-24 13:30:00-04:00,0.34459999203681946,0.3449999988079071,0.3269999921321869,0.3334999978542328,12619,0.0,0.0
2024-09-24 14:30:00-04:00,0.335999995470047,0.3700000047683716,0.335999995470047,0.3497999906539917,19582,0.0,0.0
2024-09-24 15:30:00-04:00,0.3450999855995178,0.3499000072479248,0.3400000035762787,0.34439998865127563,6793,0.0,0.0
2024-09-25 09:30:00-04:00,0.3449999988079071,0.3449999988079071,0.33500000834465027,0.3400000035762787,25091,0.0,0.0
2024-09-25 10:30:00-04:00,0.3440000116825104,0.3490000069141388,0.3440000116825104,0.3490000069141388,3558,0.0,0.0
2024-09-25 11:30:00-04:00,0.33340001106262207,0.35899999737739563,0.33340001106262207,0.34389999508857727,3972,0.0,0.0
2024-09-25 12:30:00-04:00,0.34700000286102295,0.3479999899864197,0.3400000035762787,0.3479999899864197,5940,0.0,0.0
2024-09-25 13:30:00-04:00,0.3441999852657318,0.3441999852657318,0.3400000035762787,0.3440000116825104,20931,0.0,0.0
2024-09-25 14:30:00-04:00,0.33000001311302185,0.3343000113964081,0.33000001311302185,0.3303999900817871,138,0.0,0.0
2024-09-25 15:30:00-04:00,0.33000001311302185,0.33000001311302185,0.33000001311302185,0.33000001311302185,1111,0.0,0.0
2024-09-26 09:30:00-04:00,0.32499998807907104,0.3370000123977661,0.32499998807907104,0.3370000123977661,15478,0.0,0.0
2024-09-26 10:30:00-04:00,0.33000001311302185,0.33000001311302185,0.33000001311302185,0.33000001311302185,4280,0.0,0.0
2024-09-26 12:30:00-04:00,0.33180001378059387,0.34369999170303345,0.33180001378059387,0.3398999869823456,1406,0.0,0.0
2024-09-26 13:30:00-04:00,0.33250001072883606,0.3400000035762787,0.33250001072883606,0.33250001072883606,4967,0.0,0.0
2024-09-26 15:30:00-04:00,0.33000001311302185,0.33000001311302185,0.33000001311302185,0.33000001311302185,6000,0.0,0.0
2024-09-27 09:30:00-04:00,0.32499998807907104,0.33000001311302185,0.3127000033855438,0.3296999931335449,28058,0.0,0.0
2024-09-27 11:30:00-04:00,0.3070000112056732,0.3269999921321869,0.3070000112056732,0.3199999928474426,1078,0.0,0.0
2024-09-27 12:30:00-04:00,0.32690000534057617,0.32690000534057617,0.3163999915122986,0.3163999915122986,224,0.0,0.0
2024-09-27 13:30:00-04:00,0.31040000915527344,0.31049999594688416,0.3059000074863434,0.3059000074863434,13817,0.0,0.0
2024-09-27 14:30:00-04:00,0.3098999857902527,0.3098999857902527,0.30869999527931213,0.30869999527931213,1665,0.0,0.0
2024-09-27 15:30:00-04:00,0.3102000057697296,0.3102000057697296,0.3100999891757965,0.3100999891757965,898,0.0,0.0
2024-09-30 09:30:00-04:00,0.3149999976158142,0.3149999976158142,0.3149000108242035,0.3149000108242035,3602,0.0,0.0
2024-09-30 10:30:00-04:00,0.3109999895095825,0.3149999976158142,0.3109999895095825,0.3149999976158142,868,0.0,0.0
2024-09-30 11:30:00-04:00,0.30709999799728394,0.3142000138759613,0.30709999799728394,0.3142000138759613,3226,0.0,0.0
2024-09-30 12:30:00-04:00,0.3149999976158142,0.3149999976158142,0.3149000108242035,0.3149000108242035,3361,0.0,0.0
2024-09-30 13:30:00-04:00,0.3149999976158142,0.3149999976158142,0.3149999976158142,0.3149999976158142,1559,0.0,0.0
2024-09-30 15:30:00-04:00,0.3181000053882599,0.3181000053882599,0.3181000053882599,0.3181000053882599,286,0.0,0.0
2024-10-01 09:30:00-04:00,0.32760000228881836,0.3400000035762787,0.3257000148296356,0.3391000032424927,4295,0.0,0.0
2024-10-01 10:30:00-04:00,0.335099995136261,0.3400000035762787,0.30799999833106995,0.33899998664855957,7355,0.0,0.0
2024-10-01 11:30:00-04:00,0.3091000020503998,0.33980000019073486,0.3091000020503998,0.33980000019073486,6873,0.0,0.0
2024-10-01 12:30:00-04:00,0.33500000834465027,0.33899998664855957,0.32100000977516174,0.32100000977516174,7354,0.0,0.0
2024-10-01 13:30:00-04:00,0.3179999887943268,0.32749998569488525,0.3179999887943268,0.32749998569488525,1199,0.0,0.0
2024-10-01 14:30:00-04:00,0.33899998664855957,0.33899998664855957,0.33869999647140503,0.33869999647140503,312,0.0,0.0
2024-10-01 15:30:00-04:00,0.3149999976158142,0.33980000019073486,0.3149999976158142,0.32420000433921814,1473,0.0,0.0
2024-10-02 09:30:00-04:00,0.329800009727478,0.3400000035762787,0.329800009727478,0.3336000144481659,3347,0.0,0.0
2024-10-02 10:30:00-04:00,0.3138999938964844,0.32899999618530273,0.3138999938964844,0.3255000114440918,18717,0.0,0.0
2024-10-02 12:30:00-04:00,0.3400000035762787,0.3400000035762787,0.33000001311302185,0.33899998664855957,8172,0.0,0.0
2024-10-02 13:30:00-04:00,0.3398999869823456,0.3400000035762787,0.3398999869823456,0.3400000035762787,1155,0.0,0.0
2024-10-02 14:30:00-04:00,0.3440000116825104,0.3644999861717224,0.3440000116825104,0.34709998965263367,20338,0.0,0.0
2024-10-02 15:30:00-04:00,0.3531000018119812,0.3531000018119812,0.34700000286102295,0.3483000099658966,7393,0.0,0.0
2024-10-03 09:30:00-04:00,0.3294999897480011,0.35899999737739563,0.3294999897480011,0.358599990606308,7166,0.0,0.0
2024-10-03 10:30:00-04:00,0.3580999970436096,0.3580999970436096,0.33959999680519104,0.35010001063346863,2158,0.0,0.0
2024-10-03 11:30:00-04:00,0.3578000068664551,0.3580000102519989,0.35019999742507935,0.35019999742507935,3767,0.0,0.0
2024-10-03 12:30:00-04:00,0.3488999903202057,0.35010001063346863,0.3450999855995178,0.3450999855995178,4744,0.0,0.0
2024-10-03 14:30:00-04:00,0.34940001368522644,0.34940001368522644,0.3400000035762787,0.3400000035762787,1036,0.0,0.0
2024-10-03 15:30:00-04:00,0.33149999380111694,0.3490999937057495,0.32499998807907104,0.3490999937057495,1891,0.0,0.0
2024-10-04 09:30:00-04:00,0.32989999651908875,0.3580000102519989,0.32499998807907104,0.3452000021934509,24907,0.0,0.0
2024-10-04 10:30:00-04:00,0.3474999964237213,0.3499000072479248,0.34450000524520874,0.34450000524520874,2480,0.0,0.0
2024-10-04 11:30:00-04:00,0.33970001339912415,0.3499999940395355,0.3343000113964081,0.3418999910354614,14436,0.0,0.0
2024-10-04 12:30:00-04:00,0.3418999910354614,0.34630000591278076,0.3400000035762787,0.3400000035762787,3103,0.0,0.0
2024-10-04 13:30:00-04:00,0.33469998836517334,0.33469998836517334,0.33169999718666077,0.33169999718666077,2352,0.0,0.0
2024-10-04 14:30:00-04:00,0.328000009059906,0.3393999934196472,0.328000009059906,0.33719998598098755,12089,0.0,0.0
2024-10-04 15:30:00-04:00,0.33559998869895935,0.33660000562667847,0.32499998807907104,0.32499998807907104,5210,0.0,0.0
2024-10-07 09:30:00-04:00,0.32499998807907104,0.3499999940395355,0.3057999908924103,0.3248000144958496,78430,0.0,0.0
2024-10-07 10:30:00-04:00,0.3499999940395355,0.3499999940395355,0.32100000977516174,0.32100000977516174,18484,0.0,0.0
2024-10-07 11:30:00-04:00,0.31150001287460327,0.33980000019073486,0.31060001254081726,0.31060001254081726,5160,0.0,0.0
2024-10-07 12:30:00-04:00,0.31060001254081726,0.3240000009536743,0.31060001254081726,0.31060001254081726,2710,0.0,0.0
2024-10-07 13:30:00-04:00,0.31859999895095825,0.329800009727478,0.3109999895095825,0.31349998712539673,10684,0.0,0.0
2024-10-07 14:30:00-04:00,0.32850000262260437,0.32850000262260437,0.3133000135421753,0.32850000262260437,5840,0.0,0.0
2024-10-07 15:30:00-04:00,0.32850000262260437,0.33000001311302185,0.3133000135421753,0.3133000135421753,6340,0.0,0.0
2024-10-08 09:30:00-04:00,0.3133000135421753,0.35499998927116394,0.3133000135421753,0.33239999413490295,30324,0.0,0.0
2024-10-08 10:30:00-04:00,0.32280001044273376,0.3449999988079071,0.31470000743865967,0.329800009727478,14969,0.0,0.0
2024-10-08 11:30:00-04:00,0.33889999985694885,0.3418999910354614,0.31470000743865967,0.33000001311302185,7432,0.0,0.0
2024-10-08 12:30:00-04:00,0.33000001311302185,0.3400000035762787,0.3269999921321869,0.33500000834465027,23740,0.0,0.0
2024-10-08 13:30:00-04:00,0.33739998936653137,0.33899998664855957,0.32989999651908875,0.33149999380111694,14414,0.0,0.0
2024-10-08 14:30:00-04:00,0.32510000467300415,0.32510000467300415,0.31470000743865967,0.31470000743865967,4346,0.0,0.0
2024-10-09 09:30:00-04:00,0.31529998779296875,0.31630000472068787,0.30000001192092896,0.31610000133514404,0,0.0,0.0
2024-10-09 10:30:00-04:00,0.3160000145435333,0.33329999446868896,0.3160000145435333,0.32010000944137573,1808,0.0,0.0
2024-10-09 11:30:00-04:00,0.3140000104904175,0.33000001311302185,0.3100999891757965,0.33000001311302185,5479,0.0,0.0
2024-10-09 12:30:00-04:00,0.320499986410141,0.320499986410141,0.31769999861717224,0.31769999861717224,1176,0.0,0.0
2024-10-09 14:30:00-04:00,0.32249999046325684,0.32249999046325684,0.3151000142097473,0.3151000142097473,3980,0.0,0.0
2024-10-09 15:30:00-04:00,0.3199999928474426,0.32989999651908875,0.3199999928474426,0.329800009727478,4174,0.0,0.0
2024-10-10 09:30:00-04:00,0.3197999894618988,0.329800009727478,0.298799991607666,0.3248000144958496,17407,0.0,0.0
2024-10-10 10:30:00-04:00,0.3246999979019165,0.3246999979019165,0.3100000023841858,0.3100000023841858,620,0.0,0.0
2024-10-10 11:30:00-04:00,0.3125,0.3249000012874603,0.3125,0.3248000144958496,7978,0.0,0.0
2024-10-10 12:30:00-04:00,0.32019999623298645,0.329800009727478,0.31790000200271606,0.32510000467300415,5651,0.0,0.0
2024-10-10 13:30:00-04:00,0.3246999979019165,0.3400000035762787,0.3240000009536743,0.329800009727478,14136,0.0,0.0
2024-10-10 14:30:00-04:00,0.32589998841285706,0.33500000834465027,0.32120001316070557,0.321399986743927,20643,0.0,0.0
2024-10-10 15:30:00-04:00,0.33480000495910645,0.33480000495910645,0.3111000061035156,0.3111000061035156,7468,0.0,0.0
2024-10-11 09:30:00-04:00,0.3111000061035156,0.33000001311302185,0.3111000061035156,0.3249000012874603,7779,0.0,0.0
2024-10-11 10:30:00-04:00,0.3296999931335449,0.3296999931335449,0.32600000500679016,0.32600000500679016,781,0.0,0.0
2024-10-11 11:30:00-04:00,0.32600000500679016,0.3499999940395355,0.32600000500679016,0.3379000127315521,30869,0.0,0.0
2024-10-11 12:30:00-04:00,0.337799996137619,0.3449999988079071,0.3312000036239624,0.3330000042915344,7672,0.0,0.0
2024-10-11 13:30:00-04:00,0.3330000042915344,0.3330000042915344,0.3321000039577484,0.3328000009059906,1711,0.0,0.0
2024-10-11 14:30:00-04:00,0.3330000042915344,0.3400000035762787,0.32749998569488525,0.32919999957084656,3043,0.0,0.0
2024-10-11 15:30:00-04:00,0.33000001311302185,0.3400000035762787,0.32600000500679016,0.32600000500679016,5286,0.0,0.0
2024-10-14 09:30:00-04:00,0.33500000834465027,0.3400000035762787,0.32600000500679016,0.32600000500679016,12611,0.0,0.0
2024-10-14 10:30:00-04:00,0.3319999873638153,0.3319999873638153,0.32600000500679016,0.328900009393692,936,0.0,0.0
2024-10-14 11:30:00-04:00,0.3278000056743622,0.3398999869823456,0.3278000056743622,0.3398999869823456,1081,0.0,0.0
2024-10-14 12:30:00-04:00,0.3264999985694885,0.3330000042915344,0.3131999969482422,0.3131999969482422,11499,0.0,0.0
2024-10-14 15:30:00-04:00,0.33739998936653137,0.3400000035762787,0.32850000262260437,0.3400000035762787,5233,0.0,0.0
2024-10-15 09:30:00-04:00,0.3400999903678894,0.3400999903678894,0.31299999356269836,0.3264999985694885,3528,0.0,0.0
2024-10-15 11:30:00-04:00,0.32010000944137573,0.3264999985694885,0.31299999356269836,0.31299999356269836,3889,0.0,0.0
2024-10-15 12:30:00-04:00,0.32109999656677246,0.32109999656677246,0.32109999656677246,0.32109999656677246,729,0.0,0.0
2024-10-15 13:30:00-04:00,0.3400000035762787,0.3400000035762787,0.31299999356269836,0.31450000405311584,9218,0.0,0.0
2024-10-15 14:30:00-04:00,0.3172999918460846,0.3400000035762787,0.3172999918460846,0.3400000035762787,62,0.0,0.0
2024-10-15 15:30:00-04:00,0.3151000142097473,0.3400000035762787,0.3149999976158142,0.3149999976158142,23283,0.0,0.0
2024-10-16 09:30:00-04:00,0.32109999656677246,0.3449999988079071,0.3149999976158142,0.3449999988079071,76841,0.0,0.0
2024-10-16 10:30:00-04:00,0.3449999988079071,0.3580000102519989,0.33500000834465027,0.3580000102519989,66104,0.0,0.0
2024-10-16 11:30:00-04:00,0.3578999936580658,0.3580000102519989,0.3449999988079071,0.3499000072479248,24818,0.0,0.0
2024-10-16 12:30:00-04:00,0.3499000072479248,0.3499999940395355,0.3418999910354614,0.3418999910354614,11042,0.0,0.0
2024-10-16 13:30:00-04:00,0.34200000762939453,0.3490000069141388,0.3411000072956085,0.3411000072956085,13941,0.0,0.0
2024-10-16 14:30:00-04:00,0.3411000072956085,0.3580000102519989,0.3310000002384186,0.34470000863075256,57713,0.0,0.0
2024-10-16 15:30:00-04:00,0.3449999988079071,0.35749998688697815,0.3400999903678894,0.3499999940395355,6893,0.0,0.0
2024-10-17 09:30:00-04:00,0.3400000035762787,0.35989999771118164,0.3352999985218048,0.33980000019073486,42535,0.0,0.0
2024-10-17 10:30:00-04:00,0.3391000032424927,0.3495999872684479,0.325300008058548,0.34450000524520874,17745,0.0,0.0
2024-10-17 11:30:00-04:00,0.34450000524520874,0.34450000524520874,0.3424000144004822,0.3424000144004822,653,0.0,0.0
2024-10-17 12:30:00-04:00,0.34200000762939453,0.34200000762939453,0.32109999656677246,0.33000001311302185,8136,0.0,0.0
2024-10-17 13:30:00-04:00,0.33000001311302185,0.33000001311302185,0.32600000500679016,0.33000001311302185,483,0.0,0.0
2024-10-17 14:30:00-04:00,0.34200000762939453,0.34200000762939453,0.32109999656677246,0.32109999656677246,1259,0.0,0.0
2024-10-17 15:30:00-04:00,0.3400000035762787,0.3400000035762787,0.3400000035762787,0.3400000035762787,408,0.0,0.0
2024-10-18 09:30:00-04:00,0.3319999873638153,0.33899998664855957,0.3319999873638153,0.33899998664855957,2360,0.0,0.0
2024-10-18 10:30:00-04:00,0.33899998664855957,0.3499999940395355,0.33899998664855957,0.3499999940395355,27888,0.0,0.0
2024-10-18 11:30:00-04:00,0.3499999940395355,0.3499999940395355,0.3400000035762787,0.3400000035762787,12919,0.0,0.0
2024-10-18 12:30:00-04:00,0.3375999927520752,0.3375999927520752,0.3375999927520752,0.3375999927520752,210,0.0,0.0
2024-10-18 13:30:00-04:00,0.3370000123977661,0.3400000035762787,0.3370000123977661,0.3400000035762787,1246,0.0,0.0
2024-10-18 14:30:00-04:00,0.3400000035762787,0.3400000035762787,0.3370000123977661,0.33709999918937683,1442,0.0,0.0
2024-10-18 15:30:00-04:00,0.3370000123977661,0.3400000035762787,0.33000001311302185,0.33000001311302185,3292,0.0,0.0
2024-10-21 09:30:00-04:00,0.33000001311302185,0.3499999940395355,0.32109999656677246,0.33009999990463257,26585,0.0,0.0
2024-10-21 10:30:00-04:00,0.32109999656677246,0.32109999656677246,0.32109999656677246,0.32109999656677246,1865,0.0,0.0
2024-10-21 11:30:00-04:00,0.32109999656677246,0.3400000035762787,0.32089999318122864,0.3305000066757202,11079,0.0,0.0
2024-10-21 12:30:00-04:00,0.32109999656677246,0.33899998664855957,0.32109999656677246,0.32109999656677246,8639,0.0,0.0
2024-10-21 13:30:00-04:00,0.33009999990463257,0.33009999990463257,0.32109999656677246,0.32109999656677246,16093,0.0,0.0
2024-10-21 14:30:00-04:00,0.32499998807907104,0.32499998807907104,0.32499998807907104,0.32499998807907104,1652,0.0,0.0
2024-10-21 15:30:00-04:00,0.3253999948501587,0.33379998803138733,0.32499998807907104,0.32499998807907104,3421,0.0,0.0
2024-10-22 09:30:00-04:00,0.3181000053882599,0.3199999928474426,0.30000001192092896,0.3199999928474426,37928,0.0,0.0
2024-10-22 10:30:00-04:00,0.3199999928474426,0.32499998807907104,0.3102000057697296,0.32499998807907104,6235,0.0,0.0
2024-10-22 11:30:00-04:00,0.3176000118255615,0.31769999861717224,0.3176000118255615,0.31769999861717224,2450,0.0,0.0
2024-10-22 13:30:00-04:00,0.3183000087738037,0.31839999556541443,0.3183000087738037,0.31839999556541443,11536,0.0,0.0
2024-10-22 15:30:00-04:00,0.32499998807907104,0.32499998807907104,0.3231000006198883,0.3231000006198883,1154,0.0,0.0
2024-10-23 09:30:00-04:00,0.3230000138282776,0.3230000138282776,0.30000001192092896,0.3149999976158142,43410,0.0,0.0
2024-10-23 11:30:00-04:00,0.3009999990463257,0.3009999990463257,0.3009999990463257,0.3009999990463257,383,0.0,0.0
2024-10-23 12:30:00-04:00,0.3019999861717224,0.3199000060558319,0.3012000024318695,0.3199000060558319,12538,0.0,0.0
2024-10-23 13:30:00-04:00,0.3012000024318695,0.3199000060558319,0.3012000024318695,0.3197999894618988,2386,0.0,0.0
2024-10-23 15:30:00-04:00,0.3100000023841858,0.31040000915527344,0.30399999022483826,0.3070000112056732,11232,0.0,0.0
2024-10-24 09:30:00-04:00,0.3070000112056732,0.31049999594688416,0.30000001192092896,0.31049999594688416,6923,0.0,0.0
2024-10-24 10:30:00-04:00,0.30090001225471497,0.30090001225471497,0.29499998688697815,0.30000001192092896,17722,0.0,0.0
2024-10-24 12:30:00-04:00,0.3199999928474426,0.3199999928474426,0.28999999165534973,0.28999999165534973,21940,0.0,0.0
2024-10-24 13:30:00-04:00,0.2922999858856201,0.30000001192092896,0.2922999858856201,0.30000001192092896,1995,0.0,0.0
2024-10-24 14:30:00-04:00,0.30000001192092896,0.30000001192092896,0.30000001192092896,0.30000001192092896,414,0.0,0.0
2024-10-24 15:30:00-04:00,0.2922999858856201,0.299699991941452,0.2922999858856201,0.29249998927116394,1548,0.0,0.0
2024-10-25 09:30:00-04:00,0.29499998688697815,0.29989999532699585,0.2921000123023987,0.29989999532699585,12444,0.0,0.0
2024-10-25 10:30:00-04:00,0.29809999465942383,0.29809999465942383,0.29260000586509705,0.29260000586509705,8807,0.0,0.0
2024-10-25 12:30:00-04:00,0.29490000009536743,0.29490000009536743,0.29019999504089355,0.29019999504089355,4759,0.0,0.0
2024-10-25 13:30:00-04:00,0.29019999504089355,0.2903999984264374,0.28600001335144043,0.289900004863739,27973,0.0,0.0
2024-10-25 14:30:00-04:00,0.2849999964237213,0.29499998688697815,0.2809999883174896,0.29490000009536743,22160,0.0,0.0
2024-10-25 15:30:00-04:00,0.29490000009536743,0.29499998688697815,0.29269999265670776,0.29499998688697815,15926,0.0,0.0
