Datetime,Open,High,Low,Close,Volume,Dividends,Stock Splits
2022-10-27 09:30:00-04:00,7.78000020980835,7.78000020980835,7.619999885559082,7.744999885559082,0,0.0,0.0
2022-10-27 10:30:00-04:00,7.809999942779541,7.809999942779541,7.710000038146973,7.710000038146973,1160,0.0,0.0
2022-10-27 11:30:00-04:00,7.735000133514404,7.78000020980835,7.704999923706055,7.715000152587891,4515,0.0,0.0
2022-10-27 12:30:00-04:00,7.739999771118164,7.840000152587891,7.730100154876709,7.829999923706055,4360,0.0,0.0
2022-10-27 13:30:00-04:00,7.824999809265137,7.824999809265137,7.75,7.75,2064,0.0,0.0
2022-10-27 14:30:00-04:00,7.739999771118164,7.739999771118164,7.639999866485596,7.639999866485596,5213,0.0,0.0
2022-10-27 15:30:00-04:00,7.630000114440918,7.670000076293945,7.5,7.5,14030,0.0,0.0
2022-10-28 09:30:00-04:00,7.539999961853027,7.648099899291992,7.3796000480651855,7.478799819946289,0,0.0,0.0
2022-10-28 10:30:00-04:00,7.380000114440918,7.53000020980835,7.380000114440918,7.489999771118164,3898,0.0,0.0
2022-10-28 11:30:00-04:00,7.489999771118164,7.599999904632568,7.489999771118164,7.599999904632568,2502,0.0,0.0
2022-10-28 12:30:00-04:00,7.559999942779541,7.743899822235107,7.559999942779541,7.639999866485596,6361,0.0,0.0
2022-10-28 13:30:00-04:00,7.585000038146973,7.630000114440918,7.550000190734863,7.619999885559082,4548,0.0,0.0
2022-10-28 14:30:00-04:00,7.619999885559082,7.739999771118164,7.619999885559082,7.739999771118164,5014,0.0,0.0
2022-10-28 15:30:00-04:00,7.739999771118164,7.75,7.699999809265137,7.730000019073486,5617,0.0,0.0
2022-10-31 09:30:00-04:00,7.739999771118164,8.079999923706055,7.739999771118164,7.914999961853027,16528,0.0,0.0
2022-10-31 10:30:00-04:00,7.909999847412109,7.960000038146973,7.900000095367432,7.960000038146973,4284,0.0,0.0
2022-10-31 11:30:00-04:00,7.954999923706055,8.029999732971191,7.954800128936768,8.0,2595,0.0,0.0
2022-10-31 12:30:00-04:00,8.0,8.050000190734863,7.985000133514404,8.010000228881836,3280,0.0,0.0
2022-10-31 13:30:00-04:00,8.0,8.069999694824219,8.0,8.0600004196167,2716,0.0,0.0
2022-10-31 14:30:00-04:00,8.0600004196167,8.069999694824219,8.020000457763672,8.020000457763672,4725,0.0,0.0
2022-10-31 15:30:00-04:00,8.0,8.0600004196167,7.920000076293945,7.949999809265137,11526,0.0,0.0
2022-11-01 09:30:00-04:00,7.989999771118164,8.109999656677246,7.809999942779541,7.891200065612793,17099,0.0,0.0
2022-11-01 10:30:00-04:00,7.875,7.899899959564209,7.829999923706055,7.899899959564209,2117,0.0,0.0
2022-11-01 11:30:00-04:00,7.840000152587891,7.849999904632568,7.840000152587891,7.849999904632568,1655,0.0,0.0
2022-11-01 12:30:00-04:00,7.889999866485596,7.934999942779541,7.854599952697754,7.880000114440918,1932,0.0,0.0
2022-11-01 13:30:00-04:00,8.008500099182129,8.008500099182129,7.970300197601318,7.970300197601318,2237,0.0,0.0
2022-11-01 14:30:00-04:00,7.989999771118164,8.020000457763672,7.909999847412109,7.920000076293945,2090,0.0,0.0
2022-11-01 15:30:00-04:00,7.929999828338623,8.0,7.920000076293945,7.940000057220459,7422,0.0,0.0
2022-11-02 09:30:00-04:00,7.860000133514404,7.949900150299072,7.809999942779541,7.850100040435791,2096,0.0,0.0
2022-11-02 10:30:00-04:00,7.889999866485596,7.889999866485596,7.889999866485596,7.889999866485596,516,0.0,0.0
2022-11-02 11:30:00-04:00,7.880000114440918,7.880000114440918,7.880000114440918,7.880000114440918,691,0.0,0.0
2022-11-02 12:30:00-04:00,7.800000190734863,7.829999923706055,7.800000190734863,7.829999923706055,608,0.0,0.0
2022-11-02 13:30:00-04:00,7.840000152587891,8.09000015258789,7.840000152587891,8.079999923706055,3748,0.0,0.0
2022-11-02 14:30:00-04:00,7.980000019073486,7.980000019073486,7.679999828338623,7.690000057220459,5643,0.0,0.0
2022-11-02 15:30:00-04:00,7.670000076293945,7.730000019073486,7.630000114440918,7.630000114440918,5719,0.0,0.0
2022-11-03 09:30:00-04:00,7.550000190734863,7.590000152587891,7.360000133514404,7.570000171661377,8932,0.0,0.0
2022-11-03 10:30:00-04:00,7.570000171661377,7.590000152587891,7.53000020980835,7.53000020980835,1629,0.0,0.0
2022-11-03 11:30:00-04:00,7.460000038146973,7.480000019073486,7.429999828338623,7.440000057220459,2951,0.0,0.0
2022-11-03 12:30:00-04:00,7.459700107574463,7.53000020980835,7.411200046539307,7.506800174713135,1192,0.0,0.0
2022-11-03 13:30:00-04:00,7.510000228881836,7.539899826049805,7.420000076293945,7.440000057220459,3195,0.0,0.0
2022-11-03 14:30:00-04:00,7.420000076293945,7.48360013961792,7.369999885559082,7.48360013961792,6103,0.0,0.0
2022-11-03 15:30:00-04:00,7.440100193023682,7.449999809265137,7.409999847412109,7.429999828338623,4375,0.0,0.0
2022-11-04 09:30:00-04:00,7.210000038146973,7.244999885559082,6.800000190734863,6.900000095367432,224356,0.0,0.0
2022-11-04 10:30:00-04:00,6.934999942779541,7.050000190734863,6.934999942779541,7.010000228881836,13473,0.0,0.0
2022-11-04 11:30:00-04:00,7.0,7.019999980926514,6.980000019073486,7.010000228881836,10931,0.0,0.0
2022-11-04 12:30:00-04:00,7.005000114440918,7.039999961853027,6.980000019073486,6.980000019073486,13268,0.0,0.0
2022-11-04 13:30:00-04:00,7.0,7.0,6.960000038146973,6.96999979019165,25606,0.0,0.0
2022-11-04 14:30:00-04:00,6.96999979019165,6.980000019073486,6.960000038146973,6.980000019073486,9812,0.0,0.0
2022-11-04 15:30:00-04:00,6.960000038146973,7.039999961853027,6.960000038146973,7.039999961853027,21325,0.0,0.0
2022-11-07 09:30:00-05:00,7.099999904632568,7.099999904632568,7.010000228881836,7.03000020980835,3093,0.0,0.0
2022-11-07 10:30:00-05:00,7.054999828338623,7.054999828338623,7.010000228881836,7.025000095367432,19027,0.0,0.0
2022-11-07 11:30:00-05:00,7.025000095367432,7.039999961853027,7.025000095367432,7.03000020980835,1260,0.0,0.0
2022-11-07 12:30:00-05:00,7.03000020980835,7.070000171661377,7.03000020980835,7.059999942779541,6831,0.0,0.0
2022-11-07 13:30:00-05:00,7.059999942779541,7.099999904632568,7.050000190734863,7.090000152587891,10094,0.0,0.0
2022-11-07 14:30:00-05:00,7.099999904632568,7.110000133514404,7.070099830627441,7.070099830627441,5243,0.0,0.0
2022-11-07 15:30:00-05:00,7.070000171661377,7.110000133514404,7.050000190734863,7.099999904632568,12312,0.0,0.0
2022-11-08 09:30:00-05:00,7.110000133514404,7.150000095367432,7.050000190734863,7.119999885559082,14246,0.0,0.0
2022-11-08 10:30:00-05:00,7.150000095367432,7.295000076293945,7.079999923706055,7.239999771118164,45076,0.0,0.0
2022-11-08 11:30:00-05:00,7.21999979019165,7.315000057220459,7.21999979019165,7.239999771118164,8901,0.0,0.0
2022-11-08 12:30:00-05:00,7.269999980926514,7.289999961853027,7.199999809265137,7.239999771118164,28848,0.0,0.0
2022-11-08 13:30:00-05:00,7.224999904632568,7.239999771118164,7.170000076293945,7.184999942779541,32942,0.0,0.0
2022-11-08 14:30:00-05:00,7.150000095367432,7.34499979019165,7.130000114440918,7.329999923706055,30701,0.0,0.0
2022-11-08 15:30:00-05:00,7.340000152587891,7.489999771118164,7.340000152587891,7.460000038146973,13872,0.0,0.0
2022-11-09 09:30:00-05:00,7.340000152587891,7.422900199890137,7.03000020980835,7.422900199890137,4320,0.0,0.0
2022-11-09 10:30:00-05:00,7.400000095367432,7.445000171661377,7.289999961853027,7.445000171661377,15257,0.0,0.0
2022-11-09 11:30:00-05:00,7.420000076293945,7.46999979019165,7.380000114440918,7.460000038146973,3500,0.0,0.0
2022-11-09 12:30:00-05:00,7.445000171661377,7.590000152587891,7.445000171661377,7.480000019073486,5278,0.0,0.0
2022-11-09 13:30:00-05:00,7.480000019073486,7.480000019073486,7.360000133514404,7.420000076293945,12351,0.0,0.0
2022-11-09 14:30:00-05:00,7.420000076293945,7.480000019073486,7.389999866485596,7.480000019073486,17349,0.0,0.0
2022-11-09 15:30:00-05:00,7.494999885559082,7.53000020980835,7.440000057220459,7.440000057220459,13642,0.0,0.0
2022-11-10 09:30:00-05:00,7.769999980926514,7.960000038146973,7.550000190734863,7.840000152587891,15588,0.0,0.0
2022-11-10 10:30:00-05:00,7.840000152587891,7.840000152587891,7.659999847412109,7.71999979019165,14167,0.0,0.0
2022-11-10 11:30:00-05:00,7.749899864196777,7.749899864196777,7.690000057220459,7.690000057220459,445,0.0,0.0
2022-11-10 12:30:00-05:00,7.690000057220459,7.730000019073486,7.610000133514404,7.724999904632568,11348,0.0,0.0
2022-11-10 13:30:00-05:00,7.730000019073486,7.900000095367432,7.724999904632568,7.829999923706055,7656,0.0,0.0
2022-11-10 14:30:00-05:00,7.739999771118164,7.829999923706055,7.730000019073486,7.809999942779541,2554,0.0,0.0
2022-11-10 15:30:00-05:00,7.815000057220459,7.909999847412109,7.809999942779541,7.820000171661377,13338,0.0,0.0
2022-11-11 09:30:00-05:00,7.909999847412109,8.079999923706055,7.639999866485596,8.079999923706055,15690,0.0,0.0
2022-11-11 10:30:00-05:00,8.109999656677246,8.119999885559082,7.989999771118164,7.989999771118164,11591,0.0,0.0
2022-11-11 11:30:00-05:00,7.970099925994873,7.974999904632568,7.960000038146973,7.974999904632568,2108,0.0,0.0
2022-11-11 12:30:00-05:00,7.94950008392334,8.0,7.94950008392334,7.994999885559082,2369,0.0,0.0
2022-11-11 13:30:00-05:00,7.989999771118164,8.006600379943848,7.989999771118164,8.006600379943848,816,0.0,0.0
2022-11-11 14:30:00-05:00,8.000100135803223,8.050000190734863,7.994999885559082,8.050000190734863,3108,0.0,0.0
2022-11-11 15:30:00-05:00,8.010000228881836,8.069999694824219,7.920000076293945,7.940000057220459,13565,0.0,0.0
2022-11-14 09:30:00-05:00,7.920000076293945,8.09000015258789,7.789999961853027,8.09000015258789,8192,0.0,0.0
2022-11-14 10:30:00-05:00,8.079999923706055,8.119999885559082,7.953999996185303,8.029999732971191,11986,0.0,0.0
2022-11-14 11:30:00-05:00,8.069999694824219,8.074999809265137,7.980000019073486,7.980000019073486,3083,0.0,0.0
2022-11-14 12:30:00-05:00,8.0,8.0600004196167,8.0,8.0600004196167,3641,0.0,0.0
2022-11-14 13:30:00-05:00,8.041500091552734,8.109999656677246,8.01449966430664,8.03499984741211,9035,0.0,0.0
2022-11-14 14:30:00-05:00,8.039999961853027,8.058199882507324,8.0,8.020000457763672,11107,0.0,0.0
2022-11-14 15:30:00-05:00,8.015000343322754,8.0600004196167,7.96999979019165,8.010000228881836,14221,0.0,0.0
2022-11-15 09:30:00-05:00,8.100000381469727,8.300000190734863,8.025500297546387,8.300000190734863,15718,0.0,0.0
2022-11-15 10:30:00-05:00,8.369999885559082,8.369999885559082,8.210000038146973,8.210000038146973,9005,0.0,0.0
2022-11-15 11:30:00-05:00,8.229999542236328,8.229999542236328,8.130000114440918,8.149999618530273,5645,0.0,0.0
2022-11-15 12:30:00-05:00,8.1899995803833,8.1899995803833,8.149999618530273,8.149999618530273,1351,0.0,0.0
2022-11-15 13:30:00-05:00,8.130000114440918,8.319999694824219,8.09000015258789,8.229999542236328,11724,0.0,0.0
2022-11-15 14:30:00-05:00,8.210000038146973,8.220000267028809,8.149999618530273,8.220000267028809,2488,0.0,0.0
2022-11-15 15:30:00-05:00,8.210000038146973,8.210000038146973,8.149999618530273,8.180000305175781,7915,0.0,0.0
2022-11-16 09:30:00-05:00,8.0600004196167,8.085000038146973,8.0,8.050000190734863,8705,0.0,0.0
2022-11-16 10:30:00-05:00,8.069999694824219,8.09000015258789,8.069999694824219,8.074999809265137,3406,0.0,0.0
2022-11-16 11:30:00-05:00,8.100000381469727,8.104999542236328,8.097800254821777,8.104999542236328,1236,0.0,0.0
2022-11-16 12:30:00-05:00,8.104999542236328,8.199999809265137,8.104999542236328,8.170000076293945,3459,0.0,0.0
2022-11-16 13:30:00-05:00,8.149999618530273,8.194700241088867,8.138799667358398,8.138799667358398,5253,0.0,0.0
2022-11-16 14:30:00-05:00,8.100000381469727,8.180000305175781,8.100000381469727,8.119999885559082,4876,0.0,0.0
2022-11-16 15:30:00-05:00,8.119999885559082,8.170000076293945,8.100000381469727,8.170000076293945,17028,0.0,0.0
2022-11-17 09:30:00-05:00,7.980000019073486,8.09000015258789,7.920000076293945,8.09000015258789,6716,0.0,0.0
2022-11-17 10:30:00-05:00,7.960000038146973,7.960000038146973,7.960000038146973,7.960000038146973,678,0.0,0.0
2022-11-17 11:30:00-05:00,7.980000019073486,8.005000114440918,7.960000038146973,7.989999771118164,6931,0.0,0.0
2022-11-17 12:30:00-05:00,8.018600463867188,8.029999732971191,7.949999809265137,8.029999732971191,9217,0.0,0.0
2022-11-17 13:30:00-05:00,8.013799667358398,8.013799667358398,7.960000038146973,7.980000019073486,13839,0.0,0.0
2022-11-17 14:30:00-05:00,7.994999885559082,8.09000015258789,7.994999885559082,8.055000305175781,3387,0.0,0.0
2022-11-17 15:30:00-05:00,8.024999618530273,8.149999618530273,7.989999771118164,8.149999618530273,8745,0.0,0.0
2022-11-18 09:30:00-05:00,8.279999732971191,8.319999694824219,8.255000114440918,8.3100004196167,13794,0.0,0.0
2022-11-18 10:30:00-05:00,8.373800277709961,8.373800277709961,8.295000076293945,8.295000076293945,1757,0.0,0.0
2022-11-18 11:30:00-05:00,8.295000076293945,8.3100004196167,8.23009967803955,8.23009967803955,5694,0.0,0.0
2022-11-18 12:30:00-05:00,8.265000343322754,8.265000343322754,8.170000076293945,8.170000076293945,7784,0.0,0.0
2022-11-18 13:30:00-05:00,8.151700019836426,8.199999809265137,8.151700019836426,8.180000305175781,1676,0.0,0.0
2022-11-18 14:30:00-05:00,8.199999809265137,8.199999809265137,8.128199577331543,8.199999809265137,1921,0.0,0.0
2022-11-18 15:30:00-05:00,8.229999542236328,8.229999542236328,8.15999984741211,8.15999984741211,2930,0.0,0.0
2022-11-21 09:30:00-05:00,8.09000015258789,8.135000228881836,7.994999885559082,8.0,14908,0.0,0.0
2022-11-21 10:30:00-05:00,7.940000057220459,8.020000457763672,7.880000114440918,7.920000076293945,13691,0.0,0.0
2022-11-21 11:30:00-05:00,7.920000076293945,8.010000228881836,7.880000114440918,8.010000228881836,4611,0.0,0.0
2022-11-21 12:30:00-05:00,7.994999885559082,8.0600004196167,7.994999885559082,8.05090045928955,2679,0.0,0.0
2022-11-21 13:30:00-05:00,8.045000076293945,8.085000038146973,8.029999732971191,8.085000038146973,5542,0.0,0.0
2022-11-21 14:30:00-05:00,8.079999923706055,8.085000038146973,8.020000457763672,8.039999961853027,4149,0.0,0.0
2022-11-21 15:30:00-05:00,8.039999961853027,8.229999542236328,8.029999732971191,8.180000305175781,22466,0.0,0.0
2022-11-22 09:30:00-05:00,8.180000305175781,8.180000305175781,7.949999809265137,8.09000015258789,1069,0.0,0.0
2022-11-22 10:30:00-05:00,8.100000381469727,8.140000343322754,8.09000015258789,8.09000015258789,4063,0.0,0.0
2022-11-22 11:30:00-05:00,8.09000015258789,8.09000015258789,8.0,8.0,1665,0.0,0.0
2022-11-22 12:30:00-05:00,8.056699752807617,8.056699752807617,7.960000038146973,7.974999904632568,1665,0.0,0.0
2022-11-22 13:30:00-05:00,7.929999828338623,7.949999809265137,7.900000095367432,7.900000095367432,1943,0.0,0.0
2022-11-22 14:30:00-05:00,7.909999847412109,7.925000190734863,7.829999923706055,7.880000114440918,10203,0.0,0.0
2022-11-22 15:30:00-05:00,7.900000095367432,7.914999961853027,7.800000190734863,7.840000152587891,12050,0.0,0.0
2022-11-23 09:30:00-05:00,7.860000133514404,7.929999828338623,7.800000190734863,7.871399879455566,11254,0.0,0.0
2022-11-23 10:30:00-05:00,7.989999771118164,8.040399551391602,7.989999771118164,8.040399551391602,556,0.0,0.0
2022-11-23 11:30:00-05:00,7.96999979019165,7.96999979019165,7.96999979019165,7.96999979019165,327,0.0,0.0
2022-11-23 12:30:00-05:00,7.974999904632568,7.974999904632568,7.949999809265137,7.949999809265137,585,0.0,0.0
2022-11-23 13:30:00-05:00,7.9440999031066895,8.039999961853027,7.9440999031066895,8.0,5318,0.0,0.0
2022-11-23 14:30:00-05:00,8.010000228881836,8.010000228881836,7.96999979019165,7.978499889373779,2169,0.0,0.0
2022-11-23 15:30:00-05:00,7.980000019073486,8.050000190734863,7.974999904632568,8.010000228881836,7833,0.0,0.0
2022-11-25 09:30:00-05:00,7.954999923706055,7.994999885559082,7.954999923706055,7.994999885559082,13127,0.0,0.0
2022-11-25 10:30:00-05:00,8.0,8.0,8.0,8.0,219,0.0,0.0
2022-11-25 11:30:00-05:00,8.0600004196167,8.109999656677246,8.050000190734863,8.050000190734863,2052,0.0,0.0
2022-11-28 09:30:00-05:00,7.920000076293945,7.96999979019165,7.875,7.954999923706055,2013,0.0,0.0
2022-11-28 10:30:00-05:00,7.929999828338623,7.929999828338623,7.809999942779541,7.809999942779541,4328,0.0,0.0
2022-11-28 11:30:00-05:00,7.767099857330322,7.795000076293945,7.767099857330322,7.769999980926514,1633,0.0,0.0
2022-11-28 12:30:00-05:00,7.795000076293945,7.795000076293945,7.769999980926514,7.769999980926514,4173,0.0,0.0
2022-11-28 13:30:00-05:00,7.775000095367432,7.789999961853027,7.710000038146973,7.760000228881836,5207,0.0,0.0
2022-11-28 14:30:00-05:00,7.735000133514404,7.735000133514404,7.559999942779541,7.570000171661377,10585,0.0,0.0
2022-11-28 15:30:00-05:00,7.590000152587891,7.65910005569458,7.574999809265137,7.599999904632568,15724,0.0,0.0
2022-11-29 09:30:00-05:00,7.659999847412109,7.659999847412109,7.531700134277344,7.599999904632568,6293,0.0,0.0
2022-11-29 10:30:00-05:00,7.610000133514404,7.619999885559082,7.579999923706055,7.579999923706055,1016,0.0,0.0
2022-11-29 11:30:00-05:00,7.602499961853027,7.602499961853027,7.449999809265137,7.449999809265137,2521,0.0,0.0
2022-11-29 12:30:00-05:00,7.505000114440918,7.550000190734863,7.480000019073486,7.489999771118164,4193,0.0,0.0
2022-11-29 13:30:00-05:00,7.480000019073486,7.485000133514404,7.420000076293945,7.429999828338623,4822,0.0,0.0
2022-11-29 14:30:00-05:00,7.420000076293945,7.429999828338623,7.380000114440918,7.389999866485596,6877,0.0,0.0
2022-11-29 15:30:00-05:00,7.380000114440918,7.438499927520752,7.260000228881836,7.369999885559082,19855,0.0,0.0
2022-11-30 09:30:00-05:00,7.380000114440918,7.380000114440918,7.269999980926514,7.329999923706055,2671,0.0,0.0
2022-11-30 10:30:00-05:00,7.329999923706055,7.369999885559082,7.324999809265137,7.349999904632568,3007,0.0,0.0
2022-11-30 11:30:00-05:00,7.340000152587891,7.340000152587891,7.179999828338623,7.179999828338623,5271,0.0,0.0
2022-11-30 12:30:00-05:00,7.210000038146973,7.210000038146973,7.150000095367432,7.1519999504089355,3867,0.0,0.0
2022-11-30 13:30:00-05:00,7.159999847412109,7.210000038146973,7.139999866485596,7.1697001457214355,48415,0.0,0.0
2022-11-30 14:30:00-05:00,7.204999923706055,7.340000152587891,7.204999923706055,7.340000152587891,4426,0.0,0.0
2022-11-30 15:30:00-05:00,7.329999923706055,7.489999771118164,7.320000171661377,7.46999979019165,9798,0.0,0.0
2022-12-01 09:30:00-05:00,7.53000020980835,7.619999885559082,7.5,7.5,2219,0.0,0.0
2022-12-01 10:30:00-05:00,7.484000205993652,7.577300071716309,7.484000205993652,7.559999942779541,1187,0.0,0.0
2022-12-01 11:30:00-05:00,7.534999847412109,7.534999847412109,7.534999847412109,7.534999847412109,640,0.0,0.0
2022-12-01 12:30:00-05:00,7.510000228881836,7.510000228881836,7.5,7.5,1342,0.0,0.0
2022-12-01 14:30:00-05:00,7.550000190734863,7.553800106048584,7.53000020980835,7.553800106048584,2483,0.0,0.0
2022-12-01 15:30:00-05:00,7.570000171661377,7.650000095367432,7.570000171661377,7.650000095367432,6557,0.0,0.0
2022-12-02 09:30:00-05:00,7.440000057220459,7.635000228881836,7.440000057220459,7.584700107574463,5075,0.0,0.0
2022-12-02 10:30:00-05:00,7.446000099182129,7.446000099182129,7.349999904632568,7.349999904632568,7842,0.0,0.0
2022-12-02 11:30:00-05:00,7.400000095367432,7.440000057220459,7.340000152587891,7.425000190734863,11667,0.0,0.0
2022-12-02 12:30:00-05:00,7.420000076293945,7.420000076293945,7.389999866485596,7.40500020980835,2239,0.0,0.0
2022-12-02 13:30:00-05:00,7.429900169372559,7.460000038146973,7.414999961853027,7.440000057220459,2673,0.0,0.0
2022-12-02 14:30:00-05:00,7.469399929046631,7.489999771118164,7.440000057220459,7.460000038146973,6806,0.0,0.0
2022-12-02 15:30:00-05:00,7.445000171661377,7.460000038146973,7.389999866485596,7.449999809265137,20776,0.0,0.0
2022-12-05 09:30:00-05:00,7.409999847412109,7.434999942779541,7.369999885559082,7.380000114440918,4499,0.0,0.0
2022-12-05 10:30:00-05:00,7.480000019073486,7.480000019073486,7.414999961853027,7.414999961853027,836,0.0,0.0
2022-12-05 11:30:00-05:00,7.380000114440918,7.380000114440918,7.25,7.28000020980835,4102,0.0,0.0
2022-12-05 12:30:00-05:00,7.28000020980835,7.28000020980835,7.269999980926514,7.269999980926514,646,0.0,0.0
2022-12-05 13:30:00-05:00,7.25,7.25,7.150000095367432,7.159999847412109,3542,0.0,0.0
2022-12-05 14:30:00-05:00,7.159999847412109,7.159999847412109,7.079999923706055,7.090000152587891,4150,0.0,0.0
2022-12-05 15:30:00-05:00,7.099999904632568,7.099999904632568,7.0,7.013999938964844,9497,0.0,0.0
2022-12-06 09:30:00-05:00,7.099999904632568,7.309999942779541,7.000100135803223,7.139999866485596,7921,0.0,0.0
2022-12-06 10:30:00-05:00,7.139999866485596,7.21999979019165,7.0,7.050000190734863,4599,0.0,0.0
2022-12-06 11:30:00-05:00,6.996300220489502,7.026000022888184,6.965000152587891,7.019999980926514,6437,0.0,0.0
2022-12-06 12:30:00-05:00,7.019999980926514,7.03000020980835,7.0,7.0,10076,0.0,0.0
2022-12-06 13:30:00-05:00,7.0,7.039999961853027,6.960000038146973,6.960000038146973,4519,0.0,0.0
2022-12-06 14:30:00-05:00,6.96999979019165,7.019999980926514,6.960000038146973,6.985000133514404,12473,0.0,0.0
2022-12-06 15:30:00-05:00,7.0,7.099999904632568,6.980000019073486,7.090000152587891,8972,0.0,0.0
2022-12-07 09:30:00-05:00,7.03000020980835,7.210000038146973,6.980000019073486,6.980000019073486,7382,0.0,0.0
2022-12-07 10:30:00-05:00,6.989999771118164,7.190000057220459,6.989999771118164,7.079999923706055,7442,0.0,0.0
2022-12-07 11:30:00-05:00,7.070000171661377,7.21999979019165,7.050000190734863,7.199999809265137,6126,0.0,0.0
2022-12-07 12:30:00-05:00,7.179999828338623,7.309999942779541,7.179999828338623,7.300000190734863,5879,0.0,0.0
2022-12-07 13:30:00-05:00,7.179999828338623,7.284999847412109,7.139999866485596,7.170000076293945,4923,0.0,0.0
2022-12-07 14:30:00-05:00,7.230000019073486,7.284999847412109,7.130000114440918,7.130000114440918,5655,0.0,0.0
2022-12-07 15:30:00-05:00,7.159999847412109,7.190000057220459,7.119999885559082,7.159999847412109,10555,0.0,0.0
2022-12-08 09:30:00-05:00,7.159999847412109,7.360000133514404,7.159999847412109,7.360000133514404,6440,0.0,0.0
2022-12-08 10:30:00-05:00,7.369999885559082,7.390999794006348,7.320000171661377,7.320000171661377,4167,0.0,0.0
2022-12-08 11:30:00-05:00,7.219799995422363,7.230000019073486,7.219799995422363,7.230000019073486,884,0.0,0.0
2022-12-08 12:30:00-05:00,7.230000019073486,7.300000190734863,7.21999979019165,7.300000190734863,2554,0.0,0.0
2022-12-08 13:30:00-05:00,7.25,7.264999866485596,7.25,7.264999866485596,326,0.0,0.0
2022-12-08 14:30:00-05:00,7.260000228881836,7.289999961853027,7.260000228881836,7.289899826049805,2461,0.0,0.0
2022-12-08 15:30:00-05:00,7.300000190734863,7.369999885559082,7.300000190734863,7.349999904632568,6117,0.0,0.0
2022-12-09 09:30:00-05:00,7.239999771118164,7.409999847412109,7.239999771118164,7.409999847412109,2381,0.0,0.0
2022-12-09 10:30:00-05:00,7.315499782562256,7.409999847412109,7.315499782562256,7.380000114440918,1190,0.0,0.0
2022-12-09 11:30:00-05:00,7.369999885559082,7.46999979019165,7.351399898529053,7.454999923706055,6223,0.0,0.0
2022-12-09 12:30:00-05:00,7.454999923706055,7.454999923706055,7.409999847412109,7.409999847412109,1577,0.0,0.0
2022-12-09 13:30:00-05:00,7.420000076293945,7.5,7.374000072479248,7.485000133514404,11322,0.0,0.0
2022-12-09 14:30:00-05:00,7.460000038146973,7.53000020980835,7.440000057220459,7.440000057220459,5645,0.0,0.0
2022-12-09 15:30:00-05:00,7.460000038146973,7.480000019073486,7.389999866485596,7.389999866485596,17097,0.0,0.0
2022-12-12 09:30:00-05:00,7.46999979019165,7.489999771118164,7.25,7.269999980926514,8147,0.0,0.0
2022-12-12 10:30:00-05:00,7.215000152587891,7.425000190734863,7.139999866485596,7.425000190734863,5339,0.0,0.0
2022-12-12 11:30:00-05:00,7.360000133514404,7.400000095367432,7.349999904632568,7.349999904632568,1094,0.0,0.0
2022-12-12 12:30:00-05:00,7.320000171661377,7.320000171661377,7.190000057220459,7.199999809265137,8364,0.0,0.0
2022-12-12 13:30:00-05:00,7.179999828338623,7.239999771118164,7.159999847412109,7.159999847412109,3061,0.0,0.0
2022-12-12 14:30:00-05:00,7.130000114440918,7.239999771118164,7.130000114440918,7.164999961853027,8581,0.0,0.0
2022-12-12 15:30:00-05:00,7.164999961853027,7.230000019073486,7.130000114440918,7.199999809265137,12989,0.0,0.0
2022-12-13 09:30:00-05:00,7.360000133514404,7.699999809265137,7.329999923706055,7.585000038146973,14441,0.0,0.0
2022-12-13 10:30:00-05:00,7.599999904632568,7.610000133514404,7.539999961853027,7.570000171661377,4868,0.0,0.0
2022-12-13 11:30:00-05:00,7.590000152587891,7.590000152587891,7.5,7.510000228881836,4723,0.0,0.0
2022-12-13 12:30:00-05:00,7.510000228881836,7.614999771118164,7.5,7.614999771118164,7481,0.0,0.0
2022-12-13 13:30:00-05:00,7.625,7.659999847412109,7.519999980926514,7.519999980926514,5461,0.0,0.0
2022-12-13 14:30:00-05:00,7.550000190734863,7.690000057220459,7.519999980926514,7.550000190734863,8003,0.0,0.0
2022-12-13 15:30:00-05:00,7.570000171661377,7.639999866485596,7.559999942779541,7.630000114440918,16212,0.0,0.0
2022-12-14 09:30:00-05:00,7.610000133514404,7.679999828338623,7.5346999168396,7.590000152587891,5097,0.0,0.0
2022-12-14 10:30:00-05:00,7.53000020980835,7.679999828338623,7.53000020980835,7.65500020980835,5591,0.0,0.0
2022-12-14 11:30:00-05:00,7.679999828338623,7.730000019073486,7.664999961853027,7.664999961853027,818,0.0,0.0
2022-12-14 12:30:00-05:00,7.679999828338623,7.71999979019165,7.639999866485596,7.690000057220459,4611,0.0,0.0
2022-12-14 13:30:00-05:00,7.709000110626221,7.710000038146973,7.409999847412109,7.409999847412109,2084,0.0,0.0
2022-12-14 14:30:00-05:00,7.550000190734863,7.679999828338623,7.500100135803223,7.539999961853027,4978,0.0,0.0
2022-12-14 15:30:00-05:00,7.46999979019165,7.630000114440918,7.385000228881836,7.559999942779541,7809,0.0,0.0
2022-12-15 09:30:00-05:00,7.429999828338623,7.46999979019165,7.429999828338623,7.46999979019165,3438,0.0,0.0
2022-12-15 10:30:00-05:00,7.460000038146973,7.460000038146973,7.238900184631348,7.320400238037109,2644,0.0,0.0
2022-12-15 11:30:00-05:00,7.320000171661377,7.329999923706055,7.236499786376953,7.329999923706055,10492,0.0,0.0
2022-12-15 12:30:00-05:00,7.329999923706055,7.389999866485596,7.300000190734863,7.300000190734863,6736,0.0,0.0
2022-12-15 13:30:00-05:00,7.260000228881836,7.349999904632568,7.220099925994873,7.34499979019165,5046,0.0,0.0
2022-12-15 14:30:00-05:00,7.349999904632568,7.369999885559082,7.244999885559082,7.244999885559082,5435,0.0,0.0
2022-12-15 15:30:00-05:00,7.25,7.28000020980835,7.179999828338623,7.230000019073486,10664,0.0,0.0
2022-12-16 09:30:00-05:00,7.090000152587891,7.21999979019165,7.090000152587891,7.184999942779541,39383,0.0,0.0
2022-12-16 10:30:00-05:00,7.179999828338623,7.219399929046631,7.170000076293945,7.170000076293945,1781,0.0,0.0
2022-12-16 11:30:00-05:00,7.184999942779541,7.230000019073486,7.159999847412109,7.159999847412109,3928,0.0,0.0
2022-12-16 12:30:00-05:00,7.195000171661377,7.195000171661377,7.150000095367432,7.159999847412109,2008,0.0,0.0
2022-12-16 13:30:00-05:00,7.190000057220459,7.190000057220459,7.190000057220459,7.190000057220459,489,0.0,0.0
2022-12-16 14:30:00-05:00,7.130000114440918,7.159999847412109,7.039999961853027,7.159999847412109,7156,0.0,0.0
2022-12-16 15:30:00-05:00,7.130000114440918,7.25,7.119999885559082,7.190000057220459,15247,0.0,0.0
2022-12-19 09:30:00-05:00,7.190000057220459,7.190000057220459,7.0,7.059999942779541,6356,0.0,0.0
2022-12-19 10:30:00-05:00,7.090000152587891,7.090000152587891,7.0,7.085000038146973,9100,0.0,0.0
2022-12-19 11:30:00-05:00,7.070000171661377,7.070000171661377,7.03000020980835,7.039999961853027,3377,0.0,0.0
2022-12-19 12:30:00-05:00,7.099999904632568,7.099999904632568,7.050000190734863,7.050000190734863,729,0.0,0.0
2022-12-19 13:30:00-05:00,7.03000020980835,7.03000020980835,6.860000133514404,6.909999847412109,22535,0.0,0.0
2022-12-19 14:30:00-05:00,6.920000076293945,6.949999809265137,6.78000020980835,6.800300121307373,11101,0.0,0.0
2022-12-19 15:30:00-05:00,6.840000152587891,6.889999866485596,6.809999942779541,6.869999885559082,5969,0.0,0.0
2022-12-20 09:30:00-05:00,6.849999904632568,6.900000095367432,6.630000114440918,6.800000190734863,14991,0.0,0.0
2022-12-20 10:30:00-05:00,6.800000190734863,6.840000152587891,6.710000038146973,6.71999979019165,16105,0.0,0.0
2022-12-20 11:30:00-05:00,6.755000114440918,6.769999980926514,6.690000057220459,6.730000019073486,9209,0.0,0.0
2022-12-20 12:30:00-05:00,6.730000019073486,6.760000228881836,6.699999809265137,6.75,9990,0.0,0.0
2022-12-20 13:30:00-05:00,6.734799861907959,6.760000228881836,6.71999979019165,6.739999771118164,7856,0.0,0.0
2022-12-20 14:30:00-05:00,6.739999771118164,6.849999904632568,6.71999979019165,6.849999904632568,12170,0.0,0.0
2022-12-20 15:30:00-05:00,6.835000038146973,6.849999904632568,6.769999980926514,6.800000190734863,17930,0.0,0.0
2022-12-21 09:30:00-05:00,6.909999847412109,7.010000228881836,6.900000095367432,7.010000228881836,4862,0.0,0.0
2022-12-21 10:30:00-05:00,7.03000020980835,7.164999961853027,7.0,7.164999961853027,19700,0.0,0.0
2022-12-21 11:30:00-05:00,7.139999866485596,7.190000057220459,7.039999961853027,7.039999961853027,3659,0.0,0.0
2022-12-21 12:30:00-05:00,7.054999828338623,7.059999942779541,7.03000020980835,7.059999942779541,1254,0.0,0.0
2022-12-21 13:30:00-05:00,7.050000190734863,7.099999904632568,7.050000190734863,7.070000171661377,12551,0.0,0.0
2022-12-21 14:30:00-05:00,7.059999942779541,7.070000171661377,7.050000190734863,7.054999828338623,6034,0.0,0.0
2022-12-21 15:30:00-05:00,7.050000190734863,7.119999885559082,7.03000020980835,7.090000152587891,19842,0.0,0.0
2022-12-22 09:30:00-05:00,7.019999980926514,7.019999980926514,6.880000114440918,6.940000057220459,4440,0.0,0.0
2022-12-22 10:30:00-05:00,6.927499771118164,6.927499771118164,6.869999885559082,6.900000095367432,1468,0.0,0.0
2022-12-22 11:30:00-05:00,6.889999866485596,6.894999980926514,6.878200054168701,6.894999980926514,921,0.0,0.0
2022-12-22 12:30:00-05:00,6.869999885559082,6.900000095367432,6.78000020980835,6.794400215148926,12807,0.0,0.0
2022-12-22 13:30:00-05:00,6.775000095367432,6.849999904632568,6.775000095367432,6.840000152587891,12467,0.0,0.0
2022-12-22 14:30:00-05:00,6.829999923706055,6.909999847412109,6.829999923706055,6.909999847412109,3915,0.0,0.0
2022-12-22 15:30:00-05:00,6.90500020980835,6.980000019073486,6.900000095367432,6.929999828338623,5730,0.0,0.0
2022-12-23 09:30:00-05:00,6.920000076293945,6.929999828338623,6.710000038146973,6.800000190734863,2980,0.0,0.0
2022-12-23 10:30:00-05:00,6.840000152587891,6.920000076293945,6.840000152587891,6.920000076293945,5102,0.0,0.0
2022-12-23 11:30:00-05:00,6.900000095367432,6.909999847412109,6.900000095367432,6.909999847412109,1408,0.0,0.0
2022-12-23 12:30:00-05:00,6.940000057220459,7.110000133514404,6.920000076293945,7.110000133514404,8113,0.0,0.0
2022-12-23 13:30:00-05:00,7.110000133514404,7.110000133514404,7.110000133514404,7.110000133514404,254,0.0,0.0
2022-12-23 14:30:00-05:00,7.065000057220459,7.065000057220459,7.050000190734863,7.050000190734863,976,0.0,0.0
2022-12-23 15:30:00-05:00,7.025000095367432,7.070000171661377,7.010000228881836,7.03000020980835,2820,0.0,0.0
2022-12-27 09:30:00-05:00,7.050000190734863,7.050000190734863,6.940000057220459,7.0,4094,0.0,0.0
2022-12-27 10:30:00-05:00,7.128900051116943,7.190000057220459,7.039999961853027,7.070000171661377,3638,0.0,0.0
2022-12-27 11:30:00-05:00,7.070000171661377,7.070000171661377,7.03000020980835,7.03000020980835,310,0.0,0.0
2022-12-27 12:30:00-05:00,7.050000190734863,7.050000190734863,7.019999980926514,7.039999961853027,2155,0.0,0.0
2022-12-27 13:30:00-05:00,7.010000228881836,7.010000228881836,6.810100078582764,6.860000133514404,2642,0.0,0.0
2022-12-27 14:30:00-05:00,6.960000038146973,6.960000038146973,6.860000133514404,6.860000133514404,3599,0.0,0.0
2022-12-27 15:30:00-05:00,6.869999885559082,6.929999828338623,6.869999885559082,6.920000076293945,7333,0.0,0.0
2022-12-28 09:30:00-05:00,6.96999979019165,6.96999979019165,6.889999866485596,6.889999866485596,1068,0.0,0.0
2022-12-28 10:30:00-05:00,6.889999866485596,6.940000057220459,6.752399921417236,6.940000057220459,6934,0.0,0.0
2022-12-28 11:30:00-05:00,6.909999847412109,6.909999847412109,6.769999980926514,6.78000020980835,1530,0.0,0.0
2022-12-28 12:30:00-05:00,6.78000020980835,6.804999828338623,6.78000020980835,6.804999828338623,2137,0.0,0.0
2022-12-28 13:30:00-05:00,6.789999961853027,6.820000171661377,6.75,6.75,5659,0.0,0.0
2022-12-28 14:30:00-05:00,6.75,6.800000190734863,6.75,6.764999866485596,7414,0.0,0.0
2022-12-28 15:30:00-05:00,6.764999866485596,6.800000190734863,6.75,6.760000228881836,7148,0.0,0.0
2022-12-29 09:30:00-05:00,6.829999923706055,6.931700229644775,6.800000190734863,6.931700229644775,1802,0.0,0.0
2022-12-29 10:30:00-05:00,6.940000057220459,6.980000019073486,6.920000076293945,6.960000038146973,6933,0.0,0.0
2022-12-29 11:30:00-05:00,6.980000019073486,6.980000019073486,6.960000038146973,6.960000038146973,3397,0.0,0.0
2022-12-29 12:30:00-05:00,6.954999923706055,6.960000038146973,6.940000057220459,6.949999809265137,10934,0.0,0.0
2022-12-29 13:30:00-05:00,6.949999809265137,6.96999979019165,6.929999828338623,6.96999979019165,3697,0.0,0.0
2022-12-29 14:30:00-05:00,6.980000019073486,6.980000019073486,6.965000152587891,6.965000152587891,2421,0.0,0.0
2022-12-29 15:30:00-05:00,6.980000019073486,7.008299827575684,6.960000038146973,6.989999771118164,4091,0.0,0.0
2022-12-30 10:30:00-05:00,6.929999828338623,7.0,6.910099983215332,6.96999979019165,6138,0.0,0.0
2022-12-30 11:30:00-05:00,6.965000152587891,6.980000019073486,6.949999809265137,6.980000019073486,1632,0.0,0.0
2022-12-30 12:30:00-05:00,7.039999961853027,7.039999961853027,7.010000228881836,7.010000228881836,1052,0.0,0.0
2022-12-30 13:30:00-05:00,6.980000019073486,6.980000019073486,6.96999979019165,6.96999979019165,2251,0.0,0.0
2022-12-30 14:30:00-05:00,6.96999979019165,6.96999979019165,6.929999828338623,6.940000057220459,1531,0.0,0.0
2022-12-30 15:30:00-05:00,7.0,7.099999904632568,7.0,7.019999980926514,5051,0.0,0.0
2023-01-03 09:30:00-05:00,7.099999904632568,7.179999828338623,7.050000190734863,7.050000190734863,2058,0.0,0.0
2023-01-03 10:30:00-05:00,7.0,7.177499771118164,6.960000038146973,6.960000038146973,7577,0.0,0.0
2023-01-03 11:30:00-05:00,6.96999979019165,6.96999979019165,6.953000068664551,6.953000068664551,1705,0.0,0.0
2023-01-03 12:30:00-05:00,6.949999809265137,7.0,6.949999809265137,7.0,4249,0.0,0.0
2023-01-03 13:30:00-05:00,6.974999904632568,6.974999904632568,6.949999809265137,6.960000038146973,941,0.0,0.0
2023-01-03 14:30:00-05:00,6.929999828338623,7.119999885559082,6.880000114440918,7.039999961853027,8824,0.0,0.0
2023-01-03 15:30:00-05:00,7.010000228881836,7.014999866485596,6.929999828338623,6.960000038146973,5355,0.0,0.0
2023-01-04 09:30:00-05:00,6.949999809265137,7.065000057220459,6.949999809265137,7.065000057220459,1012,0.0,0.0
2023-01-04 10:30:00-05:00,7.034999847412109,7.090000152587891,7.034999847412109,7.045000076293945,789,0.0,0.0
2023-01-04 11:30:00-05:00,7.150000095367432,7.150000095367432,7.110000133514404,7.125,1501,0.0,0.0
2023-01-04 12:30:00-05:00,7.119999885559082,7.150000095367432,7.110000133514404,7.150000095367432,2047,0.0,0.0
2023-01-04 13:30:00-05:00,7.159999847412109,7.159999847412109,7.079999923706055,7.079999923706055,1966,0.0,0.0
2023-01-04 14:30:00-05:00,7.105800151824951,7.199999809265137,7.039999961853027,7.070000171661377,9960,0.0,0.0
2023-01-04 15:30:00-05:00,7.119999885559082,7.190000057220459,7.110000133514404,7.159999847412109,4924,0.0,0.0
2023-01-05 09:30:00-05:00,7.159999847412109,7.239999771118164,7.130000114440918,7.190000057220459,2715,0.0,0.0
2023-01-05 10:30:00-05:00,7.150000095367432,7.210000038146973,7.150000095367432,7.179999828338623,4008,0.0,0.0
2023-01-05 11:30:00-05:00,7.175000190734863,7.175000190734863,7.139999866485596,7.139999866485596,805,0.0,0.0
2023-01-05 12:30:00-05:00,7.179999828338623,7.239999771118164,7.119999885559082,7.239999771118164,5081,0.0,0.0
2023-01-05 13:30:00-05:00,7.230000019073486,7.230000019073486,7.119999885559082,7.159999847412109,7792,0.0,0.0
2023-01-05 14:30:00-05:00,7.119999885559082,7.195000171661377,7.119999885559082,7.170000076293945,5508,0.0,0.0
2023-01-05 15:30:00-05:00,7.170000076293945,7.230000019073486,7.170000076293945,7.190000057220459,9868,0.0,0.0
2023-01-06 09:30:00-05:00,7.170000076293945,7.25,7.120200157165527,7.25,3203,0.0,0.0
2023-01-06 10:30:00-05:00,7.260000228881836,7.411300182342529,7.260000228881836,7.411300182342529,1271,0.0,0.0
2023-01-06 11:30:00-05:00,7.264999866485596,7.349999904632568,7.264999866485596,7.349999904632568,1326,0.0,0.0
2023-01-06 12:30:00-05:00,7.409999847412109,7.460000038146973,7.349999904632568,7.449999809265137,2725,0.0,0.0
2023-01-06 13:30:00-05:00,7.420000076293945,7.429999828338623,7.289999961853027,7.389999866485596,7068,0.0,0.0
2023-01-06 14:30:00-05:00,7.380000114440918,7.440000057220459,7.380000114440918,7.389999866485596,4724,0.0,0.0
2023-01-06 15:30:00-05:00,7.400000095367432,7.409999847412109,7.349999904632568,7.409999847412109,7493,0.0,0.0
2023-01-09 09:30:00-05:00,7.5,7.639999866485596,7.4105000495910645,7.599999904632568,7573,0.0,0.0
2023-01-09 10:30:00-05:00,7.539999961853027,7.590000152587891,7.539999961853027,7.590000152587891,605,0.0,0.0
2023-01-09 11:30:00-05:00,7.570000171661377,7.570000171661377,7.519999980926514,7.519999980926514,1345,0.0,0.0
2023-01-09 12:30:00-05:00,7.466300010681152,7.480000019073486,7.425000190734863,7.425000190734863,1034,0.0,0.0
2023-01-09 13:30:00-05:00,7.400000095367432,7.400000095367432,7.329999923706055,7.400000095367432,3579,0.0,0.0
2023-01-09 14:30:00-05:00,7.385799884796143,7.385799884796143,7.369999885559082,7.369999885559082,1593,0.0,0.0
2023-01-09 15:30:00-05:00,7.380000114440918,7.409999847412109,7.289999961853027,7.369999885559082,8283,0.0,0.0
2023-01-10 09:30:00-05:00,7.289999961853027,7.360000133514404,6.954999923706055,7.230000019073486,0,0.0,0.0
2023-01-10 10:30:00-05:00,7.140100002288818,7.465000152587891,7.140100002288818,7.465000152587891,1096,0.0,0.0
2023-01-10 13:30:00-05:00,7.364999771118164,7.565000057220459,7.364999771118164,7.539999961853027,3992,0.0,0.0
2023-01-10 14:30:00-05:00,7.550000190734863,7.579999923706055,7.519999980926514,7.539999961853027,1187,0.0,0.0
2023-01-10 15:30:00-05:00,7.519999980926514,7.639999866485596,7.519999980926514,7.619999885559082,4424,0.0,0.0
2023-01-11 10:30:00-05:00,7.657899856567383,7.699999809265137,7.619999885559082,7.670000076293945,3087,0.0,0.0
2023-01-11 11:30:00-05:00,7.614999771118164,7.71999979019165,7.614999771118164,7.710000038146973,1899,0.0,0.0
2023-01-11 12:30:00-05:00,7.639999866485596,7.730000019073486,7.605000019073486,7.730000019073486,3662,0.0,0.0
2023-01-11 13:30:00-05:00,7.744999885559082,7.744999885559082,7.639999866485596,7.639999866485596,1672,0.0,0.0
2023-01-11 14:30:00-05:00,7.630000114440918,7.670000076293945,7.570000171661377,7.659999847412109,4002,0.0,0.0
2023-01-11 15:30:00-05:00,7.630000114440918,7.659999847412109,7.590000152587891,7.630000114440918,2924,0.0,0.0
2023-01-12 09:30:00-05:00,7.699999809265137,7.699999809265137,7.519999980926514,7.659999847412109,2486,0.0,0.0
2023-01-12 10:30:00-05:00,7.71999979019165,7.71999979019165,7.625,7.625,1942,0.0,0.0
2023-01-12 11:30:00-05:00,7.610000133514404,7.75,7.610000133514404,7.739999771118164,2416,0.0,0.0
2023-01-12 12:30:00-05:00,7.730000019073486,7.789999961853027,7.724999904632568,7.760000228881836,8917,0.0,0.0
2023-01-12 13:30:00-05:00,7.784999847412109,7.84499979019165,7.760000228881836,7.78000020980835,3132,0.0,0.0
2023-01-12 14:30:00-05:00,7.771200180053711,7.789999961853027,7.75,7.789999961853027,1365,0.0,0.0
2023-01-12 15:30:00-05:00,7.800000190734863,7.829999923706055,7.699999809265137,7.800000190734863,7444,0.0,0.0
2023-01-13 09:30:00-05:00,7.920000076293945,7.929999828338623,7.920000076293945,7.929999828338623,1056,0.0,0.0
2023-01-13 10:30:00-05:00,7.939899921417236,7.939899921417236,7.840000152587891,7.869999885559082,2421,0.0,0.0
2023-01-13 11:30:00-05:00,7.855000019073486,7.869999885559082,7.824999809265137,7.869999885559082,4046,0.0,0.0
2023-01-13 12:30:00-05:00,7.889999866485596,7.914999961853027,7.849999904632568,7.849999904632568,1562,0.0,0.0
2023-01-13 13:30:00-05:00,7.820000171661377,7.900000095367432,7.820000171661377,7.869999885559082,2000,0.0,0.0
2023-01-13 14:30:00-05:00,7.879899978637695,7.929900169372559,7.879899978637695,7.880000114440918,2418,0.0,0.0
2023-01-13 15:30:00-05:00,7.885000228881836,8.0,7.885000228881836,8.0,5758,0.0,0.0
2023-01-17 09:30:00-05:00,8.0,8.0,7.68720006942749,7.849999904632568,3017,0.0,0.0
2023-01-17 10:30:00-05:00,7.81689977645874,7.989999771118164,7.800000190734863,7.829999923706055,3058,0.0,0.0
2023-01-17 11:30:00-05:00,7.829999923706055,7.929999828338623,7.829999923706055,7.929999828338623,3451,0.0,0.0
2023-01-17 12:30:00-05:00,7.840000152587891,7.909999847412109,7.840000152587891,7.869999885559082,1642,0.0,0.0
2023-01-17 13:30:00-05:00,7.914100170135498,7.914100170135498,7.889999866485596,7.889999866485596,1196,0.0,0.0
2023-01-17 14:30:00-05:00,7.800000190734863,7.869999885559082,7.800000190734863,7.829999923706055,2235,0.0,0.0
2023-01-17 15:30:00-05:00,7.849999904632568,7.869999885559082,7.789999961853027,7.869999885559082,5253,0.0,0.0
2023-01-18 09:30:00-05:00,7.880000114440918,8.300000190734863,7.880000114440918,8.154999732971191,8474,0.0,0.0
2023-01-18 10:30:00-05:00,8.149999618530273,8.149999618530273,8.020000457763672,8.029999732971191,3106,0.0,0.0
2023-01-18 11:30:00-05:00,8.0,8.039999961853027,7.849999904632568,7.875,4201,0.0,0.0
2023-01-18 12:30:00-05:00,7.900000095367432,7.900000095367432,7.820000171661377,7.855000019073486,5117,0.0,0.0
2023-01-18 13:30:00-05:00,7.849999904632568,7.960000038146973,7.849999904632568,7.880000114440918,7632,0.0,0.0
2023-01-18 14:30:00-05:00,7.929999828338623,7.949999809265137,7.900000095367432,7.949999809265137,6516,0.0,0.0
2023-01-18 15:30:00-05:00,7.949999809265137,8.0,7.900000095367432,7.989999771118164,12031,0.0,0.0
2023-01-19 09:30:00-05:00,7.960000038146973,7.960000038146973,7.960000038146973,7.960000038146973,876,0.0,0.0
2023-01-19 10:30:00-05:00,7.869999885559082,7.940000057220459,7.791500091552734,7.929999828338623,1220,0.0,0.0
2023-01-19 11:30:00-05:00,7.849999904632568,7.949999809265137,7.690000057220459,7.699999809265137,23573,0.0,0.0
2023-01-19 12:30:00-05:00,7.730000019073486,7.730000019073486,7.560100078582764,7.71999979019165,4383,0.0,0.0
2023-01-19 13:30:00-05:00,7.690000057220459,7.729899883270264,7.599999904632568,7.599999904632568,3667,0.0,0.0
2023-01-19 14:30:00-05:00,7.699999809265137,7.699999809265137,7.570000171661377,7.590000152587891,4227,0.0,0.0
2023-01-19 15:30:00-05:00,7.587699890136719,7.659999847412109,7.510000228881836,7.579999923706055,5938,0.0,0.0
2023-01-20 09:30:00-05:00,7.619999885559082,7.755000114440918,7.510000228881836,7.550000190734863,14383,0.0,0.0
2023-01-20 10:30:00-05:00,7.579999923706055,7.699999809265137,7.570000171661377,7.699999809265137,8451,0.0,0.0
2023-01-20 11:30:00-05:00,7.730000019073486,7.730000019073486,7.559999942779541,7.71999979019165,9763,0.0,0.0
2023-01-20 12:30:00-05:00,7.710000038146973,7.71999979019165,7.590000152587891,7.659999847412109,6707,0.0,0.0
2023-01-20 13:30:00-05:00,7.6153998374938965,7.929999828338623,7.6153998374938965,7.929999828338623,3879,0.0,0.0
2023-01-20 14:30:00-05:00,7.929999828338623,7.939899921417236,7.639999866485596,7.769999980926514,6475,0.0,0.0
2023-01-20 15:30:00-05:00,7.769999980926514,7.820000171661377,7.730000019073486,7.820000171661377,6381,0.0,0.0
2023-01-23 09:30:00-05:00,7.829999923706055,7.829999923706055,7.644999980926514,7.644999980926514,1512,0.0,0.0
2023-01-23 10:30:00-05:00,7.765999794006348,7.765999794006348,7.765999794006348,7.765999794006348,1274,0.0,0.0
2023-01-23 11:30:00-05:00,7.839200019836426,7.989999771118164,7.809999942779541,7.989999771118164,3209,0.0,0.0
2023-01-23 12:30:00-05:00,7.860000133514404,8.050000190734863,7.860000133514404,8.039999961853027,6650,0.0,0.0
2023-01-23 13:30:00-05:00,7.920000076293945,8.039999961853027,7.920000076293945,8.010000228881836,3870,0.0,0.0
2023-01-23 14:30:00-05:00,7.96999979019165,8.359999656677246,7.96999979019165,8.3100004196167,49798,0.0,0.0
2023-01-23 15:30:00-05:00,8.3100004196167,8.449999809265137,8.25059986114502,8.425000190734863,17455,0.0,0.0
2023-01-24 09:30:00-05:00,8.380000114440918,8.489999771118164,8.220999717712402,8.319999694824219,11859,0.0,0.0
2023-01-24 10:30:00-05:00,8.350000381469727,8.460000038146973,8.350000381469727,8.369999885559082,1458,0.0,0.0
2023-01-24 11:30:00-05:00,8.449999809265137,8.449999809265137,8.25,8.279999732971191,1564,0.0,0.0
2023-01-24 12:30:00-05:00,8.305000305175781,8.305000305175781,8.239999771118164,8.255000114440918,4208,0.0,0.0
2023-01-24 13:30:00-05:00,8.260000228881836,8.40999984741211,8.239999771118164,8.399999618530273,21894,0.0,0.0
2023-01-24 14:30:00-05:00,8.369999885559082,8.489999771118164,8.359999656677246,8.4399995803833,11732,0.0,0.0
2023-01-24 15:30:00-05:00,8.399999618530273,8.479999542236328,8.359999656677246,8.390000343322754,12076,0.0,0.0
2023-01-25 09:30:00-05:00,8.270000457763672,8.270000457763672,8.220000267028809,8.220000267028809,1884,0.0,0.0
2023-01-25 10:30:00-05:00,8.23740005493164,8.349900245666504,8.23740005493164,8.349900245666504,1691,0.0,0.0
2023-01-25 11:30:00-05:00,8.309000015258789,8.34000015258789,8.309000015258789,8.34000015258789,1512,0.0,0.0
2023-01-25 12:30:00-05:00,8.350000381469727,8.479999542236328,8.319999694824219,8.39009952545166,15807,0.0,0.0
2023-01-25 13:30:00-05:00,8.399999618530273,8.40999984741211,8.385000228881836,8.40999984741211,4910,0.0,0.0
2023-01-25 14:30:00-05:00,8.40999984741211,8.760000228881836,8.40999984741211,8.569999694824219,18331,0.0,0.0
2023-01-25 15:30:00-05:00,8.604999542236328,8.899999618530273,8.604999542236328,8.760000228881836,19862,0.0,0.0
2023-01-26 09:30:00-05:00,8.920000076293945,9.100000381469727,8.520000457763672,8.930100440979004,39940,0.0,0.0
2023-01-26 10:30:00-05:00,8.970000267028809,8.970000267028809,8.869999885559082,8.949999809265137,7268,0.0,0.0
2023-01-26 11:30:00-05:00,8.896699905395508,9.109999656677246,8.890000343322754,9.09000015258789,12326,0.0,0.0
2023-01-26 12:30:00-05:00,9.09000015258789,9.180000305175781,9.0,9.0,5641,0.0,0.0
2023-01-26 13:30:00-05:00,9.03499984741211,9.069999694824219,8.904999732971191,9.020000457763672,4634,0.0,0.0
2023-01-26 14:30:00-05:00,8.960000038146973,9.020000457763672,8.930000305175781,8.96500015258789,5277,0.0,0.0
2023-01-26 15:30:00-05:00,8.949999809265137,8.970000267028809,8.869999885559082,8.930000305175781,9086,0.0,0.0
2023-01-27 09:30:00-05:00,8.899999618530273,9.0,8.899999618530273,8.914999961853027,2623,0.0,0.0
2023-01-27 10:30:00-05:00,8.947999954223633,9.0,8.830300331115723,8.830300331115723,2099,0.0,0.0
2023-01-27 11:30:00-05:00,8.899999618530273,8.899999618530273,8.859999656677246,8.864999771118164,1006,0.0,0.0
2023-01-27 12:30:00-05:00,8.859999656677246,8.960000038146973,8.859999656677246,8.90999984741211,2282,0.0,0.0
2023-01-27 13:30:00-05:00,8.90999984741211,8.90999984741211,8.819999694824219,8.890000343322754,3671,0.0,0.0
2023-01-27 14:30:00-05:00,8.899999618530273,8.899999618530273,8.800000190734863,8.806400299072266,3434,0.0,0.0
2023-01-27 15:30:00-05:00,8.789999961853027,8.829999923706055,8.760000228881836,8.819999694824219,6771,0.0,0.0
2023-01-30 09:30:00-05:00,8.779999732971191,8.789999961853027,8.770000457763672,8.770000457763672,2010,0.0,0.0
2023-01-30 10:30:00-05:00,8.65999984741211,8.739999771118164,8.65999984741211,8.739999771118164,849,0.0,0.0
2023-01-30 11:30:00-05:00,8.729900360107422,8.75,8.34000015258789,8.699999809265137,32796,0.0,0.0
2023-01-30 12:30:00-05:00,8.691100120544434,8.691100120544434,8.619999885559082,8.649999618530273,2953,0.0,0.0
2023-01-30 13:30:00-05:00,8.630000114440918,8.630000114440918,8.585000038146973,8.585000038146973,2550,0.0,0.0
2023-01-30 14:30:00-05:00,8.585000038146973,8.585000038146973,8.380000114440918,8.380000114440918,4745,0.0,0.0
2023-01-30 15:30:00-05:00,8.430000305175781,8.510000228881836,8.430000305175781,8.460000038146973,7422,0.0,0.0
2023-01-31 09:30:00-05:00,8.579999923706055,8.720000267028809,8.579999923706055,8.600000381469727,2772,0.0,0.0
2023-01-31 10:30:00-05:00,8.679699897766113,8.84000015258789,8.679699897766113,8.84000015258789,1099,0.0,0.0
2023-01-31 11:30:00-05:00,8.789999961853027,8.8100004196167,8.5600004196167,8.5600004196167,4434,0.0,0.0
2023-01-31 12:30:00-05:00,8.5600004196167,8.600000381469727,8.5600004196167,8.600000381469727,904,0.0,0.0
2023-01-31 13:30:00-05:00,8.577699661254883,8.640000343322754,8.577699661254883,8.640000343322754,1577,0.0,0.0
2023-01-31 14:30:00-05:00,8.680000305175781,8.710000038146973,8.65999984741211,8.710000038146973,5694,0.0,0.0
2023-01-31 15:30:00-05:00,8.670000076293945,8.920000076293945,8.670000076293945,8.84000015258789,9019,0.0,0.0
2023-02-01 09:30:00-05:00,8.899999618530273,9.0,8.899999618530273,8.975000381469727,26868,0.0,0.0
2023-02-01 10:30:00-05:00,8.982399940490723,8.982399940490723,8.869999885559082,8.9399995803833,11517,0.0,0.0
2023-02-01 11:30:00-05:00,8.949600219726562,8.949600219726562,8.819999694824219,8.829999923706055,11062,0.0,0.0
2023-02-01 12:30:00-05:00,8.819999694824219,8.869999885559082,8.800000190734863,8.845000267028809,8122,0.0,0.0
2023-02-01 13:30:00-05:00,8.84000015258789,8.899999618530273,8.819999694824219,8.885000228881836,11491,0.0,0.0
2023-02-01 14:30:00-05:00,8.885000228881836,9.180000305175781,8.854999542236328,9.130000114440918,35491,0.0,0.0
2023-02-01 15:30:00-05:00,9.09000015258789,9.180000305175781,9.020000457763672,9.0600004196167,14159,0.0,0.0
2023-02-02 09:30:00-05:00,9.479999542236328,9.937800407409668,9.4350004196167,9.77400016784668,86059,0.0,0.0
2023-02-02 10:30:00-05:00,9.760000228881836,9.979999542236328,9.760000228881836,9.831500053405762,27636,0.0,0.0
2023-02-02 11:30:00-05:00,9.839900016784668,9.84000015258789,9.609999656677246,9.691499710083008,16557,0.0,0.0
2023-02-02 12:30:00-05:00,9.619999885559082,9.726799964904785,9.5,9.5,15178,0.0,0.0
2023-02-02 13:30:00-05:00,9.5,9.539999961853027,9.399999618530273,9.484999656677246,19622,0.0,0.0
2023-02-02 14:30:00-05:00,9.449999809265137,9.5,9.350000381469727,9.444999694824219,18837,0.0,0.0
2023-02-02 15:30:00-05:00,9.390000343322754,9.600000381469727,9.369999885559082,9.569999694824219,16591,0.0,0.0
2023-02-03 09:30:00-05:00,9.850000381469727,10.199999809265137,9.821999549865723,10.149999618530273,34876,0.0,0.0
2023-02-03 10:30:00-05:00,10.085000038146973,10.199999809265137,9.899999618530273,9.970000267028809,10110,0.0,0.0
2023-02-03 11:30:00-05:00,10.012299537658691,10.279999732971191,10.010000228881836,10.271699905395508,17160,0.0,0.0
2023-02-03 12:30:00-05:00,10.275400161743164,10.40999984741211,10.1899995803833,10.21500015258789,17314,0.0,0.0
2023-02-03 13:30:00-05:00,10.210000038146973,10.25,9.899999618530273,9.899999618530273,18179,0.0,0.0
2023-02-03 14:30:00-05:00,9.899999618530273,9.925000190734863,9.770000457763672,9.819999694824219,34241,0.0,0.0
2023-02-03 15:30:00-05:00,9.819999694824219,10.0,9.819999694824219,10.0,16449,0.0,0.0
2023-02-06 09:30:00-05:00,10.0,10.17590045928955,9.998900413513184,10.078800201416016,17507,0.0,0.0
2023-02-06 10:30:00-05:00,10.050000190734863,10.050000190734863,9.800000190734863,9.824999809265137,9620,0.0,0.0
2023-02-06 11:30:00-05:00,9.850000381469727,9.865500450134277,9.819999694824219,9.865500450134277,4564,0.0,0.0
2023-02-06 12:30:00-05:00,9.930000305175781,9.999899864196777,9.770000457763672,9.770000457763672,13253,0.0,0.0
2023-02-06 13:30:00-05:00,9.789999961853027,9.789999961853027,9.619999885559082,9.765000343322754,9417,0.0,0.0
2023-02-06 14:30:00-05:00,9.779999732971191,9.789999961853027,9.725000381469727,9.770000457763672,5324,0.0,0.0
2023-02-06 15:30:00-05:00,9.72760009765625,9.829999923706055,9.675000190734863,9.710000038146973,12922,0.0,0.0
2023-02-07 09:30:00-05:00,9.729999542236328,9.859999656677246,9.720000267028809,9.78499984741211,7866,0.0,0.0
2023-02-07 10:30:00-05:00,9.774999618530273,9.80090045928955,9.550000190734863,9.639900207519531,12545,0.0,0.0
2023-02-07 11:30:00-05:00,9.630000114440918,9.635000228881836,9.609999656677246,9.625,4273,0.0,0.0
2023-02-07 12:30:00-05:00,9.619999885559082,9.880000114440918,9.609999656677246,9.680000305175781,7358,0.0,0.0
2023-02-07 13:30:00-05:00,9.630000114440918,9.749899864196777,9.600000381469727,9.710000038146973,9053,0.0,0.0
2023-02-07 14:30:00-05:00,9.720000267028809,9.770000457763672,9.649999618530273,9.71500015258789,4523,0.0,0.0
2023-02-07 15:30:00-05:00,9.710000038146973,9.779999732971191,9.619999885559082,9.779999732971191,11967,0.0,0.0
2023-02-08 09:30:00-05:00,9.739999771118164,9.739999771118164,9.5,9.550000190734863,5103,0.0,0.0
2023-02-08 10:30:00-05:00,9.599900245666504,9.642399787902832,9.500100135803223,9.609999656677246,5248,0.0,0.0
2023-02-08 11:30:00-05:00,9.640000343322754,9.640000343322754,9.54010009765625,9.600000381469727,5390,0.0,0.0
2023-02-08 12:30:00-05:00,9.619999885559082,9.789999961853027,9.5600004196167,9.640000343322754,6177,0.0,0.0
2023-02-08 13:30:00-05:00,9.640000343322754,9.729900360107422,9.59000015258789,9.630000114440918,14429,0.0,0.0
2023-02-08 14:30:00-05:00,9.645000457763672,9.76259994506836,9.645000457763672,9.720000267028809,3450,0.0,0.0
2023-02-08 15:30:00-05:00,9.720000267028809,9.729999542236328,9.620599746704102,9.640000343322754,9596,0.0,0.0
2023-02-09 09:30:00-05:00,9.649999618530273,9.9399995803833,9.649999618530273,9.6899995803833,20568,0.0,0.0
2023-02-09 10:30:00-05:00,9.630000114440918,9.666299819946289,9.550000190734863,9.59000015258789,6910,0.0,0.0
2023-02-09 11:30:00-05:00,9.59000015258789,9.649999618530273,9.5600004196167,9.649999618530273,18933,0.0,0.0
2023-02-09 12:30:00-05:00,9.649999618530273,9.710000038146973,9.574999809265137,9.630000114440918,14228,0.0,0.0
2023-02-09 13:30:00-05:00,9.670000076293945,9.680000305175781,9.569999694824219,9.679900169372559,27791,0.0,0.0
2023-02-09 14:30:00-05:00,9.611000061035156,9.645000457763672,9.579999923706055,9.623000144958496,16312,0.0,0.0
2023-02-09 15:30:00-05:00,9.619999885559082,9.619999885559082,9.520000457763672,9.550000190734863,14204,0.0,0.0
2023-02-10 09:30:00-05:00,9.5,9.5,9.199999809265137,9.375,11954,0.0,0.0
2023-02-10 10:30:00-05:00,9.390000343322754,9.399999618530273,9.239999771118164,9.34000015258789,11631,0.0,0.0
2023-02-10 11:30:00-05:00,9.319999694824219,9.489999771118164,9.3100004196167,9.4350004196167,7752,0.0,0.0
2023-02-10 12:30:00-05:00,9.4350004196167,9.5600004196167,9.430000305175781,9.54990005493164,7861,0.0,0.0
2023-02-10 13:30:00-05:00,9.510000228881836,9.510000228881836,9.430000305175781,9.454999923706055,3159,0.0,0.0
2023-02-10 14:30:00-05:00,9.4399995803833,9.489999771118164,9.4350004196167,9.489999771118164,4690,0.0,0.0
2023-02-10 15:30:00-05:00,9.489999771118164,9.489999771118164,9.420000076293945,9.449999809265137,10682,0.0,0.0
2023-02-13 09:30:00-05:00,9.430000305175781,9.529899597167969,9.210100173950195,9.489999771118164,9710,0.0,0.0
2023-02-13 10:30:00-05:00,9.444999694824219,9.682000160217285,9.4399995803833,9.460000038146973,8752,0.0,0.0
2023-02-13 11:30:00-05:00,9.5600004196167,9.5600004196167,9.430000305175781,9.550000190734863,6788,0.0,0.0
2023-02-13 12:30:00-05:00,9.569999694824219,9.597900390625,9.489999771118164,9.539999961853027,5391,0.0,0.0
2023-02-13 13:30:00-05:00,9.579999923706055,9.579999923706055,9.510000228881836,9.539999961853027,1847,0.0,0.0
2023-02-13 14:30:00-05:00,9.555000305175781,9.555000305175781,9.550000190734863,9.550000190734863,545,0.0,0.0
2023-02-13 15:30:00-05:00,9.569999694824219,9.627599716186523,9.504599571228027,9.579999923706055,18030,0.0,0.0
2023-02-14 09:30:00-05:00,9.569999694824219,9.749899864196777,9.550000190734863,9.640000343322754,4981,0.0,0.0
2023-02-14 10:30:00-05:00,9.59000015258789,9.630000114440918,9.265000343322754,9.5600004196167,4633,0.0,0.0
2023-02-14 11:30:00-05:00,9.475000381469727,9.535099983215332,9.300000190734863,9.460000038146973,4362,0.0,0.0
2023-02-14 12:30:00-05:00,9.490400314331055,9.601099967956543,9.470000267028809,9.529999732971191,7373,0.0,0.0
2023-02-14 13:30:00-05:00,9.579999923706055,9.579999923706055,9.449999809265137,9.449999809265137,3630,0.0,0.0
2023-02-14 14:30:00-05:00,9.449999809265137,9.510000228881836,9.329999923706055,9.5,11852,0.0,0.0
2023-02-14 15:30:00-05:00,9.5,9.528499603271484,9.380000114440918,9.40999984741211,13958,0.0,0.0
2023-02-15 09:30:00-05:00,9.399999618530273,9.460000038146973,9.30150032043457,9.454999923706055,8668,0.0,0.0
2023-02-15 10:30:00-05:00,9.459400177001953,9.459400177001953,9.390000343322754,9.390000343322754,1742,0.0,0.0
2023-02-15 11:30:00-05:00,9.390000343322754,9.400099754333496,9.300000190734863,9.3100004196167,6909,0.0,0.0
2023-02-15 12:30:00-05:00,9.277000427246094,9.329999923706055,9.252300262451172,9.329999923706055,3243,0.0,0.0
2023-02-15 13:30:00-05:00,9.329999923706055,9.375,9.305000305175781,9.371700286865234,4204,0.0,0.0
2023-02-15 14:30:00-05:00,9.359999656677246,9.369999885559082,9.290599822998047,9.324999809265137,6970,0.0,0.0
2023-02-15 15:30:00-05:00,9.34000015258789,9.359999656677246,9.3100004196167,9.359999656677246,7277,0.0,0.0
2023-02-16 09:30:00-05:00,9.220000267028809,9.287500381469727,9.140000343322754,9.212400436401367,8477,0.0,0.0
2023-02-16 10:30:00-05:00,9.168600082397461,9.234999656677246,9.15999984741211,9.227299690246582,3479,0.0,0.0
2023-02-16 11:30:00-05:00,9.220000267028809,9.40999984741211,9.199999809265137,9.40999984741211,14426,0.0,0.0
2023-02-16 12:30:00-05:00,9.385000228881836,9.569999694824219,9.385000228881836,9.470000267028809,17085,0.0,0.0
2023-02-16 13:30:00-05:00,9.5,9.5,9.454999923706055,9.479999542236328,3188,0.0,0.0
2023-02-16 14:30:00-05:00,9.539999961853027,9.6899995803833,9.4399995803833,9.4399995803833,22858,0.0,0.0
2023-02-16 15:30:00-05:00,9.40999984741211,9.489999771118164,9.380000114440918,9.40999984741211,15178,0.0,0.0
2023-02-17 09:30:00-05:00,9.5,9.545000076293945,9.25,9.456399917602539,27798,0.0,0.0
2023-02-17 10:30:00-05:00,9.380000114440918,9.729999542236328,9.380000114440918,9.65999984741211,25288,0.0,0.0
2023-02-17 11:30:00-05:00,9.65999984741211,9.731599807739258,9.630000114440918,9.696999549865723,12788,0.0,0.0
2023-02-17 12:30:00-05:00,9.710000038146973,9.75,9.630000114440918,9.710000038146973,5007,0.0,0.0
2023-02-17 13:30:00-05:00,9.670000076293945,9.829999923706055,9.649999618530273,9.65999984741211,7135,0.0,0.0
2023-02-17 14:30:00-05:00,9.725000381469727,9.84000015258789,9.699999809265137,9.824999809265137,6352,0.0,0.0
2023-02-17 15:30:00-05:00,9.800000190734863,9.920000076293945,9.800000190734863,9.869999885559082,12547,0.0,0.0
2023-02-21 09:30:00-05:00,9.779999732971191,9.9399995803833,9.600099563598633,9.654999732971191,22929,0.0,0.0
2023-02-21 10:30:00-05:00,9.649999618530273,9.649999618530273,9.479999542236328,9.510000228881836,12367,0.0,0.0
2023-02-21 11:30:00-05:00,9.532899856567383,9.5600004196167,9.460000038146973,9.489999771118164,4473,0.0,0.0
2023-02-21 12:30:00-05:00,9.449999809265137,9.489999771118164,9.414999961853027,9.414999961853027,3957,0.0,0.0
2023-02-21 13:30:00-05:00,9.359999656677246,9.369999885559082,9.281000137329102,9.329999923706055,6833,0.0,0.0
2023-02-21 14:30:00-05:00,9.329999923706055,9.430000305175781,9.314000129699707,9.430000305175781,3364,0.0,0.0
2023-02-21 15:30:00-05:00,9.430000305175781,9.449999809265137,9.350000381469727,9.350000381469727,8292,0.0,0.0
2023-02-22 09:30:00-05:00,9.390000343322754,9.54990005493164,9.390000343322754,9.440099716186523,10781,0.0,0.0
2023-02-22 10:30:00-05:00,9.420000076293945,9.510000228881836,9.300000190734863,9.340999603271484,6711,0.0,0.0
2023-02-22 11:30:00-05:00,9.390000343322754,9.4399995803833,9.340999603271484,9.399700164794922,3651,0.0,0.0
2023-02-22 12:30:00-05:00,9.385000228881836,9.449999809265137,9.385000228881836,9.420000076293945,4191,0.0,0.0
2023-02-22 13:30:00-05:00,9.420000076293945,9.4399995803833,9.395000457763672,9.4350004196167,3024,0.0,0.0
2023-02-22 14:30:00-05:00,9.4350004196167,9.4350004196167,9.34000015258789,9.359999656677246,3503,0.0,0.0
2023-02-22 15:30:00-05:00,9.390000343322754,9.420000076293945,9.300000190734863,9.329999923706055,7098,0.0,0.0
2023-02-23 09:30:00-05:00,9.449999809265137,9.5600004196167,9.449999809265137,9.534199714660645,8294,0.0,0.0
2023-02-23 10:30:00-05:00,9.510000228881836,9.59000015258789,9.5,9.569999694824219,4756,0.0,0.0
2023-02-23 11:30:00-05:00,9.550000190734863,9.557700157165527,9.520000457763672,9.539199829101562,4947,0.0,0.0
2023-02-23 12:30:00-05:00,9.539999961853027,9.630000114440918,9.539999961853027,9.609999656677246,4167,0.0,0.0
2023-02-23 13:30:00-05:00,9.607399940490723,9.71500015258789,9.569999694824219,9.71500015258789,4345,0.0,0.0
2023-02-23 14:30:00-05:00,9.73289966583252,9.75,9.640000343322754,9.640000343322754,4410,0.0,0.0
2023-02-23 15:30:00-05:00,9.664999961853027,9.704999923706055,9.619999885559082,9.6899995803833,11222,0.0,0.0
2023-02-24 09:30:00-05:00,9.4399995803833,9.4399995803833,9.109999656677246,9.239999771118164,16787,0.0,0.0
2023-02-24 10:30:00-05:00,9.124500274658203,9.210000038146973,9.124500274658203,9.156000137329102,5152,0.0,0.0
2023-02-24 11:30:00-05:00,9.145600318908691,9.305000305175781,9.140000343322754,9.149999618530273,10033,0.0,0.0
2023-02-24 12:30:00-05:00,9.140000343322754,9.140000343322754,8.927300453186035,9.010000228881836,11662,0.0,0.0
2023-02-24 13:30:00-05:00,9.010000228881836,9.114999771118164,9.010000228881836,9.104999542236328,4977,0.0,0.0
2023-02-24 14:30:00-05:00,9.109999656677246,9.220000267028809,9.090100288391113,9.100000381469727,7824,0.0,0.0
2023-02-24 15:30:00-05:00,9.100000381469727,9.130000114440918,9.039999961853027,9.130000114440918,15850,0.0,0.0
2023-02-27 09:30:00-05:00,9.220000267028809,9.279999732971191,9.0600004196167,9.220000267028809,8982,0.0,0.0
2023-02-27 10:30:00-05:00,9.21500015258789,9.21500015258789,9.100000381469727,9.1899995803833,1101,0.0,0.0
2023-02-27 11:30:00-05:00,9.270000457763672,9.319999694824219,9.229999542236328,9.265000343322754,4181,0.0,0.0
2023-02-27 12:30:00-05:00,9.244999885559082,9.244999885559082,9.199999809265137,9.220000267028809,3264,0.0,0.0
2023-02-27 13:30:00-05:00,9.22249984741211,9.239999771118164,9.220000267028809,9.220000267028809,1107,0.0,0.0
2023-02-27 14:30:00-05:00,9.229999542236328,9.229999542236328,9.026800155639648,9.045000076293945,8278,0.0,0.0
2023-02-27 15:30:00-05:00,9.039999961853027,9.140000343322754,9.03499984741211,9.100000381469727,5863,0.0,0.0
2023-02-28 09:30:00-05:00,8.989999771118164,9.342000007629395,8.989999771118164,9.204999923706055,13486,0.0,0.0
2023-02-28 10:30:00-05:00,9.229999542236328,9.289999961853027,9.229999542236328,9.25,4150,0.0,0.0
2023-02-28 11:30:00-05:00,9.229999542236328,9.239999771118164,9.15999984741211,9.239999771118164,6029,0.0,0.0
2023-02-28 12:30:00-05:00,9.300000190734863,9.390000343322754,9.300000190734863,9.335000038146973,2835,0.0,0.0
2023-02-28 13:30:00-05:00,9.350000381469727,9.369999885559082,9.29699993133545,9.369999885559082,5705,0.0,0.0
2023-02-28 14:30:00-05:00,9.375,9.390000343322754,9.329999923706055,9.359999656677246,2895,0.0,0.0
2023-02-28 15:30:00-05:00,9.380000114440918,9.399999618530273,9.270000457763672,9.270000457763672,11004,0.0,0.0
2023-03-01 09:30:00-05:00,9.260000228881836,9.59000015258789,9.090100288391113,9.3149995803833,5781,0.0,0.0
2023-03-01 10:30:00-05:00,9.3100004196167,9.329999923706055,9.170000076293945,9.220000267028809,5209,0.0,0.0
2023-03-01 11:30:00-05:00,9.270000457763672,9.289999961853027,9.220000267028809,9.279999732971191,3670,0.0,0.0
2023-03-01 12:30:00-05:00,9.279999732971191,9.300000190734863,9.239999771118164,9.289999961853027,1789,0.0,0.0
2023-03-01 13:30:00-05:00,9.230600357055664,9.239999771118164,9.109999656677246,9.239999771118164,947,0.0,0.0
2023-03-01 14:30:00-05:00,9.149999618530273,9.15999984741211,9.149999618530273,9.15999984741211,757,0.0,0.0
2023-03-01 15:30:00-05:00,9.125,9.260000228881836,9.125,9.210000038146973,6788,0.0,0.0
2023-03-02 09:30:00-05:00,9.069999694824219,9.369999885559082,9.0600004196167,9.149999618530273,5222,0.0,0.0
2023-03-02 10:30:00-05:00,9.100000381469727,9.199999809265137,9.100000381469727,9.199999809265137,6781,0.0,0.0
2023-03-02 11:30:00-05:00,9.179900169372559,9.179900169372559,9.069999694824219,9.100000381469727,8295,0.0,0.0
2023-03-02 12:30:00-05:00,9.100000381469727,9.140000343322754,9.079400062561035,9.100000381469727,3318,0.0,0.0
2023-03-02 13:30:00-05:00,9.119999885559082,9.260000228881836,9.119999885559082,9.260000228881836,3706,0.0,0.0
2023-03-02 14:30:00-05:00,9.255000114440918,9.390000343322754,9.239999771118164,9.390000343322754,6732,0.0,0.0
2023-03-02 15:30:00-05:00,9.399999618530273,9.470000267028809,9.380000114440918,9.404999732971191,11609,0.0,0.0
2023-03-03 09:30:00-05:00,9.229999542236328,9.489899635314941,9.154999732971191,9.180000305175781,10110,0.0,0.0
2023-03-03 10:30:00-05:00,9.170000076293945,9.180000305175781,9.15999984741211,9.180000305175781,617,0.0,0.0
2023-03-03 11:30:00-05:00,9.203300476074219,9.203300476074219,9.100000381469727,9.139900207519531,9197,0.0,0.0
2023-03-03 12:30:00-05:00,9.109999656677246,9.119999885559082,9.100000381469727,9.100000381469727,3502,0.0,0.0
2023-03-03 13:30:00-05:00,9.050100326538086,9.119999885559082,9.035699844360352,9.108200073242188,5640,0.0,0.0
2023-03-03 14:30:00-05:00,9.097900390625,9.125,9.069999694824219,9.104999542236328,4786,0.0,0.0
2023-03-03 15:30:00-05:00,9.089900016784668,9.09000015258789,9.029999732971191,9.029999732971191,22804,0.0,0.0
2023-03-06 09:30:00-05:00,9.1899995803833,9.25,9.0600004196167,9.145000457763672,20629,0.0,0.0
2023-03-06 10:30:00-05:00,9.145000457763672,9.319999694824219,9.09000015258789,9.3149995803833,28254,0.0,0.0
2023-03-06 11:30:00-05:00,9.369000434875488,9.369000434875488,9.109999656677246,9.149999618530273,10406,0.0,0.0
2023-03-06 12:30:00-05:00,9.119999885559082,9.119999885559082,9.050000190734863,9.050000190734863,13746,0.0,0.0
2023-03-06 13:30:00-05:00,9.050000190734863,9.100000381469727,9.050000190734863,9.050000190734863,7829,0.0,0.0
2023-03-06 14:30:00-05:00,9.055000305175781,9.074999809265137,8.979999542236328,9.050000190734863,14379,0.0,0.0
2023-03-06 15:30:00-05:00,9.020000457763672,9.069999694824219,9.0,9.050000190734863,37825,0.0,0.0
2023-03-07 09:30:00-05:00,9.0600004196167,9.164999961853027,9.050000190734863,9.149999618530273,14288,0.0,0.0
2023-03-07 10:30:00-05:00,9.130000114440918,9.175000190734863,8.989999771118164,8.989999771118164,7900,0.0,0.0
2023-03-07 11:30:00-05:00,9.001999855041504,9.050000190734863,8.960000038146973,9.039999961853027,3829,0.0,0.0
2023-03-07 12:30:00-05:00,9.039999961853027,9.039999961853027,8.970000267028809,8.970000267028809,8380,0.0,0.0
2023-03-07 13:30:00-05:00,8.960000038146973,9.015000343322754,8.890000343322754,9.005000114440918,6757,0.0,0.0
2023-03-07 14:30:00-05:00,8.989999771118164,9.0,8.970000267028809,8.989999771118164,4756,0.0,0.0
2023-03-07 15:30:00-05:00,8.96500015258789,9.010000228881836,8.96500015258789,9.010000228881836,7940,0.0,0.0
2023-03-08 09:30:00-05:00,8.960000038146973,9.0,8.859999656677246,9.0,2550,0.0,0.0
2023-03-08 10:30:00-05:00,9.0,9.0,8.977100372314453,9.0,482,0.0,0.0
2023-03-08 11:30:00-05:00,8.960000038146973,9.005000114440918,8.920000076293945,8.920000076293945,1684,0.0,0.0
2023-03-08 12:30:00-05:00,8.920000076293945,8.920000076293945,8.855199813842773,8.855199813842773,1155,0.0,0.0
2023-03-08 13:30:00-05:00,8.859999656677246,8.890000343322754,8.819999694824219,8.890000343322754,2001,0.0,0.0
2023-03-08 14:30:00-05:00,8.890000343322754,8.890000343322754,8.770000457763672,8.779999732971191,6323,0.0,0.0
2023-03-08 15:30:00-05:00,8.795000076293945,8.880000114440918,8.770000457763672,8.84000015258789,9622,0.0,0.0
2023-03-09 09:30:00-05:00,8.789999961853027,8.889599800109863,8.789999961853027,8.824999809265137,2837,0.0,0.0
2023-03-09 10:30:00-05:00,8.835000038146973,8.850000381469727,8.780599594116211,8.819999694824219,7581,0.0,0.0
2023-03-09 11:30:00-05:00,8.819999694824219,8.850000381469727,8.800000190734863,8.800000190734863,2418,0.0,0.0
2023-03-09 12:30:00-05:00,8.779999732971191,8.779999732971191,8.619999885559082,8.619999885559082,3987,0.0,0.0
2023-03-09 13:30:00-05:00,8.649999618530273,8.649999618530273,8.539999961853027,8.569999694824219,5325,0.0,0.0
2023-03-09 14:30:00-05:00,8.550000190734863,8.550000190734863,8.399999618530273,8.489999771118164,10585,0.0,0.0
2023-03-09 15:30:00-05:00,8.449999809265137,8.515000343322754,8.369999885559082,8.369999885559082,16336,0.0,0.0
2023-03-10 09:30:00-05:00,7.570000171661377,7.760000228881836,6.739999771118164,6.849999904632568,66477,0.0,0.0
2023-03-10 10:30:00-05:00,6.800000190734863,6.800000190734863,6.46999979019165,6.630000114440918,65670,0.0,0.0
2023-03-10 11:30:00-05:00,6.70989990234375,6.839900016784668,6.699999809265137,6.730000019073486,38575,0.0,0.0
2023-03-10 12:30:00-05:00,6.760000228881836,7.079999923706055,6.720099925994873,7.025000095367432,31078,0.0,0.0
2023-03-10 13:30:00-05:00,7.079999923706055,7.210000038146973,6.96999979019165,7.059999942779541,26457,0.0,0.0
2023-03-10 14:30:00-05:00,7.070000171661377,7.159999847412109,7.0,7.059999942779541,19881,0.0,0.0
2023-03-10 15:30:00-05:00,7.039999961853027,7.099999904632568,7.0,7.025000095367432,35545,0.0,0.0
2023-03-13 09:30:00-04:00,6.829999923706055,7.0,6.829999923706055,6.900000095367432,59229,0.0,0.0
2023-03-13 10:30:00-04:00,6.900100231170654,6.960000038146973,6.900000095367432,6.959400177001953,14124,0.0,0.0
2023-03-13 11:30:00-04:00,6.950099945068359,6.950099945068359,6.909999847412109,6.940000057220459,12635,0.0,0.0
2023-03-13 12:30:00-04:00,6.949999809265137,6.96999979019165,6.940000057220459,6.960000038146973,12437,0.0,0.0
2023-03-13 13:30:00-04:00,6.949999809265137,7.0,6.949999809265137,6.980000019073486,8111,0.0,0.0
2023-03-13 14:30:00-04:00,7.0,7.199999809265137,7.0,7.190000057220459,22111,0.0,0.0
2023-03-13 15:30:00-04:00,7.199999809265137,7.239999771118164,7.184999942779541,7.239999771118164,23232,0.0,0.0
2023-03-14 09:30:00-04:00,7.519999980926514,7.679999828338623,7.230000019073486,7.489999771118164,18805,0.0,0.0
2023-03-14 10:30:00-04:00,7.519999980926514,7.591000080108643,7.5,7.550000190734863,10294,0.0,0.0
2023-03-14 11:30:00-04:00,7.554999828338623,7.659999847412109,7.550000190734863,7.610000133514404,18533,0.0,0.0
2023-03-14 12:30:00-04:00,7.599999904632568,7.659999847412109,7.599999904632568,7.619999885559082,22075,0.0,0.0
2023-03-14 13:30:00-04:00,7.650000095367432,7.659999847412109,7.599999904632568,7.599999904632568,20837,0.0,0.0
2023-03-14 14:30:00-04:00,7.599999904632568,7.630000114440918,7.579999923706055,7.619999885559082,12442,0.0,0.0
2023-03-14 15:30:00-04:00,7.619999885559082,7.690000057220459,7.599999904632568,7.670000076293945,20522,0.0,0.0
2023-03-15 09:30:00-04:00,7.599999904632568,7.625,7.409999847412109,7.445000171661377,27082,0.0,0.0
2023-03-15 10:30:00-04:00,7.445000171661377,7.53000020980835,7.440000057220459,7.465000152587891,7653,0.0,0.0
2023-03-15 11:30:00-04:00,7.465000152587891,7.489999771118164,7.309999942779541,7.340000152587891,12967,0.0,0.0
2023-03-15 12:30:00-04:00,7.329999923706055,7.380000114440918,7.289999961853027,7.329999923706055,14950,0.0,0.0
2023-03-15 13:30:00-04:00,7.329999923706055,7.449999809265137,7.320000171661377,7.449999809265137,9054,0.0,0.0
2023-03-15 14:30:00-04:00,7.429999828338623,7.5,7.389999866485596,7.400000095367432,9213,0.0,0.0
2023-03-15 15:30:00-04:00,7.389999866485596,7.420000076293945,7.320000171661377,7.400000095367432,32996,0.0,0.0
2023-03-16 09:30:00-04:00,7.25,7.349999904632568,7.25,7.349999904632568,7369,0.0,0.0
2023-03-16 10:30:00-04:00,7.380000114440918,7.510000228881836,7.329999923706055,7.415999889373779,19455,0.0,0.0
2023-03-16 11:30:00-04:00,7.409999847412109,7.510000228881836,7.400100231170654,7.434999942779541,4484,0.0,0.0
2023-03-16 12:30:00-04:00,7.389699935913086,7.570000171661377,7.389699935913086,7.549900054931641,8045,0.0,0.0
2023-03-16 13:30:00-04:00,7.539999961853027,7.539999961853027,7.429999828338623,7.429999828338623,3128,0.0,0.0
2023-03-16 14:30:00-04:00,7.425000190734863,7.5,7.409999847412109,7.46999979019165,8476,0.0,0.0
2023-03-16 15:30:00-04:00,7.489999771118164,7.510000228881836,7.449999809265137,7.489999771118164,15627,0.0,0.0
2023-03-17 09:30:00-04:00,7.260000228881836,7.349999904632568,7.199999809265137,7.295000076293945,50951,0.0,0.0
2023-03-17 10:30:00-04:00,7.320000171661377,7.349999904632568,7.269999980926514,7.277400016784668,3432,0.0,0.0
2023-03-17 11:30:00-04:00,7.300000190734863,7.389999866485596,7.300000190734863,7.329999923706055,4916,0.0,0.0
2023-03-17 12:30:00-04:00,7.375,7.375,7.275000095367432,7.295000076293945,8322,0.0,0.0
2023-03-17 13:30:00-04:00,7.269999980926514,7.329999923706055,7.269999980926514,7.269999980926514,2909,0.0,0.0
2023-03-17 14:30:00-04:00,7.34499979019165,7.349999904632568,7.269999980926514,7.3059000968933105,6536,0.0,0.0
2023-03-17 15:30:00-04:00,7.300000190734863,7.300000190734863,7.199999809265137,7.289999961853027,28414,0.0,0.0
2023-03-20 09:30:00-04:00,7.28000020980835,7.40500020980835,7.199999809265137,7.300000190734863,15427,0.0,0.0
2023-03-20 10:30:00-04:00,7.300000190734863,7.3404998779296875,7.28000020980835,7.3404998779296875,6258,0.0,0.0
2023-03-20 11:30:00-04:00,7.320000171661377,7.340000152587891,7.199999809265137,7.199999809265137,6805,0.0,0.0
2023-03-20 12:30:00-04:00,7.199999809265137,7.230000019073486,7.199999809265137,7.210000038146973,9360,0.0,0.0
2023-03-20 13:30:00-04:00,7.199999809265137,7.21999979019165,7.199999809265137,7.210000038146973,17553,0.0,0.0
2023-03-20 14:30:00-04:00,7.199999809265137,7.210000038146973,7.199999809265137,7.210000038146973,9085,0.0,0.0
2023-03-20 15:30:00-04:00,7.210000038146973,7.28000020980835,7.190000057220459,7.230000019073486,44043,0.0,0.0
2023-03-21 09:30:00-04:00,7.46999979019165,7.550000190734863,7.460000038146973,7.480000019073486,3825,0.0,0.0
2023-03-21 10:30:00-04:00,7.44980001449585,7.485000133514404,7.360000133514404,7.389999866485596,20520,0.0,0.0
2023-03-21 11:30:00-04:00,7.360000133514404,7.369999885559082,7.230000019073486,7.329999923706055,6347,0.0,0.0
2023-03-21 12:30:00-04:00,7.335000038146973,7.340000152587891,7.300000190734863,7.315000057220459,9348,0.0,0.0
2023-03-21 13:30:00-04:00,7.320000171661377,7.349999904632568,7.300000190734863,7.33650016784668,13905,0.0,0.0
2023-03-21 14:30:00-04:00,7.343900203704834,7.389999866485596,7.340000152587891,7.369999885559082,18994,0.0,0.0
2023-03-21 15:30:00-04:00,7.369999885559082,7.429999828338623,7.369999885559082,7.409999847412109,11682,0.0,0.0
2023-03-22 09:30:00-04:00,7.380000114440918,7.380000114440918,7.309999942779541,7.375,3374,0.0,0.0
2023-03-22 10:30:00-04:00,7.418000221252441,7.418000221252441,7.349999904632568,7.349999904632568,3325,0.0,0.0
2023-03-22 11:30:00-04:00,7.300000190734863,7.329999923706055,7.269999980926514,7.329999923706055,2958,0.0,0.0
2023-03-22 12:30:00-04:00,7.340000152587891,7.340000152587891,7.300000190734863,7.300000190734863,1130,0.0,0.0
2023-03-22 13:30:00-04:00,7.28000020980835,7.340000152587891,7.28000020980835,7.320000171661377,3061,0.0,0.0
2023-03-22 14:30:00-04:00,7.269999980926514,7.340000152587891,7.199999809265137,7.269999980926514,8487,0.0,0.0
2023-03-22 15:30:00-04:00,7.260000228881836,7.28000020980835,7.019999980926514,7.039999961853027,15319,0.0,0.0
2023-03-23 09:30:00-04:00,7.119999885559082,7.230000019073486,7.070000171661377,7.070000171661377,16560,0.0,0.0
2023-03-23 10:30:00-04:00,7.099899768829346,7.110000133514404,7.0,7.0,8399,0.0,0.0
2023-03-23 11:30:00-04:00,6.980000019073486,7.039999961853027,6.920000076293945,7.0,8213,0.0,0.0
2023-03-23 12:30:00-04:00,7.0,7.019700050354004,6.980000019073486,7.0,9672,0.0,0.0
2023-03-23 13:30:00-04:00,7.0,7.019999980926514,6.989999771118164,7.010000228881836,12712,0.0,0.0
2023-03-23 14:30:00-04:00,7.010000228881836,7.039999961853027,6.960000038146973,7.0,31793,0.0,0.0
2023-03-23 15:30:00-04:00,7.0,7.079999923706055,6.989999771118164,7.010000228881836,12213,0.0,0.0
2023-03-24 09:30:00-04:00,6.909999847412109,7.03000020980835,6.835000038146973,7.025000095367432,15147,0.0,0.0
2023-03-24 10:30:00-04:00,7.019999980926514,7.019999980926514,6.929999828338623,6.994999885559082,9859,0.0,0.0
2023-03-24 11:30:00-04:00,7.010000228881836,7.110000133514404,7.010000228881836,7.025000095367432,5039,0.0,0.0
2023-03-24 12:30:00-04:00,7.0,7.110000133514404,7.0,7.099999904632568,2842,0.0,0.0
2023-03-24 13:30:00-04:00,7.099999904632568,7.130000114440918,7.090000152587891,7.130000114440918,5186,0.0,0.0
2023-03-24 14:30:00-04:00,7.11299991607666,7.190000057220459,7.11299991607666,7.190000057220459,4562,0.0,0.0
2023-03-24 15:30:00-04:00,7.190000057220459,7.190000057220459,7.150000095367432,7.179999828338623,10930,0.0,0.0
2023-03-27 09:30:00-04:00,7.260000228881836,7.300000190734863,7.199999809265137,7.269999980926514,5822,0.0,0.0
2023-03-27 10:30:00-04:00,7.300000190734863,7.300000190734863,7.199999809265137,7.230000019073486,5588,0.0,0.0
2023-03-27 11:30:00-04:00,7.239999771118164,7.239999771118164,7.224999904632568,7.224999904632568,646,0.0,0.0
2023-03-27 12:30:00-04:00,7.230000019073486,7.239999771118164,7.210000038146973,7.235000133514404,2352,0.0,0.0
2023-03-27 13:30:00-04:00,7.230000019073486,7.239999771118164,7.199999809265137,7.239999771118164,6986,0.0,0.0
2023-03-27 14:30:00-04:00,7.25,7.289999961853027,7.239999771118164,7.289999961853027,4875,0.0,0.0
2023-03-27 15:30:00-04:00,7.300000190734863,7.320000171661377,7.21999979019165,7.25,9921,0.0,0.0
2023-03-28 09:30:00-04:00,7.239999771118164,7.28000020980835,7.2006001472473145,7.269999980926514,4775,0.0,0.0
2023-03-28 10:30:00-04:00,7.255000114440918,7.255000114440918,7.236700057983398,7.236700057983398,1016,0.0,0.0
2023-03-28 11:30:00-04:00,7.199999809265137,7.21999979019165,7.199999809265137,7.199999809265137,3798,0.0,0.0
2023-03-28 12:30:00-04:00,7.150000095367432,7.175099849700928,7.0,7.0,9059,0.0,0.0
2023-03-28 13:30:00-04:00,6.980000019073486,7.03000020980835,6.940000057220459,6.96999979019165,10573,0.0,0.0
2023-03-28 14:30:00-04:00,6.96999979019165,7.059999942779541,6.960000038146973,7.039999961853027,25003,0.0,0.0
2023-03-28 15:30:00-04:00,7.045000076293945,7.079999923706055,6.985000133514404,7.070000171661377,21261,0.0,0.0
2023-03-29 09:30:00-04:00,7.170000076293945,7.170000076293945,7.099999904632568,7.099999904632568,5306,0.0,0.0
2023-03-29 10:30:00-04:00,7.099999904632568,7.1178998947143555,7.099999904632568,7.1178998947143555,3494,0.0,0.0
2023-03-29 11:30:00-04:00,7.110000133514404,7.179999828338623,7.110000133514404,7.179999828338623,4551,0.0,0.0
2023-03-29 12:30:00-04:00,7.170000076293945,7.190000057220459,7.170000076293945,7.190000057220459,2483,0.0,0.0
2023-03-29 13:30:00-04:00,7.159999847412109,7.159999847412109,7.099999904632568,7.110300064086914,4447,0.0,0.0
2023-03-29 14:30:00-04:00,7.125,7.130000114440918,7.111800193786621,7.111800193786621,643,0.0,0.0
2023-03-29 15:30:00-04:00,7.132500171661377,7.150000095367432,7.110000133514404,7.150000095367432,4216,0.0,0.0
2023-03-30 09:30:00-04:00,7.230000019073486,7.230000019073486,7.224999904632568,7.224999904632568,2821,0.0,0.0
2023-03-30 10:30:00-04:00,7.300000190734863,7.329899787902832,7.300000190734863,7.329899787902832,1027,0.0,0.0
2023-03-30 11:30:00-04:00,7.199999809265137,7.199999809265137,7.110000133514404,7.110000133514404,8883,0.0,0.0
2023-03-30 12:30:00-04:00,7.110000133514404,7.110000133514404,7.019999980926514,7.03000020980835,4693,0.0,0.0
2023-03-30 13:30:00-04:00,7.019999980926514,7.079999923706055,7.0,7.059999942779541,5457,0.0,0.0
2023-03-30 14:30:00-04:00,7.059999942779541,7.090000152587891,7.019999980926514,7.045000076293945,8789,0.0,0.0
2023-03-30 15:30:00-04:00,7.050000190734863,7.150000095367432,7.045000076293945,7.130000114440918,7084,0.0,0.0
2023-03-31 09:30:00-04:00,7.190000057220459,7.255000114440918,7.099999904632568,7.145699977874756,7095,0.0,0.0
2023-03-31 10:30:00-04:00,7.21999979019165,7.270299911499023,7.212600231170654,7.270299911499023,6323,0.0,0.0
2023-03-31 11:30:00-04:00,7.275000095367432,7.360000133514404,7.269999980926514,7.355000019073486,4711,0.0,0.0
2023-03-31 12:30:00-04:00,7.329999923706055,7.349999904632568,7.300000190734863,7.300000190734863,3013,0.0,0.0
2023-03-31 13:30:00-04:00,7.309999942779541,7.318999767303467,7.300000190734863,7.318999767303467,2326,0.0,0.0
2023-03-31 14:30:00-04:00,7.329999923706055,7.360000133514404,7.300000190734863,7.360000133514404,8166,0.0,0.0
2023-03-31 15:30:00-04:00,7.375,7.400000095367432,7.320000171661377,7.329999923706055,15065,0.0,0.0
2023-04-03 09:30:00-04:00,7.300000190734863,7.368000030517578,7.250100135803223,7.368000030517578,4063,0.0,0.0
2023-04-03 10:30:00-04:00,7.349999904632568,7.349999904632568,7.159999847412109,7.210000038146973,5985,0.0,0.0
2023-04-03 11:30:00-04:00,7.230000019073486,7.269999980926514,7.230000019073486,7.269999980926514,961,0.0,0.0
2023-04-03 12:30:00-04:00,7.260000228881836,7.300000190734863,7.260000228881836,7.300000190734863,9214,0.0,0.0
2023-04-03 13:30:00-04:00,7.300000190734863,7.324999809265137,7.289999961853027,7.300000190734863,3117,0.0,0.0
2023-04-03 14:30:00-04:00,7.28000020980835,7.320000171661377,7.28000020980835,7.320000171661377,2283,0.0,0.0
2023-04-03 15:30:00-04:00,7.320000171661377,7.380000114440918,7.320000171661377,7.349999904632568,6523,0.0,0.0
2023-04-04 09:30:00-04:00,7.329999923706055,7.460000038146973,7.300000190734863,7.300000190734863,3070,0.0,0.0
2023-04-04 10:30:00-04:00,7.301400184631348,7.329999923706055,7.220099925994873,7.230000019073486,5648,0.0,0.0
2023-04-04 11:30:00-04:00,7.25,7.300000190734863,7.25,7.275000095367432,1003,0.0,0.0
2023-04-04 12:30:00-04:00,7.300000190734863,7.300000190734863,7.289999961853027,7.293700218200684,1398,0.0,0.0
2023-04-04 13:30:00-04:00,7.284999847412109,7.309999942779541,7.284999847412109,7.284999847412109,1804,0.0,0.0
2023-04-04 14:30:00-04:00,7.291900157928467,7.309999942779541,7.25,7.309999942779541,5678,0.0,0.0
2023-04-04 15:30:00-04:00,7.300000190734863,7.360000133514404,7.269999980926514,7.349999904632568,14295,0.0,0.0
2023-04-05 09:30:00-04:00,7.289999961853027,7.409999847412109,7.284999847412109,7.349999904632568,3193,0.0,0.0
2023-04-05 10:30:00-04:00,7.300000190734863,7.300000190734863,7.130000114440918,7.159999847412109,8533,0.0,0.0
2023-04-05 11:30:00-04:00,7.210000038146973,7.210000038146973,7.059999942779541,7.099999904632568,11962,0.0,0.0
2023-04-05 12:30:00-04:00,7.099999904632568,7.139999866485596,7.099999904632568,7.139999866485596,5435,0.0,0.0
2023-04-05 13:30:00-04:00,7.099999904632568,7.114999771118164,7.079999923706055,7.079999923706055,3516,0.0,0.0
2023-04-05 14:30:00-04:00,7.083499908447266,7.119999885559082,7.050000190734863,7.065000057220459,5228,0.0,0.0
2023-04-05 15:30:00-04:00,7.059999942779541,7.079999923706055,7.019999980926514,7.039999961853027,10319,0.0,0.0
2023-04-06 09:30:00-04:00,7.03000020980835,7.099999904632568,7.010000228881836,7.070000171661377,3993,0.0,0.0
2023-04-06 10:30:00-04:00,7.010000228881836,7.050000190734863,7.010000228881836,7.050000190734863,2106,0.0,0.0
2023-04-06 11:30:00-04:00,7.050000190734863,7.09499979019165,7.050000190734863,7.090000152587891,1662,0.0,0.0
2023-04-06 12:30:00-04:00,7.053199768066406,7.053199768066406,7.053199768066406,7.053199768066406,146,0.0,0.0
2023-04-06 13:30:00-04:00,7.059999942779541,7.066699981689453,7.039999961853027,7.039999961853027,1678,0.0,0.0
2023-04-06 14:30:00-04:00,7.054999828338623,7.059999942779541,7.039999961853027,7.059999942779541,1827,0.0,0.0
2023-04-06 15:30:00-04:00,7.039999961853027,7.070000171661377,7.019999980926514,7.050000190734863,5009,0.0,0.0
2023-04-10 09:30:00-04:00,7.050000190734863,7.21999979019165,7.050000190734863,7.21999979019165,2839,0.0,0.0
2023-04-10 10:30:00-04:00,7.210000038146973,7.239999771118164,7.210000038146973,7.210000038146973,920,0.0,0.0
2023-04-10 11:30:00-04:00,7.239999771118164,7.239999771118164,7.150000095367432,7.150000095367432,2177,0.0,0.0
2023-04-10 12:30:00-04:00,7.190000057220459,7.190000057220459,7.170000076293945,7.170000076293945,1051,0.0,0.0
2023-04-10 13:30:00-04:00,7.190000057220459,7.190000057220459,7.190000057220459,7.190000057220459,362,0.0,0.0
2023-04-10 14:30:00-04:00,7.242400169372559,7.320000171661377,7.210000038146973,7.320000171661377,4758,0.0,0.0
2023-04-10 15:30:00-04:00,7.289999961853027,7.309999942779541,7.269999980926514,7.289999961853027,6010,0.0,0.0
2023-04-11 09:30:00-04:00,7.320000171661377,7.46999979019165,7.320000171661377,7.427499771118164,2213,0.0,0.0
2023-04-11 10:30:00-04:00,7.349999904632568,7.409999847412109,7.2891998291015625,7.409999847412109,1745,0.0,0.0
2023-04-11 11:30:00-04:00,7.400000095367432,7.449999809265137,7.400000095367432,7.440000057220459,6102,0.0,0.0
2023-04-11 12:30:00-04:00,7.5,7.599999904632568,7.480000019073486,7.579999923706055,9960,0.0,0.0
2023-04-11 13:30:00-04:00,7.53000020980835,7.53000020980835,7.46999979019165,7.5,2384,0.0,0.0
2023-04-11 14:30:00-04:00,7.534999847412109,7.534999847412109,7.46999979019165,7.489999771118164,1850,0.0,0.0
2023-04-11 15:30:00-04:00,7.460000038146973,7.460000038146973,7.369999885559082,7.440000057220459,11194,0.0,0.0
2023-04-12 09:30:00-04:00,7.570000171661377,7.570000171661377,7.46999979019165,7.550000190734863,7819,0.0,0.0
2023-04-12 10:30:00-04:00,7.460000038146973,7.494999885559082,7.409999847412109,7.451000213623047,10190,0.0,0.0
2023-04-12 11:30:00-04:00,7.460000038146973,7.480000019073486,7.300000190734863,7.300000190734863,20238,0.0,0.0
2023-04-12 12:30:00-04:00,7.260000228881836,7.2677998542785645,7.260000228881836,7.260000228881836,1476,0.0,0.0
2023-04-12 13:30:00-04:00,7.255000114440918,7.300000190734863,7.230000019073486,7.25,6309,0.0,0.0
2023-04-12 14:30:00-04:00,7.264999866485596,7.2677998542785645,7.230000019073486,7.239999771118164,3739,0.0,0.0
2023-04-12 15:30:00-04:00,7.230000019073486,7.239999771118164,7.179999828338623,7.199999809265137,7351,0.0,0.0
2023-04-13 09:30:00-04:00,7.260000228881836,7.295000076293945,7.25,7.250100135803223,5028,0.0,0.0
2023-04-13 10:30:00-04:00,7.300000190734863,7.300000190734863,7.300000190734863,7.300000190734863,888,0.0,0.0
2023-04-13 11:30:00-04:00,7.295000076293945,7.303899765014648,7.295000076293945,7.303899765014648,788,0.0,0.0
2023-04-13 12:30:00-04:00,7.300000190734863,7.309999942779541,7.289999961853027,7.309999942779541,1809,0.0,0.0
2023-04-13 13:30:00-04:00,7.269999980926514,7.320000171661377,7.25,7.25,11449,0.0,0.0
2023-04-13 14:30:00-04:00,7.261499881744385,7.400000095367432,7.261499881744385,7.28000020980835,4756,0.0,0.0
2023-04-13 15:30:00-04:00,7.304999828338623,7.320000171661377,7.28000020980835,7.320000171661377,4035,0.0,0.0
2023-04-14 09:30:00-04:00,7.269999980926514,7.300000190734863,7.199999809265137,7.269999980926514,6413,0.0,0.0
2023-04-14 10:30:00-04:00,7.28000020980835,7.294899940490723,7.239999771118164,7.239999771118164,2370,0.0,0.0
2023-04-14 11:30:00-04:00,7.199999809265137,7.269999980926514,7.199999809265137,7.25,2078,0.0,0.0
2023-04-14 12:30:00-04:00,7.230000019073486,7.25,7.224999904632568,7.25,1867,0.0,0.0
2023-04-14 13:30:00-04:00,7.21999979019165,7.21999979019165,7.190000057220459,7.21999979019165,2989,0.0,0.0
2023-04-14 14:30:00-04:00,7.215000152587891,7.215000152587891,7.179999828338623,7.199999809265137,4989,0.0,0.0
2023-04-14 15:30:00-04:00,7.190000057220459,7.25,7.190000057220459,7.21999979019165,3614,0.0,0.0
2023-04-17 09:30:00-04:00,7.21999979019165,7.329999923706055,7.21999979019165,7.329999923706055,2012,0.0,0.0
2023-04-17 10:30:00-04:00,7.360000133514404,7.360000133514404,7.360000133514404,7.360000133514404,126,0.0,0.0
2023-04-17 11:30:00-04:00,7.329999923706055,7.329999923706055,7.269999980926514,7.320000171661377,3342,0.0,0.0
2023-04-17 12:30:00-04:00,7.309999942779541,7.329999923706055,7.28000020980835,7.28000020980835,1535,0.0,0.0
2023-04-17 13:30:00-04:00,7.300000190734863,7.315000057220459,7.269999980926514,7.269999980926514,4976,0.0,0.0
2023-04-17 14:30:00-04:00,7.28000020980835,7.289999961853027,7.269999980926514,7.289999961853027,1849,0.0,0.0
2023-04-17 15:30:00-04:00,7.360000133514404,7.360000133514404,7.28000020980835,7.329999923706055,2702,0.0,0.0
2023-04-18 09:30:00-04:00,7.389999866485596,7.449999809265137,7.360099792480469,7.400000095367432,3808,0.0,0.0
2023-04-18 10:30:00-04:00,7.40500020980835,7.40500020980835,7.355000019073486,7.355000019073486,1278,0.0,0.0
2023-04-18 11:30:00-04:00,7.356200218200684,7.420000076293945,7.356200218200684,7.420000076293945,1078,0.0,0.0
2023-04-18 12:30:00-04:00,7.369999885559082,7.369999885559082,7.360000133514404,7.360000133514404,1069,0.0,0.0
2023-04-18 13:30:00-04:00,7.320000171661377,7.340000152587891,7.241600036621094,7.300000190734863,3744,0.0,0.0
2023-04-18 14:30:00-04:00,7.280099868774414,7.349999904632568,7.280099868774414,7.349999904632568,828,0.0,0.0
2023-04-18 15:30:00-04:00,7.320000171661377,7.360000133514404,7.309999942779541,7.329999923706055,2432,0.0,0.0
2023-04-19 09:30:00-04:00,7.300000190734863,7.300000190734863,7.195000171661377,7.230000019073486,2643,0.0,0.0
2023-04-19 10:30:00-04:00,7.21120023727417,7.25,7.21120023727417,7.239999771118164,821,0.0,0.0
2023-04-19 11:30:00-04:00,7.214000225067139,7.21999979019165,7.170000076293945,7.170000076293945,1409,0.0,0.0
2023-04-19 12:30:00-04:00,7.190000057220459,7.275000095367432,7.190000057220459,7.269999980926514,1754,0.0,0.0
2023-04-19 13:30:00-04:00,7.25,7.28000020980835,7.210000038146973,7.210000038146973,2637,0.0,0.0
2023-04-19 14:30:00-04:00,7.190000057220459,7.190000057220459,7.150000095367432,7.179999828338623,1647,0.0,0.0
2023-04-19 15:30:00-04:00,7.150000095367432,7.170000076293945,7.090000152587891,7.090000152587891,6341,0.0,0.0
2023-04-20 09:30:00-04:00,7.090000152587891,7.130000114440918,7.059999942779541,7.130000114440918,1587,0.0,0.0
2023-04-20 10:30:00-04:00,7.130000114440918,7.130000114440918,7.110000133514404,7.119999885559082,1629,0.0,0.0
2023-04-20 11:30:00-04:00,7.110000133514404,7.119999885559082,7.079999923706055,7.090000152587891,3603,0.0,0.0
2023-04-20 12:30:00-04:00,7.100200176239014,7.119999885559082,7.090099811553955,7.105000019073486,2962,0.0,0.0
2023-04-20 13:30:00-04:00,7.105000019073486,7.119999885559082,7.010000228881836,7.065999984741211,7588,0.0,0.0
2023-04-20 14:30:00-04:00,7.059999942779541,7.059999942779541,6.980000019073486,6.994999885559082,9246,0.0,0.0
2023-04-20 15:30:00-04:00,7.010000228881836,7.079999923706055,7.010000228881836,7.059999942779541,5132,0.0,0.0
2023-04-21 09:30:00-04:00,6.974999904632568,6.974999904632568,6.974999904632568,6.974999904632568,9223,0.0,0.0
2023-04-21 10:30:00-04:00,6.980000019073486,6.980000019073486,6.929999828338623,6.945000171661377,3435,0.0,0.0
2023-04-21 11:30:00-04:00,6.929999828338623,7.050000190734863,6.929999828338623,6.974999904632568,8937,0.0,0.0
2023-04-21 12:30:00-04:00,6.960000038146973,6.980000019073486,6.949999809265137,6.980000019073486,1272,0.0,0.0
2023-04-21 13:30:00-04:00,6.949999809265137,7.019999980926514,6.949999809265137,7.019899845123291,2178,0.0,0.0
2023-04-21 14:30:00-04:00,6.980000019073486,7.010000228881836,6.958799839019775,6.995699882507324,1641,0.0,0.0
2023-04-21 15:30:00-04:00,6.977099895477295,7.010000228881836,6.949999809265137,6.989999771118164,8858,0.0,0.0
2023-04-24 09:30:00-04:00,6.940000057220459,7.079999923706055,6.940000057220459,7.079999923706055,0,0.0,0.0
2023-04-24 10:30:00-04:00,6.980000019073486,7.065000057220459,6.949999809265137,7.065000057220459,13962,0.0,0.0
2023-04-24 11:30:00-04:00,7.050000190734863,7.050000190734863,6.989999771118164,7.050000190734863,751,0.0,0.0
2023-04-24 12:30:00-04:00,7.03000020980835,7.050000190734863,7.005199909210205,7.03000020980835,1559,0.0,0.0
2023-04-24 13:30:00-04:00,7.039999961853027,7.110000133514404,7.039999961853027,7.110000133514404,2357,0.0,0.0
2023-04-24 14:30:00-04:00,7.099999904632568,7.099999904632568,7.099999904632568,7.099999904632568,486,0.0,0.0
2023-04-24 15:30:00-04:00,7.059999942779541,7.090000152587891,7.059999942779541,7.059999942779541,2447,0.0,0.0
2023-04-25 09:30:00-04:00,6.980000019073486,7.110000133514404,6.929999828338623,6.929999828338623,2368,0.0,0.0
2023-04-25 10:30:00-04:00,6.920000076293945,6.962200164794922,6.920000076293945,6.949999809265137,3353,0.0,0.0
2023-04-25 11:30:00-04:00,6.973999977111816,6.973999977111816,6.909999847412109,6.949999809265137,0,0.0,0.0
2023-04-25 12:30:00-04:00,6.940000057220459,6.940000057220459,6.880000114440918,6.900000095367432,13179,0.0,0.0
2023-04-25 13:30:00-04:00,6.880000114440918,6.880000114440918,6.860000133514404,6.860000133514404,1645,0.0,0.0
2023-04-25 14:30:00-04:00,6.880000114440918,6.880000114440918,6.840000152587891,6.869999885559082,3945,0.0,0.0
2023-04-25 15:30:00-04:00,6.8592000007629395,6.869999885559082,6.849999904632568,6.860000133514404,5665,0.0,0.0
2023-04-26 09:30:00-04:00,6.769999980926514,6.940000057220459,6.769999980926514,6.940000057220459,9831,0.0,0.0
2023-04-26 10:30:00-04:00,6.909999847412109,6.960000038146973,6.889999866485596,6.889999866485596,2973,0.0,0.0
2023-04-26 11:30:00-04:00,6.920000076293945,6.920000076293945,6.849999904632568,6.855000019073486,3575,0.0,0.0
2023-04-26 12:30:00-04:00,6.880000114440918,6.90500020980835,6.869999885559082,6.869999885559082,2641,0.0,0.0
2023-04-26 13:30:00-04:00,6.860000133514404,6.869999885559082,6.840000152587891,6.864999771118164,3479,0.0,0.0
2023-04-26 14:30:00-04:00,6.869999885559082,6.869999885559082,6.829999923706055,6.849999904632568,2602,0.0,0.0
2023-04-26 15:30:00-04:00,6.840000152587891,6.840000152587891,6.809999942779541,6.809999942779541,4204,0.0,0.0
2023-04-27 09:30:00-04:00,6.849999904632568,6.889999866485596,6.849999904632568,6.880000114440918,2954,0.0,0.0
2023-04-27 10:30:00-04:00,6.889999866485596,6.889999866485596,6.840000152587891,6.869999885559082,5036,0.0,0.0
2023-04-27 11:30:00-04:00,6.869999885559082,6.869999885559082,6.840000152587891,6.860000133514404,4891,0.0,0.0
2023-04-27 12:30:00-04:00,6.879899978637695,6.96999979019165,6.869999885559082,6.96999979019165,10945,0.0,0.0
2023-04-27 13:30:00-04:00,6.989999771118164,7.019999980926514,6.989999771118164,7.019999980926514,1763,0.0,0.0
2023-04-27 14:30:00-04:00,7.019999980926514,7.03000020980835,7.019999980926514,7.03000020980835,2081,0.0,0.0
2023-04-27 15:30:00-04:00,7.019999980926514,7.034999847412109,7.0,7.010000228881836,8393,0.0,0.0
2023-04-28 09:30:00-04:00,7.019999980926514,7.139999866485596,7.010000228881836,7.128499984741211,2477,0.0,0.0
2023-04-28 10:30:00-04:00,7.079999923706055,7.099999904632568,7.036200046539307,7.099999904632568,2961,0.0,0.0
2023-04-28 11:30:00-04:00,7.119999885559082,7.130000114440918,7.070000171661377,7.130000114440918,2550,0.0,0.0
2023-04-28 12:30:00-04:00,7.139999866485596,7.139999866485596,7.110000133514404,7.130000114440918,1965,0.0,0.0
2023-04-28 13:30:00-04:00,7.099999904632568,7.119999885559082,7.099999904632568,7.119999885559082,1540,0.0,0.0
2023-04-28 14:30:00-04:00,7.060100078582764,7.093200206756592,7.039999961853027,7.039999961853027,4788,0.0,0.0
2023-04-28 15:30:00-04:00,7.039999961853027,7.070300102233887,7.005000114440918,7.059999942779541,13041,0.0,0.0
2023-05-01 09:30:00-04:00,7.0,7.179999828338623,7.0,7.159999847412109,4728,0.0,0.0
2023-05-01 10:30:00-04:00,7.159999847412109,7.159999847412109,7.110000133514404,7.110000133514404,1736,0.0,0.0
2023-05-01 11:30:00-04:00,7.100100040435791,7.150000095367432,7.034999847412109,7.110000133514404,13308,0.0,0.0
2023-05-01 12:30:00-04:00,7.119999885559082,7.139999866485596,7.110099792480469,7.130000114440918,4232,0.0,0.0
2023-05-01 13:30:00-04:00,7.114999771118164,7.130000114440918,7.099999904632568,7.125,1634,0.0,0.0
2023-05-01 14:30:00-04:00,7.099999904632568,7.099999904632568,7.010000228881836,7.014999866485596,7394,0.0,0.0
2023-05-01 15:30:00-04:00,7.019999980926514,7.079999923706055,7.0,7.070000171661377,6398,0.0,0.0
2023-05-02 09:30:00-04:00,7.295000076293945,7.295000076293945,6.960000038146973,6.960000038146973,3544,0.0,0.0
2023-05-02 10:30:00-04:00,6.949999809265137,6.949999809265137,6.835000038146973,6.849999904632568,11340,0.0,0.0
2023-05-02 11:30:00-04:00,6.849999904632568,6.920000076293945,6.849999904632568,6.90500020980835,5636,0.0,0.0
2023-05-02 12:30:00-04:00,6.900000095367432,6.940000057220459,6.900000095367432,6.909999847412109,3722,0.0,0.0
2023-05-02 13:30:00-04:00,6.940000057220459,6.945000171661377,6.920000076293945,6.929999828338623,3852,0.0,0.0
2023-05-02 14:30:00-04:00,6.940000057220459,6.940000057220459,6.880000114440918,6.909999847412109,16975,0.0,0.0
2023-05-02 15:30:00-04:00,6.909999847412109,6.960000038146973,6.880000114440918,6.940000057220459,5589,0.0,0.0
2023-05-03 09:30:00-04:00,7.03000020980835,7.230000019073486,7.03000020980835,7.230000019073486,8672,0.0,0.0
2023-05-03 10:30:00-04:00,7.215000152587891,7.269999980926514,7.199999809265137,7.269999980926514,7254,0.0,0.0
2023-05-03 11:30:00-04:00,7.235300064086914,7.235300064086914,7.235300064086914,7.235300064086914,1449,0.0,0.0
2023-05-03 12:30:00-04:00,7.269999980926514,7.300000190734863,7.25,7.289999961853027,5873,0.0,0.0
2023-05-03 13:30:00-04:00,7.300000190734863,7.300000190734863,7.230000019073486,7.255000114440918,4604,0.0,0.0
2023-05-03 14:30:00-04:00,7.21999979019165,7.25,7.171599864959717,7.171599864959717,3566,0.0,0.0
2023-05-03 15:30:00-04:00,7.099999904632568,7.099999904632568,6.989999771118164,7.010000228881836,9458,0.0,0.0
2023-05-04 09:30:00-04:00,6.96999979019165,7.0960001945495605,6.800000190734863,6.869999885559082,8702,0.0,0.0
2023-05-04 10:30:00-04:00,6.869999885559082,6.869999885559082,6.730000019073486,6.760000228881836,12924,0.0,0.0
2023-05-04 11:30:00-04:00,6.71999979019165,6.71999979019165,6.659999847412109,6.710000038146973,9706,0.0,0.0
2023-05-04 12:30:00-04:00,6.699999809265137,6.769999980926514,6.699999809265137,6.769999980926514,2774,0.0,0.0
2023-05-04 13:30:00-04:00,6.75,6.949999809265137,6.71999979019165,6.855000019073486,22271,0.0,0.0
2023-05-04 14:30:00-04:00,6.809999942779541,6.809999942779541,6.750100135803223,6.750100135803223,11912,0.0,0.0
2023-05-04 15:30:00-04:00,6.78000020980835,6.829899787902832,6.75,6.769999980926514,8076,0.0,0.0
2023-05-05 09:30:00-04:00,6.929999828338623,7.0,6.929999828338623,6.96999979019165,4244,0.0,0.0
2023-05-05 10:30:00-04:00,6.980000019073486,6.980000019073486,6.900000095367432,6.940000057220459,11172,0.0,0.0
2023-05-05 11:30:00-04:00,6.940000057220459,6.949999809265137,6.909999847412109,6.925000190734863,4738,0.0,0.0
2023-05-05 12:30:00-04:00,6.929999828338623,7.019999980926514,6.929999828338623,7.019999980926514,18567,0.0,0.0
2023-05-05 13:30:00-04:00,7.039999961853027,7.059999942779541,7.004700183868408,7.039999961853027,2177,0.0,0.0
2023-05-05 14:30:00-04:00,7.019999980926514,7.059999942779541,7.019999980926514,7.034999847412109,6416,0.0,0.0
2023-05-05 15:30:00-04:00,7.034999847412109,7.039999961853027,7.0,7.010000228881836,9332,0.0,0.0
2023-05-08 09:30:00-04:00,7.090000152587891,7.320000171661377,7.090000152587891,7.125,18187,0.0,0.0
2023-05-08 10:30:00-04:00,7.125,7.170000076293945,7.099999904632568,7.150000095367432,11451,0.0,0.0
2023-05-08 11:30:00-04:00,7.119999885559082,7.130000114440918,7.0,7.059999942779541,9236,0.0,0.0
2023-05-08 12:30:00-04:00,7.010000228881836,7.03000020980835,6.980000019073486,7.019999980926514,9229,0.0,0.0
2023-05-08 13:30:00-04:00,7.029600143432617,7.150000095367432,7.0,7.059999942779541,15238,0.0,0.0
2023-05-08 14:30:00-04:00,7.070000171661377,7.150000095367432,7.070000171661377,7.079999923706055,3231,0.0,0.0
2023-05-08 15:30:00-04:00,7.079999923706055,7.119999885559082,7.059999942779541,7.099999904632568,7767,0.0,0.0
2023-05-09 09:30:00-04:00,7.139999866485596,7.139999866485596,6.949999809265137,6.96999979019165,3940,0.0,0.0
2023-05-09 10:30:00-04:00,6.96999979019165,7.009399890899658,6.965000152587891,6.965000152587891,7082,0.0,0.0
2023-05-09 11:30:00-04:00,6.980000019073486,6.980000019073486,6.980000019073486,6.980000019073486,1282,0.0,0.0
2023-05-09 12:30:00-04:00,6.949999809265137,6.989999771118164,6.900000095367432,6.960000038146973,12328,0.0,0.0
2023-05-09 13:30:00-04:00,7.019999980926514,7.289999961853027,7.019999980926514,7.061100006103516,12749,0.0,0.0
2023-05-09 14:30:00-04:00,7.119999885559082,7.150000095367432,7.119999885559082,7.119999885559082,3001,0.0,0.0
2023-05-09 15:30:00-04:00,7.099999904632568,7.164999961853027,7.090000152587891,7.159999847412109,11754,0.0,0.0
2023-05-10 09:30:00-04:00,7.25,7.25,7.059999942779541,7.059999942779541,1446,0.0,0.0
2023-05-10 10:30:00-04:00,7.0,7.006400108337402,6.869999885559082,6.869999885559082,1674,0.0,0.0
2023-05-10 11:30:00-04:00,6.869999885559082,6.89900016784668,6.784900188446045,6.839700222015381,4124,0.0,0.0
2023-05-10 12:30:00-04:00,6.859899997711182,6.859899997711182,6.699999809265137,6.730000019073486,6577,0.0,0.0
2023-05-10 13:30:00-04:00,6.75,6.829999923706055,6.744999885559082,6.795000076293945,5992,0.0,0.0
2023-05-10 14:30:00-04:00,6.829999923706055,6.889999866485596,6.829999923706055,6.880000114440918,2286,0.0,0.0
2023-05-10 15:30:00-04:00,6.869999885559082,6.929999828338623,6.869999885559082,6.909999847412109,11115,0.0,0.0
2023-05-11 09:30:00-04:00,6.860000133514404,6.96999979019165,6.789999961853027,6.829999923706055,8699,0.0,0.0
2023-05-11 10:30:00-04:00,6.800000190734863,6.860000133514404,6.75,6.75,3286,0.0,0.0
2023-05-11 11:30:00-04:00,6.75,6.789899826049805,6.739999771118164,6.760000228881836,4019,0.0,0.0
2023-05-11 12:30:00-04:00,6.75,6.815000057220459,6.75,6.760000228881836,11758,0.0,0.0
2023-05-11 13:30:00-04:00,6.760000228881836,6.760000228881836,6.679999828338623,6.690000057220459,9390,0.0,0.0
2023-05-11 14:30:00-04:00,6.670000076293945,6.699900150299072,6.670000076293945,6.679999828338623,5246,0.0,0.0
2023-05-11 15:30:00-04:00,6.670000076293945,6.710000038146973,6.650000095367432,6.710000038146973,12036,0.0,0.0
2023-05-12 09:30:00-04:00,6.75,6.760000228881836,6.659999847412109,6.659999847412109,1489,0.0,0.0
2023-05-12 10:30:00-04:00,6.670000076293945,6.670000076293945,6.579999923706055,6.59499979019165,7590,0.0,0.0
2023-05-12 11:30:00-04:00,6.599999904632568,6.670000076293945,6.590000152587891,6.670000076293945,8211,0.0,0.0
2023-05-12 12:30:00-04:00,6.650000095367432,6.650000095367432,6.650000095367432,6.650000095367432,583,0.0,0.0
2023-05-12 13:30:00-04:00,6.659900188446045,6.659900188446045,6.645699977874756,6.650000095367432,919,0.0,0.0
2023-05-12 14:30:00-04:00,6.639999866485596,6.655099868774414,6.619999885559082,6.619999885559082,1755,0.0,0.0
2023-05-12 15:30:00-04:00,6.610000133514404,6.639999866485596,6.599999904632568,6.639999866485596,3441,0.0,0.0
2023-05-15 09:30:00-04:00,6.610000133514404,6.800000190734863,6.610000133514404,6.760000228881836,891,0.0,0.0
2023-05-15 10:30:00-04:00,6.71999979019165,6.735000133514404,6.710000038146973,6.735000133514404,1808,0.0,0.0
2023-05-15 11:30:00-04:00,6.710000038146973,6.739999771118164,6.610099792480469,6.735000133514404,16025,0.0,0.0
2023-05-15 12:30:00-04:00,6.714000225067139,6.769999980926514,6.714000225067139,6.755000114440918,3870,0.0,0.0
2023-05-15 13:30:00-04:00,6.745299816131592,6.75,6.710000038146973,6.710000038146973,5042,0.0,0.0
2023-05-15 14:30:00-04:00,6.699999809265137,6.730000019073486,6.690000057220459,6.699999809265137,6919,0.0,0.0
2023-05-15 15:30:00-04:00,6.724999904632568,6.789999961853027,6.699999809265137,6.75,14307,0.0,0.0
2023-05-16 09:30:00-04:00,6.75,6.789999961853027,6.630000114440918,6.672699928283691,18113,0.0,0.0
2023-05-16 10:30:00-04:00,6.679999828338623,6.704999923706055,6.659999847412109,6.699999809265137,3947,0.0,0.0
2023-05-16 11:30:00-04:00,6.71999979019165,6.739999771118164,6.699999809265137,6.739999771118164,1716,0.0,0.0
2023-05-16 12:30:00-04:00,6.71999979019165,6.71999979019165,6.659999847412109,6.659999847412109,1784,0.0,0.0
2023-05-16 13:30:00-04:00,6.670000076293945,6.670000076293945,6.590000152587891,6.610000133514404,6517,0.0,0.0
2023-05-16 14:30:00-04:00,6.610000133514404,6.679999828338623,6.610000133514404,6.679999828338623,3792,0.0,0.0
2023-05-16 15:30:00-04:00,6.690000057220459,6.71999979019165,6.639999866485596,6.639999866485596,4267,0.0,0.0
2023-05-17 09:30:00-04:00,6.800000190734863,6.800000190734863,6.610000133514404,6.670000076293945,46105,0.0,0.0
2023-05-17 10:30:00-04:00,6.659999847412109,6.940000057220459,6.650000095367432,6.92519998550415,28445,0.0,0.0
2023-05-17 11:30:00-04:00,6.949999809265137,7.0,6.929999828338623,6.949999809265137,10263,0.0,0.0
2023-05-17 12:30:00-04:00,6.949999809265137,7.014999866485596,6.949999809265137,7.014999866485596,14810,0.0,0.0
2023-05-17 13:30:00-04:00,7.010000228881836,7.079999923706055,7.010000228881836,7.050000190734863,9381,0.0,0.0
2023-05-17 14:30:00-04:00,7.064700126647949,7.090000152587891,7.030600070953369,7.030600070953369,6241,0.0,0.0
2023-05-17 15:30:00-04:00,7.059999942779541,7.130000114440918,7.03000020980835,7.070000171661377,11898,0.0,0.0
2023-05-18 09:30:00-04:00,6.980000019073486,7.039999961853027,6.921000003814697,6.960999965667725,4568,0.0,0.0
2023-05-18 10:30:00-04:00,7.025000095367432,7.058000087738037,6.980000019073486,7.025000095367432,11371,0.0,0.0
2023-05-18 11:30:00-04:00,7.03000020980835,7.03000020980835,6.980000019073486,6.985000133514404,7147,0.0,0.0
2023-05-18 12:30:00-04:00,7.014999866485596,7.014999866485596,7.0,7.010000228881836,593,0.0,0.0
2023-05-18 13:30:00-04:00,7.010000228881836,7.010000228881836,6.940000057220459,6.973999977111816,4257,0.0,0.0
2023-05-18 14:30:00-04:00,7.0,7.03000020980835,6.980100154876709,7.03000020980835,2244,0.0,0.0
2023-05-18 15:30:00-04:00,6.990099906921387,7.099999904632568,6.990099906921387,7.070000171661377,6982,0.0,0.0
2023-05-19 09:30:00-04:00,7.190000057220459,7.190000057220459,7.081999778747559,7.087699890136719,7532,0.0,0.0
2023-05-19 10:30:00-04:00,7.139999866485596,7.179999828338623,7.130000114440918,7.135000228881836,2118,0.0,0.0
2023-05-19 11:30:00-04:00,7.099999904632568,7.099999904632568,7.090000152587891,7.090000152587891,1472,0.0,0.0
2023-05-19 12:30:00-04:00,7.119999885559082,7.119999885559082,7.053199768066406,7.053199768066406,3016,0.0,0.0
2023-05-19 13:30:00-04:00,7.025000095367432,7.045000076293945,7.010000228881836,7.025000095367432,1389,0.0,0.0
2023-05-19 14:30:00-04:00,7.039999961853027,7.039999961853027,7.03000020980835,7.03000020980835,318,0.0,0.0
2023-05-19 15:30:00-04:00,7.039999961853027,7.039999961853027,6.980000019073486,7.039999961853027,4237,0.0,0.0
2023-05-22 09:30:00-04:00,7.010000228881836,7.190000057220459,7.010000228881836,7.085000038146973,2733,0.0,0.0
2023-05-22 10:30:00-04:00,7.090000152587891,7.09499979019165,7.054999828338623,7.09499979019165,1936,0.0,0.0
2023-05-22 11:30:00-04:00,7.099999904632568,7.190000057220459,7.099999904632568,7.140399932861328,5091,0.0,0.0
2023-05-22 12:30:00-04:00,7.164999961853027,7.215000152587891,7.164999961853027,7.215000152587891,6022,0.0,0.0
2023-05-22 13:30:00-04:00,7.235000133514404,7.235000133514404,7.199999809265137,7.199999809265137,6472,0.0,0.0
2023-05-22 14:30:00-04:00,7.224999904632568,7.224999904632568,7.210000038146973,7.210000038146973,3442,0.0,0.0
2023-05-22 15:30:00-04:00,7.221700191497803,7.221700191497803,7.099999904632568,7.190000057220459,15712,0.0,0.0
2023-05-23 09:30:00-04:00,7.179999828338623,7.25,7.179999828338623,7.210000038146973,4341,0.0,0.0
2023-05-23 10:30:00-04:00,7.210000038146973,7.212399959564209,7.199999809265137,7.210000038146973,1883,0.0,0.0
2023-05-23 11:30:00-04:00,7.18779993057251,7.21999979019165,7.159999847412109,7.159999847412109,812,0.0,0.0
2023-05-23 12:30:00-04:00,7.110000133514404,7.110000133514404,6.980000019073486,7.070000171661377,3330,0.0,0.0
2023-05-23 13:30:00-04:00,7.079999923706055,7.079999923706055,6.940000057220459,6.940000057220459,1186,0.0,0.0
2023-05-23 14:30:00-04:00,6.985000133514404,7.039999961853027,6.940000057220459,7.014999866485596,2676,0.0,0.0
2023-05-23 15:30:00-04:00,7.014999866485596,7.050000190734863,6.980000019073486,7.03000020980835,10163,0.0,0.0
2023-05-24 09:30:00-04:00,6.949999809265137,7.045000076293945,6.929999828338623,7.045000076293945,7475,0.0,0.0
2023-05-24 10:30:00-04:00,7.070000171661377,7.09499979019165,6.980000019073486,7.005000114440918,8039,0.0,0.0
2023-05-24 11:30:00-04:00,6.980000019073486,7.010000228881836,6.980000019073486,7.005000114440918,757,0.0,0.0
2023-05-24 12:30:00-04:00,7.0,7.0,6.96999979019165,7.0,4153,0.0,0.0
2023-05-24 13:30:00-04:00,7.0,7.014999866485596,6.989999771118164,7.010000228881836,2372,0.0,0.0
2023-05-24 14:30:00-04:00,7.019999980926514,7.019999980926514,7.019999980926514,7.019999980926514,499,0.0,0.0
2023-05-24 15:30:00-04:00,7.019999980926514,7.050000190734863,7.010000228881836,7.050000190734863,4366,0.0,0.0
2023-05-25 09:30:00-04:00,6.960000038146973,6.960000038146973,6.920000076293945,6.933700084686279,2127,0.0,0.0
2023-05-25 10:30:00-04:00,6.929999828338623,6.945000171661377,6.914999961853027,6.914999961853027,6818,0.0,0.0
2023-05-25 11:30:00-04:00,6.909999847412109,6.949900150299072,6.909999847412109,6.949900150299072,3905,0.0,0.0
2023-05-25 12:30:00-04:00,6.960000038146973,6.960000038146973,6.880000114440918,6.880000114440918,1448,0.0,0.0
2023-05-25 13:30:00-04:00,6.869999885559082,6.900000095367432,6.869999885559082,6.8942999839782715,1386,0.0,0.0
2023-05-25 14:30:00-04:00,6.889999866485596,6.896399974822998,6.880000114440918,6.896399974822998,1678,0.0,0.0
2023-05-25 15:30:00-04:00,6.885000228881836,6.909999847412109,6.849999904632568,6.880000114440918,3872,0.0,0.0
2023-05-26 09:30:00-04:00,6.800000190734863,6.869999885559082,6.800000190734863,6.829999923706055,0,0.0,0.0
2023-05-26 10:30:00-04:00,6.840000152587891,6.885000228881836,6.840000152587891,6.860300064086914,6790,0.0,0.0
2023-05-26 11:30:00-04:00,6.869999885559082,6.880000114440918,6.855800151824951,6.880000114440918,1232,0.0,0.0
2023-05-26 12:30:00-04:00,6.869999885559082,6.909999847412109,6.849999904632568,6.909999847412109,2592,0.0,0.0
2023-05-26 13:30:00-04:00,6.925000190734863,6.925000190734863,6.920000076293945,6.925000190734863,508,0.0,0.0
2023-05-26 14:30:00-04:00,6.920000076293945,6.920100212097168,6.889999866485596,6.894599914550781,5453,0.0,0.0
2023-05-26 15:30:00-04:00,6.889999866485596,6.926000118255615,6.889699935913086,6.889999866485596,2174,0.0,0.0
2023-05-30 09:30:00-04:00,6.880000114440918,6.880000114440918,6.811399936676025,6.811399936676025,1461,0.0,0.0
2023-05-30 10:30:00-04:00,6.829999923706055,6.855000019073486,6.829999923706055,6.849999904632568,9043,0.0,0.0
2023-05-30 11:30:00-04:00,6.849999904632568,6.860000133514404,6.849999904632568,6.860000133514404,2773,0.0,0.0
2023-05-30 12:30:00-04:00,6.849999904632568,6.855000019073486,6.849999904632568,6.849999904632568,3747,0.0,0.0
2023-05-30 13:30:00-04:00,6.849999904632568,6.855000019073486,6.849999904632568,6.852799892425537,5511,0.0,0.0
2023-05-30 14:30:00-04:00,6.860000133514404,6.880000114440918,6.849999904632568,6.864999771118164,3230,0.0,0.0
2023-05-30 15:30:00-04:00,6.860000133514404,6.900000095367432,6.860000133514404,6.880000114440918,7505,0.0,0.0
2023-05-31 09:30:00-04:00,6.869999885559082,6.869999885559082,6.760000228881836,6.760000228881836,4696,0.0,0.0
2023-05-31 10:30:00-04:00,6.690000057220459,6.749899864196777,6.690000057220459,6.730000019073486,10547,0.0,0.0
2023-05-31 11:30:00-04:00,6.730000019073486,6.739999771118164,6.71999979019165,6.724999904632568,3566,0.0,0.0
2023-05-31 12:30:00-04:00,6.724999904632568,6.724999904632568,6.699999809265137,6.699999809265137,4985,0.0,0.0
2023-05-31 13:30:00-04:00,6.679999828338623,6.8881001472473145,6.679999828338623,6.78000020980835,5708,0.0,0.0
2023-05-31 14:30:00-04:00,6.789999961853027,6.809999942779541,6.769999980926514,6.769999980926514,2593,0.0,0.0
2023-05-31 15:30:00-04:00,6.789999961853027,6.800000190734863,6.760000228881836,6.789999961853027,5738,0.0,0.0
2023-06-01 09:30:00-04:00,6.849999904632568,6.849999904632568,6.739999771118164,6.739999771118164,9236,0.0,0.0
2023-06-01 10:30:00-04:00,6.75,6.989999771118164,6.730000019073486,6.980000019073486,9560,0.0,0.0
2023-06-01 11:30:00-04:00,7.0,7.0,6.980000019073486,6.980000019073486,2441,0.0,0.0
2023-06-01 12:30:00-04:00,7.019999980926514,7.025000095367432,6.930099964141846,6.96999979019165,15102,0.0,0.0
2023-06-01 13:30:00-04:00,6.980000019073486,7.014999866485596,6.980000019073486,7.0,8809,0.0,0.0
2023-06-01 14:30:00-04:00,6.989999771118164,7.0,6.980000019073486,6.989999771118164,3834,0.0,0.0
2023-06-01 15:30:00-04:00,6.974999904632568,7.0,6.960000038146973,6.960000038146973,10083,0.0,0.0
2023-06-02 09:30:00-04:00,7.099999904632568,7.099999904632568,6.880199909210205,7.099999904632568,9210,0.0,0.0
2023-06-02 10:30:00-04:00,7.1128997802734375,7.258999824523926,7.1128997802734375,7.25,9545,0.0,0.0
2023-06-02 11:30:00-04:00,7.20359992980957,7.255000114440918,7.181000232696533,7.210000038146973,4829,0.0,0.0
2023-06-02 12:30:00-04:00,7.220099925994873,7.220300197601318,7.199999809265137,7.21999979019165,3426,0.0,0.0
2023-06-02 13:30:00-04:00,7.239999771118164,7.269999980926514,7.21999979019165,7.25,8927,0.0,0.0
2023-06-02 14:30:00-04:00,7.25,7.260000228881836,7.210000038146973,7.239999771118164,8310,0.0,0.0
2023-06-02 15:30:00-04:00,7.239999771118164,7.320000171661377,7.239999771118164,7.320000171661377,6650,0.0,0.0
2023-06-05 09:30:00-04:00,7.230000019073486,7.235000133514404,7.230000019073486,7.235000133514404,2229,0.0,0.0
2023-06-05 10:30:00-04:00,7.125,7.139999866485596,7.110000133514404,7.139999866485596,1133,0.0,0.0
2023-06-05 11:30:00-04:00,7.130000114440918,7.21999979019165,7.130000114440918,7.21999979019165,998,0.0,0.0
2023-06-05 12:30:00-04:00,7.224999904632568,7.230000019073486,7.099999904632568,7.125,6517,0.0,0.0
2023-06-05 13:30:00-04:00,7.099999904632568,7.130000114440918,7.070000171661377,7.130000114440918,2821,0.0,0.0
2023-06-05 14:30:00-04:00,7.130000114440918,7.130000114440918,7.110000133514404,7.130000114440918,1668,0.0,0.0
2023-06-05 15:30:00-04:00,7.139999866485596,7.159999847412109,7.079999923706055,7.110000133514404,16111,0.0,0.0
2023-06-06 09:30:00-04:00,7.059999942779541,7.210000038146973,7.059999942779541,7.199999809265137,6442,0.0,0.0
2023-06-06 10:30:00-04:00,7.210000038146973,7.400000095367432,7.210000038146973,7.369999885559082,5450,0.0,0.0
2023-06-06 11:30:00-04:00,7.400000095367432,7.590000152587891,7.400000095367432,7.489999771118164,15697,0.0,0.0
2023-06-06 12:30:00-04:00,7.53000020980835,7.650000095367432,7.53000020980835,7.550000190734863,14604,0.0,0.0
2023-06-06 13:30:00-04:00,7.545000076293945,7.650000095367432,7.53000020980835,7.650000095367432,6981,0.0,0.0
2023-06-06 14:30:00-04:00,7.63539981842041,7.63539981842041,7.570000171661377,7.610000133514404,6887,0.0,0.0
2023-06-06 15:30:00-04:00,7.587500095367432,7.639999866485596,7.587500095367432,7.619999885559082,13627,0.0,0.0
2023-06-07 09:30:00-04:00,7.739999771118164,8.109999656677246,7.71999979019165,8.0649995803833,30153,0.0,0.0
2023-06-07 10:30:00-04:00,8.0600004196167,8.079999923706055,7.860000133514404,7.949999809265137,11030,0.0,0.0
2023-06-07 11:30:00-04:00,7.949999809265137,8.069999694824219,7.949999809265137,7.96999979019165,13668,0.0,0.0
2023-06-07 12:30:00-04:00,7.96999979019165,8.0,7.829999923706055,7.829999923706055,10139,0.0,0.0
2023-06-07 13:30:00-04:00,7.824999809265137,7.914999961853027,7.820000171661377,7.869999885559082,8656,0.0,0.0
2023-06-07 14:30:00-04:00,7.869999885559082,7.949999809265137,7.864999771118164,7.940000057220459,8276,0.0,0.0
2023-06-07 15:30:00-04:00,7.949999809265137,7.949999809265137,7.824999809265137,7.840000152587891,18928,0.0,0.0
2023-06-08 09:30:00-04:00,7.869999885559082,7.869999885559082,7.568699836730957,7.679999828338623,6856,0.0,0.0
2023-06-08 10:30:00-04:00,7.650000095367432,7.650000095367432,7.539999961853027,7.554999828338623,4218,0.0,0.0
2023-06-08 11:30:00-04:00,7.579999923706055,7.579999923706055,7.5100998878479,7.5100998878479,3641,0.0,0.0
2023-06-08 12:30:00-04:00,7.511099815368652,7.590000152587891,7.511099815368652,7.574999809265137,3600,0.0,0.0
2023-06-08 13:30:00-04:00,7.574999809265137,7.590000152587891,7.550000190734863,7.550000190734863,884,0.0,0.0
2023-06-08 14:30:00-04:00,7.590000152587891,7.599999904632568,7.550000190734863,7.550000190734863,3959,0.0,0.0
2023-06-08 15:30:00-04:00,7.539999961853027,7.559999942779541,7.480000019073486,7.510000228881836,10296,0.0,0.0
2023-06-09 09:30:00-04:00,7.300000190734863,7.5,7.300000190734863,7.449999809265137,21035,0.0,0.0
2023-06-09 10:30:00-04:00,7.449999809265137,7.474999904632568,7.289999961853027,7.289999961853027,7420,0.0,0.0
2023-06-09 11:30:00-04:00,7.289999961853027,7.315000057220459,7.289999961853027,7.300000190734863,1107,0.0,0.0
2023-06-09 12:30:00-04:00,7.309999942779541,7.320000171661377,7.262499809265137,7.262499809265137,2785,0.0,0.0
2023-06-09 13:30:00-04:00,7.28000020980835,7.28000020980835,7.239999771118164,7.241700172424316,3297,0.0,0.0
2023-06-09 14:30:00-04:00,7.234499931335449,7.239999771118164,7.230000019073486,7.239999771118164,2386,0.0,0.0
2023-06-09 15:30:00-04:00,7.239999771118164,7.320000171661377,7.199999809265137,7.309999942779541,19166,0.0,0.0
2023-06-12 09:30:00-04:00,7.239999771118164,7.415999889373779,7.210100173950195,7.289999961853027,3817,0.0,0.0
2023-06-12 10:30:00-04:00,7.300000190734863,7.360000133514404,7.300000190734863,7.360000133514404,4021,0.0,0.0
2023-06-12 11:30:00-04:00,7.389900207519531,7.389900207519531,7.364999771118164,7.364999771118164,1563,0.0,0.0
2023-06-12 12:30:00-04:00,7.380000114440918,7.380000114440918,7.369999885559082,7.369999885559082,1416,0.0,0.0
2023-06-12 13:30:00-04:00,7.349999904632568,7.355000019073486,7.335000038146973,7.353000164031982,1150,0.0,0.0
2023-06-12 14:30:00-04:00,7.349999904632568,7.389999866485596,7.34499979019165,7.375,14157,0.0,0.0
2023-06-12 15:30:00-04:00,7.363999843597412,7.375,7.349999904632568,7.349999904632568,11397,0.0,0.0
2023-06-13 09:30:00-04:00,7.369999885559082,7.440000057220459,7.369999885559082,7.420000076293945,1557,0.0,0.0
2023-06-13 10:30:00-04:00,7.440000057220459,7.489999771118164,7.380000114440918,7.400000095367432,6321,0.0,0.0
2023-06-13 11:30:00-04:00,7.449999809265137,7.460000038146973,7.400199890136719,7.409999847412109,4750,0.0,0.0
2023-06-13 12:30:00-04:00,7.440000057220459,7.489999771118164,7.409999847412109,7.46999979019165,12615,0.0,0.0
2023-06-13 13:30:00-04:00,7.480000019073486,7.489999771118164,7.449999809265137,7.449999809265137,3211,0.0,0.0
2023-06-13 14:30:00-04:00,7.460000038146973,7.489999771118164,7.409999847412109,7.409999847412109,6105,0.0,0.0
2023-06-13 15:30:00-04:00,7.389999866485596,7.440000057220459,7.369999885559082,7.440000057220459,6255,0.0,0.0
2023-06-14 09:30:00-04:00,7.369999885559082,7.420000076293945,7.190299987792969,7.389999866485596,7816,0.0,0.0
2023-06-14 10:30:00-04:00,7.389999866485596,7.409999847412109,7.21999979019165,7.264999866485596,4572,0.0,0.0
2023-06-14 11:30:00-04:00,7.260000228881836,7.260000228881836,7.190000057220459,7.190000057220459,3497,0.0,0.0
2023-06-14 12:30:00-04:00,7.199999809265137,7.25,7.190000057220459,7.199999809265137,3943,0.0,0.0
2023-06-14 13:30:00-04:00,7.199999809265137,7.239999771118164,7.130000114440918,7.130000114440918,7115,0.0,0.0
2023-06-14 14:30:00-04:00,7.130000114440918,7.210000038146973,7.12060022354126,7.210000038146973,7941,0.0,0.0
2023-06-14 15:30:00-04:00,7.21999979019165,7.25,7.090000152587891,7.139999866485596,17847,0.0,0.0
2023-06-15 09:30:00-04:00,7.039999961853027,7.239999771118164,7.03000020980835,7.199999809265137,8485,0.0,0.0
2023-06-15 10:30:00-04:00,7.170000076293945,7.179999828338623,7.03000020980835,7.054999828338623,3007,0.0,0.0
2023-06-15 11:30:00-04:00,7.054699897766113,7.054699897766113,7.045000076293945,7.045000076293945,2136,0.0,0.0
2023-06-15 12:30:00-04:00,7.03000020980835,7.039999961853027,7.0,7.03000020980835,3200,0.0,0.0
2023-06-15 13:30:00-04:00,7.034999847412109,7.059999942779541,7.019999980926514,7.050000190734863,9008,0.0,0.0
2023-06-15 14:30:00-04:00,7.059999942779541,7.090000152587891,7.039999961853027,7.050000190734863,10522,0.0,0.0
2023-06-15 15:30:00-04:00,7.054999828338623,7.090000152587891,7.0,7.0,19803,0.0,0.0
2023-06-16 09:30:00-04:00,7.110000133514404,7.110000133514404,7.010000228881836,7.074999809265137,48389,0.0,0.0
2023-06-16 10:30:00-04:00,7.079999923706055,7.079999923706055,7.010000228881836,7.025000095367432,2770,0.0,0.0
2023-06-16 11:30:00-04:00,7.0,7.034999847412109,6.985000133514404,6.994999885559082,5913,0.0,0.0
2023-06-16 12:30:00-04:00,6.994999885559082,7.019999980926514,6.980000019073486,7.0,9521,0.0,0.0
2023-06-16 13:30:00-04:00,7.010000228881836,7.019999980926514,6.96999979019165,7.0,11565,0.0,0.0
2023-06-16 14:30:00-04:00,6.989999771118164,7.03000020980835,6.960000038146973,7.013500213623047,13057,0.0,0.0
2023-06-16 15:30:00-04:00,7.019999980926514,7.059999942779541,7.010000228881836,7.059999942779541,3271,0.0,0.0
2023-06-20 09:30:00-04:00,7.039999961853027,7.050000190734863,6.940000057220459,6.965000152587891,5916,0.0,0.0
2023-06-20 10:30:00-04:00,6.949999809265137,7.0,6.949999809265137,7.0,2295,0.0,0.0
2023-06-20 11:30:00-04:00,7.0,7.079999923706055,7.0,7.079999923706055,2307,0.0,0.0
2023-06-20 12:30:00-04:00,7.070000171661377,7.119999885559082,7.065000057220459,7.099999904632568,1995,0.0,0.0
2023-06-20 13:30:00-04:00,7.090000152587891,7.090000152587891,7.039999961853027,7.070000171661377,5193,0.0,0.0
2023-06-20 14:30:00-04:00,7.045000076293945,7.159999847412109,7.019999980926514,7.159999847412109,5358,0.0,0.0
2023-06-20 15:30:00-04:00,7.170000076293945,7.179999828338623,7.119999885559082,7.159999847412109,14124,0.0,0.0
2023-06-21 09:30:00-04:00,7.119999885559082,7.119999885559082,7.119999885559082,7.119999885559082,882,0.0,0.0
2023-06-21 10:30:00-04:00,7.079999923706055,7.135000228881836,7.079999923706055,7.119999885559082,2609,0.0,0.0
2023-06-21 11:30:00-04:00,7.139999866485596,7.175000190734863,7.099999904632568,7.102200031280518,7840,0.0,0.0
2023-06-21 12:30:00-04:00,7.090000152587891,7.144999980926514,7.089900016784668,7.089900016784668,956,0.0,0.0
2023-06-21 13:30:00-04:00,7.090000152587891,7.139500141143799,7.090000152587891,7.110000133514404,3148,0.0,0.0
2023-06-21 14:30:00-04:00,7.125,7.150000095367432,7.09499979019165,7.110000133514404,6940,0.0,0.0
2023-06-21 15:30:00-04:00,7.110000133514404,7.110000133514404,7.070000171661377,7.090000152587891,8424,0.0,0.0
2023-06-22 09:30:00-04:00,7.039999961853027,7.039999961853027,7.0,7.025000095367432,2343,0.0,0.0
2023-06-22 10:30:00-04:00,7.050000190734863,7.050000190734863,7.048799991607666,7.050000190734863,1071,0.0,0.0
2023-06-22 11:30:00-04:00,7.059999942779541,7.059999942779541,7.050000190734863,7.050000190734863,1060,0.0,0.0
2023-06-22 13:30:00-04:00,7.079999923706055,7.079999923706055,7.079999923706055,7.079999923706055,399,0.0,0.0
2023-06-22 14:30:00-04:00,7.090000152587891,7.090000152587891,7.039999961853027,7.039999961853027,2448,0.0,0.0
2023-06-22 15:30:00-04:00,7.054999828338623,7.054999828338623,7.0,7.039999961853027,5026,0.0,0.0
2023-06-23 09:30:00-04:00,6.849999904632568,6.949999809265137,6.849999904632568,6.949999809265137,3246,0.0,0.0
2023-06-23 10:30:00-04:00,6.964399814605713,7.010000228881836,6.960000038146973,7.0,3881,0.0,0.0
2023-06-23 11:30:00-04:00,6.96999979019165,6.96999979019165,6.909999847412109,6.949999809265137,1360,0.0,0.0
2023-06-23 12:30:00-04:00,6.989999771118164,6.989999771118164,6.920000076293945,6.980000019073486,1166,0.0,0.0
2023-06-23 13:30:00-04:00,6.949999809265137,7.0,6.949999809265137,7.0,2206,0.0,0.0
2023-06-23 14:30:00-04:00,6.929999828338623,6.929999828338623,6.909999847412109,6.909999847412109,1657,0.0,0.0
2023-06-23 15:30:00-04:00,6.909999847412109,7.079999923706055,6.909999847412109,6.949999809265137,15739,0.0,0.0
2023-06-26 09:30:00-04:00,6.949999809265137,7.079999923706055,6.949999809265137,7.079999923706055,1228,0.0,0.0
2023-06-26 10:30:00-04:00,7.0,7.059999942779541,7.0,7.059999942779541,1060,0.0,0.0
2023-06-26 11:30:00-04:00,7.010000228881836,7.164999961853027,7.0,7.054999828338623,3340,0.0,0.0
2023-06-26 12:30:00-04:00,7.079999923706055,7.079999923706055,7.079999923706055,7.079999923706055,269,0.0,0.0
2023-06-26 13:30:00-04:00,7.059999942779541,7.079999923706055,7.050000190734863,7.070000171661377,1947,0.0,0.0
2023-06-26 14:30:00-04:00,7.099999904632568,7.099999904632568,7.06879997253418,7.090000152587891,1963,0.0,0.0
2023-06-26 15:30:00-04:00,7.139999866485596,7.139999866485596,7.070000171661377,7.130000114440918,13479,0.0,0.0
2023-06-27 09:30:00-04:00,7.079999923706055,7.085000038146973,7.019999980926514,7.085000038146973,2790,0.0,0.0
2023-06-27 10:30:00-04:00,7.059999942779541,7.059999942779541,7.0,7.0,2076,0.0,0.0
2023-06-27 11:30:00-04:00,7.070000171661377,7.090000152587891,7.010000228881836,7.039999961853027,1456,0.0,0.0
2023-06-27 12:30:00-04:00,7.019999980926514,7.059999942779541,7.019999980926514,7.054999828338623,1623,0.0,0.0
2023-06-27 13:30:00-04:00,7.074999809265137,7.099999904632568,7.050000190734863,7.059999942779541,3155,0.0,0.0
2023-06-27 14:30:00-04:00,7.059999942779541,7.070000171661377,7.019999980926514,7.03000020980835,5094,0.0,0.0
2023-06-27 15:30:00-04:00,7.039999961853027,7.090000152587891,7.039999961853027,7.039999961853027,8546,0.0,0.0
2023-06-28 09:30:00-04:00,7.010000228881836,7.017399787902832,6.96999979019165,7.017399787902832,2066,0.0,0.0
2023-06-28 10:30:00-04:00,7.039999961853027,7.039999961853027,7.039999961853027,7.039999961853027,866,0.0,0.0
2023-06-28 11:30:00-04:00,7.059999942779541,7.079999923706055,7.059999942779541,7.070000171661377,2350,0.0,0.0
2023-06-28 12:30:00-04:00,7.074999809265137,7.074999809265137,7.034900188446045,7.050000190734863,1051,0.0,0.0
2023-06-28 13:30:00-04:00,7.059999942779541,7.070000171661377,7.03000020980835,7.050000190734863,1149,0.0,0.0
2023-06-28 14:30:00-04:00,7.050000190734863,7.059999942779541,7.050000190734863,7.059999942779541,1086,0.0,0.0
2023-06-28 15:30:00-04:00,7.059999942779541,7.079999923706055,7.050000190734863,7.059999942779541,3722,0.0,0.0
2023-06-29 09:30:00-04:00,7.099999904632568,7.190000057220459,7.090099811553955,7.090099811553955,3139,0.0,0.0
2023-06-29 10:30:00-04:00,7.150000095367432,7.28000020980835,7.150000095367432,7.28000020980835,3319,0.0,0.0
2023-06-29 11:30:00-04:00,7.269999980926514,7.269999980926514,7.200099945068359,7.239999771118164,8242,0.0,0.0
2023-06-29 12:30:00-04:00,7.257199764251709,7.28000020980835,7.257199764251709,7.264100074768066,2555,0.0,0.0
2023-06-29 13:30:00-04:00,7.294000148773193,7.294000148773193,7.257500171661377,7.257500171661377,2595,0.0,0.0
2023-06-29 14:30:00-04:00,7.309999942779541,7.309999942779541,7.239999771118164,7.239999771118164,5222,0.0,0.0
2023-06-29 15:30:00-04:00,7.255000114440918,7.300000190734863,7.239999771118164,7.300000190734863,7448,0.0,0.0
2023-06-30 09:30:00-04:00,7.389999866485596,7.389999866485596,7.110000133514404,7.320000171661377,0,0.0,0.0
2023-06-30 10:30:00-04:00,7.302000045776367,7.302000045776367,7.260000228881836,7.260000228881836,7496,0.0,0.0
2023-06-30 11:30:00-04:00,7.250100135803223,7.260000228881836,7.2104997634887695,7.244999885559082,3402,0.0,0.0
2023-06-30 12:30:00-04:00,7.260000228881836,7.260000228881836,7.260000228881836,7.260000228881836,2056,0.0,0.0
2023-06-30 14:30:00-04:00,7.210000038146973,7.210000038146973,7.170000076293945,7.170000076293945,1612,0.0,0.0
2023-06-30 15:30:00-04:00,7.159999847412109,7.179999828338623,7.079999923706055,7.079999923706055,6453,0.0,0.0
2023-07-03 09:30:00-04:00,7.099999904632568,7.099999904632568,7.079999923706055,7.079999923706055,956,0.0,0.0
2023-07-03 10:30:00-04:00,7.085000038146973,7.114999771118164,7.070000171661377,7.105000019073486,8990,0.0,0.0
2023-07-03 11:30:00-04:00,7.105000019073486,7.110000133514404,7.070000171661377,7.085000038146973,5576,0.0,0.0
2023-07-05 09:30:00-04:00,7.03000020980835,7.039999961853027,6.909900188446045,7.029900074005127,8408,0.0,0.0
2023-07-05 10:30:00-04:00,7.070000171661377,7.079999923706055,7.070000171661377,7.070000171661377,1639,0.0,0.0
2023-07-05 11:30:00-04:00,7.099999904632568,7.130000114440918,7.099999904632568,7.105000019073486,3991,0.0,0.0
2023-07-05 14:30:00-04:00,7.079999923706055,7.139999866485596,7.0690999031066895,7.139999866485596,3111,0.0,0.0
2023-07-05 15:30:00-04:00,7.130000114440918,7.139999866485596,7.050000190734863,7.079999923706055,6352,0.0,0.0
2023-07-06 09:30:00-04:00,6.960000038146973,7.019999980926514,6.891200065612793,6.945000171661377,20018,0.0,0.0
2023-07-06 10:30:00-04:00,6.96999979019165,7.039999961853027,6.96999979019165,7.019999980926514,13345,0.0,0.0
2023-07-06 11:30:00-04:00,7.003600120544434,7.150000095367432,7.003600120544434,7.150000095367432,5739,0.0,0.0
2023-07-06 12:30:00-04:00,7.139999866485596,7.21999979019165,7.110000133514404,7.21999979019165,8032,0.0,0.0
2023-07-06 13:30:00-04:00,7.210000038146973,7.239999771118164,7.195000171661377,7.204999923706055,6597,0.0,0.0
2023-07-06 14:30:00-04:00,7.199999809265137,7.239999771118164,7.199999809265137,7.230000019073486,3162,0.0,0.0
2023-07-06 15:30:00-04:00,7.230000019073486,7.25,7.150000095367432,7.210000038146973,8916,0.0,0.0
2023-07-07 09:30:00-04:00,7.230000019073486,7.53000020980835,7.230000019073486,7.53000020980835,15594,0.0,0.0
2023-07-07 10:30:00-04:00,7.519999980926514,7.650000095367432,7.51170015335083,7.635000228881836,9679,0.0,0.0
2023-07-07 11:30:00-04:00,7.619999885559082,7.679999828338623,7.610000133514404,7.635000228881836,6037,0.0,0.0
2023-07-07 12:30:00-04:00,7.630000114440918,7.739999771118164,7.630000114440918,7.710000038146973,6638,0.0,0.0
2023-07-07 13:30:00-04:00,7.710000038146973,7.71999979019165,7.639999866485596,7.699999809265137,6207,0.0,0.0
2023-07-07 14:30:00-04:00,7.699999809265137,7.71999979019165,7.684999942779541,7.704999923706055,3799,0.0,0.0
2023-07-07 15:30:00-04:00,7.699999809265137,7.909999847412109,7.690000057220459,7.739999771118164,30574,0.0,0.0
2023-07-10 09:30:00-04:00,7.730000019073486,7.789999961853027,7.730000019073486,7.75,2862,0.0,0.0
2023-07-10 10:30:00-04:00,7.71999979019165,7.71999979019165,7.599999904632568,7.599999904632568,2526,0.0,0.0
2023-07-10 11:30:00-04:00,7.619999885559082,7.630000114440918,7.590000152587891,7.615600109100342,1669,0.0,0.0
2023-07-10 12:30:00-04:00,7.610000133514404,7.610000133514404,7.460000038146973,7.460000038146973,5602,0.0,0.0
2023-07-10 13:30:00-04:00,7.460000038146973,7.460000038146973,7.440000057220459,7.449999809265137,2980,0.0,0.0
2023-07-10 14:30:00-04:00,7.460000038146973,7.460000038146973,7.400000095367432,7.420000076293945,5222,0.0,0.0
2023-07-10 15:30:00-04:00,7.409999847412109,7.409999847412109,7.349999904632568,7.369999885559082,15320,0.0,0.0
2023-07-11 09:30:00-04:00,7.380000114440918,7.480000019073486,7.380000114440918,7.474999904632568,7191,0.0,0.0
2023-07-11 10:30:00-04:00,7.474999904632568,7.480000019073486,7.40500020980835,7.420000076293945,9720,0.0,0.0
2023-07-11 11:30:00-04:00,7.389999866485596,7.485000133514404,7.389999866485596,7.485000133514404,4467,0.0,0.0
2023-07-11 12:30:00-04:00,7.5,7.53000020980835,7.480000019073486,7.519999980926514,6982,0.0,0.0
2023-07-11 13:30:00-04:00,7.53000020980835,7.554999828338623,7.53000020980835,7.545000076293945,1914,0.0,0.0
2023-07-11 14:30:00-04:00,7.539999961853027,7.554999828338623,7.539999961853027,7.554999828338623,2377,0.0,0.0
2023-07-11 15:30:00-04:00,7.550000190734863,7.577000141143799,7.510000228881836,7.559999942779541,6410,0.0,0.0
2023-07-12 09:30:00-04:00,7.739999771118164,7.739999771118164,7.5,7.630000114440918,8011,0.0,0.0
2023-07-12 10:30:00-04:00,7.619999885559082,7.63129997253418,7.550000190734863,7.579999923706055,11954,0.0,0.0
2023-07-12 11:30:00-04:00,7.599999904632568,7.599999904632568,7.539999961853027,7.579999923706055,3744,0.0,0.0
2023-07-12 12:30:00-04:00,7.579999923706055,7.579999923706055,7.554999828338623,7.554999828338623,1377,0.0,0.0
2023-07-12 13:30:00-04:00,7.559999942779541,7.559999942779541,7.559999942779541,7.559999942779541,1328,0.0,0.0
2023-07-12 14:30:00-04:00,7.625,7.625,7.599999904632568,7.599999904632568,2292,0.0,0.0
2023-07-12 15:30:00-04:00,7.599999904632568,7.614999771118164,7.570000171661377,7.579999923706055,6855,0.0,0.0
2023-07-13 09:30:00-04:00,7.570000171661377,7.75,7.520100116729736,7.710000038146973,13242,0.0,0.0
2023-07-13 10:30:00-04:00,7.704999923706055,7.70989990234375,7.659999847412109,7.70989990234375,1134,0.0,0.0
2023-07-13 11:30:00-04:00,7.704999923706055,7.71999979019165,7.683700084686279,7.71999979019165,1453,0.0,0.0
2023-07-13 12:30:00-04:00,7.71999979019165,7.730000019073486,7.71999979019165,7.730000019073486,1067,0.0,0.0
2023-07-13 13:30:00-04:00,7.75,7.800000190734863,7.749899864196777,7.756199836730957,3919,0.0,0.0
2023-07-13 14:30:00-04:00,7.760000228881836,7.760000228881836,7.639999866485596,7.639999866485596,16267,0.0,0.0
2023-07-13 15:30:00-04:00,7.635000228881836,7.639999866485596,7.599999904632568,7.610000133514404,4725,0.0,0.0
2023-07-14 09:30:00-04:00,7.550000190734863,7.579999923706055,7.5,7.519999980926514,9089,0.0,0.0
2023-07-14 10:30:00-04:00,7.53000020980835,7.630000114440918,7.53000020980835,7.630000114440918,4129,0.0,0.0
2023-07-14 11:30:00-04:00,7.600599765777588,7.659999847412109,7.599999904632568,7.659999847412109,2464,0.0,0.0
2023-07-14 12:30:00-04:00,7.679999828338623,7.695000171661377,7.679999828338623,7.679999828338623,1242,0.0,0.0
2023-07-14 13:30:00-04:00,7.695000171661377,7.71999979019165,7.695000171661377,7.71999979019165,1910,0.0,0.0
2023-07-14 14:30:00-04:00,7.715000152587891,7.75,7.699999809265137,7.739999771118164,10561,0.0,0.0
2023-07-14 15:30:00-04:00,7.75,7.849999904632568,7.75,7.809999942779541,4703,0.0,0.0
2023-07-17 09:30:00-04:00,7.75,7.8454999923706055,7.71999979019165,7.8454999923706055,2624,0.0,0.0
2023-07-17 10:30:00-04:00,7.829999923706055,7.900000095367432,7.809999942779541,7.880000114440918,4753,0.0,0.0
2023-07-17 11:30:00-04:00,7.880000114440918,7.880000114440918,7.84499979019165,7.84499979019165,4021,0.0,0.0
2023-07-17 12:30:00-04:00,7.84499979019165,7.949999809265137,7.84499979019165,7.929999828338623,2699,0.0,0.0
2023-07-17 13:30:00-04:00,7.940000057220459,7.949999809265137,7.900000095367432,7.948999881744385,3717,0.0,0.0
2023-07-17 14:30:00-04:00,7.909999847412109,7.909999847412109,7.829999923706055,7.829999923706055,1800,0.0,0.0
2023-07-17 15:30:00-04:00,7.789999961853027,7.820000171661377,7.739999771118164,7.75,3184,0.0,0.0
2023-07-18 09:30:00-04:00,7.699999809265137,7.860000133514404,7.699999809265137,7.840000152587891,2029,0.0,0.0
2023-07-18 10:30:00-04:00,7.829999923706055,7.909999847412109,7.789999961853027,7.864999771118164,4943,0.0,0.0
2023-07-18 11:30:00-04:00,7.849999904632568,7.864999771118164,7.784999847412109,7.784999847412109,1857,0.0,0.0
2023-07-18 12:30:00-04:00,7.789999961853027,7.829999923706055,7.789999961853027,7.809999942779541,1444,0.0,0.0
2023-07-18 13:30:00-04:00,7.800000190734863,7.849999904632568,7.789999961853027,7.849999904632568,1251,0.0,0.0
2023-07-18 14:30:00-04:00,7.84499979019165,7.880000114440918,7.84499979019165,7.849999904632568,1395,0.0,0.0
2023-07-18 15:30:00-04:00,7.849999904632568,7.860000133514404,7.809999942779541,7.820000171661377,5845,0.0,0.0
2023-07-19 09:30:00-04:00,7.840000152587891,7.920000076293945,7.840000152587891,7.885000228881836,1204,0.0,0.0
2023-07-19 10:30:00-04:00,7.849999904632568,7.849999904632568,7.800000190734863,7.804999828338623,1701,0.0,0.0
2023-07-19 11:30:00-04:00,7.849999904632568,7.893700122833252,7.814000129699707,7.815000057220459,2169,0.0,0.0
2023-07-19 12:30:00-04:00,7.889999866485596,7.889999866485596,7.795000076293945,7.829899787902832,8464,0.0,0.0
2023-07-19 13:30:00-04:00,7.860000133514404,7.860000133514404,7.840000152587891,7.840000152587891,1099,0.0,0.0
2023-07-19 14:30:00-04:00,7.809999942779541,7.840000152587891,7.770100116729736,7.809999942779541,3977,0.0,0.0
2023-07-19 15:30:00-04:00,7.809999942779541,7.840000152587891,7.789999961853027,7.840000152587891,10697,0.0,0.0
2023-07-20 09:30:00-04:00,7.760000228881836,7.789999961853027,7.75,7.78000020980835,6137,0.0,0.0
2023-07-20 10:30:00-04:00,7.76039981842041,7.829999923706055,7.76039981842041,7.815000057220459,5622,0.0,0.0
2023-07-20 11:30:00-04:00,7.809999942779541,7.820000171661377,7.800000190734863,7.815000057220459,33964,0.0,0.0
2023-07-20 12:30:00-04:00,7.815000057220459,7.829999923706055,7.769999980926514,7.78000020980835,5830,0.0,0.0
2023-07-20 13:30:00-04:00,7.78000020980835,7.815000057220459,7.78000020980835,7.815000057220459,2562,0.0,0.0
2023-07-20 14:30:00-04:00,7.820000171661377,7.824999809265137,7.8003997802734375,7.815000057220459,2418,0.0,0.0
2023-07-20 15:30:00-04:00,7.789999961853027,7.840000152587891,7.789999961853027,7.809999942779541,25794,0.0,0.0
2023-07-21 09:30:00-04:00,7.829999923706055,7.829999923706055,7.75,7.775000095367432,14697,0.0,0.0
2023-07-21 10:30:00-04:00,7.789999961853027,7.789999961853027,7.735000133514404,7.735000133514404,5627,0.0,0.0
2023-07-21 11:30:00-04:00,7.755000114440918,7.775000095367432,7.712200164794922,7.71999979019165,7502,0.0,0.0
2023-07-21 12:30:00-04:00,7.75,7.75,7.75,7.75,2941,0.0,0.0
2023-07-21 13:30:00-04:00,7.744999885559082,7.75,7.710000038146973,7.710000038146973,3461,0.0,0.0
2023-07-21 14:30:00-04:00,7.713699817657471,7.739999771118164,7.65500020980835,7.679999828338623,6336,0.0,0.0
2023-07-21 15:30:00-04:00,7.690000057220459,7.699999809265137,7.650300025939941,7.670000076293945,7202,0.0,0.0
2023-07-24 09:30:00-04:00,7.670000076293945,7.679999828338623,7.574999809265137,7.574999809265137,1676,0.0,0.0
2023-07-24 10:30:00-04:00,7.570000171661377,7.619999885559082,7.5,7.554999828338623,4041,0.0,0.0
2023-07-24 11:30:00-04:00,7.550000190734863,7.650000095367432,7.505000114440918,7.605000019073486,4154,0.0,0.0
2023-07-24 12:30:00-04:00,7.619999885559082,7.625,7.510000228881836,7.519999980926514,3365,0.0,0.0
2023-07-24 13:30:00-04:00,7.519999980926514,7.519999980926514,7.5,7.5,2526,0.0,0.0
2023-07-24 14:30:00-04:00,7.510000228881836,7.510000228881836,7.46999979019165,7.46999979019165,15435,0.0,0.0
2023-07-24 15:30:00-04:00,7.449999809265137,7.5,7.449999809265137,7.5,5657,0.0,0.0
2023-07-25 09:30:00-04:00,7.53000020980835,7.579999923706055,7.460000038146973,7.559999942779541,7718,0.0,0.0
2023-07-25 10:30:00-04:00,7.579999923706055,7.579999923706055,7.519999980926514,7.519999980926514,2301,0.0,0.0
2023-07-25 11:30:00-04:00,7.539999961853027,7.539999961853027,7.480000019073486,7.480000019073486,2726,0.0,0.0
2023-07-25 12:30:00-04:00,7.480000019073486,7.480000019073486,7.449999809265137,7.449999809265137,1057,0.0,0.0
2023-07-25 13:30:00-04:00,7.449999809265137,7.449999809265137,7.449999809265137,7.449999809265137,1366,0.0,0.0
2023-07-25 14:30:00-04:00,7.434999942779541,7.434999942779541,7.400000095367432,7.420400142669678,3569,0.0,0.0
2023-07-25 15:30:00-04:00,7.430099964141846,7.449999809265137,7.429999828338623,7.449999809265137,3166,0.0,0.0
2023-07-26 09:30:00-04:00,7.400000095367432,7.590000152587891,7.400000095367432,7.550000190734863,4718,0.0,0.0
2023-07-26 10:30:00-04:00,7.579999923706055,7.599999904632568,7.53000020980835,7.599999904632568,1996,0.0,0.0
2023-07-26 11:30:00-04:00,7.550000190734863,7.590000152587891,7.550000190734863,7.590000152587891,1831,0.0,0.0
2023-07-26 12:30:00-04:00,7.639900207519531,7.639900207519531,7.579999923706055,7.619999885559082,588,0.0,0.0
2023-07-26 13:30:00-04:00,7.599999904632568,7.599999904632568,7.559999942779541,7.559999942779541,1282,0.0,0.0
2023-07-26 14:30:00-04:00,7.539999961853027,7.579999923706055,7.46999979019165,7.5,10011,0.0,0.0
2023-07-26 15:30:00-04:00,7.480000019073486,7.5,7.46999979019165,7.46999979019165,4241,0.0,0.0
2023-07-27 09:30:00-04:00,7.519999980926514,7.659999847412109,7.474999904632568,7.474999904632568,5718,0.0,0.0
2023-07-27 10:30:00-04:00,7.608099937438965,7.75,7.608099937438965,7.75,5450,0.0,0.0
2023-07-27 11:30:00-04:00,7.75,7.795000076293945,7.75,7.795000076293945,6428,0.0,0.0
2023-07-27 12:30:00-04:00,7.820000171661377,7.829899787902832,7.650000095367432,7.650000095367432,27294,0.0,0.0
2023-07-27 13:30:00-04:00,7.610000133514404,7.650000095367432,7.570000171661377,7.585000038146973,1917,0.0,0.0
2023-07-27 14:30:00-04:00,7.585000038146973,7.619999885559082,7.539999961853027,7.590000152587891,7284,0.0,0.0
2023-07-27 15:30:00-04:00,7.590000152587891,7.630000114440918,7.53000020980835,7.610000133514404,12333,0.0,0.0
2023-07-28 09:30:00-04:00,7.730000019073486,7.739999771118164,7.580999851226807,7.625,2205,0.0,0.0
2023-07-28 10:30:00-04:00,7.670000076293945,7.820000171661377,7.670000076293945,7.747499942779541,7882,0.0,0.0
2023-07-28 11:30:00-04:00,7.75,7.809999942779541,7.740200042724609,7.784999847412109,3337,0.0,0.0
2023-07-28 12:30:00-04:00,7.789999961853027,7.789999961853027,7.71999979019165,7.739999771118164,2777,0.0,0.0
2023-07-28 13:30:00-04:00,7.690000057220459,7.730000019073486,7.659999847412109,7.684999942779541,1594,0.0,0.0
2023-07-28 14:30:00-04:00,7.679999828338623,7.699999809265137,7.559999942779541,7.590000152587891,42829,0.0,0.0
2023-07-28 15:30:00-04:00,7.590000152587891,7.650000095367432,7.590000152587891,7.610000133514404,25364,0.0,0.0
2023-07-31 09:30:00-04:00,7.679999828338623,7.75,7.651199817657471,7.664999961853027,3907,0.0,0.0
2023-07-31 10:30:00-04:00,7.679999828338623,7.694799900054932,7.650100231170654,7.664999961853027,3284,0.0,0.0
2023-07-31 11:30:00-04:00,7.675000190734863,7.699999809265137,7.670000076293945,7.679999828338623,2149,0.0,0.0
2023-07-31 12:30:00-04:00,7.704800128936768,7.800000190734863,7.704800128936768,7.739999771118164,1972,0.0,0.0
2023-07-31 13:30:00-04:00,7.710000038146973,7.820000171661377,7.710000038146973,7.795000076293945,1666,0.0,0.0
2023-07-31 14:30:00-04:00,7.800000190734863,7.870200157165527,7.78000020980835,7.869999885559082,5022,0.0,0.0
2023-07-31 15:30:00-04:00,7.880000114440918,8.0,7.856800079345703,7.96999979019165,22207,0.0,0.0
2023-08-01 09:30:00-04:00,7.824999809265137,7.9899001121521,7.815000057220459,7.815000057220459,4612,0.0,0.0
2023-08-01 10:30:00-04:00,7.78000020980835,7.840000152587891,7.78000020980835,7.840000152587891,1858,0.0,0.0
2023-08-01 11:30:00-04:00,7.875,7.880000114440918,7.840000152587891,7.880000114440918,3041,0.0,0.0
2023-08-01 12:30:00-04:00,7.889999866485596,7.889999866485596,7.820000171661377,7.849999904632568,8147,0.0,0.0
2023-08-01 13:30:00-04:00,7.885000228881836,7.900000095367432,7.880000114440918,7.880000114440918,957,0.0,0.0
2023-08-01 14:30:00-04:00,7.880000114440918,7.914999961853027,7.864999771118164,7.900000095367432,4921,0.0,0.0
2023-08-01 15:30:00-04:00,7.889999866485596,8.010000228881836,7.889999866485596,8.010000228881836,19039,0.0,0.0
2023-08-02 09:30:00-04:00,7.849999904632568,7.960000038146973,7.849999904632568,7.909999847412109,3941,0.0,0.0
2023-08-02 10:30:00-04:00,7.909999847412109,7.909999847412109,7.744999885559082,7.744999885559082,5512,0.0,0.0
2023-08-02 11:30:00-04:00,7.800000190734863,7.800000190734863,7.699999809265137,7.71999979019165,4443,0.0,0.0
2023-08-02 12:30:00-04:00,7.71999979019165,7.730000019073486,7.659999847412109,7.679999828338623,11411,0.0,0.0
2023-08-02 13:30:00-04:00,7.679999828338623,7.679999828338623,7.650000095367432,7.650000095367432,5734,0.0,0.0
2023-08-02 14:30:00-04:00,7.670000076293945,7.710000038146973,7.670000076293945,7.679999828338623,3907,0.0,0.0
2023-08-02 15:30:00-04:00,7.659999847412109,7.699999809265137,7.659999847412109,7.659999847412109,9142,0.0,0.0
2023-08-03 09:30:00-04:00,7.659999847412109,7.659999847412109,7.570000171661377,7.585000038146973,5111,0.0,0.0
2023-08-03 10:30:00-04:00,7.579999923706055,7.630000114440918,7.510000228881836,7.590000152587891,5973,0.0,0.0
2023-08-03 11:30:00-04:00,7.599999904632568,7.669899940490723,7.539999961853027,7.669899940490723,8538,0.0,0.0
2023-08-03 12:30:00-04:00,7.65500020980835,7.65500020980835,7.585000038146973,7.590000152587891,1537,0.0,0.0
2023-08-03 13:30:00-04:00,7.579999923706055,7.659999847412109,7.579999923706055,7.615300178527832,5530,0.0,0.0
2023-08-03 14:30:00-04:00,7.610000133514404,7.650000095367432,7.599999904632568,7.650000095367432,5971,0.0,0.0
2023-08-03 15:30:00-04:00,7.664999961853027,7.679999828338623,7.630000114440918,7.650000095367432,7005,0.0,0.0
2023-08-04 09:30:00-04:00,7.699999809265137,7.699999809265137,7.699999809265137,7.699999809265137,380,0.0,0.0
2023-08-04 10:30:00-04:00,7.730000019073486,7.760000228881836,7.730000019073486,7.760000228881836,864,0.0,0.0
2023-08-04 11:30:00-04:00,7.739999771118164,7.75,7.71999979019165,7.730000019073486,2000,0.0,0.0
2023-08-04 12:30:00-04:00,7.730000019073486,7.732100009918213,7.659999847412109,7.659999847412109,2192,0.0,0.0
2023-08-04 13:30:00-04:00,7.659999847412109,7.669899940490723,7.619999885559082,7.619999885559082,7443,0.0,0.0
2023-08-04 14:30:00-04:00,7.630000114440918,7.644999980926514,7.599999904632568,7.619999885559082,5328,0.0,0.0
2023-08-04 15:30:00-04:00,7.639999866485596,7.644999980926514,7.579999923706055,7.599999904632568,23338,0.0,0.0
2023-08-07 09:30:00-04:00,7.599999904632568,7.869999885559082,7.599999904632568,7.84499979019165,12434,0.0,0.0
2023-08-07 10:30:00-04:00,7.869999885559082,7.869999885559082,7.71999979019165,7.800000190734863,18102,0.0,0.0
2023-08-07 11:30:00-04:00,7.829999923706055,7.830399990081787,7.800000190734863,7.830399990081787,2648,0.0,0.0
2023-08-07 12:30:00-04:00,7.849999904632568,7.929999828338623,7.829999923706055,7.929999828338623,8294,0.0,0.0
2023-08-07 13:30:00-04:00,7.932799816131592,7.949999809265137,7.840000152587891,7.909999847412109,9684,0.0,0.0
2023-08-07 14:30:00-04:00,7.880000114440918,7.889999866485596,7.860000133514404,7.860400199890137,2089,0.0,0.0
2023-08-07 15:30:00-04:00,7.90500020980835,7.940000057220459,7.860000133514404,7.880000114440918,8853,0.0,0.0
2023-08-08 09:30:00-04:00,7.710000038146973,7.71999979019165,7.550000190734863,7.590000152587891,7740,0.0,0.0
2023-08-08 10:30:00-04:00,7.599999904632568,7.605000019073486,7.539999961853027,7.605000019073486,9833,0.0,0.0
2023-08-08 11:30:00-04:00,7.590000152587891,7.590000152587891,7.460000038146973,7.480000019073486,11912,0.0,0.0
2023-08-08 12:30:00-04:00,7.474999904632568,7.509900093078613,7.434999942779541,7.434999942779541,10201,0.0,0.0
2023-08-08 13:30:00-04:00,7.460000038146973,7.46999979019165,7.410799980163574,7.46999979019165,6378,0.0,0.0
2023-08-08 14:30:00-04:00,7.494900226593018,7.494900226593018,7.449999809265137,7.480000019073486,7239,0.0,0.0
2023-08-08 15:30:00-04:00,7.480000019073486,7.519999980926514,7.480000019073486,7.519999980926514,16480,0.0,0.0
2023-08-09 09:30:00-04:00,7.539999961853027,7.599999904632568,7.449999809265137,7.465000152587891,9189,0.0,0.0
2023-08-09 10:30:00-04:00,7.510000228881836,7.519999980926514,7.409999847412109,7.409999847412109,3159,0.0,0.0
2023-08-09 11:30:00-04:00,7.400000095367432,7.400000095367432,7.3256001472473145,7.3256001472473145,7084,0.0,0.0
2023-08-09 12:30:00-04:00,7.335000038146973,7.349999904632568,7.190000057220459,7.210000038146973,30018,0.0,0.0
2023-08-09 13:30:00-04:00,7.210000038146973,7.25,7.190000057220459,7.210000038146973,6017,0.0,0.0
2023-08-09 14:30:00-04:00,7.255000114440918,7.349999904632568,7.244999885559082,7.349999904632568,5090,0.0,0.0
2023-08-09 15:30:00-04:00,7.349999904632568,7.369999885559082,7.320000171661377,7.360000133514404,9814,0.0,0.0
2023-08-10 09:30:00-04:00,7.389999866485596,7.489999771118164,7.369999885559082,7.46999979019165,1960,0.0,0.0
2023-08-10 10:30:00-04:00,7.429999828338623,7.440000057220459,7.369999885559082,7.389999866485596,30766,0.0,0.0
2023-08-10 11:30:00-04:00,7.400000095367432,7.429999828338623,7.369999885559082,7.369999885559082,23625,0.0,0.0
2023-08-10 12:30:00-04:00,7.380000114440918,7.409999847412109,7.380000114440918,7.385000228881836,4557,0.0,0.0
2023-08-10 13:30:00-04:00,7.385000228881836,7.389999866485596,7.304999828338623,7.340000152587891,24405,0.0,0.0
2023-08-10 14:30:00-04:00,7.340000152587891,7.355000019073486,7.260000228881836,7.300000190734863,23317,0.0,0.0
2023-08-10 15:30:00-04:00,7.300000190734863,7.320000171661377,7.125,7.190000057220459,27143,0.0,0.0
2023-08-11 09:30:00-04:00,7.179999828338623,7.210000038146973,7.179999828338623,7.210000038146973,2055,0.0,0.0
2023-08-11 10:30:00-04:00,7.199999809265137,7.199999809265137,7.050000190734863,7.099999904632568,6116,0.0,0.0
2023-08-11 11:30:00-04:00,7.074999809265137,7.110000133514404,7.074999809265137,7.090000152587891,4297,0.0,0.0
2023-08-11 12:30:00-04:00,7.110000133514404,7.110000133514404,7.050000190734863,7.070000171661377,10603,0.0,0.0
2023-08-11 13:30:00-04:00,7.090000152587891,7.090000152587891,7.074999809265137,7.074999809265137,1291,0.0,0.0
2023-08-11 14:30:00-04:00,7.074999809265137,7.150000095367432,7.074999809265137,7.090000152587891,3341,0.0,0.0
2023-08-11 15:30:00-04:00,7.099999904632568,7.110000133514404,7.090000152587891,7.090000152587891,8029,0.0,0.0
2023-08-14 09:30:00-04:00,7.039999961853027,7.138999938964844,7.039999961853027,7.138999938964844,1700,0.0,0.0
2023-08-14 10:30:00-04:00,7.138999938964844,7.170000076293945,7.130000114440918,7.170000076293945,1659,0.0,0.0
2023-08-14 11:30:00-04:00,7.190000057220459,7.190000057220459,7.150000095367432,7.159999847412109,2253,0.0,0.0
2023-08-14 12:30:00-04:00,7.179999828338623,7.269999980926514,7.179999828338623,7.260000228881836,4195,0.0,0.0
2023-08-14 13:30:00-04:00,7.25,7.329999923706055,7.244999885559082,7.329999923706055,6964,0.0,0.0
2023-08-14 14:30:00-04:00,7.320000171661377,7.380000114440918,7.320000171661377,7.360000133514404,4850,0.0,0.0
2023-08-14 15:30:00-04:00,7.360000133514404,7.369999885559082,7.289999961853027,7.329999923706055,18808,0.0,0.0
2023-08-15 09:30:00-04:00,7.239999771118164,7.275000095367432,7.150000095367432,7.275000095367432,3582,0.0,0.0
2023-08-15 10:30:00-04:00,7.295000076293945,7.295000076293945,7.2754998207092285,7.2754998207092285,545,0.0,0.0
2023-08-15 11:30:00-04:00,7.289999961853027,7.324999809265137,7.264999866485596,7.304999828338623,4509,0.0,0.0
2023-08-15 12:30:00-04:00,7.340000152587891,7.340000152587891,7.309999942779541,7.309999942779541,1086,0.0,0.0
2023-08-15 13:30:00-04:00,7.269999980926514,7.275000095367432,7.190000057220459,7.199999809265137,6299,0.0,0.0
2023-08-15 14:30:00-04:00,7.199999809265137,7.21999979019165,7.110000133514404,7.119999885559082,13421,0.0,0.0
2023-08-15 15:30:00-04:00,7.114999771118164,7.159999847412109,7.110000133514404,7.130000114440918,15565,0.0,0.0
2023-08-16 09:30:00-04:00,7.139999866485596,7.329999923706055,7.079999923706055,7.139999866485596,2889,0.0,0.0
2023-08-16 10:30:00-04:00,7.130000114440918,7.130000114440918,7.070000171661377,7.09689998626709,2982,0.0,0.0
2023-08-16 11:30:00-04:00,7.09499979019165,7.099999904632568,7.070000171661377,7.090000152587891,6132,0.0,0.0
2023-08-16 12:30:00-04:00,7.082200050354004,7.090000152587891,7.010000228881836,7.019999980926514,16705,0.0,0.0
2023-08-16 13:30:00-04:00,7.010000228881836,7.048900127410889,7.010000228881836,7.010000228881836,8218,0.0,0.0
2023-08-16 14:30:00-04:00,7.025000095367432,7.025000095367432,6.960000038146973,6.980000019073486,20648,0.0,0.0
2023-08-16 15:30:00-04:00,6.980000019073486,7.0,6.929999828338623,6.929999828338623,12543,0.0,0.0
2023-08-17 09:30:00-04:00,6.940000057220459,6.969900131225586,6.920000076293945,6.920000076293945,4233,0.0,0.0
2023-08-17 10:30:00-04:00,6.900000095367432,6.909999847412109,6.849999904632568,6.860000133514404,6471,0.0,0.0
2023-08-17 11:30:00-04:00,6.860000133514404,6.876999855041504,6.849999904632568,6.869999885559082,3595,0.0,0.0
2023-08-17 12:30:00-04:00,6.880000114440918,6.880000114440918,6.860000133514404,6.880000114440918,3637,0.0,0.0
2023-08-17 13:30:00-04:00,6.849999904632568,6.869999885559082,6.769999980926514,6.769999980926514,6498,0.0,0.0
2023-08-17 14:30:00-04:00,6.782700061798096,6.784999847412109,6.670000076293945,6.679999828338623,27709,0.0,0.0
2023-08-17 15:30:00-04:00,6.690000057220459,6.710000038146973,6.650000095367432,6.670000076293945,9013,0.0,0.0
2023-08-18 09:30:00-04:00,6.690000057220459,6.840000152587891,6.599999904632568,6.610000133514404,64007,0.0,0.0
2023-08-18 10:30:00-04:00,6.599999904632568,6.639999866485596,6.599999904632568,6.635900020599365,3792,0.0,0.0
2023-08-18 11:30:00-04:00,6.610000133514404,6.650000095367432,6.610000133514404,6.639999866485596,5012,0.0,0.0
2023-08-18 12:30:00-04:00,6.639999866485596,6.639999866485596,6.625,6.625,3221,0.0,0.0
2023-08-18 13:30:00-04:00,6.639999866485596,6.679999828338623,6.619999885559082,6.659999847412109,4446,0.0,0.0
2023-08-18 14:30:00-04:00,6.650000095367432,6.670000076293945,6.570000171661377,6.610000133514404,46028,0.0,0.0
2023-08-18 15:30:00-04:00,6.599999904632568,6.610000133514404,6.53000020980835,6.570000171661377,32496,0.0,0.0
2023-08-21 09:30:00-04:00,6.550000190734863,6.869999885559082,6.409999847412109,6.449999809265137,12402,0.0,0.0
2023-08-21 10:30:00-04:00,6.449999809265137,6.468900203704834,6.349999904632568,6.349999904632568,24136,0.0,0.0
2023-08-21 11:30:00-04:00,6.360000133514404,6.489999771118164,6.360000133514404,6.4334001541137695,18181,0.0,0.0
2023-08-21 12:30:00-04:00,6.440000057220459,6.489999771118164,6.420000076293945,6.460000038146973,16188,0.0,0.0
2023-08-21 13:30:00-04:00,6.460000038146973,6.489999771118164,6.429999828338623,6.449999809265137,8720,0.0,0.0
2023-08-21 14:30:00-04:00,6.429999828338623,6.469900131225586,6.420000076293945,6.469900131225586,9502,0.0,0.0
2023-08-21 15:30:00-04:00,6.440000057220459,6.440000057220459,6.369999885559082,6.380000114440918,22244,0.0,0.0
2023-08-22 09:30:00-04:00,6.449999809265137,6.619999885559082,6.400000095367432,6.400000095367432,12074,0.0,0.0
2023-08-22 10:30:00-04:00,6.414999961853027,6.414999961853027,6.369999885559082,6.385000228881836,8513,0.0,0.0
2023-08-22 11:30:00-04:00,6.385000228881836,6.389999866485596,6.329999923706055,6.375,17535,0.0,0.0
2023-08-22 12:30:00-04:00,6.389999866485596,6.489999771118164,6.369999885559082,6.40500020980835,18828,0.0,0.0
2023-08-22 13:30:00-04:00,6.420000076293945,6.460000038146973,6.390999794006348,6.400000095367432,10535,0.0,0.0
2023-08-22 14:30:00-04:00,6.407899856567383,6.420499801635742,6.374300003051758,6.385000228881836,12815,0.0,0.0
2023-08-22 15:30:00-04:00,6.380000114440918,6.409999847412109,6.360000133514404,6.389999866485596,14739,0.0,0.0
2023-08-23 09:30:00-04:00,6.400000095367432,6.420000076293945,6.400000095367432,6.420000076293945,1221,0.0,0.0
2023-08-23 10:30:00-04:00,6.440000057220459,6.53000020980835,6.380000114440918,6.489999771118164,12162,0.0,0.0
2023-08-23 11:30:00-04:00,6.489999771118164,6.489999771118164,6.460000038146973,6.46999979019165,1868,0.0,0.0
2023-08-23 12:30:00-04:00,6.465000152587891,6.465000152587891,6.460000038146973,6.460000038146973,2408,0.0,0.0
2023-08-23 13:30:00-04:00,6.449999809265137,6.46999979019165,6.449999809265137,6.465000152587891,2327,0.0,0.0
2023-08-23 14:30:00-04:00,6.460000038146973,6.468400001525879,6.449999809265137,6.449999809265137,4291,0.0,0.0
2023-08-23 15:30:00-04:00,6.476600170135498,6.489999771118164,6.449999809265137,6.480000019073486,10341,0.0,0.0
2023-08-24 09:30:00-04:00,6.409999847412109,6.489999771118164,6.409999847412109,6.489999771118164,2064,0.0,0.0
2023-08-24 10:30:00-04:00,6.449999809265137,6.465000152587891,6.429999828338623,6.449999809265137,2504,0.0,0.0
2023-08-24 11:30:00-04:00,6.449999809265137,6.53000020980835,6.449999809265137,6.53000020980835,5394,0.0,0.0
2023-08-24 12:30:00-04:00,6.53000020980835,6.53000020980835,6.510000228881836,6.510000228881836,1365,0.0,0.0
2023-08-24 13:30:00-04:00,6.53000020980835,6.53000020980835,6.5,6.5,886,0.0,0.0
2023-08-24 14:30:00-04:00,6.53000020980835,6.53000020980835,6.5,6.510000228881836,3697,0.0,0.0
2023-08-24 15:30:00-04:00,6.505000114440918,6.505000114440918,6.440000057220459,6.440000057220459,2867,0.0,0.0
2023-08-25 09:30:00-04:00,6.489999771118164,6.489999771118164,6.409999847412109,6.409999847412109,1045,0.0,0.0
2023-08-25 10:30:00-04:00,6.400000095367432,6.429999828338623,6.400000095367432,6.425000190734863,6436,0.0,0.0
2023-08-25 11:30:00-04:00,6.409999847412109,6.41949987411499,6.389999866485596,6.409999847412109,3136,0.0,0.0
2023-08-25 12:30:00-04:00,6.409999847412109,6.429999828338623,6.400000095367432,6.40500020980835,4179,0.0,0.0
2023-08-25 13:30:00-04:00,6.389999866485596,6.409999847412109,6.360000133514404,6.360000133514404,10361,0.0,0.0
2023-08-25 14:30:00-04:00,6.349999904632568,6.360000133514404,6.289999961853027,6.340000152587891,7022,0.0,0.0
2023-08-25 15:30:00-04:00,6.349899768829346,6.349999904632568,6.320000171661377,6.349999904632568,4021,0.0,0.0
2023-08-28 09:30:00-04:00,6.400000095367432,6.440000057220459,6.389999866485596,6.40500020980835,2768,0.0,0.0
2023-08-28 10:30:00-04:00,6.40500020980835,6.40500020980835,6.375,6.389999866485596,1996,0.0,0.0
2023-08-28 11:30:00-04:00,6.389999866485596,6.400000095367432,6.364999771118164,6.369999885559082,2760,0.0,0.0
2023-08-28 12:30:00-04:00,6.380000114440918,6.436999797821045,6.380000114440918,6.420000076293945,3450,0.0,0.0
2023-08-28 13:30:00-04:00,6.4145002365112305,6.4145002365112305,6.369999885559082,6.389999866485596,7055,0.0,0.0
2023-08-28 14:30:00-04:00,6.385000228881836,6.409999847412109,6.349999904632568,6.355000019073486,9345,0.0,0.0
2023-08-28 15:30:00-04:00,6.355000019073486,6.380000114440918,6.340000152587891,6.369999885559082,6277,0.0,0.0
2023-08-29 09:30:00-04:00,6.349999904632568,6.409999847412109,6.349999904632568,6.409999847412109,1274,0.0,0.0
2023-08-29 10:30:00-04:00,6.400000095367432,6.409999847412109,6.400000095367432,6.409999847412109,512,0.0,0.0
2023-08-29 11:30:00-04:00,6.4070000648498535,6.409999847412109,6.38100004196167,6.400000095367432,6123,0.0,0.0
2023-08-29 12:30:00-04:00,6.394999980926514,6.422299861907959,6.380000114440918,6.420000076293945,5267,0.0,0.0
2023-08-29 13:30:00-04:00,6.425000190734863,6.425000190734863,6.389999866485596,6.389999866485596,3843,0.0,0.0
2023-08-29 14:30:00-04:00,6.389999866485596,6.440000057220459,6.389999866485596,6.400000095367432,11805,0.0,0.0
2023-08-29 15:30:00-04:00,6.389999866485596,6.420000076293945,6.389999866485596,6.400000095367432,15524,0.0,0.0
2023-08-30 09:30:00-04:00,6.420000076293945,6.449999809265137,6.420000076293945,6.449999809265137,1466,0.0,0.0
2023-08-30 10:30:00-04:00,6.409999847412109,6.425000190734863,6.409999847412109,6.425000190734863,967,0.0,0.0
2023-08-30 11:30:00-04:00,6.480000019073486,6.53000020980835,6.479899883270264,6.53000020980835,7902,0.0,0.0
2023-08-30 12:30:00-04:00,6.53000020980835,6.539999961853027,6.460100173950195,6.460100173950195,2572,0.0,0.0
2023-08-30 13:30:00-04:00,6.505000114440918,6.505000114440918,6.480000019073486,6.480000019073486,777,0.0,0.0
2023-08-30 14:30:00-04:00,6.510000228881836,6.510000228881836,6.489999771118164,6.499899864196777,1561,0.0,0.0
2023-08-30 15:30:00-04:00,6.489999771118164,6.519999980926514,6.46999979019165,6.505000114440918,9141,0.0,0.0
2023-08-31 09:30:00-04:00,6.489999771118164,6.59499979019165,6.489999771118164,6.579999923706055,5302,0.0,0.0
2023-08-31 10:30:00-04:00,6.590000152587891,6.605000019073486,6.539999961853027,6.605000019073486,3272,0.0,0.0
2023-08-31 11:30:00-04:00,6.550000190734863,6.570000171661377,6.510000228881836,6.510000228881836,1859,0.0,0.0
2023-08-31 12:30:00-04:00,6.5,6.519999980926514,6.489999771118164,6.519999980926514,1770,0.0,0.0
2023-08-31 13:30:00-04:00,6.514599800109863,6.53000020980835,6.514599800109863,6.520400047302246,1937,0.0,0.0
2023-08-31 14:30:00-04:00,6.550000190734863,6.559999942779541,6.519999980926514,6.559999942779541,4745,0.0,0.0
2023-08-31 15:30:00-04:00,6.53000020980835,6.539999961853027,6.489999771118164,6.510000228881836,12560,0.0,0.0
2023-09-01 09:30:00-04:00,6.564599990844727,6.610000133514404,6.545000076293945,6.550000190734863,4373,0.0,0.0
2023-09-01 10:30:00-04:00,6.550000190734863,6.550000190734863,6.534999847412109,6.539999961853027,2800,0.0,0.0
2023-09-01 11:30:00-04:00,6.539999961853027,6.550000190734863,6.53000020980835,6.539999961853027,2404,0.0,0.0
2023-09-01 12:30:00-04:00,6.53000020980835,6.559999942779541,6.53000020980835,6.550000190734863,2848,0.0,0.0
2023-09-01 13:30:00-04:00,6.519999980926514,6.550000190734863,6.519999980926514,6.526500225067139,31585,0.0,0.0
2023-09-01 14:30:00-04:00,6.519999980926514,6.565000057220459,6.519999980926514,6.565000057220459,5869,0.0,0.0
2023-09-01 15:30:00-04:00,6.590000152587891,6.590000152587891,6.519999980926514,6.550000190734863,21039,0.0,0.0
2023-09-05 09:30:00-04:00,6.559999942779541,6.650000095367432,6.5,6.610000133514404,40928,0.0,0.0
2023-09-05 10:30:00-04:00,6.619999885559082,6.650000095367432,6.599999904632568,6.630000114440918,10339,0.0,0.0
2023-09-05 11:30:00-04:00,6.619999885559082,6.630000114440918,6.565000057220459,6.590000152587891,9969,0.0,0.0
2023-09-05 12:30:00-04:00,6.590000152587891,6.599999904632568,6.559999942779541,6.565299987792969,3607,0.0,0.0
2023-09-05 13:30:00-04:00,6.59499979019165,6.610000133514404,6.559999942779541,6.599999904632568,12509,0.0,0.0
2023-09-05 14:30:00-04:00,6.579999923706055,6.591100215911865,6.539999961853027,6.539999961853027,7128,0.0,0.0
2023-09-05 15:30:00-04:00,6.525000095367432,6.559999942779541,6.460000038146973,6.510000228881836,10605,0.0,0.0
2023-09-06 09:30:00-04:00,6.519999980926514,6.519999980926514,6.460000038146973,6.460000038146973,6372,0.0,0.0
2023-09-06 10:30:00-04:00,6.429999828338623,6.440000057220459,6.320000171661377,6.360000133514404,8091,0.0,0.0
2023-09-06 11:30:00-04:00,6.349999904632568,6.349999904632568,6.300000190734863,6.309999942779541,12097,0.0,0.0
2023-09-06 12:30:00-04:00,6.300000190734863,6.309999942779541,6.199999809265137,6.199999809265137,15941,0.0,0.0
2023-09-06 13:30:00-04:00,6.218900203704834,6.218900203704834,6.139999866485596,6.150000095367432,14236,0.0,0.0
2023-09-06 14:30:00-04:00,6.150000095367432,6.150000095367432,6.139999866485596,6.144999980926514,12299,0.0,0.0
2023-09-06 15:30:00-04:00,6.139999866485596,6.150000095367432,6.059999942779541,6.079999923706055,21889,0.0,0.0
2023-09-07 09:30:00-04:00,6.090000152587891,6.090000152587891,5.829999923706055,5.889999866485596,18123,0.0,0.0
2023-09-07 10:30:00-04:00,5.898499965667725,5.899899959564209,5.849999904632568,5.877500057220459,10836,0.0,0.0
2023-09-07 11:30:00-04:00,5.869999885559082,5.869999885559082,5.769999980926514,5.78000020980835,7555,0.0,0.0
2023-09-07 12:30:00-04:00,5.769999980926514,5.789999961853027,5.75,5.75,6621,0.0,0.0
2023-09-07 13:30:00-04:00,5.769999980926514,5.789999961853027,5.75,5.769800186157227,13037,0.0,0.0
2023-09-07 14:30:00-04:00,5.75,5.75,5.650000095367432,5.695000171661377,21231,0.0,0.0
2023-09-07 15:30:00-04:00,5.695000171661377,5.739999771118164,5.659999847412109,5.730000019073486,29296,0.0,0.0
2023-09-08 09:30:00-04:00,5.699999809265137,5.704999923706055,5.659999847412109,5.699999809265137,5916,0.0,0.0
2023-09-08 10:30:00-04:00,5.710100173950195,5.730000019073486,5.710100173950195,5.71999979019165,3436,0.0,0.0
2023-09-08 11:30:00-04:00,5.730000019073486,5.730000019073486,5.619999885559082,5.636499881744385,4839,0.0,0.0
2023-09-08 12:30:00-04:00,5.630000114440918,5.639999866485596,5.619999885559082,5.629300117492676,9959,0.0,0.0
2023-09-08 13:30:00-04:00,5.619999885559082,5.630000114440918,5.579999923706055,5.610000133514404,6229,0.0,0.0
2023-09-08 14:30:00-04:00,5.635000228881836,5.659999847412109,5.610000133514404,5.610000133514404,5645,0.0,0.0
2023-09-08 15:30:00-04:00,5.599999904632568,5.639200210571289,5.599999904632568,5.630000114440918,17990,0.0,0.0
2023-09-11 09:30:00-04:00,5.760000228881836,5.78000020980835,5.579999923706055,5.699999809265137,52397,0.0,0.0
2023-09-11 10:30:00-04:00,5.690000057220459,5.699999809265137,5.550000190734863,5.579999923706055,7904,0.0,0.0
2023-09-11 11:30:00-04:00,5.559999942779541,5.559999942779541,5.519999980926514,5.519999980926514,9201,0.0,0.0
2023-09-11 12:30:00-04:00,5.519999980926514,5.610000133514404,5.46999979019165,5.610000133514404,19789,0.0,0.0
2023-09-11 13:30:00-04:00,5.630000114440918,5.668300151824951,5.605000019073486,5.605000019073486,4801,0.0,0.0
2023-09-11 14:30:00-04:00,5.610000133514404,5.617599964141846,5.610000133514404,5.610000133514404,4418,0.0,0.0
2023-09-11 15:30:00-04:00,5.630000114440918,5.639999866485596,5.610000133514404,5.639999866485596,8393,0.0,0.0
2023-09-12 09:30:00-04:00,5.75,5.75,5.630000114440918,5.699999809265137,11541,0.0,0.0
2023-09-12 10:30:00-04:00,5.699999809265137,5.71999979019165,5.670000076293945,5.679999828338623,7266,0.0,0.0
2023-09-12 11:30:00-04:00,5.679999828338623,5.679999828338623,5.659999847412109,5.670000076293945,3847,0.0,0.0
2023-09-12 12:30:00-04:00,5.659999847412109,5.659999847412109,5.61899995803833,5.619999885559082,4338,0.0,0.0
2023-09-12 13:30:00-04:00,5.610000133514404,5.619999885559082,5.579999923706055,5.579999923706055,7832,0.0,0.0
2023-09-12 14:30:00-04:00,5.579999923706055,5.610000133514404,5.579999923706055,5.59499979019165,3517,0.0,0.0
2023-09-12 15:30:00-04:00,5.590000152587891,5.630000114440918,5.590000152587891,5.619999885559082,9925,0.0,0.0
2023-09-13 09:30:00-04:00,5.618299961090088,5.618299961090088,5.550000190734863,5.590000152587891,5491,0.0,0.0
2023-09-13 10:30:00-04:00,5.590000152587891,5.599999904632568,5.559999942779541,5.559999942779541,8983,0.0,0.0
2023-09-13 11:30:00-04:00,5.570000171661377,5.585000038146973,5.559999942779541,5.579999923706055,6670,0.0,0.0
2023-09-13 12:30:00-04:00,5.588500022888184,5.60830020904541,5.579999923706055,5.599999904632568,3718,0.0,0.0
2023-09-13 13:30:00-04:00,5.590000152587891,5.599999904632568,5.550000190734863,5.550000190734863,3192,0.0,0.0
2023-09-13 14:30:00-04:00,5.525000095367432,5.539999961853027,5.460000038146973,5.46999979019165,20937,0.0,0.0
2023-09-13 15:30:00-04:00,5.46999979019165,5.519999980926514,5.46999979019165,5.519999980926514,11816,0.0,0.0
2023-09-14 09:30:00-04:00,5.650000095367432,5.949999809265137,5.650000095367432,5.920000076293945,41884,0.0,0.0
2023-09-14 10:30:00-04:00,5.929999828338623,6.050000190734863,5.929999828338623,5.96999979019165,25925,0.0,0.0
2023-09-14 11:30:00-04:00,5.96999979019165,5.96999979019165,5.960000038146973,5.960000038146973,12636,0.0,0.0
2023-09-14 12:30:00-04:00,5.965000152587891,5.965000152587891,5.920000076293945,5.940000057220459,4042,0.0,0.0
2023-09-14 13:30:00-04:00,5.9319000244140625,5.940000057220459,5.869999885559082,5.909999847412109,8858,0.0,0.0
2023-09-14 14:30:00-04:00,5.920000076293945,5.949999809265137,5.869999885559082,5.90500020980835,35195,0.0,0.0
2023-09-14 15:30:00-04:00,5.880000114440918,5.929900169372559,5.880000114440918,5.909999847412109,40242,0.0,0.0
2023-09-15 09:30:00-04:00,5.929999828338623,6.1402997970581055,5.900000095367432,5.947500228881836,37265,0.0,0.0
2023-09-15 10:30:00-04:00,5.940000057220459,5.960000038146973,5.920000076293945,5.920000076293945,9719,0.0,0.0
2023-09-15 11:30:00-04:00,5.920000076293945,5.920000076293945,5.869999885559082,5.869999885559082,14255,0.0,0.0
2023-09-15 12:30:00-04:00,5.849999904632568,5.849999904632568,5.824999809265137,5.829999923706055,5942,0.0,0.0
2023-09-15 13:30:00-04:00,5.829999923706055,5.869999885559082,5.829999923706055,5.869999885559082,6149,0.0,0.0
2023-09-15 14:30:00-04:00,5.869999885559082,5.879899978637695,5.860000133514404,5.860000133514404,3266,0.0,0.0
2023-09-15 15:30:00-04:00,5.869999885559082,5.880000114440918,5.849999904632568,5.869999885559082,21069,0.0,0.0
2023-09-18 09:30:00-04:00,5.880000114440918,5.880000114440918,5.769999980926514,5.769999980926514,7580,0.0,0.0
2023-09-18 10:30:00-04:00,5.760000228881836,5.760000228881836,5.739999771118164,5.75,1955,0.0,0.0
2023-09-18 11:30:00-04:00,5.75,5.760000228881836,5.724999904632568,5.724999904632568,2339,0.0,0.0
2023-09-18 12:30:00-04:00,5.699999809265137,5.769999980926514,5.690000057220459,5.75,9752,0.0,0.0
2023-09-18 13:30:00-04:00,5.760000228881836,5.760000228881836,5.710000038146973,5.710000038146973,2617,0.0,0.0
2023-09-18 14:30:00-04:00,5.699999809265137,5.755000114440918,5.679999828338623,5.739999771118164,19286,0.0,0.0
2023-09-18 15:30:00-04:00,5.730000019073486,5.75,5.710000038146973,5.739999771118164,13088,0.0,0.0
2023-09-19 09:30:00-04:00,5.75,6.03000020980835,5.699999809265137,5.699999809265137,8173,0.0,0.0
2023-09-19 10:30:00-04:00,5.699999809265137,5.699999809265137,5.659999847412109,5.663300037384033,2132,0.0,0.0
2023-09-19 11:30:00-04:00,5.659999847412109,5.659999847412109,5.610000133514404,5.610000133514404,11309,0.0,0.0
2023-09-19 12:30:00-04:00,5.639999866485596,5.71999979019165,5.599999904632568,5.699999809265137,13530,0.0,0.0
2023-09-19 13:30:00-04:00,5.690000057220459,5.769999980926514,5.690000057220459,5.769999980926514,2287,0.0,0.0
2023-09-19 14:30:00-04:00,5.760000228881836,5.760000228881836,5.679999828338623,5.704999923706055,8141,0.0,0.0
2023-09-19 15:30:00-04:00,5.724999904632568,5.760000228881836,5.71999979019165,5.71999979019165,7179,0.0,0.0
2023-09-20 09:30:00-04:00,5.739999771118164,5.800000190734863,5.730000019073486,5.730000019073486,4224,0.0,0.0
2023-09-20 10:30:00-04:00,5.724999904632568,5.735000133514404,5.696400165557861,5.696400165557861,8758,0.0,0.0
2023-09-20 11:30:00-04:00,5.690000057220459,5.704999923706055,5.679999828338623,5.699999809265137,4053,0.0,0.0
2023-09-20 12:30:00-04:00,5.691999912261963,5.691999912261963,5.639999866485596,5.639999866485596,2966,0.0,0.0
2023-09-20 13:30:00-04:00,5.650000095367432,5.659999847412109,5.409999847412109,5.425000190734863,60167,0.0,0.0
2023-09-20 14:30:00-04:00,5.449999809265137,5.46999979019165,5.400000095367432,5.434999942779541,27292,0.0,0.0
2023-09-20 15:30:00-04:00,5.420000076293945,5.444200038909912,5.389999866485596,5.389999866485596,1830557,0.0,0.0
2023-09-21 09:30:00-04:00,5.329999923706055,5.429999828338623,5.300000190734863,5.4197001457214355,12122,0.0,0.0
2023-09-21 10:30:00-04:00,5.40500020980835,5.46999979019165,5.394999980926514,5.46999979019165,41288,0.0,0.0
2023-09-21 11:30:00-04:00,5.440000057220459,5.46999979019165,5.400000095367432,5.400000095367432,24173,0.0,0.0
2023-09-21 12:30:00-04:00,5.400000095367432,5.420000076293945,5.360000133514404,5.409999847412109,37680,0.0,0.0
2023-09-21 13:30:00-04:00,5.409999847412109,5.434999942779541,5.389999866485596,5.389999866485596,18738,0.0,0.0
2023-09-21 14:30:00-04:00,5.400000095367432,5.400000095367432,5.340000152587891,5.349999904632568,29080,0.0,0.0
2023-09-21 15:30:00-04:00,5.349999904632568,5.349999904632568,5.239999771118164,5.239999771118164,76476,0.0,0.0
2023-09-22 09:30:00-04:00,5.25,5.375,5.25,5.300000190734863,2169,0.0,0.0
2023-09-22 10:30:00-04:00,5.300000190734863,5.349999904632568,5.300000190734863,5.300000190734863,8090,0.0,0.0
2023-09-22 11:30:00-04:00,5.308899879455566,5.340000152587891,5.269999980926514,5.304999828338623,12937,0.0,0.0
2023-09-22 12:30:00-04:00,5.309999942779541,5.320000171661377,5.150000095367432,5.150000095367432,41412,0.0,0.0
2023-09-22 13:30:00-04:00,5.208899974822998,5.210000038146973,5.170000076293945,5.190000057220459,11167,0.0,0.0
2023-09-22 14:30:00-04:00,5.199999809265137,5.28000020980835,5.059999942779541,5.269999980926514,330509,0.0,0.0
2023-09-22 15:30:00-04:00,5.269999980926514,5.389999866485596,5.255000114440918,5.360000133514404,33665,0.0,0.0
2023-09-25 09:30:00-04:00,5.349999904632568,5.380000114440918,5.340000152587891,5.340000152587891,3868,0.0,0.0
2023-09-25 10:30:00-04:00,5.329999923706055,5.355000019073486,5.300000190734863,5.349999904632568,6707,0.0,0.0
2023-09-25 11:30:00-04:00,5.360000133514404,5.360000133514404,5.329999923706055,5.349999904632568,16173,0.0,0.0
2023-09-25 12:30:00-04:00,5.349999904632568,5.349999904632568,5.309999942779541,5.309999942779541,5604,0.0,0.0
2023-09-25 13:30:00-04:00,5.309999942779541,5.320000171661377,5.269999980926514,5.300000190734863,3069,0.0,0.0
2023-09-25 14:30:00-04:00,5.284999847412109,5.295100212097168,5.25,5.269999980926514,7693,0.0,0.0
2023-09-25 15:30:00-04:00,5.279399871826172,5.349999904632568,5.269999980926514,5.340000152587891,15398,0.0,0.0
2023-09-26 09:30:00-04:00,5.289999961853027,5.309999942779541,5.21999979019165,5.21999979019165,2331,0.0,0.0
2023-09-26 10:30:00-04:00,5.210000038146973,5.28000020980835,5.210000038146973,5.28000020980835,8414,0.0,0.0
2023-09-26 11:30:00-04:00,5.2600998878479,5.264999866485596,5.199999809265137,5.218699932098389,8424,0.0,0.0
2023-09-26 12:30:00-04:00,5.230000019073486,5.28000020980835,5.170000076293945,5.230000019073486,13554,0.0,0.0
2023-09-26 13:30:00-04:00,5.230000019073486,5.25,5.170000076293945,5.170000076293945,13587,0.0,0.0
2023-09-26 14:30:00-04:00,5.187900066375732,5.190000057220459,5.159999847412109,5.190000057220459,5677,0.0,0.0
2023-09-26 15:30:00-04:00,5.199999809265137,5.199999809265137,5.119999885559082,5.119999885559082,17656,0.0,0.0
2023-09-27 09:30:00-04:00,5.170000076293945,5.190000057220459,5.158100128173828,5.190000057220459,5312,0.0,0.0
2023-09-27 10:30:00-04:00,5.170000076293945,5.215000152587891,5.130000114440918,5.215000152587891,9591,0.0,0.0
2023-09-27 11:30:00-04:00,5.215000152587891,5.21999979019165,5.130000114440918,5.130000114440918,8031,0.0,0.0
2023-09-27 12:30:00-04:00,5.130000114440918,5.170000076293945,5.079999923706055,5.079999923706055,10935,0.0,0.0
2023-09-27 13:30:00-04:00,5.079999923706055,5.110000133514404,5.079999923706055,5.099999904632568,6234,0.0,0.0
2023-09-27 14:30:00-04:00,5.099999904632568,5.159999847412109,5.099999904632568,5.130000114440918,5287,0.0,0.0
2023-09-27 15:30:00-04:00,5.139999866485596,5.14900016784668,5.119999885559082,5.139999866485596,13845,0.0,0.0
2023-09-28 09:30:00-04:00,5.119999885559082,5.199999809265137,5.119999885559082,5.119999885559082,3279,0.0,0.0
2023-09-28 10:30:00-04:00,5.130000114440918,5.130000114440918,5.090000152587891,5.119999885559082,5561,0.0,0.0
2023-09-28 11:30:00-04:00,5.1468000411987305,5.21999979019165,5.110000133514404,5.179999828338623,7882,0.0,0.0
2023-09-28 12:30:00-04:00,5.184999942779541,5.184999942779541,5.139999866485596,5.139999866485596,3913,0.0,0.0
2023-09-28 13:30:00-04:00,5.138999938964844,5.150000095367432,5.119999885559082,5.139999866485596,6139,0.0,0.0
2023-09-28 14:30:00-04:00,5.130000114440918,5.179999828338623,5.110000133514404,5.179999828338623,13649,0.0,0.0
2023-09-28 15:30:00-04:00,5.170000076293945,5.179999828338623,5.150000095367432,5.160999774932861,15941,0.0,0.0
2023-09-29 09:30:00-04:00,5.190000057220459,5.195700168609619,5.139999866485596,5.139999866485596,5804,0.0,0.0
2023-09-29 10:30:00-04:00,5.130000114440918,5.190000057220459,5.099999904632568,5.099999904632568,20316,0.0,0.0
2023-09-29 11:30:00-04:00,5.099999904632568,5.170000076293945,5.070199966430664,5.159999847412109,10064,0.0,0.0
2023-09-29 12:30:00-04:00,5.159999847412109,5.159999847412109,5.099999904632568,5.099999904632568,5378,0.0,0.0
2023-09-29 13:30:00-04:00,5.110000133514404,5.150000095367432,5.09499979019165,5.130000114440918,9406,0.0,0.0
2023-09-29 14:30:00-04:00,5.114999771118164,5.130000114440918,5.105000019073486,5.119999885559082,7356,0.0,0.0
2023-09-29 15:30:00-04:00,5.125,5.159999847412109,5.09499979019165,5.119999885559082,19548,0.0,0.0
2023-10-02 09:30:00-04:00,5.110000133514404,5.170000076293945,5.0,5.0,9535,0.0,0.0
2023-10-02 10:30:00-04:00,5.0,5.079999923706055,5.0,5.059999942779541,20502,0.0,0.0
2023-10-02 11:30:00-04:00,5.03000020980835,5.059999942779541,5.03000020980835,5.059999942779541,6664,0.0,0.0
2023-10-02 12:30:00-04:00,5.039999961853027,5.070000171661377,5.039999961853027,5.070000171661377,4191,0.0,0.0
2023-10-02 13:30:00-04:00,5.070000171661377,5.110000133514404,5.059999942779541,5.065000057220459,4102,0.0,0.0
2023-10-02 14:30:00-04:00,5.059999942779541,5.079999923706055,5.059999942779541,5.059999942779541,7196,0.0,0.0
2023-10-02 15:30:00-04:00,5.059999942779541,5.159999847412109,5.059999942779541,5.150000095367432,18583,0.0,0.0
2023-10-03 09:30:00-04:00,5.099999904632568,5.191999912261963,5.019999980926514,5.050000190734863,3025,0.0,0.0
2023-10-03 10:30:00-04:00,5.0640997886657715,5.090000152587891,5.042300224304199,5.090000152587891,3131,0.0,0.0
2023-10-03 11:30:00-04:00,5.105000019073486,5.139999866485596,5.050000190734863,5.059999942779541,5330,0.0,0.0
2023-10-03 12:30:00-04:00,5.079999923706055,5.099999904632568,5.059999942779541,5.059999942779541,7343,0.0,0.0
2023-10-03 13:30:00-04:00,5.050000190734863,5.050000190734863,4.920000076293945,4.989999771118164,29550,0.0,0.0
2023-10-03 14:30:00-04:00,5.0,5.090000152587891,4.994999885559082,5.090000152587891,11659,0.0,0.0
2023-10-03 15:30:00-04:00,5.099999904632568,5.110000133514404,5.059999942779541,5.090000152587891,30770,0.0,0.0
2023-10-04 09:30:00-04:00,5.03000020980835,5.090000152587891,4.980000019073486,4.989999771118164,17345,0.0,0.0
2023-10-04 10:30:00-04:00,5.0,5.039999961853027,4.960000038146973,5.010000228881836,16131,0.0,0.0
2023-10-04 11:30:00-04:00,5.019999980926514,5.065000057220459,5.0,5.065000057220459,10096,0.0,0.0
2023-10-04 12:30:00-04:00,5.070000171661377,5.090000152587891,5.039999961853027,5.050000190734863,8204,0.0,0.0
2023-10-04 13:30:00-04:00,5.050000190734863,5.065000057220459,5.039999961853027,5.050000190734863,7324,0.0,0.0
2023-10-04 14:30:00-04:00,5.059999942779541,5.079999923706055,5.045000076293945,5.073299884796143,10251,0.0,0.0
2023-10-04 15:30:00-04:00,5.090000152587891,5.099999904632568,5.050000190734863,5.059999942779541,19689,0.0,0.0
2023-10-05 09:30:00-04:00,5.039999961853027,5.099999904632568,4.96999979019165,5.019999980926514,86061,0.0,0.0
2023-10-05 10:30:00-04:00,5.045000076293945,5.050000190734863,4.960000038146973,4.980000019073486,8746,0.0,0.0
2023-10-05 11:30:00-04:00,4.96999979019165,4.980000019073486,4.921000003814697,4.940000057220459,17586,0.0,0.0
2023-10-05 12:30:00-04:00,4.949999809265137,4.96999979019165,4.929999828338623,4.929999828338623,8376,0.0,0.0
2023-10-05 13:30:00-04:00,4.920000076293945,5.0,4.920000076293945,4.980000019073486,3944,0.0,0.0
2023-10-05 14:30:00-04:00,4.989999771118164,4.994999885559082,4.980000019073486,4.985000133514404,3655,0.0,0.0
2023-10-05 15:30:00-04:00,4.980000019073486,5.0,4.96999979019165,4.989999771118164,16356,0.0,0.0
2023-10-06 09:30:00-04:00,4.940000057220459,4.940000057220459,4.869999885559082,4.869999885559082,2015,0.0,0.0
2023-10-06 10:30:00-04:00,4.849999904632568,4.880000114440918,4.829999923706055,4.864999771118164,0,0.0,0.0
2023-10-06 11:30:00-04:00,4.850100040435791,5.014999866485596,4.840000152587891,4.9670000076293945,18121,0.0,0.0
2023-10-06 12:30:00-04:00,4.960000038146973,4.960000038146973,4.909999847412109,4.936200141906738,6508,0.0,0.0
2023-10-06 13:30:00-04:00,4.940000057220459,4.96999979019165,4.929999828338623,4.96999979019165,8378,0.0,0.0
2023-10-06 14:30:00-04:00,5.0,5.0,4.980000019073486,4.980000019073486,3041,0.0,0.0
2023-10-06 15:30:00-04:00,4.980000019073486,4.980000019073486,4.909999847412109,4.920000076293945,10582,0.0,0.0
2023-10-09 09:30:00-04:00,4.860000133514404,4.889999866485596,4.840000152587891,4.849999904632568,5408,0.0,0.0
2023-10-09 10:30:00-04:00,4.829999923706055,4.864999771118164,4.809999942779541,4.855000019073486,4542,0.0,0.0
2023-10-09 11:30:00-04:00,4.860000133514404,4.909999847412109,4.860000133514404,4.900000095367432,5125,0.0,0.0
2023-10-09 12:30:00-04:00,4.900000095367432,4.914999961853027,4.889999866485596,4.914999961853027,5395,0.0,0.0
2023-10-09 13:30:00-04:00,4.90500020980835,4.980000019073486,4.900000095367432,4.965000152587891,11239,0.0,0.0
2023-10-09 14:30:00-04:00,4.96999979019165,4.96999979019165,4.949999809265137,4.960000038146973,5921,0.0,0.0
2023-10-09 15:30:00-04:00,4.954999923706055,4.96999979019165,4.940000057220459,4.960000038146973,9151,0.0,0.0
2023-10-10 09:30:00-04:00,4.960000038146973,5.190000057220459,4.960000038146973,5.190000057220459,5638,0.0,0.0
2023-10-10 10:30:00-04:00,5.190000057220459,5.340000152587891,5.159999847412109,5.339000225067139,17887,0.0,0.0
2023-10-10 11:30:00-04:00,5.328000068664551,5.400000095367432,5.284999847412109,5.389999866485596,17270,0.0,0.0
2023-10-10 12:30:00-04:00,5.400000095367432,5.409999847412109,5.321899890899658,5.329999923706055,12228,0.0,0.0
2023-10-10 13:30:00-04:00,5.335000038146973,5.394999980926514,5.335000038146973,5.340000152587891,6143,0.0,0.0
2023-10-10 14:30:00-04:00,5.340000152587891,5.389999866485596,5.340000152587891,5.349999904632568,5982,0.0,0.0
2023-10-10 15:30:00-04:00,5.360000133514404,5.375,5.329999923706055,5.360000133514404,17458,0.0,0.0
2023-10-11 09:30:00-04:00,5.329999923706055,5.389900207519531,5.309999942779541,5.360000133514404,3861,0.0,0.0
2023-10-11 10:30:00-04:00,5.309999942779541,5.389999866485596,5.269999980926514,5.329999923706055,7060,0.0,0.0
2023-10-11 11:30:00-04:00,5.360000133514404,5.360000133514404,5.269999980926514,5.269999980926514,1534,0.0,0.0
2023-10-11 12:30:00-04:00,5.242599964141846,5.25,5.235000133514404,5.235000133514404,1178,0.0,0.0
2023-10-11 13:30:00-04:00,5.230000019073486,5.269999980926514,5.199999809265137,5.215000152587891,9246,0.0,0.0
2023-10-11 14:30:00-04:00,5.199999809265137,5.21999979019165,5.179999828338623,5.179999828338623,4688,0.0,0.0
2023-10-11 15:30:00-04:00,5.170000076293945,5.21999979019165,5.170000076293945,5.21999979019165,9345,0.0,0.0
2023-10-12 09:30:00-04:00,5.190000057220459,5.190000057220459,5.020100116729736,5.110000133514404,3159,0.0,0.0
2023-10-12 10:30:00-04:00,5.074999809265137,5.074999809265137,4.96999979019165,4.985000133514404,7151,0.0,0.0
2023-10-12 11:30:00-04:00,4.96999979019165,5.054999828338623,4.96999979019165,5.054999828338623,3128,0.0,0.0
2023-10-12 12:30:00-04:00,5.050000190734863,5.050000190734863,4.980000019073486,4.989999771118164,1745,0.0,0.0
2023-10-12 13:30:00-04:00,4.995299816131592,4.995299816131592,4.940000057220459,4.980000019073486,7078,0.0,0.0
2023-10-12 14:30:00-04:00,4.980000019073486,4.980000019073486,4.940000057220459,4.940000057220459,2906,0.0,0.0
2023-10-12 15:30:00-04:00,4.929999828338623,4.940000057220459,4.900000095367432,4.909999847412109,11790,0.0,0.0
2023-10-13 09:30:00-04:00,4.909999847412109,4.909999847412109,4.730000019073486,4.747200012207031,12720,0.0,0.0
2023-10-13 10:30:00-04:00,4.755000114440918,4.820000171661377,4.730000019073486,4.795000076293945,18983,0.0,0.0
2023-10-13 11:30:00-04:00,4.800000190734863,4.820000171661377,4.78000020980835,4.820000171661377,9585,0.0,0.0
2023-10-13 12:30:00-04:00,4.824999809265137,4.824999809265137,4.78000020980835,4.789999961853027,5423,0.0,0.0
2023-10-13 13:30:00-04:00,4.798999786376953,4.847799777984619,4.78000020980835,4.824999809265137,7000,0.0,0.0
2023-10-13 14:30:00-04:00,4.824999809265137,4.849899768829346,4.804999828338623,4.809999942779541,7012,0.0,0.0
2023-10-13 15:30:00-04:00,4.810999870300293,4.810999870300293,4.769999980926514,4.769999980926514,15266,0.0,0.0
2023-10-16 09:30:00-04:00,4.800000190734863,4.900000095367432,4.800000190734863,4.860000133514404,6445,0.0,0.0
2023-10-16 10:30:00-04:00,4.864999771118164,4.920000076293945,4.860000133514404,4.889999866485596,8029,0.0,0.0
2023-10-16 11:30:00-04:00,4.880000114440918,4.960000038146973,4.880000114440918,4.940000057220459,34581,0.0,0.0
2023-10-16 12:30:00-04:00,4.949999809265137,4.989999771118164,4.940000057220459,4.96999979019165,8408,0.0,0.0
2023-10-16 13:30:00-04:00,4.96999979019165,4.989999771118164,4.940000057220459,4.96999979019165,6668,0.0,0.0
2023-10-16 14:30:00-04:00,4.965000152587891,4.96999979019165,4.940000057220459,4.965000152587891,7481,0.0,0.0
2023-10-16 15:30:00-04:00,4.960700035095215,4.96999979019165,4.940000057220459,4.949999809265137,13173,0.0,0.0
2023-10-17 09:30:00-04:00,4.889999866485596,5.130000114440918,4.855000019073486,5.110000133514404,8351,0.0,0.0
2023-10-17 10:30:00-04:00,5.119999885559082,5.260000228881836,5.119999885559082,5.260000228881836,11908,0.0,0.0
2023-10-17 11:30:00-04:00,5.260000228881836,5.329999923706055,5.2519001960754395,5.320000171661377,12285,0.0,0.0
2023-10-17 12:30:00-04:00,5.329999923706055,5.349999904632568,5.25,5.349999904632568,9485,0.0,0.0
2023-10-17 13:30:00-04:00,5.340000152587891,5.485000133514404,5.239999771118164,5.414999961853027,107213,0.0,0.0
2023-10-17 14:30:00-04:00,5.40500020980835,5.40500020980835,5.320000171661377,5.380000114440918,17583,0.0,0.0
2023-10-17 15:30:00-04:00,5.380000114440918,5.40500020980835,5.360000133514404,5.360000133514404,29074,0.0,0.0
2023-10-18 09:30:00-04:00,5.300000190734863,5.300099849700928,5.21999979019165,5.25,5149,0.0,0.0
2023-10-18 10:30:00-04:00,5.239999771118164,5.320000171661377,5.21999979019165,5.320000171661377,17210,0.0,0.0
2023-10-18 11:30:00-04:00,5.329999923706055,5.329999923706055,5.150000095367432,5.215000152587891,90990,0.0,0.0
2023-10-18 12:30:00-04:00,5.215000152587891,5.28000020980835,5.199999809265137,5.260000228881836,15468,0.0,0.0
2023-10-18 13:30:00-04:00,5.25,5.260000228881836,4.989999771118164,4.989999771118164,31153,0.0,0.0
2023-10-18 14:30:00-04:00,4.989999771118164,5.070000171661377,4.849999904632568,4.875,48691,0.0,0.0
2023-10-18 15:30:00-04:00,4.860000133514404,4.900000095367432,4.850100040435791,4.860000133514404,38775,0.0,0.0
2023-10-19 09:30:00-04:00,4.829999923706055,4.860000133514404,4.659999847412109,4.679999828338623,22810,0.0,0.0
2023-10-19 10:30:00-04:00,4.679999828338623,4.71999979019165,4.650000095367432,4.65500020980835,29666,0.0,0.0
2023-10-19 11:30:00-04:00,4.65500020980835,4.760000228881836,4.650000095367432,4.690000057220459,23145,0.0,0.0
2023-10-19 12:30:00-04:00,4.679999828338623,4.78000020980835,4.679999828338623,4.755000114440918,14879,0.0,0.0
2023-10-19 13:30:00-04:00,4.755000114440918,4.760000228881836,4.670000076293945,4.679999828338623,28420,0.0,0.0
2023-10-19 14:30:00-04:00,4.690000057220459,4.690000057220459,4.585000038146973,4.585000038146973,18995,0.0,0.0
2023-10-19 15:30:00-04:00,4.590000152587891,4.630000114440918,4.585000038146973,4.610000133514404,33606,0.0,0.0
2023-10-20 09:30:00-04:00,4.630000114440918,4.630000114440918,4.510000228881836,4.510000228881836,16618,0.0,0.0
2023-10-20 10:30:00-04:00,4.5,4.579999923706055,4.480000019073486,4.5,15882,0.0,0.0
2023-10-20 11:30:00-04:00,4.5,4.519999980926514,4.46999979019165,4.489999771118164,7011,0.0,0.0
2023-10-20 12:30:00-04:00,4.489999771118164,4.510000228881836,4.46999979019165,4.480000019073486,12427,0.0,0.0
2023-10-20 13:30:00-04:00,4.46999979019165,4.481400012969971,4.389999866485596,4.400000095367432,13638,0.0,0.0
2023-10-20 14:30:00-04:00,4.409999847412109,4.411600112915039,4.360000133514404,4.369999885559082,10223,0.0,0.0
2023-10-20 15:30:00-04:00,4.369999885559082,4.400000095367432,4.369999885559082,4.375,21975,0.0,0.0
2023-10-23 09:30:00-04:00,4.340000152587891,4.400000095367432,4.239999771118164,4.380000114440918,20122,0.0,0.0
2023-10-23 10:30:00-04:00,4.389999866485596,4.489999771118164,4.350100040435791,4.464200019836426,22881,0.0,0.0
2023-10-23 11:30:00-04:00,4.46999979019165,4.489999771118164,4.429999828338623,4.46999979019165,8541,0.0,0.0
2023-10-23 12:30:00-04:00,4.480000019073486,4.550000190734863,4.465000152587891,4.489999771118164,11065,0.0,0.0
2023-10-23 13:30:00-04:00,4.480100154876709,4.514999866485596,4.429999828338623,4.440000057220459,12600,0.0,0.0
2023-10-23 14:30:00-04:00,4.449999809265137,4.460000038146973,4.409999847412109,4.420000076293945,10556,0.0,0.0
2023-10-23 15:30:00-04:00,4.409999847412109,4.480000019073486,4.409999847412109,4.480000019073486,15845,0.0,0.0
2023-10-24 09:30:00-04:00,4.539999961853027,4.670000076293945,4.539999961853027,4.659999847412109,9095,0.0,0.0
2023-10-24 10:30:00-04:00,4.679999828338623,4.679999828338623,4.559999942779541,4.610000133514404,6786,0.0,0.0
2023-10-24 11:30:00-04:00,4.639900207519531,4.639900207519531,4.551499843597412,4.551499843597412,2529,0.0,0.0
2023-10-24 12:30:00-04:00,4.559999942779541,4.610000133514404,4.554999828338623,4.610000133514404,8083,0.0,0.0
2023-10-24 13:30:00-04:00,4.610000133514404,4.610000133514404,4.565000057220459,4.574999809265137,3480,0.0,0.0
2023-10-24 14:30:00-04:00,4.574999809265137,4.574999809265137,4.539999961853027,4.539999961853027,2675,0.0,0.0
2023-10-24 15:30:00-04:00,4.550000190734863,4.599999904632568,4.550000190734863,4.570000171661377,32516,0.0,0.0
2023-10-25 09:30:00-04:00,4.5,4.539999961853027,4.440000057220459,4.454999923706055,6066,0.0,0.0
2023-10-25 10:30:00-04:00,4.452000141143799,4.460000038146973,4.381999969482422,4.440000057220459,7317,0.0,0.0
2023-10-25 11:30:00-04:00,4.409999847412109,4.445000171661377,4.400000095367432,4.445000171661377,6536,0.0,0.0
2023-10-25 12:30:00-04:00,4.449999809265137,4.449999809265137,4.420000076293945,4.429999828338623,3107,0.0,0.0
2023-10-25 13:30:00-04:00,4.429999828338623,4.454999923706055,4.425000190734863,4.440000057220459,4985,0.0,0.0
2023-10-25 14:30:00-04:00,4.440000057220459,4.460000038146973,4.429999828338623,4.449999809265137,5490,0.0,0.0
2023-10-25 15:30:00-04:00,4.449999809265137,4.454999923706055,4.385000228881836,4.409999847412109,31458,0.0,0.0
2023-10-26 09:30:00-04:00,4.440000057220459,4.463699817657471,4.320000171661377,4.364999771118164,6225,0.0,0.0
2023-10-26 10:30:00-04:00,4.349999904632568,4.409999847412109,4.335000038146973,4.340000152587891,6372,0.0,0.0
2023-10-26 11:30:00-04:00,4.364999771118164,4.369999885559082,4.28000020980835,4.28000020980835,14084,0.0,0.0
2023-10-26 12:30:00-04:00,4.28000020980835,4.300000190734863,4.260000228881836,4.260000228881836,18868,0.0,0.0
2023-10-26 13:30:00-04:00,4.260000228881836,4.320000171661377,4.260000228881836,4.320000171661377,4293,0.0,0.0
2023-10-26 14:30:00-04:00,4.329999923706055,4.380000114440918,4.300000190734863,4.320000171661377,10995,0.0,0.0
2023-10-26 15:30:00-04:00,4.320000171661377,4.349999904632568,4.300000190734863,4.340000152587891,10717,0.0,0.0
2023-10-27 09:30:00-04:00,4.320000171661377,4.329999923706055,4.273499965667725,4.28000020980835,5510,0.0,0.0
2023-10-27 10:30:00-04:00,4.28000020980835,4.338399887084961,4.2631001472473145,4.324999809265137,10511,0.0,0.0
2023-10-27 11:30:00-04:00,4.315000057220459,4.315000057220459,4.275000095367432,4.28000020980835,3048,0.0,0.0
2023-10-27 12:30:00-04:00,4.28000020980835,4.284999847412109,4.264999866485596,4.269999980926514,2693,0.0,0.0
2023-10-27 13:30:00-04:00,4.289999961853027,4.289999961853027,4.260000228881836,4.260000228881836,1899,0.0,0.0
2023-10-27 14:30:00-04:00,4.260000228881836,4.295000076293945,4.260000228881836,4.289999961853027,6434,0.0,0.0
2023-10-27 15:30:00-04:00,4.300000190734863,4.329999923706055,4.269999980926514,4.320000171661377,20584,0.0,0.0
2023-10-30 09:30:00-04:00,4.360000133514404,4.735000133514404,4.300000190734863,4.300000190734863,8376,0.0,0.0
2023-10-30 10:30:00-04:00,4.269999980926514,4.320000171661377,4.269999980926514,4.315000057220459,4055,0.0,0.0
2023-10-30 11:30:00-04:00,4.309999942779541,4.400000095367432,4.309999942779541,4.380000114440918,5316,0.0,0.0
2023-10-30 12:30:00-04:00,4.389999866485596,4.409999847412109,4.309999942779541,4.394999980926514,8076,0.0,0.0
2023-10-30 13:30:00-04:00,4.389999866485596,4.485000133514404,4.389999866485596,4.440000057220459,12772,0.0,0.0
2023-10-30 14:30:00-04:00,4.429999828338623,4.480000019073486,4.420000076293945,4.460000038146973,8426,0.0,0.0
2023-10-30 15:30:00-04:00,4.447700023651123,4.460000038146973,4.409999847412109,4.460000038146973,8394,0.0,0.0
2023-10-31 09:30:00-04:00,4.440000057220459,4.440000057220459,4.360000133514404,4.360000133514404,4486,0.0,0.0
2023-10-31 10:30:00-04:00,4.369999885559082,4.414999961853027,4.340000152587891,4.360000133514404,9871,0.0,0.0
2023-10-31 11:30:00-04:00,4.355000019073486,4.360000133514404,4.309999942779541,4.349999904632568,7545,0.0,0.0
2023-10-31 12:30:00-04:00,4.349999904632568,4.389999866485596,4.340000152587891,4.389999866485596,9533,0.0,0.0
2023-10-31 13:30:00-04:00,4.380000114440918,4.389999866485596,4.3592000007629395,4.3592000007629395,4292,0.0,0.0
2023-10-31 14:30:00-04:00,4.329999923706055,4.355000019073486,4.329999923706055,4.340000152587891,4737,0.0,0.0
2023-10-31 15:30:00-04:00,4.329999923706055,4.400000095367432,4.309999942779541,4.380000114440918,27511,0.0,0.0
2023-11-01 09:30:00-04:00,4.34499979019165,4.34499979019165,4.260000228881836,4.320000171661377,5106,0.0,0.0
2023-11-01 10:30:00-04:00,4.329999923706055,4.349999904632568,4.320000171661377,4.335000038146973,2193,0.0,0.0
2023-11-01 11:30:00-04:00,4.34499979019165,4.360000133514404,4.329999923706055,4.360000133514404,4327,0.0,0.0
2023-11-01 12:30:00-04:00,4.340000152587891,4.340000152587891,4.300000190734863,4.304999828338623,2849,0.0,0.0
2023-11-01 13:30:00-04:00,4.313899993896484,4.340000152587891,4.289999961853027,4.300000190734863,4510,0.0,0.0
2023-11-01 14:30:00-04:00,4.304999828338623,4.360000133514404,4.289999961853027,4.340000152587891,6192,0.0,0.0
2023-11-01 15:30:00-04:00,4.340000152587891,4.360000133514404,4.324999809265137,4.340000152587891,5484,0.0,0.0
2023-11-02 09:30:00-04:00,4.429999828338623,4.440000057220459,4.380000114440918,4.380000114440918,3722,0.0,0.0
2023-11-02 10:30:00-04:00,4.400000095367432,4.426799774169922,4.400000095367432,4.426799774169922,2200,0.0,0.0
2023-11-02 11:30:00-04:00,4.414999961853027,4.414999961853027,4.349999904632568,4.375,4547,0.0,0.0
2023-11-02 12:30:00-04:00,4.389999866485596,4.400000095367432,4.389999866485596,4.394999980926514,2097,0.0,0.0
2023-11-02 13:30:00-04:00,4.409999847412109,4.449999809265137,4.400000095367432,4.409999847412109,9103,0.0,0.0
2023-11-02 14:30:00-04:00,4.414999961853027,4.46999979019165,4.414999961853027,4.46999979019165,3190,0.0,0.0
2023-11-02 15:30:00-04:00,4.460000038146973,4.5,4.429999828338623,4.480000019073486,9036,0.0,0.0
2023-11-03 09:30:00-04:00,4.349999904632568,4.800000190734863,4.349999904632568,4.730000019073486,18330,0.0,0.0
2023-11-03 10:30:00-04:00,4.745299816131592,4.7631001472473145,4.626999855041504,4.730000019073486,9903,0.0,0.0
2023-11-03 11:30:00-04:00,4.730000019073486,4.759900093078613,4.710000038146973,4.729899883270264,7080,0.0,0.0
2023-11-03 12:30:00-04:00,4.715000152587891,4.760000228881836,4.710000038146973,4.735300064086914,5291,0.0,0.0
2023-11-03 13:30:00-04:00,4.739999771118164,4.804999828338623,4.71999979019165,4.769999980926514,12268,0.0,0.0
2023-11-03 14:30:00-04:00,4.789999961853027,4.835000038146973,4.730000019073486,4.760000228881836,8588,0.0,0.0
2023-11-03 15:30:00-04:00,4.755000114440918,4.78000020980835,4.75,4.78000020980835,16714,0.0,0.0
2023-11-06 09:30:00-05:00,4.769999980926514,4.769999980926514,4.699999809265137,4.699999809265137,2450,0.0,0.0
2023-11-06 10:30:00-05:00,4.730000019073486,4.730000019073486,4.53000020980835,4.53000020980835,9973,0.0,0.0
2023-11-06 11:30:00-05:00,4.545000076293945,4.619900226593018,4.5,4.619900226593018,10277,0.0,0.0
2023-11-06 12:30:00-05:00,4.610000133514404,4.625,4.599999904632568,4.599999904632568,12448,0.0,0.0
2023-11-06 13:30:00-05:00,4.599999904632568,4.639999866485596,4.599999904632568,4.625,3562,0.0,0.0
2023-11-06 14:30:00-05:00,4.619999885559082,4.650000095367432,4.619999885559082,4.619999885559082,2095,0.0,0.0
2023-11-06 15:30:00-05:00,4.599999904632568,4.630000114440918,4.599999904632568,4.611999988555908,6520,0.0,0.0
2023-11-07 09:30:00-05:00,4.579999923706055,4.669899940490723,4.541999816894531,4.659999847412109,6582,0.0,0.0
2023-11-07 10:30:00-05:00,4.650000095367432,4.71999979019165,4.539999961853027,4.570000171661377,13167,0.0,0.0
2023-11-07 11:30:00-05:00,4.574999809265137,4.650000095367432,4.574999809265137,4.635000228881836,7222,0.0,0.0
2023-11-07 12:30:00-05:00,4.619999885559082,4.639999866485596,4.591400146484375,4.630000114440918,5315,0.0,0.0
2023-11-07 13:30:00-05:00,4.630000114440918,4.635000228881836,4.590000152587891,4.619999885559082,2290,0.0,0.0
2023-11-07 14:30:00-05:00,4.599999904632568,4.659999847412109,4.599999904632568,4.650000095367432,4949,0.0,0.0
2023-11-07 15:30:00-05:00,4.650000095367432,4.690000057220459,4.619999885559082,4.630000114440918,16841,0.0,0.0
2023-11-08 09:30:00-05:00,4.690000057220459,4.690000057220459,4.570000171661377,4.570000171661377,2358,0.0,0.0
2023-11-08 10:30:00-05:00,4.550000190734863,4.550000190734863,4.5,4.519999980926514,5651,0.0,0.0
2023-11-08 11:30:00-05:00,4.539999961853027,4.539999961853027,4.519999980926514,4.525000095367432,5010,0.0,0.0
2023-11-08 12:30:00-05:00,4.519999980926514,4.539999961853027,4.46999979019165,4.489999771118164,20335,0.0,0.0
2023-11-08 13:30:00-05:00,4.480000019073486,4.519999980926514,4.460000038146973,4.474999904632568,11073,0.0,0.0
2023-11-08 14:30:00-05:00,4.474999904632568,4.507900238037109,4.449999809265137,4.485000133514404,12600,0.0,0.0
2023-11-08 15:30:00-05:00,4.46999979019165,4.53000020980835,4.460000038146973,4.53000020980835,17768,0.0,0.0
2023-11-09 09:30:00-05:00,4.489999771118164,4.900000095367432,4.489999771118164,4.822999954223633,26465,0.0,0.0
2023-11-09 10:30:00-05:00,4.849999904632568,4.849999904632568,4.699999809265137,4.71999979019165,30811,0.0,0.0
2023-11-09 11:30:00-05:00,4.702000141143799,4.702000141143799,4.570000171661377,4.690000057220459,21132,0.0,0.0
2023-11-09 12:30:00-05:00,4.670000076293945,4.670000076293945,4.550000190734863,4.650000095367432,6959,0.0,0.0
2023-11-09 13:30:00-05:00,4.619999885559082,4.639999866485596,4.593100070953369,4.630000114440918,8640,0.0,0.0
2023-11-09 14:30:00-05:00,4.610000133514404,4.650000095367432,4.485000133514404,4.485000133514404,75510,0.0,0.0
2023-11-09 15:30:00-05:00,4.489999771118164,4.619999885559082,4.489999771118164,4.590000152587891,22313,0.0,0.0
2023-11-10 09:30:00-05:00,4.619999885559082,4.630000114440918,4.320000171661377,4.320000171661377,23563,0.0,0.0
2023-11-10 10:30:00-05:00,4.320000171661377,4.399899959564209,4.260000228881836,4.369999885559082,5678,0.0,0.0
2023-11-10 11:30:00-05:00,4.369999885559082,4.400000095367432,4.340000152587891,4.394999980926514,6120,0.0,0.0
2023-11-10 12:30:00-05:00,4.409999847412109,4.46999979019165,4.40500020980835,4.435999870300293,9311,0.0,0.0
2023-11-10 13:30:00-05:00,4.420000076293945,4.480000019073486,4.389999866485596,4.46999979019165,3763,0.0,0.0
2023-11-10 14:30:00-05:00,4.46999979019165,4.539599895477295,4.46999979019165,4.53000020980835,6530,0.0,0.0
2023-11-10 15:30:00-05:00,4.510000228881836,4.554999828338623,4.480000019073486,4.519999980926514,8786,0.0,0.0
2023-11-13 09:30:00-05:00,4.449999809265137,4.460000038146973,4.381199836730957,4.425000190734863,11421,0.0,0.0
2023-11-13 10:30:00-05:00,4.420000076293945,4.420000076293945,4.380000114440918,4.414999961853027,7723,0.0,0.0
2023-11-13 11:30:00-05:00,4.429999828338623,4.440000057220459,4.400000095367432,4.400000095367432,8955,0.0,0.0
2023-11-13 12:30:00-05:00,4.409999847412109,4.440000057220459,4.400000095367432,4.431399822235107,3162,0.0,0.0
2023-11-13 13:30:00-05:00,4.420000076293945,4.440000057220459,4.413899898529053,4.414999961853027,3544,0.0,0.0
2023-11-13 14:30:00-05:00,4.40500020980835,4.40500020980835,4.385000228881836,4.400000095367432,5183,0.0,0.0
2023-11-13 15:30:00-05:00,4.385000228881836,4.429999828338623,4.369999885559082,4.409999847412109,13966,0.0,0.0
2023-11-14 09:30:00-05:00,4.590000152587891,4.639999866485596,4.46999979019165,4.539999961853027,17193,0.0,0.0
2023-11-14 10:30:00-05:00,4.539999961853027,4.719900131225586,4.519999980926514,4.670000076293945,32240,0.0,0.0
2023-11-14 11:30:00-05:00,4.699999809265137,4.710000038146973,4.550000190734863,4.570000171661377,4927,0.0,0.0
2023-11-14 12:30:00-05:00,4.559999942779541,4.690000057220459,4.559999942779541,4.639999866485596,13617,0.0,0.0
2023-11-14 13:30:00-05:00,4.670000076293945,4.699999809265137,4.650000095367432,4.664999961853027,19221,0.0,0.0
2023-11-14 14:30:00-05:00,4.690000057220459,4.730000019073486,4.650000095367432,4.730000019073486,14121,0.0,0.0
2023-11-14 15:30:00-05:00,4.699999809265137,4.744999885559082,4.699999809265137,4.739999771118164,17531,0.0,0.0
2023-11-15 09:30:00-05:00,4.699999809265137,4.949999809265137,4.680099964141846,4.949999809265137,10570,0.0,0.0
2023-11-15 10:30:00-05:00,4.949999809265137,5.0,4.869999885559082,4.920000076293945,9013,0.0,0.0
2023-11-15 11:30:00-05:00,4.920000076293945,4.920000076293945,4.84119987487793,4.880000114440918,10093,0.0,0.0
2023-11-15 12:30:00-05:00,4.880000114440918,4.900000095367432,4.78000020980835,4.78000020980835,8420,0.0,0.0
2023-11-15 13:30:00-05:00,4.78000020980835,4.809999942779541,4.760000228881836,4.789999961853027,6190,0.0,0.0
2023-11-15 14:30:00-05:00,4.800000190734863,4.800000190734863,4.75,4.784999847412109,4075,0.0,0.0
2023-11-15 15:30:00-05:00,4.78000020980835,4.800000190734863,4.75,4.769999980926514,11069,0.0,0.0
2023-11-16 09:30:00-05:00,4.78000020980835,4.78000020980835,4.625,4.625,1880,0.0,0.0
2023-11-16 10:30:00-05:00,4.600100040435791,4.630000114440918,4.570000171661377,4.599999904632568,6928,0.0,0.0
2023-11-16 11:30:00-05:00,4.579999923706055,4.625,4.559999942779541,4.619999885559082,3997,0.0,0.0
2023-11-16 12:30:00-05:00,4.599999904632568,4.619999885559082,4.550000190734863,4.551799774169922,4679,0.0,0.0
2023-11-16 13:30:00-05:00,4.553999900817871,4.579999923706055,4.553999900817871,4.574999809265137,2401,0.0,0.0
2023-11-16 14:30:00-05:00,4.559999942779541,4.630000114440918,4.559999942779541,4.59499979019165,3669,0.0,0.0
2023-11-16 15:30:00-05:00,4.590000152587891,4.610000133514404,4.570000171661377,4.590000152587891,5896,0.0,0.0
2023-11-17 09:30:00-05:00,4.639999866485596,4.639999866485596,4.53000020980835,4.550000190734863,15690,0.0,0.0
2023-11-17 10:30:00-05:00,4.574999809265137,4.579999923706055,4.480999946594238,4.534999847412109,17191,0.0,0.0
2023-11-17 11:30:00-05:00,4.525000095367432,4.559999942779541,4.525000095367432,4.550000190734863,4430,0.0,0.0
2023-11-17 12:30:00-05:00,4.53000020980835,4.599999904632568,4.53000020980835,4.590000152587891,5943,0.0,0.0
2023-11-17 13:30:00-05:00,4.53000020980835,4.590000152587891,4.53000020980835,4.574999809265137,1610,0.0,0.0
2023-11-17 14:30:00-05:00,4.559999942779541,4.5879998207092285,4.519999980926514,4.519999980926514,2946,0.0,0.0
2023-11-17 15:30:00-05:00,4.539999961853027,4.619999885559082,4.539999961853027,4.619999885559082,9004,0.0,0.0
2023-11-20 09:30:00-05:00,4.590000152587891,4.639999866485596,4.590000152587891,4.639999866485596,1342,0.0,0.0
2023-11-20 10:30:00-05:00,4.635000228881836,4.684999942779541,4.605100154876709,4.684999942779541,3158,0.0,0.0
2023-11-20 11:30:00-05:00,4.670300006866455,4.70989990234375,4.590000152587891,4.590000152587891,32886,0.0,0.0
2023-11-20 12:30:00-05:00,4.579999923706055,4.599999904632568,4.539999961853027,4.599999904632568,3480,0.0,0.0
2023-11-20 13:30:00-05:00,4.5920000076293945,4.630000114440918,4.570000171661377,4.585000038146973,4036,0.0,0.0
2023-11-20 14:30:00-05:00,4.559999942779541,4.599999904632568,4.559999942779541,4.579999923706055,6362,0.0,0.0
2023-11-20 15:30:00-05:00,4.589200019836426,4.610000133514404,4.570000171661377,4.579999923706055,21596,0.0,0.0
2023-11-21 09:30:00-05:00,4.539999961853027,4.550000190734863,4.5,4.53000020980835,9570,0.0,0.0
2023-11-21 10:30:00-05:00,4.53000020980835,4.570000171661377,4.489999771118164,4.510000228881836,5109,0.0,0.0
2023-11-21 11:30:00-05:00,4.46999979019165,4.525000095367432,4.46999979019165,4.525000095367432,4437,0.0,0.0
2023-11-21 12:30:00-05:00,4.539999961853027,4.579899787902832,4.53000020980835,4.539999961853027,6212,0.0,0.0
2023-11-21 13:30:00-05:00,4.550000190734863,4.550000190734863,4.489999771118164,4.5,4932,0.0,0.0
2023-11-21 14:30:00-05:00,4.489999771118164,4.489999771118164,4.440000057220459,4.440000057220459,28995,0.0,0.0
2023-11-21 15:30:00-05:00,4.440000057220459,4.440000057220459,4.369999885559082,4.380000114440918,15824,0.0,0.0
2023-11-22 09:30:00-05:00,4.409999847412109,4.579999923706055,4.400000095367432,4.550000190734863,4327,0.0,0.0
2023-11-22 10:30:00-05:00,4.519999980926514,4.539999961853027,4.369999885559082,4.40500020980835,34294,0.0,0.0
2023-11-22 11:30:00-05:00,4.381999969482422,4.429900169372559,4.381999969482422,4.389999866485596,15550,0.0,0.0
2023-11-22 12:30:00-05:00,4.380899906158447,4.409999847412109,4.380000114440918,4.394999980926514,5270,0.0,0.0
2023-11-22 13:30:00-05:00,4.409999847412109,4.429999828338623,4.380000114440918,4.380000114440918,6187,0.0,0.0
2023-11-22 14:30:00-05:00,4.394999980926514,4.429999828338623,4.380000114440918,4.380000114440918,7644,0.0,0.0
2023-11-22 15:30:00-05:00,4.420000076293945,4.420000076293945,4.360000133514404,4.400000095367432,5796,0.0,0.0
2023-11-24 09:30:00-05:00,4.449999809265137,4.523499965667725,4.400000095367432,4.523499965667725,4818,0.0,0.0
2023-11-24 10:30:00-05:00,4.53000020980835,4.550000190734863,4.5,4.521999835968018,4147,0.0,0.0
2023-11-24 11:30:00-05:00,4.53000020980835,4.559999942779541,4.5,4.510000228881836,5885,0.0,0.0
2023-11-27 09:30:00-05:00,4.480000019073486,4.5,4.420000076293945,4.421999931335449,7561,0.0,0.0
2023-11-27 10:30:00-05:00,4.380000114440918,4.429999828338623,4.380000114440918,4.420000076293945,8417,0.0,0.0
2023-11-27 11:30:00-05:00,4.429999828338623,4.440000057220459,4.400000095367432,4.440000057220459,2123,0.0,0.0
2023-11-27 12:30:00-05:00,4.449999809265137,4.489999771118164,4.429999828338623,4.429999828338623,6859,0.0,0.0
2023-11-27 13:30:00-05:00,4.409999847412109,4.420000076293945,4.389999866485596,4.40500020980835,7036,0.0,0.0
2023-11-27 14:30:00-05:00,4.400000095367432,4.409999847412109,4.389999866485596,4.389999866485596,6060,0.0,0.0
2023-11-27 15:30:00-05:00,4.389999866485596,4.389999866485596,4.340000152587891,4.380000114440918,12073,0.0,0.0
2023-11-28 09:30:00-05:00,4.360000133514404,4.460000038146973,4.329999923706055,4.454999923706055,11306,0.0,0.0
2023-11-28 10:30:00-05:00,4.320000171661377,4.420000076293945,4.320000171661377,4.420000076293945,6332,0.0,0.0
2023-11-28 11:30:00-05:00,4.370100021362305,4.400000095367432,4.329999923706055,4.340000152587891,2856,0.0,0.0
2023-11-28 12:30:00-05:00,4.329999923706055,4.329999923706055,4.320000171661377,4.320000171661377,3108,0.0,0.0
2023-11-28 13:30:00-05:00,4.34499979019165,4.380000114440918,4.340000152587891,4.340000152587891,3878,0.0,0.0
2023-11-28 14:30:00-05:00,4.34499979019165,4.369999885559082,4.320000171661377,4.340000152587891,4349,0.0,0.0
2023-11-28 15:30:00-05:00,4.340000152587891,4.349999904632568,4.300000190734863,4.329999923706055,4413,0.0,0.0
2023-11-29 09:30:00-05:00,4.349999904632568,4.481100082397461,4.329999923706055,4.480100154876709,5674,0.0,0.0
2023-11-29 10:30:00-05:00,4.440000057220459,4.440000057220459,4.360000133514404,4.360000133514404,2029,0.0,0.0
2023-11-29 11:30:00-05:00,4.319200038909912,4.380000114440918,4.319200038909912,4.380000114440918,6279,0.0,0.0
2023-11-29 13:30:00-05:00,4.389999866485596,4.389999866485596,4.281099796295166,4.289999961853027,12418,0.0,0.0
2023-11-29 14:30:00-05:00,4.309999942779541,4.314700126647949,4.210000038146973,4.21999979019165,55885,0.0,0.0
2023-11-29 15:30:00-05:00,4.21999979019165,4.239999771118164,4.210000038146973,4.210000038146973,15924,0.0,0.0
2023-11-30 09:30:00-05:00,4.25,4.25,4.199999809265137,4.199999809265137,7101,0.0,0.0
2023-11-30 10:30:00-05:00,4.199999809265137,4.210000038146973,4.159999847412109,4.190000057220459,8934,0.0,0.0
2023-11-30 11:30:00-05:00,4.186999797821045,4.210000038146973,4.170000076293945,4.199900150299072,9706,0.0,0.0
2023-11-30 12:30:00-05:00,4.184999942779541,4.216400146484375,4.170000076293945,4.210000038146973,6427,0.0,0.0
2023-11-30 13:30:00-05:00,4.184999942779541,4.190000057220459,4.139999866485596,4.172599792480469,8451,0.0,0.0
2023-11-30 14:30:00-05:00,4.140100002288818,4.239999771118164,4.119999885559082,4.239999771118164,25175,0.0,0.0
2023-11-30 15:30:00-05:00,4.230000019073486,4.320000171661377,4.224999904632568,4.315000057220459,32519,0.0,0.0
2023-12-01 09:30:00-05:00,4.300000190734863,4.53000020980835,4.300000190734863,4.53000020980835,4969,0.0,0.0
2023-12-01 10:30:00-05:00,4.480000019073486,4.619999885559082,4.409999847412109,4.485000133514404,24588,0.0,0.0
2023-12-01 11:30:00-05:00,4.519999980926514,4.519999980926514,4.449999809265137,4.460000038146973,6962,0.0,0.0
2023-12-01 12:30:00-05:00,4.46999979019165,4.46999979019165,4.429999828338623,4.429999828338623,2674,0.0,0.0
2023-12-01 13:30:00-05:00,4.440000057220459,4.442500114440918,4.420000076293945,4.429999828338623,4914,0.0,0.0
2023-12-01 14:30:00-05:00,4.429999828338623,4.440000057220459,4.310999870300293,4.400000095367432,28073,0.0,0.0
2023-12-01 15:30:00-05:00,4.39900016784668,4.445000171661377,4.309999942779541,4.309999942779541,51186,0.0,0.0
2023-12-04 09:30:00-05:00,4.309999942779541,4.480000019073486,4.309999942779541,4.420000076293945,8978,0.0,0.0
2023-12-04 10:30:00-05:00,4.380000114440918,4.449999809265137,4.360000133514404,4.380000114440918,14411,0.0,0.0
2023-12-04 11:30:00-05:00,4.409999847412109,4.414999961853027,4.369999885559082,4.400000095367432,1637,0.0,0.0
2023-12-04 12:30:00-05:00,4.414999961853027,4.429999828338623,4.400000095367432,4.4019999504089355,3654,0.0,0.0
2023-12-04 13:30:00-05:00,4.400000095367432,4.400000095367432,4.360000133514404,4.380000114440918,6018,0.0,0.0
2023-12-04 14:30:00-05:00,4.369999885559082,4.369999885559082,4.329999923706055,4.335000038146973,7683,0.0,0.0
2023-12-04 15:30:00-05:00,4.329999923706055,4.349999904632568,4.320000171661377,4.34499979019165,9373,0.0,0.0
2023-12-05 09:30:00-05:00,4.340000152587891,4.409999847412109,4.25,4.300000190734863,7726,0.0,0.0
2023-12-05 10:30:00-05:00,4.269999980926514,4.329999923706055,4.269999980926514,4.290599822998047,5244,0.0,0.0
2023-12-05 11:30:00-05:00,4.309999942779541,4.320000171661377,4.28000020980835,4.28000020980835,5390,0.0,0.0
2023-12-05 12:30:00-05:00,4.289999961853027,4.308300018310547,4.25,4.284999847412109,6904,0.0,0.0
2023-12-05 13:30:00-05:00,4.289999961853027,4.289999961853027,4.25,4.269999980926514,2963,0.0,0.0
2023-12-05 14:30:00-05:00,4.260000228881836,4.269999980926514,4.25,4.25,4668,0.0,0.0
2023-12-05 15:30:00-05:00,4.260000228881836,4.260000228881836,4.190000057220459,4.190000057220459,6715,0.0,0.0
2023-12-06 09:30:00-05:00,4.199999809265137,4.340000152587891,4.199999809265137,4.269999980926514,6673,0.0,0.0
2023-12-06 10:30:00-05:00,4.269999980926514,4.295000076293945,4.239999771118164,4.264699935913086,3852,0.0,0.0
2023-12-06 11:30:00-05:00,4.250100135803223,4.289999961853027,4.25,4.260000228881836,3892,0.0,0.0
2023-12-06 12:30:00-05:00,4.275000095367432,4.275000095367432,4.199999809265137,4.230000019073486,7452,0.0,0.0
2023-12-06 13:30:00-05:00,4.230000019073486,4.235000133514404,4.199999809265137,4.199999809265137,1168,0.0,0.0
2023-12-06 14:30:00-05:00,4.25,4.25,4.184999942779541,4.184999942779541,5033,0.0,0.0
2023-12-06 15:30:00-05:00,4.182000160217285,4.190000057220459,4.139999866485596,4.179999828338623,7753,0.0,0.0
2023-12-07 09:30:00-05:00,4.190000057220459,4.260000228881836,4.170000076293945,4.260000228881836,16517,0.0,0.0
2023-12-07 10:30:00-05:00,4.28000020980835,4.300000190734863,4.21999979019165,4.235000133514404,15422,0.0,0.0
2023-12-07 11:30:00-05:00,4.25,4.25,4.21999979019165,4.21999979019165,1713,0.0,0.0
2023-12-07 12:30:00-05:00,4.25,4.26669979095459,4.25,4.264999866485596,2528,0.0,0.0
2023-12-07 13:30:00-05:00,4.239999771118164,4.255000114440918,4.199999809265137,4.215000152587891,5021,0.0,0.0
2023-12-07 14:30:00-05:00,4.199999809265137,4.21019983291626,4.179999828338623,4.190000057220459,4309,0.0,0.0
2023-12-07 15:30:00-05:00,4.190000057220459,4.239999771118164,4.179999828338623,4.239999771118164,8254,0.0,0.0
2023-12-08 09:30:00-05:00,4.230000019073486,4.320000171661377,4.230000019073486,4.320000171661377,3351,0.0,0.0
2023-12-08 10:30:00-05:00,4.320000171661377,4.320000171661377,4.230000019073486,4.230000019073486,1135,0.0,0.0
2023-12-08 11:30:00-05:00,4.244999885559082,4.260000228881836,4.215000152587891,4.260000228881836,5500,0.0,0.0
2023-12-08 12:30:00-05:00,4.2795000076293945,4.284999847412109,4.260000228881836,4.269999980926514,3167,0.0,0.0
2023-12-08 13:30:00-05:00,4.28000020980835,4.329999923706055,4.269999980926514,4.300000190734863,5867,0.0,0.0
2023-12-08 14:30:00-05:00,4.320000171661377,4.349999904632568,4.289999961853027,4.349999904632568,16532,0.0,0.0
2023-12-08 15:30:00-05:00,4.349999904632568,4.369999885559082,4.340000152587891,4.369999885559082,4721,0.0,0.0
2023-12-11 09:30:00-05:00,4.349999904632568,4.349999904632568,4.349999904632568,4.349999904632568,691,0.0,0.0
2023-12-11 10:30:00-05:00,4.329999923706055,4.340000152587891,4.320000171661377,4.340000152587891,4581,0.0,0.0
2023-12-11 11:30:00-05:00,4.369999885559082,4.369999885559082,4.320000171661377,4.320000171661377,2435,0.0,0.0
2023-12-11 12:30:00-05:00,4.289999961853027,4.309999942779541,4.289999961853027,4.300000190734863,3248,0.0,0.0
2023-12-11 13:30:00-05:00,4.289999961853027,4.300000190734863,4.210000038146973,4.269999980926514,23287,0.0,0.0
2023-12-11 14:30:00-05:00,4.275000095367432,4.300000190734863,4.275000095367432,4.300000190734863,10690,0.0,0.0
2023-12-11 15:30:00-05:00,4.289999961853027,4.300000190734863,4.28000020980835,4.289999961853027,8293,0.0,0.0
2023-12-12 09:30:00-05:00,4.21999979019165,4.21999979019165,4.150000095367432,4.179999828338623,19532,0.0,0.0
2023-12-12 10:30:00-05:00,4.21999979019165,4.25,4.21120023727417,4.21999979019165,8426,0.0,0.0
2023-12-12 11:30:00-05:00,4.210000038146973,4.219699859619141,4.179999828338623,4.202600002288818,12730,0.0,0.0
2023-12-12 12:30:00-05:00,4.199999809265137,4.210000038146973,4.190000057220459,4.210000038146973,1366,0.0,0.0
2023-12-12 13:30:00-05:00,4.183700084686279,4.239999771118164,4.179999828338623,4.239999771118164,6999,0.0,0.0
2023-12-12 14:30:00-05:00,4.230000019073486,4.25,4.230000019073486,4.25,5563,0.0,0.0
2023-12-12 15:30:00-05:00,4.239999771118164,4.239999771118164,4.190000057220459,4.21999979019165,7325,0.0,0.0
2023-12-13 09:30:00-05:00,4.21999979019165,4.239999771118164,4.164999961853027,4.204999923706055,20181,0.0,0.0
2023-12-13 10:30:00-05:00,4.21999979019165,4.21999979019165,4.195000171661377,4.195000171661377,5720,0.0,0.0
2023-12-13 11:30:00-05:00,4.190000057220459,4.21999979019165,4.190000057220459,4.199999809265137,6022,0.0,0.0
2023-12-13 12:30:00-05:00,4.184999942779541,4.19980001449585,4.184999942779541,4.19980001449585,7878,0.0,0.0
2023-12-13 13:30:00-05:00,4.184999942779541,4.389999866485596,4.184999942779541,4.389999866485596,17057,0.0,0.0
2023-12-13 14:30:00-05:00,4.400000095367432,4.510000228881836,4.389999866485596,4.489999771118164,23506,0.0,0.0
2023-12-13 15:30:00-05:00,4.480000019073486,4.610000133514404,4.480000019073486,4.539999961853027,28771,0.0,0.0
2023-12-14 09:30:00-05:00,4.679999828338623,5.045000076293945,4.650000095367432,4.804999828338623,22871,0.0,0.0
2023-12-14 10:30:00-05:00,4.809999942779541,4.900000095367432,4.809999942779541,4.889999866485596,5161,0.0,0.0
2023-12-14 11:30:00-05:00,4.909999847412109,4.909999847412109,4.84499979019165,4.849999904632568,3674,0.0,0.0
2023-12-14 12:30:00-05:00,4.840000152587891,4.840000152587891,4.711999893188477,4.711999893188477,11871,0.0,0.0
2023-12-14 13:30:00-05:00,4.710000038146973,4.710000038146973,4.650000095367432,4.650000095367432,4914,0.0,0.0
2023-12-14 14:30:00-05:00,4.642000198364258,4.8379998207092285,4.642000198364258,4.820000171661377,6882,0.0,0.0
2023-12-14 15:30:00-05:00,4.840000152587891,4.864999771118164,4.789999961853027,4.820000171661377,18625,0.0,0.0
2023-12-15 09:30:00-05:00,4.809999942779541,4.869999885559082,4.75,4.754300117492676,58446,0.0,0.0
2023-12-15 10:30:00-05:00,4.730100154876709,4.739299774169922,4.640999794006348,4.640999794006348,8833,0.0,0.0
2023-12-15 11:30:00-05:00,4.670000076293945,4.71999979019165,4.619999885559082,4.719900131225586,4813,0.0,0.0
2023-12-15 12:30:00-05:00,4.690000057220459,4.690000057220459,4.619999885559082,4.635000228881836,11015,0.0,0.0
2023-12-15 13:30:00-05:00,4.619999885559082,4.639999866485596,4.574999809265137,4.574999809265137,10986,0.0,0.0
2023-12-15 14:30:00-05:00,4.570000171661377,4.610000133514404,4.570000171661377,4.610000133514404,2657,0.0,0.0
2023-12-15 15:30:00-05:00,4.590000152587891,4.610000133514404,4.489999771118164,4.514999866485596,36890,0.0,0.0
2023-12-18 09:30:00-05:00,4.519999980926514,4.559999942779541,4.460000038146973,4.460000038146973,9371,0.0,0.0
2023-12-18 10:30:00-05:00,4.450799942016602,4.5,4.400000095367432,4.400000095367432,6260,0.0,0.0
2023-12-18 11:30:00-05:00,4.425000190734863,4.449999809265137,4.361000061035156,4.449999809265137,18443,0.0,0.0
2023-12-18 12:30:00-05:00,4.429999828338623,4.441500186920166,4.409999847412109,4.425000190734863,4077,0.0,0.0
2023-12-18 13:30:00-05:00,4.420000076293945,4.429999828338623,4.400000095367432,4.400000095367432,5272,0.0,0.0
2023-12-18 14:30:00-05:00,4.420000076293945,4.480000019073486,4.420000076293945,4.449999809265137,4902,0.0,0.0
2023-12-18 15:30:00-05:00,4.462200164794922,4.514999866485596,4.449999809265137,4.46999979019165,33372,0.0,0.0
2023-12-19 09:30:00-05:00,4.539999961853027,4.639999866485596,4.519999980926514,4.599999904632568,9626,0.0,0.0
2023-12-19 10:30:00-05:00,4.599999904632568,4.650000095367432,4.599999904632568,4.599999904632568,7828,0.0,0.0
2023-12-19 11:30:00-05:00,4.630000114440918,4.640399932861328,4.599999904632568,4.600500106811523,4042,0.0,0.0
2023-12-19 12:30:00-05:00,4.599999904632568,4.629899978637695,4.599999904632568,4.599999904632568,6488,0.0,0.0
2023-12-19 13:30:00-05:00,4.599999904632568,4.626699924468994,4.599999904632568,4.610000133514404,8639,0.0,0.0
2023-12-19 14:30:00-05:00,4.599999904632568,4.650000095367432,4.599999904632568,4.650000095367432,8001,0.0,0.0
2023-12-19 15:30:00-05:00,4.630000114440918,4.670000076293945,4.630000114440918,4.670000076293945,17127,0.0,0.0
2023-12-20 09:30:00-05:00,4.659999847412109,4.779900074005127,4.53000020980835,4.779900074005127,9017,0.0,0.0
2023-12-20 10:30:00-05:00,4.769999980926514,4.820000171661377,4.71999979019165,4.71999979019165,9874,0.0,0.0
2023-12-20 11:30:00-05:00,4.71999979019165,4.724999904632568,4.695000171661377,4.710000038146973,3224,0.0,0.0
2023-12-20 12:30:00-05:00,4.699999809265137,4.75,4.684999942779541,4.732500076293945,9402,0.0,0.0
2023-12-20 13:30:00-05:00,4.75,4.795000076293945,4.690000057220459,4.795000076293945,8858,0.0,0.0
2023-12-20 14:30:00-05:00,4.820000171661377,4.820000171661377,4.610000133514404,4.635000228881836,25025,0.0,0.0
2023-12-20 15:30:00-05:00,4.614099979400635,4.614099979400635,4.559999942779541,4.559999942779541,6105,0.0,0.0
2023-12-21 09:30:00-05:00,4.659999847412109,4.659999847412109,4.53000020980835,4.605599880218506,3891,0.0,0.0
2023-12-21 10:30:00-05:00,4.619999885559082,4.619999885559082,4.550000190734863,4.550000190734863,1815,0.0,0.0
2023-12-21 11:30:00-05:00,4.559999942779541,4.58489990234375,4.53000020980835,4.53000020980835,2672,0.0,0.0
2023-12-21 12:30:00-05:00,4.550000190734863,4.60260009765625,4.550000190734863,4.599999904632568,7572,0.0,0.0
2023-12-21 13:30:00-05:00,4.619999885559082,4.619999885559082,4.570000171661377,4.599999904632568,10355,0.0,0.0
2023-12-21 14:30:00-05:00,4.610000133514404,4.614999771118164,4.599999904632568,4.610000133514404,5518,0.0,0.0
2023-12-21 15:30:00-05:00,4.619999885559082,4.699999809265137,4.619999885559082,4.650000095367432,8235,0.0,0.0
2023-12-22 09:30:00-05:00,4.710000038146973,4.710000038146973,4.599999904632568,4.646500110626221,3052,0.0,0.0
2023-12-22 10:30:00-05:00,4.639999866485596,4.699999809265137,4.639999866485596,4.699999809265137,7252,0.0,0.0
2023-12-22 11:30:00-05:00,4.739999771118164,4.739999771118164,4.659999847412109,4.699999809265137,8982,0.0,0.0
2023-12-22 12:30:00-05:00,4.71999979019165,4.75,4.699999809265137,4.75,2770,0.0,0.0
2023-12-22 13:30:00-05:00,4.739999771118164,4.748000144958496,4.699999809265137,4.739999771118164,6144,0.0,0.0
2023-12-22 14:30:00-05:00,4.71999979019165,4.75,4.658100128173828,4.670000076293945,7400,0.0,0.0
2023-12-22 15:30:00-05:00,4.670000076293945,4.690000057220459,4.639999866485596,4.659999847412109,12024,0.0,0.0
2023-12-26 09:30:00-05:00,4.739999771118164,4.75,4.739999771118164,4.75,6111,0.0,0.0
2023-12-26 10:30:00-05:00,4.766900062561035,4.860000133514404,4.766900062561035,4.829999923706055,3141,0.0,0.0
2023-12-26 11:30:00-05:00,4.869999885559082,4.920000076293945,4.835000038146973,4.880000114440918,5532,0.0,0.0
2023-12-26 12:30:00-05:00,4.920000076293945,4.920000076293945,4.840000152587891,4.909999847412109,10382,0.0,0.0
2023-12-26 13:30:00-05:00,4.909999847412109,4.909999847412109,4.860099792480469,4.885000228881836,4640,0.0,0.0
2023-12-26 14:30:00-05:00,4.900000095367432,4.929999828338623,4.880000114440918,4.920000076293945,5184,0.0,0.0
2023-12-26 15:30:00-05:00,4.920000076293945,4.940000057220459,4.909999847412109,4.909999847412109,12332,0.0,0.0
2023-12-27 09:30:00-05:00,4.949999809265137,4.960000038146973,4.880000114440918,4.90500020980835,3127,0.0,0.0
2023-12-27 10:30:00-05:00,4.894999980926514,4.894999980926514,4.690000057220459,4.800000190734863,13069,0.0,0.0
2023-12-27 11:30:00-05:00,4.820000171661377,4.869999885559082,4.820000171661377,4.860000133514404,1679,0.0,0.0
2023-12-27 12:30:00-05:00,4.860000133514404,4.880000114440918,4.860000133514404,4.864999771118164,2313,0.0,0.0
2023-12-27 13:30:00-05:00,4.880000114440918,4.918000221252441,4.84499979019165,4.881700038909912,3490,0.0,0.0
2023-12-27 14:30:00-05:00,4.900000095367432,4.940000057220459,4.869999885559082,4.914999961853027,6103,0.0,0.0
2023-12-27 15:30:00-05:00,4.929999828338623,4.949999809265137,4.900000095367432,4.929999828338623,5057,0.0,0.0
2023-12-28 09:30:00-05:00,4.889999866485596,4.980000019073486,4.869999885559082,4.980000019073486,11721,0.0,0.0
2023-12-28 10:30:00-05:00,4.985000133514404,4.989999771118164,4.920000076293945,4.929999828338623,3927,0.0,0.0
2023-12-28 11:30:00-05:00,4.914999961853027,4.960000038146973,4.90500020980835,4.960000038146973,2391,0.0,0.0
2023-12-28 12:30:00-05:00,4.940000057220459,4.980000019073486,4.920000076293945,4.949999809265137,2574,0.0,0.0
2023-12-28 13:30:00-05:00,4.925000190734863,4.980000019073486,4.925000190734863,4.949999809265137,3447,0.0,0.0
2023-12-28 14:30:00-05:00,4.949999809265137,4.96999979019165,4.949999809265137,4.965000152587891,4939,0.0,0.0
2023-12-28 15:30:00-05:00,4.949999809265137,4.989999771118164,4.949999809265137,4.96999979019165,8563,0.0,0.0
2023-12-29 09:30:00-05:00,4.96999979019165,5.050000190734863,4.949999809265137,4.965000152587891,15109,0.0,0.0
2023-12-29 10:30:00-05:00,4.949999809265137,4.950500011444092,4.900000095367432,4.929999828338623,6834,0.0,0.0
2023-12-29 11:30:00-05:00,4.9079999923706055,4.929999828338623,4.900000095367432,4.914999961853027,4448,0.0,0.0
2023-12-29 12:30:00-05:00,4.914999961853027,4.929999828338623,4.914999961853027,4.929999828338623,1904,0.0,0.0
2023-12-29 13:30:00-05:00,4.925000190734863,4.945199966430664,4.920000076293945,4.925000190734863,2612,0.0,0.0
2023-12-29 14:30:00-05:00,4.914999961853027,4.929999828338623,4.900000095367432,4.920000076293945,14808,0.0,0.0
2023-12-29 15:30:00-05:00,4.920000076293945,4.920000076293945,4.849999904632568,4.900000095367432,32822,0.0,0.0
2024-01-02 09:30:00-05:00,4.869999885559082,5.039999961853027,4.809999942779541,4.96999979019165,17109,0.0,0.0
2024-01-02 10:30:00-05:00,4.989999771118164,4.989999771118164,4.829999923706055,4.920000076293945,7637,0.0,0.0
2024-01-02 11:30:00-05:00,4.940000057220459,5.0,4.929999828338623,5.0,4339,0.0,0.0
2024-01-02 12:30:00-05:00,5.03000020980835,5.054999828338623,4.889999866485596,4.900000095367432,4319,0.0,0.0
2024-01-02 13:30:00-05:00,4.900000095367432,4.949999809265137,4.882299900054932,4.897500038146973,4071,0.0,0.0
2024-01-02 14:30:00-05:00,4.900000095367432,4.909999847412109,4.869999885559082,4.880000114440918,8338,0.0,0.0
2024-01-02 15:30:00-05:00,4.889999866485596,4.909999847412109,4.869999885559082,4.880000114440918,9644,0.0,0.0
2024-01-03 09:30:00-05:00,4.840000152587891,4.880000114440918,4.820000171661377,4.880000114440918,6564,0.0,0.0
2024-01-03 10:30:00-05:00,4.840000152587891,4.849999904632568,4.789999961853027,4.849999904632568,6565,0.0,0.0
2024-01-03 11:30:00-05:00,4.840000152587891,4.860000133514404,4.824999809265137,4.849999904632568,2491,0.0,0.0
2024-01-03 12:30:00-05:00,4.809999942779541,4.829999923706055,4.800000190734863,4.820000171661377,3109,0.0,0.0
2024-01-03 13:30:00-05:00,4.809999942779541,4.820000171661377,4.760000228881836,4.809999942779541,10271,0.0,0.0
2024-01-03 14:30:00-05:00,4.840000152587891,4.840000152587891,4.659999847412109,4.670000076293945,19157,0.0,0.0
2024-01-03 15:30:00-05:00,4.684999942779541,4.710000038146973,4.610000133514404,4.690000057220459,16695,0.0,0.0
2024-01-04 09:30:00-05:00,4.71999979019165,4.728799819946289,4.659999847412109,4.699999809265137,3981,0.0,0.0
2024-01-04 10:30:00-05:00,4.680099964141846,4.71999979019165,4.670000076293945,4.71999979019165,5106,0.0,0.0
2024-01-04 11:30:00-05:00,4.699999809265137,4.710000038146973,4.679999828338623,4.699999809265137,4206,0.0,0.0
2024-01-04 12:30:00-05:00,4.699999809265137,4.699999809265137,4.650000095367432,4.679999828338623,7145,0.0,0.0
2024-01-04 13:30:00-05:00,4.699999809265137,4.739999771118164,4.690000057220459,4.690000057220459,10518,0.0,0.0
2024-01-04 14:30:00-05:00,4.690000057220459,4.730000019073486,4.679999828338623,4.719699859619141,9582,0.0,0.0
2024-01-04 15:30:00-05:00,4.710000038146973,4.75,4.699999809265137,4.710000038146973,9963,0.0,0.0
2024-01-05 09:30:00-05:00,4.710000038146973,4.809999942779541,4.679999828338623,4.679999828338623,5510,0.0,0.0
2024-01-05 10:30:00-05:00,4.7322998046875,4.744999885559082,4.730000019073486,4.739999771118164,2686,0.0,0.0
2024-01-05 11:30:00-05:00,4.710000038146973,4.735000133514404,4.699999809265137,4.71999979019165,2565,0.0,0.0
2024-01-05 12:30:00-05:00,4.710000038146973,4.730000019073486,4.704999923706055,4.730000019073486,3402,0.0,0.0
2024-01-05 13:30:00-05:00,4.739999771118164,4.820000171661377,4.724999904632568,4.820000171661377,15583,0.0,0.0
2024-01-05 14:30:00-05:00,4.820000171661377,4.820000171661377,4.744999885559082,4.800000190734863,10991,0.0,0.0
2024-01-05 15:30:00-05:00,4.775000095367432,4.809999942779541,4.699999809265137,4.739999771118164,15576,0.0,0.0
2024-01-08 09:30:00-05:00,4.679999828338623,4.690000057220459,4.675000190734863,4.675000190734863,2651,0.0,0.0
2024-01-08 10:30:00-05:00,4.682700157165527,4.68310022354126,4.650000095367432,4.650000095367432,3265,0.0,0.0
2024-01-08 11:30:00-05:00,4.648200035095215,4.68179988861084,4.510000228881836,4.519999980926514,16298,0.0,0.0
2024-01-08 12:30:00-05:00,4.5,4.52269983291626,4.489999771118164,4.519999980926514,7483,0.0,0.0
2024-01-08 13:30:00-05:00,4.489999771118164,4.570000171661377,4.429999828338623,4.510000228881836,20298,0.0,0.0
2024-01-08 14:30:00-05:00,4.570000171661377,4.619999885559082,4.559999942779541,4.619999885559082,4198,0.0,0.0
2024-01-08 15:30:00-05:00,4.610000133514404,4.699999809265137,4.610000133514404,4.659999847412109,6117,0.0,0.0
2024-01-09 09:30:00-05:00,4.539999961853027,4.610000133514404,4.510000228881836,4.599999904632568,13055,0.0,0.0
2024-01-09 10:30:00-05:00,4.619999885559082,4.630000114440918,4.579999923706055,4.610000133514404,8243,0.0,0.0
2024-01-09 11:30:00-05:00,4.610000133514404,4.630000114440918,4.590000152587891,4.590000152587891,1421,0.0,0.0
2024-01-09 12:30:00-05:00,4.619999885559082,4.639999866485596,4.579999923706055,4.579999923706055,8051,0.0,0.0
2024-01-09 13:30:00-05:00,4.550000190734863,4.550000190734863,4.480000019073486,4.53000020980835,9193,0.0,0.0
2024-01-09 14:30:00-05:00,4.519999980926514,4.53000020980835,4.5,4.5,4261,0.0,0.0
2024-01-09 15:30:00-05:00,4.5,4.510000228881836,4.449999809265137,4.460000038146973,8881,0.0,0.0
2024-01-10 09:30:00-05:00,4.46999979019165,4.578999996185303,4.309999942779541,4.340000152587891,7875,0.0,0.0
2024-01-10 10:30:00-05:00,4.349999904632568,4.400000095367432,4.349999904632568,4.400000095367432,6455,0.0,0.0
2024-01-10 11:30:00-05:00,4.400000095367432,4.425899982452393,4.376200199127197,4.425899982452393,5933,0.0,0.0
2024-01-10 12:30:00-05:00,4.420000076293945,4.449900150299072,4.369999885559082,4.369999885559082,7678,0.0,0.0
2024-01-10 13:30:00-05:00,4.409999847412109,4.440000057220459,4.409999847412109,4.440000057220459,7157,0.0,0.0
2024-01-10 14:30:00-05:00,4.429999828338623,4.485000133514404,4.329999923706055,4.329999923706055,14792,0.0,0.0
2024-01-10 15:30:00-05:00,4.340000152587891,4.400000095367432,4.340000152587891,4.400000095367432,12440,0.0,0.0
2024-01-11 09:30:00-05:00,4.360000133514404,4.498499870300293,4.239999771118164,4.300000190734863,12166,0.0,0.0
2024-01-11 10:30:00-05:00,4.295000076293945,4.324999809265137,4.289999961853027,4.289999961853027,3138,0.0,0.0
2024-01-11 11:30:00-05:00,4.327400207519531,4.340000152587891,4.309999942779541,4.320000171661377,6523,0.0,0.0
2024-01-11 12:30:00-05:00,4.34499979019165,4.386199951171875,4.315000057220459,4.315000057220459,7162,0.0,0.0
2024-01-11 13:30:00-05:00,4.329999923706055,4.335899829864502,4.329999923706055,4.335899829864502,2008,0.0,0.0
2024-01-11 14:30:00-05:00,4.319300174713135,4.335000038146973,4.314899921417236,4.314899921417236,5261,0.0,0.0
2024-01-11 15:30:00-05:00,4.329999923706055,4.380000114440918,4.309999942779541,4.380000114440918,7147,0.0,0.0
2024-01-12 09:30:00-05:00,4.480000019073486,4.5,4.369999885559082,4.400000095367432,11765,0.0,0.0
2024-01-12 10:30:00-05:00,4.320000171661377,4.409999847412109,4.309999942779541,4.389999866485596,2163,0.0,0.0
2024-01-12 11:30:00-05:00,4.380000114440918,4.380000114440918,4.320000171661377,4.329999923706055,1152,0.0,0.0
2024-01-12 12:30:00-05:00,4.335000038146973,4.335000038146973,4.269999980926514,4.319900035858154,10368,0.0,0.0
2024-01-12 13:30:00-05:00,4.320000171661377,4.349899768829346,4.320000171661377,4.320000171661377,1668,0.0,0.0
2024-01-12 14:30:00-05:00,4.320000171661377,4.320000171661377,4.28000020980835,4.285699844360352,1941,0.0,0.0
2024-01-12 15:30:00-05:00,4.28000020980835,4.329999923706055,4.28000020980835,4.329999923706055,5833,0.0,0.0
2024-01-16 09:30:00-05:00,4.25,4.369999885559082,4.25,4.360000133514404,42116,0.0,0.0
2024-01-16 10:30:00-05:00,4.309999942779541,4.349999904632568,4.300000190734863,4.300000190734863,2224,0.0,0.0
2024-01-16 11:30:00-05:00,4.252299785614014,4.2754998207092285,4.230000019073486,4.2754998207092285,2944,0.0,0.0
2024-01-16 12:30:00-05:00,4.239999771118164,4.287300109863281,4.239999771118164,4.260000228881836,3222,0.0,0.0
2024-01-16 13:30:00-05:00,4.239999771118164,4.28000020980835,4.239999771118164,4.239999771118164,1221,0.0,0.0
2024-01-16 14:30:00-05:00,4.25,4.300000190734863,4.25,4.269999980926514,4734,0.0,0.0
2024-01-16 15:30:00-05:00,4.300000190734863,4.309999942779541,4.289999961853027,4.309999942779541,5770,0.0,0.0
2024-01-17 09:30:00-05:00,4.21999979019165,4.300000190734863,4.217299938201904,4.260000228881836,37597,0.0,0.0
2024-01-17 10:30:00-05:00,4.25,4.309999942779541,4.25,4.269999980926514,4638,0.0,0.0
2024-01-17 11:30:00-05:00,4.264999866485596,4.264999866485596,4.199999809265137,4.210000038146973,5520,0.0,0.0
2024-01-17 12:30:00-05:00,4.210000038146973,4.2210001945495605,4.179999828338623,4.179999828338623,5798,0.0,0.0
2024-01-17 13:30:00-05:00,4.179999828338623,4.190000057220459,4.130799770355225,4.190000057220459,7031,0.0,0.0
2024-01-17 14:30:00-05:00,4.190000057220459,4.190000057220459,4.159999847412109,4.179999828338623,3417,0.0,0.0
2024-01-17 15:30:00-05:00,4.175000190734863,4.21999979019165,4.175000190734863,4.190000057220459,12908,0.0,0.0
2024-01-18 09:30:00-05:00,4.119999885559082,4.190000057220459,3.9000000953674316,3.9649999141693115,54982,0.0,0.0
2024-01-18 10:30:00-05:00,3.950000047683716,3.950000047683716,3.7300000190734863,3.744999885559082,25002,0.0,0.0
2024-01-18 11:30:00-05:00,3.7300000190734863,3.759999990463257,3.450000047683716,3.5652999877929688,82620,0.0,0.0
2024-01-18 12:30:00-05:00,3.549999952316284,3.549999952316284,3.509999990463257,3.5380001068115234,9623,0.0,0.0
2024-01-18 13:30:00-05:00,3.5299999713897705,3.6098999977111816,3.5199999809265137,3.6098999977111816,52109,0.0,0.0
2024-01-18 14:30:00-05:00,3.5950000286102295,3.6700000762939453,3.5950000286102295,3.609999895095825,34375,0.0,0.0
2024-01-18 15:30:00-05:00,3.609999895095825,3.619999885559082,3.609999895095825,3.609999895095825,43474,0.0,0.0
2024-01-19 09:30:00-05:00,3.6500000953674316,3.6700000762939453,3.4200000762939453,3.4200000762939453,62165,0.0,0.0
2024-01-19 10:30:00-05:00,3.430000066757202,3.4600000381469727,3.3399999141693115,3.4600000381469727,27268,0.0,0.0
2024-01-19 11:30:00-05:00,3.440000057220459,3.549999952316284,3.430000066757202,3.5399999618530273,8057,0.0,0.0
2024-01-19 12:30:00-05:00,3.515000104904175,3.5799999237060547,3.5000998973846436,3.5546998977661133,6582,0.0,0.0
2024-01-19 13:30:00-05:00,3.5334999561309814,3.5999999046325684,3.5334999561309814,3.559999942779541,0,0.0,0.0
2024-01-19 14:30:00-05:00,3.559999942779541,3.575000047683716,3.549999952316284,3.549999952316284,123301,0.0,0.0
2024-01-19 15:30:00-05:00,3.549999952316284,3.565000057220459,3.5299999713897705,3.5399999618530273,25745,0.0,0.0
2024-01-22 09:30:00-05:00,3.619999885559082,3.619999885559082,3.559999942779541,3.569999933242798,1995,0.0,0.0
2024-01-22 10:30:00-05:00,3.5950000286102295,3.6287999153137207,3.5299999713897705,3.5801000595092773,17368,0.0,0.0
2024-01-22 11:30:00-05:00,3.549999952316284,3.569999933242798,3.5299999713897705,3.5450000762939453,4392,0.0,0.0
2024-01-22 12:30:00-05:00,3.5450000762939453,3.569999933242798,3.5199999809265137,3.5199999809265137,9795,0.0,0.0
2024-01-22 13:30:00-05:00,3.5299999713897705,3.530100107192993,3.440000057220459,3.505000114440918,13944,0.0,0.0
2024-01-22 14:30:00-05:00,3.5,3.6500000953674316,3.4916000366210938,3.6500000953674316,23450,0.0,0.0
2024-01-22 15:30:00-05:00,3.6500000953674316,3.7200000286102295,3.640000104904175,3.7100000381469727,13097,0.0,0.0
2024-01-23 09:30:00-05:00,3.75,3.799999952316284,3.7100000381469727,3.7281999588012695,9142,0.0,0.0
2024-01-23 10:30:00-05:00,3.7300000190734863,3.740000009536743,3.5799999237060547,3.619999885559082,11936,0.0,0.0
2024-01-23 11:30:00-05:00,3.759000062942505,3.759000062942505,3.5799999237060547,3.5899999141693115,3125,0.0,0.0
2024-01-23 12:30:00-05:00,3.5999999046325684,3.7200000286102295,3.5999999046325684,3.6700000762939453,10950,0.0,0.0
2024-01-23 13:30:00-05:00,3.640000104904175,3.6700000762939453,3.630000114440918,3.640000104904175,2147,0.0,0.0
2024-01-23 14:30:00-05:00,3.699899911880493,3.75,3.6500000953674316,3.700000047683716,18791,0.0,0.0
2024-01-23 15:30:00-05:00,3.7200000286102295,3.7699999809265137,3.7100000381469727,3.740000009536743,12357,0.0,0.0
2024-01-24 09:30:00-05:00,3.7799999713897705,3.8499999046325684,3.690000057220459,3.74399995803833,33455,0.0,0.0
2024-01-24 10:30:00-05:00,3.7100000381469727,3.799099922180176,3.640000104904175,3.7100000381469727,4334,0.0,0.0
2024-01-24 11:30:00-05:00,3.762500047683716,3.7899999618530273,3.75,3.759999990463257,9650,0.0,0.0
2024-01-24 12:30:00-05:00,3.760999917984009,3.7699999809265137,3.7100000381469727,3.75,10546,0.0,0.0
2024-01-24 13:30:00-05:00,3.740000009536743,3.759999990463257,3.7100000381469727,3.740000009536743,5787,0.0,0.0
2024-01-24 14:30:00-05:00,3.7300000190734863,3.799999952316284,3.7200000286102295,3.799999952316284,5078,0.0,0.0
2024-01-24 15:30:00-05:00,3.799999952316284,3.809999942779541,3.7300000190734863,3.759999990463257,12949,0.0,0.0
2024-01-25 09:30:00-05:00,3.859999895095825,3.859999895095825,3.7534000873565674,3.759999990463257,4918,0.0,0.0
2024-01-25 10:30:00-05:00,3.754499912261963,3.765000104904175,3.7300000190734863,3.744999885559082,1571,0.0,0.0
2024-01-25 11:30:00-05:00,3.759999990463257,3.7699999809265137,3.7200000286102295,3.744999885559082,2834,0.0,0.0
2024-01-25 12:30:00-05:00,3.7499001026153564,3.7499001026153564,3.7200000286102295,3.7200000286102295,2159,0.0,0.0
2024-01-25 13:30:00-05:00,3.731100082397461,3.799999952316284,3.7200000286102295,3.799999952316284,4635,0.0,0.0
2024-01-25 14:30:00-05:00,3.7699999809265137,3.819999933242798,3.740000009536743,3.819999933242798,4804,0.0,0.0
2024-01-25 15:30:00-05:00,3.8299999237060547,3.8399999141693115,3.7899999618530273,3.7899999618530273,14167,0.0,0.0
2024-01-26 09:30:00-05:00,3.819999933242798,3.890000104904175,3.7699999809265137,3.7869999408721924,13366,0.0,0.0
2024-01-26 10:30:00-05:00,3.8350000381469727,3.869999885559082,3.799999952316284,3.805000066757202,11800,0.0,0.0
2024-01-26 11:30:00-05:00,3.809999942779541,3.8798999786376953,3.809999942779541,3.819999933242798,5347,0.0,0.0
2024-01-26 12:30:00-05:00,3.8450000286102295,3.8450000286102295,3.744999885559082,3.7699999809265137,11698,0.0,0.0
2024-01-26 13:30:00-05:00,3.819999933242798,3.819999933242798,3.759999990463257,3.759999990463257,8251,0.0,0.0
2024-01-26 14:30:00-05:00,3.7699999809265137,3.789299964904785,3.759999990463257,3.7699999809265137,3671,0.0,0.0
2024-01-26 15:30:00-05:00,3.759999990463257,3.7799999713897705,3.7300000190734863,3.7300000190734863,7000,0.0,0.0
2024-01-29 09:30:00-05:00,3.759999990463257,3.759999990463257,3.684999942779541,3.684999942779541,5576,0.0,0.0
2024-01-29 10:30:00-05:00,3.7100000381469727,3.7799999713897705,3.684999942779541,3.700000047683716,11986,0.0,0.0
2024-01-29 11:30:00-05:00,3.693700075149536,3.700000047683716,3.664400100708008,3.680000066757202,5614,0.0,0.0
2024-01-29 12:30:00-05:00,3.674999952316284,3.7200000286102295,3.6600000858306885,3.694999933242798,7185,0.0,0.0
2024-01-29 13:30:00-05:00,3.7200000286102295,3.7200000286102295,3.6600000858306885,3.680000066757202,9048,0.0,0.0
2024-01-29 14:30:00-05:00,3.680000066757202,3.7300000190734863,3.6700000762939453,3.7249999046325684,22807,0.0,0.0
2024-01-29 15:30:00-05:00,3.7249999046325684,3.75,3.7100000381469727,3.75,12543,0.0,0.0
2024-01-30 09:30:00-05:00,3.700000047683716,3.889899969100952,3.6500000953674316,3.6500000953674316,18474,0.0,0.0
2024-01-30 10:30:00-05:00,3.700000047683716,3.7200000286102295,3.6500000953674316,3.6500000953674316,5957,0.0,0.0
2024-01-30 11:30:00-05:00,3.6700000762939453,3.7051000595092773,3.6600000858306885,3.6700000762939453,7384,0.0,0.0
2024-01-30 12:30:00-05:00,3.6600000858306885,3.70770001411438,3.609999895095825,3.640000104904175,16844,0.0,0.0
2024-01-30 13:30:00-05:00,3.630000114440918,3.6700000762939453,3.5999999046325684,3.619999885559082,17824,0.0,0.0
2024-01-30 14:30:00-05:00,3.619999885559082,3.657399892807007,3.5999999046325684,3.5999999046325684,9745,0.0,0.0
2024-01-30 15:30:00-05:00,3.5999999046325684,3.7200000286102295,3.5999999046325684,3.690000057220459,21012,0.0,0.0
2024-01-31 09:30:00-05:00,3.6500000953674316,3.700000047683716,3.559999942779541,3.609999895095825,7587,0.0,0.0
2024-01-31 10:30:00-05:00,3.609999895095825,3.691200017929077,3.559999942779541,3.600600004196167,4320,0.0,0.0
2024-01-31 11:30:00-05:00,3.615000009536743,3.6500000953674316,3.6075000762939453,3.619999885559082,4947,0.0,0.0
2024-01-31 12:30:00-05:00,3.619999885559082,3.700000047683716,3.609999895095825,3.700000047683716,8275,0.0,0.0
2024-01-31 13:30:00-05:00,3.690000057220459,3.720599889755249,3.5999999046325684,3.630000114440918,9029,0.0,0.0
2024-01-31 14:30:00-05:00,3.615000009536743,3.700000047683716,3.559999942779541,3.5799999237060547,22699,0.0,0.0
2024-01-31 15:30:00-05:00,3.569999933242798,3.5799999237060547,3.440000057220459,3.4700000286102295,23331,0.0,0.0
2024-02-01 09:30:00-05:00,3.569999933242798,3.569999933242798,3.4700000286102295,3.5299999713897705,21426,0.0,0.0
2024-02-01 10:30:00-05:00,3.5,3.5,3.4200000762939453,3.4200000762939453,21661,0.0,0.0
2024-02-01 11:30:00-05:00,3.430000066757202,3.4798998832702637,3.4200000762939453,3.473299980163574,11946,0.0,0.0
2024-02-01 12:30:00-05:00,3.4600000381469727,3.509999990463257,3.440000057220459,3.4649999141693115,13051,0.0,0.0
2024-02-01 13:30:00-05:00,3.460700035095215,3.4749999046325684,3.430000066757202,3.4433000087738037,7713,0.0,0.0
2024-02-01 14:30:00-05:00,3.4100000858306885,3.4100000858306885,3.2899999618530273,3.337100028991699,60264,0.0,0.0
2024-02-01 15:30:00-05:00,3.319999933242798,3.3399999141693115,3.180000066757202,3.190000057220459,51083,0.0,0.0
2024-02-02 09:30:00-05:00,3.2100000381469727,3.2100000381469727,3.049999952316284,3.180000066757202,30100,0.0,0.0
2024-02-02 10:30:00-05:00,3.180000066757202,3.2527999877929688,3.134999990463257,3.190000057220459,18097,0.0,0.0
2024-02-02 11:30:00-05:00,3.190000057220459,3.2149999141693115,3.130000114440918,3.1600000858306885,11313,0.0,0.0
2024-02-02 12:30:00-05:00,3.1500000953674316,3.2100000381469727,3.130000114440918,3.208400011062622,10791,0.0,0.0
2024-02-02 13:30:00-05:00,3.24399995803833,3.2699999809265137,3.180000066757202,3.2699999809265137,12617,0.0,0.0
2024-02-02 14:30:00-05:00,3.259999990463257,3.2699999809265137,3.200000047683716,3.244999885559082,18171,0.0,0.0
2024-02-02 15:30:00-05:00,3.240000009536743,3.240000009536743,3.180000066757202,3.200000047683716,17037,0.0,0.0
2024-02-05 09:30:00-05:00,3.119999885559082,3.189300060272217,3.0950000286102295,3.0950000286102295,12559,0.0,0.0
2024-02-05 10:30:00-05:00,3.109999895095825,3.11899995803833,3.059999942779541,3.059999942779541,18956,0.0,0.0
2024-02-05 11:30:00-05:00,3.059999942779541,3.1050000190734863,3.059999942779541,3.0950000286102295,18762,0.0,0.0
2024-02-05 12:30:00-05:00,3.0999999046325684,3.109999895095825,3.049999952316284,3.075000047683716,22948,0.0,0.0
2024-02-05 13:30:00-05:00,3.075000047683716,3.200000047683716,3.059999942779541,3.1700000762939453,18894,0.0,0.0
2024-02-05 14:30:00-05:00,3.184999942779541,3.255000114440918,3.1700000762939453,3.2200000286102295,33295,0.0,0.0
2024-02-05 15:30:00-05:00,3.240000009536743,3.2799999713897705,3.180000066757202,3.2300000190734863,21995,0.0,0.0
2024-02-06 09:30:00-05:00,3.2100000381469727,3.2692999839782715,3.200000047683716,3.255000114440918,18959,0.0,0.0
2024-02-06 10:30:00-05:00,3.25,3.2699999809265137,3.2200000286102295,3.2699999809265137,15213,0.0,0.0
2024-02-06 11:30:00-05:00,3.2799999713897705,3.309999942779541,3.259999990463257,3.2899999618530273,6132,0.0,0.0
2024-02-06 12:30:00-05:00,3.2899999618530273,3.384999990463257,3.2699999809265137,3.384999990463257,19514,0.0,0.0
2024-02-06 13:30:00-05:00,3.384999990463257,3.4200000762939453,3.2899999618530273,3.325000047683716,51301,0.0,0.0
2024-02-06 14:30:00-05:00,3.325200080871582,3.3399999141693115,3.2899999618530273,3.3399999141693115,21331,0.0,0.0
2024-02-06 15:30:00-05:00,3.3399999141693115,3.390000104904175,3.2850000858306885,3.3499999046325684,29845,0.0,0.0
2024-02-07 09:30:00-05:00,3.369999885559082,3.369999885559082,3.2100000381469727,3.2699999809265137,6507,0.0,0.0
2024-02-07 10:30:00-05:00,3.240000009536743,3.2699999809265137,3.240000009536743,3.240000009536743,8410,0.0,0.0
2024-02-07 11:30:00-05:00,3.2200000286102295,3.24180006980896,3.200000047683716,3.200000047683716,9730,0.0,0.0
2024-02-07 12:30:00-05:00,3.2300000190734863,3.2300000190734863,3.119999885559082,3.1500000953674316,33013,0.0,0.0
2024-02-07 13:30:00-05:00,3.119999885559082,3.1500000953674316,3.0799999237060547,3.0799999237060547,32005,0.0,0.0
2024-02-07 14:30:00-05:00,3.0799999237060547,3.1500000953674316,3.0799999237060547,3.140000104904175,16842,0.0,0.0
2024-02-07 15:30:00-05:00,3.140000104904175,3.190000057220459,3.140000104904175,3.1700000762939453,18591,0.0,0.0
2024-02-08 09:30:00-05:00,3.2200000286102295,3.5,3.2200000286102295,3.375,21795,0.0,0.0
2024-02-08 10:30:00-05:00,3.359999895095825,3.469899892807007,3.3299999237060547,3.4200000762939453,23725,0.0,0.0
2024-02-08 11:30:00-05:00,3.450000047683716,3.5,3.440000057220459,3.440000057220459,16146,0.0,0.0
2024-02-08 12:30:00-05:00,3.4549999237060547,3.5199999809265137,3.440000057220459,3.50570011138916,43225,0.0,0.0
2024-02-08 13:30:00-05:00,3.509999990463257,3.559999942779541,3.5044000148773193,3.5399999618530273,22385,0.0,0.0
2024-02-08 14:30:00-05:00,3.5199999809265137,3.549999952316284,3.512399911880493,3.5399999618530273,19939,0.0,0.0
2024-02-08 15:30:00-05:00,3.5299999713897705,3.5299999713897705,3.490000009536743,3.509999990463257,21786,0.0,0.0
2024-02-09 09:30:00-05:00,3.5799999237060547,3.6500000953674316,3.3499999046325684,3.390000104904175,31584,0.0,0.0
2024-02-09 10:30:00-05:00,3.4100000858306885,3.5299999713897705,3.409899950027466,3.490000009536743,11298,0.0,0.0
2024-02-09 11:30:00-05:00,3.509999990463257,3.5199999809265137,3.4800000190734863,3.490000009536743,6730,0.0,0.0
2024-02-09 12:30:00-05:00,3.490000009536743,3.5,3.4700000286102295,3.5,15680,0.0,0.0
2024-02-09 13:30:00-05:00,3.5,3.5199999809265137,3.4700000286102295,3.4800000190734863,21296,0.0,0.0
2024-02-09 14:30:00-05:00,3.4800000190734863,3.5,3.440000057220459,3.440000057220459,15739,0.0,0.0
2024-02-09 15:30:00-05:00,3.450000047683716,3.490000009536743,3.4000000953674316,3.430000066757202,26225,0.0,0.0
2024-02-12 09:30:00-05:00,3.4200000762939453,3.4700000286102295,3.3499999046325684,3.375,35748,0.0,0.0
2024-02-12 10:30:00-05:00,3.375,3.390000104904175,3.299999952316284,3.304500102996826,20031,0.0,0.0
2024-02-12 11:30:00-05:00,3.299999952316284,3.369999885559082,3.299999952316284,3.309999942779541,13930,0.0,0.0
2024-02-12 12:30:00-05:00,3.309999942779541,3.3399999141693115,3.299999952316284,3.3299999237060547,21794,0.0,0.0
2024-02-12 13:30:00-05:00,3.3299999237060547,3.3499999046325684,3.2699999809265137,3.309999942779541,37457,0.0,0.0
2024-02-12 14:30:00-05:00,3.299999952316284,3.319999933242798,3.2300000190734863,3.26200008392334,21629,0.0,0.0
2024-02-12 15:30:00-05:00,3.2697999477386475,3.3399999141693115,3.2300000190734863,3.3299999237060547,31912,0.0,0.0
2024-02-13 09:30:00-05:00,3.119999885559082,3.3566999435424805,3.119999885559082,3.1649999618530273,98974,0.0,0.0
2024-02-13 10:30:00-05:00,3.1700000762939453,3.180000066757202,3.0799999237060547,3.0899999141693115,49597,0.0,0.0
2024-02-13 11:30:00-05:00,3.0899999141693115,3.0999999046325684,3.049999952316284,3.059999942779541,46732,0.0,0.0
2024-02-13 12:30:00-05:00,3.069999933242798,3.0999999046325684,3.059999942779541,3.0899999141693115,18522,0.0,0.0
2024-02-13 13:30:00-05:00,3.069999933242798,3.109999895095825,3.069999933242798,3.0899999141693115,12469,0.0,0.0
2024-02-13 14:30:00-05:00,3.0899999141693115,3.125,3.049999952316284,3.069999933242798,26984,0.0,0.0
2024-02-13 15:30:00-05:00,3.0799999237060547,3.0799999237060547,3.049999952316284,3.049999952316284,25238,0.0,0.0
2024-02-14 09:30:00-05:00,3.0999999046325684,3.109999895095825,3.0399999618530273,3.059999942779541,12526,0.0,0.0
2024-02-14 10:30:00-05:00,3.059999942779541,3.059999942779541,3.0199999809265137,3.0399999618530273,27755,0.0,0.0
2024-02-14 11:30:00-05:00,3.0399999618530273,3.0450000762939453,2.930000066757202,3.0,43819,0.0,0.0
2024-02-14 12:30:00-05:00,3.0,3.059999942779541,2.990000009536743,3.049999952316284,50778,0.0,0.0
2024-02-14 13:30:00-05:00,3.049999952316284,3.115000009536743,3.0399999618530273,3.0999999046325684,26273,0.0,0.0
2024-02-14 14:30:00-05:00,3.119999885559082,3.1700000762939453,3.0899999141693115,3.140000104904175,42523,0.0,0.0
2024-02-14 15:30:00-05:00,3.140000104904175,3.140000104904175,3.0299999713897705,3.069999933242798,25323,0.0,0.0
2024-02-15 09:30:00-05:00,3.109999895095825,3.150099992752075,3.0999999046325684,3.0999999046325684,15938,0.0,0.0
2024-02-15 10:30:00-05:00,3.0950000286102295,3.0950000286102295,2.990000009536743,3.009999990463257,40137,0.0,0.0
2024-02-15 11:30:00-05:00,3.0199999809265137,3.029400110244751,2.990000009536743,2.990000009536743,21444,0.0,0.0
2024-02-15 12:30:00-05:00,3.015000104904175,3.015000104904175,3.0,3.0,12346,0.0,0.0
2024-02-15 13:30:00-05:00,3.0199999809265137,3.1600000858306885,3.009999990463257,3.140000104904175,30042,0.0,0.0
2024-02-15 14:30:00-05:00,3.140000104904175,3.1700000762939453,3.0999999046325684,3.109999895095825,37985,0.0,0.0
2024-02-15 15:30:00-05:00,3.109999895095825,3.119999885559082,3.069999933242798,3.0899999141693115,30605,0.0,0.0
2024-02-16 09:30:00-05:00,3.059999942779541,3.119999885559082,2.950000047683716,2.9649999141693115,77356,0.0,0.0
2024-02-16 10:30:00-05:00,2.950000047683716,2.9779999256134033,2.940000057220459,2.9700000286102295,27673,0.0,0.0
2024-02-16 11:30:00-05:00,2.9700000286102295,2.990000009536743,2.9200000762939453,2.9549999237060547,21939,0.0,0.0
2024-02-16 12:30:00-05:00,2.9549999237060547,2.9800000190734863,2.9549999237060547,2.9800000190734863,18433,0.0,0.0
2024-02-16 13:30:00-05:00,2.990000009536743,3.0199999809265137,2.9700000286102295,2.984999895095825,31504,0.0,0.0
2024-02-16 14:30:00-05:00,2.984999895095825,3.0399999618530273,2.9700000286102295,3.0299999713897705,16837,0.0,0.0
2024-02-16 15:30:00-05:00,3.0299999713897705,3.0399999618530273,2.9700000286102295,2.9700000286102295,24070,0.0,0.0
2024-02-20 09:30:00-05:00,2.9700000286102295,3.059999942779541,2.880000114440918,2.9191999435424805,21451,0.0,0.0
2024-02-20 10:30:00-05:00,2.9100000858306885,2.9200000762939453,2.799999952316284,2.799999952316284,37976,0.0,0.0
2024-02-20 11:30:00-05:00,2.7899999618530273,2.823199987411499,2.7100000381469727,2.7799999713897705,54773,0.0,0.0
2024-02-20 12:30:00-05:00,2.7799999713897705,2.8399999141693115,2.75,2.7750000953674316,37013,0.0,0.0
2024-02-20 13:30:00-05:00,2.7799999713897705,2.805000066757202,2.759999990463257,2.7899999618530273,21761,0.0,0.0
2024-02-20 14:30:00-05:00,2.7899999618530273,2.7899999618530273,2.759999990463257,2.7699999809265137,29621,0.0,0.0
2024-02-20 15:30:00-05:00,2.759999990463257,2.7699999809265137,2.75,2.759999990463257,19762,0.0,0.0
2024-02-21 09:30:00-05:00,2.75,2.75600004196167,2.6600000858306885,2.678499937057495,21244,0.0,0.0
2024-02-21 10:30:00-05:00,2.6700000762939453,2.6933999061584473,2.630000114440918,2.680000066757202,20886,0.0,0.0
2024-02-21 11:30:00-05:00,2.678499937057495,2.690000057220459,2.6600000858306885,2.690000057220459,14478,0.0,0.0
2024-02-21 12:30:00-05:00,2.684999942779541,2.700000047683716,2.6700000762939453,2.690000057220459,7295,0.0,0.0
2024-02-21 13:30:00-05:00,2.680000066757202,2.7309999465942383,2.680000066757202,2.700000047683716,12148,0.0,0.0
2024-02-21 14:30:00-05:00,2.690000057220459,2.7100000381469727,2.6700000762939453,2.7100000381469727,12657,0.0,0.0
2024-02-21 15:30:00-05:00,2.7149999141693115,2.7300000190734863,2.700000047683716,2.7300000190734863,19890,0.0,0.0
2024-02-22 09:30:00-05:00,2.7300000190734863,2.75,2.609999895095825,2.634999990463257,18419,0.0,0.0
2024-02-22 10:30:00-05:00,2.64490008354187,2.659899950027466,2.619999885559082,2.6500000953674316,13103,0.0,0.0
2024-02-22 11:30:00-05:00,2.6449999809265137,2.7100000381469727,2.630000114440918,2.694999933242798,14675,0.0,0.0
2024-02-22 12:30:00-05:00,2.7100000381469727,2.7300000190734863,2.6700000762939453,2.7100000381469727,13872,0.0,0.0
2024-02-22 13:30:00-05:00,2.712899923324585,2.7200000286102295,2.7100000381469727,2.7100000381469727,6761,0.0,0.0
2024-02-22 14:30:00-05:00,2.7100000381469727,2.7100000381469727,2.6700000762939453,2.6700000762939453,12352,0.0,0.0
2024-02-22 15:30:00-05:00,2.6700000762939453,2.7049999237060547,2.6700000762939453,2.700000047683716,25506,0.0,0.0
2024-02-23 09:30:00-05:00,2.700000047683716,2.700000047683716,2.5399999618530273,2.630000114440918,51482,0.0,0.0
2024-02-23 10:30:00-05:00,2.634999990463257,2.700000047683716,2.634999990463257,2.680000066757202,8575,0.0,0.0
2024-02-23 11:30:00-05:00,2.690000057220459,2.7200000286102295,2.680000066757202,2.7100000381469727,25843,0.0,0.0
2024-02-23 12:30:00-05:00,2.690999984741211,2.75,2.690000057220459,2.7202000617980957,19199,0.0,0.0
2024-02-23 13:30:00-05:00,2.7200000286102295,2.75,2.700000047683716,2.7249999046325684,12888,0.0,0.0
2024-02-23 14:30:00-05:00,2.7249999046325684,2.7899999618530273,2.7200000286102295,2.7699999809265137,31822,0.0,0.0
2024-02-23 15:30:00-05:00,2.7799999713897705,2.7899999618530273,2.75,2.7699999809265137,35638,0.0,0.0
2024-02-26 09:30:00-05:00,2.7699999809265137,2.884999990463257,2.7699999809265137,2.819999933242798,22235,0.0,0.0
2024-02-26 10:30:00-05:00,2.825000047683716,2.8499999046325684,2.7799999713897705,2.7799999713897705,11556,0.0,0.0
2024-02-26 11:30:00-05:00,2.779900074005127,2.779900074005127,2.740000009536743,2.740000009536743,7617,0.0,0.0
2024-02-26 12:30:00-05:00,2.740000009536743,2.815000057220459,2.740000009536743,2.7799999713897705,21442,0.0,0.0
2024-02-26 13:30:00-05:00,2.7699999809265137,2.795599937438965,2.759999990463257,2.7799999713897705,2603,0.0,0.0
2024-02-26 14:30:00-05:00,2.7699999809265137,2.7699999809265137,2.740000009536743,2.75,9969,0.0,0.0
2024-02-26 15:30:00-05:00,2.740000009536743,2.7799999713897705,2.740000009536743,2.7699999809265137,11538,0.0,0.0
2024-02-27 09:30:00-05:00,2.7699999809265137,2.8550000190734863,2.75,2.7699999809265137,22085,0.0,0.0
2024-02-27 10:30:00-05:00,2.7799999713897705,2.9200000762939453,2.7100000381469727,2.8499999046325684,63274,0.0,0.0
2024-02-27 11:30:00-05:00,2.859999895095825,2.9100000858306885,2.8399999141693115,2.8949999809265137,21490,0.0,0.0
2024-02-27 12:30:00-05:00,2.890000104904175,2.890000104904175,2.819999933242798,2.869999885559082,10393,0.0,0.0
2024-02-27 13:30:00-05:00,2.859999895095825,2.86929988861084,2.7699999809265137,2.8299999237060547,17417,0.0,0.0
2024-02-27 14:30:00-05:00,2.799999952316284,2.863800048828125,2.7899999618530273,2.8503000736236572,31309,0.0,0.0
2024-02-27 15:30:00-05:00,2.859999895095825,2.880000114440918,2.8450000286102295,2.880000114440918,16279,0.0,0.0
2024-02-28 09:30:00-05:00,2.8299999237060547,2.8399999141693115,2.801800012588501,2.8399999141693115,6283,0.0,0.0
2024-02-28 10:30:00-05:00,2.8499999046325684,2.9100000858306885,2.8499999046325684,2.859999895095825,33700,0.0,0.0
2024-02-28 11:30:00-05:00,2.859999895095825,2.884999990463257,2.859999895095825,2.859999895095825,10871,0.0,0.0
2024-02-28 12:30:00-05:00,2.869999885559082,2.8952999114990234,2.8510000705718994,2.8952999114990234,12321,0.0,0.0
2024-02-28 13:30:00-05:00,2.9000000953674316,2.9000000953674316,2.880000114440918,2.9000000953674316,11289,0.0,0.0
2024-02-28 14:30:00-05:00,2.890000104904175,2.940000057220459,2.890000104904175,2.940000057220459,16110,0.0,0.0
2024-02-28 15:30:00-05:00,2.934999942779541,2.950000047683716,2.890000104904175,2.8949999809265137,18935,0.0,0.0
2024-02-29 09:30:00-05:00,2.8299999237060547,2.955699920654297,2.8101000785827637,2.9200000762939453,11570,0.0,0.0
2024-02-29 10:30:00-05:00,2.880000114440918,2.9200000762939453,2.8399999141693115,2.8399999141693115,3297,0.0,0.0
2024-02-29 11:30:00-05:00,2.8399999141693115,2.869999885559082,2.8399999141693115,2.869999885559082,8394,0.0,0.0
2024-02-29 12:30:00-05:00,2.875,2.8887999057769775,2.869999885559082,2.880000114440918,2544,0.0,0.0
2024-02-29 13:30:00-05:00,2.8884999752044678,2.940000057220459,2.8884999752044678,2.9049999713897705,3774,0.0,0.0
2024-02-29 14:30:00-05:00,2.890000104904175,2.9200000762939453,2.859999895095825,2.9100000858306885,12924,0.0,0.0
2024-02-29 15:30:00-05:00,2.9100000858306885,2.940000057220459,2.9049999713897705,2.930000066757202,10083,0.0,0.0
2024-03-01 09:30:00-05:00,2.869999885559082,2.869999885559082,2.809999942779541,2.8399999141693115,3171,0.0,0.0
2024-03-01 10:30:00-05:00,2.8399999141693115,2.950000047683716,2.809999942779541,2.8550000190734863,21892,0.0,0.0
2024-03-01 11:30:00-05:00,2.8650999069213867,2.869999885559082,2.819999933242798,2.869999885559082,6292,0.0,0.0
2024-03-01 12:30:00-05:00,2.869999885559082,2.869999885559082,2.799999952316284,2.8399999141693115,24935,0.0,0.0
2024-03-01 13:30:00-05:00,2.8299999237060547,2.9000000953674316,2.819999933242798,2.869999885559082,9415,0.0,0.0
2024-03-01 14:30:00-05:00,2.9000000953674316,2.940000057220459,2.8499999046325684,2.880000114440918,25153,0.0,0.0
2024-03-01 15:30:00-05:00,2.9000000953674316,2.9100000858306885,2.880000114440918,2.890000104904175,9217,0.0,0.0
2024-03-04 09:30:00-05:00,2.9000000953674316,2.940000057220459,2.7899999618530273,2.8299999237060547,7650,0.0,0.0
2024-03-04 10:30:00-05:00,2.839400053024292,2.859999895095825,2.7799999713897705,2.831700086593628,6,0.0,0.0
2024-03-04 11:30:00-05:00,2.809999942779541,2.8499999046325684,2.7799999713897705,2.812999963760376,13148,0.0,0.0
2024-03-04 12:30:00-05:00,2.8285999298095703,2.8399999141693115,2.809999942779541,2.809999942779541,10666,0.0,0.0
2024-03-04 13:30:00-05:00,2.809999942779541,2.815000057220459,2.759999990463257,2.7799999713897705,6074,0.0,0.0
2024-03-04 14:30:00-05:00,2.7964000701904297,2.8129000663757324,2.759999990463257,2.759999990463257,8341,0.0,0.0
2024-03-04 15:30:00-05:00,2.759999990463257,2.7699999809265137,2.7200000286102295,2.7200000286102295,60659,0.0,0.0
2024-03-05 09:30:00-05:00,2.700000047683716,2.75,2.6700000762939453,2.694999933242798,20273,0.0,0.0
2024-03-05 10:30:00-05:00,2.680000066757202,2.7100000381469727,2.6700000762939453,2.700000047683716,7789,0.0,0.0
2024-03-05 11:30:00-05:00,2.700000047683716,2.7100000381469727,2.680000066757202,2.690000057220459,17798,0.0,0.0
2024-03-05 12:30:00-05:00,2.709199905395508,2.709199905395508,2.684999942779541,2.690000057220459,6516,0.0,0.0
2024-03-05 13:30:00-05:00,2.690000057220459,2.690000057220459,2.6600000858306885,2.6600000858306885,7929,0.0,0.0
2024-03-05 14:30:00-05:00,2.6600000858306885,2.6602001190185547,2.619999885559082,2.6257998943328857,8849,0.0,0.0
2024-03-05 15:30:00-05:00,2.625,2.6449999809265137,2.619999885559082,2.619999885559082,80856,0.0,0.0
2024-03-06 09:30:00-05:00,2.680000066757202,2.724900007247925,2.5799999237060547,2.5799999237060547,19503,0.0,0.0
2024-03-06 10:30:00-05:00,2.574399948120117,2.5999999046325684,2.569999933242798,2.5799999237060547,10178,0.0,0.0
2024-03-06 11:30:00-05:00,2.5799999237060547,2.630000114440918,2.569999933242798,2.569999933242798,9930,0.0,0.0
2024-03-06 12:30:00-05:00,2.579900026321411,2.609999895095825,2.5399999618530273,2.5899999141693115,22537,0.0,0.0
2024-03-06 13:30:00-05:00,2.609999895095825,2.609999895095825,2.549999952316284,2.569999933242798,5818,0.0,0.0
2024-03-06 14:30:00-05:00,2.559999942779541,2.565000057220459,2.5199999809265137,2.5199999809265137,13849,0.0,0.0
2024-03-06 15:30:00-05:00,2.5336999893188477,2.539900064468384,2.490000009536743,2.490000009536743,61219,0.0,0.0
2024-03-07 09:30:00-05:00,2.5199999809265137,2.5697999000549316,2.4600000381469727,2.559999942779541,14950,0.0,0.0
2024-03-07 10:30:00-05:00,2.559999942779541,2.5799999237060547,2.5250000953674316,2.5399999618530273,10171,0.0,0.0
2024-03-07 11:30:00-05:00,2.5599000453948975,2.569999933242798,2.549799919128418,2.559999942779541,2974,0.0,0.0
2024-03-07 12:30:00-05:00,2.559999942779541,2.5799999237060547,2.549999952316284,2.559999942779541,16754,0.0,0.0
2024-03-07 13:30:00-05:00,2.559999942779541,2.5899999141693115,2.549999952316284,2.567199945449829,23362,0.0,0.0
2024-03-07 14:30:00-05:00,2.559999942779541,2.5799999237060547,2.559999942779541,2.5799999237060547,11270,0.0,0.0
2024-03-07 15:30:00-05:00,2.5899999141693115,2.5999999046325684,2.559999942779541,2.5799999237060547,11720,0.0,0.0
2024-03-08 09:30:00-05:00,2.6500000953674316,2.700000047683716,2.6500000953674316,2.6600000858306885,23908,0.0,0.0
2024-03-08 10:30:00-05:00,2.680000066757202,2.740000009536743,2.6584999561309814,2.735100030899048,34535,0.0,0.0
2024-03-08 11:30:00-05:00,2.7300000190734863,2.740000009536743,2.690000057220459,2.700000047683716,22047,0.0,0.0
2024-03-08 12:30:00-05:00,2.7100000381469727,2.75,2.690000057220459,2.7300000190734863,15974,0.0,0.0
2024-03-08 13:30:00-05:00,2.7481000423431396,2.7799999713897705,2.700000047683716,2.759999990463257,89807,0.0,0.0
2024-03-08 14:30:00-05:00,2.744499921798706,2.809999942779541,2.740000009536743,2.799999952316284,19188,0.0,0.0
2024-03-08 15:30:00-05:00,2.7799999713897705,2.809999942779541,2.7699999809265137,2.7899999618530273,18817,0.0,0.0
2024-03-11 09:30:00-04:00,2.809999942779541,2.950000047683716,2.809999942779541,2.950000047683716,21873,0.0,0.0
2024-03-11 10:30:00-04:00,2.950000047683716,3.0146000385284424,2.950000047683716,3.0116000175476074,27301,0.0,0.0
2024-03-11 11:30:00-04:00,3.0,3.099900007247925,2.9800000190734863,3.0199999809265137,27121,0.0,0.0
2024-03-11 12:30:00-04:00,3.0199999809265137,3.0727999210357666,3.0,3.0199999809265137,16005,0.0,0.0
2024-03-11 13:30:00-04:00,3.0350000858306885,3.089900016784668,3.0199999809265137,3.089900016784668,21013,0.0,0.0
2024-03-11 14:30:00-04:00,3.049999952316284,3.0799999237060547,3.0199999809265137,3.069999933242798,16179,0.0,0.0
2024-03-11 15:30:00-04:00,3.059999942779541,3.0950000286102295,3.0517001152038574,3.069999933242798,21906,0.0,0.0
2024-03-12 09:30:00-04:00,3.0999999046325684,3.147599935531616,3.0199999809265137,3.140000104904175,32580,0.0,0.0
2024-03-12 10:30:00-04:00,3.1500000953674316,3.200000047683716,3.140000104904175,3.190000057220459,31128,0.0,0.0
2024-03-12 11:30:00-04:00,3.174999952316284,3.190000057220459,3.0299999713897705,3.0299999713897705,15139,0.0,0.0
2024-03-12 12:30:00-04:00,3.049999952316284,3.119999885559082,3.0299999713897705,3.119999885559082,22732,0.0,0.0
2024-03-12 13:30:00-04:00,3.119999885559082,3.119999885559082,3.059999942779541,3.069999933242798,13420,0.0,0.0
2024-03-12 14:30:00-04:00,3.109999895095825,3.190000057220459,3.0799999237060547,3.140000104904175,32810,0.0,0.0
2024-03-12 15:30:00-04:00,3.140000104904175,3.2100000381469727,3.140000104904175,3.190000057220459,56179,0.0,0.0
2024-03-13 09:30:00-04:00,3.2200000286102295,3.390000104904175,3.190000057220459,3.190000057220459,26486,0.0,0.0
2024-03-13 10:30:00-04:00,3.180000066757202,3.2267000675201416,3.1500000953674316,3.194999933242798,23187,0.0,0.0
2024-03-13 11:30:00-04:00,3.180000066757202,3.2699999809265137,3.180000066757202,3.2300000190734863,21410,0.0,0.0
2024-03-13 12:30:00-04:00,3.200000047683716,3.2339999675750732,3.180000066757202,3.2200000286102295,18425,0.0,0.0
2024-03-13 13:30:00-04:00,3.2149999141693115,3.2499001026153564,3.1700000762939453,3.2100000381469727,32687,0.0,0.0
2024-03-13 14:30:00-04:00,3.190000057220459,3.2300000190734863,3.0899999141693115,3.0999999046325684,40087,0.0,0.0
2024-03-13 15:30:00-04:00,3.109999895095825,3.1600000858306885,3.049999952316284,3.059999942779541,43970,0.0,0.0
2024-03-14 09:30:00-04:00,3.009999990463257,3.119999885559082,2.930000066757202,3.049999952316284,38845,0.0,0.0
2024-03-14 10:30:00-04:00,3.0899999141693115,3.1700000762939453,3.0899999141693115,3.119999885559082,30284,0.0,0.0
2024-03-14 11:30:00-04:00,3.119999885559082,3.119999885559082,3.069999933242798,3.0999999046325684,29052,0.0,0.0
2024-03-14 12:30:00-04:00,3.093899965286255,3.1500000953674316,3.069999933242798,3.1273999214172363,25052,0.0,0.0
2024-03-14 13:30:00-04:00,3.130000114440918,3.130000114440918,3.0899999141693115,3.0899999141693115,1514,0.0,0.0
2024-03-14 14:30:00-04:00,3.0899999141693115,3.1196999549865723,3.059999942779541,3.069999933242798,58866,0.0,0.0
2024-03-14 15:30:00-04:00,3.069999933242798,3.0899999141693115,3.059999942779541,3.0899999141693115,13905,0.0,0.0
2024-03-15 09:30:00-04:00,3.059999942779541,3.109999895095825,3.0399999618530273,3.0399999618530273,52511,0.0,0.0
2024-03-15 10:30:00-04:00,3.0399999618530273,3.049999952316284,2.990000009536743,3.0299999713897705,44700,0.0,0.0
2024-03-15 11:30:00-04:00,3.0299999713897705,3.0325000286102295,2.990000009536743,3.0199999809265137,0,0.0,0.0
2024-03-15 12:30:00-04:00,3.0199999809265137,3.0999999046325684,3.005000114440918,3.059999942779541,10663,0.0,0.0
2024-03-15 13:30:00-04:00,3.071000099182129,3.0999999046325684,3.0148000717163086,3.0399999618530273,9949,0.0,0.0
2024-03-15 14:30:00-04:00,3.059999942779541,3.130000114440918,3.059999942779541,3.109999895095825,10709,0.0,0.0
2024-03-15 15:30:00-04:00,3.109999895095825,3.1500000953674316,3.0999999046325684,3.109999895095825,14178,0.0,0.0
2024-03-18 09:30:00-04:00,3.1600000858306885,3.190000057220459,3.109999895095825,3.109999895095825,18867,0.0,0.0
2024-03-18 10:30:00-04:00,3.0999999046325684,3.140000104904175,3.0999999046325684,3.140000104904175,4817,0.0,0.0
2024-03-18 11:30:00-04:00,3.109999895095825,3.119999885559082,3.0799999237060547,3.0799999237060547,28721,0.0,0.0
2024-03-18 12:30:00-04:00,3.0829999446868896,3.0829999446868896,3.0524001121520996,3.0524001121520996,23802,0.0,0.0
2024-03-18 13:30:00-04:00,3.049999952316284,3.049999952316284,2.990000009536743,3.0,14604,0.0,0.0
2024-03-18 14:30:00-04:00,2.990000009536743,2.994999885559082,2.9200000762939453,2.9200000762939453,21732,0.0,0.0
2024-03-18 15:30:00-04:00,2.9279000759124756,2.930000066757202,2.8399999141693115,2.8399999141693115,29159,0.0,0.0
2024-03-19 09:30:00-04:00,2.8399999141693115,2.9000000953674316,2.700000047683716,2.7750000953674316,57563,0.0,0.0
2024-03-19 10:30:00-04:00,2.7699999809265137,2.7899999618530273,2.740000009536743,2.7806999683380127,20507,0.0,0.0
2024-03-19 11:30:00-04:00,2.7699999809265137,2.799999952316284,2.759999990463257,2.799999952316284,14747,0.0,0.0
2024-03-19 12:30:00-04:00,2.809999942779541,2.820499897003174,2.7899999618530273,2.809999942779541,16186,0.0,0.0
2024-03-19 13:30:00-04:00,2.799999952316284,2.809999942779541,2.7699999809265137,2.7699999809265137,21211,0.0,0.0
2024-03-19 14:30:00-04:00,2.7699999809265137,2.825000047683716,2.759999990463257,2.825000047683716,32784,0.0,0.0
2024-03-19 15:30:00-04:00,2.811000108718872,2.8399999141693115,2.809999942779541,2.8299999237060547,32607,0.0,0.0
2024-03-20 09:30:00-04:00,2.819999933242798,2.859999895095825,2.809999942779541,2.8499999046325684,5603,0.0,0.0
2024-03-20 10:30:00-04:00,2.8499999046325684,2.9000000953674316,2.8499999046325684,2.8949999809265137,11722,0.0,0.0
2024-03-20 11:30:00-04:00,2.890000104904175,2.959700107574463,2.869999885559082,2.9549999237060547,19722,0.0,0.0
2024-03-20 12:30:00-04:00,2.950000047683716,2.9800000190734863,2.950000047683716,2.950000047683716,10392,0.0,0.0
2024-03-20 13:30:00-04:00,2.940000057220459,3.0199999809265137,2.940000057220459,2.9800000190734863,21955,0.0,0.0
2024-03-20 14:30:00-04:00,2.984999895095825,3.0399999618530273,2.940000057220459,3.0299999713897705,22595,0.0,0.0
2024-03-20 15:30:00-04:00,3.0202999114990234,3.059999942779541,3.009999990463257,3.0199999809265137,39064,0.0,0.0
2024-03-21 09:30:00-04:00,3.0299999713897705,3.033600091934204,3.0,3.0,5568,0.0,0.0
2024-03-21 10:30:00-04:00,3.0,3.006700038909912,2.9200000762939453,2.930000066757202,17675,0.0,0.0
2024-03-21 11:30:00-04:00,2.9200000762939453,2.9600000381469727,2.9100000858306885,2.9149999618530273,13922,0.0,0.0
2024-03-21 12:30:00-04:00,2.9100000858306885,2.918800115585327,2.859999895095825,2.8773000240325928,8746,0.0,0.0
2024-03-21 13:30:00-04:00,2.859999895095825,2.8791000843048096,2.8299999237060547,2.859999895095825,16152,0.0,0.0
2024-03-21 14:30:00-04:00,2.8499999046325684,2.8499999046325684,2.7899999618530273,2.799999952316284,17662,0.0,0.0
2024-03-21 15:30:00-04:00,2.809999942779541,2.8199000358581543,2.7300000190734863,2.759999990463257,26598,0.0,0.0
2024-03-22 09:30:00-04:00,2.75,2.750999927520752,2.6800999641418457,2.700000047683716,11386,0.0,0.0
2024-03-22 10:30:00-04:00,2.7300000190734863,2.7300000190734863,2.680000066757202,2.700000047683716,14565,0.0,0.0
2024-03-22 11:30:00-04:00,2.690000057220459,2.7190001010894775,2.690000057220459,2.700000047683716,7299,0.0,0.0
2024-03-22 12:30:00-04:00,2.719599962234497,2.7200000286102295,2.700000047683716,2.7100000381469727,5134,0.0,0.0
2024-03-22 13:30:00-04:00,2.7100000381469727,2.7300000190734863,2.700000047683716,2.7249999046325684,6578,0.0,0.0
2024-03-22 14:30:00-04:00,2.7200000286102295,2.725100040435791,2.684999942779541,2.699899911880493,18417,0.0,0.0
2024-03-22 15:30:00-04:00,2.680000066757202,2.699899911880493,2.6600000858306885,2.6600000858306885,38101,0.0,0.0
2024-03-25 09:30:00-04:00,2.7100000381469727,2.7239999771118164,2.700000047683716,2.7200000286102295,22244,0.0,0.0
2024-03-25 10:30:00-04:00,2.739300012588501,2.799999952316284,2.7200000286102295,2.799999952316284,6775,0.0,0.0
2024-03-25 11:30:00-04:00,2.7999000549316406,2.8213999271392822,2.7699999809265137,2.797300100326538,15356,0.0,0.0
2024-03-25 12:30:00-04:00,2.7799999713897705,2.799999952316284,2.759999990463257,2.799999952316284,20805,0.0,0.0
2024-03-25 13:30:00-04:00,2.7799999713897705,2.890000104904175,2.7799999713897705,2.884999990463257,32421,0.0,0.0
2024-03-25 14:30:00-04:00,2.880000114440918,2.9200000762939453,2.880000114440918,2.9149999618530273,16894,0.0,0.0
2024-03-25 15:30:00-04:00,2.9200000762939453,2.9200000762939453,2.8299999237060547,2.8499999046325684,35833,0.0,0.0
2024-03-26 09:30:00-04:00,2.9100000858306885,3.059999942779541,2.8550000190734863,2.859999895095825,31481,0.0,0.0
2024-03-26 10:30:00-04:00,2.86899995803833,2.918800115585327,2.859999895095825,2.8989999294281006,23370,0.0,0.0
2024-03-26 11:30:00-04:00,2.890000104904175,3.109999895095825,2.890000104904175,3.009999990463257,94983,0.0,0.0
2024-03-26 12:30:00-04:00,3.009999990463257,3.0199999809265137,2.9700000286102295,3.009999990463257,46961,0.0,0.0
2024-03-26 13:30:00-04:00,3.009999990463257,3.0399999618530273,3.005000114440918,3.0199999809265137,27272,0.0,0.0
2024-03-26 14:30:00-04:00,3.009999990463257,3.130000114440918,3.009999990463257,3.0899999141693115,39064,0.0,0.0
2024-03-26 15:30:00-04:00,3.0799999237060547,3.0999999046325684,3.059999942779541,3.069999933242798,26851,0.0,0.0
2024-03-27 09:30:00-04:00,3.130000114440918,3.430000066757202,3.069999933242798,3.4100000858306885,105585,0.0,0.0
2024-03-27 10:30:00-04:00,3.4200000762939453,3.4200000762939453,3.259999990463257,3.300299882888794,47961,0.0,0.0
2024-03-27 11:30:00-04:00,3.305000066757202,3.369999885559082,3.3032000064849854,3.369999885559082,23331,0.0,0.0
2024-03-27 12:30:00-04:00,3.3898000717163086,3.430000066757202,3.259999990463257,3.2899999618530273,41323,0.0,0.0
2024-03-27 13:30:00-04:00,3.2899999618530273,3.2899999618530273,3.2100000381469727,3.2699999809265137,34317,0.0,0.0
2024-03-27 14:30:00-04:00,3.2699999809265137,3.2899999618530273,3.259999990463257,3.2899999618530273,15593,0.0,0.0
2024-03-27 15:30:00-04:00,3.2892000675201416,3.3499999046325684,3.2799999713897705,3.3399999141693115,29767,0.0,0.0
2024-03-28 09:30:00-04:00,3.3399999141693115,3.3499999046325684,3.2149999141693115,3.2149999141693115,55690,0.0,0.0
2024-03-28 10:30:00-04:00,3.2200000286102295,3.2200000286102295,3.0999999046325684,3.172499895095825,57138,0.0,0.0
2024-03-28 11:30:00-04:00,3.180000066757202,3.299999952316284,3.1700000762939453,3.2699999809265137,103037,0.0,0.0
2024-03-28 12:30:00-04:00,3.2799999713897705,3.2799999713897705,3.1600000858306885,3.1600000858306885,18149,0.0,0.0
2024-03-28 13:30:00-04:00,3.1600000858306885,3.200000047683716,3.119999885559082,3.1201000213623047,7491,0.0,0.0
2024-03-28 14:30:00-04:00,3.130000114440918,3.2100000381469727,3.0999999046325684,3.1923999786376953,13190,0.0,0.0
2024-03-28 15:30:00-04:00,3.200000047683716,3.200000047683716,3.1500000953674316,3.1700000762939453,10599,0.0,0.0
2024-04-01 09:30:00-04:00,3.190000057220459,3.246000051498413,3.0999999046325684,3.140000104904175,23899,0.0,0.0
2024-04-01 10:30:00-04:00,3.119999885559082,3.1500000953674316,3.069999933242798,3.0999999046325684,15914,0.0,0.0
2024-04-01 11:30:00-04:00,3.0899999141693115,3.0899999141693115,3.0399999618530273,3.049999952316284,22775,0.0,0.0
2024-04-01 12:30:00-04:00,3.0399999618530273,3.069999933242798,3.005000114440918,3.005000114440918,10554,0.0,0.0
2024-04-01 13:30:00-04:00,3.0,3.069999933242798,3.0,3.059999942779541,10787,0.0,0.0
2024-04-01 14:30:00-04:00,3.0299999713897705,3.069999933242798,2.9800000190734863,3.059999942779541,21777,0.0,0.0
2024-04-01 15:30:00-04:00,3.069999933242798,3.069999933242798,3.049999952316284,3.059999942779541,16796,0.0,0.0
2024-04-02 09:30:00-04:00,3.0199999809265137,3.0250000953674316,2.9200000762939453,2.944999933242798,9984,0.0,0.0
2024-04-02 10:30:00-04:00,2.9200000762939453,2.9600000381469727,2.9100000858306885,2.9200000762939453,9535,0.0,0.0
2024-04-02 11:30:00-04:00,2.950000047683716,3.009999990463257,2.949899911880493,3.0,16206,0.0,0.0
2024-04-02 12:30:00-04:00,3.0,3.0399999618530273,2.9800000190734863,3.0199999809265137,17330,0.0,0.0
2024-04-02 13:30:00-04:00,3.015000104904175,3.0399999618530273,3.009999990463257,3.0215001106262207,6766,0.0,0.0
2024-04-02 14:30:00-04:00,3.009999990463257,3.009999990463257,2.9800000190734863,3.0,43359,0.0,0.0
2024-04-02 15:30:00-04:00,3.0,3.0399999618530273,2.990000009536743,3.009999990463257,16569,0.0,0.0
2024-04-03 09:30:00-04:00,3.0399999618530273,3.0399999618530273,2.9600000381469727,3.0,7357,0.0,0.0
2024-04-03 10:30:00-04:00,3.0,3.049999952316284,3.0,3.049999952316284,3716,0.0,0.0
2024-04-03 11:30:00-04:00,3.059999942779541,3.059999942779541,3.0199999809265137,3.0299999713897705,6513,0.0,0.0
2024-04-03 12:30:00-04:00,3.0399999618530273,3.065000057220459,3.0299999713897705,3.0450000762939453,6994,0.0,0.0
2024-04-03 13:30:00-04:00,3.0399999618530273,3.049999952316284,3.0199999809265137,3.049999952316284,11478,0.0,0.0
2024-04-03 14:30:00-04:00,3.049999952316284,3.049999952316284,3.009999990463257,3.0299999713897705,16563,0.0,0.0
2024-04-03 15:30:00-04:00,3.009999990463257,3.0399999618530273,2.9700000286102295,3.0199999809265137,47545,0.0,0.0
2024-04-04 09:30:00-04:00,3.1721999645233154,3.1721999645233154,3.0759999752044678,3.0950000286102295,5969,0.0,0.0
2024-04-04 10:30:00-04:00,3.0999999046325684,3.0999999046325684,3.0899999141693115,3.0899999141693115,615,0.0,0.0
2024-04-04 11:30:00-04:00,3.0899999141693115,3.130000114440918,3.0799999237060547,3.130000114440918,2569,0.0,0.0
2024-04-04 12:30:00-04:00,3.109999895095825,3.140000104904175,3.109999895095825,3.140000104904175,6133,0.0,0.0
2024-04-04 13:30:00-04:00,3.1305999755859375,3.180000066757202,3.130000114440918,3.1500000953674316,18467,0.0,0.0
2024-04-04 14:30:00-04:00,3.1500000953674316,3.1549999713897705,3.140000104904175,3.1500000953674316,22657,0.0,0.0
2024-04-04 15:30:00-04:00,3.1500000953674316,3.1500000953674316,3.0799999237060547,3.101599931716919,13927,0.0,0.0
2024-04-05 09:30:00-04:00,3.0999999046325684,3.218400001525879,3.059999942779541,3.069999933242798,23909,0.0,0.0
2024-04-05 10:30:00-04:00,3.069999933242798,3.0799999237060547,3.049999952316284,3.069999933242798,4261,0.0,0.0
2024-04-05 11:30:00-04:00,3.069999933242798,3.130000114440918,3.069999933242798,3.115000009536743,9609,0.0,0.0
2024-04-05 12:30:00-04:00,3.130000114440918,3.1600000858306885,3.109999895095825,3.1600000858306885,13149,0.0,0.0
2024-04-05 13:30:00-04:00,3.1449999809265137,3.1624999046325684,3.1435000896453857,3.1549999713897705,4527,0.0,0.0
2024-04-05 14:30:00-04:00,3.1624999046325684,3.174999952316284,3.140000104904175,3.1700000762939453,20855,0.0,0.0
2024-04-05 15:30:00-04:00,3.1700000762939453,3.190000057220459,3.1500000953674316,3.190000057220459,12624,0.0,0.0
2024-04-08 09:30:00-04:00,3.2100000381469727,3.2100000381469727,3.1600000858306885,3.180000066757202,2909,0.0,0.0
2024-04-08 10:30:00-04:00,3.2200000286102295,3.234999895095825,3.2200000286102295,3.2200000286102295,4967,0.0,0.0
2024-04-08 11:30:00-04:00,3.2200000286102295,3.2200000286102295,3.190000057220459,3.200000047683716,3558,0.0,0.0
2024-04-08 12:30:00-04:00,3.194999933242798,3.240000009536743,3.180000066757202,3.219899892807007,15719,0.0,0.0
2024-04-08 13:30:00-04:00,3.2200000286102295,3.2300000190734863,3.2100000381469727,3.22189998626709,4977,0.0,0.0
2024-04-08 14:30:00-04:00,3.2200000286102295,3.240000009536743,3.2200000286102295,3.2300000190734863,8112,0.0,0.0
2024-04-08 15:30:00-04:00,3.2300000190734863,3.3499999046325684,3.2300000190734863,3.3299999237060547,66026,0.0,0.0
2024-04-09 09:30:00-04:00,3.309999942779541,3.430000066757202,3.290299892425537,3.330199956893921,46497,0.0,0.0
2024-04-09 10:30:00-04:00,3.3299999237060547,3.3299999237060547,3.2899999618530273,3.3299999237060547,4694,0.0,0.0
2024-04-09 11:30:00-04:00,3.309999942779541,3.3299999237060547,3.2899999618530273,3.299999952316284,6800,0.0,0.0
2024-04-09 12:30:00-04:00,3.299999952316284,3.359999895095825,3.2950000762939453,3.3499999046325684,9811,0.0,0.0
2024-04-09 13:30:00-04:00,3.3399999141693115,3.3399999141693115,3.305000066757202,3.325000047683716,3791,0.0,0.0
2024-04-09 14:30:00-04:00,3.325000047683716,3.3499999046325684,3.2899999618530273,3.3350000381469727,14987,0.0,0.0
2024-04-09 15:30:00-04:00,3.3399999141693115,3.3450000286102295,3.309999942779541,3.3299999237060547,10302,0.0,0.0
2024-04-10 09:30:00-04:00,3.380000114440918,3.4200000762939453,3.1700000762939453,3.4000000953674316,35781,0.0,0.0
2024-04-10 10:30:00-04:00,3.4000000953674316,3.4000000953674316,3.2799999713897705,3.3299999237060547,14610,0.0,0.0
2024-04-10 11:30:00-04:00,3.299999952316284,3.299999952316284,3.25,3.259999990463257,4457,0.0,0.0
2024-04-10 12:30:00-04:00,3.279900074005127,3.279900074005127,3.2149999141693115,3.244999885559082,12922,0.0,0.0
2024-04-10 13:30:00-04:00,3.259999990463257,3.259999990463257,3.1800999641418457,3.190000057220459,9768,0.0,0.0
2024-04-10 14:30:00-04:00,3.190000057220459,3.3299999237060547,3.1600000858306885,3.25,15396,0.0,0.0
2024-04-10 15:30:00-04:00,3.234999895095825,3.2860000133514404,3.234999895095825,3.259999990463257,18603,0.0,0.0
2024-04-11 09:30:00-04:00,3.25,3.3299999237060547,3.1612000465393066,3.299999952316284,44816,0.0,0.0
2024-04-11 10:30:00-04:00,3.309999942779541,3.3299999237060547,3.2799999713897705,3.319999933242798,4467,0.0,0.0
2024-04-11 11:30:00-04:00,3.299999952316284,3.380000114440918,3.299999952316284,3.3399999141693115,8836,0.0,0.0
2024-04-11 12:30:00-04:00,3.3499999046325684,3.380000114440918,3.3399999141693115,3.3698999881744385,16783,0.0,0.0
2024-04-11 13:30:00-04:00,3.3499999046325684,3.380000114440918,3.3499999046325684,3.359999895095825,7426,0.0,0.0
2024-04-11 14:30:00-04:00,3.351900100708008,3.3598999977111816,3.309999942779541,3.309999942779541,17983,0.0,0.0
2024-04-11 15:30:00-04:00,3.299999952316284,3.359999895095825,3.299999952316284,3.3399999141693115,16278,0.0,0.0
2024-04-12 09:30:00-04:00,3.309999942779541,3.365299940109253,3.2899999618530273,3.2899999618530273,3939,0.0,0.0
2024-04-12 10:30:00-04:00,3.2899999618530273,3.380000114440918,3.25,3.380000114440918,13069,0.0,0.0
2024-04-12 11:30:00-04:00,3.3828999996185303,3.390000104904175,3.3399999141693115,3.3499999046325684,9311,0.0,0.0
2024-04-12 12:30:00-04:00,3.309999942779541,3.3399999141693115,3.309999942779541,3.309999942779541,12548,0.0,0.0
2024-04-12 13:30:00-04:00,3.3185999393463135,3.3278000354766846,3.3020999431610107,3.309999942779541,4574,0.0,0.0
2024-04-12 14:30:00-04:00,3.309999942779541,3.309999942779541,3.2699999809265137,3.2850000858306885,15500,0.0,0.0
2024-04-12 15:30:00-04:00,3.2799999713897705,3.3389999866485596,3.259999990463257,3.259999990463257,37697,0.0,0.0
2024-04-15 09:30:00-04:00,3.299999952316284,3.299999952316284,3.1700000762939453,3.184999942779541,12163,0.0,0.0
2024-04-15 10:30:00-04:00,3.200000047683716,3.200000047683716,3.1600000858306885,3.190000057220459,6181,0.0,0.0
2024-04-15 11:30:00-04:00,3.1675000190734863,3.190000057220459,3.1675000190734863,3.190000057220459,13623,0.0,0.0
2024-04-15 12:30:00-04:00,3.190000057220459,3.190000057220459,3.1675000190734863,3.184999942779541,8450,0.0,0.0
2024-04-15 13:30:00-04:00,3.180000066757202,3.2100000381469727,3.1723999977111816,3.200000047683716,20446,0.0,0.0
2024-04-15 14:30:00-04:00,3.184999942779541,3.200000047683716,3.1800999641418457,3.190000057220459,19903,0.0,0.0
2024-04-15 15:30:00-04:00,3.190000057220459,3.240000009536743,3.190000057220459,3.2200000286102295,15209,0.0,0.0
2024-04-16 09:30:00-04:00,3.1600000858306885,3.2200000286102295,3.0766000747680664,3.1600000858306885,13569,0.0,0.0
2024-04-16 10:30:00-04:00,3.119999885559082,3.180000066757202,3.119999885559082,3.160099983215332,8433,0.0,0.0
2024-04-16 11:30:00-04:00,3.180000066757202,3.180000066757202,3.1449999809265137,3.1700000762939453,3928,0.0,0.0
2024-04-16 12:30:00-04:00,3.1500000953674316,3.2100000381469727,3.1500000953674316,3.190000057220459,10595,0.0,0.0
2024-04-16 13:30:00-04:00,3.190000057220459,3.190000057220459,3.119999885559082,3.119999885559082,9853,0.0,0.0
2024-04-16 14:30:00-04:00,3.119999885559082,3.1549999713897705,3.0999999046325684,3.115000009536743,14791,0.0,0.0
2024-04-16 15:30:00-04:00,3.115000009536743,3.119999885559082,3.0899999141693115,3.119999885559082,34554,0.0,0.0
2024-04-17 09:30:00-04:00,3.119999885559082,3.1700000762939453,3.119999885559082,3.125,8791,0.0,0.0
2024-04-17 10:30:00-04:00,3.109999895095825,3.130000114440918,3.0999999046325684,3.130000114440918,6019,0.0,0.0
2024-04-17 11:30:00-04:00,3.130000114440918,3.1600000858306885,3.1159000396728516,3.1500000953674316,7975,0.0,0.0
2024-04-17 12:30:00-04:00,3.1500000953674316,3.1600000858306885,3.109999895095825,3.130000114440918,8067,0.0,0.0
2024-04-17 13:30:00-04:00,3.134999990463257,3.159899950027466,3.125,3.140000104904175,15122,0.0,0.0
2024-04-17 14:30:00-04:00,3.130000114440918,3.140000104904175,3.1212000846862793,3.140000104904175,11428,0.0,0.0
2024-04-17 15:30:00-04:00,3.130000114440918,3.130000114440918,3.125,3.130000114440918,9354,0.0,0.0
2024-04-18 09:30:00-04:00,3.1700000762939453,3.1700000762939453,3.083199977874756,3.119999885559082,21019,0.0,0.0
2024-04-18 10:30:00-04:00,3.119999885559082,3.180000066757202,3.119999885559082,3.1500000953674316,4691,0.0,0.0
2024-04-18 11:30:00-04:00,3.1500000953674316,3.1500000953674316,3.109999895095825,3.119999885559082,4940,0.0,0.0
2024-04-18 12:30:00-04:00,3.130000114440918,3.132999897003174,3.0450000762939453,3.0450000762939453,28080,0.0,0.0
2024-04-18 13:30:00-04:00,3.0399999618530273,3.0450000762939453,2.9000000953674316,2.924999952316284,33575,0.0,0.0
2024-04-18 14:30:00-04:00,2.9200000762939453,2.930000066757202,2.9000000953674316,2.9200000762939453,16889,0.0,0.0
2024-04-18 15:30:00-04:00,2.930000066757202,2.95989990234375,2.9100000858306885,2.9200000762939453,21603,0.0,0.0
2024-04-19 09:30:00-04:00,2.9000000953674316,2.9200000762939453,2.8499999046325684,2.8499999046325684,14342,0.0,0.0
2024-04-19 10:30:00-04:00,2.859999895095825,2.9700000286102295,2.859999895095825,2.9700000286102295,6572,0.0,0.0
2024-04-19 11:30:00-04:00,2.9600000381469727,3.0,2.9600000381469727,2.9800000190734863,5094,0.0,0.0
2024-04-19 12:30:00-04:00,2.940000057220459,3.0,2.9200000762939453,2.940000057220459,21492,0.0,0.0
2024-04-19 13:30:00-04:00,2.9100000858306885,2.9800000190734863,2.9000000953674316,2.940000057220459,25054,0.0,0.0
2024-04-19 14:30:00-04:00,2.940000057220459,2.9600000381469727,2.940000057220459,2.944999933242798,8446,0.0,0.0
2024-04-19 15:30:00-04:00,2.9423000812530518,2.9600000381469727,2.930000066757202,2.950000047683716,11501,0.0,0.0
2024-04-22 09:30:00-04:00,2.930000066757202,3.049999952316284,2.929800033569336,2.940000057220459,29234,0.0,0.0
2024-04-22 10:30:00-04:00,3.009999990463257,3.0299999713897705,3.009999990463257,3.0299999713897705,2703,0.0,0.0
2024-04-22 11:30:00-04:00,2.9700000286102295,2.9700000286102295,2.937999963760376,2.940000057220459,4392,0.0,0.0
2024-04-22 12:30:00-04:00,2.9328999519348145,2.944999933242798,2.9110000133514404,2.9110000133514404,7502,0.0,0.0
2024-04-22 13:30:00-04:00,2.9158999919891357,2.9749999046325684,2.9000000953674316,2.9700000286102295,23597,0.0,0.0
2024-04-22 14:30:00-04:00,2.9800000190734863,3.0299999713897705,2.9800000190734863,3.0250000953674316,6839,0.0,0.0
2024-04-22 15:30:00-04:00,3.0399999618530273,3.0399999618530273,2.990000009536743,3.0199999809265137,8721,0.0,0.0
2024-04-23 09:30:00-04:00,2.990000009536743,3.075000047683716,2.990000009536743,3.009999990463257,8358,0.0,0.0
2024-04-23 10:30:00-04:00,3.009999990463257,3.0299999713897705,3.0,3.0299999713897705,9724,0.0,0.0
2024-04-23 11:30:00-04:00,3.0406999588012695,3.0799999237060547,3.0299999713897705,3.0799999237060547,3260,0.0,0.0
2024-04-23 12:30:00-04:00,3.059999942779541,3.0999999046325684,3.059999942779541,3.069999933242798,5438,0.0,0.0
2024-04-23 13:30:00-04:00,3.0899999141693115,3.130000114440918,3.059999942779541,3.119999885559082,5660,0.0,0.0
2024-04-23 14:30:00-04:00,3.119999885559082,3.119999885559082,3.059999942779541,3.059999942779541,3693,0.0,0.0
2024-04-23 15:30:00-04:00,3.059999942779541,3.140000104904175,3.059999942779541,3.130000114440918,25564,0.0,0.0
2024-04-24 09:30:00-04:00,3.0999999046325684,3.0999999046325684,3.030900001525879,3.059999942779541,12502,0.0,0.0
2024-04-24 10:30:00-04:00,3.059999942779541,3.0799999237060547,3.050100088119507,3.069999933242798,5651,0.0,0.0
2024-04-24 11:30:00-04:00,3.055000066757202,3.069999933242798,3.055000066757202,3.069999933242798,7583,0.0,0.0
2024-04-24 12:30:00-04:00,3.059999942779541,3.0899999141693115,3.055000066757202,3.0850000381469727,11031,0.0,0.0
2024-04-24 13:30:00-04:00,3.109999895095825,3.140000104904175,3.0899999141693115,3.0950000286102295,10000,0.0,0.0
2024-04-24 14:30:00-04:00,3.0899999141693115,3.0899999141693115,3.059999942779541,3.0799999237060547,9897,0.0,0.0
2024-04-24 15:30:00-04:00,3.0799999237060547,3.140000104904175,3.075000047683716,3.130000114440918,18808,0.0,0.0
2024-04-25 09:30:00-04:00,3.069999933242798,3.069999933242798,3.009999990463257,3.0697999000549316,6348,0.0,0.0
2024-04-25 10:30:00-04:00,3.0399999618530273,3.059999942779541,2.990000009536743,2.990000009536743,4220,0.0,0.0
2024-04-25 11:30:00-04:00,3.002700090408325,3.002700090408325,2.990000009536743,2.990000009536743,6433,0.0,0.0
2024-04-25 12:30:00-04:00,2.9983999729156494,2.9983999729156494,2.930000066757202,2.940000057220459,16319,0.0,0.0
2024-04-25 13:30:00-04:00,2.949899911880493,2.990000009536743,2.930000066757202,2.9800000190734863,12519,0.0,0.0
2024-04-25 14:30:00-04:00,2.990000009536743,2.990000009536743,2.9649999141693115,2.9749999046325684,5826,0.0,0.0
2024-04-25 15:30:00-04:00,2.9600000381469727,3.0199999809265137,2.9595000743865967,2.990000009536743,15432,0.0,0.0
2024-04-26 09:30:00-04:00,2.9749999046325684,3.0299999713897705,2.9600000381469727,2.9600000381469727,6580,0.0,0.0
2024-04-26 10:30:00-04:00,2.940000057220459,2.9830000400543213,2.940000057220459,2.9649999141693115,6440,0.0,0.0
2024-04-26 11:30:00-04:00,2.9649999141693115,2.9800000190734863,2.950000047683716,2.9600000381469727,7881,0.0,0.0
2024-04-26 12:30:00-04:00,2.950000047683716,3.009999990463257,2.950000047683716,3.009999990463257,10440,0.0,0.0
2024-04-26 13:30:00-04:00,3.0199999809265137,3.0199999809265137,2.9700000286102295,2.990000009536743,4324,0.0,0.0
2024-04-26 14:30:00-04:00,2.970099925994873,3.0,2.9700000286102295,2.994999885559082,9790,0.0,0.0
2024-04-26 15:30:00-04:00,2.990000009536743,3.0,2.990000009536743,3.0,10606,0.0,0.0
2024-04-29 09:30:00-04:00,3.049999952316284,3.1700000762939453,3.0399999618530273,3.1600000858306885,43388,0.0,0.0
2024-04-29 10:30:00-04:00,3.200000047683716,3.2100000381469727,3.1700000762939453,3.177500009536743,4508,0.0,0.0
2024-04-29 11:30:00-04:00,3.1700000762939453,3.2300000190734863,3.140000104904175,3.2300000190734863,8286,0.0,0.0
2024-04-29 12:30:00-04:00,3.2249999046325684,3.2249999046325684,3.109999895095825,3.109999895095825,19713,0.0,0.0
2024-04-29 13:30:00-04:00,3.109999895095825,3.1500000953674316,3.0899999141693115,3.0899999141693115,8233,0.0,0.0
2024-04-29 14:30:00-04:00,3.109999895095825,3.119999885559082,3.065000057220459,3.0999999046325684,8394,0.0,0.0
2024-04-29 15:30:00-04:00,3.0799999237060547,3.1050000190734863,3.0799999237060547,3.0899999141693115,12798,0.0,0.0
2024-04-30 09:30:00-04:00,3.059999942779541,3.059999942779541,2.990000009536743,2.990000009536743,4410,0.0,0.0
2024-04-30 10:30:00-04:00,2.9999001026153564,3.0,2.9800000190734863,2.9800000190734863,4731,0.0,0.0
2024-04-30 11:30:00-04:00,2.9800000190734863,3.059999942779541,2.9798998832702637,3.015000104904175,12259,0.0,0.0
2024-04-30 12:30:00-04:00,3.015000104904175,3.0299999713897705,2.9800000190734863,3.0,14682,0.0,0.0
2024-04-30 13:30:00-04:00,3.005000114440918,3.005000114440918,2.970099925994873,2.9749999046325684,8627,0.0,0.0
2024-04-30 14:30:00-04:00,2.9800000190734863,2.9800000190734863,2.950000047683716,2.950000047683716,10147,0.0,0.0
2024-04-30 15:30:00-04:00,2.9549999237060547,2.9800000190734863,2.950000047683716,2.9800000190734863,16587,0.0,0.0
2024-05-01 09:30:00-04:00,2.990000009536743,2.990000009536743,2.9000000953674316,2.9600000381469727,12011,0.0,0.0
2024-05-01 10:30:00-04:00,2.9700000286102295,2.9925999641418457,2.930000066757202,2.9549999237060547,5013,0.0,0.0
2024-05-01 11:30:00-04:00,2.9300999641418457,2.9800000190734863,2.9300999641418457,2.940000057220459,10338,0.0,0.0
2024-05-01 12:30:00-04:00,2.9549999237060547,2.9549999237060547,2.9100000858306885,2.924999952316284,5888,0.0,0.0
2024-05-01 13:30:00-04:00,2.930000066757202,2.9600000381469727,2.9200000762939453,2.9200000762939453,10732,0.0,0.0
2024-05-01 14:30:00-04:00,2.9200000762939453,3.009999990463257,2.9142000675201416,3.0,5552,0.0,0.0
2024-05-01 15:30:00-04:00,2.9800000190734863,2.9800000190734863,2.9000000953674316,2.9200000762939453,12842,0.0,0.0
2024-05-02 09:30:00-04:00,2.9100000858306885,2.9600000381469727,2.9049999713897705,2.9600000381469727,7972,0.0,0.0
2024-05-02 10:30:00-04:00,2.9600000381469727,3.0399999618530273,2.9600000381469727,3.0399999618530273,7478,0.0,0.0
2024-05-02 11:30:00-04:00,3.0299999713897705,3.0399999618530273,2.990000009536743,3.0399999618530273,4660,0.0,0.0
2024-05-02 12:30:00-04:00,3.0299999713897705,3.049999952316284,3.009999990463257,3.049999952316284,9993,0.0,0.0
2024-05-02 13:30:00-04:00,3.049999952316284,3.0999999046325684,3.049999952316284,3.059999942779541,18525,0.0,0.0
2024-05-02 14:30:00-04:00,3.049999952316284,3.109999895095825,3.049999952316284,3.0799999237060547,13144,0.0,0.0
2024-05-02 15:30:00-04:00,3.0899999141693115,3.0999999046325684,3.069999933242798,3.0999999046325684,9730,0.0,0.0
2024-05-03 09:30:00-04:00,3.180000066757202,3.2149999141693115,3.119999885559082,3.1449999809265137,5802,0.0,0.0
2024-05-03 10:30:00-04:00,3.1700000762939453,3.1700000762939453,3.140000104904175,3.140000104904175,2144,0.0,0.0
2024-05-03 11:30:00-04:00,3.109999895095825,3.109999895095825,3.109999895095825,3.109999895095825,787,0.0,0.0
2024-05-03 12:30:00-04:00,3.0899999141693115,3.0899999141693115,3.065000057220459,3.0799999237060547,2748,0.0,0.0
2024-05-03 13:30:00-04:00,3.0799999237060547,3.0999999046325684,3.0799999237060547,3.0899999141693115,3845,0.0,0.0
2024-05-03 14:30:00-04:00,3.059999942779541,3.065000057220459,3.059999942779541,3.065000057220459,932,0.0,0.0
2024-05-03 15:30:00-04:00,3.065000057220459,3.109999895095825,3.065000057220459,3.109999895095825,6251,0.0,0.0
2024-05-06 09:30:00-04:00,3.140000104904175,3.2100000381469727,3.140000104904175,3.200000047683716,5565,0.0,0.0
2024-05-06 10:30:00-04:00,3.2100000381469727,3.2200000286102295,3.0999999046325684,3.2200000286102295,6194,0.0,0.0
2024-05-06 11:30:00-04:00,3.2200000286102295,3.240000009536743,3.190000057220459,3.2100000381469727,26055,0.0,0.0
2024-05-06 12:30:00-04:00,3.2100000381469727,3.2300000190734863,3.2100000381469727,3.2300000190734863,4722,0.0,0.0
2024-05-06 13:30:00-04:00,3.25,3.2899999618530273,3.2300000190734863,3.2699999809265137,8599,0.0,0.0
2024-05-06 14:30:00-04:00,3.2699999809265137,3.2701001167297363,3.23009991645813,3.23009991645813,5739,0.0,0.0
2024-05-06 15:30:00-04:00,3.240000009536743,3.25,3.2249999046325684,3.240000009536743,9443,0.0,0.0
2024-05-07 09:30:00-04:00,3.25,3.25,3.1500000953674316,3.1600000858306885,7581,0.0,0.0
2024-05-07 10:30:00-04:00,3.160099983215332,3.1700000762939453,3.140000104904175,3.140000104904175,4089,0.0,0.0
2024-05-07 11:30:00-04:00,3.100600004196167,3.100600004196167,3.0801000595092773,3.0801000595092773,1726,0.0,0.0
2024-05-07 12:30:00-04:00,3.0899999141693115,3.0999999046325684,3.0799999237060547,3.0999999046325684,2217,0.0,0.0
2024-05-07 13:30:00-04:00,3.08489990234375,3.109999895095825,3.065000057220459,3.109999895095825,7696,0.0,0.0
2024-05-07 14:30:00-04:00,3.0999999046325684,3.0999999046325684,3.0899999141693115,3.0950000286102295,1169,0.0,0.0
2024-05-07 15:30:00-04:00,3.0950000286102295,3.109999895095825,3.0899999141693115,3.109999895095825,7964,0.0,0.0
2024-05-08 09:30:00-04:00,3.0399999618530273,3.059999942779541,3.0199999809265137,3.0497000217437744,15690,0.0,0.0
2024-05-08 10:30:00-04:00,3.069999933242798,3.180000066757202,3.069999933242798,3.130000114440918,13432,0.0,0.0
2024-05-08 11:30:00-04:00,3.130000114440918,3.130000114440918,3.0999999046325684,3.0999999046325684,3013,0.0,0.0
2024-05-08 12:30:00-04:00,3.119999885559082,3.1500000953674316,3.1124000549316406,3.1500000953674316,13343,0.0,0.0
2024-05-08 13:30:00-04:00,3.130000114440918,3.180000066757202,3.130000114440918,3.1700000762939453,7270,0.0,0.0
2024-05-08 14:30:00-04:00,3.1700000762939453,3.1700000762939453,3.130000114440918,3.1377999782562256,13073,0.0,0.0
2024-05-08 15:30:00-04:00,3.130000114440918,3.134999990463257,3.119999885559082,3.119999885559082,15176,0.0,0.0
2024-05-09 09:30:00-04:00,3.049999952316284,3.0557000637054443,2.9200000762939453,2.994999885559082,38731,0.0,0.0
2024-05-09 10:30:00-04:00,2.990000009536743,3.049999952316284,2.9800000190734863,3.0299999713897705,14471,0.0,0.0
2024-05-09 11:30:00-04:00,3.0199999809265137,3.0199999809265137,3.0,3.009999990463257,26588,0.0,0.0
2024-05-09 12:30:00-04:00,3.019700050354004,3.01990008354187,3.0,3.0097999572753906,13628,0.0,0.0
2024-05-09 13:30:00-04:00,3.005000114440918,3.005000114440918,2.950000047683716,2.9700000286102295,52427,0.0,0.0
2024-05-09 14:30:00-04:00,2.9800000190734863,3.01990008354187,2.9800000190734863,3.0,52523,0.0,0.0
2024-05-09 15:30:00-04:00,3.0,3.069999933242798,3.0,3.0399999618530273,41764,0.0,0.0
2024-05-10 09:30:00-04:00,3.0999999046325684,3.125,3.059999942779541,3.059999942779541,21241,0.0,0.0
2024-05-10 10:30:00-04:00,3.059999942779541,3.059999942779541,3.009999990463257,3.0399999618530273,8275,0.0,0.0
2024-05-10 11:30:00-04:00,3.0274999141693115,3.049999952316284,2.990000009536743,3.0,9787,0.0,0.0
2024-05-10 12:30:00-04:00,3.0,3.1600000858306885,3.0,3.109999895095825,30741,0.0,0.0
2024-05-10 13:30:00-04:00,3.105299949645996,3.130000114440918,3.0899999141693115,3.119999885559082,10710,0.0,0.0
2024-05-10 14:30:00-04:00,3.119999885559082,3.119999885559082,3.059999942779541,3.059999942779541,11319,0.0,0.0
2024-05-10 15:30:00-04:00,3.059999942779541,3.0799999237060547,3.059999942779541,3.0799999237060547,5303,0.0,0.0
2024-05-13 09:30:00-04:00,2.950000047683716,3.0999999046325684,2.950000047683716,3.0799999237060547,50932,0.0,0.0
2024-05-13 10:30:00-04:00,3.069999933242798,3.071899890899658,3.0,3.009999990463257,6607,0.0,0.0
2024-05-13 11:30:00-04:00,2.990000009536743,2.990000009536743,2.890000104904175,2.9000000953674316,38217,0.0,0.0
2024-05-13 12:30:00-04:00,2.890000104904175,2.907900094985962,2.8299999237060547,2.859999895095825,41162,0.0,0.0
2024-05-13 13:30:00-04:00,2.865000009536743,2.9100000858306885,2.865000009536743,2.9000000953674316,40842,0.0,0.0
2024-05-13 14:30:00-04:00,2.9000000953674316,2.9100000858306885,2.869999885559082,2.880000114440918,14873,0.0,0.0
2024-05-13 15:30:00-04:00,2.880000114440918,2.9000000953674316,2.880000114440918,2.880000114440918,13907,0.0,0.0
2024-05-14 09:30:00-04:00,2.9100000858306885,2.965100049972534,2.896699905395508,2.9200000762939453,27089,0.0,0.0
2024-05-14 10:30:00-04:00,2.924999952316284,2.990000009536743,2.9200000762939453,2.962100028991699,20760,0.0,0.0
2024-05-14 11:30:00-04:00,2.984999895095825,2.990000009536743,2.9700000286102295,2.9700000286102295,6865,0.0,0.0
2024-05-14 12:30:00-04:00,2.9700000286102295,2.9700000286102295,2.940000057220459,2.950000047683716,105055,0.0,0.0
2024-05-14 13:30:00-04:00,2.950000047683716,2.968600034713745,2.950000047683716,2.9649999141693115,40535,0.0,0.0
2024-05-14 14:30:00-04:00,2.9700000286102295,3.009999990463257,2.9600000381469727,2.9600000381469727,20778,0.0,0.0
2024-05-14 15:30:00-04:00,2.9600000381469727,2.984999895095825,2.9600000381469727,2.9600000381469727,18701,0.0,0.0
2024-05-15 09:30:00-04:00,2.9600000381469727,2.9600000381469727,2.9000000953674316,2.934999942779541,16908,0.0,0.0
2024-05-15 10:30:00-04:00,2.950000047683716,2.9700000286102295,2.940000057220459,2.950000047683716,12937,0.0,0.0
2024-05-15 11:30:00-04:00,2.950000047683716,2.9600000381469727,2.930000066757202,2.930000066757202,8628,0.0,0.0
2024-05-15 12:30:00-04:00,2.912600040435791,2.912600040435791,2.9000000953674316,2.9000000953674316,958,0.0,0.0
2024-05-15 13:30:00-04:00,2.909899950027466,2.9144999980926514,2.869999885559082,2.9100000858306885,17931,0.0,0.0
2024-05-15 14:30:00-04:00,2.9149999618530273,2.923799991607666,2.9100000858306885,2.9200000762939453,7183,0.0,0.0
2024-05-15 15:30:00-04:00,2.91129994392395,2.91129994392395,2.890000104904175,2.9100000858306885,11100,0.0,0.0
2024-05-16 09:30:00-04:00,2.930000066757202,3.0,2.890000104904175,3.0,10625,0.0,0.0
2024-05-16 10:30:00-04:00,3.0199999809265137,3.0199999809265137,2.9800000190734863,2.9800000190734863,3132,0.0,0.0
2024-05-16 11:30:00-04:00,2.990000009536743,3.059999942779541,2.9700000286102295,3.059999942779541,21912,0.0,0.0
2024-05-16 12:30:00-04:00,3.069999933242798,3.075000047683716,3.0,3.005000114440918,13702,0.0,0.0
2024-05-16 13:30:00-04:00,3.0,3.0250000953674316,3.0,3.0199999809265137,5303,0.0,0.0
2024-05-16 14:30:00-04:00,3.0199999809265137,3.0199999809265137,2.9749999046325684,2.994999885559082,27345,0.0,0.0
2024-05-16 15:30:00-04:00,2.994999885559082,3.0199999809265137,2.990000009536743,3.0199999809265137,27059,0.0,0.0
2024-05-17 09:30:00-04:00,3.009999990463257,3.0199999809265137,2.990000009536743,3.0,13748,0.0,0.0
2024-05-17 10:30:00-04:00,3.0,3.0,2.990000009536743,2.994999885559082,3168,0.0,0.0
2024-05-17 11:30:00-04:00,2.990000009536743,3.0,2.990000009536743,2.994999885559082,3191,0.0,0.0
2024-05-17 12:30:00-04:00,3.0,3.0,2.9600000381469727,2.9600000381469727,14619,0.0,0.0
2024-05-17 13:30:00-04:00,2.9700000286102295,2.9800000190734863,2.9700000286102295,2.9700000286102295,3949,0.0,0.0
2024-05-17 14:30:00-04:00,2.9600000381469727,2.969899892807007,2.940000057220459,2.940000057220459,5450,0.0,0.0
2024-05-17 15:30:00-04:00,2.924999952316284,2.944999933242798,2.9200000762939453,2.940000057220459,9460,0.0,0.0
2024-05-20 09:30:00-04:00,2.940000057220459,2.969899892807007,2.9100000858306885,2.9100000858306885,4439,0.0,0.0
2024-05-20 10:30:00-04:00,2.9200000762939453,2.9458000659942627,2.9200000762939453,2.930000066757202,1750,0.0,0.0
2024-05-20 11:30:00-04:00,2.930000066757202,2.930000066757202,2.9200000762939453,2.9200000762939453,3499,0.0,0.0
2024-05-20 12:30:00-04:00,2.9149999618530273,2.950000047683716,2.9100000858306885,2.940000057220459,9863,0.0,0.0
2024-05-20 13:30:00-04:00,2.940000057220459,2.940000057220459,2.880000114440918,2.890000104904175,12316,0.0,0.0
2024-05-20 14:30:00-04:00,2.890000104904175,2.9000000953674316,2.890000104904175,2.9000000953674316,6148,0.0,0.0
2024-05-20 15:30:00-04:00,2.9000000953674316,2.930000066757202,2.890000104904175,2.9200000762939453,10889,0.0,0.0
2024-05-21 09:30:00-04:00,2.950000047683716,2.9600000381469727,2.8949999809265137,2.9100000858306885,9731,0.0,0.0
2024-05-21 10:30:00-04:00,2.9049999713897705,2.9600000381469727,2.9000000953674316,2.9549999237060547,74897,0.0,0.0
2024-05-21 11:30:00-04:00,2.9549999237060547,2.9549999237060547,2.930000066757202,2.930000066757202,6350,0.0,0.0
2024-05-21 12:30:00-04:00,2.930000066757202,2.930000066757202,2.869999885559082,2.880000114440918,10988,0.0,0.0
2024-05-21 13:30:00-04:00,2.880000114440918,2.890000104904175,2.869999885559082,2.889699935913086,12944,0.0,0.0
2024-05-21 14:30:00-04:00,2.884999990463257,2.884999990463257,2.8392999172210693,2.8399999141693115,21636,0.0,0.0
2024-05-21 15:30:00-04:00,2.8399999141693115,2.8499999046325684,2.8299999237060547,2.8399999141693115,18010,0.0,0.0
2024-05-22 09:30:00-04:00,2.8299999237060547,2.859999895095825,2.802000045776367,2.809999942779541,18519,0.0,0.0
2024-05-22 10:30:00-04:00,2.809999942779541,2.819999933242798,2.7699999809265137,2.7699999809265137,32618,0.0,0.0
2024-05-22 11:30:00-04:00,2.7699999809265137,2.7950000762939453,2.7699999809265137,2.7899999618530273,4088,0.0,0.0
2024-05-22 12:30:00-04:00,2.7999000549316406,2.7999000549316406,2.7699999809265137,2.7750000953674316,12356,0.0,0.0
2024-05-22 13:30:00-04:00,2.7750000953674316,2.7750000953674316,2.7200000286102295,2.744999885559082,43343,0.0,0.0
2024-05-22 14:30:00-04:00,2.740000009536743,2.7699999809265137,2.740000009536743,2.7699999809265137,10062,0.0,0.0
2024-05-22 15:30:00-04:00,2.7699999809265137,2.809999942779541,2.765000104904175,2.7899999618530273,48261,0.0,0.0
2024-05-23 09:30:00-04:00,2.7899999618530273,2.7899999618530273,2.7200000286102295,2.7300000190734863,4292,0.0,0.0
2024-05-23 10:30:00-04:00,2.7481000423431396,2.75,2.740000009536743,2.7483999729156494,2488,0.0,0.0
2024-05-23 11:30:00-04:00,2.740000009536743,2.740000009536743,2.7200000286102295,2.7200000286102295,16098,0.0,0.0
2024-05-23 12:30:00-04:00,2.7399001121520996,2.7399001121520996,2.6700000762939453,2.7100000381469727,152441,0.0,0.0
2024-05-23 13:30:00-04:00,2.690000057220459,2.700000047683716,2.680000066757202,2.690000057220459,12414,0.0,0.0
2024-05-23 14:30:00-04:00,2.6700000762939453,2.677500009536743,2.6649999618530273,2.6700000762939453,10823,0.0,0.0
2024-05-23 15:30:00-04:00,2.660099983215332,2.6661999225616455,2.5899999141693115,2.619999885559082,47417,0.0,0.0
2024-05-24 09:30:00-04:00,2.630000114440918,2.6700000762939453,2.609999895095825,2.6600000858306885,12351,0.0,0.0
2024-05-24 10:30:00-04:00,2.65939998626709,2.6600000858306885,2.630000114440918,2.6600000858306885,19313,0.0,0.0
2024-05-24 11:30:00-04:00,2.6500000953674316,2.6549999713897705,2.640000104904175,2.640000104904175,17893,0.0,0.0
2024-05-24 12:30:00-04:00,2.640000104904175,2.6698999404907227,2.625,2.6500000953674316,53736,0.0,0.0
2024-05-24 13:30:00-04:00,2.6600000858306885,2.6600000858306885,2.619999885559082,2.634999990463257,36524,0.0,0.0
2024-05-24 14:30:00-04:00,2.634999990463257,2.6575000286102295,2.630000114440918,2.6549999713897705,41770,0.0,0.0
2024-05-24 15:30:00-04:00,2.6575000286102295,2.6575000286102295,2.640000104904175,2.6549999713897705,64141,0.0,0.0
2024-05-28 09:30:00-04:00,2.700000047683716,2.740000009536743,2.660099983215332,2.7249999046325684,41699,0.0,0.0
2024-05-28 10:30:00-04:00,2.7249999046325684,2.734999895095825,2.700000047683716,2.7300000190734863,9605,0.0,0.0
2024-05-28 11:30:00-04:00,2.7300000190734863,2.7899999618530273,2.7200000286102295,2.7799999713897705,13445,0.0,0.0
2024-05-28 12:30:00-04:00,2.7850000858306885,2.7850000858306885,2.740000009536743,2.75,16167,0.0,0.0
2024-05-28 13:30:00-04:00,2.74399995803833,2.744999885559082,2.7200000286102295,2.7300000190734863,21903,0.0,0.0
2024-05-28 14:30:00-04:00,2.7249999046325684,2.799999952316284,2.7100000381469727,2.7950000762939453,32130,0.0,0.0
2024-05-28 15:30:00-04:00,2.7850000858306885,2.799999952316284,2.680000066757202,2.700000047683716,58464,0.0,0.0
2024-05-29 09:30:00-04:00,2.6700000762939453,2.690000057220459,2.5999999046325684,2.609999895095825,19375,0.0,0.0
2024-05-29 10:30:00-04:00,2.609999895095825,2.6600000858306885,2.5999999046325684,2.6600000858306885,15442,0.0,0.0
2024-05-29 11:30:00-04:00,2.6600000858306885,2.6600000858306885,2.6500000953674316,2.6549999713897705,6178,0.0,0.0
2024-05-29 12:30:00-04:00,2.6549999713897705,2.6549999713897705,2.5999999046325684,2.619999885559082,9309,0.0,0.0
2024-05-29 13:30:00-04:00,2.630000114440918,2.6500000953674316,2.630000114440918,2.634999990463257,13735,0.0,0.0
2024-05-29 14:30:00-04:00,2.634999990463257,2.6600000858306885,2.634999990463257,2.6600000858306885,20548,0.0,0.0
2024-05-29 15:30:00-04:00,2.6500000953674316,2.6600000858306885,2.630000114440918,2.6600000858306885,10739,0.0,0.0
2024-05-30 09:30:00-04:00,2.640000104904175,2.640000104904175,2.615000009536743,2.640000104904175,4740,0.0,0.0
2024-05-30 10:30:00-04:00,2.630000114440918,2.630000114440918,2.625,2.630000114440918,2871,0.0,0.0
2024-05-30 11:30:00-04:00,2.625,2.625,2.609999895095825,2.609999895095825,8550,0.0,0.0
2024-05-30 12:30:00-04:00,2.619999885559082,2.6600000858306885,2.615000009536743,2.6600000858306885,5621,0.0,0.0
2024-05-30 13:30:00-04:00,2.6649999618530273,2.6700000762939453,2.609999895095825,2.609999895095825,14113,0.0,0.0
2024-05-30 14:30:00-04:00,2.609999895095825,2.627500057220459,2.609999895095825,2.615000009536743,11903,0.0,0.0
2024-05-30 15:30:00-04:00,2.609999895095825,2.619999885559082,2.6050000190734863,2.615000009536743,12931,0.0,0.0
2024-05-31 09:30:00-04:00,2.619999885559082,2.6600000858306885,2.600100040435791,2.615000009536743,16716,0.0,0.0
2024-05-31 10:30:00-04:00,2.5999999046325684,2.609999895095825,2.5850000381469727,2.5934998989105225,15036,0.0,0.0
2024-05-31 11:30:00-04:00,2.5850000381469727,2.5999999046325684,2.5799999237060547,2.5899999141693115,5265,0.0,0.0
2024-05-31 12:30:00-04:00,2.5999999046325684,2.6203999519348145,2.549999952316284,2.6203999519348145,20223,0.0,0.0
2024-05-31 13:30:00-04:00,2.630000114440918,2.640000104904175,2.619999885559082,2.619999885559082,3495,0.0,0.0
2024-05-31 14:30:00-04:00,2.619999885559082,2.635499954223633,2.619999885559082,2.634999990463257,7036,0.0,0.0
2024-05-31 15:30:00-04:00,2.634999990463257,2.6700000762939453,2.630000114440918,2.6600000858306885,18750,0.0,0.0
2024-06-03 09:30:00-04:00,2.700000047683716,2.715399980545044,2.690000057220459,2.715399980545044,9178,0.0,0.0
2024-06-03 10:30:00-04:00,2.7100000381469727,2.7100000381469727,2.7100000381469727,2.7100000381469727,2964,0.0,0.0
2024-06-03 11:30:00-04:00,2.690000057220459,2.690000057220459,2.6600000858306885,2.6700000762939453,137219,0.0,0.0
2024-06-03 12:30:00-04:00,2.661400079727173,2.6700000762939453,2.6501998901367188,2.6600000858306885,4636,0.0,0.0
2024-06-03 13:30:00-04:00,2.6600000858306885,2.8229000568389893,2.6600000858306885,2.799999952316284,29865,0.0,0.0
2024-06-03 14:30:00-04:00,2.79010009765625,2.9038000106811523,2.79010009765625,2.819999933242798,39407,0.0,0.0
2024-06-03 15:30:00-04:00,2.8371999263763428,2.8399999141693115,2.809999942779541,2.8350000381469727,19788,0.0,0.0
2024-06-04 09:30:00-04:00,2.7699999809265137,2.880000114440918,2.7300000190734863,2.7674999237060547,10651,0.0,0.0
2024-06-04 10:30:00-04:00,2.7799999713897705,2.809999942779541,2.7799999713897705,2.7799999713897705,5577,0.0,0.0
2024-06-04 11:30:00-04:00,2.7799999713897705,2.7799999713897705,2.759999990463257,2.7799999713897705,2148,0.0,0.0
2024-06-04 12:30:00-04:00,2.779900074005127,2.7799999713897705,2.759999990463257,2.759999990463257,2933,0.0,0.0
2024-06-04 13:30:00-04:00,2.75,2.759399890899658,2.734999895095825,2.7400999069213867,5852,0.0,0.0
2024-06-04 14:30:00-04:00,2.740000009536743,2.75,2.690000057220459,2.7049999237060547,28733,0.0,0.0
2024-06-04 15:30:00-04:00,2.6881000995635986,2.6881000995635986,2.6600000858306885,2.680000066757202,8294,0.0,0.0
2024-06-05 09:30:00-04:00,2.700000047683716,2.7100000381469727,2.5999999046325684,2.628999948501587,13948,0.0,0.0
2024-06-05 10:30:00-04:00,2.619999885559082,2.630000114440918,2.5850000381469727,2.619999885559082,23413,0.0,0.0
2024-06-05 11:30:00-04:00,2.615000009536743,2.6198999881744385,2.5899999141693115,2.615000009536743,60614,0.0,0.0
2024-06-05 12:30:00-04:00,2.615000009536743,2.619999885559082,2.5999999046325684,2.5999999046325684,11342,0.0,0.0
2024-06-05 13:30:00-04:00,2.600600004196167,2.609999895095825,2.5899999141693115,2.609999895095825,12258,0.0,0.0
2024-06-05 14:30:00-04:00,2.5999999046325684,2.605799913406372,2.569999933242798,2.5799999237060547,15957,0.0,0.0
2024-06-05 15:30:00-04:00,2.5850000381469727,2.619999885559082,2.569999933242798,2.615000009536743,33147,0.0,0.0
2024-06-06 09:30:00-04:00,2.609999895095825,2.6243999004364014,2.569999933242798,2.572999954223633,9463,0.0,0.0
2024-06-06 10:30:00-04:00,2.569999933242798,2.5999999046325684,2.549999952316284,2.5899999141693115,21568,0.0,0.0
2024-06-06 11:30:00-04:00,2.5840001106262207,2.5992000102996826,2.569999933242798,2.569999933242798,19796,0.0,0.0
2024-06-06 12:30:00-04:00,2.575000047683716,2.5950000286102295,2.549999952316284,2.5950000286102295,21648,0.0,0.0
2024-06-06 13:30:00-04:00,2.5999999046325684,2.6198999881744385,2.5999999046325684,2.6050000190734863,6020,0.0,0.0
2024-06-06 14:30:00-04:00,2.5999999046325684,2.609999895095825,2.5799999237060547,2.5850000381469727,10513,0.0,0.0
2024-06-06 15:30:00-04:00,2.5850000381469727,2.634999990463257,2.5850000381469727,2.634999990463257,27043,0.0,0.0
2024-06-07 09:30:00-04:00,2.640000104904175,2.680000066757202,2.630000114440918,2.634999990463257,8821,0.0,0.0
2024-06-07 10:30:00-04:00,2.6359000205993652,2.6398000717163086,2.6050000190734863,2.615000009536743,7805,0.0,0.0
2024-06-07 11:30:00-04:00,2.619999885559082,2.625,2.5999999046325684,2.5999999046325684,9471,0.0,0.0
2024-06-07 12:30:00-04:00,2.5999999046325684,2.5999999046325684,2.559999942779541,2.579900026321411,15701,0.0,0.0
2024-06-07 13:30:00-04:00,2.569999933242798,2.5897998809814453,2.565000057220459,2.5897998809814453,11494,0.0,0.0
2024-06-07 14:30:00-04:00,2.5850000381469727,2.609999895095825,2.5799999237060547,2.5840001106262207,21839,0.0,0.0
2024-06-07 15:30:00-04:00,2.5850000381469727,2.609999895095825,2.569999933242798,2.5999999046325684,15128,0.0,0.0
2024-06-10 09:30:00-04:00,2.5899999141693115,2.5899999141693115,2.550100088119507,2.575000047683716,12824,0.0,0.0
2024-06-10 10:30:00-04:00,2.575000047683716,2.609999895095825,2.575000047683716,2.5899999141693115,7829,0.0,0.0
2024-06-10 11:30:00-04:00,2.5950000286102295,2.6249001026153564,2.5950000286102295,2.615000009536743,4660,0.0,0.0
2024-06-10 12:30:00-04:00,2.630000114440918,2.680000066757202,2.610100030899048,2.680000066757202,7974,0.0,0.0
2024-06-10 13:30:00-04:00,2.674999952316284,2.7100000381469727,2.6700000762939453,2.6816000938415527,4489,0.0,0.0
2024-06-10 14:30:00-04:00,2.7200000286102295,2.7300000190734863,2.690000057220459,2.690000057220459,15110,0.0,0.0
2024-06-10 15:30:00-04:00,2.690000057220459,2.7090001106262207,2.680000066757202,2.694999933242798,24680,0.0,0.0
2024-06-11 09:30:00-04:00,2.6266000270843506,2.630000114440918,2.5910000801086426,2.5910000801086426,1942,0.0,0.0
2024-06-11 10:30:00-04:00,2.609999895095825,2.6500000953674316,2.609999895095825,2.6201000213623047,7543,0.0,0.0
2024-06-11 11:30:00-04:00,2.630000114440918,2.6517999172210693,2.619999885559082,2.619999885559082,5354,0.0,0.0
2024-06-11 12:30:00-04:00,2.619999885559082,2.640000104904175,2.5899999141693115,2.5999999046325684,10053,0.0,0.0
2024-06-11 13:30:00-04:00,2.619999885559082,2.6700000762939453,2.5999999046325684,2.6700000762939453,6316,0.0,0.0
2024-06-11 14:30:00-04:00,2.680000066757202,2.680000066757202,2.640000104904175,2.640000104904175,11430,0.0,0.0
2024-06-11 15:30:00-04:00,2.6500000953674316,2.674999952316284,2.640000104904175,2.674999952316284,14790,0.0,0.0
2024-06-12 09:30:00-04:00,2.7699999809265137,2.7699999809265137,2.630000114440918,2.684999942779541,26865,0.0,0.0
2024-06-12 10:30:00-04:00,2.6700000762939453,2.7200000286102295,2.6600000858306885,2.7200000286102295,14327,0.0,0.0
2024-06-12 11:30:00-04:00,2.7200000286102295,2.7300000190734863,2.619999885559082,2.619999885559082,24110,0.0,0.0
2024-06-12 12:30:00-04:00,2.640000104904175,2.6700000762939453,2.639899969100952,2.6700000762939453,10260,0.0,0.0
2024-06-12 13:30:00-04:00,2.640000104904175,2.6500000953674316,2.609999895095825,2.640000104904175,8359,0.0,0.0
2024-06-12 14:30:00-04:00,2.640000104904175,2.6500000953674316,2.5899999141693115,2.5899999141693115,8993,0.0,0.0
2024-06-12 15:30:00-04:00,2.5899999141693115,2.640000104904175,2.5799999237060547,2.625,8639,0.0,0.0
2024-06-13 09:30:00-04:00,2.640000104904175,2.690000057220459,2.559999942779541,2.690000057220459,46368,0.0,0.0
2024-06-13 10:30:00-04:00,2.700000047683716,2.7079999446868896,2.6600000858306885,2.6600000858306885,6406,0.0,0.0
2024-06-13 11:30:00-04:00,2.6600000858306885,2.6700000762939453,2.619999885559082,2.619999885559082,5485,0.0,0.0
2024-06-13 12:30:00-04:00,2.630000114440918,2.649899959564209,2.5999999046325684,2.630000114440918,4564,0.0,0.0
2024-06-13 13:30:00-04:00,2.619999885559082,2.640000104904175,2.619999885559082,2.630000114440918,4365,0.0,0.0
2024-06-13 14:30:00-04:00,2.619999885559082,2.6600000858306885,2.609999895095825,2.6600000858306885,8997,0.0,0.0
2024-06-13 15:30:00-04:00,2.6700000762939453,2.680000066757202,2.6649999618530273,2.674999952316284,8448,0.0,0.0
2024-06-14 09:30:00-04:00,2.5899999141693115,2.6700000762939453,2.569999933242798,2.569999933242798,10968,0.0,0.0
2024-06-14 10:30:00-04:00,2.571000099182129,2.609999895095825,2.569999933242798,2.609999895095825,9711,0.0,0.0
2024-06-14 11:30:00-04:00,2.609999895095825,2.619999885559082,2.5899999141693115,2.5999999046325684,9976,0.0,0.0
2024-06-14 12:30:00-04:00,2.5899999141693115,2.5999999046325684,2.5799999237060547,2.5899999141693115,3511,0.0,0.0
2024-06-14 13:30:00-04:00,2.5850000381469727,2.5899999141693115,2.569999933242798,2.5899999141693115,3609,0.0,0.0
2024-06-14 14:30:00-04:00,2.5899999141693115,2.5899999141693115,2.569999933242798,2.569999933242798,10121,0.0,0.0
2024-06-14 15:30:00-04:00,2.575000047683716,2.5999999046325684,2.575000047683716,2.5950000286102295,10703,0.0,0.0
2024-06-17 09:30:00-04:00,2.5899999141693115,2.5999999046325684,2.549999952316284,2.549999952316284,13827,0.0,0.0
2024-06-17 10:30:00-04:00,2.549999952316284,2.5625998973846436,2.5250000953674316,2.5250000953674316,13963,0.0,0.0
2024-06-17 11:30:00-04:00,2.5199999809265137,2.5299999713897705,2.5199999809265137,2.5250000953674316,3750,0.0,0.0
2024-06-17 12:30:00-04:00,2.5250000953674316,2.559999942779541,2.5199999809265137,2.5299999713897705,10235,0.0,0.0
2024-06-17 13:30:00-04:00,2.5450000762939453,2.5499000549316406,2.5250000953674316,2.5250000953674316,5761,0.0,0.0
2024-06-17 14:30:00-04:00,2.5199999809265137,2.640000104904175,2.509999990463257,2.640000104904175,38717,0.0,0.0
2024-06-17 15:30:00-04:00,2.625,2.640000104904175,2.625,2.634999990463257,9892,0.0,0.0
2024-06-18 09:30:00-04:00,2.6500000953674316,2.6519999504089355,2.609999895095825,2.609999895095825,4770,0.0,0.0
2024-06-18 10:30:00-04:00,2.5899999141693115,2.612499952316284,2.5799999237060547,2.6050000190734863,11257,0.0,0.0
2024-06-18 11:30:00-04:00,2.6050000190734863,2.6115000247955322,2.5799999237060547,2.5799999237060547,20347,0.0,0.0
2024-06-18 12:30:00-04:00,2.5850000381469727,2.589099884033203,2.549999952316284,2.559999942779541,15706,0.0,0.0
2024-06-18 13:30:00-04:00,2.559999942779541,2.5799999237060547,2.559999942779541,2.5799999237060547,7971,0.0,0.0
2024-06-18 14:30:00-04:00,2.575000047683716,2.575000047683716,2.549999952316284,2.569999933242798,27458,0.0,0.0
2024-06-18 15:30:00-04:00,2.559999942779541,2.569999933242798,2.549999952316284,2.555000066757202,25464,0.0,0.0
2024-06-20 09:30:00-04:00,2.549999952316284,2.5850000381469727,2.5299999713897705,2.5850000381469727,28169,0.0,0.0
2024-06-20 10:30:00-04:00,2.5850000381469727,2.5850000381469727,2.5199999809265137,2.5299999713897705,11597,0.0,0.0
2024-06-20 11:30:00-04:00,2.5299999713897705,2.569999933242798,2.5199999809265137,2.559999942779541,22801,0.0,0.0
2024-06-20 12:30:00-04:00,2.555000066757202,2.5950000286102295,2.5399999618530273,2.569999933242798,45125,0.0,0.0
2024-06-20 13:30:00-04:00,2.569999933242798,2.5899999141693115,2.569999933242798,2.569999933242798,11763,0.0,0.0
2024-06-20 14:30:00-04:00,2.5905001163482666,2.5905001163482666,2.5450000762939453,2.549999952316284,16391,0.0,0.0
2024-06-20 15:30:00-04:00,2.5399999618530273,2.549999952316284,2.5199999809265137,2.5350000858306885,22030,0.0,0.0
2024-06-21 09:30:00-04:00,2.5299999713897705,2.575000047683716,2.5199999809265137,2.569999933242798,51347,0.0,0.0
2024-06-21 10:30:00-04:00,2.569999933242798,2.569999933242798,2.5304999351501465,2.549999952316284,4341,0.0,0.0
2024-06-21 11:30:00-04:00,2.5399999618530273,2.5999999046325684,2.5299999713897705,2.5999999046325684,10942,0.0,0.0
2024-06-21 12:30:00-04:00,2.5999999046325684,2.609999895095825,2.5899999141693115,2.5999999046325684,19765,0.0,0.0
2024-06-21 13:30:00-04:00,2.5999999046325684,2.5999999046325684,2.530100107192993,2.5799999237060547,19397,0.0,0.0
2024-06-21 14:30:00-04:00,2.5606000423431396,2.5899999141693115,2.5606000423431396,2.5799999237060547,15457,0.0,0.0
2024-06-21 15:30:00-04:00,2.571000099182129,2.5999999046325684,2.559999942779541,2.559999942779541,36731,0.0,0.0
2024-06-24 09:30:00-04:00,2.559999942779541,2.5899999141693115,2.5299999713897705,2.5399999618530273,8569,0.0,0.0
2024-06-24 10:30:00-04:00,2.569999933242798,2.619999885559082,2.5673000812530518,2.619999885559082,39444,0.0,0.0
2024-06-24 11:30:00-04:00,2.609999895095825,2.640000104904175,2.609999895095825,2.634999990463257,16197,0.0,0.0
2024-06-24 12:30:00-04:00,2.640000104904175,2.6500000953674316,2.630000114440918,2.630000114440918,8393,0.0,0.0
2024-06-24 13:30:00-04:00,2.619999885559082,2.628999948501587,2.59060001373291,2.6050000190734863,10527,0.0,0.0
2024-06-24 14:30:00-04:00,2.6050000190734863,2.640000104904175,2.5899999141693115,2.5950000286102295,11130,0.0,0.0
2024-06-24 15:30:00-04:00,2.5950000286102295,2.5950000286102295,2.509999990463257,2.569999933242798,44420,0.0,0.0
2024-06-25 09:30:00-04:00,2.5541999340057373,2.5546998977661133,2.5250000953674316,2.5450000762939453,6729,0.0,0.0
2024-06-25 10:30:00-04:00,2.549999952316284,2.559999942779541,2.541300058364868,2.549999952316284,6127,0.0,0.0
2024-06-25 11:30:00-04:00,2.559999942779541,2.559999942779541,2.559999942779541,2.559999942779541,1243,0.0,0.0
2024-06-25 12:30:00-04:00,2.559999942779541,2.559999942779541,2.5350000858306885,2.549999952316284,5426,0.0,0.0
2024-06-25 13:30:00-04:00,2.549999952316284,2.575000047683716,2.5450000762939453,2.569999933242798,9416,0.0,0.0
2024-06-25 14:30:00-04:00,2.569999933242798,2.569999933242798,2.559999942779541,2.569999933242798,13049,0.0,0.0
2024-06-25 15:30:00-04:00,2.569999933242798,2.5850000381469727,2.565000057220459,2.575000047683716,32436,0.0,0.0
2024-06-26 09:30:00-04:00,2.559999942779541,2.569999933242798,2.559999942779541,2.569999933242798,2017,0.0,0.0
2024-06-26 10:30:00-04:00,2.549999952316284,2.75,2.5299999713897705,2.75,44779,0.0,0.0
2024-06-26 11:30:00-04:00,2.7699999809265137,2.8499999046325684,2.7300000190734863,2.7799999713897705,45150,0.0,0.0
2024-06-26 12:30:00-04:00,2.7799999713897705,2.859999895095825,2.7750000953674316,2.859999895095825,41290,0.0,0.0
2024-06-26 13:30:00-04:00,2.869999885559082,2.869999885559082,2.75,2.75,23583,0.0,0.0
2024-06-26 14:30:00-04:00,2.740000009536743,2.740000009536743,2.630000114440918,2.630000114440918,16462,0.0,0.0
2024-06-26 15:30:00-04:00,2.630000114440918,2.700000047683716,2.630000114440918,2.680000066757202,28871,0.0,0.0
2024-06-27 09:30:00-04:00,2.6500000953674316,2.690000057220459,2.5950000286102295,2.690000057220459,17373,0.0,0.0
2024-06-27 10:30:00-04:00,2.7100000381469727,2.740000009536743,2.6700000762939453,2.740000009536743,16701,0.0,0.0
2024-06-27 11:30:00-04:00,2.734999895095825,2.819999933242798,2.734999895095825,2.809999942779541,34088,0.0,0.0
2024-06-27 12:30:00-04:00,2.809999942779541,2.9100000858306885,2.809999942779541,2.9000000953674316,41582,0.0,0.0
2024-06-27 13:30:00-04:00,2.9100000858306885,2.9100000858306885,2.799999952316284,2.859999895095825,32353,0.0,0.0
2024-06-27 14:30:00-04:00,2.880000114440918,2.880000114440918,2.8499999046325684,2.859999895095825,22516,0.0,0.0
2024-06-27 15:30:00-04:00,2.859999895095825,2.9200000762939453,2.8499999046325684,2.9100000858306885,37357,0.0,0.0
2024-06-28 09:30:00-04:00,2.924999952316284,3.0199999809265137,2.869999885559082,2.875,58926,0.0,0.0
2024-06-28 10:30:00-04:00,2.884999990463257,2.950000047683716,2.869999885559082,2.869999885559082,36748,0.0,0.0
2024-06-28 11:30:00-04:00,2.884999990463257,2.9200000762939453,2.869999885559082,2.9100000858306885,40113,0.0,0.0
2024-06-28 12:30:00-04:00,2.930000066757202,2.930000066757202,2.880000114440918,2.9200000762939453,23532,0.0,0.0
2024-06-28 13:30:00-04:00,2.910099983215332,2.930000066757202,2.890000104904175,2.9000000953674316,20480,0.0,0.0
2024-06-28 14:30:00-04:00,2.9100000858306885,2.930000066757202,2.869999885559082,2.880000114440918,20548,0.0,0.0
2024-06-28 15:30:00-04:00,2.869999885559082,2.890000104904175,2.7100000381469727,2.7699999809265137,136073,0.0,0.0
2024-07-01 09:30:00-04:00,2.7799999713897705,2.869999885559082,2.6600000858306885,2.719899892807007,56638,0.0,0.0
2024-07-01 10:30:00-04:00,2.700000047683716,2.700000047683716,2.6700000762939453,2.674999952316284,32726,0.0,0.0
2024-07-01 11:30:00-04:00,2.6700000762939453,2.677999973297119,2.640000104904175,2.6449999809265137,29195,0.0,0.0
2024-07-01 12:30:00-04:00,2.640000104904175,2.6698999404907227,2.615000009536743,2.640000104904175,18363,0.0,0.0
2024-07-01 13:30:00-04:00,2.6600000858306885,2.6700000762939453,2.609999895095825,2.619999885559082,24999,0.0,0.0
2024-07-01 14:30:00-04:00,2.619999885559082,2.700000047683716,2.5899999141693115,2.615000009536743,74338,0.0,0.0
2024-07-01 15:30:00-04:00,2.615000009536743,2.619999885559082,2.559999942779541,2.565000057220459,43707,0.0,0.0
2024-07-02 09:30:00-04:00,2.5999999046325684,2.609999895095825,2.5,2.505000114440918,37453,0.0,0.0
2024-07-02 10:30:00-04:00,2.505000114440918,2.5199999809265137,2.502500057220459,2.509999990463257,22999,0.0,0.0
2024-07-02 11:30:00-04:00,2.509999990463257,2.5399999618530273,2.509999990463257,2.5199999809265137,16336,0.0,0.0
2024-07-02 12:30:00-04:00,2.5199999809265137,2.5299999713897705,2.509999990463257,2.5199999809265137,11291,0.0,0.0
2024-07-02 13:30:00-04:00,2.5199999809265137,2.5199999809265137,2.509999990463257,2.515000104904175,16487,0.0,0.0
2024-07-02 14:30:00-04:00,2.515000104904175,2.5199999809265137,2.512500047683716,2.515000104904175,16409,0.0,0.0
2024-07-02 15:30:00-04:00,2.515000104904175,2.5199999809265137,2.509999990463257,2.51200008392334,33097,0.0,0.0
2024-07-03 09:30:00-04:00,2.509999990463257,2.559999942779541,2.509999990463257,2.5199999809265137,12998,0.0,0.0
2024-07-03 10:30:00-04:00,2.5199999809265137,2.5299999713897705,2.5,2.509999990463257,13166,0.0,0.0
2024-07-03 11:30:00-04:00,2.509999990463257,2.5299999713897705,2.509999990463257,2.5199999809265137,15917,0.0,0.0
2024-07-05 09:30:00-04:00,2.5,2.5,2.4100000858306885,2.4100000858306885,42549,0.0,0.0
2024-07-05 10:30:00-04:00,2.4100000858306885,2.4200000762939453,2.369999885559082,2.4100000858306885,20675,0.0,0.0
2024-07-05 11:30:00-04:00,2.4200000762939453,2.4398999214172363,2.4200000762939453,2.4200000762939453,8434,0.0,0.0
2024-07-05 12:30:00-04:00,2.4200000762939453,2.4200000762939453,2.3901000022888184,2.4049999713897705,23043,0.0,0.0
2024-07-05 13:30:00-04:00,2.4100000858306885,2.4200000762939453,2.4100000858306885,2.4149999618530273,3961,0.0,0.0
2024-07-05 14:30:00-04:00,2.4149999618530273,2.4200000762939453,2.4100000858306885,2.4149999618530273,11244,0.0,0.0
2024-07-05 15:30:00-04:00,2.4149999618530273,2.440000057220459,2.4149999618530273,2.434999942779541,18555,0.0,0.0
2024-07-08 09:30:00-04:00,2.4200000762939453,2.462899923324585,2.4200000762939453,2.430000066757202,10608,0.0,0.0
2024-07-08 10:30:00-04:00,2.440000057220459,2.450000047683716,2.430000066757202,2.450000047683716,6937,0.0,0.0
2024-07-08 11:30:00-04:00,2.440000057220459,2.440000057220459,2.430000066757202,2.440000057220459,9855,0.0,0.0
2024-07-08 12:30:00-04:00,2.440000057220459,2.440000057220459,2.4200000762939453,2.4203999042510986,10900,0.0,0.0
2024-07-08 13:30:00-04:00,2.430000066757202,2.430000066757202,2.4200000762939453,2.424999952316284,6062,0.0,0.0
2024-07-08 14:30:00-04:00,2.424999952316284,2.4289000034332275,2.4100000858306885,2.4200000762939453,27487,0.0,0.0
2024-07-08 15:30:00-04:00,2.4200000762939453,2.440000057220459,2.4200000762939453,2.430000066757202,31166,0.0,0.0
2024-07-09 09:30:00-04:00,2.4100000858306885,2.440000057220459,2.4100000858306885,2.430000066757202,16864,0.0,0.0
2024-07-09 10:30:00-04:00,2.4200000762939453,2.424999952316284,2.4000000953674316,2.4200000762939453,47700,0.0,0.0
2024-07-09 11:30:00-04:00,2.4000000953674316,2.4100000858306885,2.3949999809265137,2.4049999713897705,10056,0.0,0.0
2024-07-09 12:30:00-04:00,2.4100000858306885,2.4186999797821045,2.400099992752075,2.4100000858306885,19028,0.0,0.0
2024-07-09 13:30:00-04:00,2.4100000858306885,2.4200000762939453,2.4100000858306885,2.4200000762939453,6517,0.0,0.0
2024-07-09 14:30:00-04:00,2.4100000858306885,2.4100000858306885,2.3517000675201416,2.359999895095825,54912,0.0,0.0
2024-07-09 15:30:00-04:00,2.365000009536743,2.369999885559082,2.359999895095825,2.359999895095825,23018,0.0,0.0
2024-07-10 09:30:00-04:00,2.359999895095825,2.3947999477386475,2.359999895095825,2.390000104904175,27925,0.0,0.0
2024-07-10 10:30:00-04:00,2.384999990463257,2.390000104904175,2.369999885559082,2.369999885559082,8481,0.0,0.0
2024-07-10 11:30:00-04:00,2.369999885559082,2.369999885559082,2.352099895477295,2.369999885559082,8886,0.0,0.0
2024-07-10 12:30:00-04:00,2.359999895095825,2.359999895095825,2.3550000190734863,2.3550000190734863,4108,0.0,0.0
2024-07-10 13:30:00-04:00,2.365000009536743,2.369999885559082,2.359999895095825,2.359999895095825,10327,0.0,0.0
2024-07-10 14:30:00-04:00,2.359999895095825,2.380000114440918,2.359999895095825,2.380000114440918,9132,0.0,0.0
2024-07-10 15:30:00-04:00,2.380000114440918,2.380000114440918,2.359999895095825,2.359999895095825,4457,0.0,0.0
2024-07-11 09:30:00-04:00,2.4000000953674316,2.4800000190734863,2.4000000953674316,2.4800000190734863,33313,0.0,0.0
2024-07-11 10:30:00-04:00,2.5,2.559999942779541,2.4800000190734863,2.490000009536743,29241,0.0,0.0
2024-07-11 11:30:00-04:00,2.4800000190734863,2.4800000190734863,2.450000047683716,2.4693000316619873,5164,0.0,0.0
2024-07-11 12:30:00-04:00,2.4700000286102295,2.490000009536743,2.4700000286102295,2.4800000190734863,3926,0.0,0.0
2024-07-11 13:30:00-04:00,2.4800000190734863,2.490000009536743,2.4800000190734863,2.4800000190734863,3056,0.0,0.0
2024-07-11 14:30:00-04:00,2.4899001121520996,2.490000009536743,2.4800000190734863,2.484999895095825,8190,0.0,0.0
2024-07-11 15:30:00-04:00,2.484999895095825,2.5199999809265137,2.4800000190734863,2.490000009536743,12874,0.0,0.0
2024-07-12 09:30:00-04:00,2.5199999809265137,2.5799999237060547,2.5199999809265137,2.569999933242798,0,0.0,0.0
2024-07-12 10:30:00-04:00,2.559999942779541,2.6393001079559326,2.549999952316284,2.580199956893921,20594,0.0,0.0
2024-07-12 11:30:00-04:00,2.583899974822998,2.619999885559082,2.5799999237060547,2.5880000591278076,17478,0.0,0.0
2024-07-12 12:30:00-04:00,2.5799999237060547,2.5999999046325684,2.5799999237060547,2.5999999046325684,6012,0.0,0.0
2024-07-12 13:30:00-04:00,2.5999999046325684,2.630000114440918,2.5999999046325684,2.6298999786376953,25620,0.0,0.0
2024-07-12 14:30:00-04:00,2.625,2.634999990463257,2.625,2.634999990463257,4807,0.0,0.0
2024-07-12 15:30:00-04:00,2.634999990463257,2.634999990463257,2.615000009536743,2.619999885559082,18866,0.0,0.0
2024-07-15 09:30:00-04:00,2.6500000953674316,2.680000066757202,2.5950000286102295,2.674999952316284,20317,0.0,0.0
2024-07-15 10:30:00-04:00,2.680000066757202,2.690000057220459,2.640000104904175,2.6500000953674316,3386,0.0,0.0
2024-07-15 11:30:00-04:00,2.640000104904175,2.640000104904175,2.5799999237060547,2.5899999141693115,11784,0.0,0.0
2024-07-15 12:30:00-04:00,2.5899999141693115,2.5999999046325684,2.5799999237060547,2.5899999141693115,12318,0.0,0.0
2024-07-15 13:30:00-04:00,2.5799999237060547,2.5873000621795654,2.559799909591675,2.5799999237060547,11526,0.0,0.0
2024-07-15 14:30:00-04:00,2.5899999141693115,2.5910000801086426,2.559999942779541,2.5850000381469727,7487,0.0,0.0
2024-07-15 15:30:00-04:00,2.5799999237060547,2.609999895095825,2.5799999237060547,2.6050000190734863,8433,0.0,0.0
2024-07-16 09:30:00-04:00,2.619999885559082,2.649899959564209,2.5899999141693115,2.619999885559082,7346,0.0,0.0
2024-07-16 10:30:00-04:00,2.5899999141693115,2.615000009536743,2.5899999141693115,2.609999895095825,5017,0.0,0.0
2024-07-16 11:30:00-04:00,2.600100040435791,2.6050000190734863,2.559999942779541,2.6050000190734863,18351,0.0,0.0
2024-07-16 12:30:00-04:00,2.6050000190734863,2.6050000190734863,2.5899999141693115,2.5899999141693115,3113,0.0,0.0
2024-07-16 13:30:00-04:00,2.5999999046325684,2.628000020980835,2.5999999046325684,2.619999885559082,4433,0.0,0.0
2024-07-16 14:30:00-04:00,2.619999885559082,2.6649999618530273,2.619999885559082,2.6549999713897705,9694,0.0,0.0
2024-07-16 15:30:00-04:00,2.6600000858306885,2.674999952316284,2.6600000858306885,2.6600000858306885,9960,0.0,0.0
2024-07-17 09:30:00-04:00,2.654599905014038,2.660599946975708,2.654599905014038,2.660599946975708,4740,0.0,0.0
2024-07-17 10:30:00-04:00,2.640000104904175,2.640000104904175,2.5799999237060547,2.5899999141693115,6161,0.0,0.0
2024-07-17 11:30:00-04:00,2.5799999237060547,2.5799999237060547,2.5299999713897705,2.565000057220459,16236,0.0,0.0
2024-07-17 12:30:00-04:00,2.569999933242798,2.575000047683716,2.549999952316284,2.549999952316284,15169,0.0,0.0
2024-07-17 13:30:00-04:00,2.549999952316284,2.5850000381469727,2.5299999713897705,2.5850000381469727,11691,0.0,0.0
2024-07-17 14:30:00-04:00,2.569999933242798,2.575000047683716,2.569999933242798,2.575000047683716,2891,0.0,0.0
2024-07-17 15:30:00-04:00,2.583899974822998,2.5850000381469727,2.559999942779541,2.565000057220459,5997,0.0,0.0
2024-07-18 09:30:00-04:00,2.559999942779541,2.659899950027466,2.559999942779541,2.5799999237060547,14741,0.0,0.0
2024-07-18 10:30:00-04:00,2.5899999141693115,2.5899999141693115,2.559999942779541,2.569999933242798,5898,0.0,0.0
2024-07-18 11:30:00-04:00,2.569999933242798,2.569999933242798,2.565000057220459,2.569999933242798,10634,0.0,0.0
2024-07-18 12:30:00-04:00,2.559999942779541,2.5999999046325684,2.555000066757202,2.5799999237060547,5252,0.0,0.0
2024-07-18 13:30:00-04:00,2.569999933242798,2.5799999237060547,2.559999942779541,2.569999933242798,8869,0.0,0.0
2024-07-18 14:30:00-04:00,2.569999933242798,2.575000047683716,2.565000057220459,2.569999933242798,20583,0.0,0.0
2024-07-18 15:30:00-04:00,2.5722999572753906,2.5722999572753906,2.549999952316284,2.549999952316284,6525,0.0,0.0
2024-07-19 09:30:00-04:00,2.549999952316284,2.562000036239624,2.549999952316284,2.549999952316284,12545,0.0,0.0
2024-07-19 10:30:00-04:00,2.5571000576019287,2.5571000576019287,2.549999952316284,2.549999952316284,9902,0.0,0.0
2024-07-19 11:30:00-04:00,2.555000066757202,2.555000066757202,2.555000066757202,2.555000066757202,270,0.0,0.0
2024-07-19 12:30:00-04:00,2.5599000453948975,2.5599000453948975,2.549999952316284,2.549999952316284,2789,0.0,0.0
2024-07-19 13:30:00-04:00,2.549999952316284,2.555000066757202,2.549999952316284,2.549999952316284,2321,0.0,0.0
2024-07-19 14:30:00-04:00,2.549999952316284,2.559999942779541,2.549999952316284,2.559999942779541,4090,0.0,0.0
2024-07-19 15:30:00-04:00,2.549999952316284,2.555000066757202,2.549999952316284,2.549999952316284,1770,0.0,0.0
2024-07-22 09:30:00-04:00,2.549999952316284,2.5597000122070312,2.549999952316284,2.549999952316284,11057,0.0,0.0
2024-07-22 10:30:00-04:00,2.549999952316284,2.5643999576568604,2.549999952316284,2.5643999576568604,2711,0.0,0.0
2024-07-22 11:30:00-04:00,2.559999942779541,2.578399896621704,2.559999942779541,2.578399896621704,2550,0.0,0.0
2024-07-22 12:30:00-04:00,2.549999952316284,2.565000057220459,2.549999952316284,2.565000057220459,560,0.0,0.0
2024-07-22 13:30:00-04:00,2.575000047683716,2.575000047683716,2.569999933242798,2.569999933242798,4216,0.0,0.0
2024-07-22 14:30:00-04:00,2.575000047683716,2.5899999141693115,2.569999933242798,2.575000047683716,8064,0.0,0.0
2024-07-22 15:30:00-04:00,2.575000047683716,2.575000047683716,2.569999933242798,2.569999933242798,2474,0.0,0.0
2024-07-23 09:30:00-04:00,2.569999933242798,2.6226000785827637,2.569999933242798,2.619999885559082,0,0.0,0.0
2024-07-23 10:30:00-04:00,2.5999999046325684,2.640000104904175,2.5799999237060547,2.619999885559082,13408,0.0,0.0
2024-07-23 11:30:00-04:00,2.640000104904175,2.6600000858306885,2.619999885559082,2.640000104904175,16849,0.0,0.0
2024-07-23 12:30:00-04:00,2.640000104904175,2.6600000858306885,2.619999885559082,2.630000114440918,26988,0.0,0.0
2024-07-23 13:30:00-04:00,2.619999885559082,2.640899896621704,2.619999885559082,2.640899896621704,2526,0.0,0.0
2024-07-23 14:30:00-04:00,2.6356000900268555,2.6500000953674316,2.630000114440918,2.640000104904175,20971,0.0,0.0
2024-07-23 15:30:00-04:00,2.640000104904175,2.6449999809265137,2.640000104904175,2.640000104904175,2586,0.0,0.0
2024-07-24 09:30:00-04:00,2.609999895095825,2.6600000858306885,2.5799999237060547,2.609999895095825,0,0.0,0.0
2024-07-24 10:30:00-04:00,2.619999885559082,2.619999885559082,2.5999999046325684,2.615000009536743,7216,0.0,0.0
2024-07-24 11:30:00-04:00,2.615000009536743,2.619999885559082,2.600100040435791,2.619999885559082,17730,0.0,0.0
2024-07-24 12:30:00-04:00,2.619999885559082,2.619999885559082,2.5999999046325684,2.619999885559082,5490,0.0,0.0
2024-07-24 13:30:00-04:00,2.615000009536743,2.615000009536743,2.5999999046325684,2.5999999046325684,7470,0.0,0.0
2024-07-24 14:30:00-04:00,2.609999895095825,2.621500015258789,2.5999999046325684,2.609999895095825,6781,0.0,0.0
2024-07-24 15:30:00-04:00,2.615000009536743,2.619999885559082,2.5999999046325684,2.619999885559082,8122,0.0,0.0
2024-07-25 09:30:00-04:00,2.5999999046325684,2.634999990463257,2.5999999046325684,2.630000114440918,3827,0.0,0.0
2024-07-25 10:30:00-04:00,2.619999885559082,2.640000104904175,2.5999999046325684,2.630000114440918,18568,0.0,0.0
2024-07-25 11:30:00-04:00,2.5999999046325684,2.615000009536743,2.5999999046325684,2.600100040435791,2139,0.0,0.0
2024-07-25 12:30:00-04:00,2.619999885559082,2.619999885559082,2.5999999046325684,2.5999999046325684,7922,0.0,0.0
2024-07-25 13:30:00-04:00,2.628000020980835,2.628000020980835,2.5999999046325684,2.609999895095825,11034,0.0,0.0
2024-07-25 14:30:00-04:00,2.609999895095825,2.6105000972747803,2.5999999046325684,2.6050000190734863,16234,0.0,0.0
2024-07-25 15:30:00-04:00,2.5999999046325684,2.619999885559082,2.5999999046325684,2.5999999046325684,8490,0.0,0.0
2024-07-26 09:30:00-04:00,2.619999885559082,2.7100000381469727,2.619999885559082,2.690000057220459,97875,0.0,0.0
2024-07-26 10:30:00-04:00,2.690000057220459,2.7200000286102295,2.690000057220459,2.7200000286102295,11354,0.0,0.0
2024-07-26 11:30:00-04:00,2.7100000381469727,2.7497000694274902,2.690000057220459,2.690000057220459,30816,0.0,0.0
2024-07-26 12:30:00-04:00,2.690000057220459,2.7197999954223633,2.690000057220459,2.700000047683716,4283,0.0,0.0
2024-07-26 13:30:00-04:00,2.700000047683716,2.7200000286102295,2.690000057220459,2.7200000286102295,10422,0.0,0.0
2024-07-26 14:30:00-04:00,2.7200000286102295,2.7249999046325684,2.7200000286102295,2.7249999046325684,3624,0.0,0.0
2024-07-26 15:30:00-04:00,2.7200000286102295,2.7300000190734863,2.7100000381469727,2.7200000286102295,8543,0.0,0.0
2024-07-29 09:30:00-04:00,2.7100000381469727,2.7899999618530273,2.7100000381469727,2.759999990463257,16504,0.0,0.0
2024-07-29 10:30:00-04:00,2.75,2.7899999618530273,2.744999885559082,2.7899999618530273,14667,0.0,0.0
2024-07-29 11:30:00-04:00,2.7899999618530273,2.7899999618530273,2.7679998874664307,2.7750000953674316,8629,0.0,0.0
2024-07-29 12:30:00-04:00,2.765000104904175,2.76990008354187,2.690000057220459,2.690000057220459,4857,0.0,0.0
2024-07-29 13:30:00-04:00,2.700000047683716,2.740000009536743,2.700000047683716,2.740000009536743,6719,0.0,0.0
2024-07-29 14:30:00-04:00,2.7300000190734863,2.740000009536743,2.7200000286102295,2.734999895095825,6666,0.0,0.0
2024-07-29 15:30:00-04:00,2.734999895095825,2.75,2.7300000190734863,2.744999885559082,9583,0.0,0.0
2024-07-30 09:30:00-04:00,2.7699999809265137,2.819999933242798,2.7699999809265137,2.819999933242798,4517,0.0,0.0
2024-07-30 10:30:00-04:00,2.819999933242798,2.8399999141693115,2.8101000785827637,2.8399999141693115,15098,0.0,0.0
2024-07-30 11:30:00-04:00,2.8399999141693115,2.8399999141693115,2.799999952316284,2.809999942779541,8536,0.0,0.0
2024-07-30 12:30:00-04:00,2.814199924468994,2.825000047683716,2.814199924468994,2.819999933242798,8286,0.0,0.0
2024-07-30 13:30:00-04:00,2.811300039291382,2.8736000061035156,2.811300039291382,2.8736000061035156,17372,0.0,0.0
2024-07-30 14:30:00-04:00,2.865000009536743,2.880000114440918,2.865000009536743,2.875,4381,0.0,0.0
2024-07-30 15:30:00-04:00,2.875,2.9200000762939453,2.869999885559082,2.9200000762939453,33936,0.0,0.0
2024-07-31 09:30:00-04:00,2.9100000858306885,3.0,2.9100000858306885,2.9600000381469727,29202,0.0,0.0
2024-07-31 10:30:00-04:00,2.9749999046325684,2.9800000190734863,2.9700000286102295,2.9800000190734863,3822,0.0,0.0
2024-07-31 11:30:00-04:00,2.9700000286102295,3.0199999809265137,2.9600000381469727,3.005000114440918,13133,0.0,0.0
2024-07-31 12:30:00-04:00,3.005000114440918,3.049999952316284,3.0,3.049999952316284,10870,0.0,0.0
2024-07-31 13:30:00-04:00,3.065000057220459,3.0999999046325684,3.0501999855041504,3.065000057220459,30112,0.0,0.0
2024-07-31 14:30:00-04:00,3.0799999237060547,3.1500000953674316,3.075000047683716,3.0797998905181885,38725,0.0,0.0
2024-07-31 15:30:00-04:00,3.0799999237060547,3.0899999141693115,3.059999942779541,3.0799999237060547,27467,0.0,0.0
2024-08-01 09:30:00-04:00,3.0999999046325684,3.119999885559082,3.009999990463257,3.0399999618530273,81647,0.0,0.0
2024-08-01 10:30:00-04:00,3.0350000858306885,3.0350000858306885,2.8450000286102295,2.8450000286102295,30171,0.0,0.0
2024-08-01 11:30:00-04:00,2.8215999603271484,2.8499999046325684,2.819999933242798,2.8299999237060547,14101,0.0,0.0
2024-08-01 12:30:00-04:00,2.847399950027466,2.880000114440918,2.819999933242798,2.819999933242798,9177,0.0,0.0
2024-08-01 13:30:00-04:00,2.7899999618530273,2.7899999618530273,2.7699999809265137,2.7699999809265137,3948,0.0,0.0
2024-08-01 14:30:00-04:00,2.7850000858306885,2.809999942779541,2.783099889755249,2.809999942779541,8898,0.0,0.0
2024-08-01 15:30:00-04:00,2.8199000358581543,2.8499999046325684,2.8199000358581543,2.8399999141693115,20207,0.0,0.0
2024-08-02 09:30:00-04:00,2.6582000255584717,2.740000009536743,2.621999979019165,2.6449999809265137,13777,0.0,0.0
2024-08-02 10:30:00-04:00,2.6301000118255615,2.680000066757202,2.6301000118255615,2.674999952316284,13349,0.0,0.0
2024-08-02 11:30:00-04:00,2.6642000675201416,2.690000057220459,2.6642000675201416,2.680000066757202,6841,0.0,0.0
2024-08-02 12:30:00-04:00,2.684999942779541,2.6898999214172363,2.6700000762939453,2.680000066757202,5887,0.0,0.0
2024-08-02 13:30:00-04:00,2.690000057220459,2.690000057220459,2.650099992752075,2.6549999713897705,5678,0.0,0.0
2024-08-02 14:30:00-04:00,2.657099962234497,2.674999952316284,2.651400089263916,2.674999952316284,16409,0.0,0.0
2024-08-02 15:30:00-04:00,2.684999942779541,2.688800096511841,2.6700000762939453,2.674999952316284,7729,0.0,0.0
2024-08-05 09:30:00-04:00,2.5,2.509999990463257,2.4000000953674316,2.5,39538,0.0,0.0
2024-08-05 10:30:00-04:00,2.509999990463257,2.5399999618530273,2.509999990463257,2.5299999713897705,7914,0.0,0.0
2024-08-05 11:30:00-04:00,2.5299999713897705,2.549999952316284,2.5299999713897705,2.549999952316284,3475,0.0,0.0
2024-08-05 12:30:00-04:00,2.555000066757202,2.5580999851226807,2.522200107574463,2.5350000858306885,2625,0.0,0.0
2024-08-05 13:30:00-04:00,2.5199999809265137,2.545300006866455,2.5199999809265137,2.5199999809265137,3652,0.0,0.0
2024-08-05 14:30:00-04:00,2.5199999809265137,2.5399999618530273,2.5199999809265137,2.5199999809265137,1593,0.0,0.0
2024-08-05 15:30:00-04:00,2.5199999809265137,2.5199999809265137,2.5,2.5,15698,0.0,0.0
2024-08-06 09:30:00-04:00,2.5299999713897705,2.549999952316284,2.4800000190734863,2.4800000190734863,3375,0.0,0.0
2024-08-06 10:30:00-04:00,2.5262999534606934,2.559999942779541,2.5,2.5,7103,0.0,0.0
2024-08-06 11:30:00-04:00,2.493299961090088,2.5199999809265137,2.493299961090088,2.5199999809265137,5620,0.0,0.0
2024-08-06 12:30:00-04:00,2.5399999618530273,2.5399999618530273,2.5201001167297363,2.5204999446868896,2637,0.0,0.0
2024-08-06 13:30:00-04:00,2.509999990463257,2.509999990463257,2.484999895095825,2.484999895095825,13869,0.0,0.0
2024-08-06 14:30:00-04:00,2.484999895095825,2.494999885559082,2.4200000762939453,2.434999942779541,17442,0.0,0.0
2024-08-06 15:30:00-04:00,2.4316000938415527,2.4316000938415527,2.390000104904175,2.390000104904175,22173,0.0,0.0
2024-08-07 09:30:00-04:00,2.4200000762939453,2.4649999141693115,2.4000000953674316,2.440000057220459,21294,0.0,0.0
2024-08-07 10:30:00-04:00,2.4600000381469727,2.5,2.450000047683716,2.4700000286102295,14470,0.0,0.0
2024-08-07 11:30:00-04:00,2.440000057220459,2.45989990234375,2.4212000370025635,2.444999933242798,5366,0.0,0.0
2024-08-07 12:30:00-04:00,2.430000066757202,2.430000066757202,2.380000114440918,2.390000104904175,14827,0.0,0.0
2024-08-07 13:30:00-04:00,2.380000114440918,2.380000114440918,2.369999885559082,2.380000114440918,4532,0.0,0.0
2024-08-07 14:30:00-04:00,2.378000020980835,2.380000114440918,2.359999895095825,2.365000009536743,12294,0.0,0.0
2024-08-07 15:30:00-04:00,2.365000009536743,2.375,2.359999895095825,2.369999885559082,16323,0.0,0.0
2024-08-08 09:30:00-04:00,2.25,2.319999933242798,2.0899999141693115,2.319999933242798,134272,0.0,0.0
2024-08-08 10:30:00-04:00,2.309999942779541,2.4195001125335693,2.309999942779541,2.4195001125335693,0,0.0,0.0
2024-08-08 11:30:00-04:00,2.369999885559082,2.369999885559082,2.3299999237060547,2.3299999237060547,147696,0.0,0.0
2024-08-08 12:30:00-04:00,2.309999942779541,2.3280999660491943,2.2899999618530273,2.2899999618530273,4040,0.0,0.0
2024-08-08 13:30:00-04:00,2.299999952316284,2.3499999046325684,2.299999952316284,2.3399999141693115,12554,0.0,0.0
2024-08-08 14:30:00-04:00,2.3299999237060547,2.3450000286102295,2.319999933242798,2.319999933242798,3127,0.0,0.0
2024-08-08 15:30:00-04:00,2.3299999237060547,2.3499999046325684,2.319999933242798,2.3450000286102295,10612,0.0,0.0
2024-08-09 09:30:00-04:00,2.309999942779541,2.4800000190734863,2.2899999618530273,2.359999895095825,9409,0.0,0.0
2024-08-09 10:30:00-04:00,2.359999895095825,2.380000114440918,2.3499999046325684,2.380000114440918,4989,0.0,0.0
2024-08-09 11:30:00-04:00,2.369999885559082,2.369999885559082,2.3299999237060547,2.3299999237060547,1523,0.0,0.0
2024-08-09 12:30:00-04:00,2.349900007247925,2.359999895095825,2.3299999237060547,2.3299999237060547,6921,0.0,0.0
2024-08-09 13:30:00-04:00,2.3299999237060547,2.3499999046325684,2.3299999237060547,2.3499999046325684,1898,0.0,0.0
2024-08-09 14:30:00-04:00,2.3450000286102295,2.3450000286102295,2.3299999237060547,2.3299999237060547,300,0.0,0.0
2024-08-09 15:30:00-04:00,2.3350000381469727,2.3399999141693115,2.3299999237060547,2.3299999237060547,5684,0.0,0.0
2024-08-12 09:30:00-04:00,2.299999952316284,2.299999952316284,2.2149999141693115,2.240000009536743,14938,0.0,0.0
2024-08-12 10:30:00-04:00,2.240000009536743,2.2569000720977783,2.240000009536743,2.2569000720977783,2299,0.0,0.0
2024-08-12 11:30:00-04:00,2.2799999713897705,2.2799999713897705,2.2200000286102295,2.2249999046325684,11881,0.0,0.0
2024-08-12 12:30:00-04:00,2.2200000286102295,2.2200000286102295,2.1500000953674316,2.180000066757202,49338,0.0,0.0
2024-08-12 13:30:00-04:00,2.184999942779541,2.1851000785827637,2.109999895095825,2.149600028991699,5025,0.0,0.0
2024-08-12 14:30:00-04:00,2.130000114440918,2.140399932861328,2.0999999046325684,2.0999999046325684,13467,0.0,0.0
2024-08-12 15:30:00-04:00,2.109999895095825,2.119999885559082,2.0799999237060547,2.0950000286102295,10288,0.0,0.0
2024-08-13 09:30:00-04:00,2.130000114440918,2.1500000953674316,2.0299999713897705,2.10509991645813,23177,0.0,0.0
2024-08-13 10:30:00-04:00,2.1050000190734863,2.109999895095825,2.0899999141693115,2.0950000286102295,6467,0.0,0.0
2024-08-13 11:30:00-04:00,2.0950000286102295,2.0999999046325684,2.0899999141693115,2.0899999141693115,8651,0.0,0.0
2024-08-13 12:30:00-04:00,2.0899999141693115,2.0950000286102295,2.0899999141693115,2.09089994430542,6257,0.0,0.0
2024-08-13 13:30:00-04:00,2.0903000831604004,2.0903000831604004,2.069999933242798,2.079900026321411,4029,0.0,0.0
2024-08-13 14:30:00-04:00,2.075000047683716,2.075000047683716,2.0490000247955322,2.0490000247955322,8114,0.0,0.0
2024-08-13 15:30:00-04:00,2.04010009765625,2.049999952316284,2.0399999618530273,2.049999952316284,2276,0.0,0.0
2024-08-14 09:30:00-04:00,2.049999952316284,2.0799999237060547,2.049999952316284,2.049999952316284,26976,0.0,0.0
2024-08-14 10:30:00-04:00,2.049999952316284,2.049999952316284,2.0350000858306885,2.0399999618530273,10660,0.0,0.0
2024-08-14 11:30:00-04:00,2.0450000762939453,2.049999952316284,2.009999990463257,2.0197999477386475,13273,0.0,0.0
2024-08-14 12:30:00-04:00,2.015000104904175,2.0199999809265137,2.005000114440918,2.0199999809265137,3269,0.0,0.0
2024-08-14 13:30:00-04:00,2.009999990463257,2.0250000953674316,2.009999990463257,2.009999990463257,7150,0.0,0.0
2024-08-14 14:30:00-04:00,2.015000104904175,2.0199999809265137,1.9500000476837158,1.965999960899353,34749,0.0,0.0
2024-08-14 15:30:00-04:00,1.965000033378601,2.009999990463257,1.940000057220459,2.009999990463257,40152,0.0,0.0
2024-08-15 09:30:00-04:00,2.0399999618530273,2.1449999809265137,2.0388998985290527,2.065000057220459,17401,0.0,0.0
2024-08-15 10:30:00-04:00,2.0934998989105225,2.0934998989105225,2.049999952316284,2.0899999141693115,9807,0.0,0.0
2024-08-15 11:30:00-04:00,2.0999999046325684,2.1807000637054443,2.0950000286102295,2.1700000762939453,25594,0.0,0.0
2024-08-15 12:30:00-04:00,2.2100000381469727,2.2300000190734863,2.200000047683716,2.2300000190734863,2697,0.0,0.0
2024-08-15 13:30:00-04:00,2.23009991645813,2.2750000953674316,2.2300000190734863,2.2701001167297363,6924,0.0,0.0
2024-08-15 14:30:00-04:00,2.2802000045776367,2.2802000045776367,2.2200000286102295,2.2200000286102295,2938,0.0,0.0
2024-08-15 15:30:00-04:00,2.2100000381469727,2.2100000381469727,2.180000066757202,2.180000066757202,2276,0.0,0.0
2024-08-16 09:30:00-04:00,2.1600000858306885,2.2200000286102295,2.1600000858306885,2.2007999420166016,7993,0.0,0.0
2024-08-16 10:30:00-04:00,2.200000047683716,2.2249999046325684,2.200000047683716,2.2200000286102295,9829,0.0,0.0
2024-08-16 11:30:00-04:00,2.2288999557495117,2.2300000190734863,2.2100000381469727,2.2219998836517334,6426,0.0,0.0
2024-08-16 12:30:00-04:00,2.2281999588012695,2.25,2.2100000381469727,2.2200000286102295,9543,0.0,0.0
2024-08-16 13:30:00-04:00,2.2100000381469727,2.2399001121520996,2.2100000381469727,2.2100000381469727,8105,0.0,0.0
2024-08-16 14:30:00-04:00,2.2200000286102295,2.2300000190734863,2.2100000381469727,2.2100000381469727,5866,0.0,0.0
2024-08-16 15:30:00-04:00,2.2149999141693115,2.2149999141693115,2.2100000381469727,2.2100000381469727,3632,0.0,0.0
2024-08-19 09:30:00-04:00,2.2200000286102295,2.309999942779541,2.2200000286102295,2.309999942779541,15316,0.0,0.0
2024-08-19 10:30:00-04:00,2.2899999618530273,2.319999933242798,2.2899999618530273,2.319999933242798,16007,0.0,0.0
2024-08-19 11:30:00-04:00,2.3108999729156494,2.319999933242798,2.299999952316284,2.299999952316284,9861,0.0,0.0
2024-08-19 12:30:00-04:00,2.299999952316284,2.305000066757202,2.299999952316284,2.299999952316284,5039,0.0,0.0
2024-08-19 13:30:00-04:00,2.309999942779541,2.3199000358581543,2.299999952316284,2.299999952316284,4002,0.0,0.0
2024-08-19 14:30:00-04:00,2.3078999519348145,2.3399999141693115,2.299999952316284,2.309999942779541,11241,0.0,0.0
2024-08-19 15:30:00-04:00,2.309999942779541,2.319999933242798,2.299999952316284,2.309999942779541,5607,0.0,0.0
2024-08-20 09:30:00-04:00,2.309999942779541,2.3499999046325684,2.299999952316284,2.3499999046325684,9150,0.0,0.0
2024-08-20 10:30:00-04:00,2.3633999824523926,2.365000009536743,2.319999933242798,2.319999933242798,6268,0.0,0.0
2024-08-20 11:30:00-04:00,2.3299999237060547,2.3399999141693115,2.259999990463257,2.3399999141693115,9869,0.0,0.0
2024-08-20 12:30:00-04:00,2.3570001125335693,2.359999895095825,2.3350000381469727,2.359999895095825,8792,0.0,0.0
2024-08-20 13:30:00-04:00,2.380000114440918,2.380000114440918,2.357100009918213,2.380000114440918,3033,0.0,0.0
2024-08-20 14:30:00-04:00,2.380000114440918,2.380000114440918,2.325000047683716,2.3499999046325684,8339,0.0,0.0
2024-08-20 15:30:00-04:00,2.348400115966797,2.3499999046325684,2.3350000381469727,2.3350000381469727,4460,0.0,0.0
2024-08-21 09:30:00-04:00,2.3903000354766846,2.422100067138672,2.3903000354766846,2.422100067138672,3354,0.0,0.0
2024-08-21 10:30:00-04:00,2.4100000858306885,2.4154000282287598,2.4079999923706055,2.4079999923706055,5455,0.0,0.0
2024-08-21 11:30:00-04:00,2.4000000953674316,2.4200000762939453,2.4000000953674316,2.4200000762939453,15876,0.0,0.0
2024-08-21 12:30:00-04:00,2.4195001125335693,2.4200000762939453,2.4000000953674316,2.4000000953674316,6905,0.0,0.0
2024-08-21 13:30:00-04:00,2.4100000858306885,2.4193999767303467,2.4000000953674316,2.4149999618530273,8105,0.0,0.0
2024-08-21 14:30:00-04:00,2.4149999618530273,2.4149999618530273,2.3949999809265137,2.4000000953674316,10193,0.0,0.0
2024-08-21 15:30:00-04:00,2.4000000953674316,2.430000066757202,2.4000000953674316,2.430000066757202,8952,0.0,0.0
2024-08-22 09:30:00-04:00,2.430000066757202,2.430000066757202,2.424999952316284,2.424999952316284,2962,0.0,0.0
2024-08-22 10:30:00-04:00,2.4200000762939453,2.4200000762939453,2.4200000762939453,2.4200000762939453,336,0.0,0.0
2024-08-22 11:30:00-04:00,2.4100000858306885,2.427999973297119,2.4100000858306885,2.4200000762939453,8997,0.0,0.0
2024-08-22 12:30:00-04:00,2.4100000858306885,2.4179999828338623,2.3499999046325684,2.3499999046325684,6006,0.0,0.0
2024-08-22 13:30:00-04:00,2.3450000286102295,2.380000114440918,2.3450000286102295,2.365000009536743,23499,0.0,0.0
2024-08-22 14:30:00-04:00,2.3480000495910645,2.3499999046325684,2.3299999237060547,2.3299999237060547,4625,0.0,0.0
2024-08-22 15:30:00-04:00,2.3399999141693115,2.3399999141693115,2.2799999713897705,2.2950000762939453,6176,0.0,0.0
2024-08-23 09:30:00-04:00,2.309999942779541,2.380000114440918,2.309999942779541,2.3499999046325684,9976,0.0,0.0
2024-08-23 10:30:00-04:00,2.3506999015808105,2.3506999015808105,2.3399999141693115,2.3499999046325684,4221,0.0,0.0
2024-08-23 11:30:00-04:00,2.3499999046325684,2.380000114440918,2.3499999046325684,2.380000114440918,2681,0.0,0.0
2024-08-23 12:30:00-04:00,2.380000114440918,2.384999990463257,2.3701000213623047,2.3701000213623047,8987,0.0,0.0
2024-08-23 13:30:00-04:00,2.4296000003814697,2.440000057220459,2.4240000247955322,2.434999942779541,13862,0.0,0.0
2024-08-23 14:30:00-04:00,2.440000057220459,2.450000047683716,2.440000057220459,2.449899911880493,4818,0.0,0.0
2024-08-23 15:30:00-04:00,2.4316000938415527,2.4316000938415527,2.4100000858306885,2.4100000858306885,7141,0.0,0.0
2024-08-26 09:30:00-04:00,2.4600000381469727,2.4899001121520996,2.4000000953674316,2.460099935531616,0,0.0,0.0
2024-08-26 10:30:00-04:00,2.430999994277954,2.4700000286102295,2.430000066757202,2.430999994277954,11466,0.0,0.0
2024-08-26 11:30:00-04:00,2.430000066757202,2.450000047683716,2.430000066757202,2.440000057220459,6118,0.0,0.0
2024-08-26 12:30:00-04:00,2.4400999546051025,2.450000047683716,2.4351999759674072,2.450000047683716,4663,0.0,0.0
2024-08-26 13:30:00-04:00,2.420099973678589,2.430000066757202,2.4100000858306885,2.424999952316284,730,0.0,0.0
2024-08-26 14:30:00-04:00,2.430000066757202,2.450000047683716,2.424999952316284,2.440000057220459,10622,0.0,0.0
2024-08-26 15:30:00-04:00,2.4200000762939453,2.424999952316284,2.4200000762939453,2.4200000762939453,3368,0.0,0.0
2024-08-27 09:30:00-04:00,2.4000000953674316,2.4000000953674316,2.4000000953674316,2.4000000953674316,425,0.0,0.0
2024-08-27 11:30:00-04:00,2.4502999782562256,2.4600000381469727,2.434999942779541,2.450000047683716,7988,0.0,0.0
2024-08-27 12:30:00-04:00,2.450000047683716,2.4600000381469727,2.440000057220459,2.450000047683716,9471,0.0,0.0
2024-08-27 13:30:00-04:00,2.4472999572753906,2.450000047683716,2.4472999572753906,2.450000047683716,1668,0.0,0.0
2024-08-27 14:30:00-04:00,2.450000047683716,2.4700000286102295,2.440000057220459,2.444999933242798,7257,0.0,0.0
2024-08-27 15:30:00-04:00,2.440000057220459,2.444999933242798,2.440000057220459,2.440000057220459,5620,0.0,0.0
2024-08-28 09:30:00-04:00,2.450000047683716,2.5,2.450000047683716,2.4647998809814453,5933,0.0,0.0
2024-08-28 10:30:00-04:00,2.430000066757202,2.430000066757202,2.359999895095825,2.359999895095825,4455,0.0,0.0
2024-08-28 11:30:00-04:00,2.3299999237060547,2.440000057220459,2.3106000423431396,2.3949999809265137,6222,0.0,0.0
2024-08-28 12:30:00-04:00,2.355299949645996,2.363800048828125,2.3499999046325684,2.363800048828125,1941,0.0,0.0
2024-08-28 13:30:00-04:00,2.369999885559082,2.4000000953674316,2.359999895095825,2.359999895095825,5358,0.0,0.0
2024-08-28 14:30:00-04:00,2.369999885559082,2.390000104904175,2.369999885559082,2.369999885559082,11877,0.0,0.0
2024-08-28 15:30:00-04:00,2.369999885559082,2.375,2.359999895095825,2.359999895095825,4313,0.0,0.0
2024-08-29 09:30:00-04:00,2.440000057220459,2.440000057220459,2.367300033569336,2.367300033569336,17226,0.0,0.0
2024-08-29 10:30:00-04:00,2.3756000995635986,2.3989999294281006,2.3756000995635986,2.3989999294281006,1560,0.0,0.0
2024-08-29 11:30:00-04:00,2.410099983215332,2.4519999027252197,2.390000104904175,2.450000047683716,13303,0.0,0.0
2024-08-29 12:30:00-04:00,2.450000047683716,2.450000047683716,2.430000066757202,2.450000047683716,9158,0.0,0.0
2024-08-29 13:30:00-04:00,2.4600000381469727,2.4800000190734863,2.4600000381469727,2.4600000381469727,19912,0.0,0.0
2024-08-29 14:30:00-04:00,2.440000057220459,2.5199999809265137,2.430000066757202,2.490299940109253,22231,0.0,0.0
2024-08-29 15:30:00-04:00,2.494999885559082,2.5,2.440000057220459,2.4600000381469727,12048,0.0,0.0
2024-08-30 09:30:00-04:00,2.4700000286102295,2.4700000286102295,2.4549999237060547,2.4549999237060547,0,0.0,0.0
2024-08-30 10:30:00-04:00,2.450000047683716,2.4600000381469727,2.430000066757202,2.440000057220459,42814,0.0,0.0
2024-08-30 11:30:00-04:00,2.4302000999450684,2.4560999870300293,2.4302000999450684,2.450000047683716,14590,0.0,0.0
2024-08-30 12:30:00-04:00,2.4486000537872314,2.4700000286102295,2.430000066757202,2.4549999237060547,11969,0.0,0.0
2024-08-30 13:30:00-04:00,2.430000066757202,2.490000009536743,2.430000066757202,2.4749999046325684,12766,0.0,0.0
2024-08-30 14:30:00-04:00,2.460200071334839,2.4700000286102295,2.430000066757202,2.469899892807007,19027,0.0,0.0
2024-08-30 15:30:00-04:00,2.4549999237060547,2.4649999141693115,2.430000066757202,2.450000047683716,6702,0.0,0.0
2024-09-03 09:30:00-04:00,2.450000047683716,2.4700000286102295,2.430000066757202,2.434999942779541,8222,0.0,0.0
2024-09-03 10:30:00-04:00,2.4100000858306885,2.430000066757202,2.390000104904175,2.430000066757202,4051,0.0,0.0
2024-09-03 11:30:00-04:00,2.430000066757202,2.4600000381469727,2.4084999561309814,2.4600000381469727,8606,0.0,0.0
2024-09-03 12:30:00-04:00,2.450000047683716,2.450000047683716,2.390000104904175,2.390000104904175,6594,0.0,0.0
2024-09-03 13:30:00-04:00,2.390000104904175,2.4000000953674316,2.390000104904175,2.390000104904175,21223,0.0,0.0
2024-09-03 14:30:00-04:00,2.390000104904175,2.390000104904175,2.390000104904175,2.390000104904175,4563,0.0,0.0
2024-09-03 15:30:00-04:00,2.390000104904175,2.4079999923706055,2.390000104904175,2.4000000953674316,8992,0.0,0.0
2024-09-04 09:30:00-04:00,2.390000104904175,2.415299892425537,2.390000104904175,2.390500068664551,22362,0.0,0.0
2024-09-04 10:30:00-04:00,2.4000000953674316,2.404599905014038,2.4000000953674316,2.4000000953674316,2642,0.0,0.0
2024-09-04 11:30:00-04:00,2.4000000953674316,2.430000066757202,2.390000104904175,2.424999952316284,4545,0.0,0.0
2024-09-04 12:30:00-04:00,2.424999952316284,2.424999952316284,2.410099983215332,2.4200000762939453,3300,0.0,0.0
2024-09-04 13:30:00-04:00,2.4200000762939453,2.4200000762939453,2.390000104904175,2.4049999713897705,2152,0.0,0.0
2024-09-04 14:30:00-04:00,2.4049999713897705,2.4100000858306885,2.390000104904175,2.3949999809265137,5093,0.0,0.0
2024-09-04 15:30:00-04:00,2.3949999809265137,2.3949999809265137,2.380000114440918,2.390000104904175,7680,0.0,0.0
2024-09-05 09:30:00-04:00,2.403700113296509,2.403700113296509,2.380000114440918,2.380000114440918,3866,0.0,0.0
2024-09-05 10:30:00-04:00,2.380000114440918,2.380000114440918,2.380000114440918,2.380000114440918,1026,0.0,0.0
2024-09-05 11:30:00-04:00,2.4000000953674316,2.4000000953674316,2.3949999809265137,2.3949999809265137,10590,0.0,0.0
2024-09-05 12:30:00-04:00,2.4100000858306885,2.4200000762939453,2.4091999530792236,2.4200000762939453,3710,0.0,0.0
2024-09-05 13:30:00-04:00,2.4200000762939453,2.450000047683716,2.4000000953674316,2.450000047683716,18442,0.0,0.0
2024-09-05 14:30:00-04:00,2.430000066757202,2.430000066757202,2.380000114440918,2.384999990463257,5907,0.0,0.0
2024-09-05 15:30:00-04:00,2.384999990463257,2.4100000858306885,2.384999990463257,2.4049999713897705,5360,0.0,0.0
2024-09-06 09:30:00-04:00,2.440000057220459,2.4700000286102295,2.4231998920440674,2.450000047683716,53276,0.0,0.0
2024-09-06 10:30:00-04:00,2.450000047683716,2.450000047683716,2.390000104904175,2.4000000953674316,5724,0.0,0.0
2024-09-06 11:30:00-04:00,2.4000000953674316,2.4049999713897705,2.390000104904175,2.390000104904175,2867,0.0,0.0
2024-09-06 12:30:00-04:00,2.390000104904175,2.444999933242798,2.390000104904175,2.440000057220459,8820,0.0,0.0
2024-09-06 13:30:00-04:00,2.440000057220459,2.444999933242798,2.430000066757202,2.434999942779541,3858,0.0,0.0
2024-09-06 14:30:00-04:00,2.434999942779541,2.434999942779541,2.4200000762939453,2.424999952316284,2688,0.0,0.0
2024-09-06 15:30:00-04:00,2.424999952316284,2.4600000381469727,2.424999952316284,2.440000057220459,12584,0.0,0.0
2024-09-09 09:30:00-04:00,2.4800000190734863,2.4800000190734863,2.4000000953674316,2.440000057220459,5845,0.0,0.0
2024-09-09 10:30:00-04:00,2.434299945831299,2.5299999713897705,2.4200000762939453,2.5299999713897705,67281,0.0,0.0
2024-09-09 11:30:00-04:00,2.5299999713897705,2.5299999713897705,2.490000009536743,2.490000009536743,45712,0.0,0.0
2024-09-09 12:30:00-04:00,2.509999990463257,2.569999933242798,2.4800000190734863,2.4800000190734863,18845,0.0,0.0
2024-09-09 13:30:00-04:00,2.450000047683716,2.45989990234375,2.380000114440918,2.4100000858306885,7138,0.0,0.0
2024-09-09 14:30:00-04:00,2.4100000858306885,2.4804000854492188,2.390000104904175,2.440000057220459,81839,0.0,0.0
2024-09-09 15:30:00-04:00,2.4200000762939453,2.440000057220459,2.390000104904175,2.4100000858306885,12339,0.0,0.0
2024-09-10 09:30:00-04:00,2.380000114440918,2.380000114440918,2.380000114440918,2.380000114440918,1301,0.0,0.0
2024-09-10 10:30:00-04:00,2.4000000953674316,2.4200000762939453,2.39520001411438,2.4100000858306885,4918,0.0,0.0
2024-09-10 11:30:00-04:00,2.4100000858306885,2.4100000858306885,2.380000114440918,2.380000114440918,5927,0.0,0.0
2024-09-10 12:30:00-04:00,2.390000104904175,2.4100000858306885,2.385200023651123,2.4049999713897705,6053,0.0,0.0
2024-09-10 13:30:00-04:00,2.4100000858306885,2.4100000858306885,2.4000000953674316,2.4049999713897705,9607,0.0,0.0
2024-09-10 14:30:00-04:00,2.424999952316284,2.4600000381469727,2.4000000953674316,2.4049999713897705,9454,0.0,0.0
2024-09-10 15:30:00-04:00,2.4049999713897705,2.4049999713897705,2.4000000953674316,2.4000000953674316,5998,0.0,0.0
2024-09-11 09:30:00-04:00,2.380000114440918,2.381999969482422,2.380000114440918,2.381999969482422,1050,0.0,0.0
2024-09-11 10:30:00-04:00,2.390000104904175,2.4200000762939453,2.390000104904175,2.4200000762939453,2120,0.0,0.0
2024-09-11 11:30:00-04:00,2.4100000858306885,2.4100000858306885,2.4000000953674316,2.4000000953674316,1426,0.0,0.0
2024-09-11 12:30:00-04:00,2.390000104904175,2.4100000858306885,2.390000104904175,2.4049999713897705,5153,0.0,0.0
2024-09-11 13:30:00-04:00,2.4100000858306885,2.424999952316284,2.4100000858306885,2.4200000762939453,2039,0.0,0.0
2024-09-11 14:30:00-04:00,2.430000066757202,2.430000066757202,2.4000000953674316,2.4000000953674316,6242,0.0,0.0
2024-09-11 15:30:00-04:00,2.4049999713897705,2.4049999713897705,2.4000000953674316,2.4000000953674316,3258,0.0,0.0
2024-09-12 09:30:00-04:00,2.4293999671936035,2.430000066757202,2.4200000762939453,2.4200000762939453,8407,0.0,0.0
2024-09-12 10:30:00-04:00,2.4200000762939453,2.424999952316284,2.410099983215332,2.4200000762939453,3682,0.0,0.0
2024-09-12 11:30:00-04:00,2.434999942779541,2.434999942779541,2.4200000762939453,2.4200000762939453,548,0.0,0.0
2024-09-12 12:30:00-04:00,2.4251999855041504,2.440000057220459,2.4200000762939453,2.4200000762939453,15227,0.0,0.0
2024-09-12 13:30:00-04:00,2.430000066757202,2.430000066757202,2.4200000762939453,2.4200000762939453,4018,0.0,0.0
2024-09-12 14:30:00-04:00,2.4110000133514404,2.4200000762939453,2.4000000953674316,2.4000000953674316,3638,0.0,0.0
2024-09-12 15:30:00-04:00,2.406899929046631,2.406899929046631,2.4000000953674316,2.4000000953674316,1879,0.0,0.0
2024-09-13 09:30:00-04:00,2.4205000400543213,2.4600000381469727,2.4205000400543213,2.4600000381469727,2486,0.0,0.0
2024-09-13 10:30:00-04:00,2.484999895095825,2.5399999618530273,2.4800000190734863,2.5399999618530273,14521,0.0,0.0
2024-09-13 11:30:00-04:00,2.5399999618530273,2.5880000591278076,2.5299999713897705,2.5703001022338867,4856,0.0,0.0
2024-09-13 12:30:00-04:00,2.5934998989105225,2.6500000953674316,2.5934998989105225,2.6500000953674316,9976,0.0,0.0
2024-09-13 13:30:00-04:00,2.640000104904175,2.640000104904175,2.615000009536743,2.615000009536743,5474,0.0,0.0
2024-09-13 14:30:00-04:00,2.5999999046325684,2.619999885559082,2.5999999046325684,2.6050000190734863,10262,0.0,0.0
2024-09-13 15:30:00-04:00,2.5950000286102295,2.5999999046325684,2.5199999809265137,2.549999952316284,30669,0.0,0.0
2024-09-16 09:30:00-04:00,2.5799999237060547,2.5799999237060547,2.450000047683716,2.450000047683716,0,0.0,0.0
2024-09-16 10:30:00-04:00,2.4398999214172363,2.4398999214172363,2.430000066757202,2.430000066757202,1038,0.0,0.0
2024-09-16 11:30:00-04:00,2.430000066757202,2.450000047683716,2.4200000762939453,2.4200000762939453,7130,0.0,0.0
2024-09-16 12:30:00-04:00,2.4207000732421875,2.4207000732421875,2.411099910736084,2.4149999618530273,2666,0.0,0.0
2024-09-16 13:30:00-04:00,2.4112000465393066,2.430000066757202,2.3814001083374023,2.3814001083374023,15990,0.0,0.0
2024-09-16 14:30:00-04:00,2.3814001083374023,2.399899959564209,2.380000114440918,2.3808000087738037,25098,0.0,0.0
2024-09-16 15:30:00-04:00,2.3824000358581543,2.3949999809265137,2.380000114440918,2.384999990463257,5237,0.0,0.0
2024-09-17 09:30:00-04:00,2.4100000858306885,2.4749999046325684,2.4100000858306885,2.4600000381469727,17693,0.0,0.0
2024-09-17 10:30:00-04:00,2.450000047683716,2.450000047683716,2.450000047683716,2.450000047683716,5238,0.0,0.0
2024-09-17 11:30:00-04:00,2.430000066757202,2.4398999214172363,2.390000104904175,2.3952999114990234,6895,0.0,0.0
2024-09-17 12:30:00-04:00,2.4019999504089355,2.4100000858306885,2.4000000953674316,2.4049999713897705,4900,0.0,0.0
2024-09-17 13:30:00-04:00,2.4100000858306885,2.4100000858306885,2.380000114440918,2.384999990463257,8343,0.0,0.0
2024-09-17 14:30:00-04:00,2.381999969482422,2.4200000762939453,2.380000114440918,2.380000114440918,11809,0.0,0.0
2024-09-17 15:30:00-04:00,2.384999990463257,2.3919999599456787,2.359999895095825,2.359999895095825,21371,0.0,0.0
2024-09-18 09:30:00-04:00,2.3499999046325684,2.3499999046325684,2.3299999237060547,2.3299999237060547,1635,0.0,0.0
2024-09-18 10:30:00-04:00,2.309999942779541,2.3399999141693115,2.309999942779541,2.3399999141693115,3583,0.0,0.0
2024-09-18 11:30:00-04:00,2.3399999141693115,2.359999895095825,2.3399999141693115,2.3506999015808105,13770,0.0,0.0
2024-09-18 12:30:00-04:00,2.369999885559082,2.369999885559082,2.358799934387207,2.358799934387207,1672,0.0,0.0
2024-09-18 13:30:00-04:00,2.365000009536743,2.5,2.365000009536743,2.4800000190734863,13349,0.0,0.0
2024-09-18 14:30:00-04:00,2.509999990463257,2.5862998962402344,2.4800000190734863,2.5,38593,0.0,0.0
2024-09-18 15:30:00-04:00,2.4700000286102295,2.4800000190734863,2.4600000381469727,2.4649999141693115,9926,0.0,0.0
2024-09-19 09:30:00-04:00,2.549999952316284,2.549999952316284,2.3570001125335693,2.3570001125335693,27659,0.0,0.0
2024-09-19 10:30:00-04:00,2.359999895095825,2.440000057220459,2.359999895095825,2.440000057220459,27502,0.0,0.0
2024-09-19 11:30:00-04:00,2.430000066757202,2.4700000286102295,2.424999952316284,2.4600000381469727,4933,0.0,0.0
2024-09-19 12:30:00-04:00,2.4665000438690186,2.509999990463257,2.4423000812530518,2.4600000381469727,25184,0.0,0.0
2024-09-19 13:30:00-04:00,2.450000047683716,2.505000114440918,2.4409000873565674,2.5,9303,0.0,0.0
2024-09-19 14:30:00-04:00,2.4800000190734863,2.490000009536743,2.440000057220459,2.440000057220459,7362,0.0,0.0
2024-09-19 15:30:00-04:00,2.440000057220459,2.4600000381469727,2.4200000762939453,2.4549999237060547,22666,0.0,0.0
2024-09-20 10:30:00-04:00,2.4200000762939453,2.4200000762939453,2.3917999267578125,2.3917999267578125,715,0.0,0.0
2024-09-20 11:30:00-04:00,2.4000000953674316,2.4024999141693115,2.3901000022888184,2.4000000953674316,5553,0.0,0.0
2024-09-20 12:30:00-04:00,2.390000104904175,2.450000047683716,2.390000104904175,2.441999912261963,11653,0.0,0.0
2024-09-20 13:30:00-04:00,2.444999933242798,2.444999933242798,2.4149999618530273,2.4149999618530273,2281,0.0,0.0
2024-09-20 14:30:00-04:00,2.4200000762939453,2.424999952316284,2.4200000762939453,2.4200000762939453,3121,0.0,0.0
2024-09-20 15:30:00-04:00,2.4200000762939453,2.4200000762939453,2.3299999237060547,2.3299999237060547,23049,0.0,0.0
2024-09-23 09:30:00-04:00,2.3399999141693115,2.3698999881744385,2.3399999141693115,2.3698999881744385,5692,0.0,0.0
2024-09-23 10:30:00-04:00,2.315000057220459,2.319999933242798,2.309999942779541,2.315000057220459,9938,0.0,0.0
2024-09-23 11:30:00-04:00,2.319200038909912,2.3350000381469727,2.319200038909912,2.3350000381469727,1578,0.0,0.0
2024-09-23 12:30:00-04:00,2.3348000049591064,2.3768999576568604,2.3310000896453857,2.365000009536743,5950,0.0,0.0
2024-09-23 13:30:00-04:00,2.369999885559082,2.369999885559082,2.369999885559082,2.369999885559082,1073,0.0,0.0
2024-09-23 14:30:00-04:00,2.380000114440918,2.4000000953674316,2.380000114440918,2.4000000953674316,5875,0.0,0.0
2024-09-23 15:30:00-04:00,2.4000000953674316,2.4049999713897705,2.390000104904175,2.3949999809265137,8472,0.0,0.0
2024-09-24 09:30:00-04:00,2.390000104904175,2.4798998832702637,2.3499999046325684,2.4100000858306885,0,0.0,0.0
2024-09-24 10:30:00-04:00,2.450000047683716,2.464099884033203,2.3949999809265137,2.418800115585327,11917,0.0,0.0
2024-09-24 11:30:00-04:00,2.3949999809265137,2.4200000762939453,2.369999885559082,2.369999885559082,8204,0.0,0.0
2024-09-24 12:30:00-04:00,2.3399999141693115,2.369999885559082,2.3399999141693115,2.3399999141693115,5670,0.0,0.0
2024-09-24 13:30:00-04:00,2.3399999141693115,2.3606998920440674,2.3299999237060547,2.3299999237060547,4851,0.0,0.0
2024-09-24 14:30:00-04:00,2.309999942779541,2.3399999141693115,2.309999942779541,2.319999933242798,6536,0.0,0.0
2024-09-24 15:30:00-04:00,2.319999933242798,2.3399999141693115,2.309999942779541,2.309999942779541,14111,0.0,0.0
2024-09-25 09:30:00-04:00,2.299999952316284,2.3259999752044678,2.25,2.299999952316284,46215,0.0,0.0
2024-09-25 10:30:00-04:00,2.309999942779541,2.3299999237060547,2.309999942779541,2.325000047683716,5955,0.0,0.0
2024-09-25 11:30:00-04:00,2.3570001125335693,2.3570001125335693,2.3299999237060547,2.3299999237060547,4190,0.0,0.0
2024-09-25 12:30:00-04:00,2.3299999237060547,2.390000104904175,2.3299999237060547,2.390000104904175,3305,0.0,0.0
2024-09-25 13:30:00-04:00,2.390000104904175,2.3949999809265137,2.340100049972534,2.340100049972534,21412,0.0,0.0
2024-09-25 14:30:00-04:00,2.369999885559082,2.3798999786376953,2.360100030899048,2.3798999786376953,0,0.0,0.0
2024-09-25 15:30:00-04:00,2.380000114440918,2.4200000762939453,2.369999885559082,2.4200000762939453,5815,0.0,0.0
2024-09-26 09:30:00-04:00,2.453000068664551,2.501499891281128,2.3701000213623047,2.494999885559082,13608,0.0,0.0
2024-09-26 10:30:00-04:00,2.4700000286102295,2.490000009536743,2.4700000286102295,2.484999895095825,5522,0.0,0.0
2024-09-26 11:30:00-04:00,2.484999895095825,2.490000009536743,2.484999895095825,2.490000009536743,4443,0.0,0.0
2024-09-26 12:30:00-04:00,2.490000009536743,2.5,2.490000009536743,2.5,14978,0.0,0.0
2024-09-26 13:30:00-04:00,2.5,2.5,2.494999885559082,2.4990999698638916,4716,0.0,0.0
2024-09-26 14:30:00-04:00,2.494999885559082,2.509999990463257,2.494999885559082,2.509999990463257,8003,0.0,0.0
2024-09-26 15:30:00-04:00,2.5,2.509999990463257,2.4790000915527344,2.4800000190734863,5591,0.0,0.0
2024-09-27 09:30:00-04:00,2.4800000190734863,2.609999895095825,2.4600000381469727,2.609999895095825,0,0.0,0.0
2024-09-27 10:30:00-04:00,2.6010000705718994,2.6010000705718994,2.440000057220459,2.4600000381469727,12932,0.0,0.0
2024-09-27 11:30:00-04:00,2.4800000190734863,2.5299999713897705,2.4700000286102295,2.5199999809265137,5125,0.0,0.0
2024-09-27 12:30:00-04:00,2.5199999809265137,2.555000066757202,2.5199999809265137,2.5399999618530273,6829,0.0,0.0
2024-09-27 13:30:00-04:00,2.5799999237060547,2.609999895095825,2.5799999237060547,2.609999895095825,6398,0.0,0.0
2024-09-27 14:30:00-04:00,2.5999999046325684,2.640000104904175,2.559999942779541,2.5899999141693115,21466,0.0,0.0
2024-09-27 15:30:00-04:00,2.5999999046325684,2.630000114440918,2.5899999141693115,2.5999999046325684,9335,0.0,0.0
2024-09-30 09:30:00-04:00,2.559999942779541,2.5999999046325684,2.559999942779541,2.5899999141693115,5666,0.0,0.0
2024-09-30 10:30:00-04:00,2.5840001106262207,2.6050000190734863,2.5840001106262207,2.5999999046325684,468,0.0,0.0
2024-09-30 11:30:00-04:00,2.5961999893188477,2.609999895095825,2.569999933242798,2.5950000286102295,4641,0.0,0.0
2024-09-30 12:30:00-04:00,2.6198999881744385,2.6500000953674316,2.6198999881744385,2.6500000953674316,5344,0.0,0.0
2024-09-30 13:30:00-04:00,2.620699882507324,2.620699882507324,2.541100025177002,2.541100025177002,5820,0.0,0.0
2024-09-30 14:30:00-04:00,2.555000066757202,2.5652999877929688,2.536900043487549,2.5652999877929688,2499,0.0,0.0
2024-09-30 15:30:00-04:00,2.549999952316284,2.5799999237060547,2.549999952316284,2.549999952316284,6020,0.0,0.0
2024-10-01 09:30:00-04:00,2.569999933242798,2.608299970626831,2.542799949645996,2.565000057220459,6206,0.0,0.0
2024-10-01 10:30:00-04:00,2.5399999618530273,2.546299934387207,2.492000102996826,2.5299999713897705,3401,0.0,0.0
2024-10-01 11:30:00-04:00,2.555000066757202,2.5899999141693115,2.555000066757202,2.5899999141693115,10907,0.0,0.0
2024-10-01 12:30:00-04:00,2.569999933242798,2.569999933242798,2.550100088119507,2.569999933242798,7781,0.0,0.0
2024-10-01 13:30:00-04:00,2.549999952316284,2.549999952316284,2.5399999618530273,2.5399999618530273,2826,0.0,0.0
2024-10-01 14:30:00-04:00,2.549999952316284,2.549999952316284,2.5199999809265137,2.5199999809265137,2711,0.0,0.0
2024-10-01 15:30:00-04:00,2.5,2.509999990463257,2.4800000190734863,2.4800000190734863,1652,0.0,0.0
2024-10-02 09:30:00-04:00,2.4600000381469727,2.5123000144958496,2.4245998859405518,2.5123000144958496,41023,0.0,0.0
2024-10-02 10:30:00-04:00,2.494999885559082,2.494999885559082,2.490000009536743,2.490000009536743,344,0.0,0.0
2024-10-02 11:30:00-04:00,2.5,2.5,2.4700000286102295,2.4700000286102295,1987,0.0,0.0
2024-10-02 12:30:00-04:00,2.490000009536743,2.490000009536743,2.4700000286102295,2.4700000286102295,8165,0.0,0.0
2024-10-02 13:30:00-04:00,2.4800000190734863,2.494999885559082,2.4800000190734863,2.490000009536743,1783,0.0,0.0
2024-10-02 15:30:00-04:00,2.4800000190734863,2.4800000190734863,2.4600000381469727,2.4700000286102295,4633,0.0,0.0
2024-10-03 11:30:00-04:00,2.4609999656677246,2.5,2.460599899291992,2.5,2215,0.0,0.0
2024-10-03 12:30:00-04:00,2.51990008354187,2.5299999713897705,2.4700000286102295,2.4800000190734863,6238,0.0,0.0
2024-10-03 13:30:00-04:00,2.4700000286102295,2.4709999561309814,2.369999885559082,2.4000000953674316,31569,0.0,0.0
2024-10-03 14:30:00-04:00,2.4100000858306885,2.440000057220459,2.380000114440918,2.4100000858306885,8993,0.0,0.0
2024-10-03 15:30:00-04:00,2.4119999408721924,2.4298999309539795,2.390000104904175,2.4200000762939453,12133,0.0,0.0
2024-10-04 09:30:00-04:00,2.493299961090088,2.493299961090088,2.4600000381469727,2.4874000549316406,6590,0.0,0.0
2024-10-04 10:30:00-04:00,2.4749999046325684,2.498199939727783,2.4700000286102295,2.4700000286102295,4150,0.0,0.0
2024-10-04 11:30:00-04:00,2.490000009536743,2.515000104904175,2.4800000190734863,2.515000104904175,9689,0.0,0.0
2024-10-04 12:30:00-04:00,2.525399923324585,2.5999999046325684,2.515000104904175,2.5999999046325684,27699,0.0,0.0
2024-10-04 13:30:00-04:00,2.609800100326538,2.700000047683716,2.450000047683716,2.4697999954223633,41991,0.0,0.0
2024-10-04 14:30:00-04:00,2.518199920654297,2.549999952316284,2.5,2.5297999382019043,10062,0.0,0.0
2024-10-04 15:30:00-04:00,2.5250000953674316,2.559999942779541,2.5,2.559999942779541,6278,0.0,0.0
2024-10-07 09:30:00-04:00,2.509999990463257,2.6600000858306885,2.509999990463257,2.6549999713897705,0,0.0,0.0
2024-10-07 10:30:00-04:00,2.6500000953674316,2.6600000858306885,2.6500000953674316,2.659899950027466,2971,0.0,0.0
2024-10-07 11:30:00-04:00,2.6500000953674316,2.6600000858306885,2.5999999046325684,2.6600000858306885,12489,0.0,0.0
2024-10-07 12:30:00-04:00,2.6500000953674316,2.660099983215332,2.6473000049591064,2.6473000049591064,7717,0.0,0.0
2024-10-07 13:30:00-04:00,2.630000114440918,2.640000104904175,2.619999885559082,2.630000114440918,3008,0.0,0.0
2024-10-07 14:30:00-04:00,2.640000104904175,2.640000104904175,2.569999933242798,2.569999933242798,6787,0.0,0.0
2024-10-07 15:30:00-04:00,2.5799999237060547,2.5799999237060547,2.4800000190734863,2.5799999237060547,19112,0.0,0.0
2024-10-08 09:30:00-04:00,2.621799945831299,2.621799945831299,2.5987000465393066,2.619999885559082,928,0.0,0.0
2024-10-08 10:30:00-04:00,2.630000114440918,2.680000066757202,2.630000114440918,2.6600000858306885,4928,0.0,0.0
2024-10-08 11:30:00-04:00,2.6600000858306885,2.6649999618530273,2.640000104904175,2.6500000953674316,17797,0.0,0.0
2024-10-08 12:30:00-04:00,2.6898999214172363,2.6898999214172363,2.640000104904175,2.6500000953674316,4661,0.0,0.0
2024-10-08 13:30:00-04:00,2.6500000953674316,2.6649999618530273,2.6500000953674316,2.659899950027466,11692,0.0,0.0
2024-10-08 14:30:00-04:00,2.6449999809265137,2.690000057220459,2.642199993133545,2.6600000858306885,28537,0.0,0.0
2024-10-08 15:30:00-04:00,2.6700000762939453,2.690000057220459,2.6700000762939453,2.6700000762939453,10342,0.0,0.0
2024-10-09 09:30:00-04:00,2.6505000591278076,2.690000057220459,2.6505000591278076,2.690000057220459,1755,0.0,0.0
2024-10-09 10:30:00-04:00,2.684999942779541,2.694999933242798,2.684999942779541,2.694999933242798,4022,0.0,0.0
2024-10-09 11:30:00-04:00,2.7100000381469727,2.7100000381469727,2.6700000762939453,2.6700000762939453,2333,0.0,0.0
2024-10-09 12:30:00-04:00,2.690200090408325,2.690200090408325,2.690200090408325,2.690200090408325,4000,0.0,0.0
2024-10-09 13:30:00-04:00,2.6844000816345215,2.690000057220459,2.680000066757202,2.680000066757202,4783,0.0,0.0
2024-10-09 14:30:00-04:00,2.680000066757202,2.684999942779541,2.5999999046325684,2.5999999046325684,13937,0.0,0.0
2024-10-09 15:30:00-04:00,2.5899999141693115,2.609999895095825,2.5799999237060547,2.5799999237060547,3351,0.0,0.0
2024-10-10 09:30:00-04:00,2.559999942779541,2.6500000953674316,2.559999942779541,2.640199899673462,4624,0.0,0.0
2024-10-10 10:30:00-04:00,2.619999885559082,2.6522998809814453,2.619999885559082,2.6522998809814453,2359,0.0,0.0
2024-10-10 11:30:00-04:00,2.669600009918213,2.740000009536743,2.669600009918213,2.700900077819824,8261,0.0,0.0
2024-10-10 12:30:00-04:00,2.718899965286255,2.778700113296509,2.707900047302246,2.7300000190734863,14917,0.0,0.0
2024-10-10 13:30:00-04:00,2.7679998874664307,2.7679998874664307,2.7679998874664307,2.7679998874664307,217,0.0,0.0
2024-10-10 14:30:00-04:00,2.75,2.75,2.720099925994873,2.734999895095825,4925,0.0,0.0
2024-10-10 15:30:00-04:00,2.7495999336242676,2.75,2.7495999336242676,2.75,1622,0.0,0.0
2024-10-11 09:30:00-04:00,2.724900007247925,2.759999990463257,2.6700000762939453,2.6700000762939453,7452,0.0,0.0
2024-10-11 10:30:00-04:00,2.680000066757202,2.7100000381469727,2.5899999141693115,2.6126999855041504,22264,0.0,0.0
2024-10-11 11:30:00-04:00,2.619999885559082,2.684999942779541,2.619999885559082,2.684999942779541,5619,0.0,0.0
2024-10-11 12:30:00-04:00,2.700000047683716,2.7799999713897705,2.700000047683716,2.7750000953674316,6308,0.0,0.0
2024-10-11 13:30:00-04:00,2.751499891281128,2.7699999809265137,2.7200000286102295,2.7200000286102295,3576,0.0,0.0
2024-10-11 14:30:00-04:00,2.7100000381469727,2.7100000381469727,2.700000047683716,2.700000047683716,781,0.0,0.0
2024-10-11 15:30:00-04:00,2.690000057220459,2.690000057220459,2.6600000858306885,2.6600000858306885,1231,0.0,0.0
2024-10-14 09:30:00-04:00,2.6500000953674316,2.6700000762939453,2.5999999046325684,2.5999999046325684,2846,0.0,0.0
2024-10-14 10:30:00-04:00,2.6349000930786133,2.6349000930786133,2.6349000930786133,2.6349000930786133,247,0.0,0.0
2024-10-14 11:30:00-04:00,2.609999895095825,2.6600000858306885,2.609999895095825,2.6600000858306885,2669,0.0,0.0
2024-10-14 12:30:00-04:00,2.690000057220459,2.7100000381469727,2.6301000118255615,2.700000047683716,10657,0.0,0.0
2024-10-14 13:30:00-04:00,2.690000057220459,2.700000047683716,2.6500000953674316,2.690000057220459,10713,0.0,0.0
2024-10-14 14:30:00-04:00,2.6600000858306885,2.6600000858306885,2.6600000858306885,2.6600000858306885,1949,0.0,0.0
2024-10-14 15:30:00-04:00,2.6600000858306885,2.7307000160217285,2.6600000858306885,2.7279999256134033,12385,0.0,0.0
2024-10-15 09:30:00-04:00,2.7100000381469727,2.7100000381469727,2.6619999408721924,2.6898999214172363,0,0.0,0.0
2024-10-15 10:30:00-04:00,2.690000057220459,2.719899892807007,2.690000057220459,2.7049999237060547,5172,0.0,0.0
2024-10-15 11:30:00-04:00,2.674999952316284,2.674999952316284,2.674999952316284,2.674999952316284,1907,0.0,0.0
2024-10-15 12:30:00-04:00,2.6749000549316406,2.690000057220459,2.630000114440918,2.630000114440918,16076,0.0,0.0
2024-10-15 13:30:00-04:00,2.549999952316284,2.5899999141693115,2.549999952316284,2.5899999141693115,3192,0.0,0.0
2024-10-15 14:30:00-04:00,2.5899999141693115,2.591900110244751,2.584199905395508,2.5899999141693115,2247,0.0,0.0
2024-10-15 15:30:00-04:00,2.575000047683716,2.5799999237060547,2.509999990463257,2.5199999809265137,18829,0.0,0.0
2024-10-16 09:30:00-04:00,2.509999990463257,2.609999895095825,2.509999990463257,2.609999895095825,5438,0.0,0.0
2024-10-16 10:30:00-04:00,2.619999885559082,2.619999885559082,2.5799999237060547,2.5799999237060547,3167,0.0,0.0
2024-10-16 11:30:00-04:00,2.5799999237060547,2.6582999229431152,2.549999952316284,2.6582999229431152,13035,0.0,0.0
2024-10-16 12:30:00-04:00,2.6582999229431152,2.6582999229431152,2.640000104904175,2.6521999835968018,0,0.0,0.0
2024-10-16 13:30:00-04:00,2.680000066757202,2.7486000061035156,2.6600000858306885,2.6700000762939453,27985,0.0,0.0
2024-10-16 14:30:00-04:00,2.6700000762939453,2.700000047683716,2.6700000762939453,2.680000066757202,1548,0.0,0.0
2024-10-16 15:30:00-04:00,2.690000057220459,2.700000047683716,2.690000057220459,2.700000047683716,3444,0.0,0.0
2024-10-17 09:30:00-04:00,2.700000047683716,2.700000047683716,2.700000047683716,2.700000047683716,846,0.0,0.0
2024-10-17 10:30:00-04:00,2.6800999641418457,2.700000047683716,2.6800999641418457,2.694999933242798,1015,0.0,0.0
2024-10-17 11:30:00-04:00,2.700000047683716,2.700000047683716,2.6800999641418457,2.691999912261963,1394,0.0,0.0
2024-10-17 12:30:00-04:00,2.700000047683716,2.7200000286102295,2.700000047683716,2.700000047683716,1199,0.0,0.0
2024-10-17 13:30:00-04:00,2.7130000591278076,2.7130000591278076,2.7130000591278076,2.7130000591278076,507,0.0,0.0
2024-10-17 14:30:00-04:00,2.7109999656677246,2.7298998832702637,2.7109999656677246,2.715100049972534,3185,0.0,0.0
2024-10-17 15:30:00-04:00,2.7249999046325684,2.740000009536743,2.7249999046325684,2.740000009536743,1395,0.0,0.0
2024-10-18 09:30:00-04:00,2.75,2.791100025177002,2.75,2.759999990463257,10470,0.0,0.0
2024-10-18 10:30:00-04:00,2.753200054168701,2.7799999713897705,2.753200054168701,2.7799999713897705,3702,0.0,0.0
2024-10-18 11:30:00-04:00,2.765000104904175,2.765000104904175,2.75,2.759999990463257,15097,0.0,0.0
2024-10-18 12:30:00-04:00,2.759999990463257,2.7699999809265137,2.746299982070923,2.755000114440918,10214,0.0,0.0
2024-10-18 13:30:00-04:00,2.7637999057769775,2.7637999057769775,2.759999990463257,2.759999990463257,1536,0.0,0.0
2024-10-18 14:30:00-04:00,2.759999990463257,2.779900074005127,2.759999990463257,2.7699999809265137,1386,0.0,0.0
2024-10-18 15:30:00-04:00,2.7799999713897705,2.7899999618530273,2.759999990463257,2.7899999618530273,8969,0.0,0.0
2024-10-21 09:30:00-04:00,2.75,2.7888998985290527,2.75,2.7888998985290527,3295,0.0,0.0
2024-10-21 10:30:00-04:00,2.809999942779541,2.809999942779541,2.8055999279022217,2.8055999279022217,2986,0.0,0.0
2024-10-21 11:30:00-04:00,2.8196001052856445,2.8299999237060547,2.799999952316284,2.8299999237060547,2540,0.0,0.0
2024-10-21 12:30:00-04:00,2.84660005569458,2.84660005569458,2.819999933242798,2.8245999813079834,3117,0.0,0.0
2024-10-21 13:30:00-04:00,2.859999895095825,2.859999895095825,2.819999933242798,2.8299999237060547,12626,0.0,0.0
2024-10-21 14:30:00-04:00,2.8399999141693115,2.8399999141693115,2.7899999618530273,2.7899999618530273,9897,0.0,0.0
2024-10-21 15:30:00-04:00,2.799999952316284,2.805000066757202,2.7899999618530273,2.799999952316284,1844,0.0,0.0
2024-10-22 09:30:00-04:00,2.799999952316284,2.799999952316284,2.799999952316284,2.799999952316284,692,0.0,0.0
2024-10-22 10:30:00-04:00,2.8299999237060547,2.839400053024292,2.822000026702881,2.822000026702881,3952,0.0,0.0
2024-10-22 11:30:00-04:00,2.809999942779541,2.8399999141693115,2.7799999713897705,2.8399999141693115,1711,0.0,0.0
2024-10-22 12:30:00-04:00,2.8399999141693115,2.9100000858306885,2.802999973297119,2.884999990463257,4522,0.0,0.0
2024-10-22 13:30:00-04:00,2.9296998977661133,2.9296998977661133,2.890000104904175,2.890000104904175,6962,0.0,0.0
2024-10-22 14:30:00-04:00,2.9200000762939453,2.940000057220459,2.900099992752075,2.9200000762939453,5512,0.0,0.0
2024-10-22 15:30:00-04:00,2.9200000762939453,2.940000057220459,2.890000104904175,2.940000057220459,11161,0.0,0.0
2024-10-23 09:30:00-04:00,2.950000047683716,2.950000047683716,2.75,2.75,14825,0.0,0.0
2024-10-23 10:30:00-04:00,2.799999952316284,2.839900016784668,2.799999952316284,2.8255999088287354,3206,0.0,0.0
2024-10-23 11:30:00-04:00,2.819999933242798,2.8399999141693115,2.805000066757202,2.805000066757202,3695,0.0,0.0
2024-10-23 12:30:00-04:00,2.805000066757202,2.8399999141693115,2.805000066757202,2.8399999141693115,2717,0.0,0.0
2024-10-23 13:30:00-04:00,2.8399999141693115,2.8399999141693115,2.816499948501587,2.8299999237060547,1557,0.0,0.0
2024-10-23 14:30:00-04:00,2.8399999141693115,2.880000114440918,2.8299999237060547,2.880000114440918,9992,0.0,0.0
2024-10-23 15:30:00-04:00,2.876499891281128,2.8887999057769775,2.799999952316284,2.8887999057769775,15925,0.0,0.0
2024-10-24 10:30:00-04:00,2.890000104904175,2.890000104904175,2.890000104904175,2.890000104904175,1037,0.0,0.0
2024-10-24 11:30:00-04:00,2.879699945449829,2.879699945449829,2.879699945449829,2.879699945449829,895,0.0,0.0
2024-10-24 12:30:00-04:00,2.884999990463257,2.9000000953674316,2.884999990463257,2.891400098800659,1057,0.0,0.0
2024-10-24 13:30:00-04:00,2.9047999382019043,2.9047999382019043,2.8499999046325684,2.890000104904175,10277,0.0,0.0
2024-10-24 14:30:00-04:00,2.859999895095825,2.930000066757202,2.8499999046325684,2.930000066757202,5144,0.0,0.0
2024-10-24 15:30:00-04:00,2.930000066757202,2.9600000381469727,2.930000066757202,2.950000047683716,14188,0.0,0.0
2024-10-25 09:30:00-04:00,2.9398999214172363,2.9639999866485596,2.9398999214172363,2.9600000381469727,5096,0.0,0.0
2024-10-25 10:30:00-04:00,2.9600000381469727,2.9719998836517334,2.940000057220459,2.9719998836517334,1871,0.0,0.0
2024-10-25 11:30:00-04:00,2.9800000190734863,2.984999895095825,2.9800000190734863,2.980600118637085,4011,0.0,0.0
2024-10-25 12:30:00-04:00,2.990000009536743,2.9999001026153564,2.9809999465942383,2.990000009536743,8975,0.0,0.0
2024-10-25 13:30:00-04:00,2.9800000190734863,2.990000009536743,2.9760000705718994,2.990000009536743,6595,0.0,0.0
2024-10-25 14:30:00-04:00,2.990000009536743,2.994999885559082,2.990000009536743,2.990000009536743,7852,0.0,0.0
2024-10-25 15:30:00-04:00,2.994999885559082,3.0,2.990000009536743,2.997999906539917,7438,0.0,0.0
