Datetime,Open,High,Low,Close,Volume,Dividends,Stock Splits
2022-10-27 09:30:00-04:00,106.05000305175781,108.33999633789062,105.19000244140625,107.4749984741211,0,0.0,0.0
2022-10-27 10:30:00-04:00,107.41999816894531,107.73999786376953,106.22000122070312,106.44000244140625,91417,0.0,0.0
2022-10-27 11:30:00-04:00,106.5199966430664,107.19000244140625,105.62000274658203,106.83000183105469,59267,0.0,0.0
2022-10-27 12:30:00-04:00,106.81999969482422,108.08000183105469,106.74500274658203,107.69999694824219,79895,0.0,0.0
2022-10-27 13:30:00-04:00,107.75,108.16999816894531,107.5,107.73999786376953,38283,0.0,0.0
2022-10-27 14:30:00-04:00,107.73999786376953,107.75,106.45500183105469,107.41999816894531,53245,0.0,0.0
2022-10-27 15:30:00-04:00,107.36000061035156,107.83499908447266,106.86000061035156,106.97000122070312,76799,0.0,0.0
2022-10-28 09:30:00-04:00,107.75,108.63999938964844,107.30999755859375,108.31999969482422,0,0.0,0.0
2022-10-28 10:30:00-04:00,108.25,108.66000366210938,107.44000244140625,107.55000305175781,48957,0.0,0.0
2022-10-28 11:30:00-04:00,107.43000030517578,107.66000366210938,106.41000366210938,106.41000366210938,93338,0.0,0.0
2022-10-28 12:30:00-04:00,106.58999633789062,106.65499877929688,105.83000183105469,106.6050033569336,53287,0.0,0.0
2022-10-28 13:30:00-04:00,106.55000305175781,106.58000183105469,105.73500061035156,106.25499725341797,33543,0.0,0.0
2022-10-28 14:30:00-04:00,106.19000244140625,106.63500213623047,105.87000274658203,105.94000244140625,47988,0.0,0.0
2022-10-28 15:30:00-04:00,105.94000244140625,107.30999755859375,105.87000274658203,107.16999816894531,105328,0.0,0.0
2022-10-31 09:30:00-04:00,113.0,116.4800033569336,110.6500015258789,114.91670227050781,111529,0.0,0.0
2022-10-31 10:30:00-04:00,115.41000366210938,117.61000061035156,114.66999816894531,116.5199966430664,101388,0.0,0.0
2022-10-31 11:30:00-04:00,116.76499938964844,119.43000030517578,116.51000213623047,118.44999694824219,43821,0.0,0.0
2022-10-31 12:30:00-04:00,118.62999725341797,120.31999969482422,118.625,119.62999725341797,106597,0.0,0.0
2022-10-31 13:30:00-04:00,119.44000244140625,120.4000015258789,119.23999786376953,119.5,67041,0.0,0.0
2022-10-31 14:30:00-04:00,119.36000061035156,119.91999816894531,116.54000091552734,116.84500122070312,65369,0.0,0.0
2022-10-31 15:30:00-04:00,116.9800033569336,118.01000213623047,116.9000015258789,118.01000213623047,134098,0.0,0.0
2022-11-01 09:30:00-04:00,119.98999786376953,120.87000274658203,118.40499877929688,118.88500213623047,31995,0.0,0.0
2022-11-01 10:30:00-04:00,118.76000213623047,120.18000030517578,118.5,119.83999633789062,40762,0.0,0.0
2022-11-01 11:30:00-04:00,120.5,121.75,120.26000213623047,121.0999984741211,30923,0.0,0.0
2022-11-01 12:30:00-04:00,121.0802993774414,121.44999694824219,120.0199966430664,120.0199966430664,27784,0.0,0.0
2022-11-01 13:30:00-04:00,120.20999908447266,120.9000015258789,120.20999908447266,120.54000091552734,30223,0.0,0.0
2022-11-01 14:30:00-04:00,120.58999633789062,120.87999725341797,120.37000274658203,120.66999816894531,39483,0.0,0.0
2022-11-01 15:30:00-04:00,120.69499969482422,121.12999725341797,120.55999755859375,120.79000091552734,75580,0.0,0.0
2022-11-02 09:30:00-04:00,119.7300033569336,120.09500122070312,118.97000122070312,118.97000122070312,17182,0.0,0.0
2022-11-02 10:30:00-04:00,119.2300033569336,120.22000122070312,119.16999816894531,119.16999816894531,20017,0.0,0.0
2022-11-02 11:30:00-04:00,119.26499938964844,119.26499938964844,117.08000183105469,117.56999969482422,25438,0.0,0.0
2022-11-02 12:30:00-04:00,117.72000122070312,118.0199966430664,117.12999725341797,117.52999877929688,16635,0.0,0.0
2022-11-02 13:30:00-04:00,117.50499725341797,119.375,117.33999633789062,118.7699966430664,42680,0.0,0.0
2022-11-02 14:30:00-04:00,118.7699966430664,118.7699966430664,113.86000061035156,114.20500183105469,68106,0.0,0.0
2022-11-02 15:30:00-04:00,114.21499633789062,114.98999786376953,114.0999984741211,114.4000015258789,68554,0.0,0.0
2022-11-03 09:30:00-04:00,113.1500015258789,114.91999816894531,112.20999908447266,114.91999816894531,0,0.0,0.0
2022-11-03 10:30:00-04:00,114.94999694824219,115.69000244140625,114.79000091552734,115.20999908447266,16364,0.0,0.0
2022-11-03 11:30:00-04:00,115.07499694824219,115.58000183105469,115.05999755859375,115.40499877929688,12684,0.0,0.0
2022-11-03 12:30:00-04:00,115.30000305175781,115.81999969482422,115.30000305175781,115.66999816894531,10898,0.0,0.0
2022-11-03 13:30:00-04:00,115.38500213623047,115.38500213623047,114.65370178222656,115.12000274658203,24515,0.0,0.0
2022-11-03 14:30:00-04:00,115.23999786376953,115.30999755859375,114.3499984741211,114.55000305175781,23051,0.0,0.0
2022-11-03 15:30:00-04:00,114.75,114.9749984741211,114.2300033569336,114.41000366210938,38205,0.0,0.0
2022-11-04 09:30:00-04:00,115.54000091552734,115.54000091552734,112.83000183105469,113.7300033569336,0,0.0,0.0
2022-11-04 10:30:00-04:00,113.66000366210938,114.43000030517578,112.62000274658203,112.62000274658203,23776,0.0,0.0
2022-11-04 11:30:00-04:00,112.62999725341797,112.7300033569336,111.11000061035156,111.62999725341797,14122,0.0,0.0
2022-11-04 12:30:00-04:00,111.41000366210938,111.95999908447266,110.86000061035156,111.87000274658203,9894,0.0,0.0
2022-11-04 13:30:00-04:00,111.68000030517578,111.95999908447266,111.05000305175781,111.94999694824219,13234,0.0,0.0
2022-11-04 14:30:00-04:00,112.04000091552734,112.8949966430664,112.04000091552734,112.55000305175781,13346,0.0,0.0
2022-11-04 15:30:00-04:00,112.4800033569336,113.54000091552734,112.43000030517578,113.4800033569336,46075,0.0,0.0
2022-11-07 09:30:00-05:00,113.68000030517578,114.56999969482422,113.36000061035156,114.12000274658203,0,0.0,0.0
2022-11-07 10:30:00-05:00,114.18000030517578,114.3499984741211,113.75499725341797,114.08499908447266,10377,0.0,0.0
2022-11-07 11:30:00-05:00,114.20999908447266,114.23999786376953,113.31999969482422,113.62999725341797,8725,0.0,0.0
2022-11-07 12:30:00-05:00,113.62999725341797,113.96499633789062,113.31999969482422,113.77999877929688,7768,0.0,0.0
2022-11-07 13:30:00-05:00,113.63999938964844,114.62999725341797,113.41000366210938,114.62000274658203,10154,0.0,0.0
2022-11-07 14:30:00-05:00,114.9000015258789,114.98999786376953,114.30999755859375,114.87000274658203,27869,0.0,0.0
2022-11-07 15:30:00-05:00,114.86000061035156,114.88999938964844,114.12999725341797,114.23999786376953,41196,0.0,0.0
2022-11-08 09:30:00-05:00,114.55000305175781,115.48999786376953,114.17780303955078,115.41999816894531,5415,0.0,0.0
2022-11-08 10:30:00-05:00,115.51000213623047,116.62000274658203,115.51000213623047,116.24849700927734,12419,0.0,0.0
2022-11-08 11:30:00-05:00,116.29000091552734,116.66999816894531,116.29000091552734,116.33499908447266,5851,0.0,0.0
2022-11-08 12:30:00-05:00,116.41999816894531,116.54499816894531,116.01000213623047,116.01000213623047,7072,0.0,0.0
2022-11-08 13:30:00-05:00,115.30000305175781,115.70999908447266,114.41999816894531,114.41999816894531,10880,0.0,0.0
2022-11-08 14:30:00-05:00,114.4800033569336,115.7249984741211,114.11499786376953,115.7249984741211,14738,0.0,0.0
2022-11-08 15:30:00-05:00,115.93000030517578,116.41999816894531,115.02999877929688,115.12999725341797,30337,0.0,0.0
2022-11-09 09:30:00-05:00,114.31999969482422,115.04000091552734,113.88500213623047,114.18000030517578,0,0.0,0.0
2022-11-09 10:30:00-05:00,114.18000030517578,114.26000213623047,113.31999969482422,113.5999984741211,18002,0.0,0.0
2022-11-09 11:30:00-05:00,113.56999969482422,114.0199966430664,113.30999755859375,113.37000274658203,14542,0.0,0.0
2022-11-09 12:30:00-05:00,113.30000305175781,113.88999938964844,113.23999786376953,113.47000122070312,11956,0.0,0.0
2022-11-09 13:30:00-05:00,113.44000244140625,113.44000244140625,112.9800033569336,113.33000183105469,15328,0.0,0.0
2022-11-09 14:30:00-05:00,113.20999908447266,113.22000122070312,112.27999877929688,112.33000183105469,23502,0.0,0.0
2022-11-09 15:30:00-05:00,112.2699966430664,112.61000061035156,112.05000305175781,112.37000274658203,45134,0.0,0.0
2022-11-10 09:30:00-05:00,117.61000061035156,117.73999786376953,116.43000030517578,117.4000015258789,17709,0.0,0.0
2022-11-10 10:30:00-05:00,117.29499816894531,118.06999969482422,117.02999877929688,117.04000091552734,16773,0.0,0.0
2022-11-10 11:30:00-05:00,117.02999877929688,117.62000274658203,116.38999938964844,116.41999816894531,17572,0.0,0.0
2022-11-10 12:30:00-05:00,116.2300033569336,116.66999816894531,116.13999938964844,116.58499908447266,7836,0.0,0.0
2022-11-10 13:30:00-05:00,116.69550323486328,117.16999816894531,116.52999877929688,116.97000122070312,25586,0.0,0.0
2022-11-10 14:30:00-05:00,116.87000274658203,117.2699966430664,116.5999984741211,117.2699966430664,24490,0.0,0.0
2022-11-10 15:30:00-05:00,117.26000213623047,118.30000305175781,117.16999816894531,117.97000122070312,66476,0.0,0.0
2022-11-11 09:30:00-05:00,118.5999984741211,118.66999816894531,117.5199966430664,118.66999816894531,13121,0.0,0.0
2022-11-11 10:30:00-05:00,118.30999755859375,118.70999908447266,117.0999984741211,117.13999938964844,17191,0.0,0.0
2022-11-11 11:30:00-05:00,116.9800033569336,117.20999908447266,115.97000122070312,116.54499816894531,13174,0.0,0.0
2022-11-11 12:30:00-05:00,116.37999725341797,116.37999725341797,115.05000305175781,115.05999755859375,9117,0.0,0.0
2022-11-11 13:30:00-05:00,115.2300033569336,115.8550033569336,114.66999816894531,115.8550033569336,9829,0.0,0.0
2022-11-11 14:30:00-05:00,116.08999633789062,116.2699966430664,115.04499816894531,115.38500213623047,14110,0.0,0.0
2022-11-11 15:30:00-05:00,115.41000366210938,115.5250015258789,114.59100341796875,114.7300033569336,38608,0.0,0.0
2022-11-14 09:30:00-05:00,113.30999755859375,114.8949966430664,112.97000122070312,114.11000061035156,0,0.0,0.0
2022-11-14 10:30:00-05:00,114.26499938964844,114.45999908447266,113.83499908447266,113.91999816894531,21406,0.0,0.0
2022-11-14 11:30:00-05:00,114.01000213623047,115.13999938964844,114.01000213623047,115.13999938964844,10573,0.0,0.0
2022-11-14 12:30:00-05:00,115.28500366210938,116.01000213623047,115.21739959716797,116.01000213623047,7679,0.0,0.0
2022-11-14 13:30:00-05:00,115.88999938964844,116.19999694824219,115.73999786376953,115.98999786376953,10754,0.0,0.0
2022-11-14 14:30:00-05:00,115.8550033569336,115.94999694824219,115.12000274658203,115.2300033569336,12392,0.0,0.0
2022-11-14 15:30:00-05:00,115.26499938964844,115.37999725341797,114.2300033569336,114.43000030517578,34506,0.0,0.0
2022-11-15 09:30:00-05:00,115.7699966430664,116.62000274658203,114.83000183105469,116.62000274658203,8353,0.0,0.0
2022-11-15 10:30:00-05:00,116.54000091552734,116.94999694824219,116.22000122070312,116.30000305175781,6698,0.0,0.0
2022-11-15 11:30:00-05:00,116.69000244140625,117.4000015258789,116.33999633789062,116.4800033569336,34302,0.0,0.0
2022-11-15 12:30:00-05:00,116.5199966430664,116.68000030517578,115.16000366210938,115.16000366210938,14753,0.0,0.0
2022-11-15 13:30:00-05:00,115.1500015258789,116.33999633789062,115.04000091552734,116.02999877929688,15135,0.0,0.0
2022-11-15 14:30:00-05:00,115.77999877929688,116.36000061035156,115.72000122070312,116.2300033569336,18425,0.0,0.0
2022-11-15 15:30:00-05:00,116.12999725341797,116.12999725341797,114.91999816894531,115.20999908447266,44768,0.0,0.0
2022-11-16 09:30:00-05:00,114.83000183105469,115.9800033569336,114.61000061035156,115.32499694824219,8669,0.0,0.0
2022-11-16 10:30:00-05:00,115.19499969482422,115.81999969482422,115.0,115.02999877929688,9196,0.0,0.0
2022-11-16 11:30:00-05:00,116.0250015258789,116.28500366210938,115.41000366210938,116.08000183105469,11200,0.0,0.0
2022-11-16 12:30:00-05:00,116.13710021972656,116.51000213623047,115.91999816894531,116.41000366210938,7127,0.0,0.0
2022-11-16 13:30:00-05:00,116.29000091552734,116.76000213623047,116.02999877929688,116.73999786376953,11261,0.0,0.0
2022-11-16 14:30:00-05:00,116.62000274658203,117.31999969482422,116.48999786376953,116.55999755859375,17735,0.0,0.0
2022-11-16 15:30:00-05:00,116.56999969482422,116.77999877929688,115.76000213623047,116.11000061035156,45553,0.0,0.0
2022-11-17 09:30:00-05:00,114.80999755859375,115.0,113.75559997558594,114.79000091552734,6880,0.0,0.0
2022-11-17 10:30:00-05:00,114.58999633789062,114.76000213623047,114.05000305175781,114.47000122070312,6646,0.0,0.0
2022-11-17 11:30:00-05:00,114.5199966430664,115.4749984741211,114.28500366210938,115.30999755859375,4450,0.0,0.0
2022-11-17 12:30:00-05:00,115.16000366210938,116.33000183105469,115.12000274658203,115.97000122070312,8163,0.0,0.0
2022-11-17 13:30:00-05:00,115.80000305175781,115.80000305175781,114.69999694824219,114.73999786376953,20097,0.0,0.0
2022-11-17 14:30:00-05:00,114.75,115.48999786376953,114.33999633789062,114.80000305175781,19441,0.0,0.0
2022-11-17 15:30:00-05:00,114.76000213623047,115.55000305175781,114.72000122070312,115.48999786376953,36738,0.0,0.0
2022-11-18 09:30:00-05:00,117.52999877929688,117.69999694824219,117.0199966430664,117.54000091552734,20695,0.0,0.0
2022-11-18 10:30:00-05:00,117.56500244140625,117.80989837646484,116.87999725341797,117.05000305175781,7785,0.0,0.0
2022-11-18 11:30:00-05:00,117.23999786376953,117.38999938964844,116.61000061035156,116.66999816894531,10931,0.0,0.0
2022-11-18 12:30:00-05:00,116.8499984741211,117.30999755859375,116.4800033569336,117.0199966430664,14128,0.0,0.0
2022-11-18 13:30:00-05:00,117.06999969482422,117.11000061035156,116.12000274658203,116.98999786376953,23859,0.0,0.0
2022-11-18 14:30:00-05:00,116.8499984741211,117.55999755859375,116.47000122070312,117.37000274658203,15367,0.0,0.0
2022-11-18 15:30:00-05:00,117.37000274658203,117.62000274658203,117.19999694824219,117.47000122070312,25051,0.0,0.0
2022-11-21 09:30:00-05:00,116.87000274658203,118.77999877929688,116.8499984741211,118.69999694824219,21809,0.0,0.0
2022-11-21 10:30:00-05:00,118.83999633789062,119.38999938964844,118.30000305175781,118.83000183105469,19358,0.0,0.0
2022-11-21 11:30:00-05:00,118.70999908447266,119.12999725341797,118.37000274658203,118.37000274658203,18107,0.0,0.0
2022-11-21 12:30:00-05:00,118.5199966430664,119.19000244140625,118.1500015258789,119.08999633789062,13339,0.0,0.0
2022-11-21 13:30:00-05:00,119.05999755859375,119.38500213623047,118.27999877929688,118.51499938964844,19424,0.0,0.0
2022-11-21 14:30:00-05:00,118.53500366210938,118.77999877929688,118.29000091552734,118.48500061035156,20919,0.0,0.0
2022-11-21 15:30:00-05:00,118.49500274658203,118.83000183105469,118.41999816894531,118.83000183105469,42291,0.0,0.0
2022-11-22 09:30:00-05:00,119.58999633789062,119.94000244140625,118.69999694824219,119.48999786376953,10441,0.0,0.0
2022-11-22 10:30:00-05:00,119.04000091552734,119.04000091552734,118.15499877929688,118.44999694824219,14180,0.0,0.0
2022-11-22 11:30:00-05:00,118.58000183105469,118.6500015258789,117.91999816894531,117.95999908447266,8025,0.0,0.0
2022-11-22 12:30:00-05:00,118.16999816894531,118.18000030517578,117.76000213623047,118.1500015258789,10745,0.0,0.0
2022-11-22 13:30:00-05:00,118.18000030517578,118.66999816894531,118.13999938964844,118.36000061035156,19423,0.0,0.0
2022-11-22 14:30:00-05:00,118.36000061035156,119.0199966430664,118.25,118.88999938964844,17120,0.0,0.0
2022-11-22 15:30:00-05:00,119.12999725341797,119.61000061035156,119.02999877929688,119.31999969482422,30424,0.0,0.0
2022-11-23 09:30:00-05:00,118.87999725341797,119.41500091552734,118.43000030517578,119.30000305175781,0,0.0,0.0
2022-11-23 10:30:00-05:00,119.41999816894531,119.41999816894531,118.61000061035156,118.61000061035156,9153,0.0,0.0
2022-11-23 11:30:00-05:00,118.93000030517578,118.93000030517578,117.72000122070312,117.83000183105469,9118,0.0,0.0
2022-11-23 12:30:00-05:00,117.80500030517578,118.0199966430664,117.55000305175781,117.95999908447266,9714,0.0,0.0
2022-11-23 13:30:00-05:00,118.18000030517578,118.97000122070312,118.0,118.58999633789062,8042,0.0,0.0
2022-11-23 14:30:00-05:00,118.62000274658203,118.77999877929688,118.19000244140625,118.19000244140625,9774,0.0,0.0
2022-11-23 15:30:00-05:00,118.19000244140625,118.38999938964844,117.8499984741211,118.16000366210938,28295,0.0,0.0
2022-11-25 09:30:00-05:00,118.20999908447266,119.12999725341797,117.95999908447266,118.92500305175781,5073,0.0,0.0
2022-11-25 10:30:00-05:00,118.90499877929688,119.20999908447266,118.55000305175781,118.69999694824219,11781,0.0,0.0
2022-11-25 11:30:00-05:00,118.55000305175781,119.18000030517578,118.55000305175781,118.95999908447266,9199,0.0,0.0
2022-11-28 09:30:00-05:00,117.16999816894531,118.55000305175781,117.16999816894531,118.16999816894531,6063,0.0,0.0
2022-11-28 10:30:00-05:00,118.4000015258789,118.59500122070312,117.98999786376953,118.26000213623047,7382,0.0,0.0
2022-11-28 11:30:00-05:00,118.37000274658203,118.91999816894531,118.25,118.91999816894531,14749,0.0,0.0
2022-11-28 12:30:00-05:00,118.76000213623047,118.9800033569336,118.1500015258789,118.25,6630,0.0,0.0
2022-11-28 13:30:00-05:00,118.25779724121094,118.2699966430664,117.19999694824219,117.56999969482422,7761,0.0,0.0
2022-11-28 14:30:00-05:00,117.51000213623047,117.77999877929688,116.875,116.95999908447266,14953,0.0,0.0
2022-11-28 15:30:00-05:00,116.93499755859375,117.43000030517578,116.93499755859375,117.20999908447266,23348,0.0,0.0
2022-11-29 09:30:00-05:00,116.9000015258789,117.69000244140625,116.68000030517578,117.4354019165039,9798,0.0,0.0
2022-11-29 10:30:00-05:00,117.69999694824219,117.69999694824219,116.0199966430664,116.0199966430664,12606,0.0,0.0
2022-11-29 11:30:00-05:00,116.01000213623047,116.80000305175781,116.01000213623047,116.26000213623047,16050,0.0,0.0
2022-11-29 12:30:00-05:00,116.36000061035156,116.625,115.75,116.04000091552734,12413,0.0,0.0
2022-11-29 13:30:00-05:00,115.98999786376953,116.55999755859375,115.76000213623047,116.23999786376953,11166,0.0,0.0
2022-11-29 14:30:00-05:00,116.12999725341797,116.27999877929688,115.73999786376953,115.77999877929688,21198,0.0,0.0
2022-11-29 15:30:00-05:00,115.69999694824219,115.83999633789062,115.22000122070312,115.22000122070312,28093,0.0,0.0
2022-11-30 09:30:00-05:00,115.33000183105469,115.33000183105469,114.375,114.375,6330,0.0,0.0
2022-11-30 10:30:00-05:00,114.52999877929688,115.69000244140625,114.33000183105469,115.26499938964844,13163,0.0,0.0
2022-11-30 11:30:00-05:00,115.41999816894531,115.6500015258789,114.9800033569336,114.9800033569336,7559,0.0,0.0
2022-11-30 12:30:00-05:00,114.94999694824219,115.5999984741211,114.94999694824219,115.5999984741211,3459,0.0,0.0
2022-11-30 13:30:00-05:00,115.58999633789062,117.62000274658203,115.58999633789062,117.5199966430664,19913,0.0,0.0
2022-11-30 14:30:00-05:00,117.5250015258789,117.94999694824219,117.36000061035156,117.77999877929688,13370,0.0,0.0
2022-11-30 15:30:00-05:00,117.83999633789062,118.58000183105469,117.7249984741211,118.19000244140625,73821,0.0,0.0
2022-12-01 09:30:00-05:00,119.2300033569336,119.82099914550781,117.84500122070312,118.04000091552734,7932,0.0,0.0
2022-12-01 10:30:00-05:00,117.88999938964844,118.12999725341797,116.66000366210938,116.9000015258789,18985,0.0,0.0
2022-12-01 11:30:00-05:00,117.02999877929688,117.40499877929688,116.88999938964844,117.40499877929688,9770,0.0,0.0
2022-12-01 12:30:00-05:00,117.29000091552734,117.66999816894531,117.06500244140625,117.30500030517578,5992,0.0,0.0
2022-12-01 13:30:00-05:00,117.4000015258789,117.87999725341797,117.17500305175781,117.6500015258789,6495,0.0,0.0
2022-12-01 14:30:00-05:00,117.66999816894531,118.62999725341797,117.58499908447266,118.62000274658203,23186,0.0,0.0
2022-12-01 15:30:00-05:00,118.69499969482422,119.01000213623047,118.4000015258789,118.4000015258789,25559,0.0,0.0
2022-12-02 09:30:00-05:00,115.81999969482422,117.62000274658203,115.66000366210938,116.44999694824219,14153,0.0,0.0
2022-12-02 10:30:00-05:00,116.93000030517578,118.08000183105469,116.93000030517578,117.41500091552734,12230,0.0,0.0
2022-12-02 11:30:00-05:00,117.69999694824219,118.72000122070312,117.69999694824219,118.38999938964844,9608,0.0,0.0
2022-12-02 12:30:00-05:00,118.5,118.5,117.91000366210938,117.9800033569336,7758,0.0,0.0
2022-12-02 13:30:00-05:00,118.29000091552734,118.61119842529297,118.04000091552734,118.47000122070312,12327,0.0,0.0
2022-12-02 14:30:00-05:00,118.54000091552734,119.32499694824219,118.30999755859375,119.19519805908203,12190,0.0,0.0
2022-12-02 15:30:00-05:00,119.0199966430664,119.0199966430664,118.2699966430664,118.79000091552734,37070,0.0,0.0
2022-12-05 09:30:00-05:00,116.94999694824219,117.10530090332031,115.16999816894531,115.83499908447266,9449,0.0,0.0
2022-12-05 10:30:00-05:00,115.94000244140625,116.94000244140625,115.94000244140625,116.58889770507812,18255,0.0,0.0
2022-12-05 11:30:00-05:00,116.70999908447266,117.05999755859375,116.18000030517578,116.76000213623047,19280,0.0,0.0
2022-12-05 12:30:00-05:00,116.77999877929688,117.2300033569336,116.68000030517578,117.05999755859375,13264,0.0,0.0
2022-12-05 13:30:00-05:00,117.06999969482422,117.30999755859375,116.66999816894531,117.06999969482422,29466,0.0,0.0
2022-12-05 14:30:00-05:00,117.19000244140625,117.19000244140625,116.52999877929688,116.62000274658203,47126,0.0,0.0
2022-12-05 15:30:00-05:00,116.65499877929688,118.08000183105469,116.65499877929688,118.05999755859375,63344,0.0,0.0
2022-12-06 09:30:00-05:00,117.97000122070312,118.62999725341797,116.71499633789062,116.94000244140625,12163,0.0,0.0
2022-12-06 10:30:00-05:00,116.7300033569336,117.2300033569336,116.13999938964844,116.24500274658203,13409,0.0,0.0
2022-12-06 11:30:00-05:00,116.55999755859375,117.13999938964844,116.11499786376953,117.05000305175781,12793,0.0,0.0
2022-12-06 12:30:00-05:00,117.05999755859375,117.73999786376953,116.6500015258789,116.6500015258789,13358,0.0,0.0
2022-12-06 13:30:00-05:00,116.80999755859375,117.19000244140625,116.69000244140625,116.69000244140625,9794,0.0,0.0
2022-12-06 14:30:00-05:00,116.63999938964844,117.02999877929688,116.36000061035156,116.73999786376953,8834,0.0,0.0
2022-12-06 15:30:00-05:00,116.69000244140625,117.29000091552734,116.63999938964844,116.91999816894531,25895,0.0,0.0
2022-12-07 09:30:00-05:00,116.36000061035156,118.0,115.33499908447266,116.01000213623047,0,0.0,0.0
2022-12-07 10:30:00-05:00,116.02999877929688,116.71499633789062,115.9000015258789,115.9000015258789,17899,0.0,0.0
2022-12-07 11:30:00-05:00,115.83000183105469,116.12999725341797,115.62999725341797,115.7699966430664,8794,0.0,0.0
2022-12-07 12:30:00-05:00,115.62999725341797,116.2300033569336,115.62999725341797,115.91500091552734,15208,0.0,0.0
2022-12-07 13:30:00-05:00,115.76000213623047,116.05000305175781,115.43569946289062,115.62000274658203,8178,0.0,0.0
2022-12-07 14:30:00-05:00,115.77999877929688,116.0999984741211,115.77999877929688,115.94000244140625,16049,0.0,0.0
2022-12-07 15:30:00-05:00,116.0,116.02999877929688,115.77999877929688,115.77999877929688,39716,0.0,0.0
2022-12-08 09:30:00-05:00,115.87000274658203,116.2699966430664,115.0999984741211,115.80999755859375,7011,0.0,0.0
2022-12-08 10:30:00-05:00,115.8499984741211,116.1500015258789,115.26000213623047,115.36000061035156,9094,0.0,0.0
2022-12-08 11:30:00-05:00,115.5,115.97000122070312,115.33499908447266,115.97000122070312,4904,0.0,0.0
2022-12-08 12:30:00-05:00,115.83000183105469,116.125,115.77999877929688,115.77999877929688,11198,0.0,0.0
2022-12-08 13:30:00-05:00,116.05000305175781,116.22000122070312,115.0,115.16000366210938,8443,0.0,0.0
2022-12-08 14:30:00-05:00,115.0,115.52999877929688,114.95999908447266,115.52999877929688,5900,0.0,0.0
2022-12-08 15:30:00-05:00,115.33000183105469,115.7300033569336,115.1050033569336,115.7300033569336,26769,0.0,0.0
2022-12-09 09:30:00-05:00,114.83000183105469,116.04499816894531,114.83000183105469,115.62000274658203,0,0.0,0.0
2022-12-09 10:30:00-05:00,115.47000122070312,115.81999969482422,115.0,115.5250015258789,10378,0.0,0.0
2022-12-09 11:30:00-05:00,115.43209838867188,115.69000244140625,115.27999877929688,115.3458023071289,5926,0.0,0.0
2022-12-09 12:30:00-05:00,115.4800033569336,116.04000091552734,115.4800033569336,115.68000030517578,10506,0.0,0.0
2022-12-09 13:30:00-05:00,115.81999969482422,116.05999755859375,115.69380187988281,116.05999755859375,9324,0.0,0.0
2022-12-09 14:30:00-05:00,116.16999816894531,116.5199966430664,116.0999984741211,116.25,13019,0.0,0.0
2022-12-09 15:30:00-05:00,116.25,116.41999816894531,115.73999786376953,115.91999816894531,21217,0.0,0.0
2022-12-12 09:30:00-05:00,116.18000030517578,116.56089782714844,115.91999816894531,116.05000305175781,7466,0.0,0.0
2022-12-12 10:30:00-05:00,116.3949966430664,117.08000183105469,116.3949966430664,117.0,17160,0.0,0.0
2022-12-12 11:30:00-05:00,116.86499786376953,117.05000305175781,116.73500061035156,116.80799865722656,6903,0.0,0.0
2022-12-12 12:30:00-05:00,116.88999938964844,117.05500030517578,116.66000366210938,116.76499938964844,17867,0.0,0.0
2022-12-12 13:30:00-05:00,116.94000244140625,117.06999969482422,116.7699966430664,116.83000183105469,17838,0.0,0.0
2022-12-12 14:30:00-05:00,116.83000183105469,117.38999938964844,116.72000122070312,117.38500213623047,59863,0.0,0.0
2022-12-12 15:30:00-05:00,117.5,117.94999694824219,117.37000274658203,117.88999938964844,43931,0.0,0.0
2022-12-13 09:30:00-05:00,120.0,120.87000274658203,118.01000213623047,119.31999969482422,31027,0.0,0.0
2022-12-13 10:30:00-05:00,119.43000030517578,120.0,118.95999908447266,118.99500274658203,15588,0.0,0.0
2022-12-13 11:30:00-05:00,119.04499816894531,119.41999816894531,118.12000274658203,118.23500061035156,15615,0.0,0.0
2022-12-13 12:30:00-05:00,118.30000305175781,118.6449966430664,117.70999908447266,118.6449966430664,12634,0.0,0.0
2022-12-13 13:30:00-05:00,118.75,118.75,118.18000030517578,118.54000091552734,18446,0.0,0.0
2022-12-13 14:30:00-05:00,118.54000091552734,119.05999755859375,117.88999938964844,118.61000061035156,30281,0.0,0.0
2022-12-13 15:30:00-05:00,118.62000274658203,119.77999877929688,118.44000244140625,119.66000366210938,79811,0.0,0.0
2022-12-14 09:30:00-05:00,119.0,121.03739929199219,119.0,121.03739929199219,10346,0.0,0.0
2022-12-14 10:30:00-05:00,120.87999725341797,121.71990203857422,120.8499984741211,121.47000122070312,16464,0.0,0.0
2022-12-14 11:30:00-05:00,121.27999877929688,121.41000366210938,120.83999633789062,121.0250015258789,12752,0.0,0.0
2022-12-14 12:30:00-05:00,120.94999694824219,121.0,120.5999984741211,120.5999984741211,13993,0.0,0.0
2022-12-14 13:30:00-05:00,120.75,120.9800033569336,119.12999725341797,119.4800033569336,17685,0.0,0.0
2022-12-14 14:30:00-05:00,119.43000030517578,119.9800033569336,118.58999633789062,118.58999633789062,45623,0.0,0.0
2022-12-14 15:30:00-05:00,118.26000213623047,118.41000366210938,117.93000030517578,117.98999786376953,82519,0.0,0.0
2022-12-15 09:30:00-05:00,116.7699966430664,116.7699966430664,115.20010375976562,115.20010375976562,6252,0.0,0.0
2022-12-15 10:30:00-05:00,115.69000244140625,115.80999755859375,114.31999969482422,114.54000091552734,16206,0.0,0.0
2022-12-15 11:30:00-05:00,114.48999786376953,114.81999969482422,114.0250015258789,114.49500274658203,14805,0.0,0.0
2022-12-15 12:30:00-05:00,114.5999984741211,114.7300033569336,113.8550033569336,114.02999877929688,12458,0.0,0.0
2022-12-15 13:30:00-05:00,113.91999816894531,114.0,113.66000366210938,113.78500366210938,22732,0.0,0.0
2022-12-15 14:30:00-05:00,113.78500366210938,114.2249984741211,113.5199966430664,114.0199966430664,32950,0.0,0.0
2022-12-15 15:30:00-05:00,114.0,114.21499633789062,113.37989807128906,113.6500015258789,37929,0.0,0.0
2022-12-16 09:30:00-05:00,113.05000305175781,113.44499969482422,112.41000366210938,112.97000122070312,68019,0.0,0.0
2022-12-16 10:30:00-05:00,112.58999633789062,112.72000122070312,111.83999633789062,111.97000122070312,16362,0.0,0.0
2022-12-16 11:30:00-05:00,111.98999786376953,112.02999877929688,111.45500183105469,111.61499786376953,12677,0.0,0.0
2022-12-16 12:30:00-05:00,111.75,112.3499984741211,111.69999694824219,111.7699966430664,18942,0.0,0.0
2022-12-16 13:30:00-05:00,111.7699966430664,112.45999908447266,111.7699966430664,112.14250183105469,11683,0.0,0.0
2022-12-16 14:30:00-05:00,112.02999877929688,112.58999633789062,111.87000274658203,112.55999755859375,16310,0.0,0.0
2022-12-16 15:30:00-05:00,112.61000061035156,112.98999786376953,112.16999816894531,112.5999984741211,41339,0.0,0.0
2022-12-19 09:30:00-05:00,112.95999908447266,112.95999908447266,111.75,112.6500015258789,8342,0.0,0.0
2022-12-19 10:30:00-05:00,112.70999908447266,112.93000030517578,111.98999786376953,112.31999969482422,14174,0.0,0.0
2022-12-19 11:30:00-05:00,112.2699966430664,112.27999877929688,111.83000183105469,111.87000274658203,14958,0.0,0.0
2022-12-19 12:30:00-05:00,111.83000183105469,112.08999633789062,111.45999908447266,111.45999908447266,11631,0.0,0.0
2022-12-19 13:30:00-05:00,111.45999908447266,111.6500015258789,111.17500305175781,111.17500305175781,14772,0.0,0.0
2022-12-19 14:30:00-05:00,111.18000030517578,111.31500244140625,110.94999694824219,111.12999725341797,25039,0.0,0.0
2022-12-19 15:30:00-05:00,111.17500305175781,111.55000305175781,111.0,111.0999984741211,69015,0.0,0.0
2022-12-20 09:30:00-05:00,111.43000030517578,111.43000030517578,110.72000122070312,111.05999755859375,14833,0.0,0.0
2022-12-20 10:30:00-05:00,111.2699966430664,111.44000244140625,110.66000366210938,111.19999694824219,40861,0.0,0.0
2022-12-20 11:30:00-05:00,111.16999816894531,111.80500030517578,111.08000183105469,111.57499694824219,22444,0.0,0.0
2022-12-20 12:30:00-05:00,111.47000122070312,111.87000274658203,111.37000274658203,111.5,11364,0.0,0.0
2022-12-20 13:30:00-05:00,111.8499984741211,112.66999816894531,111.8499984741211,112.55000305175781,16453,0.0,0.0
2022-12-20 14:30:00-05:00,112.5999984741211,112.95500183105469,112.29000091552734,112.47000122070312,18297,0.0,0.0
2022-12-20 15:30:00-05:00,112.55000305175781,112.75,112.45500183105469,112.66000366210938,34587,0.0,0.0
2022-12-21 09:30:00-05:00,113.30000305175781,113.81999969482422,112.71499633789062,113.66500091552734,7714,0.0,0.0
2022-12-21 10:30:00-05:00,113.8499984741211,114.76000213623047,113.66999816894531,114.5199966430664,23321,0.0,0.0
2022-12-21 11:30:00-05:00,114.5999984741211,114.79499816894531,114.52999877929688,114.66999816894531,7803,0.0,0.0
2022-12-21 12:30:00-05:00,114.68000030517578,114.87000274658203,114.37999725341797,114.54499816894531,7794,0.0,0.0
2022-12-21 13:30:00-05:00,114.69000244140625,115.74500274658203,114.69000244140625,115.38999938964844,19627,0.0,0.0
2022-12-21 14:30:00-05:00,115.33999633789062,115.37999725341797,114.77999877929688,114.86000061035156,17169,0.0,0.0
2022-12-21 15:30:00-05:00,114.80000305175781,115.62000274658203,114.76000213623047,115.58999633789062,37582,0.0,0.0
2022-12-22 09:30:00-05:00,114.61000061035156,114.61000061035156,112.5999984741211,112.62000274658203,14351,0.0,0.0
2022-12-22 10:30:00-05:00,112.81999969482422,113.29000091552734,112.71499633789062,112.9751968383789,7037,0.0,0.0
2022-12-22 11:30:00-05:00,112.7300033569336,112.87999725341797,112.56999969482422,112.7300033569336,7259,0.0,0.0
2022-12-22 12:30:00-05:00,112.31999969482422,112.38999938964844,111.88999938964844,112.125,7751,0.0,0.0
2022-12-22 13:30:00-05:00,111.95999908447266,112.11499786376953,111.47000122070312,112.11499786376953,13210,0.0,0.0
2022-12-22 14:30:00-05:00,112.16000366210938,112.79000091552734,111.93000030517578,112.63500213623047,8558,0.0,0.0
2022-12-22 15:30:00-05:00,112.73999786376953,112.76000213623047,112.33000183105469,112.5,31265,0.0,0.0
2022-12-23 09:30:00-05:00,111.88999938964844,113.9000015258789,111.5999984741211,113.75,8605,0.0,0.0
2022-12-23 10:30:00-05:00,113.93000030517578,114.30999755859375,113.55000305175781,113.91500091552734,6138,0.0,0.0
2022-12-23 11:30:00-05:00,114.19999694824219,115.13990020751953,113.94000244140625,115.04000091552734,5886,0.0,0.0
2022-12-23 12:30:00-05:00,115.11000061035156,115.2300033569336,114.55000305175781,114.76000213623047,7114,0.0,0.0
2022-12-23 13:30:00-05:00,114.75,114.80500030517578,114.08000183105469,114.5999984741211,9330,0.0,0.0
2022-12-23 14:30:00-05:00,114.75,115.19000244140625,114.69000244140625,114.9800033569336,7349,0.0,0.0
2022-12-23 15:30:00-05:00,115.11009979248047,115.25,114.94000244140625,114.94000244140625,18513,0.0,0.0
2022-12-27 09:30:00-05:00,114.54000091552734,114.54000091552734,114.2300033569336,114.2300033569336,4269,0.0,0.0
2022-12-27 10:30:00-05:00,115.44499969482422,115.7300033569336,114.68000030517578,114.68000030517578,6600,0.0,0.0
2022-12-27 11:30:00-05:00,114.61000061035156,114.94000244140625,114.61000061035156,114.6500015258789,8004,0.0,0.0
2022-12-27 12:30:00-05:00,114.54000091552734,114.62000274658203,114.13999938964844,114.56999969482422,3241,0.0,0.0
2022-12-27 13:30:00-05:00,114.43000030517578,114.43000030517578,113.86000061035156,113.86000061035156,5112,0.0,0.0
2022-12-27 14:30:00-05:00,113.93499755859375,114.23999786376953,113.5999984741211,114.19999694824219,7609,0.0,0.0
2022-12-27 15:30:00-05:00,114.18099975585938,114.38999938964844,114.12000274658203,114.13999938964844,20408,0.0,0.0
2022-12-28 09:30:00-05:00,115.0,115.3499984741211,114.7699966430664,114.95999908447266,0,0.0,0.0
2022-12-28 10:30:00-05:00,114.52999877929688,114.56500244140625,113.58000183105469,114.04499816894531,7269,0.0,0.0
2022-12-28 11:30:00-05:00,113.94999694824219,113.94999694824219,113.08999633789062,113.19000244140625,8394,0.0,0.0
2022-12-28 12:30:00-05:00,113.19999694824219,114.12000274658203,113.12000274658203,113.87999725341797,12121,0.0,0.0
2022-12-28 13:30:00-05:00,113.5999984741211,113.66999816894531,113.0,113.16999816894531,5190,0.0,0.0
2022-12-28 14:30:00-05:00,113.02999877929688,113.41999816894531,112.26000213623047,112.45999908447266,26421,0.0,0.0
2022-12-28 15:30:00-05:00,112.66000366210938,112.7300033569336,112.31999969482422,112.33000183105469,23843,0.0,0.0
2022-12-29 09:30:00-05:00,113.12999725341797,114.4800033569336,113.12999725341797,114.4800033569336,0,0.0,0.0
2022-12-29 10:30:00-05:00,114.62999725341797,114.87999725341797,113.79010009765625,113.83999633789062,7396,0.0,0.0
2022-12-29 11:30:00-05:00,114.1500015258789,115.13500213623047,114.0999984741211,114.91500091552734,8314,0.0,0.0
2022-12-29 12:30:00-05:00,114.9000015258789,115.33000183105469,114.9000015258789,115.13999938964844,6638,0.0,0.0
2022-12-29 13:30:00-05:00,115.01000213623047,115.19000244140625,114.77999877929688,114.83000183105469,11967,0.0,0.0
2022-12-29 14:30:00-05:00,114.8499984741211,114.9000015258789,114.12999725341797,114.33999633789062,13590,0.0,0.0
2022-12-29 15:30:00-05:00,114.38999938964844,114.9000015258789,114.27999877929688,114.6969985961914,26295,0.0,0.0
2022-12-30 09:30:00-05:00,113.7300033569336,113.76000213623047,113.30000305175781,113.70999908447266,3632,0.0,0.0
2022-12-30 10:30:00-05:00,113.5,113.70999908447266,112.94999694824219,112.94999694824219,5198,0.0,0.0
2022-12-30 11:30:00-05:00,113.22000122070312,113.7300033569336,113.18000030517578,113.70999908447266,4277,0.0,0.0
2022-12-30 12:30:00-05:00,113.61499786376953,113.61499786376953,113.01000213623047,113.01000213623047,3574,0.0,0.0
2022-12-30 13:30:00-05:00,113.26000213623047,113.41000366210938,112.82499694824219,112.8324966430664,5383,0.0,0.0
2022-12-30 14:30:00-05:00,113.08000183105469,113.48999786376953,112.62999725341797,113.33000183105469,9585,0.0,0.0
2022-12-30 15:30:00-05:00,113.33000183105469,114.0199966430664,113.33000183105469,113.54000091552734,24745,0.0,0.0
2023-01-03 09:30:00-05:00,114.62000274658203,114.93000030517578,113.30000305175781,113.73999786376953,11988,0.0,0.0
2023-01-03 10:30:00-05:00,113.87000274658203,114.19000244140625,113.4800033569336,113.62000274658203,7065,0.0,0.0
2023-01-03 11:30:00-05:00,113.51000213623047,113.5199966430664,112.70999908447266,112.88500213623047,12934,0.0,0.0
2023-01-03 12:30:00-05:00,112.93000030517578,113.41999816894531,112.48999786376953,113.41999816894531,13359,0.0,0.0
2023-01-03 13:30:00-05:00,113.45999908447266,113.5,112.33000183105469,112.36000061035156,14470,0.0,0.0
2023-01-03 14:30:00-05:00,112.15499877929688,113.26000213623047,111.95999908447266,112.86000061035156,14969,0.0,0.0
2023-01-03 15:30:00-05:00,112.95500183105469,113.5989990234375,112.95500183105469,113.0199966430664,23974,0.0,0.0
2023-01-04 09:30:00-05:00,114.27999877929688,114.48999786376953,112.97000122070312,113.19999694824219,0,0.0,0.0
2023-01-04 10:30:00-05:00,113.08000183105469,114.12999725341797,113.08000183105469,113.81999969482422,6214,0.0,0.0
2023-01-04 11:30:00-05:00,113.98999786376953,114.36000061035156,113.61000061035156,113.61000061035156,13832,0.0,0.0
2023-01-04 12:30:00-05:00,113.88999938964844,114.0199966430664,113.29000091552734,113.87999725341797,6109,0.0,0.0
2023-01-04 13:30:00-05:00,114.0,114.19000244140625,113.02999877929688,113.02999877929688,7379,0.0,0.0
2023-01-04 14:30:00-05:00,113.15499877929688,113.61000061035156,113.04000091552734,113.33000183105469,10236,0.0,0.0
2023-01-04 15:30:00-05:00,113.16999816894531,113.52999877929688,112.52999877929688,113.44000244140625,22904,0.0,0.0
2023-01-05 09:30:00-05:00,112.66999816894531,112.66999816894531,111.2249984741211,111.47000122070312,7623,0.0,0.0
2023-01-05 10:30:00-05:00,111.81999969482422,111.8499984741211,110.55000305175781,110.55000305175781,7309,0.0,0.0
2023-01-05 11:30:00-05:00,110.48739624023438,110.87000274658203,110.48739624023438,110.70999908447266,8684,0.0,0.0
2023-01-05 12:30:00-05:00,110.66999816894531,110.80249786376953,109.72000122070312,110.76000213623047,9818,0.0,0.0
2023-01-05 13:30:00-05:00,110.98999786376953,111.01499938964844,110.38999938964844,110.54499816894531,14597,0.0,0.0
2023-01-05 14:30:00-05:00,110.54499816894531,111.47000122070312,110.16999816894531,110.16999816894531,13437,0.0,0.0
2023-01-05 15:30:00-05:00,110.01499938964844,110.44000244140625,110.01499938964844,110.2699966430664,24531,0.0,0.0
2023-01-06 09:30:00-05:00,111.37999725341797,112.3499984741211,110.87000274658203,111.80500030517578,14180,0.0,0.0
2023-01-06 10:30:00-05:00,111.80999755859375,112.83000183105469,111.80999755859375,112.83000183105469,12102,0.0,0.0
2023-01-06 11:30:00-05:00,112.80500030517578,113.38999938964844,112.6500015258789,112.76000213623047,8774,0.0,0.0
2023-01-06 12:30:00-05:00,112.79000091552734,112.79499816894531,112.19000244140625,112.7300033569336,8345,0.0,0.0
2023-01-06 13:30:00-05:00,112.73500061035156,113.33999633789062,112.73500061035156,112.96499633789062,11127,0.0,0.0
2023-01-06 14:30:00-05:00,113.01499938964844,113.41999816894531,113.0,113.0999984741211,21221,0.0,0.0
2023-01-06 15:30:00-05:00,113.18000030517578,113.44999694824219,112.87999725341797,113.12999725341797,33722,0.0,0.0
2023-01-09 09:30:00-05:00,113.31999969482422,113.37999725341797,112.7300033569336,112.7300033569336,6887,0.0,0.0
2023-01-09 10:30:00-05:00,112.87000274658203,112.92990112304688,112.54000091552734,112.62000274658203,4937,0.0,0.0
2023-01-09 11:30:00-05:00,112.45999908447266,112.55000305175781,112.2699966430664,112.47760009765625,7710,0.0,0.0
2023-01-09 12:30:00-05:00,112.58999633789062,112.58999633789062,111.96499633789062,111.96499633789062,4872,0.0,0.0
2023-01-09 13:30:00-05:00,112.02999877929688,112.02999877929688,110.95999908447266,111.02999877929688,7606,0.0,0.0
2023-01-09 14:30:00-05:00,110.76000213623047,110.91999816894531,109.7699966430664,109.80000305175781,21845,0.0,0.0
2023-01-09 15:30:00-05:00,109.80000305175781,110.18000030517578,109.44000244140625,110.0999984741211,40793,0.0,0.0
2023-01-10 09:30:00-05:00,109.36000061035156,109.73999786376953,109.0,109.41999816894531,0,0.0,0.0
2023-01-10 10:30:00-05:00,109.43000030517578,110.04499816894531,108.12000274658203,110.04000091552734,18998,0.0,0.0
2023-01-10 11:30:00-05:00,110.05000305175781,111.0999984741211,110.05000305175781,111.07499694824219,18016,0.0,0.0
2023-01-10 12:30:00-05:00,111.25,111.61000061035156,111.23500061035156,111.23500061035156,5695,0.0,0.0
2023-01-10 13:30:00-05:00,111.34619903564453,111.72000122070312,111.27999877929688,111.55000305175781,6301,0.0,0.0
2023-01-10 14:30:00-05:00,111.55999755859375,111.69000244140625,111.23999786376953,111.5,9240,0.0,0.0
2023-01-10 15:30:00-05:00,111.43000030517578,111.58000183105469,111.31999969482422,111.37999725341797,16517,0.0,0.0
2023-01-11 09:30:00-05:00,111.41999816894531,112.43000030517578,111.41999816894531,112.43000030517578,3410,0.0,0.0
2023-01-11 10:30:00-05:00,112.19999694824219,112.62999725341797,112.16999816894531,112.25,7971,0.0,0.0
2023-01-11 11:30:00-05:00,112.30999755859375,112.52330017089844,112.08000183105469,112.34500122070312,6344,0.0,0.0
2023-01-11 12:30:00-05:00,112.34500122070312,112.70999908447266,112.23999786376953,112.66500091552734,4603,0.0,0.0
2023-01-11 13:30:00-05:00,112.66999816894531,112.75,112.5199966430664,112.69000244140625,4056,0.0,0.0
2023-01-11 14:30:00-05:00,112.68000030517578,114.16000366210938,112.68000030517578,113.6500015258789,28622,0.0,0.0
2023-01-11 15:30:00-05:00,113.5510025024414,114.4000015258789,113.5510025024414,114.30999755859375,26878,0.0,0.0
2023-01-12 09:30:00-05:00,114.4800033569336,115.2300033569336,113.54679870605469,115.16999816894531,0,0.0,0.0
2023-01-12 10:30:00-05:00,114.6500015258789,114.7300033569336,113.91999816894531,114.0,6743,0.0,0.0
2023-01-12 11:30:00-05:00,114.0,114.38749694824219,113.93000030517578,114.22000122070312,3578,0.0,0.0
2023-01-12 12:30:00-05:00,114.33000183105469,114.58000183105469,114.0,114.0,5634,0.0,0.0
2023-01-12 13:30:00-05:00,113.91000366210938,114.62000274658203,113.91000366210938,114.05999755859375,7183,0.0,0.0
2023-01-12 14:30:00-05:00,114.0,114.20500183105469,113.88500213623047,114.07499694824219,9203,0.0,0.0
2023-01-12 15:30:00-05:00,114.07499694824219,114.66999816894531,114.0,114.36000061035156,23834,0.0,0.0
2023-01-13 09:30:00-05:00,113.22000122070312,115.15460205078125,113.22000122070312,114.33999633789062,4971,0.0,0.0
2023-01-13 10:30:00-05:00,114.37999725341797,114.7300033569336,114.33000183105469,114.68000030517578,4253,0.0,0.0
2023-01-13 11:30:00-05:00,114.58000183105469,115.01499938964844,114.42500305175781,114.99340057373047,7312,0.0,0.0
2023-01-13 12:30:00-05:00,114.87920379638672,115.0,114.48999786376953,114.62000274658203,4926,0.0,0.0
2023-01-13 13:30:00-05:00,114.94999694824219,115.11000061035156,114.53119659423828,114.81749725341797,12201,0.0,0.0
2023-01-13 14:30:00-05:00,114.91000366210938,115.0,114.79000091552734,115.0,20896,0.0,0.0
2023-01-13 15:30:00-05:00,115.05500030517578,115.0999984741211,114.79000091552734,114.88999938964844,42945,0.0,0.0
2023-01-17 09:30:00-05:00,114.98999786376953,115.70999908447266,114.98999786376953,115.30000305175781,25874,0.0,0.0
2023-01-17 10:30:00-05:00,114.98999786376953,115.19000244140625,114.73999786376953,115.08999633789062,27315,0.0,0.0
2023-01-17 11:30:00-05:00,115.1500015258789,115.1500015258789,114.8949966430664,114.98999786376953,17937,0.0,0.0
2023-01-17 12:30:00-05:00,115.05999755859375,115.0999984741211,114.88999938964844,115.08999633789062,14637,0.0,0.0
2023-01-17 13:30:00-05:00,115.05000305175781,115.11000061035156,113.8499984741211,113.8499984741211,32176,0.0,0.0
2023-01-17 14:30:00-05:00,113.32499694824219,113.52999877929688,112.7249984741211,113.08000183105469,9772,0.0,0.0
2023-01-17 15:30:00-05:00,112.9209976196289,113.16999816894531,112.33000183105469,112.48999786376953,26063,0.0,0.0
2023-01-18 09:30:00-05:00,112.61000061035156,113.84230041503906,112.45999908447266,113.6500015258789,7946,0.0,0.0
2023-01-18 10:30:00-05:00,113.55000305175781,113.61000061035156,113.16000366210938,113.16000366210938,25923,0.0,0.0
2023-01-18 11:30:00-05:00,113.0,113.0,112.16000366210938,112.16000366210938,2115,0.0,0.0
2023-01-18 12:30:00-05:00,112.29000091552734,112.29000091552734,111.06999969482422,111.91999816894531,5064,0.0,0.0
2023-01-18 13:30:00-05:00,111.91500091552734,112.58000183105469,111.5,111.79000091552734,8409,0.0,0.0
2023-01-18 14:30:00-05:00,111.81999969482422,112.11000061035156,111.66999816894531,111.87000274658203,15481,0.0,0.0
2023-01-18 15:30:00-05:00,111.5999984741211,111.62000274658203,110.91999816894531,110.97000122070312,21946,0.0,0.0
2023-01-19 09:30:00-05:00,110.2699966430664,112.51000213623047,110.20500183105469,110.31999969482422,43337,0.0,0.0
2023-01-19 10:30:00-05:00,110.26000213623047,111.5199966430664,110.12999725341797,111.27999877929688,11722,0.0,0.0
2023-01-19 11:30:00-05:00,111.4800033569336,111.88999938964844,111.16999816894531,111.41000366210938,9034,0.0,0.0
2023-01-19 12:30:00-05:00,111.59500122070312,111.79000091552734,111.16999816894531,111.19999694824219,8048,0.0,0.0
2023-01-19 13:30:00-05:00,111.61150360107422,111.69499969482422,111.16999816894531,111.69499969482422,8627,0.0,0.0
2023-01-19 14:30:00-05:00,111.55000305175781,111.66999816894531,111.20999908447266,111.45999908447266,10635,0.0,0.0
2023-01-19 15:30:00-05:00,111.45500183105469,111.80999755859375,111.22000122070312,111.66999816894531,43955,0.0,0.0
2023-01-20 09:30:00-05:00,112.0199966430664,112.86000061035156,110.3499984741211,112.7300033569336,0,0.0,0.0
2023-01-20 10:30:00-05:00,112.70999908447266,113.29499816894531,112.41000366210938,113.02999877929688,29218,0.0,0.0
2023-01-20 11:30:00-05:00,113.23999786376953,113.33999633789062,112.97000122070312,113.11499786376953,10367,0.0,0.0
2023-01-20 12:30:00-05:00,113.19000244140625,113.19000244140625,112.5999984741211,112.80000305175781,8383,0.0,0.0
2023-01-20 13:30:00-05:00,112.91000366210938,113.48999786376953,112.91000366210938,113.41999816894531,8118,0.0,0.0
2023-01-20 14:30:00-05:00,113.4000015258789,113.94000244140625,113.33999633789062,113.73999786376953,11115,0.0,0.0
2023-01-20 15:30:00-05:00,113.79499816894531,114.29499816894531,113.69999694824219,114.16000366210938,29834,0.0,0.0
2023-01-23 09:30:00-05:00,114.0199966430664,115.55999755859375,114.0199966430664,115.55999755859375,7503,0.0,0.0
2023-01-23 10:30:00-05:00,115.6500015258789,115.95999908447266,114.83000183105469,114.83000183105469,9996,0.0,0.0
2023-01-23 11:30:00-05:00,114.78500366210938,115.22000122070312,114.58999633789062,114.86000061035156,8449,0.0,0.0
2023-01-23 12:30:00-05:00,114.87999725341797,115.11000061035156,114.69000244140625,114.69000244140625,6456,0.0,0.0
2023-01-23 13:30:00-05:00,114.7699966430664,115.04299926757812,114.24500274658203,114.47000122070312,10998,0.0,0.0
2023-01-23 14:30:00-05:00,114.37999725341797,114.37999725341797,113.73500061035156,114.2300033569336,10128,0.0,0.0
2023-01-23 15:30:00-05:00,114.22000122070312,115.29000091552734,114.15499877929688,115.16999816894531,25218,0.0,0.0
2023-01-24 09:30:00-05:00,115.68000030517578,115.68000030517578,113.94999694824219,115.08499908447266,4705,0.0,0.0
2023-01-24 10:30:00-05:00,115.08000183105469,115.44499969482422,114.88999938964844,115.05999755859375,6381,0.0,0.0
2023-01-24 11:30:00-05:00,115.16500091552734,115.48500061035156,114.72000122070312,115.48500061035156,6106,0.0,0.0
2023-01-24 12:30:00-05:00,115.4800033569336,115.51000213623047,114.9000015258789,115.0,5754,0.0,0.0
2023-01-24 13:30:00-05:00,114.94000244140625,115.2750015258789,114.79000091552734,114.94999694824219,4976,0.0,0.0
2023-01-24 14:30:00-05:00,115.0199966430664,115.33000183105469,115.0199966430664,115.25,6400,0.0,0.0
2023-01-24 15:30:00-05:00,115.24500274658203,115.33999633789062,114.86000061035156,114.94999694824219,23298,0.0,0.0
2023-01-25 09:30:00-05:00,113.48999786376953,113.48999786376953,112.12999725341797,112.75540161132812,7809,0.0,0.0
2023-01-25 10:30:00-05:00,112.62000274658203,112.91000366210938,111.51499938964844,112.00499725341797,28186,0.0,0.0
2023-01-25 11:30:00-05:00,111.86000061035156,112.11000061035156,111.41999816894531,111.41999816894531,8374,0.0,0.0
2023-01-25 12:30:00-05:00,111.62000274658203,111.83999633789062,111.16999816894531,111.5,7804,0.0,0.0
2023-01-25 13:30:00-05:00,111.5,111.5,110.8499984741211,110.9749984741211,17278,0.0,0.0
2023-01-25 14:30:00-05:00,110.8499984741211,111.01499938964844,110.5,110.5,30411,0.0,0.0
2023-01-25 15:30:00-05:00,110.5,111.12999725341797,110.5,110.94000244140625,31379,0.0,0.0
2023-01-26 09:30:00-05:00,111.0999984741211,111.91999816894531,110.92500305175781,111.91999816894531,7594,0.0,0.0
2023-01-26 10:30:00-05:00,111.55999755859375,111.55999755859375,110.5,110.56999969482422,9652,0.0,0.0
2023-01-26 11:30:00-05:00,110.56999969482422,111.13999938964844,110.56999969482422,110.95999908447266,9426,0.0,0.0
2023-01-26 12:30:00-05:00,110.91999816894531,110.93000030517578,110.7300033569336,110.75,16167,0.0,0.0
2023-01-26 13:30:00-05:00,110.81999969482422,110.9000015258789,110.72000122070312,110.75,42237,0.0,0.0
2023-01-26 14:30:00-05:00,110.75,111.41999816894531,110.75,111.31999969482422,18424,0.0,0.0
2023-01-26 15:30:00-05:00,111.30000305175781,111.7300033569336,111.20999908447266,111.52999877929688,26736,0.0,0.0
2023-01-27 09:30:00-05:00,110.8499984741211,111.2300033569336,110.75,110.84500122070312,22461,0.0,0.0
2023-01-27 10:30:00-05:00,110.80000305175781,110.80000305175781,108.71499633789062,109.25,10497,0.0,0.0
2023-01-27 11:30:00-05:00,109.3499984741211,109.62000274658203,108.9800033569336,109.12640380859375,11560,0.0,0.0
2023-01-27 12:30:00-05:00,109.30999755859375,109.50830078125,109.01000213623047,109.01000213623047,9524,0.0,0.0
2023-01-27 13:30:00-05:00,109.12000274658203,109.25,108.86000061035156,108.86000061035156,11008,0.0,0.0
2023-01-27 14:30:00-05:00,108.94000244140625,109.0999984741211,108.5199966430664,108.73500061035156,49010,0.0,0.0
2023-01-27 15:30:00-05:00,108.75,109.02999877929688,108.27999877929688,108.54000091552734,72913,0.0,0.0
2023-01-30 09:30:00-05:00,107.94999694824219,109.8499984741211,107.94999694824219,109.58999633789062,14051,0.0,0.0
2023-01-30 10:30:00-05:00,109.06999969482422,109.08999633789062,108.11000061035156,108.91999816894531,12589,0.0,0.0
2023-01-30 11:30:00-05:00,108.95339965820312,109.01000213623047,108.13999938964844,109.01000213623047,11350,0.0,0.0
2023-01-30 12:30:00-05:00,108.8499984741211,109.46499633789062,108.8499984741211,109.46499633789062,5578,0.0,0.0
2023-01-30 13:30:00-05:00,109.33999633789062,109.59500122070312,109.11000061035156,109.55999755859375,5384,0.0,0.0
2023-01-30 14:30:00-05:00,109.4800033569336,109.51000213623047,108.6500015258789,108.91899871826172,15743,0.0,0.0
2023-01-30 15:30:00-05:00,108.8550033569336,109.30999755859375,108.23999786376953,108.76000213623047,53761,0.0,0.0
2023-01-31 09:30:00-05:00,108.86000061035156,109.69999694824219,108.43000030517578,109.48999786376953,16823,0.0,0.0
2023-01-31 10:30:00-05:00,109.61499786376953,110.21499633789062,109.05999755859375,109.12999725341797,9351,0.0,0.0
2023-01-31 11:30:00-05:00,109.48999786376953,110.05000305175781,109.48999786376953,109.79499816894531,6950,0.0,0.0
2023-01-31 12:30:00-05:00,109.81999969482422,110.0999984741211,109.75,109.88999938964844,7467,0.0,0.0
2023-01-31 13:30:00-05:00,109.80000305175781,109.94999694824219,109.63999938964844,109.79000091552734,6961,0.0,0.0
2023-01-31 14:30:00-05:00,109.93000030517578,110.41999816894531,109.87000274658203,110.3550033569336,11564,0.0,0.0
2023-01-31 15:30:00-05:00,110.4000015258789,110.69999694824219,110.04000091552734,110.61000061035156,60979,0.0,0.0
2023-02-01 09:30:00-05:00,109.45999908447266,110.20999908447266,108.83999633789062,109.09929656982422,16494,0.0,0.0
2023-02-01 10:30:00-05:00,109.1500015258789,109.15499877929688,108.70500183105469,108.75,11303,0.0,0.0
2023-02-01 11:30:00-05:00,108.69000244140625,108.72000122070312,108.05999755859375,108.23300170898438,11359,0.0,0.0
2023-02-01 12:30:00-05:00,108.19499969482422,108.44999694824219,108.0,108.37000274658203,10337,0.0,0.0
2023-02-01 13:30:00-05:00,108.45999908447266,108.96150207519531,108.1500015258789,108.2699966430664,16836,0.0,0.0
2023-02-01 14:30:00-05:00,108.27999877929688,109.94000244140625,107.91999816894531,109.93000030517578,45903,0.0,0.0
2023-02-01 15:30:00-05:00,110.06999969482422,110.9800033569336,109.55999755859375,110.41999816894531,51944,0.0,0.0
2023-02-02 09:30:00-05:00,110.83000183105469,111.7699966430664,110.26509857177734,111.7699966430664,6392,0.0,0.0
2023-02-02 10:30:00-05:00,111.7699966430664,112.58999633789062,111.7699966430664,112.13999938964844,18386,0.0,0.0
2023-02-02 11:30:00-05:00,112.16000366210938,113.1500015258789,112.05000305175781,113.1500015258789,15382,0.0,0.0
2023-02-02 12:30:00-05:00,112.95999908447266,112.95999908447266,112.5999984741211,112.5999984741211,4087,0.0,0.0
2023-02-02 13:30:00-05:00,112.62999725341797,113.27999877929688,112.22000122070312,112.4000015258789,10352,0.0,0.0
2023-02-02 14:30:00-05:00,112.23999786376953,112.8949966430664,112.0199966430664,112.68000030517578,16664,0.0,0.0
2023-02-02 15:30:00-05:00,112.86000061035156,114.0,112.83699798583984,113.97000122070312,48392,0.0,0.0
2023-02-03 09:30:00-05:00,112.45999908447266,113.36499786376953,112.45999908447266,112.7699966430664,0,0.0,0.0
2023-02-03 10:30:00-05:00,113.08000183105469,113.80500030517578,113.08000183105469,113.75,19595,0.0,0.0
2023-02-03 11:30:00-05:00,113.79000091552734,114.36000061035156,113.55000305175781,114.36000061035156,26623,0.0,0.0
2023-02-03 12:30:00-05:00,114.4000015258789,114.44999694824219,113.55000305175781,113.7249984741211,20291,0.0,0.0
2023-02-03 13:30:00-05:00,113.63999938964844,113.77999877929688,113.30000305175781,113.30000305175781,30118,0.0,0.0
2023-02-03 14:30:00-05:00,113.30500030517578,113.76000213623047,113.13999938964844,113.41999816894531,21411,0.0,0.0
2023-02-03 15:30:00-05:00,113.43000030517578,113.55999755859375,112.94999694824219,113.1500015258789,45249,0.0,0.0
2023-02-06 09:30:00-05:00,112.62999725341797,113.32499694824219,111.48999786376953,112.05000305175781,17527,0.0,0.0
2023-02-06 10:30:00-05:00,112.05000305175781,112.28500366210938,111.54499816894531,112.16999816894531,17052,0.0,0.0
2023-02-06 11:30:00-05:00,111.91999816894531,112.05999755859375,111.2300033569336,111.5,7719,0.0,0.0
2023-02-06 12:30:00-05:00,111.62999725341797,111.6449966430664,111.0199966430664,111.18499755859375,13428,0.0,0.0
2023-02-06 13:30:00-05:00,111.30500030517578,111.4800033569336,111.0,111.2699966430664,10174,0.0,0.0
2023-02-06 14:30:00-05:00,111.38999938964844,111.68000030517578,111.23999786376953,111.38999938964844,13422,0.0,0.0
2023-02-06 15:30:00-05:00,111.33999633789062,112.01000213623047,111.31999969482422,112.01000213623047,31205,0.0,0.0
2023-02-07 09:30:00-05:00,110.77999877929688,110.77999877929688,110.0719985961914,110.4000015258789,9029,0.0,0.0
2023-02-07 10:30:00-05:00,110.41000366210938,110.87999725341797,110.37999725341797,110.66999816894531,7190,0.0,0.0
2023-02-07 11:30:00-05:00,110.7699966430664,111.66000366210938,110.7699966430664,111.41000366210938,9533,0.0,0.0
2023-02-07 12:30:00-05:00,111.58999633789062,113.18499755859375,111.55999755859375,112.08999633789062,16356,0.0,0.0
2023-02-07 13:30:00-05:00,111.90499877929688,112.58000183105469,111.33999633789062,112.4000015258789,16864,0.0,0.0
2023-02-07 14:30:00-05:00,112.31999969482422,112.58999633789062,112.05000305175781,112.46499633789062,22693,0.0,0.0
2023-02-07 15:30:00-05:00,112.38999938964844,113.37999725341797,112.26499938964844,113.37999725341797,52311,0.0,0.0
2023-02-08 09:30:00-05:00,112.43000030517578,113.16999816894531,111.54010009765625,111.83999633789062,11868,0.0,0.0
2023-02-08 10:30:00-05:00,111.75,111.75,110.51000213623047,110.81999969482422,15686,0.0,0.0
2023-02-08 11:30:00-05:00,110.76000213623047,111.4800033569336,110.63999938964844,111.2300033569336,11716,0.0,0.0
2023-02-08 12:30:00-05:00,111.23999786376953,111.8550033569336,111.23999786376953,111.56500244140625,13979,0.0,0.0
2023-02-08 13:30:00-05:00,111.62999725341797,111.62999725341797,110.8949966430664,111.02999877929688,13580,0.0,0.0
2023-02-08 14:30:00-05:00,111.08499908447266,111.75,111.00499725341797,111.73999786376953,21935,0.0,0.0
2023-02-08 15:30:00-05:00,111.66999816894531,112.11000061035156,111.4800033569336,111.79000091552734,66012,0.0,0.0
2023-02-09 09:30:00-05:00,115.0,119.0,114.20999908447266,118.77999877929688,70636,0.0,0.0
2023-02-09 10:30:00-05:00,118.20999908447266,118.95999908447266,115.67500305175781,116.31999969482422,35812,0.0,0.0
2023-02-09 11:30:00-05:00,116.30999755859375,116.88999938964844,115.70999908447266,115.93000030517578,24753,0.0,0.0
2023-02-09 12:30:00-05:00,115.86000061035156,116.7300033569336,115.70999908447266,116.6500015258789,15626,0.0,0.0
2023-02-09 13:30:00-05:00,116.51000213623047,116.77999877929688,115.9375,116.48500061035156,19763,0.0,0.0
2023-02-09 14:30:00-05:00,116.51000213623047,116.77999877929688,116.41999816894531,116.69999694824219,36191,0.0,0.0
2023-02-09 15:30:00-05:00,116.69999694824219,116.69999694824219,116.11000061035156,116.62999725341797,66961,0.0,0.0
2023-02-10 09:30:00-05:00,116.61000061035156,117.69000244140625,116.59500122070312,117.30000305175781,52922,0.0,0.0
2023-02-10 10:30:00-05:00,117.33999633789062,118.49500274658203,116.66999816894531,118.13999938964844,27477,0.0,0.0
2023-02-10 11:30:00-05:00,118.01000213623047,118.2699966430664,116.45999908447266,117.29000091552734,21611,0.0,0.0
2023-02-10 12:30:00-05:00,117.45999908447266,118.19999694824219,117.43000030517578,118.16000366210938,20517,0.0,0.0
2023-02-10 13:30:00-05:00,118.18000030517578,118.66999816894531,117.98999786376953,118.52999877929688,25429,0.0,0.0
2023-02-10 14:30:00-05:00,118.51000213623047,119.125,118.20999908447266,118.55999755859375,31070,0.0,0.0
2023-02-10 15:30:00-05:00,118.58999633789062,119.09500122070312,117.93070220947266,117.98999786376953,93970,0.0,0.0
2023-02-13 09:30:00-05:00,118.18000030517578,118.91000366210938,117.79000091552734,118.16000366210938,0,0.0,0.0
2023-02-13 10:30:00-05:00,118.22000122070312,118.30000305175781,117.41000366210938,117.91000366210938,24639,0.0,0.0
2023-02-13 11:30:00-05:00,117.62000274658203,118.26000213623047,117.51000213623047,117.94999694824219,14164,0.0,0.0
2023-02-13 12:30:00-05:00,118.00499725341797,118.41999816894531,117.61000061035156,118.20999908447266,17085,0.0,0.0
2023-02-13 13:30:00-05:00,118.2699966430664,118.43499755859375,117.72000122070312,117.72000122070312,28863,0.0,0.0
2023-02-13 14:30:00-05:00,117.6500015258789,118.16999816894531,117.6500015258789,118.0199966430664,31409,0.0,0.0
2023-02-13 15:30:00-05:00,117.98999786376953,118.83000183105469,117.93000030517578,118.77999877929688,89236,0.0,0.0
2023-02-14 09:30:00-05:00,118.75,119.5999984741211,118.33000183105469,119.44000244140625,19791,0.0,0.0
2023-02-14 10:30:00-05:00,119.5199966430664,119.55999755859375,118.3499984741211,118.3499984741211,25383,0.0,0.0
2023-02-14 11:30:00-05:00,118.04000091552734,118.70999908447266,117.6500015258789,118.70999908447266,19121,0.0,0.0
2023-02-14 12:30:00-05:00,118.4800033569336,119.11499786376953,118.27999877929688,118.81999969482422,19067,0.0,0.0
2023-02-14 13:30:00-05:00,118.82499694824219,118.94999694824219,118.47000122070312,118.55000305175781,21526,0.0,0.0
2023-02-14 14:30:00-05:00,118.63999938964844,119.1449966430664,118.43000030517578,119.0,49210,0.0,0.0
2023-02-14 15:30:00-05:00,118.94999694824219,119.83999633789062,118.94999694824219,119.20999908447266,51368,0.0,0.0
2023-02-15 09:30:00-05:00,118.18000030517578,119.44999694824219,118.18000030517578,118.81999969482422,16757,0.0,0.0
2023-02-15 10:30:00-05:00,118.80999755859375,119.18499755859375,118.68000030517578,118.76000213623047,26162,0.0,0.0
2023-02-15 11:30:00-05:00,118.75,118.75,118.30000305175781,118.61499786376953,32801,0.0,0.0
2023-02-15 12:30:00-05:00,118.4749984741211,119.43000030517578,118.4749984741211,119.43000030517578,19748,0.0,0.0
2023-02-15 13:30:00-05:00,119.5,119.7699966430664,119.43499755859375,119.55999755859375,21459,0.0,0.0
2023-02-15 14:30:00-05:00,119.6500015258789,120.16999816894531,119.43499755859375,119.94000244140625,23436,0.0,0.0
2023-02-15 15:30:00-05:00,119.91000366210938,120.27999877929688,119.87000274658203,120.2300033569336,45843,0.0,0.0
2023-02-16 09:30:00-05:00,118.87999725341797,120.5,118.87999725341797,120.26409912109375,33757,0.0,0.0
2023-02-16 10:30:00-05:00,120.2300033569336,121.5999984741211,119.91000366210938,121.2249984741211,22363,0.0,0.0
2023-02-16 11:30:00-05:00,121.36000061035156,122.55000305175781,121.27999877929688,122.52999877929688,20852,0.0,0.0
2023-02-16 12:30:00-05:00,122.51499938964844,123.38999938964844,122.51499938964844,122.98999786376953,21743,0.0,0.0
2023-02-16 13:30:00-05:00,123.19000244140625,123.33000183105469,122.55000305175781,123.02999877929688,22443,0.0,0.0
2023-02-16 14:30:00-05:00,123.0999984741211,123.3499984741211,122.76000213623047,122.88500213623047,39379,0.0,0.0
2023-02-16 15:30:00-05:00,122.87999725341797,123.68000030517578,122.7699966430664,123.18000030517578,65154,0.0,0.0
2023-02-17 09:30:00-05:00,123.55000305175781,125.5,123.55000305175781,125.19750213623047,42164,0.0,0.0
2023-02-17 10:30:00-05:00,125.30999755859375,125.55999755859375,124.7699966430664,124.91000366210938,34260,0.0,0.0
2023-02-17 11:30:00-05:00,124.87000274658203,125.80999755859375,124.69999694824219,125.6050033569336,32319,0.0,0.0
2023-02-17 12:30:00-05:00,125.5,125.58999633789062,124.86000061035156,125.19999694824219,19037,0.0,0.0
2023-02-17 13:30:00-05:00,125.16999816894531,125.58999633789062,125.0250015258789,125.30000305175781,21831,0.0,0.0
2023-02-17 14:30:00-05:00,125.41000366210938,125.69999694824219,125.16000366210938,125.30999755859375,22120,0.0,0.0
2023-02-17 15:30:00-05:00,125.23999786376953,125.94999694824219,125.23999786376953,125.61000061035156,70137,0.0,0.0
2023-02-21 09:30:00-05:00,124.72000122070312,125.58499908447266,124.41999816894531,125.45189666748047,21457,0.0,0.0
2023-02-21 10:30:00-05:00,125.5999984741211,125.61000061035156,125.16999816894531,125.32499694824219,24947,0.0,0.0
2023-02-21 11:30:00-05:00,125.27999877929688,125.30500030517578,125.0,125.05999755859375,26069,0.0,0.0
2023-02-21 12:30:00-05:00,125.16000366210938,125.375,124.66500091552734,124.77999877929688,23330,0.0,0.0
2023-02-21 13:30:00-05:00,124.76000213623047,125.30000305175781,124.76000213623047,125.16000366210938,12809,0.0,0.0
2023-02-21 14:30:00-05:00,125.1500015258789,125.30000305175781,124.86000061035156,125.1500015258789,23007,0.0,0.0
2023-02-21 15:30:00-05:00,125.2300033569336,125.30000305175781,124.29000091552734,124.29000091552734,65511,0.0,0.0
2023-02-22 09:30:00-05:00,124.05000305175781,124.8949966430664,124.05000305175781,124.62000274658203,10233,0.0,0.0
2023-02-22 10:30:00-05:00,124.44999694824219,125.31999969482422,123.32820129394531,125.19000244140625,14963,0.0,0.0
2023-02-22 11:30:00-05:00,125.01499938964844,125.52999877929688,124.93550109863281,125.37999725341797,9426,0.0,0.0
2023-02-22 12:30:00-05:00,125.23999786376953,125.70999908447266,125.16999816894531,125.70999908447266,8505,0.0,0.0
2023-02-22 13:30:00-05:00,125.68000030517578,125.88999938964844,125.22000122070312,125.69000244140625,16098,0.0,0.0
2023-02-22 14:30:00-05:00,125.66999816894531,125.73999786376953,124.5,124.79000091552734,30521,0.0,0.0
2023-02-22 15:30:00-05:00,124.5,124.91000366210938,124.4000015258789,124.54000091552734,40177,0.0,0.0
2023-02-23 09:30:00-05:00,124.9800033569336,125.26000213623047,124.08999633789062,124.37000274658203,9807,0.0,0.0
2023-02-23 10:30:00-05:00,124.04000091552734,124.25,123.36000061035156,123.36000061035156,13663,0.0,0.0
2023-02-23 11:30:00-05:00,123.375,123.47000122070312,122.78500366210938,122.88500213623047,13949,0.0,0.0
2023-02-23 12:30:00-05:00,122.98999786376953,123.05000305175781,122.52999877929688,122.61000061035156,9220,0.0,0.0
2023-02-23 13:30:00-05:00,122.68000030517578,123.5999984741211,122.5,123.37000274658203,28843,0.0,0.0
2023-02-23 14:30:00-05:00,123.41999816894531,123.62000274658203,123.22000122070312,123.62000274658203,22393,0.0,0.0
2023-02-23 15:30:00-05:00,123.56999969482422,124.0199966430664,123.56999969482422,123.86000061035156,52361,0.0,0.0
2023-02-24 09:30:00-05:00,122.58999633789062,123.30999755859375,120.51000213623047,122.05000305175781,10287,0.0,0.0
2023-02-24 10:30:00-05:00,122.0,122.38999938964844,121.45999908447266,122.0999984741211,15426,0.0,0.0
2023-02-24 11:30:00-05:00,122.02999877929688,122.58000183105469,121.9800033569336,122.44999694824219,11698,0.0,0.0
2023-02-24 12:30:00-05:00,122.47000122070312,122.55000305175781,121.82499694824219,121.91999816894531,10495,0.0,0.0
2023-02-24 13:30:00-05:00,121.94000244140625,122.19999694824219,121.91000366210938,122.18000030517578,41529,0.0,0.0
2023-02-24 14:30:00-05:00,122.13999938964844,122.27999877929688,121.87999725341797,122.13999938964844,19020,0.0,0.0
2023-02-24 15:30:00-05:00,122.08999633789062,122.18000030517578,121.75,122.0999984741211,31869,0.0,0.0
2023-02-27 09:30:00-05:00,123.05000305175781,124.76000213623047,122.91999816894531,124.76000213623047,9274,0.0,0.0
2023-02-27 10:30:00-05:00,124.61499786376953,124.6458969116211,123.29000091552734,123.44000244140625,11217,0.0,0.0
2023-02-27 11:30:00-05:00,123.25,123.36000061035156,123.00890350341797,123.13999938964844,7989,0.0,0.0
2023-02-27 12:30:00-05:00,123.19999694824219,123.80999755859375,123.19999694824219,123.72000122070312,12053,0.0,0.0
2023-02-27 13:30:00-05:00,123.48999786376953,123.70999908447266,123.42500305175781,123.49500274658203,9435,0.0,0.0
2023-02-27 14:30:00-05:00,123.4000015258789,123.44000244140625,122.37000274658203,122.68000030517578,25607,0.0,0.0
2023-02-27 15:30:00-05:00,122.73999786376953,123.0,122.5199966430664,122.6500015258789,44268,0.0,0.0
2023-02-28 09:30:00-05:00,122.6500015258789,124.92500305175781,122.6500015258789,124.21499633789062,36846,0.0,0.0
2023-02-28 10:30:00-05:00,124.33999633789062,125.69999694824219,124.28500366210938,125.06999969482422,31893,0.0,0.0
2023-02-28 11:30:00-05:00,125.08000183105469,125.41999816894531,124.875,125.32350158691406,35280,0.0,0.0
2023-02-28 12:30:00-05:00,125.38999938964844,125.41999816894531,125.05999755859375,125.1500015258789,22520,0.0,0.0
2023-02-28 13:30:00-05:00,125.20999908447266,125.23999786376953,124.38999938964844,124.5,18730,0.0,0.0
2023-02-28 14:30:00-05:00,124.4800033569336,124.88500213623047,124.2300033569336,124.54499816894531,31415,0.0,0.0
2023-02-28 15:30:00-05:00,124.44999694824219,124.68499755859375,124.08000183105469,124.08000183105469,81713,0.0,0.0
2023-03-01 09:30:00-05:00,123.16999816894531,125.36000061035156,122.79000091552734,123.97000122070312,47738,0.0,0.0
2023-03-01 10:30:00-05:00,123.9000015258789,124.31999969482422,122.72000122070312,122.87999725341797,26234,0.0,0.0
2023-03-01 11:30:00-05:00,122.87000274658203,124.08499908447266,122.87000274658203,123.66999816894531,21572,0.0,0.0
2023-03-01 12:30:00-05:00,123.70500183105469,123.7300033569336,122.83999633789062,122.99500274658203,17215,0.0,0.0
2023-03-01 13:30:00-05:00,122.99500274658203,123.49500274658203,122.79000091552734,123.16999816894531,20487,0.0,0.0
2023-03-01 14:30:00-05:00,123.22869873046875,123.55999755859375,122.87999725341797,123.29000091552734,22328,0.0,0.0
2023-03-01 15:30:00-05:00,123.2750015258789,123.93000030517578,123.26000213623047,123.91999816894531,61097,0.0,0.0
2023-03-02 09:30:00-05:00,122.81999969482422,123.7699966430664,122.81999969482422,123.18000030517578,11991,0.0,0.0
2023-03-02 10:30:00-05:00,123.36080169677734,123.54000091552734,122.76000213623047,122.95999908447266,18243,0.0,0.0
2023-03-02 11:30:00-05:00,122.9800033569336,123.48760223388672,122.91000366210938,123.18499755859375,11791,0.0,0.0
2023-03-02 12:30:00-05:00,123.29000091552734,123.44999694824219,123.04499816894531,123.12999725341797,13285,0.0,0.0
2023-03-02 13:30:00-05:00,123.01000213623047,123.64759826660156,123.01000213623047,123.64759826660156,11690,0.0,0.0
2023-03-02 14:30:00-05:00,123.6500015258789,123.6500015258789,123.20999908447266,123.58999633789062,17756,0.0,0.0
2023-03-02 15:30:00-05:00,123.5999984741211,124.06999969482422,123.5999984741211,124.06999969482422,38442,0.0,0.0
2023-03-03 09:30:00-05:00,124.45999908447266,124.45999908447266,122.7300033569336,123.12010192871094,7579,0.0,0.0
2023-03-03 10:30:00-05:00,123.33000183105469,123.47000122070312,123.03009796142578,123.47000122070312,6623,0.0,0.0
2023-03-03 11:30:00-05:00,123.5999984741211,124.13999938964844,123.55999755859375,123.80999755859375,16311,0.0,0.0
2023-03-03 12:30:00-05:00,123.88500213623047,124.12000274658203,123.62999725341797,123.98999786376953,11489,0.0,0.0
2023-03-03 13:30:00-05:00,123.98500061035156,124.08699798583984,123.76000213623047,123.88999938964844,9698,0.0,0.0
2023-03-03 14:30:00-05:00,123.87000274658203,124.0,123.41999816894531,123.86000061035156,26689,0.0,0.0
2023-03-03 15:30:00-05:00,123.86000061035156,123.87999725341797,123.33000183105469,123.33999633789062,32883,0.0,0.0
2023-03-06 09:30:00-05:00,122.94999694824219,124.12999725341797,122.55970001220703,123.44000244140625,17922,0.0,0.0
2023-03-06 10:30:00-05:00,123.20999908447266,123.54000091552734,123.05000305175781,123.34500122070312,9858,0.0,0.0
2023-03-06 11:30:00-05:00,123.29000091552734,123.45999908447266,122.83999633789062,123.38999938964844,14078,0.0,0.0
2023-03-06 12:30:00-05:00,123.4000015258789,123.45999908447266,123.00499725341797,123.45999908447266,8244,0.0,0.0
2023-03-06 13:30:00-05:00,123.31999969482422,123.44000244140625,123.1500015258789,123.3550033569336,11572,0.0,0.0
2023-03-06 14:30:00-05:00,123.4000015258789,123.50090026855469,123.08999633789062,123.33999633789062,16748,0.0,0.0
2023-03-06 15:30:00-05:00,123.26000213623047,124.16000366210938,123.26000213623047,124.1500015258789,42063,0.0,0.0
2023-03-07 09:30:00-05:00,124.13999938964844,124.9000015258789,123.94999694824219,124.05999755859375,0,0.0,0.0
2023-03-07 10:30:00-05:00,124.30000305175781,124.51000213623047,123.4000015258789,123.51000213623047,13608,0.0,0.0
2023-03-07 11:30:00-05:00,123.6500015258789,124.01000213623047,123.47000122070312,123.80999755859375,8821,0.0,0.0
2023-03-07 12:30:00-05:00,123.69999694824219,123.69999694824219,123.12999725341797,123.22000122070312,8324,0.0,0.0
2023-03-07 13:30:00-05:00,123.19000244140625,123.28500366210938,122.79000091552734,123.01000213623047,12999,0.0,0.0
2023-03-07 14:30:00-05:00,123.12000274658203,123.33000183105469,122.91000366210938,123.1500015258789,14297,0.0,0.0
2023-03-07 15:30:00-05:00,123.23999786376953,123.48500061035156,123.11000061035156,123.44999694824219,35180,0.0,0.0
2023-03-08 09:30:00-05:00,123.43000030517578,124.1500015258789,123.01000213623047,123.44000244140625,14891,0.0,0.0
2023-03-08 10:30:00-05:00,123.68350219726562,123.75,123.43000030517578,123.55000305175781,6822,0.0,0.0
2023-03-08 11:30:00-05:00,123.61000061035156,123.61000061035156,122.62999725341797,122.70999908447266,11849,0.0,0.0
2023-03-08 12:30:00-05:00,122.58000183105469,122.69499969482422,122.10009765625,122.10009765625,7992,0.0,0.0
2023-03-08 13:30:00-05:00,122.37999725341797,122.37999725341797,122.13500213623047,122.29000091552734,7651,0.0,0.0
2023-03-08 14:30:00-05:00,122.27249908447266,122.33999633789062,122.11000061035156,122.33999633789062,13267,0.0,0.0
2023-03-08 15:30:00-05:00,122.50499725341797,123.0999984741211,122.50499725341797,122.70999908447266,37384,0.0,0.0
2023-03-09 09:30:00-05:00,122.69000244140625,123.25499725341797,122.19000244140625,122.48500061035156,19114,0.0,0.0
2023-03-09 10:30:00-05:00,122.72799682617188,122.94999694824219,121.91999816894531,122.23500061035156,23227,0.0,0.0
2023-03-09 11:30:00-05:00,122.17500305175781,122.55999755859375,121.79000091552734,122.50499725341797,12488,0.0,0.0
2023-03-09 12:30:00-05:00,122.5199966430664,122.7699966430664,122.23500061035156,122.23500061035156,17493,0.0,0.0
2023-03-09 13:30:00-05:00,122.31999969482422,122.5999984741211,122.05000305175781,122.5999984741211,14975,0.0,0.0
2023-03-09 14:30:00-05:00,122.55999755859375,122.55999755859375,121.54000091552734,121.7300033569336,16955,0.0,0.0
2023-03-09 15:30:00-05:00,121.75,121.93000030517578,121.12000274658203,121.16999816894531,31473,0.0,0.0
2023-03-10 09:30:00-05:00,120.87000274658203,120.87000274658203,119.20999908447266,120.08999633789062,21176,0.0,0.0
2023-03-10 10:30:00-05:00,120.16999816894531,120.79000091552734,119.5999984741211,120.70999908447266,19966,0.0,0.0
2023-03-10 11:30:00-05:00,120.77999877929688,121.04000091552734,119.5199966430664,119.8499984741211,19722,0.0,0.0
2023-03-10 12:30:00-05:00,119.97000122070312,120.11000061035156,119.12000274658203,119.44000244140625,28109,0.0,0.0
2023-03-10 13:30:00-05:00,119.33999633789062,119.81999969482422,118.80000305175781,118.83499908447266,32984,0.0,0.0
2023-03-10 14:30:00-05:00,118.94000244140625,120.0199966430664,118.5199966430664,118.91000366210938,40819,0.0,0.0
2023-03-10 15:30:00-05:00,118.86000061035156,119.08999633789062,118.1500015258789,118.45999908447266,71227,0.0,0.0
2023-03-13 09:30:00-04:00,116.88999938964844,117.81999969482422,115.22000122070312,116.375,69214,0.0,0.0
2023-03-13 10:30:00-04:00,116.5199966430664,118.1500015258789,116.41000366210938,117.83999633789062,40333,0.0,0.0
2023-03-13 11:30:00-04:00,117.7750015258789,117.7750015258789,114.76000213623047,115.19000244140625,91750,0.0,0.0
2023-03-13 12:30:00-04:00,115.16000366210938,115.87999725341797,114.7699966430664,115.5199966430664,50090,0.0,0.0
2023-03-13 13:30:00-04:00,115.44999694824219,117.04000091552734,115.32499694824219,116.80690002441406,40547,0.0,0.0
2023-03-13 14:30:00-04:00,116.83000183105469,117.18000030517578,116.31999969482422,116.37999725341797,51297,0.0,0.0
2023-03-13 15:30:00-04:00,116.38999938964844,117.37000274658203,116.38999938964844,117.12999725341797,111770,0.0,0.0
2023-03-14 09:30:00-04:00,120.19000244140625,120.48999786376953,118.7699966430664,120.05000305175781,0,0.0,0.0
2023-03-14 10:30:00-04:00,119.87000274658203,120.66000366210938,119.75,120.3499984741211,32578,0.0,0.0
2023-03-14 11:30:00-04:00,120.35549926757812,120.4000015258789,119.27999877929688,119.31500244140625,32110,0.0,0.0
2023-03-14 12:30:00-04:00,119.31999969482422,119.31999969482422,117.83000183105469,118.05000305175781,37530,0.0,0.0
2023-03-14 13:30:00-04:00,117.98999786376953,118.31999969482422,117.3499984741211,117.69999694824219,36899,0.0,0.0
2023-03-14 14:30:00-04:00,117.69000244140625,117.91000366210938,116.97000122070312,117.41500091552734,45276,0.0,0.0
2023-03-14 15:30:00-04:00,117.44999694824219,118.96900177001953,117.41999816894531,118.91999816894531,74317,0.0,0.0
2023-03-15 09:30:00-04:00,116.68000030517578,117.7699966430664,115.7699966430664,115.79000091552734,37057,0.0,0.0
2023-03-15 10:30:00-04:00,115.9000015258789,116.70500183105469,115.4800033569336,116.22000122070312,31649,0.0,0.0
2023-03-15 11:30:00-04:00,116.12000274658203,116.30999755859375,113.83000183105469,114.04499816894531,43288,0.0,0.0
2023-03-15 12:30:00-04:00,114.04499816894531,115.1449966430664,113.86000061035156,115.0999984741211,29622,0.0,0.0
2023-03-15 13:30:00-04:00,115.0250015258789,116.23999786376953,114.63500213623047,115.97000122070312,25964,0.0,0.0
2023-03-15 14:30:00-04:00,116.06999969482422,116.1500015258789,115.2300033569336,115.83499908447266,30762,0.0,0.0
2023-03-15 15:30:00-04:00,115.83999633789062,117.01000213623047,115.6500015258789,117.01000213623047,89579,0.0,0.0
2023-03-16 09:30:00-04:00,116.16999816894531,116.52999877929688,115.58000183105469,115.88999938964844,20126,0.0,0.0
2023-03-16 10:30:00-04:00,115.9800033569336,117.94999694824219,115.93000030517578,117.7300033569336,22665,0.0,0.0
2023-03-16 11:30:00-04:00,117.73500061035156,118.47000122070312,117.62000274658203,118.33000183105469,21882,0.0,0.0
2023-03-16 12:30:00-04:00,118.12000274658203,119.18000030517578,118.08000183105469,119.08000183105469,14935,0.0,0.0
2023-03-16 13:30:00-04:00,119.20570373535156,119.20570373535156,118.3499984741211,118.94999694824219,33151,0.0,0.0
2023-03-16 14:30:00-04:00,118.8499984741211,119.66000366210938,118.8499984741211,119.56999969482422,32643,0.0,0.0
2023-03-16 15:30:00-04:00,119.58000183105469,119.61260223388672,118.80000305175781,119.01000213623047,75640,0.0,0.0
2023-03-17 09:30:00-04:00,118.69000244140625,119.31999969482422,117.40499877929688,117.56999969482422,93748,0.0,0.0
2023-03-17 10:30:00-04:00,117.68000030517578,117.77999877929688,116.3949966430664,116.5250015258789,37007,0.0,0.0
2023-03-17 11:30:00-04:00,116.55999755859375,117.0199966430664,116.48500061035156,116.74500274658203,28938,0.0,0.0
2023-03-17 12:30:00-04:00,116.88999938964844,117.48999786376953,116.43499755859375,117.05000305175781,25386,0.0,0.0
2023-03-17 13:30:00-04:00,117.20999908447266,117.55000305175781,115.67500305175781,115.79499816894531,42233,0.0,0.0
2023-03-17 14:30:00-04:00,115.87999725341797,116.16999816894531,115.51000213623047,115.91000366210938,53173,0.0,0.0
2023-03-17 15:30:00-04:00,115.90499877929688,116.4000015258789,115.20999908447266,116.26000213623047,136402,0.0,0.0
2023-03-20 09:30:00-04:00,117.52999877929688,119.08000183105469,117.19000244140625,119.05000305175781,12999,0.0,0.0
2023-03-20 10:30:00-04:00,119.19000244140625,120.13999938964844,119.08000183105469,119.80000305175781,23308,0.0,0.0
2023-03-20 11:30:00-04:00,119.88500213623047,119.88999938964844,118.83000183105469,119.01000213623047,20720,0.0,0.0
2023-03-20 12:30:00-04:00,119.00499725341797,119.94000244140625,118.80000305175781,119.87999725341797,14441,0.0,0.0
2023-03-20 13:30:00-04:00,119.81999969482422,119.90679931640625,119.06999969482422,119.2699966430664,13748,0.0,0.0
2023-03-20 14:30:00-04:00,119.16000366210938,119.20999908447266,118.55000305175781,119.16000366210938,37663,0.0,0.0
2023-03-20 15:30:00-04:00,119.2300033569336,119.26499938964844,118.44999694824219,118.5199966430664,55979,0.0,0.0
2023-03-21 09:30:00-04:00,120.69999694824219,121.05000305175781,120.16000366210938,120.16000366210938,14464,0.0,0.0
2023-03-21 10:30:00-04:00,120.22000122070312,120.33000183105469,119.44499969482422,119.9000015258789,12659,0.0,0.0
2023-03-21 11:30:00-04:00,120.04900360107422,120.04900360107422,119.16000366210938,119.16000366210938,12478,0.0,0.0
2023-03-21 12:30:00-04:00,119.2699966430664,119.30000305175781,118.62999725341797,118.80000305175781,10238,0.0,0.0
2023-03-21 13:30:00-04:00,118.91999816894531,118.94999694824219,118.55000305175781,118.62999725341797,12567,0.0,0.0
2023-03-21 14:30:00-04:00,118.68000030517578,119.54000091552734,118.68000030517578,119.44999694824219,19193,0.0,0.0
2023-03-21 15:30:00-04:00,119.45999908447266,119.98999786376953,119.37999725341797,119.86000061035156,44141,0.0,0.0
2023-03-22 09:30:00-04:00,119.94999694824219,119.94999694824219,119.16000366210938,119.61000061035156,9685,0.0,0.0
2023-03-22 10:30:00-04:00,119.61000061035156,119.61000061035156,118.94000244140625,118.94000244140625,20311,0.0,0.0
2023-03-22 11:30:00-04:00,118.8499984741211,119.1449966430664,118.7699966430664,119.1449966430664,12430,0.0,0.0
2023-03-22 12:30:00-04:00,119.22000122070312,119.22000122070312,118.71499633789062,118.8499984741211,9903,0.0,0.0
2023-03-22 13:30:00-04:00,118.93499755859375,120.0,118.91999816894531,119.23999786376953,16706,0.0,0.0
2023-03-22 14:30:00-04:00,119.05000305175781,119.91000366210938,117.81999969482422,118.45999908447266,30674,0.0,0.0
2023-03-22 15:30:00-04:00,118.5999984741211,118.5999984741211,116.37000274658203,116.37999725341797,57260,0.0,0.0
2023-03-23 09:30:00-04:00,116.41000366210938,118.01499938964844,116.41000366210938,117.86000061035156,10595,0.0,0.0
2023-03-23 10:30:00-04:00,117.71649932861328,118.25,117.44000244140625,117.63999938964844,19453,0.0,0.0
2023-03-23 11:30:00-04:00,117.66999816894531,117.71499633789062,116.85009765625,116.94000244140625,14905,0.0,0.0
2023-03-23 12:30:00-04:00,116.68000030517578,116.73999786376953,115.44000244140625,115.46499633789062,19691,0.0,0.0
2023-03-23 13:30:00-04:00,115.4749984741211,115.66000366210938,114.55999755859375,114.55999755859375,20533,0.0,0.0
2023-03-23 14:30:00-04:00,114.6875,115.43000030517578,114.1500015258789,114.5,32723,0.0,0.0
2023-03-23 15:30:00-04:00,114.37999725341797,115.30000305175781,114.25,114.7300033569336,92941,0.0,0.0
2023-03-24 09:30:00-04:00,113.61000061035156,114.68000030517578,112.79000091552734,114.68000030517578,15833,0.0,0.0
2023-03-24 10:30:00-04:00,114.61000061035156,114.70999908447266,113.94000244140625,114.4000015258789,10152,0.0,0.0
2023-03-24 11:30:00-04:00,114.26000213623047,115.5199966430664,114.26000213623047,114.97000122070312,10394,0.0,0.0
2023-03-24 12:30:00-04:00,115.16999816894531,115.76499938964844,115.06999969482422,115.5,9686,0.0,0.0
2023-03-24 13:30:00-04:00,115.52999877929688,115.88999938964844,115.48999786376953,115.55000305175781,9863,0.0,0.0
2023-03-24 14:30:00-04:00,115.55999755859375,116.0999984741211,115.4113998413086,116.01000213623047,17129,0.0,0.0
2023-03-24 15:30:00-04:00,115.97000122070312,116.04000091552734,115.37000274658203,115.6500015258789,42395,0.0,0.0
2023-03-27 09:30:00-04:00,116.79000091552734,116.93000030517578,116.2699966430664,116.63999938964844,6693,0.0,0.0
2023-03-27 10:30:00-04:00,116.56999969482422,117.2249984741211,116.47000122070312,117.2249984741211,9208,0.0,0.0
2023-03-27 11:30:00-04:00,117.21499633789062,117.30460357666016,116.81999969482422,116.81999969482422,12758,0.0,0.0
2023-03-27 12:30:00-04:00,116.9000015258789,117.37999725341797,116.77999877929688,117.23999786376953,14576,0.0,0.0
2023-03-27 13:30:00-04:00,117.36000061035156,117.62000274658203,116.94999694824219,117.15499877929688,20684,0.0,0.0
2023-03-27 14:30:00-04:00,117.19000244140625,117.7300033569336,117.19000244140625,117.7300033569336,10505,0.0,0.0
2023-03-27 15:30:00-04:00,117.66000366210938,117.6675033569336,117.01499938964844,117.2300033569336,39757,0.0,0.0
2023-03-28 09:30:00-04:00,116.83000183105469,118.47000122070312,116.83000183105469,117.6500015258789,9004,0.0,0.0
2023-03-28 10:30:00-04:00,117.80000305175781,117.93000030517578,117.63999938964844,117.93000030517578,7258,0.0,0.0
2023-03-28 11:30:00-04:00,117.94000244140625,118.06999969482422,117.7300033569336,117.94499969482422,10003,0.0,0.0
2023-03-28 12:30:00-04:00,117.91999816894531,118.01000213623047,117.26000213623047,117.30000305175781,6789,0.0,0.0
2023-03-28 13:30:00-04:00,117.26000213623047,117.26000213623047,116.97000122070312,117.0199966430664,7788,0.0,0.0
2023-03-28 14:30:00-04:00,116.92500305175781,117.25,116.86000061035156,116.87999725341797,10022,0.0,0.0
2023-03-28 15:30:00-04:00,116.93000030517578,117.44999694824219,116.93000030517578,117.3499984741211,26167,0.0,0.0
2023-03-29 09:30:00-04:00,118.05000305175781,118.83999633789062,117.63999938964844,118.37000274658203,10501,0.0,0.0
2023-03-29 10:30:00-04:00,118.36000061035156,118.51000213623047,117.5199966430664,117.61000061035156,6881,0.0,0.0
2023-03-29 11:30:00-04:00,117.5999984741211,117.79000091552734,117.58000183105469,117.73999786376953,7033,0.0,0.0
2023-03-29 12:30:00-04:00,117.70999908447266,117.76499938964844,117.5,117.70999908447266,4688,0.0,0.0
2023-03-29 13:30:00-04:00,117.54000091552734,117.55999755859375,117.25,117.44000244140625,12697,0.0,0.0
2023-03-29 14:30:00-04:00,117.38999938964844,118.08000183105469,117.19999694824219,118.08000183105469,21964,0.0,0.0
2023-03-29 15:30:00-04:00,118.05000305175781,118.375,117.91999816894531,117.94000244140625,29449,0.0,0.0
2023-03-30 09:30:00-04:00,118.77999877929688,119.4000015258789,118.0,118.87000274658203,23540,0.0,0.0
2023-03-30 10:30:00-04:00,118.69999694824219,118.86000061035156,118.27999877929688,118.75350189208984,15509,0.0,0.0
2023-03-30 11:30:00-04:00,118.54000091552734,118.7699966430664,118.33000183105469,118.7699966430664,11026,0.0,0.0
2023-03-30 12:30:00-04:00,118.55999755859375,118.70999908447266,118.44580078125,118.45999908447266,9047,0.0,0.0
2023-03-30 13:30:00-04:00,118.36000061035156,118.69000244140625,118.22000122070312,118.52999877929688,12900,0.0,0.0
2023-03-30 14:30:00-04:00,118.50499725341797,118.58000183105469,118.22000122070312,118.4000015258789,18680,0.0,0.0
2023-03-30 15:30:00-04:00,118.41500091552734,118.69000244140625,118.33000183105469,118.69000244140625,32355,0.0,0.0
2023-03-31 09:30:00-04:00,119.86000061035156,120.62999725341797,119.18000030517578,119.98999786376953,16392,0.0,0.0
2023-03-31 10:30:00-04:00,120.0,121.11000061035156,119.79000091552734,121.0199966430664,16573,0.0,0.0
2023-03-31 11:30:00-04:00,120.83999633789062,121.0,120.63500213623047,120.93000030517578,8640,0.0,0.0
2023-03-31 12:30:00-04:00,120.83000183105469,120.93000030517578,120.41000366210938,120.80999755859375,14785,0.0,0.0
2023-03-31 13:30:00-04:00,120.67500305175781,121.01000213623047,120.5,120.83000183105469,19006,0.0,0.0
2023-03-31 14:30:00-04:00,120.7750015258789,121.3499984741211,120.62000274658203,121.3499984741211,16298,0.0,0.0
2023-03-31 15:30:00-04:00,121.33999633789062,121.72000122070312,120.91999816894531,121.5199966430664,69960,0.0,0.0
2023-04-03 09:30:00-04:00,121.0,121.3499984741211,120.0199966430664,121.3499984741211,11886,0.0,0.0
2023-04-03 10:30:00-04:00,121.2699966430664,121.2699966430664,119.81999969482422,119.81999969482422,11776,0.0,0.0
2023-04-03 11:30:00-04:00,119.95999908447266,120.31189727783203,119.75,120.0999984741211,10246,0.0,0.0
2023-04-03 12:30:00-04:00,120.13999938964844,120.55999755859375,120.12999725341797,120.55000305175781,7429,0.0,0.0
2023-04-03 13:30:00-04:00,120.31500244140625,120.31500244140625,119.96499633789062,120.19999694824219,8870,0.0,0.0
2023-04-03 14:30:00-04:00,120.1500015258789,120.88999938964844,120.12999725341797,120.88999938964844,18142,0.0,0.0
2023-04-03 15:30:00-04:00,120.91999816894531,121.1500015258789,120.72000122070312,121.12000274658203,25039,0.0,0.0
2023-04-04 09:30:00-04:00,121.63999938964844,121.63999938964844,119.7300033569336,120.34500122070312,8144,0.0,0.0
2023-04-04 10:30:00-04:00,120.2699966430664,120.3499984741211,119.46499633789062,119.46499633789062,18729,0.0,0.0
2023-04-04 11:30:00-04:00,119.68350219726562,119.93000030517578,119.01000213623047,119.16999816894531,19890,0.0,0.0
2023-04-04 12:30:00-04:00,119.1500015258789,119.55000305175781,119.02999877929688,119.4800033569336,10239,0.0,0.0
2023-04-04 13:30:00-04:00,119.29000091552734,119.37999725341797,118.5999984741211,118.5999984741211,10932,0.0,0.0
2023-04-04 14:30:00-04:00,118.46499633789062,118.8499984741211,118.41999816894531,118.80000305175781,14235,0.0,0.0
2023-04-04 15:30:00-04:00,118.80000305175781,119.22000122070312,118.76000213623047,119.05999755859375,43428,0.0,0.0
2023-04-05 09:30:00-04:00,117.94000244140625,119.1500015258789,117.94000244140625,119.13999938964844,8450,0.0,0.0
2023-04-05 10:30:00-04:00,119.375,119.44000244140625,118.55000305175781,118.55000305175781,36660,0.0,0.0
2023-04-05 11:30:00-04:00,118.63999938964844,119.06500244140625,118.63999938964844,118.80999755859375,15722,0.0,0.0
2023-04-05 12:30:00-04:00,118.80000305175781,118.9749984741211,118.62999725341797,118.87000274658203,10214,0.0,0.0
2023-04-05 13:30:00-04:00,119.0199966430664,119.375,118.7300033569336,119.08000183105469,13921,0.0,0.0
2023-04-05 14:30:00-04:00,119.12000274658203,119.36499786376953,118.94000244140625,119.0199966430664,12302,0.0,0.0
2023-04-05 15:30:00-04:00,119.05999755859375,119.41999816894531,119.01000213623047,119.38999938964844,44950,0.0,0.0
2023-04-06 09:30:00-04:00,119.5999984741211,119.5999984741211,118.91000366210938,119.20999908447266,11367,0.0,0.0
2023-04-06 10:30:00-04:00,119.23500061035156,120.48999786376953,119.16999816894531,119.98500061035156,46249,0.0,0.0
2023-04-06 11:30:00-04:00,119.9800033569336,120.5250015258789,119.81999969482422,120.20999908447266,23608,0.0,0.0
2023-04-06 12:30:00-04:00,120.33999633789062,121.02999877929688,120.33999633789062,120.94999694824219,15275,0.0,0.0
2023-04-06 13:30:00-04:00,120.94999694824219,121.07499694824219,120.16500091552734,120.4800033569336,17188,0.0,0.0
2023-04-06 14:30:00-04:00,120.50499725341797,121.03500366210938,120.0999984741211,120.51000213623047,107038,0.0,0.0
2023-04-06 15:30:00-04:00,120.51000213623047,120.79499816894531,120.37000274658203,120.63999938964844,56999,0.0,0.0
2023-04-10 09:30:00-04:00,120.0999984741211,122.48999786376953,120.0999984741211,122.03500366210938,19232,0.0,0.0
2023-04-10 10:30:00-04:00,122.17500305175781,122.73999786376953,121.75630187988281,122.0999984741211,20588,0.0,0.0
2023-04-10 11:30:00-04:00,122.19999694824219,122.25,121.55000305175781,122.01499938964844,16779,0.0,0.0
2023-04-10 12:30:00-04:00,121.9000015258789,122.5,121.9000015258789,122.25,11163,0.0,0.0
2023-04-10 13:30:00-04:00,122.26499938964844,122.33999633789062,121.87000274658203,122.1500015258789,12484,0.0,0.0
2023-04-10 14:30:00-04:00,122.22000122070312,122.36000061035156,121.69000244140625,121.69999694824219,20673,0.0,0.0
2023-04-10 15:30:00-04:00,121.83999633789062,122.06999969482422,121.6500015258789,121.75,62154,0.0,0.0
2023-04-11 09:30:00-04:00,122.25,122.58000183105469,122.08999633789062,122.08999633789062,10219,0.0,0.0
2023-04-11 10:30:00-04:00,122.13999938964844,122.20500183105469,121.41000366210938,121.55999755859375,16093,0.0,0.0
2023-04-11 11:30:00-04:00,121.51000213623047,122.13999938964844,121.43000030517578,122.01000213623047,11714,0.0,0.0
2023-04-11 12:30:00-04:00,121.86000061035156,122.0,121.48999786376953,121.49500274658203,12693,0.0,0.0
2023-04-11 13:30:00-04:00,121.52999877929688,122.01000213623047,121.5,121.91000366210938,23040,0.0,0.0
2023-04-11 14:30:00-04:00,121.98090362548828,122.18000030517578,121.55000305175781,121.625,14603,0.0,0.0
2023-04-11 15:30:00-04:00,121.6449966430664,121.7300033569336,121.47000122070312,121.68000030517578,43696,0.0,0.0
2023-04-12 09:30:00-04:00,122.44000244140625,122.94000244140625,122.0,122.62000274658203,13682,0.0,0.0
2023-04-12 10:30:00-04:00,122.5199966430664,122.62999725341797,121.79000091552734,122.62999725341797,14708,0.0,0.0
2023-04-12 11:30:00-04:00,122.70999908447266,122.94999694824219,122.58000183105469,122.87000274658203,15192,0.0,0.0
2023-04-12 12:30:00-04:00,122.6500015258789,123.77999877929688,122.48999786376953,123.77999877929688,19491,0.0,0.0
2023-04-12 13:30:00-04:00,123.83999633789062,124.23999786376953,123.44499969482422,123.56999969482422,32961,0.0,0.0
2023-04-12 14:30:00-04:00,123.51000213623047,123.6500015258789,122.87000274658203,122.87000274658203,26442,0.0,0.0
2023-04-12 15:30:00-04:00,122.86000061035156,123.22000122070312,122.41000366210938,122.43000030517578,52520,0.0,0.0
2023-04-13 09:30:00-04:00,123.1500015258789,123.5199966430664,122.20999908447266,122.36499786376953,9663,0.0,0.0
2023-04-13 10:30:00-04:00,122.1500015258789,122.7750015258789,122.13999938964844,122.7750015258789,11352,0.0,0.0
2023-04-13 11:30:00-04:00,122.7750015258789,123.11000061035156,122.62000274658203,122.94999694824219,9107,0.0,0.0
2023-04-13 12:30:00-04:00,122.94999694824219,123.54000091552734,122.94999694824219,123.33999633789062,8060,0.0,0.0
2023-04-13 13:30:00-04:00,123.33999633789062,123.81999969482422,123.20999908447266,123.80999755859375,9403,0.0,0.0
2023-04-13 14:30:00-04:00,123.80999755859375,124.33499908447266,123.73999786376953,124.16000366210938,14391,0.0,0.0
2023-04-13 15:30:00-04:00,124.15499877929688,124.6500015258789,123.86000061035156,124.55999755859375,64280,0.0,0.0
2023-04-14 09:30:00-04:00,124.5199966430664,125.54000091552734,124.36499786376953,124.44000244140625,0,0.0,0.0
2023-04-14 10:30:00-04:00,124.6530990600586,124.6530990600586,123.61000061035156,123.91000366210938,8674,0.0,0.0
2023-04-14 11:30:00-04:00,123.80000305175781,123.87000274658203,123.47000122070312,123.5999984741211,7978,0.0,0.0
2023-04-14 12:30:00-04:00,123.6500015258789,123.75499725341797,123.16999816894531,123.16999816894531,37890,0.0,0.0
2023-04-14 13:30:00-04:00,122.93000030517578,123.5,122.83000183105469,123.37000274658203,7645,0.0,0.0
2023-04-14 14:30:00-04:00,123.5,123.81999969482422,123.0250015258789,123.45999908447266,11685,0.0,0.0
2023-04-14 15:30:00-04:00,123.33999633789062,123.72000122070312,123.33999633789062,123.5199966430664,24805,0.0,0.0
2023-04-17 09:30:00-04:00,123.93000030517578,124.5999984741211,123.3499984741211,124.38500213623047,22868,0.0,0.0
2023-04-17 10:30:00-04:00,124.19499969482422,124.69000244140625,123.91000366210938,124.56999969482422,12499,0.0,0.0
2023-04-17 11:30:00-04:00,124.37999725341797,124.57499694824219,124.20999908447266,124.54000091552734,14134,0.0,0.0
2023-04-17 12:30:00-04:00,124.45999908447266,125.55000305175781,124.37000274658203,125.3550033569336,16206,0.0,0.0
2023-04-17 13:30:00-04:00,125.44999694824219,125.44999694824219,125.07499694824219,125.31999969482422,18143,0.0,0.0
2023-04-17 14:30:00-04:00,125.37000274658203,126.47000122070312,125.37000274658203,126.37000274658203,41781,0.0,0.0
2023-04-17 15:30:00-04:00,126.34249877929688,127.05000305175781,126.23999786376953,126.95999908447266,62442,0.0,0.0
2023-04-18 09:30:00-04:00,127.12999725341797,128.05999755859375,126.66500091552734,126.66500091552734,17762,0.0,0.0
2023-04-18 10:30:00-04:00,126.36000061035156,126.44000244140625,125.44000244140625,125.87660217285156,15353,0.0,0.0
2023-04-18 11:30:00-04:00,125.94709777832031,126.43000030517578,125.72000122070312,126.43000030517578,19582,0.0,0.0
2023-04-18 12:30:00-04:00,126.44999694824219,126.6500015258789,126.18000030517578,126.6500015258789,12382,0.0,0.0
2023-04-18 13:30:00-04:00,126.66999816894531,127.0199966430664,126.51000213623047,127.00499725341797,21316,0.0,0.0
2023-04-18 14:30:00-04:00,126.95999908447266,127.12000274658203,126.52999877929688,126.87000274658203,65851,0.0,0.0
2023-04-18 15:30:00-04:00,126.875,128.1199951171875,126.80000305175781,127.95999908447266,77393,0.0,0.0
2023-04-19 09:30:00-04:00,127.62999725341797,128.9600067138672,127.62999725341797,128.2899932861328,25151,0.0,0.0
2023-04-19 10:30:00-04:00,128.1699981689453,128.50999450683594,127.47000122070312,127.5,21186,0.0,0.0
2023-04-19 11:30:00-04:00,127.47000122070312,127.88999938964844,127.37000274658203,127.59089660644531,19762,0.0,0.0
2023-04-19 12:30:00-04:00,127.69999694824219,128.16000366210938,127.62000274658203,127.94999694824219,17176,0.0,0.0
2023-04-19 13:30:00-04:00,128.11000061035156,128.3800048828125,127.95010375976562,128.25999450683594,13172,0.0,0.0
2023-04-19 14:30:00-04:00,128.1385040283203,128.22000122070312,127.80999755859375,127.80999755859375,23031,0.0,0.0
2023-04-19 15:30:00-04:00,127.7300033569336,127.91999816894531,127.25499725341797,127.75,101895,0.0,0.0
2023-04-20 09:30:00-04:00,126.5999984741211,127.06999969482422,125.7947006225586,127.06999969482422,14340,0.0,0.0
2023-04-20 10:30:00-04:00,127.3499984741211,127.4000015258789,126.98999786376953,127.1500015258789,16636,0.0,0.0
2023-04-20 11:30:00-04:00,126.94999694824219,127.36000061035156,126.8499984741211,127.2249984741211,13040,0.0,0.0
2023-04-20 12:30:00-04:00,127.29000091552734,128.11000061035156,127.29000091552734,128.11000061035156,9706,0.0,0.0
2023-04-20 13:30:00-04:00,128.1300048828125,128.1699981689453,127.66000366210938,127.75,16748,0.0,0.0
2023-04-20 14:30:00-04:00,127.70999908447266,128.07000732421875,127.62000274658203,127.91999816894531,82509,0.0,0.0
2023-04-20 15:30:00-04:00,127.95999908447266,128.80999755859375,127.95999908447266,128.47999572753906,55114,0.0,0.0
2023-04-21 09:30:00-04:00,129.0500030517578,129.92999267578125,129.0500030517578,129.39999389648438,0,0.0,0.0
2023-04-21 10:30:00-04:00,129.3800048828125,129.4600067138672,128.6999969482422,128.99000549316406,20491,0.0,0.0
2023-04-21 11:30:00-04:00,129.1999969482422,130.1699981689453,128.93499755859375,129.9149932861328,135234,0.0,0.0
2023-04-21 12:30:00-04:00,129.80499267578125,130.3699951171875,129.80499267578125,130.02000427246094,24791,0.0,0.0
2023-04-21 13:30:00-04:00,130.0500030517578,131.0850067138672,130.0500030517578,130.1699981689453,41816,0.0,0.0
2023-04-21 14:30:00-04:00,129.97500610351562,130.08999633789062,129.50999450683594,129.6300048828125,60037,0.0,0.0
2023-04-21 15:30:00-04:00,129.67999267578125,129.9600067138672,129.6300048828125,129.66000366210938,78431,0.0,0.0
2023-04-24 09:30:00-04:00,127.37999725341797,127.47000122070312,126.4000015258789,126.73999786376953,143990,0.0,0.0
2023-04-24 10:30:00-04:00,126.23500061035156,126.23500061035156,121.37999725341797,121.37999725341797,96264,0.0,0.0
2023-04-24 11:30:00-04:00,121.33499908447266,121.7699966430664,119.19999694824219,120.69000244140625,95560,0.0,0.0
2023-04-24 12:30:00-04:00,120.65499877929688,121.66000366210938,120.65499877929688,121.47000122070312,59437,0.0,0.0
2023-04-24 13:30:00-04:00,121.4800033569336,122.44000244140625,121.4800033569336,122.05000305175781,45428,0.0,0.0
2023-04-24 14:30:00-04:00,122.01000213623047,123.11000061035156,121.73999786376953,122.5199966430664,84830,0.0,0.0
2023-04-24 15:30:00-04:00,122.53500366210938,122.83999633789062,122.44000244140625,122.72000122070312,102014,0.0,0.0
2023-04-25 09:30:00-04:00,121.5999984741211,122.2300033569336,120.9800033569336,121.91999816894531,28057,0.0,0.0
2023-04-25 10:30:00-04:00,122.04000091552734,122.38500213623047,121.62999725341797,122.1500015258789,31984,0.0,0.0
2023-04-25 11:30:00-04:00,122.2300033569336,122.2300033569336,121.41000366210938,121.41000366210938,22928,0.0,0.0
2023-04-25 12:30:00-04:00,121.29000091552734,121.38999938964844,120.38999938964844,120.4800033569336,57595,0.0,0.0
2023-04-25 13:30:00-04:00,120.55999755859375,120.68000030517578,120.20999908447266,120.54000091552734,26760,0.0,0.0
2023-04-25 14:30:00-04:00,120.49500274658203,120.66999816894531,119.62000274658203,119.62000274658203,90398,0.0,0.0
2023-04-25 15:30:00-04:00,119.69999694824219,120.26000213623047,119.66000366210938,120.0999984741211,100500,0.0,0.0
2023-04-26 09:30:00-04:00,118.0,119.98999786376953,116.38999938964844,118.52999877929688,90633,0.0,0.0
2023-04-26 10:30:00-04:00,119.02999877929688,120.33999633789062,118.22000122070312,118.93499755859375,28233,0.0,0.0
2023-04-26 11:30:00-04:00,119.12000274658203,120.18000030517578,118.69999694824219,120.0999984741211,43704,0.0,0.0
2023-04-26 12:30:00-04:00,120.23999786376953,120.56999969482422,119.16000366210938,119.3499984741211,70110,0.0,0.0
2023-04-26 13:30:00-04:00,119.46499633789062,120.41000366210938,119.12000274658203,120.25,34481,0.0,0.0
2023-04-26 14:30:00-04:00,120.43499755859375,120.43499755859375,119.62000274658203,120.20500183105469,78157,0.0,0.0
2023-04-26 15:30:00-04:00,120.21499633789062,120.30999755859375,119.72000122070312,119.72000122070312,130262,0.0,0.0
2023-04-27 09:30:00-04:00,120.16000366210938,121.84649658203125,119.12000274658203,120.37000274658203,35727,0.0,0.0
2023-04-27 10:30:00-04:00,120.26000213623047,120.66999816894531,119.94000244140625,120.61499786376953,37839,0.0,0.0
2023-04-27 11:30:00-04:00,120.70999908447266,121.54000091552734,120.41000366210938,121.54000091552734,24548,0.0,0.0
2023-04-27 12:30:00-04:00,121.53500366210938,121.66000366210938,120.86000061035156,120.86000061035156,34454,0.0,0.0
2023-04-27 13:30:00-04:00,120.98999786376953,122.68000030517578,120.94999694824219,121.94000244140625,37014,0.0,0.0
2023-04-27 14:30:00-04:00,121.95999908447266,122.7300033569336,121.93000030517578,122.45500183105469,45820,0.0,0.0
2023-04-27 15:30:00-04:00,122.45249938964844,122.45999908447266,121.8499984741211,121.98999786376953,98208,0.0,0.0
2023-04-28 09:30:00-04:00,121.30999755859375,123.30000305175781,121.30999755859375,122.90499877929688,24577,0.0,0.0
2023-04-28 10:30:00-04:00,122.81999969482422,123.22000122070312,122.08999633789062,122.51000213623047,43186,0.0,0.0
2023-04-28 11:30:00-04:00,122.19999694824219,122.69000244140625,122.19999694824219,122.37000274658203,32992,0.0,0.0
2023-04-28 12:30:00-04:00,122.38500213623047,122.63999938964844,122.38500213623047,122.4800033569336,34412,0.0,0.0
2023-04-28 13:30:00-04:00,122.54000091552734,122.72000122070312,122.23999786376953,122.46499633789062,28410,0.0,0.0
2023-04-28 14:30:00-04:00,122.54000091552734,122.58499908447266,122.02999877929688,122.07499694824219,73419,0.0,0.0
2023-04-28 15:30:00-04:00,122.16000366210938,122.62999725341797,122.11000061035156,122.51000213623047,75123,0.0,0.0
2023-05-01 09:30:00-04:00,122.1500015258789,124.7699966430664,121.5999984741211,124.58000183105469,24148,0.0,0.0
2023-05-01 10:30:00-04:00,124.58499908447266,125.02999877929688,124.11000061035156,124.25,16843,0.0,0.0
2023-05-01 11:30:00-04:00,124.19000244140625,124.66999816894531,124.16999816894531,124.37000274658203,23432,0.0,0.0
2023-05-01 12:30:00-04:00,124.30000305175781,124.45999908447266,123.69499969482422,123.7699966430664,11951,0.0,0.0
2023-05-01 13:30:00-04:00,123.7750015258789,123.94000244140625,123.04000091552734,123.05500030517578,15429,0.0,0.0
2023-05-01 14:30:00-04:00,123.02999877929688,123.08000183105469,122.58000183105469,123.05000305175781,41596,0.0,0.0
2023-05-01 15:30:00-04:00,123.04000091552734,123.3499984741211,122.7300033569336,122.91000366210938,44226,0.0,0.0
2023-05-02 09:30:00-04:00,121.91000366210938,122.41000366210938,120.05999755859375,120.05999755859375,32265,0.0,0.0
2023-05-02 10:30:00-04:00,120.01499938964844,120.05000305175781,118.43000030517578,118.43000030517578,20768,0.0,0.0
2023-05-02 11:30:00-04:00,118.77999877929688,119.2699966430664,118.69999694824219,119.2699966430664,12589,0.0,0.0
2023-05-02 12:30:00-04:00,119.33999633789062,119.72000122070312,118.97000122070312,119.56999969482422,19156,0.0,0.0
2023-05-02 13:30:00-04:00,119.62999725341797,120.25,119.49469757080078,120.03500366210938,19384,0.0,0.0
2023-05-02 14:30:00-04:00,120.03500366210938,120.54000091552734,119.86000061035156,120.25,34150,0.0,0.0
2023-05-02 15:30:00-04:00,120.33999633789062,120.58899688720703,120.09500122070312,120.48999786376953,55192,0.0,0.0
2023-05-03 09:30:00-04:00,121.48999786376953,122.2300033569336,121.1093978881836,121.72360229492188,13069,0.0,0.0
2023-05-03 10:30:00-04:00,121.73600006103516,121.83000183105469,120.69999694824219,121.79000091552734,20387,0.0,0.0
2023-05-03 11:30:00-04:00,121.73999786376953,122.41000366210938,121.41000366210938,121.88999938964844,17520,0.0,0.0
2023-05-03 12:30:00-04:00,122.0,122.0199966430664,121.62000274658203,122.0199966430664,16061,0.0,0.0
2023-05-03 13:30:00-04:00,122.12999725341797,123.16999816894531,121.94999694824219,122.94999694824219,38596,0.0,0.0
2023-05-03 14:30:00-04:00,123.0199966430664,123.45999908447266,121.80000305175781,122.01000213623047,72819,0.0,0.0
2023-05-03 15:30:00-04:00,121.69000244140625,121.83999633789062,121.16999816894531,121.51000213623047,77649,0.0,0.0
2023-05-04 09:30:00-04:00,120.58000183105469,122.08999633789062,117.49980163574219,117.55999755859375,16872,0.0,0.0
2023-05-04 10:30:00-04:00,117.55000305175781,118.5,117.43000030517578,117.90750122070312,22698,0.0,0.0
2023-05-04 11:30:00-04:00,118.11000061035156,118.41000366210938,117.87999725341797,118.30999755859375,24185,0.0,0.0
2023-05-04 12:30:00-04:00,118.41999816894531,119.11000061035156,118.20999908447266,118.95999908447266,10248,0.0,0.0
2023-05-04 13:30:00-04:00,118.83000183105469,118.9124984741211,118.37999725341797,118.37999725341797,15305,0.0,0.0
2023-05-04 14:30:00-04:00,118.19999694824219,118.19999694824219,117.20999908447266,117.38999938964844,69025,0.0,0.0
2023-05-04 15:30:00-04:00,117.36499786376953,117.5,117.11000061035156,117.43000030517578,103954,0.0,0.0
2023-05-05 09:30:00-04:00,118.33999633789062,119.76000213623047,118.08000183105469,118.95999908447266,0,0.0,0.0
2023-05-05 10:30:00-04:00,119.0999984741211,119.13999938964844,117.77999877929688,117.83999633789062,31023,0.0,0.0
2023-05-05 11:30:00-04:00,117.94999694824219,118.45500183105469,117.63999938964844,118.26000213623047,37283,0.0,0.0
2023-05-05 12:30:00-04:00,118.0083999633789,118.37000274658203,117.80000305175781,118.28500366210938,17442,0.0,0.0
2023-05-05 13:30:00-04:00,118.26000213623047,118.69999694824219,118.19000244140625,118.31999969482422,14564,0.0,0.0
2023-05-05 14:30:00-04:00,118.48999786376953,118.77999877929688,118.08000183105469,118.2300033569336,21138,0.0,0.0
2023-05-05 15:30:00-04:00,118.19999694824219,118.6500015258789,117.66000366210938,117.86000061035156,72866,0.0,0.0
2023-05-08 09:30:00-04:00,117.66999816894531,118.41000366210938,116.79000091552734,117.25,8193,0.0,0.0
2023-05-08 10:30:00-04:00,117.04000091552734,117.4800033569336,116.94999694824219,117.1050033569336,8982,0.0,0.0
2023-05-08 11:30:00-04:00,117.09020233154297,117.22000122070312,116.59709930419922,116.59709930419922,7618,0.0,0.0
2023-05-08 12:30:00-04:00,116.63500213623047,116.63999938964844,116.43000030517578,116.47000122070312,6469,0.0,0.0
2023-05-08 13:30:00-04:00,116.4800033569336,116.4800033569336,115.4800033569336,115.70500183105469,19022,0.0,0.0
2023-05-08 14:30:00-04:00,115.76000213623047,115.76000213623047,115.44999694824219,115.61499786376953,18798,0.0,0.0
2023-05-08 15:30:00-04:00,115.58000183105469,115.95999908447266,115.38999938964844,115.54000091552734,42727,0.0,0.0
2023-05-09 09:30:00-04:00,115.4000015258789,115.51000213623047,114.26499938964844,115.51000213623047,14712,0.0,0.0
2023-05-09 10:30:00-04:00,115.49500274658203,115.80999755859375,115.36000061035156,115.44000244140625,8258,0.0,0.0
2023-05-09 11:30:00-04:00,115.58000183105469,115.75520324707031,114.9000015258789,115.0999984741211,7875,0.0,0.0
2023-05-09 12:30:00-04:00,115.1500015258789,115.2249984741211,114.83999633789062,115.1050033569336,8706,0.0,0.0
2023-05-09 13:30:00-04:00,115.05000305175781,115.36000061035156,114.79000091552734,114.875,7378,0.0,0.0
2023-05-09 14:30:00-04:00,115.00879669189453,115.02999877929688,114.68000030517578,114.70999908447266,17147,0.0,0.0
2023-05-09 15:30:00-04:00,114.6500015258789,114.8949966430664,114.56999969482422,114.75,41670,0.0,0.0
2023-05-10 09:30:00-04:00,116.16000366210938,116.36000061035156,114.46499633789062,114.46499633789062,19100,0.0,0.0
2023-05-10 10:30:00-04:00,114.37999725341797,114.55999755859375,113.98999786376953,114.14749908447266,14350,0.0,0.0
2023-05-10 11:30:00-04:00,114.13500213623047,114.30999755859375,113.79000091552734,114.30999755859375,16472,0.0,0.0
2023-05-10 12:30:00-04:00,114.2699966430664,114.29000091552734,113.3550033569336,113.41999816894531,10620,0.0,0.0
2023-05-10 13:30:00-04:00,113.52999877929688,113.88749694824219,113.37000274658203,113.58000183105469,11880,0.0,0.0
2023-05-10 14:30:00-04:00,113.63999938964844,113.84500122070312,113.46499633789062,113.80999755859375,25938,0.0,0.0
2023-05-10 15:30:00-04:00,113.77999877929688,113.9800033569336,113.4800033569336,113.87000274658203,73197,0.0,0.0
2023-05-11 09:30:00-04:00,112.7300033569336,113.33999633789062,111.66000366210938,112.02999877929688,16075,0.0,0.0
2023-05-11 10:30:00-04:00,112.0,112.20999908447266,111.69000244140625,111.81999969482422,25876,0.0,0.0
2023-05-11 11:30:00-04:00,111.91000366210938,112.16000366210938,111.77999877929688,111.93000030517578,15788,0.0,0.0
2023-05-11 12:30:00-04:00,111.7699966430664,111.93000030517578,111.74500274658203,111.83999633789062,8159,0.0,0.0
2023-05-11 13:30:00-04:00,111.75,111.86000061035156,111.37000274658203,111.41999816894531,14876,0.0,0.0
2023-05-11 14:30:00-04:00,111.5,111.69499969482422,111.13500213623047,111.19000244140625,27178,0.0,0.0
2023-05-11 15:30:00-04:00,111.19000244140625,111.51000213623047,110.94000244140625,111.41999816894531,72319,0.0,0.0
2023-05-12 09:30:00-04:00,111.88999938964844,113.18499755859375,111.04000091552734,111.4800033569336,27960,0.0,0.0
2023-05-12 10:30:00-04:00,111.33000183105469,111.82710266113281,111.19999694824219,111.4822998046875,28167,0.0,0.0
2023-05-12 11:30:00-04:00,111.5,111.61499786376953,111.0199966430664,111.06999969482422,10706,0.0,0.0
2023-05-12 12:30:00-04:00,111.08999633789062,111.25,111.06999969482422,111.12000274658203,4782,0.0,0.0
2023-05-12 13:30:00-04:00,111.2468032836914,111.2468032836914,110.77999877929688,110.98999786376953,14471,0.0,0.0
2023-05-12 14:30:00-04:00,111.04000091552734,111.29000091552734,110.76000213623047,111.29000091552734,15622,0.0,0.0
2023-05-12 15:30:00-04:00,111.37000274658203,111.55000305175781,111.30999755859375,111.5,58025,0.0,0.0
2023-05-15 09:30:00-04:00,111.37000274658203,111.97000122070312,111.13999938964844,111.5199966430664,11836,0.0,0.0
2023-05-15 10:30:00-04:00,111.48159790039062,112.0199966430664,111.48159790039062,111.87000274658203,10008,0.0,0.0
2023-05-15 11:30:00-04:00,111.9000015258789,111.9000015258789,111.27999877929688,111.37000274658203,12637,0.0,0.0
2023-05-15 12:30:00-04:00,111.5,111.91999816894531,111.44000244140625,111.54499816894531,13643,0.0,0.0
2023-05-15 13:30:00-04:00,111.44999694824219,111.56999969482422,111.16000366210938,111.18000030517578,7554,0.0,0.0
2023-05-15 14:30:00-04:00,111.22000122070312,111.50499725341797,111.22000122070312,111.37000274658203,9633,0.0,0.0
2023-05-15 15:30:00-04:00,111.47000122070312,111.51000213623047,111.02999877929688,111.06999969482422,52533,0.0,0.0
2023-05-16 09:30:00-04:00,109.95999908447266,110.36000061035156,109.40499877929688,109.4800033569336,13621,0.0,0.0
2023-05-16 10:30:00-04:00,109.31500244140625,109.81999969482422,109.0999984741211,109.7699966430664,27550,0.0,0.0
2023-05-16 11:30:00-04:00,109.91000366210938,110.0199966430664,109.4000015258789,109.83999633789062,24138,0.0,0.0
2023-05-16 12:30:00-04:00,109.74500274658203,110.04000091552734,109.6500015258789,109.7699966430664,13088,0.0,0.0
2023-05-16 13:30:00-04:00,109.69999694824219,109.75,108.98999786376953,109.0,36042,0.0,0.0
2023-05-16 14:30:00-04:00,108.94000244140625,109.61000061035156,108.94000244140625,109.43000030517578,29400,0.0,0.0
2023-05-16 15:30:00-04:00,109.31999969482422,109.37000274658203,108.61000061035156,108.61000061035156,86319,0.0,0.0
2023-05-17 09:30:00-04:00,109.27999877929688,109.49500274658203,108.69000244140625,109.49500274658203,9264,0.0,0.0
2023-05-17 10:30:00-04:00,109.52999877929688,109.58499908447266,108.94999694824219,109.26000213623047,22796,0.0,0.0
2023-05-17 11:30:00-04:00,109.37000274658203,109.67620086669922,109.06999969482422,109.3499984741211,17705,0.0,0.0
2023-05-17 12:30:00-04:00,109.41999816894531,110.0999984741211,108.98999786376953,109.98999786376953,39482,0.0,0.0
2023-05-17 13:30:00-04:00,110.07499694824219,110.16999816894531,109.62999725341797,109.62999725341797,20113,0.0,0.0
2023-05-17 14:30:00-04:00,109.61000061035156,110.12000274658203,109.5824966430664,109.91000366210938,35311,0.0,0.0
2023-05-17 15:30:00-04:00,109.81999969482422,110.08999633789062,109.68499755859375,109.94999694824219,51446,0.0,0.0
2023-05-18 09:30:00-04:00,109.80000305175781,110.45999908447266,109.06500244140625,109.94000244140625,15911,0.0,0.0
2023-05-18 10:30:00-04:00,110.05000305175781,110.61000061035156,110.05000305175781,110.20999908447266,11367,0.0,0.0
2023-05-18 11:30:00-04:00,110.0999984741211,110.69999694824219,109.87000274658203,110.04000091552734,21915,0.0,0.0
2023-05-18 12:30:00-04:00,109.95999908447266,110.36000061035156,109.91000366210938,109.98500061035156,18261,0.0,0.0
2023-05-18 13:30:00-04:00,110.05999755859375,110.38999938964844,109.83000183105469,110.38999938964844,11080,0.0,0.0
2023-05-18 14:30:00-04:00,110.5199966430664,110.83000183105469,110.47000122070312,110.66999816894531,19750,0.0,0.0
2023-05-18 15:30:00-04:00,110.66999816894531,111.22000122070312,110.66000366210938,110.9000015258789,37542,0.0,0.0
2023-05-19 09:30:00-04:00,111.91999816894531,111.91999816894531,110.61830139160156,111.29499816894531,20416,0.0,0.0
2023-05-19 10:30:00-04:00,111.44999694824219,111.6500015258789,110.94000244140625,110.9749984741211,12045,0.0,0.0
2023-05-19 11:30:00-04:00,110.9749984741211,111.38999938964844,110.8499984741211,110.97000122070312,18958,0.0,0.0
2023-05-19 12:30:00-04:00,110.97000122070312,111.30999755859375,110.93499755859375,111.10559844970703,11112,0.0,0.0
2023-05-19 13:30:00-04:00,111.05999755859375,111.25,110.91500091552734,111.125,38772,0.0,0.0
2023-05-19 14:30:00-04:00,110.9800033569336,111.2699966430664,110.96499633789062,111.05999755859375,17661,0.0,0.0
2023-05-19 15:30:00-04:00,111.05999755859375,111.5,110.95999908447266,111.26000213623047,59744,0.0,0.0
2023-05-22 09:30:00-04:00,111.37000274658203,111.63999938964844,110.36000061035156,111.4000015258789,10705,0.0,0.0
2023-05-22 10:30:00-04:00,111.52999877929688,111.8499984741211,111.0199966430664,111.8499984741211,12944,0.0,0.0
2023-05-22 11:30:00-04:00,111.81500244140625,112.4000015258789,111.77999877929688,112.4000015258789,21221,0.0,0.0
2023-05-22 12:30:00-04:00,112.32499694824219,112.54000091552734,112.12999725341797,112.43499755859375,12549,0.0,0.0
2023-05-22 13:30:00-04:00,112.37000274658203,112.75,112.36000061035156,112.75,38715,0.0,0.0
2023-05-22 14:30:00-04:00,112.76000213623047,113.24500274658203,112.62000274658203,112.88999938964844,37410,0.0,0.0
2023-05-22 15:30:00-04:00,112.91999816894531,113.44000244140625,112.9000015258789,113.41999816894531,121914,0.0,0.0
2023-05-23 09:30:00-04:00,113.02999877929688,113.81500244140625,112.66500091552734,113.72000122070312,103929,0.0,0.0
2023-05-23 10:30:00-04:00,113.7699966430664,114.30999755859375,113.4000015258789,114.23999786376953,45042,0.0,0.0
2023-05-23 11:30:00-04:00,114.29000091552734,114.72000122070312,114.16999816894531,114.22000122070312,14904,0.0,0.0
2023-05-23 12:30:00-04:00,114.20999908447266,114.38999938964844,113.9800033569336,114.06999969482422,18398,0.0,0.0
2023-05-23 13:30:00-04:00,113.94999694824219,114.48999786376953,113.47000122070312,113.47000122070312,19726,0.0,0.0
2023-05-23 14:30:00-04:00,113.62000274658203,113.62999725341797,112.87000274658203,113.12999725341797,16848,0.0,0.0
2023-05-23 15:30:00-04:00,113.22000122070312,113.5,112.86000061035156,112.86000061035156,50131,0.0,0.0
2023-05-24 09:30:00-04:00,113.25,113.25,112.0999984741211,112.58000183105469,13203,0.0,0.0
2023-05-24 10:30:00-04:00,112.61499786376953,112.80000305175781,112.12000274658203,112.16000366210938,27090,0.0,0.0
2023-05-24 11:30:00-04:00,112.13999938964844,112.22000122070312,111.80999755859375,111.91999816894531,20601,0.0,0.0
2023-05-24 12:30:00-04:00,112.01000213623047,112.08499908447266,111.81999969482422,112.04000091552734,14456,0.0,0.0
2023-05-24 13:30:00-04:00,112.16999816894531,112.38999938964844,112.08499908447266,112.16999816894531,21823,0.0,0.0
2023-05-24 14:30:00-04:00,112.16999816894531,112.83999633789062,112.12000274658203,112.73500061035156,14056,0.0,0.0
2023-05-24 15:30:00-04:00,112.62000274658203,112.62000274658203,111.62000274658203,111.69999694824219,55065,0.0,0.0
2023-05-25 09:30:00-04:00,111.48999786376953,111.69000244140625,110.38500213623047,110.69999694824219,9176,0.0,0.0
2023-05-25 10:30:00-04:00,110.56999969482422,111.0999984741211,110.3499984741211,110.4800033569336,17900,0.0,0.0
2023-05-25 11:30:00-04:00,110.48999786376953,110.7300033569336,110.14579772949219,110.6500015258789,19459,0.0,0.0
2023-05-25 12:30:00-04:00,110.87999725341797,110.93000030517578,109.88999938964844,110.18000030517578,28241,0.0,0.0
2023-05-25 13:30:00-04:00,110.19999694824219,110.56999969482422,110.0999984741211,110.56999969482422,25168,0.0,0.0
2023-05-25 14:30:00-04:00,110.7699966430664,110.7699966430664,110.19999694824219,110.41999816894531,20387,0.0,0.0
2023-05-25 15:30:00-04:00,110.41999816894531,110.57980346679688,110.12999725341797,110.4800033569336,49577,0.0,0.0
2023-05-26 09:30:00-04:00,110.16999816894531,111.98999786376953,110.16999816894531,111.57499694824219,18821,0.0,0.0
2023-05-26 10:30:00-04:00,111.57499694824219,111.57499694824219,110.66999816894531,110.76000213623047,13507,0.0,0.0
2023-05-26 11:30:00-04:00,110.68000030517578,111.12999725341797,110.58999633789062,111.04000091552734,9771,0.0,0.0
2023-05-26 12:30:00-04:00,111.16000366210938,111.20999908447266,110.55999755859375,110.7300033569336,7908,0.0,0.0
2023-05-26 13:30:00-04:00,110.68000030517578,110.83999633789062,110.63999938964844,110.69000244140625,9923,0.0,0.0
2023-05-26 14:30:00-04:00,110.76000213623047,110.87000274658203,110.54499816894531,110.68000030517578,12592,0.0,0.0
2023-05-26 15:30:00-04:00,110.68000030517578,110.81999969482422,110.38999938964844,110.5,31046,0.0,0.0
2023-05-30 09:30:00-04:00,109.44999694824219,110.19000244140625,109.30000305175781,109.37000274658203,33632,0.0,0.0
2023-05-30 10:30:00-04:00,109.33000183105469,109.56999969482422,108.86499786376953,109.0999984741211,37044,0.0,0.0
2023-05-30 11:30:00-04:00,109.125,109.46499633789062,108.97000122070312,109.13999938964844,21847,0.0,0.0
2023-05-30 12:30:00-04:00,109.18000030517578,109.2249984741211,108.94999694824219,109.04499816894531,15811,0.0,0.0
2023-05-30 13:30:00-04:00,109.08000183105469,110.94999694824219,109.0,110.94999694824219,33317,0.0,0.0
2023-05-30 14:30:00-04:00,111.00499725341797,111.00499725341797,110.54000091552734,110.62999725341797,17326,0.0,0.0
2023-05-30 15:30:00-04:00,110.63999938964844,110.7300033569336,110.27999877929688,110.33999633789062,26571,0.0,0.0
2023-05-31 09:30:00-04:00,110.19999694824219,110.87000274658203,108.91999816894531,108.91999816894531,29872,0.0,0.0
2023-05-31 10:30:00-04:00,108.87000274658203,109.0374984741211,108.56500244140625,108.67500305175781,24487,0.0,0.0
2023-05-31 11:30:00-04:00,108.75,109.50499725341797,108.66000366210938,109.50499725341797,17239,0.0,0.0
2023-05-31 12:30:00-04:00,109.58999633789062,110.80999755859375,109.58499908447266,110.6500015258789,25238,0.0,0.0
2023-05-31 13:30:00-04:00,110.58499908447266,110.83999633789062,110.46499633789062,110.75,33296,0.0,0.0
2023-05-31 14:30:00-04:00,110.86000061035156,111.38500213623047,110.8499984741211,111.20999908447266,36107,0.0,0.0
2023-05-31 15:30:00-04:00,111.26499938964844,111.37000274658203,110.63999938964844,110.66000366210938,134681,0.0,0.0
2023-06-01 09:30:00-04:00,110.31999969482422,110.7699966430664,109.97000122070312,110.7699966430664,16511,0.0,0.0
2023-06-01 10:30:00-04:00,110.75499725341797,111.48500061035156,110.75499725341797,111.44000244140625,25979,0.0,0.0
2023-06-01 11:30:00-04:00,111.65499877929688,111.7750015258789,111.37999725341797,111.7300033569336,18510,0.0,0.0
2023-06-01 12:30:00-04:00,111.7699966430664,112.38999938964844,111.7699966430664,112.20999908447266,27508,0.0,0.0
2023-06-01 13:30:00-04:00,112.29000091552734,112.56999969482422,112.11499786376953,112.42500305175781,15865,0.0,0.0
2023-06-01 14:30:00-04:00,112.4800033569336,113.31999969482422,112.33999633789062,113.11499786376953,32982,0.0,0.0
2023-06-01 15:30:00-04:00,113.18000030517578,113.23500061035156,112.8499984741211,112.94999694824219,90444,0.0,0.0
2023-06-02 09:30:00-04:00,114.23999786376953,115.22000122070312,114.12000274658203,115.08999633789062,15023,0.0,0.0
2023-06-02 10:30:00-04:00,115.2083969116211,115.73999786376953,115.05000305175781,115.73999786376953,15113,0.0,0.0
2023-06-02 11:30:00-04:00,115.62999725341797,117.12999725341797,115.56999969482422,117.07029724121094,21277,0.0,0.0
2023-06-02 12:30:00-04:00,117.05999755859375,117.93000030517578,116.72000122070312,117.9000015258789,24307,0.0,0.0
2023-06-02 13:30:00-04:00,117.94000244140625,118.22000122070312,117.80999755859375,117.80999755859375,25496,0.0,0.0
2023-06-02 14:30:00-04:00,117.98999786376953,118.30999755859375,117.94999694824219,118.16000366210938,24028,0.0,0.0
2023-06-02 15:30:00-04:00,118.16000366210938,118.62999725341797,118.13999938964844,118.33000183105469,65958,0.0,0.0
2023-06-05 09:30:00-04:00,117.48999786376953,118.58499908447266,117.12999725341797,117.12999725341797,23437,0.0,0.0
2023-06-05 10:30:00-04:00,117.22350311279297,117.88999938964844,116.54000091552734,117.88999938964844,20214,0.0,0.0
2023-06-05 11:30:00-04:00,117.8949966430664,118.33000183105469,117.74500274658203,118.12000274658203,13443,0.0,0.0
2023-06-05 12:30:00-04:00,118.04000091552734,118.05000305175781,117.61499786376953,117.83999633789062,9481,0.0,0.0
2023-06-05 13:30:00-04:00,117.85690307617188,118.30999755859375,117.7300033569336,117.91000366210938,14862,0.0,0.0
2023-06-05 14:30:00-04:00,117.91999816894531,118.16000366210938,117.54000091552734,118.05999755859375,23817,0.0,0.0
2023-06-05 15:30:00-04:00,118.08000183105469,118.3499984741211,118.0199966430664,118.16999816894531,35630,0.0,0.0
2023-06-06 09:30:00-04:00,118.20999908447266,119.83000183105469,118.05999755859375,119.5199966430664,12222,0.0,0.0
2023-06-06 10:30:00-04:00,119.79000091552734,120.33999633789062,119.37000274658203,119.69999694824219,21365,0.0,0.0
2023-06-06 11:30:00-04:00,119.87999725341797,120.51499938964844,119.77999877929688,119.94999694824219,17033,0.0,0.0
2023-06-06 12:30:00-04:00,120.05000305175781,120.13999938964844,119.61000061035156,120.01000213623047,13507,0.0,0.0
2023-06-06 13:30:00-04:00,119.95999908447266,120.36000061035156,119.81999969482422,120.36000061035156,10905,0.0,0.0
2023-06-06 14:30:00-04:00,120.30999755859375,120.9800033569336,120.29000091552734,120.5999984741211,25268,0.0,0.0
2023-06-06 15:30:00-04:00,120.66999816894531,121.25,120.44000244140625,120.56999969482422,54546,0.0,0.0
2023-06-07 09:30:00-04:00,120.62999725341797,122.42500305175781,120.62999725341797,122.41999816894531,20453,0.0,0.0
2023-06-07 10:30:00-04:00,122.47000122070312,123.66000366210938,122.0199966430664,123.66000366210938,17961,0.0,0.0
2023-06-07 11:30:00-04:00,123.69999694824219,123.87999725341797,123.18000030517578,123.36000061035156,15798,0.0,0.0
2023-06-07 12:30:00-04:00,123.5,124.66999816894531,123.37000274658203,124.66999816894531,26058,0.0,0.0
2023-06-07 13:30:00-04:00,124.53500366210938,124.8499984741211,124.37000274658203,124.5199966430664,17218,0.0,0.0
2023-06-07 14:30:00-04:00,124.61000061035156,124.83999633789062,124.19999694824219,124.25,26350,0.0,0.0
2023-06-07 15:30:00-04:00,124.19000244140625,124.55500030517578,123.88999938964844,123.9800033569336,53728,0.0,0.0
2023-06-08 09:30:00-04:00,123.81999969482422,124.73999786376953,123.27999877929688,124.62999725341797,15711,0.0,0.0
2023-06-08 10:30:00-04:00,124.43000030517578,124.66000366210938,124.02999877929688,124.4749984741211,22987,0.0,0.0
2023-06-08 11:30:00-04:00,124.46499633789062,124.66999816894531,124.12000274658203,124.51499938964844,21876,0.0,0.0
2023-06-08 12:30:00-04:00,124.47000122070312,124.63999938964844,124.34010314941406,124.5999984741211,12875,0.0,0.0
2023-06-08 13:30:00-04:00,124.6050033569336,125.44000244140625,124.33999633789062,125.44000244140625,21155,0.0,0.0
2023-06-08 14:30:00-04:00,125.56999969482422,125.77999877929688,125.12999725341797,125.38999938964844,23456,0.0,0.0
2023-06-08 15:30:00-04:00,125.36000061035156,125.80000305175781,125.27860260009766,125.6500015258789,58681,0.0,0.0
2023-06-09 09:30:00-04:00,125.31999969482422,126.16999816894531,125.31999969482422,126.11750030517578,7889,0.0,0.0
2023-06-09 10:30:00-04:00,126.15499877929688,126.7300033569336,125.80000305175781,125.95999908447266,26821,0.0,0.0
2023-06-09 11:30:00-04:00,125.95999908447266,126.37000274658203,125.75,126.13999938964844,25777,0.0,0.0
2023-06-09 12:30:00-04:00,126.01000213623047,126.23999786376953,126.01000213623047,126.12000274658203,12445,0.0,0.0
2023-06-09 13:30:00-04:00,126.0999984741211,128.91000366210938,126.0999984741211,128.31500244140625,82488,0.0,0.0
2023-06-09 14:30:00-04:00,128.3249969482422,128.5399932861328,126.48999786376953,127.15499877929688,85454,0.0,0.0
2023-06-09 15:30:00-04:00,127.19999694824219,127.33000183105469,126.80500030517578,127.0,99937,0.0,0.0
2023-06-12 09:30:00-04:00,127.23999786376953,128.44000244140625,126.80000305175781,127.88999938964844,15718,0.0,0.0
2023-06-12 10:30:00-04:00,128.16000366210938,128.7100067138672,128.02000427246094,128.0449981689453,13281,0.0,0.0
2023-06-12 11:30:00-04:00,128.01499938964844,128.3350067138672,127.79000091552734,128.17999267578125,45638,0.0,0.0
2023-06-12 12:30:00-04:00,128.1999969482422,128.30999755859375,127.83999633789062,127.83999633789062,15551,0.0,0.0
2023-06-12 13:30:00-04:00,127.70999908447266,128.05499267578125,127.58000183105469,127.61000061035156,34215,0.0,0.0
2023-06-12 14:30:00-04:00,127.7300033569336,128.02499389648438,127.45999908447266,127.54000091552734,29125,0.0,0.0
2023-06-12 15:30:00-04:00,127.5250015258789,127.52999877929688,126.55999755859375,126.83000183105469,89581,0.0,0.0
2023-06-13 09:30:00-04:00,126.56999969482422,127.85990142822266,125.66629791259766,126.69000244140625,49045,0.0,0.0
2023-06-13 10:30:00-04:00,127.04000091552734,127.08209991455078,125.2699966430664,125.5199966430664,45990,0.0,0.0
2023-06-13 11:30:00-04:00,125.5250015258789,126.16999816894531,125.11000061035156,125.97000122070312,39304,0.0,0.0
2023-06-13 12:30:00-04:00,126.21499633789062,126.98999786376953,126.02999877929688,126.98999786376953,20213,0.0,0.0
2023-06-13 13:30:00-04:00,126.97000122070312,127.44000244140625,126.91000366210938,127.08499908447266,16072,0.0,0.0
2023-06-13 14:30:00-04:00,127.08499908447266,127.23999786376953,126.67500305175781,126.97000122070312,42463,0.0,0.0
2023-06-13 15:30:00-04:00,127.0199966430664,127.23999786376953,126.66999816894531,126.73999786376953,71466,0.0,0.0
2023-06-14 09:30:00-04:00,125.5,126.05000305175781,121.45999908447266,121.9000015258789,70081,0.0,0.0
2023-06-14 10:30:00-04:00,122.03810119628906,122.91000366210938,120.30000305175781,120.43000030517578,54844,0.0,0.0
2023-06-14 11:30:00-04:00,120.44000244140625,121.18000030517578,120.11000061035156,120.78500366210938,47148,0.0,0.0
2023-06-14 12:30:00-04:00,120.80500030517578,120.80500030517578,118.45999908447266,119.36000061035156,78605,0.0,0.0
2023-06-14 13:30:00-04:00,119.36000061035156,119.86499786376953,117.44499969482422,117.6500015258789,68012,0.0,0.0
2023-06-14 14:30:00-04:00,117.55000305175781,117.80999755859375,116.5999984741211,117.0,64650,0.0,0.0
2023-06-14 15:30:00-04:00,117.08000183105469,117.26000213623047,116.1500015258789,117.01000213623047,87636,0.0,0.0
2023-06-15 09:30:00-04:00,116.73999786376953,118.69999694824219,116.23999786376953,117.9800033569336,20401,0.0,0.0
2023-06-15 10:30:00-04:00,117.94999694824219,118.04000091552734,117.44999694824219,117.81500244140625,38356,0.0,0.0
2023-06-15 11:30:00-04:00,117.75,117.87000274658203,117.05000305175781,117.33000183105469,18850,0.0,0.0
2023-06-15 12:30:00-04:00,117.4800033569336,117.9280014038086,117.4000015258789,117.54000091552734,25515,0.0,0.0
2023-06-15 13:30:00-04:00,117.80999755859375,118.76000213623047,117.7300033569336,118.7300033569336,19305,0.0,0.0
2023-06-15 14:30:00-04:00,118.7699966430664,119.0199966430664,118.37000274658203,118.63999938964844,26381,0.0,0.0
2023-06-15 15:30:00-04:00,118.69999694824219,119.38999938964844,118.69999694824219,119.16999816894531,66964,0.0,0.0
2023-06-16 09:30:00-04:00,120.61000061035156,120.78299713134766,119.08000183105469,120.22000122070312,78422,0.0,0.0
2023-06-16 10:30:00-04:00,120.09929656982422,120.25,119.56999969482422,119.56999969482422,15072,0.0,0.0
2023-06-16 11:30:00-04:00,119.54000091552734,120.20999908447266,119.30999755859375,120.14739990234375,10026,0.0,0.0
2023-06-16 12:30:00-04:00,120.33999633789062,120.72000122070312,119.8499984741211,119.96499633789062,28500,0.0,0.0
2023-06-16 13:30:00-04:00,119.91500091552734,120.0999984741211,119.4800033569336,119.5999984741211,20801,0.0,0.0
2023-06-16 14:30:00-04:00,119.58999633789062,119.58999633789062,119.08000183105469,119.30999755859375,19033,0.0,0.0
2023-06-16 15:30:00-04:00,119.30999755859375,119.9800033569336,119.1500015258789,119.75,63671,0.0,0.0
2023-06-20 09:30:00-04:00,119.26000213623047,120.0199966430664,118.37000274658203,119.79000091552734,18395,0.0,0.0
2023-06-20 10:30:00-04:00,119.55999755859375,119.81999969482422,119.33000183105469,119.33000183105469,31046,0.0,0.0
2023-06-20 11:30:00-04:00,119.12000274658203,119.5,119.05999755859375,119.36000061035156,16897,0.0,0.0
2023-06-20 12:30:00-04:00,119.22000122070312,119.9800033569336,119.22000122070312,119.73500061035156,9323,0.0,0.0
2023-06-20 13:30:00-04:00,119.58000183105469,119.61000061035156,119.18000030517578,119.20999908447266,6684,0.0,0.0
2023-06-20 14:30:00-04:00,119.13999938964844,119.73999786376953,119.13999938964844,119.66000366210938,18417,0.0,0.0
2023-06-20 15:30:00-04:00,119.70999908447266,119.87000274658203,119.18000030517578,119.18000030517578,26201,0.0,0.0
2023-06-21 09:30:00-04:00,118.5999984741211,119.7750015258789,118.30000305175781,119.20500183105469,23357,0.0,0.0
2023-06-21 10:30:00-04:00,119.13999938964844,120.12999725341797,119.01000213623047,120.08999633789062,18755,0.0,0.0
2023-06-21 11:30:00-04:00,120.08000183105469,120.19999694824219,119.7750015258789,119.86699676513672,11737,0.0,0.0
2023-06-21 12:30:00-04:00,119.9000015258789,119.97000122070312,119.33499908447266,119.33499908447266,15545,0.0,0.0
2023-06-21 13:30:00-04:00,119.44999694824219,120.4000015258789,119.44499969482422,120.4000015258789,20059,0.0,0.0
2023-06-21 14:30:00-04:00,120.44499969482422,121.29000091552734,120.30999755859375,120.95500183105469,29442,0.0,0.0
2023-06-21 15:30:00-04:00,120.91999816894531,120.97000122070312,120.23999786376953,120.33000183105469,39620,0.0,0.0
2023-06-22 09:30:00-04:00,120.41999816894531,121.25499725341797,119.83499908447266,121.01499938964844,17117,0.0,0.0
2023-06-22 10:30:00-04:00,121.0199966430664,121.91000366210938,121.0199966430664,121.71499633789062,32604,0.0,0.0
2023-06-22 11:30:00-04:00,121.83999633789062,122.27999877929688,121.68499755859375,122.12999725341797,17112,0.0,0.0
2023-06-22 12:30:00-04:00,122.19000244140625,122.54000091552734,121.61000061035156,122.18000030517578,50145,0.0,0.0
2023-06-22 13:30:00-04:00,122.11499786376953,122.5999984741211,122.04000091552734,122.55000305175781,27548,0.0,0.0
2023-06-22 14:30:00-04:00,122.58000183105469,122.69499969482422,121.6050033569336,121.66999816894531,18461,0.0,0.0
2023-06-22 15:30:00-04:00,121.67500305175781,122.08999633789062,121.62999725341797,121.87999725341797,51339,0.0,0.0
2023-06-23 09:30:00-04:00,120.44000244140625,121.3550033569336,119.19000244140625,119.48999786376953,19993,0.0,0.0
2023-06-23 10:30:00-04:00,119.19999694824219,120.25499725341797,119.19999694824219,119.62000274658203,21530,0.0,0.0
2023-06-23 11:30:00-04:00,119.63999938964844,119.63999938964844,118.60279846191406,119.33499908447266,15536,0.0,0.0
2023-06-23 12:30:00-04:00,119.44000244140625,119.77999877929688,118.69999694824219,118.8949966430664,12657,0.0,0.0
2023-06-23 13:30:00-04:00,118.70999908447266,118.70999908447266,117.30000305175781,117.44999694824219,20505,0.0,0.0
2023-06-23 14:30:00-04:00,117.19999694824219,117.47000122070312,115.79000091552734,115.79000091552734,35368,0.0,0.0
2023-06-23 15:30:00-04:00,115.91999816894531,116.52999877929688,115.80999755859375,116.37999725341797,64939,0.0,0.0
2023-06-26 09:30:00-04:00,115.79000091552734,117.70999908447266,115.79000091552734,117.25,11299,0.0,0.0
2023-06-26 10:30:00-04:00,117.62999725341797,117.62999725341797,116.37000274658203,116.70500183105469,28337,0.0,0.0
2023-06-26 11:30:00-04:00,116.7699966430664,117.69000244140625,116.6500015258789,117.45500183105469,18007,0.0,0.0
2023-06-26 12:30:00-04:00,117.31999969482422,117.55999755859375,116.93000030517578,117.55999755859375,13467,0.0,0.0
2023-06-26 13:30:00-04:00,117.55000305175781,117.55999755859375,117.25,117.37249755859375,8428,0.0,0.0
2023-06-26 14:30:00-04:00,117.40499877929688,117.76899719238281,117.40499877929688,117.76899719238281,12195,0.0,0.0
2023-06-26 15:30:00-04:00,117.68000030517578,117.75,117.16500091552734,117.19999694824219,49293,0.0,0.0
2023-06-27 09:30:00-04:00,117.33999633789062,118.16000366210938,117.18499755859375,118.16000366210938,6454,0.0,0.0
2023-06-27 10:30:00-04:00,118.17500305175781,118.53500366210938,117.58499908447266,117.81999969482422,13998,0.0,0.0
2023-06-27 11:30:00-04:00,117.81999969482422,118.1050033569336,117.72000122070312,117.83999633789062,8849,0.0,0.0
2023-06-27 12:30:00-04:00,117.76000213623047,118.29000091552734,117.7300033569336,117.93000030517578,9831,0.0,0.0
2023-06-27 13:30:00-04:00,117.9800033569336,117.9800033569336,117.62999725341797,117.62999725341797,21615,0.0,0.0
2023-06-27 14:30:00-04:00,117.71499633789062,117.71499633789062,117.0,117.2699966430664,17699,0.0,0.0
2023-06-27 15:30:00-04:00,117.30999755859375,117.37999725341797,116.81500244140625,117.18000030517578,34518,0.0,0.0
2023-06-28 09:30:00-04:00,117.27999877929688,117.79000091552734,116.13999938964844,116.63999938964844,15268,0.0,0.0
2023-06-28 10:30:00-04:00,116.43499755859375,116.98999786376953,114.97000122070312,115.63500213623047,53480,0.0,0.0
2023-06-28 11:30:00-04:00,115.61000061035156,116.3499984741211,115.37000274658203,115.9800033569336,31414,0.0,0.0
2023-06-28 12:30:00-04:00,115.98999786376953,116.22100067138672,115.38999938964844,115.38999938964844,14219,0.0,0.0
2023-06-28 13:30:00-04:00,115.3499984741211,115.3499984741211,114.80000305175781,115.12999725341797,14945,0.0,0.0
2023-06-28 14:30:00-04:00,115.1500015258789,115.38999938964844,114.74500274658203,114.8499984741211,16039,0.0,0.0
2023-06-28 15:30:00-04:00,114.83999633789062,115.19000244140625,114.7300033569336,115.18000030517578,30312,0.0,0.0
2023-06-29 09:30:00-04:00,114.91000366210938,117.19999694824219,114.91000366210938,116.93000030517578,10215,0.0,0.0
2023-06-29 10:30:00-04:00,116.70999908447266,116.91999816894531,115.94999694824219,116.52999877929688,15530,0.0,0.0
2023-06-29 11:30:00-04:00,116.44000244140625,116.94499969482422,116.2699966430664,116.66000366210938,9613,0.0,0.0
2023-06-29 12:30:00-04:00,116.83999633789062,117.30999755859375,116.75499725341797,117.01000213623047,9916,0.0,0.0
2023-06-29 13:30:00-04:00,117.19999694824219,117.43000030517578,116.88999938964844,117.20999908447266,8336,0.0,0.0
2023-06-29 14:30:00-04:00,117.1500015258789,117.48999786376953,117.08000183105469,117.37999725341797,11356,0.0,0.0
2023-06-29 15:30:00-04:00,117.52999877929688,117.69000244140625,117.19000244140625,117.3499984741211,49009,0.0,0.0
2023-06-30 09:30:00-04:00,118.0,119.45500183105469,118.0,118.51000213623047,27264,0.0,0.0
2023-06-30 10:30:00-04:00,118.40080261230469,118.5199966430664,118.15499877929688,118.36000061035156,9671,0.0,0.0
2023-06-30 11:30:00-04:00,118.45999908447266,118.69000244140625,118.44000244140625,118.6500015258789,8420,0.0,0.0
2023-06-30 12:30:00-04:00,118.80000305175781,119.48999786376953,118.80000305175781,119.29499816894531,8748,0.0,0.0
2023-06-30 13:30:00-04:00,119.27999877929688,119.27999877929688,119.18000030517578,119.27999877929688,10542,0.0,0.0
2023-06-30 14:30:00-04:00,119.55000305175781,119.5999984741211,119.17070007324219,119.33360290527344,15398,0.0,0.0
2023-06-30 15:30:00-04:00,119.31999969482422,119.55000305175781,118.87999725341797,118.88999938964844,38910,0.0,0.0
2023-07-03 09:30:00-04:00,118.01000213623047,119.83280181884766,117.9800033569336,119.44999694824219,13383,0.0,0.0
2023-07-03 10:30:00-04:00,119.61499786376953,119.83000183105469,119.16999816894531,119.2750015258789,13921,0.0,0.0
2023-07-03 11:30:00-04:00,119.09500122070312,119.59100341796875,118.91999816894531,119.4000015258789,17402,0.0,0.0
2023-07-05 09:30:00-04:00,118.41999816894531,118.41999816894531,116.33000183105469,117.69999694824219,11502,0.0,0.0
2023-07-05 10:30:00-04:00,117.63249969482422,117.63249969482422,116.80000305175781,117.56999969482422,18600,0.0,0.0
2023-07-05 11:30:00-04:00,117.76010131835938,118.16999816894531,117.43440246582031,118.16000366210938,6022,0.0,0.0
2023-07-05 12:30:00-04:00,118.1050033569336,118.22000122070312,117.81999969482422,117.93000030517578,4355,0.0,0.0
2023-07-05 13:30:00-04:00,117.9800033569336,117.9800033569336,117.33000183105469,117.36000061035156,8356,0.0,0.0
2023-07-05 14:30:00-04:00,117.3499984741211,117.41999816894531,117.14140319824219,117.27999877929688,10325,0.0,0.0
2023-07-05 15:30:00-04:00,117.27999877929688,117.30000305175781,116.63999938964844,116.63999938964844,24172,0.0,0.0
2023-07-06 09:30:00-04:00,116.30000305175781,116.44499969482422,115.0010986328125,115.30000305175781,14866,0.0,0.0
2023-07-06 10:30:00-04:00,115.19999694824219,115.3499984741211,114.80999755859375,115.06500244140625,23682,0.0,0.0
2023-07-06 11:30:00-04:00,115.21499633789062,115.9000015258789,115.0,115.56999969482422,9675,0.0,0.0
2023-07-06 12:30:00-04:00,115.65499877929688,116.0999984741211,115.58000183105469,116.0999984741211,7509,0.0,0.0
2023-07-06 13:30:00-04:00,115.94000244140625,116.0,115.62000274658203,115.62000274658203,7268,0.0,0.0
2023-07-06 14:30:00-04:00,115.69999694824219,115.91000366210938,115.48999786376953,115.91000366210938,12475,0.0,0.0
2023-07-06 15:30:00-04:00,115.87999725341797,116.16999816894531,115.87000274658203,116.06999969482422,27002,0.0,0.0
2023-07-07 09:30:00-04:00,115.3499984741211,116.25,114.86499786376953,114.86499786376953,9713,0.0,0.0
2023-07-07 10:30:00-04:00,114.7699966430664,115.25,114.7699966430664,115.07499694824219,22578,0.0,0.0
2023-07-07 11:30:00-04:00,115.18000030517578,115.22000122070312,114.48999786376953,114.68000030517578,13703,0.0,0.0
2023-07-07 12:30:00-04:00,114.80000305175781,115.67500305175781,114.80000305175781,115.67500305175781,15377,0.0,0.0
2023-07-07 13:30:00-04:00,115.5999984741211,115.5999984741211,115.0,115.05000305175781,9823,0.0,0.0
2023-07-07 14:30:00-04:00,114.91999816894531,115.0199966430664,114.33999633789062,114.33999633789062,17847,0.0,0.0
2023-07-07 15:30:00-04:00,114.37999725341797,114.83999633789062,114.16999816894531,114.33000183105469,37914,0.0,0.0
2023-07-10 09:30:00-04:00,113.58000183105469,116.45999908447266,113.58000183105469,115.76000213623047,16822,0.0,0.0
2023-07-10 10:30:00-04:00,115.74500274658203,116.05000305175781,115.20500183105469,115.31999969482422,9695,0.0,0.0
2023-07-10 11:30:00-04:00,115.30249786376953,115.52999877929688,115.05000305175781,115.41500091552734,15749,0.0,0.0
2023-07-10 12:30:00-04:00,115.43000030517578,115.5,115.19999694824219,115.40499877929688,9154,0.0,0.0
2023-07-10 13:30:00-04:00,115.41999816894531,115.5,114.95999908447266,114.95999908447266,11570,0.0,0.0
2023-07-10 14:30:00-04:00,114.94999694824219,114.94999694824219,114.63999938964844,114.81999969482422,15093,0.0,0.0
2023-07-10 15:30:00-04:00,114.91999816894531,115.0,114.54000091552734,114.86000061035156,55546,0.0,0.0
2023-07-11 09:30:00-04:00,114.9000015258789,115.5999984741211,114.4800033569336,115.11000061035156,15580,0.0,0.0
2023-07-11 10:30:00-04:00,114.91999816894531,115.05000305175781,114.47000122070312,114.80000305175781,23246,0.0,0.0
2023-07-11 11:30:00-04:00,114.79000091552734,115.56999969482422,114.73999786376953,114.91999816894531,32790,0.0,0.0
2023-07-11 12:30:00-04:00,114.99500274658203,115.29000091552734,114.99500274658203,115.1500015258789,12486,0.0,0.0
2023-07-11 13:30:00-04:00,115.21499633789062,115.21499633789062,114.68000030517578,114.87000274658203,30889,0.0,0.0
2023-07-11 14:30:00-04:00,114.95999908447266,115.44000244140625,114.81009674072266,115.2300033569336,19003,0.0,0.0
2023-07-11 15:30:00-04:00,115.2300033569336,115.47000122070312,115.11000061035156,115.18000030517578,63077,0.0,0.0
2023-07-12 09:30:00-04:00,117.48999786376953,117.48999786376953,113.6500015258789,114.08999633789062,46398,0.0,0.0
2023-07-12 10:30:00-04:00,114.05000305175781,114.34500122070312,113.9000015258789,113.9000015258789,28096,0.0,0.0
2023-07-12 11:30:00-04:00,113.94000244140625,114.08000183105469,113.44000244140625,113.44000244140625,19431,0.0,0.0
2023-07-12 12:30:00-04:00,113.45999908447266,114.3550033569336,113.31999969482422,114.02999877929688,16467,0.0,0.0
2023-07-12 13:30:00-04:00,114.19000244140625,114.49500274658203,113.9000015258789,114.08000183105469,19888,0.0,0.0
2023-07-12 14:30:00-04:00,114.12000274658203,114.15499877929688,113.04000091552734,113.29000091552734,23586,0.0,0.0
2023-07-12 15:30:00-04:00,113.33000183105469,113.70500183105469,112.91999816894531,113.2300033569336,107910,0.0,0.0
2023-07-13 09:30:00-04:00,113.2300033569336,114.3499984741211,112.63999938964844,114.05999755859375,26376,0.0,0.0
2023-07-13 10:30:00-04:00,114.0999984741211,115.80999755859375,114.0999984741211,115.40499877929688,20894,0.0,0.0
2023-07-13 11:30:00-04:00,115.20999908447266,115.29000091552734,114.70999908447266,114.87000274658203,13767,0.0,0.0
2023-07-13 12:30:00-04:00,115.0199966430664,115.0199966430664,114.46900177001953,114.7699966430664,15719,0.0,0.0
2023-07-13 13:30:00-04:00,114.75499725341797,114.9800033569336,114.18000030517578,114.20999908447266,20795,0.0,0.0
2023-07-13 14:30:00-04:00,114.18000030517578,114.18000030517578,113.625,113.90499877929688,21499,0.0,0.0
2023-07-13 15:30:00-04:00,113.91999816894531,114.18000030517578,113.84700012207031,114.06999969482422,45818,0.0,0.0
2023-07-14 09:30:00-04:00,113.54000091552734,114.44000244140625,113.27999877929688,113.48999786376953,12262,0.0,0.0
2023-07-14 10:30:00-04:00,113.62999725341797,114.19000244140625,113.02999877929688,114.18000030517578,9830,0.0,0.0
2023-07-14 11:30:00-04:00,114.05999755859375,114.72000122070312,114.05999755859375,114.72000122070312,9558,0.0,0.0
2023-07-14 12:30:00-04:00,114.65499877929688,115.06999969482422,114.55000305175781,114.86000061035156,9353,0.0,0.0
2023-07-14 13:30:00-04:00,114.91999816894531,115.04000091552734,114.43099975585938,114.94000244140625,12090,0.0,0.0
2023-07-14 14:30:00-04:00,115.08499908447266,115.41000366210938,114.97000122070312,115.17749786376953,14513,0.0,0.0
2023-07-14 15:30:00-04:00,115.2699966430664,115.6500015258789,115.19999694824219,115.5999984741211,37332,0.0,0.0
2023-07-17 09:30:00-04:00,116.26499938964844,118.72000122070312,116.26499938964844,117.66680145263672,23241,0.0,0.0
2023-07-17 10:30:00-04:00,117.51000213623047,117.55999755859375,116.85900115966797,117.05000305175781,13988,0.0,0.0
2023-07-17 11:30:00-04:00,117.05999755859375,117.9749984741211,117.05999755859375,117.79000091552734,10852,0.0,0.0
2023-07-17 12:30:00-04:00,117.69999694824219,117.83000183105469,117.38009643554688,117.68000030517578,10248,0.0,0.0
2023-07-17 13:30:00-04:00,117.7300033569336,118.2699966430664,117.69000244140625,118.05999755859375,13587,0.0,0.0
2023-07-17 14:30:00-04:00,117.94999694824219,118.00499725341797,117.65499877929688,118.00499725341797,15642,0.0,0.0
2023-07-17 15:30:00-04:00,118.01000213623047,118.06500244140625,117.41999816894531,117.47000122070312,38018,0.0,0.0
2023-07-18 09:30:00-04:00,117.0,119.4000015258789,116.66999816894531,119.19000244140625,38226,0.0,0.0
2023-07-18 10:30:00-04:00,119.16000366210938,119.95999908447266,118.47000122070312,119.95999908447266,17832,0.0,0.0
2023-07-18 11:30:00-04:00,119.93099975585938,119.93099975585938,118.30000305175781,118.4000015258789,15606,0.0,0.0
2023-07-18 12:30:00-04:00,118.44999694824219,119.06500244140625,118.44999694824219,118.80999755859375,6434,0.0,0.0
2023-07-18 13:30:00-04:00,118.70999908447266,119.66999816894531,118.58499908447266,119.66999816894531,13717,0.0,0.0
2023-07-18 14:30:00-04:00,119.69000244140625,119.78500366210938,119.3949966430664,119.6449966430664,13073,0.0,0.0
2023-07-18 15:30:00-04:00,119.72699737548828,119.77999877929688,119.30000305175781,119.68000030517578,44518,0.0,0.0
2023-07-19 09:30:00-04:00,119.87999725341797,120.6500015258789,118.62999725341797,118.77999877929688,13138,0.0,0.0
2023-07-19 10:30:00-04:00,118.78500366210938,119.05000305175781,118.37999725341797,118.91999816894531,12049,0.0,0.0
2023-07-19 11:30:00-04:00,118.89579772949219,119.19000244140625,118.75,119.02999877929688,15146,0.0,0.0
2023-07-19 12:30:00-04:00,118.91000366210938,119.44999694824219,118.8301010131836,119.44000244140625,10616,0.0,0.0
2023-07-19 13:30:00-04:00,119.36000061035156,119.51000213623047,119.1500015258789,119.51000213623047,9500,0.0,0.0
2023-07-19 14:30:00-04:00,119.56999969482422,120.26899719238281,119.44000244140625,120.06999969482422,22357,0.0,0.0
2023-07-19 15:30:00-04:00,120.01000213623047,120.43000030517578,119.9800033569336,120.31999969482422,48349,0.0,0.0
2023-07-20 09:30:00-04:00,120.80000305175781,120.80000305175781,118.9749984741211,119.45999908447266,8594,0.0,0.0
2023-07-20 10:30:00-04:00,119.58000183105469,120.93499755859375,119.58000183105469,120.64859771728516,11554,0.0,0.0
2023-07-20 11:30:00-04:00,120.58999633789062,120.80000305175781,120.38680267333984,120.38680267333984,13229,0.0,0.0
2023-07-20 12:30:00-04:00,120.36000061035156,120.69000244140625,120.13999938964844,120.54000091552734,9268,0.0,0.0
2023-07-20 13:30:00-04:00,120.77999877929688,120.93000030517578,120.33999633789062,120.52999877929688,11955,0.0,0.0
2023-07-20 14:30:00-04:00,120.48999786376953,121.38999938964844,120.4000015258789,120.56999969482422,20350,0.0,0.0
2023-07-20 15:30:00-04:00,120.52999877929688,120.62999725341797,120.05000305175781,120.05000305175781,42476,0.0,0.0
2023-07-21 09:30:00-04:00,120.83999633789062,121.41999816894531,119.86499786376953,121.18000030517578,24698,0.0,0.0
2023-07-21 10:30:00-04:00,121.23999786376953,121.43000030517578,120.47000122070312,120.5,14520,0.0,0.0
2023-07-21 11:30:00-04:00,120.44999694824219,121.2699966430664,120.44999694824219,121.04750061035156,10926,0.0,0.0
2023-07-21 12:30:00-04:00,120.94499969482422,121.1500015258789,120.77999877929688,120.80999755859375,9992,0.0,0.0
2023-07-21 13:30:00-04:00,120.70999908447266,121.0199966430664,119.88999938964844,120.0,13713,0.0,0.0
2023-07-21 14:30:00-04:00,119.94000244140625,120.18000030517578,119.48999786376953,119.73999786376953,12986,0.0,0.0
2023-07-21 15:30:00-04:00,119.8499984741211,119.91999816894531,118.98999786376953,119.0,39675,0.0,0.0
2023-07-24 09:30:00-04:00,118.91999816894531,119.80999755859375,118.79000091552734,119.21499633789062,7101,0.0,0.0
2023-07-24 10:30:00-04:00,119.44999694824219,120.16000366210938,119.29000091552734,120.0,7901,0.0,0.0
2023-07-24 11:30:00-04:00,120.19999694824219,121.12000274658203,120.19999694824219,120.9800033569336,8677,0.0,0.0
2023-07-24 12:30:00-04:00,120.8949966430664,121.33000183105469,120.8949966430664,120.98999786376953,7266,0.0,0.0
2023-07-24 13:30:00-04:00,120.77010345458984,121.3656005859375,120.73999786376953,121.3656005859375,9181,0.0,0.0
2023-07-24 14:30:00-04:00,121.26000213623047,121.2699966430664,120.88999938964844,121.06999969482422,15206,0.0,0.0
2023-07-24 15:30:00-04:00,121.16000366210938,121.4000015258789,120.97000122070312,121.08999633789062,22626,0.0,0.0
2023-07-25 09:30:00-04:00,120.38999938964844,121.33999633789062,119.49079895019531,121.0,8455,0.0,0.0
2023-07-25 10:30:00-04:00,120.95999908447266,121.3949966430664,120.75,121.05999755859375,11030,0.0,0.0
2023-07-25 11:30:00-04:00,121.09249877929688,121.61000061035156,120.94499969482422,121.27999877929688,13044,0.0,0.0
2023-07-25 12:30:00-04:00,121.29000091552734,121.29000091552734,120.55999755859375,121.13999938964844,8204,0.0,0.0
2023-07-25 13:30:00-04:00,121.12999725341797,121.68000030517578,121.12999725341797,121.61000061035156,8814,0.0,0.0
2023-07-25 14:30:00-04:00,121.68000030517578,121.8499984741211,121.19499969482422,121.51499938964844,28863,0.0,0.0
2023-07-25 15:30:00-04:00,121.55000305175781,121.87000274658203,121.43000030517578,121.83000183105469,37289,0.0,0.0
2023-07-26 09:30:00-04:00,120.25,123.1449966430664,119.87999725341797,123.13500213623047,21571,0.0,0.0
2023-07-26 10:30:00-04:00,123.19999694824219,123.20999908447266,122.48999786376953,122.48999786376953,36457,0.0,0.0
2023-07-26 11:30:00-04:00,122.37000274658203,122.65989685058594,122.08000183105469,122.33999633789062,10638,0.0,0.0
2023-07-26 12:30:00-04:00,122.38099670410156,123.16000366210938,122.38099670410156,122.80000305175781,8925,0.0,0.0
2023-07-26 13:30:00-04:00,122.95999908447266,122.95999908447266,121.84210205078125,121.84210205078125,16445,0.0,0.0
2023-07-26 14:30:00-04:00,122.02999877929688,122.62999725341797,121.93000030517578,122.37999725341797,17485,0.0,0.0
2023-07-26 15:30:00-04:00,122.38999938964844,122.51000213623047,121.94000244140625,122.13999938964844,44507,0.0,0.0
2023-07-27 09:30:00-04:00,122.2300033569336,122.9800033569336,121.31999969482422,121.31999969482422,33334,0.0,0.0
2023-07-27 10:30:00-04:00,121.3499984741211,121.86000061035156,120.44999694824219,120.99500274658203,13846,0.0,0.0
2023-07-27 11:30:00-04:00,121.1500015258789,121.65499877929688,120.91500091552734,121.65499877929688,10571,0.0,0.0
2023-07-27 12:30:00-04:00,122.02999877929688,122.02999877929688,121.41999816894531,121.41999816894531,9108,0.0,0.0
2023-07-27 13:30:00-04:00,121.3499984741211,121.70999908447266,121.27999877929688,121.58499908447266,9669,0.0,0.0
2023-07-27 14:30:00-04:00,121.33999633789062,121.36000061035156,120.80999755859375,120.80999755859375,10443,0.0,0.0
2023-07-27 15:30:00-04:00,120.7750015258789,120.97000122070312,120.27999877929688,120.33000183105469,40949,0.0,0.0
2023-07-28 09:30:00-04:00,121.04000091552734,121.97000122070312,120.79000091552734,120.88999938964844,10561,0.0,0.0
2023-07-28 10:30:00-04:00,121.04010009765625,121.25499725341797,120.80999755859375,120.97000122070312,11102,0.0,0.0
2023-07-28 11:30:00-04:00,120.79000091552734,120.79000091552734,120.25,120.33999633789062,14250,0.0,0.0
2023-07-28 12:30:00-04:00,120.31999969482422,120.37999725341797,119.4000015258789,119.4000015258789,6863,0.0,0.0
2023-07-28 13:30:00-04:00,119.49500274658203,119.49500274658203,118.79000091552734,119.26000213623047,16808,0.0,0.0
2023-07-28 14:30:00-04:00,119.16999816894531,119.29000091552734,118.7699966430664,118.77999877929688,29169,0.0,0.0
2023-07-28 15:30:00-04:00,118.68000030517578,119.13999938964844,118.6500015258789,118.9800033569336,38291,0.0,0.0
2023-07-31 09:30:00-04:00,118.55999755859375,119.31230163574219,117.7249984741211,118.37999725341797,16691,0.0,0.0
2023-07-31 10:30:00-04:00,118.41999816894531,119.16999816894531,118.18000030517578,118.95999908447266,16483,0.0,0.0
2023-07-31 11:30:00-04:00,118.83000183105469,119.46499633789062,118.48999786376953,118.54499816894531,19395,0.0,0.0
2023-07-31 12:30:00-04:00,118.55000305175781,118.73500061035156,118.2699966430664,118.73500061035156,10859,0.0,0.0
2023-07-31 13:30:00-04:00,118.71499633789062,118.89749908447266,118.33000183105469,118.44000244140625,11602,0.0,0.0
2023-07-31 14:30:00-04:00,118.55999755859375,118.55999755859375,117.80000305175781,117.80000305175781,27949,0.0,0.0
2023-07-31 15:30:00-04:00,117.87000274658203,118.01000213623047,117.3499984741211,117.66000366210938,60098,0.0,0.0
2023-08-01 09:30:00-04:00,100.0,101.44000244140625,96.66000366210938,98.61000061035156,274693,0.0,0.0
2023-08-01 10:30:00-04:00,98.69499969482422,103.08999633789062,98.43000030517578,103.08999633789062,79499,0.0,0.0
2023-08-01 11:30:00-04:00,103.0999984741211,104.0999984741211,101.93000030517578,103.54000091552734,112246,0.0,0.0
2023-08-01 12:30:00-04:00,103.41120147705078,104.73999786376953,102.33000183105469,102.375,93817,0.0,0.0
2023-08-01 13:30:00-04:00,102.37000274658203,103.06999969482422,100.04000091552734,100.38500213623047,85340,0.0,0.0
2023-08-01 14:30:00-04:00,100.3499984741211,100.63500213623047,99.0,99.11000061035156,137706,0.0,0.0
2023-08-01 15:30:00-04:00,99.11499786376953,99.18000030517578,97.68000030517578,97.79000091552734,172719,0.0,0.0
2023-08-02 09:30:00-04:00,95.66999816894531,97.29000091552734,93.87999725341797,95.33499908447266,68885,0.0,0.0
2023-08-02 10:30:00-04:00,95.43000030517578,95.97000122070312,94.19999694824219,94.76200103759766,48548,0.0,0.0
2023-08-02 11:30:00-04:00,94.66000366210938,95.67500305175781,94.41000366210938,95.2249984741211,56047,0.0,0.0
2023-08-02 12:30:00-04:00,95.2249984741211,96.26000213623047,95.2249984741211,95.73999786376953,47785,0.0,0.0
2023-08-02 13:30:00-04:00,95.78500366210938,97.5199966430664,95.78500366210938,97.4000015258789,49083,0.0,0.0
2023-08-02 14:30:00-04:00,97.30999755859375,97.33999633789062,95.9000015258789,96.11000061035156,76463,0.0,0.0
2023-08-02 15:30:00-04:00,96.11499786376953,96.44999694824219,95.8499984741211,96.41000366210938,167953,0.0,0.0
2023-08-03 09:30:00-04:00,95.97000122070312,96.83499908447266,94.70999908447266,96.79000091552734,50254,0.0,0.0
2023-08-03 10:30:00-04:00,96.84500122070312,97.94999694824219,96.25,96.79000091552734,66316,0.0,0.0
2023-08-03 11:30:00-04:00,96.63999938964844,96.87999725341797,95.9000015258789,95.9000015258789,42368,0.0,0.0
2023-08-03 12:30:00-04:00,96.04000091552734,96.27960205078125,95.12000274658203,95.79000091552734,45480,0.0,0.0
2023-08-03 13:30:00-04:00,95.77529907226562,96.875,95.6050033569336,96.56990051269531,47097,0.0,0.0
2023-08-03 14:30:00-04:00,96.54000091552734,96.56999969482422,95.55000305175781,95.6500015258789,91296,0.0,0.0
2023-08-03 15:30:00-04:00,95.6500015258789,95.9000015258789,95.2249984741211,95.31999969482422,85129,0.0,0.0
2023-08-04 09:30:00-04:00,96.04000091552734,96.2699966430664,95.3499984741211,95.7249984741211,68863,0.0,0.0
2023-08-04 10:30:00-04:00,95.79000091552734,96.36499786376953,95.68000030517578,95.71499633789062,103183,0.0,0.0
2023-08-04 11:30:00-04:00,95.83499908447266,95.98999786376953,95.5,95.73100280761719,26082,0.0,0.0
2023-08-04 12:30:00-04:00,95.69999694824219,96.01000213623047,95.44000244140625,95.4800033569336,35134,0.0,0.0
2023-08-04 13:30:00-04:00,95.3949966430664,95.47000122070312,94.94999694824219,95.06500244140625,51567,0.0,0.0
2023-08-04 14:30:00-04:00,95.06500244140625,95.20999908447266,94.11000061035156,94.44999694824219,97832,0.0,0.0
2023-08-04 15:30:00-04:00,94.33499908447266,94.77989959716797,93.98999786376953,94.16000366210938,153496,0.0,0.0
2023-08-07 09:30:00-04:00,94.43000030517578,96.7750015258789,94.41999816894531,96.7750015258789,84216,0.0,0.0
2023-08-07 10:30:00-04:00,96.5999984741211,97.37999725341797,96.29000091552734,96.99859619140625,54121,0.0,0.0
2023-08-07 11:30:00-04:00,97.01000213623047,97.48999786376953,96.5999984741211,96.70999908447266,46552,0.0,0.0
2023-08-07 12:30:00-04:00,96.76000213623047,96.77999877929688,96.04000091552734,96.11250305175781,30375,0.0,0.0
2023-08-07 13:30:00-04:00,96.19499969482422,96.45999908447266,96.125,96.2699966430664,27801,0.0,0.0
2023-08-07 14:30:00-04:00,96.27999877929688,96.5999984741211,96.19000244140625,96.5999984741211,45936,0.0,0.0
2023-08-07 15:30:00-04:00,96.6500015258789,97.41999816894531,96.6500015258789,97.41000366210938,72811,0.0,0.0
2023-08-08 09:30:00-04:00,97.4000015258789,97.4000015258789,94.91000366210938,95.5999984741211,32219,0.0,0.0
2023-08-08 10:30:00-04:00,95.65499877929688,95.75,95.02999877929688,95.72000122070312,36652,0.0,0.0
2023-08-08 11:30:00-04:00,95.65499877929688,96.45999908447266,95.30999755859375,96.01499938964844,43509,0.0,0.0
2023-08-08 12:30:00-04:00,96.06999969482422,96.29000091552734,95.41999816894531,96.0250015258789,31757,0.0,0.0
2023-08-08 13:30:00-04:00,96.0250015258789,96.2699966430664,95.86499786376953,96.08499908447266,26804,0.0,0.0
2023-08-08 14:30:00-04:00,96.08499908447266,96.38500213623047,95.62999725341797,96.37999725341797,43121,0.0,0.0
2023-08-08 15:30:00-04:00,96.375,96.66000366210938,95.87000274658203,95.87999725341797,93033,0.0,0.0
2023-08-09 09:30:00-04:00,95.95999908447266,96.58000183105469,94.88999938964844,94.9800033569336,85873,0.0,0.0
2023-08-09 10:30:00-04:00,95.02999877929688,96.92500305175781,94.61000061035156,96.91000366210938,104271,0.0,0.0
2023-08-09 11:30:00-04:00,96.77999877929688,97.80500030517578,96.69999694824219,97.80500030517578,74059,0.0,0.0
2023-08-09 12:30:00-04:00,97.69000244140625,98.2300033569336,97.47000122070312,98.08999633789062,36025,0.0,0.0
2023-08-09 13:30:00-04:00,98.12000274658203,98.4800033569336,97.9800033569336,98.2699966430664,39081,0.0,0.0
2023-08-09 14:30:00-04:00,98.36000061035156,98.61000061035156,98.19000244140625,98.2699966430664,54937,0.0,0.0
2023-08-09 15:30:00-04:00,98.2699966430664,98.47969818115234,97.69999694824219,98.19000244140625,107270,0.0,0.0
2023-08-10 09:30:00-04:00,98.26000213623047,99.87999725341797,97.3499984741211,98.44999694824219,36008,0.0,0.0
2023-08-10 10:30:00-04:00,98.5,99.44000244140625,98.0999984741211,99.44000244140625,71295,0.0,0.0
2023-08-10 11:30:00-04:00,99.47000122070312,99.55000305175781,98.22000122070312,98.22000122070312,74413,0.0,0.0
2023-08-10 12:30:00-04:00,98.05000305175781,98.30999755859375,97.552001953125,97.70999908447266,21558,0.0,0.0
2023-08-10 13:30:00-04:00,97.72000122070312,97.9800033569336,97.33000183105469,97.90779876708984,42235,0.0,0.0
2023-08-10 14:30:00-04:00,98.01000213623047,98.98999786376953,97.86000061035156,98.91999816894531,74641,0.0,0.0
2023-08-10 15:30:00-04:00,98.8499984741211,99.33499908447266,98.44000244140625,98.94999694824219,115797,0.0,0.0
2023-08-11 09:30:00-04:00,98.80000305175781,100.72000122070312,98.69750213623047,100.48249816894531,47747,0.0,0.0
2023-08-11 10:30:00-04:00,100.56999969482422,100.79000091552734,99.52999877929688,99.6050033569336,76096,0.0,0.0
2023-08-11 11:30:00-04:00,99.62000274658203,100.59500122070312,98.70999908447266,100.59500122070312,108290,0.0,0.0
2023-08-11 12:30:00-04:00,100.5999984741211,101.47000122070312,99.91000366210938,101.47000122070312,68720,0.0,0.0
2023-08-11 13:30:00-04:00,101.29000091552734,101.66999816894531,100.12999725341797,100.16999816894531,49624,0.0,0.0
2023-08-11 14:30:00-04:00,100.2699966430664,100.8499984741211,100.19999694824219,100.63999938964844,54684,0.0,0.0
2023-08-11 15:30:00-04:00,100.6500015258789,100.66000366210938,99.83000183105469,99.88999938964844,84653,0.0,0.0
2023-08-14 09:30:00-04:00,99.48999786376953,100.45999908447266,98.875,100.30000305175781,28588,0.0,0.0
2023-08-14 10:30:00-04:00,100.25,100.87000274658203,100.05999755859375,100.61000061035156,21470,0.0,0.0
2023-08-14 11:30:00-04:00,100.68000030517578,100.94999694824219,100.31999969482422,100.38999938964844,12936,0.0,0.0
2023-08-14 12:30:00-04:00,100.37999725341797,100.68000030517578,100.20500183105469,100.58999633789062,11657,0.0,0.0
2023-08-14 13:30:00-04:00,100.51000213623047,101.2699966430664,100.51000213623047,101.2699966430664,34138,0.0,0.0
2023-08-14 14:30:00-04:00,101.29000091552734,101.8499984741211,101.19999694824219,101.66999816894531,65409,0.0,0.0
2023-08-14 15:30:00-04:00,101.7300033569336,102.08999633789062,101.7300033569336,102.05999755859375,89956,0.0,0.0
2023-08-15 09:30:00-04:00,100.55000305175781,102.14569854736328,100.55000305175781,101.01000213623047,29787,0.0,0.0
2023-08-15 10:30:00-04:00,100.9800033569336,101.16000366210938,100.55000305175781,100.66929626464844,57153,0.0,0.0
2023-08-15 11:30:00-04:00,100.73999786376953,101.31999969482422,100.73999786376953,101.31999969482422,27689,0.0,0.0
2023-08-15 12:30:00-04:00,101.26000213623047,101.98999786376953,101.25,101.94000244140625,33574,0.0,0.0
2023-08-15 13:30:00-04:00,101.94999694824219,102.18000030517578,101.7699966430664,101.94000244140625,42113,0.0,0.0
2023-08-15 14:30:00-04:00,101.93000030517578,101.93000030517578,100.8949966430664,100.99500274658203,49901,0.0,0.0
2023-08-15 15:30:00-04:00,100.94000244140625,101.58000183105469,100.80999755859375,101.51000213623047,72757,0.0,0.0
2023-08-16 09:30:00-04:00,101.4000015258789,102.87999725341797,101.25,101.63999938964844,22179,0.0,0.0
2023-08-16 10:30:00-04:00,101.73999786376953,102.52999877929688,101.70500183105469,102.52999877929688,22304,0.0,0.0
2023-08-16 11:30:00-04:00,102.5,102.5,102.02999877929688,102.11499786376953,22789,0.0,0.0
2023-08-16 12:30:00-04:00,102.13999938964844,102.45999908447266,102.13999938964844,102.45500183105469,16362,0.0,0.0
2023-08-16 13:30:00-04:00,102.4800033569336,102.78990173339844,102.30000305175781,102.70999908447266,23653,0.0,0.0
2023-08-16 14:30:00-04:00,102.7699966430664,103.0,102.51000213623047,102.88999938964844,45484,0.0,0.0
2023-08-16 15:30:00-04:00,102.83999633789062,103.27999877929688,102.7300033569336,102.80999755859375,83547,0.0,0.0
2023-08-17 09:30:00-04:00,102.37000274658203,102.68000030517578,102.0999984741211,102.66500091552734,35243,0.0,0.0
2023-08-17 10:30:00-04:00,102.58999633789062,102.58999633789062,101.37999725341797,101.5999984741211,38167,0.0,0.0
2023-08-17 11:30:00-04:00,101.58999633789062,102.375,101.52999877929688,102.06999969482422,49745,0.0,0.0
2023-08-17 12:30:00-04:00,102.11000061035156,102.11499786376953,101.56999969482422,102.05000305175781,36660,0.0,0.0
2023-08-17 13:30:00-04:00,102.05000305175781,102.41000366210938,101.98999786376953,102.34500122070312,61314,0.0,0.0
2023-08-17 14:30:00-04:00,102.30000305175781,102.69999694824219,101.71499633789062,101.98500061035156,181997,0.0,0.0
2023-08-17 15:30:00-04:00,101.9000015258789,102.12000274658203,101.2300033569336,101.25,137730,0.0,0.0
2023-08-18 09:30:00-04:00,101.04000091552734,102.21520233154297,100.29499816894531,100.29499816894531,26305,0.0,0.0
2023-08-18 10:30:00-04:00,100.26000213623047,101.25499725341797,100.18000030517578,100.68000030517578,23621,0.0,0.0
2023-08-18 11:30:00-04:00,100.7750015258789,101.08999633789062,100.69000244140625,100.73999786376953,20175,0.0,0.0
2023-08-18 12:30:00-04:00,100.66999816894531,100.68000030517578,100.30000305175781,100.3499984741211,11568,0.0,0.0
2023-08-18 13:30:00-04:00,100.48500061035156,100.6500015258789,100.23999786376953,100.43000030517578,19208,0.0,0.0
2023-08-18 14:30:00-04:00,100.5199966430664,100.70500183105469,100.37999725341797,100.37999725341797,18788,0.0,0.0
2023-08-18 15:30:00-04:00,100.36000061035156,100.36000061035156,100.0,100.02999877929688,72680,0.0,0.0
2023-08-21 09:30:00-04:00,99.70999908447266,101.19000244140625,99.70999908447266,100.91000366210938,21652,0.0,0.0
2023-08-21 10:30:00-04:00,101.06500244140625,101.26000213623047,100.43589782714844,100.43589782714844,18142,0.0,0.0
2023-08-21 11:30:00-04:00,100.42009735107422,100.45500183105469,99.63999938964844,99.94999694824219,19183,0.0,0.0
2023-08-21 12:30:00-04:00,99.88999938964844,100.08000183105469,99.79000091552734,100.08000183105469,17217,0.0,0.0
2023-08-21 13:30:00-04:00,100.04000091552734,100.27999877929688,99.95999908447266,99.9800033569336,15094,0.0,0.0
2023-08-21 14:30:00-04:00,100.0,100.30999755859375,99.77999877929688,100.29000091552734,26748,0.0,0.0
2023-08-21 15:30:00-04:00,100.2699966430664,100.54000091552734,100.01000213623047,100.02999877929688,64415,0.0,0.0
2023-08-22 09:30:00-04:00,100.0199966430664,100.48999786376953,98.7699966430664,99.5999984741211,7019,0.0,0.0
2023-08-22 10:30:00-04:00,99.66999816894531,99.81999969482422,99.23999786376953,99.5199966430664,12424,0.0,0.0
2023-08-22 11:30:00-04:00,99.51000213623047,99.69999694824219,98.95500183105469,99.19999694824219,11941,0.0,0.0
2023-08-22 12:30:00-04:00,99.19499969482422,99.83000183105469,99.19499969482422,99.58000183105469,11014,0.0,0.0
2023-08-22 13:30:00-04:00,99.58499908447266,99.68000030517578,98.70999908447266,98.80000305175781,18452,0.0,0.0
2023-08-22 14:30:00-04:00,98.97000122070312,99.5199966430664,98.69999694824219,99.51000213623047,17074,0.0,0.0
2023-08-22 15:30:00-04:00,99.43000030517578,100.16999816894531,99.36000061035156,99.87999725341797,91874,0.0,0.0
2023-08-23 09:30:00-04:00,100.31999969482422,100.31999969482422,98.83999633789062,98.83999633789062,25055,0.0,0.0
2023-08-23 10:30:00-04:00,98.83000183105469,98.83000183105469,98.27999877929688,98.33999633789062,10598,0.0,0.0
2023-08-23 11:30:00-04:00,98.27999877929688,98.27999877929688,97.84619903564453,98.15499877929688,17183,0.0,0.0
2023-08-23 12:30:00-04:00,98.08999633789062,98.30000305175781,98.06500244140625,98.26000213623047,7810,0.0,0.0
2023-08-23 13:30:00-04:00,98.37000274658203,98.91000366210938,98.33000183105469,98.91000366210938,9680,0.0,0.0
2023-08-23 14:30:00-04:00,98.88999938964844,98.88999938964844,98.3499984741211,98.3499984741211,9577,0.0,0.0
2023-08-23 15:30:00-04:00,98.38999938964844,98.97000122070312,98.01499938964844,98.75,71740,0.0,0.0
2023-08-24 09:30:00-04:00,98.0999984741211,99.2300033569336,97.72000122070312,98.18000030517578,13799,0.0,0.0
2023-08-24 10:30:00-04:00,98.18000030517578,99.41999816894531,98.0,99.2699966430664,21369,0.0,0.0
2023-08-24 11:30:00-04:00,99.19000244140625,99.54930114746094,99.02999877929688,99.33000183105469,16910,0.0,0.0
2023-08-24 12:30:00-04:00,99.29000091552734,99.41999816894531,98.91999816894531,99.0999984741211,13312,0.0,0.0
2023-08-24 13:30:00-04:00,99.11000061035156,99.80999755859375,99.04499816894531,99.80999755859375,18864,0.0,0.0
2023-08-24 14:30:00-04:00,99.86000061035156,100.18000030517578,99.80999755859375,100.13999938964844,22829,0.0,0.0
2023-08-24 15:30:00-04:00,100.18000030517578,100.33999633789062,99.94000244140625,99.9800033569336,55742,0.0,0.0
2023-08-25 09:30:00-04:00,100.3499984741211,101.28700256347656,100.17500305175781,100.2699966430664,15408,0.0,0.0
2023-08-25 10:30:00-04:00,100.25,100.69000244140625,99.87000274658203,100.69000244140625,32571,0.0,0.0
2023-08-25 11:30:00-04:00,100.63999938964844,101.0,100.3949966430664,100.86000061035156,16064,0.0,0.0
2023-08-25 12:30:00-04:00,100.91000366210938,101.54000091552734,100.91000366210938,101.25,18634,0.0,0.0
2023-08-25 13:30:00-04:00,101.20999908447266,101.56999969482422,100.94999694824219,101.46499633789062,14713,0.0,0.0
2023-08-25 14:30:00-04:00,101.43000030517578,101.45999908447266,101.19000244140625,101.38999938964844,17527,0.0,0.0
2023-08-25 15:30:00-04:00,101.33999633789062,101.33999633789062,100.87000274658203,100.87000274658203,35519,0.0,0.0
2023-08-28 09:30:00-04:00,101.05000305175781,102.02999877929688,101.05000305175781,101.62000274658203,10909,0.0,0.0
2023-08-28 10:30:00-04:00,101.75,102.19000244140625,101.75,101.82499694824219,13118,0.0,0.0
2023-08-28 11:30:00-04:00,101.93499755859375,102.12999725341797,101.72000122070312,101.88999938964844,12015,0.0,0.0
2023-08-28 12:30:00-04:00,101.88999938964844,102.0199966430664,101.75,101.7699966430664,7908,0.0,0.0
2023-08-28 13:30:00-04:00,101.72200012207031,101.81999969482422,101.66999816894531,101.68000030517578,10373,0.0,0.0
2023-08-28 14:30:00-04:00,101.69000244140625,101.96499633789062,101.52999877929688,101.80999755859375,24951,0.0,0.0
2023-08-28 15:30:00-04:00,101.80000305175781,102.08999633789062,101.33000183105469,101.37000274658203,52700,0.0,0.0
2023-08-29 09:30:00-04:00,100.9000015258789,101.17389678955078,100.28500366210938,100.28500366210938,13616,0.0,0.0
2023-08-29 10:30:00-04:00,100.2699966430664,100.33999633789062,99.44499969482422,99.63999938964844,24048,0.0,0.0
2023-08-29 11:30:00-04:00,99.66000366210938,100.23999786376953,99.66000366210938,99.94999694824219,20909,0.0,0.0
2023-08-29 12:30:00-04:00,99.98999786376953,99.98999786376953,99.79000091552734,99.93000030517578,8619,0.0,0.0
2023-08-29 13:30:00-04:00,99.95999908447266,100.1447982788086,99.7300033569336,99.7300033569336,10309,0.0,0.0
2023-08-29 14:30:00-04:00,99.72000122070312,99.77999877929688,99.16999816894531,99.37000274658203,34923,0.0,0.0
2023-08-29 15:30:00-04:00,99.33000183105469,99.70999908447266,99.13999938964844,99.69999694824219,92076,0.0,0.0
2023-08-30 09:30:00-04:00,100.19999694824219,101.0,99.55500030517578,100.66000366210938,17796,0.0,0.0
2023-08-30 10:30:00-04:00,100.66000366210938,101.41000366210938,100.66000366210938,101.33000183105469,19319,0.0,0.0
2023-08-30 11:30:00-04:00,101.44999694824219,101.61810302734375,100.93000030517578,101.33740234375,23793,0.0,0.0
2023-08-30 12:30:00-04:00,101.49839782714844,101.62000274658203,100.93499755859375,100.97000122070312,16491,0.0,0.0
2023-08-30 13:30:00-04:00,100.9800033569336,101.25,100.9000015258789,101.18000030517578,13491,0.0,0.0
2023-08-30 14:30:00-04:00,101.20500183105469,101.62999725341797,101.13999938964844,101.61000061035156,22608,0.0,0.0
2023-08-30 15:30:00-04:00,101.6500015258789,101.6500015258789,101.23999786376953,101.3499984741211,46373,0.0,0.0
2023-08-31 09:30:00-04:00,101.27999877929688,102.18460083007812,101.27999877929688,101.88999938964844,10903,0.0,0.0
2023-08-31 10:30:00-04:00,102.02999877929688,102.75,101.93000030517578,102.75,18609,0.0,0.0
2023-08-31 11:30:00-04:00,102.69999694824219,102.70999908447266,102.33000183105469,102.55000305175781,10263,0.0,0.0
2023-08-31 12:30:00-04:00,102.5199966430664,102.83999633789062,102.4729995727539,102.63999938964844,7413,0.0,0.0
2023-08-31 13:30:00-04:00,102.79000091552734,102.96499633789062,102.33999633789062,102.33999633789062,17158,0.0,0.0
2023-08-31 14:30:00-04:00,102.30000305175781,102.38999938964844,101.91000366210938,102.08999633789062,15165,0.0,0.0
2023-08-31 15:30:00-04:00,101.95999908447266,102.02999877929688,101.18000030517578,101.31999969482422,83041,0.0,0.0
2023-09-01 09:30:00-04:00,101.81999969482422,102.6624984741211,101.81999969482422,102.0199966430664,27192,0.0,0.0
2023-09-01 10:30:00-04:00,102.02439880371094,102.87000274658203,101.9000015258789,102.62999725341797,21376,0.0,0.0
2023-09-01 11:30:00-04:00,102.66000366210938,102.69000244140625,101.76000213623047,101.77999877929688,29355,0.0,0.0
2023-09-01 12:30:00-04:00,101.80000305175781,102.44000244140625,101.73249816894531,102.44000244140625,14448,0.0,0.0
2023-09-01 13:30:00-04:00,102.4800033569336,102.72000122070312,101.76000213623047,101.7699966430664,20765,0.0,0.0
2023-09-01 14:30:00-04:00,101.87000274658203,102.06999969482422,101.7300033569336,102.06999969482422,18056,0.0,0.0
2023-09-01 15:30:00-04:00,102.06999969482422,102.2300033569336,101.9000015258789,101.97000122070312,43567,0.0,0.0
2023-09-05 09:30:00-04:00,100.9800033569336,100.9800033569336,99.23999786376953,100.31999969482422,27789,0.0,0.0
2023-09-05 10:30:00-04:00,100.26499938964844,101.44999694824219,100.1500015258789,101.43000030517578,21540,0.0,0.0
2023-09-05 11:30:00-04:00,101.41000366210938,101.41000366210938,100.8499984741211,101.02999877929688,15231,0.0,0.0
2023-09-05 12:30:00-04:00,101.0999984741211,101.45999908447266,100.83999633789062,100.96499633789062,18734,0.0,0.0
2023-09-05 13:30:00-04:00,101.04499816894531,101.37999725341797,101.04499816894531,101.27999877929688,11455,0.0,0.0
2023-09-05 14:30:00-04:00,101.2699966430664,101.37999725341797,100.61000061035156,100.61000061035156,26731,0.0,0.0
2023-09-05 15:30:00-04:00,100.68250274658203,101.19380187988281,100.66000366210938,100.75,65366,0.0,0.0
2023-09-06 09:30:00-04:00,100.62999725341797,101.44499969482422,100.62999725341797,100.83000183105469,13467,0.0,0.0
2023-09-06 10:30:00-04:00,100.91999816894531,101.19000244140625,100.41000366210938,100.54000091552734,18180,0.0,0.0
2023-09-06 11:30:00-04:00,100.4800033569336,100.4800033569336,99.69999694824219,99.7300033569336,24261,0.0,0.0
2023-09-06 12:30:00-04:00,99.70500183105469,100.02999877929688,99.58999633789062,99.80000305175781,10036,0.0,0.0
2023-09-06 13:30:00-04:00,99.77999877929688,100.05000305175781,99.37999725341797,99.44999694824219,20424,0.0,0.0
2023-09-06 14:30:00-04:00,99.51000213623047,99.71499633789062,99.37000274658203,99.41999816894531,24544,0.0,0.0
2023-09-06 15:30:00-04:00,99.5,99.72000122070312,99.19999694824219,99.68499755859375,72435,0.0,0.0
2023-09-07 09:30:00-04:00,99.0999984741211,99.4740982055664,97.5199966430664,97.58000183105469,18051,0.0,0.0
2023-09-07 10:30:00-04:00,97.6500015258789,98.0,97.43000030517578,97.86000061035156,27405,0.0,0.0
2023-09-07 11:30:00-04:00,97.87999725341797,97.95999908447266,97.5,97.7300033569336,32956,0.0,0.0
2023-09-07 12:30:00-04:00,97.76499938964844,97.80500030517578,97.30999755859375,97.31500244140625,41310,0.0,0.0
2023-09-07 13:30:00-04:00,97.30000305175781,97.83999633789062,97.13999938964844,97.3550033569336,73942,0.0,0.0
2023-09-07 14:30:00-04:00,97.4000015258789,97.81500244140625,97.3550033569336,97.81500244140625,52635,0.0,0.0
2023-09-07 15:30:00-04:00,97.80000305175781,98.04000091552734,97.5999984741211,98.0199966430664,124964,0.0,0.0
2023-09-08 09:30:00-04:00,98.19999694824219,99.0199966430664,97.76349639892578,98.0,9214,0.0,0.0
2023-09-08 10:30:00-04:00,97.9800033569336,98.25,97.77999877929688,97.77999877929688,17921,0.0,0.0
2023-09-08 11:30:00-04:00,97.66999816894531,98.072998046875,97.66999816894531,97.7699966430664,14573,0.0,0.0
2023-09-08 12:30:00-04:00,97.65499877929688,97.87999725341797,97.26000213623047,97.45999908447266,12643,0.0,0.0
2023-09-08 13:30:00-04:00,97.36000061035156,97.4800033569336,97.05000305175781,97.34700012207031,23807,0.0,0.0
2023-09-08 14:30:00-04:00,97.29000091552734,97.4800033569336,96.97000122070312,96.97000122070312,29945,0.0,0.0
2023-09-08 15:30:00-04:00,96.9749984741211,97.12000274658203,96.9000015258789,97.06999969482422,69620,0.0,0.0
2023-09-11 09:30:00-04:00,97.68000030517578,97.87000274658203,96.71499633789062,97.79000091552734,35781,0.0,0.0
2023-09-11 10:30:00-04:00,97.81990051269531,97.81990051269531,96.72000122070312,96.86000061035156,17424,0.0,0.0
2023-09-11 11:30:00-04:00,96.82499694824219,97.24500274658203,96.61000061035156,96.71499633789062,27620,0.0,0.0
2023-09-11 12:30:00-04:00,96.70500183105469,97.12000274658203,96.62999725341797,96.75,24555,0.0,0.0
2023-09-11 13:30:00-04:00,96.75,96.98999786376953,96.7249984741211,96.73999786376953,19395,0.0,0.0
2023-09-11 14:30:00-04:00,96.7300033569336,96.94499969482422,96.62999725341797,96.92500305175781,32623,0.0,0.0
2023-09-11 15:30:00-04:00,96.93000030517578,97.75,96.93000030517578,97.5,96547,0.0,0.0
2023-09-12 09:30:00-04:00,97.23999786376953,97.3499984741211,96.26000213623047,96.33000183105469,26917,0.0,0.0
2023-09-12 10:30:00-04:00,96.23500061035156,96.23500061035156,94.91999816894531,95.58999633789062,63604,0.0,0.0
2023-09-12 11:30:00-04:00,95.54000091552734,96.36000061035156,95.33000183105469,95.99500274658203,27134,0.0,0.0
2023-09-12 12:30:00-04:00,95.97000122070312,97.05000305175781,95.97000122070312,96.76000213623047,19604,0.0,0.0
2023-09-12 13:30:00-04:00,96.7699966430664,97.62999725341797,96.76000213623047,97.43000030517578,24186,0.0,0.0
2023-09-12 14:30:00-04:00,97.11499786376953,97.33999633789062,96.5199966430664,96.7699966430664,35407,0.0,0.0
2023-09-12 15:30:00-04:00,96.83999633789062,96.94999694824219,96.63999938964844,96.69999694824219,59100,0.0,0.0
2023-09-13 09:30:00-04:00,96.33999633789062,96.93000030517578,96.0999984741211,96.83999633789062,29645,0.0,0.0
2023-09-13 10:30:00-04:00,96.7300033569336,96.98500061035156,96.33000183105469,96.44999694824219,35105,0.0,0.0
2023-09-13 11:30:00-04:00,96.31999969482422,96.94000244140625,96.1500015258789,96.56999969482422,32860,0.0,0.0
2023-09-13 12:30:00-04:00,96.62000274658203,96.6500015258789,96.4000015258789,96.46499633789062,16134,0.0,0.0
2023-09-13 13:30:00-04:00,96.38999938964844,96.71499633789062,96.30999755859375,96.56999969482422,23441,0.0,0.0
2023-09-13 14:30:00-04:00,96.58499908447266,96.58999633789062,96.36000061035156,96.41000366210938,33763,0.0,0.0
2023-09-13 15:30:00-04:00,96.45999908447266,96.65499877929688,96.06999969482422,96.36000061035156,81844,0.0,0.0
2023-09-14 09:30:00-04:00,96.80000305175781,97.3822021484375,96.33499908447266,96.5999984741211,22873,0.0,0.0
2023-09-14 10:30:00-04:00,96.56500244140625,96.7750015258789,96.2300033569336,96.2699966430664,17344,0.0,0.0
2023-09-14 11:30:00-04:00,96.33000183105469,96.95999908447266,96.22000122070312,96.91000366210938,13424,0.0,0.0
2023-09-14 12:30:00-04:00,96.95999908447266,97.48500061035156,96.9000015258789,97.18499755859375,11266,0.0,0.0
2023-09-14 13:30:00-04:00,97.22000122070312,97.92500305175781,97.18499755859375,97.83000183105469,25870,0.0,0.0
2023-09-14 14:30:00-04:00,97.82499694824219,97.82499694824219,97.41500091552734,97.69000244140625,33379,0.0,0.0
2023-09-14 15:30:00-04:00,97.66999816894531,98.08000183105469,97.56999969482422,98.08000183105469,49937,0.0,0.0
2023-09-15 09:30:00-04:00,98.05000305175781,98.80000305175781,97.48999786376953,98.02999877929688,70941,0.0,0.0
2023-09-15 10:30:00-04:00,98.12999725341797,98.19000244140625,97.75,98.06999969482422,38424,0.0,0.0
2023-09-15 11:30:00-04:00,98.04499816894531,98.55000305175781,97.9800033569336,98.33000183105469,13336,0.0,0.0
2023-09-15 12:30:00-04:00,98.38999938964844,98.66999816894531,98.06999969482422,98.07499694824219,15525,0.0,0.0
2023-09-15 13:30:00-04:00,98.12999725341797,98.5199966430664,98.06999969482422,98.44000244140625,23790,0.0,0.0
2023-09-15 14:30:00-04:00,98.43000030517578,98.62000274658203,98.41999816894531,98.62000274658203,22651,0.0,0.0
2023-09-15 15:30:00-04:00,98.61000061035156,98.66999816894531,98.13999938964844,98.13999938964844,64799,0.0,0.0
2023-09-18 09:30:00-04:00,98.0,98.16000366210938,97.6500015258789,98.08499908447266,11380,0.0,0.0
2023-09-18 10:30:00-04:00,98.34989929199219,98.62999725341797,98.11499786376953,98.16999816894531,8233,0.0,0.0
2023-09-18 11:30:00-04:00,98.27999877929688,98.81999969482422,98.23999786376953,98.56999969482422,32913,0.0,0.0
2023-09-18 12:30:00-04:00,98.5199966430664,98.58000183105469,97.66999816894531,97.75,32579,0.0,0.0
2023-09-18 13:30:00-04:00,97.68000030517578,97.7699966430664,97.38999938964844,97.55000305175781,8928,0.0,0.0
2023-09-18 14:30:00-04:00,97.53500366210938,97.53500366210938,97.08000183105469,97.08999633789062,17631,0.0,0.0
2023-09-18 15:30:00-04:00,97.11000061035156,97.11000061035156,96.63999938964844,96.69999694824219,38558,0.0,0.0
2023-09-19 09:30:00-04:00,96.30000305175781,96.86499786376953,96.16010284423828,96.26000213623047,9660,0.0,0.0
2023-09-19 10:30:00-04:00,96.23999786376953,96.47000122070312,96.22000122070312,96.44999694824219,15503,0.0,0.0
2023-09-19 11:30:00-04:00,96.52989959716797,96.52999877929688,95.71499633789062,95.98799896240234,13882,0.0,0.0
2023-09-19 12:30:00-04:00,95.98999786376953,96.19000244140625,95.86000061035156,96.19000244140625,9618,0.0,0.0
2023-09-19 13:30:00-04:00,96.12999725341797,96.16000366210938,95.83000183105469,95.83000183105469,12542,0.0,0.0
2023-09-19 14:30:00-04:00,95.91999816894531,96.12999725341797,95.8550033569336,96.08999633789062,20955,0.0,0.0
2023-09-19 15:30:00-04:00,96.08000183105469,96.23999786376953,95.79000091552734,95.81999969482422,49424,0.0,0.0
2023-09-20 09:30:00-04:00,96.45999908447266,97.01000213623047,96.27999877929688,96.6500015258789,8562,0.0,0.0
2023-09-20 10:30:00-04:00,96.67160034179688,96.77999877929688,96.41999816894531,96.4749984741211,11425,0.0,0.0
2023-09-20 11:30:00-04:00,96.5199966430664,96.7251968383789,96.29000091552734,96.5199966430664,18976,0.0,0.0
2023-09-20 12:30:00-04:00,96.55999755859375,96.55999755859375,96.0199966430664,96.12999725341797,23993,0.0,0.0
2023-09-20 13:30:00-04:00,96.22000122070312,96.23470306396484,95.81999969482422,96.23470306396484,12766,0.0,0.0
2023-09-20 14:30:00-04:00,96.25,96.45999908447266,95.97000122070312,96.02999877929688,19771,0.0,0.0
2023-09-20 15:30:00-04:00,96.01000213623047,96.01000213623047,95.55000305175781,95.66000366210938,42984,0.0,0.0
2023-09-21 09:30:00-04:00,95.02999877929688,95.91500091552734,94.73999786376953,95.7699966430664,22320,0.0,0.0
2023-09-21 10:30:00-04:00,95.83999633789062,96.30999755859375,95.82499694824219,95.88999938964844,30292,0.0,0.0
2023-09-21 11:30:00-04:00,96.13999938964844,96.18000030517578,95.80000305175781,95.8499984741211,14124,0.0,0.0
2023-09-21 12:30:00-04:00,95.83999633789062,96.19000244140625,95.73500061035156,96.19000244140625,18817,0.0,0.0
2023-09-21 13:30:00-04:00,96.29000091552734,96.37000274658203,95.83499908447266,95.83999633789062,15102,0.0,0.0
2023-09-21 14:30:00-04:00,95.82009887695312,96.08499908447266,95.77999877929688,95.8550033569336,33398,0.0,0.0
2023-09-21 15:30:00-04:00,95.88999938964844,95.93000030517578,95.58999633789062,95.7300033569336,57653,0.0,0.0
2023-09-22 09:30:00-04:00,96.02999877929688,96.5792007446289,95.5,95.63999938964844,18747,0.0,0.0
2023-09-22 10:30:00-04:00,95.8499984741211,96.0802001953125,95.58999633789062,95.66999816894531,19346,0.0,0.0
2023-09-22 11:30:00-04:00,95.5999984741211,96.0199966430664,95.56999969482422,95.91999816894531,15407,0.0,0.0
2023-09-22 12:30:00-04:00,95.98999786376953,96.375,95.74500274658203,95.86319732666016,12979,0.0,0.0
2023-09-22 13:30:00-04:00,95.79000091552734,95.80999755859375,95.30999755859375,95.30999755859375,22344,0.0,0.0
2023-09-22 14:30:00-04:00,95.30999755859375,95.83000183105469,95.30000305175781,95.3499984741211,35151,0.0,0.0
2023-09-22 15:30:00-04:00,95.44000244140625,95.55999755859375,95.0,95.13500213623047,47190,0.0,0.0
2023-09-25 09:30:00-04:00,94.69000244140625,95.48999786376953,94.16000366210938,94.36000061035156,19002,0.0,0.0
2023-09-25 10:30:00-04:00,94.41999816894531,94.70999908447266,94.30000305175781,94.5999984741211,21595,0.0,0.0
2023-09-25 11:30:00-04:00,94.69999694824219,95.30809783935547,94.62000274658203,94.9000015258789,17303,0.0,0.0
2023-09-25 12:30:00-04:00,94.9000015258789,95.0,94.52999877929688,94.52999877929688,23042,0.0,0.0
2023-09-25 13:30:00-04:00,94.47000122070312,94.87999725341797,94.37999725341797,94.5250015258789,35701,0.0,0.0
2023-09-25 14:30:00-04:00,94.51000213623047,94.8499984741211,94.29000091552734,94.66999816894531,30224,0.0,0.0
2023-09-25 15:30:00-04:00,94.76499938964844,94.88999938964844,94.54000091552734,94.83000183105469,67473,0.0,0.0
2023-09-26 09:30:00-04:00,94.4800033569336,94.92250061035156,93.91999816894531,94.48999786376953,9164,0.0,0.0
2023-09-26 10:30:00-04:00,94.58499908447266,94.58499908447266,93.77999877929688,93.77999877929688,8537,0.0,0.0
2023-09-26 11:30:00-04:00,93.7699966430664,94.02999877929688,93.76000213623047,94.00499725341797,15037,0.0,0.0
2023-09-26 12:30:00-04:00,93.93000030517578,94.13990020751953,93.62969970703125,93.62969970703125,11356,0.0,0.0
2023-09-26 13:30:00-04:00,93.56999969482422,94.07520294189453,93.55999755859375,94.01000213623047,16770,0.0,0.0
2023-09-26 14:30:00-04:00,94.05000305175781,94.2300033569336,93.92500305175781,93.92500305175781,17185,0.0,0.0
2023-09-26 15:30:00-04:00,93.9000015258789,94.05999755859375,93.62000274658203,93.62000274658203,31447,0.0,0.0
2023-09-27 09:30:00-04:00,93.86000061035156,94.91590118408203,93.86000061035156,94.91590118408203,9528,0.0,0.0
2023-09-27 10:30:00-04:00,94.8949966430664,95.70999908447266,94.79000091552734,95.70999908447266,10929,0.0,0.0
2023-09-27 11:30:00-04:00,95.67500305175781,95.7249984741211,95.31999969482422,95.36000061035156,15310,0.0,0.0
2023-09-27 12:30:00-04:00,95.45500183105469,95.88999938964844,95.31999969482422,95.31999969482422,11761,0.0,0.0
2023-09-27 13:30:00-04:00,95.5208969116211,95.95999908447266,95.5208969116211,95.95999908447266,11609,0.0,0.0
2023-09-27 14:30:00-04:00,95.94000244140625,96.4000015258789,95.93499755859375,96.2699966430664,23576,0.0,0.0
2023-09-27 15:30:00-04:00,96.27200317382812,96.73999786376953,96.15299987792969,96.63999938964844,52438,0.0,0.0
2023-09-28 09:30:00-04:00,96.62999725341797,97.29000091552734,96.58999633789062,96.65499877929688,9384,0.0,0.0
2023-09-28 10:30:00-04:00,96.54000091552734,96.95999908447266,96.5,96.81999969482422,16141,0.0,0.0
2023-09-28 11:30:00-04:00,96.83999633789062,97.80000305175781,96.79000091552734,97.80000305175781,31076,0.0,0.0
2023-09-28 12:30:00-04:00,97.68000030517578,97.72000122070312,97.09500122070312,97.37000274658203,12796,0.0,0.0
2023-09-28 13:30:00-04:00,97.37000274658203,97.63999938964844,97.3499984741211,97.52999877929688,13454,0.0,0.0
2023-09-28 14:30:00-04:00,97.5,97.87999725341797,97.3499984741211,97.75,31359,0.0,0.0
2023-09-28 15:30:00-04:00,97.75,97.9800033569336,97.63999938964844,97.75,57362,0.0,0.0
2023-09-29 09:30:00-04:00,98.16000366210938,98.38030242919922,97.49019622802734,98.06999969482422,18943,0.0,0.0
2023-09-29 10:30:00-04:00,98.29000091552734,98.6500015258789,98.08999633789062,98.31999969482422,16911,0.0,0.0
2023-09-29 11:30:00-04:00,98.4000015258789,98.4000015258789,97.62000274658203,97.93000030517578,16190,0.0,0.0
2023-09-29 12:30:00-04:00,97.94000244140625,98.0250015258789,97.19499969482422,97.6500015258789,23617,0.0,0.0
2023-09-29 13:30:00-04:00,97.6500015258789,97.69999694824219,97.37999725341797,97.45500183105469,31891,0.0,0.0
2023-09-29 14:30:00-04:00,97.2699966430664,98.03500366210938,97.05819702148438,97.86000061035156,39824,0.0,0.0
2023-09-29 15:30:00-04:00,97.80999755859375,97.99500274658203,97.5199966430664,97.54000091552734,95071,0.0,0.0
2023-10-02 09:30:00-04:00,97.05000305175781,97.55500030517578,96.18000030517578,97.19999694824219,13595,0.0,0.0
2023-10-02 10:30:00-04:00,97.27999877929688,97.4000015258789,96.65499877929688,97.36499786376953,10410,0.0,0.0
2023-10-02 11:30:00-04:00,97.41999816894531,97.41999816894531,96.55000305175781,96.86000061035156,14655,0.0,0.0
2023-10-02 12:30:00-04:00,96.84500122070312,96.84500122070312,96.11000061035156,96.25,19689,0.0,0.0
2023-10-02 13:30:00-04:00,96.3499984741211,96.6500015258789,96.30500030517578,96.48500061035156,15166,0.0,0.0
2023-10-02 14:30:00-04:00,96.54000091552734,96.58000183105469,96.3499984741211,96.47000122070312,25569,0.0,0.0
2023-10-02 15:30:00-04:00,96.5,97.0999984741211,96.41000366210938,96.91000366210938,33497,0.0,0.0
2023-10-03 09:30:00-04:00,96.63999938964844,96.95999908447266,96.35279846191406,96.41000366210938,8573,0.0,0.0
2023-10-03 10:30:00-04:00,96.56999969482422,96.58999633789062,96.02999877929688,96.36000061035156,13685,0.0,0.0
2023-10-03 11:30:00-04:00,96.3499984741211,96.3499984741211,95.59500122070312,95.59500122070312,13150,0.0,0.0
2023-10-03 12:30:00-04:00,95.70999908447266,96.05999755859375,95.34500122070312,95.83000183105469,21524,0.0,0.0
2023-10-03 13:30:00-04:00,95.81999969482422,96.18000030517578,95.63999938964844,95.80999755859375,23985,0.0,0.0
2023-10-03 14:30:00-04:00,95.83000183105469,96.05000305175781,95.68499755859375,95.7300033569336,21063,0.0,0.0
2023-10-03 15:30:00-04:00,95.7300033569336,96.05999755859375,95.7300033569336,95.91999816894531,38201,0.0,0.0
2023-10-04 09:30:00-04:00,96.11000061035156,96.63999938964844,95.80999755859375,95.80999755859375,13239,0.0,0.0
2023-10-04 10:30:00-04:00,95.9800033569336,96.87999725341797,95.9800033569336,96.87999725341797,16147,0.0,0.0
2023-10-04 11:30:00-04:00,96.98999786376953,97.41500091552734,96.8499984741211,97.30999755859375,14778,0.0,0.0
2023-10-04 12:30:00-04:00,97.30999755859375,97.30999755859375,96.98999786376953,97.1500015258789,15085,0.0,0.0
2023-10-04 13:30:00-04:00,97.0999984741211,97.2249984741211,97.04000091552734,97.20500183105469,10887,0.0,0.0
2023-10-04 14:30:00-04:00,97.09500122070312,97.62000274658203,97.09500122070312,97.62000274658203,21390,0.0,0.0
2023-10-04 15:30:00-04:00,97.66000366210938,97.93000030517578,97.58999633789062,97.69000244140625,50932,0.0,0.0
2023-10-05 09:30:00-04:00,97.72000122070312,98.01000213623047,96.9800033569336,97.18879699707031,8930,0.0,0.0
2023-10-05 10:30:00-04:00,97.37999725341797,97.37999725341797,96.58999633789062,96.66500091552734,12244,0.0,0.0
2023-10-05 11:30:00-04:00,96.61499786376953,96.72000122070312,96.35980224609375,96.6675033569336,23206,0.0,0.0
2023-10-05 12:30:00-04:00,96.66000366210938,96.66000366210938,96.30000305175781,96.55000305175781,22911,0.0,0.0
2023-10-05 13:30:00-04:00,96.56500244140625,96.73999786376953,96.36000061035156,96.61000061035156,19063,0.0,0.0
2023-10-05 14:30:00-04:00,96.68000030517578,97.06999969482422,96.58999633789062,96.61000061035156,17684,0.0,0.0
2023-10-05 15:30:00-04:00,96.5999984741211,96.5999984741211,96.06999969482422,96.06999969482422,76216,0.0,0.0
2023-10-06 09:30:00-04:00,95.55999755859375,96.38999938964844,95.55999755859375,96.29000091552734,14564,0.0,0.0
2023-10-06 10:30:00-04:00,96.38999938964844,96.87999725341797,96.30000305175781,96.87999725341797,13732,0.0,0.0
2023-10-06 11:30:00-04:00,96.81999969482422,97.76000213623047,96.81999969482422,97.1500015258789,17923,0.0,0.0
2023-10-06 12:30:00-04:00,97.09500122070312,97.23999786376953,96.83999633789062,97.05000305175781,9573,0.0,0.0
2023-10-06 13:30:00-04:00,97.08999633789062,97.26799774169922,96.88249969482422,97.08000183105469,10952,0.0,0.0
2023-10-06 14:30:00-04:00,97.11000061035156,97.5,97.08000183105469,97.5,23081,0.0,0.0
2023-10-06 15:30:00-04:00,97.5199966430664,97.5999984741211,97.18000030517578,97.58000183105469,58256,0.0,0.0
2023-10-09 09:30:00-04:00,97.0,98.3499984741211,96.62680053710938,98.16000366210938,12868,0.0,0.0
2023-10-09 10:30:00-04:00,98.16999816894531,98.6050033569336,98.08999633789062,98.29000091552734,11914,0.0,0.0
2023-10-09 11:30:00-04:00,98.30500030517578,98.97000122070312,98.30500030517578,98.97000122070312,9499,0.0,0.0
2023-10-09 12:30:00-04:00,98.55999755859375,98.6449966430664,98.30999755859375,98.6050033569336,15524,0.0,0.0
2023-10-09 13:30:00-04:00,98.66999816894531,99.1500015258789,98.59500122070312,98.90499877929688,16161,0.0,0.0
2023-10-09 14:30:00-04:00,98.9000015258789,99.0,98.71499633789062,98.76000213623047,10221,0.0,0.0
2023-10-09 15:30:00-04:00,98.6500015258789,98.80000305175781,98.52999877929688,98.54000091552734,33976,0.0,0.0
2023-10-10 09:30:00-04:00,98.5999984741211,99.48999786376953,97.55999755859375,98.6500015258789,7069,0.0,0.0
2023-10-10 10:30:00-04:00,98.5199966430664,98.75379943847656,98.31999969482422,98.73500061035156,13007,0.0,0.0
2023-10-10 11:30:00-04:00,98.5999984741211,99.0999984741211,98.5999984741211,98.8550033569336,10399,0.0,0.0
2023-10-10 12:30:00-04:00,98.79000091552734,98.9749984741211,98.70999908447266,98.83999633789062,7770,0.0,0.0
2023-10-10 13:30:00-04:00,98.81500244140625,98.9000015258789,98.45999908447266,98.45999908447266,10603,0.0,0.0
2023-10-10 14:30:00-04:00,98.5,98.80000305175781,98.48400115966797,98.58999633789062,17147,0.0,0.0
2023-10-10 15:30:00-04:00,98.62000274658203,98.93000030517578,98.41999816894531,98.4800033569336,41726,0.0,0.0
2023-10-11 09:30:00-04:00,98.95999908447266,99.28500366210938,98.33920288085938,98.87999725341797,6535,0.0,0.0
2023-10-11 10:30:00-04:00,98.86000061035156,98.86000061035156,98.33999633789062,98.43000030517578,7195,0.0,0.0
2023-10-11 11:30:00-04:00,98.5199966430664,98.72000122070312,97.80999755859375,97.8550033569336,8056,0.0,0.0
2023-10-11 12:30:00-04:00,97.8550033569336,98.23999786376953,97.8550033569336,98.11000061035156,10689,0.0,0.0
2023-10-11 13:30:00-04:00,97.91000366210938,98.1500015258789,97.69999694824219,97.99500274658203,15623,0.0,0.0
2023-10-11 14:30:00-04:00,98.00499725341797,98.08000183105469,97.91999816894531,97.94499969482422,10926,0.0,0.0
2023-10-11 15:30:00-04:00,97.96499633789062,98.30999755859375,97.96499633789062,98.27999877929688,28082,0.0,0.0
2023-10-12 09:30:00-04:00,98.04000091552734,98.16000366210938,97.35199737548828,98.01000213623047,11177,0.0,0.0
2023-10-12 10:30:00-04:00,98.1865005493164,98.61499786376953,97.93000030517578,98.61499786376953,8520,0.0,0.0
2023-10-12 11:30:00-04:00,98.38999938964844,98.80000305175781,98.37999725341797,98.70999908447266,38541,0.0,0.0
2023-10-12 12:30:00-04:00,98.77749633789062,98.83999633789062,98.33000183105469,98.37000274658203,15041,0.0,0.0
2023-10-12 13:30:00-04:00,98.30999755859375,98.4749984741211,97.62999725341797,97.80000305175781,18007,0.0,0.0
2023-10-12 14:30:00-04:00,97.80999755859375,98.01000213623047,97.68000030517578,97.7699966430664,11090,0.0,0.0
2023-10-12 15:30:00-04:00,97.80000305175781,97.9000015258789,97.5999984741211,97.8499984741211,24857,0.0,0.0
2023-10-13 09:30:00-04:00,98.1500015258789,98.66500091552734,98.00499725341797,98.58999633789062,12200,0.0,0.0
2023-10-13 10:30:00-04:00,98.66999816894531,98.66999816894531,97.66999816894531,97.76000213623047,11909,0.0,0.0
2023-10-13 11:30:00-04:00,97.6449966430664,98.05999755859375,97.6449966430664,97.87000274658203,11995,0.0,0.0
2023-10-13 12:30:00-04:00,98.05999755859375,98.05999755859375,97.31559753417969,97.37000274658203,8183,0.0,0.0
2023-10-13 13:30:00-04:00,97.29000091552734,98.11000061035156,97.26260375976562,97.94000244140625,10021,0.0,0.0
2023-10-13 14:30:00-04:00,98.0875015258789,98.25,97.88999938964844,98.25,12646,0.0,0.0
2023-10-13 15:30:00-04:00,98.2699966430664,98.87999725341797,98.16999816894531,98.87000274658203,46916,0.0,0.0
2023-10-16 09:30:00-04:00,99.5999984741211,100.87000274658203,99.3499984741211,100.32499694824219,24103,0.0,0.0
2023-10-16 10:30:00-04:00,100.3499984741211,100.62000274658203,100.16999816894531,100.22000122070312,8051,0.0,0.0
2023-10-16 11:30:00-04:00,100.20999908447266,101.04000091552734,100.0250015258789,101.04000091552734,10777,0.0,0.0
2023-10-16 12:30:00-04:00,101.08000183105469,101.25,100.8949966430664,100.98999786376953,15090,0.0,0.0
2023-10-16 13:30:00-04:00,101.23999786376953,101.63500213623047,101.19999694824219,101.63500213623047,15102,0.0,0.0
2023-10-16 14:30:00-04:00,101.48919677734375,101.66500091552734,101.44000244140625,101.54000091552734,19113,0.0,0.0
2023-10-16 15:30:00-04:00,101.52249908447266,101.77999877929688,101.36499786376953,101.58999633789062,60966,0.0,0.0
2023-10-17 09:30:00-04:00,101.41999816894531,102.55500030517578,101.41999816894531,102.2699966430664,8019,0.0,0.0
2023-10-17 10:30:00-04:00,102.41999816894531,102.5,102.16000366210938,102.33000183105469,8106,0.0,0.0
2023-10-17 11:30:00-04:00,102.59929656982422,103.11000061035156,102.59929656982422,102.98999786376953,9632,0.0,0.0
2023-10-17 12:30:00-04:00,102.9800033569336,102.9800033569336,102.43000030517578,102.43000030517578,13229,0.0,0.0
2023-10-17 13:30:00-04:00,102.44000244140625,102.5,101.70999908447266,101.94999694824219,24955,0.0,0.0
2023-10-17 14:30:00-04:00,101.99749755859375,102.11000061035156,101.7300033569336,101.95999908447266,20846,0.0,0.0
2023-10-17 15:30:00-04:00,102.08000183105469,102.08000183105469,101.55000305175781,101.66000366210938,44193,0.0,0.0
2023-10-18 09:30:00-04:00,100.87999725341797,100.98999786376953,100.0250015258789,100.73739624023438,12041,0.0,0.0
2023-10-18 10:30:00-04:00,100.54000091552734,100.98500061035156,100.54000091552734,100.98500061035156,5650,0.0,0.0
2023-10-18 11:30:00-04:00,100.83999633789062,101.13999938964844,100.7249984741211,100.76000213623047,15833,0.0,0.0
2023-10-18 12:30:00-04:00,100.75,101.0999984741211,100.23999786376953,100.72000122070312,10965,0.0,0.0
2023-10-18 13:30:00-04:00,100.72000122070312,101.16999816894531,100.55999755859375,100.82499694824219,12459,0.0,0.0
2023-10-18 14:30:00-04:00,100.83000183105469,100.83000183105469,100.2699966430664,100.41999816894531,42156,0.0,0.0
2023-10-18 15:30:00-04:00,100.47000122070312,100.5250015258789,100.0199966430664,100.05999755859375,33815,0.0,0.0
2023-10-19 09:30:00-04:00,99.55999755859375,100.44000244140625,99.55999755859375,100.3499984741211,42193,0.0,0.0
2023-10-19 10:30:00-04:00,100.32499694824219,100.40499877929688,99.69000244140625,100.2300033569336,16411,0.0,0.0
2023-10-19 11:30:00-04:00,100.25,101.63999938964844,100.25,101.18499755859375,40601,0.0,0.0
2023-10-19 12:30:00-04:00,101.16000366210938,101.89900207519531,100.72000122070312,101.54499816894531,26649,0.0,0.0
2023-10-19 13:30:00-04:00,101.48999786376953,101.48999786376953,99.97000122070312,100.00499725341797,10619,0.0,0.0
2023-10-19 14:30:00-04:00,99.60009765625,100.05999755859375,99.11499786376953,100.0,62549,0.0,0.0
2023-10-19 15:30:00-04:00,100.05000305175781,100.33000183105469,99.98999786376953,100.0999984741211,42127,0.0,0.0
2023-10-20 09:30:00-04:00,100.37000274658203,100.37000274658203,99.12000274658203,99.12000274658203,27313,0.0,0.0
2023-10-20 10:30:00-04:00,98.91000366210938,99.7699966430664,98.91000366210938,99.1500015258789,17592,0.0,0.0
2023-10-20 11:30:00-04:00,99.25,99.9749984741211,99.25,99.7750015258789,24575,0.0,0.0
2023-10-20 12:30:00-04:00,99.77999877929688,99.95999908447266,99.49500274658203,99.49500274658203,14957,0.0,0.0
2023-10-20 13:30:00-04:00,99.52999877929688,99.73500061035156,99.41999816894531,99.66000366210938,30171,0.0,0.0
2023-10-20 14:30:00-04:00,99.66999816894531,99.72000122070312,99.2750015258789,99.3499984741211,18853,0.0,0.0
2023-10-20 15:30:00-04:00,99.25900268554688,99.25900268554688,98.08499908447266,98.23999786376953,46465,0.0,0.0
2023-10-23 09:30:00-04:00,97.95999908447266,99.2699966430664,97.94999694824219,98.77559661865234,16939,0.0,0.0
2023-10-23 10:30:00-04:00,98.5,98.82499694824219,98.12000274658203,98.62999725341797,7414,0.0,0.0
2023-10-23 11:30:00-04:00,98.62999725341797,98.8499984741211,98.4520034790039,98.7699966430664,9948,0.0,0.0
2023-10-23 12:30:00-04:00,98.77999877929688,98.9800033569336,98.30000305175781,98.41999816894531,7818,0.0,0.0
2023-10-23 13:30:00-04:00,98.15499877929688,98.7300033569336,98.15499877929688,98.37000274658203,14576,0.0,0.0
2023-10-23 14:30:00-04:00,98.3302001953125,98.72000122070312,98.01000213623047,98.2300033569336,12415,0.0,0.0
2023-10-23 15:30:00-04:00,97.98999786376953,98.16999816894531,97.72000122070312,97.7300033569336,41850,0.0,0.0
2023-10-24 09:30:00-04:00,98.2300033569336,98.99720001220703,97.51000213623047,97.93000030517578,13243,0.0,0.0
2023-10-24 10:30:00-04:00,97.83999633789062,98.06500244140625,97.05999755859375,97.05999755859375,21969,0.0,0.0
2023-10-24 11:30:00-04:00,97.11000061035156,97.13999938964844,96.15499877929688,96.5999984741211,19842,0.0,0.0
2023-10-24 12:30:00-04:00,96.66000366210938,96.83999633789062,96.48999786376953,96.83999633789062,9840,0.0,0.0
2023-10-24 13:30:00-04:00,96.83000183105469,97.0199966430664,96.5999984741211,97.01000213623047,14546,0.0,0.0
2023-10-24 14:30:00-04:00,97.01000213623047,97.51000213623047,96.9093017578125,97.51000213623047,17783,0.0,0.0
2023-10-24 15:30:00-04:00,97.63999938964844,97.63999938964844,97.27999877929688,97.30000305175781,54889,0.0,0.0
2023-10-25 09:30:00-04:00,96.44000244140625,96.9800033569336,95.0199966430664,95.72000122070312,84819,0.0,0.0
2023-10-25 10:30:00-04:00,95.66000366210938,96.76000213623047,95.63999938964844,96.76000213623047,16830,0.0,0.0
2023-10-25 11:30:00-04:00,96.5999984741211,96.74500274658203,95.88999938964844,95.88999938964844,17931,0.0,0.0
2023-10-25 12:30:00-04:00,95.80999755859375,96.08000183105469,95.7699966430664,96.01499938964844,12850,0.0,0.0
2023-10-25 13:30:00-04:00,96.0199966430664,96.29000091552734,95.94999694824219,96.22000122070312,13567,0.0,0.0
2023-10-25 14:30:00-04:00,96.2239990234375,96.2300033569336,95.54499816894531,95.69999694824219,44724,0.0,0.0
2023-10-25 15:30:00-04:00,95.61000061035156,95.79499816894531,95.13999938964844,95.27999877929688,65825,0.0,0.0
2023-10-26 09:30:00-04:00,95.66999816894531,97.8499984741211,95.66999816894531,97.8499984741211,17777,0.0,0.0
2023-10-26 10:30:00-04:00,97.65699768066406,98.22000122070312,97.09500122070312,98.02999877929688,15704,0.0,0.0
2023-10-26 11:30:00-04:00,98.04000091552734,98.61000061035156,97.94999694824219,98.3499984741211,34000,0.0,0.0
2023-10-26 12:30:00-04:00,98.33820343017578,98.88999938964844,98.19999694824219,98.7300033569336,21659,0.0,0.0
2023-10-26 13:30:00-04:00,98.6500015258789,99.16000366210938,98.56999969482422,99.05000305175781,29926,0.0,0.0
2023-10-26 14:30:00-04:00,98.97000122070312,99.2300033569336,98.6500015258789,98.69000244140625,38331,0.0,0.0
2023-10-26 15:30:00-04:00,98.72000122070312,98.80000305175781,97.94000244140625,98.04000091552734,51201,0.0,0.0
2023-10-27 09:30:00-04:00,97.55999755859375,98.48500061035156,96.01000213623047,97.08999633789062,14221,0.0,0.0
2023-10-27 10:30:00-04:00,97.18000030517578,97.62999725341797,97.16999816894531,97.4800033569336,11003,0.0,0.0
2023-10-27 11:30:00-04:00,97.41999816894531,97.47000122070312,96.66000366210938,96.7699966430664,12212,0.0,0.0
2023-10-27 12:30:00-04:00,96.76000213623047,96.76000213623047,95.9000015258789,96.08499908447266,8771,0.0,0.0
2023-10-27 13:30:00-04:00,95.94999694824219,96.29000091552734,95.75,96.04000091552734,19011,0.0,0.0
2023-10-27 14:30:00-04:00,95.91500091552734,96.18000030517578,95.58000183105469,95.7300033569336,22942,0.0,0.0
2023-10-27 15:30:00-04:00,95.80000305175781,95.80000305175781,95.31999969482422,95.55999755859375,51649,0.0,0.0
2023-10-30 09:30:00-04:00,96.30000305175781,96.5999984741211,95.93000030517578,96.4000015258789,18418,0.0,0.0
2023-10-30 10:30:00-04:00,96.30999755859375,96.69999694824219,96.1500015258789,96.58499908447266,44562,0.0,0.0
2023-10-30 11:30:00-04:00,96.59500122070312,97.31999969482422,96.58999633789062,97.31500244140625,23190,0.0,0.0
2023-10-30 12:30:00-04:00,97.28500366210938,97.61000061035156,96.7300033569336,97.5,35583,0.0,0.0
2023-10-30 13:30:00-04:00,97.58000183105469,98.12000274658203,97.51000213623047,97.91000366210938,85742,0.0,0.0
2023-10-30 14:30:00-04:00,97.94000244140625,98.72000122070312,97.01000213623047,97.67500305175781,180723,0.0,0.0
2023-10-30 15:30:00-04:00,97.67500305175781,97.68499755859375,96.47000122070312,96.4800033569336,83020,0.0,0.0
2023-10-31 09:30:00-04:00,103.77999877929688,111.37999725341797,103.77999877929688,110.91000366210938,197666,0.0,0.0
2023-10-31 10:30:00-04:00,110.98999786376953,110.98999786376953,104.58000183105469,105.56999969482422,92865,0.0,0.0
2023-10-31 11:30:00-04:00,105.80999755859375,106.52999877929688,104.6500015258789,105.0199966430664,51129,0.0,0.0
2023-10-31 12:30:00-04:00,105.0250015258789,105.66000366210938,104.33000183105469,104.51000213623047,39289,0.0,0.0
2023-10-31 13:30:00-04:00,104.6500015258789,104.9800033569336,103.30000305175781,104.14910125732422,54699,0.0,0.0
2023-10-31 14:30:00-04:00,104.0199966430664,105.44000244140625,103.69999694824219,105.38999938964844,53670,0.0,0.0
2023-10-31 15:30:00-04:00,105.41500091552734,106.12000274658203,105.3499984741211,105.79000091552734,82023,0.0,0.0
2023-11-01 09:30:00-04:00,105.52999877929688,106.625,103.56999969482422,105.33999633789062,47986,0.0,0.0
2023-11-01 10:30:00-04:00,105.38700103759766,105.47000122070312,102.98999786376953,103.36000061035156,78019,0.0,0.0
2023-11-01 11:30:00-04:00,103.29000091552734,103.30999755859375,102.04000091552734,102.38999938964844,36989,0.0,0.0
2023-11-01 12:30:00-04:00,102.4280014038086,102.44000244140625,101.7750015258789,102.05000305175781,34900,0.0,0.0
2023-11-01 13:30:00-04:00,102.08000183105469,103.03500366210938,101.7300033569336,102.83999633789062,44285,0.0,0.0
2023-11-01 14:30:00-04:00,102.8949966430664,104.30000305175781,102.4000015258789,103.88999938964844,68007,0.0,0.0
2023-11-01 15:30:00-04:00,103.93000030517578,104.4219970703125,103.80999755859375,103.97000122070312,100428,0.0,0.0
2023-11-02 09:30:00-04:00,105.80999755859375,106.58000183105469,105.80000305175781,106.37000274658203,22221,0.0,0.0
2023-11-02 10:30:00-04:00,106.40699768066406,106.53500366210938,105.7699966430664,105.83000183105469,17574,0.0,0.0
2023-11-02 11:30:00-04:00,105.87999725341797,107.0,105.82499694824219,107.0,38168,0.0,0.0
2023-11-02 12:30:00-04:00,107.08999633789062,107.72000122070312,107.00499725341797,107.72000122070312,21938,0.0,0.0
2023-11-02 13:30:00-04:00,107.69999694824219,108.01000213623047,107.44999694824219,107.76000213623047,33963,0.0,0.0
2023-11-02 14:30:00-04:00,107.73999786376953,107.88999938964844,107.06999969482422,107.06999969482422,32851,0.0,0.0
2023-11-02 15:30:00-04:00,107.04000091552734,107.56999969482422,107.04000091552734,107.56999969482422,71949,0.0,0.0
2023-11-03 09:30:00-04:00,109.6500015258789,109.6500015258789,107.48500061035156,107.5,27762,0.0,0.0
2023-11-03 10:30:00-04:00,107.69599914550781,107.70999908447266,106.95500183105469,106.95500183105469,29976,0.0,0.0
2023-11-03 11:30:00-04:00,107.05999755859375,107.80999755859375,106.7300033569336,107.76000213623047,39344,0.0,0.0
2023-11-03 12:30:00-04:00,107.8499984741211,108.48999786376953,107.69999694824219,107.94999694824219,19547,0.0,0.0
2023-11-03 13:30:00-04:00,108.01499938964844,108.5,108.01499938964844,108.5,20408,0.0,0.0
2023-11-03 14:30:00-04:00,108.56999969482422,109.05030059814453,108.27999877929688,108.58000183105469,49669,0.0,0.0
2023-11-03 15:30:00-04:00,108.62000274658203,108.93499755859375,108.47000122070312,108.61900329589844,56326,0.0,0.0
2023-11-06 09:30:00-05:00,106.22000122070312,108.58000183105469,105.17009735107422,107.20999908447266,39730,0.0,0.0
2023-11-06 10:30:00-05:00,106.9800033569336,107.08439636230469,106.55000305175781,106.55000305175781,9688,0.0,0.0
2023-11-06 11:30:00-05:00,106.27999877929688,106.45480346679688,106.0,106.45480346679688,12394,0.0,0.0
2023-11-06 12:30:00-05:00,106.45469665527344,106.69000244140625,106.16999816894531,106.66000366210938,13893,0.0,0.0
2023-11-06 13:30:00-05:00,106.69999694824219,106.94499969482422,106.56999969482422,106.75,11783,0.0,0.0
2023-11-06 14:30:00-05:00,106.58999633789062,107.1500015258789,106.3499984741211,106.68000030517578,40834,0.0,0.0
2023-11-06 15:30:00-05:00,106.78500366210938,106.9729995727539,106.58000183105469,106.88999938964844,35328,0.0,0.0
2023-11-07 09:30:00-05:00,106.97000122070312,107.68499755859375,106.36000061035156,107.04000091552734,9817,0.0,0.0
2023-11-07 10:30:00-05:00,106.68000030517578,106.94000244140625,106.67500305175781,106.75,7525,0.0,0.0
2023-11-07 11:30:00-05:00,106.83499908447266,107.1500015258789,106.44000244140625,106.55999755859375,24529,0.0,0.0
2023-11-07 12:30:00-05:00,106.80999755859375,107.0199966430664,106.66000366210938,107.0199966430664,9208,0.0,0.0
2023-11-07 13:30:00-05:00,106.98999786376953,107.37999725341797,106.97000122070312,107.26000213623047,7683,0.0,0.0
2023-11-07 14:30:00-05:00,107.13500213623047,107.62999725341797,107.13500213623047,107.54000091552734,16499,0.0,0.0
2023-11-07 15:30:00-05:00,107.5824966430664,107.5824966430664,107.03500366210938,107.20999908447266,29809,0.0,0.0
2023-11-08 09:30:00-05:00,107.37000274658203,107.51380157470703,107.06999969482422,107.06999969482422,7285,0.0,0.0
2023-11-08 10:30:00-05:00,107.17500305175781,107.17500305175781,106.5,106.79000091552734,8493,0.0,0.0
2023-11-08 11:30:00-05:00,106.8499984741211,107.19000244140625,106.68000030517578,106.98989868164062,10225,0.0,0.0
2023-11-08 12:30:00-05:00,106.88999938964844,107.04000091552734,106.79000091552734,106.79000091552734,8390,0.0,0.0
2023-11-08 13:30:00-05:00,106.4800033569336,106.77999877929688,106.4800033569336,106.6500015258789,11308,0.0,0.0
2023-11-08 14:30:00-05:00,106.70999908447266,106.94999694824219,106.52999877929688,106.72000122070312,12523,0.0,0.0
2023-11-08 15:30:00-05:00,106.69000244140625,107.125,106.69000244140625,106.91000366210938,28773,0.0,0.0
2023-11-09 09:30:00-05:00,107.7300033569336,107.7300033569336,106.66999816894531,107.30000305175781,7490,0.0,0.0
2023-11-09 10:30:00-05:00,107.24549865722656,108.01000213623047,107.08999633789062,108.01000213623047,13453,0.0,0.0
2023-11-09 11:30:00-05:00,107.91999816894531,108.12000274658203,107.41000366210938,107.61000061035156,18953,0.0,0.0
2023-11-09 12:30:00-05:00,107.69999694824219,107.75,107.04000091552734,107.22000122070312,8350,0.0,0.0
2023-11-09 13:30:00-05:00,107.25,107.2699966430664,106.54000091552734,106.88999938964844,9716,0.0,0.0
2023-11-09 14:30:00-05:00,107.0,107.05000305175781,106.69000244140625,106.93000030517578,12760,0.0,0.0
2023-11-09 15:30:00-05:00,106.9000015258789,107.2699966430664,106.8499984741211,107.2699966430664,50485,0.0,0.0
2023-11-10 09:30:00-05:00,107.55000305175781,107.7345962524414,106.37999725341797,106.87000274658203,11908,0.0,0.0
2023-11-10 10:30:00-05:00,106.79499816894531,107.68000030517578,106.79499816894531,107.68000030517578,8197,0.0,0.0
2023-11-10 11:30:00-05:00,107.61499786376953,107.65499877929688,107.37000274658203,107.65499877929688,9118,0.0,0.0
2023-11-10 12:30:00-05:00,107.75,108.52999877929688,107.5,108.4625015258789,26164,0.0,0.0
2023-11-10 13:30:00-05:00,108.41500091552734,108.98999786376953,108.341796875,108.91500091552734,15669,0.0,0.0
2023-11-10 14:30:00-05:00,108.91999816894531,109.12000274658203,108.73500061035156,108.83999633789062,22099,0.0,0.0
2023-11-10 15:30:00-05:00,108.76000213623047,108.94000244140625,108.55999755859375,108.5999984741211,34396,0.0,0.0
2023-11-13 09:30:00-05:00,108.63999938964844,109.41999816894531,108.16100311279297,108.56999969482422,17741,0.0,0.0
2023-11-13 10:30:00-05:00,108.62000274658203,109.13999938964844,108.6050033569336,109.12000274658203,11618,0.0,0.0
2023-11-13 11:30:00-05:00,109.31999969482422,109.36000061035156,108.72480010986328,108.95500183105469,11445,0.0,0.0
2023-11-13 12:30:00-05:00,108.8499984741211,109.08000183105469,108.2510986328125,108.2510986328125,12885,0.0,0.0
2023-11-13 13:30:00-05:00,108.25,108.83000183105469,108.16000366210938,108.2300033569336,16833,0.0,0.0
2023-11-13 14:30:00-05:00,108.2300033569336,108.7300033569336,108.0999984741211,108.47000122070312,21518,0.0,0.0
2023-11-13 15:30:00-05:00,108.56999969482422,108.63999938964844,107.80999755859375,107.81999969482422,50827,0.0,0.0
2023-11-14 09:30:00-05:00,109.41999816894531,110.7699966430664,109.31999969482422,110.7699966430664,17076,0.0,0.0
2023-11-14 10:30:00-05:00,110.7249984741211,111.26000213623047,110.33000183105469,110.83000183105469,27194,0.0,0.0
2023-11-14 11:30:00-05:00,110.94000244140625,111.32499694824219,110.13999938964844,110.27999877929688,36723,0.0,0.0
2023-11-14 12:30:00-05:00,110.24500274658203,111.11000061035156,109.9800033569336,111.11000061035156,19054,0.0,0.0
2023-11-14 13:30:00-05:00,111.11000061035156,111.25,110.8499984741211,111.25,16657,0.0,0.0
2023-11-14 14:30:00-05:00,111.4000015258789,111.7300033569336,111.37000274658203,111.51000213623047,29837,0.0,0.0
2023-11-14 15:30:00-05:00,111.62999725341797,111.72000122070312,111.1500015258789,111.58999633789062,58751,0.0,0.0
2023-11-15 09:30:00-05:00,111.77999877929688,113.08999633789062,111.49500274658203,112.9000015258789,25811,0.0,0.0
2023-11-15 10:30:00-05:00,113.0,113.2699966430664,112.83000183105469,112.86000061035156,24189,0.0,0.0
2023-11-15 11:30:00-05:00,112.91000366210938,112.91000366210938,112.16000366210938,112.5999984741211,17548,0.0,0.0
2023-11-15 12:30:00-05:00,112.72000122070312,112.88500213623047,112.3550033569336,112.7249984741211,24382,0.0,0.0
2023-11-15 13:30:00-05:00,112.7300033569336,113.08499908447266,112.55999755859375,112.66089630126953,27022,0.0,0.0
2023-11-15 14:30:00-05:00,112.75,112.95500183105469,112.66500091552734,112.87000274658203,28116,0.0,0.0
2023-11-15 15:30:00-05:00,112.8499984741211,112.87000274658203,111.87000274658203,111.91000366210938,54164,0.0,0.0
2023-11-16 09:30:00-05:00,112.33999633789062,112.54499816894531,110.46499633789062,111.05000305175781,19108,0.0,0.0
2023-11-16 10:30:00-05:00,111.01000213623047,111.21499633789062,110.69999694824219,110.70999908447266,9841,0.0,0.0
2023-11-16 11:30:00-05:00,110.63999938964844,110.73500061035156,110.2699966430664,110.38500213623047,20562,0.0,0.0
2023-11-16 12:30:00-05:00,110.37999725341797,110.7300033569336,110.02999877929688,110.19999694824219,14905,0.0,0.0
2023-11-16 13:30:00-05:00,109.94499969482422,110.13999938964844,109.83000183105469,109.83000183105469,15816,0.0,0.0
2023-11-16 14:30:00-05:00,109.83999633789062,110.56069946289062,109.82499694824219,110.55999755859375,20579,0.0,0.0
2023-11-16 15:30:00-05:00,110.41000366210938,110.58000183105469,110.29100036621094,110.5199966430664,41003,0.0,0.0
2023-11-17 09:30:00-05:00,111.01000213623047,111.94000244140625,109.66549682617188,111.7300033569336,36664,0.0,0.0
2023-11-17 10:30:00-05:00,111.70999908447266,112.0999984741211,111.53500366210938,111.53500366210938,12739,0.0,0.0
2023-11-17 11:30:00-05:00,111.33000183105469,111.73999786376953,111.16000366210938,111.36000061035156,12280,0.0,0.0
2023-11-17 12:30:00-05:00,111.48999786376953,112.3949966430664,111.47000122070312,112.19200134277344,25198,0.0,0.0
2023-11-17 13:30:00-05:00,112.23999786376953,112.23999786376953,111.8499984741211,112.01000213623047,13961,0.0,0.0
2023-11-17 14:30:00-05:00,111.94000244140625,112.45999908447266,111.9000015258789,112.38999938964844,29611,0.0,0.0
2023-11-17 15:30:00-05:00,112.44999694824219,112.47000122070312,111.92500305175781,112.26000213623047,59672,0.0,0.0
2023-11-20 09:30:00-05:00,111.7300033569336,113.9000015258789,111.12000274658203,113.41000366210938,29162,0.0,0.0
2023-11-20 10:30:00-05:00,113.48999786376953,113.98999786376953,113.47000122070312,113.70999908447266,16518,0.0,0.0
2023-11-20 11:30:00-05:00,113.54499816894531,113.91999816894531,113.45500183105469,113.91999816894531,16531,0.0,0.0
2023-11-20 12:30:00-05:00,113.8550033569336,114.16999816894531,113.62999725341797,113.8550033569336,10961,0.0,0.0
2023-11-20 13:30:00-05:00,113.8499984741211,113.87000274658203,113.16999816894531,113.19000244140625,19532,0.0,0.0
2023-11-20 14:30:00-05:00,113.20999908447266,113.50499725341797,113.19000244140625,113.22010040283203,19556,0.0,0.0
2023-11-20 15:30:00-05:00,113.30500030517578,113.38249969482422,112.98999786376953,113.0,41843,0.0,0.0
2023-11-21 09:30:00-05:00,112.47000122070312,113.27200317382812,111.80999755859375,112.93499755859375,10105,0.0,0.0
2023-11-21 10:30:00-05:00,112.87000274658203,113.37000274658203,112.77999877929688,113.19000244140625,10620,0.0,0.0
2023-11-21 11:30:00-05:00,113.1500015258789,113.3949966430664,113.04889678955078,113.05500030517578,10229,0.0,0.0
2023-11-21 12:30:00-05:00,112.97440338134766,113.50499725341797,112.97440338134766,113.26499938964844,9702,0.0,0.0
2023-11-21 13:30:00-05:00,113.41000366210938,113.58999633789062,113.08999633789062,113.13999938964844,11664,0.0,0.0
2023-11-21 14:30:00-05:00,113.20999908447266,113.31500244140625,112.93000030517578,113.30999755859375,10403,0.0,0.0
2023-11-21 15:30:00-05:00,113.22000122070312,113.45999908447266,113.12999725341797,113.29000091552734,31529,0.0,0.0
2023-11-22 09:30:00-05:00,113.97000122070312,114.33999633789062,112.75,114.11000061035156,9978,0.0,0.0
2023-11-22 10:30:00-05:00,114.21980285644531,114.33000183105469,113.87000274658203,113.97000122070312,6775,0.0,0.0
2023-11-22 11:30:00-05:00,113.97000122070312,114.33999633789062,113.73999786376953,113.73999786376953,9321,0.0,0.0
2023-11-22 12:30:00-05:00,113.45999908447266,113.66999816894531,113.45999908447266,113.55999755859375,6784,0.0,0.0
2023-11-22 13:30:00-05:00,113.5250015258789,113.61000061035156,113.19010162353516,113.30000305175781,9626,0.0,0.0
2023-11-22 14:30:00-05:00,113.375,113.72000122070312,113.1500015258789,113.72000122070312,10676,0.0,0.0
2023-11-22 15:30:00-05:00,113.77999877929688,113.8499984741211,113.44499969482422,113.47000122070312,19146,0.0,0.0
2023-11-24 09:30:00-05:00,113.19000244140625,114.16000366210938,112.84210205078125,113.97000122070312,11497,0.0,0.0
2023-11-24 10:30:00-05:00,114.16999816894531,114.38999938964844,113.1500015258789,113.31999969482422,17473,0.0,0.0
2023-11-24 11:30:00-05:00,113.19999694824219,114.04000091552734,113.19000244140625,113.76000213623047,17427,0.0,0.0
2023-11-27 09:30:00-05:00,113.12999725341797,114.9800033569336,113.02999877929688,114.38999938964844,21804,0.0,0.0
2023-11-27 10:30:00-05:00,114.6050033569336,114.83000183105469,114.01000213623047,114.30999755859375,11966,0.0,0.0
2023-11-27 11:30:00-05:00,114.26499938964844,114.61499786376953,114.08999633789062,114.2699966430664,8847,0.0,0.0
2023-11-27 12:30:00-05:00,114.33999633789062,114.63999938964844,114.06500244140625,114.06500244140625,7983,0.0,0.0
2023-11-27 13:30:00-05:00,113.99500274658203,114.56999969482422,113.99500274658203,114.20999908447266,20721,0.0,0.0
2023-11-27 14:30:00-05:00,114.19000244140625,114.19000244140625,113.79000091552734,113.9000015258789,16051,0.0,0.0
2023-11-27 15:30:00-05:00,113.9000015258789,114.06999969482422,113.58999633789062,113.5999984741211,22424,0.0,0.0
2023-11-28 09:30:00-05:00,113.31999969482422,113.86000061035156,112.6073989868164,113.54000091552734,23232,0.0,0.0
2023-11-28 10:30:00-05:00,113.54000091552734,113.93000030517578,113.29499816894531,113.44999694824219,9892,0.0,0.0
2023-11-28 11:30:00-05:00,113.63999938964844,113.7300033569336,113.33260345458984,113.47000122070312,15470,0.0,0.0
2023-11-28 12:30:00-05:00,113.33000183105469,113.4000015258789,112.62000274658203,112.62000274658203,11143,0.0,0.0
2023-11-28 13:30:00-05:00,112.72000122070312,113.03839874267578,112.55750274658203,112.88999938964844,14363,0.0,0.0
2023-11-28 14:30:00-05:00,112.9000015258789,113.12000274658203,112.79409790039062,112.97000122070312,13567,0.0,0.0
2023-11-28 15:30:00-05:00,113.0199966430664,113.18000030517578,112.7699966430664,112.77999877929688,26896,0.0,0.0
2023-11-29 09:30:00-05:00,113.1500015258789,113.91999816894531,113.0999984741211,113.0999984741211,10913,0.0,0.0
2023-11-29 10:30:00-05:00,112.91000366210938,113.06500244140625,112.44000244140625,112.58830261230469,9789,0.0,0.0
2023-11-29 11:30:00-05:00,112.68000030517578,113.20999908447266,112.68000030517578,113.08999633789062,10307,0.0,0.0
2023-11-29 12:30:00-05:00,113.0199966430664,113.08999633789062,112.56500244140625,112.86000061035156,9645,0.0,0.0
2023-11-29 13:30:00-05:00,112.87000274658203,112.87000274658203,112.26000213623047,112.26000213623047,12053,0.0,0.0
2023-11-29 14:30:00-05:00,112.17500305175781,112.2300033569336,112.02999877929688,112.12999725341797,14381,0.0,0.0
2023-11-29 15:30:00-05:00,112.20999908447266,112.26000213623047,111.81999969482422,112.20999908447266,30360,0.0,0.0
2023-11-30 09:30:00-05:00,112.2699966430664,112.58000183105469,111.66500091552734,112.54000091552734,13396,0.0,0.0
2023-11-30 10:30:00-05:00,112.3499984741211,113.5199966430664,112.3499984741211,113.0469970703125,11441,0.0,0.0
2023-11-30 11:30:00-05:00,113.36000061035156,113.36000061035156,112.86000061035156,112.86000061035156,7903,0.0,0.0
2023-11-30 12:30:00-05:00,112.78060150146484,113.25,112.7300033569336,113.25,8348,0.0,0.0
2023-11-30 13:30:00-05:00,113.32779693603516,113.32779693603516,112.9800033569336,113.08499908447266,7535,0.0,0.0
2023-11-30 14:30:00-05:00,113.12779998779297,113.6500015258789,113.12779998779297,113.62000274658203,23591,0.0,0.0
2023-11-30 15:30:00-05:00,113.54499816894531,114.05999755859375,113.36000061035156,113.69999694824219,78179,0.0,0.0
2023-12-01 09:30:00-05:00,113.08999633789062,114.73870086669922,113.08999633789062,114.50499725341797,13289,0.0,0.0
2023-12-01 10:30:00-05:00,114.40299987792969,114.58000183105469,113.69000244140625,114.58000183105469,17972,0.0,0.0
2023-12-01 11:30:00-05:00,114.80999755859375,115.58000183105469,114.75,115.45999908447266,10972,0.0,0.0
2023-12-01 12:30:00-05:00,115.38999938964844,115.45999908447266,115.1500015258789,115.45999908447266,10335,0.0,0.0
2023-12-01 13:30:00-05:00,115.31999969482422,115.55999755859375,115.17680358886719,115.47000122070312,11571,0.0,0.0
2023-12-01 14:30:00-05:00,115.38359832763672,115.47000122070312,115.0199966430664,115.12000274658203,15275,0.0,0.0
2023-12-01 15:30:00-05:00,115.19999694824219,115.69999694824219,115.13999938964844,115.45999908447266,33313,0.0,0.0
2023-12-04 09:30:00-05:00,115.45999908447266,117.18000030517578,115.45999908447266,117.06999969482422,21883,0.0,0.0
2023-12-04 10:30:00-05:00,117.01000213623047,117.4000015258789,116.26499938964844,116.26499938964844,17771,0.0,0.0
2023-12-04 11:30:00-05:00,116.1500015258789,117.5,116.01499938964844,117.43000030517578,16469,0.0,0.0
2023-12-04 12:30:00-05:00,117.44499969482422,118.13500213623047,117.44499969482422,117.83499908447266,18588,0.0,0.0
2023-12-04 13:30:00-05:00,117.76499938964844,117.76499938964844,116.95999908447266,116.98500061035156,26522,0.0,0.0
2023-12-04 14:30:00-05:00,116.91500091552734,117.2699966430664,116.76000213623047,116.80999755859375,19232,0.0,0.0
2023-12-04 15:30:00-05:00,116.94000244140625,117.4800033569336,116.44999694824219,117.47000122070312,37713,0.0,0.0
2023-12-05 09:30:00-05:00,117.37000274658203,117.37000274658203,115.83999633789062,116.48999786376953,11999,0.0,0.0
2023-12-05 10:30:00-05:00,116.51000213623047,116.71499633789062,115.94999694824219,116.15499877929688,11092,0.0,0.0
2023-12-05 11:30:00-05:00,116.36000061035156,116.68499755859375,116.0199966430664,116.11499786376953,13828,0.0,0.0
2023-12-05 12:30:00-05:00,115.94000244140625,116.32499694824219,115.55999755859375,116.11000061035156,14062,0.0,0.0
2023-12-05 13:30:00-05:00,115.93000030517578,115.93000030517578,115.3499984741211,115.6500015258789,13396,0.0,0.0
2023-12-05 14:30:00-05:00,115.69000244140625,115.83999633789062,115.3499984741211,115.7249984741211,15165,0.0,0.0
2023-12-05 15:30:00-05:00,115.79000091552734,115.97000122070312,115.48200225830078,115.77999877929688,37263,0.0,0.0
2023-12-06 09:30:00-05:00,115.91000366210938,116.62999725341797,115.91000366210938,116.30000305175781,12233,0.0,0.0
2023-12-06 10:30:00-05:00,116.19000244140625,116.19000244140625,115.04000091552734,115.2249984741211,11297,0.0,0.0
2023-12-06 11:30:00-05:00,115.17500305175781,115.8499984741211,115.0199966430664,115.83999633789062,14254,0.0,0.0
2023-12-06 12:30:00-05:00,115.95999908447266,116.30999755859375,115.66999816894531,116.30999755859375,8137,0.0,0.0
2023-12-06 13:30:00-05:00,116.29519653320312,116.66000366210938,116.11009979248047,116.62000274658203,20625,0.0,0.0
2023-12-06 14:30:00-05:00,116.62000274658203,116.98999786376953,116.5199966430664,116.76499938964844,16974,0.0,0.0
2023-12-06 15:30:00-05:00,116.5,116.81999969482422,116.44000244140625,116.81999969482422,36777,0.0,0.0
2023-12-07 09:30:00-05:00,116.56999969482422,116.94999694824219,115.44000244140625,116.94999694824219,9863,0.0,0.0
2023-12-07 10:30:00-05:00,116.92500305175781,117.30000305175781,116.6449966430664,117.30000305175781,19016,0.0,0.0
2023-12-07 11:30:00-05:00,117.20999908447266,117.43000030517578,116.91999816894531,117.08399963378906,14055,0.0,0.0
2023-12-07 12:30:00-05:00,117.44000244140625,117.44000244140625,116.9800033569336,117.0999984741211,6907,0.0,0.0
2023-12-07 13:30:00-05:00,117.19999694824219,117.19999694824219,116.89749908447266,117.11000061035156,8654,0.0,0.0
2023-12-07 14:30:00-05:00,117.18000030517578,117.33000183105469,116.6500015258789,116.7300033569336,56341,0.0,0.0
2023-12-07 15:30:00-05:00,116.7300033569336,117.04000091552734,116.61000061035156,116.94999694824219,30337,0.0,0.0
2023-12-08 09:30:00-05:00,117.2699966430664,117.87000274658203,116.48760223388672,117.4625015258789,9278,0.0,0.0
2023-12-08 10:30:00-05:00,117.55000305175781,117.76000213623047,116.62000274658203,116.83999633789062,63798,0.0,0.0
2023-12-08 11:30:00-05:00,116.97000122070312,117.71530151367188,116.97000122070312,117.45999908447266,23888,0.0,0.0
2023-12-08 12:30:00-05:00,117.50499725341797,118.02999877929688,117.4000015258789,117.80500030517578,22275,0.0,0.0
2023-12-08 13:30:00-05:00,117.7699966430664,117.96499633789062,117.55999755859375,117.6500015258789,20777,0.0,0.0
2023-12-08 14:30:00-05:00,117.44000244140625,117.69000244140625,117.01000213623047,117.13500213623047,63431,0.0,0.0
2023-12-08 15:30:00-05:00,117.05999755859375,117.26000213623047,117.01000213623047,117.2300033569336,79312,0.0,0.0
2023-12-11 09:30:00-05:00,117.3499984741211,118.29910278320312,117.05999755859375,117.43000030517578,24785,0.0,0.0
2023-12-11 10:30:00-05:00,117.30999755859375,117.56999969482422,117.0,117.375,11709,0.0,0.0
2023-12-11 11:30:00-05:00,117.34500122070312,117.52999877929688,117.17500305175781,117.17500305175781,8284,0.0,0.0
2023-12-11 12:30:00-05:00,117.26000213623047,117.4800033569336,117.18000030517578,117.30999755859375,12424,0.0,0.0
2023-12-11 13:30:00-05:00,117.33499908447266,117.63999938964844,116.8499984741211,117.63999938964844,13875,0.0,0.0
2023-12-11 14:30:00-05:00,117.87000274658203,117.88999938964844,116.66999816894531,116.98999786376953,30668,0.0,0.0
2023-12-11 15:30:00-05:00,117.04000091552734,117.19499969482422,116.63999938964844,116.66999816894531,48852,0.0,0.0
2023-12-12 09:30:00-05:00,117.05000305175781,117.05000305175781,115.7699966430664,115.7699966430664,11210,0.0,0.0
2023-12-12 10:30:00-05:00,115.79000091552734,116.27259826660156,115.19999694824219,115.19999694824219,25199,0.0,0.0
2023-12-12 11:30:00-05:00,115.26000213623047,115.70999908447266,115.11000061035156,115.70999908447266,16314,0.0,0.0
2023-12-12 12:30:00-05:00,115.63140106201172,115.94000244140625,115.4749984741211,115.68000030517578,28577,0.0,0.0
2023-12-12 13:30:00-05:00,115.77999877929688,116.30999755859375,115.77999877929688,115.90499877929688,37044,0.0,0.0
2023-12-12 14:30:00-05:00,115.91999816894531,116.31999969482422,115.40499877929688,116.26000213623047,50979,0.0,0.0
2023-12-12 15:30:00-05:00,115.8949966430664,115.97000122070312,115.6500015258789,115.95999908447266,38792,0.0,0.0
2023-12-13 09:30:00-05:00,115.16000366210938,115.6449966430664,115.16000366210938,115.23500061035156,8789,0.0,0.0
2023-12-13 10:30:00-05:00,115.24500274658203,115.75,115.12999725341797,115.48500061035156,9935,0.0,0.0
2023-12-13 11:30:00-05:00,115.4800033569336,115.54209899902344,115.03500366210938,115.03500366210938,11734,0.0,0.0
2023-12-13 12:30:00-05:00,115.02999877929688,115.1500015258789,114.6500015258789,114.6500015258789,14669,0.0,0.0
2023-12-13 13:30:00-05:00,114.63999938964844,116.18000030517578,114.56999969482422,116.16000366210938,28700,0.0,0.0
2023-12-13 14:30:00-05:00,116.06500244140625,116.98999786376953,115.95999908447266,116.33650207519531,53641,0.0,0.0
2023-12-13 15:30:00-05:00,116.44999694824219,118.0,116.38999938964844,117.98999786376953,67131,0.0,0.0
2023-12-14 09:30:00-05:00,119.13999938964844,119.40499877929688,117.90270233154297,118.61000061035156,23202,0.0,0.0
2023-12-14 10:30:00-05:00,118.75499725341797,118.94000244140625,117.95500183105469,118.07499694824219,22480,0.0,0.0
2023-12-14 11:30:00-05:00,118.08000183105469,118.47000122070312,117.70999908447266,117.7699966430664,17163,0.0,0.0
2023-12-14 12:30:00-05:00,117.62000274658203,117.81999969482422,116.48999786376953,116.56500244140625,10579,0.0,0.0
2023-12-14 13:30:00-05:00,116.41000366210938,116.58000183105469,115.8550033569336,116.29499816894531,15622,0.0,0.0
2023-12-14 14:30:00-05:00,116.2874984741211,117.69999694824219,116.26000213623047,117.62999725341797,22760,0.0,0.0
2023-12-14 15:30:00-05:00,117.55999755859375,117.69999694824219,117.05000305175781,117.41000366210938,57901,0.0,0.0
2023-12-15 09:30:00-05:00,117.55000305175781,118.08000183105469,116.9800033569336,116.9800033569336,101963,0.0,0.0
2023-12-15 10:30:00-05:00,116.95500183105469,117.0199966430664,116.3499984741211,116.4000015258789,19675,0.0,0.0
2023-12-15 11:30:00-05:00,116.18599700927734,116.18599700927734,115.79000091552734,115.9000015258789,9151,0.0,0.0
2023-12-15 12:30:00-05:00,115.74500274658203,115.76000213623047,114.86000061035156,115.0999984741211,14240,0.0,0.0
2023-12-15 13:30:00-05:00,115.08000183105469,115.08000183105469,114.41999816894531,114.62000274658203,19873,0.0,0.0
2023-12-15 14:30:00-05:00,114.55000305175781,114.95999908447266,114.30000305175781,114.91999816894531,29104,0.0,0.0
2023-12-15 15:30:00-05:00,114.87999725341797,114.9800033569336,114.58999633789062,114.58999633789062,57888,0.0,0.0
2023-12-18 09:30:00-05:00,116.0,117.41999816894531,114.52999877929688,115.38500213623047,26231,0.0,0.0
2023-12-18 10:30:00-05:00,115.3499984741211,116.16000366210938,115.16999816894531,116.1500015258789,20203,0.0,0.0
2023-12-18 11:30:00-05:00,116.0999984741211,116.0999984741211,115.4800033569336,115.76499938964844,14115,0.0,0.0
2023-12-18 12:30:00-05:00,115.68000030517578,115.73500061035156,115.2699966430664,115.2750015258789,11809,0.0,0.0
2023-12-18 13:30:00-05:00,115.37999725341797,115.8499984741211,115.2699966430664,115.56500244140625,20425,0.0,0.0
2023-12-18 14:30:00-05:00,115.61499786376953,116.23999786376953,115.55000305175781,116.00499725341797,20283,0.0,0.0
2023-12-18 15:30:00-05:00,115.97000122070312,116.41999816894531,115.91999816894531,116.22000122070312,65661,0.0,0.0
2023-12-19 09:30:00-05:00,116.83000183105469,118.31999969482422,116.83000183105469,117.7750015258789,17471,0.0,0.0
2023-12-19 10:30:00-05:00,117.7699966430664,118.64679718017578,117.625,118.31999969482422,15049,0.0,0.0
2023-12-19 11:30:00-05:00,118.18000030517578,118.22000122070312,117.88999938964844,118.19000244140625,14522,0.0,0.0
2023-12-19 12:30:00-05:00,118.26000213623047,118.58000183105469,118.18000030517578,118.46499633789062,10785,0.0,0.0
2023-12-19 13:30:00-05:00,118.30999755859375,118.5199966430664,118.08000183105469,118.45999908447266,14142,0.0,0.0
2023-12-19 14:30:00-05:00,118.46499633789062,118.58000183105469,117.68499755859375,118.52999877929688,29390,0.0,0.0
2023-12-19 15:30:00-05:00,118.48999786376953,118.83000183105469,117.93000030517578,118.0,95048,0.0,0.0
2023-12-20 09:30:00-05:00,117.61000061035156,119.19000244140625,117.61000061035156,118.90499877929688,12743,0.0,0.0
2023-12-20 10:30:00-05:00,118.90499877929688,119.26000213623047,117.88999938964844,117.91000366210938,25799,0.0,0.0
2023-12-20 11:30:00-05:00,117.94999694824219,118.30000305175781,117.87999725341797,118.0999984741211,35825,0.0,0.0
2023-12-20 12:30:00-05:00,118.04000091552734,118.20999908447266,117.47000122070312,117.55999755859375,17753,0.0,0.0
2023-12-20 13:30:00-05:00,117.58999633789062,117.95999908447266,117.44000244140625,117.7699966430664,14442,0.0,0.0
2023-12-20 14:30:00-05:00,117.875,117.875,116.16000366210938,116.16000366210938,31197,0.0,0.0
2023-12-20 15:30:00-05:00,116.19000244140625,116.26000213623047,115.40499877929688,115.54000091552734,51592,0.0,0.0
2023-12-21 09:30:00-05:00,115.80000305175781,116.2699966430664,115.19000244140625,115.61000061035156,11961,0.0,0.0
2023-12-21 10:30:00-05:00,115.61000061035156,116.28500366210938,115.3550033569336,116.0199966430664,36806,0.0,0.0
2023-12-21 11:30:00-05:00,115.91500091552734,116.01000213623047,115.41999816894531,115.49949645996094,9599,0.0,0.0
2023-12-21 12:30:00-05:00,115.58999633789062,115.9800033569336,115.3949966430664,115.3949966430664,17761,0.0,0.0
2023-12-21 13:30:00-05:00,115.69000244140625,115.86000061035156,115.33999633789062,115.37000274658203,9895,0.0,0.0
2023-12-21 14:30:00-05:00,115.43209838867188,116.12000274658203,115.13999938964844,116.12000274658203,45771,0.0,0.0
2023-12-21 15:30:00-05:00,116.1449966430664,116.37000274658203,115.9010009765625,116.26000213623047,56495,0.0,0.0
2023-12-22 09:30:00-05:00,117.0,117.2125015258789,116.26499938964844,116.91999816894531,19709,0.0,0.0
2023-12-22 10:30:00-05:00,116.88999938964844,117.07749938964844,116.70999908447266,116.94000244140625,16395,0.0,0.0
2023-12-22 11:30:00-05:00,117.16000366210938,117.2300033569336,116.76000213623047,117.1500015258789,9855,0.0,0.0
2023-12-22 12:30:00-05:00,117.125,117.62999725341797,117.11000061035156,117.27999877929688,29145,0.0,0.0
2023-12-22 13:30:00-05:00,117.44499969482422,117.87000274658203,117.12999725341797,117.23999786376953,14803,0.0,0.0
2023-12-22 14:30:00-05:00,116.87999725341797,117.41999816894531,116.87999725341797,117.16000366210938,12163,0.0,0.0
2023-12-22 15:30:00-05:00,117.04000091552734,117.45999908447266,117.01010131835938,117.12999725341797,33942,0.0,0.0
2023-12-26 09:30:00-05:00,117.30999755859375,117.7300033569336,116.7699966430664,117.4800033569336,10270,0.0,0.0
2023-12-26 10:30:00-05:00,117.12000274658203,117.4000015258789,117.12000274658203,117.4000015258789,12466,0.0,0.0
2023-12-26 11:30:00-05:00,117.36000061035156,117.80000305175781,117.25,117.44999694824219,23383,0.0,0.0
2023-12-26 12:30:00-05:00,117.41999816894531,117.68000030517578,117.29010009765625,117.5999984741211,7335,0.0,0.0
2023-12-26 13:30:00-05:00,117.61000061035156,117.79000091552734,117.48999786376953,117.5199966430664,29071,0.0,0.0
2023-12-26 14:30:00-05:00,117.62000274658203,117.76000213623047,117.5,117.55000305175781,19448,0.0,0.0
2023-12-26 15:30:00-05:00,117.56500244140625,117.68000030517578,117.3499984741211,117.54000091552734,38185,0.0,0.0
2023-12-27 09:30:00-05:00,117.54000091552734,117.7300033569336,116.91000366210938,117.26000213623047,14807,0.0,0.0
2023-12-27 10:30:00-05:00,117.30000305175781,117.34880065917969,116.86000061035156,116.94999694824219,16394,0.0,0.0
2023-12-27 11:30:00-05:00,116.94999694824219,117.08999633789062,116.8499984741211,116.8949966430664,11094,0.0,0.0
2023-12-27 12:30:00-05:00,116.88999938964844,116.95999908447266,116.52999877929688,116.58999633789062,28944,0.0,0.0
2023-12-27 13:30:00-05:00,116.66000366210938,116.80000305175781,116.0,116.08999633789062,18791,0.0,0.0
2023-12-27 14:30:00-05:00,116.07499694824219,116.19999694824219,115.87999725341797,116.04000091552734,24408,0.0,0.0
2023-12-27 15:30:00-05:00,116.22000122070312,116.22000122070312,115.76000213623047,115.86000061035156,59154,0.0,0.0
2023-12-28 09:30:00-05:00,115.33999633789062,116.18000030517578,115.19999694824219,115.8499984741211,7909,0.0,0.0
2023-12-28 10:30:00-05:00,115.97000122070312,116.07240295410156,115.66999816894531,115.67500305175781,16689,0.0,0.0
2023-12-28 11:30:00-05:00,115.67500305175781,116.08999633789062,115.61000061035156,115.62999725341797,12633,0.0,0.0
2023-12-28 12:30:00-05:00,115.66000366210938,116.12000274658203,115.63999938964844,116.05999755859375,16539,0.0,0.0
2023-12-28 13:30:00-05:00,116.16000366210938,116.76000213623047,116.1500015258789,116.74500274658203,16400,0.0,0.0
2023-12-28 14:30:00-05:00,116.68000030517578,116.7300033569336,116.19000244140625,116.47000122070312,24248,0.0,0.0
2023-12-28 15:30:00-05:00,116.52999877929688,116.54000091552734,116.02999877929688,116.06999969482422,49964,0.0,0.0
2023-12-29 09:30:00-05:00,116.30000305175781,117.52999877929688,116.30000305175781,117.01000213623047,12978,0.0,0.0
2023-12-29 10:30:00-05:00,117.04000091552734,118.12000274658203,116.88999938964844,117.69999694824219,22662,0.0,0.0
2023-12-29 11:30:00-05:00,117.70999908447266,117.87999725341797,117.4000015258789,117.71499633789062,20037,0.0,0.0
2023-12-29 12:30:00-05:00,117.72000122070312,118.11000061035156,117.72000122070312,117.83999633789062,8689,0.0,0.0
2023-12-29 13:30:00-05:00,117.75,118.18000030517578,117.63999938964844,117.79499816894531,10403,0.0,0.0
2023-12-29 14:30:00-05:00,117.75309753417969,118.05999755859375,117.7300033569336,117.86499786376953,12702,0.0,0.0
2023-12-29 15:30:00-05:00,117.96499633789062,118.11000061035156,117.13999938964844,117.13999938964844,34300,0.0,0.0
2024-01-02 09:30:00-05:00,116.37000274658203,118.75,116.37000274658203,118.38999938964844,25126,0.0,0.0
2024-01-02 10:30:00-05:00,118.2699966430664,118.3949966430664,117.97000122070312,118.08999633789062,13243,0.0,0.0
2024-01-02 11:30:00-05:00,118.05999755859375,118.63400268554688,117.80999755859375,118.4749984741211,14590,0.0,0.0
2024-01-02 12:30:00-05:00,118.51499938964844,118.94999694824219,118.45999908447266,118.72000122070312,10736,0.0,0.0
2024-01-02 13:30:00-05:00,118.69499969482422,118.88999938964844,118.27999877929688,118.33999633789062,20114,0.0,0.0
2024-01-02 14:30:00-05:00,118.37750244140625,118.37750244140625,117.62999725341797,117.95999908447266,21148,0.0,0.0
2024-01-02 15:30:00-05:00,118.06999969482422,118.7699966430664,117.88999938964844,118.7699966430664,43684,0.0,0.0
2024-01-03 09:30:00-05:00,119.0199966430664,119.0199966430664,116.75,117.18000030517578,26101,0.0,0.0
2024-01-03 10:30:00-05:00,116.87999725341797,116.87999725341797,116.06999969482422,116.2699966430664,16054,0.0,0.0
2024-01-03 11:30:00-05:00,116.3499984741211,116.91000366210938,116.30000305175781,116.58000183105469,13720,0.0,0.0
2024-01-03 12:30:00-05:00,116.58000183105469,116.8499984741211,116.33000183105469,116.83999633789062,15361,0.0,0.0
2024-01-03 13:30:00-05:00,116.83999633789062,116.83999633789062,116.02999877929688,116.38999938964844,10557,0.0,0.0
2024-01-03 14:30:00-05:00,116.43000030517578,116.43000030517578,115.2699966430664,115.33000183105469,13923,0.0,0.0
2024-01-03 15:30:00-05:00,115.45999908447266,115.45999908447266,114.95999908447266,115.12000274658203,43645,0.0,0.0
2024-01-04 09:30:00-05:00,115.4000015258789,116.1636962890625,114.80999755859375,115.43000030517578,17819,0.0,0.0
2024-01-04 10:30:00-05:00,115.61499786376953,116.26000213623047,115.40499877929688,116.26000213623047,12664,0.0,0.0
2024-01-04 11:30:00-05:00,116.15499877929688,116.15499877929688,115.36499786376953,115.6500015258789,11452,0.0,0.0
2024-01-04 12:30:00-05:00,115.63500213623047,115.70999908447266,115.22779846191406,115.40499877929688,12122,0.0,0.0
2024-01-04 13:30:00-05:00,115.40499877929688,115.91000366210938,115.37000274658203,115.79000091552734,10595,0.0,0.0
2024-01-04 14:30:00-05:00,115.85990142822266,116.20999908447266,115.70999908447266,116.08000183105469,11135,0.0,0.0
2024-01-04 15:30:00-05:00,116.08000183105469,116.48999786376953,116.08000183105469,116.4800033569336,41582,0.0,0.0
2024-01-05 09:30:00-05:00,115.7300033569336,116.81999969482422,115.7300033569336,116.42440032958984,8049,0.0,0.0
2024-01-05 10:30:00-05:00,116.45999908447266,116.68499755859375,116.33000183105469,116.58000183105469,8356,0.0,0.0
2024-01-05 11:30:00-05:00,116.19000244140625,116.54499816894531,115.63999938964844,115.63999938964844,9907,0.0,0.0
2024-01-05 12:30:00-05:00,115.55000305175781,115.63999938964844,115.19999694824219,115.29000091552734,10441,0.0,0.0
2024-01-05 13:30:00-05:00,115.36000061035156,115.83000183105469,115.36000061035156,115.37000274658203,6996,0.0,0.0
2024-01-05 14:30:00-05:00,115.41500091552734,115.47000122070312,114.80999755859375,115.12000274658203,20871,0.0,0.0
2024-01-05 15:30:00-05:00,115.11000061035156,115.63999938964844,115.0,115.11000061035156,60261,0.0,0.0
2024-01-08 09:30:00-05:00,115.1500015258789,116.16000366210938,115.09500122070312,116.16000366210938,11030,0.0,0.0
2024-01-08 10:30:00-05:00,116.1500015258789,116.63999938964844,115.98999786376953,116.27999877929688,14604,0.0,0.0
2024-01-08 11:30:00-05:00,116.3499984741211,116.74500274658203,116.16000366210938,116.31999969482422,16098,0.0,0.0
2024-01-08 12:30:00-05:00,116.26000213623047,116.31999969482422,116.08999633789062,116.2300033569336,8282,0.0,0.0
2024-01-08 13:30:00-05:00,116.16000366210938,116.5999984741211,116.16000366210938,116.59500122070312,8033,0.0,0.0
2024-01-08 14:30:00-05:00,116.62000274658203,117.69999694824219,116.62000274658203,117.44999694824219,27114,0.0,0.0
2024-01-08 15:30:00-05:00,117.45999908447266,117.83999633789062,117.37000274658203,117.56999969482422,43753,0.0,0.0
2024-01-09 09:30:00-05:00,116.30999755859375,116.55500030517578,115.72000122070312,116.44000244140625,10702,0.0,0.0
2024-01-09 10:30:00-05:00,116.41000366210938,117.11000061035156,116.29000091552734,116.84249877929688,12550,0.0,0.0
2024-01-09 11:30:00-05:00,116.98999786376953,117.05999755859375,116.87999725341797,116.98870086669922,8738,0.0,0.0
2024-01-09 12:30:00-05:00,116.76000213623047,116.86000061035156,116.5999984741211,116.6449966430664,9672,0.0,0.0
2024-01-09 13:30:00-05:00,116.6449966430664,116.9800033569336,116.4800033569336,116.75,14361,0.0,0.0
2024-01-09 14:30:00-05:00,116.81999969482422,117.08999633789062,116.69499969482422,116.9800033569336,14141,0.0,0.0
2024-01-09 15:30:00-05:00,116.95999908447266,117.37000274658203,116.88999938964844,117.33999633789062,31174,0.0,0.0
2024-01-10 09:30:00-05:00,117.13999938964844,117.31999969482422,116.25,116.61000061035156,8818,0.0,0.0
2024-01-10 10:30:00-05:00,116.75,116.75,116.23680114746094,116.2645034790039,6740,0.0,0.0
2024-01-10 11:30:00-05:00,116.38999938964844,116.72000122070312,116.31999969482422,116.6500015258789,8113,0.0,0.0
2024-01-10 12:30:00-05:00,116.23999786376953,116.56999969482422,116.1500015258789,116.38999938964844,5511,0.0,0.0
2024-01-10 13:30:00-05:00,116.36199951171875,116.49500274658203,116.29499816894531,116.49500274658203,3791,0.0,0.0
2024-01-10 14:30:00-05:00,116.48999786376953,116.66000366210938,116.13999938964844,116.33999633789062,17675,0.0,0.0
2024-01-10 15:30:00-05:00,116.19000244140625,116.61000061035156,116.06500244140625,116.47000122070312,24715,0.0,0.0
2024-01-11 09:30:00-05:00,116.08999633789062,117.22000122070312,115.73500061035156,116.17500305175781,13847,0.0,0.0
2024-01-11 10:30:00-05:00,116.13999938964844,116.13999938964844,115.20999908447266,115.33999633789062,7666,0.0,0.0
2024-01-11 11:30:00-05:00,115.12999725341797,115.16999816894531,114.62000274658203,114.9800033569336,9704,0.0,0.0
2024-01-11 12:30:00-05:00,115.00499725341797,116.09500122070312,114.93000030517578,115.93000030517578,10242,0.0,0.0
2024-01-11 13:30:00-05:00,115.80999755859375,115.80999755859375,115.44999694824219,115.66999816894531,10787,0.0,0.0
2024-01-11 14:30:00-05:00,115.77999877929688,116.71499633789062,115.62999725341797,116.58000183105469,20444,0.0,0.0
2024-01-11 15:30:00-05:00,116.61499786376953,116.83999633789062,116.58000183105469,116.69999694824219,32231,0.0,0.0
2024-01-12 09:30:00-05:00,117.38999938964844,118.5,116.1449966430664,116.55999755859375,22727,0.0,0.0
2024-01-12 10:30:00-05:00,116.7699966430664,116.87999725341797,116.45999908447266,116.86000061035156,9741,0.0,0.0
2024-01-12 11:30:00-05:00,116.77909851074219,116.83650207519531,116.16999816894531,116.30999755859375,8512,0.0,0.0
2024-01-12 12:30:00-05:00,116.23999786376953,116.47000122070312,115.98999786376953,116.31999969482422,4685,0.0,0.0
2024-01-12 13:30:00-05:00,116.37000274658203,116.81999969482422,116.37000274658203,116.69499969482422,6877,0.0,0.0
2024-01-12 14:30:00-05:00,116.77999877929688,116.77999877929688,116.1500015258789,116.30999755859375,11154,0.0,0.0
2024-01-12 15:30:00-05:00,116.45500183105469,116.88999938964844,116.29000091552734,116.79000091552734,25758,0.0,0.0
2024-01-16 09:30:00-05:00,115.87000274658203,117.04000091552734,115.69000244140625,116.80999755859375,15522,0.0,0.0
2024-01-16 10:30:00-05:00,116.76000213623047,116.80999755859375,115.45999908447266,115.7699966430664,18933,0.0,0.0
2024-01-16 11:30:00-05:00,116.0199966430664,116.1500015258789,115.80000305175781,116.04000091552734,8798,0.0,0.0
2024-01-16 12:30:00-05:00,115.91000366210938,116.66999816894531,115.91000366210938,116.54499816894531,10488,0.0,0.0
2024-01-16 13:30:00-05:00,116.80999755859375,116.80999755859375,116.08999633789062,116.37999725341797,10530,0.0,0.0
2024-01-16 14:30:00-05:00,116.38999938964844,116.47000122070312,116.15899658203125,116.37000274658203,9497,0.0,0.0
2024-01-16 15:30:00-05:00,116.38999938964844,116.55500030517578,116.25499725341797,116.45999908447266,25875,0.0,0.0
2024-01-17 09:30:00-05:00,115.55999755859375,117.49600219726562,115.55999755859375,116.83000183105469,14165,0.0,0.0
2024-01-17 10:30:00-05:00,116.75,117.37000274658203,116.25,117.26499938964844,11998,0.0,0.0
2024-01-17 11:30:00-05:00,117.27999877929688,117.45999908447266,117.08999633789062,117.16500091552734,12124,0.0,0.0
2024-01-17 12:30:00-05:00,117.26499938964844,117.38999938964844,117.06999969482422,117.13999938964844,7096,0.0,0.0
2024-01-17 13:30:00-05:00,117.12000274658203,117.1500015258789,116.7699966430664,116.8499984741211,9338,0.0,0.0
2024-01-17 14:30:00-05:00,116.91000366210938,116.95999908447266,116.48999786376953,116.66500091552734,13649,0.0,0.0
2024-01-17 15:30:00-05:00,116.58000183105469,117.25,116.54070281982422,117.20999908447266,29734,0.0,0.0
2024-01-18 09:30:00-05:00,116.26000213623047,116.58999633789062,115.08000183105469,115.3499984741211,22621,0.0,0.0
2024-01-18 10:30:00-05:00,115.47720336914062,115.5199966430664,114.80000305175781,115.5199966430664,10874,0.0,0.0
2024-01-18 11:30:00-05:00,115.69999694824219,115.86000061035156,115.41000366210938,115.66000366210938,6943,0.0,0.0
2024-01-18 12:30:00-05:00,115.66999816894531,116.0,115.4800033569336,115.52999877929688,9531,0.0,0.0
2024-01-18 13:30:00-05:00,115.55500030517578,116.06999969482422,115.55500030517578,116.01499938964844,7347,0.0,0.0
2024-01-18 14:30:00-05:00,116.0199966430664,116.23999786376953,115.92500305175781,115.94999694824219,18259,0.0,0.0
2024-01-18 15:30:00-05:00,116.04000091552734,116.31999969482422,115.98999786376953,116.05000305175781,49030,0.0,0.0
2024-01-19 09:30:00-05:00,116.63999938964844,116.63999938964844,115.01499938964844,115.02999877929688,19133,0.0,0.0
2024-01-19 10:30:00-05:00,114.7249984741211,115.05000305175781,114.3499984741211,114.50499725341797,26543,0.0,0.0
2024-01-19 11:30:00-05:00,114.5250015258789,114.97000122070312,114.19999694824219,114.97000122070312,31747,0.0,0.0
2024-01-19 12:30:00-05:00,115.0999984741211,115.38999938964844,115.05000305175781,115.33499908447266,26655,0.0,0.0
2024-01-19 13:30:00-05:00,115.36000061035156,115.7699966430664,115.25,115.70500183105469,12378,0.0,0.0
2024-01-19 14:30:00-05:00,115.69999694824219,115.69999694824219,115.0999984741211,115.18000030517578,17802,0.0,0.0
2024-01-19 15:30:00-05:00,115.29000091552734,115.30000305175781,114.72000122070312,114.75,30619,0.0,0.0
2024-01-22 09:30:00-05:00,115.5,116.46499633789062,115.19999694824219,115.55000305175781,15224,0.0,0.0
2024-01-22 10:30:00-05:00,115.61959838867188,115.62999725341797,115.18000030517578,115.37999725341797,12442,0.0,0.0
2024-01-22 11:30:00-05:00,115.37999725341797,115.49939727783203,115.04000091552734,115.05000305175781,12150,0.0,0.0
2024-01-22 12:30:00-05:00,115.05999755859375,115.05999755859375,114.75499725341797,114.75499725341797,11075,0.0,0.0
2024-01-22 13:30:00-05:00,114.66000366210938,114.95999908447266,114.62999725341797,114.75,8157,0.0,0.0
2024-01-22 14:30:00-05:00,114.81999969482422,114.81999969482422,114.58999633789062,114.58999633789062,23729,0.0,0.0
2024-01-22 15:30:00-05:00,114.66000366210938,114.8499984741211,114.45999908447266,114.7300033569336,61696,0.0,0.0
2024-01-23 09:30:00-05:00,115.7699966430664,117.08000183105469,114.45999908447266,115.52890014648438,10112,0.0,0.0
2024-01-23 10:30:00-05:00,115.13999938964844,115.3499984741211,114.49009704589844,114.51000213623047,7118,0.0,0.0
2024-01-23 11:30:00-05:00,114.62999725341797,114.76000213623047,114.36000061035156,114.5199966430664,7555,0.0,0.0
2024-01-23 12:30:00-05:00,114.4800033569336,114.6500015258789,114.44000244140625,114.51499938964844,7645,0.0,0.0
2024-01-23 13:30:00-05:00,114.5,115.15740203857422,114.4800033569336,114.81999969482422,12478,0.0,0.0
2024-01-23 14:30:00-05:00,114.87000274658203,115.2300033569336,114.83000183105469,115.05000305175781,10657,0.0,0.0
2024-01-23 15:30:00-05:00,115.04499816894531,115.18000030517578,114.1500015258789,114.73999786376953,69509,0.0,0.0
2024-01-24 09:30:00-05:00,115.9000015258789,116.77999877929688,114.98999786376953,115.5999984741211,10677,0.0,0.0
2024-01-24 10:30:00-05:00,115.73999786376953,116.22000122070312,115.61000061035156,116.22000122070312,9654,0.0,0.0
2024-01-24 11:30:00-05:00,116.29299926757812,116.41999816894531,115.95999908447266,115.9749984741211,11559,0.0,0.0
2024-01-24 12:30:00-05:00,115.98999786376953,116.05000305175781,115.73500061035156,115.82250213623047,7882,0.0,0.0
2024-01-24 13:30:00-05:00,115.66500091552734,116.31999969482422,115.62000274658203,116.31999969482422,14924,0.0,0.0
2024-01-24 14:30:00-05:00,116.31999969482422,117.33999633789062,116.13999938964844,117.33999633789062,31254,0.0,0.0
2024-01-24 15:30:00-05:00,117.32499694824219,117.4800033569336,116.9800033569336,117.45999908447266,60104,0.0,0.0
2024-01-25 09:30:00-05:00,117.22000122070312,117.22000122070312,115.23999786376953,116.02269744873047,32453,0.0,0.0
2024-01-25 10:30:00-05:00,116.01000213623047,116.01000213623047,115.05500030517578,115.1500015258789,23788,0.0,0.0
2024-01-25 11:30:00-05:00,114.97000122070312,114.9749984741211,113.9800033569336,113.98500061035156,30143,0.0,0.0
2024-01-25 12:30:00-05:00,113.91000366210938,113.91999816894531,113.30500030517578,113.33999633789062,12306,0.0,0.0
2024-01-25 13:30:00-05:00,113.31999969482422,113.38999938964844,112.22000122070312,112.58999633789062,20645,0.0,0.0
2024-01-25 14:30:00-05:00,112.49500274658203,112.49500274658203,111.94999694824219,112.0,27814,0.0,0.0
2024-01-25 15:30:00-05:00,112.13999938964844,112.68000030517578,112.125,112.68000030517578,44514,0.0,0.0
2024-01-26 09:30:00-05:00,113.37000274658203,114.87000274658203,113.37000274658203,114.46499633789062,29628,0.0,0.0
2024-01-26 10:30:00-05:00,114.4749984741211,115.13999938964844,114.4749984741211,114.58000183105469,24738,0.0,0.0
2024-01-26 11:30:00-05:00,114.61499786376953,114.80999755859375,114.4000015258789,114.61000061035156,13103,0.0,0.0
2024-01-26 12:30:00-05:00,114.5,114.63999938964844,114.05000305175781,114.5,53441,0.0,0.0
2024-01-26 13:30:00-05:00,114.3550033569336,115.0999984741211,114.3499984741211,114.67500305175781,24184,0.0,0.0
2024-01-26 14:30:00-05:00,114.55999755859375,114.79000091552734,114.45999908447266,114.6449966430664,19073,0.0,0.0
2024-01-26 15:30:00-05:00,114.7300033569336,115.33000183105469,114.55000305175781,114.56999969482422,64427,0.0,0.0
2024-01-29 09:30:00-05:00,114.5,114.97000122070312,114.30509948730469,114.48999786376953,22002,0.0,0.0
2024-01-29 10:30:00-05:00,114.52999877929688,114.88999938964844,114.38999938964844,114.51499938964844,30015,0.0,0.0
2024-01-29 11:30:00-05:00,114.52999877929688,114.81999969482422,113.66999816894531,113.73999786376953,18587,0.0,0.0
2024-01-29 12:30:00-05:00,113.83499908447266,114.12000274658203,113.32499694824219,113.6449966430664,37085,0.0,0.0
2024-01-29 13:30:00-05:00,113.65499877929688,113.73999786376953,113.2699966430664,113.62000274658203,22872,0.0,0.0
2024-01-29 14:30:00-05:00,113.58000183105469,115.01000213623047,113.5,114.91999816894531,47353,0.0,0.0
2024-01-29 15:30:00-05:00,115.01000213623047,115.05999755859375,114.79000091552734,114.80999755859375,70307,0.0,0.0
2024-01-30 09:30:00-05:00,113.94000244140625,114.75,113.33999633789062,114.2249984741211,47544,0.0,0.0
2024-01-30 10:30:00-05:00,114.1500015258789,114.75,113.73999786376953,114.51000213623047,35316,0.0,0.0
2024-01-30 11:30:00-05:00,114.625,114.87999725341797,114.38999938964844,114.5999984741211,31196,0.0,0.0
2024-01-30 12:30:00-05:00,114.58999633789062,114.83999633789062,114.45999908447266,114.5,13035,0.0,0.0
2024-01-30 13:30:00-05:00,114.52999877929688,114.52999877929688,114.30999755859375,114.44000244140625,41186,0.0,0.0
2024-01-30 14:30:00-05:00,114.41999816894531,114.6500015258789,114.16000366210938,114.6500015258789,48658,0.0,0.0
2024-01-30 15:30:00-05:00,114.6500015258789,115.11000061035156,114.5999984741211,115.0,97195,0.0,0.0
2024-01-31 09:30:00-05:00,115.0,115.0,114.16999816894531,114.83000183105469,26210,0.0,0.0
2024-01-31 10:30:00-05:00,114.98999786376953,115.1500015258789,114.5999984741211,114.91999816894531,26014,0.0,0.0
2024-01-31 11:30:00-05:00,114.99500274658203,115.04000091552734,114.05999755859375,114.86000061035156,16765,0.0,0.0
2024-01-31 12:30:00-05:00,114.75,114.99939727783203,114.54499816894531,114.99939727783203,11353,0.0,0.0
2024-01-31 13:30:00-05:00,114.93000030517578,115.06999969482422,114.36000061035156,114.94999694824219,21345,0.0,0.0
2024-01-31 14:30:00-05:00,114.8949966430664,116.44999694824219,114.70999908447266,115.01000213623047,49842,0.0,0.0
2024-01-31 15:30:00-05:00,114.95999908447266,115.02999877929688,114.45999908447266,114.68000030517578,79821,0.0,0.0
2024-02-01 09:30:00-05:00,114.75,114.75,113.81999969482422,113.81999969482422,60517,0.0,0.0
2024-02-01 10:30:00-05:00,113.87999725341797,113.91000366210938,112.625,112.8499984741211,27592,0.0,0.0
2024-02-01 11:30:00-05:00,113.04000091552734,113.47000122070312,112.5,113.23999786376953,24846,0.0,0.0
2024-02-01 12:30:00-05:00,113.41500091552734,113.58999633789062,113.13999938964844,113.54000091552734,20281,0.0,0.0
2024-02-01 13:30:00-05:00,113.72000122070312,113.88500213623047,113.54000091552734,113.7750015258789,12042,0.0,0.0
2024-02-01 14:30:00-05:00,113.62999725341797,114.2750015258789,113.5999984741211,114.00499725341797,21068,0.0,0.0
2024-02-01 15:30:00-05:00,114.0,114.06999969482422,113.80000305175781,114.02999877929688,60040,0.0,0.0
2024-02-02 09:30:00-05:00,112.91999816894531,114.0,112.4000015258789,112.51000213623047,26622,0.0,0.0
2024-02-02 10:30:00-05:00,112.47000122070312,113.4749984741211,112.31999969482422,113.4749984741211,21701,0.0,0.0
2024-02-02 11:30:00-05:00,113.44999694824219,113.79499816894531,113.2699966430664,113.52999877929688,11834,0.0,0.0
2024-02-02 12:30:00-05:00,113.625,113.63999938964844,113.19000244140625,113.54000091552734,13719,0.0,0.0
2024-02-02 13:30:00-05:00,113.69000244140625,114.66000366210938,113.5,114.20999908447266,14452,0.0,0.0
2024-02-02 14:30:00-05:00,114.20999908447266,114.73500061035156,114.0999984741211,114.66999816894531,22415,0.0,0.0
2024-02-02 15:30:00-05:00,114.81999969482422,114.81999969482422,113.72000122070312,113.72000122070312,41186,0.0,0.0
2024-02-05 09:30:00-05:00,113.33000183105469,113.33000183105469,111.91500091552734,112.13500213623047,17615,0.0,0.0
2024-02-05 10:30:00-05:00,112.20500183105469,112.80500030517578,112.19999694824219,112.41500091552734,19300,0.0,0.0
2024-02-05 11:30:00-05:00,112.22000122070312,112.66999816894531,111.9800033569336,112.66999816894531,18268,0.0,0.0
2024-02-05 12:30:00-05:00,112.66999816894531,113.19000244140625,112.63999938964844,112.94999694824219,12809,0.0,0.0
2024-02-05 13:30:00-05:00,112.91999816894531,113.20999908447266,112.88999938964844,113.19499969482422,10222,0.0,0.0
2024-02-05 14:30:00-05:00,113.20999908447266,113.30000305175781,112.82839965820312,113.18000030517578,25806,0.0,0.0
2024-02-05 15:30:00-05:00,113.19499969482422,113.19999694824219,112.33999633789062,112.3499984741211,41480,0.0,0.0
2024-02-06 09:30:00-05:00,112.05999755859375,113.23999786376953,112.05999755859375,112.62889862060547,13136,0.0,0.0
2024-02-06 10:30:00-05:00,112.83000183105469,112.99500274658203,112.25,112.9800033569336,12514,0.0,0.0
2024-02-06 11:30:00-05:00,112.9800033569336,113.44499969482422,112.83999633789062,113.27999877929688,11579,0.0,0.0
2024-02-06 12:30:00-05:00,113.36000061035156,113.58999633789062,113.30999755859375,113.58999633789062,10139,0.0,0.0
2024-02-06 13:30:00-05:00,113.58000183105469,113.87999725341797,113.4000015258789,113.44999694824219,19383,0.0,0.0
2024-02-06 14:30:00-05:00,113.35130310058594,113.7699966430664,113.35130310058594,113.6050033569336,21017,0.0,0.0
2024-02-06 15:30:00-05:00,113.69000244140625,113.72000122070312,113.23999786376953,113.3499984741211,40717,0.0,0.0
2024-02-07 09:30:00-05:00,113.38999938964844,113.58000183105469,112.44000244140625,113.33000183105469,14592,0.0,0.0
2024-02-07 10:30:00-05:00,113.43499755859375,114.29000091552734,113.33000183105469,114.01499938964844,30387,0.0,0.0
2024-02-07 11:30:00-05:00,114.08000183105469,114.13130187988281,113.68499755859375,113.68499755859375,36862,0.0,0.0
2024-02-07 12:30:00-05:00,113.72000122070312,114.12000274658203,113.5199966430664,113.57499694824219,27522,0.0,0.0
2024-02-07 13:30:00-05:00,113.56999969482422,113.88999938964844,113.16999816894531,113.70999908447266,19783,0.0,0.0
2024-02-07 14:30:00-05:00,113.67500305175781,113.86000061035156,113.19999694824219,113.625,30575,0.0,0.0
2024-02-07 15:30:00-05:00,113.67500305175781,113.69999694824219,112.88999938964844,113.06999969482422,58454,0.0,0.0
2024-02-08 09:30:00-05:00,103.38999938964844,103.66000366210938,91.0,93.8499984741211,370712,0.0,0.0
2024-02-08 10:30:00-05:00,93.7699966430664,93.91000366210938,90.80000305175781,92.82499694824219,173337,0.0,0.0
2024-02-08 11:30:00-05:00,92.87000274658203,94.70999908447266,92.31999969482422,92.31999969482422,146248,0.0,0.0
2024-02-08 12:30:00-05:00,92.44999694824219,96.25499725341797,92.31999969482422,96.05000305175781,162364,0.0,0.0
2024-02-08 13:30:00-05:00,96.1050033569336,96.18099975585938,94.55999755859375,95.3499984741211,109815,0.0,0.0
2024-02-08 14:30:00-05:00,95.44999694824219,95.73400115966797,94.05999755859375,95.53500366210938,169159,0.0,0.0
2024-02-08 15:30:00-05:00,95.5999984741211,96.94000244140625,95.5,96.33000183105469,236339,0.0,0.0
2024-02-09 09:30:00-05:00,96.19999694824219,96.19999694824219,93.20999908447266,94.15229797363281,97875,0.0,0.0
2024-02-09 10:30:00-05:00,94.08740234375,94.62999725341797,93.8499984741211,94.62000274658203,64497,0.0,0.0
2024-02-09 11:30:00-05:00,94.80999755859375,95.18000030517578,94.41000366210938,94.9800033569336,46899,0.0,0.0
2024-02-09 12:30:00-05:00,95.05460357666016,95.69999694824219,94.91999816894531,95.5,46124,0.0,0.0
2024-02-09 13:30:00-05:00,95.5728988647461,96.05000305175781,95.19499969482422,95.83999633789062,61097,0.0,0.0
2024-02-09 14:30:00-05:00,95.84500122070312,96.54000091552734,95.6050033569336,96.04000091552734,81506,0.0,0.0
2024-02-09 15:30:00-05:00,96.05000305175781,96.44999694824219,95.87999725341797,96.44999694824219,164995,0.0,0.0
2024-02-12 09:30:00-05:00,96.26000213623047,97.75,95.98999786376953,96.43000030517578,49002,0.0,0.0
2024-02-12 10:30:00-05:00,96.41000366210938,96.61000061035156,95.75,95.75,54481,0.0,0.0
2024-02-12 11:30:00-05:00,95.77999877929688,96.16999816894531,95.2300033569336,95.44999694824219,63243,0.0,0.0
2024-02-12 12:30:00-05:00,95.2300033569336,95.81999969482422,95.11000061035156,95.56999969482422,42953,0.0,0.0
2024-02-12 13:30:00-05:00,95.63999938964844,95.73999786376953,94.95999908447266,95.16000366210938,50780,0.0,0.0
2024-02-12 14:30:00-05:00,95.12999725341797,95.74500274658203,94.7699966430664,95.66000366210938,78508,0.0,0.0
2024-02-12 15:30:00-05:00,95.72000122070312,95.76499938964844,95.12999725341797,95.44000244140625,129528,0.0,0.0
2024-02-13 09:30:00-05:00,94.12000274658203,94.26000213623047,92.0199966430664,92.41999816894531,40931,0.0,0.0
2024-02-13 10:30:00-05:00,92.45999908447266,94.1500015258789,92.36000061035156,93.7300033569336,44657,0.0,0.0
2024-02-13 11:30:00-05:00,93.7300033569336,94.1449966430664,93.27999877929688,93.36499786376953,36978,0.0,0.0
2024-02-13 12:30:00-05:00,93.41000366210938,93.79000091552734,93.02999877929688,93.12000274658203,31244,0.0,0.0
2024-02-13 13:30:00-05:00,93.16999816894531,93.3499984741211,92.38500213623047,92.44000244140625,32450,0.0,0.0
2024-02-13 14:30:00-05:00,92.48999786376953,92.62999725341797,91.94000244140625,92.02999877929688,46723,0.0,0.0
2024-02-13 15:30:00-05:00,92.08999633789062,92.36000061035156,91.8499984741211,92.29000091552734,100385,0.0,0.0
2024-02-14 09:30:00-05:00,92.69999694824219,92.69999694824219,91.31500244140625,92.06999969482422,34564,0.0,0.0
2024-02-14 10:30:00-05:00,92.08999633789062,92.77999877929688,91.62999725341797,92.74500274658203,49859,0.0,0.0
2024-02-14 11:30:00-05:00,92.80000305175781,93.0999984741211,92.61000061035156,93.0,27180,0.0,0.0
2024-02-14 12:30:00-05:00,92.9800033569336,93.08000183105469,92.33000183105469,92.58499908447266,28173,0.0,0.0
2024-02-14 13:30:00-05:00,92.58499908447266,92.91500091552734,92.3499984741211,92.56999969482422,26302,0.0,0.0
2024-02-14 14:30:00-05:00,92.56999969482422,93.41500091552734,92.54000091552734,93.33000183105469,45108,0.0,0.0
2024-02-14 15:30:00-05:00,93.32499694824219,93.39250183105469,92.44999694824219,92.44999694824219,112255,0.0,0.0
2024-02-15 09:30:00-05:00,93.04000091552734,93.41999816894531,92.30000305175781,93.0,16192,0.0,0.0
2024-02-15 10:30:00-05:00,92.95999908447266,93.4000015258789,92.66999816894531,92.69000244140625,21123,0.0,0.0
2024-02-15 11:30:00-05:00,92.58000183105469,92.83000183105469,92.26000213623047,92.3499984741211,39721,0.0,0.0
2024-02-15 12:30:00-05:00,92.36499786376953,93.24500274658203,92.26000213623047,93.00980377197266,38377,0.0,0.0
2024-02-15 13:30:00-05:00,92.94999694824219,94.4000015258789,92.94000244140625,94.4000015258789,53584,0.0,0.0
2024-02-15 14:30:00-05:00,94.48999786376953,94.94000244140625,94.33999633789062,94.83000183105469,80694,0.0,0.0
2024-02-15 15:30:00-05:00,94.83000183105469,94.83999633789062,94.43000030517578,94.70999908447266,145463,0.0,0.0
2024-02-16 09:30:00-05:00,94.9800033569336,95.7300033569336,93.8550033569336,95.55000305175781,55636,0.0,0.0
2024-02-16 10:30:00-05:00,95.69100189208984,96.94999694824219,95.66999816894531,96.3499984741211,97201,0.0,0.0
2024-02-16 11:30:00-05:00,96.44999694824219,97.16000366210938,96.30999755859375,97.0250015258789,64840,0.0,0.0
2024-02-16 12:30:00-05:00,97.0250015258789,97.41000366210938,96.48999786376953,97.33999633789062,27529,0.0,0.0
2024-02-16 13:30:00-05:00,97.38999938964844,97.66999816894531,96.96499633789062,97.45999908447266,28670,0.0,0.0
2024-02-16 14:30:00-05:00,97.29000091552734,97.38999938964844,96.7699966430664,96.87999725341797,42644,0.0,0.0
2024-02-16 15:30:00-05:00,96.875,96.875,96.38999938964844,96.44000244140625,146201,0.0,0.0
2024-02-20 09:30:00-05:00,95.73999786376953,96.61000061035156,95.52010345458984,96.59500122070312,35305,0.0,0.0
2024-02-20 10:30:00-05:00,96.62000274658203,96.68000030517578,95.8499984741211,96.2699966430664,31746,0.0,0.0
2024-02-20 11:30:00-05:00,96.19000244140625,96.29000091552734,95.99500274658203,96.18499755859375,20210,0.0,0.0
2024-02-20 12:30:00-05:00,96.18499755859375,96.76000213623047,95.72000122070312,96.2699966430664,43507,0.0,0.0
2024-02-20 13:30:00-05:00,96.30999755859375,96.68000030517578,96.30999755859375,96.6500015258789,24186,0.0,0.0
2024-02-20 14:30:00-05:00,96.58999633789062,97.5,96.58999633789062,97.43499755859375,48040,0.0,0.0
2024-02-20 15:30:00-05:00,97.41999816894531,97.51000213623047,96.94499969482422,97.36000061035156,100769,0.0,0.0
2024-02-21 09:30:00-05:00,97.48999786376953,97.48999786376953,96.37999725341797,96.55999755859375,29371,0.0,0.0
2024-02-21 10:30:00-05:00,96.56500244140625,96.58999633789062,95.94999694824219,96.19000244140625,31136,0.0,0.0
2024-02-21 11:30:00-05:00,96.19999694824219,97.2300033569336,95.79000091552734,96.96499633789062,47772,0.0,0.0
2024-02-21 12:30:00-05:00,96.82009887695312,97.05999755859375,96.48999786376953,96.48999786376953,37699,0.0,0.0
2024-02-21 13:30:00-05:00,96.3499984741211,96.4800033569336,96.04000091552734,96.04000091552734,22705,0.0,0.0
2024-02-21 14:30:00-05:00,96.12999725341797,96.46499633789062,95.71499633789062,95.71499633789062,34596,0.0,0.0
2024-02-21 15:30:00-05:00,95.6500015258789,96.41999816894531,95.5999984741211,96.2300033569336,94351,0.0,0.0
2024-02-22 09:30:00-05:00,96.3499984741211,96.81999969482422,95.58000183105469,95.88500213623047,54264,0.0,0.0
2024-02-22 10:30:00-05:00,95.87999725341797,96.58000183105469,95.80999755859375,96.3550033569336,40588,0.0,0.0
2024-02-22 11:30:00-05:00,96.27999877929688,97.29000091552734,96.12000274658203,97.27999877929688,34937,0.0,0.0
2024-02-22 12:30:00-05:00,97.30500030517578,97.6500015258789,97.04000091552734,97.4000015258789,28278,0.0,0.0
2024-02-22 13:30:00-05:00,97.44000244140625,98.4000015258789,97.38999938964844,98.29000091552734,27206,0.0,0.0
2024-02-22 14:30:00-05:00,98.23999786376953,98.23999786376953,97.45999908447266,97.69999694824219,33486,0.0,0.0
2024-02-22 15:30:00-05:00,97.65499877929688,97.80000305175781,97.45500183105469,97.5199966430664,68328,0.0,0.0
2024-02-23 09:30:00-05:00,97.58999633789062,98.47969818115234,97.58999633789062,97.76000213623047,13079,0.0,0.0
2024-02-23 10:30:00-05:00,97.84349822998047,98.2300033569336,97.76499938964844,98.2300033569336,38994,0.0,0.0
2024-02-23 11:30:00-05:00,98.23999786376953,98.81999969482422,98.01000213623047,98.79000091552734,21713,0.0,0.0
2024-02-23 12:30:00-05:00,98.75499725341797,99.31999969482422,98.56999969482422,98.80500030517578,30453,0.0,0.0
2024-02-23 13:30:00-05:00,98.9000015258789,98.97000122070312,98.58999633789062,98.62000274658203,24395,0.0,0.0
2024-02-23 14:30:00-05:00,98.58000183105469,98.66000366210938,98.0999984741211,98.26000213623047,42686,0.0,0.0
2024-02-23 15:30:00-05:00,98.24500274658203,98.91999816894531,98.18000030517578,98.47000122070312,86258,0.0,0.0
2024-02-26 09:30:00-05:00,98.0999984741211,98.0999984741211,97.38999938964844,97.5,24103,0.0,0.0
2024-02-26 10:30:00-05:00,97.50499725341797,98.62000274658203,97.4800033569336,98.44000244140625,36839,0.0,0.0
2024-02-26 11:30:00-05:00,98.44000244140625,98.44999694824219,97.7750015258789,97.875,22560,0.0,0.0
2024-02-26 12:30:00-05:00,97.88729858398438,97.94999694824219,97.66999816894531,97.80999755859375,28662,0.0,0.0
2024-02-26 13:30:00-05:00,97.81500244140625,98.15499877929688,97.7750015258789,97.87999725341797,15484,0.0,0.0
2024-02-26 14:30:00-05:00,97.87999725341797,98.75,97.85009765625,98.56999969482422,32570,0.0,0.0
2024-02-26 15:30:00-05:00,98.55999755859375,98.56999969482422,98.18000030517578,98.19000244140625,65250,0.0,0.0
2024-02-27 09:30:00-05:00,98.4000015258789,98.55999755859375,97.8904037475586,98.03500366210938,16549,0.0,0.0
2024-02-27 10:30:00-05:00,97.90499877929688,97.95999908447266,97.62999725341797,97.70999908447266,33338,0.0,0.0
2024-02-27 11:30:00-05:00,97.70999908447266,98.21279907226562,97.61000061035156,97.81999969482422,29693,0.0,0.0
2024-02-27 12:30:00-05:00,97.83000183105469,98.08499908447266,97.69999694824219,97.7699966430664,17008,0.0,0.0
2024-02-27 13:30:00-05:00,97.72000122070312,97.98999786376953,97.69499969482422,97.87000274658203,27233,0.0,0.0
2024-02-27 14:30:00-05:00,97.87000274658203,97.93000030517578,97.16999816894531,97.30000305175781,54784,0.0,0.0
2024-02-27 15:30:00-05:00,97.30000305175781,97.55999755859375,97.2300033569336,97.33999633789062,73656,0.0,0.0
2024-02-28 09:30:00-05:00,96.95999908447266,98.11000061035156,96.95999908447266,97.98999786376953,25999,0.0,0.0
2024-02-28 10:30:00-05:00,98.0999984741211,98.71499633789062,97.63999938964844,98.52999877929688,65434,0.0,0.0
2024-02-28 11:30:00-05:00,98.5,99.27999877929688,98.4000015258789,99.26000213623047,40565,0.0,0.0
2024-02-28 12:30:00-05:00,99.16999816894531,100.24500274658203,99.0250015258789,100.24500274658203,40575,0.0,0.0
2024-02-28 13:30:00-05:00,100.36499786376953,100.41000366210938,99.49500274658203,99.9229965209961,78621,0.0,0.0
2024-02-28 14:30:00-05:00,99.81999969482422,100.46499633789062,99.30999755859375,99.6500015258789,74372,0.0,0.0
2024-02-28 15:30:00-05:00,99.62999725341797,100.38999938964844,99.52999877929688,100.33000183105469,78081,0.0,0.0
2024-02-29 09:30:00-05:00,100.66000366210938,102.04000091552734,100.66000366210938,101.76000213623047,94428,0.0,0.0
2024-02-29 10:30:00-05:00,101.8550033569336,101.91000366210938,100.52999877929688,100.87000274658203,36801,0.0,0.0
2024-02-29 11:30:00-05:00,100.87000274658203,101.72000122070312,100.68000030517578,101.6500015258789,89518,0.0,0.0
2024-02-29 12:30:00-05:00,101.57009887695312,101.93000030517578,101.5,101.93000030517578,19398,0.0,0.0
2024-02-29 13:30:00-05:00,101.8949966430664,101.90170288085938,101.0,101.2699966430664,46677,0.0,0.0
2024-02-29 14:30:00-05:00,101.2699966430664,101.63999938964844,101.12999725341797,101.52999877929688,37455,0.0,0.0
2024-02-29 15:30:00-05:00,101.58000183105469,102.19999694824219,101.51499938964844,101.69999694824219,118825,0.0,0.0
2024-03-01 09:30:00-05:00,101.41999816894531,102.44000244140625,101.13999938964844,102.27999877929688,44954,0.0,0.0
2024-03-01 10:30:00-05:00,102.27999877929688,103.48999786376953,102.06780242919922,103.07499694824219,31002,0.0,0.0
2024-03-01 11:30:00-05:00,103.04000091552734,103.29000091552734,102.45999908447266,102.58999633789062,50850,0.0,0.0
2024-03-01 12:30:00-05:00,102.52999877929688,102.70500183105469,102.33000183105469,102.43000030517578,24989,0.0,0.0
2024-03-01 13:30:00-05:00,102.52999877929688,103.25,102.37000274658203,103.00499725341797,36362,0.0,0.0
2024-03-01 14:30:00-05:00,103.01000213623047,103.18000030517578,102.7249984741211,102.73500061035156,38514,0.0,0.0
2024-03-01 15:30:00-05:00,102.73500061035156,102.88999938964844,102.40499877929688,102.66999816894531,54558,0.0,0.0
2024-03-04 09:30:00-05:00,102.75,102.80000305175781,100.56500244140625,100.68499755859375,62049,0.0,0.0
2024-03-04 10:30:00-05:00,100.6500015258789,100.6500015258789,99.7699966430664,100.02999877929688,60954,0.0,0.0
2024-03-04 11:30:00-05:00,100.02999877929688,100.12120056152344,99.4625015258789,99.69999694824219,34300,0.0,0.0
2024-03-04 12:30:00-05:00,99.7249984741211,99.97000122070312,99.55000305175781,99.91999816894531,30460,0.0,0.0
2024-03-04 13:30:00-05:00,100.00499725341797,100.00499725341797,99.4000015258789,99.44499969482422,45471,0.0,0.0
2024-03-04 14:30:00-05:00,99.44499969482422,99.58999633789062,99.04499816894531,99.20500183105469,65915,0.0,0.0
2024-03-04 15:30:00-05:00,99.25,99.26000213623047,98.61499786376953,98.7300033569336,102777,0.0,0.0
2024-03-05 09:30:00-05:00,98.52999877929688,99.06999969482422,97.33000183105469,97.58000183105469,25202,0.0,0.0
2024-03-05 10:30:00-05:00,97.66000366210938,97.83000183105469,97.16000366210938,97.83000183105469,40268,0.0,0.0
2024-03-05 11:30:00-05:00,97.83000183105469,97.83000183105469,96.9800033569336,97.09500122070312,33812,0.0,0.0
2024-03-05 12:30:00-05:00,97.01000213623047,97.20999908447266,96.48999786376953,96.56500244140625,40411,0.0,0.0
2024-03-05 13:30:00-05:00,96.5199966430664,96.55039978027344,96.16000366210938,96.29499816894531,23557,0.0,0.0
2024-03-05 14:30:00-05:00,96.25,96.3499984741211,95.16000366210938,95.19999694824219,32648,0.0,0.0
2024-03-05 15:30:00-05:00,95.1500015258789,95.7300033569336,95.1500015258789,95.62000274658203,98426,0.0,0.0
2024-03-06 09:30:00-05:00,99.37999725341797,103.1500015258789,98.8844985961914,101.23999786376953,136671,0.0,0.0
2024-03-06 10:30:00-05:00,101.30999755859375,103.87000274658203,100.58000183105469,103.72000122070312,108019,0.0,0.0
2024-03-06 11:30:00-05:00,103.87000274658203,103.87000274658203,102.0999984741211,102.26000213623047,72370,0.0,0.0
2024-03-06 12:30:00-05:00,102.2300033569336,102.70999908447266,102.21499633789062,102.59500122070312,46412,0.0,0.0
2024-03-06 13:30:00-05:00,102.55000305175781,102.55999755859375,101.01000213623047,102.29000091552734,64467,0.0,0.0
2024-03-06 14:30:00-05:00,102.18499755859375,102.58000183105469,101.94000244140625,102.04000091552734,57136,0.0,0.0
2024-03-06 15:30:00-05:00,102.0199966430664,102.0199966430664,101.3499984741211,101.37000274658203,130537,0.0,0.0
2024-03-07 09:30:00-05:00,101.62999725341797,102.52999877929688,101.13999938964844,101.45069885253906,36448,0.0,0.0
2024-03-07 10:30:00-05:00,101.5,101.66000366210938,100.72000122070312,100.94499969482422,34784,0.0,0.0
2024-03-07 11:30:00-05:00,100.94999694824219,101.12000274658203,100.73729705810547,101.05500030517578,55939,0.0,0.0
2024-03-07 12:30:00-05:00,101.01000213623047,101.47000122070312,100.88999938964844,101.2300033569336,35561,0.0,0.0
2024-03-07 13:30:00-05:00,101.22000122070312,101.22000122070312,100.61000061035156,100.80000305175781,27079,0.0,0.0
2024-03-07 14:30:00-05:00,100.75779724121094,100.86000061035156,100.05000305175781,100.4800033569336,53633,0.0,0.0
2024-03-07 15:30:00-05:00,100.52999877929688,100.69000244140625,100.2300033569336,100.37000274658203,65912,0.0,0.0
2024-03-08 09:30:00-05:00,100.98999786376953,101.9000015258789,100.87999725341797,101.06999969482422,27515,0.0,0.0
2024-03-08 10:30:00-05:00,100.98999786376953,102.2699966430664,100.98999786376953,101.41000366210938,44848,0.0,0.0
2024-03-08 11:30:00-05:00,101.37000274658203,101.93000030517578,101.2699966430664,101.93000030517578,30859,0.0,0.0
2024-03-08 12:30:00-05:00,101.8550033569336,102.08000183105469,101.73999786376953,101.87000274658203,42089,0.0,0.0
2024-03-08 13:30:00-05:00,101.94999694824219,102.0199966430664,101.41000366210938,101.73999786376953,39729,0.0,0.0
2024-03-08 14:30:00-05:00,101.83999633789062,101.8499984741211,100.96399688720703,100.96399688720703,40496,0.0,0.0
2024-03-08 15:30:00-05:00,101.0,101.29000091552734,100.9000015258789,101.0,85375,0.0,0.0
2024-03-11 09:30:00-04:00,101.04000091552734,101.87999725341797,100.54000091552734,101.04499816894531,16831,0.0,0.0
2024-03-11 10:30:00-04:00,101.02999877929688,101.08000183105469,100.05000305175781,100.18000030517578,30854,0.0,0.0
2024-03-11 11:30:00-04:00,100.1449966430664,100.30000305175781,99.80999755859375,100.23999786376953,29055,0.0,0.0
2024-03-11 12:30:00-04:00,100.21499633789062,100.66000366210938,100.1500015258789,100.62999725341797,26599,0.0,0.0
2024-03-11 13:30:00-04:00,100.69000244140625,100.87000274658203,100.58000183105469,100.69000244140625,25842,0.0,0.0
2024-03-11 14:30:00-04:00,100.7300033569336,100.8550033569336,100.41000366210938,100.61000061035156,32594,0.0,0.0
2024-03-11 15:30:00-04:00,100.54000091552734,101.05999755859375,100.54000091552734,100.88999938964844,82610,0.0,0.0
2024-03-12 09:30:00-04:00,100.2699966430664,100.37670135498047,99.54000091552734,99.81999969482422,21295,0.0,0.0
2024-03-12 10:30:00-04:00,99.9000015258789,100.2300033569336,99.36000061035156,99.81999969482422,33236,0.0,0.0
2024-03-12 11:30:00-04:00,99.75,99.88999938964844,98.97000122070312,99.87000274658203,26059,0.0,0.0
2024-03-12 12:30:00-04:00,99.77999877929688,100.01499938964844,99.625,99.77999877929688,21733,0.0,0.0
2024-03-12 13:30:00-04:00,99.80000305175781,99.80000305175781,99.33000183105469,99.58999633789062,20066,0.0,0.0
2024-03-12 14:30:00-04:00,99.56999969482422,100.20500183105469,99.48999786376953,100.19999694824219,24774,0.0,0.0
2024-03-12 15:30:00-04:00,100.20999908447266,100.30000305175781,100.06999969482422,100.2300033569336,70211,0.0,0.0
2024-03-13 09:30:00-04:00,99.69000244140625,100.75,99.37999725341797,99.76499938964844,24977,0.0,0.0
2024-03-13 10:30:00-04:00,99.77999877929688,99.88999938964844,99.4000015258789,99.77999877929688,19065,0.0,0.0
2024-03-13 11:30:00-04:00,99.73999786376953,99.73999786376953,98.68000030517578,98.83999633789062,33415,0.0,0.0
2024-03-13 12:30:00-04:00,98.81999969482422,99.0199966430664,98.48999786376953,98.91999816894531,23388,0.0,0.0
2024-03-13 13:30:00-04:00,98.91999816894531,99.38999938964844,98.3499984741211,99.33999633789062,32762,0.0,0.0
2024-03-13 14:30:00-04:00,99.37999725341797,99.37999725341797,98.21499633789062,98.21499633789062,44270,0.0,0.0
2024-03-13 15:30:00-04:00,98.29000091552734,98.52999877929688,97.94000244140625,98.08999633789062,95111,0.0,0.0
2024-03-14 09:30:00-04:00,98.1500015258789,98.3499984741211,97.12999725341797,97.44999694824219,23706,0.0,0.0
2024-03-14 10:30:00-04:00,97.53500366210938,97.62000274658203,96.58999633789062,97.5250015258789,24279,0.0,0.0
2024-03-14 11:30:00-04:00,97.50499725341797,97.87999725341797,97.0801010131836,97.16000366210938,49353,0.0,0.0
2024-03-14 12:30:00-04:00,97.16000366210938,97.41500091552734,96.61000061035156,97.41500091552734,43144,0.0,0.0
2024-03-14 13:30:00-04:00,97.29000091552734,97.63500213623047,97.2699966430664,97.54000091552734,24485,0.0,0.0
2024-03-14 14:30:00-04:00,97.52999877929688,98.0199966430664,97.3550033569336,97.79000091552734,45872,0.0,0.0
2024-03-14 15:30:00-04:00,97.7750015258789,98.38999938964844,97.66999816894531,98.27999877929688,93667,0.0,0.0
2024-03-15 09:30:00-04:00,97.72000122070312,99.16999816894531,97.72000122070312,98.41000366210938,96694,0.0,0.0
2024-03-15 10:30:00-04:00,98.48500061035156,98.58000183105469,98.11000061035156,98.57499694824219,32234,0.0,0.0
2024-03-15 11:30:00-04:00,98.55000305175781,99.19499969482422,98.55000305175781,98.87999725341797,25977,0.0,0.0
2024-03-15 12:30:00-04:00,98.94000244140625,99.26000213623047,98.69999694824219,99.13999938964844,25446,0.0,0.0
2024-03-15 13:30:00-04:00,99.1449966430664,99.56999969482422,98.80999755859375,99.55999755859375,38262,0.0,0.0
2024-03-15 14:30:00-04:00,99.52999877929688,99.76000213623047,99.01840209960938,99.2300033569336,62867,0.0,0.0
2024-03-15 15:30:00-04:00,99.23500061035156,99.25,98.41500091552734,98.4800033569336,123924,0.0,0.0
2024-03-18 09:30:00-04:00,98.1500015258789,98.76000213623047,97.95999908447266,98.41500091552734,24780,0.0,0.0
2024-03-18 10:30:00-04:00,98.33000183105469,98.46019744873047,98.0199966430664,98.23999786376953,20592,0.0,0.0
2024-03-18 11:30:00-04:00,98.25,98.42990112304688,97.75,97.8499984741211,23957,0.0,0.0
2024-03-18 12:30:00-04:00,97.91999816894531,99.33000183105469,97.91999816894531,98.99539947509766,55501,0.0,0.0
2024-03-18 13:30:00-04:00,99.05500030517578,99.06999969482422,98.72000122070312,99.00499725341797,21587,0.0,0.0
2024-03-18 14:30:00-04:00,98.91999816894531,99.21790313720703,98.90499877929688,99.11000061035156,27589,0.0,0.0
2024-03-18 15:30:00-04:00,99.12999725341797,99.55000305175781,98.9000015258789,98.91000366210938,75052,0.0,0.0
2024-03-19 09:30:00-04:00,98.80000305175781,99.9000015258789,98.61000061035156,98.61000061035156,12143,0.0,0.0
2024-03-19 10:30:00-04:00,98.58499908447266,99.76000213623047,98.30999755859375,99.41000366210938,24235,0.0,0.0
2024-03-19 11:30:00-04:00,99.41000366210938,99.4749984741211,99.08999633789062,99.29000091552734,11711,0.0,0.0
2024-03-19 12:30:00-04:00,99.3499984741211,99.72000122070312,99.12999725341797,99.43000030517578,25913,0.0,0.0
2024-03-19 13:30:00-04:00,99.35600280761719,99.4800033569336,99.19000244140625,99.4800033569336,14748,0.0,0.0
2024-03-19 14:30:00-04:00,99.48500061035156,99.63999938964844,99.30999755859375,99.30999755859375,12416,0.0,0.0
2024-03-19 15:30:00-04:00,99.29499816894531,99.70999908447266,99.29499816894531,99.61000061035156,42776,0.0,0.0
2024-03-20 09:30:00-04:00,99.66999816894531,100.30999755859375,99.30500030517578,100.23999786376953,52807,0.0,0.0
2024-03-20 10:30:00-04:00,100.31999969482422,101.0999984741211,100.0999984741211,101.08000183105469,14383,0.0,0.0
2024-03-20 11:30:00-04:00,101.13500213623047,101.13500213623047,100.41999816894531,100.80999755859375,12369,0.0,0.0
2024-03-20 12:30:00-04:00,100.80999755859375,100.91999816894531,100.69000244140625,100.70500183105469,10179,0.0,0.0
2024-03-20 13:30:00-04:00,100.62999725341797,101.47000122070312,100.45999908447266,100.91000366210938,14133,0.0,0.0
2024-03-20 14:30:00-04:00,101.04000091552734,101.57499694824219,100.58999633789062,101.57499694824219,25261,0.0,0.0
2024-03-20 15:30:00-04:00,101.54000091552734,101.73500061035156,101.19000244140625,101.31999969482422,43771,0.0,0.0
2024-03-21 09:30:00-04:00,101.8499984741211,103.33999633789062,101.49400329589844,103.30999755859375,25828,0.0,0.0
2024-03-21 10:30:00-04:00,103.33499908447266,103.8499984741211,103.2300033569336,103.55999755859375,28801,0.0,0.0
2024-03-21 11:30:00-04:00,103.54000091552734,103.69000244140625,102.94000244140625,103.08999633789062,13343,0.0,0.0
2024-03-21 12:30:00-04:00,103.02420043945312,103.2699966430664,102.93499755859375,102.99500274658203,19147,0.0,0.0
2024-03-21 13:30:00-04:00,103.0,103.30999755859375,103.0,103.29000091552734,16901,0.0,0.0
2024-03-21 14:30:00-04:00,103.22010040283203,103.41999816894531,103.22010040283203,103.37999725341797,19919,0.0,0.0
2024-03-21 15:30:00-04:00,103.37999725341797,103.41999816894531,102.88999938964844,102.9000015258789,48738,0.0,0.0
2024-03-22 09:30:00-04:00,103.68000030517578,104.01000213623047,103.29499816894531,104.01000213623047,38082,0.0,0.0
2024-03-22 10:30:00-04:00,104.04000091552734,104.70999908447266,104.01000213623047,104.61000061035156,29495,0.0,0.0
2024-03-22 11:30:00-04:00,104.5999984741211,104.88999938964844,104.33000183105469,104.88999938964844,43405,0.0,0.0
2024-03-22 12:30:00-04:00,104.97000122070312,105.48999786376953,104.97000122070312,105.45999908447266,30695,0.0,0.0
2024-03-22 13:30:00-04:00,105.5,105.87999725341797,105.02999877929688,105.02999877929688,25541,0.0,0.0
2024-03-22 14:30:00-04:00,105.06999969482422,105.18000030517578,104.70010375976562,105.0,33789,0.0,0.0
2024-03-22 15:30:00-04:00,105.0,105.41999816894531,104.88999938964844,105.02999877929688,87986,0.0,0.0
2024-03-25 09:30:00-04:00,104.54000091552734,105.1500015258789,104.0,104.2699966430664,24960,0.0,0.0
2024-03-25 10:30:00-04:00,104.37000274658203,105.43000030517578,104.06999969482422,105.09500122070312,42885,0.0,0.0
2024-03-25 11:30:00-04:00,105.03250122070312,105.25289916992188,104.58000183105469,104.58000183105469,22672,0.0,0.0
2024-03-25 12:30:00-04:00,104.63999938964844,105.41000366210938,104.56999969482422,105.30000305175781,20901,0.0,0.0
2024-03-25 13:30:00-04:00,105.30000305175781,105.54000091552734,105.16000366210938,105.37999725341797,22538,0.0,0.0
2024-03-25 14:30:00-04:00,105.39250183105469,105.52999877929688,105.18000030517578,105.31999969482422,28882,0.0,0.0
2024-03-25 15:30:00-04:00,105.33999633789062,106.02999877929688,105.33999633789062,105.79000091552734,95518,0.0,0.0
2024-03-26 09:30:00-04:00,106.69999694824219,106.69999694824219,104.16999816894531,104.6050033569336,29643,0.0,0.0
2024-03-26 10:30:00-04:00,104.58499908447266,105.68000030517578,104.58499908447266,104.81999969482422,19401,0.0,0.0
2024-03-26 11:30:00-04:00,104.83499908447266,105.37999725341797,104.40750122070312,105.22000122070312,37063,0.0,0.0
2024-03-26 12:30:00-04:00,105.16999816894531,105.75499725341797,105.10449981689453,105.42500305175781,35466,0.0,0.0
2024-03-26 13:30:00-04:00,105.42500305175781,105.50499725341797,105.00499725341797,105.41000366210938,32700,0.0,0.0
2024-03-26 14:30:00-04:00,105.36009979248047,105.55999755859375,105.13500213623047,105.2750015258789,32847,0.0,0.0
2024-03-26 15:30:00-04:00,105.26499938964844,105.72000122070312,105.16999816894531,105.68000030517578,84014,0.0,0.0
2024-03-27 09:30:00-04:00,106.63999938964844,107.4000015258789,106.25,106.62000274658203,25232,0.0,0.0
2024-03-27 10:30:00-04:00,106.49500274658203,107.7249984741211,106.48300170898438,107.7249984741211,18111,0.0,0.0
2024-03-27 11:30:00-04:00,107.68000030517578,107.83999633789062,107.08000183105469,107.83999633789062,23778,0.0,0.0
2024-03-27 12:30:00-04:00,107.91500091552734,108.33999633789062,107.56500244140625,107.86000061035156,30567,0.0,0.0
2024-03-27 13:30:00-04:00,107.76499938964844,108.38999938964844,107.72000122070312,108.24500274658203,37380,0.0,0.0
2024-03-27 14:30:00-04:00,108.19000244140625,108.4000015258789,107.44000244140625,107.83499908447266,36229,0.0,0.0
2024-03-27 15:30:00-04:00,107.87999725341797,108.6500015258789,107.77999877929688,108.62999725341797,80082,0.0,0.0
2024-03-28 09:30:00-04:00,108.58999633789062,109.62999725341797,108.55999755859375,109.04000091552734,25079,0.0,0.0
2024-03-28 10:30:00-04:00,109.04000091552734,109.7300033569336,108.83100128173828,109.69000244140625,19358,0.0,0.0
2024-03-28 11:30:00-04:00,109.76000213623047,110.72000122070312,109.76000213623047,110.54000091552734,30429,0.0,0.0
2024-03-28 12:30:00-04:00,110.48999786376953,110.56999969482422,110.12999725341797,110.36000061035156,22579,0.0,0.0
2024-03-28 13:30:00-04:00,110.36000061035156,110.66000366210938,110.1500015258789,110.63500213623047,26879,0.0,0.0
2024-03-28 14:30:00-04:00,110.5199966430664,110.56500244140625,109.25540161132812,109.7040023803711,40959,0.0,0.0
2024-03-28 15:30:00-04:00,109.62000274658203,109.94000244140625,109.30999755859375,109.5999984741211,72042,0.0,0.0
2024-04-01 09:30:00-04:00,109.41999816894531,109.41999816894531,108.31999969482422,108.62999725341797,26318,0.0,0.0
2024-04-01 10:30:00-04:00,108.70999908447266,109.2750015258789,108.20999908447266,108.29499816894531,24139,0.0,0.0
2024-04-01 11:30:00-04:00,108.30500030517578,108.30500030517578,107.40499877929688,107.61000061035156,18370,0.0,0.0
2024-04-01 12:30:00-04:00,107.69999694824219,108.22000122070312,107.58999633789062,107.97000122070312,18197,0.0,0.0
2024-04-01 13:30:00-04:00,108.0,108.0199966430664,107.64250183105469,107.86000061035156,24442,0.0,0.0
2024-04-01 14:30:00-04:00,107.74749755859375,107.91999816894531,107.2249984741211,107.43000030517578,55215,0.0,0.0
2024-04-01 15:30:00-04:00,107.37000274658203,107.8499984741211,107.31999969482422,107.48999786376953,112885,0.0,0.0
2024-04-02 09:30:00-04:00,106.5,108.16000366210938,106.3550033569336,107.70999908447266,32970,0.0,0.0
2024-04-02 10:30:00-04:00,107.66500091552734,108.0,107.08999633789062,107.08999633789062,21507,0.0,0.0
2024-04-02 11:30:00-04:00,107.06999969482422,107.39990234375,106.86000061035156,107.05000305175781,16191,0.0,0.0
2024-04-02 12:30:00-04:00,107.04000091552734,107.12999725341797,106.5199966430664,106.62000274658203,15884,0.0,0.0
2024-04-02 13:30:00-04:00,106.62000274658203,107.04000091552734,106.2699966430664,106.51499938964844,114150,0.0,0.0
2024-04-02 14:30:00-04:00,106.45500183105469,106.91000366210938,106.19999694824219,106.69999694824219,40059,0.0,0.0
2024-04-02 15:30:00-04:00,106.69000244140625,107.12000274658203,106.43499755859375,107.05000305175781,85919,0.0,0.0
2024-04-03 09:30:00-04:00,106.11000061035156,106.88249969482422,105.85749816894531,106.27999877929688,39121,0.0,0.0
2024-04-03 10:30:00-04:00,106.25,107.55999755859375,106.19000244140625,107.23500061035156,24893,0.0,0.0
2024-04-03 11:30:00-04:00,107.29000091552734,107.7699966430664,107.12999725341797,107.7699966430664,12380,0.0,0.0
2024-04-03 12:30:00-04:00,107.81999969482422,107.81999969482422,107.27999877929688,107.49500274658203,7771,0.0,0.0
2024-04-03 13:30:00-04:00,107.34500122070312,107.73999786376953,107.34500122070312,107.73999786376953,11510,0.0,0.0
2024-04-03 14:30:00-04:00,107.6500015258789,107.68499755859375,107.41000366210938,107.5199966430664,13240,0.0,0.0
2024-04-03 15:30:00-04:00,107.57499694824219,107.8499984741211,107.4000015258789,107.41999816894531,65590,0.0,0.0
2024-04-04 09:30:00-04:00,108.62999725341797,109.05999755859375,106.98999786376953,106.98999786376953,23008,0.0,0.0
2024-04-04 10:30:00-04:00,107.1500015258789,107.83000183105469,107.12000274658203,107.79000091552734,20747,0.0,0.0
2024-04-04 11:30:00-04:00,107.55000305175781,107.63999938964844,107.29000091552734,107.56999969482422,15145,0.0,0.0
2024-04-04 12:30:00-04:00,107.5,107.55000305175781,107.05000305175781,107.26000213623047,22404,0.0,0.0
2024-04-04 13:30:00-04:00,107.22000122070312,107.48500061035156,106.55999755859375,106.57499694824219,23978,0.0,0.0
2024-04-04 14:30:00-04:00,106.57499694824219,106.70999908447266,105.92500305175781,105.93000030517578,42411,0.0,0.0
2024-04-04 15:30:00-04:00,105.66999816894531,105.80999755859375,105.4749984741211,105.52999877929688,48618,0.0,0.0
2024-04-05 09:30:00-04:00,105.47000122070312,106.27999877929688,105.33000183105469,105.37999725341797,27435,0.0,0.0
2024-04-05 10:30:00-04:00,105.29000091552734,105.41000366210938,104.68000030517578,104.95999908447266,15502,0.0,0.0
2024-04-05 11:30:00-04:00,104.95929718017578,105.76000213623047,104.94349670410156,105.41999816894531,23134,0.0,0.0
2024-04-05 12:30:00-04:00,105.27999877929688,105.61000061035156,105.08999633789062,105.20500183105469,13500,0.0,0.0
2024-04-05 13:30:00-04:00,105.2300033569336,105.47000122070312,104.9800033569336,105.23500061035156,14302,0.0,0.0
2024-04-05 14:30:00-04:00,105.26000213623047,105.5199966430664,105.08000183105469,105.41999816894531,23977,0.0,0.0
2024-04-05 15:30:00-04:00,105.31999969482422,106.01000213623047,105.31999969482422,105.80000305175781,55746,0.0,0.0
2024-04-08 09:30:00-04:00,106.23999786376953,106.87999725341797,106.0541000366211,106.75,16937,0.0,0.0
2024-04-08 10:30:00-04:00,106.76000213623047,107.16999816894531,106.45999908447266,106.625,21612,0.0,0.0
2024-04-08 11:30:00-04:00,106.58999633789062,106.87000274658203,106.52999877929688,106.69000244140625,18692,0.0,0.0
2024-04-08 12:30:00-04:00,106.79000091552734,107.55999755859375,106.79000091552734,107.55999755859375,15076,0.0,0.0
2024-04-08 13:30:00-04:00,107.59500122070312,108.05999755859375,107.59500122070312,108.05999755859375,26425,0.0,0.0
2024-04-08 14:30:00-04:00,108.02999877929688,108.12000274658203,107.6449966430664,108.0199966430664,26601,0.0,0.0
2024-04-08 15:30:00-04:00,108.11000061035156,108.11000061035156,107.55999755859375,107.80000305175781,59800,0.0,0.0
2024-04-09 09:30:00-04:00,107.87000274658203,108.61499786376953,107.7699966430664,108.1449966430664,17573,0.0,0.0
2024-04-09 10:30:00-04:00,108.13999938964844,108.43000030517578,108.05000305175781,108.16999816894531,23501,0.0,0.0
2024-04-09 11:30:00-04:00,108.1500015258789,108.61000061035156,107.8499984741211,108.6050033569336,22777,0.0,0.0
2024-04-09 12:30:00-04:00,108.58499908447266,108.86499786376953,108.41999816894531,108.7249984741211,21137,0.0,0.0
2024-04-09 13:30:00-04:00,108.72000122070312,108.7300033569336,108.15499877929688,108.3499984741211,17204,0.0,0.0
2024-04-09 14:30:00-04:00,108.33499908447266,108.63999938964844,108.05000305175781,108.58999633789062,21238,0.0,0.0
2024-04-09 15:30:00-04:00,108.58999633789062,108.70500183105469,108.32499694824219,108.38999938964844,58845,0.0,0.0
2024-04-10 09:30:00-04:00,106.58999633789062,106.58999633789062,105.91999816894531,106.54000091552734,24643,0.0,0.0
2024-04-10 10:30:00-04:00,106.3949966430664,106.76000213623047,105.55999755859375,105.80999755859375,20886,0.0,0.0
2024-04-10 11:30:00-04:00,105.75,105.75,105.04000091552734,105.30000305175781,18931,0.0,0.0
2024-04-10 12:30:00-04:00,105.2300033569336,105.2300033569336,104.41999816894531,104.68000030517578,19093,0.0,0.0
2024-04-10 13:30:00-04:00,104.70999908447266,105.08000183105469,104.43000030517578,104.52999877929688,16593,0.0,0.0
2024-04-10 14:30:00-04:00,104.41500091552734,104.7750015258789,104.29000091552734,104.5199966430664,28491,0.0,0.0
2024-04-10 15:30:00-04:00,104.54499816894531,104.88999938964844,104.23999786376953,104.86000061035156,64930,0.0,0.0
2024-04-11 09:30:00-04:00,105.16000366210938,106.6344985961914,105.16000366210938,105.77999877929688,31900,0.0,0.0
2024-04-11 10:30:00-04:00,105.58499908447266,105.70999908447266,105.22000122070312,105.66000366210938,10011,0.0,0.0
2024-04-11 11:30:00-04:00,105.6500015258789,106.41000366210938,105.6500015258789,105.94000244140625,12086,0.0,0.0
2024-04-11 12:30:00-04:00,105.91500091552734,106.4800033569336,105.79000091552734,106.4800033569336,9512,0.0,0.0
2024-04-11 13:30:00-04:00,106.54000091552734,106.81999969482422,106.19999694824219,106.49500274658203,12806,0.0,0.0
2024-04-11 14:30:00-04:00,106.41000366210938,106.51000213623047,106.08999633789062,106.31999969482422,12741,0.0,0.0
2024-04-11 15:30:00-04:00,106.3499984741211,106.56500244140625,106.08000183105469,106.36000061035156,34203,0.0,0.0
2024-04-12 09:30:00-04:00,105.94000244140625,106.77439880371094,105.93000030517578,106.17500305175781,20228,0.0,0.0
2024-04-12 10:30:00-04:00,106.23999786376953,106.52999877929688,105.6500015258789,106.52999877929688,25994,0.0,0.0
2024-04-12 11:30:00-04:00,106.52999877929688,106.63500213623047,106.32499694824219,106.45999908447266,9415,0.0,0.0
2024-04-12 12:30:00-04:00,106.4749984741211,106.4749984741211,105.8499984741211,105.8499984741211,8079,0.0,0.0
2024-04-12 13:30:00-04:00,105.76000213623047,106.22000122070312,105.76000213623047,105.7699966430664,19105,0.0,0.0
2024-04-12 14:30:00-04:00,105.74500274658203,105.8499984741211,105.52999877929688,105.69080352783203,21882,0.0,0.0
2024-04-12 15:30:00-04:00,105.74500274658203,106.12000274658203,105.60150146484375,106.01499938964844,39668,0.0,0.0
2024-04-15 09:30:00-04:00,106.58000183105469,106.79000091552734,105.7699966430664,106.11000061035156,22490,0.0,0.0
2024-04-15 10:30:00-04:00,106.0999984741211,106.3499984741211,104.9928970336914,105.0250015258789,17271,0.0,0.0
2024-04-15 11:30:00-04:00,105.08999633789062,106.0999984741211,105.06999969482422,105.5199966430664,31582,0.0,0.0
2024-04-15 12:30:00-04:00,105.54000091552734,105.83000183105469,105.375,105.375,18125,0.0,0.0
2024-04-15 13:30:00-04:00,105.20999908447266,105.83000183105469,105.125,105.447998046875,12627,0.0,0.0
2024-04-15 14:30:00-04:00,105.37000274658203,105.44000244140625,104.91999816894531,105.31999969482422,16974,0.0,0.0
2024-04-15 15:30:00-04:00,105.38500213623047,105.62999725341797,105.20999908447266,105.20999908447266,46234,0.0,0.0
2024-04-16 09:30:00-04:00,104.91000366210938,105.1449966430664,104.27999877929688,104.80000305175781,20677,0.0,0.0
2024-04-16 10:30:00-04:00,104.81999969482422,105.18000030517578,104.44499969482422,104.8550033569336,22411,0.0,0.0
2024-04-16 11:30:00-04:00,104.83000183105469,105.51000213623047,104.83000183105469,105.3499984741211,15797,0.0,0.0
2024-04-16 12:30:00-04:00,105.33499908447266,105.33499908447266,104.62999725341797,104.62999725341797,12075,0.0,0.0
2024-04-16 13:30:00-04:00,104.76499938964844,105.0199966430664,104.2699966430664,104.41999816894531,13032,0.0,0.0
2024-04-16 14:30:00-04:00,104.44999694824219,105.0199966430664,104.44000244140625,104.87999725341797,16945,0.0,0.0
2024-04-16 15:30:00-04:00,104.8499984741211,105.03500366210938,104.5,104.8499984741211,58091,0.0,0.0
2024-04-17 09:30:00-04:00,105.51000213623047,106.16999816894531,105.45999908447266,105.45999908447266,15523,0.0,0.0
2024-04-17 10:30:00-04:00,105.56500244140625,105.71990203857422,105.12999725341797,105.12999725341797,18171,0.0,0.0
2024-04-17 11:30:00-04:00,105.11000061035156,105.625,105.0199966430664,105.2699966430664,17526,0.0,0.0
2024-04-17 12:30:00-04:00,105.19999694824219,105.95999908447266,104.86000061035156,105.95999908447266,14682,0.0,0.0
2024-04-17 13:30:00-04:00,105.9749984741211,106.0999984741211,105.55000305175781,105.5999984741211,9754,0.0,0.0
2024-04-17 14:30:00-04:00,105.66000366210938,105.94000244140625,105.3499984741211,105.4800033569336,16829,0.0,0.0
2024-04-17 15:30:00-04:00,105.6989974975586,106.01000213623047,105.58000183105469,105.62999725341797,51360,0.0,0.0
2024-04-18 09:30:00-04:00,105.75,107.19999694824219,105.38999938964844,107.19999694824219,18953,0.0,0.0
2024-04-18 10:30:00-04:00,107.38500213623047,107.63999938964844,107.19999694824219,107.37000274658203,15879,0.0,0.0
2024-04-18 11:30:00-04:00,106.7699966430664,107.33999633789062,106.7699966430664,107.24500274658203,10980,0.0,0.0
2024-04-18 12:30:00-04:00,107.31999969482422,107.31999969482422,106.70999908447266,107.04000091552734,13917,0.0,0.0
2024-04-18 13:30:00-04:00,106.9800033569336,107.2300033569336,106.80000305175781,106.87999725341797,13531,0.0,0.0
2024-04-18 14:30:00-04:00,106.81999969482422,106.93499755859375,106.63500213623047,106.88500213623047,18723,0.0,0.0
2024-04-18 15:30:00-04:00,106.95999908447266,107.11000061035156,106.71499633789062,106.87000274658203,63486,0.0,0.0
2024-04-19 09:30:00-04:00,106.88999938964844,108.2300033569336,106.33000183105469,108.20999908447266,23110,0.0,0.0
2024-04-19 10:30:00-04:00,108.1500015258789,108.44499969482422,107.78009796142578,107.9000015258789,15032,0.0,0.0
2024-04-19 11:30:00-04:00,107.98500061035156,108.23999786376953,107.38500213623047,107.38500213623047,12807,0.0,0.0
2024-04-19 12:30:00-04:00,107.55999755859375,108.44999694824219,107.55999755859375,107.87999725341797,18225,0.0,0.0
2024-04-19 13:30:00-04:00,107.85749816894531,108.3499984741211,107.72000122070312,107.72000122070312,23198,0.0,0.0
2024-04-19 14:30:00-04:00,107.63999938964844,108.23999786376953,107.52999877929688,108.12999725341797,18298,0.0,0.0
2024-04-19 15:30:00-04:00,108.1500015258789,108.51000213623047,107.7300033569336,108.31999969482422,55672,0.0,0.0
2024-04-22 09:30:00-04:00,108.33000183105469,109.63500213623047,108.33000183105469,109.54499816894531,13897,0.0,0.0
2024-04-22 10:30:00-04:00,109.45999908447266,109.6500015258789,108.88999938964844,108.91000366210938,17414,0.0,0.0
2024-04-22 11:30:00-04:00,108.72000122070312,109.54499816894531,108.63999938964844,109.47000122070312,20074,0.0,0.0
2024-04-22 12:30:00-04:00,109.37000274658203,109.58999633789062,109.13999938964844,109.5250015258789,12750,0.0,0.0
2024-04-22 13:30:00-04:00,109.45999908447266,109.51499938964844,109.2300033569336,109.2300033569336,29858,0.0,0.0
2024-04-22 14:30:00-04:00,109.30500030517578,109.6500015258789,108.92500305175781,108.92500305175781,28052,0.0,0.0
2024-04-22 15:30:00-04:00,108.92500305175781,109.33999633789062,108.83000183105469,109.0,65929,0.0,0.0
2024-04-23 09:30:00-04:00,109.2300033569336,109.80000305175781,109.2300033569336,109.56999969482422,7619,0.0,0.0
2024-04-23 10:30:00-04:00,109.63500213623047,109.71299743652344,109.38999938964844,109.71299743652344,17135,0.0,0.0
2024-04-23 11:30:00-04:00,109.62000274658203,109.62000274658203,108.95999908447266,109.01000213623047,31709,0.0,0.0
2024-04-23 12:30:00-04:00,109.0199966430664,109.0199966430664,108.69000244140625,108.86000061035156,9228,0.0,0.0
2024-04-23 13:30:00-04:00,108.88500213623047,109.06999969482422,108.45999908447266,108.5,24729,0.0,0.0
2024-04-23 14:30:00-04:00,108.5,109.08000183105469,108.31999969482422,108.31999969482422,30147,0.0,0.0
2024-04-23 15:30:00-04:00,108.33499908447266,108.69000244140625,108.33499908447266,108.54000091552734,44881,0.0,0.0
2024-04-24 09:30:00-04:00,108.4000015258789,108.8949966430664,108.21499633789062,108.62000274658203,19823,0.0,0.0
2024-04-24 10:30:00-04:00,108.63999938964844,108.69499969482422,107.81999969482422,108.16999816894531,18934,0.0,0.0
2024-04-24 11:30:00-04:00,108.2300033569336,108.47000122070312,108.02970123291016,108.40499877929688,19345,0.0,0.0
2024-04-24 12:30:00-04:00,108.3499984741211,108.51000213623047,108.04000091552734,108.51000213623047,12362,0.0,0.0
2024-04-24 13:30:00-04:00,108.58999633789062,108.83999633789062,108.4800033569336,108.68000030517578,16510,0.0,0.0
2024-04-24 14:30:00-04:00,108.69999694824219,109.08000183105469,108.63999938964844,108.9749984741211,35976,0.0,0.0
2024-04-24 15:30:00-04:00,108.9749984741211,109.63999938964844,108.9749984741211,109.5199966430664,58543,0.0,0.0
2024-04-25 09:30:00-04:00,109.2699966430664,109.37999725341797,108.19499969482422,108.57499694824219,20696,0.0,0.0
2024-04-25 10:30:00-04:00,108.70999908447266,108.87999725341797,107.3219985961914,107.9800033569336,29528,0.0,0.0
2024-04-25 11:30:00-04:00,108.03500366210938,108.94000244140625,108.03500366210938,108.6500015258789,18080,0.0,0.0
2024-04-25 12:30:00-04:00,108.61000061035156,108.88999938964844,108.49500274658203,108.51499938964844,13983,0.0,0.0
2024-04-25 13:30:00-04:00,108.51000213623047,108.88999938964844,108.30000305175781,108.55000305175781,17637,0.0,0.0
2024-04-25 14:30:00-04:00,108.62999725341797,109.16000366210938,108.43000030517578,109.0999984741211,22275,0.0,0.0
2024-04-25 15:30:00-04:00,109.02999877929688,109.2300033569336,108.6500015258789,108.86000061035156,59908,0.0,0.0
2024-04-26 09:30:00-04:00,106.72000122070312,107.0999984741211,103.08000183105469,104.08000183105469,122666,0.0,0.0
2024-04-26 10:30:00-04:00,104.19999694824219,106.2300033569336,103.77999877929688,106.04000091552734,41567,0.0,0.0
2024-04-26 11:30:00-04:00,106.0999984741211,106.0999984741211,104.9800033569336,105.25,33305,0.0,0.0
2024-04-26 12:30:00-04:00,105.30500030517578,105.30500030517578,104.88999938964844,105.12999725341797,18579,0.0,0.0
2024-04-26 13:30:00-04:00,105.2300033569336,105.36499786376953,105.01000213623047,105.30000305175781,20073,0.0,0.0
2024-04-26 14:30:00-04:00,105.2699966430664,105.30000305175781,104.41999816894531,104.58000183105469,27131,0.0,0.0
2024-04-26 15:30:00-04:00,104.52999877929688,104.77999877929688,104.16000366210938,104.25,92814,0.0,0.0
2024-04-29 09:30:00-04:00,104.87999725341797,105.9000015258789,104.78500366210938,105.61000061035156,25939,0.0,0.0
2024-04-29 10:30:00-04:00,105.3499984741211,105.80999755859375,104.83999633789062,105.13999938964844,19486,0.0,0.0
2024-04-29 11:30:00-04:00,105.0999984741211,105.31999969482422,104.7300033569336,105.24500274658203,18635,0.0,0.0
2024-04-29 12:30:00-04:00,105.31500244140625,105.31500244140625,104.05000305175781,104.38999938964844,47094,0.0,0.0
2024-04-29 13:30:00-04:00,104.5,104.62000274658203,103.88999938964844,103.97000122070312,32445,0.0,0.0
2024-04-29 14:30:00-04:00,103.9000015258789,104.29000091552734,103.5199966430664,104.19000244140625,49907,0.0,0.0
2024-04-29 15:30:00-04:00,104.31999969482422,104.53199768066406,103.98999786376953,104.23999786376953,98625,0.0,0.0
2024-04-30 09:30:00-04:00,104.04000091552734,105.12999725341797,103.86000061035156,104.5199966430664,36979,0.0,0.0
2024-04-30 10:30:00-04:00,104.6500015258789,104.83000183105469,103.98999786376953,104.73999786376953,23548,0.0,0.0
2024-04-30 11:30:00-04:00,104.73500061035156,104.73500061035156,103.91999816894531,104.07499694824219,14986,0.0,0.0
2024-04-30 12:30:00-04:00,103.88999938964844,104.38999938964844,103.86000061035156,104.19000244140625,30807,0.0,0.0
2024-04-30 13:30:00-04:00,104.12000274658203,104.33499908447266,103.20999908447266,103.2699966430664,53499,0.0,0.0
2024-04-30 14:30:00-04:00,103.19000244140625,103.4800033569336,102.73999786376953,102.83999633789062,91718,0.0,0.0
2024-04-30 15:30:00-04:00,102.8499984741211,103.61000061035156,102.70999908447266,102.97000122070312,159274,0.0,0.0
2024-05-01 09:30:00-04:00,104.5,105.91999816894531,99.05999755859375,100.31999969482422,93952,0.0,0.0
2024-05-01 10:30:00-04:00,100.33999633789062,104.25,100.05000305175781,102.83999633789062,30175,0.0,0.0
2024-05-01 11:30:00-04:00,103.04499816894531,105.98999786376953,101.66500091552734,105.73500061035156,63113,0.0,0.0
2024-05-01 12:30:00-04:00,105.7249984741211,105.7249984741211,104.26499938964844,104.5999984741211,21286,0.0,0.0
2024-05-01 13:30:00-04:00,104.55999755859375,104.76000213623047,103.7750015258789,104.44999694824219,24784,0.0,0.0
2024-05-01 14:30:00-04:00,104.44000244140625,105.19999694824219,103.33999633789062,104.68000030517578,81207,0.0,0.0
2024-05-01 15:30:00-04:00,104.75499725341797,105.24500274658203,104.29000091552734,104.29000091552734,98099,0.0,0.0
2024-05-02 09:30:00-04:00,105.0,105.33499908447266,101.56999969482422,101.94499969482422,51708,0.0,0.0
2024-05-02 10:30:00-04:00,101.95999908447266,103.59500122070312,101.79000091552734,103.59500122070312,41856,0.0,0.0
2024-05-02 11:30:00-04:00,103.37999725341797,103.80000305175781,102.87999725341797,103.125,20247,0.0,0.0
2024-05-02 12:30:00-04:00,103.02999877929688,103.51000213623047,102.7300033569336,102.82499694824219,27588,0.0,0.0
2024-05-02 13:30:00-04:00,102.79000091552734,103.29499816894531,102.36000061035156,103.11499786376953,36859,0.0,0.0
2024-05-02 14:30:00-04:00,103.11000061035156,103.13500213623047,102.42500305175781,103.13500213623047,42066,0.0,0.0
2024-05-02 15:30:00-04:00,103.12000274658203,103.625,102.76000213623047,103.29000091552734,87260,0.0,0.0
2024-05-03 09:30:00-04:00,104.52999877929688,105.60199737548828,103.47000122070312,105.02999877929688,41993,0.0,0.0
2024-05-03 10:30:00-04:00,105.12000274658203,105.12000274658203,103.13999938964844,103.58499908447266,20477,0.0,0.0
2024-05-03 11:30:00-04:00,103.36499786376953,103.43000030517578,102.7699966430664,103.22000122070312,22375,0.0,0.0
2024-05-03 12:30:00-04:00,103.2249984741211,103.55999755859375,102.81999969482422,102.95999908447266,34831,0.0,0.0
2024-05-03 13:30:00-04:00,103.08999633789062,103.79000091552734,102.94000244140625,103.38999938964844,24960,0.0,0.0
2024-05-03 14:30:00-04:00,103.50499725341797,103.66000366210938,103.04000091552734,103.31500244140625,31382,0.0,0.0
2024-05-03 15:30:00-04:00,103.23999786376953,103.30999755859375,102.66999816894531,102.87999725341797,69908,0.0,0.0
2024-05-06 09:30:00-04:00,103.11000061035156,103.79000091552734,103.01000213623047,103.65550231933594,13488,0.0,0.0
2024-05-06 10:30:00-04:00,103.54000091552734,103.6449966430664,102.69000244140625,102.95999908447266,23184,0.0,0.0
2024-05-06 11:30:00-04:00,102.79000091552734,103.5,102.75,103.29000091552734,15779,0.0,0.0
2024-05-06 12:30:00-04:00,103.31999969482422,103.44999694824219,102.97000122070312,103.2249984741211,10492,0.0,0.0
2024-05-06 13:30:00-04:00,103.2300033569336,103.62000274658203,103.16999816894531,103.5,21091,0.0,0.0
2024-05-06 14:30:00-04:00,103.69000244140625,103.69000244140625,103.03720092773438,103.05000305175781,19575,0.0,0.0
2024-05-06 15:30:00-04:00,103.06500244140625,103.16999816894531,102.5,102.7300033569336,51245,0.0,0.0
2024-05-07 09:30:00-04:00,103.38999938964844,104.24700164794922,103.08769989013672,104.11000061035156,18875,0.0,0.0
2024-05-07 10:30:00-04:00,103.95999908447266,104.1500015258789,103.3499984741211,104.0199966430664,28888,0.0,0.0
2024-05-07 11:30:00-04:00,104.04000091552734,104.58999633789062,103.8499984741211,104.4000015258789,18686,0.0,0.0
2024-05-07 12:30:00-04:00,104.45500183105469,104.8499984741211,104.3499984741211,104.73500061035156,14332,0.0,0.0
2024-05-07 13:30:00-04:00,104.75,105.25,104.5999984741211,105.25,15811,0.0,0.0
2024-05-07 14:30:00-04:00,105.24500274658203,105.58999633789062,105.18000030517578,105.44000244140625,29111,0.0,0.0
2024-05-07 15:30:00-04:00,105.5,105.625,105.13999938964844,105.45999908447266,59821,0.0,0.0
2024-05-08 09:30:00-04:00,105.33999633789062,105.37999725341797,104.12999725341797,104.12999725341797,18791,0.0,0.0
2024-05-08 10:30:00-04:00,103.63999938964844,104.59500122070312,103.61000061035156,104.18499755859375,17929,0.0,0.0
2024-05-08 11:30:00-04:00,104.1449966430664,104.2699966430664,103.8499984741211,104.2699966430664,10642,0.0,0.0
2024-05-08 12:30:00-04:00,104.12000274658203,104.24500274658203,103.75,104.19000244140625,17419,0.0,0.0
2024-05-08 13:30:00-04:00,104.31999969482422,104.31999969482422,104.06999969482422,104.2699966430664,10413,0.0,0.0
2024-05-08 14:30:00-04:00,104.2699966430664,104.6989974975586,104.13999938964844,104.22000122070312,20062,0.0,0.0
2024-05-08 15:30:00-04:00,104.25,104.5,103.80000305175781,104.1500015258789,67635,0.0,0.0
2024-05-09 09:30:00-04:00,104.05000305175781,104.4000015258789,103.72000122070312,104.1050033569336,8491,0.0,0.0
2024-05-09 10:30:00-04:00,104.19000244140625,104.3949966430664,103.0999984741211,103.43250274658203,19190,0.0,0.0
2024-05-09 11:30:00-04:00,103.44999694824219,103.87460327148438,103.29000091552734,103.7699966430664,9185,0.0,0.0
2024-05-09 12:30:00-04:00,103.73999786376953,104.27999877929688,103.73889923095703,104.27999877929688,9543,0.0,0.0
2024-05-09 13:30:00-04:00,104.16000366210938,104.16999816894531,103.91999816894531,104.04000091552734,11096,0.0,0.0
2024-05-09 14:30:00-04:00,103.9000015258789,104.23999786376953,103.88999938964844,104.11000061035156,10169,0.0,0.0
2024-05-09 15:30:00-04:00,104.02999877929688,104.6500015258789,103.98999786376953,104.62999725341797,50464,0.0,0.0
2024-05-10 09:30:00-04:00,105.0999984741211,105.0999984741211,104.44499969482422,104.69499969482422,6909,0.0,0.0
2024-05-10 10:30:00-04:00,104.88999938964844,105.30999755859375,104.26000213623047,105.14630126953125,17101,0.0,0.0
2024-05-10 11:30:00-04:00,105.24749755859375,105.4749984741211,104.75,105.12999725341797,8675,0.0,0.0
2024-05-10 12:30:00-04:00,105.25,105.25,104.43000030517578,104.58999633789062,8753,0.0,0.0
2024-05-10 13:30:00-04:00,104.75499725341797,104.76000213623047,104.33000183105469,104.4800033569336,10319,0.0,0.0
2024-05-10 14:30:00-04:00,104.47940063476562,104.69999694824219,104.37000274658203,104.41999816894531,9695,0.0,0.0
2024-05-10 15:30:00-04:00,104.48999786376953,105.16000366210938,104.48999786376953,105.1500015258789,33899,0.0,0.0
2024-05-13 09:30:00-04:00,105.56999969482422,106.62000274658203,105.13999938964844,106.48999786376953,20721,0.0,0.0
2024-05-13 10:30:00-04:00,106.36250305175781,106.69000244140625,105.83999633789062,105.83999633789062,30910,0.0,0.0
2024-05-13 11:30:00-04:00,105.72000122070312,105.72000122070312,105.08000183105469,105.08499908447266,9314,0.0,0.0
2024-05-13 12:30:00-04:00,105.19999694824219,105.33999633789062,105.02999877929688,105.02999877929688,7520,0.0,0.0
2024-05-13 13:30:00-04:00,105.08999633789062,105.19000244140625,104.92500305175781,104.98999786376953,14139,0.0,0.0
2024-05-13 14:30:00-04:00,105.0,105.0,104.58999633789062,104.62999725341797,13502,0.0,0.0
2024-05-13 15:30:00-04:00,104.58999633789062,105.2249984741211,104.29000091552734,104.33999633789062,65281,0.0,0.0
2024-05-14 09:30:00-04:00,105.63999938964844,105.63999938964844,104.54000091552734,104.54000091552734,6631,0.0,0.0
2024-05-14 10:30:00-04:00,104.55500030517578,104.9800033569336,104.55500030517578,104.80000305175781,13476,0.0,0.0
2024-05-14 11:30:00-04:00,104.79000091552734,104.80000305175781,104.11000061035156,104.22000122070312,13143,0.0,0.0
2024-05-14 12:30:00-04:00,104.22000122070312,104.22000122070312,103.6500015258789,103.76499938964844,11014,0.0,0.0
2024-05-14 13:30:00-04:00,103.68000030517578,104.1500015258789,103.625,103.75,9631,0.0,0.0
2024-05-14 14:30:00-04:00,103.73999786376953,103.9800033569336,103.2300033569336,103.27999877929688,21618,0.0,0.0
2024-05-14 15:30:00-04:00,103.38999938964844,103.41500091552734,102.62000274658203,102.66000366210938,57102,0.0,0.0
2024-05-15 09:30:00-04:00,103.05000305175781,103.32499694824219,102.5999984741211,102.81999969482422,15817,0.0,0.0
2024-05-15 10:30:00-04:00,102.91000366210938,103.37000274658203,102.7699966430664,103.1500015258789,31693,0.0,0.0
2024-05-15 11:30:00-04:00,103.05999755859375,104.93000030517578,103.05999755859375,104.91500091552734,36497,0.0,0.0
2024-05-15 12:30:00-04:00,105.00060272216797,105.50250244140625,104.7699966430664,105.27999877929688,21316,0.0,0.0
2024-05-15 13:30:00-04:00,105.24009704589844,105.5199966430664,104.94000244140625,105.19000244140625,23431,0.0,0.0
2024-05-15 14:30:00-04:00,105.12000274658203,105.41500091552734,104.88999938964844,104.91000366210938,61717,0.0,0.0
2024-05-15 15:30:00-04:00,104.91000366210938,105.02249908447266,104.5,104.5999984741211,60184,0.0,0.0
2024-05-16 09:30:00-04:00,104.5999984741211,105.29000091552734,104.11000061035156,104.95999908447266,9516,0.0,0.0
2024-05-16 10:30:00-04:00,105.02999877929688,105.21009826660156,104.76000213623047,105.21009826660156,8861,0.0,0.0
2024-05-16 11:30:00-04:00,105.06999969482422,105.06999969482422,104.63999938964844,104.95500183105469,10037,0.0,0.0
2024-05-16 12:30:00-04:00,105.0,105.18000030517578,104.3550033569336,104.44999694824219,8320,0.0,0.0
2024-05-16 13:30:00-04:00,104.47000122070312,104.76000213623047,104.38999938964844,104.76000213623047,9471,0.0,0.0
2024-05-16 14:30:00-04:00,104.76000213623047,105.0999984741211,104.72000122070312,105.08999633789062,14889,0.0,0.0
2024-05-16 15:30:00-04:00,105.0999984741211,105.41000366210938,105.0199966430664,105.19999694824219,37594,0.0,0.0
2024-05-17 09:30:00-04:00,106.01000213623047,106.01000213623047,105.01000213623047,105.19000244140625,19193,0.0,0.0
2024-05-17 10:30:00-04:00,105.09500122070312,105.4000015258789,104.91999816894531,104.9800033569336,8730,0.0,0.0
2024-05-17 11:30:00-04:00,104.9000015258789,105.1500015258789,104.7699966430664,104.86000061035156,5916,0.0,0.0
2024-05-17 12:30:00-04:00,105.0,105.37999725341797,104.8550033569336,104.8550033569336,8787,0.0,0.0
2024-05-17 13:30:00-04:00,104.8499984741211,105.01000213623047,104.83499908447266,105.01000213623047,3542,0.0,0.0
2024-05-17 14:30:00-04:00,105.08999633789062,105.1500015258789,104.2300033569336,104.25,23026,0.0,0.0
2024-05-17 15:30:00-04:00,104.37999725341797,104.58999633789062,104.16999816894531,104.30000305175781,63286,0.0,0.0
2024-05-20 09:30:00-04:00,104.12999725341797,105.01000213623047,103.5,103.99500274658203,14064,0.0,0.0
2024-05-20 10:30:00-04:00,103.98999786376953,104.02999877929688,103.30999755859375,103.30999755859375,19114,0.0,0.0
2024-05-20 11:30:00-04:00,103.41999816894531,103.70999908447266,103.07099914550781,103.62000274658203,25059,0.0,0.0
2024-05-20 12:30:00-04:00,103.62000274658203,104.30999755859375,103.2699966430664,103.3949966430664,40253,0.0,0.0
2024-05-20 13:30:00-04:00,103.3949966430664,104.43499755859375,103.3949966430664,104.11000061035156,37035,0.0,0.0
2024-05-20 14:30:00-04:00,103.98999786376953,104.76000213623047,103.94000244140625,104.62000274658203,44871,0.0,0.0
2024-05-20 15:30:00-04:00,104.62000274658203,104.62000274658203,104.04000091552734,104.55000305175781,77010,0.0,0.0
2024-05-21 09:30:00-04:00,104.3499984741211,104.3499984741211,102.8949966430664,103.1500015258789,12561,0.0,0.0
2024-05-21 10:30:00-04:00,103.20099639892578,103.54000091552734,102.91999816894531,103.05000305175781,8720,0.0,0.0
2024-05-21 11:30:00-04:00,103.01499938964844,103.01499938964844,102.2300033569336,102.2300033569336,7973,0.0,0.0
2024-05-21 12:30:00-04:00,102.30999755859375,102.62999725341797,102.26000213623047,102.41000366210938,8321,0.0,0.0
2024-05-21 13:30:00-04:00,102.16000366210938,102.70999908447266,102.16000366210938,102.70999908447266,16863,0.0,0.0
2024-05-21 14:30:00-04:00,102.66999816894531,102.98999786376953,102.38999938964844,102.93000030517578,16168,0.0,0.0
2024-05-21 15:30:00-04:00,102.94999694824219,103.68000030517578,102.93000030517578,103.66999816894531,43577,0.0,0.0
2024-05-22 09:30:00-04:00,103.27999877929688,103.625,103.27999877929688,103.52999877929688,2807,0.0,0.0
2024-05-22 10:30:00-04:00,103.55999755859375,103.55999755859375,102.87999725341797,102.87999725341797,6891,0.0,0.0
2024-05-22 11:30:00-04:00,102.91000366210938,103.29000091552734,102.875,103.29000091552734,8947,0.0,0.0
2024-05-22 12:30:00-04:00,103.22000122070312,103.63670349121094,103.19999694824219,103.23999786376953,6490,0.0,0.0
2024-05-22 13:30:00-04:00,103.16000366210938,103.22000122070312,102.66999816894531,102.66999816894531,8262,0.0,0.0
2024-05-22 14:30:00-04:00,102.66999816894531,103.05000305175781,102.66999816894531,102.96499633789062,13459,0.0,0.0
2024-05-22 15:30:00-04:00,103.05000305175781,103.35900115966797,102.91999816894531,103.12000274658203,33973,0.0,0.0
2024-05-23 09:30:00-04:00,103.52999877929688,103.83999633789062,102.58999633789062,103.0199966430664,8057,0.0,0.0
2024-05-23 10:30:00-04:00,103.01000213623047,103.67500305175781,103.01000213623047,103.40499877929688,17310,0.0,0.0
2024-05-23 11:30:00-04:00,103.16000366210938,103.2249984741211,102.55000305175781,102.8301010131836,11394,0.0,0.0
2024-05-23 12:30:00-04:00,103.03500366210938,103.03500366210938,102.19000244140625,102.45999908447266,15837,0.0,0.0
2024-05-23 13:30:00-04:00,102.41999816894531,102.45999908447266,102.01000213623047,102.30500030517578,10619,0.0,0.0
2024-05-23 14:30:00-04:00,102.29000091552734,102.80999755859375,102.2699966430664,102.68000030517578,11339,0.0,0.0
2024-05-23 15:30:00-04:00,102.75,103.33999633789062,102.68000030517578,103.30000305175781,44258,0.0,0.0
2024-05-24 09:30:00-04:00,103.51000213623047,103.93000030517578,102.2249984741211,102.2249984741211,5814,0.0,0.0
2024-05-24 10:30:00-04:00,102.18499755859375,102.29000091552734,101.68000030517578,101.76499938964844,15754,0.0,0.0
2024-05-24 11:30:00-04:00,101.76499938964844,102.43000030517578,101.62999725341797,101.91500091552734,22479,0.0,0.0
2024-05-24 12:30:00-04:00,102.05000305175781,102.05000305175781,101.5199966430664,101.66000366210938,20311,0.0,0.0
2024-05-24 13:30:00-04:00,101.58000183105469,101.58000183105469,100.75,100.8416976928711,19811,0.0,0.0
2024-05-24 14:30:00-04:00,100.91000366210938,101.06500244140625,100.68000030517578,100.70999908447266,20530,0.0,0.0
2024-05-24 15:30:00-04:00,100.73500061035156,100.83000183105469,100.16000366210938,100.16999816894531,73631,0.0,0.0
2024-05-28 09:30:00-04:00,99.58000183105469,99.80999755859375,98.80999755859375,99.66000366210938,23135,0.0,0.0
2024-05-28 10:30:00-04:00,99.56999969482422,99.73999786376953,98.97000122070312,99.62999725341797,17195,0.0,0.0
2024-05-28 11:30:00-04:00,99.75,99.75,98.93000030517578,98.93000030517578,17307,0.0,0.0
2024-05-28 12:30:00-04:00,99.02999877929688,99.12999725341797,98.2699966430664,98.2699966430664,12872,0.0,0.0
2024-05-28 13:30:00-04:00,98.36499786376953,98.57499694824219,97.79000091552734,98.41999816894531,34335,0.0,0.0
2024-05-28 14:30:00-04:00,98.4000015258789,98.41000366210938,97.73999786376953,97.91500091552734,16894,0.0,0.0
2024-05-28 15:30:00-04:00,97.95989990234375,98.0,97.54000091552734,97.63999938964844,65894,0.0,0.0
2024-05-29 09:30:00-04:00,96.58000183105469,96.94999694824219,96.58000183105469,96.61499786376953,8234,0.0,0.0
2024-05-29 10:30:00-04:00,96.6050033569336,97.21499633789062,96.6050033569336,97.1050033569336,17388,0.0,0.0
2024-05-29 11:30:00-04:00,97.09500122070312,97.1050033569336,96.41000366210938,96.5999984741211,15156,0.0,0.0
2024-05-29 12:30:00-04:00,96.62999725341797,96.62999725341797,96.08999633789062,96.19999694824219,20299,0.0,0.0
2024-05-29 13:30:00-04:00,96.22000122070312,96.22000122070312,95.44999694824219,95.69999694824219,26648,0.0,0.0
2024-05-29 14:30:00-04:00,95.72750091552734,95.93000030517578,95.5199966430664,95.83000183105469,21854,0.0,0.0
2024-05-29 15:30:00-04:00,95.69999694824219,96.05999755859375,95.48999786376953,95.5,50893,0.0,0.0
2024-05-30 09:30:00-04:00,95.73999786376953,96.26029968261719,95.16000366210938,96.06880187988281,13980,0.0,0.0
2024-05-30 10:30:00-04:00,95.91999816894531,96.17500305175781,95.04000091552734,95.62999725341797,25918,0.0,0.0
2024-05-30 11:30:00-04:00,95.6500015258789,95.79000091552734,95.0999984741211,95.0999984741211,20473,0.0,0.0
2024-05-30 12:30:00-04:00,95.15670013427734,95.2300033569336,94.87000274658203,95.0,20536,0.0,0.0
2024-05-30 13:30:00-04:00,95.16500091552734,95.18000030517578,94.57499694824219,94.61000061035156,14233,0.0,0.0
2024-05-30 14:30:00-04:00,94.58999633789062,94.88999938964844,94.55000305175781,94.59500122070312,24384,0.0,0.0
2024-05-30 15:30:00-04:00,94.66999816894531,94.73500061035156,93.7300033569336,93.93000030517578,84660,0.0,0.0
2024-05-31 09:30:00-04:00,94.20999908447266,94.70999908447266,93.98999786376953,94.70999908447266,14674,0.0,0.0
2024-05-31 10:30:00-04:00,94.52999877929688,94.66999816894531,94.0199966430664,94.43000030517578,14517,0.0,0.0
2024-05-31 11:30:00-04:00,94.45999908447266,94.69000244140625,94.30999755859375,94.69000244140625,15368,0.0,0.0
2024-05-31 12:30:00-04:00,94.80000305175781,94.81999969482422,94.4800033569336,94.7699966430664,9144,0.0,0.0
2024-05-31 13:30:00-04:00,94.86000061035156,95.0,94.75,94.79000091552734,14601,0.0,0.0
2024-05-31 14:30:00-04:00,94.7300033569336,95.0,94.52999877929688,94.52999877929688,14264,0.0,0.0
2024-05-31 15:30:00-04:00,94.5,95.0,94.5,94.72000122070312,64846,0.0,0.0
2024-06-03 09:30:00-04:00,95.66000366210938,96.58999633789062,95.3499984741211,96.33999633789062,19160,0.0,0.0
2024-06-03 10:30:00-04:00,96.34200286865234,97.20999908447266,96.34200286865234,97.20999908447266,15324,0.0,0.0
2024-06-03 11:30:00-04:00,97.22989654541016,97.3499984741211,96.58999633789062,96.76000213623047,14117,0.0,0.0
2024-06-03 12:30:00-04:00,96.6500015258789,96.95500183105469,96.3844985961914,96.66999816894531,22311,0.0,0.0
2024-06-03 13:30:00-04:00,96.73999786376953,96.73999786376953,95.98999786376953,96.0,13134,0.0,0.0
2024-06-03 14:30:00-04:00,95.98999786376953,96.2699966430664,95.93000030517578,96.02999877929688,17704,0.0,0.0
2024-06-03 15:30:00-04:00,96.0199966430664,96.19000244140625,95.80999755859375,96.04000091552734,46015,0.0,0.0
2024-06-04 09:30:00-04:00,95.5199966430664,95.5199966430664,95.01000213623047,95.33000183105469,9022,0.0,0.0
2024-06-04 10:30:00-04:00,95.31999969482422,95.75,95.23210144042969,95.61000061035156,7909,0.0,0.0
2024-06-04 11:30:00-04:00,95.05999755859375,95.28780364990234,95.05000305175781,95.05010223388672,6192,0.0,0.0
2024-06-04 12:30:00-04:00,95.19000244140625,95.19000244140625,94.5199966430664,94.79000091552734,9342,0.0,0.0
2024-06-04 13:30:00-04:00,94.77999877929688,95.1449966430664,94.66000366210938,95.02999877929688,11963,0.0,0.0
2024-06-04 14:30:00-04:00,95.12000274658203,95.27999877929688,94.91000366210938,94.91999816894531,14388,0.0,0.0
2024-06-04 15:30:00-04:00,94.93499755859375,94.93499755859375,94.55999755859375,94.77999877929688,37984,0.0,0.0
2024-06-05 09:30:00-04:00,94.87999725341797,95.25,93.69999694824219,93.87999725341797,11151,0.0,0.0
2024-06-05 10:30:00-04:00,93.79000091552734,94.23999786376953,93.70999908447266,94.05500030517578,10207,0.0,0.0
2024-06-05 11:30:00-04:00,94.12999725341797,94.26000213623047,93.83999633789062,93.91999816894531,7385,0.0,0.0
2024-06-05 12:30:00-04:00,93.88999938964844,93.9000015258789,93.4000015258789,93.50499725341797,9683,0.0,0.0
2024-06-05 13:30:00-04:00,93.42500305175781,94.16000366210938,93.42500305175781,94.12000274658203,16289,0.0,0.0
2024-06-05 14:30:00-04:00,94.13999938964844,94.8499984741211,94.13999938964844,94.58999633789062,36327,0.0,0.0
2024-06-05 15:30:00-04:00,94.52999877929688,95.2300033569336,94.47000122070312,95.13999938964844,60338,0.0,0.0
2024-06-06 09:30:00-04:00,95.19000244140625,96.2699966430664,95.08180236816406,96.06500244140625,16464,0.0,0.0
2024-06-06 10:30:00-04:00,96.16999816894531,96.26000213623047,95.30999755859375,95.30999755859375,23867,0.0,0.0
2024-06-06 11:30:00-04:00,94.98999786376953,95.26000213623047,94.8927001953125,94.99079895019531,25771,0.0,0.0
2024-06-06 12:30:00-04:00,95.10009765625,95.2300033569336,95.0,95.19000244140625,9208,0.0,0.0
2024-06-06 13:30:00-04:00,95.15499877929688,95.28500366210938,94.94000244140625,95.20999908447266,13790,0.0,0.0
2024-06-06 14:30:00-04:00,95.20999908447266,96.04499816894531,95.07499694824219,95.88999938964844,23238,0.0,0.0
2024-06-06 15:30:00-04:00,95.9000015258789,96.62999725341797,95.80000305175781,96.62999725341797,74804,0.0,0.0
2024-06-07 09:30:00-04:00,96.06999969482422,96.8499984741211,95.6050033569336,96.76000213623047,12222,0.0,0.0
2024-06-07 10:30:00-04:00,96.5999984741211,96.79000091552734,96.33999633789062,96.50499725341797,13545,0.0,0.0
2024-06-07 11:30:00-04:00,96.62000274658203,97.05999755859375,96.5199966430664,96.8499984741211,17834,0.0,0.0
2024-06-07 12:30:00-04:00,96.72000122070312,96.9800033569336,96.56500244140625,96.94999694824219,17438,0.0,0.0
2024-06-07 13:30:00-04:00,96.9000015258789,97.2699966430664,96.81999969482422,97.16000366210938,12781,0.0,0.0
2024-06-07 14:30:00-04:00,97.16500091552734,97.20999908447266,96.91999816894531,97.12999725341797,17776,0.0,0.0
2024-06-07 15:30:00-04:00,97.13999938964844,97.37000274658203,97.0,97.1500015258789,44536,0.0,0.0
2024-06-10 09:30:00-04:00,96.30000305175781,96.30000305175781,94.81999969482422,94.82499694824219,30171,0.0,0.0
2024-06-10 10:30:00-04:00,94.89900207519531,95.04000091552734,94.0199966430664,94.22000122070312,14221,0.0,0.0
2024-06-10 11:30:00-04:00,94.13999938964844,94.13999938964844,93.72000122070312,93.80999755859375,20244,0.0,0.0
2024-06-10 12:30:00-04:00,93.88999938964844,93.92500305175781,92.7750015258789,93.44499969482422,28115,0.0,0.0
2024-06-10 13:30:00-04:00,93.28500366210938,93.70999908447266,93.22000122070312,93.66999816894531,14494,0.0,0.0
2024-06-10 14:30:00-04:00,93.61000061035156,94.13999938964844,93.37000274658203,93.81999969482422,21811,0.0,0.0
2024-06-10 15:30:00-04:00,93.7699966430664,94.0199966430664,93.38999938964844,93.5999984741211,50832,0.0,0.0
2024-06-11 09:30:00-04:00,93.33999633789062,93.54000091552734,92.5,92.5,9738,0.0,0.0
2024-06-11 10:30:00-04:00,92.79000091552734,93.08999633789062,92.63999938964844,92.87999725341797,10936,0.0,0.0
2024-06-11 11:30:00-04:00,93.02999877929688,93.41999816894531,92.98999786376953,93.00499725341797,11472,0.0,0.0
2024-06-11 12:30:00-04:00,92.91000366210938,93.5199966430664,92.91000366210938,93.31500244140625,10602,0.0,0.0
2024-06-11 13:30:00-04:00,93.30999755859375,93.95999908447266,93.30999755859375,93.95999908447266,11633,0.0,0.0
2024-06-11 14:30:00-04:00,93.95999908447266,94.05999755859375,93.5999984741211,93.7750015258789,20847,0.0,0.0
2024-06-11 15:30:00-04:00,93.7699966430664,94.55000305175781,93.68699645996094,94.33999633789062,51882,0.0,0.0
2024-06-12 09:30:00-04:00,95.56999969482422,95.7300033569336,94.33329772949219,95.55999755859375,10743,0.0,0.0
2024-06-12 10:30:00-04:00,95.55699920654297,95.61499786376953,95.22000122070312,95.33499908447266,5765,0.0,0.0
2024-06-12 11:30:00-04:00,95.20500183105469,95.2300033569336,94.80000305175781,94.93499755859375,7510,0.0,0.0
2024-06-12 12:30:00-04:00,94.7699966430664,95.01000213623047,94.62999725341797,95.0,11676,0.0,0.0
2024-06-12 13:30:00-04:00,94.84500122070312,95.1500015258789,94.43000030517578,95.07499694824219,11520,0.0,0.0
2024-06-12 14:30:00-04:00,95.2300033569336,95.36000061035156,94.72000122070312,94.79000091552734,22968,0.0,0.0
2024-06-12 15:30:00-04:00,94.7699966430664,95.19999694824219,94.73999786376953,94.75,38649,0.0,0.0
2024-06-13 09:30:00-04:00,94.18000030517578,94.18000030517578,93.2699966430664,93.29000091552734,9975,0.0,0.0
2024-06-13 10:30:00-04:00,93.0,93.08999633789062,92.43000030517578,92.55000305175781,8250,0.0,0.0
2024-06-13 11:30:00-04:00,92.31500244140625,92.61000061035156,92.1449966430664,92.23500061035156,15251,0.0,0.0
2024-06-13 12:30:00-04:00,92.37999725341797,92.51000213623047,92.04499816894531,92.16000366210938,16851,0.0,0.0
2024-06-13 13:30:00-04:00,92.08999633789062,92.11000061035156,91.4800033569336,92.11000061035156,20943,0.0,0.0
2024-06-13 14:30:00-04:00,92.18000030517578,92.4800033569336,92.0999984741211,92.2699966430664,13996,0.0,0.0
2024-06-13 15:30:00-04:00,92.13099670410156,93.06999969482422,92.05000305175781,93.05999755859375,59621,0.0,0.0
2024-06-14 09:30:00-04:00,92.0,93.1500015258789,92.0,93.1500015258789,27651,0.0,0.0
2024-06-14 10:30:00-04:00,92.98999786376953,92.98999786376953,92.4000015258789,92.55000305175781,8780,0.0,0.0
2024-06-14 11:30:00-04:00,92.52999877929688,92.79000091552734,92.3499984741211,92.69000244140625,13066,0.0,0.0
2024-06-14 12:30:00-04:00,92.7699966430664,93.01000213623047,92.76000213623047,93.01000213623047,16704,0.0,0.0
2024-06-14 13:30:00-04:00,93.0,93.33999633789062,92.75,93.29000091552734,30358,0.0,0.0
2024-06-14 14:30:00-04:00,93.3550033569336,93.47000122070312,93.16999816894531,93.19000244140625,15311,0.0,0.0
2024-06-14 15:30:00-04:00,93.19000244140625,93.33499908447266,92.7699966430664,92.87999725341797,61102,0.0,0.0
2024-06-17 09:30:00-04:00,92.70999908447266,93.66739654541016,92.49500274658203,93.25,18551,0.0,0.0
2024-06-17 10:30:00-04:00,93.05000305175781,94.41000366210938,92.93000030517578,94.26000213623047,17549,0.0,0.0
2024-06-17 11:30:00-04:00,94.21499633789062,94.79000091552734,94.12999725341797,94.5999984741211,14252,0.0,0.0
2024-06-17 12:30:00-04:00,94.83999633789062,95.0,94.55999755859375,94.69300079345703,12009,0.0,0.0
2024-06-17 13:30:00-04:00,94.98999786376953,95.16000366210938,94.7249984741211,95.12000274658203,14309,0.0,0.0
2024-06-17 14:30:00-04:00,95.05000305175781,95.05000305175781,94.38999938964844,94.38999938964844,9904,0.0,0.0
2024-06-17 15:30:00-04:00,94.44000244140625,95.02999877929688,94.44000244140625,94.56999969482422,47666,0.0,0.0
2024-06-18 09:30:00-04:00,94.9000015258789,94.9000015258789,93.66999816894531,93.66999816894531,5653,0.0,0.0
2024-06-18 10:30:00-04:00,93.6709976196289,94.0999984741211,93.6709976196289,93.94499969482422,14555,0.0,0.0
2024-06-18 11:30:00-04:00,93.86000061035156,94.05999755859375,93.63999938964844,93.63999938964844,14752,0.0,0.0
2024-06-18 12:30:00-04:00,93.62999725341797,93.69999694824219,93.30000305175781,93.30000305175781,10603,0.0,0.0
2024-06-18 13:30:00-04:00,93.19999694824219,93.86000061035156,93.19999694824219,93.84500122070312,21220,0.0,0.0
2024-06-18 14:30:00-04:00,93.87999725341797,94.19000244140625,93.77999877929688,94.11000061035156,28194,0.0,0.0
2024-06-18 15:30:00-04:00,94.08000183105469,94.1500015258789,93.16000366210938,93.41000366210938,61360,0.0,0.0
2024-06-20 09:30:00-04:00,92.52999877929688,95.13999938964844,92.52999877929688,95.13999938964844,19097,0.0,0.0
2024-06-20 10:30:00-04:00,95.23999786376953,95.2699966430664,94.62999725341797,94.62999725341797,16335,0.0,0.0
2024-06-20 11:30:00-04:00,94.62000274658203,94.62000274658203,94.33999633789062,94.37999725341797,7955,0.0,0.0
2024-06-20 12:30:00-04:00,94.43000030517578,94.4800033569336,93.79000091552734,94.08000183105469,17222,0.0,0.0
2024-06-20 13:30:00-04:00,93.97000122070312,94.33000183105469,93.75,94.24500274658203,16633,0.0,0.0
2024-06-20 14:30:00-04:00,94.26000213623047,94.26000213623047,93.69999694824219,93.86000061035156,15057,0.0,0.0
2024-06-20 15:30:00-04:00,93.77999877929688,94.05049896240234,93.73999786376953,94.02999877929688,33863,0.0,0.0
2024-06-21 09:30:00-04:00,94.13999938964844,95.20500183105469,93.51000213623047,94.62999725341797,62866,0.0,0.0
2024-06-21 10:30:00-04:00,94.44999694824219,94.69000244140625,94.0999984741211,94.1500015258789,15856,0.0,0.0
2024-06-21 11:30:00-04:00,94.16999816894531,94.46499633789062,94.1500015258789,94.2699966430664,7915,0.0,0.0
2024-06-21 12:30:00-04:00,94.24500274658203,94.8499984741211,94.24500274658203,94.82499694824219,14959,0.0,0.0
2024-06-21 13:30:00-04:00,94.80999755859375,94.91999816894531,94.62000274658203,94.79000091552734,11410,0.0,0.0
2024-06-21 14:30:00-04:00,94.79499816894531,94.79499816894531,94.41999816894531,94.41999816894531,25770,0.0,0.0
2024-06-21 15:30:00-04:00,94.36000061035156,94.44999694824219,94.04000091552734,94.26000213623047,58699,0.0,0.0
2024-06-24 09:30:00-04:00,94.72000122070312,95.25,93.98999786376953,94.84500122070312,11421,0.0,0.0
2024-06-24 10:30:00-04:00,94.83499908447266,95.28500366210938,94.5999984741211,95.19999694824219,15164,0.0,0.0
2024-06-24 11:30:00-04:00,95.08999633789062,95.08999633789062,93.97000122070312,94.31500244140625,17505,0.0,0.0
2024-06-24 12:30:00-04:00,94.44999694824219,94.58000183105469,93.72010040283203,94.04000091552734,24427,0.0,0.0
2024-06-24 13:30:00-04:00,94.0,94.4800033569336,93.6500015258789,94.46499633789062,17846,0.0,0.0
2024-06-24 14:30:00-04:00,94.5199966430664,94.86000061035156,94.37000274658203,94.44000244140625,21995,0.0,0.0
2024-06-24 15:30:00-04:00,94.4000015258789,94.5,93.91000366210938,94.0,45959,0.0,0.0
2024-06-25 09:30:00-04:00,94.08999633789062,94.08999633789062,92.94000244140625,93.45999908447266,26221,0.0,0.0
2024-06-25 10:30:00-04:00,93.41999816894531,93.41999816894531,92.61000061035156,92.7750015258789,22477,0.0,0.0
2024-06-25 11:30:00-04:00,92.69999694824219,93.05999755859375,92.2699966430664,92.7249984741211,21834,0.0,0.0
2024-06-25 12:30:00-04:00,92.6500015258789,92.98999786376953,92.41000366210938,92.98999786376953,25827,0.0,0.0
2024-06-25 13:30:00-04:00,92.98500061035156,93.63999938964844,92.93000030517578,93.55999755859375,14532,0.0,0.0
2024-06-25 14:30:00-04:00,93.61000061035156,93.875,93.3949966430664,93.3949966430664,24708,0.0,0.0
2024-06-25 15:30:00-04:00,93.44000244140625,93.83000183105469,93.1500015258789,93.2300033569336,53656,0.0,0.0
2024-06-26 09:30:00-04:00,92.79000091552734,93.0999984741211,91.74240112304688,92.38500213623047,20423,0.0,0.0
2024-06-26 10:30:00-04:00,92.16999816894531,92.50499725341797,91.80000305175781,91.93499755859375,11101,0.0,0.0
2024-06-26 11:30:00-04:00,91.94999694824219,92.30500030517578,91.94999694824219,92.17659759521484,12281,0.0,0.0
2024-06-26 12:30:00-04:00,92.04499816894531,92.23999786376953,91.91000366210938,91.93000030517578,10068,0.0,0.0
2024-06-26 13:30:00-04:00,91.87999725341797,92.0199966430664,91.52249908447266,91.68499755859375,17190,0.0,0.0
2024-06-26 14:30:00-04:00,91.68499755859375,91.83000183105469,91.5,91.65499877929688,14116,0.0,0.0
2024-06-26 15:30:00-04:00,91.6449966430664,91.7699966430664,91.4000015258789,91.41999816894531,45162,0.0,0.0
2024-06-27 09:30:00-04:00,91.69000244140625,92.30500030517578,90.83000183105469,92.0199966430664,20386,0.0,0.0
2024-06-27 10:30:00-04:00,91.98500061035156,92.0199966430664,91.7300033569336,91.81999969482422,17824,0.0,0.0
2024-06-27 11:30:00-04:00,91.77999877929688,91.91000366210938,91.125,91.26000213623047,13115,0.0,0.0
2024-06-27 12:30:00-04:00,91.12999725341797,91.42500305175781,91.05000305175781,91.18000030517578,11277,0.0,0.0
2024-06-27 13:30:00-04:00,91.12999725341797,91.1801986694336,90.91999816894531,91.0,12520,0.0,0.0
2024-06-27 14:30:00-04:00,90.92500305175781,91.08999633789062,90.92500305175781,91.05000305175781,17444,0.0,0.0
2024-06-27 15:30:00-04:00,91.05999755859375,91.52999877929688,91.0,91.51000213623047,32736,0.0,0.0
2024-06-28 09:30:00-04:00,92.12000274658203,92.12000274658203,91.51000213623047,91.63999938964844,10238,0.0,0.0
2024-06-28 10:30:00-04:00,91.90499877929688,92.05999755859375,91.5,91.80999755859375,7580,0.0,0.0
2024-06-28 11:30:00-04:00,91.81999969482422,91.8499984741211,91.17500305175781,91.19000244140625,14844,0.0,0.0
2024-06-28 12:30:00-04:00,91.29000091552734,91.5199966430664,90.84500122070312,90.88999938964844,10383,0.0,0.0
2024-06-28 13:30:00-04:00,90.83000183105469,90.9000015258789,90.23999786376953,90.34500122070312,24691,0.0,0.0
2024-06-28 14:30:00-04:00,90.25,90.25,89.7249984741211,89.80000305175781,45283,0.0,0.0
2024-06-28 15:30:00-04:00,89.80000305175781,91.26000213623047,89.80000305175781,91.19999694824219,123233,0.0,0.0
2024-07-01 09:30:00-04:00,90.98999786376953,91.83999633789062,90.98999786376953,91.2699966430664,17297,0.0,0.0
2024-07-01 10:30:00-04:00,91.01000213623047,91.23999786376953,90.45999908447266,90.70999908447266,11406,0.0,0.0
2024-07-01 11:30:00-04:00,90.62000274658203,90.73999786376953,90.45999908447266,90.47889709472656,10003,0.0,0.0
2024-07-01 12:30:00-04:00,90.48500061035156,90.80999755859375,90.33999633789062,90.7249984741211,15504,0.0,0.0
2024-07-01 13:30:00-04:00,90.66000366210938,90.81999969482422,90.5199966430664,90.5199966430664,15367,0.0,0.0
2024-07-01 14:30:00-04:00,90.58889770507812,90.58889770507812,90.16000366210938,90.25,12037,0.0,0.0
2024-07-01 15:30:00-04:00,90.2699966430664,90.4800033569336,89.93000030517578,89.94999694824219,50268,0.0,0.0
2024-07-02 09:30:00-04:00,90.30000305175781,90.6500015258789,89.96540069580078,89.96540069580078,7964,0.0,0.0
2024-07-02 10:30:00-04:00,89.91500091552734,90.28500366210938,89.73999786376953,90.28500366210938,4419,0.0,0.0
2024-07-02 11:30:00-04:00,90.02999877929688,90.20999908447266,89.92340087890625,90.04499816894531,6606,0.0,0.0
2024-07-02 12:30:00-04:00,90.13999938964844,90.15499877929688,89.95999908447266,90.12999725341797,6204,0.0,0.0
2024-07-02 13:30:00-04:00,90.16999816894531,90.23999786376953,89.87000274658203,90.23999786376953,5514,0.0,0.0
2024-07-02 14:30:00-04:00,90.18000030517578,90.32499694824219,90.11000061035156,90.20999908447266,11003,0.0,0.0
2024-07-02 15:30:00-04:00,90.1050033569336,90.36499786376953,90.04000091552734,90.1500015258789,26451,0.0,0.0
2024-07-03 09:30:00-04:00,90.19000244140625,91.33000183105469,89.73999786376953,90.58499908447266,8043,0.0,0.0
2024-07-03 10:30:00-04:00,90.58999633789062,90.62200164794922,90.2249984741211,90.41999816894531,9926,0.0,0.0
2024-07-03 11:30:00-04:00,90.33000183105469,90.75,90.20999908447266,90.54000091552734,12342,0.0,0.0
2024-07-05 09:30:00-04:00,90.20999908447266,91.41999816894531,88.48999786376953,88.48999786376953,22002,0.0,0.0
2024-07-05 10:30:00-04:00,88.76499938964844,89.01000213623047,88.73999786376953,88.86000061035156,6223,0.0,0.0
2024-07-05 11:30:00-04:00,88.82499694824219,88.89749908447266,88.5719985961914,88.76000213623047,7631,0.0,0.0
2024-07-05 12:30:00-04:00,88.9800033569336,89.0770034790039,88.72000122070312,88.72000122070312,3974,0.0,0.0
2024-07-05 13:30:00-04:00,88.58999633789062,89.12000274658203,88.58999633789062,88.95999908447266,6909,0.0,0.0
2024-07-05 14:30:00-04:00,88.94999694824219,89.22000122070312,88.8499984741211,89.08999633789062,9307,0.0,0.0
2024-07-05 15:30:00-04:00,88.9800033569336,89.30000305175781,88.9800033569336,89.05999755859375,20062,0.0,0.0
2024-07-08 09:30:00-04:00,89.7699966430664,90.0885009765625,88.77020263671875,89.9542007446289,16212,0.0,0.0
2024-07-08 10:30:00-04:00,89.5999984741211,89.73999786376953,89.48999786376953,89.69999694824219,4782,0.0,0.0
2024-07-08 11:30:00-04:00,89.36000061035156,89.36000061035156,88.95999908447266,89.25,11639,0.0,0.0
2024-07-08 12:30:00-04:00,89.20999908447266,89.2874984741211,88.8499984741211,88.94999694824219,5593,0.0,0.0
2024-07-08 13:30:00-04:00,88.94999694824219,88.94999694824219,88.5999984741211,88.62999725341797,5152,0.0,0.0
2024-07-08 14:30:00-04:00,88.55000305175781,88.91000366210938,88.37000274658203,88.79000091552734,19179,0.0,0.0
2024-07-08 15:30:00-04:00,88.79000091552734,89.01000213623047,88.44999694824219,88.95999908447266,30040,0.0,0.0
2024-07-09 09:30:00-04:00,88.41999816894531,89.16999816894531,87.71499633789062,87.71499633789062,17842,0.0,0.0
2024-07-09 10:30:00-04:00,87.80000305175781,87.83999633789062,87.1050033569336,87.31500244140625,8666,0.0,0.0
2024-07-09 11:30:00-04:00,87.30500030517578,87.5250015258789,87.13999938964844,87.22000122070312,6374,0.0,0.0
2024-07-09 12:30:00-04:00,87.0,88.41000366210938,87.0,88.41000366210938,18423,0.0,0.0
2024-07-09 13:30:00-04:00,88.38999938964844,88.63999938964844,87.7146987915039,87.81999969482422,14014,0.0,0.0
2024-07-09 14:30:00-04:00,87.72000122070312,87.72000122070312,87.0999984741211,87.21499633789062,13927,0.0,0.0
2024-07-09 15:30:00-04:00,87.18000030517578,87.33999633789062,86.81999969482422,86.9000015258789,57190,0.0,0.0
2024-07-10 09:30:00-04:00,87.22000122070312,87.62999725341797,86.27999877929688,86.44000244140625,14604,0.0,0.0
2024-07-10 10:30:00-04:00,86.2300033569336,86.2300033569336,85.6500015258789,85.87999725341797,15302,0.0,0.0
2024-07-10 11:30:00-04:00,85.5999984741211,85.73999786376953,85.36000061035156,85.44999694824219,18217,0.0,0.0
2024-07-10 12:30:00-04:00,85.44000244140625,85.5199966430664,85.04000091552734,85.12999725341797,13095,0.0,0.0
2024-07-10 13:30:00-04:00,85.23500061035156,85.4800033569336,85.19000244140625,85.19499969482422,11609,0.0,0.0
2024-07-10 14:30:00-04:00,85.25,85.5199966430664,85.13999938964844,85.37999725341797,14747,0.0,0.0
2024-07-10 15:30:00-04:00,85.3499984741211,85.77999877929688,85.3499984741211,85.4800033569336,31292,0.0,0.0
2024-07-11 09:30:00-04:00,86.37999725341797,89.7249984741211,86.12840270996094,88.98999786376953,31431,0.0,0.0
2024-07-11 10:30:00-04:00,89.0,90.54499816894531,89.0,90.41000366210938,18061,0.0,0.0
2024-07-11 11:30:00-04:00,90.48500061035156,90.88999938964844,89.6449966430664,89.95999908447266,15352,0.0,0.0
2024-07-11 12:30:00-04:00,89.95999908447266,90.59500122070312,89.63999938964844,90.27999877929688,21079,0.0,0.0
2024-07-11 13:30:00-04:00,90.19999694824219,90.75,90.19999694824219,90.44000244140625,17608,0.0,0.0
2024-07-11 14:30:00-04:00,90.34500122070312,90.4800033569336,89.8499984741211,90.4000015258789,19590,0.0,0.0
2024-07-11 15:30:00-04:00,90.44499969482422,90.63500213623047,90.29000091552734,90.47000122070312,68399,0.0,0.0
2024-07-12 09:30:00-04:00,90.88999938964844,92.93000030517578,90.31999969482422,92.6500015258789,29115,0.0,0.0
2024-07-12 10:30:00-04:00,92.54000091552734,92.54499816894531,91.75,92.33999633789062,10567,0.0,0.0
2024-07-12 11:30:00-04:00,92.20500183105469,92.31999969482422,91.90499877929688,92.11000061035156,12264,0.0,0.0
2024-07-12 12:30:00-04:00,92.13500213623047,92.43000030517578,92.0199966430664,92.4000015258789,8412,0.0,0.0
2024-07-12 13:30:00-04:00,92.3550033569336,92.4800033569336,91.91500091552734,92.04499816894531,10517,0.0,0.0
2024-07-12 14:30:00-04:00,92.04000091552734,92.54000091552734,92.0,92.3550033569336,13818,0.0,0.0
2024-07-12 15:30:00-04:00,92.4000015258789,93.01000213623047,92.23999786376953,92.4800033569336,56023,0.0,0.0
2024-07-15 09:30:00-04:00,93.16999816894531,95.125,92.95999908447266,95.07499694824219,37273,0.0,0.0
2024-07-15 10:30:00-04:00,95.41999816894531,95.66000366210938,95.01000213623047,95.31999969482422,13712,0.0,0.0
2024-07-15 11:30:00-04:00,95.3499984741211,95.75,95.17970275878906,95.56500244140625,18301,0.0,0.0
2024-07-15 12:30:00-04:00,95.51000213623047,95.79000091552734,95.47000122070312,95.66999816894531,11483,0.0,0.0
2024-07-15 13:30:00-04:00,95.54199981689453,95.94000244140625,95.54199981689453,95.94000244140625,10267,0.0,0.0
2024-07-15 14:30:00-04:00,95.8499984741211,96.12999725341797,95.70999908447266,96.05000305175781,22926,0.0,0.0
2024-07-15 15:30:00-04:00,96.11499786376953,96.19000244140625,95.70999908447266,96.13999938964844,50318,0.0,0.0
2024-07-16 09:30:00-04:00,96.91999816894531,98.95999908447266,96.1500015258789,97.66000366210938,33279,0.0,0.0
2024-07-16 10:30:00-04:00,97.55000305175781,98.7229995727539,97.55000305175781,98.66999816894531,14211,0.0,0.0
2024-07-16 11:30:00-04:00,98.7249984741211,98.87000274658203,97.85310363769531,98.7249984741211,22297,0.0,0.0
2024-07-16 12:30:00-04:00,98.68499755859375,98.93000030517578,98.59500122070312,98.91999816894531,11107,0.0,0.0
2024-07-16 13:30:00-04:00,98.76000213623047,99.38999938964844,98.7300033569336,98.82430267333984,26295,0.0,0.0
2024-07-16 14:30:00-04:00,98.86000061035156,99.65499877929688,98.86000061035156,99.65499877929688,24290,0.0,0.0
2024-07-16 15:30:00-04:00,99.63999938964844,100.34500122070312,99.61000061035156,99.97000122070312,75003,0.0,0.0
2024-07-17 09:30:00-04:00,99.56999969482422,100.63999938964844,99.48999786376953,100.63999938964844,32167,0.0,0.0
2024-07-17 10:30:00-04:00,100.80999755859375,101.3936996459961,100.52999877929688,101.12999725341797,25008,0.0,0.0
2024-07-17 11:30:00-04:00,101.16000366210938,101.36000061035156,100.79000091552734,101.1050033569336,16090,0.0,0.0
2024-07-17 12:30:00-04:00,101.05000305175781,101.5,100.87999725341797,101.435302734375,44868,0.0,0.0
2024-07-17 13:30:00-04:00,101.44999694824219,102.08999633789062,101.44999694824219,101.9000015258789,14055,0.0,0.0
2024-07-17 14:30:00-04:00,101.93000030517578,102.0999984741211,101.79000091552734,102.08999633789062,28908,0.0,0.0
2024-07-17 15:30:00-04:00,102.05999755859375,102.05999755859375,101.26799774169922,101.62999725341797,62469,0.0,0.0
2024-07-18 09:30:00-04:00,100.66999816894531,102.50499725341797,100.66999816894531,102.05000305175781,14743,0.0,0.0
2024-07-18 10:30:00-04:00,101.87999725341797,101.88999938964844,101.20999908447266,101.20999908447266,10568,0.0,0.0
2024-07-18 11:30:00-04:00,101.16999816894531,101.45500183105469,100.41000366210938,100.58000183105469,11114,0.0,0.0
2024-07-18 12:30:00-04:00,100.44000244140625,100.95999908447266,100.44000244140625,100.53500366210938,9945,0.0,0.0
2024-07-18 13:30:00-04:00,100.52999877929688,100.87000274658203,100.18000030517578,100.23999786376953,8800,0.0,0.0
2024-07-18 14:30:00-04:00,100.08999633789062,100.08999633789062,99.58999633789062,99.7699966430664,13038,0.0,0.0
2024-07-18 15:30:00-04:00,99.75,99.94000244140625,99.25,99.25,33461,0.0,0.0
2024-07-19 09:30:00-04:00,99.5999984741211,99.7699966430664,98.77999877929688,99.68920135498047,14147,0.0,0.0
2024-07-19 10:30:00-04:00,99.6449966430664,99.9000015258789,99.08000183105469,99.08000183105469,12002,0.0,0.0
2024-07-19 11:30:00-04:00,99.22000122070312,100.31999969482422,98.83499908447266,99.97000122070312,52464,0.0,0.0
2024-07-19 12:30:00-04:00,99.93000030517578,99.96949768066406,99.2249984741211,99.52999877929688,11326,0.0,0.0
2024-07-19 13:30:00-04:00,99.38999938964844,99.94000244140625,99.29000091552734,99.6500015258789,11370,0.0,0.0
2024-07-19 14:30:00-04:00,99.58000183105469,99.9800033569336,99.27999877929688,99.9800033569336,19689,0.0,0.0
2024-07-19 15:30:00-04:00,99.86000061035156,100.37000274658203,99.81999969482422,100.36000061035156,36886,0.0,0.0
2024-07-22 09:30:00-04:00,99.8499984741211,100.5199966430664,98.9800033569336,98.9800033569336,13334,0.0,0.0
2024-07-22 10:30:00-04:00,99.08999633789062,100.27999877929688,98.99500274658203,100.20999908447266,10707,0.0,0.0
2024-07-22 11:30:00-04:00,100.37000274658203,100.49500274658203,99.83000183105469,99.93499755859375,9249,0.0,0.0
2024-07-22 12:30:00-04:00,99.95999908447266,100.4000015258789,99.95999908447266,100.17500305175781,7914,0.0,0.0
2024-07-22 13:30:00-04:00,100.41000366210938,100.50499725341797,100.04239654541016,100.31500244140625,6699,0.0,0.0
2024-07-22 14:30:00-04:00,100.47000122070312,100.91000366210938,100.33999633789062,100.54000091552734,15950,0.0,0.0
2024-07-22 15:30:00-04:00,100.62999725341797,100.80999755859375,100.37999725341797,100.41000366210938,33381,0.0,0.0
2024-07-23 09:30:00-04:00,100.0999984741211,101.16999816894531,99.51000213623047,99.87999725341797,14737,0.0,0.0
2024-07-23 10:30:00-04:00,100.38999938964844,100.73500061035156,99.19000244140625,99.58000183105469,14170,0.0,0.0
2024-07-23 11:30:00-04:00,99.70999908447266,100.19999694824219,99.69000244140625,100.0999984741211,23523,0.0,0.0
2024-07-23 12:30:00-04:00,100.05000305175781,100.1500015258789,99.62999725341797,100.1500015258789,8094,0.0,0.0
2024-07-23 13:30:00-04:00,100.04000091552734,100.77999877929688,100.04000091552734,100.77999877929688,11340,0.0,0.0
2024-07-23 14:30:00-04:00,100.88999938964844,100.98999786376953,100.66000366210938,100.8499984741211,14547,0.0,0.0
2024-07-23 15:30:00-04:00,100.7509994506836,100.7509994506836,100.08000183105469,100.20999908447266,45270,0.0,0.0
2024-07-24 09:30:00-04:00,100.02999877929688,100.77999877929688,99.66790008544922,100.44000244140625,16165,0.0,0.0
2024-07-24 10:30:00-04:00,100.55999755859375,100.55999755859375,99.86000061035156,100.12000274658203,9580,0.0,0.0
2024-07-24 11:30:00-04:00,100.27999877929688,101.0,100.27999877929688,100.66999816894531,14726,0.0,0.0
2024-07-24 12:30:00-04:00,100.66999816894531,100.66999816894531,99.98999786376953,99.98999786376953,6409,0.0,0.0
2024-07-24 13:30:00-04:00,100.05000305175781,100.20999908447266,99.95999908447266,100.01000213623047,10805,0.0,0.0
2024-07-24 14:30:00-04:00,100.02999877929688,100.02999877929688,99.0999984741211,99.0999984741211,13084,0.0,0.0
2024-07-24 15:30:00-04:00,99.12000274658203,99.55999755859375,98.98999786376953,99.1500015258789,30478,0.0,0.0
2024-07-25 09:30:00-04:00,99.58000183105469,101.77999877929688,99.58000183105469,101.30000305175781,20957,0.0,0.0
2024-07-25 10:30:00-04:00,101.02999877929688,101.5199966430664,100.44999694824219,101.2699966430664,16807,0.0,0.0
2024-07-25 11:30:00-04:00,101.27999877929688,101.47000122070312,100.30999755859375,100.5,35839,0.0,0.0
2024-07-25 12:30:00-04:00,100.5250015258789,101.07250213623047,100.38999938964844,100.98999786376953,25700,0.0,0.0
2024-07-25 13:30:00-04:00,100.87000274658203,101.16000366210938,100.76000213623047,100.9749984741211,17607,0.0,0.0
2024-07-25 14:30:00-04:00,101.12999725341797,101.26000213623047,100.66629791259766,101.12000274658203,18790,0.0,0.0
2024-07-25 15:30:00-04:00,101.19000244140625,101.22000122070312,100.5199966430664,100.52999877929688,51663,0.0,0.0
2024-07-26 09:30:00-04:00,101.5,102.0,100.86499786376953,100.87000274658203,20687,0.0,0.0
2024-07-26 10:30:00-04:00,100.86000061035156,100.88749694824219,100.16000366210938,100.375,11740,0.0,0.0
2024-07-26 11:30:00-04:00,100.56999969482422,101.20999908447266,100.4749984741211,101.04000091552734,13262,0.0,0.0
2024-07-26 12:30:00-04:00,100.9000015258789,101.54000091552734,100.8499984741211,101.4800033569336,10846,0.0,0.0
2024-07-26 13:30:00-04:00,101.27999877929688,101.66000366210938,101.23999786376953,101.25,15575,0.0,0.0
2024-07-26 14:30:00-04:00,101.25,101.4000015258789,100.95999908447266,101.30000305175781,37194,0.0,0.0
2024-07-26 15:30:00-04:00,101.37999725341797,101.86000061035156,101.30999755859375,101.8499984741211,49661,0.0,0.0
2024-07-29 09:30:00-04:00,102.0,102.0,100.66999816894531,100.79000091552734,13994,0.0,0.0
2024-07-29 10:30:00-04:00,100.54000091552734,101.37000274658203,100.3499984741211,101.06999969482422,17514,0.0,0.0
2024-07-29 11:30:00-04:00,101.01000213623047,101.3499984741211,100.70999908447266,101.27999877929688,8766,0.0,0.0
2024-07-29 12:30:00-04:00,101.25,101.2699966430664,100.88500213623047,100.94000244140625,9074,0.0,0.0
2024-07-29 13:30:00-04:00,100.96600341796875,101.37999725341797,100.91500091552734,101.06500244140625,20006,0.0,0.0
2024-07-29 14:30:00-04:00,101.22000122070312,101.30000305175781,100.69000244140625,100.80999755859375,15251,0.0,0.0
2024-07-29 15:30:00-04:00,100.91000366210938,101.37000274658203,100.38999938964844,100.41000366210938,50014,0.0,0.0
2024-07-30 09:30:00-04:00,101.13999938964844,101.54000091552734,100.68000030517578,101.03500366210938,15145,0.0,0.0
2024-07-30 10:30:00-04:00,101.03500366210938,102.73999786376953,100.8499984741211,102.06999969482422,39509,0.0,0.0
2024-07-30 11:30:00-04:00,101.97000122070312,103.0,101.97000122070312,102.9000015258789,27489,0.0,0.0
2024-07-30 12:30:00-04:00,102.80999755859375,103.48999786376953,102.80999755859375,103.47000122070312,22286,0.0,0.0
2024-07-30 13:30:00-04:00,103.18599700927734,103.62000274658203,103.18599700927734,103.52999877929688,13295,0.0,0.0
2024-07-30 14:30:00-04:00,103.5,103.9000015258789,103.3949966430664,103.9000015258789,16415,0.0,0.0
2024-07-30 15:30:00-04:00,103.58999633789062,104.04000091552734,103.0999984741211,103.16999816894531,68004,0.0,0.0
2024-07-31 09:30:00-04:00,102.87999725341797,104.08000183105469,102.41999816894531,103.77400207519531,23873,0.0,0.0
2024-07-31 10:30:00-04:00,104.20999908447266,104.4448013305664,103.44499969482422,103.96499633789062,27703,0.0,0.0
2024-07-31 11:30:00-04:00,103.80000305175781,104.19999694824219,103.56999969482422,104.00499725341797,15615,0.0,0.0
2024-07-31 12:30:00-04:00,103.98999786376953,104.08999633789062,103.44499969482422,103.66000366210938,26502,0.0,0.0
2024-07-31 13:30:00-04:00,103.65499877929688,103.84500122070312,103.36409759521484,103.72000122070312,34388,0.0,0.0
2024-07-31 14:30:00-04:00,103.68000030517578,104.9000015258789,103.56999969482422,104.1500015258789,62327,0.0,0.0
2024-07-31 15:30:00-04:00,104.21499633789062,104.29000091552734,102.70999908447266,102.7300033569336,119971,0.0,0.0
2024-08-01 09:30:00-04:00,100.37000274658203,102.45999908447266,95.63999938964844,96.19999694824219,38454,0.0,0.0
2024-08-01 10:30:00-04:00,96.73999786376953,97.12999725341797,94.55999755859375,94.55999755859375,33034,0.0,0.0
2024-08-01 11:30:00-04:00,94.55000305175781,95.76499938964844,94.04000091552734,95.16000366210938,41142,0.0,0.0
2024-08-01 12:30:00-04:00,95.3949966430664,96.94000244140625,95.12999725341797,96.94000244140625,42559,0.0,0.0
2024-08-01 13:30:00-04:00,96.95500183105469,97.58499908447266,96.69999694824219,97.4800033569336,19920,0.0,0.0
2024-08-01 14:30:00-04:00,97.6500015258789,98.7300033569336,97.55999755859375,97.56999969482422,26916,0.0,0.0
2024-08-01 15:30:00-04:00,97.48999786376953,97.5999984741211,96.94999694824219,97.36000061035156,60571,0.0,0.0
2024-08-02 09:30:00-04:00,93.30000305175781,95.30000305175781,92.8499984741211,94.26000213623047,32628,0.0,0.0
2024-08-02 10:30:00-04:00,94.19999694824219,95.80999755859375,94.12999725341797,95.22000122070312,27449,0.0,0.0
2024-08-02 11:30:00-04:00,95.29499816894531,95.94999694824219,94.86000061035156,95.22000122070312,23800,0.0,0.0
2024-08-02 12:30:00-04:00,95.08000183105469,95.34500122070312,94.52999877929688,94.91999816894531,16215,0.0,0.0
2024-08-02 13:30:00-04:00,94.88500213623047,95.58999633789062,94.88500213623047,95.44000244140625,13073,0.0,0.0
2024-08-02 14:30:00-04:00,95.58499908447266,96.44999694824219,95.56999969482422,96.30999755859375,24236,0.0,0.0
2024-08-02 15:30:00-04:00,96.37000274658203,96.37999725341797,95.61000061035156,95.68000030517578,58386,0.0,0.0
2024-08-05 09:30:00-04:00,93.33000183105469,93.7699966430664,91.26000213623047,93.37000274658203,42617,0.0,0.0
2024-08-05 10:30:00-04:00,92.86499786376953,93.22000122070312,92.54000091552734,92.79000091552734,16210,0.0,0.0
2024-08-05 11:30:00-04:00,92.68000030517578,93.86000061035156,92.375,93.86000061035156,15792,0.0,0.0
2024-08-05 12:30:00-04:00,93.72820281982422,94.11000061035156,92.20500183105469,92.37999725341797,25339,0.0,0.0
2024-08-05 13:30:00-04:00,92.29499816894531,92.51000213623047,92.04000091552734,92.44000244140625,19395,0.0,0.0
2024-08-05 14:30:00-04:00,92.3550033569336,92.91000366210938,92.18000030517578,92.66000366210938,33476,0.0,0.0
2024-08-05 15:30:00-04:00,92.66000366210938,92.91999816894531,92.33999633789062,92.66000366210938,65023,0.0,0.0
2024-08-06 09:30:00-04:00,92.61000061035156,93.73999786376953,92.56999969482422,92.72000122070312,15736,0.0,0.0
2024-08-06 10:30:00-04:00,92.18000030517578,93.04750061035156,91.0199966430664,91.08000183105469,42109,0.0,0.0
2024-08-06 11:30:00-04:00,91.13999938964844,92.33000183105469,90.97000122070312,92.2300033569336,37469,0.0,0.0
2024-08-06 12:30:00-04:00,92.18000030517578,92.52999877929688,91.98999786376953,92.52999877929688,15132,0.0,0.0
2024-08-06 13:30:00-04:00,92.63999938964844,93.16000366210938,92.5,93.16000366210938,18055,0.0,0.0
2024-08-06 14:30:00-04:00,93.16000366210938,93.44999694824219,92.66549682617188,93.12999725341797,26783,0.0,0.0
2024-08-06 15:30:00-04:00,93.08000183105469,93.45999908447266,93.04000091552734,93.33999633789062,65440,0.0,0.0
2024-08-07 09:30:00-04:00,94.41000366210938,95.4000015258789,93.95999908447266,93.95999908447266,13557,0.0,0.0
2024-08-07 10:30:00-04:00,94.02999877929688,94.53500366210938,94.01000213623047,94.29000091552734,10603,0.0,0.0
2024-08-07 11:30:00-04:00,94.30500030517578,94.66000366210938,93.83999633789062,94.0,11351,0.0,0.0
2024-08-07 12:30:00-04:00,94.05000305175781,94.05000305175781,93.0199966430664,93.08000183105469,9907,0.0,0.0
2024-08-07 13:30:00-04:00,93.2300033569336,93.27999877929688,91.78500366210938,91.80500030517578,12284,0.0,0.0
2024-08-07 14:30:00-04:00,91.7699966430664,92.44000244140625,91.70999908447266,92.44000244140625,28715,0.0,0.0
2024-08-07 15:30:00-04:00,92.40499877929688,92.44000244140625,91.80999755859375,91.98999786376953,44291,0.0,0.0
2024-08-08 09:30:00-04:00,92.87000274658203,93.70020294189453,92.29669952392578,93.37000274658203,8865,0.0,0.0
2024-08-08 10:30:00-04:00,93.30000305175781,93.95500183105469,93.22000122070312,93.22000122070312,9498,0.0,0.0
2024-08-08 11:30:00-04:00,93.1500015258789,93.17500305175781,92.12999725341797,92.13999938964844,20202,0.0,0.0
2024-08-08 12:30:00-04:00,92.0999984741211,92.19999694824219,91.47000122070312,92.19999694824219,19544,0.0,0.0
2024-08-08 13:30:00-04:00,92.1946029663086,92.9800033569336,92.1946029663086,92.80999755859375,9400,0.0,0.0
2024-08-08 14:30:00-04:00,92.83000183105469,92.98919677734375,92.6449966430664,92.81500244140625,7234,0.0,0.0
2024-08-08 15:30:00-04:00,92.81500244140625,93.05999755859375,92.68000030517578,92.94999694824219,36830,0.0,0.0
2024-08-09 09:30:00-04:00,92.5999984741211,92.5999984741211,91.50499725341797,91.87000274658203,11021,0.0,0.0
2024-08-09 10:30:00-04:00,91.93000030517578,92.20500183105469,91.72000122070312,92.01000213623047,8743,0.0,0.0
2024-08-09 11:30:00-04:00,91.92500305175781,91.94000244140625,91.56500244140625,91.66000366210938,8707,0.0,0.0
2024-08-09 12:30:00-04:00,91.69999694824219,91.9800033569336,91.51000213623047,91.9800033569336,8905,0.0,0.0
2024-08-09 13:30:00-04:00,92.16000366210938,92.19499969482422,91.56500244140625,91.66000366210938,7371,0.0,0.0
2024-08-09 14:30:00-04:00,91.56999969482422,91.69000244140625,91.43000030517578,91.69000244140625,14617,0.0,0.0
2024-08-09 15:30:00-04:00,91.69999694824219,92.08000183105469,91.4000015258789,91.80999755859375,53445,0.0,0.0
2024-08-12 09:30:00-04:00,91.5199966430664,91.5199966430664,90.18499755859375,90.83290100097656,26523,0.0,0.0
2024-08-12 10:30:00-04:00,90.9800033569336,91.29000091552734,90.58000183105469,90.58000183105469,9474,0.0,0.0
2024-08-12 11:30:00-04:00,90.44000244140625,90.61710357666016,90.33190155029297,90.44999694824219,7525,0.0,0.0
2024-08-12 12:30:00-04:00,90.44999694824219,90.68000030517578,90.1500015258789,90.23999786376953,16224,0.0,0.0
2024-08-12 13:30:00-04:00,90.41000366210938,90.77999877929688,90.41000366210938,90.41999816894531,10584,0.0,0.0
2024-08-12 14:30:00-04:00,90.43000030517578,90.43000030517578,90.2300033569336,90.33999633789062,8391,0.0,0.0
2024-08-12 15:30:00-04:00,90.2699966430664,90.66000366210938,90.2300033569336,90.5999984741211,39416,0.0,0.0
2024-08-13 09:30:00-04:00,90.72000122070312,90.95999908447266,90.12999725341797,90.19000244140625,24824,0.0,0.0
2024-08-13 10:30:00-04:00,90.19000244140625,90.83499908447266,90.19000244140625,90.82499694824219,7025,0.0,0.0
2024-08-13 11:30:00-04:00,90.69999694824219,91.2218017578125,90.69999694824219,91.11499786376953,7400,0.0,0.0
2024-08-13 12:30:00-04:00,91.1500015258789,91.52999877929688,91.0999984741211,91.43499755859375,9369,0.0,0.0
2024-08-13 13:30:00-04:00,91.4000015258789,92.30999755859375,91.4000015258789,91.87000274658203,23560,0.0,0.0
2024-08-13 14:30:00-04:00,91.69999694824219,91.94000244140625,91.61009979248047,91.91000366210938,11723,0.0,0.0
2024-08-13 15:30:00-04:00,91.88999938964844,92.31999969482422,91.75499725341797,92.2249984741211,33735,0.0,0.0
2024-08-14 09:30:00-04:00,92.31999969482422,92.31999969482422,90.97000122070312,91.09500122070312,8839,0.0,0.0
2024-08-14 10:30:00-04:00,91.23999786376953,91.2699966430664,90.58999633789062,90.75,9016,0.0,0.0
2024-08-14 11:30:00-04:00,90.7750015258789,91.25,90.58999633789062,90.58999633789062,11112,0.0,0.0
2024-08-14 12:30:00-04:00,90.7249984741211,90.93499755859375,90.7249984741211,90.86000061035156,4086,0.0,0.0
2024-08-14 13:30:00-04:00,90.7699966430664,90.86000061035156,90.5199966430664,90.67500305175781,7612,0.0,0.0
2024-08-14 14:30:00-04:00,90.72000122070312,91.25,90.72000122070312,90.93000030517578,18950,0.0,0.0
2024-08-14 15:30:00-04:00,90.95999908447266,91.63999938964844,90.89640045166016,91.62000274658203,44945,0.0,0.0
2024-08-15 09:30:00-04:00,92.94000244140625,93.54299926757812,92.14550018310547,93.50499725341797,26291,0.0,0.0
2024-08-15 10:30:00-04:00,93.77999877929688,94.11000061035156,93.48999786376953,93.83000183105469,9132,0.0,0.0
2024-08-15 11:30:00-04:00,93.80000305175781,93.94999694824219,93.37000274658203,93.875,9707,0.0,0.0
2024-08-15 12:30:00-04:00,93.91000366210938,94.0199966430664,93.77960205078125,93.86000061035156,11508,0.0,0.0
2024-08-15 13:30:00-04:00,93.9749984741211,94.02999877929688,93.68000030517578,93.7699966430664,10198,0.0,0.0
2024-08-15 14:30:00-04:00,93.75,94.22000122070312,93.75,94.0199966430664,15203,0.0,0.0
2024-08-15 15:30:00-04:00,93.94999694824219,93.9800033569336,93.36000061035156,93.44000244140625,39419,0.0,0.0
2024-08-16 09:30:00-04:00,93.30999755859375,93.75869750976562,92.74120330810547,93.69000244140625,11417,0.0,0.0
2024-08-16 10:30:00-04:00,93.73999786376953,93.73999786376953,93.19010162353516,93.3395004272461,3242,0.0,0.0
2024-08-16 11:30:00-04:00,93.32879638671875,93.37699890136719,92.69000244140625,92.94999694824219,13011,0.0,0.0
2024-08-16 12:30:00-04:00,92.94000244140625,93.2300033569336,92.93000030517578,93.0199966430664,6148,0.0,0.0
2024-08-16 13:30:00-04:00,92.87999725341797,92.87999725341797,92.55809783935547,92.67500305175781,3800,0.0,0.0
2024-08-16 14:30:00-04:00,92.69000244140625,92.83000183105469,92.43000030517578,92.44000244140625,10476,0.0,0.0
2024-08-16 15:30:00-04:00,92.4000015258789,93.06999969482422,92.4000015258789,93.0,36600,0.0,0.0
2024-08-19 09:30:00-04:00,93.0,93.5,92.70999908447266,92.70999908447266,9760,0.0,0.0
2024-08-19 10:30:00-04:00,92.91000366210938,93.48500061035156,92.91000366210938,93.12000274658203,5883,0.0,0.0
2024-08-19 11:30:00-04:00,93.22000122070312,93.37000274658203,93.08999633789062,93.2699966430664,4988,0.0,0.0
2024-08-19 12:30:00-04:00,93.33000183105469,93.33000183105469,93.0999984741211,93.19999694824219,3075,0.0,0.0
2024-08-19 13:30:00-04:00,93.0999984741211,93.0999984741211,92.81999969482422,92.97000122070312,6568,0.0,0.0
2024-08-19 14:30:00-04:00,93.08499908447266,93.1781997680664,92.66000366210938,92.83000183105469,8700,0.0,0.0
2024-08-19 15:30:00-04:00,92.72000122070312,93.31999969482422,92.72000122070312,93.30000305175781,32435,0.0,0.0
2024-08-20 09:30:00-04:00,92.66999816894531,92.92500305175781,92.08499908447266,92.38999938964844,21967,0.0,0.0
2024-08-20 10:30:00-04:00,92.2300033569336,92.27999877929688,91.55999755859375,91.66999816894531,7535,0.0,0.0
2024-08-20 11:30:00-04:00,91.70999908447266,91.70999908447266,91.17500305175781,91.29499816894531,7255,0.0,0.0
2024-08-20 12:30:00-04:00,91.20999908447266,91.3499984741211,91.11000061035156,91.29000091552734,6507,0.0,0.0
2024-08-20 13:30:00-04:00,91.29000091552734,91.54000091552734,91.26499938964844,91.54000091552734,8084,0.0,0.0
2024-08-20 14:30:00-04:00,91.5999984741211,91.72000122070312,91.48500061035156,91.63500213623047,10484,0.0,0.0
2024-08-20 15:30:00-04:00,91.55000305175781,92.29000091552734,91.41000366210938,92.05000305175781,46080,0.0,0.0
2024-08-21 09:30:00-04:00,92.93000030517578,92.93000030517578,92.0199966430664,92.57499694824219,0,0.0,0.0
2024-08-21 10:30:00-04:00,92.69999694824219,93.08000183105469,92.69000244140625,92.91000366210938,24797,0.0,0.0
2024-08-21 11:30:00-04:00,92.88500213623047,92.88500213623047,92.24500274658203,92.36000061035156,9366,0.0,0.0
2024-08-21 12:30:00-04:00,92.30999755859375,92.70999908447266,92.30999755859375,92.69000244140625,8091,0.0,0.0
2024-08-21 13:30:00-04:00,92.80999755859375,93.033203125,92.7750015258789,92.80000305175781,13575,0.0,0.0
2024-08-21 14:30:00-04:00,92.88999938964844,92.94000244140625,92.63999938964844,92.76499938964844,12783,0.0,0.0
2024-08-21 15:30:00-04:00,92.7300033569336,92.86000061035156,92.58000183105469,92.66999816894531,39142,0.0,0.0
2024-08-22 09:30:00-04:00,92.88999938964844,93.41999816894531,92.12999725341797,92.50499725341797,5457,0.0,0.0
2024-08-22 10:30:00-04:00,92.7300033569336,92.97000122070312,92.4800033569336,92.7249984741211,5856,0.0,0.0
2024-08-22 11:30:00-04:00,92.73500061035156,92.94999694824219,92.36000061035156,92.69000244140625,5466,0.0,0.0
2024-08-22 12:30:00-04:00,92.80999755859375,92.86000061035156,92.31999969482422,92.38500213623047,11838,0.0,0.0
2024-08-22 13:30:00-04:00,92.30000305175781,92.3499984741211,92.08999633789062,92.19499969482422,11035,0.0,0.0
2024-08-22 14:30:00-04:00,92.18000030517578,92.66999816894531,92.13999938964844,92.55500030517578,11312,0.0,0.0
2024-08-22 15:30:00-04:00,92.52999877929688,92.86000061035156,92.38999938964844,92.66999816894531,35597,0.0,0.0
2024-08-23 09:30:00-04:00,93.16000366210938,94.0,92.93000030517578,93.95999908447266,37296,0.0,0.0
2024-08-23 10:30:00-04:00,94.13999938964844,94.77999877929688,93.91999816894531,94.73500061035156,30417,0.0,0.0
2024-08-23 11:30:00-04:00,94.7699966430664,94.94000244140625,93.83499908447266,93.93499755859375,26410,0.0,0.0
2024-08-23 12:30:00-04:00,93.93499755859375,94.05999755859375,93.69000244140625,93.91000366210938,20172,0.0,0.0
2024-08-23 13:30:00-04:00,94.01499938964844,94.01499938964844,93.37999725341797,93.57499694824219,25030,0.0,0.0
2024-08-23 14:30:00-04:00,93.59500122070312,93.8499984741211,93.58999633789062,93.75,25527,0.0,0.0
2024-08-23 15:30:00-04:00,93.76499938964844,93.79000091552734,93.36000061035156,93.52999877929688,79236,0.0,0.0
2024-08-26 09:30:00-04:00,94.19999694824219,94.81500244140625,93.8301010131836,94.70500183105469,8770,0.0,0.0
2024-08-26 10:30:00-04:00,94.7300033569336,94.84500122070312,94.20500183105469,94.20500183105469,10111,0.0,0.0
2024-08-26 11:30:00-04:00,94.19000244140625,94.29000091552734,93.93000030517578,93.97000122070312,8776,0.0,0.0
2024-08-26 12:30:00-04:00,94.0999984741211,94.41000366210938,93.88999938964844,94.375,24265,0.0,0.0
2024-08-26 13:30:00-04:00,94.33000183105469,94.33000183105469,94.0,94.07250213623047,8748,0.0,0.0
2024-08-26 14:30:00-04:00,94.05999755859375,94.11000061035156,93.97000122070312,93.97000122070312,13687,0.0,0.0
2024-08-26 15:30:00-04:00,93.8949966430664,93.9800033569336,93.51000213623047,93.6500015258789,33523,0.0,0.0
2024-08-27 09:30:00-04:00,93.51000213623047,93.57499694824219,92.87999725341797,93.46499633789062,23546,0.0,0.0
2024-08-27 10:30:00-04:00,93.54000091552734,93.78500366210938,93.18000030517578,93.18000030517578,8989,0.0,0.0
2024-08-27 11:30:00-04:00,93.05000305175781,93.19640350341797,92.87000274658203,93.19000244140625,20670,0.0,0.0
2024-08-27 12:30:00-04:00,93.32499694824219,93.58499908447266,93.16000366210938,93.4800033569336,4802,0.0,0.0
2024-08-27 13:30:00-04:00,93.5,93.53500366210938,93.06999969482422,93.06999969482422,7511,0.0,0.0
2024-08-27 14:30:00-04:00,93.08000183105469,93.52749633789062,92.93000030517578,93.37999725341797,11429,0.0,0.0
2024-08-27 15:30:00-04:00,93.33000183105469,93.36000061035156,92.93000030517578,92.94999694824219,23728,0.0,0.0
2024-08-28 09:30:00-04:00,92.80000305175781,93.44999694824219,92.44000244140625,93.44999694824219,14317,0.0,0.0
2024-08-28 10:30:00-04:00,93.61000061035156,93.97000122070312,93.46009826660156,93.55000305175781,32267,0.0,0.0
2024-08-28 11:30:00-04:00,93.33999633789062,93.38999938964844,92.47000122070312,92.56999969482422,10281,0.0,0.0
2024-08-28 12:30:00-04:00,92.5,92.80000305175781,92.23999786376953,92.23999786376953,14272,0.0,0.0
2024-08-28 13:30:00-04:00,92.22000122070312,92.29499816894531,91.68000030517578,91.68000030517578,7737,0.0,0.0
2024-08-28 14:30:00-04:00,91.69499969482422,92.20999908447266,91.66999816894531,92.05000305175781,16922,0.0,0.0
2024-08-28 15:30:00-04:00,91.94999694824219,92.12000274658203,91.69999694824219,91.80999755859375,32424,0.0,0.0
2024-08-29 09:30:00-04:00,92.6500015258789,93.07990264892578,90.91500091552734,93.07990264892578,16132,0.0,0.0
2024-08-29 10:30:00-04:00,92.9800033569336,92.9800033569336,92.54000091552734,92.80999755859375,8636,0.0,0.0
2024-08-29 11:30:00-04:00,92.80999755859375,93.24500274658203,92.79000091552734,93.02999877929688,8329,0.0,0.0
2024-08-29 12:30:00-04:00,93.08999633789062,93.26499938964844,92.7699966430664,93.07499694824219,14220,0.0,0.0
2024-08-29 13:30:00-04:00,93.21499633789062,93.6500015258789,93.19999694824219,93.57499694824219,12384,0.0,0.0
2024-08-29 14:30:00-04:00,93.57499694824219,93.57499694824219,93.16000366210938,93.40499877929688,34056,0.0,0.0
2024-08-29 15:30:00-04:00,93.33000183105469,93.33000183105469,92.80999755859375,93.0,42980,0.0,0.0
2024-08-30 09:30:00-04:00,93.08999633789062,93.6500015258789,93.06500244140625,93.19000244140625,21814,0.0,0.0
2024-08-30 10:30:00-04:00,93.38999938964844,93.45999908447266,92.79499816894531,92.79499816894531,8641,0.0,0.0
2024-08-30 11:30:00-04:00,92.87999725341797,93.0250015258789,92.70999908447266,92.9800033569336,35941,0.0,0.0
2024-08-30 12:30:00-04:00,92.83999633789062,93.05500030517578,92.5999984741211,92.72000122070312,15680,0.0,0.0
2024-08-30 13:30:00-04:00,92.86000061035156,92.88999938964844,92.76000213623047,92.77999877929688,12929,0.0,0.0
2024-08-30 14:30:00-04:00,92.87000274658203,93.2249984741211,92.79499816894531,93.1500015258789,42729,0.0,0.0
2024-08-30 15:30:00-04:00,93.2249984741211,94.02999877929688,93.16000366210938,93.9000015258789,74811,0.0,0.0
2024-09-03 09:30:00-04:00,93.30000305175781,94.80000305175781,93.30000305175781,94.11000061035156,29019,0.0,0.0
2024-09-03 10:30:00-04:00,94.22000122070312,94.44999694824219,93.91999816894531,94.16000366210938,21464,0.0,0.0
2024-09-03 11:30:00-04:00,94.12999725341797,94.12999725341797,93.44499969482422,93.54019927978516,16203,0.0,0.0
2024-09-03 12:30:00-04:00,93.55000305175781,93.61000061035156,92.9800033569336,93.25,25349,0.0,0.0
2024-09-03 13:30:00-04:00,93.12000274658203,93.1500015258789,92.70999908447266,92.70999908447266,7347,0.0,0.0
2024-09-03 14:30:00-04:00,92.76499938964844,92.83000183105469,91.72000122070312,91.94999694824219,47696,0.0,0.0
2024-09-03 15:30:00-04:00,92.0,92.11000061035156,91.66000366210938,92.08999633789062,66775,0.0,0.0
2024-09-04 09:30:00-04:00,91.80000305175781,92.27999877929688,91.4000015258789,91.7750015258789,19340,0.0,0.0
2024-09-04 10:30:00-04:00,91.66999816894531,92.0,91.5199966430664,91.5199966430664,12293,0.0,0.0
2024-09-04 11:30:00-04:00,91.51000213623047,91.81999969482422,91.45999908447266,91.56500244140625,11728,0.0,0.0
2024-09-04 12:30:00-04:00,91.58499908447266,91.68000030517578,91.3499984741211,91.38500213623047,25349,0.0,0.0
2024-09-04 13:30:00-04:00,91.53250122070312,91.53250122070312,90.87999725341797,91.00499725341797,21842,0.0,0.0
2024-09-04 14:30:00-04:00,91.02999877929688,91.04000091552734,90.75,91.04000091552734,13258,0.0,0.0
2024-09-04 15:30:00-04:00,90.98570251464844,91.41000366210938,90.88999938964844,91.4000015258789,62654,0.0,0.0
2024-09-05 09:30:00-04:00,90.88999938964844,90.95999908447266,90.06999969482422,90.30500030517578,22247,0.0,0.0
2024-09-05 10:30:00-04:00,90.41000366210938,90.47000122070312,89.30000305175781,89.44000244140625,12277,0.0,0.0
2024-09-05 11:30:00-04:00,89.54000091552734,89.62999725341797,89.41999816894531,89.58580017089844,14349,0.0,0.0
2024-09-05 12:30:00-04:00,89.47000122070312,89.48999786376953,89.0,89.15499877929688,15638,0.0,0.0
2024-09-05 13:30:00-04:00,89.12000274658203,89.41999816894531,89.0250015258789,89.23999786376953,22030,0.0,0.0
2024-09-05 14:30:00-04:00,89.33999633789062,89.43000030517578,88.76499938964844,88.83000183105469,26227,0.0,0.0
2024-09-05 15:30:00-04:00,88.87000274658203,89.16999816894531,88.5,88.5199966430664,89732,0.0,0.0
2024-09-06 09:30:00-04:00,88.95999908447266,89.63999938964844,87.88999938964844,88.01000213623047,21382,0.0,0.0
2024-09-06 10:30:00-04:00,87.87000274658203,87.87000274658203,87.30500030517578,87.30500030517578,16031,0.0,0.0
2024-09-06 11:30:00-04:00,87.34500122070312,87.34500122070312,86.88999938964844,86.88999938964844,18791,0.0,0.0
2024-09-06 12:30:00-04:00,86.9010009765625,87.56999969482422,86.73999786376953,87.43000030517578,23607,0.0,0.0
2024-09-06 13:30:00-04:00,87.3511962890625,87.54000091552734,87.19999694824219,87.21109771728516,19760,0.0,0.0
2024-09-06 14:30:00-04:00,87.16000366210938,87.36000061035156,87.08999633789062,87.19000244140625,29356,0.0,0.0
2024-09-06 15:30:00-04:00,87.18000030517578,87.18000030517578,86.62899780273438,86.69999694824219,71892,0.0,0.0
2024-09-09 09:30:00-04:00,86.62999725341797,86.86000061035156,85.87000274658203,86.86000061035156,37473,0.0,0.0
2024-09-09 10:30:00-04:00,86.7300033569336,87.20999908447266,86.7300033569336,86.9000015258789,19358,0.0,0.0
2024-09-09 11:30:00-04:00,87.08000183105469,87.43000030517578,86.98750305175781,87.04010009765625,13715,0.0,0.0
2024-09-09 12:30:00-04:00,87.11000061035156,87.30000305175781,86.92500305175781,86.97000122070312,43987,0.0,0.0
2024-09-09 13:30:00-04:00,86.95999908447266,86.95999908447266,86.5250015258789,86.7750015258789,40200,0.0,0.0
2024-09-09 14:30:00-04:00,86.77999877929688,86.80000305175781,86.55999755859375,86.62000274658203,20791,0.0,0.0
2024-09-09 15:30:00-04:00,86.58499908447266,86.7300033569336,86.4800033569336,86.62999725341797,84404,0.0,0.0
2024-09-10 09:30:00-04:00,86.7699966430664,87.26000213623047,86.61000061035156,87.26000213623047,24421,0.0,0.0
2024-09-10 10:30:00-04:00,87.18000030517578,88.09500122070312,86.96499633789062,88.06999969482422,15707,0.0,0.0
2024-09-10 11:30:00-04:00,87.91000366210938,87.91999816894531,87.52999877929688,87.52999877929688,9091,0.0,0.0
2024-09-10 12:30:00-04:00,87.55500030517578,87.72000122070312,87.32499694824219,87.41500091552734,11154,0.0,0.0
2024-09-10 13:30:00-04:00,87.5,87.55999755859375,87.3499984741211,87.40010070800781,21505,0.0,0.0
2024-09-10 14:30:00-04:00,87.50499725341797,87.62000274658203,87.38500213623047,87.5,29503,0.0,0.0
2024-09-10 15:30:00-04:00,87.44999694824219,87.45999908447266,87.08000183105469,87.0999984741211,51015,0.0,0.0
2024-09-11 09:30:00-04:00,86.61000061035156,86.73999786376953,84.77999877929688,84.8499984741211,30176,0.0,0.0
2024-09-11 10:30:00-04:00,84.8499984741211,85.58999633789062,84.83000183105469,85.58999633789062,22209,0.0,0.0
2024-09-11 11:30:00-04:00,85.63999938964844,85.7699966430664,85.37000274658203,85.58499908447266,8856,0.0,0.0
2024-09-11 12:30:00-04:00,85.6050033569336,86.11000061035156,85.59500122070312,85.80500030517578,14497,0.0,0.0
2024-09-11 13:30:00-04:00,85.83499908447266,85.87999725341797,85.20999908447266,85.25,12797,0.0,0.0
2024-09-11 14:30:00-04:00,85.26499938964844,86.12000274658203,85.1500015258789,86.01000213623047,29311,0.0,0.0
2024-09-11 15:30:00-04:00,86.0,86.1500015258789,85.75499725341797,86.08999633789062,40875,0.0,0.0
2024-09-12 09:30:00-04:00,86.73999786376953,86.73999786376953,85.7300033569336,86.08000183105469,24199,0.0,0.0
2024-09-12 10:30:00-04:00,86.09500122070312,86.6500015258789,86.0199966430664,86.34500122070312,14058,0.0,0.0
2024-09-12 11:30:00-04:00,86.2300033569336,86.26000213623047,85.73999786376953,86.0,11183,0.0,0.0
2024-09-12 12:30:00-04:00,86.00499725341797,86.25,85.9800033569336,86.04000091552734,15758,0.0,0.0
2024-09-12 13:30:00-04:00,86.04499816894531,86.48999786376953,85.98999786376953,86.08000183105469,18113,0.0,0.0
2024-09-12 14:30:00-04:00,86.06999969482422,86.37789916992188,86.0,86.30000305175781,23865,0.0,0.0
2024-09-12 15:30:00-04:00,86.30500030517578,86.68000030517578,86.12999725341797,86.62999725341797,60321,0.0,0.0
2024-09-13 09:30:00-04:00,86.73999786376953,88.83499908447266,86.54000091552734,88.70999908447266,25778,0.0,0.0
2024-09-13 10:30:00-04:00,88.87999725341797,89.05999755859375,88.31379699707031,88.68000030517578,9056,0.0,0.0
2024-09-13 11:30:00-04:00,88.69000244140625,88.875,88.6500015258789,88.7300033569336,13377,0.0,0.0
2024-09-13 12:30:00-04:00,88.63999938964844,88.80000305175781,88.56999969482422,88.70999908447266,7589,0.0,0.0
2024-09-13 13:30:00-04:00,88.81999969482422,88.90499877929688,88.33999633789062,88.34500122070312,6845,0.0,0.0
2024-09-13 14:30:00-04:00,88.2699966430664,88.54000091552734,88.19000244140625,88.5,11933,0.0,0.0
2024-09-13 15:30:00-04:00,88.47000122070312,88.6050033569336,88.41000366210938,88.45999908447266,35602,0.0,0.0
2024-09-16 09:30:00-04:00,89.05999755859375,91.0199966430664,89.01000213623047,90.55999755859375,36691,0.0,0.0
2024-09-16 10:30:00-04:00,90.51000213623047,90.5199966430664,89.37999725341797,89.51000213623047,25187,0.0,0.0
2024-09-16 11:30:00-04:00,89.51000213623047,89.51000213623047,88.16000366210938,88.32499694824219,33264,0.0,0.0
2024-09-16 12:30:00-04:00,88.32499694824219,88.54000091552734,87.88999938964844,87.88999938964844,27458,0.0,0.0
2024-09-16 13:30:00-04:00,87.81999969482422,87.97000122070312,87.4800033569336,87.59500122070312,29780,0.0,0.0
2024-09-16 14:30:00-04:00,87.58000183105469,88.02999877929688,87.53500366210938,87.88999938964844,42755,0.0,0.0
2024-09-16 15:30:00-04:00,87.91500091552734,88.69999694824219,87.91500091552734,88.4800033569336,57003,0.0,0.0
2024-09-17 09:30:00-04:00,89.0,90.0999984741211,88.6500015258789,89.5,21003,0.0,0.0
2024-09-17 10:30:00-04:00,89.47000122070312,89.87000274658203,89.20999908447266,89.77999877929688,14477,0.0,0.0
2024-09-17 11:30:00-04:00,89.66999816894531,89.93000030517578,89.37999725341797,89.45500183105469,9519,0.0,0.0
2024-09-17 12:30:00-04:00,89.44999694824219,89.52999877929688,88.927001953125,89.03500366210938,13226,0.0,0.0
2024-09-17 13:30:00-04:00,89.0199966430664,89.30000305175781,88.93000030517578,89.0999984741211,6466,0.0,0.0
2024-09-17 14:30:00-04:00,89.01499938964844,89.16000366210938,88.91000366210938,89.0199966430664,20594,0.0,0.0
2024-09-17 15:30:00-04:00,88.95999908447266,89.16999816894531,88.79000091552734,89.12000274658203,39757,0.0,0.0
2024-09-18 09:30:00-04:00,89.08000183105469,89.83000183105469,88.73999786376953,89.51000213623047,11552,0.0,0.0
2024-09-18 10:30:00-04:00,89.38999938964844,89.87000274658203,88.8499984741211,89.87000274658203,16445,0.0,0.0
2024-09-18 11:30:00-04:00,89.81999969482422,90.0,89.69999694824219,89.80000305175781,19275,0.0,0.0
2024-09-18 12:30:00-04:00,89.87000274658203,89.87000274658203,89.40959930419922,89.6500015258789,13321,0.0,0.0
2024-09-18 13:30:00-04:00,89.58000183105469,90.9000015258789,89.36000061035156,90.9000015258789,23831,0.0,0.0
2024-09-18 14:30:00-04:00,90.94999694824219,91.37999725341797,90.06500244140625,90.5,34120,0.0,0.0
2024-09-18 15:30:00-04:00,90.55999755859375,90.61000061035156,89.33999633789062,89.5199966430664,54362,0.0,0.0
2024-09-19 09:30:00-04:00,91.37999725341797,91.37999725341797,89.92179870605469,90.99500274658203,14346,0.0,0.0
2024-09-19 10:30:00-04:00,91.08999633789062,91.08999633789062,90.13999938964844,90.66999816894531,9682,0.0,0.0
2024-09-19 11:30:00-04:00,90.48999786376953,90.87000274658203,90.26499938964844,90.87000274658203,10142,0.0,0.0
2024-09-19 12:30:00-04:00,90.94999694824219,91.23999786376953,90.91999816894531,91.23999786376953,11745,0.0,0.0
2024-09-19 13:30:00-04:00,91.08999633789062,91.76000213623047,91.0,91.71499633789062,21391,0.0,0.0
2024-09-19 14:30:00-04:00,91.71499633789062,92.04000091552734,91.66000366210938,91.91999816894531,25681,0.0,0.0
2024-09-19 15:30:00-04:00,91.875,92.26000213623047,91.79000091552734,92.2300033569336,72225,0.0,0.0
2024-09-20 09:30:00-04:00,92.54000091552734,92.54000091552734,90.90709686279297,91.73999786376953,87954,0.0,0.0
2024-09-20 10:30:00-04:00,91.71499633789062,91.75,91.19999694824219,91.25,17047,0.0,0.0
2024-09-20 11:30:00-04:00,90.88999938964844,92.2300033569336,90.80000305175781,92.05999755859375,26711,0.0,0.0
2024-09-20 12:30:00-04:00,91.93000030517578,92.30999755859375,91.9000015258789,92.18000030517578,12186,0.0,0.0
2024-09-20 13:30:00-04:00,92.12000274658203,92.26000213623047,91.83999633789062,91.83999633789062,12633,0.0,0.0
2024-09-20 14:30:00-04:00,91.9000015258789,92.28500366210938,91.6500015258789,92.2699966430664,27737,0.0,0.0
2024-09-20 15:30:00-04:00,92.25,92.69999694824219,91.7300033569336,91.88999938964844,108049,0.0,0.0
2024-09-23 09:30:00-04:00,91.91999816894531,92.38999938964844,91.31999969482422,91.5177001953125,14519,0.0,0.0
2024-09-23 10:30:00-04:00,91.54989624023438,91.54989624023438,90.88500213623047,91.25,11559,0.0,0.0
2024-09-23 11:30:00-04:00,91.19000244140625,91.47000122070312,91.06999969482422,91.30400085449219,13305,0.0,0.0
2024-09-23 12:30:00-04:00,91.34159851074219,91.43000030517578,91.19000244140625,91.41000366210938,15564,0.0,0.0
2024-09-23 13:30:00-04:00,91.43000030517578,91.54000091552734,90.87999725341797,91.01499938964844,13398,0.0,0.0
2024-09-23 14:30:00-04:00,90.9749984741211,91.1050033569336,90.66999816894531,90.66999816894531,28225,0.0,0.0
2024-09-23 15:30:00-04:00,90.75,91.05999755859375,90.70999908447266,90.9800033569336,54303,0.0,0.0
2024-09-24 09:30:00-04:00,90.66999816894531,90.66999816894531,87.38999938964844,87.38999938964844,45590,0.0,0.0
2024-09-24 10:30:00-04:00,87.48500061035156,88.1449966430664,87.4625015258789,88.01000213623047,20706,0.0,0.0
2024-09-24 11:30:00-04:00,87.79000091552734,87.8949966430664,87.09500122070312,87.47000122070312,19703,0.0,0.0
2024-09-24 12:30:00-04:00,87.47000122070312,87.7249984741211,87.37000274658203,87.66999816894531,10934,0.0,0.0
2024-09-24 13:30:00-04:00,87.80500030517578,88.01000213623047,87.3499984741211,87.37999725341797,11463,0.0,0.0
2024-09-24 14:30:00-04:00,87.2750015258789,87.47000122070312,86.82060241699219,87.25,33082,0.0,0.0
2024-09-24 15:30:00-04:00,87.25,87.42500305175781,86.86000061035156,86.87000274658203,60919,0.0,0.0
2024-09-25 09:30:00-04:00,87.4000015258789,87.51249694824219,86.31999969482422,87.33000183105469,26678,0.0,0.0
2024-09-25 10:30:00-04:00,87.44999694824219,87.97000122070312,87.40499877929688,87.40499877929688,12724,0.0,0.0
2024-09-25 11:30:00-04:00,87.37999725341797,87.37999725341797,87.20999908447266,87.30000305175781,10130,0.0,0.0
2024-09-25 12:30:00-04:00,87.26119995117188,87.36000061035156,87.16000366210938,87.26000213623047,12556,0.0,0.0
2024-09-25 13:30:00-04:00,87.2249984741211,87.55000305175781,87.12999725341797,87.55000305175781,13446,0.0,0.0
2024-09-25 14:30:00-04:00,87.51499938964844,87.51499938964844,87.1500015258789,87.19000244140625,17258,0.0,0.0
2024-09-25 15:30:00-04:00,87.12000274658203,87.12000274658203,86.70999908447266,86.94999694824219,46395,0.0,0.0
2024-09-26 09:30:00-04:00,87.44999694824219,87.8499984741211,87.0,87.14129638671875,18392,0.0,0.0
2024-09-26 10:30:00-04:00,87.29000091552734,87.93000030517578,87.29000091552734,87.84500122070312,10425,0.0,0.0
2024-09-26 11:30:00-04:00,87.83000183105469,87.9198989868164,87.35199737548828,87.35199737548828,8237,0.0,0.0
2024-09-26 12:30:00-04:00,87.27999877929688,87.51000213623047,87.08999633789062,87.09500122070312,17423,0.0,0.0
2024-09-26 13:30:00-04:00,87.18000030517578,87.2699966430664,87.05000305175781,87.05000305175781,9295,0.0,0.0
2024-09-26 14:30:00-04:00,86.93000030517578,87.05000305175781,86.46499633789062,86.52999877929688,17141,0.0,0.0
2024-09-26 15:30:00-04:00,86.510498046875,86.80000305175781,86.31999969482422,86.62000274658203,49707,0.0,0.0
2024-09-27 09:30:00-04:00,87.47000122070312,88.17500305175781,86.84500122070312,88.17500305175781,30691,0.0,0.0
2024-09-27 10:30:00-04:00,88.32009887695312,89.1449966430664,88.32009887695312,88.70999908447266,18085,0.0,0.0
2024-09-27 11:30:00-04:00,88.83999633789062,89.08499908447266,88.0,88.0,17552,0.0,0.0
2024-09-27 12:30:00-04:00,88.0,88.0,87.44999694824219,87.76000213623047,11855,0.0,0.0
2024-09-27 13:30:00-04:00,87.75499725341797,87.75499725341797,87.26000213623047,87.26000213623047,12549,0.0,0.0
2024-09-27 14:30:00-04:00,87.33000183105469,87.52999877929688,87.12999725341797,87.20999908447266,18281,0.0,0.0
2024-09-27 15:30:00-04:00,87.22000122070312,87.56430053710938,86.94999694824219,86.95999908447266,59316,0.0,0.0
2024-09-30 09:30:00-04:00,86.83999633789062,88.55000305175781,86.69999694824219,87.98500061035156,17883,0.0,0.0
2024-09-30 10:30:00-04:00,87.88999938964844,88.48999786376953,87.88999938964844,88.0199966430664,13057,0.0,0.0
2024-09-30 11:30:00-04:00,87.8499984741211,88.58499908447266,87.75499725341797,88.58499908447266,12950,0.0,0.0
2024-09-30 12:30:00-04:00,88.5,88.5,88.09500122070312,88.3550033569336,8962,0.0,0.0
2024-09-30 13:30:00-04:00,88.29000091552734,88.44000244140625,87.90499877929688,87.98999786376953,27494,0.0,0.0
2024-09-30 14:30:00-04:00,87.98500061035156,88.16000366210938,87.91000366210938,88.13999938964844,15285,0.0,0.0
2024-09-30 15:30:00-04:00,88.08000183105469,88.33999633789062,87.94000244140625,87.94000244140625,43899,0.0,0.0
2024-10-01 09:30:00-04:00,87.4000015258789,87.81999969482422,85.63999938964844,86.16000366210938,46602,0.0,0.0
2024-10-01 10:30:00-04:00,86.16500091552734,86.47889709472656,85.69999694824219,86.19499969482422,29131,0.0,0.0
2024-10-01 11:30:00-04:00,86.25,86.47000122070312,86.11000061035156,86.31999969482422,17693,0.0,0.0
2024-10-01 12:30:00-04:00,86.31999969482422,86.52999877929688,86.0199966430664,86.03500366210938,17998,0.0,0.0
2024-10-01 13:30:00-04:00,86.0199966430664,86.38500213623047,85.95999908447266,86.29000091552734,15837,0.0,0.0
2024-10-01 14:30:00-04:00,86.29000091552734,86.56990051269531,85.7300033569336,85.8949966430664,36578,0.0,0.0
2024-10-01 15:30:00-04:00,85.8949966430664,86.22000122070312,85.74099731445312,86.1500015258789,82709,0.0,0.0
2024-10-02 09:30:00-04:00,85.7699966430664,86.38999938964844,85.12999725341797,85.7699966430664,32134,0.0,0.0
2024-10-02 10:30:00-04:00,85.77999877929688,86.01499938964844,85.62000274658203,85.73500061035156,11405,0.0,0.0
2024-10-02 11:30:00-04:00,85.73500061035156,85.83000183105469,85.30999755859375,85.45999908447266,8335,0.0,0.0
2024-10-02 12:30:00-04:00,85.3499984741211,86.0999984741211,85.20999908447266,86.0999984741211,19605,0.0,0.0
2024-10-02 13:30:00-04:00,85.93000030517578,86.33000183105469,85.9000015258789,85.9000015258789,11912,0.0,0.0
2024-10-02 14:30:00-04:00,85.9800033569336,86.19999694824219,85.47000122070312,85.55999755859375,26221,0.0,0.0
2024-10-02 15:30:00-04:00,85.55999755859375,85.55999755859375,85.12999725341797,85.16999816894531,48658,0.0,0.0
2024-10-03 09:30:00-04:00,85.12999725341797,85.9000015258789,84.44000244140625,84.7300033569336,23550,0.0,0.0
2024-10-03 10:30:00-04:00,84.56999969482422,84.97000122070312,84.44999694824219,84.875,5429,0.0,0.0
2024-10-03 11:30:00-04:00,85.05000305175781,85.38999938964844,85.05000305175781,85.30000305175781,6830,0.0,0.0
2024-10-03 12:30:00-04:00,85.16000366210938,85.22000122070312,84.25,84.25,10205,0.0,0.0
2024-10-03 13:30:00-04:00,84.41000366210938,84.49500274658203,84.25,84.33999633789062,8557,0.0,0.0
2024-10-03 14:30:00-04:00,84.31999969482422,84.88500213623047,84.31999969482422,84.77999877929688,25401,0.0,0.0
2024-10-03 15:30:00-04:00,84.76000213623047,85.1500015258789,84.70999908447266,85.08999633789062,35726,0.0,0.0
2024-10-04 09:30:00-04:00,85.9000015258789,87.11409759521484,85.9000015258789,86.23500061035156,32751,0.0,0.0
2024-10-04 10:30:00-04:00,86.25,86.51699829101562,85.66999816894531,86.43000030517578,7793,0.0,0.0
2024-10-04 11:30:00-04:00,86.27999877929688,86.83499908447266,86.1500015258789,86.69999694824219,25325,0.0,0.0
2024-10-04 12:30:00-04:00,86.5999984741211,87.0999984741211,86.5999984741211,86.67500305175781,19489,0.0,0.0
2024-10-04 13:30:00-04:00,86.58000183105469,86.7979965209961,86.125,86.18000030517578,11292,0.0,0.0
2024-10-04 14:30:00-04:00,86.18000030517578,86.65399932861328,86.13999938964844,86.65399932861328,18452,0.0,0.0
2024-10-04 15:30:00-04:00,86.52999877929688,86.6500015258789,86.08999633789062,86.29000091552734,39520,0.0,0.0
2024-10-07 09:30:00-04:00,85.66999816894531,86.18499755859375,85.26000213623047,85.72000122070312,22294,0.0,0.0
2024-10-07 10:30:00-04:00,85.5,85.69999694824219,85.44349670410156,85.59500122070312,6367,0.0,0.0
2024-10-07 11:30:00-04:00,85.55999755859375,85.55999755859375,85.28500366210938,85.5,6366,0.0,0.0
2024-10-07 12:30:00-04:00,85.37999725341797,85.5199966430664,85.05999755859375,85.26000213623047,15130,0.0,0.0
2024-10-07 13:30:00-04:00,85.05500030517578,85.2300033569336,84.86000061035156,85.13999938964844,13505,0.0,0.0
2024-10-07 14:30:00-04:00,85.05999755859375,85.17289733886719,84.7300033569336,84.7300033569336,14407,0.0,0.0
2024-10-07 15:30:00-04:00,84.70999908447266,85.16000366210938,84.70999908447266,85.05999755859375,31014,0.0,0.0
2024-10-08 09:30:00-04:00,85.63999938964844,85.63999938964844,84.44599914550781,84.83999633789062,15165,0.0,0.0
2024-10-08 10:30:00-04:00,84.69000244140625,85.34500122070312,84.65499877929688,85.00499725341797,11388,0.0,0.0
2024-10-08 11:30:00-04:00,84.91069793701172,85.39179992675781,84.91069793701172,85.13500213623047,8862,0.0,0.0
2024-10-08 12:30:00-04:00,85.2249984741211,85.27999877929688,84.8550033569336,84.8550033569336,8427,0.0,0.0
2024-10-08 13:30:00-04:00,84.73999786376953,84.86000061035156,84.5250015258789,84.55069732666016,6468,0.0,0.0
2024-10-08 14:30:00-04:00,84.62000274658203,84.91000366210938,84.61499786376953,84.84500122070312,10308,0.0,0.0
2024-10-08 15:30:00-04:00,84.88999938964844,85.29000091552734,84.80500030517578,85.27999877929688,42252,0.0,0.0
2024-10-09 09:30:00-04:00,84.91999816894531,86.44000244140625,84.52999877929688,85.77999877929688,18125,0.0,0.0
2024-10-09 10:30:00-04:00,86.07499694824219,86.70500183105469,86.07499694824219,86.70500183105469,7666,0.0,0.0
2024-10-09 11:30:00-04:00,86.7699966430664,87.0,86.7699966430664,86.91000366210938,7454,0.0,0.0
2024-10-09 12:30:00-04:00,86.74250030517578,86.74250030517578,86.52999877929688,86.58999633789062,5720,0.0,0.0
2024-10-09 13:30:00-04:00,86.58999633789062,86.79000091552734,86.16999816894531,86.38999938964844,7736,0.0,0.0
2024-10-09 14:30:00-04:00,86.30000305175781,86.62000274658203,86.27999877929688,86.62000274658203,11201,0.0,0.0
2024-10-09 15:30:00-04:00,86.68000030517578,86.87999725341797,86.48500061035156,86.87000274658203,29622,0.0,0.0
2024-10-10 09:30:00-04:00,85.88999938964844,86.72000122070312,85.54499816894531,86.72000122070312,11737,0.0,0.0
2024-10-10 10:30:00-04:00,86.55999755859375,86.55999755859375,86.19999694824219,86.22000122070312,5973,0.0,0.0
2024-10-10 11:30:00-04:00,86.23500061035156,86.30000305175781,86.08999633789062,86.20500183105469,12011,0.0,0.0
2024-10-10 12:30:00-04:00,86.19999694824219,86.48500061035156,85.90499877929688,86.31999969482422,22022,0.0,0.0
2024-10-10 13:30:00-04:00,86.58000183105469,86.58000183105469,86.05000305175781,86.08999633789062,8732,0.0,0.0
2024-10-10 14:30:00-04:00,86.04669952392578,86.11000061035156,85.94999694824219,85.95059967041016,15449,0.0,0.0
2024-10-10 15:30:00-04:00,85.95800018310547,86.16999816894531,85.75,86.04000091552734,48109,0.0,0.0
2024-10-11 09:30:00-04:00,86.4000015258789,87.29000091552734,86.4000015258789,87.01000213623047,26656,0.0,0.0
2024-10-11 10:30:00-04:00,86.9000015258789,87.41000366210938,86.87339782714844,87.41000366210938,5627,0.0,0.0
2024-10-11 11:30:00-04:00,87.27999877929688,87.5999984741211,87.08309936523438,87.1449966430664,12536,0.0,0.0
2024-10-11 12:30:00-04:00,87.12000274658203,87.29499816894531,87.0,87.02999877929688,11976,0.0,0.0
2024-10-11 13:30:00-04:00,87.12000274658203,87.30999755859375,87.0999984741211,87.0999984741211,9956,0.0,0.0
2024-10-11 14:30:00-04:00,87.20999908447266,87.375,87.08000183105469,87.33999633789062,13698,0.0,0.0
2024-10-11 15:30:00-04:00,87.28500366210938,87.55999755859375,87.1050033569336,87.5,45743,0.0,0.0
2024-10-14 09:30:00-04:00,87.5999984741211,89.0199966430664,87.2750015258789,88.7300033569336,36796,0.0,0.0
2024-10-14 10:30:00-04:00,88.80000305175781,88.80000305175781,87.9800033569336,88.00499725341797,8288,0.0,0.0
2024-10-14 11:30:00-04:00,87.9749984741211,88.2948989868164,87.9749984741211,88.20999908447266,8664,0.0,0.0
2024-10-14 12:30:00-04:00,88.20999908447266,88.27429962158203,88.06999969482422,88.11499786376953,8366,0.0,0.0
2024-10-14 13:30:00-04:00,88.08999633789062,88.41500091552734,88.07009887695312,88.20999908447266,10177,0.0,0.0
2024-10-14 14:30:00-04:00,88.20999908447266,88.36000061035156,88.08999633789062,88.36000061035156,11600,0.0,0.0
2024-10-14 15:30:00-04:00,88.27999877929688,88.55500030517578,88.27999877929688,88.52999877929688,28358,0.0,0.0
2024-10-15 09:30:00-04:00,88.80999755859375,90.41999816894531,87.75499725341797,89.94499969482422,25732,0.0,0.0
2024-10-15 10:30:00-04:00,90.0999984741211,90.33000183105469,89.69999694824219,89.95999908447266,14851,0.0,0.0
2024-10-15 11:30:00-04:00,90.13500213623047,90.30000305175781,90.06999969482422,90.20999908447266,8802,0.0,0.0
2024-10-15 12:30:00-04:00,90.19999694824219,90.19999694824219,89.7300033569336,89.7300033569336,7166,0.0,0.0
2024-10-15 13:30:00-04:00,89.70999908447266,89.76499938964844,89.05000305175781,89.16000366210938,13529,0.0,0.0
2024-10-15 14:30:00-04:00,89.22000122070312,89.47899627685547,89.1500015258789,89.33000183105469,29778,0.0,0.0
2024-10-15 15:30:00-04:00,89.2699966430664,89.2699966430664,88.5999984741211,88.62999725341797,48780,0.0,0.0
2024-10-16 09:30:00-04:00,89.08000183105469,90.36000061035156,88.875,90.2249984741211,23685,0.0,0.0
2024-10-16 10:30:00-04:00,90.2249984741211,90.30000305175781,90.08999633789062,90.16999816894531,8142,0.0,0.0
2024-10-16 11:30:00-04:00,90.23999786376953,90.41999816894531,89.7300033569336,89.83000183105469,17675,0.0,0.0
2024-10-16 12:30:00-04:00,89.83000183105469,90.05999755859375,88.80999755859375,88.91999816894531,20590,0.0,0.0
2024-10-16 13:30:00-04:00,88.8499984741211,89.64990234375,88.70500183105469,89.4749984741211,16345,0.0,0.0
2024-10-16 14:30:00-04:00,89.43000030517578,89.43000030517578,88.93000030517578,89.18000030517578,26473,0.0,0.0
2024-10-16 15:30:00-04:00,89.12999725341797,89.12999725341797,88.61000061035156,88.86000061035156,88319,0.0,0.0
2024-10-17 09:30:00-04:00,88.70999908447266,89.79000091552734,87.19000244140625,87.29000091552734,31021,0.0,0.0
2024-10-17 10:30:00-04:00,87.44999694824219,87.63999938964844,86.68000030517578,86.97000122070312,21226,0.0,0.0
2024-10-17 11:30:00-04:00,86.92500305175781,87.77999877929688,86.73500061035156,87.73500061035156,52560,0.0,0.0
2024-10-17 12:30:00-04:00,87.73500061035156,87.9823989868164,87.72000122070312,87.80999755859375,21400,0.0,0.0
2024-10-17 13:30:00-04:00,87.80999755859375,87.97000122070312,87.62999725341797,87.84500122070312,22849,0.0,0.0
2024-10-17 14:30:00-04:00,87.84500122070312,88.21499633789062,87.84500122070312,88.21499633789062,23896,0.0,0.0
2024-10-17 15:30:00-04:00,88.2300033569336,88.9800033569336,88.2249984741211,88.91000366210938,84603,0.0,0.0
2024-10-18 09:30:00-04:00,89.0999984741211,89.5,87.98999786376953,88.06500244140625,30114,0.0,0.0
2024-10-18 10:30:00-04:00,88.00499725341797,88.2699966430664,87.88500213623047,87.9000015258789,13807,0.0,0.0
2024-10-18 11:30:00-04:00,87.875,88.11000061035156,87.48999786376953,88.11000061035156,17285,0.0,0.0
2024-10-18 12:30:00-04:00,88.0,88.11000061035156,87.69000244140625,87.77999877929688,23113,0.0,0.0
2024-10-18 13:30:00-04:00,87.79000091552734,88.02999877929688,87.68000030517578,87.94000244140625,20507,0.0,0.0
2024-10-18 14:30:00-04:00,87.92500305175781,87.92500305175781,86.8949966430664,87.05999755859375,49598,0.0,0.0
2024-10-18 15:30:00-04:00,87.05500030517578,87.81999969482422,86.77999877929688,87.7699966430664,116607,0.0,0.0
2024-10-21 09:30:00-04:00,87.9800033569336,88.72000122070312,87.58999633789062,88.24500274658203,30180,0.0,0.0
2024-10-21 10:30:00-04:00,88.08999633789062,88.23999786376953,87.4749984741211,87.5,12664,0.0,0.0
2024-10-21 11:30:00-04:00,87.5,87.80999755859375,87.4800033569336,87.4800033569336,16962,0.0,0.0
2024-10-21 12:30:00-04:00,87.49500274658203,87.97000122070312,87.4800033569336,87.76000213623047,14639,0.0,0.0
2024-10-21 13:30:00-04:00,87.61000061035156,87.80999755859375,87.44999694824219,87.53690338134766,20185,0.0,0.0
2024-10-21 14:30:00-04:00,87.54499816894531,87.54499816894531,87.19000244140625,87.19000244140625,29330,0.0,0.0
2024-10-21 15:30:00-04:00,87.25,87.29000091552734,86.97000122070312,87.0199966430664,73529,0.0,0.0
2024-10-22 09:30:00-04:00,86.1500015258789,86.1500015258789,83.7699966430664,84.01000213623047,60269,0.0,0.0
2024-10-22 10:30:00-04:00,83.98999786376953,85.43000030517578,83.98999786376953,85.41999816894531,45723,0.0,0.0
2024-10-22 11:30:00-04:00,85.4636001586914,86.0999984741211,85.3573989868164,86.08999633789062,25274,0.0,0.0
2024-10-22 12:30:00-04:00,86.11000061035156,86.70999908447266,86.05400085449219,86.26000213623047,25988,0.0,0.0
2024-10-22 13:30:00-04:00,86.29000091552734,86.58999633789062,86.19000244140625,86.4000015258789,17845,0.0,0.0
2024-10-22 14:30:00-04:00,86.4800033569336,86.87999725341797,86.4800033569336,86.79000091552734,36341,0.0,0.0
2024-10-22 15:30:00-04:00,86.80000305175781,87.0999984741211,86.66999816894531,87.02999877929688,72583,0.0,0.0
2024-10-23 09:30:00-04:00,86.86000061035156,88.76000213623047,86.41000366210938,88.0999984741211,39191,0.0,0.0
2024-10-23 10:30:00-04:00,88.05000305175781,88.05000305175781,87.15499877929688,87.3949966430664,16232,0.0,0.0
2024-10-23 11:30:00-04:00,87.41000366210938,87.98999786376953,87.41000366210938,87.58350372314453,13941,0.0,0.0
2024-10-23 12:30:00-04:00,87.66999816894531,87.66999816894531,87.18160247802734,87.42500305175781,22419,0.0,0.0
2024-10-23 13:30:00-04:00,87.5,87.5,86.66999816894531,86.74500274658203,10641,0.0,0.0
2024-10-23 14:30:00-04:00,86.80999755859375,87.18499755859375,86.76499938964844,87.18499755859375,24810,0.0,0.0
2024-10-23 15:30:00-04:00,87.18499755859375,87.41999816894531,87.05999755859375,87.2300033569336,39905,0.0,0.0
2024-10-24 09:30:00-04:00,87.36000061035156,87.48999786376953,86.70999908447266,86.84500122070312,15098,0.0,0.0
2024-10-24 10:30:00-04:00,86.93499755859375,87.09500122070312,86.58000183105469,86.83999633789062,10327,0.0,0.0
2024-10-24 11:30:00-04:00,86.8499984741211,86.8499984741211,85.58000183105469,85.88970184326172,20086,0.0,0.0
2024-10-24 12:30:00-04:00,85.94499969482422,86.05999755859375,85.7699966430664,85.87999725341797,13728,0.0,0.0
2024-10-24 13:30:00-04:00,85.91999816894531,86.01000213623047,85.30999755859375,85.44000244140625,10781,0.0,0.0
2024-10-24 14:30:00-04:00,85.29000091552734,85.41999816894531,85.09010314941406,85.31999969482422,18296,0.0,0.0
2024-10-24 15:30:00-04:00,85.26000213623047,85.29000091552734,84.8499984741211,84.88999938964844,49012,0.0,0.0
2024-10-25 09:30:00-04:00,84.8499984741211,84.8499984741211,80.84500122070312,81.23999786376953,79376,0.0,0.0
2024-10-25 10:30:00-04:00,81.18479919433594,81.29000091552734,80.59500122070312,81.19999694824219,31869,0.0,0.0
2024-10-25 11:30:00-04:00,81.19999694824219,81.22000122070312,80.87999725341797,80.9000015258789,25197,0.0,0.0
2024-10-25 12:30:00-04:00,80.91000366210938,81.0,80.19499969482422,80.31999969482422,41051,0.0,0.0
2024-10-25 13:30:00-04:00,80.19000244140625,80.44000244140625,80.12000274658203,80.16500091552734,25009,0.0,0.0
2024-10-25 14:30:00-04:00,80.19000244140625,80.19000244140625,77.87000274658203,78.31999969482422,118514,0.0,0.0
2024-10-25 15:30:00-04:00,78.32499694824219,78.45999908447266,77.5,77.58999633789062,368236,0.0,0.0
