Datetime,Open,High,Low,Close,Volume,Dividends,Stock Splits
2022-10-27 09:30:00-04:00,0.6200000047683716,0.6328999996185303,0.6200000047683716,0.620199978351593,13724,0.0,0.0
2022-10-27 10:30:00-04:00,0.6200000047683716,0.6298990249633789,0.6100000143051147,0.6247000098228455,0,0.0,0.0
2022-10-27 12:30:00-04:00,0.6026999950408936,0.6294999718666077,0.6026999950408936,0.6294999718666077,20146,0.0,0.0
2022-10-27 13:30:00-04:00,0.6160500049591064,0.6290000081062317,0.6100999712944031,0.6290000081062317,3463,0.0,0.0
2022-10-27 14:30:00-04:00,0.6101009845733643,0.6200000047683716,0.6100980043411255,0.6100980043411255,9282,0.0,0.0
2022-10-27 15:30:00-04:00,0.6100999712944031,0.6137999892234802,0.6026999950408936,0.6137999892234802,1931,0.0,0.0
2022-10-28 09:30:00-04:00,0.6299999952316284,0.6299999952316284,0.6075999736785889,0.6075999736785889,0,0.0,0.0
2022-10-28 10:30:00-04:00,0.613099992275238,0.6299999952316284,0.5501000285148621,0.6284999847412109,60900,0.0,0.0
2022-10-28 11:30:00-04:00,0.589900016784668,0.589900016784668,0.5569999814033508,0.5848000049591064,5755,0.0,0.0
2022-10-28 12:30:00-04:00,0.6014999747276306,0.6200000047683716,0.5601000189781189,0.5806999802589417,3128,0.0,0.0
2022-10-28 13:30:00-04:00,0.5799999833106995,0.5899999737739563,0.5600000023841858,0.5896000266075134,27401,0.0,0.0
2022-10-28 14:30:00-04:00,0.5699999928474426,0.5896999835968018,0.5600000023841858,0.5601000189781189,5203,0.0,0.0
2022-10-28 15:30:00-04:00,0.5601000189781189,0.5898990035057068,0.5501000285148621,0.5898990035057068,12572,0.0,0.0
2022-10-31 09:30:00-04:00,0.5985999703407288,0.599399983882904,0.5985000133514404,0.599399983882904,3082,0.0,0.0
2022-10-31 10:30:00-04:00,0.6025000214576721,0.6025000214576721,0.5985999703407288,0.5985999703407288,605,0.0,0.0
2022-10-31 12:30:00-04:00,0.5799999833106995,0.5799999833106995,0.579800009727478,0.579800009727478,950,0.0,0.0
2022-10-31 13:30:00-04:00,0.5655999779701233,0.5799000263214111,0.5655999779701233,0.5749490261077881,1350,0.0,0.0
2022-10-31 14:30:00-04:00,0.5799000263214111,0.6000000238418579,0.5748999714851379,0.5899999737739563,5761,0.0,0.0
2022-11-01 09:30:00-04:00,0.6100000143051147,0.6100000143051147,0.6100000143051147,0.6100000143051147,156,0.0,0.0
2022-11-01 10:30:00-04:00,0.5699999928474426,0.5997999906539917,0.5699999928474426,0.5699999928474426,1617,0.0,0.0
2022-11-01 11:30:00-04:00,0.5899999737739563,0.5997999906539917,0.5799999833106995,0.5997999906539917,3500,0.0,0.0
2022-11-01 13:30:00-04:00,0.5796999931335449,0.5796999931335449,0.5600000023841858,0.5795000195503235,877,0.0,0.0
2022-11-01 14:30:00-04:00,0.5601000189781189,0.5796999931335449,0.5501000285148621,0.5796999931335449,8814,0.0,0.0
2022-11-01 15:30:00-04:00,0.5550000071525574,0.5648999810218811,0.5501000285148621,0.5648999810218811,5100,0.0,0.0
2022-11-02 09:30:00-04:00,0.6000000238418579,0.6000000238418579,0.6000000238418579,0.6000000238418579,144,0.0,0.0
2022-11-02 10:30:00-04:00,0.5501000285148621,0.5501000285148621,0.5199999809265137,0.5199999809265137,28453,0.0,0.0
2022-11-02 11:30:00-04:00,0.5501000285148621,0.5898990035057068,0.550000011920929,0.5699999928474426,5296,0.0,0.0
2022-11-02 12:30:00-04:00,0.550000011920929,0.5699999928474426,0.550000011920929,0.5600000023841858,3593,0.0,0.0
2022-11-02 13:30:00-04:00,0.5799999833106995,0.5799999833106995,0.5799999833106995,0.5799999833106995,120,0.0,0.0
2022-11-02 15:30:00-04:00,0.5699999928474426,0.5699999928474426,0.5699999928474426,0.5699999928474426,208,0.0,0.0
2022-11-03 09:30:00-04:00,0.6000999808311462,0.6200000047683716,0.5519999861717224,0.5759999752044678,5169,0.0,0.0
2022-11-03 14:30:00-04:00,0.5899999737739563,0.5899999737739563,0.5899999737739563,0.5899999737739563,140,0.0,0.0
2022-11-03 15:30:00-04:00,0.5799999833106995,0.5852000117301941,0.5702999830245972,0.5826259851455688,0,0.0,0.0
2022-11-04 09:30:00-04:00,0.5526000261306763,0.6299999952316284,0.5526000261306763,0.5722000002861023,4530,0.0,0.0
2022-11-04 10:30:00-04:00,0.5722000002861023,0.5722000002861023,0.5722000002861023,0.5722000002861023,100,0.0,0.0
2022-11-04 11:30:00-04:00,0.5752000212669373,0.6000000238418579,0.5701010227203369,0.6000000238418579,2350,0.0,0.0
2022-11-04 12:30:00-04:00,0.5989999771118164,0.6482999920845032,0.582099974155426,0.6287999749183655,61103,0.0,0.0
2022-11-04 13:30:00-04:00,0.6288989782333374,0.6288989782333374,0.6288989782333374,0.6288989782333374,1006,0.0,0.0
2022-11-04 14:30:00-04:00,0.6189000010490417,0.6288999915122986,0.6189000010490417,0.6288999915122986,2000,0.0,0.0
2022-11-04 15:30:00-04:00,0.6150000095367432,0.6150000095367432,0.6150000095367432,0.6150000095367432,219,0.0,0.0
2022-11-07 09:30:00-05:00,0.5840010046958923,0.6153990030288696,0.5526000261306763,0.6153990030288696,4371,0.0,0.0
2022-11-07 11:30:00-05:00,0.5900999903678894,0.5927000045776367,0.5900999903678894,0.5927000045776367,1076,0.0,0.0
2022-11-07 12:30:00-05:00,0.6000999808311462,0.6047999858856201,0.6000000238418579,0.6000000238418579,400,0.0,0.0
2022-11-07 13:30:00-05:00,0.5899999737739563,0.5998989939689636,0.5701000094413757,0.5998989939689636,460,0.0,0.0
2022-11-07 15:30:00-05:00,0.5899999737739563,0.5910000205039978,0.5899999737739563,0.5910000205039978,2278,0.0,0.0
2022-11-08 09:30:00-05:00,0.6097999811172485,0.6098999977111816,0.6097999811172485,0.6098999977111816,0,0.0,0.0
2022-11-08 10:30:00-05:00,0.5775769948959351,0.5999000072479248,0.5775769948959351,0.5879999995231628,2014,0.0,0.0
2022-11-08 12:30:00-05:00,0.576200008392334,0.6401010155677795,0.576200008392334,0.6399999856948853,47835,0.0,0.0
2022-11-08 13:30:00-05:00,0.5849999785423279,0.6499999761581421,0.5400000214576721,0.6380000114440918,101809,0.0,0.0
2022-11-08 14:30:00-05:00,0.5699999928474426,0.6326000094413757,0.5600000023841858,0.5600000023841858,751,0.0,0.0
2022-11-08 15:30:00-05:00,0.5799999833106995,0.5879999995231628,0.5699999928474426,0.5800999999046326,4899,0.0,0.0
2022-11-09 09:30:00-05:00,0.6000000238418579,0.6177499890327454,0.6000000238418579,0.6000999808311462,0,0.0,0.0
2022-11-09 10:30:00-05:00,0.6062999963760376,0.6062999963760376,0.6000000238418579,0.6060000061988831,4744,0.0,0.0
2022-11-09 11:30:00-05:00,0.6000999808311462,0.6000999808311462,0.5515999794006348,0.551701009273529,31516,0.0,0.0
2022-11-09 12:30:00-05:00,0.5516999959945679,0.5979999899864197,0.5515999794006348,0.5979999899864197,982,0.0,0.0
2022-11-09 15:30:00-05:00,0.5593000054359436,0.5965999960899353,0.5593000054359436,0.5965999960899353,0,0.0,0.0
2022-11-10 09:30:00-05:00,0.5770000219345093,0.5770000219345093,0.5600000023841858,0.5600000023841858,2116,0.0,0.0
2022-11-10 10:30:00-05:00,0.5400999784469604,0.588798999786377,0.5400999784469604,0.5799999833106995,910,0.0,0.0
2022-11-10 11:30:00-05:00,0.5511999726295471,0.5720000267028809,0.5511999726295471,0.5720000267028809,385,0.0,0.0
2022-11-10 12:30:00-05:00,0.541100025177002,0.5737990140914917,0.541100025177002,0.541700005531311,747,0.0,0.0
2022-11-10 13:30:00-05:00,0.550000011920929,0.5738999843597412,0.550000011920929,0.5738999843597412,302,0.0,0.0
2022-11-10 14:30:00-05:00,0.550000011920929,0.5738999843597412,0.550000011920929,0.5738999843597412,1600,0.0,0.0
2022-11-10 15:30:00-05:00,0.5533999800682068,0.5539000034332275,0.550000011920929,0.550000011920929,0,0.0,0.0
2022-11-11 09:30:00-05:00,0.5738999843597412,0.5738999843597412,0.5619000196456909,0.5738999843597412,2053,0.0,0.0
2022-11-11 10:30:00-05:00,0.5738999843597412,0.5738999843597412,0.550000011920929,0.5514000058174133,3638,0.0,0.0
2022-11-11 11:30:00-05:00,0.5537999868392944,0.5537999868392944,0.550000011920929,0.550000011920929,2899,0.0,0.0
2022-11-11 12:30:00-05:00,0.5501000285148621,0.5601999759674072,0.5400829911231995,0.5601999759674072,4969,0.0,0.0
2022-11-11 13:30:00-05:00,0.5601999759674072,0.5698999762535095,0.5514000058174133,0.5552999973297119,3627,0.0,0.0
2022-11-11 14:30:00-05:00,0.5662999749183655,0.5680000185966492,0.5633000135421753,0.5659999847412109,3434,0.0,0.0
2022-11-11 15:30:00-05:00,0.5626000165939331,0.5738999843597412,0.550000011920929,0.5698999762535095,2374,0.0,0.0
2022-11-14 10:30:00-05:00,0.5501000285148621,0.5539000034332275,0.5501000285148621,0.5539000034332275,1217,0.0,0.0
2022-11-14 11:30:00-05:00,0.5503000020980835,0.5503000020980835,0.5503000020980835,0.5503000020980835,135,0.0,0.0
2022-11-14 13:30:00-05:00,0.550599992275238,0.5730000138282776,0.550599992275238,0.5730000138282776,267,0.0,0.0
2022-11-14 14:30:00-05:00,0.5559999942779541,0.5717999935150146,0.5508999824523926,0.5529999732971191,2561,0.0,0.0
2022-11-15 09:30:00-05:00,0.5699999928474426,0.5699999928474426,0.5699999928474426,0.5699999928474426,1150,0.0,0.0
2022-11-15 11:30:00-05:00,0.5759000182151794,0.5759000182151794,0.5600000023841858,0.5619000196456909,9508,0.0,0.0
2022-11-15 12:30:00-05:00,0.550599992275238,0.550599992275238,0.5400000214576721,0.5405009984970093,7734,0.0,0.0
2022-11-15 13:30:00-05:00,0.5406000018119812,0.5407000184059143,0.5400000214576721,0.5400000214576721,6703,0.0,0.0
2022-11-15 14:30:00-05:00,0.5400000214576721,0.5400999784469604,0.5400000214576721,0.5400999784469604,1724,0.0,0.0
2022-11-15 15:30:00-05:00,0.5400999784469604,0.5579990148544312,0.5400999784469604,0.5579990148544312,2021,0.0,0.0
2022-11-16 09:30:00-05:00,0.5605000257492065,0.5605000257492065,0.5400000214576721,0.5400000214576721,0,0.0,0.0
2022-11-16 11:30:00-05:00,0.5497000217437744,0.5497000217437744,0.5401999950408936,0.5401999950408936,901,0.0,0.0
2022-11-16 12:30:00-05:00,0.5401999950408936,0.5403000116348267,0.5400000214576721,0.5400000214576721,2760,0.0,0.0
2022-11-16 13:30:00-05:00,0.5400000214576721,0.5400999784469604,0.5400000214576721,0.5400000214576721,4347,0.0,0.0
2022-11-16 14:30:00-05:00,0.5400999784469604,0.5400999784469604,0.5400980114936829,0.5400999784469604,1940,0.0,0.0
2022-11-16 15:30:00-05:00,0.5400000214576721,0.5400000214576721,0.5400000214576721,0.5400000214576721,596,0.0,0.0
2022-11-17 09:30:00-05:00,0.550000011920929,0.5799999833106995,0.5400000214576721,0.5600000023841858,13072,0.0,0.0
2022-11-17 10:30:00-05:00,0.5400000214576721,0.5600000023841858,0.5400000214576721,0.5600000023841858,3701,0.0,0.0
2022-11-17 11:30:00-05:00,0.5591999888420105,0.5591999888420105,0.5591999888420105,0.5591999888420105,499,0.0,0.0
2022-11-17 12:30:00-05:00,0.5496000051498413,0.5591989755630493,0.5496000051498413,0.5591989755630493,1716,0.0,0.0
2022-11-17 14:30:00-05:00,0.559099018573761,0.5591999888420105,0.5400000214576721,0.5400000214576721,5647,0.0,0.0
2022-11-17 15:30:00-05:00,0.5400000214576721,0.5400999784469604,0.5400000214576721,0.5400999784469604,0,0.0,0.0
2022-11-18 09:30:00-05:00,0.5799999833106995,0.5999000072479248,0.5799999833106995,0.5899999737739563,13320,0.0,0.0
2022-11-18 10:30:00-05:00,0.5899999737739563,0.5902460217475891,0.5899999737739563,0.5902460217475891,1081,0.0,0.0
2022-11-18 11:30:00-05:00,0.5899999737739563,0.5916990041732788,0.5899999737739563,0.5916990041732788,2601,0.0,0.0
2022-11-18 12:30:00-05:00,0.5799999833106995,0.5812010169029236,0.5799999833106995,0.5812010169029236,1318,0.0,0.0
2022-11-18 13:30:00-05:00,0.5800999999046326,0.5916000008583069,0.5800999999046326,0.5916000008583069,6120,0.0,0.0
2022-11-18 14:30:00-05:00,0.5899999737739563,0.5900999903678894,0.5899999737739563,0.5899999737739563,11705,0.0,0.0
2022-11-18 15:30:00-05:00,0.5800999999046326,0.59170001745224,0.5800999999046326,0.59170001745224,5109,0.0,0.0
2022-11-21 09:30:00-05:00,0.59170001745224,0.59170001745224,0.5601009726524353,0.5801969766616821,3899,0.0,0.0
2022-11-21 11:30:00-05:00,0.5600000023841858,0.5601000189781189,0.5600000023841858,0.5601000189781189,600,0.0,0.0
2022-11-21 12:30:00-05:00,0.5595999956130981,0.5595999956130981,0.5550000071525574,0.5554999709129333,1731,0.0,0.0
2022-11-21 13:30:00-05:00,0.5554999709129333,0.5593000054359436,0.5554999709129333,0.5554999709129333,4634,0.0,0.0
2022-11-21 14:30:00-05:00,0.5598000288009644,0.5598000288009644,0.5583000183105469,0.5583000183105469,445,0.0,0.0
2022-11-22 09:30:00-05:00,0.5554999709129333,0.5557000041007996,0.5554999709129333,0.5556010007858276,14828,0.0,0.0
2022-11-22 10:30:00-05:00,0.5584999918937683,0.5584999918937683,0.5584999918937683,0.5584999918937683,113,0.0,0.0
2022-11-22 11:30:00-05:00,0.5558000206947327,0.5558000206947327,0.5555999875068665,0.5556060075759888,1859,0.0,0.0
2022-11-22 12:30:00-05:00,0.5555999875068665,0.5555999875068665,0.5554999709129333,0.5554999709129333,2341,0.0,0.0
2022-11-22 13:30:00-05:00,0.5554999709129333,0.5555059909820557,0.5554999709129333,0.5554999709129333,2594,0.0,0.0
2022-11-22 14:30:00-05:00,0.5554999709129333,0.5554999709129333,0.5554999709129333,0.5554999709129333,300,0.0,0.0
2022-11-22 15:30:00-05:00,0.5555999875068665,0.5600000023841858,0.5554999709129333,0.5554999709129333,11929,0.0,0.0
2022-11-23 09:30:00-05:00,0.577750027179718,0.577750027179718,0.5350000262260437,0.5699999928474426,2150,0.0,0.0
2022-11-23 10:30:00-05:00,0.5376999974250793,0.5699999928474426,0.5199999809265137,0.5699999928474426,6362,0.0,0.0
2022-11-23 11:30:00-05:00,0.550000011920929,0.5537999868392944,0.5220000147819519,0.539900004863739,11433,0.0,0.0
2022-11-23 13:30:00-05:00,0.5220999717712402,0.5220999717712402,0.5220999717712402,0.5220999717712402,1327,0.0,0.0
2022-11-23 14:30:00-05:00,0.5396990180015564,0.5396990180015564,0.5396990180015564,0.5396990180015564,295,0.0,0.0
2022-11-25 09:30:00-05:00,0.5199999809265137,0.5600000023841858,0.5199999809265137,0.5600000023841858,49296,0.0,0.0
2022-11-25 11:30:00-05:00,0.5649999976158142,0.5649999976158142,0.5300999879837036,0.531000018119812,2110,0.0,0.0
2022-11-25 12:30:00-05:00,0.550000011920929,0.550000011920929,0.550000011920929,0.550000011920929,100,0.0,0.0
2022-11-28 09:30:00-05:00,0.5799999833106995,0.5799999833106995,0.5799999833106995,0.5799999833106995,130,0.0,0.0
2022-11-28 11:30:00-05:00,0.5699999928474426,0.5699999928474426,0.5299999713897705,0.5299999713897705,943,0.0,0.0
2022-11-28 12:30:00-05:00,0.5300999879837036,0.5498999953269958,0.5300009846687317,0.5498999953269958,1600,0.0,0.0
2022-11-28 13:30:00-05:00,0.5400000214576721,0.5400000214576721,0.5199999809265137,0.5199999809265137,6363,0.0,0.0
2022-11-28 14:30:00-05:00,0.5199999809265137,0.5338000059127808,0.5199999809265137,0.5338000059127808,9917,0.0,0.0
2022-11-28 15:30:00-05:00,0.5332000255584717,0.5332000255584717,0.5332000255584717,0.5332000255584717,0,0.0,0.0
2022-11-29 10:30:00-05:00,0.5475990176200867,0.5475990176200867,0.5475990176200867,0.5475990176200867,645,0.0,0.0
2022-11-29 12:30:00-05:00,0.5475000143051147,0.5475999712944031,0.5338000059127808,0.5475999712944031,411,0.0,0.0
2022-11-29 14:30:00-05:00,0.520101010799408,0.5462999939918518,0.5199999809265137,0.5202000141143799,32029,0.0,0.0
2022-11-29 15:30:00-05:00,0.5203999876976013,0.5203999876976013,0.5200999975204468,0.5200999975204468,996,0.0,0.0
2022-11-30 10:30:00-05:00,0.5210000276565552,0.5210000276565552,0.5210000276565552,0.5210000276565552,0,0.0,0.0
2022-11-30 12:30:00-05:00,0.5393000245094299,0.5393000245094299,0.5393000245094299,0.5393000245094299,572,0.0,0.0
2022-11-30 15:30:00-05:00,0.5231000185012817,0.527999997138977,0.5231000185012817,0.527999997138977,920,0.0,0.0
2022-12-01 09:30:00-05:00,0.531000018119812,0.531000018119812,0.5232999920845032,0.5232999920845032,0,0.0,0.0
2022-12-01 10:30:00-05:00,0.5316510200500488,0.5316510200500488,0.5316510200500488,0.5316510200500488,258,0.0,0.0
2022-12-01 13:30:00-05:00,0.5372999906539917,0.5400000214576721,0.5372999906539917,0.5400000214576721,346,0.0,0.0
2022-12-01 14:30:00-05:00,0.5372999906539917,0.5372999906539917,0.5353999733924866,0.5354999899864197,700,0.0,0.0
2022-12-01 15:30:00-05:00,0.5353999733924866,0.5472999811172485,0.5353999733924866,0.5472999811172485,0,0.0,0.0
2022-12-02 09:30:00-05:00,0.6100000143051147,0.6100000143051147,0.5299999713897705,0.5950000286102295,7611,0.0,0.0
2022-12-02 10:30:00-05:00,0.5429990291595459,0.550000011920929,0.5429990291595459,0.550000011920929,914,0.0,0.0
2022-12-02 11:30:00-05:00,0.5300999879837036,0.5303000211715698,0.527999997138977,0.5299999713897705,5878,0.0,0.0
2022-12-02 12:30:00-05:00,0.5400000214576721,0.5400000214576721,0.5400000214576721,0.5400000214576721,100,0.0,0.0
2022-12-02 13:30:00-05:00,0.527999997138977,0.527999997138977,0.527999997138977,0.527999997138977,305,0.0,0.0
2022-12-02 14:30:00-05:00,0.527999997138977,0.527999997138977,0.527999997138977,0.527999997138977,410,0.0,0.0
2022-12-02 15:30:00-05:00,0.527999997138977,0.5310009717941284,0.5199999809265137,0.5299999713897705,2930,0.0,0.0
2022-12-05 09:30:00-05:00,0.5199999809265137,0.5342000126838684,0.5199999809265137,0.5342000126838684,1793,0.0,0.0
2022-12-05 10:30:00-05:00,0.5484899878501892,0.5484899878501892,0.5299999713897705,0.5299999713897705,1323,0.0,0.0
2022-12-05 11:30:00-05:00,0.5342000126838684,0.5342000126838684,0.5342000126838684,0.5342000126838684,114,0.0,0.0
2022-12-05 15:30:00-05:00,0.5342000126838684,0.5342000126838684,0.5199999809265137,0.5199999809265137,616,0.0,0.0
2022-12-06 09:30:00-05:00,0.5303000211715698,0.5343000292778015,0.5200999975204468,0.5200999975204468,1186,0.0,0.0
2022-12-06 10:30:00-05:00,0.5200999975204468,0.5206000208854675,0.5199999809265137,0.5202000141143799,19393,0.0,0.0
2022-12-06 11:30:00-05:00,0.5200999975204468,0.5200999975204468,0.5199999809265137,0.5199999809265137,888,0.0,0.0
2022-12-06 12:30:00-05:00,0.5199999809265137,0.5224999785423279,0.5199999809265137,0.5199999809265137,4329,0.0,0.0
2022-12-06 13:30:00-05:00,0.5199999809265137,0.5199999809265137,0.5199999809265137,0.5199999809265137,1156,0.0,0.0
2022-12-06 14:30:00-05:00,0.5199999809265137,0.5199999809265137,0.5199999809265137,0.5199999809265137,1017,0.0,0.0
2022-12-06 15:30:00-05:00,0.5199999809265137,0.5199999809265137,0.5199999809265137,0.5199999809265137,1183,0.0,0.0
2022-12-07 09:30:00-05:00,0.5210999846458435,0.5210999846458435,0.5210999846458435,0.5210999846458435,105,0.0,0.0
2022-12-07 10:30:00-05:00,0.5210999846458435,0.5210999846458435,0.5210999846458435,0.5210999846458435,611,0.0,0.0
2022-12-07 11:30:00-05:00,0.5205000042915344,0.5205000042915344,0.5199999809265137,0.5199999809265137,2200,0.0,0.0
2022-12-07 12:30:00-05:00,0.5199999809265137,0.5199999809265137,0.3644999861717224,0.46000000834465027,98158,0.0,0.0
2022-12-07 13:30:00-05:00,0.4950000047683716,0.4950000047683716,0.45509999990463257,0.45509999990463257,13169,0.0,0.0
2022-12-07 14:30:00-05:00,0.45509999990463257,0.45509999990463257,0.45499899983406067,0.45499899983406067,1600,0.0,0.0
2022-12-07 15:30:00-05:00,0.44269999861717224,0.44667500257492065,0.44269999861717224,0.44667500257492065,203,0.0,0.0
2022-12-08 09:30:00-05:00,0.4221999943256378,0.4433000087738037,0.4221999943256378,0.4433000087738037,0,0.0,0.0
2022-12-08 10:30:00-05:00,0.4433000087738037,0.4433000087738037,0.4433000087738037,0.4433000087738037,551,0.0,0.0
2022-12-08 12:30:00-05:00,0.44339999556541443,0.44339999556541443,0.44339999556541443,0.44339999556541443,200,0.0,0.0
2022-12-08 13:30:00-05:00,0.42250001430511475,0.42250001430511475,0.42250001430511475,0.42250001430511475,810,0.0,0.0
2022-12-08 14:30:00-05:00,0.42250001430511475,0.42250001430511475,0.4000000059604645,0.4000999927520752,11913,0.0,0.0
2022-12-08 15:30:00-05:00,0.4000999927520752,0.43689998984336853,0.4000999927520752,0.43689998984336853,0,0.0,0.0
2022-12-09 09:30:00-05:00,0.38999998569488525,0.4300000071525574,0.38999998569488525,0.4300000071525574,18670,0.0,0.0
2022-12-09 10:30:00-05:00,0.42989999055862427,0.44989898800849915,0.42989999055862427,0.44989898800849915,790,0.0,0.0
2022-12-09 11:30:00-05:00,0.4499000012874603,0.4499000012874603,0.43504899740219116,0.43504899740219116,210,0.0,0.0
2022-12-09 12:30:00-05:00,0.4350000023841858,0.4350000023841858,0.4350000023841858,0.4350000023841858,200,0.0,0.0
2022-12-09 13:30:00-05:00,0.4350000023841858,0.4350000023841858,0.42010000348091125,0.42010000348091125,467,0.0,0.0
2022-12-12 09:30:00-05:00,0.42010000348091125,0.42100000381469727,0.42010000348091125,0.42100000381469727,0,0.0,0.0
2022-12-12 12:30:00-05:00,0.42100000381469727,0.42100000381469727,0.3801000118255615,0.39500001072883606,2315,0.0,0.0
2022-12-12 14:30:00-05:00,0.4180000126361847,0.44999998807907104,0.4180000126361847,0.43000099062919617,639,0.0,0.0
2022-12-12 15:30:00-05:00,0.4099999964237213,0.4099999964237213,0.4000000059604645,0.4000000059604645,344,0.0,0.0
2022-12-13 09:30:00-05:00,0.4300000071525574,0.4300000071525574,0.4300000071525574,0.4300000071525574,179,0.0,0.0
2022-12-13 10:30:00-05:00,0.49900001287460327,0.5,0.4399999976158142,0.4401000142097473,18829,0.0,0.0
2022-12-13 11:30:00-05:00,0.4401000142097473,0.4699999988079071,0.4401000142097473,0.4490000009536743,15135,0.0,0.0
2022-12-13 13:30:00-05:00,0.4401000142097473,0.4401000142097473,0.4399999976158142,0.4399999976158142,1738,0.0,0.0
2022-12-13 14:30:00-05:00,0.4401000142097473,0.4401000142097473,0.40004798769950867,0.4000999927520752,0,0.0,0.0
2022-12-14 10:30:00-05:00,0.4300000071525574,0.4300999939441681,0.40049999952316284,0.40049999952316284,3580,0.0,0.0
2022-12-14 11:30:00-05:00,0.4513989984989166,0.4513989984989166,0.4257499873638153,0.44699999690055847,1388,0.0,0.0
2022-12-14 12:30:00-05:00,0.4399000108242035,0.4399000108242035,0.4399000108242035,0.4399000108242035,152,0.0,0.0
2022-12-14 14:30:00-05:00,0.4000000059604645,0.4000000059604645,0.4000000059604645,0.4000000059604645,1240,0.0,0.0
2022-12-14 15:30:00-05:00,0.4390000104904175,0.4399999976158142,0.4249989986419678,0.4390000104904175,1851,0.0,0.0
2022-12-15 10:30:00-05:00,0.4749999940395355,0.4749999940395355,0.4749999940395355,0.4749999940395355,0,0.0,0.0
2022-12-15 14:30:00-05:00,0.4648999869823456,0.4648999869823456,0.4647989869117737,0.4648999869823456,930,0.0,0.0
2022-12-16 09:30:00-05:00,0.49799999594688416,0.49799999594688416,0.49799999594688416,0.49799999594688416,1524,0.0,0.0
2022-12-16 10:30:00-05:00,0.492900013923645,0.492900013923645,0.47999998927116394,0.47999998927116394,668,0.0,0.0
2022-12-16 11:30:00-05:00,0.47989898920059204,0.47999998927116394,0.4500010013580322,0.4790000021457672,6277,0.0,0.0
2022-12-16 12:30:00-05:00,0.47999998927116394,0.47999998927116394,0.4790000021457672,0.4790000021457672,492,0.0,0.0
2022-12-16 13:30:00-05:00,0.46950000524520874,0.4790000021457672,0.43950000405311584,0.43950000405311584,3222,0.0,0.0
2022-12-16 14:30:00-05:00,0.41999998688697815,0.41999998688697815,0.41999998688697815,0.41999998688697815,910,0.0,0.0
2022-12-16 15:30:00-05:00,0.41999998688697815,0.42309999465942383,0.4194999933242798,0.4228000044822693,3446,0.0,0.0
2022-12-19 10:30:00-05:00,0.4099999964237213,0.4099999964237213,0.4099999964237213,0.4099999964237213,5001,0.0,0.0
2022-12-19 11:30:00-05:00,0.4099999964237213,0.4099999964237213,0.4099999964237213,0.4099999964237213,2500,0.0,0.0
2022-12-19 12:30:00-05:00,0.4300000071525574,0.46000000834465027,0.4300000071525574,0.46000000834465027,5177,0.0,0.0
2022-12-19 13:30:00-05:00,0.43050000071525574,0.43779999017715454,0.40939998626708984,0.4187999963760376,2143,0.0,0.0
2022-12-19 14:30:00-05:00,0.4000000059604645,0.41999998688697815,0.3799999952316284,0.41999998688697815,10551,0.0,0.0
2022-12-20 09:30:00-05:00,0.3799999952316284,0.45980000495910645,0.3799999952316284,0.45980000495910645,864,0.0,0.0
2022-12-20 10:30:00-05:00,0.4449000060558319,0.4449000060558319,0.4449000060558319,0.4449000060558319,217,0.0,0.0
2022-12-20 11:30:00-05:00,0.45989999175071716,0.45989999175071716,0.4499000012874603,0.4499000012874603,309,0.0,0.0
2022-12-20 12:30:00-05:00,0.43799999356269836,0.44999998807907104,0.43799999356269836,0.44999998807907104,894,0.0,0.0
2022-12-20 13:30:00-05:00,0.4300000071525574,0.43059998750686646,0.429500013589859,0.429500013589859,3421,0.0,0.0
2022-12-20 14:30:00-05:00,0.4000000059604645,0.4000999927520752,0.4000000059604645,0.4000999927520752,565,0.0,0.0
2022-12-20 15:30:00-05:00,0.43799999356269836,0.43799999356269836,0.4189999997615814,0.43799999356269836,3667,0.0,0.0
2022-12-21 09:30:00-05:00,0.40950000286102295,0.40959998965263367,0.40950000286102295,0.40959998965263367,527,0.0,0.0
2022-12-21 10:30:00-05:00,0.40959998965263367,0.4300000071525574,0.40959998965263367,0.4300000071525574,2765,0.0,0.0
2022-12-21 14:30:00-05:00,0.42989999055862427,0.42989999055862427,0.42989999055862427,0.42989999055862427,280,0.0,0.0
2022-12-21 15:30:00-05:00,0.42989999055862427,0.42989999055862427,0.4099999964237213,0.41200000047683716,2600,0.0,0.0
2022-12-22 09:30:00-05:00,0.3799999952316284,0.4000000059604645,0.3799999952316284,0.3799999952316284,0,0.0,0.0
2022-12-22 10:30:00-05:00,0.39000099897384644,0.39000099897384644,0.37070000171661377,0.37779998779296875,3745,0.0,0.0
2022-12-22 11:30:00-05:00,0.37400001287460327,0.37400001287460327,0.37070000171661377,0.37070000171661377,1010,0.0,0.0
2022-12-22 12:30:00-05:00,0.37070000171661377,0.37459999322891235,0.37070000171661377,0.3727000057697296,1932,0.0,0.0
2022-12-22 15:30:00-05:00,0.3750999867916107,0.44670000672340393,0.3750999867916107,0.44670000672340393,989,0.0,0.0
2022-12-23 09:30:00-05:00,0.4300000071525574,0.4399999976158142,0.4300000071525574,0.4399999976158142,0,0.0,0.0
2022-12-23 10:30:00-05:00,0.4399999976158142,0.4399999976158142,0.4399999976158142,0.4399999976158142,174,0.0,0.0
2022-12-23 11:30:00-05:00,0.4099999964237213,0.4099999964237213,0.4099999964237213,0.4099999964237213,150,0.0,0.0
2022-12-23 12:30:00-05:00,0.4399999976158142,0.4399999976158142,0.4399999976158142,0.4399999976158142,104,0.0,0.0
2022-12-23 14:30:00-05:00,0.43619999289512634,0.4399999976158142,0.43619999289512634,0.4399999976158142,2011,0.0,0.0
2022-12-27 09:30:00-05:00,0.35409998893737793,0.4027000069618225,0.35409998893737793,0.3801009953022003,4745,0.0,0.0
2022-12-27 10:30:00-05:00,0.4399999976158142,0.4399999976158142,0.4399999976158142,0.4399999976158142,126,0.0,0.0
2022-12-27 11:30:00-05:00,0.3946009874343872,0.3946009874343872,0.3837999999523163,0.3837999999523163,1403,0.0,0.0
2022-12-27 12:30:00-05:00,0.3801000118255615,0.41999998688697815,0.3792000114917755,0.41999998688697815,14928,0.0,0.0
2022-12-27 13:30:00-05:00,0.40380001068115234,0.4300000071525574,0.4000000059604645,0.4000999927520752,2984,0.0,0.0
2022-12-27 14:30:00-05:00,0.4000000059604645,0.4300000071525574,0.4000000059604645,0.4300000071525574,460,0.0,0.0
2022-12-27 15:30:00-05:00,0.41999998688697815,0.41999998688697815,0.4099999964237213,0.4099999964237213,1310,0.0,0.0
2022-12-28 09:30:00-05:00,0.3707999885082245,0.3707999885082245,0.3707999885082245,0.3707999885082245,1024,0.0,0.0
2022-12-28 10:30:00-05:00,0.375,0.4075010120868683,0.375,0.4075010120868683,1340,0.0,0.0
2022-12-28 12:30:00-05:00,0.375,0.4399999976158142,0.375,0.4399999976158142,8319,0.0,0.0
2022-12-28 13:30:00-05:00,0.3750999867916107,0.3750999867916107,0.375,0.375,374,0.0,0.0
2022-12-28 14:30:00-05:00,0.3961000144481659,0.3961000144481659,0.38749998807907104,0.38749998807907104,12045,0.0,0.0
2022-12-28 15:30:00-05:00,0.375,0.375,0.3637000024318695,0.3643999993801117,22196,0.0,0.0
2022-12-29 09:30:00-05:00,0.36000001430511475,0.36000001430511475,0.3303000032901764,0.3312000036239624,4591,0.0,0.0
2022-12-29 10:30:00-05:00,0.34769999980926514,0.375,0.3328999876976013,0.375,30009,0.0,0.0
2022-12-29 11:30:00-05:00,0.3443000018596649,0.3443000018596649,0.3310000002384186,0.3312000036239624,3093,0.0,0.0
2022-12-29 12:30:00-05:00,0.375,0.3765000104904175,0.375,0.3765000104904175,16427,0.0,0.0
2022-12-29 13:30:00-05:00,0.3953000009059906,0.4284999966621399,0.3953000009059906,0.4129999876022339,1397,0.0,0.0
2022-12-29 14:30:00-05:00,0.3953000009059906,0.3953000009059906,0.3799999952316284,0.3801000118255615,2145,0.0,0.0
2022-12-29 15:30:00-05:00,0.40799999237060547,0.40799999237060547,0.3984000086784363,0.3984000086784363,2066,0.0,0.0
2022-12-30 09:30:00-05:00,0.3569999933242798,0.4325000047683716,0.3500010073184967,0.4325000047683716,4536,0.0,0.0
2022-12-30 10:30:00-05:00,0.41190001368522644,0.41190001368522644,0.3675999939441681,0.3675999939441681,5668,0.0,0.0
2022-12-30 11:30:00-05:00,0.3571009933948517,0.3571009933948517,0.3571009933948517,0.3571009933948517,5910,0.0,0.0
2022-12-30 12:30:00-05:00,0.4000000059604645,0.4000000059604645,0.3799999952316284,0.3799999952316284,1349,0.0,0.0
2022-12-30 13:30:00-05:00,0.38999998569488525,0.3905960023403168,0.38999998569488525,0.3905960023403168,2211,0.0,0.0
2022-12-30 14:30:00-05:00,0.39010000228881836,0.42419999837875366,0.38999998569488525,0.41999998688697815,35117,0.0,0.0
2022-12-30 15:30:00-05:00,0.41999998688697815,0.4300000071525574,0.38999998569488525,0.4000000059604645,10125,0.0,0.0
2023-01-03 09:30:00-05:00,0.46000000834465027,0.46000000834465027,0.45899999141693115,0.45899999141693115,1489,0.0,0.0
2023-01-03 10:30:00-05:00,0.41999998688697815,0.41999998688697815,0.41999998688697815,0.41999998688697815,208,0.0,0.0
2023-01-03 12:30:00-05:00,0.41999998688697815,0.41999998688697815,0.41999998688697815,0.41999998688697815,5020,0.0,0.0
2023-01-03 13:30:00-05:00,0.4099999964237213,0.4099999964237213,0.4099999964237213,0.4099999964237213,347,0.0,0.0
2023-01-04 09:30:00-05:00,0.4300000071525574,0.4300000071525574,0.4101000130176544,0.4101000130176544,0,0.0,0.0
2023-01-04 10:30:00-05:00,0.4101000130176544,0.41999998688697815,0.4101000130176544,0.41499999165534973,3446,0.0,0.0
2023-01-04 11:30:00-05:00,0.4325000047683716,0.4325000047683716,0.41280001401901245,0.41280001401901245,254,0.0,0.0
2023-01-04 12:30:00-05:00,0.43230000138282776,0.4323999881744385,0.41019999980926514,0.4323999881744385,1200,0.0,0.0
2023-01-04 13:30:00-05:00,0.4323999881744385,0.4325000047683716,0.4323999881744385,0.4323999881744385,1538,0.0,0.0
2023-01-04 14:30:00-05:00,0.4323999881744385,0.4323999881744385,0.41269999742507935,0.4212999939918518,1729,0.0,0.0
2023-01-04 15:30:00-05:00,0.4325000047683716,0.4368000030517578,0.42340001463890076,0.42340001463890076,6003,0.0,0.0
2023-01-05 09:30:00-05:00,0.44999998807907104,0.44999998807907104,0.44999998807907104,0.44999998807907104,0,0.0,0.0
2023-01-05 10:30:00-05:00,0.3921000063419342,0.45980000495910645,0.3921000063419342,0.45980000495910645,1469,0.0,0.0
2023-01-05 12:30:00-05:00,0.40220001339912415,0.40220001339912415,0.40220001339912415,0.40220001339912415,507,0.0,0.0
2023-01-05 14:30:00-05:00,0.40209999680519104,0.40209999680519104,0.40209999680519104,0.40209999680519104,228,0.0,0.0
2023-01-05 15:30:00-05:00,0.4399999976158142,0.46000000834465027,0.4399000108242035,0.46000000834465027,0,0.0,0.0
2023-01-06 09:30:00-05:00,0.46000000834465027,0.46000000834465027,0.46000000834465027,0.46000000834465027,1621,0.0,0.0
2023-01-06 10:30:00-05:00,0.46000000834465027,0.46000000834465027,0.4415999948978424,0.4415999948978424,1321,0.0,0.0
2023-01-06 14:30:00-05:00,0.46000000834465027,0.46000000834465027,0.43529999256134033,0.4377489984035492,14419,0.0,0.0
2023-01-06 15:30:00-05:00,0.42500001192092896,0.4300000071525574,0.42500001192092896,0.42500001192092896,3256,0.0,0.0
2023-01-09 09:30:00-05:00,0.41999998688697815,0.4499000012874603,0.41999998688697815,0.4499000012874603,0,0.0,0.0
2023-01-09 10:30:00-05:00,0.44999998807907104,0.44999998807907104,0.44999998807907104,0.44999998807907104,1152,0.0,0.0
2023-01-09 13:30:00-05:00,0.42419999837875366,0.4499000012874603,0.42419999837875366,0.4499000012874603,3056,0.0,0.0
2023-01-09 15:30:00-05:00,0.4284000098705292,0.4284000098705292,0.4269999861717224,0.4269999861717224,0,0.0,0.0
2023-01-10 09:30:00-05:00,0.4269999861717224,0.4269999861717224,0.4269999861717224,0.4269999861717224,932,0.0,0.0
2023-01-10 10:30:00-05:00,0.45980000495910645,0.45989999175071716,0.45980000495910645,0.45989999175071716,2120,0.0,0.0
2023-01-10 11:30:00-05:00,0.45989999175071716,0.45989999175071716,0.4449999928474426,0.4449999928474426,934,0.0,0.0
2023-01-10 12:30:00-05:00,0.43950000405311584,0.43950000405311584,0.43950000405311584,0.43950000405311584,1001,0.0,0.0
2023-01-10 14:30:00-05:00,0.4496999979019165,0.4496999979019165,0.43950000405311584,0.43950000405311584,602,0.0,0.0
2023-01-10 15:30:00-05:00,0.41499999165534973,0.4325009882450104,0.41499999165534973,0.41499999165534973,1600,0.0,0.0
2023-01-11 09:30:00-05:00,0.45989999175071716,0.45989999175071716,0.44999998807907104,0.44999998807907104,0,0.0,0.0
2023-01-11 10:30:00-05:00,0.4099999964237213,0.45989999175071716,0.4099999964237213,0.45989999175071716,15564,0.0,0.0
2023-01-11 11:30:00-05:00,0.44999998807907104,0.44999998807907104,0.44699999690055847,0.44699999690055847,789,0.0,0.0
2023-01-11 15:30:00-05:00,0.4514000117778778,0.4514000117778778,0.4514000117778778,0.4514000117778778,303,0.0,0.0
2023-01-12 09:30:00-05:00,0.4309999942779541,0.44440001249313354,0.4300000071525574,0.44440001249313354,0,0.0,0.0
2023-01-12 10:30:00-05:00,0.4486989974975586,0.4487999975681305,0.4486989974975586,0.4487999975681305,477,0.0,0.0
2023-01-12 11:30:00-05:00,0.4300000071525574,0.4300000071525574,0.4300000071525574,0.4300000071525574,100,0.0,0.0
2023-01-12 12:30:00-05:00,0.4575999975204468,0.4575999975204468,0.4575999975204468,0.4575999975204468,500,0.0,0.0
2023-01-12 13:30:00-05:00,0.4576990008354187,0.4576990008354187,0.4576990008354187,0.4576990008354187,1084,0.0,0.0
2023-01-12 14:30:00-05:00,0.44999998807907104,0.44999998807907104,0.44999998807907104,0.44999998807907104,0,0.0,0.0
2023-01-13 11:30:00-05:00,0.45989999175071716,0.45989999175071716,0.4449000060558319,0.445499986410141,10905,0.0,0.0
2023-01-13 12:30:00-05:00,0.45980000495910645,0.45980000495910645,0.45980000495910645,0.45980000495910645,525,0.0,0.0
2023-01-13 13:30:00-05:00,0.45980000495910645,0.45980000495910645,0.44909998774528503,0.45669999718666077,6079,0.0,0.0
2023-01-13 14:30:00-05:00,0.445499986410141,0.445499986410141,0.445499986410141,0.445499986410141,108,0.0,0.0
2023-01-13 15:30:00-05:00,0.445499986410141,0.4526999890804291,0.44440001249313354,0.44440001249313354,1489,0.0,0.0
2023-01-17 09:30:00-05:00,0.4616999924182892,0.49000000953674316,0.45980000495910645,0.49000000953674316,10856,0.0,0.0
2023-01-17 10:30:00-05:00,0.4500010013580322,0.4500010013580322,0.4500010013580322,0.4500010013580322,1040,0.0,0.0
2023-01-17 11:30:00-05:00,0.47999998927116394,0.47999998927116394,0.46000000834465027,0.47279998660087585,4844,0.0,0.0
2023-01-17 12:30:00-05:00,0.4750500023365021,0.5879999995231628,0.4750500023365021,0.5651010274887085,20966,0.0,0.0
2023-01-17 13:30:00-05:00,0.5649999976158142,0.6000999808311462,0.4699999988079071,0.5180000066757202,138599,0.0,0.0
2023-01-17 14:30:00-05:00,0.5465999841690063,0.5699999928474426,0.5205000042915344,0.5454999804496765,7026,0.0,0.0
2023-01-17 15:30:00-05:00,0.5454999804496765,0.5699999928474426,0.531000018119812,0.5698990225791931,0,0.0,0.0
2023-01-18 09:30:00-05:00,0.5527999997138977,0.6000000238418579,0.550000011920929,0.5899999737739563,13564,0.0,0.0
2023-01-18 10:30:00-05:00,0.5899990200996399,0.5899990200996399,0.5501009821891785,0.552299976348877,9631,0.0,0.0
2023-01-18 11:30:00-05:00,0.5690000057220459,0.6000000238418579,0.550000011920929,0.550000011920929,14603,0.0,0.0
2023-01-18 12:30:00-05:00,0.6000000238418579,0.6000000238418579,0.6000000238418579,0.6000000238418579,2022,0.0,0.0
2023-01-18 13:30:00-05:00,0.5929999947547913,0.5929999947547913,0.5929999947547913,0.5929999947547913,194,0.0,0.0
2023-01-18 15:30:00-05:00,0.5873000025749207,0.6000000238418579,0.550000011920929,0.5744500160217285,0,0.0,0.0
2023-01-19 09:30:00-05:00,0.5600000023841858,0.6299999952316284,0.550000011920929,0.5942000150680542,101332,0.0,0.0
2023-01-19 10:30:00-05:00,0.6000000238418579,0.6000000238418579,0.5938360095024109,0.5938360095024109,3805,0.0,0.0
2023-01-19 12:30:00-05:00,0.5921000242233276,0.5921000242233276,0.5536999702453613,0.588699996471405,1631,0.0,0.0
2023-01-19 13:30:00-05:00,0.5871999859809875,0.5871999859809875,0.5515000224113464,0.5515000224113464,2319,0.0,0.0
2023-01-19 14:30:00-05:00,0.5699999928474426,0.5699999928474426,0.5699999928474426,0.5699999928474426,200,0.0,0.0
2023-01-19 15:30:00-05:00,0.5541999936103821,0.5598999857902527,0.5515000224113464,0.5515000224113464,0,0.0,0.0
2023-01-20 09:30:00-05:00,0.5789999961853027,0.5999000072479248,0.5789999961853027,0.5789999961853027,1317,0.0,0.0
2023-01-20 10:30:00-05:00,0.5789999961853027,0.5799000263214111,0.5789999961853027,0.5799000263214111,439,0.0,0.0
2023-01-20 11:30:00-05:00,0.5799999833106995,0.5799999833106995,0.5299999713897705,0.5300009846687317,870,0.0,0.0
2023-01-20 12:30:00-05:00,0.5301010012626648,0.5799999833106995,0.5301010012626648,0.5799999833106995,298,0.0,0.0
2023-01-20 13:30:00-05:00,0.576200008392334,0.576200008392334,0.576200008392334,0.576200008392334,321,0.0,0.0
2023-01-20 15:30:00-05:00,0.534600019454956,0.5799999833106995,0.5299999713897705,0.57989901304245,2830,0.0,0.0
2023-01-23 09:30:00-05:00,0.550000011920929,0.5566099882125854,0.5299999713897705,0.5566099882125854,9532,0.0,0.0
2023-01-23 11:30:00-05:00,0.550000011920929,0.550000011920929,0.531000018119812,0.550000011920929,2041,0.0,0.0
2023-01-23 12:30:00-05:00,0.5404999852180481,0.550000011920929,0.5404000282287598,0.5404000282287598,4450,0.0,0.0
2023-01-23 13:30:00-05:00,0.5699999928474426,0.5699999928474426,0.5699999928474426,0.5699999928474426,130,0.0,0.0
2023-01-23 14:30:00-05:00,0.5350000262260437,0.5600000023841858,0.5350000262260437,0.5600000023841858,926,0.0,0.0
2023-01-23 15:30:00-05:00,0.5598999857902527,0.5600000023841858,0.5598999857902527,0.5600000023841858,592,0.0,0.0
2023-01-24 09:30:00-05:00,0.5708000063896179,0.5708000063896179,0.560699999332428,0.560699999332428,0,0.0,0.0
2023-01-24 10:30:00-05:00,0.5799999833106995,0.5998989939689636,0.5799999833106995,0.5998989939689636,700,0.0,0.0
2023-01-24 11:30:00-05:00,0.5899999737739563,0.5899999737739563,0.5891000032424927,0.5899999737739563,2500,0.0,0.0
2023-01-24 12:30:00-05:00,0.6000000238418579,0.6047999858856201,0.5600000023841858,0.5600000023841858,12201,0.0,0.0
2023-01-24 13:30:00-05:00,0.5601000189781189,0.5838000178337097,0.5601000189781189,0.5838000178337097,3653,0.0,0.0
2023-01-24 14:30:00-05:00,0.5601000189781189,0.6075000166893005,0.5601000189781189,0.5601000189781189,8196,0.0,0.0
2023-01-25 10:30:00-05:00,0.6075000166893005,0.6075000166893005,0.588100016117096,0.588100016117096,1208,0.0,0.0
2023-01-25 11:30:00-05:00,0.5819500088691711,0.6075000166893005,0.5799999833106995,0.5799999833106995,2697,0.0,0.0
2023-01-25 13:30:00-05:00,0.6075000166893005,0.6075000166893005,0.6075000166893005,0.6075000166893005,302,0.0,0.0
2023-01-25 14:30:00-05:00,0.5837990045547485,0.5837990045547485,0.5837990045547485,0.5837990045547485,152,0.0,0.0
2023-01-25 15:30:00-05:00,0.5601000189781189,0.5601000189781189,0.5601000189781189,0.5601000189781189,170,0.0,0.0
2023-01-26 09:30:00-05:00,0.6075000166893005,0.6075000166893005,0.6075000166893005,0.6075000166893005,0,0.0,0.0
2023-01-26 11:30:00-05:00,0.6074000000953674,0.6074000000953674,0.6074000000953674,0.6074000000953674,101,0.0,0.0
2023-01-26 13:30:00-05:00,0.5601999759674072,0.5759000182151794,0.5601999759674072,0.5602009892463684,4976,0.0,0.0
2023-01-26 15:30:00-05:00,0.58160001039505,0.58160001039505,0.5601000189781189,0.5601000189781189,908,0.0,0.0
2023-01-27 09:30:00-05:00,0.6031000018119812,0.6075000166893005,0.6031000018119812,0.6075000166893005,0,0.0,0.0
2023-01-27 10:30:00-05:00,0.5999000072479248,0.5999000072479248,0.5999000072479248,0.5999000072479248,1250,0.0,0.0
2023-01-27 11:30:00-05:00,0.5601009726524353,0.5997999906539917,0.5601009726524353,0.5997999906539917,2217,0.0,0.0
2023-01-27 15:30:00-05:00,0.574999988079071,0.5899999737739563,0.5600000023841858,0.5899999737739563,1802,0.0,0.0
2023-01-30 09:30:00-05:00,0.6000000238418579,0.6075000166893005,0.6000000238418579,0.6000000238418579,17777,0.0,0.0
2023-01-30 11:30:00-05:00,0.6000999808311462,0.6000999808311462,0.6000000238418579,0.6000000238418579,4129,0.0,0.0
2023-01-30 15:30:00-05:00,0.5701010227203369,0.5701010227203369,0.5701010227203369,0.5701010227203369,1004,0.0,0.0
2023-01-31 09:30:00-05:00,0.5450999736785889,0.5450999736785889,0.5,0.5,0,0.0,0.0
2023-01-31 10:30:00-05:00,0.5299999713897705,0.5400000214576721,0.5299999713897705,0.5400000214576721,2136,0.0,0.0
2023-01-31 11:30:00-05:00,0.5598000288009644,0.5598000288009644,0.5598000288009644,0.5598000288009644,1000,0.0,0.0
2023-01-31 12:30:00-05:00,0.5450999736785889,0.5600000023841858,0.5350000262260437,0.5350000262260437,2236,0.0,0.0
2023-01-31 14:30:00-05:00,0.5425000190734863,0.5425000190734863,0.5425000190734863,0.5425000190734863,108,0.0,0.0
2023-01-31 15:30:00-05:00,0.5400999784469604,0.5400999784469604,0.5400999784469604,0.5400999784469604,0,0.0,0.0
2023-02-01 10:30:00-05:00,0.5224999785423279,0.5350000262260437,0.5224999785423279,0.5350000262260437,2662,0.0,0.0
2023-02-01 12:30:00-05:00,0.5403000116348267,0.550000011920929,0.5403000116348267,0.550000011920929,911,0.0,0.0
2023-02-01 14:30:00-05:00,0.5899999737739563,0.5899999737739563,0.589900016784668,0.589900016784668,24190,0.0,0.0
2023-02-02 09:30:00-05:00,0.550000011920929,0.550000011920929,0.550000011920929,0.550000011920929,3696,0.0,0.0
2023-02-02 10:30:00-05:00,0.5774999856948853,0.5774999856948853,0.5774999856948853,0.5774999856948853,218,0.0,0.0
2023-02-02 12:30:00-05:00,0.5698999762535095,0.5699999928474426,0.5698999762535095,0.5699999928474426,7467,0.0,0.0
2023-02-02 13:30:00-05:00,0.5699999928474426,0.5699999928474426,0.5699999928474426,0.5699999928474426,255,0.0,0.0
2023-02-03 09:30:00-05:00,0.5295000076293945,0.5680000185966492,0.5295000076293945,0.5400000214576721,0,0.0,0.0
2023-02-03 10:30:00-05:00,0.6075000166893005,0.6075000166893005,0.5843999981880188,0.5843999981880188,405,0.0,0.0
2023-02-03 11:30:00-05:00,0.5843999981880188,0.5843999981880188,0.5843999981880188,0.5843999981880188,1700,0.0,0.0
2023-02-03 12:30:00-05:00,0.5999000072479248,0.6000000238418579,0.5998989939689636,0.6000000238418579,6774,0.0,0.0
2023-02-03 13:30:00-05:00,0.5699999928474426,0.5699999928474426,0.5699999928474426,0.5699999928474426,150,0.0,0.0
2023-02-03 15:30:00-05:00,0.6000000238418579,0.6000000238418579,0.6000000238418579,0.6000000238418579,100,0.0,0.0
2023-02-06 09:30:00-05:00,0.5669999718666077,0.5669999718666077,0.550000011920929,0.550000011920929,15720,0.0,0.0
2023-02-06 10:30:00-05:00,0.5600000023841858,0.5626999735832214,0.5575000047683716,0.5626999735832214,511,0.0,0.0
2023-02-06 13:30:00-05:00,0.5649999976158142,0.5669999718666077,0.5649999976158142,0.5669999718666077,1940,0.0,0.0
2023-02-06 15:30:00-05:00,0.5641999840736389,0.5641999840736389,0.5641999840736389,0.5641999840736389,0,0.0,0.0
2023-02-07 09:30:00-05:00,0.5741999745368958,0.5741999745368958,0.5741999745368958,0.5741999745368958,164,0.0,0.0
2023-02-07 13:30:00-05:00,0.5741000175476074,0.5741999745368958,0.5600000023841858,0.5600000023841858,8952,0.0,0.0
2023-02-07 14:30:00-05:00,0.5575000047683716,0.5575000047683716,0.5575000047683716,0.5575000047683716,805,0.0,0.0
2023-02-07 15:30:00-05:00,0.5600000023841858,0.5600000023841858,0.5598999857902527,0.5600000023841858,0,0.0,0.0
2023-02-08 09:30:00-05:00,0.5741000175476074,0.5741000175476074,0.550000011920929,0.550000011920929,25025,0.0,0.0
2023-02-08 10:30:00-05:00,0.5500010251998901,0.5620999932289124,0.550000011920929,0.5501000285148621,4099,0.0,0.0
2023-02-08 12:30:00-05:00,0.550000011920929,0.550000011920929,0.550000011920929,0.550000011920929,17563,0.0,0.0
2023-02-08 13:30:00-05:00,0.5600000023841858,0.5600000023841858,0.5600000023841858,0.5600000023841858,0,0.0,0.0
2023-02-09 11:30:00-05:00,0.5400000214576721,0.5400000214576721,0.5303999781608582,0.5303999781608582,1515,0.0,0.0
2023-02-09 15:30:00-05:00,0.5299999713897705,0.5299999713897705,0.5299999713897705,0.5299999713897705,0,0.0,0.0
2023-02-10 09:30:00-05:00,0.5299999713897705,0.5306640267372131,0.5299999713897705,0.5306640267372131,1914,0.0,0.0
2023-02-10 12:30:00-05:00,0.5436999797821045,0.5436999797821045,0.5299999713897705,0.5299999713897705,2803,0.0,0.0
2023-02-13 09:30:00-05:00,0.550000011920929,0.550000011920929,0.550000011920929,0.550000011920929,0,0.0,0.0
2023-02-13 14:30:00-05:00,0.5497999787330627,0.5497999787330627,0.5497999787330627,0.5497999787330627,1000,0.0,0.0
2023-02-13 15:30:00-05:00,0.5300999879837036,0.5300999879837036,0.5299999713897705,0.5299999713897705,350,0.0,0.0
2023-02-14 09:30:00-05:00,0.5299999713897705,0.5379999876022339,0.5299999713897705,0.5379999876022339,898,0.0,0.0
2023-02-14 11:30:00-05:00,0.5378999710083008,0.5378999710083008,0.5378999710083008,0.5378999710083008,103,0.0,0.0
2023-02-14 13:30:00-05:00,0.5300999879837036,0.5300999879837036,0.5299999713897705,0.5299999713897705,1037,0.0,0.0
2023-02-14 15:30:00-05:00,0.5353000164031982,0.5353000164031982,0.5353000164031982,0.5353000164031982,1495,0.0,0.0
2023-02-15 09:30:00-05:00,0.5407000184059143,0.5407000184059143,0.5407000184059143,0.5407000184059143,0,0.0,0.0
2023-02-15 12:30:00-05:00,0.5249999761581421,0.5249999761581421,0.5249999761581421,0.5249999761581421,10164,0.0,0.0
2023-02-15 13:30:00-05:00,0.5299999713897705,0.5299999713897705,0.5299999713897705,0.5299999713897705,282,0.0,0.0
2023-02-15 14:30:00-05:00,0.5350000262260437,0.5350000262260437,0.5199999809265137,0.5199999809265137,1494,0.0,0.0
2023-02-15 15:30:00-05:00,0.522599995136261,0.522599995136261,0.5099999904632568,0.5099999904632568,4445,0.0,0.0
2023-02-16 09:30:00-05:00,0.5149999856948853,0.5177000164985657,0.5149999856948853,0.5149999856948853,4368,0.0,0.0
2023-02-16 12:30:00-05:00,0.5350000262260437,0.5505200028419495,0.5149999856948853,0.5149999856948853,3885,0.0,0.0
2023-02-16 13:30:00-05:00,0.5407000184059143,0.5407000184059143,0.5149999856948853,0.5149999856948853,2309,0.0,0.0
2023-02-16 14:30:00-05:00,0.5149999856948853,0.5149999856948853,0.5149999856948853,0.5149999856948853,0,0.0,0.0
2023-02-17 09:30:00-05:00,0.510001003742218,0.5101000070571899,0.5099999904632568,0.5099999904632568,2128,0.0,0.0
2023-02-17 10:30:00-05:00,0.5421000123023987,0.5421000123023987,0.5421000123023987,0.5421000123023987,502,0.0,0.0
2023-02-17 13:30:00-05:00,0.5257999897003174,0.5257999897003174,0.5257999897003174,0.5257999897003174,222,0.0,0.0
2023-02-21 09:30:00-05:00,0.5299999713897705,0.5421000123023987,0.5099999904632568,0.5421000123023987,1762,0.0,0.0
2023-02-21 13:30:00-05:00,0.5421000123023987,0.5421000123023987,0.5421000123023987,0.5421000123023987,416,0.0,0.0
2023-02-21 15:30:00-05:00,0.5419999957084656,0.5421000123023987,0.5260000228881836,0.5421000123023987,0,0.0,0.0
2023-02-22 09:30:00-05:00,0.550000011920929,0.5554999709129333,0.5199999809265137,0.5199999809265137,7568,0.0,0.0
2023-02-22 10:30:00-05:00,0.5199999809265137,0.5199999809265137,0.5099999904632568,0.5099999904632568,2948,0.0,0.0
2023-02-22 11:30:00-05:00,0.5,0.5099999904632568,0.5,0.5099999904632568,1334,0.0,0.0
2023-02-22 12:30:00-05:00,0.5199999809265137,0.5199999809265137,0.5,0.5,6296,0.0,0.0
2023-02-22 13:30:00-05:00,0.5015000104904175,0.5099999904632568,0.5015000104904175,0.5099999904632568,420,0.0,0.0
2023-02-22 15:30:00-05:00,0.5199999809265137,0.5199999809265137,0.5,0.5,11297,0.0,0.0
2023-02-23 09:30:00-05:00,0.5148000121116638,0.5148000121116638,0.4699999988079071,0.4699999988079071,0,0.0,0.0
2023-02-23 10:30:00-05:00,0.4837999939918518,0.4837999939918518,0.47999998927116394,0.47999998927116394,947,0.0,0.0
2023-02-23 11:30:00-05:00,0.47200000286102295,0.47200000286102295,0.46000000834465027,0.46000000834465027,10139,0.0,0.0
2023-02-23 13:30:00-05:00,0.47200000286102295,0.5049999952316284,0.4650009870529175,0.5049999952316284,557,0.0,0.0
2023-02-24 09:30:00-05:00,0.4855000078678131,0.4855000078678131,0.48510000109672546,0.4851999878883362,0,0.0,0.0
2023-02-24 10:30:00-05:00,0.5178959965705872,0.5178959965705872,0.5178959965705872,0.5178959965705872,219,0.0,0.0
2023-02-24 12:30:00-05:00,0.5314900279045105,0.5314900279045105,0.4851999878883362,0.4851999878883362,710,0.0,0.0
2023-02-24 15:30:00-05:00,0.5052000284194946,0.5052000284194946,0.5052000284194946,0.5052000284194946,200,0.0,0.0
2023-02-27 09:30:00-05:00,0.4749999940395355,0.4749999940395355,0.4749999940395355,0.4749999940395355,0,0.0,0.0
2023-02-27 10:30:00-05:00,0.4699999988079071,0.4749999940395355,0.4699999988079071,0.4699999988079071,1049,0.0,0.0
2023-02-27 11:30:00-05:00,0.47110000252723694,0.47110000252723694,0.4706000089645386,0.4706000089645386,3189,0.0,0.0
2023-02-27 12:30:00-05:00,0.46000000834465027,0.46000000834465027,0.44999998807907104,0.44999998807907104,4658,0.0,0.0
2023-02-27 13:30:00-05:00,0.4399999976158142,0.4449000060558319,0.4399999976158142,0.4438000023365021,7206,0.0,0.0
2023-02-27 14:30:00-05:00,0.4300999939441681,0.4300999939441681,0.41499999165534973,0.41499999165534973,14424,0.0,0.0
2023-02-27 15:30:00-05:00,0.41499999165534973,0.4893999993801117,0.41499999165534973,0.4893999993801117,0,0.0,0.0
2023-02-28 09:30:00-05:00,0.46000000834465027,0.46000000834465027,0.44999998807907104,0.46000000834465027,1594,0.0,0.0
2023-02-28 10:30:00-05:00,0.45010000467300415,0.45010000467300415,0.4494999945163727,0.44999998807907104,842,0.0,0.0
2023-02-28 11:30:00-05:00,0.4400010108947754,0.44499900937080383,0.4398989975452423,0.4398989975452423,1901,0.0,0.0
2023-02-28 12:30:00-05:00,0.4399000108242035,0.4399000108242035,0.4300000071525574,0.4300000071525574,553,0.0,0.0
2023-02-28 13:30:00-05:00,0.4302999973297119,0.4302999973297119,0.4302999973297119,0.4302999973297119,140,0.0,0.0
2023-02-28 15:30:00-05:00,0.4325000047683716,0.44989898800849915,0.4302999973297119,0.4496999979019165,4739,0.0,0.0
2023-03-01 14:30:00-05:00,0.4331820011138916,0.4331820011138916,0.4331820011138916,0.4331820011138916,761,0.0,0.0
2023-03-01 15:30:00-05:00,0.43050000071525574,0.43050000071525574,0.4302999973297119,0.4302999973297119,1526,0.0,0.0
2023-03-02 11:30:00-05:00,0.4514999985694885,0.4514999985694885,0.4514999985694885,0.4514999985694885,327,0.0,0.0
2023-03-02 14:30:00-05:00,0.4740000069141388,0.4740999937057495,0.4740000069141388,0.4740999937057495,212,0.0,0.0
2023-03-02 15:30:00-05:00,0.4514999985694885,0.4699000120162964,0.4302999973297119,0.4699000120162964,0,0.0,0.0
2023-03-03 09:30:00-05:00,0.43630000948905945,0.44029998779296875,0.43630000948905945,0.44029998779296875,834,0.0,0.0
2023-03-03 10:30:00-05:00,0.46230000257492065,0.4699000120162964,0.46230000257492065,0.4699000120162964,905,0.0,0.0
2023-03-03 12:30:00-05:00,0.46230000257492065,0.46230000257492065,0.46230000257492065,0.46230000257492065,429,0.0,0.0
2023-03-03 13:30:00-05:00,0.4530999958515167,0.4530999958515167,0.4530999958515167,0.4530999958515167,2131,0.0,0.0
2023-03-03 15:30:00-05:00,0.4302999973297119,0.4302999973297119,0.4302999973297119,0.4302999973297119,510,0.0,0.0
2023-03-06 09:30:00-05:00,0.4302999973297119,0.4690000116825104,0.4302999973297119,0.4690000116825104,829,0.0,0.0
2023-03-06 14:30:00-05:00,0.4496999979019165,0.4496999979019165,0.4496999979019165,0.4496999979019165,0,0.0,0.0
2023-03-07 14:30:00-05:00,0.4496999979019165,0.4496999979019165,0.43059998750686646,0.43059998750686646,307,0.0,0.0
2023-03-08 10:30:00-05:00,0.4401000142097473,0.44029998779296875,0.4401000142097473,0.44029998779296875,530,0.0,0.0
2023-03-08 13:30:00-05:00,0.4399999976158142,0.4399999976158142,0.3801000118255615,0.3801000118255615,5316,0.0,0.0
2023-03-08 14:30:00-05:00,0.4099999964237213,0.4099999964237213,0.4099999964237213,0.4099999964237213,1175,0.0,0.0
2023-03-09 09:30:00-05:00,0.43050000071525574,0.43050000071525574,0.41290000081062317,0.41290000081062317,7878,0.0,0.0
2023-03-09 13:30:00-05:00,0.4099999964237213,0.4099999964237213,0.4099999964237213,0.4099999964237213,142,0.0,0.0
2023-03-09 14:30:00-05:00,0.4099999964237213,0.4101000130176544,0.4009999930858612,0.4101000130176544,5460,0.0,0.0
2023-03-09 15:30:00-05:00,0.4000999927520752,0.4000999927520752,0.4000999927520752,0.4000999927520752,200,0.0,0.0
2023-03-10 09:30:00-05:00,0.4300000071525574,0.4300000071525574,0.3799999952316284,0.3799999952316284,0,0.0,0.0
2023-03-10 11:30:00-05:00,0.3808000087738037,0.3808000087738037,0.3808000087738037,0.3808000087738037,106,0.0,0.0
2023-03-10 12:30:00-05:00,0.3866089880466461,0.3866089880466461,0.3866089880466461,0.3866089880466461,1025,0.0,0.0
2023-03-10 14:30:00-05:00,0.38989999890327454,0.38999998569488525,0.38989999890327454,0.38999998569488525,2500,0.0,0.0
2023-03-10 15:30:00-05:00,0.3801000118255615,0.3801000118255615,0.3799999952316284,0.3799999952316284,1565,0.0,0.0
2023-03-13 09:30:00-04:00,0.39899998903274536,0.39899998903274536,0.39899998903274536,0.39899998903274536,0,0.0,0.0
2023-03-13 13:30:00-04:00,0.41499999165534973,0.41499999165534973,0.3799999952316284,0.38260000944137573,3956,0.0,0.0
2023-03-13 14:30:00-04:00,0.3799999952316284,0.3799999952316284,0.3700000047683716,0.375,11861,0.0,0.0
2023-03-14 09:30:00-04:00,0.38850000500679016,0.3962000012397766,0.38850000500679016,0.3962000012397766,692,0.0,0.0
2023-03-14 10:30:00-04:00,0.38850000500679016,0.40400001406669617,0.3869990110397339,0.3869999945163727,3192,0.0,0.0
2023-03-14 11:30:00-04:00,0.3869999945163727,0.3869999945163727,0.3869999945163727,0.3869999945163727,0,0.0,0.0
2023-03-14 12:30:00-04:00,0.3869999945163727,0.3869999945163727,0.3869999945163727,0.3869999945163727,4399,0.0,0.0
2023-03-14 13:30:00-04:00,0.3869999945163727,0.4049000144004822,0.3700000047683716,0.3874000012874603,1190,0.0,0.0
2023-03-14 14:30:00-04:00,0.37869998812675476,0.37869998812675476,0.3700000047683716,0.37869998812675476,600,0.0,0.0
2023-03-14 15:30:00-04:00,0.37869998812675476,0.37869998812675476,0.3700000047683716,0.3700000047683716,319,0.0,0.0
2023-03-15 09:30:00-04:00,0.36000001430511475,0.36000001430511475,0.36000001430511475,0.36000001430511475,0,0.0,0.0
2023-03-15 11:30:00-04:00,0.38499999046325684,0.38499999046325684,0.38499999046325684,0.38499999046325684,304,0.0,0.0
2023-03-15 12:30:00-04:00,0.3799999952316284,0.3799999952316284,0.3799999952316284,0.3799999952316284,1000,0.0,0.0
2023-03-15 13:30:00-04:00,0.38499999046325684,0.38499999046325684,0.38499999046325684,0.38499999046325684,100,0.0,0.0
2023-03-15 14:30:00-04:00,0.38499999046325684,0.38499999046325684,0.36000001430511475,0.36000001430511475,2072,0.0,0.0
2023-03-15 15:30:00-04:00,0.3799000084400177,0.3799000084400177,0.3799000084400177,0.3799000084400177,1000,0.0,0.0
2023-03-16 11:30:00-04:00,0.36800000071525574,0.38029998540878296,0.350600004196167,0.350600004196167,15300,0.0,0.0
2023-03-16 12:30:00-04:00,0.4099999964237213,0.4099999964237213,0.3734999895095825,0.3734999895095825,639,0.0,0.0
2023-03-16 13:30:00-04:00,0.3734999895095825,0.3736000061035156,0.3499999940395355,0.35010001063346863,2065,0.0,0.0
2023-03-16 15:30:00-04:00,0.34790000319480896,0.34790000319480896,0.34790000319480896,0.34790000319480896,0,0.0,0.0
2023-03-17 09:30:00-04:00,0.34790000319480896,0.34790000319480896,0.34790000319480896,0.34790000319480896,305,0.0,0.0
2023-03-17 10:30:00-04:00,0.3400000035762787,0.3400000035762787,0.3400000035762787,0.3400000035762787,421,0.0,0.0
2023-03-17 13:30:00-04:00,0.3492000102996826,0.3492000102996826,0.3492000102996826,0.3492000102996826,456,0.0,0.0
2023-03-20 09:30:00-04:00,0.38999998569488525,0.38999998569488525,0.3621000051498413,0.3621000051498413,201,0.0,0.0
2023-03-20 10:30:00-04:00,0.3621000051498413,0.3912000060081482,0.3621000051498413,0.3912000060081482,208,0.0,0.0
2023-03-20 11:30:00-04:00,0.3799999952316284,0.3799999952316284,0.3799999952316284,0.3799999952316284,103,0.0,0.0
2023-03-20 12:30:00-04:00,0.3621000051498413,0.3621000051498413,0.3621000051498413,0.3621000051498413,592,0.0,0.0
2023-03-20 15:30:00-04:00,0.36500000953674316,0.36500000953674316,0.3499999940395355,0.3499999940395355,0,0.0,0.0
2023-03-21 09:30:00-04:00,0.33889999985694885,0.34529998898506165,0.32109999656677246,0.32260000705718994,13766,0.0,0.0
2023-03-21 11:30:00-04:00,0.33219999074935913,0.3407000005245209,0.33219999074935913,0.3407000005245209,2078,0.0,0.0
2023-03-21 12:30:00-04:00,0.3401010036468506,0.3401010036468506,0.3321000039577484,0.3321000039577484,1782,0.0,0.0
2023-03-21 13:30:00-04:00,0.3321000039577484,0.3321000039577484,0.31220000982284546,0.31220000982284546,1853,0.0,0.0
2023-03-21 14:30:00-04:00,0.3343000113964081,0.4000000059604645,0.3255990147590637,0.3799999952316284,25699,0.0,0.0
2023-03-21 15:30:00-04:00,0.3720000088214874,0.4000000059604645,0.37195101380348206,0.39454999566078186,16624,0.0,0.0
2023-03-22 09:30:00-04:00,0.3149999976158142,0.4099999964237213,0.3149999976158142,0.4000000059604645,0,0.0,0.0
2023-03-22 11:30:00-04:00,0.4000000059604645,0.40799999237060547,0.3638229966163635,0.3799999952316284,22340,0.0,0.0
2023-03-22 12:30:00-04:00,0.387800008058548,0.4300000071525574,0.387800008058548,0.40799999237060547,25688,0.0,0.0
2023-03-22 13:30:00-04:00,0.41999998688697815,0.5400000214576721,0.4099999964237213,0.44999998807907104,130298,0.0,0.0
2023-03-22 14:30:00-04:00,0.46000000834465027,0.4699999988079071,0.4108999967575073,0.46000000834465027,34637,0.0,0.0
2023-03-22 15:30:00-04:00,0.4699999988079071,1.7999999523162842,0.43255001306533813,1.7999999523162842,0,0.0,0.0
2023-03-23 09:30:00-04:00,1.440000057220459,1.5700000524520874,1.4299999475479126,1.4400999546051025,23449,0.0,0.0
2023-03-23 10:30:00-04:00,1.4900000095367432,1.690000057220459,1.4900000095367432,1.6002000570297241,26880,0.0,0.0
2023-03-23 11:30:00-04:00,1.600000023841858,1.6799999475479126,1.600000023841858,1.6799999475479126,2473,0.0,0.0
2023-03-23 12:30:00-04:00,1.5801000595092773,1.649999976158142,1.5800000429153442,1.649999976158142,2614,0.0,0.0
2023-03-23 13:30:00-04:00,1.659999966621399,1.659999966621399,1.62090003490448,1.62090003490448,1023,0.0,0.0
2023-03-23 14:30:00-04:00,1.5901000499725342,1.7400000095367432,1.5901000499725342,1.6699999570846558,3617,0.0,0.0
2023-03-23 15:30:00-04:00,1.7400000095367432,1.7400000095367432,1.7400000095367432,1.7400000095367432,0,0.0,0.0
2023-03-24 09:30:00-04:00,1.7400000095367432,1.9049999713897705,1.659999966621399,1.9049999713897705,16642,0.0,0.0
2023-03-24 10:30:00-04:00,1.8701000213623047,2.2899999618530273,1.8701000213623047,1.9500000476837158,49701,0.0,0.0
2023-03-24 11:30:00-04:00,1.9500999450683594,1.9900000095367432,1.9500000476837158,1.9900000095367432,715,0.0,0.0
2023-03-24 12:30:00-04:00,1.9500000476837158,1.9900000095367432,1.9498000144958496,1.9500000476837158,4894,0.0,0.0
2023-03-24 13:30:00-04:00,1.9400999546051025,2.0,1.9400999546051025,1.9500000476837158,8386,0.0,0.0
2023-03-24 14:30:00-04:00,1.9500000476837158,2.0,1.9500000476837158,2.0,4797,0.0,0.0
2023-03-24 15:30:00-04:00,2.0,2.0,1.850000023841858,1.9500000476837158,22537,0.0,0.0
2023-03-27 09:30:00-04:00,1.7300000190734863,1.9500000476837158,1.7300000190734863,1.8600000143051147,4409,0.0,0.0
2023-03-27 10:30:00-04:00,1.8700000047683716,1.8700000047683716,1.811900019645691,1.817199945449829,1752,0.0,0.0
2023-03-27 11:30:00-04:00,1.809999942779541,1.8415000438690186,1.75,1.750100016593933,3384,0.0,0.0
2023-03-27 12:30:00-04:00,1.7599999904632568,1.840000033378601,1.7599999904632568,1.840000033378601,689,0.0,0.0
2023-03-27 14:30:00-04:00,1.7635999917984009,1.7635999917984009,1.7100000381469727,1.7100000381469727,1438,0.0,0.0
2023-03-27 15:30:00-04:00,1.659999966621399,1.6699999570846558,1.659999966621399,1.6644999980926514,813,0.0,0.0
2023-03-28 09:30:00-04:00,1.6299999952316284,1.7599999904632568,1.5499999523162842,1.649899959564209,15791,0.0,0.0
2023-03-28 10:30:00-04:00,1.6950000524520874,1.6950000524520874,1.6950000524520874,1.6950000524520874,702,0.0,0.0
2023-03-28 11:30:00-04:00,1.690000057220459,1.690000057220459,1.690000057220459,1.690000057220459,819,0.0,0.0
2023-03-28 15:30:00-04:00,1.649999976158142,1.6799999475479126,1.6299999952316284,1.6799999475479126,2360,0.0,0.0
2023-03-29 09:30:00-04:00,1.7299000024795532,1.7299000024795532,1.7000000476837158,1.7299000024795532,1661,0.0,0.0
2023-03-29 10:30:00-04:00,1.6799999475479126,1.7300000190734863,1.6399999856948853,1.7300000190734863,1565,0.0,0.0
2023-03-29 13:30:00-04:00,1.6684000492095947,1.6684000492095947,1.6684000492095947,1.6684000492095947,0,0.0,0.0
2023-03-30 09:30:00-04:00,1.7050000429153442,1.7226999998092651,1.6799999475479126,1.7226999998092651,803,0.0,0.0
2023-03-30 10:30:00-04:00,1.6799999475479126,1.6799999475479126,1.6799999475479126,1.6799999475479126,430,0.0,0.0
2023-03-30 12:30:00-04:00,1.659999966621399,1.6999000310897827,1.6399999856948853,1.6999000310897827,0,0.0,0.0
2023-03-31 09:30:00-04:00,1.6699999570846558,1.80840003490448,1.6699999570846558,1.80840003490448,11096,0.0,0.0
2023-03-31 10:30:00-04:00,1.75,1.8199000358581543,1.75,1.8199000358581543,2137,0.0,0.0
2023-03-31 11:30:00-04:00,1.7799999713897705,1.8299000263214111,1.7799999713897705,1.8299000263214111,1372,0.0,0.0
2023-03-31 12:30:00-04:00,1.8200000524520874,1.8200000524520874,1.8200000524520874,1.8200000524520874,886,0.0,0.0
2023-03-31 13:30:00-04:00,1.7799999713897705,1.8299000263214111,1.7799999713897705,1.8299000263214111,2419,0.0,0.0
2023-03-31 14:30:00-04:00,1.7799999713897705,1.8299000263214111,1.75,1.75,2570,0.0,0.0
2023-03-31 15:30:00-04:00,1.75,1.75,1.75,1.75,663,0.0,0.0
2023-04-03 09:30:00-04:00,1.8200000524520874,1.8300000429153442,1.7799999713897705,1.829200029373169,2343,0.0,0.0
2023-04-03 10:30:00-04:00,1.8799999952316284,1.9692000150680542,1.5399999618530273,1.8000999689102173,16001,0.0,0.0
2023-04-03 11:30:00-04:00,1.8000999689102173,1.8200000524520874,1.7699999809265137,1.7699999809265137,2167,0.0,0.0
2023-04-03 12:30:00-04:00,1.7699999809265137,1.8799999952316284,1.75,1.75,1574,0.0,0.0
2023-04-03 13:30:00-04:00,1.75,1.8432999849319458,1.75,1.7699999809265137,1745,0.0,0.0
2023-04-03 14:30:00-04:00,1.75,1.7799999713897705,1.7100000381469727,1.7200000286102295,2086,0.0,0.0
2023-04-03 15:30:00-04:00,1.7200000286102295,1.7799999713897705,1.7000000476837158,1.75,1909,0.0,0.0
2023-04-04 09:30:00-04:00,1.7599999904632568,1.899899959564209,1.7599999904632568,1.899899959564209,675,0.0,0.0
2023-04-04 10:30:00-04:00,1.9199999570846558,1.9199999570846558,1.9149999618530273,1.9149999618530273,717,0.0,0.0
2023-04-04 12:30:00-04:00,1.820099949836731,1.867400050163269,1.8200000524520874,1.8200000524520874,2157,0.0,0.0
2023-04-04 13:30:00-04:00,1.8463000059127808,1.8463000059127808,1.8463000059127808,1.8463000059127808,101,0.0,0.0
2023-04-04 15:30:00-04:00,1.8350000381469727,1.840000033378601,1.8350000381469727,1.840000033378601,0,0.0,0.0
2023-04-05 09:30:00-04:00,1.8006000518798828,1.809999942779541,1.7599999904632568,1.7999000549316406,3082,0.0,0.0
2023-04-05 10:30:00-04:00,1.7699999809265137,1.8899999856948853,1.75,1.8899999856948853,748,0.0,0.0
2023-04-05 11:30:00-04:00,1.7883000373840332,1.8700000047683716,1.7879999876022339,1.8700000047683716,1502,0.0,0.0
2023-04-05 12:30:00-04:00,1.7889000177383423,1.8600000143051147,1.7889000177383423,1.8600000143051147,873,0.0,0.0
2023-04-05 14:30:00-04:00,1.8300000429153442,1.8300000429153442,1.8300000429153442,1.8300000429153442,0,0.0,0.0
2023-04-06 09:30:00-04:00,1.75,1.8200000524520874,1.75,1.7800999879837036,2187,0.0,0.0
2023-04-06 10:30:00-04:00,1.8200000524520874,1.8200000524520874,1.8200000524520874,1.8200000524520874,471,0.0,0.0
2023-04-06 11:30:00-04:00,1.7800999879837036,1.850000023841858,1.7800999879837036,1.850000023841858,1089,0.0,0.0
2023-04-06 13:30:00-04:00,1.840000033378601,1.840000033378601,1.7999999523162842,1.815000057220459,1013,0.0,0.0
2023-04-06 15:30:00-04:00,1.840000033378601,1.840000033378601,1.7800999879837036,1.7800999879837036,215,0.0,0.0
2023-04-10 09:30:00-04:00,1.7400000095367432,1.9299999475479126,1.7400000095367432,1.9299999475479126,1843,0.0,0.0
2023-04-10 10:30:00-04:00,1.899999976158142,1.9199999570846558,1.8601000308990479,1.8601000308990479,3491,0.0,0.0
2023-04-10 12:30:00-04:00,1.8849999904632568,1.8849999904632568,1.840000033378601,1.840000033378601,1490,0.0,0.0
2023-04-10 13:30:00-04:00,1.8200000524520874,1.8200000524520874,1.75,1.751099944114685,4715,0.0,0.0
2023-04-10 14:30:00-04:00,1.7699999809265137,1.7699999809265137,1.7699999809265137,1.7699999809265137,518,0.0,0.0
2023-04-10 15:30:00-04:00,1.75,1.75,1.7200000286102295,1.7200000286102295,0,0.0,0.0
2023-04-11 09:30:00-04:00,1.8450000286102295,1.8450000286102295,1.8450000286102295,1.8450000286102295,299,0.0,0.0
2023-04-11 11:30:00-04:00,1.7799999713897705,1.8200000524520874,1.7401000261306763,1.8200000524520874,2275,0.0,0.0
2023-04-11 12:30:00-04:00,1.7699999809265137,1.7822999954223633,1.7699999809265137,1.7822999954223633,527,0.0,0.0
2023-04-11 13:30:00-04:00,1.7699999809265137,1.8040000200271606,1.7200000286102295,1.7699999809265137,0,0.0,0.0
2023-04-12 09:30:00-04:00,1.75,1.809999942779541,1.7000000476837158,1.7100000381469727,16857,0.0,0.0
2023-04-12 10:30:00-04:00,1.7371000051498413,1.7371000051498413,1.6699999570846558,1.684999942779541,8933,0.0,0.0
2023-04-12 11:30:00-04:00,1.6699999570846558,1.7000000476837158,1.6399999856948853,1.7000000476837158,7932,0.0,0.0
2023-04-12 12:30:00-04:00,1.6500999927520752,1.7319999933242798,1.649999976158142,1.7319999933242798,1690,0.0,0.0
2023-04-12 13:30:00-04:00,1.7000000476837158,1.7000000476837158,1.7000000476837158,1.7000000476837158,300,0.0,0.0
2023-04-12 15:30:00-04:00,1.6699999570846558,1.6699999570846558,1.6699999570846558,1.6699999570846558,0,0.0,0.0
2023-04-13 09:30:00-04:00,1.7649999856948853,1.8732000589370728,1.7649999856948853,1.851199984550476,9530,0.0,0.0
2023-04-13 11:30:00-04:00,1.750100016593933,1.7599999904632568,1.75,1.75,2032,0.0,0.0
2023-04-13 14:30:00-04:00,1.7000000476837158,1.7599999904632568,1.7000000476837158,1.7599999904632568,605,0.0,0.0
2023-04-13 15:30:00-04:00,1.7000000476837158,1.7481000423431396,1.7000000476837158,1.7481000423431396,0,0.0,0.0
2023-04-14 11:30:00-04:00,1.7000000476837158,1.7599999904632568,1.7000000476837158,1.7524000406265259,2219,0.0,0.0
2023-04-14 12:30:00-04:00,1.7000000476837158,1.751099944114685,1.7000000476837158,1.751099944114685,484,0.0,0.0
2023-04-14 13:30:00-04:00,1.7599999904632568,1.7599999904632568,1.753499984741211,1.753499984741211,4751,0.0,0.0
2023-04-14 14:30:00-04:00,1.7000000476837158,1.7599999904632568,1.659999966621399,1.7599999904632568,5971,0.0,0.0
2023-04-14 15:30:00-04:00,1.7000000476837158,1.75,1.7000000476837158,1.7200000286102295,2065,0.0,0.0
2023-04-17 09:30:00-04:00,1.929900050163269,1.929900050163269,1.929900050163269,1.929900050163269,374,0.0,0.0
2023-04-17 10:30:00-04:00,1.8848999738693237,1.8848999738693237,1.8848999738693237,1.8848999738693237,317,0.0,0.0
2023-04-17 11:30:00-04:00,1.7999999523162842,1.8809000253677368,1.7599999904632568,1.8499000072479248,2627,0.0,0.0
2023-04-17 15:30:00-04:00,1.840000033378601,1.840000033378601,1.840000033378601,1.840000033378601,0,0.0,0.0
2023-04-18 09:30:00-04:00,1.809999942779541,1.98989999294281,1.809999942779541,1.9800000190734863,2984,0.0,0.0
2023-04-18 10:30:00-04:00,1.899999976158142,1.899999976158142,1.899999976158142,1.899999976158142,384,0.0,0.0
2023-04-18 11:30:00-04:00,1.8650000095367432,1.8650000095367432,1.8650000095367432,1.8650000095367432,216,0.0,0.0
2023-04-18 14:30:00-04:00,1.840000033378601,1.840000033378601,1.840000033378601,1.840000033378601,0,0.0,0.0
2023-04-19 09:30:00-04:00,1.875,1.909999966621399,1.7999999523162842,1.8799999952316284,3745,0.0,0.0
2023-04-19 10:30:00-04:00,1.8849999904632568,1.899999976158142,1.8849999904632568,1.899999976158142,396,0.0,0.0
2023-04-19 12:30:00-04:00,1.8700000047683716,1.8700000047683716,1.8600000143051147,1.8600000143051147,360,0.0,0.0
2023-04-19 13:30:00-04:00,1.840000033378601,1.8415000438690186,1.8300000429153442,1.8415000438690186,490,0.0,0.0
2023-04-20 09:30:00-04:00,1.8282999992370605,1.9061000347137451,1.8282999992370605,1.9061000347137451,0,0.0,0.0
2023-04-20 10:30:00-04:00,1.8265999555587769,1.8265999555587769,1.8265999555587769,1.8265999555587769,500,0.0,0.0
2023-04-20 11:30:00-04:00,1.8650000095367432,1.8650000095367432,1.8650000095367432,1.8650000095367432,237,0.0,0.0
2023-04-20 14:30:00-04:00,1.827299952507019,1.8550000190734863,1.8200000524520874,1.8550000190734863,849,0.0,0.0
2023-04-20 15:30:00-04:00,1.850000023841858,1.850000023841858,1.850000023841858,1.850000023841858,0,0.0,0.0
2023-04-21 09:30:00-04:00,1.8079999685287476,1.8736000061035156,1.8000999689102173,1.8200000524520874,2815,0.0,0.0
2023-04-21 13:30:00-04:00,1.8194999694824219,1.8194999694824219,1.8194999694824219,1.8194999694824219,183,0.0,0.0
2023-04-21 14:30:00-04:00,1.815000057220459,1.815000057220459,1.815000057220459,1.815000057220459,0,0.0,0.0
2023-04-24 09:30:00-04:00,1.8617000579833984,1.8617000579833984,1.850000023841858,1.850000023841858,0,0.0,0.0
2023-04-24 10:30:00-04:00,1.8799999952316284,1.8799999952316284,1.8799999952316284,1.8799999952316284,1051,0.0,0.0
2023-04-24 12:30:00-04:00,1.840000033378601,1.840000033378601,1.840000033378601,1.840000033378601,265,0.0,0.0
2023-04-24 13:30:00-04:00,1.8700000047683716,1.8700000047683716,1.8700000047683716,1.8700000047683716,106,0.0,0.0
2023-04-25 09:30:00-04:00,1.8200000524520874,1.8799999952316284,1.8200000524520874,1.8799999952316284,164,0.0,0.0
2023-04-25 11:30:00-04:00,1.875599980354309,1.875599980354309,1.875599980354309,1.875599980354309,413,0.0,0.0
2023-04-25 12:30:00-04:00,1.840000033378601,1.8799999952316284,1.8200000524520874,1.8700000047683716,0,0.0,0.0
2023-04-26 10:30:00-04:00,1.8600000143051147,1.8600000143051147,1.8300000429153442,1.8300000429153442,757,0.0,0.0
2023-04-26 12:30:00-04:00,1.854599952697754,1.854599952697754,1.850000023841858,1.850000023841858,296,0.0,0.0
2023-04-26 13:30:00-04:00,1.8300000429153442,1.8300000429153442,1.8300000429153442,1.8300000429153442,119,0.0,0.0
2023-04-27 09:30:00-04:00,1.850000023841858,1.850000023841858,1.850000023841858,1.850000023841858,0,0.0,0.0
2023-04-27 12:30:00-04:00,1.850000023841858,1.850000023841858,1.820099949836731,1.820099949836731,629,0.0,0.0
2023-04-28 09:30:00-04:00,1.8813999891281128,1.8968000411987305,1.850000023841858,1.850000023841858,2354,0.0,0.0
2023-04-28 10:30:00-04:00,1.850000023841858,1.8700000047683716,1.850000023841858,1.8698999881744385,2381,0.0,0.0
2023-05-01 09:30:00-04:00,1.8700000047683716,1.9499000310897827,1.8700000047683716,1.9199999570846558,0,0.0,0.0
2023-05-01 10:30:00-04:00,1.899999976158142,1.9398000240325928,1.899999976158142,1.9398000240325928,1833,0.0,0.0
2023-05-01 11:30:00-04:00,1.940000057220459,1.940000057220459,1.940000057220459,1.940000057220459,194,0.0,0.0
2023-05-01 12:30:00-04:00,1.899999976158142,1.9318000078201294,1.8700000047683716,1.8899999856948853,1772,0.0,0.0
2023-05-02 13:30:00-04:00,1.8600000143051147,1.8600000143051147,1.8600000143051147,1.8600000143051147,0,0.0,0.0
2023-05-02 15:30:00-04:00,1.899999976158142,1.899999976158142,1.899999976158142,1.899999976158142,3,0.0,0.0
2023-05-03 09:30:00-04:00,1.899999976158142,1.899999976158142,1.899999976158142,1.899999976158142,0,0.0,0.0
2023-05-03 15:30:00-04:00,1.9199999570846558,1.9199999570846558,1.9199999570846558,1.9199999570846558,1470,0.0,0.0
2023-05-04 09:30:00-04:00,1.9399000406265259,1.9399000406265259,1.9199999570846558,1.9199999570846558,0,0.0,0.0
2023-05-04 15:30:00-04:00,1.9199999570846558,1.9199999570846558,1.9199999570846558,1.9199999570846558,351,0.0,0.0
2023-05-05 09:30:00-04:00,1.9199999570846558,1.940000057220459,1.9199999570846558,1.9200999736785889,0,0.0,0.0
2023-05-05 10:30:00-04:00,1.9199999570846558,1.9800000190734863,1.9199999570846558,1.9800000190734863,0,0.0,0.0
2023-05-05 11:30:00-04:00,1.9596999883651733,1.9596999883651733,1.9596999883651733,1.9596999883651733,2970,0.0,0.0
2023-05-08 10:30:00-04:00,1.9227999448776245,1.9500000476837158,1.9199999570846558,1.9500000476837158,408,0.0,0.0
2023-05-09 09:30:00-04:00,1.9305000305175781,2.0899999141693115,1.9305000305175781,2.049999952316284,2401,0.0,0.0
2023-05-09 10:30:00-04:00,2.0399999618530273,2.0399999618530273,2.0399999618530273,2.0399999618530273,178,0.0,0.0
2023-05-09 12:30:00-04:00,2.0399999618530273,2.0399999618530273,1.9400999546051025,1.9400999546051025,5921,0.0,0.0
2023-05-09 13:30:00-04:00,1.9900000095367432,2.0850000381469727,1.9900000095367432,2.036099910736084,831,0.0,0.0
2023-05-09 14:30:00-04:00,2.0199999809265137,2.0994999408721924,2.009999990463257,2.0994999408721924,0,0.0,0.0
2023-05-10 09:30:00-04:00,2.130000114440918,2.130000114440918,2.130000114440918,2.130000114440918,400,0.0,0.0
2023-05-10 10:30:00-04:00,2.0799999237060547,2.0799999237060547,2.049999952316284,2.049999952316284,745,0.0,0.0
2023-05-10 12:30:00-04:00,2.0299999713897705,2.0299999713897705,2.0299999713897705,2.0299999713897705,1106,0.0,0.0
2023-05-10 15:30:00-04:00,2.0,2.119999885559082,1.9900000095367432,2.0399999618530273,2202,0.0,0.0
2023-05-11 10:30:00-04:00,2.1600000858306885,2.1600000858306885,2.1600000858306885,2.1600000858306885,180,0.0,0.0
2023-05-11 12:30:00-04:00,2.0227999687194824,2.1019999980926514,2.0,2.1019999980926514,1191,0.0,0.0
2023-05-11 14:30:00-04:00,2.057800054550171,2.057800054550171,2.057800054550171,2.057800054550171,2590,0.0,0.0
2023-05-12 09:30:00-04:00,2.049999952316284,2.049999952316284,2.049999952316284,2.049999952316284,0,0.0,0.0
2023-05-12 15:30:00-04:00,2.180000066757202,2.180000066757202,2.180000066757202,2.180000066757202,500,0.0,0.0
2023-05-16 09:30:00-04:00,2.1500000953674316,2.1500000953674316,2.1500000953674316,2.1500000953674316,588,0.0,0.0
2023-05-16 11:30:00-04:00,2.1143999099731445,2.1500000953674316,2.0999999046325684,2.0999999046325684,2360,0.0,0.0
2023-05-16 12:30:00-04:00,2.1809000968933105,2.1809000968933105,2.1809000968933105,2.1809000968933105,199,0.0,0.0
2023-05-16 13:30:00-04:00,2.088399887084961,2.140000104904175,2.0799999237060547,2.0799999237060547,639,0.0,0.0
2023-05-16 14:30:00-04:00,2.0199999809265137,2.0199999809265137,2.0199999809265137,2.0199999809265137,505,0.0,0.0
2023-05-16 15:30:00-04:00,1.9600000381469727,1.9700000286102295,1.9299999475479126,1.9700000286102295,0,0.0,0.0
2023-05-17 09:30:00-04:00,2.1600000858306885,2.1600000858306885,2.0,2.009999990463257,692,0.0,0.0
2023-05-17 10:30:00-04:00,2.0950000286102295,2.0950000286102295,2.0950000286102295,2.0950000286102295,200,0.0,0.0
2023-05-17 11:30:00-04:00,2.0450000762939453,2.0450000762939453,2.0450000762939453,2.0450000762939453,319,0.0,0.0
2023-05-17 14:30:00-04:00,2.0399999618530273,2.0399999618530273,2.0399999618530273,2.0399999618530273,197,0.0,0.0
2023-05-17 15:30:00-04:00,2.0,2.0799999237060547,1.9900000095367432,1.9900000095367432,1302,0.0,0.0
2023-05-18 09:30:00-04:00,2.0899999141693115,2.0899999141693115,2.0899999141693115,2.0899999141693115,0,0.0,0.0
2023-05-18 15:30:00-04:00,2.0799999237060547,2.0799999237060547,2.0799999237060547,2.0799999237060547,1858,0.0,0.0
2023-05-19 10:30:00-04:00,2.0,2.0,2.0,2.0,0,0.0,0.0
2023-05-19 14:30:00-04:00,1.9800000190734863,1.9800000190734863,1.9800000190734863,1.9800000190734863,268,0.0,0.0
2023-05-19 15:30:00-04:00,2.0,2.0,2.0,2.0,0,0.0,0.0
2023-05-22 09:30:00-04:00,2.130000114440918,2.177999973297119,2.0399999618530273,2.1500000953674316,993,0.0,0.0
2023-05-22 11:30:00-04:00,2.186500072479248,2.186500072479248,2.186500072479248,2.186500072479248,540,0.0,0.0
2023-05-22 13:30:00-04:00,2.101099967956543,2.101099967956543,2.101099967956543,2.101099967956543,538,0.0,0.0
2023-05-22 15:30:00-04:00,2.140000104904175,2.140000104904175,2.140000104904175,2.140000104904175,665,0.0,0.0
2023-05-23 09:30:00-04:00,2.0969998836517334,2.134999990463257,2.0899999141693115,2.1089000701904297,1901,0.0,0.0
2023-05-23 11:30:00-04:00,2.171799898147583,2.319999933242798,2.1649999618530273,2.299999952316284,21702,0.0,0.0
2023-05-23 12:30:00-04:00,2.200000047683716,2.25,2.200000047683716,2.200000047683716,11141,0.0,0.0
2023-05-23 13:30:00-04:00,2.1500000953674316,2.1500000953674316,2.119999885559082,2.149199962615967,7360,0.0,0.0
2023-05-23 14:30:00-04:00,2.119999885559082,2.119999885559082,2.049999952316284,2.0999999046325684,0,0.0,0.0
2023-05-24 09:30:00-04:00,2.050100088119507,2.174999952316284,2.050100088119507,2.1700000762939453,3174,0.0,0.0
2023-05-24 11:30:00-04:00,2.1050000190734863,2.1050000190734863,2.049999952316284,2.103600025177002,2629,0.0,0.0
2023-05-24 13:30:00-04:00,2.059999942779541,2.059999942779541,2.059999942779541,2.059999942779541,400,0.0,0.0
2023-05-24 14:30:00-04:00,2.1050000190734863,2.1050000190734863,2.1050000190734863,2.1050000190734863,982,0.0,0.0
2023-05-24 15:30:00-04:00,2.0999999046325684,2.2899999618530273,2.075000047683716,2.2121999263763428,4159,0.0,0.0
2023-05-25 09:30:00-04:00,2.0899999141693115,2.2300000190734863,2.0899999141693115,2.2300000190734863,0,0.0,0.0
2023-05-25 11:30:00-04:00,2.157900094985962,2.157900094985962,2.157900094985962,2.157900094985962,0,0.0,0.0
2023-05-25 12:30:00-04:00,2.174999952316284,2.174999952316284,2.125,2.1296000480651855,0,0.0,0.0
2023-05-25 13:30:00-04:00,2.1043999195098877,2.134999990463257,2.1043999195098877,2.134999990463257,4747,0.0,0.0
2023-05-25 14:30:00-04:00,2.119999885559082,2.130000114440918,2.049999952316284,2.130000114440918,5762,0.0,0.0
2023-05-25 15:30:00-04:00,2.130000114440918,2.130000114440918,2.130000114440918,2.130000114440918,0,0.0,0.0
2023-05-26 09:30:00-04:00,2.0999999046325684,2.100100040435791,2.0999999046325684,2.100100040435791,511,0.0,0.0
2023-05-26 11:30:00-04:00,2.049999952316284,2.0998001098632812,2.049999952316284,2.0998001098632812,1474,0.0,0.0
2023-05-26 15:30:00-04:00,2.059999942779541,2.130000114440918,2.0299999713897705,2.0399999618530273,2984,0.0,0.0
2023-05-30 09:30:00-04:00,2.069700002670288,2.069700002670288,2.069700002670288,2.069700002670288,0,0.0,0.0
2023-05-30 10:30:00-04:00,2.0299999713897705,2.0360000133514404,2.0299999713897705,2.0360000133514404,2394,0.0,0.0
2023-05-30 13:30:00-04:00,2.0350000858306885,2.0350000858306885,2.0350000858306885,2.0350000858306885,2412,0.0,0.0
2023-05-30 14:30:00-04:00,2.0,2.0,2.0,2.0,300,0.0,0.0
2023-05-30 15:30:00-04:00,2.0350000858306885,2.0350000858306885,2.0350000858306885,2.0350000858306885,0,0.0,0.0
2023-05-31 13:30:00-04:00,2.032900094985962,2.032900094985962,2.032900094985962,2.032900094985962,439,0.0,0.0
2023-05-31 14:30:00-04:00,2.069999933242798,2.069999933242798,2.069999933242798,2.069999933242798,151,0.0,0.0
2023-05-31 15:30:00-04:00,2.0,2.04229998588562,1.9800000190734863,1.9900000095367432,1183,0.0,0.0
2023-06-01 09:30:00-04:00,1.9592000246047974,2.0597000122070312,1.9592000246047974,2.0597000122070312,747,0.0,0.0
2023-06-01 11:30:00-04:00,2.0269999504089355,2.0269999504089355,2.0269999504089355,2.0269999504089355,0,0.0,0.0
2023-06-01 12:30:00-04:00,2.049999952316284,2.049999952316284,2.049999952316284,2.049999952316284,1099,0.0,0.0
2023-06-01 13:30:00-04:00,2.049999952316284,2.059999942779541,2.0460000038146973,2.049999952316284,1050,0.0,0.0
2023-06-01 15:30:00-04:00,1.9900000095367432,1.9900000095367432,1.9900000095367432,1.9900000095367432,272,0.0,0.0
2023-06-02 11:30:00-04:00,2.04010009765625,2.04010009765625,2.04010009765625,2.04010009765625,1369,0.0,0.0
2023-06-02 13:30:00-04:00,1.9427000284194946,1.9427000284194946,1.909999966621399,1.9394999742507935,883,0.0,0.0
2023-06-05 09:30:00-04:00,1.940000057220459,1.940000057220459,1.940000057220459,1.940000057220459,3,0.0,0.0
2023-06-06 09:30:00-04:00,1.9600000381469727,1.9600000381469727,1.9600000381469727,1.9600000381469727,20,0.0,0.0
2023-06-07 15:30:00-04:00,1.9199999570846558,1.9199999570846558,1.9199999570846558,1.9199999570846558,311,0.0,0.0
2023-06-08 09:30:00-04:00,1.9699000120162964,1.9700000286102295,1.9699000120162964,1.9700000286102295,471,0.0,0.0
2023-06-08 12:30:00-04:00,1.9700000286102295,1.9700000286102295,1.9700000286102295,1.9700000286102295,201,0.0,0.0
2023-06-08 15:30:00-04:00,1.9299999475479126,1.9299999475479126,1.9299999475479126,1.9299999475479126,0,0.0,0.0
2023-06-09 09:30:00-04:00,1.940000057220459,1.9700000286102295,1.922700047492981,1.9450000524520874,869,0.0,0.0
2023-06-09 12:30:00-04:00,1.9199999570846558,1.9199999570846558,1.9199999570846558,1.9199999570846558,218,0.0,0.0
2023-06-09 13:30:00-04:00,1.9299999475479126,1.9299999475479126,1.9299999475479126,1.9299999475479126,100,0.0,0.0
2023-06-09 14:30:00-04:00,1.9299999475479126,1.9299999475479126,1.9299999475479126,1.9299999475479126,100,0.0,0.0
2023-06-09 15:30:00-04:00,1.8899999856948853,1.9105000495910645,1.8899999856948853,1.9105000495910645,421,0.0,0.0
2023-06-12 09:30:00-04:00,1.7200000286102295,1.94350004196167,1.7200000286102295,1.9299999475479126,6342,0.0,0.0
2023-06-12 11:30:00-04:00,1.9049999713897705,1.9328999519348145,1.8899999856948853,1.9328999519348145,953,0.0,0.0
2023-06-12 12:30:00-04:00,1.9000999927520752,1.9199999570846558,1.8799999952316284,1.8799999952316284,2061,0.0,0.0
2023-06-12 13:30:00-04:00,1.8799999952316284,1.8799999952316284,1.8700000047683716,1.8700000047683716,1398,0.0,0.0
2023-06-12 14:30:00-04:00,1.8600000143051147,1.8897000551223755,1.840000033378601,1.88510000705719,0,0.0,0.0
2023-06-13 09:30:00-04:00,1.8600000143051147,1.8897000551223755,1.8600000143051147,1.8897000551223755,379,0.0,0.0
2023-06-13 11:30:00-04:00,1.898800015449524,1.898800015449524,1.898800015449524,1.898800015449524,0,0.0,0.0
2023-06-14 10:30:00-04:00,1.8700000047683716,1.899899959564209,1.8700000047683716,1.899899959564209,1766,0.0,0.0
2023-06-14 12:30:00-04:00,1.8997999429702759,1.8997999429702759,1.8997999429702759,1.8997999429702759,825,0.0,0.0
2023-06-15 09:30:00-04:00,1.9198999404907227,1.9199999570846558,1.8701000213623047,1.9199999570846558,2636,0.0,0.0
2023-06-15 13:30:00-04:00,1.8701000213623047,1.9139000177383423,1.850000023841858,1.8949999809265137,2824,0.0,0.0
2023-06-16 09:30:00-04:00,1.9299999475479126,1.9299999475479126,1.9299999475479126,1.9299999475479126,0,0.0,0.0
2023-06-16 13:30:00-04:00,1.899999976158142,1.9249999523162842,1.899999976158142,1.9249999523162842,1100,0.0,0.0
2023-06-16 14:30:00-04:00,1.9499000310897827,1.9499000310897827,1.9499000310897827,1.9499000310897827,300,0.0,0.0
2023-06-16 15:30:00-04:00,1.940000057220459,1.98989999294281,1.899999976158142,1.98989999294281,1900,0.0,0.0
2023-06-20 10:30:00-04:00,2.0,2.0,2.0,2.0,0,0.0,0.0
2023-06-20 15:30:00-04:00,1.9500000476837158,1.965000033378601,1.9299999475479126,1.965000033378601,750,0.0,0.0
2023-06-21 09:30:00-04:00,1.9900000095367432,1.9900000095367432,1.9900000095367432,1.9900000095367432,0,0.0,0.0
2023-06-21 15:30:00-04:00,1.9500000476837158,1.9904999732971191,1.9500000476837158,1.9904999732971191,0,0.0,0.0
2023-06-22 09:30:00-04:00,1.9458999633789062,1.999899983406067,1.9458999633789062,1.999899983406067,435,0.0,0.0
2023-06-22 10:30:00-04:00,1.9800000190734863,1.9800000190734863,1.9800000190734863,1.9800000190734863,127,0.0,0.0
2023-06-22 12:30:00-04:00,1.9800000190734863,1.9800000190734863,1.9800000190734863,1.9800000190734863,296,0.0,0.0
2023-06-22 13:30:00-04:00,1.9602999687194824,1.9930000305175781,1.9602999687194824,1.9930000305175781,344,0.0,0.0
2023-06-23 09:30:00-04:00,1.9500000476837158,1.965000033378601,1.9500000476837158,1.965000033378601,0,0.0,0.0
2023-06-23 10:30:00-04:00,1.992400050163269,1.992400050163269,1.9600000381469727,1.992400050163269,509,0.0,0.0
2023-06-23 12:30:00-04:00,1.9700000286102295,1.9700000286102295,1.9700000286102295,1.9700000286102295,260,0.0,0.0
2023-06-23 15:30:00-04:00,1.9500000476837158,1.9881000518798828,1.9500000476837158,1.9881000518798828,516,0.0,0.0
2023-06-26 11:30:00-04:00,1.940000057220459,1.9847999811172485,1.940000057220459,1.9847999811172485,444,0.0,0.0
2023-06-26 12:30:00-04:00,1.9500000476837158,1.9500000476837158,1.9500000476837158,1.9500000476837158,250,0.0,0.0
2023-06-26 13:30:00-04:00,1.982699990272522,1.982699990272522,1.9800000190734863,1.9800000190734863,250,0.0,0.0
2023-06-28 10:30:00-04:00,1.9400999546051025,1.9888999462127686,1.9400999546051025,1.9888999462127686,206,0.0,0.0
2023-06-29 09:30:00-04:00,2.0,2.0199999809265137,2.0,2.0199999809265137,3160,0.0,0.0
2023-06-29 11:30:00-04:00,2.0199999809265137,2.0899999141693115,2.0199999809265137,2.0896999835968018,3210,0.0,0.0
2023-06-29 12:30:00-04:00,2.0251998901367188,2.0897998809814453,1.9900000095367432,2.072200059890747,2275,0.0,0.0
2023-06-29 13:30:00-04:00,2.0450000762939453,2.0450000762939453,2.0450000762939453,2.0450000762939453,0,0.0,0.0
2023-06-30 10:30:00-04:00,2.06469988822937,2.069999933242798,2.06469988822937,2.069999933242798,2082,0.0,0.0
2023-06-30 11:30:00-04:00,2.050100088119507,2.066999912261963,2.049999952316284,2.066999912261963,1237,0.0,0.0
2023-06-30 13:30:00-04:00,2.049999952316284,2.049999952316284,2.049999952316284,2.049999952316284,103,0.0,0.0
2023-06-30 14:30:00-04:00,2.030100107192993,2.030100107192993,2.0299999713897705,2.0299999713897705,500,0.0,0.0
2023-07-03 10:30:00-04:00,2.0,2.009500026702881,1.9600000381469727,2.009500026702881,111,0.0,0.0
2023-07-05 10:30:00-04:00,1.9801000356674194,2.0374999046325684,1.9801000356674194,2.0374999046325684,369,0.0,0.0
2023-07-05 12:30:00-04:00,1.9800000190734863,2.049999952316284,1.9800000190734863,2.049999952316284,710,0.0,0.0
2023-07-05 13:30:00-04:00,1.9848999977111816,2.029599905014038,1.9848999977111816,2.029599905014038,519,0.0,0.0
2023-07-06 10:30:00-04:00,2.0299999713897705,2.0427000522613525,2.0,2.0390000343322754,282,0.0,0.0
2023-07-07 09:30:00-04:00,2.0450000762939453,2.049999952316284,2.0450000762939453,2.049999952316284,1120,0.0,0.0
2023-07-11 15:30:00-04:00,2.0399999618530273,2.0899999141693115,2.0399999618530273,2.0899999141693115,1121,0.0,0.0
2023-07-13 10:30:00-04:00,2.041100025177002,2.139899969100952,2.041100025177002,2.139899969100952,152,0.0,0.0
2023-07-13 15:30:00-04:00,2.139899969100952,2.139899969100952,2.0399999618530273,2.139899969100952,1018,0.0,0.0
2023-07-14 11:30:00-04:00,2.119999885559082,2.128999948501587,2.0982000827789307,2.1285998821258545,1013,0.0,0.0
2023-07-14 12:30:00-04:00,2.119999885559082,2.119999885559082,2.119999885559082,2.119999885559082,114,0.0,0.0
2023-07-14 13:30:00-04:00,2.059999942779541,2.1298999786376953,2.049999952316284,2.1298999786376953,1163,0.0,0.0
2023-07-14 15:30:00-04:00,2.0799999237060547,2.0799999237060547,2.0799999237060547,2.0799999237060547,262,0.0,0.0
2023-07-19 09:30:00-04:00,2.0799999237060547,2.107800006866455,2.0,2.0727999210357666,1368,0.0,0.0
2023-07-19 10:30:00-04:00,2.0999999046325684,2.0999999046325684,2.0999999046325684,2.0999999046325684,441,0.0,0.0
2023-07-20 09:30:00-04:00,2.0999999046325684,2.0999999046325684,2.0999999046325684,2.0999999046325684,0,0.0,0.0
2023-07-20 12:30:00-04:00,2.0999999046325684,2.0999999046325684,2.099900007247925,2.099900007247925,0,0.0,0.0
2023-07-21 09:30:00-04:00,2.0399999618530273,2.130000114440918,2.0399999618530273,2.130000114440918,727,0.0,0.0
2023-07-24 14:30:00-04:00,2.059999942779541,2.059999942779541,2.051500082015991,2.051500082015991,529,0.0,0.0
2023-07-24 15:30:00-04:00,2.107300043106079,2.107300043106079,2.059999942779541,2.059999942779541,0,0.0,0.0
2023-07-25 15:30:00-04:00,2.0299999713897705,2.119999885559082,2.0299999713897705,2.119999885559082,314,0.0,0.0
2023-07-26 11:30:00-04:00,2.0601000785827637,2.0601000785827637,2.0601000785827637,2.0601000785827637,613,0.0,0.0
2023-07-27 09:30:00-04:00,2.0920000076293945,2.109999895095825,2.0418999195098877,2.1019999980926514,1063,0.0,0.0
2023-07-27 11:30:00-04:00,2.1101999282836914,2.1101999282836914,2.1101999282836914,2.1101999282836914,412,0.0,0.0
2023-07-27 15:30:00-04:00,2.0399999618530273,2.0850000381469727,2.0399999618530273,2.0850000381469727,462,0.0,0.0
2023-07-28 09:30:00-04:00,2.059999942779541,2.119999885559082,2.059999942779541,2.1041998863220215,0,0.0,0.0
2023-07-28 10:30:00-04:00,2.049999952316284,2.130000114440918,2.0299999713897705,2.130000114440918,3661,0.0,0.0
2023-07-28 11:30:00-04:00,2.149899959564209,2.2200000286102295,2.0799999237060547,2.2035000324249268,15194,0.0,0.0
2023-07-28 12:30:00-04:00,2.2200000286102295,2.2200000286102295,2.184999942779541,2.190000057220459,0,0.0,0.0
2023-07-28 15:30:00-04:00,2.190000057220459,2.190000057220459,2.190000057220459,2.190000057220459,21336,0.0,0.0
2023-07-31 11:30:00-04:00,2.143699884414673,2.143699884414673,2.143699884414673,2.143699884414673,166,0.0,0.0
2023-07-31 12:30:00-04:00,2.1600000858306885,2.1600000858306885,2.1600000858306885,2.1600000858306885,169,0.0,0.0
2023-07-31 15:30:00-04:00,2.140000104904175,2.15120005607605,2.109999895095825,2.15120005607605,892,0.0,0.0
2023-08-01 09:30:00-04:00,2.049999952316284,2.190000057220459,2.049999952316284,2.115000009536743,0,0.0,0.0
2023-08-01 10:30:00-04:00,2.0999999046325684,2.0999999046325684,2.0999999046325684,2.0999999046325684,3645,0.0,0.0
2023-08-01 11:30:00-04:00,2.0799999237060547,2.0799999237060547,2.0799999237060547,2.0799999237060547,210,0.0,0.0
2023-08-01 12:30:00-04:00,2.059999942779541,2.059999942779541,2.059999942779541,2.059999942779541,173,0.0,0.0
2023-08-01 15:30:00-04:00,2.059999942779541,2.059999942779541,1.972000002861023,1.9800000190734863,0,0.0,0.0
2023-08-02 09:30:00-04:00,2.073499917984009,2.073499917984009,2.073499917984009,2.073499917984009,0,0.0,0.0
2023-08-02 10:30:00-04:00,2.059999942779541,2.0964999198913574,2.0199999809265137,2.0964999198913574,1700,0.0,0.0
2023-08-03 09:30:00-04:00,2.111999988555908,2.111999988555908,2.111999988555908,2.111999988555908,0,0.0,0.0
2023-08-03 10:30:00-04:00,2.119999885559082,2.119999885559082,1.899999976158142,2.0831000804901123,7778,0.0,0.0
2023-08-03 11:30:00-04:00,2.0157999992370605,2.109999895095825,2.0157999992370605,2.109999895095825,373,0.0,0.0
2023-08-03 12:30:00-04:00,2.0399999618530273,2.109999895095825,2.0399999618530273,2.109999895095825,355,0.0,0.0
2023-08-03 14:30:00-04:00,2.009999990463257,2.009999990463257,1.8344000577926636,1.9208999872207642,4378,0.0,0.0
2023-08-04 09:30:00-04:00,2.0,2.005000114440918,1.9184000492095947,1.9500000476837158,0,0.0,0.0
2023-08-04 10:30:00-04:00,1.9490000009536743,1.9490000009536743,1.899999976158142,1.9240000247955322,1117,0.0,0.0
2023-08-04 11:30:00-04:00,1.899999976158142,1.924399971961975,1.899999976158142,1.9149999618530273,653,0.0,0.0
2023-08-04 12:30:00-04:00,1.899999976158142,1.899999976158142,1.8600000143051147,1.8700000047683716,2772,0.0,0.0
2023-08-04 15:30:00-04:00,1.8502000570297241,1.8700000047683716,1.8200000524520874,1.840000033378601,4918,0.0,0.0
2023-08-07 09:30:00-04:00,1.850000023841858,1.9175000190734863,1.850000023841858,1.9175000190734863,679,0.0,0.0
2023-08-07 11:30:00-04:00,1.850000023841858,1.940000057220459,1.850000023841858,1.940000057220459,438,0.0,0.0
2023-08-07 13:30:00-04:00,1.8600000143051147,1.899999976158142,1.8600000143051147,1.899999976158142,455,0.0,0.0
2023-08-08 09:30:00-04:00,1.8984999656677246,1.8984999656677246,1.805299997329712,1.8700000047683716,7064,0.0,0.0
2023-08-08 10:30:00-04:00,1.8700000047683716,1.9299999475479126,1.8350000381469727,1.8600000143051147,4461,0.0,0.0
2023-08-08 12:30:00-04:00,1.8849999904632568,1.8849999904632568,1.8849999904632568,1.8849999904632568,258,0.0,0.0
2023-08-08 13:30:00-04:00,1.8799999952316284,1.8801000118255615,1.8799999952316284,1.8801000118255615,2630,0.0,0.0
2023-08-08 14:30:00-04:00,1.8944000005722046,1.8944000005722046,1.8944000005722046,1.8944000005722046,260,0.0,0.0
2023-08-08 15:30:00-04:00,1.8849999904632568,1.8849999904632568,1.8849999904632568,1.8849999904632568,0,0.0,0.0
2023-08-09 12:30:00-04:00,1.9199999570846558,1.9199999570846558,1.9199999570846558,1.9199999570846558,258,0.0,0.0
2023-08-09 15:30:00-04:00,1.8799999952316284,1.8799999952316284,1.8799999952316284,1.8799999952316284,0,0.0,0.0
2023-08-10 14:30:00-04:00,1.9800000190734863,1.9800000190734863,1.9800000190734863,1.9800000190734863,121,0.0,0.0
2023-08-10 15:30:00-04:00,1.9500000476837158,1.9500000476837158,1.9500000476837158,1.9500000476837158,59,0.0,0.0
2023-08-11 13:30:00-04:00,1.899999976158142,1.899999976158142,1.899999976158142,1.899999976158142,284,0.0,0.0
2023-08-11 14:30:00-04:00,1.899999976158142,1.899999976158142,1.899999976158142,1.899999976158142,100,0.0,0.0
2023-08-11 15:30:00-04:00,1.9738999605178833,1.9738999605178833,1.899999976158142,1.899999976158142,337,0.0,0.0
2023-08-14 09:30:00-04:00,1.9718999862670898,1.9718999862670898,1.9718999862670898,1.9718999862670898,0,0.0,0.0
2023-08-14 15:30:00-04:00,1.948099970817566,1.948099970817566,1.948099970817566,1.948099970817566,0,0.0,0.0
2023-08-16 09:30:00-04:00,1.878999948501587,1.878999948501587,1.878999948501587,1.878999948501587,609,0.0,0.0
2023-08-16 13:30:00-04:00,1.840000033378601,1.8590999841690063,1.840000033378601,1.8590999841690063,1171,0.0,0.0
2023-08-16 14:30:00-04:00,1.8667999505996704,1.8667999505996704,1.8667999505996704,1.8667999505996704,0,0.0,0.0
2023-08-17 10:30:00-04:00,1.875,1.875,1.875,1.875,47,0.0,0.0
2023-08-21 14:30:00-04:00,1.875,1.875,1.875,1.875,0,0.0,0.0
2023-08-22 10:30:00-04:00,1.875,1.875,1.875,1.875,0,0.0,0.0
2023-08-23 09:30:00-04:00,1.875,1.875,1.850000023841858,1.875,93,0.0,0.0
2023-08-25 10:30:00-04:00,1.875,1.875,1.875,1.875,435,0.0,0.0
2023-08-25 11:30:00-04:00,1.850000023841858,1.899999976158142,1.8450000286102295,1.8799999952316284,12027,0.0,0.0
2023-08-25 15:30:00-04:00,1.8799999952316284,1.8799999952316284,1.8799999952316284,1.8799999952316284,336,0.0,0.0
2023-08-29 09:30:00-04:00,1.850000023841858,1.8997999429702759,1.850000023841858,1.8997999429702759,158,0.0,0.0
2023-08-31 15:30:00-04:00,1.850000023841858,1.899999976158142,1.840000033378601,1.899999976158142,1293,0.0,0.0
2023-09-01 09:30:00-04:00,1.8899999856948853,1.8899999856948853,1.8899999856948853,1.8899999856948853,0,0.0,0.0
2023-09-01 10:30:00-04:00,1.875,1.8918999433517456,1.850000023841858,1.8918999433517456,736,0.0,0.0
2023-09-01 12:30:00-04:00,1.8600000143051147,1.8650000095367432,1.7799999713897705,1.8650000095367432,3392,0.0,0.0
2023-09-05 09:30:00-04:00,1.8550000190734863,1.8650000095367432,1.840000033378601,1.8650000095367432,0,0.0,0.0
2023-09-05 10:30:00-04:00,1.840000033378601,1.8550000190734863,1.820099949836731,1.8492000102996826,0,0.0,0.0
2023-09-07 12:30:00-04:00,1.8588999509811401,1.875,1.8200000524520874,1.8600000143051147,25113,0.0,0.0
2023-09-07 14:30:00-04:00,1.8600000143051147,1.8600000143051147,1.8600000143051147,1.8600000143051147,0,0.0,0.0
2023-09-08 09:30:00-04:00,1.8200000524520874,1.8832000494003296,1.7000000476837158,1.750100016593933,9468,0.0,0.0
2023-09-08 10:30:00-04:00,1.899999976158142,1.899999976158142,1.7201000452041626,1.7899999618530273,1427,0.0,0.0
2023-09-08 12:30:00-04:00,1.7400000095367432,1.794700026512146,1.7400000095367432,1.794700026512146,738,0.0,0.0
2023-09-08 13:30:00-04:00,1.7400000095367432,1.7899999618530273,1.7400000095367432,1.7899999618530273,370,0.0,0.0
2023-09-08 15:30:00-04:00,1.7300000190734863,1.7899999618530273,1.7200000286102295,1.7599999904632568,1471,0.0,0.0
2023-09-11 09:30:00-04:00,1.7201000452041626,1.899899959564209,1.6366000175476074,1.899899959564209,0,0.0,0.0
2023-09-11 10:30:00-04:00,1.8600000143051147,1.8700000047683716,1.8600000143051147,1.8700000047683716,16003,0.0,0.0
2023-09-11 11:30:00-04:00,1.76010000705719,1.899899959564209,1.76010000705719,1.899899959564209,280,0.0,0.0
2023-09-11 15:30:00-04:00,1.798799991607666,1.798799991607666,1.798799991607666,1.798799991607666,0,0.0,0.0
2023-09-12 09:30:00-04:00,1.750100016593933,1.899899959564209,1.75,1.75,1854,0.0,0.0
2023-09-12 10:30:00-04:00,1.7200000286102295,1.75,1.7200000286102295,1.75,650,0.0,0.0
2023-09-12 12:30:00-04:00,1.746000051498413,1.746000051498413,1.746000051498413,1.746000051498413,501,0.0,0.0
2023-09-12 13:30:00-04:00,1.75,1.75,1.725000023841858,1.7400000095367432,375,0.0,0.0
2023-09-12 14:30:00-04:00,1.7350000143051147,1.75,1.6699999570846558,1.749500036239624,5710,0.0,0.0
2023-09-12 15:30:00-04:00,1.7300000190734863,1.75,1.7300000190734863,1.749500036239624,0,0.0,0.0
2023-09-13 15:30:00-04:00,1.7200000286102295,1.8299000263214111,1.7200000286102295,1.8299000263214111,205,0.0,0.0
2023-09-14 12:30:00-04:00,1.809999942779541,1.809999942779541,1.7999999523162842,1.7999999523162842,13416,0.0,0.0
2023-09-14 13:30:00-04:00,1.7899999618530273,1.8099000453948975,1.7899999618530273,1.8099000453948975,365,0.0,0.0
2023-09-14 15:30:00-04:00,1.7799999713897705,1.8499000072479248,1.7699999809265137,1.7996000051498413,0,0.0,0.0
2023-09-15 09:30:00-04:00,1.7200000286102295,1.8499000072479248,1.7200000286102295,1.8200000524520874,1521,0.0,0.0
2023-09-15 10:30:00-04:00,1.7599999904632568,1.8899999856948853,1.7599999904632568,1.8803000450134277,1761,0.0,0.0
2023-09-15 15:30:00-04:00,1.7799999713897705,1.8049999475479126,1.7799999713897705,1.8049999475479126,650,0.0,0.0
2023-09-18 10:30:00-04:00,1.7400000095367432,1.8300000429153442,1.7400000095367432,1.8300000429153442,153,0.0,0.0
2023-09-18 11:30:00-04:00,1.75,1.7899999618530273,1.75,1.7899999618530273,657,0.0,0.0
2023-09-18 13:30:00-04:00,1.7599999904632568,1.839900016784668,1.7599999904632568,1.839900016784668,879,0.0,0.0
2023-09-19 09:30:00-04:00,1.7999999523162842,1.850000023841858,1.7999999523162842,1.850000023841858,0,0.0,0.0
2023-09-19 10:30:00-04:00,1.8598999977111816,1.8598999977111816,1.850000023841858,1.850000023841858,0,0.0,0.0
2023-09-20 10:30:00-04:00,1.7799999713897705,1.8600000143051147,1.7599999904632568,1.8600000143051147,11015,0.0,0.0
2023-09-20 11:30:00-04:00,1.7799999713897705,1.8600000143051147,1.7799999713897705,1.8600000143051147,1355,0.0,0.0
2023-09-20 15:30:00-04:00,1.7799999713897705,1.8291000127792358,1.7599999904632568,1.8291000127792358,0,0.0,0.0
2023-09-21 09:30:00-04:00,1.6200000047683716,1.839900016784668,1.6200000047683716,1.7799999713897705,4493,0.0,0.0
2023-09-21 12:30:00-04:00,1.7949999570846558,1.7949999570846558,1.7949999570846558,1.7949999570846558,626,0.0,0.0
2023-09-21 15:30:00-04:00,1.7599999904632568,1.7898999452590942,1.7599999904632568,1.7898999452590942,0,0.0,0.0
2023-09-22 09:30:00-04:00,1.7999999523162842,1.7999999523162842,1.7999999523162842,1.7999999523162842,736,0.0,0.0
2023-09-22 15:30:00-04:00,1.7599999904632568,1.8250000476837158,1.7599999904632568,1.8250000476837158,295,0.0,0.0
2023-09-26 09:30:00-04:00,1.899999976158142,1.9800000190734863,1.7999999523162842,1.8729000091552734,12502,0.0,0.0
2023-09-26 10:30:00-04:00,1.8200000524520874,1.850000023841858,1.8200000524520874,1.850000023841858,2027,0.0,0.0
2023-09-26 11:30:00-04:00,1.850000023841858,1.850000023841858,1.850000023841858,1.850000023841858,304,0.0,0.0
2023-09-26 12:30:00-04:00,1.812000036239624,1.8798999786376953,1.781999945640564,1.8788000345230103,2687,0.0,0.0
2023-09-26 13:30:00-04:00,1.7999999523162842,1.839900016784668,1.7799999713897705,1.839900016784668,922,0.0,0.0
2023-09-27 09:30:00-04:00,1.7799999713897705,1.839900016784668,1.7799999713897705,1.839900016784668,540,0.0,0.0
2023-09-27 15:30:00-04:00,1.7999999523162842,1.8898999691009521,1.7899999618530273,1.8200000524520874,1091,0.0,0.0
2023-09-28 09:30:00-04:00,1.8769999742507935,1.8769999742507935,1.8769999742507935,1.8769999742507935,267,0.0,0.0
2023-09-28 12:30:00-04:00,1.7999999523162842,1.840000033378601,1.7999999523162842,1.840000033378601,636,0.0,0.0
2023-09-29 09:30:00-04:00,1.8854000568389893,1.8854000568389893,1.8854000568389893,1.8854000568389893,149,0.0,0.0
2023-09-29 10:30:00-04:00,1.809999942779541,1.850000023841858,1.7599999904632568,1.7971999645233154,1845,0.0,0.0
2023-09-29 13:30:00-04:00,1.7800999879837036,1.798799991607666,1.7800999879837036,1.798799991607666,2167,0.0,0.0
2023-09-29 15:30:00-04:00,1.7999999523162842,1.840000033378601,1.7999999523162842,1.840000033378601,350,0.0,0.0
2023-10-02 09:30:00-04:00,1.7699999809265137,1.8600000143051147,1.7200000286102295,1.7200000286102295,6796,0.0,0.0
2023-10-02 10:30:00-04:00,1.7100000381469727,1.7798999547958374,1.6399999856948853,1.7798999547958374,6976,0.0,0.0
2023-10-02 11:30:00-04:00,1.75,1.8300000429153442,1.75,1.7999000549316406,1114,0.0,0.0
2023-10-03 11:30:00-04:00,1.75,1.8037999868392944,1.6100000143051147,1.8037999868392944,5708,0.0,0.0
2023-10-03 12:30:00-04:00,1.7000000476837158,1.7437000274658203,1.7000000476837158,1.7300000190734863,1213,0.0,0.0
2023-10-03 15:30:00-04:00,1.7200000286102295,1.75,1.7100000381469727,1.7200000286102295,0,0.0,0.0
2023-10-04 09:30:00-04:00,1.6101000308990479,1.6708999872207642,1.5200999975204468,1.590000033378601,8037,0.0,0.0
2023-10-04 10:30:00-04:00,1.5099999904632568,1.5398999452590942,1.25,1.326200008392334,110601,0.0,0.0
2023-10-04 11:30:00-04:00,1.2949999570846558,1.3269000053405762,1.2100000381469727,1.3269000053405762,7371,0.0,0.0
2023-10-04 12:30:00-04:00,1.25,1.2870999574661255,1.1299999952316284,1.159999966621399,27443,0.0,0.0
2023-10-04 13:30:00-04:00,1.149999976158142,1.1699999570846558,1.100100040435791,1.1650999784469604,19407,0.0,0.0
2023-10-04 14:30:00-04:00,1.1299999952316284,1.2300000190734863,1.1299999952316284,1.2294000387191772,43614,0.0,0.0
2023-10-04 15:30:00-04:00,1.2098000049591064,1.2486000061035156,1.159999966621399,1.1996999979019165,0,0.0,0.0
2023-10-05 09:30:00-04:00,1.25,1.25,1.1200000047683716,1.2100000381469727,7149,0.0,0.0
2023-10-05 10:30:00-04:00,1.1799999475479126,1.1871999502182007,1.159999966621399,1.1871999502182007,1112,0.0,0.0
2023-10-05 11:30:00-04:00,1.1950000524520874,1.1950000524520874,1.190000057220459,1.190000057220459,840,0.0,0.0
2023-10-05 13:30:00-04:00,1.159999966621399,1.1649999618530273,1.1410000324249268,1.1649999618530273,2465,0.0,0.0
2023-10-05 14:30:00-04:00,1.149999976158142,1.149999976158142,1.0099999904632568,1.1227999925613403,16425,0.0,0.0
2023-10-05 15:30:00-04:00,1.0800000429153442,1.1298999786376953,1.0800000429153442,1.1298999786376953,1144,0.0,0.0
2023-10-06 09:30:00-04:00,1.0799000263214111,1.2000000476837158,1.079699993133545,1.149999976158142,6264,0.0,0.0
2023-10-06 10:30:00-04:00,1.1689000129699707,1.1689000129699707,1.1399999856948853,1.1399999856948853,6780,0.0,0.0
2023-10-06 12:30:00-04:00,1.159999966621399,1.159999966621399,1.149999976158142,1.149999976158142,529,0.0,0.0
2023-10-06 13:30:00-04:00,1.1399999856948853,1.1401000022888184,1.0800000429153442,1.1198999881744385,4079,0.0,0.0
2023-10-06 15:30:00-04:00,1.1101000308990479,1.1598999500274658,1.1101000308990479,1.1598999500274658,401,0.0,0.0
2023-10-09 09:30:00-04:00,1.1299999952316284,1.159999966621399,1.1299999952316284,1.159999966621399,874,0.0,0.0
2023-10-09 10:30:00-04:00,1.100000023841858,1.1101000308990479,1.100000023841858,1.1101000308990479,459,0.0,0.0
2023-10-09 11:30:00-04:00,1.149999976158142,1.149999976158142,1.149999976158142,1.149999976158142,136,0.0,0.0
2023-10-09 13:30:00-04:00,1.1100000143051147,1.1100000143051147,1.1100000143051147,1.1100000143051147,610,0.0,0.0
2023-10-09 14:30:00-04:00,1.1299999952316284,1.1598999500274658,1.0499999523162842,1.1598000526428223,0,0.0,0.0
2023-10-10 09:30:00-04:00,1.090000033378601,1.1442999839782715,1.0099999904632568,1.090000033378601,14397,0.0,0.0
2023-10-10 10:30:00-04:00,1.059999942779541,1.100000023841858,0.9700000286102295,1.0449999570846558,18458,0.0,0.0
2023-10-10 11:30:00-04:00,1.0099999904632568,1.0399999618530273,0.8411999940872192,0.8447999954223633,30445,0.0,0.0
2023-10-10 12:30:00-04:00,0.8799999952316284,0.9442999958992004,0.8600000143051147,0.8899999856948853,11472,0.0,0.0
2023-10-10 13:30:00-04:00,0.8899999856948853,0.9193999767303467,0.8636999726295471,0.8700000047683716,16284,0.0,0.0
2023-10-10 14:30:00-04:00,0.8700000047683716,0.9447000026702881,0.8600000143051147,0.8727999925613403,12866,0.0,0.0
2023-10-10 15:30:00-04:00,0.9164000153541565,0.9164000153541565,0.8740000128746033,0.8819000124931335,0,0.0,0.0
2023-10-11 09:30:00-04:00,0.8831999897956848,0.8841999769210815,0.8831999897956848,0.8841999769210815,963,0.0,0.0
2023-10-11 10:30:00-04:00,0.8700000047683716,0.9100000262260437,0.8561999797821045,0.8600000143051147,18511,0.0,0.0
2023-10-11 11:30:00-04:00,0.8600999712944031,0.8754000067710876,0.7494000196456909,0.8754000067710876,21001,0.0,0.0
2023-10-11 12:30:00-04:00,0.815500020980835,0.8382999897003174,0.815500020980835,0.8382999897003174,1048,0.0,0.0
2023-10-11 15:30:00-04:00,0.8119999766349792,0.8119999766349792,0.8119999766349792,0.8119999766349792,554,0.0,0.0
2023-10-12 09:30:00-04:00,0.8679999709129333,0.8679999709129333,0.800000011920929,0.8399999737739563,8078,0.0,0.0
2023-10-12 11:30:00-04:00,0.8299999833106995,0.8349999785423279,0.8299999833106995,0.8349999785423279,2871,0.0,0.0
2023-10-12 12:30:00-04:00,0.800000011920929,0.819100022315979,0.7821000218391418,0.7821000218391418,4209,0.0,0.0
2023-10-12 13:30:00-04:00,0.7799999713897705,0.7908999919891357,0.7531999945640564,0.7860000133514404,6252,0.0,0.0
2023-10-12 14:30:00-04:00,0.7540000081062317,0.7799999713897705,0.7260000109672546,0.739300012588501,0,0.0,0.0
2023-10-13 09:30:00-04:00,0.800000011920929,0.800000011920929,0.800000011920929,0.800000011920929,2027,0.0,0.0
2023-10-13 10:30:00-04:00,0.7900000214576721,0.7900000214576721,0.7401009798049927,0.7599999904632568,6077,0.0,0.0
2023-10-13 11:30:00-04:00,0.7425000071525574,0.7430999875068665,0.7401000261306763,0.7430999875068665,3356,0.0,0.0
2023-10-13 13:30:00-04:00,0.75,0.7922000288963318,0.75,0.7922000288963318,3304,0.0,0.0
2023-10-16 09:30:00-04:00,0.8500000238418579,0.8650000095367432,0.8500000238418579,0.8650000095367432,31863,0.0,0.0
2023-10-16 10:30:00-04:00,0.9207000136375427,0.9207000136375427,0.9200000166893005,0.9200000166893005,1804,0.0,0.0
2023-10-16 11:30:00-04:00,0.9236999750137329,0.9236999750137329,0.9236999750137329,0.9236999750137329,250,0.0,0.0
2023-10-16 12:30:00-04:00,0.9236990213394165,0.9236990213394165,0.8799999952316284,0.8799999952316284,2639,0.0,0.0
2023-10-16 14:30:00-04:00,0.8500000238418579,0.8500000238418579,0.8500000238418579,0.8500000238418579,138,0.0,0.0
2023-10-16 15:30:00-04:00,0.8510000109672546,0.8690000176429749,0.8500000238418579,0.8690000176429749,23505,0.0,0.0
2023-10-17 09:30:00-04:00,0.8500000238418579,0.8500999808311462,0.8500000238418579,0.8500999808311462,527,0.0,0.0
2023-10-17 10:30:00-04:00,0.8500999808311462,0.8500999808311462,0.8500999808311462,0.8500999808311462,725,0.0,0.0
2023-10-17 11:30:00-04:00,0.8500000238418579,0.8500000238418579,0.8500000238418579,0.8500000238418579,667,0.0,0.0
2023-10-18 10:30:00-04:00,0.859000027179718,0.859000027179718,0.859000027179718,0.859000027179718,640,0.0,0.0
2023-10-18 11:30:00-04:00,0.859000027179718,0.859000027179718,0.859000027179718,0.859000027179718,324,0.0,0.0
2023-10-18 12:30:00-04:00,0.8980000019073486,0.8980000019073486,0.8980000019073486,0.8980000019073486,1111,0.0,0.0
2023-10-18 13:30:00-04:00,0.8980000019073486,0.8999999761581421,0.8980000019073486,0.8999999761581421,1687,0.0,0.0
2023-10-18 14:30:00-04:00,0.8999999761581421,0.8999999761581421,0.8999999761581421,0.8999999761581421,0,0.0,0.0
2023-10-19 10:30:00-04:00,0.8999999761581421,0.8999999761581421,0.8999999761581421,0.8999999761581421,234,0.0,0.0
2023-10-19 11:30:00-04:00,0.8501009941101074,0.8886010050773621,0.8500000238418579,0.8519309759140015,6310,0.0,0.0
2023-10-19 12:30:00-04:00,0.8500000238418579,0.8500000238418579,0.8500000238418579,0.8500000238418579,1016,0.0,0.0
2023-10-19 13:30:00-04:00,0.8500000238418579,0.8500999808311462,0.8500000238418579,0.8500999808311462,1013,0.0,0.0
2023-10-19 15:30:00-04:00,0.8799999952316284,0.8799999952316284,0.8799999952316284,0.8799999952316284,0,0.0,0.0
2023-10-20 12:30:00-04:00,0.9200000166893005,0.9200000166893005,0.9200000166893005,0.9200000166893005,367,0.0,0.0
2023-10-20 13:30:00-04:00,0.8999999761581421,0.9100000262260437,0.8999999761581421,0.8999999761581421,728,0.0,0.0
2023-10-23 10:30:00-04:00,0.8500000238418579,0.8500000238418579,0.8500000238418579,0.8500000238418579,140,0.0,0.0
2023-10-23 11:30:00-04:00,0.8500000238418579,0.8500000238418579,0.8500000238418579,0.8500000238418579,100,0.0,0.0
2023-10-23 12:30:00-04:00,0.8500000238418579,0.8500000238418579,0.8500000238418579,0.8500000238418579,100,0.0,0.0
2023-10-23 13:30:00-04:00,0.8748000264167786,0.8748000264167786,0.8748000264167786,0.8748000264167786,145,0.0,0.0
2023-10-23 14:30:00-04:00,0.8885999917984009,0.8885999917984009,0.8500000238418579,0.8500000238418579,0,0.0,0.0
2023-10-24 09:30:00-04:00,0.8924999833106995,0.9097999930381775,0.8924999833106995,0.9097999930381775,410,0.0,0.0
2023-10-24 10:30:00-04:00,0.8610000014305115,0.8610000014305115,0.8600000143051147,0.8600999712944031,600,0.0,0.0
2023-10-24 11:30:00-04:00,0.8675000071525574,0.8675000071525574,0.8529000282287598,0.8529000282287598,1893,0.0,0.0
2023-10-24 14:30:00-04:00,0.8600999712944031,0.8600999712944031,0.8500999808311462,0.8500999808311462,0,0.0,0.0
2023-10-25 11:30:00-04:00,0.8886010050773621,0.8886010050773621,0.8886010050773621,0.8886010050773621,617,0.0,0.0
2023-10-25 12:30:00-04:00,0.8600000143051147,0.8600000143051147,0.8600000143051147,0.8600000143051147,610,0.0,0.0
2023-10-25 13:30:00-04:00,0.8500000238418579,0.8500000238418579,0.8500000238418579,0.8500000238418579,3224,0.0,0.0
2023-10-25 14:30:00-04:00,0.8500000238418579,0.8510000109672546,0.7524999976158142,0.7605999708175659,11107,0.0,0.0
2023-10-25 15:30:00-04:00,0.7605999708175659,0.8130000233650208,0.760200023651123,0.7767999768257141,0,0.0,0.0
2023-10-26 11:30:00-04:00,0.7505000233650208,0.7505000233650208,0.7505000233650208,0.7505000233650208,491,0.0,0.0
2023-10-26 12:30:00-04:00,0.8050500154495239,0.8050500154495239,0.8050500154495239,0.8050500154495239,825,0.0,0.0
2023-10-26 14:30:00-04:00,0.7889999747276306,0.7889999747276306,0.7889999747276306,0.7889999747276306,0,0.0,0.0
2023-10-27 10:30:00-04:00,0.8284000158309937,0.8284000158309937,0.7878999710083008,0.7878999710083008,326,0.0,0.0
2023-10-27 11:30:00-04:00,0.7870000004768372,0.7878999710083008,0.7870000004768372,0.7878999710083008,3238,0.0,0.0
2023-10-27 13:30:00-04:00,0.7900000214576721,0.7900000214576721,0.7900000214576721,0.7900000214576721,401,0.0,0.0
2023-10-30 09:30:00-04:00,0.7645000219345093,0.7645000219345093,0.7645000219345093,0.7645000219345093,0,0.0,0.0
2023-10-30 10:30:00-04:00,0.7900000214576721,0.7900000214576721,0.7900000214576721,0.7900000214576721,202,0.0,0.0
2023-10-30 12:30:00-04:00,0.8256999850273132,0.8256999850273132,0.8256999850273132,0.8256999850273132,101,0.0,0.0
2023-10-30 15:30:00-04:00,0.8014000058174133,0.8014000058174133,0.8014000058174133,0.8014000058174133,0,0.0,0.0
2023-10-31 10:30:00-04:00,0.8131009936332703,0.8131009936332703,0.8059999942779541,0.8059999942779541,2705,0.0,0.0
2023-11-01 10:30:00-04:00,0.8199999928474426,0.8199999928474426,0.8199999928474426,0.8199999928474426,174,0.0,0.0
2023-11-01 12:30:00-04:00,0.7999989986419678,0.7999989986419678,0.7999989986419678,0.7999989986419678,52,0.0,0.0
2023-11-02 09:30:00-04:00,0.73580002784729,0.878000020980835,0.73580002784729,0.878000020980835,4623,0.0,0.0
2023-11-02 10:30:00-04:00,0.8700000047683716,0.8700000047683716,0.8100990056991577,0.8349999785423279,2410,0.0,0.0
2023-11-02 14:30:00-04:00,0.800000011920929,0.8100000023841858,0.800000011920929,0.800000011920929,881,0.0,0.0
2023-11-02 15:30:00-04:00,0.8001009821891785,0.8011999726295471,0.800000011920929,0.8001000285148621,0,0.0,0.0
2023-11-03 09:30:00-04:00,0.7310000061988831,0.7409999966621399,0.7310000061988831,0.7409999966621399,1291,0.0,0.0
2023-11-03 11:30:00-04:00,0.800000011920929,0.800000011920929,0.7998999953269958,0.800000011920929,7887,0.0,0.0
2023-11-03 13:30:00-04:00,0.8002009987831116,0.8002009987831116,0.8002009987831116,0.8002009987831116,798,0.0,0.0
2023-11-06 11:30:00-05:00,0.7408000230789185,0.7408000230789185,0.7408000230789185,0.7408000230789185,5403,0.0,0.0
2023-11-06 12:30:00-05:00,0.7998999953269958,0.7998999953269958,0.7998999953269958,0.7998999953269958,232,0.0,0.0
2023-11-06 15:30:00-05:00,0.7954000234603882,0.7954000234603882,0.7954000234603882,0.7954000234603882,0,0.0,0.0
2023-11-07 13:30:00-05:00,0.8299999833106995,0.8299999833106995,0.8240000009536743,0.8240000009536743,294,0.0,0.0
2023-11-07 15:30:00-05:00,0.8239989876747131,0.8239989876747131,0.8007000088691711,0.8100000023841858,2960,0.0,0.0
2023-11-08 09:30:00-05:00,0.8399999737739563,0.8399999737739563,0.8399999737739563,0.8399999737739563,0,0.0,0.0
2023-11-08 10:30:00-05:00,0.7601000070571899,0.847599983215332,0.7601000070571899,0.847599983215332,965,0.0,0.0
2023-11-08 11:30:00-05:00,0.8149999976158142,0.8149999976158142,0.8149999976158142,0.8149999976158142,0,0.0,0.0
2023-11-09 10:30:00-05:00,0.8098989725112915,0.8098989725112915,0.8098989725112915,0.8098989725112915,1244,0.0,0.0
2023-11-09 11:30:00-05:00,0.7900999784469604,0.800000011920929,0.7900999784469604,0.7998989820480347,1128,0.0,0.0
2023-11-09 13:30:00-05:00,0.800000011920929,0.800000011920929,0.800000011920929,0.800000011920929,0,0.0,0.0
2023-11-10 09:30:00-05:00,0.800000011920929,0.8299999833106995,0.800000011920929,0.8003000020980835,9928,0.0,0.0
2023-11-10 10:30:00-05:00,0.8007000088691711,0.8007000088691711,0.800000011920929,0.8000370264053345,11135,0.0,0.0
2023-11-13 09:30:00-05:00,0.800000011920929,0.800000011920929,0.800000011920929,0.800000011920929,0,0.0,0.0
2023-11-14 10:30:00-05:00,0.8159999847412109,0.8327509760856628,0.8001000285148621,0.8199999928474426,2216,0.0,0.0
2023-11-14 12:30:00-05:00,0.8299999833106995,0.8299999833106995,0.8299999833106995,0.8299999833106995,488,0.0,0.0
2023-11-14 14:30:00-05:00,0.8399990200996399,0.8550009727478027,0.8399990200996399,0.8550009727478027,0,0.0,0.0
2023-11-15 13:30:00-05:00,0.8675010204315186,0.8675010204315186,0.8550000190734863,0.8550000190734863,1636,0.0,0.0
2023-11-16 09:30:00-05:00,0.800000011920929,0.800000011920929,0.800000011920929,0.800000011920929,0,0.0,0.0
2023-11-16 12:30:00-05:00,0.8100000023841858,0.8100000023841858,0.800000011920929,0.800000011920929,500,0.0,0.0
2023-11-16 13:30:00-05:00,0.8450000286102295,0.8450000286102295,0.8450000286102295,0.8450000286102295,181,0.0,0.0
2023-11-16 14:30:00-05:00,0.8100000023841858,0.8100000023841858,0.8100000023841858,0.8100000023841858,0,0.0,0.0
2023-11-17 10:30:00-05:00,0.8180000185966492,0.8180000185966492,0.8180000185966492,0.8180000185966492,500,0.0,0.0
2023-11-17 11:30:00-05:00,0.8399999737739563,0.8399999737739563,0.800000011920929,0.800000011920929,1107,0.0,0.0
2023-11-17 14:30:00-05:00,0.8498989939689636,0.8498989939689636,0.8498989939689636,0.8498989939689636,1000,0.0,0.0
2023-11-20 12:30:00-05:00,0.8299999833106995,0.8299999833106995,0.8299999833106995,0.8299999833106995,0,0.0,0.0
2023-11-20 13:30:00-05:00,0.8299999833106995,0.8299999833106995,0.8299999833106995,0.8299999833106995,126,0.0,0.0
2023-11-21 09:30:00-05:00,0.800000011920929,0.800000011920929,0.800000011920929,0.800000011920929,94,0.0,0.0
2023-11-21 10:30:00-05:00,0.8001000285148621,0.8001000285148621,0.8000959753990173,0.8001000285148621,1640,0.0,0.0
2023-11-21 11:30:00-05:00,0.800000011920929,0.800000011920929,0.800000011920929,0.800000011920929,0,0.0,0.0
2023-11-22 09:30:00-05:00,0.800000011920929,0.800000011920929,0.800000011920929,0.800000011920929,848,0.0,0.0
2023-11-22 10:30:00-05:00,0.8159999847412109,0.8159999847412109,0.8159999847412109,0.8159999847412109,403,0.0,0.0
2023-11-22 14:30:00-05:00,0.8100000023841858,0.8100000023841858,0.8100000023841858,0.8100000023841858,130,0.0,0.0
2023-11-27 15:30:00-05:00,0.8259999752044678,0.8259999752044678,0.800000011920929,0.8100000023841858,2209,0.0,0.0
2023-11-29 09:30:00-05:00,0.800000011920929,0.8159999847412109,0.800000011920929,0.8159999847412109,7180,0.0,0.0
2023-11-29 12:30:00-05:00,0.8159999847412109,0.8159999847412109,0.800000011920929,0.8159999847412109,5716,0.0,0.0
2023-11-29 15:30:00-05:00,0.75,0.75,0.75,0.75,0,0.0,0.0
2023-11-30 09:30:00-05:00,0.75,0.75,0.7099999785423279,0.7099999785423279,3331,0.0,0.0
2023-11-30 10:30:00-05:00,0.75,0.75,0.75,0.75,101,0.0,0.0
2023-11-30 11:30:00-05:00,0.7498990297317505,0.75,0.7498990297317505,0.75,2273,0.0,0.0
2023-11-30 12:30:00-05:00,0.7649999856948853,0.7649999856948853,0.75,0.75,757,0.0,0.0
2023-11-30 15:30:00-05:00,0.75,0.75,0.75,0.75,0,0.0,0.0
2023-12-01 12:30:00-05:00,0.7781990170478821,0.7781990170478821,0.7781990170478821,0.7781990170478821,515,0.0,0.0
2023-12-01 13:30:00-05:00,0.7699999809265137,0.7699999809265137,0.7699999809265137,0.7699999809265137,556,0.0,0.0
2023-12-01 15:30:00-05:00,0.7537500262260437,0.7649999856948853,0.7537500262260437,0.7649999856948853,569,0.0,0.0
2023-12-04 09:30:00-05:00,0.6797000169754028,0.7235999703407288,0.6797000169754028,0.7235999703407288,2574,0.0,0.0
2023-12-04 14:30:00-05:00,0.7801010012626648,0.7801010012626648,0.7801010012626648,0.7801010012626648,263,0.0,0.0
2023-12-04 15:30:00-05:00,0.8119999766349792,0.8119999766349792,0.800000011920929,0.800000011920929,0,0.0,0.0
2023-12-05 15:30:00-05:00,0.800000011920929,0.800000011920929,0.800000011920929,0.800000011920929,1012,0.0,0.0
2023-12-06 09:30:00-05:00,0.8199999928474426,0.8199999928474426,0.800000011920929,0.800000011920929,1678,0.0,0.0
2023-12-06 11:30:00-05:00,0.8100000023841858,0.8100000023841858,0.75,0.75,5769,0.0,0.0
2023-12-06 13:30:00-05:00,0.8199999928474426,0.8199999928474426,0.8199999928474426,0.8199999928474426,272,0.0,0.0
2023-12-06 14:30:00-05:00,0.8669999837875366,0.8700000047683716,0.8669999837875366,0.8700000047683716,1104,0.0,0.0
2023-12-06 15:30:00-05:00,0.8700000047683716,0.8702999949455261,0.8700000047683716,0.8701000213623047,0,0.0,0.0
2023-12-07 09:30:00-05:00,0.8755000233650208,0.8755000233650208,0.8754000067710876,0.8754000067710876,1059,0.0,0.0
2023-12-07 10:30:00-05:00,0.875,0.875,0.875,0.875,228,0.0,0.0
2023-12-07 12:30:00-05:00,0.789900004863739,0.789900004863739,0.789900004863739,0.789900004863739,100,0.0,0.0
2023-12-07 13:30:00-05:00,0.7617999911308289,0.7617999911308289,0.7501000165939331,0.7501009702682495,2244,0.0,0.0
2023-12-07 14:30:00-05:00,0.7978000044822693,0.7978000044822693,0.7978000044822693,0.7978000044822693,102,0.0,0.0
2023-12-07 15:30:00-05:00,0.7978000044822693,0.8698999881744385,0.7978000044822693,0.8698999881744385,0,0.0,0.0
2023-12-08 11:30:00-05:00,0.7699999809265137,0.7699999809265137,0.7699999809265137,0.7699999809265137,444,0.0,0.0
2023-12-08 13:30:00-05:00,0.8691999912261963,0.8691999912261963,0.8600000143051147,0.8600000143051147,441,0.0,0.0
2023-12-08 14:30:00-05:00,0.8600000143051147,0.8600000143051147,0.8205999732017517,0.8205999732017517,5481,0.0,0.0
2023-12-11 09:30:00-05:00,0.8370000123977661,0.8370000123977661,0.8370000123977661,0.8370000123977661,600,0.0,0.0
2023-12-11 10:30:00-05:00,0.8559989929199219,0.8559989929199219,0.8330000042915344,0.8330000042915344,1176,0.0,0.0
2023-12-11 12:30:00-05:00,0.85589998960495,0.8560000061988831,0.85589998960495,0.8560000061988831,0,0.0,0.0
2023-12-12 09:30:00-05:00,0.8560000061988831,1.2400000095367432,0.8560000061988831,1.0449999570846558,55681,0.0,0.0
2023-12-12 10:30:00-05:00,0.9399999976158142,1.0700000524520874,0.9399999976158142,1.0700000524520874,2185,0.0,0.0
2023-12-12 11:30:00-05:00,1.0800000429153442,1.0800000429153442,1.0800000429153442,1.0800000429153442,272,0.0,0.0
2023-12-12 12:30:00-05:00,1.1598999500274658,1.1598999500274658,1.0750000476837158,1.100000023841858,5082,0.0,0.0
2023-12-12 13:30:00-05:00,1.0499999523162842,1.0499999523162842,0.8585000038146973,0.9602000117301941,3759,0.0,0.0
2023-12-12 14:30:00-05:00,0.9898989796638489,0.9898989796638489,0.8999999761581421,0.9001010060310364,4173,0.0,0.0
2023-12-12 15:30:00-05:00,0.9100000262260437,0.9900000095367432,0.9100000262260437,0.9900000095367432,0,0.0,0.0
2023-12-13 09:30:00-05:00,0.9399999976158142,1.0199999809265137,0.9399999976158142,1.0198999643325806,2661,0.0,0.0
2023-12-13 10:30:00-05:00,0.9700000286102295,0.9700000286102295,0.9207000136375427,0.9700000286102295,3320,0.0,0.0
2023-12-13 11:30:00-05:00,0.9414629936218262,0.9414629936218262,0.804373025894165,0.8100000023841858,4611,0.0,0.0
2023-12-13 12:30:00-05:00,0.8137999773025513,0.8137999773025513,0.8051000237464905,0.8054999709129333,1125,0.0,0.0
2023-12-13 14:30:00-05:00,0.949999988079071,0.949999988079071,0.8799999952316284,0.9207000136375427,336,0.0,0.0
2023-12-13 15:30:00-05:00,0.8400999903678894,0.8400999903678894,0.8400999903678894,0.8400999903678894,120,0.0,0.0
2023-12-14 09:30:00-05:00,0.815500020980835,0.8569999933242798,0.815500020980835,0.8155999779701233,5515,0.0,0.0
2023-12-14 10:30:00-05:00,0.8569999933242798,0.8569999933242798,0.8255000114440918,0.8255000114440918,468,0.0,0.0
2023-12-14 12:30:00-05:00,0.878000020980835,0.878000020980835,0.878000020980835,0.878000020980835,0,0.0,0.0
2023-12-15 09:30:00-05:00,0.8165000081062317,0.8299999833106995,0.7599999904632568,0.7599999904632568,4347,0.0,0.0
2023-12-15 10:30:00-05:00,0.7599999904632568,0.7599999904632568,0.7599999904632568,0.7599999904632568,152,0.0,0.0
2023-12-15 11:30:00-05:00,0.7900000214576721,0.7900000214576721,0.7900000214576721,0.7900000214576721,260,0.0,0.0
2023-12-15 12:30:00-05:00,0.8621000051498413,0.8621000051498413,0.8621000051498413,0.8621000051498413,5158,0.0,0.0
2023-12-15 15:30:00-05:00,0.7699999809265137,0.7699999809265137,0.7609999775886536,0.7609999775886536,742,0.0,0.0
2023-12-18 09:30:00-05:00,0.7749999761581421,0.7889999747276306,0.7749999761581421,0.7889999747276306,0,0.0,0.0
2023-12-18 10:30:00-05:00,0.8201000094413757,0.9399999976158142,0.8201000094413757,0.9398999810218811,1148,0.0,0.0
2023-12-18 11:30:00-05:00,0.9194999933242798,0.9194999933242798,0.8899999856948853,0.8899999856948853,1381,0.0,0.0
2023-12-18 12:30:00-05:00,0.7860000133514404,0.8040000200271606,0.7699999809265137,0.8040000200271606,1500,0.0,0.0
2023-12-18 13:30:00-05:00,0.7999989986419678,0.800000011920929,0.7850990295410156,0.800000011920929,0,0.0,0.0
2023-12-19 09:30:00-05:00,0.7819989919662476,0.8159999847412109,0.7639999985694885,0.8158000111579895,1869,0.0,0.0
2023-12-19 10:30:00-05:00,0.8118000030517578,0.8700000047683716,0.8100000023841858,0.8700000047683716,499,0.0,0.0
2023-12-19 11:30:00-05:00,0.7860000133514404,0.8159999847412109,0.7850009799003601,0.7900000214576721,2000,0.0,0.0
2023-12-19 12:30:00-05:00,0.8309999704360962,0.8899000287055969,0.8309999704360962,0.8899000287055969,332,0.0,0.0
2023-12-19 13:30:00-05:00,0.8759999871253967,0.8899000287055969,0.8759999871253967,0.8899000287055969,1120,0.0,0.0
2023-12-19 15:30:00-05:00,0.8349999785423279,0.8799999952316284,0.8349999785423279,0.8799999952316284,0,0.0,0.0
2023-12-20 09:30:00-05:00,0.9100000262260437,0.9199000000953674,0.9100000262260437,0.9190000295639038,672,0.0,0.0
2023-12-20 10:30:00-05:00,0.9000999927520752,0.9000999927520752,0.8999999761581421,0.8999999761581421,802,0.0,0.0
2023-12-20 11:30:00-05:00,0.9000999927520752,0.9398999810218811,0.8999999761581421,0.9398999810218811,1657,0.0,0.0
2023-12-20 14:30:00-05:00,0.9100000262260437,0.9100000262260437,0.8001000285148621,0.8001000285148621,3363,0.0,0.0
2023-12-20 15:30:00-05:00,0.8500000238418579,0.8790000081062317,0.8500000238418579,0.8500000238418579,0,0.0,0.0
2023-12-21 09:30:00-05:00,0.8399999737739563,0.8399999737739563,0.8399999737739563,0.8399999737739563,159,0.0,0.0
2023-12-21 10:30:00-05:00,0.8299999833106995,0.8299999833106995,0.8299999833106995,0.8299999833106995,315,0.0,0.0
2023-12-21 11:30:00-05:00,0.8145999908447266,0.8145999908447266,0.8145999908447266,0.8145999908447266,148,0.0,0.0
2023-12-21 12:30:00-05:00,0.8145999908447266,0.8145999908447266,0.8046000003814697,0.8046000003814697,997,0.0,0.0
2023-12-21 14:30:00-05:00,0.8046000003814697,0.8047000169754028,0.8046000003814697,0.8047000169754028,796,0.0,0.0
2023-12-21 15:30:00-05:00,0.7973499894142151,0.8123000264167786,0.7973499894142151,0.8123000264167786,0,0.0,0.0
2023-12-22 09:30:00-05:00,0.8289999961853027,0.8289999961853027,0.8123000264167786,0.8123000264167786,2311,0.0,0.0
2023-12-22 10:30:00-05:00,0.8460000157356262,0.847000002861023,0.800000011920929,0.8199999928474426,3208,0.0,0.0
2023-12-22 11:30:00-05:00,0.8500999808311462,0.8500999808311462,0.824999988079071,0.824999988079071,2319,0.0,0.0
2023-12-22 12:30:00-05:00,0.800000011920929,0.8899000287055969,0.7900000214576721,0.8899000287055969,21359,0.0,0.0
2023-12-22 13:30:00-05:00,0.8899000287055969,0.8999000191688538,0.800000011920929,0.8999000191688538,5542,0.0,0.0
2023-12-22 14:30:00-05:00,0.8148999810218811,0.8148999810218811,0.8148999810218811,0.8148999810218811,4332,0.0,0.0
2023-12-22 15:30:00-05:00,0.8248999714851379,0.8248999714851379,0.7910000085830688,0.7910000085830688,2013,0.0,0.0
2023-12-26 09:30:00-05:00,0.8598999977111816,0.8600000143051147,0.824999988079071,0.824999988079071,554,0.0,0.0
2023-12-26 10:30:00-05:00,0.8389999866485596,0.8600000143051147,0.8349999785423279,0.8500000238418579,1272,0.0,0.0
2023-12-26 11:30:00-05:00,0.8400989770889282,0.8400999903678894,0.8399999737739563,0.8399999737739563,3101,0.0,0.0
2023-12-26 12:30:00-05:00,0.8399999737739563,0.8399999737739563,0.8399999737739563,0.8399999737739563,122,0.0,0.0
2023-12-26 13:30:00-05:00,0.8400999903678894,0.8400999903678894,0.8399999737739563,0.8400499820709229,555,0.0,0.0
2023-12-26 15:30:00-05:00,0.8399999737739563,0.8399999737739563,0.8399999737739563,0.8399999737739563,0,0.0,0.0
2023-12-27 09:30:00-05:00,0.800000011920929,0.800000011920929,0.800000011920929,0.800000011920929,325,0.0,0.0
2023-12-27 10:30:00-05:00,0.8569999933242798,0.8569999933242798,0.8569999933242798,0.8569999933242798,401,0.0,0.0
2023-12-27 11:30:00-05:00,0.8569999933242798,0.8569999933242798,0.800000011920929,0.8241000175476074,3678,0.0,0.0
2023-12-27 12:30:00-05:00,0.848800003528595,0.848800003528595,0.8399999737739563,0.8399999737739563,2112,0.0,0.0
2023-12-27 13:30:00-05:00,0.800000011920929,0.800000011920929,0.800000011920929,0.800000011920929,783,0.0,0.0
2023-12-27 14:30:00-05:00,0.8600000143051147,0.8600000143051147,0.8598999977111816,0.8598999977111816,351,0.0,0.0
2023-12-27 15:30:00-05:00,0.8600000143051147,0.8600000143051147,0.8600000143051147,0.8600000143051147,408,0.0,0.0
2023-12-28 09:30:00-05:00,0.8600000143051147,0.8600000143051147,0.8598999977111816,0.8598999977111816,694,0.0,0.0
2023-12-28 10:30:00-05:00,0.8598999977111816,0.8600000143051147,0.8003000020980835,0.8003000020980835,5038,0.0,0.0
2023-12-28 11:30:00-05:00,0.8600000143051147,0.8600000143051147,0.8598999977111816,0.8598999977111816,360,0.0,0.0
2023-12-28 13:30:00-05:00,0.8598989844322205,0.8600000143051147,0.8598989844322205,0.8598999977111816,1018,0.0,0.0
2023-12-28 14:30:00-05:00,0.8598999977111816,0.9390000104904175,0.8598999977111816,0.9290000200271606,5394,0.0,0.0
2023-12-28 15:30:00-05:00,0.9300000071525574,0.9898989796638489,0.8900099992752075,0.9793999791145325,7111,0.0,0.0
2023-12-29 09:30:00-05:00,0.9900000095367432,0.9900000095367432,0.9000999927520752,0.910165011882782,0,0.0,0.0
2023-12-29 11:30:00-05:00,0.9154999852180481,0.9366000294685364,0.9154999852180481,0.9366000294685364,861,0.0,0.0
2023-12-29 12:30:00-05:00,0.9101999998092651,0.9154999852180481,0.9101999998092651,0.9154999852180481,876,0.0,0.0
2023-12-29 13:30:00-05:00,0.9898999929428101,0.9898999929428101,0.9898999929428101,0.9898999929428101,217,0.0,0.0
2023-12-29 14:30:00-05:00,0.9399999976158142,0.9399999976158142,0.9200000166893005,0.9200000166893005,778,0.0,0.0
2023-12-29 15:30:00-05:00,0.9900000095367432,0.9900000095367432,0.9900000095367432,0.9900000095367432,8000,0.0,0.0
2024-01-02 14:30:00-05:00,0.9200000166893005,0.9200000166893005,0.9200000166893005,0.9200000166893005,138,0.0,0.0
2024-01-02 15:30:00-05:00,0.9200000166893005,0.9200000166893005,0.9200000166893005,0.9200000166893005,0,0.0,0.0
2024-01-03 09:30:00-05:00,0.9118000268936157,0.9118000268936157,0.9118000268936157,0.9118000268936157,331,0.0,0.0
2024-01-03 11:30:00-05:00,0.9200009703636169,0.9200009703636169,0.9200009703636169,0.9200009703636169,154,0.0,0.0
2024-01-03 13:30:00-05:00,0.9200000166893005,0.9200000166893005,0.9200000166893005,0.9200000166893005,211,0.0,0.0
2024-01-03 15:30:00-05:00,0.9200000166893005,0.9200000166893005,0.9200000166893005,0.9200000166893005,0,0.0,0.0
2024-01-04 12:30:00-05:00,0.7336000204086304,0.7336000204086304,0.7336000204086304,0.7336000204086304,254,0.0,0.0
2024-01-04 14:30:00-05:00,0.9900000095367432,1.0399999618530273,0.9900000095367432,1.0299999713897705,689,0.0,0.0
2024-01-04 15:30:00-05:00,0.9616000056266785,0.9616000056266785,0.9616000056266785,0.9616000056266785,0,0.0,0.0
2024-01-05 09:30:00-05:00,0.8101000189781189,0.917900025844574,0.8101000189781189,0.8859000205993652,2144,0.0,0.0
2024-01-05 10:30:00-05:00,0.8723999857902527,0.9488999843597412,0.8723999857902527,0.9488999843597412,833,0.0,0.0
2024-01-05 12:30:00-05:00,0.949999988079071,0.949999988079071,0.949999988079071,0.949999988079071,234,0.0,0.0
2024-01-08 09:30:00-05:00,0.8600999712944031,0.8600999712944031,0.8600999712944031,0.8600999712944031,361,0.0,0.0
2024-01-09 09:30:00-05:00,0.8532000184059143,0.8532000184059143,0.8532000184059143,0.8532000184059143,472,0.0,0.0
2024-01-09 14:30:00-05:00,0.9850000143051147,0.9850000143051147,0.9850000143051147,0.9850000143051147,5023,0.0,0.0
2024-01-09 15:30:00-05:00,0.8750900030136108,0.8750900030136108,0.8603000044822693,0.8603000044822693,0,0.0,0.0
2024-01-10 09:30:00-05:00,0.949999988079071,0.949999988079071,0.949999988079071,0.949999988079071,730,0.0,0.0
2024-01-10 10:30:00-05:00,0.9164990186691284,0.9164990186691284,0.9164990186691284,0.9164990186691284,229,0.0,0.0
2024-01-10 12:30:00-05:00,0.8529999852180481,0.9133260250091553,0.8529999852180481,0.9133260250091553,213,0.0,0.0
2024-01-10 14:30:00-05:00,0.8765000104904175,0.8765000104904175,0.8765000104904175,0.8765000104904175,536,0.0,0.0
2024-01-10 15:30:00-05:00,0.8999999761581421,0.8999999761581421,0.8999999761581421,0.8999999761581421,0,0.0,0.0
2024-01-11 09:30:00-05:00,0.8799999952316284,0.8799999952316284,0.8799999952316284,0.8799999952316284,0,0.0,0.0
2024-01-11 11:30:00-05:00,0.8201000094413757,0.843999981880188,0.8201000094413757,0.843999981880188,1618,0.0,0.0
2024-01-11 15:30:00-05:00,0.8500000238418579,0.8500000238418579,0.8399999737739563,0.8399999737739563,0,0.0,0.0
2024-01-16 09:30:00-05:00,0.8700000047683716,0.8700000047683716,0.8698989748954773,0.8700000047683716,1302,0.0,0.0
2024-01-16 10:30:00-05:00,0.9799000024795532,0.9799000024795532,0.9799000024795532,0.9799000024795532,2723,0.0,0.0
2024-01-16 11:30:00-05:00,0.8950009942054749,0.9397000074386597,0.8500009775161743,0.8500009775161743,436,0.0,0.0
2024-01-16 15:30:00-05:00,0.8500000238418579,0.8500000238418579,0.8500000238418579,0.8500000238418579,140,0.0,0.0
2024-01-17 09:30:00-05:00,0.8399999737739563,0.8399999737739563,0.8399999737739563,0.8399999737739563,0,0.0,0.0
2024-01-17 10:30:00-05:00,0.8399999737739563,0.8399999737739563,0.8399999737739563,0.8399999737739563,101,0.0,0.0
2024-01-17 11:30:00-05:00,0.8600000143051147,0.8600000143051147,0.8600000143051147,0.8600000143051147,0,0.0,0.0
2024-01-18 09:30:00-05:00,0.920199990272522,0.920199990272522,0.8763999938964844,0.8763999938964844,1571,0.0,0.0
2024-01-18 10:30:00-05:00,0.873199999332428,0.873199999332428,0.873199999332428,0.873199999332428,350,0.0,0.0
2024-01-18 14:30:00-05:00,0.8701000213623047,0.8701000213623047,0.8701000213623047,0.8701000213623047,543,0.0,0.0
2024-01-18 15:30:00-05:00,0.8701000213623047,0.870199978351593,0.8701000213623047,0.870199978351593,0,0.0,0.0
2024-01-22 09:30:00-05:00,0.9300000071525574,0.9300000071525574,0.9300000071525574,0.9300000071525574,1043,0.0,0.0
2024-01-22 10:30:00-05:00,0.9300000071525574,0.9300000071525574,0.923799991607666,0.9246000051498413,771,0.0,0.0
2024-01-22 11:30:00-05:00,0.9300000071525574,0.9300000071525574,0.9300000071525574,0.9300000071525574,320,0.0,0.0
2024-01-22 12:30:00-05:00,0.9248999953269958,0.9248999953269958,0.9248999953269958,0.9248999953269958,408,0.0,0.0
2024-01-22 13:30:00-05:00,0.9251000285148621,0.9300000071525574,0.9251000285148621,0.9300000071525574,258,0.0,0.0
2024-01-22 14:30:00-05:00,0.9300000071525574,0.9300000071525574,0.9300000071525574,0.9300000071525574,220,0.0,0.0
2024-01-22 15:30:00-05:00,0.9300000071525574,0.9300000071525574,0.9251000285148621,0.9300000071525574,452,0.0,0.0
2024-01-23 13:30:00-05:00,0.9501000046730042,0.9501000046730042,0.949999988079071,0.9500370025634766,131,0.0,0.0
2024-01-23 14:30:00-05:00,0.949999988079071,0.949999988079071,0.949999988079071,0.949999988079071,6,0.0,0.0
2024-01-24 09:30:00-05:00,0.880299985408783,0.880299985408783,0.880299985408783,0.880299985408783,1176,0.0,0.0
2024-01-24 11:30:00-05:00,0.9399999976158142,0.9399999976158142,0.9399999976158142,0.9399999976158142,0,0.0,0.0
2024-01-25 15:30:00-05:00,0.949999988079071,0.949999988079071,0.9007999897003174,0.9007999897003174,4124,0.0,0.0
2024-01-26 12:30:00-05:00,0.8901010155677795,0.8901010155677795,0.8901010155677795,0.8901010155677795,0,0.0,0.0
2024-01-29 11:30:00-05:00,0.8901000022888184,0.8901000022888184,0.8701000213623047,0.8701000213623047,1623,0.0,0.0
2024-01-29 15:30:00-05:00,0.7599999904632568,0.7599999904632568,0.7599999904632568,0.7599999904632568,164,0.0,0.0
2024-01-30 10:30:00-05:00,0.8230000138282776,0.8230999708175659,0.7699999809265137,0.7699999809265137,1106,0.0,0.0
2024-01-30 11:30:00-05:00,0.7911999821662903,0.8608009815216064,0.7900000214576721,0.8608009815216064,2393,0.0,0.0
2024-01-30 15:30:00-05:00,0.9000999927520752,0.9002000093460083,0.8700000047683716,0.8700000047683716,0,0.0,0.0
2024-01-31 09:30:00-05:00,0.9800000190734863,0.9800000190734863,0.9800000190734863,0.9800000190734863,333,0.0,0.0
2024-01-31 10:30:00-05:00,0.8208000063896179,0.8799999952316284,0.8208000063896179,0.8799999952316284,1104,0.0,0.0
2024-01-31 15:30:00-05:00,0.9758989810943604,0.9758989810943604,0.949999988079071,0.949999988079071,0,0.0,0.0
2024-02-01 10:30:00-05:00,0.9800000190734863,1.0,0.9800000190734863,1.0,1242,0.0,0.0
2024-02-01 12:30:00-05:00,0.9800000190734863,0.9800000190734863,0.949999988079071,0.949999988079071,0,0.0,0.0
2024-02-02 10:30:00-05:00,0.8200010061264038,0.8200010061264038,0.8200010061264038,0.8200010061264038,269,0.0,0.0
2024-02-02 11:30:00-05:00,0.9678000211715698,0.9678000211715698,0.9678000211715698,0.9678000211715698,219,0.0,0.0
2024-02-02 13:30:00-05:00,0.9700000286102295,0.9700000286102295,0.9700000286102295,0.9700000286102295,200,0.0,0.0
2024-02-05 09:30:00-05:00,0.9800000190734863,0.9800000190734863,0.9204999804496765,0.9204999804496765,791,0.0,0.0
2024-02-05 13:30:00-05:00,0.8410000205039978,0.8410000205039978,0.8410000205039978,0.8410000205039978,204,0.0,0.0
2024-02-05 15:30:00-05:00,0.8410000205039978,0.8410000205039978,0.8410000205039978,0.8410000205039978,100,0.0,0.0
2024-02-06 09:30:00-05:00,0.8622000217437744,0.960099995136261,0.8622000217437744,0.960099995136261,0,0.0,0.0
2024-02-06 10:30:00-05:00,0.960099995136261,0.960099995136261,0.9599999785423279,0.9599999785423279,520,0.0,0.0
2024-02-06 12:30:00-05:00,0.989998996257782,0.989998996257782,0.989998996257782,0.989998996257782,180,0.0,0.0
2024-02-06 13:30:00-05:00,0.9700999855995178,0.9700999855995178,0.9700999855995178,0.9700999855995178,0,0.0,0.0
2024-02-07 10:30:00-05:00,0.9150509834289551,0.9150509834289551,0.9150509834289551,0.9150509834289551,355,0.0,0.0
2024-02-07 12:30:00-05:00,0.9049999713897705,0.9049999713897705,0.9049999713897705,0.9049999713897705,0,0.0,0.0
2024-02-08 14:30:00-05:00,0.9244999885559082,0.9599999785423279,0.9244999885559082,0.9599999785423279,849,0.0,0.0
2024-02-08 15:30:00-05:00,0.9600099921226501,0.960099995136261,0.9600099921226501,0.960099995136261,0,0.0,0.0
2024-02-09 11:30:00-05:00,0.9358000159263611,0.9358999729156494,0.9358000159263611,0.9358999729156494,496,0.0,0.0
2024-02-09 15:30:00-05:00,0.9358999729156494,0.9592000246047974,0.902899980545044,0.9592000246047974,2593,0.0,0.0
2024-02-13 09:30:00-05:00,1.0,1.2000000476837158,1.0,1.0300999879837036,21485,0.0,0.0
2024-02-13 10:30:00-05:00,1.065000057220459,1.065000057220459,1.0299999713897705,1.0399999618530273,6967,0.0,0.0
2024-02-13 11:30:00-05:00,1.0358999967575073,1.0499999523162842,1.0099999904632568,1.0169999599456787,3380,0.0,0.0
2024-02-13 12:30:00-05:00,1.0099999904632568,1.01010000705719,0.949999988079071,0.949999988079071,11012,0.0,0.0
2024-02-13 13:30:00-05:00,0.9501000046730042,0.9501000046730042,0.949999988079071,0.949999988079071,5130,0.0,0.0
2024-02-13 15:30:00-05:00,0.9700000286102295,0.9700000286102295,0.9700000286102295,0.9700000286102295,0,0.0,0.0
2024-02-14 10:30:00-05:00,0.9998999834060669,0.9998999834060669,0.9549999833106995,0.9549999833106995,763,0.0,0.0
2024-02-14 11:30:00-05:00,0.9998999834060669,0.9998999834060669,0.9998999834060669,0.9998999834060669,1700,0.0,0.0
2024-02-14 12:30:00-05:00,0.968500018119812,0.9998000264167786,0.968500018119812,0.9998000264167786,1359,0.0,0.0
2024-02-14 13:30:00-05:00,1.0,1.0,0.9900000095367432,1.0,1359,0.0,0.0
2024-02-14 14:30:00-05:00,0.9950000047683716,0.9950500130653381,0.9490000009536743,0.9490000009536743,7024,0.0,0.0
2024-02-14 15:30:00-05:00,0.9635999798774719,0.9635999798774719,0.9599999785423279,0.9599999785423279,0,0.0,0.0
2024-02-15 09:30:00-05:00,0.9887999892234802,0.9887999892234802,0.9887999892234802,0.9887999892234802,382,0.0,0.0
2024-02-15 11:30:00-05:00,0.880299985408783,0.880299985408783,0.880299985408783,0.880299985408783,102,0.0,0.0
2024-02-15 15:30:00-05:00,0.9649999737739563,0.9649999737739563,0.9649999737739563,0.9649999737739563,0,0.0,0.0
2024-02-16 09:30:00-05:00,0.9800000190734863,0.9800000190734863,0.9700000286102295,0.9700000286102295,430,0.0,0.0
2024-02-16 10:30:00-05:00,0.9800000190734863,0.9800000190734863,0.968999981880188,0.9789999723434448,2051,0.0,0.0
2024-02-16 11:30:00-05:00,0.9789999723434448,0.9900000095367432,0.968999981880188,0.9800000190734863,1334,0.0,0.0
2024-02-16 12:30:00-05:00,0.9900000095367432,0.9900000095367432,0.9900000095367432,0.9900000095367432,974,0.0,0.0
2024-02-16 15:30:00-05:00,0.9800000190734863,0.9998999834060669,0.9800000190734863,0.9998999834060669,965,0.0,0.0
2024-02-20 09:30:00-05:00,1.0,1.0073000192642212,1.0,1.0073000192642212,1229,0.0,0.0
2024-02-20 11:30:00-05:00,1.01010000705719,1.0549999475479126,1.01010000705719,1.01010000705719,3022,0.0,0.0
2024-02-20 13:30:00-05:00,1.000100016593933,1.090000033378601,1.0,1.090000033378601,807,0.0,0.0
2024-02-20 14:30:00-05:00,1.0835000276565552,1.0835000276565552,1.0,1.0449999570846558,1450,0.0,0.0
2024-02-20 15:30:00-05:00,1.0,1.0,1.0,1.0,0,0.0,0.0
2024-02-21 09:30:00-05:00,1.0,1.002500057220459,1.0,1.002500057220459,5382,0.0,0.0
2024-02-21 10:30:00-05:00,1.0157999992370605,1.0157999992370605,1.0,1.0,10466,0.0,0.0
2024-02-21 14:30:00-05:00,0.8799999952316284,0.8799999952316284,0.8799999952316284,0.8799999952316284,128,0.0,0.0
2024-02-22 09:30:00-05:00,1.0099999904632568,1.0099999904632568,0.9361000061035156,0.9361000061035156,1313,0.0,0.0
2024-02-22 10:30:00-05:00,1.0099999904632568,1.0099999904632568,0.9800000190734863,0.9800000190734863,1296,0.0,0.0
2024-02-22 11:30:00-05:00,0.9800999760627747,0.9800999760627747,0.9800999760627747,0.9800999760627747,286,0.0,0.0
2024-02-22 12:30:00-05:00,0.9783999919891357,0.9800000190734863,0.9362000226974487,0.9800000190734863,3624,0.0,0.0
2024-02-22 13:30:00-05:00,0.9800000190734863,0.9800000190734863,0.9800000190734863,0.9800000190734863,274,0.0,0.0
2024-02-22 14:30:00-05:00,0.9800000190734863,0.9800000190734863,0.9800000190734863,0.9800000190734863,336,0.0,0.0
2024-02-22 15:30:00-05:00,0.9800999760627747,0.9800999760627747,0.9800999760627747,0.9800999760627747,0,0.0,0.0
2024-02-23 09:30:00-05:00,0.9449999928474426,0.9449999928474426,0.9449999928474426,0.9449999928474426,391,0.0,0.0
2024-02-23 10:30:00-05:00,0.9449999928474426,0.9449999928474426,0.9449999928474426,0.9449999928474426,419,0.0,0.0
2024-02-23 13:30:00-05:00,0.8799999952316284,0.9775000214576721,0.8799999952316284,0.9775000214576721,615,0.0,0.0
2024-02-23 14:30:00-05:00,0.8865000009536743,0.8865000009536743,0.8865000009536743,0.8865000009536743,207,0.0,0.0
2024-02-26 09:30:00-05:00,0.8799999952316284,0.8799999952316284,0.8799999952316284,0.8799999952316284,343,0.0,0.0
2024-02-27 11:30:00-05:00,0.8899999856948853,0.8899999856948853,0.8799999952316284,0.8801000118255615,1699,0.0,0.0
2024-02-27 14:30:00-05:00,0.8800010085105896,0.8800010085105896,0.8800010085105896,0.8800010085105896,257,0.0,0.0
2024-02-28 09:30:00-05:00,0.8960000276565552,0.9375,0.8899999856948853,0.8899999856948853,1056,0.0,0.0
2024-02-28 10:30:00-05:00,0.9070000052452087,0.9100000262260437,0.8901000022888184,0.9089999794960022,1509,0.0,0.0
2024-02-28 14:30:00-05:00,0.9584000110626221,0.9584000110626221,0.9584000110626221,0.9584000110626221,130,0.0,0.0
2024-02-28 15:30:00-05:00,0.968999981880188,0.968999981880188,0.968999981880188,0.968999981880188,0,0.0,0.0
2024-02-29 10:30:00-05:00,0.8899999856948853,0.9950000047683716,0.8799999952316284,0.8799999952316284,3230,0.0,0.0
2024-02-29 13:30:00-05:00,0.994700014591217,0.9950000047683716,0.9900000095367432,0.9900000095367432,2408,0.0,0.0
2024-02-29 14:30:00-05:00,1.0499999523162842,1.0700000524520874,1.0499999523162842,1.0540000200271606,1944,0.0,0.0
2024-02-29 15:30:00-05:00,1.059999942779541,1.059999942779541,1.0499999523162842,1.0499999523162842,0,0.0,0.0
2024-03-01 10:30:00-05:00,0.8899999856948853,0.8999999761581421,0.8899999856948853,0.8899999856948853,692,0.0,0.0
2024-03-01 12:30:00-05:00,1.059999942779541,1.0800000429153442,1.059999942779541,1.0800000429153442,386,0.0,0.0
2024-03-01 13:30:00-05:00,1.089900016784668,1.090000033378601,1.0800000429153442,1.090000033378601,2794,0.0,0.0
2024-03-01 14:30:00-05:00,1.0099999904632568,1.0099999904632568,1.0099999904632568,1.0099999904632568,1230,0.0,0.0
2024-03-01 15:30:00-05:00,1.000100016593933,1.000100016593933,1.000100016593933,1.000100016593933,172,0.0,0.0
2024-03-04 10:30:00-05:00,1.024999976158142,1.024999976158142,1.024999976158142,1.024999976158142,481,0.0,0.0
2024-03-04 11:30:00-05:00,1.0800000429153442,1.0800000429153442,1.0800000429153442,1.0800000429153442,259,0.0,0.0
2024-03-04 14:30:00-05:00,1.090000033378601,1.090000033378601,1.0,1.0,1047,0.0,0.0
2024-03-05 09:30:00-05:00,1.0820000171661377,1.2000000476837158,1.0700000524520874,1.190000057220459,14035,0.0,0.0
2024-03-05 10:30:00-05:00,1.1799999475479126,1.2996000051498413,1.159999966621399,1.274999976158142,10161,0.0,0.0
2024-03-05 11:30:00-05:00,1.2899999618530273,1.399999976158142,1.25,1.3178999423980713,0,0.0,0.0
2024-03-05 12:30:00-05:00,1.309999942779541,1.350000023841858,1.2699999809265137,1.2785999774932861,9808,0.0,0.0
2024-03-05 13:30:00-05:00,1.2699999809265137,1.340000033378601,1.225000023841858,1.225000023841858,2679,0.0,0.0
2024-03-05 14:30:00-05:00,1.2100000381469727,1.25,1.159999966621399,1.159999966621399,5032,0.0,0.0
2024-03-05 15:30:00-05:00,1.1699999570846558,1.2400000095367432,1.100000023841858,1.159999966621399,53485,0.0,0.0
2024-03-06 09:30:00-05:00,1.1299999952316284,1.25,1.1299999952316284,1.2345999479293823,2792,0.0,0.0
2024-03-06 10:30:00-05:00,1.090000033378601,1.1200000047683716,1.090000033378601,1.1101000308990479,0,0.0,0.0
2024-03-06 11:30:00-05:00,1.159999966621399,1.159999966621399,1.1200000047683716,1.1330000162124634,905,0.0,0.0
2024-03-06 12:30:00-05:00,1.1050000190734863,1.1100000143051147,1.100000023841858,1.1100000143051147,1479,0.0,0.0
2024-03-06 13:30:00-05:00,1.0200999975204468,1.0200999975204468,1.0200999975204468,1.0200999975204468,780,0.0,0.0
2024-03-06 14:30:00-05:00,1.0399999618530273,1.0399999618530273,1.0299999713897705,1.0299999713897705,1435,0.0,0.0
2024-03-06 15:30:00-05:00,1.0200999975204468,1.0700000524520874,1.0199999809265137,1.0199999809265137,0,0.0,0.0
2024-03-07 09:30:00-05:00,1.0399999618530273,1.0399999618530273,1.01010000705719,1.01010000705719,638,0.0,0.0
2024-03-07 10:30:00-05:00,1.1050000190734863,1.1050000190734863,1.1050000190734863,1.1050000190734863,108,0.0,0.0
2024-03-07 11:30:00-05:00,1.0735000371932983,1.0735000371932983,1.0735000371932983,1.0735000371932983,371,0.0,0.0
2024-03-07 15:30:00-05:00,1.0199999809265137,1.0399999618530273,1.0199999809265137,1.034000039100647,0,0.0,0.0
2024-03-08 09:30:00-05:00,0.996999979019165,1.1449999809265137,0.996999979019165,1.1399999856948853,4445,0.0,0.0
2024-03-08 10:30:00-05:00,1.1051000356674194,1.1399999856948853,1.1051000356674194,1.125,3244,0.0,0.0
2024-03-08 11:30:00-05:00,1.1299999952316284,1.1299999952316284,1.1299999952316284,1.1299999952316284,187,0.0,0.0
2024-03-08 12:30:00-05:00,1.1299999952316284,1.1299999952316284,1.1299999952316284,1.1299999952316284,115,0.0,0.0
2024-03-08 13:30:00-05:00,1.1495000123977661,1.1495000123977661,1.1299999952316284,1.1299999952316284,1063,0.0,0.0
2024-03-08 14:30:00-05:00,1.100000023841858,1.100000023841858,1.100000023841858,1.100000023841858,319,0.0,0.0
2024-03-08 15:30:00-05:00,1.100000023841858,1.100000023841858,1.100000023841858,1.100000023841858,686,0.0,0.0
2024-03-11 11:30:00-04:00,1.125,1.1299999952316284,1.125,1.1299999952316284,1297,0.0,0.0
2024-03-11 12:30:00-04:00,1.149999976158142,1.149999976158142,1.149999976158142,1.149999976158142,899,0.0,0.0
2024-03-11 13:30:00-04:00,1.149999976158142,1.149999976158142,1.149999976158142,1.149999976158142,671,0.0,0.0
2024-03-11 14:30:00-04:00,1.1413999795913696,1.1413999795913696,1.1413999795913696,1.1413999795913696,119,0.0,0.0
2024-03-11 15:30:00-04:00,1.1299999952316284,1.1299999952316284,1.1299999952316284,1.1299999952316284,888,0.0,0.0
2024-03-12 09:30:00-04:00,1.0700000524520874,1.0700000524520874,1.0700000524520874,1.0700000524520874,373,0.0,0.0
2024-03-12 12:30:00-04:00,1.0700000524520874,1.1299999952316284,1.0700000524520874,1.1299999952316284,2428,0.0,0.0
2024-03-12 15:30:00-04:00,1.0800000429153442,1.0800000429153442,1.0099999904632568,1.0099999904632568,0,0.0,0.0
2024-03-13 09:30:00-04:00,1.1200000047683716,1.1200000047683716,1.1200000047683716,1.1200000047683716,280,0.0,0.0
2024-03-13 10:30:00-04:00,1.149999976158142,1.149999976158142,1.1401000022888184,1.149999976158142,1564,0.0,0.0
2024-03-13 11:30:00-04:00,1.1649999618530273,1.1900999546051025,1.149999976158142,1.149999976158142,2418,0.0,0.0
2024-03-13 12:30:00-04:00,1.1719000339508057,1.190000057220459,1.1449999809265137,1.190000057220459,5326,0.0,0.0
2024-03-13 15:30:00-04:00,1.1513999700546265,1.1513999700546265,1.1100000143051147,1.1100000143051147,0,0.0,0.0
2024-03-14 09:30:00-04:00,1.0499999523162842,1.0700000524520874,1.0499999523162842,1.059999942779541,1229,0.0,0.0
2024-03-14 10:30:00-04:00,1.1100000143051147,1.1200000047683716,1.1100000143051147,1.1200000047683716,200,0.0,0.0
2024-03-14 11:30:00-04:00,1.1200000047683716,1.1399999856948853,1.1200000047683716,1.1399999856948853,312,0.0,0.0
2024-03-14 12:30:00-04:00,1.2246999740600586,1.2300000190734863,1.2246999740600586,1.2300000190734863,2346,0.0,0.0
2024-03-14 13:30:00-04:00,1.2309999465942383,1.3320000171661377,1.2300000190734863,1.3200000524520874,1688,0.0,0.0
2024-03-14 14:30:00-04:00,1.2956000566482544,1.2956000566482544,1.1660000085830688,1.2200000286102295,5797,0.0,0.0
2024-03-14 15:30:00-04:00,1.1950000524520874,1.1950000524520874,1.100000023841858,1.100000023841858,2805,0.0,0.0
2024-03-15 09:30:00-04:00,1.159999966621399,1.2400000095367432,1.159999966621399,1.2400000095367432,1294,0.0,0.0
2024-03-15 10:30:00-04:00,1.2300000190734863,1.2300000190734863,1.2300000190734863,1.2300000190734863,1497,0.0,0.0
2024-03-15 11:30:00-04:00,1.1992000341415405,1.1992000341415405,1.1992000341415405,1.1992000341415405,1089,0.0,0.0
2024-03-15 12:30:00-04:00,1.198699951171875,1.2400000095367432,1.1301000118255615,1.179900050163269,8851,0.0,0.0
2024-03-15 14:30:00-04:00,1.149899959564209,1.149899959564209,1.149899959564209,1.149899959564209,617,0.0,0.0
2024-03-15 15:30:00-04:00,1.159999966621399,1.159999966621399,1.159999966621399,1.159999966621399,245,0.0,0.0
2024-03-18 09:30:00-04:00,1.2100000381469727,1.2100000381469727,1.2100000381469727,1.2100000381469727,0,0.0,0.0
2024-03-18 10:30:00-04:00,1.2100000381469727,1.2100000381469727,1.200600028038025,1.200600028038025,446,0.0,0.0
2024-03-18 12:30:00-04:00,1.205199956893921,1.205199956893921,1.205199956893921,1.205199956893921,1119,0.0,0.0
2024-03-19 10:30:00-04:00,1.2599999904632568,1.3799999952316284,1.2400000095367432,1.3600000143051147,1856,0.0,0.0
2024-03-19 11:30:00-04:00,1.3700000047683716,1.399999976158142,1.2745000123977661,1.340000033378601,32994,0.0,0.0
2024-03-19 12:30:00-04:00,1.3789000511169434,1.4500000476837158,1.3789000511169434,1.4455000162124634,9068,0.0,0.0
2024-03-19 13:30:00-04:00,1.4800000190734863,1.4800000190734863,1.4149999618530273,1.4149999618530273,1687,0.0,0.0
2024-03-19 14:30:00-04:00,1.350000023841858,1.350000023841858,1.340000033378601,1.340000033378601,3750,0.0,0.0
2024-03-19 15:30:00-04:00,1.2999999523162842,1.3300000429153442,1.2799999713897705,1.2949999570846558,7350,0.0,0.0
2024-03-20 09:30:00-04:00,1.3113000392913818,1.3113000392913818,1.3113000392913818,1.3113000392913818,1417,0.0,0.0
2024-03-20 10:30:00-04:00,1.350000023841858,1.4499000310897827,1.350000023841858,1.4499000310897827,7694,0.0,0.0
2024-03-20 11:30:00-04:00,1.4499000310897827,1.4499000310897827,1.399999976158142,1.440000057220459,14602,0.0,0.0
2024-03-20 12:30:00-04:00,1.440000057220459,1.440000057220459,1.399999976158142,1.399999976158142,4996,0.0,0.0
2024-03-20 14:30:00-04:00,1.350000023841858,1.4499000310897827,1.350000023841858,1.4499000310897827,7038,0.0,0.0
2024-03-20 15:30:00-04:00,1.4199999570846558,1.437999963760376,1.350000023841858,1.350000023841858,8547,0.0,0.0
2024-03-21 09:30:00-04:00,1.3653000593185425,1.3653000593185425,1.3653000593185425,1.3653000593185425,2202,0.0,0.0
2024-03-21 10:30:00-04:00,1.4800000190734863,1.6100000143051147,1.4800000190734863,1.590000033378601,3958,0.0,0.0
2024-03-21 11:30:00-04:00,1.5499999523162842,1.5499999523162842,1.434999942779541,1.4814000129699707,6900,0.0,0.0
2024-03-21 12:30:00-04:00,1.5262999534606934,1.5262999534606934,1.5262999534606934,1.5262999534606934,912,0.0,0.0
2024-03-21 13:30:00-04:00,1.589400053024292,1.589400053024292,1.5299999713897705,1.5300999879837036,4068,0.0,0.0
2024-03-21 15:30:00-04:00,1.4500000476837158,1.4947999715805054,1.4299999475479126,1.4299999475479126,1868,0.0,0.0
2024-03-22 09:30:00-04:00,1.524999976158142,1.524999976158142,1.524999976158142,1.524999976158142,1509,0.0,0.0
2024-03-22 10:30:00-04:00,1.5199999809265137,1.5199999809265137,1.5199999809265137,1.5199999809265137,172,0.0,0.0
2024-03-22 11:30:00-04:00,1.5,1.5098999738693237,1.5,1.5097999572753906,4015,0.0,0.0
2024-03-22 12:30:00-04:00,1.434000015258789,1.5099999904632568,1.434000015258789,1.5099999904632568,2596,0.0,0.0
2024-03-22 13:30:00-04:00,1.5622999668121338,1.5622999668121338,1.5622999668121338,1.5622999668121338,274,0.0,0.0
2024-03-22 14:30:00-04:00,1.5,1.5,1.5,1.5,3084,0.0,0.0
2024-03-22 15:30:00-04:00,1.500100016593933,1.5499999523162842,1.500100016593933,1.5499999523162842,0,0.0,0.0
2024-03-25 09:30:00-04:00,1.5865999460220337,1.600000023841858,1.5750000476837158,1.5750000476837158,1687,0.0,0.0
2024-03-25 10:30:00-04:00,1.5500999689102173,1.5500999689102173,1.5500999689102173,1.5500999689102173,309,0.0,0.0
2024-03-25 11:30:00-04:00,1.3601000308990479,1.559999942779541,1.3601000308990479,1.5099999904632568,1963,0.0,0.0
2024-03-25 12:30:00-04:00,1.5800000429153442,1.5800000429153442,1.5800000429153442,1.5800000429153442,114,0.0,0.0
2024-03-25 13:30:00-04:00,1.5800000429153442,1.590000033378601,1.5800000429153442,1.590000033378601,845,0.0,0.0
2024-03-25 15:30:00-04:00,1.600000023841858,1.7417999505996704,1.5999000072479248,1.7417999505996704,3772,0.0,0.0
2024-03-26 09:30:00-04:00,1.6699999570846558,1.7043999433517456,1.5910999774932861,1.625,3287,0.0,0.0
2024-03-26 10:30:00-04:00,1.649999976158142,1.8639999628067017,1.649999976158142,1.7799999713897705,10408,0.0,0.0
2024-03-26 11:30:00-04:00,1.7599999904632568,1.7599999904632568,1.7599999904632568,1.7599999904632568,298,0.0,0.0
2024-03-26 12:30:00-04:00,1.840000033378601,1.840000033378601,1.7510000467300415,1.8250000476837158,4530,0.0,0.0
2024-03-26 13:30:00-04:00,1.7100000381469727,1.8485000133514404,1.6299999952316284,1.8485000133514404,4751,0.0,0.0
2024-03-26 14:30:00-04:00,1.690000057220459,1.809999942779541,1.6299999952316284,1.7999999523162842,4308,0.0,0.0
2024-03-26 15:30:00-04:00,1.7599999904632568,1.8300000429153442,1.75,1.75,555,0.0,0.0
2024-03-27 09:30:00-04:00,1.8300000429153442,1.8300000429153442,1.5099999904632568,1.7000000476837158,24079,0.0,0.0
2024-03-27 10:30:00-04:00,1.659999966621399,1.7680000066757202,1.659999966621399,1.7680000066757202,2280,0.0,0.0
2024-03-27 11:30:00-04:00,1.7699999809265137,1.7899999618530273,1.7599999904632568,1.7899999618530273,1844,0.0,0.0
2024-03-27 13:30:00-04:00,1.750100016593933,1.7599999904632568,1.75,1.75,930,0.0,0.0
2024-03-27 14:30:00-04:00,1.7401000261306763,1.7401000261306763,1.7400000095367432,1.7400000095367432,3076,0.0,0.0
2024-03-27 15:30:00-04:00,1.7100000381469727,1.8200000524520874,1.7100000381469727,1.8200000524520874,297,0.0,0.0
2024-03-28 10:30:00-04:00,1.8393000364303589,1.8393000364303589,1.8300000429153442,1.8300000429153442,1122,0.0,0.0
2024-03-28 11:30:00-04:00,1.8300000429153442,1.8300000429153442,1.8300000429153442,1.8300000429153442,287,0.0,0.0
2024-03-28 13:30:00-04:00,1.7599999904632568,1.7699999809265137,1.7599999904632568,1.7699999809265137,421,0.0,0.0
2024-03-28 14:30:00-04:00,1.7100000381469727,1.7999999523162842,1.6799999475479126,1.7999999523162842,4743,0.0,0.0
2024-03-28 15:30:00-04:00,1.7899999618530273,1.7899999618530273,1.75,1.75,2315,0.0,0.0
2024-04-01 09:30:00-04:00,1.7100000381469727,1.75,1.7100000381469727,1.7100000381469727,3272,0.0,0.0
2024-04-01 10:30:00-04:00,1.6950000524520874,1.6950000524520874,1.6950000524520874,1.6950000524520874,133,0.0,0.0
2024-04-01 11:30:00-04:00,1.7400000095367432,1.749899983406067,1.7400000095367432,1.749899983406067,2184,0.0,0.0
2024-04-01 15:30:00-04:00,1.7400000095367432,1.7400000095367432,1.7400000095367432,1.7400000095367432,100,0.0,0.0
2024-04-02 10:30:00-04:00,1.6299999952316284,1.7898999452590942,1.4222999811172485,1.7300000190734863,5674,0.0,0.0
2024-04-02 11:30:00-04:00,1.600000023841858,1.7000000476837158,1.600000023841858,1.6299999952316284,3157,0.0,0.0
2024-04-02 15:30:00-04:00,1.6200000047683716,1.6200000047683716,1.6200000047683716,1.6200000047683716,323,0.0,0.0
2024-04-03 11:30:00-04:00,1.6495000123977661,1.6495000123977661,1.6495000123977661,1.6495000123977661,223,0.0,0.0
2024-04-03 12:30:00-04:00,1.559999942779541,1.6200000047683716,1.559999942779541,1.6200000047683716,862,0.0,0.0
2024-04-03 13:30:00-04:00,1.6200000047683716,1.6200000047683716,1.6200000047683716,1.6200000047683716,1440,0.0,0.0
2024-04-03 15:30:00-04:00,1.5700000524520874,1.6399999856948853,1.5700000524520874,1.6399999856948853,210,0.0,0.0
2024-04-04 10:30:00-04:00,1.6299999952316284,1.7300000190734863,1.6002000570297241,1.6002000570297241,1828,0.0,0.0
2024-04-04 11:30:00-04:00,1.6699999570846558,1.6699999570846558,1.6699999570846558,1.6699999570846558,301,0.0,0.0
2024-04-04 13:30:00-04:00,1.6699999570846558,1.6699999570846558,1.6699999570846558,1.6699999570846558,708,0.0,0.0
2024-04-04 14:30:00-04:00,1.5399999618530273,1.7000000476837158,1.5399999618530273,1.559999942779541,5406,0.0,0.0
2024-04-04 15:30:00-04:00,1.5499999523162842,1.649999976158142,1.5499999523162842,1.649999976158142,3113,0.0,0.0
2024-04-05 09:30:00-04:00,1.590000033378601,1.6200000047683716,1.5199999809265137,1.5199999809265137,826,0.0,0.0
2024-04-05 10:30:00-04:00,1.6200000047683716,1.6239999532699585,1.6200000047683716,1.6239999532699585,1512,0.0,0.0
2024-04-05 11:30:00-04:00,1.5210000276565552,1.625,1.5210000276565552,1.625,1205,0.0,0.0
2024-04-05 12:30:00-04:00,1.6100000143051147,1.6649999618530273,1.600000023841858,1.6013000011444092,19547,0.0,0.0
2024-04-05 14:30:00-04:00,1.6013000011444092,1.6013000011444092,1.6013000011444092,1.6013000011444092,6606,0.0,0.0
2024-04-05 15:30:00-04:00,1.6050000190734863,1.6100000143051147,1.600000023841858,1.6100000143051147,0,0.0,0.0
2024-04-08 09:30:00-04:00,1.649999976158142,1.659999966621399,1.649999976158142,1.659999966621399,1060,0.0,0.0
2024-04-08 14:30:00-04:00,1.590000033378601,1.590000033378601,1.590000033378601,1.590000033378601,300,0.0,0.0
2024-04-08 15:30:00-04:00,1.5700000524520874,1.5700000524520874,1.5299999713897705,1.5299999713897705,230,0.0,0.0
2024-04-09 10:30:00-04:00,1.5500999689102173,1.559999942779541,1.4600000381469727,1.4600000381469727,3463,0.0,0.0
2024-04-09 14:30:00-04:00,1.565000057220459,1.565000057220459,1.565000057220459,1.565000057220459,2034,0.0,0.0
2024-04-10 09:30:00-04:00,1.5199999809265137,1.5199999809265137,1.5199999809265137,1.5199999809265137,383,0.0,0.0
2024-04-10 11:30:00-04:00,1.5499999523162842,1.5499999523162842,1.5499999523162842,1.5499999523162842,415,0.0,0.0
2024-04-10 12:30:00-04:00,1.5700000524520874,1.5700000524520874,1.5700000524520874,1.5700000524520874,202,0.0,0.0
2024-04-10 14:30:00-04:00,1.600000023841858,1.600000023841858,1.565000057220459,1.600000023841858,151,0.0,0.0
2024-04-10 15:30:00-04:00,1.600000023841858,1.600000023841858,1.600000023841858,1.600000023841858,1469,0.0,0.0
2024-04-11 15:30:00-04:00,1.6399999856948853,1.6399999856948853,1.6399999856948853,1.6399999856948853,3287,0.0,0.0
2024-04-12 09:30:00-04:00,1.6799999475479126,1.7899999618530273,1.5300999879837036,1.604699969291687,7661,0.0,0.0
2024-04-12 11:30:00-04:00,1.496999979019165,1.496999979019165,1.496999979019165,1.496999979019165,339,0.0,0.0
2024-04-12 13:30:00-04:00,1.5299999713897705,1.5299999713897705,1.5299999713897705,1.5299999713897705,1123,0.0,0.0
2024-04-12 15:30:00-04:00,1.5199999809265137,1.5199999809265137,1.440000057220459,1.440000057220459,584,0.0,0.0
2024-04-15 09:30:00-04:00,1.3600000143051147,1.440000057220459,1.3600000143051147,1.440000057220459,1344,0.0,0.0
2024-04-15 10:30:00-04:00,1.350100040435791,1.4249999523162842,1.350100040435791,1.4249999523162842,295,0.0,0.0
2024-04-15 12:30:00-04:00,1.3973000049591064,1.3973000049591064,1.3973000049591064,1.3973000049591064,248,0.0,0.0
2024-04-16 09:30:00-04:00,1.350000023841858,1.350000023841858,1.340000033378601,1.340000033378601,722,0.0,0.0
2024-04-16 12:30:00-04:00,1.340999960899353,1.340999960899353,1.340999960899353,1.340999960899353,737,0.0,0.0
2024-04-16 13:30:00-04:00,1.340000033378601,1.340000033378601,1.340000033378601,1.340000033378601,463,0.0,0.0
2024-04-16 14:30:00-04:00,1.4160000085830688,1.4160000085830688,1.3401000499725342,1.3401000499725342,156,0.0,0.0
2024-04-16 15:30:00-04:00,1.350000023841858,1.350000023841858,1.350000023841858,1.350000023841858,200,0.0,0.0
2024-04-17 11:30:00-04:00,1.340000033378601,1.340000033378601,1.340000033378601,1.340000033378601,523,0.0,0.0
2024-04-17 12:30:00-04:00,1.153499960899353,1.153499960899353,1.153499960899353,1.153499960899353,403,0.0,0.0
2024-04-17 14:30:00-04:00,1.3609999418258667,1.3609999418258667,1.3609999418258667,1.3609999418258667,294,0.0,0.0
2024-04-18 09:30:00-04:00,1.4700000286102295,1.5199999809265137,1.409999966621399,1.5199999809265137,4465,0.0,0.0
2024-04-18 11:30:00-04:00,1.4299999475479126,1.434999942779541,1.4199999570846558,1.4199999570846558,1134,0.0,0.0
2024-04-18 15:30:00-04:00,1.3700000047683716,1.3700000047683716,1.3700000047683716,1.3700000047683716,409,0.0,0.0
2024-04-19 09:30:00-04:00,1.3890000581741333,1.3890000581741333,1.3300000429153442,1.3300000429153442,3386,0.0,0.0
2024-04-19 11:30:00-04:00,1.309999942779541,1.309999942779541,1.309999942779541,1.309999942779541,166,0.0,0.0
2024-04-19 13:30:00-04:00,1.2599999904632568,1.2599999904632568,1.249899983406067,1.249899983406067,451,0.0,0.0
2024-04-19 15:30:00-04:00,1.2899999618530273,1.2899999618530273,1.2899999618530273,1.2899999618530273,275,0.0,0.0
2024-04-22 09:30:00-04:00,1.3300000429153442,1.340000033378601,1.25,1.2597999572753906,2109,0.0,0.0
2024-04-22 13:30:00-04:00,1.3200000524520874,1.3200000524520874,1.25,1.25,5424,0.0,0.0
2024-04-23 09:30:00-04:00,1.3000999689102173,1.350100040435791,1.3000999689102173,1.350100040435791,7534,0.0,0.0
2024-04-23 10:30:00-04:00,1.399999976158142,1.559999942779541,1.399999976158142,1.4299999475479126,11424,0.0,0.0
2024-04-23 11:30:00-04:00,1.4799000024795532,1.5484999418258667,1.4799000024795532,1.5484999418258667,3420,0.0,0.0
2024-04-23 12:30:00-04:00,1.5540000200271606,1.7999999523162842,1.3899999856948853,1.3899999856948853,37499,0.0,0.0
2024-04-23 13:30:00-04:00,1.3700000047683716,1.663699984550476,1.3700000047683716,1.565000057220459,6179,0.0,0.0
2024-04-23 14:30:00-04:00,1.5499999523162842,1.5549999475479126,1.5,1.5,2134,0.0,0.0
2024-04-23 15:30:00-04:00,1.5740000009536743,1.5740000009536743,1.534999966621399,1.5700000524520874,3078,0.0,0.0
2024-04-24 09:30:00-04:00,1.600000023841858,1.600000023841858,1.309999942779541,1.4199999570846558,2311,0.0,0.0
2024-04-24 10:30:00-04:00,1.4299999475479126,1.4299999475479126,1.4299999475479126,1.4299999475479126,185,0.0,0.0
2024-04-24 11:30:00-04:00,1.399999976158142,1.399999976158142,1.3899999856948853,1.3899999856948853,1574,0.0,0.0
2024-04-24 15:30:00-04:00,1.3901000022888184,1.7000000476837158,1.3901000022888184,1.6380000114440918,2534,0.0,0.0
2024-04-25 09:30:00-04:00,1.4700000286102295,1.5049999952316284,1.2999999523162842,1.4036999940872192,11384,0.0,0.0
2024-04-25 12:30:00-04:00,1.600000023841858,1.600000023841858,1.600000023841858,1.600000023841858,734,0.0,0.0
2024-04-25 13:30:00-04:00,1.5800000429153442,1.5800000429153442,1.399999976158142,1.4110000133514404,2225,0.0,0.0
2024-04-25 14:30:00-04:00,1.4600000381469727,1.4600000381469727,1.4500999450683594,1.4500999450683594,925,0.0,0.0
2024-04-25 15:30:00-04:00,1.4500000476837158,1.5686999559402466,1.4500000476837158,1.5686999559402466,1508,0.0,0.0
2024-04-26 09:30:00-04:00,1.4500000476837158,1.4500000476837158,1.399999976158142,1.4500000476837158,2866,0.0,0.0
2024-04-26 10:30:00-04:00,1.4299999475479126,1.4800000190734863,1.4299999475479126,1.4800000190734863,525,0.0,0.0
2024-04-26 14:30:00-04:00,1.4700000286102295,1.4700000286102295,1.3200000524520874,1.4700000286102295,6332,0.0,0.0
2024-04-26 15:30:00-04:00,1.3942999839782715,1.3942999839782715,1.3849999904632568,1.3849999904632568,741,0.0,0.0
2024-04-29 09:30:00-04:00,1.3799999952316284,1.3799999952316284,1.3799999952316284,1.3799999952316284,2140,0.0,0.0
2024-04-29 11:30:00-04:00,1.4199999570846558,1.4199999570846558,1.3200000524520874,1.3200000524520874,474,0.0,0.0
2024-04-29 12:30:00-04:00,1.3300000429153442,1.3300000429153442,1.3200000524520874,1.3200000524520874,613,0.0,0.0
2024-04-29 13:30:00-04:00,1.4701999425888062,1.4701999425888062,1.4701999425888062,1.4701999425888062,599,0.0,0.0
2024-04-29 15:30:00-04:00,1.4600000381469727,1.4600000381469727,1.4049999713897705,1.409999966621399,789,0.0,0.0
2024-04-30 11:30:00-04:00,1.3658000230789185,1.3658000230789185,1.3658000230789185,1.3658000230789185,1164,0.0,0.0
2024-04-30 12:30:00-04:00,1.309999942779541,1.309999942779541,1.309999942779541,1.309999942779541,300,0.0,0.0
2024-04-30 13:30:00-04:00,1.3000999689102173,1.3000999689102173,1.2799999713897705,1.2799999713897705,1841,0.0,0.0
2024-04-30 15:30:00-04:00,1.3767999410629272,1.3767999410629272,1.3767999410629272,1.3767999410629272,200,0.0,0.0
2024-05-01 09:30:00-04:00,1.3428000211715698,1.3428000211715698,1.3428000211715698,1.3428000211715698,206,0.0,0.0
2024-05-01 10:30:00-04:00,1.3000999689102173,1.3200000524520874,1.3000999689102173,1.3200000524520874,774,0.0,0.0
2024-05-02 09:30:00-04:00,1.25,1.280400037765503,1.25,1.2799999713897705,1248,0.0,0.0
2024-05-02 14:30:00-04:00,1.2799999713897705,1.375,1.2799999713897705,1.375,279,0.0,0.0
2024-05-03 09:30:00-04:00,1.340000033378601,1.340000033378601,1.340000033378601,1.340000033378601,478,0.0,0.0
2024-05-03 13:30:00-04:00,1.2799999713897705,1.2799999713897705,1.2799999713897705,1.2799999713897705,368,0.0,0.0
2024-05-03 14:30:00-04:00,1.308500051498413,1.308500051498413,1.2799999713897705,1.2799999713897705,905,0.0,0.0
2024-05-06 09:30:00-04:00,1.2999999523162842,1.3300000429153442,1.2799999713897705,1.3300000429153442,0,0.0,0.0
2024-05-07 09:30:00-04:00,1.2783000469207764,1.2783000469207764,1.2783000469207764,1.2783000469207764,1005,0.0,0.0
2024-05-07 11:30:00-04:00,1.2799999713897705,1.2799999713897705,1.2799999713897705,1.2799999713897705,1035,0.0,0.0
2024-05-07 14:30:00-04:00,1.2599999904632568,1.2599999904632568,1.2599999904632568,1.2599999904632568,178,0.0,0.0
2024-05-07 15:30:00-04:00,1.2300000190734863,1.2300000190734863,1.2300000190734863,1.2300000190734863,489,0.0,0.0
2024-05-08 09:30:00-04:00,1.2193000316619873,1.2410000562667847,1.2193000316619873,1.2410000562667847,1556,0.0,0.0
2024-05-09 10:30:00-04:00,1.2799999713897705,1.2799999713897705,1.2799999713897705,1.2799999713897705,375,0.0,0.0
2024-05-09 11:30:00-04:00,1.25,1.25,1.25,1.25,100,0.0,0.0
2024-05-09 12:30:00-04:00,1.3250000476837158,1.3250000476837158,1.3250000476837158,1.3250000476837158,54,0.0,0.0
2024-05-09 15:30:00-04:00,1.2899999618530273,1.2899999618530273,1.2899999618530273,1.2899999618530273,180,0.0,0.0
2024-05-10 12:30:00-04:00,1.3200000524520874,1.3200000524520874,1.3200000524520874,1.3200000524520874,335,0.0,0.0
2024-05-10 14:30:00-04:00,1.3451999425888062,1.3451999425888062,1.3451999425888062,1.3451999425888062,948,0.0,0.0
2024-05-14 09:30:00-04:00,1.2450000047683716,1.2750999927520752,1.2450000047683716,1.2450000047683716,4425,0.0,0.0
2024-05-14 10:30:00-04:00,1.2466000318527222,1.2466000318527222,1.2466000318527222,1.2466000318527222,656,0.0,0.0
2024-05-14 12:30:00-04:00,1.2799999713897705,1.2799999713897705,1.2200000286102295,1.2200000286102295,4592,0.0,0.0
2024-05-15 10:30:00-04:00,1.399899959564209,1.399999976158142,1.399899959564209,1.399999976158142,903,0.0,0.0
2024-05-15 12:30:00-04:00,1.3525999784469604,1.3525999784469604,1.3525999784469604,1.3525999784469604,1823,0.0,0.0
2024-05-15 14:30:00-04:00,1.3899999856948853,1.399999976158142,1.3895000219345093,1.3895000219345093,2047,0.0,0.0
2024-05-16 09:30:00-04:00,1.2999999523162842,1.2999999523162842,1.2999999523162842,1.2999999523162842,570,0.0,0.0
2024-05-16 13:30:00-04:00,1.4199999570846558,1.4199999570846558,1.4199999570846558,1.4199999570846558,835,0.0,0.0
2024-05-17 09:30:00-04:00,1.4299999475479126,1.4299999475479126,1.3600000143051147,1.3600000143051147,318,0.0,0.0
2024-05-17 11:30:00-04:00,1.399999976158142,1.500100016593933,1.399999976158142,1.500100016593933,4438,0.0,0.0
2024-05-20 09:30:00-04:00,1.4149999618530273,1.5700000524520874,1.320099949836731,1.320099949836731,9012,0.0,0.0
2024-05-20 10:30:00-04:00,1.3401000499725342,1.3401000499725342,1.3401000499725342,1.3401000499725342,710,0.0,0.0
2024-05-20 11:30:00-04:00,1.3492000102996826,1.4450000524520874,1.340000033378601,1.4187999963760376,2633,0.0,0.0
2024-05-20 14:30:00-04:00,1.4149999618530273,1.4149999618530273,1.330199956893921,1.330199956893921,2018,0.0,0.0
2024-05-20 15:30:00-04:00,1.340000033378601,1.440000057220459,1.340000033378601,1.440000057220459,3359,0.0,0.0
2024-05-21 11:30:00-04:00,1.524999976158142,1.809999942779541,1.524999976158142,1.6699999570846558,23831,0.0,0.0
2024-05-21 12:30:00-04:00,1.5601999759674072,1.5601999759674072,1.5601999759674072,1.5601999759674072,606,0.0,0.0
2024-05-21 14:30:00-04:00,1.409999966621399,1.4199999570846558,1.409999966621399,1.4199999570846558,1246,0.0,0.0
2024-05-21 15:30:00-04:00,1.4700000286102295,1.5980000495910645,1.4700000286102295,1.5980000495910645,2487,0.0,0.0
2024-05-22 09:30:00-04:00,1.600000023841858,1.73989999294281,1.5002000331878662,1.5002000331878662,39836,0.0,0.0
2024-05-22 10:30:00-04:00,1.5157999992370605,1.5157999992370605,1.4900000095367432,1.5049999952316284,1435,0.0,0.0
2024-05-22 11:30:00-04:00,1.5026999711990356,1.5026999711990356,1.3550000190734863,1.4500000476837158,32644,0.0,0.0
2024-05-22 13:30:00-04:00,1.530900001525879,1.530900001525879,1.530900001525879,1.530900001525879,459,0.0,0.0
2024-05-22 14:30:00-04:00,1.6398999691009521,1.8006000518798828,1.5449999570846558,1.7201000452041626,54026,0.0,0.0
2024-05-22 15:30:00-04:00,1.75,1.8700000047683716,1.7009999752044678,1.799299955368042,92888,0.0,0.0
2024-05-23 09:30:00-04:00,1.75,1.75,1.3600000143051147,1.6273000240325928,55406,0.0,0.0
2024-05-23 10:30:00-04:00,1.649999976158142,1.8459999561309814,1.6299999952316284,1.8200000524520874,6075,0.0,0.0
2024-05-23 11:30:00-04:00,1.659999966621399,1.6640000343322754,1.5099999904632568,1.5099999904632568,5294,0.0,0.0
2024-05-23 12:30:00-04:00,1.6699999570846558,1.7002999782562256,1.6200000047683716,1.7002999782562256,852,0.0,0.0
2024-05-23 14:30:00-04:00,1.6967999935150146,1.6967999935150146,1.6399999856948853,1.6799999475479126,1968,0.0,0.0
2024-05-23 15:30:00-04:00,1.6799999475479126,1.7999999523162842,1.6119999885559082,1.6699999570846558,6212,0.0,0.0
2024-05-24 09:30:00-04:00,1.5299999713897705,1.6699999570846558,1.5299999713897705,1.6699999570846558,1405,0.0,0.0
2024-05-24 10:30:00-04:00,1.5199999809265137,1.5449999570846558,1.5199999809265137,1.5369999408721924,7101,0.0,0.0
2024-05-24 11:30:00-04:00,1.559999942779541,1.7000000476837158,1.559999942779541,1.607100009918213,21522,0.0,0.0
2024-05-24 12:30:00-04:00,1.690999984741211,1.690999984741211,1.559999942779541,1.5800000429153442,2935,0.0,0.0
2024-05-24 13:30:00-04:00,1.6999000310897827,1.6999000310897827,1.559999942779541,1.559999942779541,1306,0.0,0.0
2024-05-24 14:30:00-04:00,1.5700000524520874,1.5700000524520874,1.559999942779541,1.559999942779541,558,0.0,0.0
2024-05-28 09:30:00-04:00,1.6699999570846558,1.6799999475479126,1.5800000429153442,1.659999966621399,1061,0.0,0.0
2024-05-28 10:30:00-04:00,1.6598999500274658,1.6598999500274658,1.590000033378601,1.590000033378601,1670,0.0,0.0
2024-05-28 11:30:00-04:00,1.600000023841858,1.6299999952316284,1.600000023841858,1.6299999952316284,600,0.0,0.0
2024-05-28 12:30:00-04:00,1.590000033378601,1.6200000047683716,1.590000033378601,1.6200000047683716,1358,0.0,0.0
2024-05-28 13:30:00-04:00,1.6256999969482422,1.6299999952316284,1.590000033378601,1.590000033378601,2820,0.0,0.0
2024-05-28 14:30:00-04:00,1.559999942779541,1.559999942779541,1.4700000286102295,1.5449999570846558,3429,0.0,0.0
2024-05-28 15:30:00-04:00,1.5449999570846558,1.5449999570846558,1.5449999570846558,1.5449999570846558,638,0.0,0.0
2024-05-29 09:30:00-04:00,1.6299999952316284,1.6299999952316284,1.5,1.5700000524520874,3513,0.0,0.0
2024-05-29 10:30:00-04:00,1.5199999809265137,1.5199999809265137,1.4600000381469727,1.5049999952316284,5578,0.0,0.0
2024-05-29 12:30:00-04:00,1.4700000286102295,1.4700000286102295,1.378999948501587,1.3799999952316284,3219,0.0,0.0
2024-05-29 13:30:00-04:00,1.4249999523162842,1.5099999904632568,1.399999976158142,1.475000023841858,3308,0.0,0.0
2024-05-29 15:30:00-04:00,1.468999981880188,1.468999981880188,1.468999981880188,1.468999981880188,200,0.0,0.0
2024-05-30 09:30:00-04:00,1.409999966621399,1.5,1.4000999927520752,1.5,2970,0.0,0.0
2024-05-30 11:30:00-04:00,1.4600000381469727,1.4600000381469727,1.284999966621399,1.409999966621399,3856,0.0,0.0
2024-05-31 09:30:00-04:00,1.399999976158142,1.399999976158142,1.3009999990463257,1.3109999895095825,2523,0.0,0.0
2024-05-31 11:30:00-04:00,1.3980000019073486,1.3980000019073486,1.3980000019073486,1.3980000019073486,258,0.0,0.0
2024-05-31 12:30:00-04:00,1.3550000190734863,1.3550000190734863,1.3550000190734863,1.3550000190734863,196,0.0,0.0
2024-05-31 13:30:00-04:00,1.3393000364303589,1.3650000095367432,1.3200000524520874,1.3650000095367432,3018,0.0,0.0
2024-05-31 14:30:00-04:00,1.340000033378601,1.3423999547958374,1.3009999990463257,1.3009999990463257,1480,0.0,0.0
2024-06-03 09:30:00-04:00,1.3799999952316284,1.3799999952316284,1.2799999713897705,1.2799999713897705,2406,0.0,0.0
2024-06-03 11:30:00-04:00,1.340000033378601,1.340000033378601,1.340000033378601,1.340000033378601,405,0.0,0.0
2024-06-03 14:30:00-04:00,1.2599999904632568,1.3567999601364136,1.25,1.3567999601364136,934,0.0,0.0
2024-06-04 10:30:00-04:00,1.3700000047683716,1.3700000047683716,1.3700000047683716,1.3700000047683716,421,0.0,0.0
2024-06-04 12:30:00-04:00,1.2200000286102295,1.2200000286102295,1.2101000547409058,1.2109999656677246,673,0.0,0.0
2024-06-04 13:30:00-04:00,1.2899999618530273,1.2899999618530273,1.2899999618530273,1.2899999618530273,634,0.0,0.0
2024-06-05 10:30:00-04:00,1.190000057220459,1.2599999904632568,1.190000057220459,1.2599999904632568,3012,0.0,0.0
2024-06-05 11:30:00-04:00,1.190000057220459,1.190000057220459,1.1799999475479126,1.1799999475479126,713,0.0,0.0
2024-06-05 14:30:00-04:00,1.2400000095367432,1.2400000095367432,1.2400000095367432,1.2400000095367432,400,0.0,0.0
2024-06-06 09:30:00-04:00,1.1399999856948853,1.1699999570846558,1.059999942779541,1.1483999490737915,10312,0.0,0.0
2024-06-06 10:30:00-04:00,1.0800000429153442,1.125,1.0800000429153442,1.125,1211,0.0,0.0
2024-06-06 11:30:00-04:00,1.1009999513626099,1.1009999513626099,1.059999942779541,1.0850000381469727,9162,0.0,0.0
2024-06-06 12:30:00-04:00,1.0700000524520874,1.0700000524520874,1.059999942779541,1.0609999895095825,3050,0.0,0.0
2024-06-06 15:30:00-04:00,1.0549999475479126,1.090000033378601,1.0549999475479126,1.0800000429153442,1231,0.0,0.0
2024-06-07 09:30:00-04:00,1.1150000095367432,1.1150000095367432,1.0365999937057495,1.0549999475479126,2825,0.0,0.0
2024-06-07 12:30:00-04:00,1.0499999523162842,1.0499999523162842,1.0499999523162842,1.0499999523162842,212,0.0,0.0
2024-06-07 14:30:00-04:00,1.0499999523162842,1.0499999523162842,1.0499999523162842,1.0499999523162842,345,0.0,0.0
2024-06-10 09:30:00-04:00,1.0499999523162842,1.0499999523162842,1.0499999523162842,1.0499999523162842,513,0.0,0.0
2024-06-10 10:30:00-04:00,1.0,1.0,1.0,1.0,664,0.0,0.0
2024-06-10 13:30:00-04:00,0.9599999785423279,1.0,0.9599999785423279,1.0,512,0.0,0.0
2024-06-10 15:30:00-04:00,0.9700000286102295,0.9700000286102295,0.9650999903678894,0.9650999903678894,4830,0.0,0.0
2024-06-11 10:30:00-04:00,0.9650999903678894,0.9650999903678894,0.9650999903678894,0.9650999903678894,1385,0.0,0.0
2024-06-11 14:30:00-04:00,0.9652000069618225,0.9652000069618225,0.9100000262260437,0.9100000262260437,1599,0.0,0.0
2024-06-12 09:30:00-04:00,0.8999999761581421,0.9031000137329102,0.8999999761581421,0.9031000137329102,2071,0.0,0.0
2024-06-12 10:30:00-04:00,0.9063000082969666,0.9100000262260437,0.9063000082969666,0.9100000262260437,1287,0.0,0.0
2024-06-12 11:30:00-04:00,0.8999999761581421,0.8999999761581421,0.8999999761581421,0.8999999761581421,144,0.0,0.0
2024-06-12 13:30:00-04:00,0.9100000262260437,0.9100000262260437,0.9000999927520752,0.9000999927520752,404,0.0,0.0
2024-06-12 15:30:00-04:00,0.8999999761581421,0.925000011920929,0.8999999761581421,0.8999999761581421,1991,0.0,0.0
2024-06-13 09:30:00-04:00,0.8799999952316284,0.8799999952316284,0.8799999952316284,0.8799999952316284,882,0.0,0.0
2024-06-13 12:30:00-04:00,0.9269999861717224,0.9269999861717224,0.925000011920929,0.9269999861717224,4713,0.0,0.0
2024-06-13 13:30:00-04:00,0.9269999861717224,0.9269999861717224,0.9000999927520752,0.9000999927520752,1100,0.0,0.0
2024-06-13 14:30:00-04:00,0.9269999861717224,0.9269999861717224,0.9269999861717224,0.9269999861717224,104,0.0,0.0
2024-06-14 09:30:00-04:00,0.9399999976158142,0.9498999714851379,0.9399999976158142,0.9498999714851379,1220,0.0,0.0
2024-06-14 10:30:00-04:00,0.9498999714851379,0.9498999714851379,0.925000011920929,0.9498999714851379,5076,0.0,0.0
2024-06-14 11:30:00-04:00,0.9599999785423279,0.9599999785423279,0.9599999785423279,0.9599999785423279,416,0.0,0.0
2024-06-14 12:30:00-04:00,0.9700000286102295,0.9700000286102295,0.9700000286102295,0.9700000286102295,348,0.0,0.0
2024-06-14 13:30:00-04:00,1.0199999809265137,1.0299999713897705,1.0199999809265137,1.0299999713897705,1061,0.0,0.0
2024-06-14 14:30:00-04:00,1.0299999713897705,1.0299999713897705,1.0299999713897705,1.0299999713897705,543,0.0,0.0
2024-06-17 09:30:00-04:00,1.0299999713897705,1.0299999713897705,0.9563000202178955,0.9563000202178955,1801,0.0,0.0
2024-06-17 10:30:00-04:00,0.9399999976158142,0.9399999976158142,0.9399999976158142,0.9399999976158142,483,0.0,0.0
2024-06-17 13:30:00-04:00,0.949999988079071,0.9501000046730042,0.949999988079071,0.9501000046730042,300,0.0,0.0
2024-06-17 14:30:00-04:00,0.949999988079071,0.949999988079071,0.949999988079071,0.949999988079071,100,0.0,0.0
2024-06-18 09:30:00-04:00,1.0399999618530273,1.1299999952316284,1.0399999618530273,1.0709999799728394,40214,0.0,0.0
2024-06-18 10:30:00-04:00,1.0889999866485596,1.0987000465393066,1.0099999904632568,1.0723999738693237,14602,0.0,0.0
2024-06-18 11:30:00-04:00,1.0700000524520874,1.0700000524520874,1.0,1.0499999523162842,5954,0.0,0.0
2024-06-18 13:30:00-04:00,1.034999966621399,1.0499999523162842,1.003600001335144,1.034999966621399,2938,0.0,0.0
2024-06-18 14:30:00-04:00,1.0,1.0,1.0,1.0,368,0.0,0.0
2024-06-18 15:30:00-04:00,0.9900000095367432,1.0099999904632568,0.9645000100135803,1.0099999904632568,2376,0.0,0.0
2024-06-20 09:30:00-04:00,0.9900000095367432,0.9900000095367432,0.9703999757766724,0.9703999757766724,536,0.0,0.0
2024-06-20 10:30:00-04:00,0.9672999978065491,0.9672999978065491,0.9599999785423279,0.9599999785423279,4977,0.0,0.0
2024-06-20 11:30:00-04:00,0.949999988079071,0.9649999737739563,0.949999988079071,0.9599999785423279,513,0.0,0.0
2024-06-20 12:30:00-04:00,0.960099995136261,0.960099995136261,0.9599999785423279,0.9599999785423279,2984,0.0,0.0
2024-06-20 13:30:00-04:00,0.9580000042915344,0.9580000042915344,0.9580000042915344,0.9580000042915344,0,0.0,0.0
2024-06-21 09:30:00-04:00,1.0049999952316284,1.0049999952316284,0.9700000286102295,0.9700000286102295,350,0.0,0.0
2024-06-21 11:30:00-04:00,0.9599999785423279,0.9599999785423279,0.9108999967575073,0.9108999967575073,2527,0.0,0.0
2024-06-21 12:30:00-04:00,0.9108999967575073,0.9108999967575073,0.9108999967575073,0.9108999967575073,0,0.0,0.0
2024-06-21 13:30:00-04:00,0.9208999872207642,0.9208999872207642,0.910099983215332,0.910099983215332,640,0.0,0.0
2024-06-21 15:30:00-04:00,1.0,1.0,0.9108999967575073,0.9553999900817871,4287,0.0,0.0
2024-06-24 09:30:00-04:00,0.9100000262260437,0.9128000140190125,0.9000999927520752,0.9003000259399414,6185,0.0,0.0
2024-06-24 10:30:00-04:00,0.9283999800682068,0.9283999800682068,0.9142000079154968,0.9283999800682068,2604,0.0,0.0
2024-06-24 11:30:00-04:00,0.910099983215332,0.910099983215332,0.9004999995231628,0.9004999995231628,7075,0.0,0.0
2024-06-24 13:30:00-04:00,0.8640000224113464,0.8640000224113464,0.8640000224113464,0.8640000224113464,900,0.0,0.0
2024-06-24 14:30:00-04:00,0.9020000100135803,0.9020000100135803,0.9020000100135803,0.9020000100135803,1273,0.0,0.0
2024-06-25 09:30:00-04:00,0.9599999785423279,0.9599999785423279,0.9599999785423279,0.9599999785423279,2808,0.0,0.0
2024-06-25 10:30:00-04:00,0.9478999972343445,0.9478999972343445,0.8600000143051147,0.8619999885559082,9918,0.0,0.0
2024-06-25 11:30:00-04:00,1.0299999713897705,1.0299999713897705,0.9200000166893005,0.9200000166893005,809,0.0,0.0
2024-06-25 14:30:00-04:00,0.9800000190734863,0.9800000190734863,0.9800000190734863,0.9800000190734863,906,0.0,0.0
2024-06-26 09:30:00-04:00,0.9800000190734863,0.9800000190734863,0.9800000190734863,0.9800000190734863,1055,0.0,0.0
2024-06-26 11:30:00-04:00,0.9194999933242798,0.965499997138977,0.9194999933242798,0.965499997138977,560,0.0,0.0
2024-06-26 15:30:00-04:00,0.8999999761581421,0.9200000166893005,0.8799999952316284,0.9200000166893005,3504,0.0,0.0
2024-06-27 09:30:00-04:00,0.8841999769210815,0.9325000047683716,0.8841999769210815,0.9325000047683716,1317,0.0,0.0
2024-06-27 11:30:00-04:00,0.9399999976158142,0.9399999976158142,0.9399999976158142,0.9399999976158142,300,0.0,0.0
2024-06-27 12:30:00-04:00,0.8799999952316284,0.8799999952316284,0.8799999952316284,0.8799999952316284,0,0.0,0.0
2024-06-27 13:30:00-04:00,0.9369999766349792,0.9369999766349792,0.8799999952316284,0.8799999952316284,5492,0.0,0.0
2024-06-27 14:30:00-04:00,0.8999999761581421,0.8999999761581421,0.8999999761581421,0.8999999761581421,1601,0.0,0.0
2024-06-28 09:30:00-04:00,0.8999999761581421,0.8999999761581421,0.8999999761581421,0.8999999761581421,0,0.0,0.0
2024-06-28 14:30:00-04:00,0.9049999713897705,0.9049999713897705,0.9049999713897705,0.9049999713897705,109,0.0,0.0
2024-07-01 09:30:00-04:00,0.9350000023841858,0.9350000023841858,0.9350000023841858,0.9350000023841858,739,0.0,0.0
2024-07-01 10:30:00-04:00,0.9075000286102295,0.9075000286102295,0.8700000047683716,0.8700000047683716,5467,0.0,0.0
2024-07-01 11:30:00-04:00,0.8899999856948853,0.8899999856948853,0.8899999856948853,0.8899999856948853,3596,0.0,0.0
2024-07-01 14:30:00-04:00,0.8999999761581421,0.8999999761581421,0.8999999761581421,0.8999999761581421,436,0.0,0.0
2024-07-02 09:30:00-04:00,0.8799999952316284,0.9179999828338623,0.8600000143051147,0.8600000143051147,23701,0.0,0.0
2024-07-02 10:30:00-04:00,0.8700000047683716,0.9179999828338623,0.800000011920929,0.800000011920929,17805,0.0,0.0
2024-07-02 11:30:00-04:00,0.8050000071525574,0.8050000071525574,0.8050000071525574,0.8050000071525574,3320,0.0,0.0
2024-07-02 12:30:00-04:00,0.800000011920929,0.800000011920929,0.7699999809265137,0.7699999809265137,7238,0.0,0.0
2024-07-02 13:30:00-04:00,0.7699999809265137,0.7699999809265137,0.7699999809265137,0.7699999809265137,1159,0.0,0.0
2024-07-02 14:30:00-04:00,0.800000011920929,0.800000011920929,0.800000011920929,0.800000011920929,360,0.0,0.0
2024-07-03 09:30:00-04:00,0.7879999876022339,0.7879999876022339,0.7649999856948853,0.7649999856948853,2083,0.0,0.0
2024-07-03 11:30:00-04:00,0.7552000284194946,0.7552000284194946,0.75,0.75,1967,0.0,0.0
2024-07-03 12:30:00-04:00,0.75,0.75,0.75,0.75,101,0.0,0.0
2024-07-05 09:30:00-04:00,0.7538999915122986,0.7649999856948853,0.722599983215332,0.722599983215332,0,0.0,0.0
2024-07-05 12:30:00-04:00,0.8539999723434448,0.8539999723434448,0.8529999852180481,0.8529999852180481,1279,0.0,0.0
2024-07-08 09:30:00-04:00,0.8080000281333923,0.8080000281333923,0.8080000281333923,0.8080000281333923,200,0.0,0.0
2024-07-08 10:30:00-04:00,0.7795000076293945,0.7795000076293945,0.7795000076293945,0.7795000076293945,759,0.0,0.0
2024-07-08 12:30:00-04:00,0.7879999876022339,0.7879999876022339,0.7879999876022339,0.7879999876022339,389,0.0,0.0
2024-07-08 15:30:00-04:00,0.7879999876022339,0.8119999766349792,0.7879999876022339,0.8119999766349792,587,0.0,0.0
2024-07-09 09:30:00-04:00,0.8119999766349792,0.8119999766349792,0.8119999766349792,0.8119999766349792,1188,0.0,0.0
2024-07-09 10:30:00-04:00,0.7591999769210815,0.7591999769210815,0.7573999762535095,0.7591999769210815,1320,0.0,0.0
2024-07-09 13:30:00-04:00,0.8176000118255615,0.8176000118255615,0.8176000118255615,0.8176000118255615,259,0.0,0.0
2024-07-10 09:30:00-04:00,0.7225000262260437,0.7225000262260437,0.7225000262260437,0.7225000262260437,1201,0.0,0.0
2024-07-10 10:30:00-04:00,0.7724999785423279,0.7724999785423279,0.7724999785423279,0.7724999785423279,744,0.0,0.0
2024-07-10 13:30:00-04:00,0.7699999809265137,0.7699999809265137,0.7699999809265137,0.7699999809265137,431,0.0,0.0
2024-07-10 14:30:00-04:00,0.7524999976158142,0.7681999802589417,0.7524999976158142,0.7524999976158142,1253,0.0,0.0
2024-07-10 15:30:00-04:00,0.7651000022888184,0.7651000022888184,0.7251999974250793,0.7251999974250793,4450,0.0,0.0
2024-07-11 10:30:00-04:00,0.7864999771118164,0.8258000016212463,0.7473000288009644,0.8238999843597412,1671,0.0,0.0
2024-07-11 12:30:00-04:00,0.7799000144004822,0.8098999857902527,0.7470999956130981,0.8098999857902527,1129,0.0,0.0
2024-07-12 10:30:00-04:00,0.75,0.75,0.75,0.75,188,0.0,0.0
2024-07-12 14:30:00-04:00,0.7501000165939331,0.7739999890327454,0.7501000165939331,0.7739999890327454,811,0.0,0.0
2024-07-15 10:30:00-04:00,0.8330000042915344,0.8330000042915344,0.8330000042915344,0.8330000042915344,1312,0.0,0.0
2024-07-15 12:30:00-04:00,0.8180000185966492,0.8180000185966492,0.7900000214576721,0.8159999847412109,1626,0.0,0.0
2024-07-15 13:30:00-04:00,0.7900000214576721,0.7900000214576721,0.7799999713897705,0.7799999713897705,4147,0.0,0.0
2024-07-15 15:30:00-04:00,0.7829999923706055,0.7829999923706055,0.7829999923706055,0.7829999923706055,808,0.0,0.0
2024-07-16 12:30:00-04:00,0.7960000038146973,0.7960000038146973,0.7910000085830688,0.7910000085830688,496,0.0,0.0
2024-07-16 14:30:00-04:00,0.7900000214576721,0.7900000214576721,0.75,0.7599999904632568,4360,0.0,0.0
2024-07-17 12:30:00-04:00,0.7195000052452087,0.7195000052452087,0.7193999886512756,0.7193999886512756,802,0.0,0.0
2024-07-17 14:30:00-04:00,0.701200008392334,0.7020000219345093,0.701200008392334,0.7020000219345093,478,0.0,0.0
2024-07-18 13:30:00-04:00,0.73580002784729,0.73580002784729,0.73580002784729,0.73580002784729,1880,0.0,0.0
2024-07-18 14:30:00-04:00,0.7251999974250793,0.7251999974250793,0.7200000286102295,0.7200000286102295,3215,0.0,0.0
2024-07-18 15:30:00-04:00,0.7142999768257141,0.7549999952316284,0.7142999768257141,0.7549999952316284,4760,0.0,0.0
2024-07-19 09:30:00-04:00,0.7639999985694885,0.7639999985694885,0.7639999985694885,0.7639999985694885,248,0.0,0.0
2024-07-19 11:30:00-04:00,0.75,0.7867000102996826,0.7493000030517578,0.7867000102996826,3937,0.0,0.0
2024-07-19 12:30:00-04:00,0.75,0.7599999904632568,0.7429999709129333,0.7599999904632568,5492,0.0,0.0
2024-07-19 13:30:00-04:00,0.7639999985694885,0.7639999985694885,0.7639999985694885,0.7639999985694885,201,0.0,0.0
2024-07-19 14:30:00-04:00,0.7639999985694885,0.7639999985694885,0.7570000290870667,0.7570000290870667,1082,0.0,0.0
2024-07-22 09:30:00-04:00,0.701200008392334,0.701200008392334,0.701200008392334,0.701200008392334,0,0.0,0.0
2024-07-23 09:30:00-04:00,0.7099999785423279,0.7099999785423279,0.7006999850273132,0.7008000016212463,2539,0.0,0.0
2024-07-23 15:30:00-04:00,0.7598999738693237,0.7599999904632568,0.7598999738693237,0.7599999904632568,512,0.0,0.0
2024-07-24 09:30:00-04:00,0.7599999904632568,0.7599999904632568,0.7565000057220459,0.7565000057220459,729,0.0,0.0
2024-07-24 11:30:00-04:00,0.7304999828338623,0.7304999828338623,0.7120000123977661,0.7120000123977661,216,0.0,0.0
2024-07-24 15:30:00-04:00,0.7476999759674072,0.7476999759674072,0.7476999759674072,0.7476999759674072,445,0.0,0.0
2024-07-25 10:30:00-04:00,0.7006999850273132,0.7006999850273132,0.7006999850273132,0.7006999850273132,607,0.0,0.0
2024-07-25 12:30:00-04:00,0.7357000112533569,0.7357000112533569,0.7357000112533569,0.7357000112533569,379,0.0,0.0
2024-07-26 10:30:00-04:00,0.7008000016212463,0.7008000016212463,0.7008000016212463,0.7008000016212463,336,0.0,0.0
2024-07-26 11:30:00-04:00,0.7253999710083008,0.7253999710083008,0.7253999710083008,0.7253999710083008,2008,0.0,0.0
2024-07-26 12:30:00-04:00,0.7200000286102295,0.7343000173568726,0.7200000286102295,0.7343000173568726,1000,0.0,0.0
2024-07-26 13:30:00-04:00,0.704800009727478,0.7049000263214111,0.7027999758720398,0.7049000263214111,1832,0.0,0.0
2024-07-26 14:30:00-04:00,0.7013000249862671,0.7013000249862671,0.7013000249862671,0.7013000249862671,293,0.0,0.0
2024-07-29 09:30:00-04:00,0.7006999850273132,0.7240999937057495,0.7006999850273132,0.7240999937057495,1375,0.0,0.0
2024-07-29 14:30:00-04:00,0.7001000046730042,0.7001000046730042,0.7001000046730042,0.7001000046730042,622,0.0,0.0
2024-07-31 09:30:00-04:00,0.699999988079071,0.699999988079071,0.699999988079071,0.699999988079071,956,0.0,0.0
2024-07-31 10:30:00-04:00,0.705299973487854,0.705299973487854,0.705299973487854,0.705299973487854,17,0.0,0.0
2024-07-31 13:30:00-04:00,0.7350000143051147,0.7350000143051147,0.7350000143051147,0.7350000143051147,353,0.0,0.0
2024-08-01 14:30:00-04:00,0.6800000071525574,0.6800000071525574,0.6003999710083008,0.6003999710083008,11914,0.0,0.0
2024-08-01 15:30:00-04:00,0.6003999710083008,0.6510000228881836,0.6003999710083008,0.6510000228881836,4705,0.0,0.0
2024-08-02 09:30:00-04:00,0.6399999856948853,0.6399999856948853,0.6399999856948853,0.6399999856948853,101,0.0,0.0
2024-08-02 10:30:00-04:00,0.6474999785423279,0.6474999785423279,0.6474999785423279,0.6474999785423279,236,0.0,0.0
2024-08-02 12:30:00-04:00,0.6499999761581421,0.6499999761581421,0.6151000261306763,0.6151000261306763,742,0.0,0.0
2024-08-05 09:30:00-04:00,0.6151000261306763,0.6151000261306763,0.6151000261306763,0.6151000261306763,1652,0.0,0.0
2024-08-05 10:30:00-04:00,0.6011999845504761,0.6011999845504761,0.6011999845504761,0.6011999845504761,3496,0.0,0.0
2024-08-05 11:30:00-04:00,0.6194999814033508,0.6194999814033508,0.6194999814033508,0.6194999814033508,0,0.0,0.0
2024-08-05 12:30:00-04:00,0.618399977684021,0.618399977684021,0.618399977684021,0.618399977684021,1600,0.0,0.0
2024-08-05 14:30:00-04:00,0.6184999942779541,0.6184999942779541,0.6184999942779541,0.6184999942779541,290,0.0,0.0
2024-08-06 09:30:00-04:00,0.6179999709129333,0.6179999709129333,0.6179999709129333,0.6179999709129333,1139,0.0,0.0
2024-08-06 15:30:00-04:00,0.6100000143051147,0.6100000143051147,0.6100000143051147,0.6100000143051147,210,0.0,0.0
2024-08-07 11:30:00-04:00,0.6169999837875366,0.6179999709129333,0.6169999837875366,0.6179999709129333,2400,0.0,0.0
2024-08-07 12:30:00-04:00,0.6301000118255615,0.6301000118255615,0.6301000118255615,0.6301000118255615,500,0.0,0.0
2024-08-07 13:30:00-04:00,0.6301000118255615,0.6301000118255615,0.6299999952316284,0.6299999952316284,400,0.0,0.0
2024-08-07 14:30:00-04:00,0.6100000143051147,0.6100000143051147,0.6100000143051147,0.6100000143051147,2607,0.0,0.0
2024-08-08 15:30:00-04:00,0.6504999995231628,0.6504999995231628,0.6504999995231628,0.6504999995231628,100,0.0,0.0
2024-08-09 13:30:00-04:00,0.6299999952316284,0.6299999952316284,0.6299999952316284,0.6299999952316284,600,0.0,0.0
2024-08-12 14:30:00-04:00,0.6050000190734863,0.6430000066757202,0.5859000086784363,0.5859000086784363,4809,0.0,0.0
2024-08-12 15:30:00-04:00,0.5595999956130981,0.7599999904632568,0.5595999956130981,0.7599999904632568,1135,0.0,0.0
2024-08-13 09:30:00-04:00,0.6589999794960022,0.7699999809265137,0.6589999794960022,0.7649999856948853,9093,0.0,0.0
2024-08-13 10:30:00-04:00,0.7749999761581421,0.7749999761581421,0.7649999856948853,0.7649999856948853,3693,0.0,0.0
2024-08-13 11:30:00-04:00,0.784500002861023,0.784500002861023,0.680400013923645,0.680400013923645,7023,0.0,0.0
2024-08-13 14:30:00-04:00,0.7369999885559082,0.7738000154495239,0.7369999885559082,0.7738000154495239,2675,0.0,0.0
2024-08-13 15:30:00-04:00,0.7949000000953674,0.7950000166893005,0.7143999934196472,0.7143999934196472,1073,0.0,0.0
2024-08-14 09:30:00-04:00,0.8101000189781189,0.8201000094413757,0.7542999982833862,0.7542999982833862,1277,0.0,0.0
2024-08-14 15:30:00-04:00,0.6358000040054321,0.6358000040054321,0.6358000040054321,0.6358000040054321,1013,0.0,0.0
2024-08-15 09:30:00-04:00,0.5006999969482422,0.5006999969482422,0.5002999901771545,0.5005000233650208,1889,0.0,0.0
2024-08-15 10:30:00-04:00,0.5601000189781189,0.5601000189781189,0.5501999855041504,0.5501999855041504,1171,0.0,0.0
2024-08-15 11:30:00-04:00,0.5501999855041504,0.5601000189781189,0.5011000037193298,0.5011000037193298,3320,0.0,0.0
2024-08-15 12:30:00-04:00,0.5260999798774719,0.660099983215332,0.5260999798774719,0.660099983215332,2352,0.0,0.0
2024-08-15 13:30:00-04:00,0.6784999966621399,0.6784999966621399,0.5372999906539917,0.5372999906539917,665,0.0,0.0
2024-08-15 15:30:00-04:00,0.5741000175476074,0.5741000175476074,0.5374000072479248,0.5374000072479248,2633,0.0,0.0
2024-08-16 10:30:00-04:00,0.5885000228881836,0.6765000224113464,0.5885000228881836,0.6765000224113464,2221,0.0,0.0
2024-08-16 11:30:00-04:00,0.6783999800682068,0.6783999800682068,0.5526000261306763,0.5562000274658203,6337,0.0,0.0
2024-08-16 13:30:00-04:00,0.592199981212616,0.592199981212616,0.592199981212616,0.592199981212616,520,0.0,0.0
2024-08-16 14:30:00-04:00,0.5799999833106995,0.5799999833106995,0.5799999833106995,0.5799999833106995,412,0.0,0.0
2024-08-19 09:30:00-04:00,0.6043000221252441,0.6287999749183655,0.6031000018119812,0.6031000018119812,1918,0.0,0.0
2024-08-19 10:30:00-04:00,0.5501000285148621,0.6031000018119812,0.5501000285148621,0.6031000018119812,1029,0.0,0.0
2024-08-19 13:30:00-04:00,0.6263999938964844,0.6884999871253967,0.6262999773025513,0.6884999871253967,1009,0.0,0.0
2024-08-19 15:30:00-04:00,0.6984999775886536,0.6984999775886536,0.5849999785423279,0.6492999792098999,2039,0.0,0.0
2024-08-20 09:30:00-04:00,0.6884999871253967,0.6942999958992004,0.6884999871253967,0.6941999793052673,4253,0.0,0.0
2024-08-20 10:30:00-04:00,0.6801000237464905,0.6801000237464905,0.6800000071525574,0.6800000071525574,4998,0.0,0.0
2024-08-20 12:30:00-04:00,0.6650000214576721,0.6800000071525574,0.6499999761581421,0.6499999761581421,11783,0.0,0.0
2024-08-20 13:30:00-04:00,0.6499999761581421,0.6984999775886536,0.6499999761581421,0.6984999775886536,2809,0.0,0.0
2024-08-20 14:30:00-04:00,0.7498999834060669,0.7498999834060669,0.7250000238418579,0.7250000238418579,1395,0.0,0.0
2024-08-20 15:30:00-04:00,0.699999988079071,0.7001000046730042,0.699999988079071,0.7001000046730042,889,0.0,0.0
2024-08-21 09:30:00-04:00,0.6520000100135803,0.7110000252723694,0.6520000100135803,0.7110000252723694,1207,0.0,0.0
2024-08-21 10:30:00-04:00,0.7110000252723694,0.7110000252723694,0.7110000252723694,0.7110000252723694,620,0.0,0.0
2024-08-21 11:30:00-04:00,0.6998999714851379,0.6998999714851379,0.6998999714851379,0.6998999714851379,4380,0.0,0.0
2024-08-21 13:30:00-04:00,0.699999988079071,0.699999988079071,0.699999988079071,0.699999988079071,4324,0.0,0.0
2024-08-21 14:30:00-04:00,0.6832000017166138,0.6832000017166138,0.6740999817848206,0.6740999817848206,1412,0.0,0.0
2024-08-22 09:30:00-04:00,0.7008000016212463,0.7008000016212463,0.6499999761581421,0.6499999761581421,5421,0.0,0.0
2024-08-22 14:30:00-04:00,0.6499000191688538,0.6499000191688538,0.6413000226020813,0.6499000191688538,2600,0.0,0.0
2024-08-22 15:30:00-04:00,0.6327000260353088,0.6327000260353088,0.6326000094413757,0.6326000094413757,0,0.0,0.0
2024-08-23 09:30:00-04:00,0.6499000191688538,0.6499000191688538,0.6499000191688538,0.6499000191688538,1060,0.0,0.0
2024-08-23 10:30:00-04:00,0.6496999859809875,0.6496999859809875,0.6496999859809875,0.6496999859809875,600,0.0,0.0
2024-08-23 12:30:00-04:00,0.6496000289916992,0.6496000289916992,0.6496000289916992,0.6496000289916992,1,0.0,0.0
2024-08-26 10:30:00-04:00,0.5758000016212463,0.5758000016212463,0.5758000016212463,0.5758000016212463,478,0.0,0.0
2024-08-26 11:30:00-04:00,0.5741999745368958,0.5758000016212463,0.5741999745368958,0.5758000016212463,528,0.0,0.0
2024-08-26 12:30:00-04:00,0.5758000016212463,0.5758000016212463,0.5758000016212463,0.5758000016212463,1010,0.0,0.0
2024-08-26 14:30:00-04:00,0.6104999780654907,0.6104999780654907,0.6104999780654907,0.6104999780654907,716,0.0,0.0
2024-08-29 10:30:00-04:00,0.5400000214576721,0.5400000214576721,0.5400000214576721,0.5400000214576721,2091,0.0,0.0
2024-08-29 11:30:00-04:00,0.5540000200271606,0.5540000200271606,0.5540000200271606,0.5540000200271606,405,0.0,0.0
2024-08-29 12:30:00-04:00,0.550000011920929,0.5600000023841858,0.550000011920929,0.5600000023841858,5390,0.0,0.0
2024-08-29 13:30:00-04:00,0.5699999928474426,0.5799999833106995,0.5699999928474426,0.5799999833106995,4118,0.0,0.0
2024-08-30 10:30:00-04:00,0.5824000239372253,0.5824000239372253,0.5824000239372253,0.5824000239372253,461,0.0,0.0
2024-08-30 11:30:00-04:00,0.6061999797821045,0.6061999797821045,0.6061999797821045,0.6061999797821045,265,0.0,0.0
2024-08-30 12:30:00-04:00,0.6299999952316284,0.6299999952316284,0.6299999952316284,0.6299999952316284,212,0.0,0.0
2024-08-30 15:30:00-04:00,0.6061999797821045,0.6061999797821045,0.6061999797821045,0.6061999797821045,414,0.0,0.0
2024-09-03 10:30:00-04:00,0.5824000239372253,0.6161999702453613,0.5824000239372253,0.6161999702453613,832,0.0,0.0
2024-09-03 13:30:00-04:00,0.5902000069618225,0.5902000069618225,0.5902000069618225,0.5902000069618225,9122,0.0,0.0
2024-09-04 09:30:00-04:00,0.6000000238418579,0.6000000238418579,0.6000000238418579,0.6000000238418579,1407,0.0,0.0
2024-09-04 15:30:00-04:00,0.6019999980926514,0.6019999980926514,0.6019999980926514,0.6019999980926514,200,0.0,0.0
2024-09-05 09:30:00-04:00,0.6499999761581421,0.7889999747276306,0.6499999761581421,0.7559999823570251,57101,0.0,0.0
2024-09-05 10:30:00-04:00,0.7680000066757202,0.7680000066757202,0.7024999856948853,0.7512999773025513,11355,0.0,0.0
2024-09-05 11:30:00-04:00,0.7376000285148621,0.7422000169754028,0.7376000285148621,0.7422000169754028,3210,0.0,0.0
2024-09-05 12:30:00-04:00,0.744700014591217,0.744700014591217,0.7200999855995178,0.7289000153541565,5001,0.0,0.0
2024-09-05 13:30:00-04:00,0.7649000287055969,0.7649000287055969,0.7024999856948853,0.7609999775886536,1756,0.0,0.0
2024-09-05 14:30:00-04:00,0.7609000205993652,0.7609000205993652,0.7055000066757202,0.7055000066757202,5473,0.0,0.0
2024-09-05 15:30:00-04:00,0.7050999999046326,0.7228999733924866,0.703000009059906,0.7098000049591064,9651,0.0,0.0
2024-09-06 09:30:00-04:00,0.7699999809265137,0.7900000214576721,0.7329000234603882,0.7354000210762024,6274,0.0,0.0
2024-09-06 10:30:00-04:00,0.7355999946594238,0.7369999885559082,0.7355999946594238,0.7369999885559082,1509,0.0,0.0
2024-09-06 13:30:00-04:00,0.789900004863739,0.789900004863739,0.7342000007629395,0.7361999750137329,4990,0.0,0.0
2024-09-06 14:30:00-04:00,0.7630000114440918,0.7630000114440918,0.7549999952316284,0.7549999952316284,1445,0.0,0.0
2024-09-06 15:30:00-04:00,0.7599999904632568,0.7599999904632568,0.7421000003814697,0.7549999952316284,3331,0.0,0.0
2024-09-09 09:30:00-04:00,0.8281999826431274,0.8281999826431274,0.7609999775886536,0.7799999713897705,19120,0.0,0.0
2024-09-09 10:30:00-04:00,0.8198000192642212,0.8198000192642212,0.7799999713897705,0.8130000233650208,3916,0.0,0.0
2024-09-09 11:30:00-04:00,0.8090999722480774,0.8090999722480774,0.8090999722480774,0.8090999722480774,2668,0.0,0.0
2024-09-09 12:30:00-04:00,0.8098999857902527,0.8299000263214111,0.8098999857902527,0.8299000263214111,814,0.0,0.0
2024-09-09 13:30:00-04:00,0.800000011920929,0.800000011920929,0.800000011920929,0.800000011920929,1576,0.0,0.0
2024-09-09 14:30:00-04:00,0.800000011920929,0.800000011920929,0.800000011920929,0.800000011920929,831,0.0,0.0
2024-09-09 15:30:00-04:00,0.8100000023841858,0.8499000072479248,0.8029999732971191,0.8029999732971191,6827,0.0,0.0
2024-09-10 09:30:00-04:00,0.8454999923706055,0.8454999923706055,0.8030999898910522,0.8030999898910522,2357,0.0,0.0
2024-09-10 10:30:00-04:00,0.8878999948501587,0.8878999948501587,0.8878999948501587,0.8878999948501587,3026,0.0,0.0
2024-09-10 11:30:00-04:00,0.8101000189781189,0.9399999976158142,0.8101000189781189,0.9399999976158142,8588,0.0,0.0
2024-09-10 12:30:00-04:00,0.8849999904632568,0.9399999976158142,0.8849999904632568,0.8849999904632568,1141,0.0,0.0
2024-09-10 13:30:00-04:00,0.9075000286102295,0.9399999976158142,0.9075000286102295,0.911300003528595,5173,0.0,0.0
2024-09-10 14:30:00-04:00,0.8999999761581421,0.9375,0.8550000190734863,0.8824999928474426,18604,0.0,0.0
2024-09-10 15:30:00-04:00,0.8989999890327454,1.0800000429153442,0.8974999785423279,1.0299999713897705,283277,0.0,0.0
2024-09-11 09:30:00-04:00,1.0499999523162842,1.1098999977111816,0.9807999730110168,1.034999966621399,702604,0.0,0.0
2024-09-11 10:30:00-04:00,1.0299999713897705,1.059999942779541,1.0,1.034999966621399,76037,0.0,0.0
2024-09-11 11:30:00-04:00,1.0399999618530273,1.059999942779541,0.949999988079071,1.024999976158142,102507,0.0,0.0
2024-09-11 12:30:00-04:00,1.0335999727249146,1.0499999523162842,1.0099999904632568,1.0299999713897705,77568,0.0,0.0
2024-09-11 13:30:00-04:00,1.0299999713897705,1.0499999523162842,0.9980000257492065,1.0099999904632568,123030,0.0,0.0
2024-09-11 14:30:00-04:00,1.0099999904632568,1.0299999713897705,0.9990000128746033,1.0298999547958374,42217,0.0,0.0
2024-09-11 15:30:00-04:00,1.0099999904632568,1.0299999713897705,0.8880000114440918,1.0160000324249268,84637,0.0,0.0
2024-09-12 09:30:00-04:00,1.0299999713897705,1.059999942779541,0.7688000202178955,0.8226000070571899,9801624,0.0,0.0
2024-09-12 10:30:00-04:00,0.8312000036239624,0.8398000001907349,0.7799999713897705,0.789900004863739,190938,0.0,0.0
2024-09-12 11:30:00-04:00,0.7900000214576721,0.9190000295639038,0.7850000262260437,0.8652999997138977,268949,0.0,0.0
2024-09-12 12:30:00-04:00,0.8952999711036682,0.9401999711990356,0.8001999855041504,0.8361999988555908,198427,0.0,0.0
2024-09-12 13:30:00-04:00,0.8385999798774719,0.8677999973297119,0.8052999973297119,0.8059999942779541,100814,0.0,0.0
2024-09-12 14:30:00-04:00,0.8001000285148621,0.8360000252723694,0.7310000061988831,0.7998999953269958,131228,0.0,0.0
2024-09-12 15:30:00-04:00,0.795799970626831,0.9326000213623047,0.795799970626831,0.8399999737739563,291363,0.0,0.0
2024-09-13 09:30:00-04:00,0.8199999928474426,0.8299999833106995,0.7789999842643738,0.821399986743927,117395,0.0,0.0
2024-09-13 10:30:00-04:00,0.8144999742507935,0.8289999961853027,0.7791000008583069,0.814300000667572,59903,0.0,0.0
2024-09-13 11:30:00-04:00,0.800000011920929,0.8100000023841858,0.7792999744415283,0.794700026512146,29999,0.0,0.0
2024-09-13 12:30:00-04:00,0.8022000193595886,0.8100000023841858,0.7795000076293945,0.8023999929428101,27224,0.0,0.0
2024-09-13 13:30:00-04:00,0.781000018119812,0.8047000169754028,0.7789999842643738,0.7850000262260437,34183,0.0,0.0
2024-09-13 14:30:00-04:00,0.7699999809265137,0.800000011920929,0.7599999904632568,0.7968000173568726,25400,0.0,0.0
2024-09-13 15:30:00-04:00,0.7784000039100647,0.800000011920929,0.7601000070571899,0.7900000214576721,10722,0.0,0.0
2024-09-16 09:30:00-04:00,0.6837000250816345,0.7498999834060669,0.6620000004768372,0.7490000128746033,117011,0.0,0.0
2024-09-16 10:30:00-04:00,0.7423999905586243,0.7699999809265137,0.7214999794960022,0.7689999938011169,56718,0.0,0.0
2024-09-16 11:30:00-04:00,0.7451000213623047,0.7490000128746033,0.7289999723434448,0.7490000128746033,10628,0.0,0.0
2024-09-16 12:30:00-04:00,0.7394999861717224,0.7559999823570251,0.7289999723434448,0.7455999851226807,7736,0.0,0.0
2024-09-16 13:30:00-04:00,0.7699999809265137,0.788100004196167,0.7300000190734863,0.7610999941825867,7564,0.0,0.0
2024-09-16 14:30:00-04:00,0.7892000079154968,0.7897999882698059,0.7300000190734863,0.7465000152587891,10287,0.0,0.0
2024-09-16 15:30:00-04:00,0.7312999963760376,0.800000011920929,0.7312999963760376,0.800000011920929,21688,0.0,0.0
2024-09-17 09:30:00-04:00,0.7990000247955322,0.7990000247955322,0.733299970626831,0.7599999904632568,11777,0.0,0.0
2024-09-17 10:30:00-04:00,0.7601000070571899,0.7799999713897705,0.733299970626831,0.7333999872207642,4227,0.0,0.0
2024-09-17 11:30:00-04:00,0.733299970626831,0.7400000095367432,0.733299970626831,0.7333999872207642,2674,0.0,0.0
2024-09-17 12:30:00-04:00,0.7339000105857849,0.7339000105857849,0.6819999814033508,0.7329999804496765,24145,0.0,0.0
2024-09-17 13:30:00-04:00,0.7099999785423279,0.7099999785423279,0.7099999785423279,0.7099999785423279,5676,0.0,0.0
2024-09-17 14:30:00-04:00,0.7300000190734863,0.7300000190734863,0.6909999847412109,0.6926000118255615,7104,0.0,0.0
2024-09-17 15:30:00-04:00,0.7271999716758728,0.7271999716758728,0.7271999716758728,0.7271999716758728,1139,0.0,0.0
2024-09-18 09:30:00-04:00,0.6801000237464905,0.6801000237464905,0.5920000076293945,0.6399999856948853,18421,0.0,0.0
2024-09-18 10:30:00-04:00,0.6381000280380249,0.6571999788284302,0.625,0.6549999713897705,8213,0.0,0.0
2024-09-18 11:30:00-04:00,0.6549999713897705,0.6549999713897705,0.625,0.625,7114,0.0,0.0
2024-09-18 12:30:00-04:00,0.6299999952316284,0.6549000144004822,0.6299999952316284,0.6549000144004822,4410,0.0,0.0
2024-09-18 13:30:00-04:00,0.654699981212616,0.6549999713897705,0.654699981212616,0.6549999713897705,1323,0.0,0.0
2024-09-18 14:30:00-04:00,0.6449999809265137,0.6449999809265137,0.6449999809265137,0.6449999809265137,2274,0.0,0.0
2024-09-18 15:30:00-04:00,0.6259999871253967,0.6259999871253967,0.6258999705314636,0.6258999705314636,1385,0.0,0.0
2024-09-19 09:30:00-04:00,0.6499999761581421,0.6499999761581421,0.6298999786376953,0.6478999853134155,10721,0.0,0.0
2024-09-19 10:30:00-04:00,0.6399999856948853,0.6399999856948853,0.6000000238418579,0.6312999725341797,29104,0.0,0.0
2024-09-19 11:30:00-04:00,0.6169999837875366,0.6169999837875366,0.6169999837875366,0.6169999837875366,0,0.0,0.0
2024-09-19 12:30:00-04:00,0.6168000102043152,0.6168000102043152,0.5885000228881836,0.603600025177002,5242,0.0,0.0
2024-09-19 13:30:00-04:00,0.5903000235557556,0.6035000085830688,0.5898000001907349,0.6035000085830688,5157,0.0,0.0
2024-09-19 14:30:00-04:00,0.6000999808311462,0.6000999808311462,0.5910000205039978,0.5910000205039978,9387,0.0,0.0
2024-09-19 15:30:00-04:00,0.6000000238418579,0.6000000238418579,0.5910000205039978,0.5940999984741211,2203,0.0,0.0
2024-09-20 09:30:00-04:00,0.5807999968528748,0.5809000134468079,0.5410000085830688,0.5529000163078308,21680,0.0,0.0
2024-09-20 10:30:00-04:00,0.5540000200271606,0.5649999976158142,0.550000011920929,0.550000011920929,8295,0.0,0.0
2024-09-20 11:30:00-04:00,0.5799999833106995,0.5799999833106995,0.5799999833106995,0.5799999833106995,1730,0.0,0.0
2024-09-20 12:30:00-04:00,0.5600000023841858,0.5879999995231628,0.5600000023841858,0.5879999995231628,1110,0.0,0.0
2024-09-20 13:30:00-04:00,0.578000009059906,0.5899999737739563,0.550000011920929,0.5867000222206116,21653,0.0,0.0
2024-09-20 14:30:00-04:00,0.5864999890327454,0.589900016784668,0.5644000172615051,0.589900016784668,637,0.0,0.0
2024-09-20 15:30:00-04:00,0.5602999925613403,0.588100016117096,0.5601000189781189,0.5752000212669373,6374,0.0,0.0
2024-09-23 09:30:00-04:00,0.5795000195503235,0.6000000238418579,0.5634999871253967,0.5720000267028809,15890,0.0,0.0
2024-09-23 10:30:00-04:00,0.6000000238418579,0.6000000238418579,0.5717999935150146,0.5717999935150146,4562,0.0,0.0
2024-09-23 11:30:00-04:00,0.5857999920845032,0.5989999771118164,0.5716000199317932,0.5856999754905701,13961,0.0,0.0
2024-09-23 12:30:00-04:00,0.6000000238418579,0.6000000238418579,0.5715000033378601,0.5720000267028809,11449,0.0,0.0
2024-09-23 13:30:00-04:00,0.5895000100135803,0.5895000100135803,0.5895000100135803,0.5895000100135803,1400,0.0,0.0
2024-09-23 15:30:00-04:00,0.5895000100135803,0.5895000100135803,0.5895000100135803,0.5895000100135803,589,0.0,0.0
2024-09-24 09:30:00-04:00,0.6010000109672546,0.6194999814033508,0.5899999737739563,0.6100000143051147,5972,0.0,0.0
2024-09-24 10:30:00-04:00,0.6000000238418579,0.6299999952316284,0.6000000238418579,0.625,2997,0.0,0.0
2024-09-24 11:30:00-04:00,0.6000000238418579,0.6035000085830688,0.6000000238418579,0.6035000085830688,1920,0.0,0.0
2024-09-24 12:30:00-04:00,0.6010000109672546,0.6200000047683716,0.6000000238418579,0.6200000047683716,9518,0.0,0.0
2024-09-24 14:30:00-04:00,0.625,0.625,0.6000999808311462,0.6000999808311462,3537,0.0,0.0
2024-09-25 09:30:00-04:00,0.5849999785423279,0.5849999785423279,0.5849999785423279,0.5849999785423279,1096,0.0,0.0
2024-09-25 10:30:00-04:00,0.5598000288009644,0.5996000170707703,0.5598000288009644,0.5598000288009644,6799,0.0,0.0
2024-09-25 13:30:00-04:00,0.5799999833106995,0.5835000276565552,0.5799999833106995,0.5835000276565552,3003,0.0,0.0
2024-09-25 14:30:00-04:00,0.5835000276565552,0.5835000276565552,0.5835000276565552,0.5835000276565552,3061,0.0,0.0
2024-09-26 09:30:00-04:00,0.600600004196167,0.600600004196167,0.5985999703407288,0.5985999703407288,12888,0.0,0.0
2024-09-26 10:30:00-04:00,0.5874999761581421,0.5874999761581421,0.5874999761581421,0.5874999761581421,3058,0.0,0.0
2024-09-26 12:30:00-04:00,0.60589998960495,0.60589998960495,0.5899999737739563,0.5899999737739563,4171,0.0,0.0
2024-09-26 13:30:00-04:00,0.5899999737739563,0.5899999737739563,0.5899999737739563,0.5899999737739563,195,0.0,0.0
2024-09-26 14:30:00-04:00,0.6200000047683716,0.6200000047683716,0.6100000143051147,0.6100000143051147,8051,0.0,0.0
2024-09-27 09:30:00-04:00,0.6100000143051147,0.6100000143051147,0.5720000267028809,0.5720999836921692,2260,0.0,0.0
2024-09-27 10:30:00-04:00,0.5741000175476074,0.5741000175476074,0.5741000175476074,0.5741000175476074,1393,0.0,0.0
2024-09-27 11:30:00-04:00,0.6028000116348267,0.6029000282287598,0.6028000116348267,0.6029000282287598,4256,0.0,0.0
2024-09-27 15:30:00-04:00,0.6198999881744385,0.6198999881744385,0.6198999881744385,0.6198999881744385,203,0.0,0.0
2024-09-30 09:30:00-04:00,0.5979999899864197,0.5979999899864197,0.5888000130653381,0.5888000130653381,6691,0.0,0.0
2024-09-30 10:30:00-04:00,0.609499990940094,0.6110000014305115,0.609499990940094,0.6110000014305115,1329,0.0,0.0
2024-09-30 11:30:00-04:00,0.6200000047683716,0.6200000047683716,0.6100000143051147,0.6100000143051147,792,0.0,0.0
2024-09-30 12:30:00-04:00,0.6194000244140625,0.6194000244140625,0.6194000244140625,0.6194000244140625,2140,0.0,0.0
2024-09-30 13:30:00-04:00,0.6119999885559082,0.6119999885559082,0.611299991607666,0.611299991607666,4186,0.0,0.0
2024-09-30 15:30:00-04:00,0.6464999914169312,0.6464999914169312,0.6208000183105469,0.6273999810218811,17876,0.0,0.0
2024-10-01 09:30:00-04:00,0.5835000276565552,0.6399999856948853,0.5835000276565552,0.6399999856948853,1029,0.0,0.0
2024-10-01 10:30:00-04:00,0.6159999966621399,0.6399999856948853,0.6159999966621399,0.6399999856948853,6203,0.0,0.0
2024-10-01 13:30:00-04:00,0.6000000238418579,0.6000000238418579,0.6000000238418579,0.6000000238418579,10189,0.0,0.0
2024-10-02 09:30:00-04:00,0.5699999928474426,0.6085000038146973,0.5699999928474426,0.6085000038146973,585,0.0,0.0
2024-10-02 10:30:00-04:00,0.6085000038146973,0.6200000047683716,0.5699999928474426,0.6200000047683716,8165,0.0,0.0
2024-10-02 14:30:00-04:00,0.6000000238418579,0.6489999890327454,0.6000000238418579,0.6489999890327454,1166,0.0,0.0
2024-10-03 09:30:00-04:00,0.6299999952316284,0.6299999952316284,0.621999979019165,0.621999979019165,2101,0.0,0.0
2024-10-03 10:30:00-04:00,0.6060000061988831,0.6060000061988831,0.6060000061988831,0.6060000061988831,846,0.0,0.0
2024-10-03 11:30:00-04:00,0.6158000230789185,0.6158000230789185,0.5784000158309937,0.5784000158309937,4948,0.0,0.0
2024-10-03 13:30:00-04:00,0.6389999985694885,0.6389999985694885,0.6389999985694885,0.6389999985694885,6644,0.0,0.0
2024-10-04 12:30:00-04:00,0.5900999903678894,0.6010000109672546,0.5835000276565552,0.5835000276565552,6518,0.0,0.0
2024-10-04 13:30:00-04:00,0.6359999775886536,0.6359999775886536,0.6359999775886536,0.6359999775886536,346,0.0,0.0
2024-10-04 15:30:00-04:00,0.5835999846458435,0.5835999846458435,0.5835999846458435,0.5835999846458435,606,0.0,0.0
2024-10-07 09:30:00-04:00,0.6205000281333923,0.6298999786376953,0.5910000205039978,0.6000000238418579,1527,0.0,0.0
2024-10-07 10:30:00-04:00,0.6299999952316284,0.6299999952316284,0.5861999988555908,0.5861999988555908,2795,0.0,0.0
2024-10-07 11:30:00-04:00,0.5910000205039978,0.5910000205039978,0.5910000205039978,0.5910000205039978,680,0.0,0.0
2024-10-07 12:30:00-04:00,0.6150000095367432,0.6150000095367432,0.5899999737739563,0.5899999737739563,1745,0.0,0.0
2024-10-07 13:30:00-04:00,0.6110000014305115,0.6110000014305115,0.6025000214576721,0.6025000214576721,750,0.0,0.0
2024-10-07 15:30:00-04:00,0.6085000038146973,0.61080002784729,0.6011999845504761,0.6011999845504761,2535,0.0,0.0
2024-10-08 09:30:00-04:00,0.5916000008583069,0.6000000238418579,0.5891000032424927,0.6000000238418579,3116,0.0,0.0
2024-10-08 10:30:00-04:00,0.5964000225067139,0.6029999852180481,0.5745000243186951,0.5745000243186951,3952,0.0,0.0
2024-10-08 11:30:00-04:00,0.5745000243186951,0.5745000243186951,0.5745000243186951,0.5745000243186951,1786,0.0,0.0
2024-10-09 10:30:00-04:00,0.5609999895095825,0.5740000009536743,0.5609999895095825,0.5740000009536743,4855,0.0,0.0
2024-10-09 13:30:00-04:00,0.5669999718666077,0.5669999718666077,0.5669999718666077,0.5669999718666077,7014,0.0,0.0
2024-10-10 10:30:00-04:00,0.5670999884605408,0.5670999884605408,0.5669999718666077,0.5669999718666077,3096,0.0,0.0
2024-10-10 11:30:00-04:00,0.5652999877929688,0.5652999877929688,0.5652999877929688,0.5652999877929688,228,0.0,0.0
2024-10-10 12:30:00-04:00,0.5649999976158142,0.5748000144958496,0.5649999976158142,0.5649999976158142,1075,0.0,0.0
2024-10-10 13:30:00-04:00,0.5835999846458435,0.6000000238418579,0.5835999846458435,0.6000000238418579,803,0.0,0.0
2024-10-10 14:30:00-04:00,0.6000000238418579,0.6000000238418579,0.6000000238418579,0.6000000238418579,1097,0.0,0.0
2024-10-10 15:30:00-04:00,0.5738999843597412,0.5738999843597412,0.5670999884605408,0.5705000162124634,1399,0.0,0.0
2024-10-11 09:30:00-04:00,0.49000000953674316,0.5837000012397766,0.49000000953674316,0.5523999929428101,110408,0.0,0.0
2024-10-11 10:30:00-04:00,0.5231000185012817,0.5300999879837036,0.490200012922287,0.5099999904632568,30661,0.0,0.0
2024-10-11 11:30:00-04:00,0.5,0.5199999809265137,0.5,0.5199999809265137,1943,0.0,0.0
2024-10-11 12:30:00-04:00,0.531000018119812,0.5579000115394592,0.531000018119812,0.5479999780654907,7580,0.0,0.0
2024-10-11 13:30:00-04:00,0.555400013923645,0.5659999847412109,0.5400000214576721,0.5509999990463257,1946,0.0,0.0
2024-10-11 14:30:00-04:00,0.5600000023841858,0.5608999729156494,0.5277000069618225,0.5419999957084656,1194,0.0,0.0
2024-10-11 15:30:00-04:00,0.5414000153541565,0.5414000153541565,0.5113000273704529,0.5113000273704529,15473,0.0,0.0
2024-10-14 09:30:00-04:00,0.5049999952316284,0.5286999940872192,0.5049999952316284,0.5257999897003174,5541,0.0,0.0
2024-10-14 10:30:00-04:00,0.5149000287055969,0.5149000287055969,0.5116999745368958,0.5116999745368958,1402,0.0,0.0
2024-10-14 11:30:00-04:00,0.5372999906539917,0.5372999906539917,0.5372999906539917,0.5372999906539917,621,0.0,0.0
2024-10-14 12:30:00-04:00,0.5389999747276306,0.5389999747276306,0.5389999747276306,0.5389999747276306,279,0.0,0.0
2024-10-14 13:30:00-04:00,0.5250999927520752,0.5250999927520752,0.5250999927520752,0.5250999927520752,710,0.0,0.0
2024-10-14 14:30:00-04:00,0.5299999713897705,0.5300999879837036,0.5117999911308289,0.5300999879837036,2836,0.0,0.0
2024-10-14 15:30:00-04:00,0.5300999879837036,0.5300999879837036,0.5300999879837036,0.5300999879837036,386,0.0,0.0
2024-10-15 09:30:00-04:00,0.5354999899864197,0.5410000085830688,0.5339000225067139,0.5410000085830688,36339,0.0,0.0
2024-10-15 10:30:00-04:00,0.5590000152587891,0.566100001335144,0.5479999780654907,0.566100001335144,1679,0.0,0.0
2024-10-15 11:30:00-04:00,0.5770999789237976,0.5770999789237976,0.5770999789237976,0.5770999789237976,1262,0.0,0.0
2024-10-15 13:30:00-04:00,0.5410000085830688,0.5595999956130981,0.5410000085830688,0.5419999957084656,16645,0.0,0.0
2024-10-15 14:30:00-04:00,0.5511000156402588,0.5511000156402588,0.5511000156402588,0.5511000156402588,562,0.0,0.0
2024-10-16 09:30:00-04:00,0.5511000156402588,0.5641000270843506,0.5299999713897705,0.5512999892234802,4809,0.0,0.0
2024-10-16 10:30:00-04:00,0.5299999713897705,0.5503000020980835,0.5299999713897705,0.5503000020980835,1236,0.0,0.0
2024-10-16 11:30:00-04:00,0.5478000044822693,0.5478000044822693,0.5472999811172485,0.5472999811172485,536,0.0,0.0
2024-10-16 12:30:00-04:00,0.553600013256073,0.5600000023841858,0.5400000214576721,0.5555999875068665,29022,0.0,0.0
2024-10-16 13:30:00-04:00,0.5436000227928162,0.5580000281333923,0.5400000214576721,0.5552999973297119,25179,0.0,0.0
2024-10-16 14:30:00-04:00,0.5759999752044678,0.5759999752044678,0.5515000224113464,0.5519999861717224,2900,0.0,0.0
2024-10-16 15:30:00-04:00,0.5590000152587891,0.5590000152587891,0.5590000152587891,0.5590000152587891,1062,0.0,0.0
2024-10-17 09:30:00-04:00,0.5870000123977661,0.5870000123977661,0.5870000123977661,0.5870000123977661,3973,0.0,0.0
2024-10-17 10:30:00-04:00,0.5432000160217285,0.5432000160217285,0.5432000160217285,0.5432000160217285,1004,0.0,0.0
2024-10-17 12:30:00-04:00,0.5699999928474426,0.5699999928474426,0.531499981880188,0.531499981880188,2034,0.0,0.0
2024-10-17 13:30:00-04:00,0.5860000252723694,0.5860000252723694,0.5860000252723694,0.5860000252723694,1050,0.0,0.0
2024-10-18 09:30:00-04:00,0.5299999713897705,0.5386999845504761,0.5299999713897705,0.5386999845504761,1457,0.0,0.0
2024-10-18 12:30:00-04:00,0.534500002861023,0.534500002861023,0.534500002861023,0.534500002861023,371,0.0,0.0
2024-10-18 13:30:00-04:00,0.5217000246047974,0.5217000246047974,0.5217000246047974,0.5217000246047974,1623,0.0,0.0
2024-10-21 09:30:00-04:00,0.5985000133514404,0.6434999704360962,0.5814999938011169,0.63919997215271,27668,0.0,0.0
2024-10-21 10:30:00-04:00,0.6389999985694885,0.6638000011444092,0.6010000109672546,0.6638000011444092,8596,0.0,0.0
2024-10-21 11:30:00-04:00,0.6654000282287598,0.7588000297546387,0.6366000175476074,0.7588000297546387,109236,0.0,0.0
2024-10-21 12:30:00-04:00,0.7588000297546387,0.8199999928474426,0.7200000286102295,0.722000002861023,101095,0.0,0.0
2024-10-21 13:30:00-04:00,0.7218000292778015,0.75,0.7200000286102295,0.7300000190734863,17557,0.0,0.0
2024-10-21 14:30:00-04:00,0.7300000190734863,0.73580002784729,0.6570000052452087,0.7335000038146973,27608,0.0,0.0
2024-10-21 15:30:00-04:00,0.7099999785423279,0.7128999829292297,0.6837999820709229,0.7099999785423279,15910,0.0,0.0
2024-10-22 09:30:00-04:00,0.6800000071525574,0.6899999976158142,0.6230000257492065,0.6399999856948853,18870,0.0,0.0
2024-10-22 10:30:00-04:00,0.6710000038146973,0.6715999841690063,0.640999972820282,0.6715999841690063,3667,0.0,0.0
2024-10-22 11:30:00-04:00,0.6565999984741211,0.6565999984741211,0.6412000060081482,0.6412000060081482,1889,0.0,0.0
2024-10-22 12:30:00-04:00,0.6420000195503235,0.6420000195503235,0.6420000195503235,0.6420000195503235,101,0.0,0.0
2024-10-22 13:30:00-04:00,0.6420000195503235,0.699999988079071,0.6420000195503235,0.699999988079071,603,0.0,0.0
2024-10-22 14:30:00-04:00,0.6430000066757202,0.6430000066757202,0.6299999952316284,0.6410999894142151,5529,0.0,0.0
2024-10-23 09:30:00-04:00,0.6579999923706055,0.7099999785423279,0.6399999856948853,0.6722000241279602,13050,0.0,0.0
2024-10-23 10:30:00-04:00,0.671999990940094,0.671999990940094,0.671999990940094,0.671999990940094,0,0.0,0.0
2024-10-23 11:30:00-04:00,0.6721000075340271,0.699999988079071,0.6721000075340271,0.6769000291824341,14628,0.0,0.0
2024-10-23 12:30:00-04:00,0.671999990940094,0.7020000219345093,0.671999990940094,0.7020000219345093,300,0.0,0.0
2024-10-23 13:30:00-04:00,0.6912000179290771,0.6912000179290771,0.671999990940094,0.671999990940094,6187,0.0,0.0
2024-10-23 15:30:00-04:00,0.671999990940094,0.6863999962806702,0.671999990940094,0.6863999962806702,1157,0.0,0.0
2024-10-24 10:30:00-04:00,0.6801000237464905,0.6801000237464905,0.6800000071525574,0.6800000071525574,2609,0.0,0.0
2024-10-24 11:30:00-04:00,0.6951000094413757,0.6951000094413757,0.6800000071525574,0.6800000071525574,11524,0.0,0.0
2024-10-24 12:30:00-04:00,0.6549999713897705,0.6549999713897705,0.6549999713897705,0.6549999713897705,2020,0.0,0.0
2024-10-24 13:30:00-04:00,0.6800000071525574,0.6800000071525574,0.6800000071525574,0.6800000071525574,1157,0.0,0.0
2024-10-24 15:30:00-04:00,0.6675999760627747,0.6675999760627747,0.6402000188827515,0.6402999758720398,5102,0.0,0.0
2024-10-25 09:30:00-04:00,0.6349999904632568,0.6717000007629395,0.6349999904632568,0.6717000007629395,2697,0.0,0.0
2024-10-25 10:30:00-04:00,0.6640999913215637,0.6640999913215637,0.6430000066757202,0.6430000066757202,1566,0.0,0.0
2024-10-25 12:30:00-04:00,0.6499999761581421,0.6499999761581421,0.6100000143051147,0.6499999761581421,7205,0.0,0.0
2024-10-25 13:30:00-04:00,0.6104999780654907,0.6104999780654907,0.6100000143051147,0.6100000143051147,2016,0.0,0.0
2024-10-25 14:30:00-04:00,0.6129999756813049,0.6129999756813049,0.6129999756813049,0.6129999756813049,1863,0.0,0.0
