Datetime,Open,High,Low,Close,Volume,Dividends,Stock Splits
2022-08-24 09:00:00+08:00,14.800000190734863,15.399999618530273,14.699999809265137,15.050000190734863,418000,0.0,0.0
2022-08-24 10:00:00+08:00,15.100000381469727,15.100000381469727,14.899999618530273,15.0,15000,0.0,0.0
2022-08-24 11:00:00+08:00,14.899999618530273,14.899999618530273,14.75,14.800000190734863,13000,0.0,0.0
2022-08-24 12:00:00+08:00,14.850000381469727,14.850000381469727,14.800000190734863,14.800000190734863,10000,0.0,0.0
2022-08-24 13:00:00+08:00,14.75,14.949999809265137,14.699999809265137,14.949999809265137,21000,0.0,0.0
2022-08-25 09:00:00+08:00,14.800000190734863,14.800000190734863,14.800000190734863,14.800000190734863,0,0.0,0.0
2022-08-25 10:00:00+08:00,15.100000381469727,15.100000381469727,15.100000381469727,15.100000381469727,1000,0.0,0.0
2022-08-25 11:00:00+08:00,14.899999618530273,15.300000190734863,14.899999618530273,15.149999618530273,234000,0.0,0.0
2022-08-25 12:00:00+08:00,15.100000381469727,15.149999618530273,14.949999809265137,15.149999618530273,0,0.0,0.0
2022-08-25 13:00:00+08:00,14.949999809265137,14.949999809265137,14.949999809265137,14.949999809265137,271000,0.0,0.0
2022-08-26 09:00:00+08:00,15.0,15.100000381469727,15.0,15.100000381469727,0,0.0,0.0
2022-08-26 10:00:00+08:00,15.149999618530273,15.75,15.149999618530273,15.449999809265137,107000,0.0,0.0
2022-08-26 11:00:00+08:00,15.449999809265137,15.449999809265137,15.300000190734863,15.300000190734863,20000,0.0,0.0
2022-08-26 12:00:00+08:00,15.399999618530273,15.449999809265137,15.300000190734863,15.399999618530273,14000,0.0,0.0
2022-08-26 13:00:00+08:00,15.25,15.300000190734863,15.199999809265137,15.199999809265137,17000,0.0,0.0
2022-08-29 09:00:00+08:00,15.149999618530273,15.149999618530273,15.0,15.0,0,0.0,0.0
2022-08-29 10:00:00+08:00,14.899999618530273,15.449999809265137,14.899999618530273,15.399999618530273,10010,0.0,0.0
2022-08-29 11:00:00+08:00,15.300000190734863,15.350000381469727,15.199999809265137,15.350000381469727,4000,0.0,0.0
2022-08-29 12:00:00+08:00,15.25,15.5,15.25,15.25,19000,0.0,0.0
2022-08-29 13:00:00+08:00,15.399999618530273,15.399999618530273,15.399999618530273,15.399999618530273,3000,0.0,0.0
2022-08-30 09:00:00+08:00,15.550000190734863,15.850000381469727,15.449999809265137,15.449999809265137,0,0.0,0.0
2022-08-30 10:00:00+08:00,15.449999809265137,15.449999809265137,15.399999618530273,15.399999618530273,9003,0.0,0.0
2022-08-30 11:00:00+08:00,15.399999618530273,15.399999618530273,15.399999618530273,15.399999618530273,3000,0.0,0.0
2022-08-30 12:00:00+08:00,15.399999618530273,15.399999618530273,15.399999618530273,15.399999618530273,6077,0.0,0.0
2022-08-30 13:00:00+08:00,15.350000381469727,15.449999809265137,15.300000190734863,15.300000190734863,4000,0.0,0.0
2022-08-31 09:00:00+08:00,15.300000190734863,15.300000190734863,15.300000190734863,15.300000190734863,0,0.0,0.0
2022-08-31 10:00:00+08:00,15.300000190734863,15.300000190734863,15.300000190734863,15.300000190734863,3000,0.0,0.0
2022-08-31 11:00:00+08:00,15.350000381469727,15.350000381469727,15.350000381469727,15.350000381469727,6000,0.0,0.0
2022-08-31 12:00:00+08:00,15.550000190734863,15.550000190734863,15.550000190734863,15.550000190734863,3000,0.0,0.0
2022-08-31 13:00:00+08:00,15.399999618530273,15.5,15.399999618530273,15.5,2000,0.0,0.0
2022-09-01 09:00:00+08:00,15.300000190734863,15.300000190734863,15.199999809265137,15.199999809265137,0,0.0,0.0
2022-09-01 10:00:00+08:00,15.199999809265137,15.199999809265137,15.0,15.0,11000,0.0,0.0
2022-09-01 11:00:00+08:00,15.0,15.149999618530273,15.0,15.149999618530273,4082,0.0,0.0
2022-09-01 13:00:00+08:00,15.300000190734863,15.300000190734863,15.300000190734863,15.300000190734863,1000,0.0,0.0
2022-09-02 10:00:00+08:00,15.0,15.0,15.0,15.0,0,0.0,0.0
2022-09-02 12:00:00+08:00,15.100000381469727,15.350000381469727,14.949999809265137,15.350000381469727,508000,0.0,0.0
2022-09-02 13:00:00+08:00,15.350000381469727,15.350000381469727,14.949999809265137,14.949999809265137,15000,0.0,0.0
2022-09-05 09:00:00+08:00,15.25,15.350000381469727,14.800000190734863,14.899999618530273,0,0.0,0.0
2022-09-05 10:00:00+08:00,14.899999618530273,15.399999618530273,14.899999618530273,15.0,653000,0.0,0.0
2022-09-05 11:00:00+08:00,15.050000190734863,15.050000190734863,14.949999809265137,14.949999809265137,3000,0.0,0.0
2022-09-05 12:00:00+08:00,14.949999809265137,15.149999618530273,14.949999809265137,15.149999618530273,105000,0.0,0.0
2022-09-05 13:00:00+08:00,15.050000190734863,15.050000190734863,15.050000190734863,15.050000190734863,3000,0.0,0.0
2022-09-06 09:00:00+08:00,14.899999618530273,14.899999618530273,14.899999618530273,14.899999618530273,0,0.0,0.0
2022-09-06 10:00:00+08:00,14.850000381469727,14.850000381469727,14.850000381469727,14.850000381469727,4000,0.0,0.0
2022-09-06 11:00:00+08:00,15.0,15.25,15.0,15.199999809265137,0,0.0,0.0
2022-09-06 12:00:00+08:00,15.050000190734863,15.050000190734863,15.050000190734863,15.050000190734863,29149,0.0,0.0
2022-09-06 13:00:00+08:00,15.0,15.0,14.899999618530273,14.899999618530273,5000,0.0,0.0
2022-09-07 09:00:00+08:00,15.0,15.0,14.699999809265137,14.75,0,0.0,0.0
2022-09-07 11:00:00+08:00,14.850000381469727,14.850000381469727,14.75,14.75,13000,0.0,0.0
2022-09-07 13:00:00+08:00,14.75,14.899999618530273,14.75,14.899999618530273,8000,0.0,0.0
2022-09-08 09:00:00+08:00,14.800000190734863,14.800000190734863,14.75,14.75,0,0.0,0.0
2022-09-08 10:00:00+08:00,14.899999618530273,15.149999618530273,14.850000381469727,14.850000381469727,367000,0.0,0.0
2022-09-08 11:00:00+08:00,14.899999618530273,14.899999618530273,14.899999618530273,14.899999618530273,2010,0.0,0.0
2022-09-08 12:00:00+08:00,14.850000381469727,15.0,14.800000190734863,14.899999618530273,115000,0.0,0.0
2022-09-08 13:00:00+08:00,14.899999618530273,14.899999618530273,14.850000381469727,14.850000381469727,7000,0.0,0.0
2022-09-12 09:00:00+08:00,14.800000190734863,14.800000190734863,14.800000190734863,14.800000190734863,0,0.0,0.0
2022-09-12 10:00:00+08:00,15.0,15.0,14.899999618530273,14.949999809265137,15000,0.0,0.0
2022-09-12 12:00:00+08:00,15.0,15.0,15.0,15.0,3000,0.0,0.0
2022-09-12 13:00:00+08:00,15.0,15.0,15.0,15.0,4000,0.0,0.0
2022-09-13 09:00:00+08:00,15.0,15.050000190734863,15.0,15.050000190734863,0,0.0,0.0
2022-09-13 10:00:00+08:00,15.0,15.399999618530273,15.0,15.199999809265137,27000,0.0,0.0
2022-09-13 11:00:00+08:00,15.149999618530273,15.149999618530273,15.149999618530273,15.149999618530273,1000,0.0,0.0
2022-09-13 12:00:00+08:00,15.149999618530273,15.149999618530273,15.149999618530273,15.149999618530273,5000,0.0,0.0
2022-09-13 13:00:00+08:00,15.050000190734863,15.050000190734863,15.050000190734863,15.050000190734863,1000,0.0,0.0
2022-09-14 09:00:00+08:00,15.199999809265137,15.199999809265137,15.199999809265137,15.199999809265137,0,0.0,0.0
2022-09-14 10:00:00+08:00,15.199999809265137,15.199999809265137,15.199999809265137,15.199999809265137,1000,0.0,0.0
2022-09-14 11:00:00+08:00,15.199999809265137,15.199999809265137,15.199999809265137,15.199999809265137,2000,0.0,0.0
2022-09-15 11:00:00+08:00,15.199999809265137,15.300000190734863,15.199999809265137,15.300000190734863,3070,0.0,0.0
2022-09-15 12:00:00+08:00,15.199999809265137,15.199999809265137,15.100000381469727,15.100000381469727,2000,0.0,0.0
2022-09-15 13:00:00+08:00,15.300000190734863,15.300000190734863,15.100000381469727,15.100000381469727,2002,0.0,0.0
2022-09-16 09:00:00+08:00,15.199999809265137,15.199999809265137,15.0,15.0,0,0.0,0.0
2022-09-16 10:00:00+08:00,15.0,15.0,15.0,15.0,4000,0.0,0.0
2022-09-16 11:00:00+08:00,15.050000190734863,15.050000190734863,14.949999809265137,14.949999809265137,9000,0.0,0.0
2022-09-16 13:00:00+08:00,15.149999618530273,15.149999618530273,14.850000381469727,14.850000381469727,5000,0.0,0.0
2022-09-19 09:00:00+08:00,15.0,15.0,14.949999809265137,14.949999809265137,0,0.0,0.0
2022-09-19 10:00:00+08:00,14.899999618530273,15.0,14.899999618530273,15.0,4000,0.0,0.0
2022-09-19 11:00:00+08:00,15.050000190734863,15.199999809265137,15.0,15.0,17007,0.0,0.0
2022-09-19 13:00:00+08:00,14.899999618530273,15.0,14.600000381469727,15.0,21000,0.0,0.0
2022-09-20 09:00:00+08:00,15.100000381469727,15.100000381469727,14.949999809265137,14.949999809265137,0,0.0,0.0
2022-09-20 11:00:00+08:00,14.850000381469727,14.850000381469727,14.800000190734863,14.800000190734863,4150,0.0,0.0
2022-09-20 12:00:00+08:00,14.800000190734863,14.800000190734863,14.800000190734863,14.800000190734863,11000,0.0,0.0
2022-09-20 13:00:00+08:00,14.800000190734863,14.800000190734863,14.800000190734863,14.800000190734863,2039,0.0,0.0
2022-09-21 10:00:00+08:00,14.5,14.600000381469727,14.5,14.600000381469727,0,0.0,0.0
2022-09-21 11:00:00+08:00,14.550000190734863,14.550000190734863,14.5,14.550000190734863,6000,0.0,0.0
2022-09-21 12:00:00+08:00,14.600000381469727,14.600000381469727,14.399999618530273,14.449999809265137,22150,0.0,0.0
2022-09-21 13:00:00+08:00,14.449999809265137,14.449999809265137,14.399999618530273,14.449999809265137,15000,0.0,0.0
2022-09-22 10:00:00+08:00,14.300000190734863,14.300000190734863,14.300000190734863,14.300000190734863,0,0.0,0.0
2022-09-22 11:00:00+08:00,14.649999618530273,14.649999618530273,14.649999618530273,14.649999618530273,1000,0.0,0.0
2022-09-22 13:00:00+08:00,14.5,14.5,14.399999618530273,14.399999618530273,8000,0.0,0.0
2022-09-23 12:00:00+08:00,14.300000190734863,14.300000190734863,13.899999618530273,13.949999809265137,7000,0.0,0.0
2022-09-23 13:00:00+08:00,13.899999618530273,14.149999618530273,13.899999618530273,14.149999618530273,6000,0.0,0.0
2022-09-26 09:00:00+08:00,13.800000190734863,13.800000190734863,13.149999618530273,13.199999809265137,0,0.0,0.0
2022-09-26 10:00:00+08:00,13.25,13.300000190734863,12.899999618530273,12.949999809265137,63000,0.0,0.0
2022-09-26 11:00:00+08:00,12.949999809265137,13.050000190734863,12.899999618530273,13.050000190734863,16000,0.0,0.0
2022-09-26 12:00:00+08:00,13.100000381469727,13.100000381469727,13.0,13.0,8000,0.0,0.0
2022-09-26 13:00:00+08:00,12.949999809265137,12.949999809265137,12.949999809265137,12.949999809265137,11000,0.0,0.0
2022-09-27 09:00:00+08:00,13.5,13.5,13.0,13.0,0,0.0,0.0
2022-09-27 11:00:00+08:00,13.100000381469727,13.100000381469727,13.100000381469727,13.100000381469727,5000,0.0,0.0
2022-09-29 10:00:00+08:00,12.800000190734863,12.850000381469727,12.75,12.75,5000,0.0,0.0
2022-09-29 11:00:00+08:00,12.399999618530273,12.550000190734863,12.350000381469727,12.550000190734863,8000,0.0,0.0
2022-09-29 12:00:00+08:00,12.550000190734863,12.649999618530273,12.550000190734863,12.550000190734863,10001,0.0,0.0
2022-09-29 13:00:00+08:00,12.550000190734863,12.550000190734863,12.5,12.5,7000,0.0,0.0
2022-09-30 09:00:00+08:00,12.800000190734863,12.800000190734863,12.449999809265137,12.449999809265137,0,0.0,0.0
2022-09-30 10:00:00+08:00,12.449999809265137,12.5,12.350000381469727,12.5,10000,0.0,0.0
2022-09-30 11:00:00+08:00,12.5,12.5,12.5,12.5,5000,0.0,0.0
2022-09-30 12:00:00+08:00,12.550000190734863,12.550000190734863,12.449999809265137,12.449999809265137,9000,0.0,0.0
2022-09-30 13:00:00+08:00,12.600000381469727,12.699999809265137,12.600000381469727,12.699999809265137,7000,0.0,0.0
2022-10-03 09:00:00+08:00,12.649999618530273,12.649999618530273,12.649999618530273,12.649999618530273,0,0.0,0.0
2022-10-03 10:00:00+08:00,12.649999618530273,12.649999618530273,12.649999618530273,12.649999618530273,1000,0.0,0.0
2022-10-03 12:00:00+08:00,12.699999809265137,13.050000190734863,12.699999809265137,13.050000190734863,5000,0.0,0.0
2022-10-03 13:00:00+08:00,12.75,12.75,12.75,12.75,4000,0.0,0.0
2022-10-04 09:00:00+08:00,13.0,13.0,12.699999809265137,12.699999809265137,0,0.0,0.0
2022-10-04 10:00:00+08:00,12.75,13.100000381469727,12.75,13.100000381469727,47000,0.0,0.0
2022-10-04 11:00:00+08:00,13.199999809265137,13.350000381469727,13.0,13.199999809265137,122000,0.0,0.0
2022-10-04 12:00:00+08:00,13.149999618530273,13.149999618530273,13.149999618530273,13.149999618530273,2000,0.0,0.0
2022-10-04 13:00:00+08:00,13.100000381469727,13.100000381469727,13.100000381469727,13.100000381469727,1000,0.0,0.0
2022-10-05 09:00:00+08:00,13.550000190734863,13.649999618530273,12.949999809265137,13.25,6000,0.0,0.0
2022-10-05 10:00:00+08:00,13.149999618530273,13.149999618530273,13.149999618530273,13.149999618530273,5000,0.0,0.0
2022-10-05 11:00:00+08:00,13.199999809265137,13.199999809265137,13.0,13.0,12000,0.0,0.0
2022-10-05 12:00:00+08:00,13.0,13.0,12.949999809265137,12.949999809265137,7010,0.0,0.0
2022-10-05 13:00:00+08:00,13.100000381469727,13.100000381469727,13.100000381469727,13.100000381469727,1000,0.0,0.0
2022-10-06 09:00:00+08:00,13.350000381469727,13.350000381469727,12.949999809265137,13.050000190734863,0,0.0,0.0
2022-10-06 10:00:00+08:00,13.050000190734863,13.050000190734863,13.0,13.0,8005,0.0,0.0
2022-10-06 11:00:00+08:00,13.0,13.0,12.949999809265137,12.949999809265137,4000,0.0,0.0
2022-10-06 12:00:00+08:00,13.100000381469727,13.100000381469727,12.949999809265137,12.949999809265137,2000,0.0,0.0
2022-10-06 13:00:00+08:00,12.949999809265137,12.949999809265137,12.949999809265137,12.949999809265137,2000,0.0,0.0
2022-10-07 09:00:00+08:00,12.800000190734863,12.899999618530273,12.800000190734863,12.899999618530273,0,0.0,0.0
2022-10-07 10:00:00+08:00,12.899999618530273,12.899999618530273,12.899999618530273,12.899999618530273,1000,0.0,0.0
2022-10-07 11:00:00+08:00,12.899999618530273,12.899999618530273,12.899999618530273,12.899999618530273,14000,0.0,0.0
2022-10-07 12:00:00+08:00,12.800000190734863,12.800000190734863,12.800000190734863,12.800000190734863,1000,0.0,0.0
2022-10-07 13:00:00+08:00,12.800000190734863,12.899999618530273,12.800000190734863,12.899999618530273,5000,0.0,0.0
2022-10-11 09:00:00+08:00,12.800000190734863,12.800000190734863,12.100000381469727,12.25,0,0.0,0.0
2022-10-11 10:00:00+08:00,12.199999809265137,12.25,12.149999618530273,12.149999618530273,10000,0.0,0.0
2022-10-11 11:00:00+08:00,12.149999618530273,12.149999618530273,12.149999618530273,12.149999618530273,2001,0.0,0.0
2022-10-11 12:00:00+08:00,12.100000381469727,12.399999618530273,12.100000381469727,12.399999618530273,5000,0.0,0.0
2022-10-11 13:00:00+08:00,12.399999618530273,12.399999618530273,12.399999618530273,12.399999618530273,1000,0.0,0.0
2022-10-12 09:00:00+08:00,12.399999618530273,12.5,11.850000381469727,12.100000381469727,0,0.0,0.0
2022-10-12 10:00:00+08:00,12.100000381469727,12.100000381469727,12.0,12.100000381469727,11000,0.0,0.0
2022-10-12 11:00:00+08:00,12.199999809265137,12.199999809265137,12.199999809265137,12.199999809265137,2000,0.0,0.0
2022-10-12 12:00:00+08:00,12.149999618530273,12.449999809265137,12.100000381469727,12.149999618530273,125000,0.0,0.0
2022-10-12 13:00:00+08:00,12.149999618530273,12.300000190734863,12.149999618530273,12.149999618530273,4000,0.0,0.0
2022-10-13 10:00:00+08:00,11.800000190734863,11.800000190734863,11.600000381469727,11.600000381469727,7000,0.0,0.0
2022-10-13 11:00:00+08:00,11.5,11.600000381469727,11.5,11.5,18000,0.0,0.0
2022-10-13 12:00:00+08:00,11.5,11.5,11.5,11.5,7000,0.0,0.0
2022-10-13 13:00:00+08:00,11.5,11.600000381469727,11.5,11.5,14000,0.0,0.0
2022-10-14 09:00:00+08:00,11.800000190734863,11.800000190734863,11.75,11.75,0,0.0,0.0
2022-10-14 10:00:00+08:00,11.899999618530273,11.899999618530273,11.899999618530273,11.899999618530273,1000,0.0,0.0
2022-10-14 11:00:00+08:00,11.850000381469727,11.850000381469727,11.850000381469727,11.850000381469727,1000,0.0,0.0
2022-10-14 12:00:00+08:00,11.899999618530273,11.949999809265137,11.850000381469727,11.949999809265137,17000,0.0,0.0
2022-10-14 13:00:00+08:00,11.949999809265137,12.199999809265137,11.949999809265137,12.149999618530273,41000,0.0,0.0
2022-10-18 09:00:00+08:00,12.0,12.0,11.949999809265137,12.0,7998,0.0,0.0
2022-10-18 10:00:00+08:00,12.0,12.0,12.0,12.0,6000,0.0,0.0
2022-10-18 11:00:00+08:00,11.949999809265137,11.949999809265137,11.899999618530273,11.899999618530273,11000,0.0,0.0
2022-10-18 12:00:00+08:00,12.0,12.0,12.0,12.0,1000,0.0,0.0
2022-10-19 10:00:00+08:00,11.899999618530273,11.899999618530273,11.899999618530273,11.899999618530273,0,0.0,0.0
2022-10-19 11:00:00+08:00,11.899999618530273,11.899999618530273,11.600000381469727,11.600000381469727,30000,0.0,0.0
2022-10-20 12:00:00+08:00,12.0,12.0,11.949999809265137,11.949999809265137,1000,0.0,0.0
2022-10-21 13:00:00+08:00,11.649999618530273,11.649999618530273,11.649999618530273,11.649999618530273,0,0.0,0.0
2022-10-24 09:00:00+08:00,11.800000190734863,11.850000381469727,11.75,11.800000190734863,3999,0.0,0.0
2022-10-24 10:00:00+08:00,11.800000190734863,11.800000190734863,11.75,11.75,4000,0.0,0.0
2022-10-24 12:00:00+08:00,11.75,11.75,11.75,11.75,1000,0.0,0.0
2022-10-25 09:00:00+08:00,11.449999809265137,11.449999809265137,11.449999809265137,11.449999809265137,0,0.0,0.0
2022-10-25 10:00:00+08:00,11.449999809265137,11.449999809265137,11.399999618530273,11.399999618530273,3000,0.0,0.0
2022-10-25 13:00:00+08:00,11.449999809265137,11.449999809265137,11.449999809265137,11.449999809265137,4000,0.0,0.0
2022-10-26 10:00:00+08:00,11.850000381469727,11.850000381469727,11.850000381469727,11.850000381469727,1000,0.0,0.0
2022-10-26 11:00:00+08:00,11.850000381469727,11.949999809265137,11.850000381469727,11.899999618530273,5000,0.0,0.0
2022-10-27 11:00:00+08:00,11.949999809265137,11.949999809265137,11.899999618530273,11.899999618530273,7000,0.0,0.0
2022-10-27 13:00:00+08:00,11.850000381469727,11.850000381469727,11.800000190734863,11.800000190734863,28000,0.0,0.0
2022-10-28 09:00:00+08:00,11.75,11.75,11.550000190734863,11.550000190734863,0,0.0,0.0
2022-10-28 10:00:00+08:00,11.5,11.5,11.399999618530273,11.399999618530273,6000,0.0,0.0
2022-10-28 12:00:00+08:00,11.399999618530273,11.399999618530273,11.300000190734863,11.399999618530273,4000,0.0,0.0
2022-10-28 13:00:00+08:00,11.399999618530273,11.399999618530273,11.399999618530273,11.399999618530273,3000,0.0,0.0
2022-10-31 09:00:00+08:00,11.5,11.5,11.5,11.5,0,0.0,0.0
2022-10-31 10:00:00+08:00,11.399999618530273,11.399999618530273,11.199999809265137,11.300000190734863,11001,0.0,0.0
2022-10-31 11:00:00+08:00,11.300000190734863,11.350000381469727,11.300000190734863,11.350000381469727,58000,0.0,0.0
2022-10-31 12:00:00+08:00,11.350000381469727,11.449999809265137,11.350000381469727,11.449999809265137,5000,0.0,0.0
2022-10-31 13:00:00+08:00,11.300000190734863,11.399999618530273,11.25,11.25,6000,0.0,0.0
2022-11-01 09:00:00+08:00,11.399999618530273,11.399999618530273,11.25,11.25,0,0.0,0.0
2022-11-01 10:00:00+08:00,11.25,11.399999618530273,11.25,11.399999618530273,16000,0.0,0.0
2022-11-01 11:00:00+08:00,11.449999809265137,11.75,11.449999809265137,11.600000381469727,39000,0.0,0.0
2022-11-01 12:00:00+08:00,11.550000190734863,11.600000381469727,11.449999809265137,11.449999809265137,7000,0.0,0.0
2022-11-01 13:00:00+08:00,11.449999809265137,11.550000190734863,11.449999809265137,11.550000190734863,2000,0.0,0.0
2022-11-02 09:00:00+08:00,11.600000381469727,11.699999809265137,11.600000381469727,11.600000381469727,0,0.0,0.0
2022-11-02 10:00:00+08:00,11.699999809265137,11.949999809265137,11.699999809265137,11.949999809265137,11000,0.0,0.0
2022-11-02 11:00:00+08:00,11.949999809265137,11.949999809265137,11.949999809265137,11.949999809265137,1000,0.0,0.0
2022-11-02 12:00:00+08:00,11.949999809265137,11.949999809265137,11.949999809265137,11.949999809265137,2000,0.0,0.0
2022-11-02 13:00:00+08:00,11.800000190734863,12.399999618530273,11.800000190734863,12.399999618530273,67000,0.0,0.0
2022-11-03 09:00:00+08:00,13.0,13.550000190734863,12.800000190734863,13.100000381469727,261000,0.0,0.0
2022-11-03 10:00:00+08:00,13.199999809265137,13.949999809265137,13.149999618530273,13.949999809265137,568645,0.0,0.0
2022-11-03 11:00:00+08:00,13.949999809265137,13.949999809265137,13.850000381469727,13.949999809265137,40000,0.0,0.0
2022-11-03 12:00:00+08:00,13.949999809265137,13.949999809265137,13.649999618530273,13.949999809265137,230000,0.0,0.0
2022-11-03 13:00:00+08:00,13.949999809265137,13.949999809265137,13.899999618530273,13.949999809265137,38000,0.0,0.0
2022-11-04 09:00:00+08:00,14.050000190734863,14.449999809265137,13.199999809265137,13.449999809265137,0,0.0,0.0
2022-11-04 10:00:00+08:00,13.399999618530273,13.550000190734863,13.350000381469727,13.350000381469727,28000,0.0,0.0
2022-11-04 11:00:00+08:00,13.300000190734863,13.5,13.300000190734863,13.449999809265137,50200,0.0,0.0
2022-11-04 12:00:00+08:00,13.449999809265137,13.449999809265137,13.25,13.350000381469727,60000,0.0,0.0
2022-11-04 13:00:00+08:00,13.350000381469727,13.5,13.350000381469727,13.5,51000,0.0,0.0
2022-11-07 09:00:00+08:00,13.699999809265137,13.800000190734863,13.600000381469727,13.649999618530273,0,0.0,0.0
2022-11-07 10:00:00+08:00,13.649999618530273,13.699999809265137,13.600000381469727,13.649999618530273,33005,0.0,0.0
2022-11-07 11:00:00+08:00,13.649999618530273,13.800000190734863,13.649999618530273,13.75,46253,0.0,0.0
2022-11-07 12:00:00+08:00,13.800000190734863,13.850000381469727,13.800000190734863,13.800000190734863,17000,0.0,0.0
2022-11-07 13:00:00+08:00,13.800000190734863,13.850000381469727,13.800000190734863,13.800000190734863,17000,0.0,0.0
2022-11-08 09:00:00+08:00,13.949999809265137,13.949999809265137,13.600000381469727,13.850000381469727,0,0.0,0.0
2022-11-08 10:00:00+08:00,13.850000381469727,13.850000381469727,13.75,13.75,25000,0.0,0.0
2022-11-08 11:00:00+08:00,13.75,13.800000190734863,13.649999618530273,13.649999618530273,31000,0.0,0.0
2022-11-08 12:00:00+08:00,13.649999618530273,13.949999809265137,13.649999618530273,13.800000190734863,31000,0.0,0.0
2022-11-08 13:00:00+08:00,13.800000190734863,13.850000381469727,13.75,13.850000381469727,14000,0.0,0.0
2022-11-09 09:00:00+08:00,13.850000381469727,14.300000190734863,13.850000381469727,14.100000381469727,0,0.0,0.0
2022-11-09 10:00:00+08:00,14.100000381469727,15.149999618530273,14.100000381469727,15.149999618530273,1123553,0.0,0.0
2022-11-09 11:00:00+08:00,15.149999618530273,15.149999618530273,14.0,14.100000381469727,354125,0.0,0.0
2022-11-09 12:00:00+08:00,14.100000381469727,14.199999809265137,14.0,14.050000190734863,80000,0.0,0.0
2022-11-09 13:00:00+08:00,14.100000381469727,14.199999809265137,14.100000381469727,14.100000381469727,33000,0.0,0.0
2022-11-10 09:00:00+08:00,13.649999618530273,14.25,13.649999618530273,14.0,0,0.0,0.0
2022-11-10 10:00:00+08:00,13.949999809265137,13.949999809265137,13.75,13.75,74009,0.0,0.0
2022-11-10 11:00:00+08:00,13.800000190734863,13.800000190734863,13.800000190734863,13.800000190734863,10000,0.0,0.0
2022-11-10 12:00:00+08:00,13.75,13.75,13.600000381469727,13.699999809265137,0,0.0,0.0
2022-11-10 13:00:00+08:00,13.649999618530273,13.699999809265137,13.649999618530273,13.699999809265137,219546,0.0,0.0
2022-11-11 09:00:00+08:00,14.25,14.25,13.75,13.75,0,0.0,0.0
2022-11-11 10:00:00+08:00,13.800000190734863,13.800000190734863,13.699999809265137,13.75,12000,0.0,0.0
2022-11-11 11:00:00+08:00,13.699999809265137,13.75,13.649999618530273,13.75,13000,0.0,0.0
2022-11-11 12:00:00+08:00,13.75,13.75,13.699999809265137,13.699999809265137,14010,0.0,0.0
2022-11-11 13:00:00+08:00,13.699999809265137,13.699999809265137,13.649999618530273,13.699999809265137,14001,0.0,0.0
2022-11-14 09:00:00+08:00,13.699999809265137,13.699999809265137,13.699999809265137,13.699999809265137,0,0.0,0.0
2022-11-14 10:00:00+08:00,13.699999809265137,13.899999618530273,13.300000190734863,13.899999618530273,45000,0.0,0.0
2022-11-14 11:00:00+08:00,13.699999809265137,13.699999809265137,13.699999809265137,13.699999809265137,5000,0.0,0.0
2022-11-14 12:00:00+08:00,13.649999618530273,13.699999809265137,13.649999618530273,13.699999809265137,4146,0.0,0.0
2022-11-14 13:00:00+08:00,13.699999809265137,13.699999809265137,13.649999618530273,13.649999618530273,16000,0.0,0.0
2022-11-15 09:00:00+08:00,13.5,13.649999618530273,13.449999809265137,13.649999618530273,0,0.0,0.0
2022-11-15 10:00:00+08:00,13.699999809265137,13.800000190734863,13.699999809265137,13.800000190734863,6000,0.0,0.0
2022-11-15 11:00:00+08:00,13.75,13.75,13.5,13.5,31000,0.0,0.0
2022-11-15 12:00:00+08:00,13.5,13.600000381469727,13.5,13.5,13000,0.0,0.0
2022-11-15 13:00:00+08:00,13.550000190734863,13.800000190734863,13.550000190734863,13.550000190734863,21000,0.0,0.0
2022-11-16 09:00:00+08:00,13.949999809265137,14.050000190734863,13.899999618530273,14.050000190734863,0,0.0,0.0
2022-11-16 10:00:00+08:00,14.050000190734863,14.100000381469727,13.800000190734863,14.100000381469727,28000,0.0,0.0
2022-11-16 11:00:00+08:00,13.899999618530273,13.899999618530273,13.399999618530273,13.600000381469727,27124,0.0,0.0
2022-11-16 12:00:00+08:00,13.699999809265137,14.050000190734863,13.199999809265137,13.699999809265137,93147,0.0,0.0
2022-11-16 13:00:00+08:00,13.5,13.600000381469727,13.199999809265137,13.300000190734863,39001,0.0,0.0
2022-11-17 09:00:00+08:00,13.600000381469727,13.75,13.600000381469727,13.600000381469727,0,0.0,0.0
2022-11-17 10:00:00+08:00,13.75,13.75,13.649999618530273,13.649999618530273,10000,0.0,0.0
2022-11-17 11:00:00+08:00,13.699999809265137,13.75,13.699999809265137,13.75,6147,0.0,0.0
2022-11-17 12:00:00+08:00,13.75,13.75,13.699999809265137,13.699999809265137,5000,0.0,0.0
2022-11-17 13:00:00+08:00,13.649999618530273,13.699999809265137,13.649999618530273,13.699999809265137,8000,0.0,0.0
2022-11-18 09:00:00+08:00,13.800000190734863,14.0,13.800000190734863,13.850000381469727,0,0.0,0.0
2022-11-18 10:00:00+08:00,13.850000381469727,13.850000381469727,13.75,13.850000381469727,35004,0.0,0.0
2022-11-18 12:00:00+08:00,13.800000190734863,13.949999809265137,13.75,13.75,7000,0.0,0.0
2022-11-18 13:00:00+08:00,13.949999809265137,13.949999809265137,13.949999809265137,13.949999809265137,1000,0.0,0.0
2022-11-21 09:00:00+08:00,13.899999618530273,14.100000381469727,13.850000381469727,13.850000381469727,0,0.0,0.0
2022-11-21 10:00:00+08:00,13.850000381469727,13.850000381469727,13.850000381469727,13.850000381469727,2000,0.0,0.0
2022-11-21 11:00:00+08:00,13.850000381469727,13.850000381469727,13.800000190734863,13.800000190734863,5000,0.0,0.0
2022-11-21 12:00:00+08:00,13.800000190734863,13.800000190734863,13.800000190734863,13.800000190734863,1000,0.0,0.0
2022-11-21 13:00:00+08:00,13.800000190734863,13.800000190734863,13.75,13.75,11000,0.0,0.0
2022-11-22 09:00:00+08:00,13.800000190734863,13.899999618530273,13.699999809265137,13.899999618530273,0,0.0,0.0
2022-11-22 10:00:00+08:00,13.699999809265137,13.699999809265137,13.699999809265137,13.699999809265137,1000,0.0,0.0
2022-11-22 11:00:00+08:00,13.649999618530273,13.699999809265137,13.649999618530273,13.699999809265137,5000,0.0,0.0
2022-11-22 12:00:00+08:00,13.649999618530273,13.649999618530273,13.550000190734863,13.550000190734863,46000,0.0,0.0
2022-11-22 13:00:00+08:00,13.550000190734863,13.75,13.149999618530273,13.75,34000,0.0,0.0
2022-11-23 09:00:00+08:00,13.300000190734863,13.75,13.25,13.550000190734863,0,0.0,0.0
2022-11-23 10:00:00+08:00,13.699999809265137,13.699999809265137,13.5,13.5,7000,0.0,0.0
2022-11-23 11:00:00+08:00,13.550000190734863,13.550000190734863,13.5,13.550000190734863,15000,0.0,0.0
2022-11-23 12:00:00+08:00,13.550000190734863,13.600000381469727,13.550000190734863,13.600000381469727,13000,0.0,0.0
2022-11-23 13:00:00+08:00,13.600000381469727,13.699999809265137,13.600000381469727,13.699999809265137,8000,0.0,0.0
2022-11-24 09:00:00+08:00,13.800000190734863,13.800000190734863,13.800000190734863,13.800000190734863,0,0.0,0.0
2022-11-24 10:00:00+08:00,13.75,13.75,13.75,13.75,2000,0.0,0.0
2022-11-24 12:00:00+08:00,13.5,13.5,13.449999809265137,13.449999809265137,22000,0.0,0.0
2022-11-24 13:00:00+08:00,13.5,13.800000190734863,13.449999809265137,13.5,20000,0.0,0.0
2022-11-25 09:00:00+08:00,13.550000190734863,13.550000190734863,13.449999809265137,13.449999809265137,0,0.0,0.0
2022-11-25 11:00:00+08:00,13.449999809265137,13.550000190734863,13.449999809265137,13.550000190734863,2137,0.0,0.0
2022-11-25 12:00:00+08:00,13.5,13.5,13.449999809265137,13.449999809265137,6000,0.0,0.0
2022-11-25 13:00:00+08:00,13.449999809265137,13.449999809265137,13.300000190734863,13.300000190734863,17000,0.0,0.0
2022-11-28 10:00:00+08:00,13.399999618530273,13.800000190734863,13.350000381469727,13.800000190734863,23000,0.0,0.0
2022-11-28 11:00:00+08:00,13.800000190734863,13.800000190734863,13.5,13.5,11000,0.0,0.0
2022-11-28 12:00:00+08:00,13.5,13.5,13.399999618530273,13.399999618530273,25000,0.0,0.0
2022-11-28 13:00:00+08:00,13.449999809265137,13.449999809265137,13.399999618530273,13.399999618530273,12000,0.0,0.0
2022-11-29 09:00:00+08:00,13.449999809265137,13.550000190734863,13.449999809265137,13.550000190734863,0,0.0,0.0
2022-11-29 10:00:00+08:00,13.399999618530273,13.5,13.399999618530273,13.449999809265137,26000,0.0,0.0
2022-11-29 11:00:00+08:00,13.449999809265137,13.449999809265137,13.449999809265137,13.449999809265137,8000,0.0,0.0
2022-11-29 12:00:00+08:00,13.5,13.550000190734863,13.449999809265137,13.5,71000,0.0,0.0
2022-11-29 13:00:00+08:00,13.5,13.649999618530273,13.5,13.550000190734863,45033,0.0,0.0
2022-11-30 09:00:00+08:00,13.699999809265137,13.699999809265137,13.699999809265137,13.699999809265137,0,0.0,0.0
2022-11-30 10:00:00+08:00,13.699999809265137,13.75,13.699999809265137,13.75,8000,0.0,0.0
2022-11-30 11:00:00+08:00,13.800000190734863,13.800000190734863,13.75,13.800000190734863,17000,0.0,0.0
2022-11-30 12:00:00+08:00,13.800000190734863,13.800000190734863,13.649999618530273,13.649999618530273,20000,0.0,0.0
2022-11-30 13:00:00+08:00,13.600000381469727,13.600000381469727,13.550000190734863,13.550000190734863,41000,0.0,0.0
2022-12-01 09:00:00+08:00,13.649999618530273,13.75,13.600000381469727,13.75,0,0.0,0.0
2022-12-01 10:00:00+08:00,13.75,13.75,13.649999618530273,13.649999618530273,68000,0.0,0.0
2022-12-01 11:00:00+08:00,13.75,14.649999618530273,13.699999809265137,14.100000381469727,287026,0.0,0.0
2022-12-01 12:00:00+08:00,14.100000381469727,14.300000190734863,14.100000381469727,14.199999809265137,0,0.0,0.0
2022-12-01 13:00:00+08:00,14.199999809265137,14.300000190734863,14.149999618530273,14.300000190734863,506126,0.0,0.0
2022-12-02 09:00:00+08:00,14.5,14.699999809265137,14.449999809265137,14.550000190734863,0,0.0,0.0
2022-12-02 10:00:00+08:00,14.550000190734863,14.600000381469727,14.550000190734863,14.600000381469727,28000,0.0,0.0
2022-12-02 11:00:00+08:00,14.550000190734863,14.550000190734863,14.350000381469727,14.350000381469727,62000,0.0,0.0
2022-12-02 12:00:00+08:00,14.350000381469727,14.350000381469727,14.199999809265137,14.199999809265137,16398,0.0,0.0
2022-12-02 13:00:00+08:00,14.149999618530273,14.5,14.149999618530273,14.449999809265137,41000,0.0,0.0
2022-12-05 09:00:00+08:00,14.600000381469727,14.600000381469727,14.5,14.5,0,0.0,0.0
2022-12-05 10:00:00+08:00,14.449999809265137,14.449999809265137,14.350000381469727,14.350000381469727,4000,0.0,0.0
2022-12-05 11:00:00+08:00,14.300000190734863,14.5,14.149999618530273,14.5,32000,0.0,0.0
2022-12-05 12:00:00+08:00,14.449999809265137,14.5,14.350000381469727,14.350000381469727,9000,0.0,0.0
2022-12-05 13:00:00+08:00,14.449999809265137,14.5,14.449999809265137,14.5,89000,0.0,0.0
2022-12-06 09:00:00+08:00,14.699999809265137,14.699999809265137,14.350000381469727,14.600000381469727,0,0.0,0.0
2022-12-06 10:00:00+08:00,14.5,14.5,14.399999618530273,14.399999618530273,13000,0.0,0.0
2022-12-06 11:00:00+08:00,14.399999618530273,14.550000190734863,14.350000381469727,14.399999618530273,48000,0.0,0.0
2022-12-06 12:00:00+08:00,14.449999809265137,14.550000190734863,14.399999618530273,14.449999809265137,81000,0.0,0.0
2022-12-06 13:00:00+08:00,14.449999809265137,15.0,14.449999809265137,15.0,102000,0.0,0.0
2022-12-07 09:00:00+08:00,14.800000190734863,14.949999809265137,14.75,14.75,0,0.0,0.0
2022-12-07 10:00:00+08:00,14.75,14.800000190734863,14.550000190734863,14.550000190734863,5000,0.0,0.0
2022-12-07 11:00:00+08:00,14.5,14.5,14.350000381469727,14.350000381469727,12000,0.0,0.0
2022-12-07 12:00:00+08:00,14.550000190734863,14.550000190734863,14.550000190734863,14.550000190734863,3000,0.0,0.0
2022-12-07 13:00:00+08:00,14.600000381469727,14.600000381469727,14.5,14.5,4000,0.0,0.0
2022-12-08 09:00:00+08:00,14.5,14.699999809265137,14.399999618530273,14.399999618530273,0,0.0,0.0
2022-12-08 10:00:00+08:00,14.399999618530273,14.399999618530273,14.300000190734863,14.350000381469727,17003,0.0,0.0
2022-12-08 12:00:00+08:00,14.5,14.5,14.449999809265137,14.449999809265137,22000,0.0,0.0
2022-12-08 13:00:00+08:00,14.449999809265137,14.5,14.399999618530273,14.5,21000,0.0,0.0
2022-12-09 09:00:00+08:00,14.5,14.600000381469727,14.5,14.600000381469727,0,0.0,0.0
2022-12-09 10:00:00+08:00,14.5,14.550000190734863,14.5,14.5,23000,0.0,0.0
2022-12-09 11:00:00+08:00,14.5,14.5,14.5,14.5,6000,0.0,0.0
2022-12-09 12:00:00+08:00,14.449999809265137,14.649999618530273,14.449999809265137,14.649999618530273,75043,0.0,0.0
2022-12-09 13:00:00+08:00,14.649999618530273,15.149999618530273,14.5,15.149999618530273,103000,0.0,0.0
2022-12-12 09:00:00+08:00,15.149999618530273,15.149999618530273,14.800000190734863,14.899999618530273,0,0.0,0.0
2022-12-12 10:00:00+08:00,14.949999809265137,15.399999618530273,14.850000381469727,15.399999618530273,62500,0.0,0.0
2022-12-12 11:00:00+08:00,15.399999618530273,15.449999809265137,14.75,15.149999618530273,114000,0.0,0.0
2022-12-12 12:00:00+08:00,15.149999618530273,15.550000190734863,15.149999618530273,15.449999809265137,67000,0.0,0.0
2022-12-12 13:00:00+08:00,15.350000381469727,15.800000190734863,15.350000381469727,15.800000190734863,37000,0.0,0.0
2022-12-13 09:00:00+08:00,17.399999618530273,17.600000381469727,16.5,16.700000762939453,1773943,0.0,0.0
2022-12-13 10:00:00+08:00,16.700000762939453,16.700000762939453,14.399999618530273,14.5,2873010,0.0,0.0
2022-12-13 11:00:00+08:00,14.5,14.600000381469727,14.449999809265137,14.449999809265137,210107,0.0,0.0
2022-12-13 12:00:00+08:00,14.399999618530273,14.550000190734863,14.399999618530273,14.399999618530273,234000,0.0,0.0
2022-12-13 13:00:00+08:00,14.399999618530273,14.399999618530273,14.399999618530273,14.399999618530273,41004,0.0,0.0
2022-12-14 09:00:00+08:00,14.100000381469727,14.149999618530273,13.75,14.100000381469727,0,0.0,0.0
2022-12-14 10:00:00+08:00,14.100000381469727,14.300000190734863,14.050000190734863,14.199999809265137,65286,0.0,0.0
2022-12-14 11:00:00+08:00,14.149999618530273,14.25,14.100000381469727,14.25,26000,0.0,0.0
2022-12-14 12:00:00+08:00,14.25,14.25,14.050000190734863,14.100000381469727,53200,0.0,0.0
2022-12-14 13:00:00+08:00,14.149999618530273,14.25,14.050000190734863,14.050000190734863,58000,0.0,0.0
2022-12-15 09:00:00+08:00,14.100000381469727,14.600000381469727,14.050000190734863,14.300000190734863,0,0.0,0.0
2022-12-15 10:00:00+08:00,14.350000381469727,14.399999618530273,14.149999618530273,14.25,50000,0.0,0.0
2022-12-15 11:00:00+08:00,14.25,14.350000381469727,14.25,14.25,18000,0.0,0.0
2022-12-15 12:00:00+08:00,14.300000190734863,14.350000381469727,14.25,14.25,15000,0.0,0.0
2022-12-15 13:00:00+08:00,14.300000190734863,14.300000190734863,14.25,14.300000190734863,7000,0.0,0.0
2022-12-16 09:00:00+08:00,14.050000190734863,14.050000190734863,13.899999618530273,13.949999809265137,0,0.0,0.0
2022-12-16 10:00:00+08:00,13.949999809265137,14.050000190734863,13.949999809265137,14.050000190734863,35000,0.0,0.0
2022-12-16 11:00:00+08:00,14.100000381469727,14.100000381469727,14.100000381469727,14.100000381469727,3000,0.0,0.0
2022-12-16 12:00:00+08:00,14.0,14.0,14.0,14.0,15000,0.0,0.0
2022-12-16 13:00:00+08:00,14.0,14.100000381469727,14.0,14.0,6000,0.0,0.0
2022-12-19 09:00:00+08:00,13.899999618530273,14.0,13.899999618530273,14.0,0,0.0,0.0
2022-12-19 10:00:00+08:00,14.0,14.199999809265137,14.0,14.149999618530273,9000,0.0,0.0
2022-12-19 11:00:00+08:00,14.100000381469727,14.100000381469727,14.0,14.0,37000,0.0,0.0
2022-12-19 12:00:00+08:00,13.899999618530273,13.949999809265137,13.899999618530273,13.949999809265137,4000,0.0,0.0
2022-12-19 13:00:00+08:00,14.0,14.050000190734863,13.949999809265137,14.0,12000,0.0,0.0
2022-12-20 09:00:00+08:00,13.850000381469727,13.949999809265137,13.800000190734863,13.850000381469727,0,0.0,0.0
2022-12-20 10:00:00+08:00,14.0,14.100000381469727,14.0,14.050000190734863,0,0.0,0.0
2022-12-20 11:00:00+08:00,14.0,14.0,13.800000190734863,13.800000190734863,82000,0.0,0.0
2022-12-20 12:00:00+08:00,13.75,13.75,13.5,13.550000190734863,37000,0.0,0.0
2022-12-20 13:00:00+08:00,13.550000190734863,13.550000190734863,13.399999618530273,13.399999618530273,32000,0.0,0.0
2022-12-21 09:00:00+08:00,13.449999809265137,13.800000190734863,13.449999809265137,13.600000381469727,0,0.0,0.0
2022-12-21 10:00:00+08:00,13.649999618530273,13.649999618530273,13.600000381469727,13.600000381469727,9000,0.0,0.0
2022-12-21 11:00:00+08:00,13.600000381469727,13.600000381469727,13.600000381469727,13.600000381469727,4004,0.0,0.0
2022-12-21 12:00:00+08:00,13.600000381469727,13.600000381469727,13.5,13.550000190734863,17000,0.0,0.0
2022-12-21 13:00:00+08:00,13.600000381469727,13.600000381469727,13.5,13.5,8000,0.0,0.0
2022-12-22 09:00:00+08:00,13.600000381469727,13.949999809265137,13.550000190734863,13.550000190734863,0,0.0,0.0
2022-12-22 10:00:00+08:00,13.600000381469727,13.800000190734863,13.550000190734863,13.800000190734863,39013,0.0,0.0
2022-12-22 12:00:00+08:00,13.649999618530273,13.649999618530273,13.550000190734863,13.550000190734863,32000,0.0,0.0
2022-12-22 13:00:00+08:00,13.600000381469727,13.600000381469727,13.550000190734863,13.600000381469727,8000,0.0,0.0
2022-12-23 09:00:00+08:00,13.649999618530273,13.649999618530273,13.649999618530273,13.649999618530273,0,0.0,0.0
2022-12-23 10:00:00+08:00,13.649999618530273,13.649999618530273,13.5,13.5,6080,0.0,0.0
2022-12-23 11:00:00+08:00,13.550000190734863,13.699999809265137,13.550000190734863,13.699999809265137,5000,0.0,0.0
2022-12-23 12:00:00+08:00,13.649999618530273,13.649999618530273,13.649999618530273,13.649999618530273,3000,0.0,0.0
2022-12-23 13:00:00+08:00,13.649999618530273,13.649999618530273,13.600000381469727,13.600000381469727,10000,0.0,0.0
2022-12-26 10:00:00+08:00,13.600000381469727,13.600000381469727,13.550000190734863,13.550000190734863,3000,0.0,0.0
2022-12-26 11:00:00+08:00,13.550000190734863,13.550000190734863,13.550000190734863,13.550000190734863,1000,0.0,0.0
2022-12-26 12:00:00+08:00,13.550000190734863,13.600000381469727,13.5,13.5,22000,0.0,0.0
2022-12-26 13:00:00+08:00,13.5,13.600000381469727,13.5,13.600000381469727,6000,0.0,0.0
2022-12-27 09:00:00+08:00,13.600000381469727,13.649999618530273,13.600000381469727,13.649999618530273,0,0.0,0.0
2022-12-27 10:00:00+08:00,13.699999809265137,13.699999809265137,13.649999618530273,13.649999618530273,5000,0.0,0.0
2022-12-27 11:00:00+08:00,13.600000381469727,13.600000381469727,13.600000381469727,13.600000381469727,4000,0.0,0.0
2022-12-27 12:00:00+08:00,13.600000381469727,13.600000381469727,13.550000190734863,13.550000190734863,18000,0.0,0.0
2022-12-27 13:00:00+08:00,13.600000381469727,13.600000381469727,13.550000190734863,13.550000190734863,2000,0.0,0.0
2022-12-28 09:00:00+08:00,13.550000190734863,13.550000190734863,13.449999809265137,13.449999809265137,0,0.0,0.0
2022-12-28 10:00:00+08:00,13.399999618530273,13.399999618530273,13.350000381469727,13.350000381469727,11000,0.0,0.0
2022-12-28 11:00:00+08:00,13.350000381469727,13.399999618530273,13.350000381469727,13.350000381469727,9000,0.0,0.0
2022-12-28 12:00:00+08:00,13.350000381469727,13.350000381469727,13.350000381469727,13.350000381469727,1000,0.0,0.0
2022-12-28 13:00:00+08:00,13.399999618530273,13.399999618530273,13.399999618530273,13.399999618530273,11000,0.0,0.0
2022-12-29 09:00:00+08:00,13.25,13.25,13.25,13.25,0,0.0,0.0
2022-12-29 10:00:00+08:00,13.25,13.5,13.25,13.350000381469727,37000,0.0,0.0
2022-12-29 11:00:00+08:00,13.199999809265137,13.25,13.199999809265137,13.199999809265137,14000,0.0,0.0
2022-12-29 12:00:00+08:00,13.199999809265137,13.25,13.199999809265137,13.25,2000,0.0,0.0
2022-12-29 13:00:00+08:00,13.25,13.25,13.199999809265137,13.199999809265137,4000,0.0,0.0
2022-12-30 09:00:00+08:00,13.25,13.300000190734863,13.199999809265137,13.300000190734863,0,0.0,0.0
2022-12-30 10:00:00+08:00,13.300000190734863,13.300000190734863,13.199999809265137,13.300000190734863,37000,0.0,0.0
2022-12-30 11:00:00+08:00,13.199999809265137,13.199999809265137,13.199999809265137,13.199999809265137,20000,0.0,0.0
2022-12-30 12:00:00+08:00,13.199999809265137,13.199999809265137,13.199999809265137,13.199999809265137,7000,0.0,0.0
2022-12-30 13:00:00+08:00,13.149999618530273,13.149999618530273,13.149999618530273,13.149999618530273,4000,0.0,0.0
2023-01-03 09:00:00+08:00,13.25,13.25,12.949999809265137,13.050000190734863,0,0.0,0.0
2023-01-03 10:00:00+08:00,13.149999618530273,13.149999618530273,13.149999618530273,13.149999618530273,6000,0.0,0.0
2023-01-03 11:00:00+08:00,13.149999618530273,13.5,13.149999618530273,13.300000190734863,20000,0.0,0.0
2023-01-03 12:00:00+08:00,13.300000190734863,13.300000190734863,13.25,13.25,9000,0.0,0.0
2023-01-03 13:00:00+08:00,13.199999809265137,13.350000381469727,13.149999618530273,13.350000381469727,23000,0.0,0.0
2023-01-04 09:00:00+08:00,13.149999618530273,13.300000190734863,13.149999618530273,13.300000190734863,0,0.0,0.0
2023-01-04 10:00:00+08:00,13.300000190734863,13.300000190734863,13.300000190734863,13.300000190734863,17000,0.0,0.0
2023-01-04 11:00:00+08:00,13.25,13.300000190734863,13.25,13.25,12000,0.0,0.0
2023-01-04 12:00:00+08:00,13.25,13.25,13.199999809265137,13.199999809265137,9000,0.0,0.0
2023-01-04 13:00:00+08:00,13.350000381469727,13.350000381469727,13.350000381469727,13.350000381469727,2000,0.0,0.0
2023-01-05 09:00:00+08:00,13.300000190734863,13.399999618530273,13.300000190734863,13.350000381469727,0,0.0,0.0
2023-01-05 10:00:00+08:00,13.300000190734863,13.300000190734863,13.25,13.25,15000,0.0,0.0
2023-01-05 11:00:00+08:00,13.25,13.25,13.25,13.25,5000,0.0,0.0
2023-01-05 12:00:00+08:00,13.25,13.25,13.199999809265137,13.25,6000,0.0,0.0
2023-01-05 13:00:00+08:00,13.25,13.25,13.25,13.25,3000,0.0,0.0
2023-01-06 09:00:00+08:00,13.300000190734863,13.350000381469727,13.25,13.25,0,0.0,0.0
2023-01-06 10:00:00+08:00,13.25,13.25,13.25,13.25,3000,0.0,0.0
2023-01-06 11:00:00+08:00,13.199999809265137,13.25,13.199999809265137,13.25,3000,0.0,0.0
2023-01-06 12:00:00+08:00,13.25,13.25,13.25,13.25,2000,0.0,0.0
2023-01-09 09:00:00+08:00,13.399999618530273,13.600000381469727,13.350000381469727,13.399999618530273,0,0.0,0.0
2023-01-09 10:00:00+08:00,13.300000190734863,13.300000190734863,13.300000190734863,13.300000190734863,2000,0.0,0.0
2023-01-09 11:00:00+08:00,13.300000190734863,13.350000381469727,13.300000190734863,13.350000381469727,10000,0.0,0.0
2023-01-09 12:00:00+08:00,13.350000381469727,13.350000381469727,13.300000190734863,13.300000190734863,4001,0.0,0.0
2023-01-09 13:00:00+08:00,13.25,13.300000190734863,13.25,13.25,14000,0.0,0.0
2023-01-10 09:00:00+08:00,13.399999618530273,13.449999809265137,13.399999618530273,13.449999809265137,0,0.0,0.0
2023-01-10 10:00:00+08:00,13.5,13.5,13.449999809265137,13.449999809265137,23000,0.0,0.0
2023-01-10 11:00:00+08:00,13.449999809265137,13.550000190734863,13.449999809265137,13.550000190734863,15000,0.0,0.0
2023-01-10 12:00:00+08:00,13.550000190734863,13.550000190734863,13.449999809265137,13.449999809265137,11000,0.0,0.0
2023-01-10 13:00:00+08:00,13.399999618530273,13.399999618530273,13.399999618530273,13.399999618530273,13000,0.0,0.0
2023-01-11 09:00:00+08:00,13.550000190734863,13.550000190734863,13.550000190734863,13.550000190734863,0,0.0,0.0
2023-01-11 10:00:00+08:00,13.5,13.5,13.5,13.5,4000,0.0,0.0
2023-01-11 11:00:00+08:00,13.399999618530273,13.399999618530273,13.399999618530273,13.399999618530273,22000,0.0,0.0
2023-01-11 12:00:00+08:00,13.350000381469727,13.449999809265137,13.25,13.449999809265137,17050,0.0,0.0
2023-01-11 13:00:00+08:00,13.399999618530273,13.5,13.399999618530273,13.449999809265137,10000,0.0,0.0
2023-01-12 09:00:00+08:00,13.550000190734863,13.649999618530273,13.399999618530273,13.399999618530273,0,0.0,0.0
2023-01-12 10:00:00+08:00,13.449999809265137,13.449999809265137,13.399999618530273,13.399999618530273,11560,0.0,0.0
2023-01-12 12:00:00+08:00,13.449999809265137,13.449999809265137,13.25,13.25,21000,0.0,0.0
2023-01-12 13:00:00+08:00,13.399999618530273,13.449999809265137,13.399999618530273,13.449999809265137,6000,0.0,0.0
2023-01-13 09:00:00+08:00,13.399999618530273,13.399999618530273,13.300000190734863,13.300000190734863,0,0.0,0.0
2023-01-13 10:00:00+08:00,13.350000381469727,13.350000381469727,13.350000381469727,13.350000381469727,1000,0.0,0.0
2023-01-13 11:00:00+08:00,13.350000381469727,13.350000381469727,13.25,13.25,4000,0.0,0.0
2023-01-13 12:00:00+08:00,13.199999809265137,13.25,13.199999809265137,13.25,6000,0.0,0.0
2023-01-13 13:00:00+08:00,13.199999809265137,13.199999809265137,13.199999809265137,13.199999809265137,2000,0.0,0.0
2023-01-16 11:00:00+08:00,13.199999809265137,13.199999809265137,13.149999618530273,13.149999618530273,3000,0.0,0.0
2023-01-16 12:00:00+08:00,13.149999618530273,13.149999618530273,13.100000381469727,13.100000381469727,3000,0.0,0.0
2023-01-17 10:00:00+08:00,13.100000381469727,13.100000381469727,13.100000381469727,13.100000381469727,0,0.0,0.0
2023-01-17 11:00:00+08:00,13.100000381469727,13.100000381469727,13.100000381469727,13.100000381469727,4000,0.0,0.0
2023-01-17 13:00:00+08:00,13.149999618530273,13.350000381469727,13.100000381469727,13.100000381469727,6000,0.0,0.0
2023-01-30 09:00:00+08:00,13.25,13.25,13.199999809265137,13.25,0,0.0,0.0
2023-01-30 10:00:00+08:00,13.300000190734863,13.300000190734863,13.300000190734863,13.300000190734863,3000,0.0,0.0
2023-01-30 11:00:00+08:00,13.300000190734863,13.300000190734863,13.300000190734863,13.300000190734863,1000,0.0,0.0
2023-01-30 12:00:00+08:00,13.25,13.5,13.199999809265137,13.199999809265137,31000,0.0,0.0
2023-01-31 09:00:00+08:00,13.199999809265137,13.350000381469727,13.199999809265137,13.300000190734863,0,0.0,0.0
2023-01-31 10:00:00+08:00,13.25,13.300000190734863,13.25,13.25,4000,0.0,0.0
2023-01-31 11:00:00+08:00,13.199999809265137,13.25,13.199999809265137,13.25,25000,0.0,0.0
2023-01-31 12:00:00+08:00,13.25,13.25,13.25,13.25,2000,0.0,0.0
2023-02-01 09:00:00+08:00,13.350000381469727,13.350000381469727,13.25,13.350000381469727,0,0.0,0.0
2023-02-01 10:00:00+08:00,13.350000381469727,13.350000381469727,13.350000381469727,13.350000381469727,7000,0.0,0.0
2023-02-01 11:00:00+08:00,13.350000381469727,13.449999809265137,13.350000381469727,13.449999809265137,9000,0.0,0.0
2023-02-01 12:00:00+08:00,13.449999809265137,13.449999809265137,13.449999809265137,13.449999809265137,10000,0.0,0.0
2023-02-01 13:00:00+08:00,13.449999809265137,13.449999809265137,13.350000381469727,13.350000381469727,4000,0.0,0.0
2023-02-02 09:00:00+08:00,13.600000381469727,13.649999618530273,13.399999618530273,13.649999618530273,0,0.0,0.0
2023-02-02 10:00:00+08:00,13.550000190734863,13.649999618530273,13.550000190734863,13.550000190734863,22000,0.0,0.0
2023-02-02 11:00:00+08:00,13.649999618530273,13.699999809265137,13.649999618530273,13.699999809265137,12000,0.0,0.0
2023-02-02 12:00:00+08:00,13.600000381469727,13.600000381469727,13.600000381469727,13.600000381469727,3000,0.0,0.0
2023-02-02 13:00:00+08:00,13.600000381469727,13.649999618530273,13.600000381469727,13.649999618530273,3000,0.0,0.0
2023-02-03 09:00:00+08:00,13.5,13.75,13.449999809265137,13.75,0,0.0,0.0
2023-02-03 10:00:00+08:00,13.699999809265137,13.75,13.699999809265137,13.75,7000,0.0,0.0
2023-02-03 12:00:00+08:00,13.699999809265137,13.699999809265137,13.600000381469727,13.600000381469727,0,0.0,0.0
2023-02-03 13:00:00+08:00,13.600000381469727,13.600000381469727,13.600000381469727,13.600000381469727,57000,0.0,0.0
2023-02-06 09:00:00+08:00,13.649999618530273,13.649999618530273,13.550000190734863,13.600000381469727,0,0.0,0.0
2023-02-06 10:00:00+08:00,13.600000381469727,13.800000190734863,13.600000381469727,13.600000381469727,28000,0.0,0.0
2023-02-06 11:00:00+08:00,13.649999618530273,13.75,13.649999618530273,13.75,6000,0.0,0.0
2023-02-06 13:00:00+08:00,13.600000381469727,13.600000381469727,13.600000381469727,13.600000381469727,3000,0.0,0.0
2023-02-07 09:00:00+08:00,13.600000381469727,13.649999618530273,13.600000381469727,13.649999618530273,0,0.0,0.0
2023-02-07 10:00:00+08:00,13.649999618530273,13.699999809265137,13.600000381469727,13.600000381469727,10000,0.0,0.0
2023-02-07 11:00:00+08:00,13.649999618530273,13.699999809265137,13.649999618530273,13.699999809265137,21000,0.0,0.0
2023-02-07 12:00:00+08:00,13.699999809265137,13.699999809265137,13.550000190734863,13.550000190734863,11065,0.0,0.0
2023-02-07 13:00:00+08:00,13.600000381469727,13.600000381469727,13.600000381469727,13.600000381469727,1000,0.0,0.0
2023-02-08 10:00:00+08:00,13.600000381469727,13.600000381469727,13.5,13.550000190734863,10000,0.0,0.0
2023-02-08 12:00:00+08:00,13.550000190734863,13.550000190734863,13.5,13.5,35000,0.0,0.0
2023-02-08 13:00:00+08:00,13.600000381469727,13.600000381469727,13.550000190734863,13.550000190734863,3000,0.0,0.0
2023-02-09 09:00:00+08:00,13.600000381469727,13.600000381469727,13.600000381469727,13.600000381469727,0,0.0,0.0
2023-02-09 10:00:00+08:00,13.649999618530273,13.699999809265137,13.649999618530273,13.699999809265137,8059,0.0,0.0
2023-02-09 11:00:00+08:00,13.649999618530273,13.699999809265137,13.600000381469727,13.600000381469727,14000,0.0,0.0
2023-02-09 12:00:00+08:00,13.600000381469727,13.600000381469727,13.600000381469727,13.600000381469727,4000,0.0,0.0
2023-02-09 13:00:00+08:00,13.550000190734863,13.550000190734863,13.550000190734863,13.550000190734863,1000,0.0,0.0
2023-02-10 09:00:00+08:00,13.600000381469727,13.600000381469727,13.5,13.5,0,0.0,0.0
2023-02-10 10:00:00+08:00,13.600000381469727,13.75,13.600000381469727,13.75,36169,0.0,0.0
2023-02-10 11:00:00+08:00,13.649999618530273,13.649999618530273,13.600000381469727,13.600000381469727,3000,0.0,0.0
2023-02-10 12:00:00+08:00,13.600000381469727,13.600000381469727,13.5,13.5,7000,0.0,0.0
2023-02-10 13:00:00+08:00,13.5,13.649999618530273,13.449999809265137,13.449999809265137,16000,0.0,0.0
2023-02-13 09:00:00+08:00,13.5,14.199999809265137,13.5,13.75,40831,0.0,0.0
2023-02-13 10:00:00+08:00,13.75,13.800000190734863,13.75,13.800000190734863,8000,0.0,0.0
2023-02-13 11:00:00+08:00,13.800000190734863,13.800000190734863,13.800000190734863,13.800000190734863,14000,0.0,0.0
2023-02-13 12:00:00+08:00,13.800000190734863,13.800000190734863,13.649999618530273,13.649999618530273,0,0.0,0.0
2023-02-13 13:00:00+08:00,13.600000381469727,13.600000381469727,13.550000190734863,13.550000190734863,212000,0.0,0.0
2023-02-14 09:00:00+08:00,13.550000190734863,13.699999809265137,13.550000190734863,13.699999809265137,0,0.0,0.0
2023-02-14 10:00:00+08:00,13.600000381469727,13.649999618530273,13.550000190734863,13.550000190734863,16000,0.0,0.0
2023-02-14 11:00:00+08:00,13.550000190734863,13.649999618530273,13.550000190734863,13.649999618530273,21000,0.0,0.0
2023-02-14 12:00:00+08:00,13.600000381469727,13.600000381469727,13.600000381469727,13.600000381469727,1000,0.0,0.0
2023-02-14 13:00:00+08:00,13.550000190734863,13.550000190734863,13.550000190734863,13.550000190734863,4000,0.0,0.0
2023-02-15 09:00:00+08:00,13.5,13.550000190734863,13.449999809265137,13.550000190734863,0,0.0,0.0
2023-02-15 10:00:00+08:00,13.5,13.550000190734863,13.5,13.550000190734863,4100,0.0,0.0
2023-02-15 11:00:00+08:00,13.550000190734863,13.550000190734863,13.550000190734863,13.550000190734863,1000,0.0,0.0
2023-02-15 12:00:00+08:00,13.5,13.5,13.449999809265137,13.449999809265137,13000,0.0,0.0
2023-02-15 13:00:00+08:00,13.5,13.5,13.5,13.5,1000,0.0,0.0
2023-02-16 10:00:00+08:00,13.649999618530273,13.649999618530273,13.600000381469727,13.600000381469727,3000,0.0,0.0
2023-02-16 11:00:00+08:00,13.5,13.5,13.5,13.5,1024,0.0,0.0
2023-02-16 12:00:00+08:00,13.550000190734863,13.649999618530273,13.5,13.649999618530273,31036,0.0,0.0
2023-02-17 09:00:00+08:00,13.699999809265137,13.699999809265137,13.699999809265137,13.699999809265137,0,0.0,0.0
2023-02-17 10:00:00+08:00,13.649999618530273,13.649999618530273,13.649999618530273,13.649999618530273,0,0.0,0.0
2023-02-17 11:00:00+08:00,13.649999618530273,13.649999618530273,13.600000381469727,13.600000381469727,14000,0.0,0.0
2023-02-17 12:00:00+08:00,13.649999618530273,13.649999618530273,13.600000381469727,13.600000381469727,7000,0.0,0.0
2023-02-17 13:00:00+08:00,13.600000381469727,13.600000381469727,13.5,13.5,14000,0.0,0.0
2023-02-20 09:00:00+08:00,13.550000190734863,13.550000190734863,13.5,13.550000190734863,0,0.0,0.0
2023-02-20 10:00:00+08:00,13.649999618530273,13.649999618530273,13.550000190734863,13.550000190734863,5000,0.0,0.0
2023-02-20 11:00:00+08:00,13.550000190734863,13.550000190734863,13.550000190734863,13.550000190734863,4000,0.0,0.0
2023-02-20 12:00:00+08:00,13.550000190734863,13.600000381469727,13.5,13.600000381469727,32000,0.0,0.0
2023-02-20 13:00:00+08:00,13.600000381469727,13.649999618530273,13.600000381469727,13.600000381469727,10000,0.0,0.0
2023-02-21 09:00:00+08:00,13.550000190734863,13.649999618530273,13.550000190734863,13.600000381469727,0,0.0,0.0
2023-02-21 10:00:00+08:00,13.600000381469727,13.600000381469727,13.600000381469727,13.600000381469727,4000,0.0,0.0
2023-02-21 11:00:00+08:00,13.600000381469727,13.600000381469727,13.600000381469727,13.600000381469727,2000,0.0,0.0
2023-02-21 12:00:00+08:00,13.649999618530273,13.649999618530273,13.649999618530273,13.649999618530273,2000,0.0,0.0
2023-02-21 13:00:00+08:00,13.600000381469727,13.649999618530273,13.550000190734863,13.649999618530273,27000,0.0,0.0
2023-02-22 09:00:00+08:00,13.550000190734863,13.550000190734863,13.550000190734863,13.550000190734863,0,0.0,0.0
2023-02-22 10:00:00+08:00,13.550000190734863,13.550000190734863,13.550000190734863,13.550000190734863,2000,0.0,0.0
2023-02-22 11:00:00+08:00,13.5,13.699999809265137,13.5,13.649999618530273,8000,0.0,0.0
2023-02-22 12:00:00+08:00,13.600000381469727,13.600000381469727,13.600000381469727,13.600000381469727,3200,0.0,0.0
2023-02-22 13:00:00+08:00,13.600000381469727,13.699999809265137,13.600000381469727,13.699999809265137,3000,0.0,0.0
2023-02-23 09:00:00+08:00,13.75,13.850000381469727,13.699999809265137,13.850000381469727,42500,0.0,0.0
2023-02-23 10:00:00+08:00,13.899999618530273,14.050000190734863,13.800000190734863,13.800000190734863,147000,0.0,0.0
2023-02-23 11:00:00+08:00,13.850000381469727,13.850000381469727,13.75,13.800000190734863,43000,0.0,0.0
2023-02-23 12:00:00+08:00,13.800000190734863,13.800000190734863,13.75,13.800000190734863,11000,0.0,0.0
2023-02-23 13:00:00+08:00,13.800000190734863,13.899999618530273,13.75,13.899999618530273,20000,0.0,0.0
2023-02-24 09:00:00+08:00,13.949999809265137,14.0,13.800000190734863,13.850000381469727,0,0.0,0.0
2023-02-24 10:00:00+08:00,13.899999618530273,13.899999618530273,13.800000190734863,13.800000190734863,4000,0.0,0.0
2023-02-24 12:00:00+08:00,13.800000190734863,13.850000381469727,13.800000190734863,13.850000381469727,28000,0.0,0.0
2023-02-24 13:00:00+08:00,13.899999618530273,13.899999618530273,13.850000381469727,13.899999618530273,19000,0.0,0.0
2023-03-01 09:00:00+08:00,14.0,14.0,13.800000190734863,13.800000190734863,0,0.0,0.0
2023-03-01 10:00:00+08:00,13.800000190734863,13.850000381469727,13.800000190734863,13.850000381469727,7000,0.0,0.0
2023-03-01 11:00:00+08:00,13.800000190734863,13.800000190734863,13.800000190734863,13.800000190734863,1000,0.0,0.0
2023-03-01 12:00:00+08:00,13.75,13.800000190734863,13.75,13.800000190734863,5000,0.0,0.0
2023-03-01 13:00:00+08:00,13.75,13.75,13.75,13.75,4000,0.0,0.0
2023-03-02 09:00:00+08:00,13.850000381469727,13.850000381469727,13.850000381469727,13.850000381469727,0,0.0,0.0
2023-03-02 10:00:00+08:00,13.850000381469727,13.899999618530273,13.850000381469727,13.899999618530273,8000,0.0,0.0
2023-03-02 11:00:00+08:00,13.800000190734863,13.800000190734863,13.75,13.75,7000,0.0,0.0
2023-03-02 12:00:00+08:00,13.75,13.800000190734863,13.75,13.75,24300,0.0,0.0
2023-03-02 13:00:00+08:00,13.850000381469727,13.850000381469727,13.75,13.850000381469727,9000,0.0,0.0
2023-03-03 09:00:00+08:00,13.899999618530273,13.899999618530273,13.850000381469727,13.850000381469727,0,0.0,0.0
2023-03-03 10:00:00+08:00,13.75,13.800000190734863,13.75,13.75,10000,0.0,0.0
2023-03-03 11:00:00+08:00,13.75,13.800000190734863,13.75,13.800000190734863,6000,0.0,0.0
2023-03-03 12:00:00+08:00,13.75,13.800000190734863,13.75,13.800000190734863,8000,0.0,0.0
2023-03-03 13:00:00+08:00,13.75,13.800000190734863,13.75,13.800000190734863,7000,0.0,0.0
2023-03-06 09:00:00+08:00,13.899999618530273,13.899999618530273,13.800000190734863,13.899999618530273,22000,0.0,0.0
2023-03-06 10:00:00+08:00,13.899999618530273,13.899999618530273,13.899999618530273,13.899999618530273,27000,0.0,0.0
2023-03-06 11:00:00+08:00,13.899999618530273,13.899999618530273,13.899999618530273,13.899999618530273,21000,0.0,0.0
2023-03-06 12:00:00+08:00,13.850000381469727,13.899999618530273,13.850000381469727,13.850000381469727,21000,0.0,0.0
2023-03-06 13:00:00+08:00,13.899999618530273,13.899999618530273,13.899999618530273,13.899999618530273,3000,0.0,0.0
2023-03-07 09:00:00+08:00,13.899999618530273,13.899999618530273,13.800000190734863,13.850000381469727,0,0.0,0.0
2023-03-07 10:00:00+08:00,13.850000381469727,14.0,13.850000381469727,14.0,24000,0.0,0.0
2023-03-07 11:00:00+08:00,13.949999809265137,13.949999809265137,13.949999809265137,13.949999809265137,1000,0.0,0.0
2023-03-07 12:00:00+08:00,13.949999809265137,13.949999809265137,13.949999809265137,13.949999809265137,5212,0.0,0.0
2023-03-07 13:00:00+08:00,13.949999809265137,13.949999809265137,13.949999809265137,13.949999809265137,1000,0.0,0.0
2023-03-08 09:00:00+08:00,13.949999809265137,13.949999809265137,13.800000190734863,13.850000381469727,0,0.0,0.0
2023-03-08 10:00:00+08:00,13.899999618530273,13.899999618530273,13.899999618530273,13.899999618530273,13000,0.0,0.0
2023-03-08 11:00:00+08:00,13.850000381469727,13.899999618530273,13.850000381469727,13.899999618530273,29000,0.0,0.0
2023-03-08 12:00:00+08:00,13.850000381469727,13.899999618530273,13.850000381469727,13.899999618530273,12000,0.0,0.0
2023-03-08 13:00:00+08:00,13.899999618530273,13.899999618530273,13.800000190734863,13.850000381469727,32000,0.0,0.0
2023-03-09 09:00:00+08:00,13.850000381469727,13.850000381469727,13.800000190734863,13.850000381469727,0,0.0,0.0
2023-03-09 10:00:00+08:00,13.850000381469727,13.850000381469727,13.75,13.800000190734863,11018,0.0,0.0
2023-03-09 11:00:00+08:00,13.75,13.75,13.600000381469727,13.699999809265137,50089,0.0,0.0
2023-03-09 12:00:00+08:00,13.649999618530273,13.649999618530273,13.649999618530273,13.649999618530273,9000,0.0,0.0
2023-03-09 13:00:00+08:00,13.649999618530273,13.649999618530273,13.600000381469727,13.600000381469727,7000,0.0,0.0
2023-03-10 09:00:00+08:00,13.600000381469727,13.600000381469727,13.550000190734863,13.550000190734863,0,0.0,0.0
2023-03-10 10:00:00+08:00,13.550000190734863,13.550000190734863,13.5,13.5,9000,0.0,0.0
2023-03-10 11:00:00+08:00,13.5,13.5,13.449999809265137,13.449999809265137,9000,0.0,0.0
2023-03-10 12:00:00+08:00,13.449999809265137,13.449999809265137,13.350000381469727,13.399999618530273,20000,0.0,0.0
2023-03-10 13:00:00+08:00,13.350000381469727,13.350000381469727,13.350000381469727,13.350000381469727,5000,0.0,0.0
2023-03-13 09:00:00+08:00,13.350000381469727,13.449999809265137,13.25,13.25,0,0.0,0.0
2023-03-13 10:00:00+08:00,13.199999809265137,13.300000190734863,13.199999809265137,13.300000190734863,5000,0.0,0.0
2023-03-13 12:00:00+08:00,13.300000190734863,13.300000190734863,13.25,13.25,29000,0.0,0.0
2023-03-13 13:00:00+08:00,13.25,13.25,13.25,13.25,1000,0.0,0.0
2023-03-14 09:00:00+08:00,13.399999618530273,13.399999618530273,13.399999618530273,13.399999618530273,0,0.0,0.0
2023-03-14 10:00:00+08:00,13.399999618530273,13.399999618530273,13.25,13.25,11000,0.0,0.0
2023-03-14 12:00:00+08:00,13.399999618530273,13.399999618530273,13.399999618530273,13.399999618530273,1000,0.0,0.0
2023-03-15 09:00:00+08:00,13.300000190734863,13.399999618530273,13.300000190734863,13.350000381469727,0,0.0,0.0
2023-03-15 10:00:00+08:00,13.399999618530273,13.399999618530273,13.300000190734863,13.300000190734863,13000,0.0,0.0
2023-03-15 11:00:00+08:00,13.350000381469727,13.449999809265137,13.300000190734863,13.449999809265137,16000,0.0,0.0
2023-03-15 12:00:00+08:00,13.350000381469727,13.350000381469727,13.300000190734863,13.300000190734863,16092,0.0,0.0
2023-03-15 13:00:00+08:00,13.350000381469727,13.350000381469727,13.350000381469727,13.350000381469727,8000,0.0,0.0
2023-03-16 09:00:00+08:00,13.300000190734863,13.300000190734863,12.949999809265137,13.25,0,0.0,0.0
2023-03-16 10:00:00+08:00,13.25,13.25,13.25,13.25,2000,0.0,0.0
2023-03-16 11:00:00+08:00,13.199999809265137,13.199999809265137,13.100000381469727,13.100000381469727,2125,0.0,0.0
2023-03-16 12:00:00+08:00,13.199999809265137,13.25,13.199999809265137,13.25,3000,0.0,0.0
2023-03-16 13:00:00+08:00,13.100000381469727,13.100000381469727,13.100000381469727,13.100000381469727,6000,0.0,0.0
2023-03-17 10:00:00+08:00,13.25,13.25,13.199999809265137,13.199999809265137,2000,0.0,0.0
2023-03-17 12:00:00+08:00,13.199999809265137,13.350000381469727,13.199999809265137,13.350000381469727,21000,0.0,0.0
2023-03-17 13:00:00+08:00,13.350000381469727,13.449999809265137,13.350000381469727,13.449999809265137,3000,0.0,0.0
2023-03-20 09:00:00+08:00,13.5,13.5,13.5,13.5,0,0.0,0.0
2023-03-20 10:00:00+08:00,13.5,13.5,13.449999809265137,13.449999809265137,3000,0.0,0.0
2023-03-20 11:00:00+08:00,13.449999809265137,13.449999809265137,13.399999618530273,13.399999618530273,5000,0.0,0.0
2023-03-20 12:00:00+08:00,13.399999618530273,13.399999618530273,13.399999618530273,13.399999618530273,3000,0.0,0.0
2023-03-20 13:00:00+08:00,13.399999618530273,13.399999618530273,13.399999618530273,13.399999618530273,9000,0.0,0.0
2023-03-21 09:00:00+08:00,13.600000381469727,13.600000381469727,13.449999809265137,13.449999809265137,0,0.0,0.0
2023-03-21 10:00:00+08:00,13.5,13.5,13.449999809265137,13.5,15000,0.0,0.0
2023-03-21 11:00:00+08:00,13.550000190734863,13.550000190734863,13.5,13.5,2000,0.0,0.0
2023-03-21 12:00:00+08:00,13.449999809265137,13.5,13.449999809265137,13.5,5000,0.0,0.0
2023-03-21 13:00:00+08:00,13.600000381469727,13.600000381469727,13.600000381469727,13.600000381469727,3000,0.0,0.0
2023-03-22 09:00:00+08:00,13.600000381469727,13.699999809265137,13.600000381469727,13.699999809265137,0,0.0,0.0
2023-03-22 10:00:00+08:00,13.699999809265137,13.800000190734863,13.699999809265137,13.800000190734863,5000,0.0,0.0
2023-03-22 12:00:00+08:00,13.699999809265137,13.699999809265137,13.699999809265137,13.699999809265137,6000,0.0,0.0
2023-03-23 09:00:00+08:00,13.550000190734863,13.600000381469727,13.550000190734863,13.600000381469727,0,0.0,0.0
2023-03-23 10:00:00+08:00,13.600000381469727,13.699999809265137,13.600000381469727,13.699999809265137,20000,0.0,0.0
2023-03-23 11:00:00+08:00,13.699999809265137,13.699999809265137,13.699999809265137,13.699999809265137,8017,0.0,0.0
2023-03-23 12:00:00+08:00,13.699999809265137,13.699999809265137,13.699999809265137,13.699999809265137,0,0.0,0.0
2023-03-23 13:00:00+08:00,13.649999618530273,13.649999618530273,13.600000381469727,13.600000381469727,54017,0.0,0.0
2023-03-24 09:00:00+08:00,13.800000190734863,13.850000381469727,13.75,13.75,0,0.0,0.0
2023-03-24 10:00:00+08:00,13.75,13.75,13.699999809265137,13.699999809265137,17000,0.0,0.0
2023-03-24 11:00:00+08:00,13.800000190734863,13.800000190734863,13.800000190734863,13.800000190734863,21000,0.0,0.0
2023-03-24 12:00:00+08:00,13.800000190734863,13.850000381469727,13.800000190734863,13.850000381469727,37000,0.0,0.0
2023-03-24 13:00:00+08:00,13.899999618530273,13.949999809265137,13.899999618530273,13.949999809265137,23000,0.0,0.0
2023-03-27 09:00:00+08:00,13.949999809265137,14.100000381469727,13.949999809265137,14.050000190734863,0,0.0,0.0
2023-03-27 10:00:00+08:00,14.050000190734863,14.050000190734863,14.0,14.050000190734863,23000,0.0,0.0
2023-03-27 11:00:00+08:00,14.050000190734863,14.050000190734863,13.800000190734863,13.800000190734863,87000,0.0,0.0
2023-03-27 12:00:00+08:00,13.850000381469727,13.899999618530273,13.850000381469727,13.899999618530273,7001,0.0,0.0
2023-03-27 13:00:00+08:00,13.899999618530273,13.899999618530273,13.800000190734863,13.800000190734863,8000,0.0,0.0
2023-03-28 09:00:00+08:00,13.850000381469727,13.850000381469727,13.699999809265137,13.800000190734863,0,0.0,0.0
2023-03-28 10:00:00+08:00,13.800000190734863,13.800000190734863,13.800000190734863,13.800000190734863,9000,0.0,0.0
2023-03-28 11:00:00+08:00,13.800000190734863,13.800000190734863,13.800000190734863,13.800000190734863,1000,0.0,0.0
2023-03-28 12:00:00+08:00,13.649999618530273,13.649999618530273,13.649999618530273,13.649999618530273,8000,0.0,0.0
2023-03-28 13:00:00+08:00,13.649999618530273,13.649999618530273,13.649999618530273,13.649999618530273,10000,0.0,0.0
2023-03-29 09:00:00+08:00,13.850000381469727,13.850000381469727,13.850000381469727,13.850000381469727,0,0.0,0.0
2023-03-29 10:00:00+08:00,13.699999809265137,13.699999809265137,13.649999618530273,13.649999618530273,6000,0.0,0.0
2023-03-29 11:00:00+08:00,13.600000381469727,13.649999618530273,13.600000381469727,13.649999618530273,21000,0.0,0.0
2023-03-29 12:00:00+08:00,13.649999618530273,13.649999618530273,13.600000381469727,13.600000381469727,4000,0.0,0.0
2023-03-29 13:00:00+08:00,13.600000381469727,13.649999618530273,13.600000381469727,13.649999618530273,3000,0.0,0.0
2023-03-30 09:00:00+08:00,13.75,13.800000190734863,13.699999809265137,13.75,0,0.0,0.0
2023-03-30 10:00:00+08:00,13.800000190734863,13.800000190734863,13.800000190734863,13.800000190734863,10000,0.0,0.0
2023-03-30 11:00:00+08:00,13.699999809265137,13.699999809265137,13.699999809265137,13.699999809265137,7000,0.0,0.0
2023-03-30 12:00:00+08:00,13.800000190734863,13.800000190734863,13.699999809265137,13.699999809265137,13005,0.0,0.0
2023-03-30 13:00:00+08:00,13.649999618530273,13.649999618530273,13.649999618530273,13.649999618530273,2000,0.0,0.0
2023-03-31 10:00:00+08:00,13.699999809265137,13.699999809265137,13.699999809265137,13.699999809265137,2000,0.0,0.0
2023-03-31 11:00:00+08:00,13.75,13.800000190734863,13.75,13.800000190734863,11000,0.0,0.0
2023-03-31 12:00:00+08:00,13.699999809265137,13.699999809265137,13.600000381469727,13.649999618530273,10000,0.0,0.0
2023-03-31 13:00:00+08:00,13.600000381469727,13.600000381469727,13.600000381469727,13.600000381469727,2000,0.0,0.0
2023-04-06 09:00:00+08:00,13.800000190734863,13.800000190734863,13.75,13.75,0,0.0,0.0
2023-04-06 10:00:00+08:00,13.75,13.75,13.75,13.75,1000,0.0,0.0
2023-04-06 12:00:00+08:00,13.75,13.75,13.75,13.75,2000,0.0,0.0
2023-04-06 13:00:00+08:00,13.75,13.75,13.699999809265137,13.75,13000,0.0,0.0
2023-04-07 09:00:00+08:00,13.800000190734863,14.949999809265137,13.800000190734863,14.25,829300,0.0,0.0
2023-04-07 10:00:00+08:00,14.25,14.300000190734863,14.25,14.300000190734863,73001,0.0,0.0
2023-04-07 11:00:00+08:00,14.300000190734863,14.300000190734863,14.25,14.25,44000,0.0,0.0
2023-04-07 12:00:00+08:00,14.25,14.300000190734863,14.100000381469727,14.100000381469727,119000,0.0,0.0
2023-04-07 13:00:00+08:00,14.100000381469727,14.199999809265137,14.0,14.050000190734863,85332,0.0,0.0
2023-04-10 09:00:00+08:00,14.100000381469727,14.199999809265137,14.050000190734863,14.050000190734863,0,0.0,0.0
2023-04-10 10:00:00+08:00,14.050000190734863,14.100000381469727,14.0,14.0,35004,0.0,0.0
2023-04-10 11:00:00+08:00,14.0,14.0,13.899999618530273,13.899999618530273,61000,0.0,0.0
2023-04-10 12:00:00+08:00,13.899999618530273,14.0,13.899999618530273,13.949999809265137,51000,0.0,0.0
2023-04-10 13:00:00+08:00,13.949999809265137,13.949999809265137,13.899999618530273,13.899999618530273,22015,0.0,0.0
2023-04-11 09:00:00+08:00,14.149999618530273,14.449999809265137,14.100000381469727,14.300000190734863,251329,0.0,0.0
2023-04-11 10:00:00+08:00,14.300000190734863,14.300000190734863,14.199999809265137,14.25,42078,0.0,0.0
2023-04-11 11:00:00+08:00,14.25,14.350000381469727,14.199999809265137,14.25,52000,0.0,0.0
2023-04-11 12:00:00+08:00,14.199999809265137,14.75,14.199999809265137,14.550000190734863,384246,0.0,0.0
2023-04-11 13:00:00+08:00,14.550000190734863,14.550000190734863,14.300000190734863,14.399999618530273,77501,0.0,0.0
2023-04-12 09:00:00+08:00,14.550000190734863,14.550000190734863,14.25,14.25,0,0.0,0.0
2023-04-12 10:00:00+08:00,14.25,14.449999809265137,14.25,14.449999809265137,34035,0.0,0.0
2023-04-12 11:00:00+08:00,14.449999809265137,14.5,14.399999618530273,14.399999618530273,20070,0.0,0.0
2023-04-12 12:00:00+08:00,14.449999809265137,14.449999809265137,14.399999618530273,14.449999809265137,0,0.0,0.0
2023-04-12 13:00:00+08:00,14.399999618530273,14.399999618530273,14.399999618530273,14.399999618530273,140520,0.0,0.0
2023-04-13 09:00:00+08:00,14.5,14.5,14.300000190734863,14.399999618530273,0,0.0,0.0
2023-04-13 10:00:00+08:00,14.399999618530273,14.399999618530273,14.350000381469727,14.350000381469727,6398,0.0,0.0
2023-04-13 11:00:00+08:00,14.350000381469727,14.399999618530273,14.350000381469727,14.399999618530273,14000,0.0,0.0
2023-04-13 12:00:00+08:00,14.399999618530273,14.399999618530273,14.399999618530273,14.399999618530273,1286,0.0,0.0
2023-04-13 13:00:00+08:00,14.350000381469727,14.399999618530273,14.300000190734863,14.300000190734863,13000,0.0,0.0
2023-04-14 09:00:00+08:00,14.5,14.5,14.350000381469727,14.449999809265137,0,0.0,0.0
2023-04-14 10:00:00+08:00,14.399999618530273,14.399999618530273,14.350000381469727,14.350000381469727,5000,0.0,0.0
2023-04-14 11:00:00+08:00,14.350000381469727,14.350000381469727,14.300000190734863,14.300000190734863,13000,0.0,0.0
2023-04-14 12:00:00+08:00,14.300000190734863,14.300000190734863,14.300000190734863,14.300000190734863,20000,0.0,0.0
2023-04-14 13:00:00+08:00,14.25,14.300000190734863,14.25,14.300000190734863,16000,0.0,0.0
2023-04-17 09:00:00+08:00,14.25,14.25,14.199999809265137,14.199999809265137,0,0.0,0.0
2023-04-17 10:00:00+08:00,14.300000190734863,14.399999618530273,14.100000381469727,14.149999618530273,21000,0.0,0.0
2023-04-17 11:00:00+08:00,14.149999618530273,14.25,14.149999618530273,14.25,61200,0.0,0.0
2023-04-17 12:00:00+08:00,14.25,14.25,14.199999809265137,14.25,22020,0.0,0.0
2023-04-17 13:00:00+08:00,14.199999809265137,14.300000190734863,14.199999809265137,14.25,15485,0.0,0.0
2023-04-18 09:00:00+08:00,14.350000381469727,14.350000381469727,14.25,14.25,0,0.0,0.0
2023-04-18 10:00:00+08:00,14.199999809265137,14.300000190734863,14.199999809265137,14.300000190734863,0,0.0,0.0
2023-04-18 11:00:00+08:00,14.300000190734863,14.399999618530273,14.300000190734863,14.300000190734863,131223,0.0,0.0
2023-04-18 12:00:00+08:00,14.300000190734863,14.300000190734863,14.199999809265137,14.199999809265137,17000,0.0,0.0
2023-04-18 13:00:00+08:00,14.199999809265137,14.5,14.199999809265137,14.449999809265137,53000,0.0,0.0
2023-04-19 09:00:00+08:00,14.5,15.0,14.449999809265137,14.899999618530273,280277,0.0,0.0
2023-04-19 10:00:00+08:00,14.899999618530273,15.850000381469727,14.899999618530273,15.25,1155851,0.0,0.0
2023-04-19 11:00:00+08:00,15.25,15.399999618530273,15.199999809265137,15.350000381469727,92000,0.0,0.0
2023-04-19 12:00:00+08:00,15.350000381469727,15.399999618530273,14.899999618530273,14.949999809265137,229402,0.0,0.0
2023-04-19 13:00:00+08:00,14.949999809265137,14.949999809265137,14.800000190734863,14.850000381469727,56108,0.0,0.0
2023-04-20 09:00:00+08:00,14.649999618530273,14.699999809265137,14.550000190734863,14.600000381469727,0,0.0,0.0
2023-04-20 10:00:00+08:00,14.649999618530273,14.699999809265137,14.5,14.5,66000,0.0,0.0
2023-04-20 11:00:00+08:00,14.5,14.600000381469727,14.5,14.600000381469727,22000,0.0,0.0
2023-04-20 12:00:00+08:00,14.649999618530273,14.649999618530273,14.5,14.550000190734863,14000,0.0,0.0
2023-04-20 13:00:00+08:00,14.5,14.5,14.5,14.5,4000,0.0,0.0
2023-04-21 09:00:00+08:00,14.649999618530273,14.699999809265137,14.5,14.649999618530273,0,0.0,0.0
2023-04-21 10:00:00+08:00,14.550000190734863,14.550000190734863,14.100000381469727,14.25,41180,0.0,0.0
2023-04-21 11:00:00+08:00,14.25,14.300000190734863,14.100000381469727,14.25,43000,0.0,0.0
2023-04-21 12:00:00+08:00,14.300000190734863,14.350000381469727,14.300000190734863,14.350000381469727,4000,0.0,0.0
2023-04-21 13:00:00+08:00,14.350000381469727,14.350000381469727,14.25,14.25,3000,0.0,0.0
2023-04-24 09:00:00+08:00,14.199999809265137,14.199999809265137,13.949999809265137,14.199999809265137,0,0.0,0.0
2023-04-24 10:00:00+08:00,14.199999809265137,14.199999809265137,14.050000190734863,14.100000381469727,9000,0.0,0.0
2023-04-24 11:00:00+08:00,14.300000190734863,14.300000190734863,14.25,14.25,2000,0.0,0.0
2023-04-24 12:00:00+08:00,14.25,14.25,14.0,14.0,20200,0.0,0.0
2023-04-24 13:00:00+08:00,14.199999809265137,14.199999809265137,14.100000381469727,14.100000381469727,8000,0.0,0.0
2023-04-25 09:00:00+08:00,14.25,14.25,14.100000381469727,14.100000381469727,0,0.0,0.0
2023-04-25 10:00:00+08:00,14.100000381469727,14.100000381469727,13.800000190734863,13.800000190734863,45000,0.0,0.0
2023-04-25 11:00:00+08:00,13.850000381469727,13.949999809265137,13.850000381469727,13.899999618530273,7000,0.0,0.0
2023-04-25 12:00:00+08:00,13.949999809265137,13.949999809265137,13.949999809265137,13.949999809265137,3000,0.0,0.0
2023-04-25 13:00:00+08:00,13.899999618530273,13.899999618530273,13.899999618530273,13.899999618530273,1000,0.0,0.0
2023-04-26 09:00:00+08:00,13.699999809265137,13.75,13.699999809265137,13.699999809265137,0,0.0,0.0
2023-04-26 10:00:00+08:00,13.699999809265137,13.899999618530273,13.699999809265137,13.800000190734863,23000,0.0,0.0
2023-04-26 12:00:00+08:00,13.75,13.850000381469727,13.649999618530273,13.850000381469727,27000,0.0,0.0
2023-04-26 13:00:00+08:00,13.850000381469727,14.100000381469727,13.850000381469727,14.100000381469727,36001,0.0,0.0
2023-04-27 09:00:00+08:00,13.899999618530273,13.899999618530273,13.899999618530273,13.899999618530273,0,0.0,0.0
2023-04-27 10:00:00+08:00,13.899999618530273,14.0,13.899999618530273,14.0,19000,0.0,0.0
2023-04-27 11:00:00+08:00,13.850000381469727,13.850000381469727,13.800000190734863,13.850000381469727,19001,0.0,0.0
2023-04-27 12:00:00+08:00,13.850000381469727,14.0,13.850000381469727,13.949999809265137,10000,0.0,0.0
2023-04-27 13:00:00+08:00,13.949999809265137,13.949999809265137,13.949999809265137,13.949999809265137,2000,0.0,0.0
2023-04-28 09:00:00+08:00,13.949999809265137,14.149999618530273,13.899999618530273,14.0,0,0.0,0.0
2023-04-28 10:00:00+08:00,14.0,14.0,13.899999618530273,13.949999809265137,19000,0.0,0.0
2023-04-28 11:00:00+08:00,13.949999809265137,13.949999809265137,13.949999809265137,13.949999809265137,1000,0.0,0.0
2023-04-28 12:00:00+08:00,14.100000381469727,14.149999618530273,14.050000190734863,14.050000190734863,12127,0.0,0.0
2023-04-28 13:00:00+08:00,14.050000190734863,14.050000190734863,13.899999618530273,13.899999618530273,28000,0.0,0.0
2023-05-02 09:00:00+08:00,14.25,14.25,14.149999618530273,14.149999618530273,0,0.0,0.0
2023-05-02 10:00:00+08:00,14.100000381469727,14.149999618530273,14.050000190734863,14.050000190734863,10000,0.0,0.0
2023-05-02 11:00:00+08:00,14.149999618530273,14.149999618530273,14.149999618530273,14.149999618530273,1000,0.0,0.0
2023-05-02 12:00:00+08:00,14.050000190734863,14.100000381469727,14.050000190734863,14.050000190734863,8000,0.0,0.0
2023-05-02 13:00:00+08:00,14.100000381469727,14.100000381469727,14.0,14.050000190734863,9000,0.0,0.0
2023-05-03 09:00:00+08:00,14.050000190734863,14.050000190734863,14.050000190734863,14.050000190734863,0,0.0,0.0
2023-05-03 10:00:00+08:00,14.050000190734863,14.100000381469727,14.050000190734863,14.100000381469727,9000,0.0,0.0
2023-05-03 12:00:00+08:00,14.050000190734863,14.100000381469727,14.050000190734863,14.100000381469727,15000,0.0,0.0
2023-05-03 13:00:00+08:00,14.100000381469727,14.100000381469727,14.100000381469727,14.100000381469727,5000,0.0,0.0
2023-05-04 09:00:00+08:00,14.0,14.050000190734863,14.0,14.050000190734863,0,0.0,0.0
2023-05-04 10:00:00+08:00,14.050000190734863,14.199999809265137,14.050000190734863,14.199999809265137,5000,0.0,0.0
2023-05-04 11:00:00+08:00,14.199999809265137,14.199999809265137,14.149999618530273,14.149999618530273,7019,0.0,0.0
2023-05-04 13:00:00+08:00,14.100000381469727,14.100000381469727,14.100000381469727,14.100000381469727,3000,0.0,0.0
2023-05-05 09:00:00+08:00,14.300000190734863,14.300000190734863,14.149999618530273,14.149999618530273,0,0.0,0.0
2023-05-05 10:00:00+08:00,14.100000381469727,15.100000381469727,14.100000381469727,14.899999618530273,257000,0.0,0.0
2023-05-05 11:00:00+08:00,14.850000381469727,14.850000381469727,14.600000381469727,14.649999618530273,33000,0.0,0.0
2023-05-05 12:00:00+08:00,14.649999618530273,14.800000190734863,14.649999618530273,14.800000190734863,49001,0.0,0.0
2023-05-05 13:00:00+08:00,14.800000190734863,15.0,14.649999618530273,14.649999618530273,144018,0.0,0.0
2023-05-08 09:00:00+08:00,14.75,14.850000381469727,14.550000190734863,14.75,0,0.0,0.0
2023-05-08 10:00:00+08:00,14.699999809265137,14.75,14.699999809265137,14.75,0,0.0,0.0
2023-05-08 11:00:00+08:00,14.699999809265137,14.699999809265137,14.600000381469727,14.699999809265137,69000,0.0,0.0
2023-05-08 12:00:00+08:00,14.699999809265137,14.699999809265137,14.649999618530273,14.649999618530273,14000,0.0,0.0
2023-05-08 13:00:00+08:00,14.600000381469727,14.600000381469727,14.5,14.5,17000,0.0,0.0
2023-05-09 09:00:00+08:00,14.699999809265137,14.699999809265137,14.350000381469727,14.350000381469727,0,0.0,0.0
2023-05-09 10:00:00+08:00,14.350000381469727,14.449999809265137,14.350000381469727,14.449999809265137,0,0.0,0.0
2023-05-09 11:00:00+08:00,14.399999618530273,14.399999618530273,14.399999618530273,14.399999618530273,25000,0.0,0.0
2023-05-09 12:00:00+08:00,14.350000381469727,14.350000381469727,14.300000190734863,14.300000190734863,17000,0.0,0.0
2023-05-09 13:00:00+08:00,14.300000190734863,14.399999618530273,14.300000190734863,14.399999618530273,6000,0.0,0.0
2023-05-10 09:00:00+08:00,14.800000190734863,14.800000190734863,14.600000381469727,14.600000381469727,0,0.0,0.0
2023-05-10 10:00:00+08:00,14.600000381469727,14.699999809265137,14.600000381469727,14.699999809265137,10000,0.0,0.0
2023-05-10 11:00:00+08:00,14.699999809265137,14.850000381469727,14.699999809265137,14.850000381469727,25000,0.0,0.0
2023-05-10 12:00:00+08:00,14.800000190734863,14.800000190734863,14.699999809265137,14.699999809265137,13000,0.0,0.0
2023-05-10 13:00:00+08:00,14.75,14.75,14.75,14.75,3000,0.0,0.0
2023-05-11 09:00:00+08:00,15.300000190734863,15.75,15.100000381469727,15.149999618530273,315134,0.0,0.0
2023-05-11 10:00:00+08:00,15.100000381469727,15.350000381469727,15.050000190734863,15.300000190734863,105000,0.0,0.0
2023-05-11 11:00:00+08:00,15.25,15.399999618530273,15.199999809265137,15.300000190734863,40391,0.0,0.0
2023-05-11 12:00:00+08:00,15.199999809265137,15.199999809265137,14.600000381469727,14.800000190734863,81066,0.0,0.0
2023-05-11 13:00:00+08:00,14.800000190734863,14.850000381469727,14.649999618530273,14.800000190734863,19000,0.0,0.0
2023-05-12 09:00:00+08:00,14.949999809265137,15.050000190734863,14.699999809265137,14.800000190734863,0,0.0,0.0
2023-05-12 10:00:00+08:00,14.899999618530273,14.949999809265137,14.800000190734863,14.800000190734863,18000,0.0,0.0
2023-05-12 11:00:00+08:00,14.899999618530273,14.899999618530273,14.800000190734863,14.800000190734863,16000,0.0,0.0
2023-05-12 12:00:00+08:00,14.949999809265137,15.199999809265137,14.949999809265137,15.149999618530273,91000,0.0,0.0
2023-05-12 13:00:00+08:00,15.199999809265137,15.350000381469727,15.100000381469727,15.25,100000,0.0,0.0
2023-05-15 09:00:00+08:00,15.5,16.200000762939453,15.399999618530273,15.850000381469727,219000,0.0,0.0
2023-05-15 10:00:00+08:00,15.850000381469727,16.5,15.850000381469727,16.450000762939453,450298,0.0,0.0
2023-05-15 11:00:00+08:00,16.450000762939453,16.700000762939453,16.149999618530273,16.350000381469727,469187,0.0,0.0
2023-05-15 12:00:00+08:00,16.350000381469727,16.549999237060547,16.200000762939453,16.299999237060547,174200,0.0,0.0
2023-05-15 13:00:00+08:00,16.299999237060547,16.350000381469727,16.25,16.350000381469727,57000,0.0,0.0
2023-05-16 09:00:00+08:00,16.350000381469727,16.649999618530273,16.049999237060547,16.100000381469727,0,0.0,0.0
2023-05-16 10:00:00+08:00,16.100000381469727,16.25,15.949999809265137,15.949999809265137,133009,0.0,0.0
2023-05-16 11:00:00+08:00,15.949999809265137,16.149999618530273,15.949999809265137,16.149999618530273,51100,0.0,0.0
2023-05-16 12:00:00+08:00,16.149999618530273,16.450000762939453,16.100000381469727,16.350000381469727,119010,0.0,0.0
2023-05-16 13:00:00+08:00,16.299999237060547,16.399999618530273,16.200000762939453,16.299999237060547,72000,0.0,0.0
2023-05-17 09:00:00+08:00,16.100000381469727,16.399999618530273,16.100000381469727,16.200000762939453,0,0.0,0.0
2023-05-17 10:00:00+08:00,16.200000762939453,16.649999618530273,16.200000762939453,16.600000381469727,132058,0.0,0.0
2023-05-17 11:00:00+08:00,16.549999237060547,16.600000381469727,16.5,16.5,82190,0.0,0.0
2023-05-17 12:00:00+08:00,16.5,16.5,16.149999618530273,16.299999237060547,245124,0.0,0.0
2023-05-17 13:00:00+08:00,16.299999237060547,16.299999237060547,16.25,16.25,26000,0.0,0.0
2023-05-18 09:00:00+08:00,16.399999618530273,16.399999618530273,15.850000381469727,15.949999809265137,174078,0.0,0.0
2023-05-18 10:00:00+08:00,16.049999237060547,16.100000381469727,15.899999618530273,15.899999618530273,46000,0.0,0.0
2023-05-18 11:00:00+08:00,15.899999618530273,16.100000381469727,15.899999618530273,16.100000381469727,41000,0.0,0.0
2023-05-18 12:00:00+08:00,16.100000381469727,16.100000381469727,15.949999809265137,16.100000381469727,54065,0.0,0.0
2023-05-18 13:00:00+08:00,16.100000381469727,16.299999237060547,16.049999237060547,16.200000762939453,80000,0.0,0.0
2023-05-19 09:00:00+08:00,16.350000381469727,16.350000381469727,15.949999809265137,15.949999809265137,0,0.0,0.0
2023-05-19 10:00:00+08:00,15.899999618530273,15.899999618530273,15.600000381469727,15.75,144094,0.0,0.0
2023-05-19 11:00:00+08:00,15.75,15.800000190734863,15.699999809265137,15.75,33000,0.0,0.0
2023-05-19 12:00:00+08:00,15.75,15.75,15.550000190734863,15.550000190734863,68073,0.0,0.0
2023-05-19 13:00:00+08:00,15.550000190734863,15.550000190734863,15.5,15.5,37233,0.0,0.0
2023-05-22 09:00:00+08:00,15.449999809265137,15.449999809265137,15.25,15.449999809265137,0,0.0,0.0
2023-05-22 10:00:00+08:00,15.5,15.75,15.5,15.550000190734863,45000,0.0,0.0
2023-05-22 11:00:00+08:00,15.600000381469727,15.899999618530273,15.600000381469727,15.850000381469727,42000,0.0,0.0
2023-05-22 12:00:00+08:00,15.899999618530273,16.350000381469727,15.899999618530273,16.299999237060547,85000,0.0,0.0
2023-05-22 13:00:00+08:00,16.25,16.350000381469727,16.200000762939453,16.299999237060547,36000,0.0,0.0
2023-05-23 09:00:00+08:00,16.399999618530273,16.649999618530273,16.149999618530273,16.600000381469727,130000,0.0,0.0
2023-05-23 10:00:00+08:00,16.600000381469727,16.799999237060547,16.549999237060547,16.700000762939453,156000,0.0,0.0
2023-05-23 11:00:00+08:00,16.649999618530273,16.75,16.5,16.600000381469727,106075,0.0,0.0
2023-05-23 12:00:00+08:00,16.5,16.649999618530273,16.5,16.649999618530273,43000,0.0,0.0
2023-05-23 13:00:00+08:00,16.600000381469727,16.600000381469727,16.5,16.549999237060547,34000,0.0,0.0
2023-05-24 09:00:00+08:00,16.549999237060547,17.25,16.549999237060547,17.100000381469727,260000,0.0,0.0
2023-05-24 10:00:00+08:00,17.100000381469727,17.200000762939453,16.950000762939453,17.0,112272,0.0,0.0
2023-05-24 11:00:00+08:00,17.0,17.75,16.899999618530273,17.75,335259,0.0,0.0
2023-05-24 12:00:00+08:00,17.700000762939453,18.200000762939453,17.5,17.700000762939453,801252,0.0,0.0
2023-05-24 13:00:00+08:00,17.700000762939453,18.049999237060547,17.700000762939453,17.950000762939453,130110,0.0,0.0
2023-05-25 09:00:00+08:00,17.850000381469727,17.850000381469727,17.049999237060547,17.399999618530273,0,0.0,0.0
2023-05-25 10:00:00+08:00,17.399999618530273,17.450000762939453,17.149999618530273,17.450000762939453,91062,0.0,0.0
2023-05-25 11:00:00+08:00,17.399999618530273,17.799999237060547,17.399999618530273,17.649999618530273,93085,0.0,0.0
2023-05-25 12:00:00+08:00,17.700000762939453,17.700000762939453,17.399999618530273,17.549999237060547,82000,0.0,0.0
2023-05-25 13:00:00+08:00,17.5,17.5,17.299999237060547,17.299999237060547,40500,0.0,0.0
2023-05-26 09:00:00+08:00,17.600000381469727,17.700000762939453,17.149999618530273,17.25,0,0.0,0.0
2023-05-26 10:00:00+08:00,17.25,17.299999237060547,17.149999618530273,17.200000762939453,56000,0.0,0.0
2023-05-26 11:00:00+08:00,17.200000762939453,17.600000381469727,17.200000762939453,17.5,111000,0.0,0.0
2023-05-26 12:00:00+08:00,17.5,18.799999237060547,17.5,18.549999237060547,794270,0.0,0.0
2023-05-26 13:00:00+08:00,18.600000381469727,18.700000762939453,18.100000381469727,18.299999237060547,156103,0.0,0.0
2023-05-29 09:00:00+08:00,19.0,19.399999618530273,18.350000381469727,18.649999618530273,0,0.0,0.0
2023-05-29 10:00:00+08:00,18.600000381469727,18.899999618530273,18.549999237060547,18.75,147044,0.0,0.0
2023-05-29 11:00:00+08:00,18.75,18.799999237060547,18.600000381469727,18.600000381469727,68000,0.0,0.0
2023-05-29 12:00:00+08:00,18.600000381469727,18.649999618530273,18.0,18.149999618530273,202000,0.0,0.0
2023-05-29 13:00:00+08:00,18.200000762939453,18.200000762939453,18.100000381469727,18.149999618530273,58210,0.0,0.0
2023-05-30 09:00:00+08:00,18.399999618530273,18.600000381469727,18.0,18.149999618530273,116027,0.0,0.0
2023-05-30 10:00:00+08:00,18.149999618530273,18.149999618530273,18.100000381469727,18.100000381469727,15000,0.0,0.0
2023-05-30 11:00:00+08:00,18.100000381469727,18.100000381469727,17.5,17.600000381469727,188260,0.0,0.0
2023-05-30 12:00:00+08:00,17.549999237060547,17.700000762939453,17.5,17.600000381469727,51071,0.0,0.0
2023-05-30 13:00:00+08:00,17.600000381469727,17.75,17.450000762939453,17.5,114090,0.0,0.0
2023-05-31 09:00:00+08:00,17.549999237060547,17.950000762939453,17.549999237060547,17.600000381469727,0,0.0,0.0
2023-05-31 10:00:00+08:00,17.700000762939453,17.75,17.450000762939453,17.700000762939453,46000,0.0,0.0
2023-05-31 11:00:00+08:00,17.600000381469727,17.600000381469727,17.600000381469727,17.600000381469727,13000,0.0,0.0
2023-05-31 12:00:00+08:00,17.649999618530273,17.649999618530273,17.549999237060547,17.549999237060547,41000,0.0,0.0
2023-05-31 13:00:00+08:00,17.549999237060547,17.549999237060547,17.450000762939453,17.5,50000,0.0,0.0
2023-06-01 09:00:00+08:00,17.5,17.799999237060547,17.350000381469727,17.649999618530273,0,0.0,0.0
2023-06-01 10:00:00+08:00,17.75,17.850000381469727,17.649999618530273,17.850000381469727,138219,0.0,0.0
2023-06-01 11:00:00+08:00,17.850000381469727,17.850000381469727,17.700000762939453,17.75,29000,0.0,0.0
2023-06-01 12:00:00+08:00,17.75,18.25,17.649999618530273,17.950000762939453,158000,0.0,0.0
2023-06-01 13:00:00+08:00,17.950000762939453,17.950000762939453,17.799999237060547,17.799999237060547,49204,0.0,0.0
2023-06-02 09:00:00+08:00,18.299999237060547,18.950000762939453,18.0,18.5,0,0.0,0.0
2023-06-02 10:00:00+08:00,18.549999237060547,18.600000381469727,18.450000762939453,18.5,94028,0.0,0.0
2023-06-02 11:00:00+08:00,18.450000762939453,18.600000381469727,18.450000762939453,18.600000381469727,76000,0.0,0.0
2023-06-02 12:00:00+08:00,18.600000381469727,18.600000381469727,18.299999237060547,18.350000381469727,94220,0.0,0.0
2023-06-02 13:00:00+08:00,18.299999237060547,18.399999618530273,18.299999237060547,18.299999237060547,26052,0.0,0.0
2023-06-05 09:00:00+08:00,18.5,19.0,18.5,18.549999237060547,0,0.0,0.0
2023-06-05 10:00:00+08:00,18.549999237060547,18.75,18.399999618530273,18.75,37000,0.0,0.0
2023-06-05 11:00:00+08:00,18.700000762939453,18.700000762939453,18.399999618530273,18.600000381469727,42000,0.0,0.0
2023-06-05 12:00:00+08:00,18.5,18.549999237060547,18.450000762939453,18.549999237060547,29000,0.0,0.0
2023-06-05 13:00:00+08:00,18.5,18.5,18.5,18.5,19013,0.0,0.0
2023-06-06 09:00:00+08:00,18.950000762939453,19.299999237060547,18.5,18.600000381469727,0,0.0,0.0
2023-06-06 10:00:00+08:00,18.5,18.899999618530273,18.5,18.75,44000,0.0,0.0
2023-06-06 11:00:00+08:00,18.75,18.850000381469727,18.600000381469727,18.649999618530273,38000,0.0,0.0
2023-06-06 12:00:00+08:00,18.649999618530273,18.700000762939453,18.5,18.700000762939453,67000,0.0,0.0
2023-06-06 13:00:00+08:00,18.600000381469727,18.600000381469727,18.450000762939453,18.549999237060547,34000,0.0,0.0
2023-06-07 09:00:00+08:00,18.549999237060547,18.549999237060547,18.299999237060547,18.5,0,0.0,0.0
2023-06-07 10:00:00+08:00,18.399999618530273,18.450000762939453,18.200000762939453,18.25,58200,0.0,0.0
2023-06-07 11:00:00+08:00,18.25,18.299999237060547,18.049999237060547,18.200000762939453,70321,0.0,0.0
2023-06-07 12:00:00+08:00,18.149999618530273,18.450000762939453,18.149999618530273,18.399999618530273,23113,0.0,0.0
2023-06-07 13:00:00+08:00,18.399999618530273,18.5,18.299999237060547,18.5,21301,0.0,0.0
2023-06-08 09:00:00+08:00,18.200000762939453,18.549999237060547,18.149999618530273,18.299999237060547,0,0.0,0.0
2023-06-08 10:00:00+08:00,18.350000381469727,18.350000381469727,18.200000762939453,18.200000762939453,43001,0.0,0.0
2023-06-08 11:00:00+08:00,18.200000762939453,18.450000762939453,18.200000762939453,18.450000762939453,13439,0.0,0.0
2023-06-08 12:00:00+08:00,18.399999618530273,18.399999618530273,18.100000381469727,18.200000762939453,56304,0.0,0.0
2023-06-08 13:00:00+08:00,18.100000381469727,18.200000762939453,18.100000381469727,18.200000762939453,21000,0.0,0.0
2023-06-09 09:00:00+08:00,18.649999618530273,18.649999618530273,18.200000762939453,18.299999237060547,0,0.0,0.0
2023-06-09 10:00:00+08:00,18.299999237060547,18.5,18.299999237060547,18.350000381469727,6001,0.0,0.0
2023-06-09 11:00:00+08:00,18.350000381469727,18.399999618530273,18.350000381469727,18.399999618530273,9000,0.0,0.0
2023-06-09 12:00:00+08:00,18.350000381469727,18.350000381469727,18.299999237060547,18.350000381469727,27150,0.0,0.0
2023-06-09 13:00:00+08:00,18.350000381469727,18.450000762939453,18.299999237060547,18.299999237060547,21000,0.0,0.0
2023-06-12 09:00:00+08:00,18.299999237060547,18.350000381469727,17.899999618530273,17.899999618530273,0,0.0,0.0
2023-06-12 10:00:00+08:00,17.950000762939453,17.950000762939453,17.799999237060547,17.799999237060547,53172,0.0,0.0
2023-06-12 11:00:00+08:00,17.799999237060547,17.799999237060547,17.75,17.799999237060547,45000,0.0,0.0
2023-06-12 12:00:00+08:00,17.799999237060547,17.799999237060547,17.700000762939453,17.799999237060547,35048,0.0,0.0
2023-06-12 13:00:00+08:00,17.75,17.75,17.700000762939453,17.75,20400,0.0,0.0
2023-06-13 09:00:00+08:00,17.799999237060547,17.850000381469727,17.75,17.799999237060547,0,0.0,0.0
2023-06-13 10:00:00+08:00,17.799999237060547,17.899999618530273,17.799999237060547,17.799999237060547,20057,0.0,0.0
2023-06-13 11:00:00+08:00,17.799999237060547,17.850000381469727,17.799999237060547,17.850000381469727,18133,0.0,0.0
2023-06-13 12:00:00+08:00,17.850000381469727,17.850000381469727,17.850000381469727,17.850000381469727,12000,0.0,0.0
2023-06-13 13:00:00+08:00,17.799999237060547,17.799999237060547,17.75,17.75,17000,0.0,0.0
2023-06-14 09:00:00+08:00,18.049999237060547,19.0,18.0,18.799999237060547,466810,0.0,0.0
2023-06-14 10:00:00+08:00,18.799999237060547,18.850000381469727,18.450000762939453,18.450000762939453,97351,0.0,0.0
2023-06-14 11:00:00+08:00,18.5,18.600000381469727,18.450000762939453,18.600000381469727,69001,0.0,0.0
2023-06-14 12:00:00+08:00,18.600000381469727,19.299999237060547,18.600000381469727,19.0,358501,0.0,0.0
2023-06-14 13:00:00+08:00,19.0,19.25,18.700000762939453,18.700000762939453,154272,0.0,0.0
2023-06-15 09:00:00+08:00,18.850000381469727,19.850000381469727,18.850000381469727,19.450000762939453,0,0.0,0.0
2023-06-15 10:00:00+08:00,19.399999618530273,19.700000762939453,19.399999618530273,19.649999618530273,170572,0.0,0.0
2023-06-15 11:00:00+08:00,19.649999618530273,19.700000762939453,19.450000762939453,19.700000762939453,56056,0.0,0.0
2023-06-15 12:00:00+08:00,19.700000762939453,20.549999237060547,19.649999618530273,20.549999237060547,1225236,0.0,0.0
2023-06-15 13:00:00+08:00,20.549999237060547,20.549999237060547,20.549999237060547,20.549999237060547,20039,0.0,0.0
2023-06-16 09:00:00+08:00,21.450000762939453,22.600000381469727,21.450000762939453,21.950000762939453,635411,0.0,0.0
2023-06-16 10:00:00+08:00,21.950000762939453,22.0,20.799999237060547,21.5,1117086,0.0,0.0
2023-06-16 11:00:00+08:00,21.5,21.75,21.450000762939453,21.75,288020,0.0,0.0
2023-06-16 12:00:00+08:00,21.75,22.25,21.649999618530273,22.0,485112,0.0,0.0
2023-06-16 13:00:00+08:00,22.0,22.149999618530273,21.700000762939453,21.75,282283,0.0,0.0
2023-06-19 09:00:00+08:00,21.100000381469727,22.600000381469727,20.649999618530273,22.600000381469727,0,0.0,0.0
2023-06-19 10:00:00+08:00,22.600000381469727,23.149999618530273,22.149999618530273,22.549999237060547,697205,0.0,0.0
2023-06-19 11:00:00+08:00,22.5,22.850000381469727,22.200000762939453,22.649999618530273,271017,0.0,0.0
2023-06-19 12:00:00+08:00,22.649999618530273,22.649999618530273,22.149999618530273,22.149999618530273,180229,0.0,0.0
2023-06-19 13:00:00+08:00,22.149999618530273,22.200000762939453,21.200000762939453,21.549999237060547,270345,0.0,0.0
2023-06-20 09:00:00+08:00,21.450000762939453,22.799999237060547,21.450000762939453,21.950000762939453,0,0.0,0.0
2023-06-20 10:00:00+08:00,22.0,22.549999237060547,22.0,22.5,193311,0.0,0.0
2023-06-20 11:00:00+08:00,22.5,23.700000762939453,22.450000762939453,23.700000762939453,1107077,0.0,0.0
2023-06-20 12:00:00+08:00,23.700000762939453,23.700000762939453,23.700000762939453,23.700000762939453,61257,0.0,0.0
2023-06-20 13:00:00+08:00,23.700000762939453,23.700000762939453,23.700000762939453,23.700000762939453,19000,0.0,0.0
2023-06-21 09:00:00+08:00,25.25,25.25,23.200000762939453,24.649999618530273,383491,0.0,0.0
2023-06-21 10:00:00+08:00,24.649999618530273,24.649999618530273,23.950000762939453,24.350000381469727,453189,0.0,0.0
2023-06-21 11:00:00+08:00,24.399999618530273,24.5,24.100000381469727,24.25,217100,0.0,0.0
2023-06-21 12:00:00+08:00,24.299999237060547,25.799999237060547,24.299999237060547,25.75,908517,0.0,0.0
2023-06-21 13:00:00+08:00,25.75,25.850000381469727,25.100000381469727,25.299999237060547,390850,0.0,0.0
2023-06-26 09:00:00+08:00,25.25,25.299999237060547,24.049999237060547,24.600000381469727,0,0.0,0.0
2023-06-26 10:00:00+08:00,24.549999237060547,24.600000381469727,23.350000381469727,23.350000381469727,646731,0.0,0.0
2023-06-26 11:00:00+08:00,23.350000381469727,24.0,23.350000381469727,23.850000381469727,176700,0.0,0.0
2023-06-26 12:00:00+08:00,23.799999237060547,23.899999618530273,23.100000381469727,23.25,335336,0.0,0.0
2023-06-26 13:00:00+08:00,23.200000762939453,23.25,22.950000762939453,23.0,314636,0.0,0.0
2023-06-27 09:00:00+08:00,23.399999618530273,24.450000762939453,23.350000381469727,23.799999237060547,0,0.0,0.0
2023-06-27 10:00:00+08:00,23.799999237060547,25.200000762939453,23.799999237060547,25.200000762939453,1214894,0.0,0.0
2023-06-27 11:00:00+08:00,25.200000762939453,25.200000762939453,24.600000381469727,24.649999618530273,1058111,0.0,0.0
2023-06-27 12:00:00+08:00,24.649999618530273,24.799999237060547,23.899999618530273,24.299999237060547,666537,0.0,0.0
2023-06-27 13:00:00+08:00,24.350000381469727,24.450000762939453,23.649999618530273,23.799999237060547,225906,0.0,0.0
2023-06-28 09:00:00+08:00,23.75,26.100000381469727,23.75,26.0,109847,0.0,0.0
2023-06-28 10:00:00+08:00,26.0,26.100000381469727,25.850000381469727,26.100000381469727,746020,0.0,0.0
2023-06-28 11:00:00+08:00,26.100000381469727,26.100000381469727,25.950000762939453,26.049999237060547,271001,0.0,0.0
2023-06-28 12:00:00+08:00,26.0,26.100000381469727,25.950000762939453,26.100000381469727,95150,0.0,0.0
2023-06-28 13:00:00+08:00,26.100000381469727,26.100000381469727,26.100000381469727,26.100000381469727,13008,0.0,0.0
2023-06-29 09:00:00+08:00,26.399999618530273,26.399999618530273,25.049999237060547,25.399999618530273,0,0.0,0.0
2023-06-29 10:00:00+08:00,25.350000381469727,25.600000381469727,24.75,24.799999237060547,714489,0.0,0.0
2023-06-29 11:00:00+08:00,24.799999237060547,25.25,24.549999237060547,25.049999237060547,466299,0.0,0.0
2023-06-29 12:00:00+08:00,25.049999237060547,25.149999618530273,24.850000381469727,24.950000762939453,182156,0.0,0.0
2023-06-29 13:00:00+08:00,24.950000762939453,25.600000381469727,24.799999237060547,25.600000381469727,354480,0.0,0.0
2023-06-30 09:00:00+08:00,25.100000381469727,25.649999618530273,24.899999618530273,25.5,0,0.0,0.0
2023-06-30 10:00:00+08:00,25.450000762939453,25.5,25.0,25.0,267301,0.0,0.0
2023-06-30 11:00:00+08:00,25.049999237060547,25.200000762939453,25.049999237060547,25.200000762939453,86200,0.0,0.0
2023-06-30 12:00:00+08:00,25.149999618530273,25.299999237060547,25.149999618530273,25.200000762939453,108490,0.0,0.0
2023-06-30 13:00:00+08:00,25.200000762939453,25.200000762939453,25.0,25.049999237060547,167350,0.0,0.0
2023-07-03 09:00:00+08:00,25.450000762939453,25.450000762939453,24.799999237060547,25.100000381469727,0,0.0,0.0
2023-07-03 10:00:00+08:00,25.049999237060547,25.399999618530273,25.049999237060547,25.299999237060547,163186,0.0,0.0
2023-07-03 11:00:00+08:00,25.350000381469727,25.850000381469727,25.350000381469727,25.700000762939453,382425,0.0,0.0
2023-07-03 12:00:00+08:00,25.649999618530273,25.799999237060547,25.5,25.75,172541,0.0,0.0
2023-07-03 13:00:00+08:00,25.75,25.799999237060547,25.5,25.600000381469727,96550,0.0,0.0
2023-07-04 09:00:00+08:00,26.5,26.5,25.299999237060547,25.5,0,0.0,0.0
2023-07-04 10:00:00+08:00,25.5,25.5,25.049999237060547,25.350000381469727,247000,0.0,0.0
2023-07-04 11:00:00+08:00,25.350000381469727,25.399999618530273,25.200000762939453,25.25,37209,0.0,0.0
2023-07-04 12:00:00+08:00,25.25,25.25,25.0,25.049999237060547,170255,0.0,0.0
2023-07-04 13:00:00+08:00,25.100000381469727,25.100000381469727,24.5,24.649999618530273,321109,0.0,0.0
2023-07-05 09:00:00+08:00,24.75,25.200000762939453,24.149999618530273,24.950000762939453,0,0.0,0.0
2023-07-05 10:00:00+08:00,24.899999618530273,25.149999618530273,24.799999237060547,24.950000762939453,89327,0.0,0.0
2023-07-05 11:00:00+08:00,25.0,25.25,24.850000381469727,25.049999237060547,94000,0.0,0.0
2023-07-05 12:00:00+08:00,25.100000381469727,25.100000381469727,24.700000762939453,24.700000762939453,80354,0.0,0.0
2023-07-05 13:00:00+08:00,24.700000762939453,24.799999237060547,24.600000381469727,24.75,60100,0.0,0.0
2023-07-06 09:00:00+08:00,24.700000762939453,24.950000762939453,24.200000762939453,24.5,0,0.0,0.0
2023-07-06 10:00:00+08:00,24.399999618530273,24.549999237060547,23.899999618530273,24.350000381469727,184820,0.0,0.0
2023-07-06 11:00:00+08:00,24.200000762939453,24.200000762939453,23.899999618530273,23.899999618530273,168197,0.0,0.0
2023-07-06 12:00:00+08:00,23.850000381469727,23.950000762939453,23.5,23.850000381469727,170084,0.0,0.0
2023-07-06 13:00:00+08:00,23.850000381469727,23.850000381469727,23.649999618530273,23.649999618530273,83131,0.0,0.0
2023-07-07 09:00:00+08:00,23.049999237060547,23.649999618530273,23.049999237060547,23.149999618530273,0,0.0,0.0
2023-07-07 10:00:00+08:00,23.200000762939453,23.850000381469727,23.200000762939453,23.850000381469727,131270,0.0,0.0
2023-07-07 11:00:00+08:00,23.899999618530273,24.149999618530273,23.850000381469727,24.049999237060547,84021,0.0,0.0
2023-07-07 12:00:00+08:00,24.049999237060547,24.049999237060547,23.799999237060547,23.850000381469727,40108,0.0,0.0
2023-07-07 13:00:00+08:00,23.899999618530273,24.0,23.899999618530273,23.950000762939453,71000,0.0,0.0
2023-07-10 09:00:00+08:00,26.299999237060547,26.299999237060547,26.299999237060547,26.299999237060547,74159,0.0,0.0
2023-07-10 10:00:00+08:00,26.299999237060547,26.299999237060547,26.299999237060547,26.299999237060547,57707,0.0,0.0
2023-07-10 11:00:00+08:00,26.299999237060547,26.299999237060547,26.299999237060547,26.299999237060547,20051,0.0,0.0
2023-07-10 12:00:00+08:00,26.299999237060547,26.299999237060547,26.299999237060547,26.299999237060547,85000,0.0,0.0
2023-07-10 13:00:00+08:00,26.299999237060547,26.299999237060547,26.299999237060547,26.299999237060547,32000,0.0,0.0
2023-07-11 09:00:00+08:00,28.899999618530273,28.899999618530273,28.899999618530273,28.899999618530273,1731385,0.0,0.0
2023-07-11 10:00:00+08:00,28.899999618530273,28.899999618530273,28.899999618530273,28.899999618530273,32115,0.0,0.0
2023-07-11 11:00:00+08:00,28.899999618530273,28.899999618530273,28.899999618530273,28.899999618530273,34605,0.0,0.0
2023-07-11 12:00:00+08:00,28.899999618530273,28.899999618530273,28.899999618530273,28.899999618530273,49758,0.0,0.0
2023-07-11 13:00:00+08:00,28.899999618530273,28.899999618530273,28.899999618530273,28.899999618530273,3000,0.0,0.0
2023-07-12 09:00:00+08:00,31.049999237060547,31.450000762939453,27.049999237060547,27.299999237060547,1864292,0.0,0.0
2023-07-12 10:00:00+08:00,27.299999237060547,28.5,27.25,27.850000381469727,996492,0.0,0.0
2023-07-12 11:00:00+08:00,27.700000762939453,27.75,27.049999237060547,27.649999618530273,518471,0.0,0.0
2023-07-12 12:00:00+08:00,27.700000762939453,28.0,27.450000762939453,27.75,394513,0.0,0.0
2023-07-12 13:00:00+08:00,27.700000762939453,28.049999237060547,27.649999618530273,27.799999237060547,276000,0.0,0.0
2023-07-13 09:00:00+08:00,28.149999618530273,30.299999237060547,27.5,29.799999237060547,0,0.0,0.0
2023-07-13 10:00:00+08:00,29.799999237060547,30.549999237060547,29.649999618530273,30.549999237060547,2655875,0.0,0.0
2023-07-13 11:00:00+08:00,30.549999237060547,30.549999237060547,30.549999237060547,30.549999237060547,101119,0.0,0.0
2023-07-13 12:00:00+08:00,30.549999237060547,30.549999237060547,29.600000381469727,29.75,863937,0.0,0.0
2023-07-13 13:00:00+08:00,29.700000762939453,30.549999237060547,29.200000762939453,30.299999237060547,518070,0.0,0.0
2023-07-14 09:00:00+08:00,30.25,31.899999618530273,29.450000762939453,29.799999237060547,0,0.0,0.0
2023-07-14 10:00:00+08:00,29.700000762939453,29.799999237060547,28.600000381469727,29.0,1056293,0.0,0.0
2023-07-14 11:00:00+08:00,29.0,29.25,28.700000762939453,28.75,828596,0.0,0.0
2023-07-14 12:00:00+08:00,28.75,29.0,28.600000381469727,28.950000762939453,578605,0.0,0.0
2023-07-14 13:00:00+08:00,28.950000762939453,29.100000381469727,28.700000762939453,29.100000381469727,425158,0.0,0.0
2023-07-17 09:00:00+08:00,29.0,29.0,28.049999237060547,28.799999237060547,0,0.0,0.0
2023-07-17 10:00:00+08:00,28.799999237060547,29.149999618530273,28.350000381469727,29.0,235425,0.0,0.0
2023-07-17 11:00:00+08:00,29.049999237060547,29.600000381469727,28.899999618530273,29.0,366790,0.0,0.0
2023-07-17 12:00:00+08:00,29.0,29.350000381469727,28.950000762939453,29.0,140258,0.0,0.0
2023-07-17 13:00:00+08:00,29.0,29.299999237060547,29.0,29.200000762939453,190000,0.0,0.0
2023-07-18 09:00:00+08:00,29.049999237060547,29.549999237060547,27.100000381469727,27.5,1248993,0.0,0.0
2023-07-18 10:00:00+08:00,27.5,27.5,27.100000381469727,27.350000381469727,264207,0.0,0.0
2023-07-18 11:00:00+08:00,27.299999237060547,27.5,27.25,27.299999237060547,118278,0.0,0.0
2023-07-18 12:00:00+08:00,27.299999237060547,27.350000381469727,27.100000381469727,27.100000381469727,209508,0.0,0.0
2023-07-18 13:00:00+08:00,27.100000381469727,27.100000381469727,26.899999618530273,27.049999237060547,244868,0.0,0.0
2023-07-19 09:00:00+08:00,27.200000762939453,28.5,27.100000381469727,28.149999618530273,536650,0.0,0.0
2023-07-19 10:00:00+08:00,28.200000762939453,28.200000762939453,27.200000762939453,27.5,265112,0.0,0.0
2023-07-19 11:00:00+08:00,27.600000381469727,28.200000762939453,27.399999618530273,27.5,232160,0.0,0.0
2023-07-19 12:00:00+08:00,27.5,27.5,27.049999237060547,27.350000381469727,215769,0.0,0.0
2023-07-19 13:00:00+08:00,27.350000381469727,27.5,27.25,27.399999618530273,76207,0.0,0.0
2023-07-20 09:00:00+08:00,27.100000381469727,27.799999237060547,27.0,27.299999237060547,190685,0.0,0.0
2023-07-20 10:00:00+08:00,27.350000381469727,27.5,27.25,27.299999237060547,81000,0.0,0.0
2023-07-20 11:00:00+08:00,27.25,27.700000762939453,27.25,27.5,113100,0.0,0.0
2023-07-20 12:00:00+08:00,27.450000762939453,28.100000381469727,27.450000762939453,27.850000381469727,238000,0.0,0.0
2023-07-20 13:00:00+08:00,27.850000381469727,27.899999618530273,27.5,27.5,64001,0.0,0.0
2023-07-21 09:00:00+08:00,27.5,27.850000381469727,26.75,27.75,192973,0.0,0.0
2023-07-21 10:00:00+08:00,27.75,28.350000381469727,27.5,28.350000381469727,245000,0.0,0.0
2023-07-21 11:00:00+08:00,28.350000381469727,28.5,27.799999237060547,27.799999237060547,216058,0.0,0.0
2023-07-21 12:00:00+08:00,27.799999237060547,28.049999237060547,27.799999237060547,28.0,74000,0.0,0.0
2023-07-21 13:00:00+08:00,28.0,28.049999237060547,27.75,27.799999237060547,93945,0.0,0.0
2023-07-24 09:00:00+08:00,27.549999237060547,28.299999237060547,26.5,27.049999237060547,0,0.0,0.0
2023-07-24 10:00:00+08:00,27.149999618530273,27.25,26.799999237060547,26.850000381469727,103869,0.0,0.0
2023-07-24 11:00:00+08:00,27.0,27.100000381469727,26.75,26.75,80599,0.0,0.0
2023-07-24 12:00:00+08:00,26.799999237060547,27.0,26.75,26.899999618530273,80151,0.0,0.0
2023-07-24 13:00:00+08:00,26.899999618530273,27.25,26.899999618530273,27.100000381469727,106232,0.0,0.0
2023-07-25 09:00:00+08:00,27.0,29.799999237060547,27.0,29.799999237060547,1896897,0.0,0.0
2023-07-25 10:00:00+08:00,29.799999237060547,29.799999237060547,29.799999237060547,29.799999237060547,101170,0.0,0.0
2023-07-25 11:00:00+08:00,29.799999237060547,29.799999237060547,29.799999237060547,29.799999237060547,19100,0.0,0.0
2023-07-25 12:00:00+08:00,29.799999237060547,29.799999237060547,29.799999237060547,29.799999237060547,36003,0.0,0.0
2023-07-25 13:00:00+08:00,29.799999237060547,29.799999237060547,29.799999237060547,29.799999237060547,17075,0.0,0.0
2023-07-26 09:00:00+08:00,30.0,31.200000762939453,28.600000381469727,29.100000381469727,506912,0.0,0.0
2023-07-26 10:00:00+08:00,29.149999618530273,29.299999237060547,28.75,29.200000762939453,0,0.0,0.0
2023-07-26 11:00:00+08:00,29.100000381469727,29.299999237060547,28.950000762939453,28.950000762939453,2901329,0.0,0.0
2023-07-26 12:00:00+08:00,28.899999618530273,29.0,28.600000381469727,28.649999618530273,243603,0.0,0.0
2023-07-26 13:00:00+08:00,28.700000762939453,28.75,28.5,28.549999237060547,255606,0.0,0.0
2023-07-27 09:00:00+08:00,29.100000381469727,30.299999237060547,28.700000762939453,29.149999618530273,876320,0.0,0.0
2023-07-27 10:00:00+08:00,29.200000762939453,29.450000762939453,28.75,28.799999237060547,135000,0.0,0.0
2023-07-27 11:00:00+08:00,28.75,28.899999618530273,28.600000381469727,28.799999237060547,145145,0.0,0.0
2023-07-27 12:00:00+08:00,28.850000381469727,29.399999618530273,28.850000381469727,29.25,178071,0.0,0.0
2023-07-27 13:00:00+08:00,29.25,29.25,29.0,29.100000381469727,88151,0.0,0.0
2023-07-28 09:00:00+08:00,28.700000762939453,29.0,28.149999618530273,28.149999618530273,351175,0.0,0.0
2023-07-28 10:00:00+08:00,28.149999618530273,28.399999618530273,28.100000381469727,28.399999618530273,49000,0.0,0.0
2023-07-28 11:00:00+08:00,28.399999618530273,28.450000762939453,28.149999618530273,28.200000762939453,69667,0.0,0.0
2023-07-28 12:00:00+08:00,28.200000762939453,28.450000762939453,27.950000762939453,28.399999618530273,238491,0.0,0.0
2023-07-28 13:00:00+08:00,28.299999237060547,28.350000381469727,28.049999237060547,28.100000381469727,71370,0.0,0.0
2023-07-31 09:00:00+08:00,28.399999618530273,29.200000762939453,28.299999237060547,29.049999237060547,0,0.0,0.0
2023-07-31 10:00:00+08:00,29.0,29.5,29.0,29.100000381469727,342028,0.0,0.0
2023-07-31 11:00:00+08:00,29.100000381469727,29.100000381469727,28.0,28.299999237060547,269306,0.0,0.0
2023-07-31 12:00:00+08:00,28.299999237060547,28.399999618530273,28.200000762939453,28.25,77002,0.0,0.0
2023-07-31 13:00:00+08:00,28.200000762939453,28.350000381469727,28.149999618530273,28.200000762939453,97015,0.0,0.0
2023-08-01 09:00:00+08:00,28.350000381469727,29.049999237060547,27.399999618530273,27.700000762939453,538820,0.0,0.0
2023-08-01 10:00:00+08:00,27.75,28.100000381469727,27.600000381469727,27.600000381469727,119000,0.0,0.0
2023-08-01 11:00:00+08:00,27.600000381469727,28.049999237060547,27.600000381469727,27.899999618530273,106460,0.0,0.0
2023-08-01 12:00:00+08:00,27.899999618530273,28.049999237060547,27.600000381469727,27.649999618530273,75016,0.0,0.0
2023-08-01 13:00:00+08:00,27.700000762939453,27.899999618530273,27.649999618530273,27.75,56153,0.0,0.0
2023-08-02 09:00:00+08:00,28.0,28.100000381469727,27.200000762939453,27.200000762939453,254326,0.0,0.0
2023-08-02 10:00:00+08:00,27.25,27.549999237060547,27.200000762939453,27.25,185575,0.0,0.0
2023-08-02 11:00:00+08:00,27.299999237060547,27.299999237060547,27.149999618530273,27.149999618530273,85844,0.0,0.0
2023-08-02 12:00:00+08:00,27.149999618530273,27.149999618530273,26.799999237060547,26.899999618530273,151266,0.0,0.0
2023-08-02 13:00:00+08:00,26.850000381469727,26.899999618530273,26.700000762939453,26.75,83796,0.0,0.0
2023-08-04 09:00:00+08:00,26.450000762939453,27.0,26.450000762939453,26.850000381469727,0,0.0,0.0
2023-08-04 10:00:00+08:00,27.0,27.450000762939453,26.950000762939453,27.399999618530273,107802,0.0,0.0
2023-08-04 11:00:00+08:00,27.399999618530273,27.399999618530273,27.149999618530273,27.149999618530273,49010,0.0,0.0
2023-08-04 12:00:00+08:00,27.149999618530273,27.25,27.0,27.0,52280,0.0,0.0
2023-08-04 13:00:00+08:00,26.950000762939453,27.149999618530273,26.950000762939453,27.100000381469727,18550,0.0,0.0
2023-08-07 09:00:00+08:00,27.399999618530273,27.399999618530273,26.600000381469727,26.649999618530273,0,0.0,0.0
2023-08-07 10:00:00+08:00,26.700000762939453,27.399999618530273,26.700000762939453,27.350000381469727,110684,0.0,0.0
2023-08-07 11:00:00+08:00,27.350000381469727,27.75,27.350000381469727,27.700000762939453,121150,0.0,0.0
2023-08-07 12:00:00+08:00,27.600000381469727,27.799999237060547,27.5,27.649999618530273,87410,0.0,0.0
2023-08-07 13:00:00+08:00,27.600000381469727,27.75,27.600000381469727,27.600000381469727,33010,0.0,0.0
2023-08-08 09:00:00+08:00,27.700000762939453,27.950000762939453,27.049999237060547,27.049999237060547,147519,0.0,0.0
2023-08-08 10:00:00+08:00,27.100000381469727,27.350000381469727,26.899999618530273,26.950000762939453,54000,0.0,0.0
2023-08-08 11:00:00+08:00,27.0,27.0,26.75,26.799999237060547,91000,0.0,0.0
2023-08-08 12:00:00+08:00,26.850000381469727,27.100000381469727,26.850000381469727,26.899999618530273,41984,0.0,0.0
2023-08-08 13:00:00+08:00,26.899999618530273,27.0,26.799999237060547,26.899999618530273,49120,0.0,0.0
2023-08-09 09:00:00+08:00,26.75,26.75,26.25,26.600000381469727,143191,0.0,0.0
2023-08-09 10:00:00+08:00,26.600000381469727,26.850000381469727,26.399999618530273,26.450000762939453,57660,0.0,0.0
2023-08-09 11:00:00+08:00,26.5,26.649999618530273,26.299999237060547,26.5,64563,0.0,0.0
2023-08-09 12:00:00+08:00,26.399999618530273,26.399999618530273,26.149999618530273,26.200000762939453,47010,0.0,0.0
2023-08-09 13:00:00+08:00,26.200000762939453,26.200000762939453,26.0,26.149999618530273,51105,0.0,0.0
2023-08-10 09:00:00+08:00,26.049999237060547,26.399999618530273,25.200000762939453,25.450000762939453,439675,0.0,0.0
2023-08-10 10:00:00+08:00,25.450000762939453,26.200000762939453,25.450000762939453,26.200000762939453,103250,0.0,0.0
2023-08-10 11:00:00+08:00,26.200000762939453,26.25,26.0,26.100000381469727,71900,0.0,0.0
2023-08-10 12:00:00+08:00,26.25,26.649999618530273,26.149999618530273,26.149999618530273,144081,0.0,0.0
2023-08-10 13:00:00+08:00,26.100000381469727,26.200000762939453,26.0,26.200000762939453,30250,0.0,0.0
2023-08-11 09:00:00+08:00,26.200000762939453,26.200000762939453,24.399999618530273,24.549999237060547,754740,0.0,0.0
2023-08-11 10:00:00+08:00,24.549999237060547,24.649999618530273,23.850000381469727,24.049999237060547,387609,0.0,0.0
2023-08-11 11:00:00+08:00,24.049999237060547,24.350000381469727,23.850000381469727,24.350000381469727,235219,0.0,0.0
2023-08-11 12:00:00+08:00,24.350000381469727,24.75,24.25,24.600000381469727,180605,0.0,0.0
2023-08-11 13:00:00+08:00,24.549999237060547,24.649999618530273,24.549999237060547,24.600000381469727,71161,0.0,0.0
2023-08-14 09:00:00+08:00,23.450000762939453,24.5,23.200000762939453,24.0,0,0.0,0.0
2023-08-14 10:00:00+08:00,24.0,24.049999237060547,23.850000381469727,23.899999618530273,37565,0.0,0.0
2023-08-14 11:00:00+08:00,23.799999237060547,24.200000762939453,23.799999237060547,24.200000762939453,56165,0.0,0.0
2023-08-14 12:00:00+08:00,24.25,24.649999618530273,24.100000381469727,24.299999237060547,148435,0.0,0.0
2023-08-14 13:00:00+08:00,24.5,24.5,24.25,24.399999618530273,32599,0.0,0.0
2023-08-15 09:00:00+08:00,24.5,25.399999618530273,24.5,25.149999618530273,269945,0.0,0.0
2023-08-15 10:00:00+08:00,25.049999237060547,25.149999618530273,24.75,24.75,69000,0.0,0.0
2023-08-15 11:00:00+08:00,24.700000762939453,25.0,24.600000381469727,24.850000381469727,51004,0.0,0.0
2023-08-15 12:00:00+08:00,24.899999618530273,24.899999618530273,24.649999618530273,24.850000381469727,73595,0.0,0.0
2023-08-15 13:00:00+08:00,24.799999237060547,24.950000762939453,24.799999237060547,24.899999618530273,30405,0.0,0.0
2023-08-16 09:00:00+08:00,25.100000381469727,25.100000381469727,24.0,24.399999618530273,167000,0.0,0.0
2023-08-16 10:00:00+08:00,24.399999618530273,24.799999237060547,24.299999237060547,24.450000762939453,164000,0.0,0.0
2023-08-16 11:00:00+08:00,24.450000762939453,24.600000381469727,24.25,24.399999618530273,71297,0.0,0.0
2023-08-16 12:00:00+08:00,24.399999618530273,24.549999237060547,24.350000381469727,24.399999618530273,68000,0.0,0.0
2023-08-16 13:00:00+08:00,24.450000762939453,24.799999237060547,24.450000762939453,24.5,42000,0.0,0.0
2023-08-17 09:00:00+08:00,24.799999237060547,24.899999618530273,24.299999237060547,24.899999618530273,94750,0.0,0.0
2023-08-17 10:00:00+08:00,24.899999618530273,25.200000762939453,24.649999618530273,25.200000762939453,176000,0.0,0.0
2023-08-17 11:00:00+08:00,25.049999237060547,25.25,25.0,25.0,52000,0.0,0.0
2023-08-17 12:00:00+08:00,24.950000762939453,25.299999237060547,24.950000762939453,25.149999618530273,57000,0.0,0.0
2023-08-17 13:00:00+08:00,25.200000762939453,25.450000762939453,25.200000762939453,25.350000381469727,33001,0.0,0.0
2023-08-18 09:00:00+08:00,25.0,25.850000381469727,24.950000762939453,25.0,178000,0.0,0.0
2023-08-18 10:00:00+08:00,25.0,25.0,24.549999237060547,24.600000381469727,84050,0.0,0.0
2023-08-18 11:00:00+08:00,24.649999618530273,24.700000762939453,24.299999237060547,24.299999237060547,73750,0.0,0.0
2023-08-18 12:00:00+08:00,24.25,24.299999237060547,24.0,24.0,113483,0.0,0.0
2023-08-18 13:00:00+08:00,24.100000381469727,24.299999237060547,24.0,24.0,62333,0.0,0.0
2023-08-21 09:00:00+08:00,24.0,24.5,23.649999618530273,24.100000381469727,0,0.0,0.0
2023-08-21 10:00:00+08:00,23.950000762939453,24.100000381469727,23.950000762939453,23.950000762939453,33000,0.0,0.0
2023-08-21 11:00:00+08:00,23.950000762939453,24.350000381469727,23.899999618530273,24.299999237060547,60000,0.0,0.0
2023-08-21 12:00:00+08:00,24.149999618530273,24.5,24.149999618530273,24.25,74000,0.0,0.0
2023-08-21 13:00:00+08:00,24.350000381469727,24.5,24.299999237060547,24.5,25000,0.0,0.0
2023-08-22 09:00:00+08:00,25.0,25.0,24.149999618530273,24.149999618530273,52100,0.0,0.0
2023-08-22 10:00:00+08:00,24.100000381469727,24.149999618530273,24.049999237060547,24.100000381469727,21039,0.0,0.0
2023-08-22 11:00:00+08:00,24.200000762939453,24.25,24.100000381469727,24.100000381469727,21181,0.0,0.0
2023-08-22 12:00:00+08:00,24.149999618530273,24.399999618530273,24.149999618530273,24.399999618530273,15119,0.0,0.0
2023-08-22 13:00:00+08:00,24.350000381469727,24.899999618530273,24.299999237060547,24.850000381469727,34000,0.0,0.0
2023-08-23 09:00:00+08:00,24.600000381469727,24.899999618530273,24.350000381469727,24.799999237060547,0,0.0,0.0
2023-08-23 10:00:00+08:00,24.850000381469727,25.0,24.799999237060547,24.799999237060547,60190,0.0,0.0
2023-08-23 11:00:00+08:00,24.799999237060547,24.899999618530273,24.600000381469727,24.649999618530273,38000,0.0,0.0
2023-08-23 12:00:00+08:00,24.700000762939453,24.899999618530273,24.700000762939453,24.850000381469727,14001,0.0,0.0
2023-08-23 13:00:00+08:00,24.75,24.850000381469727,24.700000762939453,24.850000381469727,27000,0.0,0.0
2023-08-24 09:00:00+08:00,25.100000381469727,25.299999237060547,24.75,25.100000381469727,0,0.0,0.0
2023-08-24 10:00:00+08:00,25.049999237060547,25.049999237060547,24.600000381469727,24.899999618530273,79620,0.0,0.0
2023-08-24 11:00:00+08:00,24.600000381469727,24.649999618530273,24.600000381469727,24.649999618530273,20000,0.0,0.0
2023-08-24 12:00:00+08:00,24.649999618530273,24.850000381469727,24.649999618530273,24.850000381469727,29510,0.0,0.0
2023-08-24 13:00:00+08:00,24.850000381469727,24.850000381469727,24.799999237060547,24.850000381469727,13410,0.0,0.0
2023-08-25 09:00:00+08:00,24.600000381469727,24.649999618530273,24.100000381469727,24.649999618530273,49200,0.0,0.0
2023-08-25 10:00:00+08:00,24.649999618530273,24.700000762939453,24.649999618530273,24.649999618530273,6000,0.0,0.0
2023-08-25 11:00:00+08:00,24.5,24.5,24.5,24.5,0,0.0,0.0
2023-08-25 12:00:00+08:00,24.649999618530273,24.899999618530273,24.5,24.799999237060547,105442,0.0,0.0
2023-08-25 13:00:00+08:00,24.649999618530273,24.649999618530273,24.5,24.5,23500,0.0,0.0
2023-08-28 09:00:00+08:00,24.450000762939453,24.450000762939453,23.5,23.899999618530273,0,0.0,0.0
2023-08-28 10:00:00+08:00,23.700000762939453,23.700000762939453,23.549999237060547,23.549999237060547,24894,0.0,0.0
2023-08-28 11:00:00+08:00,23.600000381469727,23.600000381469727,23.100000381469727,23.100000381469727,75397,0.0,0.0
2023-08-28 12:00:00+08:00,23.200000762939453,23.799999237060547,23.100000381469727,23.799999237060547,66000,0.0,0.0
2023-08-28 13:00:00+08:00,23.75,23.799999237060547,23.399999618530273,23.799999237060547,115999,0.0,0.0
2023-08-29 09:00:00+08:00,23.600000381469727,24.399999618530273,23.049999237060547,23.549999237060547,54100,0.0,0.0
2023-08-29 10:00:00+08:00,23.299999237060547,23.600000381469727,23.25,23.600000381469727,15010,0.0,0.0
2023-08-29 11:00:00+08:00,23.649999618530273,23.799999237060547,23.649999618530273,23.75,14649,0.0,0.0
2023-08-29 12:00:00+08:00,23.75,23.850000381469727,23.700000762939453,23.700000762939453,21000,0.0,0.0
2023-08-29 13:00:00+08:00,23.649999618530273,23.950000762939453,23.649999618530273,23.950000762939453,33000,0.0,0.0
2023-08-30 09:00:00+08:00,24.299999237060547,24.299999237060547,23.950000762939453,24.0,15000,0.0,0.0
2023-08-30 10:00:00+08:00,24.100000381469727,24.100000381469727,23.799999237060547,23.850000381469727,12000,0.0,0.0
2023-08-30 11:00:00+08:00,23.799999237060547,23.799999237060547,23.700000762939453,23.75,10100,0.0,0.0
2023-08-30 12:00:00+08:00,23.799999237060547,23.899999618530273,23.75,23.899999618530273,24100,0.0,0.0
2023-08-30 13:00:00+08:00,23.950000762939453,24.0,23.950000762939453,23.950000762939453,12440,0.0,0.0
2023-08-31 09:00:00+08:00,24.149999618530273,24.149999618530273,23.700000762939453,23.850000381469727,0,0.0,0.0
2023-08-31 10:00:00+08:00,23.850000381469727,23.850000381469727,23.799999237060547,23.799999237060547,7000,0.0,0.0
2023-08-31 11:00:00+08:00,23.799999237060547,23.850000381469727,23.700000762939453,23.75,9000,0.0,0.0
2023-08-31 12:00:00+08:00,23.649999618530273,23.850000381469727,23.600000381469727,23.850000381469727,14000,0.0,0.0
2023-08-31 13:00:00+08:00,23.799999237060547,24.0,23.75,24.0,18000,0.0,0.0
2023-09-01 09:00:00+08:00,23.5,24.25,23.5,23.950000762939453,0,0.0,0.0
2023-09-01 10:00:00+08:00,23.950000762939453,23.950000762939453,23.75,23.799999237060547,14001,0.0,0.0
2023-09-01 11:00:00+08:00,23.75,23.75,23.399999618530273,23.450000762939453,51000,0.0,0.0
2023-09-01 12:00:00+08:00,23.450000762939453,23.549999237060547,23.299999237060547,23.399999618530273,49236,0.0,0.0
2023-09-01 13:00:00+08:00,23.299999237060547,23.5,23.299999237060547,23.5,21000,0.0,0.0
2023-09-04 09:00:00+08:00,23.299999237060547,23.299999237060547,22.799999237060547,22.799999237060547,0,0.0,0.0
2023-09-04 10:00:00+08:00,22.799999237060547,23.0,22.5,23.0,68288,0.0,0.0
2023-09-04 11:00:00+08:00,22.950000762939453,23.149999618530273,22.899999618530273,23.149999618530273,32000,0.0,0.0
2023-09-04 12:00:00+08:00,23.0,23.0,22.850000381469727,22.850000381469727,11001,0.0,0.0
2023-09-04 13:00:00+08:00,22.850000381469727,22.899999618530273,22.75,22.799999237060547,20100,0.0,0.0
2023-09-05 09:00:00+08:00,22.700000762939453,23.049999237060547,22.700000762939453,23.049999237060547,0,0.0,0.0
2023-09-05 10:00:00+08:00,23.049999237060547,23.25,22.799999237060547,23.25,46350,0.0,0.0
2023-09-05 11:00:00+08:00,23.299999237060547,23.450000762939453,23.299999237060547,23.350000381469727,36001,0.0,0.0
2023-09-05 12:00:00+08:00,23.25,23.350000381469727,23.25,23.350000381469727,2000,0.0,0.0
2023-09-05 13:00:00+08:00,23.299999237060547,23.299999237060547,23.25,23.25,8000,0.0,0.0
2023-09-06 09:00:00+08:00,23.200000762939453,23.25,23.200000762939453,23.25,0,0.0,0.0
2023-09-06 10:00:00+08:00,23.200000762939453,23.649999618530273,23.200000762939453,23.600000381469727,41000,0.0,0.0
2023-09-06 11:00:00+08:00,23.5,24.0,23.450000762939453,23.75,67011,0.0,0.0
2023-09-06 12:00:00+08:00,23.75,24.299999237060547,23.649999618530273,23.850000381469727,103610,0.0,0.0
2023-09-06 13:00:00+08:00,23.799999237060547,23.799999237060547,23.75,23.799999237060547,5150,0.0,0.0
2023-09-07 09:00:00+08:00,23.850000381469727,24.399999618530273,23.75,24.399999618530273,0,0.0,0.0
2023-09-07 10:00:00+08:00,24.350000381469727,25.149999618530273,24.149999618530273,24.450000762939453,419020,0.0,0.0
2023-09-07 11:00:00+08:00,24.549999237060547,24.75,24.350000381469727,24.399999618530273,42000,0.0,0.0
2023-09-07 12:00:00+08:00,24.350000381469727,24.950000762939453,24.200000762939453,24.25,179745,0.0,0.0
2023-09-07 13:00:00+08:00,24.350000381469727,24.5,24.25,24.450000762939453,77000,0.0,0.0
2023-09-08 09:00:00+08:00,26.5,26.5,25.149999618530273,25.350000381469727,87727,0.0,0.0
2023-09-08 10:00:00+08:00,25.399999618530273,25.649999618530273,25.200000762939453,25.200000762939453,234133,0.0,0.0
2023-09-08 11:00:00+08:00,25.200000762939453,25.350000381469727,25.149999618530273,25.25,71191,0.0,0.0
2023-09-08 12:00:00+08:00,25.200000762939453,25.200000762939453,24.5,24.549999237060547,267200,0.0,0.0
2023-09-08 13:00:00+08:00,24.600000381469727,24.600000381469727,24.5,24.549999237060547,93200,0.0,0.0
2023-09-11 09:00:00+08:00,24.049999237060547,24.200000762939453,23.450000762939453,23.600000381469727,0,0.0,0.0
2023-09-11 10:00:00+08:00,23.600000381469727,23.600000381469727,23.25,23.399999618530273,87311,0.0,0.0
2023-09-11 11:00:00+08:00,23.299999237060547,23.350000381469727,23.299999237060547,23.299999237060547,17001,0.0,0.0
2023-09-11 12:00:00+08:00,23.299999237060547,23.350000381469727,23.100000381469727,23.100000381469727,98285,0.0,0.0
2023-09-11 13:00:00+08:00,23.149999618530273,23.149999618530273,22.899999618530273,22.899999618530273,45450,0.0,0.0
2023-09-12 09:00:00+08:00,23.0,23.200000762939453,22.899999618530273,23.100000381469727,0,0.0,0.0
2023-09-12 10:00:00+08:00,23.100000381469727,23.299999237060547,23.049999237060547,23.25,32000,0.0,0.0
2023-09-12 11:00:00+08:00,23.25,23.549999237060547,23.25,23.5,35000,0.0,0.0
2023-09-12 12:00:00+08:00,23.5,23.75,23.350000381469727,23.700000762939453,47200,0.0,0.0
2023-09-12 13:00:00+08:00,23.600000381469727,23.649999618530273,23.600000381469727,23.649999618530273,10190,0.0,0.0
2023-09-13 09:00:00+08:00,23.75,24.299999237060547,23.700000762939453,24.100000381469727,0,0.0,0.0
2023-09-13 10:00:00+08:00,24.100000381469727,24.149999618530273,23.899999618530273,23.899999618530273,24000,0.0,0.0
2023-09-13 11:00:00+08:00,23.899999618530273,23.899999618530273,23.75,23.75,15000,0.0,0.0
2023-09-13 12:00:00+08:00,23.75,24.049999237060547,23.75,24.049999237060547,31000,0.0,0.0
2023-09-13 13:00:00+08:00,24.049999237060547,24.049999237060547,23.899999618530273,24.0,16304,0.0,0.0
2023-09-14 09:00:00+08:00,24.149999618530273,24.649999618530273,24.100000381469727,24.549999237060547,0,0.0,0.0
2023-09-14 10:00:00+08:00,24.600000381469727,25.399999618530273,24.600000381469727,25.100000381469727,333241,0.0,0.0
2023-09-14 11:00:00+08:00,25.100000381469727,25.649999618530273,25.100000381469727,25.299999237060547,214000,0.0,0.0
2023-09-14 12:00:00+08:00,25.350000381469727,25.399999618530273,25.25,25.25,72391,0.0,0.0
2023-09-14 13:00:00+08:00,25.200000762939453,25.450000762939453,25.100000381469727,25.350000381469727,107566,0.0,0.0
2023-09-15 09:00:00+08:00,25.700000762939453,25.899999618530273,25.0,25.700000762939453,0,0.0,0.0
2023-09-15 10:00:00+08:00,25.700000762939453,25.799999237060547,25.299999237060547,25.700000762939453,115060,0.0,0.0
2023-09-15 11:00:00+08:00,25.649999618530273,26.399999618530273,25.450000762939453,25.950000762939453,904753,0.0,0.0
2023-09-15 12:00:00+08:00,25.899999618530273,26.450000762939453,25.899999618530273,26.350000381469727,267345,0.0,0.0
2023-09-15 13:00:00+08:00,26.299999237060547,26.399999618530273,26.049999237060547,26.200000762939453,194530,0.0,0.0
2023-09-18 09:00:00+08:00,27.149999618530273,27.149999618530273,25.899999618530273,26.25,0,0.0,0.0
2023-09-18 10:00:00+08:00,26.25,26.850000381469727,26.049999237060547,26.5,260671,0.0,0.0
2023-09-18 11:00:00+08:00,26.5,26.950000762939453,26.25,26.549999237060547,162200,0.0,0.0
2023-09-18 12:00:00+08:00,26.549999237060547,26.549999237060547,26.299999237060547,26.350000381469727,108228,0.0,0.0
2023-09-18 13:00:00+08:00,26.350000381469727,27.200000762939453,26.350000381469727,27.200000762939453,425500,0.0,0.0
2023-09-19 09:00:00+08:00,27.100000381469727,27.25,26.450000762939453,26.450000762939453,467870,0.0,0.0
2023-09-19 10:00:00+08:00,26.75,26.850000381469727,26.5,26.549999237060547,83501,0.0,0.0
2023-09-19 11:00:00+08:00,26.600000381469727,26.649999618530273,26.399999618530273,26.399999618530273,75287,0.0,0.0
2023-09-19 12:00:00+08:00,26.399999618530273,26.5,26.100000381469727,26.200000762939453,111109,0.0,0.0
2023-09-19 13:00:00+08:00,26.25,26.299999237060547,26.149999618530273,26.200000762939453,69430,0.0,0.0
2023-09-20 09:00:00+08:00,26.0,26.350000381469727,26.0,26.299999237060547,0,0.0,0.0
2023-09-20 10:00:00+08:00,26.299999237060547,26.299999237060547,26.100000381469727,26.100000381469727,28008,0.0,0.0
2023-09-20 11:00:00+08:00,26.049999237060547,26.049999237060547,25.700000762939453,25.700000762939453,54089,0.0,0.0
2023-09-20 12:00:00+08:00,25.600000381469727,25.600000381469727,25.299999237060547,25.450000762939453,55542,0.0,0.0
2023-09-20 13:00:00+08:00,25.450000762939453,25.450000762939453,25.299999237060547,25.450000762939453,78148,0.0,0.0
2023-09-21 09:00:00+08:00,25.549999237060547,25.549999237060547,24.950000762939453,25.100000381469727,0,0.0,0.0
2023-09-21 10:00:00+08:00,25.100000381469727,25.600000381469727,25.100000381469727,25.25,41100,0.0,0.0
2023-09-21 11:00:00+08:00,25.299999237060547,25.600000381469727,25.25,25.25,35036,0.0,0.0
2023-09-21 12:00:00+08:00,25.200000762939453,25.450000762939453,25.100000381469727,25.200000762939453,71217,0.0,0.0
2023-09-21 13:00:00+08:00,25.149999618530273,25.200000762939453,25.100000381469727,25.200000762939453,42173,0.0,0.0
2023-09-22 09:00:00+08:00,24.899999618530273,25.799999237060547,24.75,25.600000381469727,0,0.0,0.0
2023-09-22 10:00:00+08:00,25.5,25.5,25.399999618530273,25.450000762939453,30049,0.0,0.0
2023-09-22 11:00:00+08:00,25.399999618530273,25.549999237060547,25.350000381469727,25.350000381469727,20082,0.0,0.0
2023-09-22 12:00:00+08:00,25.399999618530273,25.450000762939453,25.299999237060547,25.350000381469727,30100,0.0,0.0
2023-09-22 13:00:00+08:00,25.350000381469727,25.549999237060547,25.350000381469727,25.5,23100,0.0,0.0
2023-09-25 09:00:00+08:00,25.649999618530273,25.649999618530273,25.25,25.299999237060547,0,0.0,0.0
2023-09-25 10:00:00+08:00,25.299999237060547,25.299999237060547,25.25,25.25,18092,0.0,0.0
2023-09-25 11:00:00+08:00,25.299999237060547,25.299999237060547,25.299999237060547,25.299999237060547,6000,0.0,0.0
2023-09-25 12:00:00+08:00,25.299999237060547,25.299999237060547,24.700000762939453,24.850000381469727,202400,0.0,0.0
2023-09-25 13:00:00+08:00,24.850000381469727,24.850000381469727,24.5,24.5,107230,0.0,0.0
2023-09-26 09:00:00+08:00,24.549999237060547,24.899999618530273,24.399999618530273,24.700000762939453,0,0.0,0.0
2023-09-26 10:00:00+08:00,24.600000381469727,25.5,24.399999618530273,25.350000381469727,131574,0.0,0.0
2023-09-26 11:00:00+08:00,25.350000381469727,26.450000762939453,25.350000381469727,26.149999618530273,385409,0.0,0.0
2023-09-26 12:00:00+08:00,26.049999237060547,26.299999237060547,25.5,25.600000381469727,303400,0.0,0.0
2023-09-26 13:00:00+08:00,25.600000381469727,25.600000381469727,25.350000381469727,25.350000381469727,64057,0.0,0.0
2023-09-27 09:00:00+08:00,25.350000381469727,25.799999237060547,25.049999237060547,25.299999237060547,0,0.0,0.0
2023-09-27 10:00:00+08:00,25.350000381469727,25.700000762939453,25.149999618530273,25.600000381469727,114200,0.0,0.0
2023-09-27 11:00:00+08:00,25.549999237060547,25.700000762939453,25.549999237060547,25.600000381469727,41200,0.0,0.0
2023-09-27 12:00:00+08:00,25.649999618530273,26.149999618530273,25.600000381469727,26.100000381469727,200095,0.0,0.0
2023-09-27 13:00:00+08:00,26.049999237060547,26.149999618530273,25.75,25.799999237060547,83000,0.0,0.0
2023-09-28 09:00:00+08:00,26.0,26.149999618530273,25.600000381469727,25.850000381469727,0,0.0,0.0
2023-09-28 10:00:00+08:00,25.899999618530273,25.950000762939453,25.649999618530273,25.649999618530273,55025,0.0,0.0
2023-09-28 11:00:00+08:00,25.600000381469727,25.649999618530273,25.399999618530273,25.399999618530273,64060,0.0,0.0
2023-09-28 12:00:00+08:00,25.450000762939453,25.600000381469727,25.399999618530273,25.450000762939453,35442,0.0,0.0
2023-09-28 13:00:00+08:00,25.450000762939453,25.75,25.399999618530273,25.549999237060547,22152,0.0,0.0
2023-10-02 09:00:00+08:00,25.75,25.75,25.450000762939453,25.5,0,0.0,0.0
2023-10-02 10:00:00+08:00,25.450000762939453,25.450000762939453,25.049999237060547,25.350000381469727,30202,0.0,0.0
2023-10-02 11:00:00+08:00,25.25,25.25,25.0,25.200000762939453,42000,0.0,0.0
2023-10-02 12:00:00+08:00,25.149999618530273,25.200000762939453,25.0,25.049999237060547,36020,0.0,0.0
2023-10-02 13:00:00+08:00,25.0,25.049999237060547,24.799999237060547,25.0,55430,0.0,0.0
2023-10-03 09:00:00+08:00,25.0,25.0,24.5,24.549999237060547,0,0.0,0.0
2023-10-03 10:00:00+08:00,24.649999618530273,24.799999237060547,24.5,24.549999237060547,29000,0.0,0.0
2023-10-03 11:00:00+08:00,24.549999237060547,24.549999237060547,24.149999618530273,24.25,99800,0.0,0.0
2023-10-03 12:00:00+08:00,24.200000762939453,24.25,24.100000381469727,24.100000381469727,80675,0.0,0.0
2023-10-03 13:00:00+08:00,24.049999237060547,24.049999237060547,23.799999237060547,23.799999237060547,83090,0.0,0.0
2023-10-04 09:00:00+08:00,23.450000762939453,23.700000762939453,23.200000762939453,23.649999618530273,0,0.0,0.0
2023-10-04 10:00:00+08:00,23.600000381469727,23.600000381469727,23.049999237060547,23.200000762939453,219113,0.0,0.0
2023-10-04 11:00:00+08:00,23.149999618530273,23.200000762939453,23.049999237060547,23.049999237060547,83150,0.0,0.0
2023-10-04 12:00:00+08:00,23.100000381469727,23.149999618530273,23.0,23.149999618530273,35552,0.0,0.0
2023-10-04 13:00:00+08:00,23.100000381469727,23.200000762939453,23.049999237060547,23.049999237060547,51000,0.0,0.0
2023-10-05 09:00:00+08:00,23.25,23.350000381469727,23.200000762939453,23.299999237060547,0,0.0,0.0
2023-10-05 10:00:00+08:00,23.299999237060547,23.399999618530273,23.299999237060547,23.399999618530273,28009,0.0,0.0
2023-10-05 11:00:00+08:00,23.399999618530273,23.399999618530273,23.25,23.25,28130,0.0,0.0
2023-10-05 12:00:00+08:00,23.25,23.299999237060547,23.100000381469727,23.200000762939453,35070,0.0,0.0
2023-10-05 13:00:00+08:00,23.200000762939453,23.200000762939453,23.100000381469727,23.100000381469727,11015,0.0,0.0
2023-10-06 09:00:00+08:00,23.600000381469727,23.600000381469727,23.299999237060547,23.600000381469727,0,0.0,0.0
2023-10-06 10:00:00+08:00,23.600000381469727,23.850000381469727,23.600000381469727,23.600000381469727,70018,0.0,0.0
2023-10-06 11:00:00+08:00,23.649999618530273,23.75,23.649999618530273,23.700000762939453,27050,0.0,0.0
2023-10-06 12:00:00+08:00,23.649999618530273,23.649999618530273,23.5,23.5,37007,0.0,0.0
2023-10-06 13:00:00+08:00,23.549999237060547,23.549999237060547,23.399999618530273,23.5,21030,0.0,0.0
2023-10-11 09:00:00+08:00,23.350000381469727,23.399999618530273,22.100000381469727,22.399999618530273,9971,0.0,0.0
2023-10-11 10:00:00+08:00,22.399999618530273,22.450000762939453,22.200000762939453,22.200000762939453,74321,0.0,0.0
2023-10-11 11:00:00+08:00,22.200000762939453,22.200000762939453,22.100000381469727,22.200000762939453,77010,0.0,0.0
2023-10-11 12:00:00+08:00,22.200000762939453,22.200000762939453,21.950000762939453,22.0,90613,0.0,0.0
2023-10-11 13:00:00+08:00,21.950000762939453,21.950000762939453,21.75,21.75,50000,0.0,0.0
2023-10-12 09:00:00+08:00,21.950000762939453,22.049999237060547,21.649999618530273,21.799999237060547,37500,0.0,0.0
2023-10-12 10:00:00+08:00,21.899999618530273,22.149999618530273,21.899999618530273,22.0,13000,0.0,0.0
2023-10-12 11:00:00+08:00,22.0,22.25,21.950000762939453,22.0,30010,0.0,0.0
2023-10-12 12:00:00+08:00,22.149999618530273,22.149999618530273,22.100000381469727,22.100000381469727,23000,0.0,0.0
2023-10-12 13:00:00+08:00,22.100000381469727,22.100000381469727,22.100000381469727,22.100000381469727,4000,0.0,0.0
2023-10-13 09:00:00+08:00,22.049999237060547,22.049999237060547,21.799999237060547,21.899999618530273,0,0.0,0.0
2023-10-13 10:00:00+08:00,22.149999618530273,22.149999618530273,21.600000381469727,21.700000762939453,54400,0.0,0.0
2023-10-13 11:00:00+08:00,21.75,21.850000381469727,21.75,21.850000381469727,6000,0.0,0.0
2023-10-13 12:00:00+08:00,21.700000762939453,21.899999618530273,21.649999618530273,21.850000381469727,30250,0.0,0.0
2023-10-13 13:00:00+08:00,21.799999237060547,21.850000381469727,21.649999618530273,21.649999618530273,43000,0.0,0.0
2023-10-16 09:00:00+08:00,21.350000381469727,21.600000381469727,21.299999237060547,21.549999237060547,0,0.0,0.0
2023-10-16 10:00:00+08:00,21.399999618530273,21.399999618530273,21.399999618530273,21.399999618530273,1000,0.0,0.0
2023-10-16 11:00:00+08:00,21.25,21.450000762939453,21.0,21.450000762939453,97100,0.0,0.0
2023-10-16 12:00:00+08:00,21.049999237060547,21.149999618530273,20.950000762939453,21.100000381469727,30000,0.0,0.0
2023-10-16 13:00:00+08:00,21.100000381469727,21.149999618530273,21.100000381469727,21.100000381469727,5000,0.0,0.0
2023-10-17 09:00:00+08:00,21.299999237060547,21.399999618530273,21.100000381469727,21.299999237060547,0,0.0,0.0
2023-10-17 10:00:00+08:00,21.25,21.299999237060547,21.049999237060547,21.049999237060547,25115,0.0,0.0
2023-10-17 11:00:00+08:00,21.049999237060547,21.049999237060547,21.0,21.0,15000,0.0,0.0
2023-10-17 12:00:00+08:00,20.899999618530273,20.899999618530273,20.5,20.799999237060547,50302,0.0,0.0
2023-10-17 13:00:00+08:00,20.700000762939453,20.700000762939453,20.399999618530273,20.5,25124,0.0,0.0
2023-10-18 09:00:00+08:00,20.5,20.5,20.0,20.399999618530273,0,0.0,0.0
2023-10-18 10:00:00+08:00,20.399999618530273,20.399999618530273,20.049999237060547,20.100000381469727,21000,0.0,0.0
2023-10-18 11:00:00+08:00,20.049999237060547,20.350000381469727,20.0,20.350000381469727,78000,0.0,0.0
2023-10-18 12:00:00+08:00,20.350000381469727,20.75,20.350000381469727,20.5,87000,0.0,0.0
2023-10-18 13:00:00+08:00,20.350000381469727,20.549999237060547,20.25,20.25,39000,0.0,0.0
2023-10-19 09:00:00+08:00,20.600000381469727,22.399999618530273,20.600000381469727,22.399999618530273,174794,0.0,0.0
2023-10-19 10:00:00+08:00,22.399999618530273,22.399999618530273,22.399999618530273,22.399999618530273,80045,0.0,0.0
2023-10-19 11:00:00+08:00,22.399999618530273,22.399999618530273,22.399999618530273,22.399999618530273,34000,0.0,0.0
2023-10-19 12:00:00+08:00,22.399999618530273,22.399999618530273,22.399999618530273,22.399999618530273,8150,0.0,0.0
2023-10-19 13:00:00+08:00,22.399999618530273,22.399999618530273,22.399999618530273,22.399999618530273,2000,0.0,0.0
2023-10-20 09:00:00+08:00,23.899999618530273,24.200000762939453,23.100000381469727,23.399999618530273,1033868,0.0,0.0
2023-10-20 10:00:00+08:00,23.399999618530273,24.299999237060547,23.200000762939453,24.149999618530273,600934,0.0,0.0
2023-10-20 11:00:00+08:00,24.100000381469727,24.600000381469727,23.600000381469727,23.600000381469727,2460506,0.0,0.0
2023-10-20 12:00:00+08:00,23.600000381469727,24.25,23.149999618530273,24.049999237060547,625001,0.0,0.0
2023-10-20 13:00:00+08:00,24.0,24.0,23.549999237060547,23.549999237060547,148252,0.0,0.0
2023-10-23 09:00:00+08:00,23.049999237060547,23.799999237060547,23.049999237060547,23.25,0,0.0,0.0
2023-10-23 10:00:00+08:00,23.200000762939453,23.350000381469727,23.049999237060547,23.149999618530273,108050,0.0,0.0
2023-10-23 11:00:00+08:00,23.100000381469727,23.399999618530273,22.5,22.549999237060547,299528,0.0,0.0
2023-10-23 12:00:00+08:00,22.600000381469727,22.649999618530273,22.399999618530273,22.5,128030,0.0,0.0
2023-10-23 13:00:00+08:00,22.5,22.5,22.399999618530273,22.5,79172,0.0,0.0
2023-10-24 09:00:00+08:00,22.25,22.799999237060547,22.25,22.5,0,0.0,0.0
2023-10-24 10:00:00+08:00,22.549999237060547,23.25,22.549999237060547,22.899999618530273,320437,0.0,0.0
2023-10-24 11:00:00+08:00,22.850000381469727,22.950000762939453,22.649999618530273,22.850000381469727,28002,0.0,0.0
2023-10-24 12:00:00+08:00,22.75,22.75,22.600000381469727,22.600000381469727,69000,0.0,0.0
2023-10-24 13:00:00+08:00,22.75,23.649999618530273,22.700000762939453,23.600000381469727,162149,0.0,0.0
2023-10-25 09:00:00+08:00,23.649999618530273,24.149999618530273,23.399999618530273,23.649999618530273,0,0.0,0.0
2023-10-25 10:00:00+08:00,23.649999618530273,24.350000381469727,23.600000381469727,24.200000762939453,400224,0.0,0.0
2023-10-25 11:00:00+08:00,24.149999618530273,24.299999237060547,24.100000381469727,24.149999618530273,171101,0.0,0.0
2023-10-25 12:00:00+08:00,24.149999618530273,24.649999618530273,23.950000762939453,24.100000381469727,361140,0.0,0.0
2023-10-25 13:00:00+08:00,24.0,24.25,23.950000762939453,23.950000762939453,92052,0.0,0.0
2023-10-26 09:00:00+08:00,23.700000762939453,24.75,23.649999618530273,24.399999618530273,0,0.0,0.0
2023-10-26 10:00:00+08:00,24.399999618530273,24.5,23.700000762939453,23.700000762939453,192146,0.0,0.0
2023-10-26 11:00:00+08:00,23.700000762939453,23.850000381469727,23.700000762939453,23.75,52050,0.0,0.0
2023-10-26 12:00:00+08:00,23.75,24.100000381469727,23.700000762939453,24.0,56450,0.0,0.0
2023-10-26 13:00:00+08:00,24.0,24.0,23.700000762939453,23.700000762939453,69000,0.0,0.0
2023-10-27 09:00:00+08:00,24.350000381469727,25.899999618530273,23.950000762939453,25.850000381469727,841357,0.0,0.0
2023-10-27 10:00:00+08:00,25.799999237060547,26.049999237060547,24.399999618530273,24.600000381469727,3251667,0.0,0.0
2023-10-27 11:00:00+08:00,24.600000381469727,24.700000762939453,24.200000762939453,24.450000762939453,606037,0.0,0.0
2023-10-27 12:00:00+08:00,24.450000762939453,25.100000381469727,24.25,24.450000762939453,896485,0.0,0.0
2023-10-27 13:00:00+08:00,24.450000762939453,24.450000762939453,24.200000762939453,24.299999237060547,205062,0.0,0.0
2023-10-30 09:00:00+08:00,23.700000762939453,23.799999237060547,23.100000381469727,23.350000381469727,0,0.0,0.0
2023-10-30 10:00:00+08:00,23.350000381469727,23.350000381469727,23.100000381469727,23.149999618530273,187294,0.0,0.0
2023-10-30 11:00:00+08:00,23.149999618530273,23.299999237060547,23.100000381469727,23.100000381469727,77255,0.0,0.0
2023-10-30 12:00:00+08:00,23.100000381469727,23.200000762939453,23.100000381469727,23.100000381469727,94097,0.0,0.0
2023-10-30 13:00:00+08:00,23.100000381469727,23.200000762939453,23.049999237060547,23.049999237060547,94110,0.0,0.0
2023-10-31 09:00:00+08:00,22.950000762939453,23.299999237060547,22.799999237060547,22.799999237060547,0,0.0,0.0
2023-10-31 10:00:00+08:00,22.799999237060547,22.850000381469727,22.149999618530273,22.299999237060547,235494,0.0,0.0
2023-10-31 11:00:00+08:00,22.299999237060547,22.350000381469727,22.100000381469727,22.100000381469727,115039,0.0,0.0
2023-10-31 12:00:00+08:00,22.100000381469727,22.149999618530273,21.899999618530273,21.950000762939453,170642,0.0,0.0
2023-10-31 13:00:00+08:00,22.0,22.0,21.850000381469727,21.899999618530273,41100,0.0,0.0
2023-11-01 09:00:00+08:00,21.950000762939453,22.149999618530273,21.75,21.850000381469727,0,0.0,0.0
2023-11-01 10:00:00+08:00,21.899999618530273,21.899999618530273,21.75,21.850000381469727,44018,0.0,0.0
2023-11-01 11:00:00+08:00,21.799999237060547,21.850000381469727,21.799999237060547,21.850000381469727,16000,0.0,0.0
2023-11-01 12:00:00+08:00,21.899999618530273,21.899999618530273,21.75,21.899999618530273,0,0.0,0.0
2023-11-01 13:00:00+08:00,21.899999618530273,22.100000381469727,21.850000381469727,22.0,236423,0.0,0.0
2023-11-02 09:00:00+08:00,22.5,22.850000381469727,22.5,22.5,140000,0.0,0.0
2023-11-02 10:00:00+08:00,22.5,22.549999237060547,22.5,22.5,13269,0.0,0.0
2023-11-02 11:00:00+08:00,22.549999237060547,22.600000381469727,22.5,22.549999237060547,14000,0.0,0.0
2023-11-02 12:00:00+08:00,22.549999237060547,22.600000381469727,22.5,22.5,31000,0.0,0.0
2023-11-02 13:00:00+08:00,22.549999237060547,22.549999237060547,22.5,22.549999237060547,15000,0.0,0.0
2023-11-03 09:00:00+08:00,22.299999237060547,22.649999618530273,22.299999237060547,22.549999237060547,0,0.0,0.0
2023-11-03 10:00:00+08:00,22.5,23.0,22.5,22.950000762939453,0,0.0,0.0
2023-11-03 11:00:00+08:00,22.899999618530273,23.299999237060547,22.899999618530273,23.0,261001,0.0,0.0
2023-11-03 12:00:00+08:00,23.0,23.200000762939453,23.0,23.049999237060547,53000,0.0,0.0
2023-11-03 13:00:00+08:00,23.049999237060547,23.049999237060547,23.0,23.0,31120,0.0,0.0
2023-11-06 09:00:00+08:00,23.100000381469727,23.450000762939453,23.100000381469727,23.350000381469727,0,0.0,0.0
2023-11-06 10:00:00+08:00,23.25,23.450000762939453,23.149999618530273,23.25,100000,0.0,0.0
2023-11-06 11:00:00+08:00,23.149999618530273,23.299999237060547,22.950000762939453,23.200000762939453,78000,0.0,0.0
2023-11-06 12:00:00+08:00,23.200000762939453,23.25,23.0,23.100000381469727,73001,0.0,0.0
2023-11-06 13:00:00+08:00,23.049999237060547,23.149999618530273,23.0,23.100000381469727,27000,0.0,0.0
2023-11-07 09:00:00+08:00,23.049999237060547,23.399999618530273,22.950000762939453,23.049999237060547,0,0.0,0.0
2023-11-07 10:00:00+08:00,23.0,23.350000381469727,23.0,23.299999237060547,39000,0.0,0.0
2023-11-07 11:00:00+08:00,23.200000762939453,23.399999618530273,23.149999618530273,23.149999618530273,54000,0.0,0.0
2023-11-07 12:00:00+08:00,23.149999618530273,23.350000381469727,23.149999618530273,23.25,28000,0.0,0.0
2023-11-07 13:00:00+08:00,23.25,23.350000381469727,23.149999618530273,23.350000381469727,34000,0.0,0.0
2023-11-08 09:00:00+08:00,23.5,23.600000381469727,23.149999618530273,23.549999237060547,0,0.0,0.0
2023-11-08 10:00:00+08:00,23.399999618530273,23.850000381469727,23.399999618530273,23.850000381469727,98000,0.0,0.0
2023-11-08 11:00:00+08:00,23.75,23.75,23.600000381469727,23.700000762939453,52000,0.0,0.0
2023-11-08 12:00:00+08:00,23.700000762939453,23.700000762939453,23.549999237060547,23.649999618530273,35436,0.0,0.0
2023-11-08 13:00:00+08:00,23.600000381469727,23.75,23.600000381469727,23.75,30020,0.0,0.0
2023-11-09 09:00:00+08:00,23.799999237060547,23.850000381469727,23.350000381469727,23.700000762939453,0,0.0,0.0
2023-11-09 10:00:00+08:00,23.700000762939453,23.75,23.5,23.700000762939453,87000,0.0,0.0
2023-11-09 11:00:00+08:00,23.700000762939453,23.950000762939453,23.5,23.950000762939453,134002,0.0,0.0
2023-11-09 12:00:00+08:00,23.950000762939453,24.75,23.899999618530273,24.399999618530273,459340,0.0,0.0
2023-11-09 13:00:00+08:00,24.399999618530273,24.450000762939453,24.25,24.25,29040,0.0,0.0
2023-11-10 09:00:00+08:00,24.049999237060547,24.649999618530273,24.049999237060547,24.149999618530273,0,0.0,0.0
2023-11-10 10:00:00+08:00,24.149999618530273,24.25,23.75,23.799999237060547,104208,0.0,0.0
2023-11-10 11:00:00+08:00,23.850000381469727,23.899999618530273,23.399999618530273,23.5,144043,0.0,0.0
2023-11-10 12:00:00+08:00,23.5,23.75,23.350000381469727,23.75,64000,0.0,0.0
2023-11-10 13:00:00+08:00,23.5,23.5,23.200000762939453,23.25,48000,0.0,0.0
2023-11-13 09:00:00+08:00,23.25,23.600000381469727,23.100000381469727,23.600000381469727,0,0.0,0.0
2023-11-13 10:00:00+08:00,23.600000381469727,24.049999237060547,23.450000762939453,23.899999618530273,111000,0.0,0.0
2023-11-13 11:00:00+08:00,23.850000381469727,23.850000381469727,23.75,23.850000381469727,20000,0.0,0.0
2023-11-13 12:00:00+08:00,23.850000381469727,23.899999618530273,23.75,23.799999237060547,32000,0.0,0.0
2023-11-13 13:00:00+08:00,23.799999237060547,23.799999237060547,23.75,23.799999237060547,13000,0.0,0.0
2023-11-14 09:00:00+08:00,23.899999618530273,24.25,23.899999618530273,24.25,0,0.0,0.0
2023-11-14 10:00:00+08:00,24.200000762939453,24.299999237060547,23.799999237060547,24.049999237060547,136032,0.0,0.0
2023-11-14 11:00:00+08:00,24.049999237060547,24.049999237060547,23.75,24.0,78000,0.0,0.0
2023-11-14 12:00:00+08:00,23.950000762939453,23.950000762939453,23.700000762939453,23.850000381469727,27152,0.0,0.0
2023-11-14 13:00:00+08:00,23.850000381469727,23.850000381469727,23.5,23.649999618530273,50000,0.0,0.0
2023-11-15 09:00:00+08:00,23.75,23.850000381469727,23.549999237060547,23.850000381469727,0,0.0,0.0
2023-11-15 10:00:00+08:00,23.850000381469727,23.850000381469727,23.600000381469727,23.600000381469727,30000,0.0,0.0
2023-11-15 11:00:00+08:00,23.600000381469727,23.700000762939453,23.600000381469727,23.700000762939453,12100,0.0,0.0
2023-11-15 12:00:00+08:00,23.700000762939453,23.75,23.5,23.5,55000,0.0,0.0
2023-11-15 13:00:00+08:00,23.399999618530273,23.600000381469727,23.350000381469727,23.600000381469727,22330,0.0,0.0
2023-11-16 09:00:00+08:00,23.450000762939453,23.649999618530273,23.450000762939453,23.600000381469727,0,0.0,0.0
2023-11-16 10:00:00+08:00,23.5,23.600000381469727,23.299999237060547,23.600000381469727,28000,0.0,0.0
2023-11-16 11:00:00+08:00,23.549999237060547,23.649999618530273,23.399999618530273,23.649999618530273,10000,0.0,0.0
2023-11-16 12:00:00+08:00,23.600000381469727,23.649999618530273,23.450000762939453,23.450000762939453,9000,0.0,0.0
2023-11-16 13:00:00+08:00,23.450000762939453,23.450000762939453,23.399999618530273,23.399999618530273,6000,0.0,0.0
2023-11-17 09:00:00+08:00,23.350000381469727,23.350000381469727,23.299999237060547,23.299999237060547,0,0.0,0.0
2023-11-17 10:00:00+08:00,23.299999237060547,23.299999237060547,23.100000381469727,23.100000381469727,81000,0.0,0.0
2023-11-17 11:00:00+08:00,23.100000381469727,23.100000381469727,23.100000381469727,23.100000381469727,16000,0.0,0.0
2023-11-17 12:00:00+08:00,23.149999618530273,23.25,22.75,23.100000381469727,143004,0.0,0.0
2023-11-17 13:00:00+08:00,23.0,23.149999618530273,22.950000762939453,23.149999618530273,19175,0.0,0.0
2023-11-20 09:00:00+08:00,23.0,23.299999237060547,22.950000762939453,23.25,0,0.0,0.0
2023-11-20 10:00:00+08:00,23.25,23.600000381469727,23.049999237060547,23.299999237060547,67000,0.0,0.0
2023-11-20 11:00:00+08:00,23.25,23.549999237060547,23.149999618530273,23.549999237060547,62000,0.0,0.0
2023-11-20 12:00:00+08:00,23.5,23.700000762939453,23.399999618530273,23.450000762939453,60042,0.0,0.0
2023-11-20 13:00:00+08:00,23.450000762939453,23.450000762939453,23.350000381469727,23.350000381469727,13000,0.0,0.0
2023-11-21 09:00:00+08:00,23.950000762939453,25.600000381469727,23.950000762939453,24.549999237060547,3657012,0.0,0.0
2023-11-21 10:00:00+08:00,24.549999237060547,24.700000762939453,24.149999618530273,24.200000762939453,479014,0.0,0.0
2023-11-21 11:00:00+08:00,24.200000762939453,24.200000762939453,23.799999237060547,23.950000762939453,346065,0.0,0.0
2023-11-21 12:00:00+08:00,23.950000762939453,24.100000381469727,23.950000762939453,24.0,160145,0.0,0.0
2023-11-21 13:00:00+08:00,24.0,24.0,23.350000381469727,23.5,258200,0.0,0.0
2023-11-22 09:00:00+08:00,23.549999237060547,23.899999618530273,23.0,23.549999237060547,0,0.0,0.0
2023-11-22 10:00:00+08:00,23.549999237060547,23.700000762939453,23.399999618530273,23.549999237060547,67258,0.0,0.0
2023-11-22 11:00:00+08:00,23.700000762939453,23.850000381469727,23.600000381469727,23.600000381469727,86000,0.0,0.0
2023-11-22 12:00:00+08:00,23.649999618530273,23.649999618530273,23.299999237060547,23.299999237060547,137000,0.0,0.0
2023-11-22 13:00:00+08:00,23.299999237060547,23.549999237060547,23.299999237060547,23.549999237060547,77010,0.0,0.0
2023-11-23 09:00:00+08:00,23.600000381469727,24.149999618530273,23.600000381469727,23.850000381469727,0,0.0,0.0
2023-11-23 10:00:00+08:00,23.799999237060547,23.899999618530273,23.700000762939453,23.899999618530273,55080,0.0,0.0
2023-11-23 11:00:00+08:00,23.899999618530273,24.049999237060547,23.850000381469727,23.850000381469727,76000,0.0,0.0
2023-11-23 12:00:00+08:00,23.850000381469727,23.850000381469727,23.700000762939453,23.700000762939453,41102,0.0,0.0
2023-11-23 13:00:00+08:00,23.649999618530273,23.75,23.649999618530273,23.649999618530273,31000,0.0,0.0
2023-11-24 09:00:00+08:00,23.899999618530273,23.899999618530273,23.549999237060547,23.549999237060547,0,0.0,0.0
2023-11-24 10:00:00+08:00,23.549999237060547,23.600000381469727,23.5,23.549999237060547,31059,0.0,0.0
2023-11-24 11:00:00+08:00,23.549999237060547,23.649999618530273,23.5,23.549999237060547,12000,0.0,0.0
2023-11-24 12:00:00+08:00,23.549999237060547,23.549999237060547,23.350000381469727,23.350000381469727,86051,0.0,0.0
2023-11-24 13:00:00+08:00,23.350000381469727,23.350000381469727,23.200000762939453,23.350000381469727,86355,0.0,0.0
2023-11-27 09:00:00+08:00,23.25,23.299999237060547,22.899999618530273,22.950000762939453,0,0.0,0.0
2023-11-27 10:00:00+08:00,22.950000762939453,23.100000381469727,22.899999618530273,23.100000381469727,20000,0.0,0.0
2023-11-27 11:00:00+08:00,23.100000381469727,23.100000381469727,22.799999237060547,22.850000381469727,73265,0.0,0.0
2023-11-27 12:00:00+08:00,22.850000381469727,22.850000381469727,22.75,22.799999237060547,62000,0.0,0.0
2023-11-27 13:00:00+08:00,22.799999237060547,22.799999237060547,22.5,22.549999237060547,71239,0.0,0.0
2023-11-28 09:00:00+08:00,22.600000381469727,22.950000762939453,22.600000381469727,22.899999618530273,0,0.0,0.0
2023-11-28 10:00:00+08:00,22.799999237060547,22.950000762939453,22.799999237060547,22.850000381469727,18273,0.0,0.0
2023-11-28 11:00:00+08:00,22.850000381469727,22.850000381469727,22.600000381469727,22.700000762939453,32000,0.0,0.0
2023-11-28 12:00:00+08:00,22.75,22.75,22.700000762939453,22.75,23155,0.0,0.0
2023-11-28 13:00:00+08:00,22.700000762939453,22.799999237060547,22.649999618530273,22.649999618530273,30000,0.0,0.0
2023-11-29 09:00:00+08:00,22.649999618530273,23.049999237060547,22.649999618530273,22.950000762939453,31181,0.0,0.0
2023-11-29 10:00:00+08:00,22.950000762939453,23.0,22.799999237060547,22.850000381469727,24538,0.0,0.0
2023-11-29 11:00:00+08:00,22.899999618530273,22.899999618530273,22.899999618530273,22.899999618530273,12200,0.0,0.0
2023-11-29 12:00:00+08:00,22.850000381469727,22.899999618530273,22.850000381469727,22.850000381469727,24190,0.0,0.0
2023-11-29 13:00:00+08:00,22.899999618530273,22.950000762939453,22.899999618530273,22.899999618530273,9000,0.0,0.0
2023-11-30 09:00:00+08:00,23.100000381469727,23.149999618530273,22.950000762939453,23.0,0,0.0,0.0
2023-11-30 10:00:00+08:00,23.0,23.200000762939453,23.0,23.200000762939453,39000,0.0,0.0
2023-11-30 11:00:00+08:00,23.200000762939453,23.200000762939453,23.100000381469727,23.100000381469727,16000,0.0,0.0
2023-11-30 12:00:00+08:00,23.149999618530273,23.149999618530273,23.0,23.0,39640,0.0,0.0
2023-11-30 13:00:00+08:00,22.950000762939453,23.0,22.799999237060547,22.850000381469727,27306,0.0,0.0
2023-12-01 09:00:00+08:00,22.899999618530273,23.25,22.600000381469727,22.850000381469727,0,0.0,0.0
2023-12-01 10:00:00+08:00,22.850000381469727,23.0,22.850000381469727,23.0,146167,0.0,0.0
2023-12-01 11:00:00+08:00,22.899999618530273,22.950000762939453,22.850000381469727,22.850000381469727,29010,0.0,0.0
2023-12-01 12:00:00+08:00,22.850000381469727,23.049999237060547,22.850000381469727,23.049999237060547,34000,0.0,0.0
2023-12-01 13:00:00+08:00,23.0,23.049999237060547,23.0,23.0,15083,0.0,0.0
2023-12-04 09:00:00+08:00,23.149999618530273,24.299999237060547,23.100000381469727,23.850000381469727,23750,0.0,0.0
2023-12-04 10:00:00+08:00,23.799999237060547,24.100000381469727,23.600000381469727,24.049999237060547,113620,0.0,0.0
2023-12-04 11:00:00+08:00,24.049999237060547,24.75,24.0,24.350000381469727,521121,0.0,0.0
2023-12-04 12:00:00+08:00,24.350000381469727,25.350000381469727,24.200000762939453,25.350000381469727,1021073,0.0,0.0
2023-12-04 13:00:00+08:00,25.350000381469727,25.350000381469727,25.350000381469727,25.350000381469727,275241,0.0,0.0
2023-12-05 09:00:00+08:00,26.200000762939453,26.649999618530273,24.950000762939453,26.350000381469727,2934690,0.0,0.0
2023-12-05 10:00:00+08:00,26.350000381469727,27.350000381469727,25.700000762939453,26.799999237060547,2448997,0.0,0.0
2023-12-05 11:00:00+08:00,26.799999237060547,27.100000381469727,26.649999618530273,26.850000381469727,482638,0.0,0.0
2023-12-05 12:00:00+08:00,26.850000381469727,26.850000381469727,26.049999237060547,26.299999237060547,563608,0.0,0.0
2023-12-05 13:00:00+08:00,26.350000381469727,26.399999618530273,26.049999237060547,26.100000381469727,373461,0.0,0.0
2023-12-06 09:00:00+08:00,26.549999237060547,27.350000381469727,26.299999237060547,26.600000381469727,0,0.0,0.0
2023-12-06 10:00:00+08:00,26.600000381469727,26.75,26.399999618530273,26.600000381469727,307913,0.0,0.0
2023-12-06 11:00:00+08:00,26.600000381469727,26.700000762939453,26.5,26.549999237060547,197570,0.0,0.0
2023-12-06 12:00:00+08:00,26.549999237060547,26.950000762939453,26.399999618530273,26.899999618530273,458782,0.0,0.0
2023-12-06 13:00:00+08:00,26.899999618530273,27.25,26.700000762939453,26.950000762939453,673884,0.0,0.0
2023-12-07 09:00:00+08:00,26.649999618530273,27.200000762939453,26.100000381469727,26.700000762939453,0,0.0,0.0
2023-12-07 10:00:00+08:00,26.700000762939453,27.200000762939453,26.549999237060547,27.049999237060547,444146,0.0,0.0
2023-12-07 11:00:00+08:00,27.049999237060547,27.799999237060547,26.799999237060547,27.5,1193150,0.0,0.0
2023-12-07 12:00:00+08:00,27.350000381469727,28.399999618530273,27.350000381469727,28.399999618530273,1857422,0.0,0.0
2023-12-07 13:00:00+08:00,28.399999618530273,28.450000762939453,27.75,28.25,680966,0.0,0.0
2023-12-08 09:00:00+08:00,30.0,31.0,29.25,30.299999237060547,1371936,0.0,0.0
2023-12-08 10:00:00+08:00,30.299999237060547,31.0,30.25,30.549999237060547,1319542,0.0,0.0
2023-12-08 11:00:00+08:00,30.600000381469727,31.0,30.450000762939453,30.799999237060547,983350,0.0,0.0
2023-12-08 12:00:00+08:00,30.799999237060547,30.950000762939453,30.25,30.799999237060547,881031,0.0,0.0
2023-12-08 13:00:00+08:00,30.75,30.850000381469727,30.399999618530273,30.600000381469727,334070,0.0,0.0
2023-12-11 09:00:00+08:00,30.75,33.54999923706055,30.600000381469727,31.700000762939453,0,0.0,0.0
2023-12-11 10:00:00+08:00,31.700000762939453,32.650001525878906,31.5,31.600000381469727,1077645,0.0,0.0
2023-12-11 11:00:00+08:00,31.700000762939453,32.099998474121094,31.649999618530273,31.799999237060547,262503,0.0,0.0
2023-12-11 12:00:00+08:00,31.799999237060547,33.54999923706055,31.649999618530273,33.54999923706055,2446979,0.0,0.0
2023-12-11 13:00:00+08:00,33.54999923706055,33.54999923706055,33.54999923706055,33.54999923706055,69510,0.0,0.0
2023-12-12 09:00:00+08:00,35.45000076293945,36.20000076293945,34.04999923706055,35.099998474121094,652241,0.0,0.0
2023-12-12 10:00:00+08:00,35.04999923706055,36.900001525878906,34.650001525878906,36.20000076293945,3333296,0.0,0.0
2023-12-12 11:00:00+08:00,36.20000076293945,36.900001525878906,35.5,36.900001525878906,1804847,0.0,0.0
2023-12-12 12:00:00+08:00,36.900001525878906,36.900001525878906,36.900001525878906,36.900001525878906,244743,0.0,0.0
2023-12-12 13:00:00+08:00,36.900001525878906,36.900001525878906,36.900001525878906,36.900001525878906,485045,0.0,0.0
2023-12-13 09:00:00+08:00,38.20000076293945,40.54999923706055,37.29999923706055,39.650001525878906,10909825,0.0,0.0
2023-12-13 10:00:00+08:00,39.70000076293945,40.5,38.95000076293945,39.400001525878906,1656195,0.0,0.0
2023-12-13 11:00:00+08:00,39.400001525878906,39.650001525878906,38.0,38.29999923706055,1383029,0.0,0.0
2023-12-13 12:00:00+08:00,38.29999923706055,39.25,38.150001525878906,38.5,1006162,0.0,0.0
2023-12-13 13:00:00+08:00,38.5,38.54999923706055,37.150001525878906,37.599998474121094,1530123,0.0,0.0
2023-12-14 09:00:00+08:00,37.29999923706055,37.29999923706055,35.75,36.20000076293945,0,0.0,0.0
2023-12-14 10:00:00+08:00,36.099998474121094,36.099998474121094,34.95000076293945,34.95000076293945,1183787,0.0,0.0
2023-12-14 11:00:00+08:00,35.5,36.04999923706055,35.5,36.04999923706055,510170,0.0,0.0
2023-12-14 12:00:00+08:00,36.20000076293945,36.400001525878906,36.099998474121094,36.400001525878906,324122,0.0,0.0
2023-12-14 13:00:00+08:00,36.5,37.150001525878906,36.5,37.150001525878906,362705,0.0,0.0
2023-12-15 09:00:00+08:00,36.75,37.25,36.70000076293945,37.0,0,0.0,0.0
2023-12-15 10:00:00+08:00,36.95000076293945,37.04999923706055,36.900001525878906,37.04999923706055,185349,0.0,0.0
2023-12-15 11:00:00+08:00,37.099998474121094,37.45000076293945,37.0,37.45000076293945,275406,0.0,0.0
2023-12-15 12:00:00+08:00,37.79999923706055,37.79999923706055,37.150001525878906,37.150001525878906,358080,0.0,0.0
2023-12-15 13:00:00+08:00,37.099998474121094,37.150001525878906,37.099998474121094,37.099998474121094,77324,0.0,0.0
2023-12-18 09:00:00+08:00,38.20000076293945,38.20000076293945,37.04999923706055,37.04999923706055,0,0.0,0.0
2023-12-18 10:00:00+08:00,36.95000076293945,36.95000076293945,35.900001525878906,36.54999923706055,401799,0.0,0.0
2023-12-18 11:00:00+08:00,36.599998474121094,36.650001525878906,36.099998474121094,36.349998474121094,100162,0.0,0.0
2023-12-18 12:00:00+08:00,36.599998474121094,36.95000076293945,36.599998474121094,36.70000076293945,71631,0.0,0.0
2023-12-18 13:00:00+08:00,36.70000076293945,37.099998474121094,36.70000076293945,37.099998474121094,70070,0.0,0.0
2023-12-19 09:00:00+08:00,38.0,38.0,36.599998474121094,36.900001525878906,275430,0.0,0.0
2023-12-19 10:00:00+08:00,37.0,37.29999923706055,36.79999923706055,37.29999923706055,74108,0.0,0.0
2023-12-19 11:00:00+08:00,37.400001525878906,37.400001525878906,37.099998474121094,37.25,63579,0.0,0.0
2023-12-19 12:00:00+08:00,37.150001525878906,37.150001525878906,36.849998474121094,36.95000076293945,108006,0.0,0.0
2023-12-19 13:00:00+08:00,37.04999923706055,37.099998474121094,36.849998474121094,37.099998474121094,60000,0.0,0.0
2023-12-20 09:00:00+08:00,37.79999923706055,38.0,37.70000076293945,37.849998474121094,0,0.0,0.0
2023-12-20 10:00:00+08:00,37.95000076293945,38.0,37.45000076293945,38.0,194233,0.0,0.0
2023-12-20 11:00:00+08:00,38.0,38.79999923706055,38.0,38.79999923706055,589718,0.0,0.0
2023-12-20 12:00:00+08:00,38.54999923706055,39.400001525878906,38.54999923706055,38.599998474121094,421628,0.0,0.0
2023-12-20 13:00:00+08:00,38.5,38.70000076293945,38.349998474121094,38.650001525878906,126450,0.0,0.0
2023-12-21 09:00:00+08:00,38.0,38.400001525878906,37.599998474121094,38.099998474121094,0,0.0,0.0
2023-12-21 10:00:00+08:00,38.099998474121094,38.400001525878906,38.099998474121094,38.349998474121094,72834,0.0,0.0
2023-12-21 11:00:00+08:00,38.25,38.70000076293945,38.25,38.400001525878906,74247,0.0,0.0
2023-12-21 12:00:00+08:00,38.650001525878906,38.95000076293945,38.599998474121094,38.900001525878906,155944,0.0,0.0
2023-12-21 13:00:00+08:00,38.900001525878906,39.25,38.900001525878906,39.25,201000,0.0,0.0
2023-12-22 09:00:00+08:00,39.5,39.79999923706055,38.400001525878906,38.70000076293945,440437,0.0,0.0
2023-12-22 10:00:00+08:00,38.70000076293945,38.75,38.0,38.0,240593,0.0,0.0
2023-12-22 11:00:00+08:00,38.0,38.04999923706055,37.20000076293945,37.5,272253,0.0,0.0
2023-12-22 12:00:00+08:00,37.5,37.5,36.599998474121094,36.900001525878906,340828,0.0,0.0
2023-12-22 13:00:00+08:00,36.849998474121094,36.900001525878906,36.599998474121094,36.599998474121094,121347,0.0,0.0
2023-12-25 09:00:00+08:00,36.45000076293945,36.45000076293945,35.0,35.0,0,0.0,0.0
2023-12-25 10:00:00+08:00,35.04999923706055,35.20000076293945,34.5,34.5,387817,0.0,0.0
2023-12-25 11:00:00+08:00,34.599998474121094,34.75,34.599998474121094,34.650001525878906,115404,0.0,0.0
2023-12-25 12:00:00+08:00,34.54999923706055,34.54999923706055,34.29999923706055,34.349998474121094,255387,0.0,0.0
2023-12-25 13:00:00+08:00,34.54999923706055,34.54999923706055,34.29999923706055,34.29999923706055,105302,0.0,0.0
2023-12-26 09:00:00+08:00,34.70000076293945,35.45000076293945,34.70000076293945,35.349998474121094,0,0.0,0.0
2023-12-26 10:00:00+08:00,35.349998474121094,35.5,35.20000076293945,35.5,69318,0.0,0.0
2023-12-26 11:00:00+08:00,35.70000076293945,35.75,35.54999923706055,35.75,156278,0.0,0.0
2023-12-26 12:00:00+08:00,35.75,36.0,35.70000076293945,36.0,181245,0.0,0.0
2023-12-26 13:00:00+08:00,35.75,35.75,35.54999923706055,35.599998474121094,57135,0.0,0.0
2023-12-27 09:00:00+08:00,35.0,35.650001525878906,35.0,35.5,0,0.0,0.0
2023-12-27 10:00:00+08:00,35.70000076293945,35.70000076293945,35.25,35.400001525878906,70200,0.0,0.0
2023-12-27 11:00:00+08:00,35.400001525878906,35.650001525878906,35.29999923706055,35.650001525878906,29004,0.0,0.0
2023-12-27 12:00:00+08:00,35.5,35.75,35.349998474121094,35.75,68359,0.0,0.0
2023-12-27 13:00:00+08:00,35.599998474121094,35.75,35.599998474121094,35.70000076293945,41260,0.0,0.0
2023-12-28 09:00:00+08:00,35.349998474121094,35.849998474121094,35.349998474121094,35.400001525878906,0,0.0,0.0
2023-12-28 10:00:00+08:00,35.25,35.75,35.25,35.54999923706055,76298,0.0,0.0
2023-12-28 11:00:00+08:00,35.5,35.5,35.400001525878906,35.400001525878906,36109,0.0,0.0
2023-12-28 12:00:00+08:00,35.400001525878906,35.400001525878906,35.150001525878906,35.150001525878906,121009,0.0,0.0
2023-12-28 13:00:00+08:00,35.099998474121094,35.099998474121094,35.04999923706055,35.04999923706055,61118,0.0,0.0
2023-12-29 09:00:00+08:00,34.45000076293945,34.650001525878906,33.599998474121094,33.650001525878906,0,0.0,0.0
2023-12-29 10:00:00+08:00,33.5,33.849998474121094,33.0,33.849998474121094,273423,0.0,0.0
2023-12-29 11:00:00+08:00,33.900001525878906,33.900001525878906,33.45000076293945,33.45000076293945,108440,0.0,0.0
2023-12-29 12:00:00+08:00,33.400001525878906,33.400001525878906,33.20000076293945,33.25,194002,0.0,0.0
2023-12-29 13:00:00+08:00,33.20000076293945,33.29999923706055,33.099998474121094,33.099998474121094,125701,0.0,0.0
2024-01-02 09:00:00+08:00,30.899999618530273,32.79999923706055,30.600000381469727,32.25,0,0.0,0.0
2024-01-02 10:00:00+08:00,32.150001525878906,32.20000076293945,31.600000381469727,31.850000381469727,314994,0.0,0.0
2024-01-02 11:00:00+08:00,31.850000381469727,32.150001525878906,31.850000381469727,32.150001525878906,73484,0.0,0.0
2024-01-02 12:00:00+08:00,32.20000076293945,32.25,31.950000762939453,31.950000762939453,90962,0.0,0.0
2024-01-02 13:00:00+08:00,31.950000762939453,32.150001525878906,31.850000381469727,31.899999618530273,108267,0.0,0.0
2024-01-03 09:00:00+08:00,31.0,32.0,31.0,31.549999237060547,0,0.0,0.0
2024-01-03 10:00:00+08:00,31.649999618530273,31.649999618530273,30.850000381469727,30.950000762939453,213399,0.0,0.0
2024-01-03 11:00:00+08:00,31.0,31.0,30.799999237060547,30.950000762939453,78437,0.0,0.0
2024-01-03 12:00:00+08:00,30.950000762939453,31.149999618530273,30.899999618530273,31.100000381469727,68019,0.0,0.0
2024-01-03 13:00:00+08:00,31.100000381469727,31.149999618530273,30.850000381469727,30.850000381469727,91830,0.0,0.0
2024-01-04 09:00:00+08:00,30.850000381469727,31.649999618530273,30.25,30.600000381469727,491922,0.0,0.0
2024-01-04 10:00:00+08:00,30.700000762939453,30.850000381469727,30.049999237060547,30.200000762939453,144853,0.0,0.0
2024-01-04 11:00:00+08:00,30.399999618530273,30.399999618530273,29.799999237060547,29.950000762939453,179096,0.0,0.0
2024-01-04 12:00:00+08:00,30.0,30.049999237060547,29.299999237060547,29.850000381469727,295940,0.0,0.0
2024-01-04 13:00:00+08:00,29.850000381469727,30.0,29.850000381469727,29.850000381469727,133478,0.0,0.0
2024-01-05 09:00:00+08:00,29.75,31.399999618530273,29.700000762939453,30.600000381469727,0,0.0,0.0
2024-01-05 10:00:00+08:00,30.649999618530273,31.799999237060547,30.5,31.100000381469727,731561,0.0,0.0
2024-01-05 11:00:00+08:00,31.100000381469727,32.599998474121094,31.100000381469727,32.599998474121094,1020000,0.0,0.0
2024-01-05 12:00:00+08:00,32.599998474121094,32.599998474121094,32.599998474121094,32.599998474121094,42001,0.0,0.0
2024-01-05 13:00:00+08:00,32.599998474121094,32.599998474121094,32.599998474121094,32.599998474121094,36033,0.0,0.0
2024-01-08 09:00:00+08:00,34.5,35.849998474121094,33.849998474121094,35.849998474121094,4648620,0.0,0.0
2024-01-08 10:00:00+08:00,35.849998474121094,35.849998474121094,35.849998474121094,35.849998474121094,99281,0.0,0.0
2024-01-08 11:00:00+08:00,35.849998474121094,35.849998474121094,35.849998474121094,35.849998474121094,146501,0.0,0.0
2024-01-08 12:00:00+08:00,35.849998474121094,35.849998474121094,35.849998474121094,35.849998474121094,38520,0.0,0.0
2024-01-08 13:00:00+08:00,35.849998474121094,35.849998474121094,35.849998474121094,35.849998474121094,88456,0.0,0.0
2024-01-09 09:00:00+08:00,37.29999923706055,39.400001525878906,36.5,39.400001525878906,11739935,0.0,0.0
2024-01-09 10:00:00+08:00,39.400001525878906,39.400001525878906,39.400001525878906,39.400001525878906,190552,0.0,0.0
2024-01-09 11:00:00+08:00,39.400001525878906,39.400001525878906,39.400001525878906,39.400001525878906,95584,0.0,0.0
2024-01-09 12:00:00+08:00,39.400001525878906,39.400001525878906,39.400001525878906,39.400001525878906,38157,0.0,0.0
2024-01-09 13:00:00+08:00,39.400001525878906,39.400001525878906,39.400001525878906,39.400001525878906,41119,0.0,0.0
2024-01-10 09:00:00+08:00,41.849998474121094,42.45000076293945,39.599998474121094,40.04999923706055,0,0.0,0.0
2024-01-10 10:00:00+08:00,40.099998474121094,43.29999923706055,40.0,43.29999923706055,16006908,0.0,0.0
2024-01-10 11:00:00+08:00,43.29999923706055,43.29999923706055,43.29999923706055,43.29999923706055,236214,0.0,0.0
2024-01-10 12:00:00+08:00,43.29999923706055,43.29999923706055,43.29999923706055,43.29999923706055,88604,0.0,0.0
2024-01-10 13:00:00+08:00,43.29999923706055,43.29999923706055,43.29999923706055,43.29999923706055,30000,0.0,0.0
2024-01-11 09:00:00+08:00,43.79999923706055,44.70000076293945,42.150001525878906,44.099998474121094,0,0.0,0.0
2024-01-11 10:00:00+08:00,44.04999923706055,44.45000076293945,41.45000076293945,41.95000076293945,4782055,0.0,0.0
2024-01-11 11:00:00+08:00,41.900001525878906,42.400001525878906,39.400001525878906,39.400001525878906,5562931,0.0,0.0
2024-01-11 12:00:00+08:00,39.400001525878906,40.099998474121094,39.099998474121094,39.29999923706055,2511304,0.0,0.0
2024-01-11 13:00:00+08:00,39.349998474121094,40.099998474121094,39.25,39.5,1642622,0.0,0.0
2024-01-12 09:00:00+08:00,39.29999923706055,39.29999923706055,37.5,38.0,2889538,0.0,0.0
2024-01-12 10:00:00+08:00,37.95000076293945,38.29999923706055,37.20000076293945,37.900001525878906,1055420,0.0,0.0
2024-01-12 11:00:00+08:00,37.900001525878906,37.900001525878906,36.70000076293945,36.849998474121094,1231309,0.0,0.0
2024-01-12 12:00:00+08:00,36.849998474121094,37.099998474121094,36.70000076293945,36.900001525878906,592862,0.0,0.0
2024-01-12 13:00:00+08:00,36.900001525878906,37.04999923706055,36.5,36.599998474121094,804058,0.0,0.0
2024-01-15 09:00:00+08:00,36.70000076293945,39.79999923706055,36.5,39.79999923706055,0,0.0,0.0
2024-01-15 10:00:00+08:00,39.79999923706055,39.79999923706055,39.79999923706055,39.79999923706055,26540,0.0,0.0
2024-01-15 11:00:00+08:00,39.79999923706055,39.79999923706055,39.79999923706055,39.79999923706055,54010,0.0,0.0
2024-01-15 12:00:00+08:00,39.79999923706055,39.79999923706055,39.79999923706055,39.79999923706055,31040,0.0,0.0
2024-01-15 13:00:00+08:00,39.79999923706055,39.79999923706055,39.79999923706055,39.79999923706055,46845,0.0,0.0
2024-01-16 09:00:00+08:00,40.95000076293945,42.70000076293945,38.79999923706055,39.599998474121094,9037038,0.0,0.0
2024-01-16 10:00:00+08:00,39.54999923706055,40.349998474121094,39.150001525878906,39.400001525878906,2775453,0.0,0.0
2024-01-16 11:00:00+08:00,39.45000076293945,39.70000076293945,39.150001525878906,39.20000076293945,639209,0.0,0.0
2024-01-16 12:00:00+08:00,39.20000076293945,39.25,37.150001525878906,38.900001525878906,3968404,0.0,0.0
2024-01-16 13:00:00+08:00,38.849998474121094,42.25,38.849998474121094,41.400001525878906,6154747,0.0,0.0
2024-01-17 09:00:00+08:00,42.95000076293945,43.25,40.599998474121094,42.20000076293945,0,0.0,0.0
2024-01-17 10:00:00+08:00,42.25,43.79999923706055,41.20000076293945,43.79999923706055,2300882,0.0,0.0
2024-01-17 11:00:00+08:00,43.849998474121094,46.20000076293945,41.29999923706055,41.70000076293945,9176597,0.0,0.0
2024-01-17 12:00:00+08:00,41.75,43.150001525878906,41.0,41.349998474121094,2426984,0.0,0.0
2024-01-17 13:00:00+08:00,41.349998474121094,42.849998474121094,41.150001525878906,41.5,2463105,0.0,0.0
2024-01-18 09:00:00+08:00,41.599998474121094,45.5,41.5,44.400001525878906,0,0.0,0.0
2024-01-18 10:00:00+08:00,44.45000076293945,45.5,44.099998474121094,45.400001525878906,6714915,0.0,0.0
2024-01-18 11:00:00+08:00,45.400001525878906,45.95000076293945,43.25,43.95000076293945,3925229,0.0,0.0
2024-01-18 12:00:00+08:00,43.849998474121094,45.0,43.70000076293945,44.54999923706055,2151255,0.0,0.0
2024-01-18 13:00:00+08:00,44.650001525878906,45.0,44.099998474121094,44.20000076293945,1727340,0.0,0.0
2024-01-19 09:00:00+08:00,43.29999923706055,47.29999923706055,43.150001525878906,46.150001525878906,0,0.0,0.0
2024-01-19 10:00:00+08:00,46.150001525878906,46.150001525878906,44.900001525878906,45.099998474121094,3177694,0.0,0.0
2024-01-19 11:00:00+08:00,45.099998474121094,45.45000076293945,44.25,44.599998474121094,1774966,0.0,0.0
2024-01-19 12:00:00+08:00,44.650001525878906,45.599998474121094,44.45000076293945,44.849998474121094,1721770,0.0,0.0
2024-01-19 13:00:00+08:00,44.849998474121094,45.25,44.599998474121094,45.150001525878906,2253984,0.0,0.0
2024-01-22 09:00:00+08:00,45.5,46.79999923706055,44.599998474121094,45.54999923706055,0,0.0,0.0
2024-01-22 10:00:00+08:00,45.5,45.75,44.849998474121094,44.95000076293945,729686,0.0,0.0
2024-01-22 11:00:00+08:00,45.0,45.29999923706055,44.849998474121094,44.900001525878906,378424,0.0,0.0
2024-01-22 12:00:00+08:00,44.900001525878906,44.95000076293945,43.5,44.150001525878906,2220508,0.0,0.0
2024-01-22 13:00:00+08:00,44.20000076293945,44.79999923706055,44.0,44.0,1196928,0.0,0.0
2024-01-23 09:00:00+08:00,43.900001525878906,46.0,43.79999923706055,44.400001525878906,0,0.0,0.0
2024-01-23 10:00:00+08:00,44.400001525878906,44.75,44.150001525878906,44.29999923706055,475979,0.0,0.0
2024-01-23 11:00:00+08:00,44.29999923706055,44.54999923706055,44.099998474121094,44.29999923706055,283367,0.0,0.0
2024-01-23 12:00:00+08:00,44.29999923706055,44.349998474121094,44.04999923706055,44.150001525878906,357329,0.0,0.0
2024-01-23 13:00:00+08:00,44.150001525878906,44.79999923706055,43.349998474121094,44.79999923706055,1658770,0.0,0.0
2024-01-24 09:00:00+08:00,45.04999923706055,45.95000076293945,44.5,45.0,3148092,0.0,0.0
2024-01-24 10:00:00+08:00,45.0,45.29999923706055,44.70000076293945,45.099998474121094,424284,0.0,0.0
2024-01-24 11:00:00+08:00,45.099998474121094,45.099998474121094,44.75,44.849998474121094,311853,0.0,0.0
2024-01-24 12:00:00+08:00,44.849998474121094,44.900001525878906,44.70000076293945,44.79999923706055,297620,0.0,0.0
2024-01-24 13:00:00+08:00,44.79999923706055,45.45000076293945,44.400001525878906,44.95000076293945,1531194,0.0,0.0
2024-01-25 09:00:00+08:00,44.349998474121094,45.099998474121094,42.5,44.900001525878906,0,0.0,0.0
2024-01-25 10:00:00+08:00,44.900001525878906,45.79999923706055,43.45000076293945,44.099998474121094,2851121,0.0,0.0
2024-01-25 11:00:00+08:00,44.099998474121094,44.150001525878906,43.70000076293945,43.849998474121094,450205,0.0,0.0
2024-01-25 12:00:00+08:00,43.95000076293945,44.04999923706055,43.0,43.099998474121094,947093,0.0,0.0
2024-01-25 13:00:00+08:00,43.150001525878906,43.25,42.849998474121094,42.849998474121094,568594,0.0,0.0
2024-01-26 09:00:00+08:00,42.5,43.75,41.54999923706055,41.95000076293945,0,0.0,0.0
2024-01-26 10:00:00+08:00,41.95000076293945,42.0,41.5,41.79999923706055,542642,0.0,0.0
2024-01-26 11:00:00+08:00,41.849998474121094,41.900001525878906,40.79999923706055,41.099998474121094,814124,0.0,0.0
2024-01-26 12:00:00+08:00,40.900001525878906,41.20000076293945,40.29999923706055,40.900001525878906,853242,0.0,0.0
2024-01-26 13:00:00+08:00,40.900001525878906,41.650001525878906,40.79999923706055,40.95000076293945,672463,0.0,0.0
2024-01-29 09:00:00+08:00,42.150001525878906,42.150001525878906,40.900001525878906,41.400001525878906,0,0.0,0.0
2024-01-29 10:00:00+08:00,41.5,42.150001525878906,41.45000076293945,41.5,351476,0.0,0.0
2024-01-29 11:00:00+08:00,41.54999923706055,41.95000076293945,41.349998474121094,41.75,143758,0.0,0.0
2024-01-29 12:00:00+08:00,41.70000076293945,41.79999923706055,41.54999923706055,41.70000076293945,0,0.0,0.0
2024-01-29 13:00:00+08:00,41.79999923706055,42.5,41.79999923706055,41.900001525878906,2044488,0.0,0.0
2024-01-30 09:00:00+08:00,42.25,42.349998474121094,41.400001525878906,42.20000076293945,0,0.0,0.0
2024-01-30 10:00:00+08:00,42.150001525878906,42.150001525878906,41.0,41.54999923706055,362692,0.0,0.0
2024-01-30 11:00:00+08:00,41.54999923706055,42.099998474121094,41.099998474121094,41.45000076293945,353489,0.0,0.0
2024-01-30 12:00:00+08:00,41.5,42.650001525878906,41.400001525878906,42.45000076293945,476943,0.0,0.0
2024-01-30 13:00:00+08:00,42.45000076293945,42.79999923706055,42.349998474121094,42.400001525878906,405430,0.0,0.0
2024-01-31 09:00:00+08:00,42.400001525878906,43.5,42.29999923706055,42.650001525878906,899878,0.0,0.0
2024-01-31 10:00:00+08:00,42.75,44.95000076293945,42.5,44.650001525878906,1301516,0.0,0.0
2024-01-31 11:00:00+08:00,44.650001525878906,45.599998474121094,44.29999923706055,44.5,2620597,0.0,0.0
2024-01-31 12:00:00+08:00,44.5,44.54999923706055,42.5,43.5,1519576,0.0,0.0
2024-01-31 13:00:00+08:00,43.45000076293945,43.599998474121094,42.95000076293945,43.29999923706055,543460,0.0,0.0
2024-02-01 09:00:00+08:00,42.79999923706055,44.5,42.650001525878906,44.0,0,0.0,0.0
2024-02-01 10:00:00+08:00,44.0,45.400001525878906,43.599998474121094,45.29999923706055,1562886,0.0,0.0
2024-02-01 11:00:00+08:00,45.29999923706055,45.5,44.650001525878906,45.04999923706055,1451846,0.0,0.0
2024-02-01 12:00:00+08:00,45.04999923706055,46.599998474121094,44.70000076293945,44.79999923706055,3882801,0.0,0.0
2024-02-01 13:00:00+08:00,44.849998474121094,44.900001525878906,43.95000076293945,44.0,891689,0.0,0.0
2024-02-02 09:00:00+08:00,44.099998474121094,45.400001525878906,43.29999923706055,44.349998474121094,2834657,0.0,0.0
2024-02-02 10:00:00+08:00,44.400001525878906,44.849998474121094,44.099998474121094,44.20000076293945,533136,0.0,0.0
2024-02-02 11:00:00+08:00,44.20000076293945,44.20000076293945,43.400001525878906,43.79999923706055,690064,0.0,0.0
2024-02-02 12:00:00+08:00,43.75,43.75,42.0,42.20000076293945,1320885,0.0,0.0
2024-02-02 13:00:00+08:00,42.20000076293945,42.79999923706055,42.150001525878906,42.5,728736,0.0,0.0
2024-02-05 09:00:00+08:00,42.0,42.70000076293945,39.900001525878906,42.349998474121094,0,0.0,0.0
2024-02-05 10:00:00+08:00,42.25,42.95000076293945,41.29999923706055,41.349998474121094,1315788,0.0,0.0
2024-02-05 11:00:00+08:00,41.349998474121094,41.54999923706055,40.45000076293945,40.70000076293945,463655,0.0,0.0
2024-02-05 12:00:00+08:00,40.70000076293945,40.70000076293945,40.25,40.25,400550,0.0,0.0
2024-02-05 13:00:00+08:00,40.25,40.75,39.79999923706055,39.95000076293945,493915,0.0,0.0
2024-02-15 09:00:00+08:00,39.900001525878906,42.04999923706055,39.900001525878906,40.45000076293945,0,0.0,0.0
2024-02-15 10:00:00+08:00,40.45000076293945,40.599998474121094,40.04999923706055,40.150001525878906,265669,0.0,0.0
2024-02-15 11:00:00+08:00,40.150001525878906,40.25,39.70000076293945,39.75,473378,0.0,0.0
2024-02-15 12:00:00+08:00,39.75,39.75,39.0,39.099998474121094,474832,0.0,0.0
2024-02-15 13:00:00+08:00,39.04999923706055,39.29999923706055,38.79999923706055,39.150001525878906,403142,0.0,0.0
2024-02-16 09:00:00+08:00,39.150001525878906,40.75,39.150001525878906,40.25,1284825,0.0,0.0
2024-02-16 10:00:00+08:00,40.25,40.900001525878906,39.849998474121094,40.75,521504,0.0,0.0
2024-02-16 11:00:00+08:00,40.79999923706055,41.45000076293945,40.599998474121094,40.95000076293945,630723,0.0,0.0
2024-02-16 12:00:00+08:00,40.95000076293945,41.400001525878906,40.599998474121094,40.650001525878906,300313,0.0,0.0
2024-02-16 13:00:00+08:00,40.650001525878906,40.75,40.349998474121094,40.349998474121094,204045,0.0,0.0
2024-02-19 09:00:00+08:00,40.900001525878906,41.650001525878906,39.099998474121094,40.349998474121094,0,0.0,0.0
2024-02-19 10:00:00+08:00,40.400001525878906,40.900001525878906,40.0,40.29999923706055,368410,0.0,0.0
2024-02-19 11:00:00+08:00,40.5,40.849998474121094,40.5,40.70000076293945,155223,0.0,0.0
2024-02-19 12:00:00+08:00,40.599998474121094,40.75,40.150001525878906,40.20000076293945,412608,0.0,0.0
2024-02-19 13:00:00+08:00,40.25,40.25,39.5,40.0,403519,0.0,0.0
2024-02-20 09:00:00+08:00,40.54999923706055,40.599998474121094,39.900001525878906,39.95000076293945,0,0.0,0.0
2024-02-20 10:00:00+08:00,39.95000076293945,39.95000076293945,39.099998474121094,39.29999923706055,518622,0.0,0.0
2024-02-20 11:00:00+08:00,39.25,39.29999923706055,39.099998474121094,39.099998474121094,158081,0.0,0.0
2024-02-20 12:00:00+08:00,39.099998474121094,39.150001525878906,39.099998474121094,39.150001525878906,135717,0.0,0.0
2024-02-20 13:00:00+08:00,39.150001525878906,39.25,39.0,39.04999923706055,203503,0.0,0.0
2024-02-21 09:00:00+08:00,39.29999923706055,39.54999923706055,39.0,39.099998474121094,0,0.0,0.0
2024-02-21 10:00:00+08:00,39.099998474121094,39.75,39.04999923706055,39.75,226667,0.0,0.0
2024-02-21 11:00:00+08:00,39.75,40.400001525878906,39.70000076293945,39.79999923706055,367040,0.0,0.0
2024-02-21 12:00:00+08:00,39.79999923706055,39.79999923706055,39.5,39.70000076293945,95345,0.0,0.0
2024-02-21 13:00:00+08:00,39.70000076293945,39.75,39.5,39.599998474121094,127756,0.0,0.0
2024-02-22 09:00:00+08:00,40.04999923706055,40.25,39.0,39.04999923706055,0,0.0,0.0
2024-02-22 10:00:00+08:00,39.0,39.25,38.79999923706055,39.099998474121094,182548,0.0,0.0
2024-02-22 11:00:00+08:00,39.099998474121094,40.45000076293945,39.099998474121094,39.849998474121094,410254,0.0,0.0
2024-02-22 12:00:00+08:00,39.849998474121094,40.0,39.650001525878906,39.79999923706055,171682,0.0,0.0
2024-02-22 13:00:00+08:00,39.849998474121094,39.849998474121094,39.54999923706055,39.54999923706055,117001,0.0,0.0
2024-02-23 09:00:00+08:00,40.20000076293945,40.5,39.79999923706055,39.849998474121094,277896,0.0,0.0
2024-02-23 10:00:00+08:00,39.900001525878906,40.29999923706055,39.29999923706055,39.45000076293945,300730,0.0,0.0
2024-02-23 11:00:00+08:00,39.45000076293945,39.45000076293945,38.5,38.70000076293945,544082,0.0,0.0
2024-02-23 12:00:00+08:00,38.75,38.75,38.20000076293945,38.349998474121094,378515,0.0,0.0
2024-02-23 13:00:00+08:00,38.349998474121094,38.400001525878906,38.099998474121094,38.20000076293945,196754,0.0,0.0
2024-02-26 09:00:00+08:00,38.099998474121094,38.400001525878906,37.25,38.25,0,0.0,0.0
2024-02-26 10:00:00+08:00,38.25,38.650001525878906,38.0,38.25,208200,0.0,0.0
2024-02-26 11:00:00+08:00,38.349998474121094,38.349998474121094,38.099998474121094,38.25,76753,0.0,0.0
2024-02-26 12:00:00+08:00,38.20000076293945,38.75,38.20000076293945,38.599998474121094,176433,0.0,0.0
2024-02-26 13:00:00+08:00,38.650001525878906,38.70000076293945,38.5,38.70000076293945,80150,0.0,0.0
2024-02-27 09:00:00+08:00,38.79999923706055,39.099998474121094,38.099998474121094,38.099998474121094,291380,0.0,0.0
2024-02-27 10:00:00+08:00,38.099998474121094,38.150001525878906,37.5,37.79999923706055,176772,0.0,0.0
2024-02-27 11:00:00+08:00,37.849998474121094,37.95000076293945,37.75,37.75,78200,0.0,0.0
2024-02-27 12:00:00+08:00,37.70000076293945,37.79999923706055,37.650001525878906,37.70000076293945,73350,0.0,0.0
2024-02-27 13:00:00+08:00,37.70000076293945,37.79999923706055,37.599998474121094,37.650001525878906,91200,0.0,0.0
2024-02-29 09:00:00+08:00,37.79999923706055,38.20000076293945,37.54999923706055,37.95000076293945,0,0.0,0.0
2024-02-29 10:00:00+08:00,37.95000076293945,38.29999923706055,37.79999923706055,38.150001525878906,93173,0.0,0.0
2024-02-29 11:00:00+08:00,38.20000076293945,38.20000076293945,37.400001525878906,37.54999923706055,226446,0.0,0.0
2024-02-29 12:00:00+08:00,37.5,37.5,37.25,37.349998474121094,171262,0.0,0.0
2024-02-29 13:00:00+08:00,37.29999923706055,37.5,37.25,37.29999923706055,78369,0.0,0.0
2024-03-01 09:00:00+08:00,37.5,37.849998474121094,37.29999923706055,37.29999923706055,173956,0.0,0.0
2024-03-01 10:00:00+08:00,37.29999923706055,37.400001525878906,37.0,37.150001525878906,125047,0.0,0.0
2024-03-01 11:00:00+08:00,37.150001525878906,37.25,37.04999923706055,37.099998474121094,48496,0.0,0.0
2024-03-01 12:00:00+08:00,37.150001525878906,37.349998474121094,37.04999923706055,37.099998474121094,92130,0.0,0.0
2024-03-01 13:00:00+08:00,37.099998474121094,37.29999923706055,37.04999923706055,37.20000076293945,66783,0.0,0.0
2024-03-04 09:00:00+08:00,37.95000076293945,38.099998474121094,37.54999923706055,38.099998474121094,0,0.0,0.0
2024-03-04 10:00:00+08:00,38.150001525878906,38.45000076293945,37.900001525878906,37.95000076293945,274446,0.0,0.0
2024-03-04 11:00:00+08:00,37.95000076293945,37.95000076293945,37.70000076293945,37.849998474121094,65115,0.0,0.0
2024-03-04 12:00:00+08:00,37.79999923706055,38.0,37.79999923706055,38.0,61054,0.0,0.0
2024-03-04 13:00:00+08:00,37.95000076293945,38.04999923706055,37.79999923706055,37.900001525878906,92100,0.0,0.0
2024-03-05 09:00:00+08:00,38.20000076293945,38.75,38.0,38.0,0,0.0,0.0
2024-03-05 10:00:00+08:00,38.0,38.20000076293945,37.849998474121094,38.20000076293945,96799,0.0,0.0
2024-03-05 11:00:00+08:00,38.25,40.400001525878906,38.20000076293945,40.099998474121094,752168,0.0,0.0
2024-03-05 12:00:00+08:00,40.20000076293945,41.54999923706055,39.70000076293945,40.70000076293945,1998808,0.0,0.0
2024-03-05 13:00:00+08:00,40.75,40.75,39.75,40.150001525878906,428963,0.0,0.0
2024-03-06 09:00:00+08:00,39.650001525878906,40.29999923706055,39.099998474121094,39.95000076293945,0,0.0,0.0
2024-03-06 10:00:00+08:00,39.95000076293945,40.849998474121094,39.900001525878906,40.20000076293945,320479,0.0,0.0
2024-03-06 11:00:00+08:00,40.150001525878906,40.400001525878906,40.0,40.099998474121094,186311,0.0,0.0
2024-03-06 12:00:00+08:00,40.099998474121094,40.150001525878906,39.20000076293945,39.400001525878906,260219,0.0,0.0
2024-03-06 13:00:00+08:00,39.45000076293945,39.5,39.25,39.45000076293945,135370,0.0,0.0
2024-03-07 09:00:00+08:00,40.150001525878906,41.29999923706055,39.29999923706055,39.349998474121094,0,0.0,0.0
2024-03-07 10:00:00+08:00,39.349998474121094,39.5,38.650001525878906,39.150001525878906,271566,0.0,0.0
2024-03-07 11:00:00+08:00,39.099998474121094,39.099998474121094,38.400001525878906,38.45000076293945,207024,0.0,0.0
2024-03-07 12:00:00+08:00,38.45000076293945,38.45000076293945,37.70000076293945,38.150001525878906,261995,0.0,0.0
2024-03-07 13:00:00+08:00,38.20000076293945,38.400001525878906,38.150001525878906,38.400001525878906,93288,0.0,0.0
2024-03-08 09:00:00+08:00,38.0,38.29999923706055,36.45000076293945,36.900001525878906,566064,0.0,0.0
2024-03-08 10:00:00+08:00,37.0,37.0,35.54999923706055,35.54999923706055,532071,0.0,0.0
2024-03-08 11:00:00+08:00,35.54999923706055,35.650001525878906,35.04999923706055,35.25,376235,0.0,0.0
2024-03-08 12:00:00+08:00,35.25,35.5,35.04999923706055,35.20000076293945,173164,0.0,0.0
2024-03-08 13:00:00+08:00,35.20000076293945,35.20000076293945,34.95000076293945,35.0,147169,0.0,0.0
2024-03-11 09:00:00+08:00,35.5,36.29999923706055,35.349998474121094,35.75,0,0.0,0.0
2024-03-11 10:00:00+08:00,35.75,35.79999923706055,35.400001525878906,35.400001525878906,127094,0.0,0.0
2024-03-11 11:00:00+08:00,35.349998474121094,35.650001525878906,35.150001525878906,35.150001525878906,139105,0.0,0.0
2024-03-11 12:00:00+08:00,35.150001525878906,35.45000076293945,34.54999923706055,34.95000076293945,151431,0.0,0.0
2024-03-11 13:00:00+08:00,34.95000076293945,35.20000076293945,34.900001525878906,35.04999923706055,61360,0.0,0.0
2024-03-12 09:00:00+08:00,35.20000076293945,35.650001525878906,35.0,35.45000076293945,0,0.0,0.0
2024-03-12 10:00:00+08:00,35.400001525878906,35.54999923706055,35.20000076293945,35.20000076293945,51159,0.0,0.0
2024-03-12 11:00:00+08:00,35.25,35.29999923706055,35.0,35.04999923706055,86150,0.0,0.0
2024-03-12 12:00:00+08:00,35.099998474121094,35.29999923706055,35.099998474121094,35.29999923706055,71200,0.0,0.0
2024-03-12 13:00:00+08:00,35.349998474121094,35.5,35.349998474121094,35.45000076293945,48033,0.0,0.0
2024-03-13 09:00:00+08:00,35.75,36.45000076293945,35.099998474121094,35.099998474121094,0,0.0,0.0
2024-03-13 10:00:00+08:00,35.099998474121094,35.150001525878906,34.5,34.54999923706055,202583,0.0,0.0
2024-03-13 11:00:00+08:00,34.54999923706055,34.54999923706055,34.150001525878906,34.54999923706055,130636,0.0,0.0
2024-03-13 12:00:00+08:00,34.54999923706055,34.54999923706055,34.150001525878906,34.45000076293945,142121,0.0,0.0
2024-03-13 13:00:00+08:00,34.45000076293945,34.849998474121094,34.150001525878906,34.650001525878906,154548,0.0,0.0
2024-03-14 09:00:00+08:00,34.79999923706055,35.0,33.900001525878906,34.79999923706055,0,0.0,0.0
2024-03-14 10:00:00+08:00,34.79999923706055,35.400001525878906,34.79999923706055,34.849998474121094,110100,0.0,0.0
2024-03-14 11:00:00+08:00,35.0,35.20000076293945,34.849998474121094,34.900001525878906,59000,0.0,0.0
2024-03-14 12:00:00+08:00,34.849998474121094,34.95000076293945,34.79999923706055,34.849998474121094,46000,0.0,0.0
2024-03-14 13:00:00+08:00,34.79999923706055,34.849998474121094,34.599998474121094,34.650001525878906,49052,0.0,0.0
2024-03-15 09:00:00+08:00,34.650001525878906,34.650001525878906,34.04999923706055,34.20000076293945,0,0.0,0.0
2024-03-15 10:00:00+08:00,34.20000076293945,34.20000076293945,33.79999923706055,34.0,116646,0.0,0.0
2024-03-15 11:00:00+08:00,34.0,34.099998474121094,33.849998474121094,33.900001525878906,31250,0.0,0.0
2024-03-15 12:00:00+08:00,33.849998474121094,33.900001525878906,33.75,33.75,111852,0.0,0.0
2024-03-15 13:00:00+08:00,33.75,33.75,33.599998474121094,33.599998474121094,64200,0.0,0.0
2024-03-18 09:00:00+08:00,34.0,34.20000076293945,33.54999923706055,34.0,0,0.0,0.0
2024-03-18 10:00:00+08:00,33.849998474121094,33.95000076293945,33.54999923706055,33.95000076293945,68700,0.0,0.0
2024-03-18 11:00:00+08:00,33.79999923706055,34.150001525878906,33.79999923706055,34.150001525878906,64124,0.0,0.0
2024-03-18 12:00:00+08:00,34.099998474121094,34.75,34.04999923706055,34.150001525878906,144700,0.0,0.0
2024-03-18 13:00:00+08:00,34.25,34.29999923706055,34.0,34.04999923706055,59120,0.0,0.0
2024-03-19 09:00:00+08:00,34.0,34.45000076293945,33.099998474121094,33.599998474121094,0,0.0,0.0
2024-03-19 10:00:00+08:00,33.599998474121094,33.95000076293945,33.599998474121094,33.900001525878906,36223,0.0,0.0
2024-03-19 11:00:00+08:00,33.900001525878906,34.0,33.400001525878906,33.400001525878906,84306,0.0,0.0
2024-03-19 12:00:00+08:00,33.400001525878906,33.70000076293945,33.400001525878906,33.70000076293945,62399,0.0,0.0
2024-03-19 13:00:00+08:00,33.599998474121094,33.599998474121094,33.20000076293945,33.349998474121094,50159,0.0,0.0
2024-03-20 09:00:00+08:00,33.25,33.75,33.20000076293945,33.25,139499,0.0,0.0
2024-03-20 10:00:00+08:00,33.25,33.5,33.25,33.25,0,0.0,0.0
2024-03-20 11:00:00+08:00,33.25,33.5,33.25,33.5,251499,0.0,0.0
2024-03-20 12:00:00+08:00,33.400001525878906,33.5,33.349998474121094,33.349998474121094,36000,0.0,0.0
2024-03-20 13:00:00+08:00,33.349998474121094,33.349998474121094,33.150001525878906,33.25,58700,0.0,0.0
2024-03-21 09:00:00+08:00,33.45000076293945,33.54999923706055,33.20000076293945,33.349998474121094,0,0.0,0.0
2024-03-21 10:00:00+08:00,33.349998474121094,33.400001525878906,33.20000076293945,33.20000076293945,38025,0.0,0.0
2024-03-21 11:00:00+08:00,33.20000076293945,33.45000076293945,33.20000076293945,33.400001525878906,43202,0.0,0.0
2024-03-21 12:00:00+08:00,33.400001525878906,33.400001525878906,33.20000076293945,33.29999923706055,17300,0.0,0.0
2024-03-21 13:00:00+08:00,33.349998474121094,33.400001525878906,33.25,33.25,45460,0.0,0.0
2024-03-22 09:00:00+08:00,33.400001525878906,33.5,33.04999923706055,33.04999923706055,0,0.0,0.0
2024-03-22 10:00:00+08:00,33.04999923706055,33.150001525878906,32.70000076293945,33.0,91695,0.0,0.0
2024-03-22 11:00:00+08:00,33.0,33.150001525878906,32.900001525878906,33.150001525878906,25000,0.0,0.0
2024-03-22 12:00:00+08:00,33.04999923706055,33.25,33.04999923706055,33.150001525878906,57000,0.0,0.0
2024-03-22 13:00:00+08:00,33.150001525878906,33.150001525878906,33.0,33.0,61064,0.0,0.0
2024-03-25 09:00:00+08:00,33.29999923706055,33.900001525878906,33.099998474121094,33.79999923706055,0,0.0,0.0
2024-03-25 10:00:00+08:00,33.79999923706055,34.099998474121094,33.75,34.04999923706055,216196,0.0,0.0
2024-03-25 11:00:00+08:00,34.0,34.25,33.900001525878906,34.25,111350,0.0,0.0
2024-03-25 12:00:00+08:00,34.29999923706055,34.70000076293945,34.20000076293945,34.349998474121094,160721,0.0,0.0
2024-03-25 13:00:00+08:00,34.349998474121094,34.5,34.29999923706055,34.5,89147,0.0,0.0
2024-03-26 09:00:00+08:00,34.5,34.599998474121094,33.79999923706055,33.849998474121094,0,0.0,0.0
2024-03-26 10:00:00+08:00,33.95000076293945,34.0,33.45000076293945,33.5,92356,0.0,0.0
2024-03-26 11:00:00+08:00,33.5,33.599998474121094,33.20000076293945,33.25,80528,0.0,0.0
2024-03-26 12:00:00+08:00,33.29999923706055,33.45000076293945,33.20000076293945,33.45000076293945,42121,0.0,0.0
2024-03-26 13:00:00+08:00,33.45000076293945,33.45000076293945,33.25,33.25,43123,0.0,0.0
2024-03-27 09:00:00+08:00,33.349998474121094,33.54999923706055,33.099998474121094,33.20000076293945,0,0.0,0.0
2024-03-27 10:00:00+08:00,33.20000076293945,33.45000076293945,33.150001525878906,33.45000076293945,47045,0.0,0.0
2024-03-27 11:00:00+08:00,33.45000076293945,33.5,33.29999923706055,33.5,30000,0.0,0.0
2024-03-27 12:00:00+08:00,33.29999923706055,33.29999923706055,33.150001525878906,33.20000076293945,49000,0.0,0.0
2024-03-27 13:00:00+08:00,33.150001525878906,33.25,32.95000076293945,33.04999923706055,151662,0.0,0.0
2024-03-28 09:00:00+08:00,33.20000076293945,33.5,32.900001525878906,33.150001525878906,0,0.0,0.0
2024-03-28 10:00:00+08:00,33.150001525878906,33.150001525878906,32.849998474121094,32.95000076293945,66333,0.0,0.0
2024-03-28 11:00:00+08:00,33.0,33.099998474121094,32.95000076293945,32.95000076293945,30000,0.0,0.0
2024-03-28 12:00:00+08:00,32.95000076293945,33.04999923706055,32.79999923706055,33.04999923706055,128235,0.0,0.0
2024-03-28 13:00:00+08:00,33.04999923706055,33.099998474121094,32.900001525878906,32.900001525878906,41375,0.0,0.0
2024-03-29 09:00:00+08:00,33.04999923706055,33.79999923706055,33.04999923706055,33.29999923706055,139054,0.0,0.0
2024-03-29 10:00:00+08:00,33.29999923706055,33.349998474121094,33.20000076293945,33.25,52000,0.0,0.0
2024-03-29 11:00:00+08:00,33.20000076293945,33.45000076293945,33.20000076293945,33.45000076293945,35000,0.0,0.0
2024-03-29 12:00:00+08:00,33.400001525878906,33.45000076293945,33.29999923706055,33.349998474121094,44000,0.0,0.0
2024-03-29 13:00:00+08:00,33.45000076293945,33.54999923706055,33.29999923706055,33.29999923706055,52037,0.0,0.0
2024-04-01 09:00:00+08:00,33.79999923706055,34.25,33.70000076293945,33.70000076293945,0,0.0,0.0
2024-04-01 10:00:00+08:00,33.70000076293945,33.70000076293945,33.599998474121094,33.70000076293945,22099,0.0,0.0
2024-04-01 11:00:00+08:00,33.70000076293945,33.75,33.599998474121094,33.75,51050,0.0,0.0
2024-04-01 12:00:00+08:00,33.79999923706055,33.849998474121094,33.79999923706055,33.79999923706055,31209,0.0,0.0
2024-04-01 13:00:00+08:00,33.79999923706055,33.849998474121094,33.79999923706055,33.849998474121094,16000,0.0,0.0
2024-04-02 09:00:00+08:00,34.0,34.150001525878906,33.5,33.54999923706055,0,0.0,0.0
2024-04-02 10:00:00+08:00,33.5,33.5,33.29999923706055,33.29999923706055,54454,0.0,0.0
2024-04-02 11:00:00+08:00,33.349998474121094,33.349998474121094,33.25,33.29999923706055,36055,0.0,0.0
2024-04-02 12:00:00+08:00,33.349998474121094,33.45000076293945,33.29999923706055,33.349998474121094,20001,0.0,0.0
2024-04-02 13:00:00+08:00,33.29999923706055,33.45000076293945,33.29999923706055,33.349998474121094,38000,0.0,0.0
2024-04-03 09:00:00+08:00,33.54999923706055,33.54999923706055,33.0,33.0,0,0.0,0.0
2024-04-03 10:00:00+08:00,33.0,33.400001525878906,33.0,33.29999923706055,45000,0.0,0.0
2024-04-03 11:00:00+08:00,33.25,33.349998474121094,33.25,33.29999923706055,18000,0.0,0.0
2024-04-03 12:00:00+08:00,33.20000076293945,33.29999923706055,33.099998474121094,33.150001525878906,27035,0.0,0.0
2024-04-03 13:00:00+08:00,33.150001525878906,33.25,33.099998474121094,33.099998474121094,21267,0.0,0.0
2024-04-08 09:00:00+08:00,33.0,33.20000076293945,32.25,32.400001525878906,0,0.0,0.0
2024-04-08 10:00:00+08:00,32.400001525878906,32.45000076293945,32.400001525878906,32.45000076293945,14000,0.0,0.0
2024-04-08 11:00:00+08:00,32.5,32.5,32.349998474121094,32.349998474121094,49182,0.0,0.0
2024-04-08 12:00:00+08:00,32.400001525878906,32.5,32.349998474121094,32.400001525878906,30000,0.0,0.0
2024-04-08 13:00:00+08:00,32.400001525878906,32.599998474121094,32.400001525878906,32.54999923706055,16180,0.0,0.0
2024-04-09 09:00:00+08:00,32.5,34.400001525878906,32.5,33.75,149712,0.0,0.0
2024-04-09 10:00:00+08:00,33.75,35.25,33.650001525878906,34.79999923706055,424985,0.0,0.0
2024-04-09 11:00:00+08:00,34.75,35.75,34.400001525878906,35.75,821942,0.0,0.0
2024-04-09 12:00:00+08:00,35.75,35.75,35.75,35.75,209343,0.0,0.0
2024-04-09 13:00:00+08:00,35.75,35.75,35.75,35.75,19001,0.0,0.0
2024-04-10 09:00:00+08:00,37.0,39.29999923706055,37.0,38.54999923706055,2095880,0.0,0.0
2024-04-10 10:00:00+08:00,38.54999923706055,38.900001525878906,38.20000076293945,38.75,722885,0.0,0.0
2024-04-10 11:00:00+08:00,38.650001525878906,38.650001525878906,37.29999923706055,37.70000076293945,818495,0.0,0.0
2024-04-10 12:00:00+08:00,37.70000076293945,37.849998474121094,36.849998474121094,37.54999923706055,439069,0.0,0.0
2024-04-10 13:00:00+08:00,37.599998474121094,37.70000076293945,37.29999923706055,37.650001525878906,314074,0.0,0.0
2024-04-11 09:00:00+08:00,38.0,40.150001525878906,37.95000076293945,38.349998474121094,0,0.0,0.0
2024-04-11 10:00:00+08:00,38.349998474121094,38.599998474121094,38.0,38.04999923706055,369299,0.0,0.0
2024-04-11 11:00:00+08:00,38.04999923706055,38.400001525878906,38.04999923706055,38.29999923706055,273514,0.0,0.0
2024-04-11 12:00:00+08:00,38.29999923706055,38.900001525878906,38.099998474121094,38.75,622666,0.0,0.0
2024-04-11 13:00:00+08:00,38.79999923706055,40.0,38.79999923706055,39.95000076293945,1438026,0.0,0.0
2024-04-12 09:00:00+08:00,40.900001525878906,41.75,40.0,40.79999923706055,3041314,0.0,0.0
2024-04-12 10:00:00+08:00,40.79999923706055,41.29999923706055,40.29999923706055,40.650001525878906,570042,0.0,0.0
2024-04-12 11:00:00+08:00,40.599998474121094,40.70000076293945,39.75,40.45000076293945,509179,0.0,0.0
2024-04-12 12:00:00+08:00,40.45000076293945,40.45000076293945,39.95000076293945,40.20000076293945,364410,0.0,0.0
2024-04-12 13:00:00+08:00,40.20000076293945,40.45000076293945,40.04999923706055,40.25,476028,0.0,0.0
2024-04-15 09:00:00+08:00,39.75,39.75,38.54999923706055,38.54999923706055,0,0.0,0.0
2024-04-15 10:00:00+08:00,38.54999923706055,38.79999923706055,38.54999923706055,38.70000076293945,136003,0.0,0.0
2024-04-15 11:00:00+08:00,38.70000076293945,38.849998474121094,38.54999923706055,38.650001525878906,166308,0.0,0.0
2024-04-15 12:00:00+08:00,38.650001525878906,38.650001525878906,38.45000076293945,38.5,125978,0.0,0.0
2024-04-15 13:00:00+08:00,38.45000076293945,38.45000076293945,38.0,38.099998474121094,198708,0.0,0.0
2024-04-16 09:00:00+08:00,37.20000076293945,37.29999923706055,36.29999923706055,36.650001525878906,0,0.0,0.0
2024-04-16 10:00:00+08:00,36.70000076293945,36.95000076293945,36.400001525878906,36.849998474121094,103601,0.0,0.0
2024-04-16 11:00:00+08:00,36.849998474121094,36.849998474121094,35.95000076293945,36.099998474121094,160769,0.0,0.0
2024-04-16 12:00:00+08:00,36.099998474121094,36.20000076293945,35.95000076293945,36.20000076293945,131460,0.0,0.0
2024-04-16 13:00:00+08:00,36.0,36.54999923706055,36.0,36.54999923706055,114000,0.0,0.0
2024-04-17 09:00:00+08:00,36.70000076293945,40.0,36.70000076293945,39.650001525878906,43351,0.0,0.0
2024-04-17 10:00:00+08:00,39.400001525878906,39.849998474121094,39.400001525878906,39.400001525878906,242153,0.0,0.0
2024-04-17 11:00:00+08:00,39.5,39.849998474121094,39.45000076293945,39.54999923706055,109095,0.0,0.0
2024-04-17 12:00:00+08:00,39.599998474121094,39.599998474121094,39.25,39.54999923706055,164300,0.0,0.0
2024-04-17 13:00:00+08:00,39.54999923706055,39.54999923706055,39.099998474121094,39.25,151727,0.0,0.0
2024-04-18 09:00:00+08:00,39.400001525878906,41.0,38.5,40.20000076293945,900864,0.0,0.0
2024-04-18 10:00:00+08:00,40.20000076293945,40.20000076293945,39.5,39.79999923706055,231958,0.0,0.0
2024-04-18 11:00:00+08:00,39.75,39.75,39.5,39.54999923706055,119147,0.0,0.0
2024-04-18 12:00:00+08:00,39.5,39.5,38.900001525878906,39.150001525878906,258181,0.0,0.0
2024-04-18 13:00:00+08:00,39.150001525878906,39.150001525878906,38.79999923706055,38.95000076293945,192436,0.0,0.0
2024-04-19 09:00:00+08:00,38.5,40.79999923706055,38.20000076293945,40.650001525878906,0,0.0,0.0
2024-04-19 10:00:00+08:00,40.650001525878906,42.70000076293945,40.20000076293945,41.849998474121094,4504113,0.0,0.0
2024-04-19 11:00:00+08:00,41.849998474121094,42.75,41.79999923706055,42.75,2196063,0.0,0.0
2024-04-19 12:00:00+08:00,42.75,42.75,42.75,42.75,153993,0.0,0.0
2024-04-19 13:00:00+08:00,42.75,42.75,42.75,42.75,44829,0.0,0.0
2024-04-22 09:00:00+08:00,45.5,45.79999923706055,43.099998474121094,43.349998474121094,0,0.0,0.0
2024-04-22 10:00:00+08:00,43.349998474121094,43.400001525878906,40.650001525878906,41.25,1587904,0.0,0.0
2024-04-22 11:00:00+08:00,41.25,41.650001525878906,38.5,38.599998474121094,1314496,0.0,0.0
2024-04-22 12:00:00+08:00,38.599998474121094,39.04999923706055,38.5,38.79999923706055,572339,0.0,0.0
2024-04-22 13:00:00+08:00,38.75,38.79999923706055,38.5,38.5,312814,0.0,0.0
2024-04-23 09:00:00+08:00,39.29999923706055,40.0,37.79999923706055,38.099998474121094,0,0.0,0.0
2024-04-23 10:00:00+08:00,37.95000076293945,38.20000076293945,37.5,37.70000076293945,224938,0.0,0.0
2024-04-23 11:00:00+08:00,37.650001525878906,38.04999923706055,37.54999923706055,37.79999923706055,103542,0.0,0.0
2024-04-23 12:00:00+08:00,37.900001525878906,38.099998474121094,37.650001525878906,37.650001525878906,119633,0.0,0.0
2024-04-23 13:00:00+08:00,37.650001525878906,37.650001525878906,37.400001525878906,37.5,208537,0.0,0.0
2024-04-24 09:00:00+08:00,37.75,40.650001525878906,37.75,40.349998474121094,0,0.0,0.0
2024-04-24 10:00:00+08:00,40.400001525878906,40.900001525878906,40.400001525878906,40.900001525878906,727754,0.0,0.0
2024-04-24 11:00:00+08:00,40.900001525878906,40.900001525878906,40.900001525878906,40.900001525878906,11075,0.0,0.0
2024-04-24 12:00:00+08:00,40.900001525878906,40.900001525878906,40.900001525878906,40.900001525878906,34079,0.0,0.0
2024-04-24 13:00:00+08:00,40.900001525878906,40.900001525878906,40.900001525878906,40.900001525878906,12300,0.0,0.0
2024-04-25 09:00:00+08:00,41.400001525878906,43.400001525878906,41.400001525878906,42.75,3057811,0.0,0.0
2024-04-25 10:00:00+08:00,42.70000076293945,42.75,42.099998474121094,42.099998474121094,303949,0.0,0.0
2024-04-25 11:00:00+08:00,42.099998474121094,42.70000076293945,41.599998474121094,42.599998474121094,433277,0.0,0.0
2024-04-25 12:00:00+08:00,42.650001525878906,43.0,42.29999923706055,42.349998474121094,547014,0.0,0.0
2024-04-25 13:00:00+08:00,42.349998474121094,42.70000076293945,41.75,41.900001525878906,444953,0.0,0.0
2024-04-26 09:00:00+08:00,42.29999923706055,46.0,42.29999923706055,46.0,0,0.0,0.0
2024-04-26 10:00:00+08:00,46.0,46.0,46.0,46.0,116239,0.0,0.0
2024-04-26 11:00:00+08:00,46.0,46.0,46.0,46.0,136099,0.0,0.0
2024-04-26 12:00:00+08:00,46.0,46.0,46.0,46.0,60278,0.0,0.0
2024-04-26 13:00:00+08:00,46.0,46.0,46.0,46.0,50115,0.0,0.0
2024-04-29 09:00:00+08:00,47.5,50.599998474121094,47.5,50.599998474121094,0,0.0,0.0
2024-04-29 10:00:00+08:00,50.599998474121094,50.599998474121094,50.599998474121094,50.599998474121094,50517,0.0,0.0
2024-04-29 11:00:00+08:00,50.599998474121094,50.599998474121094,50.599998474121094,50.599998474121094,17274,0.0,0.0
2024-04-29 12:00:00+08:00,50.599998474121094,50.599998474121094,50.599998474121094,50.599998474121094,40528,0.0,0.0
2024-04-29 13:00:00+08:00,50.599998474121094,50.599998474121094,50.599998474121094,50.599998474121094,56096,0.0,0.0
2024-04-30 09:00:00+08:00,54.79999923706055,55.599998474121094,53.20000076293945,55.599998474121094,12375,0.0,0.0
2024-04-30 10:00:00+08:00,55.599998474121094,55.599998474121094,55.599998474121094,55.599998474121094,50611,0.0,0.0
2024-04-30 11:00:00+08:00,55.599998474121094,55.599998474121094,55.599998474121094,55.599998474121094,43035,0.0,0.0
2024-04-30 12:00:00+08:00,55.599998474121094,55.599998474121094,55.599998474121094,55.599998474121094,98130,0.0,0.0
2024-04-30 13:00:00+08:00,55.599998474121094,55.599998474121094,55.599998474121094,55.599998474121094,42427,0.0,0.0
2024-05-02 09:00:00+08:00,58.70000076293945,59.0,51.599998474121094,52.599998474121094,6278178,0.0,0.0
2024-05-02 10:00:00+08:00,52.599998474121094,52.70000076293945,50.599998474121094,51.20000076293945,2577925,0.0,0.0
2024-05-02 11:00:00+08:00,51.20000076293945,51.20000076293945,50.400001525878906,50.599998474121094,1015480,0.0,0.0
2024-05-02 12:00:00+08:00,50.599998474121094,50.79999923706055,50.099998474121094,50.099998474121094,1939296,0.0,0.0
2024-05-02 13:00:00+08:00,50.099998474121094,50.099998474121094,50.099998474121094,50.099998474121094,166016,0.0,0.0
2024-05-03 09:00:00+08:00,51.0,53.5,49.29999923706055,49.95000076293945,0,0.0,0.0
2024-05-03 10:00:00+08:00,50.0,50.900001525878906,49.20000076293945,49.849998474121094,829439,0.0,0.0
2024-05-03 11:00:00+08:00,49.79999923706055,49.849998474121094,48.04999923706055,48.5,980579,0.0,0.0
2024-05-03 12:00:00+08:00,48.5,48.849998474121094,47.75,47.95000076293945,779956,0.0,0.0
2024-05-03 13:00:00+08:00,47.849998474121094,48.29999923706055,47.75,48.25,623817,0.0,0.0
2024-05-06 09:00:00+08:00,49.099998474121094,49.099998474121094,46.599998474121094,46.849998474121094,0,0.0,0.0
2024-05-06 10:00:00+08:00,46.900001525878906,46.95000076293945,45.95000076293945,46.099998474121094,632878,0.0,0.0
2024-05-06 11:00:00+08:00,46.20000076293945,46.5,46.0,46.099998474121094,267158,0.0,0.0
2024-05-06 12:00:00+08:00,46.099998474121094,46.29999923706055,45.75,45.79999923706055,411242,0.0,0.0
2024-05-06 13:00:00+08:00,45.849998474121094,46.150001525878906,45.5,46.099998474121094,360724,0.0,0.0
2024-05-07 09:00:00+08:00,45.95000076293945,50.0,45.650001525878906,50.0,5335096,0.0,0.0
2024-05-07 10:00:00+08:00,50.0,50.0,50.0,50.0,107379,0.0,0.0
2024-05-07 11:00:00+08:00,50.0,50.0,50.0,50.0,19001,0.0,0.0
2024-05-07 12:00:00+08:00,50.0,50.0,50.0,50.0,60682,0.0,0.0
2024-05-07 13:00:00+08:00,50.0,50.0,50.0,50.0,23555,0.0,0.0
2024-05-08 09:00:00+08:00,51.5,51.900001525878906,46.599998474121094,47.25,0,0.0,0.0
2024-05-08 10:00:00+08:00,47.29999923706055,48.349998474121094,46.75,47.5,1106899,0.0,0.0
2024-05-08 11:00:00+08:00,47.54999923706055,47.599998474121094,47.04999923706055,47.25,260678,0.0,0.0
2024-05-08 12:00:00+08:00,47.29999923706055,47.29999923706055,46.75,46.95000076293945,518639,0.0,0.0
2024-05-08 13:00:00+08:00,46.95000076293945,47.45000076293945,46.900001525878906,47.20000076293945,427844,0.0,0.0
2024-05-09 09:00:00+08:00,47.45000076293945,48.900001525878906,47.400001525878906,47.75,0,0.0,0.0
2024-05-09 10:00:00+08:00,47.75,47.79999923706055,46.79999923706055,46.95000076293945,535525,0.0,0.0
2024-05-09 11:00:00+08:00,46.95000076293945,47.54999923706055,46.95000076293945,47.099998474121094,207685,0.0,0.0
2024-05-09 12:00:00+08:00,47.150001525878906,47.900001525878906,46.95000076293945,47.400001525878906,385917,0.0,0.0
2024-05-09 13:00:00+08:00,47.349998474121094,47.349998474121094,46.900001525878906,47.0,315953,0.0,0.0
2024-05-10 09:00:00+08:00,47.099998474121094,49.900001525878906,46.25,46.599998474121094,0,0.0,0.0
2024-05-10 10:00:00+08:00,46.599998474121094,46.849998474121094,46.45000076293945,46.54999923706055,172479,0.0,0.0
2024-05-10 11:00:00+08:00,46.599998474121094,47.45000076293945,46.599998474121094,46.70000076293945,172930,0.0,0.0
2024-05-10 12:00:00+08:00,46.650001525878906,47.0,46.400001525878906,46.79999923706055,255266,0.0,0.0
2024-05-10 13:00:00+08:00,46.900001525878906,46.900001525878906,46.29999923706055,46.400001525878906,313491,0.0,0.0
2024-05-13 09:00:00+08:00,46.099998474121094,46.5,44.0,44.20000076293945,0,0.0,0.0
2024-05-13 10:00:00+08:00,44.20000076293945,44.79999923706055,44.20000076293945,44.650001525878906,169303,0.0,0.0
2024-05-13 11:00:00+08:00,44.650001525878906,45.45000076293945,44.5,44.900001525878906,153789,0.0,0.0
2024-05-13 12:00:00+08:00,44.849998474121094,44.849998474121094,44.29999923706055,44.650001525878906,0,0.0,0.0
2024-05-13 13:00:00+08:00,44.45000076293945,44.599998474121094,44.29999923706055,44.29999923706055,1536300,0.0,0.0
2024-05-14 09:00:00+08:00,46.349998474121094,48.70000076293945,45.650001525878906,48.70000076293945,1444306,0.0,0.0
2024-05-14 10:00:00+08:00,48.70000076293945,48.70000076293945,48.70000076293945,48.70000076293945,161749,0.0,0.0
2024-05-14 11:00:00+08:00,48.70000076293945,48.70000076293945,48.70000076293945,48.70000076293945,52091,0.0,0.0
2024-05-14 12:00:00+08:00,48.70000076293945,48.70000076293945,48.70000076293945,48.70000076293945,51322,0.0,0.0
2024-05-14 13:00:00+08:00,48.70000076293945,48.70000076293945,48.70000076293945,48.70000076293945,26831,0.0,0.0
2024-05-15 09:00:00+08:00,50.599998474121094,51.400001525878906,49.150001525878906,50.099998474121094,2130288,0.0,0.0
2024-05-15 10:00:00+08:00,50.099998474121094,50.29999923706055,49.599998474121094,49.95000076293945,759419,0.0,0.0
2024-05-15 11:00:00+08:00,49.95000076293945,50.29999923706055,49.79999923706055,49.849998474121094,626077,0.0,0.0
2024-05-15 12:00:00+08:00,49.900001525878906,53.0,49.849998474121094,51.900001525878906,4883168,0.0,0.0
2024-05-15 13:00:00+08:00,51.900001525878906,52.79999923706055,51.400001525878906,51.599998474121094,1323683,0.0,0.0
2024-05-16 09:00:00+08:00,51.20000076293945,51.5,50.099998474121094,50.5,2052562,0.0,0.0
2024-05-16 10:00:00+08:00,50.400001525878906,52.0,50.400001525878906,51.20000076293945,1022521,0.0,0.0
2024-05-16 11:00:00+08:00,51.20000076293945,51.29999923706055,49.900001525878906,49.95000076293945,700434,0.0,0.0
2024-05-16 12:00:00+08:00,49.95000076293945,50.20000076293945,49.400001525878906,49.599998474121094,744573,0.0,0.0
2024-05-16 13:00:00+08:00,49.599998474121094,49.75,49.400001525878906,49.54999923706055,420868,0.0,0.0
2024-05-17 09:00:00+08:00,49.150001525878906,53.5,48.79999923706055,51.79999923706055,0,0.0,0.0
2024-05-17 10:00:00+08:00,51.79999923706055,52.400001525878906,50.79999923706055,50.900001525878906,850285,0.0,0.0
2024-05-17 11:00:00+08:00,50.900001525878906,52.29999923706055,50.29999923706055,51.79999923706055,798426,0.0,0.0
2024-05-17 12:00:00+08:00,51.900001525878906,52.0,50.70000076293945,50.79999923706055,584147,0.0,0.0
2024-05-17 13:00:00+08:00,50.79999923706055,51.29999923706055,50.79999923706055,50.79999923706055,418168,0.0,0.0
2024-05-20 09:00:00+08:00,50.5,51.900001525878906,50.20000076293945,51.29999923706055,0,0.0,0.0
2024-05-20 10:00:00+08:00,51.29999923706055,51.29999923706055,50.70000076293945,51.0,147370,0.0,0.0
2024-05-20 11:00:00+08:00,51.0,51.0,49.79999923706055,50.400001525878906,641496,0.0,0.0
2024-05-20 12:00:00+08:00,50.29999923706055,51.20000076293945,50.29999923706055,50.79999923706055,363351,0.0,0.0
2024-05-20 13:00:00+08:00,50.70000076293945,51.20000076293945,50.599998474121094,50.79999923706055,266920,0.0,0.0
2024-05-21 09:00:00+08:00,52.20000076293945,55.70000076293945,52.20000076293945,52.79999923706055,844421,0.0,0.0
2024-05-21 10:00:00+08:00,52.900001525878906,53.5,52.79999923706055,52.79999923706055,487238,0.0,0.0
2024-05-21 11:00:00+08:00,52.900001525878906,53.400001525878906,52.599998474121094,52.70000076293945,373468,0.0,0.0
2024-05-21 12:00:00+08:00,52.70000076293945,53.20000076293945,52.5,53.20000076293945,635790,0.0,0.0
2024-05-21 13:00:00+08:00,53.20000076293945,53.29999923706055,52.79999923706055,53.099998474121094,572081,0.0,0.0
2024-05-22 09:00:00+08:00,52.400001525878906,53.79999923706055,51.099998474121094,51.900001525878906,0,0.0,0.0
2024-05-22 10:00:00+08:00,51.900001525878906,52.0,51.29999923706055,51.900001525878906,465988,0.0,0.0
2024-05-22 11:00:00+08:00,51.900001525878906,52.099998474121094,51.599998474121094,51.70000076293945,230656,0.0,0.0
2024-05-22 12:00:00+08:00,51.70000076293945,51.70000076293945,51.20000076293945,51.400001525878906,303949,0.0,0.0
2024-05-22 13:00:00+08:00,51.5,51.70000076293945,51.29999923706055,51.400001525878906,320611,0.0,0.0
2024-05-23 09:00:00+08:00,51.29999923706055,51.5,50.0,50.29999923706055,0,0.0,0.0
2024-05-23 10:00:00+08:00,50.29999923706055,51.0,50.20000076293945,50.400001525878906,207579,0.0,0.0
2024-05-23 11:00:00+08:00,50.400001525878906,51.79999923706055,50.20000076293945,51.5,363721,0.0,0.0
2024-05-23 12:00:00+08:00,51.5,51.5,50.5,50.599998474121094,199788,0.0,0.0
2024-05-23 13:00:00+08:00,50.5,50.599998474121094,50.0,50.0,279043,0.0,0.0
2024-05-24 09:00:00+08:00,49.849998474121094,52.400001525878906,49.849998474121094,51.29999923706055,1052800,0.0,0.0
2024-05-24 10:00:00+08:00,51.29999923706055,51.599998474121094,50.79999923706055,51.29999923706055,261924,0.0,0.0
2024-05-24 11:00:00+08:00,51.29999923706055,51.400001525878906,50.400001525878906,50.5,235171,0.0,0.0
2024-05-24 12:00:00+08:00,50.5,51.0,50.099998474121094,50.5,286586,0.0,0.0
2024-05-24 13:00:00+08:00,50.5,50.70000076293945,50.29999923706055,50.5,240880,0.0,0.0
2024-05-27 09:00:00+08:00,50.79999923706055,53.29999923706055,50.70000076293945,52.099998474121094,0,0.0,0.0
2024-05-27 10:00:00+08:00,52.099998474121094,53.20000076293945,51.900001525878906,52.400001525878906,706300,0.0,0.0
2024-05-27 11:00:00+08:00,52.5,52.70000076293945,52.099998474121094,52.400001525878906,207821,0.0,0.0
2024-05-27 12:00:00+08:00,52.400001525878906,52.400001525878906,51.20000076293945,51.5,555433,0.0,0.0
2024-05-27 13:00:00+08:00,51.5,51.79999923706055,51.400001525878906,51.599998474121094,179587,0.0,0.0
2024-05-28 09:00:00+08:00,51.79999923706055,52.70000076293945,51.599998474121094,52.099998474121094,0,0.0,0.0
2024-05-28 10:00:00+08:00,52.099998474121094,52.29999923706055,51.20000076293945,51.29999923706055,352193,0.0,0.0
2024-05-28 11:00:00+08:00,51.29999923706055,51.400001525878906,51.0,51.099998474121094,223843,0.0,0.0
2024-05-28 12:00:00+08:00,51.20000076293945,51.5,50.5,50.5,292304,0.0,0.0
2024-05-28 13:00:00+08:00,50.5,51.0,50.5,50.70000076293945,167534,0.0,0.0
2024-05-29 09:00:00+08:00,51.70000076293945,51.70000076293945,50.20000076293945,51.0,0,0.0,0.0
2024-05-29 10:00:00+08:00,50.900001525878906,52.70000076293945,50.70000076293945,52.099998474121094,847531,0.0,0.0
2024-05-29 11:00:00+08:00,52.099998474121094,52.20000076293945,51.599998474121094,51.900001525878906,184824,0.0,0.0
2024-05-29 12:00:00+08:00,51.900001525878906,51.900001525878906,51.400001525878906,51.5,191709,0.0,0.0
2024-05-29 13:00:00+08:00,51.5,51.5,51.20000076293945,51.400001525878906,182438,0.0,0.0
2024-05-30 09:00:00+08:00,51.0,51.70000076293945,50.5,51.20000076293945,0,0.0,0.0
2024-05-30 10:00:00+08:00,51.099998474121094,51.400001525878906,50.099998474121094,50.5,335010,0.0,0.0
2024-05-30 11:00:00+08:00,50.5,50.5,49.900001525878906,50.0,239168,0.0,0.0
2024-05-30 12:00:00+08:00,50.0,50.0,49.0,49.29999923706055,556412,0.0,0.0
2024-05-30 13:00:00+08:00,49.29999923706055,49.54999923706055,49.0,49.20000076293945,291923,0.0,0.0
2024-05-31 09:00:00+08:00,49.400001525878906,49.79999923706055,48.650001525878906,49.150001525878906,0,0.0,0.0
2024-05-31 10:00:00+08:00,49.150001525878906,49.150001525878906,48.099998474121094,48.5,252558,0.0,0.0
2024-05-31 11:00:00+08:00,48.349998474121094,48.45000076293945,48.150001525878906,48.25,145264,0.0,0.0
2024-05-31 12:00:00+08:00,48.25,48.29999923706055,47.20000076293945,47.54999923706055,489901,0.0,0.0
2024-05-31 13:00:00+08:00,47.54999923706055,47.650001525878906,47.5,47.54999923706055,132250,0.0,0.0
2024-06-03 09:00:00+08:00,48.29999923706055,48.79999923706055,47.5,48.75,0,0.0,0.0
2024-06-03 10:00:00+08:00,48.75,50.5,48.70000076293945,50.400001525878906,511336,0.0,0.0
2024-06-03 11:00:00+08:00,50.400001525878906,50.5,49.25,49.400001525878906,330755,0.0,0.0
2024-06-03 12:00:00+08:00,49.29999923706055,49.29999923706055,48.849998474121094,49.0,230510,0.0,0.0
2024-06-03 13:00:00+08:00,49.0,49.5,49.0,49.150001525878906,167461,0.0,0.0
2024-06-04 09:00:00+08:00,48.900001525878906,49.099998474121094,48.5,48.849998474121094,0,0.0,0.0
2024-06-04 10:00:00+08:00,48.79999923706055,48.79999923706055,47.75,47.75,254710,0.0,0.0
2024-06-04 11:00:00+08:00,47.75,48.29999923706055,47.75,48.099998474121094,133631,0.0,0.0
2024-06-04 12:00:00+08:00,48.099998474121094,48.349998474121094,47.849998474121094,48.0,98659,0.0,0.0
2024-06-04 13:00:00+08:00,47.900001525878906,48.099998474121094,47.849998474121094,48.099998474121094,105649,0.0,0.0
2024-06-05 09:00:00+08:00,48.400001525878906,50.0,47.400001525878906,48.29999923706055,0,0.0,0.0
2024-06-05 10:00:00+08:00,48.25,48.79999923706055,48.20000076293945,48.20000076293945,99895,0.0,0.0
2024-06-05 11:00:00+08:00,48.25,48.25,47.849998474121094,48.099998474121094,64000,0.0,0.0
2024-06-05 12:00:00+08:00,48.150001525878906,48.400001525878906,47.900001525878906,47.95000076293945,114178,0.0,0.0
2024-06-05 13:00:00+08:00,47.95000076293945,48.0,47.900001525878906,47.95000076293945,73012,0.0,0.0
2024-06-06 09:00:00+08:00,48.45000076293945,48.599998474121094,47.0,47.25,0,0.0,0.0
2024-06-06 10:00:00+08:00,47.25,47.25,46.70000076293945,46.79999923706055,154340,0.0,0.0
2024-06-06 11:00:00+08:00,46.849998474121094,47.400001525878906,46.79999923706055,47.0,90578,0.0,0.0
2024-06-06 12:00:00+08:00,47.0,47.0,46.849998474121094,46.849998474121094,70153,0.0,0.0
2024-06-06 13:00:00+08:00,46.900001525878906,47.04999923706055,46.849998474121094,47.04999923706055,56025,0.0,0.0
2024-06-07 09:00:00+08:00,46.95000076293945,47.5,46.900001525878906,47.349998474121094,0,0.0,0.0
2024-06-07 10:00:00+08:00,47.29999923706055,47.400001525878906,47.099998474121094,47.099998474121094,59704,0.0,0.0
2024-06-07 11:00:00+08:00,47.04999923706055,47.349998474121094,47.04999923706055,47.099998474121094,49130,0.0,0.0
2024-06-07 12:00:00+08:00,47.099998474121094,47.099998474121094,46.79999923706055,47.099998474121094,87300,0.0,0.0
2024-06-07 13:00:00+08:00,47.04999923706055,47.20000076293945,46.79999923706055,46.79999923706055,50000,0.0,0.0
2024-06-11 09:00:00+08:00,49.5,51.400001525878906,49.349998474121094,49.70000076293945,933810,0.0,0.0
2024-06-11 10:00:00+08:00,49.79999923706055,50.5,48.599998474121094,48.900001525878906,639813,0.0,0.0
2024-06-11 11:00:00+08:00,48.900001525878906,50.099998474121094,48.75,49.599998474121094,220597,0.0,0.0
2024-06-11 12:00:00+08:00,49.599998474121094,50.0,49.400001525878906,49.400001525878906,209679,0.0,0.0
2024-06-11 13:00:00+08:00,49.54999923706055,49.599998474121094,49.0,49.25,179192,0.0,0.0
2024-06-12 09:00:00+08:00,48.79999923706055,48.79999923706055,47.54999923706055,47.54999923706055,0,0.0,0.0
2024-06-12 10:00:00+08:00,47.54999923706055,47.900001525878906,47.099998474121094,47.400001525878906,0,0.0,0.0
2024-06-12 11:00:00+08:00,47.400001525878906,47.54999923706055,47.29999923706055,47.54999923706055,680030,0.0,0.0
2024-06-12 12:00:00+08:00,47.45000076293945,47.849998474121094,47.349998474121094,47.79999923706055,121096,0.0,0.0
2024-06-12 13:00:00+08:00,47.849998474121094,48.79999923706055,47.79999923706055,48.79999923706055,128249,0.0,0.0
2024-06-13 09:00:00+08:00,49.45000076293945,49.54999923706055,48.349998474121094,48.54999923706055,0,0.0,0.0
2024-06-13 10:00:00+08:00,48.54999923706055,48.599998474121094,48.400001525878906,48.45000076293945,101792,0.0,0.0
2024-06-13 11:00:00+08:00,48.5,48.54999923706055,48.349998474121094,48.349998474121094,63120,0.0,0.0
2024-06-13 12:00:00+08:00,48.400001525878906,48.45000076293945,48.04999923706055,48.20000076293945,98472,0.0,0.0
2024-06-13 13:00:00+08:00,48.25,48.25,47.900001525878906,47.95000076293945,132265,0.0,0.0
2024-06-14 09:00:00+08:00,48.5,49.150001525878906,47.599998474121094,48.0,0,0.0,0.0
2024-06-14 10:00:00+08:00,48.0,48.400001525878906,48.0,48.29999923706055,57007,0.0,0.0
2024-06-14 11:00:00+08:00,48.29999923706055,48.349998474121094,48.20000076293945,48.20000076293945,53460,0.0,0.0
2024-06-14 12:00:00+08:00,48.25,48.25,47.79999923706055,47.900001525878906,75123,0.0,0.0
2024-06-14 13:00:00+08:00,47.900001525878906,47.900001525878906,47.79999923706055,47.849998474121094,52229,0.0,0.0
2024-06-17 09:00:00+08:00,48.0,48.0,47.349998474121094,47.849998474121094,0,0.0,0.0
2024-06-17 10:00:00+08:00,47.75,47.849998474121094,47.70000076293945,47.75,42280,0.0,0.0
2024-06-17 11:00:00+08:00,47.70000076293945,49.099998474121094,47.70000076293945,48.20000076293945,304584,0.0,0.0
2024-06-17 12:00:00+08:00,48.20000076293945,48.400001525878906,48.0,48.04999923706055,120136,0.0,0.0
2024-06-17 13:00:00+08:00,48.099998474121094,48.349998474121094,48.0,48.099998474121094,93300,0.0,0.0
2024-06-18 09:00:00+08:00,48.45000076293945,53.0,48.349998474121094,53.0,5913383,0.0,0.0
2024-06-18 10:00:00+08:00,53.0,53.0,53.0,53.0,120009,0.0,0.0
2024-06-18 11:00:00+08:00,53.0,53.0,53.0,53.0,53402,0.0,0.0
2024-06-18 12:00:00+08:00,53.0,53.0,53.0,53.0,19600,0.0,0.0
2024-06-18 13:00:00+08:00,53.0,53.0,53.0,53.0,38421,0.0,0.0
2024-06-19 09:00:00+08:00,55.400001525878906,56.5,51.20000076293945,52.099998474121094,971567,0.0,0.0
2024-06-19 10:00:00+08:00,52.20000076293945,52.5,51.29999923706055,51.900001525878906,796742,0.0,0.0
2024-06-19 11:00:00+08:00,51.900001525878906,52.099998474121094,50.0,50.79999923706055,1060754,0.0,0.0
2024-06-19 12:00:00+08:00,50.900001525878906,52.29999923706055,50.5,50.70000076293945,745314,0.0,0.0
2024-06-19 13:00:00+08:00,50.79999923706055,51.400001525878906,50.400001525878906,50.900001525878906,833505,0.0,0.0
2024-06-20 09:00:00+08:00,50.70000076293945,51.900001525878906,50.0,50.79999923706055,0,0.0,0.0
2024-06-20 10:00:00+08:00,50.79999923706055,51.599998474121094,50.70000076293945,51.20000076293945,269391,0.0,0.0
2024-06-20 11:00:00+08:00,51.099998474121094,51.29999923706055,50.70000076293945,50.79999923706055,132361,0.0,0.0
2024-06-20 12:00:00+08:00,50.70000076293945,52.400001525878906,50.70000076293945,51.70000076293945,448735,0.0,0.0
2024-06-20 13:00:00+08:00,51.79999923706055,52.0,51.400001525878906,51.599998474121094,256120,0.0,0.0
2024-06-21 09:00:00+08:00,51.900001525878906,51.900001525878906,50.70000076293945,51.5,0,0.0,0.0
2024-06-21 10:00:00+08:00,51.5,52.400001525878906,51.29999923706055,51.70000076293945,249278,0.0,0.0
2024-06-21 11:00:00+08:00,51.70000076293945,51.79999923706055,51.599998474121094,51.70000076293945,97628,0.0,0.0
2024-06-21 12:00:00+08:00,51.79999923706055,52.599998474121094,51.79999923706055,52.0,310524,0.0,0.0
2024-06-21 13:00:00+08:00,52.099998474121094,52.099998474121094,51.5,51.599998474121094,149124,0.0,0.0
2024-06-24 09:00:00+08:00,51.5,51.70000076293945,50.0,51.0,0,0.0,0.0
2024-06-24 10:00:00+08:00,50.79999923706055,50.900001525878906,50.20000076293945,50.5,166574,0.0,0.0
2024-06-24 11:00:00+08:00,50.599998474121094,50.70000076293945,50.099998474121094,50.20000076293945,201992,0.0,0.0
2024-06-24 12:00:00+08:00,50.29999923706055,50.29999923706055,49.54999923706055,49.70000076293945,344645,0.0,0.0
2024-06-24 13:00:00+08:00,49.75,49.75,49.5,49.599998474121094,205620,0.0,0.0
2024-06-25 09:00:00+08:00,49.849998474121094,50.400001525878906,47.900001525878906,49.0,0,0.0,0.0
2024-06-25 10:00:00+08:00,48.95000076293945,49.29999923706055,48.900001525878906,48.900001525878906,75759,0.0,0.0
2024-06-25 11:00:00+08:00,48.900001525878906,48.900001525878906,48.599998474121094,48.599998474121094,100155,0.0,0.0
2024-06-25 12:00:00+08:00,48.599998474121094,49.45000076293945,48.5,49.45000076293945,100557,0.0,0.0
2024-06-25 13:00:00+08:00,49.45000076293945,49.650001525878906,49.400001525878906,49.599998474121094,102253,0.0,0.0
2024-06-26 09:00:00+08:00,50.099998474121094,50.29999923706055,49.150001525878906,49.45000076293945,0,0.0,0.0
2024-06-26 10:00:00+08:00,49.5,50.0,49.45000076293945,49.599998474121094,79138,0.0,0.0
2024-06-26 11:00:00+08:00,49.54999923706055,49.70000076293945,49.0,49.04999923706055,105858,0.0,0.0
2024-06-26 12:00:00+08:00,49.099998474121094,49.400001525878906,49.04999923706055,49.04999923706055,70181,0.0,0.0
2024-06-26 13:00:00+08:00,49.099998474121094,49.20000076293945,49.0,49.0,63468,0.0,0.0
2024-06-27 09:00:00+08:00,49.20000076293945,49.20000076293945,48.5,48.599998474121094,0,0.0,0.0
2024-06-27 10:00:00+08:00,48.599998474121094,48.70000076293945,48.20000076293945,48.400001525878906,145005,0.0,0.0
2024-06-27 11:00:00+08:00,48.400001525878906,48.400001525878906,48.20000076293945,48.25,47709,0.0,0.0
2024-06-27 12:00:00+08:00,48.25,48.349998474121094,48.0,48.099998474121094,127651,0.0,0.0
2024-06-27 13:00:00+08:00,48.150001525878906,48.20000076293945,48.04999923706055,48.20000076293945,70990,0.0,0.0
2024-06-28 09:00:00+08:00,48.45000076293945,50.20000076293945,48.45000076293945,49.349998474121094,0,0.0,0.0
2024-06-28 10:00:00+08:00,49.349998474121094,50.099998474121094,49.349998474121094,49.650001525878906,160125,0.0,0.0
2024-06-28 11:00:00+08:00,49.650001525878906,49.70000076293945,49.349998474121094,49.5,59095,0.0,0.0
2024-06-28 12:00:00+08:00,49.5,49.849998474121094,49.45000076293945,49.849998474121094,85211,0.0,0.0
2024-06-28 13:00:00+08:00,49.900001525878906,49.900001525878906,49.5,49.599998474121094,74833,0.0,0.0
2024-07-01 09:00:00+08:00,49.650001525878906,49.75,49.20000076293945,49.20000076293945,0,0.0,0.0
2024-07-01 10:00:00+08:00,49.29999923706055,49.45000076293945,48.75,48.75,164244,0.0,0.0
2024-07-01 11:00:00+08:00,48.70000076293945,49.0,48.599998474121094,48.75,84512,0.0,0.0
2024-07-01 12:00:00+08:00,48.75,48.900001525878906,48.650001525878906,48.650001525878906,135191,0.0,0.0
2024-07-01 13:00:00+08:00,48.650001525878906,48.75,48.29999923706055,48.400001525878906,130181,0.0,0.0
2024-07-02 09:00:00+08:00,48.75,49.099998474121094,48.099998474121094,48.5,0,0.0,0.0
2024-07-02 10:00:00+08:00,48.599998474121094,48.599998474121094,48.25,48.54999923706055,105196,0.0,0.0
2024-07-02 11:00:00+08:00,48.599998474121094,48.599998474121094,48.349998474121094,48.5,35000,0.0,0.0
2024-07-02 12:00:00+08:00,48.5,49.0,48.5,48.79999923706055,80200,0.0,0.0
2024-07-02 13:00:00+08:00,48.79999923706055,48.900001525878906,48.5,48.79999923706055,42202,0.0,0.0
2024-07-03 09:00:00+08:00,49.099998474121094,49.54999923706055,49.099998474121094,49.5,110136,0.0,0.0
2024-07-03 10:00:00+08:00,49.5,49.849998474121094,49.25,49.25,142265,0.0,0.0
2024-07-03 11:00:00+08:00,49.25,49.29999923706055,49.150001525878906,49.150001525878906,44127,0.0,0.0
2024-07-03 12:00:00+08:00,49.150001525878906,49.900001525878906,49.099998474121094,49.70000076293945,146447,0.0,0.0
2024-07-03 13:00:00+08:00,49.599998474121094,49.650001525878906,49.349998474121094,49.650001525878906,37150,0.0,0.0
2024-07-04 09:00:00+08:00,50.70000076293945,50.79999923706055,49.349998474121094,50.099998474121094,299178,0.0,0.0
2024-07-04 10:00:00+08:00,50.099998474121094,50.20000076293945,49.599998474121094,50.099998474121094,109712,0.0,0.0
2024-07-04 11:00:00+08:00,50.0,50.29999923706055,49.900001525878906,49.95000076293945,102004,0.0,0.0
2024-07-04 12:00:00+08:00,49.95000076293945,50.29999923706055,49.849998474121094,49.95000076293945,157001,0.0,0.0
2024-07-04 13:00:00+08:00,50.0,50.099998474121094,49.900001525878906,50.0,73058,0.0,0.0
2024-07-05 09:00:00+08:00,50.20000076293945,50.400001525878906,49.54999923706055,50.20000076293945,0,0.0,0.0
2024-07-05 10:00:00+08:00,50.099998474121094,50.29999923706055,49.650001525878906,50.29999923706055,145665,0.0,0.0
2024-07-05 11:00:00+08:00,50.20000076293945,50.20000076293945,49.900001525878906,50.099998474121094,70056,0.0,0.0
2024-07-05 12:00:00+08:00,50.099998474121094,50.099998474121094,49.849998474121094,50.0,89050,0.0,0.0
2024-07-05 13:00:00+08:00,50.0,50.099998474121094,50.0,50.099998474121094,50655,0.0,0.0
2024-07-08 09:00:00+08:00,46.70000076293945,46.70000076293945,45.20000076293945,45.20000076293945,1438307,0.0,0.0
2024-07-08 10:00:00+08:00,45.20000076293945,45.29999923706055,45.20000076293945,45.20000076293945,348487,0.0,0.0
2024-07-08 11:00:00+08:00,45.20000076293945,45.20000076293945,45.20000076293945,45.20000076293945,177999,0.0,0.0
2024-07-08 12:00:00+08:00,45.20000076293945,45.349998474121094,45.20000076293945,45.20000076293945,220501,0.0,0.0
2024-07-08 13:00:00+08:00,45.20000076293945,45.20000076293945,45.20000076293945,45.20000076293945,42349,0.0,0.0
2024-07-09 09:00:00+08:00,44.0,44.849998474121094,43.5,43.5,594283,0.0,0.0
2024-07-09 10:00:00+08:00,43.5,44.29999923706055,43.45000076293945,43.900001525878906,182719,0.0,0.0
2024-07-09 11:00:00+08:00,43.900001525878906,44.150001525878906,43.849998474121094,44.0,44900,0.0,0.0
2024-07-09 12:00:00+08:00,44.0,44.099998474121094,43.849998474121094,44.0,103015,0.0,0.0
2024-07-09 13:00:00+08:00,44.0,44.0,43.849998474121094,43.900001525878906,66382,0.0,0.0
2024-07-10 09:00:00+08:00,43.900001525878906,44.70000076293945,43.849998474121094,44.29999923706055,152050,0.0,0.0
2024-07-10 10:00:00+08:00,44.29999923706055,44.599998474121094,44.29999923706055,44.29999923706055,77362,0.0,0.0
2024-07-10 11:00:00+08:00,44.29999923706055,44.349998474121094,44.150001525878906,44.150001525878906,71062,0.0,0.0
2024-07-10 12:00:00+08:00,44.150001525878906,44.150001525878906,44.0,44.099998474121094,50591,0.0,0.0
2024-07-10 13:00:00+08:00,44.099998474121094,44.20000076293945,44.0,44.150001525878906,48750,0.0,0.0
2024-07-11 09:00:00+08:00,44.5,44.54999923706055,43.349998474121094,43.650001525878906,187349,0.0,0.0
2024-07-11 10:00:00+08:00,43.599998474121094,43.599998474121094,43.04999923706055,43.400001525878906,161353,0.0,0.0
2024-07-11 11:00:00+08:00,43.45000076293945,43.54999923706055,43.29999923706055,43.349998474121094,47160,0.0,0.0
2024-07-11 12:00:00+08:00,43.349998474121094,43.349998474121094,43.099998474121094,43.099998474121094,84840,0.0,0.0
2024-07-11 13:00:00+08:00,43.150001525878906,43.25,43.099998474121094,43.150001525878906,64687,0.0,0.0
2024-07-12 09:00:00+08:00,43.400001525878906,43.70000076293945,43.0,43.45000076293945,138000,0.0,0.0
2024-07-12 10:00:00+08:00,43.45000076293945,43.75,43.29999923706055,43.29999923706055,94035,0.0,0.0
2024-07-12 11:00:00+08:00,43.349998474121094,43.45000076293945,43.29999923706055,43.29999923706055,31064,0.0,0.0
2024-07-12 12:00:00+08:00,43.29999923706055,43.29999923706055,43.25,43.29999923706055,25561,0.0,0.0
2024-07-12 13:00:00+08:00,43.25,43.29999923706055,43.150001525878906,43.29999923706055,46360,0.0,0.0
2024-07-15 09:00:00+08:00,43.599998474121094,43.599998474121094,42.79999923706055,43.29999923706055,0,0.0,0.0
2024-07-15 10:00:00+08:00,43.20000076293945,43.20000076293945,43.0,43.0,14300,0.0,0.0
2024-07-15 11:00:00+08:00,43.099998474121094,43.099998474121094,42.75,42.849998474121094,70869,0.0,0.0
2024-07-15 12:00:00+08:00,42.849998474121094,42.849998474121094,42.599998474121094,42.650001525878906,75183,0.0,0.0
2024-07-15 13:00:00+08:00,42.650001525878906,42.650001525878906,42.54999923706055,42.54999923706055,67238,0.0,0.0
2024-07-16 09:00:00+08:00,42.79999923706055,42.95000076293945,42.099998474121094,42.349998474121094,126809,0.0,0.0
2024-07-16 10:00:00+08:00,42.349998474121094,42.45000076293945,42.150001525878906,42.400001525878906,36019,0.0,0.0
2024-07-16 11:00:00+08:00,42.400001525878906,42.400001525878906,42.04999923706055,42.04999923706055,71632,0.0,0.0
2024-07-16 12:00:00+08:00,42.04999923706055,42.099998474121094,42.0,42.099998474121094,39131,0.0,0.0
2024-07-16 13:00:00+08:00,42.04999923706055,42.099998474121094,42.0,42.0,53580,0.0,0.0
2024-07-17 09:00:00+08:00,42.5,42.79999923706055,42.400001525878906,42.5,76037,0.0,0.0
2024-07-17 10:00:00+08:00,42.5,42.54999923706055,42.25,42.54999923706055,61501,0.0,0.0
2024-07-17 11:00:00+08:00,42.54999923706055,42.599998474121094,42.349998474121094,42.349998474121094,62356,0.0,0.0
2024-07-17 12:00:00+08:00,42.349998474121094,42.70000076293945,42.349998474121094,42.650001525878906,55420,0.0,0.0
2024-07-17 13:00:00+08:00,42.650001525878906,42.70000076293945,42.5,42.70000076293945,29200,0.0,0.0
2024-07-18 09:00:00+08:00,42.45000076293945,42.45000076293945,41.79999923706055,42.099998474121094,74587,0.0,0.0
2024-07-18 10:00:00+08:00,42.099998474121094,42.099998474121094,41.849998474121094,41.900001525878906,76629,0.0,0.0
2024-07-18 11:00:00+08:00,41.900001525878906,42.349998474121094,41.849998474121094,42.20000076293945,70251,0.0,0.0
2024-07-18 12:00:00+08:00,42.20000076293945,42.20000076293945,41.95000076293945,42.099998474121094,46027,0.0,0.0
2024-07-18 13:00:00+08:00,42.0,42.04999923706055,41.95000076293945,42.0,38226,0.0,0.0
2024-07-19 09:00:00+08:00,42.20000076293945,42.20000076293945,41.5,41.599998474121094,48306,0.0,0.0
2024-07-19 10:00:00+08:00,41.54999923706055,41.54999923706055,40.650001525878906,41.25,166702,0.0,0.0
2024-07-19 11:00:00+08:00,41.25,41.25,41.0,41.099998474121094,28410,0.0,0.0
2024-07-19 12:00:00+08:00,41.099998474121094,41.099998474121094,40.79999923706055,40.79999923706055,62613,0.0,0.0
2024-07-19 13:00:00+08:00,40.79999923706055,40.79999923706055,40.599998474121094,40.599998474121094,54594,0.0,0.0
2024-07-22 09:00:00+08:00,40.5,40.5,37.79999923706055,38.54999923706055,0,0.0,0.0
2024-07-22 10:00:00+08:00,38.54999923706055,39.20000076293945,38.25,39.20000076293945,58906,0.0,0.0
2024-07-22 11:00:00+08:00,39.20000076293945,39.75,38.900001525878906,38.900001525878906,71585,0.0,0.0
2024-07-22 12:00:00+08:00,39.0,39.650001525878906,38.95000076293945,39.650001525878906,35540,0.0,0.0
2024-07-22 13:00:00+08:00,39.650001525878906,39.849998474121094,39.29999923706055,39.70000076293945,36065,0.0,0.0
2024-07-23 09:00:00+08:00,39.599998474121094,40.54999923706055,39.599998474121094,40.0,59135,0.0,0.0
2024-07-23 10:00:00+08:00,40.0,40.099998474121094,39.54999923706055,40.0,37615,0.0,0.0
2024-07-23 11:00:00+08:00,39.900001525878906,39.95000076293945,39.650001525878906,39.95000076293945,24000,0.0,0.0
2024-07-23 12:00:00+08:00,40.04999923706055,40.900001525878906,40.0,40.599998474121094,103609,0.0,0.0
2024-07-23 13:00:00+08:00,40.54999923706055,40.79999923706055,40.54999923706055,40.599998474121094,20000,0.0,0.0
2024-07-26 09:00:00+08:00,39.20000076293945,40.099998474121094,38.75,39.849998474121094,0,0.0,0.0
2024-07-26 10:00:00+08:00,39.79999923706055,39.95000076293945,39.75,39.900001525878906,9271,0.0,0.0
2024-07-26 11:00:00+08:00,39.900001525878906,39.900001525878906,39.29999923706055,39.29999923706055,38568,0.0,0.0
2024-07-26 12:00:00+08:00,39.29999923706055,39.29999923706055,39.150001525878906,39.150001525878906,22300,0.0,0.0
2024-07-26 13:00:00+08:00,39.150001525878906,39.20000076293945,39.0,39.20000076293945,46053,0.0,0.0
2024-07-29 09:00:00+08:00,39.45000076293945,39.5,38.70000076293945,38.75,0,0.0,0.0
2024-07-29 10:00:00+08:00,38.75,38.75,37.849998474121094,38.150001525878906,94800,0.0,0.0
2024-07-29 11:00:00+08:00,38.150001525878906,38.400001525878906,38.150001525878906,38.400001525878906,7000,0.0,0.0
2024-07-29 12:00:00+08:00,38.099998474121094,38.29999923706055,38.0,38.20000076293945,32172,0.0,0.0
2024-07-29 13:00:00+08:00,38.04999923706055,38.25,38.04999923706055,38.25,15442,0.0,0.0
2024-07-30 09:00:00+08:00,38.099998474121094,38.54999923706055,37.900001525878906,38.45000076293945,53102,0.0,0.0
2024-07-30 10:00:00+08:00,38.45000076293945,38.5,38.099998474121094,38.099998474121094,18301,0.0,0.0
2024-07-30 11:00:00+08:00,38.20000076293945,38.650001525878906,38.20000076293945,38.45000076293945,22050,0.0,0.0
2024-07-30 12:00:00+08:00,38.599998474121094,38.95000076293945,38.599998474121094,38.95000076293945,51679,0.0,0.0
2024-07-30 13:00:00+08:00,38.95000076293945,39.150001525878906,38.95000076293945,39.0,31000,0.0,0.0
2024-07-31 09:00:00+08:00,38.150001525878906,38.29999923706055,37.95000076293945,38.0,39091,0.843929,0.0
2024-07-31 10:00:00+08:00,38.20000076293945,38.400001525878906,38.0,38.29999923706055,19483,0.0,0.0
2024-07-31 11:00:00+08:00,38.099998474121094,38.150001525878906,38.0,38.099998474121094,9064,0.0,0.0
2024-07-31 12:00:00+08:00,38.099998474121094,38.150001525878906,38.099998474121094,38.150001525878906,8120,0.0,0.0
2024-07-31 13:00:00+08:00,38.25,38.25,38.20000076293945,38.25,10250,0.0,0.0
2024-08-01 09:00:00+08:00,39.0,39.0,38.45000076293945,38.599998474121094,50150,0.0,0.0
2024-08-01 10:00:00+08:00,38.599998474121094,38.900001525878906,38.599998474121094,38.900001525878906,13000,0.0,0.0
2024-08-01 11:00:00+08:00,38.900001525878906,38.900001525878906,38.5,38.54999923706055,47250,0.0,0.0
2024-08-01 12:00:00+08:00,38.650001525878906,38.900001525878906,38.650001525878906,38.900001525878906,25056,0.0,0.0
2024-08-01 13:00:00+08:00,38.79999923706055,38.900001525878906,38.75,38.900001525878906,12046,0.0,0.0
2024-08-02 09:00:00+08:00,38.54999923706055,38.54999923706055,37.95000076293945,38.54999923706055,29130,0.0,0.0
2024-08-02 10:00:00+08:00,38.54999923706055,38.599998474121094,38.5,38.5,14090,0.0,0.0
2024-08-02 11:00:00+08:00,38.29999923706055,38.29999923706055,38.25,38.25,7142,0.0,0.0
2024-08-02 12:00:00+08:00,38.25,38.5,38.20000076293945,38.20000076293945,31300,0.0,0.0
2024-08-02 13:00:00+08:00,38.20000076293945,38.20000076293945,38.0,38.0,39234,0.0,0.0
2024-08-05 09:00:00+08:00,37.599998474121094,37.599998474121094,34.20000076293945,34.20000076293945,44867,0.0,0.0
2024-08-05 10:00:00+08:00,34.20000076293945,34.20000076293945,34.20000076293945,34.20000076293945,34308,0.0,0.0
2024-08-05 11:00:00+08:00,34.20000076293945,34.20000076293945,34.20000076293945,34.20000076293945,18490,0.0,0.0
2024-08-05 12:00:00+08:00,34.20000076293945,34.20000076293945,34.20000076293945,34.20000076293945,12017,0.0,0.0
2024-08-06 09:00:00+08:00,34.29999923706055,34.650001525878906,30.799999237060547,30.850000381469727,425998,0.0,0.0
2024-08-06 10:00:00+08:00,30.850000381469727,31.649999618530273,30.799999237060547,31.649999618530273,72181,0.0,0.0
2024-08-06 11:00:00+08:00,31.299999237060547,31.950000762939453,31.25,31.950000762939453,41004,0.0,0.0
2024-08-06 12:00:00+08:00,31.799999237060547,32.20000076293945,31.75,31.850000381469727,81200,0.0,0.0
2024-08-06 13:00:00+08:00,31.850000381469727,32.150001525878906,31.75,32.099998474121094,86050,0.0,0.0
2024-08-07 09:00:00+08:00,32.25,35.20000076293945,32.25,35.150001525878906,237329,0.0,0.0
2024-08-07 10:00:00+08:00,35.04999923706055,35.20000076293945,35.0,35.20000076293945,121465,0.0,0.0
2024-08-07 11:00:00+08:00,35.20000076293945,35.20000076293945,35.099998474121094,35.20000076293945,26055,0.0,0.0
2024-08-07 12:00:00+08:00,35.20000076293945,35.20000076293945,35.20000076293945,35.20000076293945,9191,0.0,0.0
2024-08-07 13:00:00+08:00,35.20000076293945,35.20000076293945,35.20000076293945,35.20000076293945,3229,0.0,0.0
2024-08-08 09:00:00+08:00,36.0,36.400001525878906,35.29999923706055,36.0,344088,0.0,0.0
2024-08-08 10:00:00+08:00,35.849998474121094,36.099998474121094,35.70000076293945,35.70000076293945,51253,0.0,0.0
2024-08-08 11:00:00+08:00,35.70000076293945,36.04999923706055,35.70000076293945,35.79999923706055,23139,0.0,0.0
2024-08-08 12:00:00+08:00,35.79999923706055,35.79999923706055,35.70000076293945,35.70000076293945,33655,0.0,0.0
2024-08-08 13:00:00+08:00,35.70000076293945,35.900001525878906,35.70000076293945,35.900001525878906,24000,0.0,0.0
2024-08-09 09:00:00+08:00,36.79999923706055,37.150001525878906,36.400001525878906,37.0,194322,0.0,0.0
2024-08-09 10:00:00+08:00,37.0,37.0,36.70000076293945,36.79999923706055,52220,0.0,0.0
2024-08-09 11:00:00+08:00,36.849998474121094,36.900001525878906,36.45000076293945,36.54999923706055,39220,0.0,0.0
2024-08-09 12:00:00+08:00,36.54999923706055,36.599998474121094,36.400001525878906,36.400001525878906,42510,0.0,0.0
2024-08-09 13:00:00+08:00,36.400001525878906,36.400001525878906,36.099998474121094,36.099998474121094,31169,0.0,0.0
2024-08-12 09:00:00+08:00,36.20000076293945,37.54999923706055,36.0,36.75,0,0.0,0.0
2024-08-12 10:00:00+08:00,36.75,37.5,36.5,37.20000076293945,58650,0.0,0.0
2024-08-12 11:00:00+08:00,37.099998474121094,37.099998474121094,36.849998474121094,37.0,10560,0.0,0.0
2024-08-12 12:00:00+08:00,36.900001525878906,37.29999923706055,36.849998474121094,36.95000076293945,42000,0.0,0.0
2024-08-12 13:00:00+08:00,37.0,37.099998474121094,36.79999923706055,37.099998474121094,20169,0.0,0.0
2024-08-13 09:00:00+08:00,38.5,38.5,36.849998474121094,37.70000076293945,318138,0.0,0.0
2024-08-13 10:00:00+08:00,37.70000076293945,38.29999923706055,37.70000076293945,38.20000076293945,102398,0.0,0.0
2024-08-13 11:00:00+08:00,38.25,38.25,38.099998474121094,38.150001525878906,31120,0.0,0.0
2024-08-13 12:00:00+08:00,38.150001525878906,38.150001525878906,38.0,38.099998474121094,35070,0.0,0.0
2024-08-13 13:00:00+08:00,38.0,38.099998474121094,37.900001525878906,38.04999923706055,40016,0.0,0.0
2024-08-14 09:00:00+08:00,39.5,40.0,38.849998474121094,39.400001525878906,264557,0.0,0.0
2024-08-14 10:00:00+08:00,39.400001525878906,39.400001525878906,38.70000076293945,39.349998474121094,138222,0.0,0.0
2024-08-14 11:00:00+08:00,39.29999923706055,39.29999923706055,38.95000076293945,39.04999923706055,35000,0.0,0.0
2024-08-14 12:00:00+08:00,39.0,39.04999923706055,38.95000076293945,39.0,0,0.0,0.0
2024-08-14 13:00:00+08:00,39.0,39.0,38.79999923706055,38.95000076293945,549038,0.0,0.0
2024-08-15 09:00:00+08:00,39.0,40.95000076293945,38.54999923706055,40.5,370661,0.0,0.0
2024-08-15 10:00:00+08:00,40.400001525878906,40.75,40.150001525878906,40.400001525878906,131263,0.0,0.0
2024-08-15 11:00:00+08:00,40.349998474121094,40.54999923706055,40.099998474121094,40.400001525878906,63330,0.0,0.0
2024-08-15 12:00:00+08:00,40.29999923706055,40.349998474121094,39.900001525878906,40.0,80213,0.0,0.0
2024-08-15 13:00:00+08:00,40.0,40.099998474121094,39.900001525878906,40.04999923706055,62207,0.0,0.0
2024-08-16 09:00:00+08:00,41.0,41.0,40.20000076293945,40.79999923706055,240443,0.0,0.0
2024-08-16 10:00:00+08:00,40.79999923706055,41.79999923706055,40.599998474121094,41.5,283791,0.0,0.0
2024-08-16 11:00:00+08:00,41.5,41.5,40.900001525878906,41.0,71441,0.0,0.0
2024-08-16 12:00:00+08:00,41.0,41.0,40.5,40.650001525878906,89728,0.0,0.0
2024-08-16 13:00:00+08:00,40.650001525878906,40.900001525878906,40.650001525878906,40.75,67266,0.0,0.0
2024-08-19 09:00:00+08:00,41.099998474121094,41.25,40.099998474121094,41.150001525878906,0,0.0,0.0
2024-08-19 10:00:00+08:00,41.349998474121094,41.900001525878906,41.20000076293945,41.54999923706055,194764,0.0,0.0
2024-08-19 11:00:00+08:00,41.54999923706055,41.650001525878906,41.29999923706055,41.29999923706055,66788,0.0,0.0
2024-08-19 12:00:00+08:00,41.349998474121094,41.349998474121094,41.099998474121094,41.099998474121094,62256,0.0,0.0
2024-08-19 13:00:00+08:00,41.20000076293945,41.29999923706055,41.099998474121094,41.29999923706055,27306,0.0,0.0
2024-08-20 09:00:00+08:00,41.599998474121094,42.20000076293945,41.349998474121094,41.5,159433,0.0,0.0
2024-08-20 10:00:00+08:00,41.5,41.5,41.20000076293945,41.349998474121094,42638,0.0,0.0
2024-08-20 11:00:00+08:00,41.29999923706055,41.599998474121094,41.0,41.04999923706055,65198,0.0,0.0
2024-08-20 12:00:00+08:00,41.04999923706055,41.150001525878906,40.849998474121094,41.04999923706055,34318,0.0,0.0
2024-08-20 13:00:00+08:00,41.0,41.04999923706055,40.900001525878906,40.95000076293945,23136,0.0,0.0
2024-08-21 09:00:00+08:00,41.099998474121094,41.79999923706055,40.900001525878906,41.599998474121094,166632,0.0,0.0
2024-08-21 10:00:00+08:00,41.599998474121094,41.599998474121094,41.0,41.04999923706055,147151,0.0,0.0
2024-08-21 11:00:00+08:00,41.0,41.04999923706055,40.849998474121094,40.95000076293945,39200,0.0,0.0
2024-08-21 12:00:00+08:00,41.0,41.349998474121094,41.0,41.04999923706055,54750,0.0,0.0
2024-08-21 13:00:00+08:00,41.099998474121094,41.25,41.04999923706055,41.150001525878906,25000,0.0,0.0
2024-08-22 09:00:00+08:00,41.29999923706055,41.599998474121094,40.900001525878906,41.150001525878906,0,0.0,0.0
2024-08-22 10:00:00+08:00,40.95000076293945,41.150001525878906,40.79999923706055,41.099998474121094,29552,0.0,0.0
2024-08-22 11:00:00+08:00,41.099998474121094,41.25,40.79999923706055,40.79999923706055,25156,0.0,0.0
2024-08-22 12:00:00+08:00,40.79999923706055,40.79999923706055,40.75,40.75,24237,0.0,0.0
2024-08-22 13:00:00+08:00,40.75,40.79999923706055,40.599998474121094,40.599998474121094,33592,0.0,0.0
2024-08-23 09:00:00+08:00,39.70000076293945,39.900001525878906,39.20000076293945,39.400001525878906,148749,0.0,0.0
2024-08-23 10:00:00+08:00,39.349998474121094,39.599998474121094,39.0,39.349998474121094,116188,0.0,0.0
2024-08-23 11:00:00+08:00,39.349998474121094,40.150001525878906,39.349998474121094,40.099998474121094,56230,0.0,0.0
2024-08-23 12:00:00+08:00,40.150001525878906,40.349998474121094,40.0,40.20000076293945,42160,0.0,0.0
2024-08-23 13:00:00+08:00,40.150001525878906,40.20000076293945,40.0,40.20000076293945,14050,0.0,0.0
