Datetime,Open,High,Low,Close,Volume,Dividends,Stock Splits,Capital Gains
2022-11-09 09:30:00-05:00,16.739999771118164,16.764999389648438,16.703500747680664,16.764999389648438,0,0.0,0.0,0.0
2022-11-09 10:30:00-05:00,16.7677001953125,16.78499984741211,16.7450008392334,16.780000686645508,15426,0.0,0.0,0.0
2022-11-09 11:30:00-05:00,16.760000228881836,16.760000228881836,16.739999771118164,16.739999771118164,17574,0.0,0.0,0.0
2022-11-09 12:30:00-05:00,16.73900032043457,16.739999771118164,16.700000762939453,16.705900192260742,11919,0.0,0.0,0.0
2022-11-09 13:30:00-05:00,16.704999923706055,16.704999923706055,16.684999465942383,16.697500228881836,56930,0.0,0.0,0.0
2022-11-09 14:30:00-05:00,16.684999465942383,16.700000762939453,16.674999237060547,16.690000534057617,40703,0.0,0.0,0.0
2022-11-09 15:30:00-05:00,16.684999465942383,16.690000534057617,16.671199798583984,16.68000030517578,60259,0.0,0.0,0.0
2022-11-10 09:30:00-05:00,17.010000228881836,17.155000686645508,17.010000228881836,17.155000686645508,0,0.0,0.0,0.0
2022-11-10 10:30:00-05:00,17.15999984741211,17.184999465942383,17.110000610351562,17.155000686645508,70750,0.0,0.0,0.0
2022-11-10 11:30:00-05:00,17.155000686645508,17.179899215698242,17.155000686645508,17.165000915527344,47569,0.0,0.0,0.0
2022-11-10 12:30:00-05:00,17.15999984741211,17.18000030517578,17.110000610351562,17.155000686645508,30994,0.0,0.0,0.0
2022-11-10 13:30:00-05:00,17.150999069213867,17.18199920654297,17.134000778198242,17.18000030517578,62896,0.0,0.0,0.0
2022-11-10 14:30:00-05:00,17.171499252319336,17.200000762939453,17.17009925842285,17.200000762939453,13392,0.0,0.0,0.0
2022-11-10 15:30:00-05:00,17.200000762939453,17.229999542236328,17.190000534057617,17.229999542236328,0,0.0,0.0,0.0
2022-11-11 09:30:00-05:00,17.25,17.260000228881836,17.229900360107422,17.2549991607666,18371,0.0,0.0,0.0
2022-11-11 10:30:00-05:00,17.2549991607666,17.264999389648438,17.2450008392334,17.2450008392334,21238,0.0,0.0,0.0
2022-11-11 11:30:00-05:00,17.2450008392334,17.268999099731445,17.229999542236328,17.2549991607666,401681,0.0,0.0,0.0
2022-11-11 12:30:00-05:00,17.2549991607666,17.264999389648438,17.25,17.261199951171875,30037,0.0,0.0,0.0
2022-11-11 13:30:00-05:00,17.270000457763672,17.2810001373291,17.260499954223633,17.264999389648438,21475,0.0,0.0,0.0
2022-11-11 14:30:00-05:00,17.260000228881836,17.264999389648438,17.250099182128906,17.250600814819336,8905,0.0,0.0,0.0
2022-11-11 15:30:00-05:00,17.2549991607666,17.270000457763672,17.250099182128906,17.270000457763672,3891,0.0,0.0,0.0
2022-11-14 09:30:00-05:00,17.260000228881836,17.260000228881836,17.219999313354492,17.219999313354492,16253,0.0,0.0,0.0
2022-11-14 10:30:00-05:00,17.21500015258789,17.229900360107422,17.190099716186523,17.190099716186523,21804,0.0,0.0,0.0
2022-11-14 11:30:00-05:00,17.193500518798828,17.235000610351562,17.193500518798828,17.209999084472656,13415,0.0,0.0,0.0
2022-11-14 12:30:00-05:00,17.209999084472656,17.21500015258789,17.190000534057617,17.210100173950195,45327,0.0,0.0,0.0
2022-11-14 13:30:00-05:00,17.219999313354492,17.239999771118164,17.219999313354492,17.225000381469727,39390,0.0,0.0,0.0
2022-11-14 14:30:00-05:00,17.225000381469727,17.23579978942871,17.210100173950195,17.210100173950195,26469,0.0,0.0,0.0
2022-11-14 15:30:00-05:00,17.21500015258789,17.219999313354492,17.191099166870117,17.219999313354492,37933,0.0,0.0,0.0
2022-11-15 09:30:00-05:00,17.3700008392334,17.3799991607666,17.316200256347656,17.3799991607666,0,0.0,0.0,0.0
2022-11-15 10:30:00-05:00,17.350099563598633,17.360000610351562,17.334999084472656,17.340099334716797,12633,0.0,0.0,0.0
2022-11-15 11:30:00-05:00,17.350000381469727,17.360000610351562,17.299999237060547,17.320100784301758,69549,0.0,0.0,0.0
2022-11-15 12:30:00-05:00,17.323699951171875,17.325000762939453,17.290000915527344,17.309999465942383,10920,0.0,0.0,0.0
2022-11-15 13:30:00-05:00,17.329999923706055,17.329999923706055,17.299999237060547,17.309999465942383,17524,0.0,0.0,0.0
2022-11-15 14:30:00-05:00,17.309999465942383,17.350000381469727,17.309999465942383,17.343700408935547,8202,0.0,0.0,0.0
2022-11-15 15:30:00-05:00,17.344999313354492,17.3799991607666,17.34000015258789,17.375,38879,0.0,0.0,0.0
2022-11-16 09:30:00-05:00,17.420000076293945,17.420000076293945,17.399799346923828,17.40850067138672,0,0.0,0.0,0.0
2022-11-16 10:30:00-05:00,17.405000686645508,17.40999984741211,17.360000610351562,17.399999618530273,102673,0.0,0.0,0.0
2022-11-16 11:30:00-05:00,17.40999984741211,17.40999984741211,17.402099609375,17.402099609375,9931,0.0,0.0,0.0
2022-11-16 12:30:00-05:00,17.40999984741211,17.440000534057617,17.405000686645508,17.429399490356445,39912,0.0,0.0,0.0
2022-11-16 13:30:00-05:00,17.415000915527344,17.450000762939453,17.41010093688965,17.440000534057617,9433,0.0,0.0,0.0
2022-11-16 14:30:00-05:00,17.434999465942383,17.459999084472656,17.420000076293945,17.459999084472656,21457,0.0,0.0,0.0
2022-11-16 15:30:00-05:00,17.459999084472656,17.469999313354492,17.447500228881836,17.450000762939453,0,0.0,0.0,0.0
2022-11-17 09:30:00-05:00,17.280000686645508,17.325000762939453,17.280000686645508,17.325000762939453,48732,0.0,0.0,0.0
2022-11-17 10:30:00-05:00,17.325000762939453,17.329999923706055,17.299999237060547,17.309999465942383,44441,0.0,0.0,0.0
2022-11-17 11:30:00-05:00,17.325000762939453,17.349899291992188,17.309999465942383,17.315000534057617,17120,0.0,0.0,0.0
2022-11-17 12:30:00-05:00,17.31999969482422,17.34000015258789,17.311100006103516,17.32990074157715,30086,0.0,0.0,0.0
2022-11-17 13:30:00-05:00,17.340999603271484,17.343700408935547,17.32469940185547,17.325000762939453,23161,0.0,0.0,0.0
2022-11-17 14:30:00-05:00,17.32990074157715,17.32990074157715,17.309999465942383,17.309999465942383,54593,0.0,0.0,0.0
2022-11-17 15:30:00-05:00,17.31369972229004,17.350000381469727,17.31369972229004,17.350000381469727,38210,0.0,0.0,0.0
2022-11-18 09:30:00-05:00,17.360000610351562,17.360200881958008,17.329999923706055,17.334999084472656,0,0.0,0.0,0.0
2022-11-18 10:30:00-05:00,17.339799880981445,17.339799880981445,17.31999969482422,17.325000762939453,27900,0.0,0.0,0.0
2022-11-18 11:30:00-05:00,17.31999969482422,17.322500228881836,17.299999237060547,17.302799224853516,24950,0.0,0.0,0.0
2022-11-18 12:30:00-05:00,17.30500030517578,17.309900283813477,17.300100326538086,17.30500030517578,13801,0.0,0.0,0.0
2022-11-18 13:30:00-05:00,17.300100326538086,17.309999465942383,17.299999237060547,17.305400848388672,15552,0.0,0.0,0.0
2022-11-18 14:30:00-05:00,17.30500030517578,17.309999465942383,17.299999237060547,17.30500030517578,8777,0.0,0.0,0.0
2022-11-18 15:30:00-05:00,17.30929946899414,17.329999923706055,17.299999237060547,17.325000762939453,50233,0.0,0.0,0.0
2022-11-21 09:30:00-05:00,17.3700008392334,17.377099990844727,17.325000762939453,17.34000015258789,0,0.0,0.0,0.0
2022-11-21 10:30:00-05:00,17.350000381469727,17.35099983215332,17.31999969482422,17.334999084472656,31041,0.0,0.0,0.0
2022-11-21 11:30:00-05:00,17.34000015258789,17.34000015258789,17.30500030517578,17.309999465942383,15087,0.0,0.0,0.0
2022-11-21 12:30:00-05:00,17.31999969482422,17.34000015258789,17.309999465942383,17.32939910888672,13462,0.0,0.0,0.0
2022-11-21 13:30:00-05:00,17.315000534057617,17.31999969482422,17.309999465942383,17.309999465942383,9450,0.0,0.0,0.0
2022-11-21 14:30:00-05:00,17.312999725341797,17.325000762939453,17.309999465942383,17.315000534057617,18156,0.0,0.0,0.0
2022-11-21 15:30:00-05:00,17.309999465942383,17.325000762939453,17.309999465942383,17.31999969482422,18391,0.0,0.0,0.0
2022-11-22 09:30:00-05:00,17.3700008392334,17.395000457763672,17.34000015258789,17.38050079345703,0,0.0,0.0,0.0
2022-11-22 10:30:00-05:00,17.3799991607666,17.395000457763672,17.3799991607666,17.395000457763672,16679,0.0,0.0,0.0
2022-11-22 11:30:00-05:00,17.395000457763672,17.420000076293945,17.395000457763672,17.415000915527344,13285,0.0,0.0,0.0
2022-11-22 12:30:00-05:00,17.415000915527344,17.420000076293945,17.411100387573242,17.415000915527344,45163,0.0,0.0,0.0
2022-11-22 13:30:00-05:00,17.415000915527344,17.43000030517578,17.415000915527344,17.43000030517578,42846,0.0,0.0,0.0
2022-11-22 14:30:00-05:00,17.430999755859375,17.430999755859375,17.400400161743164,17.411300659179688,43505,0.0,0.0,0.0
2022-11-22 15:30:00-05:00,17.415000915527344,17.420000076293945,17.40999984741211,17.420000076293945,41045,0.0,0.0,0.0
2022-11-23 09:30:00-05:00,17.450000762939453,17.559999465942383,17.450000762939453,17.549999237060547,28519,0.0,0.0,0.0
2022-11-23 10:30:00-05:00,17.549999237060547,17.559999465942383,17.53499984741211,17.545000076293945,56103,0.0,0.0,0.0
2022-11-23 11:30:00-05:00,17.540000915527344,17.54330062866211,17.520000457763672,17.520099639892578,14263,0.0,0.0,0.0
2022-11-23 12:30:00-05:00,17.524999618530273,17.540000915527344,17.510099411010742,17.514999389648438,84912,0.0,0.0,0.0
2022-11-23 13:30:00-05:00,17.510099411010742,17.572900772094727,17.510099411010742,17.572900772094727,13448,0.0,0.0,0.0
2022-11-23 14:30:00-05:00,17.565900802612305,17.579999923706055,17.545000076293945,17.56999969482422,23537,0.0,0.0,0.0
2022-11-23 15:30:00-05:00,17.559999465942383,17.579999923706055,17.559999465942383,17.579999923706055,68391,0.0,0.0,0.0
2022-11-25 09:30:00-05:00,17.530000686645508,17.575000762939453,17.530000686645508,17.575000762939453,8362,0.0,0.0,0.0
2022-11-25 10:30:00-05:00,17.561800003051758,17.59000015258789,17.561800003051758,17.579999923706055,6994,0.0,0.0,0.0
2022-11-25 11:30:00-05:00,17.575000762939453,17.58009910583496,17.56999969482422,17.56999969482422,17923,0.0,0.0,0.0
2022-11-25 12:30:00-05:00,17.571699142456055,17.600000381469727,17.56999969482422,17.600000381469727,0,0.0,0.0,0.0
2022-11-28 09:30:00-05:00,17.559999465942383,17.575000762939453,17.559999465942383,17.565000534057617,8149,0.0,0.0,0.0
2022-11-28 10:30:00-05:00,17.56999969482422,17.56999969482422,17.540000915527344,17.548999786376953,30471,0.0,0.0,0.0
2022-11-28 11:30:00-05:00,17.540000915527344,17.540000915527344,17.50670051574707,17.50670051574707,14625,0.0,0.0,0.0
2022-11-28 12:30:00-05:00,17.509899139404297,17.509899139404297,17.4950008392334,17.4950008392334,651,0.0,0.0,0.0
2022-11-28 13:30:00-05:00,17.490999221801758,17.530000686645508,17.479999542236328,17.4950008392334,221768,0.0,0.0,0.0
2022-11-28 14:30:00-05:00,17.4950008392334,17.4950008392334,17.480199813842773,17.485000610351562,9422,0.0,0.0,0.0
2022-11-28 15:30:00-05:00,17.485000610351562,17.510000228881836,17.469999313354492,17.510000228881836,0,0.0,0.0,0.0
2022-11-29 09:30:00-05:00,17.440000534057617,17.469999313354492,17.434999465942383,17.469999313354492,8063,0.0,0.0,0.0
2022-11-29 10:30:00-05:00,17.479999542236328,17.5,17.47100067138672,17.47100067138672,8656,0.0,0.0,0.0
2022-11-29 11:30:00-05:00,17.475500106811523,17.479999542236328,17.469999313354492,17.469999313354492,53793,0.0,0.0,0.0
2022-11-29 12:30:00-05:00,17.469999313354492,17.469999313354492,17.459999084472656,17.469999313354492,26385,0.0,0.0,0.0
2022-11-29 13:30:00-05:00,17.46500015258789,17.479999542236328,17.459999084472656,17.479999542236328,13693,0.0,0.0,0.0
2022-11-29 14:30:00-05:00,17.479999542236328,17.479999542236328,17.450000762939453,17.46500015258789,45887,0.0,0.0,0.0
2022-11-29 15:30:00-05:00,17.469999313354492,17.489999771118164,17.450000762939453,17.459999084472656,71848,0.0,0.0,0.0
2022-11-30 09:30:00-05:00,17.469999313354492,17.489999771118164,17.44499969482422,17.44499969482422,0,0.0,0.0,0.0
2022-11-30 10:30:00-05:00,17.44849967956543,17.44849967956543,17.43400001525879,17.44499969482422,10492,0.0,0.0,0.0
2022-11-30 11:30:00-05:00,17.44499969482422,17.46500015258789,17.44409942626953,17.45639991760254,24539,0.0,0.0,0.0
2022-11-30 12:30:00-05:00,17.451400756835938,17.461999893188477,17.420000076293945,17.434999465942383,125851,0.0,0.0,0.0
2022-11-30 13:30:00-05:00,17.434999465942383,17.594999313354492,17.434999465942383,17.594999313354492,46863,0.0,0.0,0.0
2022-11-30 14:30:00-05:00,17.594999313354492,17.6200008392334,17.5802001953125,17.6200008392334,85306,0.0,0.0,0.0
2022-11-30 15:30:00-05:00,17.618999481201172,17.68000030517578,17.618999481201172,17.670000076293945,0,0.0,0.0,0.0
2022-12-01 09:30:00-05:00,17.700000762939453,17.735000610351562,17.68000030517578,17.68000030517578,168210,0.0,0.0,0.0
2022-12-01 10:30:00-05:00,17.67009925842285,17.71500015258789,17.67009925842285,17.704999923706055,75074,0.0,0.0,0.0
2022-12-01 11:30:00-05:00,17.709999084472656,17.7450008392334,17.709999084472656,17.740100860595703,440503,0.0,0.0,0.0
2022-12-01 12:30:00-05:00,17.75,17.774999618530273,17.739999771118164,17.764999389648438,57244,0.0,0.0,0.0
2022-12-01 13:30:00-05:00,17.760099411010742,17.770000457763672,17.760000228881836,17.770000457763672,19867,0.0,0.0,0.0
2022-12-01 14:30:00-05:00,17.774999618530273,17.780000686645508,17.770099639892578,17.774999618530273,45105,0.0,0.0,0.0
2022-12-01 15:30:00-05:00,17.780000686645508,17.81999969482422,17.770000457763672,17.809999465942383,121138,0.0,0.0,0.0
2022-12-02 09:30:00-05:00,17.690000534057617,17.728900909423828,17.68000030517578,17.704999923706055,0,0.0,0.0,0.0
2022-12-02 10:30:00-05:00,17.690000534057617,17.729999542236328,17.690000534057617,17.729999542236328,7422,0.0,0.0,0.0
2022-12-02 11:30:00-05:00,17.7450008392334,17.780000686645508,17.7450008392334,17.774999618530273,19915,0.0,0.0,0.0
2022-12-02 12:30:00-05:00,17.774999618530273,17.799999237060547,17.770700454711914,17.774999618530273,17654,0.0,0.0,0.0
2022-12-02 13:30:00-05:00,17.780000686645508,17.829999923706055,17.772899627685547,17.829999923706055,44282,0.0,0.0,0.0
2022-12-02 14:30:00-05:00,17.82430076599121,17.850000381469727,17.815000534057617,17.834999084472656,99380,0.0,0.0,0.0
2022-12-02 15:30:00-05:00,17.834999084472656,17.8700008392334,17.81999969482422,17.860000610351562,64095,0.0,0.0,0.0
2022-12-05 09:30:00-05:00,17.780000686645508,17.780000686645508,17.700000762939453,17.704999923706055,0,0.0,0.0,0.0
2022-12-05 10:30:00-05:00,17.69499969482422,17.739999771118164,17.69499969482422,17.725000381469727,47456,0.0,0.0,0.0
2022-12-05 11:30:00-05:00,17.72089958190918,17.72089958190918,17.704999923706055,17.704999923706055,23188,0.0,0.0,0.0
2022-12-05 12:30:00-05:00,17.704999923706055,17.709999084472656,17.69499969482422,17.698999404907227,12407,0.0,0.0,0.0
2022-12-05 13:30:00-05:00,17.691699981689453,17.69499969482422,17.655000686645508,17.6564998626709,10430,0.0,0.0,0.0
2022-12-05 14:30:00-05:00,17.655099868774414,17.670000076293945,17.650100708007812,17.655000686645508,17397,0.0,0.0,0.0
2022-12-05 15:30:00-05:00,17.653499603271484,17.68000030517578,17.649999618530273,17.674999237060547,23180,0.0,0.0,0.0
2022-12-06 09:30:00-05:00,17.68000030517578,17.689899444580078,17.655000686645508,17.674999237060547,0,0.0,0.0,0.0
2022-12-06 10:30:00-05:00,17.670000076293945,17.674999237060547,17.649999618530273,17.66200065612793,10690,0.0,0.0,0.0
2022-12-06 11:30:00-05:00,17.679899215698242,17.679899215698242,17.655000686645508,17.655000686645508,15325,0.0,0.0,0.0
2022-12-06 12:30:00-05:00,17.655000686645508,17.655000686645508,17.63129997253418,17.635000228881836,36423,0.0,0.0,0.0
2022-12-06 13:30:00-05:00,17.633499145507812,17.655000686645508,17.63170051574707,17.649999618530273,20777,0.0,0.0,0.0
2022-12-06 14:30:00-05:00,17.649999618530273,17.665000915527344,17.639999389648438,17.639999389648438,89080,0.0,0.0,0.0
2022-12-06 15:30:00-05:00,17.649999618530273,17.65999984741211,17.639999389648438,17.65999984741211,61401,0.0,0.0,0.0
2022-12-07 09:30:00-05:00,17.729999542236328,17.799999237060547,17.729900360107422,17.770000457763672,58171,0.0,0.0,0.0
2022-12-07 10:30:00-05:00,17.770000457763672,17.770000457763672,17.735000610351562,17.736299514770508,21098,0.0,0.0,0.0
2022-12-07 11:30:00-05:00,17.735000610351562,17.759000778198242,17.735000610351562,17.757099151611328,61822,0.0,0.0,0.0
2022-12-07 12:30:00-05:00,17.750999450683594,17.77829933166504,17.750999450683594,17.774999618530273,43506,0.0,0.0,0.0
2022-12-07 13:30:00-05:00,17.77090072631836,17.799999237060547,17.770000457763672,17.795000076293945,67091,0.0,0.0,0.0
2022-12-07 14:30:00-05:00,17.795000076293945,17.809999465942383,17.7908992767334,17.809999465942383,39962,0.0,0.0,0.0
2022-12-07 15:30:00-05:00,17.809900283813477,17.81999969482422,17.809900283813477,17.815000534057617,0,0.0,0.0,0.0
2022-12-08 09:30:00-05:00,17.799999237060547,17.81999969482422,17.770099639892578,17.81999969482422,14031,0.0,0.0,0.0
2022-12-08 10:30:00-05:00,17.81999969482422,17.84000015258789,17.800100326538086,17.80500030517578,105767,0.0,0.0,0.0
2022-12-08 11:30:00-05:00,17.80500030517578,17.815000534057617,17.80500030517578,17.80500030517578,7224,0.0,0.0,0.0
2022-12-08 12:30:00-05:00,17.80500030517578,17.80500030517578,17.791099548339844,17.795000076293945,8637,0.0,0.0,0.0
2022-12-08 13:30:00-05:00,17.79010009765625,17.795000076293945,17.770099639892578,17.78499984741211,125299,0.0,0.0,0.0
2022-12-08 14:30:00-05:00,17.78499984741211,17.790000915527344,17.780000686645508,17.78499984741211,22816,0.0,0.0,0.0
2022-12-08 15:30:00-05:00,17.78499984741211,17.84000015258789,17.780000686645508,17.790000915527344,55634,0.0,0.0,0.0
2022-12-09 09:30:00-05:00,17.760000228881836,17.780000686645508,17.7450008392334,17.7450008392334,0,0.0,0.0,0.0
2022-12-09 10:30:00-05:00,17.75,17.780000686645508,17.75,17.773799896240234,10802,0.0,0.0,0.0
2022-12-09 11:30:00-05:00,17.774999618530273,17.786500930786133,17.760900497436523,17.764999389648438,27744,0.0,0.0,0.0
2022-12-09 12:30:00-05:00,17.760000228881836,17.764999389648438,17.74340057373047,17.74340057373047,6305,0.0,0.0,0.0
2022-12-09 13:30:00-05:00,17.75,17.765499114990234,17.75,17.760000228881836,10710,0.0,0.0,0.0
2022-12-09 14:30:00-05:00,17.760000228881836,17.760000228881836,17.740100860595703,17.740100860595703,37680,0.0,0.0,0.0
2022-12-09 15:30:00-05:00,17.740100860595703,17.75,17.729999542236328,17.729999542236328,54164,0.0,0.0,0.0
2022-12-12 09:30:00-05:00,17.760000228881836,17.790000915527344,17.7450008392334,17.7450008392334,16827,0.0,0.0,0.0
2022-12-12 10:30:00-05:00,17.743600845336914,17.743799209594727,17.735000610351562,17.739999771118164,3242,0.0,0.0,0.0
2022-12-12 11:30:00-05:00,17.720800399780273,17.72610092163086,17.720800399780273,17.72330093383789,16585,0.0,0.0,0.0
2022-12-12 12:30:00-05:00,17.729999542236328,17.729999542236328,17.690000534057617,17.69499969482422,4908,0.0,0.0,0.0
2022-12-12 13:30:00-05:00,17.690000534057617,17.719999313354492,17.690000534057617,17.69499969482422,5692,0.0,0.0,0.0
2022-12-12 14:30:00-05:00,17.69499969482422,17.719999313354492,17.690099716186523,17.71500015258789,44765,0.0,0.0,0.0
2022-12-12 15:30:00-05:00,17.71500015258789,17.729999542236328,17.709999084472656,17.729999542236328,0,0.0,0.0,0.0
2022-12-13 09:30:00-05:00,17.989999771118164,18.040000915527344,17.96500015258789,17.96500015258789,168826,0.0,0.0,0.0
2022-12-13 10:30:00-05:00,17.954999923706055,17.96500015258789,17.93000030517578,17.94499969482422,96857,0.0,0.0,0.0
2022-12-13 11:30:00-05:00,17.944499969482422,17.94499969482422,17.889999389648438,17.889999389648438,173273,0.0,0.0,0.0
2022-12-13 12:30:00-05:00,17.88990020751953,17.905000686645508,17.875,17.899999618530273,20252,0.0,0.0,0.0
2022-12-13 13:30:00-05:00,17.895999908447266,17.895999908447266,17.860000610351562,17.861499786376953,35991,0.0,0.0,0.0
2022-12-13 14:30:00-05:00,17.864999771118164,17.885000228881836,17.854000091552734,17.872400283813477,71178,0.0,0.0,0.0
2022-12-13 15:30:00-05:00,17.875,17.90999984741211,17.854999542236328,17.90999984741211,0,0.0,0.0,0.0
2022-12-14 09:30:00-05:00,17.899999618530273,17.93000030517578,17.885000228881836,17.924999237060547,59815,0.0,0.0,0.0
2022-12-14 10:30:00-05:00,17.920000076293945,17.929899215698242,17.91010093688965,17.915000915527344,28885,0.0,0.0,0.0
2022-12-14 11:30:00-05:00,17.920000076293945,17.93000030517578,17.900100708007812,17.905000686645508,52168,0.0,0.0,0.0
2022-12-14 12:30:00-05:00,17.905000686645508,17.906400680541992,17.8700008392334,17.905000686645508,151981,0.0,0.0,0.0
2022-12-14 13:30:00-05:00,17.907400131225586,17.90999984741211,17.809999465942383,17.825000762939453,61668,0.0,0.0,0.0
2022-12-14 14:30:00-05:00,17.825000762939453,17.905000686645508,17.799999237060547,17.8700008392334,43223,0.0,0.0,0.0
2022-12-14 15:30:00-05:00,17.860000610351562,17.899999618530273,17.860000610351562,17.899999618530273,60095,0.0,0.0,0.0
2022-12-15 09:30:00-05:00,17.8700008392334,17.8700008392334,17.795000076293945,17.815000534057617,23092,0.0,0.0,0.0
2022-12-15 10:30:00-05:00,17.809999465942383,17.829999923706055,17.80500030517578,17.809999465942383,28201,0.0,0.0,0.0
2022-12-15 11:30:00-05:00,17.807899475097656,17.829999923706055,17.80500030517578,17.829999923706055,13007,0.0,0.0,0.0
2022-12-15 12:30:00-05:00,17.833999633789062,17.834999084472656,17.821399688720703,17.825000762939453,6211,0.0,0.0,0.0
2022-12-15 13:30:00-05:00,17.84000015258789,17.84000015258789,17.81999969482422,17.831100463867188,5698,0.0,0.0,0.0
2022-12-15 14:30:00-05:00,17.825000762939453,17.84000015258789,17.81999969482422,17.834999084472656,18572,0.0,0.0,0.0
2022-12-15 15:30:00-05:00,17.834999084472656,17.847900390625,17.823999404907227,17.84000015258789,0,0.0,0.0,0.0
2022-12-16 09:30:00-05:00,17.709999084472656,17.75,17.704999923706055,17.729999542236328,25875,0.0,0.0,0.0
2022-12-16 10:30:00-05:00,17.729999542236328,17.7549991607666,17.729999542236328,17.7450008392334,5528,0.0,0.0,0.0
2022-12-16 11:30:00-05:00,17.7450008392334,17.7549991607666,17.739999771118164,17.7549991607666,4531,0.0,0.0,0.0
2022-12-16 12:30:00-05:00,17.748300552368164,17.759599685668945,17.742000579833984,17.75,3511090,0.0,0.0,0.0
2022-12-16 13:30:00-05:00,17.7549991607666,17.760000228881836,17.75079917907715,17.7549991607666,10827,0.0,0.0,0.0
2022-12-16 14:30:00-05:00,17.753799438476562,17.760000228881836,17.75,17.751300811767578,17378,0.0,0.0,0.0
2022-12-16 15:30:00-05:00,17.75,17.760000228881836,17.739999771118164,17.760000228881836,15322,0.0,0.0,0.0
2022-12-19 09:30:00-05:00,17.670000076293945,17.670000076293945,17.639999389648438,17.645000457763672,0,0.0,0.0,0.0
2022-12-19 10:30:00-05:00,17.645000457763672,17.649900436401367,17.639999389648438,17.645000457763672,71692,0.0,0.0,0.0
2022-12-19 11:30:00-05:00,17.645000457763672,17.6481990814209,17.6200008392334,17.6481990814209,8809,0.0,0.0,0.0
2022-12-19 12:30:00-05:00,17.645999908447266,17.65999984741211,17.645999908447266,17.654199600219727,32787,0.0,0.0,0.0
2022-12-19 13:30:00-05:00,17.65399932861328,17.65880012512207,17.635000228881836,17.635000228881836,33489,0.0,0.0,0.0
2022-12-19 14:30:00-05:00,17.63249969482422,17.639999389648438,17.63249969482422,17.635000228881836,8765,0.0,0.0,0.0
2022-12-19 15:30:00-05:00,17.6299991607666,17.65999984741211,17.6299991607666,17.6299991607666,47788,0.0,0.0,0.0
2022-12-20 09:30:00-05:00,17.510000228881836,17.540000915527344,17.492000579833984,17.53499984741211,37927,0.0,0.0,0.0
2022-12-20 10:30:00-05:00,17.540000915527344,17.559999465942383,17.520000457763672,17.524999618530273,28413,0.0,0.0,0.0
2022-12-20 11:30:00-05:00,17.524599075317383,17.530000686645508,17.520000457763672,17.524999618530273,15164,0.0,0.0,0.0
2022-12-20 12:30:00-05:00,17.524999618530273,17.528400421142578,17.51099967956543,17.519899368286133,11352,0.0,0.0,0.0
2022-12-20 13:30:00-05:00,17.520000457763672,17.530000686645508,17.516399383544922,17.524999618530273,5476,0.0,0.0,0.0
2022-12-20 14:30:00-05:00,17.527099609375,17.59000015258789,17.52199935913086,17.547500610351562,443499,0.0,0.0,0.0
2022-12-20 15:30:00-05:00,17.545000076293945,17.559999465942383,17.530000686645508,17.53499984741211,59762,0.0,0.0,0.0
2022-12-21 09:30:00-05:00,17.600000381469727,17.6299991607666,17.59000015258789,17.6299991607666,0,0.0,0.0,0.0
2022-12-21 10:30:00-05:00,17.63010025024414,17.645000457763672,17.61009979248047,17.61009979248047,16766,0.0,0.0,0.0
2022-12-21 11:30:00-05:00,17.614999771118164,17.61840057373047,17.602100372314453,17.61370086669922,17440,0.0,0.0,0.0
2022-12-21 12:30:00-05:00,17.61050033569336,17.635000228881836,17.61050033569336,17.625,12081,0.0,0.0,0.0
2022-12-21 13:30:00-05:00,17.62350082397461,17.645000457763672,17.6200008392334,17.645000457763672,19592,0.0,0.0,0.0
2022-12-21 14:30:00-05:00,17.639999389648438,17.640100479125977,17.6200008392334,17.625,31139,0.0,0.0,0.0
2022-12-21 15:30:00-05:00,17.62380027770996,17.639999389648438,17.6200008392334,17.639999389648438,0,0.0,0.0,0.0
2022-12-22 09:30:00-05:00,17.59000015258789,17.610000610351562,17.575000762939453,17.610000610351562,33876,0.0,0.0,0.0
2022-12-22 10:30:00-05:00,17.606599807739258,17.614999771118164,17.59000015258789,17.599899291992188,30651,0.0,0.0,0.0
2022-12-22 11:30:00-05:00,17.579999923706055,17.59000015258789,17.549999237060547,17.549999237060547,84075,0.0,0.0,0.0
2022-12-22 12:30:00-05:00,17.557899475097656,17.559999465942383,17.53499984741211,17.540000915527344,9613,0.0,0.0,0.0
2022-12-22 13:30:00-05:00,17.543699264526367,17.559999465942383,17.54129981994629,17.549999237060547,9262,0.0,0.0,0.0
2022-12-22 14:30:00-05:00,17.551799774169922,17.577899932861328,17.551799774169922,17.57710075378418,16177,0.0,0.0,0.0
2022-12-22 15:30:00-05:00,17.56999969482422,17.59000015258789,17.56999969482422,17.584999084472656,17188,0.0,0.0,0.0
2022-12-23 09:30:00-05:00,17.510000228881836,17.53499984741211,17.4950008392334,17.53499984741211,54269,0.0,0.0,0.0
2022-12-23 10:30:00-05:00,17.540000915527344,17.553699493408203,17.540000915527344,17.540700912475586,12383,0.0,0.0,0.0
2022-12-23 11:30:00-05:00,17.545000076293945,17.54990005493164,17.53499984741211,17.54199981689453,12726,0.0,0.0,0.0
2022-12-23 12:30:00-05:00,17.54010009765625,17.54990005493164,17.524999618530273,17.530000686645508,19547,0.0,0.0,0.0
2022-12-23 13:30:00-05:00,17.520000457763672,17.524999618530273,17.511499404907227,17.514999389648438,5576,0.0,0.0,0.0
2022-12-23 14:30:00-05:00,17.514999389648438,17.540000915527344,17.512100219726562,17.530000686645508,10556,0.0,0.0,0.0
2022-12-23 15:30:00-05:00,17.530000686645508,17.545000076293945,17.530000686645508,17.545000076293945,28722,0.0,0.0,0.0
2022-12-27 09:30:00-05:00,17.399999618530273,17.415000915527344,17.385000228881836,17.415000915527344,0,0.0,0.0,0.0
2022-12-27 10:30:00-05:00,17.415000915527344,17.415000915527344,17.381399154663086,17.389999389648438,8300,0.0,0.0,0.0
2022-12-27 11:30:00-05:00,17.385499954223633,17.385499954223633,17.3799991607666,17.385000228881836,14247,0.0,0.0,0.0
2022-12-27 12:30:00-05:00,17.3799991607666,17.3799991607666,17.360000610351562,17.360000610351562,23322,0.0,0.0,0.0
2022-12-27 13:30:00-05:00,17.36709976196289,17.36709976196289,17.354999542236328,17.354999542236328,19276,0.0,0.0,0.0
2022-12-27 14:30:00-05:00,17.35140037536621,17.354999542236328,17.329999923706055,17.333499908447266,17459,0.0,0.0,0.0
2022-12-27 15:30:00-05:00,17.33989906311035,17.34000015258789,17.329999923706055,17.329999923706055,95011,0.0,0.0,0.0
2022-12-28 09:30:00-05:00,17.329999923706055,17.350000381469727,17.30500030517578,17.30500030517578,16435,0.0,0.0,0.0
2022-12-28 10:30:00-05:00,17.30500030517578,17.319900512695312,17.270099639892578,17.274999618530273,22547,0.0,0.0,0.0
2022-12-28 11:30:00-05:00,17.274999618530273,17.280000686645508,17.274999618530273,17.274999618530273,12117,0.0,0.0,0.0
2022-12-28 12:30:00-05:00,17.27120018005371,17.29990005493164,17.27120018005371,17.280000686645508,13801,0.0,0.0,0.0
2022-12-28 13:30:00-05:00,17.280000686645508,17.280000686645508,17.260000228881836,17.260000228881836,7916,0.0,0.0,0.0
2022-12-28 14:30:00-05:00,17.270000457763672,17.270000457763672,17.229999542236328,17.230100631713867,44832,0.0,0.0,0.0
2022-12-28 15:30:00-05:00,17.233999252319336,17.239900588989258,17.200000762939453,17.209999084472656,25731,0.0,0.0,0.0
2022-12-29 09:30:00-05:00,17.229999542236328,17.26409912109375,17.229999542236328,17.24250030517578,0,0.0,0.0,0.0
2022-12-29 10:30:00-05:00,17.260000228881836,17.28499984741211,17.25,17.276399612426758,26481,0.0,0.0,0.0
2022-12-29 11:30:00-05:00,17.274999618530273,17.337900161743164,17.274999618530273,17.329999923706055,12912,0.0,0.0,0.0
2022-12-29 12:30:00-05:00,17.329999923706055,17.34000015258789,17.31999969482422,17.329999923706055,10026,0.0,0.0,0.0
2022-12-29 13:30:00-05:00,17.33989906311035,17.350000381469727,17.334999084472656,17.334999084472656,35246,0.0,0.0,0.0
2022-12-29 14:30:00-05:00,17.34000015258789,17.34000015258789,17.329999923706055,17.334999084472656,8060,0.0,0.0,0.0
2022-12-29 15:30:00-05:00,17.334999084472656,17.34000015258789,17.329999923706055,17.34000015258789,53257,0.0,0.0,0.0
2022-12-30 09:30:00-05:00,17.299999237060547,17.306299209594727,17.260700225830078,17.260700225830078,0,0.0,0.0,0.0
2022-12-30 10:30:00-05:00,17.263500213623047,17.295000076293945,17.260000228881836,17.290000915527344,18762,0.0,0.0,0.0
2022-12-30 11:30:00-05:00,17.290000915527344,17.295000076293945,17.274999618530273,17.274999618530273,5949,0.0,0.0,0.0
2022-12-30 12:30:00-05:00,17.280000686645508,17.334999084472656,17.280000686645508,17.299999237060547,8598,0.0,0.0,0.0
2022-12-30 13:30:00-05:00,17.30500030517578,17.30500030517578,17.270000457763672,17.281099319458008,37194,0.0,0.0,0.0
2022-12-30 14:30:00-05:00,17.290000915527344,17.290000915527344,17.280000686645508,17.28499984741211,17613,0.0,0.0,0.0
2022-12-30 15:30:00-05:00,17.290000915527344,17.290000915527344,17.280000686645508,17.290000915527344,95338,0.0,0.0,0.0
2023-01-03 09:30:00-05:00,17.469999313354492,17.469999313354492,17.399999618530273,17.399999618530273,30927,0.0,0.0,0.0
2023-01-03 10:30:00-05:00,17.389999389648438,17.398000717163086,17.350000381469727,17.3700008392334,819850,0.0,0.0,0.0
2023-01-03 11:30:00-05:00,17.3700008392334,17.3799991607666,17.350000381469727,17.3700008392334,8625,0.0,0.0,0.0
2023-01-03 12:30:00-05:00,17.3700008392334,17.385000228881836,17.3700008392334,17.385000228881836,8147,0.0,0.0,0.0
2023-01-03 13:30:00-05:00,17.370100021362305,17.385000228881836,17.370100021362305,17.375699996948242,4154,0.0,0.0,0.0
2023-01-03 14:30:00-05:00,17.375,17.378799438476562,17.360000610351562,17.36009979248047,32276,0.0,0.0,0.0
2023-01-03 15:30:00-05:00,17.3700008392334,17.3799991607666,17.360000610351562,17.3799991607666,45097,0.0,0.0,0.0
2023-01-04 09:30:00-05:00,17.520000457763672,17.520000457763672,17.459999084472656,17.46500015258789,0,0.0,0.0,0.0
2023-01-04 10:30:00-05:00,17.479999542236328,17.510000228881836,17.479999542236328,17.489999771118164,33691,0.0,0.0,0.0
2023-01-04 11:30:00-05:00,17.5049991607666,17.514999389648438,17.5049991607666,17.5049991607666,14762,0.0,0.0,0.0
2023-01-04 12:30:00-05:00,17.5049991607666,17.512500762939453,17.489999771118164,17.510000228881836,29159,0.0,0.0,0.0
2023-01-04 13:30:00-05:00,17.5,17.520000457763672,17.489999771118164,17.510000228881836,17404,0.0,0.0,0.0
2023-01-04 14:30:00-05:00,17.5,17.530000686645508,17.5,17.530000686645508,163017,0.0,0.0,0.0
2023-01-04 15:30:00-05:00,17.520099639892578,17.540000915527344,17.5,17.540000915527344,0,0.0,0.0,0.0
2023-01-05 09:30:00-05:00,17.43000030517578,17.440000534057617,17.395000457763672,17.43000030517578,30506,0.0,0.0,0.0
2023-01-05 10:30:00-05:00,17.440000534057617,17.459800720214844,17.420000076293945,17.450000762939453,19472,0.0,0.0,0.0
2023-01-05 11:30:00-05:00,17.459999084472656,17.479999542236328,17.443300247192383,17.476699829101562,21960,0.0,0.0,0.0
2023-01-05 12:30:00-05:00,17.469999313354492,17.489599227905273,17.459999084472656,17.489599227905273,10019,0.0,0.0,0.0
2023-01-05 13:30:00-05:00,17.47599983215332,17.499900817871094,17.469499588012695,17.469499588012695,4678,0.0,0.0,0.0
2023-01-05 14:30:00-05:00,17.469999313354492,17.485000610351562,17.46179962158203,17.469999313354492,19625,0.0,0.0,0.0
2023-01-05 15:30:00-05:00,17.479999542236328,17.489999771118164,17.47100067138672,17.479999542236328,27271,0.0,0.0,0.0
2023-01-06 09:30:00-05:00,17.530000686645508,17.639999389648438,17.5049991607666,17.639999389648438,0,0.0,0.0,0.0
2023-01-06 10:30:00-05:00,17.639999389648438,17.683399200439453,17.639999389648438,17.68000030517578,125421,0.0,0.0,0.0
2023-01-06 11:30:00-05:00,17.68000030517578,17.700000762939453,17.674999237060547,17.700000762939453,73384,0.0,0.0,0.0
2023-01-06 12:30:00-05:00,17.690000534057617,17.700000762939453,17.690000534057617,17.69499969482422,50773,0.0,0.0,0.0
2023-01-06 13:30:00-05:00,17.69499969482422,17.719999313354492,17.690000534057617,17.719999313354492,132261,0.0,0.0,0.0
2023-01-06 14:30:00-05:00,17.719999313354492,17.7450008392334,17.71500015258789,17.7450008392334,78849,0.0,0.0,0.0
2023-01-06 15:30:00-05:00,17.7450008392334,17.7450008392334,17.739999771118164,17.739999771118164,36423,0.0,0.0,0.0
2023-01-09 09:30:00-05:00,17.75,17.795000076293945,17.739999771118164,17.784099578857422,0,0.0,0.0,0.0
2023-01-09 10:30:00-05:00,17.78059959411621,17.825000762939453,17.78059959411621,17.81999969482422,53668,0.0,0.0,0.0
2023-01-09 11:30:00-05:00,17.829999923706055,17.84000015258789,17.809999465942383,17.809999465942383,65173,0.0,0.0,0.0
2023-01-09 12:30:00-05:00,17.816999435424805,17.829999923706055,17.807600021362305,17.826200485229492,60630,0.0,0.0,0.0
2023-01-09 13:30:00-05:00,17.820100784301758,17.829999923706055,17.815000534057617,17.825000762939453,10629,0.0,0.0,0.0
2023-01-09 14:30:00-05:00,17.825000762939453,17.825000762939453,17.800100326538086,17.809999465942383,12186,0.0,0.0,0.0
2023-01-09 15:30:00-05:00,17.801000595092773,17.809999465942383,17.780099868774414,17.799999237060547,33015,0.0,0.0,0.0
2023-01-10 09:30:00-05:00,17.739999771118164,17.7450008392334,17.725000381469727,17.725000381469727,0,0.0,0.0,0.0
2023-01-10 10:30:00-05:00,17.725000381469727,17.725000381469727,17.700000762939453,17.700000762939453,13432,0.0,0.0,0.0
2023-01-10 11:30:00-05:00,17.69499969482422,17.700000762939453,17.690000534057617,17.697900772094727,9017,0.0,0.0,0.0
2023-01-10 12:30:00-05:00,17.69499969482422,17.719999313354492,17.69499969482422,17.704999923706055,10022,0.0,0.0,0.0
2023-01-10 13:30:00-05:00,17.709999084472656,17.729900360107422,17.709999084472656,17.719999313354492,23666,0.0,0.0,0.0
2023-01-10 14:30:00-05:00,17.719999313354492,17.72480010986328,17.700000762939453,17.72480010986328,31078,0.0,0.0,0.0
2023-01-10 15:30:00-05:00,17.729999542236328,17.729999542236328,17.719999313354492,17.719999313354492,14606,0.0,0.0,0.0
2023-01-11 09:30:00-05:00,17.799999237060547,17.825000762939453,17.790000915527344,17.825000762939453,0,0.0,0.0,0.0
2023-01-11 10:30:00-05:00,17.820100784301758,17.820100784301758,17.760000228881836,17.80500030517578,18311,0.0,0.0,0.0
2023-01-11 11:30:00-05:00,17.799999237060547,17.799999237060547,17.790000915527344,17.795000076293945,80143,0.0,0.0,0.0
2023-01-11 12:30:00-05:00,17.790000915527344,17.815000534057617,17.790000915527344,17.795000076293945,6139,0.0,0.0,0.0
2023-01-11 13:30:00-05:00,17.815000534057617,17.81999969482422,17.810100555419922,17.81999969482422,5775,0.0,0.0,0.0
2023-01-11 14:30:00-05:00,17.809999465942383,17.825000762939453,17.799999237060547,17.825000762939453,51707,0.0,0.0,0.0
2023-01-11 15:30:00-05:00,17.81999969482422,17.860000610351562,17.81999969482422,17.84000015258789,47100,0.0,0.0,0.0
2023-01-12 09:30:00-05:00,17.920000076293945,17.920000076293945,17.829999923706055,17.895000457763672,44653,0.0,0.0,0.0
2023-01-12 10:30:00-05:00,17.895000457763672,17.91010093688965,17.882999420166016,17.91010093688965,25073,0.0,0.0,0.0
2023-01-12 11:30:00-05:00,17.90999984741211,17.94499969482422,17.90999984741211,17.940000534057617,9945,0.0,0.0,0.0
2023-01-12 12:30:00-05:00,17.940000534057617,18.010000228881836,17.940000534057617,17.96500015258789,155799,0.0,0.0,0.0
2023-01-12 13:30:00-05:00,17.96500015258789,17.991300582885742,17.96500015258789,17.980100631713867,30789,0.0,0.0,0.0
2023-01-12 14:30:00-05:00,17.979999542236328,17.989900588989258,17.979999542236328,17.985000610351562,14692,0.0,0.0,0.0
2023-01-12 15:30:00-05:00,17.979999542236328,18.020000457763672,17.979999542236328,18.014999389648438,0,0.0,0.0,0.0
2023-01-13 09:30:00-05:00,17.940000534057617,17.9950008392334,17.940000534057617,17.9950008392334,16023,0.0,0.0,0.0
2023-01-13 10:30:00-05:00,18.0,18.010000228881836,17.989999771118164,17.99410057067871,5668,0.0,0.0,0.0
2023-01-13 11:30:00-05:00,17.989999771118164,17.989999771118164,17.959999084472656,17.97010040283203,6403,0.0,0.0,0.0
2023-01-13 12:30:00-05:00,17.969999313354492,17.969999313354492,17.959999084472656,17.96500015258789,69808,0.0,0.0,0.0
2023-01-13 13:30:00-05:00,17.969999313354492,17.969999313354492,17.950000762939453,17.95009994506836,10663,0.0,0.0,0.0
2023-01-13 14:30:00-05:00,17.950000762939453,17.959999084472656,17.950000762939453,17.952499389648438,98717,0.0,0.0,0.0
2023-01-13 15:30:00-05:00,17.950000762939453,17.959999084472656,17.950000762939453,17.959999084472656,105732,0.0,0.0,0.0
2023-01-17 09:30:00-05:00,17.90999984741211,17.959999084472656,17.90999984741211,17.94499969482422,0,0.0,0.0,0.0
2023-01-17 10:30:00-05:00,17.94499969482422,17.94499969482422,17.924999237060547,17.941699981689453,13162,0.0,0.0,0.0
2023-01-17 11:30:00-05:00,17.940000534057617,17.948400497436523,17.934999465942383,17.934999465942383,8027,0.0,0.0,0.0
2023-01-17 12:30:00-05:00,17.940000534057617,17.940000534057617,17.93000030517578,17.934999465942383,10834,0.0,0.0,0.0
2023-01-17 13:30:00-05:00,17.934999465942383,17.94569969177246,17.93000030517578,17.934999465942383,18099,0.0,0.0,0.0
2023-01-17 14:30:00-05:00,17.93000030517578,17.934999465942383,17.920000076293945,17.924999237060547,40956,0.0,0.0,0.0
2023-01-17 15:30:00-05:00,17.924999237060547,17.940000534057617,17.920000076293945,17.93000030517578,166878,0.0,0.0,0.0
2023-01-18 09:30:00-05:00,18.139999389648438,18.149999618530273,18.114999771118164,18.1476993560791,62414,0.0,0.0,0.0
2023-01-18 10:30:00-05:00,18.14069938659668,18.14069938659668,18.079999923706055,18.084999084472656,32259,0.0,0.0,0.0
2023-01-18 11:30:00-05:00,18.06999969482422,18.06999969482422,18.030000686645508,18.05500030517578,20726,0.0,0.0,0.0
2023-01-18 12:30:00-05:00,18.04010009765625,18.065000534057617,18.04010009765625,18.065000534057617,35315,0.0,0.0,0.0
2023-01-18 13:30:00-05:00,18.061800003051758,18.09000015258789,18.059999465942383,18.079999923706055,36849,0.0,0.0,0.0
2023-01-18 14:30:00-05:00,18.06999969482422,18.097900390625,18.049999237060547,18.09000015258789,64794,0.0,0.0,0.0
2023-01-18 15:30:00-05:00,18.100000381469727,18.100000381469727,18.071699142456055,18.084999084472656,8786,0.0,0.0,0.0
2023-01-19 09:30:00-05:00,18.020000457763672,18.049999237060547,18.020000457763672,18.030000686645508,0,0.0,0.0,0.0
2023-01-19 10:30:00-05:00,18.024999618530273,18.045000076293945,18.024999618530273,18.040000915527344,33977,0.0,0.0,0.0
2023-01-19 11:30:00-05:00,18.031400680541992,18.03499984741211,18.010099411010742,18.014999389648438,12687,0.0,0.0,0.0
2023-01-19 12:30:00-05:00,18.010099411010742,18.024999618530273,17.993799209594727,18.014999389648438,22531,0.0,0.0,0.0
2023-01-19 13:30:00-05:00,18.020000457763672,18.040000915527344,18.020000457763672,18.030000686645508,20420,0.0,0.0,0.0
2023-01-19 14:30:00-05:00,18.030000686645508,18.059999465942383,18.02790069580078,18.030099868774414,115912,0.0,0.0,0.0
2023-01-19 15:30:00-05:00,18.03499984741211,18.045000076293945,18.030000686645508,18.040000915527344,0,0.0,0.0,0.0
2023-01-20 09:30:00-05:00,17.969999313354492,17.979999542236328,17.950000762939453,17.96500015258789,78252,0.0,0.0,0.0
2023-01-20 10:30:00-05:00,17.96500015258789,17.96649932861328,17.94499969482422,17.94499969482422,34805,0.0,0.0,0.0
2023-01-20 11:30:00-05:00,17.94499969482422,17.94499969482422,17.8799991607666,17.915000915527344,188229,0.0,0.0,0.0
2023-01-20 12:30:00-05:00,17.915000915527344,17.934999465942383,17.91010093688965,17.934999465942383,48213,0.0,0.0,0.0
2023-01-20 13:30:00-05:00,17.934999465942383,17.96500015258789,17.934999465942383,17.94499969482422,30748,0.0,0.0,0.0
2023-01-20 14:30:00-05:00,17.94499969482422,17.96500015258789,17.940000534057617,17.959999084472656,64966,0.0,0.0,0.0
2023-01-20 15:30:00-05:00,17.950000762939453,17.975000381469727,17.950000762939453,17.975000381469727,53190,0.0,0.0,0.0
2023-01-23 09:30:00-05:00,17.93000030517578,17.959999084472656,17.90999984741211,17.933300018310547,108014,0.0,0.0,0.0
2023-01-23 10:30:00-05:00,17.94499969482422,17.979999542236328,17.899999618530273,17.956499099731445,105059,0.0,0.0,0.0
2023-01-23 11:30:00-05:00,17.95039939880371,17.95840072631836,17.920000076293945,17.949899673461914,101629,0.0,0.0,0.0
2023-01-23 12:30:00-05:00,17.94420051574707,17.950000762939453,17.940000534057617,17.940099716186523,162002,0.0,0.0,0.0
2023-01-23 13:30:00-05:00,17.943700790405273,17.969999313354492,17.920000076293945,17.959999084472656,50755,0.0,0.0,0.0
2023-01-23 14:30:00-05:00,17.950000762939453,17.957000732421875,17.940000534057617,17.949899673461914,33756,0.0,0.0,0.0
2023-01-23 15:30:00-05:00,17.940000534057617,17.950000762939453,17.940000534057617,17.950000762939453,19556,0.0,0.0,0.0
2023-01-24 09:30:00-05:00,17.959999084472656,17.959999084472656,17.915000915527344,17.95009994506836,26063,0.0,0.0,0.0
2023-01-24 10:30:00-05:00,17.96500015258789,17.998300552368164,17.950000762939453,17.998300552368164,8162,0.0,0.0,0.0
2023-01-24 11:30:00-05:00,17.989999771118164,17.99959945678711,17.980100631713867,17.982900619506836,20426,0.0,0.0,0.0
2023-01-24 12:30:00-05:00,17.985000610351562,18.014999389648438,17.979999542236328,18.014999389648438,19530,0.0,0.0,0.0
2023-01-24 13:30:00-05:00,18.014999389648438,18.020000457763672,18.010000228881836,18.016300201416016,10575,0.0,0.0,0.0
2023-01-24 14:30:00-05:00,18.019899368286133,18.020000457763672,18.0,18.0049991607666,27725,0.0,0.0,0.0
2023-01-24 15:30:00-05:00,18.0049991607666,18.010000228881836,18.0,18.0,30938,0.0,0.0,0.0
2023-01-25 09:30:00-05:00,17.989999771118164,18.024999618530273,17.979999542236328,18.0,28663,0.0,0.0,0.0
2023-01-25 10:30:00-05:00,18.0,18.0049991607666,17.969999313354492,17.983999252319336,17539,0.0,0.0,0.0
2023-01-25 11:30:00-05:00,17.979999542236328,17.9950008392334,17.97209930419922,17.9950008392334,15735,0.0,0.0,0.0
2023-01-25 12:30:00-05:00,17.999900817871094,18.02630043029785,17.999900817871094,18.024999618530273,5712,0.0,0.0,0.0
2023-01-25 13:30:00-05:00,18.021400451660156,18.030000686645508,18.0049991607666,18.0049991607666,11961,0.0,0.0,0.0
2023-01-25 14:30:00-05:00,18.009899139404297,18.019699096679688,18.0049991607666,18.014999389648438,18102,0.0,0.0,0.0
2023-01-25 15:30:00-05:00,18.014999389648438,18.03499984741211,18.01099967956543,18.034799575805664,13135,0.0,0.0,0.0
2023-01-26 09:30:00-05:00,18.030000686645508,18.03730010986328,18.0049991607666,18.014999389648438,20509,0.0,0.0,0.0
2023-01-26 10:30:00-05:00,18.014999389648438,18.014999389648438,17.985000610351562,17.985000610351562,36201,0.0,0.0,0.0
2023-01-26 11:30:00-05:00,17.985000610351562,18.0049991607666,17.979999542236328,18.000099182128906,13541,0.0,0.0,0.0
2023-01-26 12:30:00-05:00,18.0049991607666,18.030000686645508,18.00119972229004,18.030000686645508,11638,0.0,0.0,0.0
2023-01-26 13:30:00-05:00,18.040000915527344,18.041000366210938,18.031600952148438,18.03499984741211,4333,0.0,0.0,0.0
2023-01-26 14:30:00-05:00,18.033599853515625,18.040000915527344,18.010000228881836,18.010000228881836,54850,0.0,0.0,0.0
2023-01-26 15:30:00-05:00,18.014999389648438,18.040000915527344,18.010000228881836,18.020000457763672,20413,0.0,0.0,0.0
2023-01-27 09:30:00-05:00,17.959999084472656,18.0,17.959999084472656,17.975000381469727,0,0.0,0.0,0.0
2023-01-27 10:30:00-05:00,17.974899291992188,17.979999542236328,17.974000930786133,17.979400634765625,5209,0.0,0.0,0.0
2023-01-27 11:30:00-05:00,17.978700637817383,17.9950008392334,17.978700637817383,17.985000610351562,11446,0.0,0.0,0.0
2023-01-27 12:30:00-05:00,17.985000610351562,17.989999771118164,17.98310089111328,17.989900588989258,9596,0.0,0.0,0.0
2023-01-27 13:30:00-05:00,17.981599807739258,17.9950008392334,17.981599807739258,17.9950008392334,1321,0.0,0.0,0.0
2023-01-27 14:30:00-05:00,18.0,18.014999389648438,17.989999771118164,17.9950008392334,18024,0.0,0.0,0.0
2023-01-27 15:30:00-05:00,17.9950008392334,17.999000549316406,17.990999221801758,17.9950008392334,27113,0.0,0.0,0.0
2023-01-30 09:30:00-05:00,17.920000076293945,17.954999923706055,17.920000076293945,17.94260025024414,0,0.0,0.0,0.0
2023-01-30 10:30:00-05:00,17.943500518798828,17.943500518798828,17.90999984741211,17.915000915527344,135496,0.0,0.0,0.0
2023-01-30 11:30:00-05:00,17.915000915527344,17.91990089416504,17.91010093688965,17.912700653076172,6211,0.0,0.0,0.0
2023-01-30 12:30:00-05:00,17.90999984741211,17.90999984741211,17.903900146484375,17.903900146484375,2893,0.0,0.0,0.0
2023-01-30 13:30:00-05:00,17.905000686645508,17.907899856567383,17.899999618530273,17.90530014038086,4947,0.0,0.0,0.0
2023-01-30 14:30:00-05:00,17.909900665283203,17.909900665283203,17.889999389648438,17.895000457763672,20393,0.0,0.0,0.0
2023-01-30 15:30:00-05:00,17.895000457763672,17.899999618530273,17.885000228881836,17.899999618530273,86539,0.0,0.0,0.0
2023-01-31 09:30:00-05:00,17.93000030517578,17.93000030517578,17.895000457763672,17.899999618530273,11216,0.0,0.0,0.0
2023-01-31 10:30:00-05:00,17.900100708007812,17.93000030517578,17.900100708007812,17.93000030517578,27662,0.0,0.0,0.0
2023-01-31 11:30:00-05:00,17.92930030822754,17.940000534057617,17.899999618530273,17.915000915527344,91258,0.0,0.0,0.0
2023-01-31 12:30:00-05:00,17.928300857543945,17.928300857543945,17.899999618530273,17.91990089416504,49193,0.0,0.0,0.0
2023-01-31 13:30:00-05:00,17.934999465942383,17.950000762939453,17.929899215698242,17.94499969482422,29484,0.0,0.0,0.0
2023-01-31 14:30:00-05:00,17.950000762939453,17.959999084472656,17.940000534057617,17.94499969482422,45250,0.0,0.0,0.0
2023-01-31 15:30:00-05:00,17.94499969482422,17.985000610351562,17.94499969482422,17.985000610351562,29181,0.0,0.0,0.0
2023-02-01 09:30:00-05:00,17.959999084472656,17.969999313354492,17.934999465942383,17.934999465942383,6231,0.0,0.0,0.0
2023-02-01 10:30:00-05:00,17.940000534057617,17.950000762939453,17.940000534057617,17.94499969482422,36589,0.0,0.0,0.0
2023-02-01 11:30:00-05:00,17.950000762939453,17.959999084472656,17.940099716186523,17.95009994506836,33310,0.0,0.0,0.0
2023-02-01 12:30:00-05:00,17.953699111938477,17.959999084472656,17.950000762939453,17.954999923706055,9046,0.0,0.0,0.0
2023-02-01 13:30:00-05:00,17.95009994506836,17.959999084472656,17.938100814819336,17.959999084472656,6052,0.0,0.0,0.0
2023-02-01 14:30:00-05:00,17.94499969482422,18.100000381469727,17.940000534057617,18.100000381469727,43693,0.0,0.0,0.0
2023-02-01 15:30:00-05:00,18.125,18.125,18.100000381469727,18.104999542236328,64958,0.0,0.0,0.0
2023-02-02 09:30:00-05:00,18.25,18.260000228881836,18.18000030517578,18.209999084472656,0,0.0,0.0,0.0
2023-02-02 10:30:00-05:00,18.217300415039062,18.2549991607666,18.217300415039062,18.25,12786,0.0,0.0,0.0
2023-02-02 11:30:00-05:00,18.2450008392334,18.2549991607666,18.232500076293945,18.25,14690,0.0,0.0,0.0
2023-02-02 12:30:00-05:00,18.2549991607666,18.260000228881836,18.221200942993164,18.22909927368164,23001,0.0,0.0,0.0
2023-02-02 13:30:00-05:00,18.219999313354492,18.226499557495117,18.210100173950195,18.219999313354492,8692,0.0,0.0,0.0
2023-02-02 14:30:00-05:00,18.209999084472656,18.21500015258789,18.20210075378418,18.20989990234375,11364,0.0,0.0,0.0
2023-02-02 15:30:00-05:00,18.209999084472656,18.219999313354492,18.190000534057617,18.209999084472656,39622,0.0,0.0,0.0
2023-02-03 09:30:00-05:00,18.040000915527344,18.06999969482422,17.9950008392334,18.030000686645508,0,0.0,0.0,0.0
2023-02-03 10:30:00-05:00,18.020000457763672,18.049999237060547,18.020000457763672,18.03499984741211,28227,0.0,0.0,0.0
2023-02-03 11:30:00-05:00,18.040000915527344,18.049999237060547,18.03499984741211,18.038400650024414,815203,0.0,0.0,0.0
2023-02-03 12:30:00-05:00,18.030099868774414,18.045000076293945,18.0,18.009899139404297,52426,0.0,0.0,0.0
2023-02-03 13:30:00-05:00,18.0049991607666,18.010000228881836,18.0,18.0,5720,0.0,0.0,0.0
2023-02-03 14:30:00-05:00,18.010000228881836,18.010000228881836,18.0,18.000200271606445,13387,0.0,0.0,0.0
2023-02-03 15:30:00-05:00,18.0,18.010000228881836,17.9950008392334,18.0,23085,0.0,0.0,0.0
2023-02-06 09:30:00-05:00,17.899999618530273,17.899999618530273,17.8435001373291,17.844999313354492,30514,0.0,0.0,0.0
2023-02-06 10:30:00-05:00,17.850000381469727,17.864999771118164,17.844999313354492,17.864999771118164,18776,0.0,0.0,0.0
2023-02-06 11:30:00-05:00,17.864999771118164,17.864999771118164,17.81999969482422,17.826000213623047,19746,0.0,0.0,0.0
2023-02-06 12:30:00-05:00,17.829999923706055,17.84000015258789,17.825000762939453,17.829999923706055,28685,0.0,0.0,0.0
2023-02-06 13:30:00-05:00,17.84000015258789,17.854999542236328,17.84000015258789,17.854999542236328,10915,0.0,0.0,0.0
2023-02-06 14:30:00-05:00,17.844999313354492,17.850000381469727,17.83300018310547,17.83300018310547,8887,0.0,0.0,0.0
2023-02-06 15:30:00-05:00,17.834999084472656,17.84000015258789,17.825000762939453,17.84000015258789,39492,0.0,0.0,0.0
2023-02-07 09:30:00-05:00,17.799999237060547,17.809999465942383,17.790000915527344,17.80500030517578,8308,0.0,0.0,0.0
2023-02-07 10:30:00-05:00,17.803499221801758,17.84000015258789,17.803499221801758,17.834999084472656,13131,0.0,0.0,0.0
2023-02-07 11:30:00-05:00,17.834999084472656,17.84000015258789,17.809999465942383,17.818899154663086,12733,0.0,0.0,0.0
2023-02-07 12:30:00-05:00,17.815000534057617,17.90999984741211,17.799999237060547,17.84000015258789,46169,0.0,0.0,0.0
2023-02-07 13:30:00-05:00,17.834999084472656,17.834999084472656,17.789899826049805,17.81089973449707,20650,0.0,0.0,0.0
2023-02-07 14:30:00-05:00,17.809999465942383,17.829999923706055,17.809999465942383,17.8174991607666,24599,0.0,0.0,0.0
2023-02-07 15:30:00-05:00,17.819900512695312,17.81999969482422,17.809999465942383,17.815000534057617,21027,0.0,0.0,0.0
2023-02-08 09:30:00-05:00,17.81999969482422,17.829999923706055,17.7810001373291,17.79010009765625,0,0.0,0.0,0.0
2023-02-08 10:30:00-05:00,17.780000686645508,17.789899826049805,17.770000457763672,17.774999618530273,24491,0.0,0.0,0.0
2023-02-08 11:30:00-05:00,17.770000457763672,17.78499984741211,17.768800735473633,17.78499984741211,53987,0.0,0.0,0.0
2023-02-08 12:30:00-05:00,17.78499984741211,17.81999969482422,17.781700134277344,17.815000534057617,25589,0.0,0.0,0.0
2023-02-08 13:30:00-05:00,17.819900512695312,17.819900512695312,17.799999237060547,17.80500030517578,10752,0.0,0.0,0.0
2023-02-08 14:30:00-05:00,17.806499481201172,17.806499481201172,17.799999237060547,17.80500030517578,15344,0.0,0.0,0.0
2023-02-08 15:30:00-05:00,17.799999237060547,17.809999465942383,17.799999237060547,17.80500030517578,22256,0.0,0.0,0.0
2023-02-09 09:30:00-05:00,17.899999618530273,17.90999984741211,17.850000381469727,17.854999542236328,0,0.0,0.0,0.0
2023-02-09 10:30:00-05:00,17.854999542236328,17.854999542236328,17.829999923706055,17.834999084472656,16645,0.0,0.0,0.0
2023-02-09 11:30:00-05:00,17.834999084472656,17.84000015258789,17.830299377441406,17.84000015258789,23567,0.0,0.0,0.0
2023-02-09 12:30:00-05:00,17.83300018310547,17.834999084472656,17.780000686645508,17.786300659179688,20016,0.0,0.0,0.0
2023-02-09 13:30:00-05:00,17.78499984741211,17.78499984741211,17.7450008392334,17.7450008392334,4934,0.0,0.0,0.0
2023-02-09 14:30:00-05:00,17.7450008392334,17.75,17.709999084472656,17.717500686645508,32885,0.0,0.0,0.0
2023-02-09 15:30:00-05:00,17.719999313354492,17.75,17.709999084472656,17.739999771118164,39713,0.0,0.0,0.0
2023-02-10 09:30:00-05:00,17.68000030517578,17.690000534057617,17.65999984741211,17.65999984741211,0,0.0,0.0,0.0
2023-02-10 10:30:00-05:00,17.649999618530273,17.6564998626709,17.625,17.625,7848,0.0,0.0,0.0
2023-02-10 11:30:00-05:00,17.625,17.627599716186523,17.600000381469727,17.600000381469727,7182,0.0,0.0,0.0
2023-02-10 12:30:00-05:00,17.600000381469727,17.6200008392334,17.600000381469727,17.608999252319336,24261,0.0,0.0,0.0
2023-02-10 13:30:00-05:00,17.600000381469727,17.604999542236328,17.594999313354492,17.600000381469727,1123,0.0,0.0,0.0
2023-02-10 14:30:00-05:00,17.590900421142578,17.599899291992188,17.590900421142578,17.594999313354492,6242,0.0,0.0,0.0
2023-02-10 15:30:00-05:00,17.594999313354492,17.600000381469727,17.59000015258789,17.600000381469727,20112,0.0,0.0,0.0
2023-02-13 09:30:00-05:00,17.6200008392334,17.639999389648438,17.6200008392334,17.625,23318,0.0,0.0,0.0
2023-02-13 10:30:00-05:00,17.6299991607666,17.6299991607666,17.6200008392334,17.625,27842,0.0,0.0,0.0
2023-02-13 11:30:00-05:00,17.625,17.63949966430664,17.625,17.635000228881836,13699,0.0,0.0,0.0
2023-02-13 12:30:00-05:00,17.635000228881836,17.639999389648438,17.6299991607666,17.6299991607666,26433,0.0,0.0,0.0
2023-02-13 13:30:00-05:00,17.63789939880371,17.655000686645508,17.63789939880371,17.645000457763672,20797,0.0,0.0,0.0
2023-02-13 14:30:00-05:00,17.645000457763672,17.649999618530273,17.639999389648438,17.639999389648438,65306,0.0,0.0,0.0
2023-02-13 15:30:00-05:00,17.645000457763672,17.645000457763672,17.6200008392334,17.6299991607666,54569,0.0,0.0,0.0
2023-02-14 09:30:00-05:00,17.6200008392334,17.670000076293945,17.600000381469727,17.655000686645508,0,0.0,0.0,0.0
2023-02-14 10:30:00-05:00,17.645000457763672,17.645000457763672,17.59000015258789,17.594999313354492,23676,0.0,0.0,0.0
2023-02-14 11:30:00-05:00,17.575000762939453,17.579999923706055,17.559999465942383,17.576499938964844,3919,0.0,0.0,0.0
2023-02-14 12:30:00-05:00,17.56999969482422,17.6200008392334,17.56999969482422,17.604000091552734,12738,0.0,0.0,0.0
2023-02-14 13:30:00-05:00,17.604999542236328,17.610000610351562,17.590299606323242,17.59239959716797,8241,0.0,0.0,0.0
2023-02-14 14:30:00-05:00,17.600000381469727,17.609699249267578,17.600000381469727,17.604999542236328,13704,0.0,0.0,0.0
2023-02-14 15:30:00-05:00,17.604999542236328,17.6200008392334,17.604999542236328,17.614999771118164,8881,0.0,0.0,0.0
2023-02-15 09:30:00-05:00,17.559999465942383,17.575000762939453,17.545000076293945,17.55500030517578,7748,0.0,0.0,0.0
2023-02-15 10:30:00-05:00,17.545000076293945,17.549999237060547,17.53350067138672,17.53499984741211,9355,0.0,0.0,0.0
2023-02-15 11:30:00-05:00,17.530000686645508,17.53499984741211,17.524999618530273,17.524999618530273,6463,0.0,0.0,0.0
2023-02-15 12:30:00-05:00,17.52790069580078,17.537900924682617,17.521699905395508,17.530000686645508,162168,0.0,0.0,0.0
2023-02-15 13:30:00-05:00,17.53499984741211,17.537099838256836,17.510000228881836,17.53499984741211,21041,0.0,0.0,0.0
2023-02-15 14:30:00-05:00,17.53499984741211,17.538799285888672,17.530000686645508,17.53499984741211,17997,0.0,0.0,0.0
2023-02-15 15:30:00-05:00,17.540000915527344,17.559999465942383,17.531600952148438,17.559999465942383,0,0.0,0.0,0.0
2023-02-16 09:30:00-05:00,17.479999542236328,17.485000610351562,17.434999465942383,17.450000762939453,13247,0.0,0.0,0.0
2023-02-16 10:30:00-05:00,17.459999084472656,17.489999771118164,17.459999084472656,17.47170066833496,37064,0.0,0.0,0.0
2023-02-16 11:30:00-05:00,17.479999542236328,17.501800537109375,17.479999542236328,17.489999771118164,5070,0.0,0.0,0.0
2023-02-16 12:30:00-05:00,17.489999771118164,17.499900817871094,17.479999542236328,17.479999542236328,13614,0.0,0.0,0.0
2023-02-16 13:30:00-05:00,17.489999771118164,17.514999389648438,17.489999771118164,17.500099182128906,2243,0.0,0.0,0.0
2023-02-16 14:30:00-05:00,17.510000228881836,17.510000228881836,17.469999313354492,17.469999313354492,13178,0.0,0.0,0.0
2023-02-16 15:30:00-05:00,17.454999923706055,17.469999313354492,17.450000762939453,17.469999313354492,7568,0.0,0.0,0.0
2023-02-17 09:30:00-05:00,17.399999618530273,17.44499969482422,17.385000228881836,17.424999237060547,0,0.0,0.0,0.0
2023-02-17 10:30:00-05:00,17.424999237060547,17.450000762939453,17.420000076293945,17.420900344848633,6047,0.0,0.0,0.0
2023-02-17 11:30:00-05:00,17.424999237060547,17.459999084472656,17.424999237060547,17.459999084472656,5583,0.0,0.0,0.0
2023-02-17 12:30:00-05:00,17.453500747680664,17.453500747680664,17.434999465942383,17.43600082397461,9277,0.0,0.0,0.0
2023-02-17 13:30:00-05:00,17.44499969482422,17.459999084472656,17.434999465942383,17.454999923706055,41407,0.0,0.0,0.0
2023-02-17 14:30:00-05:00,17.459999084472656,17.485000610351562,17.459999084472656,17.475000381469727,13350,0.0,0.0,0.0
2023-02-17 15:30:00-05:00,17.475000381469727,17.4950008392334,17.469999313354492,17.475000381469727,62017,0.0,0.0,0.0
2023-02-21 09:30:00-05:00,17.360000610351562,17.360000610351562,17.30069923400879,17.326000213623047,0,0.0,0.0,0.0
2023-02-21 10:30:00-05:00,17.32710075378418,17.329999923706055,17.280000686645508,17.299999237060547,14495,0.0,0.0,0.0
2023-02-21 11:30:00-05:00,17.295000076293945,17.29990005493164,17.29010009765625,17.295000076293945,3632,0.0,0.0,0.0
2023-02-21 12:30:00-05:00,17.295000076293945,17.295000076293945,17.264999389648438,17.264999389648438,10641,0.0,0.0,0.0
2023-02-21 13:30:00-05:00,17.260299682617188,17.260299682617188,17.250099182128906,17.250099182128906,13752,0.0,0.0,0.0
2023-02-21 14:30:00-05:00,17.2549991607666,17.258899688720703,17.239999771118164,17.2450008392334,25599,0.0,0.0,0.0
2023-02-21 15:30:00-05:00,17.2450008392334,17.25,17.235000610351562,17.25,0,0.0,0.0,0.0
2023-02-22 09:30:00-05:00,17.309999465942383,17.34000015258789,17.309999465942383,17.325000762939453,14854,0.0,0.0,0.0
2023-02-22 10:30:00-05:00,17.31999969482422,17.329999923706055,17.31999969482422,17.329099655151367,26654,0.0,0.0,0.0
2023-02-22 11:30:00-05:00,17.323999404907227,17.32990074157715,17.31999969482422,17.32349967956543,10463,0.0,0.0,0.0
2023-02-22 12:30:00-05:00,17.320100784301758,17.350000381469727,17.31999969482422,17.350000381469727,14411,0.0,0.0,0.0
2023-02-22 13:30:00-05:00,17.354000091552734,17.364999771118164,17.334999084472656,17.34000015258789,36154,0.0,0.0,0.0
2023-02-22 14:30:00-05:00,17.334999084472656,17.334999084472656,17.299999237060547,17.299999237060547,16187,0.0,0.0,0.0
2023-02-22 15:30:00-05:00,17.299999237060547,17.360000610351562,17.295000076293945,17.360000610351562,0,0.0,0.0,0.0
2023-02-23 09:30:00-05:00,17.3700008392334,17.415000915527344,17.360000610351562,17.405000686645508,26591,0.0,0.0,0.0
2023-02-23 10:30:00-05:00,17.405000686645508,17.405000686645508,17.375,17.395000457763672,9416,0.0,0.0,0.0
2023-02-23 11:30:00-05:00,17.399999618530273,17.40999984741211,17.373600006103516,17.385000228881836,14401,0.0,0.0,0.0
2023-02-23 12:30:00-05:00,17.389999389648438,17.40999984741211,17.38010025024414,17.409900665283203,15558,0.0,0.0,0.0
2023-02-23 13:30:00-05:00,17.400100708007812,17.424999237060547,17.400100708007812,17.421600341796875,7037,0.0,0.0,0.0
2023-02-23 14:30:00-05:00,17.440000534057617,17.44499969482422,17.42009925842285,17.43000030517578,7206,0.0,0.0,0.0
2023-02-23 15:30:00-05:00,17.430099487304688,17.450000762939453,17.430099487304688,17.440000534057617,0,0.0,0.0,0.0
2023-02-24 09:30:00-05:00,17.34000015258789,17.354999542236328,17.30500030517578,17.339000701904297,14270,0.0,0.0,0.0
2023-02-24 10:30:00-05:00,17.34000015258789,17.34000015258789,17.325000762939453,17.34000015258789,10964,0.0,0.0,0.0
2023-02-24 11:30:00-05:00,17.325000762939453,17.329299926757812,17.31100082397461,17.325000762939453,3890,0.0,0.0,0.0
2023-02-24 12:30:00-05:00,17.320100784301758,17.320100784301758,17.31999969482422,17.31999969482422,7864,0.0,0.0,0.0
2023-02-24 13:30:00-05:00,17.323299407958984,17.329999923706055,17.31999969482422,17.329999923706055,4679,0.0,0.0,0.0
2023-02-24 14:30:00-05:00,17.34000015258789,17.360000610351562,17.329999923706055,17.344999313354492,1933,0.0,0.0,0.0
2023-02-24 15:30:00-05:00,17.344999313354492,17.360000610351562,17.329999923706055,17.360000610351562,9704,0.0,0.0,0.0
2023-02-27 09:30:00-05:00,17.389999389648438,17.40999984741211,17.389999389648438,17.405000686645508,9133,0.0,0.0,0.0
2023-02-27 10:30:00-05:00,17.399999618530273,17.399999618530273,17.381000518798828,17.389999389648438,8444,0.0,0.0,0.0
2023-02-27 11:30:00-05:00,17.3700008392334,17.389999389648438,17.364599227905273,17.375,9895,0.0,0.0,0.0
2023-02-27 12:30:00-05:00,17.375,17.399999618530273,17.375,17.389999389648438,9170,0.0,0.0,0.0
2023-02-27 13:30:00-05:00,17.389999389648438,17.39929962158203,17.38010025024414,17.385000228881836,9816,0.0,0.0,0.0
2023-02-27 14:30:00-05:00,17.385000228881836,17.385000228881836,17.3799991607666,17.385000228881836,30119,0.0,0.0,0.0
2023-02-27 15:30:00-05:00,17.38680076599121,17.405000686645508,17.380199432373047,17.405000686645508,0,0.0,0.0,0.0
2023-02-28 09:30:00-05:00,17.350000381469727,17.364999771118164,17.34000015258789,17.360000610351562,6731,0.0,0.0,0.0
2023-02-28 10:30:00-05:00,17.360000610351562,17.379899978637695,17.350099563598633,17.379899978637695,4144,0.0,0.0,0.0
2023-02-28 11:30:00-05:00,17.3700008392334,17.3799991607666,17.36009979248047,17.3799991607666,5734,0.0,0.0,0.0
2023-02-28 12:30:00-05:00,17.3799991607666,17.389999389648438,17.373899459838867,17.384599685668945,4985,0.0,0.0,0.0
2023-02-28 13:30:00-05:00,17.379899978637695,17.389999389648438,17.364999771118164,17.380199432373047,3399,0.0,0.0,0.0
2023-02-28 14:30:00-05:00,17.383899688720703,17.38990020751953,17.3799991607666,17.3799991607666,3697,0.0,0.0,0.0
2023-02-28 15:30:00-05:00,17.385000228881836,17.389999389648438,17.380699157714844,17.389999389648438,0,0.0,0.0,0.0
2023-03-01 09:30:00-05:00,17.309999465942383,17.34000015258789,17.264999389648438,17.264999389648438,20880,0.0,0.0,0.0
2023-03-01 10:30:00-05:00,17.264999389648438,17.270000457763672,17.260000228881836,17.270000457763672,8860,0.0,0.0,0.0
2023-03-01 11:30:00-05:00,17.260099411010742,17.290000915527344,17.260099411010742,17.290000915527344,3464,0.0,0.0,0.0
2023-03-01 12:30:00-05:00,17.290000915527344,17.290000915527344,17.260000228881836,17.260000228881836,9240,0.0,0.0,0.0
2023-03-01 13:30:00-05:00,17.260099411010742,17.264999389648438,17.25160026550293,17.2549991607666,5488,0.0,0.0,0.0
2023-03-01 14:30:00-05:00,17.2549991607666,17.260000228881836,17.25,17.258800506591797,5408,0.0,0.0,0.0
2023-03-01 15:30:00-05:00,17.25,17.260000228881836,17.25,17.2549991607666,0,0.0,0.0,0.0
2023-03-02 09:30:00-05:00,17.15999984741211,17.190000534057617,17.15999984741211,17.165700912475586,9074,0.0,0.0,0.0
2023-03-02 10:30:00-05:00,17.177799224853516,17.197099685668945,17.173999786376953,17.18000030517578,10553,0.0,0.0,0.0
2023-03-02 11:30:00-05:00,17.174999237060547,17.179899215698242,17.15999984741211,17.165000915527344,6919,0.0,0.0,0.0
2023-03-02 12:30:00-05:00,17.16990089416504,17.16990089416504,17.150100708007812,17.156299591064453,4220,0.0,0.0,0.0
2023-03-02 13:30:00-05:00,17.170000076293945,17.204999923706055,17.170000076293945,17.190000534057617,9218,0.0,0.0,0.0
2023-03-02 14:30:00-05:00,17.184999465942383,17.190000534057617,17.18000030517578,17.190000534057617,5799,0.0,0.0,0.0
2023-03-02 15:30:00-05:00,17.190000534057617,17.219999313354492,17.184999465942383,17.209999084472656,0,0.0,0.0,0.0
2023-03-03 09:30:00-05:00,17.299999237060547,17.325000762939453,17.270000457763672,17.31399917602539,9268,0.0,0.0,0.0
2023-03-03 10:30:00-05:00,17.329999923706055,17.329999923706055,17.290000915527344,17.31999969482422,12275,0.0,0.0,0.0
2023-03-03 11:30:00-05:00,17.325000762939453,17.34000015258789,17.325000762939453,17.34000015258789,7309,0.0,0.0,0.0
2023-03-03 12:30:00-05:00,17.33169937133789,17.354999542236328,17.33009910583496,17.354999542236328,10503,0.0,0.0,0.0
2023-03-03 13:30:00-05:00,17.360000610351562,17.3799991607666,17.351499557495117,17.3700008392334,38521,0.0,0.0,0.0
2023-03-03 14:30:00-05:00,17.375,17.3799991607666,17.3700008392334,17.3799991607666,25220,0.0,0.0,0.0
2023-03-03 15:30:00-05:00,17.37070083618164,17.37070083618164,17.325000762939453,17.364999771118164,18624,0.0,0.0,0.0
2023-03-06 09:30:00-05:00,17.450000762939453,17.450000762939453,17.411699295043945,17.424999237060547,42457,0.0,0.0,0.0
2023-03-06 10:30:00-05:00,17.420000076293945,17.420000076293945,17.39889907836914,17.39889907836914,4074,0.0,0.0,0.0
2023-03-06 11:30:00-05:00,17.389999389648438,17.420000076293945,17.389999389648438,17.415000915527344,406376,0.0,0.0,0.0
2023-03-06 12:30:00-05:00,17.40999984741211,17.415000915527344,17.3799991607666,17.389999389648438,4388,0.0,0.0,0.0
2023-03-06 13:30:00-05:00,17.370100021362305,17.370100021362305,17.36009979248047,17.36400032043457,4901,0.0,0.0,0.0
2023-03-06 14:30:00-05:00,17.360000610351562,17.3700008392334,17.360000610351562,17.3700008392334,5731,0.0,0.0,0.0
2023-03-06 15:30:00-05:00,17.3700008392334,17.3700008392334,17.354999542236328,17.3700008392334,9449,0.0,0.0,0.0
2023-03-07 09:30:00-05:00,17.360000610351562,17.389999389648438,17.290000915527344,17.309999465942383,27858,0.0,0.0,0.0
2023-03-07 10:30:00-05:00,17.31999969482422,17.338499069213867,17.309999465942383,17.325000762939453,9417,0.0,0.0,0.0
2023-03-07 11:30:00-05:00,17.325000762939453,17.350000381469727,17.315000534057617,17.34000015258789,16346,0.0,0.0,0.0
2023-03-07 12:30:00-05:00,17.344999313354492,17.350000381469727,17.310100555419922,17.315000534057617,0,0.0,0.0,0.0
2023-03-07 13:30:00-05:00,17.309999465942383,17.309999465942383,17.29129981994629,17.29129981994629,66900,0.0,0.0,0.0
2023-03-07 14:30:00-05:00,17.290000915527344,17.295000076293945,17.280000686645508,17.295000076293945,10865,0.0,0.0,0.0
2023-03-07 15:30:00-05:00,17.295000076293945,17.299999237060547,17.280000686645508,17.290000915527344,18645,0.0,0.0,0.0
2023-03-08 09:30:00-05:00,17.309999465942383,17.344999313354492,17.299999237060547,17.344999313354492,13308,0.0,0.0,0.0
2023-03-08 10:30:00-05:00,17.344999313354492,17.344999313354492,17.295000076293945,17.295000076293945,7421,0.0,0.0,0.0
2023-03-08 11:30:00-05:00,17.289899826049805,17.299299240112305,17.270000457763672,17.27199935913086,22856,0.0,0.0,0.0
2023-03-08 12:30:00-05:00,17.274999618530273,17.278200149536133,17.239999771118164,17.239999771118164,8770,0.0,0.0,0.0
2023-03-08 13:30:00-05:00,17.230899810791016,17.2450008392334,17.229999542236328,17.239999771118164,13705,0.0,0.0,0.0
2023-03-08 14:30:00-05:00,17.23579978942871,17.239700317382812,17.229999542236328,17.239700317382812,4452,0.0,0.0,0.0
2023-03-08 15:30:00-05:00,17.232900619506836,17.25,17.229999542236328,17.239999771118164,0,0.0,0.0,0.0
2023-03-09 09:30:00-05:00,17.25,17.309999465942383,17.25,17.28499984741211,17514,0.0,0.0,0.0
2023-03-09 10:30:00-05:00,17.28499984741211,17.28499984741211,17.264999389648438,17.274999618530273,25909,0.0,0.0,0.0
2023-03-09 11:30:00-05:00,17.274999618530273,17.27790069580078,17.26099967956543,17.270000457763672,6644,0.0,0.0,0.0
2023-03-09 12:30:00-05:00,17.274999618530273,17.29990005493164,17.270000457763672,17.280000686645508,12119,0.0,0.0,0.0
2023-03-09 13:30:00-05:00,17.290000915527344,17.29789924621582,17.280000686645508,17.280000686645508,1573,0.0,0.0,0.0
2023-03-09 14:30:00-05:00,17.270000457763672,17.270000457763672,17.190000534057617,17.21500015258789,52170,0.0,0.0,0.0
2023-03-09 15:30:00-05:00,17.21500015258789,17.239999771118164,17.209999084472656,17.229999542236328,12365,0.0,0.0,0.0
2023-03-10 09:30:00-05:00,17.350000381469727,17.43000030517578,17.350000381469727,17.415000915527344,57751,0.0,0.0,0.0
2023-03-10 10:30:00-05:00,17.420000076293945,17.44499969482422,17.399900436401367,17.399999618530273,55139,0.0,0.0,0.0
2023-03-10 11:30:00-05:00,17.399999618530273,17.415000915527344,17.3799991607666,17.399999618530273,416803,0.0,0.0,0.0
2023-03-10 12:30:00-05:00,17.40999984741211,17.423799514770508,17.395000457763672,17.395000457763672,4610,0.0,0.0,0.0
2023-03-10 13:30:00-05:00,17.399999618530273,17.399999618530273,17.37190055847168,17.37190055847168,19958,0.0,0.0,0.0
2023-03-10 14:30:00-05:00,17.389999389648438,17.415000915527344,17.375,17.395000457763672,19813,0.0,0.0,0.0
2023-03-10 15:30:00-05:00,17.395000457763672,17.420000076293945,17.389999389648438,17.420000076293945,7928,0.0,0.0,0.0
2023-03-13 09:30:00-04:00,17.530000686645508,17.55500030517578,17.5049991607666,17.5049991607666,18768,0.0,0.0,0.0
2023-03-13 10:30:00-04:00,17.512699127197266,17.625,17.512699127197266,17.6200008392334,20385,0.0,0.0,0.0
2023-03-13 11:30:00-04:00,17.610000610351562,17.610000610351562,17.53499984741211,17.549999237060547,19628,0.0,0.0,0.0
2023-03-13 12:30:00-04:00,17.559999465942383,17.559999465942383,17.510000228881836,17.549999237060547,4311,0.0,0.0,0.0
2023-03-13 13:30:00-04:00,17.530000686645508,17.549999237060547,17.510000228881836,17.530000686645508,19220,0.0,0.0,0.0
2023-03-13 14:30:00-04:00,17.514999389648438,17.549999237060547,17.469999313354492,17.489999771118164,72283,0.0,0.0,0.0
2023-03-13 15:30:00-04:00,17.5,17.530000686645508,17.479999542236328,17.530000686645508,26209,0.0,0.0,0.0
2023-03-14 09:30:00-04:00,17.479999542236328,17.5,17.450000762939453,17.5,0,0.0,0.0,0.0
2023-03-14 10:30:00-04:00,17.469999313354492,17.530000686645508,17.469999313354492,17.520000457763672,26620,0.0,0.0,0.0
2023-03-14 11:30:00-04:00,17.510099411010742,17.520000457763672,17.469999313354492,17.469999313354492,14679,0.0,0.0,0.0
2023-03-14 12:30:00-04:00,17.467500686645508,17.5049991607666,17.460100173950195,17.5,16053,0.0,0.0,0.0
2023-03-14 13:30:00-04:00,17.489999771118164,17.493600845336914,17.461000442504883,17.493600845336914,5111,0.0,0.0,0.0
2023-03-14 14:30:00-04:00,17.479999542236328,17.479999542236328,17.450000762939453,17.454999923706055,44742,0.0,0.0,0.0
2023-03-14 15:30:00-04:00,17.454999923706055,17.459999084472656,17.450000762939453,17.454999923706055,14300,0.0,0.0,0.0
2023-03-15 09:30:00-04:00,17.450000762939453,17.559999465942383,17.450000762939453,17.540000915527344,13676,0.0,0.0,0.0
2023-03-15 10:30:00-04:00,17.549999237060547,17.549999237060547,17.510000228881836,17.530000686645508,19000,0.0,0.0,0.0
2023-03-15 11:30:00-04:00,17.520000457763672,17.53499984741211,17.5,17.53499984741211,16666,0.0,0.0,0.0
2023-03-15 12:30:00-04:00,17.53499984741211,17.53499984741211,17.489999771118164,17.510000228881836,17355,0.0,0.0,0.0
2023-03-15 13:30:00-04:00,17.5,17.510000228881836,17.479999542236328,17.479999542236328,17277,0.0,0.0,0.0
2023-03-15 14:30:00-04:00,17.479999542236328,17.520000457763672,17.46500015258789,17.520000457763672,14823,0.0,0.0,0.0
2023-03-15 15:30:00-04:00,17.514999389648438,17.540000915527344,17.4950008392334,17.540000915527344,10899,0.0,0.0,0.0
2023-03-16 09:30:00-04:00,17.540000915527344,17.573699951171875,17.510000228881836,17.573699951171875,0,0.0,0.0,0.0
2023-03-16 10:30:00-04:00,17.56999969482422,17.59000015258789,17.53070068359375,17.545000076293945,11071,0.0,0.0,0.0
2023-03-16 11:30:00-04:00,17.559999465942383,17.565000534057617,17.520000457763672,17.526399612426758,7612,0.0,0.0,0.0
2023-03-16 12:30:00-04:00,17.529399871826172,17.530000686645508,17.50119972229004,17.50119972229004,5174,0.0,0.0,0.0
2023-03-16 13:30:00-04:00,17.489999771118164,17.510000228881836,17.48419952392578,17.5,9147,0.0,0.0,0.0
2023-03-16 14:30:00-04:00,17.514999389648438,17.540000915527344,17.5,17.530000686645508,9371,0.0,0.0,0.0
2023-03-16 15:30:00-04:00,17.530000686645508,17.530000686645508,17.5,17.5049991607666,0,0.0,0.0,0.0
2023-03-17 09:30:00-04:00,17.549999237060547,17.59000015258789,17.549999237060547,17.579999923706055,9797,0.0,0.0,0.0
2023-03-17 10:30:00-04:00,17.594999313354492,17.600000381469727,17.575000762939453,17.590099334716797,11243,0.0,0.0,0.0
2023-03-17 11:30:00-04:00,17.610000610351562,17.610000610351562,17.559999465942383,17.56999969482422,21253,0.0,0.0,0.0
2023-03-17 12:30:00-04:00,17.575000762939453,17.587099075317383,17.565000534057617,17.565000534057617,7685,0.0,0.0,0.0
2023-03-17 13:30:00-04:00,17.56999969482422,17.594200134277344,17.56999969482422,17.594100952148438,5471,0.0,0.0,0.0
2023-03-17 14:30:00-04:00,17.579999923706055,17.600000381469727,17.559999465942383,17.600000381469727,85530,0.0,0.0,0.0
2023-03-17 15:30:00-04:00,17.594999313354492,17.594999313354492,17.549999237060547,17.559999465942383,5792,0.0,0.0,0.0
2023-03-20 09:30:00-04:00,17.559999465942383,17.575000762939453,17.540000915527344,17.560100555419922,7605,0.0,0.0,0.0
2023-03-20 10:30:00-04:00,17.56999969482422,17.584299087524414,17.56999969482422,17.583999633789062,942,0.0,0.0,0.0
2023-03-20 11:30:00-04:00,17.565000534057617,17.565000534057617,17.53499984741211,17.549999237060547,4122,0.0,0.0,0.0
2023-03-20 12:30:00-04:00,17.540000915527344,17.545000076293945,17.520099639892578,17.520099639892578,7299,0.0,0.0,0.0
2023-03-20 13:30:00-04:00,17.524999618530273,17.524999618530273,17.51180076599121,17.51180076599121,1695,0.0,0.0,0.0
2023-03-20 14:30:00-04:00,17.514999389648438,17.520000457763672,17.510099411010742,17.51140022277832,1390,0.0,0.0,0.0
2023-03-20 15:30:00-04:00,17.514999389648438,17.56999969482422,17.510000228881836,17.540000915527344,68364,0.0,0.0,0.0
2023-03-21 09:30:00-04:00,17.56999969482422,17.56999969482422,17.53499984741211,17.540000915527344,2954,0.0,0.0,0.0
2023-03-21 10:30:00-04:00,17.551300048828125,17.565000534057617,17.549999237060547,17.5585994720459,12077,0.0,0.0,0.0
2023-03-21 11:30:00-04:00,17.549999237060547,17.549999237060547,17.530000686645508,17.530000686645508,10592,0.0,0.0,0.0
2023-03-21 12:30:00-04:00,17.532499313354492,17.540000915527344,17.530000686645508,17.540000915527344,3902,0.0,0.0,0.0
2023-03-21 13:30:00-04:00,17.53499984741211,17.540000915527344,17.530000686645508,17.53499984741211,3166,0.0,0.0,0.0
2023-03-21 14:30:00-04:00,17.52989959716797,17.535600662231445,17.520099639892578,17.53499984741211,21673,0.0,0.0,0.0
2023-03-21 15:30:00-04:00,17.530099868774414,17.6299991607666,17.530099868774414,17.610000610351562,36317,0.0,0.0,0.0
2023-03-22 09:30:00-04:00,17.530000686645508,17.579999923706055,17.530000686645508,17.559999465942383,14338,0.0,0.0,0.0
2023-03-22 10:30:00-04:00,17.559999465942383,17.579999923706055,17.55500030517578,17.559999465942383,8682,0.0,0.0,0.0
2023-03-22 11:30:00-04:00,17.550100326538086,17.579999923706055,17.550100326538086,17.565000534057617,12655,0.0,0.0,0.0
2023-03-22 12:30:00-04:00,17.565000534057617,17.59000015258789,17.56100082397461,17.59000015258789,8924,0.0,0.0,0.0
2023-03-22 13:30:00-04:00,17.59000015258789,17.674999237060547,17.59000015258789,17.674999237060547,34653,0.0,0.0,0.0
2023-03-22 14:30:00-04:00,17.67009925842285,17.74340057373047,17.639999389648438,17.709999084472656,56817,0.0,0.0,0.0
2023-03-22 15:30:00-04:00,17.700000762939453,17.70359992980957,17.65999984741211,17.68000030517578,0,0.0,0.0,0.0
2023-03-23 09:30:00-04:00,17.700000762939453,17.709999084472656,17.690000534057617,17.704999923706055,19301,0.0,0.0,0.0
2023-03-23 10:30:00-04:00,17.709999084472656,17.725000381469727,17.709999084472656,17.709999084472656,11163,0.0,0.0,0.0
2023-03-23 11:30:00-04:00,17.71500015258789,17.7450008392334,17.710100173950195,17.74209976196289,13073,0.0,0.0,0.0
2023-03-23 12:30:00-04:00,17.7450008392334,17.7450008392334,17.690000534057617,17.690000534057617,24540,0.0,0.0,0.0
2023-03-23 13:30:00-04:00,17.68440055847168,17.69499969482422,17.68000030517578,17.69499969482422,16046,0.0,0.0,0.0
2023-03-23 14:30:00-04:00,17.69499969482422,17.709999084472656,17.68000030517578,17.704999923706055,46469,0.0,0.0,0.0
2023-03-23 15:30:00-04:00,17.700000762939453,17.719999313354492,17.700000762939453,17.71500015258789,13725,0.0,0.0,0.0
2023-03-24 09:30:00-04:00,17.690000534057617,17.759899139404297,17.690000534057617,17.71500015258789,12646,0.0,0.0,0.0
2023-03-24 10:30:00-04:00,17.71500015258789,17.719999313354492,17.7012996673584,17.709999084472656,7548,0.0,0.0,0.0
2023-03-24 11:30:00-04:00,17.704999923706055,17.704999923706055,17.690000534057617,17.69499969482422,34744,0.0,0.0,0.0
2023-03-24 12:30:00-04:00,17.690000534057617,17.703899383544922,17.684999465942383,17.703899383544922,6193,0.0,0.0,0.0
2023-03-24 13:30:00-04:00,17.70870018005371,17.719900131225586,17.700000762939453,17.71500015258789,10214,0.0,0.0,0.0
2023-03-24 14:30:00-04:00,17.71500015258789,17.719900131225586,17.709999084472656,17.71500015258789,31366,0.0,0.0,0.0
2023-03-24 15:30:00-04:00,17.71500015258789,17.719999313354492,17.709999084472656,17.71500015258789,11741,0.0,0.0,0.0
2023-03-27 09:30:00-04:00,17.649999618530273,17.649999618530273,17.614999771118164,17.63010025024414,0,0.0,0.0,0.0
2023-03-27 10:30:00-04:00,17.634000778198242,17.635000228881836,17.620100021362305,17.625,9036,0.0,0.0,0.0
2023-03-27 11:30:00-04:00,17.625,17.625,17.620100021362305,17.625,9195,0.0,0.0,0.0
2023-03-27 12:30:00-04:00,17.625,17.628599166870117,17.59670066833496,17.59670066833496,20798,0.0,0.0,0.0
2023-03-27 13:30:00-04:00,17.594999313354492,17.594999313354492,17.591699600219727,17.594999313354492,3743,0.0,0.0,0.0
2023-03-27 14:30:00-04:00,17.594999313354492,17.610000610351562,17.594999313354492,17.604999542236328,2002,0.0,0.0,0.0
2023-03-27 15:30:00-04:00,17.610000610351562,17.610000610351562,17.59000015258789,17.610000610351562,41127,0.0,0.0,0.0
2023-03-28 09:30:00-04:00,17.559999465942383,17.576000213623047,17.549999237060547,17.549999237060547,23589,0.0,0.0,0.0
2023-03-28 10:30:00-04:00,17.55500030517578,17.559999465942383,17.550399780273438,17.559999465942383,5233,0.0,0.0,0.0
2023-03-28 11:30:00-04:00,17.575000762939453,17.58009910583496,17.575000762939453,17.579999923706055,7260,0.0,0.0,0.0
2023-03-28 12:30:00-04:00,17.56100082397461,17.56100082397461,17.554100036621094,17.554100036621094,7488,0.0,0.0,0.0
2023-03-28 13:30:00-04:00,17.559999465942383,17.56999969482422,17.559999465942383,17.565000534057617,4198,0.0,0.0,0.0
2023-03-28 14:30:00-04:00,17.559999465942383,17.559999465942383,17.543899536132812,17.559999465942383,22415,0.0,0.0,0.0
2023-03-28 15:30:00-04:00,17.559999465942383,17.579999923706055,17.559999465942383,17.56999969482422,26986,0.0,0.0,0.0
2023-03-29 09:30:00-04:00,17.579999923706055,17.6200008392334,17.56999969482422,17.610000610351562,0,0.0,0.0,0.0
2023-03-29 10:30:00-04:00,17.60110092163086,17.639999389648438,17.60110092163086,17.63360023498535,2861,0.0,0.0,0.0
2023-03-29 11:30:00-04:00,17.622800827026367,17.6299991607666,17.61479949951172,17.6200008392334,15427,0.0,0.0,0.0
2023-03-29 12:30:00-04:00,17.6299991607666,17.6299991607666,17.604999542236328,17.6200008392334,20374,0.0,0.0,0.0
2023-03-29 13:30:00-04:00,17.612899780273438,17.625,17.610000610351562,17.625,6023,0.0,0.0,0.0
2023-03-29 14:30:00-04:00,17.625,17.645000457763672,17.620100021362305,17.645000457763672,16238,0.0,0.0,0.0
2023-03-29 15:30:00-04:00,17.639999389648438,17.649999618530273,17.635000228881836,17.649999618530273,10523,0.0,0.0,0.0
2023-03-30 09:30:00-04:00,17.690000534057617,17.690000534057617,17.67009925842285,17.674999237060547,78837,0.0,0.0,0.0
2023-03-30 10:30:00-04:00,17.674999237060547,17.69499969482422,17.67009925842285,17.690000534057617,19910,0.0,0.0,0.0
2023-03-30 11:30:00-04:00,17.690000534057617,17.690000534057617,17.68239974975586,17.690000534057617,1124,0.0,0.0,0.0
2023-03-30 12:30:00-04:00,17.690000534057617,17.690000534057617,17.68000030517578,17.680099487304688,28157,0.0,0.0,0.0
2023-03-30 13:30:00-04:00,17.683799743652344,17.69499969482422,17.683799743652344,17.69499969482422,13884,0.0,0.0,0.0
2023-03-30 14:30:00-04:00,17.69499969482422,17.700000762939453,17.690000534057617,17.69499969482422,21578,0.0,0.0,0.0
2023-03-30 15:30:00-04:00,17.704999923706055,17.71500015258789,17.70009994506836,17.71500015258789,0,0.0,0.0,0.0
2023-03-31 09:30:00-04:00,17.760000228881836,17.78499984741211,17.760000228881836,17.764999389648438,26543,0.0,0.0,0.0
2023-03-31 10:30:00-04:00,17.764999389648438,17.795000076293945,17.7450008392334,17.795000076293945,37680,0.0,0.0,0.0
2023-03-31 11:30:00-04:00,17.794300079345703,17.799999237060547,17.790000915527344,17.799999237060547,31726,0.0,0.0,0.0
2023-03-31 12:30:00-04:00,17.793800354003906,17.825000762939453,17.793800354003906,17.815000534057617,39554,0.0,0.0,0.0
2023-03-31 13:30:00-04:00,17.812000274658203,17.819299697875977,17.810100555419922,17.815000534057617,25553,0.0,0.0,0.0
2023-03-31 14:30:00-04:00,17.815000534057617,17.84000015258789,17.81220054626465,17.84000015258789,16827,0.0,0.0,0.0
2023-03-31 15:30:00-04:00,17.829999923706055,17.8700008392334,17.829999923706055,17.8700008392334,22810,0.0,0.0,0.0
2023-04-03 09:30:00-04:00,17.790000915527344,17.875,17.780000686645508,17.860000610351562,46069,0.0,0.0,0.0
2023-04-03 10:30:00-04:00,17.860000610351562,17.860000610351562,17.83009910583496,17.854999542236328,61810,0.0,0.0,0.0
2023-04-03 11:30:00-04:00,17.854999542236328,17.85569953918457,17.84000015258789,17.844999313354492,63525,0.0,0.0,0.0
2023-04-03 12:30:00-04:00,17.841999053955078,17.844999313354492,17.820100784301758,17.829299926757812,12464,0.0,0.0,0.0
2023-04-03 13:30:00-04:00,17.827499389648438,17.84600067138672,17.825000762939453,17.844999313354492,30903,0.0,0.0,0.0
2023-04-03 14:30:00-04:00,17.844999313354492,17.8700008392334,17.84429931640625,17.86709976196289,16495,0.0,0.0,0.0
2023-04-03 15:30:00-04:00,17.86829948425293,17.8799991607666,17.860000610351562,17.860000610351562,25795,0.0,0.0,0.0
2023-04-04 09:30:00-04:00,17.809999465942383,17.889999389648438,17.809999465942383,17.889999389648438,0,0.0,0.0,0.0
2023-04-04 10:30:00-04:00,17.889999389648438,17.90999984741211,17.871000289916992,17.871299743652344,17121,0.0,0.0,0.0
2023-04-04 11:30:00-04:00,17.870100021362305,17.905899047851562,17.870100021362305,17.895000457763672,7142,0.0,0.0,0.0
2023-04-04 12:30:00-04:00,17.899999618530273,17.899999618530273,17.8799991607666,17.8799991607666,6149,0.0,0.0,0.0
2023-04-04 13:30:00-04:00,17.889999389648438,17.899900436401367,17.880699157714844,17.885000228881836,13289,0.0,0.0,0.0
2023-04-04 14:30:00-04:00,17.889999389648438,17.889999389648438,17.884599685668945,17.885000228881836,1575,0.0,0.0,0.0
2023-04-04 15:30:00-04:00,17.881999969482422,17.889999389648438,17.8799991607666,17.889999389648438,0,0.0,0.0,0.0
2023-04-05 09:30:00-04:00,17.90999984741211,17.950000762939453,17.899999618530273,17.93000030517578,17896,0.0,0.0,0.0
2023-04-05 10:30:00-04:00,17.920000076293945,17.925899505615234,17.899999618530273,17.920000076293945,37185,0.0,0.0,0.0
2023-04-05 11:30:00-04:00,17.915000915527344,17.93000030517578,17.915000915527344,17.924100875854492,35870,0.0,0.0,0.0
2023-04-05 12:30:00-04:00,17.927900314331055,17.927900314331055,17.905000686645508,17.905000686645508,4581,0.0,0.0,0.0
2023-04-05 13:30:00-04:00,17.899999618530273,17.909900665283203,17.899999618530273,17.909400939941406,11446,0.0,0.0,0.0
2023-04-05 14:30:00-04:00,17.90999984741211,17.90999984741211,17.899999618530273,17.90999984741211,28891,0.0,0.0,0.0
2023-04-05 15:30:00-04:00,17.905000686645508,17.907100677490234,17.899999618530273,17.905000686645508,17743,0.0,0.0,0.0
2023-04-06 09:30:00-04:00,17.889999389648438,17.8981990814209,17.87070083618164,17.877099990844727,11370,0.0,0.0,0.0
2023-04-06 10:30:00-04:00,17.8799991607666,17.899999618530273,17.875,17.895000457763672,27908,0.0,0.0,0.0
2023-04-06 11:30:00-04:00,17.898000717163086,17.90999984741211,17.890100479125977,17.90999984741211,7317,0.0,0.0,0.0
2023-04-06 12:30:00-04:00,17.90999984741211,17.919599533081055,17.90999984741211,17.911800384521484,6732,0.0,0.0,0.0
2023-04-06 13:30:00-04:00,17.913999557495117,17.920000076293945,17.90999984741211,17.90999984741211,2730,0.0,0.0,0.0
2023-04-06 14:30:00-04:00,17.90999984741211,17.920000076293945,17.90999984741211,17.91010093688965,4463,0.0,0.0,0.0
2023-04-06 15:30:00-04:00,17.91010093688965,17.91010093688965,17.900100708007812,17.901500701904297,12667,0.0,0.0,0.0
2023-04-10 09:30:00-04:00,17.790000915527344,17.799999237060547,17.760000228881836,17.764999389648438,106817,0.0,0.0,0.0
2023-04-10 10:30:00-04:00,17.760000228881836,17.77989959716797,17.760000228881836,17.77389907836914,21936,0.0,0.0,0.0
2023-04-10 11:30:00-04:00,17.770000457763672,17.774999618530273,17.770000457763672,17.774999618530273,797576,0.0,0.0,0.0
2023-04-10 12:30:00-04:00,17.780000686645508,17.799999237060547,17.773799896240234,17.799999237060547,32902,0.0,0.0,0.0
2023-04-10 13:30:00-04:00,17.795000076293945,17.799999237060547,17.795000076293945,17.795000076293945,11728,0.0,0.0,0.0
2023-04-10 14:30:00-04:00,17.79400062561035,17.795000076293945,17.79400062561035,17.795000076293945,3382,0.0,0.0,0.0
2023-04-10 15:30:00-04:00,17.799999237060547,17.799999237060547,17.793699264526367,17.799999237060547,13055,0.0,0.0,0.0
2023-04-11 09:30:00-04:00,17.799999237060547,17.860000610351562,17.799999237060547,17.815000534057617,17291,0.0,0.0,0.0
2023-04-11 10:30:00-04:00,17.815000534057617,17.815000534057617,17.799999237060547,17.800100326538086,12646,0.0,0.0,0.0
2023-04-11 11:30:00-04:00,17.799999237060547,17.80419921875,17.780000686645508,17.795000076293945,20491,0.0,0.0,0.0
2023-04-11 12:30:00-04:00,17.795000076293945,17.795000076293945,17.791799545288086,17.791799545288086,3090,0.0,0.0,0.0
2023-04-11 13:30:00-04:00,17.79960060119629,17.81999969482422,17.79960060119629,17.815000534057617,48320,0.0,0.0,0.0
2023-04-11 14:30:00-04:00,17.815000534057617,17.81999969482422,17.809999465942383,17.81999969482422,16004,0.0,0.0,0.0
2023-04-11 15:30:00-04:00,17.809999465942383,17.81999969482422,17.809999465942383,17.815000534057617,12879,0.0,0.0,0.0
2023-04-12 09:30:00-04:00,17.920000076293945,17.93199920654297,17.8799991607666,17.8799991607666,60531,0.0,0.0,0.0
2023-04-12 10:30:00-04:00,17.8700008392334,17.8700008392334,17.83009910583496,17.864999771118164,154124,0.0,0.0,0.0
2023-04-12 11:30:00-04:00,17.866899490356445,17.866899490356445,17.850000381469727,17.850099563598633,6951,0.0,0.0,0.0
2023-04-12 12:30:00-04:00,17.850099563598633,17.859899520874023,17.84000015258789,17.84000015258789,9926,0.0,0.0,0.0
2023-04-12 13:30:00-04:00,17.844999313354492,17.860000610351562,17.84000015258789,17.860000610351562,12033,0.0,0.0,0.0
2023-04-12 14:30:00-04:00,17.850000381469727,17.856300354003906,17.844999313354492,17.850000381469727,4821,0.0,0.0,0.0
2023-04-12 15:30:00-04:00,17.854999542236328,17.858999252319336,17.844999313354492,17.844999313354492,26704,0.0,0.0,0.0
2023-04-13 09:30:00-04:00,17.889999389648438,17.924999237060547,17.889999389648438,17.915000915527344,65942,0.0,0.0,0.0
2023-04-13 10:30:00-04:00,17.90999984741211,17.915000915527344,17.8799991607666,17.88599967956543,23525,0.0,0.0,0.0
2023-04-13 11:30:00-04:00,17.885000228881836,17.90999984741211,17.88010025024414,17.905000686645508,42487,0.0,0.0,0.0
2023-04-13 12:30:00-04:00,17.90049934387207,17.90999984741211,17.899999618530273,17.899999618530273,12771,0.0,0.0,0.0
2023-04-13 13:30:00-04:00,17.905000686645508,17.907499313354492,17.889999389648438,17.889999389648438,3117,0.0,0.0,0.0
2023-04-13 14:30:00-04:00,17.895000457763672,17.899999618530273,17.883800506591797,17.885000228881836,9009,0.0,0.0,0.0
2023-04-13 15:30:00-04:00,17.8799991607666,17.899999618530273,17.8799991607666,17.899999618530273,7999,0.0,0.0,0.0
2023-04-14 09:30:00-04:00,17.829999923706055,17.850000381469727,17.826000213623047,17.829999923706055,30229,0.0,0.0,0.0
2023-04-14 10:30:00-04:00,17.825000762939453,17.829999923706055,17.80500030517578,17.809999465942383,12680,0.0,0.0,0.0
2023-04-14 11:30:00-04:00,17.80500030517578,17.809999465942383,17.785900115966797,17.785900115966797,15416,0.0,0.0,0.0
2023-04-14 12:30:00-04:00,17.789499282836914,17.790000915527344,17.780000686645508,17.780000686645508,8108,0.0,0.0,0.0
2023-04-14 13:30:00-04:00,17.78499984741211,17.790000915527344,17.78499984741211,17.78499984741211,4773,0.0,0.0,0.0
2023-04-14 14:30:00-04:00,17.789100646972656,17.790000915527344,17.780099868774414,17.780099868774414,7654,0.0,0.0,0.0
2023-04-14 15:30:00-04:00,17.784099578857422,17.809999465942383,17.7810001373291,17.809999465942383,4901,0.0,0.0,0.0
2023-04-17 09:30:00-04:00,17.739999771118164,17.770000457763672,17.735000610351562,17.735000610351562,0,0.0,0.0,0.0
2023-04-17 10:30:00-04:00,17.729999542236328,17.729999542236328,17.701000213623047,17.709999084472656,15923,0.0,0.0,0.0
2023-04-17 11:30:00-04:00,17.717300415039062,17.719900131225586,17.700000762939453,17.704999923706055,11157,0.0,0.0,0.0
2023-04-17 12:30:00-04:00,17.704999923706055,17.709999084472656,17.700000762939453,17.700000762939453,12332,0.0,0.0,0.0
2023-04-17 13:30:00-04:00,17.704999923706055,17.70789909362793,17.700000762939453,17.7007999420166,3748,0.0,0.0,0.0
2023-04-17 14:30:00-04:00,17.704999923706055,17.729999542236328,17.704999923706055,17.71500015258789,27922,0.0,0.0,0.0
2023-04-17 15:30:00-04:00,17.71500015258789,17.719999313354492,17.709999084472656,17.719999313354492,0,0.0,0.0,0.0
2023-04-18 09:30:00-04:00,17.739999771118164,17.760000228881836,17.729999542236328,17.7549991607666,16197,0.0,0.0,0.0
2023-04-18 10:30:00-04:00,17.750099182128906,17.7549991607666,17.75,17.75,15638,0.0,0.0,0.0
2023-04-18 11:30:00-04:00,17.75,17.75,17.724000930786133,17.725000381469727,4169,0.0,0.0,0.0
2023-04-18 12:30:00-04:00,17.725000381469727,17.729900360107422,17.723899841308594,17.723899841308594,6553,0.0,0.0,0.0
2023-04-18 13:30:00-04:00,17.725000381469727,17.729999542236328,17.721599578857422,17.72599983215332,9864,0.0,0.0,0.0
2023-04-18 14:30:00-04:00,17.729900360107422,17.739500045776367,17.725000381469727,17.735000610351562,21644,0.0,0.0,0.0
2023-04-18 15:30:00-04:00,17.729999542236328,17.739999771118164,17.729999542236328,17.739999771118164,0,0.0,0.0,0.0
2023-04-19 09:30:00-04:00,17.700000762939453,17.700000762939453,17.67180061340332,17.679800033569336,9263,0.0,0.0,0.0
2023-04-19 10:30:00-04:00,17.671199798583984,17.679899215698242,17.6299991607666,17.6299991607666,10403,0.0,0.0,0.0
2023-04-19 11:30:00-04:00,17.652999877929688,17.659900665283203,17.652999877929688,17.659900665283203,2835,0.0,0.0,0.0
2023-04-19 12:30:00-04:00,17.65999984741211,17.676700592041016,17.65999984741211,17.674999237060547,22110,0.0,0.0,0.0
2023-04-19 13:30:00-04:00,17.674999237060547,17.68000030517578,17.670000076293945,17.676700592041016,7316,0.0,0.0,0.0
2023-04-19 14:30:00-04:00,17.674999237060547,17.679899215698242,17.67009925842285,17.674999237060547,2827,0.0,0.0,0.0
2023-04-19 15:30:00-04:00,17.674999237060547,17.679899215698242,17.671300888061523,17.674999237060547,7794,0.0,0.0,0.0
2023-04-20 09:30:00-04:00,17.709999084472656,17.729999542236328,17.709999084472656,17.729900360107422,0,0.0,0.0,0.0
2023-04-20 10:30:00-04:00,17.725000381469727,17.729900360107422,17.71419906616211,17.719999313354492,5259,0.0,0.0,0.0
2023-04-20 11:30:00-04:00,17.719999313354492,17.719999313354492,17.710100173950195,17.719999313354492,4650,0.0,0.0,0.0
2023-04-20 12:30:00-04:00,17.719900131225586,17.719900131225586,17.719900131225586,17.719900131225586,7374,0.0,0.0,0.0
2023-04-20 13:30:00-04:00,17.71500015258789,17.71500015258789,17.71500015258789,17.71500015258789,1512,0.0,0.0,0.0
2023-04-20 14:30:00-04:00,17.719499588012695,17.719900131225586,17.709999084472656,17.71500015258789,15167,0.0,0.0,0.0
2023-04-20 15:30:00-04:00,17.710599899291992,17.718900680541992,17.709999084472656,17.71500015258789,17150,0.0,0.0,0.0
2023-04-21 09:30:00-04:00,17.729999542236328,17.770000457763672,17.701000213623047,17.719999313354492,0,0.0,0.0,0.0
2023-04-21 10:30:00-04:00,17.719999313354492,17.719999313354492,17.699399948120117,17.704099655151367,10358,0.0,0.0,0.0
2023-04-21 11:30:00-04:00,17.704999923706055,17.719900131225586,17.704999923706055,17.71500015258789,8670,0.0,0.0,0.0
2023-04-21 12:30:00-04:00,17.719499588012695,17.719999313354492,17.719100952148438,17.719999313354492,6370,0.0,0.0,0.0
2023-04-21 13:30:00-04:00,17.72960090637207,17.729799270629883,17.72010040283203,17.725000381469727,2305,0.0,0.0,0.0
2023-04-21 14:30:00-04:00,17.725000381469727,17.72610092163086,17.72010040283203,17.725000381469727,3612,0.0,0.0,0.0
2023-04-21 15:30:00-04:00,17.72010040283203,17.739999771118164,17.719999313354492,17.739999771118164,6480,0.0,0.0,0.0
2023-04-24 09:30:00-04:00,17.770000457763672,17.770999908447266,17.760000228881836,17.763399124145508,0,0.0,0.0,0.0
2023-04-24 10:30:00-04:00,17.7549991607666,17.769100189208984,17.7549991607666,17.769100189208984,28166,0.0,0.0,0.0
2023-04-24 11:30:00-04:00,17.767099380493164,17.767099380493164,17.764999389648438,17.764999389648438,27374,0.0,0.0,0.0
2023-04-24 12:30:00-04:00,17.769899368286133,17.770000457763672,17.760000228881836,17.769899368286133,18076,0.0,0.0,0.0
2023-04-24 13:30:00-04:00,17.763599395751953,17.790000915527344,17.76140022277832,17.78499984741211,24609,0.0,0.0,0.0
2023-04-24 14:30:00-04:00,17.78499984741211,17.790000915527344,17.780000686645508,17.78499984741211,22739,0.0,0.0,0.0
2023-04-24 15:30:00-04:00,17.780000686645508,17.799999237060547,17.780000686645508,17.799999237060547,28506,0.0,0.0,0.0
2023-04-25 09:30:00-04:00,17.850000381469727,17.858299255371094,17.841400146484375,17.854999542236328,3723,0.0,0.0,0.0
2023-04-25 10:30:00-04:00,17.859899520874023,17.8700008392334,17.850000381469727,17.855199813842773,5405,0.0,0.0,0.0
2023-04-25 11:30:00-04:00,17.849899291992188,17.849899291992188,17.84160041809082,17.841699600219727,12152,0.0,0.0,0.0
2023-04-25 12:30:00-04:00,17.84149932861328,17.850000381469727,17.84149932861328,17.850000381469727,12795,0.0,0.0,0.0
2023-04-25 13:30:00-04:00,17.850000381469727,17.865999221801758,17.84149932861328,17.86199951171875,25069,0.0,0.0,0.0
2023-04-25 14:30:00-04:00,17.860000610351562,17.860000610351562,17.854999542236328,17.858999252319336,2264,0.0,0.0,0.0
2023-04-25 15:30:00-04:00,17.850000381469727,17.864999771118164,17.850000381469727,17.860000610351562,22427,0.0,0.0,0.0
2023-04-26 09:30:00-04:00,17.8799991607666,17.8799991607666,17.850099563598633,17.850099563598633,0,0.0,0.0,0.0
2023-04-26 10:30:00-04:00,17.85070037841797,17.85070037841797,17.82990074157715,17.82990074157715,4550,0.0,0.0,0.0
2023-04-26 11:30:00-04:00,17.819900512695312,17.819900512695312,17.799999237060547,17.799999237060547,2494,0.0,0.0,0.0
2023-04-26 12:30:00-04:00,17.799999237060547,17.799999237060547,17.790000915527344,17.79010009765625,37696,0.0,0.0,0.0
2023-04-26 13:30:00-04:00,17.799999237060547,17.799999237060547,17.790000915527344,17.790000915527344,6584,0.0,0.0,0.0
2023-04-26 14:30:00-04:00,17.790000915527344,17.813800811767578,17.780000686645508,17.8075008392334,27731,0.0,0.0,0.0
2023-04-26 15:30:00-04:00,17.81999969482422,17.81999969482422,17.780000686645508,17.790000915527344,16876,0.0,0.0,0.0
2023-04-27 09:30:00-04:00,17.760000228881836,17.780000686645508,17.741300582885742,17.75,0,0.0,0.0,0.0
2023-04-27 10:30:00-04:00,17.740100860595703,17.75,17.739999771118164,17.75,12112,0.0,0.0,0.0
2023-04-27 11:30:00-04:00,17.74020004272461,17.774999618530273,17.74020004272461,17.774999618530273,6123,0.0,0.0,0.0
2023-04-27 12:30:00-04:00,17.776599884033203,17.780000686645508,17.76099967956543,17.770000457763672,16625,0.0,0.0,0.0
2023-04-27 13:30:00-04:00,17.770099639892578,17.780000686645508,17.770099639892578,17.780000686645508,1541,0.0,0.0,0.0
2023-04-27 14:30:00-04:00,17.774999618530273,17.77899932861328,17.77050018310547,17.774999618530273,1328,0.0,0.0,0.0
2023-04-27 15:30:00-04:00,17.760000228881836,17.770000457763672,17.75,17.770000457763672,40528,0.0,0.0,0.0
2023-04-28 09:30:00-04:00,17.81999969482422,17.84000015258789,17.799999237060547,17.84000015258789,0,0.0,0.0,0.0
2023-04-28 10:30:00-04:00,17.850000381469727,17.864999771118164,17.850000381469727,17.864999771118164,830,0.0,0.0,0.0
2023-04-28 11:30:00-04:00,17.865999221801758,17.8799991607666,17.86009979248047,17.8700008392334,9344,0.0,0.0,0.0
2023-04-28 12:30:00-04:00,17.8799991607666,17.8799991607666,17.8700008392334,17.8700008392334,0,0.0,0.0,0.0
2023-04-28 13:30:00-04:00,17.875,17.875,17.8700008392334,17.870100021362305,176014,0.0,0.0,0.0
2023-04-28 14:30:00-04:00,17.872100830078125,17.878999710083008,17.840099334716797,17.864999771118164,7682,0.0,0.0,0.0
2023-04-28 15:30:00-04:00,17.850000381469727,17.8799991607666,17.850000381469727,17.8700008392334,20022,0.0,0.0,0.0
2023-05-01 09:30:00-04:00,17.790000915527344,17.790000915527344,17.725000381469727,17.725099563598633,0,0.0,0.0,0.0
2023-05-01 10:30:00-04:00,17.72100067138672,17.725000381469727,17.69499969482422,17.700000762939453,15190,0.0,0.0,0.0
2023-05-01 11:30:00-04:00,17.700000762939453,17.700000762939453,17.690000534057617,17.699899673461914,16645,0.0,0.0,0.0
2023-05-01 12:30:00-04:00,17.700000762939453,17.700000762939453,17.690099716186523,17.69499969482422,6411,0.0,0.0,0.0
2023-05-01 13:30:00-04:00,17.700000762939453,17.700000762939453,17.684999465942383,17.690000534057617,26588,0.0,0.0,0.0
2023-05-01 14:30:00-04:00,17.684999465942383,17.684999465942383,17.670000076293945,17.67009925842285,172931,0.0,0.0,0.0
2023-05-01 15:30:00-04:00,17.670000076293945,17.679899215698242,17.649999618530273,17.670000076293945,48836,0.0,0.0,0.0
2023-05-02 09:30:00-04:00,17.68000030517578,17.730100631713867,17.670000076293945,17.730100631713867,0,0.0,0.0,0.0
2023-05-02 10:30:00-04:00,17.729999542236328,17.75,17.729999542236328,17.7450008392334,47247,0.0,0.0,0.0
2023-05-02 11:30:00-04:00,17.7450008392334,17.75,17.735000610351562,17.7450008392334,35850,0.0,0.0,0.0
2023-05-02 12:30:00-04:00,17.749799728393555,17.749900817871094,17.739999771118164,17.749900817871094,11676,0.0,0.0,0.0
2023-05-02 13:30:00-04:00,17.7450008392334,17.7450008392334,17.739999771118164,17.7450008392334,18584,0.0,0.0,0.0
2023-05-02 14:30:00-04:00,17.7450008392334,17.769500732421875,17.740100860595703,17.764999389648438,29948,0.0,0.0,0.0
2023-05-02 15:30:00-04:00,17.764999389648438,17.764999389648438,17.760000228881836,17.764999389648438,22663,0.0,0.0,0.0
2023-05-03 09:30:00-04:00,17.809999465942383,17.84000015258789,17.809999465942383,17.81999969482422,33740,0.0,0.0,0.0
2023-05-03 10:30:00-04:00,17.829999923706055,17.845500946044922,17.829999923706055,17.840099334716797,13172,0.0,0.0,0.0
2023-05-03 11:30:00-04:00,17.844999313354492,17.84749984741211,17.829999923706055,17.840099334716797,26663,0.0,0.0,0.0
2023-05-03 12:30:00-04:00,17.84000015258789,17.840099334716797,17.834999084472656,17.834999084472656,2641,0.0,0.0,0.0
2023-05-03 13:30:00-04:00,17.833900451660156,17.850000381469727,17.829999923706055,17.83009910583496,31291,0.0,0.0,0.0
2023-05-03 14:30:00-04:00,17.81999969482422,17.83799934387207,17.796600341796875,17.83799934387207,21754,0.0,0.0,0.0
2023-05-03 15:30:00-04:00,17.83009910583496,17.850000381469727,17.81999969482422,17.81999969482422,34615,0.0,0.0,0.0
2023-05-04 09:30:00-04:00,17.809999465942383,17.81999969482422,17.780000686645508,17.81999969482422,0,0.0,0.0,0.0
2023-05-04 10:30:00-04:00,17.810100555419922,17.82670021057129,17.799999237060547,17.809999465942383,7573,0.0,0.0,0.0
2023-05-04 11:30:00-04:00,17.819900512695312,17.839099884033203,17.809999465942383,17.82670021057129,7293,0.0,0.0,0.0
2023-05-04 12:30:00-04:00,17.825000762939453,17.829999923706055,17.79129981994629,17.79129981994629,16181,0.0,0.0,0.0
2023-05-04 13:30:00-04:00,17.795000076293945,17.799999237060547,17.795000076293945,17.799999237060547,2556,0.0,0.0,0.0
2023-05-04 14:30:00-04:00,17.795000076293945,17.79990005493164,17.790000915527344,17.79990005493164,14888,0.0,0.0,0.0
2023-05-04 15:30:00-04:00,17.799999237060547,17.799999237060547,17.770000457763672,17.770000457763672,39203,0.0,0.0,0.0
2023-05-05 09:30:00-04:00,17.75,17.774999618530273,17.739999771118164,17.7450008392334,27686,0.0,0.0,0.0
2023-05-05 10:30:00-04:00,17.75,17.764999389648438,17.75,17.75,13066,0.0,0.0,0.0
2023-05-05 11:30:00-04:00,17.751100540161133,17.756200790405273,17.75,17.75,0,0.0,0.0,0.0
2023-05-05 12:30:00-04:00,17.758699417114258,17.759300231933594,17.758699417114258,17.759300231933594,42878,0.0,0.0,0.0
2023-05-05 13:30:00-04:00,17.750099182128906,17.760000228881836,17.750099182128906,17.75429916381836,0,0.0,0.0,0.0
2023-05-05 14:30:00-04:00,17.760000228881836,17.78499984741211,17.760000228881836,17.78499984741211,59601,0.0,0.0,0.0
2023-05-05 15:30:00-04:00,17.780000686645508,17.78499984741211,17.780000686645508,17.78499984741211,0,0.0,0.0,0.0
2023-05-08 09:30:00-04:00,17.729999542236328,17.729999542236328,17.711599349975586,17.71500015258789,6005,0.0,0.0,0.0
2023-05-08 10:30:00-04:00,17.71500015258789,17.719999313354492,17.709999084472656,17.719999313354492,4617,0.0,0.0,0.0
2023-05-08 11:30:00-04:00,17.719999313354492,17.729999542236328,17.713699340820312,17.725000381469727,6540,0.0,0.0,0.0
2023-05-08 12:30:00-04:00,17.72170066833496,17.729299545288086,17.72130012512207,17.729299545288086,1642,0.0,0.0,0.0
2023-05-08 13:30:00-04:00,17.723600387573242,17.723600387573242,17.709999084472656,17.716400146484375,3853,0.0,0.0,0.0
2023-05-08 14:30:00-04:00,17.71500015258789,17.71500015258789,17.704999923706055,17.704999923706055,5613,0.0,0.0,0.0
2023-05-08 15:30:00-04:00,17.700000762939453,17.704999923706055,17.69339942932129,17.69499969482422,6667,0.0,0.0,0.0
2023-05-09 09:30:00-04:00,17.690000534057617,17.704299926757812,17.690000534057617,17.699899673461914,0,0.0,0.0,0.0
2023-05-09 10:30:00-04:00,17.69499969482422,17.700000762939453,17.690000534057617,17.69499969482422,20642,0.0,0.0,0.0
2023-05-09 11:30:00-04:00,17.690000534057617,17.699899673461914,17.690000534057617,17.690000534057617,7506,0.0,0.0,0.0
2023-05-09 12:30:00-04:00,17.690000534057617,17.690000534057617,17.671899795532227,17.684999465942383,4799,0.0,0.0,0.0
2023-05-09 13:30:00-04:00,17.689899444580078,17.690000534057617,17.68000030517578,17.690000534057617,8487,0.0,0.0,0.0
2023-05-09 14:30:00-04:00,17.68709945678711,17.68709945678711,17.684999465942383,17.684999465942383,1286,0.0,0.0,0.0
2023-05-09 15:30:00-04:00,17.68000030517578,17.68000030517578,17.670000076293945,17.68000030517578,15331,0.0,0.0,0.0
2023-05-10 09:30:00-04:00,17.770000457763672,17.780000686645508,17.75,17.760000228881836,0,0.0,0.0,0.0
2023-05-10 10:30:00-04:00,17.750900268554688,17.756099700927734,17.750900268554688,17.753799438476562,6610,0.0,0.0,0.0
2023-05-10 11:30:00-04:00,17.756200790405273,17.760000228881836,17.75,17.760000228881836,9367,0.0,0.0,0.0
2023-05-10 12:30:00-04:00,17.75,17.760000228881836,17.75,17.760000228881836,3398,0.0,0.0,0.0
2023-05-10 13:30:00-04:00,17.76609992980957,17.770000457763672,17.760000228881836,17.763900756835938,22632,0.0,0.0,0.0
2023-05-10 14:30:00-04:00,17.770000457763672,17.780000686645508,17.75,17.770000457763672,32482,0.0,0.0,0.0
2023-05-10 15:30:00-04:00,17.769899368286133,17.780000686645508,17.75,17.780000686645508,19343,0.0,0.0,0.0
2023-05-11 09:30:00-04:00,17.850000381469727,17.860000610351562,17.829999923706055,17.83769989013672,0,0.0,0.0,0.0
2023-05-11 10:30:00-04:00,17.827499389648438,17.83989906311035,17.810199737548828,17.815000534057617,1554641,0.0,0.0,0.0
2023-05-11 11:30:00-04:00,17.815000534057617,17.825000762939453,17.815000534057617,17.82349967956543,1984,0.0,0.0,0.0
2023-05-11 12:30:00-04:00,17.825000762939453,17.829999923706055,17.81999969482422,17.82990074157715,6415,0.0,0.0,0.0
2023-05-11 13:30:00-04:00,17.825000762939453,17.829999923706055,17.81999969482422,17.821500778198242,13779,0.0,0.0,0.0
2023-05-11 14:30:00-04:00,17.825000762939453,17.82990074157715,17.81999969482422,17.82990074157715,14074,0.0,0.0,0.0
2023-05-11 15:30:00-04:00,17.825000762939453,17.825000762939453,17.815000534057617,17.815000534057617,15367,0.0,0.0,0.0
2023-05-12 09:30:00-04:00,17.809999465942383,17.81999969482422,17.770099639892578,17.770099639892578,0,0.0,0.0,0.0
2023-05-12 10:30:00-04:00,17.770000457763672,17.770000457763672,17.750099182128906,17.75749969482422,22262,0.0,0.0,0.0
2023-05-12 11:30:00-04:00,17.760000228881836,17.760000228881836,17.739999771118164,17.739999771118164,16256,0.0,0.0,0.0
2023-05-12 12:30:00-04:00,17.739999771118164,17.749900817871094,17.739999771118164,17.7450008392334,31962,0.0,0.0,0.0
2023-05-12 13:30:00-04:00,17.7450008392334,17.74530029296875,17.725000381469727,17.725000381469727,7517,0.0,0.0,0.0
2023-05-12 14:30:00-04:00,17.726699829101562,17.726699829101562,17.714599609375,17.71500015258789,5206,0.0,0.0,0.0
2023-05-12 15:30:00-04:00,17.719999313354492,17.739999771118164,17.71500015258789,17.739999771118164,9254,0.0,0.0,0.0
2023-05-15 09:30:00-04:00,17.670000076293945,17.690000534057617,17.670000076293945,17.68709945678711,0,0.0,0.0,0.0
2023-05-15 10:30:00-04:00,17.674999237060547,17.68000030517578,17.67140007019043,17.68000030517578,13674,0.0,0.0,0.0
2023-05-15 11:30:00-04:00,17.674999237060547,17.690000534057617,17.674999237060547,17.684999465942383,11812,0.0,0.0,0.0
2023-05-15 12:30:00-04:00,17.684999465942383,17.69499969482422,17.680599212646484,17.690099716186523,21150,0.0,0.0,0.0
2023-05-15 13:30:00-04:00,17.69499969482422,17.700000762939453,17.690000534057617,17.690000534057617,34038,0.0,0.0,0.0
2023-05-15 14:30:00-04:00,17.69890022277832,17.700000762939453,17.68000030517578,17.684999465942383,25446,0.0,0.0,0.0
2023-05-15 15:30:00-04:00,17.684999465942383,17.690000534057617,17.68000030517578,17.690000534057617,0,0.0,0.0,0.0
2023-05-16 09:30:00-04:00,17.639999389648438,17.670000076293945,17.639999389648438,17.639999389648438,10587,0.0,0.0,0.0
2023-05-16 10:30:00-04:00,17.6299991607666,17.63990020751953,17.623300552368164,17.623300552368164,10005,0.0,0.0,0.0
2023-05-16 11:30:00-04:00,17.6200008392334,17.627899169921875,17.608800888061523,17.610000610351562,13156,0.0,0.0,0.0
2023-05-16 12:30:00-04:00,17.61709976196289,17.6200008392334,17.611499786376953,17.614999771118164,6952,0.0,0.0,0.0
2023-05-16 13:30:00-04:00,17.611600875854492,17.614999771118164,17.610000610351562,17.610000610351562,6021,0.0,0.0,0.0
2023-05-16 14:30:00-04:00,17.614999771118164,17.6200008392334,17.614900588989258,17.6200008392334,11000,0.0,0.0,0.0
2023-05-16 15:30:00-04:00,17.6200008392334,17.6200008392334,17.610000610351562,17.614999771118164,16190,0.0,0.0,0.0
2023-05-17 09:30:00-04:00,17.6200008392334,17.6200008392334,17.59320068359375,17.600000381469727,0,0.0,0.0,0.0
2023-05-17 10:30:00-04:00,17.600000381469727,17.610000610351562,17.591899871826172,17.591899871826172,6535,0.0,0.0,0.0
2023-05-17 11:30:00-04:00,17.593599319458008,17.599899291992188,17.593599319458008,17.594999313354492,4695,0.0,0.0,0.0
2023-05-17 12:30:00-04:00,17.600000381469727,17.614999771118164,17.600000381469727,17.600099563598633,7319,0.0,0.0,0.0
2023-05-17 13:30:00-04:00,17.604999542236328,17.604999542236328,17.603500366210938,17.604299545288086,3920,0.0,0.0,0.0
2023-05-17 14:30:00-04:00,17.610000610351562,17.610000610351562,17.601499557495117,17.604999542236328,4452,0.0,0.0,0.0
2023-05-17 15:30:00-04:00,17.600000381469727,17.610000610351562,17.600000381469727,17.604999542236328,30783,0.0,0.0,0.0
2023-05-18 09:30:00-04:00,17.549999237060547,17.549999237060547,17.524999618530273,17.524999618530273,0,0.0,0.0,0.0
2023-05-18 10:30:00-04:00,17.520000457763672,17.530000686645508,17.520000457763672,17.524999618530273,1573,0.0,0.0,0.0
2023-05-18 11:30:00-04:00,17.524999618530273,17.548200607299805,17.524999618530273,17.545000076293945,34919,0.0,0.0,0.0
2023-05-18 12:30:00-04:00,17.5492000579834,17.549999237060547,17.530000686645508,17.53499984741211,14206,0.0,0.0,0.0
2023-05-18 13:30:00-04:00,17.53499984741211,17.53499984741211,17.530000686645508,17.530000686645508,0,0.0,0.0,0.0
2023-05-18 14:30:00-04:00,17.530000686645508,17.538700103759766,17.530000686645508,17.531999588012695,80029,0.0,0.0,0.0
2023-05-18 15:30:00-04:00,17.530099868774414,17.540000915527344,17.521499633789062,17.540000915527344,7930,0.0,0.0,0.0
2023-05-19 09:30:00-04:00,17.510000228881836,17.513700485229492,17.489999771118164,17.499099731445312,0,0.0,0.0,0.0
2023-05-19 10:30:00-04:00,17.514999389648438,17.55500030517578,17.510000228881836,17.549999237060547,11596,0.0,0.0,0.0
2023-05-19 11:30:00-04:00,17.545900344848633,17.549999237060547,17.524999618530273,17.524999618530273,10814,0.0,0.0,0.0
2023-05-19 12:30:00-04:00,17.52389907836914,17.540000915527344,17.52389907836914,17.530000686645508,3578,0.0,0.0,0.0
2023-05-19 13:30:00-04:00,17.530000686645508,17.53499984741211,17.520099639892578,17.520099639892578,5258,0.0,0.0,0.0
2023-05-19 14:30:00-04:00,17.524999618530273,17.52869987487793,17.500099182128906,17.510000228881836,2655,0.0,0.0,0.0
2023-05-19 15:30:00-04:00,17.510000228881836,17.520000457763672,17.510000228881836,17.520000457763672,0,0.0,0.0,0.0
2023-05-22 09:30:00-04:00,17.510000228881836,17.545000076293945,17.510000228881836,17.527099609375,4725,0.0,0.0,0.0
2023-05-22 10:30:00-04:00,17.530000686645508,17.535900115966797,17.510099411010742,17.511699676513672,12347,0.0,0.0,0.0
2023-05-22 11:30:00-04:00,17.510000228881836,17.511699676513672,17.5049991607666,17.5049991607666,1594,0.0,0.0,0.0
2023-05-22 12:30:00-04:00,17.510000228881836,17.520000457763672,17.510000228881836,17.514999389648438,3746,0.0,0.0,0.0
2023-05-22 13:30:00-04:00,17.520000457763672,17.540000915527344,17.520000457763672,17.540000915527344,4666,0.0,0.0,0.0
2023-05-22 14:30:00-04:00,17.530099868774414,17.540000915527344,17.520000457763672,17.524999618530273,6176,0.0,0.0,0.0
2023-05-22 15:30:00-04:00,17.530000686645508,17.540000915527344,17.514999389648438,17.520000457763672,10016,0.0,0.0,0.0
2023-05-23 09:30:00-04:00,17.489999771118164,17.529499053955078,17.489999771118164,17.510000228881836,6067,0.0,0.0,0.0
2023-05-23 10:30:00-04:00,17.520000457763672,17.520000457763672,17.489999771118164,17.5049991607666,24725,0.0,0.0,0.0
2023-05-23 11:30:00-04:00,17.5049991607666,17.510000228881836,17.489999771118164,17.493600845336914,12353,0.0,0.0,0.0
2023-05-23 12:30:00-04:00,17.499900817871094,17.5,17.4950008392334,17.5,3881,0.0,0.0,0.0
2023-05-23 13:30:00-04:00,17.5049991607666,17.506999969482422,17.489999771118164,17.5,2873,0.0,0.0,0.0
2023-05-23 14:30:00-04:00,17.518299102783203,17.519899368286133,17.4950008392334,17.5,8871,0.0,0.0,0.0
2023-05-23 15:30:00-04:00,17.5,17.5,17.489999771118164,17.489999771118164,15559,0.0,0.0,0.0
2023-05-24 09:30:00-04:00,17.5,17.500499725341797,17.479999542236328,17.479999542236328,9826,0.0,0.0,0.0
2023-05-24 10:30:00-04:00,17.476499557495117,17.476499557495117,17.459999084472656,17.469999313354492,834,0.0,0.0,0.0
2023-05-24 11:30:00-04:00,17.469999313354492,17.469999313354492,17.420000076293945,17.420000076293945,3811,0.0,0.0,0.0
2023-05-24 12:30:00-04:00,17.424800872802734,17.439899444580078,17.424800872802734,17.434999465942383,3557,0.0,0.0,0.0
2023-05-24 13:30:00-04:00,17.4375,17.458999633789062,17.4375,17.454999923706055,12735,0.0,0.0,0.0
2023-05-24 14:30:00-04:00,17.459999084472656,17.459999084472656,17.43000030517578,17.440000534057617,18983,0.0,0.0,0.0
2023-05-24 15:30:00-04:00,17.440000534057617,17.450000762939453,17.434999465942383,17.440000534057617,0,0.0,0.0,0.0
2023-05-25 09:30:00-04:00,17.43000030517578,17.43440055847168,17.404300689697266,17.419300079345703,21740,0.0,0.0,0.0
2023-05-25 10:30:00-04:00,17.40999984741211,17.40999984741211,17.399999618530273,17.399999618530273,9312,0.0,0.0,0.0
2023-05-25 11:30:00-04:00,17.399999618530273,17.399999618530273,17.3799991607666,17.392099380493164,8229,0.0,0.0,0.0
2023-05-25 12:30:00-04:00,17.38010025024414,17.389999389648438,17.371000289916992,17.371000289916992,3792,0.0,0.0,0.0
2023-05-25 13:30:00-04:00,17.3799991607666,17.3799991607666,17.375,17.3799991607666,3185,0.0,0.0,0.0
2023-05-25 14:30:00-04:00,17.377099990844727,17.377099990844727,17.350000381469727,17.360000610351562,6614,0.0,0.0,0.0
2023-05-25 15:30:00-04:00,17.360000610351562,17.3700008392334,17.354999542236328,17.3700008392334,8736,0.0,0.0,0.0
2023-05-26 09:30:00-04:00,17.360000610351562,17.399999618530273,17.360000610351562,17.399999618530273,0,0.0,0.0,0.0
2023-05-26 10:30:00-04:00,17.409000396728516,17.409000396728516,17.360000610351562,17.3700008392334,8713,0.0,0.0,0.0
2023-05-26 11:30:00-04:00,17.3700008392334,17.383899688720703,17.3700008392334,17.3799991607666,53121,0.0,0.0,0.0
2023-05-26 12:30:00-04:00,17.3799991607666,17.395000457763672,17.3799991607666,17.393800735473633,2444,0.0,0.0,0.0
2023-05-26 13:30:00-04:00,17.396900177001953,17.39929962158203,17.395000457763672,17.395000457763672,507,0.0,0.0,0.0
2023-05-26 14:30:00-04:00,17.395000457763672,17.40999984741211,17.39459991455078,17.40999984741211,16430,0.0,0.0,0.0
2023-05-26 15:30:00-04:00,17.409900665283203,17.40999984741211,17.399999618530273,17.40999984741211,14801,0.0,0.0,0.0
2023-05-30 09:30:00-04:00,17.500099182128906,17.500600814819336,17.480100631713867,17.485700607299805,7694,0.0,0.0,0.0
2023-05-30 10:30:00-04:00,17.487600326538086,17.5,17.485000610351562,17.5,12783,0.0,0.0,0.0
2023-05-30 11:30:00-04:00,17.506200790405273,17.510000228881836,17.5,17.510000228881836,6690,0.0,0.0,0.0
2023-05-30 12:30:00-04:00,17.5,17.5,17.5,17.5,1381,0.0,0.0,0.0
2023-05-30 13:30:00-04:00,17.491199493408203,17.5049991607666,17.491199493408203,17.503799438476562,6587,0.0,0.0,0.0
2023-05-30 14:30:00-04:00,17.5049991607666,17.509899139404297,17.503799438476562,17.5049991607666,8590,0.0,0.0,0.0
2023-05-30 15:30:00-04:00,17.5,17.530000686645508,17.5,17.530000686645508,37263,0.0,0.0,0.0
2023-05-31 09:30:00-04:00,17.520000457763672,17.559999465942383,17.51099967956543,17.51129913330078,72462,0.0,0.0,0.0
2023-05-31 10:30:00-04:00,17.520000457763672,17.527099609375,17.520000457763672,17.524999618530273,15797,0.0,0.0,0.0
2023-05-31 11:30:00-04:00,17.530000686645508,17.530000686645508,17.510000228881836,17.514999389648438,2780,0.0,0.0,0.0
2023-05-31 12:30:00-04:00,17.510000228881836,17.520000457763672,17.510000228881836,17.520000457763672,4329,0.0,0.0,0.0
2023-05-31 13:30:00-04:00,17.520000457763672,17.549999237060547,17.520000457763672,17.540000915527344,31998,0.0,0.0,0.0
2023-05-31 14:30:00-04:00,17.545000076293945,17.545499801635742,17.540000915527344,17.545000076293945,9996,0.0,0.0,0.0
2023-05-31 15:30:00-04:00,17.54159927368164,17.559999465942383,17.54159927368164,17.559999465942383,36242,0.0,0.0,0.0
2023-06-01 09:30:00-04:00,17.549999237060547,17.56999969482422,17.545000076293945,17.549999237060547,19501,0.0,0.0,0.0
2023-06-01 10:30:00-04:00,17.549999237060547,17.549999237060547,17.53179931640625,17.53179931640625,36885,0.0,0.0,0.0
2023-06-01 11:30:00-04:00,17.530000686645508,17.549999237060547,17.530000686645508,17.540000915527344,7121,0.0,0.0,0.0
2023-06-01 12:30:00-04:00,17.541099548339844,17.559999465942383,17.540000915527344,17.55500030517578,21632,0.0,0.0,0.0
2023-06-01 13:30:00-04:00,17.550100326538086,17.579999923706055,17.549999237060547,17.575000762939453,55145,0.0,0.0,0.0
2023-06-01 14:30:00-04:00,17.575000762939453,17.579999923706055,17.56999969482422,17.573699951171875,8230,0.0,0.0,0.0
2023-06-01 15:30:00-04:00,17.579999923706055,17.600000381469727,17.56999969482422,17.59000015258789,39011,0.0,0.0,0.0
2023-06-02 09:30:00-04:00,17.610000610351562,17.610000610351562,17.559999465942383,17.559999465942383,8781,0.0,0.0,0.0
2023-06-02 10:30:00-04:00,17.569000244140625,17.569900512695312,17.5625,17.56599998474121,6092,0.0,0.0,0.0
2023-06-02 11:30:00-04:00,17.559999465942383,17.569599151611328,17.55500030517578,17.559999465942383,14796,0.0,0.0,0.0
2023-06-02 12:30:00-04:00,17.55150032043457,17.56999969482422,17.55150032043457,17.56999969482422,9338,0.0,0.0,0.0
2023-06-02 13:30:00-04:00,17.569900512695312,17.569900512695312,17.55900001525879,17.55900001525879,484,0.0,0.0,0.0
2023-06-02 14:30:00-04:00,17.559999465942383,17.56999969482422,17.559999465942383,17.56999969482422,7532,0.0,0.0,0.0
2023-06-02 15:30:00-04:00,17.56999969482422,17.579999923706055,17.565000534057617,17.579999923706055,11846,0.0,0.0,0.0
2023-06-05 09:30:00-04:00,17.510000228881836,17.588199615478516,17.510000228881836,17.58009910583496,0,0.0,0.0,0.0
2023-06-05 10:30:00-04:00,17.59000015258789,17.59000015258789,17.54010009765625,17.549999237060547,10309,0.0,0.0,0.0
2023-06-05 11:30:00-04:00,17.549999237060547,17.56999969482422,17.541799545288086,17.559999465942383,8649,0.0,0.0,0.0
2023-06-05 12:30:00-04:00,17.55500030517578,17.55500030517578,17.53499984741211,17.53499984741211,15852,0.0,0.0,0.0
2023-06-05 13:30:00-04:00,17.53380012512207,17.540000915527344,17.531299591064453,17.531999588012695,3311,0.0,0.0,0.0
2023-06-05 14:30:00-04:00,17.540000915527344,17.558799743652344,17.540000915527344,17.549999237060547,27228,0.0,0.0,0.0
2023-06-05 15:30:00-04:00,17.549999237060547,17.55229949951172,17.540000915527344,17.540000915527344,14776,0.0,0.0,0.0
2023-06-06 09:30:00-04:00,17.549999237060547,17.549999237060547,17.518999099731445,17.518999099731445,4575,0.0,0.0,0.0
2023-06-06 10:30:00-04:00,17.520000457763672,17.527099609375,17.520000457763672,17.527099609375,23317,0.0,0.0,0.0
2023-06-06 11:30:00-04:00,17.530000686645508,17.54990005493164,17.530000686645508,17.54990005493164,4114,0.0,0.0,0.0
2023-06-06 12:30:00-04:00,17.545000076293945,17.54829978942871,17.540199279785156,17.540199279785156,5364,0.0,0.0,0.0
2023-06-06 13:30:00-04:00,17.547100067138672,17.559999465942383,17.547100067138672,17.5575008392334,6301,0.0,0.0,0.0
2023-06-06 14:30:00-04:00,17.565399169921875,17.56920051574707,17.565000534057617,17.565000534057617,5804,0.0,0.0,0.0
2023-06-06 15:30:00-04:00,17.559999465942383,17.56999969482422,17.559999465942383,17.56999969482422,0,0.0,0.0,0.0
2023-06-07 09:30:00-04:00,17.56999969482422,17.59000015258789,17.54010009765625,17.54010009765625,18352,0.0,0.0,0.0
2023-06-07 10:30:00-04:00,17.530099868774414,17.530099868774414,17.502099990844727,17.502099990844727,3389,0.0,0.0,0.0
2023-06-07 11:30:00-04:00,17.509899139404297,17.509899139404297,17.480100631713867,17.489999771118164,6083,0.0,0.0,0.0
2023-06-07 12:30:00-04:00,17.489999771118164,17.510000228881836,17.46500015258789,17.46500015258789,35194,0.0,0.0,0.0
2023-06-07 13:30:00-04:00,17.46500015258789,17.46929931640625,17.460100173950195,17.4685001373291,2052,0.0,0.0,0.0
2023-06-07 14:30:00-04:00,17.469999313354492,17.469999313354492,17.46500015258789,17.46500015258789,7221,0.0,0.0,0.0
2023-06-07 15:30:00-04:00,17.46299934387207,17.469999313354492,17.459999084472656,17.469999313354492,31173,0.0,0.0,0.0
2023-06-08 09:30:00-04:00,17.489999771118164,17.510000228881836,17.48310089111328,17.510000228881836,5062,0.0,0.0,0.0
2023-06-08 10:30:00-04:00,17.520000457763672,17.52829933166504,17.520000457763672,17.524999618530273,14879,0.0,0.0,0.0
2023-06-08 11:30:00-04:00,17.520000457763672,17.545000076293945,17.520000457763672,17.540000915527344,24802,0.0,0.0,0.0
2023-06-08 12:30:00-04:00,17.541000366210938,17.54990005493164,17.540000915527344,17.545000076293945,30048,0.0,0.0,0.0
2023-06-08 13:30:00-04:00,17.545000076293945,17.546100616455078,17.540000915527344,17.545000076293945,5875,0.0,0.0,0.0
2023-06-08 14:30:00-04:00,17.54990005493164,17.54990005493164,17.545000076293945,17.545000076293945,16302,0.0,0.0,0.0
2023-06-08 15:30:00-04:00,17.549800872802734,17.56999969482422,17.54159927368164,17.56999969482422,0,0.0,0.0,0.0
2023-06-09 09:30:00-04:00,17.56999969482422,17.56999969482422,17.545000076293945,17.559999465942383,39593,0.0,0.0,0.0
2023-06-09 10:30:00-04:00,17.565000534057617,17.575000762939453,17.565000534057617,17.570100784301758,2357,0.0,0.0,0.0
2023-06-09 11:30:00-04:00,17.565000534057617,17.568899154663086,17.565000534057617,17.565799713134766,2912,0.0,0.0,0.0
2023-06-09 12:30:00-04:00,17.559999465942383,17.569900512695312,17.549999237060547,17.559999465942383,10118,0.0,0.0,0.0
2023-06-09 13:30:00-04:00,17.56999969482422,17.56999969482422,17.559999465942383,17.569900512695312,3742,0.0,0.0,0.0
2023-06-09 14:30:00-04:00,17.566499710083008,17.56999969482422,17.560100555419922,17.56999969482422,9149,0.0,0.0,0.0
2023-06-09 15:30:00-04:00,17.56999969482422,17.570100784301758,17.559999465942383,17.559999465942383,14177,0.0,0.0,0.0
2023-06-12 09:30:00-04:00,17.549999237060547,17.579999923706055,17.530000686645508,17.530000686645508,7440,0.0,0.0,0.0
2023-06-12 10:30:00-04:00,17.520000457763672,17.549999237060547,17.520000457763672,17.535600662231445,480870,0.0,0.0,0.0
2023-06-12 11:30:00-04:00,17.540000915527344,17.540000915527344,17.530000686645508,17.530000686645508,2400,0.0,0.0,0.0
2023-06-12 12:30:00-04:00,17.524999618530273,17.531099319458008,17.520000457763672,17.531099319458008,1652,0.0,0.0,0.0
2023-06-12 13:30:00-04:00,17.540000915527344,17.545000076293945,17.53499984741211,17.545000076293945,2874,0.0,0.0,0.0
2023-06-12 14:30:00-04:00,17.549999237060547,17.575000762939453,17.549999237060547,17.573999404907227,14334,0.0,0.0,0.0
2023-06-12 15:30:00-04:00,17.574199676513672,17.579999923706055,17.56999969482422,17.575000762939453,8092,0.0,0.0,0.0
2023-06-13 09:30:00-04:00,17.549999237060547,17.639999389648438,17.549999237060547,17.57040023803711,20597,0.0,0.0,0.0
2023-06-13 10:30:00-04:00,17.572500228881836,17.594999313354492,17.571699142456055,17.58169937133789,439209,0.0,0.0,0.0
2023-06-13 11:30:00-04:00,17.584999084472656,17.584999084472656,17.58169937133789,17.584999084472656,1589,0.0,0.0,0.0
2023-06-13 12:30:00-04:00,17.582700729370117,17.594999313354492,17.579999923706055,17.59000015258789,18784,0.0,0.0,0.0
2023-06-13 13:30:00-04:00,17.58009910583496,17.58009910583496,17.540000915527344,17.540000915527344,8008,0.0,0.0,0.0
2023-06-13 14:30:00-04:00,17.54290008544922,17.545900344848633,17.530000686645508,17.530000686645508,8828,0.0,0.0,0.0
2023-06-13 15:30:00-04:00,17.53569984436035,17.545000076293945,17.5310001373291,17.540000915527344,1786,0.0,0.0,0.0
2023-06-14 09:30:00-04:00,17.56999969482422,17.59000015258789,17.56999969482422,17.59000015258789,0,0.0,0.0,0.0
2023-06-14 10:30:00-04:00,17.58370018005371,17.60070037841797,17.581300735473633,17.60070037841797,2902,0.0,0.0,0.0
2023-06-14 11:30:00-04:00,17.604999542236328,17.608999252319336,17.59269905090332,17.594999313354492,13359,0.0,0.0,0.0
2023-06-14 12:30:00-04:00,17.594999313354492,17.600000381469727,17.59000015258789,17.59000015258789,16372,0.0,0.0,0.0
2023-06-14 13:30:00-04:00,17.594999313354492,17.594999313354492,17.479999542236328,17.510000228881836,9369,0.0,0.0,0.0
2023-06-14 14:30:00-04:00,17.530000686645508,17.559999465942383,17.530000686645508,17.540000915527344,9779,0.0,0.0,0.0
2023-06-14 15:30:00-04:00,17.530899047851562,17.56999969482422,17.530899047851562,17.565000534057617,6539,0.0,0.0,0.0
2023-06-15 09:30:00-04:00,17.6299991607666,17.655000686645508,17.6299991607666,17.655000686645508,25057,0.0,0.0,0.0
2023-06-15 10:30:00-04:00,17.665000915527344,17.665000915527344,17.63290023803711,17.635000228881836,14071,0.0,0.0,0.0
2023-06-15 11:30:00-04:00,17.63990020751953,17.645000457763672,17.63360023498535,17.645000457763672,33232,0.0,0.0,0.0
2023-06-15 12:30:00-04:00,17.645000457763672,17.659000396728516,17.639999389648438,17.655000686645508,16031,0.0,0.0,0.0
2023-06-15 13:30:00-04:00,17.65999984741211,17.65999984741211,17.649999618530273,17.65999984741211,13516,0.0,0.0,0.0
2023-06-15 14:30:00-04:00,17.65999984741211,17.670000076293945,17.653900146484375,17.670000076293945,20421,0.0,0.0,0.0
2023-06-15 15:30:00-04:00,17.670000076293945,17.690000534057617,17.65999984741211,17.684999465942383,27003,0.0,0.0,0.0
2023-06-16 09:30:00-04:00,17.649999618530273,17.65999984741211,17.614999771118164,17.615999221801758,20745,0.0,0.0,0.0
2023-06-16 10:30:00-04:00,17.6299991607666,17.669200897216797,17.6299991607666,17.669200897216797,11972,0.0,0.0,0.0
2023-06-16 11:30:00-04:00,17.639999389648438,17.639999389648438,17.63010025024414,17.63010025024414,5733,0.0,0.0,0.0
2023-06-16 12:30:00-04:00,17.639999389648438,17.659900665283203,17.635000228881836,17.659900665283203,8256,0.0,0.0,0.0
2023-06-16 13:30:00-04:00,17.652599334716797,17.652599334716797,17.639999389648438,17.64109992980957,6893,0.0,0.0,0.0
2023-06-16 14:30:00-04:00,17.639999389648438,17.646900177001953,17.635000228881836,17.635000228881836,1212,0.0,0.0,0.0
2023-06-16 15:30:00-04:00,17.6299991607666,17.635000228881836,17.6299991607666,17.635000228881836,17276,0.0,0.0,0.0
2023-06-20 09:30:00-04:00,17.639999389648438,17.670000076293945,17.639999389648438,17.641399383544922,29257,0.0,0.0,0.0
2023-06-20 10:30:00-04:00,17.649999618530273,17.65999984741211,17.649999618530273,17.655000686645508,2390,0.0,0.0,0.0
2023-06-20 11:30:00-04:00,17.649999618530273,17.659900665283203,17.649999618530273,17.650999069213867,6956,0.0,0.0,0.0
2023-06-20 12:30:00-04:00,17.655000686645508,17.659900665283203,17.649999618530273,17.653799057006836,5489,0.0,0.0,0.0
2023-06-20 13:30:00-04:00,17.655000686645508,17.656200408935547,17.649900436401367,17.649900436401367,3192,0.0,0.0,0.0
2023-06-20 14:30:00-04:00,17.645000457763672,17.649999618530273,17.640300750732422,17.645000457763672,4949,0.0,0.0,0.0
2023-06-20 15:30:00-04:00,17.639999389648438,17.658199310302734,17.639999389648438,17.645000457763672,12050,0.0,0.0,0.0
2023-06-21 09:30:00-04:00,17.610000610351562,17.610000610351562,17.575000762939453,17.59000015258789,0,0.0,0.0,0.0
2023-06-21 10:30:00-04:00,17.584999084472656,17.604999542236328,17.584999084472656,17.59000015258789,26974,0.0,0.0,0.0
2023-06-21 11:30:00-04:00,17.594999313354492,17.599899291992188,17.590099334716797,17.596200942993164,4067,0.0,0.0,0.0
2023-06-21 12:30:00-04:00,17.593900680541992,17.610000610351562,17.593900680541992,17.610000610351562,6727,0.0,0.0,0.0
2023-06-21 13:30:00-04:00,17.603099822998047,17.649999618530273,17.603099822998047,17.649999618530273,7451,0.0,0.0,0.0
2023-06-21 14:30:00-04:00,17.650100708007812,17.650100708007812,17.639999389648438,17.6471004486084,5628,0.0,0.0,0.0
2023-06-21 15:30:00-04:00,17.6481990814209,17.649999618530273,17.639999389648438,17.649999618530273,0,0.0,0.0,0.0
2023-06-22 09:30:00-04:00,17.610000610351562,17.61079978942871,17.59000015258789,17.591299057006836,7328,0.0,0.0,0.0
2023-06-22 10:30:00-04:00,17.590099334716797,17.590099334716797,17.579999923706055,17.579999923706055,6469,0.0,0.0,0.0
2023-06-22 11:30:00-04:00,17.579999923706055,17.579999923706055,17.574100494384766,17.574100494384766,840,0.0,0.0,0.0
2023-06-22 12:30:00-04:00,17.5762996673584,17.5762996673584,17.56170082092285,17.56999969482422,8573,0.0,0.0,0.0
2023-06-22 13:30:00-04:00,17.566200256347656,17.56999969482422,17.562000274658203,17.569799423217773,7295,0.0,0.0,0.0
2023-06-22 14:30:00-04:00,17.569900512695312,17.589000701904297,17.566299438476562,17.584800720214844,17656,0.0,0.0,0.0
2023-06-22 15:30:00-04:00,17.572900772094727,17.579999923706055,17.56999969482422,17.579999923706055,10352,0.0,0.0,0.0
2023-06-23 09:30:00-04:00,17.59000015258789,17.610000610351562,17.59000015258789,17.59000015258789,6792,0.0,0.0,0.0
2023-06-23 10:30:00-04:00,17.587099075317383,17.598100662231445,17.561399459838867,17.561399459838867,18044,0.0,0.0,0.0
2023-06-23 11:30:00-04:00,17.56999969482422,17.57900047302246,17.56999969482422,17.5762996673584,2733,0.0,0.0,0.0
2023-06-23 12:30:00-04:00,17.570100784301758,17.579999923706055,17.56839942932129,17.579999923706055,8661,0.0,0.0,0.0
2023-06-23 13:30:00-04:00,17.584999084472656,17.584999084472656,17.579999923706055,17.583900451660156,3959,0.0,0.0,0.0
2023-06-23 14:30:00-04:00,17.581199645996094,17.584999084472656,17.575000762939453,17.579999923706055,6201,0.0,0.0,0.0
2023-06-23 15:30:00-04:00,17.575000762939453,17.575000762939453,17.570100784301758,17.575000762939453,2295,0.0,0.0,0.0
2023-06-26 09:30:00-04:00,17.610000610351562,17.610000610351562,17.606000900268555,17.607900619506836,1755,0.0,0.0,0.0
2023-06-26 10:30:00-04:00,17.600099563598633,17.625,17.600000381469727,17.625,9784,0.0,0.0,0.0
2023-06-26 11:30:00-04:00,17.61009979248047,17.6156005859375,17.600099563598633,17.600099563598633,19156,0.0,0.0,0.0
2023-06-26 13:30:00-04:00,17.606300354003906,17.610000610351562,17.603700637817383,17.610000610351562,4589,0.0,0.0,0.0
2023-06-26 14:30:00-04:00,17.610000610351562,17.6200008392334,17.610000610351562,17.611499786376953,14839,0.0,0.0,0.0
2023-06-26 15:30:00-04:00,17.61009979248047,17.6200008392334,17.600000381469727,17.610000610351562,0,0.0,0.0,0.0
2023-06-27 09:30:00-04:00,17.6299991607666,17.655000686645508,17.600099563598633,17.610000610351562,16971,0.0,0.0,0.0
2023-06-27 10:30:00-04:00,17.59000015258789,17.594999313354492,17.579999923706055,17.579999923706055,38491,0.0,0.0,0.0
2023-06-27 11:30:00-04:00,17.575000762939453,17.604999542236328,17.575000762939453,17.604000091552734,9468,0.0,0.0,0.0
2023-06-27 12:30:00-04:00,17.610000610351562,17.61400032043457,17.594999313354492,17.594999313354492,6210,0.0,0.0,0.0
2023-06-27 13:30:00-04:00,17.59589958190918,17.601200103759766,17.59000015258789,17.601200103759766,2626,0.0,0.0,0.0
2023-06-27 14:30:00-04:00,17.600099563598633,17.608200073242188,17.600000381469727,17.600000381469727,6970,0.0,0.0,0.0
2023-06-27 15:30:00-04:00,17.604999542236328,17.610000610351562,17.600000381469727,17.610000610351562,0,0.0,0.0,0.0
2023-06-28 09:30:00-04:00,17.6200008392334,17.6200008392334,17.59000015258789,17.600000381469727,28695,0.0,0.0,0.0
2023-06-28 10:30:00-04:00,17.594999313354492,17.617000579833984,17.594999313354492,17.617000579833984,24163,0.0,0.0,0.0
2023-06-28 11:30:00-04:00,17.61989974975586,17.63089942932129,17.61520004272461,17.63089942932129,5532,0.0,0.0,0.0
2023-06-28 12:30:00-04:00,17.621700286865234,17.63789939880371,17.621700286865234,17.63789939880371,785,0.0,0.0,0.0
2023-06-28 13:30:00-04:00,17.646400451660156,17.646400451660156,17.640100479125977,17.640100479125977,4379,0.0,0.0,0.0
2023-06-28 14:30:00-04:00,17.643400192260742,17.649999618530273,17.639999389648438,17.641000747680664,19091,0.0,0.0,0.0
2023-06-28 15:30:00-04:00,17.645000457763672,17.649999618530273,17.645000457763672,17.649999618530273,2021,0.0,0.0,0.0
2023-06-29 09:30:00-04:00,17.530000686645508,17.549999237060547,17.510099411010742,17.524999618530273,29362,0.0,0.0,0.0
2023-06-29 10:30:00-04:00,17.520000457763672,17.536500930786133,17.520000457763672,17.53499984741211,7710,0.0,0.0,0.0
2023-06-29 11:30:00-04:00,17.53499984741211,17.540000915527344,17.530899047851562,17.540000915527344,1748,0.0,0.0,0.0
2023-06-29 12:30:00-04:00,17.53499984741211,17.53499984741211,17.52090072631836,17.524999618530273,7837,0.0,0.0,0.0
2023-06-29 13:30:00-04:00,17.523000717163086,17.530000686645508,17.520000457763672,17.520000457763672,36046,0.0,0.0,0.0
2023-06-29 14:30:00-04:00,17.520000457763672,17.540000915527344,17.520000457763672,17.540000915527344,16088,0.0,0.0,0.0
2023-06-29 15:30:00-04:00,17.540000915527344,17.549999237060547,17.530799865722656,17.545000076293945,21374,0.0,0.0,0.0
2023-06-30 09:30:00-04:00,17.540000915527344,17.584999084472656,17.540000915527344,17.584999084472656,13076,0.0,0.0,0.0
2023-06-30 10:30:00-04:00,17.579999923706055,17.600000381469727,17.56719970703125,17.594999313354492,28788,0.0,0.0,0.0
2023-06-30 11:30:00-04:00,17.600000381469727,17.600000381469727,17.594900131225586,17.600000381469727,4189,0.0,0.0,0.0
2023-06-30 12:30:00-04:00,17.610000610351562,17.610000610351562,17.600000381469727,17.610000610351562,266982,0.0,0.0,0.0
2023-06-30 13:30:00-04:00,17.618600845336914,17.6200008392334,17.61009979248047,17.6200008392334,5687,0.0,0.0,0.0
2023-06-30 14:30:00-04:00,17.622699737548828,17.629899978637695,17.6200008392334,17.629899978637695,2340,0.0,0.0,0.0
2023-06-30 15:30:00-04:00,17.629899978637695,17.6387996673584,17.6200008392334,17.6200008392334,21005,0.0,0.0,0.0
2023-07-03 09:30:00-04:00,17.56999969482422,17.600000381469727,17.55229949951172,17.565000534057617,11572,0.0,0.0,0.0
2023-07-03 10:30:00-04:00,17.565000534057617,17.565000534057617,17.530099868774414,17.530099868774414,1358,0.0,0.0,0.0
2023-07-03 11:30:00-04:00,17.54010009765625,17.545000076293945,17.5393009185791,17.5393009185791,620,0.0,0.0,0.0
2023-07-03 12:30:00-04:00,17.530000686645508,17.534500122070312,17.530000686645508,17.534500122070312,1161,0.0,0.0,0.0
2023-07-05 09:30:00-04:00,17.510000228881836,17.520000457763672,17.510000228881836,17.510000228881836,0,0.0,0.0,0.0
2023-07-05 10:30:00-04:00,17.5049991607666,17.5049991607666,17.489999771118164,17.489999771118164,12788,0.0,0.0,0.0
2023-07-05 11:30:00-04:00,17.485000610351562,17.488800048828125,17.469999313354492,17.469999313354492,3024,0.0,0.0,0.0
2023-07-05 12:30:00-04:00,17.473899841308594,17.475000381469727,17.459999084472656,17.46500015258789,21891,0.0,0.0,0.0
2023-07-05 13:30:00-04:00,17.460100173950195,17.46579933166504,17.442100524902344,17.44499969482422,11141,0.0,0.0,0.0
2023-07-05 14:30:00-04:00,17.44499969482422,17.454999923706055,17.440099716186523,17.454999923706055,14648,0.0,0.0,0.0
2023-07-05 15:30:00-04:00,17.454999923706055,17.5,17.450000762939453,17.469999313354492,0,0.0,0.0,0.0
2023-07-06 09:30:00-04:00,17.31999969482422,17.334999084472656,17.290000915527344,17.295000076293945,31555,0.0,0.0,0.0
2023-07-06 10:30:00-04:00,17.299999237060547,17.299999237060547,17.28350067138672,17.28499984741211,42249,0.0,0.0,0.0
2023-07-06 11:30:00-04:00,17.289899826049805,17.290000915527344,17.280000686645508,17.28499984741211,4682,0.0,0.0,0.0
2023-07-06 12:30:00-04:00,17.28499984741211,17.299999237060547,17.28499984741211,17.299999237060547,2987,0.0,0.0,0.0
2023-07-06 13:30:00-04:00,17.295000076293945,17.299999237060547,17.295000076293945,17.295000076293945,798,0.0,0.0,0.0
2023-07-06 14:30:00-04:00,17.299999237060547,17.31999969482422,17.299999237060547,17.310300827026367,9750,0.0,0.0,0.0
2023-07-06 15:30:00-04:00,17.31100082397461,17.31999969482422,17.309999465942383,17.31999969482422,4912,0.0,0.0,0.0
2023-07-07 09:30:00-04:00,17.290000915527344,17.329999923706055,17.290000915527344,17.329999923706055,9033,0.0,0.0,0.0
2023-07-07 10:30:00-04:00,17.329999923706055,17.334999084472656,17.329999923706055,17.33370018005371,2922,0.0,0.0,0.0
2023-07-07 11:30:00-04:00,17.34000015258789,17.350000381469727,17.34000015258789,17.350000381469727,12654,0.0,0.0,0.0
2023-07-07 12:30:00-04:00,17.350000381469727,17.354999542236328,17.350000381469727,17.350099563598633,9623,0.0,0.0,0.0
2023-07-07 13:30:00-04:00,17.350000381469727,17.350099563598633,17.330400466918945,17.330400466918945,3045,0.0,0.0,0.0
2023-07-07 14:30:00-04:00,17.33009910583496,17.33009910583496,17.31999969482422,17.320100784301758,1507,0.0,0.0,0.0
2023-07-07 15:30:00-04:00,17.309999465942383,17.309999465942383,17.290000915527344,17.299999237060547,8458,0.0,0.0,0.0
2023-07-10 09:30:00-04:00,17.309999465942383,17.350000381469727,17.309999465942383,17.350000381469727,13522,0.0,0.0,0.0
2023-07-10 10:30:00-04:00,17.34869956970215,17.360000610351562,17.34000015258789,17.360000610351562,5989,0.0,0.0,0.0
2023-07-10 11:30:00-04:00,17.3700008392334,17.3700008392334,17.360000610351562,17.36989974975586,2355,0.0,0.0,0.0
2023-07-10 12:30:00-04:00,17.364999771118164,17.36750030517578,17.354999542236328,17.35919952392578,17269,0.0,0.0,0.0
2023-07-10 13:30:00-04:00,17.351900100708008,17.375,17.351900100708008,17.375,24313,0.0,0.0,0.0
2023-07-10 14:30:00-04:00,17.375,17.3799991607666,17.374099731445312,17.375999450683594,12073,0.0,0.0,0.0
2023-07-10 15:30:00-04:00,17.3700008392334,17.3799991607666,17.3700008392334,17.3799991607666,11375,0.0,0.0,0.0
2023-07-11 09:30:00-04:00,17.399999618530273,17.420000076293945,17.389999389648438,17.40369987487793,4905,0.0,0.0,0.0
2023-07-11 10:30:00-04:00,17.400999069213867,17.409299850463867,17.400999069213867,17.40130043029785,7742,0.0,0.0,0.0
2023-07-11 11:30:00-04:00,17.40530014038086,17.40999984741211,17.40399932861328,17.409099578857422,4907,0.0,0.0,0.0
2023-07-11 12:30:00-04:00,17.400100708007812,17.424999237060547,17.400100708007812,17.421300888061523,4009,0.0,0.0,0.0
2023-07-11 13:30:00-04:00,17.424999237060547,17.429899215698242,17.420000076293945,17.428800582885742,6526,0.0,0.0,0.0
2023-07-11 14:30:00-04:00,17.420000076293945,17.425899505615234,17.41010093688965,17.41900062561035,4106,0.0,0.0,0.0
2023-07-11 15:30:00-04:00,17.40999984741211,17.420000076293945,17.40999984741211,17.420000076293945,13330,0.0,0.0,0.0
2023-07-12 09:30:00-04:00,17.56999969482422,17.59000015258789,17.549999237060547,17.59000015258789,87365,0.0,0.0,0.0
2023-07-12 10:30:00-04:00,17.584999084472656,17.58880043029785,17.579999923706055,17.5841007232666,53364,0.0,0.0,0.0
2023-07-12 11:30:00-04:00,17.59000015258789,17.610000610351562,17.59000015258789,17.600099563598633,49571,0.0,0.0,0.0
2023-07-12 12:30:00-04:00,17.610000610351562,17.610000610351562,17.600000381469727,17.604999542236328,4668,0.0,0.0,0.0
2023-07-12 13:30:00-04:00,17.604000091552734,17.608699798583984,17.600099563598633,17.608699798583984,3864,0.0,0.0,0.0
2023-07-12 14:30:00-04:00,17.604999542236328,17.6299991607666,17.600000381469727,17.6200008392334,28092,0.0,0.0,0.0
2023-07-12 15:30:00-04:00,17.610000610351562,17.6200008392334,17.610000610351562,17.6200008392334,3349,0.0,0.0,0.0
2023-07-13 09:30:00-04:00,17.729999542236328,17.7450008392334,17.729999542236328,17.739999771118164,0,0.0,0.0,0.0
2023-07-13 10:30:00-04:00,17.725000381469727,17.725000381469727,17.709999084472656,17.714099884033203,17289,0.0,0.0,0.0
2023-07-13 11:30:00-04:00,17.725000381469727,17.7450008392334,17.725000381469727,17.74169921875,3571,0.0,0.0,0.0
2023-07-13 12:30:00-04:00,17.75,17.770000457763672,17.75,17.7549991607666,34199,0.0,0.0,0.0
2023-07-13 13:30:00-04:00,17.7549991607666,17.769899368286133,17.75,17.764999389648438,13632,0.0,0.0,0.0
2023-07-13 14:30:00-04:00,17.764999389648438,17.774999618530273,17.764999389648438,17.774999618530273,0,0.0,0.0,0.0
2023-07-13 15:30:00-04:00,17.770000457763672,17.780000686645508,17.770000457763672,17.780000686645508,96549,0.0,0.0,0.0
2023-07-14 09:30:00-04:00,17.739999771118164,17.760000228881836,17.719999313354492,17.729999542236328,386925,0.0,0.0,0.0
2023-07-14 10:30:00-04:00,17.748600006103516,17.748600006103516,17.709999084472656,17.722999572753906,25478,0.0,0.0,0.0
2023-07-14 11:30:00-04:00,17.72010040283203,17.729999542236328,17.700000762939453,17.702499389648438,0,0.0,0.0,0.0
2023-07-14 12:30:00-04:00,17.704999923706055,17.709999084472656,17.704999923706055,17.709999084472656,423956,0.0,0.0,0.0
2023-07-14 13:30:00-04:00,17.700000762939453,17.700000762939453,17.690000534057617,17.690000534057617,8716,0.0,0.0,0.0
2023-07-14 14:30:00-04:00,17.69099998474121,17.69729995727539,17.670000076293945,17.670000076293945,10908,0.0,0.0,0.0
2023-07-14 15:30:00-04:00,17.670000076293945,17.670000076293945,17.670000076293945,17.670000076293945,230,0.0,0.0,0.0
2023-07-17 09:30:00-04:00,17.65999984741211,17.670000076293945,17.650999069213867,17.665000915527344,11022,0.0,0.0,0.0
2023-07-17 10:30:00-04:00,17.665000915527344,17.665000915527344,17.65999984741211,17.665000915527344,10290,0.0,0.0,0.0
2023-07-17 11:30:00-04:00,17.669300079345703,17.670000076293945,17.65999984741211,17.669200897216797,7568,0.0,0.0,0.0
2023-07-17 12:30:00-04:00,17.670000076293945,17.690000534057617,17.665000915527344,17.684999465942383,17610,0.0,0.0,0.0
2023-07-17 13:30:00-04:00,17.684999465942383,17.686399459838867,17.68000030517578,17.686399459838867,1014,0.0,0.0,0.0
2023-07-17 14:30:00-04:00,17.68630027770996,17.690000534057617,17.68000030517578,17.686399459838867,7108,0.0,0.0,0.0
2023-07-17 15:30:00-04:00,17.684999465942383,17.690000534057617,17.684999465942383,17.684999465942383,13919,0.0,0.0,0.0
2023-07-18 09:30:00-04:00,17.719999313354492,17.759899139404297,17.719999313354492,17.752500534057617,7008,0.0,0.0,0.0
2023-07-18 10:30:00-04:00,17.76650047302246,17.77669906616211,17.75,17.770000457763672,8455,0.0,0.0,0.0
2023-07-18 11:30:00-04:00,17.75,17.760000228881836,17.75,17.751800537109375,36739,0.0,0.0,0.0
2023-07-18 12:30:00-04:00,17.750099182128906,17.75029945373535,17.7450008392334,17.745500564575195,2653,0.0,0.0,0.0
2023-07-18 13:30:00-04:00,17.7450008392334,17.748899459838867,17.739999771118164,17.7450008392334,7319,0.0,0.0,0.0
2023-07-18 14:30:00-04:00,17.739999771118164,17.74880027770996,17.739999771118164,17.74810028076172,17185,0.0,0.0,0.0
2023-07-18 15:30:00-04:00,17.739999771118164,17.75,17.739999771118164,17.7450008392334,0,0.0,0.0,0.0
2023-07-19 09:30:00-04:00,17.760000228881836,17.770000457763672,17.7450008392334,17.7450008392334,8240,0.0,0.0,0.0
2023-07-19 10:30:00-04:00,17.741500854492188,17.749900817871094,17.729999542236328,17.749900817871094,32562,0.0,0.0,0.0
2023-07-19 11:30:00-04:00,17.75,17.75,17.739999771118164,17.740699768066406,6620,0.0,0.0,0.0
2023-07-19 12:30:00-04:00,17.740699768066406,17.7450008392334,17.740699768066406,17.7450008392334,10953,0.0,0.0,0.0
2023-07-19 13:30:00-04:00,17.7450008392334,17.7450008392334,17.743999481201172,17.743999481201172,1199,0.0,0.0,0.0
2023-07-19 14:30:00-04:00,17.7450008392334,17.75,17.743900299072266,17.749900817871094,7020,0.0,0.0,0.0
2023-07-19 15:30:00-04:00,17.75,17.7549991607666,17.7450008392334,17.7549991607666,12475,0.0,0.0,0.0
2023-07-20 09:30:00-04:00,17.709999084472656,17.709999084472656,17.65999984741211,17.65999984741211,2973,0.0,0.0,0.0
2023-07-20 10:30:00-04:00,17.650999069213867,17.655000686645508,17.643400192260742,17.644100189208984,3040,0.0,0.0,0.0
2023-07-20 11:30:00-04:00,17.649900436401367,17.655000686645508,17.635000228881836,17.635000228881836,15018,0.0,0.0,0.0
2023-07-20 12:30:00-04:00,17.649999618530273,17.649999618530273,17.6299991607666,17.639999389648438,7567,0.0,0.0,0.0
2023-07-20 13:30:00-04:00,17.640100479125977,17.647300720214844,17.639999389648438,17.639999389648438,8459,0.0,0.0,0.0
2023-07-20 14:30:00-04:00,17.645000457763672,17.645099639892578,17.645000457763672,17.645000457763672,3223,0.0,0.0,0.0
2023-07-20 15:30:00-04:00,17.649999618530273,17.649999618530273,17.641199111938477,17.645000457763672,4380,0.0,0.0,0.0
2023-07-21 09:30:00-04:00,17.690000534057617,17.690000534057617,17.67009925842285,17.68000030517578,1366,0.0,0.0,0.0
2023-07-21 10:30:00-04:00,17.670000076293945,17.689899444580078,17.666000366210938,17.689899444580078,4254,0.0,0.0,0.0
2023-07-21 11:30:00-04:00,17.684999465942383,17.690000534057617,17.674999237060547,17.683799743652344,5061,0.0,0.0,0.0
2023-07-21 12:30:00-04:00,17.684999465942383,17.684999465942383,17.65999984741211,17.678300857543945,10940,0.0,0.0,0.0
2023-07-21 13:30:00-04:00,17.677000045776367,17.677499771118164,17.670000076293945,17.670000076293945,5038,0.0,0.0,0.0
2023-07-21 14:30:00-04:00,17.679899215698242,17.679899215698242,17.663799285888672,17.66990089416504,12267,0.0,0.0,0.0
2023-07-21 15:30:00-04:00,17.666200637817383,17.670000076293945,17.66010093688965,17.665000915527344,4836,0.0,0.0,0.0
2023-07-24 09:30:00-04:00,17.719999313354492,17.719999313354492,17.700000762939453,17.71500015258789,4537,0.0,0.0,0.0
2023-07-24 10:30:00-04:00,17.709999084472656,17.716999053955078,17.692100524902344,17.692100524902344,5046,0.0,0.0,0.0
2023-07-24 11:30:00-04:00,17.694499969482422,17.699899673461914,17.68000030517578,17.68000030517578,4908,0.0,0.0,0.0
2023-07-24 12:30:00-04:00,17.676000595092773,17.690000534057617,17.676000595092773,17.680099487304688,17519,0.0,0.0,0.0
2023-07-24 13:30:00-04:00,17.674999237060547,17.68000030517578,17.67009925842285,17.68000030517578,3459,0.0,0.0,0.0
2023-07-24 14:30:00-04:00,17.68000030517578,17.68000030517578,17.673200607299805,17.68000030517578,13549,0.0,0.0,0.0
2023-07-24 15:30:00-04:00,17.668800354003906,17.690000534057617,17.65999984741211,17.670000076293945,38093,0.0,0.0,0.0
2023-07-25 09:30:00-04:00,17.610000610351562,17.635000228881836,17.610000610351562,17.635000228881836,4298,0.0,0.0,0.0
2023-07-25 10:30:00-04:00,17.624399185180664,17.628999710083008,17.6200008392334,17.628999710083008,5890,0.0,0.0,0.0
2023-07-25 11:30:00-04:00,17.629199981689453,17.6299991607666,17.6200008392334,17.6299991607666,3971,0.0,0.0,0.0
2023-07-25 12:30:00-04:00,17.629899978637695,17.629899978637695,17.610000610351562,17.6200008392334,13718,0.0,0.0,0.0
2023-07-25 13:30:00-04:00,17.611299514770508,17.6200008392334,17.611299514770508,17.614999771118164,5013,0.0,0.0,0.0
2023-07-25 14:30:00-04:00,17.616500854492188,17.616500854492188,17.611499786376953,17.61400032043457,1590,0.0,0.0,0.0
2023-07-25 15:30:00-04:00,17.6200008392334,17.6299991607666,17.610000610351562,17.6299991607666,13980,0.0,0.0,0.0
2023-07-26 09:30:00-04:00,17.649999618530273,17.650100708007812,17.64150047302246,17.650100708007812,0,0.0,0.0,0.0
2023-07-26 10:30:00-04:00,17.649999618530273,17.649999618530273,17.64459991455078,17.64459991455078,3208,0.0,0.0,0.0
2023-07-26 11:30:00-04:00,17.649900436401367,17.665000915527344,17.645000457763672,17.65999984741211,5205,0.0,0.0,0.0
2023-07-26 12:30:00-04:00,17.665000915527344,17.665000915527344,17.6299991607666,17.645000457763672,25639,0.0,0.0,0.0
2023-07-26 13:30:00-04:00,17.649999618530273,17.670000076293945,17.6299991607666,17.64889907836914,29351,0.0,0.0,0.0
2023-07-26 14:30:00-04:00,17.657499313354492,17.700000762939453,17.657499313354492,17.68600082397461,40243,0.0,0.0,0.0
2023-07-26 15:30:00-04:00,17.690000534057617,17.69499969482422,17.684999465942383,17.69499969482422,21589,0.0,0.0,0.0
2023-07-27 09:30:00-04:00,17.719999313354492,17.719999313354492,17.649999618530273,17.649999618530273,14826,0.0,0.0,0.0
2023-07-27 10:30:00-04:00,17.649999618530273,17.659900665283203,17.6299991607666,17.641000747680664,26712,0.0,0.0,0.0
2023-07-27 11:30:00-04:00,17.649999618530273,17.649999618530273,17.639999389648438,17.639999389648438,2908,0.0,0.0,0.0
2023-07-27 12:30:00-04:00,17.640600204467773,17.645000457763672,17.604999542236328,17.604999542236328,40130,0.0,0.0,0.0
2023-07-27 13:30:00-04:00,17.600000381469727,17.604999542236328,17.550100326538086,17.550100326538086,21166,0.0,0.0,0.0
2023-07-27 14:30:00-04:00,17.55500030517578,17.559999465942383,17.524999618530273,17.53499984741211,28047,0.0,0.0,0.0
2023-07-27 15:30:00-04:00,17.530000686645508,17.540000915527344,17.530000686645508,17.540000915527344,22503,0.0,0.0,0.0
2023-07-28 09:30:00-04:00,17.579999923706055,17.616100311279297,17.579999923706055,17.614999771118164,23335,0.0,0.0,0.0
2023-07-28 10:30:00-04:00,17.6200008392334,17.629100799560547,17.6200008392334,17.625,31306,0.0,0.0,0.0
2023-07-28 11:30:00-04:00,17.6200008392334,17.624099731445312,17.610000610351562,17.61989974975586,8828,0.0,0.0,0.0
2023-07-28 12:30:00-04:00,17.610000610351562,17.61989974975586,17.600000381469727,17.609899520874023,5273,0.0,0.0,0.0
2023-07-28 13:30:00-04:00,17.600000381469727,17.608699798583984,17.600000381469727,17.604999542236328,1698,0.0,0.0,0.0
2023-07-28 14:30:00-04:00,17.6200008392334,17.6200008392334,17.61009979248047,17.61709976196289,2495,0.0,0.0,0.0
2023-07-28 15:30:00-04:00,17.61009979248047,17.614999771118164,17.61009979248047,17.614999771118164,747,0.0,0.0,0.0
2023-07-31 09:30:00-04:00,17.6200008392334,17.655000686645508,17.6200008392334,17.655000686645508,0,0.0,0.0,0.0
2023-07-31 10:30:00-04:00,17.655000686645508,17.670000076293945,17.653499603271484,17.66010093688965,4064,0.0,0.0,0.0
2023-07-31 11:30:00-04:00,17.667299270629883,17.670000076293945,17.65999984741211,17.664899826049805,2202,0.0,0.0,0.0
2023-07-31 12:30:00-04:00,17.668399810791016,17.674999237060547,17.668399810791016,17.6737003326416,16490,0.0,0.0,0.0
2023-07-31 13:30:00-04:00,17.679899215698242,17.679899215698242,17.670000076293945,17.670000076293945,7366,0.0,0.0,0.0
2023-07-31 14:30:00-04:00,17.655799865722656,17.65999984741211,17.63010025024414,17.63010025024414,37402,0.0,0.0,0.0
2023-07-31 15:30:00-04:00,17.632099151611328,17.645000457763672,17.631500244140625,17.645000457763672,0,0.0,0.0,0.0
2023-08-01 09:30:00-04:00,17.510000228881836,17.520000457763672,17.486600875854492,17.486600875854492,3871,0.0,0.0,0.0
2023-08-01 10:30:00-04:00,17.48270034790039,17.499900817871094,17.464000701904297,17.464000701904297,7419,0.0,0.0,0.0
2023-08-01 11:30:00-04:00,17.469900131225586,17.469999313354492,17.46500015258789,17.469999313354492,3670,0.0,0.0,0.0
2023-08-01 12:30:00-04:00,17.459999084472656,17.467899322509766,17.453699111938477,17.459999084472656,12440,0.0,0.0,0.0
2023-08-01 13:30:00-04:00,17.454999923706055,17.454999923706055,17.453699111938477,17.454999923706055,1788,0.0,0.0,0.0
2023-08-01 14:30:00-04:00,17.454999923706055,17.459999084472656,17.450000762939453,17.450000762939453,1405,0.0,0.0,0.0
2023-08-01 15:30:00-04:00,17.454999923706055,17.459999084472656,17.450000762939453,17.459999084472656,4326,0.0,0.0,0.0
2023-08-02 09:30:00-04:00,17.3799991607666,17.397899627685547,17.364999771118164,17.364999771118164,6614,0.0,0.0,0.0
2023-08-02 10:30:00-04:00,17.364999771118164,17.364999771118164,17.325000762939453,17.334999084472656,4026,0.0,0.0,0.0
2023-08-02 11:30:00-04:00,17.334999084472656,17.359899520874023,17.334999084472656,17.359899520874023,4267,0.0,0.0,0.0
2023-08-02 12:30:00-04:00,17.360000610351562,17.384300231933594,17.360000610351562,17.384300231933594,5441,0.0,0.0,0.0
2023-08-02 13:30:00-04:00,17.387300491333008,17.387300491333008,17.3700008392334,17.375,7681,0.0,0.0,0.0
2023-08-02 14:30:00-04:00,17.374099731445312,17.3799991607666,17.374099731445312,17.375,3804,0.0,0.0,0.0
2023-08-02 15:30:00-04:00,17.375,17.3799991607666,17.37299919128418,17.3799991607666,3296,0.0,0.0,0.0
2023-08-03 09:30:00-04:00,17.270000457763672,17.280000686645508,17.2549991607666,17.25909996032715,9251,0.0,0.0,0.0
2023-08-03 10:30:00-04:00,17.260000228881836,17.289600372314453,17.253599166870117,17.28499984741211,27256,0.0,0.0,0.0
2023-08-03 11:30:00-04:00,17.280000686645508,17.280000686645508,17.260000228881836,17.2726993560791,16981,0.0,0.0,0.0
2023-08-03 12:30:00-04:00,17.27400016784668,17.299999237060547,17.270000457763672,17.280000686645508,4047,0.0,0.0,0.0
2023-08-03 13:30:00-04:00,17.274999618530273,17.27989959716797,17.270000457763672,17.275999069213867,5299,0.0,0.0,0.0
2023-08-03 14:30:00-04:00,17.280000686645508,17.280000686645508,17.260000228881836,17.264999389648438,292394,0.0,0.0,0.0
2023-08-03 15:30:00-04:00,17.264999389648438,17.270000457763672,17.263999938964844,17.270000457763672,3663,0.0,0.0,0.0
2023-08-04 09:30:00-04:00,17.360000610351562,17.405000686645508,17.360000610351562,17.390899658203125,44067,0.0,0.0,0.0
2023-08-04 10:30:00-04:00,17.399999618530273,17.40999984741211,17.389999389648438,17.405000686645508,29316,0.0,0.0,0.0
2023-08-04 11:30:00-04:00,17.405000686645508,17.420000076293945,17.401599884033203,17.415000915527344,91033,0.0,0.0,0.0
2023-08-04 12:30:00-04:00,17.420000076293945,17.424999237060547,17.420000076293945,17.424999237060547,33953,0.0,0.0,0.0
2023-08-04 13:30:00-04:00,17.421899795532227,17.43000030517578,17.420000076293945,17.420000076293945,19265,0.0,0.0,0.0
2023-08-04 14:30:00-04:00,17.420000076293945,17.420000076293945,17.415000915527344,17.420000076293945,11651,0.0,0.0,0.0
2023-08-04 15:30:00-04:00,17.40999984741211,17.420000076293945,17.40999984741211,17.415000915527344,14370,0.0,0.0,0.0
2023-08-07 09:30:00-04:00,17.440000534057617,17.440000534057617,17.430099487304688,17.437000274658203,47408,0.0,0.0,0.0
2023-08-07 10:30:00-04:00,17.418500900268555,17.418500900268555,17.399999618530273,17.40290069580078,4727,0.0,0.0,0.0
2023-08-07 11:30:00-04:00,17.400100708007812,17.402700424194336,17.399999618530273,17.399999618530273,523,0.0,0.0,0.0
2023-08-07 12:30:00-04:00,17.39109992980957,17.405000686645508,17.39109992980957,17.405000686645508,3602,0.0,0.0,0.0
2023-08-07 13:30:00-04:00,17.404399871826172,17.405000686645508,17.400100708007812,17.400100708007812,3454,0.0,0.0,0.0
2023-08-07 14:30:00-04:00,17.403900146484375,17.40999984741211,17.3799991607666,17.389999389648438,263348,0.0,0.0,0.0
2023-08-07 15:30:00-04:00,17.389999389648438,17.405000686645508,17.3799991607666,17.399999618530273,285244,0.0,0.0,0.0
2023-08-08 09:30:00-04:00,17.440000534057617,17.467500686645508,17.440000534057617,17.454999923706055,652260,0.0,0.0,0.0
2023-08-08 10:30:00-04:00,17.454999923706055,17.46500015258789,17.440000534057617,17.44499969482422,22744,0.0,0.0,0.0
2023-08-08 11:30:00-04:00,17.450000762939453,17.450000762939453,17.440000534057617,17.44499969482422,11365,0.0,0.0,0.0
2023-08-08 12:30:00-04:00,17.44499969482422,17.459999084472656,17.44499969482422,17.454999923706055,17143,0.0,0.0,0.0
2023-08-08 13:30:00-04:00,17.454999923706055,17.45989990234375,17.450000762939453,17.450000762939453,2132,0.0,0.0,0.0
2023-08-08 14:30:00-04:00,17.44499969482422,17.459999084472656,17.440000534057617,17.454999923706055,71822,0.0,0.0,0.0
2023-08-08 15:30:00-04:00,17.459999084472656,17.459999084472656,17.450000762939453,17.454999923706055,56570,0.0,0.0,0.0
2023-08-09 09:30:00-04:00,17.459999084472656,17.47010040283203,17.454999923706055,17.469999313354492,10150,0.0,0.0,0.0
2023-08-09 10:30:00-04:00,17.459999084472656,17.469999313354492,17.4507999420166,17.469999313354492,21894,0.0,0.0,0.0
2023-08-09 11:30:00-04:00,17.459999084472656,17.469999313354492,17.459999084472656,17.46500015258789,5786,0.0,0.0,0.0
2023-08-09 12:30:00-04:00,17.469900131225586,17.485000610351562,17.459999084472656,17.469999313354492,17916,0.0,0.0,0.0
2023-08-09 13:30:00-04:00,17.475000381469727,17.475099563598633,17.469999313354492,17.475099563598633,23890,0.0,0.0,0.0
2023-08-09 14:30:00-04:00,17.475000381469727,17.479999542236328,17.469999313354492,17.475000381469727,11598,0.0,0.0,0.0
2023-08-09 15:30:00-04:00,17.475000381469727,17.479999542236328,17.469999313354492,17.479999542236328,19612,0.0,0.0,0.0
2023-08-10 09:30:00-04:00,17.510000228881836,17.536500930786133,17.5,17.524999618530273,0,0.0,0.0,0.0
2023-08-10 10:30:00-04:00,17.520000457763672,17.524200439453125,17.489999771118164,17.489999771118164,0,0.0,0.0,0.0
2023-08-10 11:30:00-04:00,17.5,17.5,17.479999542236328,17.479999542236328,0,0.0,0.0,0.0
2023-08-10 12:30:00-04:00,17.489999771118164,17.489999771118164,17.469999313354492,17.469999313354492,70359,0.0,0.0,0.0
2023-08-10 13:30:00-04:00,17.440000534057617,17.440000534057617,17.399999618530273,17.417800903320312,9102,0.0,0.0,0.0
2023-08-10 14:30:00-04:00,17.400100708007812,17.420000076293945,17.400100708007812,17.40999984741211,18744,0.0,0.0,0.0
2023-08-10 15:30:00-04:00,17.406299591064453,17.40999984741211,17.399999618530273,17.399999618530273,7817,0.0,0.0,0.0
2023-08-11 09:30:00-04:00,17.350000381469727,17.350000381469727,17.33930015563965,17.350000381469727,4922,0.0,0.0,0.0
2023-08-11 10:30:00-04:00,17.3799991607666,17.389999389648438,17.34950065612793,17.350000381469727,9748,0.0,0.0,0.0
2023-08-11 11:30:00-04:00,17.343799591064453,17.350000381469727,17.229999542236328,17.334999084472656,234890,0.0,0.0,0.0
2023-08-11 12:30:00-04:00,17.334999084472656,17.34000015258789,17.329999923706055,17.330400466918945,6678,0.0,0.0,0.0
2023-08-11 13:30:00-04:00,17.33989906311035,17.33989906311035,17.329999923706055,17.329999923706055,1706,0.0,0.0,0.0
2023-08-11 14:30:00-04:00,17.33099937438965,17.33989906311035,17.329999923706055,17.334999084472656,10172,0.0,0.0,0.0
2023-08-11 15:30:00-04:00,17.329999923706055,17.3799991607666,17.329999923706055,17.3700008392334,75828,0.0,0.0,0.0
2023-08-14 09:30:00-04:00,17.329999923706055,17.329999923706055,17.27400016784668,17.290000915527344,94201,0.0,0.0,0.0
2023-08-14 10:30:00-04:00,17.300899505615234,17.31999969482422,17.300899505615234,17.31999969482422,1952,0.0,0.0,0.0
2023-08-14 11:30:00-04:00,17.325000762939453,17.329999923706055,17.309999465942383,17.329999923706055,415507,0.0,0.0,0.0
2023-08-14 12:30:00-04:00,17.32159996032715,17.33989906311035,17.31999969482422,17.321800231933594,3655,0.0,0.0,0.0
2023-08-14 13:30:00-04:00,17.320899963378906,17.320899963378906,17.309999465942383,17.315000534057617,4685,0.0,0.0,0.0
2023-08-14 14:30:00-04:00,17.309999465942383,17.309999465942383,17.299999237060547,17.305999755859375,3115,0.0,0.0,0.0
2023-08-14 15:30:00-04:00,17.309999465942383,17.309999465942383,17.299999237060547,17.299999237060547,9125,0.0,0.0,0.0
2023-08-15 09:30:00-04:00,17.270000457763672,17.280000686645508,17.24410057067871,17.270000457763672,29821,0.0,0.0,0.0
2023-08-15 10:30:00-04:00,17.270000457763672,17.280000686645508,17.264999389648438,17.264999389648438,12471,0.0,0.0,0.0
2023-08-15 11:30:00-04:00,17.270000457763672,17.280000686645508,17.270000457763672,17.27869987487793,6089,0.0,0.0,0.0
2023-08-15 12:30:00-04:00,17.260000228881836,17.260000228881836,17.250099182128906,17.2549991607666,3709,0.0,0.0,0.0
2023-08-15 13:30:00-04:00,17.257999420166016,17.257999420166016,17.25,17.25,6615,0.0,0.0,0.0
2023-08-15 14:30:00-04:00,17.24410057067871,17.2450008392334,17.233999252319336,17.235000610351562,6204,0.0,0.0,0.0
2023-08-15 15:30:00-04:00,17.23979949951172,17.239900588989258,17.225000381469727,17.229999542236328,20973,0.0,0.0,0.0
2023-08-16 09:30:00-04:00,17.219999313354492,17.260000228881836,17.219999313354492,17.25,30278,0.0,0.0,0.0
2023-08-16 10:30:00-04:00,17.25,17.2549991607666,17.243900299072266,17.243900299072266,4723,0.0,0.0,0.0
2023-08-16 11:30:00-04:00,17.239999771118164,17.239999771118164,17.209999084472656,17.21500015258789,6184,0.0,0.0,0.0
2023-08-16 12:30:00-04:00,17.215999603271484,17.219900131225586,17.208900451660156,17.208900451660156,3227,0.0,0.0,0.0
2023-08-16 13:30:00-04:00,17.201799392700195,17.222000122070312,17.19499969482422,17.222000122070312,1811,0.0,0.0,0.0
2023-08-16 14:30:00-04:00,17.219900131225586,17.219999313354492,17.171199798583984,17.171199798583984,22251,0.0,0.0,0.0
2023-08-16 15:30:00-04:00,17.18000030517578,17.196500778198242,17.18000030517578,17.190000534057617,18799,0.0,0.0,0.0
2023-08-17 09:30:00-04:00,17.170000076293945,17.17609977722168,17.13129997253418,17.140899658203125,5708,0.0,0.0,0.0
2023-08-17 10:30:00-04:00,17.137100219726562,17.137100219726562,17.1299991607666,17.13629913330078,17011,0.0,0.0,0.0
2023-08-17 11:30:00-04:00,17.129899978637695,17.1299991607666,17.107900619506836,17.1299991607666,3714,0.0,0.0,0.0
2023-08-17 12:30:00-04:00,17.129600524902344,17.129899978637695,17.1200008392334,17.1200008392334,3447,0.0,0.0,0.0
2023-08-17 13:30:00-04:00,17.104999542236328,17.109899520874023,17.100000381469727,17.104299545288086,8403,0.0,0.0,0.0
2023-08-17 14:30:00-04:00,17.110000610351562,17.118999481201172,17.100099563598633,17.100099563598633,36577,0.0,0.0,0.0
2023-08-17 15:30:00-04:00,17.100000381469727,17.149999618530273,17.100000381469727,17.139999389648438,30225,0.0,0.0,0.0
2023-08-18 09:30:00-04:00,17.100000381469727,17.149999618530273,17.100000381469727,17.147899627685547,92434,0.0,0.0,0.0
2023-08-18 10:30:00-04:00,17.16010093688965,17.174999237060547,17.15999984741211,17.174999237060547,2728,0.0,0.0,0.0
2023-08-18 11:30:00-04:00,17.17099952697754,17.174999237060547,17.170000076293945,17.174999237060547,32079,0.0,0.0,0.0
2023-08-18 12:30:00-04:00,17.170000076293945,17.17009925842285,17.160999298095703,17.17009925842285,2167,0.0,0.0,0.0
2023-08-18 13:30:00-04:00,17.153499603271484,17.15999984741211,17.149999618530273,17.149999618530273,7305,0.0,0.0,0.0
2023-08-18 14:30:00-04:00,17.149999618530273,17.149999618530273,17.1299991607666,17.139999389648438,10383,0.0,0.0,0.0
2023-08-18 15:30:00-04:00,17.13990020751953,17.145000457763672,17.135000228881836,17.145000457763672,10289,0.0,0.0,0.0
2023-08-21 09:30:00-04:00,17.110000610351562,17.110000610351562,17.075000762939453,17.075000762939453,7106,0.0,0.0,0.0
2023-08-21 10:30:00-04:00,17.065000534057617,17.06999969482422,17.049999237060547,17.049999237060547,17754,0.0,0.0,0.0
2023-08-21 11:30:00-04:00,17.051000595092773,17.059999465942383,17.049999237060547,17.05500030517578,9608,0.0,0.0,0.0
2023-08-21 12:30:00-04:00,17.056100845336914,17.065000534057617,17.05120086669922,17.065000534057617,3648,0.0,0.0,0.0
2023-08-21 13:30:00-04:00,17.06999969482422,17.06999969482422,17.066299438476562,17.066499710083008,2377,0.0,0.0,0.0
2023-08-21 14:30:00-04:00,17.065000534057617,17.08989906311035,17.061800003051758,17.08989906311035,2238,0.0,0.0,0.0
2023-08-21 15:30:00-04:00,17.084999084472656,17.09000015258789,17.079999923706055,17.084999084472656,7226,0.0,0.0,0.0
2023-08-22 09:30:00-04:00,17.100000381469727,17.100000381469727,17.06999969482422,17.084999084472656,61535,0.0,0.0,0.0
2023-08-22 10:30:00-04:00,17.079999923706055,17.094999313354492,17.075000762939453,17.094100952148438,4312,0.0,0.0,0.0
2023-08-22 11:30:00-04:00,17.09939956665039,17.109899520874023,17.09000015258789,17.094999313354492,20055,0.0,0.0,0.0
2023-08-22 12:30:00-04:00,17.094999313354492,17.100000381469727,17.094999313354492,17.094999313354492,4565,0.0,0.0,0.0
2023-08-22 13:30:00-04:00,17.09160041809082,17.09709930419922,17.091400146484375,17.094999313354492,2948,0.0,0.0,0.0
2023-08-22 14:30:00-04:00,17.094999313354492,17.100000381469727,17.09000015258789,17.094999313354492,29665,0.0,0.0,0.0
2023-08-22 15:30:00-04:00,17.091400146484375,17.096799850463867,17.08009910583496,17.084999084472656,51784,0.0,0.0,0.0
2023-08-23 09:30:00-04:00,17.209999084472656,17.235000610351562,17.200000762939453,17.235000610351562,0,0.0,0.0,0.0
2023-08-23 10:30:00-04:00,17.235700607299805,17.235700607299805,17.229999542236328,17.235000610351562,1553,0.0,0.0,0.0
2023-08-23 11:30:00-04:00,17.233299255371094,17.239900588989258,17.229999542236328,17.235000610351562,11656,0.0,0.0,0.0
2023-08-23 12:30:00-04:00,17.235000610351562,17.264999389648438,17.234100341796875,17.264999389648438,2904,0.0,0.0,0.0
2023-08-23 13:30:00-04:00,17.26409912109375,17.264999389648438,17.261899948120117,17.264999389648438,4023,0.0,0.0,0.0
2023-08-23 14:30:00-04:00,17.264999389648438,17.269899368286133,17.260099411010742,17.269899368286133,13021,0.0,0.0,0.0
2023-08-23 15:30:00-04:00,17.260000228881836,17.265600204467773,17.260000228881836,17.264999389648438,0,0.0,0.0,0.0
2023-08-24 09:30:00-04:00,17.280000686645508,17.280000686645508,17.270000457763672,17.270000457763672,2922,0.0,0.0,0.0
2023-08-24 10:30:00-04:00,17.2549991607666,17.263200759887695,17.249900817871094,17.249900817871094,3756,0.0,0.0,0.0
2023-08-24 11:30:00-04:00,17.239999771118164,17.25,17.229999542236328,17.239999771118164,8977,0.0,0.0,0.0
2023-08-24 12:30:00-04:00,17.235000610351562,17.260000228881836,17.235000610351562,17.2450008392334,3057,0.0,0.0,0.0
2023-08-24 13:30:00-04:00,17.239999771118164,17.25,17.229999542236328,17.230100631713867,4759,0.0,0.0,0.0
2023-08-24 14:30:00-04:00,17.23419952392578,17.23419952392578,17.225000381469727,17.225000381469727,10956,0.0,0.0,0.0
2023-08-24 15:30:00-04:00,17.225000381469727,17.229999542236328,17.225000381469727,17.229999542236328,0,0.0,0.0,0.0
2023-08-25 09:30:00-04:00,17.219999313354492,17.239999771118164,17.204999923706055,17.209999084472656,7940,0.0,0.0,0.0
2023-08-25 10:30:00-04:00,17.209999084472656,17.209999084472656,17.18000030517578,17.200000762939453,6148,0.0,0.0,0.0
2023-08-25 11:30:00-04:00,17.209999084472656,17.219999313354492,17.200000762939453,17.216400146484375,15781,0.0,0.0,0.0
2023-08-25 12:30:00-04:00,17.219999313354492,17.22410011291504,17.209999084472656,17.21150016784668,5820,0.0,0.0,0.0
2023-08-25 13:30:00-04:00,17.209999084472656,17.219999313354492,17.209999084472656,17.209999084472656,638,0.0,0.0,0.0
2023-08-25 14:30:00-04:00,17.225000381469727,17.229999542236328,17.219999313354492,17.219999313354492,2544,0.0,0.0,0.0
2023-08-25 15:30:00-04:00,17.221599578857422,17.229999542236328,17.221599578857422,17.229999542236328,3196,0.0,0.0,0.0
2023-08-28 09:30:00-04:00,17.260000228881836,17.273300170898438,17.25079917907715,17.25079917907715,19180,0.0,0.0,0.0
2023-08-28 10:30:00-04:00,17.2549991607666,17.2549991607666,17.2450008392334,17.250900268554688,2765,0.0,0.0,0.0
2023-08-28 11:30:00-04:00,17.2593994140625,17.260000228881836,17.25,17.258699417114258,3721,0.0,0.0,0.0
2023-08-28 12:30:00-04:00,17.255699157714844,17.266000747680664,17.250099182128906,17.260000228881836,15223,0.0,0.0,0.0
2023-08-28 13:30:00-04:00,17.264999389648438,17.270000457763672,17.260000228881836,17.270000457763672,2628,0.0,0.0,0.0
2023-08-28 14:30:00-04:00,17.264999389648438,17.270000457763672,17.260000228881836,17.26959991455078,36453,0.0,0.0,0.0
2023-08-28 15:30:00-04:00,17.260099411010742,17.280000686645508,17.260099411010742,17.280000686645508,3556,0.0,0.0,0.0
2023-08-29 09:30:00-04:00,17.270000457763672,17.350000381469727,17.270000457763672,17.350000381469727,8281,0.0,0.0,0.0
2023-08-29 10:30:00-04:00,17.360000610351562,17.360000610351562,17.334999084472656,17.349199295043945,14379,0.0,0.0,0.0
2023-08-29 11:30:00-04:00,17.350000381469727,17.3700008392334,17.350000381469727,17.3700008392334,7938,0.0,0.0,0.0
2023-08-29 12:30:00-04:00,17.360000610351562,17.379899978637695,17.360000610351562,17.379899978637695,5157,0.0,0.0,0.0
2023-08-29 13:30:00-04:00,17.372499465942383,17.375999450683594,17.371400833129883,17.375999450683594,3437,0.0,0.0,0.0
2023-08-29 14:30:00-04:00,17.378999710083008,17.3799991607666,17.3700008392334,17.3799991607666,15519,0.0,0.0,0.0
2023-08-29 15:30:00-04:00,17.389999389648438,17.395000457763672,17.382600784301758,17.387500762939453,10886,0.0,0.0,0.0
2023-08-30 09:30:00-04:00,17.43000030517578,17.43000030517578,17.424999237060547,17.43000030517578,13927,0.0,0.0,0.0
2023-08-30 10:30:00-04:00,17.420000076293945,17.43000030517578,17.41010093688965,17.415000915527344,40457,0.0,0.0,0.0
2023-08-30 11:30:00-04:00,17.43000030517578,17.43000030517578,17.416000366210938,17.420000076293945,5795,0.0,0.0,0.0
2023-08-30 12:30:00-04:00,17.42009925842285,17.423999786376953,17.41010093688965,17.41010093688965,2944,0.0,0.0,0.0
2023-08-30 13:30:00-04:00,17.420000076293945,17.420000076293945,17.41010093688965,17.41010093688965,3181,0.0,0.0,0.0
2023-08-30 14:30:00-04:00,17.410900115966797,17.410900115966797,17.399999618530273,17.40570068359375,3775,0.0,0.0,0.0
2023-08-30 15:30:00-04:00,17.400100708007812,17.405000686645508,17.390100479125977,17.399999618530273,0,0.0,0.0,0.0
2023-08-31 09:30:00-04:00,17.440000534057617,17.440000534057617,17.429899215698242,17.430099487304688,5726,0.0,0.0,0.0
2023-08-31 10:30:00-04:00,17.439899444580078,17.439899444580078,17.434099197387695,17.434999465942383,3462,0.0,0.0,0.0
2023-08-31 11:30:00-04:00,17.434999465942383,17.440000534057617,17.43000030517578,17.43000030517578,12598,0.0,0.0,0.0
2023-08-31 12:30:00-04:00,17.434999465942383,17.440000534057617,17.434999465942383,17.434999465942383,10649,0.0,0.0,0.0
2023-08-31 13:30:00-04:00,17.43000030517578,17.438199996948242,17.43000030517578,17.434999465942383,965,0.0,0.0,0.0
2023-08-31 14:30:00-04:00,17.43000030517578,17.43910026550293,17.43000030517578,17.43910026550293,7411,0.0,0.0,0.0
2023-08-31 15:30:00-04:00,17.43000030517578,17.440000534057617,17.43000030517578,17.440000534057617,11658,0.0,0.0,0.0
2023-09-01 09:30:00-04:00,17.399999618530273,17.399999618530273,17.329999923706055,17.34000015258789,18896,0.0,0.0,0.0
2023-09-01 10:30:00-04:00,17.321300506591797,17.321300506591797,17.309999465942383,17.31999969482422,3995,0.0,0.0,0.0
2023-09-01 11:30:00-04:00,17.290000915527344,17.299999237060547,17.290000915527344,17.299999237060547,5897,0.0,0.0,0.0
2023-09-01 12:30:00-04:00,17.299999237060547,17.302200317382812,17.299999237060547,17.299999237060547,16625,0.0,0.0,0.0
2023-09-01 13:30:00-04:00,17.301300048828125,17.309999465942383,17.301300048828125,17.309900283813477,3171,0.0,0.0,0.0
2023-09-01 14:30:00-04:00,17.306400299072266,17.306400299072266,17.306400299072266,17.306400299072266,862,0.0,0.0,0.0
2023-09-01 15:30:00-04:00,17.309999465942383,17.309999465942383,17.309999465942383,17.309999465942383,501,0.0,0.0,0.0
2023-09-05 09:30:00-04:00,17.280000686645508,17.280000686645508,17.216100692749023,17.219900131225586,10316,0.0,0.0,0.0
2023-09-05 10:30:00-04:00,17.214099884033203,17.21500015258789,17.209999084472656,17.213600158691406,3177,0.0,0.0,0.0
2023-09-05 11:30:00-04:00,17.209999084472656,17.219900131225586,17.208099365234375,17.214500427246094,5834,0.0,0.0,0.0
2023-09-05 12:30:00-04:00,17.21500015258789,17.21500015258789,17.200000762939453,17.200000762939453,4831,0.0,0.0,0.0
2023-09-05 13:30:00-04:00,17.20009994506836,17.20009994506836,17.191499710083008,17.191499710083008,9882,0.0,0.0,0.0
2023-09-05 14:30:00-04:00,17.195499420166016,17.200000762939453,17.184999465942383,17.189899444580078,6472,0.0,0.0,0.0
2023-09-05 15:30:00-04:00,17.18000030517578,17.190000534057617,17.18000030517578,17.190000534057617,0,0.0,0.0,0.0
2023-09-06 09:30:00-04:00,17.190000534057617,17.190000534057617,17.1299991607666,17.152099609375,23924,0.0,0.0,0.0
2023-09-06 10:30:00-04:00,17.139999389648438,17.149999618530273,17.120100021362305,17.125,9002,0.0,0.0,0.0
2023-09-06 11:30:00-04:00,17.125,17.1299991607666,17.1200008392334,17.129899978637695,7278,0.0,0.0,0.0
2023-09-06 12:30:00-04:00,17.125,17.129899978637695,17.120100021362305,17.124399185180664,2443,0.0,0.0,0.0
2023-09-06 13:30:00-04:00,17.1299991607666,17.1299991607666,17.12310028076172,17.129899978637695,4971,0.0,0.0,0.0
2023-09-06 14:30:00-04:00,17.1299991607666,17.1299991607666,17.1299991607666,17.1299991607666,288,0.0,0.0,0.0
2023-09-06 15:30:00-04:00,17.1200008392334,17.129899978637695,17.1200008392334,17.125,1169,0.0,0.0,0.0
2023-09-07 09:30:00-04:00,17.139999389648438,17.149999618530273,17.1299991607666,17.145700454711914,17453,0.0,0.0,0.0
2023-09-07 10:30:00-04:00,17.145000457763672,17.15019989013672,17.145000457763672,17.15019989013672,2755,0.0,0.0,0.0
2023-09-07 11:30:00-04:00,17.15999984741211,17.15999984741211,17.15130043029785,17.156099319458008,6118,0.0,0.0,0.0
2023-09-07 12:30:00-04:00,17.159900665283203,17.159900665283203,17.149999618530273,17.149999618530273,6207,0.0,0.0,0.0
2023-09-07 13:30:00-04:00,17.15399932861328,17.15999984741211,17.15399932861328,17.155000686645508,2208,0.0,0.0,0.0
2023-09-07 14:30:00-04:00,17.15999984741211,17.18000030517578,17.15999984741211,17.171199798583984,8927,0.0,0.0,0.0
2023-09-07 15:30:00-04:00,17.174999237060547,17.18899917602539,17.171199798583984,17.18899917602539,3881,0.0,0.0,0.0
2023-09-08 09:30:00-04:00,17.209999084472656,17.229900360107422,17.209999084472656,17.226200103759766,10346,0.0,0.0,0.0
2023-09-08 10:30:00-04:00,17.2278995513916,17.2278995513916,17.21500015258789,17.21500015258789,2540,0.0,0.0,0.0
2023-09-08 11:30:00-04:00,17.209999084472656,17.209999084472656,17.200000762939453,17.200000762939453,3920,0.0,0.0,0.0
2023-09-08 12:30:00-04:00,17.190900802612305,17.199899673461914,17.190900802612305,17.196199417114258,2726,0.0,0.0,0.0
2023-09-08 13:30:00-04:00,17.199899673461914,17.200000762939453,17.190000534057617,17.200000762939453,3746,0.0,0.0,0.0
2023-09-08 14:30:00-04:00,17.19499969482422,17.196199417114258,17.190000534057617,17.19499969482422,3401,0.0,0.0,0.0
2023-09-08 15:30:00-04:00,17.190000534057617,17.200000762939453,17.190000534057617,17.200000762939453,10110,0.0,0.0,0.0
2023-09-11 09:30:00-04:00,17.190000534057617,17.1919002532959,17.173099517822266,17.18000030517578,3980,0.0,0.0,0.0
2023-09-11 10:30:00-04:00,17.18000030517578,17.18000030517578,17.163999557495117,17.16510009765625,3805,0.0,0.0,0.0
2023-09-11 11:30:00-04:00,17.15999984741211,17.16990089416504,17.15999984741211,17.16990089416504,212,0.0,0.0,0.0
2023-09-11 12:30:00-04:00,17.161300659179688,17.161300659179688,17.161300659179688,17.161300659179688,862,0.0,0.0,0.0
2023-09-11 13:30:00-04:00,17.169099807739258,17.170000076293945,17.16010093688965,17.16990089416504,5571,0.0,0.0,0.0
2023-09-11 14:30:00-04:00,17.170000076293945,17.170000076293945,17.162900924682617,17.170000076293945,15053,0.0,0.0,0.0
2023-09-11 15:30:00-04:00,17.165000915527344,17.170000076293945,17.16010093688965,17.170000076293945,2207,0.0,0.0,0.0
2023-09-12 09:30:00-04:00,17.170000076293945,17.174999237060547,17.16010093688965,17.16010093688965,6212,0.0,0.0,0.0
2023-09-12 10:30:00-04:00,17.165000915527344,17.170000076293945,17.15999984741211,17.165000915527344,2503,0.0,0.0,0.0
2023-09-12 11:30:00-04:00,17.16900062561035,17.170000076293945,17.162900924682617,17.162900924682617,3328,0.0,0.0,0.0
2023-09-12 12:30:00-04:00,17.170000076293945,17.170000076293945,17.150100708007812,17.150100708007812,14949,0.0,0.0,0.0
2023-09-12 13:30:00-04:00,17.15999984741211,17.170000076293945,17.155000686645508,17.165000915527344,7546,0.0,0.0,0.0
2023-09-12 14:30:00-04:00,17.165000915527344,17.16990089416504,17.165000915527344,17.165000915527344,603,0.0,0.0,0.0
2023-09-12 15:30:00-04:00,17.170000076293945,17.170000076293945,17.165000915527344,17.165000915527344,9158,0.0,0.0,0.0
2023-09-13 09:30:00-04:00,17.139999389648438,17.19610023498535,17.139999389648438,17.18589973449707,0,0.0,0.0,0.0
2023-09-13 10:30:00-04:00,17.184999465942383,17.18939971923828,17.18000030517578,17.18000030517578,40435,0.0,0.0,0.0
2023-09-13 11:30:00-04:00,17.190000534057617,17.190000534057617,17.190000534057617,17.190000534057617,351,0.0,0.0,0.0
2023-09-13 12:30:00-04:00,17.199899673461914,17.219999313354492,17.195199966430664,17.219999313354492,12676,0.0,0.0,0.0
2023-09-13 13:30:00-04:00,17.21500015258789,17.219200134277344,17.21500015258789,17.219200134277344,5903,0.0,0.0,0.0
2023-09-13 14:30:00-04:00,17.209999084472656,17.215999603271484,17.204999923706055,17.212099075317383,14857,0.0,0.0,0.0
2023-09-13 15:30:00-04:00,17.21430015563965,17.219999313354492,17.209999084472656,17.219999313354492,6033,0.0,0.0,0.0
2023-09-14 09:30:00-04:00,17.219999313354492,17.25779914855957,17.219900131225586,17.219900131225586,10156,0.0,0.0,0.0
2023-09-14 10:30:00-04:00,17.22640037536621,17.25,17.219999313354492,17.229999542236328,2773,0.0,0.0,0.0
2023-09-14 11:30:00-04:00,17.229999542236328,17.229999542236328,17.219999313354492,17.219999313354492,2465,0.0,0.0,0.0
2023-09-14 12:30:00-04:00,17.219999313354492,17.2283992767334,17.209999084472656,17.21500015258789,16982,0.0,0.0,0.0
2023-09-14 13:30:00-04:00,17.218700408935547,17.218700408935547,17.20009994506836,17.21190071105957,5592,0.0,0.0,0.0
2023-09-14 14:30:00-04:00,17.215999603271484,17.215999603271484,17.209999084472656,17.209999084472656,3482,0.0,0.0,0.0
2023-09-14 15:30:00-04:00,17.20009994506836,17.219999313354492,17.200000762939453,17.219999313354492,0,0.0,0.0,0.0
2023-09-15 09:30:00-04:00,17.18000030517578,17.18000030517578,17.165000915527344,17.170000076293945,2252,0.0,0.0,0.0
2023-09-15 10:30:00-04:00,17.177900314331055,17.189899444580078,17.165000915527344,17.168899536132812,376924,0.0,0.0,0.0
2023-09-15 12:30:00-04:00,17.165000915527344,17.167999267578125,17.162900924682617,17.16629981994629,6588,0.0,0.0,0.0
2023-09-15 13:30:00-04:00,17.15999984741211,17.17889976501465,17.15999984741211,17.16010093688965,15908,0.0,0.0,0.0
2023-09-15 14:30:00-04:00,17.170000076293945,17.170000076293945,17.158700942993164,17.159500122070312,6902,0.0,0.0,0.0
2023-09-15 15:30:00-04:00,17.157400131225586,17.157400131225586,17.155500411987305,17.155500411987305,1173,0.0,0.0,0.0
2023-09-18 09:30:00-04:00,17.1200008392334,17.149900436401367,17.1200008392334,17.149900436401367,14287,0.0,0.0,0.0
2023-09-18 10:30:00-04:00,17.138900756835938,17.149999618530273,17.13629913330078,17.139999389648438,7883,0.0,0.0,0.0
2023-09-18 11:30:00-04:00,17.131200790405273,17.15999984741211,17.131200790405273,17.15999984741211,4952,0.0,0.0,0.0
2023-09-18 12:30:00-04:00,17.1643009185791,17.168800354003906,17.1643009185791,17.165000915527344,3989,0.0,0.0,0.0
2023-09-18 13:30:00-04:00,17.161100387573242,17.165000915527344,17.158899307250977,17.159900665283203,5224,0.0,0.0,0.0
2023-09-18 14:30:00-04:00,17.159900665283203,17.159900665283203,17.149999618530273,17.155000686645508,11344,0.0,0.0,0.0
2023-09-18 15:30:00-04:00,17.156299591064453,17.170000076293945,17.150100708007812,17.170000076293945,3070,0.0,0.0,0.0
2023-09-19 09:30:00-04:00,17.139999389648438,17.149999618530273,17.13990020751953,17.149999618530273,4534,0.0,0.0,0.0
2023-09-19 10:30:00-04:00,17.1471004486084,17.1471004486084,17.134000778198242,17.134000778198242,7603,0.0,0.0,0.0
2023-09-19 11:30:00-04:00,17.13640022277832,17.13640022277832,17.13640022277832,17.13640022277832,2020,0.0,0.0,0.0
2023-09-19 12:30:00-04:00,17.134199142456055,17.139999389648438,17.134199142456055,17.139299392700195,6444,0.0,0.0,0.0
2023-09-19 13:30:00-04:00,17.135000228881836,17.13610076904297,17.125,17.12649917602539,3000,0.0,0.0,0.0
2023-09-19 14:30:00-04:00,17.121200561523438,17.121200561523438,17.11319923400879,17.114999771118164,1984,0.0,0.0,0.0
2023-09-19 15:30:00-04:00,17.1200008392334,17.1299991607666,17.110000610351562,17.1299991607666,6077,0.0,0.0,0.0
2023-09-20 09:30:00-04:00,17.15999984741211,17.170000076293945,17.152000427246094,17.16200065612793,16574,0.0,0.0,0.0
2023-09-20 10:30:00-04:00,17.162500381469727,17.16990089416504,17.15999984741211,17.16900062561035,81024,0.0,0.0,0.0
2023-09-20 11:30:00-04:00,17.165000915527344,17.16990089416504,17.15999984741211,17.165000915527344,4345,0.0,0.0,0.0
2023-09-20 12:30:00-04:00,17.16119956970215,17.168699264526367,17.15999984741211,17.15999984741211,9201,0.0,0.0,0.0
2023-09-20 13:30:00-04:00,17.155000686645508,17.165000915527344,17.143999099731445,17.15180015563965,5010,0.0,0.0,0.0
2023-09-20 14:30:00-04:00,17.16990089416504,17.16990089416504,17.135000228881836,17.135000228881836,8041,0.0,0.0,0.0
2023-09-20 15:30:00-04:00,17.135000228881836,17.135000228881836,17.110000610351562,17.110000610351562,18374,0.0,0.0,0.0
2023-09-21 09:30:00-04:00,17.0,17.0049991607666,16.993999481201172,16.999300003051758,9165,0.0,0.0,0.0
2023-09-21 10:30:00-04:00,16.99970054626465,17.0,16.989999771118164,16.989999771118164,17700,0.0,0.0,0.0
2023-09-21 11:30:00-04:00,16.988800048828125,16.989900588989258,16.979999542236328,16.982200622558594,5399,0.0,0.0,0.0
2023-09-21 12:30:00-04:00,16.985000610351562,16.985000610351562,16.979999542236328,16.985000610351562,3339,0.0,0.0,0.0
2023-09-21 13:30:00-04:00,16.985000610351562,16.98590087890625,16.979999542236328,16.98110008239746,1717,0.0,0.0,0.0
2023-09-21 14:30:00-04:00,16.987899780273438,16.989999771118164,16.979999542236328,16.983299255371094,7401,0.0,0.0,0.0
2023-09-21 15:30:00-04:00,16.985000610351562,16.98590087890625,16.979999542236328,16.985000610351562,0,0.0,0.0,0.0
2023-09-22 09:30:00-04:00,16.989999771118164,17.0049991607666,16.985000610351562,17.0,8323,0.0,0.0,0.0
2023-09-22 10:30:00-04:00,17.010000228881836,17.039100646972656,17.010000228881836,17.030000686645508,5750,0.0,0.0,0.0
2023-09-22 11:30:00-04:00,17.030000686645508,17.03890037536621,17.030000686645508,17.03499984741211,15826,0.0,0.0,0.0
2023-09-22 12:30:00-04:00,17.030000686645508,17.039199829101562,17.030000686645508,17.039199829101562,1034,0.0,0.0,0.0
2023-09-22 13:30:00-04:00,17.038700103759766,17.039899826049805,17.020000457763672,17.020000457763672,2633,0.0,0.0,0.0
2023-09-22 14:30:00-04:00,17.02630043029785,17.02899932861328,17.020000457763672,17.024999618530273,2338,0.0,0.0,0.0
2023-09-22 15:30:00-04:00,17.029800415039062,17.030000686645508,17.029800415039062,17.030000686645508,3549,0.0,0.0,0.0
2023-09-25 09:30:00-04:00,16.920000076293945,16.939899444580078,16.920000076293945,16.939899444580078,3313,0.0,0.0,0.0
2023-09-25 10:30:00-04:00,16.93589973449707,16.959999084472656,16.934999465942383,16.950000762939453,10634,0.0,0.0,0.0
2023-09-25 11:30:00-04:00,16.950000762939453,16.959999084472656,16.949899673461914,16.95359992980957,19357,0.0,0.0,0.0
2023-09-25 12:30:00-04:00,16.954999923706055,16.954999923706055,16.950000762939453,16.950000762939453,2924,0.0,0.0,0.0
2023-09-25 13:30:00-04:00,16.950000762939453,16.950000762939453,16.940000534057617,16.94499969482422,10920,0.0,0.0,0.0
2023-09-25 14:30:00-04:00,16.940099716186523,16.948699951171875,16.924999237060547,16.934499740600586,13743,0.0,0.0,0.0
2023-09-25 15:30:00-04:00,16.934999465942383,16.939899444580078,16.934999465942383,16.934999465942383,0,0.0,0.0,0.0
2023-09-26 09:30:00-04:00,16.91390037536621,16.915000915527344,16.91390037536621,16.913999557495117,1888,0.0,0.0,0.0
2023-09-26 10:30:00-04:00,16.889999389648438,16.889999389648438,16.874000549316406,16.874000549316406,2913,0.0,0.0,0.0
2023-09-26 11:30:00-04:00,16.8799991607666,16.889999389648438,16.8799991607666,16.889999389648438,2564,0.0,0.0,0.0
2023-09-26 12:30:00-04:00,16.875,16.895000457763672,16.875,16.88279914855957,70287,0.0,0.0,0.0
2023-09-26 13:30:00-04:00,16.885000228881836,16.889999389648438,16.860000610351562,16.860000610351562,17067,0.0,0.0,0.0
2023-09-26 14:30:00-04:00,16.864999771118164,16.864999771118164,16.850099563598633,16.854999542236328,17885,0.0,0.0,0.0
2023-09-26 15:30:00-04:00,16.860000610351562,16.8700008392334,16.850000381469727,16.8700008392334,0,0.0,0.0,0.0
2023-09-27 09:30:00-04:00,16.90999984741211,16.90999984741211,16.887500762939453,16.896499633789062,12010,0.0,0.0,0.0
2023-09-27 10:30:00-04:00,16.85379981994629,16.85379981994629,16.85379981994629,16.85379981994629,2032,0.0,0.0,0.0
2023-09-27 11:30:00-04:00,16.84000015258789,16.84000015258789,16.815000534057617,16.815000534057617,13506,0.0,0.0,0.0
2023-09-27 12:30:00-04:00,16.8174991607666,16.8174991607666,16.77910041809082,16.780000686645508,3406,0.0,0.0,0.0
2023-09-27 13:30:00-04:00,16.780000686645508,16.780000686645508,16.764999389648438,16.778600692749023,3709,0.0,0.0,0.0
2023-09-27 14:30:00-04:00,16.780000686645508,16.809999465942383,16.780000686645508,16.800899505615234,6119,0.0,0.0,0.0
2023-09-27 15:30:00-04:00,16.799999237060547,16.809999465942383,16.790000915527344,16.790000915527344,11620,0.0,0.0,0.0
2023-09-28 09:30:00-04:00,16.739999771118164,16.75,16.727100372314453,16.7450008392334,9144,0.0,0.0,0.0
2023-09-28 10:30:00-04:00,16.739999771118164,16.764999389648438,16.729999542236328,16.764999389648438,6548,0.0,0.0,0.0
2023-09-28 11:30:00-04:00,16.770000457763672,16.799999237060547,16.761199951171875,16.795000076293945,4118,0.0,0.0,0.0
2023-09-28 12:30:00-04:00,16.799400329589844,16.799999237060547,16.790000915527344,16.795000076293945,24600,0.0,0.0,0.0
2023-09-28 13:30:00-04:00,16.795000076293945,16.799999237060547,16.790000915527344,16.79199981689453,11916,0.0,0.0,0.0
2023-09-28 14:30:00-04:00,16.795000076293945,16.8174991607666,16.794099807739258,16.815000534057617,10857,0.0,0.0,0.0
2023-09-28 15:30:00-04:00,16.815000534057617,16.84000015258789,16.814599990844727,16.84000015258789,0,0.0,0.0,0.0
2023-09-29 09:30:00-04:00,16.920000076293945,16.950000762939453,16.915000915527344,16.915000915527344,22097,0.0,0.0,0.0
2023-09-29 10:30:00-04:00,16.920000076293945,16.920000076293945,16.889999389648438,16.895000457763672,7598,0.0,0.0,0.0
2023-09-29 11:30:00-04:00,16.88990020751953,16.88990020751953,16.871299743652344,16.871400833129883,3796,0.0,0.0,0.0
2023-09-29 12:30:00-04:00,16.875,16.875,16.850099563598633,16.854999542236328,27892,0.0,0.0,0.0
2023-09-29 13:30:00-04:00,16.860000610351562,16.860000610351562,16.84000015258789,16.84000015258789,2999,0.0,0.0,0.0
2023-09-29 14:30:00-04:00,16.83989906311035,16.850000381469727,16.829999923706055,16.83989906311035,9123,0.0,0.0,0.0
2023-09-29 15:30:00-04:00,16.84000015258789,16.84000015258789,16.829999923706055,16.834999084472656,15274,0.0,0.0,0.0
2023-10-02 09:30:00-04:00,16.719999313354492,16.719999313354492,16.700000762939453,16.709999084472656,12002,0.0,0.0,0.0
2023-10-02 10:30:00-04:00,16.68000030517578,16.690000534057617,16.68000030517578,16.68000030517578,5670,0.0,0.0,0.0
2023-10-02 11:30:00-04:00,16.649999618530273,16.659000396728516,16.639999389648438,16.645000457763672,63251,0.0,0.0,0.0
2023-10-02 12:30:00-04:00,16.6471004486084,16.65999984741211,16.640100479125977,16.65999984741211,6476,0.0,0.0,0.0
2023-10-02 13:30:00-04:00,16.65999984741211,16.670000076293945,16.650400161743164,16.665000915527344,4912,0.0,0.0,0.0
2023-10-02 14:30:00-04:00,16.665000915527344,16.665000915527344,16.649999618530273,16.650100708007812,13973,0.0,0.0,0.0
2023-10-02 15:30:00-04:00,16.649999618530273,16.659900665283203,16.649999618530273,16.649999618530273,0,0.0,0.0,0.0
2023-10-03 09:30:00-04:00,16.600000381469727,16.600000381469727,16.540000915527344,16.54949951171875,11594,0.0,0.0,0.0
2023-10-03 10:30:00-04:00,16.540000915527344,16.549999237060547,16.510000228881836,16.510099411010742,3843,0.0,0.0,0.0
2023-10-03 11:30:00-04:00,16.510000228881836,16.534299850463867,16.5,16.52869987487793,2579,0.0,0.0,0.0
2023-10-03 12:30:00-04:00,16.52429962158203,16.52429962158203,16.510000228881836,16.517900466918945,1600,0.0,0.0,0.0
2023-10-03 13:30:00-04:00,16.510000228881836,16.510000228881836,16.459999084472656,16.459999084472656,16496,0.0,0.0,0.0
2023-10-03 14:30:00-04:00,16.460100173950195,16.475000381469727,16.420000076293945,16.475000381469727,293048,0.0,0.0,0.0
2023-10-03 15:30:00-04:00,16.475000381469727,16.479999542236328,16.469999313354492,16.469999313354492,0,0.0,0.0,0.0
2023-10-04 09:30:00-04:00,16.530000686645508,16.530000686645508,16.479999542236328,16.479999542236328,12072,0.0,0.0,0.0
2023-10-04 10:30:00-04:00,16.479999542236328,16.520000457763672,16.475000381469727,16.520000457763672,10460,0.0,0.0,0.0
2023-10-04 11:30:00-04:00,16.520000457763672,16.540000915527344,16.510000228881836,16.530000686645508,6281,0.0,0.0,0.0
2023-10-04 12:30:00-04:00,16.52389907836914,16.530000686645508,16.520000457763672,16.524999618530273,18374,0.0,0.0,0.0
2023-10-04 13:30:00-04:00,16.530000686645508,16.530000686645508,16.5049991607666,16.514999389648438,16093,0.0,0.0,0.0
2023-10-04 14:30:00-04:00,16.520000457763672,16.540000915527344,16.510000228881836,16.540000915527344,64771,0.0,0.0,0.0
2023-10-04 15:30:00-04:00,16.540000915527344,16.55500030517578,16.530000686645508,16.549999237060547,39037,0.0,0.0,0.0
2023-10-05 09:30:00-04:00,16.579999923706055,16.600000381469727,16.549999237060547,16.59000015258789,130978,0.0,0.0,0.0
2023-10-05 10:30:00-04:00,16.59000015258789,16.59000015258789,16.565000534057617,16.59000015258789,9130,0.0,0.0,0.0
2023-10-05 11:30:00-04:00,16.579999923706055,16.600000381469727,16.575000762939453,16.594999313354492,9939,0.0,0.0,0.0
2023-10-05 12:30:00-04:00,16.59000015258789,16.59000015258789,16.56999969482422,16.59000015258789,8847,0.0,0.0,0.0
2023-10-05 13:30:00-04:00,16.584999084472656,16.59000015258789,16.579999923706055,16.59000015258789,6933,0.0,0.0,0.0
2023-10-05 14:30:00-04:00,16.59000015258789,16.590999603271484,16.579999923706055,16.59000015258789,33822,0.0,0.0,0.0
2023-10-05 15:30:00-04:00,16.584999084472656,16.594999313354492,16.58009910583496,16.594999313354492,0,0.0,0.0,0.0
2023-10-06 09:30:00-04:00,16.440000534057617,16.489900588989258,16.440000534057617,16.489900588989258,19799,0.0,0.0,0.0
2023-10-06 10:30:00-04:00,16.5,16.520000457763672,16.5,16.520000457763672,1889,0.0,0.0,0.0
2023-10-06 11:30:00-04:00,16.540000915527344,16.565000534057617,16.530799865722656,16.545000076293945,17151,0.0,0.0,0.0
2023-10-06 12:30:00-04:00,16.545000076293945,16.55500030517578,16.534000396728516,16.55500030517578,1034,0.0,0.0,0.0
2023-10-06 13:30:00-04:00,16.559900283813477,16.559999465942383,16.54490089416504,16.55500030517578,10470,0.0,0.0,0.0
2023-10-06 14:30:00-04:00,16.565000534057617,16.565000534057617,16.55500030517578,16.559999465942383,680,0.0,0.0,0.0
2023-10-06 15:30:00-04:00,16.549999237060547,16.56999969482422,16.545000076293945,16.56999969482422,21030,0.0,0.0,0.0
2023-10-09 09:30:00-04:00,16.610000610351562,16.635000228881836,16.594999313354492,16.635000228881836,5471,0.0,0.0,0.0
2023-10-09 10:30:00-04:00,16.649999618530273,16.65999984741211,16.639999389648438,16.65920066833496,11067,0.0,0.0,0.0
2023-10-09 11:30:00-04:00,16.655000686645508,16.65999984741211,16.649999618530273,16.655899047851562,11777,0.0,0.0,0.0
2023-10-09 12:30:00-04:00,16.649799346923828,16.649799346923828,16.642000198364258,16.642000198364258,413,0.0,0.0,0.0
2023-10-09 13:30:00-04:00,16.649999618530273,16.690000534057617,16.649999618530273,16.690000534057617,20586,0.0,0.0,0.0
2023-10-09 14:30:00-04:00,16.684999465942383,16.69499969482422,16.68000030517578,16.684999465942383,12946,0.0,0.0,0.0
2023-10-09 15:30:00-04:00,16.679899215698242,16.719999313354492,16.674999237060547,16.719999313354492,30250,0.0,0.0,0.0
2023-10-10 09:30:00-04:00,16.65999984741211,16.6914005279541,16.65999984741211,16.6914005279541,0,0.0,0.0,0.0
2023-10-10 10:30:00-04:00,16.71500015258789,16.737499237060547,16.70400047302246,16.71500015258789,6757,0.0,0.0,0.0
2023-10-10 11:30:00-04:00,16.725000381469727,16.74410057067871,16.725000381469727,16.735000610351562,2498,0.0,0.0,0.0
2023-10-10 12:30:00-04:00,16.739999771118164,16.7450008392334,16.704999923706055,16.71500015258789,43799,0.0,0.0,0.0
2023-10-10 13:30:00-04:00,16.709999084472656,16.71500015258789,16.695899963378906,16.703899383544922,1972,0.0,0.0,0.0
2023-10-10 14:30:00-04:00,16.701200485229492,16.71500015258789,16.700000762939453,16.700000762939453,16119,0.0,0.0,0.0
2023-10-10 15:30:00-04:00,16.704999923706055,16.719999313354492,16.704999923706055,16.719999313354492,855,0.0,0.0,0.0
2023-10-11 09:30:00-04:00,16.790000915527344,16.790000915527344,16.780000686645508,16.790000915527344,4952,0.0,0.0,0.0
2023-10-11 10:30:00-04:00,16.78499984741211,16.78499984741211,16.77389907836914,16.774999618530273,1456,0.0,0.0,0.0
2023-10-11 11:30:00-04:00,16.774999618530273,16.799999237060547,16.770000457763672,16.770000457763672,11864,0.0,0.0,0.0
2023-10-11 12:30:00-04:00,16.763099670410156,16.764999389648438,16.739999771118164,16.7450008392334,5155,0.0,0.0,0.0
2023-10-11 13:30:00-04:00,16.739200592041016,16.764999389648438,16.735000610351562,16.7549991607666,7354,0.0,0.0,0.0
2023-10-11 14:30:00-04:00,16.754100799560547,16.77989959716797,16.75119972229004,16.774999618530273,7539,0.0,0.0,0.0
2023-10-11 15:30:00-04:00,16.774999618530273,16.809999465942383,16.774999618530273,16.809999465942383,5361,0.0,0.0,0.0
2023-10-12 09:30:00-04:00,16.770000457763672,16.770000457763672,16.719999313354492,16.729999542236328,0,0.0,0.0,0.0
2023-10-12 10:30:00-04:00,16.739999771118164,16.739999771118164,16.704999923706055,16.706300735473633,3621,0.0,0.0,0.0
2023-10-12 11:30:00-04:00,16.700000762939453,16.719999313354492,16.69770050048828,16.719999313354492,6565,0.0,0.0,0.0
2023-10-12 12:30:00-04:00,16.71500015258789,16.71500015258789,16.65999984741211,16.665000915527344,29867,0.0,0.0,0.0
2023-10-12 13:30:00-04:00,16.665000915527344,16.665000915527344,16.639999389648438,16.647499084472656,7038,0.0,0.0,0.0
2023-10-12 14:30:00-04:00,16.649900436401367,16.649999618530273,16.639999389648438,16.64539909362793,9976,0.0,0.0,0.0
2023-10-12 15:30:00-04:00,16.643600463867188,16.700000762939453,16.643600463867188,16.65999984741211,15907,0.0,0.0,0.0
2023-10-13 09:30:00-04:00,16.729999542236328,16.739999771118164,16.706300735473633,16.706300735473633,13633,0.0,0.0,0.0
2023-10-13 10:30:00-04:00,16.709999084472656,16.709999084472656,16.68000030517578,16.68000030517578,9816,0.0,0.0,0.0
2023-10-13 11:30:00-04:00,16.690000534057617,16.695199966430664,16.68000030517578,16.690399169921875,11711,0.0,0.0,0.0
2023-10-13 12:30:00-04:00,16.700000762939453,16.700000762939453,16.670000076293945,16.670000076293945,18187,0.0,0.0,0.0
2023-10-13 13:30:00-04:00,16.670000076293945,16.68000030517578,16.670000076293945,16.67970085144043,7742,0.0,0.0,0.0
2023-10-13 14:30:00-04:00,16.670000076293945,16.700000762939453,16.670000076293945,16.699899673461914,9139,0.0,0.0,0.0
2023-10-13 15:30:00-04:00,16.690000534057617,16.690000534057617,16.677900314331055,16.690000534057617,5796,0.0,0.0,0.0
2023-10-16 09:30:00-04:00,16.649999618530273,16.649999618530273,16.6205997467041,16.649999618530273,0,0.0,0.0,0.0
2023-10-16 10:30:00-04:00,16.645000457763672,16.649799346923828,16.640100479125977,16.649799346923828,394360,0.0,0.0,0.0
2023-10-16 11:30:00-04:00,16.64150047302246,16.64150047302246,16.625200271606445,16.625900268554688,2460,0.0,0.0,0.0
2023-10-16 12:30:00-04:00,16.62929916381836,16.6299991607666,16.6210994720459,16.6210994720459,1245,0.0,0.0,0.0
2023-10-16 13:30:00-04:00,16.639400482177734,16.639400482177734,16.620399475097656,16.6294002532959,3025,0.0,0.0,0.0
2023-10-16 14:30:00-04:00,16.628999710083008,16.639999389648438,16.627300262451172,16.63330078125,3560,0.0,0.0,0.0
2023-10-16 15:30:00-04:00,16.6299991607666,16.639999389648438,16.6299991607666,16.639999389648438,0,0.0,0.0,0.0
2023-10-17 09:30:00-04:00,16.510000228881836,16.541900634765625,16.510000228881836,16.530000686645508,17080,0.0,0.0,0.0
2023-10-17 10:30:00-04:00,16.524999618530273,16.531200408935547,16.524999618530273,16.531200408935547,3822,0.0,0.0,0.0
2023-10-17 11:30:00-04:00,16.540000915527344,16.549999237060547,16.540000915527344,16.545000076293945,13673,0.0,0.0,0.0
2023-10-17 12:30:00-04:00,16.54789924621582,16.54789924621582,16.530099868774414,16.530099868774414,641,0.0,0.0,0.0
2023-10-17 13:30:00-04:00,16.520099639892578,16.52359962463379,16.5,16.506000518798828,134943,0.0,0.0,0.0
2023-10-17 14:30:00-04:00,16.510000228881836,16.527700424194336,16.510000228881836,16.520000457763672,9532,0.0,0.0,0.0
2023-10-17 15:30:00-04:00,16.52750015258789,16.530000686645508,16.52750015258789,16.530000686645508,5354,0.0,0.0,0.0
2023-10-18 09:30:00-04:00,16.489999771118164,16.489999771118164,16.479999542236328,16.479999542236328,9596,0.0,0.0,0.0
2023-10-18 10:30:00-04:00,16.46150016784668,16.46150016784668,16.424999237060547,16.424999237060547,4864,0.0,0.0,0.0
2023-10-18 11:30:00-04:00,16.429899215698242,16.43000030517578,16.414100646972656,16.414100646972656,7161,0.0,0.0,0.0
2023-10-18 12:30:00-04:00,16.417499542236328,16.459999084472656,16.41390037536621,16.459999084472656,5079,0.0,0.0,0.0
2023-10-18 13:30:00-04:00,16.44499969482422,16.469999313354492,16.440000534057617,16.440000534057617,5472,0.0,0.0,0.0
2023-10-18 14:30:00-04:00,16.44610023498535,16.44610023498535,16.420000076293945,16.420000076293945,15040,0.0,0.0,0.0
2023-10-18 15:30:00-04:00,16.424999237060547,16.43000030517578,16.414100646972656,16.425500869750977,9350,0.0,0.0,0.0
2023-10-19 09:30:00-04:00,16.399999618530273,16.405000686645508,16.395000457763672,16.3971004486084,5065,0.0,0.0,0.0
2023-10-19 10:30:00-04:00,16.3799991607666,16.396699905395508,16.3799991607666,16.389999389648438,3788,0.0,0.0,0.0
2023-10-19 11:30:00-04:00,16.38129997253418,16.424999237060547,16.3799991607666,16.424999237060547,0,0.0,0.0,0.0
2023-10-19 12:30:00-04:00,16.381200790405273,16.405000686645508,16.360000610351562,16.405000686645508,402932,0.0,0.0,0.0
2023-10-19 13:30:00-04:00,16.395000457763672,16.395000457763672,16.360000610351562,16.364999771118164,10461,0.0,0.0,0.0
2023-10-19 14:30:00-04:00,16.364999771118164,16.364999771118164,16.344999313354492,16.354999542236328,27497,0.0,0.0,0.0
2023-10-19 15:30:00-04:00,16.356000900268555,16.360000610351562,16.350000381469727,16.360000610351562,0,0.0,0.0,0.0
2023-10-20 09:30:00-04:00,16.3799991607666,16.399999618530273,16.375,16.37649917602539,13400,0.0,0.0,0.0
2023-10-20 10:30:00-04:00,16.368000030517578,16.389999389648438,16.362600326538086,16.389999389648438,6893,0.0,0.0,0.0
2023-10-20 11:30:00-04:00,16.389999389648438,16.389999389648438,16.374000549316406,16.374000549316406,349,0.0,0.0,0.0
2023-10-20 12:30:00-04:00,16.3700008392334,16.389999389648438,16.3700008392334,16.389999389648438,3669,0.0,0.0,0.0
2023-10-20 13:30:00-04:00,16.385000228881836,16.39900016784668,16.385000228881836,16.39590072631836,11975,0.0,0.0,0.0
2023-10-20 14:30:00-04:00,16.391300201416016,16.391300201416016,16.385000228881836,16.385000228881836,5668,0.0,0.0,0.0
2023-10-20 15:30:00-04:00,16.38089942932129,16.399999618530273,16.3799991607666,16.389999389648438,5970,0.0,0.0,0.0
2023-10-23 09:30:00-04:00,16.34000015258789,16.415000915527344,16.334999084472656,16.415000915527344,0,0.0,0.0,0.0
2023-10-23 10:30:00-04:00,16.410200119018555,16.44499969482422,16.399999618530273,16.440000534057617,9206,0.0,0.0,0.0
2023-10-23 11:30:00-04:00,16.4414005279541,16.454999923706055,16.4414005279541,16.454999923706055,6536,0.0,0.0,0.0
2023-10-23 12:30:00-04:00,16.450000762939453,16.475000381469727,16.450000762939453,16.469999313354492,8338,0.0,0.0,0.0
2023-10-23 13:30:00-04:00,16.479900360107422,16.479900360107422,16.475000381469727,16.476200103759766,1336,0.0,0.0,0.0
2023-10-23 14:30:00-04:00,16.479799270629883,16.479900360107422,16.469999313354492,16.469999313354492,7208,0.0,0.0,0.0
2023-10-23 15:30:00-04:00,16.469999313354492,16.479999542236328,16.459999084472656,16.479999542236328,8847,0.0,0.0,0.0
2023-10-24 09:30:00-04:00,16.51409912109375,16.530000686645508,16.5,16.518800735473633,57376,0.0,0.0,0.0
2023-10-24 10:30:00-04:00,16.520000457763672,16.520000457763672,16.494800567626953,16.494800567626953,10269,0.0,0.0,0.0
2023-10-24 11:30:00-04:00,16.4950008392334,16.524999618530273,16.491100311279297,16.520000457763672,8602,0.0,0.0,0.0
2023-10-24 12:30:00-04:00,16.523700714111328,16.530000686645508,16.514999389648438,16.520099639892578,6894,0.0,0.0,0.0
2023-10-24 13:30:00-04:00,16.524999618530273,16.538999557495117,16.520000457763672,16.53499984741211,6952,0.0,0.0,0.0
2023-10-24 14:30:00-04:00,16.520099639892578,16.540000915527344,16.520099639892578,16.53499984741211,7686,0.0,0.0,0.0
2023-10-24 15:30:00-04:00,16.534700393676758,16.53499984741211,16.530000686645508,16.53499984741211,4713,0.0,0.0,0.0
2023-10-25 09:30:00-04:00,16.459999084472656,16.520000457763672,16.459999084472656,16.475000381469727,41703,0.0,0.0,0.0
2023-10-25 10:30:00-04:00,16.479999542236328,16.479999542236328,16.475000381469727,16.479999542236328,1888,0.0,0.0,0.0
2023-10-25 11:30:00-04:00,16.479999542236328,16.479999542236328,16.46109962463379,16.46109962463379,14873,0.0,0.0,0.0
2023-10-25 12:30:00-04:00,16.454999923706055,16.454999923706055,16.422100067138672,16.422100067138672,1161,0.0,0.0,0.0
2023-10-25 13:30:00-04:00,16.420000076293945,16.428499221801758,16.420000076293945,16.424999237060547,33692,0.0,0.0,0.0
2023-10-25 14:30:00-04:00,16.424999237060547,16.43000030517578,16.41010093688965,16.418800354003906,5622,0.0,0.0,0.0
2023-10-25 15:30:00-04:00,16.40999984741211,16.430099487304688,16.40999984741211,16.43000030517578,8269,0.0,0.0,0.0
2023-10-26 09:30:00-04:00,16.43000030517578,16.450000762939453,16.43000030517578,16.44499969482422,0,0.0,0.0,0.0
2023-10-26 10:30:00-04:00,16.440000534057617,16.461000442504883,16.440000534057617,16.454999923706055,1864,0.0,0.0,0.0
2023-10-26 11:30:00-04:00,16.450000762939453,16.459999084472656,16.440399169921875,16.44499969482422,10057,0.0,0.0,0.0
2023-10-26 12:30:00-04:00,16.44499969482422,16.469999313354492,16.44499969482422,16.469999313354492,4695,0.0,0.0,0.0
2023-10-26 13:30:00-04:00,16.46109962463379,16.489299774169922,16.46109962463379,16.48419952392578,7555,0.0,0.0,0.0
2023-10-26 14:30:00-04:00,16.48110008239746,16.50749969482422,16.48110008239746,16.5,18798,0.0,0.0,0.0
2023-10-26 15:30:00-04:00,16.5,16.520000457763672,16.499900817871094,16.520000457763672,10318,0.0,0.0,0.0
2023-10-27 09:30:00-04:00,16.489999771118164,16.529199600219727,16.489999771118164,16.520000457763672,452690,0.0,0.0,0.0
2023-10-27 10:30:00-04:00,16.50309944152832,16.510000228881836,16.50119972229004,16.50909996032715,1450,0.0,0.0,0.0
2023-10-27 11:30:00-04:00,16.5,16.509000778198242,16.492300033569336,16.492300033569336,3478,0.0,0.0,0.0
2023-10-27 12:30:00-04:00,16.475000381469727,16.479999542236328,16.47089958190918,16.47640037536621,14733,0.0,0.0,0.0
2023-10-27 13:30:00-04:00,16.475000381469727,16.490999221801758,16.475000381469727,16.479999542236328,3849,0.0,0.0,0.0
2023-10-27 14:30:00-04:00,16.479999542236328,16.489999771118164,16.479999542236328,16.485000610351562,63908,0.0,0.0,0.0
2023-10-27 15:30:00-04:00,16.485000610351562,16.489500045776367,16.485000610351562,16.485000610351562,1227,0.0,0.0,0.0
2023-10-30 09:30:00-04:00,16.479999542236328,16.5093994140625,16.479999542236328,16.489700317382812,0,0.0,0.0,0.0
2023-10-30 10:30:00-04:00,16.459999084472656,16.49519920349121,16.459999084472656,16.49519920349121,12928,0.0,0.0,0.0
2023-10-30 12:30:00-04:00,16.485000610351562,16.485000610351562,16.479999542236328,16.480100631713867,4830,0.0,0.0,0.0
2023-10-30 13:30:00-04:00,16.48270034790039,16.498899459838867,16.479999542236328,16.489999771118164,71173,0.0,0.0,0.0
2023-10-30 14:30:00-04:00,16.491199493408203,16.501100540161133,16.489999771118164,16.492000579833984,56483,0.0,0.0,0.0
2023-10-30 15:30:00-04:00,16.489999771118164,16.489999771118164,16.469999313354492,16.470500946044922,10424,0.0,0.0,0.0
2023-10-31 09:30:00-04:00,16.520000457763672,16.549999237060547,16.510000228881836,16.549999237060547,12593,0.0,0.0,0.0
2023-10-31 10:30:00-04:00,16.53499984741211,16.53499984741211,16.53339958190918,16.53339958190918,2983,0.0,0.0,0.0
2023-10-31 11:30:00-04:00,16.540000915527344,16.540000915527344,16.520099639892578,16.524999618530273,28909,0.0,0.0,0.0
2023-10-31 12:30:00-04:00,16.520200729370117,16.530000686645508,16.520000457763672,16.520000457763672,18188,0.0,0.0,0.0
2023-10-31 13:30:00-04:00,16.515100479125977,16.515100479125977,16.510000228881836,16.510099411010742,4184,0.0,0.0,0.0
2023-10-31 14:30:00-04:00,16.510000228881836,16.530000686645508,16.510000228881836,16.52589988708496,24159,0.0,0.0,0.0
2023-10-31 15:30:00-04:00,16.524999618530273,16.524999618530273,16.510000228881836,16.520000457763672,6751,0.0,0.0,0.0
2023-11-01 09:30:00-04:00,16.5,16.569900512695312,16.485000610351562,16.569499969482422,7153,0.0,0.0,0.0
2023-11-01 10:30:00-04:00,16.560199737548828,16.56999969482422,16.530000686645508,16.53499984741211,24387,0.0,0.0,0.0
2023-11-01 11:30:00-04:00,16.53499984741211,16.536699295043945,16.530000686645508,16.530000686645508,3804,0.0,0.0,0.0
2023-11-01 12:30:00-04:00,16.53499984741211,16.53499984741211,16.520099639892578,16.528799057006836,5673,0.0,0.0,0.0
2023-11-01 13:30:00-04:00,16.530000686645508,16.56999969482422,16.524999618530273,16.540000915527344,5173,0.0,0.0,0.0
2023-11-01 14:30:00-04:00,16.559999465942383,16.575000762939453,16.53499984741211,16.575000762939453,5847,0.0,0.0,0.0
2023-11-01 15:30:00-04:00,16.59000015258789,16.635000228881836,16.59000015258789,16.6299991607666,55876,0.0,0.0,0.0
2023-11-02 09:30:00-04:00,16.780000686645508,16.809999465942383,16.780000686645508,16.799999237060547,6214,0.0,0.0,0.0
2023-11-02 10:30:00-04:00,16.79949951171875,16.81999969482422,16.780000686645508,16.790000915527344,13301,0.0,0.0,0.0
2023-11-02 11:30:00-04:00,16.78499984741211,16.799999237060547,16.760000228881836,16.760000228881836,13002,0.0,0.0,0.0
2023-11-02 12:30:00-04:00,16.764999389648438,16.770000457763672,16.760000228881836,16.76409912109375,13497,0.0,0.0,0.0
2023-11-02 13:30:00-04:00,16.770000457763672,16.799999237060547,16.770000457763672,16.795000076293945,9257,0.0,0.0,0.0
2023-11-02 14:30:00-04:00,16.790000915527344,16.799999237060547,16.780000686645508,16.799999237060547,26004,0.0,0.0,0.0
2023-11-02 15:30:00-04:00,16.795000076293945,16.80500030517578,16.790000915527344,16.802400588989258,0,0.0,0.0,0.0
2023-11-03 09:30:00-04:00,16.969999313354492,16.989999771118164,16.94499969482422,16.94499969482422,8988,0.0,0.0,0.0
2023-11-03 10:30:00-04:00,16.950000762939453,16.977399826049805,16.940000534057617,16.959999084472656,5812,0.0,0.0,0.0
2023-11-03 11:30:00-04:00,16.969999313354492,16.969999313354492,16.950000762939453,16.950000762939453,29675,0.0,0.0,0.0
2023-11-03 12:30:00-04:00,16.959999084472656,16.989999771118164,16.959999084472656,16.979999542236328,3637,0.0,0.0,0.0
2023-11-03 13:30:00-04:00,16.960100173950195,16.979999542236328,16.960100173950195,16.979999542236328,8464,0.0,0.0,0.0
2023-11-03 14:30:00-04:00,16.985000610351562,16.985000610351562,16.969999313354492,16.974000930786133,2569,0.0,0.0,0.0
2023-11-03 15:30:00-04:00,16.975000381469727,16.975000381469727,16.954999923706055,16.969999313354492,8687,0.0,0.0,0.0
2023-11-06 09:30:00-05:00,16.940000534057617,16.940000534057617,16.890100479125977,16.890100479125977,0,0.0,0.0,0.0
2023-11-06 10:30:00-05:00,16.890100479125977,16.899999618530273,16.889999389648438,16.890600204467773,11498,0.0,0.0,0.0
2023-11-06 11:30:00-05:00,16.891199111938477,16.899999618530273,16.890100479125977,16.89539909362793,4914,0.0,0.0,0.0
2023-11-06 12:30:00-05:00,16.8799991607666,16.885000228881836,16.875,16.875,29783,0.0,0.0,0.0
2023-11-06 13:30:00-05:00,16.875,16.8799991607666,16.870100021362305,16.875,2402,0.0,0.0,0.0
2023-11-06 14:30:00-05:00,16.875,16.875999450683594,16.854999542236328,16.854999542236328,17440,0.0,0.0,0.0
2023-11-06 15:30:00-05:00,16.860000610351562,16.8799991607666,16.850000381469727,16.8700008392334,0,0.0,0.0,0.0
2023-11-07 09:30:00-05:00,16.860000610351562,16.899999618530273,16.860000610351562,16.884000778198242,28257,0.0,0.0,0.0
2023-11-07 10:30:00-05:00,16.889999389648438,16.899999618530273,16.889999389648438,16.889999389648438,1416,0.0,0.0,0.0
2023-11-07 11:30:00-05:00,16.890300750732422,16.895000457763672,16.8799991607666,16.8799991607666,24761,0.0,0.0,0.0
2023-11-07 12:30:00-05:00,16.885000228881836,16.905000686645508,16.875,16.903400421142578,14516,0.0,0.0,0.0
2023-11-07 13:30:00-05:00,16.904600143432617,16.91550064086914,16.899999618530273,16.915000915527344,7256,0.0,0.0,0.0
2023-11-07 14:30:00-05:00,16.920000076293945,16.920000076293945,16.90999984741211,16.919099807739258,4020,0.0,0.0,0.0
2023-11-07 15:30:00-05:00,16.91990089416504,16.91990089416504,16.895000457763672,16.899999618530273,16690,0.0,0.0,0.0
2023-11-08 09:30:00-05:00,16.90999984741211,16.950000762939453,16.90999984741211,16.920000076293945,22828,0.0,0.0,0.0
2023-11-08 10:30:00-05:00,16.93000030517578,16.959999084472656,16.93000030517578,16.950000762939453,9830,0.0,0.0,0.0
2023-11-08 11:30:00-05:00,16.950000762939453,16.959999084472656,16.940000534057617,16.940000534057617,2829,0.0,0.0,0.0
2023-11-08 12:30:00-05:00,16.950000762939453,16.950000762939453,16.937999725341797,16.949899673461914,4946,0.0,0.0,0.0
2023-11-08 13:30:00-05:00,16.950000762939453,16.967899322509766,16.949899673461914,16.950000762939453,24241,0.0,0.0,0.0
2023-11-08 14:30:00-05:00,16.950000762939453,16.950000762939453,16.93000030517578,16.934999465942383,48570,0.0,0.0,0.0
2023-11-08 15:30:00-05:00,16.934999465942383,16.954999923706055,16.93000030517578,16.950000762939453,36885,0.0,0.0,0.0
2023-11-09 09:30:00-05:00,16.950000762939453,16.950000762939453,16.915000915527344,16.920000076293945,0,0.0,0.0,0.0
2023-11-09 10:30:00-05:00,16.91010093688965,16.920000076293945,16.91010093688965,16.91309928894043,213027,0.0,0.0,0.0
2023-11-09 11:30:00-05:00,16.915700912475586,16.919700622558594,16.90999984741211,16.915000915527344,14709,0.0,0.0,0.0
2023-11-09 12:30:00-05:00,16.90999984741211,16.915000915527344,16.844999313354492,16.885000228881836,2594,0.0,0.0,0.0
2023-11-09 13:30:00-05:00,16.869699478149414,16.8799991607666,16.841100692749023,16.841100692749023,3852,0.0,0.0,0.0
2023-11-09 14:30:00-05:00,16.844200134277344,16.844200134277344,16.83009910583496,16.834999084472656,12395,0.0,0.0,0.0
2023-11-09 15:30:00-05:00,16.83009910583496,16.84000015258789,16.82200050354004,16.829999923706055,0,0.0,0.0,0.0
2023-11-10 09:30:00-05:00,16.875,16.875,16.860000610351562,16.860000610351562,5394,0.0,0.0,0.0
2023-11-10 10:30:00-05:00,16.864999771118164,16.874099731445312,16.860000610351562,16.869699478149414,12605,0.0,0.0,0.0
2023-11-10 11:30:00-05:00,16.860000610351562,16.868499755859375,16.851200103759766,16.859899520874023,14483,0.0,0.0,0.0
2023-11-10 12:30:00-05:00,16.860000610351562,16.860000610351562,16.842300415039062,16.842300415039062,2149,0.0,0.0,0.0
2023-11-10 14:30:00-05:00,16.850000381469727,16.854999542236328,16.84000015258789,16.84000015258789,5991,0.0,0.0,0.0
2023-11-10 15:30:00-05:00,16.850000381469727,16.85110092163086,16.850000381469727,16.850000381469727,1851,0.0,0.0,0.0
2023-11-13 09:30:00-05:00,16.829999923706055,16.829999923706055,16.791500091552734,16.815000534057617,0,0.0,0.0,0.0
2023-11-13 10:30:00-05:00,16.815000534057617,16.81999969482422,16.810100555419922,16.81999969482422,4012,0.0,0.0,0.0
2023-11-13 11:30:00-05:00,16.834999084472656,16.850000381469727,16.834999084472656,16.850000381469727,2280,0.0,0.0,0.0
2023-11-13 12:30:00-05:00,16.850900650024414,16.850900650024414,16.850099563598633,16.850099563598633,2629,0.0,0.0,0.0
2023-11-13 13:30:00-05:00,16.850000381469727,16.850000381469727,16.844999313354492,16.844999313354492,3751,0.0,0.0,0.0
2023-11-13 14:30:00-05:00,16.860000610351562,16.860000610351562,16.84000015258789,16.84000015258789,17028,0.0,0.0,0.0
2023-11-13 15:30:00-05:00,16.850000381469727,16.86989974975586,16.84819984436035,16.864999771118164,13739,0.0,0.0,0.0
2023-11-14 09:30:00-05:00,17.049999237060547,17.104999542236328,17.049999237060547,17.100000381469727,0,0.0,0.0,0.0
2023-11-14 10:30:00-05:00,17.103500366210938,17.110000610351562,17.100000381469727,17.10099983215332,14588,0.0,0.0,0.0
2023-11-14 11:30:00-05:00,17.104999542236328,17.109899520874023,17.09000015258789,17.09000015258789,20158,0.0,0.0,0.0
2023-11-14 12:30:00-05:00,17.083499908447266,17.09000015258789,17.079999923706055,17.079999923706055,14473,0.0,0.0,0.0
2023-11-14 13:30:00-05:00,17.084999084472656,17.09000015258789,17.08099937438965,17.09000015258789,12770,0.0,0.0,0.0
2023-11-14 14:30:00-05:00,17.08009910583496,17.1299991607666,17.08009910583496,17.114999771118164,40461,0.0,0.0,0.0
2023-11-14 15:30:00-05:00,17.1200008392334,17.1200008392334,17.100000381469727,17.104999542236328,0,0.0,0.0,0.0
2023-11-15 09:30:00-05:00,17.06999969482422,17.06999969482422,17.030099868774414,17.040000915527344,13560,0.0,0.0,0.0
2023-11-15 10:30:00-05:00,17.040000915527344,17.049999237060547,17.040000915527344,17.049999237060547,4222,0.0,0.0,0.0
2023-11-15 11:30:00-05:00,17.049999237060547,17.059099197387695,17.010000228881836,17.024999618530273,8626,0.0,0.0,0.0
2023-11-15 12:30:00-05:00,17.03499984741211,17.03499984741211,17.030099868774414,17.030099868774414,438,0.0,0.0,0.0
2023-11-15 13:30:00-05:00,17.010099411010742,17.02400016784668,17.010099411010742,17.023700714111328,3712,0.0,0.0,0.0
2023-11-15 14:30:00-05:00,17.024999618530273,17.030000686645508,17.020999908447266,17.030000686645508,7935,0.0,0.0,0.0
2023-11-15 15:30:00-05:00,17.03969955444336,17.040000915527344,17.030000686645508,17.038999557495117,6585,0.0,0.0,0.0
2023-11-16 09:30:00-05:00,17.09000015258789,17.1299991607666,17.0841007232666,17.1200008392334,19973,0.0,0.0,0.0
2023-11-16 10:30:00-05:00,17.125,17.125,17.084999084472656,17.084999084472656,18237,0.0,0.0,0.0
2023-11-16 11:30:00-05:00,17.08919906616211,17.09000015258789,17.075000762939453,17.081100463867188,7142,0.0,0.0,0.0
2023-11-16 12:30:00-05:00,17.094999313354492,17.11989974975586,17.094100952148438,17.110000610351562,8146,0.0,0.0,0.0
2023-11-16 13:30:00-05:00,17.119199752807617,17.119199752807617,17.100000381469727,17.117700576782227,6429,0.0,0.0,0.0
2023-11-16 14:30:00-05:00,17.11750030517578,17.11989974975586,17.11039924621582,17.11039924621582,1778,0.0,0.0,0.0
2023-11-16 15:30:00-05:00,17.110000610351562,17.110000610351562,17.10070037841797,17.110000610351562,2813,0.0,0.0,0.0
2023-11-17 09:30:00-05:00,17.1200008392334,17.129899978637695,17.104999542236328,17.104999542236328,4243,0.0,0.0,0.0
2023-11-17 10:30:00-05:00,17.124000549316406,17.125,17.124000549316406,17.125,1706,0.0,0.0,0.0
2023-11-17 11:30:00-05:00,17.119300842285156,17.12150001525879,17.11009979248047,17.12150001525879,3696,0.0,0.0,0.0
2023-11-17 12:30:00-05:00,17.120100021362305,17.129199981689453,17.120100021362305,17.129199981689453,1824,0.0,0.0,0.0
2023-11-17 13:30:00-05:00,17.1299991607666,17.15999984741211,17.1299991607666,17.140100479125977,5046,0.0,0.0,0.0
2023-11-17 14:30:00-05:00,17.146099090576172,17.146299362182617,17.146099090576172,17.146299362182617,3075,0.0,0.0,0.0
2023-11-17 15:30:00-05:00,17.140100479125977,17.149999618530273,17.139999389648438,17.145000457763672,12380,0.0,0.0,0.0
2023-11-20 09:30:00-05:00,17.15999984741211,17.15999984741211,17.139999389648438,17.139999389648438,0,0.0,0.0,0.0
2023-11-20 10:30:00-05:00,17.149999618530273,17.149999618530273,17.140100479125977,17.141199111938477,5141,0.0,0.0,0.0
2023-11-20 11:30:00-05:00,17.14900016784668,17.166799545288086,17.145000457763672,17.166799545288086,5392,0.0,0.0,0.0
2023-11-20 12:30:00-05:00,17.165000915527344,17.200000762939453,17.15999984741211,17.200000762939453,1866,0.0,0.0,0.0
2023-11-20 13:30:00-05:00,17.200000762939453,17.200000762939453,17.190099716186523,17.200000762939453,6536,0.0,0.0,0.0
2023-11-20 14:30:00-05:00,17.184999465942383,17.190000534057617,17.181100845336914,17.184999465942383,5927,0.0,0.0,0.0
2023-11-20 15:30:00-05:00,17.184999465942383,17.200000762939453,17.184999465942383,17.200000762939453,18474,0.0,0.0,0.0
2023-11-21 09:30:00-05:00,17.219999313354492,17.23889923095703,17.219999313354492,17.230300903320312,0,0.0,0.0,0.0
2023-11-21 10:30:00-05:00,17.229900360107422,17.239999771118164,17.209999084472656,17.229999542236328,17317,0.0,0.0,0.0
2023-11-21 11:30:00-05:00,17.22010040283203,17.229999542236328,17.22010040283203,17.229999542236328,4491,0.0,0.0,0.0
2023-11-21 12:30:00-05:00,17.219999313354492,17.228900909423828,17.204999923706055,17.204999923706055,8585,0.0,0.0,0.0
2023-11-21 13:30:00-05:00,17.190099716186523,17.207700729370117,17.190099716186523,17.207700729370117,4591,0.0,0.0,0.0
2023-11-21 14:30:00-05:00,17.19849967956543,17.21500015258789,17.19849967956543,17.21500015258789,794,0.0,0.0,0.0
2023-11-21 15:30:00-05:00,17.210100173950195,17.215900421142578,17.200000762939453,17.204999923706055,4271,0.0,0.0,0.0
2023-11-22 09:30:00-05:00,17.229999542236328,17.258399963378906,17.219999313354492,17.219999313354492,6818,0.0,0.0,0.0
2023-11-22 10:30:00-05:00,17.219999313354492,17.229999542236328,17.209999084472656,17.219999313354492,25542,0.0,0.0,0.0
2023-11-22 11:30:00-05:00,17.223899841308594,17.229999542236328,17.219999313354492,17.219999313354492,15079,0.0,0.0,0.0
2023-11-22 12:30:00-05:00,17.229000091552734,17.231199264526367,17.22010040283203,17.231199264526367,6397,0.0,0.0,0.0
2023-11-22 13:30:00-05:00,17.246200561523438,17.246200561523438,17.24049949645996,17.24049949645996,1358,0.0,0.0,0.0
2023-11-22 14:30:00-05:00,17.239999771118164,17.246000289916992,17.239999771118164,17.242300033569336,1056,0.0,0.0,0.0
2023-11-22 15:30:00-05:00,17.25,17.2549991607666,17.25,17.2549991607666,853,0.0,0.0,0.0
2023-11-24 09:30:00-05:00,17.209999084472656,17.209999084472656,17.201099395751953,17.204999923706055,0,0.0,0.0,0.0
2023-11-24 10:30:00-05:00,17.200000762939453,17.209999084472656,17.195100784301758,17.195100784301758,19748,0.0,0.0,0.0
2023-11-27 09:30:00-05:00,17.209999084472656,17.239999771118164,17.209999084472656,17.229999542236328,0,0.0,0.0,0.0
2023-11-27 10:30:00-05:00,17.239999771118164,17.239999771118164,17.220600128173828,17.229999542236328,23984,0.0,0.0,0.0
2023-11-27 11:30:00-05:00,17.237199783325195,17.249900817871094,17.231199264526367,17.2450008392334,1104409,0.0,0.0,0.0
2023-11-27 12:30:00-05:00,17.260000228881836,17.280000686645508,17.260000228881836,17.280000686645508,46765,0.0,0.0,0.0
2023-11-27 13:30:00-05:00,17.270099639892578,17.27989959716797,17.270099639892578,17.27989959716797,8374,0.0,0.0,0.0
2023-11-27 14:30:00-05:00,17.280799865722656,17.290599822998047,17.280000686645508,17.290599822998047,15649,0.0,0.0,0.0
2023-11-27 15:30:00-05:00,17.299999237060547,17.299999237060547,17.290000915527344,17.295000076293945,0,0.0,0.0,0.0
2023-11-28 09:30:00-05:00,17.290000915527344,17.296199798583984,17.279300689697266,17.295000076293945,14554,0.0,0.0,0.0
2023-11-28 10:30:00-05:00,17.29640007019043,17.31999969482422,17.295000076293945,17.31999969482422,11052,0.0,0.0,0.0
2023-11-28 11:30:00-05:00,17.34000015258789,17.350000381469727,17.34000015258789,17.344999313354492,24393,0.0,0.0,0.0
2023-11-28 12:30:00-05:00,17.350000381469727,17.350000381469727,17.329700469970703,17.33370018005371,21199,0.0,0.0,0.0
2023-11-28 13:30:00-05:00,17.329999923706055,17.350000381469727,17.329999923706055,17.344999313354492,22327,0.0,0.0,0.0
2023-11-28 14:30:00-05:00,17.350000381469727,17.360000610351562,17.34000015258789,17.350000381469727,25825,0.0,0.0,0.0
2023-11-28 15:30:00-05:00,17.36370086669922,17.3700008392334,17.360000610351562,17.368099212646484,0,0.0,0.0,0.0
2023-11-29 09:30:00-05:00,17.40999984741211,17.475000381469727,17.40999984741211,17.434999465942383,19019,0.0,0.0,0.0
2023-11-29 10:30:00-05:00,17.440000534057617,17.459999084472656,17.42099952697754,17.450000762939453,9211,0.0,0.0,0.0
2023-11-29 11:30:00-05:00,17.450000762939453,17.450000762939453,17.43090057373047,17.4325008392334,12359,0.0,0.0,0.0
2023-11-29 12:30:00-05:00,17.440000534057617,17.475000381469727,17.440000534057617,17.46500015258789,30769,0.0,0.0,0.0
2023-11-29 13:30:00-05:00,17.469999313354492,17.475000381469727,17.462900161743164,17.469999313354492,19425,0.0,0.0,0.0
2023-11-29 14:30:00-05:00,17.46500015258789,17.469999313354492,17.459999084472656,17.460100173950195,16941,0.0,0.0,0.0
2023-11-29 15:30:00-05:00,17.465999603271484,17.489999771118164,17.4601993560791,17.479999542236328,13782,0.0,0.0,0.0
2023-11-30 09:30:00-05:00,17.450000762939453,17.450000762939453,17.389999389648438,17.395000457763672,27987,0.0,0.0,0.0
2023-11-30 10:30:00-05:00,17.399999618530273,17.420000076293945,17.399999618530273,17.40999984741211,33450,0.0,0.0,0.0
2023-11-30 11:30:00-05:00,17.41990089416504,17.41990089416504,17.399999618530273,17.405000686645508,57417,0.0,0.0,0.0
2023-11-30 12:30:00-05:00,17.40130043029785,17.403600692749023,17.389999389648438,17.399999618530273,39256,0.0,0.0,0.0
2023-11-30 13:30:00-05:00,17.40399932861328,17.40399932861328,17.399999618530273,17.399999618530273,1339,0.0,0.0,0.0
2023-11-30 14:30:00-05:00,17.390899658203125,17.399999618530273,17.3799991607666,17.3799991607666,2734,0.0,0.0,0.0
2023-11-30 15:30:00-05:00,17.38010025024414,17.389999389648438,17.3700008392334,17.389999389648438,13119,0.0,0.0,0.0
2023-12-01 09:30:00-05:00,17.31999969482422,17.40850067138672,17.309999465942383,17.395000457763672,183094,0.0,0.0,0.0
2023-12-01 10:30:00-05:00,17.395999908447266,17.440099716186523,17.3799991607666,17.440099716186523,4369,0.0,0.0,0.0
2023-12-01 11:30:00-05:00,17.450000762939453,17.4601993560791,17.44499969482422,17.454999923706055,21047,0.0,0.0,0.0
2023-12-01 12:30:00-05:00,17.45009994506836,17.479999542236328,17.45009994506836,17.47319984436035,15684,0.0,0.0,0.0
2023-12-01 13:30:00-05:00,17.480100631713867,17.510000228881836,17.479999542236328,17.5049991607666,9465,0.0,0.0,0.0
2023-12-01 14:30:00-05:00,17.5049991607666,17.509000778198242,17.49090003967285,17.4950008392334,30011,0.0,0.0,0.0
2023-12-01 15:30:00-05:00,17.4950008392334,17.510000228881836,17.4950008392334,17.510000228881836,5740,0.0,0.0,0.0
2023-12-04 09:30:00-05:00,17.459999084472656,17.465999603271484,17.450000762939453,17.45599937438965,0,0.0,0.0,0.0
2023-12-04 10:30:00-05:00,17.440000534057617,17.440000534057617,17.420000076293945,17.424999237060547,7165,0.0,0.0,0.0
2023-12-04 11:30:00-05:00,17.424999237060547,17.42930030822754,17.420000076293945,17.424999237060547,4455,0.0,0.0,0.0
2023-12-04 12:30:00-05:00,17.42009925842285,17.429800033569336,17.420000076293945,17.420000076293945,16159,0.0,0.0,0.0
2023-12-04 13:30:00-05:00,17.42169952392578,17.42930030822754,17.420000076293945,17.424999237060547,11435,0.0,0.0,0.0
2023-12-04 14:30:00-05:00,17.424999237060547,17.43000030517578,17.420000076293945,17.42009925842285,10862,0.0,0.0,0.0
2023-12-04 15:30:00-05:00,17.424999237060547,17.450000762939453,17.420000076293945,17.44499969482422,0,0.0,0.0,0.0
2023-12-05 09:30:00-05:00,17.530000686645508,17.540000915527344,17.5,17.53499984741211,15774,0.0,0.0,0.0
2023-12-05 10:30:00-05:00,17.540000915527344,17.540000915527344,17.520000457763672,17.524999618530273,16882,0.0,0.0,0.0
2023-12-05 11:30:00-05:00,17.524999618530273,17.52910041809082,17.510000228881836,17.514999389648438,15806,0.0,0.0,0.0
2023-12-05 12:30:00-05:00,17.514999389648438,17.540000915527344,17.510000228881836,17.514999389648438,25788,0.0,0.0,0.0
2023-12-05 13:30:00-05:00,17.514999389648438,17.530000686645508,17.510000228881836,17.520000457763672,6599,0.0,0.0,0.0
2023-12-05 14:30:00-05:00,17.524999618530273,17.540000915527344,17.514999389648438,17.514999389648438,13574,0.0,0.0,0.0
2023-12-05 15:30:00-05:00,17.514999389648438,17.520000457763672,17.510000228881836,17.520000457763672,7666,0.0,0.0,0.0
2023-12-06 09:30:00-05:00,17.579999923706055,17.59000015258789,17.56999969482422,17.56999969482422,11597,0.0,0.0,0.0
2023-12-06 10:30:00-05:00,17.600000381469727,17.604999542236328,17.59000015258789,17.59000015258789,6263,0.0,0.0,0.0
2023-12-06 11:30:00-05:00,17.59000015258789,17.609899520874023,17.584999084472656,17.59000015258789,12781,0.0,0.0,0.0
2023-12-06 12:30:00-05:00,17.59000015258789,17.599899291992188,17.579999923706055,17.584999084472656,4016,0.0,0.0,0.0
2023-12-06 13:30:00-05:00,17.590999603271484,17.604999542236328,17.59000015258789,17.59000015258789,12620,0.0,0.0,0.0
2023-12-06 14:30:00-05:00,17.594999313354492,17.594999313354492,17.59000015258789,17.594999313354492,668,0.0,0.0,0.0
2023-12-06 15:30:00-05:00,17.590200424194336,17.590200424194336,17.575000762939453,17.579999923706055,6811,0.0,0.0,0.0
2023-12-07 09:30:00-05:00,17.559999465942383,17.600000381469727,17.559999465942383,17.59000015258789,19077,0.0,0.0,0.0
2023-12-07 10:30:00-05:00,17.58180046081543,17.610000610351562,17.579999923706055,17.594999313354492,16009,0.0,0.0,0.0
2023-12-07 11:30:00-05:00,17.594999313354492,17.6200008392334,17.590200424194336,17.60219955444336,18714,0.0,0.0,0.0
2023-12-07 12:30:00-05:00,17.600000381469727,17.639999389648438,17.600000381469727,17.6200008392334,8783,0.0,0.0,0.0
2023-12-07 13:30:00-05:00,17.6200008392334,17.62619972229004,17.610000610351562,17.6200008392334,3260,0.0,0.0,0.0
2023-12-07 14:30:00-05:00,17.610000610351562,17.6200008392334,17.600000381469727,17.600000381469727,12486,0.0,0.0,0.0
2023-12-07 15:30:00-05:00,17.594999313354492,17.600000381469727,17.59000015258789,17.590999603271484,9925,0.0,0.0,0.0
2023-12-08 09:30:00-05:00,17.489999771118164,17.559999465942383,17.489999771118164,17.540000915527344,0,0.0,0.0,0.0
2023-12-08 10:30:00-05:00,17.520000457763672,17.52899932861328,17.5,17.511999130249023,2729,0.0,0.0,0.0
2023-12-08 11:30:00-05:00,17.479999542236328,17.490100860595703,17.479999542236328,17.490100860595703,227,0.0,0.0,0.0
2023-12-08 12:30:00-05:00,17.49250030517578,17.4950008392334,17.489999771118164,17.4950008392334,1969,0.0,0.0,0.0
2023-12-08 13:30:00-05:00,17.49410057067871,17.530000686645508,17.49410057067871,17.520000457763672,11747,0.0,0.0,0.0
2023-12-08 14:30:00-05:00,17.520000457763672,17.533100128173828,17.510000228881836,17.530099868774414,5792,0.0,0.0,0.0
2023-12-08 15:30:00-05:00,17.530000686645508,17.53890037536621,17.520000457763672,17.520000457763672,12623,0.0,0.0,0.0
2023-12-11 09:30:00-05:00,17.489999771118164,17.5,17.489999771118164,17.490999221801758,0,0.0,0.0,0.0
2023-12-11 10:30:00-05:00,17.4950008392334,17.5,17.489999771118164,17.490100860595703,2278,0.0,0.0,0.0
2023-12-11 11:30:00-05:00,17.489999771118164,17.489999771118164,17.460100173950195,17.474000930786133,1880,0.0,0.0,0.0
2023-12-11 12:30:00-05:00,17.469999313354492,17.479900360107422,17.459999084472656,17.469999313354492,6146,0.0,0.0,0.0
2023-12-11 13:30:00-05:00,17.489999771118164,17.5049991607666,17.489999771118164,17.5049991607666,1248,0.0,0.0,0.0
2023-12-11 14:30:00-05:00,17.5,17.510000228881836,17.489999771118164,17.5,42403,0.0,0.0,0.0
2023-12-11 15:30:00-05:00,17.510000228881836,17.510000228881836,17.489999771118164,17.5,0,0.0,0.0,0.0
2023-12-12 09:30:00-05:00,17.5,17.510000228881836,17.489999771118164,17.5049991607666,7239,0.0,0.0,0.0
2023-12-12 10:30:00-05:00,17.5,17.520000457763672,17.5,17.520000457763672,4030,0.0,0.0,0.0
2023-12-12 11:30:00-05:00,17.520000457763672,17.52869987487793,17.510000228881836,17.510000228881836,1580,0.0,0.0,0.0
2023-12-12 12:30:00-05:00,17.510000228881836,17.545000076293945,17.5,17.545000076293945,2458,0.0,0.0,0.0
2023-12-12 13:30:00-05:00,17.545000076293945,17.55500030517578,17.540000915527344,17.545000076293945,10569,0.0,0.0,0.0
2023-12-12 14:30:00-05:00,17.549699783325195,17.559999465942383,17.54010009765625,17.549999237060547,18726,0.0,0.0,0.0
2023-12-12 15:30:00-05:00,17.549999237060547,17.559999465942383,17.549999237060547,17.549999237060547,0,0.0,0.0,0.0
2023-12-13 09:30:00-05:00,17.59000015258789,17.609899520874023,17.59000015258789,17.600000381469727,9802,0.0,0.0,0.0
2023-12-13 10:30:00-05:00,17.597299575805664,17.614999771118164,17.597299575805664,17.610000610351562,8641,0.0,0.0,0.0
2023-12-13 11:30:00-05:00,17.610000610351562,17.619800567626953,17.610000610351562,17.614999771118164,99015,0.0,0.0,0.0
2023-12-13 12:30:00-05:00,17.610000610351562,17.6200008392334,17.610000610351562,17.61009979248047,769,0.0,0.0,0.0
2023-12-13 13:30:00-05:00,17.610000610351562,17.729999542236328,17.60110092163086,17.725000381469727,6708,0.0,0.0,0.0
2023-12-13 14:30:00-05:00,17.730100631713867,17.790000915527344,17.730100631713867,17.780000686645508,43052,0.0,0.0,0.0
2023-12-13 15:30:00-05:00,17.774999618530273,17.795000076293945,17.774999618530273,17.795000076293945,10868,0.0,0.0,0.0
2023-12-14 09:30:00-05:00,17.989999771118164,17.989999771118164,17.969999313354492,17.975000381469727,0,0.0,0.0,0.0
2023-12-14 10:30:00-05:00,17.96929931640625,17.989999771118164,17.963699340820312,17.980100631713867,7258,0.0,0.0,0.0
2023-12-14 11:30:00-05:00,17.985000610351562,18.014999389648438,17.985000610351562,18.014999389648438,368462,0.0,0.0,0.0
2023-12-14 12:30:00-05:00,18.01919937133789,18.01919937133789,17.979999542236328,17.979999542236328,2270,0.0,0.0,0.0
2023-12-14 13:30:00-05:00,17.980100631713867,17.985000610351562,17.953899383544922,17.954999923706055,10643,0.0,0.0,0.0
2023-12-14 14:30:00-05:00,17.9591007232666,17.969600677490234,17.934999465942383,17.9689998626709,94707,0.0,0.0,0.0
2023-12-14 15:30:00-05:00,17.96500015258789,17.989999771118164,17.960100173950195,17.979999542236328,0,0.0,0.0,0.0
2023-12-15 09:30:00-05:00,18.010000228881836,18.010000228881836,17.980100631713867,18.0049991607666,148550,0.0,0.0,0.0
2023-12-15 10:30:00-05:00,18.0049991607666,18.0049991607666,17.973800659179688,17.989999771118164,5061,0.0,0.0,0.0
2023-12-15 11:30:00-05:00,17.9950008392334,18.010000228881836,17.980100631713867,17.980100631713867,43027,0.0,0.0,0.0
2023-12-15 12:30:00-05:00,17.980100631713867,17.985000610351562,17.950000762939453,17.950000762939453,5563,0.0,0.0,0.0
2023-12-15 13:30:00-05:00,17.94890022277832,17.9596004486084,17.940000534057617,17.950000762939453,4214,0.0,0.0,0.0
2023-12-15 14:30:00-05:00,17.959800720214844,17.959800720214844,17.93000030517578,17.95599937438965,8609,0.0,0.0,0.0
2023-12-15 15:30:00-05:00,17.950000762939453,17.969999313354492,17.950000762939453,17.959999084472656,4816,0.0,0.0,0.0
2023-12-18 09:30:00-05:00,17.969999313354492,17.969999313354492,17.93000030517578,17.940000534057617,0,0.0,0.0,0.0
2023-12-18 10:30:00-05:00,17.920000076293945,17.93000030517578,17.920000076293945,17.92099952697754,3061,0.0,0.0,0.0
2023-12-18 11:30:00-05:00,17.920000076293945,17.93000030517578,17.920000076293945,17.92889976501465,2058,0.0,0.0,0.0
2023-12-18 12:30:00-05:00,17.920000076293945,17.92970085144043,17.920000076293945,17.922700881958008,2857,0.0,0.0,0.0
2023-12-18 13:30:00-05:00,17.93000030517578,17.93000030517578,17.93000030517578,17.93000030517578,1618,0.0,0.0,0.0
2023-12-18 14:30:00-05:00,17.924999237060547,17.934999465942383,17.920000076293945,17.934999465942383,55916,0.0,0.0,0.0
2023-12-18 15:30:00-05:00,17.934999465942383,17.959999084472656,17.934999465942383,17.959999084472656,13436,0.0,0.0,0.0
2023-12-19 09:30:00-05:00,17.959999084472656,17.991100311279297,17.959999084472656,17.991100311279297,7076,0.0,0.0,0.0
2023-12-19 10:30:00-05:00,17.990100860595703,17.9950008392334,17.989999771118164,17.989999771118164,1577,0.0,0.0,0.0
2023-12-19 11:30:00-05:00,17.999900817871094,18.0,17.989999771118164,17.997800827026367,14806,0.0,0.0,0.0
2023-12-19 12:30:00-05:00,17.991199493408203,18.0,17.979999542236328,17.989700317382812,16078,0.0,0.0,0.0
2023-12-19 13:30:00-05:00,17.985000610351562,17.989999771118164,17.980100631713867,17.989999771118164,1993,0.0,0.0,0.0
2023-12-19 14:30:00-05:00,17.984699249267578,17.989999771118164,17.959999084472656,17.96500015258789,4397,0.0,0.0,0.0
2023-12-19 15:30:00-05:00,17.965999603271484,17.989999771118164,17.960100173950195,17.989999771118164,9675,0.0,0.0,0.0
2023-12-20 09:30:00-05:00,18.010000228881836,18.040000915527344,18.010000228881836,18.014999389648438,25466,0.0,0.0,0.0
2023-12-20 10:30:00-05:00,18.013099670410156,18.020000457763672,18.002399444580078,18.014999389648438,15012,0.0,0.0,0.0
2023-12-20 11:30:00-05:00,18.020000457763672,18.030000686645508,18.020000457763672,18.02199935913086,6858,0.0,0.0,0.0
2023-12-20 12:30:00-05:00,18.02910041809082,18.030000686645508,18.02280044555664,18.02280044555664,6327,0.0,0.0,0.0
2023-12-20 13:30:00-05:00,18.030000686645508,18.049999237060547,18.030000686645508,18.03499984741211,12914,0.0,0.0,0.0
2023-12-20 14:30:00-05:00,18.035900115966797,18.040000915527344,18.020000457763672,18.030099868774414,11865,0.0,0.0,0.0
2023-12-20 15:30:00-05:00,18.032800674438477,18.049999237060547,18.030000686645508,18.040000915527344,54935,0.0,0.0,0.0
2023-12-21 09:30:00-05:00,18.1299991607666,18.1299991607666,18.059900283813477,18.059999465942383,0,0.0,0.0,0.0
2023-12-21 10:30:00-05:00,18.069900512695312,18.07990074157715,18.053800582885742,18.059799194335938,30543,0.0,0.0,0.0
2023-12-21 11:30:00-05:00,18.05500030517578,18.059999465942383,18.05500030517578,18.05769920349121,44515,0.0,0.0,0.0
2023-12-21 12:30:00-05:00,18.04129981994629,18.059799194335938,18.040000915527344,18.049999237060547,8898,0.0,0.0,0.0
2023-12-21 13:30:00-05:00,18.040599822998047,18.059999465942383,18.031200408935547,18.055099487304688,3293,0.0,0.0,0.0
2023-12-21 14:30:00-05:00,18.057100296020508,18.065000534057617,18.057100296020508,18.06220054626465,3914,0.0,0.0,0.0
2023-12-21 15:30:00-05:00,18.065000534057617,18.07029914855957,18.059999465942383,18.07029914855957,0,0.0,0.0,0.0
2023-12-22 09:30:00-05:00,18.09000015258789,18.090099334716797,18.040000915527344,18.079999923706055,16333,0.0,0.0,0.0
2023-12-22 10:30:00-05:00,18.06999969482422,18.09000015258789,18.06999969482422,18.06999969482422,27794,0.0,0.0,0.0
2023-12-22 11:30:00-05:00,18.06999969482422,18.06999969482422,18.04010009765625,18.04010009765625,20570,0.0,0.0,0.0
2023-12-22 12:30:00-05:00,18.059099197387695,18.07229995727539,18.049999237060547,18.07229995727539,10917,0.0,0.0,0.0
2023-12-22 13:30:00-05:00,18.068099975585938,18.06999969482422,18.049999237060547,18.049999237060547,2966,0.0,0.0,0.0
2023-12-22 14:30:00-05:00,18.062599182128906,18.069900512695312,18.050100326538086,18.059999465942383,11830,0.0,0.0,0.0
2023-12-22 15:30:00-05:00,18.060100555419922,18.06999969482422,18.050100326538086,18.059999465942383,10719,0.0,0.0,0.0
2023-12-26 09:30:00-05:00,17.979999542236328,18.0,17.979999542236328,18.0,0,0.0,0.0,0.0
2023-12-26 10:30:00-05:00,17.989999771118164,17.99970054626465,17.989999771118164,17.99970054626465,2266,0.0,0.0,0.0
2023-12-26 11:30:00-05:00,17.9950008392334,18.001699447631836,17.9950008392334,17.997299194335938,7588,0.0,0.0,0.0
2023-12-26 12:30:00-05:00,17.990100860595703,18.000099182128906,17.990100860595703,18.000099182128906,5988,0.0,0.0,0.0
2023-12-26 13:30:00-05:00,18.005300521850586,18.018600463867188,18.000999450683594,18.018600463867188,5835,0.0,0.0,0.0
2023-12-26 14:30:00-05:00,18.010000228881836,18.024099349975586,18.010000228881836,18.02050018310547,14651,0.0,0.0,0.0
2023-12-26 15:30:00-05:00,18.02989959716797,18.02989959716797,18.02790069580078,18.02790069580078,2399,0.0,0.0,0.0
2023-12-27 09:30:00-05:00,18.06999969482422,18.070499420166016,18.06999969482422,18.070499420166016,2143,0.0,0.0,0.0
2023-12-27 10:30:00-05:00,18.078100204467773,18.090099334716797,18.070100784301758,18.090099334716797,12769,0.0,0.0,0.0
2023-12-27 11:30:00-05:00,18.104999542236328,18.110000610351562,18.100000381469727,18.10890007019043,25358,0.0,0.0,0.0
2023-12-27 12:30:00-05:00,18.109899520874023,18.135000228881836,18.10140037536621,18.134899139404297,30906,0.0,0.0,0.0
2023-12-27 13:30:00-05:00,18.13990020751953,18.13990020751953,18.1299991607666,18.1299991607666,1670,0.0,0.0,0.0
2023-12-27 14:30:00-05:00,18.121299743652344,18.137500762939453,18.121299743652344,18.137500762939453,4177,0.0,0.0,0.0
2023-12-27 15:30:00-05:00,18.135000228881836,18.139999389648438,18.1299991607666,18.135000228881836,6824,0.0,0.0,0.0
2023-12-28 09:30:00-05:00,18.100000381469727,18.125,18.100000381469727,18.125,9909,0.0,0.0,0.0
2023-12-28 10:30:00-05:00,18.1299991607666,18.145000457763672,18.1200008392334,18.125,11772,0.0,0.0,0.0
2023-12-28 11:30:00-05:00,18.125,18.1299991607666,18.100099563598633,18.100900650024414,25404,0.0,0.0,0.0
2023-12-28 12:30:00-05:00,18.110000610351562,18.110000610351562,18.079999923706055,18.084999084472656,7888,0.0,0.0,0.0
2023-12-28 13:30:00-05:00,18.084999084472656,18.09000015258789,18.079999923706055,18.084999084472656,10369,0.0,0.0,0.0
2023-12-28 14:30:00-05:00,18.084999084472656,18.09000015258789,18.06999969482422,18.09000015258789,18249,0.0,0.0,0.0
2023-12-28 15:30:00-05:00,18.09000015258789,18.100000381469727,18.08009910583496,18.094999313354492,0,0.0,0.0,0.0
2023-12-29 09:30:00-05:00,18.100000381469727,18.100000381469727,18.049999237060547,18.07990074157715,19809,0.0,0.0,0.0
2023-12-29 10:30:00-05:00,18.077299118041992,18.08009910583496,18.075000762939453,18.07990074157715,6227,0.0,0.0,0.0
2023-12-29 11:30:00-05:00,18.06999969482422,18.075599670410156,18.062299728393555,18.065000534057617,1981,0.0,0.0,0.0
2023-12-29 12:30:00-05:00,18.06999969482422,18.07509994506836,18.040000915527344,18.040000915527344,6872,0.0,0.0,0.0
2023-12-29 13:30:00-05:00,18.049999237060547,18.059999465942383,18.049999237060547,18.049999237060547,24077,0.0,0.0,0.0
2023-12-29 14:30:00-05:00,18.049999237060547,18.059999465942383,18.040000915527344,18.059999465942383,8125,0.0,0.0,0.0
2023-12-29 15:30:00-05:00,18.049999237060547,18.059999465942383,18.040000915527344,18.049999237060547,9981,0.0,0.0,0.0
2024-01-02 09:30:00-05:00,17.959999084472656,17.959999084472656,17.940000534057617,17.940000534057617,0,0.0,0.0,0.0
2024-01-02 10:30:00-05:00,17.93000030517578,17.93000030517578,17.920000076293945,17.920000076293945,1827,0.0,0.0,0.0
2024-01-02 11:30:00-05:00,17.930099487304688,17.940000534057617,17.93000030517578,17.93000030517578,6355,0.0,0.0,0.0
2024-01-02 12:30:00-05:00,17.940000534057617,17.940000534057617,17.90999984741211,17.90999984741211,1611,0.0,0.0,0.0
2024-01-02 13:30:00-05:00,17.927499771118164,17.927499771118164,17.90999984741211,17.90999984741211,7200,0.0,0.0,0.0
2024-01-02 14:30:00-05:00,17.90999984741211,17.91990089416504,17.899999618530273,17.899999618530273,2689,0.0,0.0,0.0
2024-01-02 15:30:00-05:00,17.90999984741211,17.910999298095703,17.90999984741211,17.910999298095703,2556,0.0,0.0,0.0
2024-01-03 09:30:00-05:00,17.809999465942383,17.84000015258789,17.799999237060547,17.809999465942383,6892,0.0,0.0,0.0
2024-01-03 10:30:00-05:00,17.80500030517578,17.83989906311035,17.790000915527344,17.834999084472656,21850,0.0,0.0,0.0
2024-01-03 11:30:00-05:00,17.83009910583496,17.84000015258789,17.83009910583496,17.834999084472656,8693,0.0,0.0,0.0
2024-01-03 12:30:00-05:00,17.837400436401367,17.839500427246094,17.83009910583496,17.834999084472656,32536,0.0,0.0,0.0
2024-01-03 13:30:00-05:00,17.84000015258789,17.8700008392334,17.84000015258789,17.8700008392334,68776,0.0,0.0,0.0
2024-01-03 14:30:00-05:00,17.889999389648438,17.889999389648438,17.860000610351562,17.8700008392334,82657,0.0,0.0,0.0
2024-01-03 15:30:00-05:00,17.8700008392334,17.8799991607666,17.8700008392334,17.875,0,0.0,0.0,0.0
2024-01-04 09:30:00-05:00,17.790000915527344,17.809999465942383,17.790000915527344,17.799999237060547,8690,0.0,0.0,0.0
2024-01-04 10:30:00-05:00,17.797500610351562,17.81999969482422,17.790000915527344,17.81130027770996,7485,0.0,0.0,0.0
2024-01-04 11:30:00-05:00,17.809999465942383,17.81999969482422,17.800100326538086,17.809999465942383,7751,0.0,0.0,0.0
2024-01-04 12:30:00-05:00,17.799999237060547,17.809999465942383,17.79010009765625,17.795000076293945,3159,0.0,0.0,0.0
2024-01-04 13:30:00-05:00,17.809999465942383,17.809999465942383,17.79010009765625,17.799999237060547,3633,0.0,0.0,0.0
2024-01-04 14:30:00-05:00,17.792499542236328,17.81999969482422,17.792499542236328,17.809999465942383,21939,0.0,0.0,0.0
2024-01-04 15:30:00-05:00,17.809999465942383,17.81999969482422,17.802200317382812,17.809999465942383,1846,0.0,0.0,0.0
2024-01-05 09:30:00-05:00,17.760000228881836,17.84000015258789,17.739999771118164,17.84000015258789,0,0.0,0.0,0.0
2024-01-05 10:30:00-05:00,17.84000015258789,17.862699508666992,17.829999923706055,17.84000015258789,17366,0.0,0.0,0.0
2024-01-05 11:30:00-05:00,17.829999923706055,17.829999923706055,17.780000686645508,17.780000686645508,12404,0.0,0.0,0.0
2024-01-05 12:30:00-05:00,17.77199935913086,17.780000686645508,17.751100540161133,17.766000747680664,5745,0.0,0.0,0.0
2024-01-05 13:30:00-05:00,17.770000457763672,17.790000915527344,17.761199951171875,17.790000915527344,1162,0.0,0.0,0.0
2024-01-05 14:30:00-05:00,17.769500732421875,17.770000457763672,17.769500732421875,17.770000457763672,387,0.0,0.0,0.0
2024-01-05 15:30:00-05:00,17.759899139404297,17.780000686645508,17.750099182128906,17.780000686645508,5841,0.0,0.0,0.0
2024-01-08 09:30:00-05:00,17.75,17.809999465942383,17.75,17.809999465942383,0,0.0,0.0,0.0
2024-01-08 10:30:00-05:00,17.81999969482422,17.850000381469727,17.819900512695312,17.84000015258789,7073,0.0,0.0,0.0
2024-01-08 11:30:00-05:00,17.829999923706055,17.84000015258789,17.829999923706055,17.84000015258789,26808,0.0,0.0,0.0
2024-01-08 12:30:00-05:00,17.84000015258789,17.850000381469727,17.829999923706055,17.829999923706055,12306,0.0,0.0,0.0
2024-01-08 13:30:00-05:00,17.829999923706055,17.84000015258789,17.81999969482422,17.84000015258789,8770,0.0,0.0,0.0
2024-01-08 14:30:00-05:00,17.842199325561523,17.850000381469727,17.822200775146484,17.829999923706055,4095,0.0,0.0,0.0
2024-01-08 15:30:00-05:00,17.829999923706055,17.84000015258789,17.820100784301758,17.84000015258789,9346,0.0,0.0,0.0
2024-01-09 09:30:00-05:00,17.81999969482422,17.829999923706055,17.809999465942383,17.829999923706055,7504,0.0,0.0,0.0
2024-01-09 10:30:00-05:00,17.81089973449707,17.81089973449707,17.81089973449707,17.81089973449707,193,0.0,0.0,0.0
2024-01-09 11:30:00-05:00,17.813600540161133,17.829999923706055,17.813600540161133,17.819400787353516,4875,0.0,0.0,0.0
2024-01-09 12:30:00-05:00,17.81999969482422,17.84000015258789,17.81369972229004,17.825000762939453,8961,0.0,0.0,0.0
2024-01-09 13:30:00-05:00,17.81999969482422,17.829999923706055,17.81999969482422,17.829999923706055,14471,0.0,0.0,0.0
2024-01-09 14:30:00-05:00,17.829999923706055,17.84000015258789,17.81999969482422,17.829999923706055,2535,0.0,0.0,0.0
2024-01-09 15:30:00-05:00,17.828500747680664,17.84000015258789,17.820100784301758,17.829999923706055,8461,0.0,0.0,0.0
2024-01-10 09:30:00-05:00,17.850000381469727,17.8700008392334,17.83370018005371,17.84000015258789,16654,0.0,0.0,0.0
2024-01-10 10:30:00-05:00,17.83919906616211,17.860000610351562,17.831199645996094,17.854000091552734,10253,0.0,0.0,0.0
2024-01-10 11:30:00-05:00,17.850000381469727,17.850000381469727,17.84000015258789,17.850000381469727,14617,0.0,0.0,0.0
2024-01-10 12:30:00-05:00,17.850000381469727,17.850000381469727,17.844100952148438,17.850000381469727,4112,0.0,0.0,0.0
2024-01-10 13:30:00-05:00,17.850000381469727,17.850000381469727,17.84000015258789,17.850000381469727,1790,0.0,0.0,0.0
2024-01-10 14:30:00-05:00,17.847999572753906,17.850000381469727,17.825000762939453,17.829999923706055,11171,0.0,0.0,0.0
2024-01-10 15:30:00-05:00,17.823999404907227,17.84000015258789,17.820199966430664,17.834999084472656,5510,0.0,0.0,0.0
2024-01-11 09:30:00-05:00,17.829999923706055,17.860000610351562,17.829999923706055,17.834999084472656,9896,0.0,0.0,0.0
2024-01-11 10:30:00-05:00,17.84000015258789,17.860000610351562,17.833799362182617,17.833799362182617,7505,0.0,0.0,0.0
2024-01-11 11:30:00-05:00,17.819900512695312,17.850000381469727,17.819900512695312,17.84000015258789,8191,0.0,0.0,0.0
2024-01-11 12:30:00-05:00,17.84000015258789,17.8700008392334,17.82110023498535,17.8700008392334,5805,0.0,0.0,0.0
2024-01-11 13:30:00-05:00,17.854000091552734,17.889999389648438,17.854000091552734,17.889999389648438,3711,0.0,0.0,0.0
2024-01-11 14:30:00-05:00,17.905000686645508,17.920000076293945,17.899999618530273,17.915000915527344,28354,0.0,0.0,0.0
2024-01-11 15:30:00-05:00,17.915000915527344,17.93000030517578,17.915000915527344,17.920000076293945,3059,0.0,0.0,0.0
2024-01-12 09:30:00-05:00,18.0,18.0,17.969999313354492,17.969999313354492,6931,0.0,0.0,0.0
2024-01-12 10:30:00-05:00,17.959999084472656,17.959999084472656,17.954999923706055,17.954999923706055,1819,0.0,0.0,0.0
2024-01-12 11:30:00-05:00,17.954500198364258,17.969999313354492,17.950000762939453,17.959999084472656,11765,0.0,0.0,0.0
2024-01-12 12:30:00-05:00,17.960100173950195,17.96500015258789,17.940099716186523,17.959999084472656,10191,0.0,0.0,0.0
2024-01-12 13:30:00-05:00,17.950000762939453,17.959999084472656,17.940000534057617,17.95549964904785,8336,0.0,0.0,0.0
2024-01-12 14:30:00-05:00,17.959999084472656,17.959999084472656,17.95009994506836,17.959999084472656,1127,0.0,0.0,0.0
2024-01-12 15:30:00-05:00,17.953899383544922,17.953899383544922,17.950000762939453,17.950000762939453,592,0.0,0.0,0.0
2024-01-16 09:30:00-05:00,17.860000610351562,17.881999969482422,17.854000091552734,17.8799991607666,0,0.0,0.0,0.0
2024-01-16 10:30:00-05:00,17.8700008392334,17.8799991607666,17.84950065612793,17.84950065612793,6405,0.0,0.0,0.0
2024-01-16 11:30:00-05:00,17.850000381469727,17.850000381469727,17.815000534057617,17.81999969482422,4761,0.0,0.0,0.0
2024-01-16 12:30:00-05:00,17.81410026550293,17.81999969482422,17.799999237060547,17.803699493408203,3233,0.0,0.0,0.0
2024-01-16 13:30:00-05:00,17.800399780273438,17.809999465942383,17.790000915527344,17.790000915527344,12236,0.0,0.0,0.0
2024-01-16 14:30:00-05:00,17.799999237060547,17.81999969482422,17.799999237060547,17.809999465942383,2864,0.0,0.0,0.0
2024-01-16 15:30:00-05:00,17.800199508666992,17.819799423217773,17.799999237060547,17.809999465942383,9258,0.0,0.0,0.0
2024-01-17 09:30:00-05:00,17.770000457763672,17.770000457763672,17.700000762939453,17.709999084472656,21445,0.0,0.0,0.0
2024-01-17 10:30:00-05:00,17.704999923706055,17.739999771118164,17.700000762939453,17.739999771118164,7353,0.0,0.0,0.0
2024-01-17 11:30:00-05:00,17.739999771118164,17.749900817871094,17.725000381469727,17.729999542236328,17403,0.0,0.0,0.0
2024-01-17 12:30:00-05:00,17.729999542236328,17.75,17.710500717163086,17.719999313354492,13788,0.0,0.0,0.0
2024-01-17 13:30:00-05:00,17.719999313354492,17.729999542236328,17.700000762939453,17.729999542236328,16611,0.0,0.0,0.0
2024-01-17 14:30:00-05:00,17.729999542236328,17.739999771118164,17.719999313354492,17.729999542236328,16053,0.0,0.0,0.0
2024-01-17 15:30:00-05:00,17.729999542236328,17.739999771118164,17.729999542236328,17.739999771118164,29571,0.0,0.0,0.0
2024-01-18 09:30:00-05:00,17.719999313354492,17.729900360107422,17.714099884033203,17.719900131225586,17286,0.0,0.0,0.0
2024-01-18 10:30:00-05:00,17.709999084472656,17.719900131225586,17.704999923706055,17.704999923706055,11460,0.0,0.0,0.0
2024-01-18 11:30:00-05:00,17.70989990234375,17.70989990234375,17.690000534057617,17.69499969482422,26839,0.0,0.0,0.0
2024-01-18 12:30:00-05:00,17.698999404907227,17.700000762939453,17.684999465942383,17.684999465942383,4655,0.0,0.0,0.0
2024-01-18 13:30:00-05:00,17.690000534057617,17.700000762939453,17.690000534057617,17.700000762939453,4614,0.0,0.0,0.0
2024-01-18 14:30:00-05:00,17.700000762939453,17.700000762939453,17.690000534057617,17.690000534057617,10607,0.0,0.0,0.0
2024-01-18 15:30:00-05:00,17.699100494384766,17.709999084472656,17.699100494384766,17.709999084472656,4042,0.0,0.0,0.0
2024-01-19 09:30:00-05:00,17.709999084472656,17.709999084472656,17.678499221801758,17.68000030517578,0,0.0,0.0,0.0
2024-01-19 10:30:00-05:00,17.68000030517578,17.690000534057617,17.68000030517578,17.689899444580078,14843,0.0,0.0,0.0
2024-01-19 11:30:00-05:00,17.684999465942383,17.685100555419922,17.68000030517578,17.68000030517578,1975,0.0,0.0,0.0
2024-01-19 12:30:00-05:00,17.684999465942383,17.69499969482422,17.684999465942383,17.69499969482422,8579,0.0,0.0,0.0
2024-01-19 13:30:00-05:00,17.700000762939453,17.700000762939453,17.690099716186523,17.690200805664062,9517,0.0,0.0,0.0
2024-01-19 14:30:00-05:00,17.699800491333008,17.71500015258789,17.69969940185547,17.712299346923828,7318,0.0,0.0,0.0
2024-01-19 15:30:00-05:00,17.729999542236328,17.729999542236328,17.729999542236328,17.729999542236328,579,0.0,0.0,0.0
2024-01-22 09:30:00-05:00,17.780000686645508,17.786100387573242,17.770000457763672,17.786100387573242,0,0.0,0.0,0.0
2024-01-22 10:30:00-05:00,17.780000686645508,17.780000686645508,17.770000457763672,17.77899932861328,5139,0.0,0.0,0.0
2024-01-22 11:30:00-05:00,17.77400016784668,17.77790069580078,17.770000457763672,17.77090072631836,5839,0.0,0.0,0.0
2024-01-22 12:30:00-05:00,17.77899932861328,17.77899932861328,17.758399963378906,17.758399963378906,12643,0.0,0.0,0.0
2024-01-22 13:30:00-05:00,17.749900817871094,17.749900817871094,17.741100311279297,17.741100311279297,1658,0.0,0.0,0.0
2024-01-22 14:30:00-05:00,17.752300262451172,17.770000457763672,17.752300262451172,17.770000457763672,8690,0.0,0.0,0.0
2024-01-22 15:30:00-05:00,17.76609992980957,17.770000457763672,17.760099411010742,17.770000457763672,5038,0.0,0.0,0.0
2024-01-23 09:30:00-05:00,17.75,17.75,17.722900390625,17.729999542236328,1306,0.0,0.0,0.0
2024-01-23 10:30:00-05:00,17.70800018310547,17.70800018310547,17.69029998779297,17.704999923706055,3858,0.0,0.0,0.0
2024-01-23 11:30:00-05:00,17.685100555419922,17.700000762939453,17.685100555419922,17.690000534057617,172918,0.0,0.0,0.0
2024-01-23 12:30:00-05:00,17.700000762939453,17.700000762939453,17.687999725341797,17.699899673461914,3307,0.0,0.0,0.0
2024-01-23 13:30:00-05:00,17.700000762939453,17.709999084472656,17.693500518798828,17.709999084472656,25967,0.0,0.0,0.0
2024-01-23 14:30:00-05:00,17.709999084472656,17.719999313354492,17.701099395751953,17.71500015258789,23800,0.0,0.0,0.0
2024-01-23 15:30:00-05:00,17.71500015258789,17.729999542236328,17.709999084472656,17.729999542236328,26136,0.0,0.0,0.0
2024-01-24 09:30:00-05:00,17.790000915527344,17.790000915527344,17.731000900268555,17.739999771118164,17247,0.0,0.0,0.0
2024-01-24 10:30:00-05:00,17.733699798583984,17.739999771118164,17.72089958190918,17.739299774169922,9235,0.0,0.0,0.0
2024-01-24 11:30:00-05:00,17.725000381469727,17.739999771118164,17.719999313354492,17.735000610351562,35081,0.0,0.0,0.0
2024-01-24 12:30:00-05:00,17.733999252319336,17.73940086364746,17.709999084472656,17.709999084472656,422536,0.0,0.0,0.0
2024-01-24 13:30:00-05:00,17.712900161743164,17.712900161743164,17.690200805664062,17.700000762939453,2960,0.0,0.0,0.0
2024-01-24 14:30:00-05:00,17.690000534057617,17.699600219726562,17.680099487304688,17.681100845336914,7581,0.0,0.0,0.0
2024-01-24 15:30:00-05:00,17.683700561523438,17.69499969482422,17.683700561523438,17.69499969482422,31438,0.0,0.0,0.0
2024-01-25 09:30:00-05:00,17.770000457763672,17.770000457763672,17.739999771118164,17.760000228881836,0,0.0,0.0,0.0
2024-01-25 10:30:00-05:00,17.760000228881836,17.760000228881836,17.75,17.759899139404297,2236,0.0,0.0,0.0
2024-01-25 11:30:00-05:00,17.760000228881836,17.760000228881836,17.729999542236328,17.7450008392334,26103,0.0,0.0,0.0
2024-01-25 12:30:00-05:00,17.74449920654297,17.760000228881836,17.74449920654297,17.760000228881836,13880,0.0,0.0,0.0
2024-01-25 13:30:00-05:00,17.759700775146484,17.770000457763672,17.759700775146484,17.767900466918945,2301,0.0,0.0,0.0
2024-01-25 14:30:00-05:00,17.763900756835938,17.780000686645508,17.763900756835938,17.770000457763672,5321,0.0,0.0,0.0
2024-01-25 15:30:00-05:00,17.77989959716797,17.790000915527344,17.771099090576172,17.790000915527344,0,0.0,0.0,0.0
2024-01-26 09:30:00-05:00,17.799999237060547,17.799999237060547,17.760000228881836,17.764999389648438,7646,0.0,0.0,0.0
2024-01-26 10:30:00-05:00,17.770000457763672,17.780000686645508,17.770000457763672,17.770000457763672,4081,0.0,0.0,0.0
2024-01-26 11:30:00-05:00,17.774999618530273,17.790000915527344,17.77120018005371,17.784099578857422,358619,0.0,0.0,0.0
2024-01-26 12:30:00-05:00,17.789100646972656,17.789100646972656,17.739999771118164,17.770099639892578,66903,0.0,0.0,0.0
2024-01-26 13:30:00-05:00,17.770000457763672,17.77389907836914,17.770000457763672,17.77389907836914,1073,0.0,0.0,0.0
2024-01-26 14:30:00-05:00,17.774999618530273,17.780000686645508,17.770000457763672,17.770000457763672,22698,0.0,0.0,0.0
2024-01-26 15:30:00-05:00,17.77389907836914,17.780000686645508,17.771099090576172,17.780000686645508,1966,0.0,0.0,0.0
2024-01-29 09:30:00-05:00,17.799999237060547,17.809999465942383,17.799999237060547,17.799999237060547,7115,0.0,0.0,0.0
2024-01-29 10:30:00-05:00,17.799999237060547,17.799999237060547,17.790000915527344,17.799999237060547,6091,0.0,0.0,0.0
2024-01-29 11:30:00-05:00,17.79990005493164,17.79990005493164,17.795000076293945,17.79789924621582,1813,0.0,0.0,0.0
2024-01-29 12:30:00-05:00,17.799999237060547,17.799999237060547,17.793800354003906,17.793800354003906,4203,0.0,0.0,0.0
2024-01-29 13:30:00-05:00,17.795000076293945,17.799999237060547,17.79010009765625,17.799999237060547,15128,0.0,0.0,0.0
2024-01-29 14:30:00-05:00,17.799999237060547,17.84000015258789,17.795000076293945,17.84000015258789,23726,0.0,0.0,0.0
2024-01-29 15:30:00-05:00,17.844999313354492,17.844999313354492,17.81999969482422,17.825000762939453,5986,0.0,0.0,0.0
2024-01-30 09:30:00-05:00,17.899999618530273,17.899999618530273,17.809999465942383,17.809999465942383,0,0.0,0.0,0.0
2024-01-30 10:30:00-05:00,17.809999465942383,17.81999969482422,17.800899505615234,17.81999969482422,8822,0.0,0.0,0.0
2024-01-30 11:30:00-05:00,17.819799423217773,17.84000015258789,17.819799423217773,17.83009910583496,20419,0.0,0.0,0.0
2024-01-30 12:30:00-05:00,17.829999923706055,17.829999923706055,17.825000762939453,17.825000762939453,3468,0.0,0.0,0.0
2024-01-30 13:30:00-05:00,17.829700469970703,17.84000015258789,17.82349967956543,17.831199645996094,3617,0.0,0.0,0.0
2024-01-30 14:30:00-05:00,17.850000381469727,17.854999542236328,17.844100952148438,17.84589958190918,5051,0.0,0.0,0.0
2024-01-30 15:30:00-05:00,17.850000381469727,17.850000381469727,17.843599319458008,17.844999313354492,0,0.0,0.0,0.0
2024-01-31 09:30:00-05:00,17.940000534057617,17.950000762939453,17.920000076293945,17.94879913330078,24720,0.0,0.0,0.0
2024-01-31 10:30:00-05:00,17.940000534057617,17.940000534057617,17.914199829101562,17.914199829101562,7740,0.0,0.0,0.0
2024-01-31 11:30:00-05:00,17.91990089416504,17.920000076293945,17.91010093688965,17.920000076293945,7560,0.0,0.0,0.0
2024-01-31 12:30:00-05:00,17.915000915527344,17.920000076293945,17.915000915527344,17.915000915527344,2984,0.0,0.0,0.0
2024-01-31 13:30:00-05:00,17.920000076293945,17.920000076293945,17.885000228881836,17.88909912109375,4630,0.0,0.0,0.0
2024-01-31 14:30:00-05:00,17.889999389648438,17.939899444580078,17.885000228881836,17.895000457763672,11803,0.0,0.0,0.0
2024-01-31 15:30:00-05:00,17.8799991607666,17.885000228881836,17.875,17.885000228881836,8926,0.0,0.0,0.0
2024-02-01 09:30:00-05:00,17.920000076293945,17.920000076293945,17.89109992980957,17.89109992980957,0,0.0,0.0,0.0
2024-02-01 10:30:00-05:00,17.915700912475586,17.944700241088867,17.899999618530273,17.944700241088867,2997,0.0,0.0,0.0
2024-02-01 11:30:00-05:00,17.934799194335938,17.93899917602539,17.920000076293945,17.920000076293945,8051,0.0,0.0,0.0
2024-02-01 12:30:00-05:00,17.93000030517578,17.934999465942383,17.90999984741211,17.90999984741211,13206,0.0,0.0,0.0
2024-02-01 13:30:00-05:00,17.911100387573242,17.920000076293945,17.911100387573242,17.920000076293945,2859,0.0,0.0,0.0
2024-02-01 14:30:00-05:00,17.929899215698242,17.939899444580078,17.920000076293945,17.922300338745117,8470,0.0,0.0,0.0
2024-02-01 15:30:00-05:00,17.921600341796875,17.940000534057617,17.921600341796875,17.940000534057617,0,0.0,0.0,0.0
2024-02-02 09:30:00-05:00,17.81999969482422,17.81999969482422,17.780000686645508,17.780000686645508,17652,0.0,0.0,0.0
2024-02-02 10:30:00-05:00,17.780000686645508,17.780000686645508,17.770999908447266,17.774999618530273,4089,0.0,0.0,0.0
2024-02-02 11:30:00-05:00,17.790000915527344,17.790000915527344,17.774099349975586,17.774099349975586,466,0.0,0.0,0.0
2024-02-02 12:30:00-05:00,17.780000686645508,17.780000686645508,17.770000457763672,17.780000686645508,1452,0.0,0.0,0.0
2024-02-02 13:30:00-05:00,17.799999237060547,17.799999237060547,17.788299560546875,17.788299560546875,2477,0.0,0.0,0.0
2024-02-02 14:30:00-05:00,17.799999237060547,17.799999237060547,17.780000686645508,17.79599952697754,43946,0.0,0.0,0.0
2024-02-02 15:30:00-05:00,17.790000915527344,17.791000366210938,17.790000915527344,17.791000366210938,497,0.0,0.0,0.0
2024-02-05 09:30:00-05:00,17.719999313354492,17.719999313354492,17.64229965209961,17.64229965209961,5434,0.0,0.0,0.0
2024-02-05 10:30:00-05:00,17.65999984741211,17.65999984741211,17.648000717163086,17.648000717163086,11537,0.0,0.0,0.0
2024-02-05 11:30:00-05:00,17.646699905395508,17.65999984741211,17.646699905395508,17.65999984741211,3636,0.0,0.0,0.0
2024-02-05 12:30:00-05:00,17.65999984741211,17.66950035095215,17.649999618530273,17.65999984741211,8688,0.0,0.0,0.0
2024-02-05 13:30:00-05:00,17.65130043029785,17.65999984741211,17.649999618530273,17.659299850463867,5068,0.0,0.0,0.0
2024-02-05 14:30:00-05:00,17.655899047851562,17.65999984741211,17.649099349975586,17.649099349975586,2805,0.0,0.0,0.0
2024-02-05 15:30:00-05:00,17.6481990814209,17.6481990814209,17.639999389648438,17.645000457763672,5201,0.0,0.0,0.0
2024-02-06 09:30:00-05:00,17.700000762939453,17.729999542236328,17.682100296020508,17.71109962463379,0,0.0,0.0,0.0
2024-02-06 10:30:00-05:00,17.719999313354492,17.719999313354492,17.704999923706055,17.709999084472656,6264,0.0,0.0,0.0
2024-02-06 11:30:00-05:00,17.71500015258789,17.729999542236328,17.71500015258789,17.725000381469727,9744,0.0,0.0,0.0
2024-02-06 12:30:00-05:00,17.729999542236328,17.749099731445312,17.729999542236328,17.749099731445312,6123,0.0,0.0,0.0
2024-02-06 13:30:00-05:00,17.749900817871094,17.749900817871094,17.73189926147461,17.73189926147461,9515,0.0,0.0,0.0
2024-02-06 14:30:00-05:00,17.739999771118164,17.75,17.729999542236328,17.75,32447,0.0,0.0,0.0
2024-02-06 15:30:00-05:00,17.740100860595703,17.7549991607666,17.739999771118164,17.75,0,0.0,0.0,0.0
2024-02-07 09:30:00-05:00,17.760000228881836,17.770000457763672,17.736799240112305,17.7450008392334,30686,0.0,0.0,0.0
2024-02-07 10:30:00-05:00,17.7549991607666,17.7549991607666,17.729999542236328,17.729999542236328,4913,0.0,0.0,0.0
2024-02-07 11:30:00-05:00,17.739999771118164,17.739999771118164,17.72010040283203,17.722900390625,81767,0.0,0.0,0.0
2024-02-07 12:30:00-05:00,17.720300674438477,17.739999771118164,17.719999313354492,17.72010040283203,11939,0.0,0.0,0.0
2024-02-07 13:30:00-05:00,17.722900390625,17.739999771118164,17.719999313354492,17.739999771118164,1145,0.0,0.0,0.0
2024-02-07 14:30:00-05:00,17.729999542236328,17.739999771118164,17.729999542236328,17.739999771118164,7194,0.0,0.0,0.0
2024-02-07 15:30:00-05:00,17.739999771118164,17.742799758911133,17.729999542236328,17.739999771118164,6034,0.0,0.0,0.0
2024-02-08 09:30:00-05:00,17.690000534057617,17.690000534057617,17.67060089111328,17.679100036621094,14445,0.0,0.0,0.0
2024-02-08 10:30:00-05:00,17.68000030517578,17.690000534057617,17.67099952697754,17.679800033569336,406016,0.0,0.0,0.0
2024-02-08 11:30:00-05:00,17.673500061035156,17.679800033569336,17.673500061035156,17.679800033569336,528,0.0,0.0,0.0
2024-02-08 12:30:00-05:00,17.67490005493164,17.702499389648438,17.67490005493164,17.700000762939453,2267,0.0,0.0,0.0
2024-02-08 13:30:00-05:00,17.70599937438965,17.70599937438965,17.690000534057617,17.700000762939453,10719,0.0,0.0,0.0
2024-02-08 14:30:00-05:00,17.677900314331055,17.690000534057617,17.677400588989258,17.690000534057617,4803,0.0,0.0,0.0
2024-02-08 15:30:00-05:00,17.690000534057617,17.690000534057617,17.68950080871582,17.690000534057617,0,0.0,0.0,0.0
2024-02-09 09:30:00-05:00,17.6200008392334,17.68000030517578,17.6200008392334,17.670000076293945,9302,0.0,0.0,0.0
2024-02-09 10:30:00-05:00,17.670000076293945,17.670000076293945,17.652099609375,17.65999984741211,3993,0.0,0.0,0.0
2024-02-09 11:30:00-05:00,17.65999984741211,17.65999984741211,17.650100708007812,17.655000686645508,15091,0.0,0.0,0.0
2024-02-09 12:30:00-05:00,17.65399932861328,17.65839958190918,17.65399932861328,17.65839958190918,2248,0.0,0.0,0.0
2024-02-09 13:30:00-05:00,17.65999984741211,17.697900772094727,17.65999984741211,17.690099716186523,7013,0.0,0.0,0.0
2024-02-09 14:30:00-05:00,17.699100494384766,17.699100494384766,17.68000030517578,17.68400001525879,7412,0.0,0.0,0.0
2024-02-09 15:30:00-05:00,17.680099487304688,17.700000762939453,17.68000030517578,17.700000762939453,4451,0.0,0.0,0.0
2024-02-12 09:30:00-05:00,17.700000762939453,17.700000762939453,17.684200286865234,17.684900283813477,0,0.0,0.0,0.0
2024-02-12 10:30:00-05:00,17.68589973449707,17.688800811767578,17.670000076293945,17.682100296020508,18237,0.0,0.0,0.0
2024-02-12 11:30:00-05:00,17.68199920654297,17.69860076904297,17.68199920654297,17.69499969482422,3852,0.0,0.0,0.0
2024-02-12 12:30:00-05:00,17.694000244140625,17.700000762939453,17.69029998779297,17.698999404907227,2294,0.0,0.0,0.0
2024-02-12 14:30:00-05:00,17.69499969482422,17.697500228881836,17.675600051879883,17.675600051879883,11556,0.0,0.0,0.0
2024-02-12 15:30:00-05:00,17.68000030517578,17.681400299072266,17.670000076293945,17.670000076293945,0,0.0,0.0,0.0
2024-02-13 09:30:00-05:00,17.579999923706055,17.579999923706055,17.549999237060547,17.550100326538086,5793,0.0,0.0,0.0
2024-02-13 10:30:00-05:00,17.549999237060547,17.559999465942383,17.545000076293945,17.559999465942383,2482,0.0,0.0,0.0
2024-02-13 11:30:00-05:00,17.552400588989258,17.559999465942383,17.549999237060547,17.554100036621094,11858,0.0,0.0,0.0
2024-02-13 12:30:00-05:00,17.549999237060547,17.551000595092773,17.540000915527344,17.549999237060547,3608,0.0,0.0,0.0
2024-02-13 13:30:00-05:00,17.54990005493164,17.54990005493164,17.530000686645508,17.530000686645508,13993,0.0,0.0,0.0
2024-02-13 14:30:00-05:00,17.510000228881836,17.520000457763672,17.5049991607666,17.5049991607666,5983,0.0,0.0,0.0
2024-02-13 15:30:00-05:00,17.5,17.517900466918945,17.5,17.510000228881836,0,0.0,0.0,0.0
2024-02-14 09:30:00-05:00,17.559999465942383,17.559999465942383,17.534700393676758,17.545000076293945,30190,0.0,0.0,0.0
2024-02-14 10:30:00-05:00,17.543500900268555,17.549999237060547,17.543500900268555,17.549999237060547,977,0.0,0.0,0.0
2024-02-14 11:30:00-05:00,17.549699783325195,17.576499938964844,17.549699783325195,17.576499938964844,7166,0.0,0.0,0.0
2024-02-14 12:30:00-05:00,17.579999923706055,17.59000015258789,17.579999923706055,17.59000015258789,43895,0.0,0.0,0.0
2024-02-14 13:30:00-05:00,17.58650016784668,17.590099334716797,17.579999923706055,17.590099334716797,6412,0.0,0.0,0.0
2024-02-14 14:30:00-05:00,17.592100143432617,17.594999313354492,17.571399688720703,17.57830047607422,10499,0.0,0.0,0.0
2024-02-14 15:30:00-05:00,17.579999923706055,17.584999084472656,17.56999969482422,17.56999969482422,2677,0.0,0.0,0.0
2024-02-15 09:30:00-05:00,17.6299991607666,17.657899856567383,17.6299991607666,17.649999618530273,0,0.0,0.0,0.0
2024-02-15 10:30:00-05:00,17.64550018310547,17.64550018310547,17.614999771118164,17.614999771118164,3713,0.0,0.0,0.0
2024-02-15 11:30:00-05:00,17.610000610351562,17.6200008392334,17.610000610351562,17.6200008392334,4026,0.0,0.0,0.0
2024-02-15 12:30:00-05:00,17.6200008392334,17.635700225830078,17.6200008392334,17.635700225830078,534,0.0,0.0,0.0
2024-02-15 13:30:00-05:00,17.645000457763672,17.659400939941406,17.645000457763672,17.659400939941406,2370,0.0,0.0,0.0
2024-02-15 14:30:00-05:00,17.65399932861328,17.65399932861328,17.639999389648438,17.639999389648438,4586,0.0,0.0,0.0
2024-02-15 15:30:00-05:00,17.639999389648438,17.649999618530273,17.639999389648438,17.645000457763672,3016,0.0,0.0,0.0
2024-02-16 09:30:00-05:00,17.559999465942383,17.575000762939453,17.559999465942383,17.575000762939453,7097,0.0,0.0,0.0
2024-02-16 10:30:00-05:00,17.575000762939453,17.579999923706055,17.57360076904297,17.575000762939453,4940,0.0,0.0,0.0
2024-02-16 11:30:00-05:00,17.575000762939453,17.579999923706055,17.56999969482422,17.579999923706055,5576,0.0,0.0,0.0
2024-02-16 12:30:00-05:00,17.575000762939453,17.579999923706055,17.571199417114258,17.579999923706055,31234,0.0,0.0,0.0
2024-02-16 13:30:00-05:00,17.575000762939453,17.579999923706055,17.56999969482422,17.575000762939453,4966,0.0,0.0,0.0
2024-02-16 14:30:00-05:00,17.575000762939453,17.57990074157715,17.575000762939453,17.57710075378418,2800,0.0,0.0,0.0
2024-02-16 15:30:00-05:00,17.575000762939453,17.579999923706055,17.57110023498535,17.579999923706055,5380,0.0,0.0,0.0
2024-02-20 09:30:00-05:00,17.59000015258789,17.639999389648438,17.59000015258789,17.639999389648438,0,0.0,0.0,0.0
2024-02-20 10:30:00-05:00,17.639999389648438,17.65999984741211,17.639999389648438,17.65999984741211,12611,0.0,0.0,0.0
2024-02-20 11:30:00-05:00,17.655000686645508,17.65999984741211,17.639999389648438,17.649999618530273,8603,0.0,0.0,0.0
2024-02-20 12:30:00-05:00,17.649999618530273,17.649999618530273,17.6299991607666,17.639699935913086,8582,0.0,0.0,0.0
2024-02-20 13:30:00-05:00,17.639999389648438,17.639999389648438,17.63010025024414,17.633800506591797,5559,0.0,0.0,0.0
2024-02-20 14:30:00-05:00,17.635000228881836,17.639999389648438,17.610000610351562,17.6200008392334,64061,0.0,0.0,0.0
2024-02-20 15:30:00-05:00,17.614999771118164,17.618099212646484,17.61079978942871,17.614999771118164,6635,0.0,0.0,0.0
2024-02-21 09:30:00-05:00,17.65999984741211,17.65999984741211,17.6200008392334,17.6200008392334,16301,0.0,0.0,0.0
2024-02-21 10:30:00-05:00,17.614999771118164,17.618900299072266,17.614999771118164,17.614999771118164,960,0.0,0.0,0.0
2024-02-21 11:30:00-05:00,17.614999771118164,17.618900299072266,17.604999542236328,17.604999542236328,5366,0.0,0.0,0.0
2024-02-21 12:30:00-05:00,17.598899841308594,17.600000381469727,17.579999923706055,17.600000381469727,14991,0.0,0.0,0.0
2024-02-21 13:30:00-05:00,17.589799880981445,17.59000015258789,17.579999923706055,17.59000015258789,3969,0.0,0.0,0.0
2024-02-21 14:30:00-05:00,17.581199645996094,17.59000015258789,17.581199645996094,17.584999084472656,6869,0.0,0.0,0.0
2024-02-21 15:30:00-05:00,17.584999084472656,17.599599838256836,17.583599090576172,17.59000015258789,0,0.0,0.0,0.0
2024-02-22 09:30:00-05:00,17.6200008392334,17.6299991607666,17.610000610351562,17.61079978942871,2022,0.0,0.0,0.0
2024-02-22 10:30:00-05:00,17.6200008392334,17.6299991607666,17.614999771118164,17.6299991607666,5613,0.0,0.0,0.0
2024-02-22 11:30:00-05:00,17.6299991607666,17.6299991607666,17.614999771118164,17.6200008392334,4577,0.0,0.0,0.0
2024-02-22 12:30:00-05:00,17.6200008392334,17.6299991607666,17.600000381469727,17.6200008392334,6274,0.0,0.0,0.0
2024-02-22 13:30:00-05:00,17.6299991607666,17.639999389648438,17.6299991607666,17.639999389648438,6533,0.0,0.0,0.0
2024-02-22 14:30:00-05:00,17.639999389648438,17.649999618530273,17.6299991607666,17.639999389648438,149505,0.0,0.0,0.0
2024-02-22 15:30:00-05:00,17.639999389648438,17.639999389648438,17.625,17.639999389648438,0,0.0,0.0,0.0
2024-02-23 09:30:00-05:00,17.65999984741211,17.670000076293945,17.65019989013672,17.65999984741211,10089,0.0,0.0,0.0
2024-02-23 10:30:00-05:00,17.65999984741211,17.690000534057617,17.65399932861328,17.690000534057617,4637,0.0,0.0,0.0
2024-02-23 11:30:00-05:00,17.68000030517578,17.700000762939453,17.673900604248047,17.700000762939453,9482,0.0,0.0,0.0
2024-02-23 12:30:00-05:00,17.6914005279541,17.6914005279541,17.68000030517578,17.68779945373535,3076,0.0,0.0,0.0
2024-02-23 13:30:00-05:00,17.690000534057617,17.709999084472656,17.68950080871582,17.68950080871582,5932,0.0,0.0,0.0
2024-02-23 14:30:00-05:00,17.690000534057617,17.690000534057617,17.670400619506836,17.690000534057617,3639,0.0,0.0,0.0
2024-02-23 15:30:00-05:00,17.690000534057617,17.690000534057617,17.68000030517578,17.690000534057617,6319,0.0,0.0,0.0
2024-02-26 09:30:00-05:00,17.68000030517578,17.68000030517578,17.670000076293945,17.670000076293945,0,0.0,0.0,0.0
2024-02-26 10:30:00-05:00,17.652799606323242,17.652799606323242,17.652799606323242,17.652799606323242,699,0.0,0.0,0.0
2024-02-26 11:30:00-05:00,17.645000457763672,17.649999618530273,17.635000228881836,17.639999389648438,7869,0.0,0.0,0.0
2024-02-26 12:30:00-05:00,17.630199432373047,17.631000518798828,17.625,17.629899978637695,7189,0.0,0.0,0.0
2024-02-26 13:30:00-05:00,17.625,17.62649917602539,17.6200008392334,17.620100021362305,4471,0.0,0.0,0.0
2024-02-26 14:30:00-05:00,17.6200008392334,17.639999389648438,17.610000610351562,17.639999389648438,14383,0.0,0.0,0.0
2024-02-26 15:30:00-05:00,17.636199951171875,17.649999618530273,17.636199951171875,17.639999389648438,7669,0.0,0.0,0.0
2024-02-27 09:30:00-05:00,17.610000610351562,17.629899978637695,17.610000610351562,17.629899978637695,0,0.0,0.0,0.0
2024-02-27 10:30:00-05:00,17.6200008392334,17.670000076293945,17.6200008392334,17.6299991607666,23546,0.0,0.0,0.0
2024-02-27 11:30:00-05:00,17.626399993896484,17.629899978637695,17.610000610351562,17.618499755859375,4385,0.0,0.0,0.0
2024-02-27 12:30:00-05:00,17.611000061035156,17.611000061035156,17.600000381469727,17.610000610351562,16776,0.0,0.0,0.0
2024-02-27 13:30:00-05:00,17.6200008392334,17.6200008392334,17.604999542236328,17.607500076293945,8182,0.0,0.0,0.0
2024-02-27 14:30:00-05:00,17.600099563598633,17.604999542236328,17.595600128173828,17.595600128173828,5554,0.0,0.0,0.0
2024-02-27 15:30:00-05:00,17.600000381469727,17.600000381469727,17.594999313354492,17.600000381469727,0,0.0,0.0,0.0
2024-02-28 09:30:00-05:00,17.6200008392334,17.6200008392334,17.577800750732422,17.606000900268555,14427,0.0,0.0,0.0
2024-02-28 10:30:00-05:00,17.604999542236328,17.6200008392334,17.600000381469727,17.610000610351562,8296,0.0,0.0,0.0
2024-02-28 11:30:00-05:00,17.61989974975586,17.61989974975586,17.610000610351562,17.614999771118164,17227,0.0,0.0,0.0
2024-02-28 12:30:00-05:00,17.6200008392334,17.639999389648438,17.614999771118164,17.639999389648438,12255,0.0,0.0,0.0
2024-02-28 13:30:00-05:00,17.629899978637695,17.639999389648438,17.6200008392334,17.62220001220703,4720,0.0,0.0,0.0
2024-02-28 14:30:00-05:00,17.630300521850586,17.642099380493164,17.630300521850586,17.642099380493164,1539,0.0,0.0,0.0
2024-02-28 15:30:00-05:00,17.635900497436523,17.639999389648438,17.631999969482422,17.639999389648438,0,0.0,0.0,0.0
2024-02-29 09:30:00-05:00,17.649999618530273,17.676300048828125,17.649999618530273,17.67099952697754,8472,0.0,0.0,0.0
2024-02-29 10:30:00-05:00,17.68000030517578,17.68000030517578,17.660999298095703,17.660999298095703,3855,0.0,0.0,0.0
2024-02-29 11:30:00-05:00,17.66550064086914,17.670000076293945,17.65999984741211,17.662399291992188,10647,0.0,0.0,0.0
2024-02-29 12:30:00-05:00,17.658100128173828,17.668399810791016,17.650100708007812,17.65999984741211,11610,0.0,0.0,0.0
2024-02-29 13:30:00-05:00,17.653400421142578,17.687999725341797,17.653400421142578,17.674999237060547,25016,0.0,0.0,0.0
2024-02-29 14:30:00-05:00,17.674999237060547,17.674999237060547,17.649999618530273,17.649999618530273,3010,0.0,0.0,0.0
2024-02-29 15:30:00-05:00,17.651199340820312,17.670000076293945,17.65089988708496,17.670000076293945,3494,0.0,0.0,0.0
2024-03-01 09:30:00-05:00,17.610000610351562,17.6299991607666,17.56999969482422,17.6200008392334,3869,0.0,0.0,0.0
2024-03-01 10:30:00-05:00,17.640100479125977,17.659799575805664,17.640100479125977,17.649999618530273,4052,0.0,0.0,0.0
2024-03-01 11:30:00-05:00,17.645999908447266,17.645999908447266,17.6299991607666,17.639999389648438,17301,0.0,0.0,0.0
2024-03-01 12:30:00-05:00,17.637100219726562,17.65999984741211,17.635000228881836,17.65999984741211,15051,0.0,0.0,0.0
2024-03-01 13:30:00-05:00,17.665000915527344,17.670000076293945,17.665000915527344,17.670000076293945,1388,0.0,0.0,0.0
2024-03-01 14:30:00-05:00,17.68000030517578,17.68000030517578,17.672800064086914,17.672800064086914,4063,0.0,0.0,0.0
2024-03-01 15:30:00-05:00,17.68000030517578,17.68000030517578,17.675899505615234,17.675899505615234,1134,0.0,0.0,0.0
2024-03-04 09:30:00-05:00,17.649999618530273,17.649999618530273,17.635000228881836,17.639999389648438,0,0.0,0.0,0.0
2024-03-04 10:30:00-05:00,17.642099380493164,17.642099380493164,17.6299991607666,17.635000228881836,9512,0.0,0.0,0.0
2024-03-04 11:30:00-05:00,17.635000228881836,17.639999389648438,17.63010025024414,17.639999389648438,5956,0.0,0.0,0.0
2024-03-04 12:30:00-05:00,17.649999618530273,17.657699584960938,17.639999389648438,17.640100479125977,4052,0.0,0.0,0.0
2024-03-04 13:30:00-05:00,17.641000747680664,17.649999618530273,17.641000747680664,17.649999618530273,2093,0.0,0.0,0.0
2024-03-04 14:30:00-05:00,17.649999618530273,17.670000076293945,17.646900177001953,17.670000076293945,13596,0.0,0.0,0.0
2024-03-04 15:30:00-05:00,17.662900924682617,17.670000076293945,17.649999618530273,17.649999618530273,0,0.0,0.0,0.0
2024-03-05 09:30:00-05:00,17.700000762939453,17.719999313354492,17.68779945373535,17.712099075317383,13822,0.0,0.0,0.0
2024-03-05 10:30:00-05:00,17.71500015258789,17.716299057006836,17.700000762939453,17.709999084472656,5221,0.0,0.0,0.0
2024-03-05 11:30:00-05:00,17.705799102783203,17.709999084472656,17.704999923706055,17.709999084472656,4124,0.0,0.0,0.0
2024-03-05 12:30:00-05:00,17.702299118041992,17.709999084472656,17.697500228881836,17.697500228881836,551,0.0,0.0,0.0
2024-03-05 13:30:00-05:00,17.69499969482422,17.699899673461914,17.69499969482422,17.699899673461914,3716,0.0,0.0,0.0
2024-03-05 14:30:00-05:00,17.70989990234375,17.709999084472656,17.69379997253418,17.69379997253418,4221,0.0,0.0,0.0
2024-03-05 15:30:00-05:00,17.69379997253418,17.704999923706055,17.69379997253418,17.704999923706055,2207,0.0,0.0,0.0
2024-03-06 09:30:00-05:00,17.760000228881836,17.780000686645508,17.747299194335938,17.760000228881836,25597,0.0,0.0,0.0
2024-03-06 10:30:00-05:00,17.760000228881836,17.770000457763672,17.739999771118164,17.770000457763672,2731,0.0,0.0,0.0
2024-03-06 11:30:00-05:00,17.750099182128906,17.799999237060547,17.750099182128906,17.795000076293945,10421,0.0,0.0,0.0
2024-03-06 12:30:00-05:00,17.774999618530273,17.780000686645508,17.770000457763672,17.770000457763672,3154,0.0,0.0,0.0
2024-03-06 13:30:00-05:00,17.774999618530273,17.774999618530273,17.760000228881836,17.762500762939453,9266,0.0,0.0,0.0
2024-03-06 14:30:00-05:00,17.76490020751953,17.76490020751953,17.750099182128906,17.760000228881836,2376,0.0,0.0,0.0
2024-03-06 15:30:00-05:00,17.7549991607666,17.770000457763672,17.750099182128906,17.760000228881836,0,0.0,0.0,0.0
2024-03-07 09:30:00-05:00,17.790000915527344,17.799999237060547,17.790000915527344,17.790000915527344,13541,0.0,0.0,0.0
2024-03-07 10:30:00-05:00,17.790000915527344,17.790000915527344,17.770099639892578,17.780000686645508,6168,0.0,0.0,0.0
2024-03-07 11:30:00-05:00,17.788999557495117,17.788999557495117,17.774900436401367,17.774999618530273,9016,0.0,0.0,0.0
2024-03-07 12:30:00-05:00,17.770099639892578,17.78380012512207,17.770099639892578,17.78380012512207,624,0.0,0.0,0.0
2024-03-07 13:30:00-05:00,17.78380012512207,17.799999237060547,17.780000686645508,17.782499313354492,10798,0.0,0.0,0.0
2024-03-07 14:30:00-05:00,17.790000915527344,17.799999237060547,17.790000915527344,17.799999237060547,5417,0.0,0.0,0.0
2024-03-07 15:30:00-05:00,17.792499542236328,17.809999465942383,17.792499542236328,17.809999465942383,2456,0.0,0.0,0.0
2024-03-08 09:30:00-05:00,17.850000381469727,17.854999542236328,17.829999923706055,17.854999542236328,0,0.0,0.0,0.0
2024-03-08 10:30:00-05:00,17.842500686645508,17.850000381469727,17.829999923706055,17.833599090576172,7663,0.0,0.0,0.0
2024-03-08 11:30:00-05:00,17.82990074157715,17.84000015258789,17.81999969482422,17.84000015258789,2403,0.0,0.0,0.0
2024-03-08 12:30:00-05:00,17.820100784301758,17.83370018005371,17.81999969482422,17.81999969482422,4434,0.0,0.0,0.0
2024-03-08 13:30:00-05:00,17.825000762939453,17.825000762939453,17.814300537109375,17.815000534057617,4201,0.0,0.0,0.0
2024-03-08 14:30:00-05:00,17.810100555419922,17.810100555419922,17.810100555419922,17.810100555419922,2275,0.0,0.0,0.0
2024-03-11 09:30:00-04:00,17.809999465942383,17.82990074157715,17.809999465942383,17.815900802612305,0,0.0,0.0,0.0
2024-03-11 10:30:00-04:00,17.799999237060547,17.799999237060547,17.799999237060547,17.799999237060547,492,0.0,0.0,0.0
2024-03-11 11:30:00-04:00,17.795000076293945,17.799999237060547,17.795000076293945,17.795000076293945,4875,0.0,0.0,0.0
2024-03-11 12:30:00-04:00,17.799999237060547,17.799999237060547,17.790000915527344,17.795000076293945,3492,0.0,0.0,0.0
2024-03-11 13:30:00-04:00,17.799999237060547,17.799999237060547,17.791500091552734,17.791500091552734,2013,0.0,0.0,0.0
2024-03-11 14:30:00-04:00,17.795799255371094,17.797800064086914,17.791000366210938,17.795000076293945,930,0.0,0.0,0.0
2024-03-12 09:30:00-04:00,17.790000915527344,17.790000915527344,17.760000228881836,17.770000457763672,3739,0.0,0.0,0.0
2024-03-12 10:30:00-04:00,17.774799346923828,17.77899932861328,17.770099639892578,17.77899932861328,1990,0.0,0.0,0.0
2024-03-12 11:30:00-04:00,17.774999618530273,17.78499984741211,17.770000457763672,17.78499984741211,10267,0.0,0.0,0.0
2024-03-12 12:30:00-04:00,17.780000686645508,17.780000686645508,17.770000457763672,17.770000457763672,1514,0.0,0.0,0.0
2024-03-12 13:30:00-04:00,17.770000457763672,17.770000457763672,17.760000228881836,17.760099411010742,8101,0.0,0.0,0.0
2024-03-12 14:30:00-04:00,17.770000457763672,17.780000686645508,17.770000457763672,17.770099639892578,3570,0.0,0.0,0.0
2024-03-12 15:30:00-04:00,17.770200729370117,17.790000915527344,17.770200729370117,17.790000915527344,6522,0.0,0.0,0.0
2024-03-13 09:30:00-04:00,17.780000686645508,17.780000686645508,17.760000228881836,17.760000228881836,1730,0.0,0.0,0.0
2024-03-13 10:30:00-04:00,17.769899368286133,17.780000686645508,17.764999389648438,17.775400161743164,2894,0.0,0.0,0.0
2024-03-13 11:30:00-04:00,17.780000686645508,17.780000686645508,17.76729965209961,17.774200439453125,6006,0.0,0.0,0.0
2024-03-13 12:30:00-04:00,17.779600143432617,17.779600143432617,17.760099411010742,17.774999618530273,7981,0.0,0.0,0.0
2024-03-13 13:30:00-04:00,17.774999618530273,17.780000686645508,17.771099090576172,17.780000686645508,7780,0.0,0.0,0.0
2024-03-13 14:30:00-04:00,17.780000686645508,17.780000686645508,17.762500762939453,17.762500762939453,3083,0.0,0.0,0.0
2024-03-13 15:30:00-04:00,17.762500762939453,17.780000686645508,17.760000228881836,17.77899932861328,0,0.0,0.0,0.0
2024-03-14 09:30:00-04:00,17.729999542236328,17.729999542236328,17.70170021057129,17.70170021057129,3610,0.0,0.0,0.0
2024-03-14 10:30:00-04:00,17.684099197387695,17.684099197387695,17.663799285888672,17.663799285888672,3362,0.0,0.0,0.0
2024-03-14 11:30:00-04:00,17.670000076293945,17.670000076293945,17.66010093688965,17.66010093688965,4127,0.0,0.0,0.0
2024-03-14 12:30:00-04:00,17.65999984741211,17.65999984741211,17.65999984741211,17.65999984741211,984,0.0,0.0,0.0
2024-03-14 13:30:00-04:00,17.657499313354492,17.65999984741211,17.649999618530273,17.649999618530273,57645,0.0,0.0,0.0
2024-03-14 14:30:00-04:00,17.655899047851562,17.65999984741211,17.645000457763672,17.645000457763672,30053,0.0,0.0,0.0
2024-03-14 15:30:00-04:00,17.639999389648438,17.6560001373291,17.639999389648438,17.649999618530273,6074,0.0,0.0,0.0
2024-03-15 09:30:00-04:00,17.6299991607666,17.6299991607666,17.624000549316406,17.624000549316406,4293,0.0,0.0,0.0
2024-03-15 10:30:00-04:00,17.6210994720459,17.629899978637695,17.6210994720459,17.625,1766,0.0,0.0,0.0
2024-03-15 11:30:00-04:00,17.625,17.6299991607666,17.625,17.629899978637695,871,0.0,0.0,0.0
2024-03-15 12:30:00-04:00,17.625,17.625,17.625,17.625,1388,0.0,0.0,0.0
2024-03-15 13:30:00-04:00,17.625,17.639999389648438,17.6200008392334,17.638099670410156,5450,0.0,0.0,0.0
2024-03-15 14:30:00-04:00,17.648000717163086,17.648000717163086,17.640199661254883,17.640199661254883,901,0.0,0.0,0.0
2024-03-15 15:30:00-04:00,17.639999389648438,17.649999618530273,17.631000518798828,17.631000518798828,6548,0.0,0.0,0.0
2024-03-18 09:30:00-04:00,17.639999389648438,17.65999984741211,17.6299991607666,17.649999618530273,1893,0.0,0.0,0.0
2024-03-18 10:30:00-04:00,17.639999389648438,17.639999389648438,17.6299991607666,17.6299991607666,4581,0.0,0.0,0.0
2024-03-18 11:30:00-04:00,17.639999389648438,17.639999389648438,17.620100021362305,17.620100021362305,11280,0.0,0.0,0.0
2024-03-18 12:30:00-04:00,17.62420082092285,17.635000228881836,17.610000610351562,17.610000610351562,57796,0.0,0.0,0.0
2024-03-18 13:30:00-04:00,17.610000610351562,17.61750030517578,17.610000610351562,17.611000061035156,1015,0.0,0.0,0.0
2024-03-18 14:30:00-04:00,17.6200008392334,17.6299991607666,17.614999771118164,17.625,7197,0.0,0.0,0.0
2024-03-18 15:30:00-04:00,17.6299991607666,17.6299991607666,17.6200008392334,17.620500564575195,0,0.0,0.0,0.0
2024-03-19 09:30:00-04:00,17.65999984741211,17.65999984741211,17.630399703979492,17.639999389648438,3576,0.0,0.0,0.0
2024-03-19 10:30:00-04:00,17.639999389648438,17.65999984741211,17.639999389648438,17.65999984741211,1700,0.0,0.0,0.0
2024-03-19 11:30:00-04:00,17.649999618530273,17.662500381469727,17.649999618530273,17.662500381469727,5110,0.0,0.0,0.0
2024-03-19 12:30:00-04:00,17.670000076293945,17.674999237060547,17.65999984741211,17.67490005493164,7352,0.0,0.0,0.0
2024-03-19 13:30:00-04:00,17.68000030517578,17.68000030517578,17.670000076293945,17.671499252319336,4497,0.0,0.0,0.0
2024-03-19 14:30:00-04:00,17.67569923400879,17.68000030517578,17.674400329589844,17.676300048828125,7298,0.0,0.0,0.0
2024-03-19 15:30:00-04:00,17.674999237060547,17.690000534057617,17.674999237060547,17.690000534057617,0,0.0,0.0,0.0
2024-03-20 09:30:00-04:00,17.68000030517578,17.690000534057617,17.673999786376953,17.67490005493164,7194,0.0,0.0,0.0
2024-03-20 10:30:00-04:00,17.671600341796875,17.684999465942383,17.670000076293945,17.684999465942383,10732,0.0,0.0,0.0
2024-03-20 11:30:00-04:00,17.684999465942383,17.686100006103516,17.684999465942383,17.686100006103516,3843,0.0,0.0,0.0
2024-03-20 12:30:00-04:00,17.684999465942383,17.690000534057617,17.684999465942383,17.690000534057617,2804,0.0,0.0,0.0
2024-03-20 13:30:00-04:00,17.684999465942383,17.71500015258789,17.684099197387695,17.71500015258789,6406,0.0,0.0,0.0
2024-03-20 14:30:00-04:00,17.709999084472656,17.739999771118164,17.70009994506836,17.739700317382812,7594,0.0,0.0,0.0
2024-03-20 15:30:00-04:00,17.739999771118164,17.75,17.739999771118164,17.7450008392334,0,0.0,0.0,0.0
2024-03-21 09:30:00-04:00,17.780000686645508,17.780000686645508,17.752899169921875,17.758899688720703,2531,0.0,0.0,0.0
2024-03-21 10:30:00-04:00,17.75629997253418,17.760000228881836,17.75,17.75,4851,0.0,0.0,0.0
2024-03-21 11:30:00-04:00,17.75,17.759000778198242,17.75,17.759000778198242,36373,0.0,0.0,0.0
2024-03-21 12:30:00-04:00,17.759000778198242,17.759000778198242,17.75,17.7549991607666,2189,0.0,0.0,0.0
2024-03-21 13:30:00-04:00,17.753700256347656,17.760000228881836,17.75,17.75,3558,0.0,0.0,0.0
2024-03-21 14:30:00-04:00,17.756099700927734,17.760000228881836,17.75,17.75,7108,0.0,0.0,0.0
2024-03-21 15:30:00-04:00,17.750099182128906,17.760000228881836,17.750099182128906,17.7549991607666,5803,0.0,0.0,0.0
2024-03-22 09:30:00-04:00,17.809999465942383,17.81999969482422,17.80299949645996,17.80299949645996,0,0.0,0.0,0.0
2024-03-22 10:30:00-04:00,17.791200637817383,17.791200637817383,17.791200637817383,17.791200637817383,922,0.0,0.0,0.0
2024-03-22 11:30:00-04:00,17.799999237060547,17.799999237060547,17.782499313354492,17.788799285888672,8280,0.0,0.0,0.0
2024-03-22 12:30:00-04:00,17.784000396728516,17.790000915527344,17.780000686645508,17.790000915527344,3084,0.0,0.0,0.0
2024-03-22 13:30:00-04:00,17.7898006439209,17.789899826049805,17.780000686645508,17.789100646972656,3386,0.0,0.0,0.0
2024-03-22 14:30:00-04:00,17.790000915527344,17.790000915527344,17.78030014038086,17.78499984741211,9542,0.0,0.0,0.0
2024-03-22 15:30:00-04:00,17.787900924682617,17.788799285888672,17.78499984741211,17.78499984741211,1122,0.0,0.0,0.0
2024-03-25 09:30:00-04:00,17.770000457763672,17.770000457763672,17.76409912109375,17.769899368286133,0,0.0,0.0,0.0
2024-03-25 10:30:00-04:00,17.764999389648438,17.770000457763672,17.752500534057617,17.7549991607666,9604,0.0,0.0,0.0
2024-03-25 11:30:00-04:00,17.760000228881836,17.760000228881836,17.7549991607666,17.758899688720703,3747,0.0,0.0,0.0
2024-03-25 12:30:00-04:00,17.7549991607666,17.769699096679688,17.75,17.764999389648438,6482,0.0,0.0,0.0
2024-03-25 13:30:00-04:00,17.766300201416016,17.766300201416016,17.75,17.75,5453,0.0,0.0,0.0
2024-03-25 14:30:00-04:00,17.7450008392334,17.760000228881836,17.7450008392334,17.752399444580078,18134,0.0,0.0,0.0
2024-03-25 15:30:00-04:00,17.75320053100586,17.760000228881836,17.75,17.750999450683594,7815,0.0,0.0,0.0
2024-03-26 09:30:00-04:00,17.75,17.75,17.7450008392334,17.75,16559,0.0,0.0,0.0
2024-03-26 10:30:00-04:00,17.74020004272461,17.752099990844727,17.74020004272461,17.752099990844727,6223,0.0,0.0,0.0
2024-03-26 11:30:00-04:00,17.74049949645996,17.745899200439453,17.740100860595703,17.745399475097656,4763,0.0,0.0,0.0
2024-03-26 12:30:00-04:00,17.75,17.75979995727539,17.75,17.7549991607666,2027,0.0,0.0,0.0
2024-03-26 13:30:00-04:00,17.75119972229004,17.760000228881836,17.75,17.760000228881836,9881,0.0,0.0,0.0
2024-03-26 14:30:00-04:00,17.75,17.757099151611328,17.75,17.7549991607666,9728,0.0,0.0,0.0
2024-03-26 15:30:00-04:00,17.758899688720703,17.758899688720703,17.75,17.75040054321289,1599,0.0,0.0,0.0
2024-03-27 09:30:00-04:00,17.799999237060547,17.799999237060547,17.760000228881836,17.760000228881836,11255,0.0,0.0,0.0
2024-03-27 10:30:00-04:00,17.781999588012695,17.781999588012695,17.770000457763672,17.770000457763672,5340,0.0,0.0,0.0
2024-03-27 11:30:00-04:00,17.774999618530273,17.795000076293945,17.774999618530273,17.795000076293945,8996,0.0,0.0,0.0
2024-03-27 12:30:00-04:00,17.799999237060547,17.80500030517578,17.790000915527344,17.80500030517578,1173,0.0,0.0,0.0
2024-03-27 13:30:00-04:00,17.79990005493164,17.79990005493164,17.790000915527344,17.7947998046875,2778,0.0,0.0,0.0
2024-03-27 14:30:00-04:00,17.793899536132812,17.795000076293945,17.790000915527344,17.795000076293945,3861,0.0,0.0,0.0
2024-03-27 15:30:00-04:00,17.799999237060547,17.815000534057617,17.799999237060547,17.809999465942383,2457,0.0,0.0,0.0
2024-03-28 09:30:00-04:00,17.790000915527344,17.818099975585938,17.790000915527344,17.809999465942383,13581,0.0,0.0,0.0
2024-03-28 10:30:00-04:00,17.799999237060547,17.809999465942383,17.799999237060547,17.809999465942383,959,0.0,0.0,0.0
2024-03-28 11:30:00-04:00,17.806900024414062,17.8125,17.799999237060547,17.809999465942383,3510,0.0,0.0,0.0
2024-03-28 12:30:00-04:00,17.808900833129883,17.81170082092285,17.790000915527344,17.795000076293945,4930,0.0,0.0,0.0
2024-03-28 13:30:00-04:00,17.790000915527344,17.792499542236328,17.770000457763672,17.77989959716797,18866,0.0,0.0,0.0
2024-03-28 14:30:00-04:00,17.770000457763672,17.78499984741211,17.770000457763672,17.780000686645508,4176,0.0,0.0,0.0
2024-03-28 15:30:00-04:00,17.780000686645508,17.789899826049805,17.780000686645508,17.780500411987305,2817,0.0,0.0,0.0
2024-04-01 09:30:00-04:00,17.68000030517578,17.68000030517578,17.614999771118164,17.614999771118164,12375,0.0,0.0,0.0
2024-04-01 10:30:00-04:00,17.600000381469727,17.600000381469727,17.594999313354492,17.600000381469727,1571,0.0,0.0,0.0
2024-04-01 11:30:00-04:00,17.59000015258789,17.600000381469727,17.59000015258789,17.59000015258789,12872,0.0,0.0,0.0
2024-04-01 12:30:00-04:00,17.600000381469727,17.602100372314453,17.59000015258789,17.59000015258789,15325,0.0,0.0,0.0
2024-04-01 13:30:00-04:00,17.591899871826172,17.610000610351562,17.59000015258789,17.600000381469727,4328,0.0,0.0,0.0
2024-04-01 14:30:00-04:00,17.600000381469727,17.617700576782227,17.59000015258789,17.600000381469727,3988,0.0,0.0,0.0
2024-04-01 15:30:00-04:00,17.600000381469727,17.610000610351562,17.600000381469727,17.600000381469727,3331,0.0,0.0,0.0
2024-04-02 09:30:00-04:00,17.540000915527344,17.540000915527344,17.52989959716797,17.540000915527344,4813,0.0,0.0,0.0
2024-04-02 10:30:00-04:00,17.549699783325195,17.559999465942383,17.549699783325195,17.559999465942383,1879,0.0,0.0,0.0
2024-04-02 11:30:00-04:00,17.55229949951172,17.559999465942383,17.549999237060547,17.559999465942383,4400,0.0,0.0,0.0
2024-04-02 12:30:00-04:00,17.559999465942383,17.566699981689453,17.559999465942383,17.559999465942383,1285,0.0,0.0,0.0
2024-04-02 13:30:00-04:00,17.559999465942383,17.56999969482422,17.549999237060547,17.559999465942383,16379,0.0,0.0,0.0
2024-04-02 14:30:00-04:00,17.565000534057617,17.566699981689453,17.559999465942383,17.559999465942383,12861,0.0,0.0,0.0
2024-04-02 15:30:00-04:00,17.565000534057617,17.579999923706055,17.565000534057617,17.575000762939453,16280,0.0,0.0,0.0
2024-04-03 09:30:00-04:00,17.540000915527344,17.559999465942383,17.530000686645508,17.558799743652344,11403,0.0,0.0,0.0
2024-04-03 10:30:00-04:00,17.559999465942383,17.56999969482422,17.549999237060547,17.565000534057617,2434,0.0,0.0,0.0
2024-04-03 11:30:00-04:00,17.561100006103516,17.579999923706055,17.559999465942383,17.579999923706055,6656,0.0,0.0,0.0
2024-04-03 12:30:00-04:00,17.600000381469727,17.600000381469727,17.579999923706055,17.59000015258789,1695,0.0,0.0,0.0
2024-04-03 13:30:00-04:00,17.600000381469727,17.610000610351562,17.594999313354492,17.600000381469727,7182,0.0,0.0,0.0
2024-04-03 14:30:00-04:00,17.60580062866211,17.610000610351562,17.600000381469727,17.600000381469727,35759,0.0,0.0,0.0
2024-04-03 15:30:00-04:00,17.600000381469727,17.604999542236328,17.600000381469727,17.604999542236328,7846,0.0,0.0,0.0
2024-04-04 09:30:00-04:00,17.670000076293945,17.670000076293945,17.65999984741211,17.665000915527344,12249,0.0,0.0,0.0
2024-04-04 10:30:00-04:00,17.65999984741211,17.65999984741211,17.639999389648438,17.649999618530273,11373,0.0,0.0,0.0
2024-04-04 11:30:00-04:00,17.641700744628906,17.649999618530273,17.641700744628906,17.645000457763672,1631,0.0,0.0,0.0
2024-04-04 12:30:00-04:00,17.641399383544922,17.641399383544922,17.641399383544922,17.641399383544922,9071,0.0,0.0,0.0
2024-04-04 13:30:00-04:00,17.639999389648438,17.649999618530273,17.620100021362305,17.620100021362305,4345,0.0,0.0,0.0
2024-04-04 14:30:00-04:00,17.625,17.639999389648438,17.625,17.639999389648438,6674,0.0,0.0,0.0
2024-04-04 15:30:00-04:00,17.638999938964844,17.639999389648438,17.62579917907715,17.639999389648438,0,0.0,0.0,0.0
2024-04-05 09:30:00-04:00,17.610000610351562,17.610000610351562,17.59000015258789,17.590099334716797,3838,0.0,0.0,0.0
2024-04-05 10:30:00-04:00,17.61989974975586,17.61989974975586,17.600000381469727,17.600000381469727,8321,0.0,0.0,0.0
2024-04-05 11:30:00-04:00,17.600000381469727,17.6200008392334,17.600000381469727,17.6200008392334,1429,0.0,0.0,0.0
2024-04-05 12:30:00-04:00,17.616199493408203,17.61639976501465,17.600099563598633,17.606300354003906,3695,0.0,0.0,0.0
2024-04-05 13:30:00-04:00,17.59000015258789,17.59000015258789,17.59000015258789,17.59000015258789,1066,0.0,0.0,0.0
2024-04-05 14:30:00-04:00,17.60099983215332,17.604999542236328,17.587499618530273,17.59600067138672,3288,0.0,0.0,0.0
2024-04-05 15:30:00-04:00,17.581100463867188,17.581100463867188,17.581100463867188,17.581100463867188,284,0.0,0.0,0.0
2024-04-08 09:30:00-04:00,17.579999923706055,17.579999923706055,17.55109977722168,17.565000534057617,5105,0.0,0.0,0.0
2024-04-08 10:30:00-04:00,17.567899703979492,17.579999923706055,17.56450080871582,17.56999969482422,2310,0.0,0.0,0.0
2024-04-08 11:30:00-04:00,17.560100555419922,17.56999969482422,17.559999465942383,17.56999969482422,5036,0.0,0.0,0.0
2024-04-08 12:30:00-04:00,17.568899154663086,17.56999969482422,17.56450080871582,17.56999969482422,3899,0.0,0.0,0.0
2024-04-08 13:30:00-04:00,17.579999923706055,17.59000015258789,17.579999923706055,17.579999923706055,1020,0.0,0.0,0.0
2024-04-08 14:30:00-04:00,17.598899841308594,17.598899841308594,17.579999923706055,17.58009910583496,9153,0.0,0.0,0.0
2024-04-08 15:30:00-04:00,17.58989906311035,17.58989906311035,17.58989906311035,17.58989906311035,341,0.0,0.0,0.0
2024-04-09 09:30:00-04:00,17.639999389648438,17.649999618530273,17.63170051574707,17.649999618530273,5653,0.0,0.0,0.0
2024-04-09 10:30:00-04:00,17.6466007232666,17.6466007232666,17.630599975585938,17.645000457763672,30322,0.0,0.0,0.0
2024-04-09 11:30:00-04:00,17.646900177001953,17.649999618530273,17.64080047607422,17.64929962158203,2914,0.0,0.0,0.0
2024-04-09 12:30:00-04:00,17.645000457763672,17.649999618530273,17.640100479125977,17.649999618530273,5858,0.0,0.0,0.0
2024-04-09 13:30:00-04:00,17.639999389648438,17.649999618530273,17.639999389648438,17.649999618530273,953,0.0,0.0,0.0
2024-04-09 14:30:00-04:00,17.639999389648438,17.646900177001953,17.639999389648438,17.644100189208984,4030,0.0,0.0,0.0
2024-04-09 15:30:00-04:00,17.6427001953125,17.649999618530273,17.6299991607666,17.640600204467773,0,0.0,0.0,0.0
2024-04-10 09:30:00-04:00,17.5,17.5049991607666,17.49169921875,17.4950008392334,5872,0.0,0.0,0.0
2024-04-10 10:30:00-04:00,17.5,17.520000457763672,17.489999771118164,17.490100860595703,3060,0.0,0.0,0.0
2024-04-10 11:30:00-04:00,17.489999771118164,17.4950008392334,17.469999313354492,17.479999542236328,2544,0.0,0.0,0.0
2024-04-10 12:30:00-04:00,17.47599983215332,17.47909927368164,17.434999465942383,17.44969940185547,5720,0.0,0.0,0.0
2024-04-10 13:30:00-04:00,17.440000534057617,17.450000762939453,17.437999725341797,17.437999725341797,6420,0.0,0.0,0.0
2024-04-10 14:30:00-04:00,17.434999465942383,17.434999465942383,17.420000076293945,17.423099517822266,2618,0.0,0.0,0.0
2024-04-10 15:30:00-04:00,17.42609977722168,17.44499969482422,17.424999237060547,17.434999465942383,0,0.0,0.0,0.0
2024-04-11 09:30:00-04:00,17.489999771118164,17.489999771118164,17.389999389648438,17.389999389648438,10088,0.0,0.0,0.0
2024-04-11 10:30:00-04:00,17.399999618530273,17.399999618530273,17.3799991607666,17.3799991607666,5519,0.0,0.0,0.0
2024-04-11 11:30:00-04:00,17.371700286865234,17.399999618530273,17.3700008392334,17.389999389648438,5881,0.0,0.0,0.0
2024-04-11 12:30:00-04:00,17.389999389648438,17.398799896240234,17.389999389648438,17.398799896240234,292,0.0,0.0,0.0
2024-04-11 13:30:00-04:00,17.40999984741211,17.43000030517578,17.40999984741211,17.43000030517578,3504,0.0,0.0,0.0
2024-04-11 14:30:00-04:00,17.420000076293945,17.43000030517578,17.40999984741211,17.420000076293945,905,0.0,0.0,0.0
2024-04-11 15:30:00-04:00,17.41710090637207,17.420000076293945,17.405000686645508,17.40999984741211,0,0.0,0.0,0.0
2024-04-12 09:30:00-04:00,17.469999313354492,17.469999313354492,17.420000076293945,17.43400001525879,39404,0.0,0.0,0.0
2024-04-12 10:30:00-04:00,17.440000534057617,17.440000534057617,17.426000595092773,17.426000595092773,1623,0.0,0.0,0.0
2024-04-12 11:30:00-04:00,17.42009925842285,17.429000854492188,17.420000076293945,17.424999237060547,3163,0.0,0.0,0.0
2024-04-12 12:30:00-04:00,17.424999237060547,17.43000030517578,17.420000076293945,17.424699783325195,8060,0.0,0.0,0.0
2024-04-12 13:30:00-04:00,17.424999237060547,17.43589973449707,17.417299270629883,17.420000076293945,4675,0.0,0.0,0.0
2024-04-12 14:30:00-04:00,17.40999984741211,17.43000030517578,17.40999984741211,17.420000076293945,3792,0.0,0.0,0.0
2024-04-12 15:30:00-04:00,17.415000915527344,17.420000076293945,17.415000915527344,17.420000076293945,620,0.0,0.0,0.0
2024-04-15 09:30:00-04:00,17.34000015258789,17.34000015258789,17.309999465942383,17.309999465942383,6401,0.0,0.0,0.0
2024-04-15 10:30:00-04:00,17.290000915527344,17.34000015258789,17.290000915527344,17.299999237060547,15264,0.0,0.0,0.0
2024-04-15 11:30:00-04:00,17.30500030517578,17.30500030517578,17.28809928894043,17.28809928894043,6523,0.0,0.0,0.0
2024-04-15 12:30:00-04:00,17.295000076293945,17.299999237060547,17.280000686645508,17.295900344848633,9930,0.0,0.0,0.0
2024-04-15 13:30:00-04:00,17.280000686645508,17.295000076293945,17.274999618530273,17.274999618530273,1922,0.0,0.0,0.0
2024-04-15 14:30:00-04:00,17.270000457763672,17.280000686645508,17.260099411010742,17.274999618530273,4344,0.0,0.0,0.0
2024-04-15 15:30:00-04:00,17.280000686645508,17.28499984741211,17.270200729370117,17.28499984741211,15289,0.0,0.0,0.0
2024-04-16 09:30:00-04:00,17.229999542236328,17.229999542236328,17.19499969482422,17.200000762939453,0,0.0,0.0,0.0
2024-04-16 10:30:00-04:00,17.209999084472656,17.229999542236328,17.209999084472656,17.21500015258789,4283,0.0,0.0,0.0
2024-04-16 11:30:00-04:00,17.22879981994629,17.229999542236328,17.219999313354492,17.225500106811523,8141,0.0,0.0,0.0
2024-04-16 12:30:00-04:00,17.219999313354492,17.223800659179688,17.209999084472656,17.209999084472656,1830,0.0,0.0,0.0
2024-04-16 13:30:00-04:00,17.190000534057617,17.239999771118164,17.190000534057617,17.229999542236328,4215,0.0,0.0,0.0
2024-04-16 14:30:00-04:00,17.219999313354492,17.229999542236328,17.219999313354492,17.225900650024414,6598,0.0,0.0,0.0
2024-04-16 15:30:00-04:00,17.225000381469727,17.225000381469727,17.214000701904297,17.219999313354492,0,0.0,0.0,0.0
2024-04-17 09:30:00-04:00,17.239999771118164,17.290000915527344,17.239999771118164,17.280000686645508,16746,0.0,0.0,0.0
2024-04-17 10:30:00-04:00,17.260000228881836,17.260299682617188,17.260000228881836,17.260299682617188,1937,0.0,0.0,0.0
2024-04-17 11:30:00-04:00,17.269899368286133,17.270000457763672,17.264999389648438,17.264999389648438,3513,0.0,0.0,0.0
2024-04-17 12:30:00-04:00,17.260000228881836,17.274999618530273,17.260000228881836,17.260400772094727,16526,0.0,0.0,0.0
2024-04-17 13:30:00-04:00,17.270000457763672,17.299999237060547,17.267200469970703,17.299999237060547,0,0.0,0.0,0.0
2024-04-17 14:30:00-04:00,17.290000915527344,17.290000915527344,17.275100708007812,17.275100708007812,49547,0.0,0.0,0.0
2024-04-17 15:30:00-04:00,17.27120018005371,17.290000915527344,17.27120018005371,17.280000686645508,2662,0.0,0.0,0.0
2024-04-18 09:30:00-04:00,17.309999465942383,17.309999465942383,17.260000228881836,17.270000457763672,7974,0.0,0.0,0.0
2024-04-18 10:30:00-04:00,17.270000457763672,17.270000457763672,17.261699676513672,17.270000457763672,3780,0.0,0.0,0.0
2024-04-18 11:30:00-04:00,17.264999389648438,17.269899368286133,17.260299682617188,17.260700225830078,6364,0.0,0.0,0.0
2024-04-18 12:30:00-04:00,17.244400024414062,17.25,17.240100860595703,17.240100860595703,3398,0.0,0.0,0.0
2024-04-18 13:30:00-04:00,17.24690055847168,17.25,17.239999771118164,17.239999771118164,4695,0.0,0.0,0.0
2024-04-18 14:30:00-04:00,17.2450008392334,17.25,17.239999771118164,17.25,2355,0.0,0.0,0.0
2024-04-18 15:30:00-04:00,17.25,17.26449966430664,17.2450008392334,17.260900497436523,4125,0.0,0.0,0.0
2024-04-19 09:30:00-04:00,17.280000686645508,17.289899826049805,17.280000686645508,17.280000686645508,5378,0.0,0.0,0.0
2024-04-19 10:30:00-04:00,17.280000686645508,17.28619956970215,17.280000686645508,17.28529930114746,5744,0.0,0.0,0.0
2024-04-19 11:30:00-04:00,17.290000915527344,17.290000915527344,17.28499984741211,17.28499984741211,633,0.0,0.0,0.0
2024-04-19 12:30:00-04:00,17.285999298095703,17.285999298095703,17.280000686645508,17.280000686645508,301,0.0,0.0,0.0
2024-04-19 13:30:00-04:00,17.270999908447266,17.280000686645508,17.270000457763672,17.280000686645508,12365,0.0,0.0,0.0
2024-04-19 14:30:00-04:00,17.27549934387207,17.290000915527344,17.27199935913086,17.290000915527344,3760,0.0,0.0,0.0
2024-04-19 15:30:00-04:00,17.279300689697266,17.279300689697266,17.279300689697266,17.279300689697266,100,0.0,0.0,0.0
2024-04-22 09:30:00-04:00,17.280000686645508,17.309999465942383,17.274200439453125,17.30109977722168,0,0.0,0.0,0.0
2024-04-22 10:30:00-04:00,17.299999237060547,17.309999465942383,17.299999237060547,17.309999465942383,4680,0.0,0.0,0.0
2024-04-22 11:30:00-04:00,17.30500030517578,17.31999969482422,17.302499771118164,17.309999465942383,8514,0.0,0.0,0.0
2024-04-22 12:30:00-04:00,17.30500030517578,17.329999923706055,17.299999237060547,17.329999923706055,7097,0.0,0.0,0.0
2024-04-22 13:30:00-04:00,17.321199417114258,17.329999923706055,17.320100784301758,17.32390022277832,2385,0.0,0.0,0.0
2024-04-22 14:30:00-04:00,17.32379913330078,17.34000015258789,17.322099685668945,17.329599380493164,3197,0.0,0.0,0.0
2024-04-22 15:30:00-04:00,17.325000762939453,17.325000762939453,17.320100784301758,17.325000762939453,834,0.0,0.0,0.0
2024-04-23 09:30:00-04:00,17.290000915527344,17.389999389648438,17.290000915527344,17.38010025024414,55592,0.0,0.0,0.0
2024-04-23 10:30:00-04:00,17.389999389648438,17.389999389648438,17.3799991607666,17.389999389648438,7138,0.0,0.0,0.0
2024-04-23 11:30:00-04:00,17.388599395751953,17.389999389648438,17.382999420166016,17.384000778198242,3032,0.0,0.0,0.0
2024-04-23 12:30:00-04:00,17.385000228881836,17.399700164794922,17.380199432373047,17.380199432373047,1571,0.0,0.0,0.0
2024-04-23 13:30:00-04:00,17.389999389648438,17.398000717163086,17.381099700927734,17.381099700927734,2808,0.0,0.0,0.0
2024-04-23 14:30:00-04:00,17.385000228881836,17.385000228881836,17.372400283813477,17.37689971923828,2349,0.0,0.0,0.0
2024-04-23 15:30:00-04:00,17.372499465942383,17.3799991607666,17.370100021362305,17.375,0,0.0,0.0,0.0
2024-04-24 09:30:00-04:00,17.329999923706055,17.344999313354492,17.30500030517578,17.30500030517578,4896,0.0,0.0,0.0
2024-04-24 10:30:00-04:00,17.31999969482422,17.31999969482422,17.303699493408203,17.303699493408203,1094,0.0,0.0,0.0
2024-04-24 11:30:00-04:00,17.308000564575195,17.3080997467041,17.290000915527344,17.3080997467041,1964,0.0,0.0,0.0
2024-04-24 12:30:00-04:00,17.290000915527344,17.31999969482422,17.290000915527344,17.31999969482422,237,0.0,0.0,0.0
2024-04-24 13:30:00-04:00,17.299999237060547,17.31999969482422,17.290000915527344,17.290000915527344,16162,0.0,0.0,0.0
2024-04-24 14:30:00-04:00,17.290000915527344,17.299999237060547,17.290000915527344,17.299999237060547,5687,0.0,0.0,0.0
2024-04-24 15:30:00-04:00,17.299999237060547,17.299999237060547,17.290000915527344,17.299999237060547,14687,0.0,0.0,0.0
2024-04-25 09:30:00-04:00,17.219999313354492,17.23900032043457,17.20989990234375,17.23310089111328,8072,0.0,0.0,0.0
2024-04-25 10:30:00-04:00,17.229999542236328,17.239700317382812,17.229999542236328,17.239700317382812,1473,0.0,0.0,0.0
2024-04-25 11:30:00-04:00,17.2450008392334,17.25,17.2450008392334,17.24970054626465,3542,0.0,0.0,0.0
2024-04-25 12:30:00-04:00,17.253999710083008,17.270000457763672,17.25119972229004,17.25979995727539,14843,0.0,0.0,0.0
2024-04-25 13:30:00-04:00,17.25950050354004,17.270000457763672,17.25,17.25,3835,0.0,0.0,0.0
2024-04-25 14:30:00-04:00,17.260000228881836,17.265199661254883,17.260000228881836,17.265199661254883,2665,0.0,0.0,0.0
2024-04-25 15:30:00-04:00,17.269899368286133,17.270000457763672,17.260000228881836,17.260000228881836,5612,0.0,0.0,0.0
2024-04-26 09:30:00-04:00,17.290000915527344,17.325000762939453,17.290000915527344,17.325000762939453,69533,0.0,0.0,0.0
2024-04-26 10:30:00-04:00,17.31999969482422,17.31999969482422,17.310300827026367,17.310300827026367,1751,0.0,0.0,0.0
2024-04-26 11:30:00-04:00,17.31999969482422,17.31999969482422,17.3125,17.316099166870117,10116,0.0,0.0,0.0
2024-04-26 12:30:00-04:00,17.31170082092285,17.31999969482422,17.309999465942383,17.315000534057617,4636,0.0,0.0,0.0
2024-04-26 13:30:00-04:00,17.309999465942383,17.31999969482422,17.309999465942383,17.31570053100586,859,0.0,0.0,0.0
2024-04-26 14:30:00-04:00,17.31999969482422,17.31999969482422,17.31209945678711,17.31999969482422,10175,0.0,0.0,0.0
2024-04-26 15:30:00-04:00,17.31999969482422,17.320100784301758,17.31800079345703,17.31800079345703,1093,0.0,0.0,0.0
2024-04-29 09:30:00-04:00,17.34000015258789,17.3700008392334,17.34000015258789,17.367900848388672,3052,0.0,0.0,0.0
2024-04-29 10:30:00-04:00,17.36009979248047,17.3799991607666,17.36009979248047,17.377500534057617,2794,0.0,0.0,0.0
2024-04-29 11:30:00-04:00,17.371000289916992,17.3799991607666,17.371000289916992,17.3799991607666,12484,0.0,0.0,0.0
2024-04-29 12:30:00-04:00,17.382999420166016,17.389999389648438,17.381099700927734,17.38990020751953,4776,0.0,0.0,0.0
2024-04-29 13:30:00-04:00,17.38010025024414,17.39579963684082,17.38010025024414,17.38010025024414,9874,0.0,0.0,0.0
2024-04-29 14:30:00-04:00,17.38010025024414,17.38010025024414,17.360000610351562,17.371200561523438,14745,0.0,0.0,0.0
2024-04-29 15:30:00-04:00,17.375,17.389999389648438,17.375,17.389999389648438,2390,0.0,0.0,0.0
2024-04-30 09:30:00-04:00,17.329999923706055,17.34000015258789,17.311800003051758,17.34000015258789,4375,0.0,0.0,0.0
2024-04-30 10:30:00-04:00,17.333200454711914,17.333200454711914,17.315000534057617,17.31999969482422,5404,0.0,0.0,0.0
2024-04-30 11:30:00-04:00,17.324899673461914,17.329099655151367,17.324899673461914,17.329099655151367,1607,0.0,0.0,0.0
2024-04-30 12:30:00-04:00,17.31999969482422,17.31999969482422,17.30500030517578,17.316299438476562,7206,0.0,0.0,0.0
2024-04-30 13:30:00-04:00,17.315000534057617,17.315000534057617,17.309999465942383,17.309999465942383,2453,0.0,0.0,0.0
2024-04-30 14:30:00-04:00,17.295000076293945,17.295000076293945,17.280000686645508,17.281200408935547,7701,0.0,0.0,0.0
2024-04-30 15:30:00-04:00,17.289899826049805,17.290000915527344,17.280000686645508,17.280000686645508,3474,0.0,0.0,0.0
2024-05-01 09:30:00-04:00,17.229999542236328,17.25,17.229999542236328,17.24489974975586,2045,0.0,0.0,0.0
2024-05-01 11:30:00-04:00,17.239999771118164,17.260000228881836,17.239900588989258,17.2450008392334,2877121,0.0,0.0,0.0
2024-05-01 12:30:00-04:00,17.259899139404297,17.259899139404297,17.25,17.25,1577,0.0,0.0,0.0
2024-05-01 13:30:00-04:00,17.239999771118164,17.280000686645508,17.239999771118164,17.270000457763672,20824,0.0,0.0,0.0
2024-05-01 14:30:00-04:00,17.270000457763672,17.350000381469727,17.270000457763672,17.329999923706055,43925,0.0,0.0,0.0
2024-05-01 15:30:00-04:00,17.30299949645996,17.30299949645996,17.290000915527344,17.29050064086914,0,0.0,0.0,0.0
2024-05-02 09:30:00-04:00,17.329999923706055,17.329999923706055,17.299999237060547,17.31329917907715,4688,0.0,0.0,0.0
2024-05-02 10:30:00-04:00,17.309999465942383,17.329999923706055,17.309999465942383,17.329999923706055,640,0.0,0.0,0.0
2024-05-02 11:30:00-04:00,17.34000015258789,17.3572998046875,17.34000015258789,17.357099533081055,6167,0.0,0.0,0.0
2024-05-02 12:30:00-04:00,17.360000610351562,17.373899459838867,17.350000381469727,17.373899459838867,4700,0.0,0.0,0.0
2024-05-02 13:30:00-04:00,17.375,17.3799991607666,17.375,17.3799991607666,812,0.0,0.0,0.0
2024-05-02 14:30:00-04:00,17.389999389648438,17.399999618530273,17.381099700927734,17.39620018005371,5141,0.0,0.0,0.0
2024-05-02 15:30:00-04:00,17.389799118041992,17.389999389648438,17.3799991607666,17.385499954223633,0,0.0,0.0,0.0
2024-05-03 09:30:00-04:00,17.540000915527344,17.540000915527344,17.489999771118164,17.489999771118164,23814,0.0,0.0,0.0
2024-05-03 10:30:00-04:00,17.479999542236328,17.4950008392334,17.474000930786133,17.4950008392334,1345,0.0,0.0,0.0
2024-05-03 11:30:00-04:00,17.502099990844727,17.510000228881836,17.5,17.508800506591797,2547,0.0,0.0,0.0
2024-05-03 12:30:00-04:00,17.510000228881836,17.520000457763672,17.492700576782227,17.520000457763672,14744,0.0,0.0,0.0
2024-05-03 13:30:00-04:00,17.510099411010742,17.520000457763672,17.5,17.514999389648438,14419,0.0,0.0,0.0
2024-05-03 14:30:00-04:00,17.510000228881836,17.514999389648438,17.5049991607666,17.514999389648438,2504,0.0,0.0,0.0
2024-05-03 15:30:00-04:00,17.520000457763672,17.520000457763672,17.520000457763672,17.520000457763672,1275,0.0,0.0,0.0
2024-05-06 09:30:00-04:00,17.540000915527344,17.549999237060547,17.524999618530273,17.549999237060547,13949,0.0,0.0,0.0
2024-05-06 10:30:00-04:00,17.540000915527344,17.549999237060547,17.530000686645508,17.530000686645508,1747,0.0,0.0,0.0
2024-05-06 11:30:00-04:00,17.53070068359375,17.540000915527344,17.530099868774414,17.534000396728516,4065,0.0,0.0,0.0
2024-05-06 12:30:00-04:00,17.53499984741211,17.540000915527344,17.53350067138672,17.540000915527344,3980,0.0,0.0,0.0
2024-05-06 14:30:00-04:00,17.549699783325195,17.549999237060547,17.540000915527344,17.540000915527344,4812,0.0,0.0,0.0
2024-05-06 15:30:00-04:00,17.540000915527344,17.549999237060547,17.530099868774414,17.549999237060547,4528,0.0,0.0,0.0
2024-05-07 09:30:00-04:00,17.59000015258789,17.600000381469727,17.579999923706055,17.58009910583496,9762,0.0,0.0,0.0
2024-05-07 10:30:00-04:00,17.586200714111328,17.59000015258789,17.581199645996094,17.59000015258789,1656,0.0,0.0,0.0
2024-05-07 11:30:00-04:00,17.59000015258789,17.599899291992188,17.59000015258789,17.59000015258789,4957,0.0,0.0,0.0
2024-05-07 12:30:00-04:00,17.579999923706055,17.579999923706055,17.57390022277832,17.57390022277832,1696,0.0,0.0,0.0
2024-05-07 13:30:00-04:00,17.579999923706055,17.579999923706055,17.56599998474121,17.56599998474121,1253,0.0,0.0,0.0
2024-05-07 14:30:00-04:00,17.544200897216797,17.555700302124023,17.540000915527344,17.55500030517578,4119,0.0,0.0,0.0
2024-05-07 15:30:00-04:00,17.549999237060547,17.559999465942383,17.549999237060547,17.55500030517578,5322,0.0,0.0,0.0
2024-05-08 09:30:00-04:00,17.520000457763672,17.52989959716797,17.510099411010742,17.520000457763672,11644,0.0,0.0,0.0
2024-05-08 10:30:00-04:00,17.52630043029785,17.52630043029785,17.511999130249023,17.511999130249023,8671,0.0,0.0,0.0
2024-05-08 11:30:00-04:00,17.514999389648438,17.517499923706055,17.514999389648438,17.517499923706055,3816,0.0,0.0,0.0
2024-05-08 12:30:00-04:00,17.514999389648438,17.517000198364258,17.51059913635254,17.51099967956543,1156,0.0,0.0,0.0
2024-05-08 13:30:00-04:00,17.520000457763672,17.520000457763672,17.519899368286133,17.519899368286133,1902,0.0,0.0,0.0
2024-05-08 14:30:00-04:00,17.51490020751953,17.518199920654297,17.510000228881836,17.510000228881836,2297,0.0,0.0,0.0
2024-05-08 15:30:00-04:00,17.5049991607666,17.510000228881836,17.5049991607666,17.510000228881836,0,0.0,0.0,0.0
2024-05-09 09:30:00-04:00,17.510000228881836,17.510000228881836,17.5,17.5049991607666,37136,0.0,0.0,0.0
2024-05-09 10:30:00-04:00,17.510000228881836,17.520000457763672,17.507999420166016,17.520000457763672,11323,0.0,0.0,0.0
2024-05-09 11:30:00-04:00,17.514999389648438,17.530000686645508,17.5132999420166,17.514999389648438,3601,0.0,0.0,0.0
2024-05-09 12:30:00-04:00,17.51609992980957,17.530000686645508,17.514999389648438,17.530000686645508,6033,0.0,0.0,0.0
2024-05-09 13:30:00-04:00,17.531099319458008,17.540000915527344,17.524999618530273,17.531099319458008,8217,0.0,0.0,0.0
2024-05-09 14:30:00-04:00,17.53499984741211,17.549999237060547,17.53499984741211,17.539899826049805,972,0.0,0.0,0.0
2024-05-09 15:30:00-04:00,17.540000915527344,17.540000915527344,17.53499984741211,17.53499984741211,7659,0.0,0.0,0.0
2024-05-10 09:30:00-04:00,17.510000228881836,17.524999618530273,17.500999450683594,17.500999450683594,7325,0.0,0.0,0.0
2024-05-10 10:30:00-04:00,17.500099182128906,17.501100540161133,17.500099182128906,17.501100540161133,759,0.0,0.0,0.0
2024-05-10 11:30:00-04:00,17.491199493408203,17.5,17.489999771118164,17.489999771118164,6466,0.0,0.0,0.0
2024-05-10 12:30:00-04:00,17.496400833129883,17.496400833129883,17.489999771118164,17.490999221801758,7272,0.0,0.0,0.0
2024-05-10 13:30:00-04:00,17.5,17.5,17.492599487304688,17.492599487304688,1313,0.0,0.0,0.0
2024-05-10 14:30:00-04:00,17.5,17.5,17.489999771118164,17.49340057373047,1311,0.0,0.0,0.0
2024-05-10 15:30:00-04:00,17.4950008392334,17.4950008392334,17.4950008392334,17.4950008392334,129,0.0,0.0,0.0
2024-05-13 09:30:00-04:00,17.520000457763672,17.540000915527344,17.520000457763672,17.521900177001953,21167,0.0,0.0,0.0
2024-05-13 10:30:00-04:00,17.530000686645508,17.530000686645508,17.510000228881836,17.520000457763672,0,0.0,0.0,0.0
2024-05-13 11:30:00-04:00,17.51099967956543,17.51099967956543,17.51099967956543,17.51099967956543,22670,0.0,0.0,0.0
2024-05-13 12:30:00-04:00,17.514999389648438,17.520000457763672,17.510000228881836,17.510000228881836,5052,0.0,0.0,0.0
2024-05-13 13:30:00-04:00,17.516300201416016,17.516300201416016,17.513500213623047,17.513500213623047,2766,0.0,0.0,0.0
2024-05-13 14:30:00-04:00,17.510000228881836,17.520000457763672,17.510000228881836,17.510000228881836,2228,0.0,0.0,0.0
2024-05-13 15:30:00-04:00,17.5039005279541,17.510000228881836,17.5,17.510000228881836,9298,0.0,0.0,0.0
2024-05-14 09:30:00-04:00,17.549999237060547,17.549999237060547,17.549999237060547,17.549999237060547,249,0.0,0.0,0.0
2024-05-14 10:30:00-04:00,17.530000686645508,17.53820037841797,17.526500701904297,17.53820037841797,5036,0.0,0.0,0.0
2024-05-14 11:30:00-04:00,17.528900146484375,17.528900146484375,17.520000457763672,17.526399612426758,7598,0.0,0.0,0.0
2024-05-14 12:30:00-04:00,17.523500442504883,17.540000915527344,17.523500442504883,17.540000915527344,7748,0.0,0.0,0.0
2024-05-14 13:30:00-04:00,17.536300659179688,17.5492000579834,17.53499984741211,17.5492000579834,11425,0.0,0.0,0.0
2024-05-14 14:30:00-04:00,17.549999237060547,17.55069923400879,17.540000915527344,17.546300888061523,14226,0.0,0.0,0.0
2024-05-14 15:30:00-04:00,17.549999237060547,17.549999237060547,17.540000915527344,17.545000076293945,0,0.0,0.0,0.0
2024-05-15 09:30:00-04:00,17.649999618530273,17.655000686645508,17.649999618530273,17.655000686645508,4225,0.0,0.0,0.0
2024-05-15 10:30:00-04:00,17.639999389648438,17.649999618530273,17.639999389648438,17.64109992980957,2484,0.0,0.0,0.0
2024-05-15 11:30:00-04:00,17.65999984741211,17.65999984741211,17.65999984741211,17.65999984741211,1271,0.0,0.0,0.0
2024-05-15 12:30:00-04:00,17.662500381469727,17.681100845336914,17.662500381469727,17.681100845336914,4770,0.0,0.0,0.0
2024-05-15 13:30:00-04:00,17.680099487304688,17.690000534057617,17.680099487304688,17.684999465942383,4650,0.0,0.0,0.0
2024-05-15 14:30:00-04:00,17.690000534057617,17.690000534057617,17.670000076293945,17.670000076293945,1465,0.0,0.0,0.0
2024-05-15 15:30:00-04:00,17.670000076293945,17.690000534057617,17.670000076293945,17.684999465942383,0,0.0,0.0,0.0
2024-05-16 09:30:00-04:00,17.68000030517578,17.693500518798828,17.68000030517578,17.690000534057617,12498,0.0,0.0,0.0
2024-05-16 10:30:00-04:00,17.691099166870117,17.69499969482422,17.691099166870117,17.691099166870117,1920,0.0,0.0,0.0
2024-05-16 11:30:00-04:00,17.69099998474121,17.69099998474121,17.681100845336914,17.689899444580078,3370,0.0,0.0,0.0
2024-05-16 12:30:00-04:00,17.684999465942383,17.690000534057617,17.683399200439453,17.683399200439453,4792,0.0,0.0,0.0
2024-05-16 13:30:00-04:00,17.674999237060547,17.674999237060547,17.67009925842285,17.67009925842285,1034,0.0,0.0,0.0
2024-05-16 14:30:00-04:00,17.674999237060547,17.68000030517578,17.670000076293945,17.670000076293945,12434,0.0,0.0,0.0
2024-05-16 15:30:00-04:00,17.68000030517578,17.68000030517578,17.670000076293945,17.68000030517578,6942,0.0,0.0,0.0
2024-05-17 09:30:00-04:00,17.649999618530273,17.649999618530273,17.6299991607666,17.635000228881836,65020,0.0,0.0,0.0
2024-05-17 10:30:00-04:00,17.639999389648438,17.659299850463867,17.639999389648438,17.645999908447266,10235,0.0,0.0,0.0
2024-05-17 12:30:00-04:00,17.640100479125977,17.649099349975586,17.639999389648438,17.639999389648438,4305,0.0,0.0,0.0
2024-05-17 13:30:00-04:00,17.630199432373047,17.633499145507812,17.63010025024414,17.63010025024414,2137,0.0,0.0,0.0
2024-05-17 14:30:00-04:00,17.639999389648438,17.639999389648438,17.63990020751953,17.639999389648438,3138,0.0,0.0,0.0
2024-05-17 15:30:00-04:00,17.639999389648438,17.639999389648438,17.639999389648438,17.639999389648438,100,0.0,0.0,0.0
2024-05-20 09:30:00-04:00,17.649999618530273,17.649999618530273,17.624300003051758,17.633100509643555,8112,0.0,0.0,0.0
2024-05-20 10:30:00-04:00,17.635000228881836,17.639999389648438,17.630699157714844,17.635000228881836,2662,0.0,0.0,0.0
2024-05-20 11:30:00-04:00,17.63010025024414,17.639999389648438,17.6299991607666,17.6299991607666,3158,0.0,0.0,0.0
2024-05-20 12:30:00-04:00,17.6299991607666,17.639699935913086,17.6299991607666,17.6387996673584,3752,0.0,0.0,0.0
2024-05-20 13:30:00-04:00,17.635000228881836,17.639999389648438,17.6299991607666,17.6299991607666,9177,0.0,0.0,0.0
2024-05-20 14:30:00-04:00,17.63909912109375,17.63909912109375,17.625,17.625099182128906,12989,0.0,0.0,0.0
2024-05-20 15:30:00-04:00,17.6210994720459,17.625,17.6210994720459,17.625,0,0.0,0.0,0.0
2024-05-21 09:30:00-04:00,17.649999618530273,17.65999984741211,17.649999618530273,17.6564998626709,10397,0.0,0.0,0.0
2024-05-21 10:30:00-04:00,17.65959930419922,17.665000915527344,17.65130043029785,17.6564998626709,10240,0.0,0.0,0.0
2024-05-21 11:30:00-04:00,17.655000686645508,17.65999984741211,17.655000686645508,17.65999984741211,2867,0.0,0.0,0.0
2024-05-21 12:30:00-04:00,17.649999618530273,17.65999984741211,17.649999618530273,17.655000686645508,9659,0.0,0.0,0.0
2024-05-21 13:30:00-04:00,17.65999984741211,17.65999984741211,17.650100708007812,17.655000686645508,9272,0.0,0.0,0.0
2024-05-21 14:30:00-04:00,17.649999618530273,17.65999984741211,17.643999099731445,17.649999618530273,6033,0.0,0.0,0.0
2024-05-21 15:30:00-04:00,17.649999618530273,17.649999618530273,17.649999618530273,17.649999618530273,0,0.0,0.0,0.0
2024-05-22 09:30:00-04:00,17.600000381469727,17.629899978637695,17.600000381469727,17.629899978637695,8239,0.0,0.0,0.0
2024-05-22 10:30:00-04:00,17.6200008392334,17.6299991607666,17.6200008392334,17.625,7181,0.0,0.0,0.0
2024-05-22 11:30:00-04:00,17.629899978637695,17.629899978637695,17.620899200439453,17.620899200439453,10220,0.0,0.0,0.0
2024-05-22 12:30:00-04:00,17.6299991607666,17.6299991607666,17.624099731445312,17.625,3050,0.0,0.0,0.0
2024-05-22 13:30:00-04:00,17.6299991607666,17.6299991607666,17.610000610351562,17.610000610351562,7163,0.0,0.0,0.0
2024-05-22 14:30:00-04:00,17.602800369262695,17.604999542236328,17.600000381469727,17.604999542236328,2361,0.0,0.0,0.0
2024-05-22 15:30:00-04:00,17.601200103759766,17.601200103759766,17.601200103759766,17.601200103759766,114,0.0,0.0,0.0
2024-05-23 09:30:00-04:00,17.639999389648438,17.639999389648438,17.559999465942383,17.559999465942383,4053,0.0,0.0,0.0
2024-05-23 10:30:00-04:00,17.549999237060547,17.55500030517578,17.545000076293945,17.549999237060547,9024,0.0,0.0,0.0
2024-05-23 11:30:00-04:00,17.545000076293945,17.559999465942383,17.545000076293945,17.559999465942383,2939,0.0,0.0,0.0
2024-05-23 12:30:00-04:00,17.559099197387695,17.559999465942383,17.540000915527344,17.558799743652344,23236,0.0,0.0,0.0
2024-05-23 13:30:00-04:00,17.549999237060547,17.549999237060547,17.549999237060547,17.549999237060547,8325,0.0,0.0,0.0
2024-05-23 14:30:00-04:00,17.545000076293945,17.545000076293945,17.545000076293945,17.545000076293945,764,0.0,0.0,0.0
2024-05-23 15:30:00-04:00,17.543500900268555,17.549999237060547,17.53499984741211,17.540000915527344,0,0.0,0.0,0.0
2024-05-24 09:30:00-04:00,17.579999923706055,17.579999923706055,17.540000915527344,17.56999969482422,13806,0.0,0.0,0.0
2024-05-24 10:30:00-04:00,17.56909942626953,17.57830047607422,17.565000534057617,17.575000762939453,4108,0.0,0.0,0.0
2024-05-24 11:30:00-04:00,17.56999969482422,17.579099655151367,17.565000534057617,17.579099655151367,3482,0.0,0.0,0.0
2024-05-24 12:30:00-04:00,17.575000762939453,17.579999923706055,17.575000762939453,17.579999923706055,979,0.0,0.0,0.0
2024-05-24 13:30:00-04:00,17.575000762939453,17.59000015258789,17.570999145507812,17.59000015258789,5712,0.0,0.0,0.0
2024-05-24 14:30:00-04:00,17.584999084472656,17.588899612426758,17.579999923706055,17.579999923706055,1948,0.0,0.0,0.0
2024-05-24 15:30:00-04:00,17.59000015258789,17.59000015258789,17.584999084472656,17.584999084472656,203,0.0,0.0,0.0
2024-05-28 09:30:00-04:00,17.6299991607666,17.6299991607666,17.56999969482422,17.56999969482422,42179,0.0,0.0,0.0
2024-05-28 10:30:00-04:00,17.56999969482422,17.56999969482422,17.56999969482422,17.56999969482422,925,0.0,0.0,0.0
2024-05-28 11:30:00-04:00,17.559999465942383,17.56999969482422,17.55500030517578,17.566299438476562,5131,0.0,0.0,0.0
2024-05-28 12:30:00-04:00,17.566499710083008,17.566499710083008,17.540000915527344,17.540000915527344,4333,0.0,0.0,0.0
2024-05-28 13:30:00-04:00,17.52079963684082,17.530000686645508,17.510000228881836,17.514999389648438,7127,0.0,0.0,0.0
2024-05-28 14:30:00-04:00,17.514999389648438,17.520000457763672,17.504199981689453,17.504199981689453,12025,0.0,0.0,0.0
2024-05-28 15:30:00-04:00,17.50629997253418,17.514999389648438,17.5,17.5049991607666,6295,0.0,0.0,0.0
2024-05-29 09:30:00-04:00,17.450000762939453,17.45989990234375,17.440000534057617,17.44070053100586,18682,0.0,0.0,0.0
2024-05-29 10:30:00-04:00,17.440099716186523,17.440099716186523,17.420000076293945,17.43000030517578,14735,0.0,0.0,0.0
2024-05-29 11:30:00-04:00,17.43470001220703,17.43470001220703,17.420000076293945,17.420000076293945,7496,0.0,0.0,0.0
2024-05-29 12:30:00-04:00,17.420000076293945,17.420000076293945,17.40999984741211,17.420000076293945,5449,0.0,0.0,0.0
2024-05-29 13:30:00-04:00,17.425100326538086,17.43000030517578,17.420000076293945,17.420000076293945,2966,0.0,0.0,0.0
2024-05-29 14:30:00-04:00,17.423099517822266,17.43000030517578,17.40999984741211,17.420000076293945,18429,0.0,0.0,0.0
2024-05-29 15:30:00-04:00,17.420000076293945,17.43000030517578,17.420000076293945,17.420000076293945,0,0.0,0.0,0.0
2024-05-30 09:30:00-04:00,17.450000762939453,17.489900588989258,17.450000762939453,17.478099822998047,7926,0.0,0.0,0.0
2024-05-30 10:30:00-04:00,17.479999542236328,17.491199493408203,17.472999572753906,17.491199493408203,9404,0.0,0.0,0.0
2024-05-30 11:30:00-04:00,17.499300003051758,17.5,17.489999771118164,17.494199752807617,7188,0.0,0.0,0.0
2024-05-30 12:30:00-04:00,17.49650001525879,17.5,17.49410057067871,17.5,9491,0.0,0.0,0.0
2024-05-30 13:30:00-04:00,17.510000228881836,17.510000228881836,17.495500564575195,17.5,2811,0.0,0.0,0.0
2024-05-30 14:30:00-04:00,17.489999771118164,17.5,17.479999542236328,17.49799919128418,10266,0.0,0.0,0.0
2024-05-30 15:30:00-04:00,17.492300033569336,17.492300033569336,17.4822998046875,17.491199493408203,3991,0.0,0.0,0.0
2024-05-31 09:30:00-04:00,17.549999237060547,17.578699111938477,17.549999237060547,17.578699111938477,7229,0.0,0.0,0.0
2024-05-31 10:30:00-04:00,17.56920051574707,17.56920051574707,17.56920051574707,17.56920051574707,1390,0.0,0.0,0.0
2024-05-31 11:30:00-04:00,17.559999465942383,17.559999465942383,17.545000076293945,17.549999237060547,39756,0.0,0.0,0.0
2024-05-31 12:30:00-04:00,17.545000076293945,17.546499252319336,17.545000076293945,17.546499252319336,417,0.0,0.0,0.0
2024-05-31 13:30:00-04:00,17.542499542236328,17.55470085144043,17.542499542236328,17.55470085144043,11803,0.0,0.0,0.0
2024-05-31 14:30:00-04:00,17.550100326538086,17.559999465942383,17.550100326538086,17.555200576782227,4798,0.0,0.0,0.0
2024-05-31 15:30:00-04:00,17.55109977722168,17.579999923706055,17.55109977722168,17.56999969482422,8414,0.0,0.0,0.0
2024-06-03 09:30:00-04:00,17.510000228881836,17.58799934387207,17.510000228881836,17.58799934387207,7754,0.0,0.0,0.0
2024-06-03 10:30:00-04:00,17.560100555419922,17.579999923706055,17.560100555419922,17.579999923706055,358017,0.0,0.0,0.0
2024-06-03 11:30:00-04:00,17.59000015258789,17.597999572753906,17.59000015258789,17.597999572753906,4465,0.0,0.0,0.0
2024-06-03 12:30:00-04:00,17.59000015258789,17.59000015258789,17.584999084472656,17.59000015258789,1370,0.0,0.0,0.0
2024-06-03 13:30:00-04:00,17.59000015258789,17.59000015258789,17.59000015258789,17.59000015258789,379,0.0,0.0,0.0
2024-06-03 14:30:00-04:00,17.59000015258789,17.610000610351562,17.59000015258789,17.610000610351562,5632,0.0,0.0,0.0
2024-06-03 15:30:00-04:00,17.59779930114746,17.604999542236328,17.59779930114746,17.604999542236328,0,0.0,0.0,0.0
2024-06-04 09:30:00-04:00,17.68000030517578,17.68000030517578,17.6299991607666,17.639999389648438,3798,0.0,0.0,0.0
2024-06-04 10:30:00-04:00,17.649700164794922,17.649799346923828,17.639999389648438,17.645000457763672,4872,0.0,0.0,0.0
2024-06-04 11:30:00-04:00,17.649900436401367,17.649900436401367,17.6299991607666,17.6299991607666,14034,0.0,0.0,0.0
2024-06-04 12:30:00-04:00,17.6299991607666,17.650999069213867,17.6299991607666,17.649999618530273,32410,0.0,0.0,0.0
2024-06-04 13:30:00-04:00,17.655000686645508,17.669300079345703,17.649999618530273,17.669300079345703,8454,0.0,0.0,0.0
2024-06-04 14:30:00-04:00,17.65999984741211,17.65999984741211,17.637699127197266,17.649999618530273,14331,0.0,0.0,0.0
2024-06-04 15:30:00-04:00,17.65999984741211,17.65999984741211,17.644500732421875,17.65999984741211,1999,0.0,0.0,0.0
2024-06-05 09:30:00-04:00,17.68000030517578,17.690000534057617,17.65999984741211,17.65999984741211,10203,0.0,0.0,0.0
2024-06-05 10:30:00-04:00,17.68000030517578,17.690099716186523,17.670000076293945,17.690099716186523,1628,0.0,0.0,0.0
2024-06-05 11:30:00-04:00,17.691200256347656,17.700000762939453,17.690099716186523,17.691099166870117,4474,0.0,0.0,0.0
2024-06-05 12:30:00-04:00,17.69499969482422,17.698999404907227,17.69499969482422,17.69659996032715,6110,0.0,0.0,0.0
2024-06-05 13:30:00-04:00,17.694400787353516,17.700000762939453,17.694400787353516,17.700000762939453,4622,0.0,0.0,0.0
2024-06-05 15:30:00-04:00,17.700000762939453,17.700000762939453,17.690000534057617,17.700000762939453,0,0.0,0.0,0.0
2024-06-06 09:30:00-04:00,17.65999984741211,17.700000762939453,17.65999984741211,17.690000534057617,5985,0.0,0.0,0.0
2024-06-06 10:30:00-04:00,17.780000686645508,17.780000686645508,17.688800811767578,17.688800811767578,379586,0.0,0.0,0.0
2024-06-06 11:30:00-04:00,17.69409942626953,17.709999084472656,17.69409942626953,17.709999084472656,9051,0.0,0.0,0.0
2024-06-06 12:30:00-04:00,17.704999923706055,17.704999923706055,17.704999923706055,17.704999923706055,384,0.0,0.0,0.0
2024-06-06 13:30:00-04:00,17.70009994506836,17.71109962463379,17.70009994506836,17.709999084472656,6719,0.0,0.0,0.0
2024-06-06 14:30:00-04:00,17.709999084472656,17.719999313354492,17.70009994506836,17.71500015258789,13196,0.0,0.0,0.0
2024-06-06 15:30:00-04:00,17.71500015258789,17.719999313354492,17.709999084472656,17.709999084472656,3509,0.0,0.0,0.0
2024-06-07 09:30:00-04:00,17.59000015258789,17.594999313354492,17.572200775146484,17.590099334716797,6909,0.0,0.0,0.0
2024-06-07 10:30:00-04:00,17.600000381469727,17.600000381469727,17.594999313354492,17.600000381469727,2557,0.0,0.0,0.0
2024-06-07 11:30:00-04:00,17.600000381469727,17.610000610351562,17.594999313354492,17.610000610351562,50673,0.0,0.0,0.0
2024-06-07 12:30:00-04:00,17.604000091552734,17.604000091552734,17.559999465942383,17.59000015258789,21680,0.0,0.0,0.0
2024-06-07 13:30:00-04:00,17.58009910583496,17.58009910583496,17.56999969482422,17.56999969482422,635,0.0,0.0,0.0
2024-06-07 14:30:00-04:00,17.570999145507812,17.587799072265625,17.56999969482422,17.583999633789062,6064,0.0,0.0,0.0
2024-06-07 15:30:00-04:00,17.570100784301758,17.570100784301758,17.56999969482422,17.56999969482422,929,0.0,0.0,0.0
2024-06-10 09:30:00-04:00,17.549999237060547,17.549999237060547,17.532400131225586,17.549299240112305,0,0.0,0.0,0.0
2024-06-10 10:30:00-04:00,17.54439926147461,17.549999237060547,17.539100646972656,17.539100646972656,1475,0.0,0.0,0.0
2024-06-10 11:30:00-04:00,17.531099319458008,17.56999969482422,17.531099319458008,17.56999969482422,7115,0.0,0.0,0.0
2024-06-10 12:30:00-04:00,17.550100326538086,17.55620002746582,17.530000686645508,17.530000686645508,1178,0.0,0.0,0.0
2024-06-10 13:30:00-04:00,17.530099868774414,17.559999465942383,17.530099868774414,17.540000915527344,5612,0.0,0.0,0.0
2024-06-10 14:30:00-04:00,17.540000915527344,17.549999237060547,17.540000915527344,17.540000915527344,2658,0.0,0.0,0.0
2024-06-10 15:30:00-04:00,17.540000915527344,17.540000915527344,17.540000915527344,17.540000915527344,1271,0.0,0.0,0.0
2024-06-11 09:30:00-04:00,17.559999465942383,17.559999465942383,17.548900604248047,17.55500030517578,0,0.0,0.0,0.0
2024-06-11 10:30:00-04:00,17.549999237060547,17.565000534057617,17.549999237060547,17.559999465942383,4233,0.0,0.0,0.0
2024-06-11 11:30:00-04:00,17.55500030517578,17.55500030517578,17.549999237060547,17.549999237060547,3010,0.0,0.0,0.0
2024-06-11 12:30:00-04:00,17.549999237060547,17.58989906311035,17.542200088500977,17.579999923706055,4976,0.0,0.0,0.0
2024-06-11 13:30:00-04:00,17.579999923706055,17.59000015258789,17.579999923706055,17.59000015258789,420,0.0,0.0,0.0
2024-06-11 14:30:00-04:00,17.594999313354492,17.615100860595703,17.594999313354492,17.59749984741211,8015,0.0,0.0,0.0
2024-06-11 15:30:00-04:00,17.604999542236328,17.6200008392334,17.59000015258789,17.59000015258789,0,0.0,0.0,0.0
2024-06-12 09:30:00-04:00,17.739999771118164,17.7549991607666,17.739999771118164,17.75,3640,0.0,0.0,0.0
2024-06-12 10:30:00-04:00,17.760000228881836,17.769899368286133,17.7549991607666,17.769899368286133,22178,0.0,0.0,0.0
2024-06-12 11:30:00-04:00,17.7549991607666,17.760000228881836,17.752500534057617,17.760000228881836,2646,0.0,0.0,0.0
2024-06-12 12:30:00-04:00,17.760000228881836,17.761199951171875,17.752899169921875,17.752899169921875,2508,0.0,0.0,0.0
2024-06-12 13:30:00-04:00,17.75,17.760000228881836,17.730100631713867,17.7549991607666,16369,0.0,0.0,0.0
2024-06-12 14:30:00-04:00,17.74250030517578,17.75,17.719999313354492,17.729999542236328,2732,0.0,0.0,0.0
2024-06-12 15:30:00-04:00,17.709999084472656,17.709999084472656,17.69409942626953,17.69879913330078,0,0.0,0.0,0.0
2024-06-13 09:30:00-04:00,17.729999542236328,17.75469970703125,17.729999542236328,17.7450008392334,3416,0.0,0.0,0.0
2024-06-13 10:30:00-04:00,17.729999542236328,17.735000610351562,17.729900360107422,17.729999542236328,2465,0.0,0.0,0.0
2024-06-13 11:30:00-04:00,17.739999771118164,17.75,17.739999771118164,17.7450008392334,3744,0.0,0.0,0.0
2024-06-13 12:30:00-04:00,17.75,17.75,17.739999771118164,17.75,7154,0.0,0.0,0.0
2024-06-13 13:30:00-04:00,17.7450008392334,17.7450008392334,17.7450008392334,17.7450008392334,1739,0.0,0.0,0.0
2024-06-13 14:30:00-04:00,17.749900817871094,17.75,17.739999771118164,17.7460994720459,12161,0.0,0.0,0.0
2024-06-13 15:30:00-04:00,17.744199752807617,17.75,17.744199752807617,17.749500274658203,700,0.0,0.0,0.0
2024-06-14 09:30:00-04:00,17.719999313354492,17.75,17.719999313354492,17.740100860595703,0,0.0,0.0,0.0
2024-06-14 10:30:00-04:00,17.75,17.75,17.74650001525879,17.74650001525879,2387,0.0,0.0,0.0
2024-06-14 11:30:00-04:00,17.739999771118164,17.74020004272461,17.739999771118164,17.739999771118164,1374,0.0,0.0,0.0
2024-06-14 12:30:00-04:00,17.730100631713867,17.730100631713867,17.730100631713867,17.730100631713867,430,0.0,0.0,0.0
2024-06-14 13:30:00-04:00,17.73509979248047,17.73509979248047,17.729999542236328,17.735000610351562,5415,0.0,0.0,0.0
2024-06-14 14:30:00-04:00,17.73889923095703,17.739999771118164,17.729999542236328,17.738300323486328,2338,0.0,0.0,0.0
2024-06-14 15:30:00-04:00,17.735000610351562,17.739999771118164,17.729999542236328,17.735000610351562,928,0.0,0.0,0.0
2024-06-17 09:30:00-04:00,17.65999984741211,17.66349983215332,17.655000686645508,17.66349983215332,0,0.0,0.0,0.0
2024-06-17 10:30:00-04:00,17.65999984741211,17.65999984741211,17.65999984741211,17.65999984741211,296,0.0,0.0,0.0
2024-06-17 11:30:00-04:00,17.665000915527344,17.677200317382812,17.66189956665039,17.671100616455078,6225,0.0,0.0,0.0
2024-06-17 12:30:00-04:00,17.690000534057617,17.690000534057617,17.68000030517578,17.690000534057617,3275,0.0,0.0,0.0
2024-06-17 13:30:00-04:00,17.693899154663086,17.70400047302246,17.690000534057617,17.70400047302246,4521,0.0,0.0,0.0
2024-06-17 14:30:00-04:00,17.702499389648438,17.702499389648438,17.690000534057617,17.690000534057617,1974,0.0,0.0,0.0
2024-06-17 15:30:00-04:00,17.699199676513672,17.709999084472656,17.693700790405273,17.709999084472656,0,0.0,0.0,0.0
2024-06-18 09:30:00-04:00,17.700000762939453,17.730100631713867,17.700000762939453,17.730100631713867,2942,0.0,0.0,0.0
2024-06-18 10:30:00-04:00,17.736600875854492,17.736600875854492,17.73310089111328,17.73310089111328,1510,0.0,0.0,0.0
2024-06-18 11:30:00-04:00,17.739999771118164,17.760000228881836,17.739999771118164,17.753799438476562,6564,0.0,0.0,0.0
2024-06-18 12:30:00-04:00,17.760000228881836,17.760900497436523,17.760000228881836,17.760900497436523,1571,0.0,0.0,0.0
2024-06-18 13:30:00-04:00,17.769699096679688,17.769699096679688,17.7549991607666,17.7549991607666,1713,0.0,0.0,0.0
2024-06-18 14:30:00-04:00,17.7549991607666,17.7549991607666,17.7549991607666,17.7549991607666,485,0.0,0.0,0.0
2024-06-18 15:30:00-04:00,17.769699096679688,17.770000457763672,17.764999389648438,17.764999389648438,302,0.0,0.0,0.0
2024-06-20 09:30:00-04:00,17.709999084472656,17.729999542236328,17.709999084472656,17.719200134277344,10131,0.0,0.0,0.0
2024-06-20 10:30:00-04:00,17.71649932861328,17.719999313354492,17.715900421142578,17.718700408935547,2092,0.0,0.0,0.0
2024-06-20 11:30:00-04:00,17.71109962463379,17.719999313354492,17.709999084472656,17.71500015258789,8186,0.0,0.0,0.0
2024-06-20 12:30:00-04:00,17.71500015258789,17.719999313354492,17.71500015258789,17.71649932861328,2849,0.0,0.0,0.0
2024-06-20 13:30:00-04:00,17.719999313354492,17.739999771118164,17.719999313354492,17.739999771118164,3864,0.0,0.0,0.0
2024-06-20 14:30:00-04:00,17.73539924621582,17.73539924621582,17.725000381469727,17.729900360107422,2972,0.0,0.0,0.0
2024-06-20 15:30:00-04:00,17.725000381469727,17.725000381469727,17.725000381469727,17.725000381469727,699,0.0,0.0,0.0
2024-06-21 09:30:00-04:00,17.719999313354492,17.758899688720703,17.712200164794922,17.72010040283203,0,0.0,0.0,0.0
2024-06-21 10:30:00-04:00,17.719999313354492,17.719999313354492,17.700000762939453,17.709999084472656,12920,0.0,0.0,0.0
2024-06-21 11:30:00-04:00,17.704999923706055,17.709999084472656,17.704999923706055,17.709999084472656,3898,0.0,0.0,0.0
2024-06-21 12:30:00-04:00,17.713600158691406,17.72010040283203,17.713600158691406,17.72010040283203,2535,0.0,0.0,0.0
2024-06-21 13:30:00-04:00,17.729999542236328,17.729999542236328,17.729700088500977,17.729700088500977,3703,0.0,0.0,0.0
2024-06-21 14:30:00-04:00,17.719999313354492,17.75,17.719999313354492,17.7450008392334,19916,0.0,0.0,0.0
2024-06-21 15:30:00-04:00,17.75,17.75,17.739999771118164,17.75,14631,0.0,0.0,0.0
2024-06-24 09:30:00-04:00,17.75,17.780000686645508,17.7450008392334,17.770000457763672,0,0.0,0.0,0.0
2024-06-24 10:30:00-04:00,17.766199111938477,17.766799926757812,17.766199111938477,17.766799926757812,1592,0.0,0.0,0.0
2024-06-24 11:30:00-04:00,17.75,17.75,17.740100860595703,17.740100860595703,5480,0.0,0.0,0.0
2024-06-24 12:30:00-04:00,17.749399185180664,17.75,17.749399185180664,17.75,1867,0.0,0.0,0.0
2024-06-24 13:30:00-04:00,17.75,17.75,17.747900009155273,17.747900009155273,2044,0.0,0.0,0.0
2024-06-24 14:30:00-04:00,17.747499465942383,17.756000518798828,17.747499465942383,17.752300262451172,2749,0.0,0.0,0.0
2024-06-25 09:30:00-04:00,17.75,17.760000228881836,17.743900299072266,17.7549991607666,11977,0.0,0.0,0.0
2024-06-25 10:30:00-04:00,17.758899688720703,17.758899688720703,17.75,17.756900787353516,1589,0.0,0.0,0.0
2024-06-25 11:30:00-04:00,17.750099182128906,17.750099182128906,17.750099182128906,17.750099182128906,2078,0.0,0.0,0.0
2024-06-25 12:30:00-04:00,17.75,17.75,17.74329948425293,17.749900817871094,1354,0.0,0.0,0.0
2024-06-25 13:30:00-04:00,17.75,17.75629997253418,17.75,17.753700256347656,5802,0.0,0.0,0.0
2024-06-25 14:30:00-04:00,17.75,17.760000228881836,17.75,17.760000228881836,1894,0.0,0.0,0.0
2024-06-25 15:30:00-04:00,17.765499114990234,17.770000457763672,17.765499114990234,17.770000457763672,1068,0.0,0.0,0.0
2024-06-26 09:30:00-04:00,17.68000030517578,17.690000534057617,17.68000030517578,17.690000534057617,0,0.0,0.0,0.0
2024-06-26 10:30:00-04:00,17.68000030517578,17.68000030517578,17.670000076293945,17.670000076293945,835,0.0,0.0,0.0
2024-06-26 11:30:00-04:00,17.670000076293945,17.68000030517578,17.670000076293945,17.673799514770508,5449,0.0,0.0,0.0
2024-06-26 12:30:00-04:00,17.671199798583984,17.68000030517578,17.671199798583984,17.68000030517578,9667,0.0,0.0,0.0
2024-06-26 13:30:00-04:00,17.684999465942383,17.690000534057617,17.68000030517578,17.690000534057617,7837,0.0,0.0,0.0
2024-06-26 14:30:00-04:00,17.68000030517578,17.684999465942383,17.674999237060547,17.68000030517578,6146,0.0,0.0,0.0
2024-06-26 15:30:00-04:00,17.676300048828125,17.68000030517578,17.670000076293945,17.674999237060547,0,0.0,0.0,0.0
2024-06-27 09:30:00-04:00,17.68000030517578,17.719999313354492,17.68000030517578,17.709999084472656,5457,0.0,0.0,0.0
2024-06-27 10:30:00-04:00,17.707000732421875,17.71649932861328,17.700000762939453,17.700000762939453,9181,0.0,0.0,0.0
2024-06-27 11:30:00-04:00,17.704999923706055,17.704999923706055,17.69499969482422,17.698999404907227,1915,0.0,0.0,0.0
2024-06-27 12:30:00-04:00,17.699899673461914,17.70989990234375,17.69499969482422,17.70989990234375,2898,0.0,0.0,0.0
2024-06-27 13:30:00-04:00,17.709999084472656,17.709999084472656,17.701099395751953,17.709999084472656,3173,0.0,0.0,0.0
2024-06-27 14:30:00-04:00,17.708999633789062,17.70989990234375,17.700000762939453,17.700000762939453,9476,0.0,0.0,0.0
2024-06-27 15:30:00-04:00,17.702600479125977,17.709800720214844,17.702600479125977,17.704999923706055,441,0.0,0.0,0.0
2024-06-28 09:30:00-04:00,17.719999313354492,17.730100631713867,17.719999313354492,17.72010040283203,0,0.0,0.0,0.0
2024-06-28 10:30:00-04:00,17.719999313354492,17.719999313354492,17.674999237060547,17.674999237060547,1864,0.0,0.0,0.0
2024-06-28 11:30:00-04:00,17.68000030517578,17.68000030517578,17.670000076293945,17.670000076293945,932,0.0,0.0,0.0
2024-06-28 12:30:00-04:00,17.664199829101562,17.68000030517578,17.649999618530273,17.65999984741211,100201,0.0,0.0,0.0
2024-06-28 14:30:00-04:00,17.670000076293945,17.670000076293945,17.642799377441406,17.642799377441406,6952,0.0,0.0,0.0
2024-07-01 09:30:00-04:00,17.510000228881836,17.530099868774414,17.49810028076172,17.5,5725,0.0,0.0,0.0
2024-07-01 10:30:00-04:00,17.479999542236328,17.489999771118164,17.475000381469727,17.479999542236328,5236,0.0,0.0,0.0
2024-07-01 11:30:00-04:00,17.476499557495117,17.489999771118164,17.469999313354492,17.489999771118164,1508,0.0,0.0,0.0
2024-07-01 12:30:00-04:00,17.489999771118164,17.5,17.479999542236328,17.48780059814453,4536,0.0,0.0,0.0
2024-07-01 13:30:00-04:00,17.485000610351562,17.485000610351562,17.479799270629883,17.479999542236328,1501,0.0,0.0,0.0
2024-07-01 14:30:00-04:00,17.479299545288086,17.479299545288086,17.459999084472656,17.459999084472656,2844,0.0,0.0,0.0
2024-07-01 15:30:00-04:00,17.479999542236328,17.481700897216797,17.479999542236328,17.481700897216797,218,0.0,0.0,0.0
2024-07-02 09:30:00-04:00,17.540000915527344,17.540000915527344,17.51129913330078,17.517499923706055,0,0.0,0.0,0.0
2024-07-02 10:30:00-04:00,17.520000457763672,17.540000915527344,17.520000457763672,17.530000686645508,4338,0.0,0.0,0.0
2024-07-02 11:30:00-04:00,17.520000457763672,17.530000686645508,17.520000457763672,17.530000686645508,5799,0.0,0.0,0.0
2024-07-02 12:30:00-04:00,17.530000686645508,17.530000686645508,17.520000457763672,17.520000457763672,939,0.0,0.0,0.0
2024-07-02 13:30:00-04:00,17.520000457763672,17.528799057006836,17.520000457763672,17.528799057006836,1406,0.0,0.0,0.0
2024-07-02 14:30:00-04:00,17.525999069213867,17.535999298095703,17.525999069213867,17.535999298095703,1914,0.0,0.0,0.0
2024-07-02 15:30:00-04:00,17.54490089416504,17.54490089416504,17.54010009765625,17.543800354003906,2583,0.0,0.0,0.0
2024-07-03 09:30:00-04:00,17.610000610351562,17.655000686645508,17.576900482177734,17.655000686645508,403192,0.0,0.0,0.0
2024-07-03 10:30:00-04:00,17.65999984741211,17.65999984741211,17.639999389648438,17.645000457763672,2848,0.0,0.0,0.0
2024-07-03 11:30:00-04:00,17.63610076904297,17.649999618530273,17.63610076904297,17.649900436401367,6357,0.0,0.0,0.0
2024-07-05 09:30:00-04:00,17.690000534057617,17.716299057006836,17.690000534057617,17.69499969482422,14075,0.0,0.0,0.0
2024-07-05 10:30:00-04:00,17.700000762939453,17.719999313354492,17.700000762939453,17.719999313354492,2361,0.0,0.0,0.0
2024-07-05 11:30:00-04:00,17.735000610351562,17.738000869750977,17.730199813842773,17.738000869750977,6523,0.0,0.0,0.0
2024-07-05 12:30:00-04:00,17.739999771118164,17.75,17.735000610351562,17.739999771118164,11822,0.0,0.0,0.0
2024-07-05 13:30:00-04:00,17.729999542236328,17.75,17.729999542236328,17.75,1086,0.0,0.0,0.0
2024-07-05 15:30:00-04:00,17.750099182128906,17.750099182128906,17.739999771118164,17.739999771118164,8908,0.0,0.0,0.0
2024-07-08 09:30:00-04:00,17.739999771118164,17.749000549316406,17.739999771118164,17.749000549316406,0,0.0,0.0,0.0
2024-07-08 10:30:00-04:00,17.729999542236328,17.729999542236328,17.729999542236328,17.729999542236328,220,0.0,0.0,0.0
2024-07-08 11:30:00-04:00,17.724000930786133,17.729999542236328,17.721099853515625,17.729999542236328,5382,0.0,0.0,0.0
2024-07-08 12:30:00-04:00,17.736000061035156,17.743900299072266,17.73200035095215,17.743900299072266,3862,0.0,0.0,0.0
2024-07-08 13:30:00-04:00,17.74410057067871,17.75,17.740299224853516,17.7450008392334,8398,0.0,0.0,0.0
2024-07-08 14:30:00-04:00,17.743900299072266,17.75,17.739999771118164,17.7450008392334,10174,0.0,0.0,0.0
2024-07-08 15:30:00-04:00,17.7450008392334,17.75,17.7450008392334,17.749000549316406,0,0.0,0.0,0.0
2024-07-09 09:30:00-04:00,17.719999313354492,17.719999313354492,17.711200714111328,17.719999313354492,6863,0.0,0.0,0.0
2024-07-09 10:30:00-04:00,17.70009994506836,17.70009994506836,17.690000534057617,17.690000534057617,3806,0.0,0.0,0.0
2024-07-09 11:30:00-04:00,17.689699172973633,17.700000762939453,17.689699172973633,17.700000762939453,8834,0.0,0.0,0.0
2024-07-09 12:30:00-04:00,17.703899383544922,17.709999084472656,17.703899383544922,17.709999084472656,1255,0.0,0.0,0.0
2024-07-09 13:30:00-04:00,17.702600479125977,17.72599983215332,17.702600479125977,17.72599983215332,6092,0.0,0.0,0.0
2024-07-09 14:30:00-04:00,17.72410011291504,17.72410011291504,17.71500015258789,17.719999313354492,3591,0.0,0.0,0.0
2024-07-09 15:30:00-04:00,17.729999542236328,17.729999542236328,17.709999084472656,17.709999084472656,0,0.0,0.0,0.0
2024-07-10 09:30:00-04:00,17.719999313354492,17.719999313354492,17.719999313354492,17.719999313354492,273,0.0,0.0,0.0
2024-07-10 10:30:00-04:00,17.739999771118164,17.739999771118164,17.730100631713867,17.730100631713867,2365,0.0,0.0,0.0
2024-07-10 11:30:00-04:00,17.725000381469727,17.7450008392334,17.719999313354492,17.7450008392334,15730,0.0,0.0,0.0
2024-07-10 12:30:00-04:00,17.740100860595703,17.760000228881836,17.740100860595703,17.760000228881836,1344,0.0,0.0,0.0
2024-07-10 13:30:00-04:00,17.741500854492188,17.741500854492188,17.729999542236328,17.739999771118164,10499,0.0,0.0,0.0
2024-07-10 14:30:00-04:00,17.739999771118164,17.7450008392334,17.732200622558594,17.74090003967285,7697,0.0,0.0,0.0
2024-07-10 15:30:00-04:00,17.7450008392334,17.75,17.7450008392334,17.75,0,0.0,0.0,0.0
2024-07-11 09:30:00-04:00,17.84000015258789,17.867700576782227,17.84000015258789,17.854000091552734,28674,0.0,0.0,0.0
2024-07-11 10:30:00-04:00,17.840099334716797,17.860000610351562,17.840099334716797,17.853200912475586,6361,0.0,0.0,0.0
2024-07-11 11:30:00-04:00,17.860000610351562,17.860000610351562,17.85110092163086,17.860000610351562,6163,0.0,0.0,0.0
2024-07-11 12:30:00-04:00,17.850000381469727,17.854999542236328,17.850000381469727,17.854999542236328,2145,0.0,0.0,0.0
2024-07-11 13:30:00-04:00,17.833799362182617,17.84000015258789,17.833799362182617,17.834999084472656,7903,0.0,0.0,0.0
2024-07-11 14:30:00-04:00,17.84000015258789,17.849000930786133,17.829999923706055,17.849000930786133,2630,0.0,0.0,0.0
2024-07-11 15:30:00-04:00,17.842300415039062,17.849899291992188,17.840999603271484,17.844200134277344,0,0.0,0.0,0.0
2024-07-12 09:30:00-04:00,17.84000015258789,17.8700008392334,17.84000015258789,17.860000610351562,14106,0.0,0.0,0.0
2024-07-12 10:30:00-04:00,17.86009979248047,17.868999481201172,17.86009979248047,17.868999481201172,1652,0.0,0.0,0.0
2024-07-12 11:30:00-04:00,17.864999771118164,17.869800567626953,17.864999771118164,17.869800567626953,665,0.0,0.0,0.0
2024-07-12 12:30:00-04:00,17.8700008392334,17.889999389648438,17.8700008392334,17.889999389648438,709,0.0,0.0,0.0
2024-07-12 13:30:00-04:00,17.885000228881836,17.895000457763672,17.8799991607666,17.895000457763672,9250,0.0,0.0,0.0
2024-07-12 14:30:00-04:00,17.88010025024414,17.888099670410156,17.8799991607666,17.888099670410156,1810,0.0,0.0,0.0
2024-07-12 15:30:00-04:00,17.881099700927734,17.895000457763672,17.881099700927734,17.895000457763672,2514,0.0,0.0,0.0
2024-07-15 09:30:00-04:00,17.8799991607666,17.8799991607666,17.84000015258789,17.844999313354492,15968,0.0,0.0,0.0
2024-07-15 10:30:00-04:00,17.850000381469727,17.856000900268555,17.850000381469727,17.856000900268555,1175,0.0,0.0,0.0
2024-07-15 11:30:00-04:00,17.856000900268555,17.860000610351562,17.856000900268555,17.860000610351562,1960,0.0,0.0,0.0
2024-07-15 12:30:00-04:00,17.860000610351562,17.860000610351562,17.858800888061523,17.858800888061523,2133,0.0,0.0,0.0
2024-07-15 13:30:00-04:00,17.837900161743164,17.850000381469727,17.837499618530273,17.850000381469727,4135,0.0,0.0,0.0
2024-07-15 14:30:00-04:00,17.844999313354492,17.850000381469727,17.844999313354492,17.850000381469727,5050,0.0,0.0,0.0
2024-07-15 15:30:00-04:00,17.847999572753906,17.850000381469727,17.847999572753906,17.847999572753906,600,0.0,0.0,0.0
2024-07-16 09:30:00-04:00,17.8700008392334,17.8700008392334,17.850099563598633,17.860000610351562,0,0.0,0.0,0.0
2024-07-16 10:30:00-04:00,17.850000381469727,17.879899978637695,17.850000381469727,17.871200561523438,6356,0.0,0.0,0.0
2024-07-16 11:30:00-04:00,17.874000549316406,17.885000228881836,17.874000549316406,17.885000228881836,859,0.0,0.0,0.0
2024-07-16 12:30:00-04:00,17.884000778198242,17.884000778198242,17.8799991607666,17.883800506591797,9108,0.0,0.0,0.0
2024-07-16 13:30:00-04:00,17.889999389648438,17.89780044555664,17.887100219726562,17.89780044555664,5747,0.0,0.0,0.0
2024-07-16 14:30:00-04:00,17.895000457763672,17.909799575805664,17.895000457763672,17.909799575805664,8757,0.0,0.0,0.0
2024-07-16 15:30:00-04:00,17.905000686645508,17.905000686645508,17.90410041809082,17.905000686645508,200,0.0,0.0,0.0
2024-07-17 09:30:00-04:00,17.8700008392334,17.899799346923828,17.8700008392334,17.8799991607666,5472,0.0,0.0,0.0
2024-07-17 10:30:00-04:00,17.8799991607666,17.8799991607666,17.8799991607666,17.8799991607666,488,0.0,0.0,0.0
2024-07-17 11:30:00-04:00,17.89109992980957,17.899999618530273,17.890100479125977,17.890100479125977,16448,0.0,0.0,0.0
2024-07-17 12:30:00-04:00,17.885000228881836,17.885000228881836,17.885000228881836,17.885000228881836,278,0.0,0.0,0.0
2024-07-17 13:30:00-04:00,17.889999389648438,17.909099578857422,17.889999389648438,17.903799057006836,6658,0.0,0.0,0.0
2024-07-17 14:30:00-04:00,17.905000686645508,17.9158992767334,17.905000686645508,17.9158992767334,4719,0.0,0.0,0.0
2024-07-17 15:30:00-04:00,17.920000076293945,17.920000076293945,17.905000686645508,17.905000686645508,0,0.0,0.0,0.0
2024-07-18 09:30:00-04:00,17.89699935913086,17.905000686645508,17.891199111938477,17.891199111938477,7029,0.0,0.0,0.0
2024-07-18 10:30:00-04:00,17.899900436401367,17.899999618530273,17.889999389648438,17.899999618530273,4117,0.0,0.0,0.0
2024-07-18 11:30:00-04:00,17.8700008392334,17.8700008392334,17.860000610351562,17.864999771118164,2294,0.0,0.0,0.0
2024-07-18 12:30:00-04:00,17.86989974975586,17.875,17.864099502563477,17.864099502563477,5691,0.0,0.0,0.0
2024-07-18 13:30:00-04:00,17.8700008392334,17.8700008392334,17.860000610351562,17.864999771118164,7595,0.0,0.0,0.0
2024-07-18 14:30:00-04:00,17.860000610351562,17.8700008392334,17.841100692749023,17.841100692749023,7079,0.0,0.0,0.0
2024-07-18 15:30:00-04:00,17.844999313354492,17.850000381469727,17.844999313354492,17.850000381469727,692,0.0,0.0,0.0
2024-07-19 09:30:00-04:00,17.719999313354492,17.81800079345703,17.719999313354492,17.81800079345703,0,0.0,0.0,0.0
2024-07-19 10:30:00-04:00,17.809999465942383,17.81999969482422,17.809999465942383,17.809999465942383,1141,0.0,0.0,0.0
2024-07-19 11:30:00-04:00,17.806499481201172,17.809999465942383,17.806499481201172,17.809999465942383,2250,0.0,0.0,0.0
2024-07-19 12:30:00-04:00,17.799999237060547,17.809900283813477,17.799999237060547,17.799999237060547,2638,0.0,0.0,0.0
2024-07-19 13:30:00-04:00,17.790000915527344,17.79490089416504,17.790000915527344,17.79490089416504,3289,0.0,0.0,0.0
2024-07-19 14:30:00-04:00,17.79010009765625,17.798900604248047,17.790000915527344,17.795000076293945,3076,0.0,0.0,0.0
2024-07-19 15:30:00-04:00,17.790000915527344,17.795000076293945,17.790000915527344,17.795000076293945,110,0.0,0.0,0.0
2024-07-22 09:30:00-04:00,17.84000015258789,17.84000015258789,17.833900451660156,17.83989906311035,10268,0.0,0.0,0.0
2024-07-22 10:30:00-04:00,17.84000015258789,17.850000381469727,17.84000015258789,17.84000015258789,1926,0.0,0.0,0.0
2024-07-22 11:30:00-04:00,17.81999969482422,17.81999969482422,17.800100326538086,17.80109977722168,4636,0.0,0.0,0.0
2024-07-22 12:30:00-04:00,17.804100036621094,17.809999465942383,17.804100036621094,17.80500030517578,1544,0.0,0.0,0.0
2024-07-22 13:30:00-04:00,17.809999465942383,17.809999465942383,17.80500030517578,17.80500030517578,1136,0.0,0.0,0.0
2024-07-22 14:30:00-04:00,17.80389976501465,17.819900512695312,17.799999237060547,17.810100555419922,9315,0.0,0.0,0.0
2024-07-22 15:30:00-04:00,17.816299438476562,17.825000762939453,17.815000534057617,17.825000762939453,6335,0.0,0.0,0.0
2024-07-23 09:30:00-04:00,17.850000381469727,17.850000381469727,17.820899963378906,17.844999313354492,7485,0.0,0.0,0.0
2024-07-23 10:30:00-04:00,17.836299896240234,17.83650016784668,17.829999923706055,17.834999084472656,51417,0.0,0.0,0.0
2024-07-23 11:30:00-04:00,17.838899612426758,17.84000015258789,17.83370018005371,17.84000015258789,7578,0.0,0.0,0.0
2024-07-23 12:30:00-04:00,17.836000442504883,17.84000015258789,17.834999084472656,17.834999084472656,1901,0.0,0.0,0.0
2024-07-23 13:30:00-04:00,17.829999923706055,17.834999084472656,17.81999969482422,17.81999969482422,146857,0.0,0.0,0.0
2024-07-23 14:30:00-04:00,17.81999969482422,17.826200485229492,17.81999969482422,17.82539939880371,7765,0.0,0.0,0.0
2024-07-23 15:30:00-04:00,17.8257999420166,17.8257999420166,17.809999465942383,17.815000534057617,0,0.0,0.0,0.0
2024-07-24 09:30:00-04:00,17.860000610351562,17.860000610351562,17.81999969482422,17.81999969482422,7810,0.0,0.0,0.0
2024-07-24 10:30:00-04:00,17.81999969482422,17.84000015258789,17.81999969482422,17.84000015258789,1518,0.0,0.0,0.0
2024-07-24 11:30:00-04:00,17.834400177001953,17.834999084472656,17.819799423217773,17.81999969482422,7813,0.0,0.0,0.0
2024-07-24 12:30:00-04:00,17.829999923706055,17.84000015258789,17.81999969482422,17.81999969482422,9627,0.0,0.0,0.0
2024-07-24 13:30:00-04:00,17.81999969482422,17.829999923706055,17.78499984741211,17.790000915527344,3339,0.0,0.0,0.0
2024-07-24 14:30:00-04:00,17.790000915527344,17.790000915527344,17.770000457763672,17.790000915527344,7741,0.0,0.0,0.0
2024-07-24 15:30:00-04:00,17.790000915527344,17.799999237060547,17.774999618530273,17.780000686645508,0,0.0,0.0,0.0
2024-07-25 09:30:00-04:00,17.809999465942383,17.809999465942383,17.790000915527344,17.809999465942383,2117,0.0,0.0,0.0
2024-07-25 10:30:00-04:00,17.81999969482422,17.84000015258789,17.81999969482422,17.84000015258789,1154,0.0,0.0,0.0
2024-07-25 11:30:00-04:00,17.835899353027344,17.84000015258789,17.81999969482422,17.829999923706055,8130,0.0,0.0,0.0
2024-07-25 12:30:00-04:00,17.829999923706055,17.84000015258789,17.81999969482422,17.829999923706055,19339,0.0,0.0,0.0
2024-07-25 13:30:00-04:00,17.829999923706055,17.829999923706055,17.809999465942383,17.829999923706055,11015,0.0,0.0,0.0
2024-07-25 14:30:00-04:00,17.829999923706055,17.829999923706055,17.799999237060547,17.829999923706055,19223,0.0,0.0,0.0
2024-07-25 15:30:00-04:00,17.829999923706055,17.829999923706055,17.809999465942383,17.81999969482422,45989,0.0,0.0,0.0
2024-07-26 09:30:00-04:00,17.93000030517578,17.93000030517578,17.864999771118164,17.8799991607666,17197,0.0,0.0,0.0
2024-07-26 10:30:00-04:00,17.8700008392334,17.8799991607666,17.860000610351562,17.860000610351562,7104,0.0,0.0,0.0
2024-07-26 11:30:00-04:00,17.860000610351562,17.875,17.859800338745117,17.870399475097656,6236,0.0,0.0,0.0
2024-07-26 12:30:00-04:00,17.870500564575195,17.8799991607666,17.868900299072266,17.868900299072266,5924,0.0,0.0,0.0
2024-07-26 13:30:00-04:00,17.868799209594727,17.868799209594727,17.850099563598633,17.864999771118164,2010,0.0,0.0,0.0
2024-07-26 14:30:00-04:00,17.87019920349121,17.879899978637695,17.87019920349121,17.879899978637695,3081,0.0,0.0,0.0
2024-07-26 15:30:00-04:00,17.8799991607666,17.889999389648438,17.864999771118164,17.889999389648438,4290,0.0,0.0,0.0
2024-07-29 09:30:00-04:00,17.920000076293945,17.920000076293945,17.8799991607666,17.8799991607666,0,0.0,0.0,0.0
2024-07-29 10:30:00-04:00,17.8799991607666,17.8799991607666,17.86750030517578,17.86750030517578,652,0.0,0.0,0.0
2024-07-29 11:30:00-04:00,17.8700008392334,17.8700008392334,17.86389923095703,17.8700008392334,5207,0.0,0.0,0.0
2024-07-29 12:30:00-04:00,17.8700008392334,17.870100021362305,17.8700008392334,17.870100021362305,2598,0.0,0.0,0.0
2024-07-29 13:30:00-04:00,17.874000549316406,17.8799991607666,17.860000610351562,17.8700008392334,10645,0.0,0.0,0.0
2024-07-29 14:30:00-04:00,17.875,17.8799991607666,17.8700008392334,17.8799991607666,0,0.0,0.0,0.0
2024-07-29 15:30:00-04:00,17.8799991607666,17.881399154663086,17.8700008392334,17.8799991607666,46226,0.0,0.0,0.0
2024-07-30 09:30:00-04:00,17.899999618530273,17.899999618530273,17.860000610351562,17.860000610351562,0,0.0,0.0,0.0
2024-07-30 10:30:00-04:00,17.8700008392334,17.8700008392334,17.8617000579834,17.8700008392334,4182,0.0,0.0,0.0
2024-07-30 11:30:00-04:00,17.86949920654297,17.8700008392334,17.86440086364746,17.8700008392334,2381,0.0,0.0,0.0
2024-07-30 12:30:00-04:00,17.864999771118164,17.889999389648438,17.860000610351562,17.8799991607666,6223,0.0,0.0,0.0
2024-07-30 13:30:00-04:00,17.8799991607666,17.899999618530273,17.8799991607666,17.899999618530273,5055,0.0,0.0,0.0
2024-07-30 14:30:00-04:00,17.889999389648438,17.899999618530273,17.885900497436523,17.889999389648438,2479,0.0,0.0,0.0
2024-07-30 15:30:00-04:00,17.895000457763672,17.895000457763672,17.895000457763672,17.895000457763672,0,0.0,0.0,0.0
2024-07-31 09:30:00-04:00,17.93000030517578,17.969999313354492,17.93000030517578,17.969999313354492,8602,0.0,0.0,0.0
2024-07-31 10:30:00-04:00,17.969999313354492,17.969999313354492,17.950000762939453,17.950000762939453,0,0.0,0.0,0.0
2024-07-31 11:30:00-04:00,17.95009994506836,17.969999313354492,17.95009994506836,17.969999313354492,14285,0.0,0.0,0.0
2024-07-31 12:30:00-04:00,17.969999313354492,17.969999313354492,17.950000762939453,17.950000762939453,20496,0.0,0.0,0.0
2024-07-31 13:30:00-04:00,17.940000534057617,17.950000762939453,17.93000030517578,17.940000534057617,4887,0.0,0.0,0.0
2024-07-31 14:30:00-04:00,17.940000534057617,17.979999542236328,17.940000534057617,17.979999542236328,329046,0.0,0.0,0.0
2024-07-31 15:30:00-04:00,17.975000381469727,18.0,17.969999313354492,18.0,4276,0.0,0.0,0.0
2024-08-01 09:30:00-04:00,17.959999084472656,17.996999740600586,17.959999084472656,17.996999740600586,3744,0.0,0.0,0.0
2024-08-01 10:30:00-04:00,17.98259925842285,17.98259925842285,17.965299606323242,17.969999313354492,7047,0.0,0.0,0.0
2024-08-01 11:30:00-04:00,17.969999313354492,17.989999771118164,17.968799591064453,17.98889923095703,3335,0.0,0.0,0.0
2024-08-01 12:30:00-04:00,17.979999542236328,17.979999542236328,17.979999542236328,17.979999542236328,112,0.0,0.0,0.0
2024-08-01 13:30:00-04:00,17.969900131225586,17.969900131225586,17.959999084472656,17.96500015258789,1646,0.0,0.0,0.0
2024-08-01 14:30:00-04:00,17.95989990234375,17.969999313354492,17.95989990234375,17.969999313354492,9450,0.0,0.0,0.0
2024-08-01 15:30:00-04:00,17.969999313354492,17.979299545288086,17.969999313354492,17.979299545288086,481,0.0,0.0,0.0
2024-08-02 09:30:00-04:00,18.100000381469727,18.100000381469727,18.040000915527344,18.049999237060547,7445,0.0,0.0,0.0
2024-08-02 10:30:00-04:00,18.059999465942383,18.059999465942383,18.04990005493164,18.059999465942383,3609,0.0,0.0,0.0
2024-08-02 11:30:00-04:00,18.06999969482422,18.079999923706055,18.049999237060547,18.049999237060547,22897,0.0,0.0,0.0
2024-08-02 12:30:00-04:00,18.058700561523438,18.06999969482422,18.049999237060547,18.060100555419922,21397,0.0,0.0,0.0
2024-08-02 13:30:00-04:00,18.06999969482422,18.079999923706055,18.059999465942383,18.075000762939453,2991,0.0,0.0,0.0
2024-08-02 14:30:00-04:00,18.079999923706055,18.09000015258789,18.07349967956543,18.09000015258789,6645,0.0,0.0,0.0
2024-08-02 15:30:00-04:00,18.09000015258789,18.100000381469727,18.079999923706055,18.100000381469727,6588,0.0,0.0,0.0
2024-08-05 09:30:00-04:00,18.040000915527344,18.067899703979492,18.03499984741211,18.040000915527344,0,0.0,0.0,0.0
2024-08-05 10:30:00-04:00,18.040000915527344,18.040000915527344,18.010000228881836,18.010000228881836,4792,0.0,0.0,0.0
2024-08-05 11:30:00-04:00,18.010000228881836,18.02199935913086,18.0,18.0,410123,0.0,0.0,0.0
2024-08-05 12:30:00-04:00,17.99220085144043,18.030000686645508,17.99220085144043,18.010000228881836,3560,0.0,0.0,0.0
2024-08-05 13:30:00-04:00,18.010000228881836,18.030000686645508,18.010000228881836,18.030000686645508,9846,0.0,0.0,0.0
2024-08-05 14:30:00-04:00,18.030000686645508,18.030000686645508,18.0,18.020000457763672,65424,0.0,0.0,0.0
2024-08-05 15:30:00-04:00,18.020000457763672,18.030000686645508,18.020000457763672,18.020000457763672,0,0.0,0.0,0.0
2024-08-06 09:30:00-04:00,18.020000457763672,18.030000686645508,18.01129913330078,18.030000686645508,5713,0.0,0.0,0.0
2024-08-06 10:30:00-04:00,18.014999389648438,18.020000457763672,18.0,18.0,0,0.0,0.0,0.0
2024-08-06 11:30:00-04:00,17.989500045776367,18.010000228881836,17.989500045776367,18.010000228881836,14909,0.0,0.0,0.0
2024-08-06 12:30:00-04:00,18.004899978637695,18.010000228881836,17.989999771118164,18.010000228881836,7023,0.0,0.0,0.0
2024-08-06 13:30:00-04:00,18.001100540161133,18.010000228881836,17.989999771118164,18.0,375774,0.0,0.0,0.0
2024-08-06 14:30:00-04:00,18.013200759887695,18.030000686645508,17.993999481201172,18.006099700927734,5700,0.0,0.0,0.0
2024-08-06 15:30:00-04:00,18.010000228881836,18.010000228881836,17.969999313354492,17.969999313354492,2610,0.0,0.0,0.0
2024-08-07 09:30:00-04:00,17.989999771118164,18.0,17.980100631713867,17.99049949645996,0,0.0,0.0,0.0
2024-08-07 10:30:00-04:00,17.999799728393555,18.0049991607666,17.989999771118164,18.0,6736,0.0,0.0,0.0
2024-08-07 11:30:00-04:00,17.989999771118164,17.989999771118164,17.979999542236328,17.979999542236328,3437,0.0,0.0,0.0
2024-08-07 12:30:00-04:00,17.980199813842773,17.989999771118164,17.950000762939453,17.969999313354492,6949,0.0,0.0,0.0
2024-08-07 13:30:00-04:00,17.969999313354492,17.969999313354492,17.940000534057617,17.940000534057617,3257,0.0,0.0,0.0
2024-08-07 14:30:00-04:00,17.940000534057617,17.950000762939453,17.920000076293945,17.950000762939453,3351,0.0,0.0,0.0
2024-08-07 15:30:00-04:00,17.950000762939453,17.950000762939453,17.940000534057617,17.940000534057617,7704,0.0,0.0,0.0
2024-08-08 09:30:00-04:00,17.920000076293945,17.959999084472656,17.920000076293945,17.959999084472656,1381,0.0,0.0,0.0
2024-08-08 10:30:00-04:00,17.96500015258789,17.979999542236328,17.96500015258789,17.979999542236328,1224,0.0,0.0,0.0
2024-08-08 11:30:00-04:00,17.969999313354492,17.969999313354492,17.959999084472656,17.969999313354492,1692,0.0,0.0,0.0
2024-08-08 12:30:00-04:00,17.959999084472656,17.969999313354492,17.950000762939453,17.96500015258789,5967,0.0,0.0,0.0
2024-08-08 13:30:00-04:00,17.969999313354492,17.969999313354492,17.95400047302246,17.969999313354492,4589,0.0,0.0,0.0
2024-08-08 14:30:00-04:00,17.972999572753906,17.979999542236328,17.96500015258789,17.979999542236328,11531,0.0,0.0,0.0
2024-08-08 15:30:00-04:00,17.979999542236328,18.010000228881836,17.979999542236328,18.010000228881836,42952,0.0,0.0,0.0
2024-08-09 09:30:00-04:00,18.020000457763672,18.040000915527344,18.020000457763672,18.030000686645508,4682,0.0,0.0,0.0
2024-08-09 10:30:00-04:00,18.03499984741211,18.039899826049805,18.014799118041992,18.039499282836914,3783,0.0,0.0,0.0
2024-08-09 11:30:00-04:00,18.020000457763672,18.030000686645508,18.0,18.009000778198242,14366,0.0,0.0,0.0
2024-08-09 12:30:00-04:00,18.010000228881836,18.020000457763672,18.0,18.0,5372,0.0,0.0,0.0
2024-08-09 13:30:00-04:00,18.010000228881836,18.030000686645508,18.0,18.0,0,0.0,0.0,0.0
2024-08-09 14:30:00-04:00,18.0,18.020000457763672,18.0,18.010000228881836,38955,0.0,0.0,0.0
2024-08-09 15:30:00-04:00,18.010000228881836,18.020000457763672,18.0,18.0,7221,0.0,0.0,0.0
2024-08-12 09:30:00-04:00,18.020000457763672,18.030000686645508,18.01099967956543,18.022499084472656,8723,0.0,0.0,0.0
2024-08-12 10:30:00-04:00,18.030000686645508,18.030000686645508,18.01650047302246,18.01650047302246,1618,0.0,0.0,0.0
2024-08-12 11:30:00-04:00,18.020000457763672,18.030000686645508,18.020000457763672,18.030000686645508,777,0.0,0.0,0.0
2024-08-12 12:30:00-04:00,18.03059959411621,18.059999465942383,18.03059959411621,18.059999465942383,4350,0.0,0.0,0.0
2024-08-12 13:30:00-04:00,18.05500030517578,18.059999465942383,18.049999237060547,18.049999237060547,4049,0.0,0.0,0.0
2024-08-12 14:30:00-04:00,18.059999465942383,18.059999465942383,18.050100326538086,18.05459976196289,2319,0.0,0.0,0.0
2024-08-12 15:30:00-04:00,18.049999237060547,18.049999237060547,18.041200637817383,18.049999237060547,1799,0.0,0.0,0.0
2024-08-13 09:30:00-04:00,18.09000015258789,18.110000610351562,18.09000015258789,18.108600616455078,0,0.0,0.0,0.0
2024-08-13 10:30:00-04:00,18.110000610351562,18.110000610351562,18.100000381469727,18.100000381469727,507,0.0,0.0,0.0
2024-08-13 11:30:00-04:00,18.110000610351562,18.110000610351562,18.100000381469727,18.110000610351562,2270,0.0,0.0,0.0
2024-08-13 12:30:00-04:00,18.110000610351562,18.135099411010742,18.110000610351562,18.124000549316406,5396,0.0,0.0,0.0
2024-08-13 13:30:00-04:00,18.12380027770996,18.1299991607666,18.110000610351562,18.110000610351562,2600,0.0,0.0,0.0
2024-08-13 14:30:00-04:00,18.11989974975586,18.1299991607666,18.110000610351562,18.126399993896484,6648,0.0,0.0,0.0
2024-08-13 15:30:00-04:00,18.125,18.1299991607666,18.1200008392334,18.1299991607666,9563,0.0,0.0,0.0
2024-08-14 09:30:00-04:00,18.190000534057617,18.190000534057617,18.170000076293945,18.190000534057617,7925,0.0,0.0,0.0
2024-08-14 10:30:00-04:00,18.176000595092773,18.176000595092773,18.173599243164062,18.173599243164062,785,0.0,0.0,0.0
2024-08-14 11:30:00-04:00,18.17099952697754,18.200000762939453,18.17099952697754,18.190000534057617,4180,0.0,0.0,0.0
2024-08-14 12:30:00-04:00,18.190000534057617,18.200000762939453,18.184999465942383,18.190000534057617,5254,0.0,0.0,0.0
2024-08-14 13:30:00-04:00,18.190000534057617,18.190000534057617,18.18000030517578,18.190000534057617,5032,0.0,0.0,0.0
2024-08-14 14:30:00-04:00,18.18670082092285,18.190000534057617,18.174999237060547,18.174999237060547,5813,0.0,0.0,0.0
2024-08-14 15:30:00-04:00,18.171199798583984,18.18000030517578,18.170000076293945,18.17799949645996,0,0.0,0.0,0.0
2024-08-15 09:30:00-04:00,18.1200008392334,18.1299991607666,18.110000610351562,18.1299991607666,10753,0.0,0.0,0.0
2024-08-15 10:30:00-04:00,18.139999389648438,18.139999389648438,18.1200008392334,18.1299991607666,3009,0.0,0.0,0.0
2024-08-15 11:30:00-04:00,18.1200008392334,18.1299991607666,18.1200008392334,18.1299991607666,2806,0.0,0.0,0.0
2024-08-15 12:30:00-04:00,18.13050079345703,18.139999389648438,18.13050079345703,18.139999389648438,2563,0.0,0.0,0.0
2024-08-15 13:30:00-04:00,18.135000228881836,18.139999389648438,18.135000228881836,18.139999389648438,1048,0.0,0.0,0.0
2024-08-15 14:30:00-04:00,18.139999389648438,18.139999389648438,18.135000228881836,18.135000228881836,1693,0.0,0.0,0.0
2024-08-15 15:30:00-04:00,18.135000228881836,18.139999389648438,18.135000228881836,18.135000228881836,0,0.0,0.0,0.0
2024-08-16 09:30:00-04:00,18.15999984741211,18.16990089416504,18.15999984741211,18.1648006439209,2211,0.0,0.0,0.0
2024-08-16 10:30:00-04:00,18.159900665283203,18.170000076293945,18.145999908447266,18.15999984741211,4045,0.0,0.0,0.0
2024-08-16 11:30:00-04:00,18.15999984741211,18.170000076293945,18.15999984741211,18.165000915527344,3410,0.0,0.0,0.0
2024-08-16 12:30:00-04:00,18.165000915527344,18.200000762939453,18.165000915527344,18.200000762939453,4131,0.0,0.0,0.0
2024-08-16 13:30:00-04:00,18.200000762939453,18.200000762939453,18.174999237060547,18.18000030517578,3731,0.0,0.0,0.0
2024-08-16 14:30:00-04:00,18.192100524902344,18.199899673461914,18.190000534057617,18.190000534057617,10602,0.0,0.0,0.0
2024-08-16 15:30:00-04:00,18.200000762939453,18.200000762939453,18.190000534057617,18.198999404907227,4071,0.0,0.0,0.0
2024-08-19 09:30:00-04:00,18.209999084472656,18.209999084472656,18.19499969482422,18.200000762939453,5804,0.0,0.0,0.0
2024-08-19 10:30:00-04:00,18.219999313354492,18.229999542236328,18.219999313354492,18.219999313354492,0,0.0,0.0,0.0
2024-08-19 11:30:00-04:00,18.25,18.25,18.25,18.25,8250,0.0,0.0,0.0
2024-08-19 12:30:00-04:00,18.240100860595703,18.24370002746582,18.23390007019043,18.239999771118164,5582,0.0,0.0,0.0
2024-08-19 13:30:00-04:00,18.235000610351562,18.270000457763672,18.231800079345703,18.25,28444,0.0,0.0,0.0
2024-08-19 14:30:00-04:00,18.244800567626953,18.25,18.235000610351562,18.25,9235,0.0,0.0,0.0
2024-08-19 15:30:00-04:00,18.2450008392334,18.25,18.239999771118164,18.25,4842,0.0,0.0,0.0
2024-08-20 09:30:00-04:00,18.280000686645508,18.280000686645508,18.260000228881836,18.266000747680664,5785,0.0,0.0,0.0
2024-08-20 10:30:00-04:00,18.260000228881836,18.270000457763672,18.260000228881836,18.270000457763672,4877,0.0,0.0,0.0
2024-08-20 11:30:00-04:00,18.270000457763672,18.280000686645508,18.264999389648438,18.274999618530273,5452,0.0,0.0,0.0
2024-08-20 12:30:00-04:00,18.27589988708496,18.278900146484375,18.270000457763672,18.270000457763672,1373,0.0,0.0,0.0
2024-08-20 13:30:00-04:00,18.280000686645508,18.280000686645508,18.269899368286133,18.274999618530273,3997,0.0,0.0,0.0
2024-08-20 14:30:00-04:00,18.280000686645508,18.280000686645508,18.270000457763672,18.274999618530273,6582,0.0,0.0,0.0
2024-08-20 15:30:00-04:00,18.280000686645508,18.286399841308594,18.274999618530273,18.28499984741211,4887,0.0,0.0,0.0
2024-08-21 09:30:00-04:00,18.299999237060547,18.299999237060547,18.290000915527344,18.299999237060547,1501,0.0,0.0,0.0
2024-08-21 10:30:00-04:00,18.29949951171875,18.319000244140625,18.29949951171875,18.316200256347656,7882,0.0,0.0,0.0
2024-08-21 11:30:00-04:00,18.31999969482422,18.329999923706055,18.309999465942383,18.31999969482422,4268,0.0,0.0,0.0
2024-08-21 12:30:00-04:00,18.329999923706055,18.34000015258789,18.325000762939453,18.34000015258789,926,0.0,0.0,0.0
2024-08-21 13:30:00-04:00,18.34000015258789,18.360000610351562,18.329999923706055,18.360000610351562,7200,0.0,0.0,0.0
2024-08-21 14:30:00-04:00,18.350000381469727,18.360000610351562,18.32900047302246,18.33329963684082,3585,0.0,0.0,0.0
2024-08-21 15:30:00-04:00,18.323999404907227,18.329999923706055,18.32110023498535,18.329999923706055,1607,0.0,0.0,0.0
2024-08-22 09:30:00-04:00,18.299999237060547,18.299999237060547,18.270000457763672,18.270000457763672,9623,0.0,0.0,0.0
2024-08-22 10:30:00-04:00,18.270000457763672,18.270000457763672,18.250099182128906,18.260000228881836,1614,0.0,0.0,0.0
2024-08-22 11:30:00-04:00,18.253299713134766,18.260000228881836,18.25,18.253299713134766,4797,0.0,0.0,0.0
2024-08-22 12:30:00-04:00,18.260000228881836,18.260000228881836,18.239999771118164,18.249900817871094,15737,0.0,0.0,0.0
2024-08-22 13:30:00-04:00,18.25,18.260000228881836,18.239999771118164,18.260000228881836,3938,0.0,0.0,0.0
2024-08-22 14:30:00-04:00,18.25,18.270000457763672,18.25,18.270000457763672,4374,0.0,0.0,0.0
2024-08-22 15:30:00-04:00,18.251100540161133,18.260000228881836,18.251100540161133,18.260000228881836,2705,0.0,0.0,0.0
2024-08-23 09:30:00-04:00,18.309999465942383,18.34000015258789,18.28820037841797,18.334999084472656,2663,0.0,0.0,0.0
2024-08-23 10:30:00-04:00,18.33009910583496,18.350000381469727,18.33009910583496,18.350000381469727,1907,0.0,0.0,0.0
2024-08-23 11:30:00-04:00,18.350000381469727,18.350000381469727,18.344999313354492,18.344999313354492,1806,0.0,0.0,0.0
2024-08-23 12:30:00-04:00,18.33049964904785,18.344999313354492,18.33049964904785,18.340099334716797,9296,0.0,0.0,0.0
2024-08-23 13:30:00-04:00,18.350000381469727,18.3700008392334,18.350000381469727,18.3700008392334,530,0.0,0.0,0.0
2024-08-23 14:30:00-04:00,18.3700008392334,18.3700008392334,18.359800338745117,18.359800338745117,414,0.0,0.0,0.0
2024-08-23 15:30:00-04:00,18.350000381469727,18.354999542236328,18.350000381469727,18.354999542236328,813,0.0,0.0,0.0
2024-08-26 09:30:00-04:00,18.3700008392334,18.3799991607666,18.341999053955078,18.3700008392334,43810,0.0,0.0,0.0
2024-08-26 10:30:00-04:00,18.3700008392334,18.3700008392334,18.34000015258789,18.34000015258789,5879,0.0,0.0,0.0
2024-08-26 11:30:00-04:00,18.350000381469727,18.350000381469727,18.34000015258789,18.344999313354492,9997,0.0,0.0,0.0
2024-08-26 12:30:00-04:00,18.350000381469727,18.3700008392334,18.350000381469727,18.3700008392334,2246,0.0,0.0,0.0
2024-08-26 13:30:00-04:00,18.3700008392334,18.3700008392334,18.350000381469727,18.360000610351562,2053,0.0,0.0,0.0
2024-08-26 14:30:00-04:00,18.360000610351562,18.368000030517578,18.360000610351562,18.360000610351562,1013,0.0,0.0,0.0
2024-08-26 15:30:00-04:00,18.360000610351562,18.360000610351562,18.350000381469727,18.360000610351562,3592,0.0,0.0,0.0
2024-08-27 09:30:00-04:00,18.31999969482422,18.34000015258789,18.319900512695312,18.334999084472656,7336,0.0,0.0,0.0
2024-08-27 10:30:00-04:00,18.329999923706055,18.34000015258789,18.329999923706055,18.34000015258789,1233,0.0,0.0,0.0
2024-08-27 11:30:00-04:00,18.329999923706055,18.34000015258789,18.329999923706055,18.334999084472656,3882,0.0,0.0,0.0
2024-08-27 12:30:00-04:00,18.34000015258789,18.350000381469727,18.331899642944336,18.350000381469727,28860,0.0,0.0,0.0
2024-08-27 13:30:00-04:00,18.344999313354492,18.3799991607666,18.344999313354492,18.3700008392334,69297,0.0,0.0,0.0
2024-08-27 14:30:00-04:00,18.365400314331055,18.3700008392334,18.344999313354492,18.354999542236328,10527,0.0,0.0,0.0
2024-08-27 15:30:00-04:00,18.354999542236328,18.360000610351562,18.35110092163086,18.360000610351562,5822,0.0,0.0,0.0
2024-08-28 09:30:00-04:00,18.350000381469727,18.350000381469727,18.34000015258789,18.350000381469727,0,0.0,0.0,0.0
2024-08-28 10:30:00-04:00,18.34000015258789,18.34000015258789,18.34000015258789,18.34000015258789,531,0.0,0.0,0.0
2024-08-28 11:30:00-04:00,18.344999313354492,18.344999313354492,18.329999923706055,18.329999923706055,2429,0.0,0.0,0.0
2024-08-28 12:30:00-04:00,18.33989906311035,18.33989906311035,18.320100784301758,18.329999923706055,3212,0.0,0.0,0.0
2024-08-28 13:30:00-04:00,18.322399139404297,18.325000762939453,18.31999969482422,18.31999969482422,1648,0.0,0.0,0.0
2024-08-28 14:30:00-04:00,18.325000762939453,18.329999923706055,18.31999969482422,18.329999923706055,3598,0.0,0.0,0.0
2024-08-28 15:30:00-04:00,18.326000213623047,18.329999923706055,18.313899993896484,18.329999923706055,5033,0.0,0.0,0.0
2024-08-29 09:30:00-04:00,18.309999465942383,18.315000534057617,18.304000854492188,18.304100036621094,21320,0.0,0.0,0.0
2024-08-29 10:30:00-04:00,18.299999237060547,18.299999237060547,18.299999237060547,18.299999237060547,1050,0.0,0.0,0.0
2024-08-29 11:30:00-04:00,18.299999237060547,18.325000762939453,18.299999237060547,18.325000762939453,5519,0.0,0.0,0.0
2024-08-29 12:30:00-04:00,18.326099395751953,18.329999923706055,18.31089973449707,18.31999969482422,5904,0.0,0.0,0.0
2024-08-29 13:30:00-04:00,18.329999923706055,18.330400466918945,18.324100494384766,18.329999923706055,1636,0.0,0.0,0.0
2024-08-29 14:30:00-04:00,18.327999114990234,18.327999114990234,18.309999465942383,18.324100494384766,1095,0.0,0.0,0.0
2024-08-29 15:30:00-04:00,18.32900047302246,18.329999923706055,18.31999969482422,18.31999969482422,3611,0.0,0.0,0.0
2024-08-30 09:30:00-04:00,18.309999465942383,18.323200225830078,18.309999465942383,18.315799713134766,0,0.0,0.0,0.0
2024-08-30 10:30:00-04:00,18.315000534057617,18.317100524902344,18.309600830078125,18.309600830078125,1942,0.0,0.0,0.0
2024-08-30 11:30:00-04:00,18.30500030517578,18.30500030517578,18.290000915527344,18.290000915527344,2941,0.0,0.0,0.0
2024-08-30 12:30:00-04:00,18.27739906311035,18.277799606323242,18.270000457763672,18.270000457763672,6957,0.0,0.0,0.0
2024-08-30 13:30:00-04:00,18.274999618530273,18.27989959716797,18.270000457763672,18.27989959716797,3688,0.0,0.0,0.0
2024-08-30 14:30:00-04:00,18.276100158691406,18.290000915527344,18.27589988708496,18.28499984741211,927,0.0,0.0,0.0
2024-08-30 15:30:00-04:00,18.289400100708008,18.289400100708008,18.280000686645508,18.28499984741211,1757,0.0,0.0,0.0
2024-09-03 09:30:00-04:00,18.260000228881836,18.260000228881836,18.219999313354492,18.219999313354492,10808,0.0,0.0,0.0
2024-09-03 10:30:00-04:00,18.229999542236328,18.239999771118164,18.209999084472656,18.225000381469727,21148,0.0,0.0,0.0
2024-09-03 11:30:00-04:00,18.219999313354492,18.225000381469727,18.219999313354492,18.225000381469727,11621,0.0,0.0,0.0
2024-09-03 12:30:00-04:00,18.229900360107422,18.235000610351562,18.219999313354492,18.229999542236328,12770,0.0,0.0,0.0
2024-09-03 13:30:00-04:00,18.229999542236328,18.235000610351562,18.209999084472656,18.209999084472656,8211,0.0,0.0,0.0
2024-09-03 14:30:00-04:00,18.209999084472656,18.219999313354492,18.208900451660156,18.219999313354492,5862,0.0,0.0,0.0
2024-09-03 15:30:00-04:00,18.225000381469727,18.225000381469727,18.209999084472656,18.219999313354492,0,0.0,0.0,0.0
2024-09-04 09:30:00-04:00,18.219999313354492,18.295000076293945,18.219999313354492,18.286500930786133,7590,0.0,0.0,0.0
2024-09-04 10:30:00-04:00,18.299999237060547,18.299999237060547,18.290000915527344,18.290000915527344,11067,0.0,0.0,0.0
2024-09-04 11:30:00-04:00,18.287599563598633,18.303800582885742,18.280000686645508,18.303800582885742,15743,0.0,0.0,0.0
2024-09-04 12:30:00-04:00,18.30500030517578,18.309999465942383,18.299999237060547,18.30500030517578,4419,0.0,0.0,0.0
2024-09-04 13:30:00-04:00,18.30500030517578,18.30970001220703,18.295000076293945,18.30500030517578,7881,0.0,0.0,0.0
2024-09-04 14:30:00-04:00,18.299999237060547,18.309999465942383,18.295000076293945,18.30500030517578,18328,0.0,0.0,0.0
2024-09-04 15:30:00-04:00,18.30500030517578,18.315000534057617,18.30500030517578,18.309999465942383,3860,0.0,0.0,0.0
2024-09-05 09:30:00-04:00,18.350000381469727,18.350000381469727,18.32990074157715,18.329999923706055,13359,0.0,0.0,0.0
2024-09-05 10:30:00-04:00,18.315000534057617,18.315000534057617,18.299299240112305,18.30500030517578,3751,0.0,0.0,0.0
2024-09-05 11:30:00-04:00,18.30500030517578,18.325000762939453,18.30500030517578,18.325000762939453,1517,0.0,0.0,0.0
2024-09-05 12:30:00-04:00,18.33970069885254,18.33970069885254,18.336000442504883,18.336000442504883,520,0.0,0.0,0.0
2024-09-05 13:30:00-04:00,18.334999084472656,18.360000610351562,18.334999084472656,18.360000610351562,17720,0.0,0.0,0.0
2024-09-05 14:30:00-04:00,18.354999542236328,18.360000610351562,18.350000381469727,18.350000381469727,5316,0.0,0.0,0.0
2024-09-05 15:30:00-04:00,18.360000610351562,18.360000610351562,18.354999542236328,18.360000610351562,1767,0.0,0.0,0.0
2024-09-06 09:30:00-04:00,18.34000015258789,18.350000381469727,18.329999923706055,18.344999313354492,6860,0.0,0.0,0.0
2024-09-06 10:30:00-04:00,18.35890007019043,18.399999618530273,18.354999542236328,18.360000610351562,13439,0.0,0.0,0.0
2024-09-06 11:30:00-04:00,18.3700008392334,18.3700008392334,18.329999923706055,18.329999923706055,13104,0.0,0.0,0.0
2024-09-06 12:30:00-04:00,18.329999923706055,18.350000381469727,18.31999969482422,18.350000381469727,324415,0.0,0.0,0.0
2024-09-06 13:30:00-04:00,18.344999313354492,18.344999313354492,18.329999923706055,18.329999923706055,2629,0.0,0.0,0.0
2024-09-06 14:30:00-04:00,18.34280014038086,18.350000381469727,18.34000015258789,18.350000381469727,3863,0.0,0.0,0.0
2024-09-06 15:30:00-04:00,18.344499588012695,18.350000381469727,18.34000015258789,18.34000015258789,6155,0.0,0.0,0.0
2024-09-09 09:30:00-04:00,18.329999923706055,18.34000015258789,18.329999923706055,18.34000015258789,847,0.0,0.0,0.0
2024-09-09 10:30:00-04:00,18.34000015258789,18.350000381469727,18.34000015258789,18.350000381469727,7449,0.0,0.0,0.0
2024-09-09 11:30:00-04:00,18.344999313354492,18.360000610351562,18.344999313354492,18.354999542236328,2594,0.0,0.0,0.0
2024-09-09 12:30:00-04:00,18.369699478149414,18.3700008392334,18.364999771118164,18.3700008392334,1309,0.0,0.0,0.0
2024-09-09 13:30:00-04:00,18.373899459838867,18.373899459838867,18.354700088500977,18.360000610351562,15524,0.0,0.0,0.0
2024-09-09 14:30:00-04:00,18.364999771118164,18.364999771118164,18.354999542236328,18.364999771118164,4540,0.0,0.0,0.0
2024-09-09 15:30:00-04:00,18.36009979248047,18.364999771118164,18.354999542236328,18.360000610351562,2480,0.0,0.0,0.0
2024-09-10 09:30:00-04:00,18.360000610351562,18.360000610351562,18.354700088500977,18.360000610351562,0,0.0,0.0,0.0
2024-09-10 10:30:00-04:00,18.35930061340332,18.364999771118164,18.354999542236328,18.36009979248047,7429,0.0,0.0,0.0
2024-09-10 11:30:00-04:00,18.364999771118164,18.3700008392334,18.360000610351562,18.364999771118164,0,0.0,0.0,0.0
2024-09-10 12:30:00-04:00,18.364999771118164,18.365999221801758,18.360000610351562,18.365999221801758,38150,0.0,0.0,0.0
2024-09-10 13:30:00-04:00,18.36009979248047,18.3700008392334,18.36009979248047,18.3700008392334,1982,0.0,0.0,0.0
2024-09-10 14:30:00-04:00,18.377899169921875,18.377899169921875,18.375,18.375,2785,0.0,0.0,0.0
2024-09-10 15:30:00-04:00,18.385000228881836,18.385000228881836,18.385000228881836,18.385000228881836,3625,0.0,0.0,0.0
2024-09-11 09:30:00-04:00,18.350000381469727,18.375600814819336,18.350000381469727,18.375,0,0.0,0.0,0.0
2024-09-11 10:30:00-04:00,18.375,18.385000228881836,18.375,18.385000228881836,30260,0.0,0.0,0.0
2024-09-11 11:30:00-04:00,18.385099411010742,18.385099411010742,18.37019920349121,18.378799438476562,8812,0.0,0.0,0.0
2024-09-11 12:30:00-04:00,18.375600814819336,18.385000228881836,18.360000610351562,18.364999771118164,7295,0.0,0.0,0.0
2024-09-11 13:30:00-04:00,18.364200592041016,18.375,18.364200592041016,18.375,6683,0.0,0.0,0.0
2024-09-11 14:30:00-04:00,18.37350082397461,18.3799991607666,18.37350082397461,18.3799991607666,3088,0.0,0.0,0.0
2024-09-11 15:30:00-04:00,18.405000686645508,18.405000686645508,18.395000457763672,18.405000686645508,2595,0.0,0.0,0.0
2024-09-12 09:30:00-04:00,18.399999618530273,18.399999618530273,18.370100021362305,18.389999389648438,0,0.0,0.0,0.0
2024-09-12 10:30:00-04:00,18.3799991607666,18.3799991607666,18.372299194335938,18.372299194335938,0,0.0,0.0,0.0
2024-09-12 11:30:00-04:00,18.38990020751953,18.389999389648438,18.3799991607666,18.3799991607666,349292,0.0,0.0,0.0
2024-09-12 12:30:00-04:00,18.3799991607666,18.389999389648438,18.3799991607666,18.389999389648438,682,0.0,0.0,0.0
2024-09-12 13:30:00-04:00,18.3966007232666,18.420000076293945,18.3966007232666,18.41360092163086,42138,0.0,0.0,0.0
2024-09-12 14:30:00-04:00,18.429800033569336,18.440000534057617,18.424999237060547,18.43000030517578,15514,0.0,0.0,0.0
2024-09-12 15:30:00-04:00,18.424999237060547,18.424999237060547,18.424999237060547,18.424999237060547,0,0.0,0.0,0.0
2024-09-13 09:30:00-04:00,18.457300186157227,18.457300186157227,18.431100845336914,18.431100845336914,2554,0.0,0.0,0.0
2024-09-13 10:30:00-04:00,18.44969940185547,18.459999084472656,18.44969940185547,18.454999923706055,5908,0.0,0.0,0.0
2024-09-13 11:30:00-04:00,18.469999313354492,18.475000381469727,18.46500015258789,18.469999313354492,3053,0.0,0.0,0.0
2024-09-13 12:30:00-04:00,18.469999313354492,18.485000610351562,18.469999313354492,18.485000610351562,11026,0.0,0.0,0.0
2024-09-13 13:30:00-04:00,18.485000610351562,18.485000610351562,18.484899520874023,18.485000610351562,2537,0.0,0.0,0.0
2024-09-13 14:30:00-04:00,18.479999542236328,18.5,18.479999542236328,18.4950008392334,17602,0.0,0.0,0.0
2024-09-13 15:30:00-04:00,18.479999542236328,18.485000610351562,18.469999313354492,18.475000381469727,14348,0.0,0.0,0.0
2024-09-16 09:30:00-04:00,18.489999771118164,18.510000228881836,18.479999542236328,18.5049991607666,5069,0.0,0.0,0.0
2024-09-16 10:30:00-04:00,18.5049991607666,18.520000457763672,18.5,18.503799438476562,8240,0.0,0.0,0.0
2024-09-16 11:30:00-04:00,18.509899139404297,18.510000228881836,18.5,18.5,8207,0.0,0.0,0.0
2024-09-16 12:30:00-04:00,18.510000228881836,18.510000228881836,18.5,18.5049991607666,6387,0.0,0.0,0.0
2024-09-16 13:30:00-04:00,18.5049991607666,18.520000457763672,18.5049991607666,18.520000457763672,4729,0.0,0.0,0.0
2024-09-16 14:30:00-04:00,18.510000228881836,18.520000457763672,18.510000228881836,18.510000228881836,21523,0.0,0.0,0.0
2024-09-16 15:30:00-04:00,18.520000457763672,18.520000457763672,18.510000228881836,18.510000228881836,0,0.0,0.0,0.0
2024-09-17 09:30:00-04:00,18.530000686645508,18.530000686645508,18.51099967956543,18.520000457763672,27571,0.0,0.0,0.0
2024-09-17 10:30:00-04:00,18.520099639892578,18.549999237060547,18.520000457763672,18.530399322509766,37044,0.0,0.0,0.0
2024-09-17 11:30:00-04:00,18.524999618530273,18.549999237060547,18.524999618530273,18.530000686645508,21593,0.0,0.0,0.0
2024-09-17 12:30:00-04:00,18.538999557495117,18.539899826049805,18.520000457763672,18.520000457763672,7061,0.0,0.0,0.0
2024-09-17 13:30:00-04:00,18.520000457763672,18.520000457763672,18.51099967956543,18.511199951171875,2714,0.0,0.0,0.0
2024-09-17 14:30:00-04:00,18.514999389648438,18.514999389648438,18.514999389648438,18.514999389648438,155,0.0,0.0,0.0
2024-09-17 15:30:00-04:00,18.514999389648438,18.520000457763672,18.510000228881836,18.510000228881836,6279,0.0,0.0,0.0
2024-09-18 09:30:00-04:00,18.469999313354492,18.489999771118164,18.469999313354492,18.489999771118164,0,0.0,0.0,0.0
2024-09-18 10:30:00-04:00,18.489900588989258,18.489900588989258,18.469999313354492,18.469999313354492,9780,0.0,0.0,0.0
2024-09-18 11:30:00-04:00,18.475000381469727,18.479999542236328,18.469999313354492,18.479999542236328,8870,0.0,0.0,0.0
2024-09-18 12:30:00-04:00,18.485000610351562,18.493972778320312,18.485000610351562,18.493972778320312,4978,0.0,0.0,0.0
2024-09-18 13:30:00-04:00,18.491100311279297,18.559999465942383,18.489999771118164,18.545000076293945,14907,0.0,0.0,0.0
2024-09-18 14:30:00-04:00,18.560100555419922,18.56879997253418,18.490400314331055,18.4950008392334,3616,0.0,0.0,0.0
2024-09-18 15:30:00-04:00,18.4950008392334,18.510000228881836,18.41080093383789,18.46619987487793,0,0.0,0.0,0.0
2024-09-19 09:30:00-04:00,18.5,18.5,18.47249984741211,18.497499465942383,9538,0.0,0.0,0.0
2024-09-19 10:30:00-04:00,18.4950008392334,18.5,18.489999771118164,18.489999771118164,65843,0.0,0.0,0.0
2024-09-19 11:30:00-04:00,18.5,18.51889991760254,18.489999771118164,18.510000228881836,7122,0.0,0.0,0.0
2024-09-19 12:30:00-04:00,18.520000457763672,18.520000457763672,18.500699996948242,18.500699996948242,739,0.0,0.0,0.0
2024-09-19 13:30:00-04:00,18.5,18.5049991607666,18.5,18.500999450683594,2701,0.0,0.0,0.0
2024-09-19 14:30:00-04:00,18.508899688720703,18.508899688720703,18.5,18.5,1562,0.0,0.0,0.0
2024-09-19 15:30:00-04:00,18.5049991607666,18.508899688720703,18.500999450683594,18.500999450683594,1752,0.0,0.0,0.0
2024-09-20 09:30:00-04:00,18.469999313354492,18.469999313354492,18.451099395751953,18.451099395751953,0,0.0,0.0,0.0
2024-09-20 10:30:00-04:00,18.459999084472656,18.459999084472656,18.45009994506836,18.454999923706055,5821,0.0,0.0,0.0
2024-09-20 11:30:00-04:00,18.450000762939453,18.479900360107422,18.450000762939453,18.479900360107422,4108,0.0,0.0,0.0
2024-09-20 12:30:00-04:00,18.489999771118164,18.499799728393555,18.489999771118164,18.499799728393555,934,0.0,0.0,0.0
2024-09-20 13:30:00-04:00,18.4950008392334,18.4950008392334,18.4950008392334,18.4950008392334,394,0.0,0.0,0.0
2024-09-20 15:30:00-04:00,18.4950008392334,18.4950008392334,18.489999771118164,18.489999771118164,0,0.0,0.0,0.0
2024-09-23 09:30:00-04:00,18.469999313354492,18.469999313354492,18.440099716186523,18.440099716186523,1053,0.0,0.0,0.0
2024-09-23 10:30:00-04:00,18.469900131225586,18.469900131225586,18.459999084472656,18.461200714111328,3211,0.0,0.0,0.0
2024-09-23 11:30:00-04:00,18.460100173950195,18.477100372314453,18.460100173950195,18.475000381469727,3888,0.0,0.0,0.0
2024-09-23 12:30:00-04:00,18.479999542236328,18.48889923095703,18.469999313354492,18.483299255371094,9119,0.0,0.0,0.0
2024-09-23 13:30:00-04:00,18.48069953918457,18.48069953918457,18.48069953918457,18.48069953918457,508,0.0,0.0,0.0
2024-09-23 14:30:00-04:00,18.485000610351562,18.485000610351562,18.480100631713867,18.484899520874023,4655,0.0,0.0,0.0
2024-09-23 15:30:00-04:00,18.488399505615234,18.488399505615234,18.47480010986328,18.47480010986328,0,0.0,0.0,0.0
2024-09-24 09:30:00-04:00,18.469999313354492,18.4778995513916,18.441099166870117,18.4778995513916,15474,0.0,0.0,0.0
2024-09-24 10:30:00-04:00,18.481199264526367,18.489900588989258,18.480100631713867,18.483600616455078,4799,0.0,0.0,0.0
2024-09-24 11:30:00-04:00,18.479999542236328,18.48859977722168,18.469999313354492,18.485000610351562,14261,0.0,0.0,0.0
2024-09-24 12:30:00-04:00,18.48509979248047,18.48509979248047,18.48509979248047,18.48509979248047,298,0.0,0.0,0.0
2024-09-24 13:30:00-04:00,18.488800048828125,18.510000228881836,18.48624610900879,18.5049991607666,17070,0.0,0.0,0.0
2024-09-24 14:30:00-04:00,18.5049991607666,18.516000747680664,18.500099182128906,18.514999389648438,23346,0.0,0.0,0.0
2024-09-24 15:30:00-04:00,18.516000747680664,18.520000457763672,18.5,18.5049991607666,11017,0.0,0.0,0.0
2024-09-25 09:30:00-04:00,18.479999542236328,18.479999542236328,18.45240020751953,18.459999084472656,265182,0.0,0.0,0.0
2024-09-25 10:30:00-04:00,18.454999923706055,18.458900451660156,18.420000076293945,18.44610023498535,14780,0.0,0.0,0.0
2024-09-25 11:30:00-04:00,18.44499969482422,18.45199966430664,18.441099166870117,18.45199966430664,1757,0.0,0.0,0.0
2024-09-25 12:30:00-04:00,18.459999084472656,18.469999313354492,18.440099716186523,18.440099716186523,16338,0.0,0.0,0.0
2024-09-25 13:30:00-04:00,18.440399169921875,18.44729995727539,18.440000534057617,18.44260025024414,3966,0.0,0.0,0.0
2024-09-25 14:30:00-04:00,18.446699142456055,18.449899673461914,18.43000030517578,18.433300018310547,16722,0.0,0.0,0.0
2024-09-25 15:30:00-04:00,18.434999465942383,18.440000534057617,18.434999465942383,18.440000534057617,0,0.0,0.0,0.0
2024-09-26 09:30:00-04:00,18.459999084472656,18.469900131225586,18.431100845336914,18.431100845336914,4819,0.0,0.0,0.0
2024-09-26 10:30:00-04:00,18.44499969482422,18.44499969482422,18.434999465942383,18.434999465942383,1979,0.0,0.0,0.0
2024-09-26 11:30:00-04:00,18.431100845336914,18.450000762939453,18.431100845336914,18.440000534057617,6040,0.0,0.0,0.0
2024-09-26 12:30:00-04:00,18.441200256347656,18.44879913330078,18.441200256347656,18.44879913330078,696,0.0,0.0,0.0
2024-09-26 13:30:00-04:00,18.45210075378418,18.458309173583984,18.45199966430664,18.45199966430664,1206,0.0,0.0,0.0
2024-09-26 14:30:00-04:00,18.450000762939453,18.478900909423828,18.450000762939453,18.478900909423828,4596,0.0,0.0,0.0
2024-09-26 15:30:00-04:00,18.469999313354492,18.469999313354492,18.461000442504883,18.46139907836914,1221,0.0,0.0,0.0
2024-09-27 09:30:00-04:00,18.489999771118164,18.5,18.489999771118164,18.5,0,0.0,0.0,0.0
2024-09-27 10:30:00-04:00,18.499000549316406,18.499000549316406,18.48110008239746,18.48110008239746,7357,0.0,0.0,0.0
2024-09-27 11:30:00-04:00,18.489999771118164,18.5,18.480100631713867,18.5,4440,0.0,0.0,0.0
2024-09-27 12:30:00-04:00,18.508800506591797,18.520000457763672,18.500099182128906,18.510400772094727,17801,0.0,0.0,0.0
2024-09-27 13:30:00-04:00,18.51020050048828,18.520000457763672,18.510000228881836,18.514999389648438,25858,0.0,0.0,0.0
2024-09-27 14:30:00-04:00,18.514999389648438,18.518800735473633,18.510000228881836,18.514999389648438,4915,0.0,0.0,0.0
2024-09-27 15:30:00-04:00,18.510099411010742,18.530000686645508,18.510000228881836,18.510000228881836,27056,0.0,0.0,0.0
2024-09-30 09:30:00-04:00,18.489999771118164,18.5049991607666,18.489999771118164,18.498899459838867,21706,0.0,0.0,0.0
2024-09-30 10:30:00-04:00,18.498899459838867,18.5,18.489500045776367,18.489999771118164,2726,0.0,0.0,0.0
2024-09-30 11:30:00-04:00,18.482500076293945,18.5,18.479999542236328,18.5,7185,0.0,0.0,0.0
2024-09-30 12:30:00-04:00,18.5,18.506000518798828,18.5,18.5049991607666,3955,0.0,0.0,0.0
2024-09-30 13:30:00-04:00,18.5049991607666,18.5049991607666,18.459999084472656,18.459999084472656,7508,0.0,0.0,0.0
2024-09-30 14:30:00-04:00,18.459999084472656,18.479999542236328,18.459999084472656,18.459999084472656,25454,0.0,0.0,0.0
2024-09-30 15:30:00-04:00,18.46500015258789,18.479999542236328,18.46500015258789,18.479999542236328,1641,0.0,0.0,0.0
2024-10-01 09:30:00-04:00,18.450000762939453,18.459999084472656,18.450000762939453,18.459999084472656,0,0.0,0.0,0.0
2024-10-01 10:30:00-04:00,18.450000762939453,18.45989990234375,18.443700790405273,18.450000762939453,1354,0.0,0.0,0.0
2024-10-01 11:30:00-04:00,18.450199127197266,18.479900360107422,18.440000534057617,18.479900360107422,3393,0.0,0.0,0.0
2024-10-01 12:30:00-04:00,18.469999313354492,18.469999313354492,18.450000762939453,18.450000762939453,10294,0.0,0.0,0.0
2024-10-01 13:30:00-04:00,18.44659996032715,18.449899673461914,18.431100845336914,18.449899673461914,3270,0.0,0.0,0.0
2024-10-01 14:30:00-04:00,18.44499969482422,18.45989990234375,18.44499969482422,18.453994750976562,3855,0.0,0.0,0.0
2024-10-01 15:30:00-04:00,18.454999923706055,18.454999923706055,18.44499969482422,18.450000762939453,9571,0.0,0.0,0.0
2024-10-02 09:30:00-04:00,18.38960075378418,18.38990020751953,18.3799991607666,18.387399673461914,7689,0.0,0.0,0.0
2024-10-02 10:30:00-04:00,18.399999618530273,18.405000686645508,18.39080047607422,18.405000686645508,7621,0.0,0.0,0.0
2024-10-02 11:30:00-04:00,18.399999618530273,18.418899536132812,18.399999618530273,18.418899536132812,6989,0.0,0.0,0.0
2024-10-02 12:30:00-04:00,18.40999984741211,18.418899536132812,18.40999984741211,18.415000915527344,9775,0.0,0.0,0.0
2024-10-02 13:30:00-04:00,18.41010093688965,18.429000854492188,18.40999984741211,18.420000076293945,4474,0.0,0.0,0.0
2024-10-02 14:30:00-04:00,18.424999237060547,18.43000030517578,18.420000076293945,18.420000076293945,14722,0.0,0.0,0.0
2024-10-02 15:30:00-04:00,18.420700073242188,18.43000030517578,18.420000076293945,18.43000030517578,6604,0.0,0.0,0.0
2024-10-03 09:30:00-04:00,18.420000076293945,18.420000076293945,18.3700008392334,18.3700008392334,18756,0.0,0.0,0.0
2024-10-03 10:30:00-04:00,18.3700008392334,18.3799991607666,18.360000610351562,18.3799991607666,19461,0.0,0.0,0.0
2024-10-03 11:30:00-04:00,18.37849998474121,18.3799991607666,18.370800018310547,18.3789005279541,5597,0.0,0.0,0.0
2024-10-03 12:30:00-04:00,18.3700008392334,18.379899978637695,18.3700008392334,18.3700008392334,4977,0.0,0.0,0.0
2024-10-03 13:30:00-04:00,18.3700008392334,18.3700008392334,18.360000610351562,18.360000610351562,9821,0.0,0.0,0.0
2024-10-03 14:30:00-04:00,18.360599517822266,18.3700008392334,18.350799560546875,18.3700008392334,9499,0.0,0.0,0.0
2024-10-03 15:30:00-04:00,18.3700008392334,18.388999938964844,18.3700008392334,18.375,0,0.0,0.0,0.0
2024-10-04 09:30:00-04:00,18.280000686645508,18.280000686645508,18.26420021057129,18.26420021057129,5933,0.0,0.0,0.0
2024-10-04 10:30:00-04:00,18.264999389648438,18.274999618530273,18.256999969482422,18.260000228881836,19452,0.0,0.0,0.0
2024-10-04 11:30:00-04:00,18.25200080871582,18.252399444580078,18.25200080871582,18.252399444580078,3077,0.0,0.0,0.0
2024-10-04 12:30:00-04:00,18.260000228881836,18.260000228881836,18.250099182128906,18.250099182128906,697,0.0,0.0,0.0
2024-10-04 14:30:00-04:00,18.259199142456055,18.259199142456055,18.2450008392334,18.2450008392334,5943,0.0,0.0,0.0
2024-10-04 15:30:00-04:00,18.249000549316406,18.260000228881836,18.249000549316406,18.260000228881836,5420,0.0,0.0,0.0
2024-10-07 09:30:00-04:00,18.219999313354492,18.219999313354492,18.200000762939453,18.209999084472656,0,0.0,0.0,0.0
2024-10-07 10:30:00-04:00,18.209999084472656,18.209999084472656,18.19890022277832,18.200000762939453,6864,0.0,0.0,0.0
2024-10-07 11:30:00-04:00,18.204999923706055,18.209999084472656,18.200000762939453,18.200000762939453,0,0.0,0.0,0.0
2024-10-07 12:30:00-04:00,18.19499969482422,18.209999084472656,18.190000534057617,18.209999084472656,14515,0.0,0.0,0.0
2024-10-07 13:30:00-04:00,18.200000762939453,18.209999084472656,18.190900802612305,18.197500228881836,2255,0.0,0.0,0.0
2024-10-07 14:30:00-04:00,18.200000762939453,18.200000762939453,18.17009925842285,18.190000534057617,5641,0.0,0.0,0.0
2024-10-07 15:30:00-04:00,18.190000534057617,18.190000534057617,18.18000030517578,18.18000030517578,0,0.0,0.0,0.0
2024-10-08 09:30:00-04:00,18.15999984741211,18.170000076293945,18.15999984741211,18.165000915527344,5409,0.0,0.0,0.0
2024-10-08 10:30:00-04:00,18.170000076293945,18.170000076293945,18.15999984741211,18.164899826049805,3099,0.0,0.0,0.0
2024-10-08 11:30:00-04:00,18.170000076293945,18.18000030517578,18.168899536132812,18.170000076293945,7904,0.0,0.0,0.0
2024-10-08 12:30:00-04:00,18.18000030517578,18.184999465942383,18.16990089416504,18.170000076293945,5440,0.0,0.0,0.0
2024-10-08 13:30:00-04:00,18.18000030517578,18.18000030517578,18.170000076293945,18.174999237060547,2454,0.0,0.0,0.0
2024-10-08 14:30:00-04:00,18.170000076293945,18.18000030517578,18.170000076293945,18.18000030517578,1043,0.0,0.0,0.0
2024-10-08 15:30:00-04:00,18.190000534057617,18.200000762939453,18.190000534057617,18.200000762939453,2402,0.0,0.0,0.0
2024-10-09 09:30:00-04:00,18.15999984741211,18.165000915527344,18.149999618530273,18.155000686645508,3129,0.0,0.0,0.0
2024-10-09 10:30:00-04:00,18.15999984741211,18.170000076293945,18.15999984741211,18.170000076293945,669,0.0,0.0,0.0
2024-10-09 11:30:00-04:00,18.165000915527344,18.170000076293945,18.152099609375,18.152099609375,8633,0.0,0.0,0.0
2024-10-09 12:30:00-04:00,18.151100158691406,18.151100158691406,18.139999389648438,18.145099639892578,947,0.0,0.0,0.0
2024-10-09 13:30:00-04:00,18.149999618530273,18.149999618530273,18.1299991607666,18.139999389648438,1934,0.0,0.0,0.0
2024-10-09 14:30:00-04:00,18.158899307250977,18.158899307250977,18.139999389648438,18.139999389648438,2556,0.0,0.0,0.0
2024-10-09 15:30:00-04:00,18.145000457763672,18.145000457763672,18.139999389648438,18.145000457763672,0,0.0,0.0,0.0
2024-10-10 09:30:00-04:00,18.1200008392334,18.139999389648438,18.1200008392334,18.120100021362305,2535,0.0,0.0,0.0
2024-10-10 10:30:00-04:00,18.1200008392334,18.1200008392334,18.100000381469727,18.111900329589844,3322,0.0,0.0,0.0
2024-10-10 11:30:00-04:00,18.1200008392334,18.143299102783203,18.1200008392334,18.140899658203125,3186,0.0,0.0,0.0
2024-10-10 12:30:00-04:00,18.139999389648438,18.139999389648438,18.118030548095703,18.118030548095703,2844,0.0,0.0,0.0
2024-10-10 13:30:00-04:00,18.121999740600586,18.121999740600586,18.121999740600586,18.121999740600586,1152,0.0,0.0,0.0
2024-10-10 15:30:00-04:00,18.139999389648438,18.149999618530273,18.139999389648438,18.149999618530273,309,0.0,0.0,0.0
2024-10-11 09:30:00-04:00,18.125,18.13010025024414,18.125,18.13010025024414,1425,0.0,0.0,0.0
2024-10-11 10:30:00-04:00,18.120100021362305,18.144004821777344,18.120100021362305,18.144004821777344,11846,0.0,0.0,0.0
2024-10-11 11:30:00-04:00,18.15999984741211,18.15999984741211,18.149700164794922,18.155000686645508,1823,0.0,0.0,0.0
2024-10-11 12:30:00-04:00,18.160499572753906,18.160499572753906,18.15999984741211,18.15999984741211,524,0.0,0.0,0.0
2024-10-11 13:30:00-04:00,18.15999984741211,18.170000076293945,18.150100708007812,18.15369987487793,2023,0.0,0.0,0.0
2024-10-11 14:30:00-04:00,18.155399322509766,18.15999984741211,18.155399322509766,18.15999984741211,1462,0.0,0.0,0.0
2024-10-11 15:30:00-04:00,18.15999984741211,18.15999984741211,18.143699645996094,18.145000457763672,3720,0.0,0.0,0.0
2024-10-14 09:30:00-04:00,18.09000015258789,18.100000381469727,18.09000015258789,18.094999313354492,3734,0.0,0.0,0.0
2024-10-14 10:30:00-04:00,18.100000381469727,18.104999542236328,18.100000381469727,18.104999542236328,864,0.0,0.0,0.0
2024-10-14 11:30:00-04:00,18.110000610351562,18.110000610351562,18.101200103759766,18.109899520874023,1936,0.0,0.0,0.0
2024-10-14 12:30:00-04:00,18.10110092163086,18.114999771118164,18.100099563598633,18.114999771118164,8006,0.0,0.0,0.0
2024-10-14 13:30:00-04:00,18.1200008392334,18.1200008392334,18.1200008392334,18.1200008392334,251,0.0,0.0,0.0
2024-10-14 15:30:00-04:00,18.135000228881836,18.135000228881836,18.135000228881836,18.135000228881836,0,0.0,0.0,0.0
2024-10-15 09:30:00-04:00,18.170000076293945,18.219999313354492,18.170000076293945,18.189899444580078,27016,0.0,0.0,0.0
2024-10-15 10:30:00-04:00,18.18000030517578,18.190000534057617,18.18000030517578,18.184999465942383,7805,0.0,0.0,0.0
2024-10-15 11:30:00-04:00,18.184499740600586,18.19890022277832,18.184499740600586,18.19099998474121,2220,0.0,0.0,0.0
2024-10-15 12:30:00-04:00,18.190000534057617,18.19099998474121,18.18000030517578,18.184999465942383,5602,0.0,0.0,0.0
2024-10-15 13:30:00-04:00,18.18000030517578,18.189899444580078,18.18000030517578,18.18000030517578,9285,0.0,0.0,0.0
2024-10-15 14:30:00-04:00,18.18899917602539,18.200000762939453,18.18899917602539,18.190000534057617,26073,0.0,0.0,0.0
2024-10-15 15:30:00-04:00,18.19499969482422,18.19890022277832,18.18000030517578,18.18000030517578,5319,0.0,0.0,0.0
2024-10-16 09:30:00-04:00,18.200000762939453,18.20989990234375,18.200000762939453,18.203800201416016,6292,0.0,0.0,0.0
2024-10-16 10:30:00-04:00,18.209999084472656,18.2283992767334,18.209999084472656,18.225000381469727,3279,0.0,0.0,0.0
2024-10-16 11:30:00-04:00,18.219999313354492,18.219999313354492,18.209999084472656,18.209999084472656,6573,0.0,0.0,0.0
2024-10-16 12:30:00-04:00,18.211200714111328,18.21500015258789,18.211200714111328,18.21500015258789,1823,0.0,0.0,0.0
2024-10-16 13:30:00-04:00,18.218900680541992,18.218900680541992,18.209999084472656,18.21500015258789,7154,0.0,0.0,0.0
2024-10-16 14:30:00-04:00,18.21500015258789,18.218900680541992,18.209999084472656,18.218799591064453,4569,0.0,0.0,0.0
2024-10-16 15:30:00-04:00,18.21500015258789,18.218900680541992,18.21500015258789,18.21500015258789,0,0.0,0.0,0.0
2024-10-17 09:30:00-04:00,18.170000076293945,18.170000076293945,18.139999389648438,18.149999618530273,10046,0.0,0.0,0.0
2024-10-17 10:30:00-04:00,18.14780044555664,18.14780044555664,18.133899688720703,18.139999389648438,7259,0.0,0.0,0.0
2024-10-17 11:30:00-04:00,18.145000457763672,18.15999984741211,18.139999389648438,18.145000457763672,20930,0.0,0.0,0.0
2024-10-17 12:30:00-04:00,18.142499923706055,18.149999618530273,18.139999389648438,18.140600204467773,4240,0.0,0.0,0.0
2024-10-17 13:30:00-04:00,18.14889907836914,18.14889907836914,18.131000518798828,18.135000228881836,12590,0.0,0.0,0.0
2024-10-17 14:30:00-04:00,18.138399124145508,18.145999908447266,18.13089942932129,18.145999908447266,11799,0.0,0.0,0.0
2024-10-17 15:30:00-04:00,18.148799896240234,18.149999618530273,18.145000457763672,18.145000457763672,0,0.0,0.0,0.0
2024-10-18 09:30:00-04:00,18.190000534057617,18.190000534057617,18.15999984741211,18.15999984741211,7487,0.0,0.0,0.0
2024-10-18 10:30:00-04:00,18.159299850463867,18.159299850463867,18.150100708007812,18.155000686645508,1156,0.0,0.0,0.0
2024-10-18 11:30:00-04:00,18.159900665283203,18.170000076293945,18.153600692749023,18.165000915527344,6451,0.0,0.0,0.0
2024-10-18 12:30:00-04:00,18.169599533081055,18.174999237060547,18.169599533081055,18.170000076293945,1228,0.0,0.0,0.0
2024-10-18 13:30:00-04:00,18.16900062561035,18.16990089416504,18.162500381469727,18.165000915527344,7043,0.0,0.0,0.0
2024-10-18 14:30:00-04:00,18.161100387573242,18.16990089416504,18.160999298095703,18.160999298095703,6163,0.0,0.0,0.0
2024-10-18 15:30:00-04:00,18.16900062561035,18.16900062561035,18.15999984741211,18.165000915527344,3093,0.0,0.0,0.0
2024-10-21 09:30:00-04:00,18.1200008392334,18.1200008392334,18.079999923706055,18.084999084472656,0,0.0,0.0,0.0
2024-10-21 10:30:00-04:00,18.079999923706055,18.079999923706055,18.041099548339844,18.041099548339844,4746,0.0,0.0,0.0
2024-10-21 11:30:00-04:00,18.040000915527344,18.0487003326416,18.030000686645508,18.031200408935547,4813,0.0,0.0,0.0
2024-10-21 12:30:00-04:00,18.038999557495117,18.048900604248047,18.03499984741211,18.040000915527344,7764,0.0,0.0,0.0
2024-10-21 13:30:00-04:00,18.044099807739258,18.044099807739258,18.044099807739258,18.044099807739258,323,0.0,0.0,0.0
2024-10-21 14:30:00-04:00,18.045900344848633,18.045900344848633,18.04010009765625,18.04010009765625,1066,0.0,0.0,0.0
2024-10-21 15:30:00-04:00,18.045000076293945,18.049999237060547,18.020000457763672,18.024999618530273,3621,0.0,0.0,0.0
2024-10-22 09:30:00-04:00,18.049999237060547,18.049999237060547,18.010000228881836,18.010299682617188,13408,0.0,0.0,0.0
2024-10-22 10:30:00-04:00,18.0,18.0,17.989999771118164,17.9950008392334,1786,0.0,0.0,0.0
2024-10-22 11:30:00-04:00,17.9950008392334,17.999900817871094,17.989999771118164,17.995899200439453,12216,0.0,0.0,0.0
2024-10-22 12:30:00-04:00,17.99519920349121,18.009899139404297,17.99519920349121,18.0049991607666,5506,0.0,0.0,0.0
2024-10-22 13:30:00-04:00,18.010000228881836,18.01889991760254,18.010000228881836,18.01889991760254,225,0.0,0.0,0.0
2024-10-22 14:30:00-04:00,18.01449966430664,18.020000457763672,18.0,18.014999389648438,5267,0.0,0.0,0.0
2024-10-22 15:30:00-04:00,18.01580047607422,18.01580047607422,18.010700225830078,18.014999389648438,0,0.0,0.0,0.0
2024-10-23 09:30:00-04:00,17.959999084472656,17.959999084472656,17.940000534057617,17.94029998779297,4118,0.0,0.0,0.0
2024-10-23 10:30:00-04:00,17.940000534057617,17.950000762939453,17.940000534057617,17.94099998474121,9595,0.0,0.0,0.0
2024-10-23 11:30:00-04:00,17.941200256347656,17.949199676513672,17.941200256347656,17.94499969482422,2127,0.0,0.0,0.0
2024-10-23 12:30:00-04:00,17.949199676513672,17.959999084472656,17.940000534057617,17.940000534057617,11351,0.0,0.0,0.0
2024-10-23 13:30:00-04:00,17.944599151611328,17.94499969482422,17.93000030517578,17.93899917602539,9886,0.0,0.0,0.0
2024-10-23 14:30:00-04:00,17.934999465942383,17.940000534057617,17.93000030517578,17.937400817871094,10068,0.0,0.0,0.0
2024-10-23 15:30:00-04:00,17.93910026550293,17.954999923706055,17.93910026550293,17.954999923706055,0,0.0,0.0,0.0
2024-10-24 09:30:00-04:00,17.979999542236328,17.979999542236328,17.959999084472656,17.969999313354492,8189,0.0,0.0,0.0
2024-10-24 10:30:00-04:00,17.969999313354492,17.975000381469727,17.969999313354492,17.975000381469727,328,0.0,0.0,0.0
2024-10-24 11:30:00-04:00,18.0,18.0,17.986093521118164,17.989999771118164,2907,0.0,0.0,0.0
2024-10-24 12:30:00-04:00,18.010000228881836,18.010000228881836,18.010000228881836,18.010000228881836,617,0.0,0.0,0.0
2024-10-24 13:30:00-04:00,18.010099411010742,18.024900436401367,18.010099411010742,18.020000457763672,2064,0.0,0.0,0.0
2024-10-24 14:30:00-04:00,18.017000198364258,18.017000198364258,18.0,18.0,2556,0.0,0.0,0.0
2024-10-24 15:30:00-04:00,17.990100860595703,18.008899688720703,17.990100860595703,18.00510025024414,0,0.0,0.0,0.0
2024-10-25 09:30:00-04:00,18.049999237060547,18.049999237060547,18.020000457763672,18.024999618530273,29050,0.0,0.0,0.0
2024-10-25 10:30:00-04:00,18.020000457763672,18.020000457763672,18.010000228881836,18.020000457763672,1708,0.0,0.0,0.0
2024-10-25 11:30:00-04:00,18.014999389648438,18.014999389648438,17.989999771118164,18.0,6778,0.0,0.0,0.0
2024-10-25 12:30:00-04:00,18.0,18.0,17.979999542236328,17.979999542236328,10726,0.0,0.0,0.0
2024-10-25 13:30:00-04:00,17.979999542236328,17.985000610351562,17.979999542236328,17.985000610351562,502,0.0,0.0,0.0
2024-10-25 14:30:00-04:00,17.979999542236328,17.986000061035156,17.950000762939453,17.95009994506836,5743,0.0,0.0,0.0
2024-10-25 15:30:00-04:00,17.96500015258789,17.989999771118164,17.959999084472656,17.969999313354492,23111,0.0,0.0,0.0
2024-10-28 09:30:00-04:00,17.989999771118164,17.989999771118164,17.979999542236328,17.979999542236328,0,0.0,0.0,0.0
2024-10-28 10:30:00-04:00,17.979999542236328,17.985000610351562,17.950000762939453,17.950000762939453,3630,0.0,0.0,0.0
2024-10-28 11:30:00-04:00,17.959999084472656,17.959999084472656,17.93000030517578,17.940000534057617,10339,0.0,0.0,0.0
2024-10-28 12:30:00-04:00,17.949100494384766,17.949100494384766,17.940000534057617,17.940099716186523,15550,0.0,0.0,0.0
2024-10-28 13:30:00-04:00,17.94499969482422,17.959999084472656,17.940000534057617,17.94499969482422,331930,0.0,0.0,0.0
2024-10-28 14:30:00-04:00,17.950000762939453,17.959999084472656,17.940000534057617,17.954999923706055,7254,0.0,0.0,0.0
2024-10-28 15:30:00-04:00,17.950199127197266,17.959999084472656,17.950000762939453,17.959999084472656,0,0.0,0.0,0.0
2024-10-29 09:30:00-04:00,17.920000076293945,17.934999465942383,17.909400939941406,17.93000030517578,5258,0.0,0.0,0.0
2024-10-29 10:30:00-04:00,17.93000030517578,17.93400001525879,17.889999389648438,17.899999618530273,1682,0.0,0.0,0.0
2024-10-29 11:30:00-04:00,17.90239906311035,17.920000076293945,17.901599884033203,17.920000076293945,8120,0.0,0.0,0.0
2024-10-29 12:30:00-04:00,17.91010093688965,17.934999465942383,17.905000686645508,17.934999465942383,14052,0.0,0.0,0.0
2024-10-29 13:30:00-04:00,17.93000030517578,17.950000762939453,17.93000030517578,17.940000534057617,15212,0.0,0.0,0.0
2024-10-29 14:30:00-04:00,17.950000762939453,17.952699661254883,17.950000762939453,17.952699661254883,617,0.0,0.0,0.0
2024-10-29 15:30:00-04:00,17.959800720214844,17.968599319458008,17.959800720214844,17.968599319458008,2708,0.0,0.0,0.0
2024-10-30 09:30:00-04:00,17.989999771118164,18.000999450683594,17.989999771118164,18.000999450683594,0,0.0,0.0,0.0
2024-10-30 10:30:00-04:00,17.9950008392334,17.9950008392334,17.95439910888672,17.95439910888672,2331,0.0,0.0,0.0
2024-10-30 11:30:00-04:00,17.959999084472656,17.970199584960938,17.954999923706055,17.970199584960938,3010,0.0,0.0,0.0
2024-10-30 12:30:00-04:00,17.97920036315918,17.97920036315918,17.952199935913086,17.952199935913086,3008,0.0,0.0,0.0
2024-10-30 13:30:00-04:00,17.950000762939453,17.969999313354492,17.950000762939453,17.969999313354492,12743,0.0,0.0,0.0
2024-10-30 14:30:00-04:00,17.961000442504883,17.961000442504883,17.941099166870117,17.950000762939453,25633,0.0,0.0,0.0
2024-10-30 15:30:00-04:00,17.94499969482422,17.94499969482422,17.940000534057617,17.941999435424805,0,0.0,0.0,0.0
2024-10-31 09:30:00-04:00,17.920000076293945,17.93000030517578,17.889999389648438,17.90999984741211,11340,0.0,0.0,0.0
2024-10-31 10:30:00-04:00,17.8971004486084,17.8971004486084,17.883899688720703,17.889999389648438,4341,0.0,0.0,0.0
2024-10-31 11:30:00-04:00,17.896360397338867,17.93000030517578,17.896360397338867,17.93000030517578,9917,0.0,0.0,0.0
2024-10-31 12:30:00-04:00,17.924299240112305,17.940000534057617,17.924299240112305,17.940000534057617,849,0.0,0.0,0.0
2024-10-31 13:30:00-04:00,17.948999404907227,17.948999404907227,17.92009925842285,17.922500610351562,6608,0.0,0.0,0.0
2024-10-31 14:30:00-04:00,17.93000030517578,17.93000030517578,17.92009925842285,17.93000030517578,1170,0.0,0.0,0.0
2024-10-31 15:30:00-04:00,17.93000030517578,17.93000030517578,17.915000915527344,17.915000915527344,1630,0.0,0.0,0.0
2024-11-01 09:30:00-04:00,17.90999984741211,17.90999984741211,17.850000381469727,17.85737419128418,0,0.0,0.0,0.0
2024-11-01 10:30:00-04:00,17.854999542236328,17.860000610351562,17.81999969482422,17.820600509643555,377144,0.0,0.0,0.0
2024-11-01 11:30:00-04:00,17.81999969482422,17.81999969482422,17.791099548339844,17.809999465942383,3363,0.0,0.0,0.0
2024-11-01 12:30:00-04:00,17.809999465942383,17.809999465942383,17.80500030517578,17.809900283813477,1413,0.0,0.0,0.0
2024-11-01 13:30:00-04:00,17.780000686645508,17.790000915527344,17.77791976928711,17.790000915527344,2812,0.0,0.0,0.0
2024-11-01 14:30:00-04:00,17.788999557495117,17.788999557495117,17.780500411987305,17.780500411987305,550,0.0,0.0,0.0
2024-11-01 15:30:00-04:00,17.780000686645508,17.780000686645508,17.760400772094727,17.764999389648438,902,0.0,0.0,0.0
2024-11-04 09:30:00-05:00,17.860000610351562,17.8799991607666,17.860000610351562,17.8700008392334,10958,0.0,0.0,0.0
2024-11-04 10:30:00-05:00,17.8799991607666,17.8799991607666,17.84000015258789,17.850000381469727,4897,0.0,0.0,0.0
2024-11-04 11:30:00-05:00,17.859899520874023,17.859899520874023,17.833099365234375,17.850000381469727,3619,0.0,0.0,0.0
2024-11-04 12:30:00-05:00,17.844999313354492,17.844999313354492,17.829999923706055,17.829999923706055,2398,0.0,0.0,0.0
2024-11-04 13:30:00-05:00,17.81100082397461,17.81999969482422,17.81100082397461,17.81999969482422,1187,0.0,0.0,0.0
2024-11-04 14:30:00-05:00,17.838699340820312,17.838699340820312,17.81999969482422,17.82395362854004,22153,0.0,0.0,0.0
2024-11-04 15:30:00-05:00,17.825000762939453,17.84000015258789,17.82110023498535,17.84000015258789,2748,0.0,0.0,0.0
2024-11-05 09:30:00-05:00,17.84000015258789,17.84000015258789,17.799999237060547,17.799999237060547,15456,0.0,0.0,0.0
2024-11-05 10:30:00-05:00,17.80109977722168,17.815000534057617,17.799999237060547,17.811100006103516,4138,0.0,0.0,0.0
2024-11-05 11:30:00-05:00,17.819000244140625,17.819000244140625,17.80900001525879,17.818300247192383,1953,0.0,0.0,0.0
2024-11-05 12:30:00-05:00,17.815000534057617,17.837900161743164,17.815000534057617,17.83609962463379,4172,0.0,0.0,0.0
2024-11-05 13:30:00-05:00,17.84000015258789,17.850000381469727,17.84000015258789,17.84000015258789,4935,0.0,0.0,0.0
2024-11-05 14:30:00-05:00,17.84000015258789,17.879199981689453,17.84000015258789,17.875,4456,0.0,0.0,0.0
2024-11-05 15:30:00-05:00,17.879600524902344,17.8799991607666,17.875,17.8799991607666,0,0.0,0.0,0.0
2024-11-06 09:30:00-05:00,17.739999771118164,17.75,17.71190071105957,17.75,190099,0.0,0.0,0.0
2024-11-06 10:30:00-05:00,17.75,17.75,17.729999542236328,17.746700286865234,1151,0.0,0.0,0.0
2024-11-06 11:30:00-05:00,17.739999771118164,17.770000457763672,17.739999771118164,17.770000457763672,516,0.0,0.0,0.0
2024-11-06 12:30:00-05:00,17.790000915527344,17.809999465942383,17.764999389648438,17.809999465942383,3879,0.0,0.0,0.0
2024-11-06 13:30:00-05:00,17.8080997467041,17.8080997467041,17.774999618530273,17.780000686645508,4879,0.0,0.0,0.0
2024-11-06 14:30:00-05:00,17.78499984741211,17.795000076293945,17.780000686645508,17.790000915527344,8419,0.0,0.0,0.0
2024-11-06 15:30:00-05:00,17.790000915527344,17.799999237060547,17.774999618530273,17.799999237060547,0,0.0,0.0,0.0
2024-11-07 09:30:00-05:00,17.84000015258789,17.8799991607666,17.84000015258789,17.8799991607666,9188,0.0,0.0,0.0
2024-11-07 10:30:00-05:00,17.8799991607666,17.896020889282227,17.8799991607666,17.885000228881836,8498,0.0,0.0,0.0
2024-11-07 11:30:00-05:00,17.889999389648438,17.889999389648438,17.870100021362305,17.883399963378906,4050,0.0,0.0,0.0
2024-11-07 12:30:00-05:00,17.889999389648438,17.899999618530273,17.889999389648438,17.890100479125977,3809,0.0,0.0,0.0
2024-11-07 13:30:00-05:00,17.895000457763672,17.90999984741211,17.8799991607666,17.889999389648438,8430,0.0,0.0,0.0
2024-11-07 14:30:00-05:00,17.874000549316406,17.920000076293945,17.874000549316406,17.920000076293945,831,0.0,0.0,0.0
2024-11-07 15:30:00-05:00,17.920000076293945,17.93000030517578,17.91200065612793,17.93000030517578,2388,0.0,0.0,0.0
2024-11-08 09:30:00-05:00,17.93000030517578,17.977100372314453,17.93000030517578,17.977100372314453,0,0.0,0.0,0.0
2024-11-08 10:30:00-05:00,17.959999084472656,17.969999313354492,17.959999084472656,17.959999084472656,3991,0.0,0.0,0.0
2024-11-08 11:30:00-05:00,17.950000762939453,17.950000762939453,17.939899444580078,17.939899444580078,735,0.0,0.0,0.0
2024-11-08 12:30:00-05:00,17.935100555419922,17.95599937438965,17.934999465942383,17.95599937438965,4722,0.0,0.0,0.0
2024-11-08 13:30:00-05:00,17.940000534057617,17.954999923706055,17.934999465942383,17.95199966430664,4402,0.0,0.0,0.0
2024-11-08 14:30:00-05:00,17.941200256347656,17.94499969482422,17.93400001525879,17.934999465942383,13996,0.0,0.0,0.0
2024-11-08 15:30:00-05:00,17.93709945678711,17.950000762939453,17.93709945678711,17.950000762939453,624,0.0,0.0,0.0
