Datetime,Open,High,Low,Close,Volume,Dividends,Stock Splits,Capital Gains
2022-11-10 11:30:00-05:00,17.155000686645508,17.155000686645508,17.155000686645508,17.155000686645508,421,0.0,0.0,0.0
2022-11-10 15:30:00-05:00,17.309999465942383,17.470300674438477,17.309999465942383,17.309999465942383,110,0.0,0.0,0.0
2022-11-14 09:30:00-05:00,17.420000076293945,17.420000076293945,17.420000076293945,17.420000076293945,0,0.0,0.0,0.0
2022-11-14 15:30:00-05:00,17.450000762939453,17.450000762939453,17.315099716186523,17.315099716186523,130,0.0,0.0,0.0
2022-11-15 14:30:00-05:00,17.489999771118164,17.489999771118164,17.489999771118164,17.489999771118164,0,0.0,0.0,0.0
2022-11-15 15:30:00-05:00,17.510000228881836,17.510000228881836,17.481599807739258,17.481599807739258,785,0.0,0.0,0.0
2022-11-16 11:30:00-05:00,17.327800750732422,17.327800750732422,17.292400360107422,17.292400360107422,0,0.0,0.0,0.0
2022-11-17 09:30:00-05:00,17.06999969482422,17.187599182128906,17.06999969482422,17.187599182128906,0,0.0,0.0,0.0
2022-11-18 11:30:00-05:00,17.190000534057617,17.29789924621582,17.190000534057617,17.29789924621582,87,0.0,0.0,0.0
2022-11-21 10:30:00-05:00,17.25,17.27239990234375,17.235000610351562,17.27239990234375,333,0.0,0.0,0.0
2022-11-22 14:30:00-05:00,17.489999771118164,17.64430046081543,17.489999771118164,17.64430046081543,0,0.0,0.0,0.0
2022-11-25 09:30:00-05:00,17.6299991607666,17.669099807739258,17.6299991607666,17.669099807739258,318,0.0,0.0,0.0
2022-11-28 10:30:00-05:00,17.530000686645508,17.530000686645508,17.39349937438965,17.39349937438965,216,0.0,0.0,0.0
2022-11-29 10:30:00-05:00,17.389999389648438,17.426599502563477,17.389999389648438,17.426599502563477,342,0.0,0.0,0.0
2022-11-30 11:30:00-05:00,17.399999618530273,17.959400177001953,17.399999618530273,17.959400177001953,0,0.0,0.0,0.0
2022-12-07 09:30:00-05:00,17.350000381469727,17.350000381469727,17.350000381469727,17.350000381469727,98,0.0,0.0,0.0
2022-12-07 11:30:00-05:00,17.342500686645508,17.471599578857422,17.317800521850586,17.471599578857422,0,0.0,0.0,0.0
2022-12-09 11:30:00-05:00,17.5,17.5,17.318199157714844,17.318199157714844,793,0.0,0.0,0.0
2022-12-14 10:30:00-05:00,17.81999969482422,17.81999969482422,17.819499969482422,17.81999969482422,0,0.0,0.0,0.0
2022-12-14 11:30:00-05:00,17.790000915527344,17.790000915527344,17.790000915527344,17.790000915527344,207,0.0,0.0,0.0
2022-12-14 15:30:00-05:00,17.540000915527344,17.579599380493164,17.540000915527344,17.579599380493164,100,0.0,0.0,0.0
2022-12-15 09:30:00-05:00,17.309999465942383,17.309999465942383,17.309999465942383,17.309999465942383,0,0.0,0.0,0.0
2022-12-15 12:30:00-05:00,17.100000381469727,17.100000381469727,17.100000381469727,17.100000381469727,132,0.0,0.0,0.0
2022-12-15 14:30:00-05:00,17.200000762939453,17.200000762939453,17.141000747680664,17.141000747680664,0,0.0,0.0,0.0
2022-12-16 12:30:00-05:00,16.776599884033203,16.902599334716797,16.770000457763672,16.902599334716797,5100,0.0,0.0,0.0
2022-12-19 09:30:00-05:00,16.8799991607666,16.8799991607666,16.713899612426758,16.754499435424805,129,0.0,0.0,0.0
2022-12-21 09:30:00-05:00,16.860000610351562,16.992900848388672,16.779699325561523,16.779699325561523,0,0.0,0.0,0.0
2022-12-23 09:30:00-05:00,16.719999313354492,16.85260009765625,16.719999313354492,16.85260009765625,106,0.0,0.0,0.0
2022-12-29 09:30:00-05:00,16.799999237060547,16.809999465942383,16.799999237060547,16.809999465942383,66080,0.0,0.0,0.0
2022-12-29 15:30:00-05:00,16.920000076293945,16.940000534057617,16.91550064086914,16.940000534057617,38090,0.0,0.0,0.0
2022-12-30 10:30:00-05:00,16.799999237060547,16.799999237060547,16.799999237060547,16.799999237060547,0,0.0,0.0,0.0
2022-12-30 15:30:00-05:00,16.829999923706055,16.83049964904785,16.829999923706055,16.83049964904785,600,0.0,0.0,0.0
2023-01-03 15:30:00-05:00,16.809999465942383,16.81599998474121,16.809999465942383,16.81599998474121,163,0.0,0.0,0.0
2023-01-04 14:30:00-05:00,16.989999771118164,16.989999771118164,16.966699600219727,16.966699600219727,663,0.0,0.0,0.0
2023-01-05 14:30:00-05:00,16.8799991607666,17.1648006439209,16.796300888061523,17.1648006439209,0,0.0,0.0,0.0
2023-01-17 11:30:00-05:00,17.83799934387207,17.83799934387207,17.83799934387207,17.83799934387207,189,0.0,0.0,0.0
2023-01-17 12:30:00-05:00,17.84119987487793,17.84119987487793,17.81060028076172,17.81060028076172,589,0.0,0.0,0.0
2023-01-18 12:30:00-05:00,17.670000076293945,17.670000076293945,17.407499313354492,17.407499313354492,0,0.0,0.0,0.0
2023-01-23 14:30:00-05:00,17.959999084472656,17.986400604248047,17.959999084472656,17.986400604248047,0,0.0,0.0,0.0
2023-01-24 10:30:00-05:00,17.950000762939453,17.963199615478516,17.950000762939453,17.963199615478516,219,0.0,0.0,0.0
2023-01-27 10:30:00-05:00,18.139999389648438,18.159000396728516,18.139999389648438,18.159000396728516,201,0.0,0.0,0.0
2023-01-30 09:30:00-05:00,18.049999237060547,18.049999237060547,17.970399856567383,17.970399856567383,590,0.0,0.0,0.0
2023-01-31 10:30:00-05:00,18.107999801635742,18.232500076293945,18.107999801635742,18.110000610351562,100,0.0,0.0,0.0
2023-02-01 14:30:00-05:00,18.229999542236328,18.492000579833984,18.229999542236328,18.492000579833984,305,0.0,0.0,0.0
2023-02-02 15:30:00-05:00,18.780000686645508,18.780000686645508,18.627199172973633,18.627199172973633,0,0.0,0.0,0.0
2023-02-08 15:30:00-05:00,18.440000534057617,18.440200805664062,18.32080078125,18.440200805664062,150,0.0,0.0,0.0
2023-02-15 09:30:00-05:00,18.489999771118164,18.653600692749023,18.446699142456055,18.446699142456055,0,0.0,0.0,0.0
2023-02-21 09:30:00-05:00,18.229999542236328,18.229999542236328,18.006500244140625,18.011899948120117,41,0.0,0.0,0.0
2023-02-23 13:30:00-05:00,17.979999542236328,18.089599609375,17.979999542236328,18.089599609375,905,0.0,0.0,0.0
2023-02-24 09:30:00-05:00,17.850000381469727,17.850000381469727,17.850000381469727,17.850000381469727,0,0.0,0.0,0.0
2023-02-24 12:30:00-05:00,17.81999969482422,17.84000015258789,17.81999969482422,17.829999923706055,401,0.0,0.0,0.0
2023-02-24 14:30:00-05:00,17.8700008392334,17.878400802612305,17.8700008392334,17.878400802612305,1358,0.0,0.0,0.0
2023-02-28 12:30:00-05:00,17.975200653076172,17.979999542236328,17.934600830078125,17.934600830078125,104,0.0,0.0,0.0
2023-03-03 09:30:00-05:00,18.039199829101562,18.190099716186523,18.039199829101562,18.190099716186523,216,0.0,0.0,0.0
2023-03-06 10:30:00-05:00,18.25,18.25,18.25,18.25,340,0.0,0.0,0.0
2023-03-06 12:30:00-05:00,18.219999313354492,18.219999313354492,18.190000534057617,18.190000534057617,361,0.0,0.0,0.0
2023-03-06 13:30:00-05:00,18.1299991607666,18.1299991607666,18.09309959411621,18.09309959411621,142,0.0,0.0,0.0
2023-03-07 09:30:00-05:00,18.110000610351562,18.110000610351562,17.856399536132812,17.856399536132812,0,0.0,0.0,0.0
2023-03-10 09:30:00-05:00,17.309999465942383,17.309999465942383,17.309999465942383,17.309999465942383,2565,0.0,0.0,0.0
2023-03-10 12:30:00-05:00,17.309999465942383,17.309999465942383,17.172700881958008,17.172700881958008,1211,0.0,0.0,0.0
2023-03-13 11:30:00-04:00,17.18000030517578,17.18000030517578,17.008699417114258,17.008699417114258,0,0.0,0.0,0.0
2023-03-14 09:30:00-04:00,17.270000457763672,17.270000457763672,17.270000457763672,17.270000457763672,0,0.0,0.0,0.0
2023-03-14 13:30:00-04:00,17.190000534057617,17.271799087524414,17.009300231933594,17.271799087524414,116,0.0,0.0,0.0
2023-03-16 11:30:00-04:00,17.280000686645508,17.397300720214844,17.280000686645508,17.397300720214844,0,0.0,0.0,0.0
2023-03-17 14:30:00-04:00,17.110200881958008,17.126399993896484,17.110000610351562,17.126399993896484,494,0.0,0.0,0.0
2023-03-21 11:30:00-04:00,17.459999084472656,17.459999084472656,17.459999084472656,17.459999084472656,0,0.0,0.0,0.0
2023-03-21 13:30:00-04:00,17.469999313354492,17.53179931640625,17.469999313354492,17.469999313354492,181,0.0,0.0,0.0
2023-03-22 13:30:00-04:00,17.469999313354492,17.469999313354492,17.469999313354492,17.469999313354492,132,0.0,0.0,0.0
2023-03-22 14:30:00-04:00,17.600000381469727,17.600000381469727,17.22410011291504,17.22410011291504,103,0.0,0.0,0.0
2023-04-03 09:30:00-04:00,18.079999923706055,18.079999923706055,18.04560089111328,18.04560089111328,112,0.0,0.0,0.0
2023-04-04 09:30:00-04:00,18.040000915527344,18.040000915527344,18.024999618530273,18.024999618530273,878,0.0,0.0,0.0
2023-04-04 12:30:00-04:00,17.829999923706055,17.831300735473633,17.815000534057617,17.815000534057617,428,0.0,0.0,0.0
2023-04-05 13:30:00-04:00,17.639999389648438,17.723600387573242,17.639999389648438,17.723600387573242,0,0.0,0.0,0.0
2023-04-10 14:30:00-04:00,17.790000915527344,17.819700241088867,17.790000915527344,17.819700241088867,3,0.0,0.0,0.0
2023-04-11 11:30:00-04:00,17.889999389648438,17.889999389648438,17.8799991607666,17.8799991607666,569,0.0,0.0,0.0
2023-04-11 15:30:00-04:00,17.8799991607666,17.8799991607666,17.878700256347656,17.878700256347656,280,0.0,0.0,0.0
2023-04-12 09:30:00-04:00,18.0,18.0,18.0,18.0,0,0.0,0.0,0.0
2023-04-12 13:30:00-04:00,17.899999618530273,17.899999618530273,17.786399841308594,17.786399841308594,1350,0.0,0.0,0.0
2023-04-13 15:30:00-04:00,17.979999542236328,17.979999542236328,17.926300048828125,17.979000091552734,780,0.0,0.0,0.0
2023-04-19 10:30:00-04:00,17.899999618530273,17.960500717163086,17.874900817871094,17.874900817871094,0,0.0,0.0,0.0
2023-04-21 11:30:00-04:00,17.829999923706055,17.829999923706055,17.829999923706055,17.829999923706055,0,0.0,0.0,0.0
2023-04-24 10:30:00-04:00,17.829999923706055,17.864200592041016,17.535400390625,17.535400390625,0,0.0,0.0,0.0
2023-04-27 14:30:00-04:00,17.690000534057617,17.711999893188477,17.690000534057617,17.711999893188477,588,0.0,0.0,0.0
2023-04-28 13:30:00-04:00,17.850000381469727,17.88290023803711,17.850000381469727,17.88290023803711,153,0.0,0.0,0.0
2023-05-03 12:30:00-04:00,17.480100631713867,17.665000915527344,17.299999237060547,17.480100631713867,0,0.0,0.0,0.0
2023-05-10 10:30:00-04:00,17.649999618530273,17.666900634765625,17.61989974975586,17.61989974975586,231,0.0,0.0,0.0
2023-05-12 09:30:00-04:00,17.639999389648438,17.639999389648438,17.639999389648438,17.639999389648438,1145,0.0,0.0,0.0
2023-05-12 10:30:00-04:00,17.6200008392334,17.6200008392334,17.6200008392334,17.6200008392334,0,0.0,0.0,0.0
2023-05-12 13:30:00-04:00,17.540000915527344,17.603099822998047,17.540000915527344,17.603099822998047,112774,0.0,0.0,0.0
2023-05-15 09:30:00-04:00,17.639999389648438,17.690399169921875,17.533000946044922,17.533000946044922,0,0.0,0.0,0.0
2023-05-17 09:30:00-04:00,17.639999389648438,17.639999389648438,17.639999389648438,17.639999389648438,220,0.0,0.0,0.0
2023-05-17 12:30:00-04:00,17.829999923706055,17.829999923706055,17.829999923706055,17.829999923706055,109,0.0,0.0,0.0
2023-05-17 13:30:00-04:00,17.835599899291992,17.844999313354492,17.835599899291992,17.835599899291992,201,0.0,0.0,0.0
2023-05-18 10:30:00-04:00,17.940000534057617,17.940000534057617,17.940000534057617,17.940000534057617,0,0.0,0.0,0.0
2023-05-18 12:30:00-04:00,17.88050079345703,17.88050079345703,17.88050079345703,17.88050079345703,459,0.0,0.0,0.0
2023-05-18 14:30:00-04:00,17.945199966430664,18.01650047302246,17.945199966430664,18.01650047302246,0,0.0,0.0,0.0
2023-05-19 11:30:00-04:00,17.916000366210938,17.916000366210938,17.916000366210938,17.916000366210938,0,0.0,0.0,0.0
2023-05-22 13:30:00-04:00,17.979999542236328,17.979999542236328,17.774499893188477,17.774499893188477,92,0.0,0.0,0.0
2023-05-24 12:30:00-04:00,17.59000015258789,17.59000015258789,17.59000015258789,17.59000015258789,0,0.0,0.0,0.0
2023-05-24 14:30:00-04:00,17.579999923706055,17.600000381469727,17.579999923706055,17.59869956970215,1206,0.0,0.0,0.0
2023-05-25 12:30:00-04:00,17.70170021057129,17.719999313354492,17.70170021057129,17.719999313354492,0,0.0,0.0,0.0
2023-05-25 15:30:00-04:00,17.75,17.7549991607666,17.738500595092773,17.738500595092773,5,0.0,0.0,0.0
2023-05-26 09:30:00-04:00,17.8700008392334,18.030899047851562,17.8700008392334,18.030899047851562,551,0.0,0.0,0.0
2023-05-30 09:30:00-04:00,18.139999389648438,18.139999389648438,18.06999969482422,18.06999969482422,0,0.0,0.0,0.0
2023-05-30 10:30:00-04:00,17.979999542236328,17.979999542236328,17.979999542236328,17.979999542236328,563,0.0,0.0,0.0
2023-05-30 11:30:00-04:00,17.972400665283203,18.020000457763672,17.811599731445312,17.972400665283203,0,0.0,0.0,0.0
2023-06-01 09:30:00-04:00,17.829999923706055,17.829999923706055,17.809999465942383,17.809999465942383,263,0.0,0.0,0.0
2023-06-01 10:30:00-04:00,17.99530029296875,17.99530029296875,17.895000457763672,17.99530029296875,0,0.0,0.0,0.0
2023-06-02 09:30:00-04:00,18.204999923706055,18.21500015258789,18.204999923706055,18.21500015258789,1306,0.0,0.0,0.0
2023-06-02 12:30:00-04:00,18.369800567626953,18.369800567626953,18.369800567626953,18.369800567626953,182,0.0,0.0,0.0
2023-06-02 14:30:00-04:00,18.389999389648438,18.40730094909668,18.389999389648438,18.389999389648438,506,0.0,0.0,0.0
2023-06-05 09:30:00-04:00,18.399999618530273,18.399999618530273,18.399999618530273,18.399999618530273,0,0.0,0.0,0.0
2023-06-05 10:30:00-04:00,18.332000732421875,18.332000732421875,18.332000732421875,18.332000732421875,0,0.0,0.0,0.0
2023-06-05 14:30:00-04:00,18.25,18.29290008544922,18.25,18.29290008544922,364,0.0,0.0,0.0
2023-06-06 09:30:00-04:00,18.340999603271484,18.340999603271484,18.340999603271484,18.340999603271484,0,0.0,0.0,0.0
2023-06-06 10:30:00-04:00,18.40999984741211,18.40999984741211,18.40999984741211,18.40999984741211,231,0.0,0.0,0.0
2023-06-06 11:30:00-04:00,18.484399795532227,18.484399795532227,18.459999084472656,18.459999084472656,2082,0.0,0.0,0.0
2023-06-08 11:30:00-04:00,18.469999313354492,18.469999313354492,18.469999313354492,18.469999313354492,231,0.0,0.0,0.0
2023-06-08 15:30:00-04:00,18.50749969482422,18.510000228881836,18.50749969482422,18.50749969482422,100,0.0,0.0,0.0
2023-06-09 11:30:00-04:00,18.5,18.520200729370117,18.5,18.520200729370117,0,0.0,0.0,0.0
2023-06-14 15:30:00-04:00,18.706600189208984,18.706600189208984,18.706600189208984,18.706600189208984,376,0.0,0.0,0.0
2023-06-15 11:30:00-04:00,18.961000442504883,18.961000442504883,18.84000015258789,18.84000015258789,166,0.0,0.0,0.0
2023-06-16 10:30:00-04:00,18.905000686645508,18.905000686645508,18.833499908447266,18.833499908447266,48,0.0,0.0,0.0
2023-06-23 09:30:00-04:00,18.479999542236328,18.520000457763672,18.476900100708008,18.476900100708008,244,0.0,0.0,0.0
2023-06-26 09:30:00-04:00,18.489900588989258,18.702699661254883,18.489900588989258,18.489900588989258,0,0.0,0.0,0.0
2023-06-28 09:30:00-04:00,18.645000457763672,18.645000457763672,18.645000457763672,18.645000457763672,0,0.0,0.0,0.0
2023-06-28 10:30:00-04:00,18.65999984741211,18.65999984741211,18.65999984741211,18.65999984741211,201,0.0,0.0,0.0
2023-06-28 11:30:00-04:00,18.729999542236328,18.729999542236328,18.729999542236328,18.729999542236328,155,0.0,0.0,0.0
2023-06-28 14:30:00-04:00,18.630300521850586,18.664100646972656,18.630300521850586,18.649999618530273,200,0.0,0.0,0.0
2023-06-29 09:30:00-04:00,18.768199920654297,18.768199920654297,18.768199920654297,18.768199920654297,0,0.0,0.0,0.0
2023-06-30 09:30:00-04:00,18.899999618530273,18.983699798583984,18.899999618530273,18.983699798583984,0,0.0,0.0,0.0
2023-07-03 09:30:00-04:00,18.959999084472656,18.99530029296875,18.959999084472656,18.99530029296875,26,0.0,0.0,0.0
2023-07-05 09:30:00-04:00,18.899999618530273,18.915700912475586,18.899999618530273,18.915700912475586,0,0.0,0.0,0.0
2023-07-06 10:30:00-04:00,18.610000610351562,18.744199752807617,18.594999313354492,18.737899780273438,354,0.0,0.0,0.0
2023-07-12 09:30:00-04:00,19.25,19.25,19.219900131225586,19.219900131225586,0,0.0,0.0,0.0
2023-07-12 13:30:00-04:00,19.260000228881836,19.260000228881836,19.260000228881836,19.260000228881836,773,0.0,0.0,0.0
2023-07-12 14:30:00-04:00,19.194700241088867,19.194700241088867,19.194700241088867,19.194700241088867,0,0.0,0.0,0.0
2023-07-13 13:30:00-04:00,19.322099685668945,19.322099685668945,19.322099685668945,19.322099685668945,0,0.0,0.0,0.0
2023-07-14 15:30:00-04:00,19.25,19.25,19.235700607299805,19.235700607299805,400,0.0,0.0,0.0
2023-07-19 09:30:00-04:00,19.59000015258789,19.59000015258789,19.59000015258789,19.59000015258789,587,0.0,0.0,0.0
2023-07-19 11:30:00-04:00,19.6299991607666,19.6299991607666,19.6299991607666,19.6299991607666,0,0.0,0.0,0.0
2023-07-19 13:30:00-04:00,19.60770034790039,19.60770034790039,19.472000122070312,19.472000122070312,106,0.0,0.0,0.0
2023-07-21 10:30:00-04:00,19.479999542236328,19.479999542236328,19.479999542236328,19.479999542236328,276,0.0,0.0,0.0
2023-07-21 14:30:00-04:00,19.469999313354492,19.469999313354492,19.44499969482422,19.44499969482422,109,0.0,0.0,0.0
2023-07-24 10:30:00-04:00,19.467899322509766,19.54199981689453,19.467899322509766,19.54199981689453,0,0.0,0.0,0.0
2023-07-26 09:30:00-04:00,19.482500076293945,19.482500076293945,19.482500076293945,19.482500076293945,799,0.0,0.0,0.0
2023-07-27 11:30:00-04:00,19.35759925842285,19.49650001525879,19.35759925842285,19.49650001525879,0,0.0,0.0,0.0
2023-08-01 14:30:00-04:00,19.61680030822754,19.61680030822754,19.606199264526367,19.606199264526367,259,0.0,0.0,0.0
2023-08-03 11:30:00-04:00,19.31999969482422,19.31999969482422,19.309999465942383,19.309999465942383,338,0.0,0.0,0.0
2023-08-03 12:30:00-04:00,19.289400100708008,19.289400100708008,19.19099998474121,19.19099998474121,0,0.0,0.0,0.0
2023-08-07 09:30:00-04:00,19.290000915527344,19.290000915527344,19.290000915527344,19.290000915527344,642,0.0,0.0,0.0
2023-08-07 15:30:00-04:00,19.337099075317383,19.337099075317383,19.337099075317383,19.337099075317383,0,0.0,0.0,0.0
2023-08-09 13:30:00-04:00,19.18000030517578,19.18000030517578,19.08370018005371,19.08370018005371,173,0.0,0.0,0.0
2023-08-10 13:30:00-04:00,19.020000457763672,19.020000457763672,19.020000457763672,19.020000457763672,179,0.0,0.0,0.0
2023-08-10 15:30:00-04:00,19.042999267578125,19.042999267578125,18.998899459838867,18.998899459838867,0,0.0,0.0,0.0
2023-08-14 09:30:00-04:00,18.950000762939453,18.950000762939453,18.950000762939453,18.950000762939453,900,0.0,0.0,0.0
2023-08-14 13:30:00-04:00,19.09939956665039,19.09939956665039,19.069799423217773,19.09939956665039,0,0.0,0.0,0.0
2023-08-15 09:30:00-04:00,18.989999771118164,18.989999771118164,18.989999771118164,18.989999771118164,292,0.0,0.0,0.0
2023-08-15 11:30:00-04:00,18.959999084472656,18.969999313354492,18.940000534057617,18.940000534057617,1240,0.0,0.0,0.0
2023-08-15 12:30:00-04:00,18.889799118041992,18.889799118041992,18.889799118041992,18.889799118041992,0,0.0,0.0,0.0
2023-08-16 09:30:00-04:00,18.74530029296875,18.74530029296875,18.74530029296875,18.74530029296875,34,0.0,0.0,0.0
2023-08-17 12:30:00-04:00,18.719999313354492,18.729900360107422,18.719999313354492,18.729900360107422,200,0.0,0.0,0.0
2023-08-17 14:30:00-04:00,18.6200008392334,18.6200008392334,18.6200008392334,18.6200008392334,106,0.0,0.0,0.0
2023-08-17 15:30:00-04:00,18.579999923706055,18.584699630737305,18.579999923706055,18.584699630737305,0,0.0,0.0,0.0
2023-08-18 11:30:00-04:00,18.600200653076172,18.604900360107422,18.59000015258789,18.600099563598633,1304,0.0,0.0,0.0
2023-08-18 12:30:00-04:00,18.589799880981445,18.589799880981445,18.589799880981445,18.589799880981445,107,0.0,0.0,0.0
2023-08-18 13:30:00-04:00,18.600000381469727,18.600000381469727,18.579299926757812,18.579299926757812,604,0.0,0.0,0.0
2023-08-21 14:30:00-04:00,18.684499740600586,18.684499740600586,18.633699417114258,18.633699417114258,0,0.0,0.0,0.0
2023-08-28 09:30:00-04:00,18.799999237060547,19.090700149536133,18.799999237060547,18.84320068359375,104,0.0,0.0,0.0
2023-08-30 10:30:00-04:00,19.202499389648438,19.202499389648438,19.18720054626465,19.18720054626465,292,0.0,0.0,0.0
2023-08-31 09:30:00-04:00,19.209999084472656,19.32979965209961,19.20829963684082,19.32979965209961,0,0.0,0.0,0.0
2023-09-05 09:30:00-04:00,19.165000915527344,19.18000030517578,19.049699783325195,19.049699783325195,0,0.0,0.0,0.0
2023-09-08 13:30:00-04:00,18.934999465942383,18.934999465942383,18.899599075317383,18.899599075317383,939,0.0,0.0,0.0
2023-09-11 10:30:00-04:00,18.93000030517578,18.93000030517578,18.93000030517578,18.93000030517578,0,0.0,0.0,0.0
2023-09-11 13:30:00-04:00,18.959999084472656,18.959999084472656,18.89240074157715,18.89240074157715,0,0.0,0.0,0.0
2023-09-14 09:30:00-04:00,18.940000534057617,18.940000534057617,18.940000534057617,18.940000534057617,206,0.0,0.0,0.0
2023-09-14 10:30:00-04:00,18.950000762939453,18.950000762939453,18.950000762939453,18.950000762939453,126,0.0,0.0,0.0
2023-09-14 11:30:00-04:00,18.93000030517578,18.95680046081543,18.93000030517578,18.95680046081543,0,0.0,0.0,0.0
2023-09-15 12:30:00-04:00,18.709999084472656,18.709999084472656,18.677499771118164,18.677499771118164,157,0.0,0.0,0.0
2023-09-18 09:30:00-04:00,18.670000076293945,18.670000076293945,18.624799728393555,18.624799728393555,0,0.0,0.0,0.0
2023-09-25 10:30:00-04:00,18.110000610351562,18.18320083618164,17.911300659179688,17.911300659179688,0,0.0,0.0,0.0
2023-10-02 11:30:00-04:00,17.93000030517578,17.93000030517578,17.93000030517578,17.93000030517578,179,0.0,0.0,0.0
2023-10-02 15:30:00-04:00,17.920000076293945,17.920000076293945,17.920000076293945,17.920000076293945,0,0.0,0.0,0.0
2023-10-09 13:30:00-04:00,18.0,18.078500747680664,18.0,18.078500747680664,0,0.0,0.0,0.0
2023-10-10 13:30:00-04:00,18.239999771118164,18.240100860595703,18.239999771118164,18.240100860595703,2681,0.0,0.0,0.0
2023-10-10 15:30:00-04:00,18.213499069213867,18.270000457763672,18.213499069213867,18.270000457763672,0,0.0,0.0,0.0
2023-10-12 09:30:00-04:00,18.290000915527344,18.290000915527344,18.022499084472656,18.022499084472656,68,0.0,0.0,0.0
2023-10-19 11:30:00-04:00,18.030000686645508,18.030000686645508,17.64259910583496,17.64259910583496,0,0.0,0.0,0.0
2023-11-02 09:30:00-04:00,17.770000457763672,18.241600036621094,17.770000457763672,18.241600036621094,58,0.0,0.0,0.0
2023-11-06 10:30:00-05:00,18.219999313354492,18.227500915527344,18.19179916381836,18.227500915527344,0,0.0,0.0,0.0
2023-11-13 14:30:00-05:00,18.31999969482422,18.84830093383789,18.318099975585938,18.84830093383789,101,0.0,0.0,0.0
2023-11-16 09:30:00-05:00,18.8799991607666,18.8799991607666,18.8799991607666,18.8799991607666,50,0.0,0.0,0.0
2023-11-16 12:30:00-05:00,18.81999969482422,18.983600616455078,18.81999969482422,18.983600616455078,0,0.0,0.0,0.0
2023-11-20 10:30:00-05:00,19.010000228881836,19.020000457763672,19.010000228881836,19.020000457763672,289,0.0,0.0,0.0
2023-11-20 11:30:00-05:00,19.040000915527344,19.102699279785156,19.040000915527344,19.102699279785156,0,0.0,0.0,0.0
2023-11-22 11:30:00-05:00,19.100000381469727,19.110000610351562,19.100000381469727,19.110000610351562,322,0.0,0.0,0.0
2023-11-22 13:30:00-05:00,19.1200008392334,19.1200008392334,19.110000610351562,19.111000061035156,261,0.0,0.0,0.0
2023-12-01 09:30:00-05:00,19.323400497436523,19.323400497436523,19.323400497436523,19.323400497436523,3857,0.0,0.0,0.0
2023-12-01 15:30:00-05:00,19.47920036315918,19.507099151611328,19.469999313354492,19.507099151611328,1000,0.0,0.0,0.0
2023-12-04 11:30:00-05:00,19.440000534057617,19.472700119018555,19.326900482177734,19.326900482177734,0,0.0,0.0,0.0
2023-12-06 09:30:00-05:00,19.469999313354492,19.469999313354492,19.259599685668945,19.259599685668945,166,0.0,0.0,0.0
2023-12-07 09:30:00-05:00,19.290000915527344,19.290000915527344,19.290000915527344,19.290000915527344,0,0.0,0.0,0.0
2023-12-07 12:30:00-05:00,19.389999389648438,19.399999618530273,19.385499954223633,19.390399932861328,400,0.0,0.0,0.0
2023-12-08 09:30:00-05:00,19.31999969482422,19.485000610351562,19.31999969482422,19.485000610351562,0,0.0,0.0,0.0
2023-12-11 14:30:00-05:00,19.6299991607666,19.6299991607666,19.6299991607666,19.6299991607666,100,0.0,0.0,0.0
2023-12-11 15:30:00-05:00,19.6299991607666,19.6299991607666,19.62529945373535,19.62529945373535,0,0.0,0.0,0.0
2023-12-12 14:30:00-05:00,19.65999984741211,19.670000076293945,19.65999984741211,19.666200637817383,219,0.0,0.0,0.0
2023-12-13 11:30:00-05:00,19.700000762939453,19.700000762939453,19.700000762939453,19.700000762939453,9,0.0,0.0,0.0
2023-12-13 14:30:00-05:00,19.959999084472656,20.030099868774414,19.959999084472656,20.030099868774414,1561,0.0,0.0,0.0
2023-12-13 15:30:00-05:00,20.02680015563965,20.290599822998047,20.02680015563965,20.290599822998047,0,0.0,0.0,0.0
2023-12-15 10:30:00-05:00,20.23040008544922,20.23040008544922,20.23040008544922,20.23040008544922,135,0.0,0.0,0.0
2023-12-15 12:30:00-05:00,20.180099487304688,20.199199676513672,20.180099487304688,20.199199676513672,199,0.0,0.0,0.0
2023-12-18 09:30:00-05:00,20.229999542236328,20.229999542236328,20.229999542236328,20.229999542236328,0,0.0,0.0,0.0
2023-12-19 09:30:00-05:00,20.37019920349121,20.37019920349121,20.37019920349121,20.37019920349121,213,0.0,0.0,0.0
2023-12-19 10:30:00-05:00,20.3799991607666,20.43869972229004,20.3799991607666,20.43869972229004,0,0.0,0.0,0.0
2023-12-20 09:30:00-05:00,20.44499969482422,20.44499969482422,20.44499969482422,20.44499969482422,422,0.0,0.0,0.0
2023-12-20 11:30:00-05:00,20.459999084472656,20.459999084472656,20.10700035095215,20.10700035095215,397,0.0,0.0,0.0
2023-12-21 09:30:00-05:00,20.362699508666992,20.44930076599121,20.362699508666992,20.44930076599121,0,0.0,0.0,0.0
2023-12-26 13:30:00-05:00,20.570600509643555,20.582700729370117,20.559999465942383,20.582700729370117,0,0.0,0.0,0.0
2023-12-27 11:30:00-05:00,20.610000610351562,20.610000610351562,20.58180046081543,20.58180046081543,12,0.0,0.0,0.0
2023-12-29 09:30:00-05:00,20.610000610351562,20.610000610351562,20.610000610351562,20.610000610351562,119,0.0,0.0,0.0
2023-12-29 10:30:00-05:00,20.469999313354492,20.48979949951172,20.469999313354492,20.48979949951172,2598,0.0,0.0,0.0
2024-01-02 09:30:00-05:00,20.40999984741211,20.40999984741211,20.40999984741211,20.40999984741211,0,0.0,0.0,0.0
2024-01-02 10:30:00-05:00,20.337299346923828,20.337299346923828,20.010900497436523,20.010900497436523,0,0.0,0.0,0.0
2024-01-08 09:30:00-05:00,20.06999969482422,20.321300506591797,20.06999969482422,20.321300506591797,49,0.0,0.0,0.0
2024-01-09 15:30:00-05:00,20.270000457763672,20.271299362182617,20.270000457763672,20.271299362182617,0,0.0,0.0,0.0
2024-01-10 13:30:00-05:00,20.290000915527344,20.318899154663086,20.280000686645508,20.318899154663086,500,0.0,0.0,0.0
2024-01-11 09:30:00-05:00,20.40999984741211,20.40999984741211,20.40999984741211,20.40999984741211,0,0.0,0.0,0.0
2024-01-11 14:30:00-05:00,20.31999969482422,20.34510040283203,20.31999969482422,20.34510040283203,107,0.0,0.0,0.0
2024-01-12 13:30:00-05:00,20.31999969482422,20.320999145507812,20.31999969482422,20.320999145507812,298,0.0,0.0,0.0
2024-01-16 09:30:00-05:00,20.260000228881836,20.260000228881836,20.260000228881836,20.260000228881836,0,0.0,0.0,0.0
2024-01-16 12:30:00-05:00,20.170000076293945,20.18320083618164,20.07699966430664,20.07699966430664,0,0.0,0.0,0.0
2024-01-18 13:30:00-05:00,20.24410057067871,20.24410057067871,20.24410057067871,20.24410057067871,0,0.0,0.0,0.0
2024-01-19 12:30:00-05:00,20.299999237060547,20.299999237060547,20.299999237060547,20.299999237060547,545,0.0,0.0,0.0
2024-01-19 15:30:00-05:00,20.450000762939453,20.450000762939453,20.450000762939453,20.450000762939453,100,0.0,0.0,0.0
2024-01-22 10:30:00-05:00,20.56999969482422,20.56999969482422,20.56999969482422,20.56999969482422,0,0.0,0.0,0.0
2024-01-22 13:30:00-05:00,20.59000015258789,20.59000015258789,20.59000015258789,20.59000015258789,1957,0.0,0.0,0.0
2024-01-22 14:30:00-05:00,20.639999389648438,20.639999389648438,20.6072998046875,20.6072998046875,0,0.0,0.0,0.0
2024-01-23 09:30:00-05:00,20.719999313354492,20.719999313354492,20.621599197387695,20.621599197387695,93,0.0,0.0,0.0
2024-01-24 14:30:00-05:00,20.65999984741211,20.65999984741211,20.57200050354004,20.57200050354004,345,0.0,0.0,0.0
2024-01-25 15:30:00-05:00,20.695600509643555,20.695600509643555,20.695600509643555,20.695600509643555,0,0.0,0.0,0.0
2024-01-26 12:30:00-05:00,20.709999084472656,20.709999084472656,20.70199966430664,20.70199966430664,213,0.0,0.0,0.0
2024-01-29 09:30:00-05:00,20.770000457763672,20.770000457763672,20.770000457763672,20.770000457763672,66,0.0,0.0,0.0
2024-01-29 13:30:00-05:00,20.885799407958984,20.885799407958984,20.826499938964844,20.826499938964844,0,0.0,0.0,0.0
2024-01-31 09:30:00-05:00,20.780000686645508,20.780000686645508,20.780000686645508,20.780000686645508,0,0.0,0.0,0.0
2024-01-31 12:30:00-05:00,20.46980094909668,20.46980094909668,20.46980094909668,20.46980094909668,0,0.0,0.0,0.0
2024-02-01 09:30:00-05:00,20.59000015258789,20.59000015258789,20.59000015258789,20.59000015258789,121,0.0,0.0,0.0
2024-02-01 15:30:00-05:00,20.690000534057617,20.69409942626953,20.690000534057617,20.69409942626953,158,0.0,0.0,0.0
2024-02-02 09:30:00-05:00,20.65999984741211,20.670000076293945,20.635000228881836,20.670000076293945,469,0.0,0.0,0.0
2024-02-02 11:30:00-05:00,20.83930015563965,20.890899658203125,20.83930015563965,20.890899658203125,896,0.0,0.0,0.0
2024-02-05 09:30:00-05:00,20.850000381469727,20.850000381469727,20.850000381469727,20.850000381469727,0,0.0,0.0,0.0
2024-02-05 14:30:00-05:00,20.770000457763672,20.799999237060547,20.729999542236328,20.799999237060547,0,0.0,0.0,0.0
2024-02-07 12:30:00-05:00,20.920000076293945,20.920000076293945,20.904699325561523,20.904699325561523,473,0.0,0.0,0.0
2024-02-07 13:30:00-05:00,20.979999542236328,20.979999542236328,20.932300567626953,20.932300567626953,244,0.0,0.0,0.0
2024-02-08 09:30:00-05:00,21.0,21.0,21.0,21.0,0,0.0,0.0,0.0
2024-02-08 14:30:00-05:00,21.110599517822266,21.110599517822266,21.110599517822266,21.110599517822266,142,0.0,0.0,0.0
2024-02-08 15:30:00-05:00,21.100000381469727,21.100799560546875,21.100000381469727,21.100799560546875,0,0.0,0.0,0.0
2024-02-09 12:30:00-05:00,21.18000030517578,21.18000030517578,21.18000030517578,21.18000030517578,120,0.0,0.0,0.0
2024-02-12 14:30:00-05:00,21.329999923706055,21.329999923706055,21.329999923706055,21.329999923706055,0,0.0,0.0,0.0
2024-02-12 15:30:00-05:00,21.350000381469727,21.350000381469727,21.318899154663086,21.318899154663086,376,0.0,0.0,0.0
2024-02-13 09:30:00-05:00,20.93000030517578,20.93000030517578,20.93000030517578,20.93000030517578,0,0.0,0.0,0.0
2024-02-13 13:30:00-05:00,20.899999618530273,20.899999618530273,20.899999618530273,20.899999618530273,200,0.0,0.0,0.0
2024-02-13 15:30:00-05:00,20.829099655151367,21.197799682617188,20.829099655151367,21.197799682617188,0,0.0,0.0,0.0
2024-02-15 09:30:00-05:00,21.239999771118164,21.239999771118164,21.239999771118164,21.239999771118164,121,0.0,0.0,0.0
2024-02-15 15:30:00-05:00,21.34869956970215,21.34869956970215,21.192899703979492,21.192899703979492,217,0.0,0.0,0.0
2024-02-20 09:30:00-05:00,21.0,21.0,21.0,21.0,0,0.0,0.0,0.0
2024-02-20 14:30:00-05:00,20.998899459838867,21.013099670410156,20.998899459838867,21.013099670410156,168,0.0,0.0,0.0
2024-02-21 09:30:00-05:00,20.989999771118164,20.989999771118164,20.979999542236328,20.979999542236328,0,0.0,0.0,0.0
2024-02-21 12:30:00-05:00,21.0,21.065900802612305,21.0,21.065900802612305,0,0.0,0.0,0.0
2024-02-22 09:30:00-05:00,21.34000015258789,21.34000015258789,21.34000015258789,21.34000015258789,197,0.0,0.0,0.0
2024-02-22 11:30:00-05:00,21.3799991607666,21.3799991607666,21.379899978637695,21.379899978637695,200,0.0,0.0,0.0
2024-02-22 12:30:00-05:00,21.415000915527344,21.415000915527344,21.415000915527344,21.415000915527344,101,0.0,0.0,0.0
2024-02-22 13:30:00-05:00,21.440000534057617,21.440000534057617,21.440000534057617,21.440000534057617,1212,0.0,0.0,0.0
2024-02-22 14:30:00-05:00,21.417400360107422,21.420000076293945,21.417400360107422,21.420000076293945,3767,0.0,0.0,0.0
2024-02-22 15:30:00-05:00,21.43000030517578,21.43000030517578,21.42840003967285,21.42840003967285,0,0.0,0.0,0.0
2024-02-23 13:30:00-05:00,21.450000762939453,21.466400146484375,21.450000762939453,21.466400146484375,225,0.0,0.0,0.0
2024-02-26 12:30:00-05:00,21.43000030517578,21.43000030517578,21.410999298095703,21.410999298095703,0,0.0,0.0,0.0
2024-02-27 12:30:00-05:00,21.440000534057617,21.490800857543945,21.440000534057617,21.490800857543945,212,0.0,0.0,0.0
2024-02-28 13:30:00-05:00,21.441999435424805,21.441999435424805,21.441999435424805,21.441999435424805,250,0.0,0.0,0.0
2024-02-28 15:30:00-05:00,21.389999389648438,21.557100296020508,21.389999389648438,21.557100296020508,0,0.0,0.0,0.0
2024-03-01 11:30:00-05:00,21.649999618530273,21.650100708007812,21.649999618530273,21.650100708007812,66,0.0,0.0,0.0
2024-03-01 13:30:00-05:00,21.700000762939453,21.709800720214844,21.700000762939453,21.709800720214844,0,0.0,0.0,0.0
2024-03-04 12:30:00-05:00,21.790000915527344,21.790000915527344,21.750999450683594,21.750999450683594,187,0.0,0.0,0.0
2024-03-05 14:30:00-05:00,21.459999084472656,21.508699417114258,21.45989990234375,21.508699417114258,5,0.0,0.0,0.0
2024-03-06 10:30:00-05:00,21.63680076599121,21.8966007232666,21.63680076599121,21.8966007232666,260,0.0,0.0,0.0
2024-03-08 11:30:00-05:00,21.899999618530273,21.899999618530273,21.8700008392334,21.8700008392334,1012,0.0,0.0,0.0
2024-03-08 12:30:00-05:00,21.899999618530273,21.899999618530273,21.81999969482422,21.81999969482422,901,0.0,0.0,0.0
2024-03-08 13:30:00-05:00,21.809999465942383,21.850000381469727,21.760000228881836,21.850000381469727,1094,0.0,0.0,0.0
2024-03-08 14:30:00-05:00,21.860000610351562,21.8799991607666,21.790000915527344,21.80660057067871,1398,0.0,0.0,0.0
2024-03-11 09:30:00-04:00,21.760000228881836,21.760000228881836,21.760000228881836,21.760000228881836,0,0.0,0.0,0.0
2024-03-11 11:30:00-04:00,21.7450008392334,21.760000228881836,21.7450008392334,21.758899688720703,0,0.0,0.0,0.0
2024-03-12 11:30:00-04:00,21.889999389648438,21.91200065612793,21.889999389648438,21.91200065612793,0,0.0,0.0,0.0
2024-03-13 14:30:00-04:00,21.959999084472656,21.959999084472656,21.959999084472656,21.959999084472656,113,0.0,0.0,0.0
2024-03-13 15:30:00-04:00,21.920000076293945,21.93000030517578,21.920000076293945,21.921899795532227,0,0.0,0.0,0.0
2024-03-14 09:30:00-04:00,21.780000686645508,21.780000686645508,21.780000686645508,21.780000686645508,112,0.0,0.0,0.0
2024-03-14 15:30:00-04:00,21.770000457763672,21.7731990814209,21.770000457763672,21.7731990814209,105,0.0,0.0,0.0
2024-03-15 09:30:00-04:00,21.770000457763672,21.770000457763672,21.770000457763672,21.770000457763672,864,0.0,0.0,0.0
2024-03-15 12:30:00-04:00,21.59000015258789,21.597000122070312,21.59000015258789,21.597000122070312,132,0.0,0.0,0.0
2024-03-18 14:30:00-04:00,21.730199813842773,21.83919906616211,21.67460060119629,21.83919906616211,0,0.0,0.0,0.0
2024-03-20 12:30:00-04:00,21.84000015258789,21.850000381469727,21.84000015258789,21.850000381469727,466,0.0,0.0,0.0
2024-03-20 13:30:00-04:00,21.875,22.173500061035156,21.875,22.173500061035156,0,0.0,0.0,0.0
2024-03-22 09:30:00-04:00,22.084999084472656,22.084999084472656,22.084999084472656,22.084999084472656,226,0.0,0.0,0.0
2024-03-22 12:30:00-04:00,22.09000015258789,22.104999542236328,22.09000015258789,22.104999542236328,555,0.0,0.0,0.0
2024-03-22 14:30:00-04:00,22.130599975585938,22.130599975585938,22.10810089111328,22.10810089111328,452,0.0,0.0,0.0
2024-03-25 12:30:00-04:00,22.125,22.125,22.125,22.125,0,0.0,0.0,0.0
2024-03-25 15:30:00-04:00,22.079999923706055,22.079999923706055,22.079999923706055,22.079999923706055,100,0.0,0.0,0.0
2024-03-26 09:30:00-04:00,22.130199432373047,22.130199432373047,22.07200050354004,22.07200050354004,172,0.0,0.0,0.0
2024-03-28 15:30:00-04:00,22.44499969482422,22.44499969482422,22.44499969482422,22.44499969482422,9,0.0,0.0,0.0
2024-04-01 09:30:00-04:00,22.368999481201172,22.368999481201172,22.368999481201172,22.368999481201172,0,0.0,0.0,0.0
2024-04-02 10:30:00-04:00,22.079999923706055,22.112300872802734,22.065000534057617,22.112300872802734,186,0.0,0.0,0.0
2024-04-03 14:30:00-04:00,22.200000762939453,22.200000762939453,22.170400619506836,22.170400619506836,0,0.0,0.0,0.0
2024-04-04 13:30:00-04:00,22.31999969482422,22.31999969482422,22.31999969482422,22.31999969482422,101,0.0,0.0,0.0
2024-04-04 14:30:00-04:00,22.049999237060547,22.173900604248047,21.94059944152832,22.173900604248047,76,0.0,0.0,0.0
2024-04-09 10:30:00-04:00,22.200000762939453,22.26020050048828,21.973499298095703,21.973499298095703,0,0.0,0.0,0.0
2024-04-11 10:30:00-04:00,21.895000457763672,22.062599182128906,21.895000457763672,22.062599182128906,0,0.0,0.0,0.0
2024-04-12 14:30:00-04:00,21.600000381469727,21.600000381469727,21.579999923706055,21.579999923706055,201,0.0,0.0,0.0
2024-04-12 15:30:00-04:00,21.59000015258789,21.626100540161133,21.59000015258789,21.626100540161133,100,0.0,0.0,0.0
2024-04-15 10:30:00-04:00,21.6200008392334,21.6200008392334,21.39419937133789,21.39419937133789,0,0.0,0.0,0.0
2024-04-17 11:30:00-04:00,21.229999542236328,21.229999542236328,21.170000076293945,21.18000030517578,44520,0.0,0.0,0.0
2024-04-17 12:30:00-04:00,21.18000030517578,21.239999771118164,21.149999618530273,21.239999771118164,7342,0.0,0.0,0.0
2024-04-17 13:30:00-04:00,21.229999542236328,21.270000457763672,21.229999542236328,21.270000457763672,0,0.0,0.0,0.0
2024-04-17 15:30:00-04:00,21.219999313354492,21.219999313354492,21.20199966430664,21.20199966430664,0,0.0,0.0,0.0
2024-04-18 09:30:00-04:00,21.290000915527344,21.290000915527344,21.290000915527344,21.290000915527344,2540,0.0,0.0,0.0
2024-04-18 11:30:00-04:00,21.329999923706055,21.329999923706055,21.309999465942383,21.31999969482422,2000,0.0,0.0,0.0
2024-04-18 12:30:00-04:00,21.31999969482422,21.31999969482422,21.15999984741211,21.15999984741211,4300,0.0,0.0,0.0
2024-04-18 13:30:00-04:00,21.190000534057617,21.190000534057617,21.1200008392334,21.15999984741211,5200,0.0,0.0,0.0
2024-04-18 14:30:00-04:00,21.1200008392334,21.18000030517578,21.1200008392334,21.170000076293945,4801,0.0,0.0,0.0
2024-04-18 15:30:00-04:00,21.18000030517578,21.18000030517578,21.159000396728516,21.159000396728516,0,0.0,0.0,0.0
2024-04-19 10:30:00-04:00,21.194900512695312,21.194900512695312,21.076000213623047,21.076000213623047,211,0.0,0.0,0.0
2024-04-22 09:30:00-04:00,21.190000534057617,21.248600006103516,21.190000534057617,21.248600006103516,0,0.0,0.0,0.0
2024-04-23 10:30:00-04:00,21.500200271606445,21.533599853515625,21.500200271606445,21.533599853515625,3,0.0,0.0,0.0
2024-04-24 09:30:00-04:00,21.56999969482422,21.570100784301758,21.56999969482422,21.570100784301758,335,0.0,0.0,0.0
2024-04-24 13:30:00-04:00,21.469999313354492,21.47010040283203,21.469999313354492,21.47010040283203,0,0.0,0.0,0.0
2024-04-24 14:30:00-04:00,21.469999313354492,21.515600204467773,21.469999313354492,21.515600204467773,1559,0.0,0.0,0.0
2024-04-25 09:30:00-04:00,21.219999313354492,21.219999313354492,21.219999313354492,21.219999313354492,0,0.0,0.0,0.0
2024-04-25 13:30:00-04:00,21.3700008392334,21.3700008392334,21.3700008392334,21.3700008392334,113,0.0,0.0,0.0
2024-04-25 15:30:00-04:00,21.350000381469727,21.569000244140625,21.350000381469727,21.569000244140625,0,0.0,0.0,0.0
2024-04-29 13:30:00-04:00,21.649999618530273,21.649999618530273,21.633800506591797,21.633800506591797,27,0.0,0.0,0.0
2024-04-30 12:30:00-04:00,21.429800033569336,21.429800033569336,21.29439926147461,21.29439926147461,221,0.0,0.0,0.0
2024-05-01 11:30:00-04:00,21.149999618530273,21.149999618530273,21.149999618530273,21.149999618530273,170,0.0,0.0,0.0
2024-05-01 15:30:00-04:00,21.31999969482422,21.31999969482422,21.1200008392334,21.29990005493164,0,0.0,0.0,0.0
2024-05-06 09:30:00-04:00,21.690000534057617,21.690000534057617,21.690000534057617,21.690000534057617,1005,0.0,0.0,0.0
2024-05-06 14:30:00-04:00,21.81999969482422,21.81999969482422,21.81999969482422,21.81999969482422,254,0.0,0.0,0.0
2024-05-07 13:30:00-04:00,21.8799991607666,21.8799991607666,21.82270050048828,21.82270050048828,20,0.0,0.0,0.0
2024-05-09 09:30:00-04:00,21.850000381469727,21.959400177001953,21.850000381469727,21.959400177001953,55,0.0,0.0,0.0
2024-05-10 15:30:00-04:00,21.96030044555664,21.97909927368164,21.959999084472656,21.97909927368164,1405,0.0,0.0,0.0
2024-05-13 09:30:00-04:00,22.010000228881836,22.084199905395508,21.980600357055664,22.084199905395508,0,0.0,0.0,0.0
2024-05-15 09:30:00-04:00,22.23069953918457,22.287900924682617,22.23069953918457,22.2450008392334,31,0.0,0.0,0.0
2024-05-20 12:30:00-04:00,22.31999969482422,22.320100784301758,22.245800018310547,22.245800018310547,74,0.0,0.0,0.0
2024-05-21 11:30:00-04:00,22.209999084472656,22.209999084472656,22.209999084472656,22.209999084472656,214,0.0,0.0,0.0
2024-05-21 13:30:00-04:00,22.229999542236328,22.229999542236328,22.229999542236328,22.229999542236328,113,0.0,0.0,0.0
2024-05-21 14:30:00-04:00,22.209999084472656,22.257299423217773,22.209999084472656,22.257299423217773,0,0.0,0.0,0.0
2024-05-22 13:30:00-04:00,22.270000457763672,22.270000457763672,22.15999984741211,22.15999984741211,2810,0.0,0.0,0.0
2024-05-22 14:30:00-04:00,22.170000076293945,22.219999313354492,22.15999984741211,22.209999084472656,4927,0.0,0.0,0.0
2024-05-22 15:30:00-04:00,22.239999771118164,22.244699478149414,22.229999542236328,22.244699478149414,0,0.0,0.0,0.0
2024-05-23 14:30:00-04:00,21.979999542236328,22.129100799560547,21.979999542236328,22.129100799560547,229,0.0,0.0,0.0
2024-05-28 09:30:00-04:00,22.18000030517578,22.18000030517578,22.092599868774414,22.092599868774414,210,0.0,0.0,0.0
2024-05-29 09:30:00-04:00,21.90999984741211,21.90999984741211,21.90999984741211,21.90999984741211,235,0.0,0.0,0.0
2024-05-29 11:30:00-04:00,21.940000534057617,21.940000534057617,21.93000030517578,21.93000030517578,369,0.0,0.0,0.0
2024-05-29 14:30:00-04:00,21.899999618530273,21.899999618530273,21.895000457763672,21.895000457763672,401,0.0,0.0,0.0
2024-05-29 15:30:00-04:00,21.899999618530273,21.915000915527344,21.899999618530273,21.915000915527344,715,0.0,0.0,0.0
2024-05-30 15:30:00-04:00,21.780000686645508,22.01020050048828,21.780000686645508,22.01020050048828,0,0.0,0.0,0.0
2024-06-03 10:30:00-04:00,22.010000228881836,22.010000228881836,21.865699768066406,21.865699768066406,64,0.0,0.0,0.0
2024-06-05 12:30:00-04:00,22.054399490356445,22.114599227905273,22.054399490356445,22.114599227905273,19,0.0,0.0,0.0
2024-06-06 14:30:00-04:00,22.099899291992188,22.099899291992188,22.09280014038086,22.09280014038086,0,0.0,0.0,0.0
2024-06-07 11:30:00-04:00,22.059999465942383,22.059999465942383,22.011199951171875,22.011199951171875,306,0.0,0.0,0.0
2024-06-10 10:30:00-04:00,22.040000915527344,22.113100051879883,22.040000915527344,22.078899383544922,14,0.0,0.0,0.0
2024-06-13 09:30:00-04:00,22.280000686645508,22.280000686645508,22.188199996948242,22.188199996948242,8,0.0,0.0,0.0
2024-06-14 10:30:00-04:00,22.020000457763672,22.020000457763672,22.020000457763672,22.020000457763672,3219,0.0,0.0,0.0
2024-06-14 11:30:00-04:00,21.989999771118164,22.056800842285156,21.989999771118164,22.056800842285156,224,0.0,0.0,0.0
2024-06-17 15:30:00-04:00,22.155000686645508,22.155000686645508,22.154300689697266,22.154300689697266,0,0.0,0.0,0.0
2024-06-18 09:30:00-04:00,22.139999389648438,22.15489959716797,22.139999389648438,22.15489959716797,353,0.0,0.0,0.0
2024-06-18 14:30:00-04:00,22.18000030517578,22.186399459838867,22.18000030517578,22.186399459838867,104,0.0,0.0,0.0
2024-06-21 09:30:00-04:00,22.135000228881836,22.256399154663086,22.135000228881836,22.256399154663086,0,0.0,0.0,0.0
2024-06-26 14:30:00-04:00,22.190000534057617,22.28849983215332,22.190000534057617,22.28849983215332,0,0.0,0.0,0.0
2024-07-09 10:30:00-04:00,22.384899139404297,22.384899139404297,22.384899139404297,22.384899139404297,1858,0.0,0.0,0.0
2024-07-09 12:30:00-04:00,22.342300415039062,22.342300415039062,22.342300415039062,22.342300415039062,0,0.0,0.0,0.0
2024-07-10 10:30:00-04:00,22.375699996948242,22.375699996948242,22.375699996948242,22.375699996948242,119,0.0,0.0,0.0
2024-07-10 12:30:00-04:00,22.51930046081543,22.60650062561035,22.51930046081543,22.60650062561035,0,0.0,0.0,0.0
2024-07-15 09:30:00-04:00,22.759700775146484,22.759700775146484,22.759700775146484,22.759700775146484,0,0.0,0.0,0.0
2024-07-16 15:30:00-04:00,23.115999221801758,23.115999221801758,23.115999221801758,23.115999221801758,410,0.0,0.0,0.0
2024-07-17 15:30:00-04:00,22.747900009155273,22.747900009155273,22.747900009155273,22.747900009155273,0,0.0,0.0,0.0
2024-07-18 12:30:00-04:00,22.6299991607666,22.6299991607666,22.614999771118164,22.614999771118164,2233,0.0,0.0,0.0
2024-07-18 14:30:00-04:00,22.479999542236328,22.479999542236328,22.479999542236328,22.479999542236328,0,0.0,0.0,0.0
2024-07-18 15:30:00-04:00,22.540000915527344,22.540000915527344,22.495399475097656,22.495399475097656,2618,0.0,0.0,0.0
2024-07-19 09:30:00-04:00,22.5,22.5,22.362699508666992,22.362699508666992,0,0.0,0.0,0.0
2024-07-22 11:30:00-04:00,22.627899169921875,22.627899169921875,22.524099349975586,22.524099349975586,0,0.0,0.0,0.0
2024-07-25 15:30:00-04:00,22.049999237060547,22.049999237060547,22.049999237060547,22.049999237060547,216,0.0,0.0,0.0
2024-07-29 09:30:00-04:00,22.3700008392334,22.3700008392334,22.3700008392334,22.3700008392334,0,0.0,0.0,0.0
2024-07-30 12:30:00-04:00,22.280000686645508,22.280000686645508,22.280000686645508,22.280000686645508,128,0.0,0.0,0.0
2024-07-30 15:30:00-04:00,22.290000915527344,22.290000915527344,22.290000915527344,22.290000915527344,0,0.0,0.0,0.0
2024-08-01 11:30:00-04:00,22.13759994506836,22.21969985961914,22.13759994506836,22.21969985961914,0,0.0,0.0,0.0
2024-08-02 09:30:00-04:00,21.559999465942383,21.559999465942383,21.559999465942383,21.559999465942383,236,0.0,0.0,0.0
2024-08-02 13:30:00-04:00,21.479999542236328,21.520000457763672,21.459999084472656,21.520000457763672,500,0.0,0.0,0.0
2024-08-02 14:30:00-04:00,21.579999923706055,21.579999923706055,21.510000228881836,21.56999969482422,1344,0.0,0.0,0.0
2024-08-02 15:30:00-04:00,21.579999923706055,21.579999923706055,21.530000686645508,21.540000915527344,867,0.0,0.0,0.0
2024-08-05 12:30:00-04:00,20.93199920654297,20.93199920654297,20.93199920654297,20.93199920654297,0,0.0,0.0,0.0
2024-08-06 10:30:00-04:00,21.14389991760254,21.14389991760254,21.14389991760254,21.14389991760254,69,0.0,0.0,0.0
2024-08-07 13:30:00-04:00,20.999500274658203,20.999500274658203,20.999500274658203,20.999500274658203,0,0.0,0.0,0.0
2024-08-08 15:30:00-04:00,21.47920036315918,21.499799728393555,21.47920036315918,21.499799728393555,148,0.0,0.0,0.0
2024-08-09 11:30:00-04:00,21.510000228881836,21.510000228881836,21.510000228881836,21.510000228881836,50,0.0,0.0,0.0
2024-08-09 14:30:00-04:00,21.56999969482422,21.56999969482422,21.5,21.5,1768,0.0,0.0,0.0
2024-08-09 15:30:00-04:00,21.510000228881836,21.510000228881836,21.510000228881836,21.510000228881836,100,0.0,0.0,0.0
2024-08-12 09:30:00-04:00,21.540000915527344,21.540000915527344,21.540000915527344,21.540000915527344,0,0.0,0.0,0.0
2024-08-12 11:30:00-04:00,21.514999389648438,21.514999389648438,21.4153995513916,21.4153995513916,217,0.0,0.0,0.0
2024-08-13 09:30:00-04:00,21.600000381469727,21.600000381469727,21.600000381469727,21.600000381469727,0,0.0,0.0,0.0
2024-08-13 14:30:00-04:00,21.795000076293945,21.795000076293945,21.795000076293945,21.795000076293945,100,0.0,0.0,0.0
2024-08-13 15:30:00-04:00,21.808500289916992,21.808500289916992,21.808500289916992,21.808500289916992,0,0.0,0.0,0.0
2024-08-14 11:30:00-04:00,21.829999923706055,21.829999923706055,21.829999923706055,21.829999923706055,0,0.0,0.0,0.0
2024-08-14 14:30:00-04:00,21.809999465942383,21.864599227905273,21.809999465942383,21.864599227905273,1,0.0,0.0,0.0
2024-08-15 09:30:00-04:00,22.15920066833496,22.15920066833496,22.15920066833496,22.15920066833496,203,0.0,0.0,0.0
2024-08-15 11:30:00-04:00,22.270000457763672,22.270000457763672,22.270000457763672,22.270000457763672,101,0.0,0.0,0.0
2024-08-15 12:30:00-04:00,22.274999618530273,22.28529930114746,22.270000457763672,22.28529930114746,0,0.0,0.0,0.0
2024-08-16 15:30:00-04:00,22.34000015258789,22.369300842285156,22.34000015258789,22.369300842285156,150,0.0,0.0,0.0
2024-08-19 11:30:00-04:00,22.489999771118164,22.490100860595703,22.489999771118164,22.490100860595703,130,0.0,0.0,0.0
2024-08-19 15:30:00-04:00,22.567699432373047,22.567699432373047,22.567699432373047,22.567699432373047,0,0.0,0.0,0.0
2024-08-20 13:30:00-04:00,22.465599060058594,22.475000381469727,22.465599060058594,22.475000381469727,53,0.0,0.0,0.0
2024-08-21 11:30:00-04:00,22.530000686645508,22.530000686645508,22.489999771118164,22.489999771118164,203,0.0,0.0,0.0
2024-08-21 12:30:00-04:00,22.5,22.595199584960938,22.5,22.595199584960938,0,0.0,0.0,0.0
2024-08-22 11:30:00-04:00,22.450000762939453,22.530000686645508,22.391199111938477,22.391199111938477,101,0.0,0.0,0.0
2024-08-23 09:30:00-04:00,22.469999313354492,22.469999313354492,22.469999313354492,22.469999313354492,293,0.0,0.0,0.0
2024-08-23 11:30:00-04:00,22.68000030517578,22.68000030517578,22.68000030517578,22.68000030517578,0,0.0,0.0,0.0
2024-08-23 15:30:00-04:00,22.709999084472656,22.71500015258789,22.709999084472656,22.71500015258789,606,0.0,0.0,0.0
2024-08-26 11:30:00-04:00,22.690000534057617,22.70490074157715,22.690000534057617,22.70490074157715,0,0.0,0.0,0.0
2024-08-26 15:30:00-04:00,22.690000534057617,22.690000534057617,22.670400619506836,22.670400619506836,0,0.0,0.0,0.0
2024-08-27 09:30:00-04:00,22.610000610351562,22.610000610351562,22.610000610351562,22.610000610351562,112,0.0,0.0,0.0
2024-08-27 12:30:00-04:00,22.65060043334961,22.70490074157715,22.65060043334961,22.70490074157715,0,0.0,0.0,0.0
2024-08-28 09:30:00-04:00,22.592500686645508,22.592500686645508,22.592500686645508,22.592500686645508,149,0.0,0.0,0.0
2024-08-29 13:30:00-04:00,22.68239974975586,22.88559913635254,22.68239974975586,22.88559913635254,0,0.0,0.0,0.0
2024-09-03 09:30:00-04:00,22.65999984741211,22.65999984741211,22.32069969177246,22.32069969177246,157,0.0,0.0,0.0
2024-09-04 09:30:00-04:00,22.15999984741211,22.30120086669922,22.15999984741211,22.30120086669922,0,0.0,0.0,0.0
2024-09-05 09:30:00-04:00,22.18000030517578,22.207199096679688,22.18000030517578,22.207199096679688,0,0.0,0.0,0.0
2024-09-06 09:30:00-04:00,22.170000076293945,22.170000076293945,21.866500854492188,21.866500854492188,235,0.0,0.0,0.0
2024-09-13 13:30:00-04:00,22.740400314331055,22.780000686645508,22.740400314331055,22.740400314331055,0,0.0,0.0,0.0
2024-09-16 12:30:00-04:00,22.810199737548828,22.859699249267578,22.810199737548828,22.859699249267578,0,0.0,0.0,0.0
2024-09-24 11:30:00-04:00,23.13010025024414,23.13010025024414,23.13010025024414,23.13010025024414,462,0.0,0.0,0.0
2024-09-24 15:30:00-04:00,23.139999389648438,23.16360092163086,23.061599731445312,23.061599731445312,42,0.0,0.0,0.0
2024-09-30 09:30:00-04:00,23.358299255371094,23.358299255371094,23.081899642944336,23.081899642944336,0,0.0,0.0,0.0
2024-10-02 15:30:00-04:00,23.059999465942383,23.059999465942383,22.971900939941406,22.971900939941406,1,0.0,0.0,0.0
2024-10-11 12:30:00-04:00,23.34000015258789,23.388399124145508,23.34000015258789,23.388399124145508,605,0.0,0.0,0.0
2024-10-14 12:30:00-04:00,23.540000915527344,23.54840087890625,23.34950065612793,23.34950065612793,0,0.0,0.0,0.0
2024-10-17 13:30:00-04:00,23.540000915527344,23.540000915527344,23.438600540161133,23.459199905395508,871,0.0,0.0,0.0
2024-10-30 15:30:00-04:00,23.1299991607666,23.1299991607666,23.089799880981445,23.089799880981445,154,0.0,0.0,0.0
2024-10-31 09:30:00-04:00,22.850000381469727,22.850000381469727,22.68560028076172,22.773700714111328,0,0.0,0.0,0.0
2024-11-07 10:30:00-05:00,23.610599517822266,23.641399383544922,23.610599517822266,23.621400833129883,187,0.0,0.0,0.0
