Datetime,Open,High,Low,Close,Volume,Dividends,Stock Splits,Capital Gains
2022-11-10 11:30:00-05:00,13.020000457763672,13.020000457763672,13.020000457763672,13.020000457763672,424,0.0,0.0,0.0
2022-11-10 12:30:00-05:00,13.020000457763672,13.029999732971191,13.020000457763672,13.029999732971191,4809,0.0,0.0,0.0
2022-11-10 14:30:00-05:00,12.970000267028809,12.970000267028809,12.970000267028809,12.970000267028809,101,0.0,0.0,0.0
2022-11-10 15:30:00-05:00,12.979999542236328,12.989999771118164,12.979999542236328,12.989999771118164,750,0.0,0.0,0.0
2022-11-11 11:30:00-05:00,13.140000343322754,13.1899995803833,13.119999885559082,13.140000343322754,0,0.0,0.0,0.0
2022-11-11 12:30:00-05:00,13.140000343322754,13.149999618530273,13.140000343322754,13.149999618530273,1988,0.0,0.0,0.0
2022-11-11 13:30:00-05:00,13.15999984741211,13.170000076293945,13.15999984741211,13.170000076293945,709,0.0,0.0,0.0
2022-11-11 14:30:00-05:00,13.180000305175781,13.180000305175781,13.149999618530273,13.170000076293945,947,0.0,0.0,0.0
2022-11-11 15:30:00-05:00,13.170000076293945,13.17240047454834,13.170000076293945,13.17240047454834,991,0.0,0.0,0.0
2022-11-14 11:30:00-05:00,13.22599983215332,13.22599983215332,13.22599983215332,13.22599983215332,0,0.0,0.0,0.0
2022-11-14 14:30:00-05:00,13.225199699401855,13.225199699401855,13.188899993896484,13.188899993896484,0,0.0,0.0,0.0
2022-11-15 09:30:00-05:00,13.270000457763672,13.270000457763672,13.270000457763672,13.270000457763672,152,0.0,0.0,0.0
2022-11-15 12:30:00-05:00,13.268799781799316,13.268799781799316,13.268799781799316,13.268799781799316,129,0.0,0.0,0.0
2022-11-15 13:30:00-05:00,13.1899995803833,13.199999809265137,13.1899995803833,13.199999809265137,1433,0.0,0.0,0.0
2022-11-15 15:30:00-05:00,13.199999809265137,13.204999923706055,13.199999809265137,13.204999923706055,100,0.0,0.0,0.0
2022-11-16 11:30:00-05:00,13.112899780273438,13.136199951171875,13.112899780273438,13.136199951171875,0,0.0,0.0,0.0
2022-11-17 09:30:00-05:00,12.989999771118164,12.989999771118164,12.989999771118164,12.989999771118164,108,0.0,0.0,0.0
2022-11-17 13:30:00-05:00,13.085000038146973,13.085000038146973,13.085000038146973,13.085000038146973,1838,0.0,0.0,0.0
2022-11-17 15:30:00-05:00,13.085599899291992,13.085599899291992,13.085599899291992,13.085599899291992,200,0.0,0.0,0.0
2022-11-18 10:30:00-05:00,13.119999885559082,13.119999885559082,13.119999885559082,13.119999885559082,0,0.0,0.0,0.0
2022-11-18 12:30:00-05:00,13.079999923706055,13.119999885559082,13.079999923706055,13.119999885559082,602,0.0,0.0,0.0
2022-11-18 13:30:00-05:00,13.079999923706055,13.079999923706055,13.079999923706055,13.079999923706055,201,0.0,0.0,0.0
2022-11-18 14:30:00-05:00,13.109999656677246,13.109999656677246,13.109999656677246,13.109999656677246,189,0.0,0.0,0.0
2022-11-18 15:30:00-05:00,13.0600004196167,13.085000038146973,13.0600004196167,13.085000038146973,145,0.0,0.0,0.0
2022-11-21 09:30:00-05:00,13.149999618530273,13.149999618530273,13.149999618530273,13.149999618530273,34,0.0,0.0,0.0
2022-11-21 12:30:00-05:00,13.010000228881836,13.015000343322754,13.010000228881836,13.015000343322754,104,0.0,0.0,0.0
2022-11-22 09:30:00-05:00,12.989999771118164,13.140000343322754,12.989999771118164,13.140000343322754,1343,0.0,0.0,0.0
2022-11-22 14:30:00-05:00,13.140000343322754,13.140999794006348,13.119999885559082,13.119999885559082,1805,0.0,0.0,0.0
2022-11-22 15:30:00-05:00,13.119999885559082,13.119999885559082,13.119999885559082,13.119999885559082,101,0.0,0.0,0.0
2022-11-23 09:30:00-05:00,13.039999961853027,13.039999961853027,13.039999961853027,13.039999961853027,0,0.0,0.0,0.0
2022-11-23 11:30:00-05:00,13.204999923706055,13.204999923706055,13.204999923706055,13.204999923706055,331,0.0,0.0,0.0
2022-11-23 13:30:00-05:00,13.181699752807617,13.181699752807617,13.181699752807617,13.181699752807617,261,0.0,0.0,0.0
2022-11-23 14:30:00-05:00,13.160099983215332,13.160099983215332,13.160099983215332,13.160099983215332,105,0.0,0.0,0.0
2022-11-25 09:30:00-05:00,13.319999694824219,13.319999694824219,13.265000343322754,13.319999694824219,243,0.0,0.0,0.0
2022-11-28 09:30:00-05:00,13.220100402832031,13.220100402832031,13.220000267028809,13.220000267028809,1014,0.0,0.0,0.0
2022-11-28 11:30:00-05:00,13.220000267028809,13.220000267028809,13.220000267028809,13.220000267028809,574,0.0,0.0,0.0
2022-11-28 15:30:00-05:00,13.15999984741211,13.192899703979492,13.15999984741211,13.192899703979492,600,0.0,0.0,0.0
2022-11-29 11:30:00-05:00,13.267999649047852,13.267999649047852,13.267999649047852,13.267999649047852,0,0.0,0.0,0.0
2022-11-29 14:30:00-05:00,13.270000457763672,13.270000457763672,13.25,13.25,1846,0.0,0.0,0.0
2022-11-29 15:30:00-05:00,13.270000457763672,13.272000312805176,13.270000457763672,13.272000312805176,0,0.0,0.0,0.0
2022-11-30 09:30:00-05:00,13.220000267028809,13.220000267028809,13.220000267028809,13.220000267028809,201,0.0,0.0,0.0
2022-11-30 12:30:00-05:00,13.301799774169922,13.301799774169922,13.289999961853027,13.289999961853027,891,0.0,0.0,0.0
2022-11-30 13:30:00-05:00,13.315699577331543,13.315699577331543,13.315699577331543,13.315699577331543,201,0.0,0.0,0.0
2022-11-30 14:30:00-05:00,13.3100004196167,13.319999694824219,13.300000190734863,13.300000190734863,9466,0.0,0.0,0.0
2022-11-30 15:30:00-05:00,13.300000190734863,13.300000190734863,13.300000190734863,13.300000190734863,108,0.0,0.0,0.0
2022-12-01 09:30:00-05:00,13.329999923706055,13.329999923706055,13.329999923706055,13.329999923706055,0,0.0,0.0,0.0
2022-12-01 10:30:00-05:00,13.319999694824219,13.319999694824219,13.279999732971191,13.279999732971191,587,0.0,0.0,0.0
2022-12-01 12:30:00-05:00,13.239999771118164,13.239999771118164,13.229999542236328,13.229999542236328,1100,0.0,0.0,0.0
2022-12-01 13:30:00-05:00,13.257499694824219,13.257499694824219,13.257499694824219,13.257499694824219,104,0.0,0.0,0.0
2022-12-02 09:30:00-05:00,13.579999923706055,13.579999923706055,13.260000228881836,13.260000228881836,676,0.0,0.0,0.0
2022-12-02 11:30:00-05:00,13.313799858093262,13.313799858093262,13.270000457763672,13.270000457763672,523,0.0,0.0,0.0
2022-12-02 12:30:00-05:00,13.270000457763672,13.288000106811523,13.260000228881836,13.260000228881836,315,0.0,0.0,0.0
2022-12-02 13:30:00-05:00,13.270000457763672,13.270000457763672,13.270000457763672,13.270000457763672,101,0.0,0.0,0.0
2022-12-02 14:30:00-05:00,13.31879997253418,13.34000015258789,13.270000457763672,13.34000015258789,2655,0.0,0.0,0.0
2022-12-02 15:30:00-05:00,13.279999732971191,13.279999732971191,13.279999732971191,13.279999732971191,312,0.0,0.0,0.0
2022-12-05 09:30:00-05:00,13.40999984741211,13.40999984741211,13.3100004196167,13.3100004196167,1202,0.0,0.0,0.0
2022-12-05 10:30:00-05:00,13.279999732971191,13.279999732971191,13.279999732971191,13.279999732971191,520,0.0,0.0,0.0
2022-12-05 15:30:00-05:00,13.229499816894531,13.268899917602539,13.229499816894531,13.244999885559082,2415,0.0,0.0,0.0
2022-12-06 12:30:00-05:00,13.149999618530273,13.149999618530273,13.119999885559082,13.119999885559082,0,0.0,0.0,0.0
2022-12-06 13:30:00-05:00,13.2052001953125,13.2052001953125,13.2052001953125,13.2052001953125,0,0.0,0.0,0.0
2022-12-07 09:30:00-05:00,13.199999809265137,13.199999809265137,13.199999809265137,13.199999809265137,1904,0.0,0.0,0.0
2022-12-07 11:30:00-05:00,13.110099792480469,13.120100021362305,13.109999656677246,13.120100021362305,4161,0.0,0.0,0.0
2022-12-07 12:30:00-05:00,13.130000114440918,13.130000114440918,13.130000114440918,13.130000114440918,102,0.0,0.0,0.0
2022-12-07 13:30:00-05:00,13.119999885559082,13.119999885559082,13.109999656677246,13.109999656677246,1557,0.0,0.0,0.0
2022-12-07 14:30:00-05:00,13.109999656677246,13.109999656677246,13.109999656677246,13.109999656677246,458,0.0,0.0,0.0
2022-12-07 15:30:00-05:00,13.100000381469727,13.10200023651123,13.100000381469727,13.10200023651123,0,0.0,0.0,0.0
2022-12-08 11:30:00-05:00,13.15999984741211,13.15999984741211,13.15999984741211,13.15999984741211,250,0.0,0.0,0.0
2022-12-08 12:30:00-05:00,13.149999618530273,13.16569995880127,13.149999618530273,13.16569995880127,883,0.0,0.0,0.0
2022-12-08 13:30:00-05:00,13.149999618530273,13.163800239562988,13.149999618530273,13.163800239562988,0,0.0,0.0,0.0
2022-12-09 09:30:00-05:00,13.119999885559082,13.119999885559082,13.119999885559082,13.119999885559082,127,0.0,0.0,0.0
2022-12-09 10:30:00-05:00,13.160099983215332,13.160099983215332,13.160099983215332,13.160099983215332,389,0.0,0.0,0.0
2022-12-09 11:30:00-05:00,13.180000305175781,13.239999771118164,13.180000305175781,13.239999771118164,1402,0.0,0.0,0.0
2022-12-09 12:30:00-05:00,13.180000305175781,13.194999694824219,13.180000305175781,13.194999694824219,218,0.0,0.0,0.0
2022-12-12 10:30:00-05:00,13.130000114440918,13.1850004196167,13.130000114440918,13.1850004196167,379,0.0,0.0,0.0
2022-12-12 15:30:00-05:00,13.239999771118164,13.25,13.239999771118164,13.239999771118164,1101,0.0,0.0,0.0
2022-12-13 09:30:00-05:00,13.300000190734863,13.300000190734863,13.289999961853027,13.289999961853027,1045,0.0,0.0,0.0
2022-12-13 11:30:00-05:00,13.229999542236328,13.260000228881836,13.211000442504883,13.259400367736816,7392,0.0,0.0,0.0
2022-12-13 12:30:00-05:00,13.250499725341797,13.250499725341797,13.250499725341797,13.250499725341797,151,0.0,0.0,0.0
2022-12-13 14:30:00-05:00,13.253600120544434,13.253600120544434,13.253600120544434,13.253600120544434,1000,0.0,0.0,0.0
2022-12-14 09:30:00-05:00,13.239999771118164,13.239999771118164,13.229999542236328,13.229999542236328,3080,0.0,0.0,0.0
2022-12-14 12:30:00-05:00,13.270000457763672,13.270099639892578,13.270000457763672,13.270099639892578,1703,0.0,0.0,0.0
2022-12-14 13:30:00-05:00,13.229999542236328,13.310199737548828,13.229999542236328,13.310199737548828,0,0.0,0.0,0.0
2022-12-15 10:30:00-05:00,13.1899995803833,13.1899995803833,13.1899995803833,13.1899995803833,347,0.0,0.0,0.0
2022-12-15 15:30:00-05:00,13.170000076293945,13.1899995803833,13.170000076293945,13.1899995803833,0,0.0,0.0,0.0
2022-12-16 12:30:00-05:00,13.079299926757812,13.079299926757812,13.079299926757812,13.079299926757812,1214,0.0,0.0,0.0
2022-12-16 14:30:00-05:00,13.085399627685547,13.119999885559082,13.085399627685547,13.119999885559082,283,0.0,0.0,0.0
2022-12-19 11:30:00-05:00,13.010100364685059,13.010100364685059,13.010000228881836,13.010000228881836,4371,0.0,0.0,0.0
2022-12-19 14:30:00-05:00,13.020000457763672,13.054400444030762,13.020000457763672,13.054400444030762,0,0.0,0.0,0.0
2022-12-20 14:30:00-05:00,12.970000267028809,13.025799751281738,12.970000267028809,13.025799751281738,590,0.0,0.0,0.0
2022-12-21 09:30:00-05:00,13.260000228881836,13.260000228881836,13.127400398254395,13.170000076293945,650,0.0,0.0,0.0
2022-12-21 13:30:00-05:00,13.123200416564941,13.123200416564941,13.09000015258789,13.09000015258789,527,0.0,0.0,0.0
2022-12-21 14:30:00-05:00,13.069999694824219,13.069999694824219,13.069999694824219,13.069999694824219,207,0.0,0.0,0.0
2022-12-22 09:30:00-05:00,13.109999656677246,13.109999656677246,13.109999656677246,13.109999656677246,297,0.0,0.0,0.0
2022-12-22 11:30:00-05:00,12.970000267028809,13.024999618530273,12.970000267028809,13.024999618530273,1309,0.0,0.0,0.0
2022-12-22 12:30:00-05:00,12.930000305175781,13.010000228881836,12.90999984741211,12.90999984741211,3501,0.0,0.0,0.0
2022-12-22 13:30:00-05:00,12.90999984741211,12.920100212097168,12.90999984741211,12.920100212097168,4213,0.0,0.0,0.0
2022-12-22 14:30:00-05:00,12.930100440979004,12.930100440979004,12.930100440979004,12.930100440979004,505,0.0,0.0,0.0
2022-12-22 15:30:00-05:00,12.989999771118164,12.989999771118164,12.989999771118164,12.989999771118164,502,0.0,0.0,0.0
2022-12-23 12:30:00-05:00,13.029999732971191,13.029999732971191,13.029999732971191,13.029999732971191,266,0.0,0.0,0.0
2022-12-23 15:30:00-05:00,13.050000190734863,13.050000190734863,13.050000190734863,13.050000190734863,800,0.0,0.0,0.0
2022-12-27 09:30:00-05:00,13.029999732971191,13.039999961853027,13.029999732971191,13.039999961853027,2098,0.0,0.0,0.0
2022-12-27 10:30:00-05:00,13.039999961853027,13.039999961853027,13.029999732971191,13.029999732971191,300,0.0,0.0,0.0
2022-12-27 11:30:00-05:00,13.020000457763672,13.020000457763672,13.020000457763672,13.020000457763672,194,0.0,0.0,0.0
2022-12-27 12:30:00-05:00,13.010000228881836,13.039999961853027,13.010000228881836,13.039999961853027,943,0.0,0.0,0.0
2022-12-27 15:30:00-05:00,13.039999961853027,13.045000076293945,13.039999961853027,13.045000076293945,2000,0.0,0.0,0.0
2022-12-28 13:30:00-05:00,12.979999542236328,12.98009967803955,12.979999542236328,12.979999542236328,1820,0.0,0.0,0.0
2022-12-28 14:30:00-05:00,12.970100402832031,13.079999923706055,12.970100402832031,13.079999923706055,3127,0.0,0.0,0.0
2022-12-28 15:30:00-05:00,13.020000457763672,13.020000457763672,13.00790023803711,13.00790023803711,0,0.0,0.0,0.0
2022-12-29 10:30:00-05:00,13.149999618530273,13.149999618530273,13.149999618530273,13.149999618530273,297,0.0,0.0,0.0
2022-12-29 11:30:00-05:00,13.050000190734863,13.100000381469727,13.039999961853027,13.039999961853027,4156,0.0,0.0,0.0
2022-12-29 12:30:00-05:00,13.076800346374512,13.076800346374512,13.076800346374512,13.076800346374512,456,0.0,0.0,0.0
2022-12-29 13:30:00-05:00,13.095000267028809,13.095000267028809,13.095000267028809,13.095000267028809,143,0.0,0.0,0.0
2022-12-29 14:30:00-05:00,13.075900077819824,13.075900077819824,13.075900077819824,13.075900077819824,1046,0.0,0.0,0.0
2022-12-29 15:30:00-05:00,13.039999961853027,13.095000267028809,13.039999961853027,13.095000267028809,0,0.0,0.0,0.0
2022-12-30 09:30:00-05:00,13.0,13.0,13.0,13.0,290,0.0,0.0,0.0
2022-12-30 10:30:00-05:00,12.979999542236328,12.979999542236328,12.979999542236328,12.979999542236328,395,0.0,0.0,0.0
2022-12-30 12:30:00-05:00,13.010000228881836,13.039400100708008,13.010000228881836,13.039400100708008,340,0.0,0.0,0.0
2023-01-03 09:30:00-05:00,13.15999984741211,13.15999984741211,13.15999984741211,13.15999984741211,546,0.0,0.0,0.0
2023-01-03 13:30:00-05:00,13.039999961853027,13.100000381469727,13.039999961853027,13.100000381469727,200,0.0,0.0,0.0
2023-01-03 14:30:00-05:00,13.03499984741211,13.100000381469727,13.03499984741211,13.100000381469727,802,0.0,0.0,0.0
2023-01-03 15:30:00-05:00,13.100000381469727,13.119999885559082,13.100000381469727,13.119999885559082,351,0.0,0.0,0.0
2023-01-04 13:30:00-05:00,13.157699584960938,13.157699584960938,13.13129997253418,13.13129997253418,768,0.0,0.0,0.0
2023-01-05 09:30:00-05:00,13.050000190734863,13.082599639892578,13.050000190734863,13.082599639892578,0,0.0,0.0,0.0
2023-01-05 14:30:00-05:00,13.09000015258789,13.090700149536133,13.079999923706055,13.090700149536133,0,0.0,0.0,0.0
2023-01-06 14:30:00-05:00,13.239999771118164,13.239999771118164,13.239999771118164,13.239999771118164,210,0.0,0.0,0.0
2023-01-06 15:30:00-05:00,13.239999771118164,13.239999771118164,13.239999771118164,13.239999771118164,200,0.0,0.0,0.0
2023-01-09 12:30:00-05:00,13.320099830627441,13.320099830627441,13.320099830627441,13.320099830627441,2099,0.0,0.0,0.0
2023-01-09 13:30:00-05:00,13.360600471496582,13.360600471496582,13.353799819946289,13.353799819946289,0,0.0,0.0,0.0
2023-01-11 12:30:00-05:00,13.399999618530273,13.433500289916992,13.399999618530273,13.400099754333496,520,0.0,0.0,0.0
2023-01-11 13:30:00-05:00,13.40999984741211,13.40999984741211,13.40999984741211,13.40999984741211,313,0.0,0.0,0.0
2023-01-11 15:30:00-05:00,13.489999771118164,13.489999771118164,13.484999656677246,13.484999656677246,0,0.0,0.0,0.0
2023-01-12 09:30:00-05:00,13.489999771118164,13.550000190734863,13.489999771118164,13.550000190734863,2979,0.0,0.0,0.0
2023-01-13 09:30:00-05:00,13.479999542236328,13.479999542236328,13.479999542236328,13.479999542236328,329,0.0,0.0,0.0
2023-01-13 12:30:00-05:00,13.629199981689453,13.629199981689453,13.629199981689453,13.629199981689453,562,0.0,0.0,0.0
2023-01-13 13:30:00-05:00,13.609999656677246,13.609999656677246,13.5600004196167,13.5600004196167,530,0.0,0.0,0.0
2023-01-13 14:30:00-05:00,13.560099601745605,13.560099601745605,13.560099601745605,13.560099601745605,121,0.0,0.0,0.0
2023-01-17 10:30:00-05:00,13.520000457763672,13.553799629211426,13.520000457763672,13.553799629211426,446,0.0,0.0,0.0
2023-01-17 12:30:00-05:00,13.510000228881836,13.579999923706055,13.510000228881836,13.579999923706055,0,0.0,0.0,0.0
2023-01-18 09:30:00-05:00,13.570099830627441,13.602499961853027,13.570099830627441,13.602499961853027,735,0.0,0.0,0.0
2023-01-18 10:30:00-05:00,13.649999618530273,13.649999618530273,13.494099617004395,13.494099617004395,0,0.0,0.0,0.0
2023-01-19 09:30:00-05:00,13.5,13.5,13.5,13.5,362,0.0,0.0,0.0
2023-01-19 10:30:00-05:00,13.479999542236328,13.479999542236328,13.479999542236328,13.479999542236328,145,0.0,0.0,0.0
2023-01-19 12:30:00-05:00,13.479999542236328,13.479999542236328,13.479999542236328,13.479999542236328,210,0.0,0.0,0.0
2023-01-19 13:30:00-05:00,13.479999542236328,13.479999542236328,13.479999542236328,13.479999542236328,147,0.0,0.0,0.0
2023-01-19 14:30:00-05:00,13.498600006103516,13.5,13.494999885559082,13.5,926,0.0,0.0,0.0
2023-01-20 09:30:00-05:00,13.479999542236328,13.479999542236328,13.479999542236328,13.479999542236328,1475,0.0,0.0,0.0
2023-01-20 12:30:00-05:00,13.629899978637695,13.629899978637695,13.629899978637695,13.629899978637695,7304,0.0,0.0,0.0
2023-01-20 15:30:00-05:00,13.59000015258789,13.59000015258789,13.59000015258789,13.59000015258789,400,0.0,0.0,0.0
2023-01-23 09:30:00-05:00,13.550000190734863,13.550000190734863,13.550000190734863,13.550000190734863,1287,0.0,0.0,0.0
2023-01-23 11:30:00-05:00,13.609999656677246,13.609999656677246,13.609999656677246,13.609999656677246,103,0.0,0.0,0.0
2023-01-23 12:30:00-05:00,13.609999656677246,13.620100021362305,13.609999656677246,13.619999885559082,781,0.0,0.0,0.0
2023-01-23 13:30:00-05:00,13.619999885559082,13.619999885559082,13.609999656677246,13.609999656677246,502,0.0,0.0,0.0
2023-01-23 14:30:00-05:00,13.59000015258789,13.59000015258789,13.59000015258789,13.59000015258789,101,0.0,0.0,0.0
2023-01-23 15:30:00-05:00,13.619999885559082,13.619999885559082,13.59000015258789,13.604999542236328,1496,0.0,0.0,0.0
2023-01-24 09:30:00-05:00,13.569999694824219,13.569999694824219,13.569999694824219,13.569999694824219,0,0.0,0.0,0.0
2023-01-24 12:30:00-05:00,13.600000381469727,13.600000381469727,13.600000381469727,13.600000381469727,503,0.0,0.0,0.0
2023-01-24 13:30:00-05:00,13.654999732971191,13.654999732971191,13.654999732971191,13.654999732971191,437,0.0,0.0,0.0
2023-01-24 14:30:00-05:00,13.65369987487793,13.65369987487793,13.609999656677246,13.65369987487793,1001,0.0,0.0,0.0
2023-01-25 09:30:00-05:00,13.654500007629395,13.654500007629395,13.654500007629395,13.654500007629395,236,0.0,0.0,0.0
2023-01-25 13:30:00-05:00,13.670000076293945,13.699999809265137,13.630999565124512,13.670599937438965,0,0.0,0.0,0.0
2023-01-26 09:30:00-05:00,13.75,13.75,13.75,13.75,409,0.0,0.0,0.0
2023-01-26 13:30:00-05:00,13.680000305175781,13.680100440979004,13.680000305175781,13.680000305175781,436,0.0,0.0,0.0
2023-01-26 15:30:00-05:00,13.6899995803833,13.702500343322754,13.6899995803833,13.702500343322754,0,0.0,0.0,0.0
2023-01-27 09:30:00-05:00,13.8100004196167,13.8100004196167,13.680000305175781,13.680000305175781,832,0.0,0.0,0.0
2023-01-27 14:30:00-05:00,13.716500282287598,13.716500282287598,13.716500282287598,13.716500282287598,348,0.0,0.0,0.0
2023-01-27 15:30:00-05:00,13.755000114440918,13.755000114440918,13.755000114440918,13.755000114440918,110,0.0,0.0,0.0
2023-01-31 10:30:00-05:00,13.600000381469727,13.600000381469727,13.600000381469727,13.600000381469727,932,0.0,0.0,0.0
2023-01-31 11:30:00-05:00,13.600000381469727,13.66100025177002,13.579999923706055,13.66100025177002,0,0.0,0.0,0.0
2023-02-01 12:30:00-05:00,13.59000015258789,13.59220027923584,13.59000015258789,13.59220027923584,1246,0.0,0.0,0.0
2023-02-01 14:30:00-05:00,13.609999656677246,13.715399742126465,13.600000381469727,13.715399742126465,0,0.0,0.0,0.0
2023-02-02 09:30:00-05:00,13.75,13.819999694824219,13.75,13.819999694824219,712,0.0,0.0,0.0
2023-02-02 10:30:00-05:00,13.82699966430664,13.82699966430664,13.824999809265137,13.824999809265137,657,0.0,0.0,0.0
2023-02-02 12:30:00-05:00,13.770000457763672,13.770000457763672,13.760000228881836,13.760000228881836,2122,0.0,0.0,0.0
2023-02-02 13:30:00-05:00,13.799500465393066,13.799500465393066,13.779999732971191,13.779999732971191,853,0.0,0.0,0.0
2023-02-03 12:30:00-05:00,13.773300170898438,13.773300170898438,13.773300170898438,13.773300170898438,0,0.0,0.0,0.0
2023-02-03 13:30:00-05:00,13.779899597167969,13.779899597167969,13.779899597167969,13.779899597167969,132,0.0,0.0,0.0
2023-02-06 09:30:00-05:00,13.6899995803833,13.6899995803833,13.570099830627441,13.579999923706055,1107,0.0,0.0,0.0
2023-02-06 15:30:00-05:00,13.609999656677246,13.609999656677246,13.609999656677246,13.609999656677246,248,0.0,0.0,0.0
2023-02-07 09:30:00-05:00,13.550100326538086,13.614999771118164,13.550000190734863,13.614999771118164,2307,0.0,0.0,0.0
2023-02-07 10:30:00-05:00,13.619999885559082,13.619999885559082,13.619999885559082,13.619999885559082,181,0.0,0.0,0.0
2023-02-07 11:30:00-05:00,13.550000190734863,13.550000190734863,13.550000190734863,13.550000190734863,832,0.0,0.0,0.0
2023-02-07 13:30:00-05:00,13.596699714660645,13.596699714660645,13.596699714660645,13.596699714660645,403,0.0,0.0,0.0
2023-02-07 14:30:00-05:00,13.623600006103516,13.623600006103516,13.623600006103516,13.623600006103516,174,0.0,0.0,0.0
2023-02-08 09:30:00-05:00,13.539999961853027,13.539999961853027,13.539999961853027,13.539999961853027,403,0.0,0.0,0.0
2023-02-09 09:30:00-05:00,13.510000228881836,13.510000228881836,13.510000228881836,13.510000228881836,129,0.0,0.0,0.0
2023-02-09 11:30:00-05:00,13.5556001663208,13.5556001663208,13.5556001663208,13.5556001663208,110,0.0,0.0,0.0
2023-02-10 11:30:00-05:00,13.59000015258789,13.59000015258789,13.59000015258789,13.59000015258789,415,0.0,0.0,0.0
2023-02-13 09:30:00-05:00,13.489999771118164,13.520000457763672,13.489999771118164,13.520000457763672,20635,0.0,0.0,0.0
2023-02-13 10:30:00-05:00,13.630000114440918,13.630000114440918,13.630000114440918,13.630000114440918,1020,0.0,0.0,0.0
2023-02-14 09:30:00-05:00,13.530099868774414,13.530099868774414,13.529999732971191,13.529999732971191,284,0.0,0.0,0.0
2023-02-14 10:30:00-05:00,13.585000038146973,13.59000015258789,13.585000038146973,13.59000015258789,300,0.0,0.0,0.0
2023-02-14 11:30:00-05:00,13.500100135803223,13.543600082397461,13.5,13.538700103759766,3738,0.0,0.0,0.0
2023-02-14 12:30:00-05:00,13.585000038146973,13.585000038146973,13.585000038146973,13.585000038146973,102,0.0,0.0,0.0
2023-02-14 13:30:00-05:00,13.61870002746582,13.61870002746582,13.61870002746582,13.61870002746582,440,0.0,0.0,0.0
2023-02-15 09:30:00-05:00,13.449999809265137,13.449999809265137,13.449999809265137,13.449999809265137,0,0.0,0.0,0.0
2023-02-15 10:30:00-05:00,13.479999542236328,13.479999542236328,13.479999542236328,13.479999542236328,100,0.0,0.0,0.0
2023-02-15 11:30:00-05:00,13.479999542236328,13.489999771118164,13.460000038146973,13.460000038146973,2130,0.0,0.0,0.0
2023-02-15 12:30:00-05:00,13.470000267028809,13.470000267028809,13.470000267028809,13.470000267028809,201,0.0,0.0,0.0
2023-02-15 13:30:00-05:00,13.489999771118164,13.489999771118164,13.489999771118164,13.489999771118164,201,0.0,0.0,0.0
2023-02-15 14:30:00-05:00,13.489999771118164,13.5,13.489999771118164,13.489999771118164,1055,0.0,0.0,0.0
2023-02-15 15:30:00-05:00,13.510000228881836,13.510000228881836,13.510000228881836,13.510000228881836,362,0.0,0.0,0.0
2023-02-16 10:30:00-05:00,13.430000305175781,13.430000305175781,13.430000305175781,13.430000305175781,0,0.0,0.0,0.0
2023-02-16 12:30:00-05:00,13.479999542236328,13.479999542236328,13.479999542236328,13.479999542236328,202,0.0,0.0,0.0
2023-02-16 14:30:00-05:00,13.479999542236328,13.479999542236328,13.479999542236328,13.479999542236328,208,0.0,0.0,0.0
2023-02-17 09:30:00-05:00,13.424599647521973,13.424599647521973,13.424599647521973,13.424599647521973,0,0.0,0.0,0.0
2023-02-21 09:30:00-05:00,13.34000015258789,13.369999885559082,13.34000015258789,13.359999656677246,2037,0.0,0.0,0.0
2023-02-21 11:30:00-05:00,13.4350004196167,13.4350004196167,13.4350004196167,13.4350004196167,205,0.0,0.0,0.0
2023-02-21 13:30:00-05:00,13.350000381469727,13.350000381469727,13.350000381469727,13.350000381469727,150,0.0,0.0,0.0
2023-02-21 15:30:00-05:00,13.3100004196167,13.3100004196167,13.3100004196167,13.3100004196167,180,0.0,0.0,0.0
2023-02-22 09:30:00-05:00,13.34000015258789,13.34000015258789,13.229999542236328,13.289999961853027,1911,0.0,0.0,0.0
2023-02-22 11:30:00-05:00,13.229999542236328,13.229999542236328,13.229999542236328,13.229999542236328,181,0.0,0.0,0.0
2023-02-22 15:30:00-05:00,13.219499588012695,13.220000267028809,13.210000038146973,13.213899612426758,991,0.0,0.0,0.0
2023-02-24 09:30:00-05:00,13.319999694824219,13.319999694824219,13.319999694824219,13.319999694824219,0,0.0,0.0,0.0
2023-02-24 10:30:00-05:00,13.270099639892578,13.270099639892578,13.270099639892578,13.270099639892578,100,0.0,0.0,0.0
2023-02-24 11:30:00-05:00,13.254300117492676,13.254300117492676,13.254300117492676,13.254300117492676,378,0.0,0.0,0.0
2023-02-27 10:30:00-05:00,13.279800415039062,13.279800415039062,13.269800186157227,13.269800186157227,21,0.0,0.0,0.0
2023-02-28 09:30:00-05:00,13.36989974975586,13.36989974975586,13.36989974975586,13.36989974975586,423,0.0,0.0,0.0
2023-03-01 09:30:00-05:00,13.319999694824219,13.319999694824219,13.319999694824219,13.319999694824219,0,0.0,0.0,0.0
2023-03-02 09:30:00-05:00,13.270000457763672,13.300000190734863,13.270000457763672,13.300000190734863,0,0.0,0.0,0.0
2023-03-02 10:30:00-05:00,13.265000343322754,13.265000343322754,13.265000343322754,13.265000343322754,800,0.0,0.0,0.0
2023-03-02 12:30:00-05:00,13.270000457763672,13.270000457763672,13.25,13.270000457763672,1354,0.0,0.0,0.0
2023-03-02 13:30:00-05:00,13.270000457763672,13.277999877929688,13.239999771118164,13.274999618530273,1702,0.0,0.0,0.0
2023-03-02 14:30:00-05:00,13.300000190734863,13.300000190734863,13.279999732971191,13.279999732971191,703,0.0,0.0,0.0
2023-03-02 15:30:00-05:00,13.28499984741211,13.30150032043457,13.28499984741211,13.300000190734863,540,0.0,0.0,0.0
2023-03-06 09:30:00-05:00,13.399999618530273,13.399999618530273,13.399999618530273,13.399999618530273,258,0.0,0.0,0.0
2023-03-06 11:30:00-05:00,13.449999809265137,13.449999809265137,13.395000457763672,13.399999618530273,1223,0.0,0.0,0.0
2023-03-06 12:30:00-05:00,13.34000015258789,13.399999618530273,13.34000015258789,13.395000457763672,1158,0.0,0.0,0.0
2023-03-06 15:30:00-05:00,13.3100004196167,13.3100004196167,13.3100004196167,13.3100004196167,323,0.0,0.0,0.0
2023-03-07 09:30:00-05:00,13.420000076293945,13.420000076293945,13.300000190734863,13.300000190734863,657,0.0,0.0,0.0
2023-03-07 12:30:00-05:00,13.329999923706055,13.350000381469727,13.220000267028809,13.220000267028809,23992,0.0,0.0,0.0
2023-03-07 15:30:00-05:00,13.25,13.25,13.25,13.25,216,0.0,0.0,0.0
2023-03-08 10:30:00-05:00,13.289999961853027,13.289999961853027,13.289999961853027,13.289999961853027,256,0.0,0.0,0.0
2023-03-08 12:30:00-05:00,13.199999809265137,13.199999809265137,13.199999809265137,13.199999809265137,302,0.0,0.0,0.0
2023-03-08 13:30:00-05:00,13.175000190734863,13.175000190734863,13.175000190734863,13.175000190734863,152,0.0,0.0,0.0
2023-03-08 14:30:00-05:00,13.162799835205078,13.162799835205078,13.162799835205078,13.162799835205078,1022,0.0,0.0,0.0
2023-03-08 15:30:00-05:00,13.149999618530273,13.149999618530273,13.149999618530273,13.149999618530273,302,0.0,0.0,0.0
2023-03-09 09:30:00-05:00,13.0600004196167,13.0600004196167,13.0600004196167,13.0600004196167,547,0.0,0.0,0.0
2023-03-09 10:30:00-05:00,13.145000457763672,13.180000305175781,13.145000457763672,13.180000305175781,3215,0.0,0.0,0.0
2023-03-09 11:30:00-05:00,13.135000228881836,13.15999984741211,13.135000228881836,13.15999984741211,745,0.0,0.0,0.0
2023-03-09 12:30:00-05:00,13.180000305175781,13.180000305175781,13.164999961853027,13.164999961853027,3900,0.0,0.0,0.0
2023-03-09 13:30:00-05:00,13.164999961853027,13.164999961853027,13.09000015258789,13.154999732971191,4602,0.0,0.0,0.0
2023-03-09 14:30:00-05:00,13.149999618530273,13.149999618530273,13.109999656677246,13.109999656677246,3700,0.0,0.0,0.0
2023-03-09 15:30:00-05:00,13.114999771118164,13.170000076293945,13.107799530029297,13.107799530029297,600,0.0,0.0,0.0
2023-03-10 10:30:00-05:00,13.09000015258789,13.09000015258789,13.09000015258789,13.09000015258789,0,0.0,0.0,0.0
2023-03-10 11:30:00-05:00,13.09000015258789,13.09000015258789,13.09000015258789,13.09000015258789,129,0.0,0.0,0.0
2023-03-10 12:30:00-05:00,13.070699691772461,13.070699691772461,13.050000190734863,13.050000190734863,642,0.0,0.0,0.0
2023-03-10 13:30:00-05:00,13.045000076293945,13.045000076293945,13.03499984741211,13.039999961853027,850,0.0,0.0,0.0
2023-03-13 09:30:00-04:00,13.050000190734863,13.079999923706055,12.9399995803833,13.074999809265137,3163,0.0,0.0,0.0
2023-03-13 10:30:00-04:00,13.109999656677246,13.109999656677246,13.065999984741211,13.100000381469727,3202,0.0,0.0,0.0
2023-03-13 12:30:00-04:00,12.949999809265137,12.992300033569336,12.949999809265137,12.992300033569336,475,0.0,0.0,0.0
2023-03-13 13:30:00-04:00,13.06190013885498,13.06190013885498,13.0108003616333,13.0108003616333,0,0.0,0.0,0.0
2023-03-14 10:30:00-04:00,13.0600004196167,13.140000343322754,13.0600004196167,13.140000343322754,2509,0.0,0.0,0.0
2023-03-14 11:30:00-04:00,13.135000228881836,13.135000228881836,13.04010009765625,13.125,2410,0.0,0.0,0.0
2023-03-14 12:30:00-04:00,13.119999885559082,13.119999885559082,13.119999885559082,13.119999885559082,2001,0.0,0.0,0.0
2023-03-14 13:30:00-04:00,13.083100318908691,13.083100318908691,13.079999923706055,13.079999923706055,396,0.0,0.0,0.0
2023-03-14 14:30:00-04:00,13.050000190734863,13.050000190734863,12.994999885559082,13.029999732971191,822,0.0,0.0,0.0
2023-03-14 15:30:00-04:00,13.149999618530273,13.149999618530273,13.065699577331543,13.066200256347656,760,0.0,0.0,0.0
2023-03-15 09:30:00-04:00,12.930000305175781,12.970000267028809,12.779999732971191,12.970000267028809,0,0.0,0.0,0.0
2023-03-15 10:30:00-04:00,12.975000381469727,12.977999687194824,12.949399948120117,12.949999809265137,1505,0.0,0.0,0.0
2023-03-15 12:30:00-04:00,12.84000015258789,12.84000015258789,12.824999809265137,12.824999809265137,1342,0.0,0.0,0.0
2023-03-15 13:30:00-04:00,12.861200332641602,12.861200332641602,12.770000457763672,12.800000190734863,3086,0.0,0.0,0.0
2023-03-15 15:30:00-04:00,12.84000015258789,12.845000267028809,12.779999732971191,12.779999732971191,1063,0.0,0.0,0.0
2023-03-16 10:30:00-04:00,12.779999732971191,12.779999732971191,12.779999732971191,12.779999732971191,0,0.0,0.0,0.0
2023-03-16 11:30:00-04:00,12.779999732971191,12.779999732971191,12.779999732971191,12.779999732971191,130,0.0,0.0,0.0
2023-03-16 12:30:00-04:00,12.84000015258789,12.84000015258789,12.805000305175781,12.816300392150879,1440,0.0,0.0,0.0
2023-03-16 14:30:00-04:00,12.890000343322754,12.890000343322754,12.890000343322754,12.890000343322754,208,0.0,0.0,0.0
2023-03-16 15:30:00-04:00,12.880000114440918,12.890000343322754,12.873900413513184,12.873900413513184,0,0.0,0.0,0.0
2023-03-17 14:30:00-04:00,12.84000015258789,12.84000015258789,12.79640007019043,12.79640007019043,442,0.0,0.0,0.0
2023-03-20 12:30:00-04:00,12.930000305175781,12.930000305175781,12.930000305175781,12.930000305175781,509,0.0,0.0,0.0
2023-03-20 13:30:00-04:00,12.803299903869629,12.803299903869629,12.803299903869629,12.803299903869629,401,0.0,0.0,0.0
2023-03-20 14:30:00-04:00,12.75,12.817999839782715,12.75,12.770000457763672,756,0.0,0.0,0.0
2023-03-20 15:30:00-04:00,12.770000457763672,12.835000038146973,12.739999771118164,12.830900192260742,0,0.0,0.0,0.0
2023-03-21 14:30:00-04:00,12.880000114440918,12.880000114440918,12.880000114440918,12.880000114440918,222,0.0,0.0,0.0
2023-03-21 15:30:00-04:00,12.949999809265137,12.949999809265137,12.810700416564941,12.810700416564941,1732,0.0,0.0,0.0
2023-03-23 13:30:00-04:00,12.73009967803955,12.774999618530273,12.73009967803955,12.740099906921387,972,0.0,0.0,0.0
2023-03-23 14:30:00-04:00,12.711899757385254,12.711899757385254,12.680000305175781,12.680000305175781,579,0.0,0.0,0.0
2023-03-23 15:30:00-04:00,12.760000228881836,12.760000228881836,12.734999656677246,12.734999656677246,0,0.0,0.0,0.0
2023-03-24 11:30:00-04:00,12.713500022888184,12.713500022888184,12.713500022888184,12.713500022888184,676,0.0,0.0,0.0
2023-03-24 14:30:00-04:00,12.739999771118164,12.739999771118164,12.739999771118164,12.739999771118164,101,0.0,0.0,0.0
2023-03-24 15:30:00-04:00,12.739999771118164,12.739999771118164,12.710000038146973,12.710000038146973,10201,0.0,0.0,0.0
2023-03-27 11:30:00-04:00,12.760000228881836,12.760000228881836,12.729999542236328,12.729999542236328,0,0.0,0.0,0.0
2023-03-28 10:30:00-04:00,12.841500282287598,12.841500282287598,12.841500282287598,12.841500282287598,108,0.0,0.0,0.0
2023-03-28 13:30:00-04:00,12.831999778747559,12.831999778747559,12.831999778747559,12.831999778747559,258,0.0,0.0,0.0
2023-03-28 14:30:00-04:00,12.847200393676758,12.847200393676758,12.847200393676758,12.847200393676758,319,0.0,0.0,0.0
2023-03-29 13:30:00-04:00,12.859999656677246,12.914999961853027,12.850000381469727,12.914999961853027,670,0.0,0.0,0.0
2023-03-30 13:30:00-04:00,13.069999694824219,13.069999694824219,13.018199920654297,13.018199920654297,2488,0.0,0.0,0.0
2023-03-31 12:30:00-04:00,13.004300117492676,13.050200462341309,13.004300117492676,13.050200462341309,0,0.0,0.0,0.0
2023-04-03 09:30:00-04:00,13.09000015258789,13.100000381469727,12.239999771118164,13.09000015258789,9266,0.0,0.0,0.0
2023-04-03 10:30:00-04:00,13.141799926757812,13.141799926757812,13.141799926757812,13.141799926757812,1026,0.0,0.0,0.0
2023-04-03 12:30:00-04:00,13.135000228881836,13.145000457763672,13.125,13.125,0,0.0,0.0,0.0
2023-04-05 14:30:00-04:00,13.020000457763672,13.020000457763672,13.010000228881836,13.010000228881836,1074,0.0,0.0,0.0
2023-04-06 09:30:00-04:00,12.996399879455566,12.996399879455566,12.996399879455566,12.996399879455566,212,0.0,0.0,0.0
2023-04-06 10:30:00-04:00,12.949999809265137,12.975799560546875,12.9399995803833,12.975799560546875,1102,0.0,0.0,0.0
2023-04-06 12:30:00-04:00,12.979999542236328,12.979999542236328,12.960000038146973,12.978500366210938,978,0.0,0.0,0.0
2023-04-06 13:30:00-04:00,12.970000267028809,12.970000267028809,12.970000267028809,12.970000267028809,201,0.0,0.0,0.0
2023-04-06 14:30:00-04:00,12.970000267028809,12.97350025177002,12.960000038146973,12.960000038146973,1703,0.0,0.0,0.0
2023-04-06 15:30:00-04:00,12.960000038146973,12.960000038146973,12.960000038146973,12.960000038146973,200,0.0,0.0,0.0
2023-04-10 09:30:00-04:00,12.960000038146973,12.989999771118164,12.960000038146973,12.989999771118164,0,0.0,0.0,0.0
2023-04-10 12:30:00-04:00,13.005000114440918,13.005000114440918,13.005000114440918,13.005000114440918,333,0.0,0.0,0.0
2023-04-10 13:30:00-04:00,13.029999732971191,13.029999732971191,13.010000228881836,13.010000228881836,0,0.0,0.0,0.0
2023-04-11 09:30:00-04:00,13.09689998626709,13.09689998626709,13.09689998626709,13.09689998626709,1011,0.0,0.0,0.0
2023-04-11 10:30:00-04:00,13.050000190734863,13.050000190734863,13.050000190734863,13.050000190734863,371,0.0,0.0,0.0
2023-04-11 13:30:00-04:00,13.101799964904785,13.101799964904785,13.101799964904785,13.101799964904785,300,0.0,0.0,0.0
2023-04-11 14:30:00-04:00,13.0600004196167,13.089200019836426,13.0600004196167,13.089200019836426,804,0.0,0.0,0.0
2023-04-12 15:30:00-04:00,13.039999961853027,13.039999961853027,13.039999961853027,13.039999961853027,0,0.0,0.0,0.0
2023-04-13 09:30:00-04:00,13.1899995803833,13.1899995803833,13.0600004196167,13.069999694824219,2319,0.0,0.0,0.0
2023-04-13 10:30:00-04:00,13.079999923706055,13.129500389099121,13.079999923706055,13.129500389099121,986,0.0,0.0,0.0
2023-04-13 11:30:00-04:00,13.079999923706055,13.09000015258789,13.079999923706055,13.09000015258789,1000,0.0,0.0,0.0
2023-04-13 12:30:00-04:00,13.079999923706055,13.100000381469727,13.079999923706055,13.09000015258789,2107,0.0,0.0,0.0
2023-04-13 13:30:00-04:00,13.149100303649902,13.149100303649902,13.149100303649902,13.149100303649902,250,0.0,0.0,0.0
2023-04-13 14:30:00-04:00,13.140000343322754,13.180000305175781,13.09000015258789,13.09000015258789,1210,0.0,0.0,0.0
2023-04-13 15:30:00-04:00,13.100000381469727,13.100000381469727,13.100000381469727,13.100000381469727,203,0.0,0.0,0.0
2023-04-14 11:30:00-04:00,12.9399995803833,12.9399995803833,12.9399995803833,12.9399995803833,149,0.0,0.0,0.0
2023-04-14 13:30:00-04:00,12.9399995803833,12.944999694824219,12.9399995803833,12.944999694824219,1023,0.0,0.0,0.0
2023-04-17 09:30:00-04:00,12.979999542236328,13.050000190734863,12.979999542236328,13.050000190734863,317,0.0,0.0,0.0
2023-04-17 11:30:00-04:00,12.84000015258789,12.84000015258789,12.84000015258789,12.84000015258789,125,0.0,0.0,0.0
2023-04-17 13:30:00-04:00,12.84000015258789,12.865900039672852,12.84000015258789,12.865900039672852,501,0.0,0.0,0.0
2023-04-17 14:30:00-04:00,12.866999626159668,12.866999626159668,12.866999626159668,12.866999626159668,761,0.0,0.0,0.0
2023-04-18 09:30:00-04:00,12.890000343322754,12.914999961853027,12.890000343322754,12.914999961853027,338,0.0,0.0,0.0
2023-04-19 10:30:00-04:00,12.878899574279785,12.878899574279785,12.875,12.875,243,0.0,0.0,0.0
2023-04-20 09:30:00-04:00,12.859999656677246,12.859999656677246,12.859999656677246,12.859999656677246,0,0.0,0.0,0.0
2023-04-20 10:30:00-04:00,12.930000305175781,12.930000305175781,12.930000305175781,12.930000305175781,100,0.0,0.0,0.0
2023-04-20 11:30:00-04:00,12.90999984741211,12.90999984741211,12.90999984741211,12.90999984741211,123,0.0,0.0,0.0
2023-04-20 12:30:00-04:00,12.829999923706055,12.829999923706055,12.800000190734863,12.800000190734863,1594,0.0,0.0,0.0
2023-04-20 13:30:00-04:00,12.84000015258789,12.875,12.84000015258789,12.875,998,0.0,0.0,0.0
2023-04-20 14:30:00-04:00,12.869500160217285,12.869500160217285,12.8149995803833,12.8149995803833,1471,0.0,0.0,0.0
2023-04-24 09:30:00-04:00,12.869999885559082,12.869999885559082,12.800000190734863,12.800000190734863,1124,0.0,0.0,0.0
2023-04-24 13:30:00-04:00,12.779999732971191,12.779999732971191,12.779999732971191,12.779999732971191,421,0.0,0.0,0.0
2023-04-24 15:30:00-04:00,12.780900001525879,12.780900001525879,12.779999732971191,12.780900001525879,0,0.0,0.0,0.0
2023-04-26 09:30:00-04:00,12.710000038146973,12.74269962310791,12.704999923706055,12.704999923706055,10,0.0,0.0,0.0
2023-04-27 11:30:00-04:00,12.6899995803833,12.718500137329102,12.680000305175781,12.71030044555664,2215,0.0,0.0,0.0
2023-04-27 13:30:00-04:00,12.722000122070312,12.722000122070312,12.670000076293945,12.670000076293945,0,0.0,0.0,0.0
2023-04-28 09:30:00-04:00,12.668000221252441,12.668000221252441,12.650099754333496,12.650099754333496,1522,0.0,0.0,0.0
2023-04-28 10:30:00-04:00,12.651000022888184,12.65880012512207,12.649999618530273,12.649999618530273,10120,0.0,0.0,0.0
2023-04-28 11:30:00-04:00,12.658699989318848,12.658699989318848,12.649999618530273,12.651000022888184,1631,0.0,0.0,0.0
2023-04-28 12:30:00-04:00,12.65999984741211,12.65999984741211,12.649999618530273,12.649999618530273,5333,0.0,0.0,0.0
2023-04-28 13:30:00-04:00,12.649999618530273,12.65310001373291,12.649999618530273,12.649999618530273,2470,0.0,0.0,0.0
2023-04-28 14:30:00-04:00,12.65999984741211,12.65999984741211,12.652299880981445,12.652299880981445,2103,0.0,0.0,0.0
2023-04-28 15:30:00-04:00,12.649999618530273,12.649999618530273,12.649999618530273,12.649999618530273,204,0.0,0.0,0.0
2023-05-01 09:30:00-04:00,12.720000267028809,12.720000267028809,12.710000038146973,12.710000038146973,225,0.0,0.0,0.0
2023-05-01 10:30:00-04:00,12.699999809265137,12.699999809265137,12.699999809265137,12.699999809265137,3065,0.0,0.0,0.0
2023-05-01 13:30:00-04:00,12.720000267028809,12.75,12.6899995803833,12.75,539,0.0,0.0,0.0
2023-05-01 14:30:00-04:00,12.690099716186523,12.694999694824219,12.690099716186523,12.694999694824219,0,0.0,0.0,0.0
2023-05-02 10:30:00-04:00,12.510000228881836,12.510000228881836,12.510000228881836,12.510000228881836,0,0.0,0.0,0.0
2023-05-02 15:30:00-04:00,12.510000228881836,12.520000457763672,12.510000228881836,12.510000228881836,9437,0.0,0.0,0.0
2023-05-03 10:30:00-04:00,12.5,12.5,12.5,12.5,640,0.0,0.0,0.0
2023-05-03 12:30:00-04:00,12.579999923706055,12.579999923706055,12.520000457763672,12.579999923706055,0,0.0,0.0,0.0
2023-05-04 13:30:00-04:00,12.53499984741211,12.53499984741211,12.454999923706055,12.489999771118164,3158,0.0,0.0,0.0
2023-05-05 09:30:00-04:00,12.430000305175781,12.430000305175781,12.430000305175781,12.430000305175781,0,0.0,0.0,0.0
2023-05-05 10:30:00-04:00,12.524700164794922,12.524700164794922,12.524700164794922,12.524700164794922,2515,0.0,0.0,0.0
2023-05-05 11:30:00-04:00,12.520000457763672,12.520000457763672,12.520000457763672,12.520000457763672,454,0.0,0.0,0.0
2023-05-05 13:30:00-04:00,12.479999542236328,12.545999526977539,12.479999542236328,12.545999526977539,305,0.0,0.0,0.0
2023-05-05 14:30:00-04:00,12.490099906921387,12.53380012512207,12.490099906921387,12.53380012512207,0,0.0,0.0,0.0
2023-05-08 09:30:00-04:00,12.664999961853027,12.664999961853027,12.664999961853027,12.664999961853027,832,0.0,0.0,0.0
2023-05-08 14:30:00-04:00,12.625,12.625,12.510000228881836,12.625,0,0.0,0.0,0.0
2023-05-09 09:30:00-04:00,12.699999809265137,12.699999809265137,12.699999809265137,12.699999809265137,0,0.0,0.0,0.0
2023-05-09 14:30:00-04:00,12.520000457763672,12.520000457763672,12.520000457763672,12.520000457763672,4020,0.0,0.0,0.0
2023-05-09 15:30:00-04:00,12.520000457763672,12.528499603271484,12.520000457763672,12.528499603271484,582,0.0,0.0,0.0
2023-05-10 09:30:00-04:00,12.449999809265137,12.449999809265137,12.449999809265137,12.449999809265137,0,0.0,0.0,0.0
2023-05-10 14:30:00-04:00,12.59000015258789,12.59000015258789,12.59000015258789,12.59000015258789,0,0.0,0.0,0.0
2023-05-10 15:30:00-04:00,12.520000457763672,12.555000305175781,12.520000457763672,12.555000305175781,1,0.0,0.0,0.0
2023-05-11 09:30:00-04:00,12.640000343322754,12.640000343322754,12.470000267028809,12.470000267028809,1005,0.0,0.0,0.0
2023-05-11 12:30:00-04:00,12.460000038146973,12.460000038146973,12.460000038146973,12.460000038146973,457,0.0,0.0,0.0
2023-05-11 13:30:00-04:00,12.460000038146973,12.460000038146973,12.460000038146973,12.460000038146973,427,0.0,0.0,0.0
2023-05-11 14:30:00-04:00,12.470000267028809,12.470000267028809,12.460000038146973,12.460000038146973,1007,0.0,0.0,0.0
2023-05-11 15:30:00-04:00,12.460000038146973,12.460000038146973,12.460000038146973,12.460000038146973,200,0.0,0.0,0.0
2023-05-12 09:30:00-04:00,12.460000038146973,12.460000038146973,12.460000038146973,12.460000038146973,306,0.0,0.0,0.0
2023-05-12 13:30:00-04:00,12.442299842834473,12.443699836730957,12.442299842834473,12.443699836730957,167,0.0,0.0,0.0
2023-05-15 12:30:00-04:00,12.350700378417969,12.350700378417969,12.350700378417969,12.350700378417969,376,0.0,0.0,0.0
2023-05-15 14:30:00-04:00,12.329999923706055,12.329999923706055,12.319999694824219,12.319999694824219,2327,0.0,0.0,0.0
2023-05-16 09:30:00-04:00,12.290200233459473,12.390000343322754,12.290200233459473,12.304400444030762,1173,0.0,0.0,0.0
2023-05-16 10:30:00-04:00,12.34000015258789,12.34000015258789,12.279999732971191,12.34000015258789,0,0.0,0.0,0.0
2023-05-17 11:30:00-04:00,12.25979995727539,12.289999961853027,12.25979995727539,12.289999961853027,279,0.0,0.0,0.0
2023-05-18 09:30:00-04:00,12.359999656677246,12.359999656677246,12.359999656677246,12.359999656677246,238,0.0,0.0,0.0
2023-05-18 11:30:00-04:00,12.385000228881836,12.385000228881836,12.385000228881836,12.385000228881836,100,0.0,0.0,0.0
2023-05-18 12:30:00-04:00,12.339699745178223,12.340900421142578,12.339699745178223,12.340900421142578,2115,0.0,0.0,0.0
2023-05-18 13:30:00-04:00,12.345000267028809,12.345000267028809,12.289999961853027,12.345000267028809,257,0.0,0.0,0.0
2023-05-19 09:30:00-04:00,12.300000190734863,12.300000190734863,12.300000190734863,12.300000190734863,1110,0.0,0.0,0.0
2023-05-19 14:30:00-04:00,12.277600288391113,12.289999961853027,12.199999809265137,12.289999961853027,0,0.0,0.0,0.0
2023-05-22 09:30:00-04:00,12.460000038146973,12.502099990844727,12.29800033569336,12.300000190734863,2031,0.0,0.0,0.0
2023-05-22 11:30:00-04:00,12.729999542236328,12.729999542236328,12.729999542236328,12.729999542236328,816,0.0,0.0,0.0
2023-05-22 13:30:00-04:00,12.270000457763672,12.729999542236328,12.270000457763672,12.729999542236328,0,0.0,0.0,0.0
2023-05-23 09:30:00-04:00,12.5,12.5,12.5,12.5,299,0.0,0.0,0.0
2023-05-23 10:30:00-04:00,12.1899995803833,12.46500015258789,12.1899995803833,12.46500015258789,0,0.0,0.0,0.0
2023-05-24 11:30:00-04:00,12.39840030670166,12.39840030670166,12.180999755859375,12.35219955444336,2431,0.0,0.0,0.0
2023-05-24 13:30:00-04:00,12.151000022888184,12.151000022888184,12.149999618530273,12.149999618530273,560,0.0,0.0,0.0
2023-05-24 14:30:00-04:00,12.207799911499023,12.207799911499023,12.204999923706055,12.207799911499023,401,0.0,0.0,0.0
2023-05-25 13:30:00-04:00,12.199999809265137,12.199999809265137,12.100000381469727,12.100000381469727,4,0.0,0.0,0.0
2023-05-26 09:30:00-04:00,12.249199867248535,12.300000190734863,12.249199867248535,12.300000190734863,489,0.0,0.0,0.0
2023-05-30 09:30:00-04:00,12.0,12.0,12.0,12.0,1628,0.0,0.0,0.0
2023-05-30 10:30:00-04:00,12.010000228881836,12.010000228881836,12.0,12.0,2942,0.0,0.0,0.0
2023-05-30 12:30:00-04:00,12.010000228881836,12.010000228881836,12.010000228881836,12.010000228881836,0,0.0,0.0,0.0
2023-05-30 13:30:00-04:00,12.010000228881836,12.010000228881836,12.010000228881836,12.010000228881836,5191,0.0,0.0,0.0
2023-05-30 15:30:00-04:00,12.0,12.0,12.0,12.0,0,0.0,0.0,0.0
2023-05-31 09:30:00-04:00,12.0,12.0,12.0,12.0,0,0.0,0.0,0.0
2023-05-31 12:30:00-04:00,11.880000114440918,11.880000114440918,11.880000114440918,11.880000114440918,1545,0.0,0.0,0.0
2023-06-01 09:30:00-04:00,12.140000343322754,12.140000343322754,11.710000038146973,11.925000190734863,0,0.0,0.0,0.0
2023-06-02 09:30:00-04:00,12.220000267028809,12.220000267028809,12.0024995803833,12.0024995803833,0,0.0,0.0,0.0
2023-06-02 10:30:00-04:00,12.100000381469727,12.100000381469727,12.100000381469727,12.100000381469727,1104,0.0,0.0,0.0
2023-06-02 14:30:00-04:00,12.119999885559082,12.119999885559082,12.045000076293945,12.045000076293945,460,0.0,0.0,0.0
2023-06-02 15:30:00-04:00,12.220000267028809,12.220000267028809,12.220000267028809,12.220000267028809,140,0.0,0.0,0.0
2023-06-05 09:30:00-04:00,12.329999923706055,12.329999923706055,11.979999542236328,11.979999542236328,1091,0.0,0.0,0.0
2023-06-05 10:30:00-04:00,11.989999771118164,11.989999771118164,11.989999771118164,11.989999771118164,111,0.0,0.0,0.0
2023-06-05 12:30:00-04:00,11.979999542236328,11.979999542236328,11.979999542236328,11.979999542236328,601,0.0,0.0,0.0
2023-06-06 10:30:00-04:00,12.229999542236328,12.260000228881836,12.229999542236328,12.260000228881836,1112,0.0,0.0,0.0
2023-06-06 11:30:00-04:00,12.239999771118164,12.239999771118164,12.239999771118164,12.239999771118164,964,0.0,0.0,0.0
2023-06-07 09:30:00-04:00,12.479999542236328,12.479999542236328,12.319999694824219,12.319999694824219,501,0.0,0.0,0.0
2023-06-07 10:30:00-04:00,12.329999923706055,12.329999923706055,12.329999923706055,12.329999923706055,100,0.0,0.0,0.0
2023-06-07 11:30:00-04:00,12.210000038146973,12.210000038146973,12.100000381469727,12.100000381469727,410,0.0,0.0,0.0
2023-06-07 14:30:00-04:00,12.329999923706055,12.329999923706055,12.329999923706055,12.329999923706055,238,0.0,0.0,0.0
2023-06-08 09:30:00-04:00,12.569999694824219,12.569999694824219,12.359999656677246,12.40999984741211,4405,0.0,0.0,0.0
2023-06-08 11:30:00-04:00,12.399999618530273,12.399999618530273,12.350000381469727,12.350000381469727,1020,0.0,0.0,0.0
2023-06-08 12:30:00-04:00,12.305000305175781,12.305000305175781,12.305000305175781,12.305000305175781,489,0.0,0.0,0.0
2023-06-08 15:30:00-04:00,12.227899551391602,12.449999809265137,12.227899551391602,12.449999809265137,2110,0.0,0.0,0.0
2023-06-09 09:30:00-04:00,12.59000015258789,12.59000015258789,12.15999984741211,12.180000305175781,5119,0.0,0.0,0.0
2023-06-09 10:30:00-04:00,12.670000076293945,12.670000076293945,12.416500091552734,12.416500091552734,1299,0.0,0.0,0.0
2023-06-12 09:30:00-04:00,12.40999984741211,12.550000190734863,12.40999984741211,12.550000190734863,858,0.0,0.0,0.0
2023-06-12 10:30:00-04:00,12.449999809265137,12.45199966430664,12.449999809265137,12.449999809265137,5432,0.0,0.0,0.0
2023-06-12 13:30:00-04:00,12.491999626159668,12.491999626159668,12.399999618530273,12.399999618530273,0,0.0,0.0,0.0
2023-06-13 09:30:00-04:00,12.449999809265137,12.449999809265137,12.449999809265137,12.449999809265137,460,0.0,0.0,0.0
2023-06-13 10:30:00-04:00,12.449999809265137,12.449999809265137,12.449999809265137,12.449999809265137,628,0.0,0.0,0.0
2023-06-13 11:30:00-04:00,12.449999809265137,12.449999809265137,12.15999984741211,12.15999984741211,2600,0.0,0.0,0.0
2023-06-13 15:30:00-04:00,12.414999961853027,12.414999961853027,12.41450023651123,12.41450023651123,0,0.0,0.0,0.0
2023-06-14 09:30:00-04:00,12.59000015258789,12.630000114440918,12.59000015258789,12.630000114440918,709,0.0,0.0,0.0
2023-06-14 14:30:00-04:00,12.444299697875977,12.510000228881836,12.404999732971191,12.404999732971191,2359,0.0,0.0,0.0
2023-06-14 15:30:00-04:00,12.33240032196045,12.404999732971191,12.33240032196045,12.404999732971191,0,0.0,0.0,0.0
2023-06-15 09:30:00-04:00,12.569999694824219,12.569999694824219,12.399999618530273,12.5,983,0.0,0.0,0.0
2023-06-15 15:30:00-04:00,12.25,12.449999809265137,12.210000038146973,12.449999809265137,1408,0.0,0.0,0.0
2023-06-16 09:30:00-04:00,12.649999618530273,12.649999618530273,12.649999618530273,12.649999618530273,100,0.0,0.0,0.0
2023-06-16 10:30:00-04:00,12.239999771118164,12.430000305175781,12.199999809265137,12.199999809265137,1380,0.0,0.0,0.0
2023-06-16 11:30:00-04:00,12.430000305175781,12.430000305175781,12.429200172424316,12.429200172424316,135,0.0,0.0,0.0
2023-06-20 09:30:00-04:00,12.569999694824219,12.569999694824219,12.162699699401855,12.162699699401855,127,0.0,0.0,0.0
2023-06-21 12:30:00-04:00,12.45460033416748,12.45460033416748,12.364999771118164,12.364999771118164,339,0.0,0.0,0.0
2023-06-22 09:30:00-04:00,12.449999809265137,12.449999809265137,12.449999809265137,12.449999809265137,197,0.0,0.0,0.0
2023-06-22 10:30:00-04:00,12.619999885559082,12.619999885559082,12.619999885559082,12.619999885559082,124,0.0,0.0,0.0
2023-06-22 12:30:00-04:00,12.65999984741211,12.65999984741211,12.65999984741211,12.65999984741211,233,0.0,0.0,0.0
2023-06-22 13:30:00-04:00,12.65999984741211,12.65999984741211,12.65999984741211,12.65999984741211,267,0.0,0.0,0.0
2023-06-22 15:30:00-04:00,12.324999809265137,12.324999809265137,12.324999809265137,12.324999809265137,0,0.0,0.0,0.0
2023-06-23 09:30:00-04:00,11.9399995803833,12.206399917602539,11.859999656677246,12.206399917602539,2766,0.0,0.0,0.0
2023-06-26 09:30:00-04:00,12.390000343322754,12.390000343322754,11.920000076293945,11.920000076293945,1913,0.0,0.0,0.0
2023-06-26 13:30:00-04:00,12.260000228881836,12.260000228881836,12.232799530029297,12.232799530029297,960,0.0,0.0,0.0
2023-06-28 09:30:00-04:00,12.460000038146973,12.630000114440918,12.460000038146973,12.630000114440918,988,0.0,0.0,0.0
2023-06-28 12:30:00-04:00,12.109999656677246,12.109999656677246,12.109999656677246,12.109999656677246,187,0.0,0.0,0.0
2023-06-28 15:30:00-04:00,12.324999809265137,12.34000015258789,12.020000457763672,12.34000015258789,0,0.0,0.0,0.0
2023-06-30 09:30:00-04:00,12.470000267028809,12.470000267028809,12.369999885559082,12.369999885559082,421,0.0,0.0,0.0
2023-07-05 10:30:00-04:00,12.430000305175781,12.430000305175781,12.430000305175781,12.430000305175781,295,0.0,0.0,0.0
2023-07-05 14:30:00-04:00,12.199999809265137,12.430000305175781,12.199999809265137,12.430000305175781,3901,0.0,0.0,0.0
2023-07-06 09:30:00-04:00,12.569999694824219,12.569999694824219,12.569999694824219,12.569999694824219,0,0.0,0.0,0.0
2023-07-06 11:30:00-04:00,12.385000228881836,12.385000228881836,12.385000228881836,12.385000228881836,1610,0.0,0.0,0.0
2023-07-06 14:30:00-04:00,12.220000267028809,12.220000267028809,12.220000267028809,12.220000267028809,100,0.0,0.0,0.0
2023-07-06 15:30:00-04:00,12.121000289916992,12.385000228881836,12.121000289916992,12.385000228881836,0,0.0,0.0,0.0
2023-07-07 13:30:00-04:00,12.640000343322754,12.65999984741211,12.640000343322754,12.65999984741211,1215,0.0,0.0,0.0
2023-07-07 14:30:00-04:00,12.079999923706055,12.457099914550781,12.079999923706055,12.457099914550781,892,0.0,0.0,0.0
2023-07-07 15:30:00-04:00,12.270000457763672,12.279999732971191,12.270000457763672,12.279999732971191,208,0.0,0.0,0.0
2023-07-10 09:30:00-04:00,12.369999885559082,12.369999885559082,12.22089958190918,12.22089958190918,267,0.0,0.0,0.0
2023-07-10 11:30:00-04:00,12.524999618530273,12.524999618530273,12.265000343322754,12.265000343322754,7028,0.0,0.0,0.0
2023-07-11 09:30:00-04:00,12.449999809265137,12.449999809265137,12.449999809265137,12.449999809265137,0,0.0,0.0,0.0
2023-07-11 10:30:00-04:00,12.449999809265137,12.449999809265137,12.449999809265137,12.449999809265137,300,0.0,0.0,0.0
2023-07-11 11:30:00-04:00,12.524999618530273,12.65999984741211,12.524999618530273,12.631600379943848,1436,0.0,0.0,0.0
2023-07-11 12:30:00-04:00,12.609999656677246,12.609999656677246,12.609999656677246,12.609999656677246,103,0.0,0.0,0.0
2023-07-11 13:30:00-04:00,12.491999626159668,12.491999626159668,12.491999626159668,12.491999626159668,0,0.0,0.0,0.0
2023-07-12 09:30:00-04:00,12.670000076293945,12.680000305175781,12.670000076293945,12.680000305175781,326,0.0,0.0,0.0
2023-07-12 12:30:00-04:00,12.710000038146973,12.710000038146973,12.710000038146973,12.710000038146973,103,0.0,0.0,0.0
2023-07-12 13:30:00-04:00,12.704999923706055,12.704999923706055,12.704999923706055,12.704999923706055,520,0.0,0.0,0.0
2023-07-12 14:30:00-04:00,12.725000381469727,12.800000190734863,12.704999923706055,12.725000381469727,1406,0.0,0.0,0.0
2023-07-13 09:30:00-04:00,12.850000381469727,12.850000381469727,12.850000381469727,12.850000381469727,565,0.0,0.0,0.0
2023-07-13 10:30:00-04:00,13.0,13.0,13.0,13.0,666,0.0,0.0,0.0
2023-07-13 11:30:00-04:00,12.819199562072754,12.819199562072754,12.819199562072754,12.819199562072754,263,0.0,0.0,0.0
2023-07-13 15:30:00-04:00,12.729999542236328,12.742500305175781,12.729999542236328,12.742500305175781,0,0.0,0.0,0.0
2023-07-14 09:30:00-04:00,12.875499725341797,12.875499725341797,12.875499725341797,12.875499725341797,0,0.0,0.0,0.0
2023-07-14 14:30:00-04:00,12.699999809265137,12.711099624633789,12.65999984741211,12.711099624633789,1566,0.0,0.0,0.0
2023-07-19 09:30:00-04:00,12.989999771118164,13.010000228881836,12.970000267028809,13.010000228881836,5656,0.0,0.0,0.0
2023-07-19 10:30:00-04:00,12.979999542236328,13.010000228881836,12.979999542236328,13.010000228881836,389,0.0,0.0,0.0
2023-07-19 12:30:00-04:00,13.020000457763672,13.020000457763672,13.020000457763672,13.020000457763672,107,0.0,0.0,0.0
2023-07-19 13:30:00-04:00,13.010000228881836,13.010000228881836,13.010000228881836,13.010000228881836,106,0.0,0.0,0.0
2023-07-20 09:30:00-04:00,13.029999732971191,13.029999732971191,12.920000076293945,12.930000305175781,0,0.0,0.0,0.0
2023-07-20 10:30:00-04:00,12.930000305175781,12.930000305175781,12.930000305175781,12.930000305175781,1590,0.0,0.0,0.0
2023-07-20 11:30:00-04:00,12.967499732971191,12.967499732971191,12.967499732971191,12.967499732971191,101,0.0,0.0,0.0
2023-07-20 13:30:00-04:00,12.949999809265137,12.954999923706055,12.920000076293945,12.930000305175781,1672,0.0,0.0,0.0
2023-07-20 14:30:00-04:00,12.930000305175781,12.930000305175781,12.930000305175781,12.930000305175781,522,0.0,0.0,0.0
2023-07-21 09:30:00-04:00,12.975000381469727,12.975000381469727,12.975000381469727,12.975000381469727,169,0.0,0.0,0.0
2023-07-21 10:30:00-04:00,12.920000076293945,12.920000076293945,12.920000076293945,12.920000076293945,425,0.0,0.0,0.0
2023-07-21 11:30:00-04:00,12.9399995803833,12.9399995803833,12.9399995803833,12.9399995803833,192,0.0,0.0,0.0
2023-07-24 09:30:00-04:00,13.010000228881836,13.020000457763672,13.010000228881836,13.020000457763672,0,0.0,0.0,0.0
2023-07-25 09:30:00-04:00,13.02970027923584,13.02970027923584,13.02970027923584,13.02970027923584,0,0.0,0.0,0.0
2023-07-25 10:30:00-04:00,13.010000228881836,13.010000228881836,13.010000228881836,13.010000228881836,482,0.0,0.0,0.0
2023-07-26 09:30:00-04:00,12.789999961853027,13.010000228881836,12.789999961853027,12.944999694824219,1736,0.0,0.0,0.0
2023-07-26 10:30:00-04:00,12.861000061035156,12.903499603271484,12.861000061035156,12.903499603271484,1033,0.0,0.0,0.0
2023-07-26 13:30:00-04:00,12.989999771118164,12.989999771118164,12.859999656677246,12.859999656677246,1117,0.0,0.0,0.0
2023-07-26 15:30:00-04:00,12.899999618530273,12.899999618530273,12.899999618530273,12.899999618530273,302,0.0,0.0,0.0
2023-07-27 09:30:00-04:00,12.989999771118164,13.029999732971191,12.890000343322754,12.890000343322754,5140,0.0,0.0,0.0
2023-07-27 10:30:00-04:00,12.829999923706055,12.829999923706055,12.829999923706055,12.829999923706055,334,0.0,0.0,0.0
2023-07-27 11:30:00-04:00,12.790399551391602,12.790399551391602,12.569999694824219,12.600000381469727,1349,0.0,0.0,0.0
2023-07-28 09:30:00-04:00,12.800000190734863,12.800000190734863,12.800000190734863,12.800000190734863,0,0.0,0.0,0.0
2023-07-28 14:30:00-04:00,12.85099983215332,12.85099983215332,12.85099983215332,12.85099983215332,1000,0.0,0.0,0.0
2023-07-31 09:30:00-04:00,12.949999809265137,12.949999809265137,12.9399995803833,12.9399995803833,3925,0.0,0.0,0.0
2023-07-31 10:30:00-04:00,12.880000114440918,12.949999809265137,12.75,12.75,345,0.0,0.0,0.0
2023-07-31 12:30:00-04:00,12.770000457763672,12.770000457763672,12.770000457763672,12.770000457763672,195,0.0,0.0,0.0
2023-07-31 15:30:00-04:00,12.774999618530273,12.774999618530273,12.600000381469727,12.600000381469727,453,0.0,0.0,0.0
2023-08-01 09:30:00-04:00,12.949999809265137,12.949999809265137,12.744999885559082,12.744999885559082,530,0.0,0.0,0.0
2023-08-01 11:30:00-04:00,12.744999885559082,12.744999885559082,12.744999885559082,12.744999885559082,102,0.0,0.0,0.0
2023-08-01 12:30:00-04:00,12.744999885559082,12.744999885559082,12.744999885559082,12.744999885559082,251,0.0,0.0,0.0
2023-08-01 13:30:00-04:00,12.691699981689453,12.691699981689453,12.691699981689453,12.691699981689453,712,0.0,0.0,0.0
2023-08-01 15:30:00-04:00,12.805000305175781,12.805000305175781,12.805000305175781,12.805000305175781,0,0.0,0.0,0.0
2023-08-02 10:30:00-04:00,12.877099990844727,12.877099990844727,12.877099990844727,12.877099990844727,502,0.0,0.0,0.0
2023-08-02 14:30:00-04:00,12.946800231933594,12.946800231933594,12.8100004196167,12.8100004196167,0,0.0,0.0,0.0
2023-08-04 09:30:00-04:00,12.8100004196167,12.8100004196167,12.8100004196167,12.8100004196167,209,0.0,0.0,0.0
2023-08-04 11:30:00-04:00,12.8100004196167,12.8100004196167,12.760000228881836,12.789999961853027,2296,0.0,0.0,0.0
2023-08-08 14:30:00-04:00,12.944999694824219,12.944999694824219,12.944999694824219,12.944999694824219,2,0.0,0.0,0.0
2023-08-09 09:30:00-04:00,12.699999809265137,12.699999809265137,12.680000305175781,12.680000305175781,3500,0.0,0.0,0.0
2023-08-09 11:30:00-04:00,12.611900329589844,12.611900329589844,12.611900329589844,12.611900329589844,727,0.0,0.0,0.0
2023-08-09 14:30:00-04:00,12.59000015258789,12.59000015258789,12.59000015258789,12.59000015258789,132,0.0,0.0,0.0
2023-08-09 15:30:00-04:00,12.579999923706055,12.579999923706055,12.569999694824219,12.569999694824219,745,0.0,0.0,0.0
2023-08-10 09:30:00-04:00,12.75,12.75,12.75,12.75,0,0.0,0.0,0.0
2023-08-10 12:30:00-04:00,12.8149995803833,12.8149995803833,12.8149995803833,12.8149995803833,88,0.0,0.0,0.0
2023-08-11 10:30:00-04:00,12.619999885559082,12.619999885559082,12.619999885559082,12.619999885559082,1497,0.0,0.0,0.0
2023-08-11 12:30:00-04:00,12.630000114440918,12.800000190734863,12.630000114440918,12.800000190734863,2443,0.0,0.0,0.0
2023-08-14 10:30:00-04:00,12.78499984741211,12.78499984741211,12.78499984741211,12.78499984741211,205,0.0,0.0,0.0
2023-08-14 14:30:00-04:00,12.719200134277344,12.719200134277344,12.719200134277344,12.719200134277344,1746,0.0,0.0,0.0
2023-08-14 15:30:00-04:00,12.979999542236328,12.979999542236328,12.774999618530273,12.774999618530273,0,0.0,0.0,0.0
2023-08-15 14:30:00-04:00,12.729999542236328,12.729999542236328,12.729999542236328,12.729999542236328,0,0.0,0.0,0.0
2023-08-16 09:30:00-04:00,12.685799598693848,12.685799598693848,12.5600004196167,12.685799598693848,494,0.0,0.0,0.0
2023-08-17 09:30:00-04:00,12.472000122070312,12.472000122070312,12.472000122070312,12.472000122070312,39,0.0,0.0,0.0
2023-08-17 10:30:00-04:00,12.539999961853027,12.539999961853027,12.539999961853027,12.539999961853027,554,0.0,0.0,0.0
2023-08-17 12:30:00-04:00,12.42199993133545,12.42199993133545,12.42199993133545,12.42199993133545,377,0.0,0.0,0.0
2023-08-17 14:30:00-04:00,12.515000343322754,12.515000343322754,12.515000343322754,12.515000343322754,0,0.0,0.0,0.0
2023-08-18 09:30:00-04:00,12.460000038146973,12.460000038146973,12.460000038146973,12.460000038146973,229,0.0,0.0,0.0
2023-08-18 10:30:00-04:00,12.734999656677246,12.734999656677246,12.734999656677246,12.734999656677246,124,0.0,0.0,0.0
2023-08-18 11:30:00-04:00,12.694999694824219,12.694999694824219,12.350000381469727,12.350000381469727,5317,0.0,0.0,0.0
2023-08-18 12:30:00-04:00,12.6899995803833,12.6899995803833,12.6899995803833,12.6899995803833,101,0.0,0.0,0.0
2023-08-18 14:30:00-04:00,12.59000015258789,12.59000015258789,12.524999618530273,12.524999618530273,334,0.0,0.0,0.0
2023-08-21 11:30:00-04:00,12.435700416564941,12.435700416564941,12.160099983215332,12.160099983215332,633,0.0,0.0,0.0
2023-08-21 15:30:00-04:00,12.25,12.454999923706055,12.199999809265137,12.454999923706055,0,0.0,0.0,0.0
2023-08-22 09:30:00-04:00,12.529999732971191,12.529999732971191,12.220100402832031,12.220100402832031,1182,0.0,0.0,0.0
2023-08-22 10:30:00-04:00,12.220000267028809,12.260000228881836,12.220000267028809,12.220000267028809,0,0.0,0.0,0.0
2023-08-22 11:30:00-04:00,12.325400352478027,12.325400352478027,12.229999542236328,12.229999542236328,5484,0.0,0.0,0.0
2023-08-22 12:30:00-04:00,12.419400215148926,12.419400215148926,12.419400215148926,12.419400215148926,468,0.0,0.0,0.0
2023-08-23 09:30:00-04:00,12.524999618530273,12.524999618530273,12.524999618530273,12.524999618530273,321,0.0,0.0,0.0
2023-08-23 10:30:00-04:00,12.529999732971191,12.707799911499023,12.529999732971191,12.591500282287598,2731,0.0,0.0,0.0
2023-08-23 11:30:00-04:00,12.6899995803833,12.800299644470215,12.550000190734863,12.739999771118164,4057,0.0,0.0,0.0
2023-08-23 12:30:00-04:00,12.689800262451172,12.689800262451172,12.689800262451172,12.689800262451172,788,0.0,0.0,0.0
2023-08-23 15:30:00-04:00,12.45300006866455,12.45300006866455,12.45300006866455,12.45300006866455,0,0.0,0.0,0.0
2023-08-24 09:30:00-04:00,12.359999656677246,12.359999656677246,12.359999656677246,12.359999656677246,333,0.0,0.0,0.0
2023-08-24 10:30:00-04:00,12.869999885559082,12.869999885559082,12.610899925231934,12.610899925231934,1909,0.0,0.0,0.0
2023-08-24 11:30:00-04:00,12.595000267028809,12.850000381469727,12.595000267028809,12.692000389099121,3310,0.0,0.0,0.0
2023-08-24 12:30:00-04:00,12.554100036621094,12.554100036621094,12.554100036621094,12.554100036621094,0,0.0,0.0,0.0
2023-08-25 10:30:00-04:00,12.430000305175781,12.44950008392334,12.289999961853027,12.289999961853027,3938,0.0,0.0,0.0
2023-08-25 11:30:00-04:00,12.5649995803833,12.5649995803833,12.300000190734863,12.472999572753906,3349,0.0,0.0,0.0
2023-08-25 12:30:00-04:00,12.485899925231934,12.574999809265137,12.473099708557129,12.574999809265137,1660,0.0,0.0,0.0
2023-08-28 09:30:00-04:00,12.34000015258789,12.34000015258789,12.34000015258789,12.34000015258789,0,0.0,0.0,0.0
2023-08-28 10:30:00-04:00,12.670100212097168,12.670100212097168,12.670100212097168,12.670100212097168,0,0.0,0.0,0.0
2023-08-29 12:30:00-04:00,12.65999984741211,12.65999984741211,12.65999984741211,12.65999984741211,780,0.0,0.0,0.0
2023-08-29 15:30:00-04:00,12.750499725341797,12.750499725341797,12.750499725341797,12.750499725341797,0,0.0,0.0,0.0
2023-08-30 09:30:00-04:00,12.600000381469727,12.979999542236328,12.589799880981445,12.589799880981445,2720,0.0,0.0,0.0
2023-08-30 13:30:00-04:00,12.684399604797363,12.684399604797363,12.684399604797363,12.684399604797363,321,0.0,0.0,0.0
2023-08-30 14:30:00-04:00,12.653200149536133,12.653200149536133,12.653200149536133,12.653200149536133,112,0.0,0.0,0.0
2023-08-31 09:30:00-04:00,12.651399612426758,12.651399612426758,12.651399612426758,12.651399612426758,1617,0.0,0.0,0.0
2023-08-31 11:30:00-04:00,12.300000190734863,12.300000190734863,12.300000190734863,12.300000190734863,188,0.0,0.0,0.0
2023-08-31 13:30:00-04:00,12.550000190734863,12.562999725341797,12.5,12.562999725341797,0,0.0,0.0,0.0
2023-09-01 09:30:00-04:00,12.800000190734863,12.800000190734863,12.369999885559082,12.369999885559082,684,0.0,0.0,0.0
2023-09-01 10:30:00-04:00,12.319999694824219,12.319999694824219,12.3100004196167,12.3100004196167,449,0.0,0.0,0.0
2023-09-01 12:30:00-04:00,12.5,12.505200386047363,12.5,12.505200386047363,169,0.0,0.0,0.0
2023-09-05 09:30:00-04:00,12.300000190734863,12.300000190734863,12.300000190734863,12.300000190734863,0,0.0,0.0,0.0
2023-09-05 10:30:00-04:00,12.481599807739258,12.481599807739258,12.481599807739258,12.481599807739258,239,0.0,0.0,0.0
2023-09-05 11:30:00-04:00,12.5600004196167,12.5600004196167,12.5600004196167,12.5600004196167,499,0.0,0.0,0.0
2023-09-05 14:30:00-04:00,12.5600004196167,12.604000091552734,12.555000305175781,12.555000305175781,811,0.0,0.0,0.0
2023-09-05 15:30:00-04:00,12.550000190734863,12.684499740600586,12.550000190734863,12.684499740600586,202,0.0,0.0,0.0
2023-09-06 09:30:00-04:00,12.779999732971191,12.779999732971191,12.779999732971191,12.779999732971191,497,0.0,0.0,0.0
2023-09-06 10:30:00-04:00,12.729999542236328,12.729999542236328,12.729999542236328,12.729999542236328,205,0.0,0.0,0.0
2023-09-06 12:30:00-04:00,12.517800331115723,12.517800331115723,12.433199882507324,12.517800331115723,1250,0.0,0.0,0.0
2023-09-07 09:30:00-04:00,12.579999923706055,12.579999923706055,12.25,12.25,379,0.0,0.0,0.0
2023-09-07 14:30:00-04:00,12.75730037689209,12.779999732971191,12.664999961853027,12.779999732971191,3001,0.0,0.0,0.0
2023-09-07 15:30:00-04:00,12.661600112915039,12.661600112915039,12.65999984741211,12.65999984741211,0,0.0,0.0,0.0
2023-09-08 09:30:00-04:00,12.65999984741211,12.680000305175781,12.65999984741211,12.680000305175781,619,0.0,0.0,0.0
2023-09-11 11:30:00-04:00,12.803999900817871,12.803999900817871,12.803999900817871,12.803999900817871,399,0.0,0.0,0.0
2023-09-11 14:30:00-04:00,12.58080005645752,12.659500122070312,12.58080005645752,12.659500122070312,0,0.0,0.0,0.0
2023-09-12 09:30:00-04:00,12.460100173950195,12.460100173950195,12.460100173950195,12.460100173950195,639,0.0,0.0,0.0
2023-09-12 10:30:00-04:00,12.601400375366211,12.601400375366211,12.601400375366211,12.601400375366211,1278,0.0,0.0,0.0
2023-09-12 14:30:00-04:00,12.5,12.5,12.5,12.5,505,0.0,0.0,0.0
2023-09-12 15:30:00-04:00,12.493000030517578,12.687800407409668,12.493000030517578,12.687800407409668,0,0.0,0.0,0.0
2023-09-13 11:30:00-04:00,12.45009994506836,12.45009994506836,12.45009994506836,12.45009994506836,405,0.0,0.0,0.0
2023-09-13 15:30:00-04:00,12.430000305175781,12.430000305175781,12.430000305175781,12.430000305175781,0,0.0,0.0,0.0
2023-09-14 09:30:00-04:00,12.670999526977539,12.930000305175781,12.670999526977539,12.930000305175781,2656,0.0,0.0,0.0
2023-09-14 13:30:00-04:00,12.90999984741211,12.90999984741211,12.90999984741211,12.90999984741211,1361,0.0,0.0,0.0
2023-09-14 14:30:00-04:00,12.54010009765625,12.90999984741211,12.54010009765625,12.670000076293945,800,0.0,0.0,0.0
2023-09-15 09:30:00-04:00,12.789999961853027,12.789999961853027,12.789999961853027,12.789999961853027,0,0.0,0.0,0.0
2023-09-15 10:30:00-04:00,12.624199867248535,12.862700462341309,12.607099533081055,12.740099906921387,6521,0.0,0.0,0.0
2023-09-18 09:30:00-04:00,12.600000381469727,12.600000381469727,12.503499984741211,12.503499984741211,0,0.0,0.0,0.0
2023-09-18 13:30:00-04:00,12.470000267028809,12.470000267028809,12.470000267028809,12.470000267028809,153,0.0,0.0,0.0
2023-09-18 14:30:00-04:00,12.60669994354248,12.67020034790039,12.585000038146973,12.585000038146973,0,0.0,0.0,0.0
2023-09-20 11:30:00-04:00,12.699899673461914,12.699899673461914,12.489800453186035,12.489800453186035,434,0.0,0.0,0.0
2023-09-21 09:30:00-04:00,12.59000015258789,12.639900207519531,12.492300033569336,12.492300033569336,1515,0.0,0.0,0.0
2023-09-21 10:30:00-04:00,12.324999809265137,12.350000381469727,12.233099937438965,12.350000381469727,2461,0.0,0.0,0.0
2023-09-21 11:30:00-04:00,12.395000457763672,12.395000457763672,12.390000343322754,12.390000343322754,635,0.0,0.0,0.0
2023-09-21 12:30:00-04:00,12.380000114440918,12.380000114440918,12.380000114440918,12.380000114440918,6000,0.0,0.0,0.0
2023-09-21 14:30:00-04:00,12.4399995803833,12.4399995803833,12.350000381469727,12.350000381469727,0,0.0,0.0,0.0
2023-09-22 09:30:00-04:00,12.510000228881836,12.510000228881836,12.510000228881836,12.510000228881836,197,0.0,0.0,0.0
2023-09-22 10:30:00-04:00,12.380000114440918,12.380000114440918,12.380000114440918,12.380000114440918,131,0.0,0.0,0.0
2023-09-22 12:30:00-04:00,12.25,12.279999732971191,12.25,12.279999732971191,1058,0.0,0.0,0.0
2023-09-22 13:30:00-04:00,12.220000267028809,12.220000267028809,12.180100440979004,12.220000267028809,2327,0.0,0.0,0.0
2023-09-22 15:30:00-04:00,12.228899955749512,12.228899955749512,12.180000305175781,12.180000305175781,2100,0.0,0.0,0.0
2023-09-25 09:30:00-04:00,12.5,12.5,12.308500289916992,12.308500289916992,0,0.0,0.0,0.0
2023-09-26 09:30:00-04:00,12.479900360107422,12.479900360107422,12.1850004196167,12.1850004196167,341,0.0,0.0,0.0
2023-09-27 09:30:00-04:00,12.239999771118164,12.239999771118164,12.239999771118164,12.239999771118164,497,0.0,0.0,0.0
2023-09-27 10:30:00-04:00,12.1899995803833,12.1899995803833,12.1899995803833,12.1899995803833,1432,0.0,0.0,0.0
2023-09-27 13:30:00-04:00,12.175000190734863,12.175000190734863,12.175000190734863,12.175000190734863,186,0.0,0.0,0.0
2023-09-27 14:30:00-04:00,12.180000305175781,12.180000305175781,12.180000305175781,12.180000305175781,100,0.0,0.0,0.0
2023-09-27 15:30:00-04:00,12.390000343322754,12.399999618530273,12.1899995803833,12.1899995803833,0,0.0,0.0,0.0
2023-09-28 11:30:00-04:00,12.479999542236328,12.479999542236328,12.479999542236328,12.479999542236328,223,0.0,0.0,0.0
2023-09-28 12:30:00-04:00,12.385000228881836,12.385000228881836,12.375499725341797,12.375499725341797,0,0.0,0.0,0.0
2023-10-02 09:30:00-04:00,12.369999885559082,12.369999885559082,12.197099685668945,12.244999885559082,1400,0.0,0.0,0.0
2023-10-02 10:30:00-04:00,12.140000343322754,12.270299911499023,12.100000381469727,12.100000381469727,917,0.0,0.0,0.0
2023-10-02 13:30:00-04:00,11.979999542236328,11.979999542236328,11.979999542236328,11.979999542236328,101,0.0,0.0,0.0
2023-10-02 15:30:00-04:00,11.979999542236328,12.024999618530273,11.800000190734863,12.024800300598145,0,0.0,0.0,0.0
2023-10-03 09:30:00-04:00,12.130000114440918,12.130000114440918,12.130000114440918,12.130000114440918,437,0.0,0.0,0.0
2023-10-03 10:30:00-04:00,11.696999549865723,11.696999549865723,11.680000305175781,11.680000305175781,3262,0.0,0.0,0.0
2023-10-03 11:30:00-04:00,11.699299812316895,11.859999656677246,11.699299812316895,11.859999656677246,0,0.0,0.0,0.0
2023-10-04 09:30:00-04:00,12.039999961853027,12.039999961853027,12.039999961853027,12.039999961853027,201,0.0,0.0,0.0
2023-10-04 11:30:00-04:00,11.800000190734863,11.800000190734863,11.800000190734863,11.800000190734863,220,0.0,0.0,0.0
2023-10-04 15:30:00-04:00,11.800000190734863,11.824999809265137,11.800000190734863,11.824999809265137,0,0.0,0.0,0.0
2023-10-05 14:30:00-04:00,11.844300270080566,11.844300270080566,11.844300270080566,11.844300270080566,14,0.0,0.0,0.0
2023-10-06 09:30:00-04:00,11.630000114440918,11.630000114440918,11.630000114440918,11.630000114440918,112,0.0,0.0,0.0
2023-10-06 14:30:00-04:00,12.050000190734863,12.050000190734863,12.050000190734863,12.050000190734863,680,0.0,0.0,0.0
2023-10-06 15:30:00-04:00,11.720000267028809,11.720000267028809,11.720000267028809,11.720000267028809,170,0.0,0.0,0.0
2023-10-09 09:30:00-04:00,11.890000343322754,11.890000343322754,11.890000343322754,11.890000343322754,0,0.0,0.0,0.0
2023-10-09 15:30:00-04:00,11.979999542236328,11.979999542236328,11.979999542236328,11.979999542236328,1703,0.0,0.0,0.0
2023-10-10 10:30:00-04:00,12.050000190734863,12.050000190734863,11.819999694824219,11.869999885559082,1403,0.0,0.0,0.0
2023-10-10 11:30:00-04:00,11.869999885559082,12.0649995803833,11.869999885559082,12.020000457763672,1700,0.0,0.0,0.0
2023-10-10 12:30:00-04:00,11.869999885559082,12.069999694824219,11.869999885559082,12.069999694824219,1908,0.0,0.0,0.0
2023-10-10 13:30:00-04:00,11.930000305175781,12.069999694824219,11.930000305175781,12.020000457763672,1767,0.0,0.0,0.0
2023-10-10 14:30:00-04:00,12.020000457763672,12.079999923706055,11.869999885559082,12.0,1759,0.0,0.0,0.0
2023-10-10 15:30:00-04:00,12.0,12.09000015258789,11.949999809265137,12.069999694824219,4002,0.0,0.0,0.0
2023-10-11 09:30:00-04:00,12.109999656677246,12.109999656677246,12.109999656677246,12.109999656677246,327,0.0,0.0,0.0
2023-10-11 11:30:00-04:00,12.0649995803833,12.0649995803833,12.0649995803833,12.0649995803833,261,0.0,0.0,0.0
2023-10-11 14:30:00-04:00,12.300000190734863,12.300000190734863,12.068499565124512,12.300000190734863,496,0.0,0.0,0.0
2023-10-12 09:30:00-04:00,12.279999732971191,12.279999732971191,12.029500007629395,12.029500007629395,456,0.0,0.0,0.0
2023-10-12 12:30:00-04:00,12.0649995803833,12.0649995803833,12.0649995803833,12.0649995803833,137,0.0,0.0,0.0
2023-10-12 14:30:00-04:00,12.018699645996094,12.0600004196167,12.018699645996094,12.0600004196167,1926,0.0,0.0,0.0
2023-10-13 09:30:00-04:00,12.210000038146973,12.210000038146973,12.210000038146973,12.210000038146973,0,0.0,0.0,0.0
2023-10-13 11:30:00-04:00,12.050000190734863,12.050000190734863,11.850000381469727,11.850000381469727,433,0.0,0.0,0.0
2023-10-13 12:30:00-04:00,11.850000381469727,12.055000305175781,11.850000381469727,12.055000305175781,204,0.0,0.0,0.0
2023-10-13 13:30:00-04:00,12.055000305175781,12.055000305175781,11.810999870300293,11.850000381469727,301,0.0,0.0,0.0
2023-10-13 14:30:00-04:00,11.84000015258789,12.0600004196167,11.84000015258789,12.0600004196167,402,0.0,0.0,0.0
2023-10-13 15:30:00-04:00,12.0600004196167,12.0600004196167,11.835000038146973,12.029999732971191,778,0.0,0.0,0.0
2023-10-16 09:30:00-04:00,12.149999618530273,12.149999618530273,12.091500282287598,12.091500282287598,0,0.0,0.0,0.0
2023-10-16 13:30:00-04:00,12.0649995803833,12.0649995803833,12.0649995803833,12.0649995803833,1002,0.0,0.0,0.0
2023-10-17 09:30:00-04:00,12.180000305175781,12.180000305175781,12.109999656677246,12.109999656677246,0,0.0,0.0,0.0
2023-10-18 09:30:00-04:00,12.210000038146973,12.210000038146973,12.175000190734863,12.175000190734863,513,0.0,0.0,0.0
2023-10-19 09:30:00-04:00,12.170000076293945,12.170000076293945,12.170000076293945,12.170000076293945,115,0.0,0.0,0.0
2023-10-19 10:30:00-04:00,12.145000457763672,12.145000457763672,12.050000190734863,12.050000190734863,1716,0.0,0.0,0.0
2023-10-19 11:30:00-04:00,12.239999771118164,12.239999771118164,12.239999771118164,12.239999771118164,100,0.0,0.0,0.0
2023-10-19 12:30:00-04:00,12.070599555969238,12.070599555969238,12.070599555969238,12.070599555969238,0,0.0,0.0,0.0
2023-10-19 14:30:00-04:00,12.220000267028809,12.220000267028809,12.135000228881836,12.135000228881836,26,0.0,0.0,0.0
2023-10-20 09:30:00-04:00,12.050000190734863,12.050000190734863,12.050000190734863,12.050000190734863,1557,0.0,0.0,0.0
2023-10-20 10:30:00-04:00,12.076700210571289,12.079000473022461,12.076700210571289,12.079000473022461,1459,0.0,0.0,0.0
2023-10-20 12:30:00-04:00,12.050000190734863,12.050000190734863,11.75,11.75,9324,0.0,0.0,0.0
2023-10-20 15:30:00-04:00,11.920000076293945,11.920000076293945,11.920000076293945,11.920000076293945,431,0.0,0.0,0.0
2023-10-23 09:30:00-04:00,11.899999618530273,11.899999618530273,11.899999618530273,11.899999618530273,0,0.0,0.0,0.0
2023-10-23 11:30:00-04:00,11.71399974822998,11.825499534606934,11.71399974822998,11.825499534606934,0,0.0,0.0,0.0
2023-10-24 09:30:00-04:00,11.8149995803833,11.8149995803833,11.808500289916992,11.808500289916992,395,0.0,0.0,0.0
2023-10-25 09:30:00-04:00,11.970000267028809,11.970000267028809,11.970000267028809,11.970000267028809,136,0.0,0.0,0.0
2023-10-25 13:30:00-04:00,11.619999885559082,11.785099983215332,11.619999885559082,11.785099983215332,546,0.0,0.0,0.0
2023-10-26 09:30:00-04:00,11.970000267028809,11.970000267028809,11.970000267028809,11.970000267028809,0,0.0,0.0,0.0
2023-10-26 12:30:00-04:00,11.75,11.75,11.75,11.75,538,0.0,0.0,0.0
2023-10-26 14:30:00-04:00,11.920000076293945,11.949799537658691,11.755000114440918,11.755599975585938,2099,0.0,0.0,0.0
2023-10-27 09:30:00-04:00,11.989999771118164,11.989999771118164,11.989999771118164,11.989999771118164,0,0.0,0.0,0.0
2023-10-27 11:30:00-04:00,11.989899635314941,11.989899635314941,11.989899635314941,11.989899635314941,10844,0.0,0.0,0.0
2023-10-27 14:30:00-04:00,11.779999732971191,11.779999732971191,11.600000381469727,11.775099754333496,571,0.0,0.0,0.0
2023-10-30 10:30:00-04:00,11.864800453186035,11.864800453186035,11.864800453186035,11.864800453186035,793,0.0,0.0,0.0
2023-10-30 15:30:00-04:00,11.765000343322754,11.76509952545166,11.59000015258789,11.76509952545166,0,0.0,0.0,0.0
2023-10-31 09:30:00-04:00,11.720000267028809,11.720000267028809,11.720000267028809,11.720000267028809,11374,0.0,0.0,0.0
2023-10-31 10:30:00-04:00,11.929900169372559,11.929900169372559,11.899999618530273,11.899999618530273,994,0.0,0.0,0.0
2023-10-31 12:30:00-04:00,11.872400283813477,11.928000450134277,11.872400283813477,11.928000450134277,279,0.0,0.0,0.0
2023-10-31 13:30:00-04:00,11.587599754333496,11.587599754333496,11.587599754333496,11.587599754333496,213,0.0,0.0,0.0
2023-10-31 14:30:00-04:00,11.573599815368652,11.751199722290039,11.573599815368652,11.751199722290039,0,0.0,0.0,0.0
2023-11-01 09:30:00-04:00,12.050000190734863,12.050000190734863,11.854999542236328,11.970000267028809,726,0.0,0.0,0.0
2023-11-01 10:30:00-04:00,11.899999618530273,11.899999618530273,11.838199615478516,11.838199615478516,277,0.0,0.0,0.0
2023-11-02 09:30:00-04:00,12.109999656677246,12.208800315856934,12.109999656677246,12.208800315856934,980,0.0,0.0,0.0
2023-11-02 10:30:00-04:00,12.220000267028809,12.220000267028809,12.220000267028809,12.220000267028809,231,0.0,0.0,0.0
2023-11-02 13:30:00-04:00,11.876899719238281,11.876899719238281,11.876899719238281,11.876899719238281,275,0.0,0.0,0.0
2023-11-02 15:30:00-04:00,12.270000457763672,12.279999732971191,12.0649995803833,12.0649995803833,1373,0.0,0.0,0.0
2023-11-03 09:30:00-04:00,12.300000190734863,12.4399995803833,12.300000190734863,12.4399995803833,1134,0.0,0.0,0.0
2023-11-03 10:30:00-04:00,12.399999618530273,12.399999618530273,12.260000228881836,12.399999618530273,2571,0.0,0.0,0.0
2023-11-03 11:30:00-04:00,12.420000076293945,12.4399995803833,12.350000381469727,12.40999984741211,5209,0.0,0.0,0.0
2023-11-03 12:30:00-04:00,12.449999809265137,12.449999809265137,12.40999984741211,12.430000305175781,3004,0.0,0.0,0.0
2023-11-03 13:30:00-04:00,12.420000076293945,12.430000305175781,12.420000076293945,12.430000305175781,4600,0.0,0.0,0.0
2023-11-03 14:30:00-04:00,12.4399995803833,12.449999809265137,12.430000305175781,12.430000305175781,3627,0.0,0.0,0.0
2023-11-03 15:30:00-04:00,12.4399995803833,12.4399995803833,12.240799903869629,12.4399995803833,2116,0.0,0.0,0.0
2023-11-06 09:30:00-05:00,12.619999885559082,12.619999885559082,12.380000114440918,12.455900192260742,21929,0.0,0.0,0.0
2023-11-06 10:30:00-05:00,12.536299705505371,12.536299705505371,12.536299705505371,12.536299705505371,268,0.0,0.0,0.0
2023-11-06 13:30:00-05:00,12.550000190734863,12.579999923706055,12.550000190734863,12.5600004196167,801,0.0,0.0,0.0
2023-11-06 14:30:00-05:00,12.59000015258789,12.59000015258789,12.579999923706055,12.59000015258789,3507,0.0,0.0,0.0
2023-11-06 15:30:00-05:00,12.550000190734863,12.550000190734863,12.550000190734863,12.550000190734863,286,0.0,0.0,0.0
2023-11-07 09:30:00-05:00,12.657500267028809,12.657500267028809,12.657500267028809,12.657500267028809,468,0.0,0.0,0.0
2023-11-07 14:30:00-05:00,12.5600004196167,12.5600004196167,12.246500015258789,12.246500015258789,0,0.0,0.0,0.0
2023-11-08 11:30:00-05:00,12.0600004196167,12.0600004196167,12.0600004196167,12.0600004196167,724,0.0,0.0,0.0
2023-11-08 14:30:00-05:00,12.0826997756958,12.275500297546387,12.0826997756958,12.275500297546387,105,0.0,0.0,0.0
2023-11-09 09:30:00-05:00,12.25,12.25,12.25,12.25,0,0.0,0.0,0.0
2023-11-10 09:30:00-05:00,12.050000190734863,12.050000190734863,11.970000267028809,11.970100402832031,1737,0.0,0.0,0.0
2023-11-10 12:30:00-05:00,12.365400314331055,12.365400314331055,12.365400314331055,12.365400314331055,150,0.0,0.0,0.0
2023-11-10 15:30:00-05:00,12.15999984741211,12.180000305175781,12.079999923706055,12.079999923706055,802,0.0,0.0,0.0
2023-11-13 11:30:00-05:00,12.265000343322754,12.265000343322754,11.979999542236328,12.255000114440918,9,0.0,0.0,0.0
2023-11-14 10:30:00-05:00,12.33080005645752,12.33080005645752,12.295000076293945,12.295000076293945,215,0.0,0.0,0.0
2023-11-15 09:30:00-05:00,12.470000267028809,12.550000190734863,12.470000267028809,12.550000190734863,687,0.0,0.0,0.0
2023-11-15 12:30:00-05:00,12.40999984741211,12.40999984741211,12.40999984741211,12.40999984741211,401,0.0,0.0,0.0
2023-11-16 09:30:00-05:00,12.510000228881836,12.510000228881836,12.510000228881836,12.510000228881836,121,0.0,0.0,0.0
2023-11-16 11:30:00-05:00,12.510000228881836,12.510000228881836,12.5,12.5,310,0.0,0.0,0.0
2023-11-16 12:30:00-05:00,12.442999839782715,12.442999839782715,12.442999839782715,12.442999839782715,1088,0.0,0.0,0.0
2023-11-16 15:30:00-05:00,12.40999984741211,12.44849967956543,12.1899995803833,12.1899995803833,0,0.0,0.0,0.0
2023-11-17 10:30:00-05:00,12.619999885559082,12.630000114440918,12.619999885559082,12.630000114440918,1217,0.0,0.0,0.0
2023-11-17 15:30:00-05:00,12.270000457763672,12.270000457763672,12.270000457763672,12.270000457763672,432,0.0,0.0,0.0
2023-11-20 09:30:00-05:00,12.630000114440918,12.630000114440918,12.630000114440918,12.630000114440918,0,0.0,0.0,0.0
2023-11-20 10:30:00-05:00,12.480199813842773,12.480199813842773,12.480199813842773,12.480199813842773,250,0.0,0.0,0.0
2023-11-20 11:30:00-05:00,12.609999656677246,12.609999656677246,12.408599853515625,12.408599853515625,277,0.0,0.0,0.0
2023-11-20 13:30:00-05:00,12.609999656677246,12.609999656677246,12.609999656677246,12.609999656677246,202,0.0,0.0,0.0
2023-11-20 14:30:00-05:00,12.443400382995605,12.443400382995605,12.443400382995605,12.443400382995605,500,0.0,0.0,0.0
2023-11-20 15:30:00-05:00,12.40999984741211,12.40999984741211,12.40999984741211,12.40999984741211,0,0.0,0.0,0.0
2023-11-21 09:30:00-05:00,12.149999618530273,12.390000343322754,12.149999618530273,12.390000343322754,944,0.0,0.0,0.0
2023-11-22 09:30:00-05:00,12.619999885559082,12.619999885559082,12.380000114440918,12.380000114440918,478,0.0,0.0,0.0
2023-11-24 09:30:00-05:00,12.395000457763672,12.395000457763672,12.395000457763672,12.395000457763672,0,0.0,0.0,0.0
2023-11-27 13:30:00-05:00,12.609999656677246,12.619999885559082,12.5,12.5,704,0.0,0.0,0.0
2023-11-28 09:30:00-05:00,12.609999656677246,12.609999656677246,12.609999656677246,12.609999656677246,185,0.0,0.0,0.0
2023-11-28 10:30:00-05:00,12.178299903869629,12.178299903869629,12.178299903869629,12.178299903869629,558,0.0,0.0,0.0
2023-11-28 11:30:00-05:00,12.174400329589844,12.174400329589844,12.174400329589844,12.174400329589844,0,0.0,0.0,0.0
2023-11-28 14:30:00-05:00,12.586099624633789,12.586099624633789,12.390000343322754,12.390000343322754,1690,0.0,0.0,0.0
2023-11-29 09:30:00-05:00,12.609999656677246,12.649999618530273,12.600000381469727,12.649999618530273,14476,0.0,0.0,0.0
2023-11-29 11:30:00-05:00,12.319999694824219,12.319999694824219,12.319999694824219,12.319999694824219,1077,0.0,0.0,0.0
2023-11-29 13:30:00-05:00,12.5600004196167,12.5600004196167,12.44260025024414,12.5600004196167,0,0.0,0.0,0.0
2023-11-30 10:30:00-05:00,12.770000457763672,12.800000190734863,12.770000457763672,12.799699783325195,2057,0.0,0.0,0.0
2023-11-30 13:30:00-05:00,12.729700088500977,12.729700088500977,12.55739974975586,12.55739974975586,1196,0.0,0.0,0.0
2023-12-01 09:30:00-05:00,12.779999732971191,12.779999732971191,12.779999732971191,12.779999732971191,373,0.0,0.0,0.0
2023-12-01 11:30:00-05:00,12.800000190734863,12.854599952697754,12.779999732971191,12.854599952697754,1682,0.0,0.0,0.0
2023-12-04 10:30:00-05:00,12.691499710083008,12.691499710083008,12.691499710083008,12.691499710083008,0,0.0,0.0,0.0
2023-12-04 12:30:00-05:00,13.499899864196777,13.499899864196777,13.499899864196777,13.499899864196777,1045,0.0,0.0,0.0
2023-12-04 15:30:00-05:00,12.989999771118164,13.005999565124512,12.989999771118164,13.005999565124512,0,0.0,0.0,0.0
2023-12-05 09:30:00-05:00,13.199999809265137,13.199999809265137,12.59000015258789,13.100000381469727,20820,0.0,0.0,0.0
2023-12-05 10:30:00-05:00,13.010000228881836,13.125,12.930000305175781,12.930000305175781,2613,0.0,0.0,0.0
2023-12-05 15:30:00-05:00,13.020000457763672,13.170000076293945,13.020000457763672,13.170000076293945,150,0.0,0.0,0.0
2023-12-06 09:30:00-05:00,11.90999984741211,13.199999809265137,11.90999984741211,12.822600364685059,11643,0.0,0.0,0.0
2023-12-06 14:30:00-05:00,12.8100004196167,12.8100004196167,12.799699783325195,12.799699783325195,106,0.0,0.0,0.0
2023-12-07 09:30:00-05:00,12.890000343322754,12.890000343322754,12.890000343322754,12.890000343322754,0,0.0,0.0,0.0
2023-12-07 10:30:00-05:00,12.925000190734863,12.930000305175781,12.925000190734863,12.930000305175781,217,0.0,0.0,0.0
2023-12-07 12:30:00-05:00,12.520000457763672,12.925000190734863,12.520000457763672,12.925000190734863,399,0.0,0.0,0.0
2023-12-07 14:30:00-05:00,12.930000305175781,12.930000305175781,12.930000305175781,12.930000305175781,108,0.0,0.0,0.0
2023-12-08 09:30:00-05:00,12.90999984741211,12.90999984741211,12.90999984741211,12.90999984741211,305,0.0,0.0,0.0
2023-12-08 15:30:00-05:00,13.34000015258789,13.34000015258789,13.34000015258789,13.34000015258789,280,0.0,0.0,0.0
2023-12-11 10:30:00-05:00,12.879500389099121,12.879500389099121,12.879500389099121,12.879500389099121,163,0.0,0.0,0.0
2023-12-11 12:30:00-05:00,12.706999778747559,12.706999778747559,12.706999778747559,12.706999778747559,885,0.0,0.0,0.0
2023-12-11 13:30:00-05:00,12.949999809265137,12.949999809265137,12.732000350952148,12.9350004196167,0,0.0,0.0,0.0
2023-12-12 09:30:00-05:00,13.210000038146973,13.210000038146973,13.210000038146973,13.210000038146973,432,0.0,0.0,0.0
2023-12-12 15:30:00-05:00,12.71500015258789,12.774999618530273,12.71500015258789,12.774999618530273,0,0.0,0.0,0.0
2023-12-13 09:30:00-05:00,13.151100158691406,13.151100158691406,13.151100158691406,13.151100158691406,206,0.0,0.0,0.0
2023-12-13 13:30:00-05:00,12.821999549865723,12.90530014038086,12.821999549865723,12.90530014038086,786,0.0,0.0,0.0
2023-12-13 14:30:00-05:00,12.740099906921387,12.944999694824219,12.740099906921387,12.944999694824219,528,0.0,0.0,0.0
2023-12-14 09:30:00-05:00,13.0,13.0,12.789999961853027,12.920000076293945,3024,0.0,0.0,0.0
2023-12-14 10:30:00-05:00,13.0,13.0,12.920000076293945,13.0,2973,0.0,0.0,0.0
2023-12-14 14:30:00-05:00,12.89330005645752,12.950900077819824,12.89330005645752,12.950900077819824,3161,0.0,0.0,0.0
2023-12-14 15:30:00-05:00,12.860099792480469,13.029999732971191,12.860099792480469,13.029999732971191,110,0.0,0.0,0.0
2023-12-15 09:30:00-05:00,13.329999923706055,13.329999923706055,13.175299644470215,13.175299644470215,449,0.0,0.0,0.0
2023-12-18 11:30:00-05:00,13.451499938964844,13.451499938964844,13.451499938964844,13.451499938964844,0,0.0,0.0,0.0
2023-12-18 12:30:00-05:00,13.5,13.5,13.180100440979004,13.189299583435059,2260,0.0,0.0,0.0
2023-12-19 09:30:00-05:00,13.279999732971191,13.279999732971191,13.149999618530273,13.220000267028809,2153,0.0,0.0,0.0
2023-12-19 10:30:00-05:00,13.229999542236328,13.229999542236328,13.229999542236328,13.229999542236328,1055,0.0,0.0,0.0
2023-12-19 12:30:00-05:00,13.229999542236328,13.229999542236328,13.100000381469727,13.1899995803833,2872,0.0,0.0,0.0
2023-12-19 13:30:00-05:00,13.15999984741211,13.170000076293945,13.15999984741211,13.15999984741211,1525,0.0,0.0,0.0
2023-12-19 14:30:00-05:00,13.389699935913086,13.499899864196777,13.235099792480469,13.235099792480469,2000,0.0,0.0,0.0
2023-12-20 09:30:00-05:00,13.489999771118164,13.489999771118164,13.489999771118164,13.489999771118164,0,0.0,0.0,0.0
2023-12-20 10:30:00-05:00,13.479999542236328,13.479999542236328,13.449999809265137,13.460000038146973,583,0.0,0.0,0.0
2023-12-20 14:30:00-05:00,13.5,13.5,13.220000267028809,13.220000267028809,0,0.0,0.0,0.0
2023-12-21 10:30:00-05:00,13.039999961853027,13.039999961853027,13.039999961853027,13.039999961853027,101,0.0,0.0,0.0
2023-12-21 14:30:00-05:00,13.300000190734863,13.300000190734863,13.300000190734863,13.300000190734863,402,0.0,0.0,0.0
2023-12-21 15:30:00-05:00,13.273099899291992,13.273099899291992,13.273099899291992,13.273099899291992,0,0.0,0.0,0.0
2023-12-22 09:30:00-05:00,13.455699920654297,13.455699920654297,13.455699920654297,13.455699920654297,1109,0.0,0.0,0.0
2023-12-22 12:30:00-05:00,13.192500114440918,13.274999618530273,13.192500114440918,13.274999618530273,554,0.0,0.0,0.0
2023-12-26 09:30:00-05:00,13.329999923706055,13.387299537658691,13.329999923706055,13.387299537658691,733,0.0,0.0,0.0
2023-12-26 12:30:00-05:00,13.170000076293945,13.172800064086914,13.170000076293945,13.172800064086914,0,0.0,0.0,0.0
2023-12-27 11:30:00-05:00,13.050100326538086,13.050100326538086,13.050100326538086,13.050100326538086,485,0.0,0.0,0.0
2023-12-27 12:30:00-05:00,13.274999618530273,13.274999618530273,13.271400451660156,13.271400451660156,1320,0.0,0.0,0.0
2023-12-28 09:30:00-05:00,13.470000267028809,13.470000267028809,13.470000267028809,13.470000267028809,0,0.0,0.0,0.0
2023-12-28 10:30:00-05:00,13.145000457763672,13.145000457763672,13.145000457763672,13.145000457763672,355,0.0,0.0,0.0
2023-12-28 11:30:00-05:00,13.460000038146973,13.460000038146973,13.460000038146973,13.460000038146973,117,0.0,0.0,0.0
2023-12-28 12:30:00-05:00,13.0600004196167,13.279999732971191,13.0600004196167,13.270000457763672,1637,0.0,0.0,0.0
2023-12-28 14:30:00-05:00,13.279999732971191,13.279999732971191,13.118900299072266,13.279999732971191,0,0.0,0.0,0.0
2023-12-29 10:30:00-05:00,13.26710033416748,13.350000381469727,13.26710033416748,13.350000381469727,608,0.0,0.0,0.0
2024-01-02 09:30:00-05:00,13.399999618530273,13.5,13.399999618530273,13.5,1620,0.0,0.0,0.0
2024-01-02 13:30:00-05:00,13.5,13.5,13.328399658203125,13.328399658203125,3437,0.0,0.0,0.0
2024-01-02 14:30:00-05:00,13.350000381469727,13.489999771118164,13.350000381469727,13.489999771118164,872,0.0,0.0,0.0
2024-01-02 15:30:00-05:00,13.25100040435791,13.375,13.250100135803223,13.250100135803223,2070,0.0,0.0,0.0
2024-01-03 09:30:00-05:00,13.489999771118164,13.510000228881836,13.399999618530273,13.510000228881836,0,0.0,0.0,0.0
2024-01-03 10:30:00-05:00,13.390000343322754,13.390000343322754,13.380000114440918,13.380000114440918,42199,0.0,0.0,0.0
2024-01-03 12:30:00-05:00,13.380000114440918,13.454700469970703,13.380000114440918,13.454700469970703,352,0.0,0.0,0.0
2024-01-04 09:30:00-05:00,13.239999771118164,13.460000038146973,13.239999771118164,13.460000038146973,0,0.0,0.0,0.0
2024-01-04 12:30:00-05:00,13.430000305175781,13.479999542236328,13.430000305175781,13.479999542236328,2102,0.0,0.0,0.0
2024-01-04 13:30:00-05:00,13.430100440979004,13.468000411987305,13.430100440979004,13.468000411987305,177,0.0,0.0,0.0
2024-01-05 09:30:00-05:00,13.430000305175781,13.509900093078613,13.430000305175781,13.509900093078613,3089,0.0,0.0,0.0
2024-01-05 11:30:00-05:00,13.460000038146973,13.5,13.324999809265137,13.324999809265137,4459,0.0,0.0,0.0
2024-01-08 11:30:00-05:00,13.212200164794922,13.29800033569336,13.212200164794922,13.29800033569336,17,0.0,0.0,0.0
2024-01-09 10:30:00-05:00,13.260000228881836,13.260000228881836,13.260000228881836,13.260000228881836,108,0.0,0.0,0.0
2024-01-09 11:30:00-05:00,13.265000343322754,13.265000343322754,13.265000343322754,13.265000343322754,1006,0.0,0.0,0.0
2024-01-09 14:30:00-05:00,13.5,13.509900093078613,13.274999618530273,13.274999618530273,1107,0.0,0.0,0.0
2024-01-09 15:30:00-05:00,13.229999542236328,13.2322998046875,13.229999542236328,13.2322998046875,0,0.0,0.0,0.0
2024-01-10 12:30:00-05:00,13.229999542236328,13.229999542236328,13.229999542236328,13.229999542236328,126,0.0,0.0,0.0
2024-01-10 13:30:00-05:00,13.376099586486816,13.376099586486816,13.279999732971191,13.279999732971191,1482,0.0,0.0,0.0
2024-01-10 14:30:00-05:00,13.279999732971191,13.279999732971191,13.279999732971191,13.279999732971191,253,0.0,0.0,0.0
2024-01-10 15:30:00-05:00,13.039999961853027,13.079299926757812,13.039999961853027,13.079299926757812,0,0.0,0.0,0.0
2024-01-11 11:30:00-05:00,13.131500244140625,13.131500244140625,13.131500244140625,13.131500244140625,313,0.0,0.0,0.0
2024-01-11 12:30:00-05:00,12.988300323486328,12.988300323486328,12.988300323486328,12.988300323486328,1584,0.0,0.0,0.0
2024-01-11 15:30:00-05:00,13.106300354003906,13.14490032196045,13.106300354003906,13.14490032196045,0,0.0,0.0,0.0
2024-01-12 10:30:00-05:00,13.039999961853027,13.039999961853027,13.039999961853027,13.039999961853027,2255,0.0,0.0,0.0
2024-01-12 13:30:00-05:00,13.390000343322754,13.390000343322754,13.390000343322754,13.390000343322754,102,0.0,0.0,0.0
2024-01-12 14:30:00-05:00,13.355500221252441,13.355500221252441,13.355500221252441,13.355500221252441,2055,0.0,0.0,0.0
2024-01-12 15:30:00-05:00,13.321000099182129,13.321000099182129,13.069999694824219,13.08549976348877,1147,0.0,0.0,0.0
2024-01-16 09:30:00-05:00,13.074700355529785,13.074700355529785,13.074700355529785,13.074700355529785,354,0.0,0.0,0.0
2024-01-16 10:30:00-05:00,13.229999542236328,13.292200088500977,13.229999542236328,13.292200088500977,2021,0.0,0.0,0.0
2024-01-16 14:30:00-05:00,13.279999732971191,13.279999732971191,13.25,13.270000457763672,1816,0.0,0.0,0.0
2024-01-17 09:30:00-05:00,12.920000076293945,13.119999885559082,12.850000381469727,13.119999885559082,0,0.0,0.0,0.0
2024-01-17 10:30:00-05:00,12.897899627685547,12.897899627685547,12.897899627685547,12.897899627685547,1503,0.0,0.0,0.0
2024-01-18 09:30:00-05:00,12.970000267028809,12.970000267028809,12.810099601745605,12.810099601745605,3043,0.0,0.0,0.0
2024-01-18 13:30:00-05:00,12.779999732971191,12.779999732971191,12.779999732971191,12.779999732971191,150,0.0,0.0,0.0
2024-01-18 14:30:00-05:00,13.052800178527832,13.052800178527832,12.847800254821777,12.847800254821777,1128,0.0,0.0,0.0
2024-01-18 15:30:00-05:00,12.819999694824219,12.819999694824219,12.819999694824219,12.819999694824219,0,0.0,0.0,0.0
2024-01-19 13:30:00-05:00,12.875,12.875,12.875,12.875,300,0.0,0.0,0.0
2024-01-19 14:30:00-05:00,12.890000343322754,12.890000343322754,12.880000114440918,12.880000114440918,3201,0.0,0.0,0.0
2024-01-19 15:30:00-05:00,12.84000015258789,12.849100112915039,12.84000015258789,12.849100112915039,0,0.0,0.0,0.0
2024-01-22 09:30:00-05:00,13.050000190734863,13.050000190734863,13.050000190734863,13.050000190734863,201,0.0,0.0,0.0
2024-01-22 12:30:00-05:00,12.937999725341797,12.937999725341797,12.937999725341797,12.937999725341797,408,0.0,0.0,0.0
2024-01-22 13:30:00-05:00,12.98490047454834,12.98490047454834,12.98490047454834,12.98490047454834,531,0.0,0.0,0.0
2024-01-22 15:30:00-05:00,12.890000343322754,12.896400451660156,12.890000343322754,12.896400451660156,0,0.0,0.0,0.0
2024-01-23 09:30:00-05:00,13.09000015258789,13.09000015258789,13.09000015258789,13.09000015258789,195,0.0,0.0,0.0
2024-01-23 14:30:00-05:00,12.940999984741211,12.940999984741211,12.940999984741211,12.940999984741211,501,0.0,0.0,0.0
2024-01-23 15:30:00-05:00,13.089900016784668,13.189800262451172,13.089900016784668,13.189800262451172,0,0.0,0.0,0.0
2024-01-24 09:30:00-05:00,12.949999809265137,13.040599822998047,12.949999809265137,13.040599822998047,951,0.0,0.0,0.0
2024-01-24 10:30:00-05:00,13.010000228881836,13.010000228881836,13.010000228881836,13.010000228881836,501,0.0,0.0,0.0
2024-01-24 12:30:00-05:00,13.090299606323242,13.090299606323242,13.090299606323242,13.090299606323242,264,0.0,0.0,0.0
2024-01-24 13:30:00-05:00,13.074999809265137,13.074999809265137,13.074999809265137,13.074999809265137,312,0.0,0.0,0.0
2024-01-24 15:30:00-05:00,12.890000343322754,12.907500267028809,12.890000343322754,12.907500267028809,131,0.0,0.0,0.0
2024-01-25 09:30:00-05:00,13.039999961853027,13.039999961853027,13.039999961853027,13.039999961853027,1531,0.0,0.0,0.0
2024-01-25 14:30:00-05:00,13.024800300598145,13.024800300598145,13.024800300598145,13.024800300598145,0,0.0,0.0,0.0
2024-01-26 09:30:00-05:00,13.1899995803833,13.1899995803833,13.1899995803833,13.1899995803833,362,0.0,0.0,0.0
2024-01-26 11:30:00-05:00,13.135000228881836,13.135000228881836,13.135000228881836,13.135000228881836,431,0.0,0.0,0.0
2024-01-26 12:30:00-05:00,13.088000297546387,13.088000297546387,13.088000297546387,13.088000297546387,187,0.0,0.0,0.0
2024-01-26 13:30:00-05:00,13.069999694824219,13.069999694824219,13.069999694824219,13.069999694824219,101,0.0,0.0,0.0
2024-01-26 15:30:00-05:00,13.0600004196167,13.086000442504883,13.0600004196167,13.086000442504883,502,0.0,0.0,0.0
2024-01-29 10:30:00-05:00,13.147700309753418,13.147700309753418,13.147700309753418,13.147700309753418,482,0.0,0.0,0.0
2024-01-29 14:30:00-05:00,13.40999984741211,13.430000305175781,13.40999984741211,13.430000305175781,348,0.0,0.0,0.0
2024-01-29 15:30:00-05:00,13.0600004196167,13.076800346374512,13.0600004196167,13.076800346374512,0,0.0,0.0,0.0
2024-01-30 12:30:00-05:00,13.029999732971191,13.029999732971191,13.029999732971191,13.029999732971191,2540,0.0,0.0,0.0
2024-01-30 15:30:00-05:00,13.039999961853027,13.058899879455566,13.039999961853027,13.058899879455566,142,0.0,0.0,0.0
2024-01-31 09:30:00-05:00,13.024999618530273,13.024999618530273,13.024999618530273,13.024999618530273,103,0.0,0.0,0.0
2024-02-01 11:30:00-05:00,13.0,13.12600040435791,13.0,13.12600040435791,719,0.0,0.0,0.0
2024-02-01 13:30:00-05:00,13.09000015258789,13.09000015258789,13.03499984741211,13.03499984741211,102,0.0,0.0,0.0
2024-02-02 09:30:00-05:00,13.100000381469727,13.100000381469727,12.979999542236328,12.979999542236328,0,0.0,0.0,0.0
2024-02-05 09:30:00-05:00,12.854999542236328,13.03499984741211,12.854999542236328,13.03499984741211,4,0.0,0.0,0.0
2024-02-06 09:30:00-05:00,13.074999809265137,13.074999809265137,13.074999809265137,13.074999809265137,117,0.0,0.0,0.0
2024-02-06 10:30:00-05:00,12.914999961853027,12.914999961853027,12.914999961853027,12.914999961853027,451,0.0,0.0,0.0
2024-02-06 14:30:00-05:00,12.826800346374512,12.9399995803833,12.826800346374512,12.9399995803833,0,0.0,0.0,0.0
2024-02-07 09:30:00-05:00,12.800000190734863,13.094099998474121,12.800000190734863,13.094099998474121,4931,0.0,0.0,0.0
2024-02-07 14:30:00-05:00,12.88379955291748,12.899999618530273,12.88379955291748,12.899999618530273,0,0.0,0.0,0.0
2024-02-08 10:30:00-05:00,12.740099906921387,12.740099906921387,12.740099906921387,12.740099906921387,248,0.0,0.0,0.0
2024-02-08 11:30:00-05:00,12.870200157165527,12.870200157165527,12.83180046081543,12.83180046081543,0,0.0,0.0,0.0
2024-02-09 10:30:00-05:00,12.779999732971191,12.789999961853027,12.75,12.789999961853027,937,0.0,0.0,0.0
2024-02-09 12:30:00-05:00,12.84000015258789,13.09850025177002,12.800000190734863,13.09850025177002,301,0.0,0.0,0.0
2024-02-12 09:30:00-05:00,13.479999542236328,13.479999542236328,13.479999542236328,13.479999542236328,331,0.0,0.0,0.0
2024-02-12 10:30:00-05:00,13.303000450134277,13.303000450134277,13.303000450134277,13.303000450134277,918,0.0,0.0,0.0
2024-02-12 14:30:00-05:00,12.899999618530273,13.168100357055664,12.899999618530273,13.168100357055664,0,0.0,0.0,0.0
2024-02-13 10:30:00-05:00,13.045000076293945,13.09000015258789,13.045000076293945,13.09000015258789,0,0.0,0.0,0.0
2024-02-14 10:30:00-05:00,13.114999771118164,13.114999771118164,12.876899719238281,12.876899719238281,306,0.0,0.0,0.0
2024-02-14 11:30:00-05:00,12.865099906921387,12.865099906921387,12.865099906921387,12.865099906921387,724,0.0,0.0,0.0
2024-02-14 14:30:00-05:00,13.109999656677246,13.109999656677246,13.109999656677246,13.109999656677246,0,0.0,0.0,0.0
2024-02-15 09:30:00-05:00,12.869999885559082,12.869999885559082,12.869999885559082,12.869999885559082,338,0.0,0.0,0.0
2024-02-15 10:30:00-05:00,12.914899826049805,12.914899826049805,12.914899826049805,12.914899826049805,1005,0.0,0.0,0.0
2024-02-15 12:30:00-05:00,12.860099792480469,12.860099792480469,12.860099792480469,12.860099792480469,1349,0.0,0.0,0.0
2024-02-15 15:30:00-05:00,13.4399995803833,13.460000038146973,13.165900230407715,13.165900230407715,0,0.0,0.0,0.0
2024-02-16 09:30:00-05:00,13.095000267028809,13.100700378417969,13.095000267028809,13.100700378417969,529,0.0,0.0,0.0
2024-02-20 12:30:00-05:00,12.869999885559082,12.869999885559082,12.869999885559082,12.869999885559082,1684,0.0,0.0,0.0
2024-02-20 13:30:00-05:00,13.40999984741211,13.40999984741211,13.40999984741211,13.40999984741211,604,0.0,0.0,0.0
2024-02-20 15:30:00-05:00,12.88129997253418,12.928899765014648,12.88129997253418,12.928899765014648,0,0.0,0.0,0.0
2024-02-21 09:30:00-05:00,13.119999885559082,13.119999885559082,13.119999885559082,13.119999885559082,316,0.0,0.0,0.0
2024-02-21 11:30:00-05:00,12.960000038146973,12.960000038146973,12.904999732971191,12.904999732971191,707,0.0,0.0,0.0
2024-02-21 12:30:00-05:00,13.020000457763672,13.020000457763672,13.020000457763672,13.020000457763672,164,0.0,0.0,0.0
2024-02-21 13:30:00-05:00,12.856300354003906,12.856300354003906,12.856300354003906,12.856300354003906,967,0.0,0.0,0.0
2024-02-21 15:30:00-05:00,12.90999984741211,12.90999984741211,12.90999984741211,12.90999984741211,146,0.0,0.0,0.0
2024-02-22 09:30:00-05:00,13.020000457763672,13.020000457763672,13.020000457763672,13.020000457763672,299,0.0,0.0,0.0
2024-02-22 10:30:00-05:00,13.470000267028809,13.470000267028809,13.470000267028809,13.470000267028809,131,0.0,0.0,0.0
2024-02-22 12:30:00-05:00,13.239999771118164,13.239999771118164,13.239999771118164,13.239999771118164,153,0.0,0.0,0.0
2024-02-22 14:30:00-05:00,13.239999771118164,13.239999771118164,13.039999961853027,13.039999961853027,237,0.0,0.0,0.0
2024-02-23 09:30:00-05:00,12.930000305175781,12.930000305175781,12.930000305175781,12.930000305175781,3229,0.0,0.0,0.0
2024-02-23 10:30:00-05:00,13.0,13.0,13.0,13.0,183,0.0,0.0,0.0
2024-02-23 13:30:00-05:00,12.869999885559082,12.869999885559082,12.850000381469727,12.850000381469727,282,0.0,0.0,0.0
2024-02-23 14:30:00-05:00,12.84000015258789,12.920000076293945,12.8100004196167,12.836700439453125,4455,0.0,0.0,0.0
2024-02-26 09:30:00-05:00,13.210000038146973,13.210000038146973,13.0,13.0,1867,0.0,0.0,0.0
2024-02-26 10:30:00-05:00,13.00790023803711,13.00790023803711,13.00790023803711,13.00790023803711,1086,0.0,0.0,0.0
2024-02-26 11:30:00-05:00,13.0246000289917,13.0246000289917,13.0246000289917,13.0246000289917,3764,0.0,0.0,0.0
2024-02-26 12:30:00-05:00,13.039999961853027,13.039999961853027,13.0,13.0,1138,0.0,0.0,0.0
2024-02-26 15:30:00-05:00,12.899999618530273,13.049500465393066,12.899999618530273,13.049500465393066,0,0.0,0.0,0.0
2024-02-27 09:30:00-05:00,13.15999984741211,13.15999984741211,13.100000381469727,13.100000381469727,1333,0.0,0.0,0.0
2024-02-27 15:30:00-05:00,13.010000228881836,13.049500465393066,13.010000228881836,13.049500465393066,0,0.0,0.0,0.0
2024-02-28 09:30:00-05:00,13.159899711608887,13.159899711608887,13.159899711608887,13.159899711608887,134,0.0,0.0,0.0
2024-02-28 10:30:00-05:00,13.050000190734863,13.069999694824219,12.970000267028809,12.970000267028809,939,0.0,0.0,0.0
2024-02-28 11:30:00-05:00,13.037500381469727,13.037500381469727,13.037500381469727,13.037500381469727,1891,0.0,0.0,0.0
2024-02-28 15:30:00-05:00,13.0,13.034199714660645,13.0,13.034199714660645,0,0.0,0.0,0.0
2024-02-29 13:30:00-05:00,13.131199836730957,13.131199836730957,13.063599586486816,13.063599586486816,356,0.0,0.0,0.0
2024-03-01 09:30:00-05:00,13.079999923706055,13.13949966430664,12.981499671936035,13.13949966430664,2853,0.0,0.0,0.0
2024-03-01 11:30:00-05:00,13.020000457763672,13.020000457763672,13.020000457763672,13.020000457763672,246,0.0,0.0,0.0
2024-03-01 14:30:00-05:00,13.020000457763672,13.020000457763672,13.019800186157227,13.019800186157227,374,0.0,0.0,0.0
2024-03-04 12:30:00-05:00,13.105799674987793,13.105799674987793,13.105799674987793,13.105799674987793,777,0.0,0.0,0.0
2024-03-04 13:30:00-05:00,13.125100135803223,13.125100135803223,13.125100135803223,13.125100135803223,250,0.0,0.0,0.0
2024-03-04 14:30:00-05:00,13.010100364685059,13.130800247192383,13.010100364685059,13.130800247192383,0,0.0,0.0,0.0
2024-03-05 09:30:00-05:00,13.100000381469727,13.123700141906738,13.100000381469727,13.100000381469727,572,0.0,0.0,0.0
2024-03-05 12:30:00-05:00,13.115300178527832,13.115300178527832,13.115300178527832,13.115300178527832,223,0.0,0.0,0.0
2024-03-05 14:30:00-05:00,13.112099647521973,13.112099647521973,13.009300231933594,13.009300231933594,0,0.0,0.0,0.0
2024-03-06 09:30:00-05:00,13.214599609375,13.214599609375,13.000100135803223,13.000100135803223,2414,0.0,0.0,0.0
2024-03-06 13:30:00-05:00,13.001299858093262,13.06410026550293,13.001299858093262,13.06410026550293,0,0.0,0.0,0.0
2024-03-07 09:30:00-05:00,13.0,13.0,13.0,13.0,978,0.0,0.0,0.0
2024-03-07 14:30:00-05:00,13.09000015258789,13.09000015258789,13.09000015258789,13.09000015258789,191,0.0,0.0,0.0
2024-03-07 15:30:00-05:00,13.029999732971191,13.029999732971191,12.90999984741211,12.994099617004395,0,0.0,0.0,0.0
2024-03-08 09:30:00-05:00,13.0,13.100000381469727,13.0,13.069999694824219,1953,0.0,0.0,0.0
2024-03-08 13:30:00-05:00,13.199899673461914,13.199899673461914,13.099200248718262,13.099200248718262,702,0.0,0.0,0.0
2024-03-11 09:30:00-04:00,13.093000411987305,13.093000411987305,13.093000411987305,13.093000411987305,455,0.0,0.0,0.0
2024-03-11 10:30:00-04:00,13.09000015258789,13.09000015258789,13.05459976196289,13.05459976196289,0,0.0,0.0,0.0
2024-03-12 09:30:00-04:00,13.18120002746582,13.18120002746582,13.18120002746582,13.18120002746582,2251,0.0,0.0,0.0
2024-03-12 10:30:00-04:00,13.0649995803833,13.0649995803833,12.890000343322754,13.020000457763672,6026,0.0,0.0,0.0
2024-03-12 14:30:00-04:00,13.039999961853027,13.039999961853027,13.039999961853027,13.039999961853027,1002,0.0,0.0,0.0
2024-03-12 15:30:00-04:00,12.90999984741211,13.039999961853027,12.829999923706055,12.999699592590332,0,0.0,0.0,0.0
2024-03-13 09:30:00-04:00,13.10789966583252,13.10789966583252,13.100000381469727,13.100000381469727,659,0.0,0.0,0.0
2024-03-13 12:30:00-04:00,13.100000381469727,13.100000381469727,13.098999977111816,13.098999977111816,0,0.0,0.0,0.0
2024-03-14 15:30:00-04:00,13.080100059509277,13.139100074768066,13.080100059509277,13.139100074768066,10,0.0,0.0,0.0
2024-03-15 15:30:00-04:00,13.170000076293945,13.170000076293945,13.141799926757812,13.141799926757812,375,0.0,0.0,0.0
2024-03-19 09:30:00-04:00,13.119999885559082,13.119999885559082,13.119999885559082,13.119999885559082,186,0.0,0.0,0.0
2024-03-19 15:30:00-04:00,13.0600004196167,13.071900367736816,13.0600004196167,13.071900367736816,0,0.0,0.0,0.0
2024-03-20 11:30:00-04:00,13.0600004196167,13.0600004196167,13.050000190734863,13.050000190734863,2722,0.0,0.0,0.0
2024-03-20 15:30:00-04:00,12.970000267028809,13.149999618530273,12.960000038146973,13.074999809265137,1714,0.0,0.0,0.0
2024-03-21 09:30:00-04:00,13.199999809265137,13.199999809265137,13.100000381469727,13.149999618530273,2040,0.0,0.0,0.0
2024-03-21 10:30:00-04:00,13.100099563598633,13.100099563598633,13.100099563598633,13.100099563598633,102,0.0,0.0,0.0
2024-03-21 11:30:00-04:00,13.125,13.125,13.125,13.125,101,0.0,0.0,0.0
2024-03-21 12:30:00-04:00,13.125,13.125,13.125,13.125,1200,0.0,0.0,0.0
2024-03-21 13:30:00-04:00,13.125,13.125,13.125,13.125,169,0.0,0.0,0.0
2024-03-21 15:30:00-04:00,13.12660026550293,13.12660026550293,13.125,13.125,0,0.0,0.0,0.0
2024-03-22 12:30:00-04:00,13.119999885559082,13.160099983215332,13.119999885559082,13.160099983215332,792,0.0,0.0,0.0
2024-03-22 13:30:00-04:00,13.020000457763672,13.068300247192383,13.020000457763672,13.068300247192383,204,0.0,0.0,0.0
2024-03-22 15:30:00-04:00,13.039999961853027,13.039999961853027,12.930000305175781,12.930000305175781,474,0.0,0.0,0.0
2024-03-25 09:30:00-04:00,13.0,13.0,12.930100440979004,12.930100440979004,0,0.0,0.0,0.0
2024-03-25 10:30:00-04:00,12.984999656677246,12.984999656677246,12.829999923706055,12.829999923706055,18455,0.0,0.0,0.0
2024-03-25 11:30:00-04:00,12.899999618530273,12.899999618530273,12.864999771118164,12.899999618530273,6694,0.0,0.0,0.0
2024-03-25 15:30:00-04:00,12.850000381469727,12.850000381469727,12.84000015258789,12.84000015258789,899,0.0,0.0,0.0
2024-03-26 09:30:00-04:00,13.300000190734863,13.300000190734863,13.149999618530273,13.149999618530273,0,0.0,0.0,0.0
2024-03-26 10:30:00-04:00,13.179900169372559,13.179900169372559,13.179900169372559,13.179900169372559,126,0.0,0.0,0.0
2024-03-26 11:30:00-04:00,13.080100059509277,13.080100059509277,13.080100059509277,13.080100059509277,933,0.0,0.0,0.0
2024-03-26 15:30:00-04:00,13.170000076293945,13.1899995803833,13.170000076293945,13.1899995803833,0,0.0,0.0,0.0
2024-03-27 09:30:00-04:00,13.224900245666504,13.224900245666504,13.224900245666504,13.224900245666504,40,0.0,0.0,0.0
2024-03-28 13:30:00-04:00,13.235699653625488,13.235699653625488,13.235699653625488,13.235699653625488,332,0.0,0.0,0.0
2024-03-28 14:30:00-04:00,13.199999809265137,13.199999809265137,13.199999809265137,13.199999809265137,231,0.0,0.0,0.0
2024-03-28 15:30:00-04:00,13.109999656677246,13.199399948120117,13.109999656677246,13.199399948120117,257,0.0,0.0,0.0
2024-04-01 09:30:00-04:00,13.25,13.25,13.25,13.25,378,0.0,0.0,0.0
2024-04-01 13:30:00-04:00,13.205400466918945,13.205400466918945,13.205400466918945,13.205400466918945,1514,0.0,0.0,0.0
2024-04-01 15:30:00-04:00,13.1850004196167,13.1850004196167,13.1850004196167,13.1850004196167,0,0.0,0.0,0.0
2024-04-02 09:30:00-04:00,13.300000190734863,13.300000190734863,13.300000190734863,13.300000190734863,211,0.0,0.0,0.0
2024-04-02 10:30:00-04:00,13.1899995803833,13.210000038146973,13.1899995803833,13.210000038146973,655,0.0,0.0,0.0
2024-04-02 11:30:00-04:00,13.15999984741211,13.220000267028809,13.15999984741211,13.15999984741211,1748,0.0,0.0,0.0
2024-04-02 12:30:00-04:00,13.128999710083008,13.128999710083008,13.128999710083008,13.128999710083008,1915,0.0,0.0,0.0
2024-04-02 13:30:00-04:00,13.128999710083008,13.128999710083008,13.128999710083008,13.128999710083008,815,0.0,0.0,0.0
2024-04-02 14:30:00-04:00,13.112500190734863,13.112500190734863,13.112500190734863,13.112500190734863,100,0.0,0.0,0.0
2024-04-02 15:30:00-04:00,13.109999656677246,13.109999656677246,13.089400291442871,13.109399795532227,0,0.0,0.0,0.0
2024-04-04 11:30:00-04:00,13.100099563598633,13.100099563598633,13.100099563598633,13.100099563598633,177,0.0,0.0,0.0
2024-04-04 13:30:00-04:00,13.239899635314941,13.239899635314941,13.239899635314941,13.239899635314941,9953,0.0,0.0,0.0
2024-04-04 14:30:00-04:00,13.109999656677246,13.174099922180176,13.109999656677246,13.174099922180176,0,0.0,0.0,0.0
2024-04-05 09:30:00-04:00,13.170000076293945,13.20479965209961,13.170000076293945,13.20479965209961,327,0.0,0.0,0.0
2024-04-05 10:30:00-04:00,13.225000381469727,13.225000381469727,13.225000381469727,13.225000381469727,331,0.0,0.0,0.0
2024-04-05 12:30:00-04:00,13.225000381469727,13.225000381469727,13.15149974822998,13.15149974822998,1024,0.0,0.0,0.0
2024-04-05 13:30:00-04:00,13.180000305175781,13.180000305175781,13.15149974822998,13.15149974822998,494,0.0,0.0,0.0
2024-04-08 09:30:00-04:00,13.279999732971191,13.279999732971191,13.279999732971191,13.279999732971191,0,0.0,0.0,0.0
2024-04-08 11:30:00-04:00,13.1899995803833,13.1899995803833,13.1899995803833,13.1899995803833,521,0.0,0.0,0.0
2024-04-08 12:30:00-04:00,13.079999923706055,13.079999923706055,13.079999923706055,13.079999923706055,618,0.0,0.0,0.0
2024-04-08 15:30:00-04:00,13.100000381469727,13.109999656677246,13.100000381469727,13.109999656677246,0,0.0,0.0,0.0
2024-04-09 11:30:00-04:00,13.153400421142578,13.204400062561035,13.153400421142578,13.204400062561035,37,0.0,0.0,0.0
2024-04-10 12:30:00-04:00,13.255900382995605,13.300000190734863,13.255900382995605,13.300000190734863,793,0.0,0.0,0.0
2024-04-10 13:30:00-04:00,13.208399772644043,13.24940013885498,13.199999809265137,13.24940013885498,0,0.0,0.0,0.0
2024-04-11 09:30:00-04:00,13.170000076293945,13.170000076293945,13.010000228881836,13.036499977111816,2533,0.0,0.0,0.0
2024-04-11 10:30:00-04:00,13.0,13.0,12.899999618530273,12.899999618530273,1315,0.0,0.0,0.0
2024-04-11 11:30:00-04:00,13.050000190734863,13.050000190734863,13.050000190734863,13.050000190734863,282,0.0,0.0,0.0
2024-04-11 12:30:00-04:00,12.939900398254395,12.939900398254395,12.939900398254395,12.939900398254395,1237,0.0,0.0,0.0
2024-04-11 15:30:00-04:00,12.90999984741211,12.90999984741211,12.90999984741211,12.90999984741211,0,0.0,0.0,0.0
2024-04-12 15:30:00-04:00,12.899999618530273,12.899999618530273,12.899999618530273,12.899999618530273,485,0.0,0.0,0.0
2024-04-15 09:30:00-04:00,12.899999618530273,12.899999618530273,12.899999618530273,12.899999618530273,0,0.0,0.0,0.0
2024-04-15 11:30:00-04:00,12.9350004196167,12.9350004196167,12.9350004196167,12.9350004196167,466,0.0,0.0,0.0
2024-04-15 15:30:00-04:00,12.829999923706055,12.829999923706055,12.825499534606934,12.825499534606934,0,0.0,0.0,0.0
2024-04-16 09:30:00-04:00,12.760000228881836,12.760000228881836,12.760000228881836,12.760000228881836,749,0.0,0.0,0.0
2024-04-18 09:30:00-04:00,13.010000228881836,13.010000228881836,13.010000228881836,13.010000228881836,295,0.0,0.0,0.0
2024-04-18 10:30:00-04:00,13.029999732971191,13.029999732971191,13.029999732971191,13.029999732971191,242,0.0,0.0,0.0
2024-04-18 12:30:00-04:00,13.029999732971191,13.029999732971191,13.029999732971191,13.029999732971191,134,0.0,0.0,0.0
2024-04-18 14:30:00-04:00,13.020000457763672,13.020000457763672,12.94950008392334,12.94950008392334,0,0.0,0.0,0.0
2024-04-19 09:30:00-04:00,13.0649995803833,13.100000381469727,13.0,13.0,6944,0.0,0.0,0.0
2024-04-19 10:30:00-04:00,13.09000015258789,13.09000015258789,13.09000015258789,13.09000015258789,200,0.0,0.0,0.0
2024-04-19 12:30:00-04:00,12.994799613952637,13.024399757385254,12.994799613952637,13.024399757385254,135,0.0,0.0,0.0
2024-04-22 09:30:00-04:00,13.149999618530273,13.149999618530273,12.979999542236328,12.979999542236328,0,0.0,0.0,0.0
2024-04-22 10:30:00-04:00,12.938300132751465,12.938300132751465,12.938300132751465,12.938300132751465,1716,0.0,0.0,0.0
2024-04-22 12:30:00-04:00,13.026700019836426,13.026700019836426,12.959500312805176,12.959500312805176,0,0.0,0.0,0.0
2024-04-23 14:30:00-04:00,13.140000343322754,13.140000343322754,13.140000343322754,13.140000343322754,149,0.0,0.0,0.0
2024-04-23 15:30:00-04:00,13.074999809265137,13.074999809265137,13.074000358581543,13.074000358581543,0,0.0,0.0,0.0
2024-04-24 09:30:00-04:00,13.133199691772461,13.199999809265137,13.100000381469727,13.101699829101562,6378,0.0,0.0,0.0
2024-04-24 10:30:00-04:00,13.09000015258789,13.09000015258789,13.09000015258789,13.09000015258789,110,0.0,0.0,0.0
2024-04-24 14:30:00-04:00,13.0,13.0,12.969300270080566,12.969300270080566,0,0.0,0.0,0.0
2024-04-25 14:30:00-04:00,12.900099754333496,13.0246000289917,12.900099754333496,13.0246000289917,117,0.0,0.0,0.0
2024-04-26 09:30:00-04:00,12.949999809265137,12.949999809265137,12.949999809265137,12.949999809265137,346,0.0,0.0,0.0
2024-04-26 15:30:00-04:00,12.920000076293945,13.100000381469727,12.899999618530273,12.947400093078613,501,0.0,0.0,0.0
2024-04-29 09:30:00-04:00,12.899999618530273,12.899999618530273,12.899999618530273,12.899999618530273,893,0.0,0.0,0.0
2024-04-29 15:30:00-04:00,12.850000381469727,13.020000457763672,12.84000015258789,13.020000457763672,2601,0.0,0.0,0.0
2024-04-30 13:30:00-04:00,13.050000190734863,13.050000190734863,13.050000190734863,13.050000190734863,131,0.0,0.0,0.0
2024-04-30 14:30:00-04:00,13.0,13.0,12.899999618530273,12.969300270080566,0,0.0,0.0,0.0
2024-05-01 09:30:00-04:00,13.050100326538086,13.050100326538086,13.050100326538086,13.050100326538086,251,0.0,0.0,0.0
2024-05-01 11:30:00-04:00,13.0,13.0,13.0,13.0,417,0.0,0.0,0.0
2024-05-01 13:30:00-04:00,13.029999732971191,13.029999732971191,13.0,13.020099639892578,855,0.0,0.0,0.0
2024-05-01 15:30:00-04:00,12.949999809265137,12.949999809265137,12.899999618530273,12.905699729919434,0,0.0,0.0,0.0
2024-05-02 12:30:00-04:00,13.079999923706055,13.079999923706055,13.079999923706055,13.079999923706055,266,0.0,0.0,0.0
2024-05-02 13:30:00-04:00,12.90999984741211,13.049300193786621,12.90999984741211,13.049300193786621,755,0.0,0.0,0.0
2024-05-03 09:30:00-04:00,13.0,13.0,13.0,13.0,204,0.0,0.0,0.0
2024-05-03 11:30:00-04:00,13.010000228881836,13.300000190734863,13.000100135803223,13.300000190734863,849,0.0,0.0,0.0
2024-05-03 15:30:00-04:00,13.039999961853027,13.156000137329102,13.039999961853027,13.156000137329102,187,0.0,0.0,0.0
2024-05-06 10:30:00-04:00,13.11970043182373,13.11970043182373,13.11970043182373,13.11970043182373,0,0.0,0.0,0.0
2024-05-06 11:30:00-04:00,13.225099563598633,13.225099563598633,13.225099563598633,13.225099563598633,126,0.0,0.0,0.0
2024-05-06 14:30:00-04:00,13.175800323486328,13.19909954071045,13.175800323486328,13.19909954071045,0,0.0,0.0,0.0
2024-05-07 09:30:00-04:00,13.279999732971191,13.444999694824219,13.275199890136719,13.444999694824219,5168,0.0,0.0,0.0
2024-05-07 13:30:00-04:00,13.314599990844727,13.32919979095459,13.314599990844727,13.32919979095459,0,0.0,0.0,0.0
2024-05-08 10:30:00-04:00,13.375,13.5,13.25,13.5,1432,0.0,0.0,0.0
2024-05-08 12:30:00-04:00,13.471500396728516,13.471500396728516,13.364299774169922,13.364299774169922,183,0.0,0.0,0.0
2024-05-09 09:30:00-04:00,13.300000190734863,13.300000190734863,13.300000190734863,13.300000190734863,0,0.0,0.0,0.0
2024-05-09 11:30:00-04:00,13.210000038146973,13.210000038146973,13.210000038146973,13.210000038146973,928,0.0,0.0,0.0
2024-05-09 12:30:00-04:00,13.489999771118164,13.489999771118164,13.489999771118164,13.489999771118164,337,0.0,0.0,0.0
2024-05-09 15:30:00-04:00,13.220000267028809,13.350899696350098,13.210000038146973,13.350899696350098,500,0.0,0.0,0.0
2024-05-10 09:30:00-04:00,13.529999732971191,13.529999732971191,13.529999732971191,13.529999732971191,171,0.0,0.0,0.0
2024-05-10 12:30:00-04:00,13.382599830627441,13.382599830627441,13.382599830627441,13.382599830627441,108,0.0,0.0,0.0
2024-05-13 12:30:00-04:00,13.302399635314941,13.39579963684082,13.302399635314941,13.39579963684082,0,0.0,0.0,0.0
2024-05-14 09:30:00-04:00,13.446000099182129,13.446000099182129,13.446000099182129,13.446000099182129,51,0.0,0.0,0.0
2024-05-15 13:30:00-04:00,13.539899826049805,13.539899826049805,13.500200271606445,13.52079963684082,320,0.0,0.0,0.0
2024-05-16 09:30:00-04:00,13.5,13.5,13.5,13.5,277,0.0,0.0,0.0
2024-05-16 10:30:00-04:00,13.539899826049805,13.539899826049805,13.539899826049805,13.539899826049805,3568,0.0,0.0,0.0
2024-05-16 11:30:00-04:00,13.520000457763672,13.520000457763672,13.520000457763672,13.520000457763672,652,0.0,0.0,0.0
2024-05-16 13:30:00-04:00,13.517800331115723,13.520000457763672,13.517800331115723,13.520000457763672,0,0.0,0.0,0.0
2024-05-17 10:30:00-04:00,13.539999961853027,13.539999961853027,13.539999961853027,13.539999961853027,842,0.0,0.0,0.0
2024-05-17 12:30:00-04:00,13.523099899291992,13.523099899291992,13.523099899291992,13.523099899291992,113,0.0,0.0,0.0
2024-05-17 14:30:00-04:00,13.504500389099121,13.519000053405762,13.504500389099121,13.519000053405762,200,0.0,0.0,0.0
2024-05-20 09:30:00-04:00,13.539999961853027,13.539999961853027,13.539999961853027,13.539999961853027,542,0.0,0.0,0.0
2024-05-20 10:30:00-04:00,13.574999809265137,13.574999809265137,13.574999809265137,13.574999809265137,116,0.0,0.0,0.0
2024-05-20 12:30:00-04:00,13.574999809265137,13.574999809265137,13.574999809265137,13.574999809265137,209,0.0,0.0,0.0
2024-05-20 14:30:00-04:00,13.649999618530273,13.649999618530273,13.574799537658691,13.574799537658691,0,0.0,0.0,0.0
2024-05-21 12:30:00-04:00,13.561300277709961,13.574999809265137,13.561300277709961,13.574999809265137,850,0.0,0.0,0.0
2024-05-21 15:30:00-04:00,13.574999809265137,13.574999809265137,13.574999809265137,13.574999809265137,101,0.0,0.0,0.0
2024-05-22 09:30:00-04:00,13.649999618530273,13.649999618530273,13.520000457763672,13.520000457763672,1324,0.0,0.0,0.0
2024-05-22 13:30:00-04:00,13.579999923706055,13.579999923706055,13.5,13.5,1653,0.0,0.0,0.0
2024-05-22 15:30:00-04:00,13.44950008392334,13.44950008392334,13.44950008392334,13.44950008392334,0,0.0,0.0,0.0
2024-05-23 12:30:00-04:00,13.40999984741211,13.40999984741211,13.399999618530273,13.399999618530273,721,0.0,0.0,0.0
2024-05-23 15:30:00-04:00,13.319999694824219,13.395000457763672,13.130000114440918,13.344400405883789,0,0.0,0.0,0.0
2024-05-24 10:30:00-04:00,13.300000190734863,13.363699913024902,13.199999809265137,13.274999618530273,6280,0.0,0.0,0.0
2024-05-24 15:30:00-04:00,13.199999809265137,13.269700050354004,13.15999984741211,13.269700050354004,600,0.0,0.0,0.0
2024-05-28 10:30:00-04:00,13.175000190734863,13.175000190734863,13.175000190734863,13.175000190734863,1919,0.0,0.0,0.0
2024-05-28 12:30:00-04:00,13.255000114440918,13.255000114440918,13.255000114440918,13.255000114440918,280,0.0,0.0,0.0
2024-05-28 15:30:00-04:00,13.15999984741211,13.284700393676758,13.15999984741211,13.284700393676758,0,0.0,0.0,0.0
2024-05-30 12:30:00-04:00,13.255499839782715,13.255499839782715,13.255499839782715,13.255499839782715,281,0.0,0.0,0.0
2024-05-30 14:30:00-04:00,13.199999809265137,13.299699783325195,13.199999809265137,13.299699783325195,0,0.0,0.0,0.0
2024-05-31 09:30:00-04:00,13.300000190734863,13.300000190734863,13.300000190734863,13.300000190734863,116,0.0,0.0,0.0
2024-05-31 10:30:00-04:00,13.300000190734863,13.300000190734863,13.300000190734863,13.300000190734863,100,0.0,0.0,0.0
2024-05-31 11:30:00-04:00,13.300000190734863,13.300000190734863,13.279999732971191,13.279999732971191,756,0.0,0.0,0.0
2024-05-31 12:30:00-04:00,13.279999732971191,13.279999732971191,13.279999732971191,13.279999732971191,110,0.0,0.0,0.0
2024-05-31 13:30:00-04:00,13.180000305175781,13.180000305175781,13.180000305175781,13.180000305175781,157,0.0,0.0,0.0
2024-05-31 14:30:00-04:00,13.199899673461914,13.270000457763672,13.199899673461914,13.270000457763672,0,0.0,0.0,0.0
2024-06-03 09:30:00-04:00,13.270700454711914,13.270700454711914,13.270700454711914,13.270700454711914,585,0.0,0.0,0.0
2024-06-03 10:30:00-04:00,13.25,13.25,13.25,13.25,261,0.0,0.0,0.0
2024-06-03 12:30:00-04:00,13.375,13.375,13.375,13.375,139,0.0,0.0,0.0
2024-06-03 13:30:00-04:00,13.25,13.25,13.25,13.25,200,0.0,0.0,0.0
2024-06-03 14:30:00-04:00,13.25,13.25,13.25,13.25,224,0.0,0.0,0.0
2024-06-03 15:30:00-04:00,13.25,13.5,13.0600004196167,13.25,0,0.0,0.0,0.0
2024-06-04 12:30:00-04:00,13.250100135803223,13.250100135803223,13.149999618530273,13.244500160217285,2053,0.0,0.0,0.0
2024-06-04 13:30:00-04:00,13.489999771118164,13.489999771118164,13.489999771118164,13.489999771118164,619,0.0,0.0,0.0
2024-06-04 14:30:00-04:00,13.489999771118164,13.489999771118164,13.319999694824219,13.350500106811523,0,0.0,0.0,0.0
2024-06-06 11:30:00-04:00,13.470000267028809,13.470000267028809,13.470000267028809,13.470000267028809,537,0.0,0.0,0.0
2024-06-06 14:30:00-04:00,13.449999809265137,13.449999809265137,13.394499778747559,13.394499778747559,0,0.0,0.0,0.0
2024-06-07 09:30:00-04:00,13.350000381469727,13.350000381469727,13.350000381469727,13.350000381469727,589,0.0,0.0,0.0
2024-06-10 09:30:00-04:00,13.300000190734863,13.300000190734863,13.300000190734863,13.300000190734863,757,0.0,0.0,0.0
2024-06-10 12:30:00-04:00,13.3100004196167,13.3100004196167,13.3100004196167,13.3100004196167,303,0.0,0.0,0.0
2024-06-10 15:30:00-04:00,13.274999618530273,13.275099754333496,13.274999618530273,13.275099754333496,0,0.0,0.0,0.0
2024-06-11 09:30:00-04:00,13.25,13.25,13.25,13.25,515,0.0,0.0,0.0
2024-06-11 11:30:00-04:00,13.220600128173828,13.220600128173828,13.209799766540527,13.209799766540527,0,0.0,0.0,0.0
2024-06-12 09:30:00-04:00,13.247099876403809,13.247099876403809,13.229999542236328,13.229999542236328,518,0.0,0.0,0.0
2024-06-12 12:30:00-04:00,13.232999801635742,13.232999801635742,13.232999801635742,13.232999801635742,550,0.0,0.0,0.0
2024-06-12 14:30:00-04:00,13.260000228881836,13.299799919128418,13.229999542236328,13.27910041809082,0,0.0,0.0,0.0
2024-06-13 12:30:00-04:00,13.207300186157227,13.207300186157227,13.207300186157227,13.207300186157227,794,0.0,0.0,0.0
2024-06-13 14:30:00-04:00,13.199999809265137,13.199999809265137,13.1899995803833,13.1899995803833,0,0.0,0.0,0.0
2024-06-14 09:30:00-04:00,13.149999618530273,13.149999618530273,13.149999618530273,13.149999618530273,125,0.0,0.0,0.0
2024-06-14 12:30:00-04:00,13.199999809265137,13.229999542236328,13.199999809265137,13.229999542236328,547,0.0,0.0,0.0
2024-06-14 13:30:00-04:00,13.229999542236328,13.229999542236328,13.229999542236328,13.229999542236328,935,0.0,0.0,0.0
2024-06-14 14:30:00-04:00,13.161199569702148,13.198200225830078,13.074799537658691,13.074799537658691,1594,0.0,0.0,0.0
2024-06-17 09:30:00-04:00,12.930000305175781,12.930000305175781,12.850000381469727,12.850000381469727,0,0.0,0.0,0.0
2024-06-17 14:30:00-04:00,12.863699913024902,12.924799919128418,12.863699913024902,12.924799919128418,0,0.0,0.0,0.0
2024-06-18 10:30:00-04:00,13.050000190734863,13.050000190734863,13.050000190734863,13.050000190734863,326,0.0,0.0,0.0
2024-06-18 11:30:00-04:00,13.050000190734863,13.09000015258789,13.04990005493164,13.074999809265137,1770,0.0,0.0,0.0
2024-06-18 12:30:00-04:00,13.0,13.0,13.0,13.0,255,0.0,0.0,0.0
2024-06-18 13:30:00-04:00,13.006600379943848,13.063400268554688,13.006600379943848,13.063400268554688,2063,0.0,0.0,0.0
2024-06-18 14:30:00-04:00,13.0600004196167,13.0600004196167,13.0600004196167,13.0600004196167,954,0.0,0.0,0.0
2024-06-18 15:30:00-04:00,12.9399995803833,13.008899688720703,12.920700073242188,13.008899688720703,949,0.0,0.0,0.0
2024-06-20 11:30:00-04:00,13.001099586486816,13.001099586486816,13.001099586486816,13.001099586486816,384,0.0,0.0,0.0
2024-06-20 12:30:00-04:00,12.960000038146973,12.960000038146973,12.960000038146973,12.960000038146973,174,0.0,0.0,0.0
2024-06-20 13:30:00-04:00,13.010000228881836,13.010000228881836,12.979999542236328,12.979999542236328,1404,0.0,0.0,0.0
2024-06-20 14:30:00-04:00,12.949999809265137,12.949999809265137,12.949999809265137,12.949999809265137,342,0.0,0.0,0.0
2024-06-20 15:30:00-04:00,12.949999809265137,13.004799842834473,12.949999809265137,13.004799842834473,248,0.0,0.0,0.0
2024-06-21 09:30:00-04:00,13.140000343322754,13.140000343322754,13.140000343322754,13.140000343322754,0,0.0,0.0,0.0
2024-06-21 10:30:00-04:00,13.140000343322754,13.140000343322754,13.067500114440918,13.067500114440918,491,0.0,0.0,0.0
2024-06-21 11:30:00-04:00,13.074999809265137,13.074999809265137,13.074999809265137,13.074999809265137,201,0.0,0.0,0.0
2024-06-21 12:30:00-04:00,13.074999809265137,13.074999809265137,13.074999809265137,13.074999809265137,103,0.0,0.0,0.0
2024-06-21 13:30:00-04:00,13.102800369262695,13.102800369262695,13.0,13.073100090026855,478,0.0,0.0,0.0
2024-06-24 09:30:00-04:00,13.149999618530273,13.149999618530273,13.050000190734863,13.074999809265137,3448,0.0,0.0,0.0
2024-06-24 10:30:00-04:00,13.050000190734863,13.050000190734863,13.050000190734863,13.050000190734863,722,0.0,0.0,0.0
2024-06-24 14:30:00-04:00,13.100000381469727,13.100000381469727,13.043999671936035,13.043999671936035,364,0.0,0.0,0.0
2024-06-25 09:30:00-04:00,13.270000457763672,13.270000457763672,13.085000038146973,13.085000038146973,4645,0.0,0.0,0.0
2024-06-25 12:30:00-04:00,13.050000190734863,13.050000190734863,13.050000190734863,13.050000190734863,144,0.0,0.0,0.0
2024-06-25 14:30:00-04:00,13.04010009765625,13.04010009765625,13.04010009765625,13.04010009765625,200,0.0,0.0,0.0
2024-06-25 15:30:00-04:00,13.079400062561035,13.079400062561035,13.039999961853027,13.079400062561035,123,0.0,0.0,0.0
2024-06-26 09:30:00-04:00,13.069999694824219,13.130000114440918,13.050000190734863,13.130000114440918,711,0.0,0.0,0.0
2024-06-26 10:30:00-04:00,13.010000228881836,13.09000015258789,13.010000228881836,13.09000015258789,408,0.0,0.0,0.0
2024-06-26 15:30:00-04:00,12.989999771118164,13.019100189208984,12.989999771118164,13.019100189208984,100,0.0,0.0,0.0
2024-06-27 09:30:00-04:00,13.180000305175781,13.180000305175781,13.050000190734863,13.09000015258789,3788,0.0,0.0,0.0
2024-06-27 10:30:00-04:00,13.050000190734863,13.170000076293945,13.029999732971191,13.170000076293945,2656,0.0,0.0,0.0
2024-06-27 14:30:00-04:00,13.009200096130371,13.084699630737305,13.009200096130371,13.084699630737305,0,0.0,0.0,0.0
2024-06-28 09:30:00-04:00,13.140000343322754,13.140000343322754,13.140000343322754,13.140000343322754,228,0.0,0.0,0.0
2024-06-28 12:30:00-04:00,13.055000305175781,13.055000305175781,13.055000305175781,13.055000305175781,814,0.0,0.0,0.0
2024-06-28 13:30:00-04:00,13.050000190734863,13.050000190734863,13.050000190734863,13.050000190734863,557,0.0,0.0,0.0
2024-06-28 14:30:00-04:00,13.030900001525879,13.030900001525879,13.030900001525879,13.030900001525879,420,0.0,0.0,0.0
2024-07-01 13:30:00-04:00,13.010000228881836,13.074999809265137,13.010000228881836,13.074999809265137,1054,0.0,0.0,0.0
2024-07-01 14:30:00-04:00,13.0600004196167,13.0600004196167,13.0600004196167,13.0600004196167,2143,0.0,0.0,0.0
2024-07-01 15:30:00-04:00,13.010000228881836,13.010000228881836,13.010000228881836,13.010000228881836,0,0.0,0.0,0.0
2024-07-02 10:30:00-04:00,13.11989974975586,13.11989974975586,13.059200286865234,13.059200286865234,1026,0.0,0.0,0.0
2024-07-03 09:30:00-04:00,13.128000259399414,13.135100364685059,13.05370044708252,13.135100364685059,2278,0.0,0.0,0.0
2024-07-05 09:30:00-04:00,13.0600004196167,13.0600004196167,13.0600004196167,13.0600004196167,1452,0.0,0.0,0.0
2024-07-05 11:30:00-04:00,13.045499801635742,13.045499801635742,13.030200004577637,13.030200004577637,337,0.0,0.0,0.0
2024-07-08 09:30:00-04:00,13.020000457763672,13.071399688720703,13.020000457763672,13.071399688720703,0,0.0,0.0,0.0
2024-07-08 11:30:00-04:00,13.104999542236328,13.104999542236328,13.104999542236328,13.104999542236328,700,0.0,0.0,0.0
2024-07-08 14:30:00-04:00,13.109299659729004,13.109299659729004,13.104499816894531,13.104499816894531,0,0.0,0.0,0.0
2024-07-09 09:30:00-04:00,13.179699897766113,13.180000305175781,13.179699897766113,13.180000305175781,384,0.0,0.0,0.0
2024-07-09 11:30:00-04:00,13.146499633789062,13.146499633789062,13.146499633789062,13.146499633789062,403,0.0,0.0,0.0
2024-07-09 13:30:00-04:00,13.110099792480469,13.110099792480469,13.010000228881836,13.010000228881836,1078,0.0,0.0,0.0
2024-07-09 15:30:00-04:00,13.021300315856934,13.021300315856934,13.020000457763672,13.020000457763672,621,0.0,0.0,0.0
2024-07-10 09:30:00-04:00,13.100000381469727,13.100000381469727,13.100000381469727,13.100000381469727,0,0.0,0.0,0.0
2024-07-10 11:30:00-04:00,13.161999702453613,13.161999702453613,13.161999702453613,13.161999702453613,703,0.0,0.0,0.0
2024-07-10 12:30:00-04:00,13.100700378417969,13.100700378417969,13.100700378417969,13.100700378417969,0,0.0,0.0,0.0
2024-07-11 14:30:00-04:00,13.115099906921387,13.151300430297852,13.115099906921387,13.151300430297852,455,0.0,0.0,0.0
2024-07-12 09:30:00-04:00,13.229999542236328,13.25,13.229999542236328,13.25,924,0.0,0.0,0.0
2024-07-12 10:30:00-04:00,13.25,13.25,13.221400260925293,13.221400260925293,1274,0.0,0.0,0.0
2024-07-12 11:30:00-04:00,13.199999809265137,13.199999809265137,13.199999809265137,13.199999809265137,236,0.0,0.0,0.0
2024-07-12 14:30:00-04:00,13.133000373840332,13.133000373840332,13.133000373840332,13.133000373840332,152,0.0,0.0,0.0
2024-07-15 10:30:00-04:00,13.399999618530273,13.399999618530273,13.399999618530273,13.399999618530273,0,0.0,0.0,0.0
2024-07-15 12:30:00-04:00,13.399900436401367,13.399900436401367,13.399900436401367,13.399900436401367,0,0.0,0.0,0.0
2024-07-15 14:30:00-04:00,13.199999809265137,13.319999694824219,13.199999809265137,13.278599739074707,2321,0.0,0.0,0.0
2024-07-16 09:30:00-04:00,13.289999961853027,13.289999961853027,13.289999961853027,13.289999961853027,205,0.0,0.0,0.0
2024-07-16 10:30:00-04:00,13.100000381469727,13.100000381469727,13.100000381469727,13.100000381469727,1305,0.0,0.0,0.0
2024-07-16 11:30:00-04:00,13.149999618530273,13.149999618530273,13.149999618530273,13.149999618530273,0,0.0,0.0,0.0
2024-07-16 13:30:00-04:00,13.199999809265137,13.199999809265137,13.199999809265137,13.199999809265137,2048,0.0,0.0,0.0
2024-07-16 14:30:00-04:00,13.199999809265137,13.300700187683105,13.199999809265137,13.300700187683105,0,0.0,0.0,0.0
2024-07-18 09:30:00-04:00,13.274900436401367,13.274900436401367,13.274900436401367,13.274900436401367,313,0.0,0.0,0.0
2024-07-18 10:30:00-04:00,13.274999618530273,13.274999618530273,13.274999618530273,13.274999618530273,1531,0.0,0.0,0.0
2024-07-18 14:30:00-04:00,13.199999809265137,13.199999809265137,13.199999809265137,13.199999809265137,231,0.0,0.0,0.0
2024-07-19 09:30:00-04:00,13.399999618530273,13.399999618530273,13.308300018310547,13.308300018310547,1556,0.0,0.0,0.0
2024-07-19 11:30:00-04:00,13.318599700927734,13.318599700927734,13.318599700927734,13.318599700927734,100,0.0,0.0,0.0
2024-07-19 12:30:00-04:00,13.444999694824219,13.444999694824219,13.444999694824219,13.444999694824219,100,0.0,0.0,0.0
2024-07-19 13:30:00-04:00,13.449999809265137,13.449999809265137,13.379199981689453,13.379199981689453,203,0.0,0.0,0.0
2024-07-22 09:30:00-04:00,13.380000114440918,13.380000114440918,13.348799705505371,13.369999885559082,0,0.0,0.0,0.0
2024-07-22 11:30:00-04:00,13.336899757385254,13.336899757385254,13.336899757385254,13.336899757385254,1293,0.0,0.0,0.0
2024-07-22 14:30:00-04:00,13.326499938964844,13.34000015258789,13.326499938964844,13.34000015258789,0,0.0,0.0,0.0
2024-07-23 09:30:00-04:00,13.300000190734863,13.300000190734863,13.199999809265137,13.199999809265137,704,0.0,0.0,0.0
2024-07-23 11:30:00-04:00,13.215100288391113,13.222100257873535,13.215100288391113,13.222100257873535,1446,0.0,0.0,0.0
2024-07-23 12:30:00-04:00,13.34000015258789,13.34000015258789,13.34000015258789,13.34000015258789,1428,0.0,0.0,0.0
2024-07-23 15:30:00-04:00,13.210000038146973,13.210000038146973,13.20460033416748,13.20460033416748,481,0.0,0.0,0.0
2024-07-24 09:30:00-04:00,13.100000381469727,13.149999618530273,13.100000381469727,13.149999618530273,2303,0.0,0.0,0.0
2024-07-24 14:30:00-04:00,13.143699645996094,13.143699645996094,13.143699645996094,13.143699645996094,350,0.0,0.0,0.0
2024-07-24 15:30:00-04:00,13.149999618530273,13.149999618530273,13.079000473022461,13.079000473022461,0,0.0,0.0,0.0
2024-07-25 09:30:00-04:00,13.188899993896484,13.240900039672852,13.188899993896484,13.240900039672852,139,0.0,0.0,0.0
2024-07-29 09:30:00-04:00,13.180000305175781,13.25,13.180000305175781,13.25,6549,0.0,0.0,0.0
2024-07-29 10:30:00-04:00,13.13700008392334,13.13700008392334,13.13700008392334,13.13700008392334,279,0.0,0.0,0.0
2024-07-29 13:30:00-04:00,13.281299591064453,13.281299591064453,13.281299591064453,13.281299591064453,532,0.0,0.0,0.0
2024-07-29 15:30:00-04:00,13.24489974975586,13.24489974975586,13.24489974975586,13.24489974975586,0,0.0,0.0,0.0
2024-07-30 13:30:00-04:00,13.240099906921387,13.244999885559082,13.240099906921387,13.244999885559082,549,0.0,0.0,0.0
2024-07-30 14:30:00-04:00,13.318900108337402,13.318900108337402,13.279999732971191,13.318900108337402,0,0.0,0.0,0.0
2024-07-31 09:30:00-04:00,13.350000381469727,13.350000381469727,13.350000381469727,13.350000381469727,360,0.0,0.0,0.0
2024-07-31 10:30:00-04:00,13.261899948120117,13.4399995803833,13.261899948120117,13.4399995803833,501,0.0,0.0,0.0
2024-07-31 11:30:00-04:00,13.350000381469727,13.350000381469727,13.350000381469727,13.350000381469727,135,0.0,0.0,0.0
2024-07-31 13:30:00-04:00,13.4399995803833,13.4399995803833,13.4399995803833,13.4399995803833,256,0.0,0.0,0.0
2024-07-31 14:30:00-04:00,13.4399995803833,13.4399995803833,13.4399995803833,13.4399995803833,106,0.0,0.0,0.0
2024-08-01 12:30:00-04:00,13.324999809265137,13.324999809265137,13.20009994506836,13.300000190734863,880,0.0,0.0,0.0
2024-08-02 10:30:00-04:00,13.194999694824219,13.194999694824219,13.194999694824219,13.194999694824219,0,0.0,0.0,0.0
2024-08-02 11:30:00-04:00,13.001700401306152,13.19629955291748,13.001700401306152,13.19629955291748,115,0.0,0.0,0.0
2024-08-05 09:30:00-04:00,13.050000190734863,13.050000190734863,13.050000190734863,13.050000190734863,457,0.0,0.0,0.0
2024-08-05 10:30:00-04:00,13.047900199890137,13.079999923706055,13.047800064086914,13.047900199890137,700,0.0,0.0,0.0
2024-08-05 12:30:00-04:00,13.079999923706055,13.079999923706055,13.079999923706055,13.079999923706055,190,0.0,0.0,0.0
2024-08-05 13:30:00-04:00,13.00879955291748,13.069999694824219,12.989899635314941,12.989899635314941,0,0.0,0.0,0.0
2024-08-06 13:30:00-04:00,13.123900413513184,13.149700164794922,13.123900413513184,13.123900413513184,1823,0.0,0.0,0.0
2024-08-06 14:30:00-04:00,13.074999809265137,13.149999618530273,12.960000038146973,13.050000190734863,0,0.0,0.0,0.0
2024-08-06 15:30:00-04:00,13.089900016784668,13.100000381469727,13.089900016784668,13.089900016784668,13578,0.0,0.0,0.0
2024-08-07 09:30:00-04:00,13.199999809265137,13.199999809265137,13.187800407409668,13.187800407409668,0,0.0,0.0,0.0
2024-08-07 11:30:00-04:00,13.140000343322754,13.170000076293945,13.140000343322754,13.170000076293945,1003,0.0,0.0,0.0
2024-08-07 14:30:00-04:00,13.119999885559082,13.119999885559082,13.119999885559082,13.119999885559082,2234,0.0,0.0,0.0
2024-08-07 15:30:00-04:00,13.13949966430664,13.13949966430664,13.079999923706055,13.13949966430664,0,0.0,0.0,0.0
2024-08-08 09:30:00-04:00,13.119999885559082,13.119999885559082,13.119999885559082,13.119999885559082,0,0.0,0.0,0.0
2024-08-08 10:30:00-04:00,13.239999771118164,13.239999771118164,13.239999771118164,13.239999771118164,516,0.0,0.0,0.0
2024-08-08 15:30:00-04:00,13.100000381469727,13.124500274658203,13.100000381469727,13.124500274658203,0,0.0,0.0,0.0
2024-08-09 09:30:00-04:00,13.211700439453125,13.211700439453125,13.211700439453125,13.211700439453125,2386,0.0,0.0,0.0
2024-08-09 14:30:00-04:00,13.175000190734863,13.175000190734863,13.175000190734863,13.175000190734863,272,0.0,0.0,0.0
2024-08-12 09:30:00-04:00,13.289999961853027,13.289999961853027,13.289999961853027,13.289999961853027,0,0.0,0.0,0.0
2024-08-12 12:30:00-04:00,13.289999961853027,13.289999961853027,13.224599838256836,13.224599838256836,0,0.0,0.0,0.0
2024-08-13 09:30:00-04:00,13.300000190734863,13.300000190734863,13.300000190734863,13.300000190734863,179,0.0,0.0,0.0
2024-08-13 10:30:00-04:00,13.25,13.260000228881836,13.25,13.260000228881836,448,0.0,0.0,0.0
2024-08-13 14:30:00-04:00,13.25,13.25,13.25,13.25,0,0.0,0.0,0.0
2024-08-14 09:30:00-04:00,13.390000343322754,13.390000343322754,13.390000343322754,13.390000343322754,167,0.0,0.0,0.0
2024-08-14 11:30:00-04:00,13.390000343322754,13.390000343322754,13.390000343322754,13.390000343322754,303,0.0,0.0,0.0
2024-08-14 15:30:00-04:00,13.201000213623047,13.201000213623047,13.201000213623047,13.201000213623047,147,0.0,0.0,0.0
2024-08-15 09:30:00-04:00,13.300000190734863,13.300000190734863,13.225199699401855,13.225199699401855,0,0.0,0.0,0.0
2024-08-16 09:30:00-04:00,12.949999809265137,13.039999961853027,12.949999809265137,13.029999732971191,3711,0.0,0.0,0.0
2024-08-16 10:30:00-04:00,12.979999542236328,12.979999542236328,12.979999542236328,12.979999542236328,280,0.0,0.0,0.0
2024-08-16 11:30:00-04:00,13.039999961853027,13.039999961853027,13.039999961853027,13.039999961853027,138,0.0,0.0,0.0
2024-08-16 12:30:00-04:00,13.029999732971191,13.0600004196167,13.029999732971191,13.0600004196167,1108,0.0,0.0,0.0
2024-08-16 13:30:00-04:00,13.026200294494629,13.026200294494629,13.026200294494629,13.026200294494629,279,0.0,0.0,0.0
2024-08-16 15:30:00-04:00,12.989999771118164,13.050000190734863,12.829999923706055,12.962300300598145,3526,0.0,0.0,0.0
2024-08-19 10:30:00-04:00,13.149999618530273,13.149999618530273,13.140000343322754,13.149999618530273,837,0.0,0.0,0.0
2024-08-19 11:30:00-04:00,12.95009994506836,12.972700119018555,12.95009994506836,12.972700119018555,301,0.0,0.0,0.0
2024-08-19 12:30:00-04:00,13.15999984741211,13.170000076293945,13.15999984741211,13.170000076293945,317,0.0,0.0,0.0
2024-08-19 13:30:00-04:00,13.15999984741211,13.170000076293945,13.149999618530273,13.170000076293945,1141,0.0,0.0,0.0
2024-08-19 14:30:00-04:00,13.170000076293945,13.170000076293945,13.15999984741211,13.170000076293945,1889,0.0,0.0,0.0
2024-08-19 15:30:00-04:00,13.220000267028809,13.220000267028809,13.100099563598633,13.100099563598633,1350,0.0,0.0,0.0
2024-08-20 09:30:00-04:00,13.25,13.25,13.25,13.25,0,0.0,0.0,0.0
2024-08-20 10:30:00-04:00,13.300000190734863,13.300000190734863,13.25,13.25,1058,0.0,0.0,0.0
2024-08-20 11:30:00-04:00,13.199999809265137,13.300000190734863,13.199999809265137,13.300000190734863,401,0.0,0.0,0.0
2024-08-20 12:30:00-04:00,13.300000190734863,13.300000190734863,13.300000190734863,13.300000190734863,180,0.0,0.0,0.0
2024-08-20 13:30:00-04:00,13.300000190734863,13.300000190734863,13.300000190734863,13.300000190734863,372,0.0,0.0,0.0
2024-08-20 15:30:00-04:00,13.359999656677246,13.359999656677246,13.350000381469727,13.350000381469727,650,0.0,0.0,0.0
2024-08-21 09:30:00-04:00,13.399999618530273,13.399999618530273,13.345000267028809,13.345000267028809,2150,0.0,0.0,0.0
2024-08-21 10:30:00-04:00,13.324899673461914,13.324899673461914,13.324899673461914,13.324899673461914,492,0.0,0.0,0.0
2024-08-21 14:30:00-04:00,13.324999809265137,13.368900299072266,13.324999809265137,13.368900299072266,2000,0.0,0.0,0.0
2024-08-21 15:30:00-04:00,13.3100004196167,13.3100004196167,13.300000190734863,13.305000305175781,750,0.0,0.0,0.0
2024-08-22 09:30:00-04:00,13.319999694824219,13.350000381469727,13.200200080871582,13.271200180053711,0,0.0,0.0,0.0
2024-08-23 15:30:00-04:00,13.229999542236328,13.229999542236328,13.229999542236328,13.229999542236328,21592,0.0,0.0,0.0
2024-08-26 10:30:00-04:00,13.350000381469727,13.350000381469727,13.350000381469727,13.350000381469727,0,0.0,0.0,0.0
2024-08-27 09:30:00-04:00,13.449999809265137,13.449999809265137,13.31470012664795,13.391799926757812,4456,0.0,0.0,0.0
2024-08-27 10:30:00-04:00,13.375,13.375,13.375,13.375,382,0.0,0.0,0.0
2024-08-27 12:30:00-04:00,13.449899673461914,13.449899673461914,13.449899673461914,13.449899673461914,247,0.0,0.0,0.0
2024-08-27 15:30:00-04:00,13.319999694824219,13.319999694824219,13.319999694824219,13.319999694824219,531,0.0,0.0,0.0
2024-08-28 09:30:00-04:00,13.5,13.5,13.5,13.5,500,0.0,0.0,0.0
2024-08-28 10:30:00-04:00,13.375,13.375,13.375,13.375,103,0.0,0.0,0.0
2024-08-28 12:30:00-04:00,13.375,13.375,13.375,13.375,160,0.0,0.0,0.0
2024-08-28 13:30:00-04:00,13.375,13.375,13.374300003051758,13.374300003051758,0,0.0,0.0,0.0
2024-08-29 11:30:00-04:00,13.412500381469727,13.412500381469727,13.354299545288086,13.375,1911,0.0,0.0,0.0
2024-08-29 12:30:00-04:00,13.300000190734863,13.375,13.300000190734863,13.375,1506,0.0,0.0,0.0
2024-08-29 13:30:00-04:00,13.375,13.375,13.375,13.375,620,0.0,0.0,0.0
2024-08-29 15:30:00-04:00,13.380000114440918,13.390000343322754,13.380000114440918,13.390000343322754,607,0.0,0.0,0.0
2024-08-30 09:30:00-04:00,13.425000190734863,13.425000190734863,13.425000190734863,13.425000190734863,0,0.0,0.0,0.0
2024-08-30 11:30:00-04:00,13.498900413513184,13.498900413513184,13.498900413513184,13.498900413513184,139,0.0,0.0,0.0
2024-08-30 13:30:00-04:00,13.350000381469727,13.419599533081055,13.350000381469727,13.419599533081055,189,0.0,0.0,0.0
2024-09-03 09:30:00-04:00,13.34000015258789,13.380000114440918,13.34000015258789,13.380000114440918,1366,0.0,0.0,0.0
2024-09-03 14:30:00-04:00,13.45989990234375,13.45989990234375,13.45989990234375,13.45989990234375,739,0.0,0.0,0.0
2024-09-03 15:30:00-04:00,13.380000114440918,13.380000114440918,13.109999656677246,13.109999656677246,0,0.0,0.0,0.0
2024-09-04 09:30:00-04:00,13.249199867248535,13.249199867248535,13.249199867248535,13.249199867248535,297,0.0,0.0,0.0
2024-09-04 15:30:00-04:00,13.229999542236328,13.239999771118164,13.229999542236328,13.239999771118164,400,0.0,0.0,0.0
2024-09-06 09:30:00-04:00,13.274999618530273,13.274999618530273,13.274999618530273,13.274999618530273,572,0.0,0.0,0.0
2024-09-06 10:30:00-04:00,13.309399604797363,13.350000381469727,13.301400184631348,13.350000381469727,2569,0.0,0.0,0.0
2024-09-06 11:30:00-04:00,13.289999961853027,13.289999961853027,13.289999961853027,13.289999961853027,183,0.0,0.0,0.0
2024-09-06 15:30:00-04:00,13.220000267028809,13.220000267028809,13.220000267028809,13.220000267028809,220,0.0,0.0,0.0
2024-09-09 10:30:00-04:00,13.254799842834473,13.254799842834473,13.254799842834473,13.254799842834473,0,0.0,0.0,0.0
2024-09-09 13:30:00-04:00,13.350000381469727,13.350000381469727,13.348899841308594,13.348899841308594,200,0.0,0.0,0.0
2024-09-09 14:30:00-04:00,13.345000267028809,13.345000267028809,13.220000267028809,13.279999732971191,0,0.0,0.0,0.0
2024-09-10 09:30:00-04:00,13.300000190734863,13.300000190734863,13.300000190734863,13.300000190734863,0,0.0,0.0,0.0
2024-09-10 10:30:00-04:00,13.390000343322754,13.390000343322754,13.390000343322754,13.390000343322754,893,0.0,0.0,0.0
2024-09-10 14:30:00-04:00,13.270000457763672,13.344200134277344,13.260000228881836,13.344200134277344,0,0.0,0.0,0.0
2024-09-11 12:30:00-04:00,13.440500259399414,13.440500259399414,13.440500259399414,13.440500259399414,762,0.0,0.0,0.0
2024-09-11 14:30:00-04:00,13.25,13.25,13.25,13.25,0,0.0,0.0,0.0
2024-09-11 15:30:00-04:00,13.319899559020996,13.376399993896484,13.319899559020996,13.319899559020996,2881,0.0,0.0,0.0
2024-09-12 09:30:00-04:00,13.270000457763672,13.399999618530273,13.270000457763672,13.399999618530273,0,0.0,0.0,0.0
2024-09-12 12:30:00-04:00,13.399999618530273,13.399999618530273,13.29990005493164,13.29990005493164,221,0.0,0.0,0.0
2024-09-13 12:30:00-04:00,13.380000114440918,13.380000114440918,13.380000114440918,13.380000114440918,1844,0.0,0.0,0.0
2024-09-13 13:30:00-04:00,13.399999618530273,13.399999618530273,13.399999618530273,13.399999618530273,353,0.0,0.0,0.0
2024-09-13 14:30:00-04:00,13.380000114440918,13.380000114440918,13.380000114440918,13.380000114440918,458,0.0,0.0,0.0
2024-09-13 15:30:00-04:00,13.434200286865234,13.434200286865234,13.385000228881836,13.434200286865234,600,0.0,0.0,0.0
2024-09-16 09:30:00-04:00,13.399999618530273,13.5,13.399999618530273,13.5,378,0.0,0.0,0.0
2024-09-16 10:30:00-04:00,13.5,13.5,13.5,13.5,0,0.0,0.0,0.0
2024-09-16 12:30:00-04:00,13.300000190734863,13.300000190734863,13.300000190734863,13.300000190734863,695,0.0,0.0,0.0
2024-09-16 14:30:00-04:00,13.260000228881836,13.5,13.25,13.454999923706055,12497,0.0,0.0,0.0
2024-09-16 15:30:00-04:00,13.5,13.5,13.369999885559082,13.440899848937988,0,0.0,0.0,0.0
2024-09-17 12:30:00-04:00,13.5,13.5,13.49269962310791,13.49269962310791,782,0.0,0.0,0.0
2024-09-17 13:30:00-04:00,13.49899959564209,13.49899959564209,13.49899959564209,13.49899959564209,0,0.0,0.0,0.0
2024-09-17 14:30:00-04:00,13.399999618530273,13.399999618530273,13.3503999710083,13.3503999710083,37,0.0,0.0,0.0
2024-09-18 10:30:00-04:00,13.489999771118164,13.489999771118164,13.489999771118164,13.489999771118164,0,0.0,0.0,0.0
2024-09-18 13:30:00-04:00,13.479999542236328,13.479999542236328,13.479999542236328,13.479999542236328,417,0.0,0.0,0.0
2024-09-18 14:30:00-04:00,13.34939956665039,13.34939956665039,13.3100004196167,13.319999694824219,402,0.0,0.0,0.0
2024-09-19 09:30:00-04:00,13.300000190734863,13.5,13.300000190734863,13.5,365,0.0,0.0,0.0
2024-09-19 10:30:00-04:00,13.460000038146973,13.460000038146973,13.460000038146973,13.460000038146973,777,0.0,0.0,0.0
2024-09-19 11:30:00-04:00,13.399999618530273,13.399999618530273,13.399999618530273,13.399999618530273,942,0.0,0.0,0.0
2024-09-19 12:30:00-04:00,13.5,13.5,13.350899696350098,13.350899696350098,0,0.0,0.0,0.0
2024-09-20 09:30:00-04:00,13.390000343322754,13.390000343322754,13.07390022277832,13.07390022277832,458,0.0,0.0,0.0
2024-09-20 11:30:00-04:00,13.479999542236328,13.479999542236328,13.479999542236328,13.479999542236328,282,0.0,0.0,0.0
2024-09-20 13:30:00-04:00,13.470000267028809,13.470000267028809,13.430000305175781,13.430000305175781,624,0.0,0.0,0.0
2024-09-20 14:30:00-04:00,13.34000015258789,13.460000038146973,13.34000015258789,13.460000038146973,1193,0.0,0.0,0.0
2024-09-20 15:30:00-04:00,13.229999542236328,13.229999542236328,13.19540023803711,13.19540023803711,0,0.0,0.0,0.0
2024-09-23 09:30:00-04:00,13.380000114440918,13.449999809265137,13.380000114440918,13.449999809265137,1840,0.0,0.0,0.0
2024-09-23 11:30:00-04:00,13.472399711608887,13.472399711608887,13.472399711608887,13.472399711608887,0,0.0,0.0,0.0
2024-09-23 13:30:00-04:00,13.479999542236328,13.479999542236328,13.439399719238281,13.439399719238281,125,0.0,0.0,0.0
2024-09-24 09:30:00-04:00,13.524999618530273,13.524999618530273,13.524999618530273,13.524999618530273,501,0.0,0.0,0.0
2024-09-24 10:30:00-04:00,13.524999618530273,13.5802001953125,13.524999618530273,13.5802001953125,793,0.0,0.0,0.0
2024-09-24 14:30:00-04:00,13.600000381469727,13.600000381469727,13.600000381469727,13.600000381469727,352,0.0,0.0,0.0
2024-09-25 10:30:00-04:00,13.583800315856934,13.583800315856934,13.583800315856934,13.583800315856934,102,0.0,0.0,0.0
2024-09-25 11:30:00-04:00,13.498907089233398,13.498907089233398,13.498907089233398,13.498907089233398,650,0.0,0.0,0.0
2024-09-25 13:30:00-04:00,13.5871000289917,13.5871000289917,13.5871000289917,13.5871000289917,603,0.0,0.0,0.0
2024-09-26 11:30:00-04:00,13.510000228881836,13.510000228881836,13.510000228881836,13.510000228881836,170,0.0,0.0,0.0
2024-09-26 12:30:00-04:00,13.529999732971191,13.529999732971191,13.529999732971191,13.529999732971191,314,0.0,0.0,0.0
2024-09-26 14:30:00-04:00,13.520000457763672,13.520000457763672,13.5,13.5,1040,0.0,0.0,0.0
2024-09-26 15:30:00-04:00,13.522100448608398,13.525400161743164,13.522100448608398,13.525400161743164,0,0.0,0.0,0.0
2024-09-27 09:30:00-04:00,13.598099708557129,13.598099708557129,13.598099708557129,13.598099708557129,130,0.0,0.0,0.0
2024-09-27 10:30:00-04:00,13.526000022888184,13.526700019836426,13.5,13.526700019836426,2038,0.0,0.0,0.0
2024-09-27 12:30:00-04:00,13.510000228881836,13.510000228881836,13.510000228881836,13.510000228881836,313,0.0,0.0,0.0
2024-09-27 14:30:00-04:00,13.539999961853027,13.539999961853027,13.539999961853027,13.539999961853027,467,0.0,0.0,0.0
2024-09-27 15:30:00-04:00,13.520000457763672,13.520000457763672,13.493399620056152,13.493399620056152,314,0.0,0.0,0.0
2024-09-30 10:30:00-04:00,13.494999885559082,13.56879997253418,13.494999885559082,13.4975004196167,184,0.0,0.0,0.0
2024-10-01 09:30:00-04:00,13.5,13.5,13.5,13.5,213,0.0,0.0,0.0
2024-10-01 10:30:00-04:00,13.550000190734863,13.550000190734863,13.529999732971191,13.550000190734863,1207,0.0,0.0,0.0
2024-10-01 11:30:00-04:00,13.420000076293945,13.420000076293945,13.420000076293945,13.420000076293945,171,0.0,0.0,0.0
2024-10-01 15:30:00-04:00,13.579999923706055,13.600000381469727,13.520000457763672,13.520000457763672,801,0.0,0.0,0.0
2024-10-02 09:30:00-04:00,13.5,13.550000190734863,13.5,13.550000190734863,897,0.0,0.0,0.0
2024-10-02 10:30:00-04:00,13.474800109863281,13.474800109863281,13.474800109863281,13.474800109863281,107,0.0,0.0,0.0
2024-10-02 11:30:00-04:00,13.532699584960938,13.532699584960938,13.532699584960938,13.532699584960938,671,0.0,0.0,0.0
2024-10-02 14:30:00-04:00,13.585599899291992,13.585599899291992,13.585599899291992,13.585599899291992,525,0.0,0.0,0.0
2024-10-02 15:30:00-04:00,13.600000381469727,13.607199668884277,13.600000381469727,13.607199668884277,0,0.0,0.0,0.0
2024-10-03 10:30:00-04:00,13.619999885559082,13.619999885559082,13.619999885559082,13.619999885559082,392,0.0,0.0,0.0
2024-10-03 11:30:00-04:00,13.654999732971191,13.688300132751465,13.645600318908691,13.645600318908691,0,0.0,0.0,0.0
2024-10-04 12:30:00-04:00,13.550100326538086,13.550100326538086,13.550100326538086,13.550100326538086,585,0.0,0.0,0.0
2024-10-04 13:30:00-04:00,13.600000381469727,13.600000381469727,13.550100326538086,13.550100326538086,531,0.0,0.0,0.0
2024-10-04 14:30:00-04:00,13.56760025024414,13.579999923706055,13.5600004196167,13.569999694824219,3342,0.0,0.0,0.0
2024-10-04 15:30:00-04:00,13.609999656677246,13.706299781799316,13.609999656677246,13.706299781799316,7827,0.0,0.0,0.0
2024-10-07 10:30:00-04:00,13.68340015411377,13.68340015411377,13.68340015411377,13.68340015411377,241,0.0,0.0,0.0
2024-10-07 11:30:00-04:00,13.670000076293945,13.670000076293945,13.670000076293945,13.670000076293945,100,0.0,0.0,0.0
2024-10-07 13:30:00-04:00,13.739999771118164,13.739999771118164,13.670000076293945,13.670000076293945,0,0.0,0.0,0.0
2024-10-07 14:30:00-04:00,13.65999984741211,13.670900344848633,13.65999984741211,13.670900344848633,53,0.0,0.0,0.0
2024-10-08 09:30:00-04:00,13.619999885559082,13.649900436401367,13.619999885559082,13.649900436401367,969,0.0,0.0,0.0
2024-10-08 14:30:00-04:00,13.609999656677246,13.609999656677246,13.609999656677246,13.609999656677246,310,0.0,0.0,0.0
2024-10-08 15:30:00-04:00,13.520000457763672,13.529999732971191,13.520000457763672,13.529999732971191,417,0.0,0.0,0.0
2024-10-09 11:30:00-04:00,13.600000381469727,13.600000381469727,13.600000381469727,13.600000381469727,1112,0.0,0.0,0.0
2024-10-09 12:30:00-04:00,13.600000381469727,13.600000381469727,13.600000381469727,13.600000381469727,805,0.0,0.0,0.0
2024-10-09 15:30:00-04:00,13.597700119018555,13.597700119018555,13.597700119018555,13.597700119018555,400,0.0,0.0,0.0
2024-10-10 09:30:00-04:00,13.5600004196167,13.5600004196167,13.550000190734863,13.550000190734863,863,0.0,0.0,0.0
2024-10-10 11:30:00-04:00,13.540300369262695,13.540300369262695,13.540300369262695,13.540300369262695,186,0.0,0.0,0.0
2024-10-10 15:30:00-04:00,13.51140022277832,13.51140022277832,13.5,13.508500099182129,0,0.0,0.0,0.0
2024-10-11 09:30:00-04:00,13.600000381469727,13.600000381469727,13.600000381469727,13.600000381469727,655,0.0,0.0,0.0
2024-10-11 13:30:00-04:00,13.5,13.546199798583984,13.5,13.546199798583984,991,0.0,0.0,0.0
2024-10-14 11:30:00-04:00,13.576800346374512,13.576800346374512,13.550000190734863,13.550000190734863,1264,0.0,0.0,0.0
2024-10-14 13:30:00-04:00,13.569999694824219,13.59000015258789,13.569999694824219,13.59000015258789,717,0.0,0.0,0.0
2024-10-14 14:30:00-04:00,13.530099868774414,13.59000015258789,13.530099868774414,13.562399864196777,302,0.0,0.0,0.0
2024-10-15 09:30:00-04:00,13.529999732971191,13.59000015258789,13.529999732971191,13.581600189208984,107,0.0,0.0,0.0
2024-10-16 10:30:00-04:00,13.465299606323242,13.465299606323242,13.465299606323242,13.465299606323242,545,0.0,0.0,0.0
2024-10-16 11:30:00-04:00,13.5,13.5,13.5,13.5,507,0.0,0.0,0.0
2024-10-16 13:30:00-04:00,13.5,13.5,13.5,13.5,154,0.0,0.0,0.0
2024-10-17 09:30:00-04:00,13.399999618530273,13.399999618530273,13.399999618530273,13.399999618530273,375,0.0,0.0,0.0
2024-10-17 11:30:00-04:00,13.499899864196777,13.499899864196777,13.499899864196777,13.499899864196777,112,0.0,0.0,0.0
2024-10-17 12:30:00-04:00,13.449999809265137,13.449999809265137,13.449999809265137,13.449999809265137,116,0.0,0.0,0.0
2024-10-17 14:30:00-04:00,13.499899864196777,13.499899864196777,13.399999618530273,13.399999618530273,909,0.0,0.0,0.0
2024-10-17 15:30:00-04:00,13.350000381469727,13.399800300598145,13.350000381469727,13.399800300598145,0,0.0,0.0,0.0
2024-10-18 09:30:00-04:00,13.390000343322754,13.390000343322754,13.390000343322754,13.390000343322754,509,0.0,0.0,0.0
2024-10-18 11:30:00-04:00,13.449999809265137,13.449999809265137,13.449999809265137,13.449999809265137,100,0.0,0.0,0.0
2024-10-18 12:30:00-04:00,13.449899673461914,13.449899673461914,13.420000076293945,13.420000076293945,7100,0.0,0.0,0.0
2024-10-18 13:30:00-04:00,13.449999809265137,13.449999809265137,13.420000076293945,13.420000076293945,649,0.0,0.0,0.0
2024-10-18 14:30:00-04:00,13.420000076293945,13.468700408935547,13.390000343322754,13.468700408935547,6668,0.0,0.0,0.0
2024-10-18 15:30:00-04:00,13.480500221252441,13.480500221252441,13.480199813842773,13.480199813842773,1500,0.0,0.0,0.0
2024-10-21 09:30:00-04:00,13.550000190734863,13.567999839782715,13.5,13.5,2161,0.0,0.0,0.0
2024-10-21 10:30:00-04:00,13.5,13.5,13.470000267028809,13.470000267028809,810,0.0,0.0,0.0
2024-10-21 11:30:00-04:00,13.479999542236328,13.479999542236328,13.479999542236328,13.479999542236328,230,0.0,0.0,0.0
2024-10-21 13:30:00-04:00,13.400099754333496,13.430000305175781,13.400099754333496,13.420000076293945,1235,0.0,0.0,0.0
2024-10-21 14:30:00-04:00,13.545000076293945,13.545000076293945,13.420000076293945,13.420000076293945,658,0.0,0.0,0.0
2024-10-21 15:30:00-04:00,13.390000343322754,13.390000343322754,13.359999656677246,13.359999656677246,613,0.0,0.0,0.0
2024-10-22 09:30:00-04:00,13.420000076293945,13.420000076293945,13.380000114440918,13.380000114440918,1015,0.0,0.0,0.0
2024-10-22 11:30:00-04:00,13.427599906921387,13.430000305175781,13.427599906921387,13.430000305175781,239,0.0,0.0,0.0
2024-10-22 12:30:00-04:00,13.365069389343262,13.365069389343262,13.365069389343262,13.365069389343262,346,0.0,0.0,0.0
2024-10-22 13:30:00-04:00,13.382499694824219,13.382499694824219,13.382499694824219,13.382499694824219,196,0.0,0.0,0.0
2024-10-22 14:30:00-04:00,13.350000381469727,13.350000381469727,13.350000381469727,13.350000381469727,267,0.0,0.0,0.0
2024-10-22 15:30:00-04:00,13.34000015258789,13.389699935913086,13.34000015258789,13.389699935913086,0,0.0,0.0,0.0
2024-10-23 09:30:00-04:00,13.34000015258789,13.369999885559082,13.34000015258789,13.369999885559082,832,0.0,0.0,0.0
2024-10-23 11:30:00-04:00,13.313699722290039,13.313699722290039,13.313699722290039,13.313699722290039,322,0.0,0.0,0.0
2024-10-23 12:30:00-04:00,13.300000190734863,13.300000190734863,13.300000190734863,13.300000190734863,728,0.0,0.0,0.0
2024-10-23 15:30:00-04:00,13.220000267028809,13.270400047302246,13.199999809265137,13.270400047302246,0,0.0,0.0,0.0
2024-10-24 09:30:00-04:00,13.350000381469727,13.350000381469727,13.281800270080566,13.281800270080566,1593,0.0,0.0,0.0
2024-10-24 14:30:00-04:00,13.279999732971191,13.279999732971191,13.279999732971191,13.279999732971191,501,0.0,0.0,0.0
2024-10-24 15:30:00-04:00,13.279999732971191,13.279999732971191,13.279999732971191,13.279999732971191,0,0.0,0.0,0.0
2024-10-25 09:30:00-04:00,13.259699821472168,13.334827423095703,13.259699821472168,13.298399925231934,715,0.0,0.0,0.0
2024-10-28 09:30:00-04:00,13.261500358581543,13.350000381469727,13.261500358581543,13.350000381469727,10140,0.0,0.0,0.0
2024-10-28 10:30:00-04:00,13.329999923706055,13.329999923706055,13.329999923706055,13.329999923706055,118,0.0,0.0,0.0
2024-10-28 11:30:00-04:00,13.313799858093262,13.34000015258789,13.313799858093262,13.34000015258789,1904,0.0,0.0,0.0
2024-10-28 13:30:00-04:00,13.300000190734863,13.300000190734863,13.300000190734863,13.300000190734863,103,0.0,0.0,0.0
2024-10-28 15:30:00-04:00,13.274999618530273,13.274999618530273,13.274999618530273,13.274999618530273,500,0.0,0.0,0.0
2024-10-29 09:30:00-04:00,13.300000190734863,13.300000190734863,13.199999809265137,13.199999809265137,1029,0.0,0.0,0.0
2024-10-29 10:30:00-04:00,13.23799991607666,13.23799991607666,13.23799991607666,13.23799991607666,1027,0.0,0.0,0.0
2024-10-29 13:30:00-04:00,13.109700202941895,13.109700202941895,13.109700202941895,13.109700202941895,1333,0.0,0.0,0.0
2024-10-29 14:30:00-04:00,13.175000190734863,13.229999542236328,13.100099563598633,13.229999542236328,1000,0.0,0.0,0.0
2024-10-29 15:30:00-04:00,13.109999656677246,13.119999885559082,13.109999656677246,13.119999885559082,0,0.0,0.0,0.0
2024-10-30 10:30:00-04:00,13.148200035095215,13.148200035095215,13.148200035095215,13.148200035095215,1885,0.0,0.0,0.0
2024-10-30 12:30:00-04:00,13.179499626159668,13.179499626159668,13.144399642944336,13.144399642944336,0,0.0,0.0,0.0
2024-10-31 10:30:00-04:00,13.100000381469727,13.100000381469727,13.100000381469727,13.100000381469727,1216,0.0,0.0,0.0
2024-10-31 11:30:00-04:00,13.0,13.009400367736816,13.0,13.009400367736816,3760,0.0,0.0,0.0
2024-10-31 12:30:00-04:00,13.119999885559082,13.119999885559082,13.119999885559082,13.119999885559082,171,0.0,0.0,0.0
2024-10-31 13:30:00-04:00,13.0,13.0,13.0,13.0,141,0.0,0.0,0.0
2024-11-01 09:30:00-04:00,13.130000114440918,13.130000114440918,13.130000114440918,13.130000114440918,217,0.0,0.0,0.0
2024-11-01 14:30:00-04:00,13.100000381469727,13.130000114440918,13.09000015258789,13.098999977111816,2000,0.0,0.0,0.0
2024-11-04 09:30:00-05:00,13.054499626159668,13.054499626159668,13.054499626159668,13.054499626159668,685,0.0,0.0,0.0
2024-11-04 12:30:00-05:00,13.050000190734863,13.059900283813477,13.050000190734863,13.059900283813477,239,0.0,0.0,0.0
2024-11-04 13:30:00-05:00,13.050000190734863,13.0600004196167,13.050000190734863,13.0600004196167,671,0.0,0.0,0.0
2024-11-04 14:30:00-05:00,13.100000381469727,13.100000381469727,13.07349967956543,13.07349967956543,0,0.0,0.0,0.0
2024-11-05 11:30:00-05:00,13.054100036621094,13.0600004196167,13.054100036621094,13.0600004196167,387,0.0,0.0,0.0
2024-11-05 12:30:00-05:00,13.050100326538086,13.069999694824219,13.03320026397705,13.03320026397705,1768,0.0,0.0,0.0
2024-11-05 13:30:00-05:00,13.004799842834473,13.050000190734863,13.004300117492676,13.024999618530273,2148,0.0,0.0,0.0
2024-11-05 15:30:00-05:00,13.0,13.020000457763672,13.0,13.019700050354004,0,0.0,0.0,0.0
2024-11-06 09:30:00-05:00,13.020000457763672,13.020000457763672,13.010000228881836,13.020000457763672,2231,0.0,0.0,0.0
2024-11-06 10:30:00-05:00,13.010000228881836,13.010000228881836,13.010000228881836,13.010000228881836,273,0.0,0.0,0.0
2024-11-06 11:30:00-05:00,13.089900016784668,13.089900016784668,13.089900016784668,13.089900016784668,6668,0.0,0.0,0.0
2024-11-06 14:30:00-05:00,13.04419994354248,13.04419994354248,13.04419994354248,13.04419994354248,0,0.0,0.0,0.0
2024-11-07 10:30:00-05:00,13.01039981842041,13.01039981842041,13.01039981842041,13.01039981842041,204,0.0,0.0,0.0
2024-11-07 11:30:00-05:00,13.079999923706055,13.09000015258789,13.079999923706055,13.09000015258789,463,0.0,0.0,0.0
2024-11-07 13:30:00-05:00,13.076000213623047,13.079999923706055,13.076000213623047,13.079999923706055,504,0.0,0.0,0.0
2024-11-07 14:30:00-05:00,13.089900016784668,13.09000015258789,13.069999694824219,13.09000015258789,899,0.0,0.0,0.0
2024-11-08 09:30:00-05:00,13.0600004196167,13.0600004196167,13.0600004196167,13.0600004196167,0,0.0,0.0,0.0
2024-11-08 10:30:00-05:00,13.149999618530273,13.149999618530273,13.149999618530273,13.149999618530273,223,0.0,0.0,0.0
2024-11-08 11:30:00-05:00,13.109999656677246,13.109999656677246,13.109999656677246,13.109999656677246,1104,0.0,0.0,0.0
2024-11-08 12:30:00-05:00,13.109999656677246,13.109999656677246,13.060999870300293,13.104999542236328,1036,0.0,0.0,0.0
2024-11-08 13:30:00-05:00,13.149999618530273,13.149999618530273,13.149999618530273,13.149999618530273,1381,0.0,0.0,0.0
