Datetime,Open,High,Low,Close,Volume,Dividends,Stock Splits,Capital Gains
2022-11-10 09:30:00-05:00,43.63999938964844,43.65999984741211,43.599998474121094,43.65999984741211,0,0.0,0.0,0.0
2022-11-10 11:30:00-05:00,43.880001068115234,43.880001068115234,43.880001068115234,43.880001068115234,142,0.0,0.0,0.0
2022-11-10 13:30:00-05:00,43.97990036010742,43.97990036010742,43.97990036010742,43.97990036010742,186,0.0,0.0,0.0
2022-11-10 15:30:00-05:00,43.91999816894531,43.91999816894531,43.88999938964844,43.900001525878906,602,0.0,0.0,0.0
2022-11-11 11:30:00-05:00,43.91999816894531,43.95500183105469,43.91999816894531,43.95500183105469,652,0.0,0.0,0.0
2022-11-11 14:30:00-05:00,43.970001220703125,43.994998931884766,43.970001220703125,43.994998931884766,689,0.0,0.0,0.0
2022-11-14 09:30:00-05:00,43.90999984741211,43.91899871826172,43.89899826049805,43.89899826049805,0,0.0,0.0,0.0
2022-11-14 12:30:00-05:00,43.91999816894531,43.91999816894531,43.898101806640625,43.898101806640625,862,0.0,0.0,0.0
2022-11-14 13:30:00-05:00,43.880001068115234,43.928001403808594,43.8650016784668,43.8650016784668,584,0.0,0.0,0.0
2022-11-15 11:30:00-05:00,44.0099983215332,44.04970169067383,44.0099983215332,44.04970169067383,518,0.0,0.0,0.0
2022-11-15 14:30:00-05:00,43.992000579833984,43.992000579833984,43.992000579833984,43.992000579833984,137,0.0,0.0,0.0
2022-11-15 15:30:00-05:00,44.02289962768555,44.06999969482422,44.02289962768555,44.06999969482422,846,0.0,0.0,0.0
2022-11-16 10:30:00-05:00,44.06999969482422,44.06999969482422,44.06999969482422,44.06999969482422,33,0.0,0.0,0.0
2022-11-16 11:30:00-05:00,44.099998474121094,44.099998474121094,44.099998474121094,44.099998474121094,100,0.0,0.0,0.0
2022-11-16 12:30:00-05:00,44.11989974975586,44.150001525878906,44.10499954223633,44.10499954223633,1950,0.0,0.0,0.0
2022-11-16 13:30:00-05:00,44.13199996948242,44.13199996948242,44.099998474121094,44.099998474121094,250,0.0,0.0,0.0
2022-11-16 14:30:00-05:00,44.14080047607422,44.15999984741211,44.13999938964844,44.15999984741211,0,0.0,0.0,0.0
2022-11-17 11:30:00-05:00,43.9640007019043,43.965999603271484,43.91999816894531,43.93600082397461,1207,0.0,0.0,0.0
2022-11-17 13:30:00-05:00,43.974998474121094,44.0,43.974998474121094,43.974998474121094,218,0.0,0.0,0.0
2022-11-18 09:30:00-05:00,44.0,44.02399826049805,44.0,44.02399826049805,0,0.0,0.0,0.0
2022-11-18 10:30:00-05:00,44.01890182495117,44.01890182495117,44.01890182495117,44.01890182495117,403,0.0,0.0,0.0
2022-11-18 12:30:00-05:00,44.0099983215332,44.040000915527344,44.0098991394043,44.040000915527344,1473,0.0,0.0,0.0
2022-11-18 15:30:00-05:00,44.0099983215332,44.04999923706055,44.00019836425781,44.04999923706055,600,0.0,0.0,0.0
2022-11-21 11:30:00-05:00,43.9900016784668,43.9900016784668,43.9900016784668,43.9900016784668,275,0.0,0.0,0.0
2022-11-21 14:30:00-05:00,44.060001373291016,44.06999969482422,44.004398345947266,44.0099983215332,2414,0.0,0.0,0.0
2022-11-22 10:30:00-05:00,43.90999984741211,43.92399978637695,43.88199996948242,43.90999984741211,992,0.0,0.0,0.0
2022-11-22 13:30:00-05:00,44.019901275634766,44.019901275634766,43.939998626708984,43.939998626708984,1213,0.0,0.0,0.0
2022-11-22 15:30:00-05:00,43.97119903564453,44.005001068115234,43.95000076293945,44.00429916381836,2808,0.0,0.0,0.0
2022-11-23 10:30:00-05:00,44.10100173950195,44.10100173950195,44.10100173950195,44.10100173950195,0,0.0,0.0,0.0
2022-11-23 11:30:00-05:00,44.1150016784668,44.1150016784668,44.040000915527344,44.063499450683594,3493,0.0,0.0,0.0
2022-11-23 12:30:00-05:00,44.11399841308594,44.11399841308594,44.095001220703125,44.095001220703125,441,0.0,0.0,0.0
2022-11-23 14:30:00-05:00,44.12009811401367,44.130001068115234,44.12009811401367,44.130001068115234,950,0.0,0.0,0.0
2022-11-28 10:30:00-05:00,44.130001068115234,44.130001068115234,44.130001068115234,44.130001068115234,0,0.0,0.0,0.0
2022-11-28 14:30:00-05:00,44.08000183105469,44.08000183105469,44.08000183105469,44.08000183105469,201,0.0,0.0,0.0
2022-11-28 15:30:00-05:00,44.060001373291016,44.084999084472656,44.060001373291016,44.084999084472656,100,0.0,0.0,0.0
2022-11-29 09:30:00-05:00,44.0,44.00130081176758,43.959999084472656,44.0,1027,0.0,0.0,0.0
2022-11-29 10:30:00-05:00,44.06999969482422,44.06999969482422,44.040000915527344,44.04999923706055,854,0.0,0.0,0.0
2022-11-29 12:30:00-05:00,44.060001373291016,44.070899963378906,44.060001373291016,44.070899963378906,871,0.0,0.0,0.0
2022-11-29 13:30:00-05:00,44.060001373291016,44.119998931884766,44.060001373291016,44.06800079345703,3236,0.0,0.0,0.0
2022-11-29 15:30:00-05:00,44.007999420166016,44.08000183105469,43.970001220703125,44.08000183105469,0,0.0,0.0,0.0
2022-11-30 09:30:00-05:00,43.97999954223633,43.97999954223633,43.97999954223633,43.97999954223633,194,0.0,0.0,0.0
2022-11-30 13:30:00-05:00,44.03499984741211,44.040000915527344,44.03499984741211,44.040000915527344,502,0.0,0.0,0.0
2022-11-30 14:30:00-05:00,44.179901123046875,44.179901123046875,44.179901123046875,44.179901123046875,1030,0.0,0.0,0.0
2022-11-30 15:30:00-05:00,44.18000030517578,44.34000015258789,44.18000030517578,44.20000076293945,834,0.0,0.0,0.0
2022-12-01 09:30:00-05:00,44.386600494384766,44.386600494384766,44.386600494384766,44.386600494384766,0,0.0,0.0,0.0
2022-12-01 10:30:00-05:00,44.31999969482422,44.338199615478516,44.31999969482422,44.338199615478516,534,0.0,0.0,0.0
2022-12-01 12:30:00-05:00,44.36989974975586,44.369998931884766,44.36989974975586,44.369998931884766,1394,0.0,0.0,0.0
2022-12-01 13:30:00-05:00,44.360198974609375,44.360198974609375,44.360198974609375,44.360198974609375,1019,0.0,0.0,0.0
2022-12-01 14:30:00-05:00,44.369998931884766,44.39099884033203,44.369998931884766,44.39099884033203,1588,0.0,0.0,0.0
2022-12-01 15:30:00-05:00,44.40999984741211,44.45500183105469,44.40999984741211,44.45500183105469,100,0.0,0.0,0.0
2022-12-02 09:30:00-05:00,44.349998474121094,44.36800003051758,44.310001373291016,44.310001373291016,0,0.0,0.0,0.0
2022-12-02 11:30:00-05:00,44.345001220703125,44.380001068115234,44.345001220703125,44.380001068115234,1634,0.0,0.0,0.0
2022-12-02 12:30:00-05:00,44.38999938964844,44.38999938964844,44.38909912109375,44.38909912109375,449,0.0,0.0,0.0
2022-12-02 13:30:00-05:00,44.41999816894531,44.45800018310547,44.41999816894531,44.45800018310547,614,0.0,0.0,0.0
2022-12-02 14:30:00-05:00,44.47999954223633,44.492000579833984,44.400001525878906,44.400001525878906,15381,0.0,0.0,0.0
2022-12-02 15:30:00-05:00,44.45000076293945,44.470001220703125,44.43000030517578,44.439998626708984,1596,0.0,0.0,0.0
2022-12-05 11:30:00-05:00,44.404998779296875,44.404998779296875,44.404998779296875,44.404998779296875,0,0.0,0.0,0.0
2022-12-05 14:30:00-05:00,44.310001373291016,44.32600021362305,44.29999923706055,44.31999969482422,586,0.0,0.0,0.0
2022-12-05 15:30:00-05:00,44.31999969482422,44.34920120239258,44.31999969482422,44.34920120239258,156,0.0,0.0,0.0
2022-12-06 09:30:00-05:00,44.15999984741211,44.15999984741211,44.15999984741211,44.15999984741211,0,0.0,0.0,0.0
2022-12-06 10:30:00-05:00,44.40079879760742,44.40079879760742,44.40079879760742,44.40079879760742,939,0.0,0.0,0.0
2022-12-06 12:30:00-05:00,44.38999938964844,44.38999938964844,44.29999923706055,44.29999923706055,1822,0.0,0.0,0.0
2022-12-06 13:30:00-05:00,44.31999969482422,44.34590148925781,44.31999969482422,44.34590148925781,727,0.0,0.0,0.0
2022-12-06 14:30:00-05:00,44.34000015258789,44.3400993347168,44.33000183105469,44.33000183105469,624,0.0,0.0,0.0
2022-12-06 15:30:00-05:00,44.310001373291016,44.310001373291016,44.310001373291016,44.310001373291016,100,0.0,0.0,0.0
2022-12-07 10:30:00-05:00,44.489898681640625,44.4900016784668,44.43109893798828,44.43109893798828,494,0.0,0.0,0.0
2022-12-07 11:30:00-05:00,44.43000030517578,44.459999084472656,44.36000061035156,44.459999084472656,3476,0.0,0.0,0.0
2022-12-07 13:30:00-05:00,44.47999954223633,44.47999954223633,44.470001220703125,44.470001220703125,780,0.0,0.0,0.0
2022-12-07 14:30:00-05:00,44.52000045776367,44.56420135498047,44.52000045776367,44.56420135498047,1053,0.0,0.0,0.0
2022-12-07 15:30:00-05:00,44.541500091552734,44.541500091552734,44.4900016784668,44.51499938964844,779,0.0,0.0,0.0
2022-12-08 12:30:00-05:00,44.5099983215332,44.510398864746094,44.5099983215332,44.510398864746094,0,0.0,0.0,0.0
2022-12-08 13:30:00-05:00,44.4900016784668,44.51499938964844,44.4900016784668,44.51499938964844,793,0.0,0.0,0.0
2022-12-08 15:30:00-05:00,44.5077018737793,44.5077018737793,44.505001068115234,44.505001068115234,440,0.0,0.0,0.0
2022-12-09 09:30:00-05:00,44.470001220703125,44.470001220703125,44.470001220703125,44.470001220703125,0,0.0,0.0,0.0
2022-12-09 11:30:00-05:00,44.470001220703125,44.47700119018555,44.459999084472656,44.46699905395508,3179,0.0,0.0,0.0
2022-12-09 14:30:00-05:00,44.474998474121094,44.474998474121094,44.474998474121094,44.474998474121094,251,0.0,0.0,0.0
2022-12-09 15:30:00-05:00,44.439998626708984,44.439998626708984,44.38999938964844,44.43470001220703,1294,0.0,0.0,0.0
2022-12-12 09:30:00-05:00,44.43470001220703,44.43470001220703,44.43470001220703,44.43470001220703,0,0.0,0.0,0.0
2022-12-12 13:30:00-05:00,44.38999938964844,44.40999984741211,44.38999938964844,44.40999984741211,730,0.0,0.0,0.0
2022-12-12 14:30:00-05:00,44.400001525878906,44.42499923706055,44.400001525878906,44.400001525878906,665,0.0,0.0,0.0
2022-12-12 15:30:00-05:00,44.40999984741211,44.435001373291016,44.40999984741211,44.435001373291016,100,0.0,0.0,0.0
2022-12-13 09:30:00-05:00,44.540000915527344,44.540000915527344,44.540000915527344,44.540000915527344,0,0.0,0.0,0.0
2022-12-13 11:30:00-05:00,44.65999984741211,44.65999984741211,44.65999984741211,44.65999984741211,128,0.0,0.0,0.0
2022-12-13 12:30:00-05:00,44.619998931884766,44.678001403808594,44.56999969482422,44.678001403808594,4368,0.0,0.0,0.0
2022-12-13 13:30:00-05:00,44.65999984741211,44.68000030517578,44.61000061035156,44.654998779296875,1923,0.0,0.0,0.0
2022-12-13 14:30:00-05:00,44.630001068115234,44.654998779296875,44.59000015258789,44.619998931884766,6292,0.0,0.0,0.0
2022-12-14 14:30:00-05:00,44.56999969482422,44.709999084472656,44.56999969482422,44.68000030517578,443,0.0,0.0,0.0
2022-12-15 09:30:00-05:00,44.70989990234375,44.709999084472656,44.70989990234375,44.709999084472656,0,0.0,0.0,0.0
2022-12-15 12:30:00-05:00,44.72169876098633,44.7400016784668,44.72169876098633,44.7400016784668,228,0.0,0.0,0.0
2022-12-16 11:30:00-05:00,44.649898529052734,44.650001525878906,44.60499954223633,44.61980056762695,514,0.0,0.0,0.0
2022-12-16 14:30:00-05:00,44.625,44.625,44.599998474121094,44.61669921875,1240,0.0,0.0,0.0
2022-12-16 15:30:00-05:00,44.619998931884766,44.64500045776367,44.619998931884766,44.619998931884766,347,0.0,0.0,0.0
2022-12-19 09:30:00-05:00,44.525001525878906,44.525001525878906,44.525001525878906,44.525001525878906,0,0.0,0.0,0.0
2022-12-19 10:30:00-05:00,44.47999954223633,44.50189971923828,44.47999954223633,44.50189971923828,846,0.0,0.0,0.0
2022-12-19 11:30:00-05:00,44.47669982910156,44.47669982910156,44.38999938964844,44.41999816894531,2075,0.0,0.0,0.0
2022-12-19 12:30:00-05:00,44.45000076293945,44.4640007019043,44.45000076293945,44.4640007019043,297,0.0,0.0,0.0
2022-12-19 15:30:00-05:00,44.49409866333008,44.49409866333008,44.470001220703125,44.4900016784668,1095,0.0,0.0,0.0
2022-12-20 10:30:00-05:00,44.34000015258789,44.35599899291992,44.34000015258789,44.35599899291992,0,0.0,0.0,0.0
2022-12-20 12:30:00-05:00,44.35499954223633,44.356998443603516,44.32099914550781,44.356998443603516,940,0.0,0.0,0.0
2022-12-20 14:30:00-05:00,44.34120178222656,44.3650016784668,44.34000015258789,44.3650016784668,1272,0.0,0.0,0.0
2022-12-20 15:30:00-05:00,44.34000015258789,44.3650016784668,44.30099868774414,44.3650016784668,1954,0.0,0.0,0.0
2022-12-21 09:30:00-05:00,44.2400016784668,44.2400016784668,44.2400016784668,44.2400016784668,0,0.0,0.0,0.0
2022-12-21 12:30:00-05:00,44.47999954223633,44.5,44.47999954223633,44.5,1157,0.0,0.0,0.0
2022-12-21 15:30:00-05:00,44.470001220703125,44.470001220703125,44.439998626708984,44.439998626708984,300,0.0,0.0,0.0
2022-12-22 09:30:00-05:00,44.28499984741211,44.45000076293945,44.28499984741211,44.45000076293945,0,0.0,0.0,0.0
2022-12-22 11:30:00-05:00,44.459999084472656,44.459999084472656,44.400001525878906,44.40999984741211,9772,0.0,0.0,0.0
2022-12-22 15:30:00-05:00,44.45000076293945,44.459999084472656,44.45000076293945,44.459999084472656,446,0.0,0.0,0.0
2022-12-23 09:30:00-05:00,44.209999084472656,44.209999084472656,44.209999084472656,44.209999084472656,0,0.0,0.0,0.0
2022-12-23 10:30:00-05:00,44.2400016784668,44.2401008605957,44.2400016784668,44.2401008605957,303,0.0,0.0,0.0
2022-12-23 12:30:00-05:00,44.20000076293945,44.20009994506836,44.20000076293945,44.20009994506836,676,0.0,0.0,0.0
2022-12-23 13:30:00-05:00,44.207000732421875,44.27000045776367,44.207000732421875,44.269901275634766,1629,0.0,0.0,0.0
2022-12-23 15:30:00-05:00,44.22999954223633,44.25,44.22999954223633,44.25,314,0.0,0.0,0.0
2022-12-27 10:30:00-05:00,44.160499572753906,44.160499572753906,44.160499572753906,44.160499572753906,0,0.0,0.0,0.0
2022-12-27 11:30:00-05:00,44.130001068115234,44.14799880981445,44.11000061035156,44.13399887084961,913,0.0,0.0,0.0
2022-12-27 13:30:00-05:00,44.125,44.15999984741211,44.125,44.15999984741211,1525,0.0,0.0,0.0
2022-12-27 15:30:00-05:00,44.060001373291016,44.060001373291016,44.040000915527344,44.060001373291016,318,0.0,0.0,0.0
2022-12-28 11:30:00-05:00,43.95000076293945,43.98400115966797,43.95000076293945,43.98400115966797,267,0.0,0.0,0.0
2022-12-28 12:30:00-05:00,43.948001861572266,43.9900016784668,43.948001861572266,43.9900016784668,699,0.0,0.0,0.0
2022-12-28 13:30:00-05:00,43.9900016784668,43.9900016784668,43.9900016784668,43.9900016784668,205,0.0,0.0,0.0
2022-12-28 14:30:00-05:00,43.91999816894531,43.970001220703125,43.880001068115234,43.90010070800781,3579,0.0,0.0,0.0
2022-12-28 15:30:00-05:00,43.90999984741211,43.90999984741211,43.86399841308594,43.885398864746094,1591,0.0,0.0,0.0
2022-12-29 13:30:00-05:00,44.01499938964844,44.01499938964844,44.0099983215332,44.0099983215332,1932,0.0,0.0,0.0
2022-12-29 15:30:00-05:00,44.01499938964844,44.04999923706055,44.010101318359375,44.01499938964844,687,0.0,0.0,0.0
2022-12-30 09:30:00-05:00,44.04999923706055,44.04999923706055,44.04999923706055,44.04999923706055,0,0.0,0.0,0.0
2022-12-30 10:30:00-05:00,44.02000045776367,44.029998779296875,44.02000045776367,44.02989959716797,940,0.0,0.0,0.0
2022-12-30 11:30:00-05:00,44.019901275634766,44.019901275634766,43.939998626708984,43.939998626708984,823,0.0,0.0,0.0
2022-12-30 13:30:00-05:00,43.957298278808594,43.957298278808594,43.957298278808594,43.957298278808594,764,0.0,0.0,0.0
2022-12-30 14:30:00-05:00,43.91899871826172,43.91899871826172,43.91899871826172,43.91899871826172,1900,0.0,0.0,0.0
2022-12-30 15:30:00-05:00,43.95000076293945,44.040000915527344,43.95000076293945,44.040000915527344,347,0.0,0.0,0.0
2023-01-03 09:30:00-05:00,44.13999938964844,44.13999938964844,44.11000061035156,44.11000061035156,0,0.0,0.0,0.0
2023-01-03 11:30:00-05:00,44.09880065917969,44.09880065917969,44.09880065917969,44.09880065917969,434,0.0,0.0,0.0
2023-01-03 13:30:00-05:00,44.0890007019043,44.0890007019043,44.0890007019043,44.0890007019043,355,0.0,0.0,0.0
2023-01-03 15:30:00-05:00,44.08000183105469,44.189998626708984,44.08000183105469,44.189998626708984,100,0.0,0.0,0.0
2023-01-04 11:30:00-05:00,44.25,44.25,44.25,44.25,0,0.0,0.0,0.0
2023-01-04 13:30:00-05:00,44.227901458740234,44.244998931884766,44.227901458740234,44.244998931884766,0,0.0,0.0,0.0
2023-01-05 14:30:00-05:00,44.185001373291016,44.185001373291016,44.185001373291016,44.185001373291016,430,0.0,0.0,0.0
2023-01-05 15:30:00-05:00,44.18009948730469,44.25,44.18009948730469,44.25,1021,0.0,0.0,0.0
2023-01-06 09:30:00-05:00,44.34000015258789,44.349998474121094,44.34000015258789,44.349998474121094,0,0.0,0.0,0.0
2023-01-06 10:30:00-05:00,44.439998626708984,44.52000045776367,44.439998626708984,44.52000045776367,3604,0.0,0.0,0.0
2023-01-06 11:30:00-05:00,44.4900016784668,44.4900016784668,44.4900016784668,44.4900016784668,312,0.0,0.0,0.0
2023-01-06 15:30:00-05:00,44.54999923706055,44.560001373291016,44.54999923706055,44.560001373291016,313,0.0,0.0,0.0
2023-01-09 09:30:00-05:00,44.65999984741211,44.65999984741211,44.65999984741211,44.65999984741211,0,0.0,0.0,0.0
2023-01-09 11:30:00-05:00,44.689998626708984,44.709999084472656,44.689998626708984,44.709999084472656,1182,0.0,0.0,0.0
2023-01-09 12:30:00-05:00,44.70989990234375,44.709999084472656,44.70989990234375,44.709999084472656,364,0.0,0.0,0.0
2023-01-09 13:30:00-05:00,44.70000076293945,44.790000915527344,44.689998626708984,44.790000915527344,1219,0.0,0.0,0.0
2023-01-09 14:30:00-05:00,44.790000915527344,44.790000915527344,44.790000915527344,44.790000915527344,100,0.0,0.0,0.0
2023-01-09 15:30:00-05:00,44.77000045776367,44.77000045776367,44.75,44.75,200,0.0,0.0,0.0
2023-01-10 09:30:00-05:00,44.59000015258789,44.59000015258789,44.59000015258789,44.59000015258789,275,0.0,0.0,0.0
2023-01-10 11:30:00-05:00,44.59000015258789,44.597999572753906,44.5880012512207,44.5880012512207,1015,0.0,0.0,0.0
2023-01-10 12:30:00-05:00,44.65999984741211,44.65999984741211,44.61000061035156,44.61000061035156,912,0.0,0.0,0.0
2023-01-10 13:30:00-05:00,44.65999984741211,44.65999984741211,44.65999984741211,44.65999984741211,119,0.0,0.0,0.0
2023-01-10 14:30:00-05:00,44.65999984741211,44.709999084472656,44.65999984741211,44.67499923706055,1021,0.0,0.0,0.0
2023-01-10 15:30:00-05:00,44.709999084472656,44.709999084472656,44.63999938964844,44.63999938964844,131,0.0,0.0,0.0
2023-01-11 09:30:00-05:00,44.65999984741211,44.65999984741211,44.65999984741211,44.65999984741211,0,0.0,0.0,0.0
2023-01-11 13:30:00-05:00,44.77000045776367,44.77000045776367,44.77000045776367,44.77000045776367,100,0.0,0.0,0.0
2023-01-11 14:30:00-05:00,44.80910110473633,44.84000015258789,44.779998779296875,44.779998779296875,1352,0.0,0.0,0.0
2023-01-12 09:30:00-05:00,44.88999938964844,44.90999984741211,44.88999938964844,44.90999984741211,0,0.0,0.0,0.0
2023-01-12 10:30:00-05:00,44.93000030517578,44.93009948730469,44.93000030517578,44.93009948730469,201,0.0,0.0,0.0
2023-01-12 11:30:00-05:00,44.939998626708984,44.939998626708984,44.939998626708984,44.939998626708984,114,0.0,0.0,0.0
2023-01-12 12:30:00-05:00,44.97010040283203,45.04999923706055,44.97010040283203,45.04999923706055,508,0.0,0.0,0.0
2023-01-12 15:30:00-05:00,45.06999969482422,45.06999969482422,45.06999969482422,45.06999969482422,190,0.0,0.0,0.0
2023-01-13 11:30:00-05:00,45.0099983215332,45.05979919433594,44.939998626708984,44.939998626708984,3429,0.0,0.0,0.0
2023-01-13 12:30:00-05:00,44.986000061035156,45.040000915527344,44.986000061035156,45.040000915527344,201,0.0,0.0,0.0
2023-01-13 14:30:00-05:00,45.02000045776367,45.02000045776367,44.970001220703125,44.970001220703125,252,0.0,0.0,0.0
2023-01-13 15:30:00-05:00,44.9900016784668,45.040000915527344,44.9900016784668,45.02000045776367,482,0.0,0.0,0.0
2023-01-17 10:30:00-05:00,45.000099182128906,45.02000045776367,44.9911003112793,44.9911003112793,805,0.0,0.0,0.0
2023-01-17 13:30:00-05:00,44.95000076293945,44.95000076293945,44.900001525878906,44.900001525878906,931,0.0,0.0,0.0
2023-01-17 15:30:00-05:00,44.9900016784668,44.9900016784668,44.974998474121094,44.974998474121094,0,0.0,0.0,0.0
2023-01-18 09:30:00-05:00,45.20500183105469,45.20500183105469,45.20500183105469,45.20500183105469,100,0.0,0.0,0.0
2023-01-18 10:30:00-05:00,45.18000030517578,45.19499969482422,45.18000030517578,45.19499969482422,998,0.0,0.0,0.0
2023-01-18 13:30:00-05:00,45.17539978027344,45.22999954223633,45.17539978027344,45.22999954223633,108,0.0,0.0,0.0
2023-01-19 13:30:00-05:00,45.168701171875,45.168701171875,45.11000061035156,45.154998779296875,0,0.0,0.0,0.0
2023-01-20 11:30:00-05:00,45.09000015258789,45.09000015258789,45.04499816894531,45.04499816894531,1205,0.0,0.0,0.0
2023-01-20 12:30:00-05:00,45.00120162963867,45.00120162963867,45.00120162963867,45.00120162963867,287,0.0,0.0,0.0
2023-01-20 13:30:00-05:00,45.109901428222656,45.109901428222656,45.029998779296875,45.029998779296875,567,0.0,0.0,0.0
2023-01-23 12:30:00-05:00,45.02000045776367,45.02000045776367,45.0099983215332,45.0099983215332,0,0.0,0.0,0.0
2023-01-23 13:30:00-05:00,45.0620002746582,45.0620002746582,45.04499816894531,45.04499816894531,188,0.0,0.0,0.0
2023-01-24 10:30:00-05:00,44.869998931884766,45.0,44.869998931884766,44.974700927734375,1041,0.0,0.0,0.0
2023-01-24 11:30:00-05:00,44.88999938964844,44.88999938964844,44.88999938964844,44.88999938964844,351,0.0,0.0,0.0
2023-01-24 12:30:00-05:00,44.90010070800781,45.02000045776367,44.900001525878906,45.019901275634766,691,0.0,0.0,0.0
2023-01-24 13:30:00-05:00,44.98500061035156,45.01499938964844,44.98500061035156,44.98500061035156,0,0.0,0.0,0.0
2023-01-26 10:30:00-05:00,44.96080017089844,44.991600036621094,44.96080017089844,44.991600036621094,480,0.0,0.0,0.0
2023-01-26 13:30:00-05:00,45.04899978637695,45.04899978637695,45.0099983215332,45.0099983215332,518,0.0,0.0,0.0
2023-01-26 14:30:00-05:00,45.04999923706055,45.09000015258789,45.0099983215332,45.0099983215332,2085,0.0,0.0,0.0
2023-01-26 15:30:00-05:00,45.0099983215332,45.02199935913086,44.97999954223633,45.02000045776367,436,0.0,0.0,0.0
2023-01-27 12:30:00-05:00,44.97999954223633,44.97999954223633,44.97999954223633,44.97999954223633,0,0.0,0.0,0.0
2023-01-27 13:30:00-05:00,44.99190139770508,44.99190139770508,44.99190139770508,44.99190139770508,200,0.0,0.0,0.0
2023-01-27 14:30:00-05:00,45.029998779296875,45.04999923706055,45.029998779296875,45.029998779296875,600,0.0,0.0,0.0
2023-01-30 14:30:00-05:00,44.959999084472656,44.959999084472656,44.959999084472656,44.959999084472656,0,0.0,0.0,0.0
2023-01-30 15:30:00-05:00,44.949798583984375,44.959999084472656,44.949798583984375,44.950801849365234,843,0.0,0.0,0.0
2023-01-31 09:30:00-05:00,45.04990005493164,45.04990005493164,45.04990005493164,45.04990005493164,0,0.0,0.0,0.0
2023-01-31 14:30:00-05:00,45.005001068115234,45.025001525878906,45.005001068115234,45.025001525878906,305,0.0,0.0,0.0
2023-02-01 09:30:00-05:00,45.150001525878906,45.150001525878906,45.149898529052734,45.149898529052734,0,0.0,0.0,0.0
2023-02-01 10:30:00-05:00,45.13970184326172,45.13970184326172,45.13970184326172,45.13970184326172,168,0.0,0.0,0.0
2023-02-01 12:30:00-05:00,45.11000061035156,45.150001525878906,45.11000061035156,45.14899826049805,1652,0.0,0.0,0.0
2023-02-01 14:30:00-05:00,45.150001525878906,45.31999969482422,45.150001525878906,45.31999969482422,104,0.0,0.0,0.0
2023-02-02 10:30:00-05:00,45.459999084472656,45.470001220703125,45.45989990234375,45.45989990234375,0,0.0,0.0,0.0
2023-02-02 11:30:00-05:00,45.47999954223633,45.4900016784668,45.4119987487793,45.4119987487793,4295,0.0,0.0,0.0
2023-02-02 14:30:00-05:00,45.404998779296875,45.404998779296875,45.404998779296875,45.404998779296875,1030,0.0,0.0,0.0
2023-02-02 15:30:00-05:00,45.43989944458008,45.5,45.424198150634766,45.424198150634766,1055,0.0,0.0,0.0
2023-02-03 09:30:00-05:00,45.20880126953125,45.20880126953125,45.20880126953125,45.20880126953125,0,0.0,0.0,0.0
2023-02-03 10:30:00-05:00,45.19499969482422,45.22999954223633,45.19499969482422,45.22990036010742,1072,0.0,0.0,0.0
2023-02-03 11:30:00-05:00,45.21500015258789,45.21500015258789,45.21500015258789,45.21500015258789,302,0.0,0.0,0.0
2023-02-03 12:30:00-05:00,45.25,45.25,45.25,45.25,308,0.0,0.0,0.0
2023-02-03 15:30:00-05:00,45.16849899291992,45.16849899291992,45.13999938964844,45.13999938964844,130,0.0,0.0,0.0
2023-02-06 12:30:00-05:00,44.9640007019043,44.9640007019043,44.95600128173828,44.95600128173828,0,0.0,0.0,0.0
2023-02-06 13:30:00-05:00,45.00400161743164,45.00400161743164,45.00400161743164,45.00400161743164,228,0.0,0.0,0.0
2023-02-06 14:30:00-05:00,44.939998626708984,44.939998626708984,44.88999938964844,44.88999938964844,3352,0.0,0.0,0.0
2023-02-06 15:30:00-05:00,44.95000076293945,44.96500015258789,44.95000076293945,44.96500015258789,341,0.0,0.0,0.0
2023-02-07 10:30:00-05:00,44.939998626708984,44.970001220703125,44.939998626708984,44.94990158081055,23,0.0,0.0,0.0
2023-02-07 13:30:00-05:00,44.97999954223633,44.97999954223633,44.97990036010742,44.97990036010742,820,0.0,0.0,0.0
2023-02-07 14:30:00-05:00,45.0,45.0,44.970001220703125,44.970001220703125,155,0.0,0.0,0.0
2023-02-08 10:30:00-05:00,44.880001068115234,44.880001068115234,44.880001068115234,44.880001068115234,0,0.0,0.0,0.0
2023-02-08 12:30:00-05:00,44.900001525878906,45.02000045776367,44.900001525878906,44.974998474121094,2485,0.0,0.0,0.0
2023-02-08 14:30:00-05:00,44.959999084472656,44.959999084472656,44.94889831542969,44.95949935913086,1383,0.0,0.0,0.0
2023-02-08 15:30:00-05:00,44.95500183105469,45.0,44.93000030517578,45.0,1554,0.0,0.0,0.0
2023-02-09 09:30:00-05:00,45.0,45.0,45.0,45.0,0,0.0,0.0,0.0
2023-02-09 10:30:00-05:00,45.04990005493164,45.04999923706055,45.04990005493164,45.04999923706055,463,0.0,0.0,0.0
2023-02-09 11:30:00-05:00,45.040000915527344,45.040000915527344,44.84000015258789,44.84000015258789,0,0.0,0.0,0.0
2023-02-10 11:30:00-05:00,44.70000076293945,44.70000076293945,44.70000076293945,44.70000076293945,469,0.0,0.0,0.0
2023-02-10 12:30:00-05:00,44.779998779296875,44.779998779296875,44.77989959716797,44.77989959716797,674,0.0,0.0,0.0
2023-02-10 13:30:00-05:00,44.709999084472656,44.709999084472656,44.709999084472656,44.709999084472656,401,0.0,0.0,0.0
2023-02-10 15:30:00-05:00,44.70000076293945,44.70000076293945,44.70000076293945,44.70000076293945,103,0.0,0.0,0.0
2023-02-13 09:30:00-05:00,44.439998626708984,44.439998626708984,44.439998626708984,44.439998626708984,0,0.0,0.0,0.0
2023-02-13 13:30:00-05:00,44.756900787353516,44.756900787353516,44.72999954223633,44.72999954223633,223,0.0,0.0,0.0
2023-02-14 09:30:00-05:00,44.747398376464844,44.747398376464844,44.747398376464844,44.747398376464844,0,0.0,0.0,0.0
2023-02-14 10:30:00-05:00,44.6703987121582,44.72919845581055,44.6703987121582,44.72919845581055,547,0.0,0.0,0.0
2023-02-14 11:30:00-05:00,44.606998443603516,44.606998443603516,44.606998443603516,44.606998443603516,1000,0.0,0.0,0.0
2023-02-14 12:30:00-05:00,44.68519973754883,44.68519973754883,44.66999816894531,44.66999816894531,950,0.0,0.0,0.0
2023-02-14 13:30:00-05:00,44.63999938964844,44.67319869995117,44.6150016784668,44.6150016784668,739,0.0,0.0,0.0
2023-02-14 14:30:00-05:00,44.702999114990234,44.702999114990234,44.63999938964844,44.66550064086914,1439,0.0,0.0,0.0
2023-02-14 15:30:00-05:00,44.66600036621094,44.67720031738281,44.63999938964844,44.63999938964844,315,0.0,0.0,0.0
2023-02-15 10:30:00-05:00,44.630001068115234,44.630001068115234,44.62990188598633,44.62990188598633,0,0.0,0.0,0.0
2023-02-15 11:30:00-05:00,44.58000183105469,44.63600158691406,44.58000183105469,44.60100173950195,1631,0.0,0.0,0.0
2023-02-15 14:30:00-05:00,44.56010055541992,44.57569885253906,44.5099983215332,44.54999923706055,3837,0.0,0.0,0.0
2023-02-15 15:30:00-05:00,44.560001373291016,44.595001220703125,44.560001373291016,44.595001220703125,171,0.0,0.0,0.0
2023-02-16 09:30:00-05:00,44.48149871826172,44.540000915527344,44.48149871826172,44.53990173339844,0,0.0,0.0,0.0
2023-02-16 12:30:00-05:00,44.5099983215332,44.510101318359375,44.47999954223633,44.47999954223633,0,0.0,0.0,0.0
2023-02-17 12:30:00-05:00,44.53200149536133,44.53200149536133,44.53200149536133,44.53200149536133,900,0.0,0.0,0.0
2023-02-17 13:30:00-05:00,44.529998779296875,44.540000915527344,44.529998779296875,44.529998779296875,852,0.0,0.0,0.0
2023-02-21 10:30:00-05:00,44.31999969482422,44.31999969482422,44.31999969482422,44.31999969482422,0,0.0,0.0,0.0
2023-02-21 11:30:00-05:00,44.310001373291016,44.31399917602539,44.29999923706055,44.31399917602539,450,0.0,0.0,0.0
2023-02-21 12:30:00-05:00,44.32709884643555,44.32709884643555,44.290000915527344,44.290000915527344,751,0.0,0.0,0.0
2023-02-21 13:30:00-05:00,44.339298248291016,44.339298248291016,44.339298248291016,44.339298248291016,566,0.0,0.0,0.0
2023-02-21 15:30:00-05:00,44.25,44.279998779296875,44.25,44.279998779296875,100,0.0,0.0,0.0
2023-02-22 13:30:00-05:00,44.23419952392578,44.23419952392578,44.23419952392578,44.23419952392578,0,0.0,0.0,0.0
2023-02-22 14:30:00-05:00,44.22249984741211,44.22249984741211,44.18000030517578,44.22249984741211,425,0.0,0.0,0.0
2023-02-23 11:30:00-05:00,44.279998779296875,44.279998779296875,44.27000045776367,44.27989959716797,567,0.0,0.0,0.0
2023-02-24 10:30:00-05:00,44.06999969482422,44.130001068115234,44.06999969482422,44.130001068115234,532,0.0,0.0,0.0
2023-02-24 11:30:00-05:00,44.13990020751953,44.13990020751953,44.13990020751953,44.13990020751953,526,0.0,0.0,0.0
2023-02-24 15:30:00-05:00,44.099998474121094,44.16999816894531,44.099998474121094,44.16999816894531,499,0.0,0.0,0.0
2023-02-27 10:30:00-05:00,44.202301025390625,44.202301025390625,44.202301025390625,44.202301025390625,0,0.0,0.0,0.0
2023-02-27 14:30:00-05:00,44.150001525878906,44.18550109863281,44.130001068115234,44.13999938964844,1696,0.0,0.0,0.0
2023-02-28 11:30:00-05:00,44.11000061035156,44.125999450683594,44.08599853515625,44.08599853515625,762,0.0,0.0,0.0
2023-02-28 12:30:00-05:00,44.179901123046875,44.18000030517578,44.179901123046875,44.18000030517578,527,0.0,0.0,0.0
2023-03-01 09:30:00-05:00,44.119998931884766,44.119998931884766,44.119998931884766,44.119998931884766,0,0.0,0.0,0.0
2023-03-01 10:30:00-05:00,44.09000015258789,44.09000015258789,44.08000183105469,44.08000183105469,487,0.0,0.0,0.0
2023-03-01 13:30:00-05:00,44.029998779296875,44.04819869995117,44.029998779296875,44.03010177612305,303,0.0,0.0,0.0
2023-03-01 14:30:00-05:00,44.040000915527344,44.060001373291016,44.040000915527344,44.060001373291016,0,0.0,0.0,0.0
2023-03-02 11:30:00-05:00,43.936798095703125,43.936798095703125,43.936798095703125,43.936798095703125,176,0.0,0.0,0.0
2023-03-02 12:30:00-05:00,43.95989990234375,43.95989990234375,43.95989990234375,43.95989990234375,352,0.0,0.0,0.0
2023-03-02 14:30:00-05:00,43.99369812011719,43.99369812011719,43.98500061035156,43.98500061035156,1001,0.0,0.0,0.0
2023-03-02 15:30:00-05:00,44.02000045776367,44.08000183105469,43.91999816894531,43.959999084472656,8006,0.0,0.0,0.0
2023-03-03 09:30:00-05:00,44.09000015258789,44.09000015258789,44.04999923706055,44.04999923706055,0,0.0,0.0,0.0
2023-03-03 10:30:00-05:00,44.060001373291016,44.06999969482422,44.040000915527344,44.040000915527344,341,0.0,0.0,0.0
2023-03-03 12:30:00-05:00,44.07500076293945,44.07500076293945,44.07500076293945,44.07500076293945,218,0.0,0.0,0.0
2023-03-03 13:30:00-05:00,44.07500076293945,44.07500076293945,44.07500076293945,44.07500076293945,733,0.0,0.0,0.0
2023-03-03 14:30:00-05:00,44.08000183105469,44.17399978637695,44.08000183105469,44.14400100708008,1705,0.0,0.0,0.0
2023-03-03 15:30:00-05:00,44.18000030517578,44.18000030517578,44.13999938964844,44.15999984741211,1002,0.0,0.0,0.0
2023-03-06 10:30:00-05:00,44.229801177978516,44.229801177978516,44.229801177978516,44.229801177978516,1034,0.0,0.0,0.0
2023-03-06 13:30:00-05:00,44.20940017700195,44.20940017700195,44.154998779296875,44.154998779296875,0,0.0,0.0,0.0
2023-03-07 13:30:00-05:00,44.10499954223633,44.10499954223633,44.08000183105469,44.08000183105469,596,0.0,0.0,0.0
2023-03-08 12:30:00-05:00,44.01599884033203,44.01599884033203,44.01599884033203,44.01599884033203,0,0.0,0.0,0.0
2023-03-08 13:30:00-05:00,43.970001220703125,43.970001220703125,43.970001220703125,43.970001220703125,333,0.0,0.0,0.0
2023-03-08 14:30:00-05:00,43.939998626708984,43.9900016784668,43.93000030517578,43.93000030517578,1330,0.0,0.0,0.0
2023-03-08 15:30:00-05:00,43.9900016784668,43.9900016784668,43.91999816894531,43.96500015258789,2502,0.0,0.0,0.0
2023-03-09 09:30:00-05:00,44.04999923706055,44.04999923706055,44.0099983215332,44.0099983215332,0,0.0,0.0,0.0
2023-03-09 12:30:00-05:00,44.040000915527344,44.040000915527344,44.040000915527344,44.040000915527344,490,0.0,0.0,0.0
2023-03-09 15:30:00-05:00,43.97999954223633,44.029998779296875,43.91999816894531,43.99829864501953,3921,0.0,0.0,0.0
2023-03-10 09:30:00-05:00,44.13999938964844,44.280799865722656,44.13999938964844,44.2400016784668,0,0.0,0.0,0.0
2023-03-10 10:30:00-05:00,44.2599983215332,44.2599983215332,44.25,44.255001068115234,392,0.0,0.0,0.0
2023-03-13 11:30:00-04:00,44.40610122680664,44.40610122680664,44.40610122680664,44.40610122680664,265,0.0,0.0,0.0
2023-03-13 12:30:00-04:00,44.399898529052734,44.400001525878906,44.34000015258789,44.34000015258789,1412,0.0,0.0,0.0
2023-03-14 10:30:00-04:00,44.22269821166992,44.22269821166992,44.22269821166992,44.22269821166992,0,0.0,0.0,0.0
2023-03-14 11:30:00-04:00,44.290000915527344,44.290000915527344,44.290000915527344,44.290000915527344,113,0.0,0.0,0.0
2023-03-14 12:30:00-04:00,44.290000915527344,44.32500076293945,44.290000915527344,44.310001373291016,10661,0.0,0.0,0.0
2023-03-14 13:30:00-04:00,44.310001373291016,44.310001373291016,44.29999923706055,44.310001373291016,2106,0.0,0.0,0.0
2023-03-14 14:30:00-04:00,44.310001373291016,44.34000015258789,44.2599983215332,44.314998626708984,7342,0.0,0.0,0.0
2023-03-14 15:30:00-04:00,44.290000915527344,44.33000183105469,44.255001068115234,44.255001068115234,3155,0.0,0.0,0.0
2023-03-15 09:30:00-04:00,44.4900016784668,44.4900016784668,44.4900016784668,44.4900016784668,0,0.0,0.0,0.0
2023-03-15 12:30:00-04:00,44.34600067138672,44.34600067138672,44.34600067138672,44.34600067138672,313,0.0,0.0,0.0
2023-03-15 14:30:00-04:00,44.24610137939453,44.25,44.24610137939453,44.25,517,0.0,0.0,0.0
2023-03-15 15:30:00-04:00,44.279998779296875,44.400001525878906,44.27330017089844,44.400001525878906,531,0.0,0.0,0.0
2023-03-16 10:30:00-04:00,44.34989929199219,44.349998474121094,44.310001373291016,44.310001373291016,0,0.0,0.0,0.0
2023-03-16 12:30:00-04:00,44.160099029541016,44.160099029541016,44.160099029541016,44.160099029541016,100,0.0,0.0,0.0
2023-03-16 13:30:00-04:00,44.20500183105469,44.249698638916016,44.20500183105469,44.249698638916016,792,0.0,0.0,0.0
2023-03-16 14:30:00-04:00,44.244998931884766,44.255001068115234,44.20000076293945,44.20000076293945,475,0.0,0.0,0.0
2023-03-17 09:30:00-04:00,44.40999984741211,44.40999984741211,44.40999984741211,44.40999984741211,0,0.0,0.0,0.0
2023-03-17 10:30:00-04:00,44.42499923706055,44.42499923706055,44.42499923706055,44.42499923706055,529,0.0,0.0,0.0
2023-03-17 11:30:00-04:00,44.470001220703125,44.470001220703125,44.470001220703125,44.470001220703125,340,0.0,0.0,0.0
2023-03-17 12:30:00-04:00,44.35020065307617,44.459999084472656,44.35020065307617,44.459999084472656,2421,0.0,0.0,0.0
2023-03-17 13:30:00-04:00,44.36000061035156,44.41999816894531,44.33000183105469,44.41999816894531,1531,0.0,0.0,0.0
2023-03-17 14:30:00-04:00,44.40999984741211,44.40999984741211,44.40999984741211,44.40999984741211,204,0.0,0.0,0.0
2023-03-17 15:30:00-04:00,44.38999938964844,44.42850112915039,44.374000549316406,44.374000549316406,754,0.0,0.0,0.0
2023-03-20 11:30:00-04:00,44.2400016784668,44.25,44.220001220703125,44.25,262,0.0,0.0,0.0
2023-03-20 13:30:00-04:00,44.290000915527344,44.290000915527344,44.2599983215332,44.26599884033203,824,0.0,0.0,0.0
2023-03-20 15:30:00-04:00,44.2599983215332,44.30440139770508,44.22999954223633,44.30440139770508,8745,0.0,0.0,0.0
2023-03-21 10:30:00-04:00,44.25,44.25239944458008,44.25,44.25239944458008,275,0.0,0.0,0.0
2023-03-21 11:30:00-04:00,44.2599983215332,44.289398193359375,44.2599983215332,44.289398193359375,742,0.0,0.0,0.0
2023-03-21 12:30:00-04:00,44.25,44.2505989074707,44.220001220703125,44.220001220703125,460,0.0,0.0,0.0
2023-03-21 13:30:00-04:00,44.25,44.25,44.25,44.25,462,0.0,0.0,0.0
2023-03-21 15:30:00-04:00,44.25,44.26969909667969,44.25,44.26969909667969,0,0.0,0.0,0.0
2023-03-22 11:30:00-04:00,44.24399948120117,44.24399948120117,44.24399948120117,44.24399948120117,794,0.0,0.0,0.0
2023-03-22 13:30:00-04:00,44.40119934082031,44.40119934082031,44.40119934082031,44.40119934082031,329,0.0,0.0,0.0
2023-03-22 14:30:00-04:00,44.4900016784668,44.61940002441406,44.4900016784668,44.61940002441406,583,0.0,0.0,0.0
2023-03-22 15:30:00-04:00,44.47999954223633,44.54999923706055,44.47999954223633,44.47999954223633,187,0.0,0.0,0.0
2023-03-23 10:30:00-04:00,44.560001373291016,44.560001373291016,44.560001373291016,44.560001373291016,0,0.0,0.0,0.0
2023-03-23 11:30:00-04:00,44.54999923706055,44.55009841918945,44.529998779296875,44.529998779296875,461,0.0,0.0,0.0
2023-03-23 12:30:00-04:00,44.54999923706055,44.54999923706055,44.54999923706055,44.54999923706055,232,0.0,0.0,0.0
2023-03-23 14:30:00-04:00,44.599998474121094,44.599998474121094,44.59989929199219,44.59989929199219,2937,0.0,0.0,0.0
2023-03-23 15:30:00-04:00,44.5900993347168,44.5900993347168,44.560001373291016,44.59000015258789,525,0.0,0.0,0.0
2023-03-24 11:30:00-04:00,44.45500183105469,44.45500183105469,44.43730163574219,44.43730163574219,528,0.0,0.0,0.0
2023-03-24 12:30:00-04:00,44.400001525878906,44.4010009765625,44.36000061035156,44.361000061035156,1275,0.0,0.0,0.0
2023-03-24 13:30:00-04:00,44.459999084472656,44.459999084472656,44.45989990234375,44.45989990234375,1816,0.0,0.0,0.0
2023-03-24 15:30:00-04:00,44.420101165771484,44.464500427246094,44.34000015258789,44.464500427246094,2608,0.0,0.0,0.0
2023-03-27 09:30:00-04:00,44.209999084472656,44.209999084472656,44.209999084472656,44.209999084472656,789,0.0,0.0,0.0
2023-03-27 13:30:00-04:00,44.35599899291992,44.35599899291992,44.31999969482422,44.31999969482422,344,0.0,0.0,0.0
2023-03-27 14:30:00-04:00,44.304100036621094,44.32400131225586,44.29999923706055,44.29999923706055,853,0.0,0.0,0.0
2023-03-28 09:30:00-04:00,44.220001220703125,44.220001220703125,44.220001220703125,44.220001220703125,0,0.0,0.0,0.0
2023-03-28 10:30:00-04:00,44.220001220703125,44.220001220703125,44.220001220703125,44.220001220703125,899,0.0,0.0,0.0
2023-03-28 14:30:00-04:00,44.220001220703125,44.220001220703125,44.11000061035156,44.19279861450195,11662,0.0,0.0,0.0
2023-03-29 11:30:00-04:00,44.25,44.25,44.25,44.25,0,0.0,0.0,0.0
2023-03-29 14:30:00-04:00,44.237998962402344,44.28990173339844,44.13999938964844,44.224998474121094,5123,0.0,0.0,0.0
2023-03-30 11:30:00-04:00,44.36000061035156,44.36000061035156,44.36000061035156,44.36000061035156,0,0.0,0.0,0.0
2023-03-30 12:30:00-04:00,44.36989974975586,44.36989974975586,44.36989974975586,44.36989974975586,104,0.0,0.0,0.0
2023-03-30 14:30:00-04:00,44.358001708984375,44.358001708984375,44.358001708984375,44.358001708984375,200,0.0,0.0,0.0
2023-03-30 15:30:00-04:00,44.345001220703125,44.345001220703125,44.345001220703125,44.345001220703125,313,0.0,0.0,0.0
2023-03-31 13:30:00-04:00,44.459999084472656,44.470001220703125,44.452301025390625,44.470001220703125,703,0.0,0.0,0.0
2023-03-31 15:30:00-04:00,44.459999084472656,44.470001220703125,44.459999084472656,44.470001220703125,1400,0.0,0.0,0.0
2023-04-03 12:30:00-04:00,44.55970001220703,44.55979919433594,44.512001037597656,44.512001037597656,1225,0.0,0.0,0.0
2023-04-03 13:30:00-04:00,44.560001373291016,44.58000183105469,44.560001373291016,44.58000183105469,338,0.0,0.0,0.0
2023-04-03 14:30:00-04:00,44.630001068115234,44.630001068115234,44.619998931884766,44.62009811401367,1526,0.0,0.0,0.0
2023-04-03 15:30:00-04:00,44.619998931884766,44.68000030517578,44.619998931884766,44.619998931884766,110,0.0,0.0,0.0
2023-04-04 10:30:00-04:00,44.659000396728516,44.77399826049805,44.659000396728516,44.77399826049805,4207,0.0,0.0,0.0
2023-04-04 11:30:00-04:00,44.77399826049805,44.82099914550781,44.762001037597656,44.82099914550781,8872,0.0,0.0,0.0
2023-04-04 12:30:00-04:00,44.81999969482422,44.832000732421875,44.8120002746582,44.832000732421875,1513,0.0,0.0,0.0
2023-04-04 13:30:00-04:00,44.77000045776367,44.81999969482422,44.77000045776367,44.77450180053711,2116,0.0,0.0,0.0
2023-04-04 15:30:00-04:00,44.75,44.81999969482422,44.7400016784668,44.75,0,0.0,0.0,0.0
2023-04-05 13:30:00-04:00,44.82500076293945,44.84000015258789,44.82500076293945,44.82899856567383,370,0.0,0.0,0.0
2023-04-05 15:30:00-04:00,44.79999923706055,44.79999923706055,44.79999923706055,44.79999923706055,225,0.0,0.0,0.0
2023-04-06 11:30:00-04:00,44.81999969482422,44.83000183105469,44.81999969482422,44.83000183105469,0,0.0,0.0,0.0
2023-04-06 14:30:00-04:00,44.81999969482422,44.82500076293945,44.7599983215332,44.7599983215332,1403,0.0,0.0,0.0
2023-04-10 09:30:00-04:00,44.574798583984375,44.574798583984375,44.574798583984375,44.574798583984375,0,0.0,0.0,0.0
2023-04-10 10:30:00-04:00,44.599998474121094,44.61000061035156,44.599998474121094,44.61000061035156,2526,0.0,0.0,0.0
2023-04-10 11:30:00-04:00,44.61000061035156,44.61000061035156,44.571998596191406,44.571998596191406,608,0.0,0.0,0.0
2023-04-10 13:30:00-04:00,44.619998931884766,44.63999938964844,44.61000061035156,44.63999938964844,1299,0.0,0.0,0.0
2023-04-10 14:30:00-04:00,44.61000061035156,44.650001525878906,44.61000061035156,44.650001525878906,0,0.0,0.0,0.0
2023-04-11 11:30:00-04:00,44.58000183105469,44.6609992980957,44.58000183105469,44.63999938964844,2320,0.0,0.0,0.0
2023-04-11 13:30:00-04:00,44.63999938964844,44.650001525878906,44.60499954223633,44.650001525878906,1235,0.0,0.0,0.0
2023-04-11 15:30:00-04:00,44.65999984741211,44.65999984741211,44.63100051879883,44.65999984741211,400,0.0,0.0,0.0
2023-04-12 09:30:00-04:00,44.810001373291016,44.810001373291016,44.7599983215332,44.7599983215332,0,0.0,0.0,0.0
2023-04-12 10:30:00-04:00,44.72999954223633,44.7599983215332,44.720001220703125,44.7599983215332,500,0.0,0.0,0.0
2023-04-12 11:30:00-04:00,44.7599983215332,44.7599983215332,44.75,44.75,425,0.0,0.0,0.0
2023-04-12 12:30:00-04:00,44.7400016784668,44.7400016784668,44.720001220703125,44.72999954223633,1059,0.0,0.0,0.0
2023-04-12 13:30:00-04:00,44.68339920043945,44.7599983215332,44.68339920043945,44.721500396728516,1457,0.0,0.0,0.0
2023-04-12 15:30:00-04:00,44.7400016784668,44.7599983215332,44.7400016784668,44.7400016784668,650,0.0,0.0,0.0
2023-04-13 09:30:00-04:00,44.779998779296875,44.779998779296875,44.779998779296875,44.779998779296875,0,0.0,0.0,0.0
2023-04-13 13:30:00-04:00,44.83000183105469,44.83000183105469,44.790000915527344,44.790000915527344,439,0.0,0.0,0.0
2023-04-14 10:30:00-04:00,44.65999984741211,44.65999984741211,44.65999984741211,44.65999984741211,0,0.0,0.0,0.0
2023-04-14 11:30:00-04:00,44.68000030517578,44.70000076293945,44.6797981262207,44.6797981262207,8929,0.0,0.0,0.0
2023-04-14 12:30:00-04:00,44.62110137939453,44.62110137939453,44.619998931884766,44.619998931884766,103,0.0,0.0,0.0
2023-04-17 11:30:00-04:00,44.4900016784668,44.4900016784668,44.46799850463867,44.4900016784668,637,0.0,0.0,0.0
2023-04-17 13:30:00-04:00,44.51940155029297,44.51940155029297,44.51940155029297,44.51940155029297,608,0.0,0.0,0.0
2023-04-17 14:30:00-04:00,44.4640007019043,44.48500061035156,44.448001861572266,44.48500061035156,0,0.0,0.0,0.0
2023-04-18 10:30:00-04:00,44.54499816894531,44.54499816894531,44.54499816894531,44.54499816894531,319,0.0,0.0,0.0
2023-04-18 12:30:00-04:00,44.5,44.5,44.5,44.5,1260,0.0,0.0,0.0
2023-04-18 14:30:00-04:00,44.505001068115234,44.505001068115234,44.505001068115234,44.505001068115234,334,0.0,0.0,0.0
2023-04-18 15:30:00-04:00,44.4900016784668,44.51539993286133,44.4900016784668,44.51539993286133,120,0.0,0.0,0.0
2023-04-19 11:30:00-04:00,44.489898681640625,44.489898681640625,44.489898681640625,44.489898681640625,0,0.0,0.0,0.0
2023-04-19 12:30:00-04:00,44.42399978637695,44.52000045776367,44.42399978637695,44.51860046386719,1493,0.0,0.0,0.0
2023-04-19 14:30:00-04:00,44.48320007324219,44.48320007324219,44.470001220703125,44.470001220703125,619,0.0,0.0,0.0
2023-04-20 09:30:00-04:00,44.470001220703125,44.470001220703125,44.470001220703125,44.470001220703125,0,0.0,0.0,0.0
2023-04-20 10:30:00-04:00,44.60060119628906,44.60060119628906,44.60060119628906,44.60060119628906,930,0.0,0.0,0.0
2023-04-20 15:30:00-04:00,44.57500076293945,44.57500076293945,44.540000915527344,44.57500076293945,100,0.0,0.0,0.0
2023-04-21 11:30:00-04:00,44.4203987121582,44.4203987121582,44.4203987121582,44.4203987121582,0,0.0,0.0,0.0
2023-04-21 12:30:00-04:00,44.380001068115234,44.47999954223633,44.380001068115234,44.47999954223633,0,0.0,0.0,0.0
2023-04-21 13:30:00-04:00,44.459999084472656,44.459999084472656,44.459999084472656,44.459999084472656,1931,0.0,0.0,0.0
2023-04-21 14:30:00-04:00,44.436500549316406,44.436500549316406,44.42499923706055,44.42499923706055,0,0.0,0.0,0.0
2023-04-24 09:30:00-04:00,44.56999969482422,44.56999969482422,44.43000030517578,44.43000030517578,0,0.0,0.0,0.0
2023-04-24 14:30:00-04:00,44.507301330566406,44.507301330566406,44.507301330566406,44.507301330566406,0,0.0,0.0,0.0
2023-04-24 15:30:00-04:00,44.560001373291016,44.56999969482422,44.560001373291016,44.56999969482422,0,0.0,0.0,0.0
2023-04-25 10:30:00-04:00,44.66999816894531,44.68000030517578,44.650001525878906,44.679100036621094,2290,0.0,0.0,0.0
2023-04-25 13:30:00-04:00,44.63010025024414,44.63010025024414,44.63010025024414,44.63010025024414,179,0.0,0.0,0.0
2023-04-25 14:30:00-04:00,44.685001373291016,44.685001373291016,44.685001373291016,44.685001373291016,345,0.0,0.0,0.0
2023-04-25 15:30:00-04:00,44.66999816894531,44.66999816894531,44.66999816894531,44.66999816894531,154,0.0,0.0,0.0
2023-04-26 10:30:00-04:00,44.6349983215332,44.6349983215332,44.599998474121094,44.599998474121094,0,0.0,0.0,0.0
2023-04-26 11:30:00-04:00,44.619998931884766,44.619998931884766,44.57899856567383,44.57899856567383,1467,0.0,0.0,0.0
2023-04-26 12:30:00-04:00,44.59989929199219,44.59989929199219,44.59989929199219,44.59989929199219,547,0.0,0.0,0.0
2023-04-26 13:30:00-04:00,44.56999969482422,44.57500076293945,44.56999969482422,44.57500076293945,0,0.0,0.0,0.0
2023-04-27 09:30:00-04:00,44.49599838256836,44.49599838256836,44.49599838256836,44.49599838256836,0,0.0,0.0,0.0
2023-04-27 11:30:00-04:00,44.54999923706055,44.54999923706055,44.54819869995117,44.54819869995117,1876,0.0,0.0,0.0
2023-04-27 12:30:00-04:00,44.54999923706055,44.54999923706055,44.54880142211914,44.54880142211914,326,0.0,0.0,0.0
2023-04-27 13:30:00-04:00,44.4989013671875,44.4989013671875,44.4989013671875,44.4989013671875,127,0.0,0.0,0.0
2023-04-27 14:30:00-04:00,44.5099983215332,44.54999923706055,44.5099983215332,44.53990173339844,1286,0.0,0.0,0.0
2023-04-28 10:30:00-04:00,44.590999603271484,44.590999603271484,44.590999603271484,44.590999603271484,0,0.0,0.0,0.0
2023-04-28 11:30:00-04:00,44.58060073852539,44.58060073852539,44.58060073852539,44.58060073852539,247,0.0,0.0,0.0
2023-04-28 12:30:00-04:00,44.6349983215332,44.6349983215332,44.6349983215332,44.6349983215332,274,0.0,0.0,0.0
2023-04-28 14:30:00-04:00,44.63999938964844,44.63999938964844,44.620201110839844,44.620201110839844,5787,0.0,0.0,0.0
2023-05-01 12:30:00-04:00,44.41999816894531,44.5,44.41999816894531,44.5,100,0.0,0.0,0.0
2023-05-01 13:30:00-04:00,44.467201232910156,44.4900016784668,44.467201232910156,44.4900016784668,756,0.0,0.0,0.0
2023-05-01 15:30:00-04:00,44.439998626708984,44.439998626708984,44.404998779296875,44.439998626708984,383,0.0,0.0,0.0
2023-05-02 10:30:00-04:00,44.5099983215332,44.529998779296875,44.5099983215332,44.529998779296875,957,0.0,0.0,0.0
2023-05-02 11:30:00-04:00,44.61000061035156,44.61000061035156,44.61000061035156,44.61000061035156,678,0.0,0.0,0.0
2023-05-02 12:30:00-04:00,44.54999923706055,44.61000061035156,44.54999923706055,44.61000061035156,259,0.0,0.0,0.0
2023-05-02 13:30:00-04:00,44.597999572753906,44.597999572753906,44.597999572753906,44.597999572753906,256,0.0,0.0,0.0
2023-05-02 14:30:00-04:00,44.54999923706055,44.54999923706055,44.54999923706055,44.54999923706055,0,0.0,0.0,0.0
2023-05-02 15:30:00-04:00,44.60499954223633,44.63999938964844,44.56999969482422,44.56999969482422,3169,0.0,0.0,0.0
2023-05-03 09:30:00-04:00,44.630001068115234,44.63999938964844,44.630001068115234,44.63999938964844,0,0.0,0.0,0.0
2023-05-03 10:30:00-04:00,44.67499923706055,44.67499923706055,44.67499923706055,44.67499923706055,114,0.0,0.0,0.0
2023-05-03 14:30:00-04:00,44.66999816894531,44.66999816894531,44.66400146484375,44.66400146484375,0,0.0,0.0,0.0
2023-05-03 15:30:00-04:00,44.709999084472656,44.720001220703125,44.709999084472656,44.709999084472656,1503,0.0,0.0,0.0
2023-05-04 11:30:00-04:00,44.763999938964844,44.77000045776367,44.763999938964844,44.77000045776367,0,0.0,0.0,0.0
2023-05-04 12:30:00-04:00,44.810001373291016,44.810001373291016,44.809898376464844,44.810001373291016,830,0.0,0.0,0.0
2023-05-04 13:30:00-04:00,44.75,44.75,44.75,44.75,210,0.0,0.0,0.0
2023-05-04 15:30:00-04:00,44.709999084472656,44.709999084472656,44.69499969482422,44.69499969482422,0,0.0,0.0,0.0
2023-05-05 12:30:00-04:00,44.58000183105469,44.60499954223633,44.58000183105469,44.60499954223633,0,0.0,0.0,0.0
2023-05-08 11:30:00-04:00,44.5099983215332,44.540000915527344,44.5099983215332,44.540000915527344,1311,0.0,0.0,0.0
2023-05-08 12:30:00-04:00,44.540000915527344,44.540000915527344,44.540000915527344,44.540000915527344,1774,0.0,0.0,0.0
2023-05-08 13:30:00-04:00,44.540000915527344,44.540000915527344,44.540000915527344,44.540000915527344,131,0.0,0.0,0.0
2023-05-08 14:30:00-04:00,44.5,44.5,44.48500061035156,44.48500061035156,0,0.0,0.0,0.0
2023-05-08 15:30:00-04:00,44.5,44.5099983215332,44.48440170288086,44.5099983215332,99,0.0,0.0,0.0
2023-05-09 10:30:00-04:00,44.448001861572266,44.448001861572266,44.448001861572266,44.448001861572266,306,0.0,0.0,0.0
2023-05-09 12:30:00-04:00,44.47380065917969,44.4900016784668,44.47380065917969,44.4900016784668,330,0.0,0.0,0.0
2023-05-09 13:30:00-04:00,44.47990036010742,44.47990036010742,44.47990036010742,44.47990036010742,409,0.0,0.0,0.0
2023-05-09 15:30:00-04:00,44.46500015258789,44.47999954223633,44.45000076293945,44.45500183105469,0,0.0,0.0,0.0
2023-05-10 10:30:00-04:00,44.619998931884766,44.619998931884766,44.58000183105469,44.58000183105469,283,0.0,0.0,0.0
2023-05-10 12:30:00-04:00,44.619998931884766,44.619998931884766,44.619998931884766,44.619998931884766,0,0.0,0.0,0.0
2023-05-10 13:30:00-04:00,44.64899826049805,44.650001525878906,44.619998931884766,44.63999938964844,3592,0.0,0.0,0.0
2023-05-10 14:30:00-04:00,44.650001525878906,44.650001525878906,44.650001525878906,44.650001525878906,0,0.0,0.0,0.0
2023-05-10 15:30:00-04:00,44.64500045776367,44.65999984741211,44.64500045776367,44.64500045776367,3800,0.0,0.0,0.0
2023-05-11 09:30:00-04:00,44.720001220703125,44.720001220703125,44.720001220703125,44.720001220703125,0,0.0,0.0,0.0
2023-05-11 10:30:00-04:00,44.690101623535156,44.690101623535156,44.690101623535156,44.690101623535156,169,0.0,0.0,0.0
2023-05-11 11:30:00-04:00,44.720001220703125,44.75,44.720001220703125,44.75,3226,0.0,0.0,0.0
2023-05-11 12:30:00-04:00,44.7400016784668,44.7400016784668,44.7400016784668,44.7400016784668,0,0.0,0.0,0.0
2023-05-11 13:30:00-04:00,44.7400016784668,44.7400016784668,44.7400016784668,44.7400016784668,3983,0.0,0.0,0.0
2023-05-11 14:30:00-04:00,44.72990036010742,44.72999954223633,44.709999084472656,44.720001220703125,1584,0.0,0.0,0.0
2023-05-11 15:30:00-04:00,44.709999084472656,44.709999084472656,44.68000030517578,44.68000030517578,0,0.0,0.0,0.0
2023-05-12 11:30:00-04:00,44.60499954223633,44.60499954223633,44.60499954223633,44.60499954223633,0,0.0,0.0,0.0
2023-05-12 12:30:00-04:00,44.619998931884766,44.619998931884766,44.57500076293945,44.619998931884766,382,0.0,0.0,0.0
2023-05-15 10:30:00-04:00,44.51139831542969,44.54999923706055,44.51139831542969,44.54999923706055,1100,0.0,0.0,0.0
2023-05-15 11:30:00-04:00,44.540000915527344,44.540000915527344,44.540000915527344,44.540000915527344,100,0.0,0.0,0.0
2023-05-15 12:30:00-04:00,44.540000915527344,44.540000915527344,44.540000915527344,44.540000915527344,274,0.0,0.0,0.0
2023-05-15 14:30:00-04:00,44.525001525878906,44.540000915527344,44.525001525878906,44.540000915527344,971,0.0,0.0,0.0
2023-05-15 15:30:00-04:00,44.5099983215332,44.540000915527344,44.5099983215332,44.5265007019043,1067,0.0,0.0,0.0
2023-05-16 12:30:00-04:00,44.439998626708984,44.448001861572266,44.43949890136719,44.43960189819336,0,0.0,0.0,0.0
2023-05-16 13:30:00-04:00,44.45000076293945,44.45000076293945,44.44990158081055,44.44990158081055,280,0.0,0.0,0.0
2023-05-16 14:30:00-04:00,44.41999816894531,44.435001373291016,44.41999816894531,44.41999816894531,0,0.0,0.0,0.0
2023-05-17 09:30:00-04:00,44.43000030517578,44.43000030517578,44.43000030517578,44.43000030517578,472,0.0,0.0,0.0
2023-05-17 13:30:00-04:00,44.40850067138672,44.40850067138672,44.40850067138672,44.40850067138672,356,0.0,0.0,0.0
2023-05-17 14:30:00-04:00,44.400001525878906,44.40420150756836,44.400001525878906,44.400001525878906,157,0.0,0.0,0.0
2023-05-18 13:30:00-04:00,44.3400993347168,44.36000061035156,44.3400993347168,44.36000061035156,0,0.0,0.0,0.0
2023-05-19 09:30:00-04:00,44.2400016784668,44.2400016784668,44.2400016784668,44.2400016784668,529,0.0,0.0,0.0
2023-05-19 13:30:00-04:00,44.31999969482422,44.329898834228516,44.31999969482422,44.329898834228516,843,0.0,0.0,0.0
2023-05-19 14:30:00-04:00,44.25,44.25,44.25,44.25,0,0.0,0.0,0.0
2023-05-22 11:30:00-04:00,44.22999954223633,44.230098724365234,44.20000076293945,44.220001220703125,2400,0.0,0.0,0.0
2023-05-22 12:30:00-04:00,44.237998962402344,44.27899932861328,44.22999954223633,44.27899932861328,515,0.0,0.0,0.0
2023-05-22 13:30:00-04:00,44.2400016784668,44.27000045776367,44.2400016784668,44.25,350,0.0,0.0,0.0
2023-05-22 14:30:00-04:00,44.25,44.25,44.2400016784668,44.2400016784668,0,0.0,0.0,0.0
2023-05-22 15:30:00-04:00,44.2400016784668,44.2400016784668,44.220001220703125,44.220001220703125,3580,0.0,0.0,0.0
2023-05-23 09:30:00-04:00,44.06100082397461,44.08100128173828,44.06100082397461,44.08100128173828,0,0.0,0.0,0.0
2023-05-23 10:30:00-04:00,44.10900115966797,44.10900115966797,44.10900115966797,44.10900115966797,344,0.0,0.0,0.0
2023-05-23 13:30:00-04:00,44.10499954223633,44.119998931884766,44.09000015258789,44.09000015258789,1730,0.0,0.0,0.0
2023-05-23 14:30:00-04:00,44.099998474121094,44.099998474121094,44.08000183105469,44.08000183105469,4616,0.0,0.0,0.0
2023-05-23 15:30:00-04:00,44.08000183105469,44.099998474121094,44.08000183105469,44.099998474121094,2499,0.0,0.0,0.0
2023-05-24 09:30:00-04:00,44.099998474121094,44.099998474121094,44.099998474121094,44.099998474121094,0,0.0,0.0,0.0
2023-05-24 10:30:00-04:00,44.06999969482422,44.06999969482422,44.06999969482422,44.06999969482422,115,0.0,0.0,0.0
2023-05-24 11:30:00-04:00,44.06700134277344,44.06700134277344,44.06700134277344,44.06700134277344,2367,0.0,0.0,0.0
2023-05-24 12:30:00-04:00,43.999900817871094,43.999900817871094,43.999900817871094,43.999900817871094,0,0.0,0.0,0.0
2023-05-24 15:30:00-04:00,44.0,44.00019836425781,43.77000045776367,43.99769973754883,3,0.0,0.0,0.0
2023-05-25 09:30:00-04:00,43.9379997253418,43.9379997253418,43.9379997253418,43.9379997253418,0,0.0,0.0,0.0
2023-05-25 10:30:00-04:00,43.91999816894531,43.91999816894531,43.91999816894531,43.91999816894531,244,0.0,0.0,0.0
2023-05-25 11:30:00-04:00,43.88999938964844,43.89039993286133,43.880001068115234,43.880001068115234,620,0.0,0.0,0.0
2023-05-25 12:30:00-04:00,43.909000396728516,43.909000396728516,43.909000396728516,43.909000396728516,0,0.0,0.0,0.0
2023-05-25 13:30:00-04:00,43.89400100708008,43.89400100708008,43.869998931884766,43.869998931884766,1714,0.0,0.0,0.0
2023-05-25 15:30:00-04:00,43.845401763916016,43.845401763916016,43.83000183105469,43.845401763916016,100,0.0,0.0,0.0
2023-05-26 09:30:00-04:00,43.849998474121094,43.849998474121094,43.849998474121094,43.849998474121094,0,0.0,0.0,0.0
2023-05-26 10:30:00-04:00,43.83000183105469,43.83000183105469,43.82600021362305,43.82600021362305,629,0.0,0.0,0.0
2023-05-26 11:30:00-04:00,43.83150100708008,43.849998474121094,43.83150100708008,43.849998474121094,436,0.0,0.0,0.0
2023-05-26 12:30:00-04:00,43.86000061035156,43.889801025390625,43.86000061035156,43.889801025390625,736,0.0,0.0,0.0
2023-05-26 13:30:00-04:00,43.90999984741211,43.90999984741211,43.90999984741211,43.90999984741211,157,0.0,0.0,0.0
2023-05-26 15:30:00-04:00,43.90999984741211,43.90999984741211,43.89500045776367,43.89500045776367,100,0.0,0.0,0.0
2023-05-30 10:30:00-04:00,44.06999969482422,44.06999969482422,44.05099868774414,44.05099868774414,265,0.0,0.0,0.0
2023-05-30 12:30:00-04:00,44.10499954223633,44.10499954223633,44.08000183105469,44.08000183105469,105,0.0,0.0,0.0
2023-05-31 12:30:00-04:00,44.150001525878906,44.150001525878906,44.1416015625,44.1416015625,279,0.0,0.0,0.0
2023-05-31 13:30:00-04:00,44.150001525878906,44.207401275634766,44.150001525878906,44.207401275634766,0,0.0,0.0,0.0
2023-06-01 09:30:00-04:00,44.29600143432617,44.29600143432617,44.29600143432617,44.29600143432617,189,0.0,0.0,0.0
2023-06-01 10:30:00-04:00,44.2400016784668,44.2400016784668,44.2400016784668,44.2400016784668,5068,0.0,0.0,0.0
2023-06-01 12:30:00-04:00,44.27080154418945,44.27080154418945,44.27080154418945,44.27080154418945,456,0.0,0.0,0.0
2023-06-01 13:30:00-04:00,44.29899978637695,44.29999923706055,44.279998779296875,44.28799819946289,616,0.0,0.0,0.0
2023-06-02 10:30:00-04:00,44.23099899291992,44.236000061035156,44.23099899291992,44.233001708984375,0,0.0,0.0,0.0
2023-06-02 11:30:00-04:00,44.222999572753906,44.23899841308594,44.222999572753906,44.23899841308594,854,0.0,0.0,0.0
2023-06-02 14:30:00-04:00,44.215999603271484,44.2400016784668,44.215999603271484,44.2400016784668,180,0.0,0.0,0.0
2023-06-05 11:30:00-04:00,44.224098205566406,44.224098205566406,44.224098205566406,44.224098205566406,0,0.0,0.0,0.0
2023-06-05 12:30:00-04:00,44.20909881591797,44.20909881591797,44.20909881591797,44.20909881591797,351,0.0,0.0,0.0
2023-06-05 13:30:00-04:00,44.209999084472656,44.209999084472656,44.209999084472656,44.209999084472656,1248,0.0,0.0,0.0
2023-06-05 14:30:00-04:00,44.189998626708984,44.21500015258789,44.189998626708984,44.20000076293945,1980,0.0,0.0,0.0
2023-06-05 15:30:00-04:00,44.189998626708984,44.189998626708984,44.119998931884766,44.189998626708984,1348,0.0,0.0,0.0
2023-06-06 09:30:00-04:00,44.119998931884766,44.18000030517578,44.119998931884766,44.18000030517578,0,0.0,0.0,0.0
2023-06-06 11:30:00-04:00,44.21670150756836,44.21979904174805,44.189998626708984,44.189998626708984,2555,0.0,0.0,0.0
2023-06-06 12:30:00-04:00,44.20000076293945,44.209999084472656,44.20000076293945,44.209999084472656,209,0.0,0.0,0.0
2023-06-06 13:30:00-04:00,44.20000076293945,44.220001220703125,44.20000076293945,44.220001220703125,484,0.0,0.0,0.0
2023-06-06 14:30:00-04:00,44.220001220703125,44.2400016784668,44.20000076293945,44.20000076293945,1203,0.0,0.0,0.0
2023-06-06 15:30:00-04:00,44.220001220703125,44.242000579833984,44.209999084472656,44.209999084472656,0,0.0,0.0,0.0
2023-06-07 09:30:00-04:00,44.191001892089844,44.209999084472656,44.180999755859375,44.209999084472656,1228,0.0,0.0,0.0
2023-06-07 10:30:00-04:00,44.14099884033203,44.14099884033203,44.14099884033203,44.14099884033203,100,0.0,0.0,0.0
2023-06-07 11:30:00-04:00,44.13100051879883,44.13100051879883,44.09000015258789,44.090599060058594,3964,0.0,0.0,0.0
2023-06-07 12:30:00-04:00,44.099998474121094,44.099998474121094,44.08000183105469,44.08000183105469,202,0.0,0.0,0.0
2023-06-07 13:30:00-04:00,44.09000015258789,44.10419845581055,44.08000183105469,44.09000015258789,427,0.0,0.0,0.0
2023-06-07 14:30:00-04:00,44.10499954223633,44.10499954223633,44.10499954223633,44.10499954223633,200,0.0,0.0,0.0
2023-06-07 15:30:00-04:00,44.099998474121094,44.11000061035156,44.08000183105469,44.11000061035156,0,0.0,0.0,0.0
2023-06-08 10:30:00-04:00,44.189998626708984,44.20500183105469,44.189998626708984,44.189998626708984,1732,0.0,0.0,0.0
2023-06-08 11:30:00-04:00,44.209999084472656,44.2400016784668,44.209999084472656,44.2400016784668,845,0.0,0.0,0.0
2023-06-08 12:30:00-04:00,44.23970031738281,44.23970031738281,44.209999084472656,44.209999084472656,1524,0.0,0.0,0.0
2023-06-08 13:30:00-04:00,44.227699279785156,44.2400016784668,44.220001220703125,44.220001220703125,4678,0.0,0.0,0.0
2023-06-08 14:30:00-04:00,44.220001220703125,44.220001220703125,44.220001220703125,44.220001220703125,400,0.0,0.0,0.0
2023-06-08 15:30:00-04:00,44.220001220703125,44.220401763916016,44.20000076293945,44.220401763916016,4316,0.0,0.0,0.0
2023-06-09 11:30:00-04:00,44.19029998779297,44.19029998779297,44.19029998779297,44.19029998779297,0,0.0,0.0,0.0
2023-06-09 12:30:00-04:00,44.220001220703125,44.220001220703125,44.18000030517578,44.18000030517578,491,0.0,0.0,0.0
2023-06-12 10:30:00-04:00,44.16999816894531,44.16999816894531,44.16999816894531,44.16999816894531,60,0.0,0.0,0.0
2023-06-12 12:30:00-04:00,44.17190170288086,44.244998931884766,44.17190170288086,44.244998931884766,0,0.0,0.0,0.0
2023-06-13 10:30:00-04:00,44.22249984741211,44.22249984741211,44.22249984741211,44.22249984741211,132,0.0,0.0,0.0
2023-06-13 12:30:00-04:00,44.22999954223633,44.22999954223633,44.22999954223633,44.22999954223633,567,0.0,0.0,0.0
2023-06-13 13:30:00-04:00,44.191001892089844,44.191001892089844,44.189998626708984,44.190101623535156,426,0.0,0.0,0.0
2023-06-13 14:30:00-04:00,44.13479995727539,44.14500045776367,44.13479995727539,44.14500045776367,0,0.0,0.0,0.0
2023-06-14 10:30:00-04:00,44.23899841308594,44.2400016784668,44.189998626708984,44.190101623535156,1248,0.0,0.0,0.0
2023-06-14 12:30:00-04:00,44.16999816894531,44.16999816894531,44.16999816894531,44.16999816894531,0,0.0,0.0,0.0
2023-06-15 09:30:00-04:00,44.275699615478516,44.275699615478516,44.275699615478516,44.275699615478516,185,0.0,0.0,0.0
2023-06-15 10:30:00-04:00,44.2400016784668,44.2400016784668,44.224998474121094,44.224998474121094,569,0.0,0.0,0.0
2023-06-15 12:30:00-04:00,44.2599983215332,44.2599983215332,44.2599983215332,44.2599983215332,998,0.0,0.0,0.0
2023-06-15 13:30:00-04:00,44.257999420166016,44.257999420166016,44.257999420166016,44.257999420166016,250,0.0,0.0,0.0
2023-06-15 15:30:00-04:00,44.30970001220703,44.31999969482422,44.30970001220703,44.31999969482422,0,0.0,0.0,0.0
2023-06-16 10:30:00-04:00,44.20000076293945,44.20000076293945,44.20000076293945,44.20000076293945,2942,0.0,0.0,0.0
2023-06-16 12:30:00-04:00,44.21030044555664,44.27000045776367,44.21030044555664,44.22999954223633,1828,0.0,0.0,0.0
2023-06-16 13:30:00-04:00,44.25960159301758,44.25960159301758,44.22999954223633,44.23500061035156,1188,0.0,0.0,0.0
2023-06-20 10:30:00-04:00,44.279998779296875,44.28099822998047,44.279998779296875,44.279998779296875,481,0.0,0.0,0.0
2023-06-21 10:30:00-04:00,44.20989990234375,44.20989990234375,44.20989990234375,44.20989990234375,0,0.0,0.0,0.0
2023-06-21 11:30:00-04:00,44.178001403808594,44.20989990234375,44.178001403808594,44.20989990234375,1761,0.0,0.0,0.0
2023-06-21 12:30:00-04:00,44.18000030517578,44.22999954223633,44.18000030517578,44.2218017578125,1153,0.0,0.0,0.0
2023-06-21 13:30:00-04:00,44.22999954223633,44.22999954223633,44.22999954223633,44.22999954223633,109,0.0,0.0,0.0
2023-06-21 14:30:00-04:00,44.2599983215332,44.279998779296875,44.2599983215332,44.279998779296875,1104,0.0,0.0,0.0
2023-06-22 10:30:00-04:00,44.18989944458008,44.18989944458008,44.18989944458008,44.18989944458008,0,0.0,0.0,0.0
2023-06-22 13:30:00-04:00,44.13100051879883,44.141998291015625,44.13100051879883,44.13399887084961,1550,0.0,0.0,0.0
2023-06-22 14:30:00-04:00,44.130001068115234,44.14459991455078,44.119998931884766,44.119998931884766,0,0.0,0.0,0.0
2023-06-23 11:30:00-04:00,44.150001525878906,44.16999816894531,44.13999938964844,44.16999816894531,1345,0.0,0.0,0.0
2023-06-23 13:30:00-04:00,44.189998626708984,44.20000076293945,44.17399978637695,44.20000076293945,727,0.0,0.0,0.0
2023-06-26 11:30:00-04:00,44.20100021362305,44.20100021362305,44.20100021362305,44.20100021362305,87,0.0,0.0,0.0
2023-06-26 13:30:00-04:00,44.2400016784668,44.2400016784668,44.239898681640625,44.239898681640625,379,0.0,0.0,0.0
2023-06-26 14:30:00-04:00,44.220001220703125,44.220001220703125,44.21009826660156,44.21009826660156,284,0.0,0.0,0.0
2023-06-26 15:30:00-04:00,44.25,44.25,44.23860168457031,44.23860168457031,430,0.0,0.0,0.0
2023-06-27 10:30:00-04:00,44.02000045776367,44.02000045776367,44.02000045776367,44.02000045776367,3848,0.0,0.0,0.0
2023-06-27 11:30:00-04:00,44.04330062866211,44.04330062866211,44.04330062866211,44.04330062866211,1031,0.0,0.0,0.0
2023-06-27 13:30:00-04:00,44.040000915527344,44.05500030517578,44.031700134277344,44.031700134277344,1215,0.0,0.0,0.0
2023-06-27 14:30:00-04:00,44.0620002746582,44.07500076293945,44.0620002746582,44.07500076293945,0,0.0,0.0,0.0
2023-06-28 11:30:00-04:00,44.14400100708008,44.14400100708008,44.14400100708008,44.14400100708008,242,0.0,0.0,0.0
2023-06-28 12:30:00-04:00,44.119998931884766,44.119998931884766,44.119998931884766,44.119998931884766,4360,0.0,0.0,0.0
2023-06-28 13:30:00-04:00,44.14099884033203,44.14099884033203,44.14099884033203,44.14099884033203,225,0.0,0.0,0.0
2023-06-28 14:30:00-04:00,44.13999938964844,44.15480041503906,44.13999938964844,44.15480041503906,779,0.0,0.0,0.0
2023-06-29 09:30:00-04:00,43.97809982299805,43.97809982299805,43.97809982299805,43.97809982299805,0,0.0,0.0,0.0
2023-06-29 10:30:00-04:00,43.9900016784668,43.9900016784668,43.989898681640625,43.989898681640625,674,0.0,0.0,0.0
2023-06-29 11:30:00-04:00,43.9900016784668,43.9900016784668,43.9900016784668,43.9900016784668,5278,0.0,0.0,0.0
2023-06-29 12:30:00-04:00,43.979801177978516,43.979801177978516,43.979400634765625,43.979698181152344,780,0.0,0.0,0.0
2023-06-29 13:30:00-04:00,43.95000076293945,43.950401306152344,43.95000076293945,43.95000076293945,1405,0.0,0.0,0.0
2023-06-29 14:30:00-04:00,43.9900016784668,43.9900016784668,43.9900016784668,43.9900016784668,0,0.0,0.0,0.0
2023-06-30 09:30:00-04:00,43.970001220703125,44.04999923706055,43.970001220703125,43.970001220703125,472,0.0,0.0,0.0
2023-07-05 11:30:00-04:00,43.87969970703125,43.87969970703125,43.87969970703125,43.87969970703125,0,0.0,0.0,0.0
2023-07-05 14:30:00-04:00,43.79999923706055,43.834999084472656,43.79999923706055,43.834999084472656,113,0.0,0.0,0.0
2023-07-06 09:30:00-04:00,43.84000015258789,43.84000015258789,43.84000015258789,43.84000015258789,0,0.0,0.0,0.0
2023-07-06 10:30:00-04:00,43.520999908447266,43.520999908447266,43.518001556396484,43.518001556396484,843,0.0,0.0,0.0
2023-07-06 11:30:00-04:00,43.51100158691406,43.520599365234375,43.50400161743164,43.5099983215332,3771,0.0,0.0,0.0
2023-07-06 13:30:00-04:00,43.57040023803711,43.57040023803711,43.57040023803711,43.57040023803711,1769,0.0,0.0,0.0
2023-07-06 14:30:00-04:00,43.57099914550781,43.59000015258789,43.56999969482422,43.59000015258789,148513,0.0,0.0,0.0
2023-07-07 11:30:00-04:00,43.637001037597656,43.637001037597656,43.54999923706055,43.611000061035156,0,0.0,0.0,0.0
2023-07-10 10:30:00-04:00,43.6510009765625,43.6510009765625,43.650001525878906,43.650001525878906,0,0.0,0.0,0.0
2023-07-10 11:30:00-04:00,43.709999084472656,43.709999084472656,43.660099029541016,43.660099029541016,257,0.0,0.0,0.0
2023-07-11 11:30:00-04:00,43.77009963989258,43.77009963989258,43.77009963989258,43.77009963989258,0,0.0,0.0,0.0
2023-07-11 15:30:00-04:00,43.790000915527344,43.790000915527344,43.779998779296875,43.790000915527344,1078,0.0,0.0,0.0
2023-07-12 09:30:00-04:00,44.10499954223633,44.10499954223633,43.99720001220703,44.025001525878906,3036,0.0,0.0,0.0
2023-07-13 10:30:00-04:00,44.28990173339844,44.28990173339844,44.28990173339844,44.28990173339844,294,0.0,0.0,0.0
2023-07-13 11:30:00-04:00,44.349998474121094,44.36000061035156,44.34000015258789,44.35940170288086,1600,0.0,0.0,0.0
2023-07-14 09:30:00-04:00,44.329498291015625,44.33000183105469,44.329498291015625,44.329498291015625,0,0.0,0.0,0.0
2023-07-14 13:30:00-04:00,44.23500061035156,44.23500061035156,44.18000030517578,44.18000030517578,674,0.0,0.0,0.0
2023-07-17 12:30:00-04:00,44.189998626708984,44.189998626708984,44.189998626708984,44.189998626708984,0,0.0,0.0,0.0
2023-07-17 13:30:00-04:00,44.20009994506836,44.20009994506836,44.20009994506836,44.20009994506836,201,0.0,0.0,0.0
2023-07-17 14:30:00-04:00,44.220001220703125,44.220001220703125,44.220001220703125,44.220001220703125,0,0.0,0.0,0.0
2023-07-18 11:30:00-04:00,44.314998626708984,44.314998626708984,44.314998626708984,44.314998626708984,510,0.0,0.0,0.0
2023-07-18 13:30:00-04:00,44.28030014038086,44.29800033569336,44.275001525878906,44.275001525878906,0,0.0,0.0,0.0
2023-07-19 10:30:00-04:00,44.301998138427734,44.301998138427734,44.301998138427734,44.301998138427734,0,0.0,0.0,0.0
2023-07-19 13:30:00-04:00,44.36000061035156,44.36000061035156,44.349998474121094,44.349998474121094,1599,0.0,0.0,0.0
2023-07-19 14:30:00-04:00,44.361000061035156,44.369998931884766,44.361000061035156,44.369998931884766,348,0.0,0.0,0.0
2023-07-19 15:30:00-04:00,44.369998931884766,44.369998931884766,44.369998931884766,44.369998931884766,0,0.0,0.0,0.0
2023-07-20 14:30:00-04:00,44.19449996948242,44.19449996948242,44.19449996948242,44.19449996948242,0,0.0,0.0,0.0
2023-07-21 13:30:00-04:00,44.104000091552734,44.104000091552734,44.104000091552734,44.104000091552734,217,0.0,0.0,0.0
2023-07-24 09:30:00-04:00,44.1349983215332,44.1349983215332,44.130001068115234,44.130001068115234,0,0.0,0.0,0.0
2023-07-24 12:30:00-04:00,44.06100082397461,44.06100082397461,44.060001373291016,44.060001373291016,200,0.0,0.0,0.0
2023-07-24 13:30:00-04:00,44.06800079345703,44.06800079345703,44.06800079345703,44.06800079345703,289,0.0,0.0,0.0
2023-07-24 14:30:00-04:00,44.05099868774414,44.07590103149414,44.04999923706055,44.07590103149414,2867,0.0,0.0,0.0
2023-07-24 15:30:00-04:00,44.034000396728516,44.04999923706055,44.020999908447266,44.04280090332031,0,0.0,0.0,0.0
2023-07-25 10:30:00-04:00,43.970001220703125,43.97800064086914,43.970001220703125,43.97800064086914,228,0.0,0.0,0.0
2023-07-25 12:30:00-04:00,43.98500061035156,43.98500061035156,43.98500061035156,43.98500061035156,810,0.0,0.0,0.0
2023-07-26 09:30:00-04:00,44.04140090942383,44.04140090942383,44.04140090942383,44.04140090942383,0,0.0,0.0,0.0
2023-07-26 12:30:00-04:00,44.060001373291016,44.06990051269531,44.039398193359375,44.039398193359375,3761,0.0,0.0,0.0
2023-07-26 14:30:00-04:00,44.119998931884766,44.119998931884766,44.090999603271484,44.11320114135742,0,0.0,0.0,0.0
2023-07-27 09:30:00-04:00,43.869998931884766,43.869998931884766,43.869998931884766,43.869998931884766,244,0.0,0.0,0.0
2023-07-28 12:30:00-04:00,43.941001892089844,43.941001892089844,43.941001892089844,43.941001892089844,0,0.0,0.0,0.0
2023-07-28 15:30:00-04:00,43.97999954223633,43.9900016784668,43.97999954223633,43.9900016784668,3887,0.0,0.0,0.0
2023-07-31 13:30:00-04:00,44.08000183105469,44.09000015258789,44.06999969482422,44.08000183105469,590,0.0,0.0,0.0
2023-07-31 14:30:00-04:00,44.08000183105469,44.08000183105469,44.08000183105469,44.08000183105469,0,0.0,0.0,0.0
2023-08-01 10:30:00-04:00,43.84000015258789,43.84000015258789,43.84000015258789,43.84000015258789,114,0.0,0.0,0.0
2023-08-01 11:30:00-04:00,43.849998474121094,43.849998474121094,43.849998474121094,43.849998474121094,274,0.0,0.0,0.0
2023-08-01 14:30:00-04:00,43.869998931884766,43.869998931884766,43.869998931884766,43.869998931884766,0,0.0,0.0,0.0
2023-08-02 12:30:00-04:00,43.70000076293945,43.7400016784668,43.70000076293945,43.7400016784668,105,0.0,0.0,0.0
2023-08-03 10:30:00-04:00,43.540000915527344,43.540000915527344,43.540000915527344,43.540000915527344,497,0.0,0.0,0.0
2023-08-04 10:30:00-04:00,43.70800018310547,43.70800018310547,43.70800018310547,43.70800018310547,0,0.0,0.0,0.0
2023-08-04 11:30:00-04:00,43.72800064086914,43.72800064086914,43.72800064086914,43.72800064086914,216,0.0,0.0,0.0
2023-08-04 12:30:00-04:00,43.75,43.75,43.75,43.75,385,0.0,0.0,0.0
2023-08-04 15:30:00-04:00,43.77000045776367,43.790000915527344,43.77000045776367,43.790000915527344,100,0.0,0.0,0.0
2023-08-07 09:30:00-04:00,43.7599983215332,43.7599983215332,43.7599983215332,43.7599983215332,0,0.0,0.0,0.0
2023-08-07 10:30:00-04:00,43.77000045776367,43.77000045776367,43.72999954223633,43.72999954223633,603,0.0,0.0,0.0
2023-08-07 11:30:00-04:00,43.76599884033203,43.76599884033203,43.76599884033203,43.76599884033203,550,0.0,0.0,0.0
2023-08-07 13:30:00-04:00,43.76100158691406,43.76100158691406,43.76100158691406,43.76100158691406,410,0.0,0.0,0.0
2023-08-07 14:30:00-04:00,43.810001373291016,43.810001373291016,43.77799987792969,43.77799987792969,620,0.0,0.0,0.0
2023-08-07 15:30:00-04:00,43.77000045776367,43.79999923706055,43.750099182128906,43.79999923706055,0,0.0,0.0,0.0
2023-08-08 09:30:00-04:00,43.869998931884766,43.869998931884766,43.869998931884766,43.869998931884766,598,0.0,0.0,0.0
2023-08-08 12:30:00-04:00,43.84000015258789,43.84000015258789,43.84000015258789,43.84000015258789,100,0.0,0.0,0.0
2023-08-08 13:30:00-04:00,43.880001068115234,43.880001068115234,43.880001068115234,43.880001068115234,766,0.0,0.0,0.0
2023-08-08 14:30:00-04:00,43.880001068115234,43.88999938964844,43.86320114135742,43.88999938964844,0,0.0,0.0,0.0
2023-08-09 11:30:00-04:00,43.88100051879883,43.89459991455078,43.880001068115234,43.89459991455078,1411,0.0,0.0,0.0
2023-08-09 12:30:00-04:00,43.93000030517578,43.93000030517578,43.93000030517578,43.93000030517578,0,0.0,0.0,0.0
2023-08-10 10:30:00-04:00,43.95750045776367,43.96979904174805,43.88999938964844,43.88999938964844,1807,0.0,0.0,0.0
2023-08-10 11:30:00-04:00,43.91830062866211,43.91830062866211,43.88999938964844,43.88999938964844,721,0.0,0.0,0.0
2023-08-10 13:30:00-04:00,43.81890106201172,43.81890106201172,43.81890106201172,43.81890106201172,763,0.0,0.0,0.0
2023-08-10 14:30:00-04:00,43.79999923706055,43.79999923706055,43.779998779296875,43.779998779296875,967,0.0,0.0,0.0
2023-08-10 15:30:00-04:00,43.78900146484375,43.79819869995117,43.75,43.75,0,0.0,0.0,0.0
2023-08-11 12:30:00-04:00,43.65169906616211,43.65169906616211,43.65169906616211,43.65169906616211,1130,0.0,0.0,0.0
2023-08-11 14:30:00-04:00,43.64120101928711,43.64120101928711,43.64120101928711,43.64120101928711,144,0.0,0.0,0.0
2023-08-11 15:30:00-04:00,43.63999938964844,43.63999938964844,43.63999938964844,43.63999938964844,1147,0.0,0.0,0.0
2023-08-14 14:30:00-04:00,43.599998474121094,43.599998474121094,43.599998474121094,43.599998474121094,0,0.0,0.0,0.0
2023-08-15 09:30:00-04:00,43.56100082397461,43.56100082397461,43.56100082397461,43.56100082397461,0,0.0,0.0,0.0
2023-08-15 14:30:00-04:00,43.53160095214844,43.53160095214844,43.51969909667969,43.51969909667969,1,0.0,0.0,0.0
2023-08-16 09:30:00-04:00,43.5099983215332,43.54600143432617,43.5099983215332,43.54600143432617,2229,0.0,0.0,0.0
2023-08-16 11:30:00-04:00,43.5,43.5,43.5,43.5,162,0.0,0.0,0.0
2023-08-16 12:30:00-04:00,43.45000076293945,43.45000076293945,43.45000076293945,43.45000076293945,954,0.0,0.0,0.0
2023-08-16 14:30:00-04:00,43.439998626708984,43.44219970703125,43.439998626708984,43.44219970703125,0,0.0,0.0,0.0
2023-08-17 09:30:00-04:00,43.433998107910156,43.433998107910156,43.433998107910156,43.433998107910156,1074,0.0,0.0,0.0
2023-08-17 11:30:00-04:00,43.334999084472656,43.334999084472656,43.334999084472656,43.334999084472656,508,0.0,0.0,0.0
2023-08-17 12:30:00-04:00,43.31010055541992,43.31010055541992,43.31010055541992,43.31010055541992,164,0.0,0.0,0.0
2023-08-17 14:30:00-04:00,43.380001068115234,43.380001068115234,43.380001068115234,43.380001068115234,0,0.0,0.0,0.0
2023-08-18 12:30:00-04:00,43.43899917602539,43.45000076293945,43.43899917602539,43.45000076293945,641,0.0,0.0,0.0
2023-08-21 09:30:00-04:00,43.040000915527344,43.29059982299805,43.040000915527344,43.29059982299805,178,0.0,0.0,0.0
2023-08-21 10:30:00-04:00,43.28499984741211,43.28499984741211,43.28499984741211,43.28499984741211,0,0.0,0.0,0.0
2023-08-22 09:30:00-04:00,43.119998931884766,43.119998931884766,43.119998931884766,43.119998931884766,201,0.0,0.0,0.0
2023-08-22 10:30:00-04:00,43.12009811401367,43.12009811401367,43.12009811401367,43.12009811401367,120,0.0,0.0,0.0
2023-08-22 13:30:00-04:00,43.150001525878906,43.159000396728516,43.119998931884766,43.119998931884766,728,0.0,0.0,0.0
2023-08-23 09:30:00-04:00,43.33000183105469,43.33000183105469,43.33000183105469,43.33000183105469,0,0.0,0.0,0.0
2023-08-23 10:30:00-04:00,43.349998474121094,43.349998474121094,43.349998474121094,43.349998474121094,118,0.0,0.0,0.0
2023-08-23 11:30:00-04:00,43.36009979248047,43.459999084472656,43.36009979248047,43.459999084472656,416,0.0,0.0,0.0
2023-08-24 13:30:00-04:00,43.38999938964844,43.38999938964844,43.38999938964844,43.38999938964844,0,0.0,0.0,0.0
2023-08-25 10:30:00-04:00,43.27170181274414,43.27170181274414,43.27170181274414,43.27170181274414,1279,0.0,0.0,0.0
2023-08-25 11:30:00-04:00,43.33100128173828,43.38999938964844,43.33100128173828,43.38999938964844,481,0.0,0.0,0.0
2023-08-28 09:30:00-04:00,43.40999984741211,43.40999984741211,43.40999984741211,43.40999984741211,0,0.0,0.0,0.0
2023-08-28 10:30:00-04:00,43.439998626708984,43.439998626708984,43.439998626708984,43.439998626708984,3915,0.0,0.0,0.0
2023-08-28 11:30:00-04:00,43.40010070800781,43.40999984741211,43.40010070800781,43.40010070800781,250,0.0,0.0,0.0
2023-08-28 13:30:00-04:00,43.459999084472656,43.459999084472656,43.44499969482422,43.44499969482422,839,0.0,0.0,0.0
2023-08-28 14:30:00-04:00,43.43000030517578,43.43009948730469,43.43000030517578,43.43009948730469,572,0.0,0.0,0.0
2023-08-28 15:30:00-04:00,43.47999954223633,43.47999954223633,43.47999954223633,43.47999954223633,0,0.0,0.0,0.0
2023-08-29 10:30:00-04:00,43.56999969482422,43.570098876953125,43.56999969482422,43.570098876953125,259,0.0,0.0,0.0
2023-08-29 13:30:00-04:00,43.689998626708984,43.689998626708984,43.689998626708984,43.689998626708984,0,0.0,0.0,0.0
2023-08-30 09:30:00-04:00,43.66999816894531,43.66999816894531,43.66999816894531,43.66999816894531,793,0.0,0.0,0.0
2023-08-30 15:30:00-04:00,43.66999816894531,43.75,43.65999984741211,43.75,0,0.0,0.0,0.0
2023-09-01 10:30:00-04:00,43.619998931884766,43.63990020751953,43.619998931884766,43.63990020751953,421,0.0,0.0,0.0
2023-09-01 11:30:00-04:00,43.60499954223633,43.60499954223633,43.57400131225586,43.57400131225586,1365,0.0,0.0,0.0
2023-09-01 13:30:00-04:00,43.599998474121094,43.599998474121094,43.599998474121094,43.599998474121094,123,0.0,0.0,0.0
2023-09-01 14:30:00-04:00,43.61000061035156,43.619998931884766,43.59000015258789,43.619998931884766,3233,0.0,0.0,0.0
2023-09-05 09:30:00-04:00,43.5099983215332,43.510101318359375,43.5099983215332,43.510101318359375,0,0.0,0.0,0.0
2023-09-05 10:30:00-04:00,43.49599838256836,43.49599838256836,43.45000076293945,43.45000076293945,648,0.0,0.0,0.0
2023-09-05 12:30:00-04:00,43.46500015258789,43.47990036010742,43.45000076293945,43.45000076293945,862,0.0,0.0,0.0
2023-09-05 13:30:00-04:00,43.435001373291016,43.435001373291016,43.41999816894531,43.41999816894531,527,0.0,0.0,0.0
2023-09-05 14:30:00-04:00,43.40999984741211,43.43000030517578,43.400001525878906,43.400001525878906,1272,0.0,0.0,0.0
2023-09-05 15:30:00-04:00,43.41999816894531,43.43000030517578,43.38999938964844,43.38999938964844,1209,0.0,0.0,0.0
2023-09-06 10:30:00-04:00,43.31999969482422,43.31999969482422,43.31999969482422,43.31999969482422,7693,0.0,0.0,0.0
2023-09-06 11:30:00-04:00,43.32160186767578,43.32160186767578,43.32160186767578,43.32160186767578,118,0.0,0.0,0.0
2023-09-06 12:30:00-04:00,43.29999923706055,43.30009841918945,43.29999923706055,43.29999923706055,1239,0.0,0.0,0.0
2023-09-06 13:30:00-04:00,43.34590148925781,43.34590148925781,43.31999969482422,43.31999969482422,366,0.0,0.0,0.0
2023-09-06 14:30:00-04:00,43.34000015258789,43.34000015258789,43.31999969482422,43.31999969482422,1397,0.0,0.0,0.0
2023-09-06 15:30:00-04:00,43.349998474121094,43.349998474121094,43.29999923706055,43.321800231933594,829,0.0,0.0,0.0
2023-09-07 09:30:00-04:00,43.34000015258789,43.34000015258789,43.34000015258789,43.34000015258789,0,0.0,0.0,0.0
2023-09-07 10:30:00-04:00,43.345001220703125,43.345001220703125,43.31999969482422,43.31999969482422,3502,0.0,0.0,0.0
2023-09-07 12:30:00-04:00,43.34000015258789,43.404998779296875,43.34000015258789,43.34000015258789,250,0.0,0.0,0.0
2023-09-08 09:30:00-04:00,43.43000030517578,43.43000030517578,43.43000030517578,43.43000030517578,0,0.0,0.0,0.0
2023-09-08 10:30:00-04:00,43.465999603271484,43.465999603271484,43.465999603271484,43.465999603271484,200,0.0,0.0,0.0
2023-09-08 13:30:00-04:00,43.470001220703125,43.470001220703125,43.459999084472656,43.459999084472656,102,0.0,0.0,0.0
2023-09-11 12:30:00-04:00,43.40999984741211,43.45000076293945,43.40999984741211,43.45000076293945,3956,0.0,0.0,0.0
2023-09-12 09:30:00-04:00,43.43000030517578,43.43000030517578,43.43000030517578,43.43000030517578,0,0.0,0.0,0.0
2023-09-12 10:30:00-04:00,43.40999984741211,43.410099029541016,43.40999984741211,43.410099029541016,1270,0.0,0.0,0.0
2023-09-12 12:30:00-04:00,43.41999816894531,43.42499923706055,43.41999816894531,43.42499923706055,952,0.0,0.0,0.0
2023-09-12 15:30:00-04:00,43.45840072631836,43.47999954223633,43.45840072631836,43.47999954223633,0,0.0,0.0,0.0
2023-09-13 10:30:00-04:00,43.45000076293945,43.46419906616211,43.45000076293945,43.46419906616211,517,0.0,0.0,0.0
2023-09-13 13:30:00-04:00,43.5,43.540000915527344,43.5,43.540000915527344,0,0.0,0.0,0.0
2023-09-14 14:30:00-04:00,43.534000396728516,43.534000396728516,43.534000396728516,43.534000396728516,1060,0.0,0.0,0.0
2023-09-14 15:30:00-04:00,43.480098724365234,43.529998779296875,43.480098724365234,43.529998779296875,0,0.0,0.0,0.0
2023-09-15 09:30:00-04:00,43.439998626708984,43.439998626708984,43.439998626708984,43.439998626708984,134,0.0,0.0,0.0
2023-09-15 10:30:00-04:00,43.45000076293945,43.45000076293945,43.45000076293945,43.45000076293945,437,0.0,0.0,0.0
2023-09-18 09:30:00-04:00,43.36000061035156,43.41389846801758,43.36000061035156,43.41389846801758,0,0.0,0.0,0.0
2023-09-18 11:30:00-04:00,43.43000030517578,43.470001220703125,43.43000030517578,43.470001220703125,0,0.0,0.0,0.0
2023-09-19 09:30:00-04:00,43.40999984741211,43.4109992980957,43.40999984741211,43.4109992980957,296,0.0,0.0,0.0
2023-09-19 11:30:00-04:00,43.422000885009766,43.422000885009766,43.41400146484375,43.41400146484375,428,0.0,0.0,0.0
2023-09-19 12:30:00-04:00,43.38999938964844,43.393001556396484,43.369998931884766,43.369998931884766,0,0.0,0.0,0.0
2023-09-20 12:30:00-04:00,43.47700119018555,43.47700119018555,43.34000015258789,43.34000015258789,2,0.0,0.0,0.0
2023-09-21 09:30:00-04:00,43.09000015258789,43.09000015258789,43.09000015258789,43.09000015258789,111,0.0,0.0,0.0
2023-09-21 11:30:00-04:00,43.09000015258789,43.09000015258789,43.09000015258789,43.09000015258789,160,0.0,0.0,0.0
2023-09-21 12:30:00-04:00,43.11989974975586,43.15999984741211,43.11989974975586,43.130001068115234,16169,0.0,0.0,0.0
2023-09-21 15:30:00-04:00,43.119998931884766,43.119998931884766,43.099998474121094,43.099998474121094,2400,0.0,0.0,0.0
2023-09-22 09:30:00-04:00,42.97200012207031,42.97200012207031,42.97200012207031,42.97200012207031,0,0.0,0.0,0.0
2023-09-22 10:30:00-04:00,43.01100158691406,43.02090072631836,43.01100158691406,43.02090072631836,200,0.0,0.0,0.0
2023-09-22 13:30:00-04:00,43.060001373291016,43.060001373291016,43.025001525878906,43.025001525878906,0,0.0,0.0,0.0
2023-09-25 10:30:00-04:00,42.84000015258789,42.84000015258789,42.84000015258789,42.84000015258789,1181,0.0,0.0,0.0
2023-09-25 13:30:00-04:00,42.840999603271484,42.86000061035156,42.84000015258789,42.849998474121094,1908,0.0,0.0,0.0
2023-09-25 14:30:00-04:00,42.81999969482422,42.83000183105469,42.81999969482422,42.83000183105469,488,0.0,0.0,0.0
2023-09-25 15:30:00-04:00,42.79999923706055,42.80979919433594,42.790000915527344,42.80979919433594,0,0.0,0.0,0.0
2023-09-26 12:30:00-04:00,42.77000045776367,42.77000045776367,42.77000045776367,42.77000045776367,196,0.0,0.0,0.0
2023-09-26 14:30:00-04:00,42.73030090332031,42.73500061035156,42.73030090332031,42.73500061035156,0,0.0,0.0,0.0
2023-09-27 14:30:00-04:00,42.61000061035156,42.61000061035156,42.61000061035156,42.61000061035156,276,0.0,0.0,0.0
2023-09-27 15:30:00-04:00,42.60599899291992,42.625,42.60599899291992,42.625,307,0.0,0.0,0.0
2023-09-28 09:30:00-04:00,42.56999969482422,42.56999969482422,42.56999969482422,42.56999969482422,237,0.0,0.0,0.0
2023-09-28 10:30:00-04:00,42.57400131225586,42.57400131225586,42.560001373291016,42.560001373291016,461,0.0,0.0,0.0
2023-09-28 12:30:00-04:00,42.625999450683594,42.625999450683594,42.625,42.625,484,0.0,0.0,0.0
2023-09-28 13:30:00-04:00,42.63399887084961,42.720001220703125,42.63399887084961,42.720001220703125,0,0.0,0.0,0.0
2023-09-29 10:30:00-04:00,42.83190155029297,42.83190155029297,42.83190155029297,42.83190155029297,493,0.0,0.0,0.0
2023-09-29 13:30:00-04:00,42.7599983215332,42.7599983215332,42.7599983215332,42.7599983215332,410,0.0,0.0,0.0
2023-09-29 14:30:00-04:00,42.70000076293945,42.72999954223633,42.70000076293945,42.72999954223633,646,0.0,0.0,0.0
2023-10-02 09:30:00-04:00,42.619998931884766,42.619998931884766,42.56010055541992,42.56010055541992,0,0.0,0.0,0.0
2023-10-02 13:30:00-04:00,42.459999084472656,42.474998474121094,42.459999084472656,42.459999084472656,0,0.0,0.0,0.0
2023-10-03 11:30:00-04:00,42.18000030517578,42.18000030517578,42.15999984741211,42.17190170288086,886,0.0,0.0,0.0
2023-10-03 12:30:00-04:00,42.1885986328125,42.1885986328125,42.13999938964844,42.13999938964844,315,0.0,0.0,0.0
2023-10-04 09:30:00-04:00,42.209999084472656,42.209999084472656,42.20009994506836,42.20009994506836,0,0.0,0.0,0.0
2023-10-04 10:30:00-04:00,42.150001525878906,42.150001525878906,42.150001525878906,42.150001525878906,339,0.0,0.0,0.0
2023-10-04 11:30:00-04:00,42.2400016784668,42.2400016784668,42.220001220703125,42.220001220703125,683,0.0,0.0,0.0
2023-10-04 13:30:00-04:00,42.209999084472656,42.209999084472656,42.194698333740234,42.194698333740234,1010,0.0,0.0,0.0
2023-10-04 14:30:00-04:00,42.220001220703125,42.310001373291016,42.220001220703125,42.310001373291016,0,0.0,0.0,0.0
2023-10-05 11:30:00-04:00,42.348201751708984,42.348201751708984,42.327999114990234,42.327999114990234,1559,0.0,0.0,0.0
2023-10-05 12:30:00-04:00,42.334999084472656,42.334999084472656,42.334999084472656,42.334999084472656,118,0.0,0.0,0.0
2023-10-05 13:30:00-04:00,42.31999969482422,42.31999969482422,42.31999969482422,42.31999969482422,352,0.0,0.0,0.0
2023-10-05 14:30:00-04:00,42.33000183105469,42.33000183105469,42.33000183105469,42.33000183105469,531,0.0,0.0,0.0
2023-10-05 15:30:00-04:00,42.369998931884766,42.369998931884766,42.369998931884766,42.369998931884766,0,0.0,0.0,0.0
2023-10-06 11:30:00-04:00,42.28990173339844,42.28990173339844,42.28990173339844,42.28990173339844,100,0.0,0.0,0.0
2023-10-06 12:30:00-04:00,42.2328987121582,42.2328987121582,42.20029830932617,42.2318000793457,2396,0.0,0.0,0.0
2023-10-06 14:30:00-04:00,42.220001220703125,42.220001220703125,42.20000076293945,42.20000076293945,109,0.0,0.0,0.0
2023-10-09 12:30:00-04:00,42.41999816894531,42.43899917602539,42.41999816894531,42.41999816894531,361,0.0,0.0,0.0
2023-10-09 14:30:00-04:00,42.4900016784668,42.58000183105469,42.4900016784668,42.58000183105469,149,0.0,0.0,0.0
2023-10-10 09:30:00-04:00,42.470001220703125,42.470001220703125,42.470001220703125,42.470001220703125,0,0.0,0.0,0.0
2023-10-10 11:30:00-04:00,42.61000061035156,42.61000061035156,42.61000061035156,42.61000061035156,935,0.0,0.0,0.0
2023-10-10 14:30:00-04:00,42.560001373291016,42.560001373291016,42.54999923706055,42.560001373291016,935,0.0,0.0,0.0
2023-10-10 15:30:00-04:00,42.54999923706055,42.56999969482422,42.540000915527344,42.56999969482422,200,0.0,0.0,0.0
2023-10-11 11:30:00-04:00,42.69499969482422,42.739898681640625,42.69499969482422,42.71969985961914,4027,0.0,0.0,0.0
2023-10-11 12:30:00-04:00,42.70000076293945,42.70000076293945,42.70000076293945,42.70000076293945,410,0.0,0.0,0.0
2023-10-11 13:30:00-04:00,42.61000061035156,42.61000061035156,42.61000061035156,42.61000061035156,191,0.0,0.0,0.0
2023-10-11 14:30:00-04:00,42.619998931884766,42.619998931884766,42.619998931884766,42.619998931884766,133,0.0,0.0,0.0
2023-10-11 15:30:00-04:00,42.65999984741211,42.69499969482422,42.65999984741211,42.69499969482422,0,0.0,0.0,0.0
2023-10-12 10:30:00-04:00,42.599998474121094,42.599998474121094,42.599998474121094,42.599998474121094,212,0.0,0.0,0.0
2023-10-12 14:30:00-04:00,42.43199920654297,42.474998474121094,42.43199920654297,42.474998474121094,0,0.0,0.0,0.0
2023-10-13 10:30:00-04:00,42.54999923706055,42.58000183105469,42.54999923706055,42.58000183105469,1058,0.0,0.0,0.0
2023-10-16 09:30:00-04:00,42.380001068115234,42.380001068115234,42.380001068115234,42.380001068115234,0,0.0,0.0,0.0
2023-10-16 10:30:00-04:00,42.452598571777344,42.452598571777344,42.39500045776367,42.39500045776367,0,0.0,0.0,0.0
2023-10-17 09:30:00-04:00,42.13399887084961,42.13399887084961,42.13399887084961,42.13399887084961,317,0.0,0.0,0.0
2023-10-17 10:30:00-04:00,42.11800003051758,42.150001525878906,42.11800003051758,42.119998931884766,0,0.0,0.0,0.0
2023-10-17 11:30:00-04:00,42.150001525878906,42.150001525878906,42.14500045776367,42.14500045776367,8407,0.0,0.0,0.0
2023-10-17 15:30:00-04:00,42.099998474121094,42.099998474121094,42.09000015258789,42.09000015258789,226,0.0,0.0,0.0
2023-10-18 09:30:00-04:00,42.09000015258789,42.09000015258789,42.040000915527344,42.040000915527344,0,0.0,0.0,0.0
2023-10-18 13:30:00-04:00,41.97999954223633,41.97999954223633,41.96500015258789,41.96500015258789,0,0.0,0.0,0.0
2023-10-19 12:30:00-04:00,41.810001373291016,41.810001373291016,41.810001373291016,41.810001373291016,255,0.0,0.0,0.0
2023-10-19 13:30:00-04:00,41.85200119018555,41.85200119018555,41.83000183105469,41.83000183105469,781,0.0,0.0,0.0
2023-10-20 11:30:00-04:00,41.92599868774414,41.92599868774414,41.92599868774414,41.92599868774414,0,0.0,0.0,0.0
2023-10-20 14:30:00-04:00,41.88999938964844,41.88999938964844,41.88999938964844,41.88999938964844,101,0.0,0.0,0.0
2023-10-20 15:30:00-04:00,41.869998931884766,41.869998931884766,41.869998931884766,41.869998931884766,100,0.0,0.0,0.0
2023-10-23 09:30:00-04:00,41.7599983215332,41.7599983215332,41.7599983215332,41.7599983215332,0,0.0,0.0,0.0
2023-10-23 10:30:00-04:00,41.90999984741211,41.973899841308594,41.90999984741211,41.973899841308594,304,0.0,0.0,0.0
2023-10-23 11:30:00-04:00,41.915000915527344,41.91999816894531,41.915000915527344,41.91999816894531,300,0.0,0.0,0.0
2023-10-23 13:30:00-04:00,42.040000915527344,42.06669998168945,42.03499984741211,42.03499984741211,0,0.0,0.0,0.0
2023-10-24 09:30:00-04:00,41.869998931884766,41.93000030517578,41.869998931884766,41.93000030517578,307,0.0,0.0,0.0
2023-10-24 12:30:00-04:00,41.939998626708984,41.939998626708984,41.939998626708984,41.939998626708984,354,0.0,0.0,0.0
2023-10-24 13:30:00-04:00,41.95500183105469,41.974998474121094,41.93000030517578,41.974998474121094,0,0.0,0.0,0.0
2023-10-25 10:30:00-04:00,41.83000183105469,41.83000183105469,41.83000183105469,41.83000183105469,211,0.0,0.0,0.0
2023-10-25 12:30:00-04:00,41.79999923706055,41.79999923706055,41.79999923706055,41.79999923706055,250,0.0,0.0,0.0
2023-10-25 13:30:00-04:00,41.755001068115234,41.755001068115234,41.755001068115234,41.755001068115234,522,0.0,0.0,0.0
2023-10-25 14:30:00-04:00,41.72999954223633,41.77000045776367,41.72999954223633,41.77000045776367,1147,0.0,0.0,0.0
2023-10-25 15:30:00-04:00,41.75,41.75,41.72999954223633,41.75,893,0.0,0.0,0.0
2023-10-26 09:30:00-04:00,41.77000045776367,41.821800231933594,41.77000045776367,41.821800231933594,0,0.0,0.0,0.0
2023-10-26 11:30:00-04:00,41.834999084472656,41.849998474121094,41.834999084472656,41.849998474121094,476,0.0,0.0,0.0
2023-10-26 15:30:00-04:00,41.91999816894531,41.93000030517578,41.91999816894531,41.93000030517578,0,0.0,0.0,0.0
2023-10-27 09:30:00-04:00,41.939998626708984,41.939998626708984,41.939998626708984,41.939998626708984,119,0.0,0.0,0.0
2023-10-27 10:30:00-04:00,41.97990036010742,41.97990036010742,41.900001525878906,41.96989822387695,3114,0.0,0.0,0.0
2023-10-27 11:30:00-04:00,41.900001525878906,41.918701171875,41.890098571777344,41.918701171875,857,0.0,0.0,0.0
2023-10-30 09:30:00-04:00,41.849998474121094,41.849998474121094,41.849998474121094,41.849998474121094,0,0.0,0.0,0.0
2023-10-30 13:30:00-04:00,41.86000061035156,41.86000061035156,41.86000061035156,41.86000061035156,374,0.0,0.0,0.0
2023-10-30 15:30:00-04:00,41.90999984741211,41.93000030517578,41.88999938964844,41.93000030517578,0,0.0,0.0,0.0
2023-10-31 13:30:00-04:00,41.94200134277344,41.94200134277344,41.94200134277344,41.94200134277344,442,0.0,0.0,0.0
2023-10-31 14:30:00-04:00,41.970001220703125,41.970001220703125,41.94599914550781,41.94599914550781,5790,0.0,0.0,0.0
2023-10-31 15:30:00-04:00,41.970001220703125,41.9900016784668,41.93000030517578,41.93659973144531,5927,0.0,0.0,0.0
2023-11-01 09:30:00-04:00,41.91999816894531,42.099998474121094,41.91999816894531,42.07080078125,0,0.0,0.0,0.0
2023-11-01 14:30:00-04:00,42.13059997558594,42.13059997558594,42.13059997558594,42.13059997558594,135,0.0,0.0,0.0
2023-11-01 15:30:00-04:00,42.209999084472656,42.209999084472656,42.209999084472656,42.209999084472656,0,0.0,0.0,0.0
2023-11-02 09:30:00-04:00,42.310001373291016,42.779998779296875,42.310001373291016,42.779998779296875,2059,0.0,0.0,0.0
2023-11-02 11:30:00-04:00,42.44020080566406,42.44020080566406,42.44020080566406,42.44020080566406,131,0.0,0.0,0.0
2023-11-02 12:30:00-04:00,42.5,42.5,42.45000076293945,42.48789978027344,2516,0.0,0.0,0.0
2023-11-02 14:30:00-04:00,42.54999923706055,42.54999923706055,42.52000045776367,42.52000045776367,586,0.0,0.0,0.0
2023-11-02 15:30:00-04:00,42.5099983215332,42.529998779296875,42.5,42.529998779296875,0,0.0,0.0,0.0
2023-11-03 12:30:00-04:00,42.830299377441406,42.830299377441406,42.83000183105469,42.83000183105469,723,0.0,0.0,0.0
2023-11-03 14:30:00-04:00,42.869998931884766,42.87889862060547,42.83000183105469,42.83000183105469,651,0.0,0.0,0.0
2023-11-03 15:30:00-04:00,42.790000915527344,42.83000183105469,42.779998779296875,42.83000183105469,300,0.0,0.0,0.0
2023-11-06 15:30:00-05:00,42.65999984741211,42.70000076293945,42.65999984741211,42.70000076293945,0,0.0,0.0,0.0
2023-11-07 09:30:00-05:00,42.709999084472656,42.709999084472656,42.709999084472656,42.709999084472656,156,0.0,0.0,0.0
2023-11-07 14:30:00-05:00,42.7599983215332,42.7599983215332,42.7599983215332,42.7599983215332,100,0.0,0.0,0.0
2023-11-07 15:30:00-05:00,42.823001861572266,42.823001861572266,42.802799224853516,42.802799224853516,0,0.0,0.0,0.0
2023-11-08 11:30:00-05:00,42.882198333740234,42.93000030517578,42.882198333740234,42.91999816894531,153,0.0,0.0,0.0
2023-11-09 09:30:00-05:00,42.900001525878906,42.900001525878906,42.875,42.875,334,0.0,0.0,0.0
2023-11-09 10:30:00-05:00,42.677799224853516,42.677799224853516,42.677799224853516,42.677799224853516,0,0.0,0.0,0.0
2023-11-10 14:30:00-05:00,42.720001220703125,42.724998474121094,42.720001220703125,42.724998474121094,171,0.0,0.0,0.0
2023-11-13 11:30:00-05:00,42.65999984741211,42.65999984741211,42.65999984741211,42.65999984741211,5563,0.0,0.0,0.0
2023-11-13 13:30:00-05:00,42.720001220703125,42.72999954223633,42.68009948730469,42.72999954223633,0,0.0,0.0,0.0
2023-11-14 09:30:00-05:00,43.20000076293945,43.20000076293945,43.18299865722656,43.189998626708984,7665,0.0,0.0,0.0
2023-11-14 10:30:00-05:00,43.18989944458008,43.189998626708984,43.130699157714844,43.130699157714844,3352,0.0,0.0,0.0
2023-11-14 14:30:00-05:00,43.13999938964844,43.13999938964844,43.13999938964844,43.13999938964844,221,0.0,0.0,0.0
2023-11-14 15:30:00-05:00,43.22930145263672,43.22930145263672,43.185001373291016,43.185001373291016,512,0.0,0.0,0.0
2023-11-15 09:30:00-05:00,43.06999969482422,43.06999969482422,43.03499984741211,43.03499984741211,0,0.0,0.0,0.0
2023-11-15 12:30:00-05:00,43.02000045776367,43.02000045776367,43.02000045776367,43.02000045776367,181,0.0,0.0,0.0
2023-11-15 15:30:00-05:00,43.029998779296875,43.029998779296875,43.0099983215332,43.0099983215332,393,0.0,0.0,0.0
2023-11-16 09:30:00-05:00,43.09000015258789,43.09000015258789,43.09000015258789,43.09000015258789,1135,0.0,0.0,0.0
2023-11-16 10:30:00-05:00,43.185001373291016,43.185001373291016,43.185001373291016,43.185001373291016,249,0.0,0.0,0.0
2023-11-16 15:30:00-05:00,43.130001068115234,43.150001525878906,43.130001068115234,43.150001525878906,0,0.0,0.0,0.0
2023-11-17 14:30:00-05:00,43.222999572753906,43.222999572753906,43.222999572753906,43.222999572753906,500,0.0,0.0,0.0
2023-11-17 15:30:00-05:00,43.209999084472656,43.209999084472656,43.209999084472656,43.209999084472656,101,0.0,0.0,0.0
2023-11-20 14:30:00-05:00,43.270999908447266,43.30500030517578,43.270999908447266,43.30500030517578,0,0.0,0.0,0.0
2023-11-21 14:30:00-05:00,43.119998931884766,43.14849853515625,43.119998931884766,43.14849853515625,2599,0.0,0.0,0.0
2023-11-21 15:30:00-05:00,43.119998931884766,43.144798278808594,43.119998931884766,43.144798278808594,0,0.0,0.0,0.0
2023-11-22 12:30:00-05:00,43.18109893798828,43.18109893798828,43.18109893798828,43.18109893798828,100,0.0,0.0,0.0
2023-11-22 13:30:00-05:00,43.15999984741211,43.15999984741211,43.15999984741211,43.15999984741211,100,0.0,0.0,0.0
2023-11-22 14:30:00-05:00,43.16999816894531,43.189998626708984,43.16999816894531,43.189998626708984,185,0.0,0.0,0.0
2023-11-27 13:30:00-05:00,43.194000244140625,43.25,43.194000244140625,43.25,0,0.0,0.0,0.0
2023-11-28 09:30:00-05:00,43.30970001220703,43.30970001220703,43.30970001220703,43.30970001220703,460,0.0,0.0,0.0
2023-11-28 13:30:00-05:00,43.36159896850586,43.36159896850586,43.36159896850586,43.36159896850586,134,0.0,0.0,0.0
2023-11-28 14:30:00-05:00,43.411399841308594,43.4286994934082,43.38010025024414,43.4286994934082,1423,0.0,0.0,0.0
2023-11-29 09:30:00-05:00,43.61000061035156,43.61000061035156,43.61000061035156,43.61000061035156,0,0.0,0.0,0.0
2023-11-29 10:30:00-05:00,43.61479949951172,43.63999938964844,43.61479949951172,43.61479949951172,3625,0.0,0.0,0.0
2023-11-29 14:30:00-05:00,43.619998931884766,43.650001525878906,43.619998931884766,43.650001525878906,533,0.0,0.0,0.0
2023-11-29 15:30:00-05:00,43.65909957885742,43.65909957885742,43.65909957885742,43.65909957885742,0,0.0,0.0,0.0
2023-11-30 10:30:00-05:00,43.56999969482422,43.56999969482422,43.56999969482422,43.56999969482422,621,0.0,0.0,0.0
2023-11-30 13:30:00-05:00,43.5099983215332,43.5099983215332,43.5099983215332,43.5099983215332,602,0.0,0.0,0.0
2023-11-30 14:30:00-05:00,43.57400131225586,43.57400131225586,43.5359992980957,43.5359992980957,0,0.0,0.0,0.0
2023-12-01 09:30:00-05:00,43.529998779296875,43.64609909057617,43.529998779296875,43.64609909057617,513,0.0,0.0,0.0
2023-12-01 11:30:00-05:00,43.720001220703125,43.720001220703125,43.720001220703125,43.720001220703125,5413,0.0,0.0,0.0
2023-12-01 13:30:00-05:00,43.84000015258789,43.84000015258789,43.84000015258789,43.84000015258789,527,0.0,0.0,0.0
2023-12-04 12:30:00-05:00,43.70000076293945,43.7400016784668,43.70000076293945,43.7400016784668,0,0.0,0.0,0.0
2023-12-05 10:30:00-05:00,43.9379997253418,43.9379997253418,43.9379997253418,43.9379997253418,0,0.0,0.0,0.0
2023-12-05 11:30:00-05:00,43.93840026855469,43.93840026855469,43.93840026855469,43.93840026855469,239,0.0,0.0,0.0
2023-12-05 14:30:00-05:00,43.90999984741211,43.94279861450195,43.90999984741211,43.94279861450195,0,0.0,0.0,0.0
2023-12-06 09:30:00-05:00,43.709999084472656,43.709999084472656,43.709999084472656,43.709999084472656,269,0.0,0.0,0.0
2023-12-06 11:30:00-05:00,44.08300018310547,44.08300018310547,44.0099983215332,44.0099983215332,1006,0.0,0.0,0.0
2023-12-07 11:30:00-05:00,44.099998474121094,44.099998474121094,44.099998474121094,44.099998474121094,1148,0.0,0.0,0.0
2023-12-07 13:30:00-05:00,44.141998291015625,44.141998291015625,44.141998291015625,44.141998291015625,660,0.0,0.0,0.0
2023-12-07 14:30:00-05:00,44.05799865722656,44.0718994140625,44.05799865722656,44.0718994140625,0,0.0,0.0,0.0
2023-12-08 09:30:00-05:00,43.849998474121094,43.869998931884766,43.849998474121094,43.869998931884766,1044,0.0,0.0,0.0
2023-12-11 09:30:00-05:00,43.85029983520508,43.891998291015625,43.85029983520508,43.891998291015625,0,0.0,0.0,0.0
2023-12-11 10:30:00-05:00,43.79999923706055,43.8650016784668,43.79999923706055,43.8650016784668,0,0.0,0.0,0.0
2023-12-12 10:30:00-05:00,43.90719985961914,43.90719985961914,43.849998474121094,43.869998931884766,2151,0.0,0.0,0.0
2023-12-12 11:30:00-05:00,43.849998474121094,43.935001373291016,43.849998474121094,43.935001373291016,0,0.0,0.0,0.0
2023-12-13 09:30:00-05:00,43.9900016784668,43.9900016784668,43.9900016784668,43.9900016784668,529,0.0,0.0,0.0
2023-12-13 13:30:00-05:00,44.119998931884766,44.119998931884766,44.119998931884766,44.119998931884766,1123,0.0,0.0,0.0
2023-12-13 14:30:00-05:00,44.35490036010742,44.439998626708984,44.35490036010742,44.439998626708984,140,0.0,0.0,0.0
2023-12-14 11:30:00-05:00,44.780799865722656,44.78839874267578,44.780799865722656,44.78839874267578,0,0.0,0.0,0.0
2023-12-15 09:30:00-05:00,44.79999923706055,44.83000183105469,44.762001037597656,44.83000183105469,3268,0.0,0.0,0.0
2023-12-15 11:30:00-05:00,44.78499984741211,44.78499984741211,44.78499984741211,44.78499984741211,600,0.0,0.0,0.0
2023-12-15 12:30:00-05:00,44.784000396728516,44.784000396728516,44.784000396728516,44.784000396728516,182,0.0,0.0,0.0
2023-12-15 13:30:00-05:00,44.70349884033203,44.720001220703125,44.70349884033203,44.720001220703125,1067,0.0,0.0,0.0
2023-12-18 12:30:00-05:00,44.700401306152344,44.700401306152344,44.700401306152344,44.700401306152344,0,0.0,0.0,0.0
2023-12-18 13:30:00-05:00,44.700801849365234,44.700801849365234,44.700801849365234,44.700801849365234,714,0.0,0.0,0.0
2023-12-18 15:30:00-05:00,44.70000076293945,44.709999084472656,44.66999816894531,44.709999084472656,0,0.0,0.0,0.0
2023-12-19 10:30:00-05:00,44.72999954223633,44.78200149536133,44.72999954223633,44.78200149536133,1327,0.0,0.0,0.0
2023-12-19 11:30:00-05:00,44.72999954223633,44.72999954223633,44.72999954223633,44.72999954223633,223,0.0,0.0,0.0
2023-12-19 14:30:00-05:00,44.709999084472656,44.790000915527344,44.709999084472656,44.75669860839844,4059,0.0,0.0,0.0
2023-12-19 15:30:00-05:00,44.77000045776367,44.77000045776367,44.74879837036133,44.74879837036133,0,0.0,0.0,0.0
2023-12-20 13:30:00-05:00,44.849998474121094,44.849998474121094,44.849998474121094,44.849998474121094,916,0.0,0.0,0.0
2023-12-20 15:30:00-05:00,44.84000015258789,44.86050033569336,44.810001373291016,44.86050033569336,1290,0.0,0.0,0.0
2023-12-21 09:30:00-05:00,44.953399658203125,44.953399658203125,44.953399658203125,44.953399658203125,0,0.0,0.0,0.0
2023-12-21 13:30:00-05:00,44.81999969482422,44.81999969482422,44.81999969482422,44.81999969482422,275,0.0,0.0,0.0
2023-12-21 14:30:00-05:00,44.89500045776367,44.89500045776367,44.89500045776367,44.89500045776367,0,0.0,0.0,0.0
2023-12-22 14:30:00-05:00,44.683998107910156,44.683998107910156,44.66999816894531,44.66999816894531,165,0.0,0.0,0.0
2023-12-26 11:30:00-05:00,44.7400016784668,44.76499938964844,44.7400016784668,44.76499938964844,0,0.0,0.0,0.0
2023-12-27 15:30:00-05:00,44.939998626708984,44.97570037841797,44.939998626708984,44.97570037841797,120,0.0,0.0,0.0
2023-12-28 09:30:00-05:00,44.91999816894531,44.91999816894531,44.9114990234375,44.9114990234375,765,0.0,0.0,0.0
2023-12-28 10:30:00-05:00,44.93000030517578,44.959999084472656,44.93000030517578,44.959999084472656,5672,0.0,0.0,0.0
2023-12-28 13:30:00-05:00,44.84700012207031,44.95000076293945,44.84700012207031,44.92959976196289,13747,0.0,0.0,0.0
2023-12-28 15:30:00-05:00,44.88999938964844,44.91019821166992,44.88999938964844,44.91019821166992,0,0.0,0.0,0.0
2023-12-29 09:30:00-05:00,44.83599853515625,44.83599853515625,44.83599853515625,44.83599853515625,931,0.0,0.0,0.0
2023-12-29 11:30:00-05:00,44.83000183105469,44.83000183105469,44.83000183105469,44.83000183105469,1708,0.0,0.0,0.0
2023-12-29 12:30:00-05:00,44.880001068115234,44.880001068115234,44.84000015258789,44.849998474121094,8909,0.0,0.0,0.0
2023-12-29 13:30:00-05:00,44.845001220703125,44.869998931884766,44.845001220703125,44.85499954223633,895,0.0,0.0,0.0
2024-01-02 09:30:00-05:00,44.72999954223633,44.72999954223633,44.72999954223633,44.72999954223633,0,0.0,0.0,0.0
2024-01-02 12:30:00-05:00,44.65999984741211,44.65999984741211,44.65999984741211,44.65999984741211,184,0.0,0.0,0.0
2024-01-02 13:30:00-05:00,44.689998626708984,44.70000076293945,44.6614990234375,44.70000076293945,2554,0.0,0.0,0.0
2024-01-02 15:30:00-05:00,44.66999816894531,44.70000076293945,44.66999816894531,44.70000076293945,0,0.0,0.0,0.0
2024-01-03 09:30:00-05:00,44.77000045776367,44.77000045776367,44.77000045776367,44.77000045776367,134,0.0,0.0,0.0
2024-01-03 11:30:00-05:00,44.505001068115234,44.505001068115234,44.505001068115234,44.505001068115234,179,0.0,0.0,0.0
2024-01-03 13:30:00-05:00,44.56100082397461,44.56100082397461,44.56100082397461,44.56100082397461,426,0.0,0.0,0.0
2024-01-03 14:30:00-05:00,44.600101470947266,44.600101470947266,44.599998474121094,44.599998474121094,605,0.0,0.0,0.0
2024-01-04 09:30:00-05:00,44.439998626708984,44.5,44.439998626708984,44.5,0,0.0,0.0,0.0
2024-01-04 10:30:00-05:00,44.47100067138672,44.47100067138672,44.47010040283203,44.47010040283203,809,0.0,0.0,0.0
2024-01-04 12:30:00-05:00,44.43000030517578,44.451900482177734,44.41999816894531,44.41999816894531,874,0.0,0.0,0.0
2024-01-04 14:30:00-05:00,44.46989822387695,44.46989822387695,44.45000076293945,44.45000076293945,554,0.0,0.0,0.0
2024-01-04 15:30:00-05:00,44.45000076293945,44.45589828491211,44.40999984741211,44.45589828491211,0,0.0,0.0,0.0
2024-01-05 13:30:00-05:00,44.380001068115234,44.380001068115234,44.380001068115234,44.380001068115234,408,0.0,0.0,0.0
2024-01-05 14:30:00-05:00,44.369998931884766,44.369998931884766,44.349998474121094,44.349998474121094,564,0.0,0.0,0.0
2024-01-05 15:30:00-05:00,44.3849983215332,44.3849983215332,44.3849983215332,44.3849983215332,149,0.0,0.0,0.0
2024-01-08 09:30:00-05:00,44.511199951171875,44.511199951171875,44.491600036621094,44.491600036621094,0,0.0,0.0,0.0
2024-01-09 10:30:00-05:00,44.470001220703125,44.47010040283203,44.470001220703125,44.47010040283203,849,0.0,0.0,0.0
2024-01-09 14:30:00-05:00,44.52000045776367,44.52000045776367,44.51499938964844,44.51499938964844,0,0.0,0.0,0.0
2024-01-10 10:30:00-05:00,44.540401458740234,44.540401458740234,44.540401458740234,44.540401458740234,200,0.0,0.0,0.0
2024-01-11 13:30:00-05:00,44.650001525878906,44.650001525878906,44.650001525878906,44.650001525878906,1263,0.0,0.0,0.0
2024-01-11 14:30:00-05:00,44.65999984741211,44.66120147705078,44.65999984741211,44.660099029541016,828,0.0,0.0,0.0
2024-01-11 15:30:00-05:00,44.7400016784668,44.7400016784668,44.70500183105469,44.70500183105469,0,0.0,0.0,0.0
2024-01-12 11:30:00-05:00,44.76100158691406,44.84000015258789,44.76100158691406,44.84000015258789,3511,0.0,0.0,0.0
2024-01-12 14:30:00-05:00,44.84000015258789,44.84000015258789,44.84000015258789,44.84000015258789,185,0.0,0.0,0.0
2024-01-16 10:30:00-05:00,44.62300109863281,44.62300109863281,44.62300109863281,44.62300109863281,0,0.0,0.0,0.0
2024-01-16 12:30:00-05:00,44.56399917602539,44.56399917602539,44.56399917602539,44.56399917602539,179,0.0,0.0,0.0
2024-01-16 15:30:00-05:00,44.56999969482422,44.56999969482422,44.54180145263672,44.54180145263672,0,0.0,0.0,0.0
2024-01-17 14:30:00-05:00,44.39759826660156,44.39759826660156,44.38529968261719,44.38529968261719,0,0.0,0.0,0.0
2024-01-18 09:30:00-05:00,44.39500045776367,44.39500045776367,44.39500045776367,44.39500045776367,342,0.0,0.0,0.0
2024-01-18 11:30:00-05:00,44.29999923706055,44.32099914550781,44.29999923706055,44.32099914550781,815,0.0,0.0,0.0
2024-01-18 12:30:00-05:00,44.33000183105469,44.35969924926758,44.29999923706055,44.33000183105469,756,0.0,0.0,0.0
2024-01-18 13:30:00-05:00,44.31999969482422,44.320098876953125,44.31999969482422,44.320098876953125,200,0.0,0.0,0.0
2024-01-18 14:30:00-05:00,44.347999572753906,44.347999572753906,44.347999572753906,44.347999572753906,1073,0.0,0.0,0.0
2024-01-18 15:30:00-05:00,44.352901458740234,44.352901458740234,44.352901458740234,44.352901458740234,0,0.0,0.0,0.0
2024-01-19 14:30:00-05:00,44.380001068115234,44.40999984741211,44.36000061035156,44.3843994140625,3970,0.0,0.0,0.0
2024-01-19 15:30:00-05:00,44.400001525878906,44.40999984741211,44.38169860839844,44.384498596191406,3390,0.0,0.0,0.0
2024-01-22 09:30:00-05:00,44.54999923706055,44.54999923706055,44.5,44.5,0,0.0,0.0,0.0
2024-01-22 10:30:00-05:00,44.529998779296875,44.529998779296875,44.529998779296875,44.529998779296875,1250,0.0,0.0,0.0
2024-01-22 11:30:00-05:00,44.5099983215332,44.5099983215332,44.48649978637695,44.48649978637695,1161,0.0,0.0,0.0
2024-01-22 12:30:00-05:00,44.48500061035156,44.52000045776367,44.48500061035156,44.52000045776367,912,0.0,0.0,0.0
2024-01-22 13:30:00-05:00,44.5099983215332,44.5099983215332,44.48080062866211,44.48080062866211,375,0.0,0.0,0.0
2024-01-22 14:30:00-05:00,44.4547004699707,44.4547004699707,44.4547004699707,44.4547004699707,0,0.0,0.0,0.0
2024-01-23 11:30:00-05:00,44.16999816894531,44.16999816894531,44.16999816894531,44.16999816894531,400,0.0,0.0,0.0
2024-01-23 12:30:00-05:00,44.231998443603516,44.231998443603516,44.231998443603516,44.231998443603516,200,0.0,0.0,0.0
2024-01-23 13:30:00-05:00,44.2400016784668,44.2400016784668,44.19219970703125,44.239498138427734,0,0.0,0.0,0.0
2024-01-24 11:30:00-05:00,44.2400016784668,44.2400016784668,44.2400016784668,44.2400016784668,263,0.0,0.0,0.0
2024-01-24 14:30:00-05:00,44.220001220703125,44.220001220703125,44.17919921875,44.17919921875,218,0.0,0.0,0.0
2024-01-25 09:30:00-05:00,43.97999954223633,44.2218017578125,43.97999954223633,44.2218017578125,406,0.0,0.0,0.0
2024-01-25 13:30:00-05:00,44.303001403808594,44.303001403808594,44.2599983215332,44.27000045776367,7748,0.0,0.0,0.0
2024-01-25 15:30:00-05:00,44.310001373291016,44.310001373291016,44.310001373291016,44.310001373291016,0,0.0,0.0,0.0
2024-01-26 09:30:00-05:00,44.619998931884766,44.619998931884766,44.282798767089844,44.282798767089844,17836,0.0,0.0,0.0
2024-01-26 11:30:00-05:00,44.29999923706055,44.30569839477539,44.29999923706055,44.30569839477539,2547,0.0,0.0,0.0
2024-01-26 13:30:00-05:00,44.290000915527344,44.33000183105469,44.290000915527344,44.310001373291016,4315,0.0,0.0,0.0
2024-01-26 14:30:00-05:00,44.290000915527344,44.290000915527344,44.27539825439453,44.27539825439453,301,0.0,0.0,0.0
2024-01-29 10:30:00-05:00,44.400001525878906,44.400001525878906,44.400001525878906,44.400001525878906,0,0.0,0.0,0.0
2024-01-29 14:30:00-05:00,44.45000076293945,44.4900016784668,44.44990158081055,44.4900016784668,18278,0.0,0.0,0.0
2024-01-29 15:30:00-05:00,44.46500015258789,44.4900016784668,44.46500015258789,44.46540069580078,0,0.0,0.0,0.0
2024-01-30 09:30:00-05:00,44.5099983215332,44.5099983215332,44.5099983215332,44.5099983215332,218,0.0,0.0,0.0
2024-01-30 12:30:00-05:00,44.47990036010742,44.4900016784668,44.47990036010742,44.47990036010742,1400,0.0,0.0,0.0
2024-01-30 13:30:00-05:00,44.44200134277344,44.44599914550781,44.44200134277344,44.44599914550781,856,0.0,0.0,0.0
2024-01-30 15:30:00-05:00,44.4900016784668,44.529998779296875,44.4900016784668,44.49639892578125,0,0.0,0.0,0.0
2024-01-31 09:30:00-05:00,44.70000076293945,44.70000076293945,44.70000076293945,44.70000076293945,132,0.0,0.0,0.0
2024-01-31 12:30:00-05:00,44.6510009765625,44.6510009765625,44.6510009765625,44.6510009765625,161,0.0,0.0,0.0
2024-01-31 13:30:00-05:00,44.65230178833008,44.65230178833008,44.65230178833008,44.65230178833008,0,0.0,0.0,0.0
2024-02-01 09:30:00-05:00,44.79560089111328,44.79560089111328,44.79560089111328,44.79560089111328,387,0.0,0.0,0.0
2024-02-01 14:30:00-05:00,44.900001525878906,44.900001525878906,44.880001068115234,44.880001068115234,5118,0.0,0.0,0.0
2024-02-01 15:30:00-05:00,44.90999984741211,44.90999984741211,44.90999984741211,44.90999984741211,0,0.0,0.0,0.0
2024-02-02 09:30:00-05:00,44.62889862060547,44.62889862060547,44.62889862060547,44.62889862060547,130,0.0,0.0,0.0
2024-02-02 12:30:00-05:00,44.4900016784668,44.4900016784668,44.4900016784668,44.4900016784668,223,0.0,0.0,0.0
2024-02-02 13:30:00-05:00,44.54999923706055,44.54999923706055,44.54999923706055,44.54999923706055,384,0.0,0.0,0.0
2024-02-02 15:30:00-05:00,44.540000915527344,44.599998474121094,44.53990173339844,44.56909942626953,2472,0.0,0.0,0.0
2024-02-05 09:30:00-05:00,44.36669921875,44.36669921875,44.36669921875,44.36669921875,0,0.0,0.0,0.0
2024-02-05 10:30:00-05:00,44.24639892578125,44.24639892578125,44.24639892578125,44.24639892578125,338,0.0,0.0,0.0
2024-02-05 12:30:00-05:00,44.277000427246094,44.2869987487793,44.277000427246094,44.2869987487793,1583,0.0,0.0,0.0
2024-02-05 13:30:00-05:00,44.29999923706055,44.31999969482422,44.29999923706055,44.310001373291016,2704,0.0,0.0,0.0
2024-02-05 14:30:00-05:00,44.29899978637695,44.29899978637695,44.275001525878906,44.275001525878906,1100,0.0,0.0,0.0
2024-02-05 15:30:00-05:00,44.310001373291016,44.31999969482422,44.287498474121094,44.287498474121094,0,0.0,0.0,0.0
2024-02-06 09:30:00-05:00,44.40800094604492,44.40800094604492,44.40800094604492,44.40800094604492,105,0.0,0.0,0.0
2024-02-06 10:30:00-05:00,44.34000015258789,44.400001525878906,44.34000015258789,44.400001525878906,1500,0.0,0.0,0.0
2024-02-06 11:30:00-05:00,44.37009811401367,44.37009811401367,44.37009811401367,44.37009811401367,274,0.0,0.0,0.0
2024-02-06 12:30:00-05:00,44.417999267578125,44.47999954223633,44.417999267578125,44.41859817504883,4525,0.0,0.0,0.0
2024-02-06 13:30:00-05:00,44.439998626708984,44.439998626708984,44.439998626708984,44.439998626708984,8522,0.0,0.0,0.0
2024-02-06 14:30:00-05:00,44.398399353027344,44.41680145263672,44.398399353027344,44.41680145263672,1424,0.0,0.0,0.0
2024-02-06 15:30:00-05:00,44.417999267578125,44.45000076293945,44.417999267578125,44.45000076293945,0,0.0,0.0,0.0
2024-02-07 14:30:00-05:00,44.43000030517578,44.43000030517578,44.43000030517578,44.43000030517578,590,0.0,0.0,0.0
2024-02-07 15:30:00-05:00,44.405601501464844,44.459999084472656,44.405601501464844,44.4208984375,1885,0.0,0.0,0.0
2024-02-08 09:30:00-05:00,44.33599853515625,44.380001068115234,44.31840133666992,44.380001068115234,0,0.0,0.0,0.0
2024-02-08 10:30:00-05:00,44.30590057373047,44.30590057373047,44.30590057373047,44.30590057373047,123,0.0,0.0,0.0
2024-02-08 13:30:00-05:00,44.32500076293945,44.35929870605469,44.32500076293945,44.33000183105469,6071,0.0,0.0,0.0
2024-02-08 15:30:00-05:00,44.31610107421875,44.34489822387695,44.31610107421875,44.34489822387695,0,0.0,0.0,0.0
2024-02-09 10:30:00-05:00,44.29999923706055,44.29999923706055,44.2599983215332,44.275001525878906,825,0.0,0.0,0.0
2024-02-09 11:30:00-05:00,44.30939865112305,44.31999969482422,44.30939865112305,44.31999969482422,13375,0.0,0.0,0.0
2024-02-09 13:30:00-05:00,44.349998474121094,44.35499954223633,44.32440185546875,44.35499954223633,787,0.0,0.0,0.0
2024-02-12 09:30:00-05:00,44.346099853515625,44.380001068115234,44.310001373291016,44.320098876953125,0,0.0,0.0,0.0
2024-02-12 11:30:00-05:00,44.30500030517578,44.349998474121094,44.277000427246094,44.34000015258789,3436,0.0,0.0,0.0
2024-02-12 14:30:00-05:00,44.34000015258789,44.349998474121094,44.331600189208984,44.331600189208984,0,0.0,0.0,0.0
2024-02-13 12:30:00-05:00,44.05160140991211,44.05160140991211,44.05160140991211,44.05160140991211,434,0.0,0.0,0.0
2024-02-13 13:30:00-05:00,44.06999969482422,44.06999969482422,44.040000915527344,44.040000915527344,1401,0.0,0.0,0.0
2024-02-13 14:30:00-05:00,43.97679901123047,43.97679901123047,43.97679901123047,43.97679901123047,158,0.0,0.0,0.0
2024-02-13 15:30:00-05:00,43.994998931884766,43.994998931884766,43.994998931884766,43.994998931884766,0,0.0,0.0,0.0
2024-02-14 11:30:00-05:00,44.064701080322266,44.064701080322266,44.064701080322266,44.064701080322266,142,0.0,0.0,0.0
2024-02-14 12:30:00-05:00,44.119998931884766,44.150001525878906,44.11989974975586,44.150001525878906,1307,0.0,0.0,0.0
2024-02-14 13:30:00-05:00,44.08599853515625,44.08599853515625,44.08599853515625,44.08599853515625,260,0.0,0.0,0.0
2024-02-14 14:30:00-05:00,44.05799865722656,44.05799865722656,44.055999755859375,44.055999755859375,2147,0.0,0.0,0.0
2024-02-14 15:30:00-05:00,44.11000061035156,44.11000061035156,44.10499954223633,44.10499954223633,389,0.0,0.0,0.0
2024-02-15 10:30:00-05:00,44.18000030517578,44.18600082397461,44.150001525878906,44.18600082397461,846,0.0,0.0,0.0
2024-02-15 15:30:00-05:00,44.25,44.25,44.209999084472656,44.209999084472656,0,0.0,0.0,0.0
2024-02-16 10:30:00-05:00,44.119998931884766,44.119998931884766,44.119998931884766,44.119998931884766,390,0.0,0.0,0.0
2024-02-16 11:30:00-05:00,44.13999938964844,44.13999938964844,44.08489990234375,44.095001220703125,1800,0.0,0.0,0.0
2024-02-16 12:30:00-05:00,44.130001068115234,44.14500045776367,44.080101013183594,44.14500045776367,724,0.0,0.0,0.0
2024-02-20 11:30:00-05:00,44.20130157470703,44.22999954223633,44.18470001220703,44.22990036010742,1846,0.0,0.0,0.0
2024-02-20 13:30:00-05:00,44.220001220703125,44.220001220703125,44.15449905395508,44.15449905395508,0,0.0,0.0,0.0
2024-02-21 15:30:00-05:00,43.88999938964844,43.95000076293945,43.88999938964844,43.929298400878906,215,0.0,0.0,0.0
2024-02-22 09:30:00-05:00,43.935001373291016,43.935001373291016,43.935001373291016,43.935001373291016,3,0.0,0.0,0.0
2024-02-22 11:30:00-05:00,43.90959930419922,43.939998626708984,43.90959930419922,43.939998626708984,0,0.0,0.0,0.0
2024-02-26 12:30:00-05:00,44.040000915527344,44.040000915527344,44.028099060058594,44.028099060058594,0,0.0,0.0,0.0
2024-02-27 09:30:00-05:00,44.02000045776367,44.05799865722656,44.02000045776367,44.05799865722656,448,0.0,0.0,0.0
2024-02-27 10:30:00-05:00,44.060001373291016,44.08000183105469,44.060001373291016,44.08000183105469,815,0.0,0.0,0.0
2024-02-27 11:30:00-05:00,44.05500030517578,44.05500030517578,44.05500030517578,44.05500030517578,455,0.0,0.0,0.0
2024-02-27 15:30:00-05:00,43.970001220703125,43.97999954223633,43.970001220703125,43.97999954223633,258,0.0,0.0,0.0
2024-02-28 13:30:00-05:00,44.00600051879883,44.00600051879883,44.00600051879883,44.00600051879883,375,0.0,0.0,0.0
2024-02-28 14:30:00-05:00,44.06489944458008,44.06489944458008,44.05500030517578,44.06489944458008,0,0.0,0.0,0.0
2024-02-29 09:30:00-05:00,43.779998779296875,43.779998779296875,43.779998779296875,43.779998779296875,131,0.0,0.0,0.0
2024-02-29 12:30:00-05:00,44.15999984741211,44.15999984741211,44.1599006652832,44.1599006652832,1344,0.0,0.0,0.0
2024-02-29 13:30:00-05:00,44.119998931884766,44.13029861450195,44.119998931884766,44.12009811401367,653,0.0,0.0,0.0
2024-03-01 09:30:00-05:00,44.0099983215332,44.119998931884766,44.0099983215332,44.119998931884766,0,0.0,0.0,0.0
2024-03-01 10:30:00-05:00,44.20199966430664,44.20199966430664,44.20199966430664,44.20199966430664,150,0.0,0.0,0.0
2024-03-01 11:30:00-05:00,44.10499954223633,44.130001068115234,44.10499954223633,44.10499954223633,475,0.0,0.0,0.0
2024-03-01 14:30:00-05:00,44.220001220703125,44.220001220703125,44.220001220703125,44.220001220703125,565,0.0,0.0,0.0
2024-03-01 15:30:00-05:00,44.209999084472656,44.279998779296875,44.209999084472656,44.279998779296875,383,0.0,0.0,0.0
2024-03-04 09:30:00-05:00,44.040000915527344,44.040000915527344,44.0,44.0,0,0.0,0.0,0.0
2024-03-04 11:30:00-05:00,44.190101623535156,44.190101623535156,44.190101623535156,44.190101623535156,2764,0.0,0.0,0.0
2024-03-04 14:30:00-05:00,44.20500183105469,44.20500183105469,44.15999984741211,44.195499420166016,0,0.0,0.0,0.0
2024-03-04 15:30:00-05:00,44.150001525878906,44.15999984741211,44.150001525878906,44.15999984741211,10,0.0,0.0,0.0
2024-03-05 10:30:00-05:00,44.310001373291016,44.310001373291016,44.290000915527344,44.290000915527344,500,0.0,0.0,0.0
2024-03-05 11:30:00-05:00,44.380001068115234,44.41830062866211,44.3650016784668,44.41830062866211,0,0.0,0.0,0.0
2024-03-07 11:30:00-05:00,44.46799850463867,44.48500061035156,44.46799850463867,44.48500061035156,0,0.0,0.0,0.0
2024-03-08 09:30:00-05:00,44.54999923706055,44.58000183105469,44.54999923706055,44.560001373291016,880,0.0,0.0,0.0
2024-03-08 10:30:00-05:00,44.535301208496094,44.535301208496094,44.535301208496094,44.535301208496094,336,0.0,0.0,0.0
2024-03-08 12:30:00-05:00,44.54499816894531,44.54499816894531,44.54499816894531,44.54499816894531,132,0.0,0.0,0.0
2024-03-08 13:30:00-05:00,44.529998779296875,44.529998779296875,44.529998779296875,44.529998779296875,121,0.0,0.0,0.0
2024-03-11 09:30:00-04:00,44.59989929199219,44.59989929199219,44.54199981689453,44.54199981689453,0,0.0,0.0,0.0
2024-03-11 10:30:00-04:00,44.549800872802734,44.54999923706055,44.519500732421875,44.519500732421875,0,0.0,0.0,0.0
2024-03-12 12:30:00-04:00,44.41429901123047,44.41429901123047,44.399600982666016,44.399600982666016,99,0.0,0.0,0.0
2024-03-13 14:30:00-04:00,44.299198150634766,44.32419967651367,44.165000915527344,44.165000915527344,18,0.0,0.0,0.0
2024-03-18 09:30:00-04:00,44.11029815673828,44.11029815673828,44.11000061035156,44.11000061035156,616,0.0,0.0,0.0
2024-03-18 12:30:00-04:00,44.060001373291016,44.06010055541992,44.060001373291016,44.06010055541992,205,0.0,0.0,0.0
2024-03-18 13:30:00-04:00,44.04010009765625,44.04010009765625,44.04010009765625,44.04010009765625,465,0.0,0.0,0.0
2024-03-19 09:30:00-04:00,44.099998474121094,44.13999938964844,44.09000015258789,44.13999938964844,3084,0.0,0.0,0.0
2024-03-19 14:30:00-04:00,44.130001068115234,44.13010025024414,44.130001068115234,44.13010025024414,998,0.0,0.0,0.0
2024-03-20 09:30:00-04:00,44.20600128173828,44.20600128173828,44.20600128173828,44.20600128173828,600,0.0,0.0,0.0
2024-03-20 10:30:00-04:00,44.189998626708984,44.189998626708984,44.18000030517578,44.18000030517578,2094,0.0,0.0,0.0
2024-03-20 11:30:00-04:00,44.189998626708984,44.189998626708984,44.189998626708984,44.189998626708984,412,0.0,0.0,0.0
2024-03-20 12:30:00-04:00,44.18009948730469,44.18009948730469,44.16999816894531,44.18000030517578,2454,0.0,0.0,0.0
2024-03-20 15:30:00-04:00,44.220001220703125,44.220001220703125,44.220001220703125,44.220001220703125,562,0.0,0.0,0.0
2024-03-21 09:30:00-04:00,44.18299865722656,44.18299865722656,44.18299865722656,44.18299865722656,531,0.0,0.0,0.0
2024-03-21 12:30:00-04:00,44.140499114990234,44.140499114990234,44.140499114990234,44.140499114990234,261,0.0,0.0,0.0
2024-03-22 09:30:00-04:00,44.220001220703125,44.220001220703125,44.220001220703125,44.220001220703125,0,0.0,0.0,0.0
2024-03-22 12:30:00-04:00,44.22999954223633,44.22999954223633,44.22999954223633,44.22999954223633,681,0.0,0.0,0.0
2024-03-22 13:30:00-04:00,44.25400161743164,44.25400161743164,44.25400161743164,44.25400161743164,295,0.0,0.0,0.0
2024-03-25 10:30:00-04:00,44.188201904296875,44.188201904296875,44.130001068115234,44.17060089111328,1408,0.0,0.0,0.0
2024-03-25 14:30:00-04:00,44.119998931884766,44.119998931884766,44.11000061035156,44.11000061035156,240,0.0,0.0,0.0
2024-03-25 15:30:00-04:00,44.12009811401367,44.15999984741211,44.12009811401367,44.15999984741211,938,0.0,0.0,0.0
2024-03-26 09:30:00-04:00,44.20000076293945,44.20000076293945,44.20000076293945,44.20000076293945,278,0.0,0.0,0.0
2024-03-27 10:30:00-04:00,44.20000076293945,44.20000076293945,44.20000076293945,44.20000076293945,318,0.0,0.0,0.0
2024-03-27 12:30:00-04:00,44.189998626708984,44.189998626708984,44.189998626708984,44.189998626708984,128,0.0,0.0,0.0
2024-03-27 14:30:00-04:00,44.16999816894531,44.19089889526367,44.16999816894531,44.19089889526367,1411,0.0,0.0,0.0
2024-03-28 10:30:00-04:00,44.22520065307617,44.22520065307617,44.22520065307617,44.22520065307617,502,0.0,0.0,0.0
2024-03-28 14:30:00-04:00,44.189998626708984,44.25,44.189998626708984,44.249900817871094,715,0.0,0.0,0.0
2024-04-01 10:30:00-04:00,44.02000045776367,44.02000045776367,44.019901275634766,44.019901275634766,0,0.0,0.0,0.0
2024-04-02 11:30:00-04:00,43.86199951171875,43.9099006652832,43.86199951171875,43.880001068115234,443,0.0,0.0,0.0
2024-04-02 13:30:00-04:00,43.874698638916016,43.874698638916016,43.874698638916016,43.874698638916016,11,0.0,0.0,0.0
2024-04-02 14:30:00-04:00,43.875099182128906,43.88460159301758,43.875099182128906,43.88460159301758,865,0.0,0.0,0.0
2024-04-03 11:30:00-04:00,43.82120132446289,43.82120132446289,43.82120132446289,43.82120132446289,254,0.0,0.0,0.0
2024-04-03 12:30:00-04:00,43.880001068115234,43.90999984741211,43.880001068115234,43.90999984741211,1140,0.0,0.0,0.0
2024-04-03 14:30:00-04:00,43.90999984741211,43.90999984741211,43.90999984741211,43.90999984741211,0,0.0,0.0,0.0
2024-04-04 10:30:00-04:00,43.970001220703125,43.970001220703125,43.970001220703125,43.970001220703125,159,0.0,0.0,0.0
2024-04-04 11:30:00-04:00,43.93000030517578,43.94990158081055,43.90999984741211,43.92900085449219,1471,0.0,0.0,0.0
2024-04-04 12:30:00-04:00,43.964698791503906,43.9900016784668,43.90999984741211,43.948001861572266,1924,0.0,0.0,0.0
2024-04-04 14:30:00-04:00,44.013999938964844,44.013999938964844,44.013999938964844,44.013999938964844,1383,0.0,0.0,0.0
2024-04-04 15:30:00-04:00,43.970001220703125,43.970001220703125,43.970001220703125,43.970001220703125,321,0.0,0.0,0.0
2024-04-05 11:30:00-04:00,43.90729904174805,43.90729904174805,43.90729904174805,43.90729904174805,400,0.0,0.0,0.0
2024-04-05 12:30:00-04:00,43.900001525878906,43.91669845581055,43.83000183105469,43.91669845581055,2233,0.0,0.0,0.0
2024-04-05 14:30:00-04:00,43.86000061035156,43.86000061035156,43.84000015258789,43.84000015258789,379,0.0,0.0,0.0
2024-04-05 15:30:00-04:00,43.779998779296875,43.779998779296875,43.779998779296875,43.779998779296875,100,0.0,0.0,0.0
2024-04-08 14:30:00-04:00,43.779998779296875,43.779998779296875,43.779998779296875,43.779998779296875,949,0.0,0.0,0.0
2024-04-09 11:30:00-04:00,43.891998291015625,43.895999908447266,43.891998291015625,43.895999908447266,3148,0.0,0.0,0.0
2024-04-09 15:30:00-04:00,43.880001068115234,43.880001068115234,43.880001068115234,43.880001068115234,0,0.0,0.0,0.0
2024-04-10 09:30:00-04:00,43.590999603271484,43.590999603271484,43.590999603271484,43.590999603271484,2507,0.0,0.0,0.0
2024-04-10 11:30:00-04:00,43.630001068115234,43.630001068115234,43.630001068115234,43.630001068115234,0,0.0,0.0,0.0
2024-04-10 13:30:00-04:00,43.470298767089844,43.887298583984375,43.40999984741211,43.40999984741211,1401,0.0,0.0,0.0
2024-04-11 09:30:00-04:00,43.483001708984375,43.483001708984375,43.483001708984375,43.483001708984375,1293,0.0,0.0,0.0
2024-04-11 14:30:00-04:00,43.440101623535156,43.5,43.440101623535156,43.5,2329,0.0,0.0,0.0
2024-04-12 13:30:00-04:00,43.4900016784668,43.4900016784668,43.4900016784668,43.4900016784668,377,0.0,0.0,0.0
2024-04-15 13:30:00-04:00,43.2859992980957,43.2859992980957,43.2859992980957,43.2859992980957,452,0.0,0.0,0.0
2024-04-15 14:30:00-04:00,43.209999084472656,43.220001220703125,43.20000076293945,43.220001220703125,1282,0.0,0.0,0.0
2024-04-16 14:30:00-04:00,43.101200103759766,43.101200103759766,43.101200103759766,43.101200103759766,1743,0.0,0.0,0.0
2024-04-16 15:30:00-04:00,43.13999938964844,43.150001525878906,43.13999938964844,43.150001525878906,2235,0.0,0.0,0.0
2024-04-17 09:30:00-04:00,43.290000915527344,43.290000915527344,43.290000915527344,43.290000915527344,1545,0.0,0.0,0.0
2024-04-17 13:30:00-04:00,43.290000915527344,43.290000915527344,43.290000915527344,43.290000915527344,538,0.0,0.0,0.0
2024-04-17 14:30:00-04:00,43.33000183105469,43.33000183105469,43.279998779296875,43.279998779296875,1101,0.0,0.0,0.0
2024-04-18 11:30:00-04:00,43.2400016784668,43.25,43.2400016784668,43.25,757,0.0,0.0,0.0
2024-04-18 13:30:00-04:00,43.16699981689453,43.22999954223633,43.16699981689453,43.22999954223633,1281,0.0,0.0,0.0
2024-04-18 14:30:00-04:00,43.22999954223633,43.22999954223633,43.22999954223633,43.22999954223633,308,0.0,0.0,0.0
2024-04-19 11:30:00-04:00,43.248199462890625,43.248199462890625,43.248199462890625,43.248199462890625,249,0.0,0.0,0.0
2024-04-19 14:30:00-04:00,43.25,43.25,43.25,43.25,185,0.0,0.0,0.0
2024-04-19 15:30:00-04:00,43.25600051879883,43.25600051879883,43.25600051879883,43.25600051879883,187,0.0,0.0,0.0
2024-04-22 12:30:00-04:00,43.295501708984375,43.295501708984375,43.295501708984375,43.295501708984375,452,0.0,0.0,0.0
2024-04-22 14:30:00-04:00,43.31999969482422,43.31999969482422,43.31990051269531,43.31990051269531,372,0.0,0.0,0.0
2024-04-22 15:30:00-04:00,43.27000045776367,43.27000045776367,43.27000045776367,43.27000045776367,365,0.0,0.0,0.0
2024-04-23 10:30:00-04:00,43.24359893798828,43.24359893798828,43.24359893798828,43.24359893798828,0,0.0,0.0,0.0
2024-04-23 12:30:00-04:00,43.25199890136719,43.25199890136719,43.25199890136719,43.25199890136719,804,0.0,0.0,0.0
2024-04-23 14:30:00-04:00,43.22999954223633,43.22999954223633,43.20000076293945,43.20000076293945,378,0.0,0.0,0.0
2024-04-24 09:30:00-04:00,43.11199951171875,43.11199951171875,43.11199951171875,43.11199951171875,149,0.0,0.0,0.0
2024-04-24 12:30:00-04:00,43.10689926147461,43.10689926147461,43.10689926147461,43.10689926147461,0,0.0,0.0,0.0
2024-04-25 10:30:00-04:00,43.0099983215332,43.0099983215332,42.95009994506836,42.95009994506836,4634,0.0,0.0,0.0
2024-04-26 11:30:00-04:00,43.11000061035156,43.11000061035156,43.09000015258789,43.10499954223633,1692,0.0,0.0,0.0
2024-04-26 15:30:00-04:00,43.09000015258789,43.09000015258789,43.08000183105469,43.08000183105469,1418,0.0,0.0,0.0
2024-04-29 10:30:00-04:00,43.18000030517578,43.18000030517578,43.18000030517578,43.18000030517578,209,0.0,0.0,0.0
2024-04-29 14:30:00-04:00,43.22999954223633,43.22999954223633,43.16999816894531,43.18000030517578,2584,0.0,0.0,0.0
2024-04-29 15:30:00-04:00,43.16999816894531,43.16999816894531,43.16999816894531,43.16999816894531,151,0.0,0.0,0.0
2024-04-30 09:30:00-04:00,43.099998474121094,43.150001525878906,43.09400177001953,43.149898529052734,799,0.0,0.0,0.0
2024-04-30 12:30:00-04:00,43.090999603271484,43.090999603271484,43.090999603271484,43.090999603271484,302,0.0,0.0,0.0
2024-05-01 09:30:00-04:00,43.09000015258789,43.10020065307617,43.09000015258789,43.10020065307617,295,0.0,0.0,0.0
2024-05-01 10:30:00-04:00,43.09400177001953,43.09400177001953,43.09400177001953,43.09400177001953,527,0.0,0.0,0.0
2024-05-01 14:30:00-04:00,43.220001220703125,43.220001220703125,43.220001220703125,43.220001220703125,284,0.0,0.0,0.0
2024-05-02 10:30:00-04:00,43.22999954223633,43.25,43.22999954223633,43.25,534,0.0,0.0,0.0
2024-05-03 13:30:00-04:00,43.61000061035156,43.61000061035156,43.609901428222656,43.609901428222656,253,0.0,0.0,0.0
2024-05-06 09:30:00-04:00,43.66999816894531,43.66999816894531,43.58000183105469,43.66999816894531,487,0.0,0.0,0.0
2024-05-06 15:30:00-04:00,43.63999938964844,43.63999938964844,43.60100173950195,43.60100173950195,1644,0.0,0.0,0.0
2024-05-07 10:30:00-04:00,43.720001220703125,43.74369812011719,43.709999084472656,43.709999084472656,846,0.0,0.0,0.0
2024-05-07 11:30:00-04:00,43.766700744628906,43.766700744628906,43.766700744628906,43.766700744628906,505,0.0,0.0,0.0
2024-05-09 11:30:00-04:00,43.63999938964844,43.63999938964844,43.63999938964844,43.63999938964844,426,0.0,0.0,0.0
2024-05-10 09:30:00-04:00,43.570098876953125,43.570098876953125,43.570098876953125,43.570098876953125,102,0.0,0.0,0.0
2024-05-10 10:30:00-04:00,43.603599548339844,43.603599548339844,43.603599548339844,43.603599548339844,520,0.0,0.0,0.0
2024-05-10 11:30:00-04:00,43.58000183105469,43.584999084472656,43.58000183105469,43.584999084472656,379,0.0,0.0,0.0
2024-05-10 12:30:00-04:00,43.56999969482422,43.56999969482422,43.56999969482422,43.56999969482422,620,0.0,0.0,0.0
2024-05-10 15:30:00-04:00,43.53010177612305,43.56800079345703,43.53010177612305,43.56800079345703,763,0.0,0.0,0.0
2024-05-13 12:30:00-04:00,43.599998474121094,43.599998474121094,43.599998474121094,43.599998474121094,784,0.0,0.0,0.0
2024-05-13 14:30:00-04:00,43.62839889526367,43.62839889526367,43.62839889526367,43.62839889526367,145,0.0,0.0,0.0
2024-05-14 13:30:00-04:00,43.68090057373047,43.68090057373047,43.68090057373047,43.68090057373047,468,0.0,0.0,0.0
2024-05-15 14:30:00-04:00,43.89500045776367,43.900001525878906,43.88999938964844,43.900001525878906,2844,0.0,0.0,0.0
2024-05-16 10:30:00-04:00,43.940101623535156,43.983001708984375,43.940101623535156,43.983001708984375,3584,0.0,0.0,0.0
2024-05-16 12:30:00-04:00,43.939998626708984,43.939998626708984,43.939998626708984,43.939998626708984,0,0.0,0.0,0.0
2024-05-16 14:30:00-04:00,43.93130111694336,43.93130111694336,43.93130111694336,43.93130111694336,70,0.0,0.0,0.0
2024-05-20 12:30:00-04:00,43.779998779296875,43.779998779296875,43.779998779296875,43.779998779296875,288,0.0,0.0,0.0
2024-05-22 09:30:00-04:00,43.66999816894531,43.66999816894531,43.66999816894531,43.66999816894531,823,0.0,0.0,0.0
2024-05-22 10:30:00-04:00,43.70970153808594,43.70970153808594,43.70970153808594,43.70970153808594,0,0.0,0.0,0.0
2024-05-22 11:30:00-04:00,43.689998626708984,43.689998626708984,43.67919921875,43.67919921875,586,0.0,0.0,0.0
2024-05-22 12:30:00-04:00,43.68470001220703,43.68470001220703,43.68470001220703,43.68470001220703,1019,0.0,0.0,0.0
2024-05-22 14:30:00-04:00,43.654998779296875,43.654998779296875,43.654998779296875,43.654998779296875,122,0.0,0.0,0.0
2024-05-22 15:30:00-04:00,43.698001861572266,43.698001861572266,43.698001861572266,43.698001861572266,197,0.0,0.0,0.0
2024-05-23 09:30:00-04:00,43.566001892089844,43.58000183105469,43.566001892089844,43.58000183105469,694,0.0,0.0,0.0
2024-05-23 10:30:00-04:00,43.5,43.505001068115234,43.5,43.505001068115234,849,0.0,0.0,0.0
2024-05-23 13:30:00-04:00,43.554500579833984,43.554500579833984,43.554500579833984,43.554500579833984,417,0.0,0.0,0.0
2024-05-24 14:30:00-04:00,43.584999084472656,43.584999084472656,43.584999084472656,43.584999084472656,170,0.0,0.0,0.0
2024-05-28 09:30:00-04:00,43.58000183105469,43.58000183105469,43.58000183105469,43.58000183105469,150,0.0,0.0,0.0
2024-05-28 11:30:00-04:00,43.56999969482422,43.56999969482422,43.56999969482422,43.56999969482422,1129,0.0,0.0,0.0
2024-05-28 14:30:00-04:00,43.400001525878906,43.400001525878906,43.38999938964844,43.38999938964844,980,0.0,0.0,0.0
2024-05-29 09:30:00-04:00,43.290000915527344,43.290000915527344,43.290000915527344,43.290000915527344,948,0.0,0.0,0.0
2024-05-29 12:30:00-04:00,43.29999923706055,43.310001373291016,43.29999923706055,43.30929946899414,1236,0.0,0.0,0.0
2024-05-29 13:30:00-04:00,43.250999450683594,43.250999450683594,43.250999450683594,43.250999450683594,0,0.0,0.0,0.0
2024-05-29 14:30:00-04:00,43.27000045776367,43.28200149536133,43.25,43.25,640,0.0,0.0,0.0
2024-05-29 15:30:00-04:00,43.29999923706055,43.29999923706055,43.27000045776367,43.27000045776367,1690,0.0,0.0,0.0
2024-05-30 09:30:00-04:00,43.36600112915039,43.36600112915039,43.36600112915039,43.36600112915039,201,0.0,0.0,0.0
2024-05-30 10:30:00-04:00,43.41999816894531,43.47999954223633,43.41999816894531,43.47999954223633,698,0.0,0.0,0.0
2024-05-30 11:30:00-04:00,43.4900016784668,43.4900016784668,43.4900016784668,43.4900016784668,118,0.0,0.0,0.0
2024-05-30 12:30:00-04:00,43.439998626708984,43.439998626708984,43.439998626708984,43.439998626708984,200,0.0,0.0,0.0
2024-05-30 14:30:00-04:00,43.48979949951172,43.4900016784668,43.48979949951172,43.4900016784668,357,0.0,0.0,0.0
2024-05-30 15:30:00-04:00,43.5099983215332,43.5099983215332,43.5099983215332,43.5099983215332,222,0.0,0.0,0.0
2024-05-31 09:30:00-04:00,43.630001068115234,43.630001068115234,43.62990188598633,43.62990188598633,569,0.0,0.0,0.0
2024-05-31 10:30:00-04:00,43.59000015258789,43.59000015258789,43.59000015258789,43.59000015258789,346,0.0,0.0,0.0
2024-05-31 11:30:00-04:00,43.58409881591797,43.599998474121094,43.58000183105469,43.59000015258789,1363,0.0,0.0,0.0
2024-05-31 12:30:00-04:00,43.560001373291016,43.59000015258789,43.540000915527344,43.59000015258789,1393,0.0,0.0,0.0
2024-05-31 13:30:00-04:00,43.56999969482422,43.61000061035156,43.56999969482422,43.61000061035156,836,0.0,0.0,0.0
2024-05-31 14:30:00-04:00,43.61000061035156,43.619998931884766,43.599998474121094,43.61000061035156,1213,0.0,0.0,0.0
2024-05-31 15:30:00-04:00,43.584999084472656,43.66999816894531,43.584999084472656,43.66999816894531,3496,0.0,0.0,0.0
2024-06-03 09:30:00-04:00,43.70399856567383,43.70399856567383,43.70399856567383,43.70399856567383,449,0.0,0.0,0.0
2024-06-03 11:30:00-04:00,43.7400016784668,43.7400016784668,43.72999954223633,43.72999954223633,1295,0.0,0.0,0.0
2024-06-04 11:30:00-04:00,43.90999984741211,43.95000076293945,43.891700744628906,43.91659927368164,6647,0.0,0.0,0.0
2024-06-04 12:30:00-04:00,43.93000030517578,43.970001220703125,43.92539978027344,43.93659973144531,6535,0.0,0.0,0.0
2024-06-04 13:30:00-04:00,43.96500015258789,43.97999954223633,43.95000076293945,43.95000076293945,1252,0.0,0.0,0.0
2024-06-04 14:30:00-04:00,43.95000076293945,43.97999954223633,43.92900085449219,43.95000076293945,10024,0.0,0.0,0.0
2024-06-04 15:30:00-04:00,43.95000076293945,44.0,43.95000076293945,44.0,3919,0.0,0.0,0.0
2024-06-05 12:30:00-04:00,44.002201080322266,44.002201080322266,44.002201080322266,44.002201080322266,974,0.0,0.0,0.0
2024-06-05 13:30:00-04:00,43.96799850463867,43.96799850463867,43.875,43.875,1778,0.0,0.0,0.0
2024-06-05 14:30:00-04:00,44.0099983215332,44.0099983215332,43.959999084472656,44.0099983215332,5877,0.0,0.0,0.0
2024-06-05 15:30:00-04:00,43.96500015258789,43.96500015258789,43.96500015258789,43.96500015258789,486,0.0,0.0,0.0
2024-06-06 11:30:00-04:00,44.03219985961914,44.03219985961914,44.03219985961914,44.03219985961914,577,0.0,0.0,0.0
2024-06-07 12:30:00-04:00,43.72999954223633,43.72999954223633,43.72999954223633,43.72999954223633,240,0.0,0.0,0.0
2024-06-07 14:30:00-04:00,43.70800018310547,43.70800018310547,43.70800018310547,43.70800018310547,311,0.0,0.0,0.0
2024-06-10 12:30:00-04:00,43.69499969482422,43.69499969482422,43.69499969482422,43.69499969482422,1615,0.0,0.0,0.0
2024-06-10 13:30:00-04:00,43.689998626708984,43.689998626708984,43.689998626708984,43.689998626708984,123,0.0,0.0,0.0
2024-06-11 09:30:00-04:00,43.66999816894531,43.66999816894531,43.66999816894531,43.66999816894531,148,0.0,0.0,0.0
2024-06-11 10:30:00-04:00,43.694000244140625,43.694000244140625,43.694000244140625,43.694000244140625,332,0.0,0.0,0.0
2024-06-11 12:30:00-04:00,43.68600082397461,43.68600082397461,43.68600082397461,43.68600082397461,200,0.0,0.0,0.0
2024-06-11 14:30:00-04:00,43.784000396728516,43.784000396728516,43.784000396728516,43.784000396728516,288,0.0,0.0,0.0
2024-06-12 10:30:00-04:00,44.11009979248047,44.11009979248047,44.11009979248047,44.11009979248047,300,0.0,0.0,0.0
2024-06-12 12:30:00-04:00,44.125999450683594,44.125999450683594,44.125999450683594,44.125999450683594,166,0.0,0.0,0.0
2024-06-12 13:30:00-04:00,44.06999969482422,44.08399963378906,44.06999969482422,44.08399963378906,301,0.0,0.0,0.0
2024-06-13 14:30:00-04:00,44.099998474121094,44.119998931884766,44.06999969482422,44.119998931884766,1417,0.0,0.0,0.0
2024-06-14 13:30:00-04:00,44.148799896240234,44.148799896240234,44.148799896240234,44.148799896240234,1206,0.0,0.0,0.0
2024-06-14 14:30:00-04:00,44.11800003051758,44.11800003051758,44.099998474121094,44.099998474121094,0,0.0,0.0,0.0
2024-06-17 09:30:00-04:00,44.06999969482422,44.06999969482422,44.06999969482422,44.06999969482422,159,0.0,0.0,0.0
2024-06-17 14:30:00-04:00,44.060001373291016,44.060001373291016,44.060001373291016,44.060001373291016,217,0.0,0.0,0.0
2024-06-18 09:30:00-04:00,44.15999984741211,44.15999984741211,44.15999984741211,44.15999984741211,103,0.0,0.0,0.0
2024-06-18 10:30:00-04:00,44.11000061035156,44.11000061035156,44.11000061035156,44.11000061035156,333,0.0,0.0,0.0
2024-06-18 11:30:00-04:00,44.130001068115234,44.150001525878906,44.12990188598633,44.1349983215332,1191,0.0,0.0,0.0
2024-06-18 13:30:00-04:00,44.1599006652832,44.1599006652832,44.1599006652832,44.1599006652832,10,0.0,0.0,0.0
2024-06-18 14:30:00-04:00,44.16999816894531,44.16999816894531,44.13199996948242,44.13199996948242,1452,0.0,0.0,0.0
2024-06-18 15:30:00-04:00,44.130001068115234,44.189998626708984,44.119998931884766,44.189998626708984,1284,0.0,0.0,0.0
2024-06-20 11:30:00-04:00,44.06999969482422,44.099998474121094,44.06999969482422,44.07149887084961,2467,0.0,0.0,0.0
2024-06-20 13:30:00-04:00,44.119998931884766,44.119998931884766,44.119998931884766,44.119998931884766,214,0.0,0.0,0.0
2024-06-20 14:30:00-04:00,44.06999969482422,44.06999969482422,44.06999969482422,44.06999969482422,108,0.0,0.0,0.0
2024-06-21 09:30:00-04:00,44.20000076293945,44.20000076293945,44.119998931884766,44.119998931884766,468,0.0,0.0,0.0
2024-06-21 12:30:00-04:00,44.095001220703125,44.095001220703125,44.095001220703125,44.095001220703125,847,0.0,0.0,0.0
2024-06-24 13:30:00-04:00,44.14500045776367,44.14500045776367,44.14500045776367,44.14500045776367,539,0.0,0.0,0.0
2024-06-25 11:30:00-04:00,44.15010070800781,44.15010070800781,44.15010070800781,44.15010070800781,200,0.0,0.0,0.0
2024-06-25 12:30:00-04:00,44.09700012207031,44.09700012207031,44.09700012207031,44.09700012207031,1852,0.0,0.0,0.0
2024-06-26 09:30:00-04:00,44.04999923706055,44.04999923706055,43.97999954223633,43.97999954223633,1513,0.0,0.0,0.0
2024-06-26 12:30:00-04:00,44.02450180053711,44.02450180053711,44.02450180053711,44.02450180053711,400,0.0,0.0,0.0
2024-06-26 14:30:00-04:00,43.981998443603516,44.029998779296875,43.970001220703125,44.029998779296875,30144,0.0,0.0,0.0
2024-06-27 10:30:00-04:00,43.93299865722656,43.93299865722656,43.93299865722656,43.93299865722656,2163,0.0,0.0,0.0
2024-06-28 09:30:00-04:00,43.974998474121094,43.974998474121094,43.974998474121094,43.974998474121094,484,0.0,0.0,0.0
2024-07-01 12:30:00-04:00,43.560001373291016,43.560001373291016,43.560001373291016,43.560001373291016,285,0.0,0.0,0.0
2024-07-01 14:30:00-04:00,43.59000015258789,43.59000015258789,43.59000015258789,43.59000015258789,186,0.0,0.0,0.0
2024-07-03 10:30:00-04:00,43.852500915527344,43.85609817504883,43.852500915527344,43.85609817504883,295,0.0,0.0,0.0
2024-07-05 12:30:00-04:00,44.02040100097656,44.02040100097656,44.02040100097656,44.02040100097656,334,0.0,0.0,0.0
2024-07-05 13:30:00-04:00,44.06999969482422,44.06999969482422,44.06999969482422,44.06999969482422,233,0.0,0.0,0.0
2024-07-10 09:30:00-04:00,43.84000015258789,43.84000015258789,43.84000015258789,43.84000015258789,293,0.0,0.0,0.0
2024-07-10 14:30:00-04:00,44.070098876953125,44.070098876953125,44.070098876953125,44.070098876953125,328,0.0,0.0,0.0
2024-07-11 09:30:00-04:00,44.349998474121094,44.349998474121094,44.349998474121094,44.349998474121094,1411,0.0,0.0,0.0
2024-07-11 11:30:00-04:00,44.35499954223633,44.36000061035156,44.35499954223633,44.36000061035156,1691,0.0,0.0,0.0
2024-07-11 15:30:00-04:00,44.310001373291016,44.310001373291016,44.310001373291016,44.310001373291016,1060,0.0,0.0,0.0
2024-07-12 09:30:00-04:00,44.59000015258789,44.59000015258789,44.59000015258789,44.59000015258789,1383,0.0,0.0,0.0
2024-07-12 12:30:00-04:00,44.399898529052734,44.400001525878906,44.399898529052734,44.400001525878906,3793,0.0,0.0,0.0
2024-07-12 15:30:00-04:00,44.459999084472656,44.470001220703125,44.459999084472656,44.470001220703125,859,0.0,0.0,0.0
2024-07-15 10:30:00-04:00,44.364498138427734,44.364498138427734,44.364498138427734,44.364498138427734,0,0.0,0.0,0.0
2024-07-15 12:30:00-04:00,44.34280014038086,44.34280014038086,44.34280014038086,44.34280014038086,828,0.0,0.0,0.0
2024-07-15 13:30:00-04:00,44.290000915527344,44.290000915527344,44.290000915527344,44.290000915527344,424,0.0,0.0,0.0
2024-07-15 14:30:00-04:00,44.29999923706055,44.29999923706055,44.279998779296875,44.279998779296875,757,0.0,0.0,0.0
2024-07-16 10:30:00-04:00,44.40999984741211,44.434600830078125,44.4015007019043,44.434600830078125,2124,0.0,0.0,0.0
2024-07-17 09:30:00-04:00,44.63999938964844,44.63999938964844,44.63999938964844,44.63999938964844,474,0.0,0.0,0.0
2024-07-17 10:30:00-04:00,44.459999084472656,44.459999084472656,44.459999084472656,44.459999084472656,1575,0.0,0.0,0.0
2024-07-17 12:30:00-04:00,44.5099983215332,44.5099983215332,44.459999084472656,44.5099983215332,151153,0.0,0.0,0.0
2024-07-17 15:30:00-04:00,44.52199935913086,44.52199935913086,44.45000076293945,44.45000076293945,2704,0.0,0.0,0.0
2024-07-19 09:30:00-04:00,44.63999938964844,44.63999938964844,44.63999938964844,44.63999938964844,789,0.0,0.0,0.0
2024-07-19 12:30:00-04:00,44.3390007019043,44.34000015258789,44.3390007019043,44.34000015258789,755,0.0,0.0,0.0
2024-07-19 14:30:00-04:00,44.29999923706055,44.30009841918945,44.290000915527344,44.30009841918945,2000,0.0,0.0,0.0
2024-07-19 15:30:00-04:00,44.31999969482422,44.31999969482422,44.29999923706055,44.31999969482422,617,0.0,0.0,0.0
2024-07-22 13:30:00-04:00,44.310001373291016,44.310001373291016,44.310001373291016,44.310001373291016,924,0.0,0.0,0.0
2024-07-22 14:30:00-04:00,44.29750061035156,44.29750061035156,44.29750061035156,44.29750061035156,367,0.0,0.0,0.0
2024-07-23 09:30:00-04:00,44.20500183105469,44.20500183105469,44.20500183105469,44.20500183105469,0,0.0,0.0,0.0
2024-07-23 10:30:00-04:00,44.209999084472656,44.220001220703125,44.18000030517578,44.20790100097656,6563,0.0,0.0,0.0
2024-07-23 12:30:00-04:00,44.189998626708984,44.189998626708984,44.189998626708984,44.189998626708984,443,0.0,0.0,0.0
2024-07-23 15:30:00-04:00,44.41999816894531,44.41999816894531,44.41999816894531,44.41999816894531,1350,0.0,0.0,0.0
2024-07-24 09:30:00-04:00,44.27000045776367,44.27000045776367,44.27000045776367,44.27000045776367,259,0.0,0.0,0.0
2024-07-24 10:30:00-04:00,44.212799072265625,44.239498138427734,44.212799072265625,44.239498138427734,1362,0.0,0.0,0.0
2024-07-24 11:30:00-04:00,44.220001220703125,44.220001220703125,44.220001220703125,44.220001220703125,5679,0.0,0.0,0.0
2024-07-25 10:30:00-04:00,44.229000091552734,44.229000091552734,44.189998626708984,44.189998626708984,0,0.0,0.0,0.0
2024-07-25 11:30:00-04:00,44.22200012207031,44.22200012207031,44.185001373291016,44.185001373291016,3500,0.0,0.0,0.0
2024-07-25 12:30:00-04:00,44.130001068115234,44.16320037841797,44.10100173950195,44.1349983215332,610,0.0,0.0,0.0
2024-07-25 13:30:00-04:00,44.161598205566406,44.161598205566406,44.13999938964844,44.13999938964844,2290,0.0,0.0,0.0
2024-07-29 10:30:00-04:00,44.29990005493164,44.29990005493164,44.29990005493164,44.29990005493164,2973,0.0,0.0,0.0
2024-07-30 09:30:00-04:00,44.34000015258789,44.34000015258789,44.30500030517578,44.30500030517578,757,0.0,0.0,0.0
2024-07-30 10:30:00-04:00,44.34000015258789,44.34000015258789,44.34000015258789,44.34000015258789,440,0.0,0.0,0.0
2024-07-30 15:30:00-04:00,44.369998931884766,44.369998931884766,44.369998931884766,44.369998931884766,0,0.0,0.0,0.0
2024-07-31 10:30:00-04:00,44.4900016784668,44.4900016784668,44.4900016784668,44.4900016784668,633,0.0,0.0,0.0
2024-07-31 12:30:00-04:00,44.4994010925293,44.4994010925293,44.4994010925293,44.4994010925293,600,0.0,0.0,0.0
2024-08-02 14:30:00-04:00,44.980201721191406,44.980201721191406,44.980201721191406,44.980201721191406,264,0.0,0.0,0.0
2024-08-05 09:30:00-04:00,45.0099983215332,45.0099983215332,45.0099983215332,45.0099983215332,567,0.0,0.0,0.0
2024-08-05 11:30:00-04:00,44.91400146484375,44.91400146484375,44.91400146484375,44.91400146484375,835,0.0,0.0,0.0
2024-08-05 13:30:00-04:00,44.94200134277344,44.94200134277344,44.94200134277344,44.94200134277344,126,0.0,0.0,0.0
2024-08-05 14:30:00-04:00,44.94499969482422,44.94499969482422,44.94499969482422,44.94499969482422,231,0.0,0.0,0.0
2024-08-05 15:30:00-04:00,44.959999084472656,44.959999084472656,44.959999084472656,44.959999084472656,186,0.0,0.0,0.0
2024-08-06 10:30:00-04:00,44.88999938964844,44.88999938964844,44.88999938964844,44.88999938964844,3753,0.0,0.0,0.0
2024-08-07 09:30:00-04:00,44.70000076293945,44.70000076293945,44.70000076293945,44.70000076293945,1867,0.0,0.0,0.0
2024-08-07 10:30:00-04:00,44.779998779296875,45.029998779296875,44.779998779296875,44.970001220703125,4358,0.0,0.0,0.0
2024-08-07 12:30:00-04:00,44.78499984741211,44.78499984741211,44.78499984741211,44.78499984741211,245,0.0,0.0,0.0
2024-08-07 13:30:00-04:00,44.755001068115234,44.755001068115234,44.755001068115234,44.755001068115234,1316,0.0,0.0,0.0
2024-08-07 15:30:00-04:00,44.7599983215332,44.7599983215332,44.7599983215332,44.7599983215332,0,0.0,0.0,0.0
2024-08-08 11:30:00-04:00,44.69499969482422,44.69499969482422,44.67399978637695,44.67399978637695,647,0.0,0.0,0.0
2024-08-08 12:30:00-04:00,44.6609001159668,44.6609001159668,44.6609001159668,44.6609001159668,1033,0.0,0.0,0.0
2024-08-08 15:30:00-04:00,44.689998626708984,44.689998626708984,44.660099029541016,44.660099029541016,437,0.0,0.0,0.0
2024-08-09 12:30:00-04:00,44.80500030517578,44.80500030517578,44.80500030517578,44.80500030517578,1049,0.0,0.0,0.0
2024-08-12 14:30:00-04:00,44.899898529052734,44.899898529052734,44.899898529052734,44.899898529052734,152,0.0,0.0,0.0
2024-08-12 15:30:00-04:00,44.869998931884766,44.869998931884766,44.869998931884766,44.869998931884766,127,0.0,0.0,0.0
2024-08-14 11:30:00-04:00,45.15999984741211,45.15999984741211,45.15999984741211,45.15999984741211,0,0.0,0.0,0.0
2024-08-14 14:30:00-04:00,45.15999984741211,45.18659973144531,45.15999984741211,45.18659973144531,776,0.0,0.0,0.0
2024-08-15 10:30:00-04:00,45.019798278808594,45.019798278808594,45.019798278808594,45.019798278808594,851,0.0,0.0,0.0
2024-08-16 12:30:00-04:00,45.060001373291016,45.15999984741211,45.060001373291016,45.150001525878906,16948,0.0,0.0,0.0
2024-08-16 13:30:00-04:00,45.150001525878906,45.150001525878906,45.08000183105469,45.08000183105469,3604,0.0,0.0,0.0
2024-08-16 14:30:00-04:00,45.04999923706055,45.060001373291016,45.04999923706055,45.060001373291016,412,0.0,0.0,0.0
2024-08-16 15:30:00-04:00,45.060001373291016,45.119998931884766,45.060001373291016,45.060001373291016,363,0.0,0.0,0.0
2024-08-19 11:30:00-04:00,45.040000915527344,45.13800048828125,45.040000915527344,45.13800048828125,1323,0.0,0.0,0.0
2024-08-19 12:30:00-04:00,45.18000030517578,45.18000030517578,45.154998779296875,45.16999816894531,841,0.0,0.0,0.0
2024-08-19 14:30:00-04:00,45.11399841308594,45.11399841308594,45.11399841308594,45.11399841308594,309,0.0,0.0,0.0
2024-08-20 09:30:00-04:00,45.220001220703125,45.220001220703125,45.220001220703125,45.220001220703125,636,0.0,0.0,0.0
2024-08-20 11:30:00-04:00,45.20869827270508,45.20869827270508,45.20869827270508,45.20869827270508,272,0.0,0.0,0.0
2024-08-21 10:30:00-04:00,45.1349983215332,45.1349983215332,45.1349983215332,45.1349983215332,364,0.0,0.0,0.0
2024-08-21 13:30:00-04:00,45.165000915527344,45.165000915527344,45.165000915527344,45.165000915527344,397,0.0,0.0,0.0
2024-08-22 09:30:00-04:00,45.02000045776367,45.029998779296875,45.02000045776367,45.029998779296875,1097,0.0,0.0,0.0
2024-08-22 10:30:00-04:00,45.040000915527344,45.040000915527344,45.040000915527344,45.040000915527344,674,0.0,0.0,0.0
2024-08-22 12:30:00-04:00,44.96500015258789,44.96500015258789,44.96500015258789,44.96500015258789,300,0.0,0.0,0.0
2024-08-22 15:30:00-04:00,44.96099853515625,44.96099853515625,44.96099853515625,44.96099853515625,167,0.0,0.0,0.0
2024-08-23 09:30:00-04:00,45.064998626708984,45.064998626708984,45.064998626708984,45.064998626708984,590,0.0,0.0,0.0
2024-08-26 14:30:00-04:00,45.16999816894531,45.16999816894531,45.16999816894531,45.16999816894531,537,0.0,0.0,0.0
2024-08-27 11:30:00-04:00,45.13890075683594,45.13890075683594,45.13890075683594,45.13890075683594,278,0.0,0.0,0.0
2024-08-27 15:30:00-04:00,45.220001220703125,45.220001220703125,45.21989822387695,45.21989822387695,719,0.0,0.0,0.0
2024-08-29 10:30:00-04:00,45.07400131225586,45.07400131225586,45.07400131225586,45.07400131225586,418,0.0,0.0,0.0
2024-08-29 11:30:00-04:00,45.130001068115234,45.130001068115234,45.130001068115234,45.130001068115234,133,0.0,0.0,0.0
2024-08-29 12:30:00-04:00,45.150001525878906,45.150001525878906,45.150001525878906,45.150001525878906,272,0.0,0.0,0.0
2024-08-30 09:30:00-04:00,45.41999816894531,45.41999816894531,45.1349983215332,45.1349983215332,621,0.0,0.0,0.0
2024-08-30 11:30:00-04:00,45.11000061035156,45.11000061035156,45.11000061035156,45.11000061035156,589,0.0,0.0,0.0
2024-08-30 14:30:00-04:00,45.05500030517578,45.099998474121094,45.05500030517578,45.06999969482422,2402,0.0,0.0,0.0
2024-09-03 10:30:00-04:00,45.13399887084961,45.13399887084961,45.13399887084961,45.13399887084961,258,0.0,0.0,0.0
2024-09-03 11:30:00-04:00,45.1150016784668,45.1150016784668,45.1150016784668,45.1150016784668,0,0.0,0.0,0.0
2024-09-03 14:30:00-04:00,45.13999938964844,45.18000030517578,45.13999938964844,45.18000030517578,1657,0.0,0.0,0.0
2024-09-04 09:30:00-04:00,45.220001220703125,45.26499938964844,45.220001220703125,45.255001068115234,1449,0.0,0.0,0.0
2024-09-04 10:30:00-04:00,45.22819900512695,45.22819900512695,45.22819900512695,45.22819900512695,155,0.0,0.0,0.0
2024-09-04 13:30:00-04:00,45.310001373291016,45.310001373291016,45.309898376464844,45.309898376464844,325,0.0,0.0,0.0
2024-09-04 15:30:00-04:00,45.31999969482422,45.31999969482422,45.31999969482422,45.31999969482422,245,0.0,0.0,0.0
2024-09-05 10:30:00-04:00,45.369998931884766,45.38999938964844,45.369998931884766,45.38999938964844,0,0.0,0.0,0.0
2024-09-05 15:30:00-04:00,45.48899841308594,45.48899841308594,45.48899841308594,45.48899841308594,200,0.0,0.0,0.0
2024-09-06 10:30:00-04:00,45.59859848022461,45.59859848022461,45.59859848022461,45.59859848022461,123,0.0,0.0,0.0
2024-09-06 11:30:00-04:00,45.54999923706055,45.54999923706055,45.54999923706055,45.54999923706055,407,0.0,0.0,0.0
2024-09-06 13:30:00-04:00,45.519100189208984,45.519100189208984,45.519100189208984,45.519100189208984,1897,0.0,0.0,0.0
2024-09-09 09:30:00-04:00,45.47999954223633,45.47999954223633,45.47999954223633,45.47999954223633,608,0.0,0.0,0.0
2024-09-09 12:30:00-04:00,45.518001556396484,45.518001556396484,45.518001556396484,45.518001556396484,684,0.0,0.0,0.0
2024-09-09 14:30:00-04:00,45.5099983215332,45.5099983215332,45.5099983215332,45.5099983215332,630,0.0,0.0,0.0
2024-09-10 09:30:00-04:00,45.459999084472656,45.650001525878906,45.459999084472656,45.650001525878906,2165,0.0,0.0,0.0
2024-09-10 10:30:00-04:00,45.61000061035156,45.61000061035156,45.61000061035156,45.61000061035156,693,0.0,0.0,0.0
2024-09-10 12:30:00-04:00,45.6150016784668,45.6150016784668,45.61000061035156,45.61000061035156,647,0.0,0.0,0.0
2024-09-10 14:30:00-04:00,45.654998779296875,45.654998779296875,45.654998779296875,45.654998779296875,0,0.0,0.0,0.0
2024-09-11 12:30:00-04:00,45.59000015258789,45.59000015258789,45.59000015258789,45.59000015258789,826,0.0,0.0,0.0
2024-09-11 14:30:00-04:00,45.61000061035156,45.61000061035156,45.599998474121094,45.599998474121094,1827,0.0,0.0,0.0
2024-09-11 15:30:00-04:00,45.599998474121094,45.599998474121094,45.599998474121094,45.599998474121094,200,0.0,0.0,0.0
2024-09-12 10:30:00-04:00,45.595001220703125,45.595001220703125,45.595001220703125,45.595001220703125,1236,0.0,0.0,0.0
2024-09-12 11:30:00-04:00,45.630001068115234,45.630001068115234,45.630001068115234,45.630001068115234,140,0.0,0.0,0.0
2024-09-12 12:30:00-04:00,45.61000061035156,45.61000061035156,45.61000061035156,45.61000061035156,219,0.0,0.0,0.0
2024-09-12 13:30:00-04:00,45.630001068115234,45.630001068115234,45.630001068115234,45.630001068115234,0,0.0,0.0,0.0
2024-09-12 14:30:00-04:00,45.625,45.65999984741211,45.560001373291016,45.58000183105469,21625,0.0,0.0,0.0
2024-09-12 15:30:00-04:00,45.58000183105469,45.630001068115234,45.560001373291016,45.560001373291016,942,0.0,0.0,0.0
2024-09-13 10:30:00-04:00,45.685001373291016,45.685001373291016,45.64699935913086,45.64699935913086,2174,0.0,0.0,0.0
2024-09-13 11:30:00-04:00,45.703800201416016,45.703800201416016,45.698001861572266,45.698001861572266,623,0.0,0.0,0.0
2024-09-16 11:30:00-04:00,45.785499572753906,45.785499572753906,45.785499572753906,45.785499572753906,0,0.0,0.0,0.0
2024-09-16 12:30:00-04:00,45.77000045776367,45.77000045776367,45.77000045776367,45.77000045776367,619,0.0,0.0,0.0
2024-09-17 09:30:00-04:00,45.7599983215332,45.7599983215332,45.7599983215332,45.7599983215332,0,0.0,0.0,0.0
2024-09-17 10:30:00-04:00,45.78200149536133,45.78200149536133,45.78200149536133,45.78200149536133,0,0.0,0.0,0.0
2024-09-17 11:30:00-04:00,45.77009963989258,45.77009963989258,45.77009963989258,45.77009963989258,0,0.0,0.0,0.0
2024-09-17 13:30:00-04:00,45.79499816894531,45.79499816894531,45.783199310302734,45.783199310302734,4807,0.0,0.0,0.0
2024-09-18 09:30:00-04:00,45.74800109863281,45.74800109863281,45.74800109863281,45.74800109863281,0,0.0,0.0,0.0
2024-09-18 10:30:00-04:00,45.70500183105469,45.959999084472656,45.70500183105469,45.779998779296875,9300,0.0,0.0,0.0
2024-09-18 13:30:00-04:00,45.79999923706055,45.8849983215332,45.790000915527344,45.8849983215332,4838,0.0,0.0,0.0
2024-09-18 14:30:00-04:00,45.86000061035156,45.86000061035156,45.755001068115234,45.755001068115234,448,0.0,0.0,0.0
2024-09-18 15:30:00-04:00,45.76499938964844,45.76499938964844,45.76499938964844,45.76499938964844,301,0.0,0.0,0.0
2024-09-19 12:30:00-04:00,45.73500061035156,45.73500061035156,45.73500061035156,45.73500061035156,536,0.0,0.0,0.0
2024-09-20 09:30:00-04:00,45.66999816894531,45.66999816894531,45.66999816894531,45.66999816894531,543,0.0,0.0,0.0
2024-09-20 10:30:00-04:00,45.690799713134766,45.690799713134766,45.690799713134766,45.690799713134766,372,0.0,0.0,0.0
2024-09-20 12:30:00-04:00,45.75910186767578,45.803001403808594,45.75910186767578,45.803001403808594,943,0.0,0.0,0.0
2024-09-23 11:30:00-04:00,45.7400016784668,45.7400016784668,45.7400016784668,45.7400016784668,260,0.0,0.0,0.0
2024-09-23 14:30:00-04:00,45.77899932861328,45.880001068115234,45.76499938964844,45.78499984741211,3048,0.0,0.0,0.0
2024-09-24 12:30:00-04:00,45.77000045776367,45.80830001831055,45.72999954223633,45.730098724365234,1899,0.0,0.0,0.0
2024-09-24 13:30:00-04:00,45.74800109863281,45.92900085449219,45.74800109863281,45.8650016784668,7777,0.0,0.0,0.0
2024-09-24 14:30:00-04:00,45.86000061035156,45.86000061035156,45.77000045776367,45.78850173950195,10188,0.0,0.0,0.0
2024-09-24 15:30:00-04:00,45.75,45.75,45.72999954223633,45.72999954223633,0,0.0,0.0,0.0
2024-09-25 11:30:00-04:00,45.660499572753906,45.67900085449219,45.660499572753906,45.67900085449219,5142,0.0,0.0,0.0
2024-09-25 12:30:00-04:00,45.66999816894531,45.66999816894531,45.66999816894531,45.66999816894531,659,0.0,0.0,0.0
2024-09-26 09:30:00-04:00,45.48500061035156,45.48500061035156,45.48500061035156,45.48500061035156,0,0.0,0.0,0.0
2024-09-26 10:30:00-04:00,45.459999084472656,45.459999084472656,45.459999084472656,45.459999084472656,243,0.0,0.0,0.0
2024-09-26 13:30:00-04:00,45.4900016784668,45.4900016784668,45.48270034790039,45.48270034790039,405,0.0,0.0,0.0
2024-09-26 14:30:00-04:00,45.529998779296875,45.63999938964844,45.529998779296875,45.63999938964844,1170,0.0,0.0,0.0
2024-09-27 13:30:00-04:00,45.58470153808594,45.58470153808594,45.58470153808594,45.58470153808594,1782,0.0,0.0,0.0
2024-09-27 14:30:00-04:00,45.567501068115234,45.567501068115234,45.567501068115234,45.567501068115234,20,0.0,0.0,0.0
2024-09-27 15:30:00-04:00,45.56399917602539,45.56399917602539,45.56399917602539,45.56399917602539,177,0.0,0.0,0.0
2024-09-30 09:30:00-04:00,45.59000015258789,45.61000061035156,45.59000015258789,45.609901428222656,666,0.0,0.0,0.0
2024-09-30 11:30:00-04:00,45.54499816894531,45.54499816894531,45.54499816894531,45.54499816894531,1277,0.0,0.0,0.0
2024-09-30 12:30:00-04:00,45.54999923706055,45.54999923706055,45.54999923706055,45.54999923706055,287,0.0,0.0,0.0
2024-09-30 13:30:00-04:00,45.47999954223633,45.50339889526367,45.46799850463867,45.46799850463867,2683,0.0,0.0,0.0
2024-09-30 15:30:00-04:00,45.46699905395508,45.46699905395508,45.46500015258789,45.46500015258789,1089,0.0,0.0,0.0
2024-10-01 09:30:00-04:00,45.54999923706055,45.54999923706055,45.54999923706055,45.54999923706055,288,0.0,0.0,0.0
2024-10-01 14:30:00-04:00,45.59000015258789,45.63990020751953,45.59000015258789,45.63990020751953,3080,0.0,0.0,0.0
2024-10-02 13:30:00-04:00,45.540000915527344,45.540000915527344,45.53850173950195,45.53850173950195,644,0.0,0.0,0.0
2024-10-02 14:30:00-04:00,45.54499816894531,45.57210159301758,45.52000045776367,45.57210159301758,921,0.0,0.0,0.0
2024-10-02 15:30:00-04:00,45.5099983215332,45.540000915527344,45.5099983215332,45.529998779296875,6664,0.0,0.0,0.0
2024-10-03 09:30:00-04:00,45.47999954223633,45.47999954223633,45.400001525878906,45.400001525878906,1850,0.0,0.0,0.0
2024-10-03 10:30:00-04:00,45.380001068115234,45.380001068115234,45.380001068115234,45.380001068115234,101,0.0,0.0,0.0
2024-10-03 11:30:00-04:00,45.38999938964844,45.400001525878906,45.38999938964844,45.393001556396484,1089,0.0,0.0,0.0
2024-10-03 12:30:00-04:00,45.400001525878906,45.400001525878906,45.400001525878906,45.400001525878906,183,0.0,0.0,0.0
2024-10-03 13:30:00-04:00,45.38999938964844,45.38999938964844,45.38999938964844,45.38999938964844,503,0.0,0.0,0.0
2024-10-03 14:30:00-04:00,45.33000183105469,45.380001068115234,45.29999923706055,45.35110092163086,5726,0.0,0.0,0.0
2024-10-03 15:30:00-04:00,45.380001068115234,45.380001068115234,45.31999969482422,45.31999969482422,875,0.0,0.0,0.0
2024-10-04 09:30:00-04:00,45.19779968261719,45.19779968261719,45.19779968261719,45.19779968261719,0,0.0,0.0,0.0
2024-10-04 13:30:00-04:00,45.099998474121094,45.099998474121094,45.06999969482422,45.06999969482422,327,0.0,0.0,0.0
2024-10-04 14:30:00-04:00,45.04999923706055,45.04999923706055,45.04999923706055,45.04999923706055,605,0.0,0.0,0.0
2024-10-04 15:30:00-04:00,45.029998779296875,45.06999969482422,45.029998779296875,45.06999969482422,1120,0.0,0.0,0.0
2024-10-07 09:30:00-04:00,45.040000915527344,45.040000915527344,45.040000915527344,45.040000915527344,0,0.0,0.0,0.0
2024-10-07 10:30:00-04:00,45.02000045776367,45.02000045776367,45.02000045776367,45.02000045776367,0,0.0,0.0,0.0
2024-10-08 12:30:00-04:00,44.944000244140625,44.944000244140625,44.944000244140625,44.944000244140625,4450,0.0,0.0,0.0
2024-10-08 14:30:00-04:00,44.875701904296875,44.875701904296875,44.86000061035156,44.86000061035156,0,0.0,0.0,0.0
2024-10-09 10:30:00-04:00,44.920101165771484,44.970001220703125,44.920101165771484,44.96950149536133,2287,0.0,0.0,0.0
2024-10-09 13:30:00-04:00,44.92499923706055,44.92499923706055,44.91999816894531,44.91999816894531,542,0.0,0.0,0.0
2024-10-09 14:30:00-04:00,44.939998626708984,44.939998626708984,44.88999938964844,44.92499923706055,6144,0.0,0.0,0.0
2024-10-10 09:30:00-04:00,44.939998626708984,44.9900016784668,44.939998626708984,44.9900016784668,706,0.0,0.0,0.0
2024-10-10 13:30:00-04:00,44.83000183105469,44.849998474121094,44.83000183105469,44.849998474121094,1808,0.0,0.0,0.0
2024-10-10 14:30:00-04:00,44.885101318359375,44.885101318359375,44.689998626708984,44.689998626708984,5608,0.0,0.0,0.0
2024-10-10 15:30:00-04:00,44.87990188598633,44.87990188598633,44.81999969482422,44.81999969482422,5114,0.0,0.0,0.0
2024-10-11 09:30:00-04:00,44.880001068115234,44.880001068115234,44.880001068115234,44.880001068115234,0,0.0,0.0,0.0
2024-10-11 10:30:00-04:00,44.880001068115234,44.93000030517578,44.8572998046875,44.93000030517578,3182,0.0,0.0,0.0
2024-10-11 11:30:00-04:00,44.93000030517578,44.93000030517578,44.93000030517578,44.93000030517578,345,0.0,0.0,0.0
2024-10-11 14:30:00-04:00,44.935001373291016,44.935001373291016,44.935001373291016,44.935001373291016,600,0.0,0.0,0.0
2024-10-11 15:30:00-04:00,44.93600082397461,44.93600082397461,44.93600082397461,44.93600082397461,100,0.0,0.0,0.0
2024-10-14 09:30:00-04:00,44.869998931884766,44.869998931884766,44.869998931884766,44.869998931884766,272,0.0,0.0,0.0
2024-10-14 13:30:00-04:00,44.86600112915039,44.86600112915039,44.86600112915039,44.86600112915039,1084,0.0,0.0,0.0
2024-10-14 14:30:00-04:00,44.86000061035156,44.94940185546875,44.86000061035156,44.94940185546875,7228,0.0,0.0,0.0
2024-10-14 15:30:00-04:00,44.887001037597656,44.95000076293945,44.887001037597656,44.95000076293945,2745,0.0,0.0,0.0
2024-10-15 09:30:00-04:00,45.060001373291016,45.060001373291016,45.0099983215332,45.010101318359375,482,0.0,0.0,0.0
2024-10-15 13:30:00-04:00,45.04999923706055,45.04999923706055,44.9900016784668,44.9900016784668,866,0.0,0.0,0.0
2024-10-15 14:30:00-04:00,45.000099182128906,45.000099182128906,45.000099182128906,45.000099182128906,221,0.0,0.0,0.0
2024-10-16 13:30:00-04:00,45.09989929199219,45.20000076293945,45.09989929199219,45.189998626708984,750,0.0,0.0,0.0
2024-10-16 14:30:00-04:00,45.084999084472656,45.084999084472656,45.084999084472656,45.084999084472656,208,0.0,0.0,0.0
2024-10-17 09:30:00-04:00,44.98040008544922,45.0099983215332,44.9380989074707,44.9380989074707,1209,0.0,0.0,0.0
2024-10-17 14:30:00-04:00,44.95000076293945,44.95000076293945,44.95000076293945,44.95000076293945,2691,0.0,0.0,0.0
2024-10-17 15:30:00-04:00,44.98899841308594,44.98899841308594,44.98899841308594,44.98899841308594,148,0.0,0.0,0.0
2024-10-18 11:30:00-04:00,44.994998931884766,45.011199951171875,44.96009826660156,44.98860168457031,950,0.0,0.0,0.0
2024-10-18 12:30:00-04:00,45.02000045776367,45.02000045776367,45.02000045776367,45.02000045776367,236,0.0,0.0,0.0
2024-10-21 09:30:00-04:00,44.8401985168457,44.8401985168457,44.83000183105469,44.83000183105469,453,0.0,0.0,0.0
2024-10-21 11:30:00-04:00,44.779300689697266,44.779300689697266,44.779300689697266,44.779300689697266,256,0.0,0.0,0.0
2024-10-21 12:30:00-04:00,44.71070098876953,44.71070098876953,44.71070098876953,44.71070098876953,166,0.0,0.0,0.0
2024-10-22 10:30:00-04:00,44.560001373291016,44.560001373291016,44.560001373291016,44.560001373291016,544,0.0,0.0,0.0
2024-10-22 11:30:00-04:00,44.560001373291016,44.560001373291016,44.560001373291016,44.560001373291016,160,0.0,0.0,0.0
2024-10-22 14:30:00-04:00,44.52000045776367,44.52000045776367,44.52000045776367,44.52000045776367,904,0.0,0.0,0.0
2024-10-22 15:30:00-04:00,44.58219909667969,44.58219909667969,44.58219909667969,44.58219909667969,176,0.0,0.0,0.0
2024-10-23 11:30:00-04:00,44.400001525878906,44.45000076293945,44.400001525878906,44.45000076293945,1101,0.0,0.0,0.0
2024-10-23 12:30:00-04:00,44.400001525878906,44.45989990234375,44.400001525878906,44.45000076293945,1130,0.0,0.0,0.0
2024-10-23 13:30:00-04:00,44.37009811401367,44.41999816894531,44.37009811401367,44.41999816894531,277,0.0,0.0,0.0
2024-10-23 14:30:00-04:00,44.380699157714844,44.380699157714844,44.380699157714844,44.380699157714844,800,0.0,0.0,0.0
2024-10-24 09:30:00-04:00,44.459999084472656,44.459999084472656,44.459999084472656,44.459999084472656,110,0.0,0.0,0.0
2024-10-24 11:30:00-04:00,44.470001220703125,44.47010040283203,44.470001220703125,44.47010040283203,402,0.0,0.0,0.0
2024-10-24 12:30:00-04:00,44.43159866333008,44.43159866333008,44.43159866333008,44.43159866333008,220,0.0,0.0,0.0
2024-10-24 13:30:00-04:00,44.57899856567383,44.579898834228516,44.57899856567383,44.579898834228516,399,0.0,0.0,0.0
2024-10-25 09:30:00-04:00,44.560001373291016,44.560001373291016,44.560001373291016,44.560001373291016,226,0.0,0.0,0.0
2024-10-28 09:30:00-04:00,44.45000076293945,44.45000076293945,44.45000076293945,44.45000076293945,112,0.0,0.0,0.0
2024-10-28 10:30:00-04:00,44.404998779296875,44.404998779296875,44.404998779296875,44.404998779296875,241,0.0,0.0,0.0
2024-10-28 13:30:00-04:00,44.29999923706055,44.31060028076172,44.29999923706055,44.31060028076172,674,0.0,0.0,0.0
2024-10-28 14:30:00-04:00,44.326698303222656,44.380001068115234,44.326698303222656,44.380001068115234,2379,0.0,0.0,0.0
2024-10-28 15:30:00-04:00,44.380001068115234,44.400001525878906,44.380001068115234,44.400001525878906,786,0.0,0.0,0.0
2024-10-29 09:30:00-04:00,44.290000915527344,44.290000915527344,44.290000915527344,44.290000915527344,115,0.0,0.0,0.0
2024-10-29 12:30:00-04:00,44.2599983215332,44.2599983215332,44.2599983215332,44.2599983215332,273,0.0,0.0,0.0
2024-10-29 13:30:00-04:00,44.275001525878906,44.349998474121094,44.275001525878906,44.349998474121094,517,0.0,0.0,0.0
2024-10-29 15:30:00-04:00,44.35499954223633,44.35499954223633,44.35499954223633,44.35499954223633,489,0.0,0.0,0.0
2024-10-30 09:30:00-04:00,44.48899841308594,44.4900016784668,44.48899841308594,44.4900016784668,1349,0.0,0.0,0.0
2024-10-30 10:30:00-04:00,44.459999084472656,44.459999084472656,44.459999084472656,44.459999084472656,150,0.0,0.0,0.0
2024-10-30 11:30:00-04:00,44.400001525878906,44.400001525878906,44.400001525878906,44.400001525878906,210,0.0,0.0,0.0
2024-10-30 12:30:00-04:00,44.44940185546875,44.44940185546875,44.38999938964844,44.38999938964844,9028,0.0,0.0,0.0
2024-10-30 13:30:00-04:00,44.369998931884766,44.369998931884766,44.36000061035156,44.36000061035156,330,0.0,0.0,0.0
2024-10-30 14:30:00-04:00,44.34000015258789,44.349998474121094,44.290000915527344,44.290000915527344,412,0.0,0.0,0.0
2024-10-30 15:30:00-04:00,44.29999923706055,44.29999923706055,44.29999923706055,44.29999923706055,226,0.0,0.0,0.0
2024-10-31 09:30:00-04:00,44.33000183105469,44.33000183105469,44.2598991394043,44.2599983215332,583,0.0,0.0,0.0
2024-10-31 10:30:00-04:00,44.224998474121094,44.2400016784668,44.224998474121094,44.2400016784668,535,0.0,0.0,0.0
2024-10-31 11:30:00-04:00,44.23899841308594,44.2400016784668,44.23899841308594,44.2400016784668,523,0.0,0.0,0.0
2024-10-31 14:30:00-04:00,44.279998779296875,44.31999969482422,44.209999084472656,44.31999969482422,1127,0.0,0.0,0.0
2024-10-31 15:30:00-04:00,44.27040100097656,44.28900146484375,44.2400016784668,44.25,5532,0.0,0.0,0.0
2024-11-01 11:30:00-04:00,44.189998626708984,44.189998626708984,44.189998626708984,44.189998626708984,300,0.0,0.0,0.0
2024-11-01 12:30:00-04:00,44.22999954223633,44.22999954223633,44.22999954223633,44.22999954223633,388,0.0,0.0,0.0
2024-11-01 14:30:00-04:00,44.15010070800781,44.15010070800781,44.15010070800781,44.15010070800781,227,0.0,0.0,0.0
2024-11-04 09:30:00-05:00,44.33000183105469,44.400001525878906,44.33000183105469,44.369998931884766,2892,0.0,0.0,0.0
2024-11-04 11:30:00-05:00,44.34090042114258,44.34090042114258,44.34090042114258,44.34090042114258,197,0.0,0.0,0.0
2024-11-04 12:30:00-05:00,44.31370162963867,44.31370162963867,44.26100158691406,44.26100158691406,655,0.0,0.0,0.0
2024-11-04 15:30:00-05:00,44.29499816894531,44.29499816894531,44.29499816894531,44.29499816894531,133,0.0,0.0,0.0
2024-11-05 09:30:00-05:00,44.2599983215332,44.2599983215332,44.2599983215332,44.2599983215332,633,0.0,0.0,0.0
2024-11-05 15:30:00-05:00,44.349998474121094,44.349998474121094,44.31999969482422,44.31999969482422,2609,0.0,0.0,0.0
2024-11-06 12:30:00-05:00,44.130001068115234,44.130001068115234,44.03010177612305,44.03010177612305,342,0.0,0.0,0.0
2024-11-06 13:30:00-05:00,44.167999267578125,44.212398529052734,44.167999267578125,44.212398529052734,506,0.0,0.0,0.0
2024-11-07 11:30:00-05:00,44.35089874267578,44.36149978637695,44.2599983215332,44.27539825439453,3197,0.0,0.0,0.0
2024-11-07 12:30:00-05:00,44.380001068115234,44.416900634765625,44.37120056152344,44.416900634765625,3702,0.0,0.0,0.0
2024-11-07 13:30:00-05:00,44.38079833984375,44.38079833984375,44.35100173950195,44.35100173950195,511,0.0,0.0,0.0
2024-11-07 14:30:00-05:00,44.34049987792969,44.452701568603516,44.34049987792969,44.44060134887695,1883,0.0,0.0,0.0
2024-11-07 15:30:00-05:00,44.452701568603516,44.452701568603516,44.439998626708984,44.439998626708984,749,0.0,0.0,0.0
2024-11-08 10:30:00-05:00,44.56999969482422,44.61000061035156,44.56999969482422,44.589900970458984,2794,0.0,0.0,0.0
2024-11-08 11:30:00-05:00,44.54999923706055,44.54999923706055,44.54990005493164,44.54990005493164,287,0.0,0.0,0.0
2024-11-08 12:30:00-05:00,44.52000045776367,44.52000045776367,44.52000045776367,44.52000045776367,471,0.0,0.0,0.0
2024-11-08 13:30:00-05:00,44.54999923706055,44.54999923706055,44.52939987182617,44.52939987182617,559,0.0,0.0,0.0
